400
1 1 1 1 1 1 1 1 1 1 1 1 1 1 1 1 1 1 1 1 1 1 1 1 1 1 1 1 1 1 1 1 1 1 1 1 1 1 1 1 1 1 1 1 1 1 1 1 1 1 1 1 1 1 1 1 1 1 1 1 1 1 1 1 1 1 1 1 1 1 1 1 1 1 1 1 1 1 1 1 1 1 1 1 1 1 1 1 1 1 1 1 1 1 1 1 1 1 1 1 1 1 1 1 1 1 1 1 1 1 1 1 1 1 1 1 1 1 1 1 1 1 1 1 1 1 1 1 1 1 1 1 1 1 1 1 1 1 1 1 1 1 1 1 1 1 1 1 1 1 1 1 1 1 1 1 1 1 1 1 1 1 1 1 1 1 1 1 1 1 1 1 1 1 1 1 1 1 1 1 1 1 1 1 1 1 1 1 1 1 1 1 1 1 1 1 1 1 1 1 1 1 1 1 1 1 1 1 1 1 1 1 1 1 1 1 1 1 1 1 1 1 1 1 1 1 1 1 1 1 1 1 1 1 1 1 1 1 1 1 1 1 1 1 1 1 1 1 1 1 1 1 1 1 1 1 1 1 1 1 1 1 1 1 1 1 1 1 1 1 1 1 1 1 1 1 1 1 1 1 1 1 1 1 1 1 1 1 1 1 1 1 1 1 1 1 1 1 1 1 1 1 1 1 1 1 1 1 1 1 1 1 1 1 1 1 1 1 1 1 1 1 1 1 1 1 1 1 1 1 1 1 1 1 1 1 1 1 1 1 1 1 1 1 1 1 1 1 1 1 1 1 1 1 1 1 1 1 1 1 1 1 1 1 1 1 1 1 1 1 1 1 1 1 1 1 1 1 1 1 1 1 1 1 1 1 1 1 1 1 1 1 1 1 1 1 1 1 1 1
x_1: [4, 5, 8, 13, 27, 28, 30, 37, 42, 46, 52, 58, 61, 68, 71, 73, 74, 76, 80, 86, 87, 89, 90, 91, 94, 95, 97, 101, 102, 106, 110, 111, 113, 117, 121, 125, 128, 131, 134, 142, 146, 147, 148, 155, 161, 167, 170, 171, 175, 178, 180, 183, 185, 189, 191, 194, 201, 209, 210, 221, 223, 228, 235, 236, 242, 246, 247, 248, 250, 251, 255, 257, 258, 264, 266, 270, 284, 287, 289, 290, 296, 303, 305, 306, 314, 316, 318, 329, 331, 332, 335, 338, 340, 344, 345, 354, 355, 361, 363, 370, 376, 377, 381, 384, 387, 392, 396, 397, 398]
x_2: [5, 7, 11, 19, 21, 23, 25, 28, 31, 36, 39, 40, 43, 49, 54, 56, 57, 59, 60, 62, 66, 68, 78, 81, 82, 87, 91, 102, 103, 105, 107, 110, 114, 121, 122, 125, 129, 136, 139, 143, 153, 165, 166, 174, 177, 180, 189, 190, 195, 196, 197, 199, 202, 204, 212, 215, 219, 222, 234, 235, 240, 262, 263, 264, 268, 269, 270, 274, 275, 278, 279, 290, 291, 292, 293, 294, 295, 296, 297, 299, 301, 315, 317, 321, 330, 335, 336, 338, 339, 345, 348, 358, 359, 365, 369, 370, 371, 373, 376, 380, 384, 386, 388, 394, 398]
x_3: [5, 6, 8, 9, 17, 23, 35, 38, 39, 43, 45, 46, 49, 54, 61, 75, 79, 80, 83, 85, 93, 96, 102, 104, 107, 108, 111, 115, 116, 118, 119, 123, 130, 135, 137, 140, 145, 146, 151, 154, 161, 162, 163, 164, 165, 175, 176, 178, 188, 195, 198, 199, 201, 213, 217, 222, 224, 226, 234, 235, 236, 240, 248, 249, 253, 254, 257, 265, 268, 269, 272, 291, 294, 297, 298, 303, 305, 306, 308, 315, 331, 341, 354, 361, 362, 365, 368, 369, 372, 374, 377, 378, 379, 381, 385, 386, 387, 389, 397, 400]
x_4: [1, 7, 11, 17, 22, 25, 28, 36, 43, 44, 48, 49, 51, 52, 54, 56, 58, 59, 61, 65, 67, 68, 70, 72, 77, 81, 82, 84, 85, 86, 88, 90, 91, 96, 99, 102, 104, 106, 107, 108, 115, 118, 123, 124, 125, 127, 129, 133, 135, 151, 157, 158, 159, 168, 170, 177, 179, 182, 183, 184, 185, 187, 188, 191, 192, 193, 194, 212, 217, 227, 233, 235, 238, 250, 254, 256, 264, 270, 275, 281, 288, 289, 292, 295, 302, 306, 311, 315, 318, 321, 322, 327, 331, 332, 337, 339, 340, 341, 344, 348, 349, 352, 356, 357, 359, 361, 368, 372, 376, 380, 386, 390, 393, 394, 397, 398, 400]
x_5: [1, 2, 3, 7, 8, 9, 11, 14, 16, 23, 25, 30, 32, 44, 48, 51, 57, 60, 62, 64, 67, 69, 71, 75, 80, 87, 90, 91, 94, 96, 104, 106, 109, 110, 116, 121, 122, 130, 131, 132, 133, 135, 139, 146, 148, 161, 163, 166, 169, 180, 181, 183, 198, 207, 208, 209, 212, 213, 221, 224, 225, 229, 230, 233, 234, 240, 251, 253, 256, 257, 269, 272, 277, 280, 285, 291, 293, 298, 299, 301, 302, 305, 308, 312, 315, 326, 330, 331, 332, 341, 343, 346, 347, 349, 350, 360, 365, 368, 370, 374, 378, 379, 388, 391, 394, 395, 397]
x_6: [3, 8, 9, 14, 19, 20, 30, 32, 35, 36, 37, 45, 48, 59, 63, 64, 65, 69, 70, 71, 75, 84, 90, 103, 109, 114, 115, 118, 119, 123, 148, 154, 159, 161, 170, 173, 175, 179, 180, 183, 186, 192, 200, 202, 205, 207, 208, 210, 211, 215, 216, 221, 226, 227, 231, 241, 244, 247, 251, 257, 259, 263, 265, 266, 267, 274, 276, 278, 279, 289, 295, 296, 299, 316, 322, 323, 326, 329, 331, 335, 346, 352, 353, 354, 357, 365, 366, 372, 374, 376, 380, 387, 393, 396, 400]
x_7: [2, 4, 5, 13, 20, 28, 35, 36, 49, 50, 52, 72, 75, 78, 85, 87, 91, 96, 100, 102, 105, 107, 108, 109, 113, 117, 119, 129, 131, 133, 140, 153, 156, 157, 163, 165, 167, 170, 171, 172, 183, 190, 196, 212, 213, 214, 217, 218, 229, 243, 247, 248, 249, 251, 253, 257, 262, 264, 270, 271, 272, 273, 274, 276, 277, 283, 284, 287, 292, 303, 304, 305, 311, 316, 320, 331, 332, 334, 336, 344, 347, 358, 364, 365, 369, 377, 378, 400]
x_8: [1, 3, 5, 6, 10, 11, 14, 18, 20, 21, 24, 25, 29, 32, 34, 39, 45, 46, 48, 56, 59, 62, 64, 69, 72, 74, 80, 87, 89, 92, 93, 95, 99, 101, 102, 104, 105, 112, 122, 126, 133, 136, 137, 141, 144, 145, 158, 162, 166, 168, 177, 178, 179, 183, 187, 192, 199, 201, 202, 204, 205, 210, 213, 214, 216, 217, 229, 230, 236, 237, 242, 247, 252, 255, 264, 266, 267, 273, 275, 279, 281, 287, 292, 298, 299, 305, 315, 325, 328, 331, 333, 336, 341, 342, 343, 344, 345, 351, 354, 355, 356, 357, 362, 365, 372, 377, 382, 392, 393, 395]
x_9: [3, 5, 6, 10, 16, 19, 22, 23, 25, 27, 30, 34, 40, 46, 47, 54, 63, 64, 69, 74, 78, 81, 82, 83, 86, 89, 90, 95, 98, 100, 101, 102, 106, 114, 115, 122, 133, 134, 139, 140, 144, 147, 149, 157, 166, 169, 171, 172, 173, 174, 175, 177, 178, 185, 187, 189, 197, 199, 215, 219, 221, 226, 228, 229, 232, 233, 236, 238, 240, 241, 244, 248, 250, 251, 253, 259, 269, 271, 273, 276, 278, 281, 287, 289, 290, 293, 299, 300, 303, 306, 307, 308, 309, 312, 316, 318, 319, 320, 327, 329, 330, 338, 341, 345, 347, 348, 352, 355, 356, 359, 365, 371, 373, 374, 377, 380, 386, 396, 400]
x_10: [8, 9, 17, 22, 24, 25, 27, 30, 35, 46, 48, 60, 61, 62, 65, 66, 75, 81, 87, 90, 102, 107, 112, 115, 117, 119, 120, 126, 128, 130, 140, 146, 148, 151, 157, 163, 167, 170, 172, 179, 185, 189, 196, 199, 200, 204, 210, 211, 219, 226, 227, 234, 237, 240, 246, 252, 253, 255, 258, 259, 260, 262, 271, 272, 280, 288, 289, 297, 308, 315, 316, 321, 325, 326, 330, 337, 344, 345, 348, 352, 353, 360, 366, 367, 368, 371, 372, 374, 377, 379, 383, 384, 388, 389, 390, 399, 400]
x_11: [2, 4, 5, 8, 12, 18, 33, 36, 38, 40, 42, 43, 46, 49, 50, 56, 61, 66, 67, 68, 71, 72, 76, 81, 86, 87, 91, 92, 93, 103, 104, 109, 115, 117, 119, 133, 152, 157, 161, 162, 164, 173, 176, 177, 178, 179, 180, 185, 194, 196, 198, 229, 230, 232, 233, 234, 235, 237, 240, 246, 247, 255, 257, 262, 263, 266, 267, 270, 271, 273, 275, 277, 284, 303, 307, 310, 311, 312, 313, 318, 327, 333, 334, 336, 339, 340, 343, 355, 360, 367, 375, 379, 383, 385, 389, 392]
x_12: [11, 14, 18, 28, 33, 35, 37, 39, 40, 41, 48, 49, 50, 56, 57, 59, 61, 62, 68, 71, 73, 74, 76, 78, 82, 86, 91, 93, 96, 106, 109, 110, 116, 119, 120, 126, 127, 131, 136, 138, 139, 140, 142, 145, 147, 152, 153, 154, 155, 156, 159, 166, 168, 169, 172, 177, 179, 180, 183, 184, 192, 198, 200, 209, 210, 212, 214, 223, 225, 226, 237, 239, 241, 243, 246, 248, 250, 252, 268, 269, 273, 274, 277, 280, 281, 285, 291, 293, 294, 295, 298, 307, 308, 309, 311, 313, 320, 322, 324, 333, 334, 340, 346, 349, 357, 359, 360, 362, 364, 369, 386, 391, 396, 398]
x_13: [1, 7, 19, 20, 30, 35, 44, 45, 58, 63, 64, 71, 79, 89, 90, 98, 103, 105, 109, 114, 119, 121, 124, 126, 129, 130, 135, 138, 139, 142, 146, 156, 163, 165, 169, 170, 172, 174, 176, 194, 196, 200, 210, 211, 218, 221, 223, 224, 230, 233, 235, 236, 237, 238, 239, 241, 246, 248, 250, 251, 254, 259, 260, 262, 268, 272, 273, 274, 275, 277, 280, 291, 294, 296, 297, 301, 305, 307, 308, 309, 311, 316, 321, 323, 324, 341, 342, 345, 349, 351, 352, 356, 357, 366, 368, 371, 375, 376, 385, 390, 395, 398]
x_14: [5, 6, 8, 12, 24, 25, 26, 28, 37, 39, 42, 44, 46, 48, 50, 54, 55, 56, 64, 66, 69, 70, 74, 77, 84, 90, 92, 93, 98, 102, 107, 108, 110, 114, 115, 117, 119, 120, 122, 123, 125, 129, 130, 138, 139, 142, 144, 145, 160, 163, 167, 168, 169, 174, 184, 189, 196, 199, 201, 205, 206, 209, 210, 215, 218, 220, 225, 226, 232, 239, 242, 245, 247, 249, 250, 256, 258, 261, 264, 268, 270, 271, 275, 282, 283, 294, 302, 304, 309, 313, 314, 317, 318, 321, 328, 329, 335, 343, 348, 354, 362, 367, 369, 371, 374, 377, 378, 379, 381, 389, 392, 394, 396, 398, 399]
x_15: [24, 27, 29, 33, 34, 38, 42, 50, 63, 64, 65, 67, 70, 74, 78, 79, 84, 86, 89, 92, 102, 113, 120, 121, 129, 135, 136, 139, 143, 147, 153, 154, 158, 160, 163, 169, 175, 178, 193, 199, 201, 208, 211, 222, 225, 226, 229, 230, 234, 236, 240, 241, 245, 255, 256, 258, 272, 273, 275, 277, 282, 285, 286, 289, 290, 291, 292, 294, 301, 303, 304, 308, 309, 311, 321, 329, 333, 339, 345, 353, 357, 365, 367, 368, 369, 373, 386, 393, 394, 399]
x_16: [5, 9, 18, 22, 29, 31, 36, 50, 52, 54, 59, 64, 68, 72, 75, 80, 100, 104, 112, 114, 123, 124, 134, 139, 144, 147, 160, 166, 169, 172, 179, 180, 184, 187, 194, 197, 208, 211, 216, 221, 223, 229, 230, 233, 238, 244, 245, 267, 268, 269, 273, 276, 280, 284, 292, 293, 297, 298, 311, 312, 317, 318, 320, 328, 330, 332, 335, 339, 346, 347, 348, 353, 358, 359, 380, 389, 391, 392, 394, 395]
x_17: [3, 4, 10, 22, 27, 29, 33, 34, 41, 46, 47, 48, 51, 61, 63, 68, 69, 71, 72, 73, 86, 89, 90, 98, 112, 113, 117, 119, 124, 129, 130, 132, 134, 140, 144, 151, 152, 157, 158, 166, 172, 190, 191, 206, 207, 209, 213, 220, 224, 228, 229, 230, 232, 236, 240, 256, 261, 263, 268, 274, 277, 283, 284, 291, 293, 303, 304, 307, 316, 322, 330, 338, 347, 359, 360, 361, 365, 367, 371, 372, 377, 381, 383, 388, 389, 391, 393, 399]
x_18: [8, 11, 12, 16, 25, 26, 29, 33, 38, 47, 50, 53, 54, 58, 64, 65, 67, 70, 74, 78, 81, 83, 84, 89, 95, 98, 102, 107, 110, 113, 115, 116, 117, 118, 122, 124, 127, 128, 133, 141, 144, 149, 151, 156, 157, 158, 160, 163, 166, 172, 176, 180, 188, 191, 197, 200, 214, 218, 223, 224, 225, 236, 237, 240, 241, 242, 253, 254, 264, 266, 270, 272, 273, 278, 279, 281, 282, 292, 293, 295, 305, 313, 314, 322, 327, 329, 330, 332, 335, 340, 344, 354, 357, 360, 362, 363, 364, 367, 374, 390, 393]
x_19: [2, 6, 9, 13, 20, 27, 28, 29, 30, 37, 39, 45, 49, 54, 59, 64, 65, 76, 86, 89, 93, 94, 97, 100, 106, 111, 112, 122, 125, 132, 139, 140, 141, 150, 160, 164, 165, 184, 186, 190, 197, 198, 200, 205, 206, 208, 220, 222, 231, 235, 238, 241, 243, 245, 253, 257, 258, 262, 267, 272, 274, 275, 276, 281, 284, 287, 291, 298, 303, 306, 308, 310, 312, 315, 317, 330, 332, 333, 342, 346, 365, 366, 367, 368, 372, 376, 378, 379, 381, 385, 389, 390, 392, 397]
x_20: [6, 7, 8, 13, 19, 23, 25, 31, 33, 34, 36, 40, 42, 45, 46, 58, 62, 63, 67, 70, 71, 74, 77, 81, 82, 84, 86, 87, 89, 102, 109, 113, 119, 120, 125, 129, 133, 138, 143, 146, 155, 158, 162, 163, 179, 189, 190, 194, 202, 203, 205, 206, 210, 212, 217, 220, 222, 226, 228, 231, 235, 236, 244, 248, 254, 259, 263, 266, 267, 273, 274, 279, 282, 285, 292, 297, 298, 301, 308, 309, 310, 318, 319, 321, 322, 323, 327, 331, 334, 347, 351, 352, 353, 358, 360, 363, 367, 379, 382, 386]
x_21: [2, 8, 23, 25, 26, 36, 38, 40, 43, 44, 46, 51, 55, 61, 62, 65, 66, 68, 69, 76, 77, 78, 81, 82, 92, 99, 104, 110, 117, 118, 119, 130, 141, 142, 143, 146, 147, 148, 149, 151, 152, 155, 163, 168, 171, 172, 173, 174, 182, 195, 207, 208, 211, 219, 220, 222, 223, 225, 226, 228, 230, 231, 232, 236, 242, 244, 247, 250, 254, 255, 261, 265, 267, 271, 273, 275, 276, 277, 279, 293, 300, 301, 304, 308, 309, 313, 322, 323, 324, 326, 330, 338, 345, 347, 349, 350, 352, 353, 354, 356, 360, 362, 365, 370, 371, 372, 374, 376, 379, 380, 392, 396, 399, 400]
x_22: [4, 9, 10, 16, 17, 24, 33, 35, 39, 42, 45, 49, 60, 70, 71, 83, 85, 86, 89, 90, 101, 110, 111, 113, 116, 123, 136, 137, 140, 144, 145, 148, 149, 153, 155, 156, 157, 161, 162, 165, 169, 172, 174, 177, 178, 181, 182, 183, 188, 194, 195, 197, 203, 204, 210, 213, 215, 217, 232, 236, 240, 244, 251, 260, 261, 266, 271, 274, 275, 276, 277, 278, 281, 284, 290, 303, 304, 315, 316, 318, 320, 321, 324, 325, 327, 329, 330, 340, 341, 344, 346, 353, 355, 361, 362, 381, 387, 393, 397]
x_23: [2, 3, 5, 9, 20, 21, 29, 33, 38, 42, 48, 57, 64, 69, 76, 77, 79, 80, 81, 82, 90, 91, 95, 99, 104, 105, 112, 121, 122, 124, 125, 128, 130, 135, 136, 139, 143, 147, 148, 150, 152, 157, 158, 166, 169, 171, 178, 183, 184, 185, 188, 191, 194, 197, 201, 202, 206, 209, 210, 212, 217, 218, 226, 231, 233, 241, 244, 246, 253, 256, 258, 260, 264, 270, 278, 282, 287, 288, 295, 298, 299, 301, 302, 305, 307, 309, 316, 321, 329, 331, 332, 334, 335, 338, 344, 347, 348, 349, 351, 355, 359, 368, 371, 373, 385, 386, 388, 389, 396, 400]
x_24: [8, 10, 14, 15, 22, 26, 31, 34, 42, 46, 48, 50, 51, 56, 58, 59, 62, 63, 68, 70, 73, 77, 80, 81, 83, 84, 93, 95, 100, 101, 104, 107, 110, 111, 121, 123, 126, 128, 130, 137, 143, 160, 168, 174, 176, 181, 182, 185, 188, 200, 202, 207, 209, 211, 215, 217, 218, 234, 235, 246, 248, 249, 254, 255, 259, 261, 264, 271, 275, 279, 283, 293, 295, 303, 314, 316, 332, 334, 337, 339, 344, 345, 351, 354, 365, 368, 374, 375, 378, 380, 387, 388, 389, 394, 395, 397]
x_25: [2, 4, 5, 8, 9, 10, 14, 18, 20, 21, 31, 33, 34, 36, 41, 45, 50, 53, 56, 68, 69, 71, 72, 73, 74, 77, 80, 84, 86, 90, 95, 96, 102, 103, 111, 120, 123, 132, 146, 148, 160, 162, 165, 170, 177, 182, 198, 199, 200, 202, 205, 210, 218, 226, 227, 229, 234, 242, 245, 246, 247, 253, 255, 258, 259, 261, 273, 279, 285, 286, 290, 295, 299, 302, 303, 311, 313, 315, 321, 324, 325, 331, 333, 338, 340, 344, 346, 348, 355, 357, 359, 360, 361, 362, 363, 368, 369, 373, 379, 389, 391, 392, 394, 400]
x_26: [14, 18, 21, 24, 38, 43, 46, 51, 56, 57, 60, 64, 66, 69, 83, 91, 95, 96, 101, 103, 109, 115, 119, 123, 125, 126, 128, 129, 130, 144, 152, 153, 158, 160, 166, 176, 182, 190, 194, 196, 200, 205, 207, 211, 213, 219, 221, 222, 229, 230, 232, 241, 244, 248, 250, 251, 252, 258, 262, 269, 272, 280, 282, 283, 290, 293, 298, 304, 305, 306, 312, 319, 321, 324, 326, 327, 328, 333, 334, 340, 345, 347, 348, 357, 358, 367, 370, 375, 379, 380, 381, 384, 387, 390, 400]
x_27: [1, 9, 10, 15, 17, 19, 32, 33, 41, 42, 47, 48, 51, 52, 53, 55, 60, 65, 76, 79, 81, 82, 83, 96, 106, 108, 109, 118, 130, 134, 139, 143, 145, 147, 156, 162, 165, 171, 174, 175, 176, 177, 178, 180, 182, 191, 195, 202, 209, 218, 224, 227, 234, 235, 238, 240, 244, 245, 252, 255, 256, 259, 260, 263, 272, 279, 283, 288, 289, 298, 299, 308, 312, 314, 316, 322, 325, 326, 333, 335, 338, 339, 344, 347, 350, 351, 361, 362, 368, 375, 376, 378, 383, 384, 388, 393, 399]
x_28: [1, 2, 4, 7, 12, 14, 19, 29, 30, 32, 36, 37, 39, 46, 51, 55, 60, 61, 63, 65, 66, 68, 75, 76, 81, 88, 95, 104, 111, 115, 117, 118, 123, 135, 136, 142, 152, 163, 164, 168, 169, 170, 171, 174, 177, 178, 179, 182, 183, 196, 197, 198, 201, 203, 204, 209, 212, 222, 230, 237, 239, 247, 251, 253, 260, 262, 264, 266, 268, 272, 273, 276, 278, 300, 307, 309, 315, 316, 318, 319, 320, 321, 324, 326, 327, 329, 340, 346, 353, 355, 356, 367, 374, 375, 377, 381, 390, 391, 395, 396]
x_29: [8, 15, 16, 17, 18, 19, 23, 28, 30, 34, 37, 40, 47, 49, 53, 57, 59, 61, 63, 66, 72, 78, 79, 91, 92, 101, 122, 125, 131, 132, 134, 138, 141, 147, 151, 153, 154, 155, 156, 158, 162, 163, 166, 170, 180, 183, 186, 190, 194, 196, 197, 200, 203, 205, 210, 214, 221, 227, 234, 238, 239, 245, 247, 248, 250, 255, 263, 266, 267, 274, 290, 292, 295, 296, 297, 299, 303, 307, 308, 309, 310, 311, 314, 317, 322, 327, 329, 332, 334, 337, 340, 343, 344, 351, 352, 353, 354, 355, 358, 359, 370, 375, 381, 382, 386, 388, 389, 392, 395, 398, 399]
x_30: [1, 5, 6, 9, 10, 13, 19, 28, 29, 34, 37, 38, 46, 47, 51, 59, 61, 62, 65, 66, 70, 81, 85, 88, 92, 94, 98, 104, 107, 112, 113, 115, 118, 122, 123, 126, 130, 133, 135, 137, 140, 141, 143, 145, 150, 159, 163, 169, 170, 173, 178, 183, 186, 187, 189, 195, 196, 199, 213, 214, 217, 223, 225, 226, 228, 236, 239, 240, 242, 243, 245, 246, 248, 254, 255, 259, 262, 266, 268, 271, 277, 278, 282, 284, 293, 294, 299, 309, 317, 318, 323, 326, 331, 333, 335, 337, 339, 350, 363, 364, 370, 371, 373, 379, 384, 388, 389, 390, 396]
x_31: [2, 16, 20, 24, 25, 33, 36, 41, 46, 47, 51, 55, 66, 70, 73, 75, 76, 84, 96, 101, 107, 111, 119, 125, 126, 131, 137, 142, 144, 146, 147, 148, 149, 150, 159, 165, 170, 172, 183, 184, 202, 203, 209, 220, 222, 226, 230, 235, 236, 239, 252, 255, 259, 262, 263, 264, 268, 270, 273, 276, 278, 286, 287, 288, 299, 301, 317, 318, 319, 323, 329, 338, 339, 342, 344, 351, 353, 354, 357, 358, 359, 364, 366, 370, 376, 386, 388, 390, 393, 394, 395]
x_32: [5, 6, 8, 27, 28, 33, 37, 41, 50, 55, 56, 68, 69, 70, 75, 76, 78, 79, 81, 89, 91, 93, 104, 107, 108, 109, 116, 120, 130, 135, 137, 138, 140, 146, 147, 148, 149, 152, 157, 161, 172, 173, 178, 188, 189, 194, 197, 198, 206, 215, 216, 220, 225, 229, 230, 231, 233, 239, 248, 249, 250, 251, 252, 253, 257, 260, 266, 268, 275, 279, 280, 284, 289, 290, 292, 293, 302, 314, 315, 321, 322, 331, 332, 335, 336, 339, 342, 349, 354, 355, 362, 364, 367, 368, 370, 381, 383, 391, 398, 399]
x_33: [11, 12, 15, 17, 18, 20, 22, 23, 25, 27, 31, 32, 36, 38, 42, 45, 48, 52, 55, 58, 64, 66, 71, 75, 79, 81, 86, 89, 97, 98, 103, 104, 107, 108, 109, 116, 119, 121, 123, 128, 135, 138, 139, 143, 145, 146, 147, 151, 159, 161, 164, 176, 181, 184, 189, 190, 192, 194, 195, 200, 211, 212, 215, 221, 227, 231, 236, 246, 250, 251, 252, 254, 255, 261, 264, 270, 272, 280, 287, 293, 294, 303, 304, 305, 307, 311, 312, 320, 322, 324, 335, 336, 339, 340, 346, 349, 352, 357, 358, 371, 373, 377, 381, 384, 392, 397, 399]
x_34: [8, 9, 15, 17, 20, 24, 25, 29, 30, 46, 54, 56, 64, 65, 67, 69, 71, 89, 90, 96, 98, 104, 105, 106, 107, 119, 122, 127, 130, 134, 135, 138, 139, 140, 143, 144, 146, 150, 152, 153, 156, 165, 171, 176, 180, 181, 189, 192, 196, 202, 204, 206, 211, 216, 219, 222, 226, 227, 228, 231, 233, 238, 242, 243, 251, 255, 260, 261, 264, 268, 271, 272, 282, 283, 284, 296, 300, 307, 309, 311, 314, 318, 320, 322, 324, 341, 342, 345, 349, 356, 359, 365, 368, 371, 374, 381, 383, 384, 386, 391, 393, 394]
x_35: [3, 6, 7, 10, 12, 13, 22, 40, 44, 56, 57, 59, 60, 62, 64, 66, 74, 82, 87, 90, 93, 94, 95, 97, 103, 105, 106, 107, 112, 116, 118, 126, 136, 137, 139, 141, 142, 159, 171, 173, 185, 186, 188, 194, 195, 213, 218, 221, 224, 227, 233, 240, 255, 258, 262, 263, 264, 269, 274, 277, 278, 282, 285, 289, 298, 300, 302, 311, 313, 315, 323, 325, 331, 334, 339, 345, 347, 350, 352, 353, 356, 360, 368, 372, 385, 388, 396, 398]
x_36: [2, 4, 6, 7, 11, 16, 20, 21, 25, 28, 31, 33, 37, 39, 40, 43, 50, 53, 67, 73, 75, 77, 78, 83, 84, 85, 97, 101, 104, 105, 106, 109, 113, 116, 117, 118, 121, 134, 138, 147, 148, 150, 154, 157, 162, 163, 165, 170, 172, 179, 181, 185, 188, 193, 194, 199, 202, 203, 213, 218, 219, 227, 233, 234, 237, 244, 247, 250, 251, 256, 260, 265, 271, 279, 281, 283, 285, 289, 291, 295, 302, 305, 307, 312, 327, 338, 342, 361, 376, 383, 389, 391, 393, 396]
x_37: [1, 6, 12, 14, 19, 28, 29, 30, 32, 36, 40, 41, 42, 44, 46, 47, 53, 55, 59, 62, 68, 76, 81, 83, 84, 86, 90, 91, 92, 99, 110, 111, 113, 120, 128, 132, 133, 135, 136, 138, 143, 150, 152, 163, 166, 167, 178, 181, 182, 189, 192, 193, 200, 204, 209, 212, 213, 214, 215, 225, 231, 232, 236, 237, 239, 245, 248, 249, 250, 256, 258, 261, 263, 268, 275, 286, 292, 293, 301, 306, 307, 308, 309, 317, 324, 325, 326, 328, 338, 347, 350, 353, 360, 362, 363, 364, 365, 374, 375, 378, 389, 393]
x_38: [3, 11, 15, 18, 21, 23, 26, 30, 33, 42, 45, 46, 51, 52, 53, 54, 57, 61, 69, 72, 74, 76, 80, 87, 88, 115, 124, 125, 127, 129, 131, 133, 142, 144, 146, 148, 149, 150, 151, 163, 164, 171, 174, 181, 186, 196, 201, 204, 211, 216, 218, 228, 232, 234, 239, 241, 242, 247, 250, 252, 259, 264, 266, 267, 277, 280, 287, 298, 308, 310, 311, 312, 313, 314, 318, 319, 322, 323, 326, 328, 331, 334, 335, 346, 350, 354, 364, 368, 370, 375, 378, 388, 392, 395, 396]
x_39: [2, 3, 8, 12, 14, 19, 22, 28, 36, 40, 43, 44, 46, 47, 48, 57, 58, 59, 61, 69, 75, 76, 78, 82, 84, 87, 94, 99, 100, 101, 105, 110, 112, 133, 137, 138, 139, 141, 143, 147, 149, 151, 153, 158, 160, 164, 173, 174, 179, 181, 184, 191, 198, 199, 204, 208, 209, 213, 222, 224, 225, 232, 237, 238, 243, 246, 247, 248, 256, 258, 261, 264, 271, 273, 277, 281, 283, 284, 291, 294, 295, 299, 300, 306, 317, 323, 324, 330, 334, 338, 341, 343, 345, 349, 350, 354, 355, 356, 359, 373, 374, 377, 384, 385, 392, 393, 394, 396]
x_40: [2, 9, 11, 12, 20, 21, 29, 35, 36, 37, 39, 43, 45, 47, 49, 52, 66, 70, 73, 75, 81, 83, 85, 86, 87, 90, 92, 95, 98, 100, 126, 134, 137, 145, 148, 158, 159, 163, 164, 165, 167, 171, 179, 183, 184, 189, 192, 193, 194, 195, 199, 201, 208, 211, 213, 215, 217, 223, 230, 236, 242, 243, 248, 250, 254, 255, 264, 265, 274, 277, 282, 284, 288, 293, 296, 298, 306, 309, 313, 328, 329, 338, 345, 346, 348, 351, 352, 356, 357, 367, 369, 374, 377, 384, 386, 389, 394, 397, 398, 399]
x_41: [12, 17, 25, 27, 31, 32, 37, 44, 48, 54, 56, 60, 64, 69, 73, 77, 79, 85, 86, 94, 98, 101, 104, 108, 110, 111, 113, 124, 139, 140, 152, 160, 161, 162, 163, 164, 166, 168, 169, 173, 177, 180, 192, 196, 202, 204, 205, 206, 210, 212, 213, 221, 222, 229, 230, 234, 235, 238, 245, 248, 252, 254, 259, 269, 273, 274, 276, 280, 286, 299, 308, 311, 314, 315, 327, 331, 342, 343, 345, 349, 356, 357, 358, 360, 379, 382, 386, 391, 394, 398]
x_42: [1, 11, 14, 15, 20, 22, 23, 24, 27, 33, 37, 38, 46, 52, 53, 55, 65, 67, 69, 72, 79, 82, 86, 90, 95, 96, 97, 107, 112, 123, 128, 131, 133, 134, 135, 143, 151, 156, 159, 169, 171, 180, 182, 187, 188, 192, 198, 199, 201, 203, 210, 212, 213, 227, 230, 231, 232, 234, 240, 242, 251, 255, 259, 260, 261, 263, 266, 268, 271, 283, 285, 291, 293, 294, 302, 305, 307, 308, 309, 310, 312, 314, 315, 316, 321, 322, 323, 325, 329, 334, 343, 344, 347, 348, 357, 359, 361, 363, 365, 386, 389, 397, 398, 399]
x_43: [2, 3, 4, 11, 21, 26, 36, 39, 40, 44, 46, 49, 58, 61, 62, 63, 64, 71, 74, 78, 80, 83, 86, 88, 93, 98, 104, 106, 107, 108, 113, 115, 119, 122, 126, 137, 140, 144, 145, 146, 152, 156, 159, 161, 177, 186, 188, 190, 192, 210, 213, 228, 232, 233, 239, 243, 246, 247, 253, 267, 270, 274, 276, 289, 291, 298, 315, 316, 317, 318, 319, 324, 327, 331, 332, 333, 339, 342, 343, 350, 374, 376, 379, 380, 381, 382, 383, 386, 388, 395, 397]
x_44: [4, 5, 13, 14, 21, 35, 37, 39, 41, 43, 50, 55, 58, 65, 68, 69, 70, 71, 75, 81, 82, 85, 95, 97, 117, 119, 120, 123, 126, 132, 133, 134, 139, 142, 143, 147, 149, 151, 155, 156, 161, 162, 166, 170, 175, 182, 183, 190, 191, 192, 193, 198, 199, 201, 204, 208, 210, 212, 216, 217, 228, 256, 259, 265, 273, 276, 280, 284, 285, 287, 299, 304, 306, 307, 314, 317, 319, 321, 323, 329, 334, 342, 345, 346, 348, 356, 357, 359, 364, 367, 376, 377, 378, 381, 383, 384, 385, 399]
x_45: [3, 6, 8, 13, 19, 20, 22, 25, 33, 38, 40, 46, 55, 66, 69, 80, 83, 92, 94, 99, 106, 107, 108, 114, 121, 123, 127, 134, 137, 141, 149, 151, 154, 155, 157, 161, 164, 165, 168, 170, 174, 177, 186, 190, 192, 195, 199, 203, 210, 214, 224, 229, 232, 242, 244, 251, 268, 269, 278, 284, 288, 290, 294, 297, 299, 300, 307, 313, 318, 320, 321, 322, 325, 327, 331, 335, 336, 344, 346, 348, 350, 353, 354, 360, 365, 370, 373, 378, 386, 388, 389, 391, 395, 399]
x_46: [1, 3, 8, 9, 10, 11, 14, 17, 20, 21, 24, 26, 28, 30, 31, 34, 37, 38, 39, 42, 43, 45, 48, 52, 53, 57, 64, 68, 69, 78, 87, 93, 97, 103, 109, 112, 113, 116, 117, 120, 131, 136, 141, 151, 164, 165, 171, 173, 174, 182, 183, 184, 186, 194, 197, 198, 208, 216, 223, 225, 231, 233, 237, 238, 241, 254, 259, 275, 278, 279, 283, 284, 286, 288, 289, 291, 299, 300, 302, 318, 329, 333, 339, 344, 346, 348, 349, 354, 358, 360, 361, 364, 374, 376, 380, 386, 388, 390, 391, 392, 394, 398, 399]
x_47: [9, 17, 18, 27, 29, 30, 31, 37, 39, 40, 48, 49, 50, 51, 55, 63, 69, 75, 79, 81, 83, 84, 85, 88, 89, 90, 94, 100, 105, 107, 114, 125, 126, 128, 131, 141, 145, 154, 155, 157, 159, 166, 168, 172, 173, 174, 175, 177, 188, 193, 194, 196, 198, 201, 202, 203, 205, 208, 214, 215, 216, 218, 231, 234, 242, 247, 248, 255, 262, 263, 274, 275, 281, 286, 288, 295, 304, 305, 310, 313, 315, 316, 318, 327, 333, 340, 342, 349, 351, 359, 371, 373, 378, 388, 395, 396]
x_48: [4, 5, 6, 8, 10, 12, 14, 17, 23, 24, 27, 33, 39, 41, 46, 47, 57, 62, 65, 70, 73, 77, 78, 80, 82, 87, 90, 96, 104, 111, 114, 117, 120, 126, 135, 136, 137, 141, 145, 146, 148, 151, 163, 172, 180, 181, 188, 189, 190, 198, 199, 200, 202, 204, 205, 206, 215, 216, 222, 224, 230, 237, 238, 241, 242, 243, 252, 267, 268, 270, 271, 276, 279, 282, 284, 285, 295, 301, 305, 307, 312, 317, 322, 328, 333, 337, 343, 351, 355, 357, 360, 364, 365, 369, 371, 372, 374, 389, 395, 400]
x_49: [2, 3, 4, 7, 11, 12, 19, 22, 29, 40, 43, 47, 59, 62, 69, 73, 78, 82, 94, 101, 105, 106, 114, 124, 129, 133, 138, 139, 141, 147, 149, 152, 154, 155, 158, 161, 165, 166, 168, 172, 173, 175, 179, 190, 191, 194, 196, 200, 203, 204, 207, 210, 213, 216, 218, 219, 225, 226, 234, 237, 238, 245, 246, 251, 252, 253, 257, 259, 260, 262, 266, 267, 272, 280, 290, 300, 301, 303, 304, 305, 308, 311, 315, 322, 327, 334, 338, 343, 344, 355, 359, 360, 368, 376, 377, 385, 390, 392, 397]
x_50: [7, 11, 12, 14, 15, 16, 18, 24, 25, 32, 36, 44, 47, 52, 53, 55, 59, 60, 66, 80, 84, 89, 92, 93, 94, 100, 101, 103, 107, 108, 115, 119, 120, 122, 124, 125, 129, 133, 134, 136, 143, 147, 149, 151, 152, 158, 168, 172, 178, 181, 182, 183, 191, 203, 204, 209, 211, 215, 216, 225, 228, 233, 235, 236, 244, 245, 257, 263, 269, 270, 274, 281, 282, 293, 302, 308, 310, 311, 313, 321, 325, 326, 332, 341, 344, 357, 358, 359, 362, 365, 366, 368, 375, 378, 382, 386, 391, 392, 393, 398]
x_51: [4, 5, 17, 21, 24, 26, 27, 28, 30, 31, 38, 47, 52, 59, 60, 62, 63, 64, 71, 90, 93, 99, 100, 103, 105, 126, 129, 130, 137, 149, 154, 167, 171, 176, 177, 181, 186, 192, 200, 202, 204, 206, 214, 216, 219, 234, 235, 239, 249, 251, 252, 261, 263, 264, 271, 273, 278, 282, 283, 285, 286, 294, 296, 297, 298, 306, 315, 316, 325, 327, 331, 332, 334, 338, 348, 356, 357, 364, 365, 367, 374, 375, 377, 385, 386, 388, 392, 395, 397, 400]
x_52: [1, 4, 7, 16, 27, 33, 38, 40, 42, 46, 50, 51, 55, 56, 59, 62, 69, 75, 80, 82, 83, 87, 89, 90, 95, 96, 97, 98, 107, 113, 115, 116, 120, 122, 123, 126, 130, 134, 135, 141, 147, 150, 151, 152, 154, 162, 168, 169, 170, 173, 175, 177, 178, 179, 181, 187, 192, 193, 197, 199, 202, 214, 215, 217, 220, 226, 234, 235, 239, 243, 244, 247, 248, 252, 257, 258, 261, 263, 267, 268, 270, 275, 282, 289, 290, 294, 300, 301, 302, 307, 308, 312, 315, 316, 318, 322, 323, 325, 332, 333, 338, 340, 341, 342, 346, 349, 356, 357, 360, 368, 381, 385, 388, 391, 392]
x_53: [18, 25, 27, 29, 36, 37, 38, 42, 46, 50, 54, 57, 58, 60, 64, 65, 73, 78, 79, 80, 89, 90, 95, 98, 99, 101, 102, 105, 106, 111, 113, 114, 119, 120, 121, 124, 126, 128, 132, 136, 139, 140, 145, 157, 159, 164, 171, 172, 178, 180, 181, 184, 192, 195, 196, 203, 209, 214, 220, 222, 223, 224, 230, 232, 234, 235, 236, 241, 242, 244, 247, 249, 253, 262, 267, 269, 270, 273, 274, 276, 277, 281, 285, 292, 294, 303, 305, 308, 323, 325, 327, 330, 332, 335, 350, 353, 355, 357, 363, 369, 370, 371, 382, 389, 397]
x_54: [2, 3, 4, 9, 14, 16, 18, 19, 34, 38, 41, 53, 58, 61, 65, 70, 74, 77, 78, 83, 85, 94, 99, 101, 104, 105, 106, 108, 111, 114, 115, 122, 124, 130, 136, 146, 148, 152, 159, 162, 171, 176, 178, 186, 194, 196, 198, 202, 203, 204, 205, 211, 215, 220, 226, 228, 230, 240, 243, 245, 248, 250, 252, 253, 256, 264, 265, 268, 278, 280, 282, 283, 284, 288, 289, 290, 291, 294, 298, 304, 307, 309, 310, 316, 323, 324, 331, 332, 334, 338, 339, 341, 347, 352, 355, 363, 373, 382, 383, 384, 385, 386, 388, 392, 395, 396]
x_55: [14, 21, 27, 28, 31, 32, 33, 37, 42, 44, 45, 47, 50, 52, 59, 61, 65, 66, 67, 72, 74, 75, 76, 78, 79, 81, 83, 90, 94, 95, 99, 114, 123, 129, 140, 143, 149, 155, 156, 168, 171, 174, 176, 182, 189, 191, 193, 194, 196, 201, 202, 210, 215, 216, 217, 218, 221, 222, 225, 227, 228, 233, 237, 242, 245, 246, 252, 260, 261, 273, 275, 278, 279, 284, 285, 290, 292, 297, 298, 306, 308, 309, 311, 317, 327, 332, 334, 335, 342, 348, 351, 360, 365, 368, 370, 378, 380, 393, 397, 398]
x_56: [2, 4, 8, 11, 12, 14, 24, 25, 26, 32, 34, 35, 41, 52, 63, 65, 70, 75, 80, 83, 84, 87, 91, 93, 94, 97, 100, 102, 103, 107, 111, 120, 122, 127, 130, 131, 132, 133, 134, 137, 141, 147, 149, 156, 157, 161, 167, 169, 172, 177, 178, 183, 190, 212, 215, 217, 221, 224, 226, 227, 236, 237, 242, 244, 247, 253, 258, 260, 262, 269, 276, 278, 279, 281, 285, 292, 293, 301, 303, 304, 312, 328, 329, 337, 338, 350, 351, 352, 355, 356, 357, 361, 363, 369, 371, 372, 374, 378, 384, 389, 393]
x_57: [2, 5, 12, 23, 26, 29, 35, 38, 39, 46, 48, 53, 67, 68, 72, 80, 84, 85, 89, 90, 93, 101, 102, 103, 106, 108, 121, 126, 137, 150, 164, 165, 167, 173, 188, 194, 196, 199, 203, 206, 211, 223, 225, 228, 230, 235, 237, 240, 247, 249, 250, 259, 265, 278, 280, 283, 297, 300, 301, 315, 317, 318, 321, 322, 324, 325, 329, 330, 336, 341, 347, 352, 353, 358, 359, 360, 361, 363, 369, 376, 388, 395]
x_58: [1, 4, 13, 18, 20, 24, 33, 39, 43, 44, 53, 54, 66, 71, 72, 76, 78, 79, 85, 90, 100, 101, 102, 107, 115, 120, 132, 136, 138, 143, 144, 147, 150, 153, 155, 156, 160, 161, 162, 163, 166, 169, 171, 173, 174, 176, 184, 191, 194, 198, 200, 202, 203, 204, 205, 208, 209, 225, 226, 228, 229, 239, 249, 253, 255, 257, 259, 263, 269, 270, 271, 279, 283, 287, 289, 293, 298, 302, 305, 327, 328, 333, 340, 351, 352, 353, 355, 356, 357, 374, 376, 378, 388, 392, 394, 395, 397, 399]
x_59: [2, 4, 6, 8, 12, 16, 19, 24, 29, 30, 35, 37, 39, 49, 50, 51, 52, 55, 63, 67, 68, 72, 75, 78, 82, 90, 96, 100, 102, 107, 109, 111, 122, 124, 125, 128, 139, 151, 153, 154, 157, 160, 161, 170, 175, 177, 180, 183, 186, 189, 193, 196, 197, 206, 216, 221, 224, 228, 234, 235, 238, 240, 249, 250, 252, 254, 255, 256, 259, 260, 267, 277, 278, 280, 283, 285, 287, 291, 296, 297, 308, 309, 312, 317, 322, 324, 329, 331, 335, 336, 345, 346, 356, 359, 363, 366, 368, 375, 382, 397, 398]
x_60: [2, 5, 10, 22, 26, 27, 28, 35, 41, 50, 51, 53, 62, 64, 66, 67, 69, 72, 84, 99, 101, 109, 113, 117, 118, 124, 125, 128, 130, 131, 135, 136, 137, 140, 143, 145, 149, 150, 154, 156, 159, 172, 174, 178, 179, 181, 183, 193, 194, 196, 199, 201, 203, 211, 212, 213, 214, 215, 226, 227, 237, 242, 243, 250, 252, 253, 254, 258, 265, 268, 270, 273, 276, 281, 285, 288, 297, 301, 304, 306, 309, 311, 312, 313, 317, 319, 322, 323, 326, 330, 341, 342, 352, 358, 364, 367, 372, 373, 381, 388, 395, 396]
x_61: [1, 3, 4, 10, 11, 12, 17, 21, 28, 29, 30, 38, 39, 43, 54, 55, 66, 68, 71, 74, 75, 79, 82, 83, 84, 89, 93, 94, 99, 107, 113, 114, 115, 123, 133, 135, 147, 156, 159, 163, 169, 173, 175, 177, 180, 185, 190, 192, 193, 198, 225, 230, 232, 234, 235, 239, 243, 254, 259, 265, 270, 271, 273, 274, 275, 276, 280, 283, 286, 293, 296, 307, 308, 310, 313, 315, 322, 331, 333, 346, 348, 357, 359, 365, 366, 367, 369, 377, 378, 383, 385, 387, 389, 393, 395, 398, 399]
x_62: [2, 5, 8, 10, 12, 20, 21, 24, 30, 35, 37, 43, 48, 49, 51, 52, 60, 73, 74, 79, 84, 87, 96, 105, 106, 107, 108, 116, 118, 120, 121, 125, 127, 132, 135, 138, 139, 142, 145, 147, 152, 160, 162, 163, 167, 168, 170, 172, 174, 175, 182, 184, 185, 187, 192, 195, 200, 204, 211, 217, 218, 221, 223, 227, 232, 234, 239, 247, 248, 251, 253, 259, 261, 267, 282, 289, 292, 293, 294, 300, 311, 317, 320, 321, 328, 330, 336, 347, 351, 353, 357, 360, 363, 366, 368, 373, 377, 378, 383, 384, 390, 392, 394, 399]
x_63: [6, 9, 13, 15, 17, 20, 24, 28, 29, 43, 47, 51, 56, 59, 74, 81, 85, 87, 90, 93, 95, 96, 100, 109, 110, 113, 114, 118, 119, 127, 128, 129, 132, 133, 137, 140, 141, 151, 153, 156, 159, 167, 168, 172, 180, 181, 184, 186, 191, 201, 206, 216, 219, 224, 227, 231, 232, 240, 242, 245, 250, 253, 254, 255, 260, 262, 263, 271, 272, 273, 275, 278, 286, 296, 297, 300, 305, 318, 319, 322, 325, 326, 331, 338, 340, 342, 344, 349, 350, 353, 354, 357, 362, 364, 367, 372, 374, 379, 381, 385, 386, 389, 390, 392, 399]
x_64: [5, 6, 8, 9, 13, 14, 15, 16, 18, 19, 23, 26, 33, 34, 35, 41, 43, 46, 51, 53, 60, 65, 69, 70, 74, 77, 80, 88, 89, 92, 93, 95, 96, 104, 107, 123, 129, 132, 135, 140, 141, 146, 147, 155, 159, 160, 161, 163, 166, 167, 172, 177, 178, 183, 190, 192, 194, 207, 220, 228, 233, 237, 238, 240, 241, 245, 254, 258, 262, 267, 270, 273, 277, 278, 279, 280, 281, 284, 291, 298, 299, 300, 301, 306, 317, 323, 327, 329, 330, 333, 337, 338, 339, 344, 347, 351, 354, 367, 370, 375, 377, 380]
x_65: [4, 6, 10, 15, 18, 19, 21, 27, 28, 30, 34, 42, 44, 48, 53, 54, 55, 56, 64, 67, 71, 73, 77, 84, 87, 89, 91, 94, 99, 102, 106, 107, 108, 109, 121, 126, 128, 136, 138, 139, 142, 153, 155, 162, 178, 179, 183, 188, 192, 193, 200, 201, 204, 212, 219, 227, 231, 234, 240, 245, 253, 256, 258, 261, 265, 269, 270, 273, 282, 285, 286, 287, 291, 294, 296, 305, 322, 323, 328, 332, 333, 337, 338, 344, 348, 366, 367, 368, 369, 375, 382, 383, 388, 394, 396]
x_66: [2, 10, 11, 14, 21, 26, 28, 29, 30, 31, 33, 35, 40, 45, 50, 55, 58, 60, 61, 69, 74, 84, 87, 88, 91, 93, 95, 98, 100, 103, 104, 107, 109, 111, 112, 118, 123, 124, 126, 130, 133, 134, 145, 157, 158, 159, 163, 164, 171, 174, 175, 176, 177, 178, 180, 186, 188, 189, 195, 200, 202, 205, 211, 215, 216, 221, 223, 226, 227, 231, 243, 245, 248, 249, 254, 256, 260, 261, 263, 276, 278, 285, 296, 307, 311, 316, 320, 323, 324, 325, 328, 331, 333, 335, 336, 342, 353, 356, 364, 367, 372, 381, 384, 385, 392, 394, 398]
x_67: [4, 5, 11, 15, 18, 20, 34, 36, 42, 55, 57, 59, 60, 65, 79, 84, 85, 87, 89, 97, 101, 102, 104, 106, 112, 119, 126, 129, 137, 153, 156, 163, 165, 170, 173, 178, 183, 194, 195, 205, 208, 209, 210, 212, 221, 224, 225, 226, 227, 229, 232, 233, 241, 242, 245, 247, 253, 254, 260, 262, 266, 269, 272, 275, 279, 284, 286, 297, 309, 310, 311, 312, 316, 318, 319, 326, 332, 334, 335, 336, 338, 349, 352, 353, 356, 359, 361, 364, 366, 387, 391, 397, 399]
x_68: [1, 2, 4, 11, 12, 16, 17, 21, 24, 25, 28, 32, 37, 44, 46, 57, 59, 61, 75, 78, 83, 89, 101, 105, 109, 112, 116, 117, 119, 128, 129, 132, 137, 143, 144, 151, 160, 161, 165, 168, 169, 174, 181, 182, 185, 192, 197, 201, 204, 205, 213, 214, 218, 222, 223, 231, 233, 235, 236, 237, 239, 240, 243, 246, 247, 249, 254, 259, 263, 264, 265, 269, 277, 279, 283, 288, 290, 295, 298, 299, 300, 305, 310, 312, 313, 315, 331, 333, 334, 336, 346, 350, 353, 358, 366, 370, 371, 378, 384, 399]
x_69: [5, 6, 8, 9, 14, 17, 21, 23, 25, 26, 32, 34, 38, 39, 41, 42, 44, 45, 46, 47, 49, 52, 60, 64, 66, 75, 79, 81, 89, 100, 101, 102, 116, 123, 124, 125, 128, 132, 139, 141, 142, 145, 146, 151, 152, 156, 159, 161, 163, 164, 167, 172, 174, 175, 181, 182, 184, 187, 190, 206, 207, 211, 213, 214, 225, 226, 232, 253, 255, 257, 263, 265, 271, 272, 273, 274, 279, 282, 283, 284, 286, 293, 300, 304, 311, 314, 323, 328, 335, 338, 340, 341, 348, 349, 354, 363, 364, 369, 371, 382, 385, 386, 388, 389, 394, 396]
x_70: [4, 6, 14, 15, 18, 20, 22, 24, 30, 31, 32, 40, 44, 48, 54, 56, 64, 71, 73, 76, 81, 87, 89, 92, 93, 115, 123, 124, 125, 129, 132, 135, 141, 145, 151, 154, 160, 161, 162, 165, 170, 174, 177, 179, 181, 183, 188, 190, 192, 197, 200, 205, 206, 209, 214, 215, 225, 231, 232, 233, 239, 248, 251, 257, 258, 259, 266, 267, 270, 271, 272, 277, 278, 279, 282, 285, 304, 308, 310, 319, 321, 324, 328, 332, 334, 342, 345, 347, 348, 368, 375, 384, 394]
x_71: [1, 5, 6, 11, 12, 13, 17, 20, 22, 25, 33, 34, 43, 44, 51, 58, 61, 65, 70, 76, 78, 79, 84, 89, 90, 97, 99, 100, 106, 113, 114, 118, 122, 133, 135, 145, 153, 158, 161, 166, 172, 173, 187, 191, 194, 195, 199, 204, 209, 216, 220, 224, 225, 231, 237, 243, 246, 252, 254, 255, 257, 261, 266, 275, 276, 277, 284, 287, 288, 293, 295, 298, 308, 309, 318, 323, 324, 326, 327, 335, 337, 338, 342, 354, 358, 365, 370, 372, 373, 375, 380, 388, 394, 398, 400]
x_72: [4, 7, 8, 11, 16, 17, 25, 29, 38, 42, 55, 57, 58, 59, 60, 74, 78, 80, 86, 91, 97, 103, 107, 118, 121, 133, 139, 145, 148, 149, 152, 153, 156, 160, 164, 171, 178, 187, 188, 192, 195, 197, 199, 201, 205, 216, 217, 218, 221, 233, 234, 235, 236, 237, 239, 241, 246, 251, 252, 254, 255, 256, 260, 261, 270, 275, 278, 289, 292, 296, 297, 298, 302, 304, 305, 308, 314, 315, 316, 317, 320, 323, 328, 332, 334, 338, 339, 340, 341, 342, 348, 349, 350, 352, 355, 361, 366, 368, 372, 374, 380, 381, 382, 385, 391, 394]
x_73: [1, 12, 17, 24, 25, 31, 36, 40, 41, 48, 49, 53, 62, 65, 70, 75, 77, 79, 80, 86, 91, 104, 110, 111, 114, 123, 124, 128, 140, 145, 152, 155, 156, 157, 165, 171, 173, 177, 181, 182, 183, 185, 187, 188, 195, 197, 198, 200, 202, 208, 210, 213, 215, 217, 228, 238, 239, 243, 245, 248, 250, 253, 256, 259, 265, 269, 277, 278, 288, 294, 303, 305, 309, 312, 313, 320, 321, 331, 336, 338, 340, 342, 349, 361, 363, 364, 368, 370, 371, 372, 376, 377, 384, 386, 394, 399, 400]
x_74: [1, 8, 9, 12, 14, 15, 18, 20, 25, 35, 38, 43, 54, 55, 61, 62, 63, 64, 66, 72, 75, 76, 78, 87, 90, 94, 99, 102, 103, 106, 113, 117, 126, 133, 137, 143, 145, 146, 154, 157, 161, 164, 168, 170, 179, 183, 187, 190, 198, 200, 201, 202, 203, 209, 217, 219, 221, 223, 225, 227, 228, 232, 233, 234, 240, 242, 243, 246, 250, 257, 259, 262, 264, 265, 272, 273, 285, 294, 296, 299, 307, 310, 311, 324, 326, 329, 334, 342, 345, 347, 352, 353, 355, 363, 368, 376, 377, 378, 379, 388, 389, 390, 394]
x_75: [3, 5, 6, 7, 10, 16, 28, 31, 32, 33, 36, 39, 40, 44, 47, 52, 55, 56, 59, 61, 68, 69, 73, 74, 78, 87, 94, 96, 99, 100, 101, 105, 112, 116, 129, 134, 135, 137, 140, 149, 155, 156, 158, 165, 179, 191, 192, 193, 194, 199, 203, 206, 211, 213, 216, 217, 222, 229, 230, 241, 244, 249, 251, 258, 259, 268, 271, 278, 279, 280, 281, 287, 294, 295, 297, 299, 303, 310, 311, 314, 317, 322, 323, 333, 337, 342, 343, 348, 353, 363, 379, 382, 385, 390, 398, 400]
x_76: [1, 11, 12, 19, 21, 23, 27, 28, 31, 32, 37, 38, 39, 55, 58, 70, 71, 74, 78, 81, 84, 100, 102, 111, 118, 125, 131, 142, 145, 146, 154, 157, 158, 159, 160, 166, 174, 192, 193, 194, 195, 201, 202, 205, 207, 208, 209, 211, 220, 221, 223, 226, 227, 229, 231, 241, 242, 244, 245, 246, 247, 248, 251, 252, 255, 259, 261, 262, 263, 265, 268, 274, 277, 280, 289, 293, 294, 297, 302, 305, 306, 311, 314, 315, 317, 318, 328, 330, 331, 333, 334, 339, 340, 344, 346, 347, 363, 368, 381, 384, 386, 388, 392, 395, 398]
x_77: [4, 14, 20, 21, 23, 24, 25, 36, 41, 48, 54, 64, 65, 73, 83, 85, 86, 87, 91, 93, 94, 97, 100, 103, 105, 107, 108, 109, 111, 114, 123, 127, 141, 142, 145, 150, 154, 155, 157, 160, 162, 166, 176, 181, 188, 189, 191, 194, 196, 197, 198, 200, 202, 206, 210, 211, 220, 225, 226, 233, 236, 237, 239, 243, 246, 249, 254, 255, 256, 257, 265, 269, 273, 276, 280, 281, 282, 287, 289, 291, 292, 298, 300, 305, 306, 314, 322, 323, 328, 359, 360, 366, 370, 372, 376, 385, 386, 387, 390, 394, 396]
x_78: [2, 7, 9, 12, 15, 18, 21, 29, 32, 36, 39, 43, 46, 48, 49, 53, 54, 55, 58, 59, 68, 71, 72, 74, 75, 76, 84, 87, 94, 96, 103, 105, 106, 113, 117, 119, 120, 123, 126, 137, 140, 142, 147, 152, 153, 154, 155, 157, 164, 166, 171, 172, 174, 175, 176, 181, 184, 192, 193, 194, 196, 203, 208, 217, 218, 224, 225, 238, 255, 260, 267, 269, 272, 276, 279, 281, 283, 284, 294, 295, 297, 300, 301, 302, 304, 306, 312, 314, 330, 331, 338, 358, 363, 371, 372, 380, 381, 383, 384, 385, 386, 387, 391]
x_79: [3, 13, 15, 23, 27, 29, 32, 33, 41, 42, 47, 53, 55, 58, 61, 62, 67, 69, 71, 73, 80, 83, 85, 88, 92, 97, 103, 110, 112, 113, 115, 116, 120, 127, 136, 138, 142, 147, 156, 158, 160, 168, 172, 174, 175, 176, 178, 181, 202, 203, 204, 210, 212, 216, 221, 227, 234, 235, 236, 237, 240, 247, 250, 253, 254, 265, 266, 268, 269, 281, 287, 290, 294, 300, 305, 309, 316, 320, 321, 325, 326, 332, 339, 341, 343, 346, 347, 353, 358, 361, 366, 370, 376, 387, 389, 390, 396, 397, 400]
x_80: [1, 3, 5, 8, 16, 23, 24, 25, 38, 43, 45, 48, 50, 52, 53, 56, 57, 64, 72, 73, 79, 81, 86, 88, 90, 93, 94, 95, 102, 104, 105, 106, 113, 114, 118, 119, 126, 141, 153, 154, 159, 163, 174, 175, 177, 178, 188, 191, 194, 195, 200, 201, 204, 206, 207, 215, 217, 222, 223, 224, 226, 250, 257, 260, 263, 270, 280, 283, 286, 287, 293, 296, 300, 301, 306, 307, 308, 310, 312, 323, 329, 332, 335, 337, 346, 348, 350, 357, 358, 362, 363, 364, 373, 374, 384, 388, 395]
x_81: [2, 4, 9, 10, 11, 18, 20, 21, 23, 24, 27, 28, 30, 32, 33, 37, 40, 44, 47, 55, 63, 69, 70, 76, 80, 84, 86, 96, 97, 102, 103, 117, 118, 127, 132, 133, 135, 139, 140, 141, 142, 143, 147, 148, 153, 157, 159, 161, 163, 169, 171, 181, 186, 189, 194, 198, 200, 206, 207, 213, 219, 220, 225, 227, 234, 242, 247, 249, 255, 267, 271, 273, 276, 278, 281, 289, 291, 299, 302, 307, 309, 320, 334, 335, 344, 346, 358, 382, 383, 385, 386, 389, 393, 394, 395, 398, 399]
x_82: [2, 4, 9, 12, 20, 21, 23, 27, 35, 39, 42, 44, 48, 49, 52, 59, 61, 83, 88, 89, 90, 96, 98, 104, 114, 118, 123, 126, 128, 130, 133, 136, 139, 144, 145, 147, 150, 151, 154, 162, 163, 173, 175, 178, 183, 184, 196, 197, 206, 207, 215, 216, 221, 224, 233, 239, 240, 253, 255, 262, 266, 269, 271, 284, 286, 293, 294, 295, 302, 309, 314, 316, 317, 319, 320, 329, 332, 343, 347, 351, 352, 361, 363, 369, 372, 387, 396, 397, 400]
x_83: [3, 9, 18, 22, 24, 26, 27, 36, 37, 40, 43, 45, 47, 52, 54, 55, 56, 61, 68, 77, 79, 82, 93, 95, 102, 103, 105, 106, 109, 111, 112, 113, 119, 124, 129, 135, 136, 138, 140, 144, 148, 149, 150, 153, 154, 163, 165, 166, 167, 170, 172, 177, 181, 182, 208, 210, 214, 215, 216, 217, 222, 223, 232, 233, 234, 235, 238, 241, 245, 246, 251, 254, 256, 257, 263, 272, 273, 283, 284, 286, 287, 299, 300, 307, 308, 310, 311, 313, 317, 318, 319, 323, 325, 326, 332, 333, 336, 338, 339, 340, 344, 346, 347, 352, 354, 357, 366, 375, 377, 386, 387, 388, 389, 392, 399]
x_84: [4, 6, 14, 15, 18, 20, 24, 25, 31, 36, 37, 39, 47, 50, 56, 57, 60, 61, 62, 65, 66, 67, 71, 76, 78, 81, 87, 94, 102, 103, 104, 105, 107, 110, 113, 121, 122, 123, 126, 129, 131, 135, 137, 140, 150, 151, 152, 157, 159, 164, 171, 183, 188, 190, 192, 194, 206, 215, 220, 225, 227, 233, 237, 242, 247, 249, 253, 257, 265, 267, 268, 270, 273, 274, 282, 286, 288, 290, 292, 293, 297, 299, 304, 312, 315, 320, 322, 333, 334, 335, 337, 347, 354, 359, 360, 365, 382, 384, 387, 389]
x_85: [3, 4, 7, 22, 30, 36, 40, 41, 44, 47, 54, 57, 58, 63, 67, 77, 79, 86, 87, 88, 91, 95, 97, 101, 107, 116, 119, 120, 121, 122, 148, 152, 154, 170, 171, 173, 175, 184, 190, 195, 198, 203, 212, 222, 227, 228, 232, 247, 254, 263, 265, 266, 268, 269, 280, 285, 288, 291, 293, 297, 301, 303, 306, 307, 319, 321, 324, 330, 332, 342, 344, 347, 351, 356, 357, 359, 363, 367, 369, 372, 376, 378, 379, 381, 383, 391, 392, 393]
x_86: [1, 4, 9, 11, 12, 15, 17, 19, 20, 22, 25, 33, 37, 40, 41, 42, 43, 72, 73, 77, 80, 81, 85, 91, 92, 94, 103, 105, 107, 112, 113, 114, 119, 121, 127, 129, 133, 140, 141, 154, 156, 157, 159, 173, 180, 183, 185, 187, 194, 196, 201, 203, 213, 216, 222, 229, 230, 231, 237, 245, 246, 259, 260, 263, 264, 268, 270, 273, 274, 275, 276, 277, 281, 283, 288, 291, 293, 300, 301, 305, 307, 320, 322, 323, 324, 328, 332, 336, 337, 339, 346, 348, 350, 353, 355, 359, 368, 369, 372, 373, 374, 375, 379, 380, 381, 396, 399]
x_87: [1, 2, 5, 7, 8, 10, 11, 20, 35, 38, 39, 40, 46, 48, 52, 56, 62, 63, 65, 66, 67, 70, 74, 75, 77, 78, 84, 85, 94, 95, 96, 98, 103, 105, 110, 112, 124, 128, 129, 134, 139, 140, 142, 147, 155, 157, 159, 169, 171, 176, 183, 185, 191, 193, 199, 201, 203, 205, 216, 218, 219, 222, 225, 227, 228, 230, 231, 234, 235, 244, 246, 250, 252, 253, 254, 256, 257, 259, 263, 264, 272, 277, 284, 290, 291, 292, 293, 299, 300, 303, 308, 310, 313, 317, 326, 337, 338, 340, 344, 345, 348, 356, 366, 367, 371, 376, 390, 391, 392, 395, 397, 398, 399]
x_88: [4, 28, 30, 38, 43, 47, 64, 66, 79, 80, 82, 85, 99, 100, 101, 102, 103, 106, 110, 112, 116, 118, 119, 120, 126, 134, 141, 143, 145, 148, 150, 152, 155, 156, 157, 158, 167, 170, 171, 172, 173, 174, 178, 180, 191, 192, 194, 196, 201, 215, 216, 227, 228, 234, 236, 242, 244, 257, 258, 261, 263, 267, 271, 273, 275, 281, 282, 284, 285, 290, 295, 304, 309, 316, 319, 325, 326, 327, 330, 332, 334, 344, 352, 353, 356, 358, 362, 365, 366, 368, 371, 375, 377, 378, 380, 383, 386, 394, 399]
x_89: [1, 8, 9, 13, 15, 17, 18, 19, 20, 22, 32, 33, 34, 47, 50, 52, 53, 57, 61, 64, 65, 67, 68, 69, 70, 71, 82, 91, 94, 107, 113, 116, 118, 124, 130, 134, 140, 142, 145, 146, 148, 150, 151, 156, 158, 159, 164, 167, 173, 177, 179, 190, 207, 211, 217, 220, 224, 227, 231, 236, 237, 251, 259, 262, 263, 270, 278, 282, 283, 286, 290, 295, 305, 315, 316, 322, 331, 332, 333, 353, 355, 356, 360, 361, 367, 371, 381, 383, 384, 385, 387, 395]
x_90: [1, 4, 5, 6, 9, 10, 13, 14, 17, 22, 23, 25, 34, 35, 37, 40, 42, 47, 48, 51, 52, 53, 55, 57, 58, 59, 63, 71, 74, 80, 82, 102, 104, 106, 109, 133, 146, 147, 148, 149, 151, 160, 165, 175, 182, 188, 191, 193, 194, 196, 201, 203, 217, 225, 226, 227, 231, 238, 246, 248, 250, 256, 258, 274, 277, 284, 289, 300, 301, 302, 306, 307, 315, 319, 320, 322, 326, 331, 332, 339, 351, 353, 356, 363, 367, 368, 370, 381, 387, 390, 400]
x_91: [1, 2, 4, 5, 7, 11, 12, 23, 26, 29, 32, 37, 56, 65, 66, 72, 73, 77, 85, 86, 89, 94, 96, 100, 105, 106, 108, 113, 118, 122, 124, 128, 133, 135, 139, 147, 151, 153, 155, 161, 162, 166, 172, 177, 178, 180, 181, 188, 190, 194, 203, 209, 215, 216, 220, 223, 227, 232, 234, 251, 252, 254, 261, 269, 272, 273, 275, 278, 287, 293, 294, 296, 299, 302, 306, 309, 314, 315, 317, 320, 323, 326, 328, 329, 330, 332, 335, 338, 343, 347, 356, 357, 358, 359, 363, 369, 376, 382, 385, 389, 397, 399]
x_92: [8, 11, 14, 15, 21, 29, 30, 37, 40, 45, 50, 64, 70, 79, 86, 94, 96, 97, 103, 107, 110, 112, 113, 115, 116, 118, 126, 127, 130, 131, 137, 139, 144, 146, 148, 155, 156, 159, 160, 164, 165, 166, 168, 170, 172, 175, 177, 192, 202, 203, 206, 211, 212, 216, 217, 220, 225, 227, 229, 230, 232, 233, 235, 237, 238, 239, 245, 246, 254, 255, 256, 258, 273, 275, 282, 284, 286, 291, 296, 297, 301, 303, 305, 310, 313, 314, 316, 318, 319, 321, 322, 329, 330, 334, 339, 344, 349, 353, 356, 368, 375, 381, 382, 384, 385, 389, 392, 393, 397, 398]
x_93: [3, 8, 11, 12, 14, 19, 24, 32, 35, 43, 46, 50, 51, 56, 57, 61, 63, 64, 66, 70, 77, 80, 83, 98, 105, 111, 116, 121, 125, 127, 129, 131, 132, 137, 138, 141, 152, 153, 156, 166, 169, 171, 175, 182, 185, 187, 189, 194, 197, 198, 202, 206, 211, 215, 216, 217, 218, 219, 220, 227, 229, 230, 232, 236, 239, 242, 245, 250, 251, 259, 261, 264, 265, 268, 275, 284, 291, 292, 296, 297, 299, 306, 308, 309, 310, 313, 316, 320, 323, 324, 325, 326, 333, 338, 340, 342, 353, 359, 363, 367, 375, 379, 382, 394]
x_94: [1, 5, 19, 30, 35, 39, 41, 45, 47, 49, 50, 54, 55, 56, 61, 65, 74, 75, 77, 78, 80, 84, 86, 87, 89, 91, 92, 96, 98, 105, 106, 108, 111, 112, 113, 118, 119, 121, 123, 127, 128, 138, 140, 142, 145, 153, 158, 169, 171, 174, 180, 181, 183, 185, 186, 188, 193, 195, 217, 220, 221, 225, 227, 229, 230, 232, 233, 238, 249, 250, 251, 253, 256, 258, 264, 272, 275, 276, 281, 285, 286, 287, 290, 294, 296, 301, 306, 307, 322, 325, 326, 327, 332, 334, 336, 337, 338, 346, 350, 352, 355, 357, 358, 365, 367, 378, 382, 389, 391, 394, 399, 400]
x_95: [1, 8, 9, 18, 23, 24, 25, 26, 28, 35, 40, 42, 44, 52, 53, 55, 63, 64, 66, 80, 83, 85, 87, 97, 102, 115, 119, 120, 121, 126, 133, 137, 138, 140, 141, 142, 143, 146, 151, 157, 160, 165, 176, 185, 186, 187, 191, 196, 197, 202, 211, 212, 213, 215, 218, 222, 224, 228, 233, 234, 243, 245, 252, 256, 258, 260, 261, 267, 271, 273, 276, 278, 279, 287, 289, 291, 292, 293, 300, 302, 308, 312, 319, 321, 323, 325, 331, 333, 342, 345, 346, 352, 354, 355, 357, 361, 362, 372, 373, 377, 379, 387, 389, 395]
x_96: [3, 4, 5, 7, 12, 25, 26, 27, 31, 34, 42, 48, 52, 59, 62, 63, 64, 75, 78, 81, 82, 87, 91, 92, 94, 100, 103, 105, 111, 116, 121, 123, 126, 130, 132, 134, 138, 140, 145, 151, 154, 160, 162, 163, 165, 166, 177, 181, 189, 190, 196, 197, 206, 212, 214, 215, 220, 221, 224, 230, 233, 240, 241, 242, 243, 245, 246, 249, 252, 257, 259, 274, 276, 277, 279, 284, 291, 294, 296, 303, 307, 311, 312, 321, 324, 325, 329, 331, 332, 335, 338, 340, 348, 349, 355, 364, 365, 375, 381, 383, 395, 399, 400]
x_97: [1, 19, 33, 35, 36, 42, 44, 46, 52, 56, 67, 71, 72, 77, 79, 81, 85, 92, 95, 98, 102, 110, 111, 112, 113, 115, 130, 136, 137, 139, 140, 146, 148, 150, 152, 156, 159, 161, 165, 168, 171, 174, 176, 177, 179, 180, 183, 186, 188, 194, 197, 213, 218, 222, 224, 232, 233, 237, 238, 241, 242, 256, 258, 260, 262, 266, 271, 274, 284, 285, 289, 291, 296, 298, 308, 312, 317, 319, 323, 325, 329, 333, 342, 346, 347, 352, 361, 365, 366, 367, 370, 371, 372, 375, 377, 387, 388]
x_98: [9, 13, 14, 17, 18, 30, 33, 34, 40, 41, 43, 52, 53, 66, 82, 87, 93, 94, 97, 100, 102, 103, 109, 114, 127, 134, 144, 148, 149, 152, 154, 156, 157, 159, 166, 173, 189, 193, 199, 203, 207, 208, 219, 224, 226, 235, 239, 240, 241, 242, 244, 245, 246, 249, 252, 257, 258, 262, 265, 266, 270, 271, 273, 280, 281, 285, 290, 292, 296, 305, 308, 322, 328, 330, 345, 346, 349, 351, 352, 354, 357, 361, 365, 373, 374, 377, 378, 384, 385, 387, 390, 393]
x_99: [4, 8, 21, 23, 37, 39, 45, 51, 53, 54, 55, 60, 61, 65, 71, 74, 75, 88, 102, 104, 105, 107, 108, 113, 114, 120, 121, 134, 142, 147, 150, 154, 160, 163, 164, 170, 171, 174, 179, 180, 193, 196, 200, 206, 211, 225, 230, 235, 240, 241, 242, 243, 246, 247, 252, 254, 255, 259, 261, 269, 274, 277, 284, 290, 291, 292, 302, 304, 306, 313, 318, 324, 327, 332, 336, 338, 342, 357, 360, 362, 364, 367, 370, 379, 383, 388, 392]
x_100: [7, 9, 16, 19, 24, 39, 40, 47, 50, 51, 56, 58, 59, 63, 66, 69, 71, 75, 76, 77, 88, 91, 96, 98, 102, 107, 108, 118, 128, 131, 132, 139, 141, 146, 149, 150, 153, 154, 156, 157, 166, 172, 178, 180, 187, 191, 204, 210, 213, 214, 215, 217, 225, 227, 229, 234, 249, 251, 252, 253, 254, 255, 259, 260, 264, 268, 269, 270, 275, 281, 283, 284, 285, 288, 291, 295, 302, 305, 313, 316, 323, 327, 331, 332, 336, 338, 343, 345, 346, 347, 357, 358, 361, 370, 374, 378, 383, 388, 392]
x_101: [1, 8, 9, 22, 24, 26, 29, 31, 36, 39, 41, 49, 50, 53, 54, 57, 58, 60, 67, 68, 69, 75, 85, 88, 104, 117, 118, 123, 128, 130, 133, 145, 146, 150, 153, 154, 158, 162, 168, 175, 177, 185, 186, 187, 189, 194, 196, 210, 213, 216, 217, 218, 223, 224, 228, 230, 235, 236, 239, 240, 248, 254, 255, 258, 259, 260, 263, 270, 275, 283, 285, 288, 295, 303, 308, 313, 314, 320, 326, 327, 331, 333, 335, 337, 340, 342, 343, 345, 348, 349, 356, 359, 363, 369, 370, 378, 380, 384, 393, 399]
x_102: [1, 2, 3, 4, 7, 8, 9, 10, 14, 15, 18, 20, 25, 53, 56, 57, 58, 59, 65, 67, 69, 74, 76, 80, 81, 83, 84, 88, 90, 95, 97, 98, 99, 100, 111, 112, 114, 119, 121, 125, 134, 135, 138, 146, 149, 151, 172, 179, 181, 184, 185, 187, 188, 197, 199, 202, 203, 206, 208, 212, 217, 219, 227, 229, 233, 237, 238, 241, 243, 245, 246, 251, 255, 257, 261, 262, 271, 277, 278, 279, 289, 291, 293, 296, 298, 301, 303, 309, 315, 318, 320, 331, 340, 342, 348, 353, 372, 379, 381, 386, 388, 394, 399]
x_103: [2, 6, 11, 13, 25, 26, 33, 35, 46, 50, 51, 56, 57, 66, 72, 74, 77, 78, 79, 81, 83, 84, 86, 87, 88, 92, 96, 98, 104, 112, 114, 116, 118, 120, 121, 126, 129, 130, 142, 150, 153, 158, 164, 167, 172, 178, 185, 187, 191, 192, 194, 195, 223, 228, 232, 233, 234, 245, 247, 251, 253, 254, 257, 262, 271, 273, 275, 280, 283, 286, 292, 297, 302, 306, 309, 310, 313, 316, 321, 323, 332, 335, 337, 338, 341, 349, 358, 360, 362, 363, 371, 376, 380, 385, 386, 393, 398]
x_104: [3, 4, 5, 8, 11, 16, 21, 23, 24, 28, 30, 32, 33, 34, 36, 41, 43, 48, 54, 64, 66, 67, 73, 80, 82, 84, 90, 99, 101, 103, 107, 111, 113, 114, 119, 120, 121, 128, 135, 136, 137, 139, 140, 152, 154, 156, 158, 161, 165, 166, 173, 176, 180, 185, 190, 191, 192, 193, 194, 205, 211, 215, 217, 220, 228, 234, 249, 258, 262, 264, 275, 278, 280, 285, 296, 298, 304, 312, 315, 317, 318, 325, 331, 334, 338, 342, 348, 350, 351, 361, 364, 368, 370, 373, 375, 380, 382, 387, 392, 393, 394, 400]
x_105: [2, 7, 8, 13, 23, 34, 35, 36, 39, 47, 49, 51, 53, 54, 62, 68, 75, 77, 78, 80, 83, 84, 86, 87, 91, 93, 94, 96, 99, 107, 108, 110, 118, 119, 122, 125, 134, 137, 140, 144, 146, 149, 158, 159, 162, 169, 172, 173, 175, 179, 182, 187, 191, 196, 207, 208, 210, 214, 216, 217, 218, 219, 227, 229, 233, 234, 240, 244, 253, 254, 258, 259, 260, 268, 269, 270, 274, 282, 284, 291, 292, 302, 319, 330, 331, 333, 339, 347, 354, 356, 361, 362, 364, 370, 373, 376, 394, 396]
x_106: [1, 4, 5, 9, 12, 19, 27, 34, 35, 36, 43, 45, 49, 53, 54, 57, 62, 65, 67, 71, 74, 78, 80, 83, 88, 90, 91, 94, 112, 113, 114, 115, 116, 124, 125, 126, 128, 129, 132, 133, 134, 135, 140, 143, 145, 147, 152, 157, 165, 170, 177, 178, 183, 185, 189, 191, 192, 194, 197, 202, 203, 205, 207, 208, 209, 212, 215, 216, 224, 225, 228, 235, 239, 250, 259, 268, 272, 276, 280, 285, 295, 298, 310, 312, 316, 322, 327, 334, 337, 338, 342, 344, 348, 354, 356, 357, 359, 364, 368, 369, 378, 382, 383, 387, 388, 389, 391, 395, 398]
x_107: [2, 3, 4, 7, 10, 14, 18, 24, 30, 31, 32, 33, 34, 35, 42, 43, 45, 47, 50, 52, 56, 58, 59, 61, 62, 64, 65, 66, 72, 77, 84, 85, 86, 89, 92, 99, 100, 104, 105, 111, 117, 119, 122, 127, 133, 136, 141, 142, 143, 145, 146, 149, 151, 153, 154, 155, 165, 166, 167, 168, 170, 173, 175, 187, 194, 196, 197, 200, 214, 232, 234, 236, 238, 249, 251, 252, 254, 257, 260, 263, 264, 269, 273, 282, 294, 297, 299, 300, 301, 308, 317, 322, 328, 334, 342, 347, 348, 349, 355, 357, 360, 362, 368, 371, 374, 377, 381, 382, 387, 389, 392, 394, 396, 397, 399]
x_108: [3, 4, 7, 14, 27, 32, 33, 41, 43, 45, 50, 54, 57, 62, 65, 77, 91, 94, 99, 100, 105, 113, 115, 117, 118, 122, 129, 130, 132, 133, 136, 140, 143, 145, 151, 152, 153, 155, 158, 159, 162, 168, 170, 173, 179, 183, 187, 191, 192, 193, 196, 201, 209, 215, 216, 217, 219, 226, 229, 239, 240, 245, 249, 255, 261, 266, 267, 268, 273, 278, 280, 282, 285, 286, 287, 293, 296, 299, 302, 309, 316, 327, 328, 335, 336, 347, 349, 353, 355, 358, 360, 366, 370, 372, 382, 384, 392, 395, 396, 398, 399, 400]
x_109: [5, 6, 7, 11, 12, 13, 20, 26, 27, 32, 33, 36, 46, 59, 60, 63, 65, 66, 68, 77, 83, 90, 98, 110, 113, 128, 133, 138, 140, 147, 148, 153, 157, 167, 168, 172, 179, 180, 187, 190, 198, 208, 210, 213, 215, 225, 230, 233, 236, 241, 244, 245, 246, 247, 249, 258, 259, 267, 269, 271, 272, 276, 292, 295, 296, 299, 300, 306, 311, 313, 316, 318, 320, 335, 338, 344, 346, 349, 352, 356, 360, 365, 383, 388, 392, 398, 399]
x_110: [1, 2, 5, 12, 14, 18, 21, 22, 24, 37, 39, 41, 63, 73, 79, 84, 87, 88, 92, 97, 105, 109, 116, 118, 120, 122, 124, 131, 135, 136, 139, 144, 150, 154, 159, 161, 164, 166, 168, 174, 176, 178, 183, 192, 193, 194, 195, 198, 199, 201, 202, 215, 220, 222, 223, 224, 227, 236, 241, 243, 244, 253, 258, 261, 266, 270, 274, 278, 280, 283, 284, 290, 294, 296, 302, 303, 305, 307, 309, 312, 318, 323, 324, 325, 327, 329, 332, 333, 336, 349, 359, 367, 369, 372, 380, 381, 383, 386, 396, 397, 399]
x_111: [1, 3, 19, 22, 24, 25, 28, 31, 37, 41, 48, 53, 54, 56, 59, 66, 73, 76, 77, 83, 93, 94, 96, 97, 102, 104, 107, 116, 121, 122, 126, 127, 135, 145, 148, 151, 154, 156, 160, 164, 174, 175, 179, 180, 186, 190, 200, 207, 211, 213, 218, 222, 223, 225, 227, 228, 229, 242, 247, 256, 259, 264, 266, 268, 269, 274, 276, 280, 284, 285, 290, 291, 292, 294, 298, 303, 304, 305, 317, 319, 324, 333, 347, 357, 359, 361, 369, 370, 371, 372, 373, 377, 388, 392, 395, 396, 397]
x_112: [8, 10, 16, 17, 19, 23, 30, 35, 39, 42, 46, 66, 67, 68, 75, 79, 83, 86, 87, 88, 92, 94, 97, 102, 103, 106, 113, 115, 118, 123, 126, 131, 133, 135, 137, 146, 147, 148, 153, 154, 157, 162, 173, 178, 187, 188, 192, 195, 196, 197, 198, 199, 201, 205, 210, 211, 213, 214, 215, 221, 223, 227, 231, 234, 235, 237, 249, 251, 253, 257, 261, 265, 267, 268, 274, 277, 279, 293, 295, 298, 304, 308, 309, 310, 312, 314, 324, 330, 332, 334, 335, 336, 337, 338, 340, 341, 342, 343, 345, 346, 353, 357, 364, 366, 367, 369, 372, 377, 379, 386, 387, 389, 392, 394, 397, 398]
x_113: [1, 7, 15, 17, 18, 20, 22, 30, 36, 37, 41, 43, 46, 52, 53, 60, 61, 63, 71, 74, 78, 79, 80, 83, 84, 86, 89, 91, 92, 94, 97, 99, 104, 106, 108, 109, 112, 117, 118, 119, 121, 123, 129, 134, 136, 139, 141, 146, 150, 154, 155, 164, 168, 177, 179, 183, 188, 192, 200, 204, 215, 224, 229, 234, 235, 242, 244, 253, 256, 258, 259, 264, 272, 273, 275, 284, 296, 297, 298, 299, 306, 307, 309, 319, 323, 330, 334, 336, 352, 355, 359, 364, 366, 369, 370, 373, 375, 385, 388, 391, 396, 398, 400]
x_114: [2, 6, 9, 13, 14, 16, 45, 47, 48, 49, 53, 54, 55, 61, 63, 71, 73, 77, 80, 82, 86, 98, 99, 102, 103, 104, 106, 118, 123, 128, 138, 139, 147, 174, 182, 183, 186, 188, 191, 193, 203, 207, 209, 217, 219, 222, 223, 226, 232, 233, 239, 240, 246, 250, 252, 253, 256, 258, 260, 263, 267, 270, 277, 279, 289, 295, 300, 306, 316, 319, 326, 327, 330, 333, 341, 345, 347, 365, 377, 379, 380, 381, 385, 386, 389]
x_115: [3, 4, 6, 9, 10, 11, 14, 18, 26, 28, 30, 38, 43, 50, 52, 54, 58, 61, 70, 79, 92, 95, 97, 106, 108, 112, 116, 118, 125, 126, 132, 134, 136, 139, 141, 145, 146, 147, 148, 150, 151, 153, 155, 159, 175, 181, 185, 191, 198, 203, 213, 217, 222, 226, 227, 229, 230, 239, 246, 250, 253, 255, 263, 266, 267, 278, 280, 293, 296, 300, 303, 304, 306, 307, 316, 317, 318, 327, 330, 332, 334, 337, 341, 348, 351, 355, 368, 370, 374, 376, 384, 387, 388, 389, 391, 399]
x_116: [3, 5, 12, 18, 22, 32, 33, 35, 36, 46, 52, 62, 68, 69, 75, 79, 85, 88, 89, 92, 93, 96, 103, 106, 110, 111, 115, 117, 119, 120, 125, 128, 132, 133, 138, 140, 143, 145, 146, 156, 160, 167, 168, 169, 177, 179, 180, 181, 188, 189, 190, 193, 200, 203, 208, 211, 213, 214, 216, 222, 223, 225, 227, 229, 232, 234, 238, 241, 247, 250, 252, 261, 265, 267, 268, 270, 271, 272, 278, 280, 291, 292, 298, 301, 302, 305, 308, 311, 316, 320, 321, 322, 326, 334, 337, 340, 345, 352, 361, 370, 371, 378, 386]
x_117: [1, 7, 10, 11, 14, 17, 18, 21, 28, 36, 44, 46, 48, 60, 68, 74, 78, 81, 101, 107, 108, 113, 116, 124, 125, 126, 128, 138, 139, 140, 145, 149, 153, 158, 160, 163, 164, 174, 178, 180, 186, 194, 202, 203, 212, 215, 228, 229, 236, 241, 249, 256, 260, 262, 270, 292, 293, 295, 298, 300, 315, 319, 322, 328, 332, 333, 334, 340, 342, 344, 349, 352, 353, 355, 360, 361, 363, 366, 367, 370, 371, 374, 384, 386, 387, 388, 394]
x_118: [3, 4, 6, 18, 21, 27, 28, 30, 35, 36, 60, 62, 63, 66, 71, 72, 76, 80, 81, 82, 88, 89, 91, 92, 94, 100, 101, 103, 105, 108, 110, 112, 113, 114, 115, 121, 133, 139, 142, 147, 155, 159, 161, 162, 169, 173, 174, 185, 193, 196, 202, 203, 204, 210, 214, 224, 230, 236, 242, 248, 249, 251, 256, 258, 260, 262, 267, 272, 274, 275, 279, 280, 282, 284, 292, 303, 306, 307, 308, 311, 317, 322, 324, 326, 328, 333, 334, 335, 336, 338, 341, 344, 348, 358, 364, 374, 378, 381, 385, 398]
x_119: [3, 6, 7, 10, 11, 12, 13, 14, 17, 20, 21, 26, 31, 33, 34, 43, 44, 50, 53, 63, 67, 68, 78, 80, 83, 85, 86, 88, 94, 95, 102, 104, 105, 107, 113, 116, 120, 122, 128, 130, 132, 134, 136, 137, 139, 143, 144, 147, 148, 157, 161, 162, 166, 167, 168, 183, 187, 196, 198, 203, 207, 216, 218, 224, 227, 236, 237, 238, 239, 242, 245, 248, 252, 253, 255, 257, 264, 267, 277, 281, 288, 293, 296, 312, 316, 320, 321, 322, 324, 326, 327, 328, 330, 333, 337, 340, 342, 346, 364, 365, 368, 369, 372, 384, 386, 389, 391, 392, 393, 394]
x_120: [10, 12, 14, 15, 20, 25, 32, 37, 44, 46, 48, 50, 52, 53, 56, 58, 62, 78, 79, 85, 88, 95, 99, 103, 104, 110, 116, 119, 121, 123, 134, 137, 138, 140, 149, 155, 156, 157, 163, 164, 166, 167, 172, 174, 175, 189, 200, 202, 204, 206, 214, 215, 220, 222, 224, 233, 241, 242, 244, 245, 248, 255, 260, 262, 265, 267, 268, 272, 295, 302, 304, 305, 309, 311, 313, 318, 320, 322, 323, 326, 333, 338, 340, 342, 343, 347, 351, 352, 353, 360, 361, 365, 367, 370, 376, 384, 393]
x_121: [1, 2, 5, 13, 15, 23, 24, 33, 36, 45, 53, 57, 62, 65, 72, 84, 85, 86, 93, 94, 95, 96, 99, 102, 103, 104, 111, 113, 118, 120, 122, 126, 127, 129, 138, 140, 144, 145, 151, 156, 161, 162, 163, 164, 165, 167, 170, 183, 192, 194, 195, 206, 207, 214, 216, 220, 222, 225, 226, 227, 230, 234, 235, 240, 241, 242, 248, 252, 257, 262, 264, 266, 270, 271, 272, 276, 280, 284, 285, 286, 288, 293, 299, 300, 303, 305, 311, 312, 314, 316, 317, 319, 323, 331, 343, 357, 364, 366, 368, 372, 382, 386, 390, 391, 395]
x_122: [2, 5, 8, 9, 14, 18, 19, 23, 29, 30, 34, 43, 50, 52, 54, 56, 59, 71, 84, 85, 91, 105, 107, 108, 110, 111, 119, 121, 128, 134, 135, 136, 138, 151, 152, 163, 164, 169, 171, 172, 176, 177, 178, 191, 195, 203, 208, 224, 230, 239, 246, 251, 253, 257, 258, 263, 270, 274, 275, 284, 286, 288, 292, 296, 297, 299, 300, 305, 308, 311, 319, 326, 328, 330, 334, 341, 346, 347, 348, 349, 353, 356, 358, 360, 369, 370, 371, 381, 382, 391, 398, 399, 400]
x_123: [3, 4, 6, 14, 16, 22, 24, 25, 26, 28, 30, 33, 42, 44, 45, 52, 55, 61, 64, 66, 69, 70, 73, 77, 78, 82, 84, 94, 96, 101, 112, 113, 114, 120, 127, 131, 132, 136, 140, 143, 145, 147, 149, 150, 159, 163, 168, 190, 196, 199, 200, 205, 206, 212, 220, 230, 231, 232, 234, 239, 240, 246, 250, 256, 257, 258, 259, 262, 265, 267, 268, 269, 277, 280, 282, 293, 295, 304, 311, 326, 328, 329, 331, 333, 334, 343, 346, 350, 355, 358, 362, 363, 365, 375, 379, 380, 381, 383, 393]
x_124: [4, 13, 16, 17, 18, 23, 38, 41, 49, 50, 53, 54, 59, 60, 66, 69, 70, 73, 83, 87, 89, 91, 106, 110, 117, 129, 130, 135, 144, 148, 149, 150, 153, 154, 160, 161, 162, 164, 166, 173, 181, 184, 185, 188, 190, 192, 200, 202, 204, 207, 210, 216, 224, 231, 236, 239, 254, 258, 261, 263, 264, 266, 272, 274, 277, 280, 281, 298, 299, 301, 309, 311, 314, 318, 325, 330, 334, 344, 351, 361, 374, 384, 388, 392, 396, 400]
x_125: [1, 2, 4, 14, 19, 20, 23, 26, 29, 31, 38, 47, 50, 59, 60, 62, 69, 70, 76, 93, 102, 105, 106, 115, 116, 117, 128, 129, 133, 138, 139, 141, 142, 147, 148, 152, 156, 161, 162, 165, 166, 170, 171, 179, 181, 183, 184, 192, 193, 195, 202, 204, 205, 212, 221, 223, 230, 234, 238, 243, 251, 252, 255, 259, 261, 264, 272, 275, 278, 282, 286, 291, 292, 293, 296, 305, 309, 313, 314, 316, 317, 321, 322, 327, 332, 334, 348, 351, 362, 374, 385, 388, 390, 393, 400]
x_126: [8, 10, 12, 13, 24, 26, 30, 31, 35, 40, 43, 44, 47, 48, 51, 52, 53, 57, 65, 66, 67, 74, 78, 80, 82, 84, 88, 92, 95, 96, 103, 106, 111, 112, 115, 117, 121, 129, 135, 136, 140, 142, 146, 147, 152, 161, 164, 171, 178, 180, 185, 186, 188, 189, 198, 209, 214, 218, 219, 233, 236, 244, 249, 254, 256, 258, 267, 268, 270, 272, 274, 276, 281, 282, 284, 292, 293, 294, 295, 299, 301, 303, 305, 312, 316, 318, 320, 321, 322, 324, 327, 329, 331, 341, 345, 348, 356, 357, 359, 360, 364, 365, 367, 372, 376, 384, 391, 398]
x_127: [4, 12, 18, 34, 38, 45, 56, 62, 63, 77, 79, 81, 86, 92, 93, 94, 98, 107, 111, 121, 123, 131, 134, 139, 141, 152, 154, 164, 168, 172, 180, 181, 188, 190, 191, 195, 199, 208, 209, 211, 213, 215, 219, 224, 230, 237, 247, 252, 255, 256, 258, 270, 273, 274, 283, 288, 289, 297, 305, 308, 309, 310, 311, 313, 316, 320, 321, 322, 323, 325, 333, 336, 344, 345, 351, 355, 356, 359, 363, 365, 369, 370, 371, 374, 375, 379, 388, 389]
x_128: [1, 10, 18, 23, 24, 26, 33, 37, 42, 47, 53, 59, 60, 63, 65, 68, 69, 73, 82, 87, 91, 94, 100, 101, 104, 106, 109, 114, 116, 117, 119, 122, 125, 129, 139, 140, 141, 148, 150, 153, 154, 156, 162, 168, 174, 178, 183, 191, 192, 200, 201, 208, 210, 211, 215, 216, 219, 221, 226, 234, 238, 244, 245, 246, 249, 250, 253, 254, 255, 256, 257, 262, 269, 284, 297, 300, 302, 303, 309, 310, 317, 318, 331, 339, 340, 342, 343, 350, 352, 354, 372, 376, 379, 383, 384, 386, 387, 389, 393, 394, 396]
x_129: [2, 4, 7, 13, 14, 15, 17, 20, 26, 38, 49, 50, 51, 55, 63, 64, 67, 68, 70, 75, 83, 84, 86, 87, 93, 103, 106, 108, 113, 121, 124, 125, 126, 128, 141, 148, 158, 164, 170, 171, 174, 187, 190, 213, 215, 219, 222, 229, 230, 243, 244, 245, 246, 250, 258, 263, 264, 277, 278, 279, 280, 281, 292, 293, 296, 304, 305, 310, 317, 322, 332, 333, 334, 336, 339, 341, 343, 345, 347, 349, 357, 358, 362, 370, 379, 380, 381, 384, 386, 388, 394, 397]
x_130: [3, 5, 10, 13, 14, 17, 21, 23, 24, 26, 27, 30, 32, 34, 51, 52, 54, 56, 60, 66, 82, 89, 92, 96, 97, 101, 103, 108, 119, 124, 133, 138, 145, 149, 154, 157, 159, 161, 162, 164, 166, 167, 169, 171, 172, 173, 178, 179, 180, 192, 194, 196, 200, 207, 211, 212, 217, 218, 221, 223, 230, 232, 233, 236, 241, 245, 247, 249, 252, 254, 256, 260, 265, 274, 275, 279, 281, 282, 284, 285, 291, 292, 294, 307, 309, 315, 317, 322, 324, 325, 329, 331, 332, 336, 337, 353, 355, 358, 365, 378, 379, 383, 398]
x_131: [1, 5, 7, 12, 29, 31, 38, 42, 46, 47, 56, 60, 76, 84, 92, 93, 100, 110, 112, 123, 127, 140, 141, 144, 148, 160, 173, 186, 191, 198, 204, 207, 213, 215, 223, 226, 230, 231, 234, 239, 240, 251, 252, 265, 271, 276, 277, 278, 287, 290, 295, 297, 302, 325, 328, 330, 335, 336, 337, 343, 344, 354, 358, 363, 373, 377, 379, 383, 388, 389, 395]
x_132: [5, 17, 19, 25, 29, 37, 44, 53, 56, 58, 62, 63, 64, 68, 69, 70, 81, 93, 96, 100, 106, 108, 115, 116, 119, 123, 134, 136, 143, 152, 157, 158, 180, 182, 184, 186, 188, 194, 198, 200, 201, 204, 214, 218, 219, 227, 229, 238, 243, 244, 257, 263, 264, 268, 271, 280, 281, 284, 285, 286, 287, 290, 298, 302, 304, 307, 312, 321, 323, 328, 329, 339, 344, 346, 349, 351, 353, 359, 367, 369, 370, 380, 388, 393, 395]
x_133: [4, 5, 7, 8, 9, 11, 18, 20, 30, 37, 38, 39, 42, 44, 49, 50, 56, 61, 63, 66, 71, 72, 74, 81, 82, 86, 90, 91, 95, 101, 106, 107, 108, 109, 112, 116, 118, 125, 130, 136, 138, 141, 146, 148, 165, 171, 172, 173, 176, 179, 180, 183, 186, 191, 193, 203, 205, 206, 207, 209, 211, 212, 214, 215, 216, 217, 222, 224, 233, 234, 237, 238, 241, 245, 248, 249, 250, 251, 257, 263, 264, 266, 267, 270, 271, 273, 275, 291, 292, 295, 297, 299, 305, 309, 310, 313, 315, 320, 321, 323, 328, 338, 340, 347, 350, 351, 356, 359, 362, 371, 372, 374, 378, 382, 384, 390, 393, 400]
x_134: [1, 9, 16, 17, 27, 29, 34, 36, 40, 42, 44, 45, 50, 52, 56, 66, 75, 87, 88, 89, 96, 98, 99, 102, 105, 106, 113, 115, 119, 120, 122, 127, 132, 140, 141, 143, 147, 151, 159, 164, 167, 173, 177, 181, 184, 191, 192, 193, 195, 200, 204, 205, 208, 209, 230, 244, 246, 249, 253, 261, 267, 270, 272, 275, 278, 280, 284, 286, 287, 288, 290, 291, 294, 297, 299, 314, 317, 323, 324, 332, 333, 337, 341, 350, 352, 354, 360, 361, 369, 373, 374, 375, 376, 377, 381, 382, 383, 384, 391, 394, 395, 396]
x_135: [3, 4, 5, 13, 15, 23, 28, 30, 32, 33, 34, 37, 42, 48, 52, 60, 61, 62, 64, 70, 71, 75, 81, 83, 84, 91, 102, 104, 106, 110, 111, 112, 122, 124, 126, 137, 138, 157, 158, 161, 165, 169, 172, 182, 185, 191, 198, 200, 201, 204, 206, 209, 214, 218, 219, 223, 227, 228, 255, 258, 263, 271, 273, 274, 280, 281, 287, 288, 297, 308, 312, 318, 331, 335, 342, 345, 355, 361, 371, 372, 373, 379, 382, 385, 390, 395]
x_136: [2, 8, 12, 15, 22, 23, 28, 35, 37, 46, 48, 50, 53, 54, 58, 60, 65, 79, 82, 83, 97, 104, 107, 108, 110, 113, 115, 119, 122, 123, 126, 132, 133, 145, 146, 147, 148, 152, 153, 161, 163, 169, 173, 183, 184, 186, 201, 202, 204, 213, 220, 221, 223, 224, 229, 230, 231, 232, 237, 243, 256, 260, 262, 263, 265, 266, 268, 272, 280, 281, 293, 298, 300, 304, 312, 338, 343, 352, 357, 362, 363, 367, 368, 373, 378, 385, 388, 389, 391, 392, 396, 397, 398, 400]
x_137: [3, 8, 22, 24, 30, 31, 32, 35, 39, 40, 43, 45, 48, 51, 56, 57, 60, 63, 67, 68, 74, 75, 78, 84, 92, 93, 95, 97, 104, 105, 112, 119, 120, 135, 139, 140, 143, 152, 154, 156, 157, 170, 171, 177, 181, 183, 185, 192, 193, 197, 200, 202, 203, 206, 208, 221, 222, 223, 225, 230, 238, 247, 254, 256, 258, 262, 270, 281, 283, 285, 290, 295, 300, 303, 307, 312, 316, 320, 321, 323, 324, 325, 331, 335, 336, 340, 342, 344, 347, 350, 353, 360, 368, 369, 370, 372, 375, 379, 380, 381, 384, 385, 391, 392, 397, 398]
x_138: [12, 13, 14, 20, 29, 32, 33, 34, 36, 37, 39, 49, 58, 62, 65, 79, 83, 93, 94, 95, 96, 102, 109, 114, 116, 117, 120, 121, 122, 125, 130, 133, 135, 141, 144, 150, 152, 155, 159, 161, 164, 170, 176, 177, 182, 183, 186, 187, 189, 192, 195, 208, 211, 214, 215, 217, 222, 223, 231, 236, 237, 238, 242, 243, 253, 254, 260, 262, 266, 268, 269, 275, 277, 284, 285, 295, 299, 300, 315, 318, 323, 326, 336, 338, 341, 342, 347, 359, 361, 363, 367, 374, 377, 382, 385, 387]
x_139: [2, 5, 9, 12, 13, 14, 15, 16, 19, 23, 27, 33, 34, 35, 39, 41, 44, 49, 53, 59, 62, 65, 69, 72, 81, 82, 87, 91, 92, 97, 100, 104, 110, 113, 114, 115, 117, 118, 119, 125, 127, 128, 137, 144, 146, 147, 150, 162, 170, 178, 185, 188, 192, 196, 198, 203, 206, 210, 211, 216, 221, 223, 225, 226, 232, 234, 237, 239, 241, 248, 255, 260, 261, 264, 267, 271, 274, 277, 278, 288, 294, 306, 307, 308, 309, 314, 315, 323, 324, 327, 330, 331, 334, 347, 351, 352, 353, 355, 366, 367, 370, 371, 372, 388]
x_140: [3, 7, 9, 10, 12, 17, 19, 22, 30, 32, 34, 41, 43, 53, 55, 60, 63, 64, 73, 75, 78, 81, 83, 84, 86, 87, 89, 94, 95, 96, 97, 104, 105, 106, 108, 109, 116, 117, 120, 121, 123, 126, 128, 131, 134, 137, 143, 147, 149, 151, 164, 165, 168, 177, 178, 191, 194, 196, 207, 208, 209, 210, 211, 214, 215, 216, 220, 229, 230, 234, 237, 238, 239, 241, 244, 247, 250, 258, 262, 268, 284, 300, 315, 320, 321, 328, 333, 335, 337, 338, 343, 360, 373, 378, 381, 387, 388, 389, 390, 396, 398]
x_141: [8, 18, 19, 21, 29, 30, 35, 39, 45, 46, 47, 48, 49, 52, 56, 63, 64, 69, 70, 77, 80, 81, 86, 88, 93, 95, 100, 107, 113, 115, 125, 127, 128, 129, 131, 133, 134, 138, 144, 147, 150, 151, 153, 154, 159, 161, 163, 164, 165, 176, 178, 179, 188, 191, 192, 195, 196, 198, 206, 215, 218, 227, 234, 236, 240, 244, 245, 253, 256, 261, 264, 266, 274, 278, 279, 288, 307, 308, 314, 315, 317, 321, 322, 328, 329, 331, 338, 344, 351, 362, 366, 367, 368, 374, 376, 384, 395, 396]
x_142: [1, 12, 13, 14, 21, 28, 31, 35, 38, 44, 62, 65, 69, 76, 77, 78, 79, 81, 87, 89, 94, 95, 99, 103, 107, 118, 125, 126, 147, 149, 153, 154, 158, 163, 166, 167, 173, 176, 177, 179, 184, 188, 190, 193, 194, 200, 208, 210, 214, 218, 219, 225, 226, 228, 231, 232, 233, 236, 251, 255, 256, 268, 269, 272, 277, 279, 280, 281, 282, 285, 289, 292, 295, 301, 303, 305, 306, 307, 314, 315, 317, 326, 329, 330, 334, 336, 339, 343, 345, 346, 349, 352, 358, 360, 361, 371, 372, 374, 375, 382, 386, 387, 390, 391, 395, 396]
x_143: [2, 15, 20, 21, 23, 24, 27, 30, 33, 34, 37, 39, 42, 44, 50, 55, 58, 60, 68, 74, 81, 88, 95, 106, 107, 108, 116, 119, 123, 132, 134, 137, 140, 147, 152, 155, 158, 162, 163, 166, 169, 171, 172, 174, 175, 176, 183, 188, 193, 196, 197, 202, 210, 214, 215, 217, 228, 240, 242, 243, 248, 249, 254, 263, 265, 271, 273, 276, 277, 278, 279, 284, 287, 288, 293, 301, 302, 323, 325, 329, 332, 337, 341, 343, 345, 346, 348, 349, 352, 354, 360, 362, 366, 368, 382, 387, 388, 393, 395, 399]
x_144: [8, 9, 14, 16, 17, 18, 22, 26, 31, 34, 38, 43, 58, 68, 82, 83, 92, 98, 105, 110, 119, 121, 124, 131, 138, 139, 141, 154, 159, 162, 171, 180, 182, 188, 192, 194, 198, 199, 211, 216, 217, 222, 225, 227, 229, 234, 240, 243, 244, 245, 249, 252, 260, 263, 264, 265, 271, 272, 275, 276, 282, 289, 291, 293, 294, 299, 301, 306, 307, 318, 320, 324, 325, 333, 341, 350, 360, 365, 372, 375, 382, 386, 392, 398, 400]
x_145: [3, 8, 12, 14, 22, 27, 30, 33, 40, 43, 47, 48, 53, 60, 62, 66, 69, 70, 71, 72, 73, 74, 76, 77, 82, 88, 89, 94, 96, 101, 106, 107, 108, 111, 115, 116, 117, 121, 123, 130, 136, 149, 150, 151, 153, 163, 172, 174, 176, 177, 182, 185, 188, 191, 204, 210, 219, 224, 227, 228, 232, 238, 251, 252, 254, 256, 257, 265, 266, 270, 277, 284, 288, 289, 291, 294, 311, 312, 313, 317, 322, 323, 327, 328, 329, 334, 336, 340, 343, 348, 356, 358, 359, 360, 361, 363, 364, 368, 374, 375, 377, 379, 380, 385, 388, 394, 397]
x_146: [1, 3, 5, 10, 13, 20, 21, 25, 31, 32, 33, 34, 38, 43, 48, 54, 64, 69, 74, 76, 89, 90, 92, 95, 97, 100, 101, 102, 105, 107, 112, 113, 115, 116, 126, 133, 136, 139, 150, 155, 156, 169, 175, 180, 184, 186, 197, 199, 205, 206, 208, 209, 211, 225, 231, 233, 243, 245, 247, 250, 251, 252, 260, 264, 267, 271, 275, 278, 281, 285, 293, 294, 295, 297, 301, 303, 305, 307, 309, 319, 322, 323, 328, 329, 330, 332, 340, 341, 348, 350, 357, 358, 360, 361, 363, 368, 370, 374, 378, 382, 385, 392, 393, 396, 398]
x_147: [1, 9, 12, 15, 16, 21, 23, 27, 29, 31, 32, 33, 36, 39, 44, 49, 50, 52, 56, 58, 61, 62, 64, 78, 79, 81, 82, 87, 90, 91, 99, 106, 109, 112, 114, 115, 118, 119, 123, 125, 126, 134, 136, 139, 140, 141, 142, 143, 151, 154, 157, 158, 159, 165, 168, 172, 173, 175, 183, 188, 205, 206, 208, 210, 220, 221, 222, 226, 227, 229, 231, 248, 252, 259, 261, 264, 265, 266, 271, 272, 274, 286, 288, 295, 297, 301, 303, 304, 307, 314, 319, 328, 336, 337, 345, 355, 363, 381, 383, 384, 389, 390, 394, 395]
x_148: [1, 5, 6, 10, 21, 22, 23, 25, 31, 32, 36, 38, 40, 48, 54, 72, 81, 83, 85, 88, 89, 90, 92, 97, 98, 109, 111, 112, 115, 119, 124, 125, 128, 129, 131, 133, 136, 151, 152, 153, 154, 158, 161, 165, 166, 169, 173, 174, 179, 186, 200, 206, 212, 217, 224, 225, 228, 230, 231, 232, 233, 236, 237, 246, 248, 255, 256, 260, 263, 266, 269, 275, 276, 280, 282, 286, 287, 291, 293, 294, 297, 300, 304, 308, 309, 310, 314, 316, 318, 322, 328, 330, 333, 334, 337, 338, 341, 345, 346, 347, 348, 360, 361, 363, 370, 371, 375, 376, 383, 393, 394, 397, 398, 400]
x_149: [9, 18, 21, 22, 31, 32, 38, 39, 44, 45, 49, 50, 51, 55, 56, 60, 72, 75, 83, 90, 98, 100, 102, 105, 107, 117, 120, 123, 124, 130, 140, 142, 145, 152, 161, 167, 169, 175, 183, 186, 193, 195, 196, 203, 205, 212, 213, 215, 224, 227, 228, 236, 238, 240, 241, 242, 246, 251, 254, 262, 278, 282, 286, 294, 298, 299, 300, 305, 307, 315, 330, 341, 342, 343, 346, 348, 354, 356, 359, 363, 365, 369, 373, 379, 384, 387, 389, 395, 397]
x_150: [19, 23, 30, 31, 34, 36, 37, 38, 52, 57, 58, 60, 77, 82, 83, 84, 88, 89, 97, 99, 100, 101, 103, 110, 113, 115, 123, 124, 128, 138, 139, 141, 145, 146, 161, 163, 167, 174, 176, 192, 194, 199, 211, 215, 222, 226, 227, 228, 230, 231, 232, 233, 235, 238, 242, 243, 244, 249, 253, 254, 257, 261, 268, 272, 278, 289, 291, 302, 313, 314, 318, 319, 320, 323, 326, 335, 337, 338, 339, 344, 350, 351, 353, 354, 359, 360, 362, 364, 366, 367, 368, 369, 371, 377, 378, 385, 389, 395]
x_151: [3, 4, 10, 17, 18, 21, 29, 33, 38, 39, 42, 44, 45, 46, 48, 50, 52, 59, 63, 68, 69, 70, 82, 84, 89, 90, 91, 95, 96, 102, 107, 108, 111, 115, 121, 122, 134, 140, 141, 145, 147, 148, 156, 157, 159, 166, 168, 174, 183, 185, 190, 197, 201, 206, 208, 209, 220, 221, 222, 224, 228, 233, 235, 242, 245, 247, 248, 250, 252, 259, 261, 274, 285, 297, 298, 301, 306, 308, 312, 316, 318, 320, 321, 324, 333, 336, 338, 342, 345, 351, 360, 361, 362, 363, 364, 368, 369, 370, 378, 384, 387, 395, 396]
x_152: [11, 12, 17, 21, 23, 26, 28, 32, 34, 37, 41, 43, 49, 50, 52, 54, 62, 69, 72, 73, 78, 84, 85, 88, 93, 97, 98, 104, 106, 108, 122, 125, 126, 127, 132, 136, 137, 138, 143, 148, 149, 153, 155, 158, 159, 161, 162, 164, 166, 171, 175, 177, 178, 181, 182, 183, 186, 201, 214, 223, 225, 230, 238, 239, 241, 244, 254, 256, 259, 266, 275, 277, 278, 279, 284, 286, 292, 299, 302, 305, 318, 326, 327, 332, 337, 344, 346, 352, 362, 365, 366, 368, 378, 380, 383, 400]
x_153: [2, 7, 12, 15, 22, 26, 29, 34, 39, 58, 59, 63, 65, 67, 71, 72, 78, 80, 81, 83, 91, 93, 94, 100, 101, 103, 107, 108, 109, 112, 115, 117, 124, 128, 136, 141, 142, 145, 148, 152, 157, 158, 160, 167, 171, 172, 178, 180, 185, 186, 187, 190, 196, 203, 211, 214, 223, 224, 235, 237, 243, 245, 246, 248, 253, 263, 265, 266, 278, 281, 282, 288, 293, 295, 300, 321, 324, 325, 329, 331, 334, 335, 338, 344, 349, 355, 362, 363, 364, 365, 370, 376, 383, 385, 386, 390, 393, 397, 398]
x_154: [3, 6, 12, 15, 29, 36, 45, 47, 49, 51, 52, 59, 60, 70, 74, 76, 77, 78, 80, 82, 83, 85, 86, 96, 98, 99, 100, 101, 104, 107, 110, 111, 112, 113, 124, 127, 128, 130, 137, 141, 142, 144, 147, 148, 155, 160, 161, 165, 167, 168, 172, 175, 178, 185, 186, 188, 191, 192, 203, 204, 205, 211, 212, 213, 217, 220, 223, 231, 234, 244, 256, 262, 266, 268, 269, 276, 287, 292, 294, 295, 297, 302, 305, 306, 307, 312, 314, 317, 319, 327, 329, 332, 334, 341, 343, 345, 347, 349, 362, 363, 370, 374, 375, 376, 380, 389, 395, 397]
x_155: [1, 12, 20, 21, 22, 29, 44, 45, 47, 49, 55, 58, 64, 65, 73, 75, 77, 78, 87, 88, 91, 92, 107, 108, 113, 115, 118, 120, 138, 143, 146, 152, 154, 161, 163, 164, 166, 174, 175, 181, 183, 184, 187, 189, 191, 192, 193, 195, 197, 202, 205, 208, 209, 211, 213, 222, 228, 229, 230, 234, 242, 243, 251, 252, 254, 255, 258, 262, 264, 266, 280, 283, 285, 288, 289, 291, 295, 302, 303, 306, 310, 314, 317, 318, 320, 323, 324, 327, 328, 329, 331, 337, 344, 347, 349, 350, 354, 360, 364, 372, 375, 379, 382, 384, 385, 386, 387, 388, 394]
x_156: [7, 12, 13, 18, 22, 27, 29, 34, 42, 43, 44, 55, 56, 58, 60, 61, 63, 67, 69, 72, 73, 75, 79, 86, 88, 89, 92, 93, 97, 98, 100, 104, 111, 116, 120, 121, 125, 128, 137, 146, 151, 157, 159, 163, 169, 185, 200, 201, 203, 209, 212, 219, 220, 223, 225, 226, 228, 229, 231, 233, 238, 239, 240, 243, 250, 256, 266, 267, 270, 271, 275, 276, 279, 282, 283, 285, 288, 304, 310, 315, 316, 326, 328, 333, 336, 339, 347, 348, 350, 362, 371, 372, 373, 378, 384, 385, 388, 389, 390]
x_157: [4, 7, 9, 10, 11, 17, 18, 22, 23, 32, 36, 45, 47, 53, 56, 59, 66, 73, 74, 76, 77, 78, 81, 84, 86, 87, 88, 95, 98, 100, 106, 109, 112, 119, 120, 130, 132, 135, 137, 147, 151, 153, 156, 161, 163, 172, 182, 183, 185, 188, 190, 194, 198, 199, 206, 207, 209, 215, 220, 221, 223, 224, 227, 230, 231, 232, 233, 236, 237, 241, 244, 250, 251, 255, 267, 268, 271, 287, 288, 289, 290, 291, 294, 298, 305, 307, 312, 315, 318, 321, 322, 325, 327, 329, 336, 340, 345, 348, 349, 353, 363, 365, 368, 375, 381, 386, 390, 395]
x_158: [4, 8, 15, 17, 18, 20, 23, 26, 29, 39, 40, 49, 50, 66, 71, 75, 76, 79, 88, 89, 94, 101, 103, 104, 105, 108, 117, 129, 132, 135, 142, 143, 147, 148, 152, 153, 164, 165, 173, 177, 185, 187, 188, 190, 195, 197, 198, 206, 209, 211, 214, 224, 225, 226, 230, 231, 233, 239, 240, 254, 256, 258, 262, 264, 271, 273, 278, 282, 285, 286, 288, 305, 310, 319, 322, 323, 325, 328, 329, 333, 335, 336, 339, 340, 342, 348, 351, 352, 354, 357, 362, 366, 372, 375, 376, 379, 382, 392, 395, 398]
x_159: [4, 6, 12, 30, 31, 33, 35, 40, 42, 43, 47, 53, 54, 60, 61, 63, 64, 66, 69, 76, 80, 81, 84, 86, 87, 89, 92, 97, 98, 105, 108, 110, 115, 118, 123, 130, 134, 138, 141, 144, 147, 151, 152, 156, 161, 165, 169, 173, 174, 179, 186, 188, 189, 195, 200, 213, 214, 227, 234, 236, 238, 243, 249, 252, 255, 265, 270, 271, 274, 278, 279, 282, 287, 289, 294, 296, 304, 309, 310, 323, 325, 332, 338, 339, 341, 344, 350, 357, 363, 366, 367, 369, 372, 377, 381, 385, 388, 397]
x_160: [14, 15, 16, 18, 19, 24, 25, 26, 39, 41, 58, 59, 62, 64, 68, 70, 72, 76, 77, 79, 90, 92, 95, 96, 99, 111, 116, 117, 124, 131, 153, 154, 162, 163, 166, 167, 168, 171, 175, 181, 185, 186, 187, 190, 197, 200, 208, 211, 212, 213, 215, 219, 228, 232, 240, 241, 247, 251, 258, 261, 264, 266, 272, 275, 281, 286, 289, 293, 294, 295, 299, 302, 304, 308, 313, 314, 315, 322, 326, 332, 335, 336, 347, 349, 350, 354, 355, 361, 371, 379, 388, 389, 393, 394, 400]
x_161: [1, 3, 5, 6, 11, 22, 32, 33, 41, 43, 44, 45, 49, 56, 58, 59, 64, 68, 69, 70, 71, 74, 81, 91, 97, 104, 110, 118, 119, 121, 124, 125, 126, 130, 135, 136, 138, 141, 148, 149, 150, 152, 154, 155, 157, 159, 162, 168, 170, 180, 184, 190, 191, 193, 201, 202, 206, 215, 219, 220, 228, 233, 235, 243, 247, 250, 252, 254, 256, 262, 263, 266, 267, 277, 282, 295, 302, 303, 304, 306, 308, 309, 311, 314, 319, 321, 322, 324, 325, 333, 334, 336, 338, 340, 347, 348, 349, 350, 355, 358, 361, 366, 372, 377, 381, 385, 394, 395, 398]
x_162: [3, 8, 11, 20, 22, 25, 27, 29, 36, 41, 44, 52, 54, 58, 62, 65, 70, 77, 82, 91, 96, 101, 105, 108, 112, 118, 119, 121, 124, 125, 128, 130, 139, 143, 144, 152, 160, 161, 164, 173, 175, 176, 178, 182, 184, 186, 187, 191, 193, 194, 198, 200, 201, 204, 205, 206, 210, 212, 215, 216, 218, 220, 221, 222, 227, 228, 229, 239, 240, 241, 246, 256, 257, 261, 264, 268, 270, 273, 274, 278, 282, 283, 288, 291, 292, 298, 301, 305, 308, 312, 318, 325, 329, 336, 339, 348, 349, 350, 351, 357, 375, 379, 384, 388, 391, 393, 395]
x_163: [3, 5, 7, 10, 13, 14, 15, 18, 20, 21, 28, 29, 30, 36, 37, 38, 40, 41, 48, 58, 61, 62, 64, 66, 67, 69, 80, 81, 82, 83, 96, 99, 117, 120, 121, 122, 123, 136, 141, 142, 143, 145, 150, 155, 156, 157, 160, 165, 172, 173, 175, 177, 178, 186, 189, 194, 197, 199, 219, 220, 225, 227, 229, 235, 238, 249, 250, 252, 253, 254, 264, 269, 271, 274, 279, 281, 282, 289, 291, 294, 297, 298, 301, 302, 304, 305, 308, 314, 318, 322, 323, 326, 331, 333, 337, 343, 349, 350, 352, 353, 355, 364, 368, 372, 377, 381, 384, 389, 390, 394, 395, 399, 400]
x_164: [3, 11, 19, 28, 33, 38, 39, 40, 41, 45, 46, 53, 57, 66, 69, 72, 74, 78, 84, 89, 92, 99, 103, 110, 111, 113, 117, 120, 121, 122, 124, 126, 127, 129, 130, 134, 138, 140, 141, 152, 155, 158, 162, 168, 170, 172, 177, 180, 181, 186, 206, 207, 216, 223, 226, 227, 230, 240, 241, 247, 252, 255, 256, 260, 263, 267, 269, 272, 279, 280, 283, 284, 285, 286, 289, 291, 296, 297, 302, 304, 306, 309, 312, 315, 317, 329, 330, 331, 335, 336, 340, 347, 350, 352, 363, 364, 366, 372, 377, 381, 386, 393, 398, 399]
x_165: [2, 3, 7, 13, 19, 22, 25, 27, 31, 34, 36, 40, 45, 46, 49, 57, 67, 68, 70, 73, 75, 83, 90, 92, 95, 96, 97, 104, 106, 107, 121, 125, 133, 135, 140, 141, 147, 148, 154, 158, 159, 163, 172, 176, 179, 182, 184, 191, 195, 198, 203, 204, 209, 221, 225, 226, 228, 230, 238, 240, 241, 246, 248, 250, 252, 258, 262, 265, 267, 281, 289, 294, 297, 301, 312, 321, 327, 330, 339, 341, 344, 353, 367, 370, 381, 382, 386, 393, 394, 396]
x_166: [2, 5, 8, 9, 12, 16, 17, 18, 23, 26, 29, 37, 41, 44, 47, 49, 58, 64, 71, 76, 77, 78, 83, 91, 92, 93, 96, 98, 100, 104, 107, 110, 119, 120, 124, 125, 130, 142, 143, 148, 151, 152, 155, 160, 168, 169, 172, 180, 181, 185, 192, 193, 195, 199, 200, 203, 205, 207, 224, 225, 227, 231, 233, 238, 242, 245, 254, 257, 258, 260, 263, 266, 269, 271, 272, 275, 276, 277, 279, 280, 284, 288, 291, 295, 300, 307, 322, 331, 338, 343, 346, 350, 353, 356, 357, 359, 360, 376, 377, 378, 381, 383, 388, 392, 394, 397, 400]
x_167: [1, 7, 10, 14, 37, 40, 51, 56, 57, 62, 63, 64, 69, 83, 88, 89, 103, 107, 109, 116, 119, 120, 121, 130, 134, 142, 149, 150, 153, 154, 160, 169, 179, 185, 186, 190, 195, 198, 201, 211, 217, 222, 230, 234, 248, 250, 252, 257, 260, 265, 274, 278, 280, 287, 292, 301, 302, 309, 315, 318, 324, 333, 339, 340, 341, 343, 344, 350, 351, 352, 355, 356, 358, 360, 361, 363, 366, 370, 372, 374, 379, 382, 387, 393, 394, 398, 399]
x_168: [4, 8, 12, 14, 21, 24, 28, 41, 45, 47, 49, 50, 52, 55, 62, 63, 68, 74, 79, 92, 97, 101, 107, 108, 109, 110, 113, 116, 119, 123, 127, 128, 140, 147, 151, 154, 160, 161, 164, 166, 169, 184, 186, 189, 190, 195, 201, 202, 203, 218, 223, 227, 230, 232, 233, 235, 236, 237, 241, 252, 256, 258, 262, 268, 276, 283, 293, 298, 305, 307, 309, 312, 316, 318, 324, 328, 329, 332, 333, 335, 342, 349, 350, 352, 363, 367, 369, 370, 374, 380, 387, 390, 400]
x_169: [5, 9, 12, 13, 14, 15, 16, 22, 23, 28, 30, 41, 42, 52, 56, 58, 61, 68, 81, 87, 93, 94, 105, 116, 118, 122, 130, 135, 136, 143, 146, 148, 149, 156, 159, 166, 167, 168, 171, 172, 174, 179, 182, 184, 188, 193, 195, 198, 202, 205, 209, 223, 225, 227, 237, 238, 240, 243, 249, 252, 257, 261, 262, 265, 266, 270, 274, 278, 291, 293, 295, 302, 303, 307, 311, 318, 320, 321, 323, 324, 325, 328, 337, 338, 339, 350, 354, 358, 362, 363, 365, 368, 370, 373, 375, 378, 380, 384, 385, 398, 400]
x_170: [1, 4, 6, 7, 10, 13, 25, 28, 29, 30, 31, 36, 44, 45, 52, 59, 62, 67, 70, 74, 83, 85, 88, 92, 99, 106, 107, 108, 121, 125, 129, 137, 138, 139, 161, 164, 176, 177, 179, 183, 187, 189, 192, 193, 200, 208, 211, 213, 217, 218, 221, 227, 228, 233, 239, 240, 250, 253, 256, 259, 263, 272, 276, 280, 284, 286, 297, 300, 304, 305, 307, 309, 310, 311, 313, 315, 316, 317, 319, 321, 322, 332, 337, 339, 341, 342, 346, 348, 349, 354, 361, 366, 368, 369, 376, 384, 389, 394, 395, 396, 397, 398]
x_171: [1, 7, 9, 21, 23, 27, 28, 34, 35, 38, 40, 42, 46, 51, 53, 54, 55, 58, 66, 72, 73, 78, 81, 84, 85, 87, 88, 93, 94, 97, 99, 122, 125, 126, 129, 130, 133, 137, 143, 144, 152, 153, 160, 169, 192, 196, 198, 205, 207, 212, 217, 224, 240, 253, 255, 259, 262, 266, 268, 270, 272, 273, 281, 282, 283, 288, 293, 295, 296, 304, 305, 306, 318, 326, 330, 332, 333, 335, 338, 345, 347, 353, 354, 360, 363, 372, 379, 380, 382, 385, 388, 389, 391, 400]
x_172: [7, 9, 10, 12, 13, 16, 17, 18, 21, 22, 31, 32, 36, 47, 48, 49, 50, 53, 56, 60, 62, 63, 64, 69, 71, 78, 79, 83, 88, 91, 92, 100, 102, 103, 105, 109, 120, 122, 127, 130, 133, 135, 143, 145, 147, 153, 154, 157, 163, 164, 165, 166, 169, 176, 183, 185, 188, 189, 190, 191, 194, 197, 208, 210, 221, 226, 227, 230, 234, 240, 245, 250, 252, 254, 256, 267, 271, 274, 278, 281, 287, 296, 302, 305, 307, 309, 316, 321, 330, 334, 345, 347, 349, 354, 364, 368, 375, 386, 388, 391, 393, 395, 398, 400]
x_173: [6, 9, 11, 21, 30, 32, 35, 39, 41, 46, 47, 49, 52, 57, 58, 61, 67, 71, 73, 82, 85, 86, 88, 89, 98, 104, 105, 107, 108, 112, 118, 124, 130, 131, 133, 134, 136, 142, 147, 148, 158, 159, 162, 163, 180, 186, 188, 189, 193, 197, 199, 203, 213, 214, 223, 225, 226, 229, 235, 237, 238, 257, 261, 266, 280, 282, 286, 293, 296, 298, 307, 309, 312, 313, 314, 318, 320, 321, 322, 335, 339, 340, 344, 349, 352, 353, 361, 362, 363, 366, 378, 388, 394, 395, 399]
x_174: [2, 9, 13, 14, 21, 22, 24, 27, 28, 38, 39, 45, 46, 47, 55, 58, 60, 62, 66, 68, 69, 70, 76, 78, 79, 80, 88, 94, 97, 99, 110, 111, 114, 117, 118, 120, 128, 129, 143, 145, 148, 150, 151, 155, 159, 169, 175, 177, 178, 185, 187, 194, 196, 197, 198, 211, 230, 233, 240, 241, 258, 260, 273, 280, 281, 285, 287, 293, 297, 298, 304, 310, 312, 320, 325, 330, 331, 332, 344, 345, 347, 355, 356, 357, 358, 365, 369, 371, 372, 376, 381, 386, 388, 391, 396]
x_175: [1, 3, 6, 9, 15, 27, 44, 47, 49, 52, 59, 61, 62, 66, 69, 78, 79, 80, 82, 85, 90, 92, 93, 101, 105, 107, 111, 115, 120, 143, 146, 147, 149, 152, 154, 155, 160, 162, 163, 174, 177, 185, 186, 188, 190, 195, 196, 199, 205, 206, 207, 208, 214, 219, 227, 228, 235, 237, 240, 245, 246, 250, 251, 254, 258, 259, 261, 262, 264, 268, 271, 273, 279, 280, 284, 285, 286, 291, 293, 299, 303, 310, 312, 319, 325, 329, 331, 340, 342, 345, 346, 348, 351, 352, 358, 361, 366, 368, 377, 378, 387, 389, 392, 395, 397]
x_176: [3, 11, 13, 18, 24, 26, 27, 33, 34, 51, 54, 55, 58, 66, 77, 78, 79, 87, 95, 97, 104, 110, 122, 133, 138, 141, 142, 143, 145, 150, 162, 165, 170, 172, 181, 188, 192, 200, 211, 214, 221, 226, 238, 239, 242, 248, 251, 252, 253, 254, 256, 258, 275, 276, 278, 279, 284, 285, 293, 295, 297, 305, 307, 313, 316, 317, 319, 322, 325, 331, 338, 341, 346, 350, 354, 361, 362, 363, 365, 369, 372, 373, 380, 383, 389, 391, 393, 394, 395, 397]
x_177: [2, 4, 8, 9, 11, 12, 22, 25, 27, 28, 41, 43, 45, 47, 51, 52, 56, 59, 61, 64, 66, 70, 73, 80, 83, 89, 91, 92, 96, 97, 101, 106, 113, 116, 122, 134, 137, 138, 140, 142, 145, 152, 158, 163, 164, 170, 174, 175, 179, 181, 182, 183, 186, 188, 189, 190, 195, 196, 197, 200, 204, 211, 212, 216, 222, 223, 228, 229, 233, 236, 239, 242, 244, 257, 260, 268, 270, 274, 278, 281, 293, 297, 309, 310, 314, 318, 322, 336, 349, 350, 351, 365, 373, 385, 390, 391, 395, 396, 398, 399, 400]
x_178: [1, 3, 8, 9, 11, 15, 22, 23, 27, 28, 30, 32, 37, 50, 52, 53, 54, 56, 60, 64, 65, 66, 67, 72, 79, 80, 82, 88, 91, 100, 103, 106, 110, 112, 117, 122, 126, 128, 130, 139, 140, 141, 152, 153, 154, 162, 163, 174, 184, 188, 195, 197, 211, 215, 219, 220, 223, 224, 233, 238, 242, 245, 249, 250, 254, 258, 263, 266, 272, 275, 281, 282, 285, 294, 295, 296, 302, 303, 305, 308, 310, 320, 324, 325, 329, 339, 340, 342, 343, 354, 355, 359, 361, 364, 369, 374, 376, 381, 384, 386, 393, 398]
x_179: [4, 6, 8, 10, 11, 12, 16, 20, 28, 36, 39, 40, 49, 52, 60, 65, 70, 74, 75, 89, 97, 99, 102, 105, 108, 109, 111, 113, 116, 125, 130, 133, 141, 142, 148, 159, 165, 167, 169, 170, 177, 183, 184, 188, 192, 194, 199, 200, 208, 209, 212, 213, 221, 223, 226, 227, 235, 237, 241, 242, 248, 250, 261, 262, 265, 274, 276, 282, 286, 293, 302, 306, 307, 310, 313, 317, 319, 324, 326, 329, 332, 338, 341, 346, 348, 357, 359, 364, 367, 368, 382, 385, 391, 393, 396, 397]
x_180: [1, 2, 5, 6, 11, 12, 16, 18, 27, 29, 34, 41, 42, 48, 53, 59, 61, 63, 66, 86, 88, 91, 94, 97, 99, 100, 104, 109, 111, 116, 117, 126, 127, 130, 132, 133, 144, 146, 153, 161, 164, 166, 173, 183, 195, 196, 201, 202, 207, 210, 211, 212, 218, 221, 228, 238, 242, 252, 253, 254, 258, 259, 264, 265, 271, 272, 273, 274, 276, 279, 281, 295, 297, 302, 303, 304, 305, 306, 312, 313, 315, 316, 317, 319, 323, 324, 326, 328, 332, 340, 344, 349, 350, 355, 363, 365, 371, 375, 378, 388, 389, 392, 395]
x_181: [5, 22, 24, 33, 34, 36, 37, 38, 39, 48, 50, 51, 52, 53, 60, 63, 68, 69, 70, 73, 77, 78, 79, 81, 83, 91, 94, 96, 102, 115, 116, 124, 125, 127, 134, 137, 152, 155, 160, 164, 166, 176, 177, 185, 188, 189, 191, 206, 208, 211, 214, 226, 235, 246, 248, 252, 259, 273, 274, 281, 284, 290, 295, 296, 300, 301, 302, 310, 311, 312, 313, 319, 334, 340, 341, 342, 346, 353, 355, 357, 359, 363, 364, 365, 375, 385, 387, 388, 398]
x_182: [4, 21, 22, 24, 25, 26, 27, 28, 37, 42, 44, 46, 50, 55, 62, 68, 69, 73, 83, 90, 93, 105, 114, 132, 135, 138, 144, 145, 152, 157, 162, 165, 169, 177, 183, 184, 190, 191, 193, 194, 203, 204, 207, 211, 212, 214, 219, 235, 236, 238, 240, 242, 246, 248, 252, 253, 257, 258, 259, 261, 266, 272, 277, 281, 285, 287, 288, 289, 298, 303, 306, 309, 310, 312, 313, 324, 326, 327, 328, 329, 335, 339, 340, 347, 348, 355, 358, 364, 370, 371, 377, 383, 385, 392, 394, 396]
x_183: [1, 4, 5, 6, 7, 8, 12, 22, 23, 28, 29, 30, 31, 40, 44, 46, 50, 56, 59, 60, 64, 65, 67, 70, 73, 74, 82, 84, 86, 87, 94, 97, 106, 108, 110, 113, 114, 119, 121, 125, 128, 133, 136, 137, 138, 143, 147, 149, 151, 152, 155, 157, 170, 172, 177, 179, 180, 182, 194, 200, 201, 202, 207, 208, 215, 223, 227, 229, 230, 237, 239, 240, 241, 248, 251, 254, 255, 256, 259, 264, 269, 282, 288, 289, 293, 296, 299, 300, 304, 305, 309, 311, 313, 316, 319, 325, 326, 328, 344, 347, 353, 355, 363, 365, 369, 373, 377, 378, 380, 383, 385, 386, 389, 394, 396, 399]
x_184: [4, 12, 14, 16, 19, 23, 31, 33, 39, 40, 46, 53, 58, 62, 63, 69, 78, 82, 85, 102, 124, 125, 132, 134, 136, 142, 146, 155, 161, 162, 165, 168, 169, 178, 179, 182, 187, 195, 202, 205, 207, 208, 210, 211, 212, 213, 216, 217, 218, 226, 228, 229, 231, 233, 235, 236, 239, 240, 245, 246, 252, 254, 256, 258, 260, 261, 268, 273, 277, 278, 279, 281, 285, 286, 295, 300, 307, 309, 314, 318, 319, 328, 330, 334, 335, 336, 341, 342, 350, 351, 356, 363, 364, 366, 367, 369, 373, 377, 378, 381, 382, 384, 385, 386, 389, 398]
x_185: [1, 4, 9, 10, 11, 23, 24, 35, 36, 61, 62, 68, 73, 86, 87, 93, 94, 95, 101, 102, 103, 104, 106, 115, 118, 124, 126, 135, 137, 139, 145, 151, 153, 154, 156, 157, 158, 160, 166, 167, 172, 174, 175, 181, 189, 191, 195, 199, 200, 206, 208, 209, 211, 212, 215, 226, 232, 234, 235, 249, 261, 264, 271, 278, 286, 295, 296, 304, 312, 316, 327, 329, 332, 333, 338, 340, 342, 346, 348, 350, 354, 355, 359, 361, 367, 370, 372, 375, 379, 384, 388, 392]
x_186: [6, 19, 29, 30, 35, 38, 43, 45, 46, 51, 54, 59, 63, 66, 81, 94, 95, 97, 101, 111, 114, 117, 126, 131, 132, 133, 136, 138, 146, 148, 149, 152, 153, 154, 159, 160, 162, 163, 164, 167, 168, 173, 175, 177, 189, 190, 201, 203, 205, 209, 214, 227, 237, 238, 241, 246, 247, 248, 259, 263, 265, 271, 275, 277, 280, 281, 284, 286, 287, 293, 297, 306, 307, 308, 309, 312, 324, 337, 338, 345, 349, 355, 368, 376, 377, 386, 390, 391, 392, 397]
x_187: [4, 8, 9, 16, 30, 42, 52, 62, 69, 71, 72, 73, 74, 86, 93, 95, 100, 101, 102, 103, 105, 107, 108, 109, 112, 119, 129, 138, 153, 155, 158, 160, 162, 170, 174, 184, 190, 192, 203, 212, 214, 218, 221, 222, 224, 226, 228, 229, 230, 233, 239, 244, 252, 256, 257, 260, 272, 274, 280, 286, 289, 296, 297, 301, 303, 309, 311, 315, 317, 322, 328, 331, 332, 335, 336, 337, 342, 349, 358, 362, 364, 376, 382, 388, 389, 390, 393, 394, 395, 396, 398, 400]
x_188: [3, 4, 18, 22, 23, 24, 32, 35, 36, 42, 43, 47, 48, 57, 65, 66, 70, 72, 73, 77, 80, 84, 90, 91, 94, 97, 102, 112, 113, 114, 116, 124, 126, 127, 132, 139, 141, 142, 143, 144, 145, 147, 154, 157, 158, 159, 169, 172, 173, 175, 176, 177, 178, 179, 181, 189, 191, 193, 196, 197, 199, 201, 206, 209, 211, 215, 223, 227, 236, 238, 240, 241, 244, 246, 251, 253, 257, 259, 263, 264, 265, 271, 277, 279, 289, 297, 299, 304, 305, 310, 316, 323, 325, 326, 339, 345, 346, 356, 365, 368, 371, 374, 375, 376, 377, 379, 384, 388, 396, 398]
x_189: [1, 2, 9, 10, 14, 20, 30, 32, 33, 34, 37, 40, 48, 55, 59, 66, 77, 81, 93, 96, 98, 101, 106, 116, 120, 126, 138, 155, 159, 163, 168, 170, 172, 173, 177, 181, 185, 186, 188, 194, 198, 201, 204, 206, 211, 214, 215, 220, 221, 226, 234, 236, 241, 246, 249, 250, 257, 258, 268, 271, 274, 275, 276, 278, 283, 286, 287, 298, 299, 305, 316, 319, 321, 323, 332, 335, 339, 342, 345, 346, 361, 365, 366, 367, 368, 369, 379, 384, 389]
x_190: [2, 7, 17, 19, 20, 26, 29, 33, 43, 44, 45, 48, 49, 56, 61, 64, 69, 70, 74, 84, 85, 89, 91, 96, 104, 109, 111, 116, 123, 124, 127, 129, 142, 151, 153, 157, 158, 160, 161, 167, 168, 172, 175, 177, 182, 186, 187, 201, 202, 205, 208, 210, 212, 214, 221, 225, 233, 235, 239, 240, 244, 248, 252, 254, 258, 260, 263, 273, 281, 283, 285, 296, 297, 298, 302, 307, 308, 309, 310, 312, 317, 324, 336, 343, 345, 348, 353, 361, 368, 371, 372, 383, 387, 392, 395, 396]
x_191: [1, 4, 17, 18, 23, 27, 39, 44, 49, 50, 55, 58, 63, 71, 75, 77, 80, 87, 88, 90, 95, 100, 103, 104, 105, 106, 108, 114, 115, 122, 127, 128, 131, 133, 134, 135, 140, 141, 145, 154, 155, 161, 162, 165, 172, 181, 182, 185, 188, 192, 198, 204, 205, 209, 211, 214, 219, 221, 226, 227, 235, 237, 238, 242, 248, 253, 255, 256, 261, 264, 271, 273, 276, 278, 280, 284, 286, 287, 289, 291, 292, 294, 306, 307, 308, 309, 310, 313, 317, 318, 322, 323, 324, 329, 330, 331, 338, 340, 343, 344, 351, 358, 363, 364, 366, 369, 371, 381, 390, 391, 396, 397, 399]
x_192: [4, 6, 8, 12, 33, 34, 37, 40, 41, 42, 43, 44, 45, 51, 52, 53, 61, 62, 64, 65, 68, 70, 72, 75, 76, 78, 84, 88, 92, 103, 104, 106, 108, 110, 112, 113, 121, 124, 125, 128, 130, 134, 137, 138, 139, 141, 144, 150, 154, 155, 166, 170, 171, 176, 179, 187, 191, 196, 200, 201, 209, 221, 222, 224, 241, 242, 245, 251, 256, 264, 265, 268, 270, 271, 275, 285, 287, 289, 290, 301, 302, 304, 307, 310, 311, 312, 314, 317, 319, 325, 327, 329, 330, 332, 356, 360, 361, 363, 368, 370, 372, 385, 386, 387, 400]
x_193: [4, 15, 36, 37, 40, 44, 47, 52, 55, 59, 60, 61, 65, 75, 76, 78, 87, 90, 94, 98, 99, 104, 108, 110, 114, 116, 118, 125, 133, 134, 137, 142, 143, 149, 155, 161, 162, 166, 169, 170, 173, 182, 188, 195, 196, 197, 199, 202, 209, 210, 213, 216, 217, 221, 225, 227, 236, 238, 239, 242, 243, 249, 253, 254, 263, 266, 269, 276, 284, 289, 293, 298, 299, 300, 304, 306, 308, 309, 314, 315, 321, 323, 330, 337, 343, 346, 353, 354, 360, 363, 364, 365, 367, 370, 375, 378, 383, 395]
x_194: [1, 4, 11, 13, 16, 20, 22, 23, 26, 29, 32, 33, 35, 36, 40, 46, 47, 49, 54, 55, 57, 58, 60, 64, 67, 71, 75, 76, 77, 78, 80, 81, 84, 86, 88, 90, 91, 93, 97, 101, 103, 104, 106, 107, 110, 117, 121, 130, 132, 140, 142, 144, 150, 157, 162, 163, 172, 174, 179, 182, 183, 189, 196, 199, 200, 206, 208, 211, 213, 215, 216, 219, 227, 228, 233, 236, 238, 241, 244, 246, 251, 255, 259, 265, 270, 277, 280, 288, 291, 294, 298, 301, 306, 308, 312, 314, 315, 318, 322, 323, 327, 329, 331, 334, 341, 342, 343, 345, 360, 362, 364, 365, 368, 371, 373, 374, 376, 377, 380, 383, 384, 389, 391, 396, 399]
x_195: [2, 3, 21, 22, 27, 30, 33, 35, 40, 45, 53, 62, 66, 67, 71, 72, 73, 76, 80, 85, 94, 103, 110, 112, 121, 122, 125, 127, 134, 138, 141, 149, 155, 158, 159, 165, 166, 167, 168, 169, 175, 177, 178, 180, 184, 185, 193, 204, 210, 211, 212, 221, 223, 225, 227, 231, 232, 233, 234, 239, 241, 243, 245, 246, 256, 258, 260, 264, 265, 266, 267, 269, 271, 272, 274, 275, 283, 288, 289, 292, 294, 298, 302, 303, 310, 311, 313, 314, 317, 324, 327, 329, 333, 334, 337, 338, 339, 341, 342, 344, 347, 351, 353, 358, 360, 363, 364, 367, 369, 378, 382, 386, 392]
x_196: [2, 7, 10, 11, 13, 14, 26, 28, 29, 30, 34, 38, 41, 47, 49, 53, 54, 55, 57, 59, 60, 77, 78, 82, 86, 88, 90, 95, 96, 99, 101, 105, 107, 108, 112, 118, 119, 123, 130, 139, 140, 141, 143, 149, 153, 171, 174, 175, 177, 180, 188, 192, 193, 194, 197, 206, 212, 213, 216, 217, 220, 221, 225, 229, 233, 234, 237, 251, 257, 264, 272, 273, 274, 275, 280, 288, 294, 295, 296, 297, 304, 314, 316, 318, 319, 320, 321, 329, 334, 336, 337, 353, 358, 359, 360, 361, 365, 366, 370, 373, 379, 380, 381, 387, 388, 392, 395, 397, 398]
x_197: [2, 9, 16, 18, 19, 22, 23, 28, 29, 32, 46, 52, 59, 68, 70, 72, 73, 77, 82, 93, 95, 96, 97, 102, 106, 107, 112, 137, 143, 146, 151, 155, 158, 160, 163, 172, 173, 174, 177, 178, 188, 193, 196, 198, 200, 202, 204, 205, 214, 225, 227, 231, 233, 238, 240, 242, 243, 245, 249, 254, 255, 256, 257, 259, 262, 268, 277, 280, 284, 289, 293, 296, 306, 309, 310, 311, 317, 318, 320, 323, 325, 326, 328, 332, 334, 337, 339, 343, 345, 347, 350, 353, 357, 358, 360, 361, 369, 375, 376, 380, 387, 397]
x_198: [3, 5, 11, 12, 19, 25, 28, 32, 39, 42, 44, 46, 47, 48, 54, 58, 61, 73, 74, 77, 81, 85, 93, 109, 110, 112, 115, 119, 126, 131, 132, 135, 139, 141, 144, 157, 158, 162, 165, 167, 169, 171, 174, 189, 191, 197, 201, 203, 205, 208, 210, 211, 215, 227, 230, 234, 236, 239, 243, 244, 249, 251, 259, 263, 265, 273, 276, 282, 283, 286, 300, 305, 308, 309, 316, 318, 321, 324, 328, 330, 332, 333, 334, 336, 341, 344, 349, 352, 358, 360, 363, 364, 365, 368, 371, 379, 382, 386, 389, 395, 396]
x_199: [2, 3, 8, 9, 10, 14, 15, 25, 30, 36, 39, 40, 42, 44, 45, 48, 52, 57, 60, 71, 72, 75, 87, 98, 102, 110, 112, 123, 127, 144, 146, 150, 157, 163, 166, 173, 175, 179, 185, 188, 193, 194, 200, 202, 204, 211, 219, 234, 237, 240, 246, 247, 249, 250, 253, 257, 258, 259, 263, 264, 271, 276, 281, 287, 289, 302, 304, 306, 308, 311, 317, 322, 325, 334, 339, 344, 355, 362, 364, 366, 368, 371, 376, 380, 382, 390, 394]
x_200: [6, 10, 12, 13, 18, 19, 24, 25, 26, 29, 33, 37, 48, 49, 51, 58, 62, 65, 66, 70, 73, 74, 77, 80, 81, 99, 107, 111, 113, 116, 120, 123, 124, 128, 130, 132, 134, 135, 137, 142, 148, 156, 159, 160, 162, 166, 170, 176, 177, 179, 183, 185, 192, 194, 197, 199, 202, 215, 217, 226, 227, 233, 239, 240, 246, 249, 253, 256, 257, 260, 261, 263, 266, 269, 270, 275, 281, 283, 288, 289, 293, 298, 300, 311, 323, 327, 329, 335, 339, 345, 350, 354, 357, 358, 360, 361, 362, 364, 369, 388, 391, 392, 394, 399, 400]
x_201: [1, 3, 8, 14, 15, 23, 28, 38, 40, 42, 44, 47, 55, 60, 63, 65, 68, 72, 74, 76, 80, 86, 87, 88, 90, 108, 110, 112, 128, 132, 135, 136, 151, 152, 156, 161, 162, 167, 168, 180, 183, 186, 188, 189, 190, 192, 198, 205, 206, 214, 218, 222, 223, 226, 231, 238, 239, 244, 248, 253, 254, 262, 263, 265, 270, 271, 280, 286, 287, 288, 290, 292, 294, 296, 298, 301, 302, 304, 309, 311, 331, 332, 333, 334, 340, 341, 344, 347, 355, 356, 360, 367, 370, 371, 373, 375, 378, 384, 385, 387, 390, 396, 398]
x_202: [2, 6, 8, 20, 23, 24, 25, 27, 31, 34, 36, 41, 47, 48, 51, 52, 54, 55, 58, 66, 73, 74, 76, 77, 79, 92, 93, 95, 102, 106, 110, 117, 118, 120, 124, 125, 136, 137, 143, 155, 161, 168, 169, 180, 183, 184, 190, 193, 197, 199, 200, 206, 208, 213, 215, 217, 222, 224, 228, 233, 234, 239, 240, 241, 242, 248, 255, 259, 261, 262, 266, 267, 284, 286, 287, 290, 295, 298, 299, 304, 306, 307, 312, 317, 319, 323, 325, 328, 333, 335, 339, 346, 350, 356, 360, 362, 367, 370, 378, 380, 382, 386, 394, 397, 398]
x_203: [20, 22, 28, 29, 31, 36, 42, 45, 47, 49, 50, 53, 54, 57, 58, 60, 74, 75, 78, 79, 85, 86, 87, 90, 91, 92, 98, 102, 106, 114, 115, 116, 117, 118, 119, 122, 133, 137, 139, 149, 153, 154, 156, 165, 166, 168, 173, 182, 186, 187, 198, 205, 213, 214, 216, 218, 219, 221, 224, 229, 235, 237, 240, 244, 250, 265, 274, 278, 281, 284, 287, 291, 293, 300, 301, 306, 307, 308, 310, 313, 316, 326, 327, 334, 338, 340, 341, 344, 347, 349, 351, 354, 365, 371, 372, 373, 377, 385, 387, 388, 392]
x_204: [2, 8, 10, 22, 28, 34, 37, 38, 39, 41, 44, 48, 49, 50, 51, 54, 58, 62, 65, 68, 71, 79, 80, 100, 113, 118, 120, 124, 125, 131, 132, 134, 135, 136, 145, 154, 162, 165, 177, 182, 189, 191, 195, 197, 199, 214, 223, 226, 228, 232, 233, 249, 254, 255, 259, 260, 262, 263, 272, 276, 278, 280, 286, 294, 296, 298, 299, 308, 310, 314, 320, 323, 324, 325, 329, 337, 342, 343, 344, 345, 347, 353, 358, 359, 362, 370, 378, 381, 383, 389, 391]
x_205: [6, 8, 14, 19, 20, 25, 26, 29, 41, 47, 48, 54, 58, 66, 67, 68, 70, 72, 76, 87, 104, 106, 112, 123, 125, 133, 134, 146, 147, 149, 154, 155, 162, 166, 169, 171, 175, 184, 186, 190, 191, 197, 198, 201, 203, 212, 214, 215, 218, 223, 226, 227, 233, 234, 235, 237, 244, 248, 252, 253, 254, 255, 260, 264, 265, 268, 269, 283, 285, 287, 288, 289, 291, 294, 301, 308, 314, 316, 320, 322, 324, 325, 330, 332, 334, 341, 349, 350, 354, 355, 356, 359, 362, 365, 369, 374, 376, 387, 389, 396]
x_206: [14, 17, 19, 20, 23, 32, 34, 41, 48, 51, 57, 59, 63, 69, 70, 75, 77, 80, 81, 82, 84, 92, 93, 96, 99, 102, 120, 121, 123, 133, 135, 137, 139, 141, 146, 147, 148, 151, 157, 158, 161, 162, 164, 175, 181, 185, 188, 189, 194, 196, 201, 202, 213, 214, 219, 220, 221, 226, 236, 242, 249, 255, 258, 262, 267, 270, 271, 272, 275, 284, 291, 294, 301, 302, 310, 311, 313, 316, 327, 329, 337, 347, 351, 354, 360, 361, 364, 368, 369, 373, 376, 377, 379, 380, 383, 389, 392, 394, 397]
x_207: [5, 6, 17, 21, 24, 26, 49, 64, 69, 76, 80, 81, 82, 89, 98, 105, 106, 111, 114, 119, 121, 124, 130, 131, 133, 140, 157, 164, 166, 171, 175, 180, 182, 183, 184, 211, 216, 218, 222, 223, 225, 227, 239, 241, 242, 243, 253, 256, 258, 261, 263, 264, 265, 266, 269, 270, 274, 279, 285, 286, 288, 290, 296, 298, 299, 306, 312, 315, 321, 322, 326, 328, 330, 333, 341, 346, 349, 351, 355, 358, 361, 362, 367, 372, 375, 389, 398, 399, 400]
x_208: [5, 6, 15, 16, 19, 21, 39, 40, 44, 46, 47, 58, 67, 73, 76, 78, 83, 98, 102, 105, 106, 109, 116, 122, 127, 128, 134, 137, 138, 140, 142, 146, 147, 151, 155, 160, 170, 172, 175, 179, 181, 183, 184, 185, 190, 194, 198, 202, 210, 211, 213, 217, 222, 228, 233, 236, 243, 246, 247, 250, 252, 254, 260, 262, 265, 267, 269, 277, 282, 287, 288, 289, 291, 294, 298, 301, 303, 312, 314, 317, 318, 321, 331, 335, 340, 349, 350, 353, 354, 355, 357, 371, 372, 375, 379, 388, 392, 397]
x_209: [1, 5, 12, 14, 17, 23, 24, 27, 28, 31, 37, 39, 50, 53, 58, 67, 70, 71, 74, 76, 91, 106, 108, 114, 126, 127, 133, 134, 135, 140, 146, 151, 155, 156, 157, 158, 165, 169, 179, 185, 186, 188, 191, 192, 193, 210, 211, 214, 218, 220, 222, 224, 231, 235, 238, 249, 254, 255, 268, 280, 284, 293, 302, 303, 311, 313, 319, 322, 326, 327, 328, 334, 355, 358, 365, 369, 373, 377, 387, 388]
x_210: [1, 6, 8, 10, 12, 13, 14, 20, 22, 23, 25, 29, 41, 42, 43, 44, 45, 49, 55, 67, 73, 77, 79, 83, 100, 101, 105, 109, 112, 118, 124, 128, 139, 140, 142, 143, 145, 147, 162, 172, 180, 184, 190, 193, 195, 198, 208, 209, 211, 213, 219, 224, 231, 232, 240, 241, 244, 249, 250, 251, 265, 266, 267, 276, 278, 280, 284, 286, 287, 290, 291, 292, 294, 305, 306, 307, 308, 310, 311, 312, 313, 316, 317, 319, 325, 330, 332, 334, 335, 337, 338, 346, 351, 356, 368, 372, 380, 386, 388, 389, 395, 398, 399]
x_211: [6, 10, 13, 15, 16, 21, 24, 26, 33, 34, 38, 40, 50, 54, 57, 60, 62, 66, 69, 75, 76, 77, 89, 92, 93, 95, 99, 104, 111, 112, 116, 127, 128, 130, 133, 138, 139, 140, 144, 146, 150, 153, 154, 155, 158, 160, 167, 170, 174, 176, 177, 178, 180, 181, 182, 184, 185, 188, 189, 191, 194, 195, 198, 199, 207, 208, 209, 210, 215, 216, 217, 221, 222, 223, 235, 237, 245, 249, 251, 252, 254, 263, 278, 280, 285, 294, 307, 308, 310, 314, 317, 319, 321, 327, 328, 331, 333, 337, 345, 354, 355, 361, 364, 369, 371, 372, 373, 375, 381, 388, 389, 393, 396, 397, 398, 400]
x_212: [2, 4, 5, 7, 12, 20, 23, 28, 33, 37, 41, 42, 44, 56, 60, 65, 67, 79, 85, 92, 95, 96, 102, 106, 117, 123, 125, 130, 133, 148, 149, 154, 156, 160, 162, 171, 177, 179, 180, 182, 184, 185, 187, 190, 195, 196, 205, 213, 215, 221, 225, 229, 232, 235, 247, 249, 250, 251, 253, 255, 259, 261, 264, 266, 277, 285, 286, 291, 297, 298, 299, 302, 306, 311, 317, 321, 326, 329, 331, 334, 336, 337, 343, 346, 348, 349, 351, 352, 356, 358, 365, 366, 380, 384, 387, 389, 391, 392, 397]
x_213: [3, 5, 7, 8, 17, 22, 26, 30, 35, 36, 37, 39, 40, 41, 42, 43, 49, 60, 68, 69, 73, 75, 81, 86, 95, 97, 100, 101, 109, 111, 112, 115, 116, 127, 129, 131, 136, 149, 154, 155, 159, 160, 170, 173, 179, 184, 193, 194, 196, 202, 203, 206, 208, 210, 212, 214, 219, 220, 222, 225, 226, 227, 229, 234, 242, 245, 249, 251, 252, 253, 256, 257, 260, 277, 296, 299, 310, 314, 318, 332, 339, 348, 350, 352, 354, 357, 365, 378, 379, 384, 396, 398]
x_214: [7, 8, 12, 18, 29, 30, 37, 45, 47, 51, 52, 53, 60, 68, 69, 70, 83, 96, 100, 105, 107, 112, 116, 118, 120, 121, 126, 132, 133, 135, 138, 140, 142, 143, 152, 153, 158, 159, 173, 175, 176, 181, 182, 186, 187, 189, 190, 191, 197, 201, 203, 204, 205, 206, 209, 213, 217, 219, 221, 236, 238, 242, 243, 248, 251, 254, 257, 266, 268, 271, 272, 274, 279, 283, 284, 291, 292, 295, 301, 302, 303, 305, 306, 310, 311, 317, 318, 319, 320, 335, 338, 343, 346, 351, 357, 367, 369, 373, 376, 385, 388, 389, 398]
x_215: [2, 6, 9, 14, 22, 24, 32, 33, 37, 40, 47, 48, 50, 52, 54, 55, 56, 60, 66, 70, 73, 80, 82, 83, 84, 88, 91, 93, 95, 96, 100, 104, 106, 108, 109, 110, 112, 113, 117, 120, 127, 128, 129, 131, 133, 138, 140, 141, 143, 149, 150, 157, 160, 161, 162, 178, 183, 185, 188, 189, 194, 198, 200, 202, 205, 211, 212, 216, 217, 223, 229, 232, 233, 239, 244, 247, 248, 249, 261, 262, 269, 274, 275, 277, 279, 289, 293, 300, 302, 305, 308, 312, 313, 325, 330, 332, 342, 351, 362, 365, 368, 370, 373, 378, 381, 382, 383, 389, 391, 398]
x_216: [6, 8, 16, 32, 34, 38, 44, 46, 47, 48, 49, 50, 51, 55, 59, 63, 66, 71, 72, 75, 79, 82, 83, 86, 87, 88, 91, 92, 93, 101, 105, 106, 108, 116, 119, 121, 124, 128, 133, 139, 140, 144, 162, 164, 177, 184, 193, 194, 196, 203, 207, 211, 215, 219, 221, 226, 229, 231, 237, 238, 239, 240, 254, 255, 265, 267, 268, 269, 276, 279, 282, 286, 291, 293, 296, 302, 308, 311, 322, 323, 327, 329, 330, 332, 335, 337, 341, 342, 346, 347, 348, 353, 354, 356, 359, 361, 362, 370, 371, 373, 387, 390, 399]
x_217: [3, 4, 7, 8, 20, 22, 23, 24, 30, 40, 44, 52, 55, 56, 62, 72, 73, 74, 75, 78, 80, 83, 89, 90, 92, 93, 94, 100, 101, 102, 104, 105, 108, 114, 115, 130, 133, 138, 143, 144, 148, 154, 167, 170, 171, 184, 193, 196, 200, 202, 208, 211, 214, 215, 219, 220, 223, 229, 230, 233, 234, 239, 261, 265, 266, 268, 269, 272, 285, 292, 294, 301, 305, 313, 315, 317, 318, 319, 321, 329, 330, 332, 335, 340, 341, 343, 344, 352, 355, 357, 358, 359, 366, 368, 376, 378, 380, 382, 385, 391]
x_218: [7, 13, 14, 18, 23, 24, 25, 27, 35, 36, 38, 47, 49, 55, 62, 68, 72, 78, 87, 93, 95, 97, 101, 105, 111, 119, 126, 130, 132, 135, 141, 142, 162, 168, 170, 180, 184, 187, 201, 203, 205, 207, 209, 223, 224, 228, 231, 237, 245, 248, 253, 254, 259, 266, 267, 272, 276, 281, 282, 283, 288, 289, 293, 294, 296, 297, 299, 300, 306, 320, 322, 323, 324, 327, 328, 329, 331, 335, 340, 342, 343, 345, 352, 356, 357, 362, 364, 368, 372, 374, 375, 380, 382, 385, 399]
x_219: [2, 9, 10, 21, 26, 34, 36, 49, 51, 63, 65, 74, 81, 87, 93, 98, 102, 105, 108, 114, 126, 127, 128, 129, 132, 135, 142, 145, 156, 160, 161, 163, 175, 178, 182, 191, 194, 199, 203, 206, 210, 213, 214, 216, 217, 225, 227, 230, 233, 248, 250, 253, 256, 263, 265, 277, 284, 287, 290, 294, 295, 299, 301, 304, 307, 308, 315, 317, 320, 322, 328, 333, 336, 337, 338, 340, 341, 344, 346, 350, 357, 360, 362, 367, 371, 374, 380, 382, 388, 393]
x_220: [14, 17, 19, 20, 21, 31, 32, 52, 53, 54, 64, 71, 76, 77, 81, 84, 89, 91, 92, 93, 94, 96, 104, 110, 120, 121, 123, 136, 140, 147, 151, 154, 156, 157, 161, 162, 163, 178, 189, 196, 206, 209, 213, 217, 225, 226, 227, 232, 233, 234, 240, 248, 253, 255, 256, 261, 264, 275, 279, 286, 290, 295, 298, 299, 300, 303, 304, 308, 309, 313, 319, 325, 327, 329, 331, 332, 334, 335, 338, 339, 341, 342, 345, 349, 355, 356, 357, 362, 365, 371, 376, 377, 378, 383, 385, 397]
x_221: [1, 5, 6, 9, 13, 16, 26, 29, 33, 35, 41, 55, 56, 59, 62, 66, 67, 72, 74, 76, 79, 82, 94, 96, 112, 125, 128, 130, 136, 137, 139, 147, 151, 157, 162, 165, 170, 172, 176, 179, 180, 187, 189, 190, 191, 192, 193, 195, 196, 203, 206, 211, 212, 214, 216, 223, 231, 233, 236, 239, 244, 245, 249, 251, 256, 257, 264, 266, 272, 278, 283, 298, 305, 315, 316, 318, 323, 325, 327, 328, 329, 332, 335, 337, 343, 345, 346, 347, 350, 357, 360, 363, 366, 370, 371, 375, 387, 396]
x_222: [2, 3, 15, 19, 20, 21, 26, 28, 31, 34, 39, 41, 48, 53, 55, 68, 75, 80, 83, 85, 86, 87, 95, 97, 110, 111, 114, 115, 116, 120, 121, 129, 133, 137, 138, 144, 147, 150, 151, 155, 162, 167, 177, 187, 192, 201, 202, 207, 208, 209, 211, 213, 227, 228, 231, 239, 241, 247, 251, 253, 262, 269, 273, 274, 282, 283, 285, 288, 290, 291, 294, 302, 308, 311, 317, 322, 326, 340, 342, 343, 344, 345, 351, 359, 361, 366, 375, 376, 382, 389, 395, 396, 397]
x_223: [1, 12, 13, 16, 18, 21, 30, 40, 46, 53, 57, 62, 66, 68, 74, 76, 80, 83, 91, 101, 103, 110, 111, 112, 114, 116, 125, 130, 131, 135, 136, 137, 138, 139, 152, 153, 154, 156, 157, 164, 168, 169, 173, 177, 178, 179, 183, 188, 195, 201, 204, 205, 207, 211, 215, 217, 218, 221, 227, 237, 238, 248, 250, 252, 254, 256, 257, 270, 275, 284, 285, 290, 291, 292, 297, 299, 305, 306, 312, 315, 319, 326, 329, 336, 337, 338, 340, 344, 351, 354, 355, 356, 369, 380, 382, 385, 394, 395, 398, 399]
x_224: [3, 5, 13, 17, 18, 27, 35, 39, 45, 48, 53, 56, 59, 63, 67, 71, 78, 80, 82, 89, 95, 96, 97, 98, 101, 106, 110, 113, 118, 119, 120, 122, 124, 127, 133, 136, 145, 148, 149, 151, 153, 157, 158, 166, 171, 178, 187, 192, 202, 203, 209, 210, 218, 226, 233, 238, 245, 255, 256, 264, 267, 273, 276, 281, 282, 284, 288, 291, 298, 303, 311, 314, 322, 324, 326, 333, 338, 340, 345, 347, 348, 350, 355, 357, 360, 362, 365, 369, 372, 373, 375, 377, 384, 388, 390, 391, 393, 396, 399]
x_225: [5, 12, 14, 15, 18, 21, 30, 32, 37, 39, 46, 49, 50, 55, 57, 58, 61, 67, 69, 70, 71, 74, 77, 78, 81, 84, 87, 90, 92, 94, 99, 100, 106, 109, 111, 116, 121, 137, 139, 142, 144, 146, 148, 152, 156, 158, 163, 165, 166, 169, 173, 190, 193, 195, 196, 197, 207, 212, 213, 219, 220, 227, 229, 230, 232, 237, 240, 243, 244, 250, 257, 262, 264, 268, 271, 273, 275, 280, 281, 283, 291, 300, 301, 307, 310, 319, 325, 328, 330, 339, 342, 343, 347, 351, 352, 355, 362, 365, 372, 383, 397, 400]
x_226: [3, 6, 9, 10, 12, 14, 15, 20, 21, 23, 25, 30, 31, 34, 49, 52, 54, 56, 58, 60, 66, 67, 69, 76, 77, 80, 90, 98, 108, 114, 115, 121, 128, 131, 139, 142, 147, 150, 156, 158, 164, 165, 172, 173, 176, 179, 181, 184, 185, 187, 189, 191, 200, 201, 204, 205, 206, 213, 216, 220, 224, 227, 229, 233, 236, 243, 252, 253, 254, 255, 259, 263, 265, 275, 287, 291, 292, 293, 303, 306, 307, 314, 317, 318, 320, 328, 330, 333, 336, 337, 343, 348, 349, 351, 358, 361, 366, 370, 374, 376, 381, 382, 385, 390, 391, 393, 395, 397, 399]
x_227: [4, 6, 10, 25, 27, 29, 33, 34, 35, 36, 42, 55, 56, 60, 62, 63, 65, 66, 67, 74, 76, 79, 81, 84, 85, 87, 88, 89, 90, 91, 92, 93, 94, 100, 102, 105, 110, 111, 112, 115, 116, 119, 121, 132, 135, 141, 144, 145, 147, 149, 150, 157, 159, 162, 163, 164, 166, 168, 169, 170, 172, 175, 179, 183, 186, 188, 191, 193, 194, 195, 197, 198, 200, 205, 207, 213, 219, 220, 222, 223, 225, 226, 230, 236, 237, 249, 253, 254, 269, 277, 279, 280, 283, 289, 292, 297, 303, 305, 314, 319, 321, 326, 327, 328, 333, 334, 336, 352, 360, 373, 378, 386, 390, 393, 396, 398]
x_228: [1, 9, 17, 20, 21, 30, 34, 38, 43, 44, 50, 54, 55, 57, 58, 59, 64, 73, 74, 85, 87, 88, 95, 101, 103, 104, 106, 111, 117, 135, 142, 143, 145, 148, 149, 150, 151, 155, 156, 160, 161, 162, 165, 170, 175, 177, 180, 184, 187, 194, 202, 204, 208, 218, 222, 230, 239, 240, 243, 251, 252, 253, 256, 257, 265, 266, 268, 279, 280, 290, 294, 298, 302, 303, 305, 309, 310, 311, 324, 325, 328, 329, 331, 339, 340, 347, 352, 354, 368, 371, 375, 377, 378, 379, 384, 391, 396, 397, 400]
x_229: [5, 7, 8, 9, 11, 15, 16, 17, 25, 26, 32, 41, 45, 58, 67, 75, 76, 86, 92, 93, 94, 100, 102, 105, 108, 111, 113, 115, 116, 117, 129, 132, 136, 140, 144, 147, 155, 156, 162, 163, 173, 177, 183, 184, 187, 196, 203, 212, 213, 215, 216, 217, 225, 226, 231, 236, 238, 242, 243, 252, 253, 258, 260, 263, 264, 265, 266, 268, 270, 271, 273, 275, 276, 278, 279, 290, 294, 295, 296, 297, 299, 302, 311, 312, 315, 318, 330, 331, 332, 333, 341, 347, 350, 357, 358, 360, 363, 365, 368, 369, 372, 376, 392, 399]
x_230: [5, 8, 11, 13, 15, 16, 17, 21, 26, 28, 31, 32, 40, 41, 42, 48, 53, 54, 57, 61, 75, 86, 87, 92, 93, 94, 96, 99, 101, 109, 115, 118, 121, 122, 123, 125, 127, 129, 130, 131, 134, 136, 137, 140, 148, 150, 152, 155, 157, 158, 164, 165, 167, 168, 172, 174, 183, 187, 198, 217, 219, 225, 227, 228, 231, 237, 238, 240, 243, 244, 249, 260, 266, 270, 272, 273, 278, 282, 286, 289, 290, 293, 301, 302, 304, 310, 314, 315, 320, 329, 331, 333, 334, 337, 345, 348, 354, 356, 357, 360, 370, 372, 373, 381, 384, 390, 397, 399, 400]
x_231: [6, 19, 20, 21, 23, 32, 33, 34, 37, 42, 46, 47, 63, 65, 66, 68, 70, 71, 76, 86, 87, 89, 90, 112, 123, 124, 131, 136, 138, 142, 146, 147, 148, 150, 154, 156, 157, 158, 166, 184, 195, 197, 201, 209, 210, 216, 218, 221, 222, 229, 230, 233, 235, 236, 242, 249, 252, 254, 266, 271, 275, 278, 280, 282, 283, 295, 298, 299, 300, 301, 304, 306, 308, 312, 321, 326, 331, 333, 338, 339, 347, 351, 355, 356, 359, 372, 376, 395]
x_232: [9, 11, 14, 17, 21, 22, 26, 37, 38, 39, 42, 43, 45, 53, 61, 62, 63, 67, 69, 70, 74, 83, 85, 91, 92, 93, 94, 97, 103, 107, 114, 116, 123, 130, 136, 139, 142, 145, 148, 150, 157, 160, 168, 185, 195, 204, 210, 212, 215, 220, 225, 234, 240, 244, 246, 247, 253, 255, 256, 262, 272, 274, 277, 281, 287, 302, 303, 305, 306, 307, 308, 310, 313, 314, 316, 319, 322, 323, 324, 326, 327, 330, 331, 332, 343, 345, 352, 353, 355, 358, 360, 370, 377, 381, 382, 383, 384, 385, 387]
x_233: [4, 5, 9, 11, 13, 16, 23, 32, 34, 35, 36, 43, 46, 50, 55, 64, 67, 68, 70, 72, 74, 77, 82, 83, 84, 92, 94, 95, 96, 97, 102, 103, 105, 109, 114, 120, 126, 130, 133, 142, 146, 148, 150, 151, 156, 157, 158, 161, 166, 168, 170, 174, 177, 178, 184, 187, 190, 194, 195, 196, 197, 200, 202, 204, 205, 208, 215, 217, 219, 220, 221, 224, 226, 231, 234, 240, 246, 254, 256, 258, 261, 269, 274, 276, 277, 279, 280, 281, 282, 286, 290, 291, 297, 299, 300, 302, 313, 318, 320, 321, 323, 324, 330, 331, 333, 336, 338, 343, 351, 353, 356, 358, 360, 361, 363, 366, 368, 370, 379, 385, 386, 395, 400]
x_234: [2, 3, 5, 10, 11, 15, 24, 25, 27, 29, 36, 38, 41, 42, 47, 49, 51, 52, 53, 59, 61, 62, 65, 72, 74, 79, 81, 83, 87, 88, 91, 95, 100, 103, 104, 105, 107, 112, 113, 116, 121, 123, 125, 128, 131, 133, 139, 140, 141, 144, 154, 155, 159, 167, 172, 185, 189, 195, 196, 198, 199, 202, 205, 213, 217, 220, 232, 233, 240, 241, 246, 247, 257, 267, 270, 271, 278, 279, 283, 285, 287, 293, 295, 302, 308, 320, 321, 322, 325, 326, 328, 329, 336, 343, 345, 347, 352, 361, 364, 370, 371, 373, 383, 385, 387, 394, 395, 397]
x_235: [1, 2, 3, 4, 11, 13, 19, 20, 24, 27, 31, 41, 50, 51, 52, 53, 57, 59, 61, 68, 72, 79, 83, 87, 92, 98, 99, 101, 106, 112, 113, 121, 150, 151, 153, 161, 163, 168, 173, 175, 179, 181, 182, 184, 185, 190, 191, 203, 205, 209, 211, 212, 231, 239, 242, 243, 246, 248, 252, 254, 255, 261, 262, 266, 268, 271, 272, 276, 278, 282, 284, 288, 289, 297, 310, 313, 315, 316, 319, 321, 322, 324, 326, 336, 339, 340, 341, 346, 353, 366, 372, 373, 379, 381, 383, 386, 388, 390, 391, 393, 394]
x_236: [1, 3, 8, 9, 13, 15, 17, 18, 20, 21, 22, 30, 31, 33, 37, 40, 50, 53, 56, 68, 72, 77, 79, 88, 89, 93, 101, 107, 109, 110, 117, 118, 119, 124, 126, 130, 138, 141, 142, 148, 149, 157, 159, 168, 177, 182, 184, 188, 189, 193, 194, 198, 206, 208, 214, 221, 226, 227, 229, 231, 242, 247, 256, 265, 268, 269, 270, 284, 286, 288, 290, 291, 298, 300, 302, 303, 307, 309, 310, 311, 318, 320, 330, 331, 333, 336, 337, 339, 342, 347, 354, 355, 362, 374, 391, 393]
x_237: [8, 10, 11, 12, 13, 18, 28, 36, 37, 39, 46, 48, 49, 55, 56, 57, 60, 64, 68, 71, 72, 77, 79, 84, 86, 89, 92, 97, 102, 112, 119, 127, 133, 136, 138, 139, 140, 148, 153, 157, 168, 169, 173, 175, 179, 183, 186, 191, 196, 199, 203, 205, 211, 216, 218, 223, 225, 227, 230, 245, 248, 249, 252, 254, 271, 278, 280, 284, 286, 291, 294, 303, 304, 305, 306, 307, 313, 323, 325, 326, 327, 329, 333, 340, 345, 350, 355, 356, 357, 364, 365, 366, 369, 373, 377, 381, 382, 383, 387, 400]
x_238: [4, 9, 13, 16, 19, 27, 29, 34, 39, 41, 46, 48, 49, 59, 64, 73, 78, 83, 90, 92, 94, 97, 102, 107, 116, 119, 125, 128, 132, 133, 137, 138, 140, 145, 149, 150, 152, 156, 159, 163, 165, 166, 169, 173, 176, 178, 180, 182, 186, 188, 191, 193, 194, 197, 201, 209, 214, 216, 223, 224, 229, 230, 239, 242, 244, 249, 251, 253, 254, 258, 270, 271, 273, 275, 277, 283, 285, 287, 288, 289, 290, 297, 301, 304, 309, 310, 312, 314, 316, 319, 322, 330, 341, 345, 346, 353, 356, 362, 364, 370, 373, 375, 385, 386, 387, 394, 395, 396, 399]
x_239: [12, 13, 14, 28, 29, 30, 31, 32, 37, 38, 43, 51, 52, 58, 61, 62, 68, 70, 72, 73, 77, 82, 92, 93, 98, 101, 106, 108, 114, 115, 119, 122, 123, 124, 131, 139, 140, 152, 156, 158, 162, 170, 176, 177, 183, 184, 187, 190, 193, 195, 198, 200, 201, 202, 207, 215, 216, 217, 221, 222, 228, 235, 238, 241, 244, 247, 250, 251, 257, 258, 260, 264, 265, 266, 271, 272, 281, 285, 288, 299, 312, 315, 318, 321, 323, 331, 338, 342, 344, 346, 347, 351, 355, 374, 377, 378, 382, 383, 386, 390, 392, 399]
x_240: [2, 3, 5, 9, 10, 11, 15, 17, 18, 22, 27, 30, 35, 42, 54, 57, 59, 63, 64, 65, 68, 74, 79, 82, 96, 98, 99, 101, 105, 108, 114, 121, 123, 131, 141, 143, 144, 149, 156, 158, 160, 162, 164, 165, 169, 170, 171, 172, 174, 175, 182, 183, 184, 188, 190, 197, 199, 200, 202, 203, 210, 216, 220, 225, 228, 230, 232, 233, 234, 250, 253, 254, 256, 260, 261, 263, 266, 269, 272, 273, 274, 275, 281, 290, 295, 296, 297, 303, 305, 309, 314, 315, 316, 317, 319, 324, 325, 327, 335, 348, 353, 355, 356, 358, 362, 363, 365, 376, 385, 387, 388, 394, 395, 397]
x_241: [6, 9, 12, 13, 15, 18, 19, 23, 26, 38, 46, 48, 53, 64, 67, 72, 75, 76, 83, 96, 97, 98, 99, 102, 109, 110, 116, 117, 120, 121, 130, 133, 139, 140, 149, 152, 157, 160, 162, 164, 165, 168, 174, 179, 183, 186, 188, 189, 192, 194, 195, 202, 207, 210, 222, 234, 239, 243, 246, 248, 249, 250, 252, 259, 266, 269, 270, 277, 281, 282, 299, 305, 307, 310, 318, 319, 324, 325, 326, 327, 330, 332, 334, 336, 341, 343, 344, 347, 349, 350, 351, 355, 356, 358, 361, 365, 366, 371, 373, 379, 380, 386, 391, 396]
x_242: [1, 8, 14, 18, 21, 25, 30, 34, 38, 40, 42, 45, 47, 48, 53, 55, 56, 60, 63, 67, 74, 76, 81, 84, 88, 93, 96, 97, 98, 99, 111, 113, 118, 119, 120, 121, 138, 143, 149, 150, 151, 155, 166, 176, 177, 178, 179, 180, 182, 191, 192, 193, 197, 202, 206, 207, 213, 214, 229, 231, 235, 236, 238, 244, 251, 256, 259, 260, 263, 269, 270, 274, 276, 284, 285, 290, 293, 301, 306, 313, 315, 320, 321, 326, 335, 339, 340, 341, 343, 349, 350, 352, 358, 363, 364, 371, 372, 380, 382, 385, 390, 397, 400]
x_243: [7, 12, 19, 30, 34, 39, 40, 43, 48, 52, 54, 60, 61, 66, 68, 71, 73, 74, 77, 95, 96, 99, 102, 110, 125, 129, 132, 136, 138, 143, 144, 146, 150, 153, 155, 156, 159, 161, 169, 193, 195, 197, 198, 207, 208, 214, 225, 226, 228, 229, 230, 235, 241, 246, 260, 262, 266, 267, 268, 269, 273, 277, 283, 289, 290, 307, 316, 317, 327, 331, 333, 338, 339, 340, 341, 344, 348, 350, 353, 358, 360, 361, 369, 372, 375, 376, 379, 383, 386, 387, 398]
x_244: [6, 9, 16, 20, 21, 22, 23, 26, 27, 36, 45, 50, 52, 53, 56, 75, 76, 87, 88, 98, 105, 109, 110, 113, 120, 126, 128, 129, 132, 134, 140, 141, 144, 150, 152, 154, 157, 177, 187, 188, 190, 194, 198, 201, 203, 205, 210, 215, 221, 225, 230, 232, 238, 239, 242, 246, 255, 264, 268, 271, 274, 277, 291, 292, 293, 297, 298, 299, 301, 304, 305, 306, 315, 317, 318, 322, 332, 345, 346, 348, 350, 353, 357, 361, 362, 364, 365, 366, 368, 369, 372, 375, 377, 380, 381, 383, 386, 389, 390, 392, 395, 396, 400]
x_245: [14, 15, 16, 19, 25, 27, 29, 30, 37, 41, 49, 50, 54, 55, 63, 64, 65, 66, 67, 73, 76, 83, 86, 92, 93, 95, 96, 98, 102, 103, 108, 109, 119, 120, 128, 129, 130, 133, 141, 144, 146, 151, 153, 166, 172, 175, 178, 184, 192, 195, 197, 211, 213, 218, 221, 224, 237, 251, 259, 264, 265, 271, 273, 274, 276, 280, 289, 293, 299, 304, 306, 308, 310, 318, 320, 328, 331, 332, 333, 336, 339, 342, 347, 353, 359, 361, 384, 396, 399]
x_246: [1, 10, 11, 12, 13, 23, 24, 25, 30, 33, 39, 43, 49, 55, 68, 71, 72, 74, 76, 77, 83, 86, 87, 90, 92, 96, 98, 99, 102, 109, 114, 115, 122, 123, 128, 129, 134, 148, 149, 153, 162, 165, 175, 181, 182, 184, 186, 188, 189, 194, 195, 199, 200, 208, 232, 233, 234, 235, 241, 243, 244, 259, 269, 270, 273, 275, 277, 279, 281, 287, 288, 293, 302, 306, 326, 331, 334, 339, 349, 353, 355, 360, 369, 370, 371, 383, 387, 389, 390, 392, 395]
x_247: [1, 6, 7, 8, 11, 14, 21, 25, 28, 29, 36, 38, 39, 43, 47, 52, 53, 56, 57, 62, 67, 68, 76, 79, 81, 84, 85, 99, 103, 109, 111, 116, 127, 130, 137, 140, 146, 151, 160, 161, 164, 186, 199, 208, 212, 215, 222, 232, 234, 236, 239, 252, 255, 256, 261, 266, 268, 277, 279, 283, 286, 291, 292, 293, 303, 307, 311, 322, 324, 325, 328, 330, 332, 333, 336, 339, 340, 346, 348, 351, 353, 354, 355, 361, 362, 363, 378, 390, 398, 399]
x_248: [1, 3, 7, 9, 12, 13, 20, 24, 26, 29, 30, 32, 37, 39, 40, 41, 47, 52, 54, 62, 66, 70, 73, 76, 90, 101, 118, 119, 120, 121, 133, 139, 143, 147, 148, 151, 153, 165, 167, 176, 179, 181, 182, 183, 186, 190, 191, 201, 202, 205, 214, 215, 218, 219, 220, 223, 235, 237, 241, 250, 254, 255, 256, 259, 263, 269, 273, 276, 278, 283, 289, 292, 296, 304, 306, 313, 318, 320, 327, 333, 334, 337, 338, 340, 342, 346, 350, 358, 359, 363, 364, 365, 366, 367, 368, 373, 386, 392, 396, 397]
x_249: [3, 7, 14, 24, 32, 37, 51, 53, 57, 58, 59, 66, 68, 75, 77, 81, 84, 94, 96, 98, 100, 104, 107, 108, 109, 112, 117, 118, 126, 128, 130, 133, 134, 143, 144, 150, 159, 163, 169, 178, 185, 189, 193, 197, 198, 199, 200, 204, 206, 209, 210, 211, 212, 213, 215, 221, 227, 230, 231, 237, 238, 241, 258, 259, 263, 268, 274, 278, 282, 283, 284, 291, 293, 299, 307, 308, 310, 311, 318, 321, 331, 334, 336, 344, 352, 371, 375, 379, 386, 388, 393, 394, 396, 400]
x_250: [1, 4, 9, 12, 13, 14, 21, 26, 29, 32, 33, 36, 37, 38, 40, 54, 57, 59, 60, 63, 73, 74, 79, 80, 87, 90, 93, 94, 106, 114, 115, 116, 123, 128, 129, 133, 140, 146, 151, 156, 157, 161, 163, 165, 167, 170, 172, 175, 178, 179, 189, 199, 203, 208, 210, 212, 219, 223, 225, 239, 240, 241, 248, 254, 260, 264, 267, 268, 271, 276, 277, 291, 294, 299, 304, 306, 312, 318, 319, 322, 323, 324, 328, 331, 332, 333, 334, 336, 338, 340, 343, 349, 353, 365, 372, 376, 377, 379, 384, 385, 386, 387, 389, 394, 400]
x_251: [1, 5, 6, 7, 9, 13, 22, 26, 28, 32, 33, 34, 36, 42, 45, 49, 51, 62, 70, 72, 75, 76, 83, 89, 91, 93, 94, 100, 102, 103, 107, 112, 118, 122, 125, 131, 133, 142, 145, 146, 149, 155, 157, 160, 175, 176, 183, 188, 192, 194, 196, 198, 210, 211, 212, 213, 214, 221, 222, 228, 238, 239, 242, 245, 255, 256, 263, 264, 265, 290, 291, 293, 299, 300, 301, 307, 309, 310, 311, 313, 318, 327, 328, 334, 336, 339, 341, 342, 343, 345, 347, 348, 355, 369, 370, 380, 388, 389, 390, 395, 397, 399]
x_252: [8, 10, 12, 26, 27, 31, 32, 33, 38, 41, 48, 49, 51, 52, 54, 55, 59, 60, 71, 72, 76, 87, 91, 95, 96, 98, 99, 100, 107, 114, 116, 119, 121, 125, 127, 130, 131, 144, 145, 146, 147, 151, 155, 159, 161, 163, 164, 165, 167, 168, 169, 172, 176, 180, 181, 182, 184, 187, 190, 205, 208, 211, 213, 223, 226, 228, 229, 231, 235, 237, 241, 247, 263, 265, 271, 272, 273, 275, 277, 280, 284, 287, 294, 300, 307, 312, 315, 316, 329, 333, 340, 341, 344, 346, 350, 351, 355, 356, 357, 358, 359, 366, 368, 373, 374, 376, 378, 384, 385, 386, 387, 394, 395, 397, 398, 400]
x_253: [3, 5, 7, 9, 10, 18, 19, 23, 25, 28, 32, 43, 49, 53, 54, 56, 58, 60, 62, 63, 65, 67, 69, 73, 79, 82, 84, 87, 94, 100, 103, 105, 110, 112, 113, 114, 115, 119, 122, 128, 134, 138, 141, 150, 153, 163, 170, 171, 176, 180, 182, 188, 191, 193, 199, 200, 201, 205, 207, 212, 213, 218, 219, 220, 222, 226, 227, 228, 229, 232, 238, 240, 264, 276, 279, 281, 284, 287, 291, 293, 295, 300, 305, 309, 313, 317, 322, 324, 325, 327, 330, 339, 341, 343, 346, 351, 352, 362, 364, 365, 367, 368, 369, 370, 371, 373, 380, 381, 391, 394, 396, 398]
x_254: [3, 4, 13, 18, 20, 21, 24, 30, 33, 40, 41, 46, 59, 60, 61, 63, 64, 66, 67, 68, 71, 72, 77, 79, 83, 85, 87, 91, 92, 99, 100, 101, 103, 105, 107, 124, 126, 128, 130, 137, 138, 143, 145, 149, 150, 152, 155, 158, 161, 163, 166, 172, 175, 176, 178, 180, 183, 184, 190, 193, 197, 201, 204, 205, 208, 209, 211, 214, 216, 218, 223, 226, 227, 231, 233, 235, 237, 238, 240, 248, 250, 261, 265, 266, 269, 277, 280, 281, 287, 290, 297, 299, 300, 302, 309, 325, 329, 349, 355, 366, 375, 377, 379, 388, 392, 396, 398]
x_255: [1, 8, 10, 11, 15, 21, 24, 25, 27, 29, 30, 31, 33, 34, 35, 40, 42, 47, 58, 59, 63, 69, 71, 72, 76, 77, 78, 81, 82, 92, 99, 100, 101, 102, 108, 115, 119, 120, 125, 127, 128, 135, 139, 142, 148, 155, 157, 159, 164, 171, 183, 191, 194, 197, 202, 204, 205, 206, 209, 212, 216, 220, 224, 226, 232, 235, 244, 247, 248, 251, 260, 261, 262, 264, 266, 268, 274, 275, 278, 279, 283, 284, 295, 303, 305, 311, 316, 318, 325, 326, 327, 334, 338, 340, 345, 347, 348, 350, 355, 361, 362, 381, 382, 396, 399]
x_256: [4, 5, 14, 15, 17, 23, 27, 36, 37, 39, 44, 54, 59, 65, 66, 72, 73, 77, 83, 87, 90, 92, 94, 95, 97, 111, 113, 114, 117, 118, 123, 126, 127, 128, 130, 136, 137, 141, 142, 145, 148, 152, 154, 156, 158, 161, 162, 164, 168, 170, 172, 176, 183, 184, 187, 191, 192, 195, 197, 200, 207, 213, 219, 220, 221, 223, 224, 228, 232, 233, 236, 240, 242, 247, 248, 251, 257, 259, 264, 265, 276, 277, 288, 298, 300, 303, 306, 308, 310, 316, 318, 325, 338, 339, 340, 342, 351, 354, 357, 358, 364, 367, 374, 381, 384, 387, 398]
x_257: [1, 3, 5, 6, 7, 11, 19, 32, 49, 50, 52, 58, 69, 70, 71, 74, 77, 80, 83, 84, 87, 88, 96, 98, 102, 103, 107, 112, 119, 121, 122, 123, 128, 132, 133, 145, 150, 162, 166, 167, 169, 173, 177, 182, 187, 188, 189, 196, 197, 199, 200, 213, 214, 221, 223, 225, 228, 234, 239, 256, 260, 265, 268, 270, 275, 276, 279, 286, 290, 292, 296, 299, 308, 315, 325, 328, 337, 347, 348, 355, 357, 362, 366, 370, 371, 375, 377, 380, 389]
x_258: [1, 10, 14, 15, 19, 23, 25, 26, 35, 37, 39, 52, 56, 60, 64, 65, 70, 75, 88, 90, 92, 94, 95, 97, 98, 101, 104, 105, 109, 110, 113, 114, 118, 122, 123, 124, 126, 127, 129, 135, 137, 140, 155, 158, 160, 165, 166, 168, 174, 175, 176, 178, 180, 182, 184, 189, 190, 195, 199, 206, 207, 229, 233, 238, 239, 249, 259, 263, 268, 276, 279, 282, 284, 285, 286, 288, 293, 294, 296, 298, 300, 303, 305, 308, 310, 314, 321, 326, 330, 334, 337, 340, 341, 347, 357, 359, 362, 367, 368, 370, 380, 386, 387, 396]
x_259: [6, 9, 10, 13, 20, 24, 25, 27, 30, 31, 38, 41, 42, 44, 46, 49, 57, 58, 59, 61, 62, 68, 70, 73, 74, 75, 76, 86, 87, 89, 93, 96, 99, 100, 101, 105, 106, 109, 111, 113, 123, 125, 147, 151, 152, 170, 171, 175, 180, 181, 182, 183, 186, 188, 194, 197, 198, 199, 202, 204, 212, 218, 226, 241, 242, 245, 246, 248, 249, 256, 258, 261, 263, 264, 265, 269, 272, 274, 276, 280, 281, 298, 300, 305, 308, 309, 312, 313, 314, 318, 320, 322, 323, 328, 341, 344, 345, 348, 353, 359, 362, 373, 374, 380, 383, 384, 386, 391, 394, 399]
x_260: [10, 13, 22, 23, 27, 28, 32, 34, 36, 42, 49, 55, 56, 59, 63, 66, 67, 72, 78, 80, 86, 95, 97, 100, 101, 105, 107, 114, 117, 118, 120, 130, 136, 138, 139, 144, 146, 148, 164, 166, 167, 174, 177, 184, 187, 190, 195, 200, 204, 205, 208, 213, 229, 230, 239, 240, 242, 243, 250, 255, 257, 264, 265, 268, 277, 281, 282, 287, 288, 290, 291, 292, 298, 302, 308, 312, 320, 321, 322, 326, 328, 330, 334, 351, 354, 358, 366, 368, 377, 379, 381, 394, 396, 397, 399]
x_261: [14, 17, 21, 22, 24, 25, 33, 34, 37, 39, 42, 51, 52, 55, 62, 65, 66, 71, 72, 76, 88, 91, 93, 95, 99, 102, 108, 110, 112, 116, 124, 125, 134, 139, 141, 147, 150, 151, 160, 162, 169, 173, 175, 179, 182, 184, 185, 191, 200, 202, 207, 212, 215, 217, 220, 233, 235, 240, 247, 254, 255, 259, 264, 267, 274, 283, 285, 287, 288, 291, 293, 297, 305, 310, 312, 313, 337, 341, 344, 348, 358, 359, 366, 367, 371, 383, 385, 388, 393, 394, 395]
x_262: [2, 7, 10, 11, 13, 19, 26, 28, 30, 31, 35, 47, 49, 53, 56, 63, 64, 67, 74, 76, 82, 89, 97, 98, 102, 103, 104, 117, 118, 120, 121, 123, 128, 136, 137, 138, 140, 149, 154, 155, 158, 161, 165, 168, 169, 171, 175, 179, 197, 201, 202, 204, 206, 208, 215, 222, 225, 232, 235, 243, 255, 270, 271, 275, 289, 298, 307, 310, 312, 314, 315, 316, 325, 327, 333, 339, 345, 357, 369, 370, 372, 379, 383, 387, 390, 392, 393, 397]
x_263: [2, 6, 11, 17, 20, 27, 29, 31, 35, 37, 42, 47, 50, 51, 52, 58, 63, 66, 68, 69, 76, 80, 83, 85, 86, 87, 88, 89, 101, 107, 114, 115, 122, 124, 129, 132, 133, 135, 136, 143, 144, 148, 153, 161, 164, 166, 170, 178, 186, 188, 190, 193, 198, 199, 200, 201, 204, 207, 211, 219, 226, 229, 240, 242, 248, 249, 251, 252, 258, 259, 266, 267, 272, 277, 281, 289, 294, 298, 299, 300, 302, 317, 327, 330, 332, 342, 346, 349, 350, 354, 362, 364, 366, 370, 373, 374, 379, 384, 386, 399]
x_264: [1, 2, 4, 7, 8, 14, 18, 23, 24, 28, 31, 33, 34, 35, 38, 39, 40, 51, 54, 68, 74, 86, 87, 93, 94, 100, 104, 107, 111, 113, 119, 121, 124, 125, 129, 132, 133, 139, 141, 144, 146, 147, 155, 158, 160, 162, 163, 175, 180, 183, 185, 188, 191, 192, 195, 196, 199, 205, 207, 212, 220, 221, 224, 225, 229, 239, 244, 245, 250, 251, 253, 255, 256, 259, 260, 261, 272, 273, 274, 279, 291, 292, 293, 302, 305, 307, 308, 314, 315, 316, 321, 325, 335, 347, 357, 360, 364, 366, 367, 377, 386, 389, 395, 398, 400]
x_265: [3, 6, 21, 36, 40, 44, 54, 57, 60, 61, 65, 68, 69, 73, 74, 76, 77, 79, 84, 85, 93, 98, 112, 116, 120, 123, 130, 131, 136, 143, 144, 145, 147, 153, 159, 165, 167, 169, 179, 180, 186, 188, 192, 194, 195, 198, 201, 203, 205, 207, 208, 210, 216, 217, 219, 226, 228, 229, 236, 239, 245, 251, 252, 254, 256, 257, 259, 260, 266, 268, 270, 274, 275, 277, 283, 287, 288, 294, 297, 307, 310, 312, 313, 321, 334, 337, 341, 347, 351, 352, 354, 357, 358, 359, 360, 363, 367, 373, 375, 389, 391, 392, 395]
x_266: [1, 6, 8, 11, 18, 20, 22, 28, 29, 30, 32, 38, 42, 49, 67, 70, 71, 79, 82, 85, 97, 98, 108, 110, 111, 115, 121, 124, 133, 136, 138, 141, 145, 147, 148, 152, 153, 154, 155, 156, 160, 161, 166, 169, 171, 173, 178, 182, 193, 195, 200, 202, 207, 210, 212, 214, 217, 218, 221, 228, 229, 230, 231, 235, 239, 240, 241, 243, 247, 254, 255, 263, 265, 269, 276, 277, 283, 287, 293, 299, 302, 307, 308, 312, 318, 320, 325, 328, 331, 334, 338, 339, 342, 343, 345, 346, 349, 354, 356, 362, 366, 375, 382, 383, 384, 395, 397, 398]
x_267: [6, 8, 11, 16, 19, 20, 21, 29, 38, 43, 48, 49, 52, 53, 59, 62, 64, 70, 78, 81, 84, 88, 95, 108, 109, 112, 114, 115, 116, 118, 119, 120, 123, 126, 133, 134, 139, 146, 156, 157, 161, 164, 165, 172, 195, 202, 206, 208, 210, 216, 218, 224, 234, 243, 250, 261, 263, 269, 273, 275, 277, 282, 283, 288, 289, 294, 297, 300, 302, 304, 307, 313, 319, 321, 322, 323, 325, 326, 329, 332, 337, 340, 341, 345, 347, 348, 353, 356, 358, 365, 366, 369, 370, 371, 374, 376, 380, 383, 384, 385, 387, 390, 396]
x_268: [2, 3, 12, 13, 14, 16, 17, 28, 30, 31, 32, 34, 37, 42, 45, 48, 52, 54, 60, 75, 76, 79, 84, 85, 86, 93, 100, 105, 106, 108, 111, 112, 116, 120, 123, 126, 132, 136, 138, 140, 142, 150, 154, 157, 162, 168, 171, 175, 177, 184, 189, 192, 197, 205, 209, 214, 216, 217, 225, 228, 229, 235, 236, 243, 244, 247, 249, 250, 255, 257, 258, 260, 265, 272, 273, 307, 309, 313, 314, 316, 324, 330, 333, 335, 337, 340, 346, 349, 355, 356, 357, 358, 361, 362, 376, 378, 380, 388, 390, 394, 395]
x_269: [2, 3, 5, 9, 12, 16, 26, 35, 41, 45, 50, 53, 56, 58, 65, 67, 68, 73, 77, 78, 79, 82, 85, 91, 99, 100, 105, 107, 109, 111, 123, 128, 138, 142, 148, 154, 163, 164, 166, 183, 193, 195, 200, 205, 207, 208, 215, 216, 217, 222, 227, 233, 236, 240, 241, 242, 243, 246, 248, 254, 259, 266, 267, 275, 277, 280, 283, 292, 295, 296, 300, 306, 307, 312, 313, 316, 321, 323, 324, 325, 326, 327, 328, 333, 334, 336, 344, 348, 353, 356, 357, 360, 362, 368, 372, 378, 380, 384, 393, 396, 399]
x_270: [1, 2, 4, 7, 11, 14, 18, 23, 31, 33, 43, 48, 50, 52, 53, 58, 60, 61, 64, 65, 70, 72, 80, 84, 86, 89, 98, 100, 101, 105, 110, 114, 116, 117, 121, 122, 126, 127, 133, 134, 137, 145, 156, 159, 162, 169, 171, 177, 192, 194, 200, 201, 206, 207, 223, 229, 230, 234, 236, 238, 241, 242, 246, 257, 262, 265, 274, 275, 288, 290, 298, 301, 316, 321, 322, 332, 334, 335, 343, 348, 354, 355, 357, 365, 374, 378, 379, 380, 382, 383, 391]
x_271: [7, 9, 10, 11, 14, 21, 22, 24, 30, 34, 36, 39, 42, 48, 51, 58, 61, 63, 69, 70, 75, 81, 82, 88, 95, 97, 98, 102, 103, 109, 116, 121, 131, 132, 133, 135, 139, 143, 144, 146, 147, 156, 157, 158, 159, 163, 166, 172, 175, 180, 185, 186, 188, 189, 191, 192, 195, 199, 201, 206, 214, 225, 229, 231, 234, 235, 237, 238, 239, 244, 245, 250, 252, 262, 280, 281, 284, 294, 297, 302, 304, 309, 314, 323, 325, 326, 329, 335, 343, 344, 345, 348, 350, 356, 358, 362, 369, 370, 375, 376, 379, 383, 384, 392, 393, 395, 397, 398]
x_272: [3, 5, 7, 10, 13, 15, 18, 19, 26, 27, 28, 33, 34, 49, 63, 67, 69, 70, 74, 78, 83, 87, 91, 94, 106, 109, 113, 116, 118, 120, 121, 124, 125, 126, 134, 136, 142, 144, 147, 150, 160, 164, 166, 170, 171, 178, 180, 182, 187, 195, 196, 204, 206, 214, 217, 218, 221, 230, 232, 235, 239, 240, 252, 259, 263, 264, 268, 273, 277, 280, 284, 289, 290, 315, 317, 324, 325, 329, 334, 335, 336, 339, 342, 345, 356, 363, 366, 369, 371, 375, 379, 380, 381, 383, 385]
x_273: [7, 8, 9, 11, 12, 13, 15, 16, 18, 20, 21, 25, 28, 31, 39, 41, 44, 51, 53, 55, 60, 61, 63, 64, 65, 69, 74, 77, 81, 83, 84, 86, 88, 91, 92, 95, 98, 103, 107, 108, 113, 127, 133, 135, 143, 158, 162, 171, 174, 175, 180, 181, 184, 190, 191, 196, 198, 222, 224, 225, 229, 230, 238, 240, 243, 245, 246, 248, 252, 264, 267, 268, 272, 274, 279, 282, 283, 285, 292, 305, 307, 316, 321, 329, 331, 335, 339, 342, 343, 348, 351, 353, 361, 366, 370, 371, 382, 383, 387, 392, 394, 398, 399]
x_274: [2, 6, 7, 12, 13, 17, 19, 20, 22, 29, 35, 40, 41, 43, 47, 50, 53, 61, 69, 76, 84, 86, 90, 96, 97, 99, 105, 110, 111, 112, 118, 122, 124, 126, 127, 130, 135, 139, 141, 147, 151, 159, 162, 163, 167, 169, 172, 177, 179, 180, 181, 187, 189, 195, 196, 203, 207, 214, 215, 222, 232, 233, 240, 242, 244, 245, 249, 255, 259, 261, 264, 265, 270, 273, 279, 287, 288, 291, 296, 302, 307, 308, 313, 319, 327, 330, 333, 334, 335, 341, 344, 351, 353, 354, 358, 361, 365, 368, 369, 370, 372, 373, 380, 383, 388, 390, 391, 393, 399, 400]
x_275: [2, 4, 8, 11, 13, 14, 15, 19, 21, 22, 24, 32, 37, 46, 47, 52, 55, 61, 63, 67, 71, 72, 86, 88, 91, 92, 93, 94, 100, 101, 103, 104, 113, 118, 122, 125, 130, 133, 134, 138, 144, 146, 148, 152, 156, 160, 166, 176, 178, 186, 189, 192, 195, 196, 200, 206, 215, 220, 223, 225, 226, 229, 231, 238, 240, 246, 252, 255, 257, 262, 265, 267, 269, 270, 286, 292, 294, 295, 296, 297, 298, 307, 308, 311, 315, 326, 327, 328, 331, 333, 334, 337, 342, 344, 345, 350, 353, 355, 357, 360, 366, 372, 373, 376, 381, 384, 389, 393, 395]
x_276: [6, 7, 9, 16, 19, 21, 22, 28, 31, 41, 43, 44, 48, 53, 56, 60, 61, 66, 71, 77, 78, 81, 86, 94, 95, 96, 106, 109, 111, 121, 126, 131, 143, 144, 148, 154, 156, 166, 168, 170, 176, 179, 180, 189, 191, 193, 198, 199, 204, 210, 216, 218, 224, 229, 233, 235, 242, 245, 248, 250, 253, 256, 257, 258, 259, 266, 289, 293, 294, 298, 299, 302, 303, 317, 318, 319, 322, 324, 328, 338, 340, 354, 358, 362, 364, 369, 371, 375, 377, 378, 381, 383, 387, 391, 392, 396, 399, 400]
x_277: [5, 7, 11, 12, 13, 15, 17, 21, 22, 30, 35, 38, 39, 40, 53, 59, 64, 68, 70, 71, 73, 76, 86, 87, 90, 96, 99, 102, 112, 114, 119, 123, 124, 129, 131, 138, 139, 142, 143, 145, 152, 161, 166, 182, 184, 186, 188, 194, 197, 208, 212, 213, 215, 219, 227, 232, 233, 238, 241, 243, 244, 246, 247, 250, 252, 254, 256, 260, 263, 265, 266, 267, 269, 272, 279, 284, 287, 289, 302, 306, 316, 320, 321, 323, 331, 335, 336, 338, 341, 351, 353, 356, 369, 370, 376, 379, 382, 386, 390, 395]
x_278: [2, 6, 9, 18, 22, 23, 28, 30, 31, 35, 45, 46, 51, 54, 55, 56, 57, 59, 63, 64, 66, 70, 72, 73, 75, 81, 89, 91, 95, 102, 104, 108, 110, 115, 116, 125, 129, 131, 134, 139, 141, 143, 146, 149, 150, 152, 153, 158, 159, 162, 167, 169, 172, 176, 177, 184, 185, 189, 191, 203, 204, 210, 211, 221, 229, 230, 231, 234, 235, 237, 248, 249, 255, 285, 286, 291, 292, 298, 300, 301, 310, 313, 314, 315, 316, 320, 321, 325, 327, 328, 340, 342, 355, 361, 370, 375, 381, 385, 388, 392, 397, 400]
x_279: [2, 6, 8, 18, 20, 21, 24, 25, 27, 32, 36, 46, 48, 55, 56, 58, 64, 67, 68, 69, 70, 75, 78, 95, 96, 102, 112, 114, 118, 129, 130, 141, 142, 143, 152, 156, 159, 163, 164, 166, 175, 176, 180, 184, 188, 207, 214, 215, 216, 220, 227, 228, 229, 233, 234, 246, 247, 253, 255, 257, 258, 264, 273, 274, 277, 280, 282, 286, 292, 298, 300, 301, 303, 304, 309, 310, 320, 322, 326, 332, 337, 338, 339, 341, 343, 344, 348, 353, 355, 357, 360, 366, 367, 369, 370, 372, 379, 381, 387, 389, 393]
x_280: [5, 10, 12, 13, 16, 26, 32, 33, 38, 41, 44, 49, 54, 57, 59, 61, 64, 75, 76, 77, 80, 85, 98, 103, 104, 106, 108, 110, 111, 115, 116, 118, 121, 123, 124, 129, 132, 134, 135, 136, 142, 148, 155, 164, 166, 167, 170, 173, 174, 175, 186, 187, 191, 194, 196, 197, 201, 204, 209, 210, 211, 225, 227, 228, 231, 233, 237, 245, 252, 254, 259, 269, 271, 272, 279, 291, 292, 294, 295, 297, 300, 321, 331, 332, 335, 340, 342, 343, 354, 357, 359, 360, 362, 364, 366, 369, 374, 378, 382, 383, 389, 394]
x_281: [4, 8, 9, 12, 18, 19, 22, 36, 39, 47, 50, 53, 56, 60, 64, 75, 77, 78, 79, 81, 86, 88, 94, 98, 100, 119, 124, 126, 129, 130, 132, 135, 136, 137, 142, 146, 153, 160, 163, 165, 171, 172, 174, 177, 178, 180, 181, 182, 184, 186, 190, 199, 200, 203, 218, 224, 225, 232, 233, 239, 240, 241, 246, 253, 254, 259, 260, 263, 271, 286, 287, 289, 291, 294, 295, 296, 297, 301, 302, 305, 308, 317, 324, 326, 328, 330, 332, 336, 340, 344, 347, 348, 349, 355, 359, 362, 364, 373, 376, 384, 389, 391, 400]
x_282: [14, 15, 18, 20, 23, 26, 30, 34, 35, 40, 48, 50, 51, 52, 54, 62, 65, 69, 70, 77, 84, 88, 89, 92, 105, 107, 108, 118, 123, 125, 126, 130, 142, 144, 148, 149, 153, 156, 158, 159, 161, 162, 163, 171, 173, 178, 179, 183, 198, 208, 216, 218, 222, 224, 230, 231, 233, 235, 241, 249, 258, 260, 267, 273, 279, 284, 287, 289, 291, 301, 306, 310, 313, 319, 325, 333, 334, 339, 340, 341, 352, 355, 360, 365, 367, 369, 370, 371, 375, 383, 385, 390, 393, 399, 400]
x_283: [7, 14, 17, 24, 26, 27, 34, 36, 39, 42, 46, 51, 54, 57, 58, 59, 61, 68, 69, 78, 80, 83, 86, 89, 100, 101, 103, 110, 127, 137, 155, 156, 162, 164, 168, 171, 189, 190, 195, 198, 200, 205, 214, 218, 221, 222, 225, 227, 231, 234, 238, 243, 247, 248, 249, 255, 261, 265, 266, 267, 269, 273, 295, 298, 300, 301, 302, 305, 311, 314, 315, 317, 319, 324, 328, 330, 331, 336, 339, 340, 353, 355, 362, 365, 366, 374, 376, 378, 380, 382, 384, 388, 392, 397, 399]
x_284: [1, 7, 11, 16, 17, 19, 22, 30, 32, 34, 39, 40, 44, 45, 46, 48, 54, 55, 64, 67, 69, 71, 78, 82, 83, 87, 88, 90, 92, 93, 96, 97, 99, 100, 105, 110, 111, 113, 118, 121, 122, 126, 128, 130, 132, 134, 138, 140, 143, 145, 152, 164, 166, 170, 175, 176, 181, 186, 191, 193, 197, 202, 203, 206, 209, 210, 214, 219, 223, 224, 235, 236, 237, 242, 249, 252, 253, 255, 258, 271, 272, 277, 282, 286, 287, 295, 298, 299, 300, 301, 306, 307, 319, 320, 321, 324, 331, 332, 334, 336, 343, 354, 356, 358, 364, 369, 373, 374, 375, 380, 383, 399]
x_285: [5, 12, 15, 20, 25, 35, 36, 42, 44, 48, 51, 53, 55, 56, 59, 60, 65, 66, 70, 74, 85, 88, 94, 97, 98, 100, 101, 104, 106, 108, 111, 121, 130, 132, 137, 138, 142, 146, 151, 155, 156, 158, 164, 174, 175, 176, 178, 182, 184, 190, 192, 205, 207, 211, 212, 217, 222, 223, 234, 238, 239, 242, 258, 261, 273, 278, 288, 289, 290, 310, 314, 316, 317, 319, 320, 335, 336, 339, 341, 349, 354, 361, 362, 370, 372, 373, 374, 375, 377, 381, 384, 395, 396, 397]
x_286: [15, 25, 31, 37, 41, 46, 47, 51, 61, 63, 65, 67, 69, 80, 82, 83, 84, 89, 92, 94, 103, 108, 121, 122, 125, 132, 134, 147, 148, 149, 152, 158, 160, 164, 170, 173, 175, 179, 184, 185, 186, 187, 189, 191, 198, 201, 202, 204, 207, 210, 212, 216, 220, 230, 233, 236, 237, 247, 257, 258, 275, 278, 279, 281, 284, 287, 288, 289, 290, 291, 295, 305, 308, 314, 315, 324, 339, 348, 351, 352, 354, 359, 365, 375, 384, 387, 388, 390, 392]
x_287: [1, 7, 8, 9, 19, 23, 31, 33, 38, 44, 58, 59, 65, 71, 75, 77, 79, 80, 83, 91, 94, 95, 108, 131, 132, 134, 135, 143, 148, 154, 157, 159, 167, 172, 174, 182, 186, 189, 191, 192, 199, 201, 202, 203, 205, 208, 210, 219, 226, 232, 234, 238, 246, 252, 253, 254, 260, 261, 265, 266, 274, 277, 281, 282, 284, 286, 295, 296, 297, 300, 301, 302, 305, 308, 311, 317, 325, 326, 371, 379, 385, 387, 390, 392, 397]
x_288: [4, 10, 23, 27, 31, 40, 45, 46, 47, 54, 60, 68, 71, 73, 84, 85, 86, 100, 101, 119, 121, 122, 127, 134, 135, 139, 141, 143, 145, 147, 153, 155, 156, 157, 158, 162, 166, 171, 182, 183, 194, 195, 196, 200, 201, 205, 207, 208, 218, 222, 224, 235, 236, 238, 239, 246, 256, 258, 260, 261, 265, 267, 270, 274, 285, 286, 290, 294, 300, 303, 307, 309, 313, 321, 322, 324, 326, 327, 329, 340, 348, 356, 360, 364, 367, 369, 370, 371, 375, 377, 387, 389, 390, 394, 400]
x_289: [1, 4, 6, 9, 10, 15, 27, 32, 35, 36, 43, 46, 52, 54, 58, 62, 72, 76, 77, 81, 90, 95, 97, 102, 114, 127, 142, 144, 145, 150, 155, 157, 159, 160, 163, 164, 165, 182, 183, 187, 188, 191, 192, 193, 195, 197, 199, 200, 205, 208, 215, 218, 227, 230, 235, 238, 243, 245, 248, 262, 263, 267, 272, 276, 277, 281, 282, 285, 286, 297, 299, 300, 308, 312, 314, 316, 323, 328, 334, 355, 356, 364, 365, 366, 370, 373, 375, 377, 380, 382, 385, 388, 393, 397, 399]
x_290: [1, 2, 9, 15, 22, 25, 26, 29, 32, 45, 49, 52, 54, 55, 68, 79, 84, 87, 88, 89, 94, 98, 99, 110, 111, 131, 132, 134, 137, 157, 181, 192, 201, 202, 207, 210, 219, 220, 222, 223, 228, 229, 230, 233, 236, 238, 240, 242, 243, 251, 254, 257, 260, 270, 272, 285, 286, 288, 304, 306, 308, 314, 320, 321, 330, 331, 334, 335, 337, 338, 339, 343, 351, 357, 364, 368, 373, 379, 380, 388, 393, 395, 398]
x_291: [2, 3, 5, 12, 13, 15, 17, 19, 36, 39, 42, 43, 46, 54, 59, 64, 65, 77, 81, 85, 86, 87, 92, 93, 95, 96, 97, 99, 100, 102, 105, 111, 116, 125, 130, 133, 134, 144, 145, 148, 150, 155, 157, 162, 163, 164, 166, 169, 175, 191, 194, 203, 205, 206, 208, 210, 212, 214, 216, 222, 223, 224, 225, 226, 233, 236, 237, 244, 247, 249, 250, 251, 253, 260, 261, 264, 274, 278, 280, 281, 282, 286, 295, 305, 306, 308, 311, 312, 318, 321, 322, 323, 324, 329, 334, 338, 339, 340, 346, 349, 352, 353, 354, 355, 358, 368, 370, 371, 374, 386, 389, 394, 398, 399]
x_292: [2, 4, 7, 8, 15, 16, 18, 20, 29, 32, 37, 53, 55, 56, 62, 72, 77, 84, 87, 93, 95, 98, 99, 103, 105, 109, 111, 116, 117, 118, 122, 125, 126, 129, 130, 133, 142, 152, 154, 162, 167, 191, 195, 201, 210, 214, 217, 223, 226, 227, 244, 247, 248, 257, 260, 264, 269, 273, 275, 278, 279, 280, 293, 297, 320, 322, 324, 330, 338, 348, 353, 358, 366, 378, 379, 380, 385, 388, 396, 398, 399]
x_293: [2, 5, 9, 12, 16, 17, 18, 21, 24, 26, 30, 32, 33, 37, 40, 42, 50, 56, 58, 61, 62, 69, 71, 76, 80, 82, 84, 85, 86, 87, 91, 95, 102, 108, 112, 115, 117, 119, 121, 123, 125, 126, 129, 136, 143, 144, 146, 148, 153, 160, 168, 169, 171, 173, 174, 175, 176, 177, 179, 183, 186, 193, 197, 200, 203, 209, 215, 216, 218, 226, 230, 234, 242, 244, 245, 246, 247, 249, 251, 253, 258, 261, 264, 266, 276, 292, 296, 297, 302, 303, 306, 312, 314, 315, 316, 318, 319, 320, 323, 324, 330, 335, 340, 342, 343, 347, 348, 349, 351, 366, 368, 371, 373, 376, 378, 379, 381, 388, 393, 396, 398]
x_294: [2, 3, 12, 13, 14, 15, 30, 33, 39, 42, 45, 51, 52, 53, 54, 62, 65, 73, 74, 75, 76, 78, 79, 82, 91, 94, 96, 107, 110, 111, 126, 130, 134, 139, 144, 145, 146, 148, 149, 154, 157, 159, 160, 163, 165, 178, 191, 194, 195, 196, 201, 204, 205, 206, 208, 210, 211, 217, 218, 219, 222, 228, 229, 237, 250, 252, 258, 263, 265, 267, 271, 275, 276, 280, 281, 288, 296, 299, 301, 304, 308, 316, 341, 343, 349, 351, 354, 355, 356, 369, 372, 374, 379, 380, 391, 392, 395]
x_295: [2, 4, 6, 12, 18, 23, 24, 25, 29, 36, 39, 47, 48, 68, 71, 75, 78, 82, 88, 89, 100, 101, 106, 109, 112, 114, 117, 120, 123, 126, 131, 133, 137, 138, 142, 146, 147, 153, 154, 155, 160, 161, 166, 169, 171, 176, 178, 180, 181, 184, 185, 196, 202, 214, 219, 220, 229, 231, 234, 240, 253, 255, 269, 275, 280, 281, 283, 284, 286, 287, 291, 298, 303, 308, 310, 312, 317, 320, 325, 331, 333, 337, 338, 342, 344, 348, 354, 361, 366, 373, 376, 382, 384, 393, 395, 399]
x_296: [1, 2, 6, 13, 29, 34, 40, 51, 59, 61, 63, 65, 66, 72, 74, 80, 91, 92, 93, 94, 96, 97, 98, 102, 104, 108, 109, 110, 113, 115, 119, 122, 125, 129, 159, 164, 171, 172, 173, 178, 181, 183, 185, 187, 190, 196, 197, 201, 204, 207, 213, 216, 218, 229, 240, 248, 257, 258, 269, 274, 275, 281, 287, 293, 294, 298, 301, 302, 310, 311, 312, 313, 316, 317, 322, 329, 331, 346, 348, 350, 358, 359, 360, 369, 372, 380, 389, 396]
x_297: [2, 3, 10, 13, 16, 20, 29, 45, 51, 55, 57, 59, 60, 63, 67, 72, 75, 76, 78, 84, 85, 92, 93, 103, 107, 113, 122, 127, 128, 131, 133, 134, 135, 146, 147, 148, 151, 154, 163, 164, 165, 170, 174, 176, 177, 180, 186, 187, 188, 190, 196, 212, 218, 223, 227, 229, 233, 235, 238, 240, 244, 254, 261, 265, 267, 271, 275, 280, 281, 287, 289, 292, 293, 299, 303, 306, 308, 311, 316, 319, 322, 323, 325, 326, 328, 330, 331, 335, 350, 352, 354, 356, 359, 367, 371, 376, 378, 383, 394, 397, 399, 400]
x_298: [3, 5, 8, 12, 16, 19, 20, 23, 26, 27, 35, 38, 40, 43, 51, 54, 55, 58, 64, 68, 71, 72, 77, 97, 102, 104, 106, 111, 112, 113, 116, 117, 124, 132, 136, 149, 151, 157, 162, 163, 168, 173, 174, 182, 189, 190, 193, 194, 195, 200, 201, 202, 204, 207, 208, 212, 220, 221, 224, 228, 231, 236, 244, 256, 258, 259, 260, 262, 263, 270, 275, 276, 278, 279, 283, 284, 295, 296, 301, 309, 317, 320, 322, 323, 325, 327, 328, 334, 337, 343, 346, 347, 348, 349, 360, 366, 371, 372, 373, 391, 392, 394, 396, 398]
x_299: [2, 5, 6, 8, 9, 23, 25, 27, 29, 30, 31, 39, 41, 44, 45, 46, 64, 68, 74, 75, 81, 83, 84, 87, 91, 93, 107, 108, 109, 113, 121, 122, 124, 126, 133, 134, 138, 144, 149, 152, 160, 175, 183, 188, 189, 193, 202, 204, 207, 212, 213, 218, 219, 220, 223, 229, 231, 233, 239, 241, 244, 245, 249, 250, 251, 254, 257, 263, 266, 276, 284, 289, 294, 297, 301, 303, 313, 314, 322, 324, 327, 332, 334, 336, 340, 341, 343, 348, 349, 358, 359, 374, 375, 379, 400]
x_300: [9, 21, 28, 34, 35, 39, 45, 46, 49, 52, 57, 62, 63, 64, 68, 69, 77, 78, 79, 80, 83, 86, 87, 90, 95, 107, 109, 114, 115, 117, 121, 122, 128, 136, 137, 138, 140, 148, 149, 153, 166, 170, 181, 183, 184, 193, 198, 200, 203, 215, 218, 220, 225, 231, 233, 236, 251, 252, 253, 254, 256, 258, 259, 263, 267, 269, 278, 279, 280, 283, 284, 287, 288, 289, 302, 305, 307, 311, 316, 324, 326, 327, 332, 337, 342, 344, 351, 352, 353, 356, 363, 365, 371, 375, 386, 387, 388, 389, 392]
x_301: [2, 5, 13, 15, 20, 21, 23, 31, 37, 48, 49, 52, 56, 57, 60, 64, 78, 80, 85, 86, 90, 92, 94, 102, 107, 116, 124, 126, 142, 143, 144, 146, 147, 151, 162, 163, 165, 167, 181, 187, 192, 194, 201, 203, 205, 206, 208, 214, 217, 219, 225, 230, 231, 238, 242, 244, 251, 270, 278, 279, 281, 282, 283, 284, 287, 294, 296, 298, 299, 311, 313, 315, 322, 326, 327, 328, 329, 332, 334, 335, 336, 340, 341, 343, 344, 346, 350, 354, 357, 361, 362, 364, 369, 371, 376, 379, 380, 386, 388, 390, 396, 399]
x_302: [4, 5, 14, 23, 25, 32, 35, 36, 42, 46, 50, 52, 58, 72, 76, 78, 81, 82, 90, 91, 95, 99, 100, 103, 105, 108, 110, 116, 120, 128, 131, 132, 143, 150, 152, 154, 155, 160, 161, 163, 164, 167, 169, 172, 178, 179, 180, 181, 190, 192, 195, 199, 201, 206, 209, 212, 214, 215, 216, 222, 228, 229, 230, 232, 233, 234, 236, 246, 254, 260, 263, 264, 266, 267, 271, 274, 276, 277, 281, 283, 287, 293, 296, 300, 311, 312, 314, 318, 320, 321, 322, 327, 335, 339, 341, 343, 346, 351, 355, 360, 367, 368, 382, 389, 390, 394, 396, 400]
x_303: [1, 3, 7, 9, 11, 15, 17, 19, 22, 24, 25, 29, 33, 49, 53, 56, 73, 75, 85, 87, 92, 96, 101, 102, 110, 111, 115, 118, 121, 126, 128, 137, 142, 146, 147, 155, 161, 169, 175, 178, 180, 182, 187, 195, 208, 209, 214, 220, 224, 226, 227, 228, 232, 236, 237, 240, 247, 255, 256, 258, 276, 279, 288, 293, 295, 297, 299, 304, 306, 314, 315, 320, 322, 323, 324, 331, 342, 353, 354, 355, 362, 363, 367, 371, 373, 374, 380, 381, 383, 397, 398]
x_304: [7, 14, 15, 17, 21, 22, 26, 33, 44, 47, 49, 54, 56, 60, 69, 70, 72, 78, 84, 88, 99, 104, 111, 112, 115, 120, 123, 129, 132, 136, 147, 148, 156, 159, 160, 161, 163, 164, 170, 171, 174, 180, 183, 185, 188, 192, 193, 196, 199, 201, 202, 219, 220, 230, 231, 237, 238, 244, 245, 248, 250, 267, 271, 279, 290, 294, 303, 305, 307, 308, 309, 310, 313, 316, 317, 318, 325, 328, 331, 338, 344, 350, 351, 352, 355, 364, 366, 369, 372, 373, 374, 382, 385, 389, 390, 397, 400]
x_305: [1, 3, 5, 7, 8, 13, 18, 23, 26, 33, 36, 42, 47, 48, 49, 53, 58, 63, 65, 68, 72, 73, 76, 77, 79, 86, 89, 92, 98, 100, 110, 111, 116, 120, 121, 122, 125, 126, 127, 129, 133, 142, 146, 149, 152, 154, 157, 158, 162, 163, 168, 170, 171, 172, 176, 178, 180, 183, 188, 189, 198, 210, 214, 215, 217, 221, 223, 227, 228, 232, 237, 240, 241, 244, 253, 255, 258, 259, 261, 264, 273, 281, 283, 286, 287, 291, 300, 304, 307, 314, 315, 326, 328, 337, 338, 341, 346, 349, 350, 362, 363, 366, 371, 390, 391, 392]
x_306: [1, 3, 4, 9, 19, 26, 37, 39, 40, 44, 51, 55, 60, 64, 76, 77, 78, 80, 85, 90, 91, 93, 94, 99, 103, 109, 113, 114, 115, 118, 139, 142, 144, 151, 154, 155, 161, 164, 171, 179, 180, 182, 186, 191, 193, 194, 197, 199, 202, 203, 207, 210, 212, 214, 218, 223, 226, 231, 232, 237, 242, 244, 245, 246, 248, 250, 256, 269, 277, 282, 284, 290, 291, 293, 297, 303, 309, 313, 316, 317, 324, 330, 331, 343, 347, 349, 351, 352, 353, 356, 364, 366, 373, 377, 382, 385, 386, 389, 390, 392, 394, 399, 400]
x_307: [9, 11, 12, 13, 17, 23, 28, 29, 33, 34, 36, 37, 42, 44, 45, 48, 52, 54, 61, 66, 74, 80, 81, 83, 85, 86, 90, 94, 96, 110, 113, 115, 118, 130, 132, 137, 139, 141, 142, 144, 146, 147, 149, 154, 157, 166, 168, 169, 170, 172, 173, 176, 179, 184, 186, 190, 191, 192, 202, 203, 210, 211, 219, 225, 226, 232, 236, 237, 241, 243, 247, 249, 251, 252, 262, 264, 265, 266, 267, 268, 269, 273, 274, 275, 284, 288, 300, 304, 305, 312, 314, 315, 318, 325, 326, 327, 331, 336, 337, 344, 345, 346, 347, 348, 353, 357, 362, 363, 368, 377, 383, 387, 395]
x_308: [3, 5, 9, 10, 12, 13, 15, 19, 20, 21, 27, 29, 37, 38, 41, 42, 49, 50, 52, 53, 55, 59, 61, 70, 71, 72, 80, 83, 87, 93, 95, 97, 98, 101, 107, 112, 116, 118, 122, 127, 135, 139, 141, 148, 151, 160, 161, 162, 163, 178, 186, 190, 191, 193, 194, 198, 199, 203, 204, 205, 210, 211, 215, 216, 219, 220, 222, 231, 232, 234, 245, 249, 256, 257, 258, 259, 260, 264, 266, 274, 275, 281, 286, 287, 289, 290, 291, 294, 295, 297, 304, 310, 317, 323, 327, 330, 339, 340, 342, 344, 350, 354, 358, 360, 363, 364, 369, 375, 377, 384, 385, 386, 390]
x_309: [9, 12, 13, 14, 15, 20, 21, 23, 28, 29, 30, 34, 37, 40, 42, 54, 55, 59, 60, 67, 71, 73, 79, 81, 82, 88, 91, 93, 102, 103, 108, 110, 112, 113, 120, 124, 125, 127, 128, 130, 133, 139, 146, 148, 159, 161, 164, 167, 168, 170, 172, 173, 177, 182, 183, 184, 186, 187, 190, 191, 193, 197, 198, 201, 220, 228, 236, 238, 240, 251, 253, 254, 259, 268, 271, 279, 288, 298, 304, 306, 312, 313, 318, 319, 324, 329, 344, 346, 348, 349, 350, 366, 374, 376, 379, 380, 385, 387, 389, 391, 392, 393, 398]
x_310: [11, 19, 20, 29, 38, 42, 47, 50, 54, 61, 67, 68, 70, 74, 75, 80, 83, 87, 92, 93, 103, 106, 112, 127, 128, 129, 133, 148, 155, 156, 158, 159, 170, 174, 175, 177, 178, 179, 181, 182, 188, 190, 191, 192, 195, 197, 203, 204, 206, 210, 211, 213, 214, 225, 228, 230, 232, 235, 236, 238, 241, 245, 249, 251, 256, 258, 261, 262, 265, 278, 279, 282, 285, 295, 296, 304, 308, 315, 330, 331, 337, 341, 342, 356, 357, 359, 361, 366, 374, 375, 378, 379, 382, 386, 387, 392, 399]
x_311: [4, 7, 11, 12, 13, 15, 16, 25, 29, 33, 34, 35, 38, 41, 49, 50, 55, 60, 62, 66, 67, 69, 74, 75, 76, 83, 96, 109, 116, 118, 120, 121, 122, 123, 124, 127, 145, 161, 169, 170, 181, 183, 187, 192, 195, 197, 199, 200, 201, 206, 209, 210, 212, 214, 216, 222, 224, 228, 229, 236, 247, 249, 251, 255, 275, 283, 287, 291, 296, 297, 300, 301, 302, 315, 318, 325, 327, 332, 335, 336, 337, 343, 344, 352, 354, 360, 383, 385, 386, 387, 391, 392, 398, 399]
x_312: [5, 9, 11, 16, 19, 26, 27, 33, 36, 38, 42, 48, 52, 56, 59, 60, 67, 68, 73, 78, 80, 84, 95, 96, 97, 104, 106, 110, 112, 119, 121, 126, 132, 135, 136, 137, 145, 151, 154, 157, 162, 164, 165, 168, 173, 174, 175, 180, 181, 182, 185, 186, 190, 192, 194, 202, 207, 208, 210, 215, 223, 229, 231, 238, 239, 250, 252, 259, 260, 261, 262, 265, 266, 269, 289, 291, 293, 295, 296, 302, 307, 309, 324, 325, 327, 328, 334, 341, 342, 344, 352, 357, 358, 361, 368, 370, 371, 377, 378, 381, 382, 389, 390, 392, 394, 396]
x_313: [11, 12, 14, 18, 21, 25, 35, 38, 40, 45, 47, 50, 60, 61, 68, 73, 83, 87, 92, 93, 99, 100, 101, 103, 109, 120, 125, 127, 133, 145, 150, 160, 170, 173, 176, 179, 180, 181, 182, 183, 191, 195, 203, 206, 209, 210, 215, 217, 220, 232, 233, 235, 237, 242, 248, 251, 253, 259, 261, 265, 267, 268, 269, 274, 278, 282, 288, 296, 299, 301, 304, 306, 309, 316, 320, 321, 326, 335, 338, 341, 345, 352, 353, 354, 356, 359, 365, 370, 375, 381, 382, 387, 393, 399]
x_314: [1, 14, 18, 24, 27, 29, 32, 34, 38, 41, 42, 44, 69, 72, 75, 76, 77, 78, 82, 91, 92, 101, 112, 121, 124, 125, 134, 139, 141, 142, 147, 148, 150, 154, 155, 160, 161, 163, 173, 177, 184, 192, 193, 194, 195, 196, 204, 205, 208, 211, 213, 224, 226, 227, 230, 232, 238, 240, 258, 259, 262, 264, 268, 271, 278, 283, 285, 286, 289, 290, 293, 299, 302, 303, 305, 307, 318, 319, 330, 331, 341, 342, 346, 350, 352, 354, 358, 359, 360, 364, 365, 380, 391, 393, 394, 395, 397]
x_315: [2, 3, 4, 5, 8, 10, 19, 22, 25, 28, 32, 35, 41, 42, 43, 47, 49, 51, 52, 57, 61, 68, 72, 76, 84, 89, 90, 91, 102, 104, 117, 130, 133, 138, 139, 140, 141, 142, 149, 156, 157, 160, 164, 167, 170, 180, 187, 193, 194, 207, 217, 219, 221, 223, 229, 230, 235, 239, 240, 242, 244, 252, 257, 262, 264, 272, 275, 278, 283, 286, 293, 301, 303, 305, 307, 310, 311, 316, 317, 325, 328, 339, 343, 344, 345, 346, 349, 354, 355, 358, 359, 364, 366, 374, 379, 400]
x_316: [1, 6, 7, 9, 10, 13, 17, 22, 23, 24, 27, 28, 42, 43, 47, 51, 52, 54, 66, 67, 72, 79, 82, 88, 89, 92, 93, 100, 103, 106, 108, 109, 114, 115, 116, 119, 121, 125, 126, 127, 137, 148, 151, 156, 168, 170, 172, 176, 180, 183, 185, 188, 189, 196, 198, 203, 205, 206, 210, 221, 232, 235, 238, 240, 243, 252, 255, 256, 262, 264, 268, 269, 270, 273, 277, 278, 285, 289, 293, 294, 296, 297, 300, 304, 306, 313, 315, 318, 321, 325, 328, 329, 333, 335, 354, 355, 357, 361, 370, 371, 379, 383, 384, 390, 392]
x_317: [2, 14, 16, 19, 29, 30, 31, 37, 39, 43, 44, 48, 55, 57, 59, 60, 62, 64, 72, 75, 76, 82, 83, 87, 91, 97, 104, 107, 111, 115, 118, 121, 125, 128, 129, 130, 134, 141, 142, 145, 154, 155, 164, 170, 176, 179, 180, 187, 190, 191, 192, 195, 197, 199, 202, 208, 210, 211, 212, 214, 217, 219, 222, 226, 240, 243, 244, 253, 263, 272, 276, 281, 283, 285, 287, 295, 296, 298, 304, 306, 308, 315, 319, 325, 326, 329, 338, 347, 348, 351, 354, 356, 365, 369, 371, 372, 374, 376, 380, 382, 399]
x_318: [1, 4, 9, 11, 14, 16, 20, 22, 28, 30, 31, 34, 38, 43, 45, 46, 47, 52, 57, 63, 67, 71, 76, 83, 92, 99, 102, 104, 109, 110, 115, 120, 124, 126, 128, 135, 138, 144, 148, 150, 151, 152, 155, 157, 162, 163, 167, 168, 169, 171, 173, 177, 184, 191, 194, 196, 197, 198, 208, 213, 214, 217, 221, 226, 229, 233, 236, 239, 241, 244, 245, 248, 249, 250, 251, 255, 256, 259, 266, 276, 291, 293, 302, 304, 307, 309, 311, 314, 316, 324, 325, 331, 337, 341, 346, 353, 355, 356, 360, 361, 363, 375, 376, 381, 384, 389, 390, 391, 395, 398]
x_319: [9, 20, 26, 28, 31, 38, 43, 44, 60, 63, 67, 70, 82, 83, 85, 88, 90, 92, 95, 97, 105, 111, 113, 114, 117, 121, 122, 146, 147, 150, 154, 158, 161, 170, 175, 176, 179, 180, 181, 183, 184, 189, 192, 196, 202, 209, 210, 211, 214, 217, 220, 223, 225, 227, 232, 235, 238, 240, 241, 250, 267, 274, 276, 282, 283, 284, 285, 293, 297, 309, 314, 317, 320, 330, 337, 341, 342, 343, 346, 349, 365, 366, 368, 380, 381, 383, 394, 398, 399]
x_320: [7, 9, 12, 16, 22, 28, 33, 34, 45, 62, 66, 72, 73, 79, 81, 82, 84, 86, 90, 91, 93, 101, 102, 109, 116, 119, 120, 126, 127, 133, 137, 140, 144, 150, 151, 155, 169, 173, 174, 178, 196, 197, 204, 205, 214, 218, 219, 226, 230, 233, 234, 236, 242, 245, 248, 259, 260, 266, 277, 278, 279, 284, 285, 290, 292, 293, 295, 298, 302, 303, 313, 319, 321, 332, 337, 340, 342, 348, 353, 356, 379, 381, 382, 385, 387, 396, 397]
x_321: [2, 4, 10, 13, 14, 15, 20, 22, 23, 25, 26, 28, 32, 42, 44, 45, 50, 57, 62, 70, 73, 79, 85, 92, 95, 96, 103, 116, 119, 125, 126, 127, 132, 133, 137, 140, 141, 151, 153, 157, 161, 165, 169, 170, 172, 173, 189, 193, 196, 198, 207, 208, 211, 212, 217, 227, 231, 233, 234, 235, 239, 242, 249, 258, 260, 264, 265, 267, 269, 270, 273, 277, 278, 280, 284, 288, 290, 291, 302, 313, 316, 320, 322, 323, 331, 339, 342, 350, 352, 355, 361, 367, 368, 381, 386, 390, 395, 398]
x_322: [4, 6, 12, 17, 18, 20, 21, 27, 29, 32, 33, 34, 38, 42, 45, 48, 49, 52, 57, 59, 60, 61, 63, 65, 75, 77, 84, 86, 89, 90, 92, 94, 98, 106, 107, 116, 117, 118, 119, 120, 125, 126, 127, 129, 130, 141, 145, 146, 148, 157, 158, 160, 161, 163, 166, 170, 173, 176, 177, 187, 191, 194, 199, 205, 207, 209, 216, 218, 219, 222, 224, 232, 234, 235, 238, 244, 247, 250, 253, 259, 260, 267, 270, 276, 279, 288, 291, 292, 296, 297, 298, 299, 301, 302, 303, 321, 326, 333, 334, 335, 336, 341, 344, 347, 349, 372, 376, 386, 387, 394, 399]
x_323: [6, 13, 20, 21, 30, 31, 35, 38, 39, 42, 44, 52, 53, 54, 60, 64, 65, 66, 69, 71, 72, 75, 77, 80, 83, 86, 91, 93, 95, 97, 100, 103, 110, 113, 120, 121, 127, 132, 133, 134, 137, 138, 139, 143, 145, 146, 150, 155, 158, 159, 163, 169, 180, 188, 189, 191, 193, 194, 197, 200, 202, 204, 216, 218, 221, 232, 233, 237, 239, 250, 259, 267, 269, 271, 277, 289, 291, 293, 297, 298, 303, 308, 321, 332, 334, 339, 340, 341, 359, 360, 362, 365, 372, 379, 384, 386, 388, 390, 396]
x_324: [12, 13, 21, 22, 25, 26, 28, 33, 34, 37, 39, 43, 54, 57, 59, 66, 70, 71, 74, 85, 86, 93, 96, 99, 110, 111, 112, 118, 119, 126, 130, 134, 137, 139, 144, 151, 153, 155, 161, 167, 168, 169, 178, 179, 180, 182, 186, 190, 191, 195, 198, 204, 205, 218, 224, 228, 232, 233, 235, 240, 241, 247, 250, 253, 268, 269, 272, 276, 281, 283, 284, 286, 288, 291, 292, 293, 299, 300, 303, 306, 309, 312, 318, 325, 326, 333, 334, 341, 357, 358, 368, 380, 385, 387, 391, 396, 399, 400]
x_325: [8, 10, 22, 25, 27, 35, 37, 42, 45, 50, 51, 52, 53, 57, 63, 66, 79, 83, 88, 93, 94, 95, 96, 97, 104, 110, 124, 127, 130, 131, 137, 143, 144, 153, 157, 158, 159, 161, 162, 169, 174, 175, 176, 178, 183, 188, 192, 197, 199, 202, 204, 205, 210, 215, 220, 221, 225, 228, 234, 237, 240, 241, 247, 253, 254, 255, 256, 257, 262, 264, 266, 267, 269, 271, 272, 278, 282, 287, 295, 297, 298, 304, 307, 311, 312, 315, 316, 317, 318, 324, 328, 335, 338, 340, 341, 345, 348, 359, 363, 371, 372, 375, 381, 391, 398, 400]
x_326: [5, 6, 10, 21, 26, 27, 28, 30, 37, 38, 50, 60, 63, 67, 71, 74, 79, 83, 87, 88, 90, 91, 93, 94, 101, 114, 116, 118, 119, 120, 122, 123, 138, 142, 150, 152, 156, 160, 163, 171, 179, 180, 182, 183, 188, 197, 203, 207, 209, 212, 222, 223, 224, 227, 231, 232, 234, 235, 237, 241, 242, 246, 255, 258, 260, 267, 269, 271, 275, 279, 281, 287, 288, 297, 300, 301, 305, 307, 313, 317, 322, 324, 328, 335, 338, 339, 345, 346, 353, 358, 364, 368, 374, 375, 378, 381, 382, 384, 386, 387, 396]
x_327: [4, 9, 11, 18, 20, 22, 26, 28, 29, 36, 41, 43, 45, 47, 49, 51, 53, 55, 58, 64, 71, 88, 94, 99, 100, 101, 106, 108, 110, 114, 115, 119, 125, 126, 139, 145, 152, 154, 155, 157, 165, 182, 185, 192, 194, 195, 200, 203, 206, 209, 211, 216, 218, 220, 221, 227, 232, 237, 240, 241, 243, 248, 251, 253, 255, 262, 263, 269, 274, 275, 278, 288, 298, 299, 300, 301, 302, 307, 308, 311, 312, 329, 342, 344, 347, 350, 353, 356, 362, 367, 368, 370, 373, 374, 377, 380, 382, 383, 386, 387, 388, 390, 391, 395, 396, 397]
x_328: [8, 14, 16, 26, 37, 38, 40, 48, 56, 58, 62, 65, 66, 69, 70, 72, 76, 77, 86, 91, 98, 107, 108, 117, 118, 119, 122, 123, 131, 132, 133, 140, 141, 145, 146, 147, 148, 155, 156, 158, 168, 169, 180, 182, 183, 184, 187, 197, 198, 202, 207, 209, 211, 218, 219, 221, 225, 226, 227, 228, 234, 245, 247, 250, 251, 257, 259, 260, 266, 269, 275, 276, 278, 281, 283, 289, 297, 298, 301, 304, 305, 312, 315, 316, 325, 326, 331, 333, 334, 346, 348, 354, 358, 364, 366, 369, 371, 374, 382, 386, 389, 390, 392, 398]
x_329: [1, 6, 9, 14, 15, 18, 22, 23, 28, 29, 31, 40, 42, 44, 46, 56, 57, 59, 64, 74, 80, 82, 91, 92, 96, 97, 110, 123, 126, 130, 132, 141, 142, 143, 145, 146, 153, 154, 155, 157, 158, 162, 164, 168, 175, 178, 179, 182, 185, 191, 192, 194, 195, 196, 200, 204, 206, 212, 216, 217, 218, 220, 221, 223, 228, 230, 234, 237, 252, 254, 267, 271, 272, 273, 288, 291, 296, 301, 309, 316, 317, 327, 335, 340, 349, 350, 351, 359, 367, 370, 377, 387, 388, 399]
x_330: [2, 5, 9, 10, 16, 17, 18, 19, 21, 22, 39, 53, 57, 60, 62, 64, 76, 78, 85, 88, 91, 92, 98, 105, 112, 113, 114, 115, 119, 122, 124, 131, 139, 142, 146, 148, 149, 164, 165, 171, 172, 174, 184, 191, 192, 193, 198, 205, 207, 210, 215, 216, 217, 225, 226, 229, 232, 233, 236, 238, 241, 247, 253, 258, 260, 263, 268, 274, 281, 283, 290, 292, 293, 297, 306, 308, 310, 314, 319, 338, 347, 354, 357, 366, 379, 385, 386, 388]
x_331: [1, 3, 4, 5, 6, 7, 8, 20, 23, 25, 30, 32, 35, 38, 41, 43, 45, 51, 54, 59, 61, 63, 66, 68, 73, 76, 78, 89, 90, 95, 96, 100, 101, 102, 104, 105, 121, 123, 126, 128, 130, 135, 137, 139, 141, 153, 155, 163, 164, 166, 174, 175, 176, 187, 191, 194, 201, 208, 211, 212, 218, 220, 228, 229, 230, 231, 232, 233, 236, 239, 243, 245, 246, 249, 250, 266, 273, 275, 277, 280, 283, 284, 290, 295, 296, 297, 303, 304, 306, 307, 310, 314, 318, 321, 328, 335, 336, 357, 362, 367, 368, 373, 378, 379, 380, 386, 389, 391, 393, 395, 397, 399]
x_332: [1, 4, 5, 7, 16, 18, 19, 23, 24, 29, 32, 43, 50, 51, 52, 53, 54, 55, 65, 67, 70, 72, 79, 80, 82, 83, 85, 86, 88, 89, 90, 91, 94, 96, 99, 100, 103, 110, 112, 115, 117, 125, 129, 130, 134, 143, 146, 152, 154, 159, 160, 168, 170, 171, 174, 179, 180, 185, 187, 189, 192, 197, 198, 201, 205, 210, 213, 215, 216, 217, 220, 221, 229, 232, 241, 244, 245, 247, 250, 263, 267, 270, 279, 280, 281, 284, 299, 300, 301, 311, 320, 323, 333, 335, 343, 345, 347, 349, 355, 357, 358, 363, 373, 375, 376, 378, 380, 384, 388, 391]
x_333: [8, 11, 12, 15, 19, 25, 26, 27, 30, 43, 46, 47, 48, 52, 58, 61, 64, 65, 66, 68, 75, 76, 83, 84, 89, 93, 95, 97, 101, 105, 110, 111, 114, 117, 118, 119, 120, 123, 127, 129, 134, 140, 144, 148, 151, 156, 158, 161, 163, 167, 168, 171, 185, 195, 198, 201, 202, 207, 211, 219, 224, 226, 227, 229, 230, 231, 233, 236, 237, 243, 245, 247, 248, 250, 252, 262, 268, 269, 274, 275, 282, 295, 316, 322, 324, 328, 332, 341, 348, 352, 355, 361, 366, 373, 374, 378, 380, 381, 385, 387, 395]
x_334: [7, 11, 12, 20, 23, 24, 26, 29, 35, 38, 39, 42, 44, 49, 51, 54, 55, 67, 68, 70, 72, 74, 76, 81, 84, 88, 92, 94, 104, 106, 107, 112, 113, 115, 116, 117, 118, 122, 123, 124, 125, 129, 139, 142, 145, 148, 153, 154, 161, 172, 181, 184, 194, 195, 196, 197, 198, 199, 201, 203, 205, 209, 210, 212, 220, 227, 230, 241, 246, 248, 249, 250, 251, 255, 258, 260, 265, 266, 269, 270, 272, 274, 275, 282, 284, 289, 290, 291, 298, 299, 301, 312, 322, 323, 324, 328, 335, 336, 340, 342, 344, 345, 348, 349, 356, 359, 360, 364, 373, 377, 380, 385, 387, 390, 394, 400]
x_335: [1, 2, 6, 14, 16, 18, 23, 27, 30, 32, 33, 38, 45, 53, 55, 59, 66, 67, 69, 71, 80, 81, 84, 91, 96, 101, 103, 108, 109, 112, 118, 131, 135, 137, 140, 150, 153, 158, 160, 164, 168, 171, 173, 182, 184, 187, 189, 200, 202, 208, 210, 214, 216, 217, 218, 220, 221, 240, 242, 264, 268, 270, 271, 272, 273, 274, 277, 280, 285, 290, 293, 297, 301, 302, 311, 313, 316, 322, 325, 326, 329, 331, 332, 334, 339, 341, 342, 346, 352, 354, 356, 361, 366, 368, 370, 374, 379, 380, 382, 383, 388, 391, 396]
x_336: [2, 7, 8, 11, 32, 33, 45, 57, 59, 62, 66, 67, 68, 73, 83, 86, 94, 99, 100, 108, 110, 112, 113, 118, 127, 129, 130, 131, 137, 138, 142, 145, 147, 151, 156, 157, 158, 160, 161, 162, 164, 177, 184, 187, 190, 196, 198, 212, 219, 223, 226, 227, 233, 234, 235, 236, 241, 245, 247, 249, 250, 251, 269, 272, 277, 281, 283, 284, 285, 299, 301, 307, 311, 322, 331, 334, 338, 340, 347, 351, 359, 363, 364, 367, 379, 381, 382, 384, 388]
x_337: [4, 10, 24, 29, 30, 48, 56, 64, 65, 71, 75, 80, 84, 86, 87, 94, 101, 103, 106, 112, 115, 116, 119, 130, 131, 134, 140, 143, 147, 148, 150, 152, 155, 163, 169, 170, 186, 187, 193, 195, 196, 197, 204, 206, 210, 211, 212, 216, 219, 221, 223, 226, 230, 236, 248, 257, 258, 261, 265, 267, 268, 275, 279, 290, 295, 298, 300, 305, 307, 310, 311, 318, 319, 320, 345, 349, 356, 357, 358, 362, 364, 365, 366, 367, 372, 373, 374, 376, 377, 380, 381, 383, 384, 385, 388, 389, 391, 398, 399]
x_338: [1, 2, 9, 17, 21, 23, 25, 27, 31, 36, 37, 39, 40, 49, 51, 52, 54, 56, 63, 64, 65, 67, 69, 71, 72, 73, 78, 83, 87, 91, 93, 94, 96, 99, 100, 103, 104, 106, 109, 112, 118, 120, 133, 136, 138, 140, 141, 148, 150, 151, 153, 159, 161, 166, 169, 171, 176, 179, 185, 186, 191, 195, 203, 210, 214, 219, 220, 223, 224, 231, 233, 239, 243, 248, 250, 255, 256, 266, 276, 277, 279, 290, 291, 292, 295, 304, 305, 313, 317, 325, 326, 330, 336, 340, 343, 349, 358, 369, 376, 377, 383, 385, 386, 387, 388, 393, 400]
x_339: [2, 4, 11, 15, 16, 24, 27, 30, 31, 32, 33, 35, 43, 46, 54, 64, 72, 76, 79, 83, 86, 90, 92, 105, 128, 129, 132, 142, 150, 156, 158, 159, 162, 165, 167, 169, 170, 173, 178, 182, 188, 189, 195, 197, 199, 200, 202, 213, 220, 225, 228, 231, 235, 236, 242, 243, 245, 246, 247, 251, 253, 256, 262, 266, 272, 273, 279, 282, 283, 285, 286, 290, 291, 302, 308, 315, 321, 323, 326, 335, 342, 348, 350, 357, 361, 362, 363, 364, 366, 372, 380, 384, 385, 387, 394, 396]
x_340: [1, 4, 11, 12, 18, 22, 25, 26, 28, 29, 33, 47, 52, 58, 63, 69, 72, 73, 76, 83, 87, 93, 96, 101, 102, 112, 116, 117, 119, 120, 128, 133, 137, 145, 146, 157, 158, 161, 164, 167, 173, 175, 178, 180, 181, 182, 185, 191, 201, 203, 208, 217, 218, 219, 222, 223, 224, 228, 235, 237, 242, 243, 247, 248, 250, 252, 255, 256, 258, 267, 268, 276, 278, 280, 281, 282, 283, 288, 291, 293, 299, 301, 308, 320, 323, 325, 329, 334, 336, 338, 341, 345, 352, 353, 360, 361, 363, 365, 371, 378, 383, 388, 389, 390, 392]
x_341: [3, 4, 5, 8, 9, 13, 22, 34, 39, 50, 52, 54, 57, 60, 69, 72, 79, 103, 112, 114, 115, 118, 122, 126, 129, 134, 138, 143, 144, 146, 148, 149, 154, 159, 165, 167, 170, 176, 179, 181, 184, 194, 195, 198, 201, 203, 205, 207, 216, 217, 219, 220, 229, 235, 238, 241, 242, 243, 251, 252, 253, 258, 259, 261, 265, 267, 274, 277, 279, 282, 285, 294, 299, 301, 302, 305, 310, 312, 313, 314, 318, 319, 322, 323, 324, 325, 333, 335, 340, 343, 344, 348, 360, 364, 365, 372, 373, 374, 378, 382, 385, 388, 393]
x_342: [8, 13, 19, 31, 32, 34, 36, 41, 43, 44, 47, 52, 55, 60, 63, 66, 70, 71, 72, 73, 74, 75, 85, 93, 95, 97, 99, 101, 102, 104, 106, 107, 112, 117, 119, 120, 128, 135, 137, 138, 149, 151, 158, 168, 170, 175, 178, 181, 184, 185, 187, 189, 194, 195, 204, 215, 216, 218, 220, 222, 225, 236, 239, 245, 248, 251, 256, 263, 266, 272, 273, 275, 278, 280, 293, 295, 300, 303, 308, 310, 312, 314, 319, 320, 321, 327, 334, 335, 339, 345, 348, 349, 354, 356, 358, 359, 366, 372, 376, 379, 380, 383, 385, 386, 388, 390, 395, 400]
x_343: [5, 8, 11, 14, 29, 39, 41, 42, 43, 48, 49, 75, 79, 82, 91, 100, 101, 112, 120, 121, 123, 128, 129, 131, 136, 140, 142, 143, 145, 149, 154, 163, 166, 167, 178, 190, 191, 193, 194, 197, 204, 212, 214, 217, 218, 221, 222, 225, 226, 232, 233, 234, 241, 242, 250, 251, 253, 266, 270, 271, 273, 279, 280, 284, 290, 293, 294, 298, 299, 301, 302, 306, 311, 315, 319, 332, 338, 341, 344, 347, 348, 350, 353, 355, 360, 362, 363, 366, 371, 377, 378, 380, 384, 387, 392, 394, 398, 400]
x_344: [1, 4, 7, 8, 10, 18, 22, 23, 24, 25, 27, 29, 31, 42, 45, 46, 49, 50, 63, 64, 65, 76, 81, 83, 85, 87, 88, 92, 106, 109, 117, 118, 124, 127, 131, 132, 137, 141, 150, 152, 153, 155, 159, 165, 167, 173, 174, 180, 183, 191, 195, 198, 199, 201, 203, 204, 217, 219, 222, 223, 239, 241, 243, 249, 252, 259, 261, 269, 271, 274, 275, 279, 281, 295, 300, 301, 304, 307, 308, 309, 311, 312, 315, 322, 327, 334, 341, 343, 346, 347, 350, 353, 365, 368, 370, 372, 375, 381, 383, 384, 392, 393, 394, 397, 398, 399]
x_345: [1, 2, 8, 9, 10, 13, 15, 21, 24, 26, 34, 35, 39, 40, 41, 44, 59, 70, 74, 87, 95, 98, 100, 101, 112, 114, 116, 126, 127, 129, 135, 142, 143, 147, 148, 151, 154, 157, 171, 172, 174, 175, 186, 188, 189, 190, 194, 197, 200, 204, 211, 218, 220, 221, 222, 224, 230, 232, 234, 237, 238, 244, 251, 255, 259, 262, 266, 267, 271, 272, 275, 307, 313, 315, 325, 326, 332, 334, 337, 340, 342, 346, 350, 352, 353, 354, 358, 361, 363, 365, 369, 371, 373, 374, 375, 376, 383, 384, 395, 396]
x_346: [5, 6, 12, 16, 19, 22, 25, 28, 33, 38, 40, 44, 45, 46, 52, 59, 61, 68, 76, 79, 80, 81, 83, 86, 94, 95, 97, 98, 100, 109, 112, 119, 122, 123, 132, 142, 143, 148, 149, 152, 166, 170, 175, 176, 179, 181, 185, 188, 189, 193, 202, 207, 210, 212, 214, 216, 219, 221, 235, 238, 239, 244, 247, 248, 252, 253, 263, 266, 268, 291, 296, 298, 301, 302, 305, 307, 309, 314, 315, 318, 319, 326, 328, 335, 344, 345, 348, 352, 361, 362, 369, 380, 381, 383, 385, 386, 389, 393, 397]
x_347: [5, 7, 9, 16, 17, 20, 21, 23, 26, 27, 35, 37, 42, 54, 57, 62, 64, 70, 74, 76, 79, 82, 83, 84, 85, 91, 97, 100, 105, 107, 108, 111, 114, 120, 122, 129, 133, 137, 138, 139, 148, 154, 155, 156, 160, 161, 164, 171, 172, 174, 182, 183, 195, 197, 201, 203, 204, 206, 216, 221, 224, 225, 228, 229, 231, 234, 236, 239, 241, 245, 251, 255, 257, 258, 264, 265, 267, 281, 293, 298, 306, 307, 317, 322, 327, 330, 332, 336, 343, 344, 349, 351, 356, 357, 360, 365, 367, 372, 374, 377, 380, 383, 384, 388, 400]
x_348: [2, 4, 9, 10, 14, 16, 23, 25, 26, 40, 42, 44, 45, 46, 51, 55, 61, 65, 69, 70, 72, 75, 80, 86, 87, 96, 101, 102, 104, 106, 107, 115, 118, 122, 125, 126, 143, 145, 146, 148, 149, 156, 157, 158, 161, 162, 170, 175, 179, 182, 185, 190, 212, 213, 216, 224, 226, 230, 240, 243, 244, 247, 251, 255, 257, 259, 261, 267, 269, 270, 271, 273, 279, 281, 286, 288, 292, 293, 295, 296, 298, 299, 307, 309, 317, 320, 325, 328, 333, 334, 339, 341, 342, 343, 346, 350, 356, 359, 361, 362, 363, 378, 379, 389, 393]
x_349: [4, 5, 12, 13, 21, 23, 32, 33, 34, 39, 41, 46, 47, 52, 63, 67, 69, 72, 73, 92, 96, 98, 101, 103, 107, 108, 109, 110, 117, 122, 129, 132, 142, 143, 153, 154, 155, 157, 160, 161, 162, 163, 168, 170, 172, 173, 177, 180, 186, 187, 198, 203, 205, 207, 208, 212, 220, 226, 241, 242, 246, 250, 254, 263, 266, 268, 281, 285, 291, 293, 294, 298, 299, 305, 306, 309, 315, 319, 322, 329, 332, 334, 337, 338, 342, 347, 350, 356, 370, 377, 378, 379, 388, 389, 392]
x_350: [5, 21, 27, 30, 35, 37, 38, 39, 43, 45, 53, 56, 63, 68, 72, 80, 86, 94, 104, 123, 128, 133, 134, 137, 144, 146, 150, 155, 156, 159, 160, 161, 162, 163, 164, 166, 167, 168, 169, 176, 177, 180, 184, 185, 197, 200, 202, 205, 208, 213, 219, 221, 224, 229, 237, 241, 242, 243, 244, 248, 252, 255, 263, 271, 275, 296, 297, 301, 304, 305, 308, 309, 314, 321, 327, 329, 339, 343, 344, 345, 348, 349, 353, 355, 358, 363, 366, 377, 387, 390, 392, 393, 394, 395, 396, 398]
x_351: [8, 13, 20, 23, 24, 27, 29, 31, 40, 47, 48, 55, 56, 58, 62, 64, 82, 85, 90, 98, 104, 115, 120, 124, 125, 127, 132, 133, 139, 141, 150, 151, 158, 162, 167, 175, 177, 184, 191, 195, 203, 206, 207, 210, 212, 214, 215, 222, 223, 225, 226, 231, 233, 239, 241, 247, 252, 253, 256, 260, 265, 273, 274, 277, 286, 290, 293, 294, 300, 302, 304, 306, 317, 329, 336, 347, 352, 354, 360, 368, 371, 372, 378, 390, 393, 397, 399]
x_352: [4, 6, 9, 10, 13, 20, 21, 29, 33, 35, 40, 54, 56, 57, 58, 60, 67, 72, 74, 82, 83, 88, 94, 95, 97, 98, 109, 113, 116, 117, 120, 128, 134, 136, 139, 142, 143, 152, 158, 163, 164, 167, 168, 173, 175, 198, 212, 213, 217, 218, 225, 227, 228, 232, 234, 242, 249, 253, 265, 282, 286, 291, 297, 300, 304, 306, 311, 312, 313, 314, 321, 333, 335, 340, 345, 346, 351, 357, 360, 362, 365, 369, 373, 375, 385, 387, 389, 399]
x_353: [6, 10, 15, 16, 20, 21, 22, 28, 29, 31, 35, 37, 45, 53, 57, 58, 62, 63, 66, 67, 68, 74, 75, 79, 86, 88, 89, 90, 92, 93, 102, 108, 112, 117, 120, 122, 130, 132, 137, 139, 150, 157, 163, 165, 166, 171, 173, 181, 183, 190, 193, 195, 196, 197, 204, 208, 216, 232, 233, 235, 238, 240, 243, 244, 245, 246, 247, 250, 259, 267, 269, 273, 274, 275, 277, 279, 283, 291, 292, 300, 303, 306, 307, 313, 318, 320, 326, 327, 340, 343, 344, 345, 350, 354, 360, 361, 367, 368, 369, 370, 371, 373, 379, 382, 383, 387, 388, 389, 394]
x_354: [1, 3, 6, 8, 14, 18, 21, 24, 29, 31, 32, 38, 39, 45, 46, 63, 64, 69, 71, 83, 84, 95, 98, 105, 106, 128, 131, 134, 143, 149, 150, 155, 158, 160, 169, 170, 171, 172, 176, 178, 185, 193, 200, 203, 205, 206, 208, 211, 213, 216, 223, 228, 230, 236, 247, 256, 260, 263, 265, 266, 270, 274, 276, 280, 284, 285, 286, 291, 294, 295, 297, 301, 303, 308, 311, 313, 314, 315, 316, 317, 328, 330, 335, 342, 345, 351, 353, 361, 364, 369, 370, 373, 376, 385]
x_355: [1, 8, 9, 11, 22, 23, 25, 28, 29, 32, 39, 48, 49, 53, 54, 56, 58, 72, 74, 86, 89, 94, 95, 96, 107, 108, 113, 115, 117, 123, 127, 130, 135, 139, 147, 153, 160, 161, 163, 167, 174, 178, 180, 181, 182, 183, 185, 186, 199, 201, 205, 207, 208, 209, 211, 217, 220, 223, 224, 225, 231, 232, 236, 237, 239, 240, 241, 246, 247, 251, 252, 254, 255, 257, 268, 270, 275, 278, 279, 281, 282, 283, 289, 291, 294, 302, 303, 304, 315, 316, 318, 321, 332, 333, 343, 350, 366, 372, 374, 375, 376, 379, 382, 383, 384, 385, 389, 398]
x_356: [4, 8, 9, 13, 21, 28, 34, 35, 39, 40, 41, 44, 51, 52, 56, 58, 59, 66, 67, 85, 87, 88, 89, 90, 91, 92, 101, 105, 106, 109, 122, 126, 127, 133, 145, 149, 166, 167, 174, 184, 188, 192, 201, 202, 205, 210, 212, 216, 218, 220, 223, 230, 231, 233, 237, 238, 240, 241, 252, 266, 267, 268, 269, 271, 272, 277, 284, 288, 289, 294, 297, 300, 306, 310, 313, 317, 318, 320, 327, 334, 335, 337, 342, 347, 348, 349, 366, 370, 371, 377, 380, 381, 384, 386, 388, 393]
x_357: [4, 6, 8, 12, 13, 15, 18, 25, 26, 31, 33, 40, 41, 42, 44, 48, 50, 51, 52, 53, 56, 58, 61, 62, 63, 80, 83, 85, 91, 94, 95, 98, 99, 100, 106, 107, 111, 112, 121, 126, 129, 136, 146, 158, 159, 162, 166, 174, 179, 181, 197, 200, 208, 213, 214, 217, 218, 219, 220, 221, 224, 229, 230, 237, 244, 252, 256, 257, 258, 262, 264, 265, 268, 269, 270, 275, 279, 280, 290, 301, 307, 310, 312, 316, 324, 330, 331, 332, 337, 339, 347, 352, 359, 361, 363, 364, 365, 371, 377, 378, 379, 380, 381, 390, 394, 398]
x_358: [2, 7, 16, 20, 26, 29, 31, 33, 41, 46, 50, 57, 60, 68, 71, 78, 79, 80, 81, 88, 91, 94, 100, 103, 108, 118, 122, 123, 129, 130, 131, 142, 145, 146, 161, 167, 169, 174, 175, 182, 187, 191, 195, 196, 197, 198, 200, 204, 207, 209, 212, 217, 226, 229, 232, 233, 240, 241, 242, 243, 248, 252, 256, 260, 261, 265, 267, 268, 271, 274, 276, 284, 291, 292, 296, 299, 308, 312, 314, 315, 324, 326, 328, 332, 337, 338, 342, 345, 350, 359, 360, 361, 373, 379, 392, 393, 397, 398, 400]
x_359: [2, 4, 9, 12, 16, 17, 23, 25, 29, 31, 34, 39, 42, 44, 47, 49, 50, 57, 59, 61, 67, 77, 84, 85, 86, 91, 93, 101, 106, 110, 111, 113, 126, 127, 132, 133, 138, 145, 149, 150, 166, 178, 179, 181, 185, 196, 204, 205, 216, 217, 222, 231, 245, 248, 252, 258, 259, 261, 265, 280, 281, 286, 296, 297, 299, 310, 313, 314, 315, 323, 325, 329, 334, 336, 342, 348, 357, 358, 363, 368, 370, 375, 376, 378, 385, 386, 387, 388, 391, 395, 397, 399, 400]
x_360: [5, 10, 11, 12, 17, 18, 20, 21, 25, 35, 37, 41, 45, 46, 48, 49, 52, 55, 57, 62, 77, 84, 89, 99, 103, 107, 108, 109, 117, 120, 122, 126, 134, 137, 140, 142, 143, 144, 145, 146, 148, 150, 151, 155, 166, 167, 171, 192, 193, 194, 195, 196, 197, 198, 200, 201, 202, 206, 219, 221, 224, 227, 229, 230, 232, 233, 243, 246, 264, 265, 269, 275, 279, 280, 282, 288, 296, 298, 302, 308, 311, 314, 318, 323, 334, 340, 341, 343, 347, 351, 352, 353, 358, 362, 366, 367, 369, 383, 384, 391, 394, 396]
x_361: [1, 3, 4, 17, 22, 25, 27, 36, 42, 46, 56, 57, 67, 72, 73, 79, 82, 89, 95, 97, 98, 100, 104, 105, 111, 116, 117, 120, 124, 134, 135, 138, 142, 145, 146, 148, 151, 160, 161, 167, 170, 173, 175, 176, 178, 185, 189, 190, 192, 196, 197, 200, 206, 207, 211, 216, 222, 226, 233, 234, 241, 243, 244, 245, 247, 255, 268, 273, 274, 278, 285, 295, 301, 310, 312, 316, 318, 321, 333, 335, 339, 340, 345, 346, 348, 353, 354, 357, 358, 363, 366, 381, 383, 392, 397]
x_362: [3, 8, 12, 14, 18, 21, 22, 25, 27, 32, 37, 50, 63, 80, 88, 95, 99, 103, 105, 107, 123, 125, 129, 133, 136, 141, 143, 150, 151, 152, 153, 154, 156, 158, 169, 173, 176, 187, 194, 199, 200, 202, 204, 205, 207, 215, 216, 218, 219, 220, 224, 225, 236, 238, 240, 244, 247, 253, 255, 257, 258, 259, 263, 266, 268, 269, 271, 276, 280, 281, 283, 285, 301, 303, 305, 307, 323, 327, 331, 337, 339, 343, 346, 348, 352, 360, 365, 369, 375, 377, 378, 380, 381, 382, 386, 390, 395, 396, 398]
x_363: [1, 18, 20, 25, 30, 37, 42, 53, 54, 56, 57, 59, 62, 69, 73, 74, 75, 76, 78, 80, 82, 85, 90, 91, 93, 101, 103, 117, 123, 127, 131, 136, 138, 145, 146, 147, 148, 149, 151, 153, 154, 157, 159, 164, 167, 168, 169, 171, 173, 176, 180, 181, 183, 184, 191, 192, 193, 195, 198, 221, 229, 233, 240, 242, 247, 248, 265, 272, 300, 303, 305, 307, 308, 318, 325, 332, 336, 339, 340, 343, 345, 348, 350, 357, 359, 361, 374, 377, 379, 384, 387, 389, 391, 392]
x_364: [7, 12, 18, 30, 31, 32, 37, 38, 44, 46, 48, 51, 60, 63, 66, 67, 69, 73, 80, 96, 99, 104, 105, 106, 112, 113, 118, 119, 121, 126, 145, 150, 151, 153, 155, 163, 164, 172, 178, 179, 181, 182, 184, 187, 191, 193, 194, 195, 198, 199, 200, 206, 211, 218, 234, 237, 238, 242, 244, 248, 253, 256, 263, 264, 276, 280, 281, 284, 288, 289, 290, 301, 304, 306, 308, 314, 315, 326, 328, 334, 336, 337, 339, 341, 354, 357, 366, 367, 384, 386, 387, 388, 389, 390, 391, 394, 395, 397, 398]
x_365: [2, 3, 5, 6, 7, 8, 9, 15, 17, 19, 21, 24, 34, 37, 42, 45, 48, 50, 51, 55, 61, 71, 84, 88, 94, 96, 97, 98, 109, 114, 119, 120, 123, 126, 127, 130, 144, 149, 152, 153, 157, 169, 174, 176, 177, 180, 181, 183, 188, 189, 193, 194, 196, 198, 203, 205, 209, 212, 213, 215, 220, 224, 225, 229, 237, 240, 241, 244, 248, 250, 253, 267, 270, 274, 282, 283, 286, 289, 300, 313, 314, 317, 319, 323, 337, 340, 341, 344, 345, 347, 352, 357, 362, 367, 374, 376, 377, 378, 379, 389, 397, 398]
x_366: [6, 10, 13, 19, 31, 50, 59, 61, 62, 65, 67, 68, 72, 77, 79, 83, 87, 88, 97, 108, 112, 113, 117, 121, 139, 141, 143, 150, 152, 158, 159, 161, 164, 167, 170, 173, 175, 184, 189, 191, 196, 199, 212, 217, 221, 222, 226, 233, 235, 237, 241, 244, 248, 252, 254, 257, 260, 261, 263, 264, 266, 267, 272, 273, 275, 279, 280, 283, 289, 292, 293, 295, 298, 304, 305, 306, 309, 310, 315, 319, 328, 330, 333, 335, 337, 339, 342, 343, 350, 355, 356, 360, 361, 364, 367, 368, 369, 371, 373, 374, 376, 377, 378, 379, 387, 388, 389, 390, 395, 398]
x_367: [10, 11, 14, 15, 17, 18, 19, 20, 26, 28, 32, 40, 44, 51, 60, 61, 63, 64, 65, 66, 85, 87, 89, 90, 93, 94, 97, 99, 110, 112, 117, 120, 126, 132, 136, 138, 139, 141, 150, 159, 165, 168, 179, 184, 185, 189, 193, 195, 201, 202, 207, 214, 219, 248, 253, 256, 258, 261, 264, 265, 279, 282, 288, 297, 302, 303, 321, 327, 329, 331, 336, 337, 347, 353, 360, 364, 365, 366, 369, 370, 384, 392]
x_368: [3, 4, 5, 10, 13, 15, 19, 23, 24, 25, 27, 32, 34, 35, 38, 49, 50, 52, 55, 59, 62, 65, 70, 72, 73, 74, 76, 86, 88, 90, 92, 104, 106, 107, 115, 119, 121, 136, 137, 141, 143, 145, 146, 150, 151, 152, 157, 163, 169, 170, 172, 175, 179, 186, 188, 189, 190, 192, 194, 198, 199, 206, 210, 215, 217, 218, 228, 229, 233, 244, 248, 252, 253, 258, 260, 269, 274, 290, 291, 293, 302, 307, 312, 319, 321, 324, 326, 327, 331, 335, 344, 351, 353, 359, 366, 369, 382, 386, 387, 391, 395, 396]
x_369: [2, 3, 7, 12, 14, 15, 25, 40, 48, 53, 56, 57, 61, 65, 69, 82, 85, 86, 91, 101, 106, 110, 111, 112, 113, 119, 122, 127, 132, 134, 137, 149, 150, 151, 159, 168, 170, 174, 176, 178, 183, 184, 189, 191, 195, 197, 200, 205, 206, 209, 211, 214, 223, 224, 229, 237, 243, 244, 246, 251, 253, 262, 267, 271, 272, 274, 276, 277, 279, 280, 282, 284, 288, 294, 296, 301, 304, 308, 317, 328, 338, 345, 346, 352, 353, 354, 360, 362, 366, 367, 368, 372, 374, 375, 377, 383, 387, 388, 395, 396]
x_370: [1, 2, 5, 21, 26, 29, 30, 31, 32, 38, 45, 53, 55, 64, 68, 71, 73, 77, 79, 90, 97, 99, 100, 101, 104, 105, 108, 111, 113, 115, 116, 117, 120, 122, 127, 129, 132, 137, 139, 146, 148, 151, 153, 154, 165, 167, 168, 169, 182, 185, 192, 193, 196, 201, 202, 204, 215, 216, 221, 226, 230, 232, 233, 234, 238, 246, 251, 253, 257, 258, 262, 263, 267, 271, 273, 274, 277, 278, 279, 282, 285, 288, 289, 291, 312, 313, 316, 327, 329, 335, 344, 349, 353, 354, 356, 359, 367, 371, 374, 386, 387, 388, 389, 393]
x_371: [2, 9, 10, 13, 14, 17, 21, 23, 30, 33, 34, 47, 48, 53, 56, 68, 69, 73, 78, 87, 88, 89, 97, 103, 107, 111, 116, 117, 122, 127, 133, 135, 139, 142, 148, 150, 156, 160, 174, 180, 182, 188, 190, 191, 194, 198, 199, 201, 203, 208, 211, 216, 219, 220, 221, 228, 234, 241, 242, 246, 249, 253, 257, 261, 267, 272, 273, 276, 282, 287, 288, 291, 293, 297, 298, 300, 301, 303, 305, 312, 316, 317, 325, 328, 340, 343, 345, 351, 353, 356, 357, 366, 370, 373, 375, 384, 385, 395, 398, 399]
x_372: [3, 4, 6, 8, 10, 17, 19, 21, 35, 48, 56, 60, 63, 66, 71, 72, 73, 77, 78, 82, 85, 86, 95, 97, 102, 108, 110, 111, 112, 119, 121, 126, 128, 133, 135, 137, 139, 142, 144, 155, 156, 158, 159, 161, 163, 164, 167, 171, 174, 176, 185, 190, 192, 203, 207, 208, 210, 211, 218, 224, 225, 229, 230, 231, 235, 242, 243, 244, 250, 262, 269, 274, 275, 279, 285, 294, 296, 298, 304, 317, 322, 323, 325, 337, 339, 341, 342, 344, 347, 351, 355, 369, 374, 375, 376, 377, 390]
x_373: [2, 9, 15, 23, 25, 30, 33, 39, 45, 47, 54, 60, 62, 71, 80, 86, 95, 98, 104, 105, 111, 113, 131, 134, 135, 136, 140, 149, 156, 169, 176, 177, 183, 184, 194, 196, 201, 203, 206, 209, 211, 214, 215, 216, 224, 227, 230, 234, 235, 237, 238, 241, 248, 252, 253, 259, 263, 265, 274, 275, 281, 284, 285, 289, 290, 293, 295, 298, 303, 304, 306, 327, 331, 332, 333, 334, 337, 341, 345, 352, 353, 354, 358, 366, 371, 376, 377, 379, 380, 385, 386, 389, 393, 398, 399]
x_374: [3, 5, 6, 9, 10, 14, 18, 21, 24, 28, 34, 37, 39, 40, 43, 46, 48, 51, 56, 58, 63, 72, 80, 86, 98, 100, 107, 115, 117, 118, 124, 125, 127, 133, 134, 138, 141, 142, 145, 146, 154, 167, 168, 178, 188, 194, 205, 218, 219, 226, 236, 239, 252, 256, 259, 263, 267, 270, 280, 283, 284, 285, 291, 294, 299, 303, 304, 309, 310, 315, 317, 326, 327, 328, 333, 335, 337, 341, 345, 347, 355, 363, 365, 366, 369, 370, 372, 375, 383, 384, 389, 390, 392, 393, 398]
x_375: [11, 13, 24, 26, 27, 28, 29, 37, 38, 50, 51, 59, 64, 65, 70, 71, 83, 86, 88, 92, 93, 96, 97, 104, 113, 123, 127, 134, 137, 142, 144, 145, 148, 154, 155, 157, 158, 162, 169, 172, 180, 181, 185, 188, 193, 197, 201, 207, 208, 211, 218, 221, 222, 224, 228, 238, 243, 244, 249, 254, 257, 265, 266, 271, 272, 276, 278, 282, 284, 285, 286, 288, 289, 299, 300, 308, 310, 313, 318, 325, 326, 332, 344, 345, 352, 355, 359, 362, 369, 371, 372, 374, 382, 384, 388, 389, 392, 393, 394]
x_376: [1, 2, 4, 6, 13, 19, 21, 27, 31, 36, 43, 44, 46, 49, 57, 58, 73, 74, 77, 79, 85, 87, 91, 103, 105, 115, 120, 126, 128, 134, 141, 148, 153, 154, 158, 166, 170, 174, 178, 186, 187, 188, 194, 197, 199, 205, 206, 214, 217, 220, 222, 226, 229, 231, 240, 243, 250, 252, 267, 268, 271, 275, 277, 281, 283, 293, 295, 297, 301, 309, 317, 318, 322, 332, 337, 338, 342, 345, 354, 355, 359, 365, 366, 372, 373, 378, 381, 388, 393]
x_377: [1, 3, 7, 8, 9, 10, 14, 17, 28, 33, 39, 40, 44, 49, 51, 61, 62, 64, 73, 74, 83, 88, 95, 97, 98, 107, 111, 112, 114, 131, 134, 138, 145, 150, 159, 161, 163, 164, 166, 175, 182, 183, 184, 186, 188, 194, 203, 206, 209, 220, 224, 228, 232, 237, 239, 244, 250, 254, 257, 260, 264, 276, 285, 288, 289, 306, 307, 308, 312, 327, 329, 334, 337, 338, 343, 347, 349, 350, 356, 357, 362, 363, 365, 366, 369, 372, 373, 382, 383, 385, 389, 395]
x_378: [3, 5, 7, 14, 19, 24, 27, 37, 38, 44, 45, 47, 50, 55, 56, 58, 61, 62, 68, 74, 85, 88, 94, 98, 100, 101, 106, 116, 118, 130, 133, 136, 140, 146, 150, 151, 152, 156, 166, 169, 173, 175, 180, 183, 184, 193, 195, 201, 202, 204, 213, 215, 217, 220, 227, 228, 239, 247, 252, 268, 269, 270, 276, 280, 283, 292, 293, 297, 310, 312, 326, 331, 332, 333, 340, 341, 343, 348, 349, 351, 357, 359, 362, 365, 366, 376, 386, 389, 394, 396, 397]
x_379: [3, 5, 10, 11, 14, 19, 20, 21, 25, 26, 30, 41, 43, 63, 74, 75, 85, 86, 93, 95, 99, 102, 112, 114, 123, 127, 128, 129, 130, 131, 135, 137, 145, 149, 155, 158, 160, 162, 167, 171, 185, 188, 189, 196, 198, 206, 208, 213, 228, 233, 235, 241, 243, 249, 250, 254, 260, 262, 263, 270, 271, 272, 277, 279, 287, 290, 292, 293, 294, 299, 301, 309, 310, 315, 316, 320, 323, 330, 331, 335, 336, 342, 348, 349, 353, 355, 357, 358, 363, 365, 366, 373, 386, 387, 390, 391, 396, 397]
x_380: [2, 4, 6, 9, 16, 21, 24, 26, 43, 46, 55, 64, 71, 72, 78, 86, 88, 101, 103, 104, 110, 114, 123, 129, 132, 137, 145, 152, 154, 168, 169, 171, 176, 183, 194, 196, 197, 199, 202, 206, 210, 212, 217, 218, 219, 223, 241, 242, 244, 251, 253, 257, 258, 259, 267, 268, 269, 270, 272, 274, 283, 284, 289, 290, 292, 294, 296, 301, 303, 309, 314, 317, 319, 324, 327, 331, 332, 333, 334, 335, 337, 339, 342, 343, 346, 347, 356, 357, 362, 373, 381, 389, 390, 391, 395, 396, 400]
x_381: [1, 3, 14, 17, 19, 22, 26, 28, 29, 32, 33, 34, 43, 44, 52, 60, 63, 66, 72, 76, 78, 85, 86, 89, 90, 92, 96, 102, 107, 110, 114, 118, 122, 123, 129, 134, 137, 140, 147, 157, 159, 161, 163, 164, 165, 166, 174, 178, 184, 191, 196, 204, 211, 215, 226, 230, 232, 235, 237, 244, 253, 255, 256, 260, 272, 275, 276, 278, 279, 285, 293, 303, 312, 313, 318, 319, 320, 321, 325, 326, 333, 336, 337, 344, 346, 356, 357, 361, 362, 376, 380, 383, 391, 394, 395, 396, 397, 399, 400]
x_382: [8, 20, 29, 41, 43, 50, 53, 54, 59, 65, 69, 72, 75, 81, 84, 91, 92, 93, 94, 104, 106, 107, 108, 121, 122, 133, 134, 135, 138, 142, 143, 144, 146, 155, 158, 165, 167, 171, 179, 184, 187, 195, 198, 199, 202, 215, 217, 218, 219, 222, 223, 226, 232, 237, 239, 242, 255, 266, 270, 273, 277, 280, 283, 289, 295, 302, 304, 306, 310, 312, 313, 317, 320, 326, 327, 328, 335, 336, 341, 353, 355, 362, 368, 375, 377, 389, 391, 392, 395, 397]
x_383: [10, 11, 17, 27, 32, 34, 36, 43, 44, 54, 61, 62, 65, 78, 81, 85, 88, 89, 96, 99, 100, 106, 109, 110, 123, 128, 130, 131, 134, 147, 148, 152, 153, 166, 176, 182, 183, 190, 193, 194, 204, 206, 215, 220, 225, 232, 234, 235, 237, 239, 243, 244, 246, 259, 261, 262, 266, 267, 270, 271, 272, 273, 274, 276, 280, 282, 284, 297, 303, 307, 311, 316, 319, 327, 335, 337, 338, 340, 342, 344, 345, 346, 347, 353, 355, 360, 361, 369, 374, 377, 381, 388, 391, 392, 397, 398, 399]
x_384: [1, 2, 10, 26, 27, 30, 33, 34, 39, 40, 44, 54, 56, 62, 66, 68, 70, 73, 76, 78, 80, 84, 89, 92, 98, 101, 108, 115, 117, 119, 120, 124, 126, 128, 129, 133, 134, 137, 141, 147, 149, 151, 155, 156, 162, 163, 169, 170, 178, 184, 185, 188, 189, 194, 201, 212, 213, 224, 228, 230, 232, 245, 250, 252, 256, 259, 263, 266, 267, 269, 271, 275, 281, 283, 285, 286, 295, 308, 316, 318, 323, 326, 332, 336, 337, 339, 343, 344, 345, 347, 355, 356, 360, 363, 364, 367, 371, 374, 375, 398, 399]
x_385: [3, 11, 13, 19, 23, 35, 39, 44, 49, 51, 52, 54, 61, 63, 66, 69, 72, 75, 77, 78, 81, 89, 91, 92, 98, 103, 113, 114, 118, 125, 135, 136, 137, 138, 145, 146, 150, 153, 155, 156, 159, 161, 169, 171, 177, 179, 181, 182, 183, 184, 192, 201, 203, 214, 217, 218, 220, 223, 226, 232, 233, 234, 238, 240, 242, 250, 252, 261, 267, 272, 278, 282, 287, 289, 292, 304, 306, 308, 309, 311, 320, 324, 330, 333, 334, 337, 338, 339, 341, 342, 346, 352, 354, 355, 359, 371, 373, 377, 396, 397]
x_386: [2, 3, 4, 9, 12, 15, 20, 23, 29, 31, 34, 40, 41, 42, 43, 45, 46, 50, 51, 54, 63, 69, 73, 76, 77, 78, 81, 83, 88, 102, 103, 110, 112, 114, 116, 117, 119, 121, 128, 129, 142, 144, 153, 155, 157, 164, 165, 172, 174, 178, 183, 184, 186, 192, 195, 198, 202, 210, 227, 233, 235, 238, 239, 241, 243, 244, 248, 249, 250, 252, 258, 259, 263, 264, 277, 291, 300, 301, 306, 308, 310, 311, 321, 322, 323, 326, 327, 328, 330, 331, 338, 342, 346, 356, 359, 362, 364, 368, 370, 373, 378, 379, 387, 388, 394, 396, 397]
x_387: [1, 3, 6, 22, 24, 26, 61, 67, 77, 78, 79, 82, 83, 84, 89, 90, 95, 97, 98, 104, 106, 107, 112, 115, 117, 128, 138, 140, 142, 143, 149, 151, 155, 167, 168, 175, 181, 190, 192, 196, 197, 201, 203, 205, 209, 212, 216, 221, 232, 234, 237, 238, 240, 243, 246, 250, 252, 256, 258, 262, 267, 273, 276, 279, 286, 287, 288, 300, 307, 309, 310, 311, 313, 320, 322, 324, 326, 327, 329, 333, 334, 338, 339, 343, 350, 352, 353, 359, 363, 364, 366, 368, 369, 370, 379, 386, 396]
x_388: [2, 5, 10, 17, 23, 24, 27, 29, 30, 31, 35, 38, 43, 45, 46, 47, 51, 52, 54, 57, 58, 60, 65, 69, 71, 74, 76, 80, 83, 97, 99, 100, 102, 106, 109, 111, 113, 115, 117, 124, 125, 127, 129, 131, 132, 136, 139, 140, 143, 145, 155, 156, 159, 160, 162, 166, 171, 172, 173, 174, 180, 181, 185, 187, 188, 196, 200, 203, 208, 209, 210, 211, 214, 219, 224, 235, 240, 249, 251, 254, 261, 268, 274, 278, 283, 286, 289, 290, 292, 293, 300, 301, 323, 327, 329, 330, 332, 335, 336, 337, 338, 340, 341, 342, 347, 349, 353, 356, 359, 364, 366, 369, 370, 375, 376, 383, 386, 391, 393, 398]
x_389: [3, 10, 11, 14, 16, 17, 19, 23, 24, 25, 29, 30, 36, 37, 40, 42, 45, 48, 53, 56, 61, 63, 69, 74, 79, 81, 83, 84, 91, 92, 94, 95, 106, 107, 112, 114, 115, 119, 127, 128, 131, 136, 140, 147, 149, 150, 154, 156, 160, 163, 170, 171, 175, 176, 180, 183, 184, 187, 189, 194, 198, 204, 205, 206, 207, 210, 211, 212, 214, 215, 222, 244, 246, 250, 251, 257, 264, 265, 275, 279, 280, 281, 288, 291, 296, 300, 302, 304, 306, 309, 312, 318, 328, 331, 337, 340, 346, 348, 349, 352, 353, 355, 363, 364, 365, 366, 370, 373, 374, 375, 377, 378, 380, 382, 390, 391, 396, 397]
x_390: [4, 10, 13, 18, 19, 26, 28, 30, 31, 46, 49, 62, 63, 74, 75, 77, 79, 87, 90, 98, 121, 125, 133, 135, 140, 142, 147, 153, 156, 157, 163, 168, 177, 186, 187, 191, 199, 201, 216, 224, 226, 227, 230, 235, 239, 242, 244, 246, 247, 251, 262, 267, 268, 274, 277, 282, 286, 287, 288, 301, 302, 304, 305, 306, 308, 312, 316, 318, 321, 323, 327, 328, 334, 340, 342, 350, 351, 357, 362, 364, 366, 372, 374, 379, 380, 389, 391, 393, 394, 398]
x_391: [5, 12, 16, 17, 25, 28, 32, 34, 36, 41, 45, 46, 50, 52, 67, 72, 78, 85, 87, 94, 106, 113, 115, 119, 121, 122, 126, 134, 136, 137, 142, 162, 171, 172, 174, 176, 177, 179, 186, 191, 194, 200, 204, 212, 215, 217, 224, 226, 228, 235, 236, 241, 253, 259, 265, 270, 274, 276, 281, 294, 298, 305, 309, 311, 314, 318, 324, 325, 327, 331, 332, 335, 337, 359, 360, 363, 364, 368, 379, 380, 381, 382, 383, 388, 389, 390, 393, 395, 396]
x_392: [1, 8, 11, 14, 16, 19, 21, 25, 29, 33, 38, 39, 46, 49, 50, 51, 52, 54, 58, 62, 63, 66, 76, 83, 85, 87, 92, 99, 100, 104, 107, 108, 109, 111, 112, 119, 124, 136, 137, 144, 146, 158, 166, 175, 180, 182, 185, 186, 190, 195, 196, 200, 203, 206, 208, 212, 229, 239, 244, 246, 248, 254, 262, 265, 271, 273, 276, 278, 283, 286, 287, 294, 298, 300, 305, 306, 309, 310, 311, 312, 316, 328, 340, 343, 344, 349, 350, 358, 361, 363, 367, 374, 375, 382, 383, 393, 394]
x_393: [4, 6, 8, 15, 17, 18, 22, 27, 31, 34, 36, 37, 39, 50, 55, 56, 61, 81, 85, 92, 98, 101, 103, 104, 119, 120, 123, 125, 128, 132, 133, 143, 146, 148, 153, 160, 162, 164, 165, 167, 172, 176, 178, 179, 187, 211, 219, 224, 226, 227, 235, 236, 249, 261, 262, 269, 271, 274, 275, 279, 282, 289, 290, 293, 295, 309, 313, 314, 331, 338, 341, 344, 346, 348, 350, 351, 356, 358, 370, 373, 374, 375, 376, 388, 390, 391, 392, 395, 396, 398]
x_394: [2, 4, 5, 14, 15, 16, 24, 25, 31, 34, 39, 40, 41, 46, 58, 62, 65, 66, 69, 70, 71, 72, 73, 74, 77, 81, 88, 93, 94, 102, 104, 105, 107, 112, 117, 119, 128, 129, 134, 145, 147, 148, 155, 160, 161, 163, 165, 166, 167, 170, 173, 176, 182, 183, 187, 199, 200, 202, 206, 223, 234, 235, 238, 240, 249, 250, 252, 253, 259, 260, 261, 268, 273, 280, 288, 291, 297, 298, 302, 306, 312, 314, 319, 322, 334, 339, 343, 344, 350, 353, 357, 360, 364, 375, 378, 381, 386, 390, 392]
x_395: [5, 8, 13, 16, 24, 28, 29, 31, 38, 43, 45, 47, 48, 51, 54, 57, 58, 60, 61, 76, 80, 81, 87, 89, 95, 96, 106, 108, 111, 121, 131, 132, 134, 135, 141, 142, 143, 147, 149, 150, 151, 154, 157, 158, 161, 162, 163, 170, 172, 173, 175, 176, 177, 180, 187, 190, 193, 196, 198, 210, 222, 223, 226, 231, 233, 234, 238, 240, 244, 246, 251, 252, 261, 264, 265, 266, 268, 271, 275, 277, 285, 290, 294, 295, 307, 314, 318, 321, 327, 331, 333, 342, 345, 350, 359, 362, 364, 366, 368, 369, 371, 377, 380, 381, 382, 391, 393, 398]
x_396: [1, 6, 9, 12, 14, 21, 23, 28, 30, 35, 36, 38, 39, 47, 54, 60, 65, 69, 77, 79, 82, 86, 105, 107, 108, 110, 111, 113, 124, 128, 134, 136, 140, 141, 142, 146, 151, 165, 170, 174, 177, 179, 182, 183, 187, 188, 190, 191, 194, 198, 201, 205, 211, 213, 221, 222, 224, 227, 228, 238, 241, 244, 245, 248, 249, 253, 254, 255, 258, 260, 267, 269, 276, 285, 292, 293, 296, 298, 301, 302, 312, 320, 323, 324, 326, 327, 335, 339, 345, 350, 360, 362, 368, 369, 378, 379, 380, 381, 385, 386, 387, 389, 391, 393, 399]
x_397: [1, 3, 4, 5, 19, 22, 24, 33, 40, 42, 43, 49, 51, 53, 55, 58, 59, 67, 79, 82, 87, 91, 92, 107, 110, 111, 112, 129, 136, 137, 145, 148, 149, 153, 154, 159, 166, 170, 175, 176, 179, 186, 191, 196, 197, 202, 206, 208, 211, 212, 220, 222, 225, 226, 228, 230, 234, 240, 242, 248, 251, 252, 260, 262, 266, 271, 278, 283, 285, 287, 289, 297, 303, 304, 314, 320, 327, 331, 344, 346, 351, 358, 359, 361, 364, 365, 378, 379, 381, 382, 383, 385, 386, 389, 399]
x_398: [1, 2, 4, 12, 13, 14, 29, 32, 35, 40, 41, 42, 46, 50, 55, 59, 61, 66, 71, 75, 76, 81, 87, 92, 103, 106, 108, 109, 112, 113, 118, 122, 126, 130, 136, 137, 140, 144, 146, 148, 153, 158, 161, 164, 167, 169, 170, 172, 177, 178, 181, 184, 187, 188, 196, 201, 202, 207, 210, 211, 213, 214, 215, 223, 227, 243, 247, 252, 253, 254, 256, 264, 266, 271, 273, 290, 291, 292, 293, 298, 303, 309, 311, 318, 319, 321, 325, 328, 337, 343, 344, 350, 355, 357, 358, 362, 364, 365, 366, 371, 373, 374, 383, 384, 388, 390, 393, 395, 400]
x_399: [10, 14, 15, 17, 21, 27, 29, 32, 33, 40, 42, 44, 45, 46, 58, 61, 62, 63, 67, 68, 73, 81, 83, 86, 87, 88, 91, 94, 96, 101, 102, 107, 108, 109, 110, 115, 122, 143, 163, 164, 167, 173, 177, 183, 191, 194, 200, 207, 210, 216, 218, 223, 224, 226, 229, 230, 238, 239, 245, 247, 251, 255, 259, 260, 263, 269, 273, 274, 276, 282, 283, 284, 289, 291, 292, 295, 297, 301, 306, 310, 311, 313, 317, 319, 322, 324, 329, 331, 337, 344, 351, 352, 359, 371, 373, 381, 383, 384, 396, 397, 400]
x_400: [3, 4, 6, 7, 9, 10, 21, 23, 25, 26, 48, 51, 71, 73, 75, 79, 82, 90, 94, 96, 104, 108, 113, 122, 124, 125, 133, 136, 144, 148, 152, 160, 163, 166, 168, 169, 171, 172, 177, 187, 192, 200, 207, 211, 225, 228, 230, 233, 237, 242, 244, 249, 250, 252, 264, 274, 276, 278, 281, 282, 288, 297, 299, 302, 304, 306, 315, 324, 325, 334, 338, 342, 343, 347, 358, 359, 380, 381, 398, 399]