200
1 1 1 1 1 1 1 1 1 1 1 1 1 1 1 1 1 1 1 1 1 1 1 1 1 1 1 1 1 1 1 1 1 1 1 1 1 1 1 1 1 1 1 1 1 1 1 1 1 1 1 1 1 1 1 1 1 1 1 1 1 1 1 1 1 1 1 1 1 1 1 1 1 1 1 1 1 1 1 1 1 1 1 1 1 1 1 1 1 1 1 1 1 1 1 1 1 1 1 1 1 1 1 1 1 1 1 1 1 1 1 1 1 1 1 1 1 1 1 1 1 1 1 1 1 1 1 1 1 1 1 1 1 1 1 1 1 1 1 1 1 1 1 1 1 1 1 1 1 1 1 1 1 1 1 1 1 1 1 1 1 1 1 1 1 1 1 1 1 1 1 1 1 1 1 1 1 1 1 1 1 1 1 1 1 1 1 1 1 1 1 1 1 1 1 1 1 1 1 1
x_1: [3, 4, 5, 6, 10, 11, 12, 13, 17, 18, 19, 20, 24, 25, 26, 27, 31, 32, 33, 34, 38, 39, 40, 41, 45, 46, 47, 48, 52, 53, 54, 55, 59, 60, 61, 62, 66, 67, 68, 69, 73, 74, 75, 76, 80, 81, 82, 83, 87, 88, 89, 90, 94, 95, 96, 97, 101, 102, 103, 104, 108, 109, 110, 111, 115, 116, 117, 118, 122, 123, 124, 125, 129, 130, 131, 132, 136, 137, 138, 139, 143, 144, 145, 146, 150, 151, 152, 153, 157, 158, 159, 160, 164, 165, 166, 167, 171, 172, 173, 174, 178, 179, 180, 181, 185, 186, 187, 188, 192, 193, 194, 195, 199, 200]
x_2: [4, 5, 6, 7, 11, 12, 13, 14, 18, 19, 20, 21, 25, 26, 27, 28, 32, 33, 34, 35, 39, 40, 41, 42, 46, 47, 48, 49, 53, 54, 55, 56, 60, 61, 62, 63, 67, 68, 69, 70, 74, 75, 76, 77, 81, 82, 83, 84, 88, 89, 90, 91, 95, 96, 97, 98, 102, 103, 104, 105, 109, 110, 111, 112, 116, 117, 118, 119, 123, 124, 125, 126, 130, 131, 132, 133, 137, 138, 139, 140, 144, 145, 146, 147, 151, 152, 153, 154, 158, 159, 160, 161, 165, 166, 167, 168, 172, 173, 174, 175, 179, 180, 181, 182, 186, 187, 188, 189, 193, 194, 195, 196, 200]
x_3: [1, 5, 6, 7, 8, 12, 13, 14, 15, 19, 20, 21, 22, 26, 27, 28, 29, 33, 34, 35, 36, 40, 41, 42, 43, 47, 48, 49, 50, 54, 55, 56, 57, 61, 62, 63, 64, 68, 69, 70, 71, 75, 76, 77, 78, 82, 83, 84, 85, 89, 90, 91, 92, 96, 97, 98, 99, 103, 104, 105, 106, 110, 111, 112, 113, 117, 118, 119, 120, 124, 125, 126, 127, 131, 132, 133, 134, 138, 139, 140, 141, 145, 146, 147, 148, 152, 153, 154, 155, 159, 160, 161, 162, 166, 167, 168, 169, 173, 174, 175, 176, 180, 181, 182, 183, 187, 188, 189, 190, 194, 195, 196, 197]
x_4: [1, 2, 6, 7, 8, 9, 13, 14, 15, 16, 20, 21, 22, 23, 27, 28, 29, 30, 34, 35, 36, 37, 41, 42, 43, 44, 48, 49, 50, 51, 55, 56, 57, 58, 62, 63, 64, 65, 69, 70, 71, 72, 76, 77, 78, 79, 83, 84, 85, 86, 90, 91, 92, 93, 97, 98, 99, 100, 104, 105, 106, 107, 111, 112, 113, 114, 118, 119, 120, 121, 125, 126, 127, 128, 132, 133, 134, 135, 139, 140, 141, 142, 146, 147, 148, 149, 153, 154, 155, 156, 160, 161, 162, 163, 167, 168, 169, 170, 174, 175, 176, 177, 181, 182, 183, 184, 188, 189, 190, 191, 195, 196, 197, 198]
x_5: [1, 2, 3, 7, 8, 9, 10, 14, 15, 16, 17, 21, 22, 23, 24, 28, 29, 30, 31, 35, 36, 37, 38, 42, 43, 44, 45, 49, 50, 51, 52, 56, 57, 58, 59, 63, 64, 65, 66, 70, 71, 72, 73, 77, 78, 79, 80, 84, 85, 86, 87, 91, 92, 93, 94, 98, 99, 100, 101, 105, 106, 107, 108, 112, 113, 114, 115, 119, 120, 121, 122, 126, 127, 128, 129, 133, 134, 135, 136, 140, 141, 142, 143, 147, 148, 149, 150, 154, 155, 156, 157, 161, 162, 163, 164, 168, 169, 170, 171, 175, 176, 177, 178, 182, 183, 184, 185, 189, 190, 191, 192, 196, 197, 198, 199]
x_6: [1, 2, 3, 4, 8, 9, 10, 11, 15, 16, 17, 18, 22, 23, 24, 25, 29, 30, 31, 32, 36, 37, 38, 39, 43, 44, 45, 46, 50, 51, 52, 53, 57, 58, 59, 60, 64, 65, 66, 67, 71, 72, 73, 74, 78, 79, 80, 81, 85, 86, 87, 88, 92, 93, 94, 95, 99, 100, 101, 102, 106, 107, 108, 109, 113, 114, 115, 116, 120, 121, 122, 123, 127, 128, 129, 130, 134, 135, 136, 137, 141, 142, 143, 144, 148, 149, 150, 151, 155, 156, 157, 158, 162, 163, 164, 165, 169, 170, 171, 172, 176, 177, 178, 179, 183, 184, 185, 186, 190, 191, 192, 193, 197, 198, 199, 200]
x_7: [2, 3, 4, 5, 9, 10, 11, 12, 16, 17, 18, 19, 23, 24, 25, 26, 30, 31, 32, 33, 37, 38, 39, 40, 44, 45, 46, 47, 51, 52, 53, 54, 58, 59, 60, 61, 65, 66, 67, 68, 72, 73, 74, 75, 79, 80, 81, 82, 86, 87, 88, 89, 93, 94, 95, 96, 100, 101, 102, 103, 107, 108, 109, 110, 114, 115, 116, 117, 121, 122, 123, 124, 128, 129, 130, 131, 135, 136, 137, 138, 142, 143, 144, 145, 149, 150, 151, 152, 156, 157, 158, 159, 163, 164, 165, 166, 170, 171, 172, 173, 177, 178, 179, 180, 184, 185, 186, 187, 191, 192, 193, 194, 198, 199, 200]
x_8: [3, 4, 5, 6, 10, 11, 12, 13, 17, 18, 19, 20, 24, 25, 26, 27, 31, 32, 33, 34, 38, 39, 40, 41, 45, 46, 47, 48, 52, 53, 54, 55, 59, 60, 61, 62, 66, 67, 68, 69, 73, 74, 75, 76, 80, 81, 82, 83, 87, 88, 89, 90, 94, 95, 96, 97, 101, 102, 103, 104, 108, 109, 110, 111, 115, 116, 117, 118, 122, 123, 124, 125, 129, 130, 131, 132, 136, 137, 138, 139, 143, 144, 145, 146, 150, 151, 152, 153, 157, 158, 159, 160, 164, 165, 166, 167, 171, 172, 173, 174, 178, 179, 180, 181, 185, 186, 187, 188, 192, 193, 194, 195, 199, 200]
x_9: [4, 5, 6, 7, 11, 12, 13, 14, 18, 19, 20, 21, 25, 26, 27, 28, 32, 33, 34, 35, 39, 40, 41, 42, 46, 47, 48, 49, 53, 54, 55, 56, 60, 61, 62, 63, 67, 68, 69, 70, 74, 75, 76, 77, 81, 82, 83, 84, 88, 89, 90, 91, 95, 96, 97, 98, 102, 103, 104, 105, 109, 110, 111, 112, 116, 117, 118, 119, 123, 124, 125, 126, 130, 131, 132, 133, 137, 138, 139, 140, 144, 145, 146, 147, 151, 152, 153, 154, 158, 159, 160, 161, 165, 166, 167, 168, 172, 173, 174, 175, 179, 180, 181, 182, 186, 187, 188, 189, 193, 194, 195, 196, 200]
x_10: [1, 5, 6, 7, 8, 12, 13, 14, 15, 19, 20, 21, 22, 26, 27, 28, 29, 33, 34, 35, 36, 40, 41, 42, 43, 47, 48, 49, 50, 54, 55, 56, 57, 61, 62, 63, 64, 68, 69, 70, 71, 75, 76, 77, 78, 82, 83, 84, 85, 89, 90, 91, 92, 96, 97, 98, 99, 103, 104, 105, 106, 110, 111, 112, 113, 117, 118, 119, 120, 124, 125, 126, 127, 131, 132, 133, 134, 138, 139, 140, 141, 145, 146, 147, 148, 152, 153, 154, 155, 159, 160, 161, 162, 166, 167, 168, 169, 173, 174, 175, 176, 180, 181, 182, 183, 187, 188, 189, 190, 194, 195, 196, 197]
x_11: [1, 2, 6, 7, 8, 9, 13, 14, 15, 16, 20, 21, 22, 23, 27, 28, 29, 30, 34, 35, 36, 37, 41, 42, 43, 44, 48, 49, 50, 51, 55, 56, 57, 58, 62, 63, 64, 65, 69, 70, 71, 72, 76, 77, 78, 79, 83, 84, 85, 86, 90, 91, 92, 93, 97, 98, 99, 100, 104, 105, 106, 107, 111, 112, 113, 114, 118, 119, 120, 121, 125, 126, 127, 128, 132, 133, 134, 135, 139, 140, 141, 142, 146, 147, 148, 149, 153, 154, 155, 156, 160, 161, 162, 163, 167, 168, 169, 170, 174, 175, 176, 177, 181, 182, 183, 184, 188, 189, 190, 191, 195, 196, 197, 198]
x_12: [1, 2, 3, 7, 8, 9, 10, 14, 15, 16, 17, 21, 22, 23, 24, 28, 29, 30, 31, 35, 36, 37, 38, 42, 43, 44, 45, 49, 50, 51, 52, 56, 57, 58, 59, 63, 64, 65, 66, 70, 71, 72, 73, 77, 78, 79, 80, 84, 85, 86, 87, 91, 92, 93, 94, 98, 99, 100, 101, 105, 106, 107, 108, 112, 113, 114, 115, 119, 120, 121, 122, 126, 127, 128, 129, 133, 134, 135, 136, 140, 141, 142, 143, 147, 148, 149, 150, 154, 155, 156, 157, 161, 162, 163, 164, 168, 169, 170, 171, 175, 176, 177, 178, 182, 183, 184, 185, 189, 190, 191, 192, 196, 197, 198, 199]
x_13: [1, 2, 3, 4, 8, 9, 10, 11, 15, 16, 17, 18, 22, 23, 24, 25, 29, 30, 31, 32, 36, 37, 38, 39, 43, 44, 45, 46, 50, 51, 52, 53, 57, 58, 59, 60, 64, 65, 66, 67, 71, 72, 73, 74, 78, 79, 80, 81, 85, 86, 87, 88, 92, 93, 94, 95, 99, 100, 101, 102, 106, 107, 108, 109, 113, 114, 115, 116, 120, 121, 122, 123, 127, 128, 129, 130, 134, 135, 136, 137, 141, 142, 143, 144, 148, 149, 150, 151, 155, 156, 157, 158, 162, 163, 164, 165, 169, 170, 171, 172, 176, 177, 178, 179, 183, 184, 185, 186, 190, 191, 192, 193, 197, 198, 199, 200]
x_14: [2, 3, 4, 5, 9, 10, 11, 12, 16, 17, 18, 19, 23, 24, 25, 26, 30, 31, 32, 33, 37, 38, 39, 40, 44, 45, 46, 47, 51, 52, 53, 54, 58, 59, 60, 61, 65, 66, 67, 68, 72, 73, 74, 75, 79, 80, 81, 82, 86, 87, 88, 89, 93, 94, 95, 96, 100, 101, 102, 103, 107, 108, 109, 110, 114, 115, 116, 117, 121, 122, 123, 124, 128, 129, 130, 131, 135, 136, 137, 138, 142, 143, 144, 145, 149, 150, 151, 152, 156, 157, 158, 159, 163, 164, 165, 166, 170, 171, 172, 173, 177, 178, 179, 180, 184, 185, 186, 187, 191, 192, 193, 194, 198, 199, 200]
x_15: [3, 4, 5, 6, 10, 11, 12, 13, 17, 18, 19, 20, 24, 25, 26, 27, 31, 32, 33, 34, 38, 39, 40, 41, 45, 46, 47, 48, 52, 53, 54, 55, 59, 60, 61, 62, 66, 67, 68, 69, 73, 74, 75, 76, 80, 81, 82, 83, 87, 88, 89, 90, 94, 95, 96, 97, 101, 102, 103, 104, 108, 109, 110, 111, 115, 116, 117, 118, 122, 123, 124, 125, 129, 130, 131, 132, 136, 137, 138, 139, 143, 144, 145, 146, 150, 151, 152, 153, 157, 158, 159, 160, 164, 165, 166, 167, 171, 172, 173, 174, 178, 179, 180, 181, 185, 186, 187, 188, 192, 193, 194, 195, 199, 200]
x_16: [4, 5, 6, 7, 11, 12, 13, 14, 18, 19, 20, 21, 25, 26, 27, 28, 32, 33, 34, 35, 39, 40, 41, 42, 46, 47, 48, 49, 53, 54, 55, 56, 60, 61, 62, 63, 67, 68, 69, 70, 74, 75, 76, 77, 81, 82, 83, 84, 88, 89, 90, 91, 95, 96, 97, 98, 102, 103, 104, 105, 109, 110, 111, 112, 116, 117, 118, 119, 123, 124, 125, 126, 130, 131, 132, 133, 137, 138, 139, 140, 144, 145, 146, 147, 151, 152, 153, 154, 158, 159, 160, 161, 165, 166, 167, 168, 172, 173, 174, 175, 179, 180, 181, 182, 186, 187, 188, 189, 193, 194, 195, 196, 200]
x_17: [1, 5, 6, 7, 8, 12, 13, 14, 15, 19, 20, 21, 22, 26, 27, 28, 29, 33, 34, 35, 36, 40, 41, 42, 43, 47, 48, 49, 50, 54, 55, 56, 57, 61, 62, 63, 64, 68, 69, 70, 71, 75, 76, 77, 78, 82, 83, 84, 85, 89, 90, 91, 92, 96, 97, 98, 99, 103, 104, 105, 106, 110, 111, 112, 113, 117, 118, 119, 120, 124, 125, 126, 127, 131, 132, 133, 134, 138, 139, 140, 141, 145, 146, 147, 148, 152, 153, 154, 155, 159, 160, 161, 162, 166, 167, 168, 169, 173, 174, 175, 176, 180, 181, 182, 183, 187, 188, 189, 190, 194, 195, 196, 197]
x_18: [1, 2, 6, 7, 8, 9, 13, 14, 15, 16, 20, 21, 22, 23, 27, 28, 29, 30, 34, 35, 36, 37, 41, 42, 43, 44, 48, 49, 50, 51, 55, 56, 57, 58, 62, 63, 64, 65, 69, 70, 71, 72, 76, 77, 78, 79, 83, 84, 85, 86, 90, 91, 92, 93, 97, 98, 99, 100, 104, 105, 106, 107, 111, 112, 113, 114, 118, 119, 120, 121, 125, 126, 127, 128, 132, 133, 134, 135, 139, 140, 141, 142, 146, 147, 148, 149, 153, 154, 155, 156, 160, 161, 162, 163, 167, 168, 169, 170, 174, 175, 176, 177, 181, 182, 183, 184, 188, 189, 190, 191, 195, 196, 197, 198]
x_19: [1, 2, 3, 7, 8, 9, 10, 14, 15, 16, 17, 21, 22, 23, 24, 28, 29, 30, 31, 35, 36, 37, 38, 42, 43, 44, 45, 49, 50, 51, 52, 56, 57, 58, 59, 63, 64, 65, 66, 70, 71, 72, 73, 77, 78, 79, 80, 84, 85, 86, 87, 91, 92, 93, 94, 98, 99, 100, 101, 105, 106, 107, 108, 112, 113, 114, 115, 119, 120, 121, 122, 126, 127, 128, 129, 133, 134, 135, 136, 140, 141, 142, 143, 147, 148, 149, 150, 154, 155, 156, 157, 161, 162, 163, 164, 168, 169, 170, 171, 175, 176, 177, 178, 182, 183, 184, 185, 189, 190, 191, 192, 196, 197, 198, 199]
x_20: [1, 2, 3, 4, 8, 9, 10, 11, 15, 16, 17, 18, 22, 23, 24, 25, 29, 30, 31, 32, 36, 37, 38, 39, 43, 44, 45, 46, 50, 51, 52, 53, 57, 58, 59, 60, 64, 65, 66, 67, 71, 72, 73, 74, 78, 79, 80, 81, 85, 86, 87, 88, 92, 93, 94, 95, 99, 100, 101, 102, 106, 107, 108, 109, 113, 114, 115, 116, 120, 121, 122, 123, 127, 128, 129, 130, 134, 135, 136, 137, 141, 142, 143, 144, 148, 149, 150, 151, 155, 156, 157, 158, 162, 163, 164, 165, 169, 170, 171, 172, 176, 177, 178, 179, 183, 184, 185, 186, 190, 191, 192, 193, 197, 198, 199, 200]
x_21: [2, 3, 4, 5, 9, 10, 11, 12, 16, 17, 18, 19, 23, 24, 25, 26, 30, 31, 32, 33, 37, 38, 39, 40, 44, 45, 46, 47, 51, 52, 53, 54, 58, 59, 60, 61, 65, 66, 67, 68, 72, 73, 74, 75, 79, 80, 81, 82, 86, 87, 88, 89, 93, 94, 95, 96, 100, 101, 102, 103, 107, 108, 109, 110, 114, 115, 116, 117, 121, 122, 123, 124, 128, 129, 130, 131, 135, 136, 137, 138, 142, 143, 144, 145, 149, 150, 151, 152, 156, 157, 158, 159, 163, 164, 165, 166, 170, 171, 172, 173, 177, 178, 179, 180, 184, 185, 186, 187, 191, 192, 193, 194, 198, 199, 200]
x_22: [3, 4, 5, 6, 10, 11, 12, 13, 17, 18, 19, 20, 24, 25, 26, 27, 31, 32, 33, 34, 38, 39, 40, 41, 45, 46, 47, 48, 52, 53, 54, 55, 59, 60, 61, 62, 66, 67, 68, 69, 73, 74, 75, 76, 80, 81, 82, 83, 87, 88, 89, 90, 94, 95, 96, 97, 101, 102, 103, 104, 108, 109, 110, 111, 115, 116, 117, 118, 122, 123, 124, 125, 129, 130, 131, 132, 136, 137, 138, 139, 143, 144, 145, 146, 150, 151, 152, 153, 157, 158, 159, 160, 164, 165, 166, 167, 171, 172, 173, 174, 178, 179, 180, 181, 185, 186, 187, 188, 192, 193, 194, 195, 199, 200]
x_23: [4, 5, 6, 7, 11, 12, 13, 14, 18, 19, 20, 21, 25, 26, 27, 28, 32, 33, 34, 35, 39, 40, 41, 42, 46, 47, 48, 49, 53, 54, 55, 56, 60, 61, 62, 63, 67, 68, 69, 70, 74, 75, 76, 77, 81, 82, 83, 84, 88, 89, 90, 91, 95, 96, 97, 98, 102, 103, 104, 105, 109, 110, 111, 112, 116, 117, 118, 119, 123, 124, 125, 126, 130, 131, 132, 133, 137, 138, 139, 140, 144, 145, 146, 147, 151, 152, 153, 154, 158, 159, 160, 161, 165, 166, 167, 168, 172, 173, 174, 175, 179, 180, 181, 182, 186, 187, 188, 189, 193, 194, 195, 196, 200]
x_24: [1, 5, 6, 7, 8, 12, 13, 14, 15, 19, 20, 21, 22, 26, 27, 28, 29, 33, 34, 35, 36, 40, 41, 42, 43, 47, 48, 49, 50, 54, 55, 56, 57, 61, 62, 63, 64, 68, 69, 70, 71, 75, 76, 77, 78, 82, 83, 84, 85, 89, 90, 91, 92, 96, 97, 98, 99, 103, 104, 105, 106, 110, 111, 112, 113, 117, 118, 119, 120, 124, 125, 126, 127, 131, 132, 133, 134, 138, 139, 140, 141, 145, 146, 147, 148, 152, 153, 154, 155, 159, 160, 161, 162, 166, 167, 168, 169, 173, 174, 175, 176, 180, 181, 182, 183, 187, 188, 189, 190, 194, 195, 196, 197]
x_25: [1, 2, 6, 7, 8, 9, 13, 14, 15, 16, 20, 21, 22, 23, 27, 28, 29, 30, 34, 35, 36, 37, 41, 42, 43, 44, 48, 49, 50, 51, 55, 56, 57, 58, 62, 63, 64, 65, 69, 70, 71, 72, 76, 77, 78, 79, 83, 84, 85, 86, 90, 91, 92, 93, 97, 98, 99, 100, 104, 105, 106, 107, 111, 112, 113, 114, 118, 119, 120, 121, 125, 126, 127, 128, 132, 133, 134, 135, 139, 140, 141, 142, 146, 147, 148, 149, 153, 154, 155, 156, 160, 161, 162, 163, 167, 168, 169, 170, 174, 175, 176, 177, 181, 182, 183, 184, 188, 189, 190, 191, 195, 196, 197, 198]
x_26: [1, 2, 3, 7, 8, 9, 10, 14, 15, 16, 17, 21, 22, 23, 24, 28, 29, 30, 31, 35, 36, 37, 38, 42, 43, 44, 45, 49, 50, 51, 52, 56, 57, 58, 59, 63, 64, 65, 66, 70, 71, 72, 73, 77, 78, 79, 80, 84, 85, 86, 87, 91, 92, 93, 94, 98, 99, 100, 101, 105, 106, 107, 108, 112, 113, 114, 115, 119, 120, 121, 122, 126, 127, 128, 129, 133, 134, 135, 136, 140, 141, 142, 143, 147, 148, 149, 150, 154, 155, 156, 157, 161, 162, 163, 164, 168, 169, 170, 171, 175, 176, 177, 178, 182, 183, 184, 185, 189, 190, 191, 192, 196, 197, 198, 199]
x_27: [1, 2, 3, 4, 8, 9, 10, 11, 15, 16, 17, 18, 22, 23, 24, 25, 29, 30, 31, 32, 36, 37, 38, 39, 43, 44, 45, 46, 50, 51, 52, 53, 57, 58, 59, 60, 64, 65, 66, 67, 71, 72, 73, 74, 78, 79, 80, 81, 85, 86, 87, 88, 92, 93, 94, 95, 99, 100, 101, 102, 106, 107, 108, 109, 113, 114, 115, 116, 120, 121, 122, 123, 127, 128, 129, 130, 134, 135, 136, 137, 141, 142, 143, 144, 148, 149, 150, 151, 155, 156, 157, 158, 162, 163, 164, 165, 169, 170, 171, 172, 176, 177, 178, 179, 183, 184, 185, 186, 190, 191, 192, 193, 197, 198, 199, 200]
x_28: [2, 3, 4, 5, 9, 10, 11, 12, 16, 17, 18, 19, 23, 24, 25, 26, 30, 31, 32, 33, 37, 38, 39, 40, 44, 45, 46, 47, 51, 52, 53, 54, 58, 59, 60, 61, 65, 66, 67, 68, 72, 73, 74, 75, 79, 80, 81, 82, 86, 87, 88, 89, 93, 94, 95, 96, 100, 101, 102, 103, 107, 108, 109, 110, 114, 115, 116, 117, 121, 122, 123, 124, 128, 129, 130, 131, 135, 136, 137, 138, 142, 143, 144, 145, 149, 150, 151, 152, 156, 157, 158, 159, 163, 164, 165, 166, 170, 171, 172, 173, 177, 178, 179, 180, 184, 185, 186, 187, 191, 192, 193, 194, 198, 199, 200]
x_29: [3, 4, 5, 6, 10, 11, 12, 13, 17, 18, 19, 20, 24, 25, 26, 27, 31, 32, 33, 34, 38, 39, 40, 41, 45, 46, 47, 48, 52, 53, 54, 55, 59, 60, 61, 62, 66, 67, 68, 69, 73, 74, 75, 76, 80, 81, 82, 83, 87, 88, 89, 90, 94, 95, 96, 97, 101, 102, 103, 104, 108, 109, 110, 111, 115, 116, 117, 118, 122, 123, 124, 125, 129, 130, 131, 132, 136, 137, 138, 139, 143, 144, 145, 146, 150, 151, 152, 153, 157, 158, 159, 160, 164, 165, 166, 167, 171, 172, 173, 174, 178, 179, 180, 181, 185, 186, 187, 188, 192, 193, 194, 195, 199, 200]
x_30: [4, 5, 6, 7, 11, 12, 13, 14, 18, 19, 20, 21, 25, 26, 27, 28, 32, 33, 34, 35, 39, 40, 41, 42, 46, 47, 48, 49, 53, 54, 55, 56, 60, 61, 62, 63, 67, 68, 69, 70, 74, 75, 76, 77, 81, 82, 83, 84, 88, 89, 90, 91, 95, 96, 97, 98, 102, 103, 104, 105, 109, 110, 111, 112, 116, 117, 118, 119, 123, 124, 125, 126, 130, 131, 132, 133, 137, 138, 139, 140, 144, 145, 146, 147, 151, 152, 153, 154, 158, 159, 160, 161, 165, 166, 167, 168, 172, 173, 174, 175, 179, 180, 181, 182, 186, 187, 188, 189, 193, 194, 195, 196, 200]
x_31: [1, 5, 6, 7, 8, 12, 13, 14, 15, 19, 20, 21, 22, 26, 27, 28, 29, 33, 34, 35, 36, 40, 41, 42, 43, 47, 48, 49, 50, 54, 55, 56, 57, 61, 62, 63, 64, 68, 69, 70, 71, 75, 76, 77, 78, 82, 83, 84, 85, 89, 90, 91, 92, 96, 97, 98, 99, 103, 104, 105, 106, 110, 111, 112, 113, 117, 118, 119, 120, 124, 125, 126, 127, 131, 132, 133, 134, 138, 139, 140, 141, 145, 146, 147, 148, 152, 153, 154, 155, 159, 160, 161, 162, 166, 167, 168, 169, 173, 174, 175, 176, 180, 181, 182, 183, 187, 188, 189, 190, 194, 195, 196, 197]
x_32: [1, 2, 6, 7, 8, 9, 13, 14, 15, 16, 20, 21, 22, 23, 27, 28, 29, 30, 34, 35, 36, 37, 41, 42, 43, 44, 48, 49, 50, 51, 55, 56, 57, 58, 62, 63, 64, 65, 69, 70, 71, 72, 76, 77, 78, 79, 83, 84, 85, 86, 90, 91, 92, 93, 97, 98, 99, 100, 104, 105, 106, 107, 111, 112, 113, 114, 118, 119, 120, 121, 125, 126, 127, 128, 132, 133, 134, 135, 139, 140, 141, 142, 146, 147, 148, 149, 153, 154, 155, 156, 160, 161, 162, 163, 167, 168, 169, 170, 174, 175, 176, 177, 181, 182, 183, 184, 188, 189, 190, 191, 195, 196, 197, 198]
x_33: [1, 2, 3, 7, 8, 9, 10, 14, 15, 16, 17, 21, 22, 23, 24, 28, 29, 30, 31, 35, 36, 37, 38, 42, 43, 44, 45, 49, 50, 51, 52, 56, 57, 58, 59, 63, 64, 65, 66, 70, 71, 72, 73, 77, 78, 79, 80, 84, 85, 86, 87, 91, 92, 93, 94, 98, 99, 100, 101, 105, 106, 107, 108, 112, 113, 114, 115, 119, 120, 121, 122, 126, 127, 128, 129, 133, 134, 135, 136, 140, 141, 142, 143, 147, 148, 149, 150, 154, 155, 156, 157, 161, 162, 163, 164, 168, 169, 170, 171, 175, 176, 177, 178, 182, 183, 184, 185, 189, 190, 191, 192, 196, 197, 198, 199]
x_34: [1, 2, 3, 4, 8, 9, 10, 11, 15, 16, 17, 18, 22, 23, 24, 25, 29, 30, 31, 32, 36, 37, 38, 39, 43, 44, 45, 46, 50, 51, 52, 53, 57, 58, 59, 60, 64, 65, 66, 67, 71, 72, 73, 74, 78, 79, 80, 81, 85, 86, 87, 88, 92, 93, 94, 95, 99, 100, 101, 102, 106, 107, 108, 109, 113, 114, 115, 116, 120, 121, 122, 123, 127, 128, 129, 130, 134, 135, 136, 137, 141, 142, 143, 144, 148, 149, 150, 151, 155, 156, 157, 158, 162, 163, 164, 165, 169, 170, 171, 172, 176, 177, 178, 179, 183, 184, 185, 186, 190, 191, 192, 193, 197, 198, 199, 200]
x_35: [2, 3, 4, 5, 9, 10, 11, 12, 16, 17, 18, 19, 23, 24, 25, 26, 30, 31, 32, 33, 37, 38, 39, 40, 44, 45, 46, 47, 51, 52, 53, 54, 58, 59, 60, 61, 65, 66, 67, 68, 72, 73, 74, 75, 79, 80, 81, 82, 86, 87, 88, 89, 93, 94, 95, 96, 100, 101, 102, 103, 107, 108, 109, 110, 114, 115, 116, 117, 121, 122, 123, 124, 128, 129, 130, 131, 135, 136, 137, 138, 142, 143, 144, 145, 149, 150, 151, 152, 156, 157, 158, 159, 163, 164, 165, 166, 170, 171, 172, 173, 177, 178, 179, 180, 184, 185, 186, 187, 191, 192, 193, 194, 198, 199, 200]
x_36: [3, 4, 5, 6, 10, 11, 12, 13, 17, 18, 19, 20, 24, 25, 26, 27, 31, 32, 33, 34, 38, 39, 40, 41, 45, 46, 47, 48, 52, 53, 54, 55, 59, 60, 61, 62, 66, 67, 68, 69, 73, 74, 75, 76, 80, 81, 82, 83, 87, 88, 89, 90, 94, 95, 96, 97, 101, 102, 103, 104, 108, 109, 110, 111, 115, 116, 117, 118, 122, 123, 124, 125, 129, 130, 131, 132, 136, 137, 138, 139, 143, 144, 145, 146, 150, 151, 152, 153, 157, 158, 159, 160, 164, 165, 166, 167, 171, 172, 173, 174, 178, 179, 180, 181, 185, 186, 187, 188, 192, 193, 194, 195, 199, 200]
x_37: [4, 5, 6, 7, 11, 12, 13, 14, 18, 19, 20, 21, 25, 26, 27, 28, 32, 33, 34, 35, 39, 40, 41, 42, 46, 47, 48, 49, 53, 54, 55, 56, 60, 61, 62, 63, 67, 68, 69, 70, 74, 75, 76, 77, 81, 82, 83, 84, 88, 89, 90, 91, 95, 96, 97, 98, 102, 103, 104, 105, 109, 110, 111, 112, 116, 117, 118, 119, 123, 124, 125, 126, 130, 131, 132, 133, 137, 138, 139, 140, 144, 145, 146, 147, 151, 152, 153, 154, 158, 159, 160, 161, 165, 166, 167, 168, 172, 173, 174, 175, 179, 180, 181, 182, 186, 187, 188, 189, 193, 194, 195, 196, 200]
x_38: [1, 5, 6, 7, 8, 12, 13, 14, 15, 19, 20, 21, 22, 26, 27, 28, 29, 33, 34, 35, 36, 40, 41, 42, 43, 47, 48, 49, 50, 54, 55, 56, 57, 61, 62, 63, 64, 68, 69, 70, 71, 75, 76, 77, 78, 82, 83, 84, 85, 89, 90, 91, 92, 96, 97, 98, 99, 103, 104, 105, 106, 110, 111, 112, 113, 117, 118, 119, 120, 124, 125, 126, 127, 131, 132, 133, 134, 138, 139, 140, 141, 145, 146, 147, 148, 152, 153, 154, 155, 159, 160, 161, 162, 166, 167, 168, 169, 173, 174, 175, 176, 180, 181, 182, 183, 187, 188, 189, 190, 194, 195, 196, 197]
x_39: [1, 2, 6, 7, 8, 9, 13, 14, 15, 16, 20, 21, 22, 23, 27, 28, 29, 30, 34, 35, 36, 37, 41, 42, 43, 44, 48, 49, 50, 51, 55, 56, 57, 58, 62, 63, 64, 65, 69, 70, 71, 72, 76, 77, 78, 79, 83, 84, 85, 86, 90, 91, 92, 93, 97, 98, 99, 100, 104, 105, 106, 107, 111, 112, 113, 114, 118, 119, 120, 121, 125, 126, 127, 128, 132, 133, 134, 135, 139, 140, 141, 142, 146, 147, 148, 149, 153, 154, 155, 156, 160, 161, 162, 163, 167, 168, 169, 170, 174, 175, 176, 177, 181, 182, 183, 184, 188, 189, 190, 191, 195, 196, 197, 198]
x_40: [1, 2, 3, 7, 8, 9, 10, 14, 15, 16, 17, 21, 22, 23, 24, 28, 29, 30, 31, 35, 36, 37, 38, 42, 43, 44, 45, 49, 50, 51, 52, 56, 57, 58, 59, 63, 64, 65, 66, 70, 71, 72, 73, 77, 78, 79, 80, 84, 85, 86, 87, 91, 92, 93, 94, 98, 99, 100, 101, 105, 106, 107, 108, 112, 113, 114, 115, 119, 120, 121, 122, 126, 127, 128, 129, 133, 134, 135, 136, 140, 141, 142, 143, 147, 148, 149, 150, 154, 155, 156, 157, 161, 162, 163, 164, 168, 169, 170, 171, 175, 176, 177, 178, 182, 183, 184, 185, 189, 190, 191, 192, 196, 197, 198, 199]
x_41: [1, 2, 3, 4, 8, 9, 10, 11, 15, 16, 17, 18, 22, 23, 24, 25, 29, 30, 31, 32, 36, 37, 38, 39, 43, 44, 45, 46, 50, 51, 52, 53, 57, 58, 59, 60, 64, 65, 66, 67, 71, 72, 73, 74, 78, 79, 80, 81, 85, 86, 87, 88, 92, 93, 94, 95, 99, 100, 101, 102, 106, 107, 108, 109, 113, 114, 115, 116, 120, 121, 122, 123, 127, 128, 129, 130, 134, 135, 136, 137, 141, 142, 143, 144, 148, 149, 150, 151, 155, 156, 157, 158, 162, 163, 164, 165, 169, 170, 171, 172, 176, 177, 178, 179, 183, 184, 185, 186, 190, 191, 192, 193, 197, 198, 199, 200]
x_42: [2, 3, 4, 5, 9, 10, 11, 12, 16, 17, 18, 19, 23, 24, 25, 26, 30, 31, 32, 33, 37, 38, 39, 40, 44, 45, 46, 47, 51, 52, 53, 54, 58, 59, 60, 61, 65, 66, 67, 68, 72, 73, 74, 75, 79, 80, 81, 82, 86, 87, 88, 89, 93, 94, 95, 96, 100, 101, 102, 103, 107, 108, 109, 110, 114, 115, 116, 117, 121, 122, 123, 124, 128, 129, 130, 131, 135, 136, 137, 138, 142, 143, 144, 145, 149, 150, 151, 152, 156, 157, 158, 159, 163, 164, 165, 166, 170, 171, 172, 173, 177, 178, 179, 180, 184, 185, 186, 187, 191, 192, 193, 194, 198, 199, 200]
x_43: [3, 4, 5, 6, 10, 11, 12, 13, 17, 18, 19, 20, 24, 25, 26, 27, 31, 32, 33, 34, 38, 39, 40, 41, 45, 46, 47, 48, 52, 53, 54, 55, 59, 60, 61, 62, 66, 67, 68, 69, 73, 74, 75, 76, 80, 81, 82, 83, 87, 88, 89, 90, 94, 95, 96, 97, 101, 102, 103, 104, 108, 109, 110, 111, 115, 116, 117, 118, 122, 123, 124, 125, 129, 130, 131, 132, 136, 137, 138, 139, 143, 144, 145, 146, 150, 151, 152, 153, 157, 158, 159, 160, 164, 165, 166, 167, 171, 172, 173, 174, 178, 179, 180, 181, 185, 186, 187, 188, 192, 193, 194, 195, 199, 200]
x_44: [4, 5, 6, 7, 11, 12, 13, 14, 18, 19, 20, 21, 25, 26, 27, 28, 32, 33, 34, 35, 39, 40, 41, 42, 46, 47, 48, 49, 53, 54, 55, 56, 60, 61, 62, 63, 67, 68, 69, 70, 74, 75, 76, 77, 81, 82, 83, 84, 88, 89, 90, 91, 95, 96, 97, 98, 102, 103, 104, 105, 109, 110, 111, 112, 116, 117, 118, 119, 123, 124, 125, 126, 130, 131, 132, 133, 137, 138, 139, 140, 144, 145, 146, 147, 151, 152, 153, 154, 158, 159, 160, 161, 165, 166, 167, 168, 172, 173, 174, 175, 179, 180, 181, 182, 186, 187, 188, 189, 193, 194, 195, 196, 200]
x_45: [1, 5, 6, 7, 8, 12, 13, 14, 15, 19, 20, 21, 22, 26, 27, 28, 29, 33, 34, 35, 36, 40, 41, 42, 43, 47, 48, 49, 50, 54, 55, 56, 57, 61, 62, 63, 64, 68, 69, 70, 71, 75, 76, 77, 78, 82, 83, 84, 85, 89, 90, 91, 92, 96, 97, 98, 99, 103, 104, 105, 106, 110, 111, 112, 113, 117, 118, 119, 120, 124, 125, 126, 127, 131, 132, 133, 134, 138, 139, 140, 141, 145, 146, 147, 148, 152, 153, 154, 155, 159, 160, 161, 162, 166, 167, 168, 169, 173, 174, 175, 176, 180, 181, 182, 183, 187, 188, 189, 190, 194, 195, 196, 197]
x_46: [1, 2, 6, 7, 8, 9, 13, 14, 15, 16, 20, 21, 22, 23, 27, 28, 29, 30, 34, 35, 36, 37, 41, 42, 43, 44, 48, 49, 50, 51, 55, 56, 57, 58, 62, 63, 64, 65, 69, 70, 71, 72, 76, 77, 78, 79, 83, 84, 85, 86, 90, 91, 92, 93, 97, 98, 99, 100, 104, 105, 106, 107, 111, 112, 113, 114, 118, 119, 120, 121, 125, 126, 127, 128, 132, 133, 134, 135, 139, 140, 141, 142, 146, 147, 148, 149, 153, 154, 155, 156, 160, 161, 162, 163, 167, 168, 169, 170, 174, 175, 176, 177, 181, 182, 183, 184, 188, 189, 190, 191, 195, 196, 197, 198]
x_47: [1, 2, 3, 7, 8, 9, 10, 14, 15, 16, 17, 21, 22, 23, 24, 28, 29, 30, 31, 35, 36, 37, 38, 42, 43, 44, 45, 49, 50, 51, 52, 56, 57, 58, 59, 63, 64, 65, 66, 70, 71, 72, 73, 77, 78, 79, 80, 84, 85, 86, 87, 91, 92, 93, 94, 98, 99, 100, 101, 105, 106, 107, 108, 112, 113, 114, 115, 119, 120, 121, 122, 126, 127, 128, 129, 133, 134, 135, 136, 140, 141, 142, 143, 147, 148, 149, 150, 154, 155, 156, 157, 161, 162, 163, 164, 168, 169, 170, 171, 175, 176, 177, 178, 182, 183, 184, 185, 189, 190, 191, 192, 196, 197, 198, 199]
x_48: [1, 2, 3, 4, 8, 9, 10, 11, 15, 16, 17, 18, 22, 23, 24, 25, 29, 30, 31, 32, 36, 37, 38, 39, 43, 44, 45, 46, 50, 51, 52, 53, 57, 58, 59, 60, 64, 65, 66, 67, 71, 72, 73, 74, 78, 79, 80, 81, 85, 86, 87, 88, 92, 93, 94, 95, 99, 100, 101, 102, 106, 107, 108, 109, 113, 114, 115, 116, 120, 121, 122, 123, 127, 128, 129, 130, 134, 135, 136, 137, 141, 142, 143, 144, 148, 149, 150, 151, 155, 156, 157, 158, 162, 163, 164, 165, 169, 170, 171, 172, 176, 177, 178, 179, 183, 184, 185, 186, 190, 191, 192, 193, 197, 198, 199, 200]
x_49: [2, 3, 4, 5, 9, 10, 11, 12, 16, 17, 18, 19, 23, 24, 25, 26, 30, 31, 32, 33, 37, 38, 39, 40, 44, 45, 46, 47, 51, 52, 53, 54, 58, 59, 60, 61, 65, 66, 67, 68, 72, 73, 74, 75, 79, 80, 81, 82, 86, 87, 88, 89, 93, 94, 95, 96, 100, 101, 102, 103, 107, 108, 109, 110, 114, 115, 116, 117, 121, 122, 123, 124, 128, 129, 130, 131, 135, 136, 137, 138, 142, 143, 144, 145, 149, 150, 151, 152, 156, 157, 158, 159, 163, 164, 165, 166, 170, 171, 172, 173, 177, 178, 179, 180, 184, 185, 186, 187, 191, 192, 193, 194, 198, 199, 200]
x_50: [3, 4, 5, 6, 10, 11, 12, 13, 17, 18, 19, 20, 24, 25, 26, 27, 31, 32, 33, 34, 38, 39, 40, 41, 45, 46, 47, 48, 52, 53, 54, 55, 59, 60, 61, 62, 66, 67, 68, 69, 73, 74, 75, 76, 80, 81, 82, 83, 87, 88, 89, 90, 94, 95, 96, 97, 101, 102, 103, 104, 108, 109, 110, 111, 115, 116, 117, 118, 122, 123, 124, 125, 129, 130, 131, 132, 136, 137, 138, 139, 143, 144, 145, 146, 150, 151, 152, 153, 157, 158, 159, 160, 164, 165, 166, 167, 171, 172, 173, 174, 178, 179, 180, 181, 185, 186, 187, 188, 192, 193, 194, 195, 199, 200]
x_51: [4, 5, 6, 7, 11, 12, 13, 14, 18, 19, 20, 21, 25, 26, 27, 28, 32, 33, 34, 35, 39, 40, 41, 42, 46, 47, 48, 49, 53, 54, 55, 56, 60, 61, 62, 63, 67, 68, 69, 70, 74, 75, 76, 77, 81, 82, 83, 84, 88, 89, 90, 91, 95, 96, 97, 98, 102, 103, 104, 105, 109, 110, 111, 112, 116, 117, 118, 119, 123, 124, 125, 126, 130, 131, 132, 133, 137, 138, 139, 140, 144, 145, 146, 147, 151, 152, 153, 154, 158, 159, 160, 161, 165, 166, 167, 168, 172, 173, 174, 175, 179, 180, 181, 182, 186, 187, 188, 189, 193, 194, 195, 196, 200]
x_52: [1, 5, 6, 7, 8, 12, 13, 14, 15, 19, 20, 21, 22, 26, 27, 28, 29, 33, 34, 35, 36, 40, 41, 42, 43, 47, 48, 49, 50, 54, 55, 56, 57, 61, 62, 63, 64, 68, 69, 70, 71, 75, 76, 77, 78, 82, 83, 84, 85, 89, 90, 91, 92, 96, 97, 98, 99, 103, 104, 105, 106, 110, 111, 112, 113, 117, 118, 119, 120, 124, 125, 126, 127, 131, 132, 133, 134, 138, 139, 140, 141, 145, 146, 147, 148, 152, 153, 154, 155, 159, 160, 161, 162, 166, 167, 168, 169, 173, 174, 175, 176, 180, 181, 182, 183, 187, 188, 189, 190, 194, 195, 196, 197]
x_53: [1, 2, 6, 7, 8, 9, 13, 14, 15, 16, 20, 21, 22, 23, 27, 28, 29, 30, 34, 35, 36, 37, 41, 42, 43, 44, 48, 49, 50, 51, 55, 56, 57, 58, 62, 63, 64, 65, 69, 70, 71, 72, 76, 77, 78, 79, 83, 84, 85, 86, 90, 91, 92, 93, 97, 98, 99, 100, 104, 105, 106, 107, 111, 112, 113, 114, 118, 119, 120, 121, 125, 126, 127, 128, 132, 133, 134, 135, 139, 140, 141, 142, 146, 147, 148, 149, 153, 154, 155, 156, 160, 161, 162, 163, 167, 168, 169, 170, 174, 175, 176, 177, 181, 182, 183, 184, 188, 189, 190, 191, 195, 196, 197, 198]
x_54: [1, 2, 3, 7, 8, 9, 10, 14, 15, 16, 17, 21, 22, 23, 24, 28, 29, 30, 31, 35, 36, 37, 38, 42, 43, 44, 45, 49, 50, 51, 52, 56, 57, 58, 59, 63, 64, 65, 66, 70, 71, 72, 73, 77, 78, 79, 80, 84, 85, 86, 87, 91, 92, 93, 94, 98, 99, 100, 101, 105, 106, 107, 108, 112, 113, 114, 115, 119, 120, 121, 122, 126, 127, 128, 129, 133, 134, 135, 136, 140, 141, 142, 143, 147, 148, 149, 150, 154, 155, 156, 157, 161, 162, 163, 164, 168, 169, 170, 171, 175, 176, 177, 178, 182, 183, 184, 185, 189, 190, 191, 192, 196, 197, 198, 199]
x_55: [1, 2, 3, 4, 8, 9, 10, 11, 15, 16, 17, 18, 22, 23, 24, 25, 29, 30, 31, 32, 36, 37, 38, 39, 43, 44, 45, 46, 50, 51, 52, 53, 57, 58, 59, 60, 64, 65, 66, 67, 71, 72, 73, 74, 78, 79, 80, 81, 85, 86, 87, 88, 92, 93, 94, 95, 99, 100, 101, 102, 106, 107, 108, 109, 113, 114, 115, 116, 120, 121, 122, 123, 127, 128, 129, 130, 134, 135, 136, 137, 141, 142, 143, 144, 148, 149, 150, 151, 155, 156, 157, 158, 162, 163, 164, 165, 169, 170, 171, 172, 176, 177, 178, 179, 183, 184, 185, 186, 190, 191, 192, 193, 197, 198, 199, 200]
x_56: [2, 3, 4, 5, 9, 10, 11, 12, 16, 17, 18, 19, 23, 24, 25, 26, 30, 31, 32, 33, 37, 38, 39, 40, 44, 45, 46, 47, 51, 52, 53, 54, 58, 59, 60, 61, 65, 66, 67, 68, 72, 73, 74, 75, 79, 80, 81, 82, 86, 87, 88, 89, 93, 94, 95, 96, 100, 101, 102, 103, 107, 108, 109, 110, 114, 115, 116, 117, 121, 122, 123, 124, 128, 129, 130, 131, 135, 136, 137, 138, 142, 143, 144, 145, 149, 150, 151, 152, 156, 157, 158, 159, 163, 164, 165, 166, 170, 171, 172, 173, 177, 178, 179, 180, 184, 185, 186, 187, 191, 192, 193, 194, 198, 199, 200]
x_57: [3, 4, 5, 6, 10, 11, 12, 13, 17, 18, 19, 20, 24, 25, 26, 27, 31, 32, 33, 34, 38, 39, 40, 41, 45, 46, 47, 48, 52, 53, 54, 55, 59, 60, 61, 62, 66, 67, 68, 69, 73, 74, 75, 76, 80, 81, 82, 83, 87, 88, 89, 90, 94, 95, 96, 97, 101, 102, 103, 104, 108, 109, 110, 111, 115, 116, 117, 118, 122, 123, 124, 125, 129, 130, 131, 132, 136, 137, 138, 139, 143, 144, 145, 146, 150, 151, 152, 153, 157, 158, 159, 160, 164, 165, 166, 167, 171, 172, 173, 174, 178, 179, 180, 181, 185, 186, 187, 188, 192, 193, 194, 195, 199, 200]
x_58: [4, 5, 6, 7, 11, 12, 13, 14, 18, 19, 20, 21, 25, 26, 27, 28, 32, 33, 34, 35, 39, 40, 41, 42, 46, 47, 48, 49, 53, 54, 55, 56, 60, 61, 62, 63, 67, 68, 69, 70, 74, 75, 76, 77, 81, 82, 83, 84, 88, 89, 90, 91, 95, 96, 97, 98, 102, 103, 104, 105, 109, 110, 111, 112, 116, 117, 118, 119, 123, 124, 125, 126, 130, 131, 132, 133, 137, 138, 139, 140, 144, 145, 146, 147, 151, 152, 153, 154, 158, 159, 160, 161, 165, 166, 167, 168, 172, 173, 174, 175, 179, 180, 181, 182, 186, 187, 188, 189, 193, 194, 195, 196, 200]
x_59: [1, 5, 6, 7, 8, 12, 13, 14, 15, 19, 20, 21, 22, 26, 27, 28, 29, 33, 34, 35, 36, 40, 41, 42, 43, 47, 48, 49, 50, 54, 55, 56, 57, 61, 62, 63, 64, 68, 69, 70, 71, 75, 76, 77, 78, 82, 83, 84, 85, 89, 90, 91, 92, 96, 97, 98, 99, 103, 104, 105, 106, 110, 111, 112, 113, 117, 118, 119, 120, 124, 125, 126, 127, 131, 132, 133, 134, 138, 139, 140, 141, 145, 146, 147, 148, 152, 153, 154, 155, 159, 160, 161, 162, 166, 167, 168, 169, 173, 174, 175, 176, 180, 181, 182, 183, 187, 188, 189, 190, 194, 195, 196, 197]
x_60: [1, 2, 6, 7, 8, 9, 13, 14, 15, 16, 20, 21, 22, 23, 27, 28, 29, 30, 34, 35, 36, 37, 41, 42, 43, 44, 48, 49, 50, 51, 55, 56, 57, 58, 62, 63, 64, 65, 69, 70, 71, 72, 76, 77, 78, 79, 83, 84, 85, 86, 90, 91, 92, 93, 97, 98, 99, 100, 104, 105, 106, 107, 111, 112, 113, 114, 118, 119, 120, 121, 125, 126, 127, 128, 132, 133, 134, 135, 139, 140, 141, 142, 146, 147, 148, 149, 153, 154, 155, 156, 160, 161, 162, 163, 167, 168, 169, 170, 174, 175, 176, 177, 181, 182, 183, 184, 188, 189, 190, 191, 195, 196, 197, 198]
x_61: [1, 2, 3, 7, 8, 9, 10, 14, 15, 16, 17, 21, 22, 23, 24, 28, 29, 30, 31, 35, 36, 37, 38, 42, 43, 44, 45, 49, 50, 51, 52, 56, 57, 58, 59, 63, 64, 65, 66, 70, 71, 72, 73, 77, 78, 79, 80, 84, 85, 86, 87, 91, 92, 93, 94, 98, 99, 100, 101, 105, 106, 107, 108, 112, 113, 114, 115, 119, 120, 121, 122, 126, 127, 128, 129, 133, 134, 135, 136, 140, 141, 142, 143, 147, 148, 149, 150, 154, 155, 156, 157, 161, 162, 163, 164, 168, 169, 170, 171, 175, 176, 177, 178, 182, 183, 184, 185, 189, 190, 191, 192, 196, 197, 198, 199]
x_62: [1, 2, 3, 4, 8, 9, 10, 11, 15, 16, 17, 18, 22, 23, 24, 25, 29, 30, 31, 32, 36, 37, 38, 39, 43, 44, 45, 46, 50, 51, 52, 53, 57, 58, 59, 60, 64, 65, 66, 67, 71, 72, 73, 74, 78, 79, 80, 81, 85, 86, 87, 88, 92, 93, 94, 95, 99, 100, 101, 102, 106, 107, 108, 109, 113, 114, 115, 116, 120, 121, 122, 123, 127, 128, 129, 130, 134, 135, 136, 137, 141, 142, 143, 144, 148, 149, 150, 151, 155, 156, 157, 158, 162, 163, 164, 165, 169, 170, 171, 172, 176, 177, 178, 179, 183, 184, 185, 186, 190, 191, 192, 193, 197, 198, 199, 200]
x_63: [2, 3, 4, 5, 9, 10, 11, 12, 16, 17, 18, 19, 23, 24, 25, 26, 30, 31, 32, 33, 37, 38, 39, 40, 44, 45, 46, 47, 51, 52, 53, 54, 58, 59, 60, 61, 65, 66, 67, 68, 72, 73, 74, 75, 79, 80, 81, 82, 86, 87, 88, 89, 93, 94, 95, 96, 100, 101, 102, 103, 107, 108, 109, 110, 114, 115, 116, 117, 121, 122, 123, 124, 128, 129, 130, 131, 135, 136, 137, 138, 142, 143, 144, 145, 149, 150, 151, 152, 156, 157, 158, 159, 163, 164, 165, 166, 170, 171, 172, 173, 177, 178, 179, 180, 184, 185, 186, 187, 191, 192, 193, 194, 198, 199, 200]
x_64: [3, 4, 5, 6, 10, 11, 12, 13, 17, 18, 19, 20, 24, 25, 26, 27, 31, 32, 33, 34, 38, 39, 40, 41, 45, 46, 47, 48, 52, 53, 54, 55, 59, 60, 61, 62, 66, 67, 68, 69, 73, 74, 75, 76, 80, 81, 82, 83, 87, 88, 89, 90, 94, 95, 96, 97, 101, 102, 103, 104, 108, 109, 110, 111, 115, 116, 117, 118, 122, 123, 124, 125, 129, 130, 131, 132, 136, 137, 138, 139, 143, 144, 145, 146, 150, 151, 152, 153, 157, 158, 159, 160, 164, 165, 166, 167, 171, 172, 173, 174, 178, 179, 180, 181, 185, 186, 187, 188, 192, 193, 194, 195, 199, 200]
x_65: [4, 5, 6, 7, 11, 12, 13, 14, 18, 19, 20, 21, 25, 26, 27, 28, 32, 33, 34, 35, 39, 40, 41, 42, 46, 47, 48, 49, 53, 54, 55, 56, 60, 61, 62, 63, 67, 68, 69, 70, 74, 75, 76, 77, 81, 82, 83, 84, 88, 89, 90, 91, 95, 96, 97, 98, 102, 103, 104, 105, 109, 110, 111, 112, 116, 117, 118, 119, 123, 124, 125, 126, 130, 131, 132, 133, 137, 138, 139, 140, 144, 145, 146, 147, 151, 152, 153, 154, 158, 159, 160, 161, 165, 166, 167, 168, 172, 173, 174, 175, 179, 180, 181, 182, 186, 187, 188, 189, 193, 194, 195, 196, 200]
x_66: [1, 5, 6, 7, 8, 12, 13, 14, 15, 19, 20, 21, 22, 26, 27, 28, 29, 33, 34, 35, 36, 40, 41, 42, 43, 47, 48, 49, 50, 54, 55, 56, 57, 61, 62, 63, 64, 68, 69, 70, 71, 75, 76, 77, 78, 82, 83, 84, 85, 89, 90, 91, 92, 96, 97, 98, 99, 103, 104, 105, 106, 110, 111, 112, 113, 117, 118, 119, 120, 124, 125, 126, 127, 131, 132, 133, 134, 138, 139, 140, 141, 145, 146, 147, 148, 152, 153, 154, 155, 159, 160, 161, 162, 166, 167, 168, 169, 173, 174, 175, 176, 180, 181, 182, 183, 187, 188, 189, 190, 194, 195, 196, 197]
x_67: [1, 2, 6, 7, 8, 9, 13, 14, 15, 16, 20, 21, 22, 23, 27, 28, 29, 30, 34, 35, 36, 37, 41, 42, 43, 44, 48, 49, 50, 51, 55, 56, 57, 58, 62, 63, 64, 65, 69, 70, 71, 72, 76, 77, 78, 79, 83, 84, 85, 86, 90, 91, 92, 93, 97, 98, 99, 100, 104, 105, 106, 107, 111, 112, 113, 114, 118, 119, 120, 121, 125, 126, 127, 128, 132, 133, 134, 135, 139, 140, 141, 142, 146, 147, 148, 149, 153, 154, 155, 156, 160, 161, 162, 163, 167, 168, 169, 170, 174, 175, 176, 177, 181, 182, 183, 184, 188, 189, 190, 191, 195, 196, 197, 198]
x_68: [1, 2, 3, 7, 8, 9, 10, 14, 15, 16, 17, 21, 22, 23, 24, 28, 29, 30, 31, 35, 36, 37, 38, 42, 43, 44, 45, 49, 50, 51, 52, 56, 57, 58, 59, 63, 64, 65, 66, 70, 71, 72, 73, 77, 78, 79, 80, 84, 85, 86, 87, 91, 92, 93, 94, 98, 99, 100, 101, 105, 106, 107, 108, 112, 113, 114, 115, 119, 120, 121, 122, 126, 127, 128, 129, 133, 134, 135, 136, 140, 141, 142, 143, 147, 148, 149, 150, 154, 155, 156, 157, 161, 162, 163, 164, 168, 169, 170, 171, 175, 176, 177, 178, 182, 183, 184, 185, 189, 190, 191, 192, 196, 197, 198, 199]
x_69: [1, 2, 3, 4, 8, 9, 10, 11, 15, 16, 17, 18, 22, 23, 24, 25, 29, 30, 31, 32, 36, 37, 38, 39, 43, 44, 45, 46, 50, 51, 52, 53, 57, 58, 59, 60, 64, 65, 66, 67, 71, 72, 73, 74, 78, 79, 80, 81, 85, 86, 87, 88, 92, 93, 94, 95, 99, 100, 101, 102, 106, 107, 108, 109, 113, 114, 115, 116, 120, 121, 122, 123, 127, 128, 129, 130, 134, 135, 136, 137, 141, 142, 143, 144, 148, 149, 150, 151, 155, 156, 157, 158, 162, 163, 164, 165, 169, 170, 171, 172, 176, 177, 178, 179, 183, 184, 185, 186, 190, 191, 192, 193, 197, 198, 199, 200]
x_70: [2, 3, 4, 5, 9, 10, 11, 12, 16, 17, 18, 19, 23, 24, 25, 26, 30, 31, 32, 33, 37, 38, 39, 40, 44, 45, 46, 47, 51, 52, 53, 54, 58, 59, 60, 61, 65, 66, 67, 68, 72, 73, 74, 75, 79, 80, 81, 82, 86, 87, 88, 89, 93, 94, 95, 96, 100, 101, 102, 103, 107, 108, 109, 110, 114, 115, 116, 117, 121, 122, 123, 124, 128, 129, 130, 131, 135, 136, 137, 138, 142, 143, 144, 145, 149, 150, 151, 152, 156, 157, 158, 159, 163, 164, 165, 166, 170, 171, 172, 173, 177, 178, 179, 180, 184, 185, 186, 187, 191, 192, 193, 194, 198, 199, 200]
x_71: [3, 4, 5, 6, 10, 11, 12, 13, 17, 18, 19, 20, 24, 25, 26, 27, 31, 32, 33, 34, 38, 39, 40, 41, 45, 46, 47, 48, 52, 53, 54, 55, 59, 60, 61, 62, 66, 67, 68, 69, 73, 74, 75, 76, 80, 81, 82, 83, 87, 88, 89, 90, 94, 95, 96, 97, 101, 102, 103, 104, 108, 109, 110, 111, 115, 116, 117, 118, 122, 123, 124, 125, 129, 130, 131, 132, 136, 137, 138, 139, 143, 144, 145, 146, 150, 151, 152, 153, 157, 158, 159, 160, 164, 165, 166, 167, 171, 172, 173, 174, 178, 179, 180, 181, 185, 186, 187, 188, 192, 193, 194, 195, 199, 200]
x_72: [4, 5, 6, 7, 11, 12, 13, 14, 18, 19, 20, 21, 25, 26, 27, 28, 32, 33, 34, 35, 39, 40, 41, 42, 46, 47, 48, 49, 53, 54, 55, 56, 60, 61, 62, 63, 67, 68, 69, 70, 74, 75, 76, 77, 81, 82, 83, 84, 88, 89, 90, 91, 95, 96, 97, 98, 102, 103, 104, 105, 109, 110, 111, 112, 116, 117, 118, 119, 123, 124, 125, 126, 130, 131, 132, 133, 137, 138, 139, 140, 144, 145, 146, 147, 151, 152, 153, 154, 158, 159, 160, 161, 165, 166, 167, 168, 172, 173, 174, 175, 179, 180, 181, 182, 186, 187, 188, 189, 193, 194, 195, 196, 200]
x_73: [1, 5, 6, 7, 8, 12, 13, 14, 15, 19, 20, 21, 22, 26, 27, 28, 29, 33, 34, 35, 36, 40, 41, 42, 43, 47, 48, 49, 50, 54, 55, 56, 57, 61, 62, 63, 64, 68, 69, 70, 71, 75, 76, 77, 78, 82, 83, 84, 85, 89, 90, 91, 92, 96, 97, 98, 99, 103, 104, 105, 106, 110, 111, 112, 113, 117, 118, 119, 120, 124, 125, 126, 127, 131, 132, 133, 134, 138, 139, 140, 141, 145, 146, 147, 148, 152, 153, 154, 155, 159, 160, 161, 162, 166, 167, 168, 169, 173, 174, 175, 176, 180, 181, 182, 183, 187, 188, 189, 190, 194, 195, 196, 197]
x_74: [1, 2, 6, 7, 8, 9, 13, 14, 15, 16, 20, 21, 22, 23, 27, 28, 29, 30, 34, 35, 36, 37, 41, 42, 43, 44, 48, 49, 50, 51, 55, 56, 57, 58, 62, 63, 64, 65, 69, 70, 71, 72, 76, 77, 78, 79, 83, 84, 85, 86, 90, 91, 92, 93, 97, 98, 99, 100, 104, 105, 106, 107, 111, 112, 113, 114, 118, 119, 120, 121, 125, 126, 127, 128, 132, 133, 134, 135, 139, 140, 141, 142, 146, 147, 148, 149, 153, 154, 155, 156, 160, 161, 162, 163, 167, 168, 169, 170, 174, 175, 176, 177, 181, 182, 183, 184, 188, 189, 190, 191, 195, 196, 197, 198]
x_75: [1, 2, 3, 7, 8, 9, 10, 14, 15, 16, 17, 21, 22, 23, 24, 28, 29, 30, 31, 35, 36, 37, 38, 42, 43, 44, 45, 49, 50, 51, 52, 56, 57, 58, 59, 63, 64, 65, 66, 70, 71, 72, 73, 77, 78, 79, 80, 84, 85, 86, 87, 91, 92, 93, 94, 98, 99, 100, 101, 105, 106, 107, 108, 112, 113, 114, 115, 119, 120, 121, 122, 126, 127, 128, 129, 133, 134, 135, 136, 140, 141, 142, 143, 147, 148, 149, 150, 154, 155, 156, 157, 161, 162, 163, 164, 168, 169, 170, 171, 175, 176, 177, 178, 182, 183, 184, 185, 189, 190, 191, 192, 196, 197, 198, 199]
x_76: [1, 2, 3, 4, 8, 9, 10, 11, 15, 16, 17, 18, 22, 23, 24, 25, 29, 30, 31, 32, 36, 37, 38, 39, 43, 44, 45, 46, 50, 51, 52, 53, 57, 58, 59, 60, 64, 65, 66, 67, 71, 72, 73, 74, 78, 79, 80, 81, 85, 86, 87, 88, 92, 93, 94, 95, 99, 100, 101, 102, 106, 107, 108, 109, 113, 114, 115, 116, 120, 121, 122, 123, 127, 128, 129, 130, 134, 135, 136, 137, 141, 142, 143, 144, 148, 149, 150, 151, 155, 156, 157, 158, 162, 163, 164, 165, 169, 170, 171, 172, 176, 177, 178, 179, 183, 184, 185, 186, 190, 191, 192, 193, 197, 198, 199, 200]
x_77: [2, 3, 4, 5, 9, 10, 11, 12, 16, 17, 18, 19, 23, 24, 25, 26, 30, 31, 32, 33, 37, 38, 39, 40, 44, 45, 46, 47, 51, 52, 53, 54, 58, 59, 60, 61, 65, 66, 67, 68, 72, 73, 74, 75, 79, 80, 81, 82, 86, 87, 88, 89, 93, 94, 95, 96, 100, 101, 102, 103, 107, 108, 109, 110, 114, 115, 116, 117, 121, 122, 123, 124, 128, 129, 130, 131, 135, 136, 137, 138, 142, 143, 144, 145, 149, 150, 151, 152, 156, 157, 158, 159, 163, 164, 165, 166, 170, 171, 172, 173, 177, 178, 179, 180, 184, 185, 186, 187, 191, 192, 193, 194, 198, 199, 200]
x_78: [3, 4, 5, 6, 10, 11, 12, 13, 17, 18, 19, 20, 24, 25, 26, 27, 31, 32, 33, 34, 38, 39, 40, 41, 45, 46, 47, 48, 52, 53, 54, 55, 59, 60, 61, 62, 66, 67, 68, 69, 73, 74, 75, 76, 80, 81, 82, 83, 87, 88, 89, 90, 94, 95, 96, 97, 101, 102, 103, 104, 108, 109, 110, 111, 115, 116, 117, 118, 122, 123, 124, 125, 129, 130, 131, 132, 136, 137, 138, 139, 143, 144, 145, 146, 150, 151, 152, 153, 157, 158, 159, 160, 164, 165, 166, 167, 171, 172, 173, 174, 178, 179, 180, 181, 185, 186, 187, 188, 192, 193, 194, 195, 199, 200]
x_79: [4, 5, 6, 7, 11, 12, 13, 14, 18, 19, 20, 21, 25, 26, 27, 28, 32, 33, 34, 35, 39, 40, 41, 42, 46, 47, 48, 49, 53, 54, 55, 56, 60, 61, 62, 63, 67, 68, 69, 70, 74, 75, 76, 77, 81, 82, 83, 84, 88, 89, 90, 91, 95, 96, 97, 98, 102, 103, 104, 105, 109, 110, 111, 112, 116, 117, 118, 119, 123, 124, 125, 126, 130, 131, 132, 133, 137, 138, 139, 140, 144, 145, 146, 147, 151, 152, 153, 154, 158, 159, 160, 161, 165, 166, 167, 168, 172, 173, 174, 175, 179, 180, 181, 182, 186, 187, 188, 189, 193, 194, 195, 196, 200]
x_80: [1, 5, 6, 7, 8, 12, 13, 14, 15, 19, 20, 21, 22, 26, 27, 28, 29, 33, 34, 35, 36, 40, 41, 42, 43, 47, 48, 49, 50, 54, 55, 56, 57, 61, 62, 63, 64, 68, 69, 70, 71, 75, 76, 77, 78, 82, 83, 84, 85, 89, 90, 91, 92, 96, 97, 98, 99, 103, 104, 105, 106, 110, 111, 112, 113, 117, 118, 119, 120, 124, 125, 126, 127, 131, 132, 133, 134, 138, 139, 140, 141, 145, 146, 147, 148, 152, 153, 154, 155, 159, 160, 161, 162, 166, 167, 168, 169, 173, 174, 175, 176, 180, 181, 182, 183, 187, 188, 189, 190, 194, 195, 196, 197]
x_81: [1, 2, 6, 7, 8, 9, 13, 14, 15, 16, 20, 21, 22, 23, 27, 28, 29, 30, 34, 35, 36, 37, 41, 42, 43, 44, 48, 49, 50, 51, 55, 56, 57, 58, 62, 63, 64, 65, 69, 70, 71, 72, 76, 77, 78, 79, 83, 84, 85, 86, 90, 91, 92, 93, 97, 98, 99, 100, 104, 105, 106, 107, 111, 112, 113, 114, 118, 119, 120, 121, 125, 126, 127, 128, 132, 133, 134, 135, 139, 140, 141, 142, 146, 147, 148, 149, 153, 154, 155, 156, 160, 161, 162, 163, 167, 168, 169, 170, 174, 175, 176, 177, 181, 182, 183, 184, 188, 189, 190, 191, 195, 196, 197, 198]
x_82: [1, 2, 3, 7, 8, 9, 10, 14, 15, 16, 17, 21, 22, 23, 24, 28, 29, 30, 31, 35, 36, 37, 38, 42, 43, 44, 45, 49, 50, 51, 52, 56, 57, 58, 59, 63, 64, 65, 66, 70, 71, 72, 73, 77, 78, 79, 80, 84, 85, 86, 87, 91, 92, 93, 94, 98, 99, 100, 101, 105, 106, 107, 108, 112, 113, 114, 115, 119, 120, 121, 122, 126, 127, 128, 129, 133, 134, 135, 136, 140, 141, 142, 143, 147, 148, 149, 150, 154, 155, 156, 157, 161, 162, 163, 164, 168, 169, 170, 171, 175, 176, 177, 178, 182, 183, 184, 185, 189, 190, 191, 192, 196, 197, 198, 199]
x_83: [1, 2, 3, 4, 8, 9, 10, 11, 15, 16, 17, 18, 22, 23, 24, 25, 29, 30, 31, 32, 36, 37, 38, 39, 43, 44, 45, 46, 50, 51, 52, 53, 57, 58, 59, 60, 64, 65, 66, 67, 71, 72, 73, 74, 78, 79, 80, 81, 85, 86, 87, 88, 92, 93, 94, 95, 99, 100, 101, 102, 106, 107, 108, 109, 113, 114, 115, 116, 120, 121, 122, 123, 127, 128, 129, 130, 134, 135, 136, 137, 141, 142, 143, 144, 148, 149, 150, 151, 155, 156, 157, 158, 162, 163, 164, 165, 169, 170, 171, 172, 176, 177, 178, 179, 183, 184, 185, 186, 190, 191, 192, 193, 197, 198, 199, 200]
x_84: [2, 3, 4, 5, 9, 10, 11, 12, 16, 17, 18, 19, 23, 24, 25, 26, 30, 31, 32, 33, 37, 38, 39, 40, 44, 45, 46, 47, 51, 52, 53, 54, 58, 59, 60, 61, 65, 66, 67, 68, 72, 73, 74, 75, 79, 80, 81, 82, 86, 87, 88, 89, 93, 94, 95, 96, 100, 101, 102, 103, 107, 108, 109, 110, 114, 115, 116, 117, 121, 122, 123, 124, 128, 129, 130, 131, 135, 136, 137, 138, 142, 143, 144, 145, 149, 150, 151, 152, 156, 157, 158, 159, 163, 164, 165, 166, 170, 171, 172, 173, 177, 178, 179, 180, 184, 185, 186, 187, 191, 192, 193, 194, 198, 199, 200]
x_85: [3, 4, 5, 6, 10, 11, 12, 13, 17, 18, 19, 20, 24, 25, 26, 27, 31, 32, 33, 34, 38, 39, 40, 41, 45, 46, 47, 48, 52, 53, 54, 55, 59, 60, 61, 62, 66, 67, 68, 69, 73, 74, 75, 76, 80, 81, 82, 83, 87, 88, 89, 90, 94, 95, 96, 97, 101, 102, 103, 104, 108, 109, 110, 111, 115, 116, 117, 118, 122, 123, 124, 125, 129, 130, 131, 132, 136, 137, 138, 139, 143, 144, 145, 146, 150, 151, 152, 153, 157, 158, 159, 160, 164, 165, 166, 167, 171, 172, 173, 174, 178, 179, 180, 181, 185, 186, 187, 188, 192, 193, 194, 195, 199, 200]
x_86: [4, 5, 6, 7, 11, 12, 13, 14, 18, 19, 20, 21, 25, 26, 27, 28, 32, 33, 34, 35, 39, 40, 41, 42, 46, 47, 48, 49, 53, 54, 55, 56, 60, 61, 62, 63, 67, 68, 69, 70, 74, 75, 76, 77, 81, 82, 83, 84, 88, 89, 90, 91, 95, 96, 97, 98, 102, 103, 104, 105, 109, 110, 111, 112, 116, 117, 118, 119, 123, 124, 125, 126, 130, 131, 132, 133, 137, 138, 139, 140, 144, 145, 146, 147, 151, 152, 153, 154, 158, 159, 160, 161, 165, 166, 167, 168, 172, 173, 174, 175, 179, 180, 181, 182, 186, 187, 188, 189, 193, 194, 195, 196, 200]
x_87: [1, 5, 6, 7, 8, 12, 13, 14, 15, 19, 20, 21, 22, 26, 27, 28, 29, 33, 34, 35, 36, 40, 41, 42, 43, 47, 48, 49, 50, 54, 55, 56, 57, 61, 62, 63, 64, 68, 69, 70, 71, 75, 76, 77, 78, 82, 83, 84, 85, 89, 90, 91, 92, 96, 97, 98, 99, 103, 104, 105, 106, 110, 111, 112, 113, 117, 118, 119, 120, 124, 125, 126, 127, 131, 132, 133, 134, 138, 139, 140, 141, 145, 146, 147, 148, 152, 153, 154, 155, 159, 160, 161, 162, 166, 167, 168, 169, 173, 174, 175, 176, 180, 181, 182, 183, 187, 188, 189, 190, 194, 195, 196, 197]
x_88: [1, 2, 6, 7, 8, 9, 13, 14, 15, 16, 20, 21, 22, 23, 27, 28, 29, 30, 34, 35, 36, 37, 41, 42, 43, 44, 48, 49, 50, 51, 55, 56, 57, 58, 62, 63, 64, 65, 69, 70, 71, 72, 76, 77, 78, 79, 83, 84, 85, 86, 90, 91, 92, 93, 97, 98, 99, 100, 104, 105, 106, 107, 111, 112, 113, 114, 118, 119, 120, 121, 125, 126, 127, 128, 132, 133, 134, 135, 139, 140, 141, 142, 146, 147, 148, 149, 153, 154, 155, 156, 160, 161, 162, 163, 167, 168, 169, 170, 174, 175, 176, 177, 181, 182, 183, 184, 188, 189, 190, 191, 195, 196, 197, 198]
x_89: [1, 2, 3, 7, 8, 9, 10, 14, 15, 16, 17, 21, 22, 23, 24, 28, 29, 30, 31, 35, 36, 37, 38, 42, 43, 44, 45, 49, 50, 51, 52, 56, 57, 58, 59, 63, 64, 65, 66, 70, 71, 72, 73, 77, 78, 79, 80, 84, 85, 86, 87, 91, 92, 93, 94, 98, 99, 100, 101, 105, 106, 107, 108, 112, 113, 114, 115, 119, 120, 121, 122, 126, 127, 128, 129, 133, 134, 135, 136, 140, 141, 142, 143, 147, 148, 149, 150, 154, 155, 156, 157, 161, 162, 163, 164, 168, 169, 170, 171, 175, 176, 177, 178, 182, 183, 184, 185, 189, 190, 191, 192, 196, 197, 198, 199]
x_90: [1, 2, 3, 4, 8, 9, 10, 11, 15, 16, 17, 18, 22, 23, 24, 25, 29, 30, 31, 32, 36, 37, 38, 39, 43, 44, 45, 46, 50, 51, 52, 53, 57, 58, 59, 60, 64, 65, 66, 67, 71, 72, 73, 74, 78, 79, 80, 81, 85, 86, 87, 88, 92, 93, 94, 95, 99, 100, 101, 102, 106, 107, 108, 109, 113, 114, 115, 116, 120, 121, 122, 123, 127, 128, 129, 130, 134, 135, 136, 137, 141, 142, 143, 144, 148, 149, 150, 151, 155, 156, 157, 158, 162, 163, 164, 165, 169, 170, 171, 172, 176, 177, 178, 179, 183, 184, 185, 186, 190, 191, 192, 193, 197, 198, 199, 200]
x_91: [2, 3, 4, 5, 9, 10, 11, 12, 16, 17, 18, 19, 23, 24, 25, 26, 30, 31, 32, 33, 37, 38, 39, 40, 44, 45, 46, 47, 51, 52, 53, 54, 58, 59, 60, 61, 65, 66, 67, 68, 72, 73, 74, 75, 79, 80, 81, 82, 86, 87, 88, 89, 93, 94, 95, 96, 100, 101, 102, 103, 107, 108, 109, 110, 114, 115, 116, 117, 121, 122, 123, 124, 128, 129, 130, 131, 135, 136, 137, 138, 142, 143, 144, 145, 149, 150, 151, 152, 156, 157, 158, 159, 163, 164, 165, 166, 170, 171, 172, 173, 177, 178, 179, 180, 184, 185, 186, 187, 191, 192, 193, 194, 198, 199, 200]
x_92: [3, 4, 5, 6, 10, 11, 12, 13, 17, 18, 19, 20, 24, 25, 26, 27, 31, 32, 33, 34, 38, 39, 40, 41, 45, 46, 47, 48, 52, 53, 54, 55, 59, 60, 61, 62, 66, 67, 68, 69, 73, 74, 75, 76, 80, 81, 82, 83, 87, 88, 89, 90, 94, 95, 96, 97, 101, 102, 103, 104, 108, 109, 110, 111, 115, 116, 117, 118, 122, 123, 124, 125, 129, 130, 131, 132, 136, 137, 138, 139, 143, 144, 145, 146, 150, 151, 152, 153, 157, 158, 159, 160, 164, 165, 166, 167, 171, 172, 173, 174, 178, 179, 180, 181, 185, 186, 187, 188, 192, 193, 194, 195, 199, 200]
x_93: [4, 5, 6, 7, 11, 12, 13, 14, 18, 19, 20, 21, 25, 26, 27, 28, 32, 33, 34, 35, 39, 40, 41, 42, 46, 47, 48, 49, 53, 54, 55, 56, 60, 61, 62, 63, 67, 68, 69, 70, 74, 75, 76, 77, 81, 82, 83, 84, 88, 89, 90, 91, 95, 96, 97, 98, 102, 103, 104, 105, 109, 110, 111, 112, 116, 117, 118, 119, 123, 124, 125, 126, 130, 131, 132, 133, 137, 138, 139, 140, 144, 145, 146, 147, 151, 152, 153, 154, 158, 159, 160, 161, 165, 166, 167, 168, 172, 173, 174, 175, 179, 180, 181, 182, 186, 187, 188, 189, 193, 194, 195, 196, 200]
x_94: [1, 5, 6, 7, 8, 12, 13, 14, 15, 19, 20, 21, 22, 26, 27, 28, 29, 33, 34, 35, 36, 40, 41, 42, 43, 47, 48, 49, 50, 54, 55, 56, 57, 61, 62, 63, 64, 68, 69, 70, 71, 75, 76, 77, 78, 82, 83, 84, 85, 89, 90, 91, 92, 96, 97, 98, 99, 103, 104, 105, 106, 110, 111, 112, 113, 117, 118, 119, 120, 124, 125, 126, 127, 131, 132, 133, 134, 138, 139, 140, 141, 145, 146, 147, 148, 152, 153, 154, 155, 159, 160, 161, 162, 166, 167, 168, 169, 173, 174, 175, 176, 180, 181, 182, 183, 187, 188, 189, 190, 194, 195, 196, 197]
x_95: [1, 2, 6, 7, 8, 9, 13, 14, 15, 16, 20, 21, 22, 23, 27, 28, 29, 30, 34, 35, 36, 37, 41, 42, 43, 44, 48, 49, 50, 51, 55, 56, 57, 58, 62, 63, 64, 65, 69, 70, 71, 72, 76, 77, 78, 79, 83, 84, 85, 86, 90, 91, 92, 93, 97, 98, 99, 100, 104, 105, 106, 107, 111, 112, 113, 114, 118, 119, 120, 121, 125, 126, 127, 128, 132, 133, 134, 135, 139, 140, 141, 142, 146, 147, 148, 149, 153, 154, 155, 156, 160, 161, 162, 163, 167, 168, 169, 170, 174, 175, 176, 177, 181, 182, 183, 184, 188, 189, 190, 191, 195, 196, 197, 198]
x_96: [1, 2, 3, 7, 8, 9, 10, 14, 15, 16, 17, 21, 22, 23, 24, 28, 29, 30, 31, 35, 36, 37, 38, 42, 43, 44, 45, 49, 50, 51, 52, 56, 57, 58, 59, 63, 64, 65, 66, 70, 71, 72, 73, 77, 78, 79, 80, 84, 85, 86, 87, 91, 92, 93, 94, 98, 99, 100, 101, 105, 106, 107, 108, 112, 113, 114, 115, 119, 120, 121, 122, 126, 127, 128, 129, 133, 134, 135, 136, 140, 141, 142, 143, 147, 148, 149, 150, 154, 155, 156, 157, 161, 162, 163, 164, 168, 169, 170, 171, 175, 176, 177, 178, 182, 183, 184, 185, 189, 190, 191, 192, 196, 197, 198, 199]
x_97: [1, 2, 3, 4, 8, 9, 10, 11, 15, 16, 17, 18, 22, 23, 24, 25, 29, 30, 31, 32, 36, 37, 38, 39, 43, 44, 45, 46, 50, 51, 52, 53, 57, 58, 59, 60, 64, 65, 66, 67, 71, 72, 73, 74, 78, 79, 80, 81, 85, 86, 87, 88, 92, 93, 94, 95, 99, 100, 101, 102, 106, 107, 108, 109, 113, 114, 115, 116, 120, 121, 122, 123, 127, 128, 129, 130, 134, 135, 136, 137, 141, 142, 143, 144, 148, 149, 150, 151, 155, 156, 157, 158, 162, 163, 164, 165, 169, 170, 171, 172, 176, 177, 178, 179, 183, 184, 185, 186, 190, 191, 192, 193, 197, 198, 199, 200]
x_98: [2, 3, 4, 5, 9, 10, 11, 12, 16, 17, 18, 19, 23, 24, 25, 26, 30, 31, 32, 33, 37, 38, 39, 40, 44, 45, 46, 47, 51, 52, 53, 54, 58, 59, 60, 61, 65, 66, 67, 68, 72, 73, 74, 75, 79, 80, 81, 82, 86, 87, 88, 89, 93, 94, 95, 96, 100, 101, 102, 103, 107, 108, 109, 110, 114, 115, 116, 117, 121, 122, 123, 124, 128, 129, 130, 131, 135, 136, 137, 138, 142, 143, 144, 145, 149, 150, 151, 152, 156, 157, 158, 159, 163, 164, 165, 166, 170, 171, 172, 173, 177, 178, 179, 180, 184, 185, 186, 187, 191, 192, 193, 194, 198, 199, 200]
x_99: [3, 4, 5, 6, 10, 11, 12, 13, 17, 18, 19, 20, 24, 25, 26, 27, 31, 32, 33, 34, 38, 39, 40, 41, 45, 46, 47, 48, 52, 53, 54, 55, 59, 60, 61, 62, 66, 67, 68, 69, 73, 74, 75, 76, 80, 81, 82, 83, 87, 88, 89, 90, 94, 95, 96, 97, 101, 102, 103, 104, 108, 109, 110, 111, 115, 116, 117, 118, 122, 123, 124, 125, 129, 130, 131, 132, 136, 137, 138, 139, 143, 144, 145, 146, 150, 151, 152, 153, 157, 158, 159, 160, 164, 165, 166, 167, 171, 172, 173, 174, 178, 179, 180, 181, 185, 186, 187, 188, 192, 193, 194, 195, 199, 200]
x_100: [4, 5, 6, 7, 11, 12, 13, 14, 18, 19, 20, 21, 25, 26, 27, 28, 32, 33, 34, 35, 39, 40, 41, 42, 46, 47, 48, 49, 53, 54, 55, 56, 60, 61, 62, 63, 67, 68, 69, 70, 74, 75, 76, 77, 81, 82, 83, 84, 88, 89, 90, 91, 95, 96, 97, 98, 102, 103, 104, 105, 109, 110, 111, 112, 116, 117, 118, 119, 123, 124, 125, 126, 130, 131, 132, 133, 137, 138, 139, 140, 144, 145, 146, 147, 151, 152, 153, 154, 158, 159, 160, 161, 165, 166, 167, 168, 172, 173, 174, 175, 179, 180, 181, 182, 186, 187, 188, 189, 193, 194, 195, 196, 200]
x_101: [1, 5, 6, 7, 8, 12, 13, 14, 15, 19, 20, 21, 22, 26, 27, 28, 29, 33, 34, 35, 36, 40, 41, 42, 43, 47, 48, 49, 50, 54, 55, 56, 57, 61, 62, 63, 64, 68, 69, 70, 71, 75, 76, 77, 78, 82, 83, 84, 85, 89, 90, 91, 92, 96, 97, 98, 99, 103, 104, 105, 106, 110, 111, 112, 113, 117, 118, 119, 120, 124, 125, 126, 127, 131, 132, 133, 134, 138, 139, 140, 141, 145, 146, 147, 148, 152, 153, 154, 155, 159, 160, 161, 162, 166, 167, 168, 169, 173, 174, 175, 176, 180, 181, 182, 183, 187, 188, 189, 190, 194, 195, 196, 197]
x_102: [1, 2, 6, 7, 8, 9, 13, 14, 15, 16, 20, 21, 22, 23, 27, 28, 29, 30, 34, 35, 36, 37, 41, 42, 43, 44, 48, 49, 50, 51, 55, 56, 57, 58, 62, 63, 64, 65, 69, 70, 71, 72, 76, 77, 78, 79, 83, 84, 85, 86, 90, 91, 92, 93, 97, 98, 99, 100, 104, 105, 106, 107, 111, 112, 113, 114, 118, 119, 120, 121, 125, 126, 127, 128, 132, 133, 134, 135, 139, 140, 141, 142, 146, 147, 148, 149, 153, 154, 155, 156, 160, 161, 162, 163, 167, 168, 169, 170, 174, 175, 176, 177, 181, 182, 183, 184, 188, 189, 190, 191, 195, 196, 197, 198]
x_103: [1, 2, 3, 7, 8, 9, 10, 14, 15, 16, 17, 21, 22, 23, 24, 28, 29, 30, 31, 35, 36, 37, 38, 42, 43, 44, 45, 49, 50, 51, 52, 56, 57, 58, 59, 63, 64, 65, 66, 70, 71, 72, 73, 77, 78, 79, 80, 84, 85, 86, 87, 91, 92, 93, 94, 98, 99, 100, 101, 105, 106, 107, 108, 112, 113, 114, 115, 119, 120, 121, 122, 126, 127, 128, 129, 133, 134, 135, 136, 140, 141, 142, 143, 147, 148, 149, 150, 154, 155, 156, 157, 161, 162, 163, 164, 168, 169, 170, 171, 175, 176, 177, 178, 182, 183, 184, 185, 189, 190, 191, 192, 196, 197, 198, 199]
x_104: [1, 2, 3, 4, 8, 9, 10, 11, 15, 16, 17, 18, 22, 23, 24, 25, 29, 30, 31, 32, 36, 37, 38, 39, 43, 44, 45, 46, 50, 51, 52, 53, 57, 58, 59, 60, 64, 65, 66, 67, 71, 72, 73, 74, 78, 79, 80, 81, 85, 86, 87, 88, 92, 93, 94, 95, 99, 100, 101, 102, 106, 107, 108, 109, 113, 114, 115, 116, 120, 121, 122, 123, 127, 128, 129, 130, 134, 135, 136, 137, 141, 142, 143, 144, 148, 149, 150, 151, 155, 156, 157, 158, 162, 163, 164, 165, 169, 170, 171, 172, 176, 177, 178, 179, 183, 184, 185, 186, 190, 191, 192, 193, 197, 198, 199, 200]
x_105: [2, 3, 4, 5, 9, 10, 11, 12, 16, 17, 18, 19, 23, 24, 25, 26, 30, 31, 32, 33, 37, 38, 39, 40, 44, 45, 46, 47, 51, 52, 53, 54, 58, 59, 60, 61, 65, 66, 67, 68, 72, 73, 74, 75, 79, 80, 81, 82, 86, 87, 88, 89, 93, 94, 95, 96, 100, 101, 102, 103, 107, 108, 109, 110, 114, 115, 116, 117, 121, 122, 123, 124, 128, 129, 130, 131, 135, 136, 137, 138, 142, 143, 144, 145, 149, 150, 151, 152, 156, 157, 158, 159, 163, 164, 165, 166, 170, 171, 172, 173, 177, 178, 179, 180, 184, 185, 186, 187, 191, 192, 193, 194, 198, 199, 200]
x_106: [3, 4, 5, 6, 10, 11, 12, 13, 17, 18, 19, 20, 24, 25, 26, 27, 31, 32, 33, 34, 38, 39, 40, 41, 45, 46, 47, 48, 52, 53, 54, 55, 59, 60, 61, 62, 66, 67, 68, 69, 73, 74, 75, 76, 80, 81, 82, 83, 87, 88, 89, 90, 94, 95, 96, 97, 101, 102, 103, 104, 108, 109, 110, 111, 115, 116, 117, 118, 122, 123, 124, 125, 129, 130, 131, 132, 136, 137, 138, 139, 143, 144, 145, 146, 150, 151, 152, 153, 157, 158, 159, 160, 164, 165, 166, 167, 171, 172, 173, 174, 178, 179, 180, 181, 185, 186, 187, 188, 192, 193, 194, 195, 199, 200]
x_107: [4, 5, 6, 7, 11, 12, 13, 14, 18, 19, 20, 21, 25, 26, 27, 28, 32, 33, 34, 35, 39, 40, 41, 42, 46, 47, 48, 49, 53, 54, 55, 56, 60, 61, 62, 63, 67, 68, 69, 70, 74, 75, 76, 77, 81, 82, 83, 84, 88, 89, 90, 91, 95, 96, 97, 98, 102, 103, 104, 105, 109, 110, 111, 112, 116, 117, 118, 119, 123, 124, 125, 126, 130, 131, 132, 133, 137, 138, 139, 140, 144, 145, 146, 147, 151, 152, 153, 154, 158, 159, 160, 161, 165, 166, 167, 168, 172, 173, 174, 175, 179, 180, 181, 182, 186, 187, 188, 189, 193, 194, 195, 196, 200]
x_108: [1, 5, 6, 7, 8, 12, 13, 14, 15, 19, 20, 21, 22, 26, 27, 28, 29, 33, 34, 35, 36, 40, 41, 42, 43, 47, 48, 49, 50, 54, 55, 56, 57, 61, 62, 63, 64, 68, 69, 70, 71, 75, 76, 77, 78, 82, 83, 84, 85, 89, 90, 91, 92, 96, 97, 98, 99, 103, 104, 105, 106, 110, 111, 112, 113, 117, 118, 119, 120, 124, 125, 126, 127, 131, 132, 133, 134, 138, 139, 140, 141, 145, 146, 147, 148, 152, 153, 154, 155, 159, 160, 161, 162, 166, 167, 168, 169, 173, 174, 175, 176, 180, 181, 182, 183, 187, 188, 189, 190, 194, 195, 196, 197]
x_109: [1, 2, 6, 7, 8, 9, 13, 14, 15, 16, 20, 21, 22, 23, 27, 28, 29, 30, 34, 35, 36, 37, 41, 42, 43, 44, 48, 49, 50, 51, 55, 56, 57, 58, 62, 63, 64, 65, 69, 70, 71, 72, 76, 77, 78, 79, 83, 84, 85, 86, 90, 91, 92, 93, 97, 98, 99, 100, 104, 105, 106, 107, 111, 112, 113, 114, 118, 119, 120, 121, 125, 126, 127, 128, 132, 133, 134, 135, 139, 140, 141, 142, 146, 147, 148, 149, 153, 154, 155, 156, 160, 161, 162, 163, 167, 168, 169, 170, 174, 175, 176, 177, 181, 182, 183, 184, 188, 189, 190, 191, 195, 196, 197, 198]
x_110: [1, 2, 3, 7, 8, 9, 10, 14, 15, 16, 17, 21, 22, 23, 24, 28, 29, 30, 31, 35, 36, 37, 38, 42, 43, 44, 45, 49, 50, 51, 52, 56, 57, 58, 59, 63, 64, 65, 66, 70, 71, 72, 73, 77, 78, 79, 80, 84, 85, 86, 87, 91, 92, 93, 94, 98, 99, 100, 101, 105, 106, 107, 108, 112, 113, 114, 115, 119, 120, 121, 122, 126, 127, 128, 129, 133, 134, 135, 136, 140, 141, 142, 143, 147, 148, 149, 150, 154, 155, 156, 157, 161, 162, 163, 164, 168, 169, 170, 171, 175, 176, 177, 178, 182, 183, 184, 185, 189, 190, 191, 192, 196, 197, 198, 199]
x_111: [1, 2, 3, 4, 8, 9, 10, 11, 15, 16, 17, 18, 22, 23, 24, 25, 29, 30, 31, 32, 36, 37, 38, 39, 43, 44, 45, 46, 50, 51, 52, 53, 57, 58, 59, 60, 64, 65, 66, 67, 71, 72, 73, 74, 78, 79, 80, 81, 85, 86, 87, 88, 92, 93, 94, 95, 99, 100, 101, 102, 106, 107, 108, 109, 113, 114, 115, 116, 120, 121, 122, 123, 127, 128, 129, 130, 134, 135, 136, 137, 141, 142, 143, 144, 148, 149, 150, 151, 155, 156, 157, 158, 162, 163, 164, 165, 169, 170, 171, 172, 176, 177, 178, 179, 183, 184, 185, 186, 190, 191, 192, 193, 197, 198, 199, 200]
x_112: [2, 3, 4, 5, 9, 10, 11, 12, 16, 17, 18, 19, 23, 24, 25, 26, 30, 31, 32, 33, 37, 38, 39, 40, 44, 45, 46, 47, 51, 52, 53, 54, 58, 59, 60, 61, 65, 66, 67, 68, 72, 73, 74, 75, 79, 80, 81, 82, 86, 87, 88, 89, 93, 94, 95, 96, 100, 101, 102, 103, 107, 108, 109, 110, 114, 115, 116, 117, 121, 122, 123, 124, 128, 129, 130, 131, 135, 136, 137, 138, 142, 143, 144, 145, 149, 150, 151, 152, 156, 157, 158, 159, 163, 164, 165, 166, 170, 171, 172, 173, 177, 178, 179, 180, 184, 185, 186, 187, 191, 192, 193, 194, 198, 199, 200]
x_113: [3, 4, 5, 6, 10, 11, 12, 13, 17, 18, 19, 20, 24, 25, 26, 27, 31, 32, 33, 34, 38, 39, 40, 41, 45, 46, 47, 48, 52, 53, 54, 55, 59, 60, 61, 62, 66, 67, 68, 69, 73, 74, 75, 76, 80, 81, 82, 83, 87, 88, 89, 90, 94, 95, 96, 97, 101, 102, 103, 104, 108, 109, 110, 111, 115, 116, 117, 118, 122, 123, 124, 125, 129, 130, 131, 132, 136, 137, 138, 139, 143, 144, 145, 146, 150, 151, 152, 153, 157, 158, 159, 160, 164, 165, 166, 167, 171, 172, 173, 174, 178, 179, 180, 181, 185, 186, 187, 188, 192, 193, 194, 195, 199, 200]
x_114: [4, 5, 6, 7, 11, 12, 13, 14, 18, 19, 20, 21, 25, 26, 27, 28, 32, 33, 34, 35, 39, 40, 41, 42, 46, 47, 48, 49, 53, 54, 55, 56, 60, 61, 62, 63, 67, 68, 69, 70, 74, 75, 76, 77, 81, 82, 83, 84, 88, 89, 90, 91, 95, 96, 97, 98, 102, 103, 104, 105, 109, 110, 111, 112, 116, 117, 118, 119, 123, 124, 125, 126, 130, 131, 132, 133, 137, 138, 139, 140, 144, 145, 146, 147, 151, 152, 153, 154, 158, 159, 160, 161, 165, 166, 167, 168, 172, 173, 174, 175, 179, 180, 181, 182, 186, 187, 188, 189, 193, 194, 195, 196, 200]
x_115: [1, 5, 6, 7, 8, 12, 13, 14, 15, 19, 20, 21, 22, 26, 27, 28, 29, 33, 34, 35, 36, 40, 41, 42, 43, 47, 48, 49, 50, 54, 55, 56, 57, 61, 62, 63, 64, 68, 69, 70, 71, 75, 76, 77, 78, 82, 83, 84, 85, 89, 90, 91, 92, 96, 97, 98, 99, 103, 104, 105, 106, 110, 111, 112, 113, 117, 118, 119, 120, 124, 125, 126, 127, 131, 132, 133, 134, 138, 139, 140, 141, 145, 146, 147, 148, 152, 153, 154, 155, 159, 160, 161, 162, 166, 167, 168, 169, 173, 174, 175, 176, 180, 181, 182, 183, 187, 188, 189, 190, 194, 195, 196, 197]
x_116: [1, 2, 6, 7, 8, 9, 13, 14, 15, 16, 20, 21, 22, 23, 27, 28, 29, 30, 34, 35, 36, 37, 41, 42, 43, 44, 48, 49, 50, 51, 55, 56, 57, 58, 62, 63, 64, 65, 69, 70, 71, 72, 76, 77, 78, 79, 83, 84, 85, 86, 90, 91, 92, 93, 97, 98, 99, 100, 104, 105, 106, 107, 111, 112, 113, 114, 118, 119, 120, 121, 125, 126, 127, 128, 132, 133, 134, 135, 139, 140, 141, 142, 146, 147, 148, 149, 153, 154, 155, 156, 160, 161, 162, 163, 167, 168, 169, 170, 174, 175, 176, 177, 181, 182, 183, 184, 188, 189, 190, 191, 195, 196, 197, 198]
x_117: [1, 2, 3, 7, 8, 9, 10, 14, 15, 16, 17, 21, 22, 23, 24, 28, 29, 30, 31, 35, 36, 37, 38, 42, 43, 44, 45, 49, 50, 51, 52, 56, 57, 58, 59, 63, 64, 65, 66, 70, 71, 72, 73, 77, 78, 79, 80, 84, 85, 86, 87, 91, 92, 93, 94, 98, 99, 100, 101, 105, 106, 107, 108, 112, 113, 114, 115, 119, 120, 121, 122, 126, 127, 128, 129, 133, 134, 135, 136, 140, 141, 142, 143, 147, 148, 149, 150, 154, 155, 156, 157, 161, 162, 163, 164, 168, 169, 170, 171, 175, 176, 177, 178, 182, 183, 184, 185, 189, 190, 191, 192, 196, 197, 198, 199]
x_118: [1, 2, 3, 4, 8, 9, 10, 11, 15, 16, 17, 18, 22, 23, 24, 25, 29, 30, 31, 32, 36, 37, 38, 39, 43, 44, 45, 46, 50, 51, 52, 53, 57, 58, 59, 60, 64, 65, 66, 67, 71, 72, 73, 74, 78, 79, 80, 81, 85, 86, 87, 88, 92, 93, 94, 95, 99, 100, 101, 102, 106, 107, 108, 109, 113, 114, 115, 116, 120, 121, 122, 123, 127, 128, 129, 130, 134, 135, 136, 137, 141, 142, 143, 144, 148, 149, 150, 151, 155, 156, 157, 158, 162, 163, 164, 165, 169, 170, 171, 172, 176, 177, 178, 179, 183, 184, 185, 186, 190, 191, 192, 193, 197, 198, 199, 200]
x_119: [2, 3, 4, 5, 9, 10, 11, 12, 16, 17, 18, 19, 23, 24, 25, 26, 30, 31, 32, 33, 37, 38, 39, 40, 44, 45, 46, 47, 51, 52, 53, 54, 58, 59, 60, 61, 65, 66, 67, 68, 72, 73, 74, 75, 79, 80, 81, 82, 86, 87, 88, 89, 93, 94, 95, 96, 100, 101, 102, 103, 107, 108, 109, 110, 114, 115, 116, 117, 121, 122, 123, 124, 128, 129, 130, 131, 135, 136, 137, 138, 142, 143, 144, 145, 149, 150, 151, 152, 156, 157, 158, 159, 163, 164, 165, 166, 170, 171, 172, 173, 177, 178, 179, 180, 184, 185, 186, 187, 191, 192, 193, 194, 198, 199, 200]
x_120: [3, 4, 5, 6, 10, 11, 12, 13, 17, 18, 19, 20, 24, 25, 26, 27, 31, 32, 33, 34, 38, 39, 40, 41, 45, 46, 47, 48, 52, 53, 54, 55, 59, 60, 61, 62, 66, 67, 68, 69, 73, 74, 75, 76, 80, 81, 82, 83, 87, 88, 89, 90, 94, 95, 96, 97, 101, 102, 103, 104, 108, 109, 110, 111, 115, 116, 117, 118, 122, 123, 124, 125, 129, 130, 131, 132, 136, 137, 138, 139, 143, 144, 145, 146, 150, 151, 152, 153, 157, 158, 159, 160, 164, 165, 166, 167, 171, 172, 173, 174, 178, 179, 180, 181, 185, 186, 187, 188, 192, 193, 194, 195, 199, 200]
x_121: [4, 5, 6, 7, 11, 12, 13, 14, 18, 19, 20, 21, 25, 26, 27, 28, 32, 33, 34, 35, 39, 40, 41, 42, 46, 47, 48, 49, 53, 54, 55, 56, 60, 61, 62, 63, 67, 68, 69, 70, 74, 75, 76, 77, 81, 82, 83, 84, 88, 89, 90, 91, 95, 96, 97, 98, 102, 103, 104, 105, 109, 110, 111, 112, 116, 117, 118, 119, 123, 124, 125, 126, 130, 131, 132, 133, 137, 138, 139, 140, 144, 145, 146, 147, 151, 152, 153, 154, 158, 159, 160, 161, 165, 166, 167, 168, 172, 173, 174, 175, 179, 180, 181, 182, 186, 187, 188, 189, 193, 194, 195, 196, 200]
x_122: [1, 5, 6, 7, 8, 12, 13, 14, 15, 19, 20, 21, 22, 26, 27, 28, 29, 33, 34, 35, 36, 40, 41, 42, 43, 47, 48, 49, 50, 54, 55, 56, 57, 61, 62, 63, 64, 68, 69, 70, 71, 75, 76, 77, 78, 82, 83, 84, 85, 89, 90, 91, 92, 96, 97, 98, 99, 103, 104, 105, 106, 110, 111, 112, 113, 117, 118, 119, 120, 124, 125, 126, 127, 131, 132, 133, 134, 138, 139, 140, 141, 145, 146, 147, 148, 152, 153, 154, 155, 159, 160, 161, 162, 166, 167, 168, 169, 173, 174, 175, 176, 180, 181, 182, 183, 187, 188, 189, 190, 194, 195, 196, 197]
x_123: [1, 2, 6, 7, 8, 9, 13, 14, 15, 16, 20, 21, 22, 23, 27, 28, 29, 30, 34, 35, 36, 37, 41, 42, 43, 44, 48, 49, 50, 51, 55, 56, 57, 58, 62, 63, 64, 65, 69, 70, 71, 72, 76, 77, 78, 79, 83, 84, 85, 86, 90, 91, 92, 93, 97, 98, 99, 100, 104, 105, 106, 107, 111, 112, 113, 114, 118, 119, 120, 121, 125, 126, 127, 128, 132, 133, 134, 135, 139, 140, 141, 142, 146, 147, 148, 149, 153, 154, 155, 156, 160, 161, 162, 163, 167, 168, 169, 170, 174, 175, 176, 177, 181, 182, 183, 184, 188, 189, 190, 191, 195, 196, 197, 198]
x_124: [1, 2, 3, 7, 8, 9, 10, 14, 15, 16, 17, 21, 22, 23, 24, 28, 29, 30, 31, 35, 36, 37, 38, 42, 43, 44, 45, 49, 50, 51, 52, 56, 57, 58, 59, 63, 64, 65, 66, 70, 71, 72, 73, 77, 78, 79, 80, 84, 85, 86, 87, 91, 92, 93, 94, 98, 99, 100, 101, 105, 106, 107, 108, 112, 113, 114, 115, 119, 120, 121, 122, 126, 127, 128, 129, 133, 134, 135, 136, 140, 141, 142, 143, 147, 148, 149, 150, 154, 155, 156, 157, 161, 162, 163, 164, 168, 169, 170, 171, 175, 176, 177, 178, 182, 183, 184, 185, 189, 190, 191, 192, 196, 197, 198, 199]
x_125: [1, 2, 3, 4, 8, 9, 10, 11, 15, 16, 17, 18, 22, 23, 24, 25, 29, 30, 31, 32, 36, 37, 38, 39, 43, 44, 45, 46, 50, 51, 52, 53, 57, 58, 59, 60, 64, 65, 66, 67, 71, 72, 73, 74, 78, 79, 80, 81, 85, 86, 87, 88, 92, 93, 94, 95, 99, 100, 101, 102, 106, 107, 108, 109, 113, 114, 115, 116, 120, 121, 122, 123, 127, 128, 129, 130, 134, 135, 136, 137, 141, 142, 143, 144, 148, 149, 150, 151, 155, 156, 157, 158, 162, 163, 164, 165, 169, 170, 171, 172, 176, 177, 178, 179, 183, 184, 185, 186, 190, 191, 192, 193, 197, 198, 199, 200]
x_126: [2, 3, 4, 5, 9, 10, 11, 12, 16, 17, 18, 19, 23, 24, 25, 26, 30, 31, 32, 33, 37, 38, 39, 40, 44, 45, 46, 47, 51, 52, 53, 54, 58, 59, 60, 61, 65, 66, 67, 68, 72, 73, 74, 75, 79, 80, 81, 82, 86, 87, 88, 89, 93, 94, 95, 96, 100, 101, 102, 103, 107, 108, 109, 110, 114, 115, 116, 117, 121, 122, 123, 124, 128, 129, 130, 131, 135, 136, 137, 138, 142, 143, 144, 145, 149, 150, 151, 152, 156, 157, 158, 159, 163, 164, 165, 166, 170, 171, 172, 173, 177, 178, 179, 180, 184, 185, 186, 187, 191, 192, 193, 194, 198, 199, 200]
x_127: [3, 4, 5, 6, 10, 11, 12, 13, 17, 18, 19, 20, 24, 25, 26, 27, 31, 32, 33, 34, 38, 39, 40, 41, 45, 46, 47, 48, 52, 53, 54, 55, 59, 60, 61, 62, 66, 67, 68, 69, 73, 74, 75, 76, 80, 81, 82, 83, 87, 88, 89, 90, 94, 95, 96, 97, 101, 102, 103, 104, 108, 109, 110, 111, 115, 116, 117, 118, 122, 123, 124, 125, 129, 130, 131, 132, 136, 137, 138, 139, 143, 144, 145, 146, 150, 151, 152, 153, 157, 158, 159, 160, 164, 165, 166, 167, 171, 172, 173, 174, 178, 179, 180, 181, 185, 186, 187, 188, 192, 193, 194, 195, 199, 200]
x_128: [4, 5, 6, 7, 11, 12, 13, 14, 18, 19, 20, 21, 25, 26, 27, 28, 32, 33, 34, 35, 39, 40, 41, 42, 46, 47, 48, 49, 53, 54, 55, 56, 60, 61, 62, 63, 67, 68, 69, 70, 74, 75, 76, 77, 81, 82, 83, 84, 88, 89, 90, 91, 95, 96, 97, 98, 102, 103, 104, 105, 109, 110, 111, 112, 116, 117, 118, 119, 123, 124, 125, 126, 130, 131, 132, 133, 137, 138, 139, 140, 144, 145, 146, 147, 151, 152, 153, 154, 158, 159, 160, 161, 165, 166, 167, 168, 172, 173, 174, 175, 179, 180, 181, 182, 186, 187, 188, 189, 193, 194, 195, 196, 200]
x_129: [1, 5, 6, 7, 8, 12, 13, 14, 15, 19, 20, 21, 22, 26, 27, 28, 29, 33, 34, 35, 36, 40, 41, 42, 43, 47, 48, 49, 50, 54, 55, 56, 57, 61, 62, 63, 64, 68, 69, 70, 71, 75, 76, 77, 78, 82, 83, 84, 85, 89, 90, 91, 92, 96, 97, 98, 99, 103, 104, 105, 106, 110, 111, 112, 113, 117, 118, 119, 120, 124, 125, 126, 127, 131, 132, 133, 134, 138, 139, 140, 141, 145, 146, 147, 148, 152, 153, 154, 155, 159, 160, 161, 162, 166, 167, 168, 169, 173, 174, 175, 176, 180, 181, 182, 183, 187, 188, 189, 190, 194, 195, 196, 197]
x_130: [1, 2, 6, 7, 8, 9, 13, 14, 15, 16, 20, 21, 22, 23, 27, 28, 29, 30, 34, 35, 36, 37, 41, 42, 43, 44, 48, 49, 50, 51, 55, 56, 57, 58, 62, 63, 64, 65, 69, 70, 71, 72, 76, 77, 78, 79, 83, 84, 85, 86, 90, 91, 92, 93, 97, 98, 99, 100, 104, 105, 106, 107, 111, 112, 113, 114, 118, 119, 120, 121, 125, 126, 127, 128, 132, 133, 134, 135, 139, 140, 141, 142, 146, 147, 148, 149, 153, 154, 155, 156, 160, 161, 162, 163, 167, 168, 169, 170, 174, 175, 176, 177, 181, 182, 183, 184, 188, 189, 190, 191, 195, 196, 197, 198]
x_131: [1, 2, 3, 7, 8, 9, 10, 14, 15, 16, 17, 21, 22, 23, 24, 28, 29, 30, 31, 35, 36, 37, 38, 42, 43, 44, 45, 49, 50, 51, 52, 56, 57, 58, 59, 63, 64, 65, 66, 70, 71, 72, 73, 77, 78, 79, 80, 84, 85, 86, 87, 91, 92, 93, 94, 98, 99, 100, 101, 105, 106, 107, 108, 112, 113, 114, 115, 119, 120, 121, 122, 126, 127, 128, 129, 133, 134, 135, 136, 140, 141, 142, 143, 147, 148, 149, 150, 154, 155, 156, 157, 161, 162, 163, 164, 168, 169, 170, 171, 175, 176, 177, 178, 182, 183, 184, 185, 189, 190, 191, 192, 196, 197, 198, 199]
x_132: [1, 2, 3, 4, 8, 9, 10, 11, 15, 16, 17, 18, 22, 23, 24, 25, 29, 30, 31, 32, 36, 37, 38, 39, 43, 44, 45, 46, 50, 51, 52, 53, 57, 58, 59, 60, 64, 65, 66, 67, 71, 72, 73, 74, 78, 79, 80, 81, 85, 86, 87, 88, 92, 93, 94, 95, 99, 100, 101, 102, 106, 107, 108, 109, 113, 114, 115, 116, 120, 121, 122, 123, 127, 128, 129, 130, 134, 135, 136, 137, 141, 142, 143, 144, 148, 149, 150, 151, 155, 156, 157, 158, 162, 163, 164, 165, 169, 170, 171, 172, 176, 177, 178, 179, 183, 184, 185, 186, 190, 191, 192, 193, 197, 198, 199, 200]
x_133: [2, 3, 4, 5, 9, 10, 11, 12, 16, 17, 18, 19, 23, 24, 25, 26, 30, 31, 32, 33, 37, 38, 39, 40, 44, 45, 46, 47, 51, 52, 53, 54, 58, 59, 60, 61, 65, 66, 67, 68, 72, 73, 74, 75, 79, 80, 81, 82, 86, 87, 88, 89, 93, 94, 95, 96, 100, 101, 102, 103, 107, 108, 109, 110, 114, 115, 116, 117, 121, 122, 123, 124, 128, 129, 130, 131, 135, 136, 137, 138, 142, 143, 144, 145, 149, 150, 151, 152, 156, 157, 158, 159, 163, 164, 165, 166, 170, 171, 172, 173, 177, 178, 179, 180, 184, 185, 186, 187, 191, 192, 193, 194, 198, 199, 200]
x_134: [3, 4, 5, 6, 10, 11, 12, 13, 17, 18, 19, 20, 24, 25, 26, 27, 31, 32, 33, 34, 38, 39, 40, 41, 45, 46, 47, 48, 52, 53, 54, 55, 59, 60, 61, 62, 66, 67, 68, 69, 73, 74, 75, 76, 80, 81, 82, 83, 87, 88, 89, 90, 94, 95, 96, 97, 101, 102, 103, 104, 108, 109, 110, 111, 115, 116, 117, 118, 122, 123, 124, 125, 129, 130, 131, 132, 136, 137, 138, 139, 143, 144, 145, 146, 150, 151, 152, 153, 157, 158, 159, 160, 164, 165, 166, 167, 171, 172, 173, 174, 178, 179, 180, 181, 185, 186, 187, 188, 192, 193, 194, 195, 199, 200]
x_135: [4, 5, 6, 7, 11, 12, 13, 14, 18, 19, 20, 21, 25, 26, 27, 28, 32, 33, 34, 35, 39, 40, 41, 42, 46, 47, 48, 49, 53, 54, 55, 56, 60, 61, 62, 63, 67, 68, 69, 70, 74, 75, 76, 77, 81, 82, 83, 84, 88, 89, 90, 91, 95, 96, 97, 98, 102, 103, 104, 105, 109, 110, 111, 112, 116, 117, 118, 119, 123, 124, 125, 126, 130, 131, 132, 133, 137, 138, 139, 140, 144, 145, 146, 147, 151, 152, 153, 154, 158, 159, 160, 161, 165, 166, 167, 168, 172, 173, 174, 175, 179, 180, 181, 182, 186, 187, 188, 189, 193, 194, 195, 196, 200]
x_136: [1, 5, 6, 7, 8, 12, 13, 14, 15, 19, 20, 21, 22, 26, 27, 28, 29, 33, 34, 35, 36, 40, 41, 42, 43, 47, 48, 49, 50, 54, 55, 56, 57, 61, 62, 63, 64, 68, 69, 70, 71, 75, 76, 77, 78, 82, 83, 84, 85, 89, 90, 91, 92, 96, 97, 98, 99, 103, 104, 105, 106, 110, 111, 112, 113, 117, 118, 119, 120, 124, 125, 126, 127, 131, 132, 133, 134, 138, 139, 140, 141, 145, 146, 147, 148, 152, 153, 154, 155, 159, 160, 161, 162, 166, 167, 168, 169, 173, 174, 175, 176, 180, 181, 182, 183, 187, 188, 189, 190, 194, 195, 196, 197]
x_137: [1, 2, 6, 7, 8, 9, 13, 14, 15, 16, 20, 21, 22, 23, 27, 28, 29, 30, 34, 35, 36, 37, 41, 42, 43, 44, 48, 49, 50, 51, 55, 56, 57, 58, 62, 63, 64, 65, 69, 70, 71, 72, 76, 77, 78, 79, 83, 84, 85, 86, 90, 91, 92, 93, 97, 98, 99, 100, 104, 105, 106, 107, 111, 112, 113, 114, 118, 119, 120, 121, 125, 126, 127, 128, 132, 133, 134, 135, 139, 140, 141, 142, 146, 147, 148, 149, 153, 154, 155, 156, 160, 161, 162, 163, 167, 168, 169, 170, 174, 175, 176, 177, 181, 182, 183, 184, 188, 189, 190, 191, 195, 196, 197, 198]
x_138: [1, 2, 3, 7, 8, 9, 10, 14, 15, 16, 17, 21, 22, 23, 24, 28, 29, 30, 31, 35, 36, 37, 38, 42, 43, 44, 45, 49, 50, 51, 52, 56, 57, 58, 59, 63, 64, 65, 66, 70, 71, 72, 73, 77, 78, 79, 80, 84, 85, 86, 87, 91, 92, 93, 94, 98, 99, 100, 101, 105, 106, 107, 108, 112, 113, 114, 115, 119, 120, 121, 122, 126, 127, 128, 129, 133, 134, 135, 136, 140, 141, 142, 143, 147, 148, 149, 150, 154, 155, 156, 157, 161, 162, 163, 164, 168, 169, 170, 171, 175, 176, 177, 178, 182, 183, 184, 185, 189, 190, 191, 192, 196, 197, 198, 199]
x_139: [1, 2, 3, 4, 8, 9, 10, 11, 15, 16, 17, 18, 22, 23, 24, 25, 29, 30, 31, 32, 36, 37, 38, 39, 43, 44, 45, 46, 50, 51, 52, 53, 57, 58, 59, 60, 64, 65, 66, 67, 71, 72, 73, 74, 78, 79, 80, 81, 85, 86, 87, 88, 92, 93, 94, 95, 99, 100, 101, 102, 106, 107, 108, 109, 113, 114, 115, 116, 120, 121, 122, 123, 127, 128, 129, 130, 134, 135, 136, 137, 141, 142, 143, 144, 148, 149, 150, 151, 155, 156, 157, 158, 162, 163, 164, 165, 169, 170, 171, 172, 176, 177, 178, 179, 183, 184, 185, 186, 190, 191, 192, 193, 197, 198, 199, 200]
x_140: [2, 3, 4, 5, 9, 10, 11, 12, 16, 17, 18, 19, 23, 24, 25, 26, 30, 31, 32, 33, 37, 38, 39, 40, 44, 45, 46, 47, 51, 52, 53, 54, 58, 59, 60, 61, 65, 66, 67, 68, 72, 73, 74, 75, 79, 80, 81, 82, 86, 87, 88, 89, 93, 94, 95, 96, 100, 101, 102, 103, 107, 108, 109, 110, 114, 115, 116, 117, 121, 122, 123, 124, 128, 129, 130, 131, 135, 136, 137, 138, 142, 143, 144, 145, 149, 150, 151, 152, 156, 157, 158, 159, 163, 164, 165, 166, 170, 171, 172, 173, 177, 178, 179, 180, 184, 185, 186, 187, 191, 192, 193, 194, 198, 199, 200]
x_141: [3, 4, 5, 6, 10, 11, 12, 13, 17, 18, 19, 20, 24, 25, 26, 27, 31, 32, 33, 34, 38, 39, 40, 41, 45, 46, 47, 48, 52, 53, 54, 55, 59, 60, 61, 62, 66, 67, 68, 69, 73, 74, 75, 76, 80, 81, 82, 83, 87, 88, 89, 90, 94, 95, 96, 97, 101, 102, 103, 104, 108, 109, 110, 111, 115, 116, 117, 118, 122, 123, 124, 125, 129, 130, 131, 132, 136, 137, 138, 139, 143, 144, 145, 146, 150, 151, 152, 153, 157, 158, 159, 160, 164, 165, 166, 167, 171, 172, 173, 174, 178, 179, 180, 181, 185, 186, 187, 188, 192, 193, 194, 195, 199, 200]
x_142: [4, 5, 6, 7, 11, 12, 13, 14, 18, 19, 20, 21, 25, 26, 27, 28, 32, 33, 34, 35, 39, 40, 41, 42, 46, 47, 48, 49, 53, 54, 55, 56, 60, 61, 62, 63, 67, 68, 69, 70, 74, 75, 76, 77, 81, 82, 83, 84, 88, 89, 90, 91, 95, 96, 97, 98, 102, 103, 104, 105, 109, 110, 111, 112, 116, 117, 118, 119, 123, 124, 125, 126, 130, 131, 132, 133, 137, 138, 139, 140, 144, 145, 146, 147, 151, 152, 153, 154, 158, 159, 160, 161, 165, 166, 167, 168, 172, 173, 174, 175, 179, 180, 181, 182, 186, 187, 188, 189, 193, 194, 195, 196, 200]
x_143: [1, 5, 6, 7, 8, 12, 13, 14, 15, 19, 20, 21, 22, 26, 27, 28, 29, 33, 34, 35, 36, 40, 41, 42, 43, 47, 48, 49, 50, 54, 55, 56, 57, 61, 62, 63, 64, 68, 69, 70, 71, 75, 76, 77, 78, 82, 83, 84, 85, 89, 90, 91, 92, 96, 97, 98, 99, 103, 104, 105, 106, 110, 111, 112, 113, 117, 118, 119, 120, 124, 125, 126, 127, 131, 132, 133, 134, 138, 139, 140, 141, 145, 146, 147, 148, 152, 153, 154, 155, 159, 160, 161, 162, 166, 167, 168, 169, 173, 174, 175, 176, 180, 181, 182, 183, 187, 188, 189, 190, 194, 195, 196, 197]
x_144: [1, 2, 6, 7, 8, 9, 13, 14, 15, 16, 20, 21, 22, 23, 27, 28, 29, 30, 34, 35, 36, 37, 41, 42, 43, 44, 48, 49, 50, 51, 55, 56, 57, 58, 62, 63, 64, 65, 69, 70, 71, 72, 76, 77, 78, 79, 83, 84, 85, 86, 90, 91, 92, 93, 97, 98, 99, 100, 104, 105, 106, 107, 111, 112, 113, 114, 118, 119, 120, 121, 125, 126, 127, 128, 132, 133, 134, 135, 139, 140, 141, 142, 146, 147, 148, 149, 153, 154, 155, 156, 160, 161, 162, 163, 167, 168, 169, 170, 174, 175, 176, 177, 181, 182, 183, 184, 188, 189, 190, 191, 195, 196, 197, 198]
x_145: [1, 2, 3, 7, 8, 9, 10, 14, 15, 16, 17, 21, 22, 23, 24, 28, 29, 30, 31, 35, 36, 37, 38, 42, 43, 44, 45, 49, 50, 51, 52, 56, 57, 58, 59, 63, 64, 65, 66, 70, 71, 72, 73, 77, 78, 79, 80, 84, 85, 86, 87, 91, 92, 93, 94, 98, 99, 100, 101, 105, 106, 107, 108, 112, 113, 114, 115, 119, 120, 121, 122, 126, 127, 128, 129, 133, 134, 135, 136, 140, 141, 142, 143, 147, 148, 149, 150, 154, 155, 156, 157, 161, 162, 163, 164, 168, 169, 170, 171, 175, 176, 177, 178, 182, 183, 184, 185, 189, 190, 191, 192, 196, 197, 198, 199]
x_146: [1, 2, 3, 4, 8, 9, 10, 11, 15, 16, 17, 18, 22, 23, 24, 25, 29, 30, 31, 32, 36, 37, 38, 39, 43, 44, 45, 46, 50, 51, 52, 53, 57, 58, 59, 60, 64, 65, 66, 67, 71, 72, 73, 74, 78, 79, 80, 81, 85, 86, 87, 88, 92, 93, 94, 95, 99, 100, 101, 102, 106, 107, 108, 109, 113, 114, 115, 116, 120, 121, 122, 123, 127, 128, 129, 130, 134, 135, 136, 137, 141, 142, 143, 144, 148, 149, 150, 151, 155, 156, 157, 158, 162, 163, 164, 165, 169, 170, 171, 172, 176, 177, 178, 179, 183, 184, 185, 186, 190, 191, 192, 193, 197, 198, 199, 200]
x_147: [2, 3, 4, 5, 9, 10, 11, 12, 16, 17, 18, 19, 23, 24, 25, 26, 30, 31, 32, 33, 37, 38, 39, 40, 44, 45, 46, 47, 51, 52, 53, 54, 58, 59, 60, 61, 65, 66, 67, 68, 72, 73, 74, 75, 79, 80, 81, 82, 86, 87, 88, 89, 93, 94, 95, 96, 100, 101, 102, 103, 107, 108, 109, 110, 114, 115, 116, 117, 121, 122, 123, 124, 128, 129, 130, 131, 135, 136, 137, 138, 142, 143, 144, 145, 149, 150, 151, 152, 156, 157, 158, 159, 163, 164, 165, 166, 170, 171, 172, 173, 177, 178, 179, 180, 184, 185, 186, 187, 191, 192, 193, 194, 198, 199, 200]
x_148: [3, 4, 5, 6, 10, 11, 12, 13, 17, 18, 19, 20, 24, 25, 26, 27, 31, 32, 33, 34, 38, 39, 40, 41, 45, 46, 47, 48, 52, 53, 54, 55, 59, 60, 61, 62, 66, 67, 68, 69, 73, 74, 75, 76, 80, 81, 82, 83, 87, 88, 89, 90, 94, 95, 96, 97, 101, 102, 103, 104, 108, 109, 110, 111, 115, 116, 117, 118, 122, 123, 124, 125, 129, 130, 131, 132, 136, 137, 138, 139, 143, 144, 145, 146, 150, 151, 152, 153, 157, 158, 159, 160, 164, 165, 166, 167, 171, 172, 173, 174, 178, 179, 180, 181, 185, 186, 187, 188, 192, 193, 194, 195, 199, 200]
x_149: [4, 5, 6, 7, 11, 12, 13, 14, 18, 19, 20, 21, 25, 26, 27, 28, 32, 33, 34, 35, 39, 40, 41, 42, 46, 47, 48, 49, 53, 54, 55, 56, 60, 61, 62, 63, 67, 68, 69, 70, 74, 75, 76, 77, 81, 82, 83, 84, 88, 89, 90, 91, 95, 96, 97, 98, 102, 103, 104, 105, 109, 110, 111, 112, 116, 117, 118, 119, 123, 124, 125, 126, 130, 131, 132, 133, 137, 138, 139, 140, 144, 145, 146, 147, 151, 152, 153, 154, 158, 159, 160, 161, 165, 166, 167, 168, 172, 173, 174, 175, 179, 180, 181, 182, 186, 187, 188, 189, 193, 194, 195, 196, 200]
x_150: [1, 5, 6, 7, 8, 12, 13, 14, 15, 19, 20, 21, 22, 26, 27, 28, 29, 33, 34, 35, 36, 40, 41, 42, 43, 47, 48, 49, 50, 54, 55, 56, 57, 61, 62, 63, 64, 68, 69, 70, 71, 75, 76, 77, 78, 82, 83, 84, 85, 89, 90, 91, 92, 96, 97, 98, 99, 103, 104, 105, 106, 110, 111, 112, 113, 117, 118, 119, 120, 124, 125, 126, 127, 131, 132, 133, 134, 138, 139, 140, 141, 145, 146, 147, 148, 152, 153, 154, 155, 159, 160, 161, 162, 166, 167, 168, 169, 173, 174, 175, 176, 180, 181, 182, 183, 187, 188, 189, 190, 194, 195, 196, 197]
x_151: [1, 2, 6, 7, 8, 9, 13, 14, 15, 16, 20, 21, 22, 23, 27, 28, 29, 30, 34, 35, 36, 37, 41, 42, 43, 44, 48, 49, 50, 51, 55, 56, 57, 58, 62, 63, 64, 65, 69, 70, 71, 72, 76, 77, 78, 79, 83, 84, 85, 86, 90, 91, 92, 93, 97, 98, 99, 100, 104, 105, 106, 107, 111, 112, 113, 114, 118, 119, 120, 121, 125, 126, 127, 128, 132, 133, 134, 135, 139, 140, 141, 142, 146, 147, 148, 149, 153, 154, 155, 156, 160, 161, 162, 163, 167, 168, 169, 170, 174, 175, 176, 177, 181, 182, 183, 184, 188, 189, 190, 191, 195, 196, 197, 198]
x_152: [1, 2, 3, 7, 8, 9, 10, 14, 15, 16, 17, 21, 22, 23, 24, 28, 29, 30, 31, 35, 36, 37, 38, 42, 43, 44, 45, 49, 50, 51, 52, 56, 57, 58, 59, 63, 64, 65, 66, 70, 71, 72, 73, 77, 78, 79, 80, 84, 85, 86, 87, 91, 92, 93, 94, 98, 99, 100, 101, 105, 106, 107, 108, 112, 113, 114, 115, 119, 120, 121, 122, 126, 127, 128, 129, 133, 134, 135, 136, 140, 141, 142, 143, 147, 148, 149, 150, 154, 155, 156, 157, 161, 162, 163, 164, 168, 169, 170, 171, 175, 176, 177, 178, 182, 183, 184, 185, 189, 190, 191, 192, 196, 197, 198, 199]
x_153: [1, 2, 3, 4, 8, 9, 10, 11, 15, 16, 17, 18, 22, 23, 24, 25, 29, 30, 31, 32, 36, 37, 38, 39, 43, 44, 45, 46, 50, 51, 52, 53, 57, 58, 59, 60, 64, 65, 66, 67, 71, 72, 73, 74, 78, 79, 80, 81, 85, 86, 87, 88, 92, 93, 94, 95, 99, 100, 101, 102, 106, 107, 108, 109, 113, 114, 115, 116, 120, 121, 122, 123, 127, 128, 129, 130, 134, 135, 136, 137, 141, 142, 143, 144, 148, 149, 150, 151, 155, 156, 157, 158, 162, 163, 164, 165, 169, 170, 171, 172, 176, 177, 178, 179, 183, 184, 185, 186, 190, 191, 192, 193, 197, 198, 199, 200]
x_154: [2, 3, 4, 5, 9, 10, 11, 12, 16, 17, 18, 19, 23, 24, 25, 26, 30, 31, 32, 33, 37, 38, 39, 40, 44, 45, 46, 47, 51, 52, 53, 54, 58, 59, 60, 61, 65, 66, 67, 68, 72, 73, 74, 75, 79, 80, 81, 82, 86, 87, 88, 89, 93, 94, 95, 96, 100, 101, 102, 103, 107, 108, 109, 110, 114, 115, 116, 117, 121, 122, 123, 124, 128, 129, 130, 131, 135, 136, 137, 138, 142, 143, 144, 145, 149, 150, 151, 152, 156, 157, 158, 159, 163, 164, 165, 166, 170, 171, 172, 173, 177, 178, 179, 180, 184, 185, 186, 187, 191, 192, 193, 194, 198, 199, 200]
x_155: [3, 4, 5, 6, 10, 11, 12, 13, 17, 18, 19, 20, 24, 25, 26, 27, 31, 32, 33, 34, 38, 39, 40, 41, 45, 46, 47, 48, 52, 53, 54, 55, 59, 60, 61, 62, 66, 67, 68, 69, 73, 74, 75, 76, 80, 81, 82, 83, 87, 88, 89, 90, 94, 95, 96, 97, 101, 102, 103, 104, 108, 109, 110, 111, 115, 116, 117, 118, 122, 123, 124, 125, 129, 130, 131, 132, 136, 137, 138, 139, 143, 144, 145, 146, 150, 151, 152, 153, 157, 158, 159, 160, 164, 165, 166, 167, 171, 172, 173, 174, 178, 179, 180, 181, 185, 186, 187, 188, 192, 193, 194, 195, 199, 200]
x_156: [4, 5, 6, 7, 11, 12, 13, 14, 18, 19, 20, 21, 25, 26, 27, 28, 32, 33, 34, 35, 39, 40, 41, 42, 46, 47, 48, 49, 53, 54, 55, 56, 60, 61, 62, 63, 67, 68, 69, 70, 74, 75, 76, 77, 81, 82, 83, 84, 88, 89, 90, 91, 95, 96, 97, 98, 102, 103, 104, 105, 109, 110, 111, 112, 116, 117, 118, 119, 123, 124, 125, 126, 130, 131, 132, 133, 137, 138, 139, 140, 144, 145, 146, 147, 151, 152, 153, 154, 158, 159, 160, 161, 165, 166, 167, 168, 172, 173, 174, 175, 179, 180, 181, 182, 186, 187, 188, 189, 193, 194, 195, 196, 200]
x_157: [1, 5, 6, 7, 8, 12, 13, 14, 15, 19, 20, 21, 22, 26, 27, 28, 29, 33, 34, 35, 36, 40, 41, 42, 43, 47, 48, 49, 50, 54, 55, 56, 57, 61, 62, 63, 64, 68, 69, 70, 71, 75, 76, 77, 78, 82, 83, 84, 85, 89, 90, 91, 92, 96, 97, 98, 99, 103, 104, 105, 106, 110, 111, 112, 113, 117, 118, 119, 120, 124, 125, 126, 127, 131, 132, 133, 134, 138, 139, 140, 141, 145, 146, 147, 148, 152, 153, 154, 155, 159, 160, 161, 162, 166, 167, 168, 169, 173, 174, 175, 176, 180, 181, 182, 183, 187, 188, 189, 190, 194, 195, 196, 197]
x_158: [1, 2, 6, 7, 8, 9, 13, 14, 15, 16, 20, 21, 22, 23, 27, 28, 29, 30, 34, 35, 36, 37, 41, 42, 43, 44, 48, 49, 50, 51, 55, 56, 57, 58, 62, 63, 64, 65, 69, 70, 71, 72, 76, 77, 78, 79, 83, 84, 85, 86, 90, 91, 92, 93, 97, 98, 99, 100, 104, 105, 106, 107, 111, 112, 113, 114, 118, 119, 120, 121, 125, 126, 127, 128, 132, 133, 134, 135, 139, 140, 141, 142, 146, 147, 148, 149, 153, 154, 155, 156, 160, 161, 162, 163, 167, 168, 169, 170, 174, 175, 176, 177, 181, 182, 183, 184, 188, 189, 190, 191, 195, 196, 197, 198]
x_159: [1, 2, 3, 7, 8, 9, 10, 14, 15, 16, 17, 21, 22, 23, 24, 28, 29, 30, 31, 35, 36, 37, 38, 42, 43, 44, 45, 49, 50, 51, 52, 56, 57, 58, 59, 63, 64, 65, 66, 70, 71, 72, 73, 77, 78, 79, 80, 84, 85, 86, 87, 91, 92, 93, 94, 98, 99, 100, 101, 105, 106, 107, 108, 112, 113, 114, 115, 119, 120, 121, 122, 126, 127, 128, 129, 133, 134, 135, 136, 140, 141, 142, 143, 147, 148, 149, 150, 154, 155, 156, 157, 161, 162, 163, 164, 168, 169, 170, 171, 175, 176, 177, 178, 182, 183, 184, 185, 189, 190, 191, 192, 196, 197, 198, 199]
x_160: [1, 2, 3, 4, 8, 9, 10, 11, 15, 16, 17, 18, 22, 23, 24, 25, 29, 30, 31, 32, 36, 37, 38, 39, 43, 44, 45, 46, 50, 51, 52, 53, 57, 58, 59, 60, 64, 65, 66, 67, 71, 72, 73, 74, 78, 79, 80, 81, 85, 86, 87, 88, 92, 93, 94, 95, 99, 100, 101, 102, 106, 107, 108, 109, 113, 114, 115, 116, 120, 121, 122, 123, 127, 128, 129, 130, 134, 135, 136, 137, 141, 142, 143, 144, 148, 149, 150, 151, 155, 156, 157, 158, 162, 163, 164, 165, 169, 170, 171, 172, 176, 177, 178, 179, 183, 184, 185, 186, 190, 191, 192, 193, 197, 198, 199, 200]
x_161: [2, 3, 4, 5, 9, 10, 11, 12, 16, 17, 18, 19, 23, 24, 25, 26, 30, 31, 32, 33, 37, 38, 39, 40, 44, 45, 46, 47, 51, 52, 53, 54, 58, 59, 60, 61, 65, 66, 67, 68, 72, 73, 74, 75, 79, 80, 81, 82, 86, 87, 88, 89, 93, 94, 95, 96, 100, 101, 102, 103, 107, 108, 109, 110, 114, 115, 116, 117, 121, 122, 123, 124, 128, 129, 130, 131, 135, 136, 137, 138, 142, 143, 144, 145, 149, 150, 151, 152, 156, 157, 158, 159, 163, 164, 165, 166, 170, 171, 172, 173, 177, 178, 179, 180, 184, 185, 186, 187, 191, 192, 193, 194, 198, 199, 200]
x_162: [3, 4, 5, 6, 10, 11, 12, 13, 17, 18, 19, 20, 24, 25, 26, 27, 31, 32, 33, 34, 38, 39, 40, 41, 45, 46, 47, 48, 52, 53, 54, 55, 59, 60, 61, 62, 66, 67, 68, 69, 73, 74, 75, 76, 80, 81, 82, 83, 87, 88, 89, 90, 94, 95, 96, 97, 101, 102, 103, 104, 108, 109, 110, 111, 115, 116, 117, 118, 122, 123, 124, 125, 129, 130, 131, 132, 136, 137, 138, 139, 143, 144, 145, 146, 150, 151, 152, 153, 157, 158, 159, 160, 164, 165, 166, 167, 171, 172, 173, 174, 178, 179, 180, 181, 185, 186, 187, 188, 192, 193, 194, 195, 199, 200]
x_163: [4, 5, 6, 7, 11, 12, 13, 14, 18, 19, 20, 21, 25, 26, 27, 28, 32, 33, 34, 35, 39, 40, 41, 42, 46, 47, 48, 49, 53, 54, 55, 56, 60, 61, 62, 63, 67, 68, 69, 70, 74, 75, 76, 77, 81, 82, 83, 84, 88, 89, 90, 91, 95, 96, 97, 98, 102, 103, 104, 105, 109, 110, 111, 112, 116, 117, 118, 119, 123, 124, 125, 126, 130, 131, 132, 133, 137, 138, 139, 140, 144, 145, 146, 147, 151, 152, 153, 154, 158, 159, 160, 161, 165, 166, 167, 168, 172, 173, 174, 175, 179, 180, 181, 182, 186, 187, 188, 189, 193, 194, 195, 196, 200]
x_164: [1, 5, 6, 7, 8, 12, 13, 14, 15, 19, 20, 21, 22, 26, 27, 28, 29, 33, 34, 35, 36, 40, 41, 42, 43, 47, 48, 49, 50, 54, 55, 56, 57, 61, 62, 63, 64, 68, 69, 70, 71, 75, 76, 77, 78, 82, 83, 84, 85, 89, 90, 91, 92, 96, 97, 98, 99, 103, 104, 105, 106, 110, 111, 112, 113, 117, 118, 119, 120, 124, 125, 126, 127, 131, 132, 133, 134, 138, 139, 140, 141, 145, 146, 147, 148, 152, 153, 154, 155, 159, 160, 161, 162, 166, 167, 168, 169, 173, 174, 175, 176, 180, 181, 182, 183, 187, 188, 189, 190, 194, 195, 196, 197]
x_165: [1, 2, 6, 7, 8, 9, 13, 14, 15, 16, 20, 21, 22, 23, 27, 28, 29, 30, 34, 35, 36, 37, 41, 42, 43, 44, 48, 49, 50, 51, 55, 56, 57, 58, 62, 63, 64, 65, 69, 70, 71, 72, 76, 77, 78, 79, 83, 84, 85, 86, 90, 91, 92, 93, 97, 98, 99, 100, 104, 105, 106, 107, 111, 112, 113, 114, 118, 119, 120, 121, 125, 126, 127, 128, 132, 133, 134, 135, 139, 140, 141, 142, 146, 147, 148, 149, 153, 154, 155, 156, 160, 161, 162, 163, 167, 168, 169, 170, 174, 175, 176, 177, 181, 182, 183, 184, 188, 189, 190, 191, 195, 196, 197, 198]
x_166: [1, 2, 3, 7, 8, 9, 10, 14, 15, 16, 17, 21, 22, 23, 24, 28, 29, 30, 31, 35, 36, 37, 38, 42, 43, 44, 45, 49, 50, 51, 52, 56, 57, 58, 59, 63, 64, 65, 66, 70, 71, 72, 73, 77, 78, 79, 80, 84, 85, 86, 87, 91, 92, 93, 94, 98, 99, 100, 101, 105, 106, 107, 108, 112, 113, 114, 115, 119, 120, 121, 122, 126, 127, 128, 129, 133, 134, 135, 136, 140, 141, 142, 143, 147, 148, 149, 150, 154, 155, 156, 157, 161, 162, 163, 164, 168, 169, 170, 171, 175, 176, 177, 178, 182, 183, 184, 185, 189, 190, 191, 192, 196, 197, 198, 199]
x_167: [1, 2, 3, 4, 8, 9, 10, 11, 15, 16, 17, 18, 22, 23, 24, 25, 29, 30, 31, 32, 36, 37, 38, 39, 43, 44, 45, 46, 50, 51, 52, 53, 57, 58, 59, 60, 64, 65, 66, 67, 71, 72, 73, 74, 78, 79, 80, 81, 85, 86, 87, 88, 92, 93, 94, 95, 99, 100, 101, 102, 106, 107, 108, 109, 113, 114, 115, 116, 120, 121, 122, 123, 127, 128, 129, 130, 134, 135, 136, 137, 141, 142, 143, 144, 148, 149, 150, 151, 155, 156, 157, 158, 162, 163, 164, 165, 169, 170, 171, 172, 176, 177, 178, 179, 183, 184, 185, 186, 190, 191, 192, 193, 197, 198, 199, 200]
x_168: [2, 3, 4, 5, 9, 10, 11, 12, 16, 17, 18, 19, 23, 24, 25, 26, 30, 31, 32, 33, 37, 38, 39, 40, 44, 45, 46, 47, 51, 52, 53, 54, 58, 59, 60, 61, 65, 66, 67, 68, 72, 73, 74, 75, 79, 80, 81, 82, 86, 87, 88, 89, 93, 94, 95, 96, 100, 101, 102, 103, 107, 108, 109, 110, 114, 115, 116, 117, 121, 122, 123, 124, 128, 129, 130, 131, 135, 136, 137, 138, 142, 143, 144, 145, 149, 150, 151, 152, 156, 157, 158, 159, 163, 164, 165, 166, 170, 171, 172, 173, 177, 178, 179, 180, 184, 185, 186, 187, 191, 192, 193, 194, 198, 199, 200]
x_169: [3, 4, 5, 6, 10, 11, 12, 13, 17, 18, 19, 20, 24, 25, 26, 27, 31, 32, 33, 34, 38, 39, 40, 41, 45, 46, 47, 48, 52, 53, 54, 55, 59, 60, 61, 62, 66, 67, 68, 69, 73, 74, 75, 76, 80, 81, 82, 83, 87, 88, 89, 90, 94, 95, 96, 97, 101, 102, 103, 104, 108, 109, 110, 111, 115, 116, 117, 118, 122, 123, 124, 125, 129, 130, 131, 132, 136, 137, 138, 139, 143, 144, 145, 146, 150, 151, 152, 153, 157, 158, 159, 160, 164, 165, 166, 167, 171, 172, 173, 174, 178, 179, 180, 181, 185, 186, 187, 188, 192, 193, 194, 195, 199, 200]
x_170: [4, 5, 6, 7, 11, 12, 13, 14, 18, 19, 20, 21, 25, 26, 27, 28, 32, 33, 34, 35, 39, 40, 41, 42, 46, 47, 48, 49, 53, 54, 55, 56, 60, 61, 62, 63, 67, 68, 69, 70, 74, 75, 76, 77, 81, 82, 83, 84, 88, 89, 90, 91, 95, 96, 97, 98, 102, 103, 104, 105, 109, 110, 111, 112, 116, 117, 118, 119, 123, 124, 125, 126, 130, 131, 132, 133, 137, 138, 139, 140, 144, 145, 146, 147, 151, 152, 153, 154, 158, 159, 160, 161, 165, 166, 167, 168, 172, 173, 174, 175, 179, 180, 181, 182, 186, 187, 188, 189, 193, 194, 195, 196, 200]
x_171: [1, 5, 6, 7, 8, 12, 13, 14, 15, 19, 20, 21, 22, 26, 27, 28, 29, 33, 34, 35, 36, 40, 41, 42, 43, 47, 48, 49, 50, 54, 55, 56, 57, 61, 62, 63, 64, 68, 69, 70, 71, 75, 76, 77, 78, 82, 83, 84, 85, 89, 90, 91, 92, 96, 97, 98, 99, 103, 104, 105, 106, 110, 111, 112, 113, 117, 118, 119, 120, 124, 125, 126, 127, 131, 132, 133, 134, 138, 139, 140, 141, 145, 146, 147, 148, 152, 153, 154, 155, 159, 160, 161, 162, 166, 167, 168, 169, 173, 174, 175, 176, 180, 181, 182, 183, 187, 188, 189, 190, 194, 195, 196, 197]
x_172: [1, 2, 6, 7, 8, 9, 13, 14, 15, 16, 20, 21, 22, 23, 27, 28, 29, 30, 34, 35, 36, 37, 41, 42, 43, 44, 48, 49, 50, 51, 55, 56, 57, 58, 62, 63, 64, 65, 69, 70, 71, 72, 76, 77, 78, 79, 83, 84, 85, 86, 90, 91, 92, 93, 97, 98, 99, 100, 104, 105, 106, 107, 111, 112, 113, 114, 118, 119, 120, 121, 125, 126, 127, 128, 132, 133, 134, 135, 139, 140, 141, 142, 146, 147, 148, 149, 153, 154, 155, 156, 160, 161, 162, 163, 167, 168, 169, 170, 174, 175, 176, 177, 181, 182, 183, 184, 188, 189, 190, 191, 195, 196, 197, 198]
x_173: [1, 2, 3, 7, 8, 9, 10, 14, 15, 16, 17, 21, 22, 23, 24, 28, 29, 30, 31, 35, 36, 37, 38, 42, 43, 44, 45, 49, 50, 51, 52, 56, 57, 58, 59, 63, 64, 65, 66, 70, 71, 72, 73, 77, 78, 79, 80, 84, 85, 86, 87, 91, 92, 93, 94, 98, 99, 100, 101, 105, 106, 107, 108, 112, 113, 114, 115, 119, 120, 121, 122, 126, 127, 128, 129, 133, 134, 135, 136, 140, 141, 142, 143, 147, 148, 149, 150, 154, 155, 156, 157, 161, 162, 163, 164, 168, 169, 170, 171, 175, 176, 177, 178, 182, 183, 184, 185, 189, 190, 191, 192, 196, 197, 198, 199]
x_174: [1, 2, 3, 4, 8, 9, 10, 11, 15, 16, 17, 18, 22, 23, 24, 25, 29, 30, 31, 32, 36, 37, 38, 39, 43, 44, 45, 46, 50, 51, 52, 53, 57, 58, 59, 60, 64, 65, 66, 67, 71, 72, 73, 74, 78, 79, 80, 81, 85, 86, 87, 88, 92, 93, 94, 95, 99, 100, 101, 102, 106, 107, 108, 109, 113, 114, 115, 116, 120, 121, 122, 123, 127, 128, 129, 130, 134, 135, 136, 137, 141, 142, 143, 144, 148, 149, 150, 151, 155, 156, 157, 158, 162, 163, 164, 165, 169, 170, 171, 172, 176, 177, 178, 179, 183, 184, 185, 186, 190, 191, 192, 193, 197, 198, 199, 200]
x_175: [2, 3, 4, 5, 9, 10, 11, 12, 16, 17, 18, 19, 23, 24, 25, 26, 30, 31, 32, 33, 37, 38, 39, 40, 44, 45, 46, 47, 51, 52, 53, 54, 58, 59, 60, 61, 65, 66, 67, 68, 72, 73, 74, 75, 79, 80, 81, 82, 86, 87, 88, 89, 93, 94, 95, 96, 100, 101, 102, 103, 107, 108, 109, 110, 114, 115, 116, 117, 121, 122, 123, 124, 128, 129, 130, 131, 135, 136, 137, 138, 142, 143, 144, 145, 149, 150, 151, 152, 156, 157, 158, 159, 163, 164, 165, 166, 170, 171, 172, 173, 177, 178, 179, 180, 184, 185, 186, 187, 191, 192, 193, 194, 198, 199, 200]
x_176: [3, 4, 5, 6, 10, 11, 12, 13, 17, 18, 19, 20, 24, 25, 26, 27, 31, 32, 33, 34, 38, 39, 40, 41, 45, 46, 47, 48, 52, 53, 54, 55, 59, 60, 61, 62, 66, 67, 68, 69, 73, 74, 75, 76, 80, 81, 82, 83, 87, 88, 89, 90, 94, 95, 96, 97, 101, 102, 103, 104, 108, 109, 110, 111, 115, 116, 117, 118, 122, 123, 124, 125, 129, 130, 131, 132, 136, 137, 138, 139, 143, 144, 145, 146, 150, 151, 152, 153, 157, 158, 159, 160, 164, 165, 166, 167, 171, 172, 173, 174, 178, 179, 180, 181, 185, 186, 187, 188, 192, 193, 194, 195, 199, 200]
x_177: [4, 5, 6, 7, 11, 12, 13, 14, 18, 19, 20, 21, 25, 26, 27, 28, 32, 33, 34, 35, 39, 40, 41, 42, 46, 47, 48, 49, 53, 54, 55, 56, 60, 61, 62, 63, 67, 68, 69, 70, 74, 75, 76, 77, 81, 82, 83, 84, 88, 89, 90, 91, 95, 96, 97, 98, 102, 103, 104, 105, 109, 110, 111, 112, 116, 117, 118, 119, 123, 124, 125, 126, 130, 131, 132, 133, 137, 138, 139, 140, 144, 145, 146, 147, 151, 152, 153, 154, 158, 159, 160, 161, 165, 166, 167, 168, 172, 173, 174, 175, 179, 180, 181, 182, 186, 187, 188, 189, 193, 194, 195, 196, 200]
x_178: [1, 5, 6, 7, 8, 12, 13, 14, 15, 19, 20, 21, 22, 26, 27, 28, 29, 33, 34, 35, 36, 40, 41, 42, 43, 47, 48, 49, 50, 54, 55, 56, 57, 61, 62, 63, 64, 68, 69, 70, 71, 75, 76, 77, 78, 82, 83, 84, 85, 89, 90, 91, 92, 96, 97, 98, 99, 103, 104, 105, 106, 110, 111, 112, 113, 117, 118, 119, 120, 124, 125, 126, 127, 131, 132, 133, 134, 138, 139, 140, 141, 145, 146, 147, 148, 152, 153, 154, 155, 159, 160, 161, 162, 166, 167, 168, 169, 173, 174, 175, 176, 180, 181, 182, 183, 187, 188, 189, 190, 194, 195, 196, 197]
x_179: [1, 2, 6, 7, 8, 9, 13, 14, 15, 16, 20, 21, 22, 23, 27, 28, 29, 30, 34, 35, 36, 37, 41, 42, 43, 44, 48, 49, 50, 51, 55, 56, 57, 58, 62, 63, 64, 65, 69, 70, 71, 72, 76, 77, 78, 79, 83, 84, 85, 86, 90, 91, 92, 93, 97, 98, 99, 100, 104, 105, 106, 107, 111, 112, 113, 114, 118, 119, 120, 121, 125, 126, 127, 128, 132, 133, 134, 135, 139, 140, 141, 142, 146, 147, 148, 149, 153, 154, 155, 156, 160, 161, 162, 163, 167, 168, 169, 170, 174, 175, 176, 177, 181, 182, 183, 184, 188, 189, 190, 191, 195, 196, 197, 198]
x_180: [1, 2, 3, 7, 8, 9, 10, 14, 15, 16, 17, 21, 22, 23, 24, 28, 29, 30, 31, 35, 36, 37, 38, 42, 43, 44, 45, 49, 50, 51, 52, 56, 57, 58, 59, 63, 64, 65, 66, 70, 71, 72, 73, 77, 78, 79, 80, 84, 85, 86, 87, 91, 92, 93, 94, 98, 99, 100, 101, 105, 106, 107, 108, 112, 113, 114, 115, 119, 120, 121, 122, 126, 127, 128, 129, 133, 134, 135, 136, 140, 141, 142, 143, 147, 148, 149, 150, 154, 155, 156, 157, 161, 162, 163, 164, 168, 169, 170, 171, 175, 176, 177, 178, 182, 183, 184, 185, 189, 190, 191, 192, 196, 197, 198, 199]
x_181: [1, 2, 3, 4, 8, 9, 10, 11, 15, 16, 17, 18, 22, 23, 24, 25, 29, 30, 31, 32, 36, 37, 38, 39, 43, 44, 45, 46, 50, 51, 52, 53, 57, 58, 59, 60, 64, 65, 66, 67, 71, 72, 73, 74, 78, 79, 80, 81, 85, 86, 87, 88, 92, 93, 94, 95, 99, 100, 101, 102, 106, 107, 108, 109, 113, 114, 115, 116, 120, 121, 122, 123, 127, 128, 129, 130, 134, 135, 136, 137, 141, 142, 143, 144, 148, 149, 150, 151, 155, 156, 157, 158, 162, 163, 164, 165, 169, 170, 171, 172, 176, 177, 178, 179, 183, 184, 185, 186, 190, 191, 192, 193, 197, 198, 199, 200]
x_182: [2, 3, 4, 5, 9, 10, 11, 12, 16, 17, 18, 19, 23, 24, 25, 26, 30, 31, 32, 33, 37, 38, 39, 40, 44, 45, 46, 47, 51, 52, 53, 54, 58, 59, 60, 61, 65, 66, 67, 68, 72, 73, 74, 75, 79, 80, 81, 82, 86, 87, 88, 89, 93, 94, 95, 96, 100, 101, 102, 103, 107, 108, 109, 110, 114, 115, 116, 117, 121, 122, 123, 124, 128, 129, 130, 131, 135, 136, 137, 138, 142, 143, 144, 145, 149, 150, 151, 152, 156, 157, 158, 159, 163, 164, 165, 166, 170, 171, 172, 173, 177, 178, 179, 180, 184, 185, 186, 187, 191, 192, 193, 194, 198, 199, 200]
x_183: [3, 4, 5, 6, 10, 11, 12, 13, 17, 18, 19, 20, 24, 25, 26, 27, 31, 32, 33, 34, 38, 39, 40, 41, 45, 46, 47, 48, 52, 53, 54, 55, 59, 60, 61, 62, 66, 67, 68, 69, 73, 74, 75, 76, 80, 81, 82, 83, 87, 88, 89, 90, 94, 95, 96, 97, 101, 102, 103, 104, 108, 109, 110, 111, 115, 116, 117, 118, 122, 123, 124, 125, 129, 130, 131, 132, 136, 137, 138, 139, 143, 144, 145, 146, 150, 151, 152, 153, 157, 158, 159, 160, 164, 165, 166, 167, 171, 172, 173, 174, 178, 179, 180, 181, 185, 186, 187, 188, 192, 193, 194, 195, 199, 200]
x_184: [4, 5, 6, 7, 11, 12, 13, 14, 18, 19, 20, 21, 25, 26, 27, 28, 32, 33, 34, 35, 39, 40, 41, 42, 46, 47, 48, 49, 53, 54, 55, 56, 60, 61, 62, 63, 67, 68, 69, 70, 74, 75, 76, 77, 81, 82, 83, 84, 88, 89, 90, 91, 95, 96, 97, 98, 102, 103, 104, 105, 109, 110, 111, 112, 116, 117, 118, 119, 123, 124, 125, 126, 130, 131, 132, 133, 137, 138, 139, 140, 144, 145, 146, 147, 151, 152, 153, 154, 158, 159, 160, 161, 165, 166, 167, 168, 172, 173, 174, 175, 179, 180, 181, 182, 186, 187, 188, 189, 193, 194, 195, 196, 200]
x_185: [1, 5, 6, 7, 8, 12, 13, 14, 15, 19, 20, 21, 22, 26, 27, 28, 29, 33, 34, 35, 36, 40, 41, 42, 43, 47, 48, 49, 50, 54, 55, 56, 57, 61, 62, 63, 64, 68, 69, 70, 71, 75, 76, 77, 78, 82, 83, 84, 85, 89, 90, 91, 92, 96, 97, 98, 99, 103, 104, 105, 106, 110, 111, 112, 113, 117, 118, 119, 120, 124, 125, 126, 127, 131, 132, 133, 134, 138, 139, 140, 141, 145, 146, 147, 148, 152, 153, 154, 155, 159, 160, 161, 162, 166, 167, 168, 169, 173, 174, 175, 176, 180, 181, 182, 183, 187, 188, 189, 190, 194, 195, 196, 197]
x_186: [1, 2, 6, 7, 8, 9, 13, 14, 15, 16, 20, 21, 22, 23, 27, 28, 29, 30, 34, 35, 36, 37, 41, 42, 43, 44, 48, 49, 50, 51, 55, 56, 57, 58, 62, 63, 64, 65, 69, 70, 71, 72, 76, 77, 78, 79, 83, 84, 85, 86, 90, 91, 92, 93, 97, 98, 99, 100, 104, 105, 106, 107, 111, 112, 113, 114, 118, 119, 120, 121, 125, 126, 127, 128, 132, 133, 134, 135, 139, 140, 141, 142, 146, 147, 148, 149, 153, 154, 155, 156, 160, 161, 162, 163, 167, 168, 169, 170, 174, 175, 176, 177, 181, 182, 183, 184, 188, 189, 190, 191, 195, 196, 197, 198]
x_187: [1, 2, 3, 7, 8, 9, 10, 14, 15, 16, 17, 21, 22, 23, 24, 28, 29, 30, 31, 35, 36, 37, 38, 42, 43, 44, 45, 49, 50, 51, 52, 56, 57, 58, 59, 63, 64, 65, 66, 70, 71, 72, 73, 77, 78, 79, 80, 84, 85, 86, 87, 91, 92, 93, 94, 98, 99, 100, 101, 105, 106, 107, 108, 112, 113, 114, 115, 119, 120, 121, 122, 126, 127, 128, 129, 133, 134, 135, 136, 140, 141, 142, 143, 147, 148, 149, 150, 154, 155, 156, 157, 161, 162, 163, 164, 168, 169, 170, 171, 175, 176, 177, 178, 182, 183, 184, 185, 189, 190, 191, 192, 196, 197, 198, 199]
x_188: [1, 2, 3, 4, 8, 9, 10, 11, 15, 16, 17, 18, 22, 23, 24, 25, 29, 30, 31, 32, 36, 37, 38, 39, 43, 44, 45, 46, 50, 51, 52, 53, 57, 58, 59, 60, 64, 65, 66, 67, 71, 72, 73, 74, 78, 79, 80, 81, 85, 86, 87, 88, 92, 93, 94, 95, 99, 100, 101, 102, 106, 107, 108, 109, 113, 114, 115, 116, 120, 121, 122, 123, 127, 128, 129, 130, 134, 135, 136, 137, 141, 142, 143, 144, 148, 149, 150, 151, 155, 156, 157, 158, 162, 163, 164, 165, 169, 170, 171, 172, 176, 177, 178, 179, 183, 184, 185, 186, 190, 191, 192, 193, 197, 198, 199, 200]
x_189: [2, 3, 4, 5, 9, 10, 11, 12, 16, 17, 18, 19, 23, 24, 25, 26, 30, 31, 32, 33, 37, 38, 39, 40, 44, 45, 46, 47, 51, 52, 53, 54, 58, 59, 60, 61, 65, 66, 67, 68, 72, 73, 74, 75, 79, 80, 81, 82, 86, 87, 88, 89, 93, 94, 95, 96, 100, 101, 102, 103, 107, 108, 109, 110, 114, 115, 116, 117, 121, 122, 123, 124, 128, 129, 130, 131, 135, 136, 137, 138, 142, 143, 144, 145, 149, 150, 151, 152, 156, 157, 158, 159, 163, 164, 165, 166, 170, 171, 172, 173, 177, 178, 179, 180, 184, 185, 186, 187, 191, 192, 193, 194, 198, 199, 200]
x_190: [3, 4, 5, 6, 10, 11, 12, 13, 17, 18, 19, 20, 24, 25, 26, 27, 31, 32, 33, 34, 38, 39, 40, 41, 45, 46, 47, 48, 52, 53, 54, 55, 59, 60, 61, 62, 66, 67, 68, 69, 73, 74, 75, 76, 80, 81, 82, 83, 87, 88, 89, 90, 94, 95, 96, 97, 101, 102, 103, 104, 108, 109, 110, 111, 115, 116, 117, 118, 122, 123, 124, 125, 129, 130, 131, 132, 136, 137, 138, 139, 143, 144, 145, 146, 150, 151, 152, 153, 157, 158, 159, 160, 164, 165, 166, 167, 171, 172, 173, 174, 178, 179, 180, 181, 185, 186, 187, 188, 192, 193, 194, 195, 199, 200]
x_191: [4, 5, 6, 7, 11, 12, 13, 14, 18, 19, 20, 21, 25, 26, 27, 28, 32, 33, 34, 35, 39, 40, 41, 42, 46, 47, 48, 49, 53, 54, 55, 56, 60, 61, 62, 63, 67, 68, 69, 70, 74, 75, 76, 77, 81, 82, 83, 84, 88, 89, 90, 91, 95, 96, 97, 98, 102, 103, 104, 105, 109, 110, 111, 112, 116, 117, 118, 119, 123, 124, 125, 126, 130, 131, 132, 133, 137, 138, 139, 140, 144, 145, 146, 147, 151, 152, 153, 154, 158, 159, 160, 161, 165, 166, 167, 168, 172, 173, 174, 175, 179, 180, 181, 182, 186, 187, 188, 189, 193, 194, 195, 196, 200]
x_192: [1, 5, 6, 7, 8, 12, 13, 14, 15, 19, 20, 21, 22, 26, 27, 28, 29, 33, 34, 35, 36, 40, 41, 42, 43, 47, 48, 49, 50, 54, 55, 56, 57, 61, 62, 63, 64, 68, 69, 70, 71, 75, 76, 77, 78, 82, 83, 84, 85, 89, 90, 91, 92, 96, 97, 98, 99, 103, 104, 105, 106, 110, 111, 112, 113, 117, 118, 119, 120, 124, 125, 126, 127, 131, 132, 133, 134, 138, 139, 140, 141, 145, 146, 147, 148, 152, 153, 154, 155, 159, 160, 161, 162, 166, 167, 168, 169, 173, 174, 175, 176, 180, 181, 182, 183, 187, 188, 189, 190, 194, 195, 196, 197]
x_193: [1, 2, 6, 7, 8, 9, 13, 14, 15, 16, 20, 21, 22, 23, 27, 28, 29, 30, 34, 35, 36, 37, 41, 42, 43, 44, 48, 49, 50, 51, 55, 56, 57, 58, 62, 63, 64, 65, 69, 70, 71, 72, 76, 77, 78, 79, 83, 84, 85, 86, 90, 91, 92, 93, 97, 98, 99, 100, 104, 105, 106, 107, 111, 112, 113, 114, 118, 119, 120, 121, 125, 126, 127, 128, 132, 133, 134, 135, 139, 140, 141, 142, 146, 147, 148, 149, 153, 154, 155, 156, 160, 161, 162, 163, 167, 168, 169, 170, 174, 175, 176, 177, 181, 182, 183, 184, 188, 189, 190, 191, 195, 196, 197, 198]
x_194: [1, 2, 3, 7, 8, 9, 10, 14, 15, 16, 17, 21, 22, 23, 24, 28, 29, 30, 31, 35, 36, 37, 38, 42, 43, 44, 45, 49, 50, 51, 52, 56, 57, 58, 59, 63, 64, 65, 66, 70, 71, 72, 73, 77, 78, 79, 80, 84, 85, 86, 87, 91, 92, 93, 94, 98, 99, 100, 101, 105, 106, 107, 108, 112, 113, 114, 115, 119, 120, 121, 122, 126, 127, 128, 129, 133, 134, 135, 136, 140, 141, 142, 143, 147, 148, 149, 150, 154, 155, 156, 157, 161, 162, 163, 164, 168, 169, 170, 171, 175, 176, 177, 178, 182, 183, 184, 185, 189, 190, 191, 192, 196, 197, 198, 199]
x_195: [1, 2, 3, 4, 8, 9, 10, 11, 15, 16, 17, 18, 22, 23, 24, 25, 29, 30, 31, 32, 36, 37, 38, 39, 43, 44, 45, 46, 50, 51, 52, 53, 57, 58, 59, 60, 64, 65, 66, 67, 71, 72, 73, 74, 78, 79, 80, 81, 85, 86, 87, 88, 92, 93, 94, 95, 99, 100, 101, 102, 106, 107, 108, 109, 113, 114, 115, 116, 120, 121, 122, 123, 127, 128, 129, 130, 134, 135, 136, 137, 141, 142, 143, 144, 148, 149, 150, 151, 155, 156, 157, 158, 162, 163, 164, 165, 169, 170, 171, 172, 176, 177, 178, 179, 183, 184, 185, 186, 190, 191, 192, 193, 197, 198, 199, 200]
x_196: [2, 3, 4, 5, 9, 10, 11, 12, 16, 17, 18, 19, 23, 24, 25, 26, 30, 31, 32, 33, 37, 38, 39, 40, 44, 45, 46, 47, 51, 52, 53, 54, 58, 59, 60, 61, 65, 66, 67, 68, 72, 73, 74, 75, 79, 80, 81, 82, 86, 87, 88, 89, 93, 94, 95, 96, 100, 101, 102, 103, 107, 108, 109, 110, 114, 115, 116, 117, 121, 122, 123, 124, 128, 129, 130, 131, 135, 136, 137, 138, 142, 143, 144, 145, 149, 150, 151, 152, 156, 157, 158, 159, 163, 164, 165, 166, 170, 171, 172, 173, 177, 178, 179, 180, 184, 185, 186, 187, 191, 192, 193, 194, 198, 199, 200]
x_197: [3, 4, 5, 6, 10, 11, 12, 13, 17, 18, 19, 20, 24, 25, 26, 27, 31, 32, 33, 34, 38, 39, 40, 41, 45, 46, 47, 48, 52, 53, 54, 55, 59, 60, 61, 62, 66, 67, 68, 69, 73, 74, 75, 76, 80, 81, 82, 83, 87, 88, 89, 90, 94, 95, 96, 97, 101, 102, 103, 104, 108, 109, 110, 111, 115, 116, 117, 118, 122, 123, 124, 125, 129, 130, 131, 132, 136, 137, 138, 139, 143, 144, 145, 146, 150, 151, 152, 153, 157, 158, 159, 160, 164, 165, 166, 167, 171, 172, 173, 174, 178, 179, 180, 181, 185, 186, 187, 188, 192, 193, 194, 195, 199, 200]
x_198: [4, 5, 6, 7, 11, 12, 13, 14, 18, 19, 20, 21, 25, 26, 27, 28, 32, 33, 34, 35, 39, 40, 41, 42, 46, 47, 48, 49, 53, 54, 55, 56, 60, 61, 62, 63, 67, 68, 69, 70, 74, 75, 76, 77, 81, 82, 83, 84, 88, 89, 90, 91, 95, 96, 97, 98, 102, 103, 104, 105, 109, 110, 111, 112, 116, 117, 118, 119, 123, 124, 125, 126, 130, 131, 132, 133, 137, 138, 139, 140, 144, 145, 146, 147, 151, 152, 153, 154, 158, 159, 160, 161, 165, 166, 167, 168, 172, 173, 174, 175, 179, 180, 181, 182, 186, 187, 188, 189, 193, 194, 195, 196, 200]
x_199: [1, 5, 6, 7, 8, 12, 13, 14, 15, 19, 20, 21, 22, 26, 27, 28, 29, 33, 34, 35, 36, 40, 41, 42, 43, 47, 48, 49, 50, 54, 55, 56, 57, 61, 62, 63, 64, 68, 69, 70, 71, 75, 76, 77, 78, 82, 83, 84, 85, 89, 90, 91, 92, 96, 97, 98, 99, 103, 104, 105, 106, 110, 111, 112, 113, 117, 118, 119, 120, 124, 125, 126, 127, 131, 132, 133, 134, 138, 139, 140, 141, 145, 146, 147, 148, 152, 153, 154, 155, 159, 160, 161, 162, 166, 167, 168, 169, 173, 174, 175, 176, 180, 181, 182, 183, 187, 188, 189, 190, 194, 195, 196, 197]
x_200: [1, 2, 6, 7, 8, 9, 13, 14, 15, 16, 20, 21, 22, 23, 27, 28, 29, 30, 34, 35, 36, 37, 41, 42, 43, 44, 48, 49, 50, 51, 55, 56, 57, 58, 62, 63, 64, 65, 69, 70, 71, 72, 76, 77, 78, 79, 83, 84, 85, 86, 90, 91, 92, 93, 97, 98, 99, 100, 104, 105, 106, 107, 111, 112, 113, 114, 118, 119, 120, 121, 125, 126, 127, 128, 132, 133, 134, 135, 139, 140, 141, 142, 146, 147, 148, 149, 153, 154, 155, 156, 160, 161, 162, 163, 167, 168, 169, 170, 174, 175, 176, 177, 181, 182, 183, 184, 188, 189, 190, 191, 195, 196, 197, 198]