1024
1 1 1 1 1 1 1 1 1 1 1 1 1 1 1 1 1 1 1 1 1 1 1 1 1 1 1 1 1 1 1 1 1 1 1 1 1 1 1 1 1 1 1 1 1 1 1 1 1 1 1 1 1 1 1 1 1 1 1 1 1 1 1 1 1 1 1 1 1 1 1 1 1 1 1 1 1 1 1 1 1 1 1 1 1 1 1 1 1 1 1 1 1 1 1 1 1 1 1 1 1 1 1 1 1 1 1 1 1 1 1 1 1 1 1 1 1 1 1 1 1 1 1 1 1 1 1 1 1 1 1 1 1 1 1 1 1 1 1 1 1 1 1 1 1 1 1 1 1 1 1 1 1 1 1 1 1 1 1 1 1 1 1 1 1 1 1 1 1 1 1 1 1 1 1 1 1 1 1 1 1 1 1 1 1 1 1 1 1 1 1 1 1 1 1 1 1 1 1 1 1 1 1 1 1 1 1 1 1 1 1 1 1 1 1 1 1 1 1 1 1 1 1 1 1 1 1 1 1 1 1 1 1 1 1 1 1 1 1 1 1 1 1 1 1 1 1 1 1 1 1 1 1 1 1 1 1 1 1 1 1 1 1 1 1 1 1 1 1 1 1 1 1 1 1 1 1 1 1 1 1 1 1 1 1 1 1 1 1 1 1 1 1 1 1 1 1 1 1 1 1 1 1 1 1 1 1 1 1 1 1 1 1 1 1 1 1 1 1 1 1 1 1 1 1 1 1 1 1 1 1 1 1 1 1 1 1 1 1 1 1 1 1 1 1 1 1 1 1 1 1 1 1 1 1 1 1 1 1 1 1 1 1 1 1 1 1 1 1 1 1 1 1 1 1 1 1 1 1 1 1 1 1 1 1 1 1 1 1 1 1 1 1 1 1 1 1 1 1 1 1 1 1 1 1 1 1 1 1 1 1 1 1 1 1 1 1 1 1 1 1 1 1 1 1 1 1 1 1 1 1 1 1 1 1 1 1 1 1 1 1 1 1 1 1 1 1 1 1 1 1 1 1 1 1 1 1 1 1 1 1 1 1 1 1 1 1 1 1 1 1 1 1 1 1 1 1 1 1 1 1 1 1 1 1 1 1 1 1 1 1 1 1 1 1 1 1 1 1 1 1 1 1 1 1 1 1 1 1 1 1 1 1 1 1 1 1 1 1 1 1 1 1 1 1 1 1 1 1 1 1 1 1 1 1 1 1 1 1 1 1 1 1 1 1 1 1 1 1 1 1 1 1 1 1 1 1 1 1 1 1 1 1 1 1 1 1 1 1 1 1 1 1 1 1 1 1 1 1 1 1 1 1 1 1 1 1 1 1 1 1 1 1 1 1 1 1 1 1 1 1 1 1 1 1 1 1 1 1 1 1 1 1 1 1 1 1 1 1 1 1 1 1 1 1 1 1 1 1 1 1 1 1 1 1 1 1 1 1 1 1 1 1 1 1 1 1 1 1 1 1 1 1 1 1 1 1 1 1 1 1 1 1 1 1 1 1 1 1 1 1 1 1 1 1 1 1 1 1 1 1 1 1 1 1 1 1 1 1 1 1 1 1 1 1 1 1 1 1 1 1 1 1 1 1 1 1 1 1 1 1 1 1 1 1 1 1 1 1 1 1 1 1 1 1 1 1 1 1 1 1 1 1 1 1 1 1 1 1 1 1 1 1 1 1 1 1 1 1 1 1 1 1 1 1 1 1 1 1 1 1 1 1 1 1 1 1 1 1 1 1 1 1 1 1 1 1 1 1 1 1 1 1 1 1 1 1 1 1 1 1 1 1 1 1 1 1 1 1 1 1 1 1 1 1 1 1 1 1 1 1 1 1 1 1 1 1 1 1 1 1 1 1 1 1 1 1 1 1 1 1 1 1 1 1 1 1 1 1 1 1 1 1 1 1 1 1 1 1 1 1 1 1 1 1 1 1 1 1 1 1 1 1 1 1 1 1 1 1 1 1 1 1 1 1 1 1 1 1 1 1 1 1 1 1 1 1 1 1 1 1 1 1 1 1 1 1 1 1 1 1 1 1 1 1 1 1 1 1 1 1 1 1 1 1 1 1 1 1 1 1 1 1 1 1 1 1 1 1 1 1 1 1 1 1 1 1 1 1 1 1 1 1 1 1 1 1 1 1 1 1 1 1 1 1 1 1 1 1 1 1 1 1 1 1 1 1 1 1 1 1 1 1 1 1 1 1 1 1 1 1 1 1 1 1 1 1 1 1 1 1 1 1 1 1 1 1 1 1 1 1 1 1 1 1 1 1 1 1 1 1 1 1 1 1 1 1 1 1 1 1 1 1 1
x_1: [2, 3, 4, 5, 6, 7, 8, 9, 10, 11, 12, 13, 14, 15, 17, 18, 19, 20, 21, 22, 23, 25, 26, 27, 29, 33, 34, 35, 36, 37, 38, 39, 41, 42, 43, 45, 49, 50, 51, 53, 57, 65, 66, 67, 68, 69, 70, 71, 73, 74, 75, 77, 81, 82, 83, 85, 89, 97, 98, 99, 101, 105, 113, 129, 130, 131, 132, 133, 134, 135, 137, 138, 139, 141, 145, 146, 147, 149, 153, 161, 162, 163, 165, 169, 177, 193, 194, 195, 197, 201, 209, 225, 257, 258, 259, 260, 261, 262, 263, 265, 266, 267, 269, 273, 274, 275, 277, 281, 289, 290, 291, 293, 297, 305, 321, 322, 323, 325, 329, 337, 353, 385, 386, 387, 389, 393, 401, 417, 449, 513, 514, 515, 516, 517, 518, 519, 521, 522, 523, 525, 529, 530, 531, 533, 537, 545, 546, 547, 549, 553, 561, 577, 578, 579, 581, 585, 593, 609, 641, 642, 643, 645, 649, 657, 673, 705, 769, 770, 771, 773, 777, 785, 801, 833, 897]
x_2: [1, 3, 4, 5, 6, 7, 8, 9, 10, 11, 12, 13, 14, 16, 17, 18, 19, 20, 21, 22, 24, 25, 26, 28, 30, 33, 34, 35, 36, 37, 38, 40, 41, 42, 44, 46, 49, 50, 52, 54, 58, 65, 66, 67, 68, 69, 70, 72, 73, 74, 76, 78, 81, 82, 84, 86, 90, 97, 98, 100, 102, 106, 114, 129, 130, 131, 132, 133, 134, 136, 137, 138, 140, 142, 145, 146, 148, 150, 154, 161, 162, 164, 166, 170, 178, 193, 194, 196, 198, 202, 210, 226, 257, 258, 259, 260, 261, 262, 264, 265, 266, 268, 270, 273, 274, 276, 278, 282, 289, 290, 292, 294, 298, 306, 321, 322, 324, 326, 330, 338, 354, 385, 386, 388, 390, 394, 402, 418, 450, 513, 514, 515, 516, 517, 518, 520, 521, 522, 524, 526, 529, 530, 532, 534, 538, 545, 546, 548, 550, 554, 562, 577, 578, 580, 582, 586, 594, 610, 641, 642, 644, 646, 650, 658, 674, 706, 769, 770, 772, 774, 778, 786, 802, 834, 898]
x_3: [1, 2, 4, 5, 6, 7, 8, 9, 10, 11, 12, 13, 15, 16, 17, 18, 19, 20, 21, 23, 24, 25, 27, 28, 31, 33, 34, 35, 36, 37, 39, 40, 41, 43, 44, 47, 49, 51, 52, 55, 59, 65, 66, 67, 68, 69, 71, 72, 73, 75, 76, 79, 81, 83, 84, 87, 91, 97, 99, 100, 103, 107, 115, 129, 130, 131, 132, 133, 135, 136, 137, 139, 140, 143, 145, 147, 148, 151, 155, 161, 163, 164, 167, 171, 179, 193, 195, 196, 199, 203, 211, 227, 257, 258, 259, 260, 261, 263, 264, 265, 267, 268, 271, 273, 275, 276, 279, 283, 289, 291, 292, 295, 299, 307, 321, 323, 324, 327, 331, 339, 355, 385, 387, 388, 391, 395, 403, 419, 451, 513, 514, 515, 516, 517, 519, 520, 521, 523, 524, 527, 529, 531, 532, 535, 539, 545, 547, 548, 551, 555, 563, 577, 579, 580, 583, 587, 595, 611, 641, 643, 644, 647, 651, 659, 675, 707, 769, 771, 772, 775, 779, 787, 803, 835, 899]
x_4: [1, 2, 3, 5, 6, 7, 8, 9, 10, 11, 12, 14, 15, 16, 17, 18, 19, 20, 22, 23, 24, 26, 27, 28, 32, 33, 34, 35, 36, 38, 39, 40, 42, 43, 44, 48, 50, 51, 52, 56, 60, 65, 66, 67, 68, 70, 71, 72, 74, 75, 76, 80, 82, 83, 84, 88, 92, 98, 99, 100, 104, 108, 116, 129, 130, 131, 132, 134, 135, 136, 138, 139, 140, 144, 146, 147, 148, 152, 156, 162, 163, 164, 168, 172, 180, 194, 195, 196, 200, 204, 212, 228, 257, 258, 259, 260, 262, 263, 264, 266, 267, 268, 272, 274, 275, 276, 280, 284, 290, 291, 292, 296, 300, 308, 322, 323, 324, 328, 332, 340, 356, 386, 387, 388, 392, 396, 404, 420, 452, 513, 514, 515, 516, 518, 519, 520, 522, 523, 524, 528, 530, 531, 532, 536, 540, 546, 547, 548, 552, 556, 564, 578, 579, 580, 584, 588, 596, 612, 642, 643, 644, 648, 652, 660, 676, 708, 770, 771, 772, 776, 780, 788, 804, 836, 900]
x_5: [1, 2, 3, 4, 6, 7, 8, 9, 10, 11, 13, 14, 15, 16, 17, 18, 19, 21, 22, 23, 24, 25, 29, 30, 31, 33, 34, 35, 37, 38, 39, 40, 41, 45, 46, 47, 49, 53, 54, 55, 61, 65, 66, 67, 69, 70, 71, 72, 73, 77, 78, 79, 81, 85, 86, 87, 93, 97, 101, 102, 103, 109, 117, 129, 130, 131, 133, 134, 135, 136, 137, 141, 142, 143, 145, 149, 150, 151, 157, 161, 165, 166, 167, 173, 181, 193, 197, 198, 199, 205, 213, 229, 257, 258, 259, 261, 262, 263, 264, 265, 269, 270, 271, 273, 277, 278, 279, 285, 289, 293, 294, 295, 301, 309, 321, 325, 326, 327, 333, 341, 357, 385, 389, 390, 391, 397, 405, 421, 453, 513, 514, 515, 517, 518, 519, 520, 521, 525, 526, 527, 529, 533, 534, 535, 541, 545, 549, 550, 551, 557, 565, 577, 581, 582, 583, 589, 597, 613, 641, 645, 646, 647, 653, 661, 677, 709, 769, 773, 774, 775, 781, 789, 805, 837, 901]
x_6: [1, 2, 3, 4, 5, 7, 8, 9, 10, 12, 13, 14, 15, 16, 17, 18, 20, 21, 22, 23, 24, 26, 29, 30, 32, 33, 34, 36, 37, 38, 39, 40, 42, 45, 46, 48, 50, 53, 54, 56, 62, 65, 66, 68, 69, 70, 71, 72, 74, 77, 78, 80, 82, 85, 86, 88, 94, 98, 101, 102, 104, 110, 118, 129, 130, 132, 133, 134, 135, 136, 138, 141, 142, 144, 146, 149, 150, 152, 158, 162, 165, 166, 168, 174, 182, 194, 197, 198, 200, 206, 214, 230, 257, 258, 260, 261, 262, 263, 264, 266, 269, 270, 272, 274, 277, 278, 280, 286, 290, 293, 294, 296, 302, 310, 322, 325, 326, 328, 334, 342, 358, 386, 389, 390, 392, 398, 406, 422, 454, 513, 514, 516, 517, 518, 519, 520, 522, 525, 526, 528, 530, 533, 534, 536, 542, 546, 549, 550, 552, 558, 566, 578, 581, 582, 584, 590, 598, 614, 642, 645, 646, 648, 654, 662, 678, 710, 770, 773, 774, 776, 782, 790, 806, 838, 902]
x_7: [1, 2, 3, 4, 5, 6, 8, 9, 11, 12, 13, 14, 15, 16, 17, 19, 20, 21, 22, 23, 24, 27, 29, 31, 32, 33, 35, 36, 37, 38, 39, 40, 43, 45, 47, 48, 51, 53, 55, 56, 63, 65, 67, 68, 69, 70, 71, 72, 75, 77, 79, 80, 83, 85, 87, 88, 95, 99, 101, 103, 104, 111, 119, 129, 131, 132, 133, 134, 135, 136, 139, 141, 143, 144, 147, 149, 151, 152, 159, 163, 165, 167, 168, 175, 183, 195, 197, 199, 200, 207, 215, 231, 257, 259, 260, 261, 262, 263, 264, 267, 269, 271, 272, 275, 277, 279, 280, 287, 291, 293, 295, 296, 303, 311, 323, 325, 327, 328, 335, 343, 359, 387, 389, 391, 392, 399, 407, 423, 455, 513, 515, 516, 517, 518, 519, 520, 523, 525, 527, 528, 531, 533, 535, 536, 543, 547, 549, 551, 552, 559, 567, 579, 581, 583, 584, 591, 599, 615, 643, 645, 647, 648, 655, 663, 679, 711, 771, 773, 775, 776, 783, 791, 807, 839, 903]
x_8: [1, 2, 3, 4, 5, 6, 7, 10, 11, 12, 13, 14, 15, 16, 18, 19, 20, 21, 22, 23, 24, 28, 30, 31, 32, 34, 35, 36, 37, 38, 39, 40, 44, 46, 47, 48, 52, 54, 55, 56, 64, 66, 67, 68, 69, 70, 71, 72, 76, 78, 79, 80, 84, 86, 87, 88, 96, 100, 102, 103, 104, 112, 120, 130, 131, 132, 133, 134, 135, 136, 140, 142, 143, 144, 148, 150, 151, 152, 160, 164, 166, 167, 168, 176, 184, 196, 198, 199, 200, 208, 216, 232, 258, 259, 260, 261, 262, 263, 264, 268, 270, 271, 272, 276, 278, 279, 280, 288, 292, 294, 295, 296, 304, 312, 324, 326, 327, 328, 336, 344, 360, 388, 390, 391, 392, 400, 408, 424, 456, 514, 515, 516, 517, 518, 519, 520, 524, 526, 527, 528, 532, 534, 535, 536, 544, 548, 550, 551, 552, 560, 568, 580, 582, 583, 584, 592, 600, 616, 644, 646, 647, 648, 656, 664, 680, 712, 772, 774, 775, 776, 784, 792, 808, 840, 904]
x_9: [1, 2, 3, 4, 5, 6, 7, 10, 11, 12, 13, 14, 15, 16, 17, 18, 19, 21, 25, 26, 27, 28, 29, 30, 31, 33, 34, 35, 37, 41, 42, 43, 44, 45, 46, 47, 49, 57, 58, 59, 61, 65, 66, 67, 69, 73, 74, 75, 76, 77, 78, 79, 81, 89, 90, 91, 93, 97, 105, 106, 107, 109, 121, 129, 130, 131, 133, 137, 138, 139, 140, 141, 142, 143, 145, 153, 154, 155, 157, 161, 169, 170, 171, 173, 185, 193, 201, 202, 203, 205, 217, 233, 257, 258, 259, 261, 265, 266, 267, 268, 269, 270, 271, 273, 281, 282, 283, 285, 289, 297, 298, 299, 301, 313, 321, 329, 330, 331, 333, 345, 361, 385, 393, 394, 395, 397, 409, 425, 457, 513, 514, 515, 517, 521, 522, 523, 524, 525, 526, 527, 529, 537, 538, 539, 541, 545, 553, 554, 555, 557, 569, 577, 585, 586, 587, 589, 601, 617, 641, 649, 650, 651, 653, 665, 681, 713, 769, 777, 778, 779, 781, 793, 809, 841, 905]
x_10: [1, 2, 3, 4, 5, 6, 8, 9, 11, 12, 13, 14, 15, 16, 17, 18, 20, 22, 25, 26, 27, 28, 29, 30, 32, 33, 34, 36, 38, 41, 42, 43, 44, 45, 46, 48, 50, 57, 58, 60, 62, 65, 66, 68, 70, 73, 74, 75, 76, 77, 78, 80, 82, 89, 90, 92, 94, 98, 105, 106, 108, 110, 122, 129, 130, 132, 134, 137, 138, 139, 140, 141, 142, 144, 146, 153, 154, 156, 158, 162, 169, 170, 172, 174, 186, 194, 201, 202, 204, 206, 218, 234, 257, 258, 260, 262, 265, 266, 267, 268, 269, 270, 272, 274, 281, 282, 284, 286, 290, 297, 298, 300, 302, 314, 322, 329, 330, 332, 334, 346, 362, 386, 393, 394, 396, 398, 410, 426, 458, 513, 514, 516, 518, 521, 522, 523, 524, 525, 526, 528, 530, 537, 538, 540, 542, 546, 553, 554, 556, 558, 570, 578, 585, 586, 588, 590, 602, 618, 642, 649, 650, 652, 654, 666, 682, 714, 770, 777, 778, 780, 782, 794, 810, 842, 906]
x_11: [1, 2, 3, 4, 5, 7, 8, 9, 10, 12, 13, 14, 15, 16, 17, 19, 20, 23, 25, 26, 27, 28, 29, 31, 32, 33, 35, 36, 39, 41, 42, 43, 44, 45, 47, 48, 51, 57, 59, 60, 63, 65, 67, 68, 71, 73, 74, 75, 76, 77, 79, 80, 83, 89, 91, 92, 95, 99, 105, 107, 108, 111, 123, 129, 131, 132, 135, 137, 138, 139, 140, 141, 143, 144, 147, 153, 155, 156, 159, 163, 169, 171, 172, 175, 187, 195, 201, 203, 204, 207, 219, 235, 257, 259, 260, 263, 265, 266, 267, 268, 269, 271, 272, 275, 281, 283, 284, 287, 291, 297, 299, 300, 303, 315, 323, 329, 331, 332, 335, 347, 363, 387, 393, 395, 396, 399, 411, 427, 459, 513, 515, 516, 519, 521, 522, 523, 524, 525, 527, 528, 531, 537, 539, 540, 543, 547, 553, 555, 556, 559, 571, 579, 585, 587, 588, 591, 603, 619, 643, 649, 651, 652, 655, 667, 683, 715, 771, 777, 779, 780, 783, 795, 811, 843, 907]
x_12: [1, 2, 3, 4, 6, 7, 8, 9, 10, 11, 13, 14, 15, 16, 18, 19, 20, 24, 25, 26, 27, 28, 30, 31, 32, 34, 35, 36, 40, 41, 42, 43, 44, 46, 47, 48, 52, 58, 59, 60, 64, 66, 67, 68, 72, 73, 74, 75, 76, 78, 79, 80, 84, 90, 91, 92, 96, 100, 106, 107, 108, 112, 124, 130, 131, 132, 136, 137, 138, 139, 140, 142, 143, 144, 148, 154, 155, 156, 160, 164, 170, 171, 172, 176, 188, 196, 202, 203, 204, 208, 220, 236, 258, 259, 260, 264, 265, 266, 267, 268, 270, 271, 272, 276, 282, 283, 284, 288, 292, 298, 299, 300, 304, 316, 324, 330, 331, 332, 336, 348, 364, 388, 394, 395, 396, 400, 412, 428, 460, 514, 515, 516, 520, 521, 522, 523, 524, 526, 527, 528, 532, 538, 539, 540, 544, 548, 554, 555, 556, 560, 572, 580, 586, 587, 588, 592, 604, 620, 644, 650, 651, 652, 656, 668, 684, 716, 772, 778, 779, 780, 784, 796, 812, 844, 908]
x_13: [1, 2, 3, 5, 6, 7, 8, 9, 10, 11, 12, 14, 15, 16, 17, 21, 22, 23, 25, 26, 27, 29, 30, 31, 32, 33, 37, 38, 39, 41, 42, 43, 45, 46, 47, 48, 53, 57, 61, 62, 63, 65, 69, 70, 71, 73, 74, 75, 77, 78, 79, 80, 85, 89, 93, 94, 95, 101, 105, 109, 110, 111, 125, 129, 133, 134, 135, 137, 138, 139, 141, 142, 143, 144, 149, 153, 157, 158, 159, 165, 169, 173, 174, 175, 189, 197, 201, 205, 206, 207, 221, 237, 257, 261, 262, 263, 265, 266, 267, 269, 270, 271, 272, 277, 281, 285, 286, 287, 293, 297, 301, 302, 303, 317, 325, 329, 333, 334, 335, 349, 365, 389, 393, 397, 398, 399, 413, 429, 461, 513, 517, 518, 519, 521, 522, 523, 525, 526, 527, 528, 533, 537, 541, 542, 543, 549, 553, 557, 558, 559, 573, 581, 585, 589, 590, 591, 605, 621, 645, 649, 653, 654, 655, 669, 685, 717, 773, 777, 781, 782, 783, 797, 813, 845, 909]
x_14: [1, 2, 4, 5, 6, 7, 8, 9, 10, 11, 12, 13, 15, 16, 18, 21, 22, 24, 25, 26, 28, 29, 30, 31, 32, 34, 37, 38, 40, 41, 42, 44, 45, 46, 47, 48, 54, 58, 61, 62, 64, 66, 69, 70, 72, 73, 74, 76, 77, 78, 79, 80, 86, 90, 93, 94, 96, 102, 106, 109, 110, 112, 126, 130, 133, 134, 136, 137, 138, 140, 141, 142, 143, 144, 150, 154, 157, 158, 160, 166, 170, 173, 174, 176, 190, 198, 202, 205, 206, 208, 222, 238, 258, 261, 262, 264, 265, 266, 268, 269, 270, 271, 272, 278, 282, 285, 286, 288, 294, 298, 301, 302, 304, 318, 326, 330, 333, 334, 336, 350, 366, 390, 394, 397, 398, 400, 414, 430, 462, 514, 517, 518, 520, 521, 522, 524, 525, 526, 527, 528, 534, 538, 541, 542, 544, 550, 554, 557, 558, 560, 574, 582, 586, 589, 590, 592, 606, 622, 646, 650, 653, 654, 656, 670, 686, 718, 774, 778, 781, 782, 784, 798, 814, 846, 910]
x_15: [1, 3, 4, 5, 6, 7, 8, 9, 10, 11, 12, 13, 14, 16, 19, 21, 23, 24, 25, 27, 28, 29, 30, 31, 32, 35, 37, 39, 40, 41, 43, 44, 45, 46, 47, 48, 55, 59, 61, 63, 64, 67, 69, 71, 72, 73, 75, 76, 77, 78, 79, 80, 87, 91, 93, 95, 96, 103, 107, 109, 111, 112, 127, 131, 133, 135, 136, 137, 139, 140, 141, 142, 143, 144, 151, 155, 157, 159, 160, 167, 171, 173, 175, 176, 191, 199, 203, 205, 207, 208, 223, 239, 259, 261, 263, 264, 265, 267, 268, 269, 270, 271, 272, 279, 283, 285, 287, 288, 295, 299, 301, 303, 304, 319, 327, 331, 333, 335, 336, 351, 367, 391, 395, 397, 399, 400, 415, 431, 463, 515, 517, 519, 520, 521, 523, 524, 525, 526, 527, 528, 535, 539, 541, 543, 544, 551, 555, 557, 559, 560, 575, 583, 587, 589, 591, 592, 607, 623, 647, 651, 653, 655, 656, 671, 687, 719, 775, 779, 781, 783, 784, 799, 815, 847, 911]
x_16: [2, 3, 4, 5, 6, 7, 8, 9, 10, 11, 12, 13, 14, 15, 20, 22, 23, 24, 26, 27, 28, 29, 30, 31, 32, 36, 38, 39, 40, 42, 43, 44, 45, 46, 47, 48, 56, 60, 62, 63, 64, 68, 70, 71, 72, 74, 75, 76, 77, 78, 79, 80, 88, 92, 94, 95, 96, 104, 108, 110, 111, 112, 128, 132, 134, 135, 136, 138, 139, 140, 141, 142, 143, 144, 152, 156, 158, 159, 160, 168, 172, 174, 175, 176, 192, 200, 204, 206, 207, 208, 224, 240, 260, 262, 263, 264, 266, 267, 268, 269, 270, 271, 272, 280, 284, 286, 287, 288, 296, 300, 302, 303, 304, 320, 328, 332, 334, 335, 336, 352, 368, 392, 396, 398, 399, 400, 416, 432, 464, 516, 518, 519, 520, 522, 523, 524, 525, 526, 527, 528, 536, 540, 542, 543, 544, 552, 556, 558, 559, 560, 576, 584, 588, 590, 591, 592, 608, 624, 648, 652, 654, 655, 656, 672, 688, 720, 776, 780, 782, 783, 784, 800, 816, 848, 912]
x_17: [1, 2, 3, 4, 5, 6, 7, 9, 10, 11, 13, 18, 19, 20, 21, 22, 23, 24, 25, 26, 27, 28, 29, 30, 31, 33, 34, 35, 37, 41, 49, 50, 51, 52, 53, 54, 55, 57, 58, 59, 61, 65, 66, 67, 69, 73, 81, 82, 83, 84, 85, 86, 87, 89, 90, 91, 93, 97, 113, 114, 115, 117, 121, 129, 130, 131, 133, 137, 145, 146, 147, 148, 149, 150, 151, 153, 154, 155, 157, 161, 177, 178, 179, 181, 185, 193, 209, 210, 211, 213, 217, 241, 257, 258, 259, 261, 265, 273, 274, 275, 276, 277, 278, 279, 281, 282, 283, 285, 289, 305, 306, 307, 309, 313, 321, 337, 338, 339, 341, 345, 369, 385, 401, 402, 403, 405, 409, 433, 465, 513, 514, 515, 517, 521, 529, 530, 531, 532, 533, 534, 535, 537, 538, 539, 541, 545, 561, 562, 563, 565, 569, 577, 593, 594, 595, 597, 601, 625, 641, 657, 658, 659, 661, 665, 689, 721, 769, 785, 786, 787, 789, 793, 817, 849, 913]
x_18: [1, 2, 3, 4, 5, 6, 8, 9, 10, 12, 14, 17, 19, 20, 21, 22, 23, 24, 25, 26, 27, 28, 29, 30, 32, 33, 34, 36, 38, 42, 49, 50, 51, 52, 53, 54, 56, 57, 58, 60, 62, 65, 66, 68, 70, 74, 81, 82, 83, 84, 85, 86, 88, 89, 90, 92, 94, 98, 113, 114, 116, 118, 122, 129, 130, 132, 134, 138, 145, 146, 147, 148, 149, 150, 152, 153, 154, 156, 158, 162, 177, 178, 180, 182, 186, 194, 209, 210, 212, 214, 218, 242, 257, 258, 260, 262, 266, 273, 274, 275, 276, 277, 278, 280, 281, 282, 284, 286, 290, 305, 306, 308, 310, 314, 322, 337, 338, 340, 342, 346, 370, 386, 401, 402, 404, 406, 410, 434, 466, 513, 514, 516, 518, 522, 529, 530, 531, 532, 533, 534, 536, 537, 538, 540, 542, 546, 561, 562, 564, 566, 570, 578, 593, 594, 596, 598, 602, 626, 642, 657, 658, 660, 662, 666, 690, 722, 770, 785, 786, 788, 790, 794, 818, 850, 914]
x_19: [1, 2, 3, 4, 5, 7, 8, 9, 11, 12, 15, 17, 18, 20, 21, 22, 23, 24, 25, 26, 27, 28, 29, 31, 32, 33, 35, 36, 39, 43, 49, 50, 51, 52, 53, 55, 56, 57, 59, 60, 63, 65, 67, 68, 71, 75, 81, 82, 83, 84, 85, 87, 88, 89, 91, 92, 95, 99, 113, 115, 116, 119, 123, 129, 131, 132, 135, 139, 145, 146, 147, 148, 149, 151, 152, 153, 155, 156, 159, 163, 177, 179, 180, 183, 187, 195, 209, 211, 212, 215, 219, 243, 257, 259, 260, 263, 267, 273, 274, 275, 276, 277, 279, 280, 281, 283, 284, 287, 291, 305, 307, 308, 311, 315, 323, 337, 339, 340, 343, 347, 371, 387, 401, 403, 404, 407, 411, 435, 467, 513, 515, 516, 519, 523, 529, 530, 531, 532, 533, 535, 536, 537, 539, 540, 543, 547, 561, 563, 564, 567, 571, 579, 593, 595, 596, 599, 603, 627, 643, 657, 659, 660, 663, 667, 691, 723, 771, 785, 787, 788, 791, 795, 819, 851, 915]
x_20: [1, 2, 3, 4, 6, 7, 8, 10, 11, 12, 16, 17, 18, 19, 21, 22, 23, 24, 25, 26, 27, 28, 30, 31, 32, 34, 35, 36, 40, 44, 49, 50, 51, 52, 54, 55, 56, 58, 59, 60, 64, 66, 67, 68, 72, 76, 81, 82, 83, 84, 86, 87, 88, 90, 91, 92, 96, 100, 114, 115, 116, 120, 124, 130, 131, 132, 136, 140, 145, 146, 147, 148, 150, 151, 152, 154, 155, 156, 160, 164, 178, 179, 180, 184, 188, 196, 210, 211, 212, 216, 220, 244, 258, 259, 260, 264, 268, 273, 274, 275, 276, 278, 279, 280, 282, 283, 284, 288, 292, 306, 307, 308, 312, 316, 324, 338, 339, 340, 344, 348, 372, 388, 402, 403, 404, 408, 412, 436, 468, 514, 515, 516, 520, 524, 529, 530, 531, 532, 534, 535, 536, 538, 539, 540, 544, 548, 562, 563, 564, 568, 572, 580, 594, 595, 596, 600, 604, 628, 644, 658, 659, 660, 664, 668, 692, 724, 772, 786, 787, 788, 792, 796, 820, 852, 916]
x_21: [1, 2, 3, 5, 6, 7, 8, 9, 13, 14, 15, 17, 18, 19, 20, 22, 23, 24, 25, 26, 27, 29, 30, 31, 32, 33, 37, 38, 39, 45, 49, 50, 51, 53, 54, 55, 56, 57, 61, 62, 63, 65, 69, 70, 71, 77, 81, 82, 83, 85, 86, 87, 88, 89, 93, 94, 95, 101, 113, 117, 118, 119, 125, 129, 133, 134, 135, 141, 145, 146, 147, 149, 150, 151, 152, 153, 157, 158, 159, 165, 177, 181, 182, 183, 189, 197, 209, 213, 214, 215, 221, 245, 257, 261, 262, 263, 269, 273, 274, 275, 277, 278, 279, 280, 281, 285, 286, 287, 293, 305, 309, 310, 311, 317, 325, 337, 341, 342, 343, 349, 373, 389, 401, 405, 406, 407, 413, 437, 469, 513, 517, 518, 519, 525, 529, 530, 531, 533, 534, 535, 536, 537, 541, 542, 543, 549, 561, 565, 566, 567, 573, 581, 593, 597, 598, 599, 605, 629, 645, 657, 661, 662, 663, 669, 693, 725, 773, 785, 789, 790, 791, 797, 821, 853, 917]
x_22: [1, 2, 4, 5, 6, 7, 8, 10, 13, 14, 16, 17, 18, 19, 20, 21, 23, 24, 25, 26, 28, 29, 30, 31, 32, 34, 37, 38, 40, 46, 49, 50, 52, 53, 54, 55, 56, 58, 61, 62, 64, 66, 69, 70, 72, 78, 81, 82, 84, 85, 86, 87, 88, 90, 93, 94, 96, 102, 114, 117, 118, 120, 126, 130, 133, 134, 136, 142, 145, 146, 148, 149, 150, 151, 152, 154, 157, 158, 160, 166, 178, 181, 182, 184, 190, 198, 210, 213, 214, 216, 222, 246, 258, 261, 262, 264, 270, 273, 274, 276, 277, 278, 279, 280, 282, 285, 286, 288, 294, 306, 309, 310, 312, 318, 326, 338, 341, 342, 344, 350, 374, 390, 402, 405, 406, 408, 414, 438, 470, 514, 517, 518, 520, 526, 529, 530, 532, 533, 534, 535, 536, 538, 541, 542, 544, 550, 562, 565, 566, 568, 574, 582, 594, 597, 598, 600, 606, 630, 646, 658, 661, 662, 664, 670, 694, 726, 774, 786, 789, 790, 792, 798, 822, 854, 918]
x_23: [1, 3, 4, 5, 6, 7, 8, 11, 13, 15, 16, 17, 18, 19, 20, 21, 22, 24, 25, 27, 28, 29, 30, 31, 32, 35, 37, 39, 40, 47, 49, 51, 52, 53, 54, 55, 56, 59, 61, 63, 64, 67, 69, 71, 72, 79, 81, 83, 84, 85, 86, 87, 88, 91, 93, 95, 96, 103, 115, 117, 119, 120, 127, 131, 133, 135, 136, 143, 145, 147, 148, 149, 150, 151, 152, 155, 157, 159, 160, 167, 179, 181, 183, 184, 191, 199, 211, 213, 215, 216, 223, 247, 259, 261, 263, 264, 271, 273, 275, 276, 277, 278, 279, 280, 283, 285, 287, 288, 295, 307, 309, 311, 312, 319, 327, 339, 341, 343, 344, 351, 375, 391, 403, 405, 407, 408, 415, 439, 471, 515, 517, 519, 520, 527, 529, 531, 532, 533, 534, 535, 536, 539, 541, 543, 544, 551, 563, 565, 567, 568, 575, 583, 595, 597, 599, 600, 607, 631, 647, 659, 661, 663, 664, 671, 695, 727, 775, 787, 789, 791, 792, 799, 823, 855, 919]
x_24: [2, 3, 4, 5, 6, 7, 8, 12, 14, 15, 16, 17, 18, 19, 20, 21, 22, 23, 26, 27, 28, 29, 30, 31, 32, 36, 38, 39, 40, 48, 50, 51, 52, 53, 54, 55, 56, 60, 62, 63, 64, 68, 70, 71, 72, 80, 82, 83, 84, 85, 86, 87, 88, 92, 94, 95, 96, 104, 116, 118, 119, 120, 128, 132, 134, 135, 136, 144, 146, 147, 148, 149, 150, 151, 152, 156, 158, 159, 160, 168, 180, 182, 183, 184, 192, 200, 212, 214, 215, 216, 224, 248, 260, 262, 263, 264, 272, 274, 275, 276, 277, 278, 279, 280, 284, 286, 287, 288, 296, 308, 310, 311, 312, 320, 328, 340, 342, 343, 344, 352, 376, 392, 404, 406, 407, 408, 416, 440, 472, 516, 518, 519, 520, 528, 530, 531, 532, 533, 534, 535, 536, 540, 542, 543, 544, 552, 564, 566, 567, 568, 576, 584, 596, 598, 599, 600, 608, 632, 648, 660, 662, 663, 664, 672, 696, 728, 776, 788, 790, 791, 792, 800, 824, 856, 920]
x_25: [1, 2, 3, 5, 9, 10, 11, 12, 13, 14, 15, 17, 18, 19, 20, 21, 22, 23, 26, 27, 28, 29, 30, 31, 32, 33, 41, 42, 43, 45, 49, 50, 51, 53, 57, 58, 59, 60, 61, 62, 63, 65, 73, 74, 75, 77, 81, 82, 83, 85, 89, 90, 91, 92, 93, 94, 95, 105, 113, 121, 122, 123, 125, 129, 137, 138, 139, 141, 145, 146, 147, 149, 153, 154, 155, 156, 157, 158, 159, 169, 177, 185, 186, 187, 189, 201, 209, 217, 218, 219, 221, 249, 257, 265, 266, 267, 269, 273, 274, 275, 277, 281, 282, 283, 284, 285, 286, 287, 297, 305, 313, 314, 315, 317, 329, 337, 345, 346, 347, 349, 377, 393, 401, 409, 410, 411, 413, 441, 473, 513, 521, 522, 523, 525, 529, 530, 531, 533, 537, 538, 539, 540, 541, 542, 543, 553, 561, 569, 570, 571, 573, 585, 593, 601, 602, 603, 605, 633, 649, 657, 665, 666, 667, 669, 697, 729, 777, 785, 793, 794, 795, 797, 825, 857, 921]
x_26: [1, 2, 4, 6, 9, 10, 11, 12, 13, 14, 16, 17, 18, 19, 20, 21, 22, 24, 25, 27, 28, 29, 30, 31, 32, 34, 41, 42, 44, 46, 49, 50, 52, 54, 57, 58, 59, 60, 61, 62, 64, 66, 73, 74, 76, 78, 81, 82, 84, 86, 89, 90, 91, 92, 93, 94, 96, 106, 114, 121, 122, 124, 126, 130, 137, 138, 140, 142, 145, 146, 148, 150, 153, 154, 155, 156, 157, 158, 160, 170, 178, 185, 186, 188, 190, 202, 210, 217, 218, 220, 222, 250, 258, 265, 266, 268, 270, 273, 274, 276, 278, 281, 282, 283, 284, 285, 286, 288, 298, 306, 313, 314, 316, 318, 330, 338, 345, 346, 348, 350, 378, 394, 402, 409, 410, 412, 414, 442, 474, 514, 521, 522, 524, 526, 529, 530, 532, 534, 537, 538, 539, 540, 541, 542, 544, 554, 562, 569, 570, 572, 574, 586, 594, 601, 602, 604, 606, 634, 650, 658, 665, 666, 668, 670, 698, 730, 778, 786, 793, 794, 796, 798, 826, 858, 922]
x_27: [1, 3, 4, 7, 9, 10, 11, 12, 13, 15, 16, 17, 18, 19, 20, 21, 23, 24, 25, 26, 28, 29, 30, 31, 32, 35, 41, 43, 44, 47, 49, 51, 52, 55, 57, 58, 59, 60, 61, 63, 64, 67, 73, 75, 76, 79, 81, 83, 84, 87, 89, 90, 91, 92, 93, 95, 96, 107, 115, 121, 123, 124, 127, 131, 137, 139, 140, 143, 145, 147, 148, 151, 153, 154, 155, 156, 157, 159, 160, 171, 179, 185, 187, 188, 191, 203, 211, 217, 219, 220, 223, 251, 259, 265, 267, 268, 271, 273, 275, 276, 279, 281, 282, 283, 284, 285, 287, 288, 299, 307, 313, 315, 316, 319, 331, 339, 345, 347, 348, 351, 379, 395, 403, 409, 411, 412, 415, 443, 475, 515, 521, 523, 524, 527, 529, 531, 532, 535, 537, 538, 539, 540, 541, 543, 544, 555, 563, 569, 571, 572, 575, 587, 595, 601, 603, 604, 607, 635, 651, 659, 665, 667, 668, 671, 699, 731, 779, 787, 793, 795, 796, 799, 827, 859, 923]
x_28: [2, 3, 4, 8, 9, 10, 11, 12, 14, 15, 16, 17, 18, 19, 20, 22, 23, 24, 25, 26, 27, 29, 30, 31, 32, 36, 42, 43, 44, 48, 50, 51, 52, 56, 57, 58, 59, 60, 62, 63, 64, 68, 74, 75, 76, 80, 82, 83, 84, 88, 89, 90, 91, 92, 94, 95, 96, 108, 116, 122, 123, 124, 128, 132, 138, 139, 140, 144, 146, 147, 148, 152, 153, 154, 155, 156, 158, 159, 160, 172, 180, 186, 187, 188, 192, 204, 212, 218, 219, 220, 224, 252, 260, 266, 267, 268, 272, 274, 275, 276, 280, 281, 282, 283, 284, 286, 287, 288, 300, 308, 314, 315, 316, 320, 332, 340, 346, 347, 348, 352, 380, 396, 404, 410, 411, 412, 416, 444, 476, 516, 522, 523, 524, 528, 530, 531, 532, 536, 537, 538, 539, 540, 542, 543, 544, 556, 564, 570, 571, 572, 576, 588, 596, 602, 603, 604, 608, 636, 652, 660, 666, 667, 668, 672, 700, 732, 780, 788, 794, 795, 796, 800, 828, 860, 924]
x_29: [1, 5, 6, 7, 9, 10, 11, 13, 14, 15, 16, 17, 18, 19, 21, 22, 23, 24, 25, 26, 27, 28, 30, 31, 32, 37, 41, 45, 46, 47, 49, 53, 54, 55, 57, 58, 59, 61, 62, 63, 64, 69, 73, 77, 78, 79, 81, 85, 86, 87, 89, 90, 91, 93, 94, 95, 96, 109, 117, 121, 125, 126, 127, 133, 137, 141, 142, 143, 145, 149, 150, 151, 153, 154, 155, 157, 158, 159, 160, 173, 181, 185, 189, 190, 191, 205, 213, 217, 221, 222, 223, 253, 261, 265, 269, 270, 271, 273, 277, 278, 279, 281, 282, 283, 285, 286, 287, 288, 301, 309, 313, 317, 318, 319, 333, 341, 345, 349, 350, 351, 381, 397, 405, 409, 413, 414, 415, 445, 477, 517, 521, 525, 526, 527, 529, 533, 534, 535, 537, 538, 539, 541, 542, 543, 544, 557, 565, 569, 573, 574, 575, 589, 597, 601, 605, 606, 607, 637, 653, 661, 665, 669, 670, 671, 701, 733, 781, 789, 793, 797, 798, 799, 829, 861, 925]
x_30: [2, 5, 6, 8, 9, 10, 12, 13, 14, 15, 16, 17, 18, 20, 21, 22, 23, 24, 25, 26, 27, 28, 29, 31, 32, 38, 42, 45, 46, 48, 50, 53, 54, 56, 57, 58, 60, 61, 62, 63, 64, 70, 74, 77, 78, 80, 82, 85, 86, 88, 89, 90, 92, 93, 94, 95, 96, 110, 118, 122, 125, 126, 128, 134, 138, 141, 142, 144, 146, 149, 150, 152, 153, 154, 156, 157, 158, 159, 160, 174, 182, 186, 189, 190, 192, 206, 214, 218, 221, 222, 224, 254, 262, 266, 269, 270, 272, 274, 277, 278, 280, 281, 282, 284, 285, 286, 287, 288, 302, 310, 314, 317, 318, 320, 334, 342, 346, 349, 350, 352, 382, 398, 406, 410, 413, 414, 416, 446, 478, 518, 522, 525, 526, 528, 530, 533, 534, 536, 537, 538, 540, 541, 542, 543, 544, 558, 566, 570, 573, 574, 576, 590, 598, 602, 605, 606, 608, 638, 654, 662, 666, 669, 670, 672, 702, 734, 782, 790, 794, 797, 798, 800, 830, 862, 926]
x_31: [3, 5, 7, 8, 9, 11, 12, 13, 14, 15, 16, 17, 19, 20, 21, 22, 23, 24, 25, 26, 27, 28, 29, 30, 32, 39, 43, 45, 47, 48, 51, 53, 55, 56, 57, 59, 60, 61, 62, 63, 64, 71, 75, 77, 79, 80, 83, 85, 87, 88, 89, 91, 92, 93, 94, 95, 96, 111, 119, 123, 125, 127, 128, 135, 139, 141, 143, 144, 147, 149, 151, 152, 153, 155, 156, 157, 158, 159, 160, 175, 183, 187, 189, 191, 192, 207, 215, 219, 221, 223, 224, 255, 263, 267, 269, 271, 272, 275, 277, 279, 280, 281, 283, 284, 285, 286, 287, 288, 303, 311, 315, 317, 319, 320, 335, 343, 347, 349, 351, 352, 383, 399, 407, 411, 413, 415, 416, 447, 479, 519, 523, 525, 527, 528, 531, 533, 535, 536, 537, 539, 540, 541, 542, 543, 544, 559, 567, 571, 573, 575, 576, 591, 599, 603, 605, 607, 608, 639, 655, 663, 667, 669, 671, 672, 703, 735, 783, 791, 795, 797, 799, 800, 831, 863, 927]
x_32: [4, 6, 7, 8, 10, 11, 12, 13, 14, 15, 16, 18, 19, 20, 21, 22, 23, 24, 25, 26, 27, 28, 29, 30, 31, 40, 44, 46, 47, 48, 52, 54, 55, 56, 58, 59, 60, 61, 62, 63, 64, 72, 76, 78, 79, 80, 84, 86, 87, 88, 90, 91, 92, 93, 94, 95, 96, 112, 120, 124, 126, 127, 128, 136, 140, 142, 143, 144, 148, 150, 151, 152, 154, 155, 156, 157, 158, 159, 160, 176, 184, 188, 190, 191, 192, 208, 216, 220, 222, 223, 224, 256, 264, 268, 270, 271, 272, 276, 278, 279, 280, 282, 283, 284, 285, 286, 287, 288, 304, 312, 316, 318, 319, 320, 336, 344, 348, 350, 351, 352, 384, 400, 408, 412, 414, 415, 416, 448, 480, 520, 524, 526, 527, 528, 532, 534, 535, 536, 538, 539, 540, 541, 542, 543, 544, 560, 568, 572, 574, 575, 576, 592, 600, 604, 606, 607, 608, 640, 656, 664, 668, 670, 671, 672, 704, 736, 784, 792, 796, 798, 799, 800, 832, 864, 928]
x_33: [1, 2, 3, 4, 5, 6, 7, 9, 10, 11, 13, 17, 18, 19, 21, 25, 34, 35, 36, 37, 38, 39, 40, 41, 42, 43, 44, 45, 46, 47, 49, 50, 51, 52, 53, 54, 55, 57, 58, 59, 61, 65, 66, 67, 69, 73, 81, 97, 98, 99, 100, 101, 102, 103, 105, 106, 107, 109, 113, 114, 115, 117, 121, 129, 130, 131, 133, 137, 145, 161, 162, 163, 164, 165, 166, 167, 169, 170, 171, 173, 177, 178, 179, 181, 185, 193, 225, 226, 227, 229, 233, 241, 257, 258, 259, 261, 265, 273, 289, 290, 291, 292, 293, 294, 295, 297, 298, 299, 301, 305, 306, 307, 309, 313, 321, 353, 354, 355, 357, 361, 369, 385, 417, 418, 419, 421, 425, 433, 481, 513, 514, 515, 517, 521, 529, 545, 546, 547, 548, 549, 550, 551, 553, 554, 555, 557, 561, 562, 563, 565, 569, 577, 609, 610, 611, 613, 617, 625, 641, 673, 674, 675, 677, 681, 689, 737, 769, 801, 802, 803, 805, 809, 817, 865, 929]
x_34: [1, 2, 3, 4, 5, 6, 8, 9, 10, 12, 14, 17, 18, 20, 22, 26, 33, 35, 36, 37, 38, 39, 40, 41, 42, 43, 44, 45, 46, 48, 49, 50, 51, 52, 53, 54, 56, 57, 58, 60, 62, 65, 66, 68, 70, 74, 82, 97, 98, 99, 100, 101, 102, 104, 105, 106, 108, 110, 113, 114, 116, 118, 122, 129, 130, 132, 134, 138, 146, 161, 162, 163, 164, 165, 166, 168, 169, 170, 172, 174, 177, 178, 180, 182, 186, 194, 225, 226, 228, 230, 234, 242, 257, 258, 260, 262, 266, 274, 289, 290, 291, 292, 293, 294, 296, 297, 298, 300, 302, 305, 306, 308, 310, 314, 322, 353, 354, 356, 358, 362, 370, 386, 417, 418, 420, 422, 426, 434, 482, 513, 514, 516, 518, 522, 530, 545, 546, 547, 548, 549, 550, 552, 553, 554, 556, 558, 561, 562, 564, 566, 570, 578, 609, 610, 612, 614, 618, 626, 642, 673, 674, 676, 678, 682, 690, 738, 770, 801, 802, 804, 806, 810, 818, 866, 930]
x_35: [1, 2, 3, 4, 5, 7, 8, 9, 11, 12, 15, 17, 19, 20, 23, 27, 33, 34, 36, 37, 38, 39, 40, 41, 42, 43, 44, 45, 47, 48, 49, 50, 51, 52, 53, 55, 56, 57, 59, 60, 63, 65, 67, 68, 71, 75, 83, 97, 98, 99, 100, 101, 103, 104, 105, 107, 108, 111, 113, 115, 116, 119, 123, 129, 131, 132, 135, 139, 147, 161, 162, 163, 164, 165, 167, 168, 169, 171, 172, 175, 177, 179, 180, 183, 187, 195, 225, 227, 228, 231, 235, 243, 257, 259, 260, 263, 267, 275, 289, 290, 291, 292, 293, 295, 296, 297, 299, 300, 303, 305, 307, 308, 311, 315, 323, 353, 355, 356, 359, 363, 371, 387, 417, 419, 420, 423, 427, 435, 483, 513, 515, 516, 519, 523, 531, 545, 546, 547, 548, 549, 551, 552, 553, 555, 556, 559, 561, 563, 564, 567, 571, 579, 609, 611, 612, 615, 619, 627, 643, 673, 675, 676, 679, 683, 691, 739, 771, 801, 803, 804, 807, 811, 819, 867, 931]
x_36: [1, 2, 3, 4, 6, 7, 8, 10, 11, 12, 16, 18, 19, 20, 24, 28, 33, 34, 35, 37, 38, 39, 40, 41, 42, 43, 44, 46, 47, 48, 49, 50, 51, 52, 54, 55, 56, 58, 59, 60, 64, 66, 67, 68, 72, 76, 84, 97, 98, 99, 100, 102, 103, 104, 106, 107, 108, 112, 114, 115, 116, 120, 124, 130, 131, 132, 136, 140, 148, 161, 162, 163, 164, 166, 167, 168, 170, 171, 172, 176, 178, 179, 180, 184, 188, 196, 226, 227, 228, 232, 236, 244, 258, 259, 260, 264, 268, 276, 289, 290, 291, 292, 294, 295, 296, 298, 299, 300, 304, 306, 307, 308, 312, 316, 324, 354, 355, 356, 360, 364, 372, 388, 418, 419, 420, 424, 428, 436, 484, 514, 515, 516, 520, 524, 532, 545, 546, 547, 548, 550, 551, 552, 554, 555, 556, 560, 562, 563, 564, 568, 572, 580, 610, 611, 612, 616, 620, 628, 644, 674, 675, 676, 680, 684, 692, 740, 772, 802, 803, 804, 808, 812, 820, 868, 932]
x_37: [1, 2, 3, 5, 6, 7, 8, 9, 13, 14, 15, 17, 21, 22, 23, 29, 33, 34, 35, 36, 38, 39, 40, 41, 42, 43, 45, 46, 47, 48, 49, 50, 51, 53, 54, 55, 56, 57, 61, 62, 63, 65, 69, 70, 71, 77, 85, 97, 98, 99, 101, 102, 103, 104, 105, 109, 110, 111, 113, 117, 118, 119, 125, 129, 133, 134, 135, 141, 149, 161, 162, 163, 165, 166, 167, 168, 169, 173, 174, 175, 177, 181, 182, 183, 189, 197, 225, 229, 230, 231, 237, 245, 257, 261, 262, 263, 269, 277, 289, 290, 291, 293, 294, 295, 296, 297, 301, 302, 303, 305, 309, 310, 311, 317, 325, 353, 357, 358, 359, 365, 373, 389, 417, 421, 422, 423, 429, 437, 485, 513, 517, 518, 519, 525, 533, 545, 546, 547, 549, 550, 551, 552, 553, 557, 558, 559, 561, 565, 566, 567, 573, 581, 609, 613, 614, 615, 621, 629, 645, 673, 677, 678, 679, 685, 693, 741, 773, 801, 805, 806, 807, 813, 821, 869, 933]
x_38: [1, 2, 4, 5, 6, 7, 8, 10, 13, 14, 16, 18, 21, 22, 24, 30, 33, 34, 35, 36, 37, 39, 40, 41, 42, 44, 45, 46, 47, 48, 49, 50, 52, 53, 54, 55, 56, 58, 61, 62, 64, 66, 69, 70, 72, 78, 86, 97, 98, 100, 101, 102, 103, 104, 106, 109, 110, 112, 114, 117, 118, 120, 126, 130, 133, 134, 136, 142, 150, 161, 162, 164, 165, 166, 167, 168, 170, 173, 174, 176, 178, 181, 182, 184, 190, 198, 226, 229, 230, 232, 238, 246, 258, 261, 262, 264, 270, 278, 289, 290, 292, 293, 294, 295, 296, 298, 301, 302, 304, 306, 309, 310, 312, 318, 326, 354, 357, 358, 360, 366, 374, 390, 418, 421, 422, 424, 430, 438, 486, 514, 517, 518, 520, 526, 534, 545, 546, 548, 549, 550, 551, 552, 554, 557, 558, 560, 562, 565, 566, 568, 574, 582, 610, 613, 614, 616, 622, 630, 646, 674, 677, 678, 680, 686, 694, 742, 774, 802, 805, 806, 808, 814, 822, 870, 934]
x_39: [1, 3, 4, 5, 6, 7, 8, 11, 13, 15, 16, 19, 21, 23, 24, 31, 33, 34, 35, 36, 37, 38, 40, 41, 43, 44, 45, 46, 47, 48, 49, 51, 52, 53, 54, 55, 56, 59, 61, 63, 64, 67, 69, 71, 72, 79, 87, 97, 99, 100, 101, 102, 103, 104, 107, 109, 111, 112, 115, 117, 119, 120, 127, 131, 133, 135, 136, 143, 151, 161, 163, 164, 165, 166, 167, 168, 171, 173, 175, 176, 179, 181, 183, 184, 191, 199, 227, 229, 231, 232, 239, 247, 259, 261, 263, 264, 271, 279, 289, 291, 292, 293, 294, 295, 296, 299, 301, 303, 304, 307, 309, 311, 312, 319, 327, 355, 357, 359, 360, 367, 375, 391, 419, 421, 423, 424, 431, 439, 487, 515, 517, 519, 520, 527, 535, 545, 547, 548, 549, 550, 551, 552, 555, 557, 559, 560, 563, 565, 567, 568, 575, 583, 611, 613, 615, 616, 623, 631, 647, 675, 677, 679, 680, 687, 695, 743, 775, 803, 805, 807, 808, 815, 823, 871, 935]
x_40: [2, 3, 4, 5, 6, 7, 8, 12, 14, 15, 16, 20, 22, 23, 24, 32, 33, 34, 35, 36, 37, 38, 39, 42, 43, 44, 45, 46, 47, 48, 50, 51, 52, 53, 54, 55, 56, 60, 62, 63, 64, 68, 70, 71, 72, 80, 88, 98, 99, 100, 101, 102, 103, 104, 108, 110, 111, 112, 116, 118, 119, 120, 128, 132, 134, 135, 136, 144, 152, 162, 163, 164, 165, 166, 167, 168, 172, 174, 175, 176, 180, 182, 183, 184, 192, 200, 228, 230, 231, 232, 240, 248, 260, 262, 263, 264, 272, 280, 290, 291, 292, 293, 294, 295, 296, 300, 302, 303, 304, 308, 310, 311, 312, 320, 328, 356, 358, 359, 360, 368, 376, 392, 420, 422, 423, 424, 432, 440, 488, 516, 518, 519, 520, 528, 536, 546, 547, 548, 549, 550, 551, 552, 556, 558, 559, 560, 564, 566, 567, 568, 576, 584, 612, 614, 615, 616, 624, 632, 648, 676, 678, 679, 680, 688, 696, 744, 776, 804, 806, 807, 808, 816, 824, 872, 936]
x_41: [1, 2, 3, 5, 9, 10, 11, 12, 13, 14, 15, 17, 25, 26, 27, 29, 33, 34, 35, 36, 37, 38, 39, 42, 43, 44, 45, 46, 47, 48, 49, 50, 51, 53, 57, 58, 59, 60, 61, 62, 63, 65, 73, 74, 75, 77, 89, 97, 98, 99, 101, 105, 106, 107, 108, 109, 110, 111, 113, 121, 122, 123, 125, 129, 137, 138, 139, 141, 153, 161, 162, 163, 165, 169, 170, 171, 172, 173, 174, 175, 177, 185, 186, 187, 189, 201, 225, 233, 234, 235, 237, 249, 257, 265, 266, 267, 269, 281, 289, 290, 291, 293, 297, 298, 299, 300, 301, 302, 303, 305, 313, 314, 315, 317, 329, 353, 361, 362, 363, 365, 377, 393, 417, 425, 426, 427, 429, 441, 489, 513, 521, 522, 523, 525, 537, 545, 546, 547, 549, 553, 554, 555, 556, 557, 558, 559, 561, 569, 570, 571, 573, 585, 609, 617, 618, 619, 621, 633, 649, 673, 681, 682, 683, 685, 697, 745, 777, 801, 809, 810, 811, 813, 825, 873, 937]
x_42: [1, 2, 4, 6, 9, 10, 11, 12, 13, 14, 16, 18, 25, 26, 28, 30, 33, 34, 35, 36, 37, 38, 40, 41, 43, 44, 45, 46, 47, 48, 49, 50, 52, 54, 57, 58, 59, 60, 61, 62, 64, 66, 73, 74, 76, 78, 90, 97, 98, 100, 102, 105, 106, 107, 108, 109, 110, 112, 114, 121, 122, 124, 126, 130, 137, 138, 140, 142, 154, 161, 162, 164, 166, 169, 170, 171, 172, 173, 174, 176, 178, 185, 186, 188, 190, 202, 226, 233, 234, 236, 238, 250, 258, 265, 266, 268, 270, 282, 289, 290, 292, 294, 297, 298, 299, 300, 301, 302, 304, 306, 313, 314, 316, 318, 330, 354, 361, 362, 364, 366, 378, 394, 418, 425, 426, 428, 430, 442, 490, 514, 521, 522, 524, 526, 538, 545, 546, 548, 550, 553, 554, 555, 556, 557, 558, 560, 562, 569, 570, 572, 574, 586, 610, 617, 618, 620, 622, 634, 650, 674, 681, 682, 684, 686, 698, 746, 778, 802, 809, 810, 812, 814, 826, 874, 938]
x_43: [1, 3, 4, 7, 9, 10, 11, 12, 13, 15, 16, 19, 25, 27, 28, 31, 33, 34, 35, 36, 37, 39, 40, 41, 42, 44, 45, 46, 47, 48, 49, 51, 52, 55, 57, 58, 59, 60, 61, 63, 64, 67, 73, 75, 76, 79, 91, 97, 99, 100, 103, 105, 106, 107, 108, 109, 111, 112, 115, 121, 123, 124, 127, 131, 137, 139, 140, 143, 155, 161, 163, 164, 167, 169, 170, 171, 172, 173, 175, 176, 179, 185, 187, 188, 191, 203, 227, 233, 235, 236, 239, 251, 259, 265, 267, 268, 271, 283, 289, 291, 292, 295, 297, 298, 299, 300, 301, 303, 304, 307, 313, 315, 316, 319, 331, 355, 361, 363, 364, 367, 379, 395, 419, 425, 427, 428, 431, 443, 491, 515, 521, 523, 524, 527, 539, 545, 547, 548, 551, 553, 554, 555, 556, 557, 559, 560, 563, 569, 571, 572, 575, 587, 611, 617, 619, 620, 623, 635, 651, 675, 681, 683, 684, 687, 699, 747, 779, 803, 809, 811, 812, 815, 827, 875, 939]
x_44: [2, 3, 4, 8, 9, 10, 11, 12, 14, 15, 16, 20, 26, 27, 28, 32, 33, 34, 35, 36, 38, 39, 40, 41, 42, 43, 45, 46, 47, 48, 50, 51, 52, 56, 57, 58, 59, 60, 62, 63, 64, 68, 74, 75, 76, 80, 92, 98, 99, 100, 104, 105, 106, 107, 108, 110, 111, 112, 116, 122, 123, 124, 128, 132, 138, 139, 140, 144, 156, 162, 163, 164, 168, 169, 170, 171, 172, 174, 175, 176, 180, 186, 187, 188, 192, 204, 228, 234, 235, 236, 240, 252, 260, 266, 267, 268, 272, 284, 290, 291, 292, 296, 297, 298, 299, 300, 302, 303, 304, 308, 314, 315, 316, 320, 332, 356, 362, 363, 364, 368, 380, 396, 420, 426, 427, 428, 432, 444, 492, 516, 522, 523, 524, 528, 540, 546, 547, 548, 552, 553, 554, 555, 556, 558, 559, 560, 564, 570, 571, 572, 576, 588, 612, 618, 619, 620, 624, 636, 652, 676, 682, 683, 684, 688, 700, 748, 780, 804, 810, 811, 812, 816, 828, 876, 940]
x_45: [1, 5, 6, 7, 9, 10, 11, 13, 14, 15, 16, 21, 25, 29, 30, 31, 33, 34, 35, 37, 38, 39, 40, 41, 42, 43, 44, 46, 47, 48, 49, 53, 54, 55, 57, 58, 59, 61, 62, 63, 64, 69, 73, 77, 78, 79, 93, 97, 101, 102, 103, 105, 106, 107, 109, 110, 111, 112, 117, 121, 125, 126, 127, 133, 137, 141, 142, 143, 157, 161, 165, 166, 167, 169, 170, 171, 173, 174, 175, 176, 181, 185, 189, 190, 191, 205, 229, 233, 237, 238, 239, 253, 261, 265, 269, 270, 271, 285, 289, 293, 294, 295, 297, 298, 299, 301, 302, 303, 304, 309, 313, 317, 318, 319, 333, 357, 361, 365, 366, 367, 381, 397, 421, 425, 429, 430, 431, 445, 493, 517, 521, 525, 526, 527, 541, 545, 549, 550, 551, 553, 554, 555, 557, 558, 559, 560, 565, 569, 573, 574, 575, 589, 613, 617, 621, 622, 623, 637, 653, 677, 681, 685, 686, 687, 701, 749, 781, 805, 809, 813, 814, 815, 829, 877, 941]
x_46: [2, 5, 6, 8, 9, 10, 12, 13, 14, 15, 16, 22, 26, 29, 30, 32, 33, 34, 36, 37, 38, 39, 40, 41, 42, 43, 44, 45, 47, 48, 50, 53, 54, 56, 57, 58, 60, 61, 62, 63, 64, 70, 74, 77, 78, 80, 94, 98, 101, 102, 104, 105, 106, 108, 109, 110, 111, 112, 118, 122, 125, 126, 128, 134, 138, 141, 142, 144, 158, 162, 165, 166, 168, 169, 170, 172, 173, 174, 175, 176, 182, 186, 189, 190, 192, 206, 230, 234, 237, 238, 240, 254, 262, 266, 269, 270, 272, 286, 290, 293, 294, 296, 297, 298, 300, 301, 302, 303, 304, 310, 314, 317, 318, 320, 334, 358, 362, 365, 366, 368, 382, 398, 422, 426, 429, 430, 432, 446, 494, 518, 522, 525, 526, 528, 542, 546, 549, 550, 552, 553, 554, 556, 557, 558, 559, 560, 566, 570, 573, 574, 576, 590, 614, 618, 621, 622, 624, 638, 654, 678, 682, 685, 686, 688, 702, 750, 782, 806, 810, 813, 814, 816, 830, 878, 942]
x_47: [3, 5, 7, 8, 9, 11, 12, 13, 14, 15, 16, 23, 27, 29, 31, 32, 33, 35, 36, 37, 38, 39, 40, 41, 42, 43, 44, 45, 46, 48, 51, 53, 55, 56, 57, 59, 60, 61, 62, 63, 64, 71, 75, 77, 79, 80, 95, 99, 101, 103, 104, 105, 107, 108, 109, 110, 111, 112, 119, 123, 125, 127, 128, 135, 139, 141, 143, 144, 159, 163, 165, 167, 168, 169, 171, 172, 173, 174, 175, 176, 183, 187, 189, 191, 192, 207, 231, 235, 237, 239, 240, 255, 263, 267, 269, 271, 272, 287, 291, 293, 295, 296, 297, 299, 300, 301, 302, 303, 304, 311, 315, 317, 319, 320, 335, 359, 363, 365, 367, 368, 383, 399, 423, 427, 429, 431, 432, 447, 495, 519, 523, 525, 527, 528, 543, 547, 549, 551, 552, 553, 555, 556, 557, 558, 559, 560, 567, 571, 573, 575, 576, 591, 615, 619, 621, 623, 624, 639, 655, 679, 683, 685, 687, 688, 703, 751, 783, 807, 811, 813, 815, 816, 831, 879, 943]
x_48: [4, 6, 7, 8, 10, 11, 12, 13, 14, 15, 16, 24, 28, 30, 31, 32, 34, 35, 36, 37, 38, 39, 40, 41, 42, 43, 44, 45, 46, 47, 52, 54, 55, 56, 58, 59, 60, 61, 62, 63, 64, 72, 76, 78, 79, 80, 96, 100, 102, 103, 104, 106, 107, 108, 109, 110, 111, 112, 120, 124, 126, 127, 128, 136, 140, 142, 143, 144, 160, 164, 166, 167, 168, 170, 171, 172, 173, 174, 175, 176, 184, 188, 190, 191, 192, 208, 232, 236, 238, 239, 240, 256, 264, 268, 270, 271, 272, 288, 292, 294, 295, 296, 298, 299, 300, 301, 302, 303, 304, 312, 316, 318, 319, 320, 336, 360, 364, 366, 367, 368, 384, 400, 424, 428, 430, 431, 432, 448, 496, 520, 524, 526, 527, 528, 544, 548, 550, 551, 552, 554, 555, 556, 557, 558, 559, 560, 568, 572, 574, 575, 576, 592, 616, 620, 622, 623, 624, 640, 656, 680, 684, 686, 687, 688, 704, 752, 784, 808, 812, 814, 815, 816, 832, 880, 944]
x_49: [1, 2, 3, 5, 9, 17, 18, 19, 20, 21, 22, 23, 25, 26, 27, 29, 33, 34, 35, 36, 37, 38, 39, 41, 42, 43, 45, 50, 51, 52, 53, 54, 55, 56, 57, 58, 59, 60, 61, 62, 63, 65, 81, 82, 83, 85, 89, 97, 98, 99, 101, 105, 113, 114, 115, 116, 117, 118, 119, 121, 122, 123, 125, 129, 145, 146, 147, 149, 153, 161, 162, 163, 165, 169, 177, 178, 179, 180, 181, 182, 183, 185, 186, 187, 189, 209, 225, 241, 242, 243, 245, 249, 257, 273, 274, 275, 277, 281, 289, 290, 291, 293, 297, 305, 306, 307, 308, 309, 310, 311, 313, 314, 315, 317, 337, 353, 369, 370, 371, 373, 377, 401, 417, 433, 434, 435, 437, 441, 497, 513, 529, 530, 531, 533, 537, 545, 546, 547, 549, 553, 561, 562, 563, 564, 565, 566, 567, 569, 570, 571, 573, 593, 609, 625, 626, 627, 629, 633, 657, 673, 689, 690, 691, 693, 697, 753, 785, 801, 817, 818, 819, 821, 825, 881, 945]
x_50: [1, 2, 4, 6, 10, 17, 18, 19, 20, 21, 22, 24, 25, 26, 28, 30, 33, 34, 35, 36, 37, 38, 40, 41, 42, 44, 46, 49, 51, 52, 53, 54, 55, 56, 57, 58, 59, 60, 61, 62, 64, 66, 81, 82, 84, 86, 90, 97, 98, 100, 102, 106, 113, 114, 115, 116, 117, 118, 120, 121, 122, 124, 126, 130, 145, 146, 148, 150, 154, 161, 162, 164, 166, 170, 177, 178, 179, 180, 181, 182, 184, 185, 186, 188, 190, 210, 226, 241, 242, 244, 246, 250, 258, 273, 274, 276, 278, 282, 289, 290, 292, 294, 298, 305, 306, 307, 308, 309, 310, 312, 313, 314, 316, 318, 338, 354, 369, 370, 372, 374, 378, 402, 418, 433, 434, 436, 438, 442, 498, 514, 529, 530, 532, 534, 538, 545, 546, 548, 550, 554, 561, 562, 563, 564, 565, 566, 568, 569, 570, 572, 574, 594, 610, 625, 626, 628, 630, 634, 658, 674, 689, 690, 692, 694, 698, 754, 786, 802, 817, 818, 820, 822, 826, 882, 946]
x_51: [1, 3, 4, 7, 11, 17, 18, 19, 20, 21, 23, 24, 25, 27, 28, 31, 33, 34, 35, 36, 37, 39, 40, 41, 43, 44, 47, 49, 50, 52, 53, 54, 55, 56, 57, 58, 59, 60, 61, 63, 64, 67, 81, 83, 84, 87, 91, 97, 99, 100, 103, 107, 113, 114, 115, 116, 117, 119, 120, 121, 123, 124, 127, 131, 145, 147, 148, 151, 155, 161, 163, 164, 167, 171, 177, 178, 179, 180, 181, 183, 184, 185, 187, 188, 191, 211, 227, 241, 243, 244, 247, 251, 259, 273, 275, 276, 279, 283, 289, 291, 292, 295, 299, 305, 306, 307, 308, 309, 311, 312, 313, 315, 316, 319, 339, 355, 369, 371, 372, 375, 379, 403, 419, 433, 435, 436, 439, 443, 499, 515, 529, 531, 532, 535, 539, 545, 547, 548, 551, 555, 561, 562, 563, 564, 565, 567, 568, 569, 571, 572, 575, 595, 611, 625, 627, 628, 631, 635, 659, 675, 689, 691, 692, 695, 699, 755, 787, 803, 817, 819, 820, 823, 827, 883, 947]
x_52: [2, 3, 4, 8, 12, 17, 18, 19, 20, 22, 23, 24, 26, 27, 28, 32, 33, 34, 35, 36, 38, 39, 40, 42, 43, 44, 48, 49, 50, 51, 53, 54, 55, 56, 57, 58, 59, 60, 62, 63, 64, 68, 82, 83, 84, 88, 92, 98, 99, 100, 104, 108, 113, 114, 115, 116, 118, 119, 120, 122, 123, 124, 128, 132, 146, 147, 148, 152, 156, 162, 163, 164, 168, 172, 177, 178, 179, 180, 182, 183, 184, 186, 187, 188, 192, 212, 228, 242, 243, 244, 248, 252, 260, 274, 275, 276, 280, 284, 290, 291, 292, 296, 300, 305, 306, 307, 308, 310, 311, 312, 314, 315, 316, 320, 340, 356, 370, 371, 372, 376, 380, 404, 420, 434, 435, 436, 440, 444, 500, 516, 530, 531, 532, 536, 540, 546, 547, 548, 552, 556, 561, 562, 563, 564, 566, 567, 568, 570, 571, 572, 576, 596, 612, 626, 627, 628, 632, 636, 660, 676, 690, 691, 692, 696, 700, 756, 788, 804, 818, 819, 820, 824, 828, 884, 948]
x_53: [1, 5, 6, 7, 13, 17, 18, 19, 21, 22, 23, 24, 25, 29, 30, 31, 33, 34, 35, 37, 38, 39, 40, 41, 45, 46, 47, 49, 50, 51, 52, 54, 55, 56, 57, 58, 59, 61, 62, 63, 64, 69, 81, 85, 86, 87, 93, 97, 101, 102, 103, 109, 113, 114, 115, 117, 118, 119, 120, 121, 125, 126, 127, 133, 145, 149, 150, 151, 157, 161, 165, 166, 167, 173, 177, 178, 179, 181, 182, 183, 184, 185, 189, 190, 191, 213, 229, 241, 245, 246, 247, 253, 261, 273, 277, 278, 279, 285, 289, 293, 294, 295, 301, 305, 306, 307, 309, 310, 311, 312, 313, 317, 318, 319, 341, 357, 369, 373, 374, 375, 381, 405, 421, 433, 437, 438, 439, 445, 501, 517, 529, 533, 534, 535, 541, 545, 549, 550, 551, 557, 561, 562, 563, 565, 566, 567, 568, 569, 573, 574, 575, 597, 613, 625, 629, 630, 631, 637, 661, 677, 689, 693, 694, 695, 701, 757, 789, 805, 817, 821, 822, 823, 829, 885, 949]
x_54: [2, 5, 6, 8, 14, 17, 18, 20, 21, 22, 23, 24, 26, 29, 30, 32, 33, 34, 36, 37, 38, 39, 40, 42, 45, 46, 48, 49, 50, 51, 52, 53, 55, 56, 57, 58, 60, 61, 62, 63, 64, 70, 82, 85, 86, 88, 94, 98, 101, 102, 104, 110, 113, 114, 116, 117, 118, 119, 120, 122, 125, 126, 128, 134, 146, 149, 150, 152, 158, 162, 165, 166, 168, 174, 177, 178, 180, 181, 182, 183, 184, 186, 189, 190, 192, 214, 230, 242, 245, 246, 248, 254, 262, 274, 277, 278, 280, 286, 290, 293, 294, 296, 302, 305, 306, 308, 309, 310, 311, 312, 314, 317, 318, 320, 342, 358, 370, 373, 374, 376, 382, 406, 422, 434, 437, 438, 440, 446, 502, 518, 530, 533, 534, 536, 542, 546, 549, 550, 552, 558, 561, 562, 564, 565, 566, 567, 568, 570, 573, 574, 576, 598, 614, 626, 629, 630, 632, 638, 662, 678, 690, 693, 694, 696, 702, 758, 790, 806, 818, 821, 822, 824, 830, 886, 950]
x_55: [3, 5, 7, 8, 15, 17, 19, 20, 21, 22, 23, 24, 27, 29, 31, 32, 33, 35, 36, 37, 38, 39, 40, 43, 45, 47, 48, 49, 50, 51, 52, 53, 54, 56, 57, 59, 60, 61, 62, 63, 64, 71, 83, 85, 87, 88, 95, 99, 101, 103, 104, 111, 113, 115, 116, 117, 118, 119, 120, 123, 125, 127, 128, 135, 147, 149, 151, 152, 159, 163, 165, 167, 168, 175, 177, 179, 180, 181, 182, 183, 184, 187, 189, 191, 192, 215, 231, 243, 245, 247, 248, 255, 263, 275, 277, 279, 280, 287, 291, 293, 295, 296, 303, 305, 307, 308, 309, 310, 311, 312, 315, 317, 319, 320, 343, 359, 371, 373, 375, 376, 383, 407, 423, 435, 437, 439, 440, 447, 503, 519, 531, 533, 535, 536, 543, 547, 549, 551, 552, 559, 561, 563, 564, 565, 566, 567, 568, 571, 573, 575, 576, 599, 615, 627, 629, 631, 632, 639, 663, 679, 691, 693, 695, 696, 703, 759, 791, 807, 819, 821, 823, 824, 831, 887, 951]
x_56: [4, 6, 7, 8, 16, 18, 19, 20, 21, 22, 23, 24, 28, 30, 31, 32, 34, 35, 36, 37, 38, 39, 40, 44, 46, 47, 48, 49, 50, 51, 52, 53, 54, 55, 58, 59, 60, 61, 62, 63, 64, 72, 84, 86, 87, 88, 96, 100, 102, 103, 104, 112, 114, 115, 116, 117, 118, 119, 120, 124, 126, 127, 128, 136, 148, 150, 151, 152, 160, 164, 166, 167, 168, 176, 178, 179, 180, 181, 182, 183, 184, 188, 190, 191, 192, 216, 232, 244, 246, 247, 248, 256, 264, 276, 278, 279, 280, 288, 292, 294, 295, 296, 304, 306, 307, 308, 309, 310, 311, 312, 316, 318, 319, 320, 344, 360, 372, 374, 375, 376, 384, 408, 424, 436, 438, 439, 440, 448, 504, 520, 532, 534, 535, 536, 544, 548, 550, 551, 552, 560, 562, 563, 564, 565, 566, 567, 568, 572, 574, 575, 576, 600, 616, 628, 630, 631, 632, 640, 664, 680, 692, 694, 695, 696, 704, 760, 792, 808, 820, 822, 823, 824, 832, 888, 952]
x_57: [1, 9, 10, 11, 13, 17, 18, 19, 21, 25, 26, 27, 28, 29, 30, 31, 33, 34, 35, 37, 41, 42, 43, 44, 45, 46, 47, 49, 50, 51, 52, 53, 54, 55, 58, 59, 60, 61, 62, 63, 64, 73, 81, 89, 90, 91, 93, 97, 105, 106, 107, 109, 113, 114, 115, 117, 121, 122, 123, 124, 125, 126, 127, 137, 145, 153, 154, 155, 157, 161, 169, 170, 171, 173, 177, 178, 179, 181, 185, 186, 187, 188, 189, 190, 191, 217, 233, 241, 249, 250, 251, 253, 265, 273, 281, 282, 283, 285, 289, 297, 298, 299, 301, 305, 306, 307, 309, 313, 314, 315, 316, 317, 318, 319, 345, 361, 369, 377, 378, 379, 381, 409, 425, 433, 441, 442, 443, 445, 505, 521, 529, 537, 538, 539, 541, 545, 553, 554, 555, 557, 561, 562, 563, 565, 569, 570, 571, 572, 573, 574, 575, 601, 617, 625, 633, 634, 635, 637, 665, 681, 689, 697, 698, 699, 701, 761, 793, 809, 817, 825, 826, 827, 829, 889, 953]
x_58: [2, 9, 10, 12, 14, 17, 18, 20, 22, 25, 26, 27, 28, 29, 30, 32, 33, 34, 36, 38, 41, 42, 43, 44, 45, 46, 48, 49, 50, 51, 52, 53, 54, 56, 57, 59, 60, 61, 62, 63, 64, 74, 82, 89, 90, 92, 94, 98, 105, 106, 108, 110, 113, 114, 116, 118, 121, 122, 123, 124, 125, 126, 128, 138, 146, 153, 154, 156, 158, 162, 169, 170, 172, 174, 177, 178, 180, 182, 185, 186, 187, 188, 189, 190, 192, 218, 234, 242, 249, 250, 252, 254, 266, 274, 281, 282, 284, 286, 290, 297, 298, 300, 302, 305, 306, 308, 310, 313, 314, 315, 316, 317, 318, 320, 346, 362, 370, 377, 378, 380, 382, 410, 426, 434, 441, 442, 444, 446, 506, 522, 530, 537, 538, 540, 542, 546, 553, 554, 556, 558, 561, 562, 564, 566, 569, 570, 571, 572, 573, 574, 576, 602, 618, 626, 633, 634, 636, 638, 666, 682, 690, 697, 698, 700, 702, 762, 794, 810, 818, 825, 826, 828, 830, 890, 954]
x_59: [3, 9, 11, 12, 15, 17, 19, 20, 23, 25, 26, 27, 28, 29, 31, 32, 33, 35, 36, 39, 41, 42, 43, 44, 45, 47, 48, 49, 50, 51, 52, 53, 55, 56, 57, 58, 60, 61, 62, 63, 64, 75, 83, 89, 91, 92, 95, 99, 105, 107, 108, 111, 113, 115, 116, 119, 121, 122, 123, 124, 125, 127, 128, 139, 147, 153, 155, 156, 159, 163, 169, 171, 172, 175, 177, 179, 180, 183, 185, 186, 187, 188, 189, 191, 192, 219, 235, 243, 249, 251, 252, 255, 267, 275, 281, 283, 284, 287, 291, 297, 299, 300, 303, 305, 307, 308, 311, 313, 314, 315, 316, 317, 319, 320, 347, 363, 371, 377, 379, 380, 383, 411, 427, 435, 441, 443, 444, 447, 507, 523, 531, 537, 539, 540, 543, 547, 553, 555, 556, 559, 561, 563, 564, 567, 569, 570, 571, 572, 573, 575, 576, 603, 619, 627, 633, 635, 636, 639, 667, 683, 691, 697, 699, 700, 703, 763, 795, 811, 819, 825, 827, 828, 831, 891, 955]
x_60: [4, 10, 11, 12, 16, 18, 19, 20, 24, 25, 26, 27, 28, 30, 31, 32, 34, 35, 36, 40, 41, 42, 43, 44, 46, 47, 48, 49, 50, 51, 52, 54, 55, 56, 57, 58, 59, 61, 62, 63, 64, 76, 84, 90, 91, 92, 96, 100, 106, 107, 108, 112, 114, 115, 116, 120, 121, 122, 123, 124, 126, 127, 128, 140, 148, 154, 155, 156, 160, 164, 170, 171, 172, 176, 178, 179, 180, 184, 185, 186, 187, 188, 190, 191, 192, 220, 236, 244, 250, 251, 252, 256, 268, 276, 282, 283, 284, 288, 292, 298, 299, 300, 304, 306, 307, 308, 312, 313, 314, 315, 316, 318, 319, 320, 348, 364, 372, 378, 379, 380, 384, 412, 428, 436, 442, 443, 444, 448, 508, 524, 532, 538, 539, 540, 544, 548, 554, 555, 556, 560, 562, 563, 564, 568, 569, 570, 571, 572, 574, 575, 576, 604, 620, 628, 634, 635, 636, 640, 668, 684, 692, 698, 699, 700, 704, 764, 796, 812, 820, 826, 827, 828, 832, 892, 956]
x_61: [5, 9, 13, 14, 15, 17, 21, 22, 23, 25, 26, 27, 29, 30, 31, 32, 33, 37, 38, 39, 41, 42, 43, 45, 46, 47, 48, 49, 50, 51, 53, 54, 55, 56, 57, 58, 59, 60, 62, 63, 64, 77, 85, 89, 93, 94, 95, 101, 105, 109, 110, 111, 113, 117, 118, 119, 121, 122, 123, 125, 126, 127, 128, 141, 149, 153, 157, 158, 159, 165, 169, 173, 174, 175, 177, 181, 182, 183, 185, 186, 187, 189, 190, 191, 192, 221, 237, 245, 249, 253, 254, 255, 269, 277, 281, 285, 286, 287, 293, 297, 301, 302, 303, 305, 309, 310, 311, 313, 314, 315, 317, 318, 319, 320, 349, 365, 373, 377, 381, 382, 383, 413, 429, 437, 441, 445, 446, 447, 509, 525, 533, 537, 541, 542, 543, 549, 553, 557, 558, 559, 561, 565, 566, 567, 569, 570, 571, 573, 574, 575, 576, 605, 621, 629, 633, 637, 638, 639, 669, 685, 693, 697, 701, 702, 703, 765, 797, 813, 821, 825, 829, 830, 831, 893, 957]
x_62: [6, 10, 13, 14, 16, 18, 21, 22, 24, 25, 26, 28, 29, 30, 31, 32, 34, 37, 38, 40, 41, 42, 44, 45, 46, 47, 48, 49, 50, 52, 53, 54, 55, 56, 57, 58, 59, 60, 61, 63, 64, 78, 86, 90, 93, 94, 96, 102, 106, 109, 110, 112, 114, 117, 118, 120, 121, 122, 124, 125, 126, 127, 128, 142, 150, 154, 157, 158, 160, 166, 170, 173, 174, 176, 178, 181, 182, 184, 185, 186, 188, 189, 190, 191, 192, 222, 238, 246, 250, 253, 254, 256, 270, 278, 282, 285, 286, 288, 294, 298, 301, 302, 304, 306, 309, 310, 312, 313, 314, 316, 317, 318, 319, 320, 350, 366, 374, 378, 381, 382, 384, 414, 430, 438, 442, 445, 446, 448, 510, 526, 534, 538, 541, 542, 544, 550, 554, 557, 558, 560, 562, 565, 566, 568, 569, 570, 572, 573, 574, 575, 576, 606, 622, 630, 634, 637, 638, 640, 670, 686, 694, 698, 701, 702, 704, 766, 798, 814, 822, 826, 829, 830, 832, 894, 958]
x_63: [7, 11, 13, 15, 16, 19, 21, 23, 24, 25, 27, 28, 29, 30, 31, 32, 35, 37, 39, 40, 41, 43, 44, 45, 46, 47, 48, 49, 51, 52, 53, 54, 55, 56, 57, 58, 59, 60, 61, 62, 64, 79, 87, 91, 93, 95, 96, 103, 107, 109, 111, 112, 115, 117, 119, 120, 121, 123, 124, 125, 126, 127, 128, 143, 151, 155, 157, 159, 160, 167, 171, 173, 175, 176, 179, 181, 183, 184, 185, 187, 188, 189, 190, 191, 192, 223, 239, 247, 251, 253, 255, 256, 271, 279, 283, 285, 287, 288, 295, 299, 301, 303, 304, 307, 309, 311, 312, 313, 315, 316, 317, 318, 319, 320, 351, 367, 375, 379, 381, 383, 384, 415, 431, 439, 443, 445, 447, 448, 511, 527, 535, 539, 541, 543, 544, 551, 555, 557, 559, 560, 563, 565, 567, 568, 569, 571, 572, 573, 574, 575, 576, 607, 623, 631, 635, 637, 639, 640, 671, 687, 695, 699, 701, 703, 704, 767, 799, 815, 823, 827, 829, 831, 832, 895, 959]
x_64: [8, 12, 14, 15, 16, 20, 22, 23, 24, 26, 27, 28, 29, 30, 31, 32, 36, 38, 39, 40, 42, 43, 44, 45, 46, 47, 48, 50, 51, 52, 53, 54, 55, 56, 57, 58, 59, 60, 61, 62, 63, 80, 88, 92, 94, 95, 96, 104, 108, 110, 111, 112, 116, 118, 119, 120, 122, 123, 124, 125, 126, 127, 128, 144, 152, 156, 158, 159, 160, 168, 172, 174, 175, 176, 180, 182, 183, 184, 186, 187, 188, 189, 190, 191, 192, 224, 240, 248, 252, 254, 255, 256, 272, 280, 284, 286, 287, 288, 296, 300, 302, 303, 304, 308, 310, 311, 312, 314, 315, 316, 317, 318, 319, 320, 352, 368, 376, 380, 382, 383, 384, 416, 432, 440, 444, 446, 447, 448, 512, 528, 536, 540, 542, 543, 544, 552, 556, 558, 559, 560, 564, 566, 567, 568, 570, 571, 572, 573, 574, 575, 576, 608, 624, 632, 636, 638, 639, 640, 672, 688, 696, 700, 702, 703, 704, 768, 800, 816, 824, 828, 830, 831, 832, 896, 960]
x_65: [1, 2, 3, 4, 5, 6, 7, 9, 10, 11, 13, 17, 18, 19, 21, 25, 33, 34, 35, 37, 41, 49, 66, 67, 68, 69, 70, 71, 72, 73, 74, 75, 76, 77, 78, 79, 81, 82, 83, 84, 85, 86, 87, 89, 90, 91, 93, 97, 98, 99, 100, 101, 102, 103, 105, 106, 107, 109, 113, 114, 115, 117, 121, 129, 130, 131, 133, 137, 145, 161, 193, 194, 195, 196, 197, 198, 199, 201, 202, 203, 205, 209, 210, 211, 213, 217, 225, 226, 227, 229, 233, 241, 257, 258, 259, 261, 265, 273, 289, 321, 322, 323, 324, 325, 326, 327, 329, 330, 331, 333, 337, 338, 339, 341, 345, 353, 354, 355, 357, 361, 369, 385, 449, 450, 451, 453, 457, 465, 481, 513, 514, 515, 517, 521, 529, 545, 577, 578, 579, 580, 581, 582, 583, 585, 586, 587, 589, 593, 594, 595, 597, 601, 609, 610, 611, 613, 617, 625, 641, 705, 706, 707, 709, 713, 721, 737, 769, 833, 834, 835, 837, 841, 849, 865, 961]
x_66: [1, 2, 3, 4, 5, 6, 8, 9, 10, 12, 14, 17, 18, 20, 22, 26, 33, 34, 36, 38, 42, 50, 65, 67, 68, 69, 70, 71, 72, 73, 74, 75, 76, 77, 78, 80, 81, 82, 83, 84, 85, 86, 88, 89, 90, 92, 94, 97, 98, 99, 100, 101, 102, 104, 105, 106, 108, 110, 113, 114, 116, 118, 122, 129, 130, 132, 134, 138, 146, 162, 193, 194, 195, 196, 197, 198, 200, 201, 202, 204, 206, 209, 210, 212, 214, 218, 225, 226, 228, 230, 234, 242, 257, 258, 260, 262, 266, 274, 290, 321, 322, 323, 324, 325, 326, 328, 329, 330, 332, 334, 337, 338, 340, 342, 346, 353, 354, 356, 358, 362, 370, 386, 449, 450, 452, 454, 458, 466, 482, 513, 514, 516, 518, 522, 530, 546, 577, 578, 579, 580, 581, 582, 584, 585, 586, 588, 590, 593, 594, 596, 598, 602, 609, 610, 612, 614, 618, 626, 642, 705, 706, 708, 710, 714, 722, 738, 770, 833, 834, 836, 838, 842, 850, 866, 962]
x_67: [1, 2, 3, 4, 5, 7, 8, 9, 11, 12, 15, 17, 19, 20, 23, 27, 33, 35, 36, 39, 43, 51, 65, 66, 68, 69, 70, 71, 72, 73, 74, 75, 76, 77, 79, 80, 81, 82, 83, 84, 85, 87, 88, 89, 91, 92, 95, 97, 98, 99, 100, 101, 103, 104, 105, 107, 108, 111, 113, 115, 116, 119, 123, 129, 131, 132, 135, 139, 147, 163, 193, 194, 195, 196, 197, 199, 200, 201, 203, 204, 207, 209, 211, 212, 215, 219, 225, 227, 228, 231, 235, 243, 257, 259, 260, 263, 267, 275, 291, 321, 322, 323, 324, 325, 327, 328, 329, 331, 332, 335, 337, 339, 340, 343, 347, 353, 355, 356, 359, 363, 371, 387, 449, 451, 452, 455, 459, 467, 483, 513, 515, 516, 519, 523, 531, 547, 577, 578, 579, 580, 581, 583, 584, 585, 587, 588, 591, 593, 595, 596, 599, 603, 609, 611, 612, 615, 619, 627, 643, 705, 707, 708, 711, 715, 723, 739, 771, 833, 835, 836, 839, 843, 851, 867, 963]
x_68: [1, 2, 3, 4, 6, 7, 8, 10, 11, 12, 16, 18, 19, 20, 24, 28, 34, 35, 36, 40, 44, 52, 65, 66, 67, 69, 70, 71, 72, 73, 74, 75, 76, 78, 79, 80, 81, 82, 83, 84, 86, 87, 88, 90, 91, 92, 96, 97, 98, 99, 100, 102, 103, 104, 106, 107, 108, 112, 114, 115, 116, 120, 124, 130, 131, 132, 136, 140, 148, 164, 193, 194, 195, 196, 198, 199, 200, 202, 203, 204, 208, 210, 211, 212, 216, 220, 226, 227, 228, 232, 236, 244, 258, 259, 260, 264, 268, 276, 292, 321, 322, 323, 324, 326, 327, 328, 330, 331, 332, 336, 338, 339, 340, 344, 348, 354, 355, 356, 360, 364, 372, 388, 450, 451, 452, 456, 460, 468, 484, 514, 515, 516, 520, 524, 532, 548, 577, 578, 579, 580, 582, 583, 584, 586, 587, 588, 592, 594, 595, 596, 600, 604, 610, 611, 612, 616, 620, 628, 644, 706, 707, 708, 712, 716, 724, 740, 772, 834, 835, 836, 840, 844, 852, 868, 964]
x_69: [1, 2, 3, 5, 6, 7, 8, 9, 13, 14, 15, 17, 21, 22, 23, 29, 33, 37, 38, 39, 45, 53, 65, 66, 67, 68, 70, 71, 72, 73, 74, 75, 77, 78, 79, 80, 81, 82, 83, 85, 86, 87, 88, 89, 93, 94, 95, 97, 98, 99, 101, 102, 103, 104, 105, 109, 110, 111, 113, 117, 118, 119, 125, 129, 133, 134, 135, 141, 149, 165, 193, 194, 195, 197, 198, 199, 200, 201, 205, 206, 207, 209, 213, 214, 215, 221, 225, 229, 230, 231, 237, 245, 257, 261, 262, 263, 269, 277, 293, 321, 322, 323, 325, 326, 327, 328, 329, 333, 334, 335, 337, 341, 342, 343, 349, 353, 357, 358, 359, 365, 373, 389, 449, 453, 454, 455, 461, 469, 485, 513, 517, 518, 519, 525, 533, 549, 577, 578, 579, 581, 582, 583, 584, 585, 589, 590, 591, 593, 597, 598, 599, 605, 609, 613, 614, 615, 621, 629, 645, 705, 709, 710, 711, 717, 725, 741, 773, 833, 837, 838, 839, 845, 853, 869, 965]
x_70: [1, 2, 4, 5, 6, 7, 8, 10, 13, 14, 16, 18, 21, 22, 24, 30, 34, 37, 38, 40, 46, 54, 65, 66, 67, 68, 69, 71, 72, 73, 74, 76, 77, 78, 79, 80, 81, 82, 84, 85, 86, 87, 88, 90, 93, 94, 96, 97, 98, 100, 101, 102, 103, 104, 106, 109, 110, 112, 114, 117, 118, 120, 126, 130, 133, 134, 136, 142, 150, 166, 193, 194, 196, 197, 198, 199, 200, 202, 205, 206, 208, 210, 213, 214, 216, 222, 226, 229, 230, 232, 238, 246, 258, 261, 262, 264, 270, 278, 294, 321, 322, 324, 325, 326, 327, 328, 330, 333, 334, 336, 338, 341, 342, 344, 350, 354, 357, 358, 360, 366, 374, 390, 450, 453, 454, 456, 462, 470, 486, 514, 517, 518, 520, 526, 534, 550, 577, 578, 580, 581, 582, 583, 584, 586, 589, 590, 592, 594, 597, 598, 600, 606, 610, 613, 614, 616, 622, 630, 646, 706, 709, 710, 712, 718, 726, 742, 774, 834, 837, 838, 840, 846, 854, 870, 966]
x_71: [1, 3, 4, 5, 6, 7, 8, 11, 13, 15, 16, 19, 21, 23, 24, 31, 35, 37, 39, 40, 47, 55, 65, 66, 67, 68, 69, 70, 72, 73, 75, 76, 77, 78, 79, 80, 81, 83, 84, 85, 86, 87, 88, 91, 93, 95, 96, 97, 99, 100, 101, 102, 103, 104, 107, 109, 111, 112, 115, 117, 119, 120, 127, 131, 133, 135, 136, 143, 151, 167, 193, 195, 196, 197, 198, 199, 200, 203, 205, 207, 208, 211, 213, 215, 216, 223, 227, 229, 231, 232, 239, 247, 259, 261, 263, 264, 271, 279, 295, 321, 323, 324, 325, 326, 327, 328, 331, 333, 335, 336, 339, 341, 343, 344, 351, 355, 357, 359, 360, 367, 375, 391, 451, 453, 455, 456, 463, 471, 487, 515, 517, 519, 520, 527, 535, 551, 577, 579, 580, 581, 582, 583, 584, 587, 589, 591, 592, 595, 597, 599, 600, 607, 611, 613, 615, 616, 623, 631, 647, 707, 709, 711, 712, 719, 727, 743, 775, 835, 837, 839, 840, 847, 855, 871, 967]
x_72: [2, 3, 4, 5, 6, 7, 8, 12, 14, 15, 16, 20, 22, 23, 24, 32, 36, 38, 39, 40, 48, 56, 65, 66, 67, 68, 69, 70, 71, 74, 75, 76, 77, 78, 79, 80, 82, 83, 84, 85, 86, 87, 88, 92, 94, 95, 96, 98, 99, 100, 101, 102, 103, 104, 108, 110, 111, 112, 116, 118, 119, 120, 128, 132, 134, 135, 136, 144, 152, 168, 194, 195, 196, 197, 198, 199, 200, 204, 206, 207, 208, 212, 214, 215, 216, 224, 228, 230, 231, 232, 240, 248, 260, 262, 263, 264, 272, 280, 296, 322, 323, 324, 325, 326, 327, 328, 332, 334, 335, 336, 340, 342, 343, 344, 352, 356, 358, 359, 360, 368, 376, 392, 452, 454, 455, 456, 464, 472, 488, 516, 518, 519, 520, 528, 536, 552, 578, 579, 580, 581, 582, 583, 584, 588, 590, 591, 592, 596, 598, 599, 600, 608, 612, 614, 615, 616, 624, 632, 648, 708, 710, 711, 712, 720, 728, 744, 776, 836, 838, 839, 840, 848, 856, 872, 968]
x_73: [1, 2, 3, 5, 9, 10, 11, 12, 13, 14, 15, 17, 25, 26, 27, 29, 33, 41, 42, 43, 45, 57, 65, 66, 67, 68, 69, 70, 71, 74, 75, 76, 77, 78, 79, 80, 81, 82, 83, 85, 89, 90, 91, 92, 93, 94, 95, 97, 98, 99, 101, 105, 106, 107, 108, 109, 110, 111, 113, 121, 122, 123, 125, 129, 137, 138, 139, 141, 153, 169, 193, 194, 195, 197, 201, 202, 203, 204, 205, 206, 207, 209, 217, 218, 219, 221, 225, 233, 234, 235, 237, 249, 257, 265, 266, 267, 269, 281, 297, 321, 322, 323, 325, 329, 330, 331, 332, 333, 334, 335, 337, 345, 346, 347, 349, 353, 361, 362, 363, 365, 377, 393, 449, 457, 458, 459, 461, 473, 489, 513, 521, 522, 523, 525, 537, 553, 577, 578, 579, 581, 585, 586, 587, 588, 589, 590, 591, 593, 601, 602, 603, 605, 609, 617, 618, 619, 621, 633, 649, 705, 713, 714, 715, 717, 729, 745, 777, 833, 841, 842, 843, 845, 857, 873, 969]
x_74: [1, 2, 4, 6, 9, 10, 11, 12, 13, 14, 16, 18, 25, 26, 28, 30, 34, 41, 42, 44, 46, 58, 65, 66, 67, 68, 69, 70, 72, 73, 75, 76, 77, 78, 79, 80, 81, 82, 84, 86, 89, 90, 91, 92, 93, 94, 96, 97, 98, 100, 102, 105, 106, 107, 108, 109, 110, 112, 114, 121, 122, 124, 126, 130, 137, 138, 140, 142, 154, 170, 193, 194, 196, 198, 201, 202, 203, 204, 205, 206, 208, 210, 217, 218, 220, 222, 226, 233, 234, 236, 238, 250, 258, 265, 266, 268, 270, 282, 298, 321, 322, 324, 326, 329, 330, 331, 332, 333, 334, 336, 338, 345, 346, 348, 350, 354, 361, 362, 364, 366, 378, 394, 450, 457, 458, 460, 462, 474, 490, 514, 521, 522, 524, 526, 538, 554, 577, 578, 580, 582, 585, 586, 587, 588, 589, 590, 592, 594, 601, 602, 604, 606, 610, 617, 618, 620, 622, 634, 650, 706, 713, 714, 716, 718, 730, 746, 778, 834, 841, 842, 844, 846, 858, 874, 970]
x_75: [1, 3, 4, 7, 9, 10, 11, 12, 13, 15, 16, 19, 25, 27, 28, 31, 35, 41, 43, 44, 47, 59, 65, 66, 67, 68, 69, 71, 72, 73, 74, 76, 77, 78, 79, 80, 81, 83, 84, 87, 89, 90, 91, 92, 93, 95, 96, 97, 99, 100, 103, 105, 106, 107, 108, 109, 111, 112, 115, 121, 123, 124, 127, 131, 137, 139, 140, 143, 155, 171, 193, 195, 196, 199, 201, 202, 203, 204, 205, 207, 208, 211, 217, 219, 220, 223, 227, 233, 235, 236, 239, 251, 259, 265, 267, 268, 271, 283, 299, 321, 323, 324, 327, 329, 330, 331, 332, 333, 335, 336, 339, 345, 347, 348, 351, 355, 361, 363, 364, 367, 379, 395, 451, 457, 459, 460, 463, 475, 491, 515, 521, 523, 524, 527, 539, 555, 577, 579, 580, 583, 585, 586, 587, 588, 589, 591, 592, 595, 601, 603, 604, 607, 611, 617, 619, 620, 623, 635, 651, 707, 713, 715, 716, 719, 731, 747, 779, 835, 841, 843, 844, 847, 859, 875, 971]
x_76: [2, 3, 4, 8, 9, 10, 11, 12, 14, 15, 16, 20, 26, 27, 28, 32, 36, 42, 43, 44, 48, 60, 65, 66, 67, 68, 70, 71, 72, 73, 74, 75, 77, 78, 79, 80, 82, 83, 84, 88, 89, 90, 91, 92, 94, 95, 96, 98, 99, 100, 104, 105, 106, 107, 108, 110, 111, 112, 116, 122, 123, 124, 128, 132, 138, 139, 140, 144, 156, 172, 194, 195, 196, 200, 201, 202, 203, 204, 206, 207, 208, 212, 218, 219, 220, 224, 228, 234, 235, 236, 240, 252, 260, 266, 267, 268, 272, 284, 300, 322, 323, 324, 328, 329, 330, 331, 332, 334, 335, 336, 340, 346, 347, 348, 352, 356, 362, 363, 364, 368, 380, 396, 452, 458, 459, 460, 464, 476, 492, 516, 522, 523, 524, 528, 540, 556, 578, 579, 580, 584, 585, 586, 587, 588, 590, 591, 592, 596, 602, 603, 604, 608, 612, 618, 619, 620, 624, 636, 652, 708, 714, 715, 716, 720, 732, 748, 780, 836, 842, 843, 844, 848, 860, 876, 972]
x_77: [1, 5, 6, 7, 9, 10, 11, 13, 14, 15, 16, 21, 25, 29, 30, 31, 37, 41, 45, 46, 47, 61, 65, 66, 67, 69, 70, 71, 72, 73, 74, 75, 76, 78, 79, 80, 81, 85, 86, 87, 89, 90, 91, 93, 94, 95, 96, 97, 101, 102, 103, 105, 106, 107, 109, 110, 111, 112, 117, 121, 125, 126, 127, 133, 137, 141, 142, 143, 157, 173, 193, 197, 198, 199, 201, 202, 203, 205, 206, 207, 208, 213, 217, 221, 222, 223, 229, 233, 237, 238, 239, 253, 261, 265, 269, 270, 271, 285, 301, 321, 325, 326, 327, 329, 330, 331, 333, 334, 335, 336, 341, 345, 349, 350, 351, 357, 361, 365, 366, 367, 381, 397, 453, 457, 461, 462, 463, 477, 493, 517, 521, 525, 526, 527, 541, 557, 577, 581, 582, 583, 585, 586, 587, 589, 590, 591, 592, 597, 601, 605, 606, 607, 613, 617, 621, 622, 623, 637, 653, 709, 713, 717, 718, 719, 733, 749, 781, 837, 841, 845, 846, 847, 861, 877, 973]
x_78: [2, 5, 6, 8, 9, 10, 12, 13, 14, 15, 16, 22, 26, 29, 30, 32, 38, 42, 45, 46, 48, 62, 65, 66, 68, 69, 70, 71, 72, 73, 74, 75, 76, 77, 79, 80, 82, 85, 86, 88, 89, 90, 92, 93, 94, 95, 96, 98, 101, 102, 104, 105, 106, 108, 109, 110, 111, 112, 118, 122, 125, 126, 128, 134, 138, 141, 142, 144, 158, 174, 194, 197, 198, 200, 201, 202, 204, 205, 206, 207, 208, 214, 218, 221, 222, 224, 230, 234, 237, 238, 240, 254, 262, 266, 269, 270, 272, 286, 302, 322, 325, 326, 328, 329, 330, 332, 333, 334, 335, 336, 342, 346, 349, 350, 352, 358, 362, 365, 366, 368, 382, 398, 454, 458, 461, 462, 464, 478, 494, 518, 522, 525, 526, 528, 542, 558, 578, 581, 582, 584, 585, 586, 588, 589, 590, 591, 592, 598, 602, 605, 606, 608, 614, 618, 621, 622, 624, 638, 654, 710, 714, 717, 718, 720, 734, 750, 782, 838, 842, 845, 846, 848, 862, 878, 974]
x_79: [3, 5, 7, 8, 9, 11, 12, 13, 14, 15, 16, 23, 27, 29, 31, 32, 39, 43, 45, 47, 48, 63, 65, 67, 68, 69, 70, 71, 72, 73, 74, 75, 76, 77, 78, 80, 83, 85, 87, 88, 89, 91, 92, 93, 94, 95, 96, 99, 101, 103, 104, 105, 107, 108, 109, 110, 111, 112, 119, 123, 125, 127, 128, 135, 139, 141, 143, 144, 159, 175, 195, 197, 199, 200, 201, 203, 204, 205, 206, 207, 208, 215, 219, 221, 223, 224, 231, 235, 237, 239, 240, 255, 263, 267, 269, 271, 272, 287, 303, 323, 325, 327, 328, 329, 331, 332, 333, 334, 335, 336, 343, 347, 349, 351, 352, 359, 363, 365, 367, 368, 383, 399, 455, 459, 461, 463, 464, 479, 495, 519, 523, 525, 527, 528, 543, 559, 579, 581, 583, 584, 585, 587, 588, 589, 590, 591, 592, 599, 603, 605, 607, 608, 615, 619, 621, 623, 624, 639, 655, 711, 715, 717, 719, 720, 735, 751, 783, 839, 843, 845, 847, 848, 863, 879, 975]
x_80: [4, 6, 7, 8, 10, 11, 12, 13, 14, 15, 16, 24, 28, 30, 31, 32, 40, 44, 46, 47, 48, 64, 66, 67, 68, 69, 70, 71, 72, 73, 74, 75, 76, 77, 78, 79, 84, 86, 87, 88, 90, 91, 92, 93, 94, 95, 96, 100, 102, 103, 104, 106, 107, 108, 109, 110, 111, 112, 120, 124, 126, 127, 128, 136, 140, 142, 143, 144, 160, 176, 196, 198, 199, 200, 202, 203, 204, 205, 206, 207, 208, 216, 220, 222, 223, 224, 232, 236, 238, 239, 240, 256, 264, 268, 270, 271, 272, 288, 304, 324, 326, 327, 328, 330, 331, 332, 333, 334, 335, 336, 344, 348, 350, 351, 352, 360, 364, 366, 367, 368, 384, 400, 456, 460, 462, 463, 464, 480, 496, 520, 524, 526, 527, 528, 544, 560, 580, 582, 583, 584, 586, 587, 588, 589, 590, 591, 592, 600, 604, 606, 607, 608, 616, 620, 622, 623, 624, 640, 656, 712, 716, 718, 719, 720, 736, 752, 784, 840, 844, 846, 847, 848, 864, 880, 976]
x_81: [1, 2, 3, 5, 9, 17, 18, 19, 20, 21, 22, 23, 25, 26, 27, 29, 33, 49, 50, 51, 53, 57, 65, 66, 67, 68, 69, 70, 71, 73, 74, 75, 77, 82, 83, 84, 85, 86, 87, 88, 89, 90, 91, 92, 93, 94, 95, 97, 98, 99, 101, 105, 113, 114, 115, 116, 117, 118, 119, 121, 122, 123, 125, 129, 145, 146, 147, 149, 153, 177, 193, 194, 195, 197, 201, 209, 210, 211, 212, 213, 214, 215, 217, 218, 219, 221, 225, 241, 242, 243, 245, 249, 257, 273, 274, 275, 277, 281, 305, 321, 322, 323, 325, 329, 337, 338, 339, 340, 341, 342, 343, 345, 346, 347, 349, 353, 369, 370, 371, 373, 377, 401, 449, 465, 466, 467, 469, 473, 497, 513, 529, 530, 531, 533, 537, 561, 577, 578, 579, 581, 585, 593, 594, 595, 596, 597, 598, 599, 601, 602, 603, 605, 609, 625, 626, 627, 629, 633, 657, 705, 721, 722, 723, 725, 729, 753, 785, 833, 849, 850, 851, 853, 857, 881, 977]
x_82: [1, 2, 4, 6, 10, 17, 18, 19, 20, 21, 22, 24, 25, 26, 28, 30, 34, 49, 50, 52, 54, 58, 65, 66, 67, 68, 69, 70, 72, 73, 74, 76, 78, 81, 83, 84, 85, 86, 87, 88, 89, 90, 91, 92, 93, 94, 96, 97, 98, 100, 102, 106, 113, 114, 115, 116, 117, 118, 120, 121, 122, 124, 126, 130, 145, 146, 148, 150, 154, 178, 193, 194, 196, 198, 202, 209, 210, 211, 212, 213, 214, 216, 217, 218, 220, 222, 226, 241, 242, 244, 246, 250, 258, 273, 274, 276, 278, 282, 306, 321, 322, 324, 326, 330, 337, 338, 339, 340, 341, 342, 344, 345, 346, 348, 350, 354, 369, 370, 372, 374, 378, 402, 450, 465, 466, 468, 470, 474, 498, 514, 529, 530, 532, 534, 538, 562, 577, 578, 580, 582, 586, 593, 594, 595, 596, 597, 598, 600, 601, 602, 604, 606, 610, 625, 626, 628, 630, 634, 658, 706, 721, 722, 724, 726, 730, 754, 786, 834, 849, 850, 852, 854, 858, 882, 978]
x_83: [1, 3, 4, 7, 11, 17, 18, 19, 20, 21, 23, 24, 25, 27, 28, 31, 35, 49, 51, 52, 55, 59, 65, 66, 67, 68, 69, 71, 72, 73, 75, 76, 79, 81, 82, 84, 85, 86, 87, 88, 89, 90, 91, 92, 93, 95, 96, 97, 99, 100, 103, 107, 113, 114, 115, 116, 117, 119, 120, 121, 123, 124, 127, 131, 145, 147, 148, 151, 155, 179, 193, 195, 196, 199, 203, 209, 210, 211, 212, 213, 215, 216, 217, 219, 220, 223, 227, 241, 243, 244, 247, 251, 259, 273, 275, 276, 279, 283, 307, 321, 323, 324, 327, 331, 337, 338, 339, 340, 341, 343, 344, 345, 347, 348, 351, 355, 369, 371, 372, 375, 379, 403, 451, 465, 467, 468, 471, 475, 499, 515, 529, 531, 532, 535, 539, 563, 577, 579, 580, 583, 587, 593, 594, 595, 596, 597, 599, 600, 601, 603, 604, 607, 611, 625, 627, 628, 631, 635, 659, 707, 721, 723, 724, 727, 731, 755, 787, 835, 849, 851, 852, 855, 859, 883, 979]
x_84: [2, 3, 4, 8, 12, 17, 18, 19, 20, 22, 23, 24, 26, 27, 28, 32, 36, 50, 51, 52, 56, 60, 65, 66, 67, 68, 70, 71, 72, 74, 75, 76, 80, 81, 82, 83, 85, 86, 87, 88, 89, 90, 91, 92, 94, 95, 96, 98, 99, 100, 104, 108, 113, 114, 115, 116, 118, 119, 120, 122, 123, 124, 128, 132, 146, 147, 148, 152, 156, 180, 194, 195, 196, 200, 204, 209, 210, 211, 212, 214, 215, 216, 218, 219, 220, 224, 228, 242, 243, 244, 248, 252, 260, 274, 275, 276, 280, 284, 308, 322, 323, 324, 328, 332, 337, 338, 339, 340, 342, 343, 344, 346, 347, 348, 352, 356, 370, 371, 372, 376, 380, 404, 452, 466, 467, 468, 472, 476, 500, 516, 530, 531, 532, 536, 540, 564, 578, 579, 580, 584, 588, 593, 594, 595, 596, 598, 599, 600, 602, 603, 604, 608, 612, 626, 627, 628, 632, 636, 660, 708, 722, 723, 724, 728, 732, 756, 788, 836, 850, 851, 852, 856, 860, 884, 980]
x_85: [1, 5, 6, 7, 13, 17, 18, 19, 21, 22, 23, 24, 25, 29, 30, 31, 37, 49, 53, 54, 55, 61, 65, 66, 67, 69, 70, 71, 72, 73, 77, 78, 79, 81, 82, 83, 84, 86, 87, 88, 89, 90, 91, 93, 94, 95, 96, 97, 101, 102, 103, 109, 113, 114, 115, 117, 118, 119, 120, 121, 125, 126, 127, 133, 145, 149, 150, 151, 157, 181, 193, 197, 198, 199, 205, 209, 210, 211, 213, 214, 215, 216, 217, 221, 222, 223, 229, 241, 245, 246, 247, 253, 261, 273, 277, 278, 279, 285, 309, 321, 325, 326, 327, 333, 337, 338, 339, 341, 342, 343, 344, 345, 349, 350, 351, 357, 369, 373, 374, 375, 381, 405, 453, 465, 469, 470, 471, 477, 501, 517, 529, 533, 534, 535, 541, 565, 577, 581, 582, 583, 589, 593, 594, 595, 597, 598, 599, 600, 601, 605, 606, 607, 613, 625, 629, 630, 631, 637, 661, 709, 721, 725, 726, 727, 733, 757, 789, 837, 849, 853, 854, 855, 861, 885, 981]
x_86: [2, 5, 6, 8, 14, 17, 18, 20, 21, 22, 23, 24, 26, 29, 30, 32, 38, 50, 53, 54, 56, 62, 65, 66, 68, 69, 70, 71, 72, 74, 77, 78, 80, 81, 82, 83, 84, 85, 87, 88, 89, 90, 92, 93, 94, 95, 96, 98, 101, 102, 104, 110, 113, 114, 116, 117, 118, 119, 120, 122, 125, 126, 128, 134, 146, 149, 150, 152, 158, 182, 194, 197, 198, 200, 206, 209, 210, 212, 213, 214, 215, 216, 218, 221, 222, 224, 230, 242, 245, 246, 248, 254, 262, 274, 277, 278, 280, 286, 310, 322, 325, 326, 328, 334, 337, 338, 340, 341, 342, 343, 344, 346, 349, 350, 352, 358, 370, 373, 374, 376, 382, 406, 454, 466, 469, 470, 472, 478, 502, 518, 530, 533, 534, 536, 542, 566, 578, 581, 582, 584, 590, 593, 594, 596, 597, 598, 599, 600, 602, 605, 606, 608, 614, 626, 629, 630, 632, 638, 662, 710, 722, 725, 726, 728, 734, 758, 790, 838, 850, 853, 854, 856, 862, 886, 982]
x_87: [3, 5, 7, 8, 15, 17, 19, 20, 21, 22, 23, 24, 27, 29, 31, 32, 39, 51, 53, 55, 56, 63, 65, 67, 68, 69, 70, 71, 72, 75, 77, 79, 80, 81, 82, 83, 84, 85, 86, 88, 89, 91, 92, 93, 94, 95, 96, 99, 101, 103, 104, 111, 113, 115, 116, 117, 118, 119, 120, 123, 125, 127, 128, 135, 147, 149, 151, 152, 159, 183, 195, 197, 199, 200, 207, 209, 211, 212, 213, 214, 215, 216, 219, 221, 223, 224, 231, 243, 245, 247, 248, 255, 263, 275, 277, 279, 280, 287, 311, 323, 325, 327, 328, 335, 337, 339, 340, 341, 342, 343, 344, 347, 349, 351, 352, 359, 371, 373, 375, 376, 383, 407, 455, 467, 469, 471, 472, 479, 503, 519, 531, 533, 535, 536, 543, 567, 579, 581, 583, 584, 591, 593, 595, 596, 597, 598, 599, 600, 603, 605, 607, 608, 615, 627, 629, 631, 632, 639, 663, 711, 723, 725, 727, 728, 735, 759, 791, 839, 851, 853, 855, 856, 863, 887, 983]
x_88: [4, 6, 7, 8, 16, 18, 19, 20, 21, 22, 23, 24, 28, 30, 31, 32, 40, 52, 54, 55, 56, 64, 66, 67, 68, 69, 70, 71, 72, 76, 78, 79, 80, 81, 82, 83, 84, 85, 86, 87, 90, 91, 92, 93, 94, 95, 96, 100, 102, 103, 104, 112, 114, 115, 116, 117, 118, 119, 120, 124, 126, 127, 128, 136, 148, 150, 151, 152, 160, 184, 196, 198, 199, 200, 208, 210, 211, 212, 213, 214, 215, 216, 220, 222, 223, 224, 232, 244, 246, 247, 248, 256, 264, 276, 278, 279, 280, 288, 312, 324, 326, 327, 328, 336, 338, 339, 340, 341, 342, 343, 344, 348, 350, 351, 352, 360, 372, 374, 375, 376, 384, 408, 456, 468, 470, 471, 472, 480, 504, 520, 532, 534, 535, 536, 544, 568, 580, 582, 583, 584, 592, 594, 595, 596, 597, 598, 599, 600, 604, 606, 607, 608, 616, 628, 630, 631, 632, 640, 664, 712, 724, 726, 727, 728, 736, 760, 792, 840, 852, 854, 855, 856, 864, 888, 984]
x_89: [1, 9, 10, 11, 13, 17, 18, 19, 21, 25, 26, 27, 28, 29, 30, 31, 41, 49, 57, 58, 59, 61, 65, 66, 67, 69, 73, 74, 75, 76, 77, 78, 79, 81, 82, 83, 84, 85, 86, 87, 90, 91, 92, 93, 94, 95, 96, 97, 105, 106, 107, 109, 113, 114, 115, 117, 121, 122, 123, 124, 125, 126, 127, 137, 145, 153, 154, 155, 157, 185, 193, 201, 202, 203, 205, 209, 210, 211, 213, 217, 218, 219, 220, 221, 222, 223, 233, 241, 249, 250, 251, 253, 265, 273, 281, 282, 283, 285, 313, 321, 329, 330, 331, 333, 337, 338, 339, 341, 345, 346, 347, 348, 349, 350, 351, 361, 369, 377, 378, 379, 381, 409, 457, 465, 473, 474, 475, 477, 505, 521, 529, 537, 538, 539, 541, 569, 577, 585, 586, 587, 589, 593, 594, 595, 597, 601, 602, 603, 604, 605, 606, 607, 617, 625, 633, 634, 635, 637, 665, 713, 721, 729, 730, 731, 733, 761, 793, 841, 849, 857, 858, 859, 861, 889, 985]
x_90: [2, 9, 10, 12, 14, 17, 18, 20, 22, 25, 26, 27, 28, 29, 30, 32, 42, 50, 57, 58, 60, 62, 65, 66, 68, 70, 73, 74, 75, 76, 77, 78, 80, 81, 82, 83, 84, 85, 86, 88, 89, 91, 92, 93, 94, 95, 96, 98, 105, 106, 108, 110, 113, 114, 116, 118, 121, 122, 123, 124, 125, 126, 128, 138, 146, 153, 154, 156, 158, 186, 194, 201, 202, 204, 206, 209, 210, 212, 214, 217, 218, 219, 220, 221, 222, 224, 234, 242, 249, 250, 252, 254, 266, 274, 281, 282, 284, 286, 314, 322, 329, 330, 332, 334, 337, 338, 340, 342, 345, 346, 347, 348, 349, 350, 352, 362, 370, 377, 378, 380, 382, 410, 458, 466, 473, 474, 476, 478, 506, 522, 530, 537, 538, 540, 542, 570, 578, 585, 586, 588, 590, 593, 594, 596, 598, 601, 602, 603, 604, 605, 606, 608, 618, 626, 633, 634, 636, 638, 666, 714, 722, 729, 730, 732, 734, 762, 794, 842, 850, 857, 858, 860, 862, 890, 986]
x_91: [3, 9, 11, 12, 15, 17, 19, 20, 23, 25, 26, 27, 28, 29, 31, 32, 43, 51, 57, 59, 60, 63, 65, 67, 68, 71, 73, 74, 75, 76, 77, 79, 80, 81, 82, 83, 84, 85, 87, 88, 89, 90, 92, 93, 94, 95, 96, 99, 105, 107, 108, 111, 113, 115, 116, 119, 121, 122, 123, 124, 125, 127, 128, 139, 147, 153, 155, 156, 159, 187, 195, 201, 203, 204, 207, 209, 211, 212, 215, 217, 218, 219, 220, 221, 223, 224, 235, 243, 249, 251, 252, 255, 267, 275, 281, 283, 284, 287, 315, 323, 329, 331, 332, 335, 337, 339, 340, 343, 345, 346, 347, 348, 349, 351, 352, 363, 371, 377, 379, 380, 383, 411, 459, 467, 473, 475, 476, 479, 507, 523, 531, 537, 539, 540, 543, 571, 579, 585, 587, 588, 591, 593, 595, 596, 599, 601, 602, 603, 604, 605, 607, 608, 619, 627, 633, 635, 636, 639, 667, 715, 723, 729, 731, 732, 735, 763, 795, 843, 851, 857, 859, 860, 863, 891, 987]
x_92: [4, 10, 11, 12, 16, 18, 19, 20, 24, 25, 26, 27, 28, 30, 31, 32, 44, 52, 58, 59, 60, 64, 66, 67, 68, 72, 73, 74, 75, 76, 78, 79, 80, 81, 82, 83, 84, 86, 87, 88, 89, 90, 91, 93, 94, 95, 96, 100, 106, 107, 108, 112, 114, 115, 116, 120, 121, 122, 123, 124, 126, 127, 128, 140, 148, 154, 155, 156, 160, 188, 196, 202, 203, 204, 208, 210, 211, 212, 216, 217, 218, 219, 220, 222, 223, 224, 236, 244, 250, 251, 252, 256, 268, 276, 282, 283, 284, 288, 316, 324, 330, 331, 332, 336, 338, 339, 340, 344, 345, 346, 347, 348, 350, 351, 352, 364, 372, 378, 379, 380, 384, 412, 460, 468, 474, 475, 476, 480, 508, 524, 532, 538, 539, 540, 544, 572, 580, 586, 587, 588, 592, 594, 595, 596, 600, 601, 602, 603, 604, 606, 607, 608, 620, 628, 634, 635, 636, 640, 668, 716, 724, 730, 731, 732, 736, 764, 796, 844, 852, 858, 859, 860, 864, 892, 988]
x_93: [5, 9, 13, 14, 15, 17, 21, 22, 23, 25, 26, 27, 29, 30, 31, 32, 45, 53, 57, 61, 62, 63, 65, 69, 70, 71, 73, 74, 75, 77, 78, 79, 80, 81, 82, 83, 85, 86, 87, 88, 89, 90, 91, 92, 94, 95, 96, 101, 105, 109, 110, 111, 113, 117, 118, 119, 121, 122, 123, 125, 126, 127, 128, 141, 149, 153, 157, 158, 159, 189, 197, 201, 205, 206, 207, 209, 213, 214, 215, 217, 218, 219, 221, 222, 223, 224, 237, 245, 249, 253, 254, 255, 269, 277, 281, 285, 286, 287, 317, 325, 329, 333, 334, 335, 337, 341, 342, 343, 345, 346, 347, 349, 350, 351, 352, 365, 373, 377, 381, 382, 383, 413, 461, 469, 473, 477, 478, 479, 509, 525, 533, 537, 541, 542, 543, 573, 581, 585, 589, 590, 591, 593, 597, 598, 599, 601, 602, 603, 605, 606, 607, 608, 621, 629, 633, 637, 638, 639, 669, 717, 725, 729, 733, 734, 735, 765, 797, 845, 853, 857, 861, 862, 863, 893, 989]
x_94: [6, 10, 13, 14, 16, 18, 21, 22, 24, 25, 26, 28, 29, 30, 31, 32, 46, 54, 58, 61, 62, 64, 66, 69, 70, 72, 73, 74, 76, 77, 78, 79, 80, 81, 82, 84, 85, 86, 87, 88, 89, 90, 91, 92, 93, 95, 96, 102, 106, 109, 110, 112, 114, 117, 118, 120, 121, 122, 124, 125, 126, 127, 128, 142, 150, 154, 157, 158, 160, 190, 198, 202, 205, 206, 208, 210, 213, 214, 216, 217, 218, 220, 221, 222, 223, 224, 238, 246, 250, 253, 254, 256, 270, 278, 282, 285, 286, 288, 318, 326, 330, 333, 334, 336, 338, 341, 342, 344, 345, 346, 348, 349, 350, 351, 352, 366, 374, 378, 381, 382, 384, 414, 462, 470, 474, 477, 478, 480, 510, 526, 534, 538, 541, 542, 544, 574, 582, 586, 589, 590, 592, 594, 597, 598, 600, 601, 602, 604, 605, 606, 607, 608, 622, 630, 634, 637, 638, 640, 670, 718, 726, 730, 733, 734, 736, 766, 798, 846, 854, 858, 861, 862, 864, 894, 990]
x_95: [7, 11, 13, 15, 16, 19, 21, 23, 24, 25, 27, 28, 29, 30, 31, 32, 47, 55, 59, 61, 63, 64, 67, 69, 71, 72, 73, 75, 76, 77, 78, 79, 80, 81, 83, 84, 85, 86, 87, 88, 89, 90, 91, 92, 93, 94, 96, 103, 107, 109, 111, 112, 115, 117, 119, 120, 121, 123, 124, 125, 126, 127, 128, 143, 151, 155, 157, 159, 160, 191, 199, 203, 205, 207, 208, 211, 213, 215, 216, 217, 219, 220, 221, 222, 223, 224, 239, 247, 251, 253, 255, 256, 271, 279, 283, 285, 287, 288, 319, 327, 331, 333, 335, 336, 339, 341, 343, 344, 345, 347, 348, 349, 350, 351, 352, 367, 375, 379, 381, 383, 384, 415, 463, 471, 475, 477, 479, 480, 511, 527, 535, 539, 541, 543, 544, 575, 583, 587, 589, 591, 592, 595, 597, 599, 600, 601, 603, 604, 605, 606, 607, 608, 623, 631, 635, 637, 639, 640, 671, 719, 727, 731, 733, 735, 736, 767, 799, 847, 855, 859, 861, 863, 864, 895, 991]
x_96: [8, 12, 14, 15, 16, 20, 22, 23, 24, 26, 27, 28, 29, 30, 31, 32, 48, 56, 60, 62, 63, 64, 68, 70, 71, 72, 74, 75, 76, 77, 78, 79, 80, 82, 83, 84, 85, 86, 87, 88, 89, 90, 91, 92, 93, 94, 95, 104, 108, 110, 111, 112, 116, 118, 119, 120, 122, 123, 124, 125, 126, 127, 128, 144, 152, 156, 158, 159, 160, 192, 200, 204, 206, 207, 208, 212, 214, 215, 216, 218, 219, 220, 221, 222, 223, 224, 240, 248, 252, 254, 255, 256, 272, 280, 284, 286, 287, 288, 320, 328, 332, 334, 335, 336, 340, 342, 343, 344, 346, 347, 348, 349, 350, 351, 352, 368, 376, 380, 382, 383, 384, 416, 464, 472, 476, 478, 479, 480, 512, 528, 536, 540, 542, 543, 544, 576, 584, 588, 590, 591, 592, 596, 598, 599, 600, 602, 603, 604, 605, 606, 607, 608, 624, 632, 636, 638, 639, 640, 672, 720, 728, 732, 734, 735, 736, 768, 800, 848, 856, 860, 862, 863, 864, 896, 992]
x_97: [1, 2, 3, 5, 9, 17, 33, 34, 35, 36, 37, 38, 39, 41, 42, 43, 45, 49, 50, 51, 53, 57, 65, 66, 67, 68, 69, 70, 71, 73, 74, 75, 77, 81, 82, 83, 85, 89, 98, 99, 100, 101, 102, 103, 104, 105, 106, 107, 108, 109, 110, 111, 113, 114, 115, 116, 117, 118, 119, 121, 122, 123, 125, 129, 161, 162, 163, 165, 169, 177, 193, 194, 195, 197, 201, 209, 225, 226, 227, 228, 229, 230, 231, 233, 234, 235, 237, 241, 242, 243, 245, 249, 257, 289, 290, 291, 293, 297, 305, 321, 322, 323, 325, 329, 337, 353, 354, 355, 356, 357, 358, 359, 361, 362, 363, 365, 369, 370, 371, 373, 377, 417, 449, 481, 482, 483, 485, 489, 497, 513, 545, 546, 547, 549, 553, 561, 577, 578, 579, 581, 585, 593, 609, 610, 611, 612, 613, 614, 615, 617, 618, 619, 621, 625, 626, 627, 629, 633, 673, 705, 737, 738, 739, 741, 745, 753, 801, 833, 865, 866, 867, 869, 873, 881, 993]
x_98: [1, 2, 4, 6, 10, 18, 33, 34, 35, 36, 37, 38, 40, 41, 42, 44, 46, 49, 50, 52, 54, 58, 65, 66, 67, 68, 69, 70, 72, 73, 74, 76, 78, 81, 82, 84, 86, 90, 97, 99, 100, 101, 102, 103, 104, 105, 106, 107, 108, 109, 110, 112, 113, 114, 115, 116, 117, 118, 120, 121, 122, 124, 126, 130, 161, 162, 164, 166, 170, 178, 193, 194, 196, 198, 202, 210, 225, 226, 227, 228, 229, 230, 232, 233, 234, 236, 238, 241, 242, 244, 246, 250, 258, 289, 290, 292, 294, 298, 306, 321, 322, 324, 326, 330, 338, 353, 354, 355, 356, 357, 358, 360, 361, 362, 364, 366, 369, 370, 372, 374, 378, 418, 450, 481, 482, 484, 486, 490, 498, 514, 545, 546, 548, 550, 554, 562, 577, 578, 580, 582, 586, 594, 609, 610, 611, 612, 613, 614, 616, 617, 618, 620, 622, 625, 626, 628, 630, 634, 674, 706, 737, 738, 740, 742, 746, 754, 802, 834, 865, 866, 868, 870, 874, 882, 994]
x_99: [1, 3, 4, 7, 11, 19, 33, 34, 35, 36, 37, 39, 40, 41, 43, 44, 47, 49, 51, 52, 55, 59, 65, 66, 67, 68, 69, 71, 72, 73, 75, 76, 79, 81, 83, 84, 87, 91, 97, 98, 100, 101, 102, 103, 104, 105, 106, 107, 108, 109, 111, 112, 113, 114, 115, 116, 117, 119, 120, 121, 123, 124, 127, 131, 161, 163, 164, 167, 171, 179, 193, 195, 196, 199, 203, 211, 225, 226, 227, 228, 229, 231, 232, 233, 235, 236, 239, 241, 243, 244, 247, 251, 259, 289, 291, 292, 295, 299, 307, 321, 323, 324, 327, 331, 339, 353, 354, 355, 356, 357, 359, 360, 361, 363, 364, 367, 369, 371, 372, 375, 379, 419, 451, 481, 483, 484, 487, 491, 499, 515, 545, 547, 548, 551, 555, 563, 577, 579, 580, 583, 587, 595, 609, 610, 611, 612, 613, 615, 616, 617, 619, 620, 623, 625, 627, 628, 631, 635, 675, 707, 737, 739, 740, 743, 747, 755, 803, 835, 865, 867, 868, 871, 875, 883, 995]
x_100: [2, 3, 4, 8, 12, 20, 33, 34, 35, 36, 38, 39, 40, 42, 43, 44, 48, 50, 51, 52, 56, 60, 65, 66, 67, 68, 70, 71, 72, 74, 75, 76, 80, 82, 83, 84, 88, 92, 97, 98, 99, 101, 102, 103, 104, 105, 106, 107, 108, 110, 111, 112, 113, 114, 115, 116, 118, 119, 120, 122, 123, 124, 128, 132, 162, 163, 164, 168, 172, 180, 194, 195, 196, 200, 204, 212, 225, 226, 227, 228, 230, 231, 232, 234, 235, 236, 240, 242, 243, 244, 248, 252, 260, 290, 291, 292, 296, 300, 308, 322, 323, 324, 328, 332, 340, 353, 354, 355, 356, 358, 359, 360, 362, 363, 364, 368, 370, 371, 372, 376, 380, 420, 452, 482, 483, 484, 488, 492, 500, 516, 546, 547, 548, 552, 556, 564, 578, 579, 580, 584, 588, 596, 609, 610, 611, 612, 614, 615, 616, 618, 619, 620, 624, 626, 627, 628, 632, 636, 676, 708, 738, 739, 740, 744, 748, 756, 804, 836, 866, 867, 868, 872, 876, 884, 996]
x_101: [1, 5, 6, 7, 13, 21, 33, 34, 35, 37, 38, 39, 40, 41, 45, 46, 47, 49, 53, 54, 55, 61, 65, 66, 67, 69, 70, 71, 72, 73, 77, 78, 79, 81, 85, 86, 87, 93, 97, 98, 99, 100, 102, 103, 104, 105, 106, 107, 109, 110, 111, 112, 113, 114, 115, 117, 118, 119, 120, 121, 125, 126, 127, 133, 161, 165, 166, 167, 173, 181, 193, 197, 198, 199, 205, 213, 225, 226, 227, 229, 230, 231, 232, 233, 237, 238, 239, 241, 245, 246, 247, 253, 261, 289, 293, 294, 295, 301, 309, 321, 325, 326, 327, 333, 341, 353, 354, 355, 357, 358, 359, 360, 361, 365, 366, 367, 369, 373, 374, 375, 381, 421, 453, 481, 485, 486, 487, 493, 501, 517, 545, 549, 550, 551, 557, 565, 577, 581, 582, 583, 589, 597, 609, 610, 611, 613, 614, 615, 616, 617, 621, 622, 623, 625, 629, 630, 631, 637, 677, 709, 737, 741, 742, 743, 749, 757, 805, 837, 865, 869, 870, 871, 877, 885, 997]
x_102: [2, 5, 6, 8, 14, 22, 33, 34, 36, 37, 38, 39, 40, 42, 45, 46, 48, 50, 53, 54, 56, 62, 65, 66, 68, 69, 70, 71, 72, 74, 77, 78, 80, 82, 85, 86, 88, 94, 97, 98, 99, 100, 101, 103, 104, 105, 106, 108, 109, 110, 111, 112, 113, 114, 116, 117, 118, 119, 120, 122, 125, 126, 128, 134, 162, 165, 166, 168, 174, 182, 194, 197, 198, 200, 206, 214, 225, 226, 228, 229, 230, 231, 232, 234, 237, 238, 240, 242, 245, 246, 248, 254, 262, 290, 293, 294, 296, 302, 310, 322, 325, 326, 328, 334, 342, 353, 354, 356, 357, 358, 359, 360, 362, 365, 366, 368, 370, 373, 374, 376, 382, 422, 454, 482, 485, 486, 488, 494, 502, 518, 546, 549, 550, 552, 558, 566, 578, 581, 582, 584, 590, 598, 609, 610, 612, 613, 614, 615, 616, 618, 621, 622, 624, 626, 629, 630, 632, 638, 678, 710, 738, 741, 742, 744, 750, 758, 806, 838, 866, 869, 870, 872, 878, 886, 998]
x_103: [3, 5, 7, 8, 15, 23, 33, 35, 36, 37, 38, 39, 40, 43, 45, 47, 48, 51, 53, 55, 56, 63, 65, 67, 68, 69, 70, 71, 72, 75, 77, 79, 80, 83, 85, 87, 88, 95, 97, 98, 99, 100, 101, 102, 104, 105, 107, 108, 109, 110, 111, 112, 113, 115, 116, 117, 118, 119, 120, 123, 125, 127, 128, 135, 163, 165, 167, 168, 175, 183, 195, 197, 199, 200, 207, 215, 225, 227, 228, 229, 230, 231, 232, 235, 237, 239, 240, 243, 245, 247, 248, 255, 263, 291, 293, 295, 296, 303, 311, 323, 325, 327, 328, 335, 343, 353, 355, 356, 357, 358, 359, 360, 363, 365, 367, 368, 371, 373, 375, 376, 383, 423, 455, 483, 485, 487, 488, 495, 503, 519, 547, 549, 551, 552, 559, 567, 579, 581, 583, 584, 591, 599, 609, 611, 612, 613, 614, 615, 616, 619, 621, 623, 624, 627, 629, 631, 632, 639, 679, 711, 739, 741, 743, 744, 751, 759, 807, 839, 867, 869, 871, 872, 879, 887, 999]
x_104: [4, 6, 7, 8, 16, 24, 34, 35, 36, 37, 38, 39, 40, 44, 46, 47, 48, 52, 54, 55, 56, 64, 66, 67, 68, 69, 70, 71, 72, 76, 78, 79, 80, 84, 86, 87, 88, 96, 97, 98, 99, 100, 101, 102, 103, 106, 107, 108, 109, 110, 111, 112, 114, 115, 116, 117, 118, 119, 120, 124, 126, 127, 128, 136, 164, 166, 167, 168, 176, 184, 196, 198, 199, 200, 208, 216, 226, 227, 228, 229, 230, 231, 232, 236, 238, 239, 240, 244, 246, 247, 248, 256, 264, 292, 294, 295, 296, 304, 312, 324, 326, 327, 328, 336, 344, 354, 355, 356, 357, 358, 359, 360, 364, 366, 367, 368, 372, 374, 375, 376, 384, 424, 456, 484, 486, 487, 488, 496, 504, 520, 548, 550, 551, 552, 560, 568, 580, 582, 583, 584, 592, 600, 610, 611, 612, 613, 614, 615, 616, 620, 622, 623, 624, 628, 630, 631, 632, 640, 680, 712, 740, 742, 743, 744, 752, 760, 808, 840, 868, 870, 871, 872, 880, 888, 1000]
x_105: [1, 9, 10, 11, 13, 25, 33, 34, 35, 37, 41, 42, 43, 44, 45, 46, 47, 49, 57, 58, 59, 61, 65, 66, 67, 69, 73, 74, 75, 76, 77, 78, 79, 81, 89, 90, 91, 93, 97, 98, 99, 100, 101, 102, 103, 106, 107, 108, 109, 110, 111, 112, 113, 114, 115, 117, 121, 122, 123, 124, 125, 126, 127, 137, 161, 169, 170, 171, 173, 185, 193, 201, 202, 203, 205, 217, 225, 226, 227, 229, 233, 234, 235, 236, 237, 238, 239, 241, 249, 250, 251, 253, 265, 289, 297, 298, 299, 301, 313, 321, 329, 330, 331, 333, 345, 353, 354, 355, 357, 361, 362, 363, 364, 365, 366, 367, 369, 377, 378, 379, 381, 425, 457, 481, 489, 490, 491, 493, 505, 521, 545, 553, 554, 555, 557, 569, 577, 585, 586, 587, 589, 601, 609, 610, 611, 613, 617, 618, 619, 620, 621, 622, 623, 625, 633, 634, 635, 637, 681, 713, 737, 745, 746, 747, 749, 761, 809, 841, 865, 873, 874, 875, 877, 889, 1001]
x_106: [2, 9, 10, 12, 14, 26, 33, 34, 36, 38, 41, 42, 43, 44, 45, 46, 48, 50, 57, 58, 60, 62, 65, 66, 68, 70, 73, 74, 75, 76, 77, 78, 80, 82, 89, 90, 92, 94, 97, 98, 99, 100, 101, 102, 104, 105, 107, 108, 109, 110, 111, 112, 113, 114, 116, 118, 121, 122, 123, 124, 125, 126, 128, 138, 162, 169, 170, 172, 174, 186, 194, 201, 202, 204, 206, 218, 225, 226, 228, 230, 233, 234, 235, 236, 237, 238, 240, 242, 249, 250, 252, 254, 266, 290, 297, 298, 300, 302, 314, 322, 329, 330, 332, 334, 346, 353, 354, 356, 358, 361, 362, 363, 364, 365, 366, 368, 370, 377, 378, 380, 382, 426, 458, 482, 489, 490, 492, 494, 506, 522, 546, 553, 554, 556, 558, 570, 578, 585, 586, 588, 590, 602, 609, 610, 612, 614, 617, 618, 619, 620, 621, 622, 624, 626, 633, 634, 636, 638, 682, 714, 738, 745, 746, 748, 750, 762, 810, 842, 866, 873, 874, 876, 878, 890, 1002]
x_107: [3, 9, 11, 12, 15, 27, 33, 35, 36, 39, 41, 42, 43, 44, 45, 47, 48, 51, 57, 59, 60, 63, 65, 67, 68, 71, 73, 74, 75, 76, 77, 79, 80, 83, 89, 91, 92, 95, 97, 98, 99, 100, 101, 103, 104, 105, 106, 108, 109, 110, 111, 112, 113, 115, 116, 119, 121, 122, 123, 124, 125, 127, 128, 139, 163, 169, 171, 172, 175, 187, 195, 201, 203, 204, 207, 219, 225, 227, 228, 231, 233, 234, 235, 236, 237, 239, 240, 243, 249, 251, 252, 255, 267, 291, 297, 299, 300, 303, 315, 323, 329, 331, 332, 335, 347, 353, 355, 356, 359, 361, 362, 363, 364, 365, 367, 368, 371, 377, 379, 380, 383, 427, 459, 483, 489, 491, 492, 495, 507, 523, 547, 553, 555, 556, 559, 571, 579, 585, 587, 588, 591, 603, 609, 611, 612, 615, 617, 618, 619, 620, 621, 623, 624, 627, 633, 635, 636, 639, 683, 715, 739, 745, 747, 748, 751, 763, 811, 843, 867, 873, 875, 876, 879, 891, 1003]
x_108: [4, 10, 11, 12, 16, 28, 34, 35, 36, 40, 41, 42, 43, 44, 46, 47, 48, 52, 58, 59, 60, 64, 66, 67, 68, 72, 73, 74, 75, 76, 78, 79, 80, 84, 90, 91, 92, 96, 97, 98, 99, 100, 102, 103, 104, 105, 106, 107, 109, 110, 111, 112, 114, 115, 116, 120, 121, 122, 123, 124, 126, 127, 128, 140, 164, 170, 171, 172, 176, 188, 196, 202, 203, 204, 208, 220, 226, 227, 228, 232, 233, 234, 235, 236, 238, 239, 240, 244, 250, 251, 252, 256, 268, 292, 298, 299, 300, 304, 316, 324, 330, 331, 332, 336, 348, 354, 355, 356, 360, 361, 362, 363, 364, 366, 367, 368, 372, 378, 379, 380, 384, 428, 460, 484, 490, 491, 492, 496, 508, 524, 548, 554, 555, 556, 560, 572, 580, 586, 587, 588, 592, 604, 610, 611, 612, 616, 617, 618, 619, 620, 622, 623, 624, 628, 634, 635, 636, 640, 684, 716, 740, 746, 747, 748, 752, 764, 812, 844, 868, 874, 875, 876, 880, 892, 1004]
x_109: [5, 9, 13, 14, 15, 29, 33, 37, 38, 39, 41, 42, 43, 45, 46, 47, 48, 53, 57, 61, 62, 63, 65, 69, 70, 71, 73, 74, 75, 77, 78, 79, 80, 85, 89, 93, 94, 95, 97, 98, 99, 101, 102, 103, 104, 105, 106, 107, 108, 110, 111, 112, 113, 117, 118, 119, 121, 122, 123, 125, 126, 127, 128, 141, 165, 169, 173, 174, 175, 189, 197, 201, 205, 206, 207, 221, 225, 229, 230, 231, 233, 234, 235, 237, 238, 239, 240, 245, 249, 253, 254, 255, 269, 293, 297, 301, 302, 303, 317, 325, 329, 333, 334, 335, 349, 353, 357, 358, 359, 361, 362, 363, 365, 366, 367, 368, 373, 377, 381, 382, 383, 429, 461, 485, 489, 493, 494, 495, 509, 525, 549, 553, 557, 558, 559, 573, 581, 585, 589, 590, 591, 605, 609, 613, 614, 615, 617, 618, 619, 621, 622, 623, 624, 629, 633, 637, 638, 639, 685, 717, 741, 745, 749, 750, 751, 765, 813, 845, 869, 873, 877, 878, 879, 893, 1005]
x_110: [6, 10, 13, 14, 16, 30, 34, 37, 38, 40, 41, 42, 44, 45, 46, 47, 48, 54, 58, 61, 62, 64, 66, 69, 70, 72, 73, 74, 76, 77, 78, 79, 80, 86, 90, 93, 94, 96, 97, 98, 100, 101, 102, 103, 104, 105, 106, 107, 108, 109, 111, 112, 114, 117, 118, 120, 121, 122, 124, 125, 126, 127, 128, 142, 166, 170, 173, 174, 176, 190, 198, 202, 205, 206, 208, 222, 226, 229, 230, 232, 233, 234, 236, 237, 238, 239, 240, 246, 250, 253, 254, 256, 270, 294, 298, 301, 302, 304, 318, 326, 330, 333, 334, 336, 350, 354, 357, 358, 360, 361, 362, 364, 365, 366, 367, 368, 374, 378, 381, 382, 384, 430, 462, 486, 490, 493, 494, 496, 510, 526, 550, 554, 557, 558, 560, 574, 582, 586, 589, 590, 592, 606, 610, 613, 614, 616, 617, 618, 620, 621, 622, 623, 624, 630, 634, 637, 638, 640, 686, 718, 742, 746, 749, 750, 752, 766, 814, 846, 870, 874, 877, 878, 880, 894, 1006]
x_111: [7, 11, 13, 15, 16, 31, 35, 37, 39, 40, 41, 43, 44, 45, 46, 47, 48, 55, 59, 61, 63, 64, 67, 69, 71, 72, 73, 75, 76, 77, 78, 79, 80, 87, 91, 93, 95, 96, 97, 99, 100, 101, 102, 103, 104, 105, 106, 107, 108, 109, 110, 112, 115, 117, 119, 120, 121, 123, 124, 125, 126, 127, 128, 143, 167, 171, 173, 175, 176, 191, 199, 203, 205, 207, 208, 223, 227, 229, 231, 232, 233, 235, 236, 237, 238, 239, 240, 247, 251, 253, 255, 256, 271, 295, 299, 301, 303, 304, 319, 327, 331, 333, 335, 336, 351, 355, 357, 359, 360, 361, 363, 364, 365, 366, 367, 368, 375, 379, 381, 383, 384, 431, 463, 487, 491, 493, 495, 496, 511, 527, 551, 555, 557, 559, 560, 575, 583, 587, 589, 591, 592, 607, 611, 613, 615, 616, 617, 619, 620, 621, 622, 623, 624, 631, 635, 637, 639, 640, 687, 719, 743, 747, 749, 751, 752, 767, 815, 847, 871, 875, 877, 879, 880, 895, 1007]
x_112: [8, 12, 14, 15, 16, 32, 36, 38, 39, 40, 42, 43, 44, 45, 46, 47, 48, 56, 60, 62, 63, 64, 68, 70, 71, 72, 74, 75, 76, 77, 78, 79, 80, 88, 92, 94, 95, 96, 98, 99, 100, 101, 102, 103, 104, 105, 106, 107, 108, 109, 110, 111, 116, 118, 119, 120, 122, 123, 124, 125, 126, 127, 128, 144, 168, 172, 174, 175, 176, 192, 200, 204, 206, 207, 208, 224, 228, 230, 231, 232, 234, 235, 236, 237, 238, 239, 240, 248, 252, 254, 255, 256, 272, 296, 300, 302, 303, 304, 320, 328, 332, 334, 335, 336, 352, 356, 358, 359, 360, 362, 363, 364, 365, 366, 367, 368, 376, 380, 382, 383, 384, 432, 464, 488, 492, 494, 495, 496, 512, 528, 552, 556, 558, 559, 560, 576, 584, 588, 590, 591, 592, 608, 612, 614, 615, 616, 618, 619, 620, 621, 622, 623, 624, 632, 636, 638, 639, 640, 688, 720, 744, 748, 750, 751, 752, 768, 816, 848, 872, 876, 878, 879, 880, 896, 1008]
x_113: [1, 17, 18, 19, 21, 25, 33, 34, 35, 37, 41, 49, 50, 51, 52, 53, 54, 55, 57, 58, 59, 61, 65, 66, 67, 69, 73, 81, 82, 83, 84, 85, 86, 87, 89, 90, 91, 93, 97, 98, 99, 100, 101, 102, 103, 105, 106, 107, 109, 114, 115, 116, 117, 118, 119, 120, 121, 122, 123, 124, 125, 126, 127, 145, 161, 177, 178, 179, 181, 185, 193, 209, 210, 211, 213, 217, 225, 226, 227, 229, 233, 241, 242, 243, 244, 245, 246, 247, 249, 250, 251, 253, 273, 289, 305, 306, 307, 309, 313, 321, 337, 338, 339, 341, 345, 353, 354, 355, 357, 361, 369, 370, 371, 372, 373, 374, 375, 377, 378, 379, 381, 433, 465, 481, 497, 498, 499, 501, 505, 529, 545, 561, 562, 563, 565, 569, 577, 593, 594, 595, 597, 601, 609, 610, 611, 613, 617, 625, 626, 627, 628, 629, 630, 631, 633, 634, 635, 637, 689, 721, 737, 753, 754, 755, 757, 761, 817, 849, 865, 881, 882, 883, 885, 889, 1009]
x_114: [2, 17, 18, 20, 22, 26, 33, 34, 36, 38, 42, 49, 50, 51, 52, 53, 54, 56, 57, 58, 60, 62, 65, 66, 68, 70, 74, 81, 82, 83, 84, 85, 86, 88, 89, 90, 92, 94, 97, 98, 99, 100, 101, 102, 104, 105, 106, 108, 110, 113, 115, 116, 117, 118, 119, 120, 121, 122, 123, 124, 125, 126, 128, 146, 162, 177, 178, 180, 182, 186, 194, 209, 210, 212, 214, 218, 225, 226, 228, 230, 234, 241, 242, 243, 244, 245, 246, 248, 249, 250, 252, 254, 274, 290, 305, 306, 308, 310, 314, 322, 337, 338, 340, 342, 346, 353, 354, 356, 358, 362, 369, 370, 371, 372, 373, 374, 376, 377, 378, 380, 382, 434, 466, 482, 497, 498, 500, 502, 506, 530, 546, 561, 562, 564, 566, 570, 578, 593, 594, 596, 598, 602, 609, 610, 612, 614, 618, 625, 626, 627, 628, 629, 630, 632, 633, 634, 636, 638, 690, 722, 738, 753, 754, 756, 758, 762, 818, 850, 866, 881, 882, 884, 886, 890, 1010]
x_115: [3, 17, 19, 20, 23, 27, 33, 35, 36, 39, 43, 49, 50, 51, 52, 53, 55, 56, 57, 59, 60, 63, 65, 67, 68, 71, 75, 81, 82, 83, 84, 85, 87, 88, 89, 91, 92, 95, 97, 98, 99, 100, 101, 103, 104, 105, 107, 108, 111, 113, 114, 116, 117, 118, 119, 120, 121, 122, 123, 124, 125, 127, 128, 147, 163, 177, 179, 180, 183, 187, 195, 209, 211, 212, 215, 219, 225, 227, 228, 231, 235, 241, 242, 243, 244, 245, 247, 248, 249, 251, 252, 255, 275, 291, 305, 307, 308, 311, 315, 323, 337, 339, 340, 343, 347, 353, 355, 356, 359, 363, 369, 370, 371, 372, 373, 375, 376, 377, 379, 380, 383, 435, 467, 483, 497, 499, 500, 503, 507, 531, 547, 561, 563, 564, 567, 571, 579, 593, 595, 596, 599, 603, 609, 611, 612, 615, 619, 625, 626, 627, 628, 629, 631, 632, 633, 635, 636, 639, 691, 723, 739, 753, 755, 756, 759, 763, 819, 851, 867, 881, 883, 884, 887, 891, 1011]
x_116: [4, 18, 19, 20, 24, 28, 34, 35, 36, 40, 44, 49, 50, 51, 52, 54, 55, 56, 58, 59, 60, 64, 66, 67, 68, 72, 76, 81, 82, 83, 84, 86, 87, 88, 90, 91, 92, 96, 97, 98, 99, 100, 102, 103, 104, 106, 107, 108, 112, 113, 114, 115, 117, 118, 119, 120, 121, 122, 123, 124, 126, 127, 128, 148, 164, 178, 179, 180, 184, 188, 196, 210, 211, 212, 216, 220, 226, 227, 228, 232, 236, 241, 242, 243, 244, 246, 247, 248, 250, 251, 252, 256, 276, 292, 306, 307, 308, 312, 316, 324, 338, 339, 340, 344, 348, 354, 355, 356, 360, 364, 369, 370, 371, 372, 374, 375, 376, 378, 379, 380, 384, 436, 468, 484, 498, 499, 500, 504, 508, 532, 548, 562, 563, 564, 568, 572, 580, 594, 595, 596, 600, 604, 610, 611, 612, 616, 620, 625, 626, 627, 628, 630, 631, 632, 634, 635, 636, 640, 692, 724, 740, 754, 755, 756, 760, 764, 820, 852, 868, 882, 883, 884, 888, 892, 1012]
x_117: [5, 17, 21, 22, 23, 29, 33, 37, 38, 39, 45, 49, 50, 51, 53, 54, 55, 56, 57, 61, 62, 63, 65, 69, 70, 71, 77, 81, 82, 83, 85, 86, 87, 88, 89, 93, 94, 95, 97, 98, 99, 101, 102, 103, 104, 105, 109, 110, 111, 113, 114, 115, 116, 118, 119, 120, 121, 122, 123, 125, 126, 127, 128, 149, 165, 177, 181, 182, 183, 189, 197, 209, 213, 214, 215, 221, 225, 229, 230, 231, 237, 241, 242, 243, 245, 246, 247, 248, 249, 253, 254, 255, 277, 293, 305, 309, 310, 311, 317, 325, 337, 341, 342, 343, 349, 353, 357, 358, 359, 365, 369, 370, 371, 373, 374, 375, 376, 377, 381, 382, 383, 437, 469, 485, 497, 501, 502, 503, 509, 533, 549, 561, 565, 566, 567, 573, 581, 593, 597, 598, 599, 605, 609, 613, 614, 615, 621, 625, 626, 627, 629, 630, 631, 632, 633, 637, 638, 639, 693, 725, 741, 753, 757, 758, 759, 765, 821, 853, 869, 881, 885, 886, 887, 893, 1013]
x_118: [6, 18, 21, 22, 24, 30, 34, 37, 38, 40, 46, 49, 50, 52, 53, 54, 55, 56, 58, 61, 62, 64, 66, 69, 70, 72, 78, 81, 82, 84, 85, 86, 87, 88, 90, 93, 94, 96, 97, 98, 100, 101, 102, 103, 104, 106, 109, 110, 112, 113, 114, 115, 116, 117, 119, 120, 121, 122, 124, 125, 126, 127, 128, 150, 166, 178, 181, 182, 184, 190, 198, 210, 213, 214, 216, 222, 226, 229, 230, 232, 238, 241, 242, 244, 245, 246, 247, 248, 250, 253, 254, 256, 278, 294, 306, 309, 310, 312, 318, 326, 338, 341, 342, 344, 350, 354, 357, 358, 360, 366, 369, 370, 372, 373, 374, 375, 376, 378, 381, 382, 384, 438, 470, 486, 498, 501, 502, 504, 510, 534, 550, 562, 565, 566, 568, 574, 582, 594, 597, 598, 600, 606, 610, 613, 614, 616, 622, 625, 626, 628, 629, 630, 631, 632, 634, 637, 638, 640, 694, 726, 742, 754, 757, 758, 760, 766, 822, 854, 870, 882, 885, 886, 888, 894, 1014]
x_119: [7, 19, 21, 23, 24, 31, 35, 37, 39, 40, 47, 49, 51, 52, 53, 54, 55, 56, 59, 61, 63, 64, 67, 69, 71, 72, 79, 81, 83, 84, 85, 86, 87, 88, 91, 93, 95, 96, 97, 99, 100, 101, 102, 103, 104, 107, 109, 111, 112, 113, 114, 115, 116, 117, 118, 120, 121, 123, 124, 125, 126, 127, 128, 151, 167, 179, 181, 183, 184, 191, 199, 211, 213, 215, 216, 223, 227, 229, 231, 232, 239, 241, 243, 244, 245, 246, 247, 248, 251, 253, 255, 256, 279, 295, 307, 309, 311, 312, 319, 327, 339, 341, 343, 344, 351, 355, 357, 359, 360, 367, 369, 371, 372, 373, 374, 375, 376, 379, 381, 383, 384, 439, 471, 487, 499, 501, 503, 504, 511, 535, 551, 563, 565, 567, 568, 575, 583, 595, 597, 599, 600, 607, 611, 613, 615, 616, 623, 625, 627, 628, 629, 630, 631, 632, 635, 637, 639, 640, 695, 727, 743, 755, 757, 759, 760, 767, 823, 855, 871, 883, 885, 887, 888, 895, 1015]
x_120: [8, 20, 22, 23, 24, 32, 36, 38, 39, 40, 48, 50, 51, 52, 53, 54, 55, 56, 60, 62, 63, 64, 68, 70, 71, 72, 80, 82, 83, 84, 85, 86, 87, 88, 92, 94, 95, 96, 98, 99, 100, 101, 102, 103, 104, 108, 110, 111, 112, 113, 114, 115, 116, 117, 118, 119, 122, 123, 124, 125, 126, 127, 128, 152, 168, 180, 182, 183, 184, 192, 200, 212, 214, 215, 216, 224, 228, 230, 231, 232, 240, 242, 243, 244, 245, 246, 247, 248, 252, 254, 255, 256, 280, 296, 308, 310, 311, 312, 320, 328, 340, 342, 343, 344, 352, 356, 358, 359, 360, 368, 370, 371, 372, 373, 374, 375, 376, 380, 382, 383, 384, 440, 472, 488, 500, 502, 503, 504, 512, 536, 552, 564, 566, 567, 568, 576, 584, 596, 598, 599, 600, 608, 612, 614, 615, 616, 624, 626, 627, 628, 629, 630, 631, 632, 636, 638, 639, 640, 696, 728, 744, 756, 758, 759, 760, 768, 824, 856, 872, 884, 886, 887, 888, 896, 1016]
x_121: [9, 17, 25, 26, 27, 29, 33, 41, 42, 43, 45, 49, 50, 51, 53, 57, 58, 59, 60, 61, 62, 63, 65, 73, 74, 75, 77, 81, 82, 83, 85, 89, 90, 91, 92, 93, 94, 95, 97, 98, 99, 101, 105, 106, 107, 108, 109, 110, 111, 113, 114, 115, 116, 117, 118, 119, 122, 123, 124, 125, 126, 127, 128, 153, 169, 177, 185, 186, 187, 189, 201, 209, 217, 218, 219, 221, 225, 233, 234, 235, 237, 241, 242, 243, 245, 249, 250, 251, 252, 253, 254, 255, 281, 297, 305, 313, 314, 315, 317, 329, 337, 345, 346, 347, 349, 353, 361, 362, 363, 365, 369, 370, 371, 373, 377, 378, 379, 380, 381, 382, 383, 441, 473, 489, 497, 505, 506, 507, 509, 537, 553, 561, 569, 570, 571, 573, 585, 593, 601, 602, 603, 605, 609, 617, 618, 619, 621, 625, 626, 627, 629, 633, 634, 635, 636, 637, 638, 639, 697, 729, 745, 753, 761, 762, 763, 765, 825, 857, 873, 881, 889, 890, 891, 893, 1017]
x_122: [10, 18, 25, 26, 28, 30, 34, 41, 42, 44, 46, 49, 50, 52, 54, 57, 58, 59, 60, 61, 62, 64, 66, 73, 74, 76, 78, 81, 82, 84, 86, 89, 90, 91, 92, 93, 94, 96, 97, 98, 100, 102, 105, 106, 107, 108, 109, 110, 112, 113, 114, 115, 116, 117, 118, 120, 121, 123, 124, 125, 126, 127, 128, 154, 170, 178, 185, 186, 188, 190, 202, 210, 217, 218, 220, 222, 226, 233, 234, 236, 238, 241, 242, 244, 246, 249, 250, 251, 252, 253, 254, 256, 282, 298, 306, 313, 314, 316, 318, 330, 338, 345, 346, 348, 350, 354, 361, 362, 364, 366, 369, 370, 372, 374, 377, 378, 379, 380, 381, 382, 384, 442, 474, 490, 498, 505, 506, 508, 510, 538, 554, 562, 569, 570, 572, 574, 586, 594, 601, 602, 604, 606, 610, 617, 618, 620, 622, 625, 626, 628, 630, 633, 634, 635, 636, 637, 638, 640, 698, 730, 746, 754, 761, 762, 764, 766, 826, 858, 874, 882, 889, 890, 892, 894, 1018]
x_123: [11, 19, 25, 27, 28, 31, 35, 41, 43, 44, 47, 49, 51, 52, 55, 57, 58, 59, 60, 61, 63, 64, 67, 73, 75, 76, 79, 81, 83, 84, 87, 89, 90, 91, 92, 93, 95, 96, 97, 99, 100, 103, 105, 106, 107, 108, 109, 111, 112, 113, 114, 115, 116, 117, 119, 120, 121, 122, 124, 125, 126, 127, 128, 155, 171, 179, 185, 187, 188, 191, 203, 211, 217, 219, 220, 223, 227, 233, 235, 236, 239, 241, 243, 244, 247, 249, 250, 251, 252, 253, 255, 256, 283, 299, 307, 313, 315, 316, 319, 331, 339, 345, 347, 348, 351, 355, 361, 363, 364, 367, 369, 371, 372, 375, 377, 378, 379, 380, 381, 383, 384, 443, 475, 491, 499, 505, 507, 508, 511, 539, 555, 563, 569, 571, 572, 575, 587, 595, 601, 603, 604, 607, 611, 617, 619, 620, 623, 625, 627, 628, 631, 633, 634, 635, 636, 637, 639, 640, 699, 731, 747, 755, 761, 763, 764, 767, 827, 859, 875, 883, 889, 891, 892, 895, 1019]
x_124: [12, 20, 26, 27, 28, 32, 36, 42, 43, 44, 48, 50, 51, 52, 56, 57, 58, 59, 60, 62, 63, 64, 68, 74, 75, 76, 80, 82, 83, 84, 88, 89, 90, 91, 92, 94, 95, 96, 98, 99, 100, 104, 105, 106, 107, 108, 110, 111, 112, 113, 114, 115, 116, 118, 119, 120, 121, 122, 123, 125, 126, 127, 128, 156, 172, 180, 186, 187, 188, 192, 204, 212, 218, 219, 220, 224, 228, 234, 235, 236, 240, 242, 243, 244, 248, 249, 250, 251, 252, 254, 255, 256, 284, 300, 308, 314, 315, 316, 320, 332, 340, 346, 347, 348, 352, 356, 362, 363, 364, 368, 370, 371, 372, 376, 377, 378, 379, 380, 382, 383, 384, 444, 476, 492, 500, 506, 507, 508, 512, 540, 556, 564, 570, 571, 572, 576, 588, 596, 602, 603, 604, 608, 612, 618, 619, 620, 624, 626, 627, 628, 632, 633, 634, 635, 636, 638, 639, 640, 700, 732, 748, 756, 762, 763, 764, 768, 828, 860, 876, 884, 890, 891, 892, 896, 1020]
x_125: [13, 21, 25, 29, 30, 31, 37, 41, 45, 46, 47, 49, 53, 54, 55, 57, 58, 59, 61, 62, 63, 64, 69, 73, 77, 78, 79, 81, 85, 86, 87, 89, 90, 91, 93, 94, 95, 96, 97, 101, 102, 103, 105, 106, 107, 109, 110, 111, 112, 113, 114, 115, 117, 118, 119, 120, 121, 122, 123, 124, 126, 127, 128, 157, 173, 181, 185, 189, 190, 191, 205, 213, 217, 221, 222, 223, 229, 233, 237, 238, 239, 241, 245, 246, 247, 249, 250, 251, 253, 254, 255, 256, 285, 301, 309, 313, 317, 318, 319, 333, 341, 345, 349, 350, 351, 357, 361, 365, 366, 367, 369, 373, 374, 375, 377, 378, 379, 381, 382, 383, 384, 445, 477, 493, 501, 505, 509, 510, 511, 541, 557, 565, 569, 573, 574, 575, 589, 597, 601, 605, 606, 607, 613, 617, 621, 622, 623, 625, 629, 630, 631, 633, 634, 635, 637, 638, 639, 640, 701, 733, 749, 757, 761, 765, 766, 767, 829, 861, 877, 885, 889, 893, 894, 895, 1021]
x_126: [14, 22, 26, 29, 30, 32, 38, 42, 45, 46, 48, 50, 53, 54, 56, 57, 58, 60, 61, 62, 63, 64, 70, 74, 77, 78, 80, 82, 85, 86, 88, 89, 90, 92, 93, 94, 95, 96, 98, 101, 102, 104, 105, 106, 108, 109, 110, 111, 112, 113, 114, 116, 117, 118, 119, 120, 121, 122, 123, 124, 125, 127, 128, 158, 174, 182, 186, 189, 190, 192, 206, 214, 218, 221, 222, 224, 230, 234, 237, 238, 240, 242, 245, 246, 248, 249, 250, 252, 253, 254, 255, 256, 286, 302, 310, 314, 317, 318, 320, 334, 342, 346, 349, 350, 352, 358, 362, 365, 366, 368, 370, 373, 374, 376, 377, 378, 380, 381, 382, 383, 384, 446, 478, 494, 502, 506, 509, 510, 512, 542, 558, 566, 570, 573, 574, 576, 590, 598, 602, 605, 606, 608, 614, 618, 621, 622, 624, 626, 629, 630, 632, 633, 634, 636, 637, 638, 639, 640, 702, 734, 750, 758, 762, 765, 766, 768, 830, 862, 878, 886, 890, 893, 894, 896, 1022]
x_127: [15, 23, 27, 29, 31, 32, 39, 43, 45, 47, 48, 51, 53, 55, 56, 57, 59, 60, 61, 62, 63, 64, 71, 75, 77, 79, 80, 83, 85, 87, 88, 89, 91, 92, 93, 94, 95, 96, 99, 101, 103, 104, 105, 107, 108, 109, 110, 111, 112, 113, 115, 116, 117, 118, 119, 120, 121, 122, 123, 124, 125, 126, 128, 159, 175, 183, 187, 189, 191, 192, 207, 215, 219, 221, 223, 224, 231, 235, 237, 239, 240, 243, 245, 247, 248, 249, 251, 252, 253, 254, 255, 256, 287, 303, 311, 315, 317, 319, 320, 335, 343, 347, 349, 351, 352, 359, 363, 365, 367, 368, 371, 373, 375, 376, 377, 379, 380, 381, 382, 383, 384, 447, 479, 495, 503, 507, 509, 511, 512, 543, 559, 567, 571, 573, 575, 576, 591, 599, 603, 605, 607, 608, 615, 619, 621, 623, 624, 627, 629, 631, 632, 633, 635, 636, 637, 638, 639, 640, 703, 735, 751, 759, 763, 765, 767, 768, 831, 863, 879, 887, 891, 893, 895, 896, 1023]
x_128: [16, 24, 28, 30, 31, 32, 40, 44, 46, 47, 48, 52, 54, 55, 56, 58, 59, 60, 61, 62, 63, 64, 72, 76, 78, 79, 80, 84, 86, 87, 88, 90, 91, 92, 93, 94, 95, 96, 100, 102, 103, 104, 106, 107, 108, 109, 110, 111, 112, 114, 115, 116, 117, 118, 119, 120, 121, 122, 123, 124, 125, 126, 127, 160, 176, 184, 188, 190, 191, 192, 208, 216, 220, 222, 223, 224, 232, 236, 238, 239, 240, 244, 246, 247, 248, 250, 251, 252, 253, 254, 255, 256, 288, 304, 312, 316, 318, 319, 320, 336, 344, 348, 350, 351, 352, 360, 364, 366, 367, 368, 372, 374, 375, 376, 378, 379, 380, 381, 382, 383, 384, 448, 480, 496, 504, 508, 510, 511, 512, 544, 560, 568, 572, 574, 575, 576, 592, 600, 604, 606, 607, 608, 616, 620, 622, 623, 624, 628, 630, 631, 632, 634, 635, 636, 637, 638, 639, 640, 704, 736, 752, 760, 764, 766, 767, 768, 832, 864, 880, 888, 892, 894, 895, 896, 1024]
x_129: [1, 2, 3, 4, 5, 6, 7, 9, 10, 11, 13, 17, 18, 19, 21, 25, 33, 34, 35, 37, 41, 49, 65, 66, 67, 69, 73, 81, 97, 130, 131, 132, 133, 134, 135, 136, 137, 138, 139, 140, 141, 142, 143, 145, 146, 147, 148, 149, 150, 151, 153, 154, 155, 157, 161, 162, 163, 164, 165, 166, 167, 169, 170, 171, 173, 177, 178, 179, 181, 185, 193, 194, 195, 196, 197, 198, 199, 201, 202, 203, 205, 209, 210, 211, 213, 217, 225, 226, 227, 229, 233, 241, 257, 258, 259, 261, 265, 273, 289, 321, 385, 386, 387, 388, 389, 390, 391, 393, 394, 395, 397, 401, 402, 403, 405, 409, 417, 418, 419, 421, 425, 433, 449, 450, 451, 453, 457, 465, 481, 513, 514, 515, 517, 521, 529, 545, 577, 641, 642, 643, 644, 645, 646, 647, 649, 650, 651, 653, 657, 658, 659, 661, 665, 673, 674, 675, 677, 681, 689, 705, 706, 707, 709, 713, 721, 737, 769, 897, 898, 899, 901, 905, 913, 929, 961]
x_130: [1, 2, 3, 4, 5, 6, 8, 9, 10, 12, 14, 17, 18, 20, 22, 26, 33, 34, 36, 38, 42, 50, 65, 66, 68, 70, 74, 82, 98, 129, 131, 132, 133, 134, 135, 136, 137, 138, 139, 140, 141, 142, 144, 145, 146, 147, 148, 149, 150, 152, 153, 154, 156, 158, 161, 162, 163, 164, 165, 166, 168, 169, 170, 172, 174, 177, 178, 180, 182, 186, 193, 194, 195, 196, 197, 198, 200, 201, 202, 204, 206, 209, 210, 212, 214, 218, 225, 226, 228, 230, 234, 242, 257, 258, 260, 262, 266, 274, 290, 322, 385, 386, 387, 388, 389, 390, 392, 393, 394, 396, 398, 401, 402, 404, 406, 410, 417, 418, 420, 422, 426, 434, 449, 450, 452, 454, 458, 466, 482, 513, 514, 516, 518, 522, 530, 546, 578, 641, 642, 643, 644, 645, 646, 648, 649, 650, 652, 654, 657, 658, 660, 662, 666, 673, 674, 676, 678, 682, 690, 705, 706, 708, 710, 714, 722, 738, 770, 897, 898, 900, 902, 906, 914, 930, 962]
x_131: [1, 2, 3, 4, 5, 7, 8, 9, 11, 12, 15, 17, 19, 20, 23, 27, 33, 35, 36, 39, 43, 51, 65, 67, 68, 71, 75, 83, 99, 129, 130, 132, 133, 134, 135, 136, 137, 138, 139, 140, 141, 143, 144, 145, 146, 147, 148, 149, 151, 152, 153, 155, 156, 159, 161, 162, 163, 164, 165, 167, 168, 169, 171, 172, 175, 177, 179, 180, 183, 187, 193, 194, 195, 196, 197, 199, 200, 201, 203, 204, 207, 209, 211, 212, 215, 219, 225, 227, 228, 231, 235, 243, 257, 259, 260, 263, 267, 275, 291, 323, 385, 386, 387, 388, 389, 391, 392, 393, 395, 396, 399, 401, 403, 404, 407, 411, 417, 419, 420, 423, 427, 435, 449, 451, 452, 455, 459, 467, 483, 513, 515, 516, 519, 523, 531, 547, 579, 641, 642, 643, 644, 645, 647, 648, 649, 651, 652, 655, 657, 659, 660, 663, 667, 673, 675, 676, 679, 683, 691, 705, 707, 708, 711, 715, 723, 739, 771, 897, 899, 900, 903, 907, 915, 931, 963]
x_132: [1, 2, 3, 4, 6, 7, 8, 10, 11, 12, 16, 18, 19, 20, 24, 28, 34, 35, 36, 40, 44, 52, 66, 67, 68, 72, 76, 84, 100, 129, 130, 131, 133, 134, 135, 136, 137, 138, 139, 140, 142, 143, 144, 145, 146, 147, 148, 150, 151, 152, 154, 155, 156, 160, 161, 162, 163, 164, 166, 167, 168, 170, 171, 172, 176, 178, 179, 180, 184, 188, 193, 194, 195, 196, 198, 199, 200, 202, 203, 204, 208, 210, 211, 212, 216, 220, 226, 227, 228, 232, 236, 244, 258, 259, 260, 264, 268, 276, 292, 324, 385, 386, 387, 388, 390, 391, 392, 394, 395, 396, 400, 402, 403, 404, 408, 412, 418, 419, 420, 424, 428, 436, 450, 451, 452, 456, 460, 468, 484, 514, 515, 516, 520, 524, 532, 548, 580, 641, 642, 643, 644, 646, 647, 648, 650, 651, 652, 656, 658, 659, 660, 664, 668, 674, 675, 676, 680, 684, 692, 706, 707, 708, 712, 716, 724, 740, 772, 898, 899, 900, 904, 908, 916, 932, 964]
x_133: [1, 2, 3, 5, 6, 7, 8, 9, 13, 14, 15, 17, 21, 22, 23, 29, 33, 37, 38, 39, 45, 53, 65, 69, 70, 71, 77, 85, 101, 129, 130, 131, 132, 134, 135, 136, 137, 138, 139, 141, 142, 143, 144, 145, 146, 147, 149, 150, 151, 152, 153, 157, 158, 159, 161, 162, 163, 165, 166, 167, 168, 169, 173, 174, 175, 177, 181, 182, 183, 189, 193, 194, 195, 197, 198, 199, 200, 201, 205, 206, 207, 209, 213, 214, 215, 221, 225, 229, 230, 231, 237, 245, 257, 261, 262, 263, 269, 277, 293, 325, 385, 386, 387, 389, 390, 391, 392, 393, 397, 398, 399, 401, 405, 406, 407, 413, 417, 421, 422, 423, 429, 437, 449, 453, 454, 455, 461, 469, 485, 513, 517, 518, 519, 525, 533, 549, 581, 641, 642, 643, 645, 646, 647, 648, 649, 653, 654, 655, 657, 661, 662, 663, 669, 673, 677, 678, 679, 685, 693, 705, 709, 710, 711, 717, 725, 741, 773, 897, 901, 902, 903, 909, 917, 933, 965]
x_134: [1, 2, 4, 5, 6, 7, 8, 10, 13, 14, 16, 18, 21, 22, 24, 30, 34, 37, 38, 40, 46, 54, 66, 69, 70, 72, 78, 86, 102, 129, 130, 131, 132, 133, 135, 136, 137, 138, 140, 141, 142, 143, 144, 145, 146, 148, 149, 150, 151, 152, 154, 157, 158, 160, 161, 162, 164, 165, 166, 167, 168, 170, 173, 174, 176, 178, 181, 182, 184, 190, 193, 194, 196, 197, 198, 199, 200, 202, 205, 206, 208, 210, 213, 214, 216, 222, 226, 229, 230, 232, 238, 246, 258, 261, 262, 264, 270, 278, 294, 326, 385, 386, 388, 389, 390, 391, 392, 394, 397, 398, 400, 402, 405, 406, 408, 414, 418, 421, 422, 424, 430, 438, 450, 453, 454, 456, 462, 470, 486, 514, 517, 518, 520, 526, 534, 550, 582, 641, 642, 644, 645, 646, 647, 648, 650, 653, 654, 656, 658, 661, 662, 664, 670, 674, 677, 678, 680, 686, 694, 706, 709, 710, 712, 718, 726, 742, 774, 898, 901, 902, 904, 910, 918, 934, 966]
x_135: [1, 3, 4, 5, 6, 7, 8, 11, 13, 15, 16, 19, 21, 23, 24, 31, 35, 37, 39, 40, 47, 55, 67, 69, 71, 72, 79, 87, 103, 129, 130, 131, 132, 133, 134, 136, 137, 139, 140, 141, 142, 143, 144, 145, 147, 148, 149, 150, 151, 152, 155, 157, 159, 160, 161, 163, 164, 165, 166, 167, 168, 171, 173, 175, 176, 179, 181, 183, 184, 191, 193, 195, 196, 197, 198, 199, 200, 203, 205, 207, 208, 211, 213, 215, 216, 223, 227, 229, 231, 232, 239, 247, 259, 261, 263, 264, 271, 279, 295, 327, 385, 387, 388, 389, 390, 391, 392, 395, 397, 399, 400, 403, 405, 407, 408, 415, 419, 421, 423, 424, 431, 439, 451, 453, 455, 456, 463, 471, 487, 515, 517, 519, 520, 527, 535, 551, 583, 641, 643, 644, 645, 646, 647, 648, 651, 653, 655, 656, 659, 661, 663, 664, 671, 675, 677, 679, 680, 687, 695, 707, 709, 711, 712, 719, 727, 743, 775, 899, 901, 903, 904, 911, 919, 935, 967]
x_136: [2, 3, 4, 5, 6, 7, 8, 12, 14, 15, 16, 20, 22, 23, 24, 32, 36, 38, 39, 40, 48, 56, 68, 70, 71, 72, 80, 88, 104, 129, 130, 131, 132, 133, 134, 135, 138, 139, 140, 141, 142, 143, 144, 146, 147, 148, 149, 150, 151, 152, 156, 158, 159, 160, 162, 163, 164, 165, 166, 167, 168, 172, 174, 175, 176, 180, 182, 183, 184, 192, 194, 195, 196, 197, 198, 199, 200, 204, 206, 207, 208, 212, 214, 215, 216, 224, 228, 230, 231, 232, 240, 248, 260, 262, 263, 264, 272, 280, 296, 328, 386, 387, 388, 389, 390, 391, 392, 396, 398, 399, 400, 404, 406, 407, 408, 416, 420, 422, 423, 424, 432, 440, 452, 454, 455, 456, 464, 472, 488, 516, 518, 519, 520, 528, 536, 552, 584, 642, 643, 644, 645, 646, 647, 648, 652, 654, 655, 656, 660, 662, 663, 664, 672, 676, 678, 679, 680, 688, 696, 708, 710, 711, 712, 720, 728, 744, 776, 900, 902, 903, 904, 912, 920, 936, 968]
x_137: [1, 2, 3, 5, 9, 10, 11, 12, 13, 14, 15, 17, 25, 26, 27, 29, 33, 41, 42, 43, 45, 57, 65, 73, 74, 75, 77, 89, 105, 129, 130, 131, 132, 133, 134, 135, 138, 139, 140, 141, 142, 143, 144, 145, 146, 147, 149, 153, 154, 155, 156, 157, 158, 159, 161, 162, 163, 165, 169, 170, 171, 172, 173, 174, 175, 177, 185, 186, 187, 189, 193, 194, 195, 197, 201, 202, 203, 204, 205, 206, 207, 209, 217, 218, 219, 221, 225, 233, 234, 235, 237, 249, 257, 265, 266, 267, 269, 281, 297, 329, 385, 386, 387, 389, 393, 394, 395, 396, 397, 398, 399, 401, 409, 410, 411, 413, 417, 425, 426, 427, 429, 441, 449, 457, 458, 459, 461, 473, 489, 513, 521, 522, 523, 525, 537, 553, 585, 641, 642, 643, 645, 649, 650, 651, 652, 653, 654, 655, 657, 665, 666, 667, 669, 673, 681, 682, 683, 685, 697, 705, 713, 714, 715, 717, 729, 745, 777, 897, 905, 906, 907, 909, 921, 937, 969]
x_138: [1, 2, 4, 6, 9, 10, 11, 12, 13, 14, 16, 18, 25, 26, 28, 30, 34, 41, 42, 44, 46, 58, 66, 73, 74, 76, 78, 90, 106, 129, 130, 131, 132, 133, 134, 136, 137, 139, 140, 141, 142, 143, 144, 145, 146, 148, 150, 153, 154, 155, 156, 157, 158, 160, 161, 162, 164, 166, 169, 170, 171, 172, 173, 174, 176, 178, 185, 186, 188, 190, 193, 194, 196, 198, 201, 202, 203, 204, 205, 206, 208, 210, 217, 218, 220, 222, 226, 233, 234, 236, 238, 250, 258, 265, 266, 268, 270, 282, 298, 330, 385, 386, 388, 390, 393, 394, 395, 396, 397, 398, 400, 402, 409, 410, 412, 414, 418, 425, 426, 428, 430, 442, 450, 457, 458, 460, 462, 474, 490, 514, 521, 522, 524, 526, 538, 554, 586, 641, 642, 644, 646, 649, 650, 651, 652, 653, 654, 656, 658, 665, 666, 668, 670, 674, 681, 682, 684, 686, 698, 706, 713, 714, 716, 718, 730, 746, 778, 898, 905, 906, 908, 910, 922, 938, 970]
x_139: [1, 3, 4, 7, 9, 10, 11, 12, 13, 15, 16, 19, 25, 27, 28, 31, 35, 41, 43, 44, 47, 59, 67, 73, 75, 76, 79, 91, 107, 129, 130, 131, 132, 133, 135, 136, 137, 138, 140, 141, 142, 143, 144, 145, 147, 148, 151, 153, 154, 155, 156, 157, 159, 160, 161, 163, 164, 167, 169, 170, 171, 172, 173, 175, 176, 179, 185, 187, 188, 191, 193, 195, 196, 199, 201, 202, 203, 204, 205, 207, 208, 211, 217, 219, 220, 223, 227, 233, 235, 236, 239, 251, 259, 265, 267, 268, 271, 283, 299, 331, 385, 387, 388, 391, 393, 394, 395, 396, 397, 399, 400, 403, 409, 411, 412, 415, 419, 425, 427, 428, 431, 443, 451, 457, 459, 460, 463, 475, 491, 515, 521, 523, 524, 527, 539, 555, 587, 641, 643, 644, 647, 649, 650, 651, 652, 653, 655, 656, 659, 665, 667, 668, 671, 675, 681, 683, 684, 687, 699, 707, 713, 715, 716, 719, 731, 747, 779, 899, 905, 907, 908, 911, 923, 939, 971]
x_140: [2, 3, 4, 8, 9, 10, 11, 12, 14, 15, 16, 20, 26, 27, 28, 32, 36, 42, 43, 44, 48, 60, 68, 74, 75, 76, 80, 92, 108, 129, 130, 131, 132, 134, 135, 136, 137, 138, 139, 141, 142, 143, 144, 146, 147, 148, 152, 153, 154, 155, 156, 158, 159, 160, 162, 163, 164, 168, 169, 170, 171, 172, 174, 175, 176, 180, 186, 187, 188, 192, 194, 195, 196, 200, 201, 202, 203, 204, 206, 207, 208, 212, 218, 219, 220, 224, 228, 234, 235, 236, 240, 252, 260, 266, 267, 268, 272, 284, 300, 332, 386, 387, 388, 392, 393, 394, 395, 396, 398, 399, 400, 404, 410, 411, 412, 416, 420, 426, 427, 428, 432, 444, 452, 458, 459, 460, 464, 476, 492, 516, 522, 523, 524, 528, 540, 556, 588, 642, 643, 644, 648, 649, 650, 651, 652, 654, 655, 656, 660, 666, 667, 668, 672, 676, 682, 683, 684, 688, 700, 708, 714, 715, 716, 720, 732, 748, 780, 900, 906, 907, 908, 912, 924, 940, 972]
x_141: [1, 5, 6, 7, 9, 10, 11, 13, 14, 15, 16, 21, 25, 29, 30, 31, 37, 41, 45, 46, 47, 61, 69, 73, 77, 78, 79, 93, 109, 129, 130, 131, 133, 134, 135, 136, 137, 138, 139, 140, 142, 143, 144, 145, 149, 150, 151, 153, 154, 155, 157, 158, 159, 160, 161, 165, 166, 167, 169, 170, 171, 173, 174, 175, 176, 181, 185, 189, 190, 191, 193, 197, 198, 199, 201, 202, 203, 205, 206, 207, 208, 213, 217, 221, 222, 223, 229, 233, 237, 238, 239, 253, 261, 265, 269, 270, 271, 285, 301, 333, 385, 389, 390, 391, 393, 394, 395, 397, 398, 399, 400, 405, 409, 413, 414, 415, 421, 425, 429, 430, 431, 445, 453, 457, 461, 462, 463, 477, 493, 517, 521, 525, 526, 527, 541, 557, 589, 641, 645, 646, 647, 649, 650, 651, 653, 654, 655, 656, 661, 665, 669, 670, 671, 677, 681, 685, 686, 687, 701, 709, 713, 717, 718, 719, 733, 749, 781, 901, 905, 909, 910, 911, 925, 941, 973]
x_142: [2, 5, 6, 8, 9, 10, 12, 13, 14, 15, 16, 22, 26, 29, 30, 32, 38, 42, 45, 46, 48, 62, 70, 74, 77, 78, 80, 94, 110, 129, 130, 132, 133, 134, 135, 136, 137, 138, 139, 140, 141, 143, 144, 146, 149, 150, 152, 153, 154, 156, 157, 158, 159, 160, 162, 165, 166, 168, 169, 170, 172, 173, 174, 175, 176, 182, 186, 189, 190, 192, 194, 197, 198, 200, 201, 202, 204, 205, 206, 207, 208, 214, 218, 221, 222, 224, 230, 234, 237, 238, 240, 254, 262, 266, 269, 270, 272, 286, 302, 334, 386, 389, 390, 392, 393, 394, 396, 397, 398, 399, 400, 406, 410, 413, 414, 416, 422, 426, 429, 430, 432, 446, 454, 458, 461, 462, 464, 478, 494, 518, 522, 525, 526, 528, 542, 558, 590, 642, 645, 646, 648, 649, 650, 652, 653, 654, 655, 656, 662, 666, 669, 670, 672, 678, 682, 685, 686, 688, 702, 710, 714, 717, 718, 720, 734, 750, 782, 902, 906, 909, 910, 912, 926, 942, 974]
x_143: [3, 5, 7, 8, 9, 11, 12, 13, 14, 15, 16, 23, 27, 29, 31, 32, 39, 43, 45, 47, 48, 63, 71, 75, 77, 79, 80, 95, 111, 129, 131, 132, 133, 134, 135, 136, 137, 138, 139, 140, 141, 142, 144, 147, 149, 151, 152, 153, 155, 156, 157, 158, 159, 160, 163, 165, 167, 168, 169, 171, 172, 173, 174, 175, 176, 183, 187, 189, 191, 192, 195, 197, 199, 200, 201, 203, 204, 205, 206, 207, 208, 215, 219, 221, 223, 224, 231, 235, 237, 239, 240, 255, 263, 267, 269, 271, 272, 287, 303, 335, 387, 389, 391, 392, 393, 395, 396, 397, 398, 399, 400, 407, 411, 413, 415, 416, 423, 427, 429, 431, 432, 447, 455, 459, 461, 463, 464, 479, 495, 519, 523, 525, 527, 528, 543, 559, 591, 643, 645, 647, 648, 649, 651, 652, 653, 654, 655, 656, 663, 667, 669, 671, 672, 679, 683, 685, 687, 688, 703, 711, 715, 717, 719, 720, 735, 751, 783, 903, 907, 909, 911, 912, 927, 943, 975]
x_144: [4, 6, 7, 8, 10, 11, 12, 13, 14, 15, 16, 24, 28, 30, 31, 32, 40, 44, 46, 47, 48, 64, 72, 76, 78, 79, 80, 96, 112, 130, 131, 132, 133, 134, 135, 136, 137, 138, 139, 140, 141, 142, 143, 148, 150, 151, 152, 154, 155, 156, 157, 158, 159, 160, 164, 166, 167, 168, 170, 171, 172, 173, 174, 175, 176, 184, 188, 190, 191, 192, 196, 198, 199, 200, 202, 203, 204, 205, 206, 207, 208, 216, 220, 222, 223, 224, 232, 236, 238, 239, 240, 256, 264, 268, 270, 271, 272, 288, 304, 336, 388, 390, 391, 392, 394, 395, 396, 397, 398, 399, 400, 408, 412, 414, 415, 416, 424, 428, 430, 431, 432, 448, 456, 460, 462, 463, 464, 480, 496, 520, 524, 526, 527, 528, 544, 560, 592, 644, 646, 647, 648, 650, 651, 652, 653, 654, 655, 656, 664, 668, 670, 671, 672, 680, 684, 686, 687, 688, 704, 712, 716, 718, 719, 720, 736, 752, 784, 904, 908, 910, 911, 912, 928, 944, 976]
x_145: [1, 2, 3, 5, 9, 17, 18, 19, 20, 21, 22, 23, 25, 26, 27, 29, 33, 49, 50, 51, 53, 57, 65, 81, 82, 83, 85, 89, 113, 129, 130, 131, 132, 133, 134, 135, 137, 138, 139, 141, 146, 147, 148, 149, 150, 151, 152, 153, 154, 155, 156, 157, 158, 159, 161, 162, 163, 165, 169, 177, 178, 179, 180, 181, 182, 183, 185, 186, 187, 189, 193, 194, 195, 197, 201, 209, 210, 211, 212, 213, 214, 215, 217, 218, 219, 221, 225, 241, 242, 243, 245, 249, 257, 273, 274, 275, 277, 281, 305, 337, 385, 386, 387, 389, 393, 401, 402, 403, 404, 405, 406, 407, 409, 410, 411, 413, 417, 433, 434, 435, 437, 441, 449, 465, 466, 467, 469, 473, 497, 513, 529, 530, 531, 533, 537, 561, 593, 641, 642, 643, 645, 649, 657, 658, 659, 660, 661, 662, 663, 665, 666, 667, 669, 673, 689, 690, 691, 693, 697, 705, 721, 722, 723, 725, 729, 753, 785, 897, 913, 914, 915, 917, 921, 945, 977]
x_146: [1, 2, 4, 6, 10, 17, 18, 19, 20, 21, 22, 24, 25, 26, 28, 30, 34, 49, 50, 52, 54, 58, 66, 81, 82, 84, 86, 90, 114, 129, 130, 131, 132, 133, 134, 136, 137, 138, 140, 142, 145, 147, 148, 149, 150, 151, 152, 153, 154, 155, 156, 157, 158, 160, 161, 162, 164, 166, 170, 177, 178, 179, 180, 181, 182, 184, 185, 186, 188, 190, 193, 194, 196, 198, 202, 209, 210, 211, 212, 213, 214, 216, 217, 218, 220, 222, 226, 241, 242, 244, 246, 250, 258, 273, 274, 276, 278, 282, 306, 338, 385, 386, 388, 390, 394, 401, 402, 403, 404, 405, 406, 408, 409, 410, 412, 414, 418, 433, 434, 436, 438, 442, 450, 465, 466, 468, 470, 474, 498, 514, 529, 530, 532, 534, 538, 562, 594, 641, 642, 644, 646, 650, 657, 658, 659, 660, 661, 662, 664, 665, 666, 668, 670, 674, 689, 690, 692, 694, 698, 706, 721, 722, 724, 726, 730, 754, 786, 898, 913, 914, 916, 918, 922, 946, 978]
x_147: [1, 3, 4, 7, 11, 17, 18, 19, 20, 21, 23, 24, 25, 27, 28, 31, 35, 49, 51, 52, 55, 59, 67, 81, 83, 84, 87, 91, 115, 129, 130, 131, 132, 133, 135, 136, 137, 139, 140, 143, 145, 146, 148, 149, 150, 151, 152, 153, 154, 155, 156, 157, 159, 160, 161, 163, 164, 167, 171, 177, 178, 179, 180, 181, 183, 184, 185, 187, 188, 191, 193, 195, 196, 199, 203, 209, 210, 211, 212, 213, 215, 216, 217, 219, 220, 223, 227, 241, 243, 244, 247, 251, 259, 273, 275, 276, 279, 283, 307, 339, 385, 387, 388, 391, 395, 401, 402, 403, 404, 405, 407, 408, 409, 411, 412, 415, 419, 433, 435, 436, 439, 443, 451, 465, 467, 468, 471, 475, 499, 515, 529, 531, 532, 535, 539, 563, 595, 641, 643, 644, 647, 651, 657, 658, 659, 660, 661, 663, 664, 665, 667, 668, 671, 675, 689, 691, 692, 695, 699, 707, 721, 723, 724, 727, 731, 755, 787, 899, 913, 915, 916, 919, 923, 947, 979]
x_148: [2, 3, 4, 8, 12, 17, 18, 19, 20, 22, 23, 24, 26, 27, 28, 32, 36, 50, 51, 52, 56, 60, 68, 82, 83, 84, 88, 92, 116, 129, 130, 131, 132, 134, 135, 136, 138, 139, 140, 144, 145, 146, 147, 149, 150, 151, 152, 153, 154, 155, 156, 158, 159, 160, 162, 163, 164, 168, 172, 177, 178, 179, 180, 182, 183, 184, 186, 187, 188, 192, 194, 195, 196, 200, 204, 209, 210, 211, 212, 214, 215, 216, 218, 219, 220, 224, 228, 242, 243, 244, 248, 252, 260, 274, 275, 276, 280, 284, 308, 340, 386, 387, 388, 392, 396, 401, 402, 403, 404, 406, 407, 408, 410, 411, 412, 416, 420, 434, 435, 436, 440, 444, 452, 466, 467, 468, 472, 476, 500, 516, 530, 531, 532, 536, 540, 564, 596, 642, 643, 644, 648, 652, 657, 658, 659, 660, 662, 663, 664, 666, 667, 668, 672, 676, 690, 691, 692, 696, 700, 708, 722, 723, 724, 728, 732, 756, 788, 900, 914, 915, 916, 920, 924, 948, 980]
x_149: [1, 5, 6, 7, 13, 17, 18, 19, 21, 22, 23, 24, 25, 29, 30, 31, 37, 49, 53, 54, 55, 61, 69, 81, 85, 86, 87, 93, 117, 129, 130, 131, 133, 134, 135, 136, 137, 141, 142, 143, 145, 146, 147, 148, 150, 151, 152, 153, 154, 155, 157, 158, 159, 160, 161, 165, 166, 167, 173, 177, 178, 179, 181, 182, 183, 184, 185, 189, 190, 191, 193, 197, 198, 199, 205, 209, 210, 211, 213, 214, 215, 216, 217, 221, 222, 223, 229, 241, 245, 246, 247, 253, 261, 273, 277, 278, 279, 285, 309, 341, 385, 389, 390, 391, 397, 401, 402, 403, 405, 406, 407, 408, 409, 413, 414, 415, 421, 433, 437, 438, 439, 445, 453, 465, 469, 470, 471, 477, 501, 517, 529, 533, 534, 535, 541, 565, 597, 641, 645, 646, 647, 653, 657, 658, 659, 661, 662, 663, 664, 665, 669, 670, 671, 677, 689, 693, 694, 695, 701, 709, 721, 725, 726, 727, 733, 757, 789, 901, 913, 917, 918, 919, 925, 949, 981]
x_150: [2, 5, 6, 8, 14, 17, 18, 20, 21, 22, 23, 24, 26, 29, 30, 32, 38, 50, 53, 54, 56, 62, 70, 82, 85, 86, 88, 94, 118, 129, 130, 132, 133, 134, 135, 136, 138, 141, 142, 144, 145, 146, 147, 148, 149, 151, 152, 153, 154, 156, 157, 158, 159, 160, 162, 165, 166, 168, 174, 177, 178, 180, 181, 182, 183, 184, 186, 189, 190, 192, 194, 197, 198, 200, 206, 209, 210, 212, 213, 214, 215, 216, 218, 221, 222, 224, 230, 242, 245, 246, 248, 254, 262, 274, 277, 278, 280, 286, 310, 342, 386, 389, 390, 392, 398, 401, 402, 404, 405, 406, 407, 408, 410, 413, 414, 416, 422, 434, 437, 438, 440, 446, 454, 466, 469, 470, 472, 478, 502, 518, 530, 533, 534, 536, 542, 566, 598, 642, 645, 646, 648, 654, 657, 658, 660, 661, 662, 663, 664, 666, 669, 670, 672, 678, 690, 693, 694, 696, 702, 710, 722, 725, 726, 728, 734, 758, 790, 902, 914, 917, 918, 920, 926, 950, 982]
x_151: [3, 5, 7, 8, 15, 17, 19, 20, 21, 22, 23, 24, 27, 29, 31, 32, 39, 51, 53, 55, 56, 63, 71, 83, 85, 87, 88, 95, 119, 129, 131, 132, 133, 134, 135, 136, 139, 141, 143, 144, 145, 146, 147, 148, 149, 150, 152, 153, 155, 156, 157, 158, 159, 160, 163, 165, 167, 168, 175, 177, 179, 180, 181, 182, 183, 184, 187, 189, 191, 192, 195, 197, 199, 200, 207, 209, 211, 212, 213, 214, 215, 216, 219, 221, 223, 224, 231, 243, 245, 247, 248, 255, 263, 275, 277, 279, 280, 287, 311, 343, 387, 389, 391, 392, 399, 401, 403, 404, 405, 406, 407, 408, 411, 413, 415, 416, 423, 435, 437, 439, 440, 447, 455, 467, 469, 471, 472, 479, 503, 519, 531, 533, 535, 536, 543, 567, 599, 643, 645, 647, 648, 655, 657, 659, 660, 661, 662, 663, 664, 667, 669, 671, 672, 679, 691, 693, 695, 696, 703, 711, 723, 725, 727, 728, 735, 759, 791, 903, 915, 917, 919, 920, 927, 951, 983]
x_152: [4, 6, 7, 8, 16, 18, 19, 20, 21, 22, 23, 24, 28, 30, 31, 32, 40, 52, 54, 55, 56, 64, 72, 84, 86, 87, 88, 96, 120, 130, 131, 132, 133, 134, 135, 136, 140, 142, 143, 144, 145, 146, 147, 148, 149, 150, 151, 154, 155, 156, 157, 158, 159, 160, 164, 166, 167, 168, 176, 178, 179, 180, 181, 182, 183, 184, 188, 190, 191, 192, 196, 198, 199, 200, 208, 210, 211, 212, 213, 214, 215, 216, 220, 222, 223, 224, 232, 244, 246, 247, 248, 256, 264, 276, 278, 279, 280, 288, 312, 344, 388, 390, 391, 392, 400, 402, 403, 404, 405, 406, 407, 408, 412, 414, 415, 416, 424, 436, 438, 439, 440, 448, 456, 468, 470, 471, 472, 480, 504, 520, 532, 534, 535, 536, 544, 568, 600, 644, 646, 647, 648, 656, 658, 659, 660, 661, 662, 663, 664, 668, 670, 671, 672, 680, 692, 694, 695, 696, 704, 712, 724, 726, 727, 728, 736, 760, 792, 904, 916, 918, 919, 920, 928, 952, 984]
x_153: [1, 9, 10, 11, 13, 17, 18, 19, 21, 25, 26, 27, 28, 29, 30, 31, 41, 49, 57, 58, 59, 61, 73, 81, 89, 90, 91, 93, 121, 129, 130, 131, 133, 137, 138, 139, 140, 141, 142, 143, 145, 146, 147, 148, 149, 150, 151, 154, 155, 156, 157, 158, 159, 160, 161, 169, 170, 171, 173, 177, 178, 179, 181, 185, 186, 187, 188, 189, 190, 191, 193, 201, 202, 203, 205, 209, 210, 211, 213, 217, 218, 219, 220, 221, 222, 223, 233, 241, 249, 250, 251, 253, 265, 273, 281, 282, 283, 285, 313, 345, 385, 393, 394, 395, 397, 401, 402, 403, 405, 409, 410, 411, 412, 413, 414, 415, 425, 433, 441, 442, 443, 445, 457, 465, 473, 474, 475, 477, 505, 521, 529, 537, 538, 539, 541, 569, 601, 641, 649, 650, 651, 653, 657, 658, 659, 661, 665, 666, 667, 668, 669, 670, 671, 681, 689, 697, 698, 699, 701, 713, 721, 729, 730, 731, 733, 761, 793, 905, 913, 921, 922, 923, 925, 953, 985]
x_154: [2, 9, 10, 12, 14, 17, 18, 20, 22, 25, 26, 27, 28, 29, 30, 32, 42, 50, 57, 58, 60, 62, 74, 82, 89, 90, 92, 94, 122, 129, 130, 132, 134, 137, 138, 139, 140, 141, 142, 144, 145, 146, 147, 148, 149, 150, 152, 153, 155, 156, 157, 158, 159, 160, 162, 169, 170, 172, 174, 177, 178, 180, 182, 185, 186, 187, 188, 189, 190, 192, 194, 201, 202, 204, 206, 209, 210, 212, 214, 217, 218, 219, 220, 221, 222, 224, 234, 242, 249, 250, 252, 254, 266, 274, 281, 282, 284, 286, 314, 346, 386, 393, 394, 396, 398, 401, 402, 404, 406, 409, 410, 411, 412, 413, 414, 416, 426, 434, 441, 442, 444, 446, 458, 466, 473, 474, 476, 478, 506, 522, 530, 537, 538, 540, 542, 570, 602, 642, 649, 650, 652, 654, 657, 658, 660, 662, 665, 666, 667, 668, 669, 670, 672, 682, 690, 697, 698, 700, 702, 714, 722, 729, 730, 732, 734, 762, 794, 906, 914, 921, 922, 924, 926, 954, 986]
x_155: [3, 9, 11, 12, 15, 17, 19, 20, 23, 25, 26, 27, 28, 29, 31, 32, 43, 51, 57, 59, 60, 63, 75, 83, 89, 91, 92, 95, 123, 129, 131, 132, 135, 137, 138, 139, 140, 141, 143, 144, 145, 146, 147, 148, 149, 151, 152, 153, 154, 156, 157, 158, 159, 160, 163, 169, 171, 172, 175, 177, 179, 180, 183, 185, 186, 187, 188, 189, 191, 192, 195, 201, 203, 204, 207, 209, 211, 212, 215, 217, 218, 219, 220, 221, 223, 224, 235, 243, 249, 251, 252, 255, 267, 275, 281, 283, 284, 287, 315, 347, 387, 393, 395, 396, 399, 401, 403, 404, 407, 409, 410, 411, 412, 413, 415, 416, 427, 435, 441, 443, 444, 447, 459, 467, 473, 475, 476, 479, 507, 523, 531, 537, 539, 540, 543, 571, 603, 643, 649, 651, 652, 655, 657, 659, 660, 663, 665, 666, 667, 668, 669, 671, 672, 683, 691, 697, 699, 700, 703, 715, 723, 729, 731, 732, 735, 763, 795, 907, 915, 921, 923, 924, 927, 955, 987]
x_156: [4, 10, 11, 12, 16, 18, 19, 20, 24, 25, 26, 27, 28, 30, 31, 32, 44, 52, 58, 59, 60, 64, 76, 84, 90, 91, 92, 96, 124, 130, 131, 132, 136, 137, 138, 139, 140, 142, 143, 144, 145, 146, 147, 148, 150, 151, 152, 153, 154, 155, 157, 158, 159, 160, 164, 170, 171, 172, 176, 178, 179, 180, 184, 185, 186, 187, 188, 190, 191, 192, 196, 202, 203, 204, 208, 210, 211, 212, 216, 217, 218, 219, 220, 222, 223, 224, 236, 244, 250, 251, 252, 256, 268, 276, 282, 283, 284, 288, 316, 348, 388, 394, 395, 396, 400, 402, 403, 404, 408, 409, 410, 411, 412, 414, 415, 416, 428, 436, 442, 443, 444, 448, 460, 468, 474, 475, 476, 480, 508, 524, 532, 538, 539, 540, 544, 572, 604, 644, 650, 651, 652, 656, 658, 659, 660, 664, 665, 666, 667, 668, 670, 671, 672, 684, 692, 698, 699, 700, 704, 716, 724, 730, 731, 732, 736, 764, 796, 908, 916, 922, 923, 924, 928, 956, 988]
x_157: [5, 9, 13, 14, 15, 17, 21, 22, 23, 25, 26, 27, 29, 30, 31, 32, 45, 53, 57, 61, 62, 63, 77, 85, 89, 93, 94, 95, 125, 129, 133, 134, 135, 137, 138, 139, 141, 142, 143, 144, 145, 146, 147, 149, 150, 151, 152, 153, 154, 155, 156, 158, 159, 160, 165, 169, 173, 174, 175, 177, 181, 182, 183, 185, 186, 187, 189, 190, 191, 192, 197, 201, 205, 206, 207, 209, 213, 214, 215, 217, 218, 219, 221, 222, 223, 224, 237, 245, 249, 253, 254, 255, 269, 277, 281, 285, 286, 287, 317, 349, 389, 393, 397, 398, 399, 401, 405, 406, 407, 409, 410, 411, 413, 414, 415, 416, 429, 437, 441, 445, 446, 447, 461, 469, 473, 477, 478, 479, 509, 525, 533, 537, 541, 542, 543, 573, 605, 645, 649, 653, 654, 655, 657, 661, 662, 663, 665, 666, 667, 669, 670, 671, 672, 685, 693, 697, 701, 702, 703, 717, 725, 729, 733, 734, 735, 765, 797, 909, 917, 921, 925, 926, 927, 957, 989]
x_158: [6, 10, 13, 14, 16, 18, 21, 22, 24, 25, 26, 28, 29, 30, 31, 32, 46, 54, 58, 61, 62, 64, 78, 86, 90, 93, 94, 96, 126, 130, 133, 134, 136, 137, 138, 140, 141, 142, 143, 144, 145, 146, 148, 149, 150, 151, 152, 153, 154, 155, 156, 157, 159, 160, 166, 170, 173, 174, 176, 178, 181, 182, 184, 185, 186, 188, 189, 190, 191, 192, 198, 202, 205, 206, 208, 210, 213, 214, 216, 217, 218, 220, 221, 222, 223, 224, 238, 246, 250, 253, 254, 256, 270, 278, 282, 285, 286, 288, 318, 350, 390, 394, 397, 398, 400, 402, 405, 406, 408, 409, 410, 412, 413, 414, 415, 416, 430, 438, 442, 445, 446, 448, 462, 470, 474, 477, 478, 480, 510, 526, 534, 538, 541, 542, 544, 574, 606, 646, 650, 653, 654, 656, 658, 661, 662, 664, 665, 666, 668, 669, 670, 671, 672, 686, 694, 698, 701, 702, 704, 718, 726, 730, 733, 734, 736, 766, 798, 910, 918, 922, 925, 926, 928, 958, 990]
x_159: [7, 11, 13, 15, 16, 19, 21, 23, 24, 25, 27, 28, 29, 30, 31, 32, 47, 55, 59, 61, 63, 64, 79, 87, 91, 93, 95, 96, 127, 131, 133, 135, 136, 137, 139, 140, 141, 142, 143, 144, 145, 147, 148, 149, 150, 151, 152, 153, 154, 155, 156, 157, 158, 160, 167, 171, 173, 175, 176, 179, 181, 183, 184, 185, 187, 188, 189, 190, 191, 192, 199, 203, 205, 207, 208, 211, 213, 215, 216, 217, 219, 220, 221, 222, 223, 224, 239, 247, 251, 253, 255, 256, 271, 279, 283, 285, 287, 288, 319, 351, 391, 395, 397, 399, 400, 403, 405, 407, 408, 409, 411, 412, 413, 414, 415, 416, 431, 439, 443, 445, 447, 448, 463, 471, 475, 477, 479, 480, 511, 527, 535, 539, 541, 543, 544, 575, 607, 647, 651, 653, 655, 656, 659, 661, 663, 664, 665, 667, 668, 669, 670, 671, 672, 687, 695, 699, 701, 703, 704, 719, 727, 731, 733, 735, 736, 767, 799, 911, 919, 923, 925, 927, 928, 959, 991]
x_160: [8, 12, 14, 15, 16, 20, 22, 23, 24, 26, 27, 28, 29, 30, 31, 32, 48, 56, 60, 62, 63, 64, 80, 88, 92, 94, 95, 96, 128, 132, 134, 135, 136, 138, 139, 140, 141, 142, 143, 144, 146, 147, 148, 149, 150, 151, 152, 153, 154, 155, 156, 157, 158, 159, 168, 172, 174, 175, 176, 180, 182, 183, 184, 186, 187, 188, 189, 190, 191, 192, 200, 204, 206, 207, 208, 212, 214, 215, 216, 218, 219, 220, 221, 222, 223, 224, 240, 248, 252, 254, 255, 256, 272, 280, 284, 286, 287, 288, 320, 352, 392, 396, 398, 399, 400, 404, 406, 407, 408, 410, 411, 412, 413, 414, 415, 416, 432, 440, 444, 446, 447, 448, 464, 472, 476, 478, 479, 480, 512, 528, 536, 540, 542, 543, 544, 576, 608, 648, 652, 654, 655, 656, 660, 662, 663, 664, 666, 667, 668, 669, 670, 671, 672, 688, 696, 700, 702, 703, 704, 720, 728, 732, 734, 735, 736, 768, 800, 912, 920, 924, 926, 927, 928, 960, 992]
x_161: [1, 2, 3, 5, 9, 17, 33, 34, 35, 36, 37, 38, 39, 41, 42, 43, 45, 49, 50, 51, 53, 57, 65, 97, 98, 99, 101, 105, 113, 129, 130, 131, 132, 133, 134, 135, 137, 138, 139, 141, 145, 146, 147, 149, 153, 162, 163, 164, 165, 166, 167, 168, 169, 170, 171, 172, 173, 174, 175, 177, 178, 179, 180, 181, 182, 183, 185, 186, 187, 189, 193, 194, 195, 197, 201, 209, 225, 226, 227, 228, 229, 230, 231, 233, 234, 235, 237, 241, 242, 243, 245, 249, 257, 289, 290, 291, 293, 297, 305, 353, 385, 386, 387, 389, 393, 401, 417, 418, 419, 420, 421, 422, 423, 425, 426, 427, 429, 433, 434, 435, 437, 441, 449, 481, 482, 483, 485, 489, 497, 513, 545, 546, 547, 549, 553, 561, 609, 641, 642, 643, 645, 649, 657, 673, 674, 675, 676, 677, 678, 679, 681, 682, 683, 685, 689, 690, 691, 693, 697, 705, 737, 738, 739, 741, 745, 753, 801, 897, 929, 930, 931, 933, 937, 945, 993]
x_162: [1, 2, 4, 6, 10, 18, 33, 34, 35, 36, 37, 38, 40, 41, 42, 44, 46, 49, 50, 52, 54, 58, 66, 97, 98, 100, 102, 106, 114, 129, 130, 131, 132, 133, 134, 136, 137, 138, 140, 142, 145, 146, 148, 150, 154, 161, 163, 164, 165, 166, 167, 168, 169, 170, 171, 172, 173, 174, 176, 177, 178, 179, 180, 181, 182, 184, 185, 186, 188, 190, 193, 194, 196, 198, 202, 210, 225, 226, 227, 228, 229, 230, 232, 233, 234, 236, 238, 241, 242, 244, 246, 250, 258, 289, 290, 292, 294, 298, 306, 354, 385, 386, 388, 390, 394, 402, 417, 418, 419, 420, 421, 422, 424, 425, 426, 428, 430, 433, 434, 436, 438, 442, 450, 481, 482, 484, 486, 490, 498, 514, 545, 546, 548, 550, 554, 562, 610, 641, 642, 644, 646, 650, 658, 673, 674, 675, 676, 677, 678, 680, 681, 682, 684, 686, 689, 690, 692, 694, 698, 706, 737, 738, 740, 742, 746, 754, 802, 898, 929, 930, 932, 934, 938, 946, 994]
x_163: [1, 3, 4, 7, 11, 19, 33, 34, 35, 36, 37, 39, 40, 41, 43, 44, 47, 49, 51, 52, 55, 59, 67, 97, 99, 100, 103, 107, 115, 129, 130, 131, 132, 133, 135, 136, 137, 139, 140, 143, 145, 147, 148, 151, 155, 161, 162, 164, 165, 166, 167, 168, 169, 170, 171, 172, 173, 175, 176, 177, 178, 179, 180, 181, 183, 184, 185, 187, 188, 191, 193, 195, 196, 199, 203, 211, 225, 226, 227, 228, 229, 231, 232, 233, 235, 236, 239, 241, 243, 244, 247, 251, 259, 289, 291, 292, 295, 299, 307, 355, 385, 387, 388, 391, 395, 403, 417, 418, 419, 420, 421, 423, 424, 425, 427, 428, 431, 433, 435, 436, 439, 443, 451, 481, 483, 484, 487, 491, 499, 515, 545, 547, 548, 551, 555, 563, 611, 641, 643, 644, 647, 651, 659, 673, 674, 675, 676, 677, 679, 680, 681, 683, 684, 687, 689, 691, 692, 695, 699, 707, 737, 739, 740, 743, 747, 755, 803, 899, 929, 931, 932, 935, 939, 947, 995]
x_164: [2, 3, 4, 8, 12, 20, 33, 34, 35, 36, 38, 39, 40, 42, 43, 44, 48, 50, 51, 52, 56, 60, 68, 98, 99, 100, 104, 108, 116, 129, 130, 131, 132, 134, 135, 136, 138, 139, 140, 144, 146, 147, 148, 152, 156, 161, 162, 163, 165, 166, 167, 168, 169, 170, 171, 172, 174, 175, 176, 177, 178, 179, 180, 182, 183, 184, 186, 187, 188, 192, 194, 195, 196, 200, 204, 212, 225, 226, 227, 228, 230, 231, 232, 234, 235, 236, 240, 242, 243, 244, 248, 252, 260, 290, 291, 292, 296, 300, 308, 356, 386, 387, 388, 392, 396, 404, 417, 418, 419, 420, 422, 423, 424, 426, 427, 428, 432, 434, 435, 436, 440, 444, 452, 482, 483, 484, 488, 492, 500, 516, 546, 547, 548, 552, 556, 564, 612, 642, 643, 644, 648, 652, 660, 673, 674, 675, 676, 678, 679, 680, 682, 683, 684, 688, 690, 691, 692, 696, 700, 708, 738, 739, 740, 744, 748, 756, 804, 900, 930, 931, 932, 936, 940, 948, 996]
x_165: [1, 5, 6, 7, 13, 21, 33, 34, 35, 37, 38, 39, 40, 41, 45, 46, 47, 49, 53, 54, 55, 61, 69, 97, 101, 102, 103, 109, 117, 129, 130, 131, 133, 134, 135, 136, 137, 141, 142, 143, 145, 149, 150, 151, 157, 161, 162, 163, 164, 166, 167, 168, 169, 170, 171, 173, 174, 175, 176, 177, 178, 179, 181, 182, 183, 184, 185, 189, 190, 191, 193, 197, 198, 199, 205, 213, 225, 226, 227, 229, 230, 231, 232, 233, 237, 238, 239, 241, 245, 246, 247, 253, 261, 289, 293, 294, 295, 301, 309, 357, 385, 389, 390, 391, 397, 405, 417, 418, 419, 421, 422, 423, 424, 425, 429, 430, 431, 433, 437, 438, 439, 445, 453, 481, 485, 486, 487, 493, 501, 517, 545, 549, 550, 551, 557, 565, 613, 641, 645, 646, 647, 653, 661, 673, 674, 675, 677, 678, 679, 680, 681, 685, 686, 687, 689, 693, 694, 695, 701, 709, 737, 741, 742, 743, 749, 757, 805, 901, 929, 933, 934, 935, 941, 949, 997]
x_166: [2, 5, 6, 8, 14, 22, 33, 34, 36, 37, 38, 39, 40, 42, 45, 46, 48, 50, 53, 54, 56, 62, 70, 98, 101, 102, 104, 110, 118, 129, 130, 132, 133, 134, 135, 136, 138, 141, 142, 144, 146, 149, 150, 152, 158, 161, 162, 163, 164, 165, 167, 168, 169, 170, 172, 173, 174, 175, 176, 177, 178, 180, 181, 182, 183, 184, 186, 189, 190, 192, 194, 197, 198, 200, 206, 214, 225, 226, 228, 229, 230, 231, 232, 234, 237, 238, 240, 242, 245, 246, 248, 254, 262, 290, 293, 294, 296, 302, 310, 358, 386, 389, 390, 392, 398, 406, 417, 418, 420, 421, 422, 423, 424, 426, 429, 430, 432, 434, 437, 438, 440, 446, 454, 482, 485, 486, 488, 494, 502, 518, 546, 549, 550, 552, 558, 566, 614, 642, 645, 646, 648, 654, 662, 673, 674, 676, 677, 678, 679, 680, 682, 685, 686, 688, 690, 693, 694, 696, 702, 710, 738, 741, 742, 744, 750, 758, 806, 902, 930, 933, 934, 936, 942, 950, 998]
x_167: [3, 5, 7, 8, 15, 23, 33, 35, 36, 37, 38, 39, 40, 43, 45, 47, 48, 51, 53, 55, 56, 63, 71, 99, 101, 103, 104, 111, 119, 129, 131, 132, 133, 134, 135, 136, 139, 141, 143, 144, 147, 149, 151, 152, 159, 161, 162, 163, 164, 165, 166, 168, 169, 171, 172, 173, 174, 175, 176, 177, 179, 180, 181, 182, 183, 184, 187, 189, 191, 192, 195, 197, 199, 200, 207, 215, 225, 227, 228, 229, 230, 231, 232, 235, 237, 239, 240, 243, 245, 247, 248, 255, 263, 291, 293, 295, 296, 303, 311, 359, 387, 389, 391, 392, 399, 407, 417, 419, 420, 421, 422, 423, 424, 427, 429, 431, 432, 435, 437, 439, 440, 447, 455, 483, 485, 487, 488, 495, 503, 519, 547, 549, 551, 552, 559, 567, 615, 643, 645, 647, 648, 655, 663, 673, 675, 676, 677, 678, 679, 680, 683, 685, 687, 688, 691, 693, 695, 696, 703, 711, 739, 741, 743, 744, 751, 759, 807, 903, 931, 933, 935, 936, 943, 951, 999]
x_168: [4, 6, 7, 8, 16, 24, 34, 35, 36, 37, 38, 39, 40, 44, 46, 47, 48, 52, 54, 55, 56, 64, 72, 100, 102, 103, 104, 112, 120, 130, 131, 132, 133, 134, 135, 136, 140, 142, 143, 144, 148, 150, 151, 152, 160, 161, 162, 163, 164, 165, 166, 167, 170, 171, 172, 173, 174, 175, 176, 178, 179, 180, 181, 182, 183, 184, 188, 190, 191, 192, 196, 198, 199, 200, 208, 216, 226, 227, 228, 229, 230, 231, 232, 236, 238, 239, 240, 244, 246, 247, 248, 256, 264, 292, 294, 295, 296, 304, 312, 360, 388, 390, 391, 392, 400, 408, 418, 419, 420, 421, 422, 423, 424, 428, 430, 431, 432, 436, 438, 439, 440, 448, 456, 484, 486, 487, 488, 496, 504, 520, 548, 550, 551, 552, 560, 568, 616, 644, 646, 647, 648, 656, 664, 674, 675, 676, 677, 678, 679, 680, 684, 686, 687, 688, 692, 694, 695, 696, 704, 712, 740, 742, 743, 744, 752, 760, 808, 904, 932, 934, 935, 936, 944, 952, 1000]
x_169: [1, 9, 10, 11, 13, 25, 33, 34, 35, 37, 41, 42, 43, 44, 45, 46, 47, 49, 57, 58, 59, 61, 73, 97, 105, 106, 107, 109, 121, 129, 130, 131, 133, 137, 138, 139, 140, 141, 142, 143, 145, 153, 154, 155, 157, 161, 162, 163, 164, 165, 166, 167, 170, 171, 172, 173, 174, 175, 176, 177, 178, 179, 181, 185, 186, 187, 188, 189, 190, 191, 193, 201, 202, 203, 205, 217, 225, 226, 227, 229, 233, 234, 235, 236, 237, 238, 239, 241, 249, 250, 251, 253, 265, 289, 297, 298, 299, 301, 313, 361, 385, 393, 394, 395, 397, 409, 417, 418, 419, 421, 425, 426, 427, 428, 429, 430, 431, 433, 441, 442, 443, 445, 457, 481, 489, 490, 491, 493, 505, 521, 545, 553, 554, 555, 557, 569, 617, 641, 649, 650, 651, 653, 665, 673, 674, 675, 677, 681, 682, 683, 684, 685, 686, 687, 689, 697, 698, 699, 701, 713, 737, 745, 746, 747, 749, 761, 809, 905, 929, 937, 938, 939, 941, 953, 1001]
x_170: [2, 9, 10, 12, 14, 26, 33, 34, 36, 38, 41, 42, 43, 44, 45, 46, 48, 50, 57, 58, 60, 62, 74, 98, 105, 106, 108, 110, 122, 129, 130, 132, 134, 137, 138, 139, 140, 141, 142, 144, 146, 153, 154, 156, 158, 161, 162, 163, 164, 165, 166, 168, 169, 171, 172, 173, 174, 175, 176, 177, 178, 180, 182, 185, 186, 187, 188, 189, 190, 192, 194, 201, 202, 204, 206, 218, 225, 226, 228, 230, 233, 234, 235, 236, 237, 238, 240, 242, 249, 250, 252, 254, 266, 290, 297, 298, 300, 302, 314, 362, 386, 393, 394, 396, 398, 410, 417, 418, 420, 422, 425, 426, 427, 428, 429, 430, 432, 434, 441, 442, 444, 446, 458, 482, 489, 490, 492, 494, 506, 522, 546, 553, 554, 556, 558, 570, 618, 642, 649, 650, 652, 654, 666, 673, 674, 676, 678, 681, 682, 683, 684, 685, 686, 688, 690, 697, 698, 700, 702, 714, 738, 745, 746, 748, 750, 762, 810, 906, 930, 937, 938, 940, 942, 954, 1002]
x_171: [3, 9, 11, 12, 15, 27, 33, 35, 36, 39, 41, 42, 43, 44, 45, 47, 48, 51, 57, 59, 60, 63, 75, 99, 105, 107, 108, 111, 123, 129, 131, 132, 135, 137, 138, 139, 140, 141, 143, 144, 147, 153, 155, 156, 159, 161, 162, 163, 164, 165, 167, 168, 169, 170, 172, 173, 174, 175, 176, 177, 179, 180, 183, 185, 186, 187, 188, 189, 191, 192, 195, 201, 203, 204, 207, 219, 225, 227, 228, 231, 233, 234, 235, 236, 237, 239, 240, 243, 249, 251, 252, 255, 267, 291, 297, 299, 300, 303, 315, 363, 387, 393, 395, 396, 399, 411, 417, 419, 420, 423, 425, 426, 427, 428, 429, 431, 432, 435, 441, 443, 444, 447, 459, 483, 489, 491, 492, 495, 507, 523, 547, 553, 555, 556, 559, 571, 619, 643, 649, 651, 652, 655, 667, 673, 675, 676, 679, 681, 682, 683, 684, 685, 687, 688, 691, 697, 699, 700, 703, 715, 739, 745, 747, 748, 751, 763, 811, 907, 931, 937, 939, 940, 943, 955, 1003]
x_172: [4, 10, 11, 12, 16, 28, 34, 35, 36, 40, 41, 42, 43, 44, 46, 47, 48, 52, 58, 59, 60, 64, 76, 100, 106, 107, 108, 112, 124, 130, 131, 132, 136, 137, 138, 139, 140, 142, 143, 144, 148, 154, 155, 156, 160, 161, 162, 163, 164, 166, 167, 168, 169, 170, 171, 173, 174, 175, 176, 178, 179, 180, 184, 185, 186, 187, 188, 190, 191, 192, 196, 202, 203, 204, 208, 220, 226, 227, 228, 232, 233, 234, 235, 236, 238, 239, 240, 244, 250, 251, 252, 256, 268, 292, 298, 299, 300, 304, 316, 364, 388, 394, 395, 396, 400, 412, 418, 419, 420, 424, 425, 426, 427, 428, 430, 431, 432, 436, 442, 443, 444, 448, 460, 484, 490, 491, 492, 496, 508, 524, 548, 554, 555, 556, 560, 572, 620, 644, 650, 651, 652, 656, 668, 674, 675, 676, 680, 681, 682, 683, 684, 686, 687, 688, 692, 698, 699, 700, 704, 716, 740, 746, 747, 748, 752, 764, 812, 908, 932, 938, 939, 940, 944, 956, 1004]
x_173: [5, 9, 13, 14, 15, 29, 33, 37, 38, 39, 41, 42, 43, 45, 46, 47, 48, 53, 57, 61, 62, 63, 77, 101, 105, 109, 110, 111, 125, 129, 133, 134, 135, 137, 138, 139, 141, 142, 143, 144, 149, 153, 157, 158, 159, 161, 162, 163, 165, 166, 167, 168, 169, 170, 171, 172, 174, 175, 176, 177, 181, 182, 183, 185, 186, 187, 189, 190, 191, 192, 197, 201, 205, 206, 207, 221, 225, 229, 230, 231, 233, 234, 235, 237, 238, 239, 240, 245, 249, 253, 254, 255, 269, 293, 297, 301, 302, 303, 317, 365, 389, 393, 397, 398, 399, 413, 417, 421, 422, 423, 425, 426, 427, 429, 430, 431, 432, 437, 441, 445, 446, 447, 461, 485, 489, 493, 494, 495, 509, 525, 549, 553, 557, 558, 559, 573, 621, 645, 649, 653, 654, 655, 669, 673, 677, 678, 679, 681, 682, 683, 685, 686, 687, 688, 693, 697, 701, 702, 703, 717, 741, 745, 749, 750, 751, 765, 813, 909, 933, 937, 941, 942, 943, 957, 1005]
x_174: [6, 10, 13, 14, 16, 30, 34, 37, 38, 40, 41, 42, 44, 45, 46, 47, 48, 54, 58, 61, 62, 64, 78, 102, 106, 109, 110, 112, 126, 130, 133, 134, 136, 137, 138, 140, 141, 142, 143, 144, 150, 154, 157, 158, 160, 161, 162, 164, 165, 166, 167, 168, 169, 170, 171, 172, 173, 175, 176, 178, 181, 182, 184, 185, 186, 188, 189, 190, 191, 192, 198, 202, 205, 206, 208, 222, 226, 229, 230, 232, 233, 234, 236, 237, 238, 239, 240, 246, 250, 253, 254, 256, 270, 294, 298, 301, 302, 304, 318, 366, 390, 394, 397, 398, 400, 414, 418, 421, 422, 424, 425, 426, 428, 429, 430, 431, 432, 438, 442, 445, 446, 448, 462, 486, 490, 493, 494, 496, 510, 526, 550, 554, 557, 558, 560, 574, 622, 646, 650, 653, 654, 656, 670, 674, 677, 678, 680, 681, 682, 684, 685, 686, 687, 688, 694, 698, 701, 702, 704, 718, 742, 746, 749, 750, 752, 766, 814, 910, 934, 938, 941, 942, 944, 958, 1006]
x_175: [7, 11, 13, 15, 16, 31, 35, 37, 39, 40, 41, 43, 44, 45, 46, 47, 48, 55, 59, 61, 63, 64, 79, 103, 107, 109, 111, 112, 127, 131, 133, 135, 136, 137, 139, 140, 141, 142, 143, 144, 151, 155, 157, 159, 160, 161, 163, 164, 165, 166, 167, 168, 169, 170, 171, 172, 173, 174, 176, 179, 181, 183, 184, 185, 187, 188, 189, 190, 191, 192, 199, 203, 205, 207, 208, 223, 227, 229, 231, 232, 233, 235, 236, 237, 238, 239, 240, 247, 251, 253, 255, 256, 271, 295, 299, 301, 303, 304, 319, 367, 391, 395, 397, 399, 400, 415, 419, 421, 423, 424, 425, 427, 428, 429, 430, 431, 432, 439, 443, 445, 447, 448, 463, 487, 491, 493, 495, 496, 511, 527, 551, 555, 557, 559, 560, 575, 623, 647, 651, 653, 655, 656, 671, 675, 677, 679, 680, 681, 683, 684, 685, 686, 687, 688, 695, 699, 701, 703, 704, 719, 743, 747, 749, 751, 752, 767, 815, 911, 935, 939, 941, 943, 944, 959, 1007]
x_176: [8, 12, 14, 15, 16, 32, 36, 38, 39, 40, 42, 43, 44, 45, 46, 47, 48, 56, 60, 62, 63, 64, 80, 104, 108, 110, 111, 112, 128, 132, 134, 135, 136, 138, 139, 140, 141, 142, 143, 144, 152, 156, 158, 159, 160, 162, 163, 164, 165, 166, 167, 168, 169, 170, 171, 172, 173, 174, 175, 180, 182, 183, 184, 186, 187, 188, 189, 190, 191, 192, 200, 204, 206, 207, 208, 224, 228, 230, 231, 232, 234, 235, 236, 237, 238, 239, 240, 248, 252, 254, 255, 256, 272, 296, 300, 302, 303, 304, 320, 368, 392, 396, 398, 399, 400, 416, 420, 422, 423, 424, 426, 427, 428, 429, 430, 431, 432, 440, 444, 446, 447, 448, 464, 488, 492, 494, 495, 496, 512, 528, 552, 556, 558, 559, 560, 576, 624, 648, 652, 654, 655, 656, 672, 676, 678, 679, 680, 682, 683, 684, 685, 686, 687, 688, 696, 700, 702, 703, 704, 720, 744, 748, 750, 751, 752, 768, 816, 912, 936, 940, 942, 943, 944, 960, 1008]
x_177: [1, 17, 18, 19, 21, 25, 33, 34, 35, 37, 41, 49, 50, 51, 52, 53, 54, 55, 57, 58, 59, 61, 81, 97, 113, 114, 115, 117, 121, 129, 130, 131, 133, 137, 145, 146, 147, 148, 149, 150, 151, 153, 154, 155, 157, 161, 162, 163, 164, 165, 166, 167, 169, 170, 171, 173, 178, 179, 180, 181, 182, 183, 184, 185, 186, 187, 188, 189, 190, 191, 193, 209, 210, 211, 213, 217, 225, 226, 227, 229, 233, 241, 242, 243, 244, 245, 246, 247, 249, 250, 251, 253, 273, 289, 305, 306, 307, 309, 313, 369, 385, 401, 402, 403, 405, 409, 417, 418, 419, 421, 425, 433, 434, 435, 436, 437, 438, 439, 441, 442, 443, 445, 465, 481, 497, 498, 499, 501, 505, 529, 545, 561, 562, 563, 565, 569, 625, 641, 657, 658, 659, 661, 665, 673, 674, 675, 677, 681, 689, 690, 691, 692, 693, 694, 695, 697, 698, 699, 701, 721, 737, 753, 754, 755, 757, 761, 817, 913, 929, 945, 946, 947, 949, 953, 1009]
x_178: [2, 17, 18, 20, 22, 26, 33, 34, 36, 38, 42, 49, 50, 51, 52, 53, 54, 56, 57, 58, 60, 62, 82, 98, 113, 114, 116, 118, 122, 129, 130, 132, 134, 138, 145, 146, 147, 148, 149, 150, 152, 153, 154, 156, 158, 161, 162, 163, 164, 165, 166, 168, 169, 170, 172, 174, 177, 179, 180, 181, 182, 183, 184, 185, 186, 187, 188, 189, 190, 192, 194, 209, 210, 212, 214, 218, 225, 226, 228, 230, 234, 241, 242, 243, 244, 245, 246, 248, 249, 250, 252, 254, 274, 290, 305, 306, 308, 310, 314, 370, 386, 401, 402, 404, 406, 410, 417, 418, 420, 422, 426, 433, 434, 435, 436, 437, 438, 440, 441, 442, 444, 446, 466, 482, 497, 498, 500, 502, 506, 530, 546, 561, 562, 564, 566, 570, 626, 642, 657, 658, 660, 662, 666, 673, 674, 676, 678, 682, 689, 690, 691, 692, 693, 694, 696, 697, 698, 700, 702, 722, 738, 753, 754, 756, 758, 762, 818, 914, 930, 945, 946, 948, 950, 954, 1010]
x_179: [3, 17, 19, 20, 23, 27, 33, 35, 36, 39, 43, 49, 50, 51, 52, 53, 55, 56, 57, 59, 60, 63, 83, 99, 113, 115, 116, 119, 123, 129, 131, 132, 135, 139, 145, 146, 147, 148, 149, 151, 152, 153, 155, 156, 159, 161, 162, 163, 164, 165, 167, 168, 169, 171, 172, 175, 177, 178, 180, 181, 182, 183, 184, 185, 186, 187, 188, 189, 191, 192, 195, 209, 211, 212, 215, 219, 225, 227, 228, 231, 235, 241, 242, 243, 244, 245, 247, 248, 249, 251, 252, 255, 275, 291, 305, 307, 308, 311, 315, 371, 387, 401, 403, 404, 407, 411, 417, 419, 420, 423, 427, 433, 434, 435, 436, 437, 439, 440, 441, 443, 444, 447, 467, 483, 497, 499, 500, 503, 507, 531, 547, 561, 563, 564, 567, 571, 627, 643, 657, 659, 660, 663, 667, 673, 675, 676, 679, 683, 689, 690, 691, 692, 693, 695, 696, 697, 699, 700, 703, 723, 739, 753, 755, 756, 759, 763, 819, 915, 931, 945, 947, 948, 951, 955, 1011]
x_180: [4, 18, 19, 20, 24, 28, 34, 35, 36, 40, 44, 49, 50, 51, 52, 54, 55, 56, 58, 59, 60, 64, 84, 100, 114, 115, 116, 120, 124, 130, 131, 132, 136, 140, 145, 146, 147, 148, 150, 151, 152, 154, 155, 156, 160, 161, 162, 163, 164, 166, 167, 168, 170, 171, 172, 176, 177, 178, 179, 181, 182, 183, 184, 185, 186, 187, 188, 190, 191, 192, 196, 210, 211, 212, 216, 220, 226, 227, 228, 232, 236, 241, 242, 243, 244, 246, 247, 248, 250, 251, 252, 256, 276, 292, 306, 307, 308, 312, 316, 372, 388, 402, 403, 404, 408, 412, 418, 419, 420, 424, 428, 433, 434, 435, 436, 438, 439, 440, 442, 443, 444, 448, 468, 484, 498, 499, 500, 504, 508, 532, 548, 562, 563, 564, 568, 572, 628, 644, 658, 659, 660, 664, 668, 674, 675, 676, 680, 684, 689, 690, 691, 692, 694, 695, 696, 698, 699, 700, 704, 724, 740, 754, 755, 756, 760, 764, 820, 916, 932, 946, 947, 948, 952, 956, 1012]
x_181: [5, 17, 21, 22, 23, 29, 33, 37, 38, 39, 45, 49, 50, 51, 53, 54, 55, 56, 57, 61, 62, 63, 85, 101, 113, 117, 118, 119, 125, 129, 133, 134, 135, 141, 145, 146, 147, 149, 150, 151, 152, 153, 157, 158, 159, 161, 162, 163, 165, 166, 167, 168, 169, 173, 174, 175, 177, 178, 179, 180, 182, 183, 184, 185, 186, 187, 189, 190, 191, 192, 197, 209, 213, 214, 215, 221, 225, 229, 230, 231, 237, 241, 242, 243, 245, 246, 247, 248, 249, 253, 254, 255, 277, 293, 305, 309, 310, 311, 317, 373, 389, 401, 405, 406, 407, 413, 417, 421, 422, 423, 429, 433, 434, 435, 437, 438, 439, 440, 441, 445, 446, 447, 469, 485, 497, 501, 502, 503, 509, 533, 549, 561, 565, 566, 567, 573, 629, 645, 657, 661, 662, 663, 669, 673, 677, 678, 679, 685, 689, 690, 691, 693, 694, 695, 696, 697, 701, 702, 703, 725, 741, 753, 757, 758, 759, 765, 821, 917, 933, 945, 949, 950, 951, 957, 1013]
x_182: [6, 18, 21, 22, 24, 30, 34, 37, 38, 40, 46, 49, 50, 52, 53, 54, 55, 56, 58, 61, 62, 64, 86, 102, 114, 117, 118, 120, 126, 130, 133, 134, 136, 142, 145, 146, 148, 149, 150, 151, 152, 154, 157, 158, 160, 161, 162, 164, 165, 166, 167, 168, 170, 173, 174, 176, 177, 178, 179, 180, 181, 183, 184, 185, 186, 188, 189, 190, 191, 192, 198, 210, 213, 214, 216, 222, 226, 229, 230, 232, 238, 241, 242, 244, 245, 246, 247, 248, 250, 253, 254, 256, 278, 294, 306, 309, 310, 312, 318, 374, 390, 402, 405, 406, 408, 414, 418, 421, 422, 424, 430, 433, 434, 436, 437, 438, 439, 440, 442, 445, 446, 448, 470, 486, 498, 501, 502, 504, 510, 534, 550, 562, 565, 566, 568, 574, 630, 646, 658, 661, 662, 664, 670, 674, 677, 678, 680, 686, 689, 690, 692, 693, 694, 695, 696, 698, 701, 702, 704, 726, 742, 754, 757, 758, 760, 766, 822, 918, 934, 946, 949, 950, 952, 958, 1014]
x_183: [7, 19, 21, 23, 24, 31, 35, 37, 39, 40, 47, 49, 51, 52, 53, 54, 55, 56, 59, 61, 63, 64, 87, 103, 115, 117, 119, 120, 127, 131, 133, 135, 136, 143, 145, 147, 148, 149, 150, 151, 152, 155, 157, 159, 160, 161, 163, 164, 165, 166, 167, 168, 171, 173, 175, 176, 177, 178, 179, 180, 181, 182, 184, 185, 187, 188, 189, 190, 191, 192, 199, 211, 213, 215, 216, 223, 227, 229, 231, 232, 239, 241, 243, 244, 245, 246, 247, 248, 251, 253, 255, 256, 279, 295, 307, 309, 311, 312, 319, 375, 391, 403, 405, 407, 408, 415, 419, 421, 423, 424, 431, 433, 435, 436, 437, 438, 439, 440, 443, 445, 447, 448, 471, 487, 499, 501, 503, 504, 511, 535, 551, 563, 565, 567, 568, 575, 631, 647, 659, 661, 663, 664, 671, 675, 677, 679, 680, 687, 689, 691, 692, 693, 694, 695, 696, 699, 701, 703, 704, 727, 743, 755, 757, 759, 760, 767, 823, 919, 935, 947, 949, 951, 952, 959, 1015]
x_184: [8, 20, 22, 23, 24, 32, 36, 38, 39, 40, 48, 50, 51, 52, 53, 54, 55, 56, 60, 62, 63, 64, 88, 104, 116, 118, 119, 120, 128, 132, 134, 135, 136, 144, 146, 147, 148, 149, 150, 151, 152, 156, 158, 159, 160, 162, 163, 164, 165, 166, 167, 168, 172, 174, 175, 176, 177, 178, 179, 180, 181, 182, 183, 186, 187, 188, 189, 190, 191, 192, 200, 212, 214, 215, 216, 224, 228, 230, 231, 232, 240, 242, 243, 244, 245, 246, 247, 248, 252, 254, 255, 256, 280, 296, 308, 310, 311, 312, 320, 376, 392, 404, 406, 407, 408, 416, 420, 422, 423, 424, 432, 434, 435, 436, 437, 438, 439, 440, 444, 446, 447, 448, 472, 488, 500, 502, 503, 504, 512, 536, 552, 564, 566, 567, 568, 576, 632, 648, 660, 662, 663, 664, 672, 676, 678, 679, 680, 688, 690, 691, 692, 693, 694, 695, 696, 700, 702, 703, 704, 728, 744, 756, 758, 759, 760, 768, 824, 920, 936, 948, 950, 951, 952, 960, 1016]
x_185: [9, 17, 25, 26, 27, 29, 33, 41, 42, 43, 45, 49, 50, 51, 53, 57, 58, 59, 60, 61, 62, 63, 89, 105, 113, 121, 122, 123, 125, 129, 137, 138, 139, 141, 145, 146, 147, 149, 153, 154, 155, 156, 157, 158, 159, 161, 162, 163, 165, 169, 170, 171, 172, 173, 174, 175, 177, 178, 179, 180, 181, 182, 183, 186, 187, 188, 189, 190, 191, 192, 201, 209, 217, 218, 219, 221, 225, 233, 234, 235, 237, 241, 242, 243, 245, 249, 250, 251, 252, 253, 254, 255, 281, 297, 305, 313, 314, 315, 317, 377, 393, 401, 409, 410, 411, 413, 417, 425, 426, 427, 429, 433, 434, 435, 437, 441, 442, 443, 444, 445, 446, 447, 473, 489, 497, 505, 506, 507, 509, 537, 553, 561, 569, 570, 571, 573, 633, 649, 657, 665, 666, 667, 669, 673, 681, 682, 683, 685, 689, 690, 691, 693, 697, 698, 699, 700, 701, 702, 703, 729, 745, 753, 761, 762, 763, 765, 825, 921, 937, 945, 953, 954, 955, 957, 1017]
x_186: [10, 18, 25, 26, 28, 30, 34, 41, 42, 44, 46, 49, 50, 52, 54, 57, 58, 59, 60, 61, 62, 64, 90, 106, 114, 121, 122, 124, 126, 130, 137, 138, 140, 142, 145, 146, 148, 150, 153, 154, 155, 156, 157, 158, 160, 161, 162, 164, 166, 169, 170, 171, 172, 173, 174, 176, 177, 178, 179, 180, 181, 182, 184, 185, 187, 188, 189, 190, 191, 192, 202, 210, 217, 218, 220, 222, 226, 233, 234, 236, 238, 241, 242, 244, 246, 249, 250, 251, 252, 253, 254, 256, 282, 298, 306, 313, 314, 316, 318, 378, 394, 402, 409, 410, 412, 414, 418, 425, 426, 428, 430, 433, 434, 436, 438, 441, 442, 443, 444, 445, 446, 448, 474, 490, 498, 505, 506, 508, 510, 538, 554, 562, 569, 570, 572, 574, 634, 650, 658, 665, 666, 668, 670, 674, 681, 682, 684, 686, 689, 690, 692, 694, 697, 698, 699, 700, 701, 702, 704, 730, 746, 754, 761, 762, 764, 766, 826, 922, 938, 946, 953, 954, 956, 958, 1018]
x_187: [11, 19, 25, 27, 28, 31, 35, 41, 43, 44, 47, 49, 51, 52, 55, 57, 58, 59, 60, 61, 63, 64, 91, 107, 115, 121, 123, 124, 127, 131, 137, 139, 140, 143, 145, 147, 148, 151, 153, 154, 155, 156, 157, 159, 160, 161, 163, 164, 167, 169, 170, 171, 172, 173, 175, 176, 177, 178, 179, 180, 181, 183, 184, 185, 186, 188, 189, 190, 191, 192, 203, 211, 217, 219, 220, 223, 227, 233, 235, 236, 239, 241, 243, 244, 247, 249, 250, 251, 252, 253, 255, 256, 283, 299, 307, 313, 315, 316, 319, 379, 395, 403, 409, 411, 412, 415, 419, 425, 427, 428, 431, 433, 435, 436, 439, 441, 442, 443, 444, 445, 447, 448, 475, 491, 499, 505, 507, 508, 511, 539, 555, 563, 569, 571, 572, 575, 635, 651, 659, 665, 667, 668, 671, 675, 681, 683, 684, 687, 689, 691, 692, 695, 697, 698, 699, 700, 701, 703, 704, 731, 747, 755, 761, 763, 764, 767, 827, 923, 939, 947, 953, 955, 956, 959, 1019]
x_188: [12, 20, 26, 27, 28, 32, 36, 42, 43, 44, 48, 50, 51, 52, 56, 57, 58, 59, 60, 62, 63, 64, 92, 108, 116, 122, 123, 124, 128, 132, 138, 139, 140, 144, 146, 147, 148, 152, 153, 154, 155, 156, 158, 159, 160, 162, 163, 164, 168, 169, 170, 171, 172, 174, 175, 176, 177, 178, 179, 180, 182, 183, 184, 185, 186, 187, 189, 190, 191, 192, 204, 212, 218, 219, 220, 224, 228, 234, 235, 236, 240, 242, 243, 244, 248, 249, 250, 251, 252, 254, 255, 256, 284, 300, 308, 314, 315, 316, 320, 380, 396, 404, 410, 411, 412, 416, 420, 426, 427, 428, 432, 434, 435, 436, 440, 441, 442, 443, 444, 446, 447, 448, 476, 492, 500, 506, 507, 508, 512, 540, 556, 564, 570, 571, 572, 576, 636, 652, 660, 666, 667, 668, 672, 676, 682, 683, 684, 688, 690, 691, 692, 696, 697, 698, 699, 700, 702, 703, 704, 732, 748, 756, 762, 763, 764, 768, 828, 924, 940, 948, 954, 955, 956, 960, 1020]
x_189: [13, 21, 25, 29, 30, 31, 37, 41, 45, 46, 47, 49, 53, 54, 55, 57, 58, 59, 61, 62, 63, 64, 93, 109, 117, 121, 125, 126, 127, 133, 137, 141, 142, 143, 145, 149, 150, 151, 153, 154, 155, 157, 158, 159, 160, 161, 165, 166, 167, 169, 170, 171, 173, 174, 175, 176, 177, 178, 179, 181, 182, 183, 184, 185, 186, 187, 188, 190, 191, 192, 205, 213, 217, 221, 222, 223, 229, 233, 237, 238, 239, 241, 245, 246, 247, 249, 250, 251, 253, 254, 255, 256, 285, 301, 309, 313, 317, 318, 319, 381, 397, 405, 409, 413, 414, 415, 421, 425, 429, 430, 431, 433, 437, 438, 439, 441, 442, 443, 445, 446, 447, 448, 477, 493, 501, 505, 509, 510, 511, 541, 557, 565, 569, 573, 574, 575, 637, 653, 661, 665, 669, 670, 671, 677, 681, 685, 686, 687, 689, 693, 694, 695, 697, 698, 699, 701, 702, 703, 704, 733, 749, 757, 761, 765, 766, 767, 829, 925, 941, 949, 953, 957, 958, 959, 1021]
x_190: [14, 22, 26, 29, 30, 32, 38, 42, 45, 46, 48, 50, 53, 54, 56, 57, 58, 60, 61, 62, 63, 64, 94, 110, 118, 122, 125, 126, 128, 134, 138, 141, 142, 144, 146, 149, 150, 152, 153, 154, 156, 157, 158, 159, 160, 162, 165, 166, 168, 169, 170, 172, 173, 174, 175, 176, 177, 178, 180, 181, 182, 183, 184, 185, 186, 187, 188, 189, 191, 192, 206, 214, 218, 221, 222, 224, 230, 234, 237, 238, 240, 242, 245, 246, 248, 249, 250, 252, 253, 254, 255, 256, 286, 302, 310, 314, 317, 318, 320, 382, 398, 406, 410, 413, 414, 416, 422, 426, 429, 430, 432, 434, 437, 438, 440, 441, 442, 444, 445, 446, 447, 448, 478, 494, 502, 506, 509, 510, 512, 542, 558, 566, 570, 573, 574, 576, 638, 654, 662, 666, 669, 670, 672, 678, 682, 685, 686, 688, 690, 693, 694, 696, 697, 698, 700, 701, 702, 703, 704, 734, 750, 758, 762, 765, 766, 768, 830, 926, 942, 950, 954, 957, 958, 960, 1022]
x_191: [15, 23, 27, 29, 31, 32, 39, 43, 45, 47, 48, 51, 53, 55, 56, 57, 59, 60, 61, 62, 63, 64, 95, 111, 119, 123, 125, 127, 128, 135, 139, 141, 143, 144, 147, 149, 151, 152, 153, 155, 156, 157, 158, 159, 160, 163, 165, 167, 168, 169, 171, 172, 173, 174, 175, 176, 177, 179, 180, 181, 182, 183, 184, 185, 186, 187, 188, 189, 190, 192, 207, 215, 219, 221, 223, 224, 231, 235, 237, 239, 240, 243, 245, 247, 248, 249, 251, 252, 253, 254, 255, 256, 287, 303, 311, 315, 317, 319, 320, 383, 399, 407, 411, 413, 415, 416, 423, 427, 429, 431, 432, 435, 437, 439, 440, 441, 443, 444, 445, 446, 447, 448, 479, 495, 503, 507, 509, 511, 512, 543, 559, 567, 571, 573, 575, 576, 639, 655, 663, 667, 669, 671, 672, 679, 683, 685, 687, 688, 691, 693, 695, 696, 697, 699, 700, 701, 702, 703, 704, 735, 751, 759, 763, 765, 767, 768, 831, 927, 943, 951, 955, 957, 959, 960, 1023]
x_192: [16, 24, 28, 30, 31, 32, 40, 44, 46, 47, 48, 52, 54, 55, 56, 58, 59, 60, 61, 62, 63, 64, 96, 112, 120, 124, 126, 127, 128, 136, 140, 142, 143, 144, 148, 150, 151, 152, 154, 155, 156, 157, 158, 159, 160, 164, 166, 167, 168, 170, 171, 172, 173, 174, 175, 176, 178, 179, 180, 181, 182, 183, 184, 185, 186, 187, 188, 189, 190, 191, 208, 216, 220, 222, 223, 224, 232, 236, 238, 239, 240, 244, 246, 247, 248, 250, 251, 252, 253, 254, 255, 256, 288, 304, 312, 316, 318, 319, 320, 384, 400, 408, 412, 414, 415, 416, 424, 428, 430, 431, 432, 436, 438, 439, 440, 442, 443, 444, 445, 446, 447, 448, 480, 496, 504, 508, 510, 511, 512, 544, 560, 568, 572, 574, 575, 576, 640, 656, 664, 668, 670, 671, 672, 680, 684, 686, 687, 688, 692, 694, 695, 696, 698, 699, 700, 701, 702, 703, 704, 736, 752, 760, 764, 766, 767, 768, 832, 928, 944, 952, 956, 958, 959, 960, 1024]
x_193: [1, 2, 3, 5, 9, 17, 33, 65, 66, 67, 68, 69, 70, 71, 73, 74, 75, 77, 81, 82, 83, 85, 89, 97, 98, 99, 101, 105, 113, 129, 130, 131, 132, 133, 134, 135, 137, 138, 139, 141, 145, 146, 147, 149, 153, 161, 162, 163, 165, 169, 177, 194, 195, 196, 197, 198, 199, 200, 201, 202, 203, 204, 205, 206, 207, 209, 210, 211, 212, 213, 214, 215, 217, 218, 219, 221, 225, 226, 227, 228, 229, 230, 231, 233, 234, 235, 237, 241, 242, 243, 245, 249, 257, 321, 322, 323, 325, 329, 337, 353, 385, 386, 387, 389, 393, 401, 417, 449, 450, 451, 452, 453, 454, 455, 457, 458, 459, 461, 465, 466, 467, 469, 473, 481, 482, 483, 485, 489, 497, 513, 577, 578, 579, 581, 585, 593, 609, 641, 642, 643, 645, 649, 657, 673, 705, 706, 707, 708, 709, 710, 711, 713, 714, 715, 717, 721, 722, 723, 725, 729, 737, 738, 739, 741, 745, 753, 833, 897, 961, 962, 963, 965, 969, 977, 993]
x_194: [1, 2, 4, 6, 10, 18, 34, 65, 66, 67, 68, 69, 70, 72, 73, 74, 76, 78, 81, 82, 84, 86, 90, 97, 98, 100, 102, 106, 114, 129, 130, 131, 132, 133, 134, 136, 137, 138, 140, 142, 145, 146, 148, 150, 154, 161, 162, 164, 166, 170, 178, 193, 195, 196, 197, 198, 199, 200, 201, 202, 203, 204, 205, 206, 208, 209, 210, 211, 212, 213, 214, 216, 217, 218, 220, 222, 225, 226, 227, 228, 229, 230, 232, 233, 234, 236, 238, 241, 242, 244, 246, 250, 258, 321, 322, 324, 326, 330, 338, 354, 385, 386, 388, 390, 394, 402, 418, 449, 450, 451, 452, 453, 454, 456, 457, 458, 460, 462, 465, 466, 468, 470, 474, 481, 482, 484, 486, 490, 498, 514, 577, 578, 580, 582, 586, 594, 610, 641, 642, 644, 646, 650, 658, 674, 705, 706, 707, 708, 709, 710, 712, 713, 714, 716, 718, 721, 722, 724, 726, 730, 737, 738, 740, 742, 746, 754, 834, 898, 961, 962, 964, 966, 970, 978, 994]
x_195: [1, 3, 4, 7, 11, 19, 35, 65, 66, 67, 68, 69, 71, 72, 73, 75, 76, 79, 81, 83, 84, 87, 91, 97, 99, 100, 103, 107, 115, 129, 130, 131, 132, 133, 135, 136, 137, 139, 140, 143, 145, 147, 148, 151, 155, 161, 163, 164, 167, 171, 179, 193, 194, 196, 197, 198, 199, 200, 201, 202, 203, 204, 205, 207, 208, 209, 210, 211, 212, 213, 215, 216, 217, 219, 220, 223, 225, 226, 227, 228, 229, 231, 232, 233, 235, 236, 239, 241, 243, 244, 247, 251, 259, 321, 323, 324, 327, 331, 339, 355, 385, 387, 388, 391, 395, 403, 419, 449, 450, 451, 452, 453, 455, 456, 457, 459, 460, 463, 465, 467, 468, 471, 475, 481, 483, 484, 487, 491, 499, 515, 577, 579, 580, 583, 587, 595, 611, 641, 643, 644, 647, 651, 659, 675, 705, 706, 707, 708, 709, 711, 712, 713, 715, 716, 719, 721, 723, 724, 727, 731, 737, 739, 740, 743, 747, 755, 835, 899, 961, 963, 964, 967, 971, 979, 995]
x_196: [2, 3, 4, 8, 12, 20, 36, 65, 66, 67, 68, 70, 71, 72, 74, 75, 76, 80, 82, 83, 84, 88, 92, 98, 99, 100, 104, 108, 116, 129, 130, 131, 132, 134, 135, 136, 138, 139, 140, 144, 146, 147, 148, 152, 156, 162, 163, 164, 168, 172, 180, 193, 194, 195, 197, 198, 199, 200, 201, 202, 203, 204, 206, 207, 208, 209, 210, 211, 212, 214, 215, 216, 218, 219, 220, 224, 225, 226, 227, 228, 230, 231, 232, 234, 235, 236, 240, 242, 243, 244, 248, 252, 260, 322, 323, 324, 328, 332, 340, 356, 386, 387, 388, 392, 396, 404, 420, 449, 450, 451, 452, 454, 455, 456, 458, 459, 460, 464, 466, 467, 468, 472, 476, 482, 483, 484, 488, 492, 500, 516, 578, 579, 580, 584, 588, 596, 612, 642, 643, 644, 648, 652, 660, 676, 705, 706, 707, 708, 710, 711, 712, 714, 715, 716, 720, 722, 723, 724, 728, 732, 738, 739, 740, 744, 748, 756, 836, 900, 962, 963, 964, 968, 972, 980, 996]
x_197: [1, 5, 6, 7, 13, 21, 37, 65, 66, 67, 69, 70, 71, 72, 73, 77, 78, 79, 81, 85, 86, 87, 93, 97, 101, 102, 103, 109, 117, 129, 130, 131, 133, 134, 135, 136, 137, 141, 142, 143, 145, 149, 150, 151, 157, 161, 165, 166, 167, 173, 181, 193, 194, 195, 196, 198, 199, 200, 201, 202, 203, 205, 206, 207, 208, 209, 210, 211, 213, 214, 215, 216, 217, 221, 222, 223, 225, 226, 227, 229, 230, 231, 232, 233, 237, 238, 239, 241, 245, 246, 247, 253, 261, 321, 325, 326, 327, 333, 341, 357, 385, 389, 390, 391, 397, 405, 421, 449, 450, 451, 453, 454, 455, 456, 457, 461, 462, 463, 465, 469, 470, 471, 477, 481, 485, 486, 487, 493, 501, 517, 577, 581, 582, 583, 589, 597, 613, 641, 645, 646, 647, 653, 661, 677, 705, 706, 707, 709, 710, 711, 712, 713, 717, 718, 719, 721, 725, 726, 727, 733, 737, 741, 742, 743, 749, 757, 837, 901, 961, 965, 966, 967, 973, 981, 997]
x_198: [2, 5, 6, 8, 14, 22, 38, 65, 66, 68, 69, 70, 71, 72, 74, 77, 78, 80, 82, 85, 86, 88, 94, 98, 101, 102, 104, 110, 118, 129, 130, 132, 133, 134, 135, 136, 138, 141, 142, 144, 146, 149, 150, 152, 158, 162, 165, 166, 168, 174, 182, 193, 194, 195, 196, 197, 199, 200, 201, 202, 204, 205, 206, 207, 208, 209, 210, 212, 213, 214, 215, 216, 218, 221, 222, 224, 225, 226, 228, 229, 230, 231, 232, 234, 237, 238, 240, 242, 245, 246, 248, 254, 262, 322, 325, 326, 328, 334, 342, 358, 386, 389, 390, 392, 398, 406, 422, 449, 450, 452, 453, 454, 455, 456, 458, 461, 462, 464, 466, 469, 470, 472, 478, 482, 485, 486, 488, 494, 502, 518, 578, 581, 582, 584, 590, 598, 614, 642, 645, 646, 648, 654, 662, 678, 705, 706, 708, 709, 710, 711, 712, 714, 717, 718, 720, 722, 725, 726, 728, 734, 738, 741, 742, 744, 750, 758, 838, 902, 962, 965, 966, 968, 974, 982, 998]
x_199: [3, 5, 7, 8, 15, 23, 39, 65, 67, 68, 69, 70, 71, 72, 75, 77, 79, 80, 83, 85, 87, 88, 95, 99, 101, 103, 104, 111, 119, 129, 131, 132, 133, 134, 135, 136, 139, 141, 143, 144, 147, 149, 151, 152, 159, 163, 165, 167, 168, 175, 183, 193, 194, 195, 196, 197, 198, 200, 201, 203, 204, 205, 206, 207, 208, 209, 211, 212, 213, 214, 215, 216, 219, 221, 223, 224, 225, 227, 228, 229, 230, 231, 232, 235, 237, 239, 240, 243, 245, 247, 248, 255, 263, 323, 325, 327, 328, 335, 343, 359, 387, 389, 391, 392, 399, 407, 423, 449, 451, 452, 453, 454, 455, 456, 459, 461, 463, 464, 467, 469, 471, 472, 479, 483, 485, 487, 488, 495, 503, 519, 579, 581, 583, 584, 591, 599, 615, 643, 645, 647, 648, 655, 663, 679, 705, 707, 708, 709, 710, 711, 712, 715, 717, 719, 720, 723, 725, 727, 728, 735, 739, 741, 743, 744, 751, 759, 839, 903, 963, 965, 967, 968, 975, 983, 999]
x_200: [4, 6, 7, 8, 16, 24, 40, 66, 67, 68, 69, 70, 71, 72, 76, 78, 79, 80, 84, 86, 87, 88, 96, 100, 102, 103, 104, 112, 120, 130, 131, 132, 133, 134, 135, 136, 140, 142, 143, 144, 148, 150, 151, 152, 160, 164, 166, 167, 168, 176, 184, 193, 194, 195, 196, 197, 198, 199, 202, 203, 204, 205, 206, 207, 208, 210, 211, 212, 213, 214, 215, 216, 220, 222, 223, 224, 226, 227, 228, 229, 230, 231, 232, 236, 238, 239, 240, 244, 246, 247, 248, 256, 264, 324, 326, 327, 328, 336, 344, 360, 388, 390, 391, 392, 400, 408, 424, 450, 451, 452, 453, 454, 455, 456, 460, 462, 463, 464, 468, 470, 471, 472, 480, 484, 486, 487, 488, 496, 504, 520, 580, 582, 583, 584, 592, 600, 616, 644, 646, 647, 648, 656, 664, 680, 706, 707, 708, 709, 710, 711, 712, 716, 718, 719, 720, 724, 726, 727, 728, 736, 740, 742, 743, 744, 752, 760, 840, 904, 964, 966, 967, 968, 976, 984, 1000]
x_201: [1, 9, 10, 11, 13, 25, 41, 65, 66, 67, 69, 73, 74, 75, 76, 77, 78, 79, 81, 89, 90, 91, 93, 97, 105, 106, 107, 109, 121, 129, 130, 131, 133, 137, 138, 139, 140, 141, 142, 143, 145, 153, 154, 155, 157, 161, 169, 170, 171, 173, 185, 193, 194, 195, 196, 197, 198, 199, 202, 203, 204, 205, 206, 207, 208, 209, 210, 211, 213, 217, 218, 219, 220, 221, 222, 223, 225, 226, 227, 229, 233, 234, 235, 236, 237, 238, 239, 241, 249, 250, 251, 253, 265, 321, 329, 330, 331, 333, 345, 361, 385, 393, 394, 395, 397, 409, 425, 449, 450, 451, 453, 457, 458, 459, 460, 461, 462, 463, 465, 473, 474, 475, 477, 481, 489, 490, 491, 493, 505, 521, 577, 585, 586, 587, 589, 601, 617, 641, 649, 650, 651, 653, 665, 681, 705, 706, 707, 709, 713, 714, 715, 716, 717, 718, 719, 721, 729, 730, 731, 733, 737, 745, 746, 747, 749, 761, 841, 905, 961, 969, 970, 971, 973, 985, 1001]
x_202: [2, 9, 10, 12, 14, 26, 42, 65, 66, 68, 70, 73, 74, 75, 76, 77, 78, 80, 82, 89, 90, 92, 94, 98, 105, 106, 108, 110, 122, 129, 130, 132, 134, 137, 138, 139, 140, 141, 142, 144, 146, 153, 154, 156, 158, 162, 169, 170, 172, 174, 186, 193, 194, 195, 196, 197, 198, 200, 201, 203, 204, 205, 206, 207, 208, 209, 210, 212, 214, 217, 218, 219, 220, 221, 222, 224, 225, 226, 228, 230, 233, 234, 235, 236, 237, 238, 240, 242, 249, 250, 252, 254, 266, 322, 329, 330, 332, 334, 346, 362, 386, 393, 394, 396, 398, 410, 426, 449, 450, 452, 454, 457, 458, 459, 460, 461, 462, 464, 466, 473, 474, 476, 478, 482, 489, 490, 492, 494, 506, 522, 578, 585, 586, 588, 590, 602, 618, 642, 649, 650, 652, 654, 666, 682, 705, 706, 708, 710, 713, 714, 715, 716, 717, 718, 720, 722, 729, 730, 732, 734, 738, 745, 746, 748, 750, 762, 842, 906, 962, 969, 970, 972, 974, 986, 1002]
x_203: [3, 9, 11, 12, 15, 27, 43, 65, 67, 68, 71, 73, 74, 75, 76, 77, 79, 80, 83, 89, 91, 92, 95, 99, 105, 107, 108, 111, 123, 129, 131, 132, 135, 137, 138, 139, 140, 141, 143, 144, 147, 153, 155, 156, 159, 163, 169, 171, 172, 175, 187, 193, 194, 195, 196, 197, 199, 200, 201, 202, 204, 205, 206, 207, 208, 209, 211, 212, 215, 217, 218, 219, 220, 221, 223, 224, 225, 227, 228, 231, 233, 234, 235, 236, 237, 239, 240, 243, 249, 251, 252, 255, 267, 323, 329, 331, 332, 335, 347, 363, 387, 393, 395, 396, 399, 411, 427, 449, 451, 452, 455, 457, 458, 459, 460, 461, 463, 464, 467, 473, 475, 476, 479, 483, 489, 491, 492, 495, 507, 523, 579, 585, 587, 588, 591, 603, 619, 643, 649, 651, 652, 655, 667, 683, 705, 707, 708, 711, 713, 714, 715, 716, 717, 719, 720, 723, 729, 731, 732, 735, 739, 745, 747, 748, 751, 763, 843, 907, 963, 969, 971, 972, 975, 987, 1003]
x_204: [4, 10, 11, 12, 16, 28, 44, 66, 67, 68, 72, 73, 74, 75, 76, 78, 79, 80, 84, 90, 91, 92, 96, 100, 106, 107, 108, 112, 124, 130, 131, 132, 136, 137, 138, 139, 140, 142, 143, 144, 148, 154, 155, 156, 160, 164, 170, 171, 172, 176, 188, 193, 194, 195, 196, 198, 199, 200, 201, 202, 203, 205, 206, 207, 208, 210, 211, 212, 216, 217, 218, 219, 220, 222, 223, 224, 226, 227, 228, 232, 233, 234, 235, 236, 238, 239, 240, 244, 250, 251, 252, 256, 268, 324, 330, 331, 332, 336, 348, 364, 388, 394, 395, 396, 400, 412, 428, 450, 451, 452, 456, 457, 458, 459, 460, 462, 463, 464, 468, 474, 475, 476, 480, 484, 490, 491, 492, 496, 508, 524, 580, 586, 587, 588, 592, 604, 620, 644, 650, 651, 652, 656, 668, 684, 706, 707, 708, 712, 713, 714, 715, 716, 718, 719, 720, 724, 730, 731, 732, 736, 740, 746, 747, 748, 752, 764, 844, 908, 964, 970, 971, 972, 976, 988, 1004]
x_205: [5, 9, 13, 14, 15, 29, 45, 65, 69, 70, 71, 73, 74, 75, 77, 78, 79, 80, 85, 89, 93, 94, 95, 101, 105, 109, 110, 111, 125, 129, 133, 134, 135, 137, 138, 139, 141, 142, 143, 144, 149, 153, 157, 158, 159, 165, 169, 173, 174, 175, 189, 193, 194, 195, 197, 198, 199, 200, 201, 202, 203, 204, 206, 207, 208, 209, 213, 214, 215, 217, 218, 219, 221, 222, 223, 224, 225, 229, 230, 231, 233, 234, 235, 237, 238, 239, 240, 245, 249, 253, 254, 255, 269, 325, 329, 333, 334, 335, 349, 365, 389, 393, 397, 398, 399, 413, 429, 449, 453, 454, 455, 457, 458, 459, 461, 462, 463, 464, 469, 473, 477, 478, 479, 485, 489, 493, 494, 495, 509, 525, 581, 585, 589, 590, 591, 605, 621, 645, 649, 653, 654, 655, 669, 685, 705, 709, 710, 711, 713, 714, 715, 717, 718, 719, 720, 725, 729, 733, 734, 735, 741, 745, 749, 750, 751, 765, 845, 909, 965, 969, 973, 974, 975, 989, 1005]
x_206: [6, 10, 13, 14, 16, 30, 46, 66, 69, 70, 72, 73, 74, 76, 77, 78, 79, 80, 86, 90, 93, 94, 96, 102, 106, 109, 110, 112, 126, 130, 133, 134, 136, 137, 138, 140, 141, 142, 143, 144, 150, 154, 157, 158, 160, 166, 170, 173, 174, 176, 190, 193, 194, 196, 197, 198, 199, 200, 201, 202, 203, 204, 205, 207, 208, 210, 213, 214, 216, 217, 218, 220, 221, 222, 223, 224, 226, 229, 230, 232, 233, 234, 236, 237, 238, 239, 240, 246, 250, 253, 254, 256, 270, 326, 330, 333, 334, 336, 350, 366, 390, 394, 397, 398, 400, 414, 430, 450, 453, 454, 456, 457, 458, 460, 461, 462, 463, 464, 470, 474, 477, 478, 480, 486, 490, 493, 494, 496, 510, 526, 582, 586, 589, 590, 592, 606, 622, 646, 650, 653, 654, 656, 670, 686, 706, 709, 710, 712, 713, 714, 716, 717, 718, 719, 720, 726, 730, 733, 734, 736, 742, 746, 749, 750, 752, 766, 846, 910, 966, 970, 973, 974, 976, 990, 1006]
x_207: [7, 11, 13, 15, 16, 31, 47, 67, 69, 71, 72, 73, 75, 76, 77, 78, 79, 80, 87, 91, 93, 95, 96, 103, 107, 109, 111, 112, 127, 131, 133, 135, 136, 137, 139, 140, 141, 142, 143, 144, 151, 155, 157, 159, 160, 167, 171, 173, 175, 176, 191, 193, 195, 196, 197, 198, 199, 200, 201, 202, 203, 204, 205, 206, 208, 211, 213, 215, 216, 217, 219, 220, 221, 222, 223, 224, 227, 229, 231, 232, 233, 235, 236, 237, 238, 239, 240, 247, 251, 253, 255, 256, 271, 327, 331, 333, 335, 336, 351, 367, 391, 395, 397, 399, 400, 415, 431, 451, 453, 455, 456, 457, 459, 460, 461, 462, 463, 464, 471, 475, 477, 479, 480, 487, 491, 493, 495, 496, 511, 527, 583, 587, 589, 591, 592, 607, 623, 647, 651, 653, 655, 656, 671, 687, 707, 709, 711, 712, 713, 715, 716, 717, 718, 719, 720, 727, 731, 733, 735, 736, 743, 747, 749, 751, 752, 767, 847, 911, 967, 971, 973, 975, 976, 991, 1007]
x_208: [8, 12, 14, 15, 16, 32, 48, 68, 70, 71, 72, 74, 75, 76, 77, 78, 79, 80, 88, 92, 94, 95, 96, 104, 108, 110, 111, 112, 128, 132, 134, 135, 136, 138, 139, 140, 141, 142, 143, 144, 152, 156, 158, 159, 160, 168, 172, 174, 175, 176, 192, 194, 195, 196, 197, 198, 199, 200, 201, 202, 203, 204, 205, 206, 207, 212, 214, 215, 216, 218, 219, 220, 221, 222, 223, 224, 228, 230, 231, 232, 234, 235, 236, 237, 238, 239, 240, 248, 252, 254, 255, 256, 272, 328, 332, 334, 335, 336, 352, 368, 392, 396, 398, 399, 400, 416, 432, 452, 454, 455, 456, 458, 459, 460, 461, 462, 463, 464, 472, 476, 478, 479, 480, 488, 492, 494, 495, 496, 512, 528, 584, 588, 590, 591, 592, 608, 624, 648, 652, 654, 655, 656, 672, 688, 708, 710, 711, 712, 714, 715, 716, 717, 718, 719, 720, 728, 732, 734, 735, 736, 744, 748, 750, 751, 752, 768, 848, 912, 968, 972, 974, 975, 976, 992, 1008]
x_209: [1, 17, 18, 19, 21, 25, 49, 65, 66, 67, 69, 73, 81, 82, 83, 84, 85, 86, 87, 89, 90, 91, 93, 97, 113, 114, 115, 117, 121, 129, 130, 131, 133, 137, 145, 146, 147, 148, 149, 150, 151, 153, 154, 155, 157, 161, 177, 178, 179, 181, 185, 193, 194, 195, 196, 197, 198, 199, 201, 202, 203, 205, 210, 211, 212, 213, 214, 215, 216, 217, 218, 219, 220, 221, 222, 223, 225, 226, 227, 229, 233, 241, 242, 243, 244, 245, 246, 247, 249, 250, 251, 253, 273, 321, 337, 338, 339, 341, 345, 369, 385, 401, 402, 403, 405, 409, 433, 449, 450, 451, 453, 457, 465, 466, 467, 468, 469, 470, 471, 473, 474, 475, 477, 481, 497, 498, 499, 501, 505, 529, 577, 593, 594, 595, 597, 601, 625, 641, 657, 658, 659, 661, 665, 689, 705, 706, 707, 709, 713, 721, 722, 723, 724, 725, 726, 727, 729, 730, 731, 733, 737, 753, 754, 755, 757, 761, 849, 913, 961, 977, 978, 979, 981, 985, 1009]
x_210: [2, 17, 18, 20, 22, 26, 50, 65, 66, 68, 70, 74, 81, 82, 83, 84, 85, 86, 88, 89, 90, 92, 94, 98, 113, 114, 116, 118, 122, 129, 130, 132, 134, 138, 145, 146, 147, 148, 149, 150, 152, 153, 154, 156, 158, 162, 177, 178, 180, 182, 186, 193, 194, 195, 196, 197, 198, 200, 201, 202, 204, 206, 209, 211, 212, 213, 214, 215, 216, 217, 218, 219, 220, 221, 222, 224, 225, 226, 228, 230, 234, 241, 242, 243, 244, 245, 246, 248, 249, 250, 252, 254, 274, 322, 337, 338, 340, 342, 346, 370, 386, 401, 402, 404, 406, 410, 434, 449, 450, 452, 454, 458, 465, 466, 467, 468, 469, 470, 472, 473, 474, 476, 478, 482, 497, 498, 500, 502, 506, 530, 578, 593, 594, 596, 598, 602, 626, 642, 657, 658, 660, 662, 666, 690, 705, 706, 708, 710, 714, 721, 722, 723, 724, 725, 726, 728, 729, 730, 732, 734, 738, 753, 754, 756, 758, 762, 850, 914, 962, 977, 978, 980, 982, 986, 1010]
x_211: [3, 17, 19, 20, 23, 27, 51, 65, 67, 68, 71, 75, 81, 82, 83, 84, 85, 87, 88, 89, 91, 92, 95, 99, 113, 115, 116, 119, 123, 129, 131, 132, 135, 139, 145, 146, 147, 148, 149, 151, 152, 153, 155, 156, 159, 163, 177, 179, 180, 183, 187, 193, 194, 195, 196, 197, 199, 200, 201, 203, 204, 207, 209, 210, 212, 213, 214, 215, 216, 217, 218, 219, 220, 221, 223, 224, 225, 227, 228, 231, 235, 241, 242, 243, 244, 245, 247, 248, 249, 251, 252, 255, 275, 323, 337, 339, 340, 343, 347, 371, 387, 401, 403, 404, 407, 411, 435, 449, 451, 452, 455, 459, 465, 466, 467, 468, 469, 471, 472, 473, 475, 476, 479, 483, 497, 499, 500, 503, 507, 531, 579, 593, 595, 596, 599, 603, 627, 643, 657, 659, 660, 663, 667, 691, 705, 707, 708, 711, 715, 721, 722, 723, 724, 725, 727, 728, 729, 731, 732, 735, 739, 753, 755, 756, 759, 763, 851, 915, 963, 977, 979, 980, 983, 987, 1011]
x_212: [4, 18, 19, 20, 24, 28, 52, 66, 67, 68, 72, 76, 81, 82, 83, 84, 86, 87, 88, 90, 91, 92, 96, 100, 114, 115, 116, 120, 124, 130, 131, 132, 136, 140, 145, 146, 147, 148, 150, 151, 152, 154, 155, 156, 160, 164, 178, 179, 180, 184, 188, 193, 194, 195, 196, 198, 199, 200, 202, 203, 204, 208, 209, 210, 211, 213, 214, 215, 216, 217, 218, 219, 220, 222, 223, 224, 226, 227, 228, 232, 236, 241, 242, 243, 244, 246, 247, 248, 250, 251, 252, 256, 276, 324, 338, 339, 340, 344, 348, 372, 388, 402, 403, 404, 408, 412, 436, 450, 451, 452, 456, 460, 465, 466, 467, 468, 470, 471, 472, 474, 475, 476, 480, 484, 498, 499, 500, 504, 508, 532, 580, 594, 595, 596, 600, 604, 628, 644, 658, 659, 660, 664, 668, 692, 706, 707, 708, 712, 716, 721, 722, 723, 724, 726, 727, 728, 730, 731, 732, 736, 740, 754, 755, 756, 760, 764, 852, 916, 964, 978, 979, 980, 984, 988, 1012]
x_213: [5, 17, 21, 22, 23, 29, 53, 65, 69, 70, 71, 77, 81, 82, 83, 85, 86, 87, 88, 89, 93, 94, 95, 101, 113, 117, 118, 119, 125, 129, 133, 134, 135, 141, 145, 146, 147, 149, 150, 151, 152, 153, 157, 158, 159, 165, 177, 181, 182, 183, 189, 193, 194, 195, 197, 198, 199, 200, 201, 205, 206, 207, 209, 210, 211, 212, 214, 215, 216, 217, 218, 219, 221, 222, 223, 224, 225, 229, 230, 231, 237, 241, 242, 243, 245, 246, 247, 248, 249, 253, 254, 255, 277, 325, 337, 341, 342, 343, 349, 373, 389, 401, 405, 406, 407, 413, 437, 449, 453, 454, 455, 461, 465, 466, 467, 469, 470, 471, 472, 473, 477, 478, 479, 485, 497, 501, 502, 503, 509, 533, 581, 593, 597, 598, 599, 605, 629, 645, 657, 661, 662, 663, 669, 693, 705, 709, 710, 711, 717, 721, 722, 723, 725, 726, 727, 728, 729, 733, 734, 735, 741, 753, 757, 758, 759, 765, 853, 917, 965, 977, 981, 982, 983, 989, 1013]
x_214: [6, 18, 21, 22, 24, 30, 54, 66, 69, 70, 72, 78, 81, 82, 84, 85, 86, 87, 88, 90, 93, 94, 96, 102, 114, 117, 118, 120, 126, 130, 133, 134, 136, 142, 145, 146, 148, 149, 150, 151, 152, 154, 157, 158, 160, 166, 178, 181, 182, 184, 190, 193, 194, 196, 197, 198, 199, 200, 202, 205, 206, 208, 209, 210, 211, 212, 213, 215, 216, 217, 218, 220, 221, 222, 223, 224, 226, 229, 230, 232, 238, 241, 242, 244, 245, 246, 247, 248, 250, 253, 254, 256, 278, 326, 338, 341, 342, 344, 350, 374, 390, 402, 405, 406, 408, 414, 438, 450, 453, 454, 456, 462, 465, 466, 468, 469, 470, 471, 472, 474, 477, 478, 480, 486, 498, 501, 502, 504, 510, 534, 582, 594, 597, 598, 600, 606, 630, 646, 658, 661, 662, 664, 670, 694, 706, 709, 710, 712, 718, 721, 722, 724, 725, 726, 727, 728, 730, 733, 734, 736, 742, 754, 757, 758, 760, 766, 854, 918, 966, 978, 981, 982, 984, 990, 1014]
x_215: [7, 19, 21, 23, 24, 31, 55, 67, 69, 71, 72, 79, 81, 83, 84, 85, 86, 87, 88, 91, 93, 95, 96, 103, 115, 117, 119, 120, 127, 131, 133, 135, 136, 143, 145, 147, 148, 149, 150, 151, 152, 155, 157, 159, 160, 167, 179, 181, 183, 184, 191, 193, 195, 196, 197, 198, 199, 200, 203, 205, 207, 208, 209, 210, 211, 212, 213, 214, 216, 217, 219, 220, 221, 222, 223, 224, 227, 229, 231, 232, 239, 241, 243, 244, 245, 246, 247, 248, 251, 253, 255, 256, 279, 327, 339, 341, 343, 344, 351, 375, 391, 403, 405, 407, 408, 415, 439, 451, 453, 455, 456, 463, 465, 467, 468, 469, 470, 471, 472, 475, 477, 479, 480, 487, 499, 501, 503, 504, 511, 535, 583, 595, 597, 599, 600, 607, 631, 647, 659, 661, 663, 664, 671, 695, 707, 709, 711, 712, 719, 721, 723, 724, 725, 726, 727, 728, 731, 733, 735, 736, 743, 755, 757, 759, 760, 767, 855, 919, 967, 979, 981, 983, 984, 991, 1015]
x_216: [8, 20, 22, 23, 24, 32, 56, 68, 70, 71, 72, 80, 82, 83, 84, 85, 86, 87, 88, 92, 94, 95, 96, 104, 116, 118, 119, 120, 128, 132, 134, 135, 136, 144, 146, 147, 148, 149, 150, 151, 152, 156, 158, 159, 160, 168, 180, 182, 183, 184, 192, 194, 195, 196, 197, 198, 199, 200, 204, 206, 207, 208, 209, 210, 211, 212, 213, 214, 215, 218, 219, 220, 221, 222, 223, 224, 228, 230, 231, 232, 240, 242, 243, 244, 245, 246, 247, 248, 252, 254, 255, 256, 280, 328, 340, 342, 343, 344, 352, 376, 392, 404, 406, 407, 408, 416, 440, 452, 454, 455, 456, 464, 466, 467, 468, 469, 470, 471, 472, 476, 478, 479, 480, 488, 500, 502, 503, 504, 512, 536, 584, 596, 598, 599, 600, 608, 632, 648, 660, 662, 663, 664, 672, 696, 708, 710, 711, 712, 720, 722, 723, 724, 725, 726, 727, 728, 732, 734, 735, 736, 744, 756, 758, 759, 760, 768, 856, 920, 968, 980, 982, 983, 984, 992, 1016]
x_217: [9, 17, 25, 26, 27, 29, 57, 65, 73, 74, 75, 77, 81, 82, 83, 85, 89, 90, 91, 92, 93, 94, 95, 105, 113, 121, 122, 123, 125, 129, 137, 138, 139, 141, 145, 146, 147, 149, 153, 154, 155, 156, 157, 158, 159, 169, 177, 185, 186, 187, 189, 193, 194, 195, 197, 201, 202, 203, 204, 205, 206, 207, 209, 210, 211, 212, 213, 214, 215, 218, 219, 220, 221, 222, 223, 224, 225, 233, 234, 235, 237, 241, 242, 243, 245, 249, 250, 251, 252, 253, 254, 255, 281, 329, 337, 345, 346, 347, 349, 377, 393, 401, 409, 410, 411, 413, 441, 449, 457, 458, 459, 461, 465, 466, 467, 469, 473, 474, 475, 476, 477, 478, 479, 489, 497, 505, 506, 507, 509, 537, 585, 593, 601, 602, 603, 605, 633, 649, 657, 665, 666, 667, 669, 697, 705, 713, 714, 715, 717, 721, 722, 723, 725, 729, 730, 731, 732, 733, 734, 735, 745, 753, 761, 762, 763, 765, 857, 921, 969, 977, 985, 986, 987, 989, 1017]
x_218: [10, 18, 25, 26, 28, 30, 58, 66, 73, 74, 76, 78, 81, 82, 84, 86, 89, 90, 91, 92, 93, 94, 96, 106, 114, 121, 122, 124, 126, 130, 137, 138, 140, 142, 145, 146, 148, 150, 153, 154, 155, 156, 157, 158, 160, 170, 178, 185, 186, 188, 190, 193, 194, 196, 198, 201, 202, 203, 204, 205, 206, 208, 209, 210, 211, 212, 213, 214, 216, 217, 219, 220, 221, 222, 223, 224, 226, 233, 234, 236, 238, 241, 242, 244, 246, 249, 250, 251, 252, 253, 254, 256, 282, 330, 338, 345, 346, 348, 350, 378, 394, 402, 409, 410, 412, 414, 442, 450, 457, 458, 460, 462, 465, 466, 468, 470, 473, 474, 475, 476, 477, 478, 480, 490, 498, 505, 506, 508, 510, 538, 586, 594, 601, 602, 604, 606, 634, 650, 658, 665, 666, 668, 670, 698, 706, 713, 714, 716, 718, 721, 722, 724, 726, 729, 730, 731, 732, 733, 734, 736, 746, 754, 761, 762, 764, 766, 858, 922, 970, 978, 985, 986, 988, 990, 1018]
x_219: [11, 19, 25, 27, 28, 31, 59, 67, 73, 75, 76, 79, 81, 83, 84, 87, 89, 90, 91, 92, 93, 95, 96, 107, 115, 121, 123, 124, 127, 131, 137, 139, 140, 143, 145, 147, 148, 151, 153, 154, 155, 156, 157, 159, 160, 171, 179, 185, 187, 188, 191, 193, 195, 196, 199, 201, 202, 203, 204, 205, 207, 208, 209, 210, 211, 212, 213, 215, 216, 217, 218, 220, 221, 222, 223, 224, 227, 233, 235, 236, 239, 241, 243, 244, 247, 249, 250, 251, 252, 253, 255, 256, 283, 331, 339, 345, 347, 348, 351, 379, 395, 403, 409, 411, 412, 415, 443, 451, 457, 459, 460, 463, 465, 467, 468, 471, 473, 474, 475, 476, 477, 479, 480, 491, 499, 505, 507, 508, 511, 539, 587, 595, 601, 603, 604, 607, 635, 651, 659, 665, 667, 668, 671, 699, 707, 713, 715, 716, 719, 721, 723, 724, 727, 729, 730, 731, 732, 733, 735, 736, 747, 755, 761, 763, 764, 767, 859, 923, 971, 979, 985, 987, 988, 991, 1019]
x_220: [12, 20, 26, 27, 28, 32, 60, 68, 74, 75, 76, 80, 82, 83, 84, 88, 89, 90, 91, 92, 94, 95, 96, 108, 116, 122, 123, 124, 128, 132, 138, 139, 140, 144, 146, 147, 148, 152, 153, 154, 155, 156, 158, 159, 160, 172, 180, 186, 187, 188, 192, 194, 195, 196, 200, 201, 202, 203, 204, 206, 207, 208, 209, 210, 211, 212, 214, 215, 216, 217, 218, 219, 221, 222, 223, 224, 228, 234, 235, 236, 240, 242, 243, 244, 248, 249, 250, 251, 252, 254, 255, 256, 284, 332, 340, 346, 347, 348, 352, 380, 396, 404, 410, 411, 412, 416, 444, 452, 458, 459, 460, 464, 466, 467, 468, 472, 473, 474, 475, 476, 478, 479, 480, 492, 500, 506, 507, 508, 512, 540, 588, 596, 602, 603, 604, 608, 636, 652, 660, 666, 667, 668, 672, 700, 708, 714, 715, 716, 720, 722, 723, 724, 728, 729, 730, 731, 732, 734, 735, 736, 748, 756, 762, 763, 764, 768, 860, 924, 972, 980, 986, 987, 988, 992, 1020]
x_221: [13, 21, 25, 29, 30, 31, 61, 69, 73, 77, 78, 79, 81, 85, 86, 87, 89, 90, 91, 93, 94, 95, 96, 109, 117, 121, 125, 126, 127, 133, 137, 141, 142, 143, 145, 149, 150, 151, 153, 154, 155, 157, 158, 159, 160, 173, 181, 185, 189, 190, 191, 193, 197, 198, 199, 201, 202, 203, 205, 206, 207, 208, 209, 210, 211, 213, 214, 215, 216, 217, 218, 219, 220, 222, 223, 224, 229, 233, 237, 238, 239, 241, 245, 246, 247, 249, 250, 251, 253, 254, 255, 256, 285, 333, 341, 345, 349, 350, 351, 381, 397, 405, 409, 413, 414, 415, 445, 453, 457, 461, 462, 463, 465, 469, 470, 471, 473, 474, 475, 477, 478, 479, 480, 493, 501, 505, 509, 510, 511, 541, 589, 597, 601, 605, 606, 607, 637, 653, 661, 665, 669, 670, 671, 701, 709, 713, 717, 718, 719, 721, 725, 726, 727, 729, 730, 731, 733, 734, 735, 736, 749, 757, 761, 765, 766, 767, 861, 925, 973, 981, 985, 989, 990, 991, 1021]
x_222: [14, 22, 26, 29, 30, 32, 62, 70, 74, 77, 78, 80, 82, 85, 86, 88, 89, 90, 92, 93, 94, 95, 96, 110, 118, 122, 125, 126, 128, 134, 138, 141, 142, 144, 146, 149, 150, 152, 153, 154, 156, 157, 158, 159, 160, 174, 182, 186, 189, 190, 192, 194, 197, 198, 200, 201, 202, 204, 205, 206, 207, 208, 209, 210, 212, 213, 214, 215, 216, 217, 218, 219, 220, 221, 223, 224, 230, 234, 237, 238, 240, 242, 245, 246, 248, 249, 250, 252, 253, 254, 255, 256, 286, 334, 342, 346, 349, 350, 352, 382, 398, 406, 410, 413, 414, 416, 446, 454, 458, 461, 462, 464, 466, 469, 470, 472, 473, 474, 476, 477, 478, 479, 480, 494, 502, 506, 509, 510, 512, 542, 590, 598, 602, 605, 606, 608, 638, 654, 662, 666, 669, 670, 672, 702, 710, 714, 717, 718, 720, 722, 725, 726, 728, 729, 730, 732, 733, 734, 735, 736, 750, 758, 762, 765, 766, 768, 862, 926, 974, 982, 986, 989, 990, 992, 1022]
x_223: [15, 23, 27, 29, 31, 32, 63, 71, 75, 77, 79, 80, 83, 85, 87, 88, 89, 91, 92, 93, 94, 95, 96, 111, 119, 123, 125, 127, 128, 135, 139, 141, 143, 144, 147, 149, 151, 152, 153, 155, 156, 157, 158, 159, 160, 175, 183, 187, 189, 191, 192, 195, 197, 199, 200, 201, 203, 204, 205, 206, 207, 208, 209, 211, 212, 213, 214, 215, 216, 217, 218, 219, 220, 221, 222, 224, 231, 235, 237, 239, 240, 243, 245, 247, 248, 249, 251, 252, 253, 254, 255, 256, 287, 335, 343, 347, 349, 351, 352, 383, 399, 407, 411, 413, 415, 416, 447, 455, 459, 461, 463, 464, 467, 469, 471, 472, 473, 475, 476, 477, 478, 479, 480, 495, 503, 507, 509, 511, 512, 543, 591, 599, 603, 605, 607, 608, 639, 655, 663, 667, 669, 671, 672, 703, 711, 715, 717, 719, 720, 723, 725, 727, 728, 729, 731, 732, 733, 734, 735, 736, 751, 759, 763, 765, 767, 768, 863, 927, 975, 983, 987, 989, 991, 992, 1023]
x_224: [16, 24, 28, 30, 31, 32, 64, 72, 76, 78, 79, 80, 84, 86, 87, 88, 90, 91, 92, 93, 94, 95, 96, 112, 120, 124, 126, 127, 128, 136, 140, 142, 143, 144, 148, 150, 151, 152, 154, 155, 156, 157, 158, 159, 160, 176, 184, 188, 190, 191, 192, 196, 198, 199, 200, 202, 203, 204, 205, 206, 207, 208, 210, 211, 212, 213, 214, 215, 216, 217, 218, 219, 220, 221, 222, 223, 232, 236, 238, 239, 240, 244, 246, 247, 248, 250, 251, 252, 253, 254, 255, 256, 288, 336, 344, 348, 350, 351, 352, 384, 400, 408, 412, 414, 415, 416, 448, 456, 460, 462, 463, 464, 468, 470, 471, 472, 474, 475, 476, 477, 478, 479, 480, 496, 504, 508, 510, 511, 512, 544, 592, 600, 604, 606, 607, 608, 640, 656, 664, 668, 670, 671, 672, 704, 712, 716, 718, 719, 720, 724, 726, 727, 728, 730, 731, 732, 733, 734, 735, 736, 752, 760, 764, 766, 767, 768, 864, 928, 976, 984, 988, 990, 991, 992, 1024]
x_225: [1, 33, 34, 35, 37, 41, 49, 65, 66, 67, 69, 73, 81, 97, 98, 99, 100, 101, 102, 103, 105, 106, 107, 109, 113, 114, 115, 117, 121, 129, 130, 131, 133, 137, 145, 161, 162, 163, 164, 165, 166, 167, 169, 170, 171, 173, 177, 178, 179, 181, 185, 193, 194, 195, 196, 197, 198, 199, 201, 202, 203, 205, 209, 210, 211, 213, 217, 226, 227, 228, 229, 230, 231, 232, 233, 234, 235, 236, 237, 238, 239, 241, 242, 243, 244, 245, 246, 247, 249, 250, 251, 253, 289, 321, 353, 354, 355, 357, 361, 369, 385, 417, 418, 419, 421, 425, 433, 449, 450, 451, 453, 457, 465, 481, 482, 483, 484, 485, 486, 487, 489, 490, 491, 493, 497, 498, 499, 501, 505, 545, 577, 609, 610, 611, 613, 617, 625, 641, 673, 674, 675, 677, 681, 689, 705, 706, 707, 709, 713, 721, 737, 738, 739, 740, 741, 742, 743, 745, 746, 747, 749, 753, 754, 755, 757, 761, 865, 929, 961, 993, 994, 995, 997, 1001, 1009]
x_226: [2, 33, 34, 36, 38, 42, 50, 65, 66, 68, 70, 74, 82, 97, 98, 99, 100, 101, 102, 104, 105, 106, 108, 110, 113, 114, 116, 118, 122, 129, 130, 132, 134, 138, 146, 161, 162, 163, 164, 165, 166, 168, 169, 170, 172, 174, 177, 178, 180, 182, 186, 193, 194, 195, 196, 197, 198, 200, 201, 202, 204, 206, 209, 210, 212, 214, 218, 225, 227, 228, 229, 230, 231, 232, 233, 234, 235, 236, 237, 238, 240, 241, 242, 243, 244, 245, 246, 248, 249, 250, 252, 254, 290, 322, 353, 354, 356, 358, 362, 370, 386, 417, 418, 420, 422, 426, 434, 449, 450, 452, 454, 458, 466, 481, 482, 483, 484, 485, 486, 488, 489, 490, 492, 494, 497, 498, 500, 502, 506, 546, 578, 609, 610, 612, 614, 618, 626, 642, 673, 674, 676, 678, 682, 690, 705, 706, 708, 710, 714, 722, 737, 738, 739, 740, 741, 742, 744, 745, 746, 748, 750, 753, 754, 756, 758, 762, 866, 930, 962, 993, 994, 996, 998, 1002, 1010]
x_227: [3, 33, 35, 36, 39, 43, 51, 65, 67, 68, 71, 75, 83, 97, 98, 99, 100, 101, 103, 104, 105, 107, 108, 111, 113, 115, 116, 119, 123, 129, 131, 132, 135, 139, 147, 161, 162, 163, 164, 165, 167, 168, 169, 171, 172, 175, 177, 179, 180, 183, 187, 193, 194, 195, 196, 197, 199, 200, 201, 203, 204, 207, 209, 211, 212, 215, 219, 225, 226, 228, 229, 230, 231, 232, 233, 234, 235, 236, 237, 239, 240, 241, 242, 243, 244, 245, 247, 248, 249, 251, 252, 255, 291, 323, 353, 355, 356, 359, 363, 371, 387, 417, 419, 420, 423, 427, 435, 449, 451, 452, 455, 459, 467, 481, 482, 483, 484, 485, 487, 488, 489, 491, 492, 495, 497, 499, 500, 503, 507, 547, 579, 609, 611, 612, 615, 619, 627, 643, 673, 675, 676, 679, 683, 691, 705, 707, 708, 711, 715, 723, 737, 738, 739, 740, 741, 743, 744, 745, 747, 748, 751, 753, 755, 756, 759, 763, 867, 931, 963, 993, 995, 996, 999, 1003, 1011]
x_228: [4, 34, 35, 36, 40, 44, 52, 66, 67, 68, 72, 76, 84, 97, 98, 99, 100, 102, 103, 104, 106, 107, 108, 112, 114, 115, 116, 120, 124, 130, 131, 132, 136, 140, 148, 161, 162, 163, 164, 166, 167, 168, 170, 171, 172, 176, 178, 179, 180, 184, 188, 193, 194, 195, 196, 198, 199, 200, 202, 203, 204, 208, 210, 211, 212, 216, 220, 225, 226, 227, 229, 230, 231, 232, 233, 234, 235, 236, 238, 239, 240, 241, 242, 243, 244, 246, 247, 248, 250, 251, 252, 256, 292, 324, 354, 355, 356, 360, 364, 372, 388, 418, 419, 420, 424, 428, 436, 450, 451, 452, 456, 460, 468, 481, 482, 483, 484, 486, 487, 488, 490, 491, 492, 496, 498, 499, 500, 504, 508, 548, 580, 610, 611, 612, 616, 620, 628, 644, 674, 675, 676, 680, 684, 692, 706, 707, 708, 712, 716, 724, 737, 738, 739, 740, 742, 743, 744, 746, 747, 748, 752, 754, 755, 756, 760, 764, 868, 932, 964, 994, 995, 996, 1000, 1004, 1012]
x_229: [5, 33, 37, 38, 39, 45, 53, 65, 69, 70, 71, 77, 85, 97, 98, 99, 101, 102, 103, 104, 105, 109, 110, 111, 113, 117, 118, 119, 125, 129, 133, 134, 135, 141, 149, 161, 162, 163, 165, 166, 167, 168, 169, 173, 174, 175, 177, 181, 182, 183, 189, 193, 194, 195, 197, 198, 199, 200, 201, 205, 206, 207, 209, 213, 214, 215, 221, 225, 226, 227, 228, 230, 231, 232, 233, 234, 235, 237, 238, 239, 240, 241, 242, 243, 245, 246, 247, 248, 249, 253, 254, 255, 293, 325, 353, 357, 358, 359, 365, 373, 389, 417, 421, 422, 423, 429, 437, 449, 453, 454, 455, 461, 469, 481, 482, 483, 485, 486, 487, 488, 489, 493, 494, 495, 497, 501, 502, 503, 509, 549, 581, 609, 613, 614, 615, 621, 629, 645, 673, 677, 678, 679, 685, 693, 705, 709, 710, 711, 717, 725, 737, 738, 739, 741, 742, 743, 744, 745, 749, 750, 751, 753, 757, 758, 759, 765, 869, 933, 965, 993, 997, 998, 999, 1005, 1013]
x_230: [6, 34, 37, 38, 40, 46, 54, 66, 69, 70, 72, 78, 86, 97, 98, 100, 101, 102, 103, 104, 106, 109, 110, 112, 114, 117, 118, 120, 126, 130, 133, 134, 136, 142, 150, 161, 162, 164, 165, 166, 167, 168, 170, 173, 174, 176, 178, 181, 182, 184, 190, 193, 194, 196, 197, 198, 199, 200, 202, 205, 206, 208, 210, 213, 214, 216, 222, 225, 226, 227, 228, 229, 231, 232, 233, 234, 236, 237, 238, 239, 240, 241, 242, 244, 245, 246, 247, 248, 250, 253, 254, 256, 294, 326, 354, 357, 358, 360, 366, 374, 390, 418, 421, 422, 424, 430, 438, 450, 453, 454, 456, 462, 470, 481, 482, 484, 485, 486, 487, 488, 490, 493, 494, 496, 498, 501, 502, 504, 510, 550, 582, 610, 613, 614, 616, 622, 630, 646, 674, 677, 678, 680, 686, 694, 706, 709, 710, 712, 718, 726, 737, 738, 740, 741, 742, 743, 744, 746, 749, 750, 752, 754, 757, 758, 760, 766, 870, 934, 966, 994, 997, 998, 1000, 1006, 1014]
x_231: [7, 35, 37, 39, 40, 47, 55, 67, 69, 71, 72, 79, 87, 97, 99, 100, 101, 102, 103, 104, 107, 109, 111, 112, 115, 117, 119, 120, 127, 131, 133, 135, 136, 143, 151, 161, 163, 164, 165, 166, 167, 168, 171, 173, 175, 176, 179, 181, 183, 184, 191, 193, 195, 196, 197, 198, 199, 200, 203, 205, 207, 208, 211, 213, 215, 216, 223, 225, 226, 227, 228, 229, 230, 232, 233, 235, 236, 237, 238, 239, 240, 241, 243, 244, 245, 246, 247, 248, 251, 253, 255, 256, 295, 327, 355, 357, 359, 360, 367, 375, 391, 419, 421, 423, 424, 431, 439, 451, 453, 455, 456, 463, 471, 481, 483, 484, 485, 486, 487, 488, 491, 493, 495, 496, 499, 501, 503, 504, 511, 551, 583, 611, 613, 615, 616, 623, 631, 647, 675, 677, 679, 680, 687, 695, 707, 709, 711, 712, 719, 727, 737, 739, 740, 741, 742, 743, 744, 747, 749, 751, 752, 755, 757, 759, 760, 767, 871, 935, 967, 995, 997, 999, 1000, 1007, 1015]
x_232: [8, 36, 38, 39, 40, 48, 56, 68, 70, 71, 72, 80, 88, 98, 99, 100, 101, 102, 103, 104, 108, 110, 111, 112, 116, 118, 119, 120, 128, 132, 134, 135, 136, 144, 152, 162, 163, 164, 165, 166, 167, 168, 172, 174, 175, 176, 180, 182, 183, 184, 192, 194, 195, 196, 197, 198, 199, 200, 204, 206, 207, 208, 212, 214, 215, 216, 224, 225, 226, 227, 228, 229, 230, 231, 234, 235, 236, 237, 238, 239, 240, 242, 243, 244, 245, 246, 247, 248, 252, 254, 255, 256, 296, 328, 356, 358, 359, 360, 368, 376, 392, 420, 422, 423, 424, 432, 440, 452, 454, 455, 456, 464, 472, 482, 483, 484, 485, 486, 487, 488, 492, 494, 495, 496, 500, 502, 503, 504, 512, 552, 584, 612, 614, 615, 616, 624, 632, 648, 676, 678, 679, 680, 688, 696, 708, 710, 711, 712, 720, 728, 738, 739, 740, 741, 742, 743, 744, 748, 750, 751, 752, 756, 758, 759, 760, 768, 872, 936, 968, 996, 998, 999, 1000, 1008, 1016]
x_233: [9, 33, 41, 42, 43, 45, 57, 65, 73, 74, 75, 77, 89, 97, 98, 99, 101, 105, 106, 107, 108, 109, 110, 111, 113, 121, 122, 123, 125, 129, 137, 138, 139, 141, 153, 161, 162, 163, 165, 169, 170, 171, 172, 173, 174, 175, 177, 185, 186, 187, 189, 193, 194, 195, 197, 201, 202, 203, 204, 205, 206, 207, 209, 217, 218, 219, 221, 225, 226, 227, 228, 229, 230, 231, 234, 235, 236, 237, 238, 239, 240, 241, 242, 243, 245, 249, 250, 251, 252, 253, 254, 255, 297, 329, 353, 361, 362, 363, 365, 377, 393, 417, 425, 426, 427, 429, 441, 449, 457, 458, 459, 461, 473, 481, 482, 483, 485, 489, 490, 491, 492, 493, 494, 495, 497, 505, 506, 507, 509, 553, 585, 609, 617, 618, 619, 621, 633, 649, 673, 681, 682, 683, 685, 697, 705, 713, 714, 715, 717, 729, 737, 738, 739, 741, 745, 746, 747, 748, 749, 750, 751, 753, 761, 762, 763, 765, 873, 937, 969, 993, 1001, 1002, 1003, 1005, 1017]
x_234: [10, 34, 41, 42, 44, 46, 58, 66, 73, 74, 76, 78, 90, 97, 98, 100, 102, 105, 106, 107, 108, 109, 110, 112, 114, 121, 122, 124, 126, 130, 137, 138, 140, 142, 154, 161, 162, 164, 166, 169, 170, 171, 172, 173, 174, 176, 178, 185, 186, 188, 190, 193, 194, 196, 198, 201, 202, 203, 204, 205, 206, 208, 210, 217, 218, 220, 222, 225, 226, 227, 228, 229, 230, 232, 233, 235, 236, 237, 238, 239, 240, 241, 242, 244, 246, 249, 250, 251, 252, 253, 254, 256, 298, 330, 354, 361, 362, 364, 366, 378, 394, 418, 425, 426, 428, 430, 442, 450, 457, 458, 460, 462, 474, 481, 482, 484, 486, 489, 490, 491, 492, 493, 494, 496, 498, 505, 506, 508, 510, 554, 586, 610, 617, 618, 620, 622, 634, 650, 674, 681, 682, 684, 686, 698, 706, 713, 714, 716, 718, 730, 737, 738, 740, 742, 745, 746, 747, 748, 749, 750, 752, 754, 761, 762, 764, 766, 874, 938, 970, 994, 1001, 1002, 1004, 1006, 1018]
x_235: [11, 35, 41, 43, 44, 47, 59, 67, 73, 75, 76, 79, 91, 97, 99, 100, 103, 105, 106, 107, 108, 109, 111, 112, 115, 121, 123, 124, 127, 131, 137, 139, 140, 143, 155, 161, 163, 164, 167, 169, 170, 171, 172, 173, 175, 176, 179, 185, 187, 188, 191, 193, 195, 196, 199, 201, 202, 203, 204, 205, 207, 208, 211, 217, 219, 220, 223, 225, 226, 227, 228, 229, 231, 232, 233, 234, 236, 237, 238, 239, 240, 241, 243, 244, 247, 249, 250, 251, 252, 253, 255, 256, 299, 331, 355, 361, 363, 364, 367, 379, 395, 419, 425, 427, 428, 431, 443, 451, 457, 459, 460, 463, 475, 481, 483, 484, 487, 489, 490, 491, 492, 493, 495, 496, 499, 505, 507, 508, 511, 555, 587, 611, 617, 619, 620, 623, 635, 651, 675, 681, 683, 684, 687, 699, 707, 713, 715, 716, 719, 731, 737, 739, 740, 743, 745, 746, 747, 748, 749, 751, 752, 755, 761, 763, 764, 767, 875, 939, 971, 995, 1001, 1003, 1004, 1007, 1019]
x_236: [12, 36, 42, 43, 44, 48, 60, 68, 74, 75, 76, 80, 92, 98, 99, 100, 104, 105, 106, 107, 108, 110, 111, 112, 116, 122, 123, 124, 128, 132, 138, 139, 140, 144, 156, 162, 163, 164, 168, 169, 170, 171, 172, 174, 175, 176, 180, 186, 187, 188, 192, 194, 195, 196, 200, 201, 202, 203, 204, 206, 207, 208, 212, 218, 219, 220, 224, 225, 226, 227, 228, 230, 231, 232, 233, 234, 235, 237, 238, 239, 240, 242, 243, 244, 248, 249, 250, 251, 252, 254, 255, 256, 300, 332, 356, 362, 363, 364, 368, 380, 396, 420, 426, 427, 428, 432, 444, 452, 458, 459, 460, 464, 476, 482, 483, 484, 488, 489, 490, 491, 492, 494, 495, 496, 500, 506, 507, 508, 512, 556, 588, 612, 618, 619, 620, 624, 636, 652, 676, 682, 683, 684, 688, 700, 708, 714, 715, 716, 720, 732, 738, 739, 740, 744, 745, 746, 747, 748, 750, 751, 752, 756, 762, 763, 764, 768, 876, 940, 972, 996, 1002, 1003, 1004, 1008, 1020]
x_237: [13, 37, 41, 45, 46, 47, 61, 69, 73, 77, 78, 79, 93, 97, 101, 102, 103, 105, 106, 107, 109, 110, 111, 112, 117, 121, 125, 126, 127, 133, 137, 141, 142, 143, 157, 161, 165, 166, 167, 169, 170, 171, 173, 174, 175, 176, 181, 185, 189, 190, 191, 193, 197, 198, 199, 201, 202, 203, 205, 206, 207, 208, 213, 217, 221, 222, 223, 225, 226, 227, 229, 230, 231, 232, 233, 234, 235, 236, 238, 239, 240, 241, 245, 246, 247, 249, 250, 251, 253, 254, 255, 256, 301, 333, 357, 361, 365, 366, 367, 381, 397, 421, 425, 429, 430, 431, 445, 453, 457, 461, 462, 463, 477, 481, 485, 486, 487, 489, 490, 491, 493, 494, 495, 496, 501, 505, 509, 510, 511, 557, 589, 613, 617, 621, 622, 623, 637, 653, 677, 681, 685, 686, 687, 701, 709, 713, 717, 718, 719, 733, 737, 741, 742, 743, 745, 746, 747, 749, 750, 751, 752, 757, 761, 765, 766, 767, 877, 941, 973, 997, 1001, 1005, 1006, 1007, 1021]
x_238: [14, 38, 42, 45, 46, 48, 62, 70, 74, 77, 78, 80, 94, 98, 101, 102, 104, 105, 106, 108, 109, 110, 111, 112, 118, 122, 125, 126, 128, 134, 138, 141, 142, 144, 158, 162, 165, 166, 168, 169, 170, 172, 173, 174, 175, 176, 182, 186, 189, 190, 192, 194, 197, 198, 200, 201, 202, 204, 205, 206, 207, 208, 214, 218, 221, 222, 224, 225, 226, 228, 229, 230, 231, 232, 233, 234, 235, 236, 237, 239, 240, 242, 245, 246, 248, 249, 250, 252, 253, 254, 255, 256, 302, 334, 358, 362, 365, 366, 368, 382, 398, 422, 426, 429, 430, 432, 446, 454, 458, 461, 462, 464, 478, 482, 485, 486, 488, 489, 490, 492, 493, 494, 495, 496, 502, 506, 509, 510, 512, 558, 590, 614, 618, 621, 622, 624, 638, 654, 678, 682, 685, 686, 688, 702, 710, 714, 717, 718, 720, 734, 738, 741, 742, 744, 745, 746, 748, 749, 750, 751, 752, 758, 762, 765, 766, 768, 878, 942, 974, 998, 1002, 1005, 1006, 1008, 1022]
x_239: [15, 39, 43, 45, 47, 48, 63, 71, 75, 77, 79, 80, 95, 99, 101, 103, 104, 105, 107, 108, 109, 110, 111, 112, 119, 123, 125, 127, 128, 135, 139, 141, 143, 144, 159, 163, 165, 167, 168, 169, 171, 172, 173, 174, 175, 176, 183, 187, 189, 191, 192, 195, 197, 199, 200, 201, 203, 204, 205, 206, 207, 208, 215, 219, 221, 223, 224, 225, 227, 228, 229, 230, 231, 232, 233, 234, 235, 236, 237, 238, 240, 243, 245, 247, 248, 249, 251, 252, 253, 254, 255, 256, 303, 335, 359, 363, 365, 367, 368, 383, 399, 423, 427, 429, 431, 432, 447, 455, 459, 461, 463, 464, 479, 483, 485, 487, 488, 489, 491, 492, 493, 494, 495, 496, 503, 507, 509, 511, 512, 559, 591, 615, 619, 621, 623, 624, 639, 655, 679, 683, 685, 687, 688, 703, 711, 715, 717, 719, 720, 735, 739, 741, 743, 744, 745, 747, 748, 749, 750, 751, 752, 759, 763, 765, 767, 768, 879, 943, 975, 999, 1003, 1005, 1007, 1008, 1023]
x_240: [16, 40, 44, 46, 47, 48, 64, 72, 76, 78, 79, 80, 96, 100, 102, 103, 104, 106, 107, 108, 109, 110, 111, 112, 120, 124, 126, 127, 128, 136, 140, 142, 143, 144, 160, 164, 166, 167, 168, 170, 171, 172, 173, 174, 175, 176, 184, 188, 190, 191, 192, 196, 198, 199, 200, 202, 203, 204, 205, 206, 207, 208, 216, 220, 222, 223, 224, 226, 227, 228, 229, 230, 231, 232, 233, 234, 235, 236, 237, 238, 239, 244, 246, 247, 248, 250, 251, 252, 253, 254, 255, 256, 304, 336, 360, 364, 366, 367, 368, 384, 400, 424, 428, 430, 431, 432, 448, 456, 460, 462, 463, 464, 480, 484, 486, 487, 488, 490, 491, 492, 493, 494, 495, 496, 504, 508, 510, 511, 512, 560, 592, 616, 620, 622, 623, 624, 640, 656, 680, 684, 686, 687, 688, 704, 712, 716, 718, 719, 720, 736, 740, 742, 743, 744, 746, 747, 748, 749, 750, 751, 752, 760, 764, 766, 767, 768, 880, 944, 976, 1000, 1004, 1006, 1007, 1008, 1024]
x_241: [17, 33, 49, 50, 51, 53, 57, 65, 81, 82, 83, 85, 89, 97, 98, 99, 101, 105, 113, 114, 115, 116, 117, 118, 119, 121, 122, 123, 125, 129, 145, 146, 147, 149, 153, 161, 162, 163, 165, 169, 177, 178, 179, 180, 181, 182, 183, 185, 186, 187, 189, 193, 194, 195, 197, 201, 209, 210, 211, 212, 213, 214, 215, 217, 218, 219, 221, 225, 226, 227, 228, 229, 230, 231, 233, 234, 235, 237, 242, 243, 244, 245, 246, 247, 248, 249, 250, 251, 252, 253, 254, 255, 305, 337, 353, 369, 370, 371, 373, 377, 401, 417, 433, 434, 435, 437, 441, 449, 465, 466, 467, 469, 473, 481, 482, 483, 485, 489, 497, 498, 499, 500, 501, 502, 503, 505, 506, 507, 509, 561, 593, 609, 625, 626, 627, 629, 633, 657, 673, 689, 690, 691, 693, 697, 705, 721, 722, 723, 725, 729, 737, 738, 739, 741, 745, 753, 754, 755, 756, 757, 758, 759, 761, 762, 763, 765, 881, 945, 977, 993, 1009, 1010, 1011, 1013, 1017]
x_242: [18, 34, 49, 50, 52, 54, 58, 66, 81, 82, 84, 86, 90, 97, 98, 100, 102, 106, 113, 114, 115, 116, 117, 118, 120, 121, 122, 124, 126, 130, 145, 146, 148, 150, 154, 161, 162, 164, 166, 170, 177, 178, 179, 180, 181, 182, 184, 185, 186, 188, 190, 193, 194, 196, 198, 202, 209, 210, 211, 212, 213, 214, 216, 217, 218, 220, 222, 225, 226, 227, 228, 229, 230, 232, 233, 234, 236, 238, 241, 243, 244, 245, 246, 247, 248, 249, 250, 251, 252, 253, 254, 256, 306, 338, 354, 369, 370, 372, 374, 378, 402, 418, 433, 434, 436, 438, 442, 450, 465, 466, 468, 470, 474, 481, 482, 484, 486, 490, 497, 498, 499, 500, 501, 502, 504, 505, 506, 508, 510, 562, 594, 610, 625, 626, 628, 630, 634, 658, 674, 689, 690, 692, 694, 698, 706, 721, 722, 724, 726, 730, 737, 738, 740, 742, 746, 753, 754, 755, 756, 757, 758, 760, 761, 762, 764, 766, 882, 946, 978, 994, 1009, 1010, 1012, 1014, 1018]
x_243: [19, 35, 49, 51, 52, 55, 59, 67, 81, 83, 84, 87, 91, 97, 99, 100, 103, 107, 113, 114, 115, 116, 117, 119, 120, 121, 123, 124, 127, 131, 145, 147, 148, 151, 155, 161, 163, 164, 167, 171, 177, 178, 179, 180, 181, 183, 184, 185, 187, 188, 191, 193, 195, 196, 199, 203, 209, 210, 211, 212, 213, 215, 216, 217, 219, 220, 223, 225, 226, 227, 228, 229, 231, 232, 233, 235, 236, 239, 241, 242, 244, 245, 246, 247, 248, 249, 250, 251, 252, 253, 255, 256, 307, 339, 355, 369, 371, 372, 375, 379, 403, 419, 433, 435, 436, 439, 443, 451, 465, 467, 468, 471, 475, 481, 483, 484, 487, 491, 497, 498, 499, 500, 501, 503, 504, 505, 507, 508, 511, 563, 595, 611, 625, 627, 628, 631, 635, 659, 675, 689, 691, 692, 695, 699, 707, 721, 723, 724, 727, 731, 737, 739, 740, 743, 747, 753, 754, 755, 756, 757, 759, 760, 761, 763, 764, 767, 883, 947, 979, 995, 1009, 1011, 1012, 1015, 1019]
x_244: [20, 36, 50, 51, 52, 56, 60, 68, 82, 83, 84, 88, 92, 98, 99, 100, 104, 108, 113, 114, 115, 116, 118, 119, 120, 122, 123, 124, 128, 132, 146, 147, 148, 152, 156, 162, 163, 164, 168, 172, 177, 178, 179, 180, 182, 183, 184, 186, 187, 188, 192, 194, 195, 196, 200, 204, 209, 210, 211, 212, 214, 215, 216, 218, 219, 220, 224, 225, 226, 227, 228, 230, 231, 232, 234, 235, 236, 240, 241, 242, 243, 245, 246, 247, 248, 249, 250, 251, 252, 254, 255, 256, 308, 340, 356, 370, 371, 372, 376, 380, 404, 420, 434, 435, 436, 440, 444, 452, 466, 467, 468, 472, 476, 482, 483, 484, 488, 492, 497, 498, 499, 500, 502, 503, 504, 506, 507, 508, 512, 564, 596, 612, 626, 627, 628, 632, 636, 660, 676, 690, 691, 692, 696, 700, 708, 722, 723, 724, 728, 732, 738, 739, 740, 744, 748, 753, 754, 755, 756, 758, 759, 760, 762, 763, 764, 768, 884, 948, 980, 996, 1010, 1011, 1012, 1016, 1020]
x_245: [21, 37, 49, 53, 54, 55, 61, 69, 81, 85, 86, 87, 93, 97, 101, 102, 103, 109, 113, 114, 115, 117, 118, 119, 120, 121, 125, 126, 127, 133, 145, 149, 150, 151, 157, 161, 165, 166, 167, 173, 177, 178, 179, 181, 182, 183, 184, 185, 189, 190, 191, 193, 197, 198, 199, 205, 209, 210, 211, 213, 214, 215, 216, 217, 221, 222, 223, 225, 226, 227, 229, 230, 231, 232, 233, 237, 238, 239, 241, 242, 243, 244, 246, 247, 248, 249, 250, 251, 253, 254, 255, 256, 309, 341, 357, 369, 373, 374, 375, 381, 405, 421, 433, 437, 438, 439, 445, 453, 465, 469, 470, 471, 477, 481, 485, 486, 487, 493, 497, 498, 499, 501, 502, 503, 504, 505, 509, 510, 511, 565, 597, 613, 625, 629, 630, 631, 637, 661, 677, 689, 693, 694, 695, 701, 709, 721, 725, 726, 727, 733, 737, 741, 742, 743, 749, 753, 754, 755, 757, 758, 759, 760, 761, 765, 766, 767, 885, 949, 981, 997, 1009, 1013, 1014, 1015, 1021]
x_246: [22, 38, 50, 53, 54, 56, 62, 70, 82, 85, 86, 88, 94, 98, 101, 102, 104, 110, 113, 114, 116, 117, 118, 119, 120, 122, 125, 126, 128, 134, 146, 149, 150, 152, 158, 162, 165, 166, 168, 174, 177, 178, 180, 181, 182, 183, 184, 186, 189, 190, 192, 194, 197, 198, 200, 206, 209, 210, 212, 213, 214, 215, 216, 218, 221, 222, 224, 225, 226, 228, 229, 230, 231, 232, 234, 237, 238, 240, 241, 242, 243, 244, 245, 247, 248, 249, 250, 252, 253, 254, 255, 256, 310, 342, 358, 370, 373, 374, 376, 382, 406, 422, 434, 437, 438, 440, 446, 454, 466, 469, 470, 472, 478, 482, 485, 486, 488, 494, 497, 498, 500, 501, 502, 503, 504, 506, 509, 510, 512, 566, 598, 614, 626, 629, 630, 632, 638, 662, 678, 690, 693, 694, 696, 702, 710, 722, 725, 726, 728, 734, 738, 741, 742, 744, 750, 753, 754, 756, 757, 758, 759, 760, 762, 765, 766, 768, 886, 950, 982, 998, 1010, 1013, 1014, 1016, 1022]
x_247: [23, 39, 51, 53, 55, 56, 63, 71, 83, 85, 87, 88, 95, 99, 101, 103, 104, 111, 113, 115, 116, 117, 118, 119, 120, 123, 125, 127, 128, 135, 147, 149, 151, 152, 159, 163, 165, 167, 168, 175, 177, 179, 180, 181, 182, 183, 184, 187, 189, 191, 192, 195, 197, 199, 200, 207, 209, 211, 212, 213, 214, 215, 216, 219, 221, 223, 224, 225, 227, 228, 229, 230, 231, 232, 235, 237, 239, 240, 241, 242, 243, 244, 245, 246, 248, 249, 251, 252, 253, 254, 255, 256, 311, 343, 359, 371, 373, 375, 376, 383, 407, 423, 435, 437, 439, 440, 447, 455, 467, 469, 471, 472, 479, 483, 485, 487, 488, 495, 497, 499, 500, 501, 502, 503, 504, 507, 509, 511, 512, 567, 599, 615, 627, 629, 631, 632, 639, 663, 679, 691, 693, 695, 696, 703, 711, 723, 725, 727, 728, 735, 739, 741, 743, 744, 751, 753, 755, 756, 757, 758, 759, 760, 763, 765, 767, 768, 887, 951, 983, 999, 1011, 1013, 1015, 1016, 1023]
x_248: [24, 40, 52, 54, 55, 56, 64, 72, 84, 86, 87, 88, 96, 100, 102, 103, 104, 112, 114, 115, 116, 117, 118, 119, 120, 124, 126, 127, 128, 136, 148, 150, 151, 152, 160, 164, 166, 167, 168, 176, 178, 179, 180, 181, 182, 183, 184, 188, 190, 191, 192, 196, 198, 199, 200, 208, 210, 211, 212, 213, 214, 215, 216, 220, 222, 223, 224, 226, 227, 228, 229, 230, 231, 232, 236, 238, 239, 240, 241, 242, 243, 244, 245, 246, 247, 250, 251, 252, 253, 254, 255, 256, 312, 344, 360, 372, 374, 375, 376, 384, 408, 424, 436, 438, 439, 440, 448, 456, 468, 470, 471, 472, 480, 484, 486, 487, 488, 496, 498, 499, 500, 501, 502, 503, 504, 508, 510, 511, 512, 568, 600, 616, 628, 630, 631, 632, 640, 664, 680, 692, 694, 695, 696, 704, 712, 724, 726, 727, 728, 736, 740, 742, 743, 744, 752, 754, 755, 756, 757, 758, 759, 760, 764, 766, 767, 768, 888, 952, 984, 1000, 1012, 1014, 1015, 1016, 1024]
x_249: [25, 41, 49, 57, 58, 59, 61, 73, 81, 89, 90, 91, 93, 97, 105, 106, 107, 109, 113, 114, 115, 117, 121, 122, 123, 124, 125, 126, 127, 137, 145, 153, 154, 155, 157, 161, 169, 170, 171, 173, 177, 178, 179, 181, 185, 186, 187, 188, 189, 190, 191, 193, 201, 202, 203, 205, 209, 210, 211, 213, 217, 218, 219, 220, 221, 222, 223, 225, 226, 227, 229, 233, 234, 235, 236, 237, 238, 239, 241, 242, 243, 244, 245, 246, 247, 250, 251, 252, 253, 254, 255, 256, 313, 345, 361, 369, 377, 378, 379, 381, 409, 425, 433, 441, 442, 443, 445, 457, 465, 473, 474, 475, 477, 481, 489, 490, 491, 493, 497, 498, 499, 501, 505, 506, 507, 508, 509, 510, 511, 569, 601, 617, 625, 633, 634, 635, 637, 665, 681, 689, 697, 698, 699, 701, 713, 721, 729, 730, 731, 733, 737, 745, 746, 747, 749, 753, 754, 755, 757, 761, 762, 763, 764, 765, 766, 767, 889, 953, 985, 1001, 1009, 1017, 1018, 1019, 1021]
x_250: [26, 42, 50, 57, 58, 60, 62, 74, 82, 89, 90, 92, 94, 98, 105, 106, 108, 110, 113, 114, 116, 118, 121, 122, 123, 124, 125, 126, 128, 138, 146, 153, 154, 156, 158, 162, 169, 170, 172, 174, 177, 178, 180, 182, 185, 186, 187, 188, 189, 190, 192, 194, 201, 202, 204, 206, 209, 210, 212, 214, 217, 218, 219, 220, 221, 222, 224, 225, 226, 228, 230, 233, 234, 235, 236, 237, 238, 240, 241, 242, 243, 244, 245, 246, 248, 249, 251, 252, 253, 254, 255, 256, 314, 346, 362, 370, 377, 378, 380, 382, 410, 426, 434, 441, 442, 444, 446, 458, 466, 473, 474, 476, 478, 482, 489, 490, 492, 494, 497, 498, 500, 502, 505, 506, 507, 508, 509, 510, 512, 570, 602, 618, 626, 633, 634, 636, 638, 666, 682, 690, 697, 698, 700, 702, 714, 722, 729, 730, 732, 734, 738, 745, 746, 748, 750, 753, 754, 756, 758, 761, 762, 763, 764, 765, 766, 768, 890, 954, 986, 1002, 1010, 1017, 1018, 1020, 1022]
x_251: [27, 43, 51, 57, 59, 60, 63, 75, 83, 89, 91, 92, 95, 99, 105, 107, 108, 111, 113, 115, 116, 119, 121, 122, 123, 124, 125, 127, 128, 139, 147, 153, 155, 156, 159, 163, 169, 171, 172, 175, 177, 179, 180, 183, 185, 186, 187, 188, 189, 191, 192, 195, 201, 203, 204, 207, 209, 211, 212, 215, 217, 218, 219, 220, 221, 223, 224, 225, 227, 228, 231, 233, 234, 235, 236, 237, 239, 240, 241, 242, 243, 244, 245, 247, 248, 249, 250, 252, 253, 254, 255, 256, 315, 347, 363, 371, 377, 379, 380, 383, 411, 427, 435, 441, 443, 444, 447, 459, 467, 473, 475, 476, 479, 483, 489, 491, 492, 495, 497, 499, 500, 503, 505, 506, 507, 508, 509, 511, 512, 571, 603, 619, 627, 633, 635, 636, 639, 667, 683, 691, 697, 699, 700, 703, 715, 723, 729, 731, 732, 735, 739, 745, 747, 748, 751, 753, 755, 756, 759, 761, 762, 763, 764, 765, 767, 768, 891, 955, 987, 1003, 1011, 1017, 1019, 1020, 1023]
x_252: [28, 44, 52, 58, 59, 60, 64, 76, 84, 90, 91, 92, 96, 100, 106, 107, 108, 112, 114, 115, 116, 120, 121, 122, 123, 124, 126, 127, 128, 140, 148, 154, 155, 156, 160, 164, 170, 171, 172, 176, 178, 179, 180, 184, 185, 186, 187, 188, 190, 191, 192, 196, 202, 203, 204, 208, 210, 211, 212, 216, 217, 218, 219, 220, 222, 223, 224, 226, 227, 228, 232, 233, 234, 235, 236, 238, 239, 240, 241, 242, 243, 244, 246, 247, 248, 249, 250, 251, 253, 254, 255, 256, 316, 348, 364, 372, 378, 379, 380, 384, 412, 428, 436, 442, 443, 444, 448, 460, 468, 474, 475, 476, 480, 484, 490, 491, 492, 496, 498, 499, 500, 504, 505, 506, 507, 508, 510, 511, 512, 572, 604, 620, 628, 634, 635, 636, 640, 668, 684, 692, 698, 699, 700, 704, 716, 724, 730, 731, 732, 736, 740, 746, 747, 748, 752, 754, 755, 756, 760, 761, 762, 763, 764, 766, 767, 768, 892, 956, 988, 1004, 1012, 1018, 1019, 1020, 1024]
x_253: [29, 45, 53, 57, 61, 62, 63, 77, 85, 89, 93, 94, 95, 101, 105, 109, 110, 111, 113, 117, 118, 119, 121, 122, 123, 125, 126, 127, 128, 141, 149, 153, 157, 158, 159, 165, 169, 173, 174, 175, 177, 181, 182, 183, 185, 186, 187, 189, 190, 191, 192, 197, 201, 205, 206, 207, 209, 213, 214, 215, 217, 218, 219, 221, 222, 223, 224, 225, 229, 230, 231, 233, 234, 235, 237, 238, 239, 240, 241, 242, 243, 245, 246, 247, 248, 249, 250, 251, 252, 254, 255, 256, 317, 349, 365, 373, 377, 381, 382, 383, 413, 429, 437, 441, 445, 446, 447, 461, 469, 473, 477, 478, 479, 485, 489, 493, 494, 495, 497, 501, 502, 503, 505, 506, 507, 509, 510, 511, 512, 573, 605, 621, 629, 633, 637, 638, 639, 669, 685, 693, 697, 701, 702, 703, 717, 725, 729, 733, 734, 735, 741, 745, 749, 750, 751, 753, 757, 758, 759, 761, 762, 763, 765, 766, 767, 768, 893, 957, 989, 1005, 1013, 1017, 1021, 1022, 1023]
x_254: [30, 46, 54, 58, 61, 62, 64, 78, 86, 90, 93, 94, 96, 102, 106, 109, 110, 112, 114, 117, 118, 120, 121, 122, 124, 125, 126, 127, 128, 142, 150, 154, 157, 158, 160, 166, 170, 173, 174, 176, 178, 181, 182, 184, 185, 186, 188, 189, 190, 191, 192, 198, 202, 205, 206, 208, 210, 213, 214, 216, 217, 218, 220, 221, 222, 223, 224, 226, 229, 230, 232, 233, 234, 236, 237, 238, 239, 240, 241, 242, 244, 245, 246, 247, 248, 249, 250, 251, 252, 253, 255, 256, 318, 350, 366, 374, 378, 381, 382, 384, 414, 430, 438, 442, 445, 446, 448, 462, 470, 474, 477, 478, 480, 486, 490, 493, 494, 496, 498, 501, 502, 504, 505, 506, 508, 509, 510, 511, 512, 574, 606, 622, 630, 634, 637, 638, 640, 670, 686, 694, 698, 701, 702, 704, 718, 726, 730, 733, 734, 736, 742, 746, 749, 750, 752, 754, 757, 758, 760, 761, 762, 764, 765, 766, 767, 768, 894, 958, 990, 1006, 1014, 1018, 1021, 1022, 1024]
x_255: [31, 47, 55, 59, 61, 63, 64, 79, 87, 91, 93, 95, 96, 103, 107, 109, 111, 112, 115, 117, 119, 120, 121, 123, 124, 125, 126, 127, 128, 143, 151, 155, 157, 159, 160, 167, 171, 173, 175, 176, 179, 181, 183, 184, 185, 187, 188, 189, 190, 191, 192, 199, 203, 205, 207, 208, 211, 213, 215, 216, 217, 219, 220, 221, 222, 223, 224, 227, 229, 231, 232, 233, 235, 236, 237, 238, 239, 240, 241, 243, 244, 245, 246, 247, 248, 249, 250, 251, 252, 253, 254, 256, 319, 351, 367, 375, 379, 381, 383, 384, 415, 431, 439, 443, 445, 447, 448, 463, 471, 475, 477, 479, 480, 487, 491, 493, 495, 496, 499, 501, 503, 504, 505, 507, 508, 509, 510, 511, 512, 575, 607, 623, 631, 635, 637, 639, 640, 671, 687, 695, 699, 701, 703, 704, 719, 727, 731, 733, 735, 736, 743, 747, 749, 751, 752, 755, 757, 759, 760, 761, 763, 764, 765, 766, 767, 768, 895, 959, 991, 1007, 1015, 1019, 1021, 1023, 1024]
x_256: [32, 48, 56, 60, 62, 63, 64, 80, 88, 92, 94, 95, 96, 104, 108, 110, 111, 112, 116, 118, 119, 120, 122, 123, 124, 125, 126, 127, 128, 144, 152, 156, 158, 159, 160, 168, 172, 174, 175, 176, 180, 182, 183, 184, 186, 187, 188, 189, 190, 191, 192, 200, 204, 206, 207, 208, 212, 214, 215, 216, 218, 219, 220, 221, 222, 223, 224, 228, 230, 231, 232, 234, 235, 236, 237, 238, 239, 240, 242, 243, 244, 245, 246, 247, 248, 249, 250, 251, 252, 253, 254, 255, 320, 352, 368, 376, 380, 382, 383, 384, 416, 432, 440, 444, 446, 447, 448, 464, 472, 476, 478, 479, 480, 488, 492, 494, 495, 496, 500, 502, 503, 504, 506, 507, 508, 509, 510, 511, 512, 576, 608, 624, 632, 636, 638, 639, 640, 672, 688, 696, 700, 702, 703, 704, 720, 728, 732, 734, 735, 736, 744, 748, 750, 751, 752, 756, 758, 759, 760, 762, 763, 764, 765, 766, 767, 768, 896, 960, 992, 1008, 1016, 1020, 1022, 1023, 1024]
x_257: [1, 2, 3, 4, 5, 6, 7, 9, 10, 11, 13, 17, 18, 19, 21, 25, 33, 34, 35, 37, 41, 49, 65, 66, 67, 69, 73, 81, 97, 129, 130, 131, 133, 137, 145, 161, 193, 258, 259, 260, 261, 262, 263, 264, 265, 266, 267, 268, 269, 270, 271, 273, 274, 275, 276, 277, 278, 279, 281, 282, 283, 285, 289, 290, 291, 292, 293, 294, 295, 297, 298, 299, 301, 305, 306, 307, 309, 313, 321, 322, 323, 324, 325, 326, 327, 329, 330, 331, 333, 337, 338, 339, 341, 345, 353, 354, 355, 357, 361, 369, 385, 386, 387, 388, 389, 390, 391, 393, 394, 395, 397, 401, 402, 403, 405, 409, 417, 418, 419, 421, 425, 433, 449, 450, 451, 453, 457, 465, 481, 513, 514, 515, 517, 521, 529, 545, 577, 641, 769, 770, 771, 772, 773, 774, 775, 777, 778, 779, 781, 785, 786, 787, 789, 793, 801, 802, 803, 805, 809, 817, 833, 834, 835, 837, 841, 849, 865, 897, 898, 899, 901, 905, 913, 929, 961]
x_258: [1, 2, 3, 4, 5, 6, 8, 9, 10, 12, 14, 17, 18, 20, 22, 26, 33, 34, 36, 38, 42, 50, 65, 66, 68, 70, 74, 82, 98, 129, 130, 132, 134, 138, 146, 162, 194, 257, 259, 260, 261, 262, 263, 264, 265, 266, 267, 268, 269, 270, 272, 273, 274, 275, 276, 277, 278, 280, 281, 282, 284, 286, 289, 290, 291, 292, 293, 294, 296, 297, 298, 300, 302, 305, 306, 308, 310, 314, 321, 322, 323, 324, 325, 326, 328, 329, 330, 332, 334, 337, 338, 340, 342, 346, 353, 354, 356, 358, 362, 370, 385, 386, 387, 388, 389, 390, 392, 393, 394, 396, 398, 401, 402, 404, 406, 410, 417, 418, 420, 422, 426, 434, 449, 450, 452, 454, 458, 466, 482, 513, 514, 516, 518, 522, 530, 546, 578, 642, 769, 770, 771, 772, 773, 774, 776, 777, 778, 780, 782, 785, 786, 788, 790, 794, 801, 802, 804, 806, 810, 818, 833, 834, 836, 838, 842, 850, 866, 897, 898, 900, 902, 906, 914, 930, 962]
x_259: [1, 2, 3, 4, 5, 7, 8, 9, 11, 12, 15, 17, 19, 20, 23, 27, 33, 35, 36, 39, 43, 51, 65, 67, 68, 71, 75, 83, 99, 129, 131, 132, 135, 139, 147, 163, 195, 257, 258, 260, 261, 262, 263, 264, 265, 266, 267, 268, 269, 271, 272, 273, 274, 275, 276, 277, 279, 280, 281, 283, 284, 287, 289, 290, 291, 292, 293, 295, 296, 297, 299, 300, 303, 305, 307, 308, 311, 315, 321, 322, 323, 324, 325, 327, 328, 329, 331, 332, 335, 337, 339, 340, 343, 347, 353, 355, 356, 359, 363, 371, 385, 386, 387, 388, 389, 391, 392, 393, 395, 396, 399, 401, 403, 404, 407, 411, 417, 419, 420, 423, 427, 435, 449, 451, 452, 455, 459, 467, 483, 513, 515, 516, 519, 523, 531, 547, 579, 643, 769, 770, 771, 772, 773, 775, 776, 777, 779, 780, 783, 785, 787, 788, 791, 795, 801, 803, 804, 807, 811, 819, 833, 835, 836, 839, 843, 851, 867, 897, 899, 900, 903, 907, 915, 931, 963]
x_260: [1, 2, 3, 4, 6, 7, 8, 10, 11, 12, 16, 18, 19, 20, 24, 28, 34, 35, 36, 40, 44, 52, 66, 67, 68, 72, 76, 84, 100, 130, 131, 132, 136, 140, 148, 164, 196, 257, 258, 259, 261, 262, 263, 264, 265, 266, 267, 268, 270, 271, 272, 273, 274, 275, 276, 278, 279, 280, 282, 283, 284, 288, 289, 290, 291, 292, 294, 295, 296, 298, 299, 300, 304, 306, 307, 308, 312, 316, 321, 322, 323, 324, 326, 327, 328, 330, 331, 332, 336, 338, 339, 340, 344, 348, 354, 355, 356, 360, 364, 372, 385, 386, 387, 388, 390, 391, 392, 394, 395, 396, 400, 402, 403, 404, 408, 412, 418, 419, 420, 424, 428, 436, 450, 451, 452, 456, 460, 468, 484, 514, 515, 516, 520, 524, 532, 548, 580, 644, 769, 770, 771, 772, 774, 775, 776, 778, 779, 780, 784, 786, 787, 788, 792, 796, 802, 803, 804, 808, 812, 820, 834, 835, 836, 840, 844, 852, 868, 898, 899, 900, 904, 908, 916, 932, 964]
x_261: [1, 2, 3, 5, 6, 7, 8, 9, 13, 14, 15, 17, 21, 22, 23, 29, 33, 37, 38, 39, 45, 53, 65, 69, 70, 71, 77, 85, 101, 129, 133, 134, 135, 141, 149, 165, 197, 257, 258, 259, 260, 262, 263, 264, 265, 266, 267, 269, 270, 271, 272, 273, 274, 275, 277, 278, 279, 280, 281, 285, 286, 287, 289, 290, 291, 293, 294, 295, 296, 297, 301, 302, 303, 305, 309, 310, 311, 317, 321, 322, 323, 325, 326, 327, 328, 329, 333, 334, 335, 337, 341, 342, 343, 349, 353, 357, 358, 359, 365, 373, 385, 386, 387, 389, 390, 391, 392, 393, 397, 398, 399, 401, 405, 406, 407, 413, 417, 421, 422, 423, 429, 437, 449, 453, 454, 455, 461, 469, 485, 513, 517, 518, 519, 525, 533, 549, 581, 645, 769, 770, 771, 773, 774, 775, 776, 777, 781, 782, 783, 785, 789, 790, 791, 797, 801, 805, 806, 807, 813, 821, 833, 837, 838, 839, 845, 853, 869, 897, 901, 902, 903, 909, 917, 933, 965]
x_262: [1, 2, 4, 5, 6, 7, 8, 10, 13, 14, 16, 18, 21, 22, 24, 30, 34, 37, 38, 40, 46, 54, 66, 69, 70, 72, 78, 86, 102, 130, 133, 134, 136, 142, 150, 166, 198, 257, 258, 259, 260, 261, 263, 264, 265, 266, 268, 269, 270, 271, 272, 273, 274, 276, 277, 278, 279, 280, 282, 285, 286, 288, 289, 290, 292, 293, 294, 295, 296, 298, 301, 302, 304, 306, 309, 310, 312, 318, 321, 322, 324, 325, 326, 327, 328, 330, 333, 334, 336, 338, 341, 342, 344, 350, 354, 357, 358, 360, 366, 374, 385, 386, 388, 389, 390, 391, 392, 394, 397, 398, 400, 402, 405, 406, 408, 414, 418, 421, 422, 424, 430, 438, 450, 453, 454, 456, 462, 470, 486, 514, 517, 518, 520, 526, 534, 550, 582, 646, 769, 770, 772, 773, 774, 775, 776, 778, 781, 782, 784, 786, 789, 790, 792, 798, 802, 805, 806, 808, 814, 822, 834, 837, 838, 840, 846, 854, 870, 898, 901, 902, 904, 910, 918, 934, 966]
x_263: [1, 3, 4, 5, 6, 7, 8, 11, 13, 15, 16, 19, 21, 23, 24, 31, 35, 37, 39, 40, 47, 55, 67, 69, 71, 72, 79, 87, 103, 131, 133, 135, 136, 143, 151, 167, 199, 257, 258, 259, 260, 261, 262, 264, 265, 267, 268, 269, 270, 271, 272, 273, 275, 276, 277, 278, 279, 280, 283, 285, 287, 288, 289, 291, 292, 293, 294, 295, 296, 299, 301, 303, 304, 307, 309, 311, 312, 319, 321, 323, 324, 325, 326, 327, 328, 331, 333, 335, 336, 339, 341, 343, 344, 351, 355, 357, 359, 360, 367, 375, 385, 387, 388, 389, 390, 391, 392, 395, 397, 399, 400, 403, 405, 407, 408, 415, 419, 421, 423, 424, 431, 439, 451, 453, 455, 456, 463, 471, 487, 515, 517, 519, 520, 527, 535, 551, 583, 647, 769, 771, 772, 773, 774, 775, 776, 779, 781, 783, 784, 787, 789, 791, 792, 799, 803, 805, 807, 808, 815, 823, 835, 837, 839, 840, 847, 855, 871, 899, 901, 903, 904, 911, 919, 935, 967]
x_264: [2, 3, 4, 5, 6, 7, 8, 12, 14, 15, 16, 20, 22, 23, 24, 32, 36, 38, 39, 40, 48, 56, 68, 70, 71, 72, 80, 88, 104, 132, 134, 135, 136, 144, 152, 168, 200, 257, 258, 259, 260, 261, 262, 263, 266, 267, 268, 269, 270, 271, 272, 274, 275, 276, 277, 278, 279, 280, 284, 286, 287, 288, 290, 291, 292, 293, 294, 295, 296, 300, 302, 303, 304, 308, 310, 311, 312, 320, 322, 323, 324, 325, 326, 327, 328, 332, 334, 335, 336, 340, 342, 343, 344, 352, 356, 358, 359, 360, 368, 376, 386, 387, 388, 389, 390, 391, 392, 396, 398, 399, 400, 404, 406, 407, 408, 416, 420, 422, 423, 424, 432, 440, 452, 454, 455, 456, 464, 472, 488, 516, 518, 519, 520, 528, 536, 552, 584, 648, 770, 771, 772, 773, 774, 775, 776, 780, 782, 783, 784, 788, 790, 791, 792, 800, 804, 806, 807, 808, 816, 824, 836, 838, 839, 840, 848, 856, 872, 900, 902, 903, 904, 912, 920, 936, 968]
x_265: [1, 2, 3, 5, 9, 10, 11, 12, 13, 14, 15, 17, 25, 26, 27, 29, 33, 41, 42, 43, 45, 57, 65, 73, 74, 75, 77, 89, 105, 129, 137, 138, 139, 141, 153, 169, 201, 257, 258, 259, 260, 261, 262, 263, 266, 267, 268, 269, 270, 271, 272, 273, 274, 275, 277, 281, 282, 283, 284, 285, 286, 287, 289, 290, 291, 293, 297, 298, 299, 300, 301, 302, 303, 305, 313, 314, 315, 317, 321, 322, 323, 325, 329, 330, 331, 332, 333, 334, 335, 337, 345, 346, 347, 349, 353, 361, 362, 363, 365, 377, 385, 386, 387, 389, 393, 394, 395, 396, 397, 398, 399, 401, 409, 410, 411, 413, 417, 425, 426, 427, 429, 441, 449, 457, 458, 459, 461, 473, 489, 513, 521, 522, 523, 525, 537, 553, 585, 649, 769, 770, 771, 773, 777, 778, 779, 780, 781, 782, 783, 785, 793, 794, 795, 797, 801, 809, 810, 811, 813, 825, 833, 841, 842, 843, 845, 857, 873, 897, 905, 906, 907, 909, 921, 937, 969]
x_266: [1, 2, 4, 6, 9, 10, 11, 12, 13, 14, 16, 18, 25, 26, 28, 30, 34, 41, 42, 44, 46, 58, 66, 73, 74, 76, 78, 90, 106, 130, 137, 138, 140, 142, 154, 170, 202, 257, 258, 259, 260, 261, 262, 264, 265, 267, 268, 269, 270, 271, 272, 273, 274, 276, 278, 281, 282, 283, 284, 285, 286, 288, 289, 290, 292, 294, 297, 298, 299, 300, 301, 302, 304, 306, 313, 314, 316, 318, 321, 322, 324, 326, 329, 330, 331, 332, 333, 334, 336, 338, 345, 346, 348, 350, 354, 361, 362, 364, 366, 378, 385, 386, 388, 390, 393, 394, 395, 396, 397, 398, 400, 402, 409, 410, 412, 414, 418, 425, 426, 428, 430, 442, 450, 457, 458, 460, 462, 474, 490, 514, 521, 522, 524, 526, 538, 554, 586, 650, 769, 770, 772, 774, 777, 778, 779, 780, 781, 782, 784, 786, 793, 794, 796, 798, 802, 809, 810, 812, 814, 826, 834, 841, 842, 844, 846, 858, 874, 898, 905, 906, 908, 910, 922, 938, 970]
x_267: [1, 3, 4, 7, 9, 10, 11, 12, 13, 15, 16, 19, 25, 27, 28, 31, 35, 41, 43, 44, 47, 59, 67, 73, 75, 76, 79, 91, 107, 131, 137, 139, 140, 143, 155, 171, 203, 257, 258, 259, 260, 261, 263, 264, 265, 266, 268, 269, 270, 271, 272, 273, 275, 276, 279, 281, 282, 283, 284, 285, 287, 288, 289, 291, 292, 295, 297, 298, 299, 300, 301, 303, 304, 307, 313, 315, 316, 319, 321, 323, 324, 327, 329, 330, 331, 332, 333, 335, 336, 339, 345, 347, 348, 351, 355, 361, 363, 364, 367, 379, 385, 387, 388, 391, 393, 394, 395, 396, 397, 399, 400, 403, 409, 411, 412, 415, 419, 425, 427, 428, 431, 443, 451, 457, 459, 460, 463, 475, 491, 515, 521, 523, 524, 527, 539, 555, 587, 651, 769, 771, 772, 775, 777, 778, 779, 780, 781, 783, 784, 787, 793, 795, 796, 799, 803, 809, 811, 812, 815, 827, 835, 841, 843, 844, 847, 859, 875, 899, 905, 907, 908, 911, 923, 939, 971]
x_268: [2, 3, 4, 8, 9, 10, 11, 12, 14, 15, 16, 20, 26, 27, 28, 32, 36, 42, 43, 44, 48, 60, 68, 74, 75, 76, 80, 92, 108, 132, 138, 139, 140, 144, 156, 172, 204, 257, 258, 259, 260, 262, 263, 264, 265, 266, 267, 269, 270, 271, 272, 274, 275, 276, 280, 281, 282, 283, 284, 286, 287, 288, 290, 291, 292, 296, 297, 298, 299, 300, 302, 303, 304, 308, 314, 315, 316, 320, 322, 323, 324, 328, 329, 330, 331, 332, 334, 335, 336, 340, 346, 347, 348, 352, 356, 362, 363, 364, 368, 380, 386, 387, 388, 392, 393, 394, 395, 396, 398, 399, 400, 404, 410, 411, 412, 416, 420, 426, 427, 428, 432, 444, 452, 458, 459, 460, 464, 476, 492, 516, 522, 523, 524, 528, 540, 556, 588, 652, 770, 771, 772, 776, 777, 778, 779, 780, 782, 783, 784, 788, 794, 795, 796, 800, 804, 810, 811, 812, 816, 828, 836, 842, 843, 844, 848, 860, 876, 900, 906, 907, 908, 912, 924, 940, 972]
x_269: [1, 5, 6, 7, 9, 10, 11, 13, 14, 15, 16, 21, 25, 29, 30, 31, 37, 41, 45, 46, 47, 61, 69, 73, 77, 78, 79, 93, 109, 133, 137, 141, 142, 143, 157, 173, 205, 257, 258, 259, 261, 262, 263, 264, 265, 266, 267, 268, 270, 271, 272, 273, 277, 278, 279, 281, 282, 283, 285, 286, 287, 288, 289, 293, 294, 295, 297, 298, 299, 301, 302, 303, 304, 309, 313, 317, 318, 319, 321, 325, 326, 327, 329, 330, 331, 333, 334, 335, 336, 341, 345, 349, 350, 351, 357, 361, 365, 366, 367, 381, 385, 389, 390, 391, 393, 394, 395, 397, 398, 399, 400, 405, 409, 413, 414, 415, 421, 425, 429, 430, 431, 445, 453, 457, 461, 462, 463, 477, 493, 517, 521, 525, 526, 527, 541, 557, 589, 653, 769, 773, 774, 775, 777, 778, 779, 781, 782, 783, 784, 789, 793, 797, 798, 799, 805, 809, 813, 814, 815, 829, 837, 841, 845, 846, 847, 861, 877, 901, 905, 909, 910, 911, 925, 941, 973]
x_270: [2, 5, 6, 8, 9, 10, 12, 13, 14, 15, 16, 22, 26, 29, 30, 32, 38, 42, 45, 46, 48, 62, 70, 74, 77, 78, 80, 94, 110, 134, 138, 141, 142, 144, 158, 174, 206, 257, 258, 260, 261, 262, 263, 264, 265, 266, 267, 268, 269, 271, 272, 274, 277, 278, 280, 281, 282, 284, 285, 286, 287, 288, 290, 293, 294, 296, 297, 298, 300, 301, 302, 303, 304, 310, 314, 317, 318, 320, 322, 325, 326, 328, 329, 330, 332, 333, 334, 335, 336, 342, 346, 349, 350, 352, 358, 362, 365, 366, 368, 382, 386, 389, 390, 392, 393, 394, 396, 397, 398, 399, 400, 406, 410, 413, 414, 416, 422, 426, 429, 430, 432, 446, 454, 458, 461, 462, 464, 478, 494, 518, 522, 525, 526, 528, 542, 558, 590, 654, 770, 773, 774, 776, 777, 778, 780, 781, 782, 783, 784, 790, 794, 797, 798, 800, 806, 810, 813, 814, 816, 830, 838, 842, 845, 846, 848, 862, 878, 902, 906, 909, 910, 912, 926, 942, 974]
x_271: [3, 5, 7, 8, 9, 11, 12, 13, 14, 15, 16, 23, 27, 29, 31, 32, 39, 43, 45, 47, 48, 63, 71, 75, 77, 79, 80, 95, 111, 135, 139, 141, 143, 144, 159, 175, 207, 257, 259, 260, 261, 262, 263, 264, 265, 266, 267, 268, 269, 270, 272, 275, 277, 279, 280, 281, 283, 284, 285, 286, 287, 288, 291, 293, 295, 296, 297, 299, 300, 301, 302, 303, 304, 311, 315, 317, 319, 320, 323, 325, 327, 328, 329, 331, 332, 333, 334, 335, 336, 343, 347, 349, 351, 352, 359, 363, 365, 367, 368, 383, 387, 389, 391, 392, 393, 395, 396, 397, 398, 399, 400, 407, 411, 413, 415, 416, 423, 427, 429, 431, 432, 447, 455, 459, 461, 463, 464, 479, 495, 519, 523, 525, 527, 528, 543, 559, 591, 655, 771, 773, 775, 776, 777, 779, 780, 781, 782, 783, 784, 791, 795, 797, 799, 800, 807, 811, 813, 815, 816, 831, 839, 843, 845, 847, 848, 863, 879, 903, 907, 909, 911, 912, 927, 943, 975]
x_272: [4, 6, 7, 8, 10, 11, 12, 13, 14, 15, 16, 24, 28, 30, 31, 32, 40, 44, 46, 47, 48, 64, 72, 76, 78, 79, 80, 96, 112, 136, 140, 142, 143, 144, 160, 176, 208, 258, 259, 260, 261, 262, 263, 264, 265, 266, 267, 268, 269, 270, 271, 276, 278, 279, 280, 282, 283, 284, 285, 286, 287, 288, 292, 294, 295, 296, 298, 299, 300, 301, 302, 303, 304, 312, 316, 318, 319, 320, 324, 326, 327, 328, 330, 331, 332, 333, 334, 335, 336, 344, 348, 350, 351, 352, 360, 364, 366, 367, 368, 384, 388, 390, 391, 392, 394, 395, 396, 397, 398, 399, 400, 408, 412, 414, 415, 416, 424, 428, 430, 431, 432, 448, 456, 460, 462, 463, 464, 480, 496, 520, 524, 526, 527, 528, 544, 560, 592, 656, 772, 774, 775, 776, 778, 779, 780, 781, 782, 783, 784, 792, 796, 798, 799, 800, 808, 812, 814, 815, 816, 832, 840, 844, 846, 847, 848, 864, 880, 904, 908, 910, 911, 912, 928, 944, 976]
x_273: [1, 2, 3, 5, 9, 17, 18, 19, 20, 21, 22, 23, 25, 26, 27, 29, 33, 49, 50, 51, 53, 57, 65, 81, 82, 83, 85, 89, 113, 129, 145, 146, 147, 149, 153, 177, 209, 257, 258, 259, 260, 261, 262, 263, 265, 266, 267, 269, 274, 275, 276, 277, 278, 279, 280, 281, 282, 283, 284, 285, 286, 287, 289, 290, 291, 293, 297, 305, 306, 307, 308, 309, 310, 311, 313, 314, 315, 317, 321, 322, 323, 325, 329, 337, 338, 339, 340, 341, 342, 343, 345, 346, 347, 349, 353, 369, 370, 371, 373, 377, 385, 386, 387, 389, 393, 401, 402, 403, 404, 405, 406, 407, 409, 410, 411, 413, 417, 433, 434, 435, 437, 441, 449, 465, 466, 467, 469, 473, 497, 513, 529, 530, 531, 533, 537, 561, 593, 657, 769, 770, 771, 773, 777, 785, 786, 787, 788, 789, 790, 791, 793, 794, 795, 797, 801, 817, 818, 819, 821, 825, 833, 849, 850, 851, 853, 857, 881, 897, 913, 914, 915, 917, 921, 945, 977]
x_274: [1, 2, 4, 6, 10, 17, 18, 19, 20, 21, 22, 24, 25, 26, 28, 30, 34, 49, 50, 52, 54, 58, 66, 81, 82, 84, 86, 90, 114, 130, 145, 146, 148, 150, 154, 178, 210, 257, 258, 259, 260, 261, 262, 264, 265, 266, 268, 270, 273, 275, 276, 277, 278, 279, 280, 281, 282, 283, 284, 285, 286, 288, 289, 290, 292, 294, 298, 305, 306, 307, 308, 309, 310, 312, 313, 314, 316, 318, 321, 322, 324, 326, 330, 337, 338, 339, 340, 341, 342, 344, 345, 346, 348, 350, 354, 369, 370, 372, 374, 378, 385, 386, 388, 390, 394, 401, 402, 403, 404, 405, 406, 408, 409, 410, 412, 414, 418, 433, 434, 436, 438, 442, 450, 465, 466, 468, 470, 474, 498, 514, 529, 530, 532, 534, 538, 562, 594, 658, 769, 770, 772, 774, 778, 785, 786, 787, 788, 789, 790, 792, 793, 794, 796, 798, 802, 817, 818, 820, 822, 826, 834, 849, 850, 852, 854, 858, 882, 898, 913, 914, 916, 918, 922, 946, 978]
x_275: [1, 3, 4, 7, 11, 17, 18, 19, 20, 21, 23, 24, 25, 27, 28, 31, 35, 49, 51, 52, 55, 59, 67, 81, 83, 84, 87, 91, 115, 131, 145, 147, 148, 151, 155, 179, 211, 257, 258, 259, 260, 261, 263, 264, 265, 267, 268, 271, 273, 274, 276, 277, 278, 279, 280, 281, 282, 283, 284, 285, 287, 288, 289, 291, 292, 295, 299, 305, 306, 307, 308, 309, 311, 312, 313, 315, 316, 319, 321, 323, 324, 327, 331, 337, 338, 339, 340, 341, 343, 344, 345, 347, 348, 351, 355, 369, 371, 372, 375, 379, 385, 387, 388, 391, 395, 401, 402, 403, 404, 405, 407, 408, 409, 411, 412, 415, 419, 433, 435, 436, 439, 443, 451, 465, 467, 468, 471, 475, 499, 515, 529, 531, 532, 535, 539, 563, 595, 659, 769, 771, 772, 775, 779, 785, 786, 787, 788, 789, 791, 792, 793, 795, 796, 799, 803, 817, 819, 820, 823, 827, 835, 849, 851, 852, 855, 859, 883, 899, 913, 915, 916, 919, 923, 947, 979]
x_276: [2, 3, 4, 8, 12, 17, 18, 19, 20, 22, 23, 24, 26, 27, 28, 32, 36, 50, 51, 52, 56, 60, 68, 82, 83, 84, 88, 92, 116, 132, 146, 147, 148, 152, 156, 180, 212, 257, 258, 259, 260, 262, 263, 264, 266, 267, 268, 272, 273, 274, 275, 277, 278, 279, 280, 281, 282, 283, 284, 286, 287, 288, 290, 291, 292, 296, 300, 305, 306, 307, 308, 310, 311, 312, 314, 315, 316, 320, 322, 323, 324, 328, 332, 337, 338, 339, 340, 342, 343, 344, 346, 347, 348, 352, 356, 370, 371, 372, 376, 380, 386, 387, 388, 392, 396, 401, 402, 403, 404, 406, 407, 408, 410, 411, 412, 416, 420, 434, 435, 436, 440, 444, 452, 466, 467, 468, 472, 476, 500, 516, 530, 531, 532, 536, 540, 564, 596, 660, 770, 771, 772, 776, 780, 785, 786, 787, 788, 790, 791, 792, 794, 795, 796, 800, 804, 818, 819, 820, 824, 828, 836, 850, 851, 852, 856, 860, 884, 900, 914, 915, 916, 920, 924, 948, 980]
x_277: [1, 5, 6, 7, 13, 17, 18, 19, 21, 22, 23, 24, 25, 29, 30, 31, 37, 49, 53, 54, 55, 61, 69, 81, 85, 86, 87, 93, 117, 133, 145, 149, 150, 151, 157, 181, 213, 257, 258, 259, 261, 262, 263, 264, 265, 269, 270, 271, 273, 274, 275, 276, 278, 279, 280, 281, 282, 283, 285, 286, 287, 288, 289, 293, 294, 295, 301, 305, 306, 307, 309, 310, 311, 312, 313, 317, 318, 319, 321, 325, 326, 327, 333, 337, 338, 339, 341, 342, 343, 344, 345, 349, 350, 351, 357, 369, 373, 374, 375, 381, 385, 389, 390, 391, 397, 401, 402, 403, 405, 406, 407, 408, 409, 413, 414, 415, 421, 433, 437, 438, 439, 445, 453, 465, 469, 470, 471, 477, 501, 517, 529, 533, 534, 535, 541, 565, 597, 661, 769, 773, 774, 775, 781, 785, 786, 787, 789, 790, 791, 792, 793, 797, 798, 799, 805, 817, 821, 822, 823, 829, 837, 849, 853, 854, 855, 861, 885, 901, 913, 917, 918, 919, 925, 949, 981]
x_278: [2, 5, 6, 8, 14, 17, 18, 20, 21, 22, 23, 24, 26, 29, 30, 32, 38, 50, 53, 54, 56, 62, 70, 82, 85, 86, 88, 94, 118, 134, 146, 149, 150, 152, 158, 182, 214, 257, 258, 260, 261, 262, 263, 264, 266, 269, 270, 272, 273, 274, 275, 276, 277, 279, 280, 281, 282, 284, 285, 286, 287, 288, 290, 293, 294, 296, 302, 305, 306, 308, 309, 310, 311, 312, 314, 317, 318, 320, 322, 325, 326, 328, 334, 337, 338, 340, 341, 342, 343, 344, 346, 349, 350, 352, 358, 370, 373, 374, 376, 382, 386, 389, 390, 392, 398, 401, 402, 404, 405, 406, 407, 408, 410, 413, 414, 416, 422, 434, 437, 438, 440, 446, 454, 466, 469, 470, 472, 478, 502, 518, 530, 533, 534, 536, 542, 566, 598, 662, 770, 773, 774, 776, 782, 785, 786, 788, 789, 790, 791, 792, 794, 797, 798, 800, 806, 818, 821, 822, 824, 830, 838, 850, 853, 854, 856, 862, 886, 902, 914, 917, 918, 920, 926, 950, 982]
x_279: [3, 5, 7, 8, 15, 17, 19, 20, 21, 22, 23, 24, 27, 29, 31, 32, 39, 51, 53, 55, 56, 63, 71, 83, 85, 87, 88, 95, 119, 135, 147, 149, 151, 152, 159, 183, 215, 257, 259, 260, 261, 262, 263, 264, 267, 269, 271, 272, 273, 274, 275, 276, 277, 278, 280, 281, 283, 284, 285, 286, 287, 288, 291, 293, 295, 296, 303, 305, 307, 308, 309, 310, 311, 312, 315, 317, 319, 320, 323, 325, 327, 328, 335, 337, 339, 340, 341, 342, 343, 344, 347, 349, 351, 352, 359, 371, 373, 375, 376, 383, 387, 389, 391, 392, 399, 401, 403, 404, 405, 406, 407, 408, 411, 413, 415, 416, 423, 435, 437, 439, 440, 447, 455, 467, 469, 471, 472, 479, 503, 519, 531, 533, 535, 536, 543, 567, 599, 663, 771, 773, 775, 776, 783, 785, 787, 788, 789, 790, 791, 792, 795, 797, 799, 800, 807, 819, 821, 823, 824, 831, 839, 851, 853, 855, 856, 863, 887, 903, 915, 917, 919, 920, 927, 951, 983]
x_280: [4, 6, 7, 8, 16, 18, 19, 20, 21, 22, 23, 24, 28, 30, 31, 32, 40, 52, 54, 55, 56, 64, 72, 84, 86, 87, 88, 96, 120, 136, 148, 150, 151, 152, 160, 184, 216, 258, 259, 260, 261, 262, 263, 264, 268, 270, 271, 272, 273, 274, 275, 276, 277, 278, 279, 282, 283, 284, 285, 286, 287, 288, 292, 294, 295, 296, 304, 306, 307, 308, 309, 310, 311, 312, 316, 318, 319, 320, 324, 326, 327, 328, 336, 338, 339, 340, 341, 342, 343, 344, 348, 350, 351, 352, 360, 372, 374, 375, 376, 384, 388, 390, 391, 392, 400, 402, 403, 404, 405, 406, 407, 408, 412, 414, 415, 416, 424, 436, 438, 439, 440, 448, 456, 468, 470, 471, 472, 480, 504, 520, 532, 534, 535, 536, 544, 568, 600, 664, 772, 774, 775, 776, 784, 786, 787, 788, 789, 790, 791, 792, 796, 798, 799, 800, 808, 820, 822, 823, 824, 832, 840, 852, 854, 855, 856, 864, 888, 904, 916, 918, 919, 920, 928, 952, 984]
x_281: [1, 9, 10, 11, 13, 17, 18, 19, 21, 25, 26, 27, 28, 29, 30, 31, 41, 49, 57, 58, 59, 61, 73, 81, 89, 90, 91, 93, 121, 137, 145, 153, 154, 155, 157, 185, 217, 257, 258, 259, 261, 265, 266, 267, 268, 269, 270, 271, 273, 274, 275, 276, 277, 278, 279, 282, 283, 284, 285, 286, 287, 288, 289, 297, 298, 299, 301, 305, 306, 307, 309, 313, 314, 315, 316, 317, 318, 319, 321, 329, 330, 331, 333, 337, 338, 339, 341, 345, 346, 347, 348, 349, 350, 351, 361, 369, 377, 378, 379, 381, 385, 393, 394, 395, 397, 401, 402, 403, 405, 409, 410, 411, 412, 413, 414, 415, 425, 433, 441, 442, 443, 445, 457, 465, 473, 474, 475, 477, 505, 521, 529, 537, 538, 539, 541, 569, 601, 665, 769, 777, 778, 779, 781, 785, 786, 787, 789, 793, 794, 795, 796, 797, 798, 799, 809, 817, 825, 826, 827, 829, 841, 849, 857, 858, 859, 861, 889, 905, 913, 921, 922, 923, 925, 953, 985]
x_282: [2, 9, 10, 12, 14, 17, 18, 20, 22, 25, 26, 27, 28, 29, 30, 32, 42, 50, 57, 58, 60, 62, 74, 82, 89, 90, 92, 94, 122, 138, 146, 153, 154, 156, 158, 186, 218, 257, 258, 260, 262, 265, 266, 267, 268, 269, 270, 272, 273, 274, 275, 276, 277, 278, 280, 281, 283, 284, 285, 286, 287, 288, 290, 297, 298, 300, 302, 305, 306, 308, 310, 313, 314, 315, 316, 317, 318, 320, 322, 329, 330, 332, 334, 337, 338, 340, 342, 345, 346, 347, 348, 349, 350, 352, 362, 370, 377, 378, 380, 382, 386, 393, 394, 396, 398, 401, 402, 404, 406, 409, 410, 411, 412, 413, 414, 416, 426, 434, 441, 442, 444, 446, 458, 466, 473, 474, 476, 478, 506, 522, 530, 537, 538, 540, 542, 570, 602, 666, 770, 777, 778, 780, 782, 785, 786, 788, 790, 793, 794, 795, 796, 797, 798, 800, 810, 818, 825, 826, 828, 830, 842, 850, 857, 858, 860, 862, 890, 906, 914, 921, 922, 924, 926, 954, 986]
x_283: [3, 9, 11, 12, 15, 17, 19, 20, 23, 25, 26, 27, 28, 29, 31, 32, 43, 51, 57, 59, 60, 63, 75, 83, 89, 91, 92, 95, 123, 139, 147, 153, 155, 156, 159, 187, 219, 257, 259, 260, 263, 265, 266, 267, 268, 269, 271, 272, 273, 274, 275, 276, 277, 279, 280, 281, 282, 284, 285, 286, 287, 288, 291, 297, 299, 300, 303, 305, 307, 308, 311, 313, 314, 315, 316, 317, 319, 320, 323, 329, 331, 332, 335, 337, 339, 340, 343, 345, 346, 347, 348, 349, 351, 352, 363, 371, 377, 379, 380, 383, 387, 393, 395, 396, 399, 401, 403, 404, 407, 409, 410, 411, 412, 413, 415, 416, 427, 435, 441, 443, 444, 447, 459, 467, 473, 475, 476, 479, 507, 523, 531, 537, 539, 540, 543, 571, 603, 667, 771, 777, 779, 780, 783, 785, 787, 788, 791, 793, 794, 795, 796, 797, 799, 800, 811, 819, 825, 827, 828, 831, 843, 851, 857, 859, 860, 863, 891, 907, 915, 921, 923, 924, 927, 955, 987]
x_284: [4, 10, 11, 12, 16, 18, 19, 20, 24, 25, 26, 27, 28, 30, 31, 32, 44, 52, 58, 59, 60, 64, 76, 84, 90, 91, 92, 96, 124, 140, 148, 154, 155, 156, 160, 188, 220, 258, 259, 260, 264, 265, 266, 267, 268, 270, 271, 272, 273, 274, 275, 276, 278, 279, 280, 281, 282, 283, 285, 286, 287, 288, 292, 298, 299, 300, 304, 306, 307, 308, 312, 313, 314, 315, 316, 318, 319, 320, 324, 330, 331, 332, 336, 338, 339, 340, 344, 345, 346, 347, 348, 350, 351, 352, 364, 372, 378, 379, 380, 384, 388, 394, 395, 396, 400, 402, 403, 404, 408, 409, 410, 411, 412, 414, 415, 416, 428, 436, 442, 443, 444, 448, 460, 468, 474, 475, 476, 480, 508, 524, 532, 538, 539, 540, 544, 572, 604, 668, 772, 778, 779, 780, 784, 786, 787, 788, 792, 793, 794, 795, 796, 798, 799, 800, 812, 820, 826, 827, 828, 832, 844, 852, 858, 859, 860, 864, 892, 908, 916, 922, 923, 924, 928, 956, 988]
x_285: [5, 9, 13, 14, 15, 17, 21, 22, 23, 25, 26, 27, 29, 30, 31, 32, 45, 53, 57, 61, 62, 63, 77, 85, 89, 93, 94, 95, 125, 141, 149, 153, 157, 158, 159, 189, 221, 257, 261, 262, 263, 265, 266, 267, 269, 270, 271, 272, 273, 274, 275, 277, 278, 279, 280, 281, 282, 283, 284, 286, 287, 288, 293, 297, 301, 302, 303, 305, 309, 310, 311, 313, 314, 315, 317, 318, 319, 320, 325, 329, 333, 334, 335, 337, 341, 342, 343, 345, 346, 347, 349, 350, 351, 352, 365, 373, 377, 381, 382, 383, 389, 393, 397, 398, 399, 401, 405, 406, 407, 409, 410, 411, 413, 414, 415, 416, 429, 437, 441, 445, 446, 447, 461, 469, 473, 477, 478, 479, 509, 525, 533, 537, 541, 542, 543, 573, 605, 669, 773, 777, 781, 782, 783, 785, 789, 790, 791, 793, 794, 795, 797, 798, 799, 800, 813, 821, 825, 829, 830, 831, 845, 853, 857, 861, 862, 863, 893, 909, 917, 921, 925, 926, 927, 957, 989]
x_286: [6, 10, 13, 14, 16, 18, 21, 22, 24, 25, 26, 28, 29, 30, 31, 32, 46, 54, 58, 61, 62, 64, 78, 86, 90, 93, 94, 96, 126, 142, 150, 154, 157, 158, 160, 190, 222, 258, 261, 262, 264, 265, 266, 268, 269, 270, 271, 272, 273, 274, 276, 277, 278, 279, 280, 281, 282, 283, 284, 285, 287, 288, 294, 298, 301, 302, 304, 306, 309, 310, 312, 313, 314, 316, 317, 318, 319, 320, 326, 330, 333, 334, 336, 338, 341, 342, 344, 345, 346, 348, 349, 350, 351, 352, 366, 374, 378, 381, 382, 384, 390, 394, 397, 398, 400, 402, 405, 406, 408, 409, 410, 412, 413, 414, 415, 416, 430, 438, 442, 445, 446, 448, 462, 470, 474, 477, 478, 480, 510, 526, 534, 538, 541, 542, 544, 574, 606, 670, 774, 778, 781, 782, 784, 786, 789, 790, 792, 793, 794, 796, 797, 798, 799, 800, 814, 822, 826, 829, 830, 832, 846, 854, 858, 861, 862, 864, 894, 910, 918, 922, 925, 926, 928, 958, 990]
x_287: [7, 11, 13, 15, 16, 19, 21, 23, 24, 25, 27, 28, 29, 30, 31, 32, 47, 55, 59, 61, 63, 64, 79, 87, 91, 93, 95, 96, 127, 143, 151, 155, 157, 159, 160, 191, 223, 259, 261, 263, 264, 265, 267, 268, 269, 270, 271, 272, 273, 275, 276, 277, 278, 279, 280, 281, 282, 283, 284, 285, 286, 288, 295, 299, 301, 303, 304, 307, 309, 311, 312, 313, 315, 316, 317, 318, 319, 320, 327, 331, 333, 335, 336, 339, 341, 343, 344, 345, 347, 348, 349, 350, 351, 352, 367, 375, 379, 381, 383, 384, 391, 395, 397, 399, 400, 403, 405, 407, 408, 409, 411, 412, 413, 414, 415, 416, 431, 439, 443, 445, 447, 448, 463, 471, 475, 477, 479, 480, 511, 527, 535, 539, 541, 543, 544, 575, 607, 671, 775, 779, 781, 783, 784, 787, 789, 791, 792, 793, 795, 796, 797, 798, 799, 800, 815, 823, 827, 829, 831, 832, 847, 855, 859, 861, 863, 864, 895, 911, 919, 923, 925, 927, 928, 959, 991]
x_288: [8, 12, 14, 15, 16, 20, 22, 23, 24, 26, 27, 28, 29, 30, 31, 32, 48, 56, 60, 62, 63, 64, 80, 88, 92, 94, 95, 96, 128, 144, 152, 156, 158, 159, 160, 192, 224, 260, 262, 263, 264, 266, 267, 268, 269, 270, 271, 272, 274, 275, 276, 277, 278, 279, 280, 281, 282, 283, 284, 285, 286, 287, 296, 300, 302, 303, 304, 308, 310, 311, 312, 314, 315, 316, 317, 318, 319, 320, 328, 332, 334, 335, 336, 340, 342, 343, 344, 346, 347, 348, 349, 350, 351, 352, 368, 376, 380, 382, 383, 384, 392, 396, 398, 399, 400, 404, 406, 407, 408, 410, 411, 412, 413, 414, 415, 416, 432, 440, 444, 446, 447, 448, 464, 472, 476, 478, 479, 480, 512, 528, 536, 540, 542, 543, 544, 576, 608, 672, 776, 780, 782, 783, 784, 788, 790, 791, 792, 794, 795, 796, 797, 798, 799, 800, 816, 824, 828, 830, 831, 832, 848, 856, 860, 862, 863, 864, 896, 912, 920, 924, 926, 927, 928, 960, 992]
x_289: [1, 2, 3, 5, 9, 17, 33, 34, 35, 36, 37, 38, 39, 41, 42, 43, 45, 49, 50, 51, 53, 57, 65, 97, 98, 99, 101, 105, 113, 129, 161, 162, 163, 165, 169, 177, 225, 257, 258, 259, 260, 261, 262, 263, 265, 266, 267, 269, 273, 274, 275, 277, 281, 290, 291, 292, 293, 294, 295, 296, 297, 298, 299, 300, 301, 302, 303, 305, 306, 307, 308, 309, 310, 311, 313, 314, 315, 317, 321, 322, 323, 325, 329, 337, 353, 354, 355, 356, 357, 358, 359, 361, 362, 363, 365, 369, 370, 371, 373, 377, 385, 386, 387, 389, 393, 401, 417, 418, 419, 420, 421, 422, 423, 425, 426, 427, 429, 433, 434, 435, 437, 441, 449, 481, 482, 483, 485, 489, 497, 513, 545, 546, 547, 549, 553, 561, 609, 673, 769, 770, 771, 773, 777, 785, 801, 802, 803, 804, 805, 806, 807, 809, 810, 811, 813, 817, 818, 819, 821, 825, 833, 865, 866, 867, 869, 873, 881, 897, 929, 930, 931, 933, 937, 945, 993]
x_290: [1, 2, 4, 6, 10, 18, 33, 34, 35, 36, 37, 38, 40, 41, 42, 44, 46, 49, 50, 52, 54, 58, 66, 97, 98, 100, 102, 106, 114, 130, 161, 162, 164, 166, 170, 178, 226, 257, 258, 259, 260, 261, 262, 264, 265, 266, 268, 270, 273, 274, 276, 278, 282, 289, 291, 292, 293, 294, 295, 296, 297, 298, 299, 300, 301, 302, 304, 305, 306, 307, 308, 309, 310, 312, 313, 314, 316, 318, 321, 322, 324, 326, 330, 338, 353, 354, 355, 356, 357, 358, 360, 361, 362, 364, 366, 369, 370, 372, 374, 378, 385, 386, 388, 390, 394, 402, 417, 418, 419, 420, 421, 422, 424, 425, 426, 428, 430, 433, 434, 436, 438, 442, 450, 481, 482, 484, 486, 490, 498, 514, 545, 546, 548, 550, 554, 562, 610, 674, 769, 770, 772, 774, 778, 786, 801, 802, 803, 804, 805, 806, 808, 809, 810, 812, 814, 817, 818, 820, 822, 826, 834, 865, 866, 868, 870, 874, 882, 898, 929, 930, 932, 934, 938, 946, 994]
x_291: [1, 3, 4, 7, 11, 19, 33, 34, 35, 36, 37, 39, 40, 41, 43, 44, 47, 49, 51, 52, 55, 59, 67, 97, 99, 100, 103, 107, 115, 131, 161, 163, 164, 167, 171, 179, 227, 257, 258, 259, 260, 261, 263, 264, 265, 267, 268, 271, 273, 275, 276, 279, 283, 289, 290, 292, 293, 294, 295, 296, 297, 298, 299, 300, 301, 303, 304, 305, 306, 307, 308, 309, 311, 312, 313, 315, 316, 319, 321, 323, 324, 327, 331, 339, 353, 354, 355, 356, 357, 359, 360, 361, 363, 364, 367, 369, 371, 372, 375, 379, 385, 387, 388, 391, 395, 403, 417, 418, 419, 420, 421, 423, 424, 425, 427, 428, 431, 433, 435, 436, 439, 443, 451, 481, 483, 484, 487, 491, 499, 515, 545, 547, 548, 551, 555, 563, 611, 675, 769, 771, 772, 775, 779, 787, 801, 802, 803, 804, 805, 807, 808, 809, 811, 812, 815, 817, 819, 820, 823, 827, 835, 865, 867, 868, 871, 875, 883, 899, 929, 931, 932, 935, 939, 947, 995]
x_292: [2, 3, 4, 8, 12, 20, 33, 34, 35, 36, 38, 39, 40, 42, 43, 44, 48, 50, 51, 52, 56, 60, 68, 98, 99, 100, 104, 108, 116, 132, 162, 163, 164, 168, 172, 180, 228, 257, 258, 259, 260, 262, 263, 264, 266, 267, 268, 272, 274, 275, 276, 280, 284, 289, 290, 291, 293, 294, 295, 296, 297, 298, 299, 300, 302, 303, 304, 305, 306, 307, 308, 310, 311, 312, 314, 315, 316, 320, 322, 323, 324, 328, 332, 340, 353, 354, 355, 356, 358, 359, 360, 362, 363, 364, 368, 370, 371, 372, 376, 380, 386, 387, 388, 392, 396, 404, 417, 418, 419, 420, 422, 423, 424, 426, 427, 428, 432, 434, 435, 436, 440, 444, 452, 482, 483, 484, 488, 492, 500, 516, 546, 547, 548, 552, 556, 564, 612, 676, 770, 771, 772, 776, 780, 788, 801, 802, 803, 804, 806, 807, 808, 810, 811, 812, 816, 818, 819, 820, 824, 828, 836, 866, 867, 868, 872, 876, 884, 900, 930, 931, 932, 936, 940, 948, 996]
x_293: [1, 5, 6, 7, 13, 21, 33, 34, 35, 37, 38, 39, 40, 41, 45, 46, 47, 49, 53, 54, 55, 61, 69, 97, 101, 102, 103, 109, 117, 133, 161, 165, 166, 167, 173, 181, 229, 257, 258, 259, 261, 262, 263, 264, 265, 269, 270, 271, 273, 277, 278, 279, 285, 289, 290, 291, 292, 294, 295, 296, 297, 298, 299, 301, 302, 303, 304, 305, 306, 307, 309, 310, 311, 312, 313, 317, 318, 319, 321, 325, 326, 327, 333, 341, 353, 354, 355, 357, 358, 359, 360, 361, 365, 366, 367, 369, 373, 374, 375, 381, 385, 389, 390, 391, 397, 405, 417, 418, 419, 421, 422, 423, 424, 425, 429, 430, 431, 433, 437, 438, 439, 445, 453, 481, 485, 486, 487, 493, 501, 517, 545, 549, 550, 551, 557, 565, 613, 677, 769, 773, 774, 775, 781, 789, 801, 802, 803, 805, 806, 807, 808, 809, 813, 814, 815, 817, 821, 822, 823, 829, 837, 865, 869, 870, 871, 877, 885, 901, 929, 933, 934, 935, 941, 949, 997]
x_294: [2, 5, 6, 8, 14, 22, 33, 34, 36, 37, 38, 39, 40, 42, 45, 46, 48, 50, 53, 54, 56, 62, 70, 98, 101, 102, 104, 110, 118, 134, 162, 165, 166, 168, 174, 182, 230, 257, 258, 260, 261, 262, 263, 264, 266, 269, 270, 272, 274, 277, 278, 280, 286, 289, 290, 291, 292, 293, 295, 296, 297, 298, 300, 301, 302, 303, 304, 305, 306, 308, 309, 310, 311, 312, 314, 317, 318, 320, 322, 325, 326, 328, 334, 342, 353, 354, 356, 357, 358, 359, 360, 362, 365, 366, 368, 370, 373, 374, 376, 382, 386, 389, 390, 392, 398, 406, 417, 418, 420, 421, 422, 423, 424, 426, 429, 430, 432, 434, 437, 438, 440, 446, 454, 482, 485, 486, 488, 494, 502, 518, 546, 549, 550, 552, 558, 566, 614, 678, 770, 773, 774, 776, 782, 790, 801, 802, 804, 805, 806, 807, 808, 810, 813, 814, 816, 818, 821, 822, 824, 830, 838, 866, 869, 870, 872, 878, 886, 902, 930, 933, 934, 936, 942, 950, 998]
x_295: [3, 5, 7, 8, 15, 23, 33, 35, 36, 37, 38, 39, 40, 43, 45, 47, 48, 51, 53, 55, 56, 63, 71, 99, 101, 103, 104, 111, 119, 135, 163, 165, 167, 168, 175, 183, 231, 257, 259, 260, 261, 262, 263, 264, 267, 269, 271, 272, 275, 277, 279, 280, 287, 289, 290, 291, 292, 293, 294, 296, 297, 299, 300, 301, 302, 303, 304, 305, 307, 308, 309, 310, 311, 312, 315, 317, 319, 320, 323, 325, 327, 328, 335, 343, 353, 355, 356, 357, 358, 359, 360, 363, 365, 367, 368, 371, 373, 375, 376, 383, 387, 389, 391, 392, 399, 407, 417, 419, 420, 421, 422, 423, 424, 427, 429, 431, 432, 435, 437, 439, 440, 447, 455, 483, 485, 487, 488, 495, 503, 519, 547, 549, 551, 552, 559, 567, 615, 679, 771, 773, 775, 776, 783, 791, 801, 803, 804, 805, 806, 807, 808, 811, 813, 815, 816, 819, 821, 823, 824, 831, 839, 867, 869, 871, 872, 879, 887, 903, 931, 933, 935, 936, 943, 951, 999]
x_296: [4, 6, 7, 8, 16, 24, 34, 35, 36, 37, 38, 39, 40, 44, 46, 47, 48, 52, 54, 55, 56, 64, 72, 100, 102, 103, 104, 112, 120, 136, 164, 166, 167, 168, 176, 184, 232, 258, 259, 260, 261, 262, 263, 264, 268, 270, 271, 272, 276, 278, 279, 280, 288, 289, 290, 291, 292, 293, 294, 295, 298, 299, 300, 301, 302, 303, 304, 306, 307, 308, 309, 310, 311, 312, 316, 318, 319, 320, 324, 326, 327, 328, 336, 344, 354, 355, 356, 357, 358, 359, 360, 364, 366, 367, 368, 372, 374, 375, 376, 384, 388, 390, 391, 392, 400, 408, 418, 419, 420, 421, 422, 423, 424, 428, 430, 431, 432, 436, 438, 439, 440, 448, 456, 484, 486, 487, 488, 496, 504, 520, 548, 550, 551, 552, 560, 568, 616, 680, 772, 774, 775, 776, 784, 792, 802, 803, 804, 805, 806, 807, 808, 812, 814, 815, 816, 820, 822, 823, 824, 832, 840, 868, 870, 871, 872, 880, 888, 904, 932, 934, 935, 936, 944, 952, 1000]
x_297: [1, 9, 10, 11, 13, 25, 33, 34, 35, 37, 41, 42, 43, 44, 45, 46, 47, 49, 57, 58, 59, 61, 73, 97, 105, 106, 107, 109, 121, 137, 161, 169, 170, 171, 173, 185, 233, 257, 258, 259, 261, 265, 266, 267, 268, 269, 270, 271, 273, 281, 282, 283, 285, 289, 290, 291, 292, 293, 294, 295, 298, 299, 300, 301, 302, 303, 304, 305, 306, 307, 309, 313, 314, 315, 316, 317, 318, 319, 321, 329, 330, 331, 333, 345, 353, 354, 355, 357, 361, 362, 363, 364, 365, 366, 367, 369, 377, 378, 379, 381, 385, 393, 394, 395, 397, 409, 417, 418, 419, 421, 425, 426, 427, 428, 429, 430, 431, 433, 441, 442, 443, 445, 457, 481, 489, 490, 491, 493, 505, 521, 545, 553, 554, 555, 557, 569, 617, 681, 769, 777, 778, 779, 781, 793, 801, 802, 803, 805, 809, 810, 811, 812, 813, 814, 815, 817, 825, 826, 827, 829, 841, 865, 873, 874, 875, 877, 889, 905, 929, 937, 938, 939, 941, 953, 1001]
x_298: [2, 9, 10, 12, 14, 26, 33, 34, 36, 38, 41, 42, 43, 44, 45, 46, 48, 50, 57, 58, 60, 62, 74, 98, 105, 106, 108, 110, 122, 138, 162, 169, 170, 172, 174, 186, 234, 257, 258, 260, 262, 265, 266, 267, 268, 269, 270, 272, 274, 281, 282, 284, 286, 289, 290, 291, 292, 293, 294, 296, 297, 299, 300, 301, 302, 303, 304, 305, 306, 308, 310, 313, 314, 315, 316, 317, 318, 320, 322, 329, 330, 332, 334, 346, 353, 354, 356, 358, 361, 362, 363, 364, 365, 366, 368, 370, 377, 378, 380, 382, 386, 393, 394, 396, 398, 410, 417, 418, 420, 422, 425, 426, 427, 428, 429, 430, 432, 434, 441, 442, 444, 446, 458, 482, 489, 490, 492, 494, 506, 522, 546, 553, 554, 556, 558, 570, 618, 682, 770, 777, 778, 780, 782, 794, 801, 802, 804, 806, 809, 810, 811, 812, 813, 814, 816, 818, 825, 826, 828, 830, 842, 866, 873, 874, 876, 878, 890, 906, 930, 937, 938, 940, 942, 954, 1002]
x_299: [3, 9, 11, 12, 15, 27, 33, 35, 36, 39, 41, 42, 43, 44, 45, 47, 48, 51, 57, 59, 60, 63, 75, 99, 105, 107, 108, 111, 123, 139, 163, 169, 171, 172, 175, 187, 235, 257, 259, 260, 263, 265, 266, 267, 268, 269, 271, 272, 275, 281, 283, 284, 287, 289, 290, 291, 292, 293, 295, 296, 297, 298, 300, 301, 302, 303, 304, 305, 307, 308, 311, 313, 314, 315, 316, 317, 319, 320, 323, 329, 331, 332, 335, 347, 353, 355, 356, 359, 361, 362, 363, 364, 365, 367, 368, 371, 377, 379, 380, 383, 387, 393, 395, 396, 399, 411, 417, 419, 420, 423, 425, 426, 427, 428, 429, 431, 432, 435, 441, 443, 444, 447, 459, 483, 489, 491, 492, 495, 507, 523, 547, 553, 555, 556, 559, 571, 619, 683, 771, 777, 779, 780, 783, 795, 801, 803, 804, 807, 809, 810, 811, 812, 813, 815, 816, 819, 825, 827, 828, 831, 843, 867, 873, 875, 876, 879, 891, 907, 931, 937, 939, 940, 943, 955, 1003]
x_300: [4, 10, 11, 12, 16, 28, 34, 35, 36, 40, 41, 42, 43, 44, 46, 47, 48, 52, 58, 59, 60, 64, 76, 100, 106, 107, 108, 112, 124, 140, 164, 170, 171, 172, 176, 188, 236, 258, 259, 260, 264, 265, 266, 267, 268, 270, 271, 272, 276, 282, 283, 284, 288, 289, 290, 291, 292, 294, 295, 296, 297, 298, 299, 301, 302, 303, 304, 306, 307, 308, 312, 313, 314, 315, 316, 318, 319, 320, 324, 330, 331, 332, 336, 348, 354, 355, 356, 360, 361, 362, 363, 364, 366, 367, 368, 372, 378, 379, 380, 384, 388, 394, 395, 396, 400, 412, 418, 419, 420, 424, 425, 426, 427, 428, 430, 431, 432, 436, 442, 443, 444, 448, 460, 484, 490, 491, 492, 496, 508, 524, 548, 554, 555, 556, 560, 572, 620, 684, 772, 778, 779, 780, 784, 796, 802, 803, 804, 808, 809, 810, 811, 812, 814, 815, 816, 820, 826, 827, 828, 832, 844, 868, 874, 875, 876, 880, 892, 908, 932, 938, 939, 940, 944, 956, 1004]
x_301: [5, 9, 13, 14, 15, 29, 33, 37, 38, 39, 41, 42, 43, 45, 46, 47, 48, 53, 57, 61, 62, 63, 77, 101, 105, 109, 110, 111, 125, 141, 165, 169, 173, 174, 175, 189, 237, 257, 261, 262, 263, 265, 266, 267, 269, 270, 271, 272, 277, 281, 285, 286, 287, 289, 290, 291, 293, 294, 295, 296, 297, 298, 299, 300, 302, 303, 304, 305, 309, 310, 311, 313, 314, 315, 317, 318, 319, 320, 325, 329, 333, 334, 335, 349, 353, 357, 358, 359, 361, 362, 363, 365, 366, 367, 368, 373, 377, 381, 382, 383, 389, 393, 397, 398, 399, 413, 417, 421, 422, 423, 425, 426, 427, 429, 430, 431, 432, 437, 441, 445, 446, 447, 461, 485, 489, 493, 494, 495, 509, 525, 549, 553, 557, 558, 559, 573, 621, 685, 773, 777, 781, 782, 783, 797, 801, 805, 806, 807, 809, 810, 811, 813, 814, 815, 816, 821, 825, 829, 830, 831, 845, 869, 873, 877, 878, 879, 893, 909, 933, 937, 941, 942, 943, 957, 1005]
x_302: [6, 10, 13, 14, 16, 30, 34, 37, 38, 40, 41, 42, 44, 45, 46, 47, 48, 54, 58, 61, 62, 64, 78, 102, 106, 109, 110, 112, 126, 142, 166, 170, 173, 174, 176, 190, 238, 258, 261, 262, 264, 265, 266, 268, 269, 270, 271, 272, 278, 282, 285, 286, 288, 289, 290, 292, 293, 294, 295, 296, 297, 298, 299, 300, 301, 303, 304, 306, 309, 310, 312, 313, 314, 316, 317, 318, 319, 320, 326, 330, 333, 334, 336, 350, 354, 357, 358, 360, 361, 362, 364, 365, 366, 367, 368, 374, 378, 381, 382, 384, 390, 394, 397, 398, 400, 414, 418, 421, 422, 424, 425, 426, 428, 429, 430, 431, 432, 438, 442, 445, 446, 448, 462, 486, 490, 493, 494, 496, 510, 526, 550, 554, 557, 558, 560, 574, 622, 686, 774, 778, 781, 782, 784, 798, 802, 805, 806, 808, 809, 810, 812, 813, 814, 815, 816, 822, 826, 829, 830, 832, 846, 870, 874, 877, 878, 880, 894, 910, 934, 938, 941, 942, 944, 958, 1006]
x_303: [7, 11, 13, 15, 16, 31, 35, 37, 39, 40, 41, 43, 44, 45, 46, 47, 48, 55, 59, 61, 63, 64, 79, 103, 107, 109, 111, 112, 127, 143, 167, 171, 173, 175, 176, 191, 239, 259, 261, 263, 264, 265, 267, 268, 269, 270, 271, 272, 279, 283, 285, 287, 288, 289, 291, 292, 293, 294, 295, 296, 297, 298, 299, 300, 301, 302, 304, 307, 309, 311, 312, 313, 315, 316, 317, 318, 319, 320, 327, 331, 333, 335, 336, 351, 355, 357, 359, 360, 361, 363, 364, 365, 366, 367, 368, 375, 379, 381, 383, 384, 391, 395, 397, 399, 400, 415, 419, 421, 423, 424, 425, 427, 428, 429, 430, 431, 432, 439, 443, 445, 447, 448, 463, 487, 491, 493, 495, 496, 511, 527, 551, 555, 557, 559, 560, 575, 623, 687, 775, 779, 781, 783, 784, 799, 803, 805, 807, 808, 809, 811, 812, 813, 814, 815, 816, 823, 827, 829, 831, 832, 847, 871, 875, 877, 879, 880, 895, 911, 935, 939, 941, 943, 944, 959, 1007]
x_304: [8, 12, 14, 15, 16, 32, 36, 38, 39, 40, 42, 43, 44, 45, 46, 47, 48, 56, 60, 62, 63, 64, 80, 104, 108, 110, 111, 112, 128, 144, 168, 172, 174, 175, 176, 192, 240, 260, 262, 263, 264, 266, 267, 268, 269, 270, 271, 272, 280, 284, 286, 287, 288, 290, 291, 292, 293, 294, 295, 296, 297, 298, 299, 300, 301, 302, 303, 308, 310, 311, 312, 314, 315, 316, 317, 318, 319, 320, 328, 332, 334, 335, 336, 352, 356, 358, 359, 360, 362, 363, 364, 365, 366, 367, 368, 376, 380, 382, 383, 384, 392, 396, 398, 399, 400, 416, 420, 422, 423, 424, 426, 427, 428, 429, 430, 431, 432, 440, 444, 446, 447, 448, 464, 488, 492, 494, 495, 496, 512, 528, 552, 556, 558, 559, 560, 576, 624, 688, 776, 780, 782, 783, 784, 800, 804, 806, 807, 808, 810, 811, 812, 813, 814, 815, 816, 824, 828, 830, 831, 832, 848, 872, 876, 878, 879, 880, 896, 912, 936, 940, 942, 943, 944, 960, 1008]
x_305: [1, 17, 18, 19, 21, 25, 33, 34, 35, 37, 41, 49, 50, 51, 52, 53, 54, 55, 57, 58, 59, 61, 81, 97, 113, 114, 115, 117, 121, 145, 161, 177, 178, 179, 181, 185, 241, 257, 258, 259, 261, 265, 273, 274, 275, 276, 277, 278, 279, 281, 282, 283, 285, 289, 290, 291, 292, 293, 294, 295, 297, 298, 299, 301, 306, 307, 308, 309, 310, 311, 312, 313, 314, 315, 316, 317, 318, 319, 321, 337, 338, 339, 341, 345, 353, 354, 355, 357, 361, 369, 370, 371, 372, 373, 374, 375, 377, 378, 379, 381, 385, 401, 402, 403, 405, 409, 417, 418, 419, 421, 425, 433, 434, 435, 436, 437, 438, 439, 441, 442, 443, 445, 465, 481, 497, 498, 499, 501, 505, 529, 545, 561, 562, 563, 565, 569, 625, 689, 769, 785, 786, 787, 789, 793, 801, 802, 803, 805, 809, 817, 818, 819, 820, 821, 822, 823, 825, 826, 827, 829, 849, 865, 881, 882, 883, 885, 889, 913, 929, 945, 946, 947, 949, 953, 1009]
x_306: [2, 17, 18, 20, 22, 26, 33, 34, 36, 38, 42, 49, 50, 51, 52, 53, 54, 56, 57, 58, 60, 62, 82, 98, 113, 114, 116, 118, 122, 146, 162, 177, 178, 180, 182, 186, 242, 257, 258, 260, 262, 266, 273, 274, 275, 276, 277, 278, 280, 281, 282, 284, 286, 289, 290, 291, 292, 293, 294, 296, 297, 298, 300, 302, 305, 307, 308, 309, 310, 311, 312, 313, 314, 315, 316, 317, 318, 320, 322, 337, 338, 340, 342, 346, 353, 354, 356, 358, 362, 369, 370, 371, 372, 373, 374, 376, 377, 378, 380, 382, 386, 401, 402, 404, 406, 410, 417, 418, 420, 422, 426, 433, 434, 435, 436, 437, 438, 440, 441, 442, 444, 446, 466, 482, 497, 498, 500, 502, 506, 530, 546, 561, 562, 564, 566, 570, 626, 690, 770, 785, 786, 788, 790, 794, 801, 802, 804, 806, 810, 817, 818, 819, 820, 821, 822, 824, 825, 826, 828, 830, 850, 866, 881, 882, 884, 886, 890, 914, 930, 945, 946, 948, 950, 954, 1010]
x_307: [3, 17, 19, 20, 23, 27, 33, 35, 36, 39, 43, 49, 50, 51, 52, 53, 55, 56, 57, 59, 60, 63, 83, 99, 113, 115, 116, 119, 123, 147, 163, 177, 179, 180, 183, 187, 243, 257, 259, 260, 263, 267, 273, 274, 275, 276, 277, 279, 280, 281, 283, 284, 287, 289, 290, 291, 292, 293, 295, 296, 297, 299, 300, 303, 305, 306, 308, 309, 310, 311, 312, 313, 314, 315, 316, 317, 319, 320, 323, 337, 339, 340, 343, 347, 353, 355, 356, 359, 363, 369, 370, 371, 372, 373, 375, 376, 377, 379, 380, 383, 387, 401, 403, 404, 407, 411, 417, 419, 420, 423, 427, 433, 434, 435, 436, 437, 439, 440, 441, 443, 444, 447, 467, 483, 497, 499, 500, 503, 507, 531, 547, 561, 563, 564, 567, 571, 627, 691, 771, 785, 787, 788, 791, 795, 801, 803, 804, 807, 811, 817, 818, 819, 820, 821, 823, 824, 825, 827, 828, 831, 851, 867, 881, 883, 884, 887, 891, 915, 931, 945, 947, 948, 951, 955, 1011]
x_308: [4, 18, 19, 20, 24, 28, 34, 35, 36, 40, 44, 49, 50, 51, 52, 54, 55, 56, 58, 59, 60, 64, 84, 100, 114, 115, 116, 120, 124, 148, 164, 178, 179, 180, 184, 188, 244, 258, 259, 260, 264, 268, 273, 274, 275, 276, 278, 279, 280, 282, 283, 284, 288, 289, 290, 291, 292, 294, 295, 296, 298, 299, 300, 304, 305, 306, 307, 309, 310, 311, 312, 313, 314, 315, 316, 318, 319, 320, 324, 338, 339, 340, 344, 348, 354, 355, 356, 360, 364, 369, 370, 371, 372, 374, 375, 376, 378, 379, 380, 384, 388, 402, 403, 404, 408, 412, 418, 419, 420, 424, 428, 433, 434, 435, 436, 438, 439, 440, 442, 443, 444, 448, 468, 484, 498, 499, 500, 504, 508, 532, 548, 562, 563, 564, 568, 572, 628, 692, 772, 786, 787, 788, 792, 796, 802, 803, 804, 808, 812, 817, 818, 819, 820, 822, 823, 824, 826, 827, 828, 832, 852, 868, 882, 883, 884, 888, 892, 916, 932, 946, 947, 948, 952, 956, 1012]
x_309: [5, 17, 21, 22, 23, 29, 33, 37, 38, 39, 45, 49, 50, 51, 53, 54, 55, 56, 57, 61, 62, 63, 85, 101, 113, 117, 118, 119, 125, 149, 165, 177, 181, 182, 183, 189, 245, 257, 261, 262, 263, 269, 273, 274, 275, 277, 278, 279, 280, 281, 285, 286, 287, 289, 290, 291, 293, 294, 295, 296, 297, 301, 302, 303, 305, 306, 307, 308, 310, 311, 312, 313, 314, 315, 317, 318, 319, 320, 325, 337, 341, 342, 343, 349, 353, 357, 358, 359, 365, 369, 370, 371, 373, 374, 375, 376, 377, 381, 382, 383, 389, 401, 405, 406, 407, 413, 417, 421, 422, 423, 429, 433, 434, 435, 437, 438, 439, 440, 441, 445, 446, 447, 469, 485, 497, 501, 502, 503, 509, 533, 549, 561, 565, 566, 567, 573, 629, 693, 773, 785, 789, 790, 791, 797, 801, 805, 806, 807, 813, 817, 818, 819, 821, 822, 823, 824, 825, 829, 830, 831, 853, 869, 881, 885, 886, 887, 893, 917, 933, 945, 949, 950, 951, 957, 1013]
x_310: [6, 18, 21, 22, 24, 30, 34, 37, 38, 40, 46, 49, 50, 52, 53, 54, 55, 56, 58, 61, 62, 64, 86, 102, 114, 117, 118, 120, 126, 150, 166, 178, 181, 182, 184, 190, 246, 258, 261, 262, 264, 270, 273, 274, 276, 277, 278, 279, 280, 282, 285, 286, 288, 289, 290, 292, 293, 294, 295, 296, 298, 301, 302, 304, 305, 306, 307, 308, 309, 311, 312, 313, 314, 316, 317, 318, 319, 320, 326, 338, 341, 342, 344, 350, 354, 357, 358, 360, 366, 369, 370, 372, 373, 374, 375, 376, 378, 381, 382, 384, 390, 402, 405, 406, 408, 414, 418, 421, 422, 424, 430, 433, 434, 436, 437, 438, 439, 440, 442, 445, 446, 448, 470, 486, 498, 501, 502, 504, 510, 534, 550, 562, 565, 566, 568, 574, 630, 694, 774, 786, 789, 790, 792, 798, 802, 805, 806, 808, 814, 817, 818, 820, 821, 822, 823, 824, 826, 829, 830, 832, 854, 870, 882, 885, 886, 888, 894, 918, 934, 946, 949, 950, 952, 958, 1014]
x_311: [7, 19, 21, 23, 24, 31, 35, 37, 39, 40, 47, 49, 51, 52, 53, 54, 55, 56, 59, 61, 63, 64, 87, 103, 115, 117, 119, 120, 127, 151, 167, 179, 181, 183, 184, 191, 247, 259, 261, 263, 264, 271, 273, 275, 276, 277, 278, 279, 280, 283, 285, 287, 288, 289, 291, 292, 293, 294, 295, 296, 299, 301, 303, 304, 305, 306, 307, 308, 309, 310, 312, 313, 315, 316, 317, 318, 319, 320, 327, 339, 341, 343, 344, 351, 355, 357, 359, 360, 367, 369, 371, 372, 373, 374, 375, 376, 379, 381, 383, 384, 391, 403, 405, 407, 408, 415, 419, 421, 423, 424, 431, 433, 435, 436, 437, 438, 439, 440, 443, 445, 447, 448, 471, 487, 499, 501, 503, 504, 511, 535, 551, 563, 565, 567, 568, 575, 631, 695, 775, 787, 789, 791, 792, 799, 803, 805, 807, 808, 815, 817, 819, 820, 821, 822, 823, 824, 827, 829, 831, 832, 855, 871, 883, 885, 887, 888, 895, 919, 935, 947, 949, 951, 952, 959, 1015]
x_312: [8, 20, 22, 23, 24, 32, 36, 38, 39, 40, 48, 50, 51, 52, 53, 54, 55, 56, 60, 62, 63, 64, 88, 104, 116, 118, 119, 120, 128, 152, 168, 180, 182, 183, 184, 192, 248, 260, 262, 263, 264, 272, 274, 275, 276, 277, 278, 279, 280, 284, 286, 287, 288, 290, 291, 292, 293, 294, 295, 296, 300, 302, 303, 304, 305, 306, 307, 308, 309, 310, 311, 314, 315, 316, 317, 318, 319, 320, 328, 340, 342, 343, 344, 352, 356, 358, 359, 360, 368, 370, 371, 372, 373, 374, 375, 376, 380, 382, 383, 384, 392, 404, 406, 407, 408, 416, 420, 422, 423, 424, 432, 434, 435, 436, 437, 438, 439, 440, 444, 446, 447, 448, 472, 488, 500, 502, 503, 504, 512, 536, 552, 564, 566, 567, 568, 576, 632, 696, 776, 788, 790, 791, 792, 800, 804, 806, 807, 808, 816, 818, 819, 820, 821, 822, 823, 824, 828, 830, 831, 832, 856, 872, 884, 886, 887, 888, 896, 920, 936, 948, 950, 951, 952, 960, 1016]
x_313: [9, 17, 25, 26, 27, 29, 33, 41, 42, 43, 45, 49, 50, 51, 53, 57, 58, 59, 60, 61, 62, 63, 89, 105, 113, 121, 122, 123, 125, 153, 169, 177, 185, 186, 187, 189, 249, 257, 265, 266, 267, 269, 273, 274, 275, 277, 281, 282, 283, 284, 285, 286, 287, 289, 290, 291, 293, 297, 298, 299, 300, 301, 302, 303, 305, 306, 307, 308, 309, 310, 311, 314, 315, 316, 317, 318, 319, 320, 329, 337, 345, 346, 347, 349, 353, 361, 362, 363, 365, 369, 370, 371, 373, 377, 378, 379, 380, 381, 382, 383, 393, 401, 409, 410, 411, 413, 417, 425, 426, 427, 429, 433, 434, 435, 437, 441, 442, 443, 444, 445, 446, 447, 473, 489, 497, 505, 506, 507, 509, 537, 553, 561, 569, 570, 571, 573, 633, 697, 777, 785, 793, 794, 795, 797, 801, 809, 810, 811, 813, 817, 818, 819, 821, 825, 826, 827, 828, 829, 830, 831, 857, 873, 881, 889, 890, 891, 893, 921, 937, 945, 953, 954, 955, 957, 1017]
x_314: [10, 18, 25, 26, 28, 30, 34, 41, 42, 44, 46, 49, 50, 52, 54, 57, 58, 59, 60, 61, 62, 64, 90, 106, 114, 121, 122, 124, 126, 154, 170, 178, 185, 186, 188, 190, 250, 258, 265, 266, 268, 270, 273, 274, 276, 278, 281, 282, 283, 284, 285, 286, 288, 289, 290, 292, 294, 297, 298, 299, 300, 301, 302, 304, 305, 306, 307, 308, 309, 310, 312, 313, 315, 316, 317, 318, 319, 320, 330, 338, 345, 346, 348, 350, 354, 361, 362, 364, 366, 369, 370, 372, 374, 377, 378, 379, 380, 381, 382, 384, 394, 402, 409, 410, 412, 414, 418, 425, 426, 428, 430, 433, 434, 436, 438, 441, 442, 443, 444, 445, 446, 448, 474, 490, 498, 505, 506, 508, 510, 538, 554, 562, 569, 570, 572, 574, 634, 698, 778, 786, 793, 794, 796, 798, 802, 809, 810, 812, 814, 817, 818, 820, 822, 825, 826, 827, 828, 829, 830, 832, 858, 874, 882, 889, 890, 892, 894, 922, 938, 946, 953, 954, 956, 958, 1018]
x_315: [11, 19, 25, 27, 28, 31, 35, 41, 43, 44, 47, 49, 51, 52, 55, 57, 58, 59, 60, 61, 63, 64, 91, 107, 115, 121, 123, 124, 127, 155, 171, 179, 185, 187, 188, 191, 251, 259, 265, 267, 268, 271, 273, 275, 276, 279, 281, 282, 283, 284, 285, 287, 288, 289, 291, 292, 295, 297, 298, 299, 300, 301, 303, 304, 305, 306, 307, 308, 309, 311, 312, 313, 314, 316, 317, 318, 319, 320, 331, 339, 345, 347, 348, 351, 355, 361, 363, 364, 367, 369, 371, 372, 375, 377, 378, 379, 380, 381, 383, 384, 395, 403, 409, 411, 412, 415, 419, 425, 427, 428, 431, 433, 435, 436, 439, 441, 442, 443, 444, 445, 447, 448, 475, 491, 499, 505, 507, 508, 511, 539, 555, 563, 569, 571, 572, 575, 635, 699, 779, 787, 793, 795, 796, 799, 803, 809, 811, 812, 815, 817, 819, 820, 823, 825, 826, 827, 828, 829, 831, 832, 859, 875, 883, 889, 891, 892, 895, 923, 939, 947, 953, 955, 956, 959, 1019]
x_316: [12, 20, 26, 27, 28, 32, 36, 42, 43, 44, 48, 50, 51, 52, 56, 57, 58, 59, 60, 62, 63, 64, 92, 108, 116, 122, 123, 124, 128, 156, 172, 180, 186, 187, 188, 192, 252, 260, 266, 267, 268, 272, 274, 275, 276, 280, 281, 282, 283, 284, 286, 287, 288, 290, 291, 292, 296, 297, 298, 299, 300, 302, 303, 304, 305, 306, 307, 308, 310, 311, 312, 313, 314, 315, 317, 318, 319, 320, 332, 340, 346, 347, 348, 352, 356, 362, 363, 364, 368, 370, 371, 372, 376, 377, 378, 379, 380, 382, 383, 384, 396, 404, 410, 411, 412, 416, 420, 426, 427, 428, 432, 434, 435, 436, 440, 441, 442, 443, 444, 446, 447, 448, 476, 492, 500, 506, 507, 508, 512, 540, 556, 564, 570, 571, 572, 576, 636, 700, 780, 788, 794, 795, 796, 800, 804, 810, 811, 812, 816, 818, 819, 820, 824, 825, 826, 827, 828, 830, 831, 832, 860, 876, 884, 890, 891, 892, 896, 924, 940, 948, 954, 955, 956, 960, 1020]
x_317: [13, 21, 25, 29, 30, 31, 37, 41, 45, 46, 47, 49, 53, 54, 55, 57, 58, 59, 61, 62, 63, 64, 93, 109, 117, 121, 125, 126, 127, 157, 173, 181, 185, 189, 190, 191, 253, 261, 265, 269, 270, 271, 273, 277, 278, 279, 281, 282, 283, 285, 286, 287, 288, 289, 293, 294, 295, 297, 298, 299, 301, 302, 303, 304, 305, 306, 307, 309, 310, 311, 312, 313, 314, 315, 316, 318, 319, 320, 333, 341, 345, 349, 350, 351, 357, 361, 365, 366, 367, 369, 373, 374, 375, 377, 378, 379, 381, 382, 383, 384, 397, 405, 409, 413, 414, 415, 421, 425, 429, 430, 431, 433, 437, 438, 439, 441, 442, 443, 445, 446, 447, 448, 477, 493, 501, 505, 509, 510, 511, 541, 557, 565, 569, 573, 574, 575, 637, 701, 781, 789, 793, 797, 798, 799, 805, 809, 813, 814, 815, 817, 821, 822, 823, 825, 826, 827, 829, 830, 831, 832, 861, 877, 885, 889, 893, 894, 895, 925, 941, 949, 953, 957, 958, 959, 1021]
x_318: [14, 22, 26, 29, 30, 32, 38, 42, 45, 46, 48, 50, 53, 54, 56, 57, 58, 60, 61, 62, 63, 64, 94, 110, 118, 122, 125, 126, 128, 158, 174, 182, 186, 189, 190, 192, 254, 262, 266, 269, 270, 272, 274, 277, 278, 280, 281, 282, 284, 285, 286, 287, 288, 290, 293, 294, 296, 297, 298, 300, 301, 302, 303, 304, 305, 306, 308, 309, 310, 311, 312, 313, 314, 315, 316, 317, 319, 320, 334, 342, 346, 349, 350, 352, 358, 362, 365, 366, 368, 370, 373, 374, 376, 377, 378, 380, 381, 382, 383, 384, 398, 406, 410, 413, 414, 416, 422, 426, 429, 430, 432, 434, 437, 438, 440, 441, 442, 444, 445, 446, 447, 448, 478, 494, 502, 506, 509, 510, 512, 542, 558, 566, 570, 573, 574, 576, 638, 702, 782, 790, 794, 797, 798, 800, 806, 810, 813, 814, 816, 818, 821, 822, 824, 825, 826, 828, 829, 830, 831, 832, 862, 878, 886, 890, 893, 894, 896, 926, 942, 950, 954, 957, 958, 960, 1022]
x_319: [15, 23, 27, 29, 31, 32, 39, 43, 45, 47, 48, 51, 53, 55, 56, 57, 59, 60, 61, 62, 63, 64, 95, 111, 119, 123, 125, 127, 128, 159, 175, 183, 187, 189, 191, 192, 255, 263, 267, 269, 271, 272, 275, 277, 279, 280, 281, 283, 284, 285, 286, 287, 288, 291, 293, 295, 296, 297, 299, 300, 301, 302, 303, 304, 305, 307, 308, 309, 310, 311, 312, 313, 314, 315, 316, 317, 318, 320, 335, 343, 347, 349, 351, 352, 359, 363, 365, 367, 368, 371, 373, 375, 376, 377, 379, 380, 381, 382, 383, 384, 399, 407, 411, 413, 415, 416, 423, 427, 429, 431, 432, 435, 437, 439, 440, 441, 443, 444, 445, 446, 447, 448, 479, 495, 503, 507, 509, 511, 512, 543, 559, 567, 571, 573, 575, 576, 639, 703, 783, 791, 795, 797, 799, 800, 807, 811, 813, 815, 816, 819, 821, 823, 824, 825, 827, 828, 829, 830, 831, 832, 863, 879, 887, 891, 893, 895, 896, 927, 943, 951, 955, 957, 959, 960, 1023]
x_320: [16, 24, 28, 30, 31, 32, 40, 44, 46, 47, 48, 52, 54, 55, 56, 58, 59, 60, 61, 62, 63, 64, 96, 112, 120, 124, 126, 127, 128, 160, 176, 184, 188, 190, 191, 192, 256, 264, 268, 270, 271, 272, 276, 278, 279, 280, 282, 283, 284, 285, 286, 287, 288, 292, 294, 295, 296, 298, 299, 300, 301, 302, 303, 304, 306, 307, 308, 309, 310, 311, 312, 313, 314, 315, 316, 317, 318, 319, 336, 344, 348, 350, 351, 352, 360, 364, 366, 367, 368, 372, 374, 375, 376, 378, 379, 380, 381, 382, 383, 384, 400, 408, 412, 414, 415, 416, 424, 428, 430, 431, 432, 436, 438, 439, 440, 442, 443, 444, 445, 446, 447, 448, 480, 496, 504, 508, 510, 511, 512, 544, 560, 568, 572, 574, 575, 576, 640, 704, 784, 792, 796, 798, 799, 800, 808, 812, 814, 815, 816, 820, 822, 823, 824, 826, 827, 828, 829, 830, 831, 832, 864, 880, 888, 892, 894, 895, 896, 928, 944, 952, 956, 958, 959, 960, 1024]
x_321: [1, 2, 3, 5, 9, 17, 33, 65, 66, 67, 68, 69, 70, 71, 73, 74, 75, 77, 81, 82, 83, 85, 89, 97, 98, 99, 101, 105, 113, 129, 193, 194, 195, 197, 201, 209, 225, 257, 258, 259, 260, 261, 262, 263, 265, 266, 267, 269, 273, 274, 275, 277, 281, 289, 290, 291, 293, 297, 305, 322, 323, 324, 325, 326, 327, 328, 329, 330, 331, 332, 333, 334, 335, 337, 338, 339, 340, 341, 342, 343, 345, 346, 347, 349, 353, 354, 355, 356, 357, 358, 359, 361, 362, 363, 365, 369, 370, 371, 373, 377, 385, 386, 387, 389, 393, 401, 417, 449, 450, 451, 452, 453, 454, 455, 457, 458, 459, 461, 465, 466, 467, 469, 473, 481, 482, 483, 485, 489, 497, 513, 577, 578, 579, 581, 585, 593, 609, 705, 769, 770, 771, 773, 777, 785, 801, 833, 834, 835, 836, 837, 838, 839, 841, 842, 843, 845, 849, 850, 851, 853, 857, 865, 866, 867, 869, 873, 881, 897, 961, 962, 963, 965, 969, 977, 993]
x_322: [1, 2, 4, 6, 10, 18, 34, 65, 66, 67, 68, 69, 70, 72, 73, 74, 76, 78, 81, 82, 84, 86, 90, 97, 98, 100, 102, 106, 114, 130, 193, 194, 196, 198, 202, 210, 226, 257, 258, 259, 260, 261, 262, 264, 265, 266, 268, 270, 273, 274, 276, 278, 282, 289, 290, 292, 294, 298, 306, 321, 323, 324, 325, 326, 327, 328, 329, 330, 331, 332, 333, 334, 336, 337, 338, 339, 340, 341, 342, 344, 345, 346, 348, 350, 353, 354, 355, 356, 357, 358, 360, 361, 362, 364, 366, 369, 370, 372, 374, 378, 385, 386, 388, 390, 394, 402, 418, 449, 450, 451, 452, 453, 454, 456, 457, 458, 460, 462, 465, 466, 468, 470, 474, 481, 482, 484, 486, 490, 498, 514, 577, 578, 580, 582, 586, 594, 610, 706, 769, 770, 772, 774, 778, 786, 802, 833, 834, 835, 836, 837, 838, 840, 841, 842, 844, 846, 849, 850, 852, 854, 858, 865, 866, 868, 870, 874, 882, 898, 961, 962, 964, 966, 970, 978, 994]
x_323: [1, 3, 4, 7, 11, 19, 35, 65, 66, 67, 68, 69, 71, 72, 73, 75, 76, 79, 81, 83, 84, 87, 91, 97, 99, 100, 103, 107, 115, 131, 193, 195, 196, 199, 203, 211, 227, 257, 258, 259, 260, 261, 263, 264, 265, 267, 268, 271, 273, 275, 276, 279, 283, 289, 291, 292, 295, 299, 307, 321, 322, 324, 325, 326, 327, 328, 329, 330, 331, 332, 333, 335, 336, 337, 338, 339, 340, 341, 343, 344, 345, 347, 348, 351, 353, 354, 355, 356, 357, 359, 360, 361, 363, 364, 367, 369, 371, 372, 375, 379, 385, 387, 388, 391, 395, 403, 419, 449, 450, 451, 452, 453, 455, 456, 457, 459, 460, 463, 465, 467, 468, 471, 475, 481, 483, 484, 487, 491, 499, 515, 577, 579, 580, 583, 587, 595, 611, 707, 769, 771, 772, 775, 779, 787, 803, 833, 834, 835, 836, 837, 839, 840, 841, 843, 844, 847, 849, 851, 852, 855, 859, 865, 867, 868, 871, 875, 883, 899, 961, 963, 964, 967, 971, 979, 995]
x_324: [2, 3, 4, 8, 12, 20, 36, 65, 66, 67, 68, 70, 71, 72, 74, 75, 76, 80, 82, 83, 84, 88, 92, 98, 99, 100, 104, 108, 116, 132, 194, 195, 196, 200, 204, 212, 228, 257, 258, 259, 260, 262, 263, 264, 266, 267, 268, 272, 274, 275, 276, 280, 284, 290, 291, 292, 296, 300, 308, 321, 322, 323, 325, 326, 327, 328, 329, 330, 331, 332, 334, 335, 336, 337, 338, 339, 340, 342, 343, 344, 346, 347, 348, 352, 353, 354, 355, 356, 358, 359, 360, 362, 363, 364, 368, 370, 371, 372, 376, 380, 386, 387, 388, 392, 396, 404, 420, 449, 450, 451, 452, 454, 455, 456, 458, 459, 460, 464, 466, 467, 468, 472, 476, 482, 483, 484, 488, 492, 500, 516, 578, 579, 580, 584, 588, 596, 612, 708, 770, 771, 772, 776, 780, 788, 804, 833, 834, 835, 836, 838, 839, 840, 842, 843, 844, 848, 850, 851, 852, 856, 860, 866, 867, 868, 872, 876, 884, 900, 962, 963, 964, 968, 972, 980, 996]
x_325: [1, 5, 6, 7, 13, 21, 37, 65, 66, 67, 69, 70, 71, 72, 73, 77, 78, 79, 81, 85, 86, 87, 93, 97, 101, 102, 103, 109, 117, 133, 193, 197, 198, 199, 205, 213, 229, 257, 258, 259, 261, 262, 263, 264, 265, 269, 270, 271, 273, 277, 278, 279, 285, 289, 293, 294, 295, 301, 309, 321, 322, 323, 324, 326, 327, 328, 329, 330, 331, 333, 334, 335, 336, 337, 338, 339, 341, 342, 343, 344, 345, 349, 350, 351, 353, 354, 355, 357, 358, 359, 360, 361, 365, 366, 367, 369, 373, 374, 375, 381, 385, 389, 390, 391, 397, 405, 421, 449, 450, 451, 453, 454, 455, 456, 457, 461, 462, 463, 465, 469, 470, 471, 477, 481, 485, 486, 487, 493, 501, 517, 577, 581, 582, 583, 589, 597, 613, 709, 769, 773, 774, 775, 781, 789, 805, 833, 834, 835, 837, 838, 839, 840, 841, 845, 846, 847, 849, 853, 854, 855, 861, 865, 869, 870, 871, 877, 885, 901, 961, 965, 966, 967, 973, 981, 997]
x_326: [2, 5, 6, 8, 14, 22, 38, 65, 66, 68, 69, 70, 71, 72, 74, 77, 78, 80, 82, 85, 86, 88, 94, 98, 101, 102, 104, 110, 118, 134, 194, 197, 198, 200, 206, 214, 230, 257, 258, 260, 261, 262, 263, 264, 266, 269, 270, 272, 274, 277, 278, 280, 286, 290, 293, 294, 296, 302, 310, 321, 322, 323, 324, 325, 327, 328, 329, 330, 332, 333, 334, 335, 336, 337, 338, 340, 341, 342, 343, 344, 346, 349, 350, 352, 353, 354, 356, 357, 358, 359, 360, 362, 365, 366, 368, 370, 373, 374, 376, 382, 386, 389, 390, 392, 398, 406, 422, 449, 450, 452, 453, 454, 455, 456, 458, 461, 462, 464, 466, 469, 470, 472, 478, 482, 485, 486, 488, 494, 502, 518, 578, 581, 582, 584, 590, 598, 614, 710, 770, 773, 774, 776, 782, 790, 806, 833, 834, 836, 837, 838, 839, 840, 842, 845, 846, 848, 850, 853, 854, 856, 862, 866, 869, 870, 872, 878, 886, 902, 962, 965, 966, 968, 974, 982, 998]
x_327: [3, 5, 7, 8, 15, 23, 39, 65, 67, 68, 69, 70, 71, 72, 75, 77, 79, 80, 83, 85, 87, 88, 95, 99, 101, 103, 104, 111, 119, 135, 195, 197, 199, 200, 207, 215, 231, 257, 259, 260, 261, 262, 263, 264, 267, 269, 271, 272, 275, 277, 279, 280, 287, 291, 293, 295, 296, 303, 311, 321, 322, 323, 324, 325, 326, 328, 329, 331, 332, 333, 334, 335, 336, 337, 339, 340, 341, 342, 343, 344, 347, 349, 351, 352, 353, 355, 356, 357, 358, 359, 360, 363, 365, 367, 368, 371, 373, 375, 376, 383, 387, 389, 391, 392, 399, 407, 423, 449, 451, 452, 453, 454, 455, 456, 459, 461, 463, 464, 467, 469, 471, 472, 479, 483, 485, 487, 488, 495, 503, 519, 579, 581, 583, 584, 591, 599, 615, 711, 771, 773, 775, 776, 783, 791, 807, 833, 835, 836, 837, 838, 839, 840, 843, 845, 847, 848, 851, 853, 855, 856, 863, 867, 869, 871, 872, 879, 887, 903, 963, 965, 967, 968, 975, 983, 999]
x_328: [4, 6, 7, 8, 16, 24, 40, 66, 67, 68, 69, 70, 71, 72, 76, 78, 79, 80, 84, 86, 87, 88, 96, 100, 102, 103, 104, 112, 120, 136, 196, 198, 199, 200, 208, 216, 232, 258, 259, 260, 261, 262, 263, 264, 268, 270, 271, 272, 276, 278, 279, 280, 288, 292, 294, 295, 296, 304, 312, 321, 322, 323, 324, 325, 326, 327, 330, 331, 332, 333, 334, 335, 336, 338, 339, 340, 341, 342, 343, 344, 348, 350, 351, 352, 354, 355, 356, 357, 358, 359, 360, 364, 366, 367, 368, 372, 374, 375, 376, 384, 388, 390, 391, 392, 400, 408, 424, 450, 451, 452, 453, 454, 455, 456, 460, 462, 463, 464, 468, 470, 471, 472, 480, 484, 486, 487, 488, 496, 504, 520, 580, 582, 583, 584, 592, 600, 616, 712, 772, 774, 775, 776, 784, 792, 808, 834, 835, 836, 837, 838, 839, 840, 844, 846, 847, 848, 852, 854, 855, 856, 864, 868, 870, 871, 872, 880, 888, 904, 964, 966, 967, 968, 976, 984, 1000]
x_329: [1, 9, 10, 11, 13, 25, 41, 65, 66, 67, 69, 73, 74, 75, 76, 77, 78, 79, 81, 89, 90, 91, 93, 97, 105, 106, 107, 109, 121, 137, 193, 201, 202, 203, 205, 217, 233, 257, 258, 259, 261, 265, 266, 267, 268, 269, 270, 271, 273, 281, 282, 283, 285, 289, 297, 298, 299, 301, 313, 321, 322, 323, 324, 325, 326, 327, 330, 331, 332, 333, 334, 335, 336, 337, 338, 339, 341, 345, 346, 347, 348, 349, 350, 351, 353, 354, 355, 357, 361, 362, 363, 364, 365, 366, 367, 369, 377, 378, 379, 381, 385, 393, 394, 395, 397, 409, 425, 449, 450, 451, 453, 457, 458, 459, 460, 461, 462, 463, 465, 473, 474, 475, 477, 481, 489, 490, 491, 493, 505, 521, 577, 585, 586, 587, 589, 601, 617, 713, 769, 777, 778, 779, 781, 793, 809, 833, 834, 835, 837, 841, 842, 843, 844, 845, 846, 847, 849, 857, 858, 859, 861, 865, 873, 874, 875, 877, 889, 905, 961, 969, 970, 971, 973, 985, 1001]
x_330: [2, 9, 10, 12, 14, 26, 42, 65, 66, 68, 70, 73, 74, 75, 76, 77, 78, 80, 82, 89, 90, 92, 94, 98, 105, 106, 108, 110, 122, 138, 194, 201, 202, 204, 206, 218, 234, 257, 258, 260, 262, 265, 266, 267, 268, 269, 270, 272, 274, 281, 282, 284, 286, 290, 297, 298, 300, 302, 314, 321, 322, 323, 324, 325, 326, 328, 329, 331, 332, 333, 334, 335, 336, 337, 338, 340, 342, 345, 346, 347, 348, 349, 350, 352, 353, 354, 356, 358, 361, 362, 363, 364, 365, 366, 368, 370, 377, 378, 380, 382, 386, 393, 394, 396, 398, 410, 426, 449, 450, 452, 454, 457, 458, 459, 460, 461, 462, 464, 466, 473, 474, 476, 478, 482, 489, 490, 492, 494, 506, 522, 578, 585, 586, 588, 590, 602, 618, 714, 770, 777, 778, 780, 782, 794, 810, 833, 834, 836, 838, 841, 842, 843, 844, 845, 846, 848, 850, 857, 858, 860, 862, 866, 873, 874, 876, 878, 890, 906, 962, 969, 970, 972, 974, 986, 1002]
x_331: [3, 9, 11, 12, 15, 27, 43, 65, 67, 68, 71, 73, 74, 75, 76, 77, 79, 80, 83, 89, 91, 92, 95, 99, 105, 107, 108, 111, 123, 139, 195, 201, 203, 204, 207, 219, 235, 257, 259, 260, 263, 265, 266, 267, 268, 269, 271, 272, 275, 281, 283, 284, 287, 291, 297, 299, 300, 303, 315, 321, 322, 323, 324, 325, 327, 328, 329, 330, 332, 333, 334, 335, 336, 337, 339, 340, 343, 345, 346, 347, 348, 349, 351, 352, 353, 355, 356, 359, 361, 362, 363, 364, 365, 367, 368, 371, 377, 379, 380, 383, 387, 393, 395, 396, 399, 411, 427, 449, 451, 452, 455, 457, 458, 459, 460, 461, 463, 464, 467, 473, 475, 476, 479, 483, 489, 491, 492, 495, 507, 523, 579, 585, 587, 588, 591, 603, 619, 715, 771, 777, 779, 780, 783, 795, 811, 833, 835, 836, 839, 841, 842, 843, 844, 845, 847, 848, 851, 857, 859, 860, 863, 867, 873, 875, 876, 879, 891, 907, 963, 969, 971, 972, 975, 987, 1003]
x_332: [4, 10, 11, 12, 16, 28, 44, 66, 67, 68, 72, 73, 74, 75, 76, 78, 79, 80, 84, 90, 91, 92, 96, 100, 106, 107, 108, 112, 124, 140, 196, 202, 203, 204, 208, 220, 236, 258, 259, 260, 264, 265, 266, 267, 268, 270, 271, 272, 276, 282, 283, 284, 288, 292, 298, 299, 300, 304, 316, 321, 322, 323, 324, 326, 327, 328, 329, 330, 331, 333, 334, 335, 336, 338, 339, 340, 344, 345, 346, 347, 348, 350, 351, 352, 354, 355, 356, 360, 361, 362, 363, 364, 366, 367, 368, 372, 378, 379, 380, 384, 388, 394, 395, 396, 400, 412, 428, 450, 451, 452, 456, 457, 458, 459, 460, 462, 463, 464, 468, 474, 475, 476, 480, 484, 490, 491, 492, 496, 508, 524, 580, 586, 587, 588, 592, 604, 620, 716, 772, 778, 779, 780, 784, 796, 812, 834, 835, 836, 840, 841, 842, 843, 844, 846, 847, 848, 852, 858, 859, 860, 864, 868, 874, 875, 876, 880, 892, 908, 964, 970, 971, 972, 976, 988, 1004]
x_333: [5, 9, 13, 14, 15, 29, 45, 65, 69, 70, 71, 73, 74, 75, 77, 78, 79, 80, 85, 89, 93, 94, 95, 101, 105, 109, 110, 111, 125, 141, 197, 201, 205, 206, 207, 221, 237, 257, 261, 262, 263, 265, 266, 267, 269, 270, 271, 272, 277, 281, 285, 286, 287, 293, 297, 301, 302, 303, 317, 321, 322, 323, 325, 326, 327, 328, 329, 330, 331, 332, 334, 335, 336, 337, 341, 342, 343, 345, 346, 347, 349, 350, 351, 352, 353, 357, 358, 359, 361, 362, 363, 365, 366, 367, 368, 373, 377, 381, 382, 383, 389, 393, 397, 398, 399, 413, 429, 449, 453, 454, 455, 457, 458, 459, 461, 462, 463, 464, 469, 473, 477, 478, 479, 485, 489, 493, 494, 495, 509, 525, 581, 585, 589, 590, 591, 605, 621, 717, 773, 777, 781, 782, 783, 797, 813, 833, 837, 838, 839, 841, 842, 843, 845, 846, 847, 848, 853, 857, 861, 862, 863, 869, 873, 877, 878, 879, 893, 909, 965, 969, 973, 974, 975, 989, 1005]
x_334: [6, 10, 13, 14, 16, 30, 46, 66, 69, 70, 72, 73, 74, 76, 77, 78, 79, 80, 86, 90, 93, 94, 96, 102, 106, 109, 110, 112, 126, 142, 198, 202, 205, 206, 208, 222, 238, 258, 261, 262, 264, 265, 266, 268, 269, 270, 271, 272, 278, 282, 285, 286, 288, 294, 298, 301, 302, 304, 318, 321, 322, 324, 325, 326, 327, 328, 329, 330, 331, 332, 333, 335, 336, 338, 341, 342, 344, 345, 346, 348, 349, 350, 351, 352, 354, 357, 358, 360, 361, 362, 364, 365, 366, 367, 368, 374, 378, 381, 382, 384, 390, 394, 397, 398, 400, 414, 430, 450, 453, 454, 456, 457, 458, 460, 461, 462, 463, 464, 470, 474, 477, 478, 480, 486, 490, 493, 494, 496, 510, 526, 582, 586, 589, 590, 592, 606, 622, 718, 774, 778, 781, 782, 784, 798, 814, 834, 837, 838, 840, 841, 842, 844, 845, 846, 847, 848, 854, 858, 861, 862, 864, 870, 874, 877, 878, 880, 894, 910, 966, 970, 973, 974, 976, 990, 1006]
x_335: [7, 11, 13, 15, 16, 31, 47, 67, 69, 71, 72, 73, 75, 76, 77, 78, 79, 80, 87, 91, 93, 95, 96, 103, 107, 109, 111, 112, 127, 143, 199, 203, 205, 207, 208, 223, 239, 259, 261, 263, 264, 265, 267, 268, 269, 270, 271, 272, 279, 283, 285, 287, 288, 295, 299, 301, 303, 304, 319, 321, 323, 324, 325, 326, 327, 328, 329, 330, 331, 332, 333, 334, 336, 339, 341, 343, 344, 345, 347, 348, 349, 350, 351, 352, 355, 357, 359, 360, 361, 363, 364, 365, 366, 367, 368, 375, 379, 381, 383, 384, 391, 395, 397, 399, 400, 415, 431, 451, 453, 455, 456, 457, 459, 460, 461, 462, 463, 464, 471, 475, 477, 479, 480, 487, 491, 493, 495, 496, 511, 527, 583, 587, 589, 591, 592, 607, 623, 719, 775, 779, 781, 783, 784, 799, 815, 835, 837, 839, 840, 841, 843, 844, 845, 846, 847, 848, 855, 859, 861, 863, 864, 871, 875, 877, 879, 880, 895, 911, 967, 971, 973, 975, 976, 991, 1007]
x_336: [8, 12, 14, 15, 16, 32, 48, 68, 70, 71, 72, 74, 75, 76, 77, 78, 79, 80, 88, 92, 94, 95, 96, 104, 108, 110, 111, 112, 128, 144, 200, 204, 206, 207, 208, 224, 240, 260, 262, 263, 264, 266, 267, 268, 269, 270, 271, 272, 280, 284, 286, 287, 288, 296, 300, 302, 303, 304, 320, 322, 323, 324, 325, 326, 327, 328, 329, 330, 331, 332, 333, 334, 335, 340, 342, 343, 344, 346, 347, 348, 349, 350, 351, 352, 356, 358, 359, 360, 362, 363, 364, 365, 366, 367, 368, 376, 380, 382, 383, 384, 392, 396, 398, 399, 400, 416, 432, 452, 454, 455, 456, 458, 459, 460, 461, 462, 463, 464, 472, 476, 478, 479, 480, 488, 492, 494, 495, 496, 512, 528, 584, 588, 590, 591, 592, 608, 624, 720, 776, 780, 782, 783, 784, 800, 816, 836, 838, 839, 840, 842, 843, 844, 845, 846, 847, 848, 856, 860, 862, 863, 864, 872, 876, 878, 879, 880, 896, 912, 968, 972, 974, 975, 976, 992, 1008]
x_337: [1, 17, 18, 19, 21, 25, 49, 65, 66, 67, 69, 73, 81, 82, 83, 84, 85, 86, 87, 89, 90, 91, 93, 97, 113, 114, 115, 117, 121, 145, 193, 209, 210, 211, 213, 217, 241, 257, 258, 259, 261, 265, 273, 274, 275, 276, 277, 278, 279, 281, 282, 283, 285, 289, 305, 306, 307, 309, 313, 321, 322, 323, 324, 325, 326, 327, 329, 330, 331, 333, 338, 339, 340, 341, 342, 343, 344, 345, 346, 347, 348, 349, 350, 351, 353, 354, 355, 357, 361, 369, 370, 371, 372, 373, 374, 375, 377, 378, 379, 381, 385, 401, 402, 403, 405, 409, 433, 449, 450, 451, 453, 457, 465, 466, 467, 468, 469, 470, 471, 473, 474, 475, 477, 481, 497, 498, 499, 501, 505, 529, 577, 593, 594, 595, 597, 601, 625, 721, 769, 785, 786, 787, 789, 793, 817, 833, 834, 835, 837, 841, 849, 850, 851, 852, 853, 854, 855, 857, 858, 859, 861, 865, 881, 882, 883, 885, 889, 913, 961, 977, 978, 979, 981, 985, 1009]
x_338: [2, 17, 18, 20, 22, 26, 50, 65, 66, 68, 70, 74, 81, 82, 83, 84, 85, 86, 88, 89, 90, 92, 94, 98, 113, 114, 116, 118, 122, 146, 194, 209, 210, 212, 214, 218, 242, 257, 258, 260, 262, 266, 273, 274, 275, 276, 277, 278, 280, 281, 282, 284, 286, 290, 305, 306, 308, 310, 314, 321, 322, 323, 324, 325, 326, 328, 329, 330, 332, 334, 337, 339, 340, 341, 342, 343, 344, 345, 346, 347, 348, 349, 350, 352, 353, 354, 356, 358, 362, 369, 370, 371, 372, 373, 374, 376, 377, 378, 380, 382, 386, 401, 402, 404, 406, 410, 434, 449, 450, 452, 454, 458, 465, 466, 467, 468, 469, 470, 472, 473, 474, 476, 478, 482, 497, 498, 500, 502, 506, 530, 578, 593, 594, 596, 598, 602, 626, 722, 770, 785, 786, 788, 790, 794, 818, 833, 834, 836, 838, 842, 849, 850, 851, 852, 853, 854, 856, 857, 858, 860, 862, 866, 881, 882, 884, 886, 890, 914, 962, 977, 978, 980, 982, 986, 1010]
x_339: [3, 17, 19, 20, 23, 27, 51, 65, 67, 68, 71, 75, 81, 82, 83, 84, 85, 87, 88, 89, 91, 92, 95, 99, 113, 115, 116, 119, 123, 147, 195, 209, 211, 212, 215, 219, 243, 257, 259, 260, 263, 267, 273, 274, 275, 276, 277, 279, 280, 281, 283, 284, 287, 291, 305, 307, 308, 311, 315, 321, 322, 323, 324, 325, 327, 328, 329, 331, 332, 335, 337, 338, 340, 341, 342, 343, 344, 345, 346, 347, 348, 349, 351, 352, 353, 355, 356, 359, 363, 369, 370, 371, 372, 373, 375, 376, 377, 379, 380, 383, 387, 401, 403, 404, 407, 411, 435, 449, 451, 452, 455, 459, 465, 466, 467, 468, 469, 471, 472, 473, 475, 476, 479, 483, 497, 499, 500, 503, 507, 531, 579, 593, 595, 596, 599, 603, 627, 723, 771, 785, 787, 788, 791, 795, 819, 833, 835, 836, 839, 843, 849, 850, 851, 852, 853, 855, 856, 857, 859, 860, 863, 867, 881, 883, 884, 887, 891, 915, 963, 977, 979, 980, 983, 987, 1011]
x_340: [4, 18, 19, 20, 24, 28, 52, 66, 67, 68, 72, 76, 81, 82, 83, 84, 86, 87, 88, 90, 91, 92, 96, 100, 114, 115, 116, 120, 124, 148, 196, 210, 211, 212, 216, 220, 244, 258, 259, 260, 264, 268, 273, 274, 275, 276, 278, 279, 280, 282, 283, 284, 288, 292, 306, 307, 308, 312, 316, 321, 322, 323, 324, 326, 327, 328, 330, 331, 332, 336, 337, 338, 339, 341, 342, 343, 344, 345, 346, 347, 348, 350, 351, 352, 354, 355, 356, 360, 364, 369, 370, 371, 372, 374, 375, 376, 378, 379, 380, 384, 388, 402, 403, 404, 408, 412, 436, 450, 451, 452, 456, 460, 465, 466, 467, 468, 470, 471, 472, 474, 475, 476, 480, 484, 498, 499, 500, 504, 508, 532, 580, 594, 595, 596, 600, 604, 628, 724, 772, 786, 787, 788, 792, 796, 820, 834, 835, 836, 840, 844, 849, 850, 851, 852, 854, 855, 856, 858, 859, 860, 864, 868, 882, 883, 884, 888, 892, 916, 964, 978, 979, 980, 984, 988, 1012]
x_341: [5, 17, 21, 22, 23, 29, 53, 65, 69, 70, 71, 77, 81, 82, 83, 85, 86, 87, 88, 89, 93, 94, 95, 101, 113, 117, 118, 119, 125, 149, 197, 209, 213, 214, 215, 221, 245, 257, 261, 262, 263, 269, 273, 274, 275, 277, 278, 279, 280, 281, 285, 286, 287, 293, 305, 309, 310, 311, 317, 321, 322, 323, 325, 326, 327, 328, 329, 333, 334, 335, 337, 338, 339, 340, 342, 343, 344, 345, 346, 347, 349, 350, 351, 352, 353, 357, 358, 359, 365, 369, 370, 371, 373, 374, 375, 376, 377, 381, 382, 383, 389, 401, 405, 406, 407, 413, 437, 449, 453, 454, 455, 461, 465, 466, 467, 469, 470, 471, 472, 473, 477, 478, 479, 485, 497, 501, 502, 503, 509, 533, 581, 593, 597, 598, 599, 605, 629, 725, 773, 785, 789, 790, 791, 797, 821, 833, 837, 838, 839, 845, 849, 850, 851, 853, 854, 855, 856, 857, 861, 862, 863, 869, 881, 885, 886, 887, 893, 917, 965, 977, 981, 982, 983, 989, 1013]
x_342: [6, 18, 21, 22, 24, 30, 54, 66, 69, 70, 72, 78, 81, 82, 84, 85, 86, 87, 88, 90, 93, 94, 96, 102, 114, 117, 118, 120, 126, 150, 198, 210, 213, 214, 216, 222, 246, 258, 261, 262, 264, 270, 273, 274, 276, 277, 278, 279, 280, 282, 285, 286, 288, 294, 306, 309, 310, 312, 318, 321, 322, 324, 325, 326, 327, 328, 330, 333, 334, 336, 337, 338, 339, 340, 341, 343, 344, 345, 346, 348, 349, 350, 351, 352, 354, 357, 358, 360, 366, 369, 370, 372, 373, 374, 375, 376, 378, 381, 382, 384, 390, 402, 405, 406, 408, 414, 438, 450, 453, 454, 456, 462, 465, 466, 468, 469, 470, 471, 472, 474, 477, 478, 480, 486, 498, 501, 502, 504, 510, 534, 582, 594, 597, 598, 600, 606, 630, 726, 774, 786, 789, 790, 792, 798, 822, 834, 837, 838, 840, 846, 849, 850, 852, 853, 854, 855, 856, 858, 861, 862, 864, 870, 882, 885, 886, 888, 894, 918, 966, 978, 981, 982, 984, 990, 1014]
x_343: [7, 19, 21, 23, 24, 31, 55, 67, 69, 71, 72, 79, 81, 83, 84, 85, 86, 87, 88, 91, 93, 95, 96, 103, 115, 117, 119, 120, 127, 151, 199, 211, 213, 215, 216, 223, 247, 259, 261, 263, 264, 271, 273, 275, 276, 277, 278, 279, 280, 283, 285, 287, 288, 295, 307, 309, 311, 312, 319, 321, 323, 324, 325, 326, 327, 328, 331, 333, 335, 336, 337, 338, 339, 340, 341, 342, 344, 345, 347, 348, 349, 350, 351, 352, 355, 357, 359, 360, 367, 369, 371, 372, 373, 374, 375, 376, 379, 381, 383, 384, 391, 403, 405, 407, 408, 415, 439, 451, 453, 455, 456, 463, 465, 467, 468, 469, 470, 471, 472, 475, 477, 479, 480, 487, 499, 501, 503, 504, 511, 535, 583, 595, 597, 599, 600, 607, 631, 727, 775, 787, 789, 791, 792, 799, 823, 835, 837, 839, 840, 847, 849, 851, 852, 853, 854, 855, 856, 859, 861, 863, 864, 871, 883, 885, 887, 888, 895, 919, 967, 979, 981, 983, 984, 991, 1015]
x_344: [8, 20, 22, 23, 24, 32, 56, 68, 70, 71, 72, 80, 82, 83, 84, 85, 86, 87, 88, 92, 94, 95, 96, 104, 116, 118, 119, 120, 128, 152, 200, 212, 214, 215, 216, 224, 248, 260, 262, 263, 264, 272, 274, 275, 276, 277, 278, 279, 280, 284, 286, 287, 288, 296, 308, 310, 311, 312, 320, 322, 323, 324, 325, 326, 327, 328, 332, 334, 335, 336, 337, 338, 339, 340, 341, 342, 343, 346, 347, 348, 349, 350, 351, 352, 356, 358, 359, 360, 368, 370, 371, 372, 373, 374, 375, 376, 380, 382, 383, 384, 392, 404, 406, 407, 408, 416, 440, 452, 454, 455, 456, 464, 466, 467, 468, 469, 470, 471, 472, 476, 478, 479, 480, 488, 500, 502, 503, 504, 512, 536, 584, 596, 598, 599, 600, 608, 632, 728, 776, 788, 790, 791, 792, 800, 824, 836, 838, 839, 840, 848, 850, 851, 852, 853, 854, 855, 856, 860, 862, 863, 864, 872, 884, 886, 887, 888, 896, 920, 968, 980, 982, 983, 984, 992, 1016]
x_345: [9, 17, 25, 26, 27, 29, 57, 65, 73, 74, 75, 77, 81, 82, 83, 85, 89, 90, 91, 92, 93, 94, 95, 105, 113, 121, 122, 123, 125, 153, 201, 209, 217, 218, 219, 221, 249, 257, 265, 266, 267, 269, 273, 274, 275, 277, 281, 282, 283, 284, 285, 286, 287, 297, 305, 313, 314, 315, 317, 321, 322, 323, 325, 329, 330, 331, 332, 333, 334, 335, 337, 338, 339, 340, 341, 342, 343, 346, 347, 348, 349, 350, 351, 352, 353, 361, 362, 363, 365, 369, 370, 371, 373, 377, 378, 379, 380, 381, 382, 383, 393, 401, 409, 410, 411, 413, 441, 449, 457, 458, 459, 461, 465, 466, 467, 469, 473, 474, 475, 476, 477, 478, 479, 489, 497, 505, 506, 507, 509, 537, 585, 593, 601, 602, 603, 605, 633, 729, 777, 785, 793, 794, 795, 797, 825, 833, 841, 842, 843, 845, 849, 850, 851, 853, 857, 858, 859, 860, 861, 862, 863, 873, 881, 889, 890, 891, 893, 921, 969, 977, 985, 986, 987, 989, 1017]
x_346: [10, 18, 25, 26, 28, 30, 58, 66, 73, 74, 76, 78, 81, 82, 84, 86, 89, 90, 91, 92, 93, 94, 96, 106, 114, 121, 122, 124, 126, 154, 202, 210, 217, 218, 220, 222, 250, 258, 265, 266, 268, 270, 273, 274, 276, 278, 281, 282, 283, 284, 285, 286, 288, 298, 306, 313, 314, 316, 318, 321, 322, 324, 326, 329, 330, 331, 332, 333, 334, 336, 337, 338, 339, 340, 341, 342, 344, 345, 347, 348, 349, 350, 351, 352, 354, 361, 362, 364, 366, 369, 370, 372, 374, 377, 378, 379, 380, 381, 382, 384, 394, 402, 409, 410, 412, 414, 442, 450, 457, 458, 460, 462, 465, 466, 468, 470, 473, 474, 475, 476, 477, 478, 480, 490, 498, 505, 506, 508, 510, 538, 586, 594, 601, 602, 604, 606, 634, 730, 778, 786, 793, 794, 796, 798, 826, 834, 841, 842, 844, 846, 849, 850, 852, 854, 857, 858, 859, 860, 861, 862, 864, 874, 882, 889, 890, 892, 894, 922, 970, 978, 985, 986, 988, 990, 1018]
x_347: [11, 19, 25, 27, 28, 31, 59, 67, 73, 75, 76, 79, 81, 83, 84, 87, 89, 90, 91, 92, 93, 95, 96, 107, 115, 121, 123, 124, 127, 155, 203, 211, 217, 219, 220, 223, 251, 259, 265, 267, 268, 271, 273, 275, 276, 279, 281, 282, 283, 284, 285, 287, 288, 299, 307, 313, 315, 316, 319, 321, 323, 324, 327, 329, 330, 331, 332, 333, 335, 336, 337, 338, 339, 340, 341, 343, 344, 345, 346, 348, 349, 350, 351, 352, 355, 361, 363, 364, 367, 369, 371, 372, 375, 377, 378, 379, 380, 381, 383, 384, 395, 403, 409, 411, 412, 415, 443, 451, 457, 459, 460, 463, 465, 467, 468, 471, 473, 474, 475, 476, 477, 479, 480, 491, 499, 505, 507, 508, 511, 539, 587, 595, 601, 603, 604, 607, 635, 731, 779, 787, 793, 795, 796, 799, 827, 835, 841, 843, 844, 847, 849, 851, 852, 855, 857, 858, 859, 860, 861, 863, 864, 875, 883, 889, 891, 892, 895, 923, 971, 979, 985, 987, 988, 991, 1019]
x_348: [12, 20, 26, 27, 28, 32, 60, 68, 74, 75, 76, 80, 82, 83, 84, 88, 89, 90, 91, 92, 94, 95, 96, 108, 116, 122, 123, 124, 128, 156, 204, 212, 218, 219, 220, 224, 252, 260, 266, 267, 268, 272, 274, 275, 276, 280, 281, 282, 283, 284, 286, 287, 288, 300, 308, 314, 315, 316, 320, 322, 323, 324, 328, 329, 330, 331, 332, 334, 335, 336, 337, 338, 339, 340, 342, 343, 344, 345, 346, 347, 349, 350, 351, 352, 356, 362, 363, 364, 368, 370, 371, 372, 376, 377, 378, 379, 380, 382, 383, 384, 396, 404, 410, 411, 412, 416, 444, 452, 458, 459, 460, 464, 466, 467, 468, 472, 473, 474, 475, 476, 478, 479, 480, 492, 500, 506, 507, 508, 512, 540, 588, 596, 602, 603, 604, 608, 636, 732, 780, 788, 794, 795, 796, 800, 828, 836, 842, 843, 844, 848, 850, 851, 852, 856, 857, 858, 859, 860, 862, 863, 864, 876, 884, 890, 891, 892, 896, 924, 972, 980, 986, 987, 988, 992, 1020]
x_349: [13, 21, 25, 29, 30, 31, 61, 69, 73, 77, 78, 79, 81, 85, 86, 87, 89, 90, 91, 93, 94, 95, 96, 109, 117, 121, 125, 126, 127, 157, 205, 213, 217, 221, 222, 223, 253, 261, 265, 269, 270, 271, 273, 277, 278, 279, 281, 282, 283, 285, 286, 287, 288, 301, 309, 313, 317, 318, 319, 321, 325, 326, 327, 329, 330, 331, 333, 334, 335, 336, 337, 338, 339, 341, 342, 343, 344, 345, 346, 347, 348, 350, 351, 352, 357, 361, 365, 366, 367, 369, 373, 374, 375, 377, 378, 379, 381, 382, 383, 384, 397, 405, 409, 413, 414, 415, 445, 453, 457, 461, 462, 463, 465, 469, 470, 471, 473, 474, 475, 477, 478, 479, 480, 493, 501, 505, 509, 510, 511, 541, 589, 597, 601, 605, 606, 607, 637, 733, 781, 789, 793, 797, 798, 799, 829, 837, 841, 845, 846, 847, 849, 853, 854, 855, 857, 858, 859, 861, 862, 863, 864, 877, 885, 889, 893, 894, 895, 925, 973, 981, 985, 989, 990, 991, 1021]
x_350: [14, 22, 26, 29, 30, 32, 62, 70, 74, 77, 78, 80, 82, 85, 86, 88, 89, 90, 92, 93, 94, 95, 96, 110, 118, 122, 125, 126, 128, 158, 206, 214, 218, 221, 222, 224, 254, 262, 266, 269, 270, 272, 274, 277, 278, 280, 281, 282, 284, 285, 286, 287, 288, 302, 310, 314, 317, 318, 320, 322, 325, 326, 328, 329, 330, 332, 333, 334, 335, 336, 337, 338, 340, 341, 342, 343, 344, 345, 346, 347, 348, 349, 351, 352, 358, 362, 365, 366, 368, 370, 373, 374, 376, 377, 378, 380, 381, 382, 383, 384, 398, 406, 410, 413, 414, 416, 446, 454, 458, 461, 462, 464, 466, 469, 470, 472, 473, 474, 476, 477, 478, 479, 480, 494, 502, 506, 509, 510, 512, 542, 590, 598, 602, 605, 606, 608, 638, 734, 782, 790, 794, 797, 798, 800, 830, 838, 842, 845, 846, 848, 850, 853, 854, 856, 857, 858, 860, 861, 862, 863, 864, 878, 886, 890, 893, 894, 896, 926, 974, 982, 986, 989, 990, 992, 1022]
x_351: [15, 23, 27, 29, 31, 32, 63, 71, 75, 77, 79, 80, 83, 85, 87, 88, 89, 91, 92, 93, 94, 95, 96, 111, 119, 123, 125, 127, 128, 159, 207, 215, 219, 221, 223, 224, 255, 263, 267, 269, 271, 272, 275, 277, 279, 280, 281, 283, 284, 285, 286, 287, 288, 303, 311, 315, 317, 319, 320, 323, 325, 327, 328, 329, 331, 332, 333, 334, 335, 336, 337, 339, 340, 341, 342, 343, 344, 345, 346, 347, 348, 349, 350, 352, 359, 363, 365, 367, 368, 371, 373, 375, 376, 377, 379, 380, 381, 382, 383, 384, 399, 407, 411, 413, 415, 416, 447, 455, 459, 461, 463, 464, 467, 469, 471, 472, 473, 475, 476, 477, 478, 479, 480, 495, 503, 507, 509, 511, 512, 543, 591, 599, 603, 605, 607, 608, 639, 735, 783, 791, 795, 797, 799, 800, 831, 839, 843, 845, 847, 848, 851, 853, 855, 856, 857, 859, 860, 861, 862, 863, 864, 879, 887, 891, 893, 895, 896, 927, 975, 983, 987, 989, 991, 992, 1023]
x_352: [16, 24, 28, 30, 31, 32, 64, 72, 76, 78, 79, 80, 84, 86, 87, 88, 90, 91, 92, 93, 94, 95, 96, 112, 120, 124, 126, 127, 128, 160, 208, 216, 220, 222, 223, 224, 256, 264, 268, 270, 271, 272, 276, 278, 279, 280, 282, 283, 284, 285, 286, 287, 288, 304, 312, 316, 318, 319, 320, 324, 326, 327, 328, 330, 331, 332, 333, 334, 335, 336, 338, 339, 340, 341, 342, 343, 344, 345, 346, 347, 348, 349, 350, 351, 360, 364, 366, 367, 368, 372, 374, 375, 376, 378, 379, 380, 381, 382, 383, 384, 400, 408, 412, 414, 415, 416, 448, 456, 460, 462, 463, 464, 468, 470, 471, 472, 474, 475, 476, 477, 478, 479, 480, 496, 504, 508, 510, 511, 512, 544, 592, 600, 604, 606, 607, 608, 640, 736, 784, 792, 796, 798, 799, 800, 832, 840, 844, 846, 847, 848, 852, 854, 855, 856, 858, 859, 860, 861, 862, 863, 864, 880, 888, 892, 894, 895, 896, 928, 976, 984, 988, 990, 991, 992, 1024]
x_353: [1, 33, 34, 35, 37, 41, 49, 65, 66, 67, 69, 73, 81, 97, 98, 99, 100, 101, 102, 103, 105, 106, 107, 109, 113, 114, 115, 117, 121, 161, 193, 225, 226, 227, 229, 233, 241, 257, 258, 259, 261, 265, 273, 289, 290, 291, 292, 293, 294, 295, 297, 298, 299, 301, 305, 306, 307, 309, 313, 321, 322, 323, 324, 325, 326, 327, 329, 330, 331, 333, 337, 338, 339, 341, 345, 354, 355, 356, 357, 358, 359, 360, 361, 362, 363, 364, 365, 366, 367, 369, 370, 371, 372, 373, 374, 375, 377, 378, 379, 381, 385, 417, 418, 419, 421, 425, 433, 449, 450, 451, 453, 457, 465, 481, 482, 483, 484, 485, 486, 487, 489, 490, 491, 493, 497, 498, 499, 501, 505, 545, 577, 609, 610, 611, 613, 617, 625, 737, 769, 801, 802, 803, 805, 809, 817, 833, 834, 835, 837, 841, 849, 865, 866, 867, 868, 869, 870, 871, 873, 874, 875, 877, 881, 882, 883, 885, 889, 929, 961, 993, 994, 995, 997, 1001, 1009]
x_354: [2, 33, 34, 36, 38, 42, 50, 65, 66, 68, 70, 74, 82, 97, 98, 99, 100, 101, 102, 104, 105, 106, 108, 110, 113, 114, 116, 118, 122, 162, 194, 225, 226, 228, 230, 234, 242, 257, 258, 260, 262, 266, 274, 289, 290, 291, 292, 293, 294, 296, 297, 298, 300, 302, 305, 306, 308, 310, 314, 321, 322, 323, 324, 325, 326, 328, 329, 330, 332, 334, 337, 338, 340, 342, 346, 353, 355, 356, 357, 358, 359, 360, 361, 362, 363, 364, 365, 366, 368, 369, 370, 371, 372, 373, 374, 376, 377, 378, 380, 382, 386, 417, 418, 420, 422, 426, 434, 449, 450, 452, 454, 458, 466, 481, 482, 483, 484, 485, 486, 488, 489, 490, 492, 494, 497, 498, 500, 502, 506, 546, 578, 609, 610, 612, 614, 618, 626, 738, 770, 801, 802, 804, 806, 810, 818, 833, 834, 836, 838, 842, 850, 865, 866, 867, 868, 869, 870, 872, 873, 874, 876, 878, 881, 882, 884, 886, 890, 930, 962, 993, 994, 996, 998, 1002, 1010]
x_355: [3, 33, 35, 36, 39, 43, 51, 65, 67, 68, 71, 75, 83, 97, 98, 99, 100, 101, 103, 104, 105, 107, 108, 111, 113, 115, 116, 119, 123, 163, 195, 225, 227, 228, 231, 235, 243, 257, 259, 260, 263, 267, 275, 289, 290, 291, 292, 293, 295, 296, 297, 299, 300, 303, 305, 307, 308, 311, 315, 321, 322, 323, 324, 325, 327, 328, 329, 331, 332, 335, 337, 339, 340, 343, 347, 353, 354, 356, 357, 358, 359, 360, 361, 362, 363, 364, 365, 367, 368, 369, 370, 371, 372, 373, 375, 376, 377, 379, 380, 383, 387, 417, 419, 420, 423, 427, 435, 449, 451, 452, 455, 459, 467, 481, 482, 483, 484, 485, 487, 488, 489, 491, 492, 495, 497, 499, 500, 503, 507, 547, 579, 609, 611, 612, 615, 619, 627, 739, 771, 801, 803, 804, 807, 811, 819, 833, 835, 836, 839, 843, 851, 865, 866, 867, 868, 869, 871, 872, 873, 875, 876, 879, 881, 883, 884, 887, 891, 931, 963, 993, 995, 996, 999, 1003, 1011]
x_356: [4, 34, 35, 36, 40, 44, 52, 66, 67, 68, 72, 76, 84, 97, 98, 99, 100, 102, 103, 104, 106, 107, 108, 112, 114, 115, 116, 120, 124, 164, 196, 226, 227, 228, 232, 236, 244, 258, 259, 260, 264, 268, 276, 289, 290, 291, 292, 294, 295, 296, 298, 299, 300, 304, 306, 307, 308, 312, 316, 321, 322, 323, 324, 326, 327, 328, 330, 331, 332, 336, 338, 339, 340, 344, 348, 353, 354, 355, 357, 358, 359, 360, 361, 362, 363, 364, 366, 367, 368, 369, 370, 371, 372, 374, 375, 376, 378, 379, 380, 384, 388, 418, 419, 420, 424, 428, 436, 450, 451, 452, 456, 460, 468, 481, 482, 483, 484, 486, 487, 488, 490, 491, 492, 496, 498, 499, 500, 504, 508, 548, 580, 610, 611, 612, 616, 620, 628, 740, 772, 802, 803, 804, 808, 812, 820, 834, 835, 836, 840, 844, 852, 865, 866, 867, 868, 870, 871, 872, 874, 875, 876, 880, 882, 883, 884, 888, 892, 932, 964, 994, 995, 996, 1000, 1004, 1012]
x_357: [5, 33, 37, 38, 39, 45, 53, 65, 69, 70, 71, 77, 85, 97, 98, 99, 101, 102, 103, 104, 105, 109, 110, 111, 113, 117, 118, 119, 125, 165, 197, 225, 229, 230, 231, 237, 245, 257, 261, 262, 263, 269, 277, 289, 290, 291, 293, 294, 295, 296, 297, 301, 302, 303, 305, 309, 310, 311, 317, 321, 322, 323, 325, 326, 327, 328, 329, 333, 334, 335, 337, 341, 342, 343, 349, 353, 354, 355, 356, 358, 359, 360, 361, 362, 363, 365, 366, 367, 368, 369, 370, 371, 373, 374, 375, 376, 377, 381, 382, 383, 389, 417, 421, 422, 423, 429, 437, 449, 453, 454, 455, 461, 469, 481, 482, 483, 485, 486, 487, 488, 489, 493, 494, 495, 497, 501, 502, 503, 509, 549, 581, 609, 613, 614, 615, 621, 629, 741, 773, 801, 805, 806, 807, 813, 821, 833, 837, 838, 839, 845, 853, 865, 866, 867, 869, 870, 871, 872, 873, 877, 878, 879, 881, 885, 886, 887, 893, 933, 965, 993, 997, 998, 999, 1005, 1013]
x_358: [6, 34, 37, 38, 40, 46, 54, 66, 69, 70, 72, 78, 86, 97, 98, 100, 101, 102, 103, 104, 106, 109, 110, 112, 114, 117, 118, 120, 126, 166, 198, 226, 229, 230, 232, 238, 246, 258, 261, 262, 264, 270, 278, 289, 290, 292, 293, 294, 295, 296, 298, 301, 302, 304, 306, 309, 310, 312, 318, 321, 322, 324, 325, 326, 327, 328, 330, 333, 334, 336, 338, 341, 342, 344, 350, 353, 354, 355, 356, 357, 359, 360, 361, 362, 364, 365, 366, 367, 368, 369, 370, 372, 373, 374, 375, 376, 378, 381, 382, 384, 390, 418, 421, 422, 424, 430, 438, 450, 453, 454, 456, 462, 470, 481, 482, 484, 485, 486, 487, 488, 490, 493, 494, 496, 498, 501, 502, 504, 510, 550, 582, 610, 613, 614, 616, 622, 630, 742, 774, 802, 805, 806, 808, 814, 822, 834, 837, 838, 840, 846, 854, 865, 866, 868, 869, 870, 871, 872, 874, 877, 878, 880, 882, 885, 886, 888, 894, 934, 966, 994, 997, 998, 1000, 1006, 1014]
x_359: [7, 35, 37, 39, 40, 47, 55, 67, 69, 71, 72, 79, 87, 97, 99, 100, 101, 102, 103, 104, 107, 109, 111, 112, 115, 117, 119, 120, 127, 167, 199, 227, 229, 231, 232, 239, 247, 259, 261, 263, 264, 271, 279, 289, 291, 292, 293, 294, 295, 296, 299, 301, 303, 304, 307, 309, 311, 312, 319, 321, 323, 324, 325, 326, 327, 328, 331, 333, 335, 336, 339, 341, 343, 344, 351, 353, 354, 355, 356, 357, 358, 360, 361, 363, 364, 365, 366, 367, 368, 369, 371, 372, 373, 374, 375, 376, 379, 381, 383, 384, 391, 419, 421, 423, 424, 431, 439, 451, 453, 455, 456, 463, 471, 481, 483, 484, 485, 486, 487, 488, 491, 493, 495, 496, 499, 501, 503, 504, 511, 551, 583, 611, 613, 615, 616, 623, 631, 743, 775, 803, 805, 807, 808, 815, 823, 835, 837, 839, 840, 847, 855, 865, 867, 868, 869, 870, 871, 872, 875, 877, 879, 880, 883, 885, 887, 888, 895, 935, 967, 995, 997, 999, 1000, 1007, 1015]
x_360: [8, 36, 38, 39, 40, 48, 56, 68, 70, 71, 72, 80, 88, 98, 99, 100, 101, 102, 103, 104, 108, 110, 111, 112, 116, 118, 119, 120, 128, 168, 200, 228, 230, 231, 232, 240, 248, 260, 262, 263, 264, 272, 280, 290, 291, 292, 293, 294, 295, 296, 300, 302, 303, 304, 308, 310, 311, 312, 320, 322, 323, 324, 325, 326, 327, 328, 332, 334, 335, 336, 340, 342, 343, 344, 352, 353, 354, 355, 356, 357, 358, 359, 362, 363, 364, 365, 366, 367, 368, 370, 371, 372, 373, 374, 375, 376, 380, 382, 383, 384, 392, 420, 422, 423, 424, 432, 440, 452, 454, 455, 456, 464, 472, 482, 483, 484, 485, 486, 487, 488, 492, 494, 495, 496, 500, 502, 503, 504, 512, 552, 584, 612, 614, 615, 616, 624, 632, 744, 776, 804, 806, 807, 808, 816, 824, 836, 838, 839, 840, 848, 856, 866, 867, 868, 869, 870, 871, 872, 876, 878, 879, 880, 884, 886, 887, 888, 896, 936, 968, 996, 998, 999, 1000, 1008, 1016]
x_361: [9, 33, 41, 42, 43, 45, 57, 65, 73, 74, 75, 77, 89, 97, 98, 99, 101, 105, 106, 107, 108, 109, 110, 111, 113, 121, 122, 123, 125, 169, 201, 225, 233, 234, 235, 237, 249, 257, 265, 266, 267, 269, 281, 289, 290, 291, 293, 297, 298, 299, 300, 301, 302, 303, 305, 313, 314, 315, 317, 321, 322, 323, 325, 329, 330, 331, 332, 333, 334, 335, 337, 345, 346, 347, 349, 353, 354, 355, 356, 357, 358, 359, 362, 363, 364, 365, 366, 367, 368, 369, 370, 371, 373, 377, 378, 379, 380, 381, 382, 383, 393, 417, 425, 426, 427, 429, 441, 449, 457, 458, 459, 461, 473, 481, 482, 483, 485, 489, 490, 491, 492, 493, 494, 495, 497, 505, 506, 507, 509, 553, 585, 609, 617, 618, 619, 621, 633, 745, 777, 801, 809, 810, 811, 813, 825, 833, 841, 842, 843, 845, 857, 865, 866, 867, 869, 873, 874, 875, 876, 877, 878, 879, 881, 889, 890, 891, 893, 937, 969, 993, 1001, 1002, 1003, 1005, 1017]
x_362: [10, 34, 41, 42, 44, 46, 58, 66, 73, 74, 76, 78, 90, 97, 98, 100, 102, 105, 106, 107, 108, 109, 110, 112, 114, 121, 122, 124, 126, 170, 202, 226, 233, 234, 236, 238, 250, 258, 265, 266, 268, 270, 282, 289, 290, 292, 294, 297, 298, 299, 300, 301, 302, 304, 306, 313, 314, 316, 318, 321, 322, 324, 326, 329, 330, 331, 332, 333, 334, 336, 338, 345, 346, 348, 350, 353, 354, 355, 356, 357, 358, 360, 361, 363, 364, 365, 366, 367, 368, 369, 370, 372, 374, 377, 378, 379, 380, 381, 382, 384, 394, 418, 425, 426, 428, 430, 442, 450, 457, 458, 460, 462, 474, 481, 482, 484, 486, 489, 490, 491, 492, 493, 494, 496, 498, 505, 506, 508, 510, 554, 586, 610, 617, 618, 620, 622, 634, 746, 778, 802, 809, 810, 812, 814, 826, 834, 841, 842, 844, 846, 858, 865, 866, 868, 870, 873, 874, 875, 876, 877, 878, 880, 882, 889, 890, 892, 894, 938, 970, 994, 1001, 1002, 1004, 1006, 1018]
x_363: [11, 35, 41, 43, 44, 47, 59, 67, 73, 75, 76, 79, 91, 97, 99, 100, 103, 105, 106, 107, 108, 109, 111, 112, 115, 121, 123, 124, 127, 171, 203, 227, 233, 235, 236, 239, 251, 259, 265, 267, 268, 271, 283, 289, 291, 292, 295, 297, 298, 299, 300, 301, 303, 304, 307, 313, 315, 316, 319, 321, 323, 324, 327, 329, 330, 331, 332, 333, 335, 336, 339, 345, 347, 348, 351, 353, 354, 355, 356, 357, 359, 360, 361, 362, 364, 365, 366, 367, 368, 369, 371, 372, 375, 377, 378, 379, 380, 381, 383, 384, 395, 419, 425, 427, 428, 431, 443, 451, 457, 459, 460, 463, 475, 481, 483, 484, 487, 489, 490, 491, 492, 493, 495, 496, 499, 505, 507, 508, 511, 555, 587, 611, 617, 619, 620, 623, 635, 747, 779, 803, 809, 811, 812, 815, 827, 835, 841, 843, 844, 847, 859, 865, 867, 868, 871, 873, 874, 875, 876, 877, 879, 880, 883, 889, 891, 892, 895, 939, 971, 995, 1001, 1003, 1004, 1007, 1019]
x_364: [12, 36, 42, 43, 44, 48, 60, 68, 74, 75, 76, 80, 92, 98, 99, 100, 104, 105, 106, 107, 108, 110, 111, 112, 116, 122, 123, 124, 128, 172, 204, 228, 234, 235, 236, 240, 252, 260, 266, 267, 268, 272, 284, 290, 291, 292, 296, 297, 298, 299, 300, 302, 303, 304, 308, 314, 315, 316, 320, 322, 323, 324, 328, 329, 330, 331, 332, 334, 335, 336, 340, 346, 347, 348, 352, 353, 354, 355, 356, 358, 359, 360, 361, 362, 363, 365, 366, 367, 368, 370, 371, 372, 376, 377, 378, 379, 380, 382, 383, 384, 396, 420, 426, 427, 428, 432, 444, 452, 458, 459, 460, 464, 476, 482, 483, 484, 488, 489, 490, 491, 492, 494, 495, 496, 500, 506, 507, 508, 512, 556, 588, 612, 618, 619, 620, 624, 636, 748, 780, 804, 810, 811, 812, 816, 828, 836, 842, 843, 844, 848, 860, 866, 867, 868, 872, 873, 874, 875, 876, 878, 879, 880, 884, 890, 891, 892, 896, 940, 972, 996, 1002, 1003, 1004, 1008, 1020]
x_365: [13, 37, 41, 45, 46, 47, 61, 69, 73, 77, 78, 79, 93, 97, 101, 102, 103, 105, 106, 107, 109, 110, 111, 112, 117, 121, 125, 126, 127, 173, 205, 229, 233, 237, 238, 239, 253, 261, 265, 269, 270, 271, 285, 289, 293, 294, 295, 297, 298, 299, 301, 302, 303, 304, 309, 313, 317, 318, 319, 321, 325, 326, 327, 329, 330, 331, 333, 334, 335, 336, 341, 345, 349, 350, 351, 353, 354, 355, 357, 358, 359, 360, 361, 362, 363, 364, 366, 367, 368, 369, 373, 374, 375, 377, 378, 379, 381, 382, 383, 384, 397, 421, 425, 429, 430, 431, 445, 453, 457, 461, 462, 463, 477, 481, 485, 486, 487, 489, 490, 491, 493, 494, 495, 496, 501, 505, 509, 510, 511, 557, 589, 613, 617, 621, 622, 623, 637, 749, 781, 805, 809, 813, 814, 815, 829, 837, 841, 845, 846, 847, 861, 865, 869, 870, 871, 873, 874, 875, 877, 878, 879, 880, 885, 889, 893, 894, 895, 941, 973, 997, 1001, 1005, 1006, 1007, 1021]
x_366: [14, 38, 42, 45, 46, 48, 62, 70, 74, 77, 78, 80, 94, 98, 101, 102, 104, 105, 106, 108, 109, 110, 111, 112, 118, 122, 125, 126, 128, 174, 206, 230, 234, 237, 238, 240, 254, 262, 266, 269, 270, 272, 286, 290, 293, 294, 296, 297, 298, 300, 301, 302, 303, 304, 310, 314, 317, 318, 320, 322, 325, 326, 328, 329, 330, 332, 333, 334, 335, 336, 342, 346, 349, 350, 352, 353, 354, 356, 357, 358, 359, 360, 361, 362, 363, 364, 365, 367, 368, 370, 373, 374, 376, 377, 378, 380, 381, 382, 383, 384, 398, 422, 426, 429, 430, 432, 446, 454, 458, 461, 462, 464, 478, 482, 485, 486, 488, 489, 490, 492, 493, 494, 495, 496, 502, 506, 509, 510, 512, 558, 590, 614, 618, 621, 622, 624, 638, 750, 782, 806, 810, 813, 814, 816, 830, 838, 842, 845, 846, 848, 862, 866, 869, 870, 872, 873, 874, 876, 877, 878, 879, 880, 886, 890, 893, 894, 896, 942, 974, 998, 1002, 1005, 1006, 1008, 1022]
x_367: [15, 39, 43, 45, 47, 48, 63, 71, 75, 77, 79, 80, 95, 99, 101, 103, 104, 105, 107, 108, 109, 110, 111, 112, 119, 123, 125, 127, 128, 175, 207, 231, 235, 237, 239, 240, 255, 263, 267, 269, 271, 272, 287, 291, 293, 295, 296, 297, 299, 300, 301, 302, 303, 304, 311, 315, 317, 319, 320, 323, 325, 327, 328, 329, 331, 332, 333, 334, 335, 336, 343, 347, 349, 351, 352, 353, 355, 356, 357, 358, 359, 360, 361, 362, 363, 364, 365, 366, 368, 371, 373, 375, 376, 377, 379, 380, 381, 382, 383, 384, 399, 423, 427, 429, 431, 432, 447, 455, 459, 461, 463, 464, 479, 483, 485, 487, 488, 489, 491, 492, 493, 494, 495, 496, 503, 507, 509, 511, 512, 559, 591, 615, 619, 621, 623, 624, 639, 751, 783, 807, 811, 813, 815, 816, 831, 839, 843, 845, 847, 848, 863, 867, 869, 871, 872, 873, 875, 876, 877, 878, 879, 880, 887, 891, 893, 895, 896, 943, 975, 999, 1003, 1005, 1007, 1008, 1023]
x_368: [16, 40, 44, 46, 47, 48, 64, 72, 76, 78, 79, 80, 96, 100, 102, 103, 104, 106, 107, 108, 109, 110, 111, 112, 120, 124, 126, 127, 128, 176, 208, 232, 236, 238, 239, 240, 256, 264, 268, 270, 271, 272, 288, 292, 294, 295, 296, 298, 299, 300, 301, 302, 303, 304, 312, 316, 318, 319, 320, 324, 326, 327, 328, 330, 331, 332, 333, 334, 335, 336, 344, 348, 350, 351, 352, 354, 355, 356, 357, 358, 359, 360, 361, 362, 363, 364, 365, 366, 367, 372, 374, 375, 376, 378, 379, 380, 381, 382, 383, 384, 400, 424, 428, 430, 431, 432, 448, 456, 460, 462, 463, 464, 480, 484, 486, 487, 488, 490, 491, 492, 493, 494, 495, 496, 504, 508, 510, 511, 512, 560, 592, 616, 620, 622, 623, 624, 640, 752, 784, 808, 812, 814, 815, 816, 832, 840, 844, 846, 847, 848, 864, 868, 870, 871, 872, 874, 875, 876, 877, 878, 879, 880, 888, 892, 894, 895, 896, 944, 976, 1000, 1004, 1006, 1007, 1008, 1024]
x_369: [17, 33, 49, 50, 51, 53, 57, 65, 81, 82, 83, 85, 89, 97, 98, 99, 101, 105, 113, 114, 115, 116, 117, 118, 119, 121, 122, 123, 125, 177, 209, 225, 241, 242, 243, 245, 249, 257, 273, 274, 275, 277, 281, 289, 290, 291, 293, 297, 305, 306, 307, 308, 309, 310, 311, 313, 314, 315, 317, 321, 322, 323, 325, 329, 337, 338, 339, 340, 341, 342, 343, 345, 346, 347, 349, 353, 354, 355, 356, 357, 358, 359, 361, 362, 363, 365, 370, 371, 372, 373, 374, 375, 376, 377, 378, 379, 380, 381, 382, 383, 401, 417, 433, 434, 435, 437, 441, 449, 465, 466, 467, 469, 473, 481, 482, 483, 485, 489, 497, 498, 499, 500, 501, 502, 503, 505, 506, 507, 509, 561, 593, 609, 625, 626, 627, 629, 633, 753, 785, 801, 817, 818, 819, 821, 825, 833, 849, 850, 851, 853, 857, 865, 866, 867, 869, 873, 881, 882, 883, 884, 885, 886, 887, 889, 890, 891, 893, 945, 977, 993, 1009, 1010, 1011, 1013, 1017]
x_370: [18, 34, 49, 50, 52, 54, 58, 66, 81, 82, 84, 86, 90, 97, 98, 100, 102, 106, 113, 114, 115, 116, 117, 118, 120, 121, 122, 124, 126, 178, 210, 226, 241, 242, 244, 246, 250, 258, 273, 274, 276, 278, 282, 289, 290, 292, 294, 298, 305, 306, 307, 308, 309, 310, 312, 313, 314, 316, 318, 321, 322, 324, 326, 330, 337, 338, 339, 340, 341, 342, 344, 345, 346, 348, 350, 353, 354, 355, 356, 357, 358, 360, 361, 362, 364, 366, 369, 371, 372, 373, 374, 375, 376, 377, 378, 379, 380, 381, 382, 384, 402, 418, 433, 434, 436, 438, 442, 450, 465, 466, 468, 470, 474, 481, 482, 484, 486, 490, 497, 498, 499, 500, 501, 502, 504, 505, 506, 508, 510, 562, 594, 610, 625, 626, 628, 630, 634, 754, 786, 802, 817, 818, 820, 822, 826, 834, 849, 850, 852, 854, 858, 865, 866, 868, 870, 874, 881, 882, 883, 884, 885, 886, 888, 889, 890, 892, 894, 946, 978, 994, 1009, 1010, 1012, 1014, 1018]
x_371: [19, 35, 49, 51, 52, 55, 59, 67, 81, 83, 84, 87, 91, 97, 99, 100, 103, 107, 113, 114, 115, 116, 117, 119, 120, 121, 123, 124, 127, 179, 211, 227, 241, 243, 244, 247, 251, 259, 273, 275, 276, 279, 283, 289, 291, 292, 295, 299, 305, 306, 307, 308, 309, 311, 312, 313, 315, 316, 319, 321, 323, 324, 327, 331, 337, 338, 339, 340, 341, 343, 344, 345, 347, 348, 351, 353, 354, 355, 356, 357, 359, 360, 361, 363, 364, 367, 369, 370, 372, 373, 374, 375, 376, 377, 378, 379, 380, 381, 383, 384, 403, 419, 433, 435, 436, 439, 443, 451, 465, 467, 468, 471, 475, 481, 483, 484, 487, 491, 497, 498, 499, 500, 501, 503, 504, 505, 507, 508, 511, 563, 595, 611, 625, 627, 628, 631, 635, 755, 787, 803, 817, 819, 820, 823, 827, 835, 849, 851, 852, 855, 859, 865, 867, 868, 871, 875, 881, 882, 883, 884, 885, 887, 888, 889, 891, 892, 895, 947, 979, 995, 1009, 1011, 1012, 1015, 1019]
x_372: [20, 36, 50, 51, 52, 56, 60, 68, 82, 83, 84, 88, 92, 98, 99, 100, 104, 108, 113, 114, 115, 116, 118, 119, 120, 122, 123, 124, 128, 180, 212, 228, 242, 243, 244, 248, 252, 260, 274, 275, 276, 280, 284, 290, 291, 292, 296, 300, 305, 306, 307, 308, 310, 311, 312, 314, 315, 316, 320, 322, 323, 324, 328, 332, 337, 338, 339, 340, 342, 343, 344, 346, 347, 348, 352, 353, 354, 355, 356, 358, 359, 360, 362, 363, 364, 368, 369, 370, 371, 373, 374, 375, 376, 377, 378, 379, 380, 382, 383, 384, 404, 420, 434, 435, 436, 440, 444, 452, 466, 467, 468, 472, 476, 482, 483, 484, 488, 492, 497, 498, 499, 500, 502, 503, 504, 506, 507, 508, 512, 564, 596, 612, 626, 627, 628, 632, 636, 756, 788, 804, 818, 819, 820, 824, 828, 836, 850, 851, 852, 856, 860, 866, 867, 868, 872, 876, 881, 882, 883, 884, 886, 887, 888, 890, 891, 892, 896, 948, 980, 996, 1010, 1011, 1012, 1016, 1020]
x_373: [21, 37, 49, 53, 54, 55, 61, 69, 81, 85, 86, 87, 93, 97, 101, 102, 103, 109, 113, 114, 115, 117, 118, 119, 120, 121, 125, 126, 127, 181, 213, 229, 241, 245, 246, 247, 253, 261, 273, 277, 278, 279, 285, 289, 293, 294, 295, 301, 305, 306, 307, 309, 310, 311, 312, 313, 317, 318, 319, 321, 325, 326, 327, 333, 337, 338, 339, 341, 342, 343, 344, 345, 349, 350, 351, 353, 354, 355, 357, 358, 359, 360, 361, 365, 366, 367, 369, 370, 371, 372, 374, 375, 376, 377, 378, 379, 381, 382, 383, 384, 405, 421, 433, 437, 438, 439, 445, 453, 465, 469, 470, 471, 477, 481, 485, 486, 487, 493, 497, 498, 499, 501, 502, 503, 504, 505, 509, 510, 511, 565, 597, 613, 625, 629, 630, 631, 637, 757, 789, 805, 817, 821, 822, 823, 829, 837, 849, 853, 854, 855, 861, 865, 869, 870, 871, 877, 881, 882, 883, 885, 886, 887, 888, 889, 893, 894, 895, 949, 981, 997, 1009, 1013, 1014, 1015, 1021]
x_374: [22, 38, 50, 53, 54, 56, 62, 70, 82, 85, 86, 88, 94, 98, 101, 102, 104, 110, 113, 114, 116, 117, 118, 119, 120, 122, 125, 126, 128, 182, 214, 230, 242, 245, 246, 248, 254, 262, 274, 277, 278, 280, 286, 290, 293, 294, 296, 302, 305, 306, 308, 309, 310, 311, 312, 314, 317, 318, 320, 322, 325, 326, 328, 334, 337, 338, 340, 341, 342, 343, 344, 346, 349, 350, 352, 353, 354, 356, 357, 358, 359, 360, 362, 365, 366, 368, 369, 370, 371, 372, 373, 375, 376, 377, 378, 380, 381, 382, 383, 384, 406, 422, 434, 437, 438, 440, 446, 454, 466, 469, 470, 472, 478, 482, 485, 486, 488, 494, 497, 498, 500, 501, 502, 503, 504, 506, 509, 510, 512, 566, 598, 614, 626, 629, 630, 632, 638, 758, 790, 806, 818, 821, 822, 824, 830, 838, 850, 853, 854, 856, 862, 866, 869, 870, 872, 878, 881, 882, 884, 885, 886, 887, 888, 890, 893, 894, 896, 950, 982, 998, 1010, 1013, 1014, 1016, 1022]
x_375: [23, 39, 51, 53, 55, 56, 63, 71, 83, 85, 87, 88, 95, 99, 101, 103, 104, 111, 113, 115, 116, 117, 118, 119, 120, 123, 125, 127, 128, 183, 215, 231, 243, 245, 247, 248, 255, 263, 275, 277, 279, 280, 287, 291, 293, 295, 296, 303, 305, 307, 308, 309, 310, 311, 312, 315, 317, 319, 320, 323, 325, 327, 328, 335, 337, 339, 340, 341, 342, 343, 344, 347, 349, 351, 352, 353, 355, 356, 357, 358, 359, 360, 363, 365, 367, 368, 369, 370, 371, 372, 373, 374, 376, 377, 379, 380, 381, 382, 383, 384, 407, 423, 435, 437, 439, 440, 447, 455, 467, 469, 471, 472, 479, 483, 485, 487, 488, 495, 497, 499, 500, 501, 502, 503, 504, 507, 509, 511, 512, 567, 599, 615, 627, 629, 631, 632, 639, 759, 791, 807, 819, 821, 823, 824, 831, 839, 851, 853, 855, 856, 863, 867, 869, 871, 872, 879, 881, 883, 884, 885, 886, 887, 888, 891, 893, 895, 896, 951, 983, 999, 1011, 1013, 1015, 1016, 1023]
x_376: [24, 40, 52, 54, 55, 56, 64, 72, 84, 86, 87, 88, 96, 100, 102, 103, 104, 112, 114, 115, 116, 117, 118, 119, 120, 124, 126, 127, 128, 184, 216, 232, 244, 246, 247, 248, 256, 264, 276, 278, 279, 280, 288, 292, 294, 295, 296, 304, 306, 307, 308, 309, 310, 311, 312, 316, 318, 319, 320, 324, 326, 327, 328, 336, 338, 339, 340, 341, 342, 343, 344, 348, 350, 351, 352, 354, 355, 356, 357, 358, 359, 360, 364, 366, 367, 368, 369, 370, 371, 372, 373, 374, 375, 378, 379, 380, 381, 382, 383, 384, 408, 424, 436, 438, 439, 440, 448, 456, 468, 470, 471, 472, 480, 484, 486, 487, 488, 496, 498, 499, 500, 501, 502, 503, 504, 508, 510, 511, 512, 568, 600, 616, 628, 630, 631, 632, 640, 760, 792, 808, 820, 822, 823, 824, 832, 840, 852, 854, 855, 856, 864, 868, 870, 871, 872, 880, 882, 883, 884, 885, 886, 887, 888, 892, 894, 895, 896, 952, 984, 1000, 1012, 1014, 1015, 1016, 1024]
x_377: [25, 41, 49, 57, 58, 59, 61, 73, 81, 89, 90, 91, 93, 97, 105, 106, 107, 109, 113, 114, 115, 117, 121, 122, 123, 124, 125, 126, 127, 185, 217, 233, 241, 249, 250, 251, 253, 265, 273, 281, 282, 283, 285, 289, 297, 298, 299, 301, 305, 306, 307, 309, 313, 314, 315, 316, 317, 318, 319, 321, 329, 330, 331, 333, 337, 338, 339, 341, 345, 346, 347, 348, 349, 350, 351, 353, 354, 355, 357, 361, 362, 363, 364, 365, 366, 367, 369, 370, 371, 372, 373, 374, 375, 378, 379, 380, 381, 382, 383, 384, 409, 425, 433, 441, 442, 443, 445, 457, 465, 473, 474, 475, 477, 481, 489, 490, 491, 493, 497, 498, 499, 501, 505, 506, 507, 508, 509, 510, 511, 569, 601, 617, 625, 633, 634, 635, 637, 761, 793, 809, 817, 825, 826, 827, 829, 841, 849, 857, 858, 859, 861, 865, 873, 874, 875, 877, 881, 882, 883, 885, 889, 890, 891, 892, 893, 894, 895, 953, 985, 1001, 1009, 1017, 1018, 1019, 1021]
x_378: [26, 42, 50, 57, 58, 60, 62, 74, 82, 89, 90, 92, 94, 98, 105, 106, 108, 110, 113, 114, 116, 118, 121, 122, 123, 124, 125, 126, 128, 186, 218, 234, 242, 249, 250, 252, 254, 266, 274, 281, 282, 284, 286, 290, 297, 298, 300, 302, 305, 306, 308, 310, 313, 314, 315, 316, 317, 318, 320, 322, 329, 330, 332, 334, 337, 338, 340, 342, 345, 346, 347, 348, 349, 350, 352, 353, 354, 356, 358, 361, 362, 363, 364, 365, 366, 368, 369, 370, 371, 372, 373, 374, 376, 377, 379, 380, 381, 382, 383, 384, 410, 426, 434, 441, 442, 444, 446, 458, 466, 473, 474, 476, 478, 482, 489, 490, 492, 494, 497, 498, 500, 502, 505, 506, 507, 508, 509, 510, 512, 570, 602, 618, 626, 633, 634, 636, 638, 762, 794, 810, 818, 825, 826, 828, 830, 842, 850, 857, 858, 860, 862, 866, 873, 874, 876, 878, 881, 882, 884, 886, 889, 890, 891, 892, 893, 894, 896, 954, 986, 1002, 1010, 1017, 1018, 1020, 1022]
x_379: [27, 43, 51, 57, 59, 60, 63, 75, 83, 89, 91, 92, 95, 99, 105, 107, 108, 111, 113, 115, 116, 119, 121, 122, 123, 124, 125, 127, 128, 187, 219, 235, 243, 249, 251, 252, 255, 267, 275, 281, 283, 284, 287, 291, 297, 299, 300, 303, 305, 307, 308, 311, 313, 314, 315, 316, 317, 319, 320, 323, 329, 331, 332, 335, 337, 339, 340, 343, 345, 346, 347, 348, 349, 351, 352, 353, 355, 356, 359, 361, 362, 363, 364, 365, 367, 368, 369, 370, 371, 372, 373, 375, 376, 377, 378, 380, 381, 382, 383, 384, 411, 427, 435, 441, 443, 444, 447, 459, 467, 473, 475, 476, 479, 483, 489, 491, 492, 495, 497, 499, 500, 503, 505, 506, 507, 508, 509, 511, 512, 571, 603, 619, 627, 633, 635, 636, 639, 763, 795, 811, 819, 825, 827, 828, 831, 843, 851, 857, 859, 860, 863, 867, 873, 875, 876, 879, 881, 883, 884, 887, 889, 890, 891, 892, 893, 895, 896, 955, 987, 1003, 1011, 1017, 1019, 1020, 1023]
x_380: [28, 44, 52, 58, 59, 60, 64, 76, 84, 90, 91, 92, 96, 100, 106, 107, 108, 112, 114, 115, 116, 120, 121, 122, 123, 124, 126, 127, 128, 188, 220, 236, 244, 250, 251, 252, 256, 268, 276, 282, 283, 284, 288, 292, 298, 299, 300, 304, 306, 307, 308, 312, 313, 314, 315, 316, 318, 319, 320, 324, 330, 331, 332, 336, 338, 339, 340, 344, 345, 346, 347, 348, 350, 351, 352, 354, 355, 356, 360, 361, 362, 363, 364, 366, 367, 368, 369, 370, 371, 372, 374, 375, 376, 377, 378, 379, 381, 382, 383, 384, 412, 428, 436, 442, 443, 444, 448, 460, 468, 474, 475, 476, 480, 484, 490, 491, 492, 496, 498, 499, 500, 504, 505, 506, 507, 508, 510, 511, 512, 572, 604, 620, 628, 634, 635, 636, 640, 764, 796, 812, 820, 826, 827, 828, 832, 844, 852, 858, 859, 860, 864, 868, 874, 875, 876, 880, 882, 883, 884, 888, 889, 890, 891, 892, 894, 895, 896, 956, 988, 1004, 1012, 1018, 1019, 1020, 1024]
x_381: [29, 45, 53, 57, 61, 62, 63, 77, 85, 89, 93, 94, 95, 101, 105, 109, 110, 111, 113, 117, 118, 119, 121, 122, 123, 125, 126, 127, 128, 189, 221, 237, 245, 249, 253, 254, 255, 269, 277, 281, 285, 286, 287, 293, 297, 301, 302, 303, 305, 309, 310, 311, 313, 314, 315, 317, 318, 319, 320, 325, 329, 333, 334, 335, 337, 341, 342, 343, 345, 346, 347, 349, 350, 351, 352, 353, 357, 358, 359, 361, 362, 363, 365, 366, 367, 368, 369, 370, 371, 373, 374, 375, 376, 377, 378, 379, 380, 382, 383, 384, 413, 429, 437, 441, 445, 446, 447, 461, 469, 473, 477, 478, 479, 485, 489, 493, 494, 495, 497, 501, 502, 503, 505, 506, 507, 509, 510, 511, 512, 573, 605, 621, 629, 633, 637, 638, 639, 765, 797, 813, 821, 825, 829, 830, 831, 845, 853, 857, 861, 862, 863, 869, 873, 877, 878, 879, 881, 885, 886, 887, 889, 890, 891, 893, 894, 895, 896, 957, 989, 1005, 1013, 1017, 1021, 1022, 1023]
x_382: [30, 46, 54, 58, 61, 62, 64, 78, 86, 90, 93, 94, 96, 102, 106, 109, 110, 112, 114, 117, 118, 120, 121, 122, 124, 125, 126, 127, 128, 190, 222, 238, 246, 250, 253, 254, 256, 270, 278, 282, 285, 286, 288, 294, 298, 301, 302, 304, 306, 309, 310, 312, 313, 314, 316, 317, 318, 319, 320, 326, 330, 333, 334, 336, 338, 341, 342, 344, 345, 346, 348, 349, 350, 351, 352, 354, 357, 358, 360, 361, 362, 364, 365, 366, 367, 368, 369, 370, 372, 373, 374, 375, 376, 377, 378, 379, 380, 381, 383, 384, 414, 430, 438, 442, 445, 446, 448, 462, 470, 474, 477, 478, 480, 486, 490, 493, 494, 496, 498, 501, 502, 504, 505, 506, 508, 509, 510, 511, 512, 574, 606, 622, 630, 634, 637, 638, 640, 766, 798, 814, 822, 826, 829, 830, 832, 846, 854, 858, 861, 862, 864, 870, 874, 877, 878, 880, 882, 885, 886, 888, 889, 890, 892, 893, 894, 895, 896, 958, 990, 1006, 1014, 1018, 1021, 1022, 1024]
x_383: [31, 47, 55, 59, 61, 63, 64, 79, 87, 91, 93, 95, 96, 103, 107, 109, 111, 112, 115, 117, 119, 120, 121, 123, 124, 125, 126, 127, 128, 191, 223, 239, 247, 251, 253, 255, 256, 271, 279, 283, 285, 287, 288, 295, 299, 301, 303, 304, 307, 309, 311, 312, 313, 315, 316, 317, 318, 319, 320, 327, 331, 333, 335, 336, 339, 341, 343, 344, 345, 347, 348, 349, 350, 351, 352, 355, 357, 359, 360, 361, 363, 364, 365, 366, 367, 368, 369, 371, 372, 373, 374, 375, 376, 377, 378, 379, 380, 381, 382, 384, 415, 431, 439, 443, 445, 447, 448, 463, 471, 475, 477, 479, 480, 487, 491, 493, 495, 496, 499, 501, 503, 504, 505, 507, 508, 509, 510, 511, 512, 575, 607, 623, 631, 635, 637, 639, 640, 767, 799, 815, 823, 827, 829, 831, 832, 847, 855, 859, 861, 863, 864, 871, 875, 877, 879, 880, 883, 885, 887, 888, 889, 891, 892, 893, 894, 895, 896, 959, 991, 1007, 1015, 1019, 1021, 1023, 1024]
x_384: [32, 48, 56, 60, 62, 63, 64, 80, 88, 92, 94, 95, 96, 104, 108, 110, 111, 112, 116, 118, 119, 120, 122, 123, 124, 125, 126, 127, 128, 192, 224, 240, 248, 252, 254, 255, 256, 272, 280, 284, 286, 287, 288, 296, 300, 302, 303, 304, 308, 310, 311, 312, 314, 315, 316, 317, 318, 319, 320, 328, 332, 334, 335, 336, 340, 342, 343, 344, 346, 347, 348, 349, 350, 351, 352, 356, 358, 359, 360, 362, 363, 364, 365, 366, 367, 368, 370, 371, 372, 373, 374, 375, 376, 377, 378, 379, 380, 381, 382, 383, 416, 432, 440, 444, 446, 447, 448, 464, 472, 476, 478, 479, 480, 488, 492, 494, 495, 496, 500, 502, 503, 504, 506, 507, 508, 509, 510, 511, 512, 576, 608, 624, 632, 636, 638, 639, 640, 768, 800, 816, 824, 828, 830, 831, 832, 848, 856, 860, 862, 863, 864, 872, 876, 878, 879, 880, 884, 886, 887, 888, 890, 891, 892, 893, 894, 895, 896, 960, 992, 1008, 1016, 1020, 1022, 1023, 1024]
x_385: [1, 2, 3, 5, 9, 17, 33, 65, 129, 130, 131, 132, 133, 134, 135, 137, 138, 139, 141, 145, 146, 147, 149, 153, 161, 162, 163, 165, 169, 177, 193, 194, 195, 197, 201, 209, 225, 257, 258, 259, 260, 261, 262, 263, 265, 266, 267, 269, 273, 274, 275, 277, 281, 289, 290, 291, 293, 297, 305, 321, 322, 323, 325, 329, 337, 353, 386, 387, 388, 389, 390, 391, 392, 393, 394, 395, 396, 397, 398, 399, 401, 402, 403, 404, 405, 406, 407, 409, 410, 411, 413, 417, 418, 419, 420, 421, 422, 423, 425, 426, 427, 429, 433, 434, 435, 437, 441, 449, 450, 451, 452, 453, 454, 455, 457, 458, 459, 461, 465, 466, 467, 469, 473, 481, 482, 483, 485, 489, 497, 513, 641, 642, 643, 645, 649, 657, 673, 705, 769, 770, 771, 773, 777, 785, 801, 833, 897, 898, 899, 900, 901, 902, 903, 905, 906, 907, 909, 913, 914, 915, 917, 921, 929, 930, 931, 933, 937, 945, 961, 962, 963, 965, 969, 977, 993]
x_386: [1, 2, 4, 6, 10, 18, 34, 66, 129, 130, 131, 132, 133, 134, 136, 137, 138, 140, 142, 145, 146, 148, 150, 154, 161, 162, 164, 166, 170, 178, 193, 194, 196, 198, 202, 210, 226, 257, 258, 259, 260, 261, 262, 264, 265, 266, 268, 270, 273, 274, 276, 278, 282, 289, 290, 292, 294, 298, 306, 321, 322, 324, 326, 330, 338, 354, 385, 387, 388, 389, 390, 391, 392, 393, 394, 395, 396, 397, 398, 400, 401, 402, 403, 404, 405, 406, 408, 409, 410, 412, 414, 417, 418, 419, 420, 421, 422, 424, 425, 426, 428, 430, 433, 434, 436, 438, 442, 449, 450, 451, 452, 453, 454, 456, 457, 458, 460, 462, 465, 466, 468, 470, 474, 481, 482, 484, 486, 490, 498, 514, 641, 642, 644, 646, 650, 658, 674, 706, 769, 770, 772, 774, 778, 786, 802, 834, 897, 898, 899, 900, 901, 902, 904, 905, 906, 908, 910, 913, 914, 916, 918, 922, 929, 930, 932, 934, 938, 946, 961, 962, 964, 966, 970, 978, 994]
x_387: [1, 3, 4, 7, 11, 19, 35, 67, 129, 130, 131, 132, 133, 135, 136, 137, 139, 140, 143, 145, 147, 148, 151, 155, 161, 163, 164, 167, 171, 179, 193, 195, 196, 199, 203, 211, 227, 257, 258, 259, 260, 261, 263, 264, 265, 267, 268, 271, 273, 275, 276, 279, 283, 289, 291, 292, 295, 299, 307, 321, 323, 324, 327, 331, 339, 355, 385, 386, 388, 389, 390, 391, 392, 393, 394, 395, 396, 397, 399, 400, 401, 402, 403, 404, 405, 407, 408, 409, 411, 412, 415, 417, 418, 419, 420, 421, 423, 424, 425, 427, 428, 431, 433, 435, 436, 439, 443, 449, 450, 451, 452, 453, 455, 456, 457, 459, 460, 463, 465, 467, 468, 471, 475, 481, 483, 484, 487, 491, 499, 515, 641, 643, 644, 647, 651, 659, 675, 707, 769, 771, 772, 775, 779, 787, 803, 835, 897, 898, 899, 900, 901, 903, 904, 905, 907, 908, 911, 913, 915, 916, 919, 923, 929, 931, 932, 935, 939, 947, 961, 963, 964, 967, 971, 979, 995]
x_388: [2, 3, 4, 8, 12, 20, 36, 68, 129, 130, 131, 132, 134, 135, 136, 138, 139, 140, 144, 146, 147, 148, 152, 156, 162, 163, 164, 168, 172, 180, 194, 195, 196, 200, 204, 212, 228, 257, 258, 259, 260, 262, 263, 264, 266, 267, 268, 272, 274, 275, 276, 280, 284, 290, 291, 292, 296, 300, 308, 322, 323, 324, 328, 332, 340, 356, 385, 386, 387, 389, 390, 391, 392, 393, 394, 395, 396, 398, 399, 400, 401, 402, 403, 404, 406, 407, 408, 410, 411, 412, 416, 417, 418, 419, 420, 422, 423, 424, 426, 427, 428, 432, 434, 435, 436, 440, 444, 449, 450, 451, 452, 454, 455, 456, 458, 459, 460, 464, 466, 467, 468, 472, 476, 482, 483, 484, 488, 492, 500, 516, 642, 643, 644, 648, 652, 660, 676, 708, 770, 771, 772, 776, 780, 788, 804, 836, 897, 898, 899, 900, 902, 903, 904, 906, 907, 908, 912, 914, 915, 916, 920, 924, 930, 931, 932, 936, 940, 948, 962, 963, 964, 968, 972, 980, 996]
x_389: [1, 5, 6, 7, 13, 21, 37, 69, 129, 130, 131, 133, 134, 135, 136, 137, 141, 142, 143, 145, 149, 150, 151, 157, 161, 165, 166, 167, 173, 181, 193, 197, 198, 199, 205, 213, 229, 257, 258, 259, 261, 262, 263, 264, 265, 269, 270, 271, 273, 277, 278, 279, 285, 289, 293, 294, 295, 301, 309, 321, 325, 326, 327, 333, 341, 357, 385, 386, 387, 388, 390, 391, 392, 393, 394, 395, 397, 398, 399, 400, 401, 402, 403, 405, 406, 407, 408, 409, 413, 414, 415, 417, 418, 419, 421, 422, 423, 424, 425, 429, 430, 431, 433, 437, 438, 439, 445, 449, 450, 451, 453, 454, 455, 456, 457, 461, 462, 463, 465, 469, 470, 471, 477, 481, 485, 486, 487, 493, 501, 517, 641, 645, 646, 647, 653, 661, 677, 709, 769, 773, 774, 775, 781, 789, 805, 837, 897, 898, 899, 901, 902, 903, 904, 905, 909, 910, 911, 913, 917, 918, 919, 925, 929, 933, 934, 935, 941, 949, 961, 965, 966, 967, 973, 981, 997]
x_390: [2, 5, 6, 8, 14, 22, 38, 70, 129, 130, 132, 133, 134, 135, 136, 138, 141, 142, 144, 146, 149, 150, 152, 158, 162, 165, 166, 168, 174, 182, 194, 197, 198, 200, 206, 214, 230, 257, 258, 260, 261, 262, 263, 264, 266, 269, 270, 272, 274, 277, 278, 280, 286, 290, 293, 294, 296, 302, 310, 322, 325, 326, 328, 334, 342, 358, 385, 386, 387, 388, 389, 391, 392, 393, 394, 396, 397, 398, 399, 400, 401, 402, 404, 405, 406, 407, 408, 410, 413, 414, 416, 417, 418, 420, 421, 422, 423, 424, 426, 429, 430, 432, 434, 437, 438, 440, 446, 449, 450, 452, 453, 454, 455, 456, 458, 461, 462, 464, 466, 469, 470, 472, 478, 482, 485, 486, 488, 494, 502, 518, 642, 645, 646, 648, 654, 662, 678, 710, 770, 773, 774, 776, 782, 790, 806, 838, 897, 898, 900, 901, 902, 903, 904, 906, 909, 910, 912, 914, 917, 918, 920, 926, 930, 933, 934, 936, 942, 950, 962, 965, 966, 968, 974, 982, 998]
x_391: [3, 5, 7, 8, 15, 23, 39, 71, 129, 131, 132, 133, 134, 135, 136, 139, 141, 143, 144, 147, 149, 151, 152, 159, 163, 165, 167, 168, 175, 183, 195, 197, 199, 200, 207, 215, 231, 257, 259, 260, 261, 262, 263, 264, 267, 269, 271, 272, 275, 277, 279, 280, 287, 291, 293, 295, 296, 303, 311, 323, 325, 327, 328, 335, 343, 359, 385, 386, 387, 388, 389, 390, 392, 393, 395, 396, 397, 398, 399, 400, 401, 403, 404, 405, 406, 407, 408, 411, 413, 415, 416, 417, 419, 420, 421, 422, 423, 424, 427, 429, 431, 432, 435, 437, 439, 440, 447, 449, 451, 452, 453, 454, 455, 456, 459, 461, 463, 464, 467, 469, 471, 472, 479, 483, 485, 487, 488, 495, 503, 519, 643, 645, 647, 648, 655, 663, 679, 711, 771, 773, 775, 776, 783, 791, 807, 839, 897, 899, 900, 901, 902, 903, 904, 907, 909, 911, 912, 915, 917, 919, 920, 927, 931, 933, 935, 936, 943, 951, 963, 965, 967, 968, 975, 983, 999]
x_392: [4, 6, 7, 8, 16, 24, 40, 72, 130, 131, 132, 133, 134, 135, 136, 140, 142, 143, 144, 148, 150, 151, 152, 160, 164, 166, 167, 168, 176, 184, 196, 198, 199, 200, 208, 216, 232, 258, 259, 260, 261, 262, 263, 264, 268, 270, 271, 272, 276, 278, 279, 280, 288, 292, 294, 295, 296, 304, 312, 324, 326, 327, 328, 336, 344, 360, 385, 386, 387, 388, 389, 390, 391, 394, 395, 396, 397, 398, 399, 400, 402, 403, 404, 405, 406, 407, 408, 412, 414, 415, 416, 418, 419, 420, 421, 422, 423, 424, 428, 430, 431, 432, 436, 438, 439, 440, 448, 450, 451, 452, 453, 454, 455, 456, 460, 462, 463, 464, 468, 470, 471, 472, 480, 484, 486, 487, 488, 496, 504, 520, 644, 646, 647, 648, 656, 664, 680, 712, 772, 774, 775, 776, 784, 792, 808, 840, 898, 899, 900, 901, 902, 903, 904, 908, 910, 911, 912, 916, 918, 919, 920, 928, 932, 934, 935, 936, 944, 952, 964, 966, 967, 968, 976, 984, 1000]
x_393: [1, 9, 10, 11, 13, 25, 41, 73, 129, 130, 131, 133, 137, 138, 139, 140, 141, 142, 143, 145, 153, 154, 155, 157, 161, 169, 170, 171, 173, 185, 193, 201, 202, 203, 205, 217, 233, 257, 258, 259, 261, 265, 266, 267, 268, 269, 270, 271, 273, 281, 282, 283, 285, 289, 297, 298, 299, 301, 313, 321, 329, 330, 331, 333, 345, 361, 385, 386, 387, 388, 389, 390, 391, 394, 395, 396, 397, 398, 399, 400, 401, 402, 403, 405, 409, 410, 411, 412, 413, 414, 415, 417, 418, 419, 421, 425, 426, 427, 428, 429, 430, 431, 433, 441, 442, 443, 445, 449, 450, 451, 453, 457, 458, 459, 460, 461, 462, 463, 465, 473, 474, 475, 477, 481, 489, 490, 491, 493, 505, 521, 641, 649, 650, 651, 653, 665, 681, 713, 769, 777, 778, 779, 781, 793, 809, 841, 897, 898, 899, 901, 905, 906, 907, 908, 909, 910, 911, 913, 921, 922, 923, 925, 929, 937, 938, 939, 941, 953, 961, 969, 970, 971, 973, 985, 1001]
x_394: [2, 9, 10, 12, 14, 26, 42, 74, 129, 130, 132, 134, 137, 138, 139, 140, 141, 142, 144, 146, 153, 154, 156, 158, 162, 169, 170, 172, 174, 186, 194, 201, 202, 204, 206, 218, 234, 257, 258, 260, 262, 265, 266, 267, 268, 269, 270, 272, 274, 281, 282, 284, 286, 290, 297, 298, 300, 302, 314, 322, 329, 330, 332, 334, 346, 362, 385, 386, 387, 388, 389, 390, 392, 393, 395, 396, 397, 398, 399, 400, 401, 402, 404, 406, 409, 410, 411, 412, 413, 414, 416, 417, 418, 420, 422, 425, 426, 427, 428, 429, 430, 432, 434, 441, 442, 444, 446, 449, 450, 452, 454, 457, 458, 459, 460, 461, 462, 464, 466, 473, 474, 476, 478, 482, 489, 490, 492, 494, 506, 522, 642, 649, 650, 652, 654, 666, 682, 714, 770, 777, 778, 780, 782, 794, 810, 842, 897, 898, 900, 902, 905, 906, 907, 908, 909, 910, 912, 914, 921, 922, 924, 926, 930, 937, 938, 940, 942, 954, 962, 969, 970, 972, 974, 986, 1002]
x_395: [3, 9, 11, 12, 15, 27, 43, 75, 129, 131, 132, 135, 137, 138, 139, 140, 141, 143, 144, 147, 153, 155, 156, 159, 163, 169, 171, 172, 175, 187, 195, 201, 203, 204, 207, 219, 235, 257, 259, 260, 263, 265, 266, 267, 268, 269, 271, 272, 275, 281, 283, 284, 287, 291, 297, 299, 300, 303, 315, 323, 329, 331, 332, 335, 347, 363, 385, 386, 387, 388, 389, 391, 392, 393, 394, 396, 397, 398, 399, 400, 401, 403, 404, 407, 409, 410, 411, 412, 413, 415, 416, 417, 419, 420, 423, 425, 426, 427, 428, 429, 431, 432, 435, 441, 443, 444, 447, 449, 451, 452, 455, 457, 458, 459, 460, 461, 463, 464, 467, 473, 475, 476, 479, 483, 489, 491, 492, 495, 507, 523, 643, 649, 651, 652, 655, 667, 683, 715, 771, 777, 779, 780, 783, 795, 811, 843, 897, 899, 900, 903, 905, 906, 907, 908, 909, 911, 912, 915, 921, 923, 924, 927, 931, 937, 939, 940, 943, 955, 963, 969, 971, 972, 975, 987, 1003]
x_396: [4, 10, 11, 12, 16, 28, 44, 76, 130, 131, 132, 136, 137, 138, 139, 140, 142, 143, 144, 148, 154, 155, 156, 160, 164, 170, 171, 172, 176, 188, 196, 202, 203, 204, 208, 220, 236, 258, 259, 260, 264, 265, 266, 267, 268, 270, 271, 272, 276, 282, 283, 284, 288, 292, 298, 299, 300, 304, 316, 324, 330, 331, 332, 336, 348, 364, 385, 386, 387, 388, 390, 391, 392, 393, 394, 395, 397, 398, 399, 400, 402, 403, 404, 408, 409, 410, 411, 412, 414, 415, 416, 418, 419, 420, 424, 425, 426, 427, 428, 430, 431, 432, 436, 442, 443, 444, 448, 450, 451, 452, 456, 457, 458, 459, 460, 462, 463, 464, 468, 474, 475, 476, 480, 484, 490, 491, 492, 496, 508, 524, 644, 650, 651, 652, 656, 668, 684, 716, 772, 778, 779, 780, 784, 796, 812, 844, 898, 899, 900, 904, 905, 906, 907, 908, 910, 911, 912, 916, 922, 923, 924, 928, 932, 938, 939, 940, 944, 956, 964, 970, 971, 972, 976, 988, 1004]
x_397: [5, 9, 13, 14, 15, 29, 45, 77, 129, 133, 134, 135, 137, 138, 139, 141, 142, 143, 144, 149, 153, 157, 158, 159, 165, 169, 173, 174, 175, 189, 197, 201, 205, 206, 207, 221, 237, 257, 261, 262, 263, 265, 266, 267, 269, 270, 271, 272, 277, 281, 285, 286, 287, 293, 297, 301, 302, 303, 317, 325, 329, 333, 334, 335, 349, 365, 385, 386, 387, 389, 390, 391, 392, 393, 394, 395, 396, 398, 399, 400, 401, 405, 406, 407, 409, 410, 411, 413, 414, 415, 416, 417, 421, 422, 423, 425, 426, 427, 429, 430, 431, 432, 437, 441, 445, 446, 447, 449, 453, 454, 455, 457, 458, 459, 461, 462, 463, 464, 469, 473, 477, 478, 479, 485, 489, 493, 494, 495, 509, 525, 645, 649, 653, 654, 655, 669, 685, 717, 773, 777, 781, 782, 783, 797, 813, 845, 897, 901, 902, 903, 905, 906, 907, 909, 910, 911, 912, 917, 921, 925, 926, 927, 933, 937, 941, 942, 943, 957, 965, 969, 973, 974, 975, 989, 1005]
x_398: [6, 10, 13, 14, 16, 30, 46, 78, 130, 133, 134, 136, 137, 138, 140, 141, 142, 143, 144, 150, 154, 157, 158, 160, 166, 170, 173, 174, 176, 190, 198, 202, 205, 206, 208, 222, 238, 258, 261, 262, 264, 265, 266, 268, 269, 270, 271, 272, 278, 282, 285, 286, 288, 294, 298, 301, 302, 304, 318, 326, 330, 333, 334, 336, 350, 366, 385, 386, 388, 389, 390, 391, 392, 393, 394, 395, 396, 397, 399, 400, 402, 405, 406, 408, 409, 410, 412, 413, 414, 415, 416, 418, 421, 422, 424, 425, 426, 428, 429, 430, 431, 432, 438, 442, 445, 446, 448, 450, 453, 454, 456, 457, 458, 460, 461, 462, 463, 464, 470, 474, 477, 478, 480, 486, 490, 493, 494, 496, 510, 526, 646, 650, 653, 654, 656, 670, 686, 718, 774, 778, 781, 782, 784, 798, 814, 846, 898, 901, 902, 904, 905, 906, 908, 909, 910, 911, 912, 918, 922, 925, 926, 928, 934, 938, 941, 942, 944, 958, 966, 970, 973, 974, 976, 990, 1006]
x_399: [7, 11, 13, 15, 16, 31, 47, 79, 131, 133, 135, 136, 137, 139, 140, 141, 142, 143, 144, 151, 155, 157, 159, 160, 167, 171, 173, 175, 176, 191, 199, 203, 205, 207, 208, 223, 239, 259, 261, 263, 264, 265, 267, 268, 269, 270, 271, 272, 279, 283, 285, 287, 288, 295, 299, 301, 303, 304, 319, 327, 331, 333, 335, 336, 351, 367, 385, 387, 388, 389, 390, 391, 392, 393, 394, 395, 396, 397, 398, 400, 403, 405, 407, 408, 409, 411, 412, 413, 414, 415, 416, 419, 421, 423, 424, 425, 427, 428, 429, 430, 431, 432, 439, 443, 445, 447, 448, 451, 453, 455, 456, 457, 459, 460, 461, 462, 463, 464, 471, 475, 477, 479, 480, 487, 491, 493, 495, 496, 511, 527, 647, 651, 653, 655, 656, 671, 687, 719, 775, 779, 781, 783, 784, 799, 815, 847, 899, 901, 903, 904, 905, 907, 908, 909, 910, 911, 912, 919, 923, 925, 927, 928, 935, 939, 941, 943, 944, 959, 967, 971, 973, 975, 976, 991, 1007]
x_400: [8, 12, 14, 15, 16, 32, 48, 80, 132, 134, 135, 136, 138, 139, 140, 141, 142, 143, 144, 152, 156, 158, 159, 160, 168, 172, 174, 175, 176, 192, 200, 204, 206, 207, 208, 224, 240, 260, 262, 263, 264, 266, 267, 268, 269, 270, 271, 272, 280, 284, 286, 287, 288, 296, 300, 302, 303, 304, 320, 328, 332, 334, 335, 336, 352, 368, 386, 387, 388, 389, 390, 391, 392, 393, 394, 395, 396, 397, 398, 399, 404, 406, 407, 408, 410, 411, 412, 413, 414, 415, 416, 420, 422, 423, 424, 426, 427, 428, 429, 430, 431, 432, 440, 444, 446, 447, 448, 452, 454, 455, 456, 458, 459, 460, 461, 462, 463, 464, 472, 476, 478, 479, 480, 488, 492, 494, 495, 496, 512, 528, 648, 652, 654, 655, 656, 672, 688, 720, 776, 780, 782, 783, 784, 800, 816, 848, 900, 902, 903, 904, 906, 907, 908, 909, 910, 911, 912, 920, 924, 926, 927, 928, 936, 940, 942, 943, 944, 960, 968, 972, 974, 975, 976, 992, 1008]
x_401: [1, 17, 18, 19, 21, 25, 49, 81, 129, 130, 131, 133, 137, 145, 146, 147, 148, 149, 150, 151, 153, 154, 155, 157, 161, 177, 178, 179, 181, 185, 193, 209, 210, 211, 213, 217, 241, 257, 258, 259, 261, 265, 273, 274, 275, 276, 277, 278, 279, 281, 282, 283, 285, 289, 305, 306, 307, 309, 313, 321, 337, 338, 339, 341, 345, 369, 385, 386, 387, 388, 389, 390, 391, 393, 394, 395, 397, 402, 403, 404, 405, 406, 407, 408, 409, 410, 411, 412, 413, 414, 415, 417, 418, 419, 421, 425, 433, 434, 435, 436, 437, 438, 439, 441, 442, 443, 445, 449, 450, 451, 453, 457, 465, 466, 467, 468, 469, 470, 471, 473, 474, 475, 477, 481, 497, 498, 499, 501, 505, 529, 641, 657, 658, 659, 661, 665, 689, 721, 769, 785, 786, 787, 789, 793, 817, 849, 897, 898, 899, 901, 905, 913, 914, 915, 916, 917, 918, 919, 921, 922, 923, 925, 929, 945, 946, 947, 949, 953, 961, 977, 978, 979, 981, 985, 1009]
x_402: [2, 17, 18, 20, 22, 26, 50, 82, 129, 130, 132, 134, 138, 145, 146, 147, 148, 149, 150, 152, 153, 154, 156, 158, 162, 177, 178, 180, 182, 186, 194, 209, 210, 212, 214, 218, 242, 257, 258, 260, 262, 266, 273, 274, 275, 276, 277, 278, 280, 281, 282, 284, 286, 290, 305, 306, 308, 310, 314, 322, 337, 338, 340, 342, 346, 370, 385, 386, 387, 388, 389, 390, 392, 393, 394, 396, 398, 401, 403, 404, 405, 406, 407, 408, 409, 410, 411, 412, 413, 414, 416, 417, 418, 420, 422, 426, 433, 434, 435, 436, 437, 438, 440, 441, 442, 444, 446, 449, 450, 452, 454, 458, 465, 466, 467, 468, 469, 470, 472, 473, 474, 476, 478, 482, 497, 498, 500, 502, 506, 530, 642, 657, 658, 660, 662, 666, 690, 722, 770, 785, 786, 788, 790, 794, 818, 850, 897, 898, 900, 902, 906, 913, 914, 915, 916, 917, 918, 920, 921, 922, 924, 926, 930, 945, 946, 948, 950, 954, 962, 977, 978, 980, 982, 986, 1010]
x_403: [3, 17, 19, 20, 23, 27, 51, 83, 129, 131, 132, 135, 139, 145, 146, 147, 148, 149, 151, 152, 153, 155, 156, 159, 163, 177, 179, 180, 183, 187, 195, 209, 211, 212, 215, 219, 243, 257, 259, 260, 263, 267, 273, 274, 275, 276, 277, 279, 280, 281, 283, 284, 287, 291, 305, 307, 308, 311, 315, 323, 337, 339, 340, 343, 347, 371, 385, 386, 387, 388, 389, 391, 392, 393, 395, 396, 399, 401, 402, 404, 405, 406, 407, 408, 409, 410, 411, 412, 413, 415, 416, 417, 419, 420, 423, 427, 433, 434, 435, 436, 437, 439, 440, 441, 443, 444, 447, 449, 451, 452, 455, 459, 465, 466, 467, 468, 469, 471, 472, 473, 475, 476, 479, 483, 497, 499, 500, 503, 507, 531, 643, 657, 659, 660, 663, 667, 691, 723, 771, 785, 787, 788, 791, 795, 819, 851, 897, 899, 900, 903, 907, 913, 914, 915, 916, 917, 919, 920, 921, 923, 924, 927, 931, 945, 947, 948, 951, 955, 963, 977, 979, 980, 983, 987, 1011]
x_404: [4, 18, 19, 20, 24, 28, 52, 84, 130, 131, 132, 136, 140, 145, 146, 147, 148, 150, 151, 152, 154, 155, 156, 160, 164, 178, 179, 180, 184, 188, 196, 210, 211, 212, 216, 220, 244, 258, 259, 260, 264, 268, 273, 274, 275, 276, 278, 279, 280, 282, 283, 284, 288, 292, 306, 307, 308, 312, 316, 324, 338, 339, 340, 344, 348, 372, 385, 386, 387, 388, 390, 391, 392, 394, 395, 396, 400, 401, 402, 403, 405, 406, 407, 408, 409, 410, 411, 412, 414, 415, 416, 418, 419, 420, 424, 428, 433, 434, 435, 436, 438, 439, 440, 442, 443, 444, 448, 450, 451, 452, 456, 460, 465, 466, 467, 468, 470, 471, 472, 474, 475, 476, 480, 484, 498, 499, 500, 504, 508, 532, 644, 658, 659, 660, 664, 668, 692, 724, 772, 786, 787, 788, 792, 796, 820, 852, 898, 899, 900, 904, 908, 913, 914, 915, 916, 918, 919, 920, 922, 923, 924, 928, 932, 946, 947, 948, 952, 956, 964, 978, 979, 980, 984, 988, 1012]
x_405: [5, 17, 21, 22, 23, 29, 53, 85, 129, 133, 134, 135, 141, 145, 146, 147, 149, 150, 151, 152, 153, 157, 158, 159, 165, 177, 181, 182, 183, 189, 197, 209, 213, 214, 215, 221, 245, 257, 261, 262, 263, 269, 273, 274, 275, 277, 278, 279, 280, 281, 285, 286, 287, 293, 305, 309, 310, 311, 317, 325, 337, 341, 342, 343, 349, 373, 385, 386, 387, 389, 390, 391, 392, 393, 397, 398, 399, 401, 402, 403, 404, 406, 407, 408, 409, 410, 411, 413, 414, 415, 416, 417, 421, 422, 423, 429, 433, 434, 435, 437, 438, 439, 440, 441, 445, 446, 447, 449, 453, 454, 455, 461, 465, 466, 467, 469, 470, 471, 472, 473, 477, 478, 479, 485, 497, 501, 502, 503, 509, 533, 645, 657, 661, 662, 663, 669, 693, 725, 773, 785, 789, 790, 791, 797, 821, 853, 897, 901, 902, 903, 909, 913, 914, 915, 917, 918, 919, 920, 921, 925, 926, 927, 933, 945, 949, 950, 951, 957, 965, 977, 981, 982, 983, 989, 1013]
x_406: [6, 18, 21, 22, 24, 30, 54, 86, 130, 133, 134, 136, 142, 145, 146, 148, 149, 150, 151, 152, 154, 157, 158, 160, 166, 178, 181, 182, 184, 190, 198, 210, 213, 214, 216, 222, 246, 258, 261, 262, 264, 270, 273, 274, 276, 277, 278, 279, 280, 282, 285, 286, 288, 294, 306, 309, 310, 312, 318, 326, 338, 341, 342, 344, 350, 374, 385, 386, 388, 389, 390, 391, 392, 394, 397, 398, 400, 401, 402, 403, 404, 405, 407, 408, 409, 410, 412, 413, 414, 415, 416, 418, 421, 422, 424, 430, 433, 434, 436, 437, 438, 439, 440, 442, 445, 446, 448, 450, 453, 454, 456, 462, 465, 466, 468, 469, 470, 471, 472, 474, 477, 478, 480, 486, 498, 501, 502, 504, 510, 534, 646, 658, 661, 662, 664, 670, 694, 726, 774, 786, 789, 790, 792, 798, 822, 854, 898, 901, 902, 904, 910, 913, 914, 916, 917, 918, 919, 920, 922, 925, 926, 928, 934, 946, 949, 950, 952, 958, 966, 978, 981, 982, 984, 990, 1014]
x_407: [7, 19, 21, 23, 24, 31, 55, 87, 131, 133, 135, 136, 143, 145, 147, 148, 149, 150, 151, 152, 155, 157, 159, 160, 167, 179, 181, 183, 184, 191, 199, 211, 213, 215, 216, 223, 247, 259, 261, 263, 264, 271, 273, 275, 276, 277, 278, 279, 280, 283, 285, 287, 288, 295, 307, 309, 311, 312, 319, 327, 339, 341, 343, 344, 351, 375, 385, 387, 388, 389, 390, 391, 392, 395, 397, 399, 400, 401, 402, 403, 404, 405, 406, 408, 409, 411, 412, 413, 414, 415, 416, 419, 421, 423, 424, 431, 433, 435, 436, 437, 438, 439, 440, 443, 445, 447, 448, 451, 453, 455, 456, 463, 465, 467, 468, 469, 470, 471, 472, 475, 477, 479, 480, 487, 499, 501, 503, 504, 511, 535, 647, 659, 661, 663, 664, 671, 695, 727, 775, 787, 789, 791, 792, 799, 823, 855, 899, 901, 903, 904, 911, 913, 915, 916, 917, 918, 919, 920, 923, 925, 927, 928, 935, 947, 949, 951, 952, 959, 967, 979, 981, 983, 984, 991, 1015]
x_408: [8, 20, 22, 23, 24, 32, 56, 88, 132, 134, 135, 136, 144, 146, 147, 148, 149, 150, 151, 152, 156, 158, 159, 160, 168, 180, 182, 183, 184, 192, 200, 212, 214, 215, 216, 224, 248, 260, 262, 263, 264, 272, 274, 275, 276, 277, 278, 279, 280, 284, 286, 287, 288, 296, 308, 310, 311, 312, 320, 328, 340, 342, 343, 344, 352, 376, 386, 387, 388, 389, 390, 391, 392, 396, 398, 399, 400, 401, 402, 403, 404, 405, 406, 407, 410, 411, 412, 413, 414, 415, 416, 420, 422, 423, 424, 432, 434, 435, 436, 437, 438, 439, 440, 444, 446, 447, 448, 452, 454, 455, 456, 464, 466, 467, 468, 469, 470, 471, 472, 476, 478, 479, 480, 488, 500, 502, 503, 504, 512, 536, 648, 660, 662, 663, 664, 672, 696, 728, 776, 788, 790, 791, 792, 800, 824, 856, 900, 902, 903, 904, 912, 914, 915, 916, 917, 918, 919, 920, 924, 926, 927, 928, 936, 948, 950, 951, 952, 960, 968, 980, 982, 983, 984, 992, 1016]
x_409: [9, 17, 25, 26, 27, 29, 57, 89, 129, 137, 138, 139, 141, 145, 146, 147, 149, 153, 154, 155, 156, 157, 158, 159, 169, 177, 185, 186, 187, 189, 201, 209, 217, 218, 219, 221, 249, 257, 265, 266, 267, 269, 273, 274, 275, 277, 281, 282, 283, 284, 285, 286, 287, 297, 305, 313, 314, 315, 317, 329, 337, 345, 346, 347, 349, 377, 385, 386, 387, 389, 393, 394, 395, 396, 397, 398, 399, 401, 402, 403, 404, 405, 406, 407, 410, 411, 412, 413, 414, 415, 416, 417, 425, 426, 427, 429, 433, 434, 435, 437, 441, 442, 443, 444, 445, 446, 447, 449, 457, 458, 459, 461, 465, 466, 467, 469, 473, 474, 475, 476, 477, 478, 479, 489, 497, 505, 506, 507, 509, 537, 649, 657, 665, 666, 667, 669, 697, 729, 777, 785, 793, 794, 795, 797, 825, 857, 897, 905, 906, 907, 909, 913, 914, 915, 917, 921, 922, 923, 924, 925, 926, 927, 937, 945, 953, 954, 955, 957, 969, 977, 985, 986, 987, 989, 1017]
x_410: [10, 18, 25, 26, 28, 30, 58, 90, 130, 137, 138, 140, 142, 145, 146, 148, 150, 153, 154, 155, 156, 157, 158, 160, 170, 178, 185, 186, 188, 190, 202, 210, 217, 218, 220, 222, 250, 258, 265, 266, 268, 270, 273, 274, 276, 278, 281, 282, 283, 284, 285, 286, 288, 298, 306, 313, 314, 316, 318, 330, 338, 345, 346, 348, 350, 378, 385, 386, 388, 390, 393, 394, 395, 396, 397, 398, 400, 401, 402, 403, 404, 405, 406, 408, 409, 411, 412, 413, 414, 415, 416, 418, 425, 426, 428, 430, 433, 434, 436, 438, 441, 442, 443, 444, 445, 446, 448, 450, 457, 458, 460, 462, 465, 466, 468, 470, 473, 474, 475, 476, 477, 478, 480, 490, 498, 505, 506, 508, 510, 538, 650, 658, 665, 666, 668, 670, 698, 730, 778, 786, 793, 794, 796, 798, 826, 858, 898, 905, 906, 908, 910, 913, 914, 916, 918, 921, 922, 923, 924, 925, 926, 928, 938, 946, 953, 954, 956, 958, 970, 978, 985, 986, 988, 990, 1018]
x_411: [11, 19, 25, 27, 28, 31, 59, 91, 131, 137, 139, 140, 143, 145, 147, 148, 151, 153, 154, 155, 156, 157, 159, 160, 171, 179, 185, 187, 188, 191, 203, 211, 217, 219, 220, 223, 251, 259, 265, 267, 268, 271, 273, 275, 276, 279, 281, 282, 283, 284, 285, 287, 288, 299, 307, 313, 315, 316, 319, 331, 339, 345, 347, 348, 351, 379, 385, 387, 388, 391, 393, 394, 395, 396, 397, 399, 400, 401, 402, 403, 404, 405, 407, 408, 409, 410, 412, 413, 414, 415, 416, 419, 425, 427, 428, 431, 433, 435, 436, 439, 441, 442, 443, 444, 445, 447, 448, 451, 457, 459, 460, 463, 465, 467, 468, 471, 473, 474, 475, 476, 477, 479, 480, 491, 499, 505, 507, 508, 511, 539, 651, 659, 665, 667, 668, 671, 699, 731, 779, 787, 793, 795, 796, 799, 827, 859, 899, 905, 907, 908, 911, 913, 915, 916, 919, 921, 922, 923, 924, 925, 927, 928, 939, 947, 953, 955, 956, 959, 971, 979, 985, 987, 988, 991, 1019]
x_412: [12, 20, 26, 27, 28, 32, 60, 92, 132, 138, 139, 140, 144, 146, 147, 148, 152, 153, 154, 155, 156, 158, 159, 160, 172, 180, 186, 187, 188, 192, 204, 212, 218, 219, 220, 224, 252, 260, 266, 267, 268, 272, 274, 275, 276, 280, 281, 282, 283, 284, 286, 287, 288, 300, 308, 314, 315, 316, 320, 332, 340, 346, 347, 348, 352, 380, 386, 387, 388, 392, 393, 394, 395, 396, 398, 399, 400, 401, 402, 403, 404, 406, 407, 408, 409, 410, 411, 413, 414, 415, 416, 420, 426, 427, 428, 432, 434, 435, 436, 440, 441, 442, 443, 444, 446, 447, 448, 452, 458, 459, 460, 464, 466, 467, 468, 472, 473, 474, 475, 476, 478, 479, 480, 492, 500, 506, 507, 508, 512, 540, 652, 660, 666, 667, 668, 672, 700, 732, 780, 788, 794, 795, 796, 800, 828, 860, 900, 906, 907, 908, 912, 914, 915, 916, 920, 921, 922, 923, 924, 926, 927, 928, 940, 948, 954, 955, 956, 960, 972, 980, 986, 987, 988, 992, 1020]
x_413: [13, 21, 25, 29, 30, 31, 61, 93, 133, 137, 141, 142, 143, 145, 149, 150, 151, 153, 154, 155, 157, 158, 159, 160, 173, 181, 185, 189, 190, 191, 205, 213, 217, 221, 222, 223, 253, 261, 265, 269, 270, 271, 273, 277, 278, 279, 281, 282, 283, 285, 286, 287, 288, 301, 309, 313, 317, 318, 319, 333, 341, 345, 349, 350, 351, 381, 385, 389, 390, 391, 393, 394, 395, 397, 398, 399, 400, 401, 402, 403, 405, 406, 407, 408, 409, 410, 411, 412, 414, 415, 416, 421, 425, 429, 430, 431, 433, 437, 438, 439, 441, 442, 443, 445, 446, 447, 448, 453, 457, 461, 462, 463, 465, 469, 470, 471, 473, 474, 475, 477, 478, 479, 480, 493, 501, 505, 509, 510, 511, 541, 653, 661, 665, 669, 670, 671, 701, 733, 781, 789, 793, 797, 798, 799, 829, 861, 901, 905, 909, 910, 911, 913, 917, 918, 919, 921, 922, 923, 925, 926, 927, 928, 941, 949, 953, 957, 958, 959, 973, 981, 985, 989, 990, 991, 1021]
x_414: [14, 22, 26, 29, 30, 32, 62, 94, 134, 138, 141, 142, 144, 146, 149, 150, 152, 153, 154, 156, 157, 158, 159, 160, 174, 182, 186, 189, 190, 192, 206, 214, 218, 221, 222, 224, 254, 262, 266, 269, 270, 272, 274, 277, 278, 280, 281, 282, 284, 285, 286, 287, 288, 302, 310, 314, 317, 318, 320, 334, 342, 346, 349, 350, 352, 382, 386, 389, 390, 392, 393, 394, 396, 397, 398, 399, 400, 401, 402, 404, 405, 406, 407, 408, 409, 410, 411, 412, 413, 415, 416, 422, 426, 429, 430, 432, 434, 437, 438, 440, 441, 442, 444, 445, 446, 447, 448, 454, 458, 461, 462, 464, 466, 469, 470, 472, 473, 474, 476, 477, 478, 479, 480, 494, 502, 506, 509, 510, 512, 542, 654, 662, 666, 669, 670, 672, 702, 734, 782, 790, 794, 797, 798, 800, 830, 862, 902, 906, 909, 910, 912, 914, 917, 918, 920, 921, 922, 924, 925, 926, 927, 928, 942, 950, 954, 957, 958, 960, 974, 982, 986, 989, 990, 992, 1022]
x_415: [15, 23, 27, 29, 31, 32, 63, 95, 135, 139, 141, 143, 144, 147, 149, 151, 152, 153, 155, 156, 157, 158, 159, 160, 175, 183, 187, 189, 191, 192, 207, 215, 219, 221, 223, 224, 255, 263, 267, 269, 271, 272, 275, 277, 279, 280, 281, 283, 284, 285, 286, 287, 288, 303, 311, 315, 317, 319, 320, 335, 343, 347, 349, 351, 352, 383, 387, 389, 391, 392, 393, 395, 396, 397, 398, 399, 400, 401, 403, 404, 405, 406, 407, 408, 409, 410, 411, 412, 413, 414, 416, 423, 427, 429, 431, 432, 435, 437, 439, 440, 441, 443, 444, 445, 446, 447, 448, 455, 459, 461, 463, 464, 467, 469, 471, 472, 473, 475, 476, 477, 478, 479, 480, 495, 503, 507, 509, 511, 512, 543, 655, 663, 667, 669, 671, 672, 703, 735, 783, 791, 795, 797, 799, 800, 831, 863, 903, 907, 909, 911, 912, 915, 917, 919, 920, 921, 923, 924, 925, 926, 927, 928, 943, 951, 955, 957, 959, 960, 975, 983, 987, 989, 991, 992, 1023]
x_416: [16, 24, 28, 30, 31, 32, 64, 96, 136, 140, 142, 143, 144, 148, 150, 151, 152, 154, 155, 156, 157, 158, 159, 160, 176, 184, 188, 190, 191, 192, 208, 216, 220, 222, 223, 224, 256, 264, 268, 270, 271, 272, 276, 278, 279, 280, 282, 283, 284, 285, 286, 287, 288, 304, 312, 316, 318, 319, 320, 336, 344, 348, 350, 351, 352, 384, 388, 390, 391, 392, 394, 395, 396, 397, 398, 399, 400, 402, 403, 404, 405, 406, 407, 408, 409, 410, 411, 412, 413, 414, 415, 424, 428, 430, 431, 432, 436, 438, 439, 440, 442, 443, 444, 445, 446, 447, 448, 456, 460, 462, 463, 464, 468, 470, 471, 472, 474, 475, 476, 477, 478, 479, 480, 496, 504, 508, 510, 511, 512, 544, 656, 664, 668, 670, 671, 672, 704, 736, 784, 792, 796, 798, 799, 800, 832, 864, 904, 908, 910, 911, 912, 916, 918, 919, 920, 922, 923, 924, 925, 926, 927, 928, 944, 952, 956, 958, 959, 960, 976, 984, 988, 990, 991, 992, 1024]
x_417: [1, 33, 34, 35, 37, 41, 49, 97, 129, 130, 131, 133, 137, 145, 161, 162, 163, 164, 165, 166, 167, 169, 170, 171, 173, 177, 178, 179, 181, 185, 193, 225, 226, 227, 229, 233, 241, 257, 258, 259, 261, 265, 273, 289, 290, 291, 292, 293, 294, 295, 297, 298, 299, 301, 305, 306, 307, 309, 313, 321, 353, 354, 355, 357, 361, 369, 385, 386, 387, 388, 389, 390, 391, 393, 394, 395, 397, 401, 402, 403, 405, 409, 418, 419, 420, 421, 422, 423, 424, 425, 426, 427, 428, 429, 430, 431, 433, 434, 435, 436, 437, 438, 439, 441, 442, 443, 445, 449, 450, 451, 453, 457, 465, 481, 482, 483, 484, 485, 486, 487, 489, 490, 491, 493, 497, 498, 499, 501, 505, 545, 641, 673, 674, 675, 677, 681, 689, 737, 769, 801, 802, 803, 805, 809, 817, 865, 897, 898, 899, 901, 905, 913, 929, 930, 931, 932, 933, 934, 935, 937, 938, 939, 941, 945, 946, 947, 949, 953, 961, 993, 994, 995, 997, 1001, 1009]
x_418: [2, 33, 34, 36, 38, 42, 50, 98, 129, 130, 132, 134, 138, 146, 161, 162, 163, 164, 165, 166, 168, 169, 170, 172, 174, 177, 178, 180, 182, 186, 194, 225, 226, 228, 230, 234, 242, 257, 258, 260, 262, 266, 274, 289, 290, 291, 292, 293, 294, 296, 297, 298, 300, 302, 305, 306, 308, 310, 314, 322, 353, 354, 356, 358, 362, 370, 385, 386, 387, 388, 389, 390, 392, 393, 394, 396, 398, 401, 402, 404, 406, 410, 417, 419, 420, 421, 422, 423, 424, 425, 426, 427, 428, 429, 430, 432, 433, 434, 435, 436, 437, 438, 440, 441, 442, 444, 446, 449, 450, 452, 454, 458, 466, 481, 482, 483, 484, 485, 486, 488, 489, 490, 492, 494, 497, 498, 500, 502, 506, 546, 642, 673, 674, 676, 678, 682, 690, 738, 770, 801, 802, 804, 806, 810, 818, 866, 897, 898, 900, 902, 906, 914, 929, 930, 931, 932, 933, 934, 936, 937, 938, 940, 942, 945, 946, 948, 950, 954, 962, 993, 994, 996, 998, 1002, 1010]
x_419: [3, 33, 35, 36, 39, 43, 51, 99, 129, 131, 132, 135, 139, 147, 161, 162, 163, 164, 165, 167, 168, 169, 171, 172, 175, 177, 179, 180, 183, 187, 195, 225, 227, 228, 231, 235, 243, 257, 259, 260, 263, 267, 275, 289, 290, 291, 292, 293, 295, 296, 297, 299, 300, 303, 305, 307, 308, 311, 315, 323, 353, 355, 356, 359, 363, 371, 385, 386, 387, 388, 389, 391, 392, 393, 395, 396, 399, 401, 403, 404, 407, 411, 417, 418, 420, 421, 422, 423, 424, 425, 426, 427, 428, 429, 431, 432, 433, 434, 435, 436, 437, 439, 440, 441, 443, 444, 447, 449, 451, 452, 455, 459, 467, 481, 482, 483, 484, 485, 487, 488, 489, 491, 492, 495, 497, 499, 500, 503, 507, 547, 643, 673, 675, 676, 679, 683, 691, 739, 771, 801, 803, 804, 807, 811, 819, 867, 897, 899, 900, 903, 907, 915, 929, 930, 931, 932, 933, 935, 936, 937, 939, 940, 943, 945, 947, 948, 951, 955, 963, 993, 995, 996, 999, 1003, 1011]
x_420: [4, 34, 35, 36, 40, 44, 52, 100, 130, 131, 132, 136, 140, 148, 161, 162, 163, 164, 166, 167, 168, 170, 171, 172, 176, 178, 179, 180, 184, 188, 196, 226, 227, 228, 232, 236, 244, 258, 259, 260, 264, 268, 276, 289, 290, 291, 292, 294, 295, 296, 298, 299, 300, 304, 306, 307, 308, 312, 316, 324, 354, 355, 356, 360, 364, 372, 385, 386, 387, 388, 390, 391, 392, 394, 395, 396, 400, 402, 403, 404, 408, 412, 417, 418, 419, 421, 422, 423, 424, 425, 426, 427, 428, 430, 431, 432, 433, 434, 435, 436, 438, 439, 440, 442, 443, 444, 448, 450, 451, 452, 456, 460, 468, 481, 482, 483, 484, 486, 487, 488, 490, 491, 492, 496, 498, 499, 500, 504, 508, 548, 644, 674, 675, 676, 680, 684, 692, 740, 772, 802, 803, 804, 808, 812, 820, 868, 898, 899, 900, 904, 908, 916, 929, 930, 931, 932, 934, 935, 936, 938, 939, 940, 944, 946, 947, 948, 952, 956, 964, 994, 995, 996, 1000, 1004, 1012]
x_421: [5, 33, 37, 38, 39, 45, 53, 101, 129, 133, 134, 135, 141, 149, 161, 162, 163, 165, 166, 167, 168, 169, 173, 174, 175, 177, 181, 182, 183, 189, 197, 225, 229, 230, 231, 237, 245, 257, 261, 262, 263, 269, 277, 289, 290, 291, 293, 294, 295, 296, 297, 301, 302, 303, 305, 309, 310, 311, 317, 325, 353, 357, 358, 359, 365, 373, 385, 386, 387, 389, 390, 391, 392, 393, 397, 398, 399, 401, 405, 406, 407, 413, 417, 418, 419, 420, 422, 423, 424, 425, 426, 427, 429, 430, 431, 432, 433, 434, 435, 437, 438, 439, 440, 441, 445, 446, 447, 449, 453, 454, 455, 461, 469, 481, 482, 483, 485, 486, 487, 488, 489, 493, 494, 495, 497, 501, 502, 503, 509, 549, 645, 673, 677, 678, 679, 685, 693, 741, 773, 801, 805, 806, 807, 813, 821, 869, 897, 901, 902, 903, 909, 917, 929, 930, 931, 933, 934, 935, 936, 937, 941, 942, 943, 945, 949, 950, 951, 957, 965, 993, 997, 998, 999, 1005, 1013]
x_422: [6, 34, 37, 38, 40, 46, 54, 102, 130, 133, 134, 136, 142, 150, 161, 162, 164, 165, 166, 167, 168, 170, 173, 174, 176, 178, 181, 182, 184, 190, 198, 226, 229, 230, 232, 238, 246, 258, 261, 262, 264, 270, 278, 289, 290, 292, 293, 294, 295, 296, 298, 301, 302, 304, 306, 309, 310, 312, 318, 326, 354, 357, 358, 360, 366, 374, 385, 386, 388, 389, 390, 391, 392, 394, 397, 398, 400, 402, 405, 406, 408, 414, 417, 418, 419, 420, 421, 423, 424, 425, 426, 428, 429, 430, 431, 432, 433, 434, 436, 437, 438, 439, 440, 442, 445, 446, 448, 450, 453, 454, 456, 462, 470, 481, 482, 484, 485, 486, 487, 488, 490, 493, 494, 496, 498, 501, 502, 504, 510, 550, 646, 674, 677, 678, 680, 686, 694, 742, 774, 802, 805, 806, 808, 814, 822, 870, 898, 901, 902, 904, 910, 918, 929, 930, 932, 933, 934, 935, 936, 938, 941, 942, 944, 946, 949, 950, 952, 958, 966, 994, 997, 998, 1000, 1006, 1014]
x_423: [7, 35, 37, 39, 40, 47, 55, 103, 131, 133, 135, 136, 143, 151, 161, 163, 164, 165, 166, 167, 168, 171, 173, 175, 176, 179, 181, 183, 184, 191, 199, 227, 229, 231, 232, 239, 247, 259, 261, 263, 264, 271, 279, 289, 291, 292, 293, 294, 295, 296, 299, 301, 303, 304, 307, 309, 311, 312, 319, 327, 355, 357, 359, 360, 367, 375, 385, 387, 388, 389, 390, 391, 392, 395, 397, 399, 400, 403, 405, 407, 408, 415, 417, 418, 419, 420, 421, 422, 424, 425, 427, 428, 429, 430, 431, 432, 433, 435, 436, 437, 438, 439, 440, 443, 445, 447, 448, 451, 453, 455, 456, 463, 471, 481, 483, 484, 485, 486, 487, 488, 491, 493, 495, 496, 499, 501, 503, 504, 511, 551, 647, 675, 677, 679, 680, 687, 695, 743, 775, 803, 805, 807, 808, 815, 823, 871, 899, 901, 903, 904, 911, 919, 929, 931, 932, 933, 934, 935, 936, 939, 941, 943, 944, 947, 949, 951, 952, 959, 967, 995, 997, 999, 1000, 1007, 1015]
x_424: [8, 36, 38, 39, 40, 48, 56, 104, 132, 134, 135, 136, 144, 152, 162, 163, 164, 165, 166, 167, 168, 172, 174, 175, 176, 180, 182, 183, 184, 192, 200, 228, 230, 231, 232, 240, 248, 260, 262, 263, 264, 272, 280, 290, 291, 292, 293, 294, 295, 296, 300, 302, 303, 304, 308, 310, 311, 312, 320, 328, 356, 358, 359, 360, 368, 376, 386, 387, 388, 389, 390, 391, 392, 396, 398, 399, 400, 404, 406, 407, 408, 416, 417, 418, 419, 420, 421, 422, 423, 426, 427, 428, 429, 430, 431, 432, 434, 435, 436, 437, 438, 439, 440, 444, 446, 447, 448, 452, 454, 455, 456, 464, 472, 482, 483, 484, 485, 486, 487, 488, 492, 494, 495, 496, 500, 502, 503, 504, 512, 552, 648, 676, 678, 679, 680, 688, 696, 744, 776, 804, 806, 807, 808, 816, 824, 872, 900, 902, 903, 904, 912, 920, 930, 931, 932, 933, 934, 935, 936, 940, 942, 943, 944, 948, 950, 951, 952, 960, 968, 996, 998, 999, 1000, 1008, 1016]
x_425: [9, 33, 41, 42, 43, 45, 57, 105, 129, 137, 138, 139, 141, 153, 161, 162, 163, 165, 169, 170, 171, 172, 173, 174, 175, 177, 185, 186, 187, 189, 201, 225, 233, 234, 235, 237, 249, 257, 265, 266, 267, 269, 281, 289, 290, 291, 293, 297, 298, 299, 300, 301, 302, 303, 305, 313, 314, 315, 317, 329, 353, 361, 362, 363, 365, 377, 385, 386, 387, 389, 393, 394, 395, 396, 397, 398, 399, 401, 409, 410, 411, 413, 417, 418, 419, 420, 421, 422, 423, 426, 427, 428, 429, 430, 431, 432, 433, 434, 435, 437, 441, 442, 443, 444, 445, 446, 447, 449, 457, 458, 459, 461, 473, 481, 482, 483, 485, 489, 490, 491, 492, 493, 494, 495, 497, 505, 506, 507, 509, 553, 649, 673, 681, 682, 683, 685, 697, 745, 777, 801, 809, 810, 811, 813, 825, 873, 897, 905, 906, 907, 909, 921, 929, 930, 931, 933, 937, 938, 939, 940, 941, 942, 943, 945, 953, 954, 955, 957, 969, 993, 1001, 1002, 1003, 1005, 1017]
x_426: [10, 34, 41, 42, 44, 46, 58, 106, 130, 137, 138, 140, 142, 154, 161, 162, 164, 166, 169, 170, 171, 172, 173, 174, 176, 178, 185, 186, 188, 190, 202, 226, 233, 234, 236, 238, 250, 258, 265, 266, 268, 270, 282, 289, 290, 292, 294, 297, 298, 299, 300, 301, 302, 304, 306, 313, 314, 316, 318, 330, 354, 361, 362, 364, 366, 378, 385, 386, 388, 390, 393, 394, 395, 396, 397, 398, 400, 402, 409, 410, 412, 414, 417, 418, 419, 420, 421, 422, 424, 425, 427, 428, 429, 430, 431, 432, 433, 434, 436, 438, 441, 442, 443, 444, 445, 446, 448, 450, 457, 458, 460, 462, 474, 481, 482, 484, 486, 489, 490, 491, 492, 493, 494, 496, 498, 505, 506, 508, 510, 554, 650, 674, 681, 682, 684, 686, 698, 746, 778, 802, 809, 810, 812, 814, 826, 874, 898, 905, 906, 908, 910, 922, 929, 930, 932, 934, 937, 938, 939, 940, 941, 942, 944, 946, 953, 954, 956, 958, 970, 994, 1001, 1002, 1004, 1006, 1018]
x_427: [11, 35, 41, 43, 44, 47, 59, 107, 131, 137, 139, 140, 143, 155, 161, 163, 164, 167, 169, 170, 171, 172, 173, 175, 176, 179, 185, 187, 188, 191, 203, 227, 233, 235, 236, 239, 251, 259, 265, 267, 268, 271, 283, 289, 291, 292, 295, 297, 298, 299, 300, 301, 303, 304, 307, 313, 315, 316, 319, 331, 355, 361, 363, 364, 367, 379, 385, 387, 388, 391, 393, 394, 395, 396, 397, 399, 400, 403, 409, 411, 412, 415, 417, 418, 419, 420, 421, 423, 424, 425, 426, 428, 429, 430, 431, 432, 433, 435, 436, 439, 441, 442, 443, 444, 445, 447, 448, 451, 457, 459, 460, 463, 475, 481, 483, 484, 487, 489, 490, 491, 492, 493, 495, 496, 499, 505, 507, 508, 511, 555, 651, 675, 681, 683, 684, 687, 699, 747, 779, 803, 809, 811, 812, 815, 827, 875, 899, 905, 907, 908, 911, 923, 929, 931, 932, 935, 937, 938, 939, 940, 941, 943, 944, 947, 953, 955, 956, 959, 971, 995, 1001, 1003, 1004, 1007, 1019]
x_428: [12, 36, 42, 43, 44, 48, 60, 108, 132, 138, 139, 140, 144, 156, 162, 163, 164, 168, 169, 170, 171, 172, 174, 175, 176, 180, 186, 187, 188, 192, 204, 228, 234, 235, 236, 240, 252, 260, 266, 267, 268, 272, 284, 290, 291, 292, 296, 297, 298, 299, 300, 302, 303, 304, 308, 314, 315, 316, 320, 332, 356, 362, 363, 364, 368, 380, 386, 387, 388, 392, 393, 394, 395, 396, 398, 399, 400, 404, 410, 411, 412, 416, 417, 418, 419, 420, 422, 423, 424, 425, 426, 427, 429, 430, 431, 432, 434, 435, 436, 440, 441, 442, 443, 444, 446, 447, 448, 452, 458, 459, 460, 464, 476, 482, 483, 484, 488, 489, 490, 491, 492, 494, 495, 496, 500, 506, 507, 508, 512, 556, 652, 676, 682, 683, 684, 688, 700, 748, 780, 804, 810, 811, 812, 816, 828, 876, 900, 906, 907, 908, 912, 924, 930, 931, 932, 936, 937, 938, 939, 940, 942, 943, 944, 948, 954, 955, 956, 960, 972, 996, 1002, 1003, 1004, 1008, 1020]
x_429: [13, 37, 41, 45, 46, 47, 61, 109, 133, 137, 141, 142, 143, 157, 161, 165, 166, 167, 169, 170, 171, 173, 174, 175, 176, 181, 185, 189, 190, 191, 205, 229, 233, 237, 238, 239, 253, 261, 265, 269, 270, 271, 285, 289, 293, 294, 295, 297, 298, 299, 301, 302, 303, 304, 309, 313, 317, 318, 319, 333, 357, 361, 365, 366, 367, 381, 385, 389, 390, 391, 393, 394, 395, 397, 398, 399, 400, 405, 409, 413, 414, 415, 417, 418, 419, 421, 422, 423, 424, 425, 426, 427, 428, 430, 431, 432, 433, 437, 438, 439, 441, 442, 443, 445, 446, 447, 448, 453, 457, 461, 462, 463, 477, 481, 485, 486, 487, 489, 490, 491, 493, 494, 495, 496, 501, 505, 509, 510, 511, 557, 653, 677, 681, 685, 686, 687, 701, 749, 781, 805, 809, 813, 814, 815, 829, 877, 901, 905, 909, 910, 911, 925, 929, 933, 934, 935, 937, 938, 939, 941, 942, 943, 944, 949, 953, 957, 958, 959, 973, 997, 1001, 1005, 1006, 1007, 1021]
x_430: [14, 38, 42, 45, 46, 48, 62, 110, 134, 138, 141, 142, 144, 158, 162, 165, 166, 168, 169, 170, 172, 173, 174, 175, 176, 182, 186, 189, 190, 192, 206, 230, 234, 237, 238, 240, 254, 262, 266, 269, 270, 272, 286, 290, 293, 294, 296, 297, 298, 300, 301, 302, 303, 304, 310, 314, 317, 318, 320, 334, 358, 362, 365, 366, 368, 382, 386, 389, 390, 392, 393, 394, 396, 397, 398, 399, 400, 406, 410, 413, 414, 416, 417, 418, 420, 421, 422, 423, 424, 425, 426, 427, 428, 429, 431, 432, 434, 437, 438, 440, 441, 442, 444, 445, 446, 447, 448, 454, 458, 461, 462, 464, 478, 482, 485, 486, 488, 489, 490, 492, 493, 494, 495, 496, 502, 506, 509, 510, 512, 558, 654, 678, 682, 685, 686, 688, 702, 750, 782, 806, 810, 813, 814, 816, 830, 878, 902, 906, 909, 910, 912, 926, 930, 933, 934, 936, 937, 938, 940, 941, 942, 943, 944, 950, 954, 957, 958, 960, 974, 998, 1002, 1005, 1006, 1008, 1022]
x_431: [15, 39, 43, 45, 47, 48, 63, 111, 135, 139, 141, 143, 144, 159, 163, 165, 167, 168, 169, 171, 172, 173, 174, 175, 176, 183, 187, 189, 191, 192, 207, 231, 235, 237, 239, 240, 255, 263, 267, 269, 271, 272, 287, 291, 293, 295, 296, 297, 299, 300, 301, 302, 303, 304, 311, 315, 317, 319, 320, 335, 359, 363, 365, 367, 368, 383, 387, 389, 391, 392, 393, 395, 396, 397, 398, 399, 400, 407, 411, 413, 415, 416, 417, 419, 420, 421, 422, 423, 424, 425, 426, 427, 428, 429, 430, 432, 435, 437, 439, 440, 441, 443, 444, 445, 446, 447, 448, 455, 459, 461, 463, 464, 479, 483, 485, 487, 488, 489, 491, 492, 493, 494, 495, 496, 503, 507, 509, 511, 512, 559, 655, 679, 683, 685, 687, 688, 703, 751, 783, 807, 811, 813, 815, 816, 831, 879, 903, 907, 909, 911, 912, 927, 931, 933, 935, 936, 937, 939, 940, 941, 942, 943, 944, 951, 955, 957, 959, 960, 975, 999, 1003, 1005, 1007, 1008, 1023]
x_432: [16, 40, 44, 46, 47, 48, 64, 112, 136, 140, 142, 143, 144, 160, 164, 166, 167, 168, 170, 171, 172, 173, 174, 175, 176, 184, 188, 190, 191, 192, 208, 232, 236, 238, 239, 240, 256, 264, 268, 270, 271, 272, 288, 292, 294, 295, 296, 298, 299, 300, 301, 302, 303, 304, 312, 316, 318, 319, 320, 336, 360, 364, 366, 367, 368, 384, 388, 390, 391, 392, 394, 395, 396, 397, 398, 399, 400, 408, 412, 414, 415, 416, 418, 419, 420, 421, 422, 423, 424, 425, 426, 427, 428, 429, 430, 431, 436, 438, 439, 440, 442, 443, 444, 445, 446, 447, 448, 456, 460, 462, 463, 464, 480, 484, 486, 487, 488, 490, 491, 492, 493, 494, 495, 496, 504, 508, 510, 511, 512, 560, 656, 680, 684, 686, 687, 688, 704, 752, 784, 808, 812, 814, 815, 816, 832, 880, 904, 908, 910, 911, 912, 928, 932, 934, 935, 936, 938, 939, 940, 941, 942, 943, 944, 952, 956, 958, 959, 960, 976, 1000, 1004, 1006, 1007, 1008, 1024]
x_433: [17, 33, 49, 50, 51, 53, 57, 113, 129, 145, 146, 147, 149, 153, 161, 162, 163, 165, 169, 177, 178, 179, 180, 181, 182, 183, 185, 186, 187, 189, 209, 225, 241, 242, 243, 245, 249, 257, 273, 274, 275, 277, 281, 289, 290, 291, 293, 297, 305, 306, 307, 308, 309, 310, 311, 313, 314, 315, 317, 337, 353, 369, 370, 371, 373, 377, 385, 386, 387, 389, 393, 401, 402, 403, 404, 405, 406, 407, 409, 410, 411, 413, 417, 418, 419, 420, 421, 422, 423, 425, 426, 427, 429, 434, 435, 436, 437, 438, 439, 440, 441, 442, 443, 444, 445, 446, 447, 449, 465, 466, 467, 469, 473, 481, 482, 483, 485, 489, 497, 498, 499, 500, 501, 502, 503, 505, 506, 507, 509, 561, 657, 673, 689, 690, 691, 693, 697, 753, 785, 801, 817, 818, 819, 821, 825, 881, 897, 913, 914, 915, 917, 921, 929, 930, 931, 933, 937, 945, 946, 947, 948, 949, 950, 951, 953, 954, 955, 957, 977, 993, 1009, 1010, 1011, 1013, 1017]
x_434: [18, 34, 49, 50, 52, 54, 58, 114, 130, 145, 146, 148, 150, 154, 161, 162, 164, 166, 170, 177, 178, 179, 180, 181, 182, 184, 185, 186, 188, 190, 210, 226, 241, 242, 244, 246, 250, 258, 273, 274, 276, 278, 282, 289, 290, 292, 294, 298, 305, 306, 307, 308, 309, 310, 312, 313, 314, 316, 318, 338, 354, 369, 370, 372, 374, 378, 385, 386, 388, 390, 394, 401, 402, 403, 404, 405, 406, 408, 409, 410, 412, 414, 417, 418, 419, 420, 421, 422, 424, 425, 426, 428, 430, 433, 435, 436, 437, 438, 439, 440, 441, 442, 443, 444, 445, 446, 448, 450, 465, 466, 468, 470, 474, 481, 482, 484, 486, 490, 497, 498, 499, 500, 501, 502, 504, 505, 506, 508, 510, 562, 658, 674, 689, 690, 692, 694, 698, 754, 786, 802, 817, 818, 820, 822, 826, 882, 898, 913, 914, 916, 918, 922, 929, 930, 932, 934, 938, 945, 946, 947, 948, 949, 950, 952, 953, 954, 956, 958, 978, 994, 1009, 1010, 1012, 1014, 1018]
x_435: [19, 35, 49, 51, 52, 55, 59, 115, 131, 145, 147, 148, 151, 155, 161, 163, 164, 167, 171, 177, 178, 179, 180, 181, 183, 184, 185, 187, 188, 191, 211, 227, 241, 243, 244, 247, 251, 259, 273, 275, 276, 279, 283, 289, 291, 292, 295, 299, 305, 306, 307, 308, 309, 311, 312, 313, 315, 316, 319, 339, 355, 369, 371, 372, 375, 379, 385, 387, 388, 391, 395, 401, 402, 403, 404, 405, 407, 408, 409, 411, 412, 415, 417, 418, 419, 420, 421, 423, 424, 425, 427, 428, 431, 433, 434, 436, 437, 438, 439, 440, 441, 442, 443, 444, 445, 447, 448, 451, 465, 467, 468, 471, 475, 481, 483, 484, 487, 491, 497, 498, 499, 500, 501, 503, 504, 505, 507, 508, 511, 563, 659, 675, 689, 691, 692, 695, 699, 755, 787, 803, 817, 819, 820, 823, 827, 883, 899, 913, 915, 916, 919, 923, 929, 931, 932, 935, 939, 945, 946, 947, 948, 949, 951, 952, 953, 955, 956, 959, 979, 995, 1009, 1011, 1012, 1015, 1019]
x_436: [20, 36, 50, 51, 52, 56, 60, 116, 132, 146, 147, 148, 152, 156, 162, 163, 164, 168, 172, 177, 178, 179, 180, 182, 183, 184, 186, 187, 188, 192, 212, 228, 242, 243, 244, 248, 252, 260, 274, 275, 276, 280, 284, 290, 291, 292, 296, 300, 305, 306, 307, 308, 310, 311, 312, 314, 315, 316, 320, 340, 356, 370, 371, 372, 376, 380, 386, 387, 388, 392, 396, 401, 402, 403, 404, 406, 407, 408, 410, 411, 412, 416, 417, 418, 419, 420, 422, 423, 424, 426, 427, 428, 432, 433, 434, 435, 437, 438, 439, 440, 441, 442, 443, 444, 446, 447, 448, 452, 466, 467, 468, 472, 476, 482, 483, 484, 488, 492, 497, 498, 499, 500, 502, 503, 504, 506, 507, 508, 512, 564, 660, 676, 690, 691, 692, 696, 700, 756, 788, 804, 818, 819, 820, 824, 828, 884, 900, 914, 915, 916, 920, 924, 930, 931, 932, 936, 940, 945, 946, 947, 948, 950, 951, 952, 954, 955, 956, 960, 980, 996, 1010, 1011, 1012, 1016, 1020]
x_437: [21, 37, 49, 53, 54, 55, 61, 117, 133, 145, 149, 150, 151, 157, 161, 165, 166, 167, 173, 177, 178, 179, 181, 182, 183, 184, 185, 189, 190, 191, 213, 229, 241, 245, 246, 247, 253, 261, 273, 277, 278, 279, 285, 289, 293, 294, 295, 301, 305, 306, 307, 309, 310, 311, 312, 313, 317, 318, 319, 341, 357, 369, 373, 374, 375, 381, 385, 389, 390, 391, 397, 401, 402, 403, 405, 406, 407, 408, 409, 413, 414, 415, 417, 418, 419, 421, 422, 423, 424, 425, 429, 430, 431, 433, 434, 435, 436, 438, 439, 440, 441, 442, 443, 445, 446, 447, 448, 453, 465, 469, 470, 471, 477, 481, 485, 486, 487, 493, 497, 498, 499, 501, 502, 503, 504, 505, 509, 510, 511, 565, 661, 677, 689, 693, 694, 695, 701, 757, 789, 805, 817, 821, 822, 823, 829, 885, 901, 913, 917, 918, 919, 925, 929, 933, 934, 935, 941, 945, 946, 947, 949, 950, 951, 952, 953, 957, 958, 959, 981, 997, 1009, 1013, 1014, 1015, 1021]
x_438: [22, 38, 50, 53, 54, 56, 62, 118, 134, 146, 149, 150, 152, 158, 162, 165, 166, 168, 174, 177, 178, 180, 181, 182, 183, 184, 186, 189, 190, 192, 214, 230, 242, 245, 246, 248, 254, 262, 274, 277, 278, 280, 286, 290, 293, 294, 296, 302, 305, 306, 308, 309, 310, 311, 312, 314, 317, 318, 320, 342, 358, 370, 373, 374, 376, 382, 386, 389, 390, 392, 398, 401, 402, 404, 405, 406, 407, 408, 410, 413, 414, 416, 417, 418, 420, 421, 422, 423, 424, 426, 429, 430, 432, 433, 434, 435, 436, 437, 439, 440, 441, 442, 444, 445, 446, 447, 448, 454, 466, 469, 470, 472, 478, 482, 485, 486, 488, 494, 497, 498, 500, 501, 502, 503, 504, 506, 509, 510, 512, 566, 662, 678, 690, 693, 694, 696, 702, 758, 790, 806, 818, 821, 822, 824, 830, 886, 902, 914, 917, 918, 920, 926, 930, 933, 934, 936, 942, 945, 946, 948, 949, 950, 951, 952, 954, 957, 958, 960, 982, 998, 1010, 1013, 1014, 1016, 1022]
x_439: [23, 39, 51, 53, 55, 56, 63, 119, 135, 147, 149, 151, 152, 159, 163, 165, 167, 168, 175, 177, 179, 180, 181, 182, 183, 184, 187, 189, 191, 192, 215, 231, 243, 245, 247, 248, 255, 263, 275, 277, 279, 280, 287, 291, 293, 295, 296, 303, 305, 307, 308, 309, 310, 311, 312, 315, 317, 319, 320, 343, 359, 371, 373, 375, 376, 383, 387, 389, 391, 392, 399, 401, 403, 404, 405, 406, 407, 408, 411, 413, 415, 416, 417, 419, 420, 421, 422, 423, 424, 427, 429, 431, 432, 433, 434, 435, 436, 437, 438, 440, 441, 443, 444, 445, 446, 447, 448, 455, 467, 469, 471, 472, 479, 483, 485, 487, 488, 495, 497, 499, 500, 501, 502, 503, 504, 507, 509, 511, 512, 567, 663, 679, 691, 693, 695, 696, 703, 759, 791, 807, 819, 821, 823, 824, 831, 887, 903, 915, 917, 919, 920, 927, 931, 933, 935, 936, 943, 945, 947, 948, 949, 950, 951, 952, 955, 957, 959, 960, 983, 999, 1011, 1013, 1015, 1016, 1023]
x_440: [24, 40, 52, 54, 55, 56, 64, 120, 136, 148, 150, 151, 152, 160, 164, 166, 167, 168, 176, 178, 179, 180, 181, 182, 183, 184, 188, 190, 191, 192, 216, 232, 244, 246, 247, 248, 256, 264, 276, 278, 279, 280, 288, 292, 294, 295, 296, 304, 306, 307, 308, 309, 310, 311, 312, 316, 318, 319, 320, 344, 360, 372, 374, 375, 376, 384, 388, 390, 391, 392, 400, 402, 403, 404, 405, 406, 407, 408, 412, 414, 415, 416, 418, 419, 420, 421, 422, 423, 424, 428, 430, 431, 432, 433, 434, 435, 436, 437, 438, 439, 442, 443, 444, 445, 446, 447, 448, 456, 468, 470, 471, 472, 480, 484, 486, 487, 488, 496, 498, 499, 500, 501, 502, 503, 504, 508, 510, 511, 512, 568, 664, 680, 692, 694, 695, 696, 704, 760, 792, 808, 820, 822, 823, 824, 832, 888, 904, 916, 918, 919, 920, 928, 932, 934, 935, 936, 944, 946, 947, 948, 949, 950, 951, 952, 956, 958, 959, 960, 984, 1000, 1012, 1014, 1015, 1016, 1024]
x_441: [25, 41, 49, 57, 58, 59, 61, 121, 137, 145, 153, 154, 155, 157, 161, 169, 170, 171, 173, 177, 178, 179, 181, 185, 186, 187, 188, 189, 190, 191, 217, 233, 241, 249, 250, 251, 253, 265, 273, 281, 282, 283, 285, 289, 297, 298, 299, 301, 305, 306, 307, 309, 313, 314, 315, 316, 317, 318, 319, 345, 361, 369, 377, 378, 379, 381, 385, 393, 394, 395, 397, 401, 402, 403, 405, 409, 410, 411, 412, 413, 414, 415, 417, 418, 419, 421, 425, 426, 427, 428, 429, 430, 431, 433, 434, 435, 436, 437, 438, 439, 442, 443, 444, 445, 446, 447, 448, 457, 465, 473, 474, 475, 477, 481, 489, 490, 491, 493, 497, 498, 499, 501, 505, 506, 507, 508, 509, 510, 511, 569, 665, 681, 689, 697, 698, 699, 701, 761, 793, 809, 817, 825, 826, 827, 829, 889, 905, 913, 921, 922, 923, 925, 929, 937, 938, 939, 941, 945, 946, 947, 949, 953, 954, 955, 956, 957, 958, 959, 985, 1001, 1009, 1017, 1018, 1019, 1021]
x_442: [26, 42, 50, 57, 58, 60, 62, 122, 138, 146, 153, 154, 156, 158, 162, 169, 170, 172, 174, 177, 178, 180, 182, 185, 186, 187, 188, 189, 190, 192, 218, 234, 242, 249, 250, 252, 254, 266, 274, 281, 282, 284, 286, 290, 297, 298, 300, 302, 305, 306, 308, 310, 313, 314, 315, 316, 317, 318, 320, 346, 362, 370, 377, 378, 380, 382, 386, 393, 394, 396, 398, 401, 402, 404, 406, 409, 410, 411, 412, 413, 414, 416, 417, 418, 420, 422, 425, 426, 427, 428, 429, 430, 432, 433, 434, 435, 436, 437, 438, 440, 441, 443, 444, 445, 446, 447, 448, 458, 466, 473, 474, 476, 478, 482, 489, 490, 492, 494, 497, 498, 500, 502, 505, 506, 507, 508, 509, 510, 512, 570, 666, 682, 690, 697, 698, 700, 702, 762, 794, 810, 818, 825, 826, 828, 830, 890, 906, 914, 921, 922, 924, 926, 930, 937, 938, 940, 942, 945, 946, 948, 950, 953, 954, 955, 956, 957, 958, 960, 986, 1002, 1010, 1017, 1018, 1020, 1022]
x_443: [27, 43, 51, 57, 59, 60, 63, 123, 139, 147, 153, 155, 156, 159, 163, 169, 171, 172, 175, 177, 179, 180, 183, 185, 186, 187, 188, 189, 191, 192, 219, 235, 243, 249, 251, 252, 255, 267, 275, 281, 283, 284, 287, 291, 297, 299, 300, 303, 305, 307, 308, 311, 313, 314, 315, 316, 317, 319, 320, 347, 363, 371, 377, 379, 380, 383, 387, 393, 395, 396, 399, 401, 403, 404, 407, 409, 410, 411, 412, 413, 415, 416, 417, 419, 420, 423, 425, 426, 427, 428, 429, 431, 432, 433, 434, 435, 436, 437, 439, 440, 441, 442, 444, 445, 446, 447, 448, 459, 467, 473, 475, 476, 479, 483, 489, 491, 492, 495, 497, 499, 500, 503, 505, 506, 507, 508, 509, 511, 512, 571, 667, 683, 691, 697, 699, 700, 703, 763, 795, 811, 819, 825, 827, 828, 831, 891, 907, 915, 921, 923, 924, 927, 931, 937, 939, 940, 943, 945, 947, 948, 951, 953, 954, 955, 956, 957, 959, 960, 987, 1003, 1011, 1017, 1019, 1020, 1023]
x_444: [28, 44, 52, 58, 59, 60, 64, 124, 140, 148, 154, 155, 156, 160, 164, 170, 171, 172, 176, 178, 179, 180, 184, 185, 186, 187, 188, 190, 191, 192, 220, 236, 244, 250, 251, 252, 256, 268, 276, 282, 283, 284, 288, 292, 298, 299, 300, 304, 306, 307, 308, 312, 313, 314, 315, 316, 318, 319, 320, 348, 364, 372, 378, 379, 380, 384, 388, 394, 395, 396, 400, 402, 403, 404, 408, 409, 410, 411, 412, 414, 415, 416, 418, 419, 420, 424, 425, 426, 427, 428, 430, 431, 432, 433, 434, 435, 436, 438, 439, 440, 441, 442, 443, 445, 446, 447, 448, 460, 468, 474, 475, 476, 480, 484, 490, 491, 492, 496, 498, 499, 500, 504, 505, 506, 507, 508, 510, 511, 512, 572, 668, 684, 692, 698, 699, 700, 704, 764, 796, 812, 820, 826, 827, 828, 832, 892, 908, 916, 922, 923, 924, 928, 932, 938, 939, 940, 944, 946, 947, 948, 952, 953, 954, 955, 956, 958, 959, 960, 988, 1004, 1012, 1018, 1019, 1020, 1024]
x_445: [29, 45, 53, 57, 61, 62, 63, 125, 141, 149, 153, 157, 158, 159, 165, 169, 173, 174, 175, 177, 181, 182, 183, 185, 186, 187, 189, 190, 191, 192, 221, 237, 245, 249, 253, 254, 255, 269, 277, 281, 285, 286, 287, 293, 297, 301, 302, 303, 305, 309, 310, 311, 313, 314, 315, 317, 318, 319, 320, 349, 365, 373, 377, 381, 382, 383, 389, 393, 397, 398, 399, 401, 405, 406, 407, 409, 410, 411, 413, 414, 415, 416, 417, 421, 422, 423, 425, 426, 427, 429, 430, 431, 432, 433, 434, 435, 437, 438, 439, 440, 441, 442, 443, 444, 446, 447, 448, 461, 469, 473, 477, 478, 479, 485, 489, 493, 494, 495, 497, 501, 502, 503, 505, 506, 507, 509, 510, 511, 512, 573, 669, 685, 693, 697, 701, 702, 703, 765, 797, 813, 821, 825, 829, 830, 831, 893, 909, 917, 921, 925, 926, 927, 933, 937, 941, 942, 943, 945, 949, 950, 951, 953, 954, 955, 957, 958, 959, 960, 989, 1005, 1013, 1017, 1021, 1022, 1023]
x_446: [30, 46, 54, 58, 61, 62, 64, 126, 142, 150, 154, 157, 158, 160, 166, 170, 173, 174, 176, 178, 181, 182, 184, 185, 186, 188, 189, 190, 191, 192, 222, 238, 246, 250, 253, 254, 256, 270, 278, 282, 285, 286, 288, 294, 298, 301, 302, 304, 306, 309, 310, 312, 313, 314, 316, 317, 318, 319, 320, 350, 366, 374, 378, 381, 382, 384, 390, 394, 397, 398, 400, 402, 405, 406, 408, 409, 410, 412, 413, 414, 415, 416, 418, 421, 422, 424, 425, 426, 428, 429, 430, 431, 432, 433, 434, 436, 437, 438, 439, 440, 441, 442, 443, 444, 445, 447, 448, 462, 470, 474, 477, 478, 480, 486, 490, 493, 494, 496, 498, 501, 502, 504, 505, 506, 508, 509, 510, 511, 512, 574, 670, 686, 694, 698, 701, 702, 704, 766, 798, 814, 822, 826, 829, 830, 832, 894, 910, 918, 922, 925, 926, 928, 934, 938, 941, 942, 944, 946, 949, 950, 952, 953, 954, 956, 957, 958, 959, 960, 990, 1006, 1014, 1018, 1021, 1022, 1024]
x_447: [31, 47, 55, 59, 61, 63, 64, 127, 143, 151, 155, 157, 159, 160, 167, 171, 173, 175, 176, 179, 181, 183, 184, 185, 187, 188, 189, 190, 191, 192, 223, 239, 247, 251, 253, 255, 256, 271, 279, 283, 285, 287, 288, 295, 299, 301, 303, 304, 307, 309, 311, 312, 313, 315, 316, 317, 318, 319, 320, 351, 367, 375, 379, 381, 383, 384, 391, 395, 397, 399, 400, 403, 405, 407, 408, 409, 411, 412, 413, 414, 415, 416, 419, 421, 423, 424, 425, 427, 428, 429, 430, 431, 432, 433, 435, 436, 437, 438, 439, 440, 441, 442, 443, 444, 445, 446, 448, 463, 471, 475, 477, 479, 480, 487, 491, 493, 495, 496, 499, 501, 503, 504, 505, 507, 508, 509, 510, 511, 512, 575, 671, 687, 695, 699, 701, 703, 704, 767, 799, 815, 823, 827, 829, 831, 832, 895, 911, 919, 923, 925, 927, 928, 935, 939, 941, 943, 944, 947, 949, 951, 952, 953, 955, 956, 957, 958, 959, 960, 991, 1007, 1015, 1019, 1021, 1023, 1024]
x_448: [32, 48, 56, 60, 62, 63, 64, 128, 144, 152, 156, 158, 159, 160, 168, 172, 174, 175, 176, 180, 182, 183, 184, 186, 187, 188, 189, 190, 191, 192, 224, 240, 248, 252, 254, 255, 256, 272, 280, 284, 286, 287, 288, 296, 300, 302, 303, 304, 308, 310, 311, 312, 314, 315, 316, 317, 318, 319, 320, 352, 368, 376, 380, 382, 383, 384, 392, 396, 398, 399, 400, 404, 406, 407, 408, 410, 411, 412, 413, 414, 415, 416, 420, 422, 423, 424, 426, 427, 428, 429, 430, 431, 432, 434, 435, 436, 437, 438, 439, 440, 441, 442, 443, 444, 445, 446, 447, 464, 472, 476, 478, 479, 480, 488, 492, 494, 495, 496, 500, 502, 503, 504, 506, 507, 508, 509, 510, 511, 512, 576, 672, 688, 696, 700, 702, 703, 704, 768, 800, 816, 824, 828, 830, 831, 832, 896, 912, 920, 924, 926, 927, 928, 936, 940, 942, 943, 944, 948, 950, 951, 952, 954, 955, 956, 957, 958, 959, 960, 992, 1008, 1016, 1020, 1022, 1023, 1024]
x_449: [1, 65, 66, 67, 69, 73, 81, 97, 129, 130, 131, 133, 137, 145, 161, 193, 194, 195, 196, 197, 198, 199, 201, 202, 203, 205, 209, 210, 211, 213, 217, 225, 226, 227, 229, 233, 241, 257, 258, 259, 261, 265, 273, 289, 321, 322, 323, 324, 325, 326, 327, 329, 330, 331, 333, 337, 338, 339, 341, 345, 353, 354, 355, 357, 361, 369, 385, 386, 387, 388, 389, 390, 391, 393, 394, 395, 397, 401, 402, 403, 405, 409, 417, 418, 419, 421, 425, 433, 450, 451, 452, 453, 454, 455, 456, 457, 458, 459, 460, 461, 462, 463, 465, 466, 467, 468, 469, 470, 471, 473, 474, 475, 477, 481, 482, 483, 484, 485, 486, 487, 489, 490, 491, 493, 497, 498, 499, 501, 505, 577, 641, 705, 706, 707, 709, 713, 721, 737, 769, 833, 834, 835, 837, 841, 849, 865, 897, 898, 899, 901, 905, 913, 929, 961, 962, 963, 964, 965, 966, 967, 969, 970, 971, 973, 977, 978, 979, 981, 985, 993, 994, 995, 997, 1001, 1009]
x_450: [2, 65, 66, 68, 70, 74, 82, 98, 129, 130, 132, 134, 138, 146, 162, 193, 194, 195, 196, 197, 198, 200, 201, 202, 204, 206, 209, 210, 212, 214, 218, 225, 226, 228, 230, 234, 242, 257, 258, 260, 262, 266, 274, 290, 321, 322, 323, 324, 325, 326, 328, 329, 330, 332, 334, 337, 338, 340, 342, 346, 353, 354, 356, 358, 362, 370, 385, 386, 387, 388, 389, 390, 392, 393, 394, 396, 398, 401, 402, 404, 406, 410, 417, 418, 420, 422, 426, 434, 449, 451, 452, 453, 454, 455, 456, 457, 458, 459, 460, 461, 462, 464, 465, 466, 467, 468, 469, 470, 472, 473, 474, 476, 478, 481, 482, 483, 484, 485, 486, 488, 489, 490, 492, 494, 497, 498, 500, 502, 506, 578, 642, 705, 706, 708, 710, 714, 722, 738, 770, 833, 834, 836, 838, 842, 850, 866, 897, 898, 900, 902, 906, 914, 930, 961, 962, 963, 964, 965, 966, 968, 969, 970, 972, 974, 977, 978, 980, 982, 986, 993, 994, 996, 998, 1002, 1010]
x_451: [3, 65, 67, 68, 71, 75, 83, 99, 129, 131, 132, 135, 139, 147, 163, 193, 194, 195, 196, 197, 199, 200, 201, 203, 204, 207, 209, 211, 212, 215, 219, 225, 227, 228, 231, 235, 243, 257, 259, 260, 263, 267, 275, 291, 321, 322, 323, 324, 325, 327, 328, 329, 331, 332, 335, 337, 339, 340, 343, 347, 353, 355, 356, 359, 363, 371, 385, 386, 387, 388, 389, 391, 392, 393, 395, 396, 399, 401, 403, 404, 407, 411, 417, 419, 420, 423, 427, 435, 449, 450, 452, 453, 454, 455, 456, 457, 458, 459, 460, 461, 463, 464, 465, 466, 467, 468, 469, 471, 472, 473, 475, 476, 479, 481, 482, 483, 484, 485, 487, 488, 489, 491, 492, 495, 497, 499, 500, 503, 507, 579, 643, 705, 707, 708, 711, 715, 723, 739, 771, 833, 835, 836, 839, 843, 851, 867, 897, 899, 900, 903, 907, 915, 931, 961, 962, 963, 964, 965, 967, 968, 969, 971, 972, 975, 977, 979, 980, 983, 987, 993, 995, 996, 999, 1003, 1011]
x_452: [4, 66, 67, 68, 72, 76, 84, 100, 130, 131, 132, 136, 140, 148, 164, 193, 194, 195, 196, 198, 199, 200, 202, 203, 204, 208, 210, 211, 212, 216, 220, 226, 227, 228, 232, 236, 244, 258, 259, 260, 264, 268, 276, 292, 321, 322, 323, 324, 326, 327, 328, 330, 331, 332, 336, 338, 339, 340, 344, 348, 354, 355, 356, 360, 364, 372, 385, 386, 387, 388, 390, 391, 392, 394, 395, 396, 400, 402, 403, 404, 408, 412, 418, 419, 420, 424, 428, 436, 449, 450, 451, 453, 454, 455, 456, 457, 458, 459, 460, 462, 463, 464, 465, 466, 467, 468, 470, 471, 472, 474, 475, 476, 480, 481, 482, 483, 484, 486, 487, 488, 490, 491, 492, 496, 498, 499, 500, 504, 508, 580, 644, 706, 707, 708, 712, 716, 724, 740, 772, 834, 835, 836, 840, 844, 852, 868, 898, 899, 900, 904, 908, 916, 932, 961, 962, 963, 964, 966, 967, 968, 970, 971, 972, 976, 978, 979, 980, 984, 988, 994, 995, 996, 1000, 1004, 1012]
x_453: [5, 65, 69, 70, 71, 77, 85, 101, 129, 133, 134, 135, 141, 149, 165, 193, 194, 195, 197, 198, 199, 200, 201, 205, 206, 207, 209, 213, 214, 215, 221, 225, 229, 230, 231, 237, 245, 257, 261, 262, 263, 269, 277, 293, 321, 322, 323, 325, 326, 327, 328, 329, 333, 334, 335, 337, 341, 342, 343, 349, 353, 357, 358, 359, 365, 373, 385, 386, 387, 389, 390, 391, 392, 393, 397, 398, 399, 401, 405, 406, 407, 413, 417, 421, 422, 423, 429, 437, 449, 450, 451, 452, 454, 455, 456, 457, 458, 459, 461, 462, 463, 464, 465, 466, 467, 469, 470, 471, 472, 473, 477, 478, 479, 481, 482, 483, 485, 486, 487, 488, 489, 493, 494, 495, 497, 501, 502, 503, 509, 581, 645, 705, 709, 710, 711, 717, 725, 741, 773, 833, 837, 838, 839, 845, 853, 869, 897, 901, 902, 903, 909, 917, 933, 961, 962, 963, 965, 966, 967, 968, 969, 973, 974, 975, 977, 981, 982, 983, 989, 993, 997, 998, 999, 1005, 1013]
x_454: [6, 66, 69, 70, 72, 78, 86, 102, 130, 133, 134, 136, 142, 150, 166, 193, 194, 196, 197, 198, 199, 200, 202, 205, 206, 208, 210, 213, 214, 216, 222, 226, 229, 230, 232, 238, 246, 258, 261, 262, 264, 270, 278, 294, 321, 322, 324, 325, 326, 327, 328, 330, 333, 334, 336, 338, 341, 342, 344, 350, 354, 357, 358, 360, 366, 374, 385, 386, 388, 389, 390, 391, 392, 394, 397, 398, 400, 402, 405, 406, 408, 414, 418, 421, 422, 424, 430, 438, 449, 450, 451, 452, 453, 455, 456, 457, 458, 460, 461, 462, 463, 464, 465, 466, 468, 469, 470, 471, 472, 474, 477, 478, 480, 481, 482, 484, 485, 486, 487, 488, 490, 493, 494, 496, 498, 501, 502, 504, 510, 582, 646, 706, 709, 710, 712, 718, 726, 742, 774, 834, 837, 838, 840, 846, 854, 870, 898, 901, 902, 904, 910, 918, 934, 961, 962, 964, 965, 966, 967, 968, 970, 973, 974, 976, 978, 981, 982, 984, 990, 994, 997, 998, 1000, 1006, 1014]
x_455: [7, 67, 69, 71, 72, 79, 87, 103, 131, 133, 135, 136, 143, 151, 167, 193, 195, 196, 197, 198, 199, 200, 203, 205, 207, 208, 211, 213, 215, 216, 223, 227, 229, 231, 232, 239, 247, 259, 261, 263, 264, 271, 279, 295, 321, 323, 324, 325, 326, 327, 328, 331, 333, 335, 336, 339, 341, 343, 344, 351, 355, 357, 359, 360, 367, 375, 385, 387, 388, 389, 390, 391, 392, 395, 397, 399, 400, 403, 405, 407, 408, 415, 419, 421, 423, 424, 431, 439, 449, 450, 451, 452, 453, 454, 456, 457, 459, 460, 461, 462, 463, 464, 465, 467, 468, 469, 470, 471, 472, 475, 477, 479, 480, 481, 483, 484, 485, 486, 487, 488, 491, 493, 495, 496, 499, 501, 503, 504, 511, 583, 647, 707, 709, 711, 712, 719, 727, 743, 775, 835, 837, 839, 840, 847, 855, 871, 899, 901, 903, 904, 911, 919, 935, 961, 963, 964, 965, 966, 967, 968, 971, 973, 975, 976, 979, 981, 983, 984, 991, 995, 997, 999, 1000, 1007, 1015]
x_456: [8, 68, 70, 71, 72, 80, 88, 104, 132, 134, 135, 136, 144, 152, 168, 194, 195, 196, 197, 198, 199, 200, 204, 206, 207, 208, 212, 214, 215, 216, 224, 228, 230, 231, 232, 240, 248, 260, 262, 263, 264, 272, 280, 296, 322, 323, 324, 325, 326, 327, 328, 332, 334, 335, 336, 340, 342, 343, 344, 352, 356, 358, 359, 360, 368, 376, 386, 387, 388, 389, 390, 391, 392, 396, 398, 399, 400, 404, 406, 407, 408, 416, 420, 422, 423, 424, 432, 440, 449, 450, 451, 452, 453, 454, 455, 458, 459, 460, 461, 462, 463, 464, 466, 467, 468, 469, 470, 471, 472, 476, 478, 479, 480, 482, 483, 484, 485, 486, 487, 488, 492, 494, 495, 496, 500, 502, 503, 504, 512, 584, 648, 708, 710, 711, 712, 720, 728, 744, 776, 836, 838, 839, 840, 848, 856, 872, 900, 902, 903, 904, 912, 920, 936, 962, 963, 964, 965, 966, 967, 968, 972, 974, 975, 976, 980, 982, 983, 984, 992, 996, 998, 999, 1000, 1008, 1016]
x_457: [9, 65, 73, 74, 75, 77, 89, 105, 129, 137, 138, 139, 141, 153, 169, 193, 194, 195, 197, 201, 202, 203, 204, 205, 206, 207, 209, 217, 218, 219, 221, 225, 233, 234, 235, 237, 249, 257, 265, 266, 267, 269, 281, 297, 321, 322, 323, 325, 329, 330, 331, 332, 333, 334, 335, 337, 345, 346, 347, 349, 353, 361, 362, 363, 365, 377, 385, 386, 387, 389, 393, 394, 395, 396, 397, 398, 399, 401, 409, 410, 411, 413, 417, 425, 426, 427, 429, 441, 449, 450, 451, 452, 453, 454, 455, 458, 459, 460, 461, 462, 463, 464, 465, 466, 467, 469, 473, 474, 475, 476, 477, 478, 479, 481, 482, 483, 485, 489, 490, 491, 492, 493, 494, 495, 497, 505, 506, 507, 509, 585, 649, 705, 713, 714, 715, 717, 729, 745, 777, 833, 841, 842, 843, 845, 857, 873, 897, 905, 906, 907, 909, 921, 937, 961, 962, 963, 965, 969, 970, 971, 972, 973, 974, 975, 977, 985, 986, 987, 989, 993, 1001, 1002, 1003, 1005, 1017]
x_458: [10, 66, 73, 74, 76, 78, 90, 106, 130, 137, 138, 140, 142, 154, 170, 193, 194, 196, 198, 201, 202, 203, 204, 205, 206, 208, 210, 217, 218, 220, 222, 226, 233, 234, 236, 238, 250, 258, 265, 266, 268, 270, 282, 298, 321, 322, 324, 326, 329, 330, 331, 332, 333, 334, 336, 338, 345, 346, 348, 350, 354, 361, 362, 364, 366, 378, 385, 386, 388, 390, 393, 394, 395, 396, 397, 398, 400, 402, 409, 410, 412, 414, 418, 425, 426, 428, 430, 442, 449, 450, 451, 452, 453, 454, 456, 457, 459, 460, 461, 462, 463, 464, 465, 466, 468, 470, 473, 474, 475, 476, 477, 478, 480, 481, 482, 484, 486, 489, 490, 491, 492, 493, 494, 496, 498, 505, 506, 508, 510, 586, 650, 706, 713, 714, 716, 718, 730, 746, 778, 834, 841, 842, 844, 846, 858, 874, 898, 905, 906, 908, 910, 922, 938, 961, 962, 964, 966, 969, 970, 971, 972, 973, 974, 976, 978, 985, 986, 988, 990, 994, 1001, 1002, 1004, 1006, 1018]
x_459: [11, 67, 73, 75, 76, 79, 91, 107, 131, 137, 139, 140, 143, 155, 171, 193, 195, 196, 199, 201, 202, 203, 204, 205, 207, 208, 211, 217, 219, 220, 223, 227, 233, 235, 236, 239, 251, 259, 265, 267, 268, 271, 283, 299, 321, 323, 324, 327, 329, 330, 331, 332, 333, 335, 336, 339, 345, 347, 348, 351, 355, 361, 363, 364, 367, 379, 385, 387, 388, 391, 393, 394, 395, 396, 397, 399, 400, 403, 409, 411, 412, 415, 419, 425, 427, 428, 431, 443, 449, 450, 451, 452, 453, 455, 456, 457, 458, 460, 461, 462, 463, 464, 465, 467, 468, 471, 473, 474, 475, 476, 477, 479, 480, 481, 483, 484, 487, 489, 490, 491, 492, 493, 495, 496, 499, 505, 507, 508, 511, 587, 651, 707, 713, 715, 716, 719, 731, 747, 779, 835, 841, 843, 844, 847, 859, 875, 899, 905, 907, 908, 911, 923, 939, 961, 963, 964, 967, 969, 970, 971, 972, 973, 975, 976, 979, 985, 987, 988, 991, 995, 1001, 1003, 1004, 1007, 1019]
x_460: [12, 68, 74, 75, 76, 80, 92, 108, 132, 138, 139, 140, 144, 156, 172, 194, 195, 196, 200, 201, 202, 203, 204, 206, 207, 208, 212, 218, 219, 220, 224, 228, 234, 235, 236, 240, 252, 260, 266, 267, 268, 272, 284, 300, 322, 323, 324, 328, 329, 330, 331, 332, 334, 335, 336, 340, 346, 347, 348, 352, 356, 362, 363, 364, 368, 380, 386, 387, 388, 392, 393, 394, 395, 396, 398, 399, 400, 404, 410, 411, 412, 416, 420, 426, 427, 428, 432, 444, 449, 450, 451, 452, 454, 455, 456, 457, 458, 459, 461, 462, 463, 464, 466, 467, 468, 472, 473, 474, 475, 476, 478, 479, 480, 482, 483, 484, 488, 489, 490, 491, 492, 494, 495, 496, 500, 506, 507, 508, 512, 588, 652, 708, 714, 715, 716, 720, 732, 748, 780, 836, 842, 843, 844, 848, 860, 876, 900, 906, 907, 908, 912, 924, 940, 962, 963, 964, 968, 969, 970, 971, 972, 974, 975, 976, 980, 986, 987, 988, 992, 996, 1002, 1003, 1004, 1008, 1020]
x_461: [13, 69, 73, 77, 78, 79, 93, 109, 133, 137, 141, 142, 143, 157, 173, 193, 197, 198, 199, 201, 202, 203, 205, 206, 207, 208, 213, 217, 221, 222, 223, 229, 233, 237, 238, 239, 253, 261, 265, 269, 270, 271, 285, 301, 321, 325, 326, 327, 329, 330, 331, 333, 334, 335, 336, 341, 345, 349, 350, 351, 357, 361, 365, 366, 367, 381, 385, 389, 390, 391, 393, 394, 395, 397, 398, 399, 400, 405, 409, 413, 414, 415, 421, 425, 429, 430, 431, 445, 449, 450, 451, 453, 454, 455, 456, 457, 458, 459, 460, 462, 463, 464, 465, 469, 470, 471, 473, 474, 475, 477, 478, 479, 480, 481, 485, 486, 487, 489, 490, 491, 493, 494, 495, 496, 501, 505, 509, 510, 511, 589, 653, 709, 713, 717, 718, 719, 733, 749, 781, 837, 841, 845, 846, 847, 861, 877, 901, 905, 909, 910, 911, 925, 941, 961, 965, 966, 967, 969, 970, 971, 973, 974, 975, 976, 981, 985, 989, 990, 991, 997, 1001, 1005, 1006, 1007, 1021]
x_462: [14, 70, 74, 77, 78, 80, 94, 110, 134, 138, 141, 142, 144, 158, 174, 194, 197, 198, 200, 201, 202, 204, 205, 206, 207, 208, 214, 218, 221, 222, 224, 230, 234, 237, 238, 240, 254, 262, 266, 269, 270, 272, 286, 302, 322, 325, 326, 328, 329, 330, 332, 333, 334, 335, 336, 342, 346, 349, 350, 352, 358, 362, 365, 366, 368, 382, 386, 389, 390, 392, 393, 394, 396, 397, 398, 399, 400, 406, 410, 413, 414, 416, 422, 426, 429, 430, 432, 446, 449, 450, 452, 453, 454, 455, 456, 457, 458, 459, 460, 461, 463, 464, 466, 469, 470, 472, 473, 474, 476, 477, 478, 479, 480, 482, 485, 486, 488, 489, 490, 492, 493, 494, 495, 496, 502, 506, 509, 510, 512, 590, 654, 710, 714, 717, 718, 720, 734, 750, 782, 838, 842, 845, 846, 848, 862, 878, 902, 906, 909, 910, 912, 926, 942, 962, 965, 966, 968, 969, 970, 972, 973, 974, 975, 976, 982, 986, 989, 990, 992, 998, 1002, 1005, 1006, 1008, 1022]
x_463: [15, 71, 75, 77, 79, 80, 95, 111, 135, 139, 141, 143, 144, 159, 175, 195, 197, 199, 200, 201, 203, 204, 205, 206, 207, 208, 215, 219, 221, 223, 224, 231, 235, 237, 239, 240, 255, 263, 267, 269, 271, 272, 287, 303, 323, 325, 327, 328, 329, 331, 332, 333, 334, 335, 336, 343, 347, 349, 351, 352, 359, 363, 365, 367, 368, 383, 387, 389, 391, 392, 393, 395, 396, 397, 398, 399, 400, 407, 411, 413, 415, 416, 423, 427, 429, 431, 432, 447, 449, 451, 452, 453, 454, 455, 456, 457, 458, 459, 460, 461, 462, 464, 467, 469, 471, 472, 473, 475, 476, 477, 478, 479, 480, 483, 485, 487, 488, 489, 491, 492, 493, 494, 495, 496, 503, 507, 509, 511, 512, 591, 655, 711, 715, 717, 719, 720, 735, 751, 783, 839, 843, 845, 847, 848, 863, 879, 903, 907, 909, 911, 912, 927, 943, 963, 965, 967, 968, 969, 971, 972, 973, 974, 975, 976, 983, 987, 989, 991, 992, 999, 1003, 1005, 1007, 1008, 1023]
x_464: [16, 72, 76, 78, 79, 80, 96, 112, 136, 140, 142, 143, 144, 160, 176, 196, 198, 199, 200, 202, 203, 204, 205, 206, 207, 208, 216, 220, 222, 223, 224, 232, 236, 238, 239, 240, 256, 264, 268, 270, 271, 272, 288, 304, 324, 326, 327, 328, 330, 331, 332, 333, 334, 335, 336, 344, 348, 350, 351, 352, 360, 364, 366, 367, 368, 384, 388, 390, 391, 392, 394, 395, 396, 397, 398, 399, 400, 408, 412, 414, 415, 416, 424, 428, 430, 431, 432, 448, 450, 451, 452, 453, 454, 455, 456, 457, 458, 459, 460, 461, 462, 463, 468, 470, 471, 472, 474, 475, 476, 477, 478, 479, 480, 484, 486, 487, 488, 490, 491, 492, 493, 494, 495, 496, 504, 508, 510, 511, 512, 592, 656, 712, 716, 718, 719, 720, 736, 752, 784, 840, 844, 846, 847, 848, 864, 880, 904, 908, 910, 911, 912, 928, 944, 964, 966, 967, 968, 970, 971, 972, 973, 974, 975, 976, 984, 988, 990, 991, 992, 1000, 1004, 1006, 1007, 1008, 1024]
x_465: [17, 65, 81, 82, 83, 85, 89, 113, 129, 145, 146, 147, 149, 153, 177, 193, 194, 195, 197, 201, 209, 210, 211, 212, 213, 214, 215, 217, 218, 219, 221, 225, 241, 242, 243, 245, 249, 257, 273, 274, 275, 277, 281, 305, 321, 322, 323, 325, 329, 337, 338, 339, 340, 341, 342, 343, 345, 346, 347, 349, 353, 369, 370, 371, 373, 377, 385, 386, 387, 389, 393, 401, 402, 403, 404, 405, 406, 407, 409, 410, 411, 413, 417, 433, 434, 435, 437, 441, 449, 450, 451, 452, 453, 454, 455, 457, 458, 459, 461, 466, 467, 468, 469, 470, 471, 472, 473, 474, 475, 476, 477, 478, 479, 481, 482, 483, 485, 489, 497, 498, 499, 500, 501, 502, 503, 505, 506, 507, 509, 593, 657, 705, 721, 722, 723, 725, 729, 753, 785, 833, 849, 850, 851, 853, 857, 881, 897, 913, 914, 915, 917, 921, 945, 961, 962, 963, 965, 969, 977, 978, 979, 980, 981, 982, 983, 985, 986, 987, 989, 993, 1009, 1010, 1011, 1013, 1017]
x_466: [18, 66, 81, 82, 84, 86, 90, 114, 130, 145, 146, 148, 150, 154, 178, 193, 194, 196, 198, 202, 209, 210, 211, 212, 213, 214, 216, 217, 218, 220, 222, 226, 241, 242, 244, 246, 250, 258, 273, 274, 276, 278, 282, 306, 321, 322, 324, 326, 330, 337, 338, 339, 340, 341, 342, 344, 345, 346, 348, 350, 354, 369, 370, 372, 374, 378, 385, 386, 388, 390, 394, 401, 402, 403, 404, 405, 406, 408, 409, 410, 412, 414, 418, 433, 434, 436, 438, 442, 449, 450, 451, 452, 453, 454, 456, 457, 458, 460, 462, 465, 467, 468, 469, 470, 471, 472, 473, 474, 475, 476, 477, 478, 480, 481, 482, 484, 486, 490, 497, 498, 499, 500, 501, 502, 504, 505, 506, 508, 510, 594, 658, 706, 721, 722, 724, 726, 730, 754, 786, 834, 849, 850, 852, 854, 858, 882, 898, 913, 914, 916, 918, 922, 946, 961, 962, 964, 966, 970, 977, 978, 979, 980, 981, 982, 984, 985, 986, 988, 990, 994, 1009, 1010, 1012, 1014, 1018]
x_467: [19, 67, 81, 83, 84, 87, 91, 115, 131, 145, 147, 148, 151, 155, 179, 193, 195, 196, 199, 203, 209, 210, 211, 212, 213, 215, 216, 217, 219, 220, 223, 227, 241, 243, 244, 247, 251, 259, 273, 275, 276, 279, 283, 307, 321, 323, 324, 327, 331, 337, 338, 339, 340, 341, 343, 344, 345, 347, 348, 351, 355, 369, 371, 372, 375, 379, 385, 387, 388, 391, 395, 401, 402, 403, 404, 405, 407, 408, 409, 411, 412, 415, 419, 433, 435, 436, 439, 443, 449, 450, 451, 452, 453, 455, 456, 457, 459, 460, 463, 465, 466, 468, 469, 470, 471, 472, 473, 474, 475, 476, 477, 479, 480, 481, 483, 484, 487, 491, 497, 498, 499, 500, 501, 503, 504, 505, 507, 508, 511, 595, 659, 707, 721, 723, 724, 727, 731, 755, 787, 835, 849, 851, 852, 855, 859, 883, 899, 913, 915, 916, 919, 923, 947, 961, 963, 964, 967, 971, 977, 978, 979, 980, 981, 983, 984, 985, 987, 988, 991, 995, 1009, 1011, 1012, 1015, 1019]
x_468: [20, 68, 82, 83, 84, 88, 92, 116, 132, 146, 147, 148, 152, 156, 180, 194, 195, 196, 200, 204, 209, 210, 211, 212, 214, 215, 216, 218, 219, 220, 224, 228, 242, 243, 244, 248, 252, 260, 274, 275, 276, 280, 284, 308, 322, 323, 324, 328, 332, 337, 338, 339, 340, 342, 343, 344, 346, 347, 348, 352, 356, 370, 371, 372, 376, 380, 386, 387, 388, 392, 396, 401, 402, 403, 404, 406, 407, 408, 410, 411, 412, 416, 420, 434, 435, 436, 440, 444, 449, 450, 451, 452, 454, 455, 456, 458, 459, 460, 464, 465, 466, 467, 469, 470, 471, 472, 473, 474, 475, 476, 478, 479, 480, 482, 483, 484, 488, 492, 497, 498, 499, 500, 502, 503, 504, 506, 507, 508, 512, 596, 660, 708, 722, 723, 724, 728, 732, 756, 788, 836, 850, 851, 852, 856, 860, 884, 900, 914, 915, 916, 920, 924, 948, 962, 963, 964, 968, 972, 977, 978, 979, 980, 982, 983, 984, 986, 987, 988, 992, 996, 1010, 1011, 1012, 1016, 1020]
x_469: [21, 69, 81, 85, 86, 87, 93, 117, 133, 145, 149, 150, 151, 157, 181, 193, 197, 198, 199, 205, 209, 210, 211, 213, 214, 215, 216, 217, 221, 222, 223, 229, 241, 245, 246, 247, 253, 261, 273, 277, 278, 279, 285, 309, 321, 325, 326, 327, 333, 337, 338, 339, 341, 342, 343, 344, 345, 349, 350, 351, 357, 369, 373, 374, 375, 381, 385, 389, 390, 391, 397, 401, 402, 403, 405, 406, 407, 408, 409, 413, 414, 415, 421, 433, 437, 438, 439, 445, 449, 450, 451, 453, 454, 455, 456, 457, 461, 462, 463, 465, 466, 467, 468, 470, 471, 472, 473, 474, 475, 477, 478, 479, 480, 481, 485, 486, 487, 493, 497, 498, 499, 501, 502, 503, 504, 505, 509, 510, 511, 597, 661, 709, 721, 725, 726, 727, 733, 757, 789, 837, 849, 853, 854, 855, 861, 885, 901, 913, 917, 918, 919, 925, 949, 961, 965, 966, 967, 973, 977, 978, 979, 981, 982, 983, 984, 985, 989, 990, 991, 997, 1009, 1013, 1014, 1015, 1021]
x_470: [22, 70, 82, 85, 86, 88, 94, 118, 134, 146, 149, 150, 152, 158, 182, 194, 197, 198, 200, 206, 209, 210, 212, 213, 214, 215, 216, 218, 221, 222, 224, 230, 242, 245, 246, 248, 254, 262, 274, 277, 278, 280, 286, 310, 322, 325, 326, 328, 334, 337, 338, 340, 341, 342, 343, 344, 346, 349, 350, 352, 358, 370, 373, 374, 376, 382, 386, 389, 390, 392, 398, 401, 402, 404, 405, 406, 407, 408, 410, 413, 414, 416, 422, 434, 437, 438, 440, 446, 449, 450, 452, 453, 454, 455, 456, 458, 461, 462, 464, 465, 466, 467, 468, 469, 471, 472, 473, 474, 476, 477, 478, 479, 480, 482, 485, 486, 488, 494, 497, 498, 500, 501, 502, 503, 504, 506, 509, 510, 512, 598, 662, 710, 722, 725, 726, 728, 734, 758, 790, 838, 850, 853, 854, 856, 862, 886, 902, 914, 917, 918, 920, 926, 950, 962, 965, 966, 968, 974, 977, 978, 980, 981, 982, 983, 984, 986, 989, 990, 992, 998, 1010, 1013, 1014, 1016, 1022]
x_471: [23, 71, 83, 85, 87, 88, 95, 119, 135, 147, 149, 151, 152, 159, 183, 195, 197, 199, 200, 207, 209, 211, 212, 213, 214, 215, 216, 219, 221, 223, 224, 231, 243, 245, 247, 248, 255, 263, 275, 277, 279, 280, 287, 311, 323, 325, 327, 328, 335, 337, 339, 340, 341, 342, 343, 344, 347, 349, 351, 352, 359, 371, 373, 375, 376, 383, 387, 389, 391, 392, 399, 401, 403, 404, 405, 406, 407, 408, 411, 413, 415, 416, 423, 435, 437, 439, 440, 447, 449, 451, 452, 453, 454, 455, 456, 459, 461, 463, 464, 465, 466, 467, 468, 469, 470, 472, 473, 475, 476, 477, 478, 479, 480, 483, 485, 487, 488, 495, 497, 499, 500, 501, 502, 503, 504, 507, 509, 511, 512, 599, 663, 711, 723, 725, 727, 728, 735, 759, 791, 839, 851, 853, 855, 856, 863, 887, 903, 915, 917, 919, 920, 927, 951, 963, 965, 967, 968, 975, 977, 979, 980, 981, 982, 983, 984, 987, 989, 991, 992, 999, 1011, 1013, 1015, 1016, 1023]
x_472: [24, 72, 84, 86, 87, 88, 96, 120, 136, 148, 150, 151, 152, 160, 184, 196, 198, 199, 200, 208, 210, 211, 212, 213, 214, 215, 216, 220, 222, 223, 224, 232, 244, 246, 247, 248, 256, 264, 276, 278, 279, 280, 288, 312, 324, 326, 327, 328, 336, 338, 339, 340, 341, 342, 343, 344, 348, 350, 351, 352, 360, 372, 374, 375, 376, 384, 388, 390, 391, 392, 400, 402, 403, 404, 405, 406, 407, 408, 412, 414, 415, 416, 424, 436, 438, 439, 440, 448, 450, 451, 452, 453, 454, 455, 456, 460, 462, 463, 464, 465, 466, 467, 468, 469, 470, 471, 474, 475, 476, 477, 478, 479, 480, 484, 486, 487, 488, 496, 498, 499, 500, 501, 502, 503, 504, 508, 510, 511, 512, 600, 664, 712, 724, 726, 727, 728, 736, 760, 792, 840, 852, 854, 855, 856, 864, 888, 904, 916, 918, 919, 920, 928, 952, 964, 966, 967, 968, 976, 978, 979, 980, 981, 982, 983, 984, 988, 990, 991, 992, 1000, 1012, 1014, 1015, 1016, 1024]
x_473: [25, 73, 81, 89, 90, 91, 93, 121, 137, 145, 153, 154, 155, 157, 185, 193, 201, 202, 203, 205, 209, 210, 211, 213, 217, 218, 219, 220, 221, 222, 223, 233, 241, 249, 250, 251, 253, 265, 273, 281, 282, 283, 285, 313, 321, 329, 330, 331, 333, 337, 338, 339, 341, 345, 346, 347, 348, 349, 350, 351, 361, 369, 377, 378, 379, 381, 385, 393, 394, 395, 397, 401, 402, 403, 405, 409, 410, 411, 412, 413, 414, 415, 425, 433, 441, 442, 443, 445, 449, 450, 451, 453, 457, 458, 459, 460, 461, 462, 463, 465, 466, 467, 468, 469, 470, 471, 474, 475, 476, 477, 478, 479, 480, 481, 489, 490, 491, 493, 497, 498, 499, 501, 505, 506, 507, 508, 509, 510, 511, 601, 665, 713, 721, 729, 730, 731, 733, 761, 793, 841, 849, 857, 858, 859, 861, 889, 905, 913, 921, 922, 923, 925, 953, 961, 969, 970, 971, 973, 977, 978, 979, 981, 985, 986, 987, 988, 989, 990, 991, 1001, 1009, 1017, 1018, 1019, 1021]
x_474: [26, 74, 82, 89, 90, 92, 94, 122, 138, 146, 153, 154, 156, 158, 186, 194, 201, 202, 204, 206, 209, 210, 212, 214, 217, 218, 219, 220, 221, 222, 224, 234, 242, 249, 250, 252, 254, 266, 274, 281, 282, 284, 286, 314, 322, 329, 330, 332, 334, 337, 338, 340, 342, 345, 346, 347, 348, 349, 350, 352, 362, 370, 377, 378, 380, 382, 386, 393, 394, 396, 398, 401, 402, 404, 406, 409, 410, 411, 412, 413, 414, 416, 426, 434, 441, 442, 444, 446, 449, 450, 452, 454, 457, 458, 459, 460, 461, 462, 464, 465, 466, 467, 468, 469, 470, 472, 473, 475, 476, 477, 478, 479, 480, 482, 489, 490, 492, 494, 497, 498, 500, 502, 505, 506, 507, 508, 509, 510, 512, 602, 666, 714, 722, 729, 730, 732, 734, 762, 794, 842, 850, 857, 858, 860, 862, 890, 906, 914, 921, 922, 924, 926, 954, 962, 969, 970, 972, 974, 977, 978, 980, 982, 985, 986, 987, 988, 989, 990, 992, 1002, 1010, 1017, 1018, 1020, 1022]
x_475: [27, 75, 83, 89, 91, 92, 95, 123, 139, 147, 153, 155, 156, 159, 187, 195, 201, 203, 204, 207, 209, 211, 212, 215, 217, 218, 219, 220, 221, 223, 224, 235, 243, 249, 251, 252, 255, 267, 275, 281, 283, 284, 287, 315, 323, 329, 331, 332, 335, 337, 339, 340, 343, 345, 346, 347, 348, 349, 351, 352, 363, 371, 377, 379, 380, 383, 387, 393, 395, 396, 399, 401, 403, 404, 407, 409, 410, 411, 412, 413, 415, 416, 427, 435, 441, 443, 444, 447, 449, 451, 452, 455, 457, 458, 459, 460, 461, 463, 464, 465, 466, 467, 468, 469, 471, 472, 473, 474, 476, 477, 478, 479, 480, 483, 489, 491, 492, 495, 497, 499, 500, 503, 505, 506, 507, 508, 509, 511, 512, 603, 667, 715, 723, 729, 731, 732, 735, 763, 795, 843, 851, 857, 859, 860, 863, 891, 907, 915, 921, 923, 924, 927, 955, 963, 969, 971, 972, 975, 977, 979, 980, 983, 985, 986, 987, 988, 989, 991, 992, 1003, 1011, 1017, 1019, 1020, 1023]
x_476: [28, 76, 84, 90, 91, 92, 96, 124, 140, 148, 154, 155, 156, 160, 188, 196, 202, 203, 204, 208, 210, 211, 212, 216, 217, 218, 219, 220, 222, 223, 224, 236, 244, 250, 251, 252, 256, 268, 276, 282, 283, 284, 288, 316, 324, 330, 331, 332, 336, 338, 339, 340, 344, 345, 346, 347, 348, 350, 351, 352, 364, 372, 378, 379, 380, 384, 388, 394, 395, 396, 400, 402, 403, 404, 408, 409, 410, 411, 412, 414, 415, 416, 428, 436, 442, 443, 444, 448, 450, 451, 452, 456, 457, 458, 459, 460, 462, 463, 464, 465, 466, 467, 468, 470, 471, 472, 473, 474, 475, 477, 478, 479, 480, 484, 490, 491, 492, 496, 498, 499, 500, 504, 505, 506, 507, 508, 510, 511, 512, 604, 668, 716, 724, 730, 731, 732, 736, 764, 796, 844, 852, 858, 859, 860, 864, 892, 908, 916, 922, 923, 924, 928, 956, 964, 970, 971, 972, 976, 978, 979, 980, 984, 985, 986, 987, 988, 990, 991, 992, 1004, 1012, 1018, 1019, 1020, 1024]
x_477: [29, 77, 85, 89, 93, 94, 95, 125, 141, 149, 153, 157, 158, 159, 189, 197, 201, 205, 206, 207, 209, 213, 214, 215, 217, 218, 219, 221, 222, 223, 224, 237, 245, 249, 253, 254, 255, 269, 277, 281, 285, 286, 287, 317, 325, 329, 333, 334, 335, 337, 341, 342, 343, 345, 346, 347, 349, 350, 351, 352, 365, 373, 377, 381, 382, 383, 389, 393, 397, 398, 399, 401, 405, 406, 407, 409, 410, 411, 413, 414, 415, 416, 429, 437, 441, 445, 446, 447, 449, 453, 454, 455, 457, 458, 459, 461, 462, 463, 464, 465, 466, 467, 469, 470, 471, 472, 473, 474, 475, 476, 478, 479, 480, 485, 489, 493, 494, 495, 497, 501, 502, 503, 505, 506, 507, 509, 510, 511, 512, 605, 669, 717, 725, 729, 733, 734, 735, 765, 797, 845, 853, 857, 861, 862, 863, 893, 909, 917, 921, 925, 926, 927, 957, 965, 969, 973, 974, 975, 977, 981, 982, 983, 985, 986, 987, 989, 990, 991, 992, 1005, 1013, 1017, 1021, 1022, 1023]
x_478: [30, 78, 86, 90, 93, 94, 96, 126, 142, 150, 154, 157, 158, 160, 190, 198, 202, 205, 206, 208, 210, 213, 214, 216, 217, 218, 220, 221, 222, 223, 224, 238, 246, 250, 253, 254, 256, 270, 278, 282, 285, 286, 288, 318, 326, 330, 333, 334, 336, 338, 341, 342, 344, 345, 346, 348, 349, 350, 351, 352, 366, 374, 378, 381, 382, 384, 390, 394, 397, 398, 400, 402, 405, 406, 408, 409, 410, 412, 413, 414, 415, 416, 430, 438, 442, 445, 446, 448, 450, 453, 454, 456, 457, 458, 460, 461, 462, 463, 464, 465, 466, 468, 469, 470, 471, 472, 473, 474, 475, 476, 477, 479, 480, 486, 490, 493, 494, 496, 498, 501, 502, 504, 505, 506, 508, 509, 510, 511, 512, 606, 670, 718, 726, 730, 733, 734, 736, 766, 798, 846, 854, 858, 861, 862, 864, 894, 910, 918, 922, 925, 926, 928, 958, 966, 970, 973, 974, 976, 978, 981, 982, 984, 985, 986, 988, 989, 990, 991, 992, 1006, 1014, 1018, 1021, 1022, 1024]
x_479: [31, 79, 87, 91, 93, 95, 96, 127, 143, 151, 155, 157, 159, 160, 191, 199, 203, 205, 207, 208, 211, 213, 215, 216, 217, 219, 220, 221, 222, 223, 224, 239, 247, 251, 253, 255, 256, 271, 279, 283, 285, 287, 288, 319, 327, 331, 333, 335, 336, 339, 341, 343, 344, 345, 347, 348, 349, 350, 351, 352, 367, 375, 379, 381, 383, 384, 391, 395, 397, 399, 400, 403, 405, 407, 408, 409, 411, 412, 413, 414, 415, 416, 431, 439, 443, 445, 447, 448, 451, 453, 455, 456, 457, 459, 460, 461, 462, 463, 464, 465, 467, 468, 469, 470, 471, 472, 473, 474, 475, 476, 477, 478, 480, 487, 491, 493, 495, 496, 499, 501, 503, 504, 505, 507, 508, 509, 510, 511, 512, 607, 671, 719, 727, 731, 733, 735, 736, 767, 799, 847, 855, 859, 861, 863, 864, 895, 911, 919, 923, 925, 927, 928, 959, 967, 971, 973, 975, 976, 979, 981, 983, 984, 985, 987, 988, 989, 990, 991, 992, 1007, 1015, 1019, 1021, 1023, 1024]
x_480: [32, 80, 88, 92, 94, 95, 96, 128, 144, 152, 156, 158, 159, 160, 192, 200, 204, 206, 207, 208, 212, 214, 215, 216, 218, 219, 220, 221, 222, 223, 224, 240, 248, 252, 254, 255, 256, 272, 280, 284, 286, 287, 288, 320, 328, 332, 334, 335, 336, 340, 342, 343, 344, 346, 347, 348, 349, 350, 351, 352, 368, 376, 380, 382, 383, 384, 392, 396, 398, 399, 400, 404, 406, 407, 408, 410, 411, 412, 413, 414, 415, 416, 432, 440, 444, 446, 447, 448, 452, 454, 455, 456, 458, 459, 460, 461, 462, 463, 464, 466, 467, 468, 469, 470, 471, 472, 473, 474, 475, 476, 477, 478, 479, 488, 492, 494, 495, 496, 500, 502, 503, 504, 506, 507, 508, 509, 510, 511, 512, 608, 672, 720, 728, 732, 734, 735, 736, 768, 800, 848, 856, 860, 862, 863, 864, 896, 912, 920, 924, 926, 927, 928, 960, 968, 972, 974, 975, 976, 980, 982, 983, 984, 986, 987, 988, 989, 990, 991, 992, 1008, 1016, 1020, 1022, 1023, 1024]
x_481: [33, 65, 97, 98, 99, 101, 105, 113, 129, 161, 162, 163, 165, 169, 177, 193, 194, 195, 197, 201, 209, 225, 226, 227, 228, 229, 230, 231, 233, 234, 235, 237, 241, 242, 243, 245, 249, 257, 289, 290, 291, 293, 297, 305, 321, 322, 323, 325, 329, 337, 353, 354, 355, 356, 357, 358, 359, 361, 362, 363, 365, 369, 370, 371, 373, 377, 385, 386, 387, 389, 393, 401, 417, 418, 419, 420, 421, 422, 423, 425, 426, 427, 429, 433, 434, 435, 437, 441, 449, 450, 451, 452, 453, 454, 455, 457, 458, 459, 461, 465, 466, 467, 469, 473, 482, 483, 484, 485, 486, 487, 488, 489, 490, 491, 492, 493, 494, 495, 497, 498, 499, 500, 501, 502, 503, 505, 506, 507, 509, 609, 673, 705, 737, 738, 739, 741, 745, 753, 801, 833, 865, 866, 867, 869, 873, 881, 897, 929, 930, 931, 933, 937, 945, 961, 962, 963, 965, 969, 977, 993, 994, 995, 996, 997, 998, 999, 1001, 1002, 1003, 1005, 1009, 1010, 1011, 1013, 1017]
x_482: [34, 66, 97, 98, 100, 102, 106, 114, 130, 161, 162, 164, 166, 170, 178, 193, 194, 196, 198, 202, 210, 225, 226, 227, 228, 229, 230, 232, 233, 234, 236, 238, 241, 242, 244, 246, 250, 258, 289, 290, 292, 294, 298, 306, 321, 322, 324, 326, 330, 338, 353, 354, 355, 356, 357, 358, 360, 361, 362, 364, 366, 369, 370, 372, 374, 378, 385, 386, 388, 390, 394, 402, 417, 418, 419, 420, 421, 422, 424, 425, 426, 428, 430, 433, 434, 436, 438, 442, 449, 450, 451, 452, 453, 454, 456, 457, 458, 460, 462, 465, 466, 468, 470, 474, 481, 483, 484, 485, 486, 487, 488, 489, 490, 491, 492, 493, 494, 496, 497, 498, 499, 500, 501, 502, 504, 505, 506, 508, 510, 610, 674, 706, 737, 738, 740, 742, 746, 754, 802, 834, 865, 866, 868, 870, 874, 882, 898, 929, 930, 932, 934, 938, 946, 961, 962, 964, 966, 970, 978, 993, 994, 995, 996, 997, 998, 1000, 1001, 1002, 1004, 1006, 1009, 1010, 1012, 1014, 1018]
x_483: [35, 67, 97, 99, 100, 103, 107, 115, 131, 161, 163, 164, 167, 171, 179, 193, 195, 196, 199, 203, 211, 225, 226, 227, 228, 229, 231, 232, 233, 235, 236, 239, 241, 243, 244, 247, 251, 259, 289, 291, 292, 295, 299, 307, 321, 323, 324, 327, 331, 339, 353, 354, 355, 356, 357, 359, 360, 361, 363, 364, 367, 369, 371, 372, 375, 379, 385, 387, 388, 391, 395, 403, 417, 418, 419, 420, 421, 423, 424, 425, 427, 428, 431, 433, 435, 436, 439, 443, 449, 450, 451, 452, 453, 455, 456, 457, 459, 460, 463, 465, 467, 468, 471, 475, 481, 482, 484, 485, 486, 487, 488, 489, 490, 491, 492, 493, 495, 496, 497, 498, 499, 500, 501, 503, 504, 505, 507, 508, 511, 611, 675, 707, 737, 739, 740, 743, 747, 755, 803, 835, 865, 867, 868, 871, 875, 883, 899, 929, 931, 932, 935, 939, 947, 961, 963, 964, 967, 971, 979, 993, 994, 995, 996, 997, 999, 1000, 1001, 1003, 1004, 1007, 1009, 1011, 1012, 1015, 1019]
x_484: [36, 68, 98, 99, 100, 104, 108, 116, 132, 162, 163, 164, 168, 172, 180, 194, 195, 196, 200, 204, 212, 225, 226, 227, 228, 230, 231, 232, 234, 235, 236, 240, 242, 243, 244, 248, 252, 260, 290, 291, 292, 296, 300, 308, 322, 323, 324, 328, 332, 340, 353, 354, 355, 356, 358, 359, 360, 362, 363, 364, 368, 370, 371, 372, 376, 380, 386, 387, 388, 392, 396, 404, 417, 418, 419, 420, 422, 423, 424, 426, 427, 428, 432, 434, 435, 436, 440, 444, 449, 450, 451, 452, 454, 455, 456, 458, 459, 460, 464, 466, 467, 468, 472, 476, 481, 482, 483, 485, 486, 487, 488, 489, 490, 491, 492, 494, 495, 496, 497, 498, 499, 500, 502, 503, 504, 506, 507, 508, 512, 612, 676, 708, 738, 739, 740, 744, 748, 756, 804, 836, 866, 867, 868, 872, 876, 884, 900, 930, 931, 932, 936, 940, 948, 962, 963, 964, 968, 972, 980, 993, 994, 995, 996, 998, 999, 1000, 1002, 1003, 1004, 1008, 1010, 1011, 1012, 1016, 1020]
x_485: [37, 69, 97, 101, 102, 103, 109, 117, 133, 161, 165, 166, 167, 173, 181, 193, 197, 198, 199, 205, 213, 225, 226, 227, 229, 230, 231, 232, 233, 237, 238, 239, 241, 245, 246, 247, 253, 261, 289, 293, 294, 295, 301, 309, 321, 325, 326, 327, 333, 341, 353, 354, 355, 357, 358, 359, 360, 361, 365, 366, 367, 369, 373, 374, 375, 381, 385, 389, 390, 391, 397, 405, 417, 418, 419, 421, 422, 423, 424, 425, 429, 430, 431, 433, 437, 438, 439, 445, 449, 450, 451, 453, 454, 455, 456, 457, 461, 462, 463, 465, 469, 470, 471, 477, 481, 482, 483, 484, 486, 487, 488, 489, 490, 491, 493, 494, 495, 496, 497, 498, 499, 501, 502, 503, 504, 505, 509, 510, 511, 613, 677, 709, 737, 741, 742, 743, 749, 757, 805, 837, 865, 869, 870, 871, 877, 885, 901, 929, 933, 934, 935, 941, 949, 961, 965, 966, 967, 973, 981, 993, 994, 995, 997, 998, 999, 1000, 1001, 1005, 1006, 1007, 1009, 1013, 1014, 1015, 1021]
x_486: [38, 70, 98, 101, 102, 104, 110, 118, 134, 162, 165, 166, 168, 174, 182, 194, 197, 198, 200, 206, 214, 225, 226, 228, 229, 230, 231, 232, 234, 237, 238, 240, 242, 245, 246, 248, 254, 262, 290, 293, 294, 296, 302, 310, 322, 325, 326, 328, 334, 342, 353, 354, 356, 357, 358, 359, 360, 362, 365, 366, 368, 370, 373, 374, 376, 382, 386, 389, 390, 392, 398, 406, 417, 418, 420, 421, 422, 423, 424, 426, 429, 430, 432, 434, 437, 438, 440, 446, 449, 450, 452, 453, 454, 455, 456, 458, 461, 462, 464, 466, 469, 470, 472, 478, 481, 482, 483, 484, 485, 487, 488, 489, 490, 492, 493, 494, 495, 496, 497, 498, 500, 501, 502, 503, 504, 506, 509, 510, 512, 614, 678, 710, 738, 741, 742, 744, 750, 758, 806, 838, 866, 869, 870, 872, 878, 886, 902, 930, 933, 934, 936, 942, 950, 962, 965, 966, 968, 974, 982, 993, 994, 996, 997, 998, 999, 1000, 1002, 1005, 1006, 1008, 1010, 1013, 1014, 1016, 1022]
x_487: [39, 71, 99, 101, 103, 104, 111, 119, 135, 163, 165, 167, 168, 175, 183, 195, 197, 199, 200, 207, 215, 225, 227, 228, 229, 230, 231, 232, 235, 237, 239, 240, 243, 245, 247, 248, 255, 263, 291, 293, 295, 296, 303, 311, 323, 325, 327, 328, 335, 343, 353, 355, 356, 357, 358, 359, 360, 363, 365, 367, 368, 371, 373, 375, 376, 383, 387, 389, 391, 392, 399, 407, 417, 419, 420, 421, 422, 423, 424, 427, 429, 431, 432, 435, 437, 439, 440, 447, 449, 451, 452, 453, 454, 455, 456, 459, 461, 463, 464, 467, 469, 471, 472, 479, 481, 482, 483, 484, 485, 486, 488, 489, 491, 492, 493, 494, 495, 496, 497, 499, 500, 501, 502, 503, 504, 507, 509, 511, 512, 615, 679, 711, 739, 741, 743, 744, 751, 759, 807, 839, 867, 869, 871, 872, 879, 887, 903, 931, 933, 935, 936, 943, 951, 963, 965, 967, 968, 975, 983, 993, 995, 996, 997, 998, 999, 1000, 1003, 1005, 1007, 1008, 1011, 1013, 1015, 1016, 1023]
x_488: [40, 72, 100, 102, 103, 104, 112, 120, 136, 164, 166, 167, 168, 176, 184, 196, 198, 199, 200, 208, 216, 226, 227, 228, 229, 230, 231, 232, 236, 238, 239, 240, 244, 246, 247, 248, 256, 264, 292, 294, 295, 296, 304, 312, 324, 326, 327, 328, 336, 344, 354, 355, 356, 357, 358, 359, 360, 364, 366, 367, 368, 372, 374, 375, 376, 384, 388, 390, 391, 392, 400, 408, 418, 419, 420, 421, 422, 423, 424, 428, 430, 431, 432, 436, 438, 439, 440, 448, 450, 451, 452, 453, 454, 455, 456, 460, 462, 463, 464, 468, 470, 471, 472, 480, 481, 482, 483, 484, 485, 486, 487, 490, 491, 492, 493, 494, 495, 496, 498, 499, 500, 501, 502, 503, 504, 508, 510, 511, 512, 616, 680, 712, 740, 742, 743, 744, 752, 760, 808, 840, 868, 870, 871, 872, 880, 888, 904, 932, 934, 935, 936, 944, 952, 964, 966, 967, 968, 976, 984, 994, 995, 996, 997, 998, 999, 1000, 1004, 1006, 1007, 1008, 1012, 1014, 1015, 1016, 1024]
x_489: [41, 73, 97, 105, 106, 107, 109, 121, 137, 161, 169, 170, 171, 173, 185, 193, 201, 202, 203, 205, 217, 225, 226, 227, 229, 233, 234, 235, 236, 237, 238, 239, 241, 249, 250, 251, 253, 265, 289, 297, 298, 299, 301, 313, 321, 329, 330, 331, 333, 345, 353, 354, 355, 357, 361, 362, 363, 364, 365, 366, 367, 369, 377, 378, 379, 381, 385, 393, 394, 395, 397, 409, 417, 418, 419, 421, 425, 426, 427, 428, 429, 430, 431, 433, 441, 442, 443, 445, 449, 450, 451, 453, 457, 458, 459, 460, 461, 462, 463, 465, 473, 474, 475, 477, 481, 482, 483, 484, 485, 486, 487, 490, 491, 492, 493, 494, 495, 496, 497, 498, 499, 501, 505, 506, 507, 508, 509, 510, 511, 617, 681, 713, 737, 745, 746, 747, 749, 761, 809, 841, 865, 873, 874, 875, 877, 889, 905, 929, 937, 938, 939, 941, 953, 961, 969, 970, 971, 973, 985, 993, 994, 995, 997, 1001, 1002, 1003, 1004, 1005, 1006, 1007, 1009, 1017, 1018, 1019, 1021]
x_490: [42, 74, 98, 105, 106, 108, 110, 122, 138, 162, 169, 170, 172, 174, 186, 194, 201, 202, 204, 206, 218, 225, 226, 228, 230, 233, 234, 235, 236, 237, 238, 240, 242, 249, 250, 252, 254, 266, 290, 297, 298, 300, 302, 314, 322, 329, 330, 332, 334, 346, 353, 354, 356, 358, 361, 362, 363, 364, 365, 366, 368, 370, 377, 378, 380, 382, 386, 393, 394, 396, 398, 410, 417, 418, 420, 422, 425, 426, 427, 428, 429, 430, 432, 434, 441, 442, 444, 446, 449, 450, 452, 454, 457, 458, 459, 460, 461, 462, 464, 466, 473, 474, 476, 478, 481, 482, 483, 484, 485, 486, 488, 489, 491, 492, 493, 494, 495, 496, 497, 498, 500, 502, 505, 506, 507, 508, 509, 510, 512, 618, 682, 714, 738, 745, 746, 748, 750, 762, 810, 842, 866, 873, 874, 876, 878, 890, 906, 930, 937, 938, 940, 942, 954, 962, 969, 970, 972, 974, 986, 993, 994, 996, 998, 1001, 1002, 1003, 1004, 1005, 1006, 1008, 1010, 1017, 1018, 1020, 1022]
x_491: [43, 75, 99, 105, 107, 108, 111, 123, 139, 163, 169, 171, 172, 175, 187, 195, 201, 203, 204, 207, 219, 225, 227, 228, 231, 233, 234, 235, 236, 237, 239, 240, 243, 249, 251, 252, 255, 267, 291, 297, 299, 300, 303, 315, 323, 329, 331, 332, 335, 347, 353, 355, 356, 359, 361, 362, 363, 364, 365, 367, 368, 371, 377, 379, 380, 383, 387, 393, 395, 396, 399, 411, 417, 419, 420, 423, 425, 426, 427, 428, 429, 431, 432, 435, 441, 443, 444, 447, 449, 451, 452, 455, 457, 458, 459, 460, 461, 463, 464, 467, 473, 475, 476, 479, 481, 482, 483, 484, 485, 487, 488, 489, 490, 492, 493, 494, 495, 496, 497, 499, 500, 503, 505, 506, 507, 508, 509, 511, 512, 619, 683, 715, 739, 745, 747, 748, 751, 763, 811, 843, 867, 873, 875, 876, 879, 891, 907, 931, 937, 939, 940, 943, 955, 963, 969, 971, 972, 975, 987, 993, 995, 996, 999, 1001, 1002, 1003, 1004, 1005, 1007, 1008, 1011, 1017, 1019, 1020, 1023]
x_492: [44, 76, 100, 106, 107, 108, 112, 124, 140, 164, 170, 171, 172, 176, 188, 196, 202, 203, 204, 208, 220, 226, 227, 228, 232, 233, 234, 235, 236, 238, 239, 240, 244, 250, 251, 252, 256, 268, 292, 298, 299, 300, 304, 316, 324, 330, 331, 332, 336, 348, 354, 355, 356, 360, 361, 362, 363, 364, 366, 367, 368, 372, 378, 379, 380, 384, 388, 394, 395, 396, 400, 412, 418, 419, 420, 424, 425, 426, 427, 428, 430, 431, 432, 436, 442, 443, 444, 448, 450, 451, 452, 456, 457, 458, 459, 460, 462, 463, 464, 468, 474, 475, 476, 480, 481, 482, 483, 484, 486, 487, 488, 489, 490, 491, 493, 494, 495, 496, 498, 499, 500, 504, 505, 506, 507, 508, 510, 511, 512, 620, 684, 716, 740, 746, 747, 748, 752, 764, 812, 844, 868, 874, 875, 876, 880, 892, 908, 932, 938, 939, 940, 944, 956, 964, 970, 971, 972, 976, 988, 994, 995, 996, 1000, 1001, 1002, 1003, 1004, 1006, 1007, 1008, 1012, 1018, 1019, 1020, 1024]
x_493: [45, 77, 101, 105, 109, 110, 111, 125, 141, 165, 169, 173, 174, 175, 189, 197, 201, 205, 206, 207, 221, 225, 229, 230, 231, 233, 234, 235, 237, 238, 239, 240, 245, 249, 253, 254, 255, 269, 293, 297, 301, 302, 303, 317, 325, 329, 333, 334, 335, 349, 353, 357, 358, 359, 361, 362, 363, 365, 366, 367, 368, 373, 377, 381, 382, 383, 389, 393, 397, 398, 399, 413, 417, 421, 422, 423, 425, 426, 427, 429, 430, 431, 432, 437, 441, 445, 446, 447, 449, 453, 454, 455, 457, 458, 459, 461, 462, 463, 464, 469, 473, 477, 478, 479, 481, 482, 483, 485, 486, 487, 488, 489, 490, 491, 492, 494, 495, 496, 497, 501, 502, 503, 505, 506, 507, 509, 510, 511, 512, 621, 685, 717, 741, 745, 749, 750, 751, 765, 813, 845, 869, 873, 877, 878, 879, 893, 909, 933, 937, 941, 942, 943, 957, 965, 969, 973, 974, 975, 989, 993, 997, 998, 999, 1001, 1002, 1003, 1005, 1006, 1007, 1008, 1013, 1017, 1021, 1022, 1023]
x_494: [46, 78, 102, 106, 109, 110, 112, 126, 142, 166, 170, 173, 174, 176, 190, 198, 202, 205, 206, 208, 222, 226, 229, 230, 232, 233, 234, 236, 237, 238, 239, 240, 246, 250, 253, 254, 256, 270, 294, 298, 301, 302, 304, 318, 326, 330, 333, 334, 336, 350, 354, 357, 358, 360, 361, 362, 364, 365, 366, 367, 368, 374, 378, 381, 382, 384, 390, 394, 397, 398, 400, 414, 418, 421, 422, 424, 425, 426, 428, 429, 430, 431, 432, 438, 442, 445, 446, 448, 450, 453, 454, 456, 457, 458, 460, 461, 462, 463, 464, 470, 474, 477, 478, 480, 481, 482, 484, 485, 486, 487, 488, 489, 490, 491, 492, 493, 495, 496, 498, 501, 502, 504, 505, 506, 508, 509, 510, 511, 512, 622, 686, 718, 742, 746, 749, 750, 752, 766, 814, 846, 870, 874, 877, 878, 880, 894, 910, 934, 938, 941, 942, 944, 958, 966, 970, 973, 974, 976, 990, 994, 997, 998, 1000, 1001, 1002, 1004, 1005, 1006, 1007, 1008, 1014, 1018, 1021, 1022, 1024]
x_495: [47, 79, 103, 107, 109, 111, 112, 127, 143, 167, 171, 173, 175, 176, 191, 199, 203, 205, 207, 208, 223, 227, 229, 231, 232, 233, 235, 236, 237, 238, 239, 240, 247, 251, 253, 255, 256, 271, 295, 299, 301, 303, 304, 319, 327, 331, 333, 335, 336, 351, 355, 357, 359, 360, 361, 363, 364, 365, 366, 367, 368, 375, 379, 381, 383, 384, 391, 395, 397, 399, 400, 415, 419, 421, 423, 424, 425, 427, 428, 429, 430, 431, 432, 439, 443, 445, 447, 448, 451, 453, 455, 456, 457, 459, 460, 461, 462, 463, 464, 471, 475, 477, 479, 480, 481, 483, 484, 485, 486, 487, 488, 489, 490, 491, 492, 493, 494, 496, 499, 501, 503, 504, 505, 507, 508, 509, 510, 511, 512, 623, 687, 719, 743, 747, 749, 751, 752, 767, 815, 847, 871, 875, 877, 879, 880, 895, 911, 935, 939, 941, 943, 944, 959, 967, 971, 973, 975, 976, 991, 995, 997, 999, 1000, 1001, 1003, 1004, 1005, 1006, 1007, 1008, 1015, 1019, 1021, 1023, 1024]
x_496: [48, 80, 104, 108, 110, 111, 112, 128, 144, 168, 172, 174, 175, 176, 192, 200, 204, 206, 207, 208, 224, 228, 230, 231, 232, 234, 235, 236, 237, 238, 239, 240, 248, 252, 254, 255, 256, 272, 296, 300, 302, 303, 304, 320, 328, 332, 334, 335, 336, 352, 356, 358, 359, 360, 362, 363, 364, 365, 366, 367, 368, 376, 380, 382, 383, 384, 392, 396, 398, 399, 400, 416, 420, 422, 423, 424, 426, 427, 428, 429, 430, 431, 432, 440, 444, 446, 447, 448, 452, 454, 455, 456, 458, 459, 460, 461, 462, 463, 464, 472, 476, 478, 479, 480, 482, 483, 484, 485, 486, 487, 488, 489, 490, 491, 492, 493, 494, 495, 500, 502, 503, 504, 506, 507, 508, 509, 510, 511, 512, 624, 688, 720, 744, 748, 750, 751, 752, 768, 816, 848, 872, 876, 878, 879, 880, 896, 912, 936, 940, 942, 943, 944, 960, 968, 972, 974, 975, 976, 992, 996, 998, 999, 1000, 1002, 1003, 1004, 1005, 1006, 1007, 1008, 1016, 1020, 1022, 1023, 1024]
x_497: [49, 81, 97, 113, 114, 115, 117, 121, 145, 161, 177, 178, 179, 181, 185, 193, 209, 210, 211, 213, 217, 225, 226, 227, 229, 233, 241, 242, 243, 244, 245, 246, 247, 249, 250, 251, 253, 273, 289, 305, 306, 307, 309, 313, 321, 337, 338, 339, 341, 345, 353, 354, 355, 357, 361, 369, 370, 371, 372, 373, 374, 375, 377, 378, 379, 381, 385, 401, 402, 403, 405, 409, 417, 418, 419, 421, 425, 433, 434, 435, 436, 437, 438, 439, 441, 442, 443, 445, 449, 450, 451, 453, 457, 465, 466, 467, 468, 469, 470, 471, 473, 474, 475, 477, 481, 482, 483, 484, 485, 486, 487, 489, 490, 491, 493, 498, 499, 500, 501, 502, 503, 504, 505, 506, 507, 508, 509, 510, 511, 625, 689, 721, 737, 753, 754, 755, 757, 761, 817, 849, 865, 881, 882, 883, 885, 889, 913, 929, 945, 946, 947, 949, 953, 961, 977, 978, 979, 981, 985, 993, 994, 995, 997, 1001, 1009, 1010, 1011, 1012, 1013, 1014, 1015, 1017, 1018, 1019, 1021]
x_498: [50, 82, 98, 113, 114, 116, 118, 122, 146, 162, 177, 178, 180, 182, 186, 194, 209, 210, 212, 214, 218, 225, 226, 228, 230, 234, 241, 242, 243, 244, 245, 246, 248, 249, 250, 252, 254, 274, 290, 305, 306, 308, 310, 314, 322, 337, 338, 340, 342, 346, 353, 354, 356, 358, 362, 369, 370, 371, 372, 373, 374, 376, 377, 378, 380, 382, 386, 401, 402, 404, 406, 410, 417, 418, 420, 422, 426, 433, 434, 435, 436, 437, 438, 440, 441, 442, 444, 446, 449, 450, 452, 454, 458, 465, 466, 467, 468, 469, 470, 472, 473, 474, 476, 478, 481, 482, 483, 484, 485, 486, 488, 489, 490, 492, 494, 497, 499, 500, 501, 502, 503, 504, 505, 506, 507, 508, 509, 510, 512, 626, 690, 722, 738, 753, 754, 756, 758, 762, 818, 850, 866, 881, 882, 884, 886, 890, 914, 930, 945, 946, 948, 950, 954, 962, 977, 978, 980, 982, 986, 993, 994, 996, 998, 1002, 1009, 1010, 1011, 1012, 1013, 1014, 1016, 1017, 1018, 1020, 1022]
x_499: [51, 83, 99, 113, 115, 116, 119, 123, 147, 163, 177, 179, 180, 183, 187, 195, 209, 211, 212, 215, 219, 225, 227, 228, 231, 235, 241, 242, 243, 244, 245, 247, 248, 249, 251, 252, 255, 275, 291, 305, 307, 308, 311, 315, 323, 337, 339, 340, 343, 347, 353, 355, 356, 359, 363, 369, 370, 371, 372, 373, 375, 376, 377, 379, 380, 383, 387, 401, 403, 404, 407, 411, 417, 419, 420, 423, 427, 433, 434, 435, 436, 437, 439, 440, 441, 443, 444, 447, 449, 451, 452, 455, 459, 465, 466, 467, 468, 469, 471, 472, 473, 475, 476, 479, 481, 482, 483, 484, 485, 487, 488, 489, 491, 492, 495, 497, 498, 500, 501, 502, 503, 504, 505, 506, 507, 508, 509, 511, 512, 627, 691, 723, 739, 753, 755, 756, 759, 763, 819, 851, 867, 881, 883, 884, 887, 891, 915, 931, 945, 947, 948, 951, 955, 963, 977, 979, 980, 983, 987, 993, 995, 996, 999, 1003, 1009, 1010, 1011, 1012, 1013, 1015, 1016, 1017, 1019, 1020, 1023]
x_500: [52, 84, 100, 114, 115, 116, 120, 124, 148, 164, 178, 179, 180, 184, 188, 196, 210, 211, 212, 216, 220, 226, 227, 228, 232, 236, 241, 242, 243, 244, 246, 247, 248, 250, 251, 252, 256, 276, 292, 306, 307, 308, 312, 316, 324, 338, 339, 340, 344, 348, 354, 355, 356, 360, 364, 369, 370, 371, 372, 374, 375, 376, 378, 379, 380, 384, 388, 402, 403, 404, 408, 412, 418, 419, 420, 424, 428, 433, 434, 435, 436, 438, 439, 440, 442, 443, 444, 448, 450, 451, 452, 456, 460, 465, 466, 467, 468, 470, 471, 472, 474, 475, 476, 480, 481, 482, 483, 484, 486, 487, 488, 490, 491, 492, 496, 497, 498, 499, 501, 502, 503, 504, 505, 506, 507, 508, 510, 511, 512, 628, 692, 724, 740, 754, 755, 756, 760, 764, 820, 852, 868, 882, 883, 884, 888, 892, 916, 932, 946, 947, 948, 952, 956, 964, 978, 979, 980, 984, 988, 994, 995, 996, 1000, 1004, 1009, 1010, 1011, 1012, 1014, 1015, 1016, 1018, 1019, 1020, 1024]
x_501: [53, 85, 101, 113, 117, 118, 119, 125, 149, 165, 177, 181, 182, 183, 189, 197, 209, 213, 214, 215, 221, 225, 229, 230, 231, 237, 241, 242, 243, 245, 246, 247, 248, 249, 253, 254, 255, 277, 293, 305, 309, 310, 311, 317, 325, 337, 341, 342, 343, 349, 353, 357, 358, 359, 365, 369, 370, 371, 373, 374, 375, 376, 377, 381, 382, 383, 389, 401, 405, 406, 407, 413, 417, 421, 422, 423, 429, 433, 434, 435, 437, 438, 439, 440, 441, 445, 446, 447, 449, 453, 454, 455, 461, 465, 466, 467, 469, 470, 471, 472, 473, 477, 478, 479, 481, 482, 483, 485, 486, 487, 488, 489, 493, 494, 495, 497, 498, 499, 500, 502, 503, 504, 505, 506, 507, 509, 510, 511, 512, 629, 693, 725, 741, 753, 757, 758, 759, 765, 821, 853, 869, 881, 885, 886, 887, 893, 917, 933, 945, 949, 950, 951, 957, 965, 977, 981, 982, 983, 989, 993, 997, 998, 999, 1005, 1009, 1010, 1011, 1013, 1014, 1015, 1016, 1017, 1021, 1022, 1023]
x_502: [54, 86, 102, 114, 117, 118, 120, 126, 150, 166, 178, 181, 182, 184, 190, 198, 210, 213, 214, 216, 222, 226, 229, 230, 232, 238, 241, 242, 244, 245, 246, 247, 248, 250, 253, 254, 256, 278, 294, 306, 309, 310, 312, 318, 326, 338, 341, 342, 344, 350, 354, 357, 358, 360, 366, 369, 370, 372, 373, 374, 375, 376, 378, 381, 382, 384, 390, 402, 405, 406, 408, 414, 418, 421, 422, 424, 430, 433, 434, 436, 437, 438, 439, 440, 442, 445, 446, 448, 450, 453, 454, 456, 462, 465, 466, 468, 469, 470, 471, 472, 474, 477, 478, 480, 481, 482, 484, 485, 486, 487, 488, 490, 493, 494, 496, 497, 498, 499, 500, 501, 503, 504, 505, 506, 508, 509, 510, 511, 512, 630, 694, 726, 742, 754, 757, 758, 760, 766, 822, 854, 870, 882, 885, 886, 888, 894, 918, 934, 946, 949, 950, 952, 958, 966, 978, 981, 982, 984, 990, 994, 997, 998, 1000, 1006, 1009, 1010, 1012, 1013, 1014, 1015, 1016, 1018, 1021, 1022, 1024]
x_503: [55, 87, 103, 115, 117, 119, 120, 127, 151, 167, 179, 181, 183, 184, 191, 199, 211, 213, 215, 216, 223, 227, 229, 231, 232, 239, 241, 243, 244, 245, 246, 247, 248, 251, 253, 255, 256, 279, 295, 307, 309, 311, 312, 319, 327, 339, 341, 343, 344, 351, 355, 357, 359, 360, 367, 369, 371, 372, 373, 374, 375, 376, 379, 381, 383, 384, 391, 403, 405, 407, 408, 415, 419, 421, 423, 424, 431, 433, 435, 436, 437, 438, 439, 440, 443, 445, 447, 448, 451, 453, 455, 456, 463, 465, 467, 468, 469, 470, 471, 472, 475, 477, 479, 480, 481, 483, 484, 485, 486, 487, 488, 491, 493, 495, 496, 497, 498, 499, 500, 501, 502, 504, 505, 507, 508, 509, 510, 511, 512, 631, 695, 727, 743, 755, 757, 759, 760, 767, 823, 855, 871, 883, 885, 887, 888, 895, 919, 935, 947, 949, 951, 952, 959, 967, 979, 981, 983, 984, 991, 995, 997, 999, 1000, 1007, 1009, 1011, 1012, 1013, 1014, 1015, 1016, 1019, 1021, 1023, 1024]
x_504: [56, 88, 104, 116, 118, 119, 120, 128, 152, 168, 180, 182, 183, 184, 192, 200, 212, 214, 215, 216, 224, 228, 230, 231, 232, 240, 242, 243, 244, 245, 246, 247, 248, 252, 254, 255, 256, 280, 296, 308, 310, 311, 312, 320, 328, 340, 342, 343, 344, 352, 356, 358, 359, 360, 368, 370, 371, 372, 373, 374, 375, 376, 380, 382, 383, 384, 392, 404, 406, 407, 408, 416, 420, 422, 423, 424, 432, 434, 435, 436, 437, 438, 439, 440, 444, 446, 447, 448, 452, 454, 455, 456, 464, 466, 467, 468, 469, 470, 471, 472, 476, 478, 479, 480, 482, 483, 484, 485, 486, 487, 488, 492, 494, 495, 496, 497, 498, 499, 500, 501, 502, 503, 506, 507, 508, 509, 510, 511, 512, 632, 696, 728, 744, 756, 758, 759, 760, 768, 824, 856, 872, 884, 886, 887, 888, 896, 920, 936, 948, 950, 951, 952, 960, 968, 980, 982, 983, 984, 992, 996, 998, 999, 1000, 1008, 1010, 1011, 1012, 1013, 1014, 1015, 1016, 1020, 1022, 1023, 1024]
x_505: [57, 89, 105, 113, 121, 122, 123, 125, 153, 169, 177, 185, 186, 187, 189, 201, 209, 217, 218, 219, 221, 225, 233, 234, 235, 237, 241, 242, 243, 245, 249, 250, 251, 252, 253, 254, 255, 281, 297, 305, 313, 314, 315, 317, 329, 337, 345, 346, 347, 349, 353, 361, 362, 363, 365, 369, 370, 371, 373, 377, 378, 379, 380, 381, 382, 383, 393, 401, 409, 410, 411, 413, 417, 425, 426, 427, 429, 433, 434, 435, 437, 441, 442, 443, 444, 445, 446, 447, 449, 457, 458, 459, 461, 465, 466, 467, 469, 473, 474, 475, 476, 477, 478, 479, 481, 482, 483, 485, 489, 490, 491, 492, 493, 494, 495, 497, 498, 499, 500, 501, 502, 503, 506, 507, 508, 509, 510, 511, 512, 633, 697, 729, 745, 753, 761, 762, 763, 765, 825, 857, 873, 881, 889, 890, 891, 893, 921, 937, 945, 953, 954, 955, 957, 969, 977, 985, 986, 987, 989, 993, 1001, 1002, 1003, 1005, 1009, 1010, 1011, 1013, 1017, 1018, 1019, 1020, 1021, 1022, 1023]
x_506: [58, 90, 106, 114, 121, 122, 124, 126, 154, 170, 178, 185, 186, 188, 190, 202, 210, 217, 218, 220, 222, 226, 233, 234, 236, 238, 241, 242, 244, 246, 249, 250, 251, 252, 253, 254, 256, 282, 298, 306, 313, 314, 316, 318, 330, 338, 345, 346, 348, 350, 354, 361, 362, 364, 366, 369, 370, 372, 374, 377, 378, 379, 380, 381, 382, 384, 394, 402, 409, 410, 412, 414, 418, 425, 426, 428, 430, 433, 434, 436, 438, 441, 442, 443, 444, 445, 446, 448, 450, 457, 458, 460, 462, 465, 466, 468, 470, 473, 474, 475, 476, 477, 478, 480, 481, 482, 484, 486, 489, 490, 491, 492, 493, 494, 496, 497, 498, 499, 500, 501, 502, 504, 505, 507, 508, 509, 510, 511, 512, 634, 698, 730, 746, 754, 761, 762, 764, 766, 826, 858, 874, 882, 889, 890, 892, 894, 922, 938, 946, 953, 954, 956, 958, 970, 978, 985, 986, 988, 990, 994, 1001, 1002, 1004, 1006, 1009, 1010, 1012, 1014, 1017, 1018, 1019, 1020, 1021, 1022, 1024]
x_507: [59, 91, 107, 115, 121, 123, 124, 127, 155, 171, 179, 185, 187, 188, 191, 203, 211, 217, 219, 220, 223, 227, 233, 235, 236, 239, 241, 243, 244, 247, 249, 250, 251, 252, 253, 255, 256, 283, 299, 307, 313, 315, 316, 319, 331, 339, 345, 347, 348, 351, 355, 361, 363, 364, 367, 369, 371, 372, 375, 377, 378, 379, 380, 381, 383, 384, 395, 403, 409, 411, 412, 415, 419, 425, 427, 428, 431, 433, 435, 436, 439, 441, 442, 443, 444, 445, 447, 448, 451, 457, 459, 460, 463, 465, 467, 468, 471, 473, 474, 475, 476, 477, 479, 480, 481, 483, 484, 487, 489, 490, 491, 492, 493, 495, 496, 497, 498, 499, 500, 501, 503, 504, 505, 506, 508, 509, 510, 511, 512, 635, 699, 731, 747, 755, 761, 763, 764, 767, 827, 859, 875, 883, 889, 891, 892, 895, 923, 939, 947, 953, 955, 956, 959, 971, 979, 985, 987, 988, 991, 995, 1001, 1003, 1004, 1007, 1009, 1011, 1012, 1015, 1017, 1018, 1019, 1020, 1021, 1023, 1024]
x_508: [60, 92, 108, 116, 122, 123, 124, 128, 156, 172, 180, 186, 187, 188, 192, 204, 212, 218, 219, 220, 224, 228, 234, 235, 236, 240, 242, 243, 244, 248, 249, 250, 251, 252, 254, 255, 256, 284, 300, 308, 314, 315, 316, 320, 332, 340, 346, 347, 348, 352, 356, 362, 363, 364, 368, 370, 371, 372, 376, 377, 378, 379, 380, 382, 383, 384, 396, 404, 410, 411, 412, 416, 420, 426, 427, 428, 432, 434, 435, 436, 440, 441, 442, 443, 444, 446, 447, 448, 452, 458, 459, 460, 464, 466, 467, 468, 472, 473, 474, 475, 476, 478, 479, 480, 482, 483, 484, 488, 489, 490, 491, 492, 494, 495, 496, 497, 498, 499, 500, 502, 503, 504, 505, 506, 507, 509, 510, 511, 512, 636, 700, 732, 748, 756, 762, 763, 764, 768, 828, 860, 876, 884, 890, 891, 892, 896, 924, 940, 948, 954, 955, 956, 960, 972, 980, 986, 987, 988, 992, 996, 1002, 1003, 1004, 1008, 1010, 1011, 1012, 1016, 1017, 1018, 1019, 1020, 1022, 1023, 1024]
x_509: [61, 93, 109, 117, 121, 125, 126, 127, 157, 173, 181, 185, 189, 190, 191, 205, 213, 217, 221, 222, 223, 229, 233, 237, 238, 239, 241, 245, 246, 247, 249, 250, 251, 253, 254, 255, 256, 285, 301, 309, 313, 317, 318, 319, 333, 341, 345, 349, 350, 351, 357, 361, 365, 366, 367, 369, 373, 374, 375, 377, 378, 379, 381, 382, 383, 384, 397, 405, 409, 413, 414, 415, 421, 425, 429, 430, 431, 433, 437, 438, 439, 441, 442, 443, 445, 446, 447, 448, 453, 457, 461, 462, 463, 465, 469, 470, 471, 473, 474, 475, 477, 478, 479, 480, 481, 485, 486, 487, 489, 490, 491, 493, 494, 495, 496, 497, 498, 499, 501, 502, 503, 504, 505, 506, 507, 508, 510, 511, 512, 637, 701, 733, 749, 757, 761, 765, 766, 767, 829, 861, 877, 885, 889, 893, 894, 895, 925, 941, 949, 953, 957, 958, 959, 973, 981, 985, 989, 990, 991, 997, 1001, 1005, 1006, 1007, 1009, 1013, 1014, 1015, 1017, 1018, 1019, 1021, 1022, 1023, 1024]
x_510: [62, 94, 110, 118, 122, 125, 126, 128, 158, 174, 182, 186, 189, 190, 192, 206, 214, 218, 221, 222, 224, 230, 234, 237, 238, 240, 242, 245, 246, 248, 249, 250, 252, 253, 254, 255, 256, 286, 302, 310, 314, 317, 318, 320, 334, 342, 346, 349, 350, 352, 358, 362, 365, 366, 368, 370, 373, 374, 376, 377, 378, 380, 381, 382, 383, 384, 398, 406, 410, 413, 414, 416, 422, 426, 429, 430, 432, 434, 437, 438, 440, 441, 442, 444, 445, 446, 447, 448, 454, 458, 461, 462, 464, 466, 469, 470, 472, 473, 474, 476, 477, 478, 479, 480, 482, 485, 486, 488, 489, 490, 492, 493, 494, 495, 496, 497, 498, 500, 501, 502, 503, 504, 505, 506, 507, 508, 509, 511, 512, 638, 702, 734, 750, 758, 762, 765, 766, 768, 830, 862, 878, 886, 890, 893, 894, 896, 926, 942, 950, 954, 957, 958, 960, 974, 982, 986, 989, 990, 992, 998, 1002, 1005, 1006, 1008, 1010, 1013, 1014, 1016, 1017, 1018, 1020, 1021, 1022, 1023, 1024]
x_511: [63, 95, 111, 119, 123, 125, 127, 128, 159, 175, 183, 187, 189, 191, 192, 207, 215, 219, 221, 223, 224, 231, 235, 237, 239, 240, 243, 245, 247, 248, 249, 251, 252, 253, 254, 255, 256, 287, 303, 311, 315, 317, 319, 320, 335, 343, 347, 349, 351, 352, 359, 363, 365, 367, 368, 371, 373, 375, 376, 377, 379, 380, 381, 382, 383, 384, 399, 407, 411, 413, 415, 416, 423, 427, 429, 431, 432, 435, 437, 439, 440, 441, 443, 444, 445, 446, 447, 448, 455, 459, 461, 463, 464, 467, 469, 471, 472, 473, 475, 476, 477, 478, 479, 480, 483, 485, 487, 488, 489, 491, 492, 493, 494, 495, 496, 497, 499, 500, 501, 502, 503, 504, 505, 506, 507, 508, 509, 510, 512, 639, 703, 735, 751, 759, 763, 765, 767, 768, 831, 863, 879, 887, 891, 893, 895, 896, 927, 943, 951, 955, 957, 959, 960, 975, 983, 987, 989, 991, 992, 999, 1003, 1005, 1007, 1008, 1011, 1013, 1015, 1016, 1017, 1019, 1020, 1021, 1022, 1023, 1024]
x_512: [64, 96, 112, 120, 124, 126, 127, 128, 160, 176, 184, 188, 190, 191, 192, 208, 216, 220, 222, 223, 224, 232, 236, 238, 239, 240, 244, 246, 247, 248, 250, 251, 252, 253, 254, 255, 256, 288, 304, 312, 316, 318, 319, 320, 336, 344, 348, 350, 351, 352, 360, 364, 366, 367, 368, 372, 374, 375, 376, 378, 379, 380, 381, 382, 383, 384, 400, 408, 412, 414, 415, 416, 424, 428, 430, 431, 432, 436, 438, 439, 440, 442, 443, 444, 445, 446, 447, 448, 456, 460, 462, 463, 464, 468, 470, 471, 472, 474, 475, 476, 477, 478, 479, 480, 484, 486, 487, 488, 490, 491, 492, 493, 494, 495, 496, 498, 499, 500, 501, 502, 503, 504, 505, 506, 507, 508, 509, 510, 511, 640, 704, 736, 752, 760, 764, 766, 767, 768, 832, 864, 880, 888, 892, 894, 895, 896, 928, 944, 952, 956, 958, 959, 960, 976, 984, 988, 990, 991, 992, 1000, 1004, 1006, 1007, 1008, 1012, 1014, 1015, 1016, 1018, 1019, 1020, 1021, 1022, 1023, 1024]
x_513: [1, 2, 3, 4, 5, 6, 7, 9, 10, 11, 13, 17, 18, 19, 21, 25, 33, 34, 35, 37, 41, 49, 65, 66, 67, 69, 73, 81, 97, 129, 130, 131, 133, 137, 145, 161, 193, 257, 258, 259, 261, 265, 273, 289, 321, 385, 514, 515, 516, 517, 518, 519, 520, 521, 522, 523, 524, 525, 526, 527, 529, 530, 531, 532, 533, 534, 535, 537, 538, 539, 541, 545, 546, 547, 548, 549, 550, 551, 553, 554, 555, 557, 561, 562, 563, 565, 569, 577, 578, 579, 580, 581, 582, 583, 585, 586, 587, 589, 593, 594, 595, 597, 601, 609, 610, 611, 613, 617, 625, 641, 642, 643, 644, 645, 646, 647, 649, 650, 651, 653, 657, 658, 659, 661, 665, 673, 674, 675, 677, 681, 689, 705, 706, 707, 709, 713, 721, 737, 769, 770, 771, 772, 773, 774, 775, 777, 778, 779, 781, 785, 786, 787, 789, 793, 801, 802, 803, 805, 809, 817, 833, 834, 835, 837, 841, 849, 865, 897, 898, 899, 901, 905, 913, 929, 961]
x_514: [1, 2, 3, 4, 5, 6, 8, 9, 10, 12, 14, 17, 18, 20, 22, 26, 33, 34, 36, 38, 42, 50, 65, 66, 68, 70, 74, 82, 98, 129, 130, 132, 134, 138, 146, 162, 194, 257, 258, 260, 262, 266, 274, 290, 322, 386, 513, 515, 516, 517, 518, 519, 520, 521, 522, 523, 524, 525, 526, 528, 529, 530, 531, 532, 533, 534, 536, 537, 538, 540, 542, 545, 546, 547, 548, 549, 550, 552, 553, 554, 556, 558, 561, 562, 564, 566, 570, 577, 578, 579, 580, 581, 582, 584, 585, 586, 588, 590, 593, 594, 596, 598, 602, 609, 610, 612, 614, 618, 626, 641, 642, 643, 644, 645, 646, 648, 649, 650, 652, 654, 657, 658, 660, 662, 666, 673, 674, 676, 678, 682, 690, 705, 706, 708, 710, 714, 722, 738, 769, 770, 771, 772, 773, 774, 776, 777, 778, 780, 782, 785, 786, 788, 790, 794, 801, 802, 804, 806, 810, 818, 833, 834, 836, 838, 842, 850, 866, 897, 898, 900, 902, 906, 914, 930, 962]
x_515: [1, 2, 3, 4, 5, 7, 8, 9, 11, 12, 15, 17, 19, 20, 23, 27, 33, 35, 36, 39, 43, 51, 65, 67, 68, 71, 75, 83, 99, 129, 131, 132, 135, 139, 147, 163, 195, 257, 259, 260, 263, 267, 275, 291, 323, 387, 513, 514, 516, 517, 518, 519, 520, 521, 522, 523, 524, 525, 527, 528, 529, 530, 531, 532, 533, 535, 536, 537, 539, 540, 543, 545, 546, 547, 548, 549, 551, 552, 553, 555, 556, 559, 561, 563, 564, 567, 571, 577, 578, 579, 580, 581, 583, 584, 585, 587, 588, 591, 593, 595, 596, 599, 603, 609, 611, 612, 615, 619, 627, 641, 642, 643, 644, 645, 647, 648, 649, 651, 652, 655, 657, 659, 660, 663, 667, 673, 675, 676, 679, 683, 691, 705, 707, 708, 711, 715, 723, 739, 769, 770, 771, 772, 773, 775, 776, 777, 779, 780, 783, 785, 787, 788, 791, 795, 801, 803, 804, 807, 811, 819, 833, 835, 836, 839, 843, 851, 867, 897, 899, 900, 903, 907, 915, 931, 963]
x_516: [1, 2, 3, 4, 6, 7, 8, 10, 11, 12, 16, 18, 19, 20, 24, 28, 34, 35, 36, 40, 44, 52, 66, 67, 68, 72, 76, 84, 100, 130, 131, 132, 136, 140, 148, 164, 196, 258, 259, 260, 264, 268, 276, 292, 324, 388, 513, 514, 515, 517, 518, 519, 520, 521, 522, 523, 524, 526, 527, 528, 529, 530, 531, 532, 534, 535, 536, 538, 539, 540, 544, 545, 546, 547, 548, 550, 551, 552, 554, 555, 556, 560, 562, 563, 564, 568, 572, 577, 578, 579, 580, 582, 583, 584, 586, 587, 588, 592, 594, 595, 596, 600, 604, 610, 611, 612, 616, 620, 628, 641, 642, 643, 644, 646, 647, 648, 650, 651, 652, 656, 658, 659, 660, 664, 668, 674, 675, 676, 680, 684, 692, 706, 707, 708, 712, 716, 724, 740, 769, 770, 771, 772, 774, 775, 776, 778, 779, 780, 784, 786, 787, 788, 792, 796, 802, 803, 804, 808, 812, 820, 834, 835, 836, 840, 844, 852, 868, 898, 899, 900, 904, 908, 916, 932, 964]
x_517: [1, 2, 3, 5, 6, 7, 8, 9, 13, 14, 15, 17, 21, 22, 23, 29, 33, 37, 38, 39, 45, 53, 65, 69, 70, 71, 77, 85, 101, 129, 133, 134, 135, 141, 149, 165, 197, 257, 261, 262, 263, 269, 277, 293, 325, 389, 513, 514, 515, 516, 518, 519, 520, 521, 522, 523, 525, 526, 527, 528, 529, 530, 531, 533, 534, 535, 536, 537, 541, 542, 543, 545, 546, 547, 549, 550, 551, 552, 553, 557, 558, 559, 561, 565, 566, 567, 573, 577, 578, 579, 581, 582, 583, 584, 585, 589, 590, 591, 593, 597, 598, 599, 605, 609, 613, 614, 615, 621, 629, 641, 642, 643, 645, 646, 647, 648, 649, 653, 654, 655, 657, 661, 662, 663, 669, 673, 677, 678, 679, 685, 693, 705, 709, 710, 711, 717, 725, 741, 769, 770, 771, 773, 774, 775, 776, 777, 781, 782, 783, 785, 789, 790, 791, 797, 801, 805, 806, 807, 813, 821, 833, 837, 838, 839, 845, 853, 869, 897, 901, 902, 903, 909, 917, 933, 965]
x_518: [1, 2, 4, 5, 6, 7, 8, 10, 13, 14, 16, 18, 21, 22, 24, 30, 34, 37, 38, 40, 46, 54, 66, 69, 70, 72, 78, 86, 102, 130, 133, 134, 136, 142, 150, 166, 198, 258, 261, 262, 264, 270, 278, 294, 326, 390, 513, 514, 515, 516, 517, 519, 520, 521, 522, 524, 525, 526, 527, 528, 529, 530, 532, 533, 534, 535, 536, 538, 541, 542, 544, 545, 546, 548, 549, 550, 551, 552, 554, 557, 558, 560, 562, 565, 566, 568, 574, 577, 578, 580, 581, 582, 583, 584, 586, 589, 590, 592, 594, 597, 598, 600, 606, 610, 613, 614, 616, 622, 630, 641, 642, 644, 645, 646, 647, 648, 650, 653, 654, 656, 658, 661, 662, 664, 670, 674, 677, 678, 680, 686, 694, 706, 709, 710, 712, 718, 726, 742, 769, 770, 772, 773, 774, 775, 776, 778, 781, 782, 784, 786, 789, 790, 792, 798, 802, 805, 806, 808, 814, 822, 834, 837, 838, 840, 846, 854, 870, 898, 901, 902, 904, 910, 918, 934, 966]
x_519: [1, 3, 4, 5, 6, 7, 8, 11, 13, 15, 16, 19, 21, 23, 24, 31, 35, 37, 39, 40, 47, 55, 67, 69, 71, 72, 79, 87, 103, 131, 133, 135, 136, 143, 151, 167, 199, 259, 261, 263, 264, 271, 279, 295, 327, 391, 513, 514, 515, 516, 517, 518, 520, 521, 523, 524, 525, 526, 527, 528, 529, 531, 532, 533, 534, 535, 536, 539, 541, 543, 544, 545, 547, 548, 549, 550, 551, 552, 555, 557, 559, 560, 563, 565, 567, 568, 575, 577, 579, 580, 581, 582, 583, 584, 587, 589, 591, 592, 595, 597, 599, 600, 607, 611, 613, 615, 616, 623, 631, 641, 643, 644, 645, 646, 647, 648, 651, 653, 655, 656, 659, 661, 663, 664, 671, 675, 677, 679, 680, 687, 695, 707, 709, 711, 712, 719, 727, 743, 769, 771, 772, 773, 774, 775, 776, 779, 781, 783, 784, 787, 789, 791, 792, 799, 803, 805, 807, 808, 815, 823, 835, 837, 839, 840, 847, 855, 871, 899, 901, 903, 904, 911, 919, 935, 967]
x_520: [2, 3, 4, 5, 6, 7, 8, 12, 14, 15, 16, 20, 22, 23, 24, 32, 36, 38, 39, 40, 48, 56, 68, 70, 71, 72, 80, 88, 104, 132, 134, 135, 136, 144, 152, 168, 200, 260, 262, 263, 264, 272, 280, 296, 328, 392, 513, 514, 515, 516, 517, 518, 519, 522, 523, 524, 525, 526, 527, 528, 530, 531, 532, 533, 534, 535, 536, 540, 542, 543, 544, 546, 547, 548, 549, 550, 551, 552, 556, 558, 559, 560, 564, 566, 567, 568, 576, 578, 579, 580, 581, 582, 583, 584, 588, 590, 591, 592, 596, 598, 599, 600, 608, 612, 614, 615, 616, 624, 632, 642, 643, 644, 645, 646, 647, 648, 652, 654, 655, 656, 660, 662, 663, 664, 672, 676, 678, 679, 680, 688, 696, 708, 710, 711, 712, 720, 728, 744, 770, 771, 772, 773, 774, 775, 776, 780, 782, 783, 784, 788, 790, 791, 792, 800, 804, 806, 807, 808, 816, 824, 836, 838, 839, 840, 848, 856, 872, 900, 902, 903, 904, 912, 920, 936, 968]
x_521: [1, 2, 3, 5, 9, 10, 11, 12, 13, 14, 15, 17, 25, 26, 27, 29, 33, 41, 42, 43, 45, 57, 65, 73, 74, 75, 77, 89, 105, 129, 137, 138, 139, 141, 153, 169, 201, 257, 265, 266, 267, 269, 281, 297, 329, 393, 513, 514, 515, 516, 517, 518, 519, 522, 523, 524, 525, 526, 527, 528, 529, 530, 531, 533, 537, 538, 539, 540, 541, 542, 543, 545, 546, 547, 549, 553, 554, 555, 556, 557, 558, 559, 561, 569, 570, 571, 573, 577, 578, 579, 581, 585, 586, 587, 588, 589, 590, 591, 593, 601, 602, 603, 605, 609, 617, 618, 619, 621, 633, 641, 642, 643, 645, 649, 650, 651, 652, 653, 654, 655, 657, 665, 666, 667, 669, 673, 681, 682, 683, 685, 697, 705, 713, 714, 715, 717, 729, 745, 769, 770, 771, 773, 777, 778, 779, 780, 781, 782, 783, 785, 793, 794, 795, 797, 801, 809, 810, 811, 813, 825, 833, 841, 842, 843, 845, 857, 873, 897, 905, 906, 907, 909, 921, 937, 969]
x_522: [1, 2, 4, 6, 9, 10, 11, 12, 13, 14, 16, 18, 25, 26, 28, 30, 34, 41, 42, 44, 46, 58, 66, 73, 74, 76, 78, 90, 106, 130, 137, 138, 140, 142, 154, 170, 202, 258, 265, 266, 268, 270, 282, 298, 330, 394, 513, 514, 515, 516, 517, 518, 520, 521, 523, 524, 525, 526, 527, 528, 529, 530, 532, 534, 537, 538, 539, 540, 541, 542, 544, 545, 546, 548, 550, 553, 554, 555, 556, 557, 558, 560, 562, 569, 570, 572, 574, 577, 578, 580, 582, 585, 586, 587, 588, 589, 590, 592, 594, 601, 602, 604, 606, 610, 617, 618, 620, 622, 634, 641, 642, 644, 646, 649, 650, 651, 652, 653, 654, 656, 658, 665, 666, 668, 670, 674, 681, 682, 684, 686, 698, 706, 713, 714, 716, 718, 730, 746, 769, 770, 772, 774, 777, 778, 779, 780, 781, 782, 784, 786, 793, 794, 796, 798, 802, 809, 810, 812, 814, 826, 834, 841, 842, 844, 846, 858, 874, 898, 905, 906, 908, 910, 922, 938, 970]
x_523: [1, 3, 4, 7, 9, 10, 11, 12, 13, 15, 16, 19, 25, 27, 28, 31, 35, 41, 43, 44, 47, 59, 67, 73, 75, 76, 79, 91, 107, 131, 137, 139, 140, 143, 155, 171, 203, 259, 265, 267, 268, 271, 283, 299, 331, 395, 513, 514, 515, 516, 517, 519, 520, 521, 522, 524, 525, 526, 527, 528, 529, 531, 532, 535, 537, 538, 539, 540, 541, 543, 544, 545, 547, 548, 551, 553, 554, 555, 556, 557, 559, 560, 563, 569, 571, 572, 575, 577, 579, 580, 583, 585, 586, 587, 588, 589, 591, 592, 595, 601, 603, 604, 607, 611, 617, 619, 620, 623, 635, 641, 643, 644, 647, 649, 650, 651, 652, 653, 655, 656, 659, 665, 667, 668, 671, 675, 681, 683, 684, 687, 699, 707, 713, 715, 716, 719, 731, 747, 769, 771, 772, 775, 777, 778, 779, 780, 781, 783, 784, 787, 793, 795, 796, 799, 803, 809, 811, 812, 815, 827, 835, 841, 843, 844, 847, 859, 875, 899, 905, 907, 908, 911, 923, 939, 971]
x_524: [2, 3, 4, 8, 9, 10, 11, 12, 14, 15, 16, 20, 26, 27, 28, 32, 36, 42, 43, 44, 48, 60, 68, 74, 75, 76, 80, 92, 108, 132, 138, 139, 140, 144, 156, 172, 204, 260, 266, 267, 268, 272, 284, 300, 332, 396, 513, 514, 515, 516, 518, 519, 520, 521, 522, 523, 525, 526, 527, 528, 530, 531, 532, 536, 537, 538, 539, 540, 542, 543, 544, 546, 547, 548, 552, 553, 554, 555, 556, 558, 559, 560, 564, 570, 571, 572, 576, 578, 579, 580, 584, 585, 586, 587, 588, 590, 591, 592, 596, 602, 603, 604, 608, 612, 618, 619, 620, 624, 636, 642, 643, 644, 648, 649, 650, 651, 652, 654, 655, 656, 660, 666, 667, 668, 672, 676, 682, 683, 684, 688, 700, 708, 714, 715, 716, 720, 732, 748, 770, 771, 772, 776, 777, 778, 779, 780, 782, 783, 784, 788, 794, 795, 796, 800, 804, 810, 811, 812, 816, 828, 836, 842, 843, 844, 848, 860, 876, 900, 906, 907, 908, 912, 924, 940, 972]
x_525: [1, 5, 6, 7, 9, 10, 11, 13, 14, 15, 16, 21, 25, 29, 30, 31, 37, 41, 45, 46, 47, 61, 69, 73, 77, 78, 79, 93, 109, 133, 137, 141, 142, 143, 157, 173, 205, 261, 265, 269, 270, 271, 285, 301, 333, 397, 513, 514, 515, 517, 518, 519, 520, 521, 522, 523, 524, 526, 527, 528, 529, 533, 534, 535, 537, 538, 539, 541, 542, 543, 544, 545, 549, 550, 551, 553, 554, 555, 557, 558, 559, 560, 565, 569, 573, 574, 575, 577, 581, 582, 583, 585, 586, 587, 589, 590, 591, 592, 597, 601, 605, 606, 607, 613, 617, 621, 622, 623, 637, 641, 645, 646, 647, 649, 650, 651, 653, 654, 655, 656, 661, 665, 669, 670, 671, 677, 681, 685, 686, 687, 701, 709, 713, 717, 718, 719, 733, 749, 769, 773, 774, 775, 777, 778, 779, 781, 782, 783, 784, 789, 793, 797, 798, 799, 805, 809, 813, 814, 815, 829, 837, 841, 845, 846, 847, 861, 877, 901, 905, 909, 910, 911, 925, 941, 973]
x_526: [2, 5, 6, 8, 9, 10, 12, 13, 14, 15, 16, 22, 26, 29, 30, 32, 38, 42, 45, 46, 48, 62, 70, 74, 77, 78, 80, 94, 110, 134, 138, 141, 142, 144, 158, 174, 206, 262, 266, 269, 270, 272, 286, 302, 334, 398, 513, 514, 516, 517, 518, 519, 520, 521, 522, 523, 524, 525, 527, 528, 530, 533, 534, 536, 537, 538, 540, 541, 542, 543, 544, 546, 549, 550, 552, 553, 554, 556, 557, 558, 559, 560, 566, 570, 573, 574, 576, 578, 581, 582, 584, 585, 586, 588, 589, 590, 591, 592, 598, 602, 605, 606, 608, 614, 618, 621, 622, 624, 638, 642, 645, 646, 648, 649, 650, 652, 653, 654, 655, 656, 662, 666, 669, 670, 672, 678, 682, 685, 686, 688, 702, 710, 714, 717, 718, 720, 734, 750, 770, 773, 774, 776, 777, 778, 780, 781, 782, 783, 784, 790, 794, 797, 798, 800, 806, 810, 813, 814, 816, 830, 838, 842, 845, 846, 848, 862, 878, 902, 906, 909, 910, 912, 926, 942, 974]
x_527: [3, 5, 7, 8, 9, 11, 12, 13, 14, 15, 16, 23, 27, 29, 31, 32, 39, 43, 45, 47, 48, 63, 71, 75, 77, 79, 80, 95, 111, 135, 139, 141, 143, 144, 159, 175, 207, 263, 267, 269, 271, 272, 287, 303, 335, 399, 513, 515, 516, 517, 518, 519, 520, 521, 522, 523, 524, 525, 526, 528, 531, 533, 535, 536, 537, 539, 540, 541, 542, 543, 544, 547, 549, 551, 552, 553, 555, 556, 557, 558, 559, 560, 567, 571, 573, 575, 576, 579, 581, 583, 584, 585, 587, 588, 589, 590, 591, 592, 599, 603, 605, 607, 608, 615, 619, 621, 623, 624, 639, 643, 645, 647, 648, 649, 651, 652, 653, 654, 655, 656, 663, 667, 669, 671, 672, 679, 683, 685, 687, 688, 703, 711, 715, 717, 719, 720, 735, 751, 771, 773, 775, 776, 777, 779, 780, 781, 782, 783, 784, 791, 795, 797, 799, 800, 807, 811, 813, 815, 816, 831, 839, 843, 845, 847, 848, 863, 879, 903, 907, 909, 911, 912, 927, 943, 975]
x_528: [4, 6, 7, 8, 10, 11, 12, 13, 14, 15, 16, 24, 28, 30, 31, 32, 40, 44, 46, 47, 48, 64, 72, 76, 78, 79, 80, 96, 112, 136, 140, 142, 143, 144, 160, 176, 208, 264, 268, 270, 271, 272, 288, 304, 336, 400, 514, 515, 516, 517, 518, 519, 520, 521, 522, 523, 524, 525, 526, 527, 532, 534, 535, 536, 538, 539, 540, 541, 542, 543, 544, 548, 550, 551, 552, 554, 555, 556, 557, 558, 559, 560, 568, 572, 574, 575, 576, 580, 582, 583, 584, 586, 587, 588, 589, 590, 591, 592, 600, 604, 606, 607, 608, 616, 620, 622, 623, 624, 640, 644, 646, 647, 648, 650, 651, 652, 653, 654, 655, 656, 664, 668, 670, 671, 672, 680, 684, 686, 687, 688, 704, 712, 716, 718, 719, 720, 736, 752, 772, 774, 775, 776, 778, 779, 780, 781, 782, 783, 784, 792, 796, 798, 799, 800, 808, 812, 814, 815, 816, 832, 840, 844, 846, 847, 848, 864, 880, 904, 908, 910, 911, 912, 928, 944, 976]
x_529: [1, 2, 3, 5, 9, 17, 18, 19, 20, 21, 22, 23, 25, 26, 27, 29, 33, 49, 50, 51, 53, 57, 65, 81, 82, 83, 85, 89, 113, 129, 145, 146, 147, 149, 153, 177, 209, 257, 273, 274, 275, 277, 281, 305, 337, 401, 513, 514, 515, 516, 517, 518, 519, 521, 522, 523, 525, 530, 531, 532, 533, 534, 535, 536, 537, 538, 539, 540, 541, 542, 543, 545, 546, 547, 549, 553, 561, 562, 563, 564, 565, 566, 567, 569, 570, 571, 573, 577, 578, 579, 581, 585, 593, 594, 595, 596, 597, 598, 599, 601, 602, 603, 605, 609, 625, 626, 627, 629, 633, 641, 642, 643, 645, 649, 657, 658, 659, 660, 661, 662, 663, 665, 666, 667, 669, 673, 689, 690, 691, 693, 697, 705, 721, 722, 723, 725, 729, 753, 769, 770, 771, 773, 777, 785, 786, 787, 788, 789, 790, 791, 793, 794, 795, 797, 801, 817, 818, 819, 821, 825, 833, 849, 850, 851, 853, 857, 881, 897, 913, 914, 915, 917, 921, 945, 977]
x_530: [1, 2, 4, 6, 10, 17, 18, 19, 20, 21, 22, 24, 25, 26, 28, 30, 34, 49, 50, 52, 54, 58, 66, 81, 82, 84, 86, 90, 114, 130, 145, 146, 148, 150, 154, 178, 210, 258, 273, 274, 276, 278, 282, 306, 338, 402, 513, 514, 515, 516, 517, 518, 520, 521, 522, 524, 526, 529, 531, 532, 533, 534, 535, 536, 537, 538, 539, 540, 541, 542, 544, 545, 546, 548, 550, 554, 561, 562, 563, 564, 565, 566, 568, 569, 570, 572, 574, 577, 578, 580, 582, 586, 593, 594, 595, 596, 597, 598, 600, 601, 602, 604, 606, 610, 625, 626, 628, 630, 634, 641, 642, 644, 646, 650, 657, 658, 659, 660, 661, 662, 664, 665, 666, 668, 670, 674, 689, 690, 692, 694, 698, 706, 721, 722, 724, 726, 730, 754, 769, 770, 772, 774, 778, 785, 786, 787, 788, 789, 790, 792, 793, 794, 796, 798, 802, 817, 818, 820, 822, 826, 834, 849, 850, 852, 854, 858, 882, 898, 913, 914, 916, 918, 922, 946, 978]
x_531: [1, 3, 4, 7, 11, 17, 18, 19, 20, 21, 23, 24, 25, 27, 28, 31, 35, 49, 51, 52, 55, 59, 67, 81, 83, 84, 87, 91, 115, 131, 145, 147, 148, 151, 155, 179, 211, 259, 273, 275, 276, 279, 283, 307, 339, 403, 513, 514, 515, 516, 517, 519, 520, 521, 523, 524, 527, 529, 530, 532, 533, 534, 535, 536, 537, 538, 539, 540, 541, 543, 544, 545, 547, 548, 551, 555, 561, 562, 563, 564, 565, 567, 568, 569, 571, 572, 575, 577, 579, 580, 583, 587, 593, 594, 595, 596, 597, 599, 600, 601, 603, 604, 607, 611, 625, 627, 628, 631, 635, 641, 643, 644, 647, 651, 657, 658, 659, 660, 661, 663, 664, 665, 667, 668, 671, 675, 689, 691, 692, 695, 699, 707, 721, 723, 724, 727, 731, 755, 769, 771, 772, 775, 779, 785, 786, 787, 788, 789, 791, 792, 793, 795, 796, 799, 803, 817, 819, 820, 823, 827, 835, 849, 851, 852, 855, 859, 883, 899, 913, 915, 916, 919, 923, 947, 979]
x_532: [2, 3, 4, 8, 12, 17, 18, 19, 20, 22, 23, 24, 26, 27, 28, 32, 36, 50, 51, 52, 56, 60, 68, 82, 83, 84, 88, 92, 116, 132, 146, 147, 148, 152, 156, 180, 212, 260, 274, 275, 276, 280, 284, 308, 340, 404, 513, 514, 515, 516, 518, 519, 520, 522, 523, 524, 528, 529, 530, 531, 533, 534, 535, 536, 537, 538, 539, 540, 542, 543, 544, 546, 547, 548, 552, 556, 561, 562, 563, 564, 566, 567, 568, 570, 571, 572, 576, 578, 579, 580, 584, 588, 593, 594, 595, 596, 598, 599, 600, 602, 603, 604, 608, 612, 626, 627, 628, 632, 636, 642, 643, 644, 648, 652, 657, 658, 659, 660, 662, 663, 664, 666, 667, 668, 672, 676, 690, 691, 692, 696, 700, 708, 722, 723, 724, 728, 732, 756, 770, 771, 772, 776, 780, 785, 786, 787, 788, 790, 791, 792, 794, 795, 796, 800, 804, 818, 819, 820, 824, 828, 836, 850, 851, 852, 856, 860, 884, 900, 914, 915, 916, 920, 924, 948, 980]
x_533: [1, 5, 6, 7, 13, 17, 18, 19, 21, 22, 23, 24, 25, 29, 30, 31, 37, 49, 53, 54, 55, 61, 69, 81, 85, 86, 87, 93, 117, 133, 145, 149, 150, 151, 157, 181, 213, 261, 273, 277, 278, 279, 285, 309, 341, 405, 513, 514, 515, 517, 518, 519, 520, 521, 525, 526, 527, 529, 530, 531, 532, 534, 535, 536, 537, 538, 539, 541, 542, 543, 544, 545, 549, 550, 551, 557, 561, 562, 563, 565, 566, 567, 568, 569, 573, 574, 575, 577, 581, 582, 583, 589, 593, 594, 595, 597, 598, 599, 600, 601, 605, 606, 607, 613, 625, 629, 630, 631, 637, 641, 645, 646, 647, 653, 657, 658, 659, 661, 662, 663, 664, 665, 669, 670, 671, 677, 689, 693, 694, 695, 701, 709, 721, 725, 726, 727, 733, 757, 769, 773, 774, 775, 781, 785, 786, 787, 789, 790, 791, 792, 793, 797, 798, 799, 805, 817, 821, 822, 823, 829, 837, 849, 853, 854, 855, 861, 885, 901, 913, 917, 918, 919, 925, 949, 981]
x_534: [2, 5, 6, 8, 14, 17, 18, 20, 21, 22, 23, 24, 26, 29, 30, 32, 38, 50, 53, 54, 56, 62, 70, 82, 85, 86, 88, 94, 118, 134, 146, 149, 150, 152, 158, 182, 214, 262, 274, 277, 278, 280, 286, 310, 342, 406, 513, 514, 516, 517, 518, 519, 520, 522, 525, 526, 528, 529, 530, 531, 532, 533, 535, 536, 537, 538, 540, 541, 542, 543, 544, 546, 549, 550, 552, 558, 561, 562, 564, 565, 566, 567, 568, 570, 573, 574, 576, 578, 581, 582, 584, 590, 593, 594, 596, 597, 598, 599, 600, 602, 605, 606, 608, 614, 626, 629, 630, 632, 638, 642, 645, 646, 648, 654, 657, 658, 660, 661, 662, 663, 664, 666, 669, 670, 672, 678, 690, 693, 694, 696, 702, 710, 722, 725, 726, 728, 734, 758, 770, 773, 774, 776, 782, 785, 786, 788, 789, 790, 791, 792, 794, 797, 798, 800, 806, 818, 821, 822, 824, 830, 838, 850, 853, 854, 856, 862, 886, 902, 914, 917, 918, 920, 926, 950, 982]
x_535: [3, 5, 7, 8, 15, 17, 19, 20, 21, 22, 23, 24, 27, 29, 31, 32, 39, 51, 53, 55, 56, 63, 71, 83, 85, 87, 88, 95, 119, 135, 147, 149, 151, 152, 159, 183, 215, 263, 275, 277, 279, 280, 287, 311, 343, 407, 513, 515, 516, 517, 518, 519, 520, 523, 525, 527, 528, 529, 530, 531, 532, 533, 534, 536, 537, 539, 540, 541, 542, 543, 544, 547, 549, 551, 552, 559, 561, 563, 564, 565, 566, 567, 568, 571, 573, 575, 576, 579, 581, 583, 584, 591, 593, 595, 596, 597, 598, 599, 600, 603, 605, 607, 608, 615, 627, 629, 631, 632, 639, 643, 645, 647, 648, 655, 657, 659, 660, 661, 662, 663, 664, 667, 669, 671, 672, 679, 691, 693, 695, 696, 703, 711, 723, 725, 727, 728, 735, 759, 771, 773, 775, 776, 783, 785, 787, 788, 789, 790, 791, 792, 795, 797, 799, 800, 807, 819, 821, 823, 824, 831, 839, 851, 853, 855, 856, 863, 887, 903, 915, 917, 919, 920, 927, 951, 983]
x_536: [4, 6, 7, 8, 16, 18, 19, 20, 21, 22, 23, 24, 28, 30, 31, 32, 40, 52, 54, 55, 56, 64, 72, 84, 86, 87, 88, 96, 120, 136, 148, 150, 151, 152, 160, 184, 216, 264, 276, 278, 279, 280, 288, 312, 344, 408, 514, 515, 516, 517, 518, 519, 520, 524, 526, 527, 528, 529, 530, 531, 532, 533, 534, 535, 538, 539, 540, 541, 542, 543, 544, 548, 550, 551, 552, 560, 562, 563, 564, 565, 566, 567, 568, 572, 574, 575, 576, 580, 582, 583, 584, 592, 594, 595, 596, 597, 598, 599, 600, 604, 606, 607, 608, 616, 628, 630, 631, 632, 640, 644, 646, 647, 648, 656, 658, 659, 660, 661, 662, 663, 664, 668, 670, 671, 672, 680, 692, 694, 695, 696, 704, 712, 724, 726, 727, 728, 736, 760, 772, 774, 775, 776, 784, 786, 787, 788, 789, 790, 791, 792, 796, 798, 799, 800, 808, 820, 822, 823, 824, 832, 840, 852, 854, 855, 856, 864, 888, 904, 916, 918, 919, 920, 928, 952, 984]
x_537: [1, 9, 10, 11, 13, 17, 18, 19, 21, 25, 26, 27, 28, 29, 30, 31, 41, 49, 57, 58, 59, 61, 73, 81, 89, 90, 91, 93, 121, 137, 145, 153, 154, 155, 157, 185, 217, 265, 273, 281, 282, 283, 285, 313, 345, 409, 513, 514, 515, 517, 521, 522, 523, 524, 525, 526, 527, 529, 530, 531, 532, 533, 534, 535, 538, 539, 540, 541, 542, 543, 544, 545, 553, 554, 555, 557, 561, 562, 563, 565, 569, 570, 571, 572, 573, 574, 575, 577, 585, 586, 587, 589, 593, 594, 595, 597, 601, 602, 603, 604, 605, 606, 607, 617, 625, 633, 634, 635, 637, 641, 649, 650, 651, 653, 657, 658, 659, 661, 665, 666, 667, 668, 669, 670, 671, 681, 689, 697, 698, 699, 701, 713, 721, 729, 730, 731, 733, 761, 769, 777, 778, 779, 781, 785, 786, 787, 789, 793, 794, 795, 796, 797, 798, 799, 809, 817, 825, 826, 827, 829, 841, 849, 857, 858, 859, 861, 889, 905, 913, 921, 922, 923, 925, 953, 985]
x_538: [2, 9, 10, 12, 14, 17, 18, 20, 22, 25, 26, 27, 28, 29, 30, 32, 42, 50, 57, 58, 60, 62, 74, 82, 89, 90, 92, 94, 122, 138, 146, 153, 154, 156, 158, 186, 218, 266, 274, 281, 282, 284, 286, 314, 346, 410, 513, 514, 516, 518, 521, 522, 523, 524, 525, 526, 528, 529, 530, 531, 532, 533, 534, 536, 537, 539, 540, 541, 542, 543, 544, 546, 553, 554, 556, 558, 561, 562, 564, 566, 569, 570, 571, 572, 573, 574, 576, 578, 585, 586, 588, 590, 593, 594, 596, 598, 601, 602, 603, 604, 605, 606, 608, 618, 626, 633, 634, 636, 638, 642, 649, 650, 652, 654, 657, 658, 660, 662, 665, 666, 667, 668, 669, 670, 672, 682, 690, 697, 698, 700, 702, 714, 722, 729, 730, 732, 734, 762, 770, 777, 778, 780, 782, 785, 786, 788, 790, 793, 794, 795, 796, 797, 798, 800, 810, 818, 825, 826, 828, 830, 842, 850, 857, 858, 860, 862, 890, 906, 914, 921, 922, 924, 926, 954, 986]
x_539: [3, 9, 11, 12, 15, 17, 19, 20, 23, 25, 26, 27, 28, 29, 31, 32, 43, 51, 57, 59, 60, 63, 75, 83, 89, 91, 92, 95, 123, 139, 147, 153, 155, 156, 159, 187, 219, 267, 275, 281, 283, 284, 287, 315, 347, 411, 513, 515, 516, 519, 521, 522, 523, 524, 525, 527, 528, 529, 530, 531, 532, 533, 535, 536, 537, 538, 540, 541, 542, 543, 544, 547, 553, 555, 556, 559, 561, 563, 564, 567, 569, 570, 571, 572, 573, 575, 576, 579, 585, 587, 588, 591, 593, 595, 596, 599, 601, 602, 603, 604, 605, 607, 608, 619, 627, 633, 635, 636, 639, 643, 649, 651, 652, 655, 657, 659, 660, 663, 665, 666, 667, 668, 669, 671, 672, 683, 691, 697, 699, 700, 703, 715, 723, 729, 731, 732, 735, 763, 771, 777, 779, 780, 783, 785, 787, 788, 791, 793, 794, 795, 796, 797, 799, 800, 811, 819, 825, 827, 828, 831, 843, 851, 857, 859, 860, 863, 891, 907, 915, 921, 923, 924, 927, 955, 987]
x_540: [4, 10, 11, 12, 16, 18, 19, 20, 24, 25, 26, 27, 28, 30, 31, 32, 44, 52, 58, 59, 60, 64, 76, 84, 90, 91, 92, 96, 124, 140, 148, 154, 155, 156, 160, 188, 220, 268, 276, 282, 283, 284, 288, 316, 348, 412, 514, 515, 516, 520, 521, 522, 523, 524, 526, 527, 528, 529, 530, 531, 532, 534, 535, 536, 537, 538, 539, 541, 542, 543, 544, 548, 554, 555, 556, 560, 562, 563, 564, 568, 569, 570, 571, 572, 574, 575, 576, 580, 586, 587, 588, 592, 594, 595, 596, 600, 601, 602, 603, 604, 606, 607, 608, 620, 628, 634, 635, 636, 640, 644, 650, 651, 652, 656, 658, 659, 660, 664, 665, 666, 667, 668, 670, 671, 672, 684, 692, 698, 699, 700, 704, 716, 724, 730, 731, 732, 736, 764, 772, 778, 779, 780, 784, 786, 787, 788, 792, 793, 794, 795, 796, 798, 799, 800, 812, 820, 826, 827, 828, 832, 844, 852, 858, 859, 860, 864, 892, 908, 916, 922, 923, 924, 928, 956, 988]
x_541: [5, 9, 13, 14, 15, 17, 21, 22, 23, 25, 26, 27, 29, 30, 31, 32, 45, 53, 57, 61, 62, 63, 77, 85, 89, 93, 94, 95, 125, 141, 149, 153, 157, 158, 159, 189, 221, 269, 277, 281, 285, 286, 287, 317, 349, 413, 513, 517, 518, 519, 521, 522, 523, 525, 526, 527, 528, 529, 530, 531, 533, 534, 535, 536, 537, 538, 539, 540, 542, 543, 544, 549, 553, 557, 558, 559, 561, 565, 566, 567, 569, 570, 571, 573, 574, 575, 576, 581, 585, 589, 590, 591, 593, 597, 598, 599, 601, 602, 603, 605, 606, 607, 608, 621, 629, 633, 637, 638, 639, 645, 649, 653, 654, 655, 657, 661, 662, 663, 665, 666, 667, 669, 670, 671, 672, 685, 693, 697, 701, 702, 703, 717, 725, 729, 733, 734, 735, 765, 773, 777, 781, 782, 783, 785, 789, 790, 791, 793, 794, 795, 797, 798, 799, 800, 813, 821, 825, 829, 830, 831, 845, 853, 857, 861, 862, 863, 893, 909, 917, 921, 925, 926, 927, 957, 989]
x_542: [6, 10, 13, 14, 16, 18, 21, 22, 24, 25, 26, 28, 29, 30, 31, 32, 46, 54, 58, 61, 62, 64, 78, 86, 90, 93, 94, 96, 126, 142, 150, 154, 157, 158, 160, 190, 222, 270, 278, 282, 285, 286, 288, 318, 350, 414, 514, 517, 518, 520, 521, 522, 524, 525, 526, 527, 528, 529, 530, 532, 533, 534, 535, 536, 537, 538, 539, 540, 541, 543, 544, 550, 554, 557, 558, 560, 562, 565, 566, 568, 569, 570, 572, 573, 574, 575, 576, 582, 586, 589, 590, 592, 594, 597, 598, 600, 601, 602, 604, 605, 606, 607, 608, 622, 630, 634, 637, 638, 640, 646, 650, 653, 654, 656, 658, 661, 662, 664, 665, 666, 668, 669, 670, 671, 672, 686, 694, 698, 701, 702, 704, 718, 726, 730, 733, 734, 736, 766, 774, 778, 781, 782, 784, 786, 789, 790, 792, 793, 794, 796, 797, 798, 799, 800, 814, 822, 826, 829, 830, 832, 846, 854, 858, 861, 862, 864, 894, 910, 918, 922, 925, 926, 928, 958, 990]
x_543: [7, 11, 13, 15, 16, 19, 21, 23, 24, 25, 27, 28, 29, 30, 31, 32, 47, 55, 59, 61, 63, 64, 79, 87, 91, 93, 95, 96, 127, 143, 151, 155, 157, 159, 160, 191, 223, 271, 279, 283, 285, 287, 288, 319, 351, 415, 515, 517, 519, 520, 521, 523, 524, 525, 526, 527, 528, 529, 531, 532, 533, 534, 535, 536, 537, 538, 539, 540, 541, 542, 544, 551, 555, 557, 559, 560, 563, 565, 567, 568, 569, 571, 572, 573, 574, 575, 576, 583, 587, 589, 591, 592, 595, 597, 599, 600, 601, 603, 604, 605, 606, 607, 608, 623, 631, 635, 637, 639, 640, 647, 651, 653, 655, 656, 659, 661, 663, 664, 665, 667, 668, 669, 670, 671, 672, 687, 695, 699, 701, 703, 704, 719, 727, 731, 733, 735, 736, 767, 775, 779, 781, 783, 784, 787, 789, 791, 792, 793, 795, 796, 797, 798, 799, 800, 815, 823, 827, 829, 831, 832, 847, 855, 859, 861, 863, 864, 895, 911, 919, 923, 925, 927, 928, 959, 991]
x_544: [8, 12, 14, 15, 16, 20, 22, 23, 24, 26, 27, 28, 29, 30, 31, 32, 48, 56, 60, 62, 63, 64, 80, 88, 92, 94, 95, 96, 128, 144, 152, 156, 158, 159, 160, 192, 224, 272, 280, 284, 286, 287, 288, 320, 352, 416, 516, 518, 519, 520, 522, 523, 524, 525, 526, 527, 528, 530, 531, 532, 533, 534, 535, 536, 537, 538, 539, 540, 541, 542, 543, 552, 556, 558, 559, 560, 564, 566, 567, 568, 570, 571, 572, 573, 574, 575, 576, 584, 588, 590, 591, 592, 596, 598, 599, 600, 602, 603, 604, 605, 606, 607, 608, 624, 632, 636, 638, 639, 640, 648, 652, 654, 655, 656, 660, 662, 663, 664, 666, 667, 668, 669, 670, 671, 672, 688, 696, 700, 702, 703, 704, 720, 728, 732, 734, 735, 736, 768, 776, 780, 782, 783, 784, 788, 790, 791, 792, 794, 795, 796, 797, 798, 799, 800, 816, 824, 828, 830, 831, 832, 848, 856, 860, 862, 863, 864, 896, 912, 920, 924, 926, 927, 928, 960, 992]
x_545: [1, 2, 3, 5, 9, 17, 33, 34, 35, 36, 37, 38, 39, 41, 42, 43, 45, 49, 50, 51, 53, 57, 65, 97, 98, 99, 101, 105, 113, 129, 161, 162, 163, 165, 169, 177, 225, 257, 289, 290, 291, 293, 297, 305, 353, 417, 513, 514, 515, 516, 517, 518, 519, 521, 522, 523, 525, 529, 530, 531, 533, 537, 546, 547, 548, 549, 550, 551, 552, 553, 554, 555, 556, 557, 558, 559, 561, 562, 563, 564, 565, 566, 567, 569, 570, 571, 573, 577, 578, 579, 581, 585, 593, 609, 610, 611, 612, 613, 614, 615, 617, 618, 619, 621, 625, 626, 627, 629, 633, 641, 642, 643, 645, 649, 657, 673, 674, 675, 676, 677, 678, 679, 681, 682, 683, 685, 689, 690, 691, 693, 697, 705, 737, 738, 739, 741, 745, 753, 769, 770, 771, 773, 777, 785, 801, 802, 803, 804, 805, 806, 807, 809, 810, 811, 813, 817, 818, 819, 821, 825, 833, 865, 866, 867, 869, 873, 881, 897, 929, 930, 931, 933, 937, 945, 993]
x_546: [1, 2, 4, 6, 10, 18, 33, 34, 35, 36, 37, 38, 40, 41, 42, 44, 46, 49, 50, 52, 54, 58, 66, 97, 98, 100, 102, 106, 114, 130, 161, 162, 164, 166, 170, 178, 226, 258, 289, 290, 292, 294, 298, 306, 354, 418, 513, 514, 515, 516, 517, 518, 520, 521, 522, 524, 526, 529, 530, 532, 534, 538, 545, 547, 548, 549, 550, 551, 552, 553, 554, 555, 556, 557, 558, 560, 561, 562, 563, 564, 565, 566, 568, 569, 570, 572, 574, 577, 578, 580, 582, 586, 594, 609, 610, 611, 612, 613, 614, 616, 617, 618, 620, 622, 625, 626, 628, 630, 634, 641, 642, 644, 646, 650, 658, 673, 674, 675, 676, 677, 678, 680, 681, 682, 684, 686, 689, 690, 692, 694, 698, 706, 737, 738, 740, 742, 746, 754, 769, 770, 772, 774, 778, 786, 801, 802, 803, 804, 805, 806, 808, 809, 810, 812, 814, 817, 818, 820, 822, 826, 834, 865, 866, 868, 870, 874, 882, 898, 929, 930, 932, 934, 938, 946, 994]
x_547: [1, 3, 4, 7, 11, 19, 33, 34, 35, 36, 37, 39, 40, 41, 43, 44, 47, 49, 51, 52, 55, 59, 67, 97, 99, 100, 103, 107, 115, 131, 161, 163, 164, 167, 171, 179, 227, 259, 289, 291, 292, 295, 299, 307, 355, 419, 513, 514, 515, 516, 517, 519, 520, 521, 523, 524, 527, 529, 531, 532, 535, 539, 545, 546, 548, 549, 550, 551, 552, 553, 554, 555, 556, 557, 559, 560, 561, 562, 563, 564, 565, 567, 568, 569, 571, 572, 575, 577, 579, 580, 583, 587, 595, 609, 610, 611, 612, 613, 615, 616, 617, 619, 620, 623, 625, 627, 628, 631, 635, 641, 643, 644, 647, 651, 659, 673, 674, 675, 676, 677, 679, 680, 681, 683, 684, 687, 689, 691, 692, 695, 699, 707, 737, 739, 740, 743, 747, 755, 769, 771, 772, 775, 779, 787, 801, 802, 803, 804, 805, 807, 808, 809, 811, 812, 815, 817, 819, 820, 823, 827, 835, 865, 867, 868, 871, 875, 883, 899, 929, 931, 932, 935, 939, 947, 995]
x_548: [2, 3, 4, 8, 12, 20, 33, 34, 35, 36, 38, 39, 40, 42, 43, 44, 48, 50, 51, 52, 56, 60, 68, 98, 99, 100, 104, 108, 116, 132, 162, 163, 164, 168, 172, 180, 228, 260, 290, 291, 292, 296, 300, 308, 356, 420, 513, 514, 515, 516, 518, 519, 520, 522, 523, 524, 528, 530, 531, 532, 536, 540, 545, 546, 547, 549, 550, 551, 552, 553, 554, 555, 556, 558, 559, 560, 561, 562, 563, 564, 566, 567, 568, 570, 571, 572, 576, 578, 579, 580, 584, 588, 596, 609, 610, 611, 612, 614, 615, 616, 618, 619, 620, 624, 626, 627, 628, 632, 636, 642, 643, 644, 648, 652, 660, 673, 674, 675, 676, 678, 679, 680, 682, 683, 684, 688, 690, 691, 692, 696, 700, 708, 738, 739, 740, 744, 748, 756, 770, 771, 772, 776, 780, 788, 801, 802, 803, 804, 806, 807, 808, 810, 811, 812, 816, 818, 819, 820, 824, 828, 836, 866, 867, 868, 872, 876, 884, 900, 930, 931, 932, 936, 940, 948, 996]
x_549: [1, 5, 6, 7, 13, 21, 33, 34, 35, 37, 38, 39, 40, 41, 45, 46, 47, 49, 53, 54, 55, 61, 69, 97, 101, 102, 103, 109, 117, 133, 161, 165, 166, 167, 173, 181, 229, 261, 289, 293, 294, 295, 301, 309, 357, 421, 513, 514, 515, 517, 518, 519, 520, 521, 525, 526, 527, 529, 533, 534, 535, 541, 545, 546, 547, 548, 550, 551, 552, 553, 554, 555, 557, 558, 559, 560, 561, 562, 563, 565, 566, 567, 568, 569, 573, 574, 575, 577, 581, 582, 583, 589, 597, 609, 610, 611, 613, 614, 615, 616, 617, 621, 622, 623, 625, 629, 630, 631, 637, 641, 645, 646, 647, 653, 661, 673, 674, 675, 677, 678, 679, 680, 681, 685, 686, 687, 689, 693, 694, 695, 701, 709, 737, 741, 742, 743, 749, 757, 769, 773, 774, 775, 781, 789, 801, 802, 803, 805, 806, 807, 808, 809, 813, 814, 815, 817, 821, 822, 823, 829, 837, 865, 869, 870, 871, 877, 885, 901, 929, 933, 934, 935, 941, 949, 997]
x_550: [2, 5, 6, 8, 14, 22, 33, 34, 36, 37, 38, 39, 40, 42, 45, 46, 48, 50, 53, 54, 56, 62, 70, 98, 101, 102, 104, 110, 118, 134, 162, 165, 166, 168, 174, 182, 230, 262, 290, 293, 294, 296, 302, 310, 358, 422, 513, 514, 516, 517, 518, 519, 520, 522, 525, 526, 528, 530, 533, 534, 536, 542, 545, 546, 547, 548, 549, 551, 552, 553, 554, 556, 557, 558, 559, 560, 561, 562, 564, 565, 566, 567, 568, 570, 573, 574, 576, 578, 581, 582, 584, 590, 598, 609, 610, 612, 613, 614, 615, 616, 618, 621, 622, 624, 626, 629, 630, 632, 638, 642, 645, 646, 648, 654, 662, 673, 674, 676, 677, 678, 679, 680, 682, 685, 686, 688, 690, 693, 694, 696, 702, 710, 738, 741, 742, 744, 750, 758, 770, 773, 774, 776, 782, 790, 801, 802, 804, 805, 806, 807, 808, 810, 813, 814, 816, 818, 821, 822, 824, 830, 838, 866, 869, 870, 872, 878, 886, 902, 930, 933, 934, 936, 942, 950, 998]
x_551: [3, 5, 7, 8, 15, 23, 33, 35, 36, 37, 38, 39, 40, 43, 45, 47, 48, 51, 53, 55, 56, 63, 71, 99, 101, 103, 104, 111, 119, 135, 163, 165, 167, 168, 175, 183, 231, 263, 291, 293, 295, 296, 303, 311, 359, 423, 513, 515, 516, 517, 518, 519, 520, 523, 525, 527, 528, 531, 533, 535, 536, 543, 545, 546, 547, 548, 549, 550, 552, 553, 555, 556, 557, 558, 559, 560, 561, 563, 564, 565, 566, 567, 568, 571, 573, 575, 576, 579, 581, 583, 584, 591, 599, 609, 611, 612, 613, 614, 615, 616, 619, 621, 623, 624, 627, 629, 631, 632, 639, 643, 645, 647, 648, 655, 663, 673, 675, 676, 677, 678, 679, 680, 683, 685, 687, 688, 691, 693, 695, 696, 703, 711, 739, 741, 743, 744, 751, 759, 771, 773, 775, 776, 783, 791, 801, 803, 804, 805, 806, 807, 808, 811, 813, 815, 816, 819, 821, 823, 824, 831, 839, 867, 869, 871, 872, 879, 887, 903, 931, 933, 935, 936, 943, 951, 999]
x_552: [4, 6, 7, 8, 16, 24, 34, 35, 36, 37, 38, 39, 40, 44, 46, 47, 48, 52, 54, 55, 56, 64, 72, 100, 102, 103, 104, 112, 120, 136, 164, 166, 167, 168, 176, 184, 232, 264, 292, 294, 295, 296, 304, 312, 360, 424, 514, 515, 516, 517, 518, 519, 520, 524, 526, 527, 528, 532, 534, 535, 536, 544, 545, 546, 547, 548, 549, 550, 551, 554, 555, 556, 557, 558, 559, 560, 562, 563, 564, 565, 566, 567, 568, 572, 574, 575, 576, 580, 582, 583, 584, 592, 600, 610, 611, 612, 613, 614, 615, 616, 620, 622, 623, 624, 628, 630, 631, 632, 640, 644, 646, 647, 648, 656, 664, 674, 675, 676, 677, 678, 679, 680, 684, 686, 687, 688, 692, 694, 695, 696, 704, 712, 740, 742, 743, 744, 752, 760, 772, 774, 775, 776, 784, 792, 802, 803, 804, 805, 806, 807, 808, 812, 814, 815, 816, 820, 822, 823, 824, 832, 840, 868, 870, 871, 872, 880, 888, 904, 932, 934, 935, 936, 944, 952, 1000]
x_553: [1, 9, 10, 11, 13, 25, 33, 34, 35, 37, 41, 42, 43, 44, 45, 46, 47, 49, 57, 58, 59, 61, 73, 97, 105, 106, 107, 109, 121, 137, 161, 169, 170, 171, 173, 185, 233, 265, 289, 297, 298, 299, 301, 313, 361, 425, 513, 514, 515, 517, 521, 522, 523, 524, 525, 526, 527, 529, 537, 538, 539, 541, 545, 546, 547, 548, 549, 550, 551, 554, 555, 556, 557, 558, 559, 560, 561, 562, 563, 565, 569, 570, 571, 572, 573, 574, 575, 577, 585, 586, 587, 589, 601, 609, 610, 611, 613, 617, 618, 619, 620, 621, 622, 623, 625, 633, 634, 635, 637, 641, 649, 650, 651, 653, 665, 673, 674, 675, 677, 681, 682, 683, 684, 685, 686, 687, 689, 697, 698, 699, 701, 713, 737, 745, 746, 747, 749, 761, 769, 777, 778, 779, 781, 793, 801, 802, 803, 805, 809, 810, 811, 812, 813, 814, 815, 817, 825, 826, 827, 829, 841, 865, 873, 874, 875, 877, 889, 905, 929, 937, 938, 939, 941, 953, 1001]
x_554: [2, 9, 10, 12, 14, 26, 33, 34, 36, 38, 41, 42, 43, 44, 45, 46, 48, 50, 57, 58, 60, 62, 74, 98, 105, 106, 108, 110, 122, 138, 162, 169, 170, 172, 174, 186, 234, 266, 290, 297, 298, 300, 302, 314, 362, 426, 513, 514, 516, 518, 521, 522, 523, 524, 525, 526, 528, 530, 537, 538, 540, 542, 545, 546, 547, 548, 549, 550, 552, 553, 555, 556, 557, 558, 559, 560, 561, 562, 564, 566, 569, 570, 571, 572, 573, 574, 576, 578, 585, 586, 588, 590, 602, 609, 610, 612, 614, 617, 618, 619, 620, 621, 622, 624, 626, 633, 634, 636, 638, 642, 649, 650, 652, 654, 666, 673, 674, 676, 678, 681, 682, 683, 684, 685, 686, 688, 690, 697, 698, 700, 702, 714, 738, 745, 746, 748, 750, 762, 770, 777, 778, 780, 782, 794, 801, 802, 804, 806, 809, 810, 811, 812, 813, 814, 816, 818, 825, 826, 828, 830, 842, 866, 873, 874, 876, 878, 890, 906, 930, 937, 938, 940, 942, 954, 1002]
x_555: [3, 9, 11, 12, 15, 27, 33, 35, 36, 39, 41, 42, 43, 44, 45, 47, 48, 51, 57, 59, 60, 63, 75, 99, 105, 107, 108, 111, 123, 139, 163, 169, 171, 172, 175, 187, 235, 267, 291, 297, 299, 300, 303, 315, 363, 427, 513, 515, 516, 519, 521, 522, 523, 524, 525, 527, 528, 531, 537, 539, 540, 543, 545, 546, 547, 548, 549, 551, 552, 553, 554, 556, 557, 558, 559, 560, 561, 563, 564, 567, 569, 570, 571, 572, 573, 575, 576, 579, 585, 587, 588, 591, 603, 609, 611, 612, 615, 617, 618, 619, 620, 621, 623, 624, 627, 633, 635, 636, 639, 643, 649, 651, 652, 655, 667, 673, 675, 676, 679, 681, 682, 683, 684, 685, 687, 688, 691, 697, 699, 700, 703, 715, 739, 745, 747, 748, 751, 763, 771, 777, 779, 780, 783, 795, 801, 803, 804, 807, 809, 810, 811, 812, 813, 815, 816, 819, 825, 827, 828, 831, 843, 867, 873, 875, 876, 879, 891, 907, 931, 937, 939, 940, 943, 955, 1003]
x_556: [4, 10, 11, 12, 16, 28, 34, 35, 36, 40, 41, 42, 43, 44, 46, 47, 48, 52, 58, 59, 60, 64, 76, 100, 106, 107, 108, 112, 124, 140, 164, 170, 171, 172, 176, 188, 236, 268, 292, 298, 299, 300, 304, 316, 364, 428, 514, 515, 516, 520, 521, 522, 523, 524, 526, 527, 528, 532, 538, 539, 540, 544, 545, 546, 547, 548, 550, 551, 552, 553, 554, 555, 557, 558, 559, 560, 562, 563, 564, 568, 569, 570, 571, 572, 574, 575, 576, 580, 586, 587, 588, 592, 604, 610, 611, 612, 616, 617, 618, 619, 620, 622, 623, 624, 628, 634, 635, 636, 640, 644, 650, 651, 652, 656, 668, 674, 675, 676, 680, 681, 682, 683, 684, 686, 687, 688, 692, 698, 699, 700, 704, 716, 740, 746, 747, 748, 752, 764, 772, 778, 779, 780, 784, 796, 802, 803, 804, 808, 809, 810, 811, 812, 814, 815, 816, 820, 826, 827, 828, 832, 844, 868, 874, 875, 876, 880, 892, 908, 932, 938, 939, 940, 944, 956, 1004]
x_557: [5, 9, 13, 14, 15, 29, 33, 37, 38, 39, 41, 42, 43, 45, 46, 47, 48, 53, 57, 61, 62, 63, 77, 101, 105, 109, 110, 111, 125, 141, 165, 169, 173, 174, 175, 189, 237, 269, 293, 297, 301, 302, 303, 317, 365, 429, 513, 517, 518, 519, 521, 522, 523, 525, 526, 527, 528, 533, 537, 541, 542, 543, 545, 546, 547, 549, 550, 551, 552, 553, 554, 555, 556, 558, 559, 560, 561, 565, 566, 567, 569, 570, 571, 573, 574, 575, 576, 581, 585, 589, 590, 591, 605, 609, 613, 614, 615, 617, 618, 619, 621, 622, 623, 624, 629, 633, 637, 638, 639, 645, 649, 653, 654, 655, 669, 673, 677, 678, 679, 681, 682, 683, 685, 686, 687, 688, 693, 697, 701, 702, 703, 717, 741, 745, 749, 750, 751, 765, 773, 777, 781, 782, 783, 797, 801, 805, 806, 807, 809, 810, 811, 813, 814, 815, 816, 821, 825, 829, 830, 831, 845, 869, 873, 877, 878, 879, 893, 909, 933, 937, 941, 942, 943, 957, 1005]
x_558: [6, 10, 13, 14, 16, 30, 34, 37, 38, 40, 41, 42, 44, 45, 46, 47, 48, 54, 58, 61, 62, 64, 78, 102, 106, 109, 110, 112, 126, 142, 166, 170, 173, 174, 176, 190, 238, 270, 294, 298, 301, 302, 304, 318, 366, 430, 514, 517, 518, 520, 521, 522, 524, 525, 526, 527, 528, 534, 538, 541, 542, 544, 545, 546, 548, 549, 550, 551, 552, 553, 554, 555, 556, 557, 559, 560, 562, 565, 566, 568, 569, 570, 572, 573, 574, 575, 576, 582, 586, 589, 590, 592, 606, 610, 613, 614, 616, 617, 618, 620, 621, 622, 623, 624, 630, 634, 637, 638, 640, 646, 650, 653, 654, 656, 670, 674, 677, 678, 680, 681, 682, 684, 685, 686, 687, 688, 694, 698, 701, 702, 704, 718, 742, 746, 749, 750, 752, 766, 774, 778, 781, 782, 784, 798, 802, 805, 806, 808, 809, 810, 812, 813, 814, 815, 816, 822, 826, 829, 830, 832, 846, 870, 874, 877, 878, 880, 894, 910, 934, 938, 941, 942, 944, 958, 1006]
x_559: [7, 11, 13, 15, 16, 31, 35, 37, 39, 40, 41, 43, 44, 45, 46, 47, 48, 55, 59, 61, 63, 64, 79, 103, 107, 109, 111, 112, 127, 143, 167, 171, 173, 175, 176, 191, 239, 271, 295, 299, 301, 303, 304, 319, 367, 431, 515, 517, 519, 520, 521, 523, 524, 525, 526, 527, 528, 535, 539, 541, 543, 544, 545, 547, 548, 549, 550, 551, 552, 553, 554, 555, 556, 557, 558, 560, 563, 565, 567, 568, 569, 571, 572, 573, 574, 575, 576, 583, 587, 589, 591, 592, 607, 611, 613, 615, 616, 617, 619, 620, 621, 622, 623, 624, 631, 635, 637, 639, 640, 647, 651, 653, 655, 656, 671, 675, 677, 679, 680, 681, 683, 684, 685, 686, 687, 688, 695, 699, 701, 703, 704, 719, 743, 747, 749, 751, 752, 767, 775, 779, 781, 783, 784, 799, 803, 805, 807, 808, 809, 811, 812, 813, 814, 815, 816, 823, 827, 829, 831, 832, 847, 871, 875, 877, 879, 880, 895, 911, 935, 939, 941, 943, 944, 959, 1007]
x_560: [8, 12, 14, 15, 16, 32, 36, 38, 39, 40, 42, 43, 44, 45, 46, 47, 48, 56, 60, 62, 63, 64, 80, 104, 108, 110, 111, 112, 128, 144, 168, 172, 174, 175, 176, 192, 240, 272, 296, 300, 302, 303, 304, 320, 368, 432, 516, 518, 519, 520, 522, 523, 524, 525, 526, 527, 528, 536, 540, 542, 543, 544, 546, 547, 548, 549, 550, 551, 552, 553, 554, 555, 556, 557, 558, 559, 564, 566, 567, 568, 570, 571, 572, 573, 574, 575, 576, 584, 588, 590, 591, 592, 608, 612, 614, 615, 616, 618, 619, 620, 621, 622, 623, 624, 632, 636, 638, 639, 640, 648, 652, 654, 655, 656, 672, 676, 678, 679, 680, 682, 683, 684, 685, 686, 687, 688, 696, 700, 702, 703, 704, 720, 744, 748, 750, 751, 752, 768, 776, 780, 782, 783, 784, 800, 804, 806, 807, 808, 810, 811, 812, 813, 814, 815, 816, 824, 828, 830, 831, 832, 848, 872, 876, 878, 879, 880, 896, 912, 936, 940, 942, 943, 944, 960, 1008]
x_561: [1, 17, 18, 19, 21, 25, 33, 34, 35, 37, 41, 49, 50, 51, 52, 53, 54, 55, 57, 58, 59, 61, 81, 97, 113, 114, 115, 117, 121, 145, 161, 177, 178, 179, 181, 185, 241, 273, 289, 305, 306, 307, 309, 313, 369, 433, 513, 514, 515, 517, 521, 529, 530, 531, 532, 533, 534, 535, 537, 538, 539, 541, 545, 546, 547, 548, 549, 550, 551, 553, 554, 555, 557, 562, 563, 564, 565, 566, 567, 568, 569, 570, 571, 572, 573, 574, 575, 577, 593, 594, 595, 597, 601, 609, 610, 611, 613, 617, 625, 626, 627, 628, 629, 630, 631, 633, 634, 635, 637, 641, 657, 658, 659, 661, 665, 673, 674, 675, 677, 681, 689, 690, 691, 692, 693, 694, 695, 697, 698, 699, 701, 721, 737, 753, 754, 755, 757, 761, 769, 785, 786, 787, 789, 793, 801, 802, 803, 805, 809, 817, 818, 819, 820, 821, 822, 823, 825, 826, 827, 829, 849, 865, 881, 882, 883, 885, 889, 913, 929, 945, 946, 947, 949, 953, 1009]
x_562: [2, 17, 18, 20, 22, 26, 33, 34, 36, 38, 42, 49, 50, 51, 52, 53, 54, 56, 57, 58, 60, 62, 82, 98, 113, 114, 116, 118, 122, 146, 162, 177, 178, 180, 182, 186, 242, 274, 290, 305, 306, 308, 310, 314, 370, 434, 513, 514, 516, 518, 522, 529, 530, 531, 532, 533, 534, 536, 537, 538, 540, 542, 545, 546, 547, 548, 549, 550, 552, 553, 554, 556, 558, 561, 563, 564, 565, 566, 567, 568, 569, 570, 571, 572, 573, 574, 576, 578, 593, 594, 596, 598, 602, 609, 610, 612, 614, 618, 625, 626, 627, 628, 629, 630, 632, 633, 634, 636, 638, 642, 657, 658, 660, 662, 666, 673, 674, 676, 678, 682, 689, 690, 691, 692, 693, 694, 696, 697, 698, 700, 702, 722, 738, 753, 754, 756, 758, 762, 770, 785, 786, 788, 790, 794, 801, 802, 804, 806, 810, 817, 818, 819, 820, 821, 822, 824, 825, 826, 828, 830, 850, 866, 881, 882, 884, 886, 890, 914, 930, 945, 946, 948, 950, 954, 1010]
x_563: [3, 17, 19, 20, 23, 27, 33, 35, 36, 39, 43, 49, 50, 51, 52, 53, 55, 56, 57, 59, 60, 63, 83, 99, 113, 115, 116, 119, 123, 147, 163, 177, 179, 180, 183, 187, 243, 275, 291, 305, 307, 308, 311, 315, 371, 435, 513, 515, 516, 519, 523, 529, 530, 531, 532, 533, 535, 536, 537, 539, 540, 543, 545, 546, 547, 548, 549, 551, 552, 553, 555, 556, 559, 561, 562, 564, 565, 566, 567, 568, 569, 570, 571, 572, 573, 575, 576, 579, 593, 595, 596, 599, 603, 609, 611, 612, 615, 619, 625, 626, 627, 628, 629, 631, 632, 633, 635, 636, 639, 643, 657, 659, 660, 663, 667, 673, 675, 676, 679, 683, 689, 690, 691, 692, 693, 695, 696, 697, 699, 700, 703, 723, 739, 753, 755, 756, 759, 763, 771, 785, 787, 788, 791, 795, 801, 803, 804, 807, 811, 817, 818, 819, 820, 821, 823, 824, 825, 827, 828, 831, 851, 867, 881, 883, 884, 887, 891, 915, 931, 945, 947, 948, 951, 955, 1011]
x_564: [4, 18, 19, 20, 24, 28, 34, 35, 36, 40, 44, 49, 50, 51, 52, 54, 55, 56, 58, 59, 60, 64, 84, 100, 114, 115, 116, 120, 124, 148, 164, 178, 179, 180, 184, 188, 244, 276, 292, 306, 307, 308, 312, 316, 372, 436, 514, 515, 516, 520, 524, 529, 530, 531, 532, 534, 535, 536, 538, 539, 540, 544, 545, 546, 547, 548, 550, 551, 552, 554, 555, 556, 560, 561, 562, 563, 565, 566, 567, 568, 569, 570, 571, 572, 574, 575, 576, 580, 594, 595, 596, 600, 604, 610, 611, 612, 616, 620, 625, 626, 627, 628, 630, 631, 632, 634, 635, 636, 640, 644, 658, 659, 660, 664, 668, 674, 675, 676, 680, 684, 689, 690, 691, 692, 694, 695, 696, 698, 699, 700, 704, 724, 740, 754, 755, 756, 760, 764, 772, 786, 787, 788, 792, 796, 802, 803, 804, 808, 812, 817, 818, 819, 820, 822, 823, 824, 826, 827, 828, 832, 852, 868, 882, 883, 884, 888, 892, 916, 932, 946, 947, 948, 952, 956, 1012]
x_565: [5, 17, 21, 22, 23, 29, 33, 37, 38, 39, 45, 49, 50, 51, 53, 54, 55, 56, 57, 61, 62, 63, 85, 101, 113, 117, 118, 119, 125, 149, 165, 177, 181, 182, 183, 189, 245, 277, 293, 305, 309, 310, 311, 317, 373, 437, 513, 517, 518, 519, 525, 529, 530, 531, 533, 534, 535, 536, 537, 541, 542, 543, 545, 546, 547, 549, 550, 551, 552, 553, 557, 558, 559, 561, 562, 563, 564, 566, 567, 568, 569, 570, 571, 573, 574, 575, 576, 581, 593, 597, 598, 599, 605, 609, 613, 614, 615, 621, 625, 626, 627, 629, 630, 631, 632, 633, 637, 638, 639, 645, 657, 661, 662, 663, 669, 673, 677, 678, 679, 685, 689, 690, 691, 693, 694, 695, 696, 697, 701, 702, 703, 725, 741, 753, 757, 758, 759, 765, 773, 785, 789, 790, 791, 797, 801, 805, 806, 807, 813, 817, 818, 819, 821, 822, 823, 824, 825, 829, 830, 831, 853, 869, 881, 885, 886, 887, 893, 917, 933, 945, 949, 950, 951, 957, 1013]
x_566: [6, 18, 21, 22, 24, 30, 34, 37, 38, 40, 46, 49, 50, 52, 53, 54, 55, 56, 58, 61, 62, 64, 86, 102, 114, 117, 118, 120, 126, 150, 166, 178, 181, 182, 184, 190, 246, 278, 294, 306, 309, 310, 312, 318, 374, 438, 514, 517, 518, 520, 526, 529, 530, 532, 533, 534, 535, 536, 538, 541, 542, 544, 545, 546, 548, 549, 550, 551, 552, 554, 557, 558, 560, 561, 562, 563, 564, 565, 567, 568, 569, 570, 572, 573, 574, 575, 576, 582, 594, 597, 598, 600, 606, 610, 613, 614, 616, 622, 625, 626, 628, 629, 630, 631, 632, 634, 637, 638, 640, 646, 658, 661, 662, 664, 670, 674, 677, 678, 680, 686, 689, 690, 692, 693, 694, 695, 696, 698, 701, 702, 704, 726, 742, 754, 757, 758, 760, 766, 774, 786, 789, 790, 792, 798, 802, 805, 806, 808, 814, 817, 818, 820, 821, 822, 823, 824, 826, 829, 830, 832, 854, 870, 882, 885, 886, 888, 894, 918, 934, 946, 949, 950, 952, 958, 1014]
x_567: [7, 19, 21, 23, 24, 31, 35, 37, 39, 40, 47, 49, 51, 52, 53, 54, 55, 56, 59, 61, 63, 64, 87, 103, 115, 117, 119, 120, 127, 151, 167, 179, 181, 183, 184, 191, 247, 279, 295, 307, 309, 311, 312, 319, 375, 439, 515, 517, 519, 520, 527, 529, 531, 532, 533, 534, 535, 536, 539, 541, 543, 544, 545, 547, 548, 549, 550, 551, 552, 555, 557, 559, 560, 561, 562, 563, 564, 565, 566, 568, 569, 571, 572, 573, 574, 575, 576, 583, 595, 597, 599, 600, 607, 611, 613, 615, 616, 623, 625, 627, 628, 629, 630, 631, 632, 635, 637, 639, 640, 647, 659, 661, 663, 664, 671, 675, 677, 679, 680, 687, 689, 691, 692, 693, 694, 695, 696, 699, 701, 703, 704, 727, 743, 755, 757, 759, 760, 767, 775, 787, 789, 791, 792, 799, 803, 805, 807, 808, 815, 817, 819, 820, 821, 822, 823, 824, 827, 829, 831, 832, 855, 871, 883, 885, 887, 888, 895, 919, 935, 947, 949, 951, 952, 959, 1015]
x_568: [8, 20, 22, 23, 24, 32, 36, 38, 39, 40, 48, 50, 51, 52, 53, 54, 55, 56, 60, 62, 63, 64, 88, 104, 116, 118, 119, 120, 128, 152, 168, 180, 182, 183, 184, 192, 248, 280, 296, 308, 310, 311, 312, 320, 376, 440, 516, 518, 519, 520, 528, 530, 531, 532, 533, 534, 535, 536, 540, 542, 543, 544, 546, 547, 548, 549, 550, 551, 552, 556, 558, 559, 560, 561, 562, 563, 564, 565, 566, 567, 570, 571, 572, 573, 574, 575, 576, 584, 596, 598, 599, 600, 608, 612, 614, 615, 616, 624, 626, 627, 628, 629, 630, 631, 632, 636, 638, 639, 640, 648, 660, 662, 663, 664, 672, 676, 678, 679, 680, 688, 690, 691, 692, 693, 694, 695, 696, 700, 702, 703, 704, 728, 744, 756, 758, 759, 760, 768, 776, 788, 790, 791, 792, 800, 804, 806, 807, 808, 816, 818, 819, 820, 821, 822, 823, 824, 828, 830, 831, 832, 856, 872, 884, 886, 887, 888, 896, 920, 936, 948, 950, 951, 952, 960, 1016]
x_569: [9, 17, 25, 26, 27, 29, 33, 41, 42, 43, 45, 49, 50, 51, 53, 57, 58, 59, 60, 61, 62, 63, 89, 105, 113, 121, 122, 123, 125, 153, 169, 177, 185, 186, 187, 189, 249, 281, 297, 305, 313, 314, 315, 317, 377, 441, 513, 521, 522, 523, 525, 529, 530, 531, 533, 537, 538, 539, 540, 541, 542, 543, 545, 546, 547, 549, 553, 554, 555, 556, 557, 558, 559, 561, 562, 563, 564, 565, 566, 567, 570, 571, 572, 573, 574, 575, 576, 585, 593, 601, 602, 603, 605, 609, 617, 618, 619, 621, 625, 626, 627, 629, 633, 634, 635, 636, 637, 638, 639, 649, 657, 665, 666, 667, 669, 673, 681, 682, 683, 685, 689, 690, 691, 693, 697, 698, 699, 700, 701, 702, 703, 729, 745, 753, 761, 762, 763, 765, 777, 785, 793, 794, 795, 797, 801, 809, 810, 811, 813, 817, 818, 819, 821, 825, 826, 827, 828, 829, 830, 831, 857, 873, 881, 889, 890, 891, 893, 921, 937, 945, 953, 954, 955, 957, 1017]
x_570: [10, 18, 25, 26, 28, 30, 34, 41, 42, 44, 46, 49, 50, 52, 54, 57, 58, 59, 60, 61, 62, 64, 90, 106, 114, 121, 122, 124, 126, 154, 170, 178, 185, 186, 188, 190, 250, 282, 298, 306, 313, 314, 316, 318, 378, 442, 514, 521, 522, 524, 526, 529, 530, 532, 534, 537, 538, 539, 540, 541, 542, 544, 545, 546, 548, 550, 553, 554, 555, 556, 557, 558, 560, 561, 562, 563, 564, 565, 566, 568, 569, 571, 572, 573, 574, 575, 576, 586, 594, 601, 602, 604, 606, 610, 617, 618, 620, 622, 625, 626, 628, 630, 633, 634, 635, 636, 637, 638, 640, 650, 658, 665, 666, 668, 670, 674, 681, 682, 684, 686, 689, 690, 692, 694, 697, 698, 699, 700, 701, 702, 704, 730, 746, 754, 761, 762, 764, 766, 778, 786, 793, 794, 796, 798, 802, 809, 810, 812, 814, 817, 818, 820, 822, 825, 826, 827, 828, 829, 830, 832, 858, 874, 882, 889, 890, 892, 894, 922, 938, 946, 953, 954, 956, 958, 1018]
x_571: [11, 19, 25, 27, 28, 31, 35, 41, 43, 44, 47, 49, 51, 52, 55, 57, 58, 59, 60, 61, 63, 64, 91, 107, 115, 121, 123, 124, 127, 155, 171, 179, 185, 187, 188, 191, 251, 283, 299, 307, 313, 315, 316, 319, 379, 443, 515, 521, 523, 524, 527, 529, 531, 532, 535, 537, 538, 539, 540, 541, 543, 544, 545, 547, 548, 551, 553, 554, 555, 556, 557, 559, 560, 561, 562, 563, 564, 565, 567, 568, 569, 570, 572, 573, 574, 575, 576, 587, 595, 601, 603, 604, 607, 611, 617, 619, 620, 623, 625, 627, 628, 631, 633, 634, 635, 636, 637, 639, 640, 651, 659, 665, 667, 668, 671, 675, 681, 683, 684, 687, 689, 691, 692, 695, 697, 698, 699, 700, 701, 703, 704, 731, 747, 755, 761, 763, 764, 767, 779, 787, 793, 795, 796, 799, 803, 809, 811, 812, 815, 817, 819, 820, 823, 825, 826, 827, 828, 829, 831, 832, 859, 875, 883, 889, 891, 892, 895, 923, 939, 947, 953, 955, 956, 959, 1019]
x_572: [12, 20, 26, 27, 28, 32, 36, 42, 43, 44, 48, 50, 51, 52, 56, 57, 58, 59, 60, 62, 63, 64, 92, 108, 116, 122, 123, 124, 128, 156, 172, 180, 186, 187, 188, 192, 252, 284, 300, 308, 314, 315, 316, 320, 380, 444, 516, 522, 523, 524, 528, 530, 531, 532, 536, 537, 538, 539, 540, 542, 543, 544, 546, 547, 548, 552, 553, 554, 555, 556, 558, 559, 560, 561, 562, 563, 564, 566, 567, 568, 569, 570, 571, 573, 574, 575, 576, 588, 596, 602, 603, 604, 608, 612, 618, 619, 620, 624, 626, 627, 628, 632, 633, 634, 635, 636, 638, 639, 640, 652, 660, 666, 667, 668, 672, 676, 682, 683, 684, 688, 690, 691, 692, 696, 697, 698, 699, 700, 702, 703, 704, 732, 748, 756, 762, 763, 764, 768, 780, 788, 794, 795, 796, 800, 804, 810, 811, 812, 816, 818, 819, 820, 824, 825, 826, 827, 828, 830, 831, 832, 860, 876, 884, 890, 891, 892, 896, 924, 940, 948, 954, 955, 956, 960, 1020]
x_573: [13, 21, 25, 29, 30, 31, 37, 41, 45, 46, 47, 49, 53, 54, 55, 57, 58, 59, 61, 62, 63, 64, 93, 109, 117, 121, 125, 126, 127, 157, 173, 181, 185, 189, 190, 191, 253, 285, 301, 309, 313, 317, 318, 319, 381, 445, 517, 521, 525, 526, 527, 529, 533, 534, 535, 537, 538, 539, 541, 542, 543, 544, 545, 549, 550, 551, 553, 554, 555, 557, 558, 559, 560, 561, 562, 563, 565, 566, 567, 568, 569, 570, 571, 572, 574, 575, 576, 589, 597, 601, 605, 606, 607, 613, 617, 621, 622, 623, 625, 629, 630, 631, 633, 634, 635, 637, 638, 639, 640, 653, 661, 665, 669, 670, 671, 677, 681, 685, 686, 687, 689, 693, 694, 695, 697, 698, 699, 701, 702, 703, 704, 733, 749, 757, 761, 765, 766, 767, 781, 789, 793, 797, 798, 799, 805, 809, 813, 814, 815, 817, 821, 822, 823, 825, 826, 827, 829, 830, 831, 832, 861, 877, 885, 889, 893, 894, 895, 925, 941, 949, 953, 957, 958, 959, 1021]
x_574: [14, 22, 26, 29, 30, 32, 38, 42, 45, 46, 48, 50, 53, 54, 56, 57, 58, 60, 61, 62, 63, 64, 94, 110, 118, 122, 125, 126, 128, 158, 174, 182, 186, 189, 190, 192, 254, 286, 302, 310, 314, 317, 318, 320, 382, 446, 518, 522, 525, 526, 528, 530, 533, 534, 536, 537, 538, 540, 541, 542, 543, 544, 546, 549, 550, 552, 553, 554, 556, 557, 558, 559, 560, 561, 562, 564, 565, 566, 567, 568, 569, 570, 571, 572, 573, 575, 576, 590, 598, 602, 605, 606, 608, 614, 618, 621, 622, 624, 626, 629, 630, 632, 633, 634, 636, 637, 638, 639, 640, 654, 662, 666, 669, 670, 672, 678, 682, 685, 686, 688, 690, 693, 694, 696, 697, 698, 700, 701, 702, 703, 704, 734, 750, 758, 762, 765, 766, 768, 782, 790, 794, 797, 798, 800, 806, 810, 813, 814, 816, 818, 821, 822, 824, 825, 826, 828, 829, 830, 831, 832, 862, 878, 886, 890, 893, 894, 896, 926, 942, 950, 954, 957, 958, 960, 1022]
x_575: [15, 23, 27, 29, 31, 32, 39, 43, 45, 47, 48, 51, 53, 55, 56, 57, 59, 60, 61, 62, 63, 64, 95, 111, 119, 123, 125, 127, 128, 159, 175, 183, 187, 189, 191, 192, 255, 287, 303, 311, 315, 317, 319, 320, 383, 447, 519, 523, 525, 527, 528, 531, 533, 535, 536, 537, 539, 540, 541, 542, 543, 544, 547, 549, 551, 552, 553, 555, 556, 557, 558, 559, 560, 561, 563, 564, 565, 566, 567, 568, 569, 570, 571, 572, 573, 574, 576, 591, 599, 603, 605, 607, 608, 615, 619, 621, 623, 624, 627, 629, 631, 632, 633, 635, 636, 637, 638, 639, 640, 655, 663, 667, 669, 671, 672, 679, 683, 685, 687, 688, 691, 693, 695, 696, 697, 699, 700, 701, 702, 703, 704, 735, 751, 759, 763, 765, 767, 768, 783, 791, 795, 797, 799, 800, 807, 811, 813, 815, 816, 819, 821, 823, 824, 825, 827, 828, 829, 830, 831, 832, 863, 879, 887, 891, 893, 895, 896, 927, 943, 951, 955, 957, 959, 960, 1023]
x_576: [16, 24, 28, 30, 31, 32, 40, 44, 46, 47, 48, 52, 54, 55, 56, 58, 59, 60, 61, 62, 63, 64, 96, 112, 120, 124, 126, 127, 128, 160, 176, 184, 188, 190, 191, 192, 256, 288, 304, 312, 316, 318, 319, 320, 384, 448, 520, 524, 526, 527, 528, 532, 534, 535, 536, 538, 539, 540, 541, 542, 543, 544, 548, 550, 551, 552, 554, 555, 556, 557, 558, 559, 560, 562, 563, 564, 565, 566, 567, 568, 569, 570, 571, 572, 573, 574, 575, 592, 600, 604, 606, 607, 608, 616, 620, 622, 623, 624, 628, 630, 631, 632, 634, 635, 636, 637, 638, 639, 640, 656, 664, 668, 670, 671, 672, 680, 684, 686, 687, 688, 692, 694, 695, 696, 698, 699, 700, 701, 702, 703, 704, 736, 752, 760, 764, 766, 767, 768, 784, 792, 796, 798, 799, 800, 808, 812, 814, 815, 816, 820, 822, 823, 824, 826, 827, 828, 829, 830, 831, 832, 864, 880, 888, 892, 894, 895, 896, 928, 944, 952, 956, 958, 959, 960, 1024]
x_577: [1, 2, 3, 5, 9, 17, 33, 65, 66, 67, 68, 69, 70, 71, 73, 74, 75, 77, 81, 82, 83, 85, 89, 97, 98, 99, 101, 105, 113, 129, 193, 194, 195, 197, 201, 209, 225, 257, 321, 322, 323, 325, 329, 337, 353, 449, 513, 514, 515, 516, 517, 518, 519, 521, 522, 523, 525, 529, 530, 531, 533, 537, 545, 546, 547, 549, 553, 561, 578, 579, 580, 581, 582, 583, 584, 585, 586, 587, 588, 589, 590, 591, 593, 594, 595, 596, 597, 598, 599, 601, 602, 603, 605, 609, 610, 611, 612, 613, 614, 615, 617, 618, 619, 621, 625, 626, 627, 629, 633, 641, 642, 643, 645, 649, 657, 673, 705, 706, 707, 708, 709, 710, 711, 713, 714, 715, 717, 721, 722, 723, 725, 729, 737, 738, 739, 741, 745, 753, 769, 770, 771, 773, 777, 785, 801, 833, 834, 835, 836, 837, 838, 839, 841, 842, 843, 845, 849, 850, 851, 853, 857, 865, 866, 867, 869, 873, 881, 897, 961, 962, 963, 965, 969, 977, 993]
x_578: [1, 2, 4, 6, 10, 18, 34, 65, 66, 67, 68, 69, 70, 72, 73, 74, 76, 78, 81, 82, 84, 86, 90, 97, 98, 100, 102, 106, 114, 130, 193, 194, 196, 198, 202, 210, 226, 258, 321, 322, 324, 326, 330, 338, 354, 450, 513, 514, 515, 516, 517, 518, 520, 521, 522, 524, 526, 529, 530, 532, 534, 538, 545, 546, 548, 550, 554, 562, 577, 579, 580, 581, 582, 583, 584, 585, 586, 587, 588, 589, 590, 592, 593, 594, 595, 596, 597, 598, 600, 601, 602, 604, 606, 609, 610, 611, 612, 613, 614, 616, 617, 618, 620, 622, 625, 626, 628, 630, 634, 641, 642, 644, 646, 650, 658, 674, 705, 706, 707, 708, 709, 710, 712, 713, 714, 716, 718, 721, 722, 724, 726, 730, 737, 738, 740, 742, 746, 754, 769, 770, 772, 774, 778, 786, 802, 833, 834, 835, 836, 837, 838, 840, 841, 842, 844, 846, 849, 850, 852, 854, 858, 865, 866, 868, 870, 874, 882, 898, 961, 962, 964, 966, 970, 978, 994]
x_579: [1, 3, 4, 7, 11, 19, 35, 65, 66, 67, 68, 69, 71, 72, 73, 75, 76, 79, 81, 83, 84, 87, 91, 97, 99, 100, 103, 107, 115, 131, 193, 195, 196, 199, 203, 211, 227, 259, 321, 323, 324, 327, 331, 339, 355, 451, 513, 514, 515, 516, 517, 519, 520, 521, 523, 524, 527, 529, 531, 532, 535, 539, 545, 547, 548, 551, 555, 563, 577, 578, 580, 581, 582, 583, 584, 585, 586, 587, 588, 589, 591, 592, 593, 594, 595, 596, 597, 599, 600, 601, 603, 604, 607, 609, 610, 611, 612, 613, 615, 616, 617, 619, 620, 623, 625, 627, 628, 631, 635, 641, 643, 644, 647, 651, 659, 675, 705, 706, 707, 708, 709, 711, 712, 713, 715, 716, 719, 721, 723, 724, 727, 731, 737, 739, 740, 743, 747, 755, 769, 771, 772, 775, 779, 787, 803, 833, 834, 835, 836, 837, 839, 840, 841, 843, 844, 847, 849, 851, 852, 855, 859, 865, 867, 868, 871, 875, 883, 899, 961, 963, 964, 967, 971, 979, 995]
x_580: [2, 3, 4, 8, 12, 20, 36, 65, 66, 67, 68, 70, 71, 72, 74, 75, 76, 80, 82, 83, 84, 88, 92, 98, 99, 100, 104, 108, 116, 132, 194, 195, 196, 200, 204, 212, 228, 260, 322, 323, 324, 328, 332, 340, 356, 452, 513, 514, 515, 516, 518, 519, 520, 522, 523, 524, 528, 530, 531, 532, 536, 540, 546, 547, 548, 552, 556, 564, 577, 578, 579, 581, 582, 583, 584, 585, 586, 587, 588, 590, 591, 592, 593, 594, 595, 596, 598, 599, 600, 602, 603, 604, 608, 609, 610, 611, 612, 614, 615, 616, 618, 619, 620, 624, 626, 627, 628, 632, 636, 642, 643, 644, 648, 652, 660, 676, 705, 706, 707, 708, 710, 711, 712, 714, 715, 716, 720, 722, 723, 724, 728, 732, 738, 739, 740, 744, 748, 756, 770, 771, 772, 776, 780, 788, 804, 833, 834, 835, 836, 838, 839, 840, 842, 843, 844, 848, 850, 851, 852, 856, 860, 866, 867, 868, 872, 876, 884, 900, 962, 963, 964, 968, 972, 980, 996]
x_581: [1, 5, 6, 7, 13, 21, 37, 65, 66, 67, 69, 70, 71, 72, 73, 77, 78, 79, 81, 85, 86, 87, 93, 97, 101, 102, 103, 109, 117, 133, 193, 197, 198, 199, 205, 213, 229, 261, 321, 325, 326, 327, 333, 341, 357, 453, 513, 514, 515, 517, 518, 519, 520, 521, 525, 526, 527, 529, 533, 534, 535, 541, 545, 549, 550, 551, 557, 565, 577, 578, 579, 580, 582, 583, 584, 585, 586, 587, 589, 590, 591, 592, 593, 594, 595, 597, 598, 599, 600, 601, 605, 606, 607, 609, 610, 611, 613, 614, 615, 616, 617, 621, 622, 623, 625, 629, 630, 631, 637, 641, 645, 646, 647, 653, 661, 677, 705, 706, 707, 709, 710, 711, 712, 713, 717, 718, 719, 721, 725, 726, 727, 733, 737, 741, 742, 743, 749, 757, 769, 773, 774, 775, 781, 789, 805, 833, 834, 835, 837, 838, 839, 840, 841, 845, 846, 847, 849, 853, 854, 855, 861, 865, 869, 870, 871, 877, 885, 901, 961, 965, 966, 967, 973, 981, 997]
x_582: [2, 5, 6, 8, 14, 22, 38, 65, 66, 68, 69, 70, 71, 72, 74, 77, 78, 80, 82, 85, 86, 88, 94, 98, 101, 102, 104, 110, 118, 134, 194, 197, 198, 200, 206, 214, 230, 262, 322, 325, 326, 328, 334, 342, 358, 454, 513, 514, 516, 517, 518, 519, 520, 522, 525, 526, 528, 530, 533, 534, 536, 542, 546, 549, 550, 552, 558, 566, 577, 578, 579, 580, 581, 583, 584, 585, 586, 588, 589, 590, 591, 592, 593, 594, 596, 597, 598, 599, 600, 602, 605, 606, 608, 609, 610, 612, 613, 614, 615, 616, 618, 621, 622, 624, 626, 629, 630, 632, 638, 642, 645, 646, 648, 654, 662, 678, 705, 706, 708, 709, 710, 711, 712, 714, 717, 718, 720, 722, 725, 726, 728, 734, 738, 741, 742, 744, 750, 758, 770, 773, 774, 776, 782, 790, 806, 833, 834, 836, 837, 838, 839, 840, 842, 845, 846, 848, 850, 853, 854, 856, 862, 866, 869, 870, 872, 878, 886, 902, 962, 965, 966, 968, 974, 982, 998]
x_583: [3, 5, 7, 8, 15, 23, 39, 65, 67, 68, 69, 70, 71, 72, 75, 77, 79, 80, 83, 85, 87, 88, 95, 99, 101, 103, 104, 111, 119, 135, 195, 197, 199, 200, 207, 215, 231, 263, 323, 325, 327, 328, 335, 343, 359, 455, 513, 515, 516, 517, 518, 519, 520, 523, 525, 527, 528, 531, 533, 535, 536, 543, 547, 549, 551, 552, 559, 567, 577, 578, 579, 580, 581, 582, 584, 585, 587, 588, 589, 590, 591, 592, 593, 595, 596, 597, 598, 599, 600, 603, 605, 607, 608, 609, 611, 612, 613, 614, 615, 616, 619, 621, 623, 624, 627, 629, 631, 632, 639, 643, 645, 647, 648, 655, 663, 679, 705, 707, 708, 709, 710, 711, 712, 715, 717, 719, 720, 723, 725, 727, 728, 735, 739, 741, 743, 744, 751, 759, 771, 773, 775, 776, 783, 791, 807, 833, 835, 836, 837, 838, 839, 840, 843, 845, 847, 848, 851, 853, 855, 856, 863, 867, 869, 871, 872, 879, 887, 903, 963, 965, 967, 968, 975, 983, 999]
x_584: [4, 6, 7, 8, 16, 24, 40, 66, 67, 68, 69, 70, 71, 72, 76, 78, 79, 80, 84, 86, 87, 88, 96, 100, 102, 103, 104, 112, 120, 136, 196, 198, 199, 200, 208, 216, 232, 264, 324, 326, 327, 328, 336, 344, 360, 456, 514, 515, 516, 517, 518, 519, 520, 524, 526, 527, 528, 532, 534, 535, 536, 544, 548, 550, 551, 552, 560, 568, 577, 578, 579, 580, 581, 582, 583, 586, 587, 588, 589, 590, 591, 592, 594, 595, 596, 597, 598, 599, 600, 604, 606, 607, 608, 610, 611, 612, 613, 614, 615, 616, 620, 622, 623, 624, 628, 630, 631, 632, 640, 644, 646, 647, 648, 656, 664, 680, 706, 707, 708, 709, 710, 711, 712, 716, 718, 719, 720, 724, 726, 727, 728, 736, 740, 742, 743, 744, 752, 760, 772, 774, 775, 776, 784, 792, 808, 834, 835, 836, 837, 838, 839, 840, 844, 846, 847, 848, 852, 854, 855, 856, 864, 868, 870, 871, 872, 880, 888, 904, 964, 966, 967, 968, 976, 984, 1000]
x_585: [1, 9, 10, 11, 13, 25, 41, 65, 66, 67, 69, 73, 74, 75, 76, 77, 78, 79, 81, 89, 90, 91, 93, 97, 105, 106, 107, 109, 121, 137, 193, 201, 202, 203, 205, 217, 233, 265, 321, 329, 330, 331, 333, 345, 361, 457, 513, 514, 515, 517, 521, 522, 523, 524, 525, 526, 527, 529, 537, 538, 539, 541, 545, 553, 554, 555, 557, 569, 577, 578, 579, 580, 581, 582, 583, 586, 587, 588, 589, 590, 591, 592, 593, 594, 595, 597, 601, 602, 603, 604, 605, 606, 607, 609, 610, 611, 613, 617, 618, 619, 620, 621, 622, 623, 625, 633, 634, 635, 637, 641, 649, 650, 651, 653, 665, 681, 705, 706, 707, 709, 713, 714, 715, 716, 717, 718, 719, 721, 729, 730, 731, 733, 737, 745, 746, 747, 749, 761, 769, 777, 778, 779, 781, 793, 809, 833, 834, 835, 837, 841, 842, 843, 844, 845, 846, 847, 849, 857, 858, 859, 861, 865, 873, 874, 875, 877, 889, 905, 961, 969, 970, 971, 973, 985, 1001]
x_586: [2, 9, 10, 12, 14, 26, 42, 65, 66, 68, 70, 73, 74, 75, 76, 77, 78, 80, 82, 89, 90, 92, 94, 98, 105, 106, 108, 110, 122, 138, 194, 201, 202, 204, 206, 218, 234, 266, 322, 329, 330, 332, 334, 346, 362, 458, 513, 514, 516, 518, 521, 522, 523, 524, 525, 526, 528, 530, 537, 538, 540, 542, 546, 553, 554, 556, 558, 570, 577, 578, 579, 580, 581, 582, 584, 585, 587, 588, 589, 590, 591, 592, 593, 594, 596, 598, 601, 602, 603, 604, 605, 606, 608, 609, 610, 612, 614, 617, 618, 619, 620, 621, 622, 624, 626, 633, 634, 636, 638, 642, 649, 650, 652, 654, 666, 682, 705, 706, 708, 710, 713, 714, 715, 716, 717, 718, 720, 722, 729, 730, 732, 734, 738, 745, 746, 748, 750, 762, 770, 777, 778, 780, 782, 794, 810, 833, 834, 836, 838, 841, 842, 843, 844, 845, 846, 848, 850, 857, 858, 860, 862, 866, 873, 874, 876, 878, 890, 906, 962, 969, 970, 972, 974, 986, 1002]
x_587: [3, 9, 11, 12, 15, 27, 43, 65, 67, 68, 71, 73, 74, 75, 76, 77, 79, 80, 83, 89, 91, 92, 95, 99, 105, 107, 108, 111, 123, 139, 195, 201, 203, 204, 207, 219, 235, 267, 323, 329, 331, 332, 335, 347, 363, 459, 513, 515, 516, 519, 521, 522, 523, 524, 525, 527, 528, 531, 537, 539, 540, 543, 547, 553, 555, 556, 559, 571, 577, 578, 579, 580, 581, 583, 584, 585, 586, 588, 589, 590, 591, 592, 593, 595, 596, 599, 601, 602, 603, 604, 605, 607, 608, 609, 611, 612, 615, 617, 618, 619, 620, 621, 623, 624, 627, 633, 635, 636, 639, 643, 649, 651, 652, 655, 667, 683, 705, 707, 708, 711, 713, 714, 715, 716, 717, 719, 720, 723, 729, 731, 732, 735, 739, 745, 747, 748, 751, 763, 771, 777, 779, 780, 783, 795, 811, 833, 835, 836, 839, 841, 842, 843, 844, 845, 847, 848, 851, 857, 859, 860, 863, 867, 873, 875, 876, 879, 891, 907, 963, 969, 971, 972, 975, 987, 1003]
x_588: [4, 10, 11, 12, 16, 28, 44, 66, 67, 68, 72, 73, 74, 75, 76, 78, 79, 80, 84, 90, 91, 92, 96, 100, 106, 107, 108, 112, 124, 140, 196, 202, 203, 204, 208, 220, 236, 268, 324, 330, 331, 332, 336, 348, 364, 460, 514, 515, 516, 520, 521, 522, 523, 524, 526, 527, 528, 532, 538, 539, 540, 544, 548, 554, 555, 556, 560, 572, 577, 578, 579, 580, 582, 583, 584, 585, 586, 587, 589, 590, 591, 592, 594, 595, 596, 600, 601, 602, 603, 604, 606, 607, 608, 610, 611, 612, 616, 617, 618, 619, 620, 622, 623, 624, 628, 634, 635, 636, 640, 644, 650, 651, 652, 656, 668, 684, 706, 707, 708, 712, 713, 714, 715, 716, 718, 719, 720, 724, 730, 731, 732, 736, 740, 746, 747, 748, 752, 764, 772, 778, 779, 780, 784, 796, 812, 834, 835, 836, 840, 841, 842, 843, 844, 846, 847, 848, 852, 858, 859, 860, 864, 868, 874, 875, 876, 880, 892, 908, 964, 970, 971, 972, 976, 988, 1004]
x_589: [5, 9, 13, 14, 15, 29, 45, 65, 69, 70, 71, 73, 74, 75, 77, 78, 79, 80, 85, 89, 93, 94, 95, 101, 105, 109, 110, 111, 125, 141, 197, 201, 205, 206, 207, 221, 237, 269, 325, 329, 333, 334, 335, 349, 365, 461, 513, 517, 518, 519, 521, 522, 523, 525, 526, 527, 528, 533, 537, 541, 542, 543, 549, 553, 557, 558, 559, 573, 577, 578, 579, 581, 582, 583, 584, 585, 586, 587, 588, 590, 591, 592, 593, 597, 598, 599, 601, 602, 603, 605, 606, 607, 608, 609, 613, 614, 615, 617, 618, 619, 621, 622, 623, 624, 629, 633, 637, 638, 639, 645, 649, 653, 654, 655, 669, 685, 705, 709, 710, 711, 713, 714, 715, 717, 718, 719, 720, 725, 729, 733, 734, 735, 741, 745, 749, 750, 751, 765, 773, 777, 781, 782, 783, 797, 813, 833, 837, 838, 839, 841, 842, 843, 845, 846, 847, 848, 853, 857, 861, 862, 863, 869, 873, 877, 878, 879, 893, 909, 965, 969, 973, 974, 975, 989, 1005]
x_590: [6, 10, 13, 14, 16, 30, 46, 66, 69, 70, 72, 73, 74, 76, 77, 78, 79, 80, 86, 90, 93, 94, 96, 102, 106, 109, 110, 112, 126, 142, 198, 202, 205, 206, 208, 222, 238, 270, 326, 330, 333, 334, 336, 350, 366, 462, 514, 517, 518, 520, 521, 522, 524, 525, 526, 527, 528, 534, 538, 541, 542, 544, 550, 554, 557, 558, 560, 574, 577, 578, 580, 581, 582, 583, 584, 585, 586, 587, 588, 589, 591, 592, 594, 597, 598, 600, 601, 602, 604, 605, 606, 607, 608, 610, 613, 614, 616, 617, 618, 620, 621, 622, 623, 624, 630, 634, 637, 638, 640, 646, 650, 653, 654, 656, 670, 686, 706, 709, 710, 712, 713, 714, 716, 717, 718, 719, 720, 726, 730, 733, 734, 736, 742, 746, 749, 750, 752, 766, 774, 778, 781, 782, 784, 798, 814, 834, 837, 838, 840, 841, 842, 844, 845, 846, 847, 848, 854, 858, 861, 862, 864, 870, 874, 877, 878, 880, 894, 910, 966, 970, 973, 974, 976, 990, 1006]
x_591: [7, 11, 13, 15, 16, 31, 47, 67, 69, 71, 72, 73, 75, 76, 77, 78, 79, 80, 87, 91, 93, 95, 96, 103, 107, 109, 111, 112, 127, 143, 199, 203, 205, 207, 208, 223, 239, 271, 327, 331, 333, 335, 336, 351, 367, 463, 515, 517, 519, 520, 521, 523, 524, 525, 526, 527, 528, 535, 539, 541, 543, 544, 551, 555, 557, 559, 560, 575, 577, 579, 580, 581, 582, 583, 584, 585, 586, 587, 588, 589, 590, 592, 595, 597, 599, 600, 601, 603, 604, 605, 606, 607, 608, 611, 613, 615, 616, 617, 619, 620, 621, 622, 623, 624, 631, 635, 637, 639, 640, 647, 651, 653, 655, 656, 671, 687, 707, 709, 711, 712, 713, 715, 716, 717, 718, 719, 720, 727, 731, 733, 735, 736, 743, 747, 749, 751, 752, 767, 775, 779, 781, 783, 784, 799, 815, 835, 837, 839, 840, 841, 843, 844, 845, 846, 847, 848, 855, 859, 861, 863, 864, 871, 875, 877, 879, 880, 895, 911, 967, 971, 973, 975, 976, 991, 1007]
x_592: [8, 12, 14, 15, 16, 32, 48, 68, 70, 71, 72, 74, 75, 76, 77, 78, 79, 80, 88, 92, 94, 95, 96, 104, 108, 110, 111, 112, 128, 144, 200, 204, 206, 207, 208, 224, 240, 272, 328, 332, 334, 335, 336, 352, 368, 464, 516, 518, 519, 520, 522, 523, 524, 525, 526, 527, 528, 536, 540, 542, 543, 544, 552, 556, 558, 559, 560, 576, 578, 579, 580, 581, 582, 583, 584, 585, 586, 587, 588, 589, 590, 591, 596, 598, 599, 600, 602, 603, 604, 605, 606, 607, 608, 612, 614, 615, 616, 618, 619, 620, 621, 622, 623, 624, 632, 636, 638, 639, 640, 648, 652, 654, 655, 656, 672, 688, 708, 710, 711, 712, 714, 715, 716, 717, 718, 719, 720, 728, 732, 734, 735, 736, 744, 748, 750, 751, 752, 768, 776, 780, 782, 783, 784, 800, 816, 836, 838, 839, 840, 842, 843, 844, 845, 846, 847, 848, 856, 860, 862, 863, 864, 872, 876, 878, 879, 880, 896, 912, 968, 972, 974, 975, 976, 992, 1008]
x_593: [1, 17, 18, 19, 21, 25, 49, 65, 66, 67, 69, 73, 81, 82, 83, 84, 85, 86, 87, 89, 90, 91, 93, 97, 113, 114, 115, 117, 121, 145, 193, 209, 210, 211, 213, 217, 241, 273, 321, 337, 338, 339, 341, 345, 369, 465, 513, 514, 515, 517, 521, 529, 530, 531, 532, 533, 534, 535, 537, 538, 539, 541, 545, 561, 562, 563, 565, 569, 577, 578, 579, 580, 581, 582, 583, 585, 586, 587, 589, 594, 595, 596, 597, 598, 599, 600, 601, 602, 603, 604, 605, 606, 607, 609, 610, 611, 613, 617, 625, 626, 627, 628, 629, 630, 631, 633, 634, 635, 637, 641, 657, 658, 659, 661, 665, 689, 705, 706, 707, 709, 713, 721, 722, 723, 724, 725, 726, 727, 729, 730, 731, 733, 737, 753, 754, 755, 757, 761, 769, 785, 786, 787, 789, 793, 817, 833, 834, 835, 837, 841, 849, 850, 851, 852, 853, 854, 855, 857, 858, 859, 861, 865, 881, 882, 883, 885, 889, 913, 961, 977, 978, 979, 981, 985, 1009]
x_594: [2, 17, 18, 20, 22, 26, 50, 65, 66, 68, 70, 74, 81, 82, 83, 84, 85, 86, 88, 89, 90, 92, 94, 98, 113, 114, 116, 118, 122, 146, 194, 209, 210, 212, 214, 218, 242, 274, 322, 337, 338, 340, 342, 346, 370, 466, 513, 514, 516, 518, 522, 529, 530, 531, 532, 533, 534, 536, 537, 538, 540, 542, 546, 561, 562, 564, 566, 570, 577, 578, 579, 580, 581, 582, 584, 585, 586, 588, 590, 593, 595, 596, 597, 598, 599, 600, 601, 602, 603, 604, 605, 606, 608, 609, 610, 612, 614, 618, 625, 626, 627, 628, 629, 630, 632, 633, 634, 636, 638, 642, 657, 658, 660, 662, 666, 690, 705, 706, 708, 710, 714, 721, 722, 723, 724, 725, 726, 728, 729, 730, 732, 734, 738, 753, 754, 756, 758, 762, 770, 785, 786, 788, 790, 794, 818, 833, 834, 836, 838, 842, 849, 850, 851, 852, 853, 854, 856, 857, 858, 860, 862, 866, 881, 882, 884, 886, 890, 914, 962, 977, 978, 980, 982, 986, 1010]
x_595: [3, 17, 19, 20, 23, 27, 51, 65, 67, 68, 71, 75, 81, 82, 83, 84, 85, 87, 88, 89, 91, 92, 95, 99, 113, 115, 116, 119, 123, 147, 195, 209, 211, 212, 215, 219, 243, 275, 323, 337, 339, 340, 343, 347, 371, 467, 513, 515, 516, 519, 523, 529, 530, 531, 532, 533, 535, 536, 537, 539, 540, 543, 547, 561, 563, 564, 567, 571, 577, 578, 579, 580, 581, 583, 584, 585, 587, 588, 591, 593, 594, 596, 597, 598, 599, 600, 601, 602, 603, 604, 605, 607, 608, 609, 611, 612, 615, 619, 625, 626, 627, 628, 629, 631, 632, 633, 635, 636, 639, 643, 657, 659, 660, 663, 667, 691, 705, 707, 708, 711, 715, 721, 722, 723, 724, 725, 727, 728, 729, 731, 732, 735, 739, 753, 755, 756, 759, 763, 771, 785, 787, 788, 791, 795, 819, 833, 835, 836, 839, 843, 849, 850, 851, 852, 853, 855, 856, 857, 859, 860, 863, 867, 881, 883, 884, 887, 891, 915, 963, 977, 979, 980, 983, 987, 1011]
x_596: [4, 18, 19, 20, 24, 28, 52, 66, 67, 68, 72, 76, 81, 82, 83, 84, 86, 87, 88, 90, 91, 92, 96, 100, 114, 115, 116, 120, 124, 148, 196, 210, 211, 212, 216, 220, 244, 276, 324, 338, 339, 340, 344, 348, 372, 468, 514, 515, 516, 520, 524, 529, 530, 531, 532, 534, 535, 536, 538, 539, 540, 544, 548, 562, 563, 564, 568, 572, 577, 578, 579, 580, 582, 583, 584, 586, 587, 588, 592, 593, 594, 595, 597, 598, 599, 600, 601, 602, 603, 604, 606, 607, 608, 610, 611, 612, 616, 620, 625, 626, 627, 628, 630, 631, 632, 634, 635, 636, 640, 644, 658, 659, 660, 664, 668, 692, 706, 707, 708, 712, 716, 721, 722, 723, 724, 726, 727, 728, 730, 731, 732, 736, 740, 754, 755, 756, 760, 764, 772, 786, 787, 788, 792, 796, 820, 834, 835, 836, 840, 844, 849, 850, 851, 852, 854, 855, 856, 858, 859, 860, 864, 868, 882, 883, 884, 888, 892, 916, 964, 978, 979, 980, 984, 988, 1012]
x_597: [5, 17, 21, 22, 23, 29, 53, 65, 69, 70, 71, 77, 81, 82, 83, 85, 86, 87, 88, 89, 93, 94, 95, 101, 113, 117, 118, 119, 125, 149, 197, 209, 213, 214, 215, 221, 245, 277, 325, 337, 341, 342, 343, 349, 373, 469, 513, 517, 518, 519, 525, 529, 530, 531, 533, 534, 535, 536, 537, 541, 542, 543, 549, 561, 565, 566, 567, 573, 577, 578, 579, 581, 582, 583, 584, 585, 589, 590, 591, 593, 594, 595, 596, 598, 599, 600, 601, 602, 603, 605, 606, 607, 608, 609, 613, 614, 615, 621, 625, 626, 627, 629, 630, 631, 632, 633, 637, 638, 639, 645, 657, 661, 662, 663, 669, 693, 705, 709, 710, 711, 717, 721, 722, 723, 725, 726, 727, 728, 729, 733, 734, 735, 741, 753, 757, 758, 759, 765, 773, 785, 789, 790, 791, 797, 821, 833, 837, 838, 839, 845, 849, 850, 851, 853, 854, 855, 856, 857, 861, 862, 863, 869, 881, 885, 886, 887, 893, 917, 965, 977, 981, 982, 983, 989, 1013]
x_598: [6, 18, 21, 22, 24, 30, 54, 66, 69, 70, 72, 78, 81, 82, 84, 85, 86, 87, 88, 90, 93, 94, 96, 102, 114, 117, 118, 120, 126, 150, 198, 210, 213, 214, 216, 222, 246, 278, 326, 338, 341, 342, 344, 350, 374, 470, 514, 517, 518, 520, 526, 529, 530, 532, 533, 534, 535, 536, 538, 541, 542, 544, 550, 562, 565, 566, 568, 574, 577, 578, 580, 581, 582, 583, 584, 586, 589, 590, 592, 593, 594, 595, 596, 597, 599, 600, 601, 602, 604, 605, 606, 607, 608, 610, 613, 614, 616, 622, 625, 626, 628, 629, 630, 631, 632, 634, 637, 638, 640, 646, 658, 661, 662, 664, 670, 694, 706, 709, 710, 712, 718, 721, 722, 724, 725, 726, 727, 728, 730, 733, 734, 736, 742, 754, 757, 758, 760, 766, 774, 786, 789, 790, 792, 798, 822, 834, 837, 838, 840, 846, 849, 850, 852, 853, 854, 855, 856, 858, 861, 862, 864, 870, 882, 885, 886, 888, 894, 918, 966, 978, 981, 982, 984, 990, 1014]
x_599: [7, 19, 21, 23, 24, 31, 55, 67, 69, 71, 72, 79, 81, 83, 84, 85, 86, 87, 88, 91, 93, 95, 96, 103, 115, 117, 119, 120, 127, 151, 199, 211, 213, 215, 216, 223, 247, 279, 327, 339, 341, 343, 344, 351, 375, 471, 515, 517, 519, 520, 527, 529, 531, 532, 533, 534, 535, 536, 539, 541, 543, 544, 551, 563, 565, 567, 568, 575, 577, 579, 580, 581, 582, 583, 584, 587, 589, 591, 592, 593, 594, 595, 596, 597, 598, 600, 601, 603, 604, 605, 606, 607, 608, 611, 613, 615, 616, 623, 625, 627, 628, 629, 630, 631, 632, 635, 637, 639, 640, 647, 659, 661, 663, 664, 671, 695, 707, 709, 711, 712, 719, 721, 723, 724, 725, 726, 727, 728, 731, 733, 735, 736, 743, 755, 757, 759, 760, 767, 775, 787, 789, 791, 792, 799, 823, 835, 837, 839, 840, 847, 849, 851, 852, 853, 854, 855, 856, 859, 861, 863, 864, 871, 883, 885, 887, 888, 895, 919, 967, 979, 981, 983, 984, 991, 1015]
x_600: [8, 20, 22, 23, 24, 32, 56, 68, 70, 71, 72, 80, 82, 83, 84, 85, 86, 87, 88, 92, 94, 95, 96, 104, 116, 118, 119, 120, 128, 152, 200, 212, 214, 215, 216, 224, 248, 280, 328, 340, 342, 343, 344, 352, 376, 472, 516, 518, 519, 520, 528, 530, 531, 532, 533, 534, 535, 536, 540, 542, 543, 544, 552, 564, 566, 567, 568, 576, 578, 579, 580, 581, 582, 583, 584, 588, 590, 591, 592, 593, 594, 595, 596, 597, 598, 599, 602, 603, 604, 605, 606, 607, 608, 612, 614, 615, 616, 624, 626, 627, 628, 629, 630, 631, 632, 636, 638, 639, 640, 648, 660, 662, 663, 664, 672, 696, 708, 710, 711, 712, 720, 722, 723, 724, 725, 726, 727, 728, 732, 734, 735, 736, 744, 756, 758, 759, 760, 768, 776, 788, 790, 791, 792, 800, 824, 836, 838, 839, 840, 848, 850, 851, 852, 853, 854, 855, 856, 860, 862, 863, 864, 872, 884, 886, 887, 888, 896, 920, 968, 980, 982, 983, 984, 992, 1016]
x_601: [9, 17, 25, 26, 27, 29, 57, 65, 73, 74, 75, 77, 81, 82, 83, 85, 89, 90, 91, 92, 93, 94, 95, 105, 113, 121, 122, 123, 125, 153, 201, 209, 217, 218, 219, 221, 249, 281, 329, 337, 345, 346, 347, 349, 377, 473, 513, 521, 522, 523, 525, 529, 530, 531, 533, 537, 538, 539, 540, 541, 542, 543, 553, 561, 569, 570, 571, 573, 577, 578, 579, 581, 585, 586, 587, 588, 589, 590, 591, 593, 594, 595, 596, 597, 598, 599, 602, 603, 604, 605, 606, 607, 608, 609, 617, 618, 619, 621, 625, 626, 627, 629, 633, 634, 635, 636, 637, 638, 639, 649, 657, 665, 666, 667, 669, 697, 705, 713, 714, 715, 717, 721, 722, 723, 725, 729, 730, 731, 732, 733, 734, 735, 745, 753, 761, 762, 763, 765, 777, 785, 793, 794, 795, 797, 825, 833, 841, 842, 843, 845, 849, 850, 851, 853, 857, 858, 859, 860, 861, 862, 863, 873, 881, 889, 890, 891, 893, 921, 969, 977, 985, 986, 987, 989, 1017]
x_602: [10, 18, 25, 26, 28, 30, 58, 66, 73, 74, 76, 78, 81, 82, 84, 86, 89, 90, 91, 92, 93, 94, 96, 106, 114, 121, 122, 124, 126, 154, 202, 210, 217, 218, 220, 222, 250, 282, 330, 338, 345, 346, 348, 350, 378, 474, 514, 521, 522, 524, 526, 529, 530, 532, 534, 537, 538, 539, 540, 541, 542, 544, 554, 562, 569, 570, 572, 574, 577, 578, 580, 582, 585, 586, 587, 588, 589, 590, 592, 593, 594, 595, 596, 597, 598, 600, 601, 603, 604, 605, 606, 607, 608, 610, 617, 618, 620, 622, 625, 626, 628, 630, 633, 634, 635, 636, 637, 638, 640, 650, 658, 665, 666, 668, 670, 698, 706, 713, 714, 716, 718, 721, 722, 724, 726, 729, 730, 731, 732, 733, 734, 736, 746, 754, 761, 762, 764, 766, 778, 786, 793, 794, 796, 798, 826, 834, 841, 842, 844, 846, 849, 850, 852, 854, 857, 858, 859, 860, 861, 862, 864, 874, 882, 889, 890, 892, 894, 922, 970, 978, 985, 986, 988, 990, 1018]
x_603: [11, 19, 25, 27, 28, 31, 59, 67, 73, 75, 76, 79, 81, 83, 84, 87, 89, 90, 91, 92, 93, 95, 96, 107, 115, 121, 123, 124, 127, 155, 203, 211, 217, 219, 220, 223, 251, 283, 331, 339, 345, 347, 348, 351, 379, 475, 515, 521, 523, 524, 527, 529, 531, 532, 535, 537, 538, 539, 540, 541, 543, 544, 555, 563, 569, 571, 572, 575, 577, 579, 580, 583, 585, 586, 587, 588, 589, 591, 592, 593, 594, 595, 596, 597, 599, 600, 601, 602, 604, 605, 606, 607, 608, 611, 617, 619, 620, 623, 625, 627, 628, 631, 633, 634, 635, 636, 637, 639, 640, 651, 659, 665, 667, 668, 671, 699, 707, 713, 715, 716, 719, 721, 723, 724, 727, 729, 730, 731, 732, 733, 735, 736, 747, 755, 761, 763, 764, 767, 779, 787, 793, 795, 796, 799, 827, 835, 841, 843, 844, 847, 849, 851, 852, 855, 857, 858, 859, 860, 861, 863, 864, 875, 883, 889, 891, 892, 895, 923, 971, 979, 985, 987, 988, 991, 1019]
x_604: [12, 20, 26, 27, 28, 32, 60, 68, 74, 75, 76, 80, 82, 83, 84, 88, 89, 90, 91, 92, 94, 95, 96, 108, 116, 122, 123, 124, 128, 156, 204, 212, 218, 219, 220, 224, 252, 284, 332, 340, 346, 347, 348, 352, 380, 476, 516, 522, 523, 524, 528, 530, 531, 532, 536, 537, 538, 539, 540, 542, 543, 544, 556, 564, 570, 571, 572, 576, 578, 579, 580, 584, 585, 586, 587, 588, 590, 591, 592, 593, 594, 595, 596, 598, 599, 600, 601, 602, 603, 605, 606, 607, 608, 612, 618, 619, 620, 624, 626, 627, 628, 632, 633, 634, 635, 636, 638, 639, 640, 652, 660, 666, 667, 668, 672, 700, 708, 714, 715, 716, 720, 722, 723, 724, 728, 729, 730, 731, 732, 734, 735, 736, 748, 756, 762, 763, 764, 768, 780, 788, 794, 795, 796, 800, 828, 836, 842, 843, 844, 848, 850, 851, 852, 856, 857, 858, 859, 860, 862, 863, 864, 876, 884, 890, 891, 892, 896, 924, 972, 980, 986, 987, 988, 992, 1020]
x_605: [13, 21, 25, 29, 30, 31, 61, 69, 73, 77, 78, 79, 81, 85, 86, 87, 89, 90, 91, 93, 94, 95, 96, 109, 117, 121, 125, 126, 127, 157, 205, 213, 217, 221, 222, 223, 253, 285, 333, 341, 345, 349, 350, 351, 381, 477, 517, 521, 525, 526, 527, 529, 533, 534, 535, 537, 538, 539, 541, 542, 543, 544, 557, 565, 569, 573, 574, 575, 577, 581, 582, 583, 585, 586, 587, 589, 590, 591, 592, 593, 594, 595, 597, 598, 599, 600, 601, 602, 603, 604, 606, 607, 608, 613, 617, 621, 622, 623, 625, 629, 630, 631, 633, 634, 635, 637, 638, 639, 640, 653, 661, 665, 669, 670, 671, 701, 709, 713, 717, 718, 719, 721, 725, 726, 727, 729, 730, 731, 733, 734, 735, 736, 749, 757, 761, 765, 766, 767, 781, 789, 793, 797, 798, 799, 829, 837, 841, 845, 846, 847, 849, 853, 854, 855, 857, 858, 859, 861, 862, 863, 864, 877, 885, 889, 893, 894, 895, 925, 973, 981, 985, 989, 990, 991, 1021]
x_606: [14, 22, 26, 29, 30, 32, 62, 70, 74, 77, 78, 80, 82, 85, 86, 88, 89, 90, 92, 93, 94, 95, 96, 110, 118, 122, 125, 126, 128, 158, 206, 214, 218, 221, 222, 224, 254, 286, 334, 342, 346, 349, 350, 352, 382, 478, 518, 522, 525, 526, 528, 530, 533, 534, 536, 537, 538, 540, 541, 542, 543, 544, 558, 566, 570, 573, 574, 576, 578, 581, 582, 584, 585, 586, 588, 589, 590, 591, 592, 593, 594, 596, 597, 598, 599, 600, 601, 602, 603, 604, 605, 607, 608, 614, 618, 621, 622, 624, 626, 629, 630, 632, 633, 634, 636, 637, 638, 639, 640, 654, 662, 666, 669, 670, 672, 702, 710, 714, 717, 718, 720, 722, 725, 726, 728, 729, 730, 732, 733, 734, 735, 736, 750, 758, 762, 765, 766, 768, 782, 790, 794, 797, 798, 800, 830, 838, 842, 845, 846, 848, 850, 853, 854, 856, 857, 858, 860, 861, 862, 863, 864, 878, 886, 890, 893, 894, 896, 926, 974, 982, 986, 989, 990, 992, 1022]
x_607: [15, 23, 27, 29, 31, 32, 63, 71, 75, 77, 79, 80, 83, 85, 87, 88, 89, 91, 92, 93, 94, 95, 96, 111, 119, 123, 125, 127, 128, 159, 207, 215, 219, 221, 223, 224, 255, 287, 335, 343, 347, 349, 351, 352, 383, 479, 519, 523, 525, 527, 528, 531, 533, 535, 536, 537, 539, 540, 541, 542, 543, 544, 559, 567, 571, 573, 575, 576, 579, 581, 583, 584, 585, 587, 588, 589, 590, 591, 592, 593, 595, 596, 597, 598, 599, 600, 601, 602, 603, 604, 605, 606, 608, 615, 619, 621, 623, 624, 627, 629, 631, 632, 633, 635, 636, 637, 638, 639, 640, 655, 663, 667, 669, 671, 672, 703, 711, 715, 717, 719, 720, 723, 725, 727, 728, 729, 731, 732, 733, 734, 735, 736, 751, 759, 763, 765, 767, 768, 783, 791, 795, 797, 799, 800, 831, 839, 843, 845, 847, 848, 851, 853, 855, 856, 857, 859, 860, 861, 862, 863, 864, 879, 887, 891, 893, 895, 896, 927, 975, 983, 987, 989, 991, 992, 1023]
x_608: [16, 24, 28, 30, 31, 32, 64, 72, 76, 78, 79, 80, 84, 86, 87, 88, 90, 91, 92, 93, 94, 95, 96, 112, 120, 124, 126, 127, 128, 160, 208, 216, 220, 222, 223, 224, 256, 288, 336, 344, 348, 350, 351, 352, 384, 480, 520, 524, 526, 527, 528, 532, 534, 535, 536, 538, 539, 540, 541, 542, 543, 544, 560, 568, 572, 574, 575, 576, 580, 582, 583, 584, 586, 587, 588, 589, 590, 591, 592, 594, 595, 596, 597, 598, 599, 600, 601, 602, 603, 604, 605, 606, 607, 616, 620, 622, 623, 624, 628, 630, 631, 632, 634, 635, 636, 637, 638, 639, 640, 656, 664, 668, 670, 671, 672, 704, 712, 716, 718, 719, 720, 724, 726, 727, 728, 730, 731, 732, 733, 734, 735, 736, 752, 760, 764, 766, 767, 768, 784, 792, 796, 798, 799, 800, 832, 840, 844, 846, 847, 848, 852, 854, 855, 856, 858, 859, 860, 861, 862, 863, 864, 880, 888, 892, 894, 895, 896, 928, 976, 984, 988, 990, 991, 992, 1024]
x_609: [1, 33, 34, 35, 37, 41, 49, 65, 66, 67, 69, 73, 81, 97, 98, 99, 100, 101, 102, 103, 105, 106, 107, 109, 113, 114, 115, 117, 121, 161, 193, 225, 226, 227, 229, 233, 241, 289, 321, 353, 354, 355, 357, 361, 369, 481, 513, 514, 515, 517, 521, 529, 545, 546, 547, 548, 549, 550, 551, 553, 554, 555, 557, 561, 562, 563, 565, 569, 577, 578, 579, 580, 581, 582, 583, 585, 586, 587, 589, 593, 594, 595, 597, 601, 610, 611, 612, 613, 614, 615, 616, 617, 618, 619, 620, 621, 622, 623, 625, 626, 627, 628, 629, 630, 631, 633, 634, 635, 637, 641, 673, 674, 675, 677, 681, 689, 705, 706, 707, 709, 713, 721, 737, 738, 739, 740, 741, 742, 743, 745, 746, 747, 749, 753, 754, 755, 757, 761, 769, 801, 802, 803, 805, 809, 817, 833, 834, 835, 837, 841, 849, 865, 866, 867, 868, 869, 870, 871, 873, 874, 875, 877, 881, 882, 883, 885, 889, 929, 961, 993, 994, 995, 997, 1001, 1009]
x_610: [2, 33, 34, 36, 38, 42, 50, 65, 66, 68, 70, 74, 82, 97, 98, 99, 100, 101, 102, 104, 105, 106, 108, 110, 113, 114, 116, 118, 122, 162, 194, 225, 226, 228, 230, 234, 242, 290, 322, 353, 354, 356, 358, 362, 370, 482, 513, 514, 516, 518, 522, 530, 545, 546, 547, 548, 549, 550, 552, 553, 554, 556, 558, 561, 562, 564, 566, 570, 577, 578, 579, 580, 581, 582, 584, 585, 586, 588, 590, 593, 594, 596, 598, 602, 609, 611, 612, 613, 614, 615, 616, 617, 618, 619, 620, 621, 622, 624, 625, 626, 627, 628, 629, 630, 632, 633, 634, 636, 638, 642, 673, 674, 676, 678, 682, 690, 705, 706, 708, 710, 714, 722, 737, 738, 739, 740, 741, 742, 744, 745, 746, 748, 750, 753, 754, 756, 758, 762, 770, 801, 802, 804, 806, 810, 818, 833, 834, 836, 838, 842, 850, 865, 866, 867, 868, 869, 870, 872, 873, 874, 876, 878, 881, 882, 884, 886, 890, 930, 962, 993, 994, 996, 998, 1002, 1010]
x_611: [3, 33, 35, 36, 39, 43, 51, 65, 67, 68, 71, 75, 83, 97, 98, 99, 100, 101, 103, 104, 105, 107, 108, 111, 113, 115, 116, 119, 123, 163, 195, 225, 227, 228, 231, 235, 243, 291, 323, 353, 355, 356, 359, 363, 371, 483, 513, 515, 516, 519, 523, 531, 545, 546, 547, 548, 549, 551, 552, 553, 555, 556, 559, 561, 563, 564, 567, 571, 577, 578, 579, 580, 581, 583, 584, 585, 587, 588, 591, 593, 595, 596, 599, 603, 609, 610, 612, 613, 614, 615, 616, 617, 618, 619, 620, 621, 623, 624, 625, 626, 627, 628, 629, 631, 632, 633, 635, 636, 639, 643, 673, 675, 676, 679, 683, 691, 705, 707, 708, 711, 715, 723, 737, 738, 739, 740, 741, 743, 744, 745, 747, 748, 751, 753, 755, 756, 759, 763, 771, 801, 803, 804, 807, 811, 819, 833, 835, 836, 839, 843, 851, 865, 866, 867, 868, 869, 871, 872, 873, 875, 876, 879, 881, 883, 884, 887, 891, 931, 963, 993, 995, 996, 999, 1003, 1011]
x_612: [4, 34, 35, 36, 40, 44, 52, 66, 67, 68, 72, 76, 84, 97, 98, 99, 100, 102, 103, 104, 106, 107, 108, 112, 114, 115, 116, 120, 124, 164, 196, 226, 227, 228, 232, 236, 244, 292, 324, 354, 355, 356, 360, 364, 372, 484, 514, 515, 516, 520, 524, 532, 545, 546, 547, 548, 550, 551, 552, 554, 555, 556, 560, 562, 563, 564, 568, 572, 577, 578, 579, 580, 582, 583, 584, 586, 587, 588, 592, 594, 595, 596, 600, 604, 609, 610, 611, 613, 614, 615, 616, 617, 618, 619, 620, 622, 623, 624, 625, 626, 627, 628, 630, 631, 632, 634, 635, 636, 640, 644, 674, 675, 676, 680, 684, 692, 706, 707, 708, 712, 716, 724, 737, 738, 739, 740, 742, 743, 744, 746, 747, 748, 752, 754, 755, 756, 760, 764, 772, 802, 803, 804, 808, 812, 820, 834, 835, 836, 840, 844, 852, 865, 866, 867, 868, 870, 871, 872, 874, 875, 876, 880, 882, 883, 884, 888, 892, 932, 964, 994, 995, 996, 1000, 1004, 1012]
x_613: [5, 33, 37, 38, 39, 45, 53, 65, 69, 70, 71, 77, 85, 97, 98, 99, 101, 102, 103, 104, 105, 109, 110, 111, 113, 117, 118, 119, 125, 165, 197, 225, 229, 230, 231, 237, 245, 293, 325, 353, 357, 358, 359, 365, 373, 485, 513, 517, 518, 519, 525, 533, 545, 546, 547, 549, 550, 551, 552, 553, 557, 558, 559, 561, 565, 566, 567, 573, 577, 578, 579, 581, 582, 583, 584, 585, 589, 590, 591, 593, 597, 598, 599, 605, 609, 610, 611, 612, 614, 615, 616, 617, 618, 619, 621, 622, 623, 624, 625, 626, 627, 629, 630, 631, 632, 633, 637, 638, 639, 645, 673, 677, 678, 679, 685, 693, 705, 709, 710, 711, 717, 725, 737, 738, 739, 741, 742, 743, 744, 745, 749, 750, 751, 753, 757, 758, 759, 765, 773, 801, 805, 806, 807, 813, 821, 833, 837, 838, 839, 845, 853, 865, 866, 867, 869, 870, 871, 872, 873, 877, 878, 879, 881, 885, 886, 887, 893, 933, 965, 993, 997, 998, 999, 1005, 1013]
x_614: [6, 34, 37, 38, 40, 46, 54, 66, 69, 70, 72, 78, 86, 97, 98, 100, 101, 102, 103, 104, 106, 109, 110, 112, 114, 117, 118, 120, 126, 166, 198, 226, 229, 230, 232, 238, 246, 294, 326, 354, 357, 358, 360, 366, 374, 486, 514, 517, 518, 520, 526, 534, 545, 546, 548, 549, 550, 551, 552, 554, 557, 558, 560, 562, 565, 566, 568, 574, 577, 578, 580, 581, 582, 583, 584, 586, 589, 590, 592, 594, 597, 598, 600, 606, 609, 610, 611, 612, 613, 615, 616, 617, 618, 620, 621, 622, 623, 624, 625, 626, 628, 629, 630, 631, 632, 634, 637, 638, 640, 646, 674, 677, 678, 680, 686, 694, 706, 709, 710, 712, 718, 726, 737, 738, 740, 741, 742, 743, 744, 746, 749, 750, 752, 754, 757, 758, 760, 766, 774, 802, 805, 806, 808, 814, 822, 834, 837, 838, 840, 846, 854, 865, 866, 868, 869, 870, 871, 872, 874, 877, 878, 880, 882, 885, 886, 888, 894, 934, 966, 994, 997, 998, 1000, 1006, 1014]
x_615: [7, 35, 37, 39, 40, 47, 55, 67, 69, 71, 72, 79, 87, 97, 99, 100, 101, 102, 103, 104, 107, 109, 111, 112, 115, 117, 119, 120, 127, 167, 199, 227, 229, 231, 232, 239, 247, 295, 327, 355, 357, 359, 360, 367, 375, 487, 515, 517, 519, 520, 527, 535, 545, 547, 548, 549, 550, 551, 552, 555, 557, 559, 560, 563, 565, 567, 568, 575, 577, 579, 580, 581, 582, 583, 584, 587, 589, 591, 592, 595, 597, 599, 600, 607, 609, 610, 611, 612, 613, 614, 616, 617, 619, 620, 621, 622, 623, 624, 625, 627, 628, 629, 630, 631, 632, 635, 637, 639, 640, 647, 675, 677, 679, 680, 687, 695, 707, 709, 711, 712, 719, 727, 737, 739, 740, 741, 742, 743, 744, 747, 749, 751, 752, 755, 757, 759, 760, 767, 775, 803, 805, 807, 808, 815, 823, 835, 837, 839, 840, 847, 855, 865, 867, 868, 869, 870, 871, 872, 875, 877, 879, 880, 883, 885, 887, 888, 895, 935, 967, 995, 997, 999, 1000, 1007, 1015]
x_616: [8, 36, 38, 39, 40, 48, 56, 68, 70, 71, 72, 80, 88, 98, 99, 100, 101, 102, 103, 104, 108, 110, 111, 112, 116, 118, 119, 120, 128, 168, 200, 228, 230, 231, 232, 240, 248, 296, 328, 356, 358, 359, 360, 368, 376, 488, 516, 518, 519, 520, 528, 536, 546, 547, 548, 549, 550, 551, 552, 556, 558, 559, 560, 564, 566, 567, 568, 576, 578, 579, 580, 581, 582, 583, 584, 588, 590, 591, 592, 596, 598, 599, 600, 608, 609, 610, 611, 612, 613, 614, 615, 618, 619, 620, 621, 622, 623, 624, 626, 627, 628, 629, 630, 631, 632, 636, 638, 639, 640, 648, 676, 678, 679, 680, 688, 696, 708, 710, 711, 712, 720, 728, 738, 739, 740, 741, 742, 743, 744, 748, 750, 751, 752, 756, 758, 759, 760, 768, 776, 804, 806, 807, 808, 816, 824, 836, 838, 839, 840, 848, 856, 866, 867, 868, 869, 870, 871, 872, 876, 878, 879, 880, 884, 886, 887, 888, 896, 936, 968, 996, 998, 999, 1000, 1008, 1016]
x_617: [9, 33, 41, 42, 43, 45, 57, 65, 73, 74, 75, 77, 89, 97, 98, 99, 101, 105, 106, 107, 108, 109, 110, 111, 113, 121, 122, 123, 125, 169, 201, 225, 233, 234, 235, 237, 249, 297, 329, 353, 361, 362, 363, 365, 377, 489, 513, 521, 522, 523, 525, 537, 545, 546, 547, 549, 553, 554, 555, 556, 557, 558, 559, 561, 569, 570, 571, 573, 577, 578, 579, 581, 585, 586, 587, 588, 589, 590, 591, 593, 601, 602, 603, 605, 609, 610, 611, 612, 613, 614, 615, 618, 619, 620, 621, 622, 623, 624, 625, 626, 627, 629, 633, 634, 635, 636, 637, 638, 639, 649, 673, 681, 682, 683, 685, 697, 705, 713, 714, 715, 717, 729, 737, 738, 739, 741, 745, 746, 747, 748, 749, 750, 751, 753, 761, 762, 763, 765, 777, 801, 809, 810, 811, 813, 825, 833, 841, 842, 843, 845, 857, 865, 866, 867, 869, 873, 874, 875, 876, 877, 878, 879, 881, 889, 890, 891, 893, 937, 969, 993, 1001, 1002, 1003, 1005, 1017]
x_618: [10, 34, 41, 42, 44, 46, 58, 66, 73, 74, 76, 78, 90, 97, 98, 100, 102, 105, 106, 107, 108, 109, 110, 112, 114, 121, 122, 124, 126, 170, 202, 226, 233, 234, 236, 238, 250, 298, 330, 354, 361, 362, 364, 366, 378, 490, 514, 521, 522, 524, 526, 538, 545, 546, 548, 550, 553, 554, 555, 556, 557, 558, 560, 562, 569, 570, 572, 574, 577, 578, 580, 582, 585, 586, 587, 588, 589, 590, 592, 594, 601, 602, 604, 606, 609, 610, 611, 612, 613, 614, 616, 617, 619, 620, 621, 622, 623, 624, 625, 626, 628, 630, 633, 634, 635, 636, 637, 638, 640, 650, 674, 681, 682, 684, 686, 698, 706, 713, 714, 716, 718, 730, 737, 738, 740, 742, 745, 746, 747, 748, 749, 750, 752, 754, 761, 762, 764, 766, 778, 802, 809, 810, 812, 814, 826, 834, 841, 842, 844, 846, 858, 865, 866, 868, 870, 873, 874, 875, 876, 877, 878, 880, 882, 889, 890, 892, 894, 938, 970, 994, 1001, 1002, 1004, 1006, 1018]
x_619: [11, 35, 41, 43, 44, 47, 59, 67, 73, 75, 76, 79, 91, 97, 99, 100, 103, 105, 106, 107, 108, 109, 111, 112, 115, 121, 123, 124, 127, 171, 203, 227, 233, 235, 236, 239, 251, 299, 331, 355, 361, 363, 364, 367, 379, 491, 515, 521, 523, 524, 527, 539, 545, 547, 548, 551, 553, 554, 555, 556, 557, 559, 560, 563, 569, 571, 572, 575, 577, 579, 580, 583, 585, 586, 587, 588, 589, 591, 592, 595, 601, 603, 604, 607, 609, 610, 611, 612, 613, 615, 616, 617, 618, 620, 621, 622, 623, 624, 625, 627, 628, 631, 633, 634, 635, 636, 637, 639, 640, 651, 675, 681, 683, 684, 687, 699, 707, 713, 715, 716, 719, 731, 737, 739, 740, 743, 745, 746, 747, 748, 749, 751, 752, 755, 761, 763, 764, 767, 779, 803, 809, 811, 812, 815, 827, 835, 841, 843, 844, 847, 859, 865, 867, 868, 871, 873, 874, 875, 876, 877, 879, 880, 883, 889, 891, 892, 895, 939, 971, 995, 1001, 1003, 1004, 1007, 1019]
x_620: [12, 36, 42, 43, 44, 48, 60, 68, 74, 75, 76, 80, 92, 98, 99, 100, 104, 105, 106, 107, 108, 110, 111, 112, 116, 122, 123, 124, 128, 172, 204, 228, 234, 235, 236, 240, 252, 300, 332, 356, 362, 363, 364, 368, 380, 492, 516, 522, 523, 524, 528, 540, 546, 547, 548, 552, 553, 554, 555, 556, 558, 559, 560, 564, 570, 571, 572, 576, 578, 579, 580, 584, 585, 586, 587, 588, 590, 591, 592, 596, 602, 603, 604, 608, 609, 610, 611, 612, 614, 615, 616, 617, 618, 619, 621, 622, 623, 624, 626, 627, 628, 632, 633, 634, 635, 636, 638, 639, 640, 652, 676, 682, 683, 684, 688, 700, 708, 714, 715, 716, 720, 732, 738, 739, 740, 744, 745, 746, 747, 748, 750, 751, 752, 756, 762, 763, 764, 768, 780, 804, 810, 811, 812, 816, 828, 836, 842, 843, 844, 848, 860, 866, 867, 868, 872, 873, 874, 875, 876, 878, 879, 880, 884, 890, 891, 892, 896, 940, 972, 996, 1002, 1003, 1004, 1008, 1020]
x_621: [13, 37, 41, 45, 46, 47, 61, 69, 73, 77, 78, 79, 93, 97, 101, 102, 103, 105, 106, 107, 109, 110, 111, 112, 117, 121, 125, 126, 127, 173, 205, 229, 233, 237, 238, 239, 253, 301, 333, 357, 361, 365, 366, 367, 381, 493, 517, 521, 525, 526, 527, 541, 545, 549, 550, 551, 553, 554, 555, 557, 558, 559, 560, 565, 569, 573, 574, 575, 577, 581, 582, 583, 585, 586, 587, 589, 590, 591, 592, 597, 601, 605, 606, 607, 609, 610, 611, 613, 614, 615, 616, 617, 618, 619, 620, 622, 623, 624, 625, 629, 630, 631, 633, 634, 635, 637, 638, 639, 640, 653, 677, 681, 685, 686, 687, 701, 709, 713, 717, 718, 719, 733, 737, 741, 742, 743, 745, 746, 747, 749, 750, 751, 752, 757, 761, 765, 766, 767, 781, 805, 809, 813, 814, 815, 829, 837, 841, 845, 846, 847, 861, 865, 869, 870, 871, 873, 874, 875, 877, 878, 879, 880, 885, 889, 893, 894, 895, 941, 973, 997, 1001, 1005, 1006, 1007, 1021]
x_622: [14, 38, 42, 45, 46, 48, 62, 70, 74, 77, 78, 80, 94, 98, 101, 102, 104, 105, 106, 108, 109, 110, 111, 112, 118, 122, 125, 126, 128, 174, 206, 230, 234, 237, 238, 240, 254, 302, 334, 358, 362, 365, 366, 368, 382, 494, 518, 522, 525, 526, 528, 542, 546, 549, 550, 552, 553, 554, 556, 557, 558, 559, 560, 566, 570, 573, 574, 576, 578, 581, 582, 584, 585, 586, 588, 589, 590, 591, 592, 598, 602, 605, 606, 608, 609, 610, 612, 613, 614, 615, 616, 617, 618, 619, 620, 621, 623, 624, 626, 629, 630, 632, 633, 634, 636, 637, 638, 639, 640, 654, 678, 682, 685, 686, 688, 702, 710, 714, 717, 718, 720, 734, 738, 741, 742, 744, 745, 746, 748, 749, 750, 751, 752, 758, 762, 765, 766, 768, 782, 806, 810, 813, 814, 816, 830, 838, 842, 845, 846, 848, 862, 866, 869, 870, 872, 873, 874, 876, 877, 878, 879, 880, 886, 890, 893, 894, 896, 942, 974, 998, 1002, 1005, 1006, 1008, 1022]
x_623: [15, 39, 43, 45, 47, 48, 63, 71, 75, 77, 79, 80, 95, 99, 101, 103, 104, 105, 107, 108, 109, 110, 111, 112, 119, 123, 125, 127, 128, 175, 207, 231, 235, 237, 239, 240, 255, 303, 335, 359, 363, 365, 367, 368, 383, 495, 519, 523, 525, 527, 528, 543, 547, 549, 551, 552, 553, 555, 556, 557, 558, 559, 560, 567, 571, 573, 575, 576, 579, 581, 583, 584, 585, 587, 588, 589, 590, 591, 592, 599, 603, 605, 607, 608, 609, 611, 612, 613, 614, 615, 616, 617, 618, 619, 620, 621, 622, 624, 627, 629, 631, 632, 633, 635, 636, 637, 638, 639, 640, 655, 679, 683, 685, 687, 688, 703, 711, 715, 717, 719, 720, 735, 739, 741, 743, 744, 745, 747, 748, 749, 750, 751, 752, 759, 763, 765, 767, 768, 783, 807, 811, 813, 815, 816, 831, 839, 843, 845, 847, 848, 863, 867, 869, 871, 872, 873, 875, 876, 877, 878, 879, 880, 887, 891, 893, 895, 896, 943, 975, 999, 1003, 1005, 1007, 1008, 1023]
x_624: [16, 40, 44, 46, 47, 48, 64, 72, 76, 78, 79, 80, 96, 100, 102, 103, 104, 106, 107, 108, 109, 110, 111, 112, 120, 124, 126, 127, 128, 176, 208, 232, 236, 238, 239, 240, 256, 304, 336, 360, 364, 366, 367, 368, 384, 496, 520, 524, 526, 527, 528, 544, 548, 550, 551, 552, 554, 555, 556, 557, 558, 559, 560, 568, 572, 574, 575, 576, 580, 582, 583, 584, 586, 587, 588, 589, 590, 591, 592, 600, 604, 606, 607, 608, 610, 611, 612, 613, 614, 615, 616, 617, 618, 619, 620, 621, 622, 623, 628, 630, 631, 632, 634, 635, 636, 637, 638, 639, 640, 656, 680, 684, 686, 687, 688, 704, 712, 716, 718, 719, 720, 736, 740, 742, 743, 744, 746, 747, 748, 749, 750, 751, 752, 760, 764, 766, 767, 768, 784, 808, 812, 814, 815, 816, 832, 840, 844, 846, 847, 848, 864, 868, 870, 871, 872, 874, 875, 876, 877, 878, 879, 880, 888, 892, 894, 895, 896, 944, 976, 1000, 1004, 1006, 1007, 1008, 1024]
x_625: [17, 33, 49, 50, 51, 53, 57, 65, 81, 82, 83, 85, 89, 97, 98, 99, 101, 105, 113, 114, 115, 116, 117, 118, 119, 121, 122, 123, 125, 177, 209, 225, 241, 242, 243, 245, 249, 305, 337, 353, 369, 370, 371, 373, 377, 497, 513, 529, 530, 531, 533, 537, 545, 546, 547, 549, 553, 561, 562, 563, 564, 565, 566, 567, 569, 570, 571, 573, 577, 578, 579, 581, 585, 593, 594, 595, 596, 597, 598, 599, 601, 602, 603, 605, 609, 610, 611, 612, 613, 614, 615, 617, 618, 619, 621, 626, 627, 628, 629, 630, 631, 632, 633, 634, 635, 636, 637, 638, 639, 657, 673, 689, 690, 691, 693, 697, 705, 721, 722, 723, 725, 729, 737, 738, 739, 741, 745, 753, 754, 755, 756, 757, 758, 759, 761, 762, 763, 765, 785, 801, 817, 818, 819, 821, 825, 833, 849, 850, 851, 853, 857, 865, 866, 867, 869, 873, 881, 882, 883, 884, 885, 886, 887, 889, 890, 891, 893, 945, 977, 993, 1009, 1010, 1011, 1013, 1017]
x_626: [18, 34, 49, 50, 52, 54, 58, 66, 81, 82, 84, 86, 90, 97, 98, 100, 102, 106, 113, 114, 115, 116, 117, 118, 120, 121, 122, 124, 126, 178, 210, 226, 241, 242, 244, 246, 250, 306, 338, 354, 369, 370, 372, 374, 378, 498, 514, 529, 530, 532, 534, 538, 545, 546, 548, 550, 554, 561, 562, 563, 564, 565, 566, 568, 569, 570, 572, 574, 577, 578, 580, 582, 586, 593, 594, 595, 596, 597, 598, 600, 601, 602, 604, 606, 609, 610, 611, 612, 613, 614, 616, 617, 618, 620, 622, 625, 627, 628, 629, 630, 631, 632, 633, 634, 635, 636, 637, 638, 640, 658, 674, 689, 690, 692, 694, 698, 706, 721, 722, 724, 726, 730, 737, 738, 740, 742, 746, 753, 754, 755, 756, 757, 758, 760, 761, 762, 764, 766, 786, 802, 817, 818, 820, 822, 826, 834, 849, 850, 852, 854, 858, 865, 866, 868, 870, 874, 881, 882, 883, 884, 885, 886, 888, 889, 890, 892, 894, 946, 978, 994, 1009, 1010, 1012, 1014, 1018]
x_627: [19, 35, 49, 51, 52, 55, 59, 67, 81, 83, 84, 87, 91, 97, 99, 100, 103, 107, 113, 114, 115, 116, 117, 119, 120, 121, 123, 124, 127, 179, 211, 227, 241, 243, 244, 247, 251, 307, 339, 355, 369, 371, 372, 375, 379, 499, 515, 529, 531, 532, 535, 539, 545, 547, 548, 551, 555, 561, 562, 563, 564, 565, 567, 568, 569, 571, 572, 575, 577, 579, 580, 583, 587, 593, 594, 595, 596, 597, 599, 600, 601, 603, 604, 607, 609, 610, 611, 612, 613, 615, 616, 617, 619, 620, 623, 625, 626, 628, 629, 630, 631, 632, 633, 634, 635, 636, 637, 639, 640, 659, 675, 689, 691, 692, 695, 699, 707, 721, 723, 724, 727, 731, 737, 739, 740, 743, 747, 753, 754, 755, 756, 757, 759, 760, 761, 763, 764, 767, 787, 803, 817, 819, 820, 823, 827, 835, 849, 851, 852, 855, 859, 865, 867, 868, 871, 875, 881, 882, 883, 884, 885, 887, 888, 889, 891, 892, 895, 947, 979, 995, 1009, 1011, 1012, 1015, 1019]
x_628: [20, 36, 50, 51, 52, 56, 60, 68, 82, 83, 84, 88, 92, 98, 99, 100, 104, 108, 113, 114, 115, 116, 118, 119, 120, 122, 123, 124, 128, 180, 212, 228, 242, 243, 244, 248, 252, 308, 340, 356, 370, 371, 372, 376, 380, 500, 516, 530, 531, 532, 536, 540, 546, 547, 548, 552, 556, 561, 562, 563, 564, 566, 567, 568, 570, 571, 572, 576, 578, 579, 580, 584, 588, 593, 594, 595, 596, 598, 599, 600, 602, 603, 604, 608, 609, 610, 611, 612, 614, 615, 616, 618, 619, 620, 624, 625, 626, 627, 629, 630, 631, 632, 633, 634, 635, 636, 638, 639, 640, 660, 676, 690, 691, 692, 696, 700, 708, 722, 723, 724, 728, 732, 738, 739, 740, 744, 748, 753, 754, 755, 756, 758, 759, 760, 762, 763, 764, 768, 788, 804, 818, 819, 820, 824, 828, 836, 850, 851, 852, 856, 860, 866, 867, 868, 872, 876, 881, 882, 883, 884, 886, 887, 888, 890, 891, 892, 896, 948, 980, 996, 1010, 1011, 1012, 1016, 1020]
x_629: [21, 37, 49, 53, 54, 55, 61, 69, 81, 85, 86, 87, 93, 97, 101, 102, 103, 109, 113, 114, 115, 117, 118, 119, 120, 121, 125, 126, 127, 181, 213, 229, 241, 245, 246, 247, 253, 309, 341, 357, 369, 373, 374, 375, 381, 501, 517, 529, 533, 534, 535, 541, 545, 549, 550, 551, 557, 561, 562, 563, 565, 566, 567, 568, 569, 573, 574, 575, 577, 581, 582, 583, 589, 593, 594, 595, 597, 598, 599, 600, 601, 605, 606, 607, 609, 610, 611, 613, 614, 615, 616, 617, 621, 622, 623, 625, 626, 627, 628, 630, 631, 632, 633, 634, 635, 637, 638, 639, 640, 661, 677, 689, 693, 694, 695, 701, 709, 721, 725, 726, 727, 733, 737, 741, 742, 743, 749, 753, 754, 755, 757, 758, 759, 760, 761, 765, 766, 767, 789, 805, 817, 821, 822, 823, 829, 837, 849, 853, 854, 855, 861, 865, 869, 870, 871, 877, 881, 882, 883, 885, 886, 887, 888, 889, 893, 894, 895, 949, 981, 997, 1009, 1013, 1014, 1015, 1021]
x_630: [22, 38, 50, 53, 54, 56, 62, 70, 82, 85, 86, 88, 94, 98, 101, 102, 104, 110, 113, 114, 116, 117, 118, 119, 120, 122, 125, 126, 128, 182, 214, 230, 242, 245, 246, 248, 254, 310, 342, 358, 370, 373, 374, 376, 382, 502, 518, 530, 533, 534, 536, 542, 546, 549, 550, 552, 558, 561, 562, 564, 565, 566, 567, 568, 570, 573, 574, 576, 578, 581, 582, 584, 590, 593, 594, 596, 597, 598, 599, 600, 602, 605, 606, 608, 609, 610, 612, 613, 614, 615, 616, 618, 621, 622, 624, 625, 626, 627, 628, 629, 631, 632, 633, 634, 636, 637, 638, 639, 640, 662, 678, 690, 693, 694, 696, 702, 710, 722, 725, 726, 728, 734, 738, 741, 742, 744, 750, 753, 754, 756, 757, 758, 759, 760, 762, 765, 766, 768, 790, 806, 818, 821, 822, 824, 830, 838, 850, 853, 854, 856, 862, 866, 869, 870, 872, 878, 881, 882, 884, 885, 886, 887, 888, 890, 893, 894, 896, 950, 982, 998, 1010, 1013, 1014, 1016, 1022]
x_631: [23, 39, 51, 53, 55, 56, 63, 71, 83, 85, 87, 88, 95, 99, 101, 103, 104, 111, 113, 115, 116, 117, 118, 119, 120, 123, 125, 127, 128, 183, 215, 231, 243, 245, 247, 248, 255, 311, 343, 359, 371, 373, 375, 376, 383, 503, 519, 531, 533, 535, 536, 543, 547, 549, 551, 552, 559, 561, 563, 564, 565, 566, 567, 568, 571, 573, 575, 576, 579, 581, 583, 584, 591, 593, 595, 596, 597, 598, 599, 600, 603, 605, 607, 608, 609, 611, 612, 613, 614, 615, 616, 619, 621, 623, 624, 625, 626, 627, 628, 629, 630, 632, 633, 635, 636, 637, 638, 639, 640, 663, 679, 691, 693, 695, 696, 703, 711, 723, 725, 727, 728, 735, 739, 741, 743, 744, 751, 753, 755, 756, 757, 758, 759, 760, 763, 765, 767, 768, 791, 807, 819, 821, 823, 824, 831, 839, 851, 853, 855, 856, 863, 867, 869, 871, 872, 879, 881, 883, 884, 885, 886, 887, 888, 891, 893, 895, 896, 951, 983, 999, 1011, 1013, 1015, 1016, 1023]
x_632: [24, 40, 52, 54, 55, 56, 64, 72, 84, 86, 87, 88, 96, 100, 102, 103, 104, 112, 114, 115, 116, 117, 118, 119, 120, 124, 126, 127, 128, 184, 216, 232, 244, 246, 247, 248, 256, 312, 344, 360, 372, 374, 375, 376, 384, 504, 520, 532, 534, 535, 536, 544, 548, 550, 551, 552, 560, 562, 563, 564, 565, 566, 567, 568, 572, 574, 575, 576, 580, 582, 583, 584, 592, 594, 595, 596, 597, 598, 599, 600, 604, 606, 607, 608, 610, 611, 612, 613, 614, 615, 616, 620, 622, 623, 624, 625, 626, 627, 628, 629, 630, 631, 634, 635, 636, 637, 638, 639, 640, 664, 680, 692, 694, 695, 696, 704, 712, 724, 726, 727, 728, 736, 740, 742, 743, 744, 752, 754, 755, 756, 757, 758, 759, 760, 764, 766, 767, 768, 792, 808, 820, 822, 823, 824, 832, 840, 852, 854, 855, 856, 864, 868, 870, 871, 872, 880, 882, 883, 884, 885, 886, 887, 888, 892, 894, 895, 896, 952, 984, 1000, 1012, 1014, 1015, 1016, 1024]
x_633: [25, 41, 49, 57, 58, 59, 61, 73, 81, 89, 90, 91, 93, 97, 105, 106, 107, 109, 113, 114, 115, 117, 121, 122, 123, 124, 125, 126, 127, 185, 217, 233, 241, 249, 250, 251, 253, 313, 345, 361, 369, 377, 378, 379, 381, 505, 521, 529, 537, 538, 539, 541, 545, 553, 554, 555, 557, 561, 562, 563, 565, 569, 570, 571, 572, 573, 574, 575, 577, 585, 586, 587, 589, 593, 594, 595, 597, 601, 602, 603, 604, 605, 606, 607, 609, 610, 611, 613, 617, 618, 619, 620, 621, 622, 623, 625, 626, 627, 628, 629, 630, 631, 634, 635, 636, 637, 638, 639, 640, 665, 681, 689, 697, 698, 699, 701, 713, 721, 729, 730, 731, 733, 737, 745, 746, 747, 749, 753, 754, 755, 757, 761, 762, 763, 764, 765, 766, 767, 793, 809, 817, 825, 826, 827, 829, 841, 849, 857, 858, 859, 861, 865, 873, 874, 875, 877, 881, 882, 883, 885, 889, 890, 891, 892, 893, 894, 895, 953, 985, 1001, 1009, 1017, 1018, 1019, 1021]
x_634: [26, 42, 50, 57, 58, 60, 62, 74, 82, 89, 90, 92, 94, 98, 105, 106, 108, 110, 113, 114, 116, 118, 121, 122, 123, 124, 125, 126, 128, 186, 218, 234, 242, 249, 250, 252, 254, 314, 346, 362, 370, 377, 378, 380, 382, 506, 522, 530, 537, 538, 540, 542, 546, 553, 554, 556, 558, 561, 562, 564, 566, 569, 570, 571, 572, 573, 574, 576, 578, 585, 586, 588, 590, 593, 594, 596, 598, 601, 602, 603, 604, 605, 606, 608, 609, 610, 612, 614, 617, 618, 619, 620, 621, 622, 624, 625, 626, 627, 628, 629, 630, 632, 633, 635, 636, 637, 638, 639, 640, 666, 682, 690, 697, 698, 700, 702, 714, 722, 729, 730, 732, 734, 738, 745, 746, 748, 750, 753, 754, 756, 758, 761, 762, 763, 764, 765, 766, 768, 794, 810, 818, 825, 826, 828, 830, 842, 850, 857, 858, 860, 862, 866, 873, 874, 876, 878, 881, 882, 884, 886, 889, 890, 891, 892, 893, 894, 896, 954, 986, 1002, 1010, 1017, 1018, 1020, 1022]
x_635: [27, 43, 51, 57, 59, 60, 63, 75, 83, 89, 91, 92, 95, 99, 105, 107, 108, 111, 113, 115, 116, 119, 121, 122, 123, 124, 125, 127, 128, 187, 219, 235, 243, 249, 251, 252, 255, 315, 347, 363, 371, 377, 379, 380, 383, 507, 523, 531, 537, 539, 540, 543, 547, 553, 555, 556, 559, 561, 563, 564, 567, 569, 570, 571, 572, 573, 575, 576, 579, 585, 587, 588, 591, 593, 595, 596, 599, 601, 602, 603, 604, 605, 607, 608, 609, 611, 612, 615, 617, 618, 619, 620, 621, 623, 624, 625, 626, 627, 628, 629, 631, 632, 633, 634, 636, 637, 638, 639, 640, 667, 683, 691, 697, 699, 700, 703, 715, 723, 729, 731, 732, 735, 739, 745, 747, 748, 751, 753, 755, 756, 759, 761, 762, 763, 764, 765, 767, 768, 795, 811, 819, 825, 827, 828, 831, 843, 851, 857, 859, 860, 863, 867, 873, 875, 876, 879, 881, 883, 884, 887, 889, 890, 891, 892, 893, 895, 896, 955, 987, 1003, 1011, 1017, 1019, 1020, 1023]
x_636: [28, 44, 52, 58, 59, 60, 64, 76, 84, 90, 91, 92, 96, 100, 106, 107, 108, 112, 114, 115, 116, 120, 121, 122, 123, 124, 126, 127, 128, 188, 220, 236, 244, 250, 251, 252, 256, 316, 348, 364, 372, 378, 379, 380, 384, 508, 524, 532, 538, 539, 540, 544, 548, 554, 555, 556, 560, 562, 563, 564, 568, 569, 570, 571, 572, 574, 575, 576, 580, 586, 587, 588, 592, 594, 595, 596, 600, 601, 602, 603, 604, 606, 607, 608, 610, 611, 612, 616, 617, 618, 619, 620, 622, 623, 624, 625, 626, 627, 628, 630, 631, 632, 633, 634, 635, 637, 638, 639, 640, 668, 684, 692, 698, 699, 700, 704, 716, 724, 730, 731, 732, 736, 740, 746, 747, 748, 752, 754, 755, 756, 760, 761, 762, 763, 764, 766, 767, 768, 796, 812, 820, 826, 827, 828, 832, 844, 852, 858, 859, 860, 864, 868, 874, 875, 876, 880, 882, 883, 884, 888, 889, 890, 891, 892, 894, 895, 896, 956, 988, 1004, 1012, 1018, 1019, 1020, 1024]
x_637: [29, 45, 53, 57, 61, 62, 63, 77, 85, 89, 93, 94, 95, 101, 105, 109, 110, 111, 113, 117, 118, 119, 121, 122, 123, 125, 126, 127, 128, 189, 221, 237, 245, 249, 253, 254, 255, 317, 349, 365, 373, 377, 381, 382, 383, 509, 525, 533, 537, 541, 542, 543, 549, 553, 557, 558, 559, 561, 565, 566, 567, 569, 570, 571, 573, 574, 575, 576, 581, 585, 589, 590, 591, 593, 597, 598, 599, 601, 602, 603, 605, 606, 607, 608, 609, 613, 614, 615, 617, 618, 619, 621, 622, 623, 624, 625, 626, 627, 629, 630, 631, 632, 633, 634, 635, 636, 638, 639, 640, 669, 685, 693, 697, 701, 702, 703, 717, 725, 729, 733, 734, 735, 741, 745, 749, 750, 751, 753, 757, 758, 759, 761, 762, 763, 765, 766, 767, 768, 797, 813, 821, 825, 829, 830, 831, 845, 853, 857, 861, 862, 863, 869, 873, 877, 878, 879, 881, 885, 886, 887, 889, 890, 891, 893, 894, 895, 896, 957, 989, 1005, 1013, 1017, 1021, 1022, 1023]
x_638: [30, 46, 54, 58, 61, 62, 64, 78, 86, 90, 93, 94, 96, 102, 106, 109, 110, 112, 114, 117, 118, 120, 121, 122, 124, 125, 126, 127, 128, 190, 222, 238, 246, 250, 253, 254, 256, 318, 350, 366, 374, 378, 381, 382, 384, 510, 526, 534, 538, 541, 542, 544, 550, 554, 557, 558, 560, 562, 565, 566, 568, 569, 570, 572, 573, 574, 575, 576, 582, 586, 589, 590, 592, 594, 597, 598, 600, 601, 602, 604, 605, 606, 607, 608, 610, 613, 614, 616, 617, 618, 620, 621, 622, 623, 624, 625, 626, 628, 629, 630, 631, 632, 633, 634, 635, 636, 637, 639, 640, 670, 686, 694, 698, 701, 702, 704, 718, 726, 730, 733, 734, 736, 742, 746, 749, 750, 752, 754, 757, 758, 760, 761, 762, 764, 765, 766, 767, 768, 798, 814, 822, 826, 829, 830, 832, 846, 854, 858, 861, 862, 864, 870, 874, 877, 878, 880, 882, 885, 886, 888, 889, 890, 892, 893, 894, 895, 896, 958, 990, 1006, 1014, 1018, 1021, 1022, 1024]
x_639: [31, 47, 55, 59, 61, 63, 64, 79, 87, 91, 93, 95, 96, 103, 107, 109, 111, 112, 115, 117, 119, 120, 121, 123, 124, 125, 126, 127, 128, 191, 223, 239, 247, 251, 253, 255, 256, 319, 351, 367, 375, 379, 381, 383, 384, 511, 527, 535, 539, 541, 543, 544, 551, 555, 557, 559, 560, 563, 565, 567, 568, 569, 571, 572, 573, 574, 575, 576, 583, 587, 589, 591, 592, 595, 597, 599, 600, 601, 603, 604, 605, 606, 607, 608, 611, 613, 615, 616, 617, 619, 620, 621, 622, 623, 624, 625, 627, 628, 629, 630, 631, 632, 633, 634, 635, 636, 637, 638, 640, 671, 687, 695, 699, 701, 703, 704, 719, 727, 731, 733, 735, 736, 743, 747, 749, 751, 752, 755, 757, 759, 760, 761, 763, 764, 765, 766, 767, 768, 799, 815, 823, 827, 829, 831, 832, 847, 855, 859, 861, 863, 864, 871, 875, 877, 879, 880, 883, 885, 887, 888, 889, 891, 892, 893, 894, 895, 896, 959, 991, 1007, 1015, 1019, 1021, 1023, 1024]
x_640: [32, 48, 56, 60, 62, 63, 64, 80, 88, 92, 94, 95, 96, 104, 108, 110, 111, 112, 116, 118, 119, 120, 122, 123, 124, 125, 126, 127, 128, 192, 224, 240, 248, 252, 254, 255, 256, 320, 352, 368, 376, 380, 382, 383, 384, 512, 528, 536, 540, 542, 543, 544, 552, 556, 558, 559, 560, 564, 566, 567, 568, 570, 571, 572, 573, 574, 575, 576, 584, 588, 590, 591, 592, 596, 598, 599, 600, 602, 603, 604, 605, 606, 607, 608, 612, 614, 615, 616, 618, 619, 620, 621, 622, 623, 624, 626, 627, 628, 629, 630, 631, 632, 633, 634, 635, 636, 637, 638, 639, 672, 688, 696, 700, 702, 703, 704, 720, 728, 732, 734, 735, 736, 744, 748, 750, 751, 752, 756, 758, 759, 760, 762, 763, 764, 765, 766, 767, 768, 800, 816, 824, 828, 830, 831, 832, 848, 856, 860, 862, 863, 864, 872, 876, 878, 879, 880, 884, 886, 887, 888, 890, 891, 892, 893, 894, 895, 896, 960, 992, 1008, 1016, 1020, 1022, 1023, 1024]
x_641: [1, 2, 3, 5, 9, 17, 33, 65, 129, 130, 131, 132, 133, 134, 135, 137, 138, 139, 141, 145, 146, 147, 149, 153, 161, 162, 163, 165, 169, 177, 193, 194, 195, 197, 201, 209, 225, 257, 385, 386, 387, 389, 393, 401, 417, 449, 513, 514, 515, 516, 517, 518, 519, 521, 522, 523, 525, 529, 530, 531, 533, 537, 545, 546, 547, 549, 553, 561, 577, 578, 579, 581, 585, 593, 609, 642, 643, 644, 645, 646, 647, 648, 649, 650, 651, 652, 653, 654, 655, 657, 658, 659, 660, 661, 662, 663, 665, 666, 667, 669, 673, 674, 675, 676, 677, 678, 679, 681, 682, 683, 685, 689, 690, 691, 693, 697, 705, 706, 707, 708, 709, 710, 711, 713, 714, 715, 717, 721, 722, 723, 725, 729, 737, 738, 739, 741, 745, 753, 769, 770, 771, 773, 777, 785, 801, 833, 897, 898, 899, 900, 901, 902, 903, 905, 906, 907, 909, 913, 914, 915, 917, 921, 929, 930, 931, 933, 937, 945, 961, 962, 963, 965, 969, 977, 993]
x_642: [1, 2, 4, 6, 10, 18, 34, 66, 129, 130, 131, 132, 133, 134, 136, 137, 138, 140, 142, 145, 146, 148, 150, 154, 161, 162, 164, 166, 170, 178, 193, 194, 196, 198, 202, 210, 226, 258, 385, 386, 388, 390, 394, 402, 418, 450, 513, 514, 515, 516, 517, 518, 520, 521, 522, 524, 526, 529, 530, 532, 534, 538, 545, 546, 548, 550, 554, 562, 577, 578, 580, 582, 586, 594, 610, 641, 643, 644, 645, 646, 647, 648, 649, 650, 651, 652, 653, 654, 656, 657, 658, 659, 660, 661, 662, 664, 665, 666, 668, 670, 673, 674, 675, 676, 677, 678, 680, 681, 682, 684, 686, 689, 690, 692, 694, 698, 705, 706, 707, 708, 709, 710, 712, 713, 714, 716, 718, 721, 722, 724, 726, 730, 737, 738, 740, 742, 746, 754, 769, 770, 772, 774, 778, 786, 802, 834, 897, 898, 899, 900, 901, 902, 904, 905, 906, 908, 910, 913, 914, 916, 918, 922, 929, 930, 932, 934, 938, 946, 961, 962, 964, 966, 970, 978, 994]
x_643: [1, 3, 4, 7, 11, 19, 35, 67, 129, 130, 131, 132, 133, 135, 136, 137, 139, 140, 143, 145, 147, 148, 151, 155, 161, 163, 164, 167, 171, 179, 193, 195, 196, 199, 203, 211, 227, 259, 385, 387, 388, 391, 395, 403, 419, 451, 513, 514, 515, 516, 517, 519, 520, 521, 523, 524, 527, 529, 531, 532, 535, 539, 545, 547, 548, 551, 555, 563, 577, 579, 580, 583, 587, 595, 611, 641, 642, 644, 645, 646, 647, 648, 649, 650, 651, 652, 653, 655, 656, 657, 658, 659, 660, 661, 663, 664, 665, 667, 668, 671, 673, 674, 675, 676, 677, 679, 680, 681, 683, 684, 687, 689, 691, 692, 695, 699, 705, 706, 707, 708, 709, 711, 712, 713, 715, 716, 719, 721, 723, 724, 727, 731, 737, 739, 740, 743, 747, 755, 769, 771, 772, 775, 779, 787, 803, 835, 897, 898, 899, 900, 901, 903, 904, 905, 907, 908, 911, 913, 915, 916, 919, 923, 929, 931, 932, 935, 939, 947, 961, 963, 964, 967, 971, 979, 995]
x_644: [2, 3, 4, 8, 12, 20, 36, 68, 129, 130, 131, 132, 134, 135, 136, 138, 139, 140, 144, 146, 147, 148, 152, 156, 162, 163, 164, 168, 172, 180, 194, 195, 196, 200, 204, 212, 228, 260, 386, 387, 388, 392, 396, 404, 420, 452, 513, 514, 515, 516, 518, 519, 520, 522, 523, 524, 528, 530, 531, 532, 536, 540, 546, 547, 548, 552, 556, 564, 578, 579, 580, 584, 588, 596, 612, 641, 642, 643, 645, 646, 647, 648, 649, 650, 651, 652, 654, 655, 656, 657, 658, 659, 660, 662, 663, 664, 666, 667, 668, 672, 673, 674, 675, 676, 678, 679, 680, 682, 683, 684, 688, 690, 691, 692, 696, 700, 705, 706, 707, 708, 710, 711, 712, 714, 715, 716, 720, 722, 723, 724, 728, 732, 738, 739, 740, 744, 748, 756, 770, 771, 772, 776, 780, 788, 804, 836, 897, 898, 899, 900, 902, 903, 904, 906, 907, 908, 912, 914, 915, 916, 920, 924, 930, 931, 932, 936, 940, 948, 962, 963, 964, 968, 972, 980, 996]
x_645: [1, 5, 6, 7, 13, 21, 37, 69, 129, 130, 131, 133, 134, 135, 136, 137, 141, 142, 143, 145, 149, 150, 151, 157, 161, 165, 166, 167, 173, 181, 193, 197, 198, 199, 205, 213, 229, 261, 385, 389, 390, 391, 397, 405, 421, 453, 513, 514, 515, 517, 518, 519, 520, 521, 525, 526, 527, 529, 533, 534, 535, 541, 545, 549, 550, 551, 557, 565, 577, 581, 582, 583, 589, 597, 613, 641, 642, 643, 644, 646, 647, 648, 649, 650, 651, 653, 654, 655, 656, 657, 658, 659, 661, 662, 663, 664, 665, 669, 670, 671, 673, 674, 675, 677, 678, 679, 680, 681, 685, 686, 687, 689, 693, 694, 695, 701, 705, 706, 707, 709, 710, 711, 712, 713, 717, 718, 719, 721, 725, 726, 727, 733, 737, 741, 742, 743, 749, 757, 769, 773, 774, 775, 781, 789, 805, 837, 897, 898, 899, 901, 902, 903, 904, 905, 909, 910, 911, 913, 917, 918, 919, 925, 929, 933, 934, 935, 941, 949, 961, 965, 966, 967, 973, 981, 997]
x_646: [2, 5, 6, 8, 14, 22, 38, 70, 129, 130, 132, 133, 134, 135, 136, 138, 141, 142, 144, 146, 149, 150, 152, 158, 162, 165, 166, 168, 174, 182, 194, 197, 198, 200, 206, 214, 230, 262, 386, 389, 390, 392, 398, 406, 422, 454, 513, 514, 516, 517, 518, 519, 520, 522, 525, 526, 528, 530, 533, 534, 536, 542, 546, 549, 550, 552, 558, 566, 578, 581, 582, 584, 590, 598, 614, 641, 642, 643, 644, 645, 647, 648, 649, 650, 652, 653, 654, 655, 656, 657, 658, 660, 661, 662, 663, 664, 666, 669, 670, 672, 673, 674, 676, 677, 678, 679, 680, 682, 685, 686, 688, 690, 693, 694, 696, 702, 705, 706, 708, 709, 710, 711, 712, 714, 717, 718, 720, 722, 725, 726, 728, 734, 738, 741, 742, 744, 750, 758, 770, 773, 774, 776, 782, 790, 806, 838, 897, 898, 900, 901, 902, 903, 904, 906, 909, 910, 912, 914, 917, 918, 920, 926, 930, 933, 934, 936, 942, 950, 962, 965, 966, 968, 974, 982, 998]
x_647: [3, 5, 7, 8, 15, 23, 39, 71, 129, 131, 132, 133, 134, 135, 136, 139, 141, 143, 144, 147, 149, 151, 152, 159, 163, 165, 167, 168, 175, 183, 195, 197, 199, 200, 207, 215, 231, 263, 387, 389, 391, 392, 399, 407, 423, 455, 513, 515, 516, 517, 518, 519, 520, 523, 525, 527, 528, 531, 533, 535, 536, 543, 547, 549, 551, 552, 559, 567, 579, 581, 583, 584, 591, 599, 615, 641, 642, 643, 644, 645, 646, 648, 649, 651, 652, 653, 654, 655, 656, 657, 659, 660, 661, 662, 663, 664, 667, 669, 671, 672, 673, 675, 676, 677, 678, 679, 680, 683, 685, 687, 688, 691, 693, 695, 696, 703, 705, 707, 708, 709, 710, 711, 712, 715, 717, 719, 720, 723, 725, 727, 728, 735, 739, 741, 743, 744, 751, 759, 771, 773, 775, 776, 783, 791, 807, 839, 897, 899, 900, 901, 902, 903, 904, 907, 909, 911, 912, 915, 917, 919, 920, 927, 931, 933, 935, 936, 943, 951, 963, 965, 967, 968, 975, 983, 999]
x_648: [4, 6, 7, 8, 16, 24, 40, 72, 130, 131, 132, 133, 134, 135, 136, 140, 142, 143, 144, 148, 150, 151, 152, 160, 164, 166, 167, 168, 176, 184, 196, 198, 199, 200, 208, 216, 232, 264, 388, 390, 391, 392, 400, 408, 424, 456, 514, 515, 516, 517, 518, 519, 520, 524, 526, 527, 528, 532, 534, 535, 536, 544, 548, 550, 551, 552, 560, 568, 580, 582, 583, 584, 592, 600, 616, 641, 642, 643, 644, 645, 646, 647, 650, 651, 652, 653, 654, 655, 656, 658, 659, 660, 661, 662, 663, 664, 668, 670, 671, 672, 674, 675, 676, 677, 678, 679, 680, 684, 686, 687, 688, 692, 694, 695, 696, 704, 706, 707, 708, 709, 710, 711, 712, 716, 718, 719, 720, 724, 726, 727, 728, 736, 740, 742, 743, 744, 752, 760, 772, 774, 775, 776, 784, 792, 808, 840, 898, 899, 900, 901, 902, 903, 904, 908, 910, 911, 912, 916, 918, 919, 920, 928, 932, 934, 935, 936, 944, 952, 964, 966, 967, 968, 976, 984, 1000]
x_649: [1, 9, 10, 11, 13, 25, 41, 73, 129, 130, 131, 133, 137, 138, 139, 140, 141, 142, 143, 145, 153, 154, 155, 157, 161, 169, 170, 171, 173, 185, 193, 201, 202, 203, 205, 217, 233, 265, 385, 393, 394, 395, 397, 409, 425, 457, 513, 514, 515, 517, 521, 522, 523, 524, 525, 526, 527, 529, 537, 538, 539, 541, 545, 553, 554, 555, 557, 569, 577, 585, 586, 587, 589, 601, 617, 641, 642, 643, 644, 645, 646, 647, 650, 651, 652, 653, 654, 655, 656, 657, 658, 659, 661, 665, 666, 667, 668, 669, 670, 671, 673, 674, 675, 677, 681, 682, 683, 684, 685, 686, 687, 689, 697, 698, 699, 701, 705, 706, 707, 709, 713, 714, 715, 716, 717, 718, 719, 721, 729, 730, 731, 733, 737, 745, 746, 747, 749, 761, 769, 777, 778, 779, 781, 793, 809, 841, 897, 898, 899, 901, 905, 906, 907, 908, 909, 910, 911, 913, 921, 922, 923, 925, 929, 937, 938, 939, 941, 953, 961, 969, 970, 971, 973, 985, 1001]
x_650: [2, 9, 10, 12, 14, 26, 42, 74, 129, 130, 132, 134, 137, 138, 139, 140, 141, 142, 144, 146, 153, 154, 156, 158, 162, 169, 170, 172, 174, 186, 194, 201, 202, 204, 206, 218, 234, 266, 386, 393, 394, 396, 398, 410, 426, 458, 513, 514, 516, 518, 521, 522, 523, 524, 525, 526, 528, 530, 537, 538, 540, 542, 546, 553, 554, 556, 558, 570, 578, 585, 586, 588, 590, 602, 618, 641, 642, 643, 644, 645, 646, 648, 649, 651, 652, 653, 654, 655, 656, 657, 658, 660, 662, 665, 666, 667, 668, 669, 670, 672, 673, 674, 676, 678, 681, 682, 683, 684, 685, 686, 688, 690, 697, 698, 700, 702, 705, 706, 708, 710, 713, 714, 715, 716, 717, 718, 720, 722, 729, 730, 732, 734, 738, 745, 746, 748, 750, 762, 770, 777, 778, 780, 782, 794, 810, 842, 897, 898, 900, 902, 905, 906, 907, 908, 909, 910, 912, 914, 921, 922, 924, 926, 930, 937, 938, 940, 942, 954, 962, 969, 970, 972, 974, 986, 1002]
x_651: [3, 9, 11, 12, 15, 27, 43, 75, 129, 131, 132, 135, 137, 138, 139, 140, 141, 143, 144, 147, 153, 155, 156, 159, 163, 169, 171, 172, 175, 187, 195, 201, 203, 204, 207, 219, 235, 267, 387, 393, 395, 396, 399, 411, 427, 459, 513, 515, 516, 519, 521, 522, 523, 524, 525, 527, 528, 531, 537, 539, 540, 543, 547, 553, 555, 556, 559, 571, 579, 585, 587, 588, 591, 603, 619, 641, 642, 643, 644, 645, 647, 648, 649, 650, 652, 653, 654, 655, 656, 657, 659, 660, 663, 665, 666, 667, 668, 669, 671, 672, 673, 675, 676, 679, 681, 682, 683, 684, 685, 687, 688, 691, 697, 699, 700, 703, 705, 707, 708, 711, 713, 714, 715, 716, 717, 719, 720, 723, 729, 731, 732, 735, 739, 745, 747, 748, 751, 763, 771, 777, 779, 780, 783, 795, 811, 843, 897, 899, 900, 903, 905, 906, 907, 908, 909, 911, 912, 915, 921, 923, 924, 927, 931, 937, 939, 940, 943, 955, 963, 969, 971, 972, 975, 987, 1003]
x_652: [4, 10, 11, 12, 16, 28, 44, 76, 130, 131, 132, 136, 137, 138, 139, 140, 142, 143, 144, 148, 154, 155, 156, 160, 164, 170, 171, 172, 176, 188, 196, 202, 203, 204, 208, 220, 236, 268, 388, 394, 395, 396, 400, 412, 428, 460, 514, 515, 516, 520, 521, 522, 523, 524, 526, 527, 528, 532, 538, 539, 540, 544, 548, 554, 555, 556, 560, 572, 580, 586, 587, 588, 592, 604, 620, 641, 642, 643, 644, 646, 647, 648, 649, 650, 651, 653, 654, 655, 656, 658, 659, 660, 664, 665, 666, 667, 668, 670, 671, 672, 674, 675, 676, 680, 681, 682, 683, 684, 686, 687, 688, 692, 698, 699, 700, 704, 706, 707, 708, 712, 713, 714, 715, 716, 718, 719, 720, 724, 730, 731, 732, 736, 740, 746, 747, 748, 752, 764, 772, 778, 779, 780, 784, 796, 812, 844, 898, 899, 900, 904, 905, 906, 907, 908, 910, 911, 912, 916, 922, 923, 924, 928, 932, 938, 939, 940, 944, 956, 964, 970, 971, 972, 976, 988, 1004]
x_653: [5, 9, 13, 14, 15, 29, 45, 77, 129, 133, 134, 135, 137, 138, 139, 141, 142, 143, 144, 149, 153, 157, 158, 159, 165, 169, 173, 174, 175, 189, 197, 201, 205, 206, 207, 221, 237, 269, 389, 393, 397, 398, 399, 413, 429, 461, 513, 517, 518, 519, 521, 522, 523, 525, 526, 527, 528, 533, 537, 541, 542, 543, 549, 553, 557, 558, 559, 573, 581, 585, 589, 590, 591, 605, 621, 641, 642, 643, 645, 646, 647, 648, 649, 650, 651, 652, 654, 655, 656, 657, 661, 662, 663, 665, 666, 667, 669, 670, 671, 672, 673, 677, 678, 679, 681, 682, 683, 685, 686, 687, 688, 693, 697, 701, 702, 703, 705, 709, 710, 711, 713, 714, 715, 717, 718, 719, 720, 725, 729, 733, 734, 735, 741, 745, 749, 750, 751, 765, 773, 777, 781, 782, 783, 797, 813, 845, 897, 901, 902, 903, 905, 906, 907, 909, 910, 911, 912, 917, 921, 925, 926, 927, 933, 937, 941, 942, 943, 957, 965, 969, 973, 974, 975, 989, 1005]
x_654: [6, 10, 13, 14, 16, 30, 46, 78, 130, 133, 134, 136, 137, 138, 140, 141, 142, 143, 144, 150, 154, 157, 158, 160, 166, 170, 173, 174, 176, 190, 198, 202, 205, 206, 208, 222, 238, 270, 390, 394, 397, 398, 400, 414, 430, 462, 514, 517, 518, 520, 521, 522, 524, 525, 526, 527, 528, 534, 538, 541, 542, 544, 550, 554, 557, 558, 560, 574, 582, 586, 589, 590, 592, 606, 622, 641, 642, 644, 645, 646, 647, 648, 649, 650, 651, 652, 653, 655, 656, 658, 661, 662, 664, 665, 666, 668, 669, 670, 671, 672, 674, 677, 678, 680, 681, 682, 684, 685, 686, 687, 688, 694, 698, 701, 702, 704, 706, 709, 710, 712, 713, 714, 716, 717, 718, 719, 720, 726, 730, 733, 734, 736, 742, 746, 749, 750, 752, 766, 774, 778, 781, 782, 784, 798, 814, 846, 898, 901, 902, 904, 905, 906, 908, 909, 910, 911, 912, 918, 922, 925, 926, 928, 934, 938, 941, 942, 944, 958, 966, 970, 973, 974, 976, 990, 1006]
x_655: [7, 11, 13, 15, 16, 31, 47, 79, 131, 133, 135, 136, 137, 139, 140, 141, 142, 143, 144, 151, 155, 157, 159, 160, 167, 171, 173, 175, 176, 191, 199, 203, 205, 207, 208, 223, 239, 271, 391, 395, 397, 399, 400, 415, 431, 463, 515, 517, 519, 520, 521, 523, 524, 525, 526, 527, 528, 535, 539, 541, 543, 544, 551, 555, 557, 559, 560, 575, 583, 587, 589, 591, 592, 607, 623, 641, 643, 644, 645, 646, 647, 648, 649, 650, 651, 652, 653, 654, 656, 659, 661, 663, 664, 665, 667, 668, 669, 670, 671, 672, 675, 677, 679, 680, 681, 683, 684, 685, 686, 687, 688, 695, 699, 701, 703, 704, 707, 709, 711, 712, 713, 715, 716, 717, 718, 719, 720, 727, 731, 733, 735, 736, 743, 747, 749, 751, 752, 767, 775, 779, 781, 783, 784, 799, 815, 847, 899, 901, 903, 904, 905, 907, 908, 909, 910, 911, 912, 919, 923, 925, 927, 928, 935, 939, 941, 943, 944, 959, 967, 971, 973, 975, 976, 991, 1007]
x_656: [8, 12, 14, 15, 16, 32, 48, 80, 132, 134, 135, 136, 138, 139, 140, 141, 142, 143, 144, 152, 156, 158, 159, 160, 168, 172, 174, 175, 176, 192, 200, 204, 206, 207, 208, 224, 240, 272, 392, 396, 398, 399, 400, 416, 432, 464, 516, 518, 519, 520, 522, 523, 524, 525, 526, 527, 528, 536, 540, 542, 543, 544, 552, 556, 558, 559, 560, 576, 584, 588, 590, 591, 592, 608, 624, 642, 643, 644, 645, 646, 647, 648, 649, 650, 651, 652, 653, 654, 655, 660, 662, 663, 664, 666, 667, 668, 669, 670, 671, 672, 676, 678, 679, 680, 682, 683, 684, 685, 686, 687, 688, 696, 700, 702, 703, 704, 708, 710, 711, 712, 714, 715, 716, 717, 718, 719, 720, 728, 732, 734, 735, 736, 744, 748, 750, 751, 752, 768, 776, 780, 782, 783, 784, 800, 816, 848, 900, 902, 903, 904, 906, 907, 908, 909, 910, 911, 912, 920, 924, 926, 927, 928, 936, 940, 942, 943, 944, 960, 968, 972, 974, 975, 976, 992, 1008]
x_657: [1, 17, 18, 19, 21, 25, 49, 81, 129, 130, 131, 133, 137, 145, 146, 147, 148, 149, 150, 151, 153, 154, 155, 157, 161, 177, 178, 179, 181, 185, 193, 209, 210, 211, 213, 217, 241, 273, 385, 401, 402, 403, 405, 409, 433, 465, 513, 514, 515, 517, 521, 529, 530, 531, 532, 533, 534, 535, 537, 538, 539, 541, 545, 561, 562, 563, 565, 569, 577, 593, 594, 595, 597, 601, 625, 641, 642, 643, 644, 645, 646, 647, 649, 650, 651, 653, 658, 659, 660, 661, 662, 663, 664, 665, 666, 667, 668, 669, 670, 671, 673, 674, 675, 677, 681, 689, 690, 691, 692, 693, 694, 695, 697, 698, 699, 701, 705, 706, 707, 709, 713, 721, 722, 723, 724, 725, 726, 727, 729, 730, 731, 733, 737, 753, 754, 755, 757, 761, 769, 785, 786, 787, 789, 793, 817, 849, 897, 898, 899, 901, 905, 913, 914, 915, 916, 917, 918, 919, 921, 922, 923, 925, 929, 945, 946, 947, 949, 953, 961, 977, 978, 979, 981, 985, 1009]
x_658: [2, 17, 18, 20, 22, 26, 50, 82, 129, 130, 132, 134, 138, 145, 146, 147, 148, 149, 150, 152, 153, 154, 156, 158, 162, 177, 178, 180, 182, 186, 194, 209, 210, 212, 214, 218, 242, 274, 386, 401, 402, 404, 406, 410, 434, 466, 513, 514, 516, 518, 522, 529, 530, 531, 532, 533, 534, 536, 537, 538, 540, 542, 546, 561, 562, 564, 566, 570, 578, 593, 594, 596, 598, 602, 626, 641, 642, 643, 644, 645, 646, 648, 649, 650, 652, 654, 657, 659, 660, 661, 662, 663, 664, 665, 666, 667, 668, 669, 670, 672, 673, 674, 676, 678, 682, 689, 690, 691, 692, 693, 694, 696, 697, 698, 700, 702, 705, 706, 708, 710, 714, 721, 722, 723, 724, 725, 726, 728, 729, 730, 732, 734, 738, 753, 754, 756, 758, 762, 770, 785, 786, 788, 790, 794, 818, 850, 897, 898, 900, 902, 906, 913, 914, 915, 916, 917, 918, 920, 921, 922, 924, 926, 930, 945, 946, 948, 950, 954, 962, 977, 978, 980, 982, 986, 1010]
x_659: [3, 17, 19, 20, 23, 27, 51, 83, 129, 131, 132, 135, 139, 145, 146, 147, 148, 149, 151, 152, 153, 155, 156, 159, 163, 177, 179, 180, 183, 187, 195, 209, 211, 212, 215, 219, 243, 275, 387, 401, 403, 404, 407, 411, 435, 467, 513, 515, 516, 519, 523, 529, 530, 531, 532, 533, 535, 536, 537, 539, 540, 543, 547, 561, 563, 564, 567, 571, 579, 593, 595, 596, 599, 603, 627, 641, 642, 643, 644, 645, 647, 648, 649, 651, 652, 655, 657, 658, 660, 661, 662, 663, 664, 665, 666, 667, 668, 669, 671, 672, 673, 675, 676, 679, 683, 689, 690, 691, 692, 693, 695, 696, 697, 699, 700, 703, 705, 707, 708, 711, 715, 721, 722, 723, 724, 725, 727, 728, 729, 731, 732, 735, 739, 753, 755, 756, 759, 763, 771, 785, 787, 788, 791, 795, 819, 851, 897, 899, 900, 903, 907, 913, 914, 915, 916, 917, 919, 920, 921, 923, 924, 927, 931, 945, 947, 948, 951, 955, 963, 977, 979, 980, 983, 987, 1011]
x_660: [4, 18, 19, 20, 24, 28, 52, 84, 130, 131, 132, 136, 140, 145, 146, 147, 148, 150, 151, 152, 154, 155, 156, 160, 164, 178, 179, 180, 184, 188, 196, 210, 211, 212, 216, 220, 244, 276, 388, 402, 403, 404, 408, 412, 436, 468, 514, 515, 516, 520, 524, 529, 530, 531, 532, 534, 535, 536, 538, 539, 540, 544, 548, 562, 563, 564, 568, 572, 580, 594, 595, 596, 600, 604, 628, 641, 642, 643, 644, 646, 647, 648, 650, 651, 652, 656, 657, 658, 659, 661, 662, 663, 664, 665, 666, 667, 668, 670, 671, 672, 674, 675, 676, 680, 684, 689, 690, 691, 692, 694, 695, 696, 698, 699, 700, 704, 706, 707, 708, 712, 716, 721, 722, 723, 724, 726, 727, 728, 730, 731, 732, 736, 740, 754, 755, 756, 760, 764, 772, 786, 787, 788, 792, 796, 820, 852, 898, 899, 900, 904, 908, 913, 914, 915, 916, 918, 919, 920, 922, 923, 924, 928, 932, 946, 947, 948, 952, 956, 964, 978, 979, 980, 984, 988, 1012]
x_661: [5, 17, 21, 22, 23, 29, 53, 85, 129, 133, 134, 135, 141, 145, 146, 147, 149, 150, 151, 152, 153, 157, 158, 159, 165, 177, 181, 182, 183, 189, 197, 209, 213, 214, 215, 221, 245, 277, 389, 401, 405, 406, 407, 413, 437, 469, 513, 517, 518, 519, 525, 529, 530, 531, 533, 534, 535, 536, 537, 541, 542, 543, 549, 561, 565, 566, 567, 573, 581, 593, 597, 598, 599, 605, 629, 641, 642, 643, 645, 646, 647, 648, 649, 653, 654, 655, 657, 658, 659, 660, 662, 663, 664, 665, 666, 667, 669, 670, 671, 672, 673, 677, 678, 679, 685, 689, 690, 691, 693, 694, 695, 696, 697, 701, 702, 703, 705, 709, 710, 711, 717, 721, 722, 723, 725, 726, 727, 728, 729, 733, 734, 735, 741, 753, 757, 758, 759, 765, 773, 785, 789, 790, 791, 797, 821, 853, 897, 901, 902, 903, 909, 913, 914, 915, 917, 918, 919, 920, 921, 925, 926, 927, 933, 945, 949, 950, 951, 957, 965, 977, 981, 982, 983, 989, 1013]
x_662: [6, 18, 21, 22, 24, 30, 54, 86, 130, 133, 134, 136, 142, 145, 146, 148, 149, 150, 151, 152, 154, 157, 158, 160, 166, 178, 181, 182, 184, 190, 198, 210, 213, 214, 216, 222, 246, 278, 390, 402, 405, 406, 408, 414, 438, 470, 514, 517, 518, 520, 526, 529, 530, 532, 533, 534, 535, 536, 538, 541, 542, 544, 550, 562, 565, 566, 568, 574, 582, 594, 597, 598, 600, 606, 630, 641, 642, 644, 645, 646, 647, 648, 650, 653, 654, 656, 657, 658, 659, 660, 661, 663, 664, 665, 666, 668, 669, 670, 671, 672, 674, 677, 678, 680, 686, 689, 690, 692, 693, 694, 695, 696, 698, 701, 702, 704, 706, 709, 710, 712, 718, 721, 722, 724, 725, 726, 727, 728, 730, 733, 734, 736, 742, 754, 757, 758, 760, 766, 774, 786, 789, 790, 792, 798, 822, 854, 898, 901, 902, 904, 910, 913, 914, 916, 917, 918, 919, 920, 922, 925, 926, 928, 934, 946, 949, 950, 952, 958, 966, 978, 981, 982, 984, 990, 1014]
x_663: [7, 19, 21, 23, 24, 31, 55, 87, 131, 133, 135, 136, 143, 145, 147, 148, 149, 150, 151, 152, 155, 157, 159, 160, 167, 179, 181, 183, 184, 191, 199, 211, 213, 215, 216, 223, 247, 279, 391, 403, 405, 407, 408, 415, 439, 471, 515, 517, 519, 520, 527, 529, 531, 532, 533, 534, 535, 536, 539, 541, 543, 544, 551, 563, 565, 567, 568, 575, 583, 595, 597, 599, 600, 607, 631, 641, 643, 644, 645, 646, 647, 648, 651, 653, 655, 656, 657, 658, 659, 660, 661, 662, 664, 665, 667, 668, 669, 670, 671, 672, 675, 677, 679, 680, 687, 689, 691, 692, 693, 694, 695, 696, 699, 701, 703, 704, 707, 709, 711, 712, 719, 721, 723, 724, 725, 726, 727, 728, 731, 733, 735, 736, 743, 755, 757, 759, 760, 767, 775, 787, 789, 791, 792, 799, 823, 855, 899, 901, 903, 904, 911, 913, 915, 916, 917, 918, 919, 920, 923, 925, 927, 928, 935, 947, 949, 951, 952, 959, 967, 979, 981, 983, 984, 991, 1015]
x_664: [8, 20, 22, 23, 24, 32, 56, 88, 132, 134, 135, 136, 144, 146, 147, 148, 149, 150, 151, 152, 156, 158, 159, 160, 168, 180, 182, 183, 184, 192, 200, 212, 214, 215, 216, 224, 248, 280, 392, 404, 406, 407, 408, 416, 440, 472, 516, 518, 519, 520, 528, 530, 531, 532, 533, 534, 535, 536, 540, 542, 543, 544, 552, 564, 566, 567, 568, 576, 584, 596, 598, 599, 600, 608, 632, 642, 643, 644, 645, 646, 647, 648, 652, 654, 655, 656, 657, 658, 659, 660, 661, 662, 663, 666, 667, 668, 669, 670, 671, 672, 676, 678, 679, 680, 688, 690, 691, 692, 693, 694, 695, 696, 700, 702, 703, 704, 708, 710, 711, 712, 720, 722, 723, 724, 725, 726, 727, 728, 732, 734, 735, 736, 744, 756, 758, 759, 760, 768, 776, 788, 790, 791, 792, 800, 824, 856, 900, 902, 903, 904, 912, 914, 915, 916, 917, 918, 919, 920, 924, 926, 927, 928, 936, 948, 950, 951, 952, 960, 968, 980, 982, 983, 984, 992, 1016]
x_665: [9, 17, 25, 26, 27, 29, 57, 89, 129, 137, 138, 139, 141, 145, 146, 147, 149, 153, 154, 155, 156, 157, 158, 159, 169, 177, 185, 186, 187, 189, 201, 209, 217, 218, 219, 221, 249, 281, 393, 401, 409, 410, 411, 413, 441, 473, 513, 521, 522, 523, 525, 529, 530, 531, 533, 537, 538, 539, 540, 541, 542, 543, 553, 561, 569, 570, 571, 573, 585, 593, 601, 602, 603, 605, 633, 641, 642, 643, 645, 649, 650, 651, 652, 653, 654, 655, 657, 658, 659, 660, 661, 662, 663, 666, 667, 668, 669, 670, 671, 672, 673, 681, 682, 683, 685, 689, 690, 691, 693, 697, 698, 699, 700, 701, 702, 703, 705, 713, 714, 715, 717, 721, 722, 723, 725, 729, 730, 731, 732, 733, 734, 735, 745, 753, 761, 762, 763, 765, 777, 785, 793, 794, 795, 797, 825, 857, 897, 905, 906, 907, 909, 913, 914, 915, 917, 921, 922, 923, 924, 925, 926, 927, 937, 945, 953, 954, 955, 957, 969, 977, 985, 986, 987, 989, 1017]
x_666: [10, 18, 25, 26, 28, 30, 58, 90, 130, 137, 138, 140, 142, 145, 146, 148, 150, 153, 154, 155, 156, 157, 158, 160, 170, 178, 185, 186, 188, 190, 202, 210, 217, 218, 220, 222, 250, 282, 394, 402, 409, 410, 412, 414, 442, 474, 514, 521, 522, 524, 526, 529, 530, 532, 534, 537, 538, 539, 540, 541, 542, 544, 554, 562, 569, 570, 572, 574, 586, 594, 601, 602, 604, 606, 634, 641, 642, 644, 646, 649, 650, 651, 652, 653, 654, 656, 657, 658, 659, 660, 661, 662, 664, 665, 667, 668, 669, 670, 671, 672, 674, 681, 682, 684, 686, 689, 690, 692, 694, 697, 698, 699, 700, 701, 702, 704, 706, 713, 714, 716, 718, 721, 722, 724, 726, 729, 730, 731, 732, 733, 734, 736, 746, 754, 761, 762, 764, 766, 778, 786, 793, 794, 796, 798, 826, 858, 898, 905, 906, 908, 910, 913, 914, 916, 918, 921, 922, 923, 924, 925, 926, 928, 938, 946, 953, 954, 956, 958, 970, 978, 985, 986, 988, 990, 1018]
x_667: [11, 19, 25, 27, 28, 31, 59, 91, 131, 137, 139, 140, 143, 145, 147, 148, 151, 153, 154, 155, 156, 157, 159, 160, 171, 179, 185, 187, 188, 191, 203, 211, 217, 219, 220, 223, 251, 283, 395, 403, 409, 411, 412, 415, 443, 475, 515, 521, 523, 524, 527, 529, 531, 532, 535, 537, 538, 539, 540, 541, 543, 544, 555, 563, 569, 571, 572, 575, 587, 595, 601, 603, 604, 607, 635, 641, 643, 644, 647, 649, 650, 651, 652, 653, 655, 656, 657, 658, 659, 660, 661, 663, 664, 665, 666, 668, 669, 670, 671, 672, 675, 681, 683, 684, 687, 689, 691, 692, 695, 697, 698, 699, 700, 701, 703, 704, 707, 713, 715, 716, 719, 721, 723, 724, 727, 729, 730, 731, 732, 733, 735, 736, 747, 755, 761, 763, 764, 767, 779, 787, 793, 795, 796, 799, 827, 859, 899, 905, 907, 908, 911, 913, 915, 916, 919, 921, 922, 923, 924, 925, 927, 928, 939, 947, 953, 955, 956, 959, 971, 979, 985, 987, 988, 991, 1019]
x_668: [12, 20, 26, 27, 28, 32, 60, 92, 132, 138, 139, 140, 144, 146, 147, 148, 152, 153, 154, 155, 156, 158, 159, 160, 172, 180, 186, 187, 188, 192, 204, 212, 218, 219, 220, 224, 252, 284, 396, 404, 410, 411, 412, 416, 444, 476, 516, 522, 523, 524, 528, 530, 531, 532, 536, 537, 538, 539, 540, 542, 543, 544, 556, 564, 570, 571, 572, 576, 588, 596, 602, 603, 604, 608, 636, 642, 643, 644, 648, 649, 650, 651, 652, 654, 655, 656, 657, 658, 659, 660, 662, 663, 664, 665, 666, 667, 669, 670, 671, 672, 676, 682, 683, 684, 688, 690, 691, 692, 696, 697, 698, 699, 700, 702, 703, 704, 708, 714, 715, 716, 720, 722, 723, 724, 728, 729, 730, 731, 732, 734, 735, 736, 748, 756, 762, 763, 764, 768, 780, 788, 794, 795, 796, 800, 828, 860, 900, 906, 907, 908, 912, 914, 915, 916, 920, 921, 922, 923, 924, 926, 927, 928, 940, 948, 954, 955, 956, 960, 972, 980, 986, 987, 988, 992, 1020]
x_669: [13, 21, 25, 29, 30, 31, 61, 93, 133, 137, 141, 142, 143, 145, 149, 150, 151, 153, 154, 155, 157, 158, 159, 160, 173, 181, 185, 189, 190, 191, 205, 213, 217, 221, 222, 223, 253, 285, 397, 405, 409, 413, 414, 415, 445, 477, 517, 521, 525, 526, 527, 529, 533, 534, 535, 537, 538, 539, 541, 542, 543, 544, 557, 565, 569, 573, 574, 575, 589, 597, 601, 605, 606, 607, 637, 641, 645, 646, 647, 649, 650, 651, 653, 654, 655, 656, 657, 658, 659, 661, 662, 663, 664, 665, 666, 667, 668, 670, 671, 672, 677, 681, 685, 686, 687, 689, 693, 694, 695, 697, 698, 699, 701, 702, 703, 704, 709, 713, 717, 718, 719, 721, 725, 726, 727, 729, 730, 731, 733, 734, 735, 736, 749, 757, 761, 765, 766, 767, 781, 789, 793, 797, 798, 799, 829, 861, 901, 905, 909, 910, 911, 913, 917, 918, 919, 921, 922, 923, 925, 926, 927, 928, 941, 949, 953, 957, 958, 959, 973, 981, 985, 989, 990, 991, 1021]
x_670: [14, 22, 26, 29, 30, 32, 62, 94, 134, 138, 141, 142, 144, 146, 149, 150, 152, 153, 154, 156, 157, 158, 159, 160, 174, 182, 186, 189, 190, 192, 206, 214, 218, 221, 222, 224, 254, 286, 398, 406, 410, 413, 414, 416, 446, 478, 518, 522, 525, 526, 528, 530, 533, 534, 536, 537, 538, 540, 541, 542, 543, 544, 558, 566, 570, 573, 574, 576, 590, 598, 602, 605, 606, 608, 638, 642, 645, 646, 648, 649, 650, 652, 653, 654, 655, 656, 657, 658, 660, 661, 662, 663, 664, 665, 666, 667, 668, 669, 671, 672, 678, 682, 685, 686, 688, 690, 693, 694, 696, 697, 698, 700, 701, 702, 703, 704, 710, 714, 717, 718, 720, 722, 725, 726, 728, 729, 730, 732, 733, 734, 735, 736, 750, 758, 762, 765, 766, 768, 782, 790, 794, 797, 798, 800, 830, 862, 902, 906, 909, 910, 912, 914, 917, 918, 920, 921, 922, 924, 925, 926, 927, 928, 942, 950, 954, 957, 958, 960, 974, 982, 986, 989, 990, 992, 1022]
x_671: [15, 23, 27, 29, 31, 32, 63, 95, 135, 139, 141, 143, 144, 147, 149, 151, 152, 153, 155, 156, 157, 158, 159, 160, 175, 183, 187, 189, 191, 192, 207, 215, 219, 221, 223, 224, 255, 287, 399, 407, 411, 413, 415, 416, 447, 479, 519, 523, 525, 527, 528, 531, 533, 535, 536, 537, 539, 540, 541, 542, 543, 544, 559, 567, 571, 573, 575, 576, 591, 599, 603, 605, 607, 608, 639, 643, 645, 647, 648, 649, 651, 652, 653, 654, 655, 656, 657, 659, 660, 661, 662, 663, 664, 665, 666, 667, 668, 669, 670, 672, 679, 683, 685, 687, 688, 691, 693, 695, 696, 697, 699, 700, 701, 702, 703, 704, 711, 715, 717, 719, 720, 723, 725, 727, 728, 729, 731, 732, 733, 734, 735, 736, 751, 759, 763, 765, 767, 768, 783, 791, 795, 797, 799, 800, 831, 863, 903, 907, 909, 911, 912, 915, 917, 919, 920, 921, 923, 924, 925, 926, 927, 928, 943, 951, 955, 957, 959, 960, 975, 983, 987, 989, 991, 992, 1023]
x_672: [16, 24, 28, 30, 31, 32, 64, 96, 136, 140, 142, 143, 144, 148, 150, 151, 152, 154, 155, 156, 157, 158, 159, 160, 176, 184, 188, 190, 191, 192, 208, 216, 220, 222, 223, 224, 256, 288, 400, 408, 412, 414, 415, 416, 448, 480, 520, 524, 526, 527, 528, 532, 534, 535, 536, 538, 539, 540, 541, 542, 543, 544, 560, 568, 572, 574, 575, 576, 592, 600, 604, 606, 607, 608, 640, 644, 646, 647, 648, 650, 651, 652, 653, 654, 655, 656, 658, 659, 660, 661, 662, 663, 664, 665, 666, 667, 668, 669, 670, 671, 680, 684, 686, 687, 688, 692, 694, 695, 696, 698, 699, 700, 701, 702, 703, 704, 712, 716, 718, 719, 720, 724, 726, 727, 728, 730, 731, 732, 733, 734, 735, 736, 752, 760, 764, 766, 767, 768, 784, 792, 796, 798, 799, 800, 832, 864, 904, 908, 910, 911, 912, 916, 918, 919, 920, 922, 923, 924, 925, 926, 927, 928, 944, 952, 956, 958, 959, 960, 976, 984, 988, 990, 991, 992, 1024]
x_673: [1, 33, 34, 35, 37, 41, 49, 97, 129, 130, 131, 133, 137, 145, 161, 162, 163, 164, 165, 166, 167, 169, 170, 171, 173, 177, 178, 179, 181, 185, 193, 225, 226, 227, 229, 233, 241, 289, 385, 417, 418, 419, 421, 425, 433, 481, 513, 514, 515, 517, 521, 529, 545, 546, 547, 548, 549, 550, 551, 553, 554, 555, 557, 561, 562, 563, 565, 569, 577, 609, 610, 611, 613, 617, 625, 641, 642, 643, 644, 645, 646, 647, 649, 650, 651, 653, 657, 658, 659, 661, 665, 674, 675, 676, 677, 678, 679, 680, 681, 682, 683, 684, 685, 686, 687, 689, 690, 691, 692, 693, 694, 695, 697, 698, 699, 701, 705, 706, 707, 709, 713, 721, 737, 738, 739, 740, 741, 742, 743, 745, 746, 747, 749, 753, 754, 755, 757, 761, 769, 801, 802, 803, 805, 809, 817, 865, 897, 898, 899, 901, 905, 913, 929, 930, 931, 932, 933, 934, 935, 937, 938, 939, 941, 945, 946, 947, 949, 953, 961, 993, 994, 995, 997, 1001, 1009]
x_674: [2, 33, 34, 36, 38, 42, 50, 98, 129, 130, 132, 134, 138, 146, 161, 162, 163, 164, 165, 166, 168, 169, 170, 172, 174, 177, 178, 180, 182, 186, 194, 225, 226, 228, 230, 234, 242, 290, 386, 417, 418, 420, 422, 426, 434, 482, 513, 514, 516, 518, 522, 530, 545, 546, 547, 548, 549, 550, 552, 553, 554, 556, 558, 561, 562, 564, 566, 570, 578, 609, 610, 612, 614, 618, 626, 641, 642, 643, 644, 645, 646, 648, 649, 650, 652, 654, 657, 658, 660, 662, 666, 673, 675, 676, 677, 678, 679, 680, 681, 682, 683, 684, 685, 686, 688, 689, 690, 691, 692, 693, 694, 696, 697, 698, 700, 702, 705, 706, 708, 710, 714, 722, 737, 738, 739, 740, 741, 742, 744, 745, 746, 748, 750, 753, 754, 756, 758, 762, 770, 801, 802, 804, 806, 810, 818, 866, 897, 898, 900, 902, 906, 914, 929, 930, 931, 932, 933, 934, 936, 937, 938, 940, 942, 945, 946, 948, 950, 954, 962, 993, 994, 996, 998, 1002, 1010]
x_675: [3, 33, 35, 36, 39, 43, 51, 99, 129, 131, 132, 135, 139, 147, 161, 162, 163, 164, 165, 167, 168, 169, 171, 172, 175, 177, 179, 180, 183, 187, 195, 225, 227, 228, 231, 235, 243, 291, 387, 417, 419, 420, 423, 427, 435, 483, 513, 515, 516, 519, 523, 531, 545, 546, 547, 548, 549, 551, 552, 553, 555, 556, 559, 561, 563, 564, 567, 571, 579, 609, 611, 612, 615, 619, 627, 641, 642, 643, 644, 645, 647, 648, 649, 651, 652, 655, 657, 659, 660, 663, 667, 673, 674, 676, 677, 678, 679, 680, 681, 682, 683, 684, 685, 687, 688, 689, 690, 691, 692, 693, 695, 696, 697, 699, 700, 703, 705, 707, 708, 711, 715, 723, 737, 738, 739, 740, 741, 743, 744, 745, 747, 748, 751, 753, 755, 756, 759, 763, 771, 801, 803, 804, 807, 811, 819, 867, 897, 899, 900, 903, 907, 915, 929, 930, 931, 932, 933, 935, 936, 937, 939, 940, 943, 945, 947, 948, 951, 955, 963, 993, 995, 996, 999, 1003, 1011]
x_676: [4, 34, 35, 36, 40, 44, 52, 100, 130, 131, 132, 136, 140, 148, 161, 162, 163, 164, 166, 167, 168, 170, 171, 172, 176, 178, 179, 180, 184, 188, 196, 226, 227, 228, 232, 236, 244, 292, 388, 418, 419, 420, 424, 428, 436, 484, 514, 515, 516, 520, 524, 532, 545, 546, 547, 548, 550, 551, 552, 554, 555, 556, 560, 562, 563, 564, 568, 572, 580, 610, 611, 612, 616, 620, 628, 641, 642, 643, 644, 646, 647, 648, 650, 651, 652, 656, 658, 659, 660, 664, 668, 673, 674, 675, 677, 678, 679, 680, 681, 682, 683, 684, 686, 687, 688, 689, 690, 691, 692, 694, 695, 696, 698, 699, 700, 704, 706, 707, 708, 712, 716, 724, 737, 738, 739, 740, 742, 743, 744, 746, 747, 748, 752, 754, 755, 756, 760, 764, 772, 802, 803, 804, 808, 812, 820, 868, 898, 899, 900, 904, 908, 916, 929, 930, 931, 932, 934, 935, 936, 938, 939, 940, 944, 946, 947, 948, 952, 956, 964, 994, 995, 996, 1000, 1004, 1012]
x_677: [5, 33, 37, 38, 39, 45, 53, 101, 129, 133, 134, 135, 141, 149, 161, 162, 163, 165, 166, 167, 168, 169, 173, 174, 175, 177, 181, 182, 183, 189, 197, 225, 229, 230, 231, 237, 245, 293, 389, 417, 421, 422, 423, 429, 437, 485, 513, 517, 518, 519, 525, 533, 545, 546, 547, 549, 550, 551, 552, 553, 557, 558, 559, 561, 565, 566, 567, 573, 581, 609, 613, 614, 615, 621, 629, 641, 642, 643, 645, 646, 647, 648, 649, 653, 654, 655, 657, 661, 662, 663, 669, 673, 674, 675, 676, 678, 679, 680, 681, 682, 683, 685, 686, 687, 688, 689, 690, 691, 693, 694, 695, 696, 697, 701, 702, 703, 705, 709, 710, 711, 717, 725, 737, 738, 739, 741, 742, 743, 744, 745, 749, 750, 751, 753, 757, 758, 759, 765, 773, 801, 805, 806, 807, 813, 821, 869, 897, 901, 902, 903, 909, 917, 929, 930, 931, 933, 934, 935, 936, 937, 941, 942, 943, 945, 949, 950, 951, 957, 965, 993, 997, 998, 999, 1005, 1013]
x_678: [6, 34, 37, 38, 40, 46, 54, 102, 130, 133, 134, 136, 142, 150, 161, 162, 164, 165, 166, 167, 168, 170, 173, 174, 176, 178, 181, 182, 184, 190, 198, 226, 229, 230, 232, 238, 246, 294, 390, 418, 421, 422, 424, 430, 438, 486, 514, 517, 518, 520, 526, 534, 545, 546, 548, 549, 550, 551, 552, 554, 557, 558, 560, 562, 565, 566, 568, 574, 582, 610, 613, 614, 616, 622, 630, 641, 642, 644, 645, 646, 647, 648, 650, 653, 654, 656, 658, 661, 662, 664, 670, 673, 674, 675, 676, 677, 679, 680, 681, 682, 684, 685, 686, 687, 688, 689, 690, 692, 693, 694, 695, 696, 698, 701, 702, 704, 706, 709, 710, 712, 718, 726, 737, 738, 740, 741, 742, 743, 744, 746, 749, 750, 752, 754, 757, 758, 760, 766, 774, 802, 805, 806, 808, 814, 822, 870, 898, 901, 902, 904, 910, 918, 929, 930, 932, 933, 934, 935, 936, 938, 941, 942, 944, 946, 949, 950, 952, 958, 966, 994, 997, 998, 1000, 1006, 1014]
x_679: [7, 35, 37, 39, 40, 47, 55, 103, 131, 133, 135, 136, 143, 151, 161, 163, 164, 165, 166, 167, 168, 171, 173, 175, 176, 179, 181, 183, 184, 191, 199, 227, 229, 231, 232, 239, 247, 295, 391, 419, 421, 423, 424, 431, 439, 487, 515, 517, 519, 520, 527, 535, 545, 547, 548, 549, 550, 551, 552, 555, 557, 559, 560, 563, 565, 567, 568, 575, 583, 611, 613, 615, 616, 623, 631, 641, 643, 644, 645, 646, 647, 648, 651, 653, 655, 656, 659, 661, 663, 664, 671, 673, 674, 675, 676, 677, 678, 680, 681, 683, 684, 685, 686, 687, 688, 689, 691, 692, 693, 694, 695, 696, 699, 701, 703, 704, 707, 709, 711, 712, 719, 727, 737, 739, 740, 741, 742, 743, 744, 747, 749, 751, 752, 755, 757, 759, 760, 767, 775, 803, 805, 807, 808, 815, 823, 871, 899, 901, 903, 904, 911, 919, 929, 931, 932, 933, 934, 935, 936, 939, 941, 943, 944, 947, 949, 951, 952, 959, 967, 995, 997, 999, 1000, 1007, 1015]
x_680: [8, 36, 38, 39, 40, 48, 56, 104, 132, 134, 135, 136, 144, 152, 162, 163, 164, 165, 166, 167, 168, 172, 174, 175, 176, 180, 182, 183, 184, 192, 200, 228, 230, 231, 232, 240, 248, 296, 392, 420, 422, 423, 424, 432, 440, 488, 516, 518, 519, 520, 528, 536, 546, 547, 548, 549, 550, 551, 552, 556, 558, 559, 560, 564, 566, 567, 568, 576, 584, 612, 614, 615, 616, 624, 632, 642, 643, 644, 645, 646, 647, 648, 652, 654, 655, 656, 660, 662, 663, 664, 672, 673, 674, 675, 676, 677, 678, 679, 682, 683, 684, 685, 686, 687, 688, 690, 691, 692, 693, 694, 695, 696, 700, 702, 703, 704, 708, 710, 711, 712, 720, 728, 738, 739, 740, 741, 742, 743, 744, 748, 750, 751, 752, 756, 758, 759, 760, 768, 776, 804, 806, 807, 808, 816, 824, 872, 900, 902, 903, 904, 912, 920, 930, 931, 932, 933, 934, 935, 936, 940, 942, 943, 944, 948, 950, 951, 952, 960, 968, 996, 998, 999, 1000, 1008, 1016]
x_681: [9, 33, 41, 42, 43, 45, 57, 105, 129, 137, 138, 139, 141, 153, 161, 162, 163, 165, 169, 170, 171, 172, 173, 174, 175, 177, 185, 186, 187, 189, 201, 225, 233, 234, 235, 237, 249, 297, 393, 417, 425, 426, 427, 429, 441, 489, 513, 521, 522, 523, 525, 537, 545, 546, 547, 549, 553, 554, 555, 556, 557, 558, 559, 561, 569, 570, 571, 573, 585, 609, 617, 618, 619, 621, 633, 641, 642, 643, 645, 649, 650, 651, 652, 653, 654, 655, 657, 665, 666, 667, 669, 673, 674, 675, 676, 677, 678, 679, 682, 683, 684, 685, 686, 687, 688, 689, 690, 691, 693, 697, 698, 699, 700, 701, 702, 703, 705, 713, 714, 715, 717, 729, 737, 738, 739, 741, 745, 746, 747, 748, 749, 750, 751, 753, 761, 762, 763, 765, 777, 801, 809, 810, 811, 813, 825, 873, 897, 905, 906, 907, 909, 921, 929, 930, 931, 933, 937, 938, 939, 940, 941, 942, 943, 945, 953, 954, 955, 957, 969, 993, 1001, 1002, 1003, 1005, 1017]
x_682: [10, 34, 41, 42, 44, 46, 58, 106, 130, 137, 138, 140, 142, 154, 161, 162, 164, 166, 169, 170, 171, 172, 173, 174, 176, 178, 185, 186, 188, 190, 202, 226, 233, 234, 236, 238, 250, 298, 394, 418, 425, 426, 428, 430, 442, 490, 514, 521, 522, 524, 526, 538, 545, 546, 548, 550, 553, 554, 555, 556, 557, 558, 560, 562, 569, 570, 572, 574, 586, 610, 617, 618, 620, 622, 634, 641, 642, 644, 646, 649, 650, 651, 652, 653, 654, 656, 658, 665, 666, 668, 670, 673, 674, 675, 676, 677, 678, 680, 681, 683, 684, 685, 686, 687, 688, 689, 690, 692, 694, 697, 698, 699, 700, 701, 702, 704, 706, 713, 714, 716, 718, 730, 737, 738, 740, 742, 745, 746, 747, 748, 749, 750, 752, 754, 761, 762, 764, 766, 778, 802, 809, 810, 812, 814, 826, 874, 898, 905, 906, 908, 910, 922, 929, 930, 932, 934, 937, 938, 939, 940, 941, 942, 944, 946, 953, 954, 956, 958, 970, 994, 1001, 1002, 1004, 1006, 1018]
x_683: [11, 35, 41, 43, 44, 47, 59, 107, 131, 137, 139, 140, 143, 155, 161, 163, 164, 167, 169, 170, 171, 172, 173, 175, 176, 179, 185, 187, 188, 191, 203, 227, 233, 235, 236, 239, 251, 299, 395, 419, 425, 427, 428, 431, 443, 491, 515, 521, 523, 524, 527, 539, 545, 547, 548, 551, 553, 554, 555, 556, 557, 559, 560, 563, 569, 571, 572, 575, 587, 611, 617, 619, 620, 623, 635, 641, 643, 644, 647, 649, 650, 651, 652, 653, 655, 656, 659, 665, 667, 668, 671, 673, 674, 675, 676, 677, 679, 680, 681, 682, 684, 685, 686, 687, 688, 689, 691, 692, 695, 697, 698, 699, 700, 701, 703, 704, 707, 713, 715, 716, 719, 731, 737, 739, 740, 743, 745, 746, 747, 748, 749, 751, 752, 755, 761, 763, 764, 767, 779, 803, 809, 811, 812, 815, 827, 875, 899, 905, 907, 908, 911, 923, 929, 931, 932, 935, 937, 938, 939, 940, 941, 943, 944, 947, 953, 955, 956, 959, 971, 995, 1001, 1003, 1004, 1007, 1019]
x_684: [12, 36, 42, 43, 44, 48, 60, 108, 132, 138, 139, 140, 144, 156, 162, 163, 164, 168, 169, 170, 171, 172, 174, 175, 176, 180, 186, 187, 188, 192, 204, 228, 234, 235, 236, 240, 252, 300, 396, 420, 426, 427, 428, 432, 444, 492, 516, 522, 523, 524, 528, 540, 546, 547, 548, 552, 553, 554, 555, 556, 558, 559, 560, 564, 570, 571, 572, 576, 588, 612, 618, 619, 620, 624, 636, 642, 643, 644, 648, 649, 650, 651, 652, 654, 655, 656, 660, 666, 667, 668, 672, 673, 674, 675, 676, 678, 679, 680, 681, 682, 683, 685, 686, 687, 688, 690, 691, 692, 696, 697, 698, 699, 700, 702, 703, 704, 708, 714, 715, 716, 720, 732, 738, 739, 740, 744, 745, 746, 747, 748, 750, 751, 752, 756, 762, 763, 764, 768, 780, 804, 810, 811, 812, 816, 828, 876, 900, 906, 907, 908, 912, 924, 930, 931, 932, 936, 937, 938, 939, 940, 942, 943, 944, 948, 954, 955, 956, 960, 972, 996, 1002, 1003, 1004, 1008, 1020]
x_685: [13, 37, 41, 45, 46, 47, 61, 109, 133, 137, 141, 142, 143, 157, 161, 165, 166, 167, 169, 170, 171, 173, 174, 175, 176, 181, 185, 189, 190, 191, 205, 229, 233, 237, 238, 239, 253, 301, 397, 421, 425, 429, 430, 431, 445, 493, 517, 521, 525, 526, 527, 541, 545, 549, 550, 551, 553, 554, 555, 557, 558, 559, 560, 565, 569, 573, 574, 575, 589, 613, 617, 621, 622, 623, 637, 641, 645, 646, 647, 649, 650, 651, 653, 654, 655, 656, 661, 665, 669, 670, 671, 673, 674, 675, 677, 678, 679, 680, 681, 682, 683, 684, 686, 687, 688, 689, 693, 694, 695, 697, 698, 699, 701, 702, 703, 704, 709, 713, 717, 718, 719, 733, 737, 741, 742, 743, 745, 746, 747, 749, 750, 751, 752, 757, 761, 765, 766, 767, 781, 805, 809, 813, 814, 815, 829, 877, 901, 905, 909, 910, 911, 925, 929, 933, 934, 935, 937, 938, 939, 941, 942, 943, 944, 949, 953, 957, 958, 959, 973, 997, 1001, 1005, 1006, 1007, 1021]
x_686: [14, 38, 42, 45, 46, 48, 62, 110, 134, 138, 141, 142, 144, 158, 162, 165, 166, 168, 169, 170, 172, 173, 174, 175, 176, 182, 186, 189, 190, 192, 206, 230, 234, 237, 238, 240, 254, 302, 398, 422, 426, 429, 430, 432, 446, 494, 518, 522, 525, 526, 528, 542, 546, 549, 550, 552, 553, 554, 556, 557, 558, 559, 560, 566, 570, 573, 574, 576, 590, 614, 618, 621, 622, 624, 638, 642, 645, 646, 648, 649, 650, 652, 653, 654, 655, 656, 662, 666, 669, 670, 672, 673, 674, 676, 677, 678, 679, 680, 681, 682, 683, 684, 685, 687, 688, 690, 693, 694, 696, 697, 698, 700, 701, 702, 703, 704, 710, 714, 717, 718, 720, 734, 738, 741, 742, 744, 745, 746, 748, 749, 750, 751, 752, 758, 762, 765, 766, 768, 782, 806, 810, 813, 814, 816, 830, 878, 902, 906, 909, 910, 912, 926, 930, 933, 934, 936, 937, 938, 940, 941, 942, 943, 944, 950, 954, 957, 958, 960, 974, 998, 1002, 1005, 1006, 1008, 1022]
x_687: [15, 39, 43, 45, 47, 48, 63, 111, 135, 139, 141, 143, 144, 159, 163, 165, 167, 168, 169, 171, 172, 173, 174, 175, 176, 183, 187, 189, 191, 192, 207, 231, 235, 237, 239, 240, 255, 303, 399, 423, 427, 429, 431, 432, 447, 495, 519, 523, 525, 527, 528, 543, 547, 549, 551, 552, 553, 555, 556, 557, 558, 559, 560, 567, 571, 573, 575, 576, 591, 615, 619, 621, 623, 624, 639, 643, 645, 647, 648, 649, 651, 652, 653, 654, 655, 656, 663, 667, 669, 671, 672, 673, 675, 676, 677, 678, 679, 680, 681, 682, 683, 684, 685, 686, 688, 691, 693, 695, 696, 697, 699, 700, 701, 702, 703, 704, 711, 715, 717, 719, 720, 735, 739, 741, 743, 744, 745, 747, 748, 749, 750, 751, 752, 759, 763, 765, 767, 768, 783, 807, 811, 813, 815, 816, 831, 879, 903, 907, 909, 911, 912, 927, 931, 933, 935, 936, 937, 939, 940, 941, 942, 943, 944, 951, 955, 957, 959, 960, 975, 999, 1003, 1005, 1007, 1008, 1023]
x_688: [16, 40, 44, 46, 47, 48, 64, 112, 136, 140, 142, 143, 144, 160, 164, 166, 167, 168, 170, 171, 172, 173, 174, 175, 176, 184, 188, 190, 191, 192, 208, 232, 236, 238, 239, 240, 256, 304, 400, 424, 428, 430, 431, 432, 448, 496, 520, 524, 526, 527, 528, 544, 548, 550, 551, 552, 554, 555, 556, 557, 558, 559, 560, 568, 572, 574, 575, 576, 592, 616, 620, 622, 623, 624, 640, 644, 646, 647, 648, 650, 651, 652, 653, 654, 655, 656, 664, 668, 670, 671, 672, 674, 675, 676, 677, 678, 679, 680, 681, 682, 683, 684, 685, 686, 687, 692, 694, 695, 696, 698, 699, 700, 701, 702, 703, 704, 712, 716, 718, 719, 720, 736, 740, 742, 743, 744, 746, 747, 748, 749, 750, 751, 752, 760, 764, 766, 767, 768, 784, 808, 812, 814, 815, 816, 832, 880, 904, 908, 910, 911, 912, 928, 932, 934, 935, 936, 938, 939, 940, 941, 942, 943, 944, 952, 956, 958, 959, 960, 976, 1000, 1004, 1006, 1007, 1008, 1024]
x_689: [17, 33, 49, 50, 51, 53, 57, 113, 129, 145, 146, 147, 149, 153, 161, 162, 163, 165, 169, 177, 178, 179, 180, 181, 182, 183, 185, 186, 187, 189, 209, 225, 241, 242, 243, 245, 249, 305, 401, 417, 433, 434, 435, 437, 441, 497, 513, 529, 530, 531, 533, 537, 545, 546, 547, 549, 553, 561, 562, 563, 564, 565, 566, 567, 569, 570, 571, 573, 593, 609, 625, 626, 627, 629, 633, 641, 642, 643, 645, 649, 657, 658, 659, 660, 661, 662, 663, 665, 666, 667, 669, 673, 674, 675, 676, 677, 678, 679, 681, 682, 683, 685, 690, 691, 692, 693, 694, 695, 696, 697, 698, 699, 700, 701, 702, 703, 705, 721, 722, 723, 725, 729, 737, 738, 739, 741, 745, 753, 754, 755, 756, 757, 758, 759, 761, 762, 763, 765, 785, 801, 817, 818, 819, 821, 825, 881, 897, 913, 914, 915, 917, 921, 929, 930, 931, 933, 937, 945, 946, 947, 948, 949, 950, 951, 953, 954, 955, 957, 977, 993, 1009, 1010, 1011, 1013, 1017]
x_690: [18, 34, 49, 50, 52, 54, 58, 114, 130, 145, 146, 148, 150, 154, 161, 162, 164, 166, 170, 177, 178, 179, 180, 181, 182, 184, 185, 186, 188, 190, 210, 226, 241, 242, 244, 246, 250, 306, 402, 418, 433, 434, 436, 438, 442, 498, 514, 529, 530, 532, 534, 538, 545, 546, 548, 550, 554, 561, 562, 563, 564, 565, 566, 568, 569, 570, 572, 574, 594, 610, 625, 626, 628, 630, 634, 641, 642, 644, 646, 650, 657, 658, 659, 660, 661, 662, 664, 665, 666, 668, 670, 673, 674, 675, 676, 677, 678, 680, 681, 682, 684, 686, 689, 691, 692, 693, 694, 695, 696, 697, 698, 699, 700, 701, 702, 704, 706, 721, 722, 724, 726, 730, 737, 738, 740, 742, 746, 753, 754, 755, 756, 757, 758, 760, 761, 762, 764, 766, 786, 802, 817, 818, 820, 822, 826, 882, 898, 913, 914, 916, 918, 922, 929, 930, 932, 934, 938, 945, 946, 947, 948, 949, 950, 952, 953, 954, 956, 958, 978, 994, 1009, 1010, 1012, 1014, 1018]
x_691: [19, 35, 49, 51, 52, 55, 59, 115, 131, 145, 147, 148, 151, 155, 161, 163, 164, 167, 171, 177, 178, 179, 180, 181, 183, 184, 185, 187, 188, 191, 211, 227, 241, 243, 244, 247, 251, 307, 403, 419, 433, 435, 436, 439, 443, 499, 515, 529, 531, 532, 535, 539, 545, 547, 548, 551, 555, 561, 562, 563, 564, 565, 567, 568, 569, 571, 572, 575, 595, 611, 625, 627, 628, 631, 635, 641, 643, 644, 647, 651, 657, 658, 659, 660, 661, 663, 664, 665, 667, 668, 671, 673, 674, 675, 676, 677, 679, 680, 681, 683, 684, 687, 689, 690, 692, 693, 694, 695, 696, 697, 698, 699, 700, 701, 703, 704, 707, 721, 723, 724, 727, 731, 737, 739, 740, 743, 747, 753, 754, 755, 756, 757, 759, 760, 761, 763, 764, 767, 787, 803, 817, 819, 820, 823, 827, 883, 899, 913, 915, 916, 919, 923, 929, 931, 932, 935, 939, 945, 946, 947, 948, 949, 951, 952, 953, 955, 956, 959, 979, 995, 1009, 1011, 1012, 1015, 1019]
x_692: [20, 36, 50, 51, 52, 56, 60, 116, 132, 146, 147, 148, 152, 156, 162, 163, 164, 168, 172, 177, 178, 179, 180, 182, 183, 184, 186, 187, 188, 192, 212, 228, 242, 243, 244, 248, 252, 308, 404, 420, 434, 435, 436, 440, 444, 500, 516, 530, 531, 532, 536, 540, 546, 547, 548, 552, 556, 561, 562, 563, 564, 566, 567, 568, 570, 571, 572, 576, 596, 612, 626, 627, 628, 632, 636, 642, 643, 644, 648, 652, 657, 658, 659, 660, 662, 663, 664, 666, 667, 668, 672, 673, 674, 675, 676, 678, 679, 680, 682, 683, 684, 688, 689, 690, 691, 693, 694, 695, 696, 697, 698, 699, 700, 702, 703, 704, 708, 722, 723, 724, 728, 732, 738, 739, 740, 744, 748, 753, 754, 755, 756, 758, 759, 760, 762, 763, 764, 768, 788, 804, 818, 819, 820, 824, 828, 884, 900, 914, 915, 916, 920, 924, 930, 931, 932, 936, 940, 945, 946, 947, 948, 950, 951, 952, 954, 955, 956, 960, 980, 996, 1010, 1011, 1012, 1016, 1020]
x_693: [21, 37, 49, 53, 54, 55, 61, 117, 133, 145, 149, 150, 151, 157, 161, 165, 166, 167, 173, 177, 178, 179, 181, 182, 183, 184, 185, 189, 190, 191, 213, 229, 241, 245, 246, 247, 253, 309, 405, 421, 433, 437, 438, 439, 445, 501, 517, 529, 533, 534, 535, 541, 545, 549, 550, 551, 557, 561, 562, 563, 565, 566, 567, 568, 569, 573, 574, 575, 597, 613, 625, 629, 630, 631, 637, 641, 645, 646, 647, 653, 657, 658, 659, 661, 662, 663, 664, 665, 669, 670, 671, 673, 674, 675, 677, 678, 679, 680, 681, 685, 686, 687, 689, 690, 691, 692, 694, 695, 696, 697, 698, 699, 701, 702, 703, 704, 709, 721, 725, 726, 727, 733, 737, 741, 742, 743, 749, 753, 754, 755, 757, 758, 759, 760, 761, 765, 766, 767, 789, 805, 817, 821, 822, 823, 829, 885, 901, 913, 917, 918, 919, 925, 929, 933, 934, 935, 941, 945, 946, 947, 949, 950, 951, 952, 953, 957, 958, 959, 981, 997, 1009, 1013, 1014, 1015, 1021]
x_694: [22, 38, 50, 53, 54, 56, 62, 118, 134, 146, 149, 150, 152, 158, 162, 165, 166, 168, 174, 177, 178, 180, 181, 182, 183, 184, 186, 189, 190, 192, 214, 230, 242, 245, 246, 248, 254, 310, 406, 422, 434, 437, 438, 440, 446, 502, 518, 530, 533, 534, 536, 542, 546, 549, 550, 552, 558, 561, 562, 564, 565, 566, 567, 568, 570, 573, 574, 576, 598, 614, 626, 629, 630, 632, 638, 642, 645, 646, 648, 654, 657, 658, 660, 661, 662, 663, 664, 666, 669, 670, 672, 673, 674, 676, 677, 678, 679, 680, 682, 685, 686, 688, 689, 690, 691, 692, 693, 695, 696, 697, 698, 700, 701, 702, 703, 704, 710, 722, 725, 726, 728, 734, 738, 741, 742, 744, 750, 753, 754, 756, 757, 758, 759, 760, 762, 765, 766, 768, 790, 806, 818, 821, 822, 824, 830, 886, 902, 914, 917, 918, 920, 926, 930, 933, 934, 936, 942, 945, 946, 948, 949, 950, 951, 952, 954, 957, 958, 960, 982, 998, 1010, 1013, 1014, 1016, 1022]
x_695: [23, 39, 51, 53, 55, 56, 63, 119, 135, 147, 149, 151, 152, 159, 163, 165, 167, 168, 175, 177, 179, 180, 181, 182, 183, 184, 187, 189, 191, 192, 215, 231, 243, 245, 247, 248, 255, 311, 407, 423, 435, 437, 439, 440, 447, 503, 519, 531, 533, 535, 536, 543, 547, 549, 551, 552, 559, 561, 563, 564, 565, 566, 567, 568, 571, 573, 575, 576, 599, 615, 627, 629, 631, 632, 639, 643, 645, 647, 648, 655, 657, 659, 660, 661, 662, 663, 664, 667, 669, 671, 672, 673, 675, 676, 677, 678, 679, 680, 683, 685, 687, 688, 689, 690, 691, 692, 693, 694, 696, 697, 699, 700, 701, 702, 703, 704, 711, 723, 725, 727, 728, 735, 739, 741, 743, 744, 751, 753, 755, 756, 757, 758, 759, 760, 763, 765, 767, 768, 791, 807, 819, 821, 823, 824, 831, 887, 903, 915, 917, 919, 920, 927, 931, 933, 935, 936, 943, 945, 947, 948, 949, 950, 951, 952, 955, 957, 959, 960, 983, 999, 1011, 1013, 1015, 1016, 1023]
x_696: [24, 40, 52, 54, 55, 56, 64, 120, 136, 148, 150, 151, 152, 160, 164, 166, 167, 168, 176, 178, 179, 180, 181, 182, 183, 184, 188, 190, 191, 192, 216, 232, 244, 246, 247, 248, 256, 312, 408, 424, 436, 438, 439, 440, 448, 504, 520, 532, 534, 535, 536, 544, 548, 550, 551, 552, 560, 562, 563, 564, 565, 566, 567, 568, 572, 574, 575, 576, 600, 616, 628, 630, 631, 632, 640, 644, 646, 647, 648, 656, 658, 659, 660, 661, 662, 663, 664, 668, 670, 671, 672, 674, 675, 676, 677, 678, 679, 680, 684, 686, 687, 688, 689, 690, 691, 692, 693, 694, 695, 698, 699, 700, 701, 702, 703, 704, 712, 724, 726, 727, 728, 736, 740, 742, 743, 744, 752, 754, 755, 756, 757, 758, 759, 760, 764, 766, 767, 768, 792, 808, 820, 822, 823, 824, 832, 888, 904, 916, 918, 919, 920, 928, 932, 934, 935, 936, 944, 946, 947, 948, 949, 950, 951, 952, 956, 958, 959, 960, 984, 1000, 1012, 1014, 1015, 1016, 1024]
x_697: [25, 41, 49, 57, 58, 59, 61, 121, 137, 145, 153, 154, 155, 157, 161, 169, 170, 171, 173, 177, 178, 179, 181, 185, 186, 187, 188, 189, 190, 191, 217, 233, 241, 249, 250, 251, 253, 313, 409, 425, 433, 441, 442, 443, 445, 505, 521, 529, 537, 538, 539, 541, 545, 553, 554, 555, 557, 561, 562, 563, 565, 569, 570, 571, 572, 573, 574, 575, 601, 617, 625, 633, 634, 635, 637, 641, 649, 650, 651, 653, 657, 658, 659, 661, 665, 666, 667, 668, 669, 670, 671, 673, 674, 675, 677, 681, 682, 683, 684, 685, 686, 687, 689, 690, 691, 692, 693, 694, 695, 698, 699, 700, 701, 702, 703, 704, 713, 721, 729, 730, 731, 733, 737, 745, 746, 747, 749, 753, 754, 755, 757, 761, 762, 763, 764, 765, 766, 767, 793, 809, 817, 825, 826, 827, 829, 889, 905, 913, 921, 922, 923, 925, 929, 937, 938, 939, 941, 945, 946, 947, 949, 953, 954, 955, 956, 957, 958, 959, 985, 1001, 1009, 1017, 1018, 1019, 1021]
x_698: [26, 42, 50, 57, 58, 60, 62, 122, 138, 146, 153, 154, 156, 158, 162, 169, 170, 172, 174, 177, 178, 180, 182, 185, 186, 187, 188, 189, 190, 192, 218, 234, 242, 249, 250, 252, 254, 314, 410, 426, 434, 441, 442, 444, 446, 506, 522, 530, 537, 538, 540, 542, 546, 553, 554, 556, 558, 561, 562, 564, 566, 569, 570, 571, 572, 573, 574, 576, 602, 618, 626, 633, 634, 636, 638, 642, 649, 650, 652, 654, 657, 658, 660, 662, 665, 666, 667, 668, 669, 670, 672, 673, 674, 676, 678, 681, 682, 683, 684, 685, 686, 688, 689, 690, 691, 692, 693, 694, 696, 697, 699, 700, 701, 702, 703, 704, 714, 722, 729, 730, 732, 734, 738, 745, 746, 748, 750, 753, 754, 756, 758, 761, 762, 763, 764, 765, 766, 768, 794, 810, 818, 825, 826, 828, 830, 890, 906, 914, 921, 922, 924, 926, 930, 937, 938, 940, 942, 945, 946, 948, 950, 953, 954, 955, 956, 957, 958, 960, 986, 1002, 1010, 1017, 1018, 1020, 1022]
x_699: [27, 43, 51, 57, 59, 60, 63, 123, 139, 147, 153, 155, 156, 159, 163, 169, 171, 172, 175, 177, 179, 180, 183, 185, 186, 187, 188, 189, 191, 192, 219, 235, 243, 249, 251, 252, 255, 315, 411, 427, 435, 441, 443, 444, 447, 507, 523, 531, 537, 539, 540, 543, 547, 553, 555, 556, 559, 561, 563, 564, 567, 569, 570, 571, 572, 573, 575, 576, 603, 619, 627, 633, 635, 636, 639, 643, 649, 651, 652, 655, 657, 659, 660, 663, 665, 666, 667, 668, 669, 671, 672, 673, 675, 676, 679, 681, 682, 683, 684, 685, 687, 688, 689, 690, 691, 692, 693, 695, 696, 697, 698, 700, 701, 702, 703, 704, 715, 723, 729, 731, 732, 735, 739, 745, 747, 748, 751, 753, 755, 756, 759, 761, 762, 763, 764, 765, 767, 768, 795, 811, 819, 825, 827, 828, 831, 891, 907, 915, 921, 923, 924, 927, 931, 937, 939, 940, 943, 945, 947, 948, 951, 953, 954, 955, 956, 957, 959, 960, 987, 1003, 1011, 1017, 1019, 1020, 1023]
x_700: [28, 44, 52, 58, 59, 60, 64, 124, 140, 148, 154, 155, 156, 160, 164, 170, 171, 172, 176, 178, 179, 180, 184, 185, 186, 187, 188, 190, 191, 192, 220, 236, 244, 250, 251, 252, 256, 316, 412, 428, 436, 442, 443, 444, 448, 508, 524, 532, 538, 539, 540, 544, 548, 554, 555, 556, 560, 562, 563, 564, 568, 569, 570, 571, 572, 574, 575, 576, 604, 620, 628, 634, 635, 636, 640, 644, 650, 651, 652, 656, 658, 659, 660, 664, 665, 666, 667, 668, 670, 671, 672, 674, 675, 676, 680, 681, 682, 683, 684, 686, 687, 688, 689, 690, 691, 692, 694, 695, 696, 697, 698, 699, 701, 702, 703, 704, 716, 724, 730, 731, 732, 736, 740, 746, 747, 748, 752, 754, 755, 756, 760, 761, 762, 763, 764, 766, 767, 768, 796, 812, 820, 826, 827, 828, 832, 892, 908, 916, 922, 923, 924, 928, 932, 938, 939, 940, 944, 946, 947, 948, 952, 953, 954, 955, 956, 958, 959, 960, 988, 1004, 1012, 1018, 1019, 1020, 1024]
x_701: [29, 45, 53, 57, 61, 62, 63, 125, 141, 149, 153, 157, 158, 159, 165, 169, 173, 174, 175, 177, 181, 182, 183, 185, 186, 187, 189, 190, 191, 192, 221, 237, 245, 249, 253, 254, 255, 317, 413, 429, 437, 441, 445, 446, 447, 509, 525, 533, 537, 541, 542, 543, 549, 553, 557, 558, 559, 561, 565, 566, 567, 569, 570, 571, 573, 574, 575, 576, 605, 621, 629, 633, 637, 638, 639, 645, 649, 653, 654, 655, 657, 661, 662, 663, 665, 666, 667, 669, 670, 671, 672, 673, 677, 678, 679, 681, 682, 683, 685, 686, 687, 688, 689, 690, 691, 693, 694, 695, 696, 697, 698, 699, 700, 702, 703, 704, 717, 725, 729, 733, 734, 735, 741, 745, 749, 750, 751, 753, 757, 758, 759, 761, 762, 763, 765, 766, 767, 768, 797, 813, 821, 825, 829, 830, 831, 893, 909, 917, 921, 925, 926, 927, 933, 937, 941, 942, 943, 945, 949, 950, 951, 953, 954, 955, 957, 958, 959, 960, 989, 1005, 1013, 1017, 1021, 1022, 1023]
x_702: [30, 46, 54, 58, 61, 62, 64, 126, 142, 150, 154, 157, 158, 160, 166, 170, 173, 174, 176, 178, 181, 182, 184, 185, 186, 188, 189, 190, 191, 192, 222, 238, 246, 250, 253, 254, 256, 318, 414, 430, 438, 442, 445, 446, 448, 510, 526, 534, 538, 541, 542, 544, 550, 554, 557, 558, 560, 562, 565, 566, 568, 569, 570, 572, 573, 574, 575, 576, 606, 622, 630, 634, 637, 638, 640, 646, 650, 653, 654, 656, 658, 661, 662, 664, 665, 666, 668, 669, 670, 671, 672, 674, 677, 678, 680, 681, 682, 684, 685, 686, 687, 688, 689, 690, 692, 693, 694, 695, 696, 697, 698, 699, 700, 701, 703, 704, 718, 726, 730, 733, 734, 736, 742, 746, 749, 750, 752, 754, 757, 758, 760, 761, 762, 764, 765, 766, 767, 768, 798, 814, 822, 826, 829, 830, 832, 894, 910, 918, 922, 925, 926, 928, 934, 938, 941, 942, 944, 946, 949, 950, 952, 953, 954, 956, 957, 958, 959, 960, 990, 1006, 1014, 1018, 1021, 1022, 1024]
x_703: [31, 47, 55, 59, 61, 63, 64, 127, 143, 151, 155, 157, 159, 160, 167, 171, 173, 175, 176, 179, 181, 183, 184, 185, 187, 188, 189, 190, 191, 192, 223, 239, 247, 251, 253, 255, 256, 319, 415, 431, 439, 443, 445, 447, 448, 511, 527, 535, 539, 541, 543, 544, 551, 555, 557, 559, 560, 563, 565, 567, 568, 569, 571, 572, 573, 574, 575, 576, 607, 623, 631, 635, 637, 639, 640, 647, 651, 653, 655, 656, 659, 661, 663, 664, 665, 667, 668, 669, 670, 671, 672, 675, 677, 679, 680, 681, 683, 684, 685, 686, 687, 688, 689, 691, 692, 693, 694, 695, 696, 697, 698, 699, 700, 701, 702, 704, 719, 727, 731, 733, 735, 736, 743, 747, 749, 751, 752, 755, 757, 759, 760, 761, 763, 764, 765, 766, 767, 768, 799, 815, 823, 827, 829, 831, 832, 895, 911, 919, 923, 925, 927, 928, 935, 939, 941, 943, 944, 947, 949, 951, 952, 953, 955, 956, 957, 958, 959, 960, 991, 1007, 1015, 1019, 1021, 1023, 1024]
x_704: [32, 48, 56, 60, 62, 63, 64, 128, 144, 152, 156, 158, 159, 160, 168, 172, 174, 175, 176, 180, 182, 183, 184, 186, 187, 188, 189, 190, 191, 192, 224, 240, 248, 252, 254, 255, 256, 320, 416, 432, 440, 444, 446, 447, 448, 512, 528, 536, 540, 542, 543, 544, 552, 556, 558, 559, 560, 564, 566, 567, 568, 570, 571, 572, 573, 574, 575, 576, 608, 624, 632, 636, 638, 639, 640, 648, 652, 654, 655, 656, 660, 662, 663, 664, 666, 667, 668, 669, 670, 671, 672, 676, 678, 679, 680, 682, 683, 684, 685, 686, 687, 688, 690, 691, 692, 693, 694, 695, 696, 697, 698, 699, 700, 701, 702, 703, 720, 728, 732, 734, 735, 736, 744, 748, 750, 751, 752, 756, 758, 759, 760, 762, 763, 764, 765, 766, 767, 768, 800, 816, 824, 828, 830, 831, 832, 896, 912, 920, 924, 926, 927, 928, 936, 940, 942, 943, 944, 948, 950, 951, 952, 954, 955, 956, 957, 958, 959, 960, 992, 1008, 1016, 1020, 1022, 1023, 1024]
x_705: [1, 65, 66, 67, 69, 73, 81, 97, 129, 130, 131, 133, 137, 145, 161, 193, 194, 195, 196, 197, 198, 199, 201, 202, 203, 205, 209, 210, 211, 213, 217, 225, 226, 227, 229, 233, 241, 321, 385, 449, 450, 451, 453, 457, 465, 481, 513, 514, 515, 517, 521, 529, 545, 577, 578, 579, 580, 581, 582, 583, 585, 586, 587, 589, 593, 594, 595, 597, 601, 609, 610, 611, 613, 617, 625, 641, 642, 643, 644, 645, 646, 647, 649, 650, 651, 653, 657, 658, 659, 661, 665, 673, 674, 675, 677, 681, 689, 706, 707, 708, 709, 710, 711, 712, 713, 714, 715, 716, 717, 718, 719, 721, 722, 723, 724, 725, 726, 727, 729, 730, 731, 733, 737, 738, 739, 740, 741, 742, 743, 745, 746, 747, 749, 753, 754, 755, 757, 761, 769, 833, 834, 835, 837, 841, 849, 865, 897, 898, 899, 901, 905, 913, 929, 961, 962, 963, 964, 965, 966, 967, 969, 970, 971, 973, 977, 978, 979, 981, 985, 993, 994, 995, 997, 1001, 1009]
x_706: [2, 65, 66, 68, 70, 74, 82, 98, 129, 130, 132, 134, 138, 146, 162, 193, 194, 195, 196, 197, 198, 200, 201, 202, 204, 206, 209, 210, 212, 214, 218, 225, 226, 228, 230, 234, 242, 322, 386, 449, 450, 452, 454, 458, 466, 482, 513, 514, 516, 518, 522, 530, 546, 577, 578, 579, 580, 581, 582, 584, 585, 586, 588, 590, 593, 594, 596, 598, 602, 609, 610, 612, 614, 618, 626, 641, 642, 643, 644, 645, 646, 648, 649, 650, 652, 654, 657, 658, 660, 662, 666, 673, 674, 676, 678, 682, 690, 705, 707, 708, 709, 710, 711, 712, 713, 714, 715, 716, 717, 718, 720, 721, 722, 723, 724, 725, 726, 728, 729, 730, 732, 734, 737, 738, 739, 740, 741, 742, 744, 745, 746, 748, 750, 753, 754, 756, 758, 762, 770, 833, 834, 836, 838, 842, 850, 866, 897, 898, 900, 902, 906, 914, 930, 961, 962, 963, 964, 965, 966, 968, 969, 970, 972, 974, 977, 978, 980, 982, 986, 993, 994, 996, 998, 1002, 1010]
x_707: [3, 65, 67, 68, 71, 75, 83, 99, 129, 131, 132, 135, 139, 147, 163, 193, 194, 195, 196, 197, 199, 200, 201, 203, 204, 207, 209, 211, 212, 215, 219, 225, 227, 228, 231, 235, 243, 323, 387, 449, 451, 452, 455, 459, 467, 483, 513, 515, 516, 519, 523, 531, 547, 577, 578, 579, 580, 581, 583, 584, 585, 587, 588, 591, 593, 595, 596, 599, 603, 609, 611, 612, 615, 619, 627, 641, 642, 643, 644, 645, 647, 648, 649, 651, 652, 655, 657, 659, 660, 663, 667, 673, 675, 676, 679, 683, 691, 705, 706, 708, 709, 710, 711, 712, 713, 714, 715, 716, 717, 719, 720, 721, 722, 723, 724, 725, 727, 728, 729, 731, 732, 735, 737, 738, 739, 740, 741, 743, 744, 745, 747, 748, 751, 753, 755, 756, 759, 763, 771, 833, 835, 836, 839, 843, 851, 867, 897, 899, 900, 903, 907, 915, 931, 961, 962, 963, 964, 965, 967, 968, 969, 971, 972, 975, 977, 979, 980, 983, 987, 993, 995, 996, 999, 1003, 1011]
x_708: [4, 66, 67, 68, 72, 76, 84, 100, 130, 131, 132, 136, 140, 148, 164, 193, 194, 195, 196, 198, 199, 200, 202, 203, 204, 208, 210, 211, 212, 216, 220, 226, 227, 228, 232, 236, 244, 324, 388, 450, 451, 452, 456, 460, 468, 484, 514, 515, 516, 520, 524, 532, 548, 577, 578, 579, 580, 582, 583, 584, 586, 587, 588, 592, 594, 595, 596, 600, 604, 610, 611, 612, 616, 620, 628, 641, 642, 643, 644, 646, 647, 648, 650, 651, 652, 656, 658, 659, 660, 664, 668, 674, 675, 676, 680, 684, 692, 705, 706, 707, 709, 710, 711, 712, 713, 714, 715, 716, 718, 719, 720, 721, 722, 723, 724, 726, 727, 728, 730, 731, 732, 736, 737, 738, 739, 740, 742, 743, 744, 746, 747, 748, 752, 754, 755, 756, 760, 764, 772, 834, 835, 836, 840, 844, 852, 868, 898, 899, 900, 904, 908, 916, 932, 961, 962, 963, 964, 966, 967, 968, 970, 971, 972, 976, 978, 979, 980, 984, 988, 994, 995, 996, 1000, 1004, 1012]
x_709: [5, 65, 69, 70, 71, 77, 85, 101, 129, 133, 134, 135, 141, 149, 165, 193, 194, 195, 197, 198, 199, 200, 201, 205, 206, 207, 209, 213, 214, 215, 221, 225, 229, 230, 231, 237, 245, 325, 389, 449, 453, 454, 455, 461, 469, 485, 513, 517, 518, 519, 525, 533, 549, 577, 578, 579, 581, 582, 583, 584, 585, 589, 590, 591, 593, 597, 598, 599, 605, 609, 613, 614, 615, 621, 629, 641, 642, 643, 645, 646, 647, 648, 649, 653, 654, 655, 657, 661, 662, 663, 669, 673, 677, 678, 679, 685, 693, 705, 706, 707, 708, 710, 711, 712, 713, 714, 715, 717, 718, 719, 720, 721, 722, 723, 725, 726, 727, 728, 729, 733, 734, 735, 737, 738, 739, 741, 742, 743, 744, 745, 749, 750, 751, 753, 757, 758, 759, 765, 773, 833, 837, 838, 839, 845, 853, 869, 897, 901, 902, 903, 909, 917, 933, 961, 962, 963, 965, 966, 967, 968, 969, 973, 974, 975, 977, 981, 982, 983, 989, 993, 997, 998, 999, 1005, 1013]
x_710: [6, 66, 69, 70, 72, 78, 86, 102, 130, 133, 134, 136, 142, 150, 166, 193, 194, 196, 197, 198, 199, 200, 202, 205, 206, 208, 210, 213, 214, 216, 222, 226, 229, 230, 232, 238, 246, 326, 390, 450, 453, 454, 456, 462, 470, 486, 514, 517, 518, 520, 526, 534, 550, 577, 578, 580, 581, 582, 583, 584, 586, 589, 590, 592, 594, 597, 598, 600, 606, 610, 613, 614, 616, 622, 630, 641, 642, 644, 645, 646, 647, 648, 650, 653, 654, 656, 658, 661, 662, 664, 670, 674, 677, 678, 680, 686, 694, 705, 706, 707, 708, 709, 711, 712, 713, 714, 716, 717, 718, 719, 720, 721, 722, 724, 725, 726, 727, 728, 730, 733, 734, 736, 737, 738, 740, 741, 742, 743, 744, 746, 749, 750, 752, 754, 757, 758, 760, 766, 774, 834, 837, 838, 840, 846, 854, 870, 898, 901, 902, 904, 910, 918, 934, 961, 962, 964, 965, 966, 967, 968, 970, 973, 974, 976, 978, 981, 982, 984, 990, 994, 997, 998, 1000, 1006, 1014]
x_711: [7, 67, 69, 71, 72, 79, 87, 103, 131, 133, 135, 136, 143, 151, 167, 193, 195, 196, 197, 198, 199, 200, 203, 205, 207, 208, 211, 213, 215, 216, 223, 227, 229, 231, 232, 239, 247, 327, 391, 451, 453, 455, 456, 463, 471, 487, 515, 517, 519, 520, 527, 535, 551, 577, 579, 580, 581, 582, 583, 584, 587, 589, 591, 592, 595, 597, 599, 600, 607, 611, 613, 615, 616, 623, 631, 641, 643, 644, 645, 646, 647, 648, 651, 653, 655, 656, 659, 661, 663, 664, 671, 675, 677, 679, 680, 687, 695, 705, 706, 707, 708, 709, 710, 712, 713, 715, 716, 717, 718, 719, 720, 721, 723, 724, 725, 726, 727, 728, 731, 733, 735, 736, 737, 739, 740, 741, 742, 743, 744, 747, 749, 751, 752, 755, 757, 759, 760, 767, 775, 835, 837, 839, 840, 847, 855, 871, 899, 901, 903, 904, 911, 919, 935, 961, 963, 964, 965, 966, 967, 968, 971, 973, 975, 976, 979, 981, 983, 984, 991, 995, 997, 999, 1000, 1007, 1015]
x_712: [8, 68, 70, 71, 72, 80, 88, 104, 132, 134, 135, 136, 144, 152, 168, 194, 195, 196, 197, 198, 199, 200, 204, 206, 207, 208, 212, 214, 215, 216, 224, 228, 230, 231, 232, 240, 248, 328, 392, 452, 454, 455, 456, 464, 472, 488, 516, 518, 519, 520, 528, 536, 552, 578, 579, 580, 581, 582, 583, 584, 588, 590, 591, 592, 596, 598, 599, 600, 608, 612, 614, 615, 616, 624, 632, 642, 643, 644, 645, 646, 647, 648, 652, 654, 655, 656, 660, 662, 663, 664, 672, 676, 678, 679, 680, 688, 696, 705, 706, 707, 708, 709, 710, 711, 714, 715, 716, 717, 718, 719, 720, 722, 723, 724, 725, 726, 727, 728, 732, 734, 735, 736, 738, 739, 740, 741, 742, 743, 744, 748, 750, 751, 752, 756, 758, 759, 760, 768, 776, 836, 838, 839, 840, 848, 856, 872, 900, 902, 903, 904, 912, 920, 936, 962, 963, 964, 965, 966, 967, 968, 972, 974, 975, 976, 980, 982, 983, 984, 992, 996, 998, 999, 1000, 1008, 1016]
x_713: [9, 65, 73, 74, 75, 77, 89, 105, 129, 137, 138, 139, 141, 153, 169, 193, 194, 195, 197, 201, 202, 203, 204, 205, 206, 207, 209, 217, 218, 219, 221, 225, 233, 234, 235, 237, 249, 329, 393, 449, 457, 458, 459, 461, 473, 489, 513, 521, 522, 523, 525, 537, 553, 577, 578, 579, 581, 585, 586, 587, 588, 589, 590, 591, 593, 601, 602, 603, 605, 609, 617, 618, 619, 621, 633, 641, 642, 643, 645, 649, 650, 651, 652, 653, 654, 655, 657, 665, 666, 667, 669, 673, 681, 682, 683, 685, 697, 705, 706, 707, 708, 709, 710, 711, 714, 715, 716, 717, 718, 719, 720, 721, 722, 723, 725, 729, 730, 731, 732, 733, 734, 735, 737, 738, 739, 741, 745, 746, 747, 748, 749, 750, 751, 753, 761, 762, 763, 765, 777, 833, 841, 842, 843, 845, 857, 873, 897, 905, 906, 907, 909, 921, 937, 961, 962, 963, 965, 969, 970, 971, 972, 973, 974, 975, 977, 985, 986, 987, 989, 993, 1001, 1002, 1003, 1005, 1017]
x_714: [10, 66, 73, 74, 76, 78, 90, 106, 130, 137, 138, 140, 142, 154, 170, 193, 194, 196, 198, 201, 202, 203, 204, 205, 206, 208, 210, 217, 218, 220, 222, 226, 233, 234, 236, 238, 250, 330, 394, 450, 457, 458, 460, 462, 474, 490, 514, 521, 522, 524, 526, 538, 554, 577, 578, 580, 582, 585, 586, 587, 588, 589, 590, 592, 594, 601, 602, 604, 606, 610, 617, 618, 620, 622, 634, 641, 642, 644, 646, 649, 650, 651, 652, 653, 654, 656, 658, 665, 666, 668, 670, 674, 681, 682, 684, 686, 698, 705, 706, 707, 708, 709, 710, 712, 713, 715, 716, 717, 718, 719, 720, 721, 722, 724, 726, 729, 730, 731, 732, 733, 734, 736, 737, 738, 740, 742, 745, 746, 747, 748, 749, 750, 752, 754, 761, 762, 764, 766, 778, 834, 841, 842, 844, 846, 858, 874, 898, 905, 906, 908, 910, 922, 938, 961, 962, 964, 966, 969, 970, 971, 972, 973, 974, 976, 978, 985, 986, 988, 990, 994, 1001, 1002, 1004, 1006, 1018]
x_715: [11, 67, 73, 75, 76, 79, 91, 107, 131, 137, 139, 140, 143, 155, 171, 193, 195, 196, 199, 201, 202, 203, 204, 205, 207, 208, 211, 217, 219, 220, 223, 227, 233, 235, 236, 239, 251, 331, 395, 451, 457, 459, 460, 463, 475, 491, 515, 521, 523, 524, 527, 539, 555, 577, 579, 580, 583, 585, 586, 587, 588, 589, 591, 592, 595, 601, 603, 604, 607, 611, 617, 619, 620, 623, 635, 641, 643, 644, 647, 649, 650, 651, 652, 653, 655, 656, 659, 665, 667, 668, 671, 675, 681, 683, 684, 687, 699, 705, 706, 707, 708, 709, 711, 712, 713, 714, 716, 717, 718, 719, 720, 721, 723, 724, 727, 729, 730, 731, 732, 733, 735, 736, 737, 739, 740, 743, 745, 746, 747, 748, 749, 751, 752, 755, 761, 763, 764, 767, 779, 835, 841, 843, 844, 847, 859, 875, 899, 905, 907, 908, 911, 923, 939, 961, 963, 964, 967, 969, 970, 971, 972, 973, 975, 976, 979, 985, 987, 988, 991, 995, 1001, 1003, 1004, 1007, 1019]
x_716: [12, 68, 74, 75, 76, 80, 92, 108, 132, 138, 139, 140, 144, 156, 172, 194, 195, 196, 200, 201, 202, 203, 204, 206, 207, 208, 212, 218, 219, 220, 224, 228, 234, 235, 236, 240, 252, 332, 396, 452, 458, 459, 460, 464, 476, 492, 516, 522, 523, 524, 528, 540, 556, 578, 579, 580, 584, 585, 586, 587, 588, 590, 591, 592, 596, 602, 603, 604, 608, 612, 618, 619, 620, 624, 636, 642, 643, 644, 648, 649, 650, 651, 652, 654, 655, 656, 660, 666, 667, 668, 672, 676, 682, 683, 684, 688, 700, 705, 706, 707, 708, 710, 711, 712, 713, 714, 715, 717, 718, 719, 720, 722, 723, 724, 728, 729, 730, 731, 732, 734, 735, 736, 738, 739, 740, 744, 745, 746, 747, 748, 750, 751, 752, 756, 762, 763, 764, 768, 780, 836, 842, 843, 844, 848, 860, 876, 900, 906, 907, 908, 912, 924, 940, 962, 963, 964, 968, 969, 970, 971, 972, 974, 975, 976, 980, 986, 987, 988, 992, 996, 1002, 1003, 1004, 1008, 1020]
x_717: [13, 69, 73, 77, 78, 79, 93, 109, 133, 137, 141, 142, 143, 157, 173, 193, 197, 198, 199, 201, 202, 203, 205, 206, 207, 208, 213, 217, 221, 222, 223, 229, 233, 237, 238, 239, 253, 333, 397, 453, 457, 461, 462, 463, 477, 493, 517, 521, 525, 526, 527, 541, 557, 577, 581, 582, 583, 585, 586, 587, 589, 590, 591, 592, 597, 601, 605, 606, 607, 613, 617, 621, 622, 623, 637, 641, 645, 646, 647, 649, 650, 651, 653, 654, 655, 656, 661, 665, 669, 670, 671, 677, 681, 685, 686, 687, 701, 705, 706, 707, 709, 710, 711, 712, 713, 714, 715, 716, 718, 719, 720, 721, 725, 726, 727, 729, 730, 731, 733, 734, 735, 736, 737, 741, 742, 743, 745, 746, 747, 749, 750, 751, 752, 757, 761, 765, 766, 767, 781, 837, 841, 845, 846, 847, 861, 877, 901, 905, 909, 910, 911, 925, 941, 961, 965, 966, 967, 969, 970, 971, 973, 974, 975, 976, 981, 985, 989, 990, 991, 997, 1001, 1005, 1006, 1007, 1021]
x_718: [14, 70, 74, 77, 78, 80, 94, 110, 134, 138, 141, 142, 144, 158, 174, 194, 197, 198, 200, 201, 202, 204, 205, 206, 207, 208, 214, 218, 221, 222, 224, 230, 234, 237, 238, 240, 254, 334, 398, 454, 458, 461, 462, 464, 478, 494, 518, 522, 525, 526, 528, 542, 558, 578, 581, 582, 584, 585, 586, 588, 589, 590, 591, 592, 598, 602, 605, 606, 608, 614, 618, 621, 622, 624, 638, 642, 645, 646, 648, 649, 650, 652, 653, 654, 655, 656, 662, 666, 669, 670, 672, 678, 682, 685, 686, 688, 702, 705, 706, 708, 709, 710, 711, 712, 713, 714, 715, 716, 717, 719, 720, 722, 725, 726, 728, 729, 730, 732, 733, 734, 735, 736, 738, 741, 742, 744, 745, 746, 748, 749, 750, 751, 752, 758, 762, 765, 766, 768, 782, 838, 842, 845, 846, 848, 862, 878, 902, 906, 909, 910, 912, 926, 942, 962, 965, 966, 968, 969, 970, 972, 973, 974, 975, 976, 982, 986, 989, 990, 992, 998, 1002, 1005, 1006, 1008, 1022]
x_719: [15, 71, 75, 77, 79, 80, 95, 111, 135, 139, 141, 143, 144, 159, 175, 195, 197, 199, 200, 201, 203, 204, 205, 206, 207, 208, 215, 219, 221, 223, 224, 231, 235, 237, 239, 240, 255, 335, 399, 455, 459, 461, 463, 464, 479, 495, 519, 523, 525, 527, 528, 543, 559, 579, 581, 583, 584, 585, 587, 588, 589, 590, 591, 592, 599, 603, 605, 607, 608, 615, 619, 621, 623, 624, 639, 643, 645, 647, 648, 649, 651, 652, 653, 654, 655, 656, 663, 667, 669, 671, 672, 679, 683, 685, 687, 688, 703, 705, 707, 708, 709, 710, 711, 712, 713, 714, 715, 716, 717, 718, 720, 723, 725, 727, 728, 729, 731, 732, 733, 734, 735, 736, 739, 741, 743, 744, 745, 747, 748, 749, 750, 751, 752, 759, 763, 765, 767, 768, 783, 839, 843, 845, 847, 848, 863, 879, 903, 907, 909, 911, 912, 927, 943, 963, 965, 967, 968, 969, 971, 972, 973, 974, 975, 976, 983, 987, 989, 991, 992, 999, 1003, 1005, 1007, 1008, 1023]
x_720: [16, 72, 76, 78, 79, 80, 96, 112, 136, 140, 142, 143, 144, 160, 176, 196, 198, 199, 200, 202, 203, 204, 205, 206, 207, 208, 216, 220, 222, 223, 224, 232, 236, 238, 239, 240, 256, 336, 400, 456, 460, 462, 463, 464, 480, 496, 520, 524, 526, 527, 528, 544, 560, 580, 582, 583, 584, 586, 587, 588, 589, 590, 591, 592, 600, 604, 606, 607, 608, 616, 620, 622, 623, 624, 640, 644, 646, 647, 648, 650, 651, 652, 653, 654, 655, 656, 664, 668, 670, 671, 672, 680, 684, 686, 687, 688, 704, 706, 707, 708, 709, 710, 711, 712, 713, 714, 715, 716, 717, 718, 719, 724, 726, 727, 728, 730, 731, 732, 733, 734, 735, 736, 740, 742, 743, 744, 746, 747, 748, 749, 750, 751, 752, 760, 764, 766, 767, 768, 784, 840, 844, 846, 847, 848, 864, 880, 904, 908, 910, 911, 912, 928, 944, 964, 966, 967, 968, 970, 971, 972, 973, 974, 975, 976, 984, 988, 990, 991, 992, 1000, 1004, 1006, 1007, 1008, 1024]
x_721: [17, 65, 81, 82, 83, 85, 89, 113, 129, 145, 146, 147, 149, 153, 177, 193, 194, 195, 197, 201, 209, 210, 211, 212, 213, 214, 215, 217, 218, 219, 221, 225, 241, 242, 243, 245, 249, 337, 401, 449, 465, 466, 467, 469, 473, 497, 513, 529, 530, 531, 533, 537, 561, 577, 578, 579, 581, 585, 593, 594, 595, 596, 597, 598, 599, 601, 602, 603, 605, 609, 625, 626, 627, 629, 633, 641, 642, 643, 645, 649, 657, 658, 659, 660, 661, 662, 663, 665, 666, 667, 669, 673, 689, 690, 691, 693, 697, 705, 706, 707, 708, 709, 710, 711, 713, 714, 715, 717, 722, 723, 724, 725, 726, 727, 728, 729, 730, 731, 732, 733, 734, 735, 737, 738, 739, 741, 745, 753, 754, 755, 756, 757, 758, 759, 761, 762, 763, 765, 785, 833, 849, 850, 851, 853, 857, 881, 897, 913, 914, 915, 917, 921, 945, 961, 962, 963, 965, 969, 977, 978, 979, 980, 981, 982, 983, 985, 986, 987, 989, 993, 1009, 1010, 1011, 1013, 1017]
x_722: [18, 66, 81, 82, 84, 86, 90, 114, 130, 145, 146, 148, 150, 154, 178, 193, 194, 196, 198, 202, 209, 210, 211, 212, 213, 214, 216, 217, 218, 220, 222, 226, 241, 242, 244, 246, 250, 338, 402, 450, 465, 466, 468, 470, 474, 498, 514, 529, 530, 532, 534, 538, 562, 577, 578, 580, 582, 586, 593, 594, 595, 596, 597, 598, 600, 601, 602, 604, 606, 610, 625, 626, 628, 630, 634, 641, 642, 644, 646, 650, 657, 658, 659, 660, 661, 662, 664, 665, 666, 668, 670, 674, 689, 690, 692, 694, 698, 705, 706, 707, 708, 709, 710, 712, 713, 714, 716, 718, 721, 723, 724, 725, 726, 727, 728, 729, 730, 731, 732, 733, 734, 736, 737, 738, 740, 742, 746, 753, 754, 755, 756, 757, 758, 760, 761, 762, 764, 766, 786, 834, 849, 850, 852, 854, 858, 882, 898, 913, 914, 916, 918, 922, 946, 961, 962, 964, 966, 970, 977, 978, 979, 980, 981, 982, 984, 985, 986, 988, 990, 994, 1009, 1010, 1012, 1014, 1018]
x_723: [19, 67, 81, 83, 84, 87, 91, 115, 131, 145, 147, 148, 151, 155, 179, 193, 195, 196, 199, 203, 209, 210, 211, 212, 213, 215, 216, 217, 219, 220, 223, 227, 241, 243, 244, 247, 251, 339, 403, 451, 465, 467, 468, 471, 475, 499, 515, 529, 531, 532, 535, 539, 563, 577, 579, 580, 583, 587, 593, 594, 595, 596, 597, 599, 600, 601, 603, 604, 607, 611, 625, 627, 628, 631, 635, 641, 643, 644, 647, 651, 657, 658, 659, 660, 661, 663, 664, 665, 667, 668, 671, 675, 689, 691, 692, 695, 699, 705, 706, 707, 708, 709, 711, 712, 713, 715, 716, 719, 721, 722, 724, 725, 726, 727, 728, 729, 730, 731, 732, 733, 735, 736, 737, 739, 740, 743, 747, 753, 754, 755, 756, 757, 759, 760, 761, 763, 764, 767, 787, 835, 849, 851, 852, 855, 859, 883, 899, 913, 915, 916, 919, 923, 947, 961, 963, 964, 967, 971, 977, 978, 979, 980, 981, 983, 984, 985, 987, 988, 991, 995, 1009, 1011, 1012, 1015, 1019]
x_724: [20, 68, 82, 83, 84, 88, 92, 116, 132, 146, 147, 148, 152, 156, 180, 194, 195, 196, 200, 204, 209, 210, 211, 212, 214, 215, 216, 218, 219, 220, 224, 228, 242, 243, 244, 248, 252, 340, 404, 452, 466, 467, 468, 472, 476, 500, 516, 530, 531, 532, 536, 540, 564, 578, 579, 580, 584, 588, 593, 594, 595, 596, 598, 599, 600, 602, 603, 604, 608, 612, 626, 627, 628, 632, 636, 642, 643, 644, 648, 652, 657, 658, 659, 660, 662, 663, 664, 666, 667, 668, 672, 676, 690, 691, 692, 696, 700, 705, 706, 707, 708, 710, 711, 712, 714, 715, 716, 720, 721, 722, 723, 725, 726, 727, 728, 729, 730, 731, 732, 734, 735, 736, 738, 739, 740, 744, 748, 753, 754, 755, 756, 758, 759, 760, 762, 763, 764, 768, 788, 836, 850, 851, 852, 856, 860, 884, 900, 914, 915, 916, 920, 924, 948, 962, 963, 964, 968, 972, 977, 978, 979, 980, 982, 983, 984, 986, 987, 988, 992, 996, 1010, 1011, 1012, 1016, 1020]
x_725: [21, 69, 81, 85, 86, 87, 93, 117, 133, 145, 149, 150, 151, 157, 181, 193, 197, 198, 199, 205, 209, 210, 211, 213, 214, 215, 216, 217, 221, 222, 223, 229, 241, 245, 246, 247, 253, 341, 405, 453, 465, 469, 470, 471, 477, 501, 517, 529, 533, 534, 535, 541, 565, 577, 581, 582, 583, 589, 593, 594, 595, 597, 598, 599, 600, 601, 605, 606, 607, 613, 625, 629, 630, 631, 637, 641, 645, 646, 647, 653, 657, 658, 659, 661, 662, 663, 664, 665, 669, 670, 671, 677, 689, 693, 694, 695, 701, 705, 706, 707, 709, 710, 711, 712, 713, 717, 718, 719, 721, 722, 723, 724, 726, 727, 728, 729, 730, 731, 733, 734, 735, 736, 737, 741, 742, 743, 749, 753, 754, 755, 757, 758, 759, 760, 761, 765, 766, 767, 789, 837, 849, 853, 854, 855, 861, 885, 901, 913, 917, 918, 919, 925, 949, 961, 965, 966, 967, 973, 977, 978, 979, 981, 982, 983, 984, 985, 989, 990, 991, 997, 1009, 1013, 1014, 1015, 1021]
x_726: [22, 70, 82, 85, 86, 88, 94, 118, 134, 146, 149, 150, 152, 158, 182, 194, 197, 198, 200, 206, 209, 210, 212, 213, 214, 215, 216, 218, 221, 222, 224, 230, 242, 245, 246, 248, 254, 342, 406, 454, 466, 469, 470, 472, 478, 502, 518, 530, 533, 534, 536, 542, 566, 578, 581, 582, 584, 590, 593, 594, 596, 597, 598, 599, 600, 602, 605, 606, 608, 614, 626, 629, 630, 632, 638, 642, 645, 646, 648, 654, 657, 658, 660, 661, 662, 663, 664, 666, 669, 670, 672, 678, 690, 693, 694, 696, 702, 705, 706, 708, 709, 710, 711, 712, 714, 717, 718, 720, 721, 722, 723, 724, 725, 727, 728, 729, 730, 732, 733, 734, 735, 736, 738, 741, 742, 744, 750, 753, 754, 756, 757, 758, 759, 760, 762, 765, 766, 768, 790, 838, 850, 853, 854, 856, 862, 886, 902, 914, 917, 918, 920, 926, 950, 962, 965, 966, 968, 974, 977, 978, 980, 981, 982, 983, 984, 986, 989, 990, 992, 998, 1010, 1013, 1014, 1016, 1022]
x_727: [23, 71, 83, 85, 87, 88, 95, 119, 135, 147, 149, 151, 152, 159, 183, 195, 197, 199, 200, 207, 209, 211, 212, 213, 214, 215, 216, 219, 221, 223, 224, 231, 243, 245, 247, 248, 255, 343, 407, 455, 467, 469, 471, 472, 479, 503, 519, 531, 533, 535, 536, 543, 567, 579, 581, 583, 584, 591, 593, 595, 596, 597, 598, 599, 600, 603, 605, 607, 608, 615, 627, 629, 631, 632, 639, 643, 645, 647, 648, 655, 657, 659, 660, 661, 662, 663, 664, 667, 669, 671, 672, 679, 691, 693, 695, 696, 703, 705, 707, 708, 709, 710, 711, 712, 715, 717, 719, 720, 721, 722, 723, 724, 725, 726, 728, 729, 731, 732, 733, 734, 735, 736, 739, 741, 743, 744, 751, 753, 755, 756, 757, 758, 759, 760, 763, 765, 767, 768, 791, 839, 851, 853, 855, 856, 863, 887, 903, 915, 917, 919, 920, 927, 951, 963, 965, 967, 968, 975, 977, 979, 980, 981, 982, 983, 984, 987, 989, 991, 992, 999, 1011, 1013, 1015, 1016, 1023]
x_728: [24, 72, 84, 86, 87, 88, 96, 120, 136, 148, 150, 151, 152, 160, 184, 196, 198, 199, 200, 208, 210, 211, 212, 213, 214, 215, 216, 220, 222, 223, 224, 232, 244, 246, 247, 248, 256, 344, 408, 456, 468, 470, 471, 472, 480, 504, 520, 532, 534, 535, 536, 544, 568, 580, 582, 583, 584, 592, 594, 595, 596, 597, 598, 599, 600, 604, 606, 607, 608, 616, 628, 630, 631, 632, 640, 644, 646, 647, 648, 656, 658, 659, 660, 661, 662, 663, 664, 668, 670, 671, 672, 680, 692, 694, 695, 696, 704, 706, 707, 708, 709, 710, 711, 712, 716, 718, 719, 720, 721, 722, 723, 724, 725, 726, 727, 730, 731, 732, 733, 734, 735, 736, 740, 742, 743, 744, 752, 754, 755, 756, 757, 758, 759, 760, 764, 766, 767, 768, 792, 840, 852, 854, 855, 856, 864, 888, 904, 916, 918, 919, 920, 928, 952, 964, 966, 967, 968, 976, 978, 979, 980, 981, 982, 983, 984, 988, 990, 991, 992, 1000, 1012, 1014, 1015, 1016, 1024]
x_729: [25, 73, 81, 89, 90, 91, 93, 121, 137, 145, 153, 154, 155, 157, 185, 193, 201, 202, 203, 205, 209, 210, 211, 213, 217, 218, 219, 220, 221, 222, 223, 233, 241, 249, 250, 251, 253, 345, 409, 457, 465, 473, 474, 475, 477, 505, 521, 529, 537, 538, 539, 541, 569, 577, 585, 586, 587, 589, 593, 594, 595, 597, 601, 602, 603, 604, 605, 606, 607, 617, 625, 633, 634, 635, 637, 641, 649, 650, 651, 653, 657, 658, 659, 661, 665, 666, 667, 668, 669, 670, 671, 681, 689, 697, 698, 699, 701, 705, 706, 707, 709, 713, 714, 715, 716, 717, 718, 719, 721, 722, 723, 724, 725, 726, 727, 730, 731, 732, 733, 734, 735, 736, 737, 745, 746, 747, 749, 753, 754, 755, 757, 761, 762, 763, 764, 765, 766, 767, 793, 841, 849, 857, 858, 859, 861, 889, 905, 913, 921, 922, 923, 925, 953, 961, 969, 970, 971, 973, 977, 978, 979, 981, 985, 986, 987, 988, 989, 990, 991, 1001, 1009, 1017, 1018, 1019, 1021]
x_730: [26, 74, 82, 89, 90, 92, 94, 122, 138, 146, 153, 154, 156, 158, 186, 194, 201, 202, 204, 206, 209, 210, 212, 214, 217, 218, 219, 220, 221, 222, 224, 234, 242, 249, 250, 252, 254, 346, 410, 458, 466, 473, 474, 476, 478, 506, 522, 530, 537, 538, 540, 542, 570, 578, 585, 586, 588, 590, 593, 594, 596, 598, 601, 602, 603, 604, 605, 606, 608, 618, 626, 633, 634, 636, 638, 642, 649, 650, 652, 654, 657, 658, 660, 662, 665, 666, 667, 668, 669, 670, 672, 682, 690, 697, 698, 700, 702, 705, 706, 708, 710, 713, 714, 715, 716, 717, 718, 720, 721, 722, 723, 724, 725, 726, 728, 729, 731, 732, 733, 734, 735, 736, 738, 745, 746, 748, 750, 753, 754, 756, 758, 761, 762, 763, 764, 765, 766, 768, 794, 842, 850, 857, 858, 860, 862, 890, 906, 914, 921, 922, 924, 926, 954, 962, 969, 970, 972, 974, 977, 978, 980, 982, 985, 986, 987, 988, 989, 990, 992, 1002, 1010, 1017, 1018, 1020, 1022]
x_731: [27, 75, 83, 89, 91, 92, 95, 123, 139, 147, 153, 155, 156, 159, 187, 195, 201, 203, 204, 207, 209, 211, 212, 215, 217, 218, 219, 220, 221, 223, 224, 235, 243, 249, 251, 252, 255, 347, 411, 459, 467, 473, 475, 476, 479, 507, 523, 531, 537, 539, 540, 543, 571, 579, 585, 587, 588, 591, 593, 595, 596, 599, 601, 602, 603, 604, 605, 607, 608, 619, 627, 633, 635, 636, 639, 643, 649, 651, 652, 655, 657, 659, 660, 663, 665, 666, 667, 668, 669, 671, 672, 683, 691, 697, 699, 700, 703, 705, 707, 708, 711, 713, 714, 715, 716, 717, 719, 720, 721, 722, 723, 724, 725, 727, 728, 729, 730, 732, 733, 734, 735, 736, 739, 745, 747, 748, 751, 753, 755, 756, 759, 761, 762, 763, 764, 765, 767, 768, 795, 843, 851, 857, 859, 860, 863, 891, 907, 915, 921, 923, 924, 927, 955, 963, 969, 971, 972, 975, 977, 979, 980, 983, 985, 986, 987, 988, 989, 991, 992, 1003, 1011, 1017, 1019, 1020, 1023]
x_732: [28, 76, 84, 90, 91, 92, 96, 124, 140, 148, 154, 155, 156, 160, 188, 196, 202, 203, 204, 208, 210, 211, 212, 216, 217, 218, 219, 220, 222, 223, 224, 236, 244, 250, 251, 252, 256, 348, 412, 460, 468, 474, 475, 476, 480, 508, 524, 532, 538, 539, 540, 544, 572, 580, 586, 587, 588, 592, 594, 595, 596, 600, 601, 602, 603, 604, 606, 607, 608, 620, 628, 634, 635, 636, 640, 644, 650, 651, 652, 656, 658, 659, 660, 664, 665, 666, 667, 668, 670, 671, 672, 684, 692, 698, 699, 700, 704, 706, 707, 708, 712, 713, 714, 715, 716, 718, 719, 720, 721, 722, 723, 724, 726, 727, 728, 729, 730, 731, 733, 734, 735, 736, 740, 746, 747, 748, 752, 754, 755, 756, 760, 761, 762, 763, 764, 766, 767, 768, 796, 844, 852, 858, 859, 860, 864, 892, 908, 916, 922, 923, 924, 928, 956, 964, 970, 971, 972, 976, 978, 979, 980, 984, 985, 986, 987, 988, 990, 991, 992, 1004, 1012, 1018, 1019, 1020, 1024]
x_733: [29, 77, 85, 89, 93, 94, 95, 125, 141, 149, 153, 157, 158, 159, 189, 197, 201, 205, 206, 207, 209, 213, 214, 215, 217, 218, 219, 221, 222, 223, 224, 237, 245, 249, 253, 254, 255, 349, 413, 461, 469, 473, 477, 478, 479, 509, 525, 533, 537, 541, 542, 543, 573, 581, 585, 589, 590, 591, 593, 597, 598, 599, 601, 602, 603, 605, 606, 607, 608, 621, 629, 633, 637, 638, 639, 645, 649, 653, 654, 655, 657, 661, 662, 663, 665, 666, 667, 669, 670, 671, 672, 685, 693, 697, 701, 702, 703, 705, 709, 710, 711, 713, 714, 715, 717, 718, 719, 720, 721, 722, 723, 725, 726, 727, 728, 729, 730, 731, 732, 734, 735, 736, 741, 745, 749, 750, 751, 753, 757, 758, 759, 761, 762, 763, 765, 766, 767, 768, 797, 845, 853, 857, 861, 862, 863, 893, 909, 917, 921, 925, 926, 927, 957, 965, 969, 973, 974, 975, 977, 981, 982, 983, 985, 986, 987, 989, 990, 991, 992, 1005, 1013, 1017, 1021, 1022, 1023]
x_734: [30, 78, 86, 90, 93, 94, 96, 126, 142, 150, 154, 157, 158, 160, 190, 198, 202, 205, 206, 208, 210, 213, 214, 216, 217, 218, 220, 221, 222, 223, 224, 238, 246, 250, 253, 254, 256, 350, 414, 462, 470, 474, 477, 478, 480, 510, 526, 534, 538, 541, 542, 544, 574, 582, 586, 589, 590, 592, 594, 597, 598, 600, 601, 602, 604, 605, 606, 607, 608, 622, 630, 634, 637, 638, 640, 646, 650, 653, 654, 656, 658, 661, 662, 664, 665, 666, 668, 669, 670, 671, 672, 686, 694, 698, 701, 702, 704, 706, 709, 710, 712, 713, 714, 716, 717, 718, 719, 720, 721, 722, 724, 725, 726, 727, 728, 729, 730, 731, 732, 733, 735, 736, 742, 746, 749, 750, 752, 754, 757, 758, 760, 761, 762, 764, 765, 766, 767, 768, 798, 846, 854, 858, 861, 862, 864, 894, 910, 918, 922, 925, 926, 928, 958, 966, 970, 973, 974, 976, 978, 981, 982, 984, 985, 986, 988, 989, 990, 991, 992, 1006, 1014, 1018, 1021, 1022, 1024]
x_735: [31, 79, 87, 91, 93, 95, 96, 127, 143, 151, 155, 157, 159, 160, 191, 199, 203, 205, 207, 208, 211, 213, 215, 216, 217, 219, 220, 221, 222, 223, 224, 239, 247, 251, 253, 255, 256, 351, 415, 463, 471, 475, 477, 479, 480, 511, 527, 535, 539, 541, 543, 544, 575, 583, 587, 589, 591, 592, 595, 597, 599, 600, 601, 603, 604, 605, 606, 607, 608, 623, 631, 635, 637, 639, 640, 647, 651, 653, 655, 656, 659, 661, 663, 664, 665, 667, 668, 669, 670, 671, 672, 687, 695, 699, 701, 703, 704, 707, 709, 711, 712, 713, 715, 716, 717, 718, 719, 720, 721, 723, 724, 725, 726, 727, 728, 729, 730, 731, 732, 733, 734, 736, 743, 747, 749, 751, 752, 755, 757, 759, 760, 761, 763, 764, 765, 766, 767, 768, 799, 847, 855, 859, 861, 863, 864, 895, 911, 919, 923, 925, 927, 928, 959, 967, 971, 973, 975, 976, 979, 981, 983, 984, 985, 987, 988, 989, 990, 991, 992, 1007, 1015, 1019, 1021, 1023, 1024]
x_736: [32, 80, 88, 92, 94, 95, 96, 128, 144, 152, 156, 158, 159, 160, 192, 200, 204, 206, 207, 208, 212, 214, 215, 216, 218, 219, 220, 221, 222, 223, 224, 240, 248, 252, 254, 255, 256, 352, 416, 464, 472, 476, 478, 479, 480, 512, 528, 536, 540, 542, 543, 544, 576, 584, 588, 590, 591, 592, 596, 598, 599, 600, 602, 603, 604, 605, 606, 607, 608, 624, 632, 636, 638, 639, 640, 648, 652, 654, 655, 656, 660, 662, 663, 664, 666, 667, 668, 669, 670, 671, 672, 688, 696, 700, 702, 703, 704, 708, 710, 711, 712, 714, 715, 716, 717, 718, 719, 720, 722, 723, 724, 725, 726, 727, 728, 729, 730, 731, 732, 733, 734, 735, 744, 748, 750, 751, 752, 756, 758, 759, 760, 762, 763, 764, 765, 766, 767, 768, 800, 848, 856, 860, 862, 863, 864, 896, 912, 920, 924, 926, 927, 928, 960, 968, 972, 974, 975, 976, 980, 982, 983, 984, 986, 987, 988, 989, 990, 991, 992, 1008, 1016, 1020, 1022, 1023, 1024]
x_737: [33, 65, 97, 98, 99, 101, 105, 113, 129, 161, 162, 163, 165, 169, 177, 193, 194, 195, 197, 201, 209, 225, 226, 227, 228, 229, 230, 231, 233, 234, 235, 237, 241, 242, 243, 245, 249, 353, 417, 449, 481, 482, 483, 485, 489, 497, 513, 545, 546, 547, 549, 553, 561, 577, 578, 579, 581, 585, 593, 609, 610, 611, 612, 613, 614, 615, 617, 618, 619, 621, 625, 626, 627, 629, 633, 641, 642, 643, 645, 649, 657, 673, 674, 675, 676, 677, 678, 679, 681, 682, 683, 685, 689, 690, 691, 693, 697, 705, 706, 707, 708, 709, 710, 711, 713, 714, 715, 717, 721, 722, 723, 725, 729, 738, 739, 740, 741, 742, 743, 744, 745, 746, 747, 748, 749, 750, 751, 753, 754, 755, 756, 757, 758, 759, 761, 762, 763, 765, 801, 833, 865, 866, 867, 869, 873, 881, 897, 929, 930, 931, 933, 937, 945, 961, 962, 963, 965, 969, 977, 993, 994, 995, 996, 997, 998, 999, 1001, 1002, 1003, 1005, 1009, 1010, 1011, 1013, 1017]
x_738: [34, 66, 97, 98, 100, 102, 106, 114, 130, 161, 162, 164, 166, 170, 178, 193, 194, 196, 198, 202, 210, 225, 226, 227, 228, 229, 230, 232, 233, 234, 236, 238, 241, 242, 244, 246, 250, 354, 418, 450, 481, 482, 484, 486, 490, 498, 514, 545, 546, 548, 550, 554, 562, 577, 578, 580, 582, 586, 594, 609, 610, 611, 612, 613, 614, 616, 617, 618, 620, 622, 625, 626, 628, 630, 634, 641, 642, 644, 646, 650, 658, 673, 674, 675, 676, 677, 678, 680, 681, 682, 684, 686, 689, 690, 692, 694, 698, 705, 706, 707, 708, 709, 710, 712, 713, 714, 716, 718, 721, 722, 724, 726, 730, 737, 739, 740, 741, 742, 743, 744, 745, 746, 747, 748, 749, 750, 752, 753, 754, 755, 756, 757, 758, 760, 761, 762, 764, 766, 802, 834, 865, 866, 868, 870, 874, 882, 898, 929, 930, 932, 934, 938, 946, 961, 962, 964, 966, 970, 978, 993, 994, 995, 996, 997, 998, 1000, 1001, 1002, 1004, 1006, 1009, 1010, 1012, 1014, 1018]
x_739: [35, 67, 97, 99, 100, 103, 107, 115, 131, 161, 163, 164, 167, 171, 179, 193, 195, 196, 199, 203, 211, 225, 226, 227, 228, 229, 231, 232, 233, 235, 236, 239, 241, 243, 244, 247, 251, 355, 419, 451, 481, 483, 484, 487, 491, 499, 515, 545, 547, 548, 551, 555, 563, 577, 579, 580, 583, 587, 595, 609, 610, 611, 612, 613, 615, 616, 617, 619, 620, 623, 625, 627, 628, 631, 635, 641, 643, 644, 647, 651, 659, 673, 674, 675, 676, 677, 679, 680, 681, 683, 684, 687, 689, 691, 692, 695, 699, 705, 706, 707, 708, 709, 711, 712, 713, 715, 716, 719, 721, 723, 724, 727, 731, 737, 738, 740, 741, 742, 743, 744, 745, 746, 747, 748, 749, 751, 752, 753, 754, 755, 756, 757, 759, 760, 761, 763, 764, 767, 803, 835, 865, 867, 868, 871, 875, 883, 899, 929, 931, 932, 935, 939, 947, 961, 963, 964, 967, 971, 979, 993, 994, 995, 996, 997, 999, 1000, 1001, 1003, 1004, 1007, 1009, 1011, 1012, 1015, 1019]
x_740: [36, 68, 98, 99, 100, 104, 108, 116, 132, 162, 163, 164, 168, 172, 180, 194, 195, 196, 200, 204, 212, 225, 226, 227, 228, 230, 231, 232, 234, 235, 236, 240, 242, 243, 244, 248, 252, 356, 420, 452, 482, 483, 484, 488, 492, 500, 516, 546, 547, 548, 552, 556, 564, 578, 579, 580, 584, 588, 596, 609, 610, 611, 612, 614, 615, 616, 618, 619, 620, 624, 626, 627, 628, 632, 636, 642, 643, 644, 648, 652, 660, 673, 674, 675, 676, 678, 679, 680, 682, 683, 684, 688, 690, 691, 692, 696, 700, 705, 706, 707, 708, 710, 711, 712, 714, 715, 716, 720, 722, 723, 724, 728, 732, 737, 738, 739, 741, 742, 743, 744, 745, 746, 747, 748, 750, 751, 752, 753, 754, 755, 756, 758, 759, 760, 762, 763, 764, 768, 804, 836, 866, 867, 868, 872, 876, 884, 900, 930, 931, 932, 936, 940, 948, 962, 963, 964, 968, 972, 980, 993, 994, 995, 996, 998, 999, 1000, 1002, 1003, 1004, 1008, 1010, 1011, 1012, 1016, 1020]
x_741: [37, 69, 97, 101, 102, 103, 109, 117, 133, 161, 165, 166, 167, 173, 181, 193, 197, 198, 199, 205, 213, 225, 226, 227, 229, 230, 231, 232, 233, 237, 238, 239, 241, 245, 246, 247, 253, 357, 421, 453, 481, 485, 486, 487, 493, 501, 517, 545, 549, 550, 551, 557, 565, 577, 581, 582, 583, 589, 597, 609, 610, 611, 613, 614, 615, 616, 617, 621, 622, 623, 625, 629, 630, 631, 637, 641, 645, 646, 647, 653, 661, 673, 674, 675, 677, 678, 679, 680, 681, 685, 686, 687, 689, 693, 694, 695, 701, 705, 706, 707, 709, 710, 711, 712, 713, 717, 718, 719, 721, 725, 726, 727, 733, 737, 738, 739, 740, 742, 743, 744, 745, 746, 747, 749, 750, 751, 752, 753, 754, 755, 757, 758, 759, 760, 761, 765, 766, 767, 805, 837, 865, 869, 870, 871, 877, 885, 901, 929, 933, 934, 935, 941, 949, 961, 965, 966, 967, 973, 981, 993, 994, 995, 997, 998, 999, 1000, 1001, 1005, 1006, 1007, 1009, 1013, 1014, 1015, 1021]
x_742: [38, 70, 98, 101, 102, 104, 110, 118, 134, 162, 165, 166, 168, 174, 182, 194, 197, 198, 200, 206, 214, 225, 226, 228, 229, 230, 231, 232, 234, 237, 238, 240, 242, 245, 246, 248, 254, 358, 422, 454, 482, 485, 486, 488, 494, 502, 518, 546, 549, 550, 552, 558, 566, 578, 581, 582, 584, 590, 598, 609, 610, 612, 613, 614, 615, 616, 618, 621, 622, 624, 626, 629, 630, 632, 638, 642, 645, 646, 648, 654, 662, 673, 674, 676, 677, 678, 679, 680, 682, 685, 686, 688, 690, 693, 694, 696, 702, 705, 706, 708, 709, 710, 711, 712, 714, 717, 718, 720, 722, 725, 726, 728, 734, 737, 738, 739, 740, 741, 743, 744, 745, 746, 748, 749, 750, 751, 752, 753, 754, 756, 757, 758, 759, 760, 762, 765, 766, 768, 806, 838, 866, 869, 870, 872, 878, 886, 902, 930, 933, 934, 936, 942, 950, 962, 965, 966, 968, 974, 982, 993, 994, 996, 997, 998, 999, 1000, 1002, 1005, 1006, 1008, 1010, 1013, 1014, 1016, 1022]
x_743: [39, 71, 99, 101, 103, 104, 111, 119, 135, 163, 165, 167, 168, 175, 183, 195, 197, 199, 200, 207, 215, 225, 227, 228, 229, 230, 231, 232, 235, 237, 239, 240, 243, 245, 247, 248, 255, 359, 423, 455, 483, 485, 487, 488, 495, 503, 519, 547, 549, 551, 552, 559, 567, 579, 581, 583, 584, 591, 599, 609, 611, 612, 613, 614, 615, 616, 619, 621, 623, 624, 627, 629, 631, 632, 639, 643, 645, 647, 648, 655, 663, 673, 675, 676, 677, 678, 679, 680, 683, 685, 687, 688, 691, 693, 695, 696, 703, 705, 707, 708, 709, 710, 711, 712, 715, 717, 719, 720, 723, 725, 727, 728, 735, 737, 738, 739, 740, 741, 742, 744, 745, 747, 748, 749, 750, 751, 752, 753, 755, 756, 757, 758, 759, 760, 763, 765, 767, 768, 807, 839, 867, 869, 871, 872, 879, 887, 903, 931, 933, 935, 936, 943, 951, 963, 965, 967, 968, 975, 983, 993, 995, 996, 997, 998, 999, 1000, 1003, 1005, 1007, 1008, 1011, 1013, 1015, 1016, 1023]
x_744: [40, 72, 100, 102, 103, 104, 112, 120, 136, 164, 166, 167, 168, 176, 184, 196, 198, 199, 200, 208, 216, 226, 227, 228, 229, 230, 231, 232, 236, 238, 239, 240, 244, 246, 247, 248, 256, 360, 424, 456, 484, 486, 487, 488, 496, 504, 520, 548, 550, 551, 552, 560, 568, 580, 582, 583, 584, 592, 600, 610, 611, 612, 613, 614, 615, 616, 620, 622, 623, 624, 628, 630, 631, 632, 640, 644, 646, 647, 648, 656, 664, 674, 675, 676, 677, 678, 679, 680, 684, 686, 687, 688, 692, 694, 695, 696, 704, 706, 707, 708, 709, 710, 711, 712, 716, 718, 719, 720, 724, 726, 727, 728, 736, 737, 738, 739, 740, 741, 742, 743, 746, 747, 748, 749, 750, 751, 752, 754, 755, 756, 757, 758, 759, 760, 764, 766, 767, 768, 808, 840, 868, 870, 871, 872, 880, 888, 904, 932, 934, 935, 936, 944, 952, 964, 966, 967, 968, 976, 984, 994, 995, 996, 997, 998, 999, 1000, 1004, 1006, 1007, 1008, 1012, 1014, 1015, 1016, 1024]
x_745: [41, 73, 97, 105, 106, 107, 109, 121, 137, 161, 169, 170, 171, 173, 185, 193, 201, 202, 203, 205, 217, 225, 226, 227, 229, 233, 234, 235, 236, 237, 238, 239, 241, 249, 250, 251, 253, 361, 425, 457, 481, 489, 490, 491, 493, 505, 521, 545, 553, 554, 555, 557, 569, 577, 585, 586, 587, 589, 601, 609, 610, 611, 613, 617, 618, 619, 620, 621, 622, 623, 625, 633, 634, 635, 637, 641, 649, 650, 651, 653, 665, 673, 674, 675, 677, 681, 682, 683, 684, 685, 686, 687, 689, 697, 698, 699, 701, 705, 706, 707, 709, 713, 714, 715, 716, 717, 718, 719, 721, 729, 730, 731, 733, 737, 738, 739, 740, 741, 742, 743, 746, 747, 748, 749, 750, 751, 752, 753, 754, 755, 757, 761, 762, 763, 764, 765, 766, 767, 809, 841, 865, 873, 874, 875, 877, 889, 905, 929, 937, 938, 939, 941, 953, 961, 969, 970, 971, 973, 985, 993, 994, 995, 997, 1001, 1002, 1003, 1004, 1005, 1006, 1007, 1009, 1017, 1018, 1019, 1021]
x_746: [42, 74, 98, 105, 106, 108, 110, 122, 138, 162, 169, 170, 172, 174, 186, 194, 201, 202, 204, 206, 218, 225, 226, 228, 230, 233, 234, 235, 236, 237, 238, 240, 242, 249, 250, 252, 254, 362, 426, 458, 482, 489, 490, 492, 494, 506, 522, 546, 553, 554, 556, 558, 570, 578, 585, 586, 588, 590, 602, 609, 610, 612, 614, 617, 618, 619, 620, 621, 622, 624, 626, 633, 634, 636, 638, 642, 649, 650, 652, 654, 666, 673, 674, 676, 678, 681, 682, 683, 684, 685, 686, 688, 690, 697, 698, 700, 702, 705, 706, 708, 710, 713, 714, 715, 716, 717, 718, 720, 722, 729, 730, 732, 734, 737, 738, 739, 740, 741, 742, 744, 745, 747, 748, 749, 750, 751, 752, 753, 754, 756, 758, 761, 762, 763, 764, 765, 766, 768, 810, 842, 866, 873, 874, 876, 878, 890, 906, 930, 937, 938, 940, 942, 954, 962, 969, 970, 972, 974, 986, 993, 994, 996, 998, 1001, 1002, 1003, 1004, 1005, 1006, 1008, 1010, 1017, 1018, 1020, 1022]
x_747: [43, 75, 99, 105, 107, 108, 111, 123, 139, 163, 169, 171, 172, 175, 187, 195, 201, 203, 204, 207, 219, 225, 227, 228, 231, 233, 234, 235, 236, 237, 239, 240, 243, 249, 251, 252, 255, 363, 427, 459, 483, 489, 491, 492, 495, 507, 523, 547, 553, 555, 556, 559, 571, 579, 585, 587, 588, 591, 603, 609, 611, 612, 615, 617, 618, 619, 620, 621, 623, 624, 627, 633, 635, 636, 639, 643, 649, 651, 652, 655, 667, 673, 675, 676, 679, 681, 682, 683, 684, 685, 687, 688, 691, 697, 699, 700, 703, 705, 707, 708, 711, 713, 714, 715, 716, 717, 719, 720, 723, 729, 731, 732, 735, 737, 738, 739, 740, 741, 743, 744, 745, 746, 748, 749, 750, 751, 752, 753, 755, 756, 759, 761, 762, 763, 764, 765, 767, 768, 811, 843, 867, 873, 875, 876, 879, 891, 907, 931, 937, 939, 940, 943, 955, 963, 969, 971, 972, 975, 987, 993, 995, 996, 999, 1001, 1002, 1003, 1004, 1005, 1007, 1008, 1011, 1017, 1019, 1020, 1023]
x_748: [44, 76, 100, 106, 107, 108, 112, 124, 140, 164, 170, 171, 172, 176, 188, 196, 202, 203, 204, 208, 220, 226, 227, 228, 232, 233, 234, 235, 236, 238, 239, 240, 244, 250, 251, 252, 256, 364, 428, 460, 484, 490, 491, 492, 496, 508, 524, 548, 554, 555, 556, 560, 572, 580, 586, 587, 588, 592, 604, 610, 611, 612, 616, 617, 618, 619, 620, 622, 623, 624, 628, 634, 635, 636, 640, 644, 650, 651, 652, 656, 668, 674, 675, 676, 680, 681, 682, 683, 684, 686, 687, 688, 692, 698, 699, 700, 704, 706, 707, 708, 712, 713, 714, 715, 716, 718, 719, 720, 724, 730, 731, 732, 736, 737, 738, 739, 740, 742, 743, 744, 745, 746, 747, 749, 750, 751, 752, 754, 755, 756, 760, 761, 762, 763, 764, 766, 767, 768, 812, 844, 868, 874, 875, 876, 880, 892, 908, 932, 938, 939, 940, 944, 956, 964, 970, 971, 972, 976, 988, 994, 995, 996, 1000, 1001, 1002, 1003, 1004, 1006, 1007, 1008, 1012, 1018, 1019, 1020, 1024]
x_749: [45, 77, 101, 105, 109, 110, 111, 125, 141, 165, 169, 173, 174, 175, 189, 197, 201, 205, 206, 207, 221, 225, 229, 230, 231, 233, 234, 235, 237, 238, 239, 240, 245, 249, 253, 254, 255, 365, 429, 461, 485, 489, 493, 494, 495, 509, 525, 549, 553, 557, 558, 559, 573, 581, 585, 589, 590, 591, 605, 609, 613, 614, 615, 617, 618, 619, 621, 622, 623, 624, 629, 633, 637, 638, 639, 645, 649, 653, 654, 655, 669, 673, 677, 678, 679, 681, 682, 683, 685, 686, 687, 688, 693, 697, 701, 702, 703, 705, 709, 710, 711, 713, 714, 715, 717, 718, 719, 720, 725, 729, 733, 734, 735, 737, 738, 739, 741, 742, 743, 744, 745, 746, 747, 748, 750, 751, 752, 753, 757, 758, 759, 761, 762, 763, 765, 766, 767, 768, 813, 845, 869, 873, 877, 878, 879, 893, 909, 933, 937, 941, 942, 943, 957, 965, 969, 973, 974, 975, 989, 993, 997, 998, 999, 1001, 1002, 1003, 1005, 1006, 1007, 1008, 1013, 1017, 1021, 1022, 1023]
x_750: [46, 78, 102, 106, 109, 110, 112, 126, 142, 166, 170, 173, 174, 176, 190, 198, 202, 205, 206, 208, 222, 226, 229, 230, 232, 233, 234, 236, 237, 238, 239, 240, 246, 250, 253, 254, 256, 366, 430, 462, 486, 490, 493, 494, 496, 510, 526, 550, 554, 557, 558, 560, 574, 582, 586, 589, 590, 592, 606, 610, 613, 614, 616, 617, 618, 620, 621, 622, 623, 624, 630, 634, 637, 638, 640, 646, 650, 653, 654, 656, 670, 674, 677, 678, 680, 681, 682, 684, 685, 686, 687, 688, 694, 698, 701, 702, 704, 706, 709, 710, 712, 713, 714, 716, 717, 718, 719, 720, 726, 730, 733, 734, 736, 737, 738, 740, 741, 742, 743, 744, 745, 746, 747, 748, 749, 751, 752, 754, 757, 758, 760, 761, 762, 764, 765, 766, 767, 768, 814, 846, 870, 874, 877, 878, 880, 894, 910, 934, 938, 941, 942, 944, 958, 966, 970, 973, 974, 976, 990, 994, 997, 998, 1000, 1001, 1002, 1004, 1005, 1006, 1007, 1008, 1014, 1018, 1021, 1022, 1024]
x_751: [47, 79, 103, 107, 109, 111, 112, 127, 143, 167, 171, 173, 175, 176, 191, 199, 203, 205, 207, 208, 223, 227, 229, 231, 232, 233, 235, 236, 237, 238, 239, 240, 247, 251, 253, 255, 256, 367, 431, 463, 487, 491, 493, 495, 496, 511, 527, 551, 555, 557, 559, 560, 575, 583, 587, 589, 591, 592, 607, 611, 613, 615, 616, 617, 619, 620, 621, 622, 623, 624, 631, 635, 637, 639, 640, 647, 651, 653, 655, 656, 671, 675, 677, 679, 680, 681, 683, 684, 685, 686, 687, 688, 695, 699, 701, 703, 704, 707, 709, 711, 712, 713, 715, 716, 717, 718, 719, 720, 727, 731, 733, 735, 736, 737, 739, 740, 741, 742, 743, 744, 745, 746, 747, 748, 749, 750, 752, 755, 757, 759, 760, 761, 763, 764, 765, 766, 767, 768, 815, 847, 871, 875, 877, 879, 880, 895, 911, 935, 939, 941, 943, 944, 959, 967, 971, 973, 975, 976, 991, 995, 997, 999, 1000, 1001, 1003, 1004, 1005, 1006, 1007, 1008, 1015, 1019, 1021, 1023, 1024]
x_752: [48, 80, 104, 108, 110, 111, 112, 128, 144, 168, 172, 174, 175, 176, 192, 200, 204, 206, 207, 208, 224, 228, 230, 231, 232, 234, 235, 236, 237, 238, 239, 240, 248, 252, 254, 255, 256, 368, 432, 464, 488, 492, 494, 495, 496, 512, 528, 552, 556, 558, 559, 560, 576, 584, 588, 590, 591, 592, 608, 612, 614, 615, 616, 618, 619, 620, 621, 622, 623, 624, 632, 636, 638, 639, 640, 648, 652, 654, 655, 656, 672, 676, 678, 679, 680, 682, 683, 684, 685, 686, 687, 688, 696, 700, 702, 703, 704, 708, 710, 711, 712, 714, 715, 716, 717, 718, 719, 720, 728, 732, 734, 735, 736, 738, 739, 740, 741, 742, 743, 744, 745, 746, 747, 748, 749, 750, 751, 756, 758, 759, 760, 762, 763, 764, 765, 766, 767, 768, 816, 848, 872, 876, 878, 879, 880, 896, 912, 936, 940, 942, 943, 944, 960, 968, 972, 974, 975, 976, 992, 996, 998, 999, 1000, 1002, 1003, 1004, 1005, 1006, 1007, 1008, 1016, 1020, 1022, 1023, 1024]
x_753: [49, 81, 97, 113, 114, 115, 117, 121, 145, 161, 177, 178, 179, 181, 185, 193, 209, 210, 211, 213, 217, 225, 226, 227, 229, 233, 241, 242, 243, 244, 245, 246, 247, 249, 250, 251, 253, 369, 433, 465, 481, 497, 498, 499, 501, 505, 529, 545, 561, 562, 563, 565, 569, 577, 593, 594, 595, 597, 601, 609, 610, 611, 613, 617, 625, 626, 627, 628, 629, 630, 631, 633, 634, 635, 637, 641, 657, 658, 659, 661, 665, 673, 674, 675, 677, 681, 689, 690, 691, 692, 693, 694, 695, 697, 698, 699, 701, 705, 706, 707, 709, 713, 721, 722, 723, 724, 725, 726, 727, 729, 730, 731, 733, 737, 738, 739, 740, 741, 742, 743, 745, 746, 747, 749, 754, 755, 756, 757, 758, 759, 760, 761, 762, 763, 764, 765, 766, 767, 817, 849, 865, 881, 882, 883, 885, 889, 913, 929, 945, 946, 947, 949, 953, 961, 977, 978, 979, 981, 985, 993, 994, 995, 997, 1001, 1009, 1010, 1011, 1012, 1013, 1014, 1015, 1017, 1018, 1019, 1021]
x_754: [50, 82, 98, 113, 114, 116, 118, 122, 146, 162, 177, 178, 180, 182, 186, 194, 209, 210, 212, 214, 218, 225, 226, 228, 230, 234, 241, 242, 243, 244, 245, 246, 248, 249, 250, 252, 254, 370, 434, 466, 482, 497, 498, 500, 502, 506, 530, 546, 561, 562, 564, 566, 570, 578, 593, 594, 596, 598, 602, 609, 610, 612, 614, 618, 625, 626, 627, 628, 629, 630, 632, 633, 634, 636, 638, 642, 657, 658, 660, 662, 666, 673, 674, 676, 678, 682, 689, 690, 691, 692, 693, 694, 696, 697, 698, 700, 702, 705, 706, 708, 710, 714, 721, 722, 723, 724, 725, 726, 728, 729, 730, 732, 734, 737, 738, 739, 740, 741, 742, 744, 745, 746, 748, 750, 753, 755, 756, 757, 758, 759, 760, 761, 762, 763, 764, 765, 766, 768, 818, 850, 866, 881, 882, 884, 886, 890, 914, 930, 945, 946, 948, 950, 954, 962, 977, 978, 980, 982, 986, 993, 994, 996, 998, 1002, 1009, 1010, 1011, 1012, 1013, 1014, 1016, 1017, 1018, 1020, 1022]
x_755: [51, 83, 99, 113, 115, 116, 119, 123, 147, 163, 177, 179, 180, 183, 187, 195, 209, 211, 212, 215, 219, 225, 227, 228, 231, 235, 241, 242, 243, 244, 245, 247, 248, 249, 251, 252, 255, 371, 435, 467, 483, 497, 499, 500, 503, 507, 531, 547, 561, 563, 564, 567, 571, 579, 593, 595, 596, 599, 603, 609, 611, 612, 615, 619, 625, 626, 627, 628, 629, 631, 632, 633, 635, 636, 639, 643, 657, 659, 660, 663, 667, 673, 675, 676, 679, 683, 689, 690, 691, 692, 693, 695, 696, 697, 699, 700, 703, 705, 707, 708, 711, 715, 721, 722, 723, 724, 725, 727, 728, 729, 731, 732, 735, 737, 738, 739, 740, 741, 743, 744, 745, 747, 748, 751, 753, 754, 756, 757, 758, 759, 760, 761, 762, 763, 764, 765, 767, 768, 819, 851, 867, 881, 883, 884, 887, 891, 915, 931, 945, 947, 948, 951, 955, 963, 977, 979, 980, 983, 987, 993, 995, 996, 999, 1003, 1009, 1010, 1011, 1012, 1013, 1015, 1016, 1017, 1019, 1020, 1023]
x_756: [52, 84, 100, 114, 115, 116, 120, 124, 148, 164, 178, 179, 180, 184, 188, 196, 210, 211, 212, 216, 220, 226, 227, 228, 232, 236, 241, 242, 243, 244, 246, 247, 248, 250, 251, 252, 256, 372, 436, 468, 484, 498, 499, 500, 504, 508, 532, 548, 562, 563, 564, 568, 572, 580, 594, 595, 596, 600, 604, 610, 611, 612, 616, 620, 625, 626, 627, 628, 630, 631, 632, 634, 635, 636, 640, 644, 658, 659, 660, 664, 668, 674, 675, 676, 680, 684, 689, 690, 691, 692, 694, 695, 696, 698, 699, 700, 704, 706, 707, 708, 712, 716, 721, 722, 723, 724, 726, 727, 728, 730, 731, 732, 736, 737, 738, 739, 740, 742, 743, 744, 746, 747, 748, 752, 753, 754, 755, 757, 758, 759, 760, 761, 762, 763, 764, 766, 767, 768, 820, 852, 868, 882, 883, 884, 888, 892, 916, 932, 946, 947, 948, 952, 956, 964, 978, 979, 980, 984, 988, 994, 995, 996, 1000, 1004, 1009, 1010, 1011, 1012, 1014, 1015, 1016, 1018, 1019, 1020, 1024]
x_757: [53, 85, 101, 113, 117, 118, 119, 125, 149, 165, 177, 181, 182, 183, 189, 197, 209, 213, 214, 215, 221, 225, 229, 230, 231, 237, 241, 242, 243, 245, 246, 247, 248, 249, 253, 254, 255, 373, 437, 469, 485, 497, 501, 502, 503, 509, 533, 549, 561, 565, 566, 567, 573, 581, 593, 597, 598, 599, 605, 609, 613, 614, 615, 621, 625, 626, 627, 629, 630, 631, 632, 633, 637, 638, 639, 645, 657, 661, 662, 663, 669, 673, 677, 678, 679, 685, 689, 690, 691, 693, 694, 695, 696, 697, 701, 702, 703, 705, 709, 710, 711, 717, 721, 722, 723, 725, 726, 727, 728, 729, 733, 734, 735, 737, 738, 739, 741, 742, 743, 744, 745, 749, 750, 751, 753, 754, 755, 756, 758, 759, 760, 761, 762, 763, 765, 766, 767, 768, 821, 853, 869, 881, 885, 886, 887, 893, 917, 933, 945, 949, 950, 951, 957, 965, 977, 981, 982, 983, 989, 993, 997, 998, 999, 1005, 1009, 1010, 1011, 1013, 1014, 1015, 1016, 1017, 1021, 1022, 1023]
x_758: [54, 86, 102, 114, 117, 118, 120, 126, 150, 166, 178, 181, 182, 184, 190, 198, 210, 213, 214, 216, 222, 226, 229, 230, 232, 238, 241, 242, 244, 245, 246, 247, 248, 250, 253, 254, 256, 374, 438, 470, 486, 498, 501, 502, 504, 510, 534, 550, 562, 565, 566, 568, 574, 582, 594, 597, 598, 600, 606, 610, 613, 614, 616, 622, 625, 626, 628, 629, 630, 631, 632, 634, 637, 638, 640, 646, 658, 661, 662, 664, 670, 674, 677, 678, 680, 686, 689, 690, 692, 693, 694, 695, 696, 698, 701, 702, 704, 706, 709, 710, 712, 718, 721, 722, 724, 725, 726, 727, 728, 730, 733, 734, 736, 737, 738, 740, 741, 742, 743, 744, 746, 749, 750, 752, 753, 754, 755, 756, 757, 759, 760, 761, 762, 764, 765, 766, 767, 768, 822, 854, 870, 882, 885, 886, 888, 894, 918, 934, 946, 949, 950, 952, 958, 966, 978, 981, 982, 984, 990, 994, 997, 998, 1000, 1006, 1009, 1010, 1012, 1013, 1014, 1015, 1016, 1018, 1021, 1022, 1024]
x_759: [55, 87, 103, 115, 117, 119, 120, 127, 151, 167, 179, 181, 183, 184, 191, 199, 211, 213, 215, 216, 223, 227, 229, 231, 232, 239, 241, 243, 244, 245, 246, 247, 248, 251, 253, 255, 256, 375, 439, 471, 487, 499, 501, 503, 504, 511, 535, 551, 563, 565, 567, 568, 575, 583, 595, 597, 599, 600, 607, 611, 613, 615, 616, 623, 625, 627, 628, 629, 630, 631, 632, 635, 637, 639, 640, 647, 659, 661, 663, 664, 671, 675, 677, 679, 680, 687, 689, 691, 692, 693, 694, 695, 696, 699, 701, 703, 704, 707, 709, 711, 712, 719, 721, 723, 724, 725, 726, 727, 728, 731, 733, 735, 736, 737, 739, 740, 741, 742, 743, 744, 747, 749, 751, 752, 753, 754, 755, 756, 757, 758, 760, 761, 763, 764, 765, 766, 767, 768, 823, 855, 871, 883, 885, 887, 888, 895, 919, 935, 947, 949, 951, 952, 959, 967, 979, 981, 983, 984, 991, 995, 997, 999, 1000, 1007, 1009, 1011, 1012, 1013, 1014, 1015, 1016, 1019, 1021, 1023, 1024]
x_760: [56, 88, 104, 116, 118, 119, 120, 128, 152, 168, 180, 182, 183, 184, 192, 200, 212, 214, 215, 216, 224, 228, 230, 231, 232, 240, 242, 243, 244, 245, 246, 247, 248, 252, 254, 255, 256, 376, 440, 472, 488, 500, 502, 503, 504, 512, 536, 552, 564, 566, 567, 568, 576, 584, 596, 598, 599, 600, 608, 612, 614, 615, 616, 624, 626, 627, 628, 629, 630, 631, 632, 636, 638, 639, 640, 648, 660, 662, 663, 664, 672, 676, 678, 679, 680, 688, 690, 691, 692, 693, 694, 695, 696, 700, 702, 703, 704, 708, 710, 711, 712, 720, 722, 723, 724, 725, 726, 727, 728, 732, 734, 735, 736, 738, 739, 740, 741, 742, 743, 744, 748, 750, 751, 752, 753, 754, 755, 756, 757, 758, 759, 762, 763, 764, 765, 766, 767, 768, 824, 856, 872, 884, 886, 887, 888, 896, 920, 936, 948, 950, 951, 952, 960, 968, 980, 982, 983, 984, 992, 996, 998, 999, 1000, 1008, 1010, 1011, 1012, 1013, 1014, 1015, 1016, 1020, 1022, 1023, 1024]
x_761: [57, 89, 105, 113, 121, 122, 123, 125, 153, 169, 177, 185, 186, 187, 189, 201, 209, 217, 218, 219, 221, 225, 233, 234, 235, 237, 241, 242, 243, 245, 249, 250, 251, 252, 253, 254, 255, 377, 441, 473, 489, 497, 505, 506, 507, 509, 537, 553, 561, 569, 570, 571, 573, 585, 593, 601, 602, 603, 605, 609, 617, 618, 619, 621, 625, 626, 627, 629, 633, 634, 635, 636, 637, 638, 639, 649, 657, 665, 666, 667, 669, 673, 681, 682, 683, 685, 689, 690, 691, 693, 697, 698, 699, 700, 701, 702, 703, 705, 713, 714, 715, 717, 721, 722, 723, 725, 729, 730, 731, 732, 733, 734, 735, 737, 738, 739, 741, 745, 746, 747, 748, 749, 750, 751, 753, 754, 755, 756, 757, 758, 759, 762, 763, 764, 765, 766, 767, 768, 825, 857, 873, 881, 889, 890, 891, 893, 921, 937, 945, 953, 954, 955, 957, 969, 977, 985, 986, 987, 989, 993, 1001, 1002, 1003, 1005, 1009, 1010, 1011, 1013, 1017, 1018, 1019, 1020, 1021, 1022, 1023]
x_762: [58, 90, 106, 114, 121, 122, 124, 126, 154, 170, 178, 185, 186, 188, 190, 202, 210, 217, 218, 220, 222, 226, 233, 234, 236, 238, 241, 242, 244, 246, 249, 250, 251, 252, 253, 254, 256, 378, 442, 474, 490, 498, 505, 506, 508, 510, 538, 554, 562, 569, 570, 572, 574, 586, 594, 601, 602, 604, 606, 610, 617, 618, 620, 622, 625, 626, 628, 630, 633, 634, 635, 636, 637, 638, 640, 650, 658, 665, 666, 668, 670, 674, 681, 682, 684, 686, 689, 690, 692, 694, 697, 698, 699, 700, 701, 702, 704, 706, 713, 714, 716, 718, 721, 722, 724, 726, 729, 730, 731, 732, 733, 734, 736, 737, 738, 740, 742, 745, 746, 747, 748, 749, 750, 752, 753, 754, 755, 756, 757, 758, 760, 761, 763, 764, 765, 766, 767, 768, 826, 858, 874, 882, 889, 890, 892, 894, 922, 938, 946, 953, 954, 956, 958, 970, 978, 985, 986, 988, 990, 994, 1001, 1002, 1004, 1006, 1009, 1010, 1012, 1014, 1017, 1018, 1019, 1020, 1021, 1022, 1024]
x_763: [59, 91, 107, 115, 121, 123, 124, 127, 155, 171, 179, 185, 187, 188, 191, 203, 211, 217, 219, 220, 223, 227, 233, 235, 236, 239, 241, 243, 244, 247, 249, 250, 251, 252, 253, 255, 256, 379, 443, 475, 491, 499, 505, 507, 508, 511, 539, 555, 563, 569, 571, 572, 575, 587, 595, 601, 603, 604, 607, 611, 617, 619, 620, 623, 625, 627, 628, 631, 633, 634, 635, 636, 637, 639, 640, 651, 659, 665, 667, 668, 671, 675, 681, 683, 684, 687, 689, 691, 692, 695, 697, 698, 699, 700, 701, 703, 704, 707, 713, 715, 716, 719, 721, 723, 724, 727, 729, 730, 731, 732, 733, 735, 736, 737, 739, 740, 743, 745, 746, 747, 748, 749, 751, 752, 753, 754, 755, 756, 757, 759, 760, 761, 762, 764, 765, 766, 767, 768, 827, 859, 875, 883, 889, 891, 892, 895, 923, 939, 947, 953, 955, 956, 959, 971, 979, 985, 987, 988, 991, 995, 1001, 1003, 1004, 1007, 1009, 1011, 1012, 1015, 1017, 1018, 1019, 1020, 1021, 1023, 1024]
x_764: [60, 92, 108, 116, 122, 123, 124, 128, 156, 172, 180, 186, 187, 188, 192, 204, 212, 218, 219, 220, 224, 228, 234, 235, 236, 240, 242, 243, 244, 248, 249, 250, 251, 252, 254, 255, 256, 380, 444, 476, 492, 500, 506, 507, 508, 512, 540, 556, 564, 570, 571, 572, 576, 588, 596, 602, 603, 604, 608, 612, 618, 619, 620, 624, 626, 627, 628, 632, 633, 634, 635, 636, 638, 639, 640, 652, 660, 666, 667, 668, 672, 676, 682, 683, 684, 688, 690, 691, 692, 696, 697, 698, 699, 700, 702, 703, 704, 708, 714, 715, 716, 720, 722, 723, 724, 728, 729, 730, 731, 732, 734, 735, 736, 738, 739, 740, 744, 745, 746, 747, 748, 750, 751, 752, 753, 754, 755, 756, 758, 759, 760, 761, 762, 763, 765, 766, 767, 768, 828, 860, 876, 884, 890, 891, 892, 896, 924, 940, 948, 954, 955, 956, 960, 972, 980, 986, 987, 988, 992, 996, 1002, 1003, 1004, 1008, 1010, 1011, 1012, 1016, 1017, 1018, 1019, 1020, 1022, 1023, 1024]
x_765: [61, 93, 109, 117, 121, 125, 126, 127, 157, 173, 181, 185, 189, 190, 191, 205, 213, 217, 221, 222, 223, 229, 233, 237, 238, 239, 241, 245, 246, 247, 249, 250, 251, 253, 254, 255, 256, 381, 445, 477, 493, 501, 505, 509, 510, 511, 541, 557, 565, 569, 573, 574, 575, 589, 597, 601, 605, 606, 607, 613, 617, 621, 622, 623, 625, 629, 630, 631, 633, 634, 635, 637, 638, 639, 640, 653, 661, 665, 669, 670, 671, 677, 681, 685, 686, 687, 689, 693, 694, 695, 697, 698, 699, 701, 702, 703, 704, 709, 713, 717, 718, 719, 721, 725, 726, 727, 729, 730, 731, 733, 734, 735, 736, 737, 741, 742, 743, 745, 746, 747, 749, 750, 751, 752, 753, 754, 755, 757, 758, 759, 760, 761, 762, 763, 764, 766, 767, 768, 829, 861, 877, 885, 889, 893, 894, 895, 925, 941, 949, 953, 957, 958, 959, 973, 981, 985, 989, 990, 991, 997, 1001, 1005, 1006, 1007, 1009, 1013, 1014, 1015, 1017, 1018, 1019, 1021, 1022, 1023, 1024]
x_766: [62, 94, 110, 118, 122, 125, 126, 128, 158, 174, 182, 186, 189, 190, 192, 206, 214, 218, 221, 222, 224, 230, 234, 237, 238, 240, 242, 245, 246, 248, 249, 250, 252, 253, 254, 255, 256, 382, 446, 478, 494, 502, 506, 509, 510, 512, 542, 558, 566, 570, 573, 574, 576, 590, 598, 602, 605, 606, 608, 614, 618, 621, 622, 624, 626, 629, 630, 632, 633, 634, 636, 637, 638, 639, 640, 654, 662, 666, 669, 670, 672, 678, 682, 685, 686, 688, 690, 693, 694, 696, 697, 698, 700, 701, 702, 703, 704, 710, 714, 717, 718, 720, 722, 725, 726, 728, 729, 730, 732, 733, 734, 735, 736, 738, 741, 742, 744, 745, 746, 748, 749, 750, 751, 752, 753, 754, 756, 757, 758, 759, 760, 761, 762, 763, 764, 765, 767, 768, 830, 862, 878, 886, 890, 893, 894, 896, 926, 942, 950, 954, 957, 958, 960, 974, 982, 986, 989, 990, 992, 998, 1002, 1005, 1006, 1008, 1010, 1013, 1014, 1016, 1017, 1018, 1020, 1021, 1022, 1023, 1024]
x_767: [63, 95, 111, 119, 123, 125, 127, 128, 159, 175, 183, 187, 189, 191, 192, 207, 215, 219, 221, 223, 224, 231, 235, 237, 239, 240, 243, 245, 247, 248, 249, 251, 252, 253, 254, 255, 256, 383, 447, 479, 495, 503, 507, 509, 511, 512, 543, 559, 567, 571, 573, 575, 576, 591, 599, 603, 605, 607, 608, 615, 619, 621, 623, 624, 627, 629, 631, 632, 633, 635, 636, 637, 638, 639, 640, 655, 663, 667, 669, 671, 672, 679, 683, 685, 687, 688, 691, 693, 695, 696, 697, 699, 700, 701, 702, 703, 704, 711, 715, 717, 719, 720, 723, 725, 727, 728, 729, 731, 732, 733, 734, 735, 736, 739, 741, 743, 744, 745, 747, 748, 749, 750, 751, 752, 753, 755, 756, 757, 758, 759, 760, 761, 762, 763, 764, 765, 766, 768, 831, 863, 879, 887, 891, 893, 895, 896, 927, 943, 951, 955, 957, 959, 960, 975, 983, 987, 989, 991, 992, 999, 1003, 1005, 1007, 1008, 1011, 1013, 1015, 1016, 1017, 1019, 1020, 1021, 1022, 1023, 1024]
x_768: [64, 96, 112, 120, 124, 126, 127, 128, 160, 176, 184, 188, 190, 191, 192, 208, 216, 220, 222, 223, 224, 232, 236, 238, 239, 240, 244, 246, 247, 248, 250, 251, 252, 253, 254, 255, 256, 384, 448, 480, 496, 504, 508, 510, 511, 512, 544, 560, 568, 572, 574, 575, 576, 592, 600, 604, 606, 607, 608, 616, 620, 622, 623, 624, 628, 630, 631, 632, 634, 635, 636, 637, 638, 639, 640, 656, 664, 668, 670, 671, 672, 680, 684, 686, 687, 688, 692, 694, 695, 696, 698, 699, 700, 701, 702, 703, 704, 712, 716, 718, 719, 720, 724, 726, 727, 728, 730, 731, 732, 733, 734, 735, 736, 740, 742, 743, 744, 746, 747, 748, 749, 750, 751, 752, 754, 755, 756, 757, 758, 759, 760, 761, 762, 763, 764, 765, 766, 767, 832, 864, 880, 888, 892, 894, 895, 896, 928, 944, 952, 956, 958, 959, 960, 976, 984, 988, 990, 991, 992, 1000, 1004, 1006, 1007, 1008, 1012, 1014, 1015, 1016, 1018, 1019, 1020, 1021, 1022, 1023, 1024]
x_769: [1, 2, 3, 5, 9, 17, 33, 65, 129, 257, 258, 259, 260, 261, 262, 263, 265, 266, 267, 269, 273, 274, 275, 277, 281, 289, 290, 291, 293, 297, 305, 321, 322, 323, 325, 329, 337, 353, 385, 386, 387, 389, 393, 401, 417, 449, 513, 514, 515, 516, 517, 518, 519, 521, 522, 523, 525, 529, 530, 531, 533, 537, 545, 546, 547, 549, 553, 561, 577, 578, 579, 581, 585, 593, 609, 641, 642, 643, 645, 649, 657, 673, 705, 770, 771, 772, 773, 774, 775, 776, 777, 778, 779, 780, 781, 782, 783, 785, 786, 787, 788, 789, 790, 791, 793, 794, 795, 797, 801, 802, 803, 804, 805, 806, 807, 809, 810, 811, 813, 817, 818, 819, 821, 825, 833, 834, 835, 836, 837, 838, 839, 841, 842, 843, 845, 849, 850, 851, 853, 857, 865, 866, 867, 869, 873, 881, 897, 898, 899, 900, 901, 902, 903, 905, 906, 907, 909, 913, 914, 915, 917, 921, 929, 930, 931, 933, 937, 945, 961, 962, 963, 965, 969, 977, 993]
x_770: [1, 2, 4, 6, 10, 18, 34, 66, 130, 257, 258, 259, 260, 261, 262, 264, 265, 266, 268, 270, 273, 274, 276, 278, 282, 289, 290, 292, 294, 298, 306, 321, 322, 324, 326, 330, 338, 354, 385, 386, 388, 390, 394, 402, 418, 450, 513, 514, 515, 516, 517, 518, 520, 521, 522, 524, 526, 529, 530, 532, 534, 538, 545, 546, 548, 550, 554, 562, 577, 578, 580, 582, 586, 594, 610, 641, 642, 644, 646, 650, 658, 674, 706, 769, 771, 772, 773, 774, 775, 776, 777, 778, 779, 780, 781, 782, 784, 785, 786, 787, 788, 789, 790, 792, 793, 794, 796, 798, 801, 802, 803, 804, 805, 806, 808, 809, 810, 812, 814, 817, 818, 820, 822, 826, 833, 834, 835, 836, 837, 838, 840, 841, 842, 844, 846, 849, 850, 852, 854, 858, 865, 866, 868, 870, 874, 882, 897, 898, 899, 900, 901, 902, 904, 905, 906, 908, 910, 913, 914, 916, 918, 922, 929, 930, 932, 934, 938, 946, 961, 962, 964, 966, 970, 978, 994]
x_771: [1, 3, 4, 7, 11, 19, 35, 67, 131, 257, 258, 259, 260, 261, 263, 264, 265, 267, 268, 271, 273, 275, 276, 279, 283, 289, 291, 292, 295, 299, 307, 321, 323, 324, 327, 331, 339, 355, 385, 387, 388, 391, 395, 403, 419, 451, 513, 514, 515, 516, 517, 519, 520, 521, 523, 524, 527, 529, 531, 532, 535, 539, 545, 547, 548, 551, 555, 563, 577, 579, 580, 583, 587, 595, 611, 641, 643, 644, 647, 651, 659, 675, 707, 769, 770, 772, 773, 774, 775, 776, 777, 778, 779, 780, 781, 783, 784, 785, 786, 787, 788, 789, 791, 792, 793, 795, 796, 799, 801, 802, 803, 804, 805, 807, 808, 809, 811, 812, 815, 817, 819, 820, 823, 827, 833, 834, 835, 836, 837, 839, 840, 841, 843, 844, 847, 849, 851, 852, 855, 859, 865, 867, 868, 871, 875, 883, 897, 898, 899, 900, 901, 903, 904, 905, 907, 908, 911, 913, 915, 916, 919, 923, 929, 931, 932, 935, 939, 947, 961, 963, 964, 967, 971, 979, 995]
x_772: [2, 3, 4, 8, 12, 20, 36, 68, 132, 257, 258, 259, 260, 262, 263, 264, 266, 267, 268, 272, 274, 275, 276, 280, 284, 290, 291, 292, 296, 300, 308, 322, 323, 324, 328, 332, 340, 356, 386, 387, 388, 392, 396, 404, 420, 452, 513, 514, 515, 516, 518, 519, 520, 522, 523, 524, 528, 530, 531, 532, 536, 540, 546, 547, 548, 552, 556, 564, 578, 579, 580, 584, 588, 596, 612, 642, 643, 644, 648, 652, 660, 676, 708, 769, 770, 771, 773, 774, 775, 776, 777, 778, 779, 780, 782, 783, 784, 785, 786, 787, 788, 790, 791, 792, 794, 795, 796, 800, 801, 802, 803, 804, 806, 807, 808, 810, 811, 812, 816, 818, 819, 820, 824, 828, 833, 834, 835, 836, 838, 839, 840, 842, 843, 844, 848, 850, 851, 852, 856, 860, 866, 867, 868, 872, 876, 884, 897, 898, 899, 900, 902, 903, 904, 906, 907, 908, 912, 914, 915, 916, 920, 924, 930, 931, 932, 936, 940, 948, 962, 963, 964, 968, 972, 980, 996]
x_773: [1, 5, 6, 7, 13, 21, 37, 69, 133, 257, 258, 259, 261, 262, 263, 264, 265, 269, 270, 271, 273, 277, 278, 279, 285, 289, 293, 294, 295, 301, 309, 321, 325, 326, 327, 333, 341, 357, 385, 389, 390, 391, 397, 405, 421, 453, 513, 514, 515, 517, 518, 519, 520, 521, 525, 526, 527, 529, 533, 534, 535, 541, 545, 549, 550, 551, 557, 565, 577, 581, 582, 583, 589, 597, 613, 641, 645, 646, 647, 653, 661, 677, 709, 769, 770, 771, 772, 774, 775, 776, 777, 778, 779, 781, 782, 783, 784, 785, 786, 787, 789, 790, 791, 792, 793, 797, 798, 799, 801, 802, 803, 805, 806, 807, 808, 809, 813, 814, 815, 817, 821, 822, 823, 829, 833, 834, 835, 837, 838, 839, 840, 841, 845, 846, 847, 849, 853, 854, 855, 861, 865, 869, 870, 871, 877, 885, 897, 898, 899, 901, 902, 903, 904, 905, 909, 910, 911, 913, 917, 918, 919, 925, 929, 933, 934, 935, 941, 949, 961, 965, 966, 967, 973, 981, 997]
x_774: [2, 5, 6, 8, 14, 22, 38, 70, 134, 257, 258, 260, 261, 262, 263, 264, 266, 269, 270, 272, 274, 277, 278, 280, 286, 290, 293, 294, 296, 302, 310, 322, 325, 326, 328, 334, 342, 358, 386, 389, 390, 392, 398, 406, 422, 454, 513, 514, 516, 517, 518, 519, 520, 522, 525, 526, 528, 530, 533, 534, 536, 542, 546, 549, 550, 552, 558, 566, 578, 581, 582, 584, 590, 598, 614, 642, 645, 646, 648, 654, 662, 678, 710, 769, 770, 771, 772, 773, 775, 776, 777, 778, 780, 781, 782, 783, 784, 785, 786, 788, 789, 790, 791, 792, 794, 797, 798, 800, 801, 802, 804, 805, 806, 807, 808, 810, 813, 814, 816, 818, 821, 822, 824, 830, 833, 834, 836, 837, 838, 839, 840, 842, 845, 846, 848, 850, 853, 854, 856, 862, 866, 869, 870, 872, 878, 886, 897, 898, 900, 901, 902, 903, 904, 906, 909, 910, 912, 914, 917, 918, 920, 926, 930, 933, 934, 936, 942, 950, 962, 965, 966, 968, 974, 982, 998]
x_775: [3, 5, 7, 8, 15, 23, 39, 71, 135, 257, 259, 260, 261, 262, 263, 264, 267, 269, 271, 272, 275, 277, 279, 280, 287, 291, 293, 295, 296, 303, 311, 323, 325, 327, 328, 335, 343, 359, 387, 389, 391, 392, 399, 407, 423, 455, 513, 515, 516, 517, 518, 519, 520, 523, 525, 527, 528, 531, 533, 535, 536, 543, 547, 549, 551, 552, 559, 567, 579, 581, 583, 584, 591, 599, 615, 643, 645, 647, 648, 655, 663, 679, 711, 769, 770, 771, 772, 773, 774, 776, 777, 779, 780, 781, 782, 783, 784, 785, 787, 788, 789, 790, 791, 792, 795, 797, 799, 800, 801, 803, 804, 805, 806, 807, 808, 811, 813, 815, 816, 819, 821, 823, 824, 831, 833, 835, 836, 837, 838, 839, 840, 843, 845, 847, 848, 851, 853, 855, 856, 863, 867, 869, 871, 872, 879, 887, 897, 899, 900, 901, 902, 903, 904, 907, 909, 911, 912, 915, 917, 919, 920, 927, 931, 933, 935, 936, 943, 951, 963, 965, 967, 968, 975, 983, 999]
x_776: [4, 6, 7, 8, 16, 24, 40, 72, 136, 258, 259, 260, 261, 262, 263, 264, 268, 270, 271, 272, 276, 278, 279, 280, 288, 292, 294, 295, 296, 304, 312, 324, 326, 327, 328, 336, 344, 360, 388, 390, 391, 392, 400, 408, 424, 456, 514, 515, 516, 517, 518, 519, 520, 524, 526, 527, 528, 532, 534, 535, 536, 544, 548, 550, 551, 552, 560, 568, 580, 582, 583, 584, 592, 600, 616, 644, 646, 647, 648, 656, 664, 680, 712, 769, 770, 771, 772, 773, 774, 775, 778, 779, 780, 781, 782, 783, 784, 786, 787, 788, 789, 790, 791, 792, 796, 798, 799, 800, 802, 803, 804, 805, 806, 807, 808, 812, 814, 815, 816, 820, 822, 823, 824, 832, 834, 835, 836, 837, 838, 839, 840, 844, 846, 847, 848, 852, 854, 855, 856, 864, 868, 870, 871, 872, 880, 888, 898, 899, 900, 901, 902, 903, 904, 908, 910, 911, 912, 916, 918, 919, 920, 928, 932, 934, 935, 936, 944, 952, 964, 966, 967, 968, 976, 984, 1000]
x_777: [1, 9, 10, 11, 13, 25, 41, 73, 137, 257, 258, 259, 261, 265, 266, 267, 268, 269, 270, 271, 273, 281, 282, 283, 285, 289, 297, 298, 299, 301, 313, 321, 329, 330, 331, 333, 345, 361, 385, 393, 394, 395, 397, 409, 425, 457, 513, 514, 515, 517, 521, 522, 523, 524, 525, 526, 527, 529, 537, 538, 539, 541, 545, 553, 554, 555, 557, 569, 577, 585, 586, 587, 589, 601, 617, 641, 649, 650, 651, 653, 665, 681, 713, 769, 770, 771, 772, 773, 774, 775, 778, 779, 780, 781, 782, 783, 784, 785, 786, 787, 789, 793, 794, 795, 796, 797, 798, 799, 801, 802, 803, 805, 809, 810, 811, 812, 813, 814, 815, 817, 825, 826, 827, 829, 833, 834, 835, 837, 841, 842, 843, 844, 845, 846, 847, 849, 857, 858, 859, 861, 865, 873, 874, 875, 877, 889, 897, 898, 899, 901, 905, 906, 907, 908, 909, 910, 911, 913, 921, 922, 923, 925, 929, 937, 938, 939, 941, 953, 961, 969, 970, 971, 973, 985, 1001]
x_778: [2, 9, 10, 12, 14, 26, 42, 74, 138, 257, 258, 260, 262, 265, 266, 267, 268, 269, 270, 272, 274, 281, 282, 284, 286, 290, 297, 298, 300, 302, 314, 322, 329, 330, 332, 334, 346, 362, 386, 393, 394, 396, 398, 410, 426, 458, 513, 514, 516, 518, 521, 522, 523, 524, 525, 526, 528, 530, 537, 538, 540, 542, 546, 553, 554, 556, 558, 570, 578, 585, 586, 588, 590, 602, 618, 642, 649, 650, 652, 654, 666, 682, 714, 769, 770, 771, 772, 773, 774, 776, 777, 779, 780, 781, 782, 783, 784, 785, 786, 788, 790, 793, 794, 795, 796, 797, 798, 800, 801, 802, 804, 806, 809, 810, 811, 812, 813, 814, 816, 818, 825, 826, 828, 830, 833, 834, 836, 838, 841, 842, 843, 844, 845, 846, 848, 850, 857, 858, 860, 862, 866, 873, 874, 876, 878, 890, 897, 898, 900, 902, 905, 906, 907, 908, 909, 910, 912, 914, 921, 922, 924, 926, 930, 937, 938, 940, 942, 954, 962, 969, 970, 972, 974, 986, 1002]
x_779: [3, 9, 11, 12, 15, 27, 43, 75, 139, 257, 259, 260, 263, 265, 266, 267, 268, 269, 271, 272, 275, 281, 283, 284, 287, 291, 297, 299, 300, 303, 315, 323, 329, 331, 332, 335, 347, 363, 387, 393, 395, 396, 399, 411, 427, 459, 513, 515, 516, 519, 521, 522, 523, 524, 525, 527, 528, 531, 537, 539, 540, 543, 547, 553, 555, 556, 559, 571, 579, 585, 587, 588, 591, 603, 619, 643, 649, 651, 652, 655, 667, 683, 715, 769, 770, 771, 772, 773, 775, 776, 777, 778, 780, 781, 782, 783, 784, 785, 787, 788, 791, 793, 794, 795, 796, 797, 799, 800, 801, 803, 804, 807, 809, 810, 811, 812, 813, 815, 816, 819, 825, 827, 828, 831, 833, 835, 836, 839, 841, 842, 843, 844, 845, 847, 848, 851, 857, 859, 860, 863, 867, 873, 875, 876, 879, 891, 897, 899, 900, 903, 905, 906, 907, 908, 909, 911, 912, 915, 921, 923, 924, 927, 931, 937, 939, 940, 943, 955, 963, 969, 971, 972, 975, 987, 1003]
x_780: [4, 10, 11, 12, 16, 28, 44, 76, 140, 258, 259, 260, 264, 265, 266, 267, 268, 270, 271, 272, 276, 282, 283, 284, 288, 292, 298, 299, 300, 304, 316, 324, 330, 331, 332, 336, 348, 364, 388, 394, 395, 396, 400, 412, 428, 460, 514, 515, 516, 520, 521, 522, 523, 524, 526, 527, 528, 532, 538, 539, 540, 544, 548, 554, 555, 556, 560, 572, 580, 586, 587, 588, 592, 604, 620, 644, 650, 651, 652, 656, 668, 684, 716, 769, 770, 771, 772, 774, 775, 776, 777, 778, 779, 781, 782, 783, 784, 786, 787, 788, 792, 793, 794, 795, 796, 798, 799, 800, 802, 803, 804, 808, 809, 810, 811, 812, 814, 815, 816, 820, 826, 827, 828, 832, 834, 835, 836, 840, 841, 842, 843, 844, 846, 847, 848, 852, 858, 859, 860, 864, 868, 874, 875, 876, 880, 892, 898, 899, 900, 904, 905, 906, 907, 908, 910, 911, 912, 916, 922, 923, 924, 928, 932, 938, 939, 940, 944, 956, 964, 970, 971, 972, 976, 988, 1004]
x_781: [5, 9, 13, 14, 15, 29, 45, 77, 141, 257, 261, 262, 263, 265, 266, 267, 269, 270, 271, 272, 277, 281, 285, 286, 287, 293, 297, 301, 302, 303, 317, 325, 329, 333, 334, 335, 349, 365, 389, 393, 397, 398, 399, 413, 429, 461, 513, 517, 518, 519, 521, 522, 523, 525, 526, 527, 528, 533, 537, 541, 542, 543, 549, 553, 557, 558, 559, 573, 581, 585, 589, 590, 591, 605, 621, 645, 649, 653, 654, 655, 669, 685, 717, 769, 770, 771, 773, 774, 775, 776, 777, 778, 779, 780, 782, 783, 784, 785, 789, 790, 791, 793, 794, 795, 797, 798, 799, 800, 801, 805, 806, 807, 809, 810, 811, 813, 814, 815, 816, 821, 825, 829, 830, 831, 833, 837, 838, 839, 841, 842, 843, 845, 846, 847, 848, 853, 857, 861, 862, 863, 869, 873, 877, 878, 879, 893, 897, 901, 902, 903, 905, 906, 907, 909, 910, 911, 912, 917, 921, 925, 926, 927, 933, 937, 941, 942, 943, 957, 965, 969, 973, 974, 975, 989, 1005]
x_782: [6, 10, 13, 14, 16, 30, 46, 78, 142, 258, 261, 262, 264, 265, 266, 268, 269, 270, 271, 272, 278, 282, 285, 286, 288, 294, 298, 301, 302, 304, 318, 326, 330, 333, 334, 336, 350, 366, 390, 394, 397, 398, 400, 414, 430, 462, 514, 517, 518, 520, 521, 522, 524, 525, 526, 527, 528, 534, 538, 541, 542, 544, 550, 554, 557, 558, 560, 574, 582, 586, 589, 590, 592, 606, 622, 646, 650, 653, 654, 656, 670, 686, 718, 769, 770, 772, 773, 774, 775, 776, 777, 778, 779, 780, 781, 783, 784, 786, 789, 790, 792, 793, 794, 796, 797, 798, 799, 800, 802, 805, 806, 808, 809, 810, 812, 813, 814, 815, 816, 822, 826, 829, 830, 832, 834, 837, 838, 840, 841, 842, 844, 845, 846, 847, 848, 854, 858, 861, 862, 864, 870, 874, 877, 878, 880, 894, 898, 901, 902, 904, 905, 906, 908, 909, 910, 911, 912, 918, 922, 925, 926, 928, 934, 938, 941, 942, 944, 958, 966, 970, 973, 974, 976, 990, 1006]
x_783: [7, 11, 13, 15, 16, 31, 47, 79, 143, 259, 261, 263, 264, 265, 267, 268, 269, 270, 271, 272, 279, 283, 285, 287, 288, 295, 299, 301, 303, 304, 319, 327, 331, 333, 335, 336, 351, 367, 391, 395, 397, 399, 400, 415, 431, 463, 515, 517, 519, 520, 521, 523, 524, 525, 526, 527, 528, 535, 539, 541, 543, 544, 551, 555, 557, 559, 560, 575, 583, 587, 589, 591, 592, 607, 623, 647, 651, 653, 655, 656, 671, 687, 719, 769, 771, 772, 773, 774, 775, 776, 777, 778, 779, 780, 781, 782, 784, 787, 789, 791, 792, 793, 795, 796, 797, 798, 799, 800, 803, 805, 807, 808, 809, 811, 812, 813, 814, 815, 816, 823, 827, 829, 831, 832, 835, 837, 839, 840, 841, 843, 844, 845, 846, 847, 848, 855, 859, 861, 863, 864, 871, 875, 877, 879, 880, 895, 899, 901, 903, 904, 905, 907, 908, 909, 910, 911, 912, 919, 923, 925, 927, 928, 935, 939, 941, 943, 944, 959, 967, 971, 973, 975, 976, 991, 1007]
x_784: [8, 12, 14, 15, 16, 32, 48, 80, 144, 260, 262, 263, 264, 266, 267, 268, 269, 270, 271, 272, 280, 284, 286, 287, 288, 296, 300, 302, 303, 304, 320, 328, 332, 334, 335, 336, 352, 368, 392, 396, 398, 399, 400, 416, 432, 464, 516, 518, 519, 520, 522, 523, 524, 525, 526, 527, 528, 536, 540, 542, 543, 544, 552, 556, 558, 559, 560, 576, 584, 588, 590, 591, 592, 608, 624, 648, 652, 654, 655, 656, 672, 688, 720, 770, 771, 772, 773, 774, 775, 776, 777, 778, 779, 780, 781, 782, 783, 788, 790, 791, 792, 794, 795, 796, 797, 798, 799, 800, 804, 806, 807, 808, 810, 811, 812, 813, 814, 815, 816, 824, 828, 830, 831, 832, 836, 838, 839, 840, 842, 843, 844, 845, 846, 847, 848, 856, 860, 862, 863, 864, 872, 876, 878, 879, 880, 896, 900, 902, 903, 904, 906, 907, 908, 909, 910, 911, 912, 920, 924, 926, 927, 928, 936, 940, 942, 943, 944, 960, 968, 972, 974, 975, 976, 992, 1008]
x_785: [1, 17, 18, 19, 21, 25, 49, 81, 145, 257, 258, 259, 261, 265, 273, 274, 275, 276, 277, 278, 279, 281, 282, 283, 285, 289, 305, 306, 307, 309, 313, 321, 337, 338, 339, 341, 345, 369, 385, 401, 402, 403, 405, 409, 433, 465, 513, 514, 515, 517, 521, 529, 530, 531, 532, 533, 534, 535, 537, 538, 539, 541, 545, 561, 562, 563, 565, 569, 577, 593, 594, 595, 597, 601, 625, 641, 657, 658, 659, 661, 665, 689, 721, 769, 770, 771, 772, 773, 774, 775, 777, 778, 779, 781, 786, 787, 788, 789, 790, 791, 792, 793, 794, 795, 796, 797, 798, 799, 801, 802, 803, 805, 809, 817, 818, 819, 820, 821, 822, 823, 825, 826, 827, 829, 833, 834, 835, 837, 841, 849, 850, 851, 852, 853, 854, 855, 857, 858, 859, 861, 865, 881, 882, 883, 885, 889, 897, 898, 899, 901, 905, 913, 914, 915, 916, 917, 918, 919, 921, 922, 923, 925, 929, 945, 946, 947, 949, 953, 961, 977, 978, 979, 981, 985, 1009]
x_786: [2, 17, 18, 20, 22, 26, 50, 82, 146, 257, 258, 260, 262, 266, 273, 274, 275, 276, 277, 278, 280, 281, 282, 284, 286, 290, 305, 306, 308, 310, 314, 322, 337, 338, 340, 342, 346, 370, 386, 401, 402, 404, 406, 410, 434, 466, 513, 514, 516, 518, 522, 529, 530, 531, 532, 533, 534, 536, 537, 538, 540, 542, 546, 561, 562, 564, 566, 570, 578, 593, 594, 596, 598, 602, 626, 642, 657, 658, 660, 662, 666, 690, 722, 769, 770, 771, 772, 773, 774, 776, 777, 778, 780, 782, 785, 787, 788, 789, 790, 791, 792, 793, 794, 795, 796, 797, 798, 800, 801, 802, 804, 806, 810, 817, 818, 819, 820, 821, 822, 824, 825, 826, 828, 830, 833, 834, 836, 838, 842, 849, 850, 851, 852, 853, 854, 856, 857, 858, 860, 862, 866, 881, 882, 884, 886, 890, 897, 898, 900, 902, 906, 913, 914, 915, 916, 917, 918, 920, 921, 922, 924, 926, 930, 945, 946, 948, 950, 954, 962, 977, 978, 980, 982, 986, 1010]
x_787: [3, 17, 19, 20, 23, 27, 51, 83, 147, 257, 259, 260, 263, 267, 273, 274, 275, 276, 277, 279, 280, 281, 283, 284, 287, 291, 305, 307, 308, 311, 315, 323, 337, 339, 340, 343, 347, 371, 387, 401, 403, 404, 407, 411, 435, 467, 513, 515, 516, 519, 523, 529, 530, 531, 532, 533, 535, 536, 537, 539, 540, 543, 547, 561, 563, 564, 567, 571, 579, 593, 595, 596, 599, 603, 627, 643, 657, 659, 660, 663, 667, 691, 723, 769, 770, 771, 772, 773, 775, 776, 777, 779, 780, 783, 785, 786, 788, 789, 790, 791, 792, 793, 794, 795, 796, 797, 799, 800, 801, 803, 804, 807, 811, 817, 818, 819, 820, 821, 823, 824, 825, 827, 828, 831, 833, 835, 836, 839, 843, 849, 850, 851, 852, 853, 855, 856, 857, 859, 860, 863, 867, 881, 883, 884, 887, 891, 897, 899, 900, 903, 907, 913, 914, 915, 916, 917, 919, 920, 921, 923, 924, 927, 931, 945, 947, 948, 951, 955, 963, 977, 979, 980, 983, 987, 1011]
x_788: [4, 18, 19, 20, 24, 28, 52, 84, 148, 258, 259, 260, 264, 268, 273, 274, 275, 276, 278, 279, 280, 282, 283, 284, 288, 292, 306, 307, 308, 312, 316, 324, 338, 339, 340, 344, 348, 372, 388, 402, 403, 404, 408, 412, 436, 468, 514, 515, 516, 520, 524, 529, 530, 531, 532, 534, 535, 536, 538, 539, 540, 544, 548, 562, 563, 564, 568, 572, 580, 594, 595, 596, 600, 604, 628, 644, 658, 659, 660, 664, 668, 692, 724, 769, 770, 771, 772, 774, 775, 776, 778, 779, 780, 784, 785, 786, 787, 789, 790, 791, 792, 793, 794, 795, 796, 798, 799, 800, 802, 803, 804, 808, 812, 817, 818, 819, 820, 822, 823, 824, 826, 827, 828, 832, 834, 835, 836, 840, 844, 849, 850, 851, 852, 854, 855, 856, 858, 859, 860, 864, 868, 882, 883, 884, 888, 892, 898, 899, 900, 904, 908, 913, 914, 915, 916, 918, 919, 920, 922, 923, 924, 928, 932, 946, 947, 948, 952, 956, 964, 978, 979, 980, 984, 988, 1012]
x_789: [5, 17, 21, 22, 23, 29, 53, 85, 149, 257, 261, 262, 263, 269, 273, 274, 275, 277, 278, 279, 280, 281, 285, 286, 287, 293, 305, 309, 310, 311, 317, 325, 337, 341, 342, 343, 349, 373, 389, 401, 405, 406, 407, 413, 437, 469, 513, 517, 518, 519, 525, 529, 530, 531, 533, 534, 535, 536, 537, 541, 542, 543, 549, 561, 565, 566, 567, 573, 581, 593, 597, 598, 599, 605, 629, 645, 657, 661, 662, 663, 669, 693, 725, 769, 770, 771, 773, 774, 775, 776, 777, 781, 782, 783, 785, 786, 787, 788, 790, 791, 792, 793, 794, 795, 797, 798, 799, 800, 801, 805, 806, 807, 813, 817, 818, 819, 821, 822, 823, 824, 825, 829, 830, 831, 833, 837, 838, 839, 845, 849, 850, 851, 853, 854, 855, 856, 857, 861, 862, 863, 869, 881, 885, 886, 887, 893, 897, 901, 902, 903, 909, 913, 914, 915, 917, 918, 919, 920, 921, 925, 926, 927, 933, 945, 949, 950, 951, 957, 965, 977, 981, 982, 983, 989, 1013]
x_790: [6, 18, 21, 22, 24, 30, 54, 86, 150, 258, 261, 262, 264, 270, 273, 274, 276, 277, 278, 279, 280, 282, 285, 286, 288, 294, 306, 309, 310, 312, 318, 326, 338, 341, 342, 344, 350, 374, 390, 402, 405, 406, 408, 414, 438, 470, 514, 517, 518, 520, 526, 529, 530, 532, 533, 534, 535, 536, 538, 541, 542, 544, 550, 562, 565, 566, 568, 574, 582, 594, 597, 598, 600, 606, 630, 646, 658, 661, 662, 664, 670, 694, 726, 769, 770, 772, 773, 774, 775, 776, 778, 781, 782, 784, 785, 786, 787, 788, 789, 791, 792, 793, 794, 796, 797, 798, 799, 800, 802, 805, 806, 808, 814, 817, 818, 820, 821, 822, 823, 824, 826, 829, 830, 832, 834, 837, 838, 840, 846, 849, 850, 852, 853, 854, 855, 856, 858, 861, 862, 864, 870, 882, 885, 886, 888, 894, 898, 901, 902, 904, 910, 913, 914, 916, 917, 918, 919, 920, 922, 925, 926, 928, 934, 946, 949, 950, 952, 958, 966, 978, 981, 982, 984, 990, 1014]
x_791: [7, 19, 21, 23, 24, 31, 55, 87, 151, 259, 261, 263, 264, 271, 273, 275, 276, 277, 278, 279, 280, 283, 285, 287, 288, 295, 307, 309, 311, 312, 319, 327, 339, 341, 343, 344, 351, 375, 391, 403, 405, 407, 408, 415, 439, 471, 515, 517, 519, 520, 527, 529, 531, 532, 533, 534, 535, 536, 539, 541, 543, 544, 551, 563, 565, 567, 568, 575, 583, 595, 597, 599, 600, 607, 631, 647, 659, 661, 663, 664, 671, 695, 727, 769, 771, 772, 773, 774, 775, 776, 779, 781, 783, 784, 785, 786, 787, 788, 789, 790, 792, 793, 795, 796, 797, 798, 799, 800, 803, 805, 807, 808, 815, 817, 819, 820, 821, 822, 823, 824, 827, 829, 831, 832, 835, 837, 839, 840, 847, 849, 851, 852, 853, 854, 855, 856, 859, 861, 863, 864, 871, 883, 885, 887, 888, 895, 899, 901, 903, 904, 911, 913, 915, 916, 917, 918, 919, 920, 923, 925, 927, 928, 935, 947, 949, 951, 952, 959, 967, 979, 981, 983, 984, 991, 1015]
x_792: [8, 20, 22, 23, 24, 32, 56, 88, 152, 260, 262, 263, 264, 272, 274, 275, 276, 277, 278, 279, 280, 284, 286, 287, 288, 296, 308, 310, 311, 312, 320, 328, 340, 342, 343, 344, 352, 376, 392, 404, 406, 407, 408, 416, 440, 472, 516, 518, 519, 520, 528, 530, 531, 532, 533, 534, 535, 536, 540, 542, 543, 544, 552, 564, 566, 567, 568, 576, 584, 596, 598, 599, 600, 608, 632, 648, 660, 662, 663, 664, 672, 696, 728, 770, 771, 772, 773, 774, 775, 776, 780, 782, 783, 784, 785, 786, 787, 788, 789, 790, 791, 794, 795, 796, 797, 798, 799, 800, 804, 806, 807, 808, 816, 818, 819, 820, 821, 822, 823, 824, 828, 830, 831, 832, 836, 838, 839, 840, 848, 850, 851, 852, 853, 854, 855, 856, 860, 862, 863, 864, 872, 884, 886, 887, 888, 896, 900, 902, 903, 904, 912, 914, 915, 916, 917, 918, 919, 920, 924, 926, 927, 928, 936, 948, 950, 951, 952, 960, 968, 980, 982, 983, 984, 992, 1016]
x_793: [9, 17, 25, 26, 27, 29, 57, 89, 153, 257, 265, 266, 267, 269, 273, 274, 275, 277, 281, 282, 283, 284, 285, 286, 287, 297, 305, 313, 314, 315, 317, 329, 337, 345, 346, 347, 349, 377, 393, 401, 409, 410, 411, 413, 441, 473, 513, 521, 522, 523, 525, 529, 530, 531, 533, 537, 538, 539, 540, 541, 542, 543, 553, 561, 569, 570, 571, 573, 585, 593, 601, 602, 603, 605, 633, 649, 657, 665, 666, 667, 669, 697, 729, 769, 770, 771, 773, 777, 778, 779, 780, 781, 782, 783, 785, 786, 787, 788, 789, 790, 791, 794, 795, 796, 797, 798, 799, 800, 801, 809, 810, 811, 813, 817, 818, 819, 821, 825, 826, 827, 828, 829, 830, 831, 833, 841, 842, 843, 845, 849, 850, 851, 853, 857, 858, 859, 860, 861, 862, 863, 873, 881, 889, 890, 891, 893, 897, 905, 906, 907, 909, 913, 914, 915, 917, 921, 922, 923, 924, 925, 926, 927, 937, 945, 953, 954, 955, 957, 969, 977, 985, 986, 987, 989, 1017]
x_794: [10, 18, 25, 26, 28, 30, 58, 90, 154, 258, 265, 266, 268, 270, 273, 274, 276, 278, 281, 282, 283, 284, 285, 286, 288, 298, 306, 313, 314, 316, 318, 330, 338, 345, 346, 348, 350, 378, 394, 402, 409, 410, 412, 414, 442, 474, 514, 521, 522, 524, 526, 529, 530, 532, 534, 537, 538, 539, 540, 541, 542, 544, 554, 562, 569, 570, 572, 574, 586, 594, 601, 602, 604, 606, 634, 650, 658, 665, 666, 668, 670, 698, 730, 769, 770, 772, 774, 777, 778, 779, 780, 781, 782, 784, 785, 786, 787, 788, 789, 790, 792, 793, 795, 796, 797, 798, 799, 800, 802, 809, 810, 812, 814, 817, 818, 820, 822, 825, 826, 827, 828, 829, 830, 832, 834, 841, 842, 844, 846, 849, 850, 852, 854, 857, 858, 859, 860, 861, 862, 864, 874, 882, 889, 890, 892, 894, 898, 905, 906, 908, 910, 913, 914, 916, 918, 921, 922, 923, 924, 925, 926, 928, 938, 946, 953, 954, 956, 958, 970, 978, 985, 986, 988, 990, 1018]
x_795: [11, 19, 25, 27, 28, 31, 59, 91, 155, 259, 265, 267, 268, 271, 273, 275, 276, 279, 281, 282, 283, 284, 285, 287, 288, 299, 307, 313, 315, 316, 319, 331, 339, 345, 347, 348, 351, 379, 395, 403, 409, 411, 412, 415, 443, 475, 515, 521, 523, 524, 527, 529, 531, 532, 535, 537, 538, 539, 540, 541, 543, 544, 555, 563, 569, 571, 572, 575, 587, 595, 601, 603, 604, 607, 635, 651, 659, 665, 667, 668, 671, 699, 731, 769, 771, 772, 775, 777, 778, 779, 780, 781, 783, 784, 785, 786, 787, 788, 789, 791, 792, 793, 794, 796, 797, 798, 799, 800, 803, 809, 811, 812, 815, 817, 819, 820, 823, 825, 826, 827, 828, 829, 831, 832, 835, 841, 843, 844, 847, 849, 851, 852, 855, 857, 858, 859, 860, 861, 863, 864, 875, 883, 889, 891, 892, 895, 899, 905, 907, 908, 911, 913, 915, 916, 919, 921, 922, 923, 924, 925, 927, 928, 939, 947, 953, 955, 956, 959, 971, 979, 985, 987, 988, 991, 1019]
x_796: [12, 20, 26, 27, 28, 32, 60, 92, 156, 260, 266, 267, 268, 272, 274, 275, 276, 280, 281, 282, 283, 284, 286, 287, 288, 300, 308, 314, 315, 316, 320, 332, 340, 346, 347, 348, 352, 380, 396, 404, 410, 411, 412, 416, 444, 476, 516, 522, 523, 524, 528, 530, 531, 532, 536, 537, 538, 539, 540, 542, 543, 544, 556, 564, 570, 571, 572, 576, 588, 596, 602, 603, 604, 608, 636, 652, 660, 666, 667, 668, 672, 700, 732, 770, 771, 772, 776, 777, 778, 779, 780, 782, 783, 784, 785, 786, 787, 788, 790, 791, 792, 793, 794, 795, 797, 798, 799, 800, 804, 810, 811, 812, 816, 818, 819, 820, 824, 825, 826, 827, 828, 830, 831, 832, 836, 842, 843, 844, 848, 850, 851, 852, 856, 857, 858, 859, 860, 862, 863, 864, 876, 884, 890, 891, 892, 896, 900, 906, 907, 908, 912, 914, 915, 916, 920, 921, 922, 923, 924, 926, 927, 928, 940, 948, 954, 955, 956, 960, 972, 980, 986, 987, 988, 992, 1020]
x_797: [13, 21, 25, 29, 30, 31, 61, 93, 157, 261, 265, 269, 270, 271, 273, 277, 278, 279, 281, 282, 283, 285, 286, 287, 288, 301, 309, 313, 317, 318, 319, 333, 341, 345, 349, 350, 351, 381, 397, 405, 409, 413, 414, 415, 445, 477, 517, 521, 525, 526, 527, 529, 533, 534, 535, 537, 538, 539, 541, 542, 543, 544, 557, 565, 569, 573, 574, 575, 589, 597, 601, 605, 606, 607, 637, 653, 661, 665, 669, 670, 671, 701, 733, 769, 773, 774, 775, 777, 778, 779, 781, 782, 783, 784, 785, 786, 787, 789, 790, 791, 792, 793, 794, 795, 796, 798, 799, 800, 805, 809, 813, 814, 815, 817, 821, 822, 823, 825, 826, 827, 829, 830, 831, 832, 837, 841, 845, 846, 847, 849, 853, 854, 855, 857, 858, 859, 861, 862, 863, 864, 877, 885, 889, 893, 894, 895, 901, 905, 909, 910, 911, 913, 917, 918, 919, 921, 922, 923, 925, 926, 927, 928, 941, 949, 953, 957, 958, 959, 973, 981, 985, 989, 990, 991, 1021]
x_798: [14, 22, 26, 29, 30, 32, 62, 94, 158, 262, 266, 269, 270, 272, 274, 277, 278, 280, 281, 282, 284, 285, 286, 287, 288, 302, 310, 314, 317, 318, 320, 334, 342, 346, 349, 350, 352, 382, 398, 406, 410, 413, 414, 416, 446, 478, 518, 522, 525, 526, 528, 530, 533, 534, 536, 537, 538, 540, 541, 542, 543, 544, 558, 566, 570, 573, 574, 576, 590, 598, 602, 605, 606, 608, 638, 654, 662, 666, 669, 670, 672, 702, 734, 770, 773, 774, 776, 777, 778, 780, 781, 782, 783, 784, 785, 786, 788, 789, 790, 791, 792, 793, 794, 795, 796, 797, 799, 800, 806, 810, 813, 814, 816, 818, 821, 822, 824, 825, 826, 828, 829, 830, 831, 832, 838, 842, 845, 846, 848, 850, 853, 854, 856, 857, 858, 860, 861, 862, 863, 864, 878, 886, 890, 893, 894, 896, 902, 906, 909, 910, 912, 914, 917, 918, 920, 921, 922, 924, 925, 926, 927, 928, 942, 950, 954, 957, 958, 960, 974, 982, 986, 989, 990, 992, 1022]
x_799: [15, 23, 27, 29, 31, 32, 63, 95, 159, 263, 267, 269, 271, 272, 275, 277, 279, 280, 281, 283, 284, 285, 286, 287, 288, 303, 311, 315, 317, 319, 320, 335, 343, 347, 349, 351, 352, 383, 399, 407, 411, 413, 415, 416, 447, 479, 519, 523, 525, 527, 528, 531, 533, 535, 536, 537, 539, 540, 541, 542, 543, 544, 559, 567, 571, 573, 575, 576, 591, 599, 603, 605, 607, 608, 639, 655, 663, 667, 669, 671, 672, 703, 735, 771, 773, 775, 776, 777, 779, 780, 781, 782, 783, 784, 785, 787, 788, 789, 790, 791, 792, 793, 794, 795, 796, 797, 798, 800, 807, 811, 813, 815, 816, 819, 821, 823, 824, 825, 827, 828, 829, 830, 831, 832, 839, 843, 845, 847, 848, 851, 853, 855, 856, 857, 859, 860, 861, 862, 863, 864, 879, 887, 891, 893, 895, 896, 903, 907, 909, 911, 912, 915, 917, 919, 920, 921, 923, 924, 925, 926, 927, 928, 943, 951, 955, 957, 959, 960, 975, 983, 987, 989, 991, 992, 1023]
x_800: [16, 24, 28, 30, 31, 32, 64, 96, 160, 264, 268, 270, 271, 272, 276, 278, 279, 280, 282, 283, 284, 285, 286, 287, 288, 304, 312, 316, 318, 319, 320, 336, 344, 348, 350, 351, 352, 384, 400, 408, 412, 414, 415, 416, 448, 480, 520, 524, 526, 527, 528, 532, 534, 535, 536, 538, 539, 540, 541, 542, 543, 544, 560, 568, 572, 574, 575, 576, 592, 600, 604, 606, 607, 608, 640, 656, 664, 668, 670, 671, 672, 704, 736, 772, 774, 775, 776, 778, 779, 780, 781, 782, 783, 784, 786, 787, 788, 789, 790, 791, 792, 793, 794, 795, 796, 797, 798, 799, 808, 812, 814, 815, 816, 820, 822, 823, 824, 826, 827, 828, 829, 830, 831, 832, 840, 844, 846, 847, 848, 852, 854, 855, 856, 858, 859, 860, 861, 862, 863, 864, 880, 888, 892, 894, 895, 896, 904, 908, 910, 911, 912, 916, 918, 919, 920, 922, 923, 924, 925, 926, 927, 928, 944, 952, 956, 958, 959, 960, 976, 984, 988, 990, 991, 992, 1024]
x_801: [1, 33, 34, 35, 37, 41, 49, 97, 161, 257, 258, 259, 261, 265, 273, 289, 290, 291, 292, 293, 294, 295, 297, 298, 299, 301, 305, 306, 307, 309, 313, 321, 353, 354, 355, 357, 361, 369, 385, 417, 418, 419, 421, 425, 433, 481, 513, 514, 515, 517, 521, 529, 545, 546, 547, 548, 549, 550, 551, 553, 554, 555, 557, 561, 562, 563, 565, 569, 577, 609, 610, 611, 613, 617, 625, 641, 673, 674, 675, 677, 681, 689, 737, 769, 770, 771, 772, 773, 774, 775, 777, 778, 779, 781, 785, 786, 787, 789, 793, 802, 803, 804, 805, 806, 807, 808, 809, 810, 811, 812, 813, 814, 815, 817, 818, 819, 820, 821, 822, 823, 825, 826, 827, 829, 833, 834, 835, 837, 841, 849, 865, 866, 867, 868, 869, 870, 871, 873, 874, 875, 877, 881, 882, 883, 885, 889, 897, 898, 899, 901, 905, 913, 929, 930, 931, 932, 933, 934, 935, 937, 938, 939, 941, 945, 946, 947, 949, 953, 961, 993, 994, 995, 997, 1001, 1009]
x_802: [2, 33, 34, 36, 38, 42, 50, 98, 162, 257, 258, 260, 262, 266, 274, 289, 290, 291, 292, 293, 294, 296, 297, 298, 300, 302, 305, 306, 308, 310, 314, 322, 353, 354, 356, 358, 362, 370, 386, 417, 418, 420, 422, 426, 434, 482, 513, 514, 516, 518, 522, 530, 545, 546, 547, 548, 549, 550, 552, 553, 554, 556, 558, 561, 562, 564, 566, 570, 578, 609, 610, 612, 614, 618, 626, 642, 673, 674, 676, 678, 682, 690, 738, 769, 770, 771, 772, 773, 774, 776, 777, 778, 780, 782, 785, 786, 788, 790, 794, 801, 803, 804, 805, 806, 807, 808, 809, 810, 811, 812, 813, 814, 816, 817, 818, 819, 820, 821, 822, 824, 825, 826, 828, 830, 833, 834, 836, 838, 842, 850, 865, 866, 867, 868, 869, 870, 872, 873, 874, 876, 878, 881, 882, 884, 886, 890, 897, 898, 900, 902, 906, 914, 929, 930, 931, 932, 933, 934, 936, 937, 938, 940, 942, 945, 946, 948, 950, 954, 962, 993, 994, 996, 998, 1002, 1010]
x_803: [3, 33, 35, 36, 39, 43, 51, 99, 163, 257, 259, 260, 263, 267, 275, 289, 290, 291, 292, 293, 295, 296, 297, 299, 300, 303, 305, 307, 308, 311, 315, 323, 353, 355, 356, 359, 363, 371, 387, 417, 419, 420, 423, 427, 435, 483, 513, 515, 516, 519, 523, 531, 545, 546, 547, 548, 549, 551, 552, 553, 555, 556, 559, 561, 563, 564, 567, 571, 579, 609, 611, 612, 615, 619, 627, 643, 673, 675, 676, 679, 683, 691, 739, 769, 770, 771, 772, 773, 775, 776, 777, 779, 780, 783, 785, 787, 788, 791, 795, 801, 802, 804, 805, 806, 807, 808, 809, 810, 811, 812, 813, 815, 816, 817, 818, 819, 820, 821, 823, 824, 825, 827, 828, 831, 833, 835, 836, 839, 843, 851, 865, 866, 867, 868, 869, 871, 872, 873, 875, 876, 879, 881, 883, 884, 887, 891, 897, 899, 900, 903, 907, 915, 929, 930, 931, 932, 933, 935, 936, 937, 939, 940, 943, 945, 947, 948, 951, 955, 963, 993, 995, 996, 999, 1003, 1011]
x_804: [4, 34, 35, 36, 40, 44, 52, 100, 164, 258, 259, 260, 264, 268, 276, 289, 290, 291, 292, 294, 295, 296, 298, 299, 300, 304, 306, 307, 308, 312, 316, 324, 354, 355, 356, 360, 364, 372, 388, 418, 419, 420, 424, 428, 436, 484, 514, 515, 516, 520, 524, 532, 545, 546, 547, 548, 550, 551, 552, 554, 555, 556, 560, 562, 563, 564, 568, 572, 580, 610, 611, 612, 616, 620, 628, 644, 674, 675, 676, 680, 684, 692, 740, 769, 770, 771, 772, 774, 775, 776, 778, 779, 780, 784, 786, 787, 788, 792, 796, 801, 802, 803, 805, 806, 807, 808, 809, 810, 811, 812, 814, 815, 816, 817, 818, 819, 820, 822, 823, 824, 826, 827, 828, 832, 834, 835, 836, 840, 844, 852, 865, 866, 867, 868, 870, 871, 872, 874, 875, 876, 880, 882, 883, 884, 888, 892, 898, 899, 900, 904, 908, 916, 929, 930, 931, 932, 934, 935, 936, 938, 939, 940, 944, 946, 947, 948, 952, 956, 964, 994, 995, 996, 1000, 1004, 1012]
x_805: [5, 33, 37, 38, 39, 45, 53, 101, 165, 257, 261, 262, 263, 269, 277, 289, 290, 291, 293, 294, 295, 296, 297, 301, 302, 303, 305, 309, 310, 311, 317, 325, 353, 357, 358, 359, 365, 373, 389, 417, 421, 422, 423, 429, 437, 485, 513, 517, 518, 519, 525, 533, 545, 546, 547, 549, 550, 551, 552, 553, 557, 558, 559, 561, 565, 566, 567, 573, 581, 609, 613, 614, 615, 621, 629, 645, 673, 677, 678, 679, 685, 693, 741, 769, 770, 771, 773, 774, 775, 776, 777, 781, 782, 783, 785, 789, 790, 791, 797, 801, 802, 803, 804, 806, 807, 808, 809, 810, 811, 813, 814, 815, 816, 817, 818, 819, 821, 822, 823, 824, 825, 829, 830, 831, 833, 837, 838, 839, 845, 853, 865, 866, 867, 869, 870, 871, 872, 873, 877, 878, 879, 881, 885, 886, 887, 893, 897, 901, 902, 903, 909, 917, 929, 930, 931, 933, 934, 935, 936, 937, 941, 942, 943, 945, 949, 950, 951, 957, 965, 993, 997, 998, 999, 1005, 1013]
x_806: [6, 34, 37, 38, 40, 46, 54, 102, 166, 258, 261, 262, 264, 270, 278, 289, 290, 292, 293, 294, 295, 296, 298, 301, 302, 304, 306, 309, 310, 312, 318, 326, 354, 357, 358, 360, 366, 374, 390, 418, 421, 422, 424, 430, 438, 486, 514, 517, 518, 520, 526, 534, 545, 546, 548, 549, 550, 551, 552, 554, 557, 558, 560, 562, 565, 566, 568, 574, 582, 610, 613, 614, 616, 622, 630, 646, 674, 677, 678, 680, 686, 694, 742, 769, 770, 772, 773, 774, 775, 776, 778, 781, 782, 784, 786, 789, 790, 792, 798, 801, 802, 803, 804, 805, 807, 808, 809, 810, 812, 813, 814, 815, 816, 817, 818, 820, 821, 822, 823, 824, 826, 829, 830, 832, 834, 837, 838, 840, 846, 854, 865, 866, 868, 869, 870, 871, 872, 874, 877, 878, 880, 882, 885, 886, 888, 894, 898, 901, 902, 904, 910, 918, 929, 930, 932, 933, 934, 935, 936, 938, 941, 942, 944, 946, 949, 950, 952, 958, 966, 994, 997, 998, 1000, 1006, 1014]
x_807: [7, 35, 37, 39, 40, 47, 55, 103, 167, 259, 261, 263, 264, 271, 279, 289, 291, 292, 293, 294, 295, 296, 299, 301, 303, 304, 307, 309, 311, 312, 319, 327, 355, 357, 359, 360, 367, 375, 391, 419, 421, 423, 424, 431, 439, 487, 515, 517, 519, 520, 527, 535, 545, 547, 548, 549, 550, 551, 552, 555, 557, 559, 560, 563, 565, 567, 568, 575, 583, 611, 613, 615, 616, 623, 631, 647, 675, 677, 679, 680, 687, 695, 743, 769, 771, 772, 773, 774, 775, 776, 779, 781, 783, 784, 787, 789, 791, 792, 799, 801, 802, 803, 804, 805, 806, 808, 809, 811, 812, 813, 814, 815, 816, 817, 819, 820, 821, 822, 823, 824, 827, 829, 831, 832, 835, 837, 839, 840, 847, 855, 865, 867, 868, 869, 870, 871, 872, 875, 877, 879, 880, 883, 885, 887, 888, 895, 899, 901, 903, 904, 911, 919, 929, 931, 932, 933, 934, 935, 936, 939, 941, 943, 944, 947, 949, 951, 952, 959, 967, 995, 997, 999, 1000, 1007, 1015]
x_808: [8, 36, 38, 39, 40, 48, 56, 104, 168, 260, 262, 263, 264, 272, 280, 290, 291, 292, 293, 294, 295, 296, 300, 302, 303, 304, 308, 310, 311, 312, 320, 328, 356, 358, 359, 360, 368, 376, 392, 420, 422, 423, 424, 432, 440, 488, 516, 518, 519, 520, 528, 536, 546, 547, 548, 549, 550, 551, 552, 556, 558, 559, 560, 564, 566, 567, 568, 576, 584, 612, 614, 615, 616, 624, 632, 648, 676, 678, 679, 680, 688, 696, 744, 770, 771, 772, 773, 774, 775, 776, 780, 782, 783, 784, 788, 790, 791, 792, 800, 801, 802, 803, 804, 805, 806, 807, 810, 811, 812, 813, 814, 815, 816, 818, 819, 820, 821, 822, 823, 824, 828, 830, 831, 832, 836, 838, 839, 840, 848, 856, 866, 867, 868, 869, 870, 871, 872, 876, 878, 879, 880, 884, 886, 887, 888, 896, 900, 902, 903, 904, 912, 920, 930, 931, 932, 933, 934, 935, 936, 940, 942, 943, 944, 948, 950, 951, 952, 960, 968, 996, 998, 999, 1000, 1008, 1016]
x_809: [9, 33, 41, 42, 43, 45, 57, 105, 169, 257, 265, 266, 267, 269, 281, 289, 290, 291, 293, 297, 298, 299, 300, 301, 302, 303, 305, 313, 314, 315, 317, 329, 353, 361, 362, 363, 365, 377, 393, 417, 425, 426, 427, 429, 441, 489, 513, 521, 522, 523, 525, 537, 545, 546, 547, 549, 553, 554, 555, 556, 557, 558, 559, 561, 569, 570, 571, 573, 585, 609, 617, 618, 619, 621, 633, 649, 673, 681, 682, 683, 685, 697, 745, 769, 770, 771, 773, 777, 778, 779, 780, 781, 782, 783, 785, 793, 794, 795, 797, 801, 802, 803, 804, 805, 806, 807, 810, 811, 812, 813, 814, 815, 816, 817, 818, 819, 821, 825, 826, 827, 828, 829, 830, 831, 833, 841, 842, 843, 845, 857, 865, 866, 867, 869, 873, 874, 875, 876, 877, 878, 879, 881, 889, 890, 891, 893, 897, 905, 906, 907, 909, 921, 929, 930, 931, 933, 937, 938, 939, 940, 941, 942, 943, 945, 953, 954, 955, 957, 969, 993, 1001, 1002, 1003, 1005, 1017]
x_810: [10, 34, 41, 42, 44, 46, 58, 106, 170, 258, 265, 266, 268, 270, 282, 289, 290, 292, 294, 297, 298, 299, 300, 301, 302, 304, 306, 313, 314, 316, 318, 330, 354, 361, 362, 364, 366, 378, 394, 418, 425, 426, 428, 430, 442, 490, 514, 521, 522, 524, 526, 538, 545, 546, 548, 550, 553, 554, 555, 556, 557, 558, 560, 562, 569, 570, 572, 574, 586, 610, 617, 618, 620, 622, 634, 650, 674, 681, 682, 684, 686, 698, 746, 769, 770, 772, 774, 777, 778, 779, 780, 781, 782, 784, 786, 793, 794, 796, 798, 801, 802, 803, 804, 805, 806, 808, 809, 811, 812, 813, 814, 815, 816, 817, 818, 820, 822, 825, 826, 827, 828, 829, 830, 832, 834, 841, 842, 844, 846, 858, 865, 866, 868, 870, 873, 874, 875, 876, 877, 878, 880, 882, 889, 890, 892, 894, 898, 905, 906, 908, 910, 922, 929, 930, 932, 934, 937, 938, 939, 940, 941, 942, 944, 946, 953, 954, 956, 958, 970, 994, 1001, 1002, 1004, 1006, 1018]
x_811: [11, 35, 41, 43, 44, 47, 59, 107, 171, 259, 265, 267, 268, 271, 283, 289, 291, 292, 295, 297, 298, 299, 300, 301, 303, 304, 307, 313, 315, 316, 319, 331, 355, 361, 363, 364, 367, 379, 395, 419, 425, 427, 428, 431, 443, 491, 515, 521, 523, 524, 527, 539, 545, 547, 548, 551, 553, 554, 555, 556, 557, 559, 560, 563, 569, 571, 572, 575, 587, 611, 617, 619, 620, 623, 635, 651, 675, 681, 683, 684, 687, 699, 747, 769, 771, 772, 775, 777, 778, 779, 780, 781, 783, 784, 787, 793, 795, 796, 799, 801, 802, 803, 804, 805, 807, 808, 809, 810, 812, 813, 814, 815, 816, 817, 819, 820, 823, 825, 826, 827, 828, 829, 831, 832, 835, 841, 843, 844, 847, 859, 865, 867, 868, 871, 873, 874, 875, 876, 877, 879, 880, 883, 889, 891, 892, 895, 899, 905, 907, 908, 911, 923, 929, 931, 932, 935, 937, 938, 939, 940, 941, 943, 944, 947, 953, 955, 956, 959, 971, 995, 1001, 1003, 1004, 1007, 1019]
x_812: [12, 36, 42, 43, 44, 48, 60, 108, 172, 260, 266, 267, 268, 272, 284, 290, 291, 292, 296, 297, 298, 299, 300, 302, 303, 304, 308, 314, 315, 316, 320, 332, 356, 362, 363, 364, 368, 380, 396, 420, 426, 427, 428, 432, 444, 492, 516, 522, 523, 524, 528, 540, 546, 547, 548, 552, 553, 554, 555, 556, 558, 559, 560, 564, 570, 571, 572, 576, 588, 612, 618, 619, 620, 624, 636, 652, 676, 682, 683, 684, 688, 700, 748, 770, 771, 772, 776, 777, 778, 779, 780, 782, 783, 784, 788, 794, 795, 796, 800, 801, 802, 803, 804, 806, 807, 808, 809, 810, 811, 813, 814, 815, 816, 818, 819, 820, 824, 825, 826, 827, 828, 830, 831, 832, 836, 842, 843, 844, 848, 860, 866, 867, 868, 872, 873, 874, 875, 876, 878, 879, 880, 884, 890, 891, 892, 896, 900, 906, 907, 908, 912, 924, 930, 931, 932, 936, 937, 938, 939, 940, 942, 943, 944, 948, 954, 955, 956, 960, 972, 996, 1002, 1003, 1004, 1008, 1020]
x_813: [13, 37, 41, 45, 46, 47, 61, 109, 173, 261, 265, 269, 270, 271, 285, 289, 293, 294, 295, 297, 298, 299, 301, 302, 303, 304, 309, 313, 317, 318, 319, 333, 357, 361, 365, 366, 367, 381, 397, 421, 425, 429, 430, 431, 445, 493, 517, 521, 525, 526, 527, 541, 545, 549, 550, 551, 553, 554, 555, 557, 558, 559, 560, 565, 569, 573, 574, 575, 589, 613, 617, 621, 622, 623, 637, 653, 677, 681, 685, 686, 687, 701, 749, 769, 773, 774, 775, 777, 778, 779, 781, 782, 783, 784, 789, 793, 797, 798, 799, 801, 802, 803, 805, 806, 807, 808, 809, 810, 811, 812, 814, 815, 816, 817, 821, 822, 823, 825, 826, 827, 829, 830, 831, 832, 837, 841, 845, 846, 847, 861, 865, 869, 870, 871, 873, 874, 875, 877, 878, 879, 880, 885, 889, 893, 894, 895, 901, 905, 909, 910, 911, 925, 929, 933, 934, 935, 937, 938, 939, 941, 942, 943, 944, 949, 953, 957, 958, 959, 973, 997, 1001, 1005, 1006, 1007, 1021]
x_814: [14, 38, 42, 45, 46, 48, 62, 110, 174, 262, 266, 269, 270, 272, 286, 290, 293, 294, 296, 297, 298, 300, 301, 302, 303, 304, 310, 314, 317, 318, 320, 334, 358, 362, 365, 366, 368, 382, 398, 422, 426, 429, 430, 432, 446, 494, 518, 522, 525, 526, 528, 542, 546, 549, 550, 552, 553, 554, 556, 557, 558, 559, 560, 566, 570, 573, 574, 576, 590, 614, 618, 621, 622, 624, 638, 654, 678, 682, 685, 686, 688, 702, 750, 770, 773, 774, 776, 777, 778, 780, 781, 782, 783, 784, 790, 794, 797, 798, 800, 801, 802, 804, 805, 806, 807, 808, 809, 810, 811, 812, 813, 815, 816, 818, 821, 822, 824, 825, 826, 828, 829, 830, 831, 832, 838, 842, 845, 846, 848, 862, 866, 869, 870, 872, 873, 874, 876, 877, 878, 879, 880, 886, 890, 893, 894, 896, 902, 906, 909, 910, 912, 926, 930, 933, 934, 936, 937, 938, 940, 941, 942, 943, 944, 950, 954, 957, 958, 960, 974, 998, 1002, 1005, 1006, 1008, 1022]
x_815: [15, 39, 43, 45, 47, 48, 63, 111, 175, 263, 267, 269, 271, 272, 287, 291, 293, 295, 296, 297, 299, 300, 301, 302, 303, 304, 311, 315, 317, 319, 320, 335, 359, 363, 365, 367, 368, 383, 399, 423, 427, 429, 431, 432, 447, 495, 519, 523, 525, 527, 528, 543, 547, 549, 551, 552, 553, 555, 556, 557, 558, 559, 560, 567, 571, 573, 575, 576, 591, 615, 619, 621, 623, 624, 639, 655, 679, 683, 685, 687, 688, 703, 751, 771, 773, 775, 776, 777, 779, 780, 781, 782, 783, 784, 791, 795, 797, 799, 800, 801, 803, 804, 805, 806, 807, 808, 809, 810, 811, 812, 813, 814, 816, 819, 821, 823, 824, 825, 827, 828, 829, 830, 831, 832, 839, 843, 845, 847, 848, 863, 867, 869, 871, 872, 873, 875, 876, 877, 878, 879, 880, 887, 891, 893, 895, 896, 903, 907, 909, 911, 912, 927, 931, 933, 935, 936, 937, 939, 940, 941, 942, 943, 944, 951, 955, 957, 959, 960, 975, 999, 1003, 1005, 1007, 1008, 1023]
x_816: [16, 40, 44, 46, 47, 48, 64, 112, 176, 264, 268, 270, 271, 272, 288, 292, 294, 295, 296, 298, 299, 300, 301, 302, 303, 304, 312, 316, 318, 319, 320, 336, 360, 364, 366, 367, 368, 384, 400, 424, 428, 430, 431, 432, 448, 496, 520, 524, 526, 527, 528, 544, 548, 550, 551, 552, 554, 555, 556, 557, 558, 559, 560, 568, 572, 574, 575, 576, 592, 616, 620, 622, 623, 624, 640, 656, 680, 684, 686, 687, 688, 704, 752, 772, 774, 775, 776, 778, 779, 780, 781, 782, 783, 784, 792, 796, 798, 799, 800, 802, 803, 804, 805, 806, 807, 808, 809, 810, 811, 812, 813, 814, 815, 820, 822, 823, 824, 826, 827, 828, 829, 830, 831, 832, 840, 844, 846, 847, 848, 864, 868, 870, 871, 872, 874, 875, 876, 877, 878, 879, 880, 888, 892, 894, 895, 896, 904, 908, 910, 911, 912, 928, 932, 934, 935, 936, 938, 939, 940, 941, 942, 943, 944, 952, 956, 958, 959, 960, 976, 1000, 1004, 1006, 1007, 1008, 1024]
x_817: [17, 33, 49, 50, 51, 53, 57, 113, 177, 257, 273, 274, 275, 277, 281, 289, 290, 291, 293, 297, 305, 306, 307, 308, 309, 310, 311, 313, 314, 315, 317, 337, 353, 369, 370, 371, 373, 377, 401, 417, 433, 434, 435, 437, 441, 497, 513, 529, 530, 531, 533, 537, 545, 546, 547, 549, 553, 561, 562, 563, 564, 565, 566, 567, 569, 570, 571, 573, 593, 609, 625, 626, 627, 629, 633, 657, 673, 689, 690, 691, 693, 697, 753, 769, 770, 771, 773, 777, 785, 786, 787, 788, 789, 790, 791, 793, 794, 795, 797, 801, 802, 803, 804, 805, 806, 807, 809, 810, 811, 813, 818, 819, 820, 821, 822, 823, 824, 825, 826, 827, 828, 829, 830, 831, 833, 849, 850, 851, 853, 857, 865, 866, 867, 869, 873, 881, 882, 883, 884, 885, 886, 887, 889, 890, 891, 893, 897, 913, 914, 915, 917, 921, 929, 930, 931, 933, 937, 945, 946, 947, 948, 949, 950, 951, 953, 954, 955, 957, 977, 993, 1009, 1010, 1011, 1013, 1017]
x_818: [18, 34, 49, 50, 52, 54, 58, 114, 178, 258, 273, 274, 276, 278, 282, 289, 290, 292, 294, 298, 305, 306, 307, 308, 309, 310, 312, 313, 314, 316, 318, 338, 354, 369, 370, 372, 374, 378, 402, 418, 433, 434, 436, 438, 442, 498, 514, 529, 530, 532, 534, 538, 545, 546, 548, 550, 554, 561, 562, 563, 564, 565, 566, 568, 569, 570, 572, 574, 594, 610, 625, 626, 628, 630, 634, 658, 674, 689, 690, 692, 694, 698, 754, 769, 770, 772, 774, 778, 785, 786, 787, 788, 789, 790, 792, 793, 794, 796, 798, 801, 802, 803, 804, 805, 806, 808, 809, 810, 812, 814, 817, 819, 820, 821, 822, 823, 824, 825, 826, 827, 828, 829, 830, 832, 834, 849, 850, 852, 854, 858, 865, 866, 868, 870, 874, 881, 882, 883, 884, 885, 886, 888, 889, 890, 892, 894, 898, 913, 914, 916, 918, 922, 929, 930, 932, 934, 938, 945, 946, 947, 948, 949, 950, 952, 953, 954, 956, 958, 978, 994, 1009, 1010, 1012, 1014, 1018]
x_819: [19, 35, 49, 51, 52, 55, 59, 115, 179, 259, 273, 275, 276, 279, 283, 289, 291, 292, 295, 299, 305, 306, 307, 308, 309, 311, 312, 313, 315, 316, 319, 339, 355, 369, 371, 372, 375, 379, 403, 419, 433, 435, 436, 439, 443, 499, 515, 529, 531, 532, 535, 539, 545, 547, 548, 551, 555, 561, 562, 563, 564, 565, 567, 568, 569, 571, 572, 575, 595, 611, 625, 627, 628, 631, 635, 659, 675, 689, 691, 692, 695, 699, 755, 769, 771, 772, 775, 779, 785, 786, 787, 788, 789, 791, 792, 793, 795, 796, 799, 801, 802, 803, 804, 805, 807, 808, 809, 811, 812, 815, 817, 818, 820, 821, 822, 823, 824, 825, 826, 827, 828, 829, 831, 832, 835, 849, 851, 852, 855, 859, 865, 867, 868, 871, 875, 881, 882, 883, 884, 885, 887, 888, 889, 891, 892, 895, 899, 913, 915, 916, 919, 923, 929, 931, 932, 935, 939, 945, 946, 947, 948, 949, 951, 952, 953, 955, 956, 959, 979, 995, 1009, 1011, 1012, 1015, 1019]
x_820: [20, 36, 50, 51, 52, 56, 60, 116, 180, 260, 274, 275, 276, 280, 284, 290, 291, 292, 296, 300, 305, 306, 307, 308, 310, 311, 312, 314, 315, 316, 320, 340, 356, 370, 371, 372, 376, 380, 404, 420, 434, 435, 436, 440, 444, 500, 516, 530, 531, 532, 536, 540, 546, 547, 548, 552, 556, 561, 562, 563, 564, 566, 567, 568, 570, 571, 572, 576, 596, 612, 626, 627, 628, 632, 636, 660, 676, 690, 691, 692, 696, 700, 756, 770, 771, 772, 776, 780, 785, 786, 787, 788, 790, 791, 792, 794, 795, 796, 800, 801, 802, 803, 804, 806, 807, 808, 810, 811, 812, 816, 817, 818, 819, 821, 822, 823, 824, 825, 826, 827, 828, 830, 831, 832, 836, 850, 851, 852, 856, 860, 866, 867, 868, 872, 876, 881, 882, 883, 884, 886, 887, 888, 890, 891, 892, 896, 900, 914, 915, 916, 920, 924, 930, 931, 932, 936, 940, 945, 946, 947, 948, 950, 951, 952, 954, 955, 956, 960, 980, 996, 1010, 1011, 1012, 1016, 1020]
x_821: [21, 37, 49, 53, 54, 55, 61, 117, 181, 261, 273, 277, 278, 279, 285, 289, 293, 294, 295, 301, 305, 306, 307, 309, 310, 311, 312, 313, 317, 318, 319, 341, 357, 369, 373, 374, 375, 381, 405, 421, 433, 437, 438, 439, 445, 501, 517, 529, 533, 534, 535, 541, 545, 549, 550, 551, 557, 561, 562, 563, 565, 566, 567, 568, 569, 573, 574, 575, 597, 613, 625, 629, 630, 631, 637, 661, 677, 689, 693, 694, 695, 701, 757, 769, 773, 774, 775, 781, 785, 786, 787, 789, 790, 791, 792, 793, 797, 798, 799, 801, 802, 803, 805, 806, 807, 808, 809, 813, 814, 815, 817, 818, 819, 820, 822, 823, 824, 825, 826, 827, 829, 830, 831, 832, 837, 849, 853, 854, 855, 861, 865, 869, 870, 871, 877, 881, 882, 883, 885, 886, 887, 888, 889, 893, 894, 895, 901, 913, 917, 918, 919, 925, 929, 933, 934, 935, 941, 945, 946, 947, 949, 950, 951, 952, 953, 957, 958, 959, 981, 997, 1009, 1013, 1014, 1015, 1021]
x_822: [22, 38, 50, 53, 54, 56, 62, 118, 182, 262, 274, 277, 278, 280, 286, 290, 293, 294, 296, 302, 305, 306, 308, 309, 310, 311, 312, 314, 317, 318, 320, 342, 358, 370, 373, 374, 376, 382, 406, 422, 434, 437, 438, 440, 446, 502, 518, 530, 533, 534, 536, 542, 546, 549, 550, 552, 558, 561, 562, 564, 565, 566, 567, 568, 570, 573, 574, 576, 598, 614, 626, 629, 630, 632, 638, 662, 678, 690, 693, 694, 696, 702, 758, 770, 773, 774, 776, 782, 785, 786, 788, 789, 790, 791, 792, 794, 797, 798, 800, 801, 802, 804, 805, 806, 807, 808, 810, 813, 814, 816, 817, 818, 819, 820, 821, 823, 824, 825, 826, 828, 829, 830, 831, 832, 838, 850, 853, 854, 856, 862, 866, 869, 870, 872, 878, 881, 882, 884, 885, 886, 887, 888, 890, 893, 894, 896, 902, 914, 917, 918, 920, 926, 930, 933, 934, 936, 942, 945, 946, 948, 949, 950, 951, 952, 954, 957, 958, 960, 982, 998, 1010, 1013, 1014, 1016, 1022]
x_823: [23, 39, 51, 53, 55, 56, 63, 119, 183, 263, 275, 277, 279, 280, 287, 291, 293, 295, 296, 303, 305, 307, 308, 309, 310, 311, 312, 315, 317, 319, 320, 343, 359, 371, 373, 375, 376, 383, 407, 423, 435, 437, 439, 440, 447, 503, 519, 531, 533, 535, 536, 543, 547, 549, 551, 552, 559, 561, 563, 564, 565, 566, 567, 568, 571, 573, 575, 576, 599, 615, 627, 629, 631, 632, 639, 663, 679, 691, 693, 695, 696, 703, 759, 771, 773, 775, 776, 783, 785, 787, 788, 789, 790, 791, 792, 795, 797, 799, 800, 801, 803, 804, 805, 806, 807, 808, 811, 813, 815, 816, 817, 818, 819, 820, 821, 822, 824, 825, 827, 828, 829, 830, 831, 832, 839, 851, 853, 855, 856, 863, 867, 869, 871, 872, 879, 881, 883, 884, 885, 886, 887, 888, 891, 893, 895, 896, 903, 915, 917, 919, 920, 927, 931, 933, 935, 936, 943, 945, 947, 948, 949, 950, 951, 952, 955, 957, 959, 960, 983, 999, 1011, 1013, 1015, 1016, 1023]
x_824: [24, 40, 52, 54, 55, 56, 64, 120, 184, 264, 276, 278, 279, 280, 288, 292, 294, 295, 296, 304, 306, 307, 308, 309, 310, 311, 312, 316, 318, 319, 320, 344, 360, 372, 374, 375, 376, 384, 408, 424, 436, 438, 439, 440, 448, 504, 520, 532, 534, 535, 536, 544, 548, 550, 551, 552, 560, 562, 563, 564, 565, 566, 567, 568, 572, 574, 575, 576, 600, 616, 628, 630, 631, 632, 640, 664, 680, 692, 694, 695, 696, 704, 760, 772, 774, 775, 776, 784, 786, 787, 788, 789, 790, 791, 792, 796, 798, 799, 800, 802, 803, 804, 805, 806, 807, 808, 812, 814, 815, 816, 817, 818, 819, 820, 821, 822, 823, 826, 827, 828, 829, 830, 831, 832, 840, 852, 854, 855, 856, 864, 868, 870, 871, 872, 880, 882, 883, 884, 885, 886, 887, 888, 892, 894, 895, 896, 904, 916, 918, 919, 920, 928, 932, 934, 935, 936, 944, 946, 947, 948, 949, 950, 951, 952, 956, 958, 959, 960, 984, 1000, 1012, 1014, 1015, 1016, 1024]
x_825: [25, 41, 49, 57, 58, 59, 61, 121, 185, 265, 273, 281, 282, 283, 285, 289, 297, 298, 299, 301, 305, 306, 307, 309, 313, 314, 315, 316, 317, 318, 319, 345, 361, 369, 377, 378, 379, 381, 409, 425, 433, 441, 442, 443, 445, 505, 521, 529, 537, 538, 539, 541, 545, 553, 554, 555, 557, 561, 562, 563, 565, 569, 570, 571, 572, 573, 574, 575, 601, 617, 625, 633, 634, 635, 637, 665, 681, 689, 697, 698, 699, 701, 761, 769, 777, 778, 779, 781, 785, 786, 787, 789, 793, 794, 795, 796, 797, 798, 799, 801, 802, 803, 805, 809, 810, 811, 812, 813, 814, 815, 817, 818, 819, 820, 821, 822, 823, 826, 827, 828, 829, 830, 831, 832, 841, 849, 857, 858, 859, 861, 865, 873, 874, 875, 877, 881, 882, 883, 885, 889, 890, 891, 892, 893, 894, 895, 905, 913, 921, 922, 923, 925, 929, 937, 938, 939, 941, 945, 946, 947, 949, 953, 954, 955, 956, 957, 958, 959, 985, 1001, 1009, 1017, 1018, 1019, 1021]
x_826: [26, 42, 50, 57, 58, 60, 62, 122, 186, 266, 274, 281, 282, 284, 286, 290, 297, 298, 300, 302, 305, 306, 308, 310, 313, 314, 315, 316, 317, 318, 320, 346, 362, 370, 377, 378, 380, 382, 410, 426, 434, 441, 442, 444, 446, 506, 522, 530, 537, 538, 540, 542, 546, 553, 554, 556, 558, 561, 562, 564, 566, 569, 570, 571, 572, 573, 574, 576, 602, 618, 626, 633, 634, 636, 638, 666, 682, 690, 697, 698, 700, 702, 762, 770, 777, 778, 780, 782, 785, 786, 788, 790, 793, 794, 795, 796, 797, 798, 800, 801, 802, 804, 806, 809, 810, 811, 812, 813, 814, 816, 817, 818, 819, 820, 821, 822, 824, 825, 827, 828, 829, 830, 831, 832, 842, 850, 857, 858, 860, 862, 866, 873, 874, 876, 878, 881, 882, 884, 886, 889, 890, 891, 892, 893, 894, 896, 906, 914, 921, 922, 924, 926, 930, 937, 938, 940, 942, 945, 946, 948, 950, 953, 954, 955, 956, 957, 958, 960, 986, 1002, 1010, 1017, 1018, 1020, 1022]
x_827: [27, 43, 51, 57, 59, 60, 63, 123, 187, 267, 275, 281, 283, 284, 287, 291, 297, 299, 300, 303, 305, 307, 308, 311, 313, 314, 315, 316, 317, 319, 320, 347, 363, 371, 377, 379, 380, 383, 411, 427, 435, 441, 443, 444, 447, 507, 523, 531, 537, 539, 540, 543, 547, 553, 555, 556, 559, 561, 563, 564, 567, 569, 570, 571, 572, 573, 575, 576, 603, 619, 627, 633, 635, 636, 639, 667, 683, 691, 697, 699, 700, 703, 763, 771, 777, 779, 780, 783, 785, 787, 788, 791, 793, 794, 795, 796, 797, 799, 800, 801, 803, 804, 807, 809, 810, 811, 812, 813, 815, 816, 817, 818, 819, 820, 821, 823, 824, 825, 826, 828, 829, 830, 831, 832, 843, 851, 857, 859, 860, 863, 867, 873, 875, 876, 879, 881, 883, 884, 887, 889, 890, 891, 892, 893, 895, 896, 907, 915, 921, 923, 924, 927, 931, 937, 939, 940, 943, 945, 947, 948, 951, 953, 954, 955, 956, 957, 959, 960, 987, 1003, 1011, 1017, 1019, 1020, 1023]
x_828: [28, 44, 52, 58, 59, 60, 64, 124, 188, 268, 276, 282, 283, 284, 288, 292, 298, 299, 300, 304, 306, 307, 308, 312, 313, 314, 315, 316, 318, 319, 320, 348, 364, 372, 378, 379, 380, 384, 412, 428, 436, 442, 443, 444, 448, 508, 524, 532, 538, 539, 540, 544, 548, 554, 555, 556, 560, 562, 563, 564, 568, 569, 570, 571, 572, 574, 575, 576, 604, 620, 628, 634, 635, 636, 640, 668, 684, 692, 698, 699, 700, 704, 764, 772, 778, 779, 780, 784, 786, 787, 788, 792, 793, 794, 795, 796, 798, 799, 800, 802, 803, 804, 808, 809, 810, 811, 812, 814, 815, 816, 817, 818, 819, 820, 822, 823, 824, 825, 826, 827, 829, 830, 831, 832, 844, 852, 858, 859, 860, 864, 868, 874, 875, 876, 880, 882, 883, 884, 888, 889, 890, 891, 892, 894, 895, 896, 908, 916, 922, 923, 924, 928, 932, 938, 939, 940, 944, 946, 947, 948, 952, 953, 954, 955, 956, 958, 959, 960, 988, 1004, 1012, 1018, 1019, 1020, 1024]
x_829: [29, 45, 53, 57, 61, 62, 63, 125, 189, 269, 277, 281, 285, 286, 287, 293, 297, 301, 302, 303, 305, 309, 310, 311, 313, 314, 315, 317, 318, 319, 320, 349, 365, 373, 377, 381, 382, 383, 413, 429, 437, 441, 445, 446, 447, 509, 525, 533, 537, 541, 542, 543, 549, 553, 557, 558, 559, 561, 565, 566, 567, 569, 570, 571, 573, 574, 575, 576, 605, 621, 629, 633, 637, 638, 639, 669, 685, 693, 697, 701, 702, 703, 765, 773, 777, 781, 782, 783, 785, 789, 790, 791, 793, 794, 795, 797, 798, 799, 800, 801, 805, 806, 807, 809, 810, 811, 813, 814, 815, 816, 817, 818, 819, 821, 822, 823, 824, 825, 826, 827, 828, 830, 831, 832, 845, 853, 857, 861, 862, 863, 869, 873, 877, 878, 879, 881, 885, 886, 887, 889, 890, 891, 893, 894, 895, 896, 909, 917, 921, 925, 926, 927, 933, 937, 941, 942, 943, 945, 949, 950, 951, 953, 954, 955, 957, 958, 959, 960, 989, 1005, 1013, 1017, 1021, 1022, 1023]
x_830: [30, 46, 54, 58, 61, 62, 64, 126, 190, 270, 278, 282, 285, 286, 288, 294, 298, 301, 302, 304, 306, 309, 310, 312, 313, 314, 316, 317, 318, 319, 320, 350, 366, 374, 378, 381, 382, 384, 414, 430, 438, 442, 445, 446, 448, 510, 526, 534, 538, 541, 542, 544, 550, 554, 557, 558, 560, 562, 565, 566, 568, 569, 570, 572, 573, 574, 575, 576, 606, 622, 630, 634, 637, 638, 640, 670, 686, 694, 698, 701, 702, 704, 766, 774, 778, 781, 782, 784, 786, 789, 790, 792, 793, 794, 796, 797, 798, 799, 800, 802, 805, 806, 808, 809, 810, 812, 813, 814, 815, 816, 817, 818, 820, 821, 822, 823, 824, 825, 826, 827, 828, 829, 831, 832, 846, 854, 858, 861, 862, 864, 870, 874, 877, 878, 880, 882, 885, 886, 888, 889, 890, 892, 893, 894, 895, 896, 910, 918, 922, 925, 926, 928, 934, 938, 941, 942, 944, 946, 949, 950, 952, 953, 954, 956, 957, 958, 959, 960, 990, 1006, 1014, 1018, 1021, 1022, 1024]
x_831: [31, 47, 55, 59, 61, 63, 64, 127, 191, 271, 279, 283, 285, 287, 288, 295, 299, 301, 303, 304, 307, 309, 311, 312, 313, 315, 316, 317, 318, 319, 320, 351, 367, 375, 379, 381, 383, 384, 415, 431, 439, 443, 445, 447, 448, 511, 527, 535, 539, 541, 543, 544, 551, 555, 557, 559, 560, 563, 565, 567, 568, 569, 571, 572, 573, 574, 575, 576, 607, 623, 631, 635, 637, 639, 640, 671, 687, 695, 699, 701, 703, 704, 767, 775, 779, 781, 783, 784, 787, 789, 791, 792, 793, 795, 796, 797, 798, 799, 800, 803, 805, 807, 808, 809, 811, 812, 813, 814, 815, 816, 817, 819, 820, 821, 822, 823, 824, 825, 826, 827, 828, 829, 830, 832, 847, 855, 859, 861, 863, 864, 871, 875, 877, 879, 880, 883, 885, 887, 888, 889, 891, 892, 893, 894, 895, 896, 911, 919, 923, 925, 927, 928, 935, 939, 941, 943, 944, 947, 949, 951, 952, 953, 955, 956, 957, 958, 959, 960, 991, 1007, 1015, 1019, 1021, 1023, 1024]
x_832: [32, 48, 56, 60, 62, 63, 64, 128, 192, 272, 280, 284, 286, 287, 288, 296, 300, 302, 303, 304, 308, 310, 311, 312, 314, 315, 316, 317, 318, 319, 320, 352, 368, 376, 380, 382, 383, 384, 416, 432, 440, 444, 446, 447, 448, 512, 528, 536, 540, 542, 543, 544, 552, 556, 558, 559, 560, 564, 566, 567, 568, 570, 571, 572, 573, 574, 575, 576, 608, 624, 632, 636, 638, 639, 640, 672, 688, 696, 700, 702, 703, 704, 768, 776, 780, 782, 783, 784, 788, 790, 791, 792, 794, 795, 796, 797, 798, 799, 800, 804, 806, 807, 808, 810, 811, 812, 813, 814, 815, 816, 818, 819, 820, 821, 822, 823, 824, 825, 826, 827, 828, 829, 830, 831, 848, 856, 860, 862, 863, 864, 872, 876, 878, 879, 880, 884, 886, 887, 888, 890, 891, 892, 893, 894, 895, 896, 912, 920, 924, 926, 927, 928, 936, 940, 942, 943, 944, 948, 950, 951, 952, 954, 955, 956, 957, 958, 959, 960, 992, 1008, 1016, 1020, 1022, 1023, 1024]
x_833: [1, 65, 66, 67, 69, 73, 81, 97, 193, 257, 258, 259, 261, 265, 273, 289, 321, 322, 323, 324, 325, 326, 327, 329, 330, 331, 333, 337, 338, 339, 341, 345, 353, 354, 355, 357, 361, 369, 385, 449, 450, 451, 453, 457, 465, 481, 513, 514, 515, 517, 521, 529, 545, 577, 578, 579, 580, 581, 582, 583, 585, 586, 587, 589, 593, 594, 595, 597, 601, 609, 610, 611, 613, 617, 625, 641, 705, 706, 707, 709, 713, 721, 737, 769, 770, 771, 772, 773, 774, 775, 777, 778, 779, 781, 785, 786, 787, 789, 793, 801, 802, 803, 805, 809, 817, 834, 835, 836, 837, 838, 839, 840, 841, 842, 843, 844, 845, 846, 847, 849, 850, 851, 852, 853, 854, 855, 857, 858, 859, 861, 865, 866, 867, 868, 869, 870, 871, 873, 874, 875, 877, 881, 882, 883, 885, 889, 897, 898, 899, 901, 905, 913, 929, 961, 962, 963, 964, 965, 966, 967, 969, 970, 971, 973, 977, 978, 979, 981, 985, 993, 994, 995, 997, 1001, 1009]
x_834: [2, 65, 66, 68, 70, 74, 82, 98, 194, 257, 258, 260, 262, 266, 274, 290, 321, 322, 323, 324, 325, 326, 328, 329, 330, 332, 334, 337, 338, 340, 342, 346, 353, 354, 356, 358, 362, 370, 386, 449, 450, 452, 454, 458, 466, 482, 513, 514, 516, 518, 522, 530, 546, 577, 578, 579, 580, 581, 582, 584, 585, 586, 588, 590, 593, 594, 596, 598, 602, 609, 610, 612, 614, 618, 626, 642, 705, 706, 708, 710, 714, 722, 738, 769, 770, 771, 772, 773, 774, 776, 777, 778, 780, 782, 785, 786, 788, 790, 794, 801, 802, 804, 806, 810, 818, 833, 835, 836, 837, 838, 839, 840, 841, 842, 843, 844, 845, 846, 848, 849, 850, 851, 852, 853, 854, 856, 857, 858, 860, 862, 865, 866, 867, 868, 869, 870, 872, 873, 874, 876, 878, 881, 882, 884, 886, 890, 897, 898, 900, 902, 906, 914, 930, 961, 962, 963, 964, 965, 966, 968, 969, 970, 972, 974, 977, 978, 980, 982, 986, 993, 994, 996, 998, 1002, 1010]
x_835: [3, 65, 67, 68, 71, 75, 83, 99, 195, 257, 259, 260, 263, 267, 275, 291, 321, 322, 323, 324, 325, 327, 328, 329, 331, 332, 335, 337, 339, 340, 343, 347, 353, 355, 356, 359, 363, 371, 387, 449, 451, 452, 455, 459, 467, 483, 513, 515, 516, 519, 523, 531, 547, 577, 578, 579, 580, 581, 583, 584, 585, 587, 588, 591, 593, 595, 596, 599, 603, 609, 611, 612, 615, 619, 627, 643, 705, 707, 708, 711, 715, 723, 739, 769, 770, 771, 772, 773, 775, 776, 777, 779, 780, 783, 785, 787, 788, 791, 795, 801, 803, 804, 807, 811, 819, 833, 834, 836, 837, 838, 839, 840, 841, 842, 843, 844, 845, 847, 848, 849, 850, 851, 852, 853, 855, 856, 857, 859, 860, 863, 865, 866, 867, 868, 869, 871, 872, 873, 875, 876, 879, 881, 883, 884, 887, 891, 897, 899, 900, 903, 907, 915, 931, 961, 962, 963, 964, 965, 967, 968, 969, 971, 972, 975, 977, 979, 980, 983, 987, 993, 995, 996, 999, 1003, 1011]
x_836: [4, 66, 67, 68, 72, 76, 84, 100, 196, 258, 259, 260, 264, 268, 276, 292, 321, 322, 323, 324, 326, 327, 328, 330, 331, 332, 336, 338, 339, 340, 344, 348, 354, 355, 356, 360, 364, 372, 388, 450, 451, 452, 456, 460, 468, 484, 514, 515, 516, 520, 524, 532, 548, 577, 578, 579, 580, 582, 583, 584, 586, 587, 588, 592, 594, 595, 596, 600, 604, 610, 611, 612, 616, 620, 628, 644, 706, 707, 708, 712, 716, 724, 740, 769, 770, 771, 772, 774, 775, 776, 778, 779, 780, 784, 786, 787, 788, 792, 796, 802, 803, 804, 808, 812, 820, 833, 834, 835, 837, 838, 839, 840, 841, 842, 843, 844, 846, 847, 848, 849, 850, 851, 852, 854, 855, 856, 858, 859, 860, 864, 865, 866, 867, 868, 870, 871, 872, 874, 875, 876, 880, 882, 883, 884, 888, 892, 898, 899, 900, 904, 908, 916, 932, 961, 962, 963, 964, 966, 967, 968, 970, 971, 972, 976, 978, 979, 980, 984, 988, 994, 995, 996, 1000, 1004, 1012]
x_837: [5, 65, 69, 70, 71, 77, 85, 101, 197, 257, 261, 262, 263, 269, 277, 293, 321, 322, 323, 325, 326, 327, 328, 329, 333, 334, 335, 337, 341, 342, 343, 349, 353, 357, 358, 359, 365, 373, 389, 449, 453, 454, 455, 461, 469, 485, 513, 517, 518, 519, 525, 533, 549, 577, 578, 579, 581, 582, 583, 584, 585, 589, 590, 591, 593, 597, 598, 599, 605, 609, 613, 614, 615, 621, 629, 645, 705, 709, 710, 711, 717, 725, 741, 769, 770, 771, 773, 774, 775, 776, 777, 781, 782, 783, 785, 789, 790, 791, 797, 801, 805, 806, 807, 813, 821, 833, 834, 835, 836, 838, 839, 840, 841, 842, 843, 845, 846, 847, 848, 849, 850, 851, 853, 854, 855, 856, 857, 861, 862, 863, 865, 866, 867, 869, 870, 871, 872, 873, 877, 878, 879, 881, 885, 886, 887, 893, 897, 901, 902, 903, 909, 917, 933, 961, 962, 963, 965, 966, 967, 968, 969, 973, 974, 975, 977, 981, 982, 983, 989, 993, 997, 998, 999, 1005, 1013]
x_838: [6, 66, 69, 70, 72, 78, 86, 102, 198, 258, 261, 262, 264, 270, 278, 294, 321, 322, 324, 325, 326, 327, 328, 330, 333, 334, 336, 338, 341, 342, 344, 350, 354, 357, 358, 360, 366, 374, 390, 450, 453, 454, 456, 462, 470, 486, 514, 517, 518, 520, 526, 534, 550, 577, 578, 580, 581, 582, 583, 584, 586, 589, 590, 592, 594, 597, 598, 600, 606, 610, 613, 614, 616, 622, 630, 646, 706, 709, 710, 712, 718, 726, 742, 769, 770, 772, 773, 774, 775, 776, 778, 781, 782, 784, 786, 789, 790, 792, 798, 802, 805, 806, 808, 814, 822, 833, 834, 835, 836, 837, 839, 840, 841, 842, 844, 845, 846, 847, 848, 849, 850, 852, 853, 854, 855, 856, 858, 861, 862, 864, 865, 866, 868, 869, 870, 871, 872, 874, 877, 878, 880, 882, 885, 886, 888, 894, 898, 901, 902, 904, 910, 918, 934, 961, 962, 964, 965, 966, 967, 968, 970, 973, 974, 976, 978, 981, 982, 984, 990, 994, 997, 998, 1000, 1006, 1014]
x_839: [7, 67, 69, 71, 72, 79, 87, 103, 199, 259, 261, 263, 264, 271, 279, 295, 321, 323, 324, 325, 326, 327, 328, 331, 333, 335, 336, 339, 341, 343, 344, 351, 355, 357, 359, 360, 367, 375, 391, 451, 453, 455, 456, 463, 471, 487, 515, 517, 519, 520, 527, 535, 551, 577, 579, 580, 581, 582, 583, 584, 587, 589, 591, 592, 595, 597, 599, 600, 607, 611, 613, 615, 616, 623, 631, 647, 707, 709, 711, 712, 719, 727, 743, 769, 771, 772, 773, 774, 775, 776, 779, 781, 783, 784, 787, 789, 791, 792, 799, 803, 805, 807, 808, 815, 823, 833, 834, 835, 836, 837, 838, 840, 841, 843, 844, 845, 846, 847, 848, 849, 851, 852, 853, 854, 855, 856, 859, 861, 863, 864, 865, 867, 868, 869, 870, 871, 872, 875, 877, 879, 880, 883, 885, 887, 888, 895, 899, 901, 903, 904, 911, 919, 935, 961, 963, 964, 965, 966, 967, 968, 971, 973, 975, 976, 979, 981, 983, 984, 991, 995, 997, 999, 1000, 1007, 1015]
x_840: [8, 68, 70, 71, 72, 80, 88, 104, 200, 260, 262, 263, 264, 272, 280, 296, 322, 323, 324, 325, 326, 327, 328, 332, 334, 335, 336, 340, 342, 343, 344, 352, 356, 358, 359, 360, 368, 376, 392, 452, 454, 455, 456, 464, 472, 488, 516, 518, 519, 520, 528, 536, 552, 578, 579, 580, 581, 582, 583, 584, 588, 590, 591, 592, 596, 598, 599, 600, 608, 612, 614, 615, 616, 624, 632, 648, 708, 710, 711, 712, 720, 728, 744, 770, 771, 772, 773, 774, 775, 776, 780, 782, 783, 784, 788, 790, 791, 792, 800, 804, 806, 807, 808, 816, 824, 833, 834, 835, 836, 837, 838, 839, 842, 843, 844, 845, 846, 847, 848, 850, 851, 852, 853, 854, 855, 856, 860, 862, 863, 864, 866, 867, 868, 869, 870, 871, 872, 876, 878, 879, 880, 884, 886, 887, 888, 896, 900, 902, 903, 904, 912, 920, 936, 962, 963, 964, 965, 966, 967, 968, 972, 974, 975, 976, 980, 982, 983, 984, 992, 996, 998, 999, 1000, 1008, 1016]
x_841: [9, 65, 73, 74, 75, 77, 89, 105, 201, 257, 265, 266, 267, 269, 281, 297, 321, 322, 323, 325, 329, 330, 331, 332, 333, 334, 335, 337, 345, 346, 347, 349, 353, 361, 362, 363, 365, 377, 393, 449, 457, 458, 459, 461, 473, 489, 513, 521, 522, 523, 525, 537, 553, 577, 578, 579, 581, 585, 586, 587, 588, 589, 590, 591, 593, 601, 602, 603, 605, 609, 617, 618, 619, 621, 633, 649, 705, 713, 714, 715, 717, 729, 745, 769, 770, 771, 773, 777, 778, 779, 780, 781, 782, 783, 785, 793, 794, 795, 797, 801, 809, 810, 811, 813, 825, 833, 834, 835, 836, 837, 838, 839, 842, 843, 844, 845, 846, 847, 848, 849, 850, 851, 853, 857, 858, 859, 860, 861, 862, 863, 865, 866, 867, 869, 873, 874, 875, 876, 877, 878, 879, 881, 889, 890, 891, 893, 897, 905, 906, 907, 909, 921, 937, 961, 962, 963, 965, 969, 970, 971, 972, 973, 974, 975, 977, 985, 986, 987, 989, 993, 1001, 1002, 1003, 1005, 1017]
x_842: [10, 66, 73, 74, 76, 78, 90, 106, 202, 258, 265, 266, 268, 270, 282, 298, 321, 322, 324, 326, 329, 330, 331, 332, 333, 334, 336, 338, 345, 346, 348, 350, 354, 361, 362, 364, 366, 378, 394, 450, 457, 458, 460, 462, 474, 490, 514, 521, 522, 524, 526, 538, 554, 577, 578, 580, 582, 585, 586, 587, 588, 589, 590, 592, 594, 601, 602, 604, 606, 610, 617, 618, 620, 622, 634, 650, 706, 713, 714, 716, 718, 730, 746, 769, 770, 772, 774, 777, 778, 779, 780, 781, 782, 784, 786, 793, 794, 796, 798, 802, 809, 810, 812, 814, 826, 833, 834, 835, 836, 837, 838, 840, 841, 843, 844, 845, 846, 847, 848, 849, 850, 852, 854, 857, 858, 859, 860, 861, 862, 864, 865, 866, 868, 870, 873, 874, 875, 876, 877, 878, 880, 882, 889, 890, 892, 894, 898, 905, 906, 908, 910, 922, 938, 961, 962, 964, 966, 969, 970, 971, 972, 973, 974, 976, 978, 985, 986, 988, 990, 994, 1001, 1002, 1004, 1006, 1018]
x_843: [11, 67, 73, 75, 76, 79, 91, 107, 203, 259, 265, 267, 268, 271, 283, 299, 321, 323, 324, 327, 329, 330, 331, 332, 333, 335, 336, 339, 345, 347, 348, 351, 355, 361, 363, 364, 367, 379, 395, 451, 457, 459, 460, 463, 475, 491, 515, 521, 523, 524, 527, 539, 555, 577, 579, 580, 583, 585, 586, 587, 588, 589, 591, 592, 595, 601, 603, 604, 607, 611, 617, 619, 620, 623, 635, 651, 707, 713, 715, 716, 719, 731, 747, 769, 771, 772, 775, 777, 778, 779, 780, 781, 783, 784, 787, 793, 795, 796, 799, 803, 809, 811, 812, 815, 827, 833, 834, 835, 836, 837, 839, 840, 841, 842, 844, 845, 846, 847, 848, 849, 851, 852, 855, 857, 858, 859, 860, 861, 863, 864, 865, 867, 868, 871, 873, 874, 875, 876, 877, 879, 880, 883, 889, 891, 892, 895, 899, 905, 907, 908, 911, 923, 939, 961, 963, 964, 967, 969, 970, 971, 972, 973, 975, 976, 979, 985, 987, 988, 991, 995, 1001, 1003, 1004, 1007, 1019]
x_844: [12, 68, 74, 75, 76, 80, 92, 108, 204, 260, 266, 267, 268, 272, 284, 300, 322, 323, 324, 328, 329, 330, 331, 332, 334, 335, 336, 340, 346, 347, 348, 352, 356, 362, 363, 364, 368, 380, 396, 452, 458, 459, 460, 464, 476, 492, 516, 522, 523, 524, 528, 540, 556, 578, 579, 580, 584, 585, 586, 587, 588, 590, 591, 592, 596, 602, 603, 604, 608, 612, 618, 619, 620, 624, 636, 652, 708, 714, 715, 716, 720, 732, 748, 770, 771, 772, 776, 777, 778, 779, 780, 782, 783, 784, 788, 794, 795, 796, 800, 804, 810, 811, 812, 816, 828, 833, 834, 835, 836, 838, 839, 840, 841, 842, 843, 845, 846, 847, 848, 850, 851, 852, 856, 857, 858, 859, 860, 862, 863, 864, 866, 867, 868, 872, 873, 874, 875, 876, 878, 879, 880, 884, 890, 891, 892, 896, 900, 906, 907, 908, 912, 924, 940, 962, 963, 964, 968, 969, 970, 971, 972, 974, 975, 976, 980, 986, 987, 988, 992, 996, 1002, 1003, 1004, 1008, 1020]
x_845: [13, 69, 73, 77, 78, 79, 93, 109, 205, 261, 265, 269, 270, 271, 285, 301, 321, 325, 326, 327, 329, 330, 331, 333, 334, 335, 336, 341, 345, 349, 350, 351, 357, 361, 365, 366, 367, 381, 397, 453, 457, 461, 462, 463, 477, 493, 517, 521, 525, 526, 527, 541, 557, 577, 581, 582, 583, 585, 586, 587, 589, 590, 591, 592, 597, 601, 605, 606, 607, 613, 617, 621, 622, 623, 637, 653, 709, 713, 717, 718, 719, 733, 749, 769, 773, 774, 775, 777, 778, 779, 781, 782, 783, 784, 789, 793, 797, 798, 799, 805, 809, 813, 814, 815, 829, 833, 834, 835, 837, 838, 839, 840, 841, 842, 843, 844, 846, 847, 848, 849, 853, 854, 855, 857, 858, 859, 861, 862, 863, 864, 865, 869, 870, 871, 873, 874, 875, 877, 878, 879, 880, 885, 889, 893, 894, 895, 901, 905, 909, 910, 911, 925, 941, 961, 965, 966, 967, 969, 970, 971, 973, 974, 975, 976, 981, 985, 989, 990, 991, 997, 1001, 1005, 1006, 1007, 1021]
x_846: [14, 70, 74, 77, 78, 80, 94, 110, 206, 262, 266, 269, 270, 272, 286, 302, 322, 325, 326, 328, 329, 330, 332, 333, 334, 335, 336, 342, 346, 349, 350, 352, 358, 362, 365, 366, 368, 382, 398, 454, 458, 461, 462, 464, 478, 494, 518, 522, 525, 526, 528, 542, 558, 578, 581, 582, 584, 585, 586, 588, 589, 590, 591, 592, 598, 602, 605, 606, 608, 614, 618, 621, 622, 624, 638, 654, 710, 714, 717, 718, 720, 734, 750, 770, 773, 774, 776, 777, 778, 780, 781, 782, 783, 784, 790, 794, 797, 798, 800, 806, 810, 813, 814, 816, 830, 833, 834, 836, 837, 838, 839, 840, 841, 842, 843, 844, 845, 847, 848, 850, 853, 854, 856, 857, 858, 860, 861, 862, 863, 864, 866, 869, 870, 872, 873, 874, 876, 877, 878, 879, 880, 886, 890, 893, 894, 896, 902, 906, 909, 910, 912, 926, 942, 962, 965, 966, 968, 969, 970, 972, 973, 974, 975, 976, 982, 986, 989, 990, 992, 998, 1002, 1005, 1006, 1008, 1022]
x_847: [15, 71, 75, 77, 79, 80, 95, 111, 207, 263, 267, 269, 271, 272, 287, 303, 323, 325, 327, 328, 329, 331, 332, 333, 334, 335, 336, 343, 347, 349, 351, 352, 359, 363, 365, 367, 368, 383, 399, 455, 459, 461, 463, 464, 479, 495, 519, 523, 525, 527, 528, 543, 559, 579, 581, 583, 584, 585, 587, 588, 589, 590, 591, 592, 599, 603, 605, 607, 608, 615, 619, 621, 623, 624, 639, 655, 711, 715, 717, 719, 720, 735, 751, 771, 773, 775, 776, 777, 779, 780, 781, 782, 783, 784, 791, 795, 797, 799, 800, 807, 811, 813, 815, 816, 831, 833, 835, 836, 837, 838, 839, 840, 841, 842, 843, 844, 845, 846, 848, 851, 853, 855, 856, 857, 859, 860, 861, 862, 863, 864, 867, 869, 871, 872, 873, 875, 876, 877, 878, 879, 880, 887, 891, 893, 895, 896, 903, 907, 909, 911, 912, 927, 943, 963, 965, 967, 968, 969, 971, 972, 973, 974, 975, 976, 983, 987, 989, 991, 992, 999, 1003, 1005, 1007, 1008, 1023]
x_848: [16, 72, 76, 78, 79, 80, 96, 112, 208, 264, 268, 270, 271, 272, 288, 304, 324, 326, 327, 328, 330, 331, 332, 333, 334, 335, 336, 344, 348, 350, 351, 352, 360, 364, 366, 367, 368, 384, 400, 456, 460, 462, 463, 464, 480, 496, 520, 524, 526, 527, 528, 544, 560, 580, 582, 583, 584, 586, 587, 588, 589, 590, 591, 592, 600, 604, 606, 607, 608, 616, 620, 622, 623, 624, 640, 656, 712, 716, 718, 719, 720, 736, 752, 772, 774, 775, 776, 778, 779, 780, 781, 782, 783, 784, 792, 796, 798, 799, 800, 808, 812, 814, 815, 816, 832, 834, 835, 836, 837, 838, 839, 840, 841, 842, 843, 844, 845, 846, 847, 852, 854, 855, 856, 858, 859, 860, 861, 862, 863, 864, 868, 870, 871, 872, 874, 875, 876, 877, 878, 879, 880, 888, 892, 894, 895, 896, 904, 908, 910, 911, 912, 928, 944, 964, 966, 967, 968, 970, 971, 972, 973, 974, 975, 976, 984, 988, 990, 991, 992, 1000, 1004, 1006, 1007, 1008, 1024]
x_849: [17, 65, 81, 82, 83, 85, 89, 113, 209, 257, 273, 274, 275, 277, 281, 305, 321, 322, 323, 325, 329, 337, 338, 339, 340, 341, 342, 343, 345, 346, 347, 349, 353, 369, 370, 371, 373, 377, 401, 449, 465, 466, 467, 469, 473, 497, 513, 529, 530, 531, 533, 537, 561, 577, 578, 579, 581, 585, 593, 594, 595, 596, 597, 598, 599, 601, 602, 603, 605, 609, 625, 626, 627, 629, 633, 657, 705, 721, 722, 723, 725, 729, 753, 769, 770, 771, 773, 777, 785, 786, 787, 788, 789, 790, 791, 793, 794, 795, 797, 801, 817, 818, 819, 821, 825, 833, 834, 835, 836, 837, 838, 839, 841, 842, 843, 845, 850, 851, 852, 853, 854, 855, 856, 857, 858, 859, 860, 861, 862, 863, 865, 866, 867, 869, 873, 881, 882, 883, 884, 885, 886, 887, 889, 890, 891, 893, 897, 913, 914, 915, 917, 921, 945, 961, 962, 963, 965, 969, 977, 978, 979, 980, 981, 982, 983, 985, 986, 987, 989, 993, 1009, 1010, 1011, 1013, 1017]
x_850: [18, 66, 81, 82, 84, 86, 90, 114, 210, 258, 273, 274, 276, 278, 282, 306, 321, 322, 324, 326, 330, 337, 338, 339, 340, 341, 342, 344, 345, 346, 348, 350, 354, 369, 370, 372, 374, 378, 402, 450, 465, 466, 468, 470, 474, 498, 514, 529, 530, 532, 534, 538, 562, 577, 578, 580, 582, 586, 593, 594, 595, 596, 597, 598, 600, 601, 602, 604, 606, 610, 625, 626, 628, 630, 634, 658, 706, 721, 722, 724, 726, 730, 754, 769, 770, 772, 774, 778, 785, 786, 787, 788, 789, 790, 792, 793, 794, 796, 798, 802, 817, 818, 820, 822, 826, 833, 834, 835, 836, 837, 838, 840, 841, 842, 844, 846, 849, 851, 852, 853, 854, 855, 856, 857, 858, 859, 860, 861, 862, 864, 865, 866, 868, 870, 874, 881, 882, 883, 884, 885, 886, 888, 889, 890, 892, 894, 898, 913, 914, 916, 918, 922, 946, 961, 962, 964, 966, 970, 977, 978, 979, 980, 981, 982, 984, 985, 986, 988, 990, 994, 1009, 1010, 1012, 1014, 1018]
x_851: [19, 67, 81, 83, 84, 87, 91, 115, 211, 259, 273, 275, 276, 279, 283, 307, 321, 323, 324, 327, 331, 337, 338, 339, 340, 341, 343, 344, 345, 347, 348, 351, 355, 369, 371, 372, 375, 379, 403, 451, 465, 467, 468, 471, 475, 499, 515, 529, 531, 532, 535, 539, 563, 577, 579, 580, 583, 587, 593, 594, 595, 596, 597, 599, 600, 601, 603, 604, 607, 611, 625, 627, 628, 631, 635, 659, 707, 721, 723, 724, 727, 731, 755, 769, 771, 772, 775, 779, 785, 786, 787, 788, 789, 791, 792, 793, 795, 796, 799, 803, 817, 819, 820, 823, 827, 833, 834, 835, 836, 837, 839, 840, 841, 843, 844, 847, 849, 850, 852, 853, 854, 855, 856, 857, 858, 859, 860, 861, 863, 864, 865, 867, 868, 871, 875, 881, 882, 883, 884, 885, 887, 888, 889, 891, 892, 895, 899, 913, 915, 916, 919, 923, 947, 961, 963, 964, 967, 971, 977, 978, 979, 980, 981, 983, 984, 985, 987, 988, 991, 995, 1009, 1011, 1012, 1015, 1019]
x_852: [20, 68, 82, 83, 84, 88, 92, 116, 212, 260, 274, 275, 276, 280, 284, 308, 322, 323, 324, 328, 332, 337, 338, 339, 340, 342, 343, 344, 346, 347, 348, 352, 356, 370, 371, 372, 376, 380, 404, 452, 466, 467, 468, 472, 476, 500, 516, 530, 531, 532, 536, 540, 564, 578, 579, 580, 584, 588, 593, 594, 595, 596, 598, 599, 600, 602, 603, 604, 608, 612, 626, 627, 628, 632, 636, 660, 708, 722, 723, 724, 728, 732, 756, 770, 771, 772, 776, 780, 785, 786, 787, 788, 790, 791, 792, 794, 795, 796, 800, 804, 818, 819, 820, 824, 828, 833, 834, 835, 836, 838, 839, 840, 842, 843, 844, 848, 849, 850, 851, 853, 854, 855, 856, 857, 858, 859, 860, 862, 863, 864, 866, 867, 868, 872, 876, 881, 882, 883, 884, 886, 887, 888, 890, 891, 892, 896, 900, 914, 915, 916, 920, 924, 948, 962, 963, 964, 968, 972, 977, 978, 979, 980, 982, 983, 984, 986, 987, 988, 992, 996, 1010, 1011, 1012, 1016, 1020]
x_853: [21, 69, 81, 85, 86, 87, 93, 117, 213, 261, 273, 277, 278, 279, 285, 309, 321, 325, 326, 327, 333, 337, 338, 339, 341, 342, 343, 344, 345, 349, 350, 351, 357, 369, 373, 374, 375, 381, 405, 453, 465, 469, 470, 471, 477, 501, 517, 529, 533, 534, 535, 541, 565, 577, 581, 582, 583, 589, 593, 594, 595, 597, 598, 599, 600, 601, 605, 606, 607, 613, 625, 629, 630, 631, 637, 661, 709, 721, 725, 726, 727, 733, 757, 769, 773, 774, 775, 781, 785, 786, 787, 789, 790, 791, 792, 793, 797, 798, 799, 805, 817, 821, 822, 823, 829, 833, 834, 835, 837, 838, 839, 840, 841, 845, 846, 847, 849, 850, 851, 852, 854, 855, 856, 857, 858, 859, 861, 862, 863, 864, 865, 869, 870, 871, 877, 881, 882, 883, 885, 886, 887, 888, 889, 893, 894, 895, 901, 913, 917, 918, 919, 925, 949, 961, 965, 966, 967, 973, 977, 978, 979, 981, 982, 983, 984, 985, 989, 990, 991, 997, 1009, 1013, 1014, 1015, 1021]
x_854: [22, 70, 82, 85, 86, 88, 94, 118, 214, 262, 274, 277, 278, 280, 286, 310, 322, 325, 326, 328, 334, 337, 338, 340, 341, 342, 343, 344, 346, 349, 350, 352, 358, 370, 373, 374, 376, 382, 406, 454, 466, 469, 470, 472, 478, 502, 518, 530, 533, 534, 536, 542, 566, 578, 581, 582, 584, 590, 593, 594, 596, 597, 598, 599, 600, 602, 605, 606, 608, 614, 626, 629, 630, 632, 638, 662, 710, 722, 725, 726, 728, 734, 758, 770, 773, 774, 776, 782, 785, 786, 788, 789, 790, 791, 792, 794, 797, 798, 800, 806, 818, 821, 822, 824, 830, 833, 834, 836, 837, 838, 839, 840, 842, 845, 846, 848, 849, 850, 851, 852, 853, 855, 856, 857, 858, 860, 861, 862, 863, 864, 866, 869, 870, 872, 878, 881, 882, 884, 885, 886, 887, 888, 890, 893, 894, 896, 902, 914, 917, 918, 920, 926, 950, 962, 965, 966, 968, 974, 977, 978, 980, 981, 982, 983, 984, 986, 989, 990, 992, 998, 1010, 1013, 1014, 1016, 1022]
x_855: [23, 71, 83, 85, 87, 88, 95, 119, 215, 263, 275, 277, 279, 280, 287, 311, 323, 325, 327, 328, 335, 337, 339, 340, 341, 342, 343, 344, 347, 349, 351, 352, 359, 371, 373, 375, 376, 383, 407, 455, 467, 469, 471, 472, 479, 503, 519, 531, 533, 535, 536, 543, 567, 579, 581, 583, 584, 591, 593, 595, 596, 597, 598, 599, 600, 603, 605, 607, 608, 615, 627, 629, 631, 632, 639, 663, 711, 723, 725, 727, 728, 735, 759, 771, 773, 775, 776, 783, 785, 787, 788, 789, 790, 791, 792, 795, 797, 799, 800, 807, 819, 821, 823, 824, 831, 833, 835, 836, 837, 838, 839, 840, 843, 845, 847, 848, 849, 850, 851, 852, 853, 854, 856, 857, 859, 860, 861, 862, 863, 864, 867, 869, 871, 872, 879, 881, 883, 884, 885, 886, 887, 888, 891, 893, 895, 896, 903, 915, 917, 919, 920, 927, 951, 963, 965, 967, 968, 975, 977, 979, 980, 981, 982, 983, 984, 987, 989, 991, 992, 999, 1011, 1013, 1015, 1016, 1023]
x_856: [24, 72, 84, 86, 87, 88, 96, 120, 216, 264, 276, 278, 279, 280, 288, 312, 324, 326, 327, 328, 336, 338, 339, 340, 341, 342, 343, 344, 348, 350, 351, 352, 360, 372, 374, 375, 376, 384, 408, 456, 468, 470, 471, 472, 480, 504, 520, 532, 534, 535, 536, 544, 568, 580, 582, 583, 584, 592, 594, 595, 596, 597, 598, 599, 600, 604, 606, 607, 608, 616, 628, 630, 631, 632, 640, 664, 712, 724, 726, 727, 728, 736, 760, 772, 774, 775, 776, 784, 786, 787, 788, 789, 790, 791, 792, 796, 798, 799, 800, 808, 820, 822, 823, 824, 832, 834, 835, 836, 837, 838, 839, 840, 844, 846, 847, 848, 849, 850, 851, 852, 853, 854, 855, 858, 859, 860, 861, 862, 863, 864, 868, 870, 871, 872, 880, 882, 883, 884, 885, 886, 887, 888, 892, 894, 895, 896, 904, 916, 918, 919, 920, 928, 952, 964, 966, 967, 968, 976, 978, 979, 980, 981, 982, 983, 984, 988, 990, 991, 992, 1000, 1012, 1014, 1015, 1016, 1024]
x_857: [25, 73, 81, 89, 90, 91, 93, 121, 217, 265, 273, 281, 282, 283, 285, 313, 321, 329, 330, 331, 333, 337, 338, 339, 341, 345, 346, 347, 348, 349, 350, 351, 361, 369, 377, 378, 379, 381, 409, 457, 465, 473, 474, 475, 477, 505, 521, 529, 537, 538, 539, 541, 569, 577, 585, 586, 587, 589, 593, 594, 595, 597, 601, 602, 603, 604, 605, 606, 607, 617, 625, 633, 634, 635, 637, 665, 713, 721, 729, 730, 731, 733, 761, 769, 777, 778, 779, 781, 785, 786, 787, 789, 793, 794, 795, 796, 797, 798, 799, 809, 817, 825, 826, 827, 829, 833, 834, 835, 837, 841, 842, 843, 844, 845, 846, 847, 849, 850, 851, 852, 853, 854, 855, 858, 859, 860, 861, 862, 863, 864, 865, 873, 874, 875, 877, 881, 882, 883, 885, 889, 890, 891, 892, 893, 894, 895, 905, 913, 921, 922, 923, 925, 953, 961, 969, 970, 971, 973, 977, 978, 979, 981, 985, 986, 987, 988, 989, 990, 991, 1001, 1009, 1017, 1018, 1019, 1021]
x_858: [26, 74, 82, 89, 90, 92, 94, 122, 218, 266, 274, 281, 282, 284, 286, 314, 322, 329, 330, 332, 334, 337, 338, 340, 342, 345, 346, 347, 348, 349, 350, 352, 362, 370, 377, 378, 380, 382, 410, 458, 466, 473, 474, 476, 478, 506, 522, 530, 537, 538, 540, 542, 570, 578, 585, 586, 588, 590, 593, 594, 596, 598, 601, 602, 603, 604, 605, 606, 608, 618, 626, 633, 634, 636, 638, 666, 714, 722, 729, 730, 732, 734, 762, 770, 777, 778, 780, 782, 785, 786, 788, 790, 793, 794, 795, 796, 797, 798, 800, 810, 818, 825, 826, 828, 830, 833, 834, 836, 838, 841, 842, 843, 844, 845, 846, 848, 849, 850, 851, 852, 853, 854, 856, 857, 859, 860, 861, 862, 863, 864, 866, 873, 874, 876, 878, 881, 882, 884, 886, 889, 890, 891, 892, 893, 894, 896, 906, 914, 921, 922, 924, 926, 954, 962, 969, 970, 972, 974, 977, 978, 980, 982, 985, 986, 987, 988, 989, 990, 992, 1002, 1010, 1017, 1018, 1020, 1022]
x_859: [27, 75, 83, 89, 91, 92, 95, 123, 219, 267, 275, 281, 283, 284, 287, 315, 323, 329, 331, 332, 335, 337, 339, 340, 343, 345, 346, 347, 348, 349, 351, 352, 363, 371, 377, 379, 380, 383, 411, 459, 467, 473, 475, 476, 479, 507, 523, 531, 537, 539, 540, 543, 571, 579, 585, 587, 588, 591, 593, 595, 596, 599, 601, 602, 603, 604, 605, 607, 608, 619, 627, 633, 635, 636, 639, 667, 715, 723, 729, 731, 732, 735, 763, 771, 777, 779, 780, 783, 785, 787, 788, 791, 793, 794, 795, 796, 797, 799, 800, 811, 819, 825, 827, 828, 831, 833, 835, 836, 839, 841, 842, 843, 844, 845, 847, 848, 849, 850, 851, 852, 853, 855, 856, 857, 858, 860, 861, 862, 863, 864, 867, 873, 875, 876, 879, 881, 883, 884, 887, 889, 890, 891, 892, 893, 895, 896, 907, 915, 921, 923, 924, 927, 955, 963, 969, 971, 972, 975, 977, 979, 980, 983, 985, 986, 987, 988, 989, 991, 992, 1003, 1011, 1017, 1019, 1020, 1023]
x_860: [28, 76, 84, 90, 91, 92, 96, 124, 220, 268, 276, 282, 283, 284, 288, 316, 324, 330, 331, 332, 336, 338, 339, 340, 344, 345, 346, 347, 348, 350, 351, 352, 364, 372, 378, 379, 380, 384, 412, 460, 468, 474, 475, 476, 480, 508, 524, 532, 538, 539, 540, 544, 572, 580, 586, 587, 588, 592, 594, 595, 596, 600, 601, 602, 603, 604, 606, 607, 608, 620, 628, 634, 635, 636, 640, 668, 716, 724, 730, 731, 732, 736, 764, 772, 778, 779, 780, 784, 786, 787, 788, 792, 793, 794, 795, 796, 798, 799, 800, 812, 820, 826, 827, 828, 832, 834, 835, 836, 840, 841, 842, 843, 844, 846, 847, 848, 849, 850, 851, 852, 854, 855, 856, 857, 858, 859, 861, 862, 863, 864, 868, 874, 875, 876, 880, 882, 883, 884, 888, 889, 890, 891, 892, 894, 895, 896, 908, 916, 922, 923, 924, 928, 956, 964, 970, 971, 972, 976, 978, 979, 980, 984, 985, 986, 987, 988, 990, 991, 992, 1004, 1012, 1018, 1019, 1020, 1024]
x_861: [29, 77, 85, 89, 93, 94, 95, 125, 221, 269, 277, 281, 285, 286, 287, 317, 325, 329, 333, 334, 335, 337, 341, 342, 343, 345, 346, 347, 349, 350, 351, 352, 365, 373, 377, 381, 382, 383, 413, 461, 469, 473, 477, 478, 479, 509, 525, 533, 537, 541, 542, 543, 573, 581, 585, 589, 590, 591, 593, 597, 598, 599, 601, 602, 603, 605, 606, 607, 608, 621, 629, 633, 637, 638, 639, 669, 717, 725, 729, 733, 734, 735, 765, 773, 777, 781, 782, 783, 785, 789, 790, 791, 793, 794, 795, 797, 798, 799, 800, 813, 821, 825, 829, 830, 831, 833, 837, 838, 839, 841, 842, 843, 845, 846, 847, 848, 849, 850, 851, 853, 854, 855, 856, 857, 858, 859, 860, 862, 863, 864, 869, 873, 877, 878, 879, 881, 885, 886, 887, 889, 890, 891, 893, 894, 895, 896, 909, 917, 921, 925, 926, 927, 957, 965, 969, 973, 974, 975, 977, 981, 982, 983, 985, 986, 987, 989, 990, 991, 992, 1005, 1013, 1017, 1021, 1022, 1023]
x_862: [30, 78, 86, 90, 93, 94, 96, 126, 222, 270, 278, 282, 285, 286, 288, 318, 326, 330, 333, 334, 336, 338, 341, 342, 344, 345, 346, 348, 349, 350, 351, 352, 366, 374, 378, 381, 382, 384, 414, 462, 470, 474, 477, 478, 480, 510, 526, 534, 538, 541, 542, 544, 574, 582, 586, 589, 590, 592, 594, 597, 598, 600, 601, 602, 604, 605, 606, 607, 608, 622, 630, 634, 637, 638, 640, 670, 718, 726, 730, 733, 734, 736, 766, 774, 778, 781, 782, 784, 786, 789, 790, 792, 793, 794, 796, 797, 798, 799, 800, 814, 822, 826, 829, 830, 832, 834, 837, 838, 840, 841, 842, 844, 845, 846, 847, 848, 849, 850, 852, 853, 854, 855, 856, 857, 858, 859, 860, 861, 863, 864, 870, 874, 877, 878, 880, 882, 885, 886, 888, 889, 890, 892, 893, 894, 895, 896, 910, 918, 922, 925, 926, 928, 958, 966, 970, 973, 974, 976, 978, 981, 982, 984, 985, 986, 988, 989, 990, 991, 992, 1006, 1014, 1018, 1021, 1022, 1024]
x_863: [31, 79, 87, 91, 93, 95, 96, 127, 223, 271, 279, 283, 285, 287, 288, 319, 327, 331, 333, 335, 336, 339, 341, 343, 344, 345, 347, 348, 349, 350, 351, 352, 367, 375, 379, 381, 383, 384, 415, 463, 471, 475, 477, 479, 480, 511, 527, 535, 539, 541, 543, 544, 575, 583, 587, 589, 591, 592, 595, 597, 599, 600, 601, 603, 604, 605, 606, 607, 608, 623, 631, 635, 637, 639, 640, 671, 719, 727, 731, 733, 735, 736, 767, 775, 779, 781, 783, 784, 787, 789, 791, 792, 793, 795, 796, 797, 798, 799, 800, 815, 823, 827, 829, 831, 832, 835, 837, 839, 840, 841, 843, 844, 845, 846, 847, 848, 849, 851, 852, 853, 854, 855, 856, 857, 858, 859, 860, 861, 862, 864, 871, 875, 877, 879, 880, 883, 885, 887, 888, 889, 891, 892, 893, 894, 895, 896, 911, 919, 923, 925, 927, 928, 959, 967, 971, 973, 975, 976, 979, 981, 983, 984, 985, 987, 988, 989, 990, 991, 992, 1007, 1015, 1019, 1021, 1023, 1024]
x_864: [32, 80, 88, 92, 94, 95, 96, 128, 224, 272, 280, 284, 286, 287, 288, 320, 328, 332, 334, 335, 336, 340, 342, 343, 344, 346, 347, 348, 349, 350, 351, 352, 368, 376, 380, 382, 383, 384, 416, 464, 472, 476, 478, 479, 480, 512, 528, 536, 540, 542, 543, 544, 576, 584, 588, 590, 591, 592, 596, 598, 599, 600, 602, 603, 604, 605, 606, 607, 608, 624, 632, 636, 638, 639, 640, 672, 720, 728, 732, 734, 735, 736, 768, 776, 780, 782, 783, 784, 788, 790, 791, 792, 794, 795, 796, 797, 798, 799, 800, 816, 824, 828, 830, 831, 832, 836, 838, 839, 840, 842, 843, 844, 845, 846, 847, 848, 850, 851, 852, 853, 854, 855, 856, 857, 858, 859, 860, 861, 862, 863, 872, 876, 878, 879, 880, 884, 886, 887, 888, 890, 891, 892, 893, 894, 895, 896, 912, 920, 924, 926, 927, 928, 960, 968, 972, 974, 975, 976, 980, 982, 983, 984, 986, 987, 988, 989, 990, 991, 992, 1008, 1016, 1020, 1022, 1023, 1024]
x_865: [33, 65, 97, 98, 99, 101, 105, 113, 225, 257, 289, 290, 291, 293, 297, 305, 321, 322, 323, 325, 329, 337, 353, 354, 355, 356, 357, 358, 359, 361, 362, 363, 365, 369, 370, 371, 373, 377, 417, 449, 481, 482, 483, 485, 489, 497, 513, 545, 546, 547, 549, 553, 561, 577, 578, 579, 581, 585, 593, 609, 610, 611, 612, 613, 614, 615, 617, 618, 619, 621, 625, 626, 627, 629, 633, 673, 705, 737, 738, 739, 741, 745, 753, 769, 770, 771, 773, 777, 785, 801, 802, 803, 804, 805, 806, 807, 809, 810, 811, 813, 817, 818, 819, 821, 825, 833, 834, 835, 836, 837, 838, 839, 841, 842, 843, 845, 849, 850, 851, 853, 857, 866, 867, 868, 869, 870, 871, 872, 873, 874, 875, 876, 877, 878, 879, 881, 882, 883, 884, 885, 886, 887, 889, 890, 891, 893, 897, 929, 930, 931, 933, 937, 945, 961, 962, 963, 965, 969, 977, 993, 994, 995, 996, 997, 998, 999, 1001, 1002, 1003, 1005, 1009, 1010, 1011, 1013, 1017]
x_866: [34, 66, 97, 98, 100, 102, 106, 114, 226, 258, 289, 290, 292, 294, 298, 306, 321, 322, 324, 326, 330, 338, 353, 354, 355, 356, 357, 358, 360, 361, 362, 364, 366, 369, 370, 372, 374, 378, 418, 450, 481, 482, 484, 486, 490, 498, 514, 545, 546, 548, 550, 554, 562, 577, 578, 580, 582, 586, 594, 609, 610, 611, 612, 613, 614, 616, 617, 618, 620, 622, 625, 626, 628, 630, 634, 674, 706, 737, 738, 740, 742, 746, 754, 769, 770, 772, 774, 778, 786, 801, 802, 803, 804, 805, 806, 808, 809, 810, 812, 814, 817, 818, 820, 822, 826, 833, 834, 835, 836, 837, 838, 840, 841, 842, 844, 846, 849, 850, 852, 854, 858, 865, 867, 868, 869, 870, 871, 872, 873, 874, 875, 876, 877, 878, 880, 881, 882, 883, 884, 885, 886, 888, 889, 890, 892, 894, 898, 929, 930, 932, 934, 938, 946, 961, 962, 964, 966, 970, 978, 993, 994, 995, 996, 997, 998, 1000, 1001, 1002, 1004, 1006, 1009, 1010, 1012, 1014, 1018]
x_867: [35, 67, 97, 99, 100, 103, 107, 115, 227, 259, 289, 291, 292, 295, 299, 307, 321, 323, 324, 327, 331, 339, 353, 354, 355, 356, 357, 359, 360, 361, 363, 364, 367, 369, 371, 372, 375, 379, 419, 451, 481, 483, 484, 487, 491, 499, 515, 545, 547, 548, 551, 555, 563, 577, 579, 580, 583, 587, 595, 609, 610, 611, 612, 613, 615, 616, 617, 619, 620, 623, 625, 627, 628, 631, 635, 675, 707, 737, 739, 740, 743, 747, 755, 769, 771, 772, 775, 779, 787, 801, 802, 803, 804, 805, 807, 808, 809, 811, 812, 815, 817, 819, 820, 823, 827, 833, 834, 835, 836, 837, 839, 840, 841, 843, 844, 847, 849, 851, 852, 855, 859, 865, 866, 868, 869, 870, 871, 872, 873, 874, 875, 876, 877, 879, 880, 881, 882, 883, 884, 885, 887, 888, 889, 891, 892, 895, 899, 929, 931, 932, 935, 939, 947, 961, 963, 964, 967, 971, 979, 993, 994, 995, 996, 997, 999, 1000, 1001, 1003, 1004, 1007, 1009, 1011, 1012, 1015, 1019]
x_868: [36, 68, 98, 99, 100, 104, 108, 116, 228, 260, 290, 291, 292, 296, 300, 308, 322, 323, 324, 328, 332, 340, 353, 354, 355, 356, 358, 359, 360, 362, 363, 364, 368, 370, 371, 372, 376, 380, 420, 452, 482, 483, 484, 488, 492, 500, 516, 546, 547, 548, 552, 556, 564, 578, 579, 580, 584, 588, 596, 609, 610, 611, 612, 614, 615, 616, 618, 619, 620, 624, 626, 627, 628, 632, 636, 676, 708, 738, 739, 740, 744, 748, 756, 770, 771, 772, 776, 780, 788, 801, 802, 803, 804, 806, 807, 808, 810, 811, 812, 816, 818, 819, 820, 824, 828, 833, 834, 835, 836, 838, 839, 840, 842, 843, 844, 848, 850, 851, 852, 856, 860, 865, 866, 867, 869, 870, 871, 872, 873, 874, 875, 876, 878, 879, 880, 881, 882, 883, 884, 886, 887, 888, 890, 891, 892, 896, 900, 930, 931, 932, 936, 940, 948, 962, 963, 964, 968, 972, 980, 993, 994, 995, 996, 998, 999, 1000, 1002, 1003, 1004, 1008, 1010, 1011, 1012, 1016, 1020]
x_869: [37, 69, 97, 101, 102, 103, 109, 117, 229, 261, 289, 293, 294, 295, 301, 309, 321, 325, 326, 327, 333, 341, 353, 354, 355, 357, 358, 359, 360, 361, 365, 366, 367, 369, 373, 374, 375, 381, 421, 453, 481, 485, 486, 487, 493, 501, 517, 545, 549, 550, 551, 557, 565, 577, 581, 582, 583, 589, 597, 609, 610, 611, 613, 614, 615, 616, 617, 621, 622, 623, 625, 629, 630, 631, 637, 677, 709, 737, 741, 742, 743, 749, 757, 769, 773, 774, 775, 781, 789, 801, 802, 803, 805, 806, 807, 808, 809, 813, 814, 815, 817, 821, 822, 823, 829, 833, 834, 835, 837, 838, 839, 840, 841, 845, 846, 847, 849, 853, 854, 855, 861, 865, 866, 867, 868, 870, 871, 872, 873, 874, 875, 877, 878, 879, 880, 881, 882, 883, 885, 886, 887, 888, 889, 893, 894, 895, 901, 929, 933, 934, 935, 941, 949, 961, 965, 966, 967, 973, 981, 993, 994, 995, 997, 998, 999, 1000, 1001, 1005, 1006, 1007, 1009, 1013, 1014, 1015, 1021]
x_870: [38, 70, 98, 101, 102, 104, 110, 118, 230, 262, 290, 293, 294, 296, 302, 310, 322, 325, 326, 328, 334, 342, 353, 354, 356, 357, 358, 359, 360, 362, 365, 366, 368, 370, 373, 374, 376, 382, 422, 454, 482, 485, 486, 488, 494, 502, 518, 546, 549, 550, 552, 558, 566, 578, 581, 582, 584, 590, 598, 609, 610, 612, 613, 614, 615, 616, 618, 621, 622, 624, 626, 629, 630, 632, 638, 678, 710, 738, 741, 742, 744, 750, 758, 770, 773, 774, 776, 782, 790, 801, 802, 804, 805, 806, 807, 808, 810, 813, 814, 816, 818, 821, 822, 824, 830, 833, 834, 836, 837, 838, 839, 840, 842, 845, 846, 848, 850, 853, 854, 856, 862, 865, 866, 867, 868, 869, 871, 872, 873, 874, 876, 877, 878, 879, 880, 881, 882, 884, 885, 886, 887, 888, 890, 893, 894, 896, 902, 930, 933, 934, 936, 942, 950, 962, 965, 966, 968, 974, 982, 993, 994, 996, 997, 998, 999, 1000, 1002, 1005, 1006, 1008, 1010, 1013, 1014, 1016, 1022]
x_871: [39, 71, 99, 101, 103, 104, 111, 119, 231, 263, 291, 293, 295, 296, 303, 311, 323, 325, 327, 328, 335, 343, 353, 355, 356, 357, 358, 359, 360, 363, 365, 367, 368, 371, 373, 375, 376, 383, 423, 455, 483, 485, 487, 488, 495, 503, 519, 547, 549, 551, 552, 559, 567, 579, 581, 583, 584, 591, 599, 609, 611, 612, 613, 614, 615, 616, 619, 621, 623, 624, 627, 629, 631, 632, 639, 679, 711, 739, 741, 743, 744, 751, 759, 771, 773, 775, 776, 783, 791, 801, 803, 804, 805, 806, 807, 808, 811, 813, 815, 816, 819, 821, 823, 824, 831, 833, 835, 836, 837, 838, 839, 840, 843, 845, 847, 848, 851, 853, 855, 856, 863, 865, 866, 867, 868, 869, 870, 872, 873, 875, 876, 877, 878, 879, 880, 881, 883, 884, 885, 886, 887, 888, 891, 893, 895, 896, 903, 931, 933, 935, 936, 943, 951, 963, 965, 967, 968, 975, 983, 993, 995, 996, 997, 998, 999, 1000, 1003, 1005, 1007, 1008, 1011, 1013, 1015, 1016, 1023]
x_872: [40, 72, 100, 102, 103, 104, 112, 120, 232, 264, 292, 294, 295, 296, 304, 312, 324, 326, 327, 328, 336, 344, 354, 355, 356, 357, 358, 359, 360, 364, 366, 367, 368, 372, 374, 375, 376, 384, 424, 456, 484, 486, 487, 488, 496, 504, 520, 548, 550, 551, 552, 560, 568, 580, 582, 583, 584, 592, 600, 610, 611, 612, 613, 614, 615, 616, 620, 622, 623, 624, 628, 630, 631, 632, 640, 680, 712, 740, 742, 743, 744, 752, 760, 772, 774, 775, 776, 784, 792, 802, 803, 804, 805, 806, 807, 808, 812, 814, 815, 816, 820, 822, 823, 824, 832, 834, 835, 836, 837, 838, 839, 840, 844, 846, 847, 848, 852, 854, 855, 856, 864, 865, 866, 867, 868, 869, 870, 871, 874, 875, 876, 877, 878, 879, 880, 882, 883, 884, 885, 886, 887, 888, 892, 894, 895, 896, 904, 932, 934, 935, 936, 944, 952, 964, 966, 967, 968, 976, 984, 994, 995, 996, 997, 998, 999, 1000, 1004, 1006, 1007, 1008, 1012, 1014, 1015, 1016, 1024]
x_873: [41, 73, 97, 105, 106, 107, 109, 121, 233, 265, 289, 297, 298, 299, 301, 313, 321, 329, 330, 331, 333, 345, 353, 354, 355, 357, 361, 362, 363, 364, 365, 366, 367, 369, 377, 378, 379, 381, 425, 457, 481, 489, 490, 491, 493, 505, 521, 545, 553, 554, 555, 557, 569, 577, 585, 586, 587, 589, 601, 609, 610, 611, 613, 617, 618, 619, 620, 621, 622, 623, 625, 633, 634, 635, 637, 681, 713, 737, 745, 746, 747, 749, 761, 769, 777, 778, 779, 781, 793, 801, 802, 803, 805, 809, 810, 811, 812, 813, 814, 815, 817, 825, 826, 827, 829, 833, 834, 835, 837, 841, 842, 843, 844, 845, 846, 847, 849, 857, 858, 859, 861, 865, 866, 867, 868, 869, 870, 871, 874, 875, 876, 877, 878, 879, 880, 881, 882, 883, 885, 889, 890, 891, 892, 893, 894, 895, 905, 929, 937, 938, 939, 941, 953, 961, 969, 970, 971, 973, 985, 993, 994, 995, 997, 1001, 1002, 1003, 1004, 1005, 1006, 1007, 1009, 1017, 1018, 1019, 1021]
x_874: [42, 74, 98, 105, 106, 108, 110, 122, 234, 266, 290, 297, 298, 300, 302, 314, 322, 329, 330, 332, 334, 346, 353, 354, 356, 358, 361, 362, 363, 364, 365, 366, 368, 370, 377, 378, 380, 382, 426, 458, 482, 489, 490, 492, 494, 506, 522, 546, 553, 554, 556, 558, 570, 578, 585, 586, 588, 590, 602, 609, 610, 612, 614, 617, 618, 619, 620, 621, 622, 624, 626, 633, 634, 636, 638, 682, 714, 738, 745, 746, 748, 750, 762, 770, 777, 778, 780, 782, 794, 801, 802, 804, 806, 809, 810, 811, 812, 813, 814, 816, 818, 825, 826, 828, 830, 833, 834, 836, 838, 841, 842, 843, 844, 845, 846, 848, 850, 857, 858, 860, 862, 865, 866, 867, 868, 869, 870, 872, 873, 875, 876, 877, 878, 879, 880, 881, 882, 884, 886, 889, 890, 891, 892, 893, 894, 896, 906, 930, 937, 938, 940, 942, 954, 962, 969, 970, 972, 974, 986, 993, 994, 996, 998, 1001, 1002, 1003, 1004, 1005, 1006, 1008, 1010, 1017, 1018, 1020, 1022]
x_875: [43, 75, 99, 105, 107, 108, 111, 123, 235, 267, 291, 297, 299, 300, 303, 315, 323, 329, 331, 332, 335, 347, 353, 355, 356, 359, 361, 362, 363, 364, 365, 367, 368, 371, 377, 379, 380, 383, 427, 459, 483, 489, 491, 492, 495, 507, 523, 547, 553, 555, 556, 559, 571, 579, 585, 587, 588, 591, 603, 609, 611, 612, 615, 617, 618, 619, 620, 621, 623, 624, 627, 633, 635, 636, 639, 683, 715, 739, 745, 747, 748, 751, 763, 771, 777, 779, 780, 783, 795, 801, 803, 804, 807, 809, 810, 811, 812, 813, 815, 816, 819, 825, 827, 828, 831, 833, 835, 836, 839, 841, 842, 843, 844, 845, 847, 848, 851, 857, 859, 860, 863, 865, 866, 867, 868, 869, 871, 872, 873, 874, 876, 877, 878, 879, 880, 881, 883, 884, 887, 889, 890, 891, 892, 893, 895, 896, 907, 931, 937, 939, 940, 943, 955, 963, 969, 971, 972, 975, 987, 993, 995, 996, 999, 1001, 1002, 1003, 1004, 1005, 1007, 1008, 1011, 1017, 1019, 1020, 1023]
x_876: [44, 76, 100, 106, 107, 108, 112, 124, 236, 268, 292, 298, 299, 300, 304, 316, 324, 330, 331, 332, 336, 348, 354, 355, 356, 360, 361, 362, 363, 364, 366, 367, 368, 372, 378, 379, 380, 384, 428, 460, 484, 490, 491, 492, 496, 508, 524, 548, 554, 555, 556, 560, 572, 580, 586, 587, 588, 592, 604, 610, 611, 612, 616, 617, 618, 619, 620, 622, 623, 624, 628, 634, 635, 636, 640, 684, 716, 740, 746, 747, 748, 752, 764, 772, 778, 779, 780, 784, 796, 802, 803, 804, 808, 809, 810, 811, 812, 814, 815, 816, 820, 826, 827, 828, 832, 834, 835, 836, 840, 841, 842, 843, 844, 846, 847, 848, 852, 858, 859, 860, 864, 865, 866, 867, 868, 870, 871, 872, 873, 874, 875, 877, 878, 879, 880, 882, 883, 884, 888, 889, 890, 891, 892, 894, 895, 896, 908, 932, 938, 939, 940, 944, 956, 964, 970, 971, 972, 976, 988, 994, 995, 996, 1000, 1001, 1002, 1003, 1004, 1006, 1007, 1008, 1012, 1018, 1019, 1020, 1024]
x_877: [45, 77, 101, 105, 109, 110, 111, 125, 237, 269, 293, 297, 301, 302, 303, 317, 325, 329, 333, 334, 335, 349, 353, 357, 358, 359, 361, 362, 363, 365, 366, 367, 368, 373, 377, 381, 382, 383, 429, 461, 485, 489, 493, 494, 495, 509, 525, 549, 553, 557, 558, 559, 573, 581, 585, 589, 590, 591, 605, 609, 613, 614, 615, 617, 618, 619, 621, 622, 623, 624, 629, 633, 637, 638, 639, 685, 717, 741, 745, 749, 750, 751, 765, 773, 777, 781, 782, 783, 797, 801, 805, 806, 807, 809, 810, 811, 813, 814, 815, 816, 821, 825, 829, 830, 831, 833, 837, 838, 839, 841, 842, 843, 845, 846, 847, 848, 853, 857, 861, 862, 863, 865, 866, 867, 869, 870, 871, 872, 873, 874, 875, 876, 878, 879, 880, 881, 885, 886, 887, 889, 890, 891, 893, 894, 895, 896, 909, 933, 937, 941, 942, 943, 957, 965, 969, 973, 974, 975, 989, 993, 997, 998, 999, 1001, 1002, 1003, 1005, 1006, 1007, 1008, 1013, 1017, 1021, 1022, 1023]
x_878: [46, 78, 102, 106, 109, 110, 112, 126, 238, 270, 294, 298, 301, 302, 304, 318, 326, 330, 333, 334, 336, 350, 354, 357, 358, 360, 361, 362, 364, 365, 366, 367, 368, 374, 378, 381, 382, 384, 430, 462, 486, 490, 493, 494, 496, 510, 526, 550, 554, 557, 558, 560, 574, 582, 586, 589, 590, 592, 606, 610, 613, 614, 616, 617, 618, 620, 621, 622, 623, 624, 630, 634, 637, 638, 640, 686, 718, 742, 746, 749, 750, 752, 766, 774, 778, 781, 782, 784, 798, 802, 805, 806, 808, 809, 810, 812, 813, 814, 815, 816, 822, 826, 829, 830, 832, 834, 837, 838, 840, 841, 842, 844, 845, 846, 847, 848, 854, 858, 861, 862, 864, 865, 866, 868, 869, 870, 871, 872, 873, 874, 875, 876, 877, 879, 880, 882, 885, 886, 888, 889, 890, 892, 893, 894, 895, 896, 910, 934, 938, 941, 942, 944, 958, 966, 970, 973, 974, 976, 990, 994, 997, 998, 1000, 1001, 1002, 1004, 1005, 1006, 1007, 1008, 1014, 1018, 1021, 1022, 1024]
x_879: [47, 79, 103, 107, 109, 111, 112, 127, 239, 271, 295, 299, 301, 303, 304, 319, 327, 331, 333, 335, 336, 351, 355, 357, 359, 360, 361, 363, 364, 365, 366, 367, 368, 375, 379, 381, 383, 384, 431, 463, 487, 491, 493, 495, 496, 511, 527, 551, 555, 557, 559, 560, 575, 583, 587, 589, 591, 592, 607, 611, 613, 615, 616, 617, 619, 620, 621, 622, 623, 624, 631, 635, 637, 639, 640, 687, 719, 743, 747, 749, 751, 752, 767, 775, 779, 781, 783, 784, 799, 803, 805, 807, 808, 809, 811, 812, 813, 814, 815, 816, 823, 827, 829, 831, 832, 835, 837, 839, 840, 841, 843, 844, 845, 846, 847, 848, 855, 859, 861, 863, 864, 865, 867, 868, 869, 870, 871, 872, 873, 874, 875, 876, 877, 878, 880, 883, 885, 887, 888, 889, 891, 892, 893, 894, 895, 896, 911, 935, 939, 941, 943, 944, 959, 967, 971, 973, 975, 976, 991, 995, 997, 999, 1000, 1001, 1003, 1004, 1005, 1006, 1007, 1008, 1015, 1019, 1021, 1023, 1024]
x_880: [48, 80, 104, 108, 110, 111, 112, 128, 240, 272, 296, 300, 302, 303, 304, 320, 328, 332, 334, 335, 336, 352, 356, 358, 359, 360, 362, 363, 364, 365, 366, 367, 368, 376, 380, 382, 383, 384, 432, 464, 488, 492, 494, 495, 496, 512, 528, 552, 556, 558, 559, 560, 576, 584, 588, 590, 591, 592, 608, 612, 614, 615, 616, 618, 619, 620, 621, 622, 623, 624, 632, 636, 638, 639, 640, 688, 720, 744, 748, 750, 751, 752, 768, 776, 780, 782, 783, 784, 800, 804, 806, 807, 808, 810, 811, 812, 813, 814, 815, 816, 824, 828, 830, 831, 832, 836, 838, 839, 840, 842, 843, 844, 845, 846, 847, 848, 856, 860, 862, 863, 864, 866, 867, 868, 869, 870, 871, 872, 873, 874, 875, 876, 877, 878, 879, 884, 886, 887, 888, 890, 891, 892, 893, 894, 895, 896, 912, 936, 940, 942, 943, 944, 960, 968, 972, 974, 975, 976, 992, 996, 998, 999, 1000, 1002, 1003, 1004, 1005, 1006, 1007, 1008, 1016, 1020, 1022, 1023, 1024]
x_881: [49, 81, 97, 113, 114, 115, 117, 121, 241, 273, 289, 305, 306, 307, 309, 313, 321, 337, 338, 339, 341, 345, 353, 354, 355, 357, 361, 369, 370, 371, 372, 373, 374, 375, 377, 378, 379, 381, 433, 465, 481, 497, 498, 499, 501, 505, 529, 545, 561, 562, 563, 565, 569, 577, 593, 594, 595, 597, 601, 609, 610, 611, 613, 617, 625, 626, 627, 628, 629, 630, 631, 633, 634, 635, 637, 689, 721, 737, 753, 754, 755, 757, 761, 769, 785, 786, 787, 789, 793, 801, 802, 803, 805, 809, 817, 818, 819, 820, 821, 822, 823, 825, 826, 827, 829, 833, 834, 835, 837, 841, 849, 850, 851, 852, 853, 854, 855, 857, 858, 859, 861, 865, 866, 867, 868, 869, 870, 871, 873, 874, 875, 877, 882, 883, 884, 885, 886, 887, 888, 889, 890, 891, 892, 893, 894, 895, 913, 929, 945, 946, 947, 949, 953, 961, 977, 978, 979, 981, 985, 993, 994, 995, 997, 1001, 1009, 1010, 1011, 1012, 1013, 1014, 1015, 1017, 1018, 1019, 1021]
x_882: [50, 82, 98, 113, 114, 116, 118, 122, 242, 274, 290, 305, 306, 308, 310, 314, 322, 337, 338, 340, 342, 346, 353, 354, 356, 358, 362, 369, 370, 371, 372, 373, 374, 376, 377, 378, 380, 382, 434, 466, 482, 497, 498, 500, 502, 506, 530, 546, 561, 562, 564, 566, 570, 578, 593, 594, 596, 598, 602, 609, 610, 612, 614, 618, 625, 626, 627, 628, 629, 630, 632, 633, 634, 636, 638, 690, 722, 738, 753, 754, 756, 758, 762, 770, 785, 786, 788, 790, 794, 801, 802, 804, 806, 810, 817, 818, 819, 820, 821, 822, 824, 825, 826, 828, 830, 833, 834, 836, 838, 842, 849, 850, 851, 852, 853, 854, 856, 857, 858, 860, 862, 865, 866, 867, 868, 869, 870, 872, 873, 874, 876, 878, 881, 883, 884, 885, 886, 887, 888, 889, 890, 891, 892, 893, 894, 896, 914, 930, 945, 946, 948, 950, 954, 962, 977, 978, 980, 982, 986, 993, 994, 996, 998, 1002, 1009, 1010, 1011, 1012, 1013, 1014, 1016, 1017, 1018, 1020, 1022]
x_883: [51, 83, 99, 113, 115, 116, 119, 123, 243, 275, 291, 305, 307, 308, 311, 315, 323, 337, 339, 340, 343, 347, 353, 355, 356, 359, 363, 369, 370, 371, 372, 373, 375, 376, 377, 379, 380, 383, 435, 467, 483, 497, 499, 500, 503, 507, 531, 547, 561, 563, 564, 567, 571, 579, 593, 595, 596, 599, 603, 609, 611, 612, 615, 619, 625, 626, 627, 628, 629, 631, 632, 633, 635, 636, 639, 691, 723, 739, 753, 755, 756, 759, 763, 771, 785, 787, 788, 791, 795, 801, 803, 804, 807, 811, 817, 818, 819, 820, 821, 823, 824, 825, 827, 828, 831, 833, 835, 836, 839, 843, 849, 850, 851, 852, 853, 855, 856, 857, 859, 860, 863, 865, 866, 867, 868, 869, 871, 872, 873, 875, 876, 879, 881, 882, 884, 885, 886, 887, 888, 889, 890, 891, 892, 893, 895, 896, 915, 931, 945, 947, 948, 951, 955, 963, 977, 979, 980, 983, 987, 993, 995, 996, 999, 1003, 1009, 1010, 1011, 1012, 1013, 1015, 1016, 1017, 1019, 1020, 1023]
x_884: [52, 84, 100, 114, 115, 116, 120, 124, 244, 276, 292, 306, 307, 308, 312, 316, 324, 338, 339, 340, 344, 348, 354, 355, 356, 360, 364, 369, 370, 371, 372, 374, 375, 376, 378, 379, 380, 384, 436, 468, 484, 498, 499, 500, 504, 508, 532, 548, 562, 563, 564, 568, 572, 580, 594, 595, 596, 600, 604, 610, 611, 612, 616, 620, 625, 626, 627, 628, 630, 631, 632, 634, 635, 636, 640, 692, 724, 740, 754, 755, 756, 760, 764, 772, 786, 787, 788, 792, 796, 802, 803, 804, 808, 812, 817, 818, 819, 820, 822, 823, 824, 826, 827, 828, 832, 834, 835, 836, 840, 844, 849, 850, 851, 852, 854, 855, 856, 858, 859, 860, 864, 865, 866, 867, 868, 870, 871, 872, 874, 875, 876, 880, 881, 882, 883, 885, 886, 887, 888, 889, 890, 891, 892, 894, 895, 896, 916, 932, 946, 947, 948, 952, 956, 964, 978, 979, 980, 984, 988, 994, 995, 996, 1000, 1004, 1009, 1010, 1011, 1012, 1014, 1015, 1016, 1018, 1019, 1020, 1024]
x_885: [53, 85, 101, 113, 117, 118, 119, 125, 245, 277, 293, 305, 309, 310, 311, 317, 325, 337, 341, 342, 343, 349, 353, 357, 358, 359, 365, 369, 370, 371, 373, 374, 375, 376, 377, 381, 382, 383, 437, 469, 485, 497, 501, 502, 503, 509, 533, 549, 561, 565, 566, 567, 573, 581, 593, 597, 598, 599, 605, 609, 613, 614, 615, 621, 625, 626, 627, 629, 630, 631, 632, 633, 637, 638, 639, 693, 725, 741, 753, 757, 758, 759, 765, 773, 785, 789, 790, 791, 797, 801, 805, 806, 807, 813, 817, 818, 819, 821, 822, 823, 824, 825, 829, 830, 831, 833, 837, 838, 839, 845, 849, 850, 851, 853, 854, 855, 856, 857, 861, 862, 863, 865, 866, 867, 869, 870, 871, 872, 873, 877, 878, 879, 881, 882, 883, 884, 886, 887, 888, 889, 890, 891, 893, 894, 895, 896, 917, 933, 945, 949, 950, 951, 957, 965, 977, 981, 982, 983, 989, 993, 997, 998, 999, 1005, 1009, 1010, 1011, 1013, 1014, 1015, 1016, 1017, 1021, 1022, 1023]
x_886: [54, 86, 102, 114, 117, 118, 120, 126, 246, 278, 294, 306, 309, 310, 312, 318, 326, 338, 341, 342, 344, 350, 354, 357, 358, 360, 366, 369, 370, 372, 373, 374, 375, 376, 378, 381, 382, 384, 438, 470, 486, 498, 501, 502, 504, 510, 534, 550, 562, 565, 566, 568, 574, 582, 594, 597, 598, 600, 606, 610, 613, 614, 616, 622, 625, 626, 628, 629, 630, 631, 632, 634, 637, 638, 640, 694, 726, 742, 754, 757, 758, 760, 766, 774, 786, 789, 790, 792, 798, 802, 805, 806, 808, 814, 817, 818, 820, 821, 822, 823, 824, 826, 829, 830, 832, 834, 837, 838, 840, 846, 849, 850, 852, 853, 854, 855, 856, 858, 861, 862, 864, 865, 866, 868, 869, 870, 871, 872, 874, 877, 878, 880, 881, 882, 883, 884, 885, 887, 888, 889, 890, 892, 893, 894, 895, 896, 918, 934, 946, 949, 950, 952, 958, 966, 978, 981, 982, 984, 990, 994, 997, 998, 1000, 1006, 1009, 1010, 1012, 1013, 1014, 1015, 1016, 1018, 1021, 1022, 1024]
x_887: [55, 87, 103, 115, 117, 119, 120, 127, 247, 279, 295, 307, 309, 311, 312, 319, 327, 339, 341, 343, 344, 351, 355, 357, 359, 360, 367, 369, 371, 372, 373, 374, 375, 376, 379, 381, 383, 384, 439, 471, 487, 499, 501, 503, 504, 511, 535, 551, 563, 565, 567, 568, 575, 583, 595, 597, 599, 600, 607, 611, 613, 615, 616, 623, 625, 627, 628, 629, 630, 631, 632, 635, 637, 639, 640, 695, 727, 743, 755, 757, 759, 760, 767, 775, 787, 789, 791, 792, 799, 803, 805, 807, 808, 815, 817, 819, 820, 821, 822, 823, 824, 827, 829, 831, 832, 835, 837, 839, 840, 847, 849, 851, 852, 853, 854, 855, 856, 859, 861, 863, 864, 865, 867, 868, 869, 870, 871, 872, 875, 877, 879, 880, 881, 882, 883, 884, 885, 886, 888, 889, 891, 892, 893, 894, 895, 896, 919, 935, 947, 949, 951, 952, 959, 967, 979, 981, 983, 984, 991, 995, 997, 999, 1000, 1007, 1009, 1011, 1012, 1013, 1014, 1015, 1016, 1019, 1021, 1023, 1024]
x_888: [56, 88, 104, 116, 118, 119, 120, 128, 248, 280, 296, 308, 310, 311, 312, 320, 328, 340, 342, 343, 344, 352, 356, 358, 359, 360, 368, 370, 371, 372, 373, 374, 375, 376, 380, 382, 383, 384, 440, 472, 488, 500, 502, 503, 504, 512, 536, 552, 564, 566, 567, 568, 576, 584, 596, 598, 599, 600, 608, 612, 614, 615, 616, 624, 626, 627, 628, 629, 630, 631, 632, 636, 638, 639, 640, 696, 728, 744, 756, 758, 759, 760, 768, 776, 788, 790, 791, 792, 800, 804, 806, 807, 808, 816, 818, 819, 820, 821, 822, 823, 824, 828, 830, 831, 832, 836, 838, 839, 840, 848, 850, 851, 852, 853, 854, 855, 856, 860, 862, 863, 864, 866, 867, 868, 869, 870, 871, 872, 876, 878, 879, 880, 881, 882, 883, 884, 885, 886, 887, 890, 891, 892, 893, 894, 895, 896, 920, 936, 948, 950, 951, 952, 960, 968, 980, 982, 983, 984, 992, 996, 998, 999, 1000, 1008, 1010, 1011, 1012, 1013, 1014, 1015, 1016, 1020, 1022, 1023, 1024]
x_889: [57, 89, 105, 113, 121, 122, 123, 125, 249, 281, 297, 305, 313, 314, 315, 317, 329, 337, 345, 346, 347, 349, 353, 361, 362, 363, 365, 369, 370, 371, 373, 377, 378, 379, 380, 381, 382, 383, 441, 473, 489, 497, 505, 506, 507, 509, 537, 553, 561, 569, 570, 571, 573, 585, 593, 601, 602, 603, 605, 609, 617, 618, 619, 621, 625, 626, 627, 629, 633, 634, 635, 636, 637, 638, 639, 697, 729, 745, 753, 761, 762, 763, 765, 777, 785, 793, 794, 795, 797, 801, 809, 810, 811, 813, 817, 818, 819, 821, 825, 826, 827, 828, 829, 830, 831, 833, 841, 842, 843, 845, 849, 850, 851, 853, 857, 858, 859, 860, 861, 862, 863, 865, 866, 867, 869, 873, 874, 875, 876, 877, 878, 879, 881, 882, 883, 884, 885, 886, 887, 890, 891, 892, 893, 894, 895, 896, 921, 937, 945, 953, 954, 955, 957, 969, 977, 985, 986, 987, 989, 993, 1001, 1002, 1003, 1005, 1009, 1010, 1011, 1013, 1017, 1018, 1019, 1020, 1021, 1022, 1023]
x_890: [58, 90, 106, 114, 121, 122, 124, 126, 250, 282, 298, 306, 313, 314, 316, 318, 330, 338, 345, 346, 348, 350, 354, 361, 362, 364, 366, 369, 370, 372, 374, 377, 378, 379, 380, 381, 382, 384, 442, 474, 490, 498, 505, 506, 508, 510, 538, 554, 562, 569, 570, 572, 574, 586, 594, 601, 602, 604, 606, 610, 617, 618, 620, 622, 625, 626, 628, 630, 633, 634, 635, 636, 637, 638, 640, 698, 730, 746, 754, 761, 762, 764, 766, 778, 786, 793, 794, 796, 798, 802, 809, 810, 812, 814, 817, 818, 820, 822, 825, 826, 827, 828, 829, 830, 832, 834, 841, 842, 844, 846, 849, 850, 852, 854, 857, 858, 859, 860, 861, 862, 864, 865, 866, 868, 870, 873, 874, 875, 876, 877, 878, 880, 881, 882, 883, 884, 885, 886, 888, 889, 891, 892, 893, 894, 895, 896, 922, 938, 946, 953, 954, 956, 958, 970, 978, 985, 986, 988, 990, 994, 1001, 1002, 1004, 1006, 1009, 1010, 1012, 1014, 1017, 1018, 1019, 1020, 1021, 1022, 1024]
x_891: [59, 91, 107, 115, 121, 123, 124, 127, 251, 283, 299, 307, 313, 315, 316, 319, 331, 339, 345, 347, 348, 351, 355, 361, 363, 364, 367, 369, 371, 372, 375, 377, 378, 379, 380, 381, 383, 384, 443, 475, 491, 499, 505, 507, 508, 511, 539, 555, 563, 569, 571, 572, 575, 587, 595, 601, 603, 604, 607, 611, 617, 619, 620, 623, 625, 627, 628, 631, 633, 634, 635, 636, 637, 639, 640, 699, 731, 747, 755, 761, 763, 764, 767, 779, 787, 793, 795, 796, 799, 803, 809, 811, 812, 815, 817, 819, 820, 823, 825, 826, 827, 828, 829, 831, 832, 835, 841, 843, 844, 847, 849, 851, 852, 855, 857, 858, 859, 860, 861, 863, 864, 865, 867, 868, 871, 873, 874, 875, 876, 877, 879, 880, 881, 882, 883, 884, 885, 887, 888, 889, 890, 892, 893, 894, 895, 896, 923, 939, 947, 953, 955, 956, 959, 971, 979, 985, 987, 988, 991, 995, 1001, 1003, 1004, 1007, 1009, 1011, 1012, 1015, 1017, 1018, 1019, 1020, 1021, 1023, 1024]
x_892: [60, 92, 108, 116, 122, 123, 124, 128, 252, 284, 300, 308, 314, 315, 316, 320, 332, 340, 346, 347, 348, 352, 356, 362, 363, 364, 368, 370, 371, 372, 376, 377, 378, 379, 380, 382, 383, 384, 444, 476, 492, 500, 506, 507, 508, 512, 540, 556, 564, 570, 571, 572, 576, 588, 596, 602, 603, 604, 608, 612, 618, 619, 620, 624, 626, 627, 628, 632, 633, 634, 635, 636, 638, 639, 640, 700, 732, 748, 756, 762, 763, 764, 768, 780, 788, 794, 795, 796, 800, 804, 810, 811, 812, 816, 818, 819, 820, 824, 825, 826, 827, 828, 830, 831, 832, 836, 842, 843, 844, 848, 850, 851, 852, 856, 857, 858, 859, 860, 862, 863, 864, 866, 867, 868, 872, 873, 874, 875, 876, 878, 879, 880, 881, 882, 883, 884, 886, 887, 888, 889, 890, 891, 893, 894, 895, 896, 924, 940, 948, 954, 955, 956, 960, 972, 980, 986, 987, 988, 992, 996, 1002, 1003, 1004, 1008, 1010, 1011, 1012, 1016, 1017, 1018, 1019, 1020, 1022, 1023, 1024]
x_893: [61, 93, 109, 117, 121, 125, 126, 127, 253, 285, 301, 309, 313, 317, 318, 319, 333, 341, 345, 349, 350, 351, 357, 361, 365, 366, 367, 369, 373, 374, 375, 377, 378, 379, 381, 382, 383, 384, 445, 477, 493, 501, 505, 509, 510, 511, 541, 557, 565, 569, 573, 574, 575, 589, 597, 601, 605, 606, 607, 613, 617, 621, 622, 623, 625, 629, 630, 631, 633, 634, 635, 637, 638, 639, 640, 701, 733, 749, 757, 761, 765, 766, 767, 781, 789, 793, 797, 798, 799, 805, 809, 813, 814, 815, 817, 821, 822, 823, 825, 826, 827, 829, 830, 831, 832, 837, 841, 845, 846, 847, 849, 853, 854, 855, 857, 858, 859, 861, 862, 863, 864, 865, 869, 870, 871, 873, 874, 875, 877, 878, 879, 880, 881, 882, 883, 885, 886, 887, 888, 889, 890, 891, 892, 894, 895, 896, 925, 941, 949, 953, 957, 958, 959, 973, 981, 985, 989, 990, 991, 997, 1001, 1005, 1006, 1007, 1009, 1013, 1014, 1015, 1017, 1018, 1019, 1021, 1022, 1023, 1024]
x_894: [62, 94, 110, 118, 122, 125, 126, 128, 254, 286, 302, 310, 314, 317, 318, 320, 334, 342, 346, 349, 350, 352, 358, 362, 365, 366, 368, 370, 373, 374, 376, 377, 378, 380, 381, 382, 383, 384, 446, 478, 494, 502, 506, 509, 510, 512, 542, 558, 566, 570, 573, 574, 576, 590, 598, 602, 605, 606, 608, 614, 618, 621, 622, 624, 626, 629, 630, 632, 633, 634, 636, 637, 638, 639, 640, 702, 734, 750, 758, 762, 765, 766, 768, 782, 790, 794, 797, 798, 800, 806, 810, 813, 814, 816, 818, 821, 822, 824, 825, 826, 828, 829, 830, 831, 832, 838, 842, 845, 846, 848, 850, 853, 854, 856, 857, 858, 860, 861, 862, 863, 864, 866, 869, 870, 872, 873, 874, 876, 877, 878, 879, 880, 881, 882, 884, 885, 886, 887, 888, 889, 890, 891, 892, 893, 895, 896, 926, 942, 950, 954, 957, 958, 960, 974, 982, 986, 989, 990, 992, 998, 1002, 1005, 1006, 1008, 1010, 1013, 1014, 1016, 1017, 1018, 1020, 1021, 1022, 1023, 1024]
x_895: [63, 95, 111, 119, 123, 125, 127, 128, 255, 287, 303, 311, 315, 317, 319, 320, 335, 343, 347, 349, 351, 352, 359, 363, 365, 367, 368, 371, 373, 375, 376, 377, 379, 380, 381, 382, 383, 384, 447, 479, 495, 503, 507, 509, 511, 512, 543, 559, 567, 571, 573, 575, 576, 591, 599, 603, 605, 607, 608, 615, 619, 621, 623, 624, 627, 629, 631, 632, 633, 635, 636, 637, 638, 639, 640, 703, 735, 751, 759, 763, 765, 767, 768, 783, 791, 795, 797, 799, 800, 807, 811, 813, 815, 816, 819, 821, 823, 824, 825, 827, 828, 829, 830, 831, 832, 839, 843, 845, 847, 848, 851, 853, 855, 856, 857, 859, 860, 861, 862, 863, 864, 867, 869, 871, 872, 873, 875, 876, 877, 878, 879, 880, 881, 883, 884, 885, 886, 887, 888, 889, 890, 891, 892, 893, 894, 896, 927, 943, 951, 955, 957, 959, 960, 975, 983, 987, 989, 991, 992, 999, 1003, 1005, 1007, 1008, 1011, 1013, 1015, 1016, 1017, 1019, 1020, 1021, 1022, 1023, 1024]
x_896: [64, 96, 112, 120, 124, 126, 127, 128, 256, 288, 304, 312, 316, 318, 319, 320, 336, 344, 348, 350, 351, 352, 360, 364, 366, 367, 368, 372, 374, 375, 376, 378, 379, 380, 381, 382, 383, 384, 448, 480, 496, 504, 508, 510, 511, 512, 544, 560, 568, 572, 574, 575, 576, 592, 600, 604, 606, 607, 608, 616, 620, 622, 623, 624, 628, 630, 631, 632, 634, 635, 636, 637, 638, 639, 640, 704, 736, 752, 760, 764, 766, 767, 768, 784, 792, 796, 798, 799, 800, 808, 812, 814, 815, 816, 820, 822, 823, 824, 826, 827, 828, 829, 830, 831, 832, 840, 844, 846, 847, 848, 852, 854, 855, 856, 858, 859, 860, 861, 862, 863, 864, 868, 870, 871, 872, 874, 875, 876, 877, 878, 879, 880, 882, 883, 884, 885, 886, 887, 888, 889, 890, 891, 892, 893, 894, 895, 928, 944, 952, 956, 958, 959, 960, 976, 984, 988, 990, 991, 992, 1000, 1004, 1006, 1007, 1008, 1012, 1014, 1015, 1016, 1018, 1019, 1020, 1021, 1022, 1023, 1024]
x_897: [1, 129, 130, 131, 133, 137, 145, 161, 193, 257, 258, 259, 261, 265, 273, 289, 321, 385, 386, 387, 388, 389, 390, 391, 393, 394, 395, 397, 401, 402, 403, 405, 409, 417, 418, 419, 421, 425, 433, 449, 450, 451, 453, 457, 465, 481, 513, 514, 515, 517, 521, 529, 545, 577, 641, 642, 643, 644, 645, 646, 647, 649, 650, 651, 653, 657, 658, 659, 661, 665, 673, 674, 675, 677, 681, 689, 705, 706, 707, 709, 713, 721, 737, 769, 770, 771, 772, 773, 774, 775, 777, 778, 779, 781, 785, 786, 787, 789, 793, 801, 802, 803, 805, 809, 817, 833, 834, 835, 837, 841, 849, 865, 898, 899, 900, 901, 902, 903, 904, 905, 906, 907, 908, 909, 910, 911, 913, 914, 915, 916, 917, 918, 919, 921, 922, 923, 925, 929, 930, 931, 932, 933, 934, 935, 937, 938, 939, 941, 945, 946, 947, 949, 953, 961, 962, 963, 964, 965, 966, 967, 969, 970, 971, 973, 977, 978, 979, 981, 985, 993, 994, 995, 997, 1001, 1009]
x_898: [2, 129, 130, 132, 134, 138, 146, 162, 194, 257, 258, 260, 262, 266, 274, 290, 322, 385, 386, 387, 388, 389, 390, 392, 393, 394, 396, 398, 401, 402, 404, 406, 410, 417, 418, 420, 422, 426, 434, 449, 450, 452, 454, 458, 466, 482, 513, 514, 516, 518, 522, 530, 546, 578, 641, 642, 643, 644, 645, 646, 648, 649, 650, 652, 654, 657, 658, 660, 662, 666, 673, 674, 676, 678, 682, 690, 705, 706, 708, 710, 714, 722, 738, 769, 770, 771, 772, 773, 774, 776, 777, 778, 780, 782, 785, 786, 788, 790, 794, 801, 802, 804, 806, 810, 818, 833, 834, 836, 838, 842, 850, 866, 897, 899, 900, 901, 902, 903, 904, 905, 906, 907, 908, 909, 910, 912, 913, 914, 915, 916, 917, 918, 920, 921, 922, 924, 926, 929, 930, 931, 932, 933, 934, 936, 937, 938, 940, 942, 945, 946, 948, 950, 954, 961, 962, 963, 964, 965, 966, 968, 969, 970, 972, 974, 977, 978, 980, 982, 986, 993, 994, 996, 998, 1002, 1010]
x_899: [3, 129, 131, 132, 135, 139, 147, 163, 195, 257, 259, 260, 263, 267, 275, 291, 323, 385, 386, 387, 388, 389, 391, 392, 393, 395, 396, 399, 401, 403, 404, 407, 411, 417, 419, 420, 423, 427, 435, 449, 451, 452, 455, 459, 467, 483, 513, 515, 516, 519, 523, 531, 547, 579, 641, 642, 643, 644, 645, 647, 648, 649, 651, 652, 655, 657, 659, 660, 663, 667, 673, 675, 676, 679, 683, 691, 705, 707, 708, 711, 715, 723, 739, 769, 770, 771, 772, 773, 775, 776, 777, 779, 780, 783, 785, 787, 788, 791, 795, 801, 803, 804, 807, 811, 819, 833, 835, 836, 839, 843, 851, 867, 897, 898, 900, 901, 902, 903, 904, 905, 906, 907, 908, 909, 911, 912, 913, 914, 915, 916, 917, 919, 920, 921, 923, 924, 927, 929, 930, 931, 932, 933, 935, 936, 937, 939, 940, 943, 945, 947, 948, 951, 955, 961, 962, 963, 964, 965, 967, 968, 969, 971, 972, 975, 977, 979, 980, 983, 987, 993, 995, 996, 999, 1003, 1011]
x_900: [4, 130, 131, 132, 136, 140, 148, 164, 196, 258, 259, 260, 264, 268, 276, 292, 324, 385, 386, 387, 388, 390, 391, 392, 394, 395, 396, 400, 402, 403, 404, 408, 412, 418, 419, 420, 424, 428, 436, 450, 451, 452, 456, 460, 468, 484, 514, 515, 516, 520, 524, 532, 548, 580, 641, 642, 643, 644, 646, 647, 648, 650, 651, 652, 656, 658, 659, 660, 664, 668, 674, 675, 676, 680, 684, 692, 706, 707, 708, 712, 716, 724, 740, 769, 770, 771, 772, 774, 775, 776, 778, 779, 780, 784, 786, 787, 788, 792, 796, 802, 803, 804, 808, 812, 820, 834, 835, 836, 840, 844, 852, 868, 897, 898, 899, 901, 902, 903, 904, 905, 906, 907, 908, 910, 911, 912, 913, 914, 915, 916, 918, 919, 920, 922, 923, 924, 928, 929, 930, 931, 932, 934, 935, 936, 938, 939, 940, 944, 946, 947, 948, 952, 956, 961, 962, 963, 964, 966, 967, 968, 970, 971, 972, 976, 978, 979, 980, 984, 988, 994, 995, 996, 1000, 1004, 1012]
x_901: [5, 129, 133, 134, 135, 141, 149, 165, 197, 257, 261, 262, 263, 269, 277, 293, 325, 385, 386, 387, 389, 390, 391, 392, 393, 397, 398, 399, 401, 405, 406, 407, 413, 417, 421, 422, 423, 429, 437, 449, 453, 454, 455, 461, 469, 485, 513, 517, 518, 519, 525, 533, 549, 581, 641, 642, 643, 645, 646, 647, 648, 649, 653, 654, 655, 657, 661, 662, 663, 669, 673, 677, 678, 679, 685, 693, 705, 709, 710, 711, 717, 725, 741, 769, 770, 771, 773, 774, 775, 776, 777, 781, 782, 783, 785, 789, 790, 791, 797, 801, 805, 806, 807, 813, 821, 833, 837, 838, 839, 845, 853, 869, 897, 898, 899, 900, 902, 903, 904, 905, 906, 907, 909, 910, 911, 912, 913, 914, 915, 917, 918, 919, 920, 921, 925, 926, 927, 929, 930, 931, 933, 934, 935, 936, 937, 941, 942, 943, 945, 949, 950, 951, 957, 961, 962, 963, 965, 966, 967, 968, 969, 973, 974, 975, 977, 981, 982, 983, 989, 993, 997, 998, 999, 1005, 1013]
x_902: [6, 130, 133, 134, 136, 142, 150, 166, 198, 258, 261, 262, 264, 270, 278, 294, 326, 385, 386, 388, 389, 390, 391, 392, 394, 397, 398, 400, 402, 405, 406, 408, 414, 418, 421, 422, 424, 430, 438, 450, 453, 454, 456, 462, 470, 486, 514, 517, 518, 520, 526, 534, 550, 582, 641, 642, 644, 645, 646, 647, 648, 650, 653, 654, 656, 658, 661, 662, 664, 670, 674, 677, 678, 680, 686, 694, 706, 709, 710, 712, 718, 726, 742, 769, 770, 772, 773, 774, 775, 776, 778, 781, 782, 784, 786, 789, 790, 792, 798, 802, 805, 806, 808, 814, 822, 834, 837, 838, 840, 846, 854, 870, 897, 898, 899, 900, 901, 903, 904, 905, 906, 908, 909, 910, 911, 912, 913, 914, 916, 917, 918, 919, 920, 922, 925, 926, 928, 929, 930, 932, 933, 934, 935, 936, 938, 941, 942, 944, 946, 949, 950, 952, 958, 961, 962, 964, 965, 966, 967, 968, 970, 973, 974, 976, 978, 981, 982, 984, 990, 994, 997, 998, 1000, 1006, 1014]
x_903: [7, 131, 133, 135, 136, 143, 151, 167, 199, 259, 261, 263, 264, 271, 279, 295, 327, 385, 387, 388, 389, 390, 391, 392, 395, 397, 399, 400, 403, 405, 407, 408, 415, 419, 421, 423, 424, 431, 439, 451, 453, 455, 456, 463, 471, 487, 515, 517, 519, 520, 527, 535, 551, 583, 641, 643, 644, 645, 646, 647, 648, 651, 653, 655, 656, 659, 661, 663, 664, 671, 675, 677, 679, 680, 687, 695, 707, 709, 711, 712, 719, 727, 743, 769, 771, 772, 773, 774, 775, 776, 779, 781, 783, 784, 787, 789, 791, 792, 799, 803, 805, 807, 808, 815, 823, 835, 837, 839, 840, 847, 855, 871, 897, 898, 899, 900, 901, 902, 904, 905, 907, 908, 909, 910, 911, 912, 913, 915, 916, 917, 918, 919, 920, 923, 925, 927, 928, 929, 931, 932, 933, 934, 935, 936, 939, 941, 943, 944, 947, 949, 951, 952, 959, 961, 963, 964, 965, 966, 967, 968, 971, 973, 975, 976, 979, 981, 983, 984, 991, 995, 997, 999, 1000, 1007, 1015]
x_904: [8, 132, 134, 135, 136, 144, 152, 168, 200, 260, 262, 263, 264, 272, 280, 296, 328, 386, 387, 388, 389, 390, 391, 392, 396, 398, 399, 400, 404, 406, 407, 408, 416, 420, 422, 423, 424, 432, 440, 452, 454, 455, 456, 464, 472, 488, 516, 518, 519, 520, 528, 536, 552, 584, 642, 643, 644, 645, 646, 647, 648, 652, 654, 655, 656, 660, 662, 663, 664, 672, 676, 678, 679, 680, 688, 696, 708, 710, 711, 712, 720, 728, 744, 770, 771, 772, 773, 774, 775, 776, 780, 782, 783, 784, 788, 790, 791, 792, 800, 804, 806, 807, 808, 816, 824, 836, 838, 839, 840, 848, 856, 872, 897, 898, 899, 900, 901, 902, 903, 906, 907, 908, 909, 910, 911, 912, 914, 915, 916, 917, 918, 919, 920, 924, 926, 927, 928, 930, 931, 932, 933, 934, 935, 936, 940, 942, 943, 944, 948, 950, 951, 952, 960, 962, 963, 964, 965, 966, 967, 968, 972, 974, 975, 976, 980, 982, 983, 984, 992, 996, 998, 999, 1000, 1008, 1016]
x_905: [9, 129, 137, 138, 139, 141, 153, 169, 201, 257, 265, 266, 267, 269, 281, 297, 329, 385, 386, 387, 389, 393, 394, 395, 396, 397, 398, 399, 401, 409, 410, 411, 413, 417, 425, 426, 427, 429, 441, 449, 457, 458, 459, 461, 473, 489, 513, 521, 522, 523, 525, 537, 553, 585, 641, 642, 643, 645, 649, 650, 651, 652, 653, 654, 655, 657, 665, 666, 667, 669, 673, 681, 682, 683, 685, 697, 705, 713, 714, 715, 717, 729, 745, 769, 770, 771, 773, 777, 778, 779, 780, 781, 782, 783, 785, 793, 794, 795, 797, 801, 809, 810, 811, 813, 825, 833, 841, 842, 843, 845, 857, 873, 897, 898, 899, 900, 901, 902, 903, 906, 907, 908, 909, 910, 911, 912, 913, 914, 915, 917, 921, 922, 923, 924, 925, 926, 927, 929, 930, 931, 933, 937, 938, 939, 940, 941, 942, 943, 945, 953, 954, 955, 957, 961, 962, 963, 965, 969, 970, 971, 972, 973, 974, 975, 977, 985, 986, 987, 989, 993, 1001, 1002, 1003, 1005, 1017]
x_906: [10, 130, 137, 138, 140, 142, 154, 170, 202, 258, 265, 266, 268, 270, 282, 298, 330, 385, 386, 388, 390, 393, 394, 395, 396, 397, 398, 400, 402, 409, 410, 412, 414, 418, 425, 426, 428, 430, 442, 450, 457, 458, 460, 462, 474, 490, 514, 521, 522, 524, 526, 538, 554, 586, 641, 642, 644, 646, 649, 650, 651, 652, 653, 654, 656, 658, 665, 666, 668, 670, 674, 681, 682, 684, 686, 698, 706, 713, 714, 716, 718, 730, 746, 769, 770, 772, 774, 777, 778, 779, 780, 781, 782, 784, 786, 793, 794, 796, 798, 802, 809, 810, 812, 814, 826, 834, 841, 842, 844, 846, 858, 874, 897, 898, 899, 900, 901, 902, 904, 905, 907, 908, 909, 910, 911, 912, 913, 914, 916, 918, 921, 922, 923, 924, 925, 926, 928, 929, 930, 932, 934, 937, 938, 939, 940, 941, 942, 944, 946, 953, 954, 956, 958, 961, 962, 964, 966, 969, 970, 971, 972, 973, 974, 976, 978, 985, 986, 988, 990, 994, 1001, 1002, 1004, 1006, 1018]
x_907: [11, 131, 137, 139, 140, 143, 155, 171, 203, 259, 265, 267, 268, 271, 283, 299, 331, 385, 387, 388, 391, 393, 394, 395, 396, 397, 399, 400, 403, 409, 411, 412, 415, 419, 425, 427, 428, 431, 443, 451, 457, 459, 460, 463, 475, 491, 515, 521, 523, 524, 527, 539, 555, 587, 641, 643, 644, 647, 649, 650, 651, 652, 653, 655, 656, 659, 665, 667, 668, 671, 675, 681, 683, 684, 687, 699, 707, 713, 715, 716, 719, 731, 747, 769, 771, 772, 775, 777, 778, 779, 780, 781, 783, 784, 787, 793, 795, 796, 799, 803, 809, 811, 812, 815, 827, 835, 841, 843, 844, 847, 859, 875, 897, 898, 899, 900, 901, 903, 904, 905, 906, 908, 909, 910, 911, 912, 913, 915, 916, 919, 921, 922, 923, 924, 925, 927, 928, 929, 931, 932, 935, 937, 938, 939, 940, 941, 943, 944, 947, 953, 955, 956, 959, 961, 963, 964, 967, 969, 970, 971, 972, 973, 975, 976, 979, 985, 987, 988, 991, 995, 1001, 1003, 1004, 1007, 1019]
x_908: [12, 132, 138, 139, 140, 144, 156, 172, 204, 260, 266, 267, 268, 272, 284, 300, 332, 386, 387, 388, 392, 393, 394, 395, 396, 398, 399, 400, 404, 410, 411, 412, 416, 420, 426, 427, 428, 432, 444, 452, 458, 459, 460, 464, 476, 492, 516, 522, 523, 524, 528, 540, 556, 588, 642, 643, 644, 648, 649, 650, 651, 652, 654, 655, 656, 660, 666, 667, 668, 672, 676, 682, 683, 684, 688, 700, 708, 714, 715, 716, 720, 732, 748, 770, 771, 772, 776, 777, 778, 779, 780, 782, 783, 784, 788, 794, 795, 796, 800, 804, 810, 811, 812, 816, 828, 836, 842, 843, 844, 848, 860, 876, 897, 898, 899, 900, 902, 903, 904, 905, 906, 907, 909, 910, 911, 912, 914, 915, 916, 920, 921, 922, 923, 924, 926, 927, 928, 930, 931, 932, 936, 937, 938, 939, 940, 942, 943, 944, 948, 954, 955, 956, 960, 962, 963, 964, 968, 969, 970, 971, 972, 974, 975, 976, 980, 986, 987, 988, 992, 996, 1002, 1003, 1004, 1008, 1020]
x_909: [13, 133, 137, 141, 142, 143, 157, 173, 205, 261, 265, 269, 270, 271, 285, 301, 333, 385, 389, 390, 391, 393, 394, 395, 397, 398, 399, 400, 405, 409, 413, 414, 415, 421, 425, 429, 430, 431, 445, 453, 457, 461, 462, 463, 477, 493, 517, 521, 525, 526, 527, 541, 557, 589, 641, 645, 646, 647, 649, 650, 651, 653, 654, 655, 656, 661, 665, 669, 670, 671, 677, 681, 685, 686, 687, 701, 709, 713, 717, 718, 719, 733, 749, 769, 773, 774, 775, 777, 778, 779, 781, 782, 783, 784, 789, 793, 797, 798, 799, 805, 809, 813, 814, 815, 829, 837, 841, 845, 846, 847, 861, 877, 897, 898, 899, 901, 902, 903, 904, 905, 906, 907, 908, 910, 911, 912, 913, 917, 918, 919, 921, 922, 923, 925, 926, 927, 928, 929, 933, 934, 935, 937, 938, 939, 941, 942, 943, 944, 949, 953, 957, 958, 959, 961, 965, 966, 967, 969, 970, 971, 973, 974, 975, 976, 981, 985, 989, 990, 991, 997, 1001, 1005, 1006, 1007, 1021]
x_910: [14, 134, 138, 141, 142, 144, 158, 174, 206, 262, 266, 269, 270, 272, 286, 302, 334, 386, 389, 390, 392, 393, 394, 396, 397, 398, 399, 400, 406, 410, 413, 414, 416, 422, 426, 429, 430, 432, 446, 454, 458, 461, 462, 464, 478, 494, 518, 522, 525, 526, 528, 542, 558, 590, 642, 645, 646, 648, 649, 650, 652, 653, 654, 655, 656, 662, 666, 669, 670, 672, 678, 682, 685, 686, 688, 702, 710, 714, 717, 718, 720, 734, 750, 770, 773, 774, 776, 777, 778, 780, 781, 782, 783, 784, 790, 794, 797, 798, 800, 806, 810, 813, 814, 816, 830, 838, 842, 845, 846, 848, 862, 878, 897, 898, 900, 901, 902, 903, 904, 905, 906, 907, 908, 909, 911, 912, 914, 917, 918, 920, 921, 922, 924, 925, 926, 927, 928, 930, 933, 934, 936, 937, 938, 940, 941, 942, 943, 944, 950, 954, 957, 958, 960, 962, 965, 966, 968, 969, 970, 972, 973, 974, 975, 976, 982, 986, 989, 990, 992, 998, 1002, 1005, 1006, 1008, 1022]
x_911: [15, 135, 139, 141, 143, 144, 159, 175, 207, 263, 267, 269, 271, 272, 287, 303, 335, 387, 389, 391, 392, 393, 395, 396, 397, 398, 399, 400, 407, 411, 413, 415, 416, 423, 427, 429, 431, 432, 447, 455, 459, 461, 463, 464, 479, 495, 519, 523, 525, 527, 528, 543, 559, 591, 643, 645, 647, 648, 649, 651, 652, 653, 654, 655, 656, 663, 667, 669, 671, 672, 679, 683, 685, 687, 688, 703, 711, 715, 717, 719, 720, 735, 751, 771, 773, 775, 776, 777, 779, 780, 781, 782, 783, 784, 791, 795, 797, 799, 800, 807, 811, 813, 815, 816, 831, 839, 843, 845, 847, 848, 863, 879, 897, 899, 900, 901, 902, 903, 904, 905, 906, 907, 908, 909, 910, 912, 915, 917, 919, 920, 921, 923, 924, 925, 926, 927, 928, 931, 933, 935, 936, 937, 939, 940, 941, 942, 943, 944, 951, 955, 957, 959, 960, 963, 965, 967, 968, 969, 971, 972, 973, 974, 975, 976, 983, 987, 989, 991, 992, 999, 1003, 1005, 1007, 1008, 1023]
x_912: [16, 136, 140, 142, 143, 144, 160, 176, 208, 264, 268, 270, 271, 272, 288, 304, 336, 388, 390, 391, 392, 394, 395, 396, 397, 398, 399, 400, 408, 412, 414, 415, 416, 424, 428, 430, 431, 432, 448, 456, 460, 462, 463, 464, 480, 496, 520, 524, 526, 527, 528, 544, 560, 592, 644, 646, 647, 648, 650, 651, 652, 653, 654, 655, 656, 664, 668, 670, 671, 672, 680, 684, 686, 687, 688, 704, 712, 716, 718, 719, 720, 736, 752, 772, 774, 775, 776, 778, 779, 780, 781, 782, 783, 784, 792, 796, 798, 799, 800, 808, 812, 814, 815, 816, 832, 840, 844, 846, 847, 848, 864, 880, 898, 899, 900, 901, 902, 903, 904, 905, 906, 907, 908, 909, 910, 911, 916, 918, 919, 920, 922, 923, 924, 925, 926, 927, 928, 932, 934, 935, 936, 938, 939, 940, 941, 942, 943, 944, 952, 956, 958, 959, 960, 964, 966, 967, 968, 970, 971, 972, 973, 974, 975, 976, 984, 988, 990, 991, 992, 1000, 1004, 1006, 1007, 1008, 1024]
x_913: [17, 129, 145, 146, 147, 149, 153, 177, 209, 257, 273, 274, 275, 277, 281, 305, 337, 385, 386, 387, 389, 393, 401, 402, 403, 404, 405, 406, 407, 409, 410, 411, 413, 417, 433, 434, 435, 437, 441, 449, 465, 466, 467, 469, 473, 497, 513, 529, 530, 531, 533, 537, 561, 593, 641, 642, 643, 645, 649, 657, 658, 659, 660, 661, 662, 663, 665, 666, 667, 669, 673, 689, 690, 691, 693, 697, 705, 721, 722, 723, 725, 729, 753, 769, 770, 771, 773, 777, 785, 786, 787, 788, 789, 790, 791, 793, 794, 795, 797, 801, 817, 818, 819, 821, 825, 833, 849, 850, 851, 853, 857, 881, 897, 898, 899, 900, 901, 902, 903, 905, 906, 907, 909, 914, 915, 916, 917, 918, 919, 920, 921, 922, 923, 924, 925, 926, 927, 929, 930, 931, 933, 937, 945, 946, 947, 948, 949, 950, 951, 953, 954, 955, 957, 961, 962, 963, 965, 969, 977, 978, 979, 980, 981, 982, 983, 985, 986, 987, 989, 993, 1009, 1010, 1011, 1013, 1017]
x_914: [18, 130, 145, 146, 148, 150, 154, 178, 210, 258, 273, 274, 276, 278, 282, 306, 338, 385, 386, 388, 390, 394, 401, 402, 403, 404, 405, 406, 408, 409, 410, 412, 414, 418, 433, 434, 436, 438, 442, 450, 465, 466, 468, 470, 474, 498, 514, 529, 530, 532, 534, 538, 562, 594, 641, 642, 644, 646, 650, 657, 658, 659, 660, 661, 662, 664, 665, 666, 668, 670, 674, 689, 690, 692, 694, 698, 706, 721, 722, 724, 726, 730, 754, 769, 770, 772, 774, 778, 785, 786, 787, 788, 789, 790, 792, 793, 794, 796, 798, 802, 817, 818, 820, 822, 826, 834, 849, 850, 852, 854, 858, 882, 897, 898, 899, 900, 901, 902, 904, 905, 906, 908, 910, 913, 915, 916, 917, 918, 919, 920, 921, 922, 923, 924, 925, 926, 928, 929, 930, 932, 934, 938, 945, 946, 947, 948, 949, 950, 952, 953, 954, 956, 958, 961, 962, 964, 966, 970, 977, 978, 979, 980, 981, 982, 984, 985, 986, 988, 990, 994, 1009, 1010, 1012, 1014, 1018]
x_915: [19, 131, 145, 147, 148, 151, 155, 179, 211, 259, 273, 275, 276, 279, 283, 307, 339, 385, 387, 388, 391, 395, 401, 402, 403, 404, 405, 407, 408, 409, 411, 412, 415, 419, 433, 435, 436, 439, 443, 451, 465, 467, 468, 471, 475, 499, 515, 529, 531, 532, 535, 539, 563, 595, 641, 643, 644, 647, 651, 657, 658, 659, 660, 661, 663, 664, 665, 667, 668, 671, 675, 689, 691, 692, 695, 699, 707, 721, 723, 724, 727, 731, 755, 769, 771, 772, 775, 779, 785, 786, 787, 788, 789, 791, 792, 793, 795, 796, 799, 803, 817, 819, 820, 823, 827, 835, 849, 851, 852, 855, 859, 883, 897, 898, 899, 900, 901, 903, 904, 905, 907, 908, 911, 913, 914, 916, 917, 918, 919, 920, 921, 922, 923, 924, 925, 927, 928, 929, 931, 932, 935, 939, 945, 946, 947, 948, 949, 951, 952, 953, 955, 956, 959, 961, 963, 964, 967, 971, 977, 978, 979, 980, 981, 983, 984, 985, 987, 988, 991, 995, 1009, 1011, 1012, 1015, 1019]
x_916: [20, 132, 146, 147, 148, 152, 156, 180, 212, 260, 274, 275, 276, 280, 284, 308, 340, 386, 387, 388, 392, 396, 401, 402, 403, 404, 406, 407, 408, 410, 411, 412, 416, 420, 434, 435, 436, 440, 444, 452, 466, 467, 468, 472, 476, 500, 516, 530, 531, 532, 536, 540, 564, 596, 642, 643, 644, 648, 652, 657, 658, 659, 660, 662, 663, 664, 666, 667, 668, 672, 676, 690, 691, 692, 696, 700, 708, 722, 723, 724, 728, 732, 756, 770, 771, 772, 776, 780, 785, 786, 787, 788, 790, 791, 792, 794, 795, 796, 800, 804, 818, 819, 820, 824, 828, 836, 850, 851, 852, 856, 860, 884, 897, 898, 899, 900, 902, 903, 904, 906, 907, 908, 912, 913, 914, 915, 917, 918, 919, 920, 921, 922, 923, 924, 926, 927, 928, 930, 931, 932, 936, 940, 945, 946, 947, 948, 950, 951, 952, 954, 955, 956, 960, 962, 963, 964, 968, 972, 977, 978, 979, 980, 982, 983, 984, 986, 987, 988, 992, 996, 1010, 1011, 1012, 1016, 1020]
x_917: [21, 133, 145, 149, 150, 151, 157, 181, 213, 261, 273, 277, 278, 279, 285, 309, 341, 385, 389, 390, 391, 397, 401, 402, 403, 405, 406, 407, 408, 409, 413, 414, 415, 421, 433, 437, 438, 439, 445, 453, 465, 469, 470, 471, 477, 501, 517, 529, 533, 534, 535, 541, 565, 597, 641, 645, 646, 647, 653, 657, 658, 659, 661, 662, 663, 664, 665, 669, 670, 671, 677, 689, 693, 694, 695, 701, 709, 721, 725, 726, 727, 733, 757, 769, 773, 774, 775, 781, 785, 786, 787, 789, 790, 791, 792, 793, 797, 798, 799, 805, 817, 821, 822, 823, 829, 837, 849, 853, 854, 855, 861, 885, 897, 898, 899, 901, 902, 903, 904, 905, 909, 910, 911, 913, 914, 915, 916, 918, 919, 920, 921, 922, 923, 925, 926, 927, 928, 929, 933, 934, 935, 941, 945, 946, 947, 949, 950, 951, 952, 953, 957, 958, 959, 961, 965, 966, 967, 973, 977, 978, 979, 981, 982, 983, 984, 985, 989, 990, 991, 997, 1009, 1013, 1014, 1015, 1021]
x_918: [22, 134, 146, 149, 150, 152, 158, 182, 214, 262, 274, 277, 278, 280, 286, 310, 342, 386, 389, 390, 392, 398, 401, 402, 404, 405, 406, 407, 408, 410, 413, 414, 416, 422, 434, 437, 438, 440, 446, 454, 466, 469, 470, 472, 478, 502, 518, 530, 533, 534, 536, 542, 566, 598, 642, 645, 646, 648, 654, 657, 658, 660, 661, 662, 663, 664, 666, 669, 670, 672, 678, 690, 693, 694, 696, 702, 710, 722, 725, 726, 728, 734, 758, 770, 773, 774, 776, 782, 785, 786, 788, 789, 790, 791, 792, 794, 797, 798, 800, 806, 818, 821, 822, 824, 830, 838, 850, 853, 854, 856, 862, 886, 897, 898, 900, 901, 902, 903, 904, 906, 909, 910, 912, 913, 914, 915, 916, 917, 919, 920, 921, 922, 924, 925, 926, 927, 928, 930, 933, 934, 936, 942, 945, 946, 948, 949, 950, 951, 952, 954, 957, 958, 960, 962, 965, 966, 968, 974, 977, 978, 980, 981, 982, 983, 984, 986, 989, 990, 992, 998, 1010, 1013, 1014, 1016, 1022]
x_919: [23, 135, 147, 149, 151, 152, 159, 183, 215, 263, 275, 277, 279, 280, 287, 311, 343, 387, 389, 391, 392, 399, 401, 403, 404, 405, 406, 407, 408, 411, 413, 415, 416, 423, 435, 437, 439, 440, 447, 455, 467, 469, 471, 472, 479, 503, 519, 531, 533, 535, 536, 543, 567, 599, 643, 645, 647, 648, 655, 657, 659, 660, 661, 662, 663, 664, 667, 669, 671, 672, 679, 691, 693, 695, 696, 703, 711, 723, 725, 727, 728, 735, 759, 771, 773, 775, 776, 783, 785, 787, 788, 789, 790, 791, 792, 795, 797, 799, 800, 807, 819, 821, 823, 824, 831, 839, 851, 853, 855, 856, 863, 887, 897, 899, 900, 901, 902, 903, 904, 907, 909, 911, 912, 913, 914, 915, 916, 917, 918, 920, 921, 923, 924, 925, 926, 927, 928, 931, 933, 935, 936, 943, 945, 947, 948, 949, 950, 951, 952, 955, 957, 959, 960, 963, 965, 967, 968, 975, 977, 979, 980, 981, 982, 983, 984, 987, 989, 991, 992, 999, 1011, 1013, 1015, 1016, 1023]
x_920: [24, 136, 148, 150, 151, 152, 160, 184, 216, 264, 276, 278, 279, 280, 288, 312, 344, 388, 390, 391, 392, 400, 402, 403, 404, 405, 406, 407, 408, 412, 414, 415, 416, 424, 436, 438, 439, 440, 448, 456, 468, 470, 471, 472, 480, 504, 520, 532, 534, 535, 536, 544, 568, 600, 644, 646, 647, 648, 656, 658, 659, 660, 661, 662, 663, 664, 668, 670, 671, 672, 680, 692, 694, 695, 696, 704, 712, 724, 726, 727, 728, 736, 760, 772, 774, 775, 776, 784, 786, 787, 788, 789, 790, 791, 792, 796, 798, 799, 800, 808, 820, 822, 823, 824, 832, 840, 852, 854, 855, 856, 864, 888, 898, 899, 900, 901, 902, 903, 904, 908, 910, 911, 912, 913, 914, 915, 916, 917, 918, 919, 922, 923, 924, 925, 926, 927, 928, 932, 934, 935, 936, 944, 946, 947, 948, 949, 950, 951, 952, 956, 958, 959, 960, 964, 966, 967, 968, 976, 978, 979, 980, 981, 982, 983, 984, 988, 990, 991, 992, 1000, 1012, 1014, 1015, 1016, 1024]
x_921: [25, 137, 145, 153, 154, 155, 157, 185, 217, 265, 273, 281, 282, 283, 285, 313, 345, 385, 393, 394, 395, 397, 401, 402, 403, 405, 409, 410, 411, 412, 413, 414, 415, 425, 433, 441, 442, 443, 445, 457, 465, 473, 474, 475, 477, 505, 521, 529, 537, 538, 539, 541, 569, 601, 641, 649, 650, 651, 653, 657, 658, 659, 661, 665, 666, 667, 668, 669, 670, 671, 681, 689, 697, 698, 699, 701, 713, 721, 729, 730, 731, 733, 761, 769, 777, 778, 779, 781, 785, 786, 787, 789, 793, 794, 795, 796, 797, 798, 799, 809, 817, 825, 826, 827, 829, 841, 849, 857, 858, 859, 861, 889, 897, 898, 899, 901, 905, 906, 907, 908, 909, 910, 911, 913, 914, 915, 916, 917, 918, 919, 922, 923, 924, 925, 926, 927, 928, 929, 937, 938, 939, 941, 945, 946, 947, 949, 953, 954, 955, 956, 957, 958, 959, 961, 969, 970, 971, 973, 977, 978, 979, 981, 985, 986, 987, 988, 989, 990, 991, 1001, 1009, 1017, 1018, 1019, 1021]
x_922: [26, 138, 146, 153, 154, 156, 158, 186, 218, 266, 274, 281, 282, 284, 286, 314, 346, 386, 393, 394, 396, 398, 401, 402, 404, 406, 409, 410, 411, 412, 413, 414, 416, 426, 434, 441, 442, 444, 446, 458, 466, 473, 474, 476, 478, 506, 522, 530, 537, 538, 540, 542, 570, 602, 642, 649, 650, 652, 654, 657, 658, 660, 662, 665, 666, 667, 668, 669, 670, 672, 682, 690, 697, 698, 700, 702, 714, 722, 729, 730, 732, 734, 762, 770, 777, 778, 780, 782, 785, 786, 788, 790, 793, 794, 795, 796, 797, 798, 800, 810, 818, 825, 826, 828, 830, 842, 850, 857, 858, 860, 862, 890, 897, 898, 900, 902, 905, 906, 907, 908, 909, 910, 912, 913, 914, 915, 916, 917, 918, 920, 921, 923, 924, 925, 926, 927, 928, 930, 937, 938, 940, 942, 945, 946, 948, 950, 953, 954, 955, 956, 957, 958, 960, 962, 969, 970, 972, 974, 977, 978, 980, 982, 985, 986, 987, 988, 989, 990, 992, 1002, 1010, 1017, 1018, 1020, 1022]
x_923: [27, 139, 147, 153, 155, 156, 159, 187, 219, 267, 275, 281, 283, 284, 287, 315, 347, 387, 393, 395, 396, 399, 401, 403, 404, 407, 409, 410, 411, 412, 413, 415, 416, 427, 435, 441, 443, 444, 447, 459, 467, 473, 475, 476, 479, 507, 523, 531, 537, 539, 540, 543, 571, 603, 643, 649, 651, 652, 655, 657, 659, 660, 663, 665, 666, 667, 668, 669, 671, 672, 683, 691, 697, 699, 700, 703, 715, 723, 729, 731, 732, 735, 763, 771, 777, 779, 780, 783, 785, 787, 788, 791, 793, 794, 795, 796, 797, 799, 800, 811, 819, 825, 827, 828, 831, 843, 851, 857, 859, 860, 863, 891, 897, 899, 900, 903, 905, 906, 907, 908, 909, 911, 912, 913, 914, 915, 916, 917, 919, 920, 921, 922, 924, 925, 926, 927, 928, 931, 937, 939, 940, 943, 945, 947, 948, 951, 953, 954, 955, 956, 957, 959, 960, 963, 969, 971, 972, 975, 977, 979, 980, 983, 985, 986, 987, 988, 989, 991, 992, 1003, 1011, 1017, 1019, 1020, 1023]
x_924: [28, 140, 148, 154, 155, 156, 160, 188, 220, 268, 276, 282, 283, 284, 288, 316, 348, 388, 394, 395, 396, 400, 402, 403, 404, 408, 409, 410, 411, 412, 414, 415, 416, 428, 436, 442, 443, 444, 448, 460, 468, 474, 475, 476, 480, 508, 524, 532, 538, 539, 540, 544, 572, 604, 644, 650, 651, 652, 656, 658, 659, 660, 664, 665, 666, 667, 668, 670, 671, 672, 684, 692, 698, 699, 700, 704, 716, 724, 730, 731, 732, 736, 764, 772, 778, 779, 780, 784, 786, 787, 788, 792, 793, 794, 795, 796, 798, 799, 800, 812, 820, 826, 827, 828, 832, 844, 852, 858, 859, 860, 864, 892, 898, 899, 900, 904, 905, 906, 907, 908, 910, 911, 912, 913, 914, 915, 916, 918, 919, 920, 921, 922, 923, 925, 926, 927, 928, 932, 938, 939, 940, 944, 946, 947, 948, 952, 953, 954, 955, 956, 958, 959, 960, 964, 970, 971, 972, 976, 978, 979, 980, 984, 985, 986, 987, 988, 990, 991, 992, 1004, 1012, 1018, 1019, 1020, 1024]
x_925: [29, 141, 149, 153, 157, 158, 159, 189, 221, 269, 277, 281, 285, 286, 287, 317, 349, 389, 393, 397, 398, 399, 401, 405, 406, 407, 409, 410, 411, 413, 414, 415, 416, 429, 437, 441, 445, 446, 447, 461, 469, 473, 477, 478, 479, 509, 525, 533, 537, 541, 542, 543, 573, 605, 645, 649, 653, 654, 655, 657, 661, 662, 663, 665, 666, 667, 669, 670, 671, 672, 685, 693, 697, 701, 702, 703, 717, 725, 729, 733, 734, 735, 765, 773, 777, 781, 782, 783, 785, 789, 790, 791, 793, 794, 795, 797, 798, 799, 800, 813, 821, 825, 829, 830, 831, 845, 853, 857, 861, 862, 863, 893, 897, 901, 902, 903, 905, 906, 907, 909, 910, 911, 912, 913, 914, 915, 917, 918, 919, 920, 921, 922, 923, 924, 926, 927, 928, 933, 937, 941, 942, 943, 945, 949, 950, 951, 953, 954, 955, 957, 958, 959, 960, 965, 969, 973, 974, 975, 977, 981, 982, 983, 985, 986, 987, 989, 990, 991, 992, 1005, 1013, 1017, 1021, 1022, 1023]
x_926: [30, 142, 150, 154, 157, 158, 160, 190, 222, 270, 278, 282, 285, 286, 288, 318, 350, 390, 394, 397, 398, 400, 402, 405, 406, 408, 409, 410, 412, 413, 414, 415, 416, 430, 438, 442, 445, 446, 448, 462, 470, 474, 477, 478, 480, 510, 526, 534, 538, 541, 542, 544, 574, 606, 646, 650, 653, 654, 656, 658, 661, 662, 664, 665, 666, 668, 669, 670, 671, 672, 686, 694, 698, 701, 702, 704, 718, 726, 730, 733, 734, 736, 766, 774, 778, 781, 782, 784, 786, 789, 790, 792, 793, 794, 796, 797, 798, 799, 800, 814, 822, 826, 829, 830, 832, 846, 854, 858, 861, 862, 864, 894, 898, 901, 902, 904, 905, 906, 908, 909, 910, 911, 912, 913, 914, 916, 917, 918, 919, 920, 921, 922, 923, 924, 925, 927, 928, 934, 938, 941, 942, 944, 946, 949, 950, 952, 953, 954, 956, 957, 958, 959, 960, 966, 970, 973, 974, 976, 978, 981, 982, 984, 985, 986, 988, 989, 990, 991, 992, 1006, 1014, 1018, 1021, 1022, 1024]
x_927: [31, 143, 151, 155, 157, 159, 160, 191, 223, 271, 279, 283, 285, 287, 288, 319, 351, 391, 395, 397, 399, 400, 403, 405, 407, 408, 409, 411, 412, 413, 414, 415, 416, 431, 439, 443, 445, 447, 448, 463, 471, 475, 477, 479, 480, 511, 527, 535, 539, 541, 543, 544, 575, 607, 647, 651, 653, 655, 656, 659, 661, 663, 664, 665, 667, 668, 669, 670, 671, 672, 687, 695, 699, 701, 703, 704, 719, 727, 731, 733, 735, 736, 767, 775, 779, 781, 783, 784, 787, 789, 791, 792, 793, 795, 796, 797, 798, 799, 800, 815, 823, 827, 829, 831, 832, 847, 855, 859, 861, 863, 864, 895, 899, 901, 903, 904, 905, 907, 908, 909, 910, 911, 912, 913, 915, 916, 917, 918, 919, 920, 921, 922, 923, 924, 925, 926, 928, 935, 939, 941, 943, 944, 947, 949, 951, 952, 953, 955, 956, 957, 958, 959, 960, 967, 971, 973, 975, 976, 979, 981, 983, 984, 985, 987, 988, 989, 990, 991, 992, 1007, 1015, 1019, 1021, 1023, 1024]
x_928: [32, 144, 152, 156, 158, 159, 160, 192, 224, 272, 280, 284, 286, 287, 288, 320, 352, 392, 396, 398, 399, 400, 404, 406, 407, 408, 410, 411, 412, 413, 414, 415, 416, 432, 440, 444, 446, 447, 448, 464, 472, 476, 478, 479, 480, 512, 528, 536, 540, 542, 543, 544, 576, 608, 648, 652, 654, 655, 656, 660, 662, 663, 664, 666, 667, 668, 669, 670, 671, 672, 688, 696, 700, 702, 703, 704, 720, 728, 732, 734, 735, 736, 768, 776, 780, 782, 783, 784, 788, 790, 791, 792, 794, 795, 796, 797, 798, 799, 800, 816, 824, 828, 830, 831, 832, 848, 856, 860, 862, 863, 864, 896, 900, 902, 903, 904, 906, 907, 908, 909, 910, 911, 912, 914, 915, 916, 917, 918, 919, 920, 921, 922, 923, 924, 925, 926, 927, 936, 940, 942, 943, 944, 948, 950, 951, 952, 954, 955, 956, 957, 958, 959, 960, 968, 972, 974, 975, 976, 980, 982, 983, 984, 986, 987, 988, 989, 990, 991, 992, 1008, 1016, 1020, 1022, 1023, 1024]
x_929: [33, 129, 161, 162, 163, 165, 169, 177, 225, 257, 289, 290, 291, 293, 297, 305, 353, 385, 386, 387, 389, 393, 401, 417, 418, 419, 420, 421, 422, 423, 425, 426, 427, 429, 433, 434, 435, 437, 441, 449, 481, 482, 483, 485, 489, 497, 513, 545, 546, 547, 549, 553, 561, 609, 641, 642, 643, 645, 649, 657, 673, 674, 675, 676, 677, 678, 679, 681, 682, 683, 685, 689, 690, 691, 693, 697, 705, 737, 738, 739, 741, 745, 753, 769, 770, 771, 773, 777, 785, 801, 802, 803, 804, 805, 806, 807, 809, 810, 811, 813, 817, 818, 819, 821, 825, 833, 865, 866, 867, 869, 873, 881, 897, 898, 899, 900, 901, 902, 903, 905, 906, 907, 909, 913, 914, 915, 917, 921, 930, 931, 932, 933, 934, 935, 936, 937, 938, 939, 940, 941, 942, 943, 945, 946, 947, 948, 949, 950, 951, 953, 954, 955, 957, 961, 962, 963, 965, 969, 977, 993, 994, 995, 996, 997, 998, 999, 1001, 1002, 1003, 1005, 1009, 1010, 1011, 1013, 1017]
x_930: [34, 130, 161, 162, 164, 166, 170, 178, 226, 258, 289, 290, 292, 294, 298, 306, 354, 385, 386, 388, 390, 394, 402, 417, 418, 419, 420, 421, 422, 424, 425, 426, 428, 430, 433, 434, 436, 438, 442, 450, 481, 482, 484, 486, 490, 498, 514, 545, 546, 548, 550, 554, 562, 610, 641, 642, 644, 646, 650, 658, 673, 674, 675, 676, 677, 678, 680, 681, 682, 684, 686, 689, 690, 692, 694, 698, 706, 737, 738, 740, 742, 746, 754, 769, 770, 772, 774, 778, 786, 801, 802, 803, 804, 805, 806, 808, 809, 810, 812, 814, 817, 818, 820, 822, 826, 834, 865, 866, 868, 870, 874, 882, 897, 898, 899, 900, 901, 902, 904, 905, 906, 908, 910, 913, 914, 916, 918, 922, 929, 931, 932, 933, 934, 935, 936, 937, 938, 939, 940, 941, 942, 944, 945, 946, 947, 948, 949, 950, 952, 953, 954, 956, 958, 961, 962, 964, 966, 970, 978, 993, 994, 995, 996, 997, 998, 1000, 1001, 1002, 1004, 1006, 1009, 1010, 1012, 1014, 1018]
x_931: [35, 131, 161, 163, 164, 167, 171, 179, 227, 259, 289, 291, 292, 295, 299, 307, 355, 385, 387, 388, 391, 395, 403, 417, 418, 419, 420, 421, 423, 424, 425, 427, 428, 431, 433, 435, 436, 439, 443, 451, 481, 483, 484, 487, 491, 499, 515, 545, 547, 548, 551, 555, 563, 611, 641, 643, 644, 647, 651, 659, 673, 674, 675, 676, 677, 679, 680, 681, 683, 684, 687, 689, 691, 692, 695, 699, 707, 737, 739, 740, 743, 747, 755, 769, 771, 772, 775, 779, 787, 801, 802, 803, 804, 805, 807, 808, 809, 811, 812, 815, 817, 819, 820, 823, 827, 835, 865, 867, 868, 871, 875, 883, 897, 898, 899, 900, 901, 903, 904, 905, 907, 908, 911, 913, 915, 916, 919, 923, 929, 930, 932, 933, 934, 935, 936, 937, 938, 939, 940, 941, 943, 944, 945, 946, 947, 948, 949, 951, 952, 953, 955, 956, 959, 961, 963, 964, 967, 971, 979, 993, 994, 995, 996, 997, 999, 1000, 1001, 1003, 1004, 1007, 1009, 1011, 1012, 1015, 1019]
x_932: [36, 132, 162, 163, 164, 168, 172, 180, 228, 260, 290, 291, 292, 296, 300, 308, 356, 386, 387, 388, 392, 396, 404, 417, 418, 419, 420, 422, 423, 424, 426, 427, 428, 432, 434, 435, 436, 440, 444, 452, 482, 483, 484, 488, 492, 500, 516, 546, 547, 548, 552, 556, 564, 612, 642, 643, 644, 648, 652, 660, 673, 674, 675, 676, 678, 679, 680, 682, 683, 684, 688, 690, 691, 692, 696, 700, 708, 738, 739, 740, 744, 748, 756, 770, 771, 772, 776, 780, 788, 801, 802, 803, 804, 806, 807, 808, 810, 811, 812, 816, 818, 819, 820, 824, 828, 836, 866, 867, 868, 872, 876, 884, 897, 898, 899, 900, 902, 903, 904, 906, 907, 908, 912, 914, 915, 916, 920, 924, 929, 930, 931, 933, 934, 935, 936, 937, 938, 939, 940, 942, 943, 944, 945, 946, 947, 948, 950, 951, 952, 954, 955, 956, 960, 962, 963, 964, 968, 972, 980, 993, 994, 995, 996, 998, 999, 1000, 1002, 1003, 1004, 1008, 1010, 1011, 1012, 1016, 1020]
x_933: [37, 133, 161, 165, 166, 167, 173, 181, 229, 261, 289, 293, 294, 295, 301, 309, 357, 385, 389, 390, 391, 397, 405, 417, 418, 419, 421, 422, 423, 424, 425, 429, 430, 431, 433, 437, 438, 439, 445, 453, 481, 485, 486, 487, 493, 501, 517, 545, 549, 550, 551, 557, 565, 613, 641, 645, 646, 647, 653, 661, 673, 674, 675, 677, 678, 679, 680, 681, 685, 686, 687, 689, 693, 694, 695, 701, 709, 737, 741, 742, 743, 749, 757, 769, 773, 774, 775, 781, 789, 801, 802, 803, 805, 806, 807, 808, 809, 813, 814, 815, 817, 821, 822, 823, 829, 837, 865, 869, 870, 871, 877, 885, 897, 898, 899, 901, 902, 903, 904, 905, 909, 910, 911, 913, 917, 918, 919, 925, 929, 930, 931, 932, 934, 935, 936, 937, 938, 939, 941, 942, 943, 944, 945, 946, 947, 949, 950, 951, 952, 953, 957, 958, 959, 961, 965, 966, 967, 973, 981, 993, 994, 995, 997, 998, 999, 1000, 1001, 1005, 1006, 1007, 1009, 1013, 1014, 1015, 1021]
x_934: [38, 134, 162, 165, 166, 168, 174, 182, 230, 262, 290, 293, 294, 296, 302, 310, 358, 386, 389, 390, 392, 398, 406, 417, 418, 420, 421, 422, 423, 424, 426, 429, 430, 432, 434, 437, 438, 440, 446, 454, 482, 485, 486, 488, 494, 502, 518, 546, 549, 550, 552, 558, 566, 614, 642, 645, 646, 648, 654, 662, 673, 674, 676, 677, 678, 679, 680, 682, 685, 686, 688, 690, 693, 694, 696, 702, 710, 738, 741, 742, 744, 750, 758, 770, 773, 774, 776, 782, 790, 801, 802, 804, 805, 806, 807, 808, 810, 813, 814, 816, 818, 821, 822, 824, 830, 838, 866, 869, 870, 872, 878, 886, 897, 898, 900, 901, 902, 903, 904, 906, 909, 910, 912, 914, 917, 918, 920, 926, 929, 930, 931, 932, 933, 935, 936, 937, 938, 940, 941, 942, 943, 944, 945, 946, 948, 949, 950, 951, 952, 954, 957, 958, 960, 962, 965, 966, 968, 974, 982, 993, 994, 996, 997, 998, 999, 1000, 1002, 1005, 1006, 1008, 1010, 1013, 1014, 1016, 1022]
x_935: [39, 135, 163, 165, 167, 168, 175, 183, 231, 263, 291, 293, 295, 296, 303, 311, 359, 387, 389, 391, 392, 399, 407, 417, 419, 420, 421, 422, 423, 424, 427, 429, 431, 432, 435, 437, 439, 440, 447, 455, 483, 485, 487, 488, 495, 503, 519, 547, 549, 551, 552, 559, 567, 615, 643, 645, 647, 648, 655, 663, 673, 675, 676, 677, 678, 679, 680, 683, 685, 687, 688, 691, 693, 695, 696, 703, 711, 739, 741, 743, 744, 751, 759, 771, 773, 775, 776, 783, 791, 801, 803, 804, 805, 806, 807, 808, 811, 813, 815, 816, 819, 821, 823, 824, 831, 839, 867, 869, 871, 872, 879, 887, 897, 899, 900, 901, 902, 903, 904, 907, 909, 911, 912, 915, 917, 919, 920, 927, 929, 930, 931, 932, 933, 934, 936, 937, 939, 940, 941, 942, 943, 944, 945, 947, 948, 949, 950, 951, 952, 955, 957, 959, 960, 963, 965, 967, 968, 975, 983, 993, 995, 996, 997, 998, 999, 1000, 1003, 1005, 1007, 1008, 1011, 1013, 1015, 1016, 1023]
x_936: [40, 136, 164, 166, 167, 168, 176, 184, 232, 264, 292, 294, 295, 296, 304, 312, 360, 388, 390, 391, 392, 400, 408, 418, 419, 420, 421, 422, 423, 424, 428, 430, 431, 432, 436, 438, 439, 440, 448, 456, 484, 486, 487, 488, 496, 504, 520, 548, 550, 551, 552, 560, 568, 616, 644, 646, 647, 648, 656, 664, 674, 675, 676, 677, 678, 679, 680, 684, 686, 687, 688, 692, 694, 695, 696, 704, 712, 740, 742, 743, 744, 752, 760, 772, 774, 775, 776, 784, 792, 802, 803, 804, 805, 806, 807, 808, 812, 814, 815, 816, 820, 822, 823, 824, 832, 840, 868, 870, 871, 872, 880, 888, 898, 899, 900, 901, 902, 903, 904, 908, 910, 911, 912, 916, 918, 919, 920, 928, 929, 930, 931, 932, 933, 934, 935, 938, 939, 940, 941, 942, 943, 944, 946, 947, 948, 949, 950, 951, 952, 956, 958, 959, 960, 964, 966, 967, 968, 976, 984, 994, 995, 996, 997, 998, 999, 1000, 1004, 1006, 1007, 1008, 1012, 1014, 1015, 1016, 1024]
x_937: [41, 137, 161, 169, 170, 171, 173, 185, 233, 265, 289, 297, 298, 299, 301, 313, 361, 385, 393, 394, 395, 397, 409, 417, 418, 419, 421, 425, 426, 427, 428, 429, 430, 431, 433, 441, 442, 443, 445, 457, 481, 489, 490, 491, 493, 505, 521, 545, 553, 554, 555, 557, 569, 617, 641, 649, 650, 651, 653, 665, 673, 674, 675, 677, 681, 682, 683, 684, 685, 686, 687, 689, 697, 698, 699, 701, 713, 737, 745, 746, 747, 749, 761, 769, 777, 778, 779, 781, 793, 801, 802, 803, 805, 809, 810, 811, 812, 813, 814, 815, 817, 825, 826, 827, 829, 841, 865, 873, 874, 875, 877, 889, 897, 898, 899, 901, 905, 906, 907, 908, 909, 910, 911, 913, 921, 922, 923, 925, 929, 930, 931, 932, 933, 934, 935, 938, 939, 940, 941, 942, 943, 944, 945, 946, 947, 949, 953, 954, 955, 956, 957, 958, 959, 961, 969, 970, 971, 973, 985, 993, 994, 995, 997, 1001, 1002, 1003, 1004, 1005, 1006, 1007, 1009, 1017, 1018, 1019, 1021]
x_938: [42, 138, 162, 169, 170, 172, 174, 186, 234, 266, 290, 297, 298, 300, 302, 314, 362, 386, 393, 394, 396, 398, 410, 417, 418, 420, 422, 425, 426, 427, 428, 429, 430, 432, 434, 441, 442, 444, 446, 458, 482, 489, 490, 492, 494, 506, 522, 546, 553, 554, 556, 558, 570, 618, 642, 649, 650, 652, 654, 666, 673, 674, 676, 678, 681, 682, 683, 684, 685, 686, 688, 690, 697, 698, 700, 702, 714, 738, 745, 746, 748, 750, 762, 770, 777, 778, 780, 782, 794, 801, 802, 804, 806, 809, 810, 811, 812, 813, 814, 816, 818, 825, 826, 828, 830, 842, 866, 873, 874, 876, 878, 890, 897, 898, 900, 902, 905, 906, 907, 908, 909, 910, 912, 914, 921, 922, 924, 926, 929, 930, 931, 932, 933, 934, 936, 937, 939, 940, 941, 942, 943, 944, 945, 946, 948, 950, 953, 954, 955, 956, 957, 958, 960, 962, 969, 970, 972, 974, 986, 993, 994, 996, 998, 1001, 1002, 1003, 1004, 1005, 1006, 1008, 1010, 1017, 1018, 1020, 1022]
x_939: [43, 139, 163, 169, 171, 172, 175, 187, 235, 267, 291, 297, 299, 300, 303, 315, 363, 387, 393, 395, 396, 399, 411, 417, 419, 420, 423, 425, 426, 427, 428, 429, 431, 432, 435, 441, 443, 444, 447, 459, 483, 489, 491, 492, 495, 507, 523, 547, 553, 555, 556, 559, 571, 619, 643, 649, 651, 652, 655, 667, 673, 675, 676, 679, 681, 682, 683, 684, 685, 687, 688, 691, 697, 699, 700, 703, 715, 739, 745, 747, 748, 751, 763, 771, 777, 779, 780, 783, 795, 801, 803, 804, 807, 809, 810, 811, 812, 813, 815, 816, 819, 825, 827, 828, 831, 843, 867, 873, 875, 876, 879, 891, 897, 899, 900, 903, 905, 906, 907, 908, 909, 911, 912, 915, 921, 923, 924, 927, 929, 930, 931, 932, 933, 935, 936, 937, 938, 940, 941, 942, 943, 944, 945, 947, 948, 951, 953, 954, 955, 956, 957, 959, 960, 963, 969, 971, 972, 975, 987, 993, 995, 996, 999, 1001, 1002, 1003, 1004, 1005, 1007, 1008, 1011, 1017, 1019, 1020, 1023]
x_940: [44, 140, 164, 170, 171, 172, 176, 188, 236, 268, 292, 298, 299, 300, 304, 316, 364, 388, 394, 395, 396, 400, 412, 418, 419, 420, 424, 425, 426, 427, 428, 430, 431, 432, 436, 442, 443, 444, 448, 460, 484, 490, 491, 492, 496, 508, 524, 548, 554, 555, 556, 560, 572, 620, 644, 650, 651, 652, 656, 668, 674, 675, 676, 680, 681, 682, 683, 684, 686, 687, 688, 692, 698, 699, 700, 704, 716, 740, 746, 747, 748, 752, 764, 772, 778, 779, 780, 784, 796, 802, 803, 804, 808, 809, 810, 811, 812, 814, 815, 816, 820, 826, 827, 828, 832, 844, 868, 874, 875, 876, 880, 892, 898, 899, 900, 904, 905, 906, 907, 908, 910, 911, 912, 916, 922, 923, 924, 928, 929, 930, 931, 932, 934, 935, 936, 937, 938, 939, 941, 942, 943, 944, 946, 947, 948, 952, 953, 954, 955, 956, 958, 959, 960, 964, 970, 971, 972, 976, 988, 994, 995, 996, 1000, 1001, 1002, 1003, 1004, 1006, 1007, 1008, 1012, 1018, 1019, 1020, 1024]
x_941: [45, 141, 165, 169, 173, 174, 175, 189, 237, 269, 293, 297, 301, 302, 303, 317, 365, 389, 393, 397, 398, 399, 413, 417, 421, 422, 423, 425, 426, 427, 429, 430, 431, 432, 437, 441, 445, 446, 447, 461, 485, 489, 493, 494, 495, 509, 525, 549, 553, 557, 558, 559, 573, 621, 645, 649, 653, 654, 655, 669, 673, 677, 678, 679, 681, 682, 683, 685, 686, 687, 688, 693, 697, 701, 702, 703, 717, 741, 745, 749, 750, 751, 765, 773, 777, 781, 782, 783, 797, 801, 805, 806, 807, 809, 810, 811, 813, 814, 815, 816, 821, 825, 829, 830, 831, 845, 869, 873, 877, 878, 879, 893, 897, 901, 902, 903, 905, 906, 907, 909, 910, 911, 912, 917, 921, 925, 926, 927, 929, 930, 931, 933, 934, 935, 936, 937, 938, 939, 940, 942, 943, 944, 945, 949, 950, 951, 953, 954, 955, 957, 958, 959, 960, 965, 969, 973, 974, 975, 989, 993, 997, 998, 999, 1001, 1002, 1003, 1005, 1006, 1007, 1008, 1013, 1017, 1021, 1022, 1023]
x_942: [46, 142, 166, 170, 173, 174, 176, 190, 238, 270, 294, 298, 301, 302, 304, 318, 366, 390, 394, 397, 398, 400, 414, 418, 421, 422, 424, 425, 426, 428, 429, 430, 431, 432, 438, 442, 445, 446, 448, 462, 486, 490, 493, 494, 496, 510, 526, 550, 554, 557, 558, 560, 574, 622, 646, 650, 653, 654, 656, 670, 674, 677, 678, 680, 681, 682, 684, 685, 686, 687, 688, 694, 698, 701, 702, 704, 718, 742, 746, 749, 750, 752, 766, 774, 778, 781, 782, 784, 798, 802, 805, 806, 808, 809, 810, 812, 813, 814, 815, 816, 822, 826, 829, 830, 832, 846, 870, 874, 877, 878, 880, 894, 898, 901, 902, 904, 905, 906, 908, 909, 910, 911, 912, 918, 922, 925, 926, 928, 929, 930, 932, 933, 934, 935, 936, 937, 938, 939, 940, 941, 943, 944, 946, 949, 950, 952, 953, 954, 956, 957, 958, 959, 960, 966, 970, 973, 974, 976, 990, 994, 997, 998, 1000, 1001, 1002, 1004, 1005, 1006, 1007, 1008, 1014, 1018, 1021, 1022, 1024]
x_943: [47, 143, 167, 171, 173, 175, 176, 191, 239, 271, 295, 299, 301, 303, 304, 319, 367, 391, 395, 397, 399, 400, 415, 419, 421, 423, 424, 425, 427, 428, 429, 430, 431, 432, 439, 443, 445, 447, 448, 463, 487, 491, 493, 495, 496, 511, 527, 551, 555, 557, 559, 560, 575, 623, 647, 651, 653, 655, 656, 671, 675, 677, 679, 680, 681, 683, 684, 685, 686, 687, 688, 695, 699, 701, 703, 704, 719, 743, 747, 749, 751, 752, 767, 775, 779, 781, 783, 784, 799, 803, 805, 807, 808, 809, 811, 812, 813, 814, 815, 816, 823, 827, 829, 831, 832, 847, 871, 875, 877, 879, 880, 895, 899, 901, 903, 904, 905, 907, 908, 909, 910, 911, 912, 919, 923, 925, 927, 928, 929, 931, 932, 933, 934, 935, 936, 937, 938, 939, 940, 941, 942, 944, 947, 949, 951, 952, 953, 955, 956, 957, 958, 959, 960, 967, 971, 973, 975, 976, 991, 995, 997, 999, 1000, 1001, 1003, 1004, 1005, 1006, 1007, 1008, 1015, 1019, 1021, 1023, 1024]
x_944: [48, 144, 168, 172, 174, 175, 176, 192, 240, 272, 296, 300, 302, 303, 304, 320, 368, 392, 396, 398, 399, 400, 416, 420, 422, 423, 424, 426, 427, 428, 429, 430, 431, 432, 440, 444, 446, 447, 448, 464, 488, 492, 494, 495, 496, 512, 528, 552, 556, 558, 559, 560, 576, 624, 648, 652, 654, 655, 656, 672, 676, 678, 679, 680, 682, 683, 684, 685, 686, 687, 688, 696, 700, 702, 703, 704, 720, 744, 748, 750, 751, 752, 768, 776, 780, 782, 783, 784, 800, 804, 806, 807, 808, 810, 811, 812, 813, 814, 815, 816, 824, 828, 830, 831, 832, 848, 872, 876, 878, 879, 880, 896, 900, 902, 903, 904, 906, 907, 908, 909, 910, 911, 912, 920, 924, 926, 927, 928, 930, 931, 932, 933, 934, 935, 936, 937, 938, 939, 940, 941, 942, 943, 948, 950, 951, 952, 954, 955, 956, 957, 958, 959, 960, 968, 972, 974, 975, 976, 992, 996, 998, 999, 1000, 1002, 1003, 1004, 1005, 1006, 1007, 1008, 1016, 1020, 1022, 1023, 1024]
x_945: [49, 145, 161, 177, 178, 179, 181, 185, 241, 273, 289, 305, 306, 307, 309, 313, 369, 385, 401, 402, 403, 405, 409, 417, 418, 419, 421, 425, 433, 434, 435, 436, 437, 438, 439, 441, 442, 443, 445, 465, 481, 497, 498, 499, 501, 505, 529, 545, 561, 562, 563, 565, 569, 625, 641, 657, 658, 659, 661, 665, 673, 674, 675, 677, 681, 689, 690, 691, 692, 693, 694, 695, 697, 698, 699, 701, 721, 737, 753, 754, 755, 757, 761, 769, 785, 786, 787, 789, 793, 801, 802, 803, 805, 809, 817, 818, 819, 820, 821, 822, 823, 825, 826, 827, 829, 849, 865, 881, 882, 883, 885, 889, 897, 898, 899, 901, 905, 913, 914, 915, 916, 917, 918, 919, 921, 922, 923, 925, 929, 930, 931, 932, 933, 934, 935, 937, 938, 939, 941, 946, 947, 948, 949, 950, 951, 952, 953, 954, 955, 956, 957, 958, 959, 961, 977, 978, 979, 981, 985, 993, 994, 995, 997, 1001, 1009, 1010, 1011, 1012, 1013, 1014, 1015, 1017, 1018, 1019, 1021]
x_946: [50, 146, 162, 177, 178, 180, 182, 186, 242, 274, 290, 305, 306, 308, 310, 314, 370, 386, 401, 402, 404, 406, 410, 417, 418, 420, 422, 426, 433, 434, 435, 436, 437, 438, 440, 441, 442, 444, 446, 466, 482, 497, 498, 500, 502, 506, 530, 546, 561, 562, 564, 566, 570, 626, 642, 657, 658, 660, 662, 666, 673, 674, 676, 678, 682, 689, 690, 691, 692, 693, 694, 696, 697, 698, 700, 702, 722, 738, 753, 754, 756, 758, 762, 770, 785, 786, 788, 790, 794, 801, 802, 804, 806, 810, 817, 818, 819, 820, 821, 822, 824, 825, 826, 828, 830, 850, 866, 881, 882, 884, 886, 890, 897, 898, 900, 902, 906, 913, 914, 915, 916, 917, 918, 920, 921, 922, 924, 926, 929, 930, 931, 932, 933, 934, 936, 937, 938, 940, 942, 945, 947, 948, 949, 950, 951, 952, 953, 954, 955, 956, 957, 958, 960, 962, 977, 978, 980, 982, 986, 993, 994, 996, 998, 1002, 1009, 1010, 1011, 1012, 1013, 1014, 1016, 1017, 1018, 1020, 1022]
x_947: [51, 147, 163, 177, 179, 180, 183, 187, 243, 275, 291, 305, 307, 308, 311, 315, 371, 387, 401, 403, 404, 407, 411, 417, 419, 420, 423, 427, 433, 434, 435, 436, 437, 439, 440, 441, 443, 444, 447, 467, 483, 497, 499, 500, 503, 507, 531, 547, 561, 563, 564, 567, 571, 627, 643, 657, 659, 660, 663, 667, 673, 675, 676, 679, 683, 689, 690, 691, 692, 693, 695, 696, 697, 699, 700, 703, 723, 739, 753, 755, 756, 759, 763, 771, 785, 787, 788, 791, 795, 801, 803, 804, 807, 811, 817, 818, 819, 820, 821, 823, 824, 825, 827, 828, 831, 851, 867, 881, 883, 884, 887, 891, 897, 899, 900, 903, 907, 913, 914, 915, 916, 917, 919, 920, 921, 923, 924, 927, 929, 930, 931, 932, 933, 935, 936, 937, 939, 940, 943, 945, 946, 948, 949, 950, 951, 952, 953, 954, 955, 956, 957, 959, 960, 963, 977, 979, 980, 983, 987, 993, 995, 996, 999, 1003, 1009, 1010, 1011, 1012, 1013, 1015, 1016, 1017, 1019, 1020, 1023]
x_948: [52, 148, 164, 178, 179, 180, 184, 188, 244, 276, 292, 306, 307, 308, 312, 316, 372, 388, 402, 403, 404, 408, 412, 418, 419, 420, 424, 428, 433, 434, 435, 436, 438, 439, 440, 442, 443, 444, 448, 468, 484, 498, 499, 500, 504, 508, 532, 548, 562, 563, 564, 568, 572, 628, 644, 658, 659, 660, 664, 668, 674, 675, 676, 680, 684, 689, 690, 691, 692, 694, 695, 696, 698, 699, 700, 704, 724, 740, 754, 755, 756, 760, 764, 772, 786, 787, 788, 792, 796, 802, 803, 804, 808, 812, 817, 818, 819, 820, 822, 823, 824, 826, 827, 828, 832, 852, 868, 882, 883, 884, 888, 892, 898, 899, 900, 904, 908, 913, 914, 915, 916, 918, 919, 920, 922, 923, 924, 928, 929, 930, 931, 932, 934, 935, 936, 938, 939, 940, 944, 945, 946, 947, 949, 950, 951, 952, 953, 954, 955, 956, 958, 959, 960, 964, 978, 979, 980, 984, 988, 994, 995, 996, 1000, 1004, 1009, 1010, 1011, 1012, 1014, 1015, 1016, 1018, 1019, 1020, 1024]
x_949: [53, 149, 165, 177, 181, 182, 183, 189, 245, 277, 293, 305, 309, 310, 311, 317, 373, 389, 401, 405, 406, 407, 413, 417, 421, 422, 423, 429, 433, 434, 435, 437, 438, 439, 440, 441, 445, 446, 447, 469, 485, 497, 501, 502, 503, 509, 533, 549, 561, 565, 566, 567, 573, 629, 645, 657, 661, 662, 663, 669, 673, 677, 678, 679, 685, 689, 690, 691, 693, 694, 695, 696, 697, 701, 702, 703, 725, 741, 753, 757, 758, 759, 765, 773, 785, 789, 790, 791, 797, 801, 805, 806, 807, 813, 817, 818, 819, 821, 822, 823, 824, 825, 829, 830, 831, 853, 869, 881, 885, 886, 887, 893, 897, 901, 902, 903, 909, 913, 914, 915, 917, 918, 919, 920, 921, 925, 926, 927, 929, 930, 931, 933, 934, 935, 936, 937, 941, 942, 943, 945, 946, 947, 948, 950, 951, 952, 953, 954, 955, 957, 958, 959, 960, 965, 977, 981, 982, 983, 989, 993, 997, 998, 999, 1005, 1009, 1010, 1011, 1013, 1014, 1015, 1016, 1017, 1021, 1022, 1023]
x_950: [54, 150, 166, 178, 181, 182, 184, 190, 246, 278, 294, 306, 309, 310, 312, 318, 374, 390, 402, 405, 406, 408, 414, 418, 421, 422, 424, 430, 433, 434, 436, 437, 438, 439, 440, 442, 445, 446, 448, 470, 486, 498, 501, 502, 504, 510, 534, 550, 562, 565, 566, 568, 574, 630, 646, 658, 661, 662, 664, 670, 674, 677, 678, 680, 686, 689, 690, 692, 693, 694, 695, 696, 698, 701, 702, 704, 726, 742, 754, 757, 758, 760, 766, 774, 786, 789, 790, 792, 798, 802, 805, 806, 808, 814, 817, 818, 820, 821, 822, 823, 824, 826, 829, 830, 832, 854, 870, 882, 885, 886, 888, 894, 898, 901, 902, 904, 910, 913, 914, 916, 917, 918, 919, 920, 922, 925, 926, 928, 929, 930, 932, 933, 934, 935, 936, 938, 941, 942, 944, 945, 946, 947, 948, 949, 951, 952, 953, 954, 956, 957, 958, 959, 960, 966, 978, 981, 982, 984, 990, 994, 997, 998, 1000, 1006, 1009, 1010, 1012, 1013, 1014, 1015, 1016, 1018, 1021, 1022, 1024]
x_951: [55, 151, 167, 179, 181, 183, 184, 191, 247, 279, 295, 307, 309, 311, 312, 319, 375, 391, 403, 405, 407, 408, 415, 419, 421, 423, 424, 431, 433, 435, 436, 437, 438, 439, 440, 443, 445, 447, 448, 471, 487, 499, 501, 503, 504, 511, 535, 551, 563, 565, 567, 568, 575, 631, 647, 659, 661, 663, 664, 671, 675, 677, 679, 680, 687, 689, 691, 692, 693, 694, 695, 696, 699, 701, 703, 704, 727, 743, 755, 757, 759, 760, 767, 775, 787, 789, 791, 792, 799, 803, 805, 807, 808, 815, 817, 819, 820, 821, 822, 823, 824, 827, 829, 831, 832, 855, 871, 883, 885, 887, 888, 895, 899, 901, 903, 904, 911, 913, 915, 916, 917, 918, 919, 920, 923, 925, 927, 928, 929, 931, 932, 933, 934, 935, 936, 939, 941, 943, 944, 945, 946, 947, 948, 949, 950, 952, 953, 955, 956, 957, 958, 959, 960, 967, 979, 981, 983, 984, 991, 995, 997, 999, 1000, 1007, 1009, 1011, 1012, 1013, 1014, 1015, 1016, 1019, 1021, 1023, 1024]
x_952: [56, 152, 168, 180, 182, 183, 184, 192, 248, 280, 296, 308, 310, 311, 312, 320, 376, 392, 404, 406, 407, 408, 416, 420, 422, 423, 424, 432, 434, 435, 436, 437, 438, 439, 440, 444, 446, 447, 448, 472, 488, 500, 502, 503, 504, 512, 536, 552, 564, 566, 567, 568, 576, 632, 648, 660, 662, 663, 664, 672, 676, 678, 679, 680, 688, 690, 691, 692, 693, 694, 695, 696, 700, 702, 703, 704, 728, 744, 756, 758, 759, 760, 768, 776, 788, 790, 791, 792, 800, 804, 806, 807, 808, 816, 818, 819, 820, 821, 822, 823, 824, 828, 830, 831, 832, 856, 872, 884, 886, 887, 888, 896, 900, 902, 903, 904, 912, 914, 915, 916, 917, 918, 919, 920, 924, 926, 927, 928, 930, 931, 932, 933, 934, 935, 936, 940, 942, 943, 944, 945, 946, 947, 948, 949, 950, 951, 954, 955, 956, 957, 958, 959, 960, 968, 980, 982, 983, 984, 992, 996, 998, 999, 1000, 1008, 1010, 1011, 1012, 1013, 1014, 1015, 1016, 1020, 1022, 1023, 1024]
x_953: [57, 153, 169, 177, 185, 186, 187, 189, 249, 281, 297, 305, 313, 314, 315, 317, 377, 393, 401, 409, 410, 411, 413, 417, 425, 426, 427, 429, 433, 434, 435, 437, 441, 442, 443, 444, 445, 446, 447, 473, 489, 497, 505, 506, 507, 509, 537, 553, 561, 569, 570, 571, 573, 633, 649, 657, 665, 666, 667, 669, 673, 681, 682, 683, 685, 689, 690, 691, 693, 697, 698, 699, 700, 701, 702, 703, 729, 745, 753, 761, 762, 763, 765, 777, 785, 793, 794, 795, 797, 801, 809, 810, 811, 813, 817, 818, 819, 821, 825, 826, 827, 828, 829, 830, 831, 857, 873, 881, 889, 890, 891, 893, 897, 905, 906, 907, 909, 913, 914, 915, 917, 921, 922, 923, 924, 925, 926, 927, 929, 930, 931, 933, 937, 938, 939, 940, 941, 942, 943, 945, 946, 947, 948, 949, 950, 951, 954, 955, 956, 957, 958, 959, 960, 969, 977, 985, 986, 987, 989, 993, 1001, 1002, 1003, 1005, 1009, 1010, 1011, 1013, 1017, 1018, 1019, 1020, 1021, 1022, 1023]
x_954: [58, 154, 170, 178, 185, 186, 188, 190, 250, 282, 298, 306, 313, 314, 316, 318, 378, 394, 402, 409, 410, 412, 414, 418, 425, 426, 428, 430, 433, 434, 436, 438, 441, 442, 443, 444, 445, 446, 448, 474, 490, 498, 505, 506, 508, 510, 538, 554, 562, 569, 570, 572, 574, 634, 650, 658, 665, 666, 668, 670, 674, 681, 682, 684, 686, 689, 690, 692, 694, 697, 698, 699, 700, 701, 702, 704, 730, 746, 754, 761, 762, 764, 766, 778, 786, 793, 794, 796, 798, 802, 809, 810, 812, 814, 817, 818, 820, 822, 825, 826, 827, 828, 829, 830, 832, 858, 874, 882, 889, 890, 892, 894, 898, 905, 906, 908, 910, 913, 914, 916, 918, 921, 922, 923, 924, 925, 926, 928, 929, 930, 932, 934, 937, 938, 939, 940, 941, 942, 944, 945, 946, 947, 948, 949, 950, 952, 953, 955, 956, 957, 958, 959, 960, 970, 978, 985, 986, 988, 990, 994, 1001, 1002, 1004, 1006, 1009, 1010, 1012, 1014, 1017, 1018, 1019, 1020, 1021, 1022, 1024]
x_955: [59, 155, 171, 179, 185, 187, 188, 191, 251, 283, 299, 307, 313, 315, 316, 319, 379, 395, 403, 409, 411, 412, 415, 419, 425, 427, 428, 431, 433, 435, 436, 439, 441, 442, 443, 444, 445, 447, 448, 475, 491, 499, 505, 507, 508, 511, 539, 555, 563, 569, 571, 572, 575, 635, 651, 659, 665, 667, 668, 671, 675, 681, 683, 684, 687, 689, 691, 692, 695, 697, 698, 699, 700, 701, 703, 704, 731, 747, 755, 761, 763, 764, 767, 779, 787, 793, 795, 796, 799, 803, 809, 811, 812, 815, 817, 819, 820, 823, 825, 826, 827, 828, 829, 831, 832, 859, 875, 883, 889, 891, 892, 895, 899, 905, 907, 908, 911, 913, 915, 916, 919, 921, 922, 923, 924, 925, 927, 928, 929, 931, 932, 935, 937, 938, 939, 940, 941, 943, 944, 945, 946, 947, 948, 949, 951, 952, 953, 954, 956, 957, 958, 959, 960, 971, 979, 985, 987, 988, 991, 995, 1001, 1003, 1004, 1007, 1009, 1011, 1012, 1015, 1017, 1018, 1019, 1020, 1021, 1023, 1024]
x_956: [60, 156, 172, 180, 186, 187, 188, 192, 252, 284, 300, 308, 314, 315, 316, 320, 380, 396, 404, 410, 411, 412, 416, 420, 426, 427, 428, 432, 434, 435, 436, 440, 441, 442, 443, 444, 446, 447, 448, 476, 492, 500, 506, 507, 508, 512, 540, 556, 564, 570, 571, 572, 576, 636, 652, 660, 666, 667, 668, 672, 676, 682, 683, 684, 688, 690, 691, 692, 696, 697, 698, 699, 700, 702, 703, 704, 732, 748, 756, 762, 763, 764, 768, 780, 788, 794, 795, 796, 800, 804, 810, 811, 812, 816, 818, 819, 820, 824, 825, 826, 827, 828, 830, 831, 832, 860, 876, 884, 890, 891, 892, 896, 900, 906, 907, 908, 912, 914, 915, 916, 920, 921, 922, 923, 924, 926, 927, 928, 930, 931, 932, 936, 937, 938, 939, 940, 942, 943, 944, 945, 946, 947, 948, 950, 951, 952, 953, 954, 955, 957, 958, 959, 960, 972, 980, 986, 987, 988, 992, 996, 1002, 1003, 1004, 1008, 1010, 1011, 1012, 1016, 1017, 1018, 1019, 1020, 1022, 1023, 1024]
x_957: [61, 157, 173, 181, 185, 189, 190, 191, 253, 285, 301, 309, 313, 317, 318, 319, 381, 397, 405, 409, 413, 414, 415, 421, 425, 429, 430, 431, 433, 437, 438, 439, 441, 442, 443, 445, 446, 447, 448, 477, 493, 501, 505, 509, 510, 511, 541, 557, 565, 569, 573, 574, 575, 637, 653, 661, 665, 669, 670, 671, 677, 681, 685, 686, 687, 689, 693, 694, 695, 697, 698, 699, 701, 702, 703, 704, 733, 749, 757, 761, 765, 766, 767, 781, 789, 793, 797, 798, 799, 805, 809, 813, 814, 815, 817, 821, 822, 823, 825, 826, 827, 829, 830, 831, 832, 861, 877, 885, 889, 893, 894, 895, 901, 905, 909, 910, 911, 913, 917, 918, 919, 921, 922, 923, 925, 926, 927, 928, 929, 933, 934, 935, 937, 938, 939, 941, 942, 943, 944, 945, 946, 947, 949, 950, 951, 952, 953, 954, 955, 956, 958, 959, 960, 973, 981, 985, 989, 990, 991, 997, 1001, 1005, 1006, 1007, 1009, 1013, 1014, 1015, 1017, 1018, 1019, 1021, 1022, 1023, 1024]
x_958: [62, 158, 174, 182, 186, 189, 190, 192, 254, 286, 302, 310, 314, 317, 318, 320, 382, 398, 406, 410, 413, 414, 416, 422, 426, 429, 430, 432, 434, 437, 438, 440, 441, 442, 444, 445, 446, 447, 448, 478, 494, 502, 506, 509, 510, 512, 542, 558, 566, 570, 573, 574, 576, 638, 654, 662, 666, 669, 670, 672, 678, 682, 685, 686, 688, 690, 693, 694, 696, 697, 698, 700, 701, 702, 703, 704, 734, 750, 758, 762, 765, 766, 768, 782, 790, 794, 797, 798, 800, 806, 810, 813, 814, 816, 818, 821, 822, 824, 825, 826, 828, 829, 830, 831, 832, 862, 878, 886, 890, 893, 894, 896, 902, 906, 909, 910, 912, 914, 917, 918, 920, 921, 922, 924, 925, 926, 927, 928, 930, 933, 934, 936, 937, 938, 940, 941, 942, 943, 944, 945, 946, 948, 949, 950, 951, 952, 953, 954, 955, 956, 957, 959, 960, 974, 982, 986, 989, 990, 992, 998, 1002, 1005, 1006, 1008, 1010, 1013, 1014, 1016, 1017, 1018, 1020, 1021, 1022, 1023, 1024]
x_959: [63, 159, 175, 183, 187, 189, 191, 192, 255, 287, 303, 311, 315, 317, 319, 320, 383, 399, 407, 411, 413, 415, 416, 423, 427, 429, 431, 432, 435, 437, 439, 440, 441, 443, 444, 445, 446, 447, 448, 479, 495, 503, 507, 509, 511, 512, 543, 559, 567, 571, 573, 575, 576, 639, 655, 663, 667, 669, 671, 672, 679, 683, 685, 687, 688, 691, 693, 695, 696, 697, 699, 700, 701, 702, 703, 704, 735, 751, 759, 763, 765, 767, 768, 783, 791, 795, 797, 799, 800, 807, 811, 813, 815, 816, 819, 821, 823, 824, 825, 827, 828, 829, 830, 831, 832, 863, 879, 887, 891, 893, 895, 896, 903, 907, 909, 911, 912, 915, 917, 919, 920, 921, 923, 924, 925, 926, 927, 928, 931, 933, 935, 936, 937, 939, 940, 941, 942, 943, 944, 945, 947, 948, 949, 950, 951, 952, 953, 954, 955, 956, 957, 958, 960, 975, 983, 987, 989, 991, 992, 999, 1003, 1005, 1007, 1008, 1011, 1013, 1015, 1016, 1017, 1019, 1020, 1021, 1022, 1023, 1024]
x_960: [64, 160, 176, 184, 188, 190, 191, 192, 256, 288, 304, 312, 316, 318, 319, 320, 384, 400, 408, 412, 414, 415, 416, 424, 428, 430, 431, 432, 436, 438, 439, 440, 442, 443, 444, 445, 446, 447, 448, 480, 496, 504, 508, 510, 511, 512, 544, 560, 568, 572, 574, 575, 576, 640, 656, 664, 668, 670, 671, 672, 680, 684, 686, 687, 688, 692, 694, 695, 696, 698, 699, 700, 701, 702, 703, 704, 736, 752, 760, 764, 766, 767, 768, 784, 792, 796, 798, 799, 800, 808, 812, 814, 815, 816, 820, 822, 823, 824, 826, 827, 828, 829, 830, 831, 832, 864, 880, 888, 892, 894, 895, 896, 904, 908, 910, 911, 912, 916, 918, 919, 920, 922, 923, 924, 925, 926, 927, 928, 932, 934, 935, 936, 938, 939, 940, 941, 942, 943, 944, 946, 947, 948, 949, 950, 951, 952, 953, 954, 955, 956, 957, 958, 959, 976, 984, 988, 990, 991, 992, 1000, 1004, 1006, 1007, 1008, 1012, 1014, 1015, 1016, 1018, 1019, 1020, 1021, 1022, 1023, 1024]
x_961: [65, 129, 193, 194, 195, 197, 201, 209, 225, 257, 321, 322, 323, 325, 329, 337, 353, 385, 386, 387, 389, 393, 401, 417, 449, 450, 451, 452, 453, 454, 455, 457, 458, 459, 461, 465, 466, 467, 469, 473, 481, 482, 483, 485, 489, 497, 513, 577, 578, 579, 581, 585, 593, 609, 641, 642, 643, 645, 649, 657, 673, 705, 706, 707, 708, 709, 710, 711, 713, 714, 715, 717, 721, 722, 723, 725, 729, 737, 738, 739, 741, 745, 753, 769, 770, 771, 773, 777, 785, 801, 833, 834, 835, 836, 837, 838, 839, 841, 842, 843, 845, 849, 850, 851, 853, 857, 865, 866, 867, 869, 873, 881, 897, 898, 899, 900, 901, 902, 903, 905, 906, 907, 909, 913, 914, 915, 917, 921, 929, 930, 931, 933, 937, 945, 962, 963, 964, 965, 966, 967, 968, 969, 970, 971, 972, 973, 974, 975, 977, 978, 979, 980, 981, 982, 983, 985, 986, 987, 989, 993, 994, 995, 996, 997, 998, 999, 1001, 1002, 1003, 1005, 1009, 1010, 1011, 1013, 1017]
x_962: [66, 130, 193, 194, 196, 198, 202, 210, 226, 258, 321, 322, 324, 326, 330, 338, 354, 385, 386, 388, 390, 394, 402, 418, 449, 450, 451, 452, 453, 454, 456, 457, 458, 460, 462, 465, 466, 468, 470, 474, 481, 482, 484, 486, 490, 498, 514, 577, 578, 580, 582, 586, 594, 610, 641, 642, 644, 646, 650, 658, 674, 705, 706, 707, 708, 709, 710, 712, 713, 714, 716, 718, 721, 722, 724, 726, 730, 737, 738, 740, 742, 746, 754, 769, 770, 772, 774, 778, 786, 802, 833, 834, 835, 836, 837, 838, 840, 841, 842, 844, 846, 849, 850, 852, 854, 858, 865, 866, 868, 870, 874, 882, 897, 898, 899, 900, 901, 902, 904, 905, 906, 908, 910, 913, 914, 916, 918, 922, 929, 930, 932, 934, 938, 946, 961, 963, 964, 965, 966, 967, 968, 969, 970, 971, 972, 973, 974, 976, 977, 978, 979, 980, 981, 982, 984, 985, 986, 988, 990, 993, 994, 995, 996, 997, 998, 1000, 1001, 1002, 1004, 1006, 1009, 1010, 1012, 1014, 1018]
x_963: [67, 131, 193, 195, 196, 199, 203, 211, 227, 259, 321, 323, 324, 327, 331, 339, 355, 385, 387, 388, 391, 395, 403, 419, 449, 450, 451, 452, 453, 455, 456, 457, 459, 460, 463, 465, 467, 468, 471, 475, 481, 483, 484, 487, 491, 499, 515, 577, 579, 580, 583, 587, 595, 611, 641, 643, 644, 647, 651, 659, 675, 705, 706, 707, 708, 709, 711, 712, 713, 715, 716, 719, 721, 723, 724, 727, 731, 737, 739, 740, 743, 747, 755, 769, 771, 772, 775, 779, 787, 803, 833, 834, 835, 836, 837, 839, 840, 841, 843, 844, 847, 849, 851, 852, 855, 859, 865, 867, 868, 871, 875, 883, 897, 898, 899, 900, 901, 903, 904, 905, 907, 908, 911, 913, 915, 916, 919, 923, 929, 931, 932, 935, 939, 947, 961, 962, 964, 965, 966, 967, 968, 969, 970, 971, 972, 973, 975, 976, 977, 978, 979, 980, 981, 983, 984, 985, 987, 988, 991, 993, 994, 995, 996, 997, 999, 1000, 1001, 1003, 1004, 1007, 1009, 1011, 1012, 1015, 1019]
x_964: [68, 132, 194, 195, 196, 200, 204, 212, 228, 260, 322, 323, 324, 328, 332, 340, 356, 386, 387, 388, 392, 396, 404, 420, 449, 450, 451, 452, 454, 455, 456, 458, 459, 460, 464, 466, 467, 468, 472, 476, 482, 483, 484, 488, 492, 500, 516, 578, 579, 580, 584, 588, 596, 612, 642, 643, 644, 648, 652, 660, 676, 705, 706, 707, 708, 710, 711, 712, 714, 715, 716, 720, 722, 723, 724, 728, 732, 738, 739, 740, 744, 748, 756, 770, 771, 772, 776, 780, 788, 804, 833, 834, 835, 836, 838, 839, 840, 842, 843, 844, 848, 850, 851, 852, 856, 860, 866, 867, 868, 872, 876, 884, 897, 898, 899, 900, 902, 903, 904, 906, 907, 908, 912, 914, 915, 916, 920, 924, 930, 931, 932, 936, 940, 948, 961, 962, 963, 965, 966, 967, 968, 969, 970, 971, 972, 974, 975, 976, 977, 978, 979, 980, 982, 983, 984, 986, 987, 988, 992, 993, 994, 995, 996, 998, 999, 1000, 1002, 1003, 1004, 1008, 1010, 1011, 1012, 1016, 1020]
x_965: [69, 133, 193, 197, 198, 199, 205, 213, 229, 261, 321, 325, 326, 327, 333, 341, 357, 385, 389, 390, 391, 397, 405, 421, 449, 450, 451, 453, 454, 455, 456, 457, 461, 462, 463, 465, 469, 470, 471, 477, 481, 485, 486, 487, 493, 501, 517, 577, 581, 582, 583, 589, 597, 613, 641, 645, 646, 647, 653, 661, 677, 705, 706, 707, 709, 710, 711, 712, 713, 717, 718, 719, 721, 725, 726, 727, 733, 737, 741, 742, 743, 749, 757, 769, 773, 774, 775, 781, 789, 805, 833, 834, 835, 837, 838, 839, 840, 841, 845, 846, 847, 849, 853, 854, 855, 861, 865, 869, 870, 871, 877, 885, 897, 898, 899, 901, 902, 903, 904, 905, 909, 910, 911, 913, 917, 918, 919, 925, 929, 933, 934, 935, 941, 949, 961, 962, 963, 964, 966, 967, 968, 969, 970, 971, 973, 974, 975, 976, 977, 978, 979, 981, 982, 983, 984, 985, 989, 990, 991, 993, 994, 995, 997, 998, 999, 1000, 1001, 1005, 1006, 1007, 1009, 1013, 1014, 1015, 1021]
x_966: [70, 134, 194, 197, 198, 200, 206, 214, 230, 262, 322, 325, 326, 328, 334, 342, 358, 386, 389, 390, 392, 398, 406, 422, 449, 450, 452, 453, 454, 455, 456, 458, 461, 462, 464, 466, 469, 470, 472, 478, 482, 485, 486, 488, 494, 502, 518, 578, 581, 582, 584, 590, 598, 614, 642, 645, 646, 648, 654, 662, 678, 705, 706, 708, 709, 710, 711, 712, 714, 717, 718, 720, 722, 725, 726, 728, 734, 738, 741, 742, 744, 750, 758, 770, 773, 774, 776, 782, 790, 806, 833, 834, 836, 837, 838, 839, 840, 842, 845, 846, 848, 850, 853, 854, 856, 862, 866, 869, 870, 872, 878, 886, 897, 898, 900, 901, 902, 903, 904, 906, 909, 910, 912, 914, 917, 918, 920, 926, 930, 933, 934, 936, 942, 950, 961, 962, 963, 964, 965, 967, 968, 969, 970, 972, 973, 974, 975, 976, 977, 978, 980, 981, 982, 983, 984, 986, 989, 990, 992, 993, 994, 996, 997, 998, 999, 1000, 1002, 1005, 1006, 1008, 1010, 1013, 1014, 1016, 1022]
x_967: [71, 135, 195, 197, 199, 200, 207, 215, 231, 263, 323, 325, 327, 328, 335, 343, 359, 387, 389, 391, 392, 399, 407, 423, 449, 451, 452, 453, 454, 455, 456, 459, 461, 463, 464, 467, 469, 471, 472, 479, 483, 485, 487, 488, 495, 503, 519, 579, 581, 583, 584, 591, 599, 615, 643, 645, 647, 648, 655, 663, 679, 705, 707, 708, 709, 710, 711, 712, 715, 717, 719, 720, 723, 725, 727, 728, 735, 739, 741, 743, 744, 751, 759, 771, 773, 775, 776, 783, 791, 807, 833, 835, 836, 837, 838, 839, 840, 843, 845, 847, 848, 851, 853, 855, 856, 863, 867, 869, 871, 872, 879, 887, 897, 899, 900, 901, 902, 903, 904, 907, 909, 911, 912, 915, 917, 919, 920, 927, 931, 933, 935, 936, 943, 951, 961, 962, 963, 964, 965, 966, 968, 969, 971, 972, 973, 974, 975, 976, 977, 979, 980, 981, 982, 983, 984, 987, 989, 991, 992, 993, 995, 996, 997, 998, 999, 1000, 1003, 1005, 1007, 1008, 1011, 1013, 1015, 1016, 1023]
x_968: [72, 136, 196, 198, 199, 200, 208, 216, 232, 264, 324, 326, 327, 328, 336, 344, 360, 388, 390, 391, 392, 400, 408, 424, 450, 451, 452, 453, 454, 455, 456, 460, 462, 463, 464, 468, 470, 471, 472, 480, 484, 486, 487, 488, 496, 504, 520, 580, 582, 583, 584, 592, 600, 616, 644, 646, 647, 648, 656, 664, 680, 706, 707, 708, 709, 710, 711, 712, 716, 718, 719, 720, 724, 726, 727, 728, 736, 740, 742, 743, 744, 752, 760, 772, 774, 775, 776, 784, 792, 808, 834, 835, 836, 837, 838, 839, 840, 844, 846, 847, 848, 852, 854, 855, 856, 864, 868, 870, 871, 872, 880, 888, 898, 899, 900, 901, 902, 903, 904, 908, 910, 911, 912, 916, 918, 919, 920, 928, 932, 934, 935, 936, 944, 952, 961, 962, 963, 964, 965, 966, 967, 970, 971, 972, 973, 974, 975, 976, 978, 979, 980, 981, 982, 983, 984, 988, 990, 991, 992, 994, 995, 996, 997, 998, 999, 1000, 1004, 1006, 1007, 1008, 1012, 1014, 1015, 1016, 1024]
x_969: [73, 137, 193, 201, 202, 203, 205, 217, 233, 265, 321, 329, 330, 331, 333, 345, 361, 385, 393, 394, 395, 397, 409, 425, 449, 450, 451, 453, 457, 458, 459, 460, 461, 462, 463, 465, 473, 474, 475, 477, 481, 489, 490, 491, 493, 505, 521, 577, 585, 586, 587, 589, 601, 617, 641, 649, 650, 651, 653, 665, 681, 705, 706, 707, 709, 713, 714, 715, 716, 717, 718, 719, 721, 729, 730, 731, 733, 737, 745, 746, 747, 749, 761, 769, 777, 778, 779, 781, 793, 809, 833, 834, 835, 837, 841, 842, 843, 844, 845, 846, 847, 849, 857, 858, 859, 861, 865, 873, 874, 875, 877, 889, 897, 898, 899, 901, 905, 906, 907, 908, 909, 910, 911, 913, 921, 922, 923, 925, 929, 937, 938, 939, 941, 953, 961, 962, 963, 964, 965, 966, 967, 970, 971, 972, 973, 974, 975, 976, 977, 978, 979, 981, 985, 986, 987, 988, 989, 990, 991, 993, 994, 995, 997, 1001, 1002, 1003, 1004, 1005, 1006, 1007, 1009, 1017, 1018, 1019, 1021]
x_970: [74, 138, 194, 201, 202, 204, 206, 218, 234, 266, 322, 329, 330, 332, 334, 346, 362, 386, 393, 394, 396, 398, 410, 426, 449, 450, 452, 454, 457, 458, 459, 460, 461, 462, 464, 466, 473, 474, 476, 478, 482, 489, 490, 492, 494, 506, 522, 578, 585, 586, 588, 590, 602, 618, 642, 649, 650, 652, 654, 666, 682, 705, 706, 708, 710, 713, 714, 715, 716, 717, 718, 720, 722, 729, 730, 732, 734, 738, 745, 746, 748, 750, 762, 770, 777, 778, 780, 782, 794, 810, 833, 834, 836, 838, 841, 842, 843, 844, 845, 846, 848, 850, 857, 858, 860, 862, 866, 873, 874, 876, 878, 890, 897, 898, 900, 902, 905, 906, 907, 908, 909, 910, 912, 914, 921, 922, 924, 926, 930, 937, 938, 940, 942, 954, 961, 962, 963, 964, 965, 966, 968, 969, 971, 972, 973, 974, 975, 976, 977, 978, 980, 982, 985, 986, 987, 988, 989, 990, 992, 993, 994, 996, 998, 1001, 1002, 1003, 1004, 1005, 1006, 1008, 1010, 1017, 1018, 1020, 1022]
x_971: [75, 139, 195, 201, 203, 204, 207, 219, 235, 267, 323, 329, 331, 332, 335, 347, 363, 387, 393, 395, 396, 399, 411, 427, 449, 451, 452, 455, 457, 458, 459, 460, 461, 463, 464, 467, 473, 475, 476, 479, 483, 489, 491, 492, 495, 507, 523, 579, 585, 587, 588, 591, 603, 619, 643, 649, 651, 652, 655, 667, 683, 705, 707, 708, 711, 713, 714, 715, 716, 717, 719, 720, 723, 729, 731, 732, 735, 739, 745, 747, 748, 751, 763, 771, 777, 779, 780, 783, 795, 811, 833, 835, 836, 839, 841, 842, 843, 844, 845, 847, 848, 851, 857, 859, 860, 863, 867, 873, 875, 876, 879, 891, 897, 899, 900, 903, 905, 906, 907, 908, 909, 911, 912, 915, 921, 923, 924, 927, 931, 937, 939, 940, 943, 955, 961, 962, 963, 964, 965, 967, 968, 969, 970, 972, 973, 974, 975, 976, 977, 979, 980, 983, 985, 986, 987, 988, 989, 991, 992, 993, 995, 996, 999, 1001, 1002, 1003, 1004, 1005, 1007, 1008, 1011, 1017, 1019, 1020, 1023]
x_972: [76, 140, 196, 202, 203, 204, 208, 220, 236, 268, 324, 330, 331, 332, 336, 348, 364, 388, 394, 395, 396, 400, 412, 428, 450, 451, 452, 456, 457, 458, 459, 460, 462, 463, 464, 468, 474, 475, 476, 480, 484, 490, 491, 492, 496, 508, 524, 580, 586, 587, 588, 592, 604, 620, 644, 650, 651, 652, 656, 668, 684, 706, 707, 708, 712, 713, 714, 715, 716, 718, 719, 720, 724, 730, 731, 732, 736, 740, 746, 747, 748, 752, 764, 772, 778, 779, 780, 784, 796, 812, 834, 835, 836, 840, 841, 842, 843, 844, 846, 847, 848, 852, 858, 859, 860, 864, 868, 874, 875, 876, 880, 892, 898, 899, 900, 904, 905, 906, 907, 908, 910, 911, 912, 916, 922, 923, 924, 928, 932, 938, 939, 940, 944, 956, 961, 962, 963, 964, 966, 967, 968, 969, 970, 971, 973, 974, 975, 976, 978, 979, 980, 984, 985, 986, 987, 988, 990, 991, 992, 994, 995, 996, 1000, 1001, 1002, 1003, 1004, 1006, 1007, 1008, 1012, 1018, 1019, 1020, 1024]
x_973: [77, 141, 197, 201, 205, 206, 207, 221, 237, 269, 325, 329, 333, 334, 335, 349, 365, 389, 393, 397, 398, 399, 413, 429, 449, 453, 454, 455, 457, 458, 459, 461, 462, 463, 464, 469, 473, 477, 478, 479, 485, 489, 493, 494, 495, 509, 525, 581, 585, 589, 590, 591, 605, 621, 645, 649, 653, 654, 655, 669, 685, 705, 709, 710, 711, 713, 714, 715, 717, 718, 719, 720, 725, 729, 733, 734, 735, 741, 745, 749, 750, 751, 765, 773, 777, 781, 782, 783, 797, 813, 833, 837, 838, 839, 841, 842, 843, 845, 846, 847, 848, 853, 857, 861, 862, 863, 869, 873, 877, 878, 879, 893, 897, 901, 902, 903, 905, 906, 907, 909, 910, 911, 912, 917, 921, 925, 926, 927, 933, 937, 941, 942, 943, 957, 961, 962, 963, 965, 966, 967, 968, 969, 970, 971, 972, 974, 975, 976, 977, 981, 982, 983, 985, 986, 987, 989, 990, 991, 992, 993, 997, 998, 999, 1001, 1002, 1003, 1005, 1006, 1007, 1008, 1013, 1017, 1021, 1022, 1023]
x_974: [78, 142, 198, 202, 205, 206, 208, 222, 238, 270, 326, 330, 333, 334, 336, 350, 366, 390, 394, 397, 398, 400, 414, 430, 450, 453, 454, 456, 457, 458, 460, 461, 462, 463, 464, 470, 474, 477, 478, 480, 486, 490, 493, 494, 496, 510, 526, 582, 586, 589, 590, 592, 606, 622, 646, 650, 653, 654, 656, 670, 686, 706, 709, 710, 712, 713, 714, 716, 717, 718, 719, 720, 726, 730, 733, 734, 736, 742, 746, 749, 750, 752, 766, 774, 778, 781, 782, 784, 798, 814, 834, 837, 838, 840, 841, 842, 844, 845, 846, 847, 848, 854, 858, 861, 862, 864, 870, 874, 877, 878, 880, 894, 898, 901, 902, 904, 905, 906, 908, 909, 910, 911, 912, 918, 922, 925, 926, 928, 934, 938, 941, 942, 944, 958, 961, 962, 964, 965, 966, 967, 968, 969, 970, 971, 972, 973, 975, 976, 978, 981, 982, 984, 985, 986, 988, 989, 990, 991, 992, 994, 997, 998, 1000, 1001, 1002, 1004, 1005, 1006, 1007, 1008, 1014, 1018, 1021, 1022, 1024]
x_975: [79, 143, 199, 203, 205, 207, 208, 223, 239, 271, 327, 331, 333, 335, 336, 351, 367, 391, 395, 397, 399, 400, 415, 431, 451, 453, 455, 456, 457, 459, 460, 461, 462, 463, 464, 471, 475, 477, 479, 480, 487, 491, 493, 495, 496, 511, 527, 583, 587, 589, 591, 592, 607, 623, 647, 651, 653, 655, 656, 671, 687, 707, 709, 711, 712, 713, 715, 716, 717, 718, 719, 720, 727, 731, 733, 735, 736, 743, 747, 749, 751, 752, 767, 775, 779, 781, 783, 784, 799, 815, 835, 837, 839, 840, 841, 843, 844, 845, 846, 847, 848, 855, 859, 861, 863, 864, 871, 875, 877, 879, 880, 895, 899, 901, 903, 904, 905, 907, 908, 909, 910, 911, 912, 919, 923, 925, 927, 928, 935, 939, 941, 943, 944, 959, 961, 963, 964, 965, 966, 967, 968, 969, 970, 971, 972, 973, 974, 976, 979, 981, 983, 984, 985, 987, 988, 989, 990, 991, 992, 995, 997, 999, 1000, 1001, 1003, 1004, 1005, 1006, 1007, 1008, 1015, 1019, 1021, 1023, 1024]
x_976: [80, 144, 200, 204, 206, 207, 208, 224, 240, 272, 328, 332, 334, 335, 336, 352, 368, 392, 396, 398, 399, 400, 416, 432, 452, 454, 455, 456, 458, 459, 460, 461, 462, 463, 464, 472, 476, 478, 479, 480, 488, 492, 494, 495, 496, 512, 528, 584, 588, 590, 591, 592, 608, 624, 648, 652, 654, 655, 656, 672, 688, 708, 710, 711, 712, 714, 715, 716, 717, 718, 719, 720, 728, 732, 734, 735, 736, 744, 748, 750, 751, 752, 768, 776, 780, 782, 783, 784, 800, 816, 836, 838, 839, 840, 842, 843, 844, 845, 846, 847, 848, 856, 860, 862, 863, 864, 872, 876, 878, 879, 880, 896, 900, 902, 903, 904, 906, 907, 908, 909, 910, 911, 912, 920, 924, 926, 927, 928, 936, 940, 942, 943, 944, 960, 962, 963, 964, 965, 966, 967, 968, 969, 970, 971, 972, 973, 974, 975, 980, 982, 983, 984, 986, 987, 988, 989, 990, 991, 992, 996, 998, 999, 1000, 1002, 1003, 1004, 1005, 1006, 1007, 1008, 1016, 1020, 1022, 1023, 1024]
x_977: [81, 145, 193, 209, 210, 211, 213, 217, 241, 273, 321, 337, 338, 339, 341, 345, 369, 385, 401, 402, 403, 405, 409, 433, 449, 450, 451, 453, 457, 465, 466, 467, 468, 469, 470, 471, 473, 474, 475, 477, 481, 497, 498, 499, 501, 505, 529, 577, 593, 594, 595, 597, 601, 625, 641, 657, 658, 659, 661, 665, 689, 705, 706, 707, 709, 713, 721, 722, 723, 724, 725, 726, 727, 729, 730, 731, 733, 737, 753, 754, 755, 757, 761, 769, 785, 786, 787, 789, 793, 817, 833, 834, 835, 837, 841, 849, 850, 851, 852, 853, 854, 855, 857, 858, 859, 861, 865, 881, 882, 883, 885, 889, 897, 898, 899, 901, 905, 913, 914, 915, 916, 917, 918, 919, 921, 922, 923, 925, 929, 945, 946, 947, 949, 953, 961, 962, 963, 964, 965, 966, 967, 969, 970, 971, 973, 978, 979, 980, 981, 982, 983, 984, 985, 986, 987, 988, 989, 990, 991, 993, 994, 995, 997, 1001, 1009, 1010, 1011, 1012, 1013, 1014, 1015, 1017, 1018, 1019, 1021]
x_978: [82, 146, 194, 209, 210, 212, 214, 218, 242, 274, 322, 337, 338, 340, 342, 346, 370, 386, 401, 402, 404, 406, 410, 434, 449, 450, 452, 454, 458, 465, 466, 467, 468, 469, 470, 472, 473, 474, 476, 478, 482, 497, 498, 500, 502, 506, 530, 578, 593, 594, 596, 598, 602, 626, 642, 657, 658, 660, 662, 666, 690, 705, 706, 708, 710, 714, 721, 722, 723, 724, 725, 726, 728, 729, 730, 732, 734, 738, 753, 754, 756, 758, 762, 770, 785, 786, 788, 790, 794, 818, 833, 834, 836, 838, 842, 849, 850, 851, 852, 853, 854, 856, 857, 858, 860, 862, 866, 881, 882, 884, 886, 890, 897, 898, 900, 902, 906, 913, 914, 915, 916, 917, 918, 920, 921, 922, 924, 926, 930, 945, 946, 948, 950, 954, 961, 962, 963, 964, 965, 966, 968, 969, 970, 972, 974, 977, 979, 980, 981, 982, 983, 984, 985, 986, 987, 988, 989, 990, 992, 993, 994, 996, 998, 1002, 1009, 1010, 1011, 1012, 1013, 1014, 1016, 1017, 1018, 1020, 1022]
x_979: [83, 147, 195, 209, 211, 212, 215, 219, 243, 275, 323, 337, 339, 340, 343, 347, 371, 387, 401, 403, 404, 407, 411, 435, 449, 451, 452, 455, 459, 465, 466, 467, 468, 469, 471, 472, 473, 475, 476, 479, 483, 497, 499, 500, 503, 507, 531, 579, 593, 595, 596, 599, 603, 627, 643, 657, 659, 660, 663, 667, 691, 705, 707, 708, 711, 715, 721, 722, 723, 724, 725, 727, 728, 729, 731, 732, 735, 739, 753, 755, 756, 759, 763, 771, 785, 787, 788, 791, 795, 819, 833, 835, 836, 839, 843, 849, 850, 851, 852, 853, 855, 856, 857, 859, 860, 863, 867, 881, 883, 884, 887, 891, 897, 899, 900, 903, 907, 913, 914, 915, 916, 917, 919, 920, 921, 923, 924, 927, 931, 945, 947, 948, 951, 955, 961, 962, 963, 964, 965, 967, 968, 969, 971, 972, 975, 977, 978, 980, 981, 982, 983, 984, 985, 986, 987, 988, 989, 991, 992, 993, 995, 996, 999, 1003, 1009, 1010, 1011, 1012, 1013, 1015, 1016, 1017, 1019, 1020, 1023]
x_980: [84, 148, 196, 210, 211, 212, 216, 220, 244, 276, 324, 338, 339, 340, 344, 348, 372, 388, 402, 403, 404, 408, 412, 436, 450, 451, 452, 456, 460, 465, 466, 467, 468, 470, 471, 472, 474, 475, 476, 480, 484, 498, 499, 500, 504, 508, 532, 580, 594, 595, 596, 600, 604, 628, 644, 658, 659, 660, 664, 668, 692, 706, 707, 708, 712, 716, 721, 722, 723, 724, 726, 727, 728, 730, 731, 732, 736, 740, 754, 755, 756, 760, 764, 772, 786, 787, 788, 792, 796, 820, 834, 835, 836, 840, 844, 849, 850, 851, 852, 854, 855, 856, 858, 859, 860, 864, 868, 882, 883, 884, 888, 892, 898, 899, 900, 904, 908, 913, 914, 915, 916, 918, 919, 920, 922, 923, 924, 928, 932, 946, 947, 948, 952, 956, 961, 962, 963, 964, 966, 967, 968, 970, 971, 972, 976, 977, 978, 979, 981, 982, 983, 984, 985, 986, 987, 988, 990, 991, 992, 994, 995, 996, 1000, 1004, 1009, 1010, 1011, 1012, 1014, 1015, 1016, 1018, 1019, 1020, 1024]
x_981: [85, 149, 197, 209, 213, 214, 215, 221, 245, 277, 325, 337, 341, 342, 343, 349, 373, 389, 401, 405, 406, 407, 413, 437, 449, 453, 454, 455, 461, 465, 466, 467, 469, 470, 471, 472, 473, 477, 478, 479, 485, 497, 501, 502, 503, 509, 533, 581, 593, 597, 598, 599, 605, 629, 645, 657, 661, 662, 663, 669, 693, 705, 709, 710, 711, 717, 721, 722, 723, 725, 726, 727, 728, 729, 733, 734, 735, 741, 753, 757, 758, 759, 765, 773, 785, 789, 790, 791, 797, 821, 833, 837, 838, 839, 845, 849, 850, 851, 853, 854, 855, 856, 857, 861, 862, 863, 869, 881, 885, 886, 887, 893, 897, 901, 902, 903, 909, 913, 914, 915, 917, 918, 919, 920, 921, 925, 926, 927, 933, 945, 949, 950, 951, 957, 961, 962, 963, 965, 966, 967, 968, 969, 973, 974, 975, 977, 978, 979, 980, 982, 983, 984, 985, 986, 987, 989, 990, 991, 992, 993, 997, 998, 999, 1005, 1009, 1010, 1011, 1013, 1014, 1015, 1016, 1017, 1021, 1022, 1023]
x_982: [86, 150, 198, 210, 213, 214, 216, 222, 246, 278, 326, 338, 341, 342, 344, 350, 374, 390, 402, 405, 406, 408, 414, 438, 450, 453, 454, 456, 462, 465, 466, 468, 469, 470, 471, 472, 474, 477, 478, 480, 486, 498, 501, 502, 504, 510, 534, 582, 594, 597, 598, 600, 606, 630, 646, 658, 661, 662, 664, 670, 694, 706, 709, 710, 712, 718, 721, 722, 724, 725, 726, 727, 728, 730, 733, 734, 736, 742, 754, 757, 758, 760, 766, 774, 786, 789, 790, 792, 798, 822, 834, 837, 838, 840, 846, 849, 850, 852, 853, 854, 855, 856, 858, 861, 862, 864, 870, 882, 885, 886, 888, 894, 898, 901, 902, 904, 910, 913, 914, 916, 917, 918, 919, 920, 922, 925, 926, 928, 934, 946, 949, 950, 952, 958, 961, 962, 964, 965, 966, 967, 968, 970, 973, 974, 976, 977, 978, 979, 980, 981, 983, 984, 985, 986, 988, 989, 990, 991, 992, 994, 997, 998, 1000, 1006, 1009, 1010, 1012, 1013, 1014, 1015, 1016, 1018, 1021, 1022, 1024]
x_983: [87, 151, 199, 211, 213, 215, 216, 223, 247, 279, 327, 339, 341, 343, 344, 351, 375, 391, 403, 405, 407, 408, 415, 439, 451, 453, 455, 456, 463, 465, 467, 468, 469, 470, 471, 472, 475, 477, 479, 480, 487, 499, 501, 503, 504, 511, 535, 583, 595, 597, 599, 600, 607, 631, 647, 659, 661, 663, 664, 671, 695, 707, 709, 711, 712, 719, 721, 723, 724, 725, 726, 727, 728, 731, 733, 735, 736, 743, 755, 757, 759, 760, 767, 775, 787, 789, 791, 792, 799, 823, 835, 837, 839, 840, 847, 849, 851, 852, 853, 854, 855, 856, 859, 861, 863, 864, 871, 883, 885, 887, 888, 895, 899, 901, 903, 904, 911, 913, 915, 916, 917, 918, 919, 920, 923, 925, 927, 928, 935, 947, 949, 951, 952, 959, 961, 963, 964, 965, 966, 967, 968, 971, 973, 975, 976, 977, 978, 979, 980, 981, 982, 984, 985, 987, 988, 989, 990, 991, 992, 995, 997, 999, 1000, 1007, 1009, 1011, 1012, 1013, 1014, 1015, 1016, 1019, 1021, 1023, 1024]
x_984: [88, 152, 200, 212, 214, 215, 216, 224, 248, 280, 328, 340, 342, 343, 344, 352, 376, 392, 404, 406, 407, 408, 416, 440, 452, 454, 455, 456, 464, 466, 467, 468, 469, 470, 471, 472, 476, 478, 479, 480, 488, 500, 502, 503, 504, 512, 536, 584, 596, 598, 599, 600, 608, 632, 648, 660, 662, 663, 664, 672, 696, 708, 710, 711, 712, 720, 722, 723, 724, 725, 726, 727, 728, 732, 734, 735, 736, 744, 756, 758, 759, 760, 768, 776, 788, 790, 791, 792, 800, 824, 836, 838, 839, 840, 848, 850, 851, 852, 853, 854, 855, 856, 860, 862, 863, 864, 872, 884, 886, 887, 888, 896, 900, 902, 903, 904, 912, 914, 915, 916, 917, 918, 919, 920, 924, 926, 927, 928, 936, 948, 950, 951, 952, 960, 962, 963, 964, 965, 966, 967, 968, 972, 974, 975, 976, 977, 978, 979, 980, 981, 982, 983, 986, 987, 988, 989, 990, 991, 992, 996, 998, 999, 1000, 1008, 1010, 1011, 1012, 1013, 1014, 1015, 1016, 1020, 1022, 1023, 1024]
x_985: [89, 153, 201, 209, 217, 218, 219, 221, 249, 281, 329, 337, 345, 346, 347, 349, 377, 393, 401, 409, 410, 411, 413, 441, 449, 457, 458, 459, 461, 465, 466, 467, 469, 473, 474, 475, 476, 477, 478, 479, 489, 497, 505, 506, 507, 509, 537, 585, 593, 601, 602, 603, 605, 633, 649, 657, 665, 666, 667, 669, 697, 705, 713, 714, 715, 717, 721, 722, 723, 725, 729, 730, 731, 732, 733, 734, 735, 745, 753, 761, 762, 763, 765, 777, 785, 793, 794, 795, 797, 825, 833, 841, 842, 843, 845, 849, 850, 851, 853, 857, 858, 859, 860, 861, 862, 863, 873, 881, 889, 890, 891, 893, 897, 905, 906, 907, 909, 913, 914, 915, 917, 921, 922, 923, 924, 925, 926, 927, 937, 945, 953, 954, 955, 957, 961, 962, 963, 965, 969, 970, 971, 972, 973, 974, 975, 977, 978, 979, 980, 981, 982, 983, 986, 987, 988, 989, 990, 991, 992, 993, 1001, 1002, 1003, 1005, 1009, 1010, 1011, 1013, 1017, 1018, 1019, 1020, 1021, 1022, 1023]
x_986: [90, 154, 202, 210, 217, 218, 220, 222, 250, 282, 330, 338, 345, 346, 348, 350, 378, 394, 402, 409, 410, 412, 414, 442, 450, 457, 458, 460, 462, 465, 466, 468, 470, 473, 474, 475, 476, 477, 478, 480, 490, 498, 505, 506, 508, 510, 538, 586, 594, 601, 602, 604, 606, 634, 650, 658, 665, 666, 668, 670, 698, 706, 713, 714, 716, 718, 721, 722, 724, 726, 729, 730, 731, 732, 733, 734, 736, 746, 754, 761, 762, 764, 766, 778, 786, 793, 794, 796, 798, 826, 834, 841, 842, 844, 846, 849, 850, 852, 854, 857, 858, 859, 860, 861, 862, 864, 874, 882, 889, 890, 892, 894, 898, 905, 906, 908, 910, 913, 914, 916, 918, 921, 922, 923, 924, 925, 926, 928, 938, 946, 953, 954, 956, 958, 961, 962, 964, 966, 969, 970, 971, 972, 973, 974, 976, 977, 978, 979, 980, 981, 982, 984, 985, 987, 988, 989, 990, 991, 992, 994, 1001, 1002, 1004, 1006, 1009, 1010, 1012, 1014, 1017, 1018, 1019, 1020, 1021, 1022, 1024]
x_987: [91, 155, 203, 211, 217, 219, 220, 223, 251, 283, 331, 339, 345, 347, 348, 351, 379, 395, 403, 409, 411, 412, 415, 443, 451, 457, 459, 460, 463, 465, 467, 468, 471, 473, 474, 475, 476, 477, 479, 480, 491, 499, 505, 507, 508, 511, 539, 587, 595, 601, 603, 604, 607, 635, 651, 659, 665, 667, 668, 671, 699, 707, 713, 715, 716, 719, 721, 723, 724, 727, 729, 730, 731, 732, 733, 735, 736, 747, 755, 761, 763, 764, 767, 779, 787, 793, 795, 796, 799, 827, 835, 841, 843, 844, 847, 849, 851, 852, 855, 857, 858, 859, 860, 861, 863, 864, 875, 883, 889, 891, 892, 895, 899, 905, 907, 908, 911, 913, 915, 916, 919, 921, 922, 923, 924, 925, 927, 928, 939, 947, 953, 955, 956, 959, 961, 963, 964, 967, 969, 970, 971, 972, 973, 975, 976, 977, 978, 979, 980, 981, 983, 984, 985, 986, 988, 989, 990, 991, 992, 995, 1001, 1003, 1004, 1007, 1009, 1011, 1012, 1015, 1017, 1018, 1019, 1020, 1021, 1023, 1024]
x_988: [92, 156, 204, 212, 218, 219, 220, 224, 252, 284, 332, 340, 346, 347, 348, 352, 380, 396, 404, 410, 411, 412, 416, 444, 452, 458, 459, 460, 464, 466, 467, 468, 472, 473, 474, 475, 476, 478, 479, 480, 492, 500, 506, 507, 508, 512, 540, 588, 596, 602, 603, 604, 608, 636, 652, 660, 666, 667, 668, 672, 700, 708, 714, 715, 716, 720, 722, 723, 724, 728, 729, 730, 731, 732, 734, 735, 736, 748, 756, 762, 763, 764, 768, 780, 788, 794, 795, 796, 800, 828, 836, 842, 843, 844, 848, 850, 851, 852, 856, 857, 858, 859, 860, 862, 863, 864, 876, 884, 890, 891, 892, 896, 900, 906, 907, 908, 912, 914, 915, 916, 920, 921, 922, 923, 924, 926, 927, 928, 940, 948, 954, 955, 956, 960, 962, 963, 964, 968, 969, 970, 971, 972, 974, 975, 976, 977, 978, 979, 980, 982, 983, 984, 985, 986, 987, 989, 990, 991, 992, 996, 1002, 1003, 1004, 1008, 1010, 1011, 1012, 1016, 1017, 1018, 1019, 1020, 1022, 1023, 1024]
x_989: [93, 157, 205, 213, 217, 221, 222, 223, 253, 285, 333, 341, 345, 349, 350, 351, 381, 397, 405, 409, 413, 414, 415, 445, 453, 457, 461, 462, 463, 465, 469, 470, 471, 473, 474, 475, 477, 478, 479, 480, 493, 501, 505, 509, 510, 511, 541, 589, 597, 601, 605, 606, 607, 637, 653, 661, 665, 669, 670, 671, 701, 709, 713, 717, 718, 719, 721, 725, 726, 727, 729, 730, 731, 733, 734, 735, 736, 749, 757, 761, 765, 766, 767, 781, 789, 793, 797, 798, 799, 829, 837, 841, 845, 846, 847, 849, 853, 854, 855, 857, 858, 859, 861, 862, 863, 864, 877, 885, 889, 893, 894, 895, 901, 905, 909, 910, 911, 913, 917, 918, 919, 921, 922, 923, 925, 926, 927, 928, 941, 949, 953, 957, 958, 959, 961, 965, 966, 967, 969, 970, 971, 973, 974, 975, 976, 977, 978, 979, 981, 982, 983, 984, 985, 986, 987, 988, 990, 991, 992, 997, 1001, 1005, 1006, 1007, 1009, 1013, 1014, 1015, 1017, 1018, 1019, 1021, 1022, 1023, 1024]
x_990: [94, 158, 206, 214, 218, 221, 222, 224, 254, 286, 334, 342, 346, 349, 350, 352, 382, 398, 406, 410, 413, 414, 416, 446, 454, 458, 461, 462, 464, 466, 469, 470, 472, 473, 474, 476, 477, 478, 479, 480, 494, 502, 506, 509, 510, 512, 542, 590, 598, 602, 605, 606, 608, 638, 654, 662, 666, 669, 670, 672, 702, 710, 714, 717, 718, 720, 722, 725, 726, 728, 729, 730, 732, 733, 734, 735, 736, 750, 758, 762, 765, 766, 768, 782, 790, 794, 797, 798, 800, 830, 838, 842, 845, 846, 848, 850, 853, 854, 856, 857, 858, 860, 861, 862, 863, 864, 878, 886, 890, 893, 894, 896, 902, 906, 909, 910, 912, 914, 917, 918, 920, 921, 922, 924, 925, 926, 927, 928, 942, 950, 954, 957, 958, 960, 962, 965, 966, 968, 969, 970, 972, 973, 974, 975, 976, 977, 978, 980, 981, 982, 983, 984, 985, 986, 987, 988, 989, 991, 992, 998, 1002, 1005, 1006, 1008, 1010, 1013, 1014, 1016, 1017, 1018, 1020, 1021, 1022, 1023, 1024]
x_991: [95, 159, 207, 215, 219, 221, 223, 224, 255, 287, 335, 343, 347, 349, 351, 352, 383, 399, 407, 411, 413, 415, 416, 447, 455, 459, 461, 463, 464, 467, 469, 471, 472, 473, 475, 476, 477, 478, 479, 480, 495, 503, 507, 509, 511, 512, 543, 591, 599, 603, 605, 607, 608, 639, 655, 663, 667, 669, 671, 672, 703, 711, 715, 717, 719, 720, 723, 725, 727, 728, 729, 731, 732, 733, 734, 735, 736, 751, 759, 763, 765, 767, 768, 783, 791, 795, 797, 799, 800, 831, 839, 843, 845, 847, 848, 851, 853, 855, 856, 857, 859, 860, 861, 862, 863, 864, 879, 887, 891, 893, 895, 896, 903, 907, 909, 911, 912, 915, 917, 919, 920, 921, 923, 924, 925, 926, 927, 928, 943, 951, 955, 957, 959, 960, 963, 965, 967, 968, 969, 971, 972, 973, 974, 975, 976, 977, 979, 980, 981, 982, 983, 984, 985, 986, 987, 988, 989, 990, 992, 999, 1003, 1005, 1007, 1008, 1011, 1013, 1015, 1016, 1017, 1019, 1020, 1021, 1022, 1023, 1024]
x_992: [96, 160, 208, 216, 220, 222, 223, 224, 256, 288, 336, 344, 348, 350, 351, 352, 384, 400, 408, 412, 414, 415, 416, 448, 456, 460, 462, 463, 464, 468, 470, 471, 472, 474, 475, 476, 477, 478, 479, 480, 496, 504, 508, 510, 511, 512, 544, 592, 600, 604, 606, 607, 608, 640, 656, 664, 668, 670, 671, 672, 704, 712, 716, 718, 719, 720, 724, 726, 727, 728, 730, 731, 732, 733, 734, 735, 736, 752, 760, 764, 766, 767, 768, 784, 792, 796, 798, 799, 800, 832, 840, 844, 846, 847, 848, 852, 854, 855, 856, 858, 859, 860, 861, 862, 863, 864, 880, 888, 892, 894, 895, 896, 904, 908, 910, 911, 912, 916, 918, 919, 920, 922, 923, 924, 925, 926, 927, 928, 944, 952, 956, 958, 959, 960, 964, 966, 967, 968, 970, 971, 972, 973, 974, 975, 976, 978, 979, 980, 981, 982, 983, 984, 985, 986, 987, 988, 989, 990, 991, 1000, 1004, 1006, 1007, 1008, 1012, 1014, 1015, 1016, 1018, 1019, 1020, 1021, 1022, 1023, 1024]
x_993: [97, 161, 193, 225, 226, 227, 229, 233, 241, 289, 321, 353, 354, 355, 357, 361, 369, 385, 417, 418, 419, 421, 425, 433, 449, 450, 451, 453, 457, 465, 481, 482, 483, 484, 485, 486, 487, 489, 490, 491, 493, 497, 498, 499, 501, 505, 545, 577, 609, 610, 611, 613, 617, 625, 641, 673, 674, 675, 677, 681, 689, 705, 706, 707, 709, 713, 721, 737, 738, 739, 740, 741, 742, 743, 745, 746, 747, 749, 753, 754, 755, 757, 761, 769, 801, 802, 803, 805, 809, 817, 833, 834, 835, 837, 841, 849, 865, 866, 867, 868, 869, 870, 871, 873, 874, 875, 877, 881, 882, 883, 885, 889, 897, 898, 899, 901, 905, 913, 929, 930, 931, 932, 933, 934, 935, 937, 938, 939, 941, 945, 946, 947, 949, 953, 961, 962, 963, 964, 965, 966, 967, 969, 970, 971, 973, 977, 978, 979, 981, 985, 994, 995, 996, 997, 998, 999, 1000, 1001, 1002, 1003, 1004, 1005, 1006, 1007, 1009, 1010, 1011, 1012, 1013, 1014, 1015, 1017, 1018, 1019, 1021]
x_994: [98, 162, 194, 225, 226, 228, 230, 234, 242, 290, 322, 353, 354, 356, 358, 362, 370, 386, 417, 418, 420, 422, 426, 434, 449, 450, 452, 454, 458, 466, 481, 482, 483, 484, 485, 486, 488, 489, 490, 492, 494, 497, 498, 500, 502, 506, 546, 578, 609, 610, 612, 614, 618, 626, 642, 673, 674, 676, 678, 682, 690, 705, 706, 708, 710, 714, 722, 737, 738, 739, 740, 741, 742, 744, 745, 746, 748, 750, 753, 754, 756, 758, 762, 770, 801, 802, 804, 806, 810, 818, 833, 834, 836, 838, 842, 850, 865, 866, 867, 868, 869, 870, 872, 873, 874, 876, 878, 881, 882, 884, 886, 890, 897, 898, 900, 902, 906, 914, 929, 930, 931, 932, 933, 934, 936, 937, 938, 940, 942, 945, 946, 948, 950, 954, 961, 962, 963, 964, 965, 966, 968, 969, 970, 972, 974, 977, 978, 980, 982, 986, 993, 995, 996, 997, 998, 999, 1000, 1001, 1002, 1003, 1004, 1005, 1006, 1008, 1009, 1010, 1011, 1012, 1013, 1014, 1016, 1017, 1018, 1020, 1022]
x_995: [99, 163, 195, 225, 227, 228, 231, 235, 243, 291, 323, 353, 355, 356, 359, 363, 371, 387, 417, 419, 420, 423, 427, 435, 449, 451, 452, 455, 459, 467, 481, 482, 483, 484, 485, 487, 488, 489, 491, 492, 495, 497, 499, 500, 503, 507, 547, 579, 609, 611, 612, 615, 619, 627, 643, 673, 675, 676, 679, 683, 691, 705, 707, 708, 711, 715, 723, 737, 738, 739, 740, 741, 743, 744, 745, 747, 748, 751, 753, 755, 756, 759, 763, 771, 801, 803, 804, 807, 811, 819, 833, 835, 836, 839, 843, 851, 865, 866, 867, 868, 869, 871, 872, 873, 875, 876, 879, 881, 883, 884, 887, 891, 897, 899, 900, 903, 907, 915, 929, 930, 931, 932, 933, 935, 936, 937, 939, 940, 943, 945, 947, 948, 951, 955, 961, 962, 963, 964, 965, 967, 968, 969, 971, 972, 975, 977, 979, 980, 983, 987, 993, 994, 996, 997, 998, 999, 1000, 1001, 1002, 1003, 1004, 1005, 1007, 1008, 1009, 1010, 1011, 1012, 1013, 1015, 1016, 1017, 1019, 1020, 1023]
x_996: [100, 164, 196, 226, 227, 228, 232, 236, 244, 292, 324, 354, 355, 356, 360, 364, 372, 388, 418, 419, 420, 424, 428, 436, 450, 451, 452, 456, 460, 468, 481, 482, 483, 484, 486, 487, 488, 490, 491, 492, 496, 498, 499, 500, 504, 508, 548, 580, 610, 611, 612, 616, 620, 628, 644, 674, 675, 676, 680, 684, 692, 706, 707, 708, 712, 716, 724, 737, 738, 739, 740, 742, 743, 744, 746, 747, 748, 752, 754, 755, 756, 760, 764, 772, 802, 803, 804, 808, 812, 820, 834, 835, 836, 840, 844, 852, 865, 866, 867, 868, 870, 871, 872, 874, 875, 876, 880, 882, 883, 884, 888, 892, 898, 899, 900, 904, 908, 916, 929, 930, 931, 932, 934, 935, 936, 938, 939, 940, 944, 946, 947, 948, 952, 956, 961, 962, 963, 964, 966, 967, 968, 970, 971, 972, 976, 978, 979, 980, 984, 988, 993, 994, 995, 997, 998, 999, 1000, 1001, 1002, 1003, 1004, 1006, 1007, 1008, 1009, 1010, 1011, 1012, 1014, 1015, 1016, 1018, 1019, 1020, 1024]
x_997: [101, 165, 197, 225, 229, 230, 231, 237, 245, 293, 325, 353, 357, 358, 359, 365, 373, 389, 417, 421, 422, 423, 429, 437, 449, 453, 454, 455, 461, 469, 481, 482, 483, 485, 486, 487, 488, 489, 493, 494, 495, 497, 501, 502, 503, 509, 549, 581, 609, 613, 614, 615, 621, 629, 645, 673, 677, 678, 679, 685, 693, 705, 709, 710, 711, 717, 725, 737, 738, 739, 741, 742, 743, 744, 745, 749, 750, 751, 753, 757, 758, 759, 765, 773, 801, 805, 806, 807, 813, 821, 833, 837, 838, 839, 845, 853, 865, 866, 867, 869, 870, 871, 872, 873, 877, 878, 879, 881, 885, 886, 887, 893, 897, 901, 902, 903, 909, 917, 929, 930, 931, 933, 934, 935, 936, 937, 941, 942, 943, 945, 949, 950, 951, 957, 961, 962, 963, 965, 966, 967, 968, 969, 973, 974, 975, 977, 981, 982, 983, 989, 993, 994, 995, 996, 998, 999, 1000, 1001, 1002, 1003, 1005, 1006, 1007, 1008, 1009, 1010, 1011, 1013, 1014, 1015, 1016, 1017, 1021, 1022, 1023]
x_998: [102, 166, 198, 226, 229, 230, 232, 238, 246, 294, 326, 354, 357, 358, 360, 366, 374, 390, 418, 421, 422, 424, 430, 438, 450, 453, 454, 456, 462, 470, 481, 482, 484, 485, 486, 487, 488, 490, 493, 494, 496, 498, 501, 502, 504, 510, 550, 582, 610, 613, 614, 616, 622, 630, 646, 674, 677, 678, 680, 686, 694, 706, 709, 710, 712, 718, 726, 737, 738, 740, 741, 742, 743, 744, 746, 749, 750, 752, 754, 757, 758, 760, 766, 774, 802, 805, 806, 808, 814, 822, 834, 837, 838, 840, 846, 854, 865, 866, 868, 869, 870, 871, 872, 874, 877, 878, 880, 882, 885, 886, 888, 894, 898, 901, 902, 904, 910, 918, 929, 930, 932, 933, 934, 935, 936, 938, 941, 942, 944, 946, 949, 950, 952, 958, 961, 962, 964, 965, 966, 967, 968, 970, 973, 974, 976, 978, 981, 982, 984, 990, 993, 994, 995, 996, 997, 999, 1000, 1001, 1002, 1004, 1005, 1006, 1007, 1008, 1009, 1010, 1012, 1013, 1014, 1015, 1016, 1018, 1021, 1022, 1024]
x_999: [103, 167, 199, 227, 229, 231, 232, 239, 247, 295, 327, 355, 357, 359, 360, 367, 375, 391, 419, 421, 423, 424, 431, 439, 451, 453, 455, 456, 463, 471, 481, 483, 484, 485, 486, 487, 488, 491, 493, 495, 496, 499, 501, 503, 504, 511, 551, 583, 611, 613, 615, 616, 623, 631, 647, 675, 677, 679, 680, 687, 695, 707, 709, 711, 712, 719, 727, 737, 739, 740, 741, 742, 743, 744, 747, 749, 751, 752, 755, 757, 759, 760, 767, 775, 803, 805, 807, 808, 815, 823, 835, 837, 839, 840, 847, 855, 865, 867, 868, 869, 870, 871, 872, 875, 877, 879, 880, 883, 885, 887, 888, 895, 899, 901, 903, 904, 911, 919, 929, 931, 932, 933, 934, 935, 936, 939, 941, 943, 944, 947, 949, 951, 952, 959, 961, 963, 964, 965, 966, 967, 968, 971, 973, 975, 976, 979, 981, 983, 984, 991, 993, 994, 995, 996, 997, 998, 1000, 1001, 1003, 1004, 1005, 1006, 1007, 1008, 1009, 1011, 1012, 1013, 1014, 1015, 1016, 1019, 1021, 1023, 1024]
x_1000: [104, 168, 200, 228, 230, 231, 232, 240, 248, 296, 328, 356, 358, 359, 360, 368, 376, 392, 420, 422, 423, 424, 432, 440, 452, 454, 455, 456, 464, 472, 482, 483, 484, 485, 486, 487, 488, 492, 494, 495, 496, 500, 502, 503, 504, 512, 552, 584, 612, 614, 615, 616, 624, 632, 648, 676, 678, 679, 680, 688, 696, 708, 710, 711, 712, 720, 728, 738, 739, 740, 741, 742, 743, 744, 748, 750, 751, 752, 756, 758, 759, 760, 768, 776, 804, 806, 807, 808, 816, 824, 836, 838, 839, 840, 848, 856, 866, 867, 868, 869, 870, 871, 872, 876, 878, 879, 880, 884, 886, 887, 888, 896, 900, 902, 903, 904, 912, 920, 930, 931, 932, 933, 934, 935, 936, 940, 942, 943, 944, 948, 950, 951, 952, 960, 962, 963, 964, 965, 966, 967, 968, 972, 974, 975, 976, 980, 982, 983, 984, 992, 993, 994, 995, 996, 997, 998, 999, 1002, 1003, 1004, 1005, 1006, 1007, 1008, 1010, 1011, 1012, 1013, 1014, 1015, 1016, 1020, 1022, 1023, 1024]
x_1001: [105, 169, 201, 225, 233, 234, 235, 237, 249, 297, 329, 353, 361, 362, 363, 365, 377, 393, 417, 425, 426, 427, 429, 441, 449, 457, 458, 459, 461, 473, 481, 482, 483, 485, 489, 490, 491, 492, 493, 494, 495, 497, 505, 506, 507, 509, 553, 585, 609, 617, 618, 619, 621, 633, 649, 673, 681, 682, 683, 685, 697, 705, 713, 714, 715, 717, 729, 737, 738, 739, 741, 745, 746, 747, 748, 749, 750, 751, 753, 761, 762, 763, 765, 777, 801, 809, 810, 811, 813, 825, 833, 841, 842, 843, 845, 857, 865, 866, 867, 869, 873, 874, 875, 876, 877, 878, 879, 881, 889, 890, 891, 893, 897, 905, 906, 907, 909, 921, 929, 930, 931, 933, 937, 938, 939, 940, 941, 942, 943, 945, 953, 954, 955, 957, 961, 962, 963, 965, 969, 970, 971, 972, 973, 974, 975, 977, 985, 986, 987, 989, 993, 994, 995, 996, 997, 998, 999, 1002, 1003, 1004, 1005, 1006, 1007, 1008, 1009, 1010, 1011, 1013, 1017, 1018, 1019, 1020, 1021, 1022, 1023]
x_1002: [106, 170, 202, 226, 233, 234, 236, 238, 250, 298, 330, 354, 361, 362, 364, 366, 378, 394, 418, 425, 426, 428, 430, 442, 450, 457, 458, 460, 462, 474, 481, 482, 484, 486, 489, 490, 491, 492, 493, 494, 496, 498, 505, 506, 508, 510, 554, 586, 610, 617, 618, 620, 622, 634, 650, 674, 681, 682, 684, 686, 698, 706, 713, 714, 716, 718, 730, 737, 738, 740, 742, 745, 746, 747, 748, 749, 750, 752, 754, 761, 762, 764, 766, 778, 802, 809, 810, 812, 814, 826, 834, 841, 842, 844, 846, 858, 865, 866, 868, 870, 873, 874, 875, 876, 877, 878, 880, 882, 889, 890, 892, 894, 898, 905, 906, 908, 910, 922, 929, 930, 932, 934, 937, 938, 939, 940, 941, 942, 944, 946, 953, 954, 956, 958, 961, 962, 964, 966, 969, 970, 971, 972, 973, 974, 976, 978, 985, 986, 988, 990, 993, 994, 995, 996, 997, 998, 1000, 1001, 1003, 1004, 1005, 1006, 1007, 1008, 1009, 1010, 1012, 1014, 1017, 1018, 1019, 1020, 1021, 1022, 1024]
x_1003: [107, 171, 203, 227, 233, 235, 236, 239, 251, 299, 331, 355, 361, 363, 364, 367, 379, 395, 419, 425, 427, 428, 431, 443, 451, 457, 459, 460, 463, 475, 481, 483, 484, 487, 489, 490, 491, 492, 493, 495, 496, 499, 505, 507, 508, 511, 555, 587, 611, 617, 619, 620, 623, 635, 651, 675, 681, 683, 684, 687, 699, 707, 713, 715, 716, 719, 731, 737, 739, 740, 743, 745, 746, 747, 748, 749, 751, 752, 755, 761, 763, 764, 767, 779, 803, 809, 811, 812, 815, 827, 835, 841, 843, 844, 847, 859, 865, 867, 868, 871, 873, 874, 875, 876, 877, 879, 880, 883, 889, 891, 892, 895, 899, 905, 907, 908, 911, 923, 929, 931, 932, 935, 937, 938, 939, 940, 941, 943, 944, 947, 953, 955, 956, 959, 961, 963, 964, 967, 969, 970, 971, 972, 973, 975, 976, 979, 985, 987, 988, 991, 993, 994, 995, 996, 997, 999, 1000, 1001, 1002, 1004, 1005, 1006, 1007, 1008, 1009, 1011, 1012, 1015, 1017, 1018, 1019, 1020, 1021, 1023, 1024]
x_1004: [108, 172, 204, 228, 234, 235, 236, 240, 252, 300, 332, 356, 362, 363, 364, 368, 380, 396, 420, 426, 427, 428, 432, 444, 452, 458, 459, 460, 464, 476, 482, 483, 484, 488, 489, 490, 491, 492, 494, 495, 496, 500, 506, 507, 508, 512, 556, 588, 612, 618, 619, 620, 624, 636, 652, 676, 682, 683, 684, 688, 700, 708, 714, 715, 716, 720, 732, 738, 739, 740, 744, 745, 746, 747, 748, 750, 751, 752, 756, 762, 763, 764, 768, 780, 804, 810, 811, 812, 816, 828, 836, 842, 843, 844, 848, 860, 866, 867, 868, 872, 873, 874, 875, 876, 878, 879, 880, 884, 890, 891, 892, 896, 900, 906, 907, 908, 912, 924, 930, 931, 932, 936, 937, 938, 939, 940, 942, 943, 944, 948, 954, 955, 956, 960, 962, 963, 964, 968, 969, 970, 971, 972, 974, 975, 976, 980, 986, 987, 988, 992, 993, 994, 995, 996, 998, 999, 1000, 1001, 1002, 1003, 1005, 1006, 1007, 1008, 1010, 1011, 1012, 1016, 1017, 1018, 1019, 1020, 1022, 1023, 1024]
x_1005: [109, 173, 205, 229, 233, 237, 238, 239, 253, 301, 333, 357, 361, 365, 366, 367, 381, 397, 421, 425, 429, 430, 431, 445, 453, 457, 461, 462, 463, 477, 481, 485, 486, 487, 489, 490, 491, 493, 494, 495, 496, 501, 505, 509, 510, 511, 557, 589, 613, 617, 621, 622, 623, 637, 653, 677, 681, 685, 686, 687, 701, 709, 713, 717, 718, 719, 733, 737, 741, 742, 743, 745, 746, 747, 749, 750, 751, 752, 757, 761, 765, 766, 767, 781, 805, 809, 813, 814, 815, 829, 837, 841, 845, 846, 847, 861, 865, 869, 870, 871, 873, 874, 875, 877, 878, 879, 880, 885, 889, 893, 894, 895, 901, 905, 909, 910, 911, 925, 929, 933, 934, 935, 937, 938, 939, 941, 942, 943, 944, 949, 953, 957, 958, 959, 961, 965, 966, 967, 969, 970, 971, 973, 974, 975, 976, 981, 985, 989, 990, 991, 993, 994, 995, 997, 998, 999, 1000, 1001, 1002, 1003, 1004, 1006, 1007, 1008, 1009, 1013, 1014, 1015, 1017, 1018, 1019, 1021, 1022, 1023, 1024]
x_1006: [110, 174, 206, 230, 234, 237, 238, 240, 254, 302, 334, 358, 362, 365, 366, 368, 382, 398, 422, 426, 429, 430, 432, 446, 454, 458, 461, 462, 464, 478, 482, 485, 486, 488, 489, 490, 492, 493, 494, 495, 496, 502, 506, 509, 510, 512, 558, 590, 614, 618, 621, 622, 624, 638, 654, 678, 682, 685, 686, 688, 702, 710, 714, 717, 718, 720, 734, 738, 741, 742, 744, 745, 746, 748, 749, 750, 751, 752, 758, 762, 765, 766, 768, 782, 806, 810, 813, 814, 816, 830, 838, 842, 845, 846, 848, 862, 866, 869, 870, 872, 873, 874, 876, 877, 878, 879, 880, 886, 890, 893, 894, 896, 902, 906, 909, 910, 912, 926, 930, 933, 934, 936, 937, 938, 940, 941, 942, 943, 944, 950, 954, 957, 958, 960, 962, 965, 966, 968, 969, 970, 972, 973, 974, 975, 976, 982, 986, 989, 990, 992, 993, 994, 996, 997, 998, 999, 1000, 1001, 1002, 1003, 1004, 1005, 1007, 1008, 1010, 1013, 1014, 1016, 1017, 1018, 1020, 1021, 1022, 1023, 1024]
x_1007: [111, 175, 207, 231, 235, 237, 239, 240, 255, 303, 335, 359, 363, 365, 367, 368, 383, 399, 423, 427, 429, 431, 432, 447, 455, 459, 461, 463, 464, 479, 483, 485, 487, 488, 489, 491, 492, 493, 494, 495, 496, 503, 507, 509, 511, 512, 559, 591, 615, 619, 621, 623, 624, 639, 655, 679, 683, 685, 687, 688, 703, 711, 715, 717, 719, 720, 735, 739, 741, 743, 744, 745, 747, 748, 749, 750, 751, 752, 759, 763, 765, 767, 768, 783, 807, 811, 813, 815, 816, 831, 839, 843, 845, 847, 848, 863, 867, 869, 871, 872, 873, 875, 876, 877, 878, 879, 880, 887, 891, 893, 895, 896, 903, 907, 909, 911, 912, 927, 931, 933, 935, 936, 937, 939, 940, 941, 942, 943, 944, 951, 955, 957, 959, 960, 963, 965, 967, 968, 969, 971, 972, 973, 974, 975, 976, 983, 987, 989, 991, 992, 993, 995, 996, 997, 998, 999, 1000, 1001, 1002, 1003, 1004, 1005, 1006, 1008, 1011, 1013, 1015, 1016, 1017, 1019, 1020, 1021, 1022, 1023, 1024]
x_1008: [112, 176, 208, 232, 236, 238, 239, 240, 256, 304, 336, 360, 364, 366, 367, 368, 384, 400, 424, 428, 430, 431, 432, 448, 456, 460, 462, 463, 464, 480, 484, 486, 487, 488, 490, 491, 492, 493, 494, 495, 496, 504, 508, 510, 511, 512, 560, 592, 616, 620, 622, 623, 624, 640, 656, 680, 684, 686, 687, 688, 704, 712, 716, 718, 719, 720, 736, 740, 742, 743, 744, 746, 747, 748, 749, 750, 751, 752, 760, 764, 766, 767, 768, 784, 808, 812, 814, 815, 816, 832, 840, 844, 846, 847, 848, 864, 868, 870, 871, 872, 874, 875, 876, 877, 878, 879, 880, 888, 892, 894, 895, 896, 904, 908, 910, 911, 912, 928, 932, 934, 935, 936, 938, 939, 940, 941, 942, 943, 944, 952, 956, 958, 959, 960, 964, 966, 967, 968, 970, 971, 972, 973, 974, 975, 976, 984, 988, 990, 991, 992, 994, 995, 996, 997, 998, 999, 1000, 1001, 1002, 1003, 1004, 1005, 1006, 1007, 1012, 1014, 1015, 1016, 1018, 1019, 1020, 1021, 1022, 1023, 1024]
x_1009: [113, 177, 209, 225, 241, 242, 243, 245, 249, 305, 337, 353, 369, 370, 371, 373, 377, 401, 417, 433, 434, 435, 437, 441, 449, 465, 466, 467, 469, 473, 481, 482, 483, 485, 489, 497, 498, 499, 500, 501, 502, 503, 505, 506, 507, 509, 561, 593, 609, 625, 626, 627, 629, 633, 657, 673, 689, 690, 691, 693, 697, 705, 721, 722, 723, 725, 729, 737, 738, 739, 741, 745, 753, 754, 755, 756, 757, 758, 759, 761, 762, 763, 765, 785, 801, 817, 818, 819, 821, 825, 833, 849, 850, 851, 853, 857, 865, 866, 867, 869, 873, 881, 882, 883, 884, 885, 886, 887, 889, 890, 891, 893, 897, 913, 914, 915, 917, 921, 929, 930, 931, 933, 937, 945, 946, 947, 948, 949, 950, 951, 953, 954, 955, 957, 961, 962, 963, 965, 969, 977, 978, 979, 980, 981, 982, 983, 985, 986, 987, 989, 993, 994, 995, 996, 997, 998, 999, 1001, 1002, 1003, 1005, 1010, 1011, 1012, 1013, 1014, 1015, 1016, 1017, 1018, 1019, 1020, 1021, 1022, 1023]
x_1010: [114, 178, 210, 226, 241, 242, 244, 246, 250, 306, 338, 354, 369, 370, 372, 374, 378, 402, 418, 433, 434, 436, 438, 442, 450, 465, 466, 468, 470, 474, 481, 482, 484, 486, 490, 497, 498, 499, 500, 501, 502, 504, 505, 506, 508, 510, 562, 594, 610, 625, 626, 628, 630, 634, 658, 674, 689, 690, 692, 694, 698, 706, 721, 722, 724, 726, 730, 737, 738, 740, 742, 746, 753, 754, 755, 756, 757, 758, 760, 761, 762, 764, 766, 786, 802, 817, 818, 820, 822, 826, 834, 849, 850, 852, 854, 858, 865, 866, 868, 870, 874, 881, 882, 883, 884, 885, 886, 888, 889, 890, 892, 894, 898, 913, 914, 916, 918, 922, 929, 930, 932, 934, 938, 945, 946, 947, 948, 949, 950, 952, 953, 954, 956, 958, 961, 962, 964, 966, 970, 977, 978, 979, 980, 981, 982, 984, 985, 986, 988, 990, 993, 994, 995, 996, 997, 998, 1000, 1001, 1002, 1004, 1006, 1009, 1011, 1012, 1013, 1014, 1015, 1016, 1017, 1018, 1019, 1020, 1021, 1022, 1024]
x_1011: [115, 179, 211, 227, 241, 243, 244, 247, 251, 307, 339, 355, 369, 371, 372, 375, 379, 403, 419, 433, 435, 436, 439, 443, 451, 465, 467, 468, 471, 475, 481, 483, 484, 487, 491, 497, 498, 499, 500, 501, 503, 504, 505, 507, 508, 511, 563, 595, 611, 625, 627, 628, 631, 635, 659, 675, 689, 691, 692, 695, 699, 707, 721, 723, 724, 727, 731, 737, 739, 740, 743, 747, 753, 754, 755, 756, 757, 759, 760, 761, 763, 764, 767, 787, 803, 817, 819, 820, 823, 827, 835, 849, 851, 852, 855, 859, 865, 867, 868, 871, 875, 881, 882, 883, 884, 885, 887, 888, 889, 891, 892, 895, 899, 913, 915, 916, 919, 923, 929, 931, 932, 935, 939, 945, 946, 947, 948, 949, 951, 952, 953, 955, 956, 959, 961, 963, 964, 967, 971, 977, 978, 979, 980, 981, 983, 984, 985, 987, 988, 991, 993, 994, 995, 996, 997, 999, 1000, 1001, 1003, 1004, 1007, 1009, 1010, 1012, 1013, 1014, 1015, 1016, 1017, 1018, 1019, 1020, 1021, 1023, 1024]
x_1012: [116, 180, 212, 228, 242, 243, 244, 248, 252, 308, 340, 356, 370, 371, 372, 376, 380, 404, 420, 434, 435, 436, 440, 444, 452, 466, 467, 468, 472, 476, 482, 483, 484, 488, 492, 497, 498, 499, 500, 502, 503, 504, 506, 507, 508, 512, 564, 596, 612, 626, 627, 628, 632, 636, 660, 676, 690, 691, 692, 696, 700, 708, 722, 723, 724, 728, 732, 738, 739, 740, 744, 748, 753, 754, 755, 756, 758, 759, 760, 762, 763, 764, 768, 788, 804, 818, 819, 820, 824, 828, 836, 850, 851, 852, 856, 860, 866, 867, 868, 872, 876, 881, 882, 883, 884, 886, 887, 888, 890, 891, 892, 896, 900, 914, 915, 916, 920, 924, 930, 931, 932, 936, 940, 945, 946, 947, 948, 950, 951, 952, 954, 955, 956, 960, 962, 963, 964, 968, 972, 977, 978, 979, 980, 982, 983, 984, 986, 987, 988, 992, 993, 994, 995, 996, 998, 999, 1000, 1002, 1003, 1004, 1008, 1009, 1010, 1011, 1013, 1014, 1015, 1016, 1017, 1018, 1019, 1020, 1022, 1023, 1024]
x_1013: [117, 181, 213, 229, 241, 245, 246, 247, 253, 309, 341, 357, 369, 373, 374, 375, 381, 405, 421, 433, 437, 438, 439, 445, 453, 465, 469, 470, 471, 477, 481, 485, 486, 487, 493, 497, 498, 499, 501, 502, 503, 504, 505, 509, 510, 511, 565, 597, 613, 625, 629, 630, 631, 637, 661, 677, 689, 693, 694, 695, 701, 709, 721, 725, 726, 727, 733, 737, 741, 742, 743, 749, 753, 754, 755, 757, 758, 759, 760, 761, 765, 766, 767, 789, 805, 817, 821, 822, 823, 829, 837, 849, 853, 854, 855, 861, 865, 869, 870, 871, 877, 881, 882, 883, 885, 886, 887, 888, 889, 893, 894, 895, 901, 913, 917, 918, 919, 925, 929, 933, 934, 935, 941, 945, 946, 947, 949, 950, 951, 952, 953, 957, 958, 959, 961, 965, 966, 967, 973, 977, 978, 979, 981, 982, 983, 984, 985, 989, 990, 991, 993, 994, 995, 997, 998, 999, 1000, 1001, 1005, 1006, 1007, 1009, 1010, 1011, 1012, 1014, 1015, 1016, 1017, 1018, 1019, 1021, 1022, 1023, 1024]
x_1014: [118, 182, 214, 230, 242, 245, 246, 248, 254, 310, 342, 358, 370, 373, 374, 376, 382, 406, 422, 434, 437, 438, 440, 446, 454, 466, 469, 470, 472, 478, 482, 485, 486, 488, 494, 497, 498, 500, 501, 502, 503, 504, 506, 509, 510, 512, 566, 598, 614, 626, 629, 630, 632, 638, 662, 678, 690, 693, 694, 696, 702, 710, 722, 725, 726, 728, 734, 738, 741, 742, 744, 750, 753, 754, 756, 757, 758, 759, 760, 762, 765, 766, 768, 790, 806, 818, 821, 822, 824, 830, 838, 850, 853, 854, 856, 862, 866, 869, 870, 872, 878, 881, 882, 884, 885, 886, 887, 888, 890, 893, 894, 896, 902, 914, 917, 918, 920, 926, 930, 933, 934, 936, 942, 945, 946, 948, 949, 950, 951, 952, 954, 957, 958, 960, 962, 965, 966, 968, 974, 977, 978, 980, 981, 982, 983, 984, 986, 989, 990, 992, 993, 994, 996, 997, 998, 999, 1000, 1002, 1005, 1006, 1008, 1009, 1010, 1011, 1012, 1013, 1015, 1016, 1017, 1018, 1020, 1021, 1022, 1023, 1024]
x_1015: [119, 183, 215, 231, 243, 245, 247, 248, 255, 311, 343, 359, 371, 373, 375, 376, 383, 407, 423, 435, 437, 439, 440, 447, 455, 467, 469, 471, 472, 479, 483, 485, 487, 488, 495, 497, 499, 500, 501, 502, 503, 504, 507, 509, 511, 512, 567, 599, 615, 627, 629, 631, 632, 639, 663, 679, 691, 693, 695, 696, 703, 711, 723, 725, 727, 728, 735, 739, 741, 743, 744, 751, 753, 755, 756, 757, 758, 759, 760, 763, 765, 767, 768, 791, 807, 819, 821, 823, 824, 831, 839, 851, 853, 855, 856, 863, 867, 869, 871, 872, 879, 881, 883, 884, 885, 886, 887, 888, 891, 893, 895, 896, 903, 915, 917, 919, 920, 927, 931, 933, 935, 936, 943, 945, 947, 948, 949, 950, 951, 952, 955, 957, 959, 960, 963, 965, 967, 968, 975, 977, 979, 980, 981, 982, 983, 984, 987, 989, 991, 992, 993, 995, 996, 997, 998, 999, 1000, 1003, 1005, 1007, 1008, 1009, 1010, 1011, 1012, 1013, 1014, 1016, 1017, 1019, 1020, 1021, 1022, 1023, 1024]
x_1016: [120, 184, 216, 232, 244, 246, 247, 248, 256, 312, 344, 360, 372, 374, 375, 376, 384, 408, 424, 436, 438, 439, 440, 448, 456, 468, 470, 471, 472, 480, 484, 486, 487, 488, 496, 498, 499, 500, 501, 502, 503, 504, 508, 510, 511, 512, 568, 600, 616, 628, 630, 631, 632, 640, 664, 680, 692, 694, 695, 696, 704, 712, 724, 726, 727, 728, 736, 740, 742, 743, 744, 752, 754, 755, 756, 757, 758, 759, 760, 764, 766, 767, 768, 792, 808, 820, 822, 823, 824, 832, 840, 852, 854, 855, 856, 864, 868, 870, 871, 872, 880, 882, 883, 884, 885, 886, 887, 888, 892, 894, 895, 896, 904, 916, 918, 919, 920, 928, 932, 934, 935, 936, 944, 946, 947, 948, 949, 950, 951, 952, 956, 958, 959, 960, 964, 966, 967, 968, 976, 978, 979, 980, 981, 982, 983, 984, 988, 990, 991, 992, 994, 995, 996, 997, 998, 999, 1000, 1004, 1006, 1007, 1008, 1009, 1010, 1011, 1012, 1013, 1014, 1015, 1018, 1019, 1020, 1021, 1022, 1023, 1024]
x_1017: [121, 185, 217, 233, 241, 249, 250, 251, 253, 313, 345, 361, 369, 377, 378, 379, 381, 409, 425, 433, 441, 442, 443, 445, 457, 465, 473, 474, 475, 477, 481, 489, 490, 491, 493, 497, 498, 499, 501, 505, 506, 507, 508, 509, 510, 511, 569, 601, 617, 625, 633, 634, 635, 637, 665, 681, 689, 697, 698, 699, 701, 713, 721, 729, 730, 731, 733, 737, 745, 746, 747, 749, 753, 754, 755, 757, 761, 762, 763, 764, 765, 766, 767, 793, 809, 817, 825, 826, 827, 829, 841, 849, 857, 858, 859, 861, 865, 873, 874, 875, 877, 881, 882, 883, 885, 889, 890, 891, 892, 893, 894, 895, 905, 913, 921, 922, 923, 925, 929, 937, 938, 939, 941, 945, 946, 947, 949, 953, 954, 955, 956, 957, 958, 959, 961, 969, 970, 971, 973, 977, 978, 979, 981, 985, 986, 987, 988, 989, 990, 991, 993, 994, 995, 997, 1001, 1002, 1003, 1004, 1005, 1006, 1007, 1009, 1010, 1011, 1012, 1013, 1014, 1015, 1018, 1019, 1020, 1021, 1022, 1023, 1024]
x_1018: [122, 186, 218, 234, 242, 249, 250, 252, 254, 314, 346, 362, 370, 377, 378, 380, 382, 410, 426, 434, 441, 442, 444, 446, 458, 466, 473, 474, 476, 478, 482, 489, 490, 492, 494, 497, 498, 500, 502, 505, 506, 507, 508, 509, 510, 512, 570, 602, 618, 626, 633, 634, 636, 638, 666, 682, 690, 697, 698, 700, 702, 714, 722, 729, 730, 732, 734, 738, 745, 746, 748, 750, 753, 754, 756, 758, 761, 762, 763, 764, 765, 766, 768, 794, 810, 818, 825, 826, 828, 830, 842, 850, 857, 858, 860, 862, 866, 873, 874, 876, 878, 881, 882, 884, 886, 889, 890, 891, 892, 893, 894, 896, 906, 914, 921, 922, 924, 926, 930, 937, 938, 940, 942, 945, 946, 948, 950, 953, 954, 955, 956, 957, 958, 960, 962, 969, 970, 972, 974, 977, 978, 980, 982, 985, 986, 987, 988, 989, 990, 992, 993, 994, 996, 998, 1001, 1002, 1003, 1004, 1005, 1006, 1008, 1009, 1010, 1011, 1012, 1013, 1014, 1016, 1017, 1019, 1020, 1021, 1022, 1023, 1024]
x_1019: [123, 187, 219, 235, 243, 249, 251, 252, 255, 315, 347, 363, 371, 377, 379, 380, 383, 411, 427, 435, 441, 443, 444, 447, 459, 467, 473, 475, 476, 479, 483, 489, 491, 492, 495, 497, 499, 500, 503, 505, 506, 507, 508, 509, 511, 512, 571, 603, 619, 627, 633, 635, 636, 639, 667, 683, 691, 697, 699, 700, 703, 715, 723, 729, 731, 732, 735, 739, 745, 747, 748, 751, 753, 755, 756, 759, 761, 762, 763, 764, 765, 767, 768, 795, 811, 819, 825, 827, 828, 831, 843, 851, 857, 859, 860, 863, 867, 873, 875, 876, 879, 881, 883, 884, 887, 889, 890, 891, 892, 893, 895, 896, 907, 915, 921, 923, 924, 927, 931, 937, 939, 940, 943, 945, 947, 948, 951, 953, 954, 955, 956, 957, 959, 960, 963, 969, 971, 972, 975, 977, 979, 980, 983, 985, 986, 987, 988, 989, 991, 992, 993, 995, 996, 999, 1001, 1002, 1003, 1004, 1005, 1007, 1008, 1009, 1010, 1011, 1012, 1013, 1015, 1016, 1017, 1018, 1020, 1021, 1022, 1023, 1024]
x_1020: [124, 188, 220, 236, 244, 250, 251, 252, 256, 316, 348, 364, 372, 378, 379, 380, 384, 412, 428, 436, 442, 443, 444, 448, 460, 468, 474, 475, 476, 480, 484, 490, 491, 492, 496, 498, 499, 500, 504, 505, 506, 507, 508, 510, 511, 512, 572, 604, 620, 628, 634, 635, 636, 640, 668, 684, 692, 698, 699, 700, 704, 716, 724, 730, 731, 732, 736, 740, 746, 747, 748, 752, 754, 755, 756, 760, 761, 762, 763, 764, 766, 767, 768, 796, 812, 820, 826, 827, 828, 832, 844, 852, 858, 859, 860, 864, 868, 874, 875, 876, 880, 882, 883, 884, 888, 889, 890, 891, 892, 894, 895, 896, 908, 916, 922, 923, 924, 928, 932, 938, 939, 940, 944, 946, 947, 948, 952, 953, 954, 955, 956, 958, 959, 960, 964, 970, 971, 972, 976, 978, 979, 980, 984, 985, 986, 987, 988, 990, 991, 992, 994, 995, 996, 1000, 1001, 1002, 1003, 1004, 1006, 1007, 1008, 1009, 1010, 1011, 1012, 1014, 1015, 1016, 1017, 1018, 1019, 1021, 1022, 1023, 1024]
x_1021: [125, 189, 221, 237, 245, 249, 253, 254, 255, 317, 349, 365, 373, 377, 381, 382, 383, 413, 429, 437, 441, 445, 446, 447, 461, 469, 473, 477, 478, 479, 485, 489, 493, 494, 495, 497, 501, 502, 503, 505, 506, 507, 509, 510, 511, 512, 573, 605, 621, 629, 633, 637, 638, 639, 669, 685, 693, 697, 701, 702, 703, 717, 725, 729, 733, 734, 735, 741, 745, 749, 750, 751, 753, 757, 758, 759, 761, 762, 763, 765, 766, 767, 768, 797, 813, 821, 825, 829, 830, 831, 845, 853, 857, 861, 862, 863, 869, 873, 877, 878, 879, 881, 885, 886, 887, 889, 890, 891, 893, 894, 895, 896, 909, 917, 921, 925, 926, 927, 933, 937, 941, 942, 943, 945, 949, 950, 951, 953, 954, 955, 957, 958, 959, 960, 965, 969, 973, 974, 975, 977, 981, 982, 983, 985, 986, 987, 989, 990, 991, 992, 993, 997, 998, 999, 1001, 1002, 1003, 1005, 1006, 1007, 1008, 1009, 1010, 1011, 1013, 1014, 1015, 1016, 1017, 1018, 1019, 1020, 1022, 1023, 1024]
x_1022: [126, 190, 222, 238, 246, 250, 253, 254, 256, 318, 350, 366, 374, 378, 381, 382, 384, 414, 430, 438, 442, 445, 446, 448, 462, 470, 474, 477, 478, 480, 486, 490, 493, 494, 496, 498, 501, 502, 504, 505, 506, 508, 509, 510, 511, 512, 574, 606, 622, 630, 634, 637, 638, 640, 670, 686, 694, 698, 701, 702, 704, 718, 726, 730, 733, 734, 736, 742, 746, 749, 750, 752, 754, 757, 758, 760, 761, 762, 764, 765, 766, 767, 768, 798, 814, 822, 826, 829, 830, 832, 846, 854, 858, 861, 862, 864, 870, 874, 877, 878, 880, 882, 885, 886, 888, 889, 890, 892, 893, 894, 895, 896, 910, 918, 922, 925, 926, 928, 934, 938, 941, 942, 944, 946, 949, 950, 952, 953, 954, 956, 957, 958, 959, 960, 966, 970, 973, 974, 976, 978, 981, 982, 984, 985, 986, 988, 989, 990, 991, 992, 994, 997, 998, 1000, 1001, 1002, 1004, 1005, 1006, 1007, 1008, 1009, 1010, 1012, 1013, 1014, 1015, 1016, 1017, 1018, 1019, 1020, 1021, 1023, 1024]
x_1023: [127, 191, 223, 239, 247, 251, 253, 255, 256, 319, 351, 367, 375, 379, 381, 383, 384, 415, 431, 439, 443, 445, 447, 448, 463, 471, 475, 477, 479, 480, 487, 491, 493, 495, 496, 499, 501, 503, 504, 505, 507, 508, 509, 510, 511, 512, 575, 607, 623, 631, 635, 637, 639, 640, 671, 687, 695, 699, 701, 703, 704, 719, 727, 731, 733, 735, 736, 743, 747, 749, 751, 752, 755, 757, 759, 760, 761, 763, 764, 765, 766, 767, 768, 799, 815, 823, 827, 829, 831, 832, 847, 855, 859, 861, 863, 864, 871, 875, 877, 879, 880, 883, 885, 887, 888, 889, 891, 892, 893, 894, 895, 896, 911, 919, 923, 925, 927, 928, 935, 939, 941, 943, 944, 947, 949, 951, 952, 953, 955, 956, 957, 958, 959, 960, 967, 971, 973, 975, 976, 979, 981, 983, 984, 985, 987, 988, 989, 990, 991, 992, 995, 997, 999, 1000, 1001, 1003, 1004, 1005, 1006, 1007, 1008, 1009, 1011, 1012, 1013, 1014, 1015, 1016, 1017, 1018, 1019, 1020, 1021, 1022, 1024]
x_1024: [128, 192, 224, 240, 248, 252, 254, 255, 256, 320, 352, 368, 376, 380, 382, 383, 384, 416, 432, 440, 444, 446, 447, 448, 464, 472, 476, 478, 479, 480, 488, 492, 494, 495, 496, 500, 502, 503, 504, 506, 507, 508, 509, 510, 511, 512, 576, 608, 624, 632, 636, 638, 639, 640, 672, 688, 696, 700, 702, 703, 704, 720, 728, 732, 734, 735, 736, 744, 748, 750, 751, 752, 756, 758, 759, 760, 762, 763, 764, 765, 766, 767, 768, 800, 816, 824, 828, 830, 831, 832, 848, 856, 860, 862, 863, 864, 872, 876, 878, 879, 880, 884, 886, 887, 888, 890, 891, 892, 893, 894, 895, 896, 912, 920, 924, 926, 927, 928, 936, 940, 942, 943, 944, 948, 950, 951, 952, 954, 955, 956, 957, 958, 959, 960, 968, 972, 974, 975, 976, 980, 982, 983, 984, 986, 987, 988, 989, 990, 991, 992, 996, 998, 999, 1000, 1002, 1003, 1004, 1005, 1006, 1007, 1008, 1010, 1011, 1012, 1013, 1014, 1015, 1016, 1017, 1018, 1019, 1020, 1021, 1022, 1023]