776
1 1 1 1 1 1 1 1 1 1 1 1 1 1 1 1 1 1 1 1 1 1 1 1 1 1 1 1 1 1 1 1 1 1 1 1 1 1 1 1 1 1 1 1 1 1 1 1 1 1 1 1 1 1 1 1 1 1 1 1 1 1 1 1 1 1 1 1 1 1 1 1 1 1 1 1 1 1 1 1 1 1 1 1 1 1 1 1 1 1 1 1 1 1 1 1 1 1 1 1 1 1 1 1 1 1 1 1 1 1 1 1 1 1 1 1 1 1 1 1 1 1 1 1 1 1 1 1 1 1 1 1 1 1 1 1 1 1 1 1 1 1 1 1 1 1 1 1 1 1 1 1 1 1 1 1 1 1 1 1 1 1 1 1 1 1 1 1 1 1 1 1 1 1 1 1 1 1 1 1 1 1 1 1 1 1 1 1 1 1 1 1 1 1 1 1 1 1 1 1 1 1 1 1 1 1 1 1 1 1 1 1 1 1 1 1 1 1 1 1 1 1 1 1 1 1 1 1 1 1 1 1 1 1 1 1 1 1 1 1 1 1 1 1 1 1 1 1 1 1 1 1 1 1 1 1 1 1 1 1 1 1 1 1 1 1 1 1 1 1 1 1 1 1 1 1 1 1 1 1 1 1 1 1 1 1 1 1 1 1 1 1 1 1 1 1 1 1 1 1 1 1 1 1 1 1 1 1 1 1 1 1 1 1 1 1 1 1 1 1 1 1 1 1 1 1 1 1 1 1 1 1 1 1 1 1 1 1 1 1 1 1 1 1 1 1 1 1 1 1 1 1 1 1 1 1 1 1 1 1 1 1 1 1 1 1 1 1 1 1 1 1 1 1 1 1 1 1 1 1 1 1 1 1 1 1 1 1 1 1 1 1 1 1 1 1 1 1 1 1 1 1 1 1 1 1 1 1 1 1 1 1 1 1 1 1 1 1 1 1 1 1 1 1 1 1 1 1 1 1 1 1 1 1 1 1 1 1 1 1 1 1 1 1 1 1 1 1 1 1 1 1 1 1 1 1 1 1 1 1 1 1 1 1 1 1 1 1 1 1 1 1 1 1 1 1 1 1 1 1 1 1 1 1 1 1 1 1 1 1 1 1 1 1 1 1 1 1 1 1 1 1 1 1 1 1 1 1 1 1 1 1 1 1 1 1 1 1 1 1 1 1 1 1 1 1 1 1 1 1 1 1 1 1 1 1 1 1 1 1 1 1 1 1 1 1 1 1 1 1 1 1 1 1 1 1 1 1 1 1 1 1 1 1 1 1 1 1 1 1 1 1 1 1 1 1 1 1 1 1 1 1 1 1 1 1 1 1 1 1 1 1 1 1 1 1 1 1 1 1 1 1 1 1 1 1 1 1 1 1 1 1 1 1 1 1 1 1 1 1 1 1 1 1 1 1 1 1 1 1 1 1 1 1 1 1 1 1 1 1 1 1 1 1 1 1 1 1 1 1 1 1 1 1 1 1 1 1 1 1 1 1 1 1 1 1 1 1 1 1 1 1 1 1 1 1 1 1 1 1 1 1 1 1 1 1 1 1 1 1 1 1 1 1 1 1 1 1 1 1 1 1 1 1 1 1 1 1 1 1 1 1 1 1 1 1 1 1 1 1 1 1 1 1 1 1 1 1 1 1 1 1 1 1 1 1 1 1 1 1 1 1 1 1 1 1 1 1 1 1 1 1 1 1 1 1 1 1 1 1 1 1 1 1 1 1 1 1 1 1 1 1 1 1 1 1
x_1: [2, 3, 4, 5, 6, 7, 9, 10, 11, 18, 28, 29, 31, 32, 33, 35, 36, 38, 39, 40, 42, 43, 45, 46, 47, 65, 66, 68, 69, 70, 77, 135, 136, 138, 139, 140, 142, 143, 145, 146, 147, 165, 166, 168, 169, 170, 172, 173, 175, 176, 177, 179, 180, 182, 183, 184, 202, 203, 205, 206, 207, 209, 210, 212, 213, 214, 216, 217, 219, 220, 221, 239, 240, 242, 243, 244, 310, 311, 313, 314, 315, 317, 318, 320, 321, 322, 340, 341, 343, 344, 345, 352, 602, 603, 605, 606, 607, 609, 610, 612, 613, 614, 632, 633, 635, 636, 637, 639, 640, 642, 643, 644, 646, 647, 649, 650, 651, 669, 670, 672, 673, 674, 740, 741, 743, 744, 745, 747, 748, 750, 751, 752, 770, 771, 773, 774, 775]
x_2: [1, 3, 4, 5, 7, 8, 9, 10, 12, 21, 29, 30, 31, 32, 34, 36, 37, 38, 39, 41, 43, 44, 45, 46, 48, 66, 67, 68, 69, 71, 80, 136, 137, 138, 139, 141, 143, 144, 145, 146, 148, 166, 167, 168, 169, 171, 173, 174, 175, 176, 178, 180, 181, 182, 183, 185, 203, 204, 205, 206, 208, 210, 211, 212, 213, 215, 217, 218, 219, 220, 222, 240, 241, 242, 243, 245, 311, 312, 313, 314, 316, 318, 319, 320, 321, 323, 341, 342, 343, 344, 346, 355, 603, 604, 605, 606, 608, 610, 611, 612, 613, 615, 633, 634, 635, 636, 638, 640, 641, 642, 643, 645, 647, 648, 649, 650, 652, 670, 671, 672, 673, 675, 741, 742, 743, 744, 746, 748, 749, 750, 751, 753, 771, 772, 773, 774, 776]
x_3: [1, 2, 4, 5, 7, 9, 10, 11, 12, 22, 29, 31, 32, 33, 34, 36, 38, 39, 40, 41, 43, 45, 46, 47, 48, 66, 68, 69, 70, 71, 81, 136, 138, 139, 140, 141, 143, 145, 146, 147, 148, 166, 168, 169, 170, 171, 173, 175, 176, 177, 178, 180, 182, 183, 184, 185, 203, 205, 206, 207, 208, 210, 212, 213, 214, 215, 217, 219, 220, 221, 222, 240, 242, 243, 244, 245, 311, 313, 314, 315, 316, 318, 320, 321, 322, 323, 341, 343, 344, 345, 346, 356, 603, 605, 606, 607, 608, 610, 612, 613, 614, 615, 633, 635, 636, 637, 638, 640, 642, 643, 644, 645, 647, 649, 650, 651, 652, 670, 672, 673, 674, 675, 741, 743, 744, 745, 746, 748, 750, 751, 752, 753, 771, 773, 774, 775, 776]
x_4: [1, 2, 3, 5, 7, 8, 10, 11, 12, 23, 29, 30, 32, 33, 34, 36, 37, 39, 40, 41, 43, 44, 46, 47, 48, 66, 67, 69, 70, 71, 82, 136, 137, 139, 140, 141, 143, 144, 146, 147, 148, 166, 167, 169, 170, 171, 173, 174, 176, 177, 178, 180, 181, 183, 184, 185, 203, 204, 206, 207, 208, 210, 211, 213, 214, 215, 217, 218, 220, 221, 222, 240, 241, 243, 244, 245, 311, 312, 314, 315, 316, 318, 319, 321, 322, 323, 341, 342, 344, 345, 346, 357, 603, 604, 606, 607, 608, 610, 611, 613, 614, 615, 633, 634, 636, 637, 638, 640, 641, 643, 644, 645, 647, 648, 650, 651, 652, 670, 671, 673, 674, 675, 741, 742, 744, 745, 746, 748, 749, 751, 752, 753, 771, 772, 774, 775, 776]
x_5: [1, 2, 3, 4, 6, 9, 10, 11, 12, 26, 28, 31, 32, 33, 34, 35, 38, 39, 40, 41, 42, 45, 46, 47, 48, 65, 68, 69, 70, 71, 85, 135, 138, 139, 140, 141, 142, 145, 146, 147, 148, 165, 168, 169, 170, 171, 172, 175, 176, 177, 178, 179, 182, 183, 184, 185, 202, 205, 206, 207, 208, 209, 212, 213, 214, 215, 216, 219, 220, 221, 222, 239, 242, 243, 244, 245, 310, 313, 314, 315, 316, 317, 320, 321, 322, 323, 340, 343, 344, 345, 346, 360, 602, 605, 606, 607, 608, 609, 612, 613, 614, 615, 632, 635, 636, 637, 638, 639, 642, 643, 644, 645, 646, 649, 650, 651, 652, 669, 672, 673, 674, 675, 740, 743, 744, 745, 746, 747, 750, 751, 752, 753, 770, 773, 774, 775, 776]
x_6: [1, 5, 7, 10, 12, 13, 14, 15, 17, 18, 19, 25, 26, 27, 28, 35, 36, 41, 42, 43, 48, 50, 51, 52, 54, 55, 56, 62, 63, 64, 89, 135, 136, 141, 142, 143, 148, 150, 151, 152, 154, 155, 156, 162, 163, 164, 172, 173, 178, 179, 180, 185, 187, 188, 189, 191, 192, 193, 199, 200, 201, 209, 210, 215, 216, 217, 222, 224, 225, 226, 228, 229, 230, 236, 237, 238, 310, 311, 316, 317, 318, 323, 325, 326, 327, 329, 330, 331, 337, 338, 339, 364, 602, 603, 608, 609, 610, 615, 617, 618, 619, 621, 622, 623, 629, 630, 631, 639, 640, 645, 646, 647, 652, 654, 655, 656, 658, 659, 660, 666, 667, 668, 740, 741, 746, 747, 748, 753, 755, 756, 757, 759, 760, 761, 767, 768, 769]
x_7: [1, 2, 3, 4, 6, 9, 10, 11, 12, 13, 14, 15, 17, 18, 19, 21, 22, 23, 29, 35, 36, 38, 39, 40, 42, 43, 45, 46, 47, 50, 51, 52, 54, 55, 56, 58, 59, 60, 93, 135, 136, 138, 139, 140, 142, 143, 145, 146, 147, 150, 151, 152, 154, 155, 156, 158, 159, 160, 172, 173, 175, 176, 177, 179, 180, 182, 183, 184, 187, 188, 189, 191, 192, 193, 195, 196, 197, 209, 210, 212, 213, 214, 216, 217, 219, 220, 221, 224, 225, 226, 228, 229, 230, 232, 233, 234, 310, 311, 313, 314, 315, 317, 318, 320, 321, 322, 325, 326, 327, 329, 330, 331, 333, 334, 335, 368, 602, 603, 605, 606, 607, 609, 610, 612, 613, 614, 617, 618, 619, 621, 622, 623, 625, 626, 627, 639, 640, 642, 643, 644, 646, 647, 649, 650, 651, 654, 655, 656, 658, 659, 660, 662, 663, 664, 740, 741, 743, 744, 745, 747, 748, 750, 751, 752, 755, 756, 757, 759, 760, 761, 763, 764, 765]
x_8: [2, 4, 9, 10, 11, 16, 17, 19, 20, 21, 23, 24, 25, 27, 30, 37, 38, 40, 44, 45, 47, 53, 54, 56, 57, 58, 60, 61, 62, 64, 95, 137, 138, 140, 144, 145, 147, 153, 154, 156, 157, 158, 160, 161, 162, 164, 174, 175, 177, 181, 182, 184, 190, 191, 193, 194, 195, 197, 198, 199, 201, 211, 212, 214, 218, 219, 221, 227, 228, 230, 231, 232, 234, 235, 236, 238, 312, 313, 315, 319, 320, 322, 328, 329, 331, 332, 333, 335, 336, 337, 339, 370, 604, 605, 607, 611, 612, 614, 620, 621, 623, 624, 625, 627, 628, 629, 631, 641, 642, 644, 648, 649, 651, 657, 658, 660, 661, 662, 664, 665, 666, 668, 742, 743, 745, 749, 750, 752, 758, 759, 761, 762, 763, 765, 766, 767, 769]
x_9: [1, 2, 3, 5, 7, 8, 10, 11, 12, 16, 17, 18, 20, 21, 22, 24, 25, 26, 31, 36, 37, 38, 39, 41, 43, 44, 45, 46, 48, 53, 54, 55, 57, 58, 59, 61, 62, 63, 96, 136, 137, 138, 139, 141, 143, 144, 145, 146, 148, 153, 154, 155, 157, 158, 159, 161, 162, 163, 173, 174, 175, 176, 178, 180, 181, 182, 183, 185, 190, 191, 192, 194, 195, 196, 198, 199, 200, 210, 211, 212, 213, 215, 217, 218, 219, 220, 222, 227, 228, 229, 231, 232, 233, 235, 236, 237, 311, 312, 313, 314, 316, 318, 319, 320, 321, 323, 328, 329, 330, 332, 333, 334, 336, 337, 338, 371, 603, 604, 605, 606, 608, 610, 611, 612, 613, 615, 620, 621, 622, 624, 625, 626, 628, 629, 630, 640, 641, 642, 643, 645, 647, 648, 649, 650, 652, 657, 658, 659, 661, 662, 663, 665, 666, 667, 741, 742, 743, 744, 746, 748, 749, 750, 751, 753, 758, 759, 760, 762, 763, 764, 766, 767, 768]
x_10: [1, 2, 3, 4, 5, 6, 7, 8, 9, 11, 12, 17, 18, 19, 21, 22, 23, 25, 26, 27, 32, 36, 38, 39, 40, 41, 43, 45, 46, 47, 48, 54, 55, 56, 58, 59, 60, 62, 63, 64, 97, 136, 138, 139, 140, 141, 143, 145, 146, 147, 148, 154, 155, 156, 158, 159, 160, 162, 163, 164, 173, 175, 176, 177, 178, 180, 182, 183, 184, 185, 191, 192, 193, 195, 196, 197, 199, 200, 201, 210, 212, 213, 214, 215, 217, 219, 220, 221, 222, 228, 229, 230, 232, 233, 234, 236, 237, 238, 311, 313, 314, 315, 316, 318, 320, 321, 322, 323, 329, 330, 331, 333, 334, 335, 337, 338, 339, 372, 603, 605, 606, 607, 608, 610, 612, 613, 614, 615, 621, 622, 623, 625, 626, 627, 629, 630, 631, 640, 642, 643, 644, 645, 647, 649, 650, 651, 652, 658, 659, 660, 662, 663, 664, 666, 667, 668, 741, 743, 744, 745, 746, 748, 750, 751, 752, 753, 759, 760, 761, 763, 764, 765, 767, 768, 769]
x_11: [1, 3, 4, 5, 7, 8, 9, 10, 12, 16, 18, 19, 20, 22, 23, 24, 26, 27, 33, 36, 37, 39, 40, 41, 43, 44, 46, 47, 48, 53, 55, 56, 57, 59, 60, 61, 63, 64, 98, 136, 137, 139, 140, 141, 143, 144, 146, 147, 148, 153, 155, 156, 157, 159, 160, 161, 163, 164, 173, 174, 176, 177, 178, 180, 181, 183, 184, 185, 190, 192, 193, 194, 196, 197, 198, 200, 201, 210, 211, 213, 214, 215, 217, 218, 220, 221, 222, 227, 229, 230, 231, 233, 234, 235, 237, 238, 311, 312, 314, 315, 316, 318, 319, 321, 322, 323, 328, 330, 331, 332, 334, 335, 336, 338, 339, 373, 603, 604, 606, 607, 608, 610, 611, 613, 614, 615, 620, 622, 623, 624, 626, 627, 628, 630, 631, 640, 641, 643, 644, 645, 647, 648, 650, 651, 652, 657, 659, 660, 661, 663, 664, 665, 667, 668, 741, 742, 744, 745, 746, 748, 749, 751, 752, 753, 758, 760, 761, 762, 764, 765, 766, 768, 769]
x_12: [2, 3, 4, 5, 6, 7, 9, 10, 11, 13, 14, 15, 21, 22, 23, 25, 26, 27, 34, 35, 38, 39, 40, 41, 42, 45, 46, 47, 48, 50, 51, 52, 58, 59, 60, 62, 63, 64, 101, 135, 138, 139, 140, 141, 142, 145, 146, 147, 148, 150, 151, 152, 158, 159, 160, 162, 163, 164, 172, 175, 176, 177, 178, 179, 182, 183, 184, 185, 187, 188, 189, 195, 196, 197, 199, 200, 201, 209, 212, 213, 214, 215, 216, 219, 220, 221, 222, 224, 225, 226, 232, 233, 234, 236, 237, 238, 310, 313, 314, 315, 316, 317, 320, 321, 322, 323, 325, 326, 327, 333, 334, 335, 337, 338, 339, 376, 602, 605, 606, 607, 608, 609, 612, 613, 614, 615, 617, 618, 619, 625, 626, 627, 629, 630, 631, 639, 642, 643, 644, 645, 646, 649, 650, 651, 652, 654, 655, 656, 662, 663, 664, 666, 667, 668, 740, 743, 744, 745, 746, 747, 750, 751, 752, 753, 755, 756, 757, 763, 764, 765, 767, 768, 769]
x_13: [6, 7, 12, 14, 15, 16, 17, 18, 21, 24, 25, 26, 28, 29, 34, 42, 43, 48, 49, 50, 51, 53, 54, 55, 61, 62, 63, 65, 66, 71, 104, 142, 143, 148, 149, 150, 151, 153, 154, 155, 161, 162, 163, 165, 166, 171, 179, 180, 185, 186, 187, 188, 190, 191, 192, 198, 199, 200, 202, 203, 208, 216, 217, 222, 223, 224, 225, 227, 228, 229, 235, 236, 237, 239, 240, 245, 317, 318, 323, 324, 325, 326, 328, 329, 330, 336, 337, 338, 340, 341, 346, 379, 609, 610, 615, 616, 617, 618, 620, 621, 622, 628, 629, 630, 632, 633, 638, 646, 647, 652, 653, 654, 655, 657, 658, 659, 665, 666, 667, 669, 670, 675, 747, 748, 753, 754, 755, 756, 758, 759, 760, 766, 767, 768, 770, 771, 776]
x_14: [6, 7, 12, 13, 15, 17, 18, 19, 22, 25, 26, 27, 28, 29, 34, 42, 43, 48, 50, 51, 52, 54, 55, 56, 62, 63, 64, 65, 66, 71, 105, 142, 143, 148, 150, 151, 152, 154, 155, 156, 162, 163, 164, 165, 166, 171, 179, 180, 185, 187, 188, 189, 191, 192, 193, 199, 200, 201, 202, 203, 208, 216, 217, 222, 224, 225, 226, 228, 229, 230, 236, 237, 238, 239, 240, 245, 317, 318, 323, 325, 326, 327, 329, 330, 331, 337, 338, 339, 340, 341, 346, 380, 609, 610, 615, 617, 618, 619, 621, 622, 623, 629, 630, 631, 632, 633, 638, 646, 647, 652, 654, 655, 656, 658, 659, 660, 666, 667, 668, 669, 670, 675, 747, 748, 753, 755, 756, 757, 759, 760, 761, 767, 768, 769, 770, 771, 776]
x_15: [6, 7, 12, 13, 14, 16, 18, 19, 23, 24, 26, 27, 28, 29, 34, 42, 43, 48, 49, 51, 52, 53, 55, 56, 61, 63, 64, 65, 66, 71, 106, 142, 143, 148, 149, 151, 152, 153, 155, 156, 161, 163, 164, 165, 166, 171, 179, 180, 185, 186, 188, 189, 190, 192, 193, 198, 200, 201, 202, 203, 208, 216, 217, 222, 223, 225, 226, 227, 229, 230, 235, 237, 238, 239, 240, 245, 317, 318, 323, 324, 326, 327, 328, 330, 331, 336, 338, 339, 340, 341, 346, 381, 609, 610, 615, 616, 618, 619, 620, 622, 623, 628, 630, 631, 632, 633, 638, 646, 647, 652, 653, 655, 656, 657, 659, 660, 665, 667, 668, 669, 670, 675, 747, 748, 753, 754, 756, 757, 758, 760, 761, 766, 768, 769, 770, 771, 776]
x_16: [8, 9, 11, 13, 15, 17, 18, 19, 20, 21, 23, 24, 30, 31, 33, 44, 45, 47, 49, 50, 52, 53, 54, 56, 57, 58, 60, 67, 68, 70, 107, 144, 145, 147, 149, 150, 152, 153, 154, 156, 157, 158, 160, 167, 168, 170, 181, 182, 184, 186, 187, 189, 190, 191, 193, 194, 195, 197, 204, 205, 207, 218, 219, 221, 223, 224, 226, 227, 228, 230, 231, 232, 234, 241, 242, 244, 319, 320, 322, 324, 325, 327, 328, 329, 331, 332, 333, 335, 342, 343, 345, 382, 611, 612, 614, 616, 617, 619, 620, 621, 623, 624, 625, 627, 634, 635, 637, 648, 649, 651, 653, 654, 656, 657, 658, 660, 661, 662, 664, 671, 672, 674, 749, 750, 752, 754, 755, 757, 758, 759, 761, 762, 763, 765, 772, 773, 775]
x_17: [6, 7, 8, 9, 10, 13, 14, 16, 18, 19, 20, 21, 22, 25, 28, 29, 30, 31, 32, 42, 43, 44, 45, 46, 49, 50, 51, 53, 54, 55, 57, 58, 59, 65, 66, 67, 68, 69, 108, 142, 143, 144, 145, 146, 149, 150, 151, 153, 154, 155, 157, 158, 159, 165, 166, 167, 168, 169, 179, 180, 181, 182, 183, 186, 187, 188, 190, 191, 192, 194, 195, 196, 202, 203, 204, 205, 206, 216, 217, 218, 219, 220, 223, 224, 225, 227, 228, 229, 231, 232, 233, 239, 240, 241, 242, 243, 317, 318, 319, 320, 321, 324, 325, 326, 328, 329, 330, 332, 333, 334, 340, 341, 342, 343, 344, 383, 609, 610, 611, 612, 613, 616, 617, 618, 620, 621, 622, 624, 625, 626, 632, 633, 634, 635, 636, 646, 647, 648, 649, 650, 653, 654, 655, 657, 658, 659, 661, 662, 663, 669, 670, 671, 672, 673, 747, 748, 749, 750, 751, 754, 755, 756, 758, 759, 760, 762, 763, 764, 770, 771, 772, 773, 774]
x_18: [1, 6, 7, 9, 10, 11, 13, 14, 15, 16, 17, 19, 21, 22, 23, 26, 28, 29, 31, 32, 33, 42, 43, 45, 46, 47, 50, 51, 52, 54, 55, 56, 58, 59, 60, 65, 66, 68, 69, 70, 109, 142, 143, 145, 146, 147, 150, 151, 152, 154, 155, 156, 158, 159, 160, 165, 166, 168, 169, 170, 179, 180, 182, 183, 184, 187, 188, 189, 191, 192, 193, 195, 196, 197, 202, 203, 205, 206, 207, 216, 217, 219, 220, 221, 224, 225, 226, 228, 229, 230, 232, 233, 234, 239, 240, 242, 243, 244, 317, 318, 320, 321, 322, 325, 326, 327, 329, 330, 331, 333, 334, 335, 340, 341, 343, 344, 345, 384, 609, 610, 612, 613, 614, 617, 618, 619, 621, 622, 623, 625, 626, 627, 632, 633, 635, 636, 637, 646, 647, 649, 650, 651, 654, 655, 656, 658, 659, 660, 662, 663, 664, 669, 670, 672, 673, 674, 747, 748, 750, 751, 752, 755, 756, 757, 759, 760, 761, 763, 764, 765, 770, 771, 773, 774, 775]
x_19: [6, 7, 8, 10, 11, 14, 15, 16, 17, 18, 20, 22, 23, 27, 28, 29, 30, 32, 33, 42, 43, 44, 46, 47, 49, 51, 52, 53, 55, 56, 57, 59, 60, 65, 66, 67, 69, 70, 110, 142, 143, 144, 146, 147, 149, 151, 152, 153, 155, 156, 157, 159, 160, 165, 166, 167, 169, 170, 179, 180, 181, 183, 184, 186, 188, 189, 190, 192, 193, 194, 196, 197, 202, 203, 204, 206, 207, 216, 217, 218, 220, 221, 223, 225, 226, 227, 229, 230, 231, 233, 234, 239, 240, 241, 243, 244, 317, 318, 319, 321, 322, 324, 326, 327, 328, 330, 331, 332, 334, 335, 340, 341, 342, 344, 345, 385, 609, 610, 611, 613, 614, 616, 618, 619, 620, 622, 623, 624, 626, 627, 632, 633, 634, 636, 637, 646, 647, 648, 650, 651, 653, 655, 656, 657, 659, 660, 661, 663, 664, 669, 670, 671, 673, 674, 747, 748, 749, 751, 752, 754, 756, 757, 758, 760, 761, 762, 764, 765, 770, 771, 772, 774, 775]
x_20: [8, 9, 11, 16, 17, 19, 21, 22, 23, 24, 25, 27, 30, 31, 33, 44, 45, 47, 53, 54, 56, 57, 58, 60, 61, 62, 64, 67, 68, 70, 111, 144, 145, 147, 153, 154, 156, 157, 158, 160, 161, 162, 164, 167, 168, 170, 181, 182, 184, 190, 191, 193, 194, 195, 197, 198, 199, 201, 204, 205, 207, 218, 219, 221, 227, 228, 230, 231, 232, 234, 235, 236, 238, 241, 242, 244, 319, 320, 322, 328, 329, 331, 332, 333, 335, 336, 337, 339, 342, 343, 345, 386, 611, 612, 614, 620, 621, 623, 624, 625, 627, 628, 629, 631, 634, 635, 637, 648, 649, 651, 657, 658, 660, 661, 662, 664, 665, 666, 668, 671, 672, 674, 749, 750, 752, 758, 759, 761, 762, 763, 765, 766, 767, 769, 772, 773, 775]
x_21: [2, 7, 8, 9, 10, 12, 13, 16, 17, 18, 20, 22, 23, 24, 25, 26, 29, 30, 31, 32, 34, 43, 44, 45, 46, 48, 53, 54, 55, 57, 58, 59, 61, 62, 63, 66, 67, 68, 69, 71, 112, 143, 144, 145, 146, 148, 153, 154, 155, 157, 158, 159, 161, 162, 163, 166, 167, 168, 169, 171, 180, 181, 182, 183, 185, 190, 191, 192, 194, 195, 196, 198, 199, 200, 203, 204, 205, 206, 208, 217, 218, 219, 220, 222, 227, 228, 229, 231, 232, 233, 235, 236, 237, 240, 241, 242, 243, 245, 318, 319, 320, 321, 323, 328, 329, 330, 332, 333, 334, 336, 337, 338, 341, 342, 343, 344, 346, 387, 610, 611, 612, 613, 615, 620, 621, 622, 624, 625, 626, 628, 629, 630, 633, 634, 635, 636, 638, 647, 648, 649, 650, 652, 657, 658, 659, 661, 662, 663, 665, 666, 667, 670, 671, 672, 673, 675, 748, 749, 750, 751, 753, 758, 759, 760, 762, 763, 764, 766, 767, 768, 771, 772, 773, 774, 776]
x_22: [3, 7, 9, 10, 11, 12, 14, 17, 18, 19, 20, 21, 23, 25, 26, 27, 29, 31, 32, 33, 34, 43, 45, 46, 47, 48, 54, 55, 56, 58, 59, 60, 62, 63, 64, 66, 68, 69, 70, 71, 113, 143, 145, 146, 147, 148, 154, 155, 156, 158, 159, 160, 162, 163, 164, 166, 168, 169, 170, 171, 180, 182, 183, 184, 185, 191, 192, 193, 195, 196, 197, 199, 200, 201, 203, 205, 206, 207, 208, 217, 219, 220, 221, 222, 228, 229, 230, 232, 233, 234, 236, 237, 238, 240, 242, 243, 244, 245, 318, 320, 321, 322, 323, 329, 330, 331, 333, 334, 335, 337, 338, 339, 341, 343, 344, 345, 346, 388, 610, 612, 613, 614, 615, 621, 622, 623, 625, 626, 627, 629, 630, 631, 633, 635, 636, 637, 638, 647, 649, 650, 651, 652, 658, 659, 660, 662, 663, 664, 666, 667, 668, 670, 672, 673, 674, 675, 748, 750, 751, 752, 753, 759, 760, 761, 763, 764, 765, 767, 768, 769, 771, 773, 774, 775, 776]
x_23: [4, 7, 8, 10, 11, 12, 15, 16, 18, 19, 20, 21, 22, 24, 26, 27, 29, 30, 32, 33, 34, 43, 44, 46, 47, 48, 53, 55, 56, 57, 59, 60, 61, 63, 64, 66, 67, 69, 70, 71, 114, 143, 144, 146, 147, 148, 153, 155, 156, 157, 159, 160, 161, 163, 164, 166, 167, 169, 170, 171, 180, 181, 183, 184, 185, 190, 192, 193, 194, 196, 197, 198, 200, 201, 203, 204, 206, 207, 208, 217, 218, 220, 221, 222, 227, 229, 230, 231, 233, 234, 235, 237, 238, 240, 241, 243, 244, 245, 318, 319, 321, 322, 323, 328, 330, 331, 332, 334, 335, 336, 338, 339, 341, 342, 344, 345, 346, 389, 610, 611, 613, 614, 615, 620, 622, 623, 624, 626, 627, 628, 630, 631, 633, 634, 636, 637, 638, 647, 648, 650, 651, 652, 657, 659, 660, 661, 663, 664, 665, 667, 668, 670, 671, 673, 674, 675, 748, 749, 751, 752, 753, 758, 760, 761, 762, 764, 765, 766, 768, 769, 771, 772, 774, 775, 776]
x_24: [8, 9, 11, 13, 15, 16, 20, 21, 23, 25, 26, 27, 30, 31, 33, 44, 45, 47, 49, 50, 52, 57, 58, 60, 61, 62, 64, 67, 68, 70, 115, 144, 145, 147, 149, 150, 152, 157, 158, 160, 161, 162, 164, 167, 168, 170, 181, 182, 184, 186, 187, 189, 194, 195, 197, 198, 199, 201, 204, 205, 207, 218, 219, 221, 223, 224, 226, 231, 232, 234, 235, 236, 238, 241, 242, 244, 319, 320, 322, 324, 325, 327, 332, 333, 335, 336, 337, 339, 342, 343, 345, 390, 611, 612, 614, 616, 617, 619, 624, 625, 627, 628, 629, 631, 634, 635, 637, 648, 649, 651, 653, 654, 656, 661, 662, 664, 665, 666, 668, 671, 672, 674, 749, 750, 752, 754, 755, 757, 762, 763, 765, 766, 767, 769, 772, 773, 775]
x_25: [6, 8, 9, 10, 12, 13, 14, 17, 20, 21, 22, 24, 26, 27, 28, 30, 31, 32, 34, 42, 44, 45, 46, 48, 49, 50, 51, 57, 58, 59, 61, 62, 63, 65, 67, 68, 69, 71, 116, 142, 144, 145, 146, 148, 149, 150, 151, 157, 158, 159, 161, 162, 163, 165, 167, 168, 169, 171, 179, 181, 182, 183, 185, 186, 187, 188, 194, 195, 196, 198, 199, 200, 202, 204, 205, 206, 208, 216, 218, 219, 220, 222, 223, 224, 225, 231, 232, 233, 235, 236, 237, 239, 241, 242, 243, 245, 317, 319, 320, 321, 323, 324, 325, 326, 332, 333, 334, 336, 337, 338, 340, 342, 343, 344, 346, 391, 609, 611, 612, 613, 615, 616, 617, 618, 624, 625, 626, 628, 629, 630, 632, 634, 635, 636, 638, 646, 648, 649, 650, 652, 653, 654, 655, 661, 662, 663, 665, 666, 667, 669, 671, 672, 673, 675, 747, 749, 750, 751, 753, 754, 755, 756, 762, 763, 764, 766, 767, 768, 770, 772, 773, 774, 776]
x_26: [5, 6, 9, 10, 11, 12, 13, 14, 15, 18, 21, 22, 23, 24, 25, 27, 28, 31, 32, 33, 34, 42, 45, 46, 47, 48, 50, 51, 52, 58, 59, 60, 62, 63, 64, 65, 68, 69, 70, 71, 117, 142, 145, 146, 147, 148, 150, 151, 152, 158, 159, 160, 162, 163, 164, 165, 168, 169, 170, 171, 179, 182, 183, 184, 185, 187, 188, 189, 195, 196, 197, 199, 200, 201, 202, 205, 206, 207, 208, 216, 219, 220, 221, 222, 224, 225, 226, 232, 233, 234, 236, 237, 238, 239, 242, 243, 244, 245, 317, 320, 321, 322, 323, 325, 326, 327, 333, 334, 335, 337, 338, 339, 340, 343, 344, 345, 346, 392, 609, 612, 613, 614, 615, 617, 618, 619, 625, 626, 627, 629, 630, 631, 632, 635, 636, 637, 638, 646, 649, 650, 651, 652, 654, 655, 656, 662, 663, 664, 666, 667, 668, 669, 672, 673, 674, 675, 747, 750, 751, 752, 753, 755, 756, 757, 763, 764, 765, 767, 768, 769, 770, 773, 774, 775, 776]
x_27: [6, 8, 10, 11, 12, 14, 15, 19, 20, 22, 23, 24, 25, 26, 28, 30, 32, 33, 34, 42, 44, 46, 47, 48, 49, 51, 52, 57, 59, 60, 61, 63, 64, 65, 67, 69, 70, 71, 118, 142, 144, 146, 147, 148, 149, 151, 152, 157, 159, 160, 161, 163, 164, 165, 167, 169, 170, 171, 179, 181, 183, 184, 185, 186, 188, 189, 194, 196, 197, 198, 200, 201, 202, 204, 206, 207, 208, 216, 218, 220, 221, 222, 223, 225, 226, 231, 233, 234, 235, 237, 238, 239, 241, 243, 244, 245, 317, 319, 321, 322, 323, 324, 326, 327, 332, 334, 335, 336, 338, 339, 340, 342, 344, 345, 346, 393, 609, 611, 613, 614, 615, 616, 618, 619, 624, 626, 627, 628, 630, 631, 632, 634, 636, 637, 638, 646, 648, 650, 651, 652, 653, 655, 656, 661, 663, 664, 665, 667, 668, 669, 671, 673, 674, 675, 747, 749, 751, 752, 753, 754, 756, 757, 762, 764, 765, 766, 768, 769, 770, 772, 774, 775, 776]
x_28: [1, 5, 6, 13, 14, 15, 17, 18, 19, 25, 26, 27, 29, 32, 34, 35, 36, 41, 50, 51, 52, 54, 55, 56, 62, 63, 64, 65, 66, 71, 121, 135, 136, 141, 150, 151, 152, 154, 155, 156, 162, 163, 164, 165, 166, 171, 172, 173, 178, 187, 188, 189, 191, 192, 193, 199, 200, 201, 202, 203, 208, 209, 210, 215, 224, 225, 226, 228, 229, 230, 236, 237, 238, 239, 240, 245, 310, 311, 316, 325, 326, 327, 329, 330, 331, 337, 338, 339, 340, 341, 346, 396, 602, 603, 608, 617, 618, 619, 621, 622, 623, 629, 630, 631, 632, 633, 638, 639, 640, 645, 654, 655, 656, 658, 659, 660, 666, 667, 668, 669, 670, 675, 740, 741, 746, 755, 756, 757, 759, 760, 761, 767, 768, 769, 770, 771, 776]
x_29: [1, 2, 3, 4, 7, 13, 14, 15, 17, 18, 19, 21, 22, 23, 28, 31, 32, 33, 34, 35, 36, 38, 39, 40, 50, 51, 52, 54, 55, 56, 58, 59, 60, 65, 66, 68, 69, 70, 125, 135, 136, 138, 139, 140, 150, 151, 152, 154, 155, 156, 158, 159, 160, 165, 166, 168, 169, 170, 172, 173, 175, 176, 177, 187, 188, 189, 191, 192, 193, 195, 196, 197, 202, 203, 205, 206, 207, 209, 210, 212, 213, 214, 224, 225, 226, 228, 229, 230, 232, 233, 234, 239, 240, 242, 243, 244, 310, 311, 313, 314, 315, 325, 326, 327, 329, 330, 331, 333, 334, 335, 340, 341, 343, 344, 345, 400, 602, 603, 605, 606, 607, 617, 618, 619, 621, 622, 623, 625, 626, 627, 632, 633, 635, 636, 637, 639, 640, 642, 643, 644, 654, 655, 656, 658, 659, 660, 662, 663, 664, 669, 670, 672, 673, 674, 740, 741, 743, 744, 745, 755, 756, 757, 759, 760, 761, 763, 764, 765, 770, 771, 773, 774, 775]
x_30: [2, 4, 8, 16, 17, 19, 20, 21, 23, 24, 25, 27, 31, 32, 33, 37, 38, 40, 53, 54, 56, 57, 58, 60, 61, 62, 64, 67, 68, 70, 127, 137, 138, 140, 153, 154, 156, 157, 158, 160, 161, 162, 164, 167, 168, 170, 174, 175, 177, 190, 191, 193, 194, 195, 197, 198, 199, 201, 204, 205, 207, 211, 212, 214, 227, 228, 230, 231, 232, 234, 235, 236, 238, 241, 242, 244, 312, 313, 315, 328, 329, 331, 332, 333, 335, 336, 337, 339, 342, 343, 345, 402, 604, 605, 607, 620, 621, 623, 624, 625, 627, 628, 629, 631, 634, 635, 637, 641, 642, 644, 657, 658, 660, 661, 662, 664, 665, 666, 668, 671, 672, 674, 742, 743, 745, 758, 759, 761, 762, 763, 765, 766, 767, 769, 772, 773, 775]
x_31: [1, 2, 3, 5, 9, 16, 17, 18, 20, 21, 22, 24, 25, 26, 29, 30, 32, 33, 34, 36, 37, 38, 39, 41, 53, 54, 55, 57, 58, 59, 61, 62, 63, 66, 67, 68, 69, 71, 128, 136, 137, 138, 139, 141, 153, 154, 155, 157, 158, 159, 161, 162, 163, 166, 167, 168, 169, 171, 173, 174, 175, 176, 178, 190, 191, 192, 194, 195, 196, 198, 199, 200, 203, 204, 205, 206, 208, 210, 211, 212, 213, 215, 227, 228, 229, 231, 232, 233, 235, 236, 237, 240, 241, 242, 243, 245, 311, 312, 313, 314, 316, 328, 329, 330, 332, 333, 334, 336, 337, 338, 341, 342, 343, 344, 346, 403, 603, 604, 605, 606, 608, 620, 621, 622, 624, 625, 626, 628, 629, 630, 633, 634, 635, 636, 638, 640, 641, 642, 643, 645, 657, 658, 659, 661, 662, 663, 665, 666, 667, 670, 671, 672, 673, 675, 741, 742, 743, 744, 746, 758, 759, 760, 762, 763, 764, 766, 767, 768, 771, 772, 773, 774, 776]
x_32: [1, 2, 3, 4, 5, 10, 17, 18, 19, 21, 22, 23, 25, 26, 27, 28, 29, 30, 31, 33, 34, 36, 38, 39, 40, 41, 54, 55, 56, 58, 59, 60, 62, 63, 64, 66, 68, 69, 70, 71, 129, 136, 138, 139, 140, 141, 154, 155, 156, 158, 159, 160, 162, 163, 164, 166, 168, 169, 170, 171, 173, 175, 176, 177, 178, 191, 192, 193, 195, 196, 197, 199, 200, 201, 203, 205, 206, 207, 208, 210, 212, 213, 214, 215, 228, 229, 230, 232, 233, 234, 236, 237, 238, 240, 242, 243, 244, 245, 311, 313, 314, 315, 316, 329, 330, 331, 333, 334, 335, 337, 338, 339, 341, 343, 344, 345, 346, 404, 603, 605, 606, 607, 608, 621, 622, 623, 625, 626, 627, 629, 630, 631, 633, 635, 636, 637, 638, 640, 642, 643, 644, 645, 658, 659, 660, 662, 663, 664, 666, 667, 668, 670, 672, 673, 674, 675, 741, 743, 744, 745, 746, 759, 760, 761, 763, 764, 765, 767, 768, 769, 771, 773, 774, 775, 776]
x_33: [1, 3, 4, 5, 11, 16, 18, 19, 20, 22, 23, 24, 26, 27, 29, 30, 31, 32, 34, 36, 37, 39, 40, 41, 53, 55, 56, 57, 59, 60, 61, 63, 64, 66, 67, 69, 70, 71, 130, 136, 137, 139, 140, 141, 153, 155, 156, 157, 159, 160, 161, 163, 164, 166, 167, 169, 170, 171, 173, 174, 176, 177, 178, 190, 192, 193, 194, 196, 197, 198, 200, 201, 203, 204, 206, 207, 208, 210, 211, 213, 214, 215, 227, 229, 230, 231, 233, 234, 235, 237, 238, 240, 241, 243, 244, 245, 311, 312, 314, 315, 316, 328, 330, 331, 332, 334, 335, 336, 338, 339, 341, 342, 344, 345, 346, 405, 603, 604, 606, 607, 608, 620, 622, 623, 624, 626, 627, 628, 630, 631, 633, 634, 636, 637, 638, 640, 641, 643, 644, 645, 657, 659, 660, 661, 663, 664, 665, 667, 668, 670, 671, 673, 674, 675, 741, 742, 744, 745, 746, 758, 760, 761, 762, 764, 765, 766, 768, 769, 771, 772, 774, 775, 776]
x_34: [2, 3, 4, 5, 12, 13, 14, 15, 21, 22, 23, 25, 26, 27, 28, 29, 31, 32, 33, 35, 38, 39, 40, 41, 50, 51, 52, 58, 59, 60, 62, 63, 64, 65, 68, 69, 70, 71, 133, 135, 138, 139, 140, 141, 150, 151, 152, 158, 159, 160, 162, 163, 164, 165, 168, 169, 170, 171, 172, 175, 176, 177, 178, 187, 188, 189, 195, 196, 197, 199, 200, 201, 202, 205, 206, 207, 208, 209, 212, 213, 214, 215, 224, 225, 226, 232, 233, 234, 236, 237, 238, 239, 242, 243, 244, 245, 310, 313, 314, 315, 316, 325, 326, 327, 333, 334, 335, 337, 338, 339, 340, 343, 344, 345, 346, 408, 602, 605, 606, 607, 608, 617, 618, 619, 625, 626, 627, 629, 630, 631, 632, 635, 636, 637, 638, 639, 642, 643, 644, 645, 654, 655, 656, 662, 663, 664, 666, 667, 668, 669, 672, 673, 674, 675, 740, 743, 744, 745, 746, 755, 756, 757, 763, 764, 765, 767, 768, 769, 770, 773, 774, 775, 776]
x_35: [1, 5, 6, 7, 12, 28, 29, 34, 36, 39, 41, 42, 43, 48, 51, 65, 66, 71, 72, 73, 74, 76, 77, 78, 84, 85, 86, 88, 89, 90, 92, 93, 94, 100, 101, 102, 120, 121, 122, 124, 125, 126, 132, 133, 134, 135, 172, 173, 178, 179, 180, 185, 202, 203, 208, 209, 210, 215, 216, 217, 222, 239, 240, 245, 247, 248, 249, 251, 252, 253, 259, 260, 261, 263, 264, 265, 267, 268, 269, 275, 276, 277, 295, 296, 297, 299, 300, 301, 307, 308, 309, 412, 602, 603, 608, 609, 610, 615, 632, 633, 638, 639, 640, 645, 646, 647, 652, 669, 670, 675, 677, 678, 679, 681, 682, 683, 689, 690, 691, 693, 694, 695, 697, 698, 699, 705, 706, 707, 725, 726, 727, 729, 730, 731, 737, 738, 739]
x_36: [1, 2, 3, 4, 6, 7, 9, 10, 11, 28, 29, 31, 32, 33, 35, 38, 39, 40, 41, 42, 43, 45, 46, 47, 55, 65, 66, 68, 69, 70, 72, 73, 74, 76, 77, 78, 80, 81, 82, 88, 89, 90, 92, 93, 94, 96, 97, 98, 120, 121, 122, 124, 125, 126, 128, 129, 130, 136, 172, 173, 175, 176, 177, 179, 180, 182, 183, 184, 202, 203, 205, 206, 207, 209, 210, 212, 213, 214, 216, 217, 219, 220, 221, 239, 240, 242, 243, 244, 247, 248, 249, 251, 252, 253, 255, 256, 257, 263, 264, 265, 267, 268, 269, 271, 272, 273, 295, 296, 297, 299, 300, 301, 303, 304, 305, 416, 602, 603, 605, 606, 607, 609, 610, 612, 613, 614, 632, 633, 635, 636, 637, 639, 640, 642, 643, 644, 646, 647, 649, 650, 651, 669, 670, 672, 673, 674, 677, 678, 679, 681, 682, 683, 685, 686, 687, 693, 694, 695, 697, 698, 699, 701, 702, 703, 725, 726, 727, 729, 730, 731, 733, 734, 735]
x_37: [2, 4, 8, 9, 11, 30, 31, 33, 38, 39, 40, 44, 45, 47, 57, 67, 68, 70, 75, 76, 78, 79, 80, 82, 83, 84, 86, 91, 92, 94, 95, 96, 98, 99, 100, 102, 123, 124, 126, 127, 128, 130, 131, 132, 134, 137, 174, 175, 177, 181, 182, 184, 204, 205, 207, 211, 212, 214, 218, 219, 221, 241, 242, 244, 250, 251, 253, 254, 255, 257, 258, 259, 261, 266, 267, 269, 270, 271, 273, 274, 275, 277, 298, 299, 301, 302, 303, 305, 306, 307, 309, 418, 604, 605, 607, 611, 612, 614, 634, 635, 637, 641, 642, 644, 648, 649, 651, 671, 672, 674, 680, 681, 683, 684, 685, 687, 688, 689, 691, 696, 697, 699, 700, 701, 703, 704, 705, 707, 728, 729, 731, 732, 733, 735, 736, 737, 739]
x_38: [1, 2, 3, 5, 7, 8, 9, 10, 12, 29, 30, 31, 32, 34, 36, 37, 39, 40, 41, 43, 44, 45, 46, 48, 58, 66, 67, 68, 69, 71, 75, 76, 77, 79, 80, 81, 83, 84, 85, 91, 92, 93, 95, 96, 97, 99, 100, 101, 123, 124, 125, 127, 128, 129, 131, 132, 133, 138, 173, 174, 175, 176, 178, 180, 181, 182, 183, 185, 203, 204, 205, 206, 208, 210, 211, 212, 213, 215, 217, 218, 219, 220, 222, 240, 241, 242, 243, 245, 250, 251, 252, 254, 255, 256, 258, 259, 260, 266, 267, 268, 270, 271, 272, 274, 275, 276, 298, 299, 300, 302, 303, 304, 306, 307, 308, 419, 603, 604, 605, 606, 608, 610, 611, 612, 613, 615, 633, 634, 635, 636, 638, 640, 641, 642, 643, 645, 647, 648, 649, 650, 652, 670, 671, 672, 673, 675, 680, 681, 682, 684, 685, 686, 688, 689, 690, 696, 697, 698, 700, 701, 702, 704, 705, 706, 728, 729, 730, 732, 733, 734, 736, 737, 738]
x_39: [1, 2, 3, 4, 5, 7, 9, 10, 11, 12, 29, 31, 32, 33, 34, 35, 36, 37, 38, 40, 41, 43, 45, 46, 47, 48, 59, 66, 68, 69, 70, 71, 76, 77, 78, 80, 81, 82, 84, 85, 86, 92, 93, 94, 96, 97, 98, 100, 101, 102, 124, 125, 126, 128, 129, 130, 132, 133, 134, 139, 173, 175, 176, 177, 178, 180, 182, 183, 184, 185, 203, 205, 206, 207, 208, 210, 212, 213, 214, 215, 217, 219, 220, 221, 222, 240, 242, 243, 244, 245, 251, 252, 253, 255, 256, 257, 259, 260, 261, 267, 268, 269, 271, 272, 273, 275, 276, 277, 299, 300, 301, 303, 304, 305, 307, 308, 309, 420, 603, 605, 606, 607, 608, 610, 612, 613, 614, 615, 633, 635, 636, 637, 638, 640, 642, 643, 644, 645, 647, 649, 650, 651, 652, 670, 672, 673, 674, 675, 681, 682, 683, 685, 686, 687, 689, 690, 691, 697, 698, 699, 701, 702, 703, 705, 706, 707, 729, 730, 731, 733, 734, 735, 737, 738, 739]
x_40: [1, 3, 4, 5, 7, 8, 10, 11, 12, 29, 30, 32, 33, 34, 36, 37, 38, 39, 41, 43, 44, 46, 47, 48, 60, 66, 67, 69, 70, 71, 75, 77, 78, 79, 81, 82, 83, 85, 86, 91, 93, 94, 95, 97, 98, 99, 101, 102, 123, 125, 126, 127, 129, 130, 131, 133, 134, 140, 173, 174, 176, 177, 178, 180, 181, 183, 184, 185, 203, 204, 206, 207, 208, 210, 211, 213, 214, 215, 217, 218, 220, 221, 222, 240, 241, 243, 244, 245, 250, 252, 253, 254, 256, 257, 258, 260, 261, 266, 268, 269, 270, 272, 273, 274, 276, 277, 298, 300, 301, 302, 304, 305, 306, 308, 309, 421, 603, 604, 606, 607, 608, 610, 611, 613, 614, 615, 633, 634, 636, 637, 638, 640, 641, 643, 644, 645, 647, 648, 650, 651, 652, 670, 671, 673, 674, 675, 680, 682, 683, 684, 686, 687, 688, 690, 691, 696, 698, 699, 700, 702, 703, 704, 706, 707, 728, 730, 731, 732, 734, 735, 736, 738, 739]
x_41: [2, 3, 4, 5, 6, 9, 10, 11, 12, 28, 31, 32, 33, 34, 35, 36, 38, 39, 40, 42, 45, 46, 47, 48, 63, 65, 68, 69, 70, 71, 72, 73, 74, 80, 81, 82, 84, 85, 86, 88, 89, 90, 96, 97, 98, 100, 101, 102, 120, 121, 122, 128, 129, 130, 132, 133, 134, 141, 172, 175, 176, 177, 178, 179, 182, 183, 184, 185, 202, 205, 206, 207, 208, 209, 212, 213, 214, 215, 216, 219, 220, 221, 222, 239, 242, 243, 244, 245, 247, 248, 249, 255, 256, 257, 259, 260, 261, 263, 264, 265, 271, 272, 273, 275, 276, 277, 295, 296, 297, 303, 304, 305, 307, 308, 309, 424, 602, 605, 606, 607, 608, 609, 612, 613, 614, 615, 632, 635, 636, 637, 638, 639, 642, 643, 644, 645, 646, 649, 650, 651, 652, 669, 672, 673, 674, 675, 677, 678, 679, 685, 686, 687, 689, 690, 691, 693, 694, 695, 701, 702, 703, 705, 706, 707, 725, 726, 727, 733, 734, 735, 737, 738, 739]
x_42: [1, 5, 6, 7, 12, 13, 14, 15, 17, 18, 19, 25, 26, 27, 35, 36, 41, 43, 46, 48, 50, 51, 52, 54, 55, 56, 62, 63, 64, 65, 72, 73, 74, 76, 77, 78, 84, 85, 86, 88, 89, 90, 92, 93, 94, 100, 101, 102, 104, 105, 106, 108, 109, 110, 116, 117, 118, 142, 172, 173, 178, 179, 180, 185, 187, 188, 189, 191, 192, 193, 199, 200, 201, 209, 210, 215, 216, 217, 222, 224, 225, 226, 228, 229, 230, 236, 237, 238, 247, 248, 249, 251, 252, 253, 259, 260, 261, 263, 264, 265, 267, 268, 269, 275, 276, 277, 279, 280, 281, 283, 284, 285, 291, 292, 293, 428, 602, 603, 608, 609, 610, 615, 617, 618, 619, 621, 622, 623, 629, 630, 631, 639, 640, 645, 646, 647, 652, 654, 655, 656, 658, 659, 660, 666, 667, 668, 677, 678, 679, 681, 682, 683, 689, 690, 691, 693, 694, 695, 697, 698, 699, 705, 706, 707, 709, 710, 711, 713, 714, 715, 721, 722, 723]
x_43: [1, 2, 3, 4, 6, 7, 9, 10, 11, 13, 14, 15, 17, 18, 19, 21, 22, 23, 35, 36, 38, 39, 40, 42, 45, 46, 47, 48, 50, 51, 52, 54, 55, 56, 58, 59, 60, 66, 72, 73, 74, 76, 77, 78, 80, 81, 82, 88, 89, 90, 92, 93, 94, 96, 97, 98, 104, 105, 106, 108, 109, 110, 112, 113, 114, 143, 172, 173, 175, 176, 177, 179, 180, 182, 183, 184, 187, 188, 189, 191, 192, 193, 195, 196, 197, 209, 210, 212, 213, 214, 216, 217, 219, 220, 221, 224, 225, 226, 228, 229, 230, 232, 233, 234, 247, 248, 249, 251, 252, 253, 255, 256, 257, 263, 264, 265, 267, 268, 269, 271, 272, 273, 279, 280, 281, 283, 284, 285, 287, 288, 289, 432, 602, 603, 605, 606, 607, 609, 610, 612, 613, 614, 617, 618, 619, 621, 622, 623, 625, 626, 627, 639, 640, 642, 643, 644, 646, 647, 649, 650, 651, 654, 655, 656, 658, 659, 660, 662, 663, 664, 677, 678, 679, 681, 682, 683, 685, 686, 687, 693, 694, 695, 697, 698, 699, 701, 702, 703, 709, 710, 711, 713, 714, 715, 717, 718, 719]
x_44: [2, 4, 8, 9, 11, 16, 17, 19, 20, 21, 23, 24, 25, 27, 37, 38, 40, 45, 46, 47, 53, 54, 56, 57, 58, 60, 61, 62, 64, 67, 75, 76, 78, 79, 80, 82, 83, 84, 86, 91, 92, 94, 95, 96, 98, 99, 100, 102, 107, 108, 110, 111, 112, 114, 115, 116, 118, 144, 174, 175, 177, 181, 182, 184, 190, 191, 193, 194, 195, 197, 198, 199, 201, 211, 212, 214, 218, 219, 221, 227, 228, 230, 231, 232, 234, 235, 236, 238, 250, 251, 253, 254, 255, 257, 258, 259, 261, 266, 267, 269, 270, 271, 273, 274, 275, 277, 282, 283, 285, 286, 287, 289, 290, 291, 293, 434, 604, 605, 607, 611, 612, 614, 620, 621, 623, 624, 625, 627, 628, 629, 631, 641, 642, 644, 648, 649, 651, 657, 658, 660, 661, 662, 664, 665, 666, 668, 680, 681, 683, 684, 685, 687, 688, 689, 691, 696, 697, 699, 700, 701, 703, 704, 705, 707, 712, 713, 715, 716, 717, 719, 720, 721, 723]
x_45: [1, 2, 3, 5, 7, 8, 9, 10, 12, 16, 17, 18, 20, 21, 22, 24, 25, 26, 36, 37, 38, 39, 41, 43, 44, 46, 47, 48, 53, 54, 55, 57, 58, 59, 61, 62, 63, 68, 75, 76, 77, 79, 80, 81, 83, 84, 85, 91, 92, 93, 95, 96, 97, 99, 100, 101, 107, 108, 109, 111, 112, 113, 115, 116, 117, 145, 173, 174, 175, 176, 178, 180, 181, 182, 183, 185, 190, 191, 192, 194, 195, 196, 198, 199, 200, 210, 211, 212, 213, 215, 217, 218, 219, 220, 222, 227, 228, 229, 231, 232, 233, 235, 236, 237, 250, 251, 252, 254, 255, 256, 258, 259, 260, 266, 267, 268, 270, 271, 272, 274, 275, 276, 282, 283, 284, 286, 287, 288, 290, 291, 292, 435, 603, 604, 605, 606, 608, 610, 611, 612, 613, 615, 620, 621, 622, 624, 625, 626, 628, 629, 630, 640, 641, 642, 643, 645, 647, 648, 649, 650, 652, 657, 658, 659, 661, 662, 663, 665, 666, 667, 680, 681, 682, 684, 685, 686, 688, 689, 690, 696, 697, 698, 700, 701, 702, 704, 705, 706, 712, 713, 714, 716, 717, 718, 720, 721, 722]
x_46: [1, 2, 3, 4, 5, 7, 9, 10, 11, 12, 17, 18, 19, 21, 22, 23, 25, 26, 27, 36, 38, 39, 40, 41, 42, 43, 44, 45, 47, 48, 54, 55, 56, 58, 59, 60, 62, 63, 64, 69, 76, 77, 78, 80, 81, 82, 84, 85, 86, 92, 93, 94, 96, 97, 98, 100, 101, 102, 108, 109, 110, 112, 113, 114, 116, 117, 118, 146, 173, 175, 176, 177, 178, 180, 182, 183, 184, 185, 191, 192, 193, 195, 196, 197, 199, 200, 201, 210, 212, 213, 214, 215, 217, 219, 220, 221, 222, 228, 229, 230, 232, 233, 234, 236, 237, 238, 251, 252, 253, 255, 256, 257, 259, 260, 261, 267, 268, 269, 271, 272, 273, 275, 276, 277, 283, 284, 285, 287, 288, 289, 291, 292, 293, 436, 603, 605, 606, 607, 608, 610, 612, 613, 614, 615, 621, 622, 623, 625, 626, 627, 629, 630, 631, 640, 642, 643, 644, 645, 647, 649, 650, 651, 652, 658, 659, 660, 662, 663, 664, 666, 667, 668, 681, 682, 683, 685, 686, 687, 689, 690, 691, 697, 698, 699, 701, 702, 703, 705, 706, 707, 713, 714, 715, 717, 718, 719, 721, 722, 723]
x_47: [1, 3, 4, 5, 7, 8, 10, 11, 12, 16, 18, 19, 20, 22, 23, 24, 26, 27, 36, 37, 39, 40, 41, 43, 44, 45, 46, 48, 53, 55, 56, 57, 59, 60, 61, 63, 64, 70, 75, 77, 78, 79, 81, 82, 83, 85, 86, 91, 93, 94, 95, 97, 98, 99, 101, 102, 107, 109, 110, 111, 113, 114, 115, 117, 118, 147, 173, 174, 176, 177, 178, 180, 181, 183, 184, 185, 190, 192, 193, 194, 196, 197, 198, 200, 201, 210, 211, 213, 214, 215, 217, 218, 220, 221, 222, 227, 229, 230, 231, 233, 234, 235, 237, 238, 250, 252, 253, 254, 256, 257, 258, 260, 261, 266, 268, 269, 270, 272, 273, 274, 276, 277, 282, 284, 285, 286, 288, 289, 290, 292, 293, 437, 603, 604, 606, 607, 608, 610, 611, 613, 614, 615, 620, 622, 623, 624, 626, 627, 628, 630, 631, 640, 641, 643, 644, 645, 647, 648, 650, 651, 652, 657, 659, 660, 661, 663, 664, 665, 667, 668, 680, 682, 683, 684, 686, 687, 688, 690, 691, 696, 698, 699, 700, 702, 703, 704, 706, 707, 712, 714, 715, 716, 718, 719, 720, 722, 723]
x_48: [2, 3, 4, 5, 6, 9, 10, 11, 12, 13, 14, 15, 21, 22, 23, 25, 26, 27, 35, 38, 39, 40, 41, 42, 43, 45, 46, 47, 50, 51, 52, 58, 59, 60, 62, 63, 64, 71, 72, 73, 74, 80, 81, 82, 84, 85, 86, 88, 89, 90, 96, 97, 98, 100, 101, 102, 104, 105, 106, 112, 113, 114, 116, 117, 118, 148, 172, 175, 176, 177, 178, 179, 182, 183, 184, 185, 187, 188, 189, 195, 196, 197, 199, 200, 201, 209, 212, 213, 214, 215, 216, 219, 220, 221, 222, 224, 225, 226, 232, 233, 234, 236, 237, 238, 247, 248, 249, 255, 256, 257, 259, 260, 261, 263, 264, 265, 271, 272, 273, 275, 276, 277, 279, 280, 281, 287, 288, 289, 291, 292, 293, 440, 602, 605, 606, 607, 608, 609, 612, 613, 614, 615, 617, 618, 619, 625, 626, 627, 629, 630, 631, 639, 642, 643, 644, 645, 646, 649, 650, 651, 652, 654, 655, 656, 662, 663, 664, 666, 667, 668, 677, 678, 679, 685, 686, 687, 689, 690, 691, 693, 694, 695, 701, 702, 703, 705, 706, 707, 709, 710, 711, 717, 718, 719, 721, 722, 723]
x_49: [13, 15, 16, 17, 19, 24, 25, 27, 50, 51, 52, 53, 54, 56, 57, 61, 62, 64, 87, 88, 90, 91, 92, 94, 99, 100, 102, 103, 104, 106, 107, 108, 110, 115, 116, 118, 119, 120, 122, 123, 124, 126, 131, 132, 134, 149, 186, 187, 189, 190, 191, 193, 198, 199, 201, 223, 224, 226, 227, 228, 230, 235, 236, 238, 262, 263, 265, 266, 267, 269, 274, 275, 277, 278, 279, 281, 282, 283, 285, 290, 291, 293, 294, 295, 297, 298, 299, 301, 306, 307, 309, 442, 616, 617, 619, 620, 621, 623, 628, 629, 631, 653, 654, 656, 657, 658, 660, 665, 666, 668, 692, 693, 695, 696, 697, 699, 704, 705, 707, 708, 709, 711, 712, 713, 715, 720, 721, 723, 724, 725, 727, 728, 729, 731, 736, 737, 739]
x_50: [6, 7, 12, 13, 14, 16, 17, 18, 24, 25, 26, 28, 29, 34, 42, 43, 48, 49, 51, 52, 53, 54, 55, 58, 61, 62, 63, 65, 66, 71, 87, 88, 89, 91, 92, 93, 99, 100, 101, 103, 104, 105, 107, 108, 109, 115, 116, 117, 119, 120, 121, 123, 124, 125, 131, 132, 133, 150, 179, 180, 185, 186, 187, 188, 190, 191, 192, 198, 199, 200, 202, 203, 208, 216, 217, 222, 223, 224, 225, 227, 228, 229, 235, 236, 237, 239, 240, 245, 262, 263, 264, 266, 267, 268, 274, 275, 276, 278, 279, 280, 282, 283, 284, 290, 291, 292, 294, 295, 296, 298, 299, 300, 306, 307, 308, 443, 609, 610, 615, 616, 617, 618, 620, 621, 622, 628, 629, 630, 632, 633, 638, 646, 647, 652, 653, 654, 655, 657, 658, 659, 665, 666, 667, 669, 670, 675, 692, 693, 694, 696, 697, 698, 704, 705, 706, 708, 709, 710, 712, 713, 714, 720, 721, 722, 724, 725, 726, 728, 729, 730, 736, 737, 738]
x_51: [6, 7, 12, 13, 14, 15, 17, 18, 19, 25, 26, 27, 28, 29, 34, 35, 42, 43, 48, 49, 50, 52, 54, 55, 56, 59, 62, 63, 64, 65, 66, 71, 88, 89, 90, 92, 93, 94, 100, 101, 102, 104, 105, 106, 108, 109, 110, 116, 117, 118, 120, 121, 122, 124, 125, 126, 132, 133, 134, 151, 179, 180, 185, 187, 188, 189, 191, 192, 193, 199, 200, 201, 202, 203, 208, 216, 217, 222, 224, 225, 226, 228, 229, 230, 236, 237, 238, 239, 240, 245, 263, 264, 265, 267, 268, 269, 275, 276, 277, 279, 280, 281, 283, 284, 285, 291, 292, 293, 295, 296, 297, 299, 300, 301, 307, 308, 309, 444, 609, 610, 615, 617, 618, 619, 621, 622, 623, 629, 630, 631, 632, 633, 638, 646, 647, 652, 654, 655, 656, 658, 659, 660, 666, 667, 668, 669, 670, 675, 693, 694, 695, 697, 698, 699, 705, 706, 707, 709, 710, 711, 713, 714, 715, 721, 722, 723, 725, 726, 727, 729, 730, 731, 737, 738, 739]
x_52: [6, 7, 12, 14, 15, 16, 18, 19, 24, 26, 27, 28, 29, 34, 42, 43, 48, 49, 50, 51, 53, 55, 56, 60, 61, 63, 64, 65, 66, 71, 87, 89, 90, 91, 93, 94, 99, 101, 102, 103, 105, 106, 107, 109, 110, 115, 117, 118, 119, 121, 122, 123, 125, 126, 131, 133, 134, 152, 179, 180, 185, 186, 188, 189, 190, 192, 193, 198, 200, 201, 202, 203, 208, 216, 217, 222, 223, 225, 226, 227, 229, 230, 235, 237, 238, 239, 240, 245, 262, 264, 265, 266, 268, 269, 274, 276, 277, 278, 280, 281, 282, 284, 285, 290, 292, 293, 294, 296, 297, 298, 300, 301, 306, 308, 309, 445, 609, 610, 615, 616, 618, 619, 620, 622, 623, 628, 630, 631, 632, 633, 638, 646, 647, 652, 653, 655, 656, 657, 659, 660, 665, 667, 668, 669, 670, 675, 692, 694, 695, 696, 698, 699, 704, 706, 707, 708, 710, 711, 712, 714, 715, 720, 722, 723, 724, 726, 727, 728, 730, 731, 736, 738, 739]
x_53: [8, 9, 11, 13, 15, 16, 17, 19, 20, 21, 23, 30, 31, 33, 44, 45, 47, 49, 50, 52, 54, 55, 56, 57, 58, 60, 61, 67, 68, 70, 87, 88, 90, 91, 92, 94, 95, 96, 98, 103, 104, 106, 107, 108, 110, 111, 112, 114, 119, 120, 122, 123, 124, 126, 127, 128, 130, 153, 181, 182, 184, 186, 187, 189, 190, 191, 193, 194, 195, 197, 204, 205, 207, 218, 219, 221, 223, 224, 226, 227, 228, 230, 231, 232, 234, 241, 242, 244, 262, 263, 265, 266, 267, 269, 270, 271, 273, 278, 279, 281, 282, 283, 285, 286, 287, 289, 294, 295, 297, 298, 299, 301, 302, 303, 305, 446, 611, 612, 614, 616, 617, 619, 620, 621, 623, 624, 625, 627, 634, 635, 637, 648, 649, 651, 653, 654, 656, 657, 658, 660, 661, 662, 664, 671, 672, 674, 692, 693, 695, 696, 697, 699, 700, 701, 703, 708, 709, 711, 712, 713, 715, 716, 717, 719, 724, 725, 727, 728, 729, 731, 732, 733, 735]
x_54: [6, 7, 8, 9, 10, 13, 14, 16, 17, 18, 20, 21, 22, 28, 29, 30, 31, 32, 42, 43, 44, 45, 46, 49, 50, 51, 53, 55, 56, 57, 58, 59, 62, 65, 66, 67, 68, 69, 87, 88, 89, 91, 92, 93, 95, 96, 97, 103, 104, 105, 107, 108, 109, 111, 112, 113, 119, 120, 121, 123, 124, 125, 127, 128, 129, 154, 179, 180, 181, 182, 183, 186, 187, 188, 190, 191, 192, 194, 195, 196, 202, 203, 204, 205, 206, 216, 217, 218, 219, 220, 223, 224, 225, 227, 228, 229, 231, 232, 233, 239, 240, 241, 242, 243, 262, 263, 264, 266, 267, 268, 270, 271, 272, 278, 279, 280, 282, 283, 284, 286, 287, 288, 294, 295, 296, 298, 299, 300, 302, 303, 304, 447, 609, 610, 611, 612, 613, 616, 617, 618, 620, 621, 622, 624, 625, 626, 632, 633, 634, 635, 636, 646, 647, 648, 649, 650, 653, 654, 655, 657, 658, 659, 661, 662, 663, 669, 670, 671, 672, 673, 692, 693, 694, 696, 697, 698, 700, 701, 702, 708, 709, 710, 712, 713, 714, 716, 717, 718, 724, 725, 726, 728, 729, 730, 732, 733, 734]
x_55: [6, 7, 9, 10, 11, 13, 14, 15, 17, 18, 19, 21, 22, 23, 28, 29, 31, 32, 33, 36, 42, 43, 45, 46, 47, 50, 51, 52, 53, 54, 56, 58, 59, 60, 63, 65, 66, 68, 69, 70, 88, 89, 90, 92, 93, 94, 96, 97, 98, 104, 105, 106, 108, 109, 110, 112, 113, 114, 120, 121, 122, 124, 125, 126, 128, 129, 130, 155, 179, 180, 182, 183, 184, 187, 188, 189, 191, 192, 193, 195, 196, 197, 202, 203, 205, 206, 207, 216, 217, 219, 220, 221, 224, 225, 226, 228, 229, 230, 232, 233, 234, 239, 240, 242, 243, 244, 263, 264, 265, 267, 268, 269, 271, 272, 273, 279, 280, 281, 283, 284, 285, 287, 288, 289, 295, 296, 297, 299, 300, 301, 303, 304, 305, 448, 609, 610, 612, 613, 614, 617, 618, 619, 621, 622, 623, 625, 626, 627, 632, 633, 635, 636, 637, 646, 647, 649, 650, 651, 654, 655, 656, 658, 659, 660, 662, 663, 664, 669, 670, 672, 673, 674, 693, 694, 695, 697, 698, 699, 701, 702, 703, 709, 710, 711, 713, 714, 715, 717, 718, 719, 725, 726, 727, 729, 730, 731, 733, 734, 735]
x_56: [6, 7, 8, 10, 11, 14, 15, 16, 18, 19, 20, 22, 23, 28, 29, 30, 32, 33, 42, 43, 44, 46, 47, 49, 51, 52, 53, 54, 55, 57, 59, 60, 64, 65, 66, 67, 69, 70, 87, 89, 90, 91, 93, 94, 95, 97, 98, 103, 105, 106, 107, 109, 110, 111, 113, 114, 119, 121, 122, 123, 125, 126, 127, 129, 130, 156, 179, 180, 181, 183, 184, 186, 188, 189, 190, 192, 193, 194, 196, 197, 202, 203, 204, 206, 207, 216, 217, 218, 220, 221, 223, 225, 226, 227, 229, 230, 231, 233, 234, 239, 240, 241, 243, 244, 262, 264, 265, 266, 268, 269, 270, 272, 273, 278, 280, 281, 282, 284, 285, 286, 288, 289, 294, 296, 297, 298, 300, 301, 302, 304, 305, 449, 609, 610, 611, 613, 614, 616, 618, 619, 620, 622, 623, 624, 626, 627, 632, 633, 634, 636, 637, 646, 647, 648, 650, 651, 653, 655, 656, 657, 659, 660, 661, 663, 664, 669, 670, 671, 673, 674, 692, 694, 695, 696, 698, 699, 700, 702, 703, 708, 710, 711, 712, 714, 715, 716, 718, 719, 724, 726, 727, 728, 730, 731, 732, 734, 735]
x_57: [8, 9, 11, 16, 17, 19, 20, 21, 23, 24, 25, 27, 30, 31, 33, 37, 44, 45, 47, 49, 53, 54, 56, 58, 59, 60, 61, 62, 64, 67, 68, 70, 91, 92, 94, 95, 96, 98, 99, 100, 102, 107, 108, 110, 111, 112, 114, 115, 116, 118, 123, 124, 126, 127, 128, 130, 131, 132, 134, 157, 181, 182, 184, 190, 191, 193, 194, 195, 197, 198, 199, 201, 204, 205, 207, 218, 219, 221, 227, 228, 230, 231, 232, 234, 235, 236, 238, 241, 242, 244, 266, 267, 269, 270, 271, 273, 274, 275, 277, 282, 283, 285, 286, 287, 289, 290, 291, 293, 298, 299, 301, 302, 303, 305, 306, 307, 309, 450, 611, 612, 614, 620, 621, 623, 624, 625, 627, 628, 629, 631, 634, 635, 637, 648, 649, 651, 657, 658, 660, 661, 662, 664, 665, 666, 668, 671, 672, 674, 696, 697, 699, 700, 701, 703, 704, 705, 707, 712, 713, 715, 716, 717, 719, 720, 721, 723, 728, 729, 731, 732, 733, 735, 736, 737, 739]
x_58: [7, 8, 9, 10, 12, 16, 17, 18, 20, 21, 22, 24, 25, 26, 29, 30, 31, 32, 34, 38, 43, 44, 45, 46, 48, 50, 53, 54, 55, 57, 59, 60, 61, 62, 63, 66, 67, 68, 69, 71, 91, 92, 93, 95, 96, 97, 99, 100, 101, 107, 108, 109, 111, 112, 113, 115, 116, 117, 123, 124, 125, 127, 128, 129, 131, 132, 133, 158, 180, 181, 182, 183, 185, 190, 191, 192, 194, 195, 196, 198, 199, 200, 203, 204, 205, 206, 208, 217, 218, 219, 220, 222, 227, 228, 229, 231, 232, 233, 235, 236, 237, 240, 241, 242, 243, 245, 266, 267, 268, 270, 271, 272, 274, 275, 276, 282, 283, 284, 286, 287, 288, 290, 291, 292, 298, 299, 300, 302, 303, 304, 306, 307, 308, 451, 610, 611, 612, 613, 615, 620, 621, 622, 624, 625, 626, 628, 629, 630, 633, 634, 635, 636, 638, 647, 648, 649, 650, 652, 657, 658, 659, 661, 662, 663, 665, 666, 667, 670, 671, 672, 673, 675, 696, 697, 698, 700, 701, 702, 704, 705, 706, 712, 713, 714, 716, 717, 718, 720, 721, 722, 728, 729, 730, 732, 733, 734, 736, 737, 738]
x_59: [7, 9, 10, 11, 12, 17, 18, 19, 21, 22, 23, 25, 26, 27, 29, 31, 32, 33, 34, 39, 43, 45, 46, 47, 48, 51, 54, 55, 56, 57, 58, 60, 62, 63, 64, 66, 68, 69, 70, 71, 92, 93, 94, 96, 97, 98, 100, 101, 102, 108, 109, 110, 112, 113, 114, 116, 117, 118, 124, 125, 126, 128, 129, 130, 132, 133, 134, 159, 180, 182, 183, 184, 185, 191, 192, 193, 195, 196, 197, 199, 200, 201, 203, 205, 206, 207, 208, 217, 219, 220, 221, 222, 228, 229, 230, 232, 233, 234, 236, 237, 238, 240, 242, 243, 244, 245, 267, 268, 269, 271, 272, 273, 275, 276, 277, 283, 284, 285, 287, 288, 289, 291, 292, 293, 299, 300, 301, 303, 304, 305, 307, 308, 309, 452, 610, 612, 613, 614, 615, 621, 622, 623, 625, 626, 627, 629, 630, 631, 633, 635, 636, 637, 638, 647, 649, 650, 651, 652, 658, 659, 660, 662, 663, 664, 666, 667, 668, 670, 672, 673, 674, 675, 697, 698, 699, 701, 702, 703, 705, 706, 707, 713, 714, 715, 717, 718, 719, 721, 722, 723, 729, 730, 731, 733, 734, 735, 737, 738, 739]
x_60: [7, 8, 10, 11, 12, 16, 18, 19, 20, 22, 23, 24, 26, 27, 29, 30, 32, 33, 34, 40, 43, 44, 46, 47, 48, 52, 53, 55, 56, 57, 58, 59, 61, 63, 64, 66, 67, 69, 70, 71, 91, 93, 94, 95, 97, 98, 99, 101, 102, 107, 109, 110, 111, 113, 114, 115, 117, 118, 123, 125, 126, 127, 129, 130, 131, 133, 134, 160, 180, 181, 183, 184, 185, 190, 192, 193, 194, 196, 197, 198, 200, 201, 203, 204, 206, 207, 208, 217, 218, 220, 221, 222, 227, 229, 230, 231, 233, 234, 235, 237, 238, 240, 241, 243, 244, 245, 266, 268, 269, 270, 272, 273, 274, 276, 277, 282, 284, 285, 286, 288, 289, 290, 292, 293, 298, 300, 301, 302, 304, 305, 306, 308, 309, 453, 610, 611, 613, 614, 615, 620, 622, 623, 624, 626, 627, 628, 630, 631, 633, 634, 636, 637, 638, 647, 648, 650, 651, 652, 657, 659, 660, 661, 663, 664, 665, 667, 668, 670, 671, 673, 674, 675, 696, 698, 699, 700, 702, 703, 704, 706, 707, 712, 714, 715, 716, 718, 719, 720, 722, 723, 728, 730, 731, 732, 734, 735, 736, 738, 739]
x_61: [8, 9, 11, 13, 15, 20, 21, 23, 24, 25, 27, 30, 31, 33, 44, 45, 47, 49, 50, 52, 53, 57, 58, 60, 62, 63, 64, 67, 68, 70, 87, 88, 90, 95, 96, 98, 99, 100, 102, 103, 104, 106, 111, 112, 114, 115, 116, 118, 119, 120, 122, 127, 128, 130, 131, 132, 134, 161, 181, 182, 184, 186, 187, 189, 194, 195, 197, 198, 199, 201, 204, 205, 207, 218, 219, 221, 223, 224, 226, 231, 232, 234, 235, 236, 238, 241, 242, 244, 262, 263, 265, 270, 271, 273, 274, 275, 277, 278, 279, 281, 286, 287, 289, 290, 291, 293, 294, 295, 297, 302, 303, 305, 306, 307, 309, 454, 611, 612, 614, 616, 617, 619, 624, 625, 627, 628, 629, 631, 634, 635, 637, 648, 649, 651, 653, 654, 656, 661, 662, 664, 665, 666, 668, 671, 672, 674, 692, 693, 695, 700, 701, 703, 704, 705, 707, 708, 709, 711, 716, 717, 719, 720, 721, 723, 724, 725, 727, 732, 733, 735, 736, 737, 739]
x_62: [6, 8, 9, 10, 12, 13, 14, 20, 21, 22, 24, 25, 26, 28, 30, 31, 32, 34, 42, 44, 45, 46, 48, 49, 50, 51, 54, 57, 58, 59, 61, 63, 64, 65, 67, 68, 69, 71, 87, 88, 89, 95, 96, 97, 99, 100, 101, 103, 104, 105, 111, 112, 113, 115, 116, 117, 119, 120, 121, 127, 128, 129, 131, 132, 133, 162, 179, 181, 182, 183, 185, 186, 187, 188, 194, 195, 196, 198, 199, 200, 202, 204, 205, 206, 208, 216, 218, 219, 220, 222, 223, 224, 225, 231, 232, 233, 235, 236, 237, 239, 241, 242, 243, 245, 262, 263, 264, 270, 271, 272, 274, 275, 276, 278, 279, 280, 286, 287, 288, 290, 291, 292, 294, 295, 296, 302, 303, 304, 306, 307, 308, 455, 609, 611, 612, 613, 615, 616, 617, 618, 624, 625, 626, 628, 629, 630, 632, 634, 635, 636, 638, 646, 648, 649, 650, 652, 653, 654, 655, 661, 662, 663, 665, 666, 667, 669, 671, 672, 673, 675, 692, 693, 694, 700, 701, 702, 704, 705, 706, 708, 709, 710, 716, 717, 718, 720, 721, 722, 724, 725, 726, 732, 733, 734, 736, 737, 738]
x_63: [6, 9, 10, 11, 12, 13, 14, 15, 21, 22, 23, 25, 26, 27, 28, 31, 32, 33, 34, 41, 42, 45, 46, 47, 48, 50, 51, 52, 55, 58, 59, 60, 61, 62, 64, 65, 68, 69, 70, 71, 88, 89, 90, 96, 97, 98, 100, 101, 102, 104, 105, 106, 112, 113, 114, 116, 117, 118, 120, 121, 122, 128, 129, 130, 132, 133, 134, 163, 179, 182, 183, 184, 185, 187, 188, 189, 195, 196, 197, 199, 200, 201, 202, 205, 206, 207, 208, 216, 219, 220, 221, 222, 224, 225, 226, 232, 233, 234, 236, 237, 238, 239, 242, 243, 244, 245, 263, 264, 265, 271, 272, 273, 275, 276, 277, 279, 280, 281, 287, 288, 289, 291, 292, 293, 295, 296, 297, 303, 304, 305, 307, 308, 309, 456, 609, 612, 613, 614, 615, 617, 618, 619, 625, 626, 627, 629, 630, 631, 632, 635, 636, 637, 638, 646, 649, 650, 651, 652, 654, 655, 656, 662, 663, 664, 666, 667, 668, 669, 672, 673, 674, 675, 693, 694, 695, 701, 702, 703, 705, 706, 707, 709, 710, 711, 717, 718, 719, 721, 722, 723, 725, 726, 727, 733, 734, 735, 737, 738, 739]
x_64: [6, 8, 10, 11, 12, 14, 15, 20, 22, 23, 24, 26, 27, 28, 30, 32, 33, 34, 42, 44, 46, 47, 48, 49, 51, 52, 56, 57, 59, 60, 61, 62, 63, 65, 67, 69, 70, 71, 87, 89, 90, 95, 97, 98, 99, 101, 102, 103, 105, 106, 111, 113, 114, 115, 117, 118, 119, 121, 122, 127, 129, 130, 131, 133, 134, 164, 179, 181, 183, 184, 185, 186, 188, 189, 194, 196, 197, 198, 200, 201, 202, 204, 206, 207, 208, 216, 218, 220, 221, 222, 223, 225, 226, 231, 233, 234, 235, 237, 238, 239, 241, 243, 244, 245, 262, 264, 265, 270, 272, 273, 274, 276, 277, 278, 280, 281, 286, 288, 289, 290, 292, 293, 294, 296, 297, 302, 304, 305, 306, 308, 309, 457, 609, 611, 613, 614, 615, 616, 618, 619, 624, 626, 627, 628, 630, 631, 632, 634, 636, 637, 638, 646, 648, 650, 651, 652, 653, 655, 656, 661, 663, 664, 665, 667, 668, 669, 671, 673, 674, 675, 692, 694, 695, 700, 702, 703, 704, 706, 707, 708, 710, 711, 716, 718, 719, 720, 722, 723, 724, 726, 727, 732, 734, 735, 736, 738, 739]
x_65: [1, 5, 13, 14, 15, 17, 18, 19, 25, 26, 27, 28, 29, 34, 35, 36, 41, 42, 50, 51, 52, 54, 55, 56, 62, 63, 64, 66, 69, 71, 72, 73, 74, 76, 77, 78, 84, 85, 86, 104, 105, 106, 108, 109, 110, 116, 117, 118, 120, 121, 122, 124, 125, 126, 132, 133, 134, 165, 172, 173, 178, 187, 188, 189, 191, 192, 193, 199, 200, 201, 202, 203, 208, 209, 210, 215, 224, 225, 226, 228, 229, 230, 236, 237, 238, 239, 240, 245, 247, 248, 249, 251, 252, 253, 259, 260, 261, 279, 280, 281, 283, 284, 285, 291, 292, 293, 295, 296, 297, 299, 300, 301, 307, 308, 309, 460, 602, 603, 608, 617, 618, 619, 621, 622, 623, 629, 630, 631, 632, 633, 638, 639, 640, 645, 654, 655, 656, 658, 659, 660, 666, 667, 668, 669, 670, 675, 677, 678, 679, 681, 682, 683, 689, 690, 691, 709, 710, 711, 713, 714, 715, 721, 722, 723, 725, 726, 727, 729, 730, 731, 737, 738, 739]
x_66: [1, 2, 3, 4, 13, 14, 15, 17, 18, 19, 21, 22, 23, 28, 29, 31, 32, 33, 35, 36, 38, 39, 40, 43, 50, 51, 52, 54, 55, 56, 58, 59, 60, 65, 68, 69, 70, 71, 72, 73, 74, 76, 77, 78, 80, 81, 82, 104, 105, 106, 108, 109, 110, 112, 113, 114, 120, 121, 122, 124, 125, 126, 128, 129, 130, 166, 172, 173, 175, 176, 177, 187, 188, 189, 191, 192, 193, 195, 196, 197, 202, 203, 205, 206, 207, 209, 210, 212, 213, 214, 224, 225, 226, 228, 229, 230, 232, 233, 234, 239, 240, 242, 243, 244, 247, 248, 249, 251, 252, 253, 255, 256, 257, 279, 280, 281, 283, 284, 285, 287, 288, 289, 295, 296, 297, 299, 300, 301, 303, 304, 305, 464, 602, 603, 605, 606, 607, 617, 618, 619, 621, 622, 623, 625, 626, 627, 632, 633, 635, 636, 637, 639, 640, 642, 643, 644, 654, 655, 656, 658, 659, 660, 662, 663, 664, 669, 670, 672, 673, 674, 677, 678, 679, 681, 682, 683, 685, 686, 687, 709, 710, 711, 713, 714, 715, 717, 718, 719, 725, 726, 727, 729, 730, 731, 733, 734, 735]
x_67: [2, 4, 16, 17, 19, 20, 21, 23, 24, 25, 27, 30, 31, 33, 37, 38, 40, 44, 53, 54, 56, 57, 58, 60, 61, 62, 64, 68, 69, 70, 75, 76, 78, 79, 80, 82, 83, 84, 86, 107, 108, 110, 111, 112, 114, 115, 116, 118, 123, 124, 126, 127, 128, 130, 131, 132, 134, 167, 174, 175, 177, 190, 191, 193, 194, 195, 197, 198, 199, 201, 204, 205, 207, 211, 212, 214, 227, 228, 230, 231, 232, 234, 235, 236, 238, 241, 242, 244, 250, 251, 253, 254, 255, 257, 258, 259, 261, 282, 283, 285, 286, 287, 289, 290, 291, 293, 298, 299, 301, 302, 303, 305, 306, 307, 309, 466, 604, 605, 607, 620, 621, 623, 624, 625, 627, 628, 629, 631, 634, 635, 637, 641, 642, 644, 657, 658, 660, 661, 662, 664, 665, 666, 668, 671, 672, 674, 680, 681, 683, 684, 685, 687, 688, 689, 691, 712, 713, 715, 716, 717, 719, 720, 721, 723, 728, 729, 731, 732, 733, 735, 736, 737, 739]
x_68: [1, 2, 3, 5, 16, 17, 18, 20, 21, 22, 24, 25, 26, 29, 30, 31, 32, 34, 36, 37, 38, 39, 41, 45, 53, 54, 55, 57, 58, 59, 61, 62, 63, 66, 67, 69, 70, 71, 75, 76, 77, 79, 80, 81, 83, 84, 85, 107, 108, 109, 111, 112, 113, 115, 116, 117, 123, 124, 125, 127, 128, 129, 131, 132, 133, 168, 173, 174, 175, 176, 178, 190, 191, 192, 194, 195, 196, 198, 199, 200, 203, 204, 205, 206, 208, 210, 211, 212, 213, 215, 227, 228, 229, 231, 232, 233, 235, 236, 237, 240, 241, 242, 243, 245, 250, 251, 252, 254, 255, 256, 258, 259, 260, 282, 283, 284, 286, 287, 288, 290, 291, 292, 298, 299, 300, 302, 303, 304, 306, 307, 308, 467, 603, 604, 605, 606, 608, 620, 621, 622, 624, 625, 626, 628, 629, 630, 633, 634, 635, 636, 638, 640, 641, 642, 643, 645, 657, 658, 659, 661, 662, 663, 665, 666, 667, 670, 671, 672, 673, 675, 680, 681, 682, 684, 685, 686, 688, 689, 690, 712, 713, 714, 716, 717, 718, 720, 721, 722, 728, 729, 730, 732, 733, 734, 736, 737, 738]
x_69: [1, 2, 3, 4, 5, 17, 18, 19, 21, 22, 23, 25, 26, 27, 29, 31, 32, 33, 34, 36, 38, 39, 40, 41, 46, 54, 55, 56, 58, 59, 60, 62, 63, 64, 65, 66, 67, 68, 70, 71, 76, 77, 78, 80, 81, 82, 84, 85, 86, 108, 109, 110, 112, 113, 114, 116, 117, 118, 124, 125, 126, 128, 129, 130, 132, 133, 134, 169, 173, 175, 176, 177, 178, 191, 192, 193, 195, 196, 197, 199, 200, 201, 203, 205, 206, 207, 208, 210, 212, 213, 214, 215, 228, 229, 230, 232, 233, 234, 236, 237, 238, 240, 242, 243, 244, 245, 251, 252, 253, 255, 256, 257, 259, 260, 261, 283, 284, 285, 287, 288, 289, 291, 292, 293, 299, 300, 301, 303, 304, 305, 307, 308, 309, 468, 603, 605, 606, 607, 608, 621, 622, 623, 625, 626, 627, 629, 630, 631, 633, 635, 636, 637, 638, 640, 642, 643, 644, 645, 658, 659, 660, 662, 663, 664, 666, 667, 668, 670, 672, 673, 674, 675, 681, 682, 683, 685, 686, 687, 689, 690, 691, 713, 714, 715, 717, 718, 719, 721, 722, 723, 729, 730, 731, 733, 734, 735, 737, 738, 739]
x_70: [1, 3, 4, 5, 16, 18, 19, 20, 22, 23, 24, 26, 27, 29, 30, 32, 33, 34, 36, 37, 39, 40, 41, 47, 53, 55, 56, 57, 59, 60, 61, 63, 64, 66, 67, 68, 69, 71, 75, 77, 78, 79, 81, 82, 83, 85, 86, 107, 109, 110, 111, 113, 114, 115, 117, 118, 123, 125, 126, 127, 129, 130, 131, 133, 134, 170, 173, 174, 176, 177, 178, 190, 192, 193, 194, 196, 197, 198, 200, 201, 203, 204, 206, 207, 208, 210, 211, 213, 214, 215, 227, 229, 230, 231, 233, 234, 235, 237, 238, 240, 241, 243, 244, 245, 250, 252, 253, 254, 256, 257, 258, 260, 261, 282, 284, 285, 286, 288, 289, 290, 292, 293, 298, 300, 301, 302, 304, 305, 306, 308, 309, 469, 603, 604, 606, 607, 608, 620, 622, 623, 624, 626, 627, 628, 630, 631, 633, 634, 636, 637, 638, 640, 641, 643, 644, 645, 657, 659, 660, 661, 663, 664, 665, 667, 668, 670, 671, 673, 674, 675, 680, 682, 683, 684, 686, 687, 688, 690, 691, 712, 714, 715, 716, 718, 719, 720, 722, 723, 728, 730, 731, 732, 734, 735, 736, 738, 739]
x_71: [2, 3, 4, 5, 13, 14, 15, 21, 22, 23, 25, 26, 27, 28, 31, 32, 33, 34, 35, 38, 39, 40, 41, 48, 50, 51, 52, 58, 59, 60, 62, 63, 64, 65, 66, 68, 69, 70, 72, 73, 74, 80, 81, 82, 84, 85, 86, 104, 105, 106, 112, 113, 114, 116, 117, 118, 120, 121, 122, 128, 129, 130, 132, 133, 134, 171, 172, 175, 176, 177, 178, 187, 188, 189, 195, 196, 197, 199, 200, 201, 202, 205, 206, 207, 208, 209, 212, 213, 214, 215, 224, 225, 226, 232, 233, 234, 236, 237, 238, 239, 242, 243, 244, 245, 247, 248, 249, 255, 256, 257, 259, 260, 261, 279, 280, 281, 287, 288, 289, 291, 292, 293, 295, 296, 297, 303, 304, 305, 307, 308, 309, 472, 602, 605, 606, 607, 608, 617, 618, 619, 625, 626, 627, 629, 630, 631, 632, 635, 636, 637, 638, 639, 642, 643, 644, 645, 654, 655, 656, 662, 663, 664, 666, 667, 668, 669, 672, 673, 674, 675, 677, 678, 679, 685, 686, 687, 689, 690, 691, 709, 710, 711, 717, 718, 719, 721, 722, 723, 725, 726, 727, 733, 734, 735, 737, 738, 739]
x_72: [35, 36, 41, 42, 43, 48, 65, 66, 71, 73, 74, 75, 76, 77, 80, 83, 84, 85, 87, 88, 89, 91, 92, 93, 99, 100, 101, 104, 119, 120, 121, 123, 124, 125, 131, 132, 133, 135, 136, 141, 142, 143, 148, 165, 166, 171, 209, 210, 215, 216, 217, 222, 239, 240, 245, 246, 247, 248, 250, 251, 252, 258, 259, 260, 262, 263, 264, 266, 267, 268, 274, 275, 276, 294, 295, 296, 298, 299, 300, 306, 307, 308, 310, 311, 316, 317, 318, 323, 340, 341, 346, 475, 639, 640, 645, 646, 647, 652, 669, 670, 675, 676, 677, 678, 680, 681, 682, 688, 689, 690, 692, 693, 694, 696, 697, 698, 704, 705, 706, 724, 725, 726, 728, 729, 730, 736, 737, 738, 740, 741, 746, 747, 748, 753, 770, 771, 776]
x_73: [35, 36, 41, 42, 43, 48, 65, 66, 71, 72, 74, 76, 77, 78, 81, 84, 85, 86, 88, 89, 90, 92, 93, 94, 100, 101, 102, 105, 120, 121, 122, 124, 125, 126, 132, 133, 134, 135, 136, 141, 142, 143, 148, 165, 166, 171, 209, 210, 215, 216, 217, 222, 239, 240, 245, 247, 248, 249, 251, 252, 253, 259, 260, 261, 263, 264, 265, 267, 268, 269, 275, 276, 277, 295, 296, 297, 299, 300, 301, 307, 308, 309, 310, 311, 316, 317, 318, 323, 340, 341, 346, 476, 639, 640, 645, 646, 647, 652, 669, 670, 675, 677, 678, 679, 681, 682, 683, 689, 690, 691, 693, 694, 695, 697, 698, 699, 705, 706, 707, 725, 726, 727, 729, 730, 731, 737, 738, 739, 740, 741, 746, 747, 748, 753, 770, 771, 776]
x_74: [35, 36, 41, 42, 43, 48, 65, 66, 71, 72, 73, 75, 77, 78, 82, 83, 85, 86, 87, 89, 90, 91, 93, 94, 99, 101, 102, 106, 119, 121, 122, 123, 125, 126, 131, 133, 134, 135, 136, 141, 142, 143, 148, 165, 166, 171, 209, 210, 215, 216, 217, 222, 239, 240, 245, 246, 248, 249, 250, 252, 253, 258, 260, 261, 262, 264, 265, 266, 268, 269, 274, 276, 277, 294, 296, 297, 298, 300, 301, 306, 308, 309, 310, 311, 316, 317, 318, 323, 340, 341, 346, 477, 639, 640, 645, 646, 647, 652, 669, 670, 675, 676, 678, 679, 680, 682, 683, 688, 690, 691, 692, 694, 695, 696, 698, 699, 704, 706, 707, 724, 726, 727, 728, 730, 731, 736, 738, 739, 740, 741, 746, 747, 748, 753, 770, 771, 776]
x_75: [37, 38, 40, 44, 45, 47, 67, 68, 70, 72, 74, 76, 77, 78, 79, 80, 82, 83, 87, 88, 90, 91, 92, 94, 95, 96, 98, 107, 119, 120, 122, 123, 124, 126, 127, 128, 130, 137, 138, 140, 144, 145, 147, 167, 168, 170, 211, 212, 214, 218, 219, 221, 241, 242, 244, 246, 247, 249, 250, 251, 253, 254, 255, 257, 262, 263, 265, 266, 267, 269, 270, 271, 273, 294, 295, 297, 298, 299, 301, 302, 303, 305, 312, 313, 315, 319, 320, 322, 342, 343, 345, 478, 641, 642, 644, 648, 649, 651, 671, 672, 674, 676, 677, 679, 680, 681, 683, 684, 685, 687, 692, 693, 695, 696, 697, 699, 700, 701, 703, 724, 725, 727, 728, 729, 731, 732, 733, 735, 742, 743, 745, 749, 750, 752, 772, 773, 775]
x_76: [35, 36, 37, 38, 39, 42, 43, 44, 45, 46, 65, 66, 67, 68, 69, 72, 73, 75, 77, 78, 79, 80, 81, 84, 87, 88, 89, 91, 92, 93, 95, 96, 97, 108, 119, 120, 121, 123, 124, 125, 127, 128, 129, 135, 136, 137, 138, 139, 142, 143, 144, 145, 146, 165, 166, 167, 168, 169, 209, 210, 211, 212, 213, 216, 217, 218, 219, 220, 239, 240, 241, 242, 243, 246, 247, 248, 250, 251, 252, 254, 255, 256, 262, 263, 264, 266, 267, 268, 270, 271, 272, 294, 295, 296, 298, 299, 300, 302, 303, 304, 310, 311, 312, 313, 314, 317, 318, 319, 320, 321, 340, 341, 342, 343, 344, 479, 639, 640, 641, 642, 643, 646, 647, 648, 649, 650, 669, 670, 671, 672, 673, 676, 677, 678, 680, 681, 682, 684, 685, 686, 692, 693, 694, 696, 697, 698, 700, 701, 702, 724, 725, 726, 728, 729, 730, 732, 733, 734, 740, 741, 742, 743, 744, 747, 748, 749, 750, 751, 770, 771, 772, 773, 774]
x_77: [1, 35, 36, 38, 39, 40, 42, 43, 45, 46, 47, 65, 66, 68, 69, 70, 72, 73, 74, 75, 76, 78, 80, 81, 82, 85, 88, 89, 90, 92, 93, 94, 96, 97, 98, 109, 120, 121, 122, 124, 125, 126, 128, 129, 130, 135, 136, 138, 139, 140, 142, 143, 145, 146, 147, 165, 166, 168, 169, 170, 209, 210, 212, 213, 214, 216, 217, 219, 220, 221, 239, 240, 242, 243, 244, 247, 248, 249, 251, 252, 253, 255, 256, 257, 263, 264, 265, 267, 268, 269, 271, 272, 273, 295, 296, 297, 299, 300, 301, 303, 304, 305, 310, 311, 313, 314, 315, 317, 318, 320, 321, 322, 340, 341, 343, 344, 345, 480, 639, 640, 642, 643, 644, 646, 647, 649, 650, 651, 669, 670, 672, 673, 674, 677, 678, 679, 681, 682, 683, 685, 686, 687, 693, 694, 695, 697, 698, 699, 701, 702, 703, 725, 726, 727, 729, 730, 731, 733, 734, 735, 740, 741, 743, 744, 745, 747, 748, 750, 751, 752, 770, 771, 773, 774, 775]
x_78: [35, 36, 37, 39, 40, 42, 43, 44, 46, 47, 65, 66, 67, 69, 70, 73, 74, 75, 76, 77, 79, 81, 82, 86, 87, 89, 90, 91, 93, 94, 95, 97, 98, 110, 119, 121, 122, 123, 125, 126, 127, 129, 130, 135, 136, 137, 139, 140, 142, 143, 144, 146, 147, 165, 166, 167, 169, 170, 209, 210, 211, 213, 214, 216, 217, 218, 220, 221, 239, 240, 241, 243, 244, 246, 248, 249, 250, 252, 253, 254, 256, 257, 262, 264, 265, 266, 268, 269, 270, 272, 273, 294, 296, 297, 298, 300, 301, 302, 304, 305, 310, 311, 312, 314, 315, 317, 318, 319, 321, 322, 340, 341, 342, 344, 345, 481, 639, 640, 641, 643, 644, 646, 647, 648, 650, 651, 669, 670, 671, 673, 674, 676, 678, 679, 680, 682, 683, 684, 686, 687, 692, 694, 695, 696, 698, 699, 700, 702, 703, 724, 726, 727, 728, 730, 731, 732, 734, 735, 740, 741, 742, 744, 745, 747, 748, 749, 751, 752, 770, 771, 772, 774, 775]
x_79: [37, 38, 40, 44, 45, 47, 67, 68, 70, 75, 76, 78, 80, 81, 82, 83, 84, 86, 91, 92, 94, 95, 96, 98, 99, 100, 102, 111, 123, 124, 126, 127, 128, 130, 131, 132, 134, 137, 138, 140, 144, 145, 147, 167, 168, 170, 211, 212, 214, 218, 219, 221, 241, 242, 244, 250, 251, 253, 254, 255, 257, 258, 259, 261, 266, 267, 269, 270, 271, 273, 274, 275, 277, 298, 299, 301, 302, 303, 305, 306, 307, 309, 312, 313, 315, 319, 320, 322, 342, 343, 345, 482, 641, 642, 644, 648, 649, 651, 671, 672, 674, 680, 681, 683, 684, 685, 687, 688, 689, 691, 696, 697, 699, 700, 701, 703, 704, 705, 707, 728, 729, 731, 732, 733, 735, 736, 737, 739, 742, 743, 745, 749, 750, 752, 772, 773, 775]
x_80: [2, 36, 37, 38, 39, 41, 43, 44, 45, 46, 48, 66, 67, 68, 69, 71, 72, 75, 76, 77, 79, 81, 82, 83, 84, 85, 91, 92, 93, 95, 96, 97, 99, 100, 101, 112, 123, 124, 125, 127, 128, 129, 131, 132, 133, 136, 137, 138, 139, 141, 143, 144, 145, 146, 148, 166, 167, 168, 169, 171, 210, 211, 212, 213, 215, 217, 218, 219, 220, 222, 240, 241, 242, 243, 245, 250, 251, 252, 254, 255, 256, 258, 259, 260, 266, 267, 268, 270, 271, 272, 274, 275, 276, 298, 299, 300, 302, 303, 304, 306, 307, 308, 311, 312, 313, 314, 316, 318, 319, 320, 321, 323, 341, 342, 343, 344, 346, 483, 640, 641, 642, 643, 645, 647, 648, 649, 650, 652, 670, 671, 672, 673, 675, 680, 681, 682, 684, 685, 686, 688, 689, 690, 696, 697, 698, 700, 701, 702, 704, 705, 706, 728, 729, 730, 732, 733, 734, 736, 737, 738, 741, 742, 743, 744, 746, 748, 749, 750, 751, 753, 771, 772, 773, 774, 776]
x_81: [3, 36, 38, 39, 40, 41, 43, 45, 46, 47, 48, 66, 68, 69, 70, 71, 73, 76, 77, 78, 79, 80, 82, 84, 85, 86, 92, 93, 94, 96, 97, 98, 100, 101, 102, 113, 124, 125, 126, 128, 129, 130, 132, 133, 134, 136, 138, 139, 140, 141, 143, 145, 146, 147, 148, 166, 168, 169, 170, 171, 210, 212, 213, 214, 215, 217, 219, 220, 221, 222, 240, 242, 243, 244, 245, 251, 252, 253, 255, 256, 257, 259, 260, 261, 267, 268, 269, 271, 272, 273, 275, 276, 277, 299, 300, 301, 303, 304, 305, 307, 308, 309, 311, 313, 314, 315, 316, 318, 320, 321, 322, 323, 341, 343, 344, 345, 346, 484, 640, 642, 643, 644, 645, 647, 649, 650, 651, 652, 670, 672, 673, 674, 675, 681, 682, 683, 685, 686, 687, 689, 690, 691, 697, 698, 699, 701, 702, 703, 705, 706, 707, 729, 730, 731, 733, 734, 735, 737, 738, 739, 741, 743, 744, 745, 746, 748, 750, 751, 752, 753, 771, 773, 774, 775, 776]
x_82: [4, 36, 37, 39, 40, 41, 43, 44, 46, 47, 48, 66, 67, 69, 70, 71, 74, 75, 77, 78, 79, 80, 81, 83, 85, 86, 91, 93, 94, 95, 97, 98, 99, 101, 102, 114, 123, 125, 126, 127, 129, 130, 131, 133, 134, 136, 137, 139, 140, 141, 143, 144, 146, 147, 148, 166, 167, 169, 170, 171, 210, 211, 213, 214, 215, 217, 218, 220, 221, 222, 240, 241, 243, 244, 245, 250, 252, 253, 254, 256, 257, 258, 260, 261, 266, 268, 269, 270, 272, 273, 274, 276, 277, 298, 300, 301, 302, 304, 305, 306, 308, 309, 311, 312, 314, 315, 316, 318, 319, 321, 322, 323, 341, 342, 344, 345, 346, 485, 640, 641, 643, 644, 645, 647, 648, 650, 651, 652, 670, 671, 673, 674, 675, 680, 682, 683, 684, 686, 687, 688, 690, 691, 696, 698, 699, 700, 702, 703, 704, 706, 707, 728, 730, 731, 732, 734, 735, 736, 738, 739, 741, 742, 744, 745, 746, 748, 749, 751, 752, 753, 771, 772, 774, 775, 776]
x_83: [37, 38, 40, 44, 45, 47, 67, 68, 70, 72, 74, 75, 79, 80, 82, 84, 85, 86, 87, 88, 90, 95, 96, 98, 99, 100, 102, 115, 119, 120, 122, 127, 128, 130, 131, 132, 134, 137, 138, 140, 144, 145, 147, 167, 168, 170, 211, 212, 214, 218, 219, 221, 241, 242, 244, 246, 247, 249, 254, 255, 257, 258, 259, 261, 262, 263, 265, 270, 271, 273, 274, 275, 277, 294, 295, 297, 302, 303, 305, 306, 307, 309, 312, 313, 315, 319, 320, 322, 342, 343, 345, 486, 641, 642, 644, 648, 649, 651, 671, 672, 674, 676, 677, 679, 684, 685, 687, 688, 689, 691, 692, 693, 695, 700, 701, 703, 704, 705, 707, 724, 725, 727, 732, 733, 735, 736, 737, 739, 742, 743, 745, 749, 750, 752, 772, 773, 775]
x_84: [35, 37, 38, 39, 41, 42, 44, 45, 46, 48, 65, 67, 68, 69, 71, 72, 73, 76, 79, 80, 81, 83, 85, 86, 87, 88, 89, 95, 96, 97, 99, 100, 101, 116, 119, 120, 121, 127, 128, 129, 131, 132, 133, 135, 137, 138, 139, 141, 142, 144, 145, 146, 148, 165, 167, 168, 169, 171, 209, 211, 212, 213, 215, 216, 218, 219, 220, 222, 239, 241, 242, 243, 245, 246, 247, 248, 254, 255, 256, 258, 259, 260, 262, 263, 264, 270, 271, 272, 274, 275, 276, 294, 295, 296, 302, 303, 304, 306, 307, 308, 310, 312, 313, 314, 316, 317, 319, 320, 321, 323, 340, 342, 343, 344, 346, 487, 639, 641, 642, 643, 645, 646, 648, 649, 650, 652, 669, 671, 672, 673, 675, 676, 677, 678, 684, 685, 686, 688, 689, 690, 692, 693, 694, 700, 701, 702, 704, 705, 706, 724, 725, 726, 732, 733, 734, 736, 737, 738, 740, 742, 743, 744, 746, 747, 749, 750, 751, 753, 770, 772, 773, 774, 776]
x_85: [5, 35, 38, 39, 40, 41, 42, 45, 46, 47, 48, 65, 68, 69, 70, 71, 72, 73, 74, 77, 80, 81, 82, 83, 84, 86, 88, 89, 90, 96, 97, 98, 100, 101, 102, 117, 120, 121, 122, 128, 129, 130, 132, 133, 134, 135, 138, 139, 140, 141, 142, 145, 146, 147, 148, 165, 168, 169, 170, 171, 209, 212, 213, 214, 215, 216, 219, 220, 221, 222, 239, 242, 243, 244, 245, 247, 248, 249, 255, 256, 257, 259, 260, 261, 263, 264, 265, 271, 272, 273, 275, 276, 277, 295, 296, 297, 303, 304, 305, 307, 308, 309, 310, 313, 314, 315, 316, 317, 320, 321, 322, 323, 340, 343, 344, 345, 346, 488, 639, 642, 643, 644, 645, 646, 649, 650, 651, 652, 669, 672, 673, 674, 675, 677, 678, 679, 685, 686, 687, 689, 690, 691, 693, 694, 695, 701, 702, 703, 705, 706, 707, 725, 726, 727, 733, 734, 735, 737, 738, 739, 740, 743, 744, 745, 746, 747, 750, 751, 752, 753, 770, 773, 774, 775, 776]
x_86: [35, 37, 39, 40, 41, 42, 44, 46, 47, 48, 65, 67, 69, 70, 71, 73, 74, 78, 79, 81, 82, 83, 84, 85, 87, 89, 90, 95, 97, 98, 99, 101, 102, 118, 119, 121, 122, 127, 129, 130, 131, 133, 134, 135, 137, 139, 140, 141, 142, 144, 146, 147, 148, 165, 167, 169, 170, 171, 209, 211, 213, 214, 215, 216, 218, 220, 221, 222, 239, 241, 243, 244, 245, 246, 248, 249, 254, 256, 257, 258, 260, 261, 262, 264, 265, 270, 272, 273, 274, 276, 277, 294, 296, 297, 302, 304, 305, 306, 308, 309, 310, 312, 314, 315, 316, 317, 319, 321, 322, 323, 340, 342, 344, 345, 346, 489, 639, 641, 643, 644, 645, 646, 648, 650, 651, 652, 669, 671, 673, 674, 675, 676, 678, 679, 684, 686, 687, 688, 690, 691, 692, 694, 695, 700, 702, 703, 704, 706, 707, 724, 726, 727, 732, 734, 735, 736, 738, 739, 740, 742, 744, 745, 746, 747, 749, 751, 752, 753, 770, 772, 774, 775, 776]
x_87: [49, 50, 52, 53, 54, 56, 61, 62, 64, 72, 74, 75, 76, 78, 83, 84, 86, 88, 89, 90, 91, 92, 94, 95, 99, 100, 102, 103, 104, 106, 107, 108, 110, 115, 116, 118, 119, 149, 150, 152, 153, 154, 156, 161, 162, 164, 223, 224, 226, 227, 228, 230, 235, 236, 238, 246, 247, 249, 250, 251, 253, 258, 259, 261, 262, 263, 265, 266, 267, 269, 274, 275, 277, 278, 279, 281, 282, 283, 285, 290, 291, 293, 324, 325, 327, 328, 329, 331, 336, 337, 339, 490, 653, 654, 656, 657, 658, 660, 665, 666, 668, 676, 677, 679, 680, 681, 683, 688, 689, 691, 692, 693, 695, 696, 697, 699, 704, 705, 707, 708, 709, 711, 712, 713, 715, 720, 721, 723, 754, 755, 757, 758, 759, 761, 766, 767, 769]
x_88: [35, 36, 41, 42, 43, 48, 49, 50, 51, 53, 54, 55, 61, 62, 63, 72, 73, 75, 76, 77, 83, 84, 85, 87, 89, 90, 91, 92, 93, 96, 99, 100, 101, 103, 104, 105, 107, 108, 109, 115, 116, 117, 120, 135, 136, 141, 142, 143, 148, 149, 150, 151, 153, 154, 155, 161, 162, 163, 209, 210, 215, 216, 217, 222, 223, 224, 225, 227, 228, 229, 235, 236, 237, 246, 247, 248, 250, 251, 252, 258, 259, 260, 262, 263, 264, 266, 267, 268, 274, 275, 276, 278, 279, 280, 282, 283, 284, 290, 291, 292, 310, 311, 316, 317, 318, 323, 324, 325, 326, 328, 329, 330, 336, 337, 338, 491, 639, 640, 645, 646, 647, 652, 653, 654, 655, 657, 658, 659, 665, 666, 667, 676, 677, 678, 680, 681, 682, 688, 689, 690, 692, 693, 694, 696, 697, 698, 704, 705, 706, 708, 709, 710, 712, 713, 714, 720, 721, 722, 740, 741, 746, 747, 748, 753, 754, 755, 756, 758, 759, 760, 766, 767, 768]
x_89: [6, 35, 36, 41, 42, 43, 48, 50, 51, 52, 54, 55, 56, 62, 63, 64, 72, 73, 74, 76, 77, 78, 84, 85, 86, 87, 88, 90, 92, 93, 94, 97, 100, 101, 102, 104, 105, 106, 108, 109, 110, 116, 117, 118, 121, 135, 136, 141, 142, 143, 148, 150, 151, 152, 154, 155, 156, 162, 163, 164, 209, 210, 215, 216, 217, 222, 224, 225, 226, 228, 229, 230, 236, 237, 238, 247, 248, 249, 251, 252, 253, 259, 260, 261, 263, 264, 265, 267, 268, 269, 275, 276, 277, 279, 280, 281, 283, 284, 285, 291, 292, 293, 310, 311, 316, 317, 318, 323, 325, 326, 327, 329, 330, 331, 337, 338, 339, 492, 639, 640, 645, 646, 647, 652, 654, 655, 656, 658, 659, 660, 666, 667, 668, 677, 678, 679, 681, 682, 683, 689, 690, 691, 693, 694, 695, 697, 698, 699, 705, 706, 707, 709, 710, 711, 713, 714, 715, 721, 722, 723, 740, 741, 746, 747, 748, 753, 755, 756, 757, 759, 760, 761, 767, 768, 769]
x_90: [35, 36, 41, 42, 43, 48, 49, 51, 52, 53, 55, 56, 61, 63, 64, 73, 74, 75, 77, 78, 83, 85, 86, 87, 88, 89, 91, 93, 94, 98, 99, 101, 102, 103, 105, 106, 107, 109, 110, 115, 117, 118, 122, 135, 136, 141, 142, 143, 148, 149, 151, 152, 153, 155, 156, 161, 163, 164, 209, 210, 215, 216, 217, 222, 223, 225, 226, 227, 229, 230, 235, 237, 238, 246, 248, 249, 250, 252, 253, 258, 260, 261, 262, 264, 265, 266, 268, 269, 274, 276, 277, 278, 280, 281, 282, 284, 285, 290, 292, 293, 310, 311, 316, 317, 318, 323, 324, 326, 327, 328, 330, 331, 336, 338, 339, 493, 639, 640, 645, 646, 647, 652, 653, 655, 656, 657, 659, 660, 665, 667, 668, 676, 678, 679, 680, 682, 683, 688, 690, 691, 692, 694, 695, 696, 698, 699, 704, 706, 707, 708, 710, 711, 712, 714, 715, 720, 722, 723, 740, 741, 746, 747, 748, 753, 754, 756, 757, 758, 760, 761, 766, 768, 769]
x_91: [37, 38, 40, 44, 45, 47, 49, 50, 52, 53, 54, 56, 57, 58, 60, 72, 74, 75, 76, 78, 79, 80, 82, 87, 88, 90, 92, 93, 94, 95, 96, 98, 99, 103, 104, 106, 107, 108, 110, 111, 112, 114, 123, 137, 138, 140, 144, 145, 147, 149, 150, 152, 153, 154, 156, 157, 158, 160, 211, 212, 214, 218, 219, 221, 223, 224, 226, 227, 228, 230, 231, 232, 234, 246, 247, 249, 250, 251, 253, 254, 255, 257, 262, 263, 265, 266, 267, 269, 270, 271, 273, 278, 279, 281, 282, 283, 285, 286, 287, 289, 312, 313, 315, 319, 320, 322, 324, 325, 327, 328, 329, 331, 332, 333, 335, 494, 641, 642, 644, 648, 649, 651, 653, 654, 656, 657, 658, 660, 661, 662, 664, 676, 677, 679, 680, 681, 683, 684, 685, 687, 692, 693, 695, 696, 697, 699, 700, 701, 703, 708, 709, 711, 712, 713, 715, 716, 717, 719, 742, 743, 745, 749, 750, 752, 754, 755, 757, 758, 759, 761, 762, 763, 765]
x_92: [35, 36, 37, 38, 39, 42, 43, 44, 45, 46, 49, 50, 51, 53, 54, 55, 57, 58, 59, 72, 73, 75, 76, 77, 79, 80, 81, 87, 88, 89, 91, 93, 94, 95, 96, 97, 100, 103, 104, 105, 107, 108, 109, 111, 112, 113, 124, 135, 136, 137, 138, 139, 142, 143, 144, 145, 146, 149, 150, 151, 153, 154, 155, 157, 158, 159, 209, 210, 211, 212, 213, 216, 217, 218, 219, 220, 223, 224, 225, 227, 228, 229, 231, 232, 233, 246, 247, 248, 250, 251, 252, 254, 255, 256, 262, 263, 264, 266, 267, 268, 270, 271, 272, 278, 279, 280, 282, 283, 284, 286, 287, 288, 310, 311, 312, 313, 314, 317, 318, 319, 320, 321, 324, 325, 326, 328, 329, 330, 332, 333, 334, 495, 639, 640, 641, 642, 643, 646, 647, 648, 649, 650, 653, 654, 655, 657, 658, 659, 661, 662, 663, 676, 677, 678, 680, 681, 682, 684, 685, 686, 692, 693, 694, 696, 697, 698, 700, 701, 702, 708, 709, 710, 712, 713, 714, 716, 717, 718, 740, 741, 742, 743, 744, 747, 748, 749, 750, 751, 754, 755, 756, 758, 759, 760, 762, 763, 764]
x_93: [7, 35, 36, 38, 39, 40, 42, 43, 45, 46, 47, 50, 51, 52, 54, 55, 56, 58, 59, 60, 72, 73, 74, 76, 77, 78, 80, 81, 82, 88, 89, 90, 91, 92, 94, 96, 97, 98, 101, 104, 105, 106, 108, 109, 110, 112, 113, 114, 125, 135, 136, 138, 139, 140, 142, 143, 145, 146, 147, 150, 151, 152, 154, 155, 156, 158, 159, 160, 209, 210, 212, 213, 214, 216, 217, 219, 220, 221, 224, 225, 226, 228, 229, 230, 232, 233, 234, 247, 248, 249, 251, 252, 253, 255, 256, 257, 263, 264, 265, 267, 268, 269, 271, 272, 273, 279, 280, 281, 283, 284, 285, 287, 288, 289, 310, 311, 313, 314, 315, 317, 318, 320, 321, 322, 325, 326, 327, 329, 330, 331, 333, 334, 335, 496, 639, 640, 642, 643, 644, 646, 647, 649, 650, 651, 654, 655, 656, 658, 659, 660, 662, 663, 664, 677, 678, 679, 681, 682, 683, 685, 686, 687, 693, 694, 695, 697, 698, 699, 701, 702, 703, 709, 710, 711, 713, 714, 715, 717, 718, 719, 740, 741, 743, 744, 745, 747, 748, 750, 751, 752, 755, 756, 757, 759, 760, 761, 763, 764, 765]
x_94: [35, 36, 37, 39, 40, 42, 43, 44, 46, 47, 49, 51, 52, 53, 55, 56, 57, 59, 60, 73, 74, 75, 77, 78, 79, 81, 82, 87, 89, 90, 91, 92, 93, 95, 97, 98, 102, 103, 105, 106, 107, 109, 110, 111, 113, 114, 126, 135, 136, 137, 139, 140, 142, 143, 144, 146, 147, 149, 151, 152, 153, 155, 156, 157, 159, 160, 209, 210, 211, 213, 214, 216, 217, 218, 220, 221, 223, 225, 226, 227, 229, 230, 231, 233, 234, 246, 248, 249, 250, 252, 253, 254, 256, 257, 262, 264, 265, 266, 268, 269, 270, 272, 273, 278, 280, 281, 282, 284, 285, 286, 288, 289, 310, 311, 312, 314, 315, 317, 318, 319, 321, 322, 324, 326, 327, 328, 330, 331, 332, 334, 335, 497, 639, 640, 641, 643, 644, 646, 647, 648, 650, 651, 653, 655, 656, 657, 659, 660, 661, 663, 664, 676, 678, 679, 680, 682, 683, 684, 686, 687, 692, 694, 695, 696, 698, 699, 700, 702, 703, 708, 710, 711, 712, 714, 715, 716, 718, 719, 740, 741, 742, 744, 745, 747, 748, 749, 751, 752, 754, 756, 757, 758, 760, 761, 762, 764, 765]
x_95: [8, 37, 38, 40, 44, 45, 47, 53, 54, 56, 57, 58, 60, 61, 62, 64, 75, 76, 78, 79, 80, 82, 83, 84, 86, 87, 91, 92, 94, 96, 97, 98, 99, 100, 102, 107, 108, 110, 111, 112, 114, 115, 116, 118, 127, 137, 138, 140, 144, 145, 147, 153, 154, 156, 157, 158, 160, 161, 162, 164, 211, 212, 214, 218, 219, 221, 227, 228, 230, 231, 232, 234, 235, 236, 238, 250, 251, 253, 254, 255, 257, 258, 259, 261, 266, 267, 269, 270, 271, 273, 274, 275, 277, 282, 283, 285, 286, 287, 289, 290, 291, 293, 312, 313, 315, 319, 320, 322, 328, 329, 331, 332, 333, 335, 336, 337, 339, 498, 641, 642, 644, 648, 649, 651, 657, 658, 660, 661, 662, 664, 665, 666, 668, 680, 681, 683, 684, 685, 687, 688, 689, 691, 696, 697, 699, 700, 701, 703, 704, 705, 707, 712, 713, 715, 716, 717, 719, 720, 721, 723, 742, 743, 745, 749, 750, 752, 758, 759, 761, 762, 763, 765, 766, 767, 769]
x_96: [9, 36, 37, 38, 39, 41, 43, 44, 45, 46, 48, 53, 54, 55, 57, 58, 59, 61, 62, 63, 75, 76, 77, 79, 80, 81, 83, 84, 85, 88, 91, 92, 93, 95, 97, 98, 99, 100, 101, 107, 108, 109, 111, 112, 113, 115, 116, 117, 128, 136, 137, 138, 139, 141, 143, 144, 145, 146, 148, 153, 154, 155, 157, 158, 159, 161, 162, 163, 210, 211, 212, 213, 215, 217, 218, 219, 220, 222, 227, 228, 229, 231, 232, 233, 235, 236, 237, 250, 251, 252, 254, 255, 256, 258, 259, 260, 266, 267, 268, 270, 271, 272, 274, 275, 276, 282, 283, 284, 286, 287, 288, 290, 291, 292, 311, 312, 313, 314, 316, 318, 319, 320, 321, 323, 328, 329, 330, 332, 333, 334, 336, 337, 338, 499, 640, 641, 642, 643, 645, 647, 648, 649, 650, 652, 657, 658, 659, 661, 662, 663, 665, 666, 667, 680, 681, 682, 684, 685, 686, 688, 689, 690, 696, 697, 698, 700, 701, 702, 704, 705, 706, 712, 713, 714, 716, 717, 718, 720, 721, 722, 741, 742, 743, 744, 746, 748, 749, 750, 751, 753, 758, 759, 760, 762, 763, 764, 766, 767, 768]
x_97: [10, 36, 38, 39, 40, 41, 43, 45, 46, 47, 48, 54, 55, 56, 58, 59, 60, 62, 63, 64, 76, 77, 78, 80, 81, 82, 84, 85, 86, 89, 92, 93, 94, 95, 96, 98, 100, 101, 102, 108, 109, 110, 112, 113, 114, 116, 117, 118, 129, 136, 138, 139, 140, 141, 143, 145, 146, 147, 148, 154, 155, 156, 158, 159, 160, 162, 163, 164, 210, 212, 213, 214, 215, 217, 219, 220, 221, 222, 228, 229, 230, 232, 233, 234, 236, 237, 238, 251, 252, 253, 255, 256, 257, 259, 260, 261, 267, 268, 269, 271, 272, 273, 275, 276, 277, 283, 284, 285, 287, 288, 289, 291, 292, 293, 311, 313, 314, 315, 316, 318, 320, 321, 322, 323, 329, 330, 331, 333, 334, 335, 337, 338, 339, 500, 640, 642, 643, 644, 645, 647, 649, 650, 651, 652, 658, 659, 660, 662, 663, 664, 666, 667, 668, 681, 682, 683, 685, 686, 687, 689, 690, 691, 697, 698, 699, 701, 702, 703, 705, 706, 707, 713, 714, 715, 717, 718, 719, 721, 722, 723, 741, 743, 744, 745, 746, 748, 750, 751, 752, 753, 759, 760, 761, 763, 764, 765, 767, 768, 769]
x_98: [11, 36, 37, 39, 40, 41, 43, 44, 46, 47, 48, 53, 55, 56, 57, 59, 60, 61, 63, 64, 75, 77, 78, 79, 81, 82, 83, 85, 86, 90, 91, 93, 94, 95, 96, 97, 99, 101, 102, 107, 109, 110, 111, 113, 114, 115, 117, 118, 130, 136, 137, 139, 140, 141, 143, 144, 146, 147, 148, 153, 155, 156, 157, 159, 160, 161, 163, 164, 210, 211, 213, 214, 215, 217, 218, 220, 221, 222, 227, 229, 230, 231, 233, 234, 235, 237, 238, 250, 252, 253, 254, 256, 257, 258, 260, 261, 266, 268, 269, 270, 272, 273, 274, 276, 277, 282, 284, 285, 286, 288, 289, 290, 292, 293, 311, 312, 314, 315, 316, 318, 319, 321, 322, 323, 328, 330, 331, 332, 334, 335, 336, 338, 339, 501, 640, 641, 643, 644, 645, 647, 648, 650, 651, 652, 657, 659, 660, 661, 663, 664, 665, 667, 668, 680, 682, 683, 684, 686, 687, 688, 690, 691, 696, 698, 699, 700, 702, 703, 704, 706, 707, 712, 714, 715, 716, 718, 719, 720, 722, 723, 741, 742, 744, 745, 746, 748, 749, 751, 752, 753, 758, 760, 761, 762, 764, 765, 766, 768, 769]
x_99: [37, 38, 40, 44, 45, 47, 49, 50, 52, 57, 58, 60, 61, 62, 64, 72, 74, 79, 80, 82, 83, 84, 86, 87, 88, 90, 91, 95, 96, 98, 100, 101, 102, 103, 104, 106, 111, 112, 114, 115, 116, 118, 131, 137, 138, 140, 144, 145, 147, 149, 150, 152, 157, 158, 160, 161, 162, 164, 211, 212, 214, 218, 219, 221, 223, 224, 226, 231, 232, 234, 235, 236, 238, 246, 247, 249, 254, 255, 257, 258, 259, 261, 262, 263, 265, 270, 271, 273, 274, 275, 277, 278, 279, 281, 286, 287, 289, 290, 291, 293, 312, 313, 315, 319, 320, 322, 324, 325, 327, 332, 333, 335, 336, 337, 339, 502, 641, 642, 644, 648, 649, 651, 653, 654, 656, 661, 662, 664, 665, 666, 668, 676, 677, 679, 684, 685, 687, 688, 689, 691, 692, 693, 695, 700, 701, 703, 704, 705, 707, 708, 709, 711, 716, 717, 719, 720, 721, 723, 742, 743, 745, 749, 750, 752, 754, 755, 757, 762, 763, 765, 766, 767, 769]
x_100: [35, 37, 38, 39, 41, 42, 44, 45, 46, 48, 49, 50, 51, 57, 58, 59, 61, 62, 63, 72, 73, 79, 80, 81, 83, 84, 85, 87, 88, 89, 92, 95, 96, 97, 99, 101, 102, 103, 104, 105, 111, 112, 113, 115, 116, 117, 132, 135, 137, 138, 139, 141, 142, 144, 145, 146, 148, 149, 150, 151, 157, 158, 159, 161, 162, 163, 209, 211, 212, 213, 215, 216, 218, 219, 220, 222, 223, 224, 225, 231, 232, 233, 235, 236, 237, 246, 247, 248, 254, 255, 256, 258, 259, 260, 262, 263, 264, 270, 271, 272, 274, 275, 276, 278, 279, 280, 286, 287, 288, 290, 291, 292, 310, 312, 313, 314, 316, 317, 319, 320, 321, 323, 324, 325, 326, 332, 333, 334, 336, 337, 338, 503, 639, 641, 642, 643, 645, 646, 648, 649, 650, 652, 653, 654, 655, 661, 662, 663, 665, 666, 667, 676, 677, 678, 684, 685, 686, 688, 689, 690, 692, 693, 694, 700, 701, 702, 704, 705, 706, 708, 709, 710, 716, 717, 718, 720, 721, 722, 740, 742, 743, 744, 746, 747, 749, 750, 751, 753, 754, 755, 756, 762, 763, 764, 766, 767, 768]
x_101: [12, 35, 38, 39, 40, 41, 42, 45, 46, 47, 48, 50, 51, 52, 58, 59, 60, 62, 63, 64, 72, 73, 74, 80, 81, 82, 84, 85, 86, 88, 89, 90, 93, 96, 97, 98, 99, 100, 102, 104, 105, 106, 112, 113, 114, 116, 117, 118, 133, 135, 138, 139, 140, 141, 142, 145, 146, 147, 148, 150, 151, 152, 158, 159, 160, 162, 163, 164, 209, 212, 213, 214, 215, 216, 219, 220, 221, 222, 224, 225, 226, 232, 233, 234, 236, 237, 238, 247, 248, 249, 255, 256, 257, 259, 260, 261, 263, 264, 265, 271, 272, 273, 275, 276, 277, 279, 280, 281, 287, 288, 289, 291, 292, 293, 310, 313, 314, 315, 316, 317, 320, 321, 322, 323, 325, 326, 327, 333, 334, 335, 337, 338, 339, 504, 639, 642, 643, 644, 645, 646, 649, 650, 651, 652, 654, 655, 656, 662, 663, 664, 666, 667, 668, 677, 678, 679, 685, 686, 687, 689, 690, 691, 693, 694, 695, 701, 702, 703, 705, 706, 707, 709, 710, 711, 717, 718, 719, 721, 722, 723, 740, 743, 744, 745, 746, 747, 750, 751, 752, 753, 755, 756, 757, 763, 764, 765, 767, 768, 769]
x_102: [35, 37, 39, 40, 41, 42, 44, 46, 47, 48, 49, 51, 52, 57, 59, 60, 61, 63, 64, 73, 74, 79, 81, 82, 83, 85, 86, 87, 89, 90, 94, 95, 97, 98, 99, 100, 101, 103, 105, 106, 111, 113, 114, 115, 117, 118, 134, 135, 137, 139, 140, 141, 142, 144, 146, 147, 148, 149, 151, 152, 157, 159, 160, 161, 163, 164, 209, 211, 213, 214, 215, 216, 218, 220, 221, 222, 223, 225, 226, 231, 233, 234, 235, 237, 238, 246, 248, 249, 254, 256, 257, 258, 260, 261, 262, 264, 265, 270, 272, 273, 274, 276, 277, 278, 280, 281, 286, 288, 289, 290, 292, 293, 310, 312, 314, 315, 316, 317, 319, 321, 322, 323, 324, 326, 327, 332, 334, 335, 336, 338, 339, 505, 639, 641, 643, 644, 645, 646, 648, 650, 651, 652, 653, 655, 656, 661, 663, 664, 665, 667, 668, 676, 678, 679, 684, 686, 687, 688, 690, 691, 692, 694, 695, 700, 702, 703, 704, 706, 707, 708, 710, 711, 716, 718, 719, 720, 722, 723, 740, 742, 744, 745, 746, 747, 749, 751, 752, 753, 754, 756, 757, 762, 764, 765, 766, 768, 769]
x_103: [49, 50, 52, 53, 54, 56, 61, 62, 64, 87, 88, 90, 91, 92, 94, 99, 100, 102, 104, 105, 106, 107, 108, 110, 111, 115, 116, 118, 119, 120, 122, 123, 124, 126, 131, 132, 134, 149, 150, 152, 153, 154, 156, 161, 162, 164, 223, 224, 226, 227, 228, 230, 235, 236, 238, 262, 263, 265, 266, 267, 269, 274, 275, 277, 278, 279, 281, 282, 283, 285, 290, 291, 293, 294, 295, 297, 298, 299, 301, 306, 307, 309, 324, 325, 327, 328, 329, 331, 336, 337, 339, 506, 653, 654, 656, 657, 658, 660, 665, 666, 668, 692, 693, 695, 696, 697, 699, 704, 705, 707, 708, 709, 711, 712, 713, 715, 720, 721, 723, 724, 725, 727, 728, 729, 731, 736, 737, 739, 754, 755, 757, 758, 759, 761, 766, 767, 769]
x_104: [13, 42, 43, 48, 49, 50, 51, 53, 54, 55, 61, 62, 63, 65, 66, 71, 72, 87, 88, 89, 91, 92, 93, 99, 100, 101, 103, 105, 106, 107, 108, 109, 112, 115, 116, 117, 119, 120, 121, 123, 124, 125, 131, 132, 133, 142, 143, 148, 149, 150, 151, 153, 154, 155, 161, 162, 163, 165, 166, 171, 216, 217, 222, 223, 224, 225, 227, 228, 229, 235, 236, 237, 239, 240, 245, 262, 263, 264, 266, 267, 268, 274, 275, 276, 278, 279, 280, 282, 283, 284, 290, 291, 292, 294, 295, 296, 298, 299, 300, 306, 307, 308, 317, 318, 323, 324, 325, 326, 328, 329, 330, 336, 337, 338, 340, 341, 346, 507, 646, 647, 652, 653, 654, 655, 657, 658, 659, 665, 666, 667, 669, 670, 675, 692, 693, 694, 696, 697, 698, 704, 705, 706, 708, 709, 710, 712, 713, 714, 720, 721, 722, 724, 725, 726, 728, 729, 730, 736, 737, 738, 747, 748, 753, 754, 755, 756, 758, 759, 760, 766, 767, 768, 770, 771, 776]
x_105: [14, 42, 43, 48, 50, 51, 52, 54, 55, 56, 62, 63, 64, 65, 66, 71, 73, 88, 89, 90, 92, 93, 94, 100, 101, 102, 103, 104, 106, 108, 109, 110, 113, 116, 117, 118, 120, 121, 122, 124, 125, 126, 132, 133, 134, 142, 143, 148, 150, 151, 152, 154, 155, 156, 162, 163, 164, 165, 166, 171, 216, 217, 222, 224, 225, 226, 228, 229, 230, 236, 237, 238, 239, 240, 245, 263, 264, 265, 267, 268, 269, 275, 276, 277, 279, 280, 281, 283, 284, 285, 291, 292, 293, 295, 296, 297, 299, 300, 301, 307, 308, 309, 317, 318, 323, 325, 326, 327, 329, 330, 331, 337, 338, 339, 340, 341, 346, 508, 646, 647, 652, 654, 655, 656, 658, 659, 660, 666, 667, 668, 669, 670, 675, 693, 694, 695, 697, 698, 699, 705, 706, 707, 709, 710, 711, 713, 714, 715, 721, 722, 723, 725, 726, 727, 729, 730, 731, 737, 738, 739, 747, 748, 753, 755, 756, 757, 759, 760, 761, 767, 768, 769, 770, 771, 776]
x_106: [15, 42, 43, 48, 49, 51, 52, 53, 55, 56, 61, 63, 64, 65, 66, 71, 74, 87, 89, 90, 91, 93, 94, 99, 101, 102, 103, 104, 105, 107, 109, 110, 114, 115, 117, 118, 119, 121, 122, 123, 125, 126, 131, 133, 134, 142, 143, 148, 149, 151, 152, 153, 155, 156, 161, 163, 164, 165, 166, 171, 216, 217, 222, 223, 225, 226, 227, 229, 230, 235, 237, 238, 239, 240, 245, 262, 264, 265, 266, 268, 269, 274, 276, 277, 278, 280, 281, 282, 284, 285, 290, 292, 293, 294, 296, 297, 298, 300, 301, 306, 308, 309, 317, 318, 323, 324, 326, 327, 328, 330, 331, 336, 338, 339, 340, 341, 346, 509, 646, 647, 652, 653, 655, 656, 657, 659, 660, 665, 667, 668, 669, 670, 675, 692, 694, 695, 696, 698, 699, 704, 706, 707, 708, 710, 711, 712, 714, 715, 720, 722, 723, 724, 726, 727, 728, 730, 731, 736, 738, 739, 747, 748, 753, 754, 756, 757, 758, 760, 761, 766, 768, 769, 770, 771, 776]
x_107: [16, 44, 45, 47, 49, 50, 52, 53, 54, 56, 57, 58, 60, 67, 68, 70, 75, 87, 88, 90, 91, 92, 94, 95, 96, 98, 103, 104, 106, 108, 109, 110, 111, 112, 114, 115, 119, 120, 122, 123, 124, 126, 127, 128, 130, 144, 145, 147, 149, 150, 152, 153, 154, 156, 157, 158, 160, 167, 168, 170, 218, 219, 221, 223, 224, 226, 227, 228, 230, 231, 232, 234, 241, 242, 244, 262, 263, 265, 266, 267, 269, 270, 271, 273, 278, 279, 281, 282, 283, 285, 286, 287, 289, 294, 295, 297, 298, 299, 301, 302, 303, 305, 319, 320, 322, 324, 325, 327, 328, 329, 331, 332, 333, 335, 342, 343, 345, 510, 648, 649, 651, 653, 654, 656, 657, 658, 660, 661, 662, 664, 671, 672, 674, 692, 693, 695, 696, 697, 699, 700, 701, 703, 708, 709, 711, 712, 713, 715, 716, 717, 719, 724, 725, 727, 728, 729, 731, 732, 733, 735, 749, 750, 752, 754, 755, 757, 758, 759, 761, 762, 763, 765, 772, 773, 775]
x_108: [17, 42, 43, 44, 45, 46, 49, 50, 51, 53, 54, 55, 57, 58, 59, 65, 66, 67, 68, 69, 76, 87, 88, 89, 91, 92, 93, 95, 96, 97, 103, 104, 105, 107, 109, 110, 111, 112, 113, 116, 119, 120, 121, 123, 124, 125, 127, 128, 129, 142, 143, 144, 145, 146, 149, 150, 151, 153, 154, 155, 157, 158, 159, 165, 166, 167, 168, 169, 216, 217, 218, 219, 220, 223, 224, 225, 227, 228, 229, 231, 232, 233, 239, 240, 241, 242, 243, 262, 263, 264, 266, 267, 268, 270, 271, 272, 278, 279, 280, 282, 283, 284, 286, 287, 288, 294, 295, 296, 298, 299, 300, 302, 303, 304, 317, 318, 319, 320, 321, 324, 325, 326, 328, 329, 330, 332, 333, 334, 340, 341, 342, 343, 344, 511, 646, 647, 648, 649, 650, 653, 654, 655, 657, 658, 659, 661, 662, 663, 669, 670, 671, 672, 673, 692, 693, 694, 696, 697, 698, 700, 701, 702, 708, 709, 710, 712, 713, 714, 716, 717, 718, 724, 725, 726, 728, 729, 730, 732, 733, 734, 747, 748, 749, 750, 751, 754, 755, 756, 758, 759, 760, 762, 763, 764, 770, 771, 772, 773, 774]
x_109: [18, 42, 43, 45, 46, 47, 50, 51, 52, 54, 55, 56, 58, 59, 60, 65, 66, 68, 69, 70, 77, 88, 89, 90, 92, 93, 94, 96, 97, 98, 104, 105, 106, 107, 108, 110, 112, 113, 114, 117, 120, 121, 122, 124, 125, 126, 128, 129, 130, 142, 143, 145, 146, 147, 150, 151, 152, 154, 155, 156, 158, 159, 160, 165, 166, 168, 169, 170, 216, 217, 219, 220, 221, 224, 225, 226, 228, 229, 230, 232, 233, 234, 239, 240, 242, 243, 244, 263, 264, 265, 267, 268, 269, 271, 272, 273, 279, 280, 281, 283, 284, 285, 287, 288, 289, 295, 296, 297, 299, 300, 301, 303, 304, 305, 317, 318, 320, 321, 322, 325, 326, 327, 329, 330, 331, 333, 334, 335, 340, 341, 343, 344, 345, 512, 646, 647, 649, 650, 651, 654, 655, 656, 658, 659, 660, 662, 663, 664, 669, 670, 672, 673, 674, 693, 694, 695, 697, 698, 699, 701, 702, 703, 709, 710, 711, 713, 714, 715, 717, 718, 719, 725, 726, 727, 729, 730, 731, 733, 734, 735, 747, 748, 750, 751, 752, 755, 756, 757, 759, 760, 761, 763, 764, 765, 770, 771, 773, 774, 775]
x_110: [19, 42, 43, 44, 46, 47, 49, 51, 52, 53, 55, 56, 57, 59, 60, 65, 66, 67, 69, 70, 78, 87, 89, 90, 91, 93, 94, 95, 97, 98, 103, 105, 106, 107, 108, 109, 111, 113, 114, 118, 119, 121, 122, 123, 125, 126, 127, 129, 130, 142, 143, 144, 146, 147, 149, 151, 152, 153, 155, 156, 157, 159, 160, 165, 166, 167, 169, 170, 216, 217, 218, 220, 221, 223, 225, 226, 227, 229, 230, 231, 233, 234, 239, 240, 241, 243, 244, 262, 264, 265, 266, 268, 269, 270, 272, 273, 278, 280, 281, 282, 284, 285, 286, 288, 289, 294, 296, 297, 298, 300, 301, 302, 304, 305, 317, 318, 319, 321, 322, 324, 326, 327, 328, 330, 331, 332, 334, 335, 340, 341, 342, 344, 345, 513, 646, 647, 648, 650, 651, 653, 655, 656, 657, 659, 660, 661, 663, 664, 669, 670, 671, 673, 674, 692, 694, 695, 696, 698, 699, 700, 702, 703, 708, 710, 711, 712, 714, 715, 716, 718, 719, 724, 726, 727, 728, 730, 731, 732, 734, 735, 747, 748, 749, 751, 752, 754, 756, 757, 758, 760, 761, 762, 764, 765, 770, 771, 772, 774, 775]
x_111: [20, 44, 45, 47, 53, 54, 56, 57, 58, 60, 61, 62, 64, 67, 68, 70, 79, 91, 92, 94, 95, 96, 98, 99, 100, 102, 103, 107, 108, 110, 112, 113, 114, 115, 116, 118, 123, 124, 126, 127, 128, 130, 131, 132, 134, 144, 145, 147, 153, 154, 156, 157, 158, 160, 161, 162, 164, 167, 168, 170, 218, 219, 221, 227, 228, 230, 231, 232, 234, 235, 236, 238, 241, 242, 244, 266, 267, 269, 270, 271, 273, 274, 275, 277, 282, 283, 285, 286, 287, 289, 290, 291, 293, 298, 299, 301, 302, 303, 305, 306, 307, 309, 319, 320, 322, 328, 329, 331, 332, 333, 335, 336, 337, 339, 342, 343, 345, 514, 648, 649, 651, 657, 658, 660, 661, 662, 664, 665, 666, 668, 671, 672, 674, 696, 697, 699, 700, 701, 703, 704, 705, 707, 712, 713, 715, 716, 717, 719, 720, 721, 723, 728, 729, 731, 732, 733, 735, 736, 737, 739, 749, 750, 752, 758, 759, 761, 762, 763, 765, 766, 767, 769, 772, 773, 775]
x_112: [21, 43, 44, 45, 46, 48, 53, 54, 55, 57, 58, 59, 61, 62, 63, 66, 67, 68, 69, 71, 80, 91, 92, 93, 95, 96, 97, 99, 100, 101, 104, 107, 108, 109, 111, 113, 114, 115, 116, 117, 123, 124, 125, 127, 128, 129, 131, 132, 133, 143, 144, 145, 146, 148, 153, 154, 155, 157, 158, 159, 161, 162, 163, 166, 167, 168, 169, 171, 217, 218, 219, 220, 222, 227, 228, 229, 231, 232, 233, 235, 236, 237, 240, 241, 242, 243, 245, 266, 267, 268, 270, 271, 272, 274, 275, 276, 282, 283, 284, 286, 287, 288, 290, 291, 292, 298, 299, 300, 302, 303, 304, 306, 307, 308, 318, 319, 320, 321, 323, 328, 329, 330, 332, 333, 334, 336, 337, 338, 341, 342, 343, 344, 346, 515, 647, 648, 649, 650, 652, 657, 658, 659, 661, 662, 663, 665, 666, 667, 670, 671, 672, 673, 675, 696, 697, 698, 700, 701, 702, 704, 705, 706, 712, 713, 714, 716, 717, 718, 720, 721, 722, 728, 729, 730, 732, 733, 734, 736, 737, 738, 748, 749, 750, 751, 753, 758, 759, 760, 762, 763, 764, 766, 767, 768, 771, 772, 773, 774, 776]
x_113: [22, 43, 45, 46, 47, 48, 54, 55, 56, 58, 59, 60, 62, 63, 64, 66, 68, 69, 70, 71, 81, 92, 93, 94, 96, 97, 98, 100, 101, 102, 105, 108, 109, 110, 111, 112, 114, 116, 117, 118, 124, 125, 126, 128, 129, 130, 132, 133, 134, 143, 145, 146, 147, 148, 154, 155, 156, 158, 159, 160, 162, 163, 164, 166, 168, 169, 170, 171, 217, 219, 220, 221, 222, 228, 229, 230, 232, 233, 234, 236, 237, 238, 240, 242, 243, 244, 245, 267, 268, 269, 271, 272, 273, 275, 276, 277, 283, 284, 285, 287, 288, 289, 291, 292, 293, 299, 300, 301, 303, 304, 305, 307, 308, 309, 318, 320, 321, 322, 323, 329, 330, 331, 333, 334, 335, 337, 338, 339, 341, 343, 344, 345, 346, 516, 647, 649, 650, 651, 652, 658, 659, 660, 662, 663, 664, 666, 667, 668, 670, 672, 673, 674, 675, 697, 698, 699, 701, 702, 703, 705, 706, 707, 713, 714, 715, 717, 718, 719, 721, 722, 723, 729, 730, 731, 733, 734, 735, 737, 738, 739, 748, 750, 751, 752, 753, 759, 760, 761, 763, 764, 765, 767, 768, 769, 771, 773, 774, 775, 776]
x_114: [23, 43, 44, 46, 47, 48, 53, 55, 56, 57, 59, 60, 61, 63, 64, 66, 67, 69, 70, 71, 82, 91, 93, 94, 95, 97, 98, 99, 101, 102, 106, 107, 109, 110, 111, 112, 113, 115, 117, 118, 123, 125, 126, 127, 129, 130, 131, 133, 134, 143, 144, 146, 147, 148, 153, 155, 156, 157, 159, 160, 161, 163, 164, 166, 167, 169, 170, 171, 217, 218, 220, 221, 222, 227, 229, 230, 231, 233, 234, 235, 237, 238, 240, 241, 243, 244, 245, 266, 268, 269, 270, 272, 273, 274, 276, 277, 282, 284, 285, 286, 288, 289, 290, 292, 293, 298, 300, 301, 302, 304, 305, 306, 308, 309, 318, 319, 321, 322, 323, 328, 330, 331, 332, 334, 335, 336, 338, 339, 341, 342, 344, 345, 346, 517, 647, 648, 650, 651, 652, 657, 659, 660, 661, 663, 664, 665, 667, 668, 670, 671, 673, 674, 675, 696, 698, 699, 700, 702, 703, 704, 706, 707, 712, 714, 715, 716, 718, 719, 720, 722, 723, 728, 730, 731, 732, 734, 735, 736, 738, 739, 748, 749, 751, 752, 753, 758, 760, 761, 762, 764, 765, 766, 768, 769, 771, 772, 774, 775, 776]
x_115: [24, 44, 45, 47, 49, 50, 52, 57, 58, 60, 61, 62, 64, 67, 68, 70, 83, 87, 88, 90, 95, 96, 98, 99, 100, 102, 103, 104, 106, 107, 111, 112, 114, 116, 117, 118, 119, 120, 122, 127, 128, 130, 131, 132, 134, 144, 145, 147, 149, 150, 152, 157, 158, 160, 161, 162, 164, 167, 168, 170, 218, 219, 221, 223, 224, 226, 231, 232, 234, 235, 236, 238, 241, 242, 244, 262, 263, 265, 270, 271, 273, 274, 275, 277, 278, 279, 281, 286, 287, 289, 290, 291, 293, 294, 295, 297, 302, 303, 305, 306, 307, 309, 319, 320, 322, 324, 325, 327, 332, 333, 335, 336, 337, 339, 342, 343, 345, 518, 648, 649, 651, 653, 654, 656, 661, 662, 664, 665, 666, 668, 671, 672, 674, 692, 693, 695, 700, 701, 703, 704, 705, 707, 708, 709, 711, 716, 717, 719, 720, 721, 723, 724, 725, 727, 732, 733, 735, 736, 737, 739, 749, 750, 752, 754, 755, 757, 762, 763, 765, 766, 767, 769, 772, 773, 775]
x_116: [25, 42, 44, 45, 46, 48, 49, 50, 51, 57, 58, 59, 61, 62, 63, 65, 67, 68, 69, 71, 84, 87, 88, 89, 95, 96, 97, 99, 100, 101, 103, 104, 105, 108, 111, 112, 113, 115, 117, 118, 119, 120, 121, 127, 128, 129, 131, 132, 133, 142, 144, 145, 146, 148, 149, 150, 151, 157, 158, 159, 161, 162, 163, 165, 167, 168, 169, 171, 216, 218, 219, 220, 222, 223, 224, 225, 231, 232, 233, 235, 236, 237, 239, 241, 242, 243, 245, 262, 263, 264, 270, 271, 272, 274, 275, 276, 278, 279, 280, 286, 287, 288, 290, 291, 292, 294, 295, 296, 302, 303, 304, 306, 307, 308, 317, 319, 320, 321, 323, 324, 325, 326, 332, 333, 334, 336, 337, 338, 340, 342, 343, 344, 346, 519, 646, 648, 649, 650, 652, 653, 654, 655, 661, 662, 663, 665, 666, 667, 669, 671, 672, 673, 675, 692, 693, 694, 700, 701, 702, 704, 705, 706, 708, 709, 710, 716, 717, 718, 720, 721, 722, 724, 725, 726, 732, 733, 734, 736, 737, 738, 747, 749, 750, 751, 753, 754, 755, 756, 762, 763, 764, 766, 767, 768, 770, 772, 773, 774, 776]
x_117: [26, 42, 45, 46, 47, 48, 50, 51, 52, 58, 59, 60, 62, 63, 64, 65, 68, 69, 70, 71, 85, 88, 89, 90, 96, 97, 98, 100, 101, 102, 104, 105, 106, 109, 112, 113, 114, 115, 116, 118, 120, 121, 122, 128, 129, 130, 132, 133, 134, 142, 145, 146, 147, 148, 150, 151, 152, 158, 159, 160, 162, 163, 164, 165, 168, 169, 170, 171, 216, 219, 220, 221, 222, 224, 225, 226, 232, 233, 234, 236, 237, 238, 239, 242, 243, 244, 245, 263, 264, 265, 271, 272, 273, 275, 276, 277, 279, 280, 281, 287, 288, 289, 291, 292, 293, 295, 296, 297, 303, 304, 305, 307, 308, 309, 317, 320, 321, 322, 323, 325, 326, 327, 333, 334, 335, 337, 338, 339, 340, 343, 344, 345, 346, 520, 646, 649, 650, 651, 652, 654, 655, 656, 662, 663, 664, 666, 667, 668, 669, 672, 673, 674, 675, 693, 694, 695, 701, 702, 703, 705, 706, 707, 709, 710, 711, 717, 718, 719, 721, 722, 723, 725, 726, 727, 733, 734, 735, 737, 738, 739, 747, 750, 751, 752, 753, 755, 756, 757, 763, 764, 765, 767, 768, 769, 770, 773, 774, 775, 776]
x_118: [27, 42, 44, 46, 47, 48, 49, 51, 52, 57, 59, 60, 61, 63, 64, 65, 67, 69, 70, 71, 86, 87, 89, 90, 95, 97, 98, 99, 101, 102, 103, 105, 106, 110, 111, 113, 114, 115, 116, 117, 119, 121, 122, 127, 129, 130, 131, 133, 134, 142, 144, 146, 147, 148, 149, 151, 152, 157, 159, 160, 161, 163, 164, 165, 167, 169, 170, 171, 216, 218, 220, 221, 222, 223, 225, 226, 231, 233, 234, 235, 237, 238, 239, 241, 243, 244, 245, 262, 264, 265, 270, 272, 273, 274, 276, 277, 278, 280, 281, 286, 288, 289, 290, 292, 293, 294, 296, 297, 302, 304, 305, 306, 308, 309, 317, 319, 321, 322, 323, 324, 326, 327, 332, 334, 335, 336, 338, 339, 340, 342, 344, 345, 346, 521, 646, 648, 650, 651, 652, 653, 655, 656, 661, 663, 664, 665, 667, 668, 669, 671, 673, 674, 675, 692, 694, 695, 700, 702, 703, 704, 706, 707, 708, 710, 711, 716, 718, 719, 720, 722, 723, 724, 726, 727, 732, 734, 735, 736, 738, 739, 747, 749, 751, 752, 753, 754, 756, 757, 762, 764, 765, 766, 768, 769, 770, 772, 774, 775, 776]
x_119: [49, 50, 52, 53, 54, 56, 61, 62, 64, 72, 74, 75, 76, 78, 83, 84, 86, 87, 103, 104, 106, 107, 108, 110, 115, 116, 118, 120, 121, 122, 123, 124, 126, 127, 131, 132, 134, 149, 150, 152, 153, 154, 156, 161, 162, 164, 223, 224, 226, 227, 228, 230, 235, 236, 238, 246, 247, 249, 250, 251, 253, 258, 259, 261, 278, 279, 281, 282, 283, 285, 290, 291, 293, 294, 295, 297, 298, 299, 301, 306, 307, 309, 324, 325, 327, 328, 329, 331, 336, 337, 339, 522, 653, 654, 656, 657, 658, 660, 665, 666, 668, 676, 677, 679, 680, 681, 683, 688, 689, 691, 708, 709, 711, 712, 713, 715, 720, 721, 723, 724, 725, 727, 728, 729, 731, 736, 737, 739, 754, 755, 757, 758, 759, 761, 766, 767, 769]
x_120: [35, 36, 41, 49, 50, 51, 53, 54, 55, 61, 62, 63, 65, 66, 71, 72, 73, 75, 76, 77, 83, 84, 85, 88, 103, 104, 105, 107, 108, 109, 115, 116, 117, 119, 121, 122, 123, 124, 125, 128, 131, 132, 133, 135, 136, 141, 149, 150, 151, 153, 154, 155, 161, 162, 163, 165, 166, 171, 209, 210, 215, 223, 224, 225, 227, 228, 229, 235, 236, 237, 239, 240, 245, 246, 247, 248, 250, 251, 252, 258, 259, 260, 278, 279, 280, 282, 283, 284, 290, 291, 292, 294, 295, 296, 298, 299, 300, 306, 307, 308, 310, 311, 316, 324, 325, 326, 328, 329, 330, 336, 337, 338, 340, 341, 346, 523, 639, 640, 645, 653, 654, 655, 657, 658, 659, 665, 666, 667, 669, 670, 675, 676, 677, 678, 680, 681, 682, 688, 689, 690, 708, 709, 710, 712, 713, 714, 720, 721, 722, 724, 725, 726, 728, 729, 730, 736, 737, 738, 740, 741, 746, 754, 755, 756, 758, 759, 760, 766, 767, 768, 770, 771, 776]
x_121: [28, 35, 36, 41, 50, 51, 52, 54, 55, 56, 62, 63, 64, 65, 66, 71, 72, 73, 74, 76, 77, 78, 84, 85, 86, 89, 104, 105, 106, 108, 109, 110, 116, 117, 118, 119, 120, 122, 124, 125, 126, 129, 132, 133, 134, 135, 136, 141, 150, 151, 152, 154, 155, 156, 162, 163, 164, 165, 166, 171, 209, 210, 215, 224, 225, 226, 228, 229, 230, 236, 237, 238, 239, 240, 245, 247, 248, 249, 251, 252, 253, 259, 260, 261, 279, 280, 281, 283, 284, 285, 291, 292, 293, 295, 296, 297, 299, 300, 301, 307, 308, 309, 310, 311, 316, 325, 326, 327, 329, 330, 331, 337, 338, 339, 340, 341, 346, 524, 639, 640, 645, 654, 655, 656, 658, 659, 660, 666, 667, 668, 669, 670, 675, 677, 678, 679, 681, 682, 683, 689, 690, 691, 709, 710, 711, 713, 714, 715, 721, 722, 723, 725, 726, 727, 729, 730, 731, 737, 738, 739, 740, 741, 746, 755, 756, 757, 759, 760, 761, 767, 768, 769, 770, 771, 776]
x_122: [35, 36, 41, 49, 51, 52, 53, 55, 56, 61, 63, 64, 65, 66, 71, 73, 74, 75, 77, 78, 83, 85, 86, 90, 103, 105, 106, 107, 109, 110, 115, 117, 118, 119, 120, 121, 123, 125, 126, 130, 131, 133, 134, 135, 136, 141, 149, 151, 152, 153, 155, 156, 161, 163, 164, 165, 166, 171, 209, 210, 215, 223, 225, 226, 227, 229, 230, 235, 237, 238, 239, 240, 245, 246, 248, 249, 250, 252, 253, 258, 260, 261, 278, 280, 281, 282, 284, 285, 290, 292, 293, 294, 296, 297, 298, 300, 301, 306, 308, 309, 310, 311, 316, 324, 326, 327, 328, 330, 331, 336, 338, 339, 340, 341, 346, 525, 639, 640, 645, 653, 655, 656, 657, 659, 660, 665, 667, 668, 669, 670, 675, 676, 678, 679, 680, 682, 683, 688, 690, 691, 708, 710, 711, 712, 714, 715, 720, 722, 723, 724, 726, 727, 728, 730, 731, 736, 738, 739, 740, 741, 746, 754, 756, 757, 758, 760, 761, 766, 768, 769, 770, 771, 776]
x_123: [37, 38, 40, 49, 50, 52, 53, 54, 56, 57, 58, 60, 67, 68, 70, 72, 74, 75, 76, 78, 79, 80, 82, 91, 103, 104, 106, 107, 108, 110, 111, 112, 114, 119, 120, 122, 124, 125, 126, 127, 128, 130, 131, 137, 138, 140, 149, 150, 152, 153, 154, 156, 157, 158, 160, 167, 168, 170, 211, 212, 214, 223, 224, 226, 227, 228, 230, 231, 232, 234, 241, 242, 244, 246, 247, 249, 250, 251, 253, 254, 255, 257, 278, 279, 281, 282, 283, 285, 286, 287, 289, 294, 295, 297, 298, 299, 301, 302, 303, 305, 312, 313, 315, 324, 325, 327, 328, 329, 331, 332, 333, 335, 342, 343, 345, 526, 641, 642, 644, 653, 654, 656, 657, 658, 660, 661, 662, 664, 671, 672, 674, 676, 677, 679, 680, 681, 683, 684, 685, 687, 708, 709, 711, 712, 713, 715, 716, 717, 719, 724, 725, 727, 728, 729, 731, 732, 733, 735, 742, 743, 745, 754, 755, 757, 758, 759, 761, 762, 763, 765, 772, 773, 775]
x_124: [35, 36, 37, 38, 39, 49, 50, 51, 53, 54, 55, 57, 58, 59, 65, 66, 67, 68, 69, 72, 73, 75, 76, 77, 79, 80, 81, 92, 103, 104, 105, 107, 108, 109, 111, 112, 113, 119, 120, 121, 123, 125, 126, 127, 128, 129, 132, 135, 136, 137, 138, 139, 149, 150, 151, 153, 154, 155, 157, 158, 159, 165, 166, 167, 168, 169, 209, 210, 211, 212, 213, 223, 224, 225, 227, 228, 229, 231, 232, 233, 239, 240, 241, 242, 243, 246, 247, 248, 250, 251, 252, 254, 255, 256, 278, 279, 280, 282, 283, 284, 286, 287, 288, 294, 295, 296, 298, 299, 300, 302, 303, 304, 310, 311, 312, 313, 314, 324, 325, 326, 328, 329, 330, 332, 333, 334, 340, 341, 342, 343, 344, 527, 639, 640, 641, 642, 643, 653, 654, 655, 657, 658, 659, 661, 662, 663, 669, 670, 671, 672, 673, 676, 677, 678, 680, 681, 682, 684, 685, 686, 708, 709, 710, 712, 713, 714, 716, 717, 718, 724, 725, 726, 728, 729, 730, 732, 733, 734, 740, 741, 742, 743, 744, 754, 755, 756, 758, 759, 760, 762, 763, 764, 770, 771, 772, 773, 774]
x_125: [29, 35, 36, 38, 39, 40, 50, 51, 52, 54, 55, 56, 58, 59, 60, 65, 66, 68, 69, 70, 72, 73, 74, 76, 77, 78, 80, 81, 82, 93, 104, 105, 106, 108, 109, 110, 112, 113, 114, 120, 121, 122, 123, 124, 126, 128, 129, 130, 133, 135, 136, 138, 139, 140, 150, 151, 152, 154, 155, 156, 158, 159, 160, 165, 166, 168, 169, 170, 209, 210, 212, 213, 214, 224, 225, 226, 228, 229, 230, 232, 233, 234, 239, 240, 242, 243, 244, 247, 248, 249, 251, 252, 253, 255, 256, 257, 279, 280, 281, 283, 284, 285, 287, 288, 289, 295, 296, 297, 299, 300, 301, 303, 304, 305, 310, 311, 313, 314, 315, 325, 326, 327, 329, 330, 331, 333, 334, 335, 340, 341, 343, 344, 345, 528, 639, 640, 642, 643, 644, 654, 655, 656, 658, 659, 660, 662, 663, 664, 669, 670, 672, 673, 674, 677, 678, 679, 681, 682, 683, 685, 686, 687, 709, 710, 711, 713, 714, 715, 717, 718, 719, 725, 726, 727, 729, 730, 731, 733, 734, 735, 740, 741, 743, 744, 745, 755, 756, 757, 759, 760, 761, 763, 764, 765, 770, 771, 773, 774, 775]
x_126: [35, 36, 37, 39, 40, 49, 51, 52, 53, 55, 56, 57, 59, 60, 65, 66, 67, 69, 70, 73, 74, 75, 77, 78, 79, 81, 82, 94, 103, 105, 106, 107, 109, 110, 111, 113, 114, 119, 121, 122, 123, 124, 125, 127, 129, 130, 134, 135, 136, 137, 139, 140, 149, 151, 152, 153, 155, 156, 157, 159, 160, 165, 166, 167, 169, 170, 209, 210, 211, 213, 214, 223, 225, 226, 227, 229, 230, 231, 233, 234, 239, 240, 241, 243, 244, 246, 248, 249, 250, 252, 253, 254, 256, 257, 278, 280, 281, 282, 284, 285, 286, 288, 289, 294, 296, 297, 298, 300, 301, 302, 304, 305, 310, 311, 312, 314, 315, 324, 326, 327, 328, 330, 331, 332, 334, 335, 340, 341, 342, 344, 345, 529, 639, 640, 641, 643, 644, 653, 655, 656, 657, 659, 660, 661, 663, 664, 669, 670, 671, 673, 674, 676, 678, 679, 680, 682, 683, 684, 686, 687, 708, 710, 711, 712, 714, 715, 716, 718, 719, 724, 726, 727, 728, 730, 731, 732, 734, 735, 740, 741, 742, 744, 745, 754, 756, 757, 758, 760, 761, 762, 764, 765, 770, 771, 772, 774, 775]
x_127: [30, 37, 38, 40, 53, 54, 56, 57, 58, 60, 61, 62, 64, 67, 68, 70, 75, 76, 78, 79, 80, 82, 83, 84, 86, 95, 107, 108, 110, 111, 112, 114, 115, 116, 118, 119, 123, 124, 126, 128, 129, 130, 131, 132, 134, 137, 138, 140, 153, 154, 156, 157, 158, 160, 161, 162, 164, 167, 168, 170, 211, 212, 214, 227, 228, 230, 231, 232, 234, 235, 236, 238, 241, 242, 244, 250, 251, 253, 254, 255, 257, 258, 259, 261, 282, 283, 285, 286, 287, 289, 290, 291, 293, 298, 299, 301, 302, 303, 305, 306, 307, 309, 312, 313, 315, 328, 329, 331, 332, 333, 335, 336, 337, 339, 342, 343, 345, 530, 641, 642, 644, 657, 658, 660, 661, 662, 664, 665, 666, 668, 671, 672, 674, 680, 681, 683, 684, 685, 687, 688, 689, 691, 712, 713, 715, 716, 717, 719, 720, 721, 723, 728, 729, 731, 732, 733, 735, 736, 737, 739, 742, 743, 745, 758, 759, 761, 762, 763, 765, 766, 767, 769, 772, 773, 775]
x_128: [31, 36, 37, 38, 39, 41, 53, 54, 55, 57, 58, 59, 61, 62, 63, 66, 67, 68, 69, 71, 75, 76, 77, 79, 80, 81, 83, 84, 85, 96, 107, 108, 109, 111, 112, 113, 115, 116, 117, 120, 123, 124, 125, 127, 129, 130, 131, 132, 133, 136, 137, 138, 139, 141, 153, 154, 155, 157, 158, 159, 161, 162, 163, 166, 167, 168, 169, 171, 210, 211, 212, 213, 215, 227, 228, 229, 231, 232, 233, 235, 236, 237, 240, 241, 242, 243, 245, 250, 251, 252, 254, 255, 256, 258, 259, 260, 282, 283, 284, 286, 287, 288, 290, 291, 292, 298, 299, 300, 302, 303, 304, 306, 307, 308, 311, 312, 313, 314, 316, 328, 329, 330, 332, 333, 334, 336, 337, 338, 341, 342, 343, 344, 346, 531, 640, 641, 642, 643, 645, 657, 658, 659, 661, 662, 663, 665, 666, 667, 670, 671, 672, 673, 675, 680, 681, 682, 684, 685, 686, 688, 689, 690, 712, 713, 714, 716, 717, 718, 720, 721, 722, 728, 729, 730, 732, 733, 734, 736, 737, 738, 741, 742, 743, 744, 746, 758, 759, 760, 762, 763, 764, 766, 767, 768, 771, 772, 773, 774, 776]
x_129: [32, 36, 38, 39, 40, 41, 54, 55, 56, 58, 59, 60, 62, 63, 64, 66, 68, 69, 70, 71, 76, 77, 78, 80, 81, 82, 84, 85, 86, 97, 108, 109, 110, 112, 113, 114, 116, 117, 118, 121, 124, 125, 126, 127, 128, 130, 132, 133, 134, 136, 138, 139, 140, 141, 154, 155, 156, 158, 159, 160, 162, 163, 164, 166, 168, 169, 170, 171, 210, 212, 213, 214, 215, 228, 229, 230, 232, 233, 234, 236, 237, 238, 240, 242, 243, 244, 245, 251, 252, 253, 255, 256, 257, 259, 260, 261, 283, 284, 285, 287, 288, 289, 291, 292, 293, 299, 300, 301, 303, 304, 305, 307, 308, 309, 311, 313, 314, 315, 316, 329, 330, 331, 333, 334, 335, 337, 338, 339, 341, 343, 344, 345, 346, 532, 640, 642, 643, 644, 645, 658, 659, 660, 662, 663, 664, 666, 667, 668, 670, 672, 673, 674, 675, 681, 682, 683, 685, 686, 687, 689, 690, 691, 713, 714, 715, 717, 718, 719, 721, 722, 723, 729, 730, 731, 733, 734, 735, 737, 738, 739, 741, 743, 744, 745, 746, 759, 760, 761, 763, 764, 765, 767, 768, 769, 771, 773, 774, 775, 776]
x_130: [33, 36, 37, 39, 40, 41, 53, 55, 56, 57, 59, 60, 61, 63, 64, 66, 67, 69, 70, 71, 75, 77, 78, 79, 81, 82, 83, 85, 86, 98, 107, 109, 110, 111, 113, 114, 115, 117, 118, 122, 123, 125, 126, 127, 128, 129, 131, 133, 134, 136, 137, 139, 140, 141, 153, 155, 156, 157, 159, 160, 161, 163, 164, 166, 167, 169, 170, 171, 210, 211, 213, 214, 215, 227, 229, 230, 231, 233, 234, 235, 237, 238, 240, 241, 243, 244, 245, 250, 252, 253, 254, 256, 257, 258, 260, 261, 282, 284, 285, 286, 288, 289, 290, 292, 293, 298, 300, 301, 302, 304, 305, 306, 308, 309, 311, 312, 314, 315, 316, 328, 330, 331, 332, 334, 335, 336, 338, 339, 341, 342, 344, 345, 346, 533, 640, 641, 643, 644, 645, 657, 659, 660, 661, 663, 664, 665, 667, 668, 670, 671, 673, 674, 675, 680, 682, 683, 684, 686, 687, 688, 690, 691, 712, 714, 715, 716, 718, 719, 720, 722, 723, 728, 730, 731, 732, 734, 735, 736, 738, 739, 741, 742, 744, 745, 746, 758, 760, 761, 762, 764, 765, 766, 768, 769, 771, 772, 774, 775, 776]
x_131: [37, 38, 40, 49, 50, 52, 57, 58, 60, 61, 62, 64, 67, 68, 70, 72, 74, 79, 80, 82, 83, 84, 86, 99, 103, 104, 106, 111, 112, 114, 115, 116, 118, 119, 120, 122, 123, 127, 128, 130, 132, 133, 134, 137, 138, 140, 149, 150, 152, 157, 158, 160, 161, 162, 164, 167, 168, 170, 211, 212, 214, 223, 224, 226, 231, 232, 234, 235, 236, 238, 241, 242, 244, 246, 247, 249, 254, 255, 257, 258, 259, 261, 278, 279, 281, 286, 287, 289, 290, 291, 293, 294, 295, 297, 302, 303, 305, 306, 307, 309, 312, 313, 315, 324, 325, 327, 332, 333, 335, 336, 337, 339, 342, 343, 345, 534, 641, 642, 644, 653, 654, 656, 661, 662, 664, 665, 666, 668, 671, 672, 674, 676, 677, 679, 684, 685, 687, 688, 689, 691, 708, 709, 711, 716, 717, 719, 720, 721, 723, 724, 725, 727, 732, 733, 735, 736, 737, 739, 742, 743, 745, 754, 755, 757, 762, 763, 765, 766, 767, 769, 772, 773, 775]
x_132: [35, 37, 38, 39, 41, 49, 50, 51, 57, 58, 59, 61, 62, 63, 65, 67, 68, 69, 71, 72, 73, 79, 80, 81, 83, 84, 85, 100, 103, 104, 105, 111, 112, 113, 115, 116, 117, 119, 120, 121, 124, 127, 128, 129, 131, 133, 134, 135, 137, 138, 139, 141, 149, 150, 151, 157, 158, 159, 161, 162, 163, 165, 167, 168, 169, 171, 209, 211, 212, 213, 215, 223, 224, 225, 231, 232, 233, 235, 236, 237, 239, 241, 242, 243, 245, 246, 247, 248, 254, 255, 256, 258, 259, 260, 278, 279, 280, 286, 287, 288, 290, 291, 292, 294, 295, 296, 302, 303, 304, 306, 307, 308, 310, 312, 313, 314, 316, 324, 325, 326, 332, 333, 334, 336, 337, 338, 340, 342, 343, 344, 346, 535, 639, 641, 642, 643, 645, 653, 654, 655, 661, 662, 663, 665, 666, 667, 669, 671, 672, 673, 675, 676, 677, 678, 684, 685, 686, 688, 689, 690, 708, 709, 710, 716, 717, 718, 720, 721, 722, 724, 725, 726, 732, 733, 734, 736, 737, 738, 740, 742, 743, 744, 746, 754, 755, 756, 762, 763, 764, 766, 767, 768, 770, 772, 773, 774, 776]
x_133: [34, 35, 38, 39, 40, 41, 50, 51, 52, 58, 59, 60, 62, 63, 64, 65, 68, 69, 70, 71, 72, 73, 74, 80, 81, 82, 84, 85, 86, 101, 104, 105, 106, 112, 113, 114, 116, 117, 118, 120, 121, 122, 125, 128, 129, 130, 131, 132, 134, 135, 138, 139, 140, 141, 150, 151, 152, 158, 159, 160, 162, 163, 164, 165, 168, 169, 170, 171, 209, 212, 213, 214, 215, 224, 225, 226, 232, 233, 234, 236, 237, 238, 239, 242, 243, 244, 245, 247, 248, 249, 255, 256, 257, 259, 260, 261, 279, 280, 281, 287, 288, 289, 291, 292, 293, 295, 296, 297, 303, 304, 305, 307, 308, 309, 310, 313, 314, 315, 316, 325, 326, 327, 333, 334, 335, 337, 338, 339, 340, 343, 344, 345, 346, 536, 639, 642, 643, 644, 645, 654, 655, 656, 662, 663, 664, 666, 667, 668, 669, 672, 673, 674, 675, 677, 678, 679, 685, 686, 687, 689, 690, 691, 709, 710, 711, 717, 718, 719, 721, 722, 723, 725, 726, 727, 733, 734, 735, 737, 738, 739, 740, 743, 744, 745, 746, 755, 756, 757, 763, 764, 765, 767, 768, 769, 770, 773, 774, 775, 776]
x_134: [35, 37, 39, 40, 41, 49, 51, 52, 57, 59, 60, 61, 63, 64, 65, 67, 69, 70, 71, 73, 74, 79, 81, 82, 83, 85, 86, 102, 103, 105, 106, 111, 113, 114, 115, 117, 118, 119, 121, 122, 126, 127, 129, 130, 131, 132, 133, 135, 137, 139, 140, 141, 149, 151, 152, 157, 159, 160, 161, 163, 164, 165, 167, 169, 170, 171, 209, 211, 213, 214, 215, 223, 225, 226, 231, 233, 234, 235, 237, 238, 239, 241, 243, 244, 245, 246, 248, 249, 254, 256, 257, 258, 260, 261, 278, 280, 281, 286, 288, 289, 290, 292, 293, 294, 296, 297, 302, 304, 305, 306, 308, 309, 310, 312, 314, 315, 316, 324, 326, 327, 332, 334, 335, 336, 338, 339, 340, 342, 344, 345, 346, 537, 639, 641, 643, 644, 645, 653, 655, 656, 661, 663, 664, 665, 667, 668, 669, 671, 673, 674, 675, 676, 678, 679, 684, 686, 687, 688, 690, 691, 708, 710, 711, 716, 718, 719, 720, 722, 723, 724, 726, 727, 732, 734, 735, 736, 738, 739, 740, 742, 744, 745, 746, 754, 756, 757, 762, 764, 765, 766, 768, 769, 770, 772, 774, 775, 776]
x_135: [1, 5, 6, 7, 12, 28, 29, 34, 35, 72, 73, 74, 76, 77, 78, 84, 85, 86, 88, 89, 90, 92, 93, 94, 100, 101, 102, 120, 121, 122, 124, 125, 126, 132, 133, 134, 136, 139, 141, 142, 143, 148, 151, 165, 166, 171, 172, 173, 178, 179, 180, 185, 202, 203, 208, 247, 248, 249, 251, 252, 253, 259, 260, 261, 263, 264, 265, 267, 268, 269, 275, 276, 277, 295, 296, 297, 299, 300, 301, 307, 308, 309, 310, 311, 316, 317, 318, 323, 340, 341, 346, 540, 602, 603, 608, 609, 610, 615, 632, 633, 638, 677, 678, 679, 681, 682, 683, 689, 690, 691, 693, 694, 695, 697, 698, 699, 705, 706, 707, 725, 726, 727, 729, 730, 731, 737, 738, 739, 740, 741, 746, 747, 748, 753, 770, 771, 776]
x_136: [1, 2, 3, 4, 6, 7, 9, 10, 11, 28, 29, 31, 32, 33, 36, 72, 73, 74, 76, 77, 78, 80, 81, 82, 88, 89, 90, 92, 93, 94, 96, 97, 98, 120, 121, 122, 124, 125, 126, 128, 129, 130, 135, 138, 139, 140, 141, 142, 143, 145, 146, 147, 155, 165, 166, 168, 169, 170, 172, 173, 175, 176, 177, 179, 180, 182, 183, 184, 202, 203, 205, 206, 207, 247, 248, 249, 251, 252, 253, 255, 256, 257, 263, 264, 265, 267, 268, 269, 271, 272, 273, 295, 296, 297, 299, 300, 301, 303, 304, 305, 310, 311, 313, 314, 315, 317, 318, 320, 321, 322, 340, 341, 343, 344, 345, 544, 602, 603, 605, 606, 607, 609, 610, 612, 613, 614, 632, 633, 635, 636, 637, 677, 678, 679, 681, 682, 683, 685, 686, 687, 693, 694, 695, 697, 698, 699, 701, 702, 703, 725, 726, 727, 729, 730, 731, 733, 734, 735, 740, 741, 743, 744, 745, 747, 748, 750, 751, 752, 770, 771, 773, 774, 775]
x_137: [2, 4, 8, 9, 11, 30, 31, 33, 37, 75, 76, 78, 79, 80, 82, 83, 84, 86, 91, 92, 94, 95, 96, 98, 99, 100, 102, 123, 124, 126, 127, 128, 130, 131, 132, 134, 138, 139, 140, 144, 145, 147, 157, 167, 168, 170, 174, 175, 177, 181, 182, 184, 204, 205, 207, 250, 251, 253, 254, 255, 257, 258, 259, 261, 266, 267, 269, 270, 271, 273, 274, 275, 277, 298, 299, 301, 302, 303, 305, 306, 307, 309, 312, 313, 315, 319, 320, 322, 342, 343, 345, 546, 604, 605, 607, 611, 612, 614, 634, 635, 637, 680, 681, 683, 684, 685, 687, 688, 689, 691, 696, 697, 699, 700, 701, 703, 704, 705, 707, 728, 729, 731, 732, 733, 735, 736, 737, 739, 742, 743, 745, 749, 750, 752, 772, 773, 775]
x_138: [1, 2, 3, 5, 7, 8, 9, 10, 12, 29, 30, 31, 32, 34, 38, 75, 76, 77, 79, 80, 81, 83, 84, 85, 91, 92, 93, 95, 96, 97, 99, 100, 101, 123, 124, 125, 127, 128, 129, 131, 132, 133, 136, 137, 139, 140, 141, 143, 144, 145, 146, 148, 158, 166, 167, 168, 169, 171, 173, 174, 175, 176, 178, 180, 181, 182, 183, 185, 203, 204, 205, 206, 208, 250, 251, 252, 254, 255, 256, 258, 259, 260, 266, 267, 268, 270, 271, 272, 274, 275, 276, 298, 299, 300, 302, 303, 304, 306, 307, 308, 311, 312, 313, 314, 316, 318, 319, 320, 321, 323, 341, 342, 343, 344, 346, 547, 603, 604, 605, 606, 608, 610, 611, 612, 613, 615, 633, 634, 635, 636, 638, 680, 681, 682, 684, 685, 686, 688, 689, 690, 696, 697, 698, 700, 701, 702, 704, 705, 706, 728, 729, 730, 732, 733, 734, 736, 737, 738, 741, 742, 743, 744, 746, 748, 749, 750, 751, 753, 771, 772, 773, 774, 776]
x_139: [1, 2, 3, 4, 5, 7, 9, 10, 11, 12, 29, 31, 32, 33, 34, 39, 76, 77, 78, 80, 81, 82, 84, 85, 86, 92, 93, 94, 96, 97, 98, 100, 101, 102, 124, 125, 126, 128, 129, 130, 132, 133, 134, 135, 136, 137, 138, 140, 141, 143, 145, 146, 147, 148, 159, 166, 168, 169, 170, 171, 173, 175, 176, 177, 178, 180, 182, 183, 184, 185, 203, 205, 206, 207, 208, 251, 252, 253, 255, 256, 257, 259, 260, 261, 267, 268, 269, 271, 272, 273, 275, 276, 277, 299, 300, 301, 303, 304, 305, 307, 308, 309, 311, 313, 314, 315, 316, 318, 320, 321, 322, 323, 341, 343, 344, 345, 346, 548, 603, 605, 606, 607, 608, 610, 612, 613, 614, 615, 633, 635, 636, 637, 638, 681, 682, 683, 685, 686, 687, 689, 690, 691, 697, 698, 699, 701, 702, 703, 705, 706, 707, 729, 730, 731, 733, 734, 735, 737, 738, 739, 741, 743, 744, 745, 746, 748, 750, 751, 752, 753, 771, 773, 774, 775, 776]
x_140: [1, 3, 4, 5, 7, 8, 10, 11, 12, 29, 30, 32, 33, 34, 40, 75, 77, 78, 79, 81, 82, 83, 85, 86, 91, 93, 94, 95, 97, 98, 99, 101, 102, 123, 125, 126, 127, 129, 130, 131, 133, 134, 136, 137, 138, 139, 141, 143, 144, 146, 147, 148, 160, 166, 167, 169, 170, 171, 173, 174, 176, 177, 178, 180, 181, 183, 184, 185, 203, 204, 206, 207, 208, 250, 252, 253, 254, 256, 257, 258, 260, 261, 266, 268, 269, 270, 272, 273, 274, 276, 277, 298, 300, 301, 302, 304, 305, 306, 308, 309, 311, 312, 314, 315, 316, 318, 319, 321, 322, 323, 341, 342, 344, 345, 346, 549, 603, 604, 606, 607, 608, 610, 611, 613, 614, 615, 633, 634, 636, 637, 638, 680, 682, 683, 684, 686, 687, 688, 690, 691, 696, 698, 699, 700, 702, 703, 704, 706, 707, 728, 730, 731, 732, 734, 735, 736, 738, 739, 741, 742, 744, 745, 746, 748, 749, 751, 752, 753, 771, 772, 774, 775, 776]
x_141: [2, 3, 4, 5, 6, 9, 10, 11, 12, 28, 31, 32, 33, 34, 41, 72, 73, 74, 80, 81, 82, 84, 85, 86, 88, 89, 90, 96, 97, 98, 100, 101, 102, 120, 121, 122, 128, 129, 130, 132, 133, 134, 135, 136, 138, 139, 140, 142, 145, 146, 147, 148, 163, 165, 168, 169, 170, 171, 172, 175, 176, 177, 178, 179, 182, 183, 184, 185, 202, 205, 206, 207, 208, 247, 248, 249, 255, 256, 257, 259, 260, 261, 263, 264, 265, 271, 272, 273, 275, 276, 277, 295, 296, 297, 303, 304, 305, 307, 308, 309, 310, 313, 314, 315, 316, 317, 320, 321, 322, 323, 340, 343, 344, 345, 346, 552, 602, 605, 606, 607, 608, 609, 612, 613, 614, 615, 632, 635, 636, 637, 638, 677, 678, 679, 685, 686, 687, 689, 690, 691, 693, 694, 695, 701, 702, 703, 705, 706, 707, 725, 726, 727, 733, 734, 735, 737, 738, 739, 740, 743, 744, 745, 746, 747, 750, 751, 752, 753, 770, 773, 774, 775, 776]
x_142: [1, 5, 6, 7, 12, 13, 14, 15, 17, 18, 19, 25, 26, 27, 42, 72, 73, 74, 76, 77, 78, 84, 85, 86, 88, 89, 90, 92, 93, 94, 100, 101, 102, 104, 105, 106, 108, 109, 110, 116, 117, 118, 135, 136, 141, 143, 146, 148, 150, 151, 152, 154, 155, 156, 162, 163, 164, 165, 172, 173, 178, 179, 180, 185, 187, 188, 189, 191, 192, 193, 199, 200, 201, 247, 248, 249, 251, 252, 253, 259, 260, 261, 263, 264, 265, 267, 268, 269, 275, 276, 277, 279, 280, 281, 283, 284, 285, 291, 292, 293, 310, 311, 316, 317, 318, 323, 325, 326, 327, 329, 330, 331, 337, 338, 339, 556, 602, 603, 608, 609, 610, 615, 617, 618, 619, 621, 622, 623, 629, 630, 631, 677, 678, 679, 681, 682, 683, 689, 690, 691, 693, 694, 695, 697, 698, 699, 705, 706, 707, 709, 710, 711, 713, 714, 715, 721, 722, 723, 740, 741, 746, 747, 748, 753, 755, 756, 757, 759, 760, 761, 767, 768, 769]
x_143: [1, 2, 3, 4, 6, 7, 9, 10, 11, 13, 14, 15, 17, 18, 19, 21, 22, 23, 43, 72, 73, 74, 76, 77, 78, 80, 81, 82, 88, 89, 90, 92, 93, 94, 96, 97, 98, 104, 105, 106, 108, 109, 110, 112, 113, 114, 135, 136, 138, 139, 140, 142, 145, 146, 147, 148, 150, 151, 152, 154, 155, 156, 158, 159, 160, 166, 172, 173, 175, 176, 177, 179, 180, 182, 183, 184, 187, 188, 189, 191, 192, 193, 195, 196, 197, 247, 248, 249, 251, 252, 253, 255, 256, 257, 263, 264, 265, 267, 268, 269, 271, 272, 273, 279, 280, 281, 283, 284, 285, 287, 288, 289, 310, 311, 313, 314, 315, 317, 318, 320, 321, 322, 325, 326, 327, 329, 330, 331, 333, 334, 335, 560, 602, 603, 605, 606, 607, 609, 610, 612, 613, 614, 617, 618, 619, 621, 622, 623, 625, 626, 627, 677, 678, 679, 681, 682, 683, 685, 686, 687, 693, 694, 695, 697, 698, 699, 701, 702, 703, 709, 710, 711, 713, 714, 715, 717, 718, 719, 740, 741, 743, 744, 745, 747, 748, 750, 751, 752, 755, 756, 757, 759, 760, 761, 763, 764, 765]
x_144: [2, 4, 8, 9, 11, 16, 17, 19, 20, 21, 23, 24, 25, 27, 44, 75, 76, 78, 79, 80, 82, 83, 84, 86, 91, 92, 94, 95, 96, 98, 99, 100, 102, 107, 108, 110, 111, 112, 114, 115, 116, 118, 137, 138, 140, 145, 146, 147, 153, 154, 156, 157, 158, 160, 161, 162, 164, 167, 174, 175, 177, 181, 182, 184, 190, 191, 193, 194, 195, 197, 198, 199, 201, 250, 251, 253, 254, 255, 257, 258, 259, 261, 266, 267, 269, 270, 271, 273, 274, 275, 277, 282, 283, 285, 286, 287, 289, 290, 291, 293, 312, 313, 315, 319, 320, 322, 328, 329, 331, 332, 333, 335, 336, 337, 339, 562, 604, 605, 607, 611, 612, 614, 620, 621, 623, 624, 625, 627, 628, 629, 631, 680, 681, 683, 684, 685, 687, 688, 689, 691, 696, 697, 699, 700, 701, 703, 704, 705, 707, 712, 713, 715, 716, 717, 719, 720, 721, 723, 742, 743, 745, 749, 750, 752, 758, 759, 761, 762, 763, 765, 766, 767, 769]
x_145: [1, 2, 3, 5, 7, 8, 9, 10, 12, 16, 17, 18, 20, 21, 22, 24, 25, 26, 45, 75, 76, 77, 79, 80, 81, 83, 84, 85, 91, 92, 93, 95, 96, 97, 99, 100, 101, 107, 108, 109, 111, 112, 113, 115, 116, 117, 136, 137, 138, 139, 141, 143, 144, 146, 147, 148, 153, 154, 155, 157, 158, 159, 161, 162, 163, 168, 173, 174, 175, 176, 178, 180, 181, 182, 183, 185, 190, 191, 192, 194, 195, 196, 198, 199, 200, 250, 251, 252, 254, 255, 256, 258, 259, 260, 266, 267, 268, 270, 271, 272, 274, 275, 276, 282, 283, 284, 286, 287, 288, 290, 291, 292, 311, 312, 313, 314, 316, 318, 319, 320, 321, 323, 328, 329, 330, 332, 333, 334, 336, 337, 338, 563, 603, 604, 605, 606, 608, 610, 611, 612, 613, 615, 620, 621, 622, 624, 625, 626, 628, 629, 630, 680, 681, 682, 684, 685, 686, 688, 689, 690, 696, 697, 698, 700, 701, 702, 704, 705, 706, 712, 713, 714, 716, 717, 718, 720, 721, 722, 741, 742, 743, 744, 746, 748, 749, 750, 751, 753, 758, 759, 760, 762, 763, 764, 766, 767, 768]
x_146: [1, 2, 3, 4, 5, 7, 9, 10, 11, 12, 17, 18, 19, 21, 22, 23, 25, 26, 27, 46, 76, 77, 78, 80, 81, 82, 84, 85, 86, 92, 93, 94, 96, 97, 98, 100, 101, 102, 108, 109, 110, 112, 113, 114, 116, 117, 118, 136, 138, 139, 140, 141, 142, 143, 144, 145, 147, 148, 154, 155, 156, 158, 159, 160, 162, 163, 164, 169, 173, 175, 176, 177, 178, 180, 182, 183, 184, 185, 191, 192, 193, 195, 196, 197, 199, 200, 201, 251, 252, 253, 255, 256, 257, 259, 260, 261, 267, 268, 269, 271, 272, 273, 275, 276, 277, 283, 284, 285, 287, 288, 289, 291, 292, 293, 311, 313, 314, 315, 316, 318, 320, 321, 322, 323, 329, 330, 331, 333, 334, 335, 337, 338, 339, 564, 603, 605, 606, 607, 608, 610, 612, 613, 614, 615, 621, 622, 623, 625, 626, 627, 629, 630, 631, 681, 682, 683, 685, 686, 687, 689, 690, 691, 697, 698, 699, 701, 702, 703, 705, 706, 707, 713, 714, 715, 717, 718, 719, 721, 722, 723, 741, 743, 744, 745, 746, 748, 750, 751, 752, 753, 759, 760, 761, 763, 764, 765, 767, 768, 769]
x_147: [1, 3, 4, 5, 7, 8, 10, 11, 12, 16, 18, 19, 20, 22, 23, 24, 26, 27, 47, 75, 77, 78, 79, 81, 82, 83, 85, 86, 91, 93, 94, 95, 97, 98, 99, 101, 102, 107, 109, 110, 111, 113, 114, 115, 117, 118, 136, 137, 139, 140, 141, 143, 144, 145, 146, 148, 153, 155, 156, 157, 159, 160, 161, 163, 164, 170, 173, 174, 176, 177, 178, 180, 181, 183, 184, 185, 190, 192, 193, 194, 196, 197, 198, 200, 201, 250, 252, 253, 254, 256, 257, 258, 260, 261, 266, 268, 269, 270, 272, 273, 274, 276, 277, 282, 284, 285, 286, 288, 289, 290, 292, 293, 311, 312, 314, 315, 316, 318, 319, 321, 322, 323, 328, 330, 331, 332, 334, 335, 336, 338, 339, 565, 603, 604, 606, 607, 608, 610, 611, 613, 614, 615, 620, 622, 623, 624, 626, 627, 628, 630, 631, 680, 682, 683, 684, 686, 687, 688, 690, 691, 696, 698, 699, 700, 702, 703, 704, 706, 707, 712, 714, 715, 716, 718, 719, 720, 722, 723, 741, 742, 744, 745, 746, 748, 749, 751, 752, 753, 758, 760, 761, 762, 764, 765, 766, 768, 769]
x_148: [2, 3, 4, 5, 6, 9, 10, 11, 12, 13, 14, 15, 21, 22, 23, 25, 26, 27, 48, 72, 73, 74, 80, 81, 82, 84, 85, 86, 88, 89, 90, 96, 97, 98, 100, 101, 102, 104, 105, 106, 112, 113, 114, 116, 117, 118, 135, 138, 139, 140, 141, 142, 143, 145, 146, 147, 150, 151, 152, 158, 159, 160, 162, 163, 164, 171, 172, 175, 176, 177, 178, 179, 182, 183, 184, 185, 187, 188, 189, 195, 196, 197, 199, 200, 201, 247, 248, 249, 255, 256, 257, 259, 260, 261, 263, 264, 265, 271, 272, 273, 275, 276, 277, 279, 280, 281, 287, 288, 289, 291, 292, 293, 310, 313, 314, 315, 316, 317, 320, 321, 322, 323, 325, 326, 327, 333, 334, 335, 337, 338, 339, 568, 602, 605, 606, 607, 608, 609, 612, 613, 614, 615, 617, 618, 619, 625, 626, 627, 629, 630, 631, 677, 678, 679, 685, 686, 687, 689, 690, 691, 693, 694, 695, 701, 702, 703, 705, 706, 707, 709, 710, 711, 717, 718, 719, 721, 722, 723, 740, 743, 744, 745, 746, 747, 750, 751, 752, 753, 755, 756, 757, 763, 764, 765, 767, 768, 769]
x_149: [13, 15, 16, 17, 19, 24, 25, 27, 49, 87, 88, 90, 91, 92, 94, 99, 100, 102, 103, 104, 106, 107, 108, 110, 115, 116, 118, 119, 120, 122, 123, 124, 126, 131, 132, 134, 150, 151, 152, 153, 154, 156, 157, 161, 162, 164, 186, 187, 189, 190, 191, 193, 198, 199, 201, 262, 263, 265, 266, 267, 269, 274, 275, 277, 278, 279, 281, 282, 283, 285, 290, 291, 293, 294, 295, 297, 298, 299, 301, 306, 307, 309, 324, 325, 327, 328, 329, 331, 336, 337, 339, 570, 616, 617, 619, 620, 621, 623, 628, 629, 631, 692, 693, 695, 696, 697, 699, 704, 705, 707, 708, 709, 711, 712, 713, 715, 720, 721, 723, 724, 725, 727, 728, 729, 731, 736, 737, 739, 754, 755, 757, 758, 759, 761, 766, 767, 769]
x_150: [6, 7, 12, 13, 14, 16, 17, 18, 24, 25, 26, 28, 29, 34, 50, 87, 88, 89, 91, 92, 93, 99, 100, 101, 103, 104, 105, 107, 108, 109, 115, 116, 117, 119, 120, 121, 123, 124, 125, 131, 132, 133, 142, 143, 148, 149, 151, 152, 153, 154, 155, 158, 161, 162, 163, 165, 166, 171, 179, 180, 185, 186, 187, 188, 190, 191, 192, 198, 199, 200, 202, 203, 208, 262, 263, 264, 266, 267, 268, 274, 275, 276, 278, 279, 280, 282, 283, 284, 290, 291, 292, 294, 295, 296, 298, 299, 300, 306, 307, 308, 317, 318, 323, 324, 325, 326, 328, 329, 330, 336, 337, 338, 340, 341, 346, 571, 609, 610, 615, 616, 617, 618, 620, 621, 622, 628, 629, 630, 632, 633, 638, 692, 693, 694, 696, 697, 698, 704, 705, 706, 708, 709, 710, 712, 713, 714, 720, 721, 722, 724, 725, 726, 728, 729, 730, 736, 737, 738, 747, 748, 753, 754, 755, 756, 758, 759, 760, 766, 767, 768, 770, 771, 776]
x_151: [6, 7, 12, 13, 14, 15, 17, 18, 19, 25, 26, 27, 28, 29, 34, 51, 88, 89, 90, 92, 93, 94, 100, 101, 102, 104, 105, 106, 108, 109, 110, 116, 117, 118, 120, 121, 122, 124, 125, 126, 132, 133, 134, 135, 142, 143, 148, 149, 150, 152, 154, 155, 156, 159, 162, 163, 164, 165, 166, 171, 179, 180, 185, 187, 188, 189, 191, 192, 193, 199, 200, 201, 202, 203, 208, 263, 264, 265, 267, 268, 269, 275, 276, 277, 279, 280, 281, 283, 284, 285, 291, 292, 293, 295, 296, 297, 299, 300, 301, 307, 308, 309, 317, 318, 323, 325, 326, 327, 329, 330, 331, 337, 338, 339, 340, 341, 346, 572, 609, 610, 615, 617, 618, 619, 621, 622, 623, 629, 630, 631, 632, 633, 638, 693, 694, 695, 697, 698, 699, 705, 706, 707, 709, 710, 711, 713, 714, 715, 721, 722, 723, 725, 726, 727, 729, 730, 731, 737, 738, 739, 747, 748, 753, 755, 756, 757, 759, 760, 761, 767, 768, 769, 770, 771, 776]
x_152: [6, 7, 12, 14, 15, 16, 18, 19, 24, 26, 27, 28, 29, 34, 52, 87, 89, 90, 91, 93, 94, 99, 101, 102, 103, 105, 106, 107, 109, 110, 115, 117, 118, 119, 121, 122, 123, 125, 126, 131, 133, 134, 142, 143, 148, 149, 150, 151, 153, 155, 156, 160, 161, 163, 164, 165, 166, 171, 179, 180, 185, 186, 188, 189, 190, 192, 193, 198, 200, 201, 202, 203, 208, 262, 264, 265, 266, 268, 269, 274, 276, 277, 278, 280, 281, 282, 284, 285, 290, 292, 293, 294, 296, 297, 298, 300, 301, 306, 308, 309, 317, 318, 323, 324, 326, 327, 328, 330, 331, 336, 338, 339, 340, 341, 346, 573, 609, 610, 615, 616, 618, 619, 620, 622, 623, 628, 630, 631, 632, 633, 638, 692, 694, 695, 696, 698, 699, 704, 706, 707, 708, 710, 711, 712, 714, 715, 720, 722, 723, 724, 726, 727, 728, 730, 731, 736, 738, 739, 747, 748, 753, 754, 756, 757, 758, 760, 761, 766, 768, 769, 770, 771, 776]
x_153: [8, 9, 11, 13, 15, 16, 17, 19, 20, 21, 23, 30, 31, 33, 53, 87, 88, 90, 91, 92, 94, 95, 96, 98, 103, 104, 106, 107, 108, 110, 111, 112, 114, 119, 120, 122, 123, 124, 126, 127, 128, 130, 144, 145, 147, 149, 150, 152, 154, 155, 156, 157, 158, 160, 161, 167, 168, 170, 181, 182, 184, 186, 187, 189, 190, 191, 193, 194, 195, 197, 204, 205, 207, 262, 263, 265, 266, 267, 269, 270, 271, 273, 278, 279, 281, 282, 283, 285, 286, 287, 289, 294, 295, 297, 298, 299, 301, 302, 303, 305, 319, 320, 322, 324, 325, 327, 328, 329, 331, 332, 333, 335, 342, 343, 345, 574, 611, 612, 614, 616, 617, 619, 620, 621, 623, 624, 625, 627, 634, 635, 637, 692, 693, 695, 696, 697, 699, 700, 701, 703, 708, 709, 711, 712, 713, 715, 716, 717, 719, 724, 725, 727, 728, 729, 731, 732, 733, 735, 749, 750, 752, 754, 755, 757, 758, 759, 761, 762, 763, 765, 772, 773, 775]
x_154: [6, 7, 8, 9, 10, 13, 14, 16, 17, 18, 20, 21, 22, 28, 29, 30, 31, 32, 54, 87, 88, 89, 91, 92, 93, 95, 96, 97, 103, 104, 105, 107, 108, 109, 111, 112, 113, 119, 120, 121, 123, 124, 125, 127, 128, 129, 142, 143, 144, 145, 146, 149, 150, 151, 153, 155, 156, 157, 158, 159, 162, 165, 166, 167, 168, 169, 179, 180, 181, 182, 183, 186, 187, 188, 190, 191, 192, 194, 195, 196, 202, 203, 204, 205, 206, 262, 263, 264, 266, 267, 268, 270, 271, 272, 278, 279, 280, 282, 283, 284, 286, 287, 288, 294, 295, 296, 298, 299, 300, 302, 303, 304, 317, 318, 319, 320, 321, 324, 325, 326, 328, 329, 330, 332, 333, 334, 340, 341, 342, 343, 344, 575, 609, 610, 611, 612, 613, 616, 617, 618, 620, 621, 622, 624, 625, 626, 632, 633, 634, 635, 636, 692, 693, 694, 696, 697, 698, 700, 701, 702, 708, 709, 710, 712, 713, 714, 716, 717, 718, 724, 725, 726, 728, 729, 730, 732, 733, 734, 747, 748, 749, 750, 751, 754, 755, 756, 758, 759, 760, 762, 763, 764, 770, 771, 772, 773, 774]
x_155: [6, 7, 9, 10, 11, 13, 14, 15, 17, 18, 19, 21, 22, 23, 28, 29, 31, 32, 33, 55, 88, 89, 90, 92, 93, 94, 96, 97, 98, 104, 105, 106, 108, 109, 110, 112, 113, 114, 120, 121, 122, 124, 125, 126, 128, 129, 130, 136, 142, 143, 145, 146, 147, 150, 151, 152, 153, 154, 156, 158, 159, 160, 163, 165, 166, 168, 169, 170, 179, 180, 182, 183, 184, 187, 188, 189, 191, 192, 193, 195, 196, 197, 202, 203, 205, 206, 207, 263, 264, 265, 267, 268, 269, 271, 272, 273, 279, 280, 281, 283, 284, 285, 287, 288, 289, 295, 296, 297, 299, 300, 301, 303, 304, 305, 317, 318, 320, 321, 322, 325, 326, 327, 329, 330, 331, 333, 334, 335, 340, 341, 343, 344, 345, 576, 609, 610, 612, 613, 614, 617, 618, 619, 621, 622, 623, 625, 626, 627, 632, 633, 635, 636, 637, 693, 694, 695, 697, 698, 699, 701, 702, 703, 709, 710, 711, 713, 714, 715, 717, 718, 719, 725, 726, 727, 729, 730, 731, 733, 734, 735, 747, 748, 750, 751, 752, 755, 756, 757, 759, 760, 761, 763, 764, 765, 770, 771, 773, 774, 775]
x_156: [6, 7, 8, 10, 11, 14, 15, 16, 18, 19, 20, 22, 23, 28, 29, 30, 32, 33, 56, 87, 89, 90, 91, 93, 94, 95, 97, 98, 103, 105, 106, 107, 109, 110, 111, 113, 114, 119, 121, 122, 123, 125, 126, 127, 129, 130, 142, 143, 144, 146, 147, 149, 151, 152, 153, 154, 155, 157, 159, 160, 164, 165, 166, 167, 169, 170, 179, 180, 181, 183, 184, 186, 188, 189, 190, 192, 193, 194, 196, 197, 202, 203, 204, 206, 207, 262, 264, 265, 266, 268, 269, 270, 272, 273, 278, 280, 281, 282, 284, 285, 286, 288, 289, 294, 296, 297, 298, 300, 301, 302, 304, 305, 317, 318, 319, 321, 322, 324, 326, 327, 328, 330, 331, 332, 334, 335, 340, 341, 342, 344, 345, 577, 609, 610, 611, 613, 614, 616, 618, 619, 620, 622, 623, 624, 626, 627, 632, 633, 634, 636, 637, 692, 694, 695, 696, 698, 699, 700, 702, 703, 708, 710, 711, 712, 714, 715, 716, 718, 719, 724, 726, 727, 728, 730, 731, 732, 734, 735, 747, 748, 749, 751, 752, 754, 756, 757, 758, 760, 761, 762, 764, 765, 770, 771, 772, 774, 775]
x_157: [8, 9, 11, 16, 17, 19, 20, 21, 23, 24, 25, 27, 30, 31, 33, 57, 91, 92, 94, 95, 96, 98, 99, 100, 102, 107, 108, 110, 111, 112, 114, 115, 116, 118, 123, 124, 126, 127, 128, 130, 131, 132, 134, 137, 144, 145, 147, 149, 153, 154, 156, 158, 159, 160, 161, 162, 164, 167, 168, 170, 181, 182, 184, 190, 191, 193, 194, 195, 197, 198, 199, 201, 204, 205, 207, 266, 267, 269, 270, 271, 273, 274, 275, 277, 282, 283, 285, 286, 287, 289, 290, 291, 293, 298, 299, 301, 302, 303, 305, 306, 307, 309, 319, 320, 322, 328, 329, 331, 332, 333, 335, 336, 337, 339, 342, 343, 345, 578, 611, 612, 614, 620, 621, 623, 624, 625, 627, 628, 629, 631, 634, 635, 637, 696, 697, 699, 700, 701, 703, 704, 705, 707, 712, 713, 715, 716, 717, 719, 720, 721, 723, 728, 729, 731, 732, 733, 735, 736, 737, 739, 749, 750, 752, 758, 759, 761, 762, 763, 765, 766, 767, 769, 772, 773, 775]
x_158: [7, 8, 9, 10, 12, 16, 17, 18, 20, 21, 22, 24, 25, 26, 29, 30, 31, 32, 34, 58, 91, 92, 93, 95, 96, 97, 99, 100, 101, 107, 108, 109, 111, 112, 113, 115, 116, 117, 123, 124, 125, 127, 128, 129, 131, 132, 133, 138, 143, 144, 145, 146, 148, 150, 153, 154, 155, 157, 159, 160, 161, 162, 163, 166, 167, 168, 169, 171, 180, 181, 182, 183, 185, 190, 191, 192, 194, 195, 196, 198, 199, 200, 203, 204, 205, 206, 208, 266, 267, 268, 270, 271, 272, 274, 275, 276, 282, 283, 284, 286, 287, 288, 290, 291, 292, 298, 299, 300, 302, 303, 304, 306, 307, 308, 318, 319, 320, 321, 323, 328, 329, 330, 332, 333, 334, 336, 337, 338, 341, 342, 343, 344, 346, 579, 610, 611, 612, 613, 615, 620, 621, 622, 624, 625, 626, 628, 629, 630, 633, 634, 635, 636, 638, 696, 697, 698, 700, 701, 702, 704, 705, 706, 712, 713, 714, 716, 717, 718, 720, 721, 722, 728, 729, 730, 732, 733, 734, 736, 737, 738, 748, 749, 750, 751, 753, 758, 759, 760, 762, 763, 764, 766, 767, 768, 771, 772, 773, 774, 776]
x_159: [7, 9, 10, 11, 12, 17, 18, 19, 21, 22, 23, 25, 26, 27, 29, 31, 32, 33, 34, 59, 92, 93, 94, 96, 97, 98, 100, 101, 102, 108, 109, 110, 112, 113, 114, 116, 117, 118, 124, 125, 126, 128, 129, 130, 132, 133, 134, 139, 143, 145, 146, 147, 148, 151, 154, 155, 156, 157, 158, 160, 162, 163, 164, 166, 168, 169, 170, 171, 180, 182, 183, 184, 185, 191, 192, 193, 195, 196, 197, 199, 200, 201, 203, 205, 206, 207, 208, 267, 268, 269, 271, 272, 273, 275, 276, 277, 283, 284, 285, 287, 288, 289, 291, 292, 293, 299, 300, 301, 303, 304, 305, 307, 308, 309, 318, 320, 321, 322, 323, 329, 330, 331, 333, 334, 335, 337, 338, 339, 341, 343, 344, 345, 346, 580, 610, 612, 613, 614, 615, 621, 622, 623, 625, 626, 627, 629, 630, 631, 633, 635, 636, 637, 638, 697, 698, 699, 701, 702, 703, 705, 706, 707, 713, 714, 715, 717, 718, 719, 721, 722, 723, 729, 730, 731, 733, 734, 735, 737, 738, 739, 748, 750, 751, 752, 753, 759, 760, 761, 763, 764, 765, 767, 768, 769, 771, 773, 774, 775, 776]
x_160: [7, 8, 10, 11, 12, 16, 18, 19, 20, 22, 23, 24, 26, 27, 29, 30, 32, 33, 34, 60, 91, 93, 94, 95, 97, 98, 99, 101, 102, 107, 109, 110, 111, 113, 114, 115, 117, 118, 123, 125, 126, 127, 129, 130, 131, 133, 134, 140, 143, 144, 146, 147, 148, 152, 153, 155, 156, 157, 158, 159, 161, 163, 164, 166, 167, 169, 170, 171, 180, 181, 183, 184, 185, 190, 192, 193, 194, 196, 197, 198, 200, 201, 203, 204, 206, 207, 208, 266, 268, 269, 270, 272, 273, 274, 276, 277, 282, 284, 285, 286, 288, 289, 290, 292, 293, 298, 300, 301, 302, 304, 305, 306, 308, 309, 318, 319, 321, 322, 323, 328, 330, 331, 332, 334, 335, 336, 338, 339, 341, 342, 344, 345, 346, 581, 610, 611, 613, 614, 615, 620, 622, 623, 624, 626, 627, 628, 630, 631, 633, 634, 636, 637, 638, 696, 698, 699, 700, 702, 703, 704, 706, 707, 712, 714, 715, 716, 718, 719, 720, 722, 723, 728, 730, 731, 732, 734, 735, 736, 738, 739, 748, 749, 751, 752, 753, 758, 760, 761, 762, 764, 765, 766, 768, 769, 771, 772, 774, 775, 776]
x_161: [8, 9, 11, 13, 15, 20, 21, 23, 24, 25, 27, 30, 31, 33, 61, 87, 88, 90, 95, 96, 98, 99, 100, 102, 103, 104, 106, 111, 112, 114, 115, 116, 118, 119, 120, 122, 127, 128, 130, 131, 132, 134, 144, 145, 147, 149, 150, 152, 153, 157, 158, 160, 162, 163, 164, 167, 168, 170, 181, 182, 184, 186, 187, 189, 194, 195, 197, 198, 199, 201, 204, 205, 207, 262, 263, 265, 270, 271, 273, 274, 275, 277, 278, 279, 281, 286, 287, 289, 290, 291, 293, 294, 295, 297, 302, 303, 305, 306, 307, 309, 319, 320, 322, 324, 325, 327, 332, 333, 335, 336, 337, 339, 342, 343, 345, 582, 611, 612, 614, 616, 617, 619, 624, 625, 627, 628, 629, 631, 634, 635, 637, 692, 693, 695, 700, 701, 703, 704, 705, 707, 708, 709, 711, 716, 717, 719, 720, 721, 723, 724, 725, 727, 732, 733, 735, 736, 737, 739, 749, 750, 752, 754, 755, 757, 762, 763, 765, 766, 767, 769, 772, 773, 775]
x_162: [6, 8, 9, 10, 12, 13, 14, 20, 21, 22, 24, 25, 26, 28, 30, 31, 32, 34, 62, 87, 88, 89, 95, 96, 97, 99, 100, 101, 103, 104, 105, 111, 112, 113, 115, 116, 117, 119, 120, 121, 127, 128, 129, 131, 132, 133, 142, 144, 145, 146, 148, 149, 150, 151, 154, 157, 158, 159, 161, 163, 164, 165, 167, 168, 169, 171, 179, 181, 182, 183, 185, 186, 187, 188, 194, 195, 196, 198, 199, 200, 202, 204, 205, 206, 208, 262, 263, 264, 270, 271, 272, 274, 275, 276, 278, 279, 280, 286, 287, 288, 290, 291, 292, 294, 295, 296, 302, 303, 304, 306, 307, 308, 317, 319, 320, 321, 323, 324, 325, 326, 332, 333, 334, 336, 337, 338, 340, 342, 343, 344, 346, 583, 609, 611, 612, 613, 615, 616, 617, 618, 624, 625, 626, 628, 629, 630, 632, 634, 635, 636, 638, 692, 693, 694, 700, 701, 702, 704, 705, 706, 708, 709, 710, 716, 717, 718, 720, 721, 722, 724, 725, 726, 732, 733, 734, 736, 737, 738, 747, 749, 750, 751, 753, 754, 755, 756, 762, 763, 764, 766, 767, 768, 770, 772, 773, 774, 776]
x_163: [6, 9, 10, 11, 12, 13, 14, 15, 21, 22, 23, 25, 26, 27, 28, 31, 32, 33, 34, 63, 88, 89, 90, 96, 97, 98, 100, 101, 102, 104, 105, 106, 112, 113, 114, 116, 117, 118, 120, 121, 122, 128, 129, 130, 132, 133, 134, 141, 142, 145, 146, 147, 148, 150, 151, 152, 155, 158, 159, 160, 161, 162, 164, 165, 168, 169, 170, 171, 179, 182, 183, 184, 185, 187, 188, 189, 195, 196, 197, 199, 200, 201, 202, 205, 206, 207, 208, 263, 264, 265, 271, 272, 273, 275, 276, 277, 279, 280, 281, 287, 288, 289, 291, 292, 293, 295, 296, 297, 303, 304, 305, 307, 308, 309, 317, 320, 321, 322, 323, 325, 326, 327, 333, 334, 335, 337, 338, 339, 340, 343, 344, 345, 346, 584, 609, 612, 613, 614, 615, 617, 618, 619, 625, 626, 627, 629, 630, 631, 632, 635, 636, 637, 638, 693, 694, 695, 701, 702, 703, 705, 706, 707, 709, 710, 711, 717, 718, 719, 721, 722, 723, 725, 726, 727, 733, 734, 735, 737, 738, 739, 747, 750, 751, 752, 753, 755, 756, 757, 763, 764, 765, 767, 768, 769, 770, 773, 774, 775, 776]
x_164: [6, 8, 10, 11, 12, 14, 15, 20, 22, 23, 24, 26, 27, 28, 30, 32, 33, 34, 64, 87, 89, 90, 95, 97, 98, 99, 101, 102, 103, 105, 106, 111, 113, 114, 115, 117, 118, 119, 121, 122, 127, 129, 130, 131, 133, 134, 142, 144, 146, 147, 148, 149, 151, 152, 156, 157, 159, 160, 161, 162, 163, 165, 167, 169, 170, 171, 179, 181, 183, 184, 185, 186, 188, 189, 194, 196, 197, 198, 200, 201, 202, 204, 206, 207, 208, 262, 264, 265, 270, 272, 273, 274, 276, 277, 278, 280, 281, 286, 288, 289, 290, 292, 293, 294, 296, 297, 302, 304, 305, 306, 308, 309, 317, 319, 321, 322, 323, 324, 326, 327, 332, 334, 335, 336, 338, 339, 340, 342, 344, 345, 346, 585, 609, 611, 613, 614, 615, 616, 618, 619, 624, 626, 627, 628, 630, 631, 632, 634, 636, 637, 638, 692, 694, 695, 700, 702, 703, 704, 706, 707, 708, 710, 711, 716, 718, 719, 720, 722, 723, 724, 726, 727, 732, 734, 735, 736, 738, 739, 747, 749, 751, 752, 753, 754, 756, 757, 762, 764, 765, 766, 768, 769, 770, 772, 774, 775, 776]
x_165: [1, 5, 13, 14, 15, 17, 18, 19, 25, 26, 27, 28, 29, 34, 65, 72, 73, 74, 76, 77, 78, 84, 85, 86, 104, 105, 106, 108, 109, 110, 116, 117, 118, 120, 121, 122, 124, 125, 126, 132, 133, 134, 135, 136, 141, 142, 150, 151, 152, 154, 155, 156, 162, 163, 164, 166, 169, 171, 172, 173, 178, 187, 188, 189, 191, 192, 193, 199, 200, 201, 202, 203, 208, 247, 248, 249, 251, 252, 253, 259, 260, 261, 279, 280, 281, 283, 284, 285, 291, 292, 293, 295, 296, 297, 299, 300, 301, 307, 308, 309, 310, 311, 316, 325, 326, 327, 329, 330, 331, 337, 338, 339, 340, 341, 346, 588, 602, 603, 608, 617, 618, 619, 621, 622, 623, 629, 630, 631, 632, 633, 638, 677, 678, 679, 681, 682, 683, 689, 690, 691, 709, 710, 711, 713, 714, 715, 721, 722, 723, 725, 726, 727, 729, 730, 731, 737, 738, 739, 740, 741, 746, 755, 756, 757, 759, 760, 761, 767, 768, 769, 770, 771, 776]
x_166: [1, 2, 3, 4, 13, 14, 15, 17, 18, 19, 21, 22, 23, 28, 29, 31, 32, 33, 66, 72, 73, 74, 76, 77, 78, 80, 81, 82, 104, 105, 106, 108, 109, 110, 112, 113, 114, 120, 121, 122, 124, 125, 126, 128, 129, 130, 135, 136, 138, 139, 140, 143, 150, 151, 152, 154, 155, 156, 158, 159, 160, 165, 168, 169, 170, 171, 172, 173, 175, 176, 177, 187, 188, 189, 191, 192, 193, 195, 196, 197, 202, 203, 205, 206, 207, 247, 248, 249, 251, 252, 253, 255, 256, 257, 279, 280, 281, 283, 284, 285, 287, 288, 289, 295, 296, 297, 299, 300, 301, 303, 304, 305, 310, 311, 313, 314, 315, 325, 326, 327, 329, 330, 331, 333, 334, 335, 340, 341, 343, 344, 345, 592, 602, 603, 605, 606, 607, 617, 618, 619, 621, 622, 623, 625, 626, 627, 632, 633, 635, 636, 637, 677, 678, 679, 681, 682, 683, 685, 686, 687, 709, 710, 711, 713, 714, 715, 717, 718, 719, 725, 726, 727, 729, 730, 731, 733, 734, 735, 740, 741, 743, 744, 745, 755, 756, 757, 759, 760, 761, 763, 764, 765, 770, 771, 773, 774, 775]
x_167: [2, 4, 16, 17, 19, 20, 21, 23, 24, 25, 27, 30, 31, 33, 67, 75, 76, 78, 79, 80, 82, 83, 84, 86, 107, 108, 110, 111, 112, 114, 115, 116, 118, 123, 124, 126, 127, 128, 130, 131, 132, 134, 137, 138, 140, 144, 153, 154, 156, 157, 158, 160, 161, 162, 164, 168, 169, 170, 174, 175, 177, 190, 191, 193, 194, 195, 197, 198, 199, 201, 204, 205, 207, 250, 251, 253, 254, 255, 257, 258, 259, 261, 282, 283, 285, 286, 287, 289, 290, 291, 293, 298, 299, 301, 302, 303, 305, 306, 307, 309, 312, 313, 315, 328, 329, 331, 332, 333, 335, 336, 337, 339, 342, 343, 345, 594, 604, 605, 607, 620, 621, 623, 624, 625, 627, 628, 629, 631, 634, 635, 637, 680, 681, 683, 684, 685, 687, 688, 689, 691, 712, 713, 715, 716, 717, 719, 720, 721, 723, 728, 729, 731, 732, 733, 735, 736, 737, 739, 742, 743, 745, 758, 759, 761, 762, 763, 765, 766, 767, 769, 772, 773, 775]
x_168: [1, 2, 3, 5, 16, 17, 18, 20, 21, 22, 24, 25, 26, 29, 30, 31, 32, 34, 68, 75, 76, 77, 79, 80, 81, 83, 84, 85, 107, 108, 109, 111, 112, 113, 115, 116, 117, 123, 124, 125, 127, 128, 129, 131, 132, 133, 136, 137, 138, 139, 141, 145, 153, 154, 155, 157, 158, 159, 161, 162, 163, 166, 167, 169, 170, 171, 173, 174, 175, 176, 178, 190, 191, 192, 194, 195, 196, 198, 199, 200, 203, 204, 205, 206, 208, 250, 251, 252, 254, 255, 256, 258, 259, 260, 282, 283, 284, 286, 287, 288, 290, 291, 292, 298, 299, 300, 302, 303, 304, 306, 307, 308, 311, 312, 313, 314, 316, 328, 329, 330, 332, 333, 334, 336, 337, 338, 341, 342, 343, 344, 346, 595, 603, 604, 605, 606, 608, 620, 621, 622, 624, 625, 626, 628, 629, 630, 633, 634, 635, 636, 638, 680, 681, 682, 684, 685, 686, 688, 689, 690, 712, 713, 714, 716, 717, 718, 720, 721, 722, 728, 729, 730, 732, 733, 734, 736, 737, 738, 741, 742, 743, 744, 746, 758, 759, 760, 762, 763, 764, 766, 767, 768, 771, 772, 773, 774, 776]
x_169: [1, 2, 3, 4, 5, 17, 18, 19, 21, 22, 23, 25, 26, 27, 29, 31, 32, 33, 34, 69, 76, 77, 78, 80, 81, 82, 84, 85, 86, 108, 109, 110, 112, 113, 114, 116, 117, 118, 124, 125, 126, 128, 129, 130, 132, 133, 134, 136, 138, 139, 140, 141, 146, 154, 155, 156, 158, 159, 160, 162, 163, 164, 165, 166, 167, 168, 170, 171, 173, 175, 176, 177, 178, 191, 192, 193, 195, 196, 197, 199, 200, 201, 203, 205, 206, 207, 208, 251, 252, 253, 255, 256, 257, 259, 260, 261, 283, 284, 285, 287, 288, 289, 291, 292, 293, 299, 300, 301, 303, 304, 305, 307, 308, 309, 311, 313, 314, 315, 316, 329, 330, 331, 333, 334, 335, 337, 338, 339, 341, 343, 344, 345, 346, 596, 603, 605, 606, 607, 608, 621, 622, 623, 625, 626, 627, 629, 630, 631, 633, 635, 636, 637, 638, 681, 682, 683, 685, 686, 687, 689, 690, 691, 713, 714, 715, 717, 718, 719, 721, 722, 723, 729, 730, 731, 733, 734, 735, 737, 738, 739, 741, 743, 744, 745, 746, 759, 760, 761, 763, 764, 765, 767, 768, 769, 771, 773, 774, 775, 776]
x_170: [1, 3, 4, 5, 16, 18, 19, 20, 22, 23, 24, 26, 27, 29, 30, 32, 33, 34, 70, 75, 77, 78, 79, 81, 82, 83, 85, 86, 107, 109, 110, 111, 113, 114, 115, 117, 118, 123, 125, 126, 127, 129, 130, 131, 133, 134, 136, 137, 139, 140, 141, 147, 153, 155, 156, 157, 159, 160, 161, 163, 164, 166, 167, 168, 169, 171, 173, 174, 176, 177, 178, 190, 192, 193, 194, 196, 197, 198, 200, 201, 203, 204, 206, 207, 208, 250, 252, 253, 254, 256, 257, 258, 260, 261, 282, 284, 285, 286, 288, 289, 290, 292, 293, 298, 300, 301, 302, 304, 305, 306, 308, 309, 311, 312, 314, 315, 316, 328, 330, 331, 332, 334, 335, 336, 338, 339, 341, 342, 344, 345, 346, 597, 603, 604, 606, 607, 608, 620, 622, 623, 624, 626, 627, 628, 630, 631, 633, 634, 636, 637, 638, 680, 682, 683, 684, 686, 687, 688, 690, 691, 712, 714, 715, 716, 718, 719, 720, 722, 723, 728, 730, 731, 732, 734, 735, 736, 738, 739, 741, 742, 744, 745, 746, 758, 760, 761, 762, 764, 765, 766, 768, 769, 771, 772, 774, 775, 776]
x_171: [2, 3, 4, 5, 13, 14, 15, 21, 22, 23, 25, 26, 27, 28, 31, 32, 33, 34, 71, 72, 73, 74, 80, 81, 82, 84, 85, 86, 104, 105, 106, 112, 113, 114, 116, 117, 118, 120, 121, 122, 128, 129, 130, 132, 133, 134, 135, 138, 139, 140, 141, 148, 150, 151, 152, 158, 159, 160, 162, 163, 164, 165, 166, 168, 169, 170, 172, 175, 176, 177, 178, 187, 188, 189, 195, 196, 197, 199, 200, 201, 202, 205, 206, 207, 208, 247, 248, 249, 255, 256, 257, 259, 260, 261, 279, 280, 281, 287, 288, 289, 291, 292, 293, 295, 296, 297, 303, 304, 305, 307, 308, 309, 310, 313, 314, 315, 316, 325, 326, 327, 333, 334, 335, 337, 338, 339, 340, 343, 344, 345, 346, 600, 602, 605, 606, 607, 608, 617, 618, 619, 625, 626, 627, 629, 630, 631, 632, 635, 636, 637, 638, 677, 678, 679, 685, 686, 687, 689, 690, 691, 709, 710, 711, 717, 718, 719, 721, 722, 723, 725, 726, 727, 733, 734, 735, 737, 738, 739, 740, 743, 744, 745, 746, 755, 756, 757, 763, 764, 765, 767, 768, 769, 770, 773, 774, 775, 776]
x_172: [1, 5, 6, 7, 12, 28, 29, 34, 35, 36, 41, 42, 43, 48, 65, 66, 71, 135, 136, 141, 142, 143, 148, 165, 166, 171, 173, 176, 178, 179, 180, 185, 188, 202, 203, 208, 209, 210, 215, 216, 217, 222, 239, 240, 245, 248, 310, 311, 316, 317, 318, 323, 340, 341, 346, 347, 348, 349, 351, 352, 353, 359, 360, 361, 363, 364, 365, 367, 368, 369, 375, 376, 377, 395, 396, 397, 399, 400, 401, 407, 408, 409, 411, 412, 413, 415, 416, 417, 423, 424, 425, 427, 428, 429, 431, 432, 433, 439, 440, 441, 459, 460, 461, 463, 464, 465, 471, 472, 473, 539, 540, 541, 543, 544, 545, 551, 552, 553, 555, 556, 557, 559, 560, 561, 567, 568, 569, 587, 588, 589, 591, 592, 593, 599, 600, 601, 602]
x_173: [1, 2, 3, 4, 6, 7, 9, 10, 11, 28, 29, 31, 32, 33, 35, 36, 38, 39, 40, 42, 43, 45, 46, 47, 65, 66, 68, 69, 70, 135, 136, 138, 139, 140, 142, 143, 145, 146, 147, 165, 166, 168, 169, 170, 172, 175, 176, 177, 178, 179, 180, 182, 183, 184, 192, 202, 203, 205, 206, 207, 209, 210, 212, 213, 214, 216, 217, 219, 220, 221, 239, 240, 242, 243, 244, 252, 310, 311, 313, 314, 315, 317, 318, 320, 321, 322, 340, 341, 343, 344, 345, 347, 348, 349, 351, 352, 353, 355, 356, 357, 363, 364, 365, 367, 368, 369, 371, 372, 373, 395, 396, 397, 399, 400, 401, 403, 404, 405, 411, 412, 413, 415, 416, 417, 419, 420, 421, 427, 428, 429, 431, 432, 433, 435, 436, 437, 459, 460, 461, 463, 464, 465, 467, 468, 469, 539, 540, 541, 543, 544, 545, 547, 548, 549, 555, 556, 557, 559, 560, 561, 563, 564, 565, 587, 588, 589, 591, 592, 593, 595, 596, 597, 603]
x_174: [2, 4, 8, 9, 11, 30, 31, 33, 37, 38, 40, 44, 45, 47, 67, 68, 70, 137, 138, 140, 144, 145, 147, 167, 168, 170, 175, 176, 177, 181, 182, 184, 194, 204, 205, 207, 211, 212, 214, 218, 219, 221, 241, 242, 244, 254, 312, 313, 315, 319, 320, 322, 342, 343, 345, 350, 351, 353, 354, 355, 357, 358, 359, 361, 366, 367, 369, 370, 371, 373, 374, 375, 377, 398, 399, 401, 402, 403, 405, 406, 407, 409, 414, 415, 417, 418, 419, 421, 422, 423, 425, 430, 431, 433, 434, 435, 437, 438, 439, 441, 462, 463, 465, 466, 467, 469, 470, 471, 473, 542, 543, 545, 546, 547, 549, 550, 551, 553, 558, 559, 561, 562, 563, 565, 566, 567, 569, 590, 591, 593, 594, 595, 597, 598, 599, 601, 604]
x_175: [1, 2, 3, 5, 7, 8, 9, 10, 12, 29, 30, 31, 32, 34, 36, 37, 38, 39, 41, 43, 44, 45, 46, 48, 66, 67, 68, 69, 71, 136, 137, 138, 139, 141, 143, 144, 145, 146, 148, 166, 167, 168, 169, 171, 173, 174, 176, 177, 178, 180, 181, 182, 183, 185, 195, 203, 204, 205, 206, 208, 210, 211, 212, 213, 215, 217, 218, 219, 220, 222, 240, 241, 242, 243, 245, 255, 311, 312, 313, 314, 316, 318, 319, 320, 321, 323, 341, 342, 343, 344, 346, 350, 351, 352, 354, 355, 356, 358, 359, 360, 366, 367, 368, 370, 371, 372, 374, 375, 376, 398, 399, 400, 402, 403, 404, 406, 407, 408, 414, 415, 416, 418, 419, 420, 422, 423, 424, 430, 431, 432, 434, 435, 436, 438, 439, 440, 462, 463, 464, 466, 467, 468, 470, 471, 472, 542, 543, 544, 546, 547, 548, 550, 551, 552, 558, 559, 560, 562, 563, 564, 566, 567, 568, 590, 591, 592, 594, 595, 596, 598, 599, 600, 605]
x_176: [1, 2, 3, 4, 5, 7, 9, 10, 11, 12, 29, 31, 32, 33, 34, 36, 38, 39, 40, 41, 43, 45, 46, 47, 48, 66, 68, 69, 70, 71, 136, 138, 139, 140, 141, 143, 145, 146, 147, 148, 166, 168, 169, 170, 171, 172, 173, 174, 175, 177, 178, 180, 182, 183, 184, 185, 196, 203, 205, 206, 207, 208, 210, 212, 213, 214, 215, 217, 219, 220, 221, 222, 240, 242, 243, 244, 245, 256, 311, 313, 314, 315, 316, 318, 320, 321, 322, 323, 341, 343, 344, 345, 346, 351, 352, 353, 355, 356, 357, 359, 360, 361, 367, 368, 369, 371, 372, 373, 375, 376, 377, 399, 400, 401, 403, 404, 405, 407, 408, 409, 415, 416, 417, 419, 420, 421, 423, 424, 425, 431, 432, 433, 435, 436, 437, 439, 440, 441, 463, 464, 465, 467, 468, 469, 471, 472, 473, 543, 544, 545, 547, 548, 549, 551, 552, 553, 559, 560, 561, 563, 564, 565, 567, 568, 569, 591, 592, 593, 595, 596, 597, 599, 600, 601, 606]
x_177: [1, 3, 4, 5, 7, 8, 10, 11, 12, 29, 30, 32, 33, 34, 36, 37, 39, 40, 41, 43, 44, 46, 47, 48, 66, 67, 69, 70, 71, 136, 137, 139, 140, 141, 143, 144, 146, 147, 148, 166, 167, 169, 170, 171, 173, 174, 175, 176, 178, 180, 181, 183, 184, 185, 197, 203, 204, 206, 207, 208, 210, 211, 213, 214, 215, 217, 218, 220, 221, 222, 240, 241, 243, 244, 245, 257, 311, 312, 314, 315, 316, 318, 319, 321, 322, 323, 341, 342, 344, 345, 346, 350, 352, 353, 354, 356, 357, 358, 360, 361, 366, 368, 369, 370, 372, 373, 374, 376, 377, 398, 400, 401, 402, 404, 405, 406, 408, 409, 414, 416, 417, 418, 420, 421, 422, 424, 425, 430, 432, 433, 434, 436, 437, 438, 440, 441, 462, 464, 465, 466, 468, 469, 470, 472, 473, 542, 544, 545, 546, 548, 549, 550, 552, 553, 558, 560, 561, 562, 564, 565, 566, 568, 569, 590, 592, 593, 594, 596, 597, 598, 600, 601, 607]
x_178: [2, 3, 4, 5, 6, 9, 10, 11, 12, 28, 31, 32, 33, 34, 35, 38, 39, 40, 41, 42, 45, 46, 47, 48, 65, 68, 69, 70, 71, 135, 138, 139, 140, 141, 142, 145, 146, 147, 148, 165, 168, 169, 170, 171, 172, 173, 175, 176, 177, 179, 182, 183, 184, 185, 200, 202, 205, 206, 207, 208, 209, 212, 213, 214, 215, 216, 219, 220, 221, 222, 239, 242, 243, 244, 245, 260, 310, 313, 314, 315, 316, 317, 320, 321, 322, 323, 340, 343, 344, 345, 346, 347, 348, 349, 355, 356, 357, 359, 360, 361, 363, 364, 365, 371, 372, 373, 375, 376, 377, 395, 396, 397, 403, 404, 405, 407, 408, 409, 411, 412, 413, 419, 420, 421, 423, 424, 425, 427, 428, 429, 435, 436, 437, 439, 440, 441, 459, 460, 461, 467, 468, 469, 471, 472, 473, 539, 540, 541, 547, 548, 549, 551, 552, 553, 555, 556, 557, 563, 564, 565, 567, 568, 569, 587, 588, 589, 595, 596, 597, 599, 600, 601, 608]
x_179: [1, 5, 6, 7, 12, 13, 14, 15, 17, 18, 19, 25, 26, 27, 35, 36, 41, 42, 43, 48, 50, 51, 52, 54, 55, 56, 62, 63, 64, 135, 136, 141, 142, 143, 148, 150, 151, 152, 154, 155, 156, 162, 163, 164, 172, 173, 178, 180, 183, 185, 187, 188, 189, 191, 192, 193, 199, 200, 201, 202, 209, 210, 215, 216, 217, 222, 224, 225, 226, 228, 229, 230, 236, 237, 238, 264, 310, 311, 316, 317, 318, 323, 325, 326, 327, 329, 330, 331, 337, 338, 339, 347, 348, 349, 351, 352, 353, 359, 360, 361, 363, 364, 365, 367, 368, 369, 375, 376, 377, 379, 380, 381, 383, 384, 385, 391, 392, 393, 411, 412, 413, 415, 416, 417, 423, 424, 425, 427, 428, 429, 431, 432, 433, 439, 440, 441, 443, 444, 445, 447, 448, 449, 455, 456, 457, 539, 540, 541, 543, 544, 545, 551, 552, 553, 555, 556, 557, 559, 560, 561, 567, 568, 569, 571, 572, 573, 575, 576, 577, 583, 584, 585, 609]
x_180: [1, 2, 3, 4, 6, 7, 9, 10, 11, 13, 14, 15, 17, 18, 19, 21, 22, 23, 35, 36, 38, 39, 40, 42, 43, 45, 46, 47, 50, 51, 52, 54, 55, 56, 58, 59, 60, 135, 136, 138, 139, 140, 142, 143, 145, 146, 147, 150, 151, 152, 154, 155, 156, 158, 159, 160, 172, 173, 175, 176, 177, 179, 182, 183, 184, 185, 187, 188, 189, 191, 192, 193, 195, 196, 197, 203, 209, 210, 212, 213, 214, 216, 217, 219, 220, 221, 224, 225, 226, 228, 229, 230, 232, 233, 234, 268, 310, 311, 313, 314, 315, 317, 318, 320, 321, 322, 325, 326, 327, 329, 330, 331, 333, 334, 335, 347, 348, 349, 351, 352, 353, 355, 356, 357, 363, 364, 365, 367, 368, 369, 371, 372, 373, 379, 380, 381, 383, 384, 385, 387, 388, 389, 411, 412, 413, 415, 416, 417, 419, 420, 421, 427, 428, 429, 431, 432, 433, 435, 436, 437, 443, 444, 445, 447, 448, 449, 451, 452, 453, 539, 540, 541, 543, 544, 545, 547, 548, 549, 555, 556, 557, 559, 560, 561, 563, 564, 565, 571, 572, 573, 575, 576, 577, 579, 580, 581, 610]
x_181: [2, 4, 8, 9, 11, 16, 17, 19, 20, 21, 23, 24, 25, 27, 37, 38, 40, 44, 45, 47, 53, 54, 56, 57, 58, 60, 61, 62, 64, 137, 138, 140, 144, 145, 147, 153, 154, 156, 157, 158, 160, 161, 162, 164, 174, 175, 177, 182, 183, 184, 190, 191, 193, 194, 195, 197, 198, 199, 201, 204, 211, 212, 214, 218, 219, 221, 227, 228, 230, 231, 232, 234, 235, 236, 238, 270, 312, 313, 315, 319, 320, 322, 328, 329, 331, 332, 333, 335, 336, 337, 339, 350, 351, 353, 354, 355, 357, 358, 359, 361, 366, 367, 369, 370, 371, 373, 374, 375, 377, 382, 383, 385, 386, 387, 389, 390, 391, 393, 414, 415, 417, 418, 419, 421, 422, 423, 425, 430, 431, 433, 434, 435, 437, 438, 439, 441, 446, 447, 449, 450, 451, 453, 454, 455, 457, 542, 543, 545, 546, 547, 549, 550, 551, 553, 558, 559, 561, 562, 563, 565, 566, 567, 569, 574, 575, 577, 578, 579, 581, 582, 583, 585, 611]
x_182: [1, 2, 3, 5, 7, 8, 9, 10, 12, 16, 17, 18, 20, 21, 22, 24, 25, 26, 36, 37, 38, 39, 41, 43, 44, 45, 46, 48, 53, 54, 55, 57, 58, 59, 61, 62, 63, 136, 137, 138, 139, 141, 143, 144, 145, 146, 148, 153, 154, 155, 157, 158, 159, 161, 162, 163, 173, 174, 175, 176, 178, 180, 181, 183, 184, 185, 190, 191, 192, 194, 195, 196, 198, 199, 200, 205, 210, 211, 212, 213, 215, 217, 218, 219, 220, 222, 227, 228, 229, 231, 232, 233, 235, 236, 237, 271, 311, 312, 313, 314, 316, 318, 319, 320, 321, 323, 328, 329, 330, 332, 333, 334, 336, 337, 338, 350, 351, 352, 354, 355, 356, 358, 359, 360, 366, 367, 368, 370, 371, 372, 374, 375, 376, 382, 383, 384, 386, 387, 388, 390, 391, 392, 414, 415, 416, 418, 419, 420, 422, 423, 424, 430, 431, 432, 434, 435, 436, 438, 439, 440, 446, 447, 448, 450, 451, 452, 454, 455, 456, 542, 543, 544, 546, 547, 548, 550, 551, 552, 558, 559, 560, 562, 563, 564, 566, 567, 568, 574, 575, 576, 578, 579, 580, 582, 583, 584, 612]
x_183: [1, 2, 3, 4, 5, 7, 9, 10, 11, 12, 17, 18, 19, 21, 22, 23, 25, 26, 27, 36, 38, 39, 40, 41, 43, 45, 46, 47, 48, 54, 55, 56, 58, 59, 60, 62, 63, 64, 136, 138, 139, 140, 141, 143, 145, 146, 147, 148, 154, 155, 156, 158, 159, 160, 162, 163, 164, 173, 175, 176, 177, 178, 179, 180, 181, 182, 184, 185, 191, 192, 193, 195, 196, 197, 199, 200, 201, 206, 210, 212, 213, 214, 215, 217, 219, 220, 221, 222, 228, 229, 230, 232, 233, 234, 236, 237, 238, 272, 311, 313, 314, 315, 316, 318, 320, 321, 322, 323, 329, 330, 331, 333, 334, 335, 337, 338, 339, 351, 352, 353, 355, 356, 357, 359, 360, 361, 367, 368, 369, 371, 372, 373, 375, 376, 377, 383, 384, 385, 387, 388, 389, 391, 392, 393, 415, 416, 417, 419, 420, 421, 423, 424, 425, 431, 432, 433, 435, 436, 437, 439, 440, 441, 447, 448, 449, 451, 452, 453, 455, 456, 457, 543, 544, 545, 547, 548, 549, 551, 552, 553, 559, 560, 561, 563, 564, 565, 567, 568, 569, 575, 576, 577, 579, 580, 581, 583, 584, 585, 613]
x_184: [1, 3, 4, 5, 7, 8, 10, 11, 12, 16, 18, 19, 20, 22, 23, 24, 26, 27, 36, 37, 39, 40, 41, 43, 44, 46, 47, 48, 53, 55, 56, 57, 59, 60, 61, 63, 64, 136, 137, 139, 140, 141, 143, 144, 146, 147, 148, 153, 155, 156, 157, 159, 160, 161, 163, 164, 173, 174, 176, 177, 178, 180, 181, 182, 183, 185, 190, 192, 193, 194, 196, 197, 198, 200, 201, 207, 210, 211, 213, 214, 215, 217, 218, 220, 221, 222, 227, 229, 230, 231, 233, 234, 235, 237, 238, 273, 311, 312, 314, 315, 316, 318, 319, 321, 322, 323, 328, 330, 331, 332, 334, 335, 336, 338, 339, 350, 352, 353, 354, 356, 357, 358, 360, 361, 366, 368, 369, 370, 372, 373, 374, 376, 377, 382, 384, 385, 386, 388, 389, 390, 392, 393, 414, 416, 417, 418, 420, 421, 422, 424, 425, 430, 432, 433, 434, 436, 437, 438, 440, 441, 446, 448, 449, 450, 452, 453, 454, 456, 457, 542, 544, 545, 546, 548, 549, 550, 552, 553, 558, 560, 561, 562, 564, 565, 566, 568, 569, 574, 576, 577, 578, 580, 581, 582, 584, 585, 614]
x_185: [2, 3, 4, 5, 6, 9, 10, 11, 12, 13, 14, 15, 21, 22, 23, 25, 26, 27, 35, 38, 39, 40, 41, 42, 45, 46, 47, 48, 50, 51, 52, 58, 59, 60, 62, 63, 64, 135, 138, 139, 140, 141, 142, 145, 146, 147, 148, 150, 151, 152, 158, 159, 160, 162, 163, 164, 172, 175, 176, 177, 178, 179, 180, 182, 183, 184, 187, 188, 189, 195, 196, 197, 199, 200, 201, 208, 209, 212, 213, 214, 215, 216, 219, 220, 221, 222, 224, 225, 226, 232, 233, 234, 236, 237, 238, 276, 310, 313, 314, 315, 316, 317, 320, 321, 322, 323, 325, 326, 327, 333, 334, 335, 337, 338, 339, 347, 348, 349, 355, 356, 357, 359, 360, 361, 363, 364, 365, 371, 372, 373, 375, 376, 377, 379, 380, 381, 387, 388, 389, 391, 392, 393, 411, 412, 413, 419, 420, 421, 423, 424, 425, 427, 428, 429, 435, 436, 437, 439, 440, 441, 443, 444, 445, 451, 452, 453, 455, 456, 457, 539, 540, 541, 547, 548, 549, 551, 552, 553, 555, 556, 557, 563, 564, 565, 567, 568, 569, 571, 572, 573, 579, 580, 581, 583, 584, 585, 615]
x_186: [13, 15, 16, 17, 19, 24, 25, 27, 49, 50, 52, 53, 54, 56, 61, 62, 64, 149, 150, 152, 153, 154, 156, 161, 162, 164, 187, 188, 189, 190, 191, 193, 194, 198, 199, 201, 223, 224, 226, 227, 228, 230, 235, 236, 238, 278, 324, 325, 327, 328, 329, 331, 336, 337, 339, 362, 363, 365, 366, 367, 369, 374, 375, 377, 378, 379, 381, 382, 383, 385, 390, 391, 393, 394, 395, 397, 398, 399, 401, 406, 407, 409, 426, 427, 429, 430, 431, 433, 438, 439, 441, 442, 443, 445, 446, 447, 449, 454, 455, 457, 458, 459, 461, 462, 463, 465, 470, 471, 473, 554, 555, 557, 558, 559, 561, 566, 567, 569, 570, 571, 573, 574, 575, 577, 582, 583, 585, 586, 587, 589, 590, 591, 593, 598, 599, 601, 616]
x_187: [6, 7, 12, 13, 14, 16, 17, 18, 24, 25, 26, 28, 29, 34, 42, 43, 48, 49, 50, 51, 53, 54, 55, 61, 62, 63, 65, 66, 71, 142, 143, 148, 149, 150, 151, 153, 154, 155, 161, 162, 163, 165, 166, 171, 179, 180, 185, 186, 188, 189, 190, 191, 192, 195, 198, 199, 200, 202, 203, 208, 216, 217, 222, 223, 224, 225, 227, 228, 229, 235, 236, 237, 239, 240, 245, 279, 317, 318, 323, 324, 325, 326, 328, 329, 330, 336, 337, 338, 340, 341, 346, 362, 363, 364, 366, 367, 368, 374, 375, 376, 378, 379, 380, 382, 383, 384, 390, 391, 392, 394, 395, 396, 398, 399, 400, 406, 407, 408, 426, 427, 428, 430, 431, 432, 438, 439, 440, 442, 443, 444, 446, 447, 448, 454, 455, 456, 458, 459, 460, 462, 463, 464, 470, 471, 472, 554, 555, 556, 558, 559, 560, 566, 567, 568, 570, 571, 572, 574, 575, 576, 582, 583, 584, 586, 587, 588, 590, 591, 592, 598, 599, 600, 617]
x_188: [6, 7, 12, 13, 14, 15, 17, 18, 19, 25, 26, 27, 28, 29, 34, 42, 43, 48, 50, 51, 52, 54, 55, 56, 62, 63, 64, 65, 66, 71, 142, 143, 148, 150, 151, 152, 154, 155, 156, 162, 163, 164, 165, 166, 171, 172, 179, 180, 185, 186, 187, 189, 191, 192, 193, 196, 199, 200, 201, 202, 203, 208, 216, 217, 222, 224, 225, 226, 228, 229, 230, 236, 237, 238, 239, 240, 245, 280, 317, 318, 323, 325, 326, 327, 329, 330, 331, 337, 338, 339, 340, 341, 346, 363, 364, 365, 367, 368, 369, 375, 376, 377, 379, 380, 381, 383, 384, 385, 391, 392, 393, 395, 396, 397, 399, 400, 401, 407, 408, 409, 427, 428, 429, 431, 432, 433, 439, 440, 441, 443, 444, 445, 447, 448, 449, 455, 456, 457, 459, 460, 461, 463, 464, 465, 471, 472, 473, 555, 556, 557, 559, 560, 561, 567, 568, 569, 571, 572, 573, 575, 576, 577, 583, 584, 585, 587, 588, 589, 591, 592, 593, 599, 600, 601, 618]
x_189: [6, 7, 12, 14, 15, 16, 18, 19, 24, 26, 27, 28, 29, 34, 42, 43, 48, 49, 51, 52, 53, 55, 56, 61, 63, 64, 65, 66, 71, 142, 143, 148, 149, 151, 152, 153, 155, 156, 161, 163, 164, 165, 166, 171, 179, 180, 185, 186, 187, 188, 190, 192, 193, 197, 198, 200, 201, 202, 203, 208, 216, 217, 222, 223, 225, 226, 227, 229, 230, 235, 237, 238, 239, 240, 245, 281, 317, 318, 323, 324, 326, 327, 328, 330, 331, 336, 338, 339, 340, 341, 346, 362, 364, 365, 366, 368, 369, 374, 376, 377, 378, 380, 381, 382, 384, 385, 390, 392, 393, 394, 396, 397, 398, 400, 401, 406, 408, 409, 426, 428, 429, 430, 432, 433, 438, 440, 441, 442, 444, 445, 446, 448, 449, 454, 456, 457, 458, 460, 461, 462, 464, 465, 470, 472, 473, 554, 556, 557, 558, 560, 561, 566, 568, 569, 570, 572, 573, 574, 576, 577, 582, 584, 585, 586, 588, 589, 590, 592, 593, 598, 600, 601, 619]
x_190: [8, 9, 11, 13, 15, 16, 17, 19, 20, 21, 23, 30, 31, 33, 44, 45, 47, 49, 50, 52, 53, 54, 56, 57, 58, 60, 67, 68, 70, 144, 145, 147, 149, 150, 152, 153, 154, 156, 157, 158, 160, 167, 168, 170, 181, 182, 184, 186, 187, 189, 191, 192, 193, 194, 195, 197, 198, 204, 205, 207, 218, 219, 221, 223, 224, 226, 227, 228, 230, 231, 232, 234, 241, 242, 244, 282, 319, 320, 322, 324, 325, 327, 328, 329, 331, 332, 333, 335, 342, 343, 345, 362, 363, 365, 366, 367, 369, 370, 371, 373, 378, 379, 381, 382, 383, 385, 386, 387, 389, 394, 395, 397, 398, 399, 401, 402, 403, 405, 426, 427, 429, 430, 431, 433, 434, 435, 437, 442, 443, 445, 446, 447, 449, 450, 451, 453, 458, 459, 461, 462, 463, 465, 466, 467, 469, 554, 555, 557, 558, 559, 561, 562, 563, 565, 570, 571, 573, 574, 575, 577, 578, 579, 581, 586, 587, 589, 590, 591, 593, 594, 595, 597, 620]
x_191: [6, 7, 8, 9, 10, 13, 14, 16, 17, 18, 20, 21, 22, 28, 29, 30, 31, 32, 42, 43, 44, 45, 46, 49, 50, 51, 53, 54, 55, 57, 58, 59, 65, 66, 67, 68, 69, 142, 143, 144, 145, 146, 149, 150, 151, 153, 154, 155, 157, 158, 159, 165, 166, 167, 168, 169, 179, 180, 181, 182, 183, 186, 187, 188, 190, 192, 193, 194, 195, 196, 199, 202, 203, 204, 205, 206, 216, 217, 218, 219, 220, 223, 224, 225, 227, 228, 229, 231, 232, 233, 239, 240, 241, 242, 243, 283, 317, 318, 319, 320, 321, 324, 325, 326, 328, 329, 330, 332, 333, 334, 340, 341, 342, 343, 344, 362, 363, 364, 366, 367, 368, 370, 371, 372, 378, 379, 380, 382, 383, 384, 386, 387, 388, 394, 395, 396, 398, 399, 400, 402, 403, 404, 426, 427, 428, 430, 431, 432, 434, 435, 436, 442, 443, 444, 446, 447, 448, 450, 451, 452, 458, 459, 460, 462, 463, 464, 466, 467, 468, 554, 555, 556, 558, 559, 560, 562, 563, 564, 570, 571, 572, 574, 575, 576, 578, 579, 580, 586, 587, 588, 590, 591, 592, 594, 595, 596, 621]
x_192: [6, 7, 9, 10, 11, 13, 14, 15, 17, 18, 19, 21, 22, 23, 28, 29, 31, 32, 33, 42, 43, 45, 46, 47, 50, 51, 52, 54, 55, 56, 58, 59, 60, 65, 66, 68, 69, 70, 142, 143, 145, 146, 147, 150, 151, 152, 154, 155, 156, 158, 159, 160, 165, 166, 168, 169, 170, 173, 179, 180, 182, 183, 184, 187, 188, 189, 190, 191, 193, 195, 196, 197, 200, 202, 203, 205, 206, 207, 216, 217, 219, 220, 221, 224, 225, 226, 228, 229, 230, 232, 233, 234, 239, 240, 242, 243, 244, 284, 317, 318, 320, 321, 322, 325, 326, 327, 329, 330, 331, 333, 334, 335, 340, 341, 343, 344, 345, 363, 364, 365, 367, 368, 369, 371, 372, 373, 379, 380, 381, 383, 384, 385, 387, 388, 389, 395, 396, 397, 399, 400, 401, 403, 404, 405, 427, 428, 429, 431, 432, 433, 435, 436, 437, 443, 444, 445, 447, 448, 449, 451, 452, 453, 459, 460, 461, 463, 464, 465, 467, 468, 469, 555, 556, 557, 559, 560, 561, 563, 564, 565, 571, 572, 573, 575, 576, 577, 579, 580, 581, 587, 588, 589, 591, 592, 593, 595, 596, 597, 622]
x_193: [6, 7, 8, 10, 11, 14, 15, 16, 18, 19, 20, 22, 23, 28, 29, 30, 32, 33, 42, 43, 44, 46, 47, 49, 51, 52, 53, 55, 56, 57, 59, 60, 65, 66, 67, 69, 70, 142, 143, 144, 146, 147, 149, 151, 152, 153, 155, 156, 157, 159, 160, 165, 166, 167, 169, 170, 179, 180, 181, 183, 184, 186, 188, 189, 190, 191, 192, 194, 196, 197, 201, 202, 203, 204, 206, 207, 216, 217, 218, 220, 221, 223, 225, 226, 227, 229, 230, 231, 233, 234, 239, 240, 241, 243, 244, 285, 317, 318, 319, 321, 322, 324, 326, 327, 328, 330, 331, 332, 334, 335, 340, 341, 342, 344, 345, 362, 364, 365, 366, 368, 369, 370, 372, 373, 378, 380, 381, 382, 384, 385, 386, 388, 389, 394, 396, 397, 398, 400, 401, 402, 404, 405, 426, 428, 429, 430, 432, 433, 434, 436, 437, 442, 444, 445, 446, 448, 449, 450, 452, 453, 458, 460, 461, 462, 464, 465, 466, 468, 469, 554, 556, 557, 558, 560, 561, 562, 564, 565, 570, 572, 573, 574, 576, 577, 578, 580, 581, 586, 588, 589, 590, 592, 593, 594, 596, 597, 623]
x_194: [8, 9, 11, 16, 17, 19, 20, 21, 23, 24, 25, 27, 30, 31, 33, 44, 45, 47, 53, 54, 56, 57, 58, 60, 61, 62, 64, 67, 68, 70, 144, 145, 147, 153, 154, 156, 157, 158, 160, 161, 162, 164, 167, 168, 170, 174, 181, 182, 184, 186, 190, 191, 193, 195, 196, 197, 198, 199, 201, 204, 205, 207, 218, 219, 221, 227, 228, 230, 231, 232, 234, 235, 236, 238, 241, 242, 244, 286, 319, 320, 322, 328, 329, 331, 332, 333, 335, 336, 337, 339, 342, 343, 345, 366, 367, 369, 370, 371, 373, 374, 375, 377, 382, 383, 385, 386, 387, 389, 390, 391, 393, 398, 399, 401, 402, 403, 405, 406, 407, 409, 430, 431, 433, 434, 435, 437, 438, 439, 441, 446, 447, 449, 450, 451, 453, 454, 455, 457, 462, 463, 465, 466, 467, 469, 470, 471, 473, 558, 559, 561, 562, 563, 565, 566, 567, 569, 574, 575, 577, 578, 579, 581, 582, 583, 585, 590, 591, 593, 594, 595, 597, 598, 599, 601, 624]
x_195: [7, 8, 9, 10, 12, 16, 17, 18, 20, 21, 22, 24, 25, 26, 29, 30, 31, 32, 34, 43, 44, 45, 46, 48, 53, 54, 55, 57, 58, 59, 61, 62, 63, 66, 67, 68, 69, 71, 143, 144, 145, 146, 148, 153, 154, 155, 157, 158, 159, 161, 162, 163, 166, 167, 168, 169, 171, 175, 180, 181, 182, 183, 185, 187, 190, 191, 192, 194, 196, 197, 198, 199, 200, 203, 204, 205, 206, 208, 217, 218, 219, 220, 222, 227, 228, 229, 231, 232, 233, 235, 236, 237, 240, 241, 242, 243, 245, 287, 318, 319, 320, 321, 323, 328, 329, 330, 332, 333, 334, 336, 337, 338, 341, 342, 343, 344, 346, 366, 367, 368, 370, 371, 372, 374, 375, 376, 382, 383, 384, 386, 387, 388, 390, 391, 392, 398, 399, 400, 402, 403, 404, 406, 407, 408, 430, 431, 432, 434, 435, 436, 438, 439, 440, 446, 447, 448, 450, 451, 452, 454, 455, 456, 462, 463, 464, 466, 467, 468, 470, 471, 472, 558, 559, 560, 562, 563, 564, 566, 567, 568, 574, 575, 576, 578, 579, 580, 582, 583, 584, 590, 591, 592, 594, 595, 596, 598, 599, 600, 625]
x_196: [7, 9, 10, 11, 12, 17, 18, 19, 21, 22, 23, 25, 26, 27, 29, 31, 32, 33, 34, 43, 45, 46, 47, 48, 54, 55, 56, 58, 59, 60, 62, 63, 64, 66, 68, 69, 70, 71, 143, 145, 146, 147, 148, 154, 155, 156, 158, 159, 160, 162, 163, 164, 166, 168, 169, 170, 171, 176, 180, 182, 183, 184, 185, 188, 191, 192, 193, 194, 195, 197, 199, 200, 201, 203, 205, 206, 207, 208, 217, 219, 220, 221, 222, 228, 229, 230, 232, 233, 234, 236, 237, 238, 240, 242, 243, 244, 245, 288, 318, 320, 321, 322, 323, 329, 330, 331, 333, 334, 335, 337, 338, 339, 341, 343, 344, 345, 346, 367, 368, 369, 371, 372, 373, 375, 376, 377, 383, 384, 385, 387, 388, 389, 391, 392, 393, 399, 400, 401, 403, 404, 405, 407, 408, 409, 431, 432, 433, 435, 436, 437, 439, 440, 441, 447, 448, 449, 451, 452, 453, 455, 456, 457, 463, 464, 465, 467, 468, 469, 471, 472, 473, 559, 560, 561, 563, 564, 565, 567, 568, 569, 575, 576, 577, 579, 580, 581, 583, 584, 585, 591, 592, 593, 595, 596, 597, 599, 600, 601, 626]
x_197: [7, 8, 10, 11, 12, 16, 18, 19, 20, 22, 23, 24, 26, 27, 29, 30, 32, 33, 34, 43, 44, 46, 47, 48, 53, 55, 56, 57, 59, 60, 61, 63, 64, 66, 67, 69, 70, 71, 143, 144, 146, 147, 148, 153, 155, 156, 157, 159, 160, 161, 163, 164, 166, 167, 169, 170, 171, 177, 180, 181, 183, 184, 185, 189, 190, 192, 193, 194, 195, 196, 198, 200, 201, 203, 204, 206, 207, 208, 217, 218, 220, 221, 222, 227, 229, 230, 231, 233, 234, 235, 237, 238, 240, 241, 243, 244, 245, 289, 318, 319, 321, 322, 323, 328, 330, 331, 332, 334, 335, 336, 338, 339, 341, 342, 344, 345, 346, 366, 368, 369, 370, 372, 373, 374, 376, 377, 382, 384, 385, 386, 388, 389, 390, 392, 393, 398, 400, 401, 402, 404, 405, 406, 408, 409, 430, 432, 433, 434, 436, 437, 438, 440, 441, 446, 448, 449, 450, 452, 453, 454, 456, 457, 462, 464, 465, 466, 468, 469, 470, 472, 473, 558, 560, 561, 562, 564, 565, 566, 568, 569, 574, 576, 577, 578, 580, 581, 582, 584, 585, 590, 592, 593, 594, 596, 597, 598, 600, 601, 627]
x_198: [8, 9, 11, 13, 15, 20, 21, 23, 24, 25, 27, 30, 31, 33, 44, 45, 47, 49, 50, 52, 57, 58, 60, 61, 62, 64, 67, 68, 70, 144, 145, 147, 149, 150, 152, 157, 158, 160, 161, 162, 164, 167, 168, 170, 181, 182, 184, 186, 187, 189, 190, 194, 195, 197, 199, 200, 201, 204, 205, 207, 218, 219, 221, 223, 224, 226, 231, 232, 234, 235, 236, 238, 241, 242, 244, 290, 319, 320, 322, 324, 325, 327, 332, 333, 335, 336, 337, 339, 342, 343, 345, 362, 363, 365, 370, 371, 373, 374, 375, 377, 378, 379, 381, 386, 387, 389, 390, 391, 393, 394, 395, 397, 402, 403, 405, 406, 407, 409, 426, 427, 429, 434, 435, 437, 438, 439, 441, 442, 443, 445, 450, 451, 453, 454, 455, 457, 458, 459, 461, 466, 467, 469, 470, 471, 473, 554, 555, 557, 562, 563, 565, 566, 567, 569, 570, 571, 573, 578, 579, 581, 582, 583, 585, 586, 587, 589, 594, 595, 597, 598, 599, 601, 628]
x_199: [6, 8, 9, 10, 12, 13, 14, 20, 21, 22, 24, 25, 26, 28, 30, 31, 32, 34, 42, 44, 45, 46, 48, 49, 50, 51, 57, 58, 59, 61, 62, 63, 65, 67, 68, 69, 71, 142, 144, 145, 146, 148, 149, 150, 151, 157, 158, 159, 161, 162, 163, 165, 167, 168, 169, 171, 179, 181, 182, 183, 185, 186, 187, 188, 191, 194, 195, 196, 198, 200, 201, 202, 204, 205, 206, 208, 216, 218, 219, 220, 222, 223, 224, 225, 231, 232, 233, 235, 236, 237, 239, 241, 242, 243, 245, 291, 317, 319, 320, 321, 323, 324, 325, 326, 332, 333, 334, 336, 337, 338, 340, 342, 343, 344, 346, 362, 363, 364, 370, 371, 372, 374, 375, 376, 378, 379, 380, 386, 387, 388, 390, 391, 392, 394, 395, 396, 402, 403, 404, 406, 407, 408, 426, 427, 428, 434, 435, 436, 438, 439, 440, 442, 443, 444, 450, 451, 452, 454, 455, 456, 458, 459, 460, 466, 467, 468, 470, 471, 472, 554, 555, 556, 562, 563, 564, 566, 567, 568, 570, 571, 572, 578, 579, 580, 582, 583, 584, 586, 587, 588, 594, 595, 596, 598, 599, 600, 629]
x_200: [6, 9, 10, 11, 12, 13, 14, 15, 21, 22, 23, 25, 26, 27, 28, 31, 32, 33, 34, 42, 45, 46, 47, 48, 50, 51, 52, 58, 59, 60, 62, 63, 64, 65, 68, 69, 70, 71, 142, 145, 146, 147, 148, 150, 151, 152, 158, 159, 160, 162, 163, 164, 165, 168, 169, 170, 171, 178, 179, 182, 183, 184, 185, 187, 188, 189, 192, 195, 196, 197, 198, 199, 201, 202, 205, 206, 207, 208, 216, 219, 220, 221, 222, 224, 225, 226, 232, 233, 234, 236, 237, 238, 239, 242, 243, 244, 245, 292, 317, 320, 321, 322, 323, 325, 326, 327, 333, 334, 335, 337, 338, 339, 340, 343, 344, 345, 346, 363, 364, 365, 371, 372, 373, 375, 376, 377, 379, 380, 381, 387, 388, 389, 391, 392, 393, 395, 396, 397, 403, 404, 405, 407, 408, 409, 427, 428, 429, 435, 436, 437, 439, 440, 441, 443, 444, 445, 451, 452, 453, 455, 456, 457, 459, 460, 461, 467, 468, 469, 471, 472, 473, 555, 556, 557, 563, 564, 565, 567, 568, 569, 571, 572, 573, 579, 580, 581, 583, 584, 585, 587, 588, 589, 595, 596, 597, 599, 600, 601, 630]
x_201: [6, 8, 10, 11, 12, 14, 15, 20, 22, 23, 24, 26, 27, 28, 30, 32, 33, 34, 42, 44, 46, 47, 48, 49, 51, 52, 57, 59, 60, 61, 63, 64, 65, 67, 69, 70, 71, 142, 144, 146, 147, 148, 149, 151, 152, 157, 159, 160, 161, 163, 164, 165, 167, 169, 170, 171, 179, 181, 183, 184, 185, 186, 188, 189, 193, 194, 196, 197, 198, 199, 200, 202, 204, 206, 207, 208, 216, 218, 220, 221, 222, 223, 225, 226, 231, 233, 234, 235, 237, 238, 239, 241, 243, 244, 245, 293, 317, 319, 321, 322, 323, 324, 326, 327, 332, 334, 335, 336, 338, 339, 340, 342, 344, 345, 346, 362, 364, 365, 370, 372, 373, 374, 376, 377, 378, 380, 381, 386, 388, 389, 390, 392, 393, 394, 396, 397, 402, 404, 405, 406, 408, 409, 426, 428, 429, 434, 436, 437, 438, 440, 441, 442, 444, 445, 450, 452, 453, 454, 456, 457, 458, 460, 461, 466, 468, 469, 470, 472, 473, 554, 556, 557, 562, 564, 565, 566, 568, 569, 570, 572, 573, 578, 580, 581, 582, 584, 585, 586, 588, 589, 594, 596, 597, 598, 600, 601, 631]
x_202: [1, 5, 13, 14, 15, 17, 18, 19, 25, 26, 27, 28, 29, 34, 35, 36, 41, 50, 51, 52, 54, 55, 56, 62, 63, 64, 65, 66, 71, 135, 136, 141, 150, 151, 152, 154, 155, 156, 162, 163, 164, 165, 166, 171, 172, 173, 178, 179, 187, 188, 189, 191, 192, 193, 199, 200, 201, 203, 206, 208, 209, 210, 215, 224, 225, 226, 228, 229, 230, 236, 237, 238, 239, 240, 245, 296, 310, 311, 316, 325, 326, 327, 329, 330, 331, 337, 338, 339, 340, 341, 346, 347, 348, 349, 351, 352, 353, 359, 360, 361, 379, 380, 381, 383, 384, 385, 391, 392, 393, 395, 396, 397, 399, 400, 401, 407, 408, 409, 411, 412, 413, 415, 416, 417, 423, 424, 425, 443, 444, 445, 447, 448, 449, 455, 456, 457, 459, 460, 461, 463, 464, 465, 471, 472, 473, 539, 540, 541, 543, 544, 545, 551, 552, 553, 571, 572, 573, 575, 576, 577, 583, 584, 585, 587, 588, 589, 591, 592, 593, 599, 600, 601, 632]
x_203: [1, 2, 3, 4, 13, 14, 15, 17, 18, 19, 21, 22, 23, 28, 29, 31, 32, 33, 35, 36, 38, 39, 40, 50, 51, 52, 54, 55, 56, 58, 59, 60, 65, 66, 68, 69, 70, 135, 136, 138, 139, 140, 150, 151, 152, 154, 155, 156, 158, 159, 160, 165, 166, 168, 169, 170, 172, 173, 175, 176, 177, 180, 187, 188, 189, 191, 192, 193, 195, 196, 197, 202, 205, 206, 207, 208, 209, 210, 212, 213, 214, 224, 225, 226, 228, 229, 230, 232, 233, 234, 239, 240, 242, 243, 244, 300, 310, 311, 313, 314, 315, 325, 326, 327, 329, 330, 331, 333, 334, 335, 340, 341, 343, 344, 345, 347, 348, 349, 351, 352, 353, 355, 356, 357, 379, 380, 381, 383, 384, 385, 387, 388, 389, 395, 396, 397, 399, 400, 401, 403, 404, 405, 411, 412, 413, 415, 416, 417, 419, 420, 421, 443, 444, 445, 447, 448, 449, 451, 452, 453, 459, 460, 461, 463, 464, 465, 467, 468, 469, 539, 540, 541, 543, 544, 545, 547, 548, 549, 571, 572, 573, 575, 576, 577, 579, 580, 581, 587, 588, 589, 591, 592, 593, 595, 596, 597, 633]
x_204: [2, 4, 16, 17, 19, 20, 21, 23, 24, 25, 27, 30, 31, 33, 37, 38, 40, 53, 54, 56, 57, 58, 60, 61, 62, 64, 67, 68, 70, 137, 138, 140, 153, 154, 156, 157, 158, 160, 161, 162, 164, 167, 168, 170, 174, 175, 177, 181, 190, 191, 193, 194, 195, 197, 198, 199, 201, 205, 206, 207, 211, 212, 214, 227, 228, 230, 231, 232, 234, 235, 236, 238, 241, 242, 244, 302, 312, 313, 315, 328, 329, 331, 332, 333, 335, 336, 337, 339, 342, 343, 345, 350, 351, 353, 354, 355, 357, 358, 359, 361, 382, 383, 385, 386, 387, 389, 390, 391, 393, 398, 399, 401, 402, 403, 405, 406, 407, 409, 414, 415, 417, 418, 419, 421, 422, 423, 425, 446, 447, 449, 450, 451, 453, 454, 455, 457, 462, 463, 465, 466, 467, 469, 470, 471, 473, 542, 543, 545, 546, 547, 549, 550, 551, 553, 574, 575, 577, 578, 579, 581, 582, 583, 585, 590, 591, 593, 594, 595, 597, 598, 599, 601, 634]
x_205: [1, 2, 3, 5, 16, 17, 18, 20, 21, 22, 24, 25, 26, 29, 30, 31, 32, 34, 36, 37, 38, 39, 41, 53, 54, 55, 57, 58, 59, 61, 62, 63, 66, 67, 68, 69, 71, 136, 137, 138, 139, 141, 153, 154, 155, 157, 158, 159, 161, 162, 163, 166, 167, 168, 169, 171, 173, 174, 175, 176, 178, 182, 190, 191, 192, 194, 195, 196, 198, 199, 200, 203, 204, 206, 207, 208, 210, 211, 212, 213, 215, 227, 228, 229, 231, 232, 233, 235, 236, 237, 240, 241, 242, 243, 245, 303, 311, 312, 313, 314, 316, 328, 329, 330, 332, 333, 334, 336, 337, 338, 341, 342, 343, 344, 346, 350, 351, 352, 354, 355, 356, 358, 359, 360, 382, 383, 384, 386, 387, 388, 390, 391, 392, 398, 399, 400, 402, 403, 404, 406, 407, 408, 414, 415, 416, 418, 419, 420, 422, 423, 424, 446, 447, 448, 450, 451, 452, 454, 455, 456, 462, 463, 464, 466, 467, 468, 470, 471, 472, 542, 543, 544, 546, 547, 548, 550, 551, 552, 574, 575, 576, 578, 579, 580, 582, 583, 584, 590, 591, 592, 594, 595, 596, 598, 599, 600, 635]
x_206: [1, 2, 3, 4, 5, 17, 18, 19, 21, 22, 23, 25, 26, 27, 29, 31, 32, 33, 34, 36, 38, 39, 40, 41, 54, 55, 56, 58, 59, 60, 62, 63, 64, 66, 68, 69, 70, 71, 136, 138, 139, 140, 141, 154, 155, 156, 158, 159, 160, 162, 163, 164, 166, 168, 169, 170, 171, 173, 175, 176, 177, 178, 183, 191, 192, 193, 195, 196, 197, 199, 200, 201, 202, 203, 204, 205, 207, 208, 210, 212, 213, 214, 215, 228, 229, 230, 232, 233, 234, 236, 237, 238, 240, 242, 243, 244, 245, 304, 311, 313, 314, 315, 316, 329, 330, 331, 333, 334, 335, 337, 338, 339, 341, 343, 344, 345, 346, 351, 352, 353, 355, 356, 357, 359, 360, 361, 383, 384, 385, 387, 388, 389, 391, 392, 393, 399, 400, 401, 403, 404, 405, 407, 408, 409, 415, 416, 417, 419, 420, 421, 423, 424, 425, 447, 448, 449, 451, 452, 453, 455, 456, 457, 463, 464, 465, 467, 468, 469, 471, 472, 473, 543, 544, 545, 547, 548, 549, 551, 552, 553, 575, 576, 577, 579, 580, 581, 583, 584, 585, 591, 592, 593, 595, 596, 597, 599, 600, 601, 636]
x_207: [1, 3, 4, 5, 16, 18, 19, 20, 22, 23, 24, 26, 27, 29, 30, 32, 33, 34, 36, 37, 39, 40, 41, 53, 55, 56, 57, 59, 60, 61, 63, 64, 66, 67, 69, 70, 71, 136, 137, 139, 140, 141, 153, 155, 156, 157, 159, 160, 161, 163, 164, 166, 167, 169, 170, 171, 173, 174, 176, 177, 178, 184, 190, 192, 193, 194, 196, 197, 198, 200, 201, 203, 204, 205, 206, 208, 210, 211, 213, 214, 215, 227, 229, 230, 231, 233, 234, 235, 237, 238, 240, 241, 243, 244, 245, 305, 311, 312, 314, 315, 316, 328, 330, 331, 332, 334, 335, 336, 338, 339, 341, 342, 344, 345, 346, 350, 352, 353, 354, 356, 357, 358, 360, 361, 382, 384, 385, 386, 388, 389, 390, 392, 393, 398, 400, 401, 402, 404, 405, 406, 408, 409, 414, 416, 417, 418, 420, 421, 422, 424, 425, 446, 448, 449, 450, 452, 453, 454, 456, 457, 462, 464, 465, 466, 468, 469, 470, 472, 473, 542, 544, 545, 546, 548, 549, 550, 552, 553, 574, 576, 577, 578, 580, 581, 582, 584, 585, 590, 592, 593, 594, 596, 597, 598, 600, 601, 637]
x_208: [2, 3, 4, 5, 13, 14, 15, 21, 22, 23, 25, 26, 27, 28, 31, 32, 33, 34, 35, 38, 39, 40, 41, 50, 51, 52, 58, 59, 60, 62, 63, 64, 65, 68, 69, 70, 71, 135, 138, 139, 140, 141, 150, 151, 152, 158, 159, 160, 162, 163, 164, 165, 168, 169, 170, 171, 172, 175, 176, 177, 178, 185, 187, 188, 189, 195, 196, 197, 199, 200, 201, 202, 203, 205, 206, 207, 209, 212, 213, 214, 215, 224, 225, 226, 232, 233, 234, 236, 237, 238, 239, 242, 243, 244, 245, 308, 310, 313, 314, 315, 316, 325, 326, 327, 333, 334, 335, 337, 338, 339, 340, 343, 344, 345, 346, 347, 348, 349, 355, 356, 357, 359, 360, 361, 379, 380, 381, 387, 388, 389, 391, 392, 393, 395, 396, 397, 403, 404, 405, 407, 408, 409, 411, 412, 413, 419, 420, 421, 423, 424, 425, 443, 444, 445, 451, 452, 453, 455, 456, 457, 459, 460, 461, 467, 468, 469, 471, 472, 473, 539, 540, 541, 547, 548, 549, 551, 552, 553, 571, 572, 573, 579, 580, 581, 583, 584, 585, 587, 588, 589, 595, 596, 597, 599, 600, 601, 638]
x_209: [1, 5, 6, 7, 12, 28, 29, 34, 35, 36, 41, 42, 43, 48, 65, 66, 71, 72, 73, 74, 76, 77, 78, 84, 85, 86, 88, 89, 90, 92, 93, 94, 100, 101, 102, 120, 121, 122, 124, 125, 126, 132, 133, 134, 172, 173, 178, 179, 180, 185, 202, 203, 208, 210, 213, 215, 216, 217, 222, 225, 239, 240, 245, 247, 248, 249, 251, 252, 253, 259, 260, 261, 263, 264, 265, 267, 268, 269, 275, 276, 277, 295, 296, 297, 299, 300, 301, 307, 308, 309, 310, 347, 348, 349, 351, 352, 353, 359, 360, 361, 363, 364, 365, 367, 368, 369, 375, 376, 377, 395, 396, 397, 399, 400, 401, 407, 408, 409, 411, 412, 413, 415, 416, 417, 423, 424, 425, 427, 428, 429, 431, 432, 433, 439, 440, 441, 459, 460, 461, 463, 464, 465, 471, 472, 473, 475, 476, 477, 479, 480, 481, 487, 488, 489, 491, 492, 493, 495, 496, 497, 503, 504, 505, 523, 524, 525, 527, 528, 529, 535, 536, 537, 639]
x_210: [1, 2, 3, 4, 6, 7, 9, 10, 11, 28, 29, 31, 32, 33, 35, 36, 38, 39, 40, 42, 43, 45, 46, 47, 65, 66, 68, 69, 70, 72, 73, 74, 76, 77, 78, 80, 81, 82, 88, 89, 90, 92, 93, 94, 96, 97, 98, 120, 121, 122, 124, 125, 126, 128, 129, 130, 172, 173, 175, 176, 177, 179, 180, 182, 183, 184, 202, 203, 205, 206, 207, 209, 212, 213, 214, 215, 216, 217, 219, 220, 221, 229, 239, 240, 242, 243, 244, 247, 248, 249, 251, 252, 253, 255, 256, 257, 263, 264, 265, 267, 268, 269, 271, 272, 273, 295, 296, 297, 299, 300, 301, 303, 304, 305, 311, 347, 348, 349, 351, 352, 353, 355, 356, 357, 363, 364, 365, 367, 368, 369, 371, 372, 373, 395, 396, 397, 399, 400, 401, 403, 404, 405, 411, 412, 413, 415, 416, 417, 419, 420, 421, 427, 428, 429, 431, 432, 433, 435, 436, 437, 459, 460, 461, 463, 464, 465, 467, 468, 469, 475, 476, 477, 479, 480, 481, 483, 484, 485, 491, 492, 493, 495, 496, 497, 499, 500, 501, 523, 524, 525, 527, 528, 529, 531, 532, 533, 640]
x_211: [2, 4, 8, 9, 11, 30, 31, 33, 37, 38, 40, 44, 45, 47, 67, 68, 70, 75, 76, 78, 79, 80, 82, 83, 84, 86, 91, 92, 94, 95, 96, 98, 99, 100, 102, 123, 124, 126, 127, 128, 130, 131, 132, 134, 174, 175, 177, 181, 182, 184, 204, 205, 207, 212, 213, 214, 218, 219, 221, 231, 241, 242, 244, 250, 251, 253, 254, 255, 257, 258, 259, 261, 266, 267, 269, 270, 271, 273, 274, 275, 277, 298, 299, 301, 302, 303, 305, 306, 307, 309, 312, 350, 351, 353, 354, 355, 357, 358, 359, 361, 366, 367, 369, 370, 371, 373, 374, 375, 377, 398, 399, 401, 402, 403, 405, 406, 407, 409, 414, 415, 417, 418, 419, 421, 422, 423, 425, 430, 431, 433, 434, 435, 437, 438, 439, 441, 462, 463, 465, 466, 467, 469, 470, 471, 473, 478, 479, 481, 482, 483, 485, 486, 487, 489, 494, 495, 497, 498, 499, 501, 502, 503, 505, 526, 527, 529, 530, 531, 533, 534, 535, 537, 641]
x_212: [1, 2, 3, 5, 7, 8, 9, 10, 12, 29, 30, 31, 32, 34, 36, 37, 38, 39, 41, 43, 44, 45, 46, 48, 66, 67, 68, 69, 71, 75, 76, 77, 79, 80, 81, 83, 84, 85, 91, 92, 93, 95, 96, 97, 99, 100, 101, 123, 124, 125, 127, 128, 129, 131, 132, 133, 173, 174, 175, 176, 178, 180, 181, 182, 183, 185, 203, 204, 205, 206, 208, 210, 211, 213, 214, 215, 217, 218, 219, 220, 222, 232, 240, 241, 242, 243, 245, 250, 251, 252, 254, 255, 256, 258, 259, 260, 266, 267, 268, 270, 271, 272, 274, 275, 276, 298, 299, 300, 302, 303, 304, 306, 307, 308, 313, 350, 351, 352, 354, 355, 356, 358, 359, 360, 366, 367, 368, 370, 371, 372, 374, 375, 376, 398, 399, 400, 402, 403, 404, 406, 407, 408, 414, 415, 416, 418, 419, 420, 422, 423, 424, 430, 431, 432, 434, 435, 436, 438, 439, 440, 462, 463, 464, 466, 467, 468, 470, 471, 472, 478, 479, 480, 482, 483, 484, 486, 487, 488, 494, 495, 496, 498, 499, 500, 502, 503, 504, 526, 527, 528, 530, 531, 532, 534, 535, 536, 642]
x_213: [1, 2, 3, 4, 5, 7, 9, 10, 11, 12, 29, 31, 32, 33, 34, 36, 38, 39, 40, 41, 43, 45, 46, 47, 48, 66, 68, 69, 70, 71, 76, 77, 78, 80, 81, 82, 84, 85, 86, 92, 93, 94, 96, 97, 98, 100, 101, 102, 124, 125, 126, 128, 129, 130, 132, 133, 134, 173, 175, 176, 177, 178, 180, 182, 183, 184, 185, 203, 205, 206, 207, 208, 209, 210, 211, 212, 214, 215, 217, 219, 220, 221, 222, 233, 240, 242, 243, 244, 245, 251, 252, 253, 255, 256, 257, 259, 260, 261, 267, 268, 269, 271, 272, 273, 275, 276, 277, 299, 300, 301, 303, 304, 305, 307, 308, 309, 314, 351, 352, 353, 355, 356, 357, 359, 360, 361, 367, 368, 369, 371, 372, 373, 375, 376, 377, 399, 400, 401, 403, 404, 405, 407, 408, 409, 415, 416, 417, 419, 420, 421, 423, 424, 425, 431, 432, 433, 435, 436, 437, 439, 440, 441, 463, 464, 465, 467, 468, 469, 471, 472, 473, 479, 480, 481, 483, 484, 485, 487, 488, 489, 495, 496, 497, 499, 500, 501, 503, 504, 505, 527, 528, 529, 531, 532, 533, 535, 536, 537, 643]
x_214: [1, 3, 4, 5, 7, 8, 10, 11, 12, 29, 30, 32, 33, 34, 36, 37, 39, 40, 41, 43, 44, 46, 47, 48, 66, 67, 69, 70, 71, 75, 77, 78, 79, 81, 82, 83, 85, 86, 91, 93, 94, 95, 97, 98, 99, 101, 102, 123, 125, 126, 127, 129, 130, 131, 133, 134, 173, 174, 176, 177, 178, 180, 181, 183, 184, 185, 203, 204, 206, 207, 208, 210, 211, 212, 213, 215, 217, 218, 220, 221, 222, 234, 240, 241, 243, 244, 245, 250, 252, 253, 254, 256, 257, 258, 260, 261, 266, 268, 269, 270, 272, 273, 274, 276, 277, 298, 300, 301, 302, 304, 305, 306, 308, 309, 315, 350, 352, 353, 354, 356, 357, 358, 360, 361, 366, 368, 369, 370, 372, 373, 374, 376, 377, 398, 400, 401, 402, 404, 405, 406, 408, 409, 414, 416, 417, 418, 420, 421, 422, 424, 425, 430, 432, 433, 434, 436, 437, 438, 440, 441, 462, 464, 465, 466, 468, 469, 470, 472, 473, 478, 480, 481, 482, 484, 485, 486, 488, 489, 494, 496, 497, 498, 500, 501, 502, 504, 505, 526, 528, 529, 530, 532, 533, 534, 536, 537, 644]
x_215: [2, 3, 4, 5, 6, 9, 10, 11, 12, 28, 31, 32, 33, 34, 35, 38, 39, 40, 41, 42, 45, 46, 47, 48, 65, 68, 69, 70, 71, 72, 73, 74, 80, 81, 82, 84, 85, 86, 88, 89, 90, 96, 97, 98, 100, 101, 102, 120, 121, 122, 128, 129, 130, 132, 133, 134, 172, 175, 176, 177, 178, 179, 182, 183, 184, 185, 202, 205, 206, 207, 208, 209, 210, 212, 213, 214, 216, 219, 220, 221, 222, 237, 239, 242, 243, 244, 245, 247, 248, 249, 255, 256, 257, 259, 260, 261, 263, 264, 265, 271, 272, 273, 275, 276, 277, 295, 296, 297, 303, 304, 305, 307, 308, 309, 316, 347, 348, 349, 355, 356, 357, 359, 360, 361, 363, 364, 365, 371, 372, 373, 375, 376, 377, 395, 396, 397, 403, 404, 405, 407, 408, 409, 411, 412, 413, 419, 420, 421, 423, 424, 425, 427, 428, 429, 435, 436, 437, 439, 440, 441, 459, 460, 461, 467, 468, 469, 471, 472, 473, 475, 476, 477, 483, 484, 485, 487, 488, 489, 491, 492, 493, 499, 500, 501, 503, 504, 505, 523, 524, 525, 531, 532, 533, 535, 536, 537, 645]
x_216: [1, 5, 6, 7, 12, 13, 14, 15, 17, 18, 19, 25, 26, 27, 35, 36, 41, 42, 43, 48, 50, 51, 52, 54, 55, 56, 62, 63, 64, 72, 73, 74, 76, 77, 78, 84, 85, 86, 88, 89, 90, 92, 93, 94, 100, 101, 102, 104, 105, 106, 108, 109, 110, 116, 117, 118, 172, 173, 178, 179, 180, 185, 187, 188, 189, 191, 192, 193, 199, 200, 201, 209, 210, 215, 217, 220, 222, 224, 225, 226, 228, 229, 230, 236, 237, 238, 239, 247, 248, 249, 251, 252, 253, 259, 260, 261, 263, 264, 265, 267, 268, 269, 275, 276, 277, 279, 280, 281, 283, 284, 285, 291, 292, 293, 317, 347, 348, 349, 351, 352, 353, 359, 360, 361, 363, 364, 365, 367, 368, 369, 375, 376, 377, 379, 380, 381, 383, 384, 385, 391, 392, 393, 411, 412, 413, 415, 416, 417, 423, 424, 425, 427, 428, 429, 431, 432, 433, 439, 440, 441, 443, 444, 445, 447, 448, 449, 455, 456, 457, 475, 476, 477, 479, 480, 481, 487, 488, 489, 491, 492, 493, 495, 496, 497, 503, 504, 505, 507, 508, 509, 511, 512, 513, 519, 520, 521, 646]
x_217: [1, 2, 3, 4, 6, 7, 9, 10, 11, 13, 14, 15, 17, 18, 19, 21, 22, 23, 35, 36, 38, 39, 40, 42, 43, 45, 46, 47, 50, 51, 52, 54, 55, 56, 58, 59, 60, 72, 73, 74, 76, 77, 78, 80, 81, 82, 88, 89, 90, 92, 93, 94, 96, 97, 98, 104, 105, 106, 108, 109, 110, 112, 113, 114, 172, 173, 175, 176, 177, 179, 180, 182, 183, 184, 187, 188, 189, 191, 192, 193, 195, 196, 197, 209, 210, 212, 213, 214, 216, 219, 220, 221, 222, 224, 225, 226, 228, 229, 230, 232, 233, 234, 240, 247, 248, 249, 251, 252, 253, 255, 256, 257, 263, 264, 265, 267, 268, 269, 271, 272, 273, 279, 280, 281, 283, 284, 285, 287, 288, 289, 318, 347, 348, 349, 351, 352, 353, 355, 356, 357, 363, 364, 365, 367, 368, 369, 371, 372, 373, 379, 380, 381, 383, 384, 385, 387, 388, 389, 411, 412, 413, 415, 416, 417, 419, 420, 421, 427, 428, 429, 431, 432, 433, 435, 436, 437, 443, 444, 445, 447, 448, 449, 451, 452, 453, 475, 476, 477, 479, 480, 481, 483, 484, 485, 491, 492, 493, 495, 496, 497, 499, 500, 501, 507, 508, 509, 511, 512, 513, 515, 516, 517, 647]
x_218: [2, 4, 8, 9, 11, 16, 17, 19, 20, 21, 23, 24, 25, 27, 37, 38, 40, 44, 45, 47, 53, 54, 56, 57, 58, 60, 61, 62, 64, 75, 76, 78, 79, 80, 82, 83, 84, 86, 91, 92, 94, 95, 96, 98, 99, 100, 102, 107, 108, 110, 111, 112, 114, 115, 116, 118, 174, 175, 177, 181, 182, 184, 190, 191, 193, 194, 195, 197, 198, 199, 201, 211, 212, 214, 219, 220, 221, 227, 228, 230, 231, 232, 234, 235, 236, 238, 241, 250, 251, 253, 254, 255, 257, 258, 259, 261, 266, 267, 269, 270, 271, 273, 274, 275, 277, 282, 283, 285, 286, 287, 289, 290, 291, 293, 319, 350, 351, 353, 354, 355, 357, 358, 359, 361, 366, 367, 369, 370, 371, 373, 374, 375, 377, 382, 383, 385, 386, 387, 389, 390, 391, 393, 414, 415, 417, 418, 419, 421, 422, 423, 425, 430, 431, 433, 434, 435, 437, 438, 439, 441, 446, 447, 449, 450, 451, 453, 454, 455, 457, 478, 479, 481, 482, 483, 485, 486, 487, 489, 494, 495, 497, 498, 499, 501, 502, 503, 505, 510, 511, 513, 514, 515, 517, 518, 519, 521, 648]
x_219: [1, 2, 3, 5, 7, 8, 9, 10, 12, 16, 17, 18, 20, 21, 22, 24, 25, 26, 36, 37, 38, 39, 41, 43, 44, 45, 46, 48, 53, 54, 55, 57, 58, 59, 61, 62, 63, 75, 76, 77, 79, 80, 81, 83, 84, 85, 91, 92, 93, 95, 96, 97, 99, 100, 101, 107, 108, 109, 111, 112, 113, 115, 116, 117, 173, 174, 175, 176, 178, 180, 181, 182, 183, 185, 190, 191, 192, 194, 195, 196, 198, 199, 200, 210, 211, 212, 213, 215, 217, 218, 220, 221, 222, 227, 228, 229, 231, 232, 233, 235, 236, 237, 242, 250, 251, 252, 254, 255, 256, 258, 259, 260, 266, 267, 268, 270, 271, 272, 274, 275, 276, 282, 283, 284, 286, 287, 288, 290, 291, 292, 320, 350, 351, 352, 354, 355, 356, 358, 359, 360, 366, 367, 368, 370, 371, 372, 374, 375, 376, 382, 383, 384, 386, 387, 388, 390, 391, 392, 414, 415, 416, 418, 419, 420, 422, 423, 424, 430, 431, 432, 434, 435, 436, 438, 439, 440, 446, 447, 448, 450, 451, 452, 454, 455, 456, 478, 479, 480, 482, 483, 484, 486, 487, 488, 494, 495, 496, 498, 499, 500, 502, 503, 504, 510, 511, 512, 514, 515, 516, 518, 519, 520, 649]
x_220: [1, 2, 3, 4, 5, 7, 9, 10, 11, 12, 17, 18, 19, 21, 22, 23, 25, 26, 27, 36, 38, 39, 40, 41, 43, 45, 46, 47, 48, 54, 55, 56, 58, 59, 60, 62, 63, 64, 76, 77, 78, 80, 81, 82, 84, 85, 86, 92, 93, 94, 96, 97, 98, 100, 101, 102, 108, 109, 110, 112, 113, 114, 116, 117, 118, 173, 175, 176, 177, 178, 180, 182, 183, 184, 185, 191, 192, 193, 195, 196, 197, 199, 200, 201, 210, 212, 213, 214, 215, 216, 217, 218, 219, 221, 222, 228, 229, 230, 232, 233, 234, 236, 237, 238, 243, 251, 252, 253, 255, 256, 257, 259, 260, 261, 267, 268, 269, 271, 272, 273, 275, 276, 277, 283, 284, 285, 287, 288, 289, 291, 292, 293, 321, 351, 352, 353, 355, 356, 357, 359, 360, 361, 367, 368, 369, 371, 372, 373, 375, 376, 377, 383, 384, 385, 387, 388, 389, 391, 392, 393, 415, 416, 417, 419, 420, 421, 423, 424, 425, 431, 432, 433, 435, 436, 437, 439, 440, 441, 447, 448, 449, 451, 452, 453, 455, 456, 457, 479, 480, 481, 483, 484, 485, 487, 488, 489, 495, 496, 497, 499, 500, 501, 503, 504, 505, 511, 512, 513, 515, 516, 517, 519, 520, 521, 650]
x_221: [1, 3, 4, 5, 7, 8, 10, 11, 12, 16, 18, 19, 20, 22, 23, 24, 26, 27, 36, 37, 39, 40, 41, 43, 44, 46, 47, 48, 53, 55, 56, 57, 59, 60, 61, 63, 64, 75, 77, 78, 79, 81, 82, 83, 85, 86, 91, 93, 94, 95, 97, 98, 99, 101, 102, 107, 109, 110, 111, 113, 114, 115, 117, 118, 173, 174, 176, 177, 178, 180, 181, 183, 184, 185, 190, 192, 193, 194, 196, 197, 198, 200, 201, 210, 211, 213, 214, 215, 217, 218, 219, 220, 222, 227, 229, 230, 231, 233, 234, 235, 237, 238, 244, 250, 252, 253, 254, 256, 257, 258, 260, 261, 266, 268, 269, 270, 272, 273, 274, 276, 277, 282, 284, 285, 286, 288, 289, 290, 292, 293, 322, 350, 352, 353, 354, 356, 357, 358, 360, 361, 366, 368, 369, 370, 372, 373, 374, 376, 377, 382, 384, 385, 386, 388, 389, 390, 392, 393, 414, 416, 417, 418, 420, 421, 422, 424, 425, 430, 432, 433, 434, 436, 437, 438, 440, 441, 446, 448, 449, 450, 452, 453, 454, 456, 457, 478, 480, 481, 482, 484, 485, 486, 488, 489, 494, 496, 497, 498, 500, 501, 502, 504, 505, 510, 512, 513, 514, 516, 517, 518, 520, 521, 651]
x_222: [2, 3, 4, 5, 6, 9, 10, 11, 12, 13, 14, 15, 21, 22, 23, 25, 26, 27, 35, 38, 39, 40, 41, 42, 45, 46, 47, 48, 50, 51, 52, 58, 59, 60, 62, 63, 64, 72, 73, 74, 80, 81, 82, 84, 85, 86, 88, 89, 90, 96, 97, 98, 100, 101, 102, 104, 105, 106, 112, 113, 114, 116, 117, 118, 172, 175, 176, 177, 178, 179, 182, 183, 184, 185, 187, 188, 189, 195, 196, 197, 199, 200, 201, 209, 212, 213, 214, 215, 216, 217, 219, 220, 221, 224, 225, 226, 232, 233, 234, 236, 237, 238, 245, 247, 248, 249, 255, 256, 257, 259, 260, 261, 263, 264, 265, 271, 272, 273, 275, 276, 277, 279, 280, 281, 287, 288, 289, 291, 292, 293, 323, 347, 348, 349, 355, 356, 357, 359, 360, 361, 363, 364, 365, 371, 372, 373, 375, 376, 377, 379, 380, 381, 387, 388, 389, 391, 392, 393, 411, 412, 413, 419, 420, 421, 423, 424, 425, 427, 428, 429, 435, 436, 437, 439, 440, 441, 443, 444, 445, 451, 452, 453, 455, 456, 457, 475, 476, 477, 483, 484, 485, 487, 488, 489, 491, 492, 493, 499, 500, 501, 503, 504, 505, 507, 508, 509, 515, 516, 517, 519, 520, 521, 652]
x_223: [13, 15, 16, 17, 19, 24, 25, 27, 49, 50, 52, 53, 54, 56, 61, 62, 64, 87, 88, 90, 91, 92, 94, 99, 100, 102, 103, 104, 106, 107, 108, 110, 115, 116, 118, 119, 120, 122, 123, 124, 126, 131, 132, 134, 186, 187, 189, 190, 191, 193, 198, 199, 201, 224, 225, 226, 227, 228, 230, 231, 235, 236, 238, 262, 263, 265, 266, 267, 269, 274, 275, 277, 278, 279, 281, 282, 283, 285, 290, 291, 293, 294, 295, 297, 298, 299, 301, 306, 307, 309, 324, 362, 363, 365, 366, 367, 369, 374, 375, 377, 378, 379, 381, 382, 383, 385, 390, 391, 393, 394, 395, 397, 398, 399, 401, 406, 407, 409, 426, 427, 429, 430, 431, 433, 438, 439, 441, 442, 443, 445, 446, 447, 449, 454, 455, 457, 458, 459, 461, 462, 463, 465, 470, 471, 473, 490, 491, 493, 494, 495, 497, 502, 503, 505, 506, 507, 509, 510, 511, 513, 518, 519, 521, 522, 523, 525, 526, 527, 529, 534, 535, 537, 653]
x_224: [6, 7, 12, 13, 14, 16, 17, 18, 24, 25, 26, 28, 29, 34, 42, 43, 48, 49, 50, 51, 53, 54, 55, 61, 62, 63, 65, 66, 71, 87, 88, 89, 91, 92, 93, 99, 100, 101, 103, 104, 105, 107, 108, 109, 115, 116, 117, 119, 120, 121, 123, 124, 125, 131, 132, 133, 179, 180, 185, 186, 187, 188, 190, 191, 192, 198, 199, 200, 202, 203, 208, 216, 217, 222, 223, 225, 226, 227, 228, 229, 232, 235, 236, 237, 239, 240, 245, 262, 263, 264, 266, 267, 268, 274, 275, 276, 278, 279, 280, 282, 283, 284, 290, 291, 292, 294, 295, 296, 298, 299, 300, 306, 307, 308, 325, 362, 363, 364, 366, 367, 368, 374, 375, 376, 378, 379, 380, 382, 383, 384, 390, 391, 392, 394, 395, 396, 398, 399, 400, 406, 407, 408, 426, 427, 428, 430, 431, 432, 438, 439, 440, 442, 443, 444, 446, 447, 448, 454, 455, 456, 458, 459, 460, 462, 463, 464, 470, 471, 472, 490, 491, 492, 494, 495, 496, 502, 503, 504, 506, 507, 508, 510, 511, 512, 518, 519, 520, 522, 523, 524, 526, 527, 528, 534, 535, 536, 654]
x_225: [6, 7, 12, 13, 14, 15, 17, 18, 19, 25, 26, 27, 28, 29, 34, 42, 43, 48, 50, 51, 52, 54, 55, 56, 62, 63, 64, 65, 66, 71, 88, 89, 90, 92, 93, 94, 100, 101, 102, 104, 105, 106, 108, 109, 110, 116, 117, 118, 120, 121, 122, 124, 125, 126, 132, 133, 134, 179, 180, 185, 187, 188, 189, 191, 192, 193, 199, 200, 201, 202, 203, 208, 209, 216, 217, 222, 223, 224, 226, 228, 229, 230, 233, 236, 237, 238, 239, 240, 245, 263, 264, 265, 267, 268, 269, 275, 276, 277, 279, 280, 281, 283, 284, 285, 291, 292, 293, 295, 296, 297, 299, 300, 301, 307, 308, 309, 326, 363, 364, 365, 367, 368, 369, 375, 376, 377, 379, 380, 381, 383, 384, 385, 391, 392, 393, 395, 396, 397, 399, 400, 401, 407, 408, 409, 427, 428, 429, 431, 432, 433, 439, 440, 441, 443, 444, 445, 447, 448, 449, 455, 456, 457, 459, 460, 461, 463, 464, 465, 471, 472, 473, 491, 492, 493, 495, 496, 497, 503, 504, 505, 507, 508, 509, 511, 512, 513, 519, 520, 521, 523, 524, 525, 527, 528, 529, 535, 536, 537, 655]
x_226: [6, 7, 12, 14, 15, 16, 18, 19, 24, 26, 27, 28, 29, 34, 42, 43, 48, 49, 51, 52, 53, 55, 56, 61, 63, 64, 65, 66, 71, 87, 89, 90, 91, 93, 94, 99, 101, 102, 103, 105, 106, 107, 109, 110, 115, 117, 118, 119, 121, 122, 123, 125, 126, 131, 133, 134, 179, 180, 185, 186, 188, 189, 190, 192, 193, 198, 200, 201, 202, 203, 208, 216, 217, 222, 223, 224, 225, 227, 229, 230, 234, 235, 237, 238, 239, 240, 245, 262, 264, 265, 266, 268, 269, 274, 276, 277, 278, 280, 281, 282, 284, 285, 290, 292, 293, 294, 296, 297, 298, 300, 301, 306, 308, 309, 327, 362, 364, 365, 366, 368, 369, 374, 376, 377, 378, 380, 381, 382, 384, 385, 390, 392, 393, 394, 396, 397, 398, 400, 401, 406, 408, 409, 426, 428, 429, 430, 432, 433, 438, 440, 441, 442, 444, 445, 446, 448, 449, 454, 456, 457, 458, 460, 461, 462, 464, 465, 470, 472, 473, 490, 492, 493, 494, 496, 497, 502, 504, 505, 506, 508, 509, 510, 512, 513, 518, 520, 521, 522, 524, 525, 526, 528, 529, 534, 536, 537, 656]
x_227: [8, 9, 11, 13, 15, 16, 17, 19, 20, 21, 23, 30, 31, 33, 44, 45, 47, 49, 50, 52, 53, 54, 56, 57, 58, 60, 67, 68, 70, 87, 88, 90, 91, 92, 94, 95, 96, 98, 103, 104, 106, 107, 108, 110, 111, 112, 114, 119, 120, 122, 123, 124, 126, 127, 128, 130, 181, 182, 184, 186, 187, 189, 190, 191, 193, 194, 195, 197, 204, 205, 207, 218, 219, 221, 223, 224, 226, 228, 229, 230, 231, 232, 234, 235, 241, 242, 244, 262, 263, 265, 266, 267, 269, 270, 271, 273, 278, 279, 281, 282, 283, 285, 286, 287, 289, 294, 295, 297, 298, 299, 301, 302, 303, 305, 328, 362, 363, 365, 366, 367, 369, 370, 371, 373, 378, 379, 381, 382, 383, 385, 386, 387, 389, 394, 395, 397, 398, 399, 401, 402, 403, 405, 426, 427, 429, 430, 431, 433, 434, 435, 437, 442, 443, 445, 446, 447, 449, 450, 451, 453, 458, 459, 461, 462, 463, 465, 466, 467, 469, 490, 491, 493, 494, 495, 497, 498, 499, 501, 506, 507, 509, 510, 511, 513, 514, 515, 517, 522, 523, 525, 526, 527, 529, 530, 531, 533, 657]
x_228: [6, 7, 8, 9, 10, 13, 14, 16, 17, 18, 20, 21, 22, 28, 29, 30, 31, 32, 42, 43, 44, 45, 46, 49, 50, 51, 53, 54, 55, 57, 58, 59, 65, 66, 67, 68, 69, 87, 88, 89, 91, 92, 93, 95, 96, 97, 103, 104, 105, 107, 108, 109, 111, 112, 113, 119, 120, 121, 123, 124, 125, 127, 128, 129, 179, 180, 181, 182, 183, 186, 187, 188, 190, 191, 192, 194, 195, 196, 202, 203, 204, 205, 206, 216, 217, 218, 219, 220, 223, 224, 225, 227, 229, 230, 231, 232, 233, 236, 239, 240, 241, 242, 243, 262, 263, 264, 266, 267, 268, 270, 271, 272, 278, 279, 280, 282, 283, 284, 286, 287, 288, 294, 295, 296, 298, 299, 300, 302, 303, 304, 329, 362, 363, 364, 366, 367, 368, 370, 371, 372, 378, 379, 380, 382, 383, 384, 386, 387, 388, 394, 395, 396, 398, 399, 400, 402, 403, 404, 426, 427, 428, 430, 431, 432, 434, 435, 436, 442, 443, 444, 446, 447, 448, 450, 451, 452, 458, 459, 460, 462, 463, 464, 466, 467, 468, 490, 491, 492, 494, 495, 496, 498, 499, 500, 506, 507, 508, 510, 511, 512, 514, 515, 516, 522, 523, 524, 526, 527, 528, 530, 531, 532, 658]
x_229: [6, 7, 9, 10, 11, 13, 14, 15, 17, 18, 19, 21, 22, 23, 28, 29, 31, 32, 33, 42, 43, 45, 46, 47, 50, 51, 52, 54, 55, 56, 58, 59, 60, 65, 66, 68, 69, 70, 88, 89, 90, 92, 93, 94, 96, 97, 98, 104, 105, 106, 108, 109, 110, 112, 113, 114, 120, 121, 122, 124, 125, 126, 128, 129, 130, 179, 180, 182, 183, 184, 187, 188, 189, 191, 192, 193, 195, 196, 197, 202, 203, 205, 206, 207, 210, 216, 217, 219, 220, 221, 224, 225, 226, 227, 228, 230, 232, 233, 234, 237, 239, 240, 242, 243, 244, 263, 264, 265, 267, 268, 269, 271, 272, 273, 279, 280, 281, 283, 284, 285, 287, 288, 289, 295, 296, 297, 299, 300, 301, 303, 304, 305, 330, 363, 364, 365, 367, 368, 369, 371, 372, 373, 379, 380, 381, 383, 384, 385, 387, 388, 389, 395, 396, 397, 399, 400, 401, 403, 404, 405, 427, 428, 429, 431, 432, 433, 435, 436, 437, 443, 444, 445, 447, 448, 449, 451, 452, 453, 459, 460, 461, 463, 464, 465, 467, 468, 469, 491, 492, 493, 495, 496, 497, 499, 500, 501, 507, 508, 509, 511, 512, 513, 515, 516, 517, 523, 524, 525, 527, 528, 529, 531, 532, 533, 659]
x_230: [6, 7, 8, 10, 11, 14, 15, 16, 18, 19, 20, 22, 23, 28, 29, 30, 32, 33, 42, 43, 44, 46, 47, 49, 51, 52, 53, 55, 56, 57, 59, 60, 65, 66, 67, 69, 70, 87, 89, 90, 91, 93, 94, 95, 97, 98, 103, 105, 106, 107, 109, 110, 111, 113, 114, 119, 121, 122, 123, 125, 126, 127, 129, 130, 179, 180, 181, 183, 184, 186, 188, 189, 190, 192, 193, 194, 196, 197, 202, 203, 204, 206, 207, 216, 217, 218, 220, 221, 223, 225, 226, 227, 228, 229, 231, 233, 234, 238, 239, 240, 241, 243, 244, 262, 264, 265, 266, 268, 269, 270, 272, 273, 278, 280, 281, 282, 284, 285, 286, 288, 289, 294, 296, 297, 298, 300, 301, 302, 304, 305, 331, 362, 364, 365, 366, 368, 369, 370, 372, 373, 378, 380, 381, 382, 384, 385, 386, 388, 389, 394, 396, 397, 398, 400, 401, 402, 404, 405, 426, 428, 429, 430, 432, 433, 434, 436, 437, 442, 444, 445, 446, 448, 449, 450, 452, 453, 458, 460, 461, 462, 464, 465, 466, 468, 469, 490, 492, 493, 494, 496, 497, 498, 500, 501, 506, 508, 509, 510, 512, 513, 514, 516, 517, 522, 524, 525, 526, 528, 529, 530, 532, 533, 660]
x_231: [8, 9, 11, 16, 17, 19, 20, 21, 23, 24, 25, 27, 30, 31, 33, 44, 45, 47, 53, 54, 56, 57, 58, 60, 61, 62, 64, 67, 68, 70, 91, 92, 94, 95, 96, 98, 99, 100, 102, 107, 108, 110, 111, 112, 114, 115, 116, 118, 123, 124, 126, 127, 128, 130, 131, 132, 134, 181, 182, 184, 190, 191, 193, 194, 195, 197, 198, 199, 201, 204, 205, 207, 211, 218, 219, 221, 223, 227, 228, 230, 232, 233, 234, 235, 236, 238, 241, 242, 244, 266, 267, 269, 270, 271, 273, 274, 275, 277, 282, 283, 285, 286, 287, 289, 290, 291, 293, 298, 299, 301, 302, 303, 305, 306, 307, 309, 332, 366, 367, 369, 370, 371, 373, 374, 375, 377, 382, 383, 385, 386, 387, 389, 390, 391, 393, 398, 399, 401, 402, 403, 405, 406, 407, 409, 430, 431, 433, 434, 435, 437, 438, 439, 441, 446, 447, 449, 450, 451, 453, 454, 455, 457, 462, 463, 465, 466, 467, 469, 470, 471, 473, 494, 495, 497, 498, 499, 501, 502, 503, 505, 510, 511, 513, 514, 515, 517, 518, 519, 521, 526, 527, 529, 530, 531, 533, 534, 535, 537, 661]
x_232: [7, 8, 9, 10, 12, 16, 17, 18, 20, 21, 22, 24, 25, 26, 29, 30, 31, 32, 34, 43, 44, 45, 46, 48, 53, 54, 55, 57, 58, 59, 61, 62, 63, 66, 67, 68, 69, 71, 91, 92, 93, 95, 96, 97, 99, 100, 101, 107, 108, 109, 111, 112, 113, 115, 116, 117, 123, 124, 125, 127, 128, 129, 131, 132, 133, 180, 181, 182, 183, 185, 190, 191, 192, 194, 195, 196, 198, 199, 200, 203, 204, 205, 206, 208, 212, 217, 218, 219, 220, 222, 224, 227, 228, 229, 231, 233, 234, 235, 236, 237, 240, 241, 242, 243, 245, 266, 267, 268, 270, 271, 272, 274, 275, 276, 282, 283, 284, 286, 287, 288, 290, 291, 292, 298, 299, 300, 302, 303, 304, 306, 307, 308, 333, 366, 367, 368, 370, 371, 372, 374, 375, 376, 382, 383, 384, 386, 387, 388, 390, 391, 392, 398, 399, 400, 402, 403, 404, 406, 407, 408, 430, 431, 432, 434, 435, 436, 438, 439, 440, 446, 447, 448, 450, 451, 452, 454, 455, 456, 462, 463, 464, 466, 467, 468, 470, 471, 472, 494, 495, 496, 498, 499, 500, 502, 503, 504, 510, 511, 512, 514, 515, 516, 518, 519, 520, 526, 527, 528, 530, 531, 532, 534, 535, 536, 662]
x_233: [7, 9, 10, 11, 12, 17, 18, 19, 21, 22, 23, 25, 26, 27, 29, 31, 32, 33, 34, 43, 45, 46, 47, 48, 54, 55, 56, 58, 59, 60, 62, 63, 64, 66, 68, 69, 70, 71, 92, 93, 94, 96, 97, 98, 100, 101, 102, 108, 109, 110, 112, 113, 114, 116, 117, 118, 124, 125, 126, 128, 129, 130, 132, 133, 134, 180, 182, 183, 184, 185, 191, 192, 193, 195, 196, 197, 199, 200, 201, 203, 205, 206, 207, 208, 213, 217, 219, 220, 221, 222, 225, 228, 229, 230, 231, 232, 234, 236, 237, 238, 240, 242, 243, 244, 245, 267, 268, 269, 271, 272, 273, 275, 276, 277, 283, 284, 285, 287, 288, 289, 291, 292, 293, 299, 300, 301, 303, 304, 305, 307, 308, 309, 334, 367, 368, 369, 371, 372, 373, 375, 376, 377, 383, 384, 385, 387, 388, 389, 391, 392, 393, 399, 400, 401, 403, 404, 405, 407, 408, 409, 431, 432, 433, 435, 436, 437, 439, 440, 441, 447, 448, 449, 451, 452, 453, 455, 456, 457, 463, 464, 465, 467, 468, 469, 471, 472, 473, 495, 496, 497, 499, 500, 501, 503, 504, 505, 511, 512, 513, 515, 516, 517, 519, 520, 521, 527, 528, 529, 531, 532, 533, 535, 536, 537, 663]
x_234: [7, 8, 10, 11, 12, 16, 18, 19, 20, 22, 23, 24, 26, 27, 29, 30, 32, 33, 34, 43, 44, 46, 47, 48, 53, 55, 56, 57, 59, 60, 61, 63, 64, 66, 67, 69, 70, 71, 91, 93, 94, 95, 97, 98, 99, 101, 102, 107, 109, 110, 111, 113, 114, 115, 117, 118, 123, 125, 126, 127, 129, 130, 131, 133, 134, 180, 181, 183, 184, 185, 190, 192, 193, 194, 196, 197, 198, 200, 201, 203, 204, 206, 207, 208, 214, 217, 218, 220, 221, 222, 226, 227, 229, 230, 231, 232, 233, 235, 237, 238, 240, 241, 243, 244, 245, 266, 268, 269, 270, 272, 273, 274, 276, 277, 282, 284, 285, 286, 288, 289, 290, 292, 293, 298, 300, 301, 302, 304, 305, 306, 308, 309, 335, 366, 368, 369, 370, 372, 373, 374, 376, 377, 382, 384, 385, 386, 388, 389, 390, 392, 393, 398, 400, 401, 402, 404, 405, 406, 408, 409, 430, 432, 433, 434, 436, 437, 438, 440, 441, 446, 448, 449, 450, 452, 453, 454, 456, 457, 462, 464, 465, 466, 468, 469, 470, 472, 473, 494, 496, 497, 498, 500, 501, 502, 504, 505, 510, 512, 513, 514, 516, 517, 518, 520, 521, 526, 528, 529, 530, 532, 533, 534, 536, 537, 664]
x_235: [8, 9, 11, 13, 15, 20, 21, 23, 24, 25, 27, 30, 31, 33, 44, 45, 47, 49, 50, 52, 57, 58, 60, 61, 62, 64, 67, 68, 70, 87, 88, 90, 95, 96, 98, 99, 100, 102, 103, 104, 106, 111, 112, 114, 115, 116, 118, 119, 120, 122, 127, 128, 130, 131, 132, 134, 181, 182, 184, 186, 187, 189, 194, 195, 197, 198, 199, 201, 204, 205, 207, 218, 219, 221, 223, 224, 226, 227, 231, 232, 234, 236, 237, 238, 241, 242, 244, 262, 263, 265, 270, 271, 273, 274, 275, 277, 278, 279, 281, 286, 287, 289, 290, 291, 293, 294, 295, 297, 302, 303, 305, 306, 307, 309, 336, 362, 363, 365, 370, 371, 373, 374, 375, 377, 378, 379, 381, 386, 387, 389, 390, 391, 393, 394, 395, 397, 402, 403, 405, 406, 407, 409, 426, 427, 429, 434, 435, 437, 438, 439, 441, 442, 443, 445, 450, 451, 453, 454, 455, 457, 458, 459, 461, 466, 467, 469, 470, 471, 473, 490, 491, 493, 498, 499, 501, 502, 503, 505, 506, 507, 509, 514, 515, 517, 518, 519, 521, 522, 523, 525, 530, 531, 533, 534, 535, 537, 665]
x_236: [6, 8, 9, 10, 12, 13, 14, 20, 21, 22, 24, 25, 26, 28, 30, 31, 32, 34, 42, 44, 45, 46, 48, 49, 50, 51, 57, 58, 59, 61, 62, 63, 65, 67, 68, 69, 71, 87, 88, 89, 95, 96, 97, 99, 100, 101, 103, 104, 105, 111, 112, 113, 115, 116, 117, 119, 120, 121, 127, 128, 129, 131, 132, 133, 179, 181, 182, 183, 185, 186, 187, 188, 194, 195, 196, 198, 199, 200, 202, 204, 205, 206, 208, 216, 218, 219, 220, 222, 223, 224, 225, 228, 231, 232, 233, 235, 237, 238, 239, 241, 242, 243, 245, 262, 263, 264, 270, 271, 272, 274, 275, 276, 278, 279, 280, 286, 287, 288, 290, 291, 292, 294, 295, 296, 302, 303, 304, 306, 307, 308, 337, 362, 363, 364, 370, 371, 372, 374, 375, 376, 378, 379, 380, 386, 387, 388, 390, 391, 392, 394, 395, 396, 402, 403, 404, 406, 407, 408, 426, 427, 428, 434, 435, 436, 438, 439, 440, 442, 443, 444, 450, 451, 452, 454, 455, 456, 458, 459, 460, 466, 467, 468, 470, 471, 472, 490, 491, 492, 498, 499, 500, 502, 503, 504, 506, 507, 508, 514, 515, 516, 518, 519, 520, 522, 523, 524, 530, 531, 532, 534, 535, 536, 666]
x_237: [6, 9, 10, 11, 12, 13, 14, 15, 21, 22, 23, 25, 26, 27, 28, 31, 32, 33, 34, 42, 45, 46, 47, 48, 50, 51, 52, 58, 59, 60, 62, 63, 64, 65, 68, 69, 70, 71, 88, 89, 90, 96, 97, 98, 100, 101, 102, 104, 105, 106, 112, 113, 114, 116, 117, 118, 120, 121, 122, 128, 129, 130, 132, 133, 134, 179, 182, 183, 184, 185, 187, 188, 189, 195, 196, 197, 199, 200, 201, 202, 205, 206, 207, 208, 215, 216, 219, 220, 221, 222, 224, 225, 226, 229, 232, 233, 234, 235, 236, 238, 239, 242, 243, 244, 245, 263, 264, 265, 271, 272, 273, 275, 276, 277, 279, 280, 281, 287, 288, 289, 291, 292, 293, 295, 296, 297, 303, 304, 305, 307, 308, 309, 338, 363, 364, 365, 371, 372, 373, 375, 376, 377, 379, 380, 381, 387, 388, 389, 391, 392, 393, 395, 396, 397, 403, 404, 405, 407, 408, 409, 427, 428, 429, 435, 436, 437, 439, 440, 441, 443, 444, 445, 451, 452, 453, 455, 456, 457, 459, 460, 461, 467, 468, 469, 471, 472, 473, 491, 492, 493, 499, 500, 501, 503, 504, 505, 507, 508, 509, 515, 516, 517, 519, 520, 521, 523, 524, 525, 531, 532, 533, 535, 536, 537, 667]
x_238: [6, 8, 10, 11, 12, 14, 15, 20, 22, 23, 24, 26, 27, 28, 30, 32, 33, 34, 42, 44, 46, 47, 48, 49, 51, 52, 57, 59, 60, 61, 63, 64, 65, 67, 69, 70, 71, 87, 89, 90, 95, 97, 98, 99, 101, 102, 103, 105, 106, 111, 113, 114, 115, 117, 118, 119, 121, 122, 127, 129, 130, 131, 133, 134, 179, 181, 183, 184, 185, 186, 188, 189, 194, 196, 197, 198, 200, 201, 202, 204, 206, 207, 208, 216, 218, 220, 221, 222, 223, 225, 226, 230, 231, 233, 234, 235, 236, 237, 239, 241, 243, 244, 245, 262, 264, 265, 270, 272, 273, 274, 276, 277, 278, 280, 281, 286, 288, 289, 290, 292, 293, 294, 296, 297, 302, 304, 305, 306, 308, 309, 339, 362, 364, 365, 370, 372, 373, 374, 376, 377, 378, 380, 381, 386, 388, 389, 390, 392, 393, 394, 396, 397, 402, 404, 405, 406, 408, 409, 426, 428, 429, 434, 436, 437, 438, 440, 441, 442, 444, 445, 450, 452, 453, 454, 456, 457, 458, 460, 461, 466, 468, 469, 470, 472, 473, 490, 492, 493, 498, 500, 501, 502, 504, 505, 506, 508, 509, 514, 516, 517, 518, 520, 521, 522, 524, 525, 530, 532, 533, 534, 536, 537, 668]
x_239: [1, 5, 13, 14, 15, 17, 18, 19, 25, 26, 27, 28, 29, 34, 35, 36, 41, 50, 51, 52, 54, 55, 56, 62, 63, 64, 65, 66, 71, 72, 73, 74, 76, 77, 78, 84, 85, 86, 104, 105, 106, 108, 109, 110, 116, 117, 118, 120, 121, 122, 124, 125, 126, 132, 133, 134, 172, 173, 178, 187, 188, 189, 191, 192, 193, 199, 200, 201, 202, 203, 208, 209, 210, 215, 216, 224, 225, 226, 228, 229, 230, 236, 237, 238, 240, 243, 245, 247, 248, 249, 251, 252, 253, 259, 260, 261, 279, 280, 281, 283, 284, 285, 291, 292, 293, 295, 296, 297, 299, 300, 301, 307, 308, 309, 340, 347, 348, 349, 351, 352, 353, 359, 360, 361, 379, 380, 381, 383, 384, 385, 391, 392, 393, 395, 396, 397, 399, 400, 401, 407, 408, 409, 411, 412, 413, 415, 416, 417, 423, 424, 425, 443, 444, 445, 447, 448, 449, 455, 456, 457, 459, 460, 461, 463, 464, 465, 471, 472, 473, 475, 476, 477, 479, 480, 481, 487, 488, 489, 507, 508, 509, 511, 512, 513, 519, 520, 521, 523, 524, 525, 527, 528, 529, 535, 536, 537, 669]
x_240: [1, 2, 3, 4, 13, 14, 15, 17, 18, 19, 21, 22, 23, 28, 29, 31, 32, 33, 35, 36, 38, 39, 40, 50, 51, 52, 54, 55, 56, 58, 59, 60, 65, 66, 68, 69, 70, 72, 73, 74, 76, 77, 78, 80, 81, 82, 104, 105, 106, 108, 109, 110, 112, 113, 114, 120, 121, 122, 124, 125, 126, 128, 129, 130, 172, 173, 175, 176, 177, 187, 188, 189, 191, 192, 193, 195, 196, 197, 202, 203, 205, 206, 207, 209, 210, 212, 213, 214, 217, 224, 225, 226, 228, 229, 230, 232, 233, 234, 239, 242, 243, 244, 245, 247, 248, 249, 251, 252, 253, 255, 256, 257, 279, 280, 281, 283, 284, 285, 287, 288, 289, 295, 296, 297, 299, 300, 301, 303, 304, 305, 341, 347, 348, 349, 351, 352, 353, 355, 356, 357, 379, 380, 381, 383, 384, 385, 387, 388, 389, 395, 396, 397, 399, 400, 401, 403, 404, 405, 411, 412, 413, 415, 416, 417, 419, 420, 421, 443, 444, 445, 447, 448, 449, 451, 452, 453, 459, 460, 461, 463, 464, 465, 467, 468, 469, 475, 476, 477, 479, 480, 481, 483, 484, 485, 507, 508, 509, 511, 512, 513, 515, 516, 517, 523, 524, 525, 527, 528, 529, 531, 532, 533, 670]
x_241: [2, 4, 16, 17, 19, 20, 21, 23, 24, 25, 27, 30, 31, 33, 37, 38, 40, 53, 54, 56, 57, 58, 60, 61, 62, 64, 67, 68, 70, 75, 76, 78, 79, 80, 82, 83, 84, 86, 107, 108, 110, 111, 112, 114, 115, 116, 118, 123, 124, 126, 127, 128, 130, 131, 132, 134, 174, 175, 177, 190, 191, 193, 194, 195, 197, 198, 199, 201, 204, 205, 207, 211, 212, 214, 218, 227, 228, 230, 231, 232, 234, 235, 236, 238, 242, 243, 244, 250, 251, 253, 254, 255, 257, 258, 259, 261, 282, 283, 285, 286, 287, 289, 290, 291, 293, 298, 299, 301, 302, 303, 305, 306, 307, 309, 342, 350, 351, 353, 354, 355, 357, 358, 359, 361, 382, 383, 385, 386, 387, 389, 390, 391, 393, 398, 399, 401, 402, 403, 405, 406, 407, 409, 414, 415, 417, 418, 419, 421, 422, 423, 425, 446, 447, 449, 450, 451, 453, 454, 455, 457, 462, 463, 465, 466, 467, 469, 470, 471, 473, 478, 479, 481, 482, 483, 485, 486, 487, 489, 510, 511, 513, 514, 515, 517, 518, 519, 521, 526, 527, 529, 530, 531, 533, 534, 535, 537, 671]
x_242: [1, 2, 3, 5, 16, 17, 18, 20, 21, 22, 24, 25, 26, 29, 30, 31, 32, 34, 36, 37, 38, 39, 41, 53, 54, 55, 57, 58, 59, 61, 62, 63, 66, 67, 68, 69, 71, 75, 76, 77, 79, 80, 81, 83, 84, 85, 107, 108, 109, 111, 112, 113, 115, 116, 117, 123, 124, 125, 127, 128, 129, 131, 132, 133, 173, 174, 175, 176, 178, 190, 191, 192, 194, 195, 196, 198, 199, 200, 203, 204, 205, 206, 208, 210, 211, 212, 213, 215, 219, 227, 228, 229, 231, 232, 233, 235, 236, 237, 240, 241, 243, 244, 245, 250, 251, 252, 254, 255, 256, 258, 259, 260, 282, 283, 284, 286, 287, 288, 290, 291, 292, 298, 299, 300, 302, 303, 304, 306, 307, 308, 343, 350, 351, 352, 354, 355, 356, 358, 359, 360, 382, 383, 384, 386, 387, 388, 390, 391, 392, 398, 399, 400, 402, 403, 404, 406, 407, 408, 414, 415, 416, 418, 419, 420, 422, 423, 424, 446, 447, 448, 450, 451, 452, 454, 455, 456, 462, 463, 464, 466, 467, 468, 470, 471, 472, 478, 479, 480, 482, 483, 484, 486, 487, 488, 510, 511, 512, 514, 515, 516, 518, 519, 520, 526, 527, 528, 530, 531, 532, 534, 535, 536, 672]
x_243: [1, 2, 3, 4, 5, 17, 18, 19, 21, 22, 23, 25, 26, 27, 29, 31, 32, 33, 34, 36, 38, 39, 40, 41, 54, 55, 56, 58, 59, 60, 62, 63, 64, 66, 68, 69, 70, 71, 76, 77, 78, 80, 81, 82, 84, 85, 86, 108, 109, 110, 112, 113, 114, 116, 117, 118, 124, 125, 126, 128, 129, 130, 132, 133, 134, 173, 175, 176, 177, 178, 191, 192, 193, 195, 196, 197, 199, 200, 201, 203, 205, 206, 207, 208, 210, 212, 213, 214, 215, 220, 228, 229, 230, 232, 233, 234, 236, 237, 238, 239, 240, 241, 242, 244, 245, 251, 252, 253, 255, 256, 257, 259, 260, 261, 283, 284, 285, 287, 288, 289, 291, 292, 293, 299, 300, 301, 303, 304, 305, 307, 308, 309, 344, 351, 352, 353, 355, 356, 357, 359, 360, 361, 383, 384, 385, 387, 388, 389, 391, 392, 393, 399, 400, 401, 403, 404, 405, 407, 408, 409, 415, 416, 417, 419, 420, 421, 423, 424, 425, 447, 448, 449, 451, 452, 453, 455, 456, 457, 463, 464, 465, 467, 468, 469, 471, 472, 473, 479, 480, 481, 483, 484, 485, 487, 488, 489, 511, 512, 513, 515, 516, 517, 519, 520, 521, 527, 528, 529, 531, 532, 533, 535, 536, 537, 673]
x_244: [1, 3, 4, 5, 16, 18, 19, 20, 22, 23, 24, 26, 27, 29, 30, 32, 33, 34, 36, 37, 39, 40, 41, 53, 55, 56, 57, 59, 60, 61, 63, 64, 66, 67, 69, 70, 71, 75, 77, 78, 79, 81, 82, 83, 85, 86, 107, 109, 110, 111, 113, 114, 115, 117, 118, 123, 125, 126, 127, 129, 130, 131, 133, 134, 173, 174, 176, 177, 178, 190, 192, 193, 194, 196, 197, 198, 200, 201, 203, 204, 206, 207, 208, 210, 211, 213, 214, 215, 221, 227, 229, 230, 231, 233, 234, 235, 237, 238, 240, 241, 242, 243, 245, 250, 252, 253, 254, 256, 257, 258, 260, 261, 282, 284, 285, 286, 288, 289, 290, 292, 293, 298, 300, 301, 302, 304, 305, 306, 308, 309, 345, 350, 352, 353, 354, 356, 357, 358, 360, 361, 382, 384, 385, 386, 388, 389, 390, 392, 393, 398, 400, 401, 402, 404, 405, 406, 408, 409, 414, 416, 417, 418, 420, 421, 422, 424, 425, 446, 448, 449, 450, 452, 453, 454, 456, 457, 462, 464, 465, 466, 468, 469, 470, 472, 473, 478, 480, 481, 482, 484, 485, 486, 488, 489, 510, 512, 513, 514, 516, 517, 518, 520, 521, 526, 528, 529, 530, 532, 533, 534, 536, 537, 674]
x_245: [2, 3, 4, 5, 13, 14, 15, 21, 22, 23, 25, 26, 27, 28, 31, 32, 33, 34, 35, 38, 39, 40, 41, 50, 51, 52, 58, 59, 60, 62, 63, 64, 65, 68, 69, 70, 71, 72, 73, 74, 80, 81, 82, 84, 85, 86, 104, 105, 106, 112, 113, 114, 116, 117, 118, 120, 121, 122, 128, 129, 130, 132, 133, 134, 172, 175, 176, 177, 178, 187, 188, 189, 195, 196, 197, 199, 200, 201, 202, 205, 206, 207, 208, 209, 212, 213, 214, 215, 222, 224, 225, 226, 232, 233, 234, 236, 237, 238, 239, 240, 242, 243, 244, 247, 248, 249, 255, 256, 257, 259, 260, 261, 279, 280, 281, 287, 288, 289, 291, 292, 293, 295, 296, 297, 303, 304, 305, 307, 308, 309, 346, 347, 348, 349, 355, 356, 357, 359, 360, 361, 379, 380, 381, 387, 388, 389, 391, 392, 393, 395, 396, 397, 403, 404, 405, 407, 408, 409, 411, 412, 413, 419, 420, 421, 423, 424, 425, 443, 444, 445, 451, 452, 453, 455, 456, 457, 459, 460, 461, 467, 468, 469, 471, 472, 473, 475, 476, 477, 483, 484, 485, 487, 488, 489, 507, 508, 509, 515, 516, 517, 519, 520, 521, 523, 524, 525, 531, 532, 533, 535, 536, 537, 675]
x_246: [72, 74, 75, 76, 78, 83, 84, 86, 87, 88, 90, 91, 92, 94, 99, 100, 102, 119, 120, 122, 123, 124, 126, 131, 132, 134, 247, 248, 249, 250, 251, 253, 254, 258, 259, 261, 262, 263, 265, 266, 267, 269, 274, 275, 277, 278, 294, 295, 297, 298, 299, 301, 306, 307, 309, 410, 411, 413, 414, 415, 417, 422, 423, 425, 426, 427, 429, 430, 431, 433, 438, 439, 441, 458, 459, 461, 462, 463, 465, 470, 471, 473, 474, 475, 477, 478, 479, 481, 486, 487, 489, 490, 491, 493, 494, 495, 497, 502, 503, 505, 522, 523, 525, 526, 527, 529, 534, 535, 537, 538, 539, 541, 542, 543, 545, 550, 551, 553, 554, 555, 557, 558, 559, 561, 566, 567, 569, 586, 587, 589, 590, 591, 593, 598, 599, 601, 676]
x_247: [35, 36, 41, 42, 43, 48, 65, 66, 71, 72, 73, 75, 76, 77, 83, 84, 85, 87, 88, 89, 91, 92, 93, 99, 100, 101, 119, 120, 121, 123, 124, 125, 131, 132, 133, 135, 136, 141, 142, 143, 148, 165, 166, 171, 209, 210, 215, 216, 217, 222, 239, 240, 245, 246, 248, 249, 250, 251, 252, 255, 258, 259, 260, 262, 263, 264, 266, 267, 268, 274, 275, 276, 279, 294, 295, 296, 298, 299, 300, 306, 307, 308, 310, 311, 316, 317, 318, 323, 340, 341, 346, 410, 411, 412, 414, 415, 416, 422, 423, 424, 426, 427, 428, 430, 431, 432, 438, 439, 440, 458, 459, 460, 462, 463, 464, 470, 471, 472, 474, 475, 476, 478, 479, 480, 486, 487, 488, 490, 491, 492, 494, 495, 496, 502, 503, 504, 522, 523, 524, 526, 527, 528, 534, 535, 536, 538, 539, 540, 542, 543, 544, 550, 551, 552, 554, 555, 556, 558, 559, 560, 566, 567, 568, 586, 587, 588, 590, 591, 592, 598, 599, 600, 677]
x_248: [35, 36, 41, 42, 43, 48, 65, 66, 71, 72, 73, 74, 76, 77, 78, 84, 85, 86, 88, 89, 90, 92, 93, 94, 100, 101, 102, 120, 121, 122, 124, 125, 126, 132, 133, 134, 135, 136, 141, 142, 143, 148, 165, 166, 171, 172, 209, 210, 215, 216, 217, 222, 239, 240, 245, 246, 247, 249, 251, 252, 253, 256, 259, 260, 261, 263, 264, 265, 267, 268, 269, 275, 276, 277, 280, 295, 296, 297, 299, 300, 301, 307, 308, 309, 310, 311, 316, 317, 318, 323, 340, 341, 346, 411, 412, 413, 415, 416, 417, 423, 424, 425, 427, 428, 429, 431, 432, 433, 439, 440, 441, 459, 460, 461, 463, 464, 465, 471, 472, 473, 475, 476, 477, 479, 480, 481, 487, 488, 489, 491, 492, 493, 495, 496, 497, 503, 504, 505, 523, 524, 525, 527, 528, 529, 535, 536, 537, 539, 540, 541, 543, 544, 545, 551, 552, 553, 555, 556, 557, 559, 560, 561, 567, 568, 569, 587, 588, 589, 591, 592, 593, 599, 600, 601, 678]
x_249: [35, 36, 41, 42, 43, 48, 65, 66, 71, 73, 74, 75, 77, 78, 83, 85, 86, 87, 89, 90, 91, 93, 94, 99, 101, 102, 119, 121, 122, 123, 125, 126, 131, 133, 134, 135, 136, 141, 142, 143, 148, 165, 166, 171, 209, 210, 215, 216, 217, 222, 239, 240, 245, 246, 247, 248, 250, 252, 253, 257, 258, 260, 261, 262, 264, 265, 266, 268, 269, 274, 276, 277, 281, 294, 296, 297, 298, 300, 301, 306, 308, 309, 310, 311, 316, 317, 318, 323, 340, 341, 346, 410, 412, 413, 414, 416, 417, 422, 424, 425, 426, 428, 429, 430, 432, 433, 438, 440, 441, 458, 460, 461, 462, 464, 465, 470, 472, 473, 474, 476, 477, 478, 480, 481, 486, 488, 489, 490, 492, 493, 494, 496, 497, 502, 504, 505, 522, 524, 525, 526, 528, 529, 534, 536, 537, 538, 540, 541, 542, 544, 545, 550, 552, 553, 554, 556, 557, 558, 560, 561, 566, 568, 569, 586, 588, 589, 590, 592, 593, 598, 600, 601, 679]
x_250: [37, 38, 40, 44, 45, 47, 67, 68, 70, 72, 74, 75, 76, 78, 79, 80, 82, 87, 88, 90, 91, 92, 94, 95, 96, 98, 119, 120, 122, 123, 124, 126, 127, 128, 130, 137, 138, 140, 144, 145, 147, 167, 168, 170, 211, 212, 214, 218, 219, 221, 241, 242, 244, 246, 247, 249, 251, 252, 253, 254, 255, 257, 258, 262, 263, 265, 266, 267, 269, 270, 271, 273, 282, 294, 295, 297, 298, 299, 301, 302, 303, 305, 312, 313, 315, 319, 320, 322, 342, 343, 345, 410, 411, 413, 414, 415, 417, 418, 419, 421, 426, 427, 429, 430, 431, 433, 434, 435, 437, 458, 459, 461, 462, 463, 465, 466, 467, 469, 474, 475, 477, 478, 479, 481, 482, 483, 485, 490, 491, 493, 494, 495, 497, 498, 499, 501, 522, 523, 525, 526, 527, 529, 530, 531, 533, 538, 539, 541, 542, 543, 545, 546, 547, 549, 554, 555, 557, 558, 559, 561, 562, 563, 565, 586, 587, 589, 590, 591, 593, 594, 595, 597, 680]
x_251: [35, 36, 37, 38, 39, 42, 43, 44, 45, 46, 65, 66, 67, 68, 69, 72, 73, 75, 76, 77, 79, 80, 81, 87, 88, 89, 91, 92, 93, 95, 96, 97, 119, 120, 121, 123, 124, 125, 127, 128, 129, 135, 136, 137, 138, 139, 142, 143, 144, 145, 146, 165, 166, 167, 168, 169, 209, 210, 211, 212, 213, 216, 217, 218, 219, 220, 239, 240, 241, 242, 243, 246, 247, 248, 250, 252, 253, 254, 255, 256, 259, 262, 263, 264, 266, 267, 268, 270, 271, 272, 283, 294, 295, 296, 298, 299, 300, 302, 303, 304, 310, 311, 312, 313, 314, 317, 318, 319, 320, 321, 340, 341, 342, 343, 344, 410, 411, 412, 414, 415, 416, 418, 419, 420, 426, 427, 428, 430, 431, 432, 434, 435, 436, 458, 459, 460, 462, 463, 464, 466, 467, 468, 474, 475, 476, 478, 479, 480, 482, 483, 484, 490, 491, 492, 494, 495, 496, 498, 499, 500, 522, 523, 524, 526, 527, 528, 530, 531, 532, 538, 539, 540, 542, 543, 544, 546, 547, 548, 554, 555, 556, 558, 559, 560, 562, 563, 564, 586, 587, 588, 590, 591, 592, 594, 595, 596, 681]
x_252: [35, 36, 38, 39, 40, 42, 43, 45, 46, 47, 65, 66, 68, 69, 70, 72, 73, 74, 76, 77, 78, 80, 81, 82, 88, 89, 90, 92, 93, 94, 96, 97, 98, 120, 121, 122, 124, 125, 126, 128, 129, 130, 135, 136, 138, 139, 140, 142, 143, 145, 146, 147, 165, 166, 168, 169, 170, 173, 209, 210, 212, 213, 214, 216, 217, 219, 220, 221, 239, 240, 242, 243, 244, 247, 248, 249, 250, 251, 253, 255, 256, 257, 260, 263, 264, 265, 267, 268, 269, 271, 272, 273, 284, 295, 296, 297, 299, 300, 301, 303, 304, 305, 310, 311, 313, 314, 315, 317, 318, 320, 321, 322, 340, 341, 343, 344, 345, 411, 412, 413, 415, 416, 417, 419, 420, 421, 427, 428, 429, 431, 432, 433, 435, 436, 437, 459, 460, 461, 463, 464, 465, 467, 468, 469, 475, 476, 477, 479, 480, 481, 483, 484, 485, 491, 492, 493, 495, 496, 497, 499, 500, 501, 523, 524, 525, 527, 528, 529, 531, 532, 533, 539, 540, 541, 543, 544, 545, 547, 548, 549, 555, 556, 557, 559, 560, 561, 563, 564, 565, 587, 588, 589, 591, 592, 593, 595, 596, 597, 682]
x_253: [35, 36, 37, 39, 40, 42, 43, 44, 46, 47, 65, 66, 67, 69, 70, 73, 74, 75, 77, 78, 79, 81, 82, 87, 89, 90, 91, 93, 94, 95, 97, 98, 119, 121, 122, 123, 125, 126, 127, 129, 130, 135, 136, 137, 139, 140, 142, 143, 144, 146, 147, 165, 166, 167, 169, 170, 209, 210, 211, 213, 214, 216, 217, 218, 220, 221, 239, 240, 241, 243, 244, 246, 248, 249, 250, 251, 252, 254, 256, 257, 261, 262, 264, 265, 266, 268, 269, 270, 272, 273, 285, 294, 296, 297, 298, 300, 301, 302, 304, 305, 310, 311, 312, 314, 315, 317, 318, 319, 321, 322, 340, 341, 342, 344, 345, 410, 412, 413, 414, 416, 417, 418, 420, 421, 426, 428, 429, 430, 432, 433, 434, 436, 437, 458, 460, 461, 462, 464, 465, 466, 468, 469, 474, 476, 477, 478, 480, 481, 482, 484, 485, 490, 492, 493, 494, 496, 497, 498, 500, 501, 522, 524, 525, 526, 528, 529, 530, 532, 533, 538, 540, 541, 542, 544, 545, 546, 548, 549, 554, 556, 557, 558, 560, 561, 562, 564, 565, 586, 588, 589, 590, 592, 593, 594, 596, 597, 683]
x_254: [37, 38, 40, 44, 45, 47, 67, 68, 70, 75, 76, 78, 79, 80, 82, 83, 84, 86, 91, 92, 94, 95, 96, 98, 99, 100, 102, 123, 124, 126, 127, 128, 130, 131, 132, 134, 137, 138, 140, 144, 145, 147, 167, 168, 170, 174, 211, 212, 214, 218, 219, 221, 241, 242, 244, 246, 250, 251, 253, 255, 256, 257, 258, 259, 261, 266, 267, 269, 270, 271, 273, 274, 275, 277, 286, 298, 299, 301, 302, 303, 305, 306, 307, 309, 312, 313, 315, 319, 320, 322, 342, 343, 345, 414, 415, 417, 418, 419, 421, 422, 423, 425, 430, 431, 433, 434, 435, 437, 438, 439, 441, 462, 463, 465, 466, 467, 469, 470, 471, 473, 478, 479, 481, 482, 483, 485, 486, 487, 489, 494, 495, 497, 498, 499, 501, 502, 503, 505, 526, 527, 529, 530, 531, 533, 534, 535, 537, 542, 543, 545, 546, 547, 549, 550, 551, 553, 558, 559, 561, 562, 563, 565, 566, 567, 569, 590, 591, 593, 594, 595, 597, 598, 599, 601, 684]
x_255: [36, 37, 38, 39, 41, 43, 44, 45, 46, 48, 66, 67, 68, 69, 71, 75, 76, 77, 79, 80, 81, 83, 84, 85, 91, 92, 93, 95, 96, 97, 99, 100, 101, 123, 124, 125, 127, 128, 129, 131, 132, 133, 136, 137, 138, 139, 141, 143, 144, 145, 146, 148, 166, 167, 168, 169, 171, 175, 210, 211, 212, 213, 215, 217, 218, 219, 220, 222, 240, 241, 242, 243, 245, 247, 250, 251, 252, 254, 256, 257, 258, 259, 260, 266, 267, 268, 270, 271, 272, 274, 275, 276, 287, 298, 299, 300, 302, 303, 304, 306, 307, 308, 311, 312, 313, 314, 316, 318, 319, 320, 321, 323, 341, 342, 343, 344, 346, 414, 415, 416, 418, 419, 420, 422, 423, 424, 430, 431, 432, 434, 435, 436, 438, 439, 440, 462, 463, 464, 466, 467, 468, 470, 471, 472, 478, 479, 480, 482, 483, 484, 486, 487, 488, 494, 495, 496, 498, 499, 500, 502, 503, 504, 526, 527, 528, 530, 531, 532, 534, 535, 536, 542, 543, 544, 546, 547, 548, 550, 551, 552, 558, 559, 560, 562, 563, 564, 566, 567, 568, 590, 591, 592, 594, 595, 596, 598, 599, 600, 685]
x_256: [36, 38, 39, 40, 41, 43, 45, 46, 47, 48, 66, 68, 69, 70, 71, 76, 77, 78, 80, 81, 82, 84, 85, 86, 92, 93, 94, 96, 97, 98, 100, 101, 102, 124, 125, 126, 128, 129, 130, 132, 133, 134, 136, 138, 139, 140, 141, 143, 145, 146, 147, 148, 166, 168, 169, 170, 171, 176, 210, 212, 213, 214, 215, 217, 219, 220, 221, 222, 240, 242, 243, 244, 245, 248, 251, 252, 253, 254, 255, 257, 259, 260, 261, 267, 268, 269, 271, 272, 273, 275, 276, 277, 288, 299, 300, 301, 303, 304, 305, 307, 308, 309, 311, 313, 314, 315, 316, 318, 320, 321, 322, 323, 341, 343, 344, 345, 346, 415, 416, 417, 419, 420, 421, 423, 424, 425, 431, 432, 433, 435, 436, 437, 439, 440, 441, 463, 464, 465, 467, 468, 469, 471, 472, 473, 479, 480, 481, 483, 484, 485, 487, 488, 489, 495, 496, 497, 499, 500, 501, 503, 504, 505, 527, 528, 529, 531, 532, 533, 535, 536, 537, 543, 544, 545, 547, 548, 549, 551, 552, 553, 559, 560, 561, 563, 564, 565, 567, 568, 569, 591, 592, 593, 595, 596, 597, 599, 600, 601, 686]
x_257: [36, 37, 39, 40, 41, 43, 44, 46, 47, 48, 66, 67, 69, 70, 71, 75, 77, 78, 79, 81, 82, 83, 85, 86, 91, 93, 94, 95, 97, 98, 99, 101, 102, 123, 125, 126, 127, 129, 130, 131, 133, 134, 136, 137, 139, 140, 141, 143, 144, 146, 147, 148, 166, 167, 169, 170, 171, 177, 210, 211, 213, 214, 215, 217, 218, 220, 221, 222, 240, 241, 243, 244, 245, 249, 250, 252, 253, 254, 255, 256, 258, 260, 261, 266, 268, 269, 270, 272, 273, 274, 276, 277, 289, 298, 300, 301, 302, 304, 305, 306, 308, 309, 311, 312, 314, 315, 316, 318, 319, 321, 322, 323, 341, 342, 344, 345, 346, 414, 416, 417, 418, 420, 421, 422, 424, 425, 430, 432, 433, 434, 436, 437, 438, 440, 441, 462, 464, 465, 466, 468, 469, 470, 472, 473, 478, 480, 481, 482, 484, 485, 486, 488, 489, 494, 496, 497, 498, 500, 501, 502, 504, 505, 526, 528, 529, 530, 532, 533, 534, 536, 537, 542, 544, 545, 546, 548, 549, 550, 552, 553, 558, 560, 561, 562, 564, 565, 566, 568, 569, 590, 592, 593, 594, 596, 597, 598, 600, 601, 687]
x_258: [37, 38, 40, 44, 45, 47, 67, 68, 70, 72, 74, 79, 80, 82, 83, 84, 86, 87, 88, 90, 95, 96, 98, 99, 100, 102, 119, 120, 122, 127, 128, 130, 131, 132, 134, 137, 138, 140, 144, 145, 147, 167, 168, 170, 211, 212, 214, 218, 219, 221, 241, 242, 244, 246, 247, 249, 250, 254, 255, 257, 259, 260, 261, 262, 263, 265, 270, 271, 273, 274, 275, 277, 290, 294, 295, 297, 302, 303, 305, 306, 307, 309, 312, 313, 315, 319, 320, 322, 342, 343, 345, 410, 411, 413, 418, 419, 421, 422, 423, 425, 426, 427, 429, 434, 435, 437, 438, 439, 441, 458, 459, 461, 466, 467, 469, 470, 471, 473, 474, 475, 477, 482, 483, 485, 486, 487, 489, 490, 491, 493, 498, 499, 501, 502, 503, 505, 522, 523, 525, 530, 531, 533, 534, 535, 537, 538, 539, 541, 546, 547, 549, 550, 551, 553, 554, 555, 557, 562, 563, 565, 566, 567, 569, 586, 587, 589, 594, 595, 597, 598, 599, 601, 688]
x_259: [35, 37, 38, 39, 41, 42, 44, 45, 46, 48, 65, 67, 68, 69, 71, 72, 73, 79, 80, 81, 83, 84, 85, 87, 88, 89, 95, 96, 97, 99, 100, 101, 119, 120, 121, 127, 128, 129, 131, 132, 133, 135, 137, 138, 139, 141, 142, 144, 145, 146, 148, 165, 167, 168, 169, 171, 209, 211, 212, 213, 215, 216, 218, 219, 220, 222, 239, 241, 242, 243, 245, 246, 247, 248, 251, 254, 255, 256, 258, 260, 261, 262, 263, 264, 270, 271, 272, 274, 275, 276, 291, 294, 295, 296, 302, 303, 304, 306, 307, 308, 310, 312, 313, 314, 316, 317, 319, 320, 321, 323, 340, 342, 343, 344, 346, 410, 411, 412, 418, 419, 420, 422, 423, 424, 426, 427, 428, 434, 435, 436, 438, 439, 440, 458, 459, 460, 466, 467, 468, 470, 471, 472, 474, 475, 476, 482, 483, 484, 486, 487, 488, 490, 491, 492, 498, 499, 500, 502, 503, 504, 522, 523, 524, 530, 531, 532, 534, 535, 536, 538, 539, 540, 546, 547, 548, 550, 551, 552, 554, 555, 556, 562, 563, 564, 566, 567, 568, 586, 587, 588, 594, 595, 596, 598, 599, 600, 689]
x_260: [35, 38, 39, 40, 41, 42, 45, 46, 47, 48, 65, 68, 69, 70, 71, 72, 73, 74, 80, 81, 82, 84, 85, 86, 88, 89, 90, 96, 97, 98, 100, 101, 102, 120, 121, 122, 128, 129, 130, 132, 133, 134, 135, 138, 139, 140, 141, 142, 145, 146, 147, 148, 165, 168, 169, 170, 171, 178, 209, 212, 213, 214, 215, 216, 219, 220, 221, 222, 239, 242, 243, 244, 245, 247, 248, 249, 252, 255, 256, 257, 258, 259, 261, 263, 264, 265, 271, 272, 273, 275, 276, 277, 292, 295, 296, 297, 303, 304, 305, 307, 308, 309, 310, 313, 314, 315, 316, 317, 320, 321, 322, 323, 340, 343, 344, 345, 346, 411, 412, 413, 419, 420, 421, 423, 424, 425, 427, 428, 429, 435, 436, 437, 439, 440, 441, 459, 460, 461, 467, 468, 469, 471, 472, 473, 475, 476, 477, 483, 484, 485, 487, 488, 489, 491, 492, 493, 499, 500, 501, 503, 504, 505, 523, 524, 525, 531, 532, 533, 535, 536, 537, 539, 540, 541, 547, 548, 549, 551, 552, 553, 555, 556, 557, 563, 564, 565, 567, 568, 569, 587, 588, 589, 595, 596, 597, 599, 600, 601, 690]
x_261: [35, 37, 39, 40, 41, 42, 44, 46, 47, 48, 65, 67, 69, 70, 71, 73, 74, 79, 81, 82, 83, 85, 86, 87, 89, 90, 95, 97, 98, 99, 101, 102, 119, 121, 122, 127, 129, 130, 131, 133, 134, 135, 137, 139, 140, 141, 142, 144, 146, 147, 148, 165, 167, 169, 170, 171, 209, 211, 213, 214, 215, 216, 218, 220, 221, 222, 239, 241, 243, 244, 245, 246, 248, 249, 253, 254, 256, 257, 258, 259, 260, 262, 264, 265, 270, 272, 273, 274, 276, 277, 293, 294, 296, 297, 302, 304, 305, 306, 308, 309, 310, 312, 314, 315, 316, 317, 319, 321, 322, 323, 340, 342, 344, 345, 346, 410, 412, 413, 418, 420, 421, 422, 424, 425, 426, 428, 429, 434, 436, 437, 438, 440, 441, 458, 460, 461, 466, 468, 469, 470, 472, 473, 474, 476, 477, 482, 484, 485, 486, 488, 489, 490, 492, 493, 498, 500, 501, 502, 504, 505, 522, 524, 525, 530, 532, 533, 534, 536, 537, 538, 540, 541, 546, 548, 549, 550, 552, 553, 554, 556, 557, 562, 564, 565, 566, 568, 569, 586, 588, 589, 594, 596, 597, 598, 600, 601, 691]
x_262: [49, 50, 52, 53, 54, 56, 61, 62, 64, 72, 74, 75, 76, 78, 83, 84, 86, 87, 88, 90, 91, 92, 94, 99, 100, 102, 103, 104, 106, 107, 108, 110, 115, 116, 118, 149, 150, 152, 153, 154, 156, 161, 162, 164, 223, 224, 226, 227, 228, 230, 235, 236, 238, 246, 247, 249, 250, 251, 253, 258, 259, 261, 263, 264, 265, 266, 267, 269, 270, 274, 275, 277, 278, 279, 281, 282, 283, 285, 290, 291, 293, 294, 324, 325, 327, 328, 329, 331, 336, 337, 339, 410, 411, 413, 414, 415, 417, 422, 423, 425, 426, 427, 429, 430, 431, 433, 438, 439, 441, 442, 443, 445, 446, 447, 449, 454, 455, 457, 474, 475, 477, 478, 479, 481, 486, 487, 489, 490, 491, 493, 494, 495, 497, 502, 503, 505, 506, 507, 509, 510, 511, 513, 518, 519, 521, 538, 539, 541, 542, 543, 545, 550, 551, 553, 554, 555, 557, 558, 559, 561, 566, 567, 569, 570, 571, 573, 574, 575, 577, 582, 583, 585, 692]
x_263: [35, 36, 41, 42, 43, 48, 49, 50, 51, 53, 54, 55, 61, 62, 63, 72, 73, 75, 76, 77, 83, 84, 85, 87, 88, 89, 91, 92, 93, 99, 100, 101, 103, 104, 105, 107, 108, 109, 115, 116, 117, 135, 136, 141, 142, 143, 148, 149, 150, 151, 153, 154, 155, 161, 162, 163, 209, 210, 215, 216, 217, 222, 223, 224, 225, 227, 228, 229, 235, 236, 237, 246, 247, 248, 250, 251, 252, 258, 259, 260, 262, 264, 265, 266, 267, 268, 271, 274, 275, 276, 278, 279, 280, 282, 283, 284, 290, 291, 292, 295, 310, 311, 316, 317, 318, 323, 324, 325, 326, 328, 329, 330, 336, 337, 338, 410, 411, 412, 414, 415, 416, 422, 423, 424, 426, 427, 428, 430, 431, 432, 438, 439, 440, 442, 443, 444, 446, 447, 448, 454, 455, 456, 474, 475, 476, 478, 479, 480, 486, 487, 488, 490, 491, 492, 494, 495, 496, 502, 503, 504, 506, 507, 508, 510, 511, 512, 518, 519, 520, 538, 539, 540, 542, 543, 544, 550, 551, 552, 554, 555, 556, 558, 559, 560, 566, 567, 568, 570, 571, 572, 574, 575, 576, 582, 583, 584, 693]
x_264: [35, 36, 41, 42, 43, 48, 50, 51, 52, 54, 55, 56, 62, 63, 64, 72, 73, 74, 76, 77, 78, 84, 85, 86, 88, 89, 90, 92, 93, 94, 100, 101, 102, 104, 105, 106, 108, 109, 110, 116, 117, 118, 135, 136, 141, 142, 143, 148, 150, 151, 152, 154, 155, 156, 162, 163, 164, 179, 209, 210, 215, 216, 217, 222, 224, 225, 226, 228, 229, 230, 236, 237, 238, 247, 248, 249, 251, 252, 253, 259, 260, 261, 262, 263, 265, 267, 268, 269, 272, 275, 276, 277, 279, 280, 281, 283, 284, 285, 291, 292, 293, 296, 310, 311, 316, 317, 318, 323, 325, 326, 327, 329, 330, 331, 337, 338, 339, 411, 412, 413, 415, 416, 417, 423, 424, 425, 427, 428, 429, 431, 432, 433, 439, 440, 441, 443, 444, 445, 447, 448, 449, 455, 456, 457, 475, 476, 477, 479, 480, 481, 487, 488, 489, 491, 492, 493, 495, 496, 497, 503, 504, 505, 507, 508, 509, 511, 512, 513, 519, 520, 521, 539, 540, 541, 543, 544, 545, 551, 552, 553, 555, 556, 557, 559, 560, 561, 567, 568, 569, 571, 572, 573, 575, 576, 577, 583, 584, 585, 694]
x_265: [35, 36, 41, 42, 43, 48, 49, 51, 52, 53, 55, 56, 61, 63, 64, 73, 74, 75, 77, 78, 83, 85, 86, 87, 89, 90, 91, 93, 94, 99, 101, 102, 103, 105, 106, 107, 109, 110, 115, 117, 118, 135, 136, 141, 142, 143, 148, 149, 151, 152, 153, 155, 156, 161, 163, 164, 209, 210, 215, 216, 217, 222, 223, 225, 226, 227, 229, 230, 235, 237, 238, 246, 248, 249, 250, 252, 253, 258, 260, 261, 262, 263, 264, 266, 268, 269, 273, 274, 276, 277, 278, 280, 281, 282, 284, 285, 290, 292, 293, 297, 310, 311, 316, 317, 318, 323, 324, 326, 327, 328, 330, 331, 336, 338, 339, 410, 412, 413, 414, 416, 417, 422, 424, 425, 426, 428, 429, 430, 432, 433, 438, 440, 441, 442, 444, 445, 446, 448, 449, 454, 456, 457, 474, 476, 477, 478, 480, 481, 486, 488, 489, 490, 492, 493, 494, 496, 497, 502, 504, 505, 506, 508, 509, 510, 512, 513, 518, 520, 521, 538, 540, 541, 542, 544, 545, 550, 552, 553, 554, 556, 557, 558, 560, 561, 566, 568, 569, 570, 572, 573, 574, 576, 577, 582, 584, 585, 695]
x_266: [37, 38, 40, 44, 45, 47, 49, 50, 52, 53, 54, 56, 57, 58, 60, 72, 74, 75, 76, 78, 79, 80, 82, 87, 88, 90, 91, 92, 94, 95, 96, 98, 103, 104, 106, 107, 108, 110, 111, 112, 114, 137, 138, 140, 144, 145, 147, 149, 150, 152, 153, 154, 156, 157, 158, 160, 211, 212, 214, 218, 219, 221, 223, 224, 226, 227, 228, 230, 231, 232, 234, 246, 247, 249, 250, 251, 253, 254, 255, 257, 262, 263, 265, 267, 268, 269, 270, 271, 273, 274, 278, 279, 281, 282, 283, 285, 286, 287, 289, 298, 312, 313, 315, 319, 320, 322, 324, 325, 327, 328, 329, 331, 332, 333, 335, 410, 411, 413, 414, 415, 417, 418, 419, 421, 426, 427, 429, 430, 431, 433, 434, 435, 437, 442, 443, 445, 446, 447, 449, 450, 451, 453, 474, 475, 477, 478, 479, 481, 482, 483, 485, 490, 491, 493, 494, 495, 497, 498, 499, 501, 506, 507, 509, 510, 511, 513, 514, 515, 517, 538, 539, 541, 542, 543, 545, 546, 547, 549, 554, 555, 557, 558, 559, 561, 562, 563, 565, 570, 571, 573, 574, 575, 577, 578, 579, 581, 696]
x_267: [35, 36, 37, 38, 39, 42, 43, 44, 45, 46, 49, 50, 51, 53, 54, 55, 57, 58, 59, 72, 73, 75, 76, 77, 79, 80, 81, 87, 88, 89, 91, 92, 93, 95, 96, 97, 103, 104, 105, 107, 108, 109, 111, 112, 113, 135, 136, 137, 138, 139, 142, 143, 144, 145, 146, 149, 150, 151, 153, 154, 155, 157, 158, 159, 209, 210, 211, 212, 213, 216, 217, 218, 219, 220, 223, 224, 225, 227, 228, 229, 231, 232, 233, 246, 247, 248, 250, 251, 252, 254, 255, 256, 262, 263, 264, 266, 268, 269, 270, 271, 272, 275, 278, 279, 280, 282, 283, 284, 286, 287, 288, 299, 310, 311, 312, 313, 314, 317, 318, 319, 320, 321, 324, 325, 326, 328, 329, 330, 332, 333, 334, 410, 411, 412, 414, 415, 416, 418, 419, 420, 426, 427, 428, 430, 431, 432, 434, 435, 436, 442, 443, 444, 446, 447, 448, 450, 451, 452, 474, 475, 476, 478, 479, 480, 482, 483, 484, 490, 491, 492, 494, 495, 496, 498, 499, 500, 506, 507, 508, 510, 511, 512, 514, 515, 516, 538, 539, 540, 542, 543, 544, 546, 547, 548, 554, 555, 556, 558, 559, 560, 562, 563, 564, 570, 571, 572, 574, 575, 576, 578, 579, 580, 697]
x_268: [35, 36, 38, 39, 40, 42, 43, 45, 46, 47, 50, 51, 52, 54, 55, 56, 58, 59, 60, 72, 73, 74, 76, 77, 78, 80, 81, 82, 88, 89, 90, 92, 93, 94, 96, 97, 98, 104, 105, 106, 108, 109, 110, 112, 113, 114, 135, 136, 138, 139, 140, 142, 143, 145, 146, 147, 150, 151, 152, 154, 155, 156, 158, 159, 160, 180, 209, 210, 212, 213, 214, 216, 217, 219, 220, 221, 224, 225, 226, 228, 229, 230, 232, 233, 234, 247, 248, 249, 251, 252, 253, 255, 256, 257, 263, 264, 265, 266, 267, 269, 271, 272, 273, 276, 279, 280, 281, 283, 284, 285, 287, 288, 289, 300, 310, 311, 313, 314, 315, 317, 318, 320, 321, 322, 325, 326, 327, 329, 330, 331, 333, 334, 335, 411, 412, 413, 415, 416, 417, 419, 420, 421, 427, 428, 429, 431, 432, 433, 435, 436, 437, 443, 444, 445, 447, 448, 449, 451, 452, 453, 475, 476, 477, 479, 480, 481, 483, 484, 485, 491, 492, 493, 495, 496, 497, 499, 500, 501, 507, 508, 509, 511, 512, 513, 515, 516, 517, 539, 540, 541, 543, 544, 545, 547, 548, 549, 555, 556, 557, 559, 560, 561, 563, 564, 565, 571, 572, 573, 575, 576, 577, 579, 580, 581, 698]
x_269: [35, 36, 37, 39, 40, 42, 43, 44, 46, 47, 49, 51, 52, 53, 55, 56, 57, 59, 60, 73, 74, 75, 77, 78, 79, 81, 82, 87, 89, 90, 91, 93, 94, 95, 97, 98, 103, 105, 106, 107, 109, 110, 111, 113, 114, 135, 136, 137, 139, 140, 142, 143, 144, 146, 147, 149, 151, 152, 153, 155, 156, 157, 159, 160, 209, 210, 211, 213, 214, 216, 217, 218, 220, 221, 223, 225, 226, 227, 229, 230, 231, 233, 234, 246, 248, 249, 250, 252, 253, 254, 256, 257, 262, 264, 265, 266, 267, 268, 270, 272, 273, 277, 278, 280, 281, 282, 284, 285, 286, 288, 289, 301, 310, 311, 312, 314, 315, 317, 318, 319, 321, 322, 324, 326, 327, 328, 330, 331, 332, 334, 335, 410, 412, 413, 414, 416, 417, 418, 420, 421, 426, 428, 429, 430, 432, 433, 434, 436, 437, 442, 444, 445, 446, 448, 449, 450, 452, 453, 474, 476, 477, 478, 480, 481, 482, 484, 485, 490, 492, 493, 494, 496, 497, 498, 500, 501, 506, 508, 509, 510, 512, 513, 514, 516, 517, 538, 540, 541, 542, 544, 545, 546, 548, 549, 554, 556, 557, 558, 560, 561, 562, 564, 565, 570, 572, 573, 574, 576, 577, 578, 580, 581, 699]
x_270: [37, 38, 40, 44, 45, 47, 53, 54, 56, 57, 58, 60, 61, 62, 64, 75, 76, 78, 79, 80, 82, 83, 84, 86, 91, 92, 94, 95, 96, 98, 99, 100, 102, 107, 108, 110, 111, 112, 114, 115, 116, 118, 137, 138, 140, 144, 145, 147, 153, 154, 156, 157, 158, 160, 161, 162, 164, 181, 211, 212, 214, 218, 219, 221, 227, 228, 230, 231, 232, 234, 235, 236, 238, 250, 251, 253, 254, 255, 257, 258, 259, 261, 262, 266, 267, 269, 271, 272, 273, 274, 275, 277, 282, 283, 285, 286, 287, 289, 290, 291, 293, 302, 312, 313, 315, 319, 320, 322, 328, 329, 331, 332, 333, 335, 336, 337, 339, 414, 415, 417, 418, 419, 421, 422, 423, 425, 430, 431, 433, 434, 435, 437, 438, 439, 441, 446, 447, 449, 450, 451, 453, 454, 455, 457, 478, 479, 481, 482, 483, 485, 486, 487, 489, 494, 495, 497, 498, 499, 501, 502, 503, 505, 510, 511, 513, 514, 515, 517, 518, 519, 521, 542, 543, 545, 546, 547, 549, 550, 551, 553, 558, 559, 561, 562, 563, 565, 566, 567, 569, 574, 575, 577, 578, 579, 581, 582, 583, 585, 700]
x_271: [36, 37, 38, 39, 41, 43, 44, 45, 46, 48, 53, 54, 55, 57, 58, 59, 61, 62, 63, 75, 76, 77, 79, 80, 81, 83, 84, 85, 91, 92, 93, 95, 96, 97, 99, 100, 101, 107, 108, 109, 111, 112, 113, 115, 116, 117, 136, 137, 138, 139, 141, 143, 144, 145, 146, 148, 153, 154, 155, 157, 158, 159, 161, 162, 163, 182, 210, 211, 212, 213, 215, 217, 218, 219, 220, 222, 227, 228, 229, 231, 232, 233, 235, 236, 237, 250, 251, 252, 254, 255, 256, 258, 259, 260, 263, 266, 267, 268, 270, 272, 273, 274, 275, 276, 282, 283, 284, 286, 287, 288, 290, 291, 292, 303, 311, 312, 313, 314, 316, 318, 319, 320, 321, 323, 328, 329, 330, 332, 333, 334, 336, 337, 338, 414, 415, 416, 418, 419, 420, 422, 423, 424, 430, 431, 432, 434, 435, 436, 438, 439, 440, 446, 447, 448, 450, 451, 452, 454, 455, 456, 478, 479, 480, 482, 483, 484, 486, 487, 488, 494, 495, 496, 498, 499, 500, 502, 503, 504, 510, 511, 512, 514, 515, 516, 518, 519, 520, 542, 543, 544, 546, 547, 548, 550, 551, 552, 558, 559, 560, 562, 563, 564, 566, 567, 568, 574, 575, 576, 578, 579, 580, 582, 583, 584, 701]
x_272: [36, 38, 39, 40, 41, 43, 45, 46, 47, 48, 54, 55, 56, 58, 59, 60, 62, 63, 64, 76, 77, 78, 80, 81, 82, 84, 85, 86, 92, 93, 94, 96, 97, 98, 100, 101, 102, 108, 109, 110, 112, 113, 114, 116, 117, 118, 136, 138, 139, 140, 141, 143, 145, 146, 147, 148, 154, 155, 156, 158, 159, 160, 162, 163, 164, 183, 210, 212, 213, 214, 215, 217, 219, 220, 221, 222, 228, 229, 230, 232, 233, 234, 236, 237, 238, 251, 252, 253, 255, 256, 257, 259, 260, 261, 264, 267, 268, 269, 270, 271, 273, 275, 276, 277, 283, 284, 285, 287, 288, 289, 291, 292, 293, 304, 311, 313, 314, 315, 316, 318, 320, 321, 322, 323, 329, 330, 331, 333, 334, 335, 337, 338, 339, 415, 416, 417, 419, 420, 421, 423, 424, 425, 431, 432, 433, 435, 436, 437, 439, 440, 441, 447, 448, 449, 451, 452, 453, 455, 456, 457, 479, 480, 481, 483, 484, 485, 487, 488, 489, 495, 496, 497, 499, 500, 501, 503, 504, 505, 511, 512, 513, 515, 516, 517, 519, 520, 521, 543, 544, 545, 547, 548, 549, 551, 552, 553, 559, 560, 561, 563, 564, 565, 567, 568, 569, 575, 576, 577, 579, 580, 581, 583, 584, 585, 702]
x_273: [36, 37, 39, 40, 41, 43, 44, 46, 47, 48, 53, 55, 56, 57, 59, 60, 61, 63, 64, 75, 77, 78, 79, 81, 82, 83, 85, 86, 91, 93, 94, 95, 97, 98, 99, 101, 102, 107, 109, 110, 111, 113, 114, 115, 117, 118, 136, 137, 139, 140, 141, 143, 144, 146, 147, 148, 153, 155, 156, 157, 159, 160, 161, 163, 164, 184, 210, 211, 213, 214, 215, 217, 218, 220, 221, 222, 227, 229, 230, 231, 233, 234, 235, 237, 238, 250, 252, 253, 254, 256, 257, 258, 260, 261, 265, 266, 268, 269, 270, 271, 272, 274, 276, 277, 282, 284, 285, 286, 288, 289, 290, 292, 293, 305, 311, 312, 314, 315, 316, 318, 319, 321, 322, 323, 328, 330, 331, 332, 334, 335, 336, 338, 339, 414, 416, 417, 418, 420, 421, 422, 424, 425, 430, 432, 433, 434, 436, 437, 438, 440, 441, 446, 448, 449, 450, 452, 453, 454, 456, 457, 478, 480, 481, 482, 484, 485, 486, 488, 489, 494, 496, 497, 498, 500, 501, 502, 504, 505, 510, 512, 513, 514, 516, 517, 518, 520, 521, 542, 544, 545, 546, 548, 549, 550, 552, 553, 558, 560, 561, 562, 564, 565, 566, 568, 569, 574, 576, 577, 578, 580, 581, 582, 584, 585, 703]
x_274: [37, 38, 40, 44, 45, 47, 49, 50, 52, 57, 58, 60, 61, 62, 64, 72, 74, 79, 80, 82, 83, 84, 86, 87, 88, 90, 95, 96, 98, 99, 100, 102, 103, 104, 106, 111, 112, 114, 115, 116, 118, 137, 138, 140, 144, 145, 147, 149, 150, 152, 157, 158, 160, 161, 162, 164, 211, 212, 214, 218, 219, 221, 223, 224, 226, 231, 232, 234, 235, 236, 238, 246, 247, 249, 254, 255, 257, 258, 259, 261, 262, 263, 265, 266, 270, 271, 273, 275, 276, 277, 278, 279, 281, 286, 287, 289, 290, 291, 293, 306, 312, 313, 315, 319, 320, 322, 324, 325, 327, 332, 333, 335, 336, 337, 339, 410, 411, 413, 418, 419, 421, 422, 423, 425, 426, 427, 429, 434, 435, 437, 438, 439, 441, 442, 443, 445, 450, 451, 453, 454, 455, 457, 474, 475, 477, 482, 483, 485, 486, 487, 489, 490, 491, 493, 498, 499, 501, 502, 503, 505, 506, 507, 509, 514, 515, 517, 518, 519, 521, 538, 539, 541, 546, 547, 549, 550, 551, 553, 554, 555, 557, 562, 563, 565, 566, 567, 569, 570, 571, 573, 578, 579, 581, 582, 583, 585, 704]
x_275: [35, 37, 38, 39, 41, 42, 44, 45, 46, 48, 49, 50, 51, 57, 58, 59, 61, 62, 63, 72, 73, 79, 80, 81, 83, 84, 85, 87, 88, 89, 95, 96, 97, 99, 100, 101, 103, 104, 105, 111, 112, 113, 115, 116, 117, 135, 137, 138, 139, 141, 142, 144, 145, 146, 148, 149, 150, 151, 157, 158, 159, 161, 162, 163, 209, 211, 212, 213, 215, 216, 218, 219, 220, 222, 223, 224, 225, 231, 232, 233, 235, 236, 237, 246, 247, 248, 254, 255, 256, 258, 259, 260, 262, 263, 264, 267, 270, 271, 272, 274, 276, 277, 278, 279, 280, 286, 287, 288, 290, 291, 292, 307, 310, 312, 313, 314, 316, 317, 319, 320, 321, 323, 324, 325, 326, 332, 333, 334, 336, 337, 338, 410, 411, 412, 418, 419, 420, 422, 423, 424, 426, 427, 428, 434, 435, 436, 438, 439, 440, 442, 443, 444, 450, 451, 452, 454, 455, 456, 474, 475, 476, 482, 483, 484, 486, 487, 488, 490, 491, 492, 498, 499, 500, 502, 503, 504, 506, 507, 508, 514, 515, 516, 518, 519, 520, 538, 539, 540, 546, 547, 548, 550, 551, 552, 554, 555, 556, 562, 563, 564, 566, 567, 568, 570, 571, 572, 578, 579, 580, 582, 583, 584, 705]
x_276: [35, 38, 39, 40, 41, 42, 45, 46, 47, 48, 50, 51, 52, 58, 59, 60, 62, 63, 64, 72, 73, 74, 80, 81, 82, 84, 85, 86, 88, 89, 90, 96, 97, 98, 100, 101, 102, 104, 105, 106, 112, 113, 114, 116, 117, 118, 135, 138, 139, 140, 141, 142, 145, 146, 147, 148, 150, 151, 152, 158, 159, 160, 162, 163, 164, 185, 209, 212, 213, 214, 215, 216, 219, 220, 221, 222, 224, 225, 226, 232, 233, 234, 236, 237, 238, 247, 248, 249, 255, 256, 257, 259, 260, 261, 263, 264, 265, 268, 271, 272, 273, 274, 275, 277, 279, 280, 281, 287, 288, 289, 291, 292, 293, 308, 310, 313, 314, 315, 316, 317, 320, 321, 322, 323, 325, 326, 327, 333, 334, 335, 337, 338, 339, 411, 412, 413, 419, 420, 421, 423, 424, 425, 427, 428, 429, 435, 436, 437, 439, 440, 441, 443, 444, 445, 451, 452, 453, 455, 456, 457, 475, 476, 477, 483, 484, 485, 487, 488, 489, 491, 492, 493, 499, 500, 501, 503, 504, 505, 507, 508, 509, 515, 516, 517, 519, 520, 521, 539, 540, 541, 547, 548, 549, 551, 552, 553, 555, 556, 557, 563, 564, 565, 567, 568, 569, 571, 572, 573, 579, 580, 581, 583, 584, 585, 706]
x_277: [35, 37, 39, 40, 41, 42, 44, 46, 47, 48, 49, 51, 52, 57, 59, 60, 61, 63, 64, 73, 74, 79, 81, 82, 83, 85, 86, 87, 89, 90, 95, 97, 98, 99, 101, 102, 103, 105, 106, 111, 113, 114, 115, 117, 118, 135, 137, 139, 140, 141, 142, 144, 146, 147, 148, 149, 151, 152, 157, 159, 160, 161, 163, 164, 209, 211, 213, 214, 215, 216, 218, 220, 221, 222, 223, 225, 226, 231, 233, 234, 235, 237, 238, 246, 248, 249, 254, 256, 257, 258, 260, 261, 262, 264, 265, 269, 270, 272, 273, 274, 275, 276, 278, 280, 281, 286, 288, 289, 290, 292, 293, 309, 310, 312, 314, 315, 316, 317, 319, 321, 322, 323, 324, 326, 327, 332, 334, 335, 336, 338, 339, 410, 412, 413, 418, 420, 421, 422, 424, 425, 426, 428, 429, 434, 436, 437, 438, 440, 441, 442, 444, 445, 450, 452, 453, 454, 456, 457, 474, 476, 477, 482, 484, 485, 486, 488, 489, 490, 492, 493, 498, 500, 501, 502, 504, 505, 506, 508, 509, 514, 516, 517, 518, 520, 521, 538, 540, 541, 546, 548, 549, 550, 552, 553, 554, 556, 557, 562, 564, 565, 566, 568, 569, 570, 572, 573, 578, 580, 581, 582, 584, 585, 707]
x_278: [49, 50, 52, 53, 54, 56, 61, 62, 64, 87, 88, 90, 91, 92, 94, 99, 100, 102, 103, 104, 106, 107, 108, 110, 115, 116, 118, 119, 120, 122, 123, 124, 126, 131, 132, 134, 149, 150, 152, 153, 154, 156, 161, 162, 164, 186, 223, 224, 226, 227, 228, 230, 235, 236, 238, 246, 262, 263, 265, 266, 267, 269, 274, 275, 277, 279, 280, 281, 282, 283, 285, 286, 290, 291, 293, 294, 295, 297, 298, 299, 301, 306, 307, 309, 324, 325, 327, 328, 329, 331, 336, 337, 339, 426, 427, 429, 430, 431, 433, 438, 439, 441, 442, 443, 445, 446, 447, 449, 454, 455, 457, 458, 459, 461, 462, 463, 465, 470, 471, 473, 490, 491, 493, 494, 495, 497, 502, 503, 505, 506, 507, 509, 510, 511, 513, 518, 519, 521, 522, 523, 525, 526, 527, 529, 534, 535, 537, 554, 555, 557, 558, 559, 561, 566, 567, 569, 570, 571, 573, 574, 575, 577, 582, 583, 585, 586, 587, 589, 590, 591, 593, 598, 599, 601, 708]
x_279: [42, 43, 48, 49, 50, 51, 53, 54, 55, 61, 62, 63, 65, 66, 71, 87, 88, 89, 91, 92, 93, 99, 100, 101, 103, 104, 105, 107, 108, 109, 115, 116, 117, 119, 120, 121, 123, 124, 125, 131, 132, 133, 142, 143, 148, 149, 150, 151, 153, 154, 155, 161, 162, 163, 165, 166, 171, 187, 216, 217, 222, 223, 224, 225, 227, 228, 229, 235, 236, 237, 239, 240, 245, 247, 262, 263, 264, 266, 267, 268, 274, 275, 276, 278, 280, 281, 282, 283, 284, 287, 290, 291, 292, 294, 295, 296, 298, 299, 300, 306, 307, 308, 317, 318, 323, 324, 325, 326, 328, 329, 330, 336, 337, 338, 340, 341, 346, 426, 427, 428, 430, 431, 432, 438, 439, 440, 442, 443, 444, 446, 447, 448, 454, 455, 456, 458, 459, 460, 462, 463, 464, 470, 471, 472, 490, 491, 492, 494, 495, 496, 502, 503, 504, 506, 507, 508, 510, 511, 512, 518, 519, 520, 522, 523, 524, 526, 527, 528, 534, 535, 536, 554, 555, 556, 558, 559, 560, 566, 567, 568, 570, 571, 572, 574, 575, 576, 582, 583, 584, 586, 587, 588, 590, 591, 592, 598, 599, 600, 709]
x_280: [42, 43, 48, 50, 51, 52, 54, 55, 56, 62, 63, 64, 65, 66, 71, 88, 89, 90, 92, 93, 94, 100, 101, 102, 104, 105, 106, 108, 109, 110, 116, 117, 118, 120, 121, 122, 124, 125, 126, 132, 133, 134, 142, 143, 148, 150, 151, 152, 154, 155, 156, 162, 163, 164, 165, 166, 171, 188, 216, 217, 222, 224, 225, 226, 228, 229, 230, 236, 237, 238, 239, 240, 245, 248, 263, 264, 265, 267, 268, 269, 275, 276, 277, 278, 279, 281, 283, 284, 285, 288, 291, 292, 293, 295, 296, 297, 299, 300, 301, 307, 308, 309, 317, 318, 323, 325, 326, 327, 329, 330, 331, 337, 338, 339, 340, 341, 346, 427, 428, 429, 431, 432, 433, 439, 440, 441, 443, 444, 445, 447, 448, 449, 455, 456, 457, 459, 460, 461, 463, 464, 465, 471, 472, 473, 491, 492, 493, 495, 496, 497, 503, 504, 505, 507, 508, 509, 511, 512, 513, 519, 520, 521, 523, 524, 525, 527, 528, 529, 535, 536, 537, 555, 556, 557, 559, 560, 561, 567, 568, 569, 571, 572, 573, 575, 576, 577, 583, 584, 585, 587, 588, 589, 591, 592, 593, 599, 600, 601, 710]
x_281: [42, 43, 48, 49, 51, 52, 53, 55, 56, 61, 63, 64, 65, 66, 71, 87, 89, 90, 91, 93, 94, 99, 101, 102, 103, 105, 106, 107, 109, 110, 115, 117, 118, 119, 121, 122, 123, 125, 126, 131, 133, 134, 142, 143, 148, 149, 151, 152, 153, 155, 156, 161, 163, 164, 165, 166, 171, 189, 216, 217, 222, 223, 225, 226, 227, 229, 230, 235, 237, 238, 239, 240, 245, 249, 262, 264, 265, 266, 268, 269, 274, 276, 277, 278, 279, 280, 282, 284, 285, 289, 290, 292, 293, 294, 296, 297, 298, 300, 301, 306, 308, 309, 317, 318, 323, 324, 326, 327, 328, 330, 331, 336, 338, 339, 340, 341, 346, 426, 428, 429, 430, 432, 433, 438, 440, 441, 442, 444, 445, 446, 448, 449, 454, 456, 457, 458, 460, 461, 462, 464, 465, 470, 472, 473, 490, 492, 493, 494, 496, 497, 502, 504, 505, 506, 508, 509, 510, 512, 513, 518, 520, 521, 522, 524, 525, 526, 528, 529, 534, 536, 537, 554, 556, 557, 558, 560, 561, 566, 568, 569, 570, 572, 573, 574, 576, 577, 582, 584, 585, 586, 588, 589, 590, 592, 593, 598, 600, 601, 711]
x_282: [44, 45, 47, 49, 50, 52, 53, 54, 56, 57, 58, 60, 67, 68, 70, 87, 88, 90, 91, 92, 94, 95, 96, 98, 103, 104, 106, 107, 108, 110, 111, 112, 114, 119, 120, 122, 123, 124, 126, 127, 128, 130, 144, 145, 147, 149, 150, 152, 153, 154, 156, 157, 158, 160, 167, 168, 170, 190, 218, 219, 221, 223, 224, 226, 227, 228, 230, 231, 232, 234, 241, 242, 244, 250, 262, 263, 265, 266, 267, 269, 270, 271, 273, 278, 279, 281, 283, 284, 285, 286, 287, 289, 290, 294, 295, 297, 298, 299, 301, 302, 303, 305, 319, 320, 322, 324, 325, 327, 328, 329, 331, 332, 333, 335, 342, 343, 345, 426, 427, 429, 430, 431, 433, 434, 435, 437, 442, 443, 445, 446, 447, 449, 450, 451, 453, 458, 459, 461, 462, 463, 465, 466, 467, 469, 490, 491, 493, 494, 495, 497, 498, 499, 501, 506, 507, 509, 510, 511, 513, 514, 515, 517, 522, 523, 525, 526, 527, 529, 530, 531, 533, 554, 555, 557, 558, 559, 561, 562, 563, 565, 570, 571, 573, 574, 575, 577, 578, 579, 581, 586, 587, 589, 590, 591, 593, 594, 595, 597, 712]
x_283: [42, 43, 44, 45, 46, 49, 50, 51, 53, 54, 55, 57, 58, 59, 65, 66, 67, 68, 69, 87, 88, 89, 91, 92, 93, 95, 96, 97, 103, 104, 105, 107, 108, 109, 111, 112, 113, 119, 120, 121, 123, 124, 125, 127, 128, 129, 142, 143, 144, 145, 146, 149, 150, 151, 153, 154, 155, 157, 158, 159, 165, 166, 167, 168, 169, 191, 216, 217, 218, 219, 220, 223, 224, 225, 227, 228, 229, 231, 232, 233, 239, 240, 241, 242, 243, 251, 262, 263, 264, 266, 267, 268, 270, 271, 272, 278, 279, 280, 282, 284, 285, 286, 287, 288, 291, 294, 295, 296, 298, 299, 300, 302, 303, 304, 317, 318, 319, 320, 321, 324, 325, 326, 328, 329, 330, 332, 333, 334, 340, 341, 342, 343, 344, 426, 427, 428, 430, 431, 432, 434, 435, 436, 442, 443, 444, 446, 447, 448, 450, 451, 452, 458, 459, 460, 462, 463, 464, 466, 467, 468, 490, 491, 492, 494, 495, 496, 498, 499, 500, 506, 507, 508, 510, 511, 512, 514, 515, 516, 522, 523, 524, 526, 527, 528, 530, 531, 532, 554, 555, 556, 558, 559, 560, 562, 563, 564, 570, 571, 572, 574, 575, 576, 578, 579, 580, 586, 587, 588, 590, 591, 592, 594, 595, 596, 713]
x_284: [42, 43, 45, 46, 47, 50, 51, 52, 54, 55, 56, 58, 59, 60, 65, 66, 68, 69, 70, 88, 89, 90, 92, 93, 94, 96, 97, 98, 104, 105, 106, 108, 109, 110, 112, 113, 114, 120, 121, 122, 124, 125, 126, 128, 129, 130, 142, 143, 145, 146, 147, 150, 151, 152, 154, 155, 156, 158, 159, 160, 165, 166, 168, 169, 170, 192, 216, 217, 219, 220, 221, 224, 225, 226, 228, 229, 230, 232, 233, 234, 239, 240, 242, 243, 244, 252, 263, 264, 265, 267, 268, 269, 271, 272, 273, 279, 280, 281, 282, 283, 285, 287, 288, 289, 292, 295, 296, 297, 299, 300, 301, 303, 304, 305, 317, 318, 320, 321, 322, 325, 326, 327, 329, 330, 331, 333, 334, 335, 340, 341, 343, 344, 345, 427, 428, 429, 431, 432, 433, 435, 436, 437, 443, 444, 445, 447, 448, 449, 451, 452, 453, 459, 460, 461, 463, 464, 465, 467, 468, 469, 491, 492, 493, 495, 496, 497, 499, 500, 501, 507, 508, 509, 511, 512, 513, 515, 516, 517, 523, 524, 525, 527, 528, 529, 531, 532, 533, 555, 556, 557, 559, 560, 561, 563, 564, 565, 571, 572, 573, 575, 576, 577, 579, 580, 581, 587, 588, 589, 591, 592, 593, 595, 596, 597, 714]
x_285: [42, 43, 44, 46, 47, 49, 51, 52, 53, 55, 56, 57, 59, 60, 65, 66, 67, 69, 70, 87, 89, 90, 91, 93, 94, 95, 97, 98, 103, 105, 106, 107, 109, 110, 111, 113, 114, 119, 121, 122, 123, 125, 126, 127, 129, 130, 142, 143, 144, 146, 147, 149, 151, 152, 153, 155, 156, 157, 159, 160, 165, 166, 167, 169, 170, 193, 216, 217, 218, 220, 221, 223, 225, 226, 227, 229, 230, 231, 233, 234, 239, 240, 241, 243, 244, 253, 262, 264, 265, 266, 268, 269, 270, 272, 273, 278, 280, 281, 282, 283, 284, 286, 288, 289, 293, 294, 296, 297, 298, 300, 301, 302, 304, 305, 317, 318, 319, 321, 322, 324, 326, 327, 328, 330, 331, 332, 334, 335, 340, 341, 342, 344, 345, 426, 428, 429, 430, 432, 433, 434, 436, 437, 442, 444, 445, 446, 448, 449, 450, 452, 453, 458, 460, 461, 462, 464, 465, 466, 468, 469, 490, 492, 493, 494, 496, 497, 498, 500, 501, 506, 508, 509, 510, 512, 513, 514, 516, 517, 522, 524, 525, 526, 528, 529, 530, 532, 533, 554, 556, 557, 558, 560, 561, 562, 564, 565, 570, 572, 573, 574, 576, 577, 578, 580, 581, 586, 588, 589, 590, 592, 593, 594, 596, 597, 715]
x_286: [44, 45, 47, 53, 54, 56, 57, 58, 60, 61, 62, 64, 67, 68, 70, 91, 92, 94, 95, 96, 98, 99, 100, 102, 107, 108, 110, 111, 112, 114, 115, 116, 118, 123, 124, 126, 127, 128, 130, 131, 132, 134, 144, 145, 147, 153, 154, 156, 157, 158, 160, 161, 162, 164, 167, 168, 170, 194, 218, 219, 221, 227, 228, 230, 231, 232, 234, 235, 236, 238, 241, 242, 244, 254, 266, 267, 269, 270, 271, 273, 274, 275, 277, 278, 282, 283, 285, 287, 288, 289, 290, 291, 293, 298, 299, 301, 302, 303, 305, 306, 307, 309, 319, 320, 322, 328, 329, 331, 332, 333, 335, 336, 337, 339, 342, 343, 345, 430, 431, 433, 434, 435, 437, 438, 439, 441, 446, 447, 449, 450, 451, 453, 454, 455, 457, 462, 463, 465, 466, 467, 469, 470, 471, 473, 494, 495, 497, 498, 499, 501, 502, 503, 505, 510, 511, 513, 514, 515, 517, 518, 519, 521, 526, 527, 529, 530, 531, 533, 534, 535, 537, 558, 559, 561, 562, 563, 565, 566, 567, 569, 574, 575, 577, 578, 579, 581, 582, 583, 585, 590, 591, 593, 594, 595, 597, 598, 599, 601, 716]
x_287: [43, 44, 45, 46, 48, 53, 54, 55, 57, 58, 59, 61, 62, 63, 66, 67, 68, 69, 71, 91, 92, 93, 95, 96, 97, 99, 100, 101, 107, 108, 109, 111, 112, 113, 115, 116, 117, 123, 124, 125, 127, 128, 129, 131, 132, 133, 143, 144, 145, 146, 148, 153, 154, 155, 157, 158, 159, 161, 162, 163, 166, 167, 168, 169, 171, 195, 217, 218, 219, 220, 222, 227, 228, 229, 231, 232, 233, 235, 236, 237, 240, 241, 242, 243, 245, 255, 266, 267, 268, 270, 271, 272, 274, 275, 276, 279, 282, 283, 284, 286, 288, 289, 290, 291, 292, 298, 299, 300, 302, 303, 304, 306, 307, 308, 318, 319, 320, 321, 323, 328, 329, 330, 332, 333, 334, 336, 337, 338, 341, 342, 343, 344, 346, 430, 431, 432, 434, 435, 436, 438, 439, 440, 446, 447, 448, 450, 451, 452, 454, 455, 456, 462, 463, 464, 466, 467, 468, 470, 471, 472, 494, 495, 496, 498, 499, 500, 502, 503, 504, 510, 511, 512, 514, 515, 516, 518, 519, 520, 526, 527, 528, 530, 531, 532, 534, 535, 536, 558, 559, 560, 562, 563, 564, 566, 567, 568, 574, 575, 576, 578, 579, 580, 582, 583, 584, 590, 591, 592, 594, 595, 596, 598, 599, 600, 717]
x_288: [43, 45, 46, 47, 48, 54, 55, 56, 58, 59, 60, 62, 63, 64, 66, 68, 69, 70, 71, 92, 93, 94, 96, 97, 98, 100, 101, 102, 108, 109, 110, 112, 113, 114, 116, 117, 118, 124, 125, 126, 128, 129, 130, 132, 133, 134, 143, 145, 146, 147, 148, 154, 155, 156, 158, 159, 160, 162, 163, 164, 166, 168, 169, 170, 171, 196, 217, 219, 220, 221, 222, 228, 229, 230, 232, 233, 234, 236, 237, 238, 240, 242, 243, 244, 245, 256, 267, 268, 269, 271, 272, 273, 275, 276, 277, 280, 283, 284, 285, 286, 287, 289, 291, 292, 293, 299, 300, 301, 303, 304, 305, 307, 308, 309, 318, 320, 321, 322, 323, 329, 330, 331, 333, 334, 335, 337, 338, 339, 341, 343, 344, 345, 346, 431, 432, 433, 435, 436, 437, 439, 440, 441, 447, 448, 449, 451, 452, 453, 455, 456, 457, 463, 464, 465, 467, 468, 469, 471, 472, 473, 495, 496, 497, 499, 500, 501, 503, 504, 505, 511, 512, 513, 515, 516, 517, 519, 520, 521, 527, 528, 529, 531, 532, 533, 535, 536, 537, 559, 560, 561, 563, 564, 565, 567, 568, 569, 575, 576, 577, 579, 580, 581, 583, 584, 585, 591, 592, 593, 595, 596, 597, 599, 600, 601, 718]
x_289: [43, 44, 46, 47, 48, 53, 55, 56, 57, 59, 60, 61, 63, 64, 66, 67, 69, 70, 71, 91, 93, 94, 95, 97, 98, 99, 101, 102, 107, 109, 110, 111, 113, 114, 115, 117, 118, 123, 125, 126, 127, 129, 130, 131, 133, 134, 143, 144, 146, 147, 148, 153, 155, 156, 157, 159, 160, 161, 163, 164, 166, 167, 169, 170, 171, 197, 217, 218, 220, 221, 222, 227, 229, 230, 231, 233, 234, 235, 237, 238, 240, 241, 243, 244, 245, 257, 266, 268, 269, 270, 272, 273, 274, 276, 277, 281, 282, 284, 285, 286, 287, 288, 290, 292, 293, 298, 300, 301, 302, 304, 305, 306, 308, 309, 318, 319, 321, 322, 323, 328, 330, 331, 332, 334, 335, 336, 338, 339, 341, 342, 344, 345, 346, 430, 432, 433, 434, 436, 437, 438, 440, 441, 446, 448, 449, 450, 452, 453, 454, 456, 457, 462, 464, 465, 466, 468, 469, 470, 472, 473, 494, 496, 497, 498, 500, 501, 502, 504, 505, 510, 512, 513, 514, 516, 517, 518, 520, 521, 526, 528, 529, 530, 532, 533, 534, 536, 537, 558, 560, 561, 562, 564, 565, 566, 568, 569, 574, 576, 577, 578, 580, 581, 582, 584, 585, 590, 592, 593, 594, 596, 597, 598, 600, 601, 719]
x_290: [44, 45, 47, 49, 50, 52, 57, 58, 60, 61, 62, 64, 67, 68, 70, 87, 88, 90, 95, 96, 98, 99, 100, 102, 103, 104, 106, 111, 112, 114, 115, 116, 118, 119, 120, 122, 127, 128, 130, 131, 132, 134, 144, 145, 147, 149, 150, 152, 157, 158, 160, 161, 162, 164, 167, 168, 170, 198, 218, 219, 221, 223, 224, 226, 231, 232, 234, 235, 236, 238, 241, 242, 244, 258, 262, 263, 265, 270, 271, 273, 274, 275, 277, 278, 279, 281, 282, 286, 287, 289, 291, 292, 293, 294, 295, 297, 302, 303, 305, 306, 307, 309, 319, 320, 322, 324, 325, 327, 332, 333, 335, 336, 337, 339, 342, 343, 345, 426, 427, 429, 434, 435, 437, 438, 439, 441, 442, 443, 445, 450, 451, 453, 454, 455, 457, 458, 459, 461, 466, 467, 469, 470, 471, 473, 490, 491, 493, 498, 499, 501, 502, 503, 505, 506, 507, 509, 514, 515, 517, 518, 519, 521, 522, 523, 525, 530, 531, 533, 534, 535, 537, 554, 555, 557, 562, 563, 565, 566, 567, 569, 570, 571, 573, 578, 579, 581, 582, 583, 585, 586, 587, 589, 594, 595, 597, 598, 599, 601, 720]
x_291: [42, 44, 45, 46, 48, 49, 50, 51, 57, 58, 59, 61, 62, 63, 65, 67, 68, 69, 71, 87, 88, 89, 95, 96, 97, 99, 100, 101, 103, 104, 105, 111, 112, 113, 115, 116, 117, 119, 120, 121, 127, 128, 129, 131, 132, 133, 142, 144, 145, 146, 148, 149, 150, 151, 157, 158, 159, 161, 162, 163, 165, 167, 168, 169, 171, 199, 216, 218, 219, 220, 222, 223, 224, 225, 231, 232, 233, 235, 236, 237, 239, 241, 242, 243, 245, 259, 262, 263, 264, 270, 271, 272, 274, 275, 276, 278, 279, 280, 283, 286, 287, 288, 290, 292, 293, 294, 295, 296, 302, 303, 304, 306, 307, 308, 317, 319, 320, 321, 323, 324, 325, 326, 332, 333, 334, 336, 337, 338, 340, 342, 343, 344, 346, 426, 427, 428, 434, 435, 436, 438, 439, 440, 442, 443, 444, 450, 451, 452, 454, 455, 456, 458, 459, 460, 466, 467, 468, 470, 471, 472, 490, 491, 492, 498, 499, 500, 502, 503, 504, 506, 507, 508, 514, 515, 516, 518, 519, 520, 522, 523, 524, 530, 531, 532, 534, 535, 536, 554, 555, 556, 562, 563, 564, 566, 567, 568, 570, 571, 572, 578, 579, 580, 582, 583, 584, 586, 587, 588, 594, 595, 596, 598, 599, 600, 721]
x_292: [42, 45, 46, 47, 48, 50, 51, 52, 58, 59, 60, 62, 63, 64, 65, 68, 69, 70, 71, 88, 89, 90, 96, 97, 98, 100, 101, 102, 104, 105, 106, 112, 113, 114, 116, 117, 118, 120, 121, 122, 128, 129, 130, 132, 133, 134, 142, 145, 146, 147, 148, 150, 151, 152, 158, 159, 160, 162, 163, 164, 165, 168, 169, 170, 171, 200, 216, 219, 220, 221, 222, 224, 225, 226, 232, 233, 234, 236, 237, 238, 239, 242, 243, 244, 245, 260, 263, 264, 265, 271, 272, 273, 275, 276, 277, 279, 280, 281, 284, 287, 288, 289, 290, 291, 293, 295, 296, 297, 303, 304, 305, 307, 308, 309, 317, 320, 321, 322, 323, 325, 326, 327, 333, 334, 335, 337, 338, 339, 340, 343, 344, 345, 346, 427, 428, 429, 435, 436, 437, 439, 440, 441, 443, 444, 445, 451, 452, 453, 455, 456, 457, 459, 460, 461, 467, 468, 469, 471, 472, 473, 491, 492, 493, 499, 500, 501, 503, 504, 505, 507, 508, 509, 515, 516, 517, 519, 520, 521, 523, 524, 525, 531, 532, 533, 535, 536, 537, 555, 556, 557, 563, 564, 565, 567, 568, 569, 571, 572, 573, 579, 580, 581, 583, 584, 585, 587, 588, 589, 595, 596, 597, 599, 600, 601, 722]
x_293: [42, 44, 46, 47, 48, 49, 51, 52, 57, 59, 60, 61, 63, 64, 65, 67, 69, 70, 71, 87, 89, 90, 95, 97, 98, 99, 101, 102, 103, 105, 106, 111, 113, 114, 115, 117, 118, 119, 121, 122, 127, 129, 130, 131, 133, 134, 142, 144, 146, 147, 148, 149, 151, 152, 157, 159, 160, 161, 163, 164, 165, 167, 169, 170, 171, 201, 216, 218, 220, 221, 222, 223, 225, 226, 231, 233, 234, 235, 237, 238, 239, 241, 243, 244, 245, 261, 262, 264, 265, 270, 272, 273, 274, 276, 277, 278, 280, 281, 285, 286, 288, 289, 290, 291, 292, 294, 296, 297, 302, 304, 305, 306, 308, 309, 317, 319, 321, 322, 323, 324, 326, 327, 332, 334, 335, 336, 338, 339, 340, 342, 344, 345, 346, 426, 428, 429, 434, 436, 437, 438, 440, 441, 442, 444, 445, 450, 452, 453, 454, 456, 457, 458, 460, 461, 466, 468, 469, 470, 472, 473, 490, 492, 493, 498, 500, 501, 502, 504, 505, 506, 508, 509, 514, 516, 517, 518, 520, 521, 522, 524, 525, 530, 532, 533, 534, 536, 537, 554, 556, 557, 562, 564, 565, 566, 568, 569, 570, 572, 573, 578, 580, 581, 582, 584, 585, 586, 588, 589, 594, 596, 597, 598, 600, 601, 723]
x_294: [49, 50, 52, 53, 54, 56, 61, 62, 64, 72, 74, 75, 76, 78, 83, 84, 86, 103, 104, 106, 107, 108, 110, 115, 116, 118, 119, 120, 122, 123, 124, 126, 131, 132, 134, 149, 150, 152, 153, 154, 156, 161, 162, 164, 223, 224, 226, 227, 228, 230, 235, 236, 238, 246, 247, 249, 250, 251, 253, 258, 259, 261, 262, 278, 279, 281, 282, 283, 285, 290, 291, 293, 295, 296, 297, 298, 299, 301, 302, 306, 307, 309, 324, 325, 327, 328, 329, 331, 336, 337, 339, 410, 411, 413, 414, 415, 417, 422, 423, 425, 442, 443, 445, 446, 447, 449, 454, 455, 457, 458, 459, 461, 462, 463, 465, 470, 471, 473, 474, 475, 477, 478, 479, 481, 486, 487, 489, 506, 507, 509, 510, 511, 513, 518, 519, 521, 522, 523, 525, 526, 527, 529, 534, 535, 537, 538, 539, 541, 542, 543, 545, 550, 551, 553, 570, 571, 573, 574, 575, 577, 582, 583, 585, 586, 587, 589, 590, 591, 593, 598, 599, 601, 724]
x_295: [35, 36, 41, 49, 50, 51, 53, 54, 55, 61, 62, 63, 65, 66, 71, 72, 73, 75, 76, 77, 83, 84, 85, 103, 104, 105, 107, 108, 109, 115, 116, 117, 119, 120, 121, 123, 124, 125, 131, 132, 133, 135, 136, 141, 149, 150, 151, 153, 154, 155, 161, 162, 163, 165, 166, 171, 209, 210, 215, 223, 224, 225, 227, 228, 229, 235, 236, 237, 239, 240, 245, 246, 247, 248, 250, 251, 252, 258, 259, 260, 263, 278, 279, 280, 282, 283, 284, 290, 291, 292, 294, 296, 297, 298, 299, 300, 303, 306, 307, 308, 310, 311, 316, 324, 325, 326, 328, 329, 330, 336, 337, 338, 340, 341, 346, 410, 411, 412, 414, 415, 416, 422, 423, 424, 442, 443, 444, 446, 447, 448, 454, 455, 456, 458, 459, 460, 462, 463, 464, 470, 471, 472, 474, 475, 476, 478, 479, 480, 486, 487, 488, 506, 507, 508, 510, 511, 512, 518, 519, 520, 522, 523, 524, 526, 527, 528, 534, 535, 536, 538, 539, 540, 542, 543, 544, 550, 551, 552, 570, 571, 572, 574, 575, 576, 582, 583, 584, 586, 587, 588, 590, 591, 592, 598, 599, 600, 725]
x_296: [35, 36, 41, 50, 51, 52, 54, 55, 56, 62, 63, 64, 65, 66, 71, 72, 73, 74, 76, 77, 78, 84, 85, 86, 104, 105, 106, 108, 109, 110, 116, 117, 118, 120, 121, 122, 124, 125, 126, 132, 133, 134, 135, 136, 141, 150, 151, 152, 154, 155, 156, 162, 163, 164, 165, 166, 171, 202, 209, 210, 215, 224, 225, 226, 228, 229, 230, 236, 237, 238, 239, 240, 245, 247, 248, 249, 251, 252, 253, 259, 260, 261, 264, 279, 280, 281, 283, 284, 285, 291, 292, 293, 294, 295, 297, 299, 300, 301, 304, 307, 308, 309, 310, 311, 316, 325, 326, 327, 329, 330, 331, 337, 338, 339, 340, 341, 346, 411, 412, 413, 415, 416, 417, 423, 424, 425, 443, 444, 445, 447, 448, 449, 455, 456, 457, 459, 460, 461, 463, 464, 465, 471, 472, 473, 475, 476, 477, 479, 480, 481, 487, 488, 489, 507, 508, 509, 511, 512, 513, 519, 520, 521, 523, 524, 525, 527, 528, 529, 535, 536, 537, 539, 540, 541, 543, 544, 545, 551, 552, 553, 571, 572, 573, 575, 576, 577, 583, 584, 585, 587, 588, 589, 591, 592, 593, 599, 600, 601, 726]
x_297: [35, 36, 41, 49, 51, 52, 53, 55, 56, 61, 63, 64, 65, 66, 71, 73, 74, 75, 77, 78, 83, 85, 86, 103, 105, 106, 107, 109, 110, 115, 117, 118, 119, 121, 122, 123, 125, 126, 131, 133, 134, 135, 136, 141, 149, 151, 152, 153, 155, 156, 161, 163, 164, 165, 166, 171, 209, 210, 215, 223, 225, 226, 227, 229, 230, 235, 237, 238, 239, 240, 245, 246, 248, 249, 250, 252, 253, 258, 260, 261, 265, 278, 280, 281, 282, 284, 285, 290, 292, 293, 294, 295, 296, 298, 300, 301, 305, 306, 308, 309, 310, 311, 316, 324, 326, 327, 328, 330, 331, 336, 338, 339, 340, 341, 346, 410, 412, 413, 414, 416, 417, 422, 424, 425, 442, 444, 445, 446, 448, 449, 454, 456, 457, 458, 460, 461, 462, 464, 465, 470, 472, 473, 474, 476, 477, 478, 480, 481, 486, 488, 489, 506, 508, 509, 510, 512, 513, 518, 520, 521, 522, 524, 525, 526, 528, 529, 534, 536, 537, 538, 540, 541, 542, 544, 545, 550, 552, 553, 570, 572, 573, 574, 576, 577, 582, 584, 585, 586, 588, 589, 590, 592, 593, 598, 600, 601, 727]
x_298: [37, 38, 40, 49, 50, 52, 53, 54, 56, 57, 58, 60, 67, 68, 70, 72, 74, 75, 76, 78, 79, 80, 82, 103, 104, 106, 107, 108, 110, 111, 112, 114, 119, 120, 122, 123, 124, 126, 127, 128, 130, 137, 138, 140, 149, 150, 152, 153, 154, 156, 157, 158, 160, 167, 168, 170, 211, 212, 214, 223, 224, 226, 227, 228, 230, 231, 232, 234, 241, 242, 244, 246, 247, 249, 250, 251, 253, 254, 255, 257, 266, 278, 279, 281, 282, 283, 285, 286, 287, 289, 294, 295, 297, 299, 300, 301, 302, 303, 305, 306, 312, 313, 315, 324, 325, 327, 328, 329, 331, 332, 333, 335, 342, 343, 345, 410, 411, 413, 414, 415, 417, 418, 419, 421, 442, 443, 445, 446, 447, 449, 450, 451, 453, 458, 459, 461, 462, 463, 465, 466, 467, 469, 474, 475, 477, 478, 479, 481, 482, 483, 485, 506, 507, 509, 510, 511, 513, 514, 515, 517, 522, 523, 525, 526, 527, 529, 530, 531, 533, 538, 539, 541, 542, 543, 545, 546, 547, 549, 570, 571, 573, 574, 575, 577, 578, 579, 581, 586, 587, 589, 590, 591, 593, 594, 595, 597, 728]
x_299: [35, 36, 37, 38, 39, 49, 50, 51, 53, 54, 55, 57, 58, 59, 65, 66, 67, 68, 69, 72, 73, 75, 76, 77, 79, 80, 81, 103, 104, 105, 107, 108, 109, 111, 112, 113, 119, 120, 121, 123, 124, 125, 127, 128, 129, 135, 136, 137, 138, 139, 149, 150, 151, 153, 154, 155, 157, 158, 159, 165, 166, 167, 168, 169, 209, 210, 211, 212, 213, 223, 224, 225, 227, 228, 229, 231, 232, 233, 239, 240, 241, 242, 243, 246, 247, 248, 250, 251, 252, 254, 255, 256, 267, 278, 279, 280, 282, 283, 284, 286, 287, 288, 294, 295, 296, 298, 300, 301, 302, 303, 304, 307, 310, 311, 312, 313, 314, 324, 325, 326, 328, 329, 330, 332, 333, 334, 340, 341, 342, 343, 344, 410, 411, 412, 414, 415, 416, 418, 419, 420, 442, 443, 444, 446, 447, 448, 450, 451, 452, 458, 459, 460, 462, 463, 464, 466, 467, 468, 474, 475, 476, 478, 479, 480, 482, 483, 484, 506, 507, 508, 510, 511, 512, 514, 515, 516, 522, 523, 524, 526, 527, 528, 530, 531, 532, 538, 539, 540, 542, 543, 544, 546, 547, 548, 570, 571, 572, 574, 575, 576, 578, 579, 580, 586, 587, 588, 590, 591, 592, 594, 595, 596, 729]
x_300: [35, 36, 38, 39, 40, 50, 51, 52, 54, 55, 56, 58, 59, 60, 65, 66, 68, 69, 70, 72, 73, 74, 76, 77, 78, 80, 81, 82, 104, 105, 106, 108, 109, 110, 112, 113, 114, 120, 121, 122, 124, 125, 126, 128, 129, 130, 135, 136, 138, 139, 140, 150, 151, 152, 154, 155, 156, 158, 159, 160, 165, 166, 168, 169, 170, 203, 209, 210, 212, 213, 214, 224, 225, 226, 228, 229, 230, 232, 233, 234, 239, 240, 242, 243, 244, 247, 248, 249, 251, 252, 253, 255, 256, 257, 268, 279, 280, 281, 283, 284, 285, 287, 288, 289, 295, 296, 297, 298, 299, 301, 303, 304, 305, 308, 310, 311, 313, 314, 315, 325, 326, 327, 329, 330, 331, 333, 334, 335, 340, 341, 343, 344, 345, 411, 412, 413, 415, 416, 417, 419, 420, 421, 443, 444, 445, 447, 448, 449, 451, 452, 453, 459, 460, 461, 463, 464, 465, 467, 468, 469, 475, 476, 477, 479, 480, 481, 483, 484, 485, 507, 508, 509, 511, 512, 513, 515, 516, 517, 523, 524, 525, 527, 528, 529, 531, 532, 533, 539, 540, 541, 543, 544, 545, 547, 548, 549, 571, 572, 573, 575, 576, 577, 579, 580, 581, 587, 588, 589, 591, 592, 593, 595, 596, 597, 730]
x_301: [35, 36, 37, 39, 40, 49, 51, 52, 53, 55, 56, 57, 59, 60, 65, 66, 67, 69, 70, 73, 74, 75, 77, 78, 79, 81, 82, 103, 105, 106, 107, 109, 110, 111, 113, 114, 119, 121, 122, 123, 125, 126, 127, 129, 130, 135, 136, 137, 139, 140, 149, 151, 152, 153, 155, 156, 157, 159, 160, 165, 166, 167, 169, 170, 209, 210, 211, 213, 214, 223, 225, 226, 227, 229, 230, 231, 233, 234, 239, 240, 241, 243, 244, 246, 248, 249, 250, 252, 253, 254, 256, 257, 269, 278, 280, 281, 282, 284, 285, 286, 288, 289, 294, 296, 297, 298, 299, 300, 302, 304, 305, 309, 310, 311, 312, 314, 315, 324, 326, 327, 328, 330, 331, 332, 334, 335, 340, 341, 342, 344, 345, 410, 412, 413, 414, 416, 417, 418, 420, 421, 442, 444, 445, 446, 448, 449, 450, 452, 453, 458, 460, 461, 462, 464, 465, 466, 468, 469, 474, 476, 477, 478, 480, 481, 482, 484, 485, 506, 508, 509, 510, 512, 513, 514, 516, 517, 522, 524, 525, 526, 528, 529, 530, 532, 533, 538, 540, 541, 542, 544, 545, 546, 548, 549, 570, 572, 573, 574, 576, 577, 578, 580, 581, 586, 588, 589, 590, 592, 593, 594, 596, 597, 731]
x_302: [37, 38, 40, 53, 54, 56, 57, 58, 60, 61, 62, 64, 67, 68, 70, 75, 76, 78, 79, 80, 82, 83, 84, 86, 107, 108, 110, 111, 112, 114, 115, 116, 118, 123, 124, 126, 127, 128, 130, 131, 132, 134, 137, 138, 140, 153, 154, 156, 157, 158, 160, 161, 162, 164, 167, 168, 170, 204, 211, 212, 214, 227, 228, 230, 231, 232, 234, 235, 236, 238, 241, 242, 244, 250, 251, 253, 254, 255, 257, 258, 259, 261, 270, 282, 283, 285, 286, 287, 289, 290, 291, 293, 294, 298, 299, 301, 303, 304, 305, 306, 307, 309, 312, 313, 315, 328, 329, 331, 332, 333, 335, 336, 337, 339, 342, 343, 345, 414, 415, 417, 418, 419, 421, 422, 423, 425, 446, 447, 449, 450, 451, 453, 454, 455, 457, 462, 463, 465, 466, 467, 469, 470, 471, 473, 478, 479, 481, 482, 483, 485, 486, 487, 489, 510, 511, 513, 514, 515, 517, 518, 519, 521, 526, 527, 529, 530, 531, 533, 534, 535, 537, 542, 543, 545, 546, 547, 549, 550, 551, 553, 574, 575, 577, 578, 579, 581, 582, 583, 585, 590, 591, 593, 594, 595, 597, 598, 599, 601, 732]
x_303: [36, 37, 38, 39, 41, 53, 54, 55, 57, 58, 59, 61, 62, 63, 66, 67, 68, 69, 71, 75, 76, 77, 79, 80, 81, 83, 84, 85, 107, 108, 109, 111, 112, 113, 115, 116, 117, 123, 124, 125, 127, 128, 129, 131, 132, 133, 136, 137, 138, 139, 141, 153, 154, 155, 157, 158, 159, 161, 162, 163, 166, 167, 168, 169, 171, 205, 210, 211, 212, 213, 215, 227, 228, 229, 231, 232, 233, 235, 236, 237, 240, 241, 242, 243, 245, 250, 251, 252, 254, 255, 256, 258, 259, 260, 271, 282, 283, 284, 286, 287, 288, 290, 291, 292, 295, 298, 299, 300, 302, 304, 305, 306, 307, 308, 311, 312, 313, 314, 316, 328, 329, 330, 332, 333, 334, 336, 337, 338, 341, 342, 343, 344, 346, 414, 415, 416, 418, 419, 420, 422, 423, 424, 446, 447, 448, 450, 451, 452, 454, 455, 456, 462, 463, 464, 466, 467, 468, 470, 471, 472, 478, 479, 480, 482, 483, 484, 486, 487, 488, 510, 511, 512, 514, 515, 516, 518, 519, 520, 526, 527, 528, 530, 531, 532, 534, 535, 536, 542, 543, 544, 546, 547, 548, 550, 551, 552, 574, 575, 576, 578, 579, 580, 582, 583, 584, 590, 591, 592, 594, 595, 596, 598, 599, 600, 733]
x_304: [36, 38, 39, 40, 41, 54, 55, 56, 58, 59, 60, 62, 63, 64, 66, 68, 69, 70, 71, 76, 77, 78, 80, 81, 82, 84, 85, 86, 108, 109, 110, 112, 113, 114, 116, 117, 118, 124, 125, 126, 128, 129, 130, 132, 133, 134, 136, 138, 139, 140, 141, 154, 155, 156, 158, 159, 160, 162, 163, 164, 166, 168, 169, 170, 171, 206, 210, 212, 213, 214, 215, 228, 229, 230, 232, 233, 234, 236, 237, 238, 240, 242, 243, 244, 245, 251, 252, 253, 255, 256, 257, 259, 260, 261, 272, 283, 284, 285, 287, 288, 289, 291, 292, 293, 296, 299, 300, 301, 302, 303, 305, 307, 308, 309, 311, 313, 314, 315, 316, 329, 330, 331, 333, 334, 335, 337, 338, 339, 341, 343, 344, 345, 346, 415, 416, 417, 419, 420, 421, 423, 424, 425, 447, 448, 449, 451, 452, 453, 455, 456, 457, 463, 464, 465, 467, 468, 469, 471, 472, 473, 479, 480, 481, 483, 484, 485, 487, 488, 489, 511, 512, 513, 515, 516, 517, 519, 520, 521, 527, 528, 529, 531, 532, 533, 535, 536, 537, 543, 544, 545, 547, 548, 549, 551, 552, 553, 575, 576, 577, 579, 580, 581, 583, 584, 585, 591, 592, 593, 595, 596, 597, 599, 600, 601, 734]
x_305: [36, 37, 39, 40, 41, 53, 55, 56, 57, 59, 60, 61, 63, 64, 66, 67, 69, 70, 71, 75, 77, 78, 79, 81, 82, 83, 85, 86, 107, 109, 110, 111, 113, 114, 115, 117, 118, 123, 125, 126, 127, 129, 130, 131, 133, 134, 136, 137, 139, 140, 141, 153, 155, 156, 157, 159, 160, 161, 163, 164, 166, 167, 169, 170, 171, 207, 210, 211, 213, 214, 215, 227, 229, 230, 231, 233, 234, 235, 237, 238, 240, 241, 243, 244, 245, 250, 252, 253, 254, 256, 257, 258, 260, 261, 273, 282, 284, 285, 286, 288, 289, 290, 292, 293, 297, 298, 300, 301, 302, 303, 304, 306, 308, 309, 311, 312, 314, 315, 316, 328, 330, 331, 332, 334, 335, 336, 338, 339, 341, 342, 344, 345, 346, 414, 416, 417, 418, 420, 421, 422, 424, 425, 446, 448, 449, 450, 452, 453, 454, 456, 457, 462, 464, 465, 466, 468, 469, 470, 472, 473, 478, 480, 481, 482, 484, 485, 486, 488, 489, 510, 512, 513, 514, 516, 517, 518, 520, 521, 526, 528, 529, 530, 532, 533, 534, 536, 537, 542, 544, 545, 546, 548, 549, 550, 552, 553, 574, 576, 577, 578, 580, 581, 582, 584, 585, 590, 592, 593, 594, 596, 597, 598, 600, 601, 735]
x_306: [37, 38, 40, 49, 50, 52, 57, 58, 60, 61, 62, 64, 67, 68, 70, 72, 74, 79, 80, 82, 83, 84, 86, 103, 104, 106, 111, 112, 114, 115, 116, 118, 119, 120, 122, 127, 128, 130, 131, 132, 134, 137, 138, 140, 149, 150, 152, 157, 158, 160, 161, 162, 164, 167, 168, 170, 211, 212, 214, 223, 224, 226, 231, 232, 234, 235, 236, 238, 241, 242, 244, 246, 247, 249, 254, 255, 257, 258, 259, 261, 274, 278, 279, 281, 286, 287, 289, 290, 291, 293, 294, 295, 297, 298, 302, 303, 305, 307, 308, 309, 312, 313, 315, 324, 325, 327, 332, 333, 335, 336, 337, 339, 342, 343, 345, 410, 411, 413, 418, 419, 421, 422, 423, 425, 442, 443, 445, 450, 451, 453, 454, 455, 457, 458, 459, 461, 466, 467, 469, 470, 471, 473, 474, 475, 477, 482, 483, 485, 486, 487, 489, 506, 507, 509, 514, 515, 517, 518, 519, 521, 522, 523, 525, 530, 531, 533, 534, 535, 537, 538, 539, 541, 546, 547, 549, 550, 551, 553, 570, 571, 573, 578, 579, 581, 582, 583, 585, 586, 587, 589, 594, 595, 597, 598, 599, 601, 736]
x_307: [35, 37, 38, 39, 41, 49, 50, 51, 57, 58, 59, 61, 62, 63, 65, 67, 68, 69, 71, 72, 73, 79, 80, 81, 83, 84, 85, 103, 104, 105, 111, 112, 113, 115, 116, 117, 119, 120, 121, 127, 128, 129, 131, 132, 133, 135, 137, 138, 139, 141, 149, 150, 151, 157, 158, 159, 161, 162, 163, 165, 167, 168, 169, 171, 209, 211, 212, 213, 215, 223, 224, 225, 231, 232, 233, 235, 236, 237, 239, 241, 242, 243, 245, 246, 247, 248, 254, 255, 256, 258, 259, 260, 275, 278, 279, 280, 286, 287, 288, 290, 291, 292, 294, 295, 296, 299, 302, 303, 304, 306, 308, 309, 310, 312, 313, 314, 316, 324, 325, 326, 332, 333, 334, 336, 337, 338, 340, 342, 343, 344, 346, 410, 411, 412, 418, 419, 420, 422, 423, 424, 442, 443, 444, 450, 451, 452, 454, 455, 456, 458, 459, 460, 466, 467, 468, 470, 471, 472, 474, 475, 476, 482, 483, 484, 486, 487, 488, 506, 507, 508, 514, 515, 516, 518, 519, 520, 522, 523, 524, 530, 531, 532, 534, 535, 536, 538, 539, 540, 546, 547, 548, 550, 551, 552, 570, 571, 572, 578, 579, 580, 582, 583, 584, 586, 587, 588, 594, 595, 596, 598, 599, 600, 737]
x_308: [35, 38, 39, 40, 41, 50, 51, 52, 58, 59, 60, 62, 63, 64, 65, 68, 69, 70, 71, 72, 73, 74, 80, 81, 82, 84, 85, 86, 104, 105, 106, 112, 113, 114, 116, 117, 118, 120, 121, 122, 128, 129, 130, 132, 133, 134, 135, 138, 139, 140, 141, 150, 151, 152, 158, 159, 160, 162, 163, 164, 165, 168, 169, 170, 171, 208, 209, 212, 213, 214, 215, 224, 225, 226, 232, 233, 234, 236, 237, 238, 239, 242, 243, 244, 245, 247, 248, 249, 255, 256, 257, 259, 260, 261, 276, 279, 280, 281, 287, 288, 289, 291, 292, 293, 295, 296, 297, 300, 303, 304, 305, 306, 307, 309, 310, 313, 314, 315, 316, 325, 326, 327, 333, 334, 335, 337, 338, 339, 340, 343, 344, 345, 346, 411, 412, 413, 419, 420, 421, 423, 424, 425, 443, 444, 445, 451, 452, 453, 455, 456, 457, 459, 460, 461, 467, 468, 469, 471, 472, 473, 475, 476, 477, 483, 484, 485, 487, 488, 489, 507, 508, 509, 515, 516, 517, 519, 520, 521, 523, 524, 525, 531, 532, 533, 535, 536, 537, 539, 540, 541, 547, 548, 549, 551, 552, 553, 571, 572, 573, 579, 580, 581, 583, 584, 585, 587, 588, 589, 595, 596, 597, 599, 600, 601, 738]
x_309: [35, 37, 39, 40, 41, 49, 51, 52, 57, 59, 60, 61, 63, 64, 65, 67, 69, 70, 71, 73, 74, 79, 81, 82, 83, 85, 86, 103, 105, 106, 111, 113, 114, 115, 117, 118, 119, 121, 122, 127, 129, 130, 131, 133, 134, 135, 137, 139, 140, 141, 149, 151, 152, 157, 159, 160, 161, 163, 164, 165, 167, 169, 170, 171, 209, 211, 213, 214, 215, 223, 225, 226, 231, 233, 234, 235, 237, 238, 239, 241, 243, 244, 245, 246, 248, 249, 254, 256, 257, 258, 260, 261, 277, 278, 280, 281, 286, 288, 289, 290, 292, 293, 294, 296, 297, 301, 302, 304, 305, 306, 307, 308, 310, 312, 314, 315, 316, 324, 326, 327, 332, 334, 335, 336, 338, 339, 340, 342, 344, 345, 346, 410, 412, 413, 418, 420, 421, 422, 424, 425, 442, 444, 445, 450, 452, 453, 454, 456, 457, 458, 460, 461, 466, 468, 469, 470, 472, 473, 474, 476, 477, 482, 484, 485, 486, 488, 489, 506, 508, 509, 514, 516, 517, 518, 520, 521, 522, 524, 525, 530, 532, 533, 534, 536, 537, 538, 540, 541, 546, 548, 549, 550, 552, 553, 570, 572, 573, 578, 580, 581, 582, 584, 585, 586, 588, 589, 594, 596, 597, 598, 600, 601, 739]
x_310: [1, 5, 6, 7, 12, 28, 29, 34, 72, 73, 74, 76, 77, 78, 84, 85, 86, 88, 89, 90, 92, 93, 94, 100, 101, 102, 120, 121, 122, 124, 125, 126, 132, 133, 134, 135, 136, 141, 142, 143, 148, 165, 166, 171, 172, 173, 178, 179, 180, 185, 202, 203, 208, 209, 247, 248, 249, 251, 252, 253, 259, 260, 261, 263, 264, 265, 267, 268, 269, 275, 276, 277, 295, 296, 297, 299, 300, 301, 307, 308, 309, 311, 314, 316, 317, 318, 323, 326, 340, 341, 346, 347, 348, 349, 351, 352, 353, 359, 360, 361, 363, 364, 365, 367, 368, 369, 375, 376, 377, 395, 396, 397, 399, 400, 401, 407, 408, 409, 475, 476, 477, 479, 480, 481, 487, 488, 489, 491, 492, 493, 495, 496, 497, 503, 504, 505, 523, 524, 525, 527, 528, 529, 535, 536, 537, 539, 540, 541, 543, 544, 545, 551, 552, 553, 555, 556, 557, 559, 560, 561, 567, 568, 569, 587, 588, 589, 591, 592, 593, 599, 600, 601, 740]
x_311: [1, 2, 3, 4, 6, 7, 9, 10, 11, 28, 29, 31, 32, 33, 72, 73, 74, 76, 77, 78, 80, 81, 82, 88, 89, 90, 92, 93, 94, 96, 97, 98, 120, 121, 122, 124, 125, 126, 128, 129, 130, 135, 136, 138, 139, 140, 142, 143, 145, 146, 147, 165, 166, 168, 169, 170, 172, 173, 175, 176, 177, 179, 180, 182, 183, 184, 202, 203, 205, 206, 207, 210, 247, 248, 249, 251, 252, 253, 255, 256, 257, 263, 264, 265, 267, 268, 269, 271, 272, 273, 295, 296, 297, 299, 300, 301, 303, 304, 305, 310, 313, 314, 315, 316, 317, 318, 320, 321, 322, 330, 340, 341, 343, 344, 345, 347, 348, 349, 351, 352, 353, 355, 356, 357, 363, 364, 365, 367, 368, 369, 371, 372, 373, 395, 396, 397, 399, 400, 401, 403, 404, 405, 475, 476, 477, 479, 480, 481, 483, 484, 485, 491, 492, 493, 495, 496, 497, 499, 500, 501, 523, 524, 525, 527, 528, 529, 531, 532, 533, 539, 540, 541, 543, 544, 545, 547, 548, 549, 555, 556, 557, 559, 560, 561, 563, 564, 565, 587, 588, 589, 591, 592, 593, 595, 596, 597, 741]
x_312: [2, 4, 8, 9, 11, 30, 31, 33, 75, 76, 78, 79, 80, 82, 83, 84, 86, 91, 92, 94, 95, 96, 98, 99, 100, 102, 123, 124, 126, 127, 128, 130, 131, 132, 134, 137, 138, 140, 144, 145, 147, 167, 168, 170, 174, 175, 177, 181, 182, 184, 204, 205, 207, 211, 250, 251, 253, 254, 255, 257, 258, 259, 261, 266, 267, 269, 270, 271, 273, 274, 275, 277, 298, 299, 301, 302, 303, 305, 306, 307, 309, 313, 314, 315, 319, 320, 322, 332, 342, 343, 345, 350, 351, 353, 354, 355, 357, 358, 359, 361, 366, 367, 369, 370, 371, 373, 374, 375, 377, 398, 399, 401, 402, 403, 405, 406, 407, 409, 478, 479, 481, 482, 483, 485, 486, 487, 489, 494, 495, 497, 498, 499, 501, 502, 503, 505, 526, 527, 529, 530, 531, 533, 534, 535, 537, 542, 543, 545, 546, 547, 549, 550, 551, 553, 558, 559, 561, 562, 563, 565, 566, 567, 569, 590, 591, 593, 594, 595, 597, 598, 599, 601, 742]
x_313: [1, 2, 3, 5, 7, 8, 9, 10, 12, 29, 30, 31, 32, 34, 75, 76, 77, 79, 80, 81, 83, 84, 85, 91, 92, 93, 95, 96, 97, 99, 100, 101, 123, 124, 125, 127, 128, 129, 131, 132, 133, 136, 137, 138, 139, 141, 143, 144, 145, 146, 148, 166, 167, 168, 169, 171, 173, 174, 175, 176, 178, 180, 181, 182, 183, 185, 203, 204, 205, 206, 208, 212, 250, 251, 252, 254, 255, 256, 258, 259, 260, 266, 267, 268, 270, 271, 272, 274, 275, 276, 298, 299, 300, 302, 303, 304, 306, 307, 308, 311, 312, 314, 315, 316, 318, 319, 320, 321, 323, 333, 341, 342, 343, 344, 346, 350, 351, 352, 354, 355, 356, 358, 359, 360, 366, 367, 368, 370, 371, 372, 374, 375, 376, 398, 399, 400, 402, 403, 404, 406, 407, 408, 478, 479, 480, 482, 483, 484, 486, 487, 488, 494, 495, 496, 498, 499, 500, 502, 503, 504, 526, 527, 528, 530, 531, 532, 534, 535, 536, 542, 543, 544, 546, 547, 548, 550, 551, 552, 558, 559, 560, 562, 563, 564, 566, 567, 568, 590, 591, 592, 594, 595, 596, 598, 599, 600, 743]
x_314: [1, 2, 3, 4, 5, 7, 9, 10, 11, 12, 29, 31, 32, 33, 34, 76, 77, 78, 80, 81, 82, 84, 85, 86, 92, 93, 94, 96, 97, 98, 100, 101, 102, 124, 125, 126, 128, 129, 130, 132, 133, 134, 136, 138, 139, 140, 141, 143, 145, 146, 147, 148, 166, 168, 169, 170, 171, 173, 175, 176, 177, 178, 180, 182, 183, 184, 185, 203, 205, 206, 207, 208, 213, 251, 252, 253, 255, 256, 257, 259, 260, 261, 267, 268, 269, 271, 272, 273, 275, 276, 277, 299, 300, 301, 303, 304, 305, 307, 308, 309, 310, 311, 312, 313, 315, 316, 318, 320, 321, 322, 323, 334, 341, 343, 344, 345, 346, 351, 352, 353, 355, 356, 357, 359, 360, 361, 367, 368, 369, 371, 372, 373, 375, 376, 377, 399, 400, 401, 403, 404, 405, 407, 408, 409, 479, 480, 481, 483, 484, 485, 487, 488, 489, 495, 496, 497, 499, 500, 501, 503, 504, 505, 527, 528, 529, 531, 532, 533, 535, 536, 537, 543, 544, 545, 547, 548, 549, 551, 552, 553, 559, 560, 561, 563, 564, 565, 567, 568, 569, 591, 592, 593, 595, 596, 597, 599, 600, 601, 744]
x_315: [1, 3, 4, 5, 7, 8, 10, 11, 12, 29, 30, 32, 33, 34, 75, 77, 78, 79, 81, 82, 83, 85, 86, 91, 93, 94, 95, 97, 98, 99, 101, 102, 123, 125, 126, 127, 129, 130, 131, 133, 134, 136, 137, 139, 140, 141, 143, 144, 146, 147, 148, 166, 167, 169, 170, 171, 173, 174, 176, 177, 178, 180, 181, 183, 184, 185, 203, 204, 206, 207, 208, 214, 250, 252, 253, 254, 256, 257, 258, 260, 261, 266, 268, 269, 270, 272, 273, 274, 276, 277, 298, 300, 301, 302, 304, 305, 306, 308, 309, 311, 312, 313, 314, 316, 318, 319, 321, 322, 323, 335, 341, 342, 344, 345, 346, 350, 352, 353, 354, 356, 357, 358, 360, 361, 366, 368, 369, 370, 372, 373, 374, 376, 377, 398, 400, 401, 402, 404, 405, 406, 408, 409, 478, 480, 481, 482, 484, 485, 486, 488, 489, 494, 496, 497, 498, 500, 501, 502, 504, 505, 526, 528, 529, 530, 532, 533, 534, 536, 537, 542, 544, 545, 546, 548, 549, 550, 552, 553, 558, 560, 561, 562, 564, 565, 566, 568, 569, 590, 592, 593, 594, 596, 597, 598, 600, 601, 745]
x_316: [2, 3, 4, 5, 6, 9, 10, 11, 12, 28, 31, 32, 33, 34, 72, 73, 74, 80, 81, 82, 84, 85, 86, 88, 89, 90, 96, 97, 98, 100, 101, 102, 120, 121, 122, 128, 129, 130, 132, 133, 134, 135, 138, 139, 140, 141, 142, 145, 146, 147, 148, 165, 168, 169, 170, 171, 172, 175, 176, 177, 178, 179, 182, 183, 184, 185, 202, 205, 206, 207, 208, 215, 247, 248, 249, 255, 256, 257, 259, 260, 261, 263, 264, 265, 271, 272, 273, 275, 276, 277, 295, 296, 297, 303, 304, 305, 307, 308, 309, 310, 311, 313, 314, 315, 317, 320, 321, 322, 323, 338, 340, 343, 344, 345, 346, 347, 348, 349, 355, 356, 357, 359, 360, 361, 363, 364, 365, 371, 372, 373, 375, 376, 377, 395, 396, 397, 403, 404, 405, 407, 408, 409, 475, 476, 477, 483, 484, 485, 487, 488, 489, 491, 492, 493, 499, 500, 501, 503, 504, 505, 523, 524, 525, 531, 532, 533, 535, 536, 537, 539, 540, 541, 547, 548, 549, 551, 552, 553, 555, 556, 557, 563, 564, 565, 567, 568, 569, 587, 588, 589, 595, 596, 597, 599, 600, 601, 746]
x_317: [1, 5, 6, 7, 12, 13, 14, 15, 17, 18, 19, 25, 26, 27, 72, 73, 74, 76, 77, 78, 84, 85, 86, 88, 89, 90, 92, 93, 94, 100, 101, 102, 104, 105, 106, 108, 109, 110, 116, 117, 118, 135, 136, 141, 142, 143, 148, 150, 151, 152, 154, 155, 156, 162, 163, 164, 172, 173, 178, 179, 180, 185, 187, 188, 189, 191, 192, 193, 199, 200, 201, 216, 247, 248, 249, 251, 252, 253, 259, 260, 261, 263, 264, 265, 267, 268, 269, 275, 276, 277, 279, 280, 281, 283, 284, 285, 291, 292, 293, 310, 311, 316, 318, 321, 323, 325, 326, 327, 329, 330, 331, 337, 338, 339, 340, 347, 348, 349, 351, 352, 353, 359, 360, 361, 363, 364, 365, 367, 368, 369, 375, 376, 377, 379, 380, 381, 383, 384, 385, 391, 392, 393, 475, 476, 477, 479, 480, 481, 487, 488, 489, 491, 492, 493, 495, 496, 497, 503, 504, 505, 507, 508, 509, 511, 512, 513, 519, 520, 521, 539, 540, 541, 543, 544, 545, 551, 552, 553, 555, 556, 557, 559, 560, 561, 567, 568, 569, 571, 572, 573, 575, 576, 577, 583, 584, 585, 747]
x_318: [1, 2, 3, 4, 6, 7, 9, 10, 11, 13, 14, 15, 17, 18, 19, 21, 22, 23, 72, 73, 74, 76, 77, 78, 80, 81, 82, 88, 89, 90, 92, 93, 94, 96, 97, 98, 104, 105, 106, 108, 109, 110, 112, 113, 114, 135, 136, 138, 139, 140, 142, 143, 145, 146, 147, 150, 151, 152, 154, 155, 156, 158, 159, 160, 172, 173, 175, 176, 177, 179, 180, 182, 183, 184, 187, 188, 189, 191, 192, 193, 195, 196, 197, 217, 247, 248, 249, 251, 252, 253, 255, 256, 257, 263, 264, 265, 267, 268, 269, 271, 272, 273, 279, 280, 281, 283, 284, 285, 287, 288, 289, 310, 311, 313, 314, 315, 317, 320, 321, 322, 323, 325, 326, 327, 329, 330, 331, 333, 334, 335, 341, 347, 348, 349, 351, 352, 353, 355, 356, 357, 363, 364, 365, 367, 368, 369, 371, 372, 373, 379, 380, 381, 383, 384, 385, 387, 388, 389, 475, 476, 477, 479, 480, 481, 483, 484, 485, 491, 492, 493, 495, 496, 497, 499, 500, 501, 507, 508, 509, 511, 512, 513, 515, 516, 517, 539, 540, 541, 543, 544, 545, 547, 548, 549, 555, 556, 557, 559, 560, 561, 563, 564, 565, 571, 572, 573, 575, 576, 577, 579, 580, 581, 748]
x_319: [2, 4, 8, 9, 11, 16, 17, 19, 20, 21, 23, 24, 25, 27, 75, 76, 78, 79, 80, 82, 83, 84, 86, 91, 92, 94, 95, 96, 98, 99, 100, 102, 107, 108, 110, 111, 112, 114, 115, 116, 118, 137, 138, 140, 144, 145, 147, 153, 154, 156, 157, 158, 160, 161, 162, 164, 174, 175, 177, 181, 182, 184, 190, 191, 193, 194, 195, 197, 198, 199, 201, 218, 250, 251, 253, 254, 255, 257, 258, 259, 261, 266, 267, 269, 270, 271, 273, 274, 275, 277, 282, 283, 285, 286, 287, 289, 290, 291, 293, 312, 313, 315, 320, 321, 322, 328, 329, 331, 332, 333, 335, 336, 337, 339, 342, 350, 351, 353, 354, 355, 357, 358, 359, 361, 366, 367, 369, 370, 371, 373, 374, 375, 377, 382, 383, 385, 386, 387, 389, 390, 391, 393, 478, 479, 481, 482, 483, 485, 486, 487, 489, 494, 495, 497, 498, 499, 501, 502, 503, 505, 510, 511, 513, 514, 515, 517, 518, 519, 521, 542, 543, 545, 546, 547, 549, 550, 551, 553, 558, 559, 561, 562, 563, 565, 566, 567, 569, 574, 575, 577, 578, 579, 581, 582, 583, 585, 749]
x_320: [1, 2, 3, 5, 7, 8, 9, 10, 12, 16, 17, 18, 20, 21, 22, 24, 25, 26, 75, 76, 77, 79, 80, 81, 83, 84, 85, 91, 92, 93, 95, 96, 97, 99, 100, 101, 107, 108, 109, 111, 112, 113, 115, 116, 117, 136, 137, 138, 139, 141, 143, 144, 145, 146, 148, 153, 154, 155, 157, 158, 159, 161, 162, 163, 173, 174, 175, 176, 178, 180, 181, 182, 183, 185, 190, 191, 192, 194, 195, 196, 198, 199, 200, 219, 250, 251, 252, 254, 255, 256, 258, 259, 260, 266, 267, 268, 270, 271, 272, 274, 275, 276, 282, 283, 284, 286, 287, 288, 290, 291, 292, 311, 312, 313, 314, 316, 318, 319, 321, 322, 323, 328, 329, 330, 332, 333, 334, 336, 337, 338, 343, 350, 351, 352, 354, 355, 356, 358, 359, 360, 366, 367, 368, 370, 371, 372, 374, 375, 376, 382, 383, 384, 386, 387, 388, 390, 391, 392, 478, 479, 480, 482, 483, 484, 486, 487, 488, 494, 495, 496, 498, 499, 500, 502, 503, 504, 510, 511, 512, 514, 515, 516, 518, 519, 520, 542, 543, 544, 546, 547, 548, 550, 551, 552, 558, 559, 560, 562, 563, 564, 566, 567, 568, 574, 575, 576, 578, 579, 580, 582, 583, 584, 750]
x_321: [1, 2, 3, 4, 5, 7, 9, 10, 11, 12, 17, 18, 19, 21, 22, 23, 25, 26, 27, 76, 77, 78, 80, 81, 82, 84, 85, 86, 92, 93, 94, 96, 97, 98, 100, 101, 102, 108, 109, 110, 112, 113, 114, 116, 117, 118, 136, 138, 139, 140, 141, 143, 145, 146, 147, 148, 154, 155, 156, 158, 159, 160, 162, 163, 164, 173, 175, 176, 177, 178, 180, 182, 183, 184, 185, 191, 192, 193, 195, 196, 197, 199, 200, 201, 220, 251, 252, 253, 255, 256, 257, 259, 260, 261, 267, 268, 269, 271, 272, 273, 275, 276, 277, 283, 284, 285, 287, 288, 289, 291, 292, 293, 311, 313, 314, 315, 316, 317, 318, 319, 320, 322, 323, 329, 330, 331, 333, 334, 335, 337, 338, 339, 344, 351, 352, 353, 355, 356, 357, 359, 360, 361, 367, 368, 369, 371, 372, 373, 375, 376, 377, 383, 384, 385, 387, 388, 389, 391, 392, 393, 479, 480, 481, 483, 484, 485, 487, 488, 489, 495, 496, 497, 499, 500, 501, 503, 504, 505, 511, 512, 513, 515, 516, 517, 519, 520, 521, 543, 544, 545, 547, 548, 549, 551, 552, 553, 559, 560, 561, 563, 564, 565, 567, 568, 569, 575, 576, 577, 579, 580, 581, 583, 584, 585, 751]
x_322: [1, 3, 4, 5, 7, 8, 10, 11, 12, 16, 18, 19, 20, 22, 23, 24, 26, 27, 75, 77, 78, 79, 81, 82, 83, 85, 86, 91, 93, 94, 95, 97, 98, 99, 101, 102, 107, 109, 110, 111, 113, 114, 115, 117, 118, 136, 137, 139, 140, 141, 143, 144, 146, 147, 148, 153, 155, 156, 157, 159, 160, 161, 163, 164, 173, 174, 176, 177, 178, 180, 181, 183, 184, 185, 190, 192, 193, 194, 196, 197, 198, 200, 201, 221, 250, 252, 253, 254, 256, 257, 258, 260, 261, 266, 268, 269, 270, 272, 273, 274, 276, 277, 282, 284, 285, 286, 288, 289, 290, 292, 293, 311, 312, 314, 315, 316, 318, 319, 320, 321, 323, 328, 330, 331, 332, 334, 335, 336, 338, 339, 345, 350, 352, 353, 354, 356, 357, 358, 360, 361, 366, 368, 369, 370, 372, 373, 374, 376, 377, 382, 384, 385, 386, 388, 389, 390, 392, 393, 478, 480, 481, 482, 484, 485, 486, 488, 489, 494, 496, 497, 498, 500, 501, 502, 504, 505, 510, 512, 513, 514, 516, 517, 518, 520, 521, 542, 544, 545, 546, 548, 549, 550, 552, 553, 558, 560, 561, 562, 564, 565, 566, 568, 569, 574, 576, 577, 578, 580, 581, 582, 584, 585, 752]
x_323: [2, 3, 4, 5, 6, 9, 10, 11, 12, 13, 14, 15, 21, 22, 23, 25, 26, 27, 72, 73, 74, 80, 81, 82, 84, 85, 86, 88, 89, 90, 96, 97, 98, 100, 101, 102, 104, 105, 106, 112, 113, 114, 116, 117, 118, 135, 138, 139, 140, 141, 142, 145, 146, 147, 148, 150, 151, 152, 158, 159, 160, 162, 163, 164, 172, 175, 176, 177, 178, 179, 182, 183, 184, 185, 187, 188, 189, 195, 196, 197, 199, 200, 201, 222, 247, 248, 249, 255, 256, 257, 259, 260, 261, 263, 264, 265, 271, 272, 273, 275, 276, 277, 279, 280, 281, 287, 288, 289, 291, 292, 293, 310, 313, 314, 315, 316, 317, 318, 320, 321, 322, 325, 326, 327, 333, 334, 335, 337, 338, 339, 346, 347, 348, 349, 355, 356, 357, 359, 360, 361, 363, 364, 365, 371, 372, 373, 375, 376, 377, 379, 380, 381, 387, 388, 389, 391, 392, 393, 475, 476, 477, 483, 484, 485, 487, 488, 489, 491, 492, 493, 499, 500, 501, 503, 504, 505, 507, 508, 509, 515, 516, 517, 519, 520, 521, 539, 540, 541, 547, 548, 549, 551, 552, 553, 555, 556, 557, 563, 564, 565, 567, 568, 569, 571, 572, 573, 579, 580, 581, 583, 584, 585, 753]
x_324: [13, 15, 16, 17, 19, 24, 25, 27, 87, 88, 90, 91, 92, 94, 99, 100, 102, 103, 104, 106, 107, 108, 110, 115, 116, 118, 119, 120, 122, 123, 124, 126, 131, 132, 134, 149, 150, 152, 153, 154, 156, 161, 162, 164, 186, 187, 189, 190, 191, 193, 198, 199, 201, 223, 262, 263, 265, 266, 267, 269, 274, 275, 277, 278, 279, 281, 282, 283, 285, 290, 291, 293, 294, 295, 297, 298, 299, 301, 306, 307, 309, 325, 326, 327, 328, 329, 331, 332, 336, 337, 339, 362, 363, 365, 366, 367, 369, 374, 375, 377, 378, 379, 381, 382, 383, 385, 390, 391, 393, 394, 395, 397, 398, 399, 401, 406, 407, 409, 490, 491, 493, 494, 495, 497, 502, 503, 505, 506, 507, 509, 510, 511, 513, 518, 519, 521, 522, 523, 525, 526, 527, 529, 534, 535, 537, 554, 555, 557, 558, 559, 561, 566, 567, 569, 570, 571, 573, 574, 575, 577, 582, 583, 585, 586, 587, 589, 590, 591, 593, 598, 599, 601, 754]
x_325: [6, 7, 12, 13, 14, 16, 17, 18, 24, 25, 26, 28, 29, 34, 87, 88, 89, 91, 92, 93, 99, 100, 101, 103, 104, 105, 107, 108, 109, 115, 116, 117, 119, 120, 121, 123, 124, 125, 131, 132, 133, 142, 143, 148, 149, 150, 151, 153, 154, 155, 161, 162, 163, 165, 166, 171, 179, 180, 185, 186, 187, 188, 190, 191, 192, 198, 199, 200, 202, 203, 208, 224, 262, 263, 264, 266, 267, 268, 274, 275, 276, 278, 279, 280, 282, 283, 284, 290, 291, 292, 294, 295, 296, 298, 299, 300, 306, 307, 308, 317, 318, 323, 324, 326, 327, 328, 329, 330, 333, 336, 337, 338, 340, 341, 346, 362, 363, 364, 366, 367, 368, 374, 375, 376, 378, 379, 380, 382, 383, 384, 390, 391, 392, 394, 395, 396, 398, 399, 400, 406, 407, 408, 490, 491, 492, 494, 495, 496, 502, 503, 504, 506, 507, 508, 510, 511, 512, 518, 519, 520, 522, 523, 524, 526, 527, 528, 534, 535, 536, 554, 555, 556, 558, 559, 560, 566, 567, 568, 570, 571, 572, 574, 575, 576, 582, 583, 584, 586, 587, 588, 590, 591, 592, 598, 599, 600, 755]
x_326: [6, 7, 12, 13, 14, 15, 17, 18, 19, 25, 26, 27, 28, 29, 34, 88, 89, 90, 92, 93, 94, 100, 101, 102, 104, 105, 106, 108, 109, 110, 116, 117, 118, 120, 121, 122, 124, 125, 126, 132, 133, 134, 142, 143, 148, 150, 151, 152, 154, 155, 156, 162, 163, 164, 165, 166, 171, 179, 180, 185, 187, 188, 189, 191, 192, 193, 199, 200, 201, 202, 203, 208, 225, 263, 264, 265, 267, 268, 269, 275, 276, 277, 279, 280, 281, 283, 284, 285, 291, 292, 293, 295, 296, 297, 299, 300, 301, 307, 308, 309, 310, 317, 318, 323, 324, 325, 327, 329, 330, 331, 334, 337, 338, 339, 340, 341, 346, 363, 364, 365, 367, 368, 369, 375, 376, 377, 379, 380, 381, 383, 384, 385, 391, 392, 393, 395, 396, 397, 399, 400, 401, 407, 408, 409, 491, 492, 493, 495, 496, 497, 503, 504, 505, 507, 508, 509, 511, 512, 513, 519, 520, 521, 523, 524, 525, 527, 528, 529, 535, 536, 537, 555, 556, 557, 559, 560, 561, 567, 568, 569, 571, 572, 573, 575, 576, 577, 583, 584, 585, 587, 588, 589, 591, 592, 593, 599, 600, 601, 756]
x_327: [6, 7, 12, 14, 15, 16, 18, 19, 24, 26, 27, 28, 29, 34, 87, 89, 90, 91, 93, 94, 99, 101, 102, 103, 105, 106, 107, 109, 110, 115, 117, 118, 119, 121, 122, 123, 125, 126, 131, 133, 134, 142, 143, 148, 149, 151, 152, 153, 155, 156, 161, 163, 164, 165, 166, 171, 179, 180, 185, 186, 188, 189, 190, 192, 193, 198, 200, 201, 202, 203, 208, 226, 262, 264, 265, 266, 268, 269, 274, 276, 277, 278, 280, 281, 282, 284, 285, 290, 292, 293, 294, 296, 297, 298, 300, 301, 306, 308, 309, 317, 318, 323, 324, 325, 326, 328, 330, 331, 335, 336, 338, 339, 340, 341, 346, 362, 364, 365, 366, 368, 369, 374, 376, 377, 378, 380, 381, 382, 384, 385, 390, 392, 393, 394, 396, 397, 398, 400, 401, 406, 408, 409, 490, 492, 493, 494, 496, 497, 502, 504, 505, 506, 508, 509, 510, 512, 513, 518, 520, 521, 522, 524, 525, 526, 528, 529, 534, 536, 537, 554, 556, 557, 558, 560, 561, 566, 568, 569, 570, 572, 573, 574, 576, 577, 582, 584, 585, 586, 588, 589, 590, 592, 593, 598, 600, 601, 757]
x_328: [8, 9, 11, 13, 15, 16, 17, 19, 20, 21, 23, 30, 31, 33, 87, 88, 90, 91, 92, 94, 95, 96, 98, 103, 104, 106, 107, 108, 110, 111, 112, 114, 119, 120, 122, 123, 124, 126, 127, 128, 130, 144, 145, 147, 149, 150, 152, 153, 154, 156, 157, 158, 160, 167, 168, 170, 181, 182, 184, 186, 187, 189, 190, 191, 193, 194, 195, 197, 204, 205, 207, 227, 262, 263, 265, 266, 267, 269, 270, 271, 273, 278, 279, 281, 282, 283, 285, 286, 287, 289, 294, 295, 297, 298, 299, 301, 302, 303, 305, 319, 320, 322, 324, 325, 327, 329, 330, 331, 332, 333, 335, 336, 342, 343, 345, 362, 363, 365, 366, 367, 369, 370, 371, 373, 378, 379, 381, 382, 383, 385, 386, 387, 389, 394, 395, 397, 398, 399, 401, 402, 403, 405, 490, 491, 493, 494, 495, 497, 498, 499, 501, 506, 507, 509, 510, 511, 513, 514, 515, 517, 522, 523, 525, 526, 527, 529, 530, 531, 533, 554, 555, 557, 558, 559, 561, 562, 563, 565, 570, 571, 573, 574, 575, 577, 578, 579, 581, 586, 587, 589, 590, 591, 593, 594, 595, 597, 758]
x_329: [6, 7, 8, 9, 10, 13, 14, 16, 17, 18, 20, 21, 22, 28, 29, 30, 31, 32, 87, 88, 89, 91, 92, 93, 95, 96, 97, 103, 104, 105, 107, 108, 109, 111, 112, 113, 119, 120, 121, 123, 124, 125, 127, 128, 129, 142, 143, 144, 145, 146, 149, 150, 151, 153, 154, 155, 157, 158, 159, 165, 166, 167, 168, 169, 179, 180, 181, 182, 183, 186, 187, 188, 190, 191, 192, 194, 195, 196, 202, 203, 204, 205, 206, 228, 262, 263, 264, 266, 267, 268, 270, 271, 272, 278, 279, 280, 282, 283, 284, 286, 287, 288, 294, 295, 296, 298, 299, 300, 302, 303, 304, 317, 318, 319, 320, 321, 324, 325, 326, 328, 330, 331, 332, 333, 334, 337, 340, 341, 342, 343, 344, 362, 363, 364, 366, 367, 368, 370, 371, 372, 378, 379, 380, 382, 383, 384, 386, 387, 388, 394, 395, 396, 398, 399, 400, 402, 403, 404, 490, 491, 492, 494, 495, 496, 498, 499, 500, 506, 507, 508, 510, 511, 512, 514, 515, 516, 522, 523, 524, 526, 527, 528, 530, 531, 532, 554, 555, 556, 558, 559, 560, 562, 563, 564, 570, 571, 572, 574, 575, 576, 578, 579, 580, 586, 587, 588, 590, 591, 592, 594, 595, 596, 759]
x_330: [6, 7, 9, 10, 11, 13, 14, 15, 17, 18, 19, 21, 22, 23, 28, 29, 31, 32, 33, 88, 89, 90, 92, 93, 94, 96, 97, 98, 104, 105, 106, 108, 109, 110, 112, 113, 114, 120, 121, 122, 124, 125, 126, 128, 129, 130, 142, 143, 145, 146, 147, 150, 151, 152, 154, 155, 156, 158, 159, 160, 165, 166, 168, 169, 170, 179, 180, 182, 183, 184, 187, 188, 189, 191, 192, 193, 195, 196, 197, 202, 203, 205, 206, 207, 229, 263, 264, 265, 267, 268, 269, 271, 272, 273, 279, 280, 281, 283, 284, 285, 287, 288, 289, 295, 296, 297, 299, 300, 301, 303, 304, 305, 311, 317, 318, 320, 321, 322, 325, 326, 327, 328, 329, 331, 333, 334, 335, 338, 340, 341, 343, 344, 345, 363, 364, 365, 367, 368, 369, 371, 372, 373, 379, 380, 381, 383, 384, 385, 387, 388, 389, 395, 396, 397, 399, 400, 401, 403, 404, 405, 491, 492, 493, 495, 496, 497, 499, 500, 501, 507, 508, 509, 511, 512, 513, 515, 516, 517, 523, 524, 525, 527, 528, 529, 531, 532, 533, 555, 556, 557, 559, 560, 561, 563, 564, 565, 571, 572, 573, 575, 576, 577, 579, 580, 581, 587, 588, 589, 591, 592, 593, 595, 596, 597, 760]
x_331: [6, 7, 8, 10, 11, 14, 15, 16, 18, 19, 20, 22, 23, 28, 29, 30, 32, 33, 87, 89, 90, 91, 93, 94, 95, 97, 98, 103, 105, 106, 107, 109, 110, 111, 113, 114, 119, 121, 122, 123, 125, 126, 127, 129, 130, 142, 143, 144, 146, 147, 149, 151, 152, 153, 155, 156, 157, 159, 160, 165, 166, 167, 169, 170, 179, 180, 181, 183, 184, 186, 188, 189, 190, 192, 193, 194, 196, 197, 202, 203, 204, 206, 207, 230, 262, 264, 265, 266, 268, 269, 270, 272, 273, 278, 280, 281, 282, 284, 285, 286, 288, 289, 294, 296, 297, 298, 300, 301, 302, 304, 305, 317, 318, 319, 321, 322, 324, 326, 327, 328, 329, 330, 332, 334, 335, 339, 340, 341, 342, 344, 345, 362, 364, 365, 366, 368, 369, 370, 372, 373, 378, 380, 381, 382, 384, 385, 386, 388, 389, 394, 396, 397, 398, 400, 401, 402, 404, 405, 490, 492, 493, 494, 496, 497, 498, 500, 501, 506, 508, 509, 510, 512, 513, 514, 516, 517, 522, 524, 525, 526, 528, 529, 530, 532, 533, 554, 556, 557, 558, 560, 561, 562, 564, 565, 570, 572, 573, 574, 576, 577, 578, 580, 581, 586, 588, 589, 590, 592, 593, 594, 596, 597, 761]
x_332: [8, 9, 11, 16, 17, 19, 20, 21, 23, 24, 25, 27, 30, 31, 33, 91, 92, 94, 95, 96, 98, 99, 100, 102, 107, 108, 110, 111, 112, 114, 115, 116, 118, 123, 124, 126, 127, 128, 130, 131, 132, 134, 144, 145, 147, 153, 154, 156, 157, 158, 160, 161, 162, 164, 167, 168, 170, 181, 182, 184, 190, 191, 193, 194, 195, 197, 198, 199, 201, 204, 205, 207, 231, 266, 267, 269, 270, 271, 273, 274, 275, 277, 282, 283, 285, 286, 287, 289, 290, 291, 293, 298, 299, 301, 302, 303, 305, 306, 307, 309, 312, 319, 320, 322, 324, 328, 329, 331, 333, 334, 335, 336, 337, 339, 342, 343, 345, 366, 367, 369, 370, 371, 373, 374, 375, 377, 382, 383, 385, 386, 387, 389, 390, 391, 393, 398, 399, 401, 402, 403, 405, 406, 407, 409, 494, 495, 497, 498, 499, 501, 502, 503, 505, 510, 511, 513, 514, 515, 517, 518, 519, 521, 526, 527, 529, 530, 531, 533, 534, 535, 537, 558, 559, 561, 562, 563, 565, 566, 567, 569, 574, 575, 577, 578, 579, 581, 582, 583, 585, 590, 591, 593, 594, 595, 597, 598, 599, 601, 762]
x_333: [7, 8, 9, 10, 12, 16, 17, 18, 20, 21, 22, 24, 25, 26, 29, 30, 31, 32, 34, 91, 92, 93, 95, 96, 97, 99, 100, 101, 107, 108, 109, 111, 112, 113, 115, 116, 117, 123, 124, 125, 127, 128, 129, 131, 132, 133, 143, 144, 145, 146, 148, 153, 154, 155, 157, 158, 159, 161, 162, 163, 166, 167, 168, 169, 171, 180, 181, 182, 183, 185, 190, 191, 192, 194, 195, 196, 198, 199, 200, 203, 204, 205, 206, 208, 232, 266, 267, 268, 270, 271, 272, 274, 275, 276, 282, 283, 284, 286, 287, 288, 290, 291, 292, 298, 299, 300, 302, 303, 304, 306, 307, 308, 313, 318, 319, 320, 321, 323, 325, 328, 329, 330, 332, 334, 335, 336, 337, 338, 341, 342, 343, 344, 346, 366, 367, 368, 370, 371, 372, 374, 375, 376, 382, 383, 384, 386, 387, 388, 390, 391, 392, 398, 399, 400, 402, 403, 404, 406, 407, 408, 494, 495, 496, 498, 499, 500, 502, 503, 504, 510, 511, 512, 514, 515, 516, 518, 519, 520, 526, 527, 528, 530, 531, 532, 534, 535, 536, 558, 559, 560, 562, 563, 564, 566, 567, 568, 574, 575, 576, 578, 579, 580, 582, 583, 584, 590, 591, 592, 594, 595, 596, 598, 599, 600, 763]
x_334: [7, 9, 10, 11, 12, 17, 18, 19, 21, 22, 23, 25, 26, 27, 29, 31, 32, 33, 34, 92, 93, 94, 96, 97, 98, 100, 101, 102, 108, 109, 110, 112, 113, 114, 116, 117, 118, 124, 125, 126, 128, 129, 130, 132, 133, 134, 143, 145, 146, 147, 148, 154, 155, 156, 158, 159, 160, 162, 163, 164, 166, 168, 169, 170, 171, 180, 182, 183, 184, 185, 191, 192, 193, 195, 196, 197, 199, 200, 201, 203, 205, 206, 207, 208, 233, 267, 268, 269, 271, 272, 273, 275, 276, 277, 283, 284, 285, 287, 288, 289, 291, 292, 293, 299, 300, 301, 303, 304, 305, 307, 308, 309, 314, 318, 320, 321, 322, 323, 326, 329, 330, 331, 332, 333, 335, 337, 338, 339, 341, 343, 344, 345, 346, 367, 368, 369, 371, 372, 373, 375, 376, 377, 383, 384, 385, 387, 388, 389, 391, 392, 393, 399, 400, 401, 403, 404, 405, 407, 408, 409, 495, 496, 497, 499, 500, 501, 503, 504, 505, 511, 512, 513, 515, 516, 517, 519, 520, 521, 527, 528, 529, 531, 532, 533, 535, 536, 537, 559, 560, 561, 563, 564, 565, 567, 568, 569, 575, 576, 577, 579, 580, 581, 583, 584, 585, 591, 592, 593, 595, 596, 597, 599, 600, 601, 764]
x_335: [7, 8, 10, 11, 12, 16, 18, 19, 20, 22, 23, 24, 26, 27, 29, 30, 32, 33, 34, 91, 93, 94, 95, 97, 98, 99, 101, 102, 107, 109, 110, 111, 113, 114, 115, 117, 118, 123, 125, 126, 127, 129, 130, 131, 133, 134, 143, 144, 146, 147, 148, 153, 155, 156, 157, 159, 160, 161, 163, 164, 166, 167, 169, 170, 171, 180, 181, 183, 184, 185, 190, 192, 193, 194, 196, 197, 198, 200, 201, 203, 204, 206, 207, 208, 234, 266, 268, 269, 270, 272, 273, 274, 276, 277, 282, 284, 285, 286, 288, 289, 290, 292, 293, 298, 300, 301, 302, 304, 305, 306, 308, 309, 315, 318, 319, 321, 322, 323, 327, 328, 330, 331, 332, 333, 334, 336, 338, 339, 341, 342, 344, 345, 346, 366, 368, 369, 370, 372, 373, 374, 376, 377, 382, 384, 385, 386, 388, 389, 390, 392, 393, 398, 400, 401, 402, 404, 405, 406, 408, 409, 494, 496, 497, 498, 500, 501, 502, 504, 505, 510, 512, 513, 514, 516, 517, 518, 520, 521, 526, 528, 529, 530, 532, 533, 534, 536, 537, 558, 560, 561, 562, 564, 565, 566, 568, 569, 574, 576, 577, 578, 580, 581, 582, 584, 585, 590, 592, 593, 594, 596, 597, 598, 600, 601, 765]
x_336: [8, 9, 11, 13, 15, 20, 21, 23, 24, 25, 27, 30, 31, 33, 87, 88, 90, 95, 96, 98, 99, 100, 102, 103, 104, 106, 111, 112, 114, 115, 116, 118, 119, 120, 122, 127, 128, 130, 131, 132, 134, 144, 145, 147, 149, 150, 152, 157, 158, 160, 161, 162, 164, 167, 168, 170, 181, 182, 184, 186, 187, 189, 194, 195, 197, 198, 199, 201, 204, 205, 207, 235, 262, 263, 265, 270, 271, 273, 274, 275, 277, 278, 279, 281, 286, 287, 289, 290, 291, 293, 294, 295, 297, 302, 303, 305, 306, 307, 309, 319, 320, 322, 324, 325, 327, 328, 332, 333, 335, 337, 338, 339, 342, 343, 345, 362, 363, 365, 370, 371, 373, 374, 375, 377, 378, 379, 381, 386, 387, 389, 390, 391, 393, 394, 395, 397, 402, 403, 405, 406, 407, 409, 490, 491, 493, 498, 499, 501, 502, 503, 505, 506, 507, 509, 514, 515, 517, 518, 519, 521, 522, 523, 525, 530, 531, 533, 534, 535, 537, 554, 555, 557, 562, 563, 565, 566, 567, 569, 570, 571, 573, 578, 579, 581, 582, 583, 585, 586, 587, 589, 594, 595, 597, 598, 599, 601, 766]
x_337: [6, 8, 9, 10, 12, 13, 14, 20, 21, 22, 24, 25, 26, 28, 30, 31, 32, 34, 87, 88, 89, 95, 96, 97, 99, 100, 101, 103, 104, 105, 111, 112, 113, 115, 116, 117, 119, 120, 121, 127, 128, 129, 131, 132, 133, 142, 144, 145, 146, 148, 149, 150, 151, 157, 158, 159, 161, 162, 163, 165, 167, 168, 169, 171, 179, 181, 182, 183, 185, 186, 187, 188, 194, 195, 196, 198, 199, 200, 202, 204, 205, 206, 208, 236, 262, 263, 264, 270, 271, 272, 274, 275, 276, 278, 279, 280, 286, 287, 288, 290, 291, 292, 294, 295, 296, 302, 303, 304, 306, 307, 308, 317, 319, 320, 321, 323, 324, 325, 326, 329, 332, 333, 334, 336, 338, 339, 340, 342, 343, 344, 346, 362, 363, 364, 370, 371, 372, 374, 375, 376, 378, 379, 380, 386, 387, 388, 390, 391, 392, 394, 395, 396, 402, 403, 404, 406, 407, 408, 490, 491, 492, 498, 499, 500, 502, 503, 504, 506, 507, 508, 514, 515, 516, 518, 519, 520, 522, 523, 524, 530, 531, 532, 534, 535, 536, 554, 555, 556, 562, 563, 564, 566, 567, 568, 570, 571, 572, 578, 579, 580, 582, 583, 584, 586, 587, 588, 594, 595, 596, 598, 599, 600, 767]
x_338: [6, 9, 10, 11, 12, 13, 14, 15, 21, 22, 23, 25, 26, 27, 28, 31, 32, 33, 34, 88, 89, 90, 96, 97, 98, 100, 101, 102, 104, 105, 106, 112, 113, 114, 116, 117, 118, 120, 121, 122, 128, 129, 130, 132, 133, 134, 142, 145, 146, 147, 148, 150, 151, 152, 158, 159, 160, 162, 163, 164, 165, 168, 169, 170, 171, 179, 182, 183, 184, 185, 187, 188, 189, 195, 196, 197, 199, 200, 201, 202, 205, 206, 207, 208, 237, 263, 264, 265, 271, 272, 273, 275, 276, 277, 279, 280, 281, 287, 288, 289, 291, 292, 293, 295, 296, 297, 303, 304, 305, 307, 308, 309, 316, 317, 320, 321, 322, 323, 325, 326, 327, 330, 333, 334, 335, 336, 337, 339, 340, 343, 344, 345, 346, 363, 364, 365, 371, 372, 373, 375, 376, 377, 379, 380, 381, 387, 388, 389, 391, 392, 393, 395, 396, 397, 403, 404, 405, 407, 408, 409, 491, 492, 493, 499, 500, 501, 503, 504, 505, 507, 508, 509, 515, 516, 517, 519, 520, 521, 523, 524, 525, 531, 532, 533, 535, 536, 537, 555, 556, 557, 563, 564, 565, 567, 568, 569, 571, 572, 573, 579, 580, 581, 583, 584, 585, 587, 588, 589, 595, 596, 597, 599, 600, 601, 768]
x_339: [6, 8, 10, 11, 12, 14, 15, 20, 22, 23, 24, 26, 27, 28, 30, 32, 33, 34, 87, 89, 90, 95, 97, 98, 99, 101, 102, 103, 105, 106, 111, 113, 114, 115, 117, 118, 119, 121, 122, 127, 129, 130, 131, 133, 134, 142, 144, 146, 147, 148, 149, 151, 152, 157, 159, 160, 161, 163, 164, 165, 167, 169, 170, 171, 179, 181, 183, 184, 185, 186, 188, 189, 194, 196, 197, 198, 200, 201, 202, 204, 206, 207, 208, 238, 262, 264, 265, 270, 272, 273, 274, 276, 277, 278, 280, 281, 286, 288, 289, 290, 292, 293, 294, 296, 297, 302, 304, 305, 306, 308, 309, 317, 319, 321, 322, 323, 324, 326, 327, 331, 332, 334, 335, 336, 337, 338, 340, 342, 344, 345, 346, 362, 364, 365, 370, 372, 373, 374, 376, 377, 378, 380, 381, 386, 388, 389, 390, 392, 393, 394, 396, 397, 402, 404, 405, 406, 408, 409, 490, 492, 493, 498, 500, 501, 502, 504, 505, 506, 508, 509, 514, 516, 517, 518, 520, 521, 522, 524, 525, 530, 532, 533, 534, 536, 537, 554, 556, 557, 562, 564, 565, 566, 568, 569, 570, 572, 573, 578, 580, 581, 582, 584, 585, 586, 588, 589, 594, 596, 597, 598, 600, 601, 769]
x_340: [1, 5, 13, 14, 15, 17, 18, 19, 25, 26, 27, 28, 29, 34, 72, 73, 74, 76, 77, 78, 84, 85, 86, 104, 105, 106, 108, 109, 110, 116, 117, 118, 120, 121, 122, 124, 125, 126, 132, 133, 134, 135, 136, 141, 150, 151, 152, 154, 155, 156, 162, 163, 164, 165, 166, 171, 172, 173, 178, 187, 188, 189, 191, 192, 193, 199, 200, 201, 202, 203, 208, 239, 247, 248, 249, 251, 252, 253, 259, 260, 261, 279, 280, 281, 283, 284, 285, 291, 292, 293, 295, 296, 297, 299, 300, 301, 307, 308, 309, 310, 311, 316, 317, 325, 326, 327, 329, 330, 331, 337, 338, 339, 341, 344, 346, 347, 348, 349, 351, 352, 353, 359, 360, 361, 379, 380, 381, 383, 384, 385, 391, 392, 393, 395, 396, 397, 399, 400, 401, 407, 408, 409, 475, 476, 477, 479, 480, 481, 487, 488, 489, 507, 508, 509, 511, 512, 513, 519, 520, 521, 523, 524, 525, 527, 528, 529, 535, 536, 537, 539, 540, 541, 543, 544, 545, 551, 552, 553, 571, 572, 573, 575, 576, 577, 583, 584, 585, 587, 588, 589, 591, 592, 593, 599, 600, 601, 770]
x_341: [1, 2, 3, 4, 13, 14, 15, 17, 18, 19, 21, 22, 23, 28, 29, 31, 32, 33, 72, 73, 74, 76, 77, 78, 80, 81, 82, 104, 105, 106, 108, 109, 110, 112, 113, 114, 120, 121, 122, 124, 125, 126, 128, 129, 130, 135, 136, 138, 139, 140, 150, 151, 152, 154, 155, 156, 158, 159, 160, 165, 166, 168, 169, 170, 172, 173, 175, 176, 177, 187, 188, 189, 191, 192, 193, 195, 196, 197, 202, 203, 205, 206, 207, 240, 247, 248, 249, 251, 252, 253, 255, 256, 257, 279, 280, 281, 283, 284, 285, 287, 288, 289, 295, 296, 297, 299, 300, 301, 303, 304, 305, 310, 311, 313, 314, 315, 318, 325, 326, 327, 329, 330, 331, 333, 334, 335, 340, 343, 344, 345, 346, 347, 348, 349, 351, 352, 353, 355, 356, 357, 379, 380, 381, 383, 384, 385, 387, 388, 389, 395, 396, 397, 399, 400, 401, 403, 404, 405, 475, 476, 477, 479, 480, 481, 483, 484, 485, 507, 508, 509, 511, 512, 513, 515, 516, 517, 523, 524, 525, 527, 528, 529, 531, 532, 533, 539, 540, 541, 543, 544, 545, 547, 548, 549, 571, 572, 573, 575, 576, 577, 579, 580, 581, 587, 588, 589, 591, 592, 593, 595, 596, 597, 771]
x_342: [2, 4, 16, 17, 19, 20, 21, 23, 24, 25, 27, 30, 31, 33, 75, 76, 78, 79, 80, 82, 83, 84, 86, 107, 108, 110, 111, 112, 114, 115, 116, 118, 123, 124, 126, 127, 128, 130, 131, 132, 134, 137, 138, 140, 153, 154, 156, 157, 158, 160, 161, 162, 164, 167, 168, 170, 174, 175, 177, 190, 191, 193, 194, 195, 197, 198, 199, 201, 204, 205, 207, 241, 250, 251, 253, 254, 255, 257, 258, 259, 261, 282, 283, 285, 286, 287, 289, 290, 291, 293, 298, 299, 301, 302, 303, 305, 306, 307, 309, 312, 313, 315, 319, 328, 329, 331, 332, 333, 335, 336, 337, 339, 343, 344, 345, 350, 351, 353, 354, 355, 357, 358, 359, 361, 382, 383, 385, 386, 387, 389, 390, 391, 393, 398, 399, 401, 402, 403, 405, 406, 407, 409, 478, 479, 481, 482, 483, 485, 486, 487, 489, 510, 511, 513, 514, 515, 517, 518, 519, 521, 526, 527, 529, 530, 531, 533, 534, 535, 537, 542, 543, 545, 546, 547, 549, 550, 551, 553, 574, 575, 577, 578, 579, 581, 582, 583, 585, 590, 591, 593, 594, 595, 597, 598, 599, 601, 772]
x_343: [1, 2, 3, 5, 16, 17, 18, 20, 21, 22, 24, 25, 26, 29, 30, 31, 32, 34, 75, 76, 77, 79, 80, 81, 83, 84, 85, 107, 108, 109, 111, 112, 113, 115, 116, 117, 123, 124, 125, 127, 128, 129, 131, 132, 133, 136, 137, 138, 139, 141, 153, 154, 155, 157, 158, 159, 161, 162, 163, 166, 167, 168, 169, 171, 173, 174, 175, 176, 178, 190, 191, 192, 194, 195, 196, 198, 199, 200, 203, 204, 205, 206, 208, 242, 250, 251, 252, 254, 255, 256, 258, 259, 260, 282, 283, 284, 286, 287, 288, 290, 291, 292, 298, 299, 300, 302, 303, 304, 306, 307, 308, 311, 312, 313, 314, 316, 320, 328, 329, 330, 332, 333, 334, 336, 337, 338, 341, 342, 344, 345, 346, 350, 351, 352, 354, 355, 356, 358, 359, 360, 382, 383, 384, 386, 387, 388, 390, 391, 392, 398, 399, 400, 402, 403, 404, 406, 407, 408, 478, 479, 480, 482, 483, 484, 486, 487, 488, 510, 511, 512, 514, 515, 516, 518, 519, 520, 526, 527, 528, 530, 531, 532, 534, 535, 536, 542, 543, 544, 546, 547, 548, 550, 551, 552, 574, 575, 576, 578, 579, 580, 582, 583, 584, 590, 591, 592, 594, 595, 596, 598, 599, 600, 773]
x_344: [1, 2, 3, 4, 5, 17, 18, 19, 21, 22, 23, 25, 26, 27, 29, 31, 32, 33, 34, 76, 77, 78, 80, 81, 82, 84, 85, 86, 108, 109, 110, 112, 113, 114, 116, 117, 118, 124, 125, 126, 128, 129, 130, 132, 133, 134, 136, 138, 139, 140, 141, 154, 155, 156, 158, 159, 160, 162, 163, 164, 166, 168, 169, 170, 171, 173, 175, 176, 177, 178, 191, 192, 193, 195, 196, 197, 199, 200, 201, 203, 205, 206, 207, 208, 243, 251, 252, 253, 255, 256, 257, 259, 260, 261, 283, 284, 285, 287, 288, 289, 291, 292, 293, 299, 300, 301, 303, 304, 305, 307, 308, 309, 311, 313, 314, 315, 316, 321, 329, 330, 331, 333, 334, 335, 337, 338, 339, 340, 341, 342, 343, 345, 346, 351, 352, 353, 355, 356, 357, 359, 360, 361, 383, 384, 385, 387, 388, 389, 391, 392, 393, 399, 400, 401, 403, 404, 405, 407, 408, 409, 479, 480, 481, 483, 484, 485, 487, 488, 489, 511, 512, 513, 515, 516, 517, 519, 520, 521, 527, 528, 529, 531, 532, 533, 535, 536, 537, 543, 544, 545, 547, 548, 549, 551, 552, 553, 575, 576, 577, 579, 580, 581, 583, 584, 585, 591, 592, 593, 595, 596, 597, 599, 600, 601, 774]
x_345: [1, 3, 4, 5, 16, 18, 19, 20, 22, 23, 24, 26, 27, 29, 30, 32, 33, 34, 75, 77, 78, 79, 81, 82, 83, 85, 86, 107, 109, 110, 111, 113, 114, 115, 117, 118, 123, 125, 126, 127, 129, 130, 131, 133, 134, 136, 137, 139, 140, 141, 153, 155, 156, 157, 159, 160, 161, 163, 164, 166, 167, 169, 170, 171, 173, 174, 176, 177, 178, 190, 192, 193, 194, 196, 197, 198, 200, 201, 203, 204, 206, 207, 208, 244, 250, 252, 253, 254, 256, 257, 258, 260, 261, 282, 284, 285, 286, 288, 289, 290, 292, 293, 298, 300, 301, 302, 304, 305, 306, 308, 309, 311, 312, 314, 315, 316, 322, 328, 330, 331, 332, 334, 335, 336, 338, 339, 341, 342, 343, 344, 346, 350, 352, 353, 354, 356, 357, 358, 360, 361, 382, 384, 385, 386, 388, 389, 390, 392, 393, 398, 400, 401, 402, 404, 405, 406, 408, 409, 478, 480, 481, 482, 484, 485, 486, 488, 489, 510, 512, 513, 514, 516, 517, 518, 520, 521, 526, 528, 529, 530, 532, 533, 534, 536, 537, 542, 544, 545, 546, 548, 549, 550, 552, 553, 574, 576, 577, 578, 580, 581, 582, 584, 585, 590, 592, 593, 594, 596, 597, 598, 600, 601, 775]
x_346: [2, 3, 4, 5, 13, 14, 15, 21, 22, 23, 25, 26, 27, 28, 31, 32, 33, 34, 72, 73, 74, 80, 81, 82, 84, 85, 86, 104, 105, 106, 112, 113, 114, 116, 117, 118, 120, 121, 122, 128, 129, 130, 132, 133, 134, 135, 138, 139, 140, 141, 150, 151, 152, 158, 159, 160, 162, 163, 164, 165, 168, 169, 170, 171, 172, 175, 176, 177, 178, 187, 188, 189, 195, 196, 197, 199, 200, 201, 202, 205, 206, 207, 208, 245, 247, 248, 249, 255, 256, 257, 259, 260, 261, 279, 280, 281, 287, 288, 289, 291, 292, 293, 295, 296, 297, 303, 304, 305, 307, 308, 309, 310, 313, 314, 315, 316, 323, 325, 326, 327, 333, 334, 335, 337, 338, 339, 340, 341, 343, 344, 345, 347, 348, 349, 355, 356, 357, 359, 360, 361, 379, 380, 381, 387, 388, 389, 391, 392, 393, 395, 396, 397, 403, 404, 405, 407, 408, 409, 475, 476, 477, 483, 484, 485, 487, 488, 489, 507, 508, 509, 515, 516, 517, 519, 520, 521, 523, 524, 525, 531, 532, 533, 535, 536, 537, 539, 540, 541, 547, 548, 549, 551, 552, 553, 571, 572, 573, 579, 580, 581, 583, 584, 585, 587, 588, 589, 595, 596, 597, 599, 600, 601, 776]
x_347: [172, 173, 178, 179, 180, 185, 202, 203, 208, 209, 210, 215, 216, 217, 222, 239, 240, 245, 310, 311, 316, 317, 318, 323, 340, 341, 346, 348, 349, 350, 351, 352, 355, 358, 359, 360, 362, 363, 364, 366, 367, 368, 374, 375, 376, 379, 394, 395, 396, 398, 399, 400, 406, 407, 408, 410, 411, 412, 414, 415, 416, 422, 423, 424, 426, 427, 428, 430, 431, 432, 438, 439, 440, 458, 459, 460, 462, 463, 464, 470, 471, 472, 475, 538, 539, 540, 542, 543, 544, 550, 551, 552, 554, 555, 556, 558, 559, 560, 566, 567, 568, 586, 587, 588, 590, 591, 592, 598, 599, 600, 602, 603, 608, 609, 610, 615, 632, 633, 638, 639, 640, 645, 646, 647, 652, 669, 670, 675, 740, 741, 746, 747, 748, 753, 770, 771, 776]
x_348: [172, 173, 178, 179, 180, 185, 202, 203, 208, 209, 210, 215, 216, 217, 222, 239, 240, 245, 310, 311, 316, 317, 318, 323, 340, 341, 346, 347, 349, 351, 352, 353, 356, 359, 360, 361, 363, 364, 365, 367, 368, 369, 375, 376, 377, 380, 395, 396, 397, 399, 400, 401, 407, 408, 409, 411, 412, 413, 415, 416, 417, 423, 424, 425, 427, 428, 429, 431, 432, 433, 439, 440, 441, 459, 460, 461, 463, 464, 465, 471, 472, 473, 476, 539, 540, 541, 543, 544, 545, 551, 552, 553, 555, 556, 557, 559, 560, 561, 567, 568, 569, 587, 588, 589, 591, 592, 593, 599, 600, 601, 602, 603, 608, 609, 610, 615, 632, 633, 638, 639, 640, 645, 646, 647, 652, 669, 670, 675, 740, 741, 746, 747, 748, 753, 770, 771, 776]
x_349: [172, 173, 178, 179, 180, 185, 202, 203, 208, 209, 210, 215, 216, 217, 222, 239, 240, 245, 310, 311, 316, 317, 318, 323, 340, 341, 346, 347, 348, 350, 352, 353, 357, 358, 360, 361, 362, 364, 365, 366, 368, 369, 374, 376, 377, 381, 394, 396, 397, 398, 400, 401, 406, 408, 409, 410, 412, 413, 414, 416, 417, 422, 424, 425, 426, 428, 429, 430, 432, 433, 438, 440, 441, 458, 460, 461, 462, 464, 465, 470, 472, 473, 477, 538, 540, 541, 542, 544, 545, 550, 552, 553, 554, 556, 557, 558, 560, 561, 566, 568, 569, 586, 588, 589, 590, 592, 593, 598, 600, 601, 602, 603, 608, 609, 610, 615, 632, 633, 638, 639, 640, 645, 646, 647, 652, 669, 670, 675, 740, 741, 746, 747, 748, 753, 770, 771, 776]
x_350: [174, 175, 177, 181, 182, 184, 204, 205, 207, 211, 212, 214, 218, 219, 221, 241, 242, 244, 312, 313, 315, 319, 320, 322, 342, 343, 345, 347, 349, 351, 352, 353, 354, 355, 357, 358, 362, 363, 365, 366, 367, 369, 370, 371, 373, 382, 394, 395, 397, 398, 399, 401, 402, 403, 405, 410, 411, 413, 414, 415, 417, 418, 419, 421, 426, 427, 429, 430, 431, 433, 434, 435, 437, 458, 459, 461, 462, 463, 465, 466, 467, 469, 478, 538, 539, 541, 542, 543, 545, 546, 547, 549, 554, 555, 557, 558, 559, 561, 562, 563, 565, 586, 587, 589, 590, 591, 593, 594, 595, 597, 604, 605, 607, 611, 612, 614, 634, 635, 637, 641, 642, 644, 648, 649, 651, 671, 672, 674, 742, 743, 745, 749, 750, 752, 772, 773, 775]
x_351: [172, 173, 174, 175, 176, 179, 180, 181, 182, 183, 202, 203, 204, 205, 206, 209, 210, 211, 212, 213, 216, 217, 218, 219, 220, 239, 240, 241, 242, 243, 310, 311, 312, 313, 314, 317, 318, 319, 320, 321, 340, 341, 342, 343, 344, 347, 348, 350, 352, 353, 354, 355, 356, 359, 362, 363, 364, 366, 367, 368, 370, 371, 372, 383, 394, 395, 396, 398, 399, 400, 402, 403, 404, 410, 411, 412, 414, 415, 416, 418, 419, 420, 426, 427, 428, 430, 431, 432, 434, 435, 436, 458, 459, 460, 462, 463, 464, 466, 467, 468, 479, 538, 539, 540, 542, 543, 544, 546, 547, 548, 554, 555, 556, 558, 559, 560, 562, 563, 564, 586, 587, 588, 590, 591, 592, 594, 595, 596, 602, 603, 604, 605, 606, 609, 610, 611, 612, 613, 632, 633, 634, 635, 636, 639, 640, 641, 642, 643, 646, 647, 648, 649, 650, 669, 670, 671, 672, 673, 740, 741, 742, 743, 744, 747, 748, 749, 750, 751, 770, 771, 772, 773, 774]
x_352: [1, 172, 173, 175, 176, 177, 179, 180, 182, 183, 184, 202, 203, 205, 206, 207, 209, 210, 212, 213, 214, 216, 217, 219, 220, 221, 239, 240, 242, 243, 244, 310, 311, 313, 314, 315, 317, 318, 320, 321, 322, 340, 341, 343, 344, 345, 347, 348, 349, 350, 351, 353, 355, 356, 357, 360, 363, 364, 365, 367, 368, 369, 371, 372, 373, 384, 395, 396, 397, 399, 400, 401, 403, 404, 405, 411, 412, 413, 415, 416, 417, 419, 420, 421, 427, 428, 429, 431, 432, 433, 435, 436, 437, 459, 460, 461, 463, 464, 465, 467, 468, 469, 480, 539, 540, 541, 543, 544, 545, 547, 548, 549, 555, 556, 557, 559, 560, 561, 563, 564, 565, 587, 588, 589, 591, 592, 593, 595, 596, 597, 602, 603, 605, 606, 607, 609, 610, 612, 613, 614, 632, 633, 635, 636, 637, 639, 640, 642, 643, 644, 646, 647, 649, 650, 651, 669, 670, 672, 673, 674, 740, 741, 743, 744, 745, 747, 748, 750, 751, 752, 770, 771, 773, 774, 775]
x_353: [172, 173, 174, 176, 177, 179, 180, 181, 183, 184, 202, 203, 204, 206, 207, 209, 210, 211, 213, 214, 216, 217, 218, 220, 221, 239, 240, 241, 243, 244, 310, 311, 312, 314, 315, 317, 318, 319, 321, 322, 340, 341, 342, 344, 345, 348, 349, 350, 351, 352, 354, 356, 357, 361, 362, 364, 365, 366, 368, 369, 370, 372, 373, 385, 394, 396, 397, 398, 400, 401, 402, 404, 405, 410, 412, 413, 414, 416, 417, 418, 420, 421, 426, 428, 429, 430, 432, 433, 434, 436, 437, 458, 460, 461, 462, 464, 465, 466, 468, 469, 481, 538, 540, 541, 542, 544, 545, 546, 548, 549, 554, 556, 557, 558, 560, 561, 562, 564, 565, 586, 588, 589, 590, 592, 593, 594, 596, 597, 602, 603, 604, 606, 607, 609, 610, 611, 613, 614, 632, 633, 634, 636, 637, 639, 640, 641, 643, 644, 646, 647, 648, 650, 651, 669, 670, 671, 673, 674, 740, 741, 742, 744, 745, 747, 748, 749, 751, 752, 770, 771, 772, 774, 775]
x_354: [174, 175, 177, 181, 182, 184, 204, 205, 207, 211, 212, 214, 218, 219, 221, 241, 242, 244, 312, 313, 315, 319, 320, 322, 342, 343, 345, 350, 351, 353, 355, 356, 357, 358, 359, 361, 366, 367, 369, 370, 371, 373, 374, 375, 377, 386, 398, 399, 401, 402, 403, 405, 406, 407, 409, 414, 415, 417, 418, 419, 421, 422, 423, 425, 430, 431, 433, 434, 435, 437, 438, 439, 441, 462, 463, 465, 466, 467, 469, 470, 471, 473, 482, 542, 543, 545, 546, 547, 549, 550, 551, 553, 558, 559, 561, 562, 563, 565, 566, 567, 569, 590, 591, 593, 594, 595, 597, 598, 599, 601, 604, 605, 607, 611, 612, 614, 634, 635, 637, 641, 642, 644, 648, 649, 651, 671, 672, 674, 742, 743, 745, 749, 750, 752, 772, 773, 775]
x_355: [2, 173, 174, 175, 176, 178, 180, 181, 182, 183, 185, 203, 204, 205, 206, 208, 210, 211, 212, 213, 215, 217, 218, 219, 220, 222, 240, 241, 242, 243, 245, 311, 312, 313, 314, 316, 318, 319, 320, 321, 323, 341, 342, 343, 344, 346, 347, 350, 351, 352, 354, 356, 357, 358, 359, 360, 366, 367, 368, 370, 371, 372, 374, 375, 376, 387, 398, 399, 400, 402, 403, 404, 406, 407, 408, 414, 415, 416, 418, 419, 420, 422, 423, 424, 430, 431, 432, 434, 435, 436, 438, 439, 440, 462, 463, 464, 466, 467, 468, 470, 471, 472, 483, 542, 543, 544, 546, 547, 548, 550, 551, 552, 558, 559, 560, 562, 563, 564, 566, 567, 568, 590, 591, 592, 594, 595, 596, 598, 599, 600, 603, 604, 605, 606, 608, 610, 611, 612, 613, 615, 633, 634, 635, 636, 638, 640, 641, 642, 643, 645, 647, 648, 649, 650, 652, 670, 671, 672, 673, 675, 741, 742, 743, 744, 746, 748, 749, 750, 751, 753, 771, 772, 773, 774, 776]
x_356: [3, 173, 175, 176, 177, 178, 180, 182, 183, 184, 185, 203, 205, 206, 207, 208, 210, 212, 213, 214, 215, 217, 219, 220, 221, 222, 240, 242, 243, 244, 245, 311, 313, 314, 315, 316, 318, 320, 321, 322, 323, 341, 343, 344, 345, 346, 348, 351, 352, 353, 354, 355, 357, 359, 360, 361, 367, 368, 369, 371, 372, 373, 375, 376, 377, 388, 399, 400, 401, 403, 404, 405, 407, 408, 409, 415, 416, 417, 419, 420, 421, 423, 424, 425, 431, 432, 433, 435, 436, 437, 439, 440, 441, 463, 464, 465, 467, 468, 469, 471, 472, 473, 484, 543, 544, 545, 547, 548, 549, 551, 552, 553, 559, 560, 561, 563, 564, 565, 567, 568, 569, 591, 592, 593, 595, 596, 597, 599, 600, 601, 603, 605, 606, 607, 608, 610, 612, 613, 614, 615, 633, 635, 636, 637, 638, 640, 642, 643, 644, 645, 647, 649, 650, 651, 652, 670, 672, 673, 674, 675, 741, 743, 744, 745, 746, 748, 750, 751, 752, 753, 771, 773, 774, 775, 776]
x_357: [4, 173, 174, 176, 177, 178, 180, 181, 183, 184, 185, 203, 204, 206, 207, 208, 210, 211, 213, 214, 215, 217, 218, 220, 221, 222, 240, 241, 243, 244, 245, 311, 312, 314, 315, 316, 318, 319, 321, 322, 323, 341, 342, 344, 345, 346, 349, 350, 352, 353, 354, 355, 356, 358, 360, 361, 366, 368, 369, 370, 372, 373, 374, 376, 377, 389, 398, 400, 401, 402, 404, 405, 406, 408, 409, 414, 416, 417, 418, 420, 421, 422, 424, 425, 430, 432, 433, 434, 436, 437, 438, 440, 441, 462, 464, 465, 466, 468, 469, 470, 472, 473, 485, 542, 544, 545, 546, 548, 549, 550, 552, 553, 558, 560, 561, 562, 564, 565, 566, 568, 569, 590, 592, 593, 594, 596, 597, 598, 600, 601, 603, 604, 606, 607, 608, 610, 611, 613, 614, 615, 633, 634, 636, 637, 638, 640, 641, 643, 644, 645, 647, 648, 650, 651, 652, 670, 671, 673, 674, 675, 741, 742, 744, 745, 746, 748, 749, 751, 752, 753, 771, 772, 774, 775, 776]
x_358: [174, 175, 177, 181, 182, 184, 204, 205, 207, 211, 212, 214, 218, 219, 221, 241, 242, 244, 312, 313, 315, 319, 320, 322, 342, 343, 345, 347, 349, 350, 354, 355, 357, 359, 360, 361, 362, 363, 365, 370, 371, 373, 374, 375, 377, 390, 394, 395, 397, 402, 403, 405, 406, 407, 409, 410, 411, 413, 418, 419, 421, 422, 423, 425, 426, 427, 429, 434, 435, 437, 438, 439, 441, 458, 459, 461, 466, 467, 469, 470, 471, 473, 486, 538, 539, 541, 546, 547, 549, 550, 551, 553, 554, 555, 557, 562, 563, 565, 566, 567, 569, 586, 587, 589, 594, 595, 597, 598, 599, 601, 604, 605, 607, 611, 612, 614, 634, 635, 637, 641, 642, 644, 648, 649, 651, 671, 672, 674, 742, 743, 745, 749, 750, 752, 772, 773, 775]
x_359: [172, 174, 175, 176, 178, 179, 181, 182, 183, 185, 202, 204, 205, 206, 208, 209, 211, 212, 213, 215, 216, 218, 219, 220, 222, 239, 241, 242, 243, 245, 310, 312, 313, 314, 316, 317, 319, 320, 321, 323, 340, 342, 343, 344, 346, 347, 348, 351, 354, 355, 356, 358, 360, 361, 362, 363, 364, 370, 371, 372, 374, 375, 376, 391, 394, 395, 396, 402, 403, 404, 406, 407, 408, 410, 411, 412, 418, 419, 420, 422, 423, 424, 426, 427, 428, 434, 435, 436, 438, 439, 440, 458, 459, 460, 466, 467, 468, 470, 471, 472, 487, 538, 539, 540, 546, 547, 548, 550, 551, 552, 554, 555, 556, 562, 563, 564, 566, 567, 568, 586, 587, 588, 594, 595, 596, 598, 599, 600, 602, 604, 605, 606, 608, 609, 611, 612, 613, 615, 632, 634, 635, 636, 638, 639, 641, 642, 643, 645, 646, 648, 649, 650, 652, 669, 671, 672, 673, 675, 740, 742, 743, 744, 746, 747, 749, 750, 751, 753, 770, 772, 773, 774, 776]
x_360: [5, 172, 175, 176, 177, 178, 179, 182, 183, 184, 185, 202, 205, 206, 207, 208, 209, 212, 213, 214, 215, 216, 219, 220, 221, 222, 239, 242, 243, 244, 245, 310, 313, 314, 315, 316, 317, 320, 321, 322, 323, 340, 343, 344, 345, 346, 347, 348, 349, 352, 355, 356, 357, 358, 359, 361, 363, 364, 365, 371, 372, 373, 375, 376, 377, 392, 395, 396, 397, 403, 404, 405, 407, 408, 409, 411, 412, 413, 419, 420, 421, 423, 424, 425, 427, 428, 429, 435, 436, 437, 439, 440, 441, 459, 460, 461, 467, 468, 469, 471, 472, 473, 488, 539, 540, 541, 547, 548, 549, 551, 552, 553, 555, 556, 557, 563, 564, 565, 567, 568, 569, 587, 588, 589, 595, 596, 597, 599, 600, 601, 602, 605, 606, 607, 608, 609, 612, 613, 614, 615, 632, 635, 636, 637, 638, 639, 642, 643, 644, 645, 646, 649, 650, 651, 652, 669, 672, 673, 674, 675, 740, 743, 744, 745, 746, 747, 750, 751, 752, 753, 770, 773, 774, 775, 776]
x_361: [172, 174, 176, 177, 178, 179, 181, 183, 184, 185, 202, 204, 206, 207, 208, 209, 211, 213, 214, 215, 216, 218, 220, 221, 222, 239, 241, 243, 244, 245, 310, 312, 314, 315, 316, 317, 319, 321, 322, 323, 340, 342, 344, 345, 346, 348, 349, 353, 354, 356, 357, 358, 359, 360, 362, 364, 365, 370, 372, 373, 374, 376, 377, 393, 394, 396, 397, 402, 404, 405, 406, 408, 409, 410, 412, 413, 418, 420, 421, 422, 424, 425, 426, 428, 429, 434, 436, 437, 438, 440, 441, 458, 460, 461, 466, 468, 469, 470, 472, 473, 489, 538, 540, 541, 546, 548, 549, 550, 552, 553, 554, 556, 557, 562, 564, 565, 566, 568, 569, 586, 588, 589, 594, 596, 597, 598, 600, 601, 602, 604, 606, 607, 608, 609, 611, 613, 614, 615, 632, 634, 636, 637, 638, 639, 641, 643, 644, 645, 646, 648, 650, 651, 652, 669, 671, 673, 674, 675, 740, 742, 744, 745, 746, 747, 749, 751, 752, 753, 770, 772, 774, 775, 776]
x_362: [186, 187, 189, 190, 191, 193, 198, 199, 201, 223, 224, 226, 227, 228, 230, 235, 236, 238, 324, 325, 327, 328, 329, 331, 336, 337, 339, 347, 349, 350, 351, 353, 358, 359, 361, 363, 364, 365, 366, 367, 369, 370, 374, 375, 377, 378, 379, 381, 382, 383, 385, 390, 391, 393, 394, 410, 411, 413, 414, 415, 417, 422, 423, 425, 426, 427, 429, 430, 431, 433, 438, 439, 441, 442, 443, 445, 446, 447, 449, 454, 455, 457, 490, 538, 539, 541, 542, 543, 545, 550, 551, 553, 554, 555, 557, 558, 559, 561, 566, 567, 569, 570, 571, 573, 574, 575, 577, 582, 583, 585, 616, 617, 619, 620, 621, 623, 628, 629, 631, 653, 654, 656, 657, 658, 660, 665, 666, 668, 754, 755, 757, 758, 759, 761, 766, 767, 769]
x_363: [172, 173, 178, 179, 180, 185, 186, 187, 188, 190, 191, 192, 198, 199, 200, 209, 210, 215, 216, 217, 222, 223, 224, 225, 227, 228, 229, 235, 236, 237, 310, 311, 316, 317, 318, 323, 324, 325, 326, 328, 329, 330, 336, 337, 338, 347, 348, 350, 351, 352, 358, 359, 360, 362, 364, 365, 366, 367, 368, 371, 374, 375, 376, 378, 379, 380, 382, 383, 384, 390, 391, 392, 395, 410, 411, 412, 414, 415, 416, 422, 423, 424, 426, 427, 428, 430, 431, 432, 438, 439, 440, 442, 443, 444, 446, 447, 448, 454, 455, 456, 491, 538, 539, 540, 542, 543, 544, 550, 551, 552, 554, 555, 556, 558, 559, 560, 566, 567, 568, 570, 571, 572, 574, 575, 576, 582, 583, 584, 602, 603, 608, 609, 610, 615, 616, 617, 618, 620, 621, 622, 628, 629, 630, 639, 640, 645, 646, 647, 652, 653, 654, 655, 657, 658, 659, 665, 666, 667, 740, 741, 746, 747, 748, 753, 754, 755, 756, 758, 759, 760, 766, 767, 768]
x_364: [6, 172, 173, 178, 179, 180, 185, 187, 188, 189, 191, 192, 193, 199, 200, 201, 209, 210, 215, 216, 217, 222, 224, 225, 226, 228, 229, 230, 236, 237, 238, 310, 311, 316, 317, 318, 323, 325, 326, 327, 329, 330, 331, 337, 338, 339, 347, 348, 349, 351, 352, 353, 359, 360, 361, 362, 363, 365, 367, 368, 369, 372, 375, 376, 377, 379, 380, 381, 383, 384, 385, 391, 392, 393, 396, 411, 412, 413, 415, 416, 417, 423, 424, 425, 427, 428, 429, 431, 432, 433, 439, 440, 441, 443, 444, 445, 447, 448, 449, 455, 456, 457, 492, 539, 540, 541, 543, 544, 545, 551, 552, 553, 555, 556, 557, 559, 560, 561, 567, 568, 569, 571, 572, 573, 575, 576, 577, 583, 584, 585, 602, 603, 608, 609, 610, 615, 617, 618, 619, 621, 622, 623, 629, 630, 631, 639, 640, 645, 646, 647, 652, 654, 655, 656, 658, 659, 660, 666, 667, 668, 740, 741, 746, 747, 748, 753, 755, 756, 757, 759, 760, 761, 767, 768, 769]
x_365: [172, 173, 178, 179, 180, 185, 186, 188, 189, 190, 192, 193, 198, 200, 201, 209, 210, 215, 216, 217, 222, 223, 225, 226, 227, 229, 230, 235, 237, 238, 310, 311, 316, 317, 318, 323, 324, 326, 327, 328, 330, 331, 336, 338, 339, 348, 349, 350, 352, 353, 358, 360, 361, 362, 363, 364, 366, 368, 369, 373, 374, 376, 377, 378, 380, 381, 382, 384, 385, 390, 392, 393, 397, 410, 412, 413, 414, 416, 417, 422, 424, 425, 426, 428, 429, 430, 432, 433, 438, 440, 441, 442, 444, 445, 446, 448, 449, 454, 456, 457, 493, 538, 540, 541, 542, 544, 545, 550, 552, 553, 554, 556, 557, 558, 560, 561, 566, 568, 569, 570, 572, 573, 574, 576, 577, 582, 584, 585, 602, 603, 608, 609, 610, 615, 616, 618, 619, 620, 622, 623, 628, 630, 631, 639, 640, 645, 646, 647, 652, 653, 655, 656, 657, 659, 660, 665, 667, 668, 740, 741, 746, 747, 748, 753, 754, 756, 757, 758, 760, 761, 766, 768, 769]
x_366: [174, 175, 177, 181, 182, 184, 186, 187, 189, 190, 191, 193, 194, 195, 197, 211, 212, 214, 218, 219, 221, 223, 224, 226, 227, 228, 230, 231, 232, 234, 312, 313, 315, 319, 320, 322, 324, 325, 327, 328, 329, 331, 332, 333, 335, 347, 349, 350, 351, 353, 354, 355, 357, 362, 363, 365, 367, 368, 369, 370, 371, 373, 374, 378, 379, 381, 382, 383, 385, 386, 387, 389, 398, 410, 411, 413, 414, 415, 417, 418, 419, 421, 426, 427, 429, 430, 431, 433, 434, 435, 437, 442, 443, 445, 446, 447, 449, 450, 451, 453, 494, 538, 539, 541, 542, 543, 545, 546, 547, 549, 554, 555, 557, 558, 559, 561, 562, 563, 565, 570, 571, 573, 574, 575, 577, 578, 579, 581, 604, 605, 607, 611, 612, 614, 616, 617, 619, 620, 621, 623, 624, 625, 627, 641, 642, 644, 648, 649, 651, 653, 654, 656, 657, 658, 660, 661, 662, 664, 742, 743, 745, 749, 750, 752, 754, 755, 757, 758, 759, 761, 762, 763, 765]
x_367: [172, 173, 174, 175, 176, 179, 180, 181, 182, 183, 186, 187, 188, 190, 191, 192, 194, 195, 196, 209, 210, 211, 212, 213, 216, 217, 218, 219, 220, 223, 224, 225, 227, 228, 229, 231, 232, 233, 310, 311, 312, 313, 314, 317, 318, 319, 320, 321, 324, 325, 326, 328, 329, 330, 332, 333, 334, 347, 348, 350, 351, 352, 354, 355, 356, 362, 363, 364, 366, 368, 369, 370, 371, 372, 375, 378, 379, 380, 382, 383, 384, 386, 387, 388, 399, 410, 411, 412, 414, 415, 416, 418, 419, 420, 426, 427, 428, 430, 431, 432, 434, 435, 436, 442, 443, 444, 446, 447, 448, 450, 451, 452, 495, 538, 539, 540, 542, 543, 544, 546, 547, 548, 554, 555, 556, 558, 559, 560, 562, 563, 564, 570, 571, 572, 574, 575, 576, 578, 579, 580, 602, 603, 604, 605, 606, 609, 610, 611, 612, 613, 616, 617, 618, 620, 621, 622, 624, 625, 626, 639, 640, 641, 642, 643, 646, 647, 648, 649, 650, 653, 654, 655, 657, 658, 659, 661, 662, 663, 740, 741, 742, 743, 744, 747, 748, 749, 750, 751, 754, 755, 756, 758, 759, 760, 762, 763, 764]
x_368: [7, 172, 173, 175, 176, 177, 179, 180, 182, 183, 184, 187, 188, 189, 191, 192, 193, 195, 196, 197, 209, 210, 212, 213, 214, 216, 217, 219, 220, 221, 224, 225, 226, 228, 229, 230, 232, 233, 234, 310, 311, 313, 314, 315, 317, 318, 320, 321, 322, 325, 326, 327, 329, 330, 331, 333, 334, 335, 347, 348, 349, 351, 352, 353, 355, 356, 357, 363, 364, 365, 366, 367, 369, 371, 372, 373, 376, 379, 380, 381, 383, 384, 385, 387, 388, 389, 400, 411, 412, 413, 415, 416, 417, 419, 420, 421, 427, 428, 429, 431, 432, 433, 435, 436, 437, 443, 444, 445, 447, 448, 449, 451, 452, 453, 496, 539, 540, 541, 543, 544, 545, 547, 548, 549, 555, 556, 557, 559, 560, 561, 563, 564, 565, 571, 572, 573, 575, 576, 577, 579, 580, 581, 602, 603, 605, 606, 607, 609, 610, 612, 613, 614, 617, 618, 619, 621, 622, 623, 625, 626, 627, 639, 640, 642, 643, 644, 646, 647, 649, 650, 651, 654, 655, 656, 658, 659, 660, 662, 663, 664, 740, 741, 743, 744, 745, 747, 748, 750, 751, 752, 755, 756, 757, 759, 760, 761, 763, 764, 765]
x_369: [172, 173, 174, 176, 177, 179, 180, 181, 183, 184, 186, 188, 189, 190, 192, 193, 194, 196, 197, 209, 210, 211, 213, 214, 216, 217, 218, 220, 221, 223, 225, 226, 227, 229, 230, 231, 233, 234, 310, 311, 312, 314, 315, 317, 318, 319, 321, 322, 324, 326, 327, 328, 330, 331, 332, 334, 335, 348, 349, 350, 352, 353, 354, 356, 357, 362, 364, 365, 366, 367, 368, 370, 372, 373, 377, 378, 380, 381, 382, 384, 385, 386, 388, 389, 401, 410, 412, 413, 414, 416, 417, 418, 420, 421, 426, 428, 429, 430, 432, 433, 434, 436, 437, 442, 444, 445, 446, 448, 449, 450, 452, 453, 497, 538, 540, 541, 542, 544, 545, 546, 548, 549, 554, 556, 557, 558, 560, 561, 562, 564, 565, 570, 572, 573, 574, 576, 577, 578, 580, 581, 602, 603, 604, 606, 607, 609, 610, 611, 613, 614, 616, 618, 619, 620, 622, 623, 624, 626, 627, 639, 640, 641, 643, 644, 646, 647, 648, 650, 651, 653, 655, 656, 657, 659, 660, 661, 663, 664, 740, 741, 742, 744, 745, 747, 748, 749, 751, 752, 754, 756, 757, 758, 760, 761, 762, 764, 765]
x_370: [8, 174, 175, 177, 181, 182, 184, 190, 191, 193, 194, 195, 197, 198, 199, 201, 211, 212, 214, 218, 219, 221, 227, 228, 230, 231, 232, 234, 235, 236, 238, 312, 313, 315, 319, 320, 322, 328, 329, 331, 332, 333, 335, 336, 337, 339, 350, 351, 353, 354, 355, 357, 358, 359, 361, 362, 366, 367, 369, 371, 372, 373, 374, 375, 377, 382, 383, 385, 386, 387, 389, 390, 391, 393, 402, 414, 415, 417, 418, 419, 421, 422, 423, 425, 430, 431, 433, 434, 435, 437, 438, 439, 441, 446, 447, 449, 450, 451, 453, 454, 455, 457, 498, 542, 543, 545, 546, 547, 549, 550, 551, 553, 558, 559, 561, 562, 563, 565, 566, 567, 569, 574, 575, 577, 578, 579, 581, 582, 583, 585, 604, 605, 607, 611, 612, 614, 620, 621, 623, 624, 625, 627, 628, 629, 631, 641, 642, 644, 648, 649, 651, 657, 658, 660, 661, 662, 664, 665, 666, 668, 742, 743, 745, 749, 750, 752, 758, 759, 761, 762, 763, 765, 766, 767, 769]
x_371: [9, 173, 174, 175, 176, 178, 180, 181, 182, 183, 185, 190, 191, 192, 194, 195, 196, 198, 199, 200, 210, 211, 212, 213, 215, 217, 218, 219, 220, 222, 227, 228, 229, 231, 232, 233, 235, 236, 237, 311, 312, 313, 314, 316, 318, 319, 320, 321, 323, 328, 329, 330, 332, 333, 334, 336, 337, 338, 350, 351, 352, 354, 355, 356, 358, 359, 360, 363, 366, 367, 368, 370, 372, 373, 374, 375, 376, 382, 383, 384, 386, 387, 388, 390, 391, 392, 403, 414, 415, 416, 418, 419, 420, 422, 423, 424, 430, 431, 432, 434, 435, 436, 438, 439, 440, 446, 447, 448, 450, 451, 452, 454, 455, 456, 499, 542, 543, 544, 546, 547, 548, 550, 551, 552, 558, 559, 560, 562, 563, 564, 566, 567, 568, 574, 575, 576, 578, 579, 580, 582, 583, 584, 603, 604, 605, 606, 608, 610, 611, 612, 613, 615, 620, 621, 622, 624, 625, 626, 628, 629, 630, 640, 641, 642, 643, 645, 647, 648, 649, 650, 652, 657, 658, 659, 661, 662, 663, 665, 666, 667, 741, 742, 743, 744, 746, 748, 749, 750, 751, 753, 758, 759, 760, 762, 763, 764, 766, 767, 768]
x_372: [10, 173, 175, 176, 177, 178, 180, 182, 183, 184, 185, 191, 192, 193, 195, 196, 197, 199, 200, 201, 210, 212, 213, 214, 215, 217, 219, 220, 221, 222, 228, 229, 230, 232, 233, 234, 236, 237, 238, 311, 313, 314, 315, 316, 318, 320, 321, 322, 323, 329, 330, 331, 333, 334, 335, 337, 338, 339, 351, 352, 353, 355, 356, 357, 359, 360, 361, 364, 367, 368, 369, 370, 371, 373, 375, 376, 377, 383, 384, 385, 387, 388, 389, 391, 392, 393, 404, 415, 416, 417, 419, 420, 421, 423, 424, 425, 431, 432, 433, 435, 436, 437, 439, 440, 441, 447, 448, 449, 451, 452, 453, 455, 456, 457, 500, 543, 544, 545, 547, 548, 549, 551, 552, 553, 559, 560, 561, 563, 564, 565, 567, 568, 569, 575, 576, 577, 579, 580, 581, 583, 584, 585, 603, 605, 606, 607, 608, 610, 612, 613, 614, 615, 621, 622, 623, 625, 626, 627, 629, 630, 631, 640, 642, 643, 644, 645, 647, 649, 650, 651, 652, 658, 659, 660, 662, 663, 664, 666, 667, 668, 741, 743, 744, 745, 746, 748, 750, 751, 752, 753, 759, 760, 761, 763, 764, 765, 767, 768, 769]
x_373: [11, 173, 174, 176, 177, 178, 180, 181, 183, 184, 185, 190, 192, 193, 194, 196, 197, 198, 200, 201, 210, 211, 213, 214, 215, 217, 218, 220, 221, 222, 227, 229, 230, 231, 233, 234, 235, 237, 238, 311, 312, 314, 315, 316, 318, 319, 321, 322, 323, 328, 330, 331, 332, 334, 335, 336, 338, 339, 350, 352, 353, 354, 356, 357, 358, 360, 361, 365, 366, 368, 369, 370, 371, 372, 374, 376, 377, 382, 384, 385, 386, 388, 389, 390, 392, 393, 405, 414, 416, 417, 418, 420, 421, 422, 424, 425, 430, 432, 433, 434, 436, 437, 438, 440, 441, 446, 448, 449, 450, 452, 453, 454, 456, 457, 501, 542, 544, 545, 546, 548, 549, 550, 552, 553, 558, 560, 561, 562, 564, 565, 566, 568, 569, 574, 576, 577, 578, 580, 581, 582, 584, 585, 603, 604, 606, 607, 608, 610, 611, 613, 614, 615, 620, 622, 623, 624, 626, 627, 628, 630, 631, 640, 641, 643, 644, 645, 647, 648, 650, 651, 652, 657, 659, 660, 661, 663, 664, 665, 667, 668, 741, 742, 744, 745, 746, 748, 749, 751, 752, 753, 758, 760, 761, 762, 764, 765, 766, 768, 769]
x_374: [174, 175, 177, 181, 182, 184, 186, 187, 189, 194, 195, 197, 198, 199, 201, 211, 212, 214, 218, 219, 221, 223, 224, 226, 231, 232, 234, 235, 236, 238, 312, 313, 315, 319, 320, 322, 324, 325, 327, 332, 333, 335, 336, 337, 339, 347, 349, 354, 355, 357, 358, 359, 361, 362, 363, 365, 366, 370, 371, 373, 375, 376, 377, 378, 379, 381, 386, 387, 389, 390, 391, 393, 406, 410, 411, 413, 418, 419, 421, 422, 423, 425, 426, 427, 429, 434, 435, 437, 438, 439, 441, 442, 443, 445, 450, 451, 453, 454, 455, 457, 502, 538, 539, 541, 546, 547, 549, 550, 551, 553, 554, 555, 557, 562, 563, 565, 566, 567, 569, 570, 571, 573, 578, 579, 581, 582, 583, 585, 604, 605, 607, 611, 612, 614, 616, 617, 619, 624, 625, 627, 628, 629, 631, 641, 642, 644, 648, 649, 651, 653, 654, 656, 661, 662, 664, 665, 666, 668, 742, 743, 745, 749, 750, 752, 754, 755, 757, 762, 763, 765, 766, 767, 769]
x_375: [172, 174, 175, 176, 178, 179, 181, 182, 183, 185, 186, 187, 188, 194, 195, 196, 198, 199, 200, 209, 211, 212, 213, 215, 216, 218, 219, 220, 222, 223, 224, 225, 231, 232, 233, 235, 236, 237, 310, 312, 313, 314, 316, 317, 319, 320, 321, 323, 324, 325, 326, 332, 333, 334, 336, 337, 338, 347, 348, 354, 355, 356, 358, 359, 360, 362, 363, 364, 367, 370, 371, 372, 374, 376, 377, 378, 379, 380, 386, 387, 388, 390, 391, 392, 407, 410, 411, 412, 418, 419, 420, 422, 423, 424, 426, 427, 428, 434, 435, 436, 438, 439, 440, 442, 443, 444, 450, 451, 452, 454, 455, 456, 503, 538, 539, 540, 546, 547, 548, 550, 551, 552, 554, 555, 556, 562, 563, 564, 566, 567, 568, 570, 571, 572, 578, 579, 580, 582, 583, 584, 602, 604, 605, 606, 608, 609, 611, 612, 613, 615, 616, 617, 618, 624, 625, 626, 628, 629, 630, 639, 641, 642, 643, 645, 646, 648, 649, 650, 652, 653, 654, 655, 661, 662, 663, 665, 666, 667, 740, 742, 743, 744, 746, 747, 749, 750, 751, 753, 754, 755, 756, 762, 763, 764, 766, 767, 768]
x_376: [12, 172, 175, 176, 177, 178, 179, 182, 183, 184, 185, 187, 188, 189, 195, 196, 197, 199, 200, 201, 209, 212, 213, 214, 215, 216, 219, 220, 221, 222, 224, 225, 226, 232, 233, 234, 236, 237, 238, 310, 313, 314, 315, 316, 317, 320, 321, 322, 323, 325, 326, 327, 333, 334, 335, 337, 338, 339, 347, 348, 349, 355, 356, 357, 359, 360, 361, 363, 364, 365, 368, 371, 372, 373, 374, 375, 377, 379, 380, 381, 387, 388, 389, 391, 392, 393, 408, 411, 412, 413, 419, 420, 421, 423, 424, 425, 427, 428, 429, 435, 436, 437, 439, 440, 441, 443, 444, 445, 451, 452, 453, 455, 456, 457, 504, 539, 540, 541, 547, 548, 549, 551, 552, 553, 555, 556, 557, 563, 564, 565, 567, 568, 569, 571, 572, 573, 579, 580, 581, 583, 584, 585, 602, 605, 606, 607, 608, 609, 612, 613, 614, 615, 617, 618, 619, 625, 626, 627, 629, 630, 631, 639, 642, 643, 644, 645, 646, 649, 650, 651, 652, 654, 655, 656, 662, 663, 664, 666, 667, 668, 740, 743, 744, 745, 746, 747, 750, 751, 752, 753, 755, 756, 757, 763, 764, 765, 767, 768, 769]
x_377: [172, 174, 176, 177, 178, 179, 181, 183, 184, 185, 186, 188, 189, 194, 196, 197, 198, 200, 201, 209, 211, 213, 214, 215, 216, 218, 220, 221, 222, 223, 225, 226, 231, 233, 234, 235, 237, 238, 310, 312, 314, 315, 316, 317, 319, 321, 322, 323, 324, 326, 327, 332, 334, 335, 336, 338, 339, 348, 349, 354, 356, 357, 358, 360, 361, 362, 364, 365, 369, 370, 372, 373, 374, 375, 376, 378, 380, 381, 386, 388, 389, 390, 392, 393, 409, 410, 412, 413, 418, 420, 421, 422, 424, 425, 426, 428, 429, 434, 436, 437, 438, 440, 441, 442, 444, 445, 450, 452, 453, 454, 456, 457, 505, 538, 540, 541, 546, 548, 549, 550, 552, 553, 554, 556, 557, 562, 564, 565, 566, 568, 569, 570, 572, 573, 578, 580, 581, 582, 584, 585, 602, 604, 606, 607, 608, 609, 611, 613, 614, 615, 616, 618, 619, 624, 626, 627, 628, 630, 631, 639, 641, 643, 644, 645, 646, 648, 650, 651, 652, 653, 655, 656, 661, 663, 664, 665, 667, 668, 740, 742, 744, 745, 746, 747, 749, 751, 752, 753, 754, 756, 757, 762, 764, 765, 766, 768, 769]
x_378: [186, 187, 189, 190, 191, 193, 198, 199, 201, 223, 224, 226, 227, 228, 230, 235, 236, 238, 324, 325, 327, 328, 329, 331, 336, 337, 339, 362, 363, 365, 366, 367, 369, 374, 375, 377, 379, 380, 381, 382, 383, 385, 386, 390, 391, 393, 394, 395, 397, 398, 399, 401, 406, 407, 409, 426, 427, 429, 430, 431, 433, 438, 439, 441, 442, 443, 445, 446, 447, 449, 454, 455, 457, 458, 459, 461, 462, 463, 465, 470, 471, 473, 506, 554, 555, 557, 558, 559, 561, 566, 567, 569, 570, 571, 573, 574, 575, 577, 582, 583, 585, 586, 587, 589, 590, 591, 593, 598, 599, 601, 616, 617, 619, 620, 621, 623, 628, 629, 631, 653, 654, 656, 657, 658, 660, 665, 666, 668, 754, 755, 757, 758, 759, 761, 766, 767, 769]
x_379: [13, 179, 180, 185, 186, 187, 188, 190, 191, 192, 198, 199, 200, 202, 203, 208, 216, 217, 222, 223, 224, 225, 227, 228, 229, 235, 236, 237, 239, 240, 245, 317, 318, 323, 324, 325, 326, 328, 329, 330, 336, 337, 338, 340, 341, 346, 347, 362, 363, 364, 366, 367, 368, 374, 375, 376, 378, 380, 381, 382, 383, 384, 387, 390, 391, 392, 394, 395, 396, 398, 399, 400, 406, 407, 408, 426, 427, 428, 430, 431, 432, 438, 439, 440, 442, 443, 444, 446, 447, 448, 454, 455, 456, 458, 459, 460, 462, 463, 464, 470, 471, 472, 507, 554, 555, 556, 558, 559, 560, 566, 567, 568, 570, 571, 572, 574, 575, 576, 582, 583, 584, 586, 587, 588, 590, 591, 592, 598, 599, 600, 609, 610, 615, 616, 617, 618, 620, 621, 622, 628, 629, 630, 632, 633, 638, 646, 647, 652, 653, 654, 655, 657, 658, 659, 665, 666, 667, 669, 670, 675, 747, 748, 753, 754, 755, 756, 758, 759, 760, 766, 767, 768, 770, 771, 776]
x_380: [14, 179, 180, 185, 187, 188, 189, 191, 192, 193, 199, 200, 201, 202, 203, 208, 216, 217, 222, 224, 225, 226, 228, 229, 230, 236, 237, 238, 239, 240, 245, 317, 318, 323, 325, 326, 327, 329, 330, 331, 337, 338, 339, 340, 341, 346, 348, 363, 364, 365, 367, 368, 369, 375, 376, 377, 378, 379, 381, 383, 384, 385, 388, 391, 392, 393, 395, 396, 397, 399, 400, 401, 407, 408, 409, 427, 428, 429, 431, 432, 433, 439, 440, 441, 443, 444, 445, 447, 448, 449, 455, 456, 457, 459, 460, 461, 463, 464, 465, 471, 472, 473, 508, 555, 556, 557, 559, 560, 561, 567, 568, 569, 571, 572, 573, 575, 576, 577, 583, 584, 585, 587, 588, 589, 591, 592, 593, 599, 600, 601, 609, 610, 615, 617, 618, 619, 621, 622, 623, 629, 630, 631, 632, 633, 638, 646, 647, 652, 654, 655, 656, 658, 659, 660, 666, 667, 668, 669, 670, 675, 747, 748, 753, 755, 756, 757, 759, 760, 761, 767, 768, 769, 770, 771, 776]
x_381: [15, 179, 180, 185, 186, 188, 189, 190, 192, 193, 198, 200, 201, 202, 203, 208, 216, 217, 222, 223, 225, 226, 227, 229, 230, 235, 237, 238, 239, 240, 245, 317, 318, 323, 324, 326, 327, 328, 330, 331, 336, 338, 339, 340, 341, 346, 349, 362, 364, 365, 366, 368, 369, 374, 376, 377, 378, 379, 380, 382, 384, 385, 389, 390, 392, 393, 394, 396, 397, 398, 400, 401, 406, 408, 409, 426, 428, 429, 430, 432, 433, 438, 440, 441, 442, 444, 445, 446, 448, 449, 454, 456, 457, 458, 460, 461, 462, 464, 465, 470, 472, 473, 509, 554, 556, 557, 558, 560, 561, 566, 568, 569, 570, 572, 573, 574, 576, 577, 582, 584, 585, 586, 588, 589, 590, 592, 593, 598, 600, 601, 609, 610, 615, 616, 618, 619, 620, 622, 623, 628, 630, 631, 632, 633, 638, 646, 647, 652, 653, 655, 656, 657, 659, 660, 665, 667, 668, 669, 670, 675, 747, 748, 753, 754, 756, 757, 758, 760, 761, 766, 768, 769, 770, 771, 776]
x_382: [16, 181, 182, 184, 186, 187, 189, 190, 191, 193, 194, 195, 197, 204, 205, 207, 218, 219, 221, 223, 224, 226, 227, 228, 230, 231, 232, 234, 241, 242, 244, 319, 320, 322, 324, 325, 327, 328, 329, 331, 332, 333, 335, 342, 343, 345, 350, 362, 363, 365, 366, 367, 369, 370, 371, 373, 378, 379, 381, 383, 384, 385, 386, 387, 389, 390, 394, 395, 397, 398, 399, 401, 402, 403, 405, 426, 427, 429, 430, 431, 433, 434, 435, 437, 442, 443, 445, 446, 447, 449, 450, 451, 453, 458, 459, 461, 462, 463, 465, 466, 467, 469, 510, 554, 555, 557, 558, 559, 561, 562, 563, 565, 570, 571, 573, 574, 575, 577, 578, 579, 581, 586, 587, 589, 590, 591, 593, 594, 595, 597, 611, 612, 614, 616, 617, 619, 620, 621, 623, 624, 625, 627, 634, 635, 637, 648, 649, 651, 653, 654, 656, 657, 658, 660, 661, 662, 664, 671, 672, 674, 749, 750, 752, 754, 755, 757, 758, 759, 761, 762, 763, 765, 772, 773, 775]
x_383: [17, 179, 180, 181, 182, 183, 186, 187, 188, 190, 191, 192, 194, 195, 196, 202, 203, 204, 205, 206, 216, 217, 218, 219, 220, 223, 224, 225, 227, 228, 229, 231, 232, 233, 239, 240, 241, 242, 243, 317, 318, 319, 320, 321, 324, 325, 326, 328, 329, 330, 332, 333, 334, 340, 341, 342, 343, 344, 351, 362, 363, 364, 366, 367, 368, 370, 371, 372, 378, 379, 380, 382, 384, 385, 386, 387, 388, 391, 394, 395, 396, 398, 399, 400, 402, 403, 404, 426, 427, 428, 430, 431, 432, 434, 435, 436, 442, 443, 444, 446, 447, 448, 450, 451, 452, 458, 459, 460, 462, 463, 464, 466, 467, 468, 511, 554, 555, 556, 558, 559, 560, 562, 563, 564, 570, 571, 572, 574, 575, 576, 578, 579, 580, 586, 587, 588, 590, 591, 592, 594, 595, 596, 609, 610, 611, 612, 613, 616, 617, 618, 620, 621, 622, 624, 625, 626, 632, 633, 634, 635, 636, 646, 647, 648, 649, 650, 653, 654, 655, 657, 658, 659, 661, 662, 663, 669, 670, 671, 672, 673, 747, 748, 749, 750, 751, 754, 755, 756, 758, 759, 760, 762, 763, 764, 770, 771, 772, 773, 774]
x_384: [18, 179, 180, 182, 183, 184, 187, 188, 189, 191, 192, 193, 195, 196, 197, 202, 203, 205, 206, 207, 216, 217, 219, 220, 221, 224, 225, 226, 228, 229, 230, 232, 233, 234, 239, 240, 242, 243, 244, 317, 318, 320, 321, 322, 325, 326, 327, 329, 330, 331, 333, 334, 335, 340, 341, 343, 344, 345, 352, 363, 364, 365, 367, 368, 369, 371, 372, 373, 379, 380, 381, 382, 383, 385, 387, 388, 389, 392, 395, 396, 397, 399, 400, 401, 403, 404, 405, 427, 428, 429, 431, 432, 433, 435, 436, 437, 443, 444, 445, 447, 448, 449, 451, 452, 453, 459, 460, 461, 463, 464, 465, 467, 468, 469, 512, 555, 556, 557, 559, 560, 561, 563, 564, 565, 571, 572, 573, 575, 576, 577, 579, 580, 581, 587, 588, 589, 591, 592, 593, 595, 596, 597, 609, 610, 612, 613, 614, 617, 618, 619, 621, 622, 623, 625, 626, 627, 632, 633, 635, 636, 637, 646, 647, 649, 650, 651, 654, 655, 656, 658, 659, 660, 662, 663, 664, 669, 670, 672, 673, 674, 747, 748, 750, 751, 752, 755, 756, 757, 759, 760, 761, 763, 764, 765, 770, 771, 773, 774, 775]
x_385: [19, 179, 180, 181, 183, 184, 186, 188, 189, 190, 192, 193, 194, 196, 197, 202, 203, 204, 206, 207, 216, 217, 218, 220, 221, 223, 225, 226, 227, 229, 230, 231, 233, 234, 239, 240, 241, 243, 244, 317, 318, 319, 321, 322, 324, 326, 327, 328, 330, 331, 332, 334, 335, 340, 341, 342, 344, 345, 353, 362, 364, 365, 366, 368, 369, 370, 372, 373, 378, 380, 381, 382, 383, 384, 386, 388, 389, 393, 394, 396, 397, 398, 400, 401, 402, 404, 405, 426, 428, 429, 430, 432, 433, 434, 436, 437, 442, 444, 445, 446, 448, 449, 450, 452, 453, 458, 460, 461, 462, 464, 465, 466, 468, 469, 513, 554, 556, 557, 558, 560, 561, 562, 564, 565, 570, 572, 573, 574, 576, 577, 578, 580, 581, 586, 588, 589, 590, 592, 593, 594, 596, 597, 609, 610, 611, 613, 614, 616, 618, 619, 620, 622, 623, 624, 626, 627, 632, 633, 634, 636, 637, 646, 647, 648, 650, 651, 653, 655, 656, 657, 659, 660, 661, 663, 664, 669, 670, 671, 673, 674, 747, 748, 749, 751, 752, 754, 756, 757, 758, 760, 761, 762, 764, 765, 770, 771, 772, 774, 775]
x_386: [20, 181, 182, 184, 190, 191, 193, 194, 195, 197, 198, 199, 201, 204, 205, 207, 218, 219, 221, 227, 228, 230, 231, 232, 234, 235, 236, 238, 241, 242, 244, 319, 320, 322, 328, 329, 331, 332, 333, 335, 336, 337, 339, 342, 343, 345, 354, 366, 367, 369, 370, 371, 373, 374, 375, 377, 378, 382, 383, 385, 387, 388, 389, 390, 391, 393, 398, 399, 401, 402, 403, 405, 406, 407, 409, 430, 431, 433, 434, 435, 437, 438, 439, 441, 446, 447, 449, 450, 451, 453, 454, 455, 457, 462, 463, 465, 466, 467, 469, 470, 471, 473, 514, 558, 559, 561, 562, 563, 565, 566, 567, 569, 574, 575, 577, 578, 579, 581, 582, 583, 585, 590, 591, 593, 594, 595, 597, 598, 599, 601, 611, 612, 614, 620, 621, 623, 624, 625, 627, 628, 629, 631, 634, 635, 637, 648, 649, 651, 657, 658, 660, 661, 662, 664, 665, 666, 668, 671, 672, 674, 749, 750, 752, 758, 759, 761, 762, 763, 765, 766, 767, 769, 772, 773, 775]
x_387: [21, 180, 181, 182, 183, 185, 190, 191, 192, 194, 195, 196, 198, 199, 200, 203, 204, 205, 206, 208, 217, 218, 219, 220, 222, 227, 228, 229, 231, 232, 233, 235, 236, 237, 240, 241, 242, 243, 245, 318, 319, 320, 321, 323, 328, 329, 330, 332, 333, 334, 336, 337, 338, 341, 342, 343, 344, 346, 355, 366, 367, 368, 370, 371, 372, 374, 375, 376, 379, 382, 383, 384, 386, 388, 389, 390, 391, 392, 398, 399, 400, 402, 403, 404, 406, 407, 408, 430, 431, 432, 434, 435, 436, 438, 439, 440, 446, 447, 448, 450, 451, 452, 454, 455, 456, 462, 463, 464, 466, 467, 468, 470, 471, 472, 515, 558, 559, 560, 562, 563, 564, 566, 567, 568, 574, 575, 576, 578, 579, 580, 582, 583, 584, 590, 591, 592, 594, 595, 596, 598, 599, 600, 610, 611, 612, 613, 615, 620, 621, 622, 624, 625, 626, 628, 629, 630, 633, 634, 635, 636, 638, 647, 648, 649, 650, 652, 657, 658, 659, 661, 662, 663, 665, 666, 667, 670, 671, 672, 673, 675, 748, 749, 750, 751, 753, 758, 759, 760, 762, 763, 764, 766, 767, 768, 771, 772, 773, 774, 776]
x_388: [22, 180, 182, 183, 184, 185, 191, 192, 193, 195, 196, 197, 199, 200, 201, 203, 205, 206, 207, 208, 217, 219, 220, 221, 222, 228, 229, 230, 232, 233, 234, 236, 237, 238, 240, 242, 243, 244, 245, 318, 320, 321, 322, 323, 329, 330, 331, 333, 334, 335, 337, 338, 339, 341, 343, 344, 345, 346, 356, 367, 368, 369, 371, 372, 373, 375, 376, 377, 380, 383, 384, 385, 386, 387, 389, 391, 392, 393, 399, 400, 401, 403, 404, 405, 407, 408, 409, 431, 432, 433, 435, 436, 437, 439, 440, 441, 447, 448, 449, 451, 452, 453, 455, 456, 457, 463, 464, 465, 467, 468, 469, 471, 472, 473, 516, 559, 560, 561, 563, 564, 565, 567, 568, 569, 575, 576, 577, 579, 580, 581, 583, 584, 585, 591, 592, 593, 595, 596, 597, 599, 600, 601, 610, 612, 613, 614, 615, 621, 622, 623, 625, 626, 627, 629, 630, 631, 633, 635, 636, 637, 638, 647, 649, 650, 651, 652, 658, 659, 660, 662, 663, 664, 666, 667, 668, 670, 672, 673, 674, 675, 748, 750, 751, 752, 753, 759, 760, 761, 763, 764, 765, 767, 768, 769, 771, 773, 774, 775, 776]
x_389: [23, 180, 181, 183, 184, 185, 190, 192, 193, 194, 196, 197, 198, 200, 201, 203, 204, 206, 207, 208, 217, 218, 220, 221, 222, 227, 229, 230, 231, 233, 234, 235, 237, 238, 240, 241, 243, 244, 245, 318, 319, 321, 322, 323, 328, 330, 331, 332, 334, 335, 336, 338, 339, 341, 342, 344, 345, 346, 357, 366, 368, 369, 370, 372, 373, 374, 376, 377, 381, 382, 384, 385, 386, 387, 388, 390, 392, 393, 398, 400, 401, 402, 404, 405, 406, 408, 409, 430, 432, 433, 434, 436, 437, 438, 440, 441, 446, 448, 449, 450, 452, 453, 454, 456, 457, 462, 464, 465, 466, 468, 469, 470, 472, 473, 517, 558, 560, 561, 562, 564, 565, 566, 568, 569, 574, 576, 577, 578, 580, 581, 582, 584, 585, 590, 592, 593, 594, 596, 597, 598, 600, 601, 610, 611, 613, 614, 615, 620, 622, 623, 624, 626, 627, 628, 630, 631, 633, 634, 636, 637, 638, 647, 648, 650, 651, 652, 657, 659, 660, 661, 663, 664, 665, 667, 668, 670, 671, 673, 674, 675, 748, 749, 751, 752, 753, 758, 760, 761, 762, 764, 765, 766, 768, 769, 771, 772, 774, 775, 776]
x_390: [24, 181, 182, 184, 186, 187, 189, 194, 195, 197, 198, 199, 201, 204, 205, 207, 218, 219, 221, 223, 224, 226, 231, 232, 234, 235, 236, 238, 241, 242, 244, 319, 320, 322, 324, 325, 327, 332, 333, 335, 336, 337, 339, 342, 343, 345, 358, 362, 363, 365, 370, 371, 373, 374, 375, 377, 378, 379, 381, 382, 386, 387, 389, 391, 392, 393, 394, 395, 397, 402, 403, 405, 406, 407, 409, 426, 427, 429, 434, 435, 437, 438, 439, 441, 442, 443, 445, 450, 451, 453, 454, 455, 457, 458, 459, 461, 466, 467, 469, 470, 471, 473, 518, 554, 555, 557, 562, 563, 565, 566, 567, 569, 570, 571, 573, 578, 579, 581, 582, 583, 585, 586, 587, 589, 594, 595, 597, 598, 599, 601, 611, 612, 614, 616, 617, 619, 624, 625, 627, 628, 629, 631, 634, 635, 637, 648, 649, 651, 653, 654, 656, 661, 662, 664, 665, 666, 668, 671, 672, 674, 749, 750, 752, 754, 755, 757, 762, 763, 765, 766, 767, 769, 772, 773, 775]
x_391: [25, 179, 181, 182, 183, 185, 186, 187, 188, 194, 195, 196, 198, 199, 200, 202, 204, 205, 206, 208, 216, 218, 219, 220, 222, 223, 224, 225, 231, 232, 233, 235, 236, 237, 239, 241, 242, 243, 245, 317, 319, 320, 321, 323, 324, 325, 326, 332, 333, 334, 336, 337, 338, 340, 342, 343, 344, 346, 359, 362, 363, 364, 370, 371, 372, 374, 375, 376, 378, 379, 380, 383, 386, 387, 388, 390, 392, 393, 394, 395, 396, 402, 403, 404, 406, 407, 408, 426, 427, 428, 434, 435, 436, 438, 439, 440, 442, 443, 444, 450, 451, 452, 454, 455, 456, 458, 459, 460, 466, 467, 468, 470, 471, 472, 519, 554, 555, 556, 562, 563, 564, 566, 567, 568, 570, 571, 572, 578, 579, 580, 582, 583, 584, 586, 587, 588, 594, 595, 596, 598, 599, 600, 609, 611, 612, 613, 615, 616, 617, 618, 624, 625, 626, 628, 629, 630, 632, 634, 635, 636, 638, 646, 648, 649, 650, 652, 653, 654, 655, 661, 662, 663, 665, 666, 667, 669, 671, 672, 673, 675, 747, 749, 750, 751, 753, 754, 755, 756, 762, 763, 764, 766, 767, 768, 770, 772, 773, 774, 776]
x_392: [26, 179, 182, 183, 184, 185, 187, 188, 189, 195, 196, 197, 199, 200, 201, 202, 205, 206, 207, 208, 216, 219, 220, 221, 222, 224, 225, 226, 232, 233, 234, 236, 237, 238, 239, 242, 243, 244, 245, 317, 320, 321, 322, 323, 325, 326, 327, 333, 334, 335, 337, 338, 339, 340, 343, 344, 345, 346, 360, 363, 364, 365, 371, 372, 373, 375, 376, 377, 379, 380, 381, 384, 387, 388, 389, 390, 391, 393, 395, 396, 397, 403, 404, 405, 407, 408, 409, 427, 428, 429, 435, 436, 437, 439, 440, 441, 443, 444, 445, 451, 452, 453, 455, 456, 457, 459, 460, 461, 467, 468, 469, 471, 472, 473, 520, 555, 556, 557, 563, 564, 565, 567, 568, 569, 571, 572, 573, 579, 580, 581, 583, 584, 585, 587, 588, 589, 595, 596, 597, 599, 600, 601, 609, 612, 613, 614, 615, 617, 618, 619, 625, 626, 627, 629, 630, 631, 632, 635, 636, 637, 638, 646, 649, 650, 651, 652, 654, 655, 656, 662, 663, 664, 666, 667, 668, 669, 672, 673, 674, 675, 747, 750, 751, 752, 753, 755, 756, 757, 763, 764, 765, 767, 768, 769, 770, 773, 774, 775, 776]
x_393: [27, 179, 181, 183, 184, 185, 186, 188, 189, 194, 196, 197, 198, 200, 201, 202, 204, 206, 207, 208, 216, 218, 220, 221, 222, 223, 225, 226, 231, 233, 234, 235, 237, 238, 239, 241, 243, 244, 245, 317, 319, 321, 322, 323, 324, 326, 327, 332, 334, 335, 336, 338, 339, 340, 342, 344, 345, 346, 361, 362, 364, 365, 370, 372, 373, 374, 376, 377, 378, 380, 381, 385, 386, 388, 389, 390, 391, 392, 394, 396, 397, 402, 404, 405, 406, 408, 409, 426, 428, 429, 434, 436, 437, 438, 440, 441, 442, 444, 445, 450, 452, 453, 454, 456, 457, 458, 460, 461, 466, 468, 469, 470, 472, 473, 521, 554, 556, 557, 562, 564, 565, 566, 568, 569, 570, 572, 573, 578, 580, 581, 582, 584, 585, 586, 588, 589, 594, 596, 597, 598, 600, 601, 609, 611, 613, 614, 615, 616, 618, 619, 624, 626, 627, 628, 630, 631, 632, 634, 636, 637, 638, 646, 648, 650, 651, 652, 653, 655, 656, 661, 663, 664, 665, 667, 668, 669, 671, 673, 674, 675, 747, 749, 751, 752, 753, 754, 756, 757, 762, 764, 765, 766, 768, 769, 770, 772, 774, 775, 776]
x_394: [186, 187, 189, 190, 191, 193, 198, 199, 201, 223, 224, 226, 227, 228, 230, 235, 236, 238, 324, 325, 327, 328, 329, 331, 336, 337, 339, 347, 349, 350, 351, 353, 358, 359, 361, 362, 378, 379, 381, 382, 383, 385, 390, 391, 393, 395, 396, 397, 398, 399, 401, 402, 406, 407, 409, 410, 411, 413, 414, 415, 417, 422, 423, 425, 442, 443, 445, 446, 447, 449, 454, 455, 457, 458, 459, 461, 462, 463, 465, 470, 471, 473, 522, 538, 539, 541, 542, 543, 545, 550, 551, 553, 570, 571, 573, 574, 575, 577, 582, 583, 585, 586, 587, 589, 590, 591, 593, 598, 599, 601, 616, 617, 619, 620, 621, 623, 628, 629, 631, 653, 654, 656, 657, 658, 660, 665, 666, 668, 754, 755, 757, 758, 759, 761, 766, 767, 769]
x_395: [172, 173, 178, 186, 187, 188, 190, 191, 192, 198, 199, 200, 202, 203, 208, 209, 210, 215, 223, 224, 225, 227, 228, 229, 235, 236, 237, 239, 240, 245, 310, 311, 316, 324, 325, 326, 328, 329, 330, 336, 337, 338, 340, 341, 346, 347, 348, 350, 351, 352, 358, 359, 360, 363, 378, 379, 380, 382, 383, 384, 390, 391, 392, 394, 396, 397, 398, 399, 400, 403, 406, 407, 408, 410, 411, 412, 414, 415, 416, 422, 423, 424, 442, 443, 444, 446, 447, 448, 454, 455, 456, 458, 459, 460, 462, 463, 464, 470, 471, 472, 523, 538, 539, 540, 542, 543, 544, 550, 551, 552, 570, 571, 572, 574, 575, 576, 582, 583, 584, 586, 587, 588, 590, 591, 592, 598, 599, 600, 602, 603, 608, 616, 617, 618, 620, 621, 622, 628, 629, 630, 632, 633, 638, 639, 640, 645, 653, 654, 655, 657, 658, 659, 665, 666, 667, 669, 670, 675, 740, 741, 746, 754, 755, 756, 758, 759, 760, 766, 767, 768, 770, 771, 776]
x_396: [28, 172, 173, 178, 187, 188, 189, 191, 192, 193, 199, 200, 201, 202, 203, 208, 209, 210, 215, 224, 225, 226, 228, 229, 230, 236, 237, 238, 239, 240, 245, 310, 311, 316, 325, 326, 327, 329, 330, 331, 337, 338, 339, 340, 341, 346, 347, 348, 349, 351, 352, 353, 359, 360, 361, 364, 379, 380, 381, 383, 384, 385, 391, 392, 393, 394, 395, 397, 399, 400, 401, 404, 407, 408, 409, 411, 412, 413, 415, 416, 417, 423, 424, 425, 443, 444, 445, 447, 448, 449, 455, 456, 457, 459, 460, 461, 463, 464, 465, 471, 472, 473, 524, 539, 540, 541, 543, 544, 545, 551, 552, 553, 571, 572, 573, 575, 576, 577, 583, 584, 585, 587, 588, 589, 591, 592, 593, 599, 600, 601, 602, 603, 608, 617, 618, 619, 621, 622, 623, 629, 630, 631, 632, 633, 638, 639, 640, 645, 654, 655, 656, 658, 659, 660, 666, 667, 668, 669, 670, 675, 740, 741, 746, 755, 756, 757, 759, 760, 761, 767, 768, 769, 770, 771, 776]
x_397: [172, 173, 178, 186, 188, 189, 190, 192, 193, 198, 200, 201, 202, 203, 208, 209, 210, 215, 223, 225, 226, 227, 229, 230, 235, 237, 238, 239, 240, 245, 310, 311, 316, 324, 326, 327, 328, 330, 331, 336, 338, 339, 340, 341, 346, 348, 349, 350, 352, 353, 358, 360, 361, 365, 378, 380, 381, 382, 384, 385, 390, 392, 393, 394, 395, 396, 398, 400, 401, 405, 406, 408, 409, 410, 412, 413, 414, 416, 417, 422, 424, 425, 442, 444, 445, 446, 448, 449, 454, 456, 457, 458, 460, 461, 462, 464, 465, 470, 472, 473, 525, 538, 540, 541, 542, 544, 545, 550, 552, 553, 570, 572, 573, 574, 576, 577, 582, 584, 585, 586, 588, 589, 590, 592, 593, 598, 600, 601, 602, 603, 608, 616, 618, 619, 620, 622, 623, 628, 630, 631, 632, 633, 638, 639, 640, 645, 653, 655, 656, 657, 659, 660, 665, 667, 668, 669, 670, 675, 740, 741, 746, 754, 756, 757, 758, 760, 761, 766, 768, 769, 770, 771, 776]
x_398: [174, 175, 177, 186, 187, 189, 190, 191, 193, 194, 195, 197, 204, 205, 207, 211, 212, 214, 223, 224, 226, 227, 228, 230, 231, 232, 234, 241, 242, 244, 312, 313, 315, 324, 325, 327, 328, 329, 331, 332, 333, 335, 342, 343, 345, 347, 349, 350, 351, 353, 354, 355, 357, 366, 378, 379, 381, 382, 383, 385, 386, 387, 389, 394, 395, 397, 399, 400, 401, 402, 403, 405, 406, 410, 411, 413, 414, 415, 417, 418, 419, 421, 442, 443, 445, 446, 447, 449, 450, 451, 453, 458, 459, 461, 462, 463, 465, 466, 467, 469, 526, 538, 539, 541, 542, 543, 545, 546, 547, 549, 570, 571, 573, 574, 575, 577, 578, 579, 581, 586, 587, 589, 590, 591, 593, 594, 595, 597, 604, 605, 607, 616, 617, 619, 620, 621, 623, 624, 625, 627, 634, 635, 637, 641, 642, 644, 653, 654, 656, 657, 658, 660, 661, 662, 664, 671, 672, 674, 742, 743, 745, 754, 755, 757, 758, 759, 761, 762, 763, 765, 772, 773, 775]
x_399: [172, 173, 174, 175, 176, 186, 187, 188, 190, 191, 192, 194, 195, 196, 202, 203, 204, 205, 206, 209, 210, 211, 212, 213, 223, 224, 225, 227, 228, 229, 231, 232, 233, 239, 240, 241, 242, 243, 310, 311, 312, 313, 314, 324, 325, 326, 328, 329, 330, 332, 333, 334, 340, 341, 342, 343, 344, 347, 348, 350, 351, 352, 354, 355, 356, 367, 378, 379, 380, 382, 383, 384, 386, 387, 388, 394, 395, 396, 398, 400, 401, 402, 403, 404, 407, 410, 411, 412, 414, 415, 416, 418, 419, 420, 442, 443, 444, 446, 447, 448, 450, 451, 452, 458, 459, 460, 462, 463, 464, 466, 467, 468, 527, 538, 539, 540, 542, 543, 544, 546, 547, 548, 570, 571, 572, 574, 575, 576, 578, 579, 580, 586, 587, 588, 590, 591, 592, 594, 595, 596, 602, 603, 604, 605, 606, 616, 617, 618, 620, 621, 622, 624, 625, 626, 632, 633, 634, 635, 636, 639, 640, 641, 642, 643, 653, 654, 655, 657, 658, 659, 661, 662, 663, 669, 670, 671, 672, 673, 740, 741, 742, 743, 744, 754, 755, 756, 758, 759, 760, 762, 763, 764, 770, 771, 772, 773, 774]
x_400: [29, 172, 173, 175, 176, 177, 187, 188, 189, 191, 192, 193, 195, 196, 197, 202, 203, 205, 206, 207, 209, 210, 212, 213, 214, 224, 225, 226, 228, 229, 230, 232, 233, 234, 239, 240, 242, 243, 244, 310, 311, 313, 314, 315, 325, 326, 327, 329, 330, 331, 333, 334, 335, 340, 341, 343, 344, 345, 347, 348, 349, 351, 352, 353, 355, 356, 357, 368, 379, 380, 381, 383, 384, 385, 387, 388, 389, 395, 396, 397, 398, 399, 401, 403, 404, 405, 408, 411, 412, 413, 415, 416, 417, 419, 420, 421, 443, 444, 445, 447, 448, 449, 451, 452, 453, 459, 460, 461, 463, 464, 465, 467, 468, 469, 528, 539, 540, 541, 543, 544, 545, 547, 548, 549, 571, 572, 573, 575, 576, 577, 579, 580, 581, 587, 588, 589, 591, 592, 593, 595, 596, 597, 602, 603, 605, 606, 607, 617, 618, 619, 621, 622, 623, 625, 626, 627, 632, 633, 635, 636, 637, 639, 640, 642, 643, 644, 654, 655, 656, 658, 659, 660, 662, 663, 664, 669, 670, 672, 673, 674, 740, 741, 743, 744, 745, 755, 756, 757, 759, 760, 761, 763, 764, 765, 770, 771, 773, 774, 775]
x_401: [172, 173, 174, 176, 177, 186, 188, 189, 190, 192, 193, 194, 196, 197, 202, 203, 204, 206, 207, 209, 210, 211, 213, 214, 223, 225, 226, 227, 229, 230, 231, 233, 234, 239, 240, 241, 243, 244, 310, 311, 312, 314, 315, 324, 326, 327, 328, 330, 331, 332, 334, 335, 340, 341, 342, 344, 345, 348, 349, 350, 352, 353, 354, 356, 357, 369, 378, 380, 381, 382, 384, 385, 386, 388, 389, 394, 396, 397, 398, 399, 400, 402, 404, 405, 409, 410, 412, 413, 414, 416, 417, 418, 420, 421, 442, 444, 445, 446, 448, 449, 450, 452, 453, 458, 460, 461, 462, 464, 465, 466, 468, 469, 529, 538, 540, 541, 542, 544, 545, 546, 548, 549, 570, 572, 573, 574, 576, 577, 578, 580, 581, 586, 588, 589, 590, 592, 593, 594, 596, 597, 602, 603, 604, 606, 607, 616, 618, 619, 620, 622, 623, 624, 626, 627, 632, 633, 634, 636, 637, 639, 640, 641, 643, 644, 653, 655, 656, 657, 659, 660, 661, 663, 664, 669, 670, 671, 673, 674, 740, 741, 742, 744, 745, 754, 756, 757, 758, 760, 761, 762, 764, 765, 770, 771, 772, 774, 775]
x_402: [30, 174, 175, 177, 190, 191, 193, 194, 195, 197, 198, 199, 201, 204, 205, 207, 211, 212, 214, 227, 228, 230, 231, 232, 234, 235, 236, 238, 241, 242, 244, 312, 313, 315, 328, 329, 331, 332, 333, 335, 336, 337, 339, 342, 343, 345, 350, 351, 353, 354, 355, 357, 358, 359, 361, 370, 382, 383, 385, 386, 387, 389, 390, 391, 393, 394, 398, 399, 401, 403, 404, 405, 406, 407, 409, 414, 415, 417, 418, 419, 421, 422, 423, 425, 446, 447, 449, 450, 451, 453, 454, 455, 457, 462, 463, 465, 466, 467, 469, 470, 471, 473, 530, 542, 543, 545, 546, 547, 549, 550, 551, 553, 574, 575, 577, 578, 579, 581, 582, 583, 585, 590, 591, 593, 594, 595, 597, 598, 599, 601, 604, 605, 607, 620, 621, 623, 624, 625, 627, 628, 629, 631, 634, 635, 637, 641, 642, 644, 657, 658, 660, 661, 662, 664, 665, 666, 668, 671, 672, 674, 742, 743, 745, 758, 759, 761, 762, 763, 765, 766, 767, 769, 772, 773, 775]
x_403: [31, 173, 174, 175, 176, 178, 190, 191, 192, 194, 195, 196, 198, 199, 200, 203, 204, 205, 206, 208, 210, 211, 212, 213, 215, 227, 228, 229, 231, 232, 233, 235, 236, 237, 240, 241, 242, 243, 245, 311, 312, 313, 314, 316, 328, 329, 330, 332, 333, 334, 336, 337, 338, 341, 342, 343, 344, 346, 350, 351, 352, 354, 355, 356, 358, 359, 360, 371, 382, 383, 384, 386, 387, 388, 390, 391, 392, 395, 398, 399, 400, 402, 404, 405, 406, 407, 408, 414, 415, 416, 418, 419, 420, 422, 423, 424, 446, 447, 448, 450, 451, 452, 454, 455, 456, 462, 463, 464, 466, 467, 468, 470, 471, 472, 531, 542, 543, 544, 546, 547, 548, 550, 551, 552, 574, 575, 576, 578, 579, 580, 582, 583, 584, 590, 591, 592, 594, 595, 596, 598, 599, 600, 603, 604, 605, 606, 608, 620, 621, 622, 624, 625, 626, 628, 629, 630, 633, 634, 635, 636, 638, 640, 641, 642, 643, 645, 657, 658, 659, 661, 662, 663, 665, 666, 667, 670, 671, 672, 673, 675, 741, 742, 743, 744, 746, 758, 759, 760, 762, 763, 764, 766, 767, 768, 771, 772, 773, 774, 776]
x_404: [32, 173, 175, 176, 177, 178, 191, 192, 193, 195, 196, 197, 199, 200, 201, 203, 205, 206, 207, 208, 210, 212, 213, 214, 215, 228, 229, 230, 232, 233, 234, 236, 237, 238, 240, 242, 243, 244, 245, 311, 313, 314, 315, 316, 329, 330, 331, 333, 334, 335, 337, 338, 339, 341, 343, 344, 345, 346, 351, 352, 353, 355, 356, 357, 359, 360, 361, 372, 383, 384, 385, 387, 388, 389, 391, 392, 393, 396, 399, 400, 401, 402, 403, 405, 407, 408, 409, 415, 416, 417, 419, 420, 421, 423, 424, 425, 447, 448, 449, 451, 452, 453, 455, 456, 457, 463, 464, 465, 467, 468, 469, 471, 472, 473, 532, 543, 544, 545, 547, 548, 549, 551, 552, 553, 575, 576, 577, 579, 580, 581, 583, 584, 585, 591, 592, 593, 595, 596, 597, 599, 600, 601, 603, 605, 606, 607, 608, 621, 622, 623, 625, 626, 627, 629, 630, 631, 633, 635, 636, 637, 638, 640, 642, 643, 644, 645, 658, 659, 660, 662, 663, 664, 666, 667, 668, 670, 672, 673, 674, 675, 741, 743, 744, 745, 746, 759, 760, 761, 763, 764, 765, 767, 768, 769, 771, 773, 774, 775, 776]
x_405: [33, 173, 174, 176, 177, 178, 190, 192, 193, 194, 196, 197, 198, 200, 201, 203, 204, 206, 207, 208, 210, 211, 213, 214, 215, 227, 229, 230, 231, 233, 234, 235, 237, 238, 240, 241, 243, 244, 245, 311, 312, 314, 315, 316, 328, 330, 331, 332, 334, 335, 336, 338, 339, 341, 342, 344, 345, 346, 350, 352, 353, 354, 356, 357, 358, 360, 361, 373, 382, 384, 385, 386, 388, 389, 390, 392, 393, 397, 398, 400, 401, 402, 403, 404, 406, 408, 409, 414, 416, 417, 418, 420, 421, 422, 424, 425, 446, 448, 449, 450, 452, 453, 454, 456, 457, 462, 464, 465, 466, 468, 469, 470, 472, 473, 533, 542, 544, 545, 546, 548, 549, 550, 552, 553, 574, 576, 577, 578, 580, 581, 582, 584, 585, 590, 592, 593, 594, 596, 597, 598, 600, 601, 603, 604, 606, 607, 608, 620, 622, 623, 624, 626, 627, 628, 630, 631, 633, 634, 636, 637, 638, 640, 641, 643, 644, 645, 657, 659, 660, 661, 663, 664, 665, 667, 668, 670, 671, 673, 674, 675, 741, 742, 744, 745, 746, 758, 760, 761, 762, 764, 765, 766, 768, 769, 771, 772, 774, 775, 776]
x_406: [174, 175, 177, 186, 187, 189, 194, 195, 197, 198, 199, 201, 204, 205, 207, 211, 212, 214, 223, 224, 226, 231, 232, 234, 235, 236, 238, 241, 242, 244, 312, 313, 315, 324, 325, 327, 332, 333, 335, 336, 337, 339, 342, 343, 345, 347, 349, 354, 355, 357, 358, 359, 361, 374, 378, 379, 381, 386, 387, 389, 390, 391, 393, 394, 395, 397, 398, 402, 403, 405, 407, 408, 409, 410, 411, 413, 418, 419, 421, 422, 423, 425, 442, 443, 445, 450, 451, 453, 454, 455, 457, 458, 459, 461, 466, 467, 469, 470, 471, 473, 534, 538, 539, 541, 546, 547, 549, 550, 551, 553, 570, 571, 573, 578, 579, 581, 582, 583, 585, 586, 587, 589, 594, 595, 597, 598, 599, 601, 604, 605, 607, 616, 617, 619, 624, 625, 627, 628, 629, 631, 634, 635, 637, 641, 642, 644, 653, 654, 656, 661, 662, 664, 665, 666, 668, 671, 672, 674, 742, 743, 745, 754, 755, 757, 762, 763, 765, 766, 767, 769, 772, 773, 775]
x_407: [172, 174, 175, 176, 178, 186, 187, 188, 194, 195, 196, 198, 199, 200, 202, 204, 205, 206, 208, 209, 211, 212, 213, 215, 223, 224, 225, 231, 232, 233, 235, 236, 237, 239, 241, 242, 243, 245, 310, 312, 313, 314, 316, 324, 325, 326, 332, 333, 334, 336, 337, 338, 340, 342, 343, 344, 346, 347, 348, 354, 355, 356, 358, 359, 360, 375, 378, 379, 380, 386, 387, 388, 390, 391, 392, 394, 395, 396, 399, 402, 403, 404, 406, 408, 409, 410, 411, 412, 418, 419, 420, 422, 423, 424, 442, 443, 444, 450, 451, 452, 454, 455, 456, 458, 459, 460, 466, 467, 468, 470, 471, 472, 535, 538, 539, 540, 546, 547, 548, 550, 551, 552, 570, 571, 572, 578, 579, 580, 582, 583, 584, 586, 587, 588, 594, 595, 596, 598, 599, 600, 602, 604, 605, 606, 608, 616, 617, 618, 624, 625, 626, 628, 629, 630, 632, 634, 635, 636, 638, 639, 641, 642, 643, 645, 653, 654, 655, 661, 662, 663, 665, 666, 667, 669, 671, 672, 673, 675, 740, 742, 743, 744, 746, 754, 755, 756, 762, 763, 764, 766, 767, 768, 770, 772, 773, 774, 776]
x_408: [34, 172, 175, 176, 177, 178, 187, 188, 189, 195, 196, 197, 199, 200, 201, 202, 205, 206, 207, 208, 209, 212, 213, 214, 215, 224, 225, 226, 232, 233, 234, 236, 237, 238, 239, 242, 243, 244, 245, 310, 313, 314, 315, 316, 325, 326, 327, 333, 334, 335, 337, 338, 339, 340, 343, 344, 345, 346, 347, 348, 349, 355, 356, 357, 359, 360, 361, 376, 379, 380, 381, 387, 388, 389, 391, 392, 393, 395, 396, 397, 400, 403, 404, 405, 406, 407, 409, 411, 412, 413, 419, 420, 421, 423, 424, 425, 443, 444, 445, 451, 452, 453, 455, 456, 457, 459, 460, 461, 467, 468, 469, 471, 472, 473, 536, 539, 540, 541, 547, 548, 549, 551, 552, 553, 571, 572, 573, 579, 580, 581, 583, 584, 585, 587, 588, 589, 595, 596, 597, 599, 600, 601, 602, 605, 606, 607, 608, 617, 618, 619, 625, 626, 627, 629, 630, 631, 632, 635, 636, 637, 638, 639, 642, 643, 644, 645, 654, 655, 656, 662, 663, 664, 666, 667, 668, 669, 672, 673, 674, 675, 740, 743, 744, 745, 746, 755, 756, 757, 763, 764, 765, 767, 768, 769, 770, 773, 774, 775, 776]
x_409: [172, 174, 176, 177, 178, 186, 188, 189, 194, 196, 197, 198, 200, 201, 202, 204, 206, 207, 208, 209, 211, 213, 214, 215, 223, 225, 226, 231, 233, 234, 235, 237, 238, 239, 241, 243, 244, 245, 310, 312, 314, 315, 316, 324, 326, 327, 332, 334, 335, 336, 338, 339, 340, 342, 344, 345, 346, 348, 349, 354, 356, 357, 358, 360, 361, 377, 378, 380, 381, 386, 388, 389, 390, 392, 393, 394, 396, 397, 401, 402, 404, 405, 406, 407, 408, 410, 412, 413, 418, 420, 421, 422, 424, 425, 442, 444, 445, 450, 452, 453, 454, 456, 457, 458, 460, 461, 466, 468, 469, 470, 472, 473, 537, 538, 540, 541, 546, 548, 549, 550, 552, 553, 570, 572, 573, 578, 580, 581, 582, 584, 585, 586, 588, 589, 594, 596, 597, 598, 600, 601, 602, 604, 606, 607, 608, 616, 618, 619, 624, 626, 627, 628, 630, 631, 632, 634, 636, 637, 638, 639, 641, 643, 644, 645, 653, 655, 656, 661, 663, 664, 665, 667, 668, 669, 671, 673, 674, 675, 740, 742, 744, 745, 746, 754, 756, 757, 762, 764, 765, 766, 768, 769, 770, 772, 774, 775, 776]
x_410: [246, 247, 249, 250, 251, 253, 258, 259, 261, 262, 263, 265, 266, 267, 269, 274, 275, 277, 294, 295, 297, 298, 299, 301, 306, 307, 309, 347, 349, 350, 351, 353, 358, 359, 361, 362, 363, 365, 366, 367, 369, 374, 375, 377, 394, 395, 397, 398, 399, 401, 406, 407, 409, 411, 412, 413, 414, 415, 417, 418, 422, 423, 425, 426, 427, 429, 430, 431, 433, 438, 439, 441, 442, 458, 459, 461, 462, 463, 465, 470, 471, 473, 474, 475, 477, 478, 479, 481, 486, 487, 489, 490, 491, 493, 494, 495, 497, 502, 503, 505, 522, 523, 525, 526, 527, 529, 534, 535, 537, 538, 676, 677, 679, 680, 681, 683, 688, 689, 691, 692, 693, 695, 696, 697, 699, 704, 705, 707, 724, 725, 727, 728, 729, 731, 736, 737, 739]
x_411: [172, 173, 178, 179, 180, 185, 202, 203, 208, 209, 210, 215, 216, 217, 222, 239, 240, 245, 246, 247, 248, 250, 251, 252, 258, 259, 260, 262, 263, 264, 266, 267, 268, 274, 275, 276, 294, 295, 296, 298, 299, 300, 306, 307, 308, 347, 348, 350, 351, 352, 358, 359, 360, 362, 363, 364, 366, 367, 368, 374, 375, 376, 394, 395, 396, 398, 399, 400, 406, 407, 408, 410, 412, 413, 414, 415, 416, 419, 422, 423, 424, 426, 427, 428, 430, 431, 432, 438, 439, 440, 443, 458, 459, 460, 462, 463, 464, 470, 471, 472, 474, 475, 476, 478, 479, 480, 486, 487, 488, 490, 491, 492, 494, 495, 496, 502, 503, 504, 522, 523, 524, 526, 527, 528, 534, 535, 536, 539, 602, 603, 608, 609, 610, 615, 632, 633, 638, 639, 640, 645, 646, 647, 652, 669, 670, 675, 676, 677, 678, 680, 681, 682, 688, 689, 690, 692, 693, 694, 696, 697, 698, 704, 705, 706, 724, 725, 726, 728, 729, 730, 736, 737, 738]
x_412: [35, 172, 173, 178, 179, 180, 185, 202, 203, 208, 209, 210, 215, 216, 217, 222, 239, 240, 245, 247, 248, 249, 251, 252, 253, 259, 260, 261, 263, 264, 265, 267, 268, 269, 275, 276, 277, 295, 296, 297, 299, 300, 301, 307, 308, 309, 347, 348, 349, 351, 352, 353, 359, 360, 361, 363, 364, 365, 367, 368, 369, 375, 376, 377, 395, 396, 397, 399, 400, 401, 407, 408, 409, 410, 411, 413, 415, 416, 417, 420, 423, 424, 425, 427, 428, 429, 431, 432, 433, 439, 440, 441, 444, 459, 460, 461, 463, 464, 465, 471, 472, 473, 475, 476, 477, 479, 480, 481, 487, 488, 489, 491, 492, 493, 495, 496, 497, 503, 504, 505, 523, 524, 525, 527, 528, 529, 535, 536, 537, 540, 602, 603, 608, 609, 610, 615, 632, 633, 638, 639, 640, 645, 646, 647, 652, 669, 670, 675, 677, 678, 679, 681, 682, 683, 689, 690, 691, 693, 694, 695, 697, 698, 699, 705, 706, 707, 725, 726, 727, 729, 730, 731, 737, 738, 739]
x_413: [172, 173, 178, 179, 180, 185, 202, 203, 208, 209, 210, 215, 216, 217, 222, 239, 240, 245, 246, 248, 249, 250, 252, 253, 258, 260, 261, 262, 264, 265, 266, 268, 269, 274, 276, 277, 294, 296, 297, 298, 300, 301, 306, 308, 309, 348, 349, 350, 352, 353, 358, 360, 361, 362, 364, 365, 366, 368, 369, 374, 376, 377, 394, 396, 397, 398, 400, 401, 406, 408, 409, 410, 411, 412, 414, 416, 417, 421, 422, 424, 425, 426, 428, 429, 430, 432, 433, 438, 440, 441, 445, 458, 460, 461, 462, 464, 465, 470, 472, 473, 474, 476, 477, 478, 480, 481, 486, 488, 489, 490, 492, 493, 494, 496, 497, 502, 504, 505, 522, 524, 525, 526, 528, 529, 534, 536, 537, 541, 602, 603, 608, 609, 610, 615, 632, 633, 638, 639, 640, 645, 646, 647, 652, 669, 670, 675, 676, 678, 679, 680, 682, 683, 688, 690, 691, 692, 694, 695, 696, 698, 699, 704, 706, 707, 724, 726, 727, 728, 730, 731, 736, 738, 739]
x_414: [174, 175, 177, 181, 182, 184, 204, 205, 207, 211, 212, 214, 218, 219, 221, 241, 242, 244, 246, 247, 249, 250, 251, 253, 254, 255, 257, 262, 263, 265, 266, 267, 269, 270, 271, 273, 294, 295, 297, 298, 299, 301, 302, 303, 305, 347, 349, 350, 351, 353, 354, 355, 357, 362, 363, 365, 366, 367, 369, 370, 371, 373, 394, 395, 397, 398, 399, 401, 402, 403, 405, 410, 411, 413, 415, 416, 417, 418, 419, 421, 422, 426, 427, 429, 430, 431, 433, 434, 435, 437, 446, 458, 459, 461, 462, 463, 465, 466, 467, 469, 474, 475, 477, 478, 479, 481, 482, 483, 485, 490, 491, 493, 494, 495, 497, 498, 499, 501, 522, 523, 525, 526, 527, 529, 530, 531, 533, 542, 604, 605, 607, 611, 612, 614, 634, 635, 637, 641, 642, 644, 648, 649, 651, 671, 672, 674, 676, 677, 679, 680, 681, 683, 684, 685, 687, 692, 693, 695, 696, 697, 699, 700, 701, 703, 724, 725, 727, 728, 729, 731, 732, 733, 735]
x_415: [172, 173, 174, 175, 176, 179, 180, 181, 182, 183, 202, 203, 204, 205, 206, 209, 210, 211, 212, 213, 216, 217, 218, 219, 220, 239, 240, 241, 242, 243, 246, 247, 248, 250, 251, 252, 254, 255, 256, 262, 263, 264, 266, 267, 268, 270, 271, 272, 294, 295, 296, 298, 299, 300, 302, 303, 304, 347, 348, 350, 351, 352, 354, 355, 356, 362, 363, 364, 366, 367, 368, 370, 371, 372, 394, 395, 396, 398, 399, 400, 402, 403, 404, 410, 411, 412, 414, 416, 417, 418, 419, 420, 423, 426, 427, 428, 430, 431, 432, 434, 435, 436, 447, 458, 459, 460, 462, 463, 464, 466, 467, 468, 474, 475, 476, 478, 479, 480, 482, 483, 484, 490, 491, 492, 494, 495, 496, 498, 499, 500, 522, 523, 524, 526, 527, 528, 530, 531, 532, 543, 602, 603, 604, 605, 606, 609, 610, 611, 612, 613, 632, 633, 634, 635, 636, 639, 640, 641, 642, 643, 646, 647, 648, 649, 650, 669, 670, 671, 672, 673, 676, 677, 678, 680, 681, 682, 684, 685, 686, 692, 693, 694, 696, 697, 698, 700, 701, 702, 724, 725, 726, 728, 729, 730, 732, 733, 734]
x_416: [36, 172, 173, 175, 176, 177, 179, 180, 182, 183, 184, 202, 203, 205, 206, 207, 209, 210, 212, 213, 214, 216, 217, 219, 220, 221, 239, 240, 242, 243, 244, 247, 248, 249, 251, 252, 253, 255, 256, 257, 263, 264, 265, 267, 268, 269, 271, 272, 273, 295, 296, 297, 299, 300, 301, 303, 304, 305, 347, 348, 349, 351, 352, 353, 355, 356, 357, 363, 364, 365, 367, 368, 369, 371, 372, 373, 395, 396, 397, 399, 400, 401, 403, 404, 405, 411, 412, 413, 414, 415, 417, 419, 420, 421, 424, 427, 428, 429, 431, 432, 433, 435, 436, 437, 448, 459, 460, 461, 463, 464, 465, 467, 468, 469, 475, 476, 477, 479, 480, 481, 483, 484, 485, 491, 492, 493, 495, 496, 497, 499, 500, 501, 523, 524, 525, 527, 528, 529, 531, 532, 533, 544, 602, 603, 605, 606, 607, 609, 610, 612, 613, 614, 632, 633, 635, 636, 637, 639, 640, 642, 643, 644, 646, 647, 649, 650, 651, 669, 670, 672, 673, 674, 677, 678, 679, 681, 682, 683, 685, 686, 687, 693, 694, 695, 697, 698, 699, 701, 702, 703, 725, 726, 727, 729, 730, 731, 733, 734, 735]
x_417: [172, 173, 174, 176, 177, 179, 180, 181, 183, 184, 202, 203, 204, 206, 207, 209, 210, 211, 213, 214, 216, 217, 218, 220, 221, 239, 240, 241, 243, 244, 246, 248, 249, 250, 252, 253, 254, 256, 257, 262, 264, 265, 266, 268, 269, 270, 272, 273, 294, 296, 297, 298, 300, 301, 302, 304, 305, 348, 349, 350, 352, 353, 354, 356, 357, 362, 364, 365, 366, 368, 369, 370, 372, 373, 394, 396, 397, 398, 400, 401, 402, 404, 405, 410, 412, 413, 414, 415, 416, 418, 420, 421, 425, 426, 428, 429, 430, 432, 433, 434, 436, 437, 449, 458, 460, 461, 462, 464, 465, 466, 468, 469, 474, 476, 477, 478, 480, 481, 482, 484, 485, 490, 492, 493, 494, 496, 497, 498, 500, 501, 522, 524, 525, 526, 528, 529, 530, 532, 533, 545, 602, 603, 604, 606, 607, 609, 610, 611, 613, 614, 632, 633, 634, 636, 637, 639, 640, 641, 643, 644, 646, 647, 648, 650, 651, 669, 670, 671, 673, 674, 676, 678, 679, 680, 682, 683, 684, 686, 687, 692, 694, 695, 696, 698, 699, 700, 702, 703, 724, 726, 727, 728, 730, 731, 732, 734, 735]
x_418: [37, 174, 175, 177, 181, 182, 184, 204, 205, 207, 211, 212, 214, 218, 219, 221, 241, 242, 244, 250, 251, 253, 254, 255, 257, 258, 259, 261, 266, 267, 269, 270, 271, 273, 274, 275, 277, 298, 299, 301, 302, 303, 305, 306, 307, 309, 350, 351, 353, 354, 355, 357, 358, 359, 361, 366, 367, 369, 370, 371, 373, 374, 375, 377, 398, 399, 401, 402, 403, 405, 406, 407, 409, 410, 414, 415, 417, 419, 420, 421, 422, 423, 425, 430, 431, 433, 434, 435, 437, 438, 439, 441, 450, 462, 463, 465, 466, 467, 469, 470, 471, 473, 478, 479, 481, 482, 483, 485, 486, 487, 489, 494, 495, 497, 498, 499, 501, 502, 503, 505, 526, 527, 529, 530, 531, 533, 534, 535, 537, 546, 604, 605, 607, 611, 612, 614, 634, 635, 637, 641, 642, 644, 648, 649, 651, 671, 672, 674, 680, 681, 683, 684, 685, 687, 688, 689, 691, 696, 697, 699, 700, 701, 703, 704, 705, 707, 728, 729, 731, 732, 733, 735, 736, 737, 739]
x_419: [38, 173, 174, 175, 176, 178, 180, 181, 182, 183, 185, 203, 204, 205, 206, 208, 210, 211, 212, 213, 215, 217, 218, 219, 220, 222, 240, 241, 242, 243, 245, 250, 251, 252, 254, 255, 256, 258, 259, 260, 266, 267, 268, 270, 271, 272, 274, 275, 276, 298, 299, 300, 302, 303, 304, 306, 307, 308, 350, 351, 352, 354, 355, 356, 358, 359, 360, 366, 367, 368, 370, 371, 372, 374, 375, 376, 398, 399, 400, 402, 403, 404, 406, 407, 408, 411, 414, 415, 416, 418, 420, 421, 422, 423, 424, 430, 431, 432, 434, 435, 436, 438, 439, 440, 451, 462, 463, 464, 466, 467, 468, 470, 471, 472, 478, 479, 480, 482, 483, 484, 486, 487, 488, 494, 495, 496, 498, 499, 500, 502, 503, 504, 526, 527, 528, 530, 531, 532, 534, 535, 536, 547, 603, 604, 605, 606, 608, 610, 611, 612, 613, 615, 633, 634, 635, 636, 638, 640, 641, 642, 643, 645, 647, 648, 649, 650, 652, 670, 671, 672, 673, 675, 680, 681, 682, 684, 685, 686, 688, 689, 690, 696, 697, 698, 700, 701, 702, 704, 705, 706, 728, 729, 730, 732, 733, 734, 736, 737, 738]
x_420: [39, 173, 175, 176, 177, 178, 180, 182, 183, 184, 185, 203, 205, 206, 207, 208, 210, 212, 213, 214, 215, 217, 219, 220, 221, 222, 240, 242, 243, 244, 245, 251, 252, 253, 255, 256, 257, 259, 260, 261, 267, 268, 269, 271, 272, 273, 275, 276, 277, 299, 300, 301, 303, 304, 305, 307, 308, 309, 351, 352, 353, 355, 356, 357, 359, 360, 361, 367, 368, 369, 371, 372, 373, 375, 376, 377, 399, 400, 401, 403, 404, 405, 407, 408, 409, 412, 415, 416, 417, 418, 419, 421, 423, 424, 425, 431, 432, 433, 435, 436, 437, 439, 440, 441, 452, 463, 464, 465, 467, 468, 469, 471, 472, 473, 479, 480, 481, 483, 484, 485, 487, 488, 489, 495, 496, 497, 499, 500, 501, 503, 504, 505, 527, 528, 529, 531, 532, 533, 535, 536, 537, 548, 603, 605, 606, 607, 608, 610, 612, 613, 614, 615, 633, 635, 636, 637, 638, 640, 642, 643, 644, 645, 647, 649, 650, 651, 652, 670, 672, 673, 674, 675, 681, 682, 683, 685, 686, 687, 689, 690, 691, 697, 698, 699, 701, 702, 703, 705, 706, 707, 729, 730, 731, 733, 734, 735, 737, 738, 739]
x_421: [40, 173, 174, 176, 177, 178, 180, 181, 183, 184, 185, 203, 204, 206, 207, 208, 210, 211, 213, 214, 215, 217, 218, 220, 221, 222, 240, 241, 243, 244, 245, 250, 252, 253, 254, 256, 257, 258, 260, 261, 266, 268, 269, 270, 272, 273, 274, 276, 277, 298, 300, 301, 302, 304, 305, 306, 308, 309, 350, 352, 353, 354, 356, 357, 358, 360, 361, 366, 368, 369, 370, 372, 373, 374, 376, 377, 398, 400, 401, 402, 404, 405, 406, 408, 409, 413, 414, 416, 417, 418, 419, 420, 422, 424, 425, 430, 432, 433, 434, 436, 437, 438, 440, 441, 453, 462, 464, 465, 466, 468, 469, 470, 472, 473, 478, 480, 481, 482, 484, 485, 486, 488, 489, 494, 496, 497, 498, 500, 501, 502, 504, 505, 526, 528, 529, 530, 532, 533, 534, 536, 537, 549, 603, 604, 606, 607, 608, 610, 611, 613, 614, 615, 633, 634, 636, 637, 638, 640, 641, 643, 644, 645, 647, 648, 650, 651, 652, 670, 671, 673, 674, 675, 680, 682, 683, 684, 686, 687, 688, 690, 691, 696, 698, 699, 700, 702, 703, 704, 706, 707, 728, 730, 731, 732, 734, 735, 736, 738, 739]
x_422: [174, 175, 177, 181, 182, 184, 204, 205, 207, 211, 212, 214, 218, 219, 221, 241, 242, 244, 246, 247, 249, 254, 255, 257, 258, 259, 261, 262, 263, 265, 270, 271, 273, 274, 275, 277, 294, 295, 297, 302, 303, 305, 306, 307, 309, 347, 349, 354, 355, 357, 358, 359, 361, 362, 363, 365, 370, 371, 373, 374, 375, 377, 394, 395, 397, 402, 403, 405, 406, 407, 409, 410, 411, 413, 414, 418, 419, 421, 423, 424, 425, 426, 427, 429, 434, 435, 437, 438, 439, 441, 454, 458, 459, 461, 466, 467, 469, 470, 471, 473, 474, 475, 477, 482, 483, 485, 486, 487, 489, 490, 491, 493, 498, 499, 501, 502, 503, 505, 522, 523, 525, 530, 531, 533, 534, 535, 537, 550, 604, 605, 607, 611, 612, 614, 634, 635, 637, 641, 642, 644, 648, 649, 651, 671, 672, 674, 676, 677, 679, 684, 685, 687, 688, 689, 691, 692, 693, 695, 700, 701, 703, 704, 705, 707, 724, 725, 727, 732, 733, 735, 736, 737, 739]
x_423: [172, 174, 175, 176, 178, 179, 181, 182, 183, 185, 202, 204, 205, 206, 208, 209, 211, 212, 213, 215, 216, 218, 219, 220, 222, 239, 241, 242, 243, 245, 246, 247, 248, 254, 255, 256, 258, 259, 260, 262, 263, 264, 270, 271, 272, 274, 275, 276, 294, 295, 296, 302, 303, 304, 306, 307, 308, 347, 348, 354, 355, 356, 358, 359, 360, 362, 363, 364, 370, 371, 372, 374, 375, 376, 394, 395, 396, 402, 403, 404, 406, 407, 408, 410, 411, 412, 415, 418, 419, 420, 422, 424, 425, 426, 427, 428, 434, 435, 436, 438, 439, 440, 455, 458, 459, 460, 466, 467, 468, 470, 471, 472, 474, 475, 476, 482, 483, 484, 486, 487, 488, 490, 491, 492, 498, 499, 500, 502, 503, 504, 522, 523, 524, 530, 531, 532, 534, 535, 536, 551, 602, 604, 605, 606, 608, 609, 611, 612, 613, 615, 632, 634, 635, 636, 638, 639, 641, 642, 643, 645, 646, 648, 649, 650, 652, 669, 671, 672, 673, 675, 676, 677, 678, 684, 685, 686, 688, 689, 690, 692, 693, 694, 700, 701, 702, 704, 705, 706, 724, 725, 726, 732, 733, 734, 736, 737, 738]
x_424: [41, 172, 175, 176, 177, 178, 179, 182, 183, 184, 185, 202, 205, 206, 207, 208, 209, 212, 213, 214, 215, 216, 219, 220, 221, 222, 239, 242, 243, 244, 245, 247, 248, 249, 255, 256, 257, 259, 260, 261, 263, 264, 265, 271, 272, 273, 275, 276, 277, 295, 296, 297, 303, 304, 305, 307, 308, 309, 347, 348, 349, 355, 356, 357, 359, 360, 361, 363, 364, 365, 371, 372, 373, 375, 376, 377, 395, 396, 397, 403, 404, 405, 407, 408, 409, 411, 412, 413, 416, 419, 420, 421, 422, 423, 425, 427, 428, 429, 435, 436, 437, 439, 440, 441, 456, 459, 460, 461, 467, 468, 469, 471, 472, 473, 475, 476, 477, 483, 484, 485, 487, 488, 489, 491, 492, 493, 499, 500, 501, 503, 504, 505, 523, 524, 525, 531, 532, 533, 535, 536, 537, 552, 602, 605, 606, 607, 608, 609, 612, 613, 614, 615, 632, 635, 636, 637, 638, 639, 642, 643, 644, 645, 646, 649, 650, 651, 652, 669, 672, 673, 674, 675, 677, 678, 679, 685, 686, 687, 689, 690, 691, 693, 694, 695, 701, 702, 703, 705, 706, 707, 725, 726, 727, 733, 734, 735, 737, 738, 739]
x_425: [172, 174, 176, 177, 178, 179, 181, 183, 184, 185, 202, 204, 206, 207, 208, 209, 211, 213, 214, 215, 216, 218, 220, 221, 222, 239, 241, 243, 244, 245, 246, 248, 249, 254, 256, 257, 258, 260, 261, 262, 264, 265, 270, 272, 273, 274, 276, 277, 294, 296, 297, 302, 304, 305, 306, 308, 309, 348, 349, 354, 356, 357, 358, 360, 361, 362, 364, 365, 370, 372, 373, 374, 376, 377, 394, 396, 397, 402, 404, 405, 406, 408, 409, 410, 412, 413, 417, 418, 420, 421, 422, 423, 424, 426, 428, 429, 434, 436, 437, 438, 440, 441, 457, 458, 460, 461, 466, 468, 469, 470, 472, 473, 474, 476, 477, 482, 484, 485, 486, 488, 489, 490, 492, 493, 498, 500, 501, 502, 504, 505, 522, 524, 525, 530, 532, 533, 534, 536, 537, 553, 602, 604, 606, 607, 608, 609, 611, 613, 614, 615, 632, 634, 636, 637, 638, 639, 641, 643, 644, 645, 646, 648, 650, 651, 652, 669, 671, 673, 674, 675, 676, 678, 679, 684, 686, 687, 688, 690, 691, 692, 694, 695, 700, 702, 703, 704, 706, 707, 724, 726, 727, 732, 734, 735, 736, 738, 739]
x_426: [186, 187, 189, 190, 191, 193, 198, 199, 201, 223, 224, 226, 227, 228, 230, 235, 236, 238, 246, 247, 249, 250, 251, 253, 258, 259, 261, 262, 263, 265, 266, 267, 269, 274, 275, 277, 278, 279, 281, 282, 283, 285, 290, 291, 293, 347, 349, 350, 351, 353, 358, 359, 361, 362, 363, 365, 366, 367, 369, 374, 375, 377, 378, 379, 381, 382, 383, 385, 390, 391, 393, 410, 411, 413, 414, 415, 417, 422, 423, 425, 427, 428, 429, 430, 431, 433, 434, 438, 439, 441, 442, 443, 445, 446, 447, 449, 454, 455, 457, 458, 474, 475, 477, 478, 479, 481, 486, 487, 489, 490, 491, 493, 494, 495, 497, 502, 503, 505, 506, 507, 509, 510, 511, 513, 518, 519, 521, 554, 616, 617, 619, 620, 621, 623, 628, 629, 631, 653, 654, 656, 657, 658, 660, 665, 666, 668, 676, 677, 679, 680, 681, 683, 688, 689, 691, 692, 693, 695, 696, 697, 699, 704, 705, 707, 708, 709, 711, 712, 713, 715, 720, 721, 723]
x_427: [172, 173, 178, 179, 180, 185, 186, 187, 188, 190, 191, 192, 198, 199, 200, 209, 210, 215, 216, 217, 222, 223, 224, 225, 227, 228, 229, 235, 236, 237, 246, 247, 248, 250, 251, 252, 258, 259, 260, 262, 263, 264, 266, 267, 268, 274, 275, 276, 278, 279, 280, 282, 283, 284, 290, 291, 292, 347, 348, 350, 351, 352, 358, 359, 360, 362, 363, 364, 366, 367, 368, 374, 375, 376, 378, 379, 380, 382, 383, 384, 390, 391, 392, 410, 411, 412, 414, 415, 416, 422, 423, 424, 426, 428, 429, 430, 431, 432, 435, 438, 439, 440, 442, 443, 444, 446, 447, 448, 454, 455, 456, 459, 474, 475, 476, 478, 479, 480, 486, 487, 488, 490, 491, 492, 494, 495, 496, 502, 503, 504, 506, 507, 508, 510, 511, 512, 518, 519, 520, 555, 602, 603, 608, 609, 610, 615, 616, 617, 618, 620, 621, 622, 628, 629, 630, 639, 640, 645, 646, 647, 652, 653, 654, 655, 657, 658, 659, 665, 666, 667, 676, 677, 678, 680, 681, 682, 688, 689, 690, 692, 693, 694, 696, 697, 698, 704, 705, 706, 708, 709, 710, 712, 713, 714, 720, 721, 722]
x_428: [42, 172, 173, 178, 179, 180, 185, 187, 188, 189, 191, 192, 193, 199, 200, 201, 209, 210, 215, 216, 217, 222, 224, 225, 226, 228, 229, 230, 236, 237, 238, 247, 248, 249, 251, 252, 253, 259, 260, 261, 263, 264, 265, 267, 268, 269, 275, 276, 277, 279, 280, 281, 283, 284, 285, 291, 292, 293, 347, 348, 349, 351, 352, 353, 359, 360, 361, 363, 364, 365, 367, 368, 369, 375, 376, 377, 379, 380, 381, 383, 384, 385, 391, 392, 393, 411, 412, 413, 415, 416, 417, 423, 424, 425, 426, 427, 429, 431, 432, 433, 436, 439, 440, 441, 443, 444, 445, 447, 448, 449, 455, 456, 457, 460, 475, 476, 477, 479, 480, 481, 487, 488, 489, 491, 492, 493, 495, 496, 497, 503, 504, 505, 507, 508, 509, 511, 512, 513, 519, 520, 521, 556, 602, 603, 608, 609, 610, 615, 617, 618, 619, 621, 622, 623, 629, 630, 631, 639, 640, 645, 646, 647, 652, 654, 655, 656, 658, 659, 660, 666, 667, 668, 677, 678, 679, 681, 682, 683, 689, 690, 691, 693, 694, 695, 697, 698, 699, 705, 706, 707, 709, 710, 711, 713, 714, 715, 721, 722, 723]
x_429: [172, 173, 178, 179, 180, 185, 186, 188, 189, 190, 192, 193, 198, 200, 201, 209, 210, 215, 216, 217, 222, 223, 225, 226, 227, 229, 230, 235, 237, 238, 246, 248, 249, 250, 252, 253, 258, 260, 261, 262, 264, 265, 266, 268, 269, 274, 276, 277, 278, 280, 281, 282, 284, 285, 290, 292, 293, 348, 349, 350, 352, 353, 358, 360, 361, 362, 364, 365, 366, 368, 369, 374, 376, 377, 378, 380, 381, 382, 384, 385, 390, 392, 393, 410, 412, 413, 414, 416, 417, 422, 424, 425, 426, 427, 428, 430, 432, 433, 437, 438, 440, 441, 442, 444, 445, 446, 448, 449, 454, 456, 457, 461, 474, 476, 477, 478, 480, 481, 486, 488, 489, 490, 492, 493, 494, 496, 497, 502, 504, 505, 506, 508, 509, 510, 512, 513, 518, 520, 521, 557, 602, 603, 608, 609, 610, 615, 616, 618, 619, 620, 622, 623, 628, 630, 631, 639, 640, 645, 646, 647, 652, 653, 655, 656, 657, 659, 660, 665, 667, 668, 676, 678, 679, 680, 682, 683, 688, 690, 691, 692, 694, 695, 696, 698, 699, 704, 706, 707, 708, 710, 711, 712, 714, 715, 720, 722, 723]
x_430: [174, 175, 177, 181, 182, 184, 186, 187, 189, 190, 191, 193, 194, 195, 197, 211, 212, 214, 218, 219, 221, 223, 224, 226, 227, 228, 230, 231, 232, 234, 246, 247, 249, 250, 251, 253, 254, 255, 257, 262, 263, 265, 266, 267, 269, 270, 271, 273, 278, 279, 281, 282, 283, 285, 286, 287, 289, 347, 349, 350, 351, 353, 354, 355, 357, 362, 363, 365, 366, 367, 369, 370, 371, 373, 378, 379, 381, 382, 383, 385, 386, 387, 389, 410, 411, 413, 414, 415, 417, 418, 419, 421, 426, 427, 429, 431, 432, 433, 434, 435, 437, 438, 442, 443, 445, 446, 447, 449, 450, 451, 453, 462, 474, 475, 477, 478, 479, 481, 482, 483, 485, 490, 491, 493, 494, 495, 497, 498, 499, 501, 506, 507, 509, 510, 511, 513, 514, 515, 517, 558, 604, 605, 607, 611, 612, 614, 616, 617, 619, 620, 621, 623, 624, 625, 627, 641, 642, 644, 648, 649, 651, 653, 654, 656, 657, 658, 660, 661, 662, 664, 676, 677, 679, 680, 681, 683, 684, 685, 687, 692, 693, 695, 696, 697, 699, 700, 701, 703, 708, 709, 711, 712, 713, 715, 716, 717, 719]
x_431: [172, 173, 174, 175, 176, 179, 180, 181, 182, 183, 186, 187, 188, 190, 191, 192, 194, 195, 196, 209, 210, 211, 212, 213, 216, 217, 218, 219, 220, 223, 224, 225, 227, 228, 229, 231, 232, 233, 246, 247, 248, 250, 251, 252, 254, 255, 256, 262, 263, 264, 266, 267, 268, 270, 271, 272, 278, 279, 280, 282, 283, 284, 286, 287, 288, 347, 348, 350, 351, 352, 354, 355, 356, 362, 363, 364, 366, 367, 368, 370, 371, 372, 378, 379, 380, 382, 383, 384, 386, 387, 388, 410, 411, 412, 414, 415, 416, 418, 419, 420, 426, 427, 428, 430, 432, 433, 434, 435, 436, 439, 442, 443, 444, 446, 447, 448, 450, 451, 452, 463, 474, 475, 476, 478, 479, 480, 482, 483, 484, 490, 491, 492, 494, 495, 496, 498, 499, 500, 506, 507, 508, 510, 511, 512, 514, 515, 516, 559, 602, 603, 604, 605, 606, 609, 610, 611, 612, 613, 616, 617, 618, 620, 621, 622, 624, 625, 626, 639, 640, 641, 642, 643, 646, 647, 648, 649, 650, 653, 654, 655, 657, 658, 659, 661, 662, 663, 676, 677, 678, 680, 681, 682, 684, 685, 686, 692, 693, 694, 696, 697, 698, 700, 701, 702, 708, 709, 710, 712, 713, 714, 716, 717, 718]
x_432: [43, 172, 173, 175, 176, 177, 179, 180, 182, 183, 184, 187, 188, 189, 191, 192, 193, 195, 196, 197, 209, 210, 212, 213, 214, 216, 217, 219, 220, 221, 224, 225, 226, 228, 229, 230, 232, 233, 234, 247, 248, 249, 251, 252, 253, 255, 256, 257, 263, 264, 265, 267, 268, 269, 271, 272, 273, 279, 280, 281, 283, 284, 285, 287, 288, 289, 347, 348, 349, 351, 352, 353, 355, 356, 357, 363, 364, 365, 367, 368, 369, 371, 372, 373, 379, 380, 381, 383, 384, 385, 387, 388, 389, 411, 412, 413, 415, 416, 417, 419, 420, 421, 427, 428, 429, 430, 431, 433, 435, 436, 437, 440, 443, 444, 445, 447, 448, 449, 451, 452, 453, 464, 475, 476, 477, 479, 480, 481, 483, 484, 485, 491, 492, 493, 495, 496, 497, 499, 500, 501, 507, 508, 509, 511, 512, 513, 515, 516, 517, 560, 602, 603, 605, 606, 607, 609, 610, 612, 613, 614, 617, 618, 619, 621, 622, 623, 625, 626, 627, 639, 640, 642, 643, 644, 646, 647, 649, 650, 651, 654, 655, 656, 658, 659, 660, 662, 663, 664, 677, 678, 679, 681, 682, 683, 685, 686, 687, 693, 694, 695, 697, 698, 699, 701, 702, 703, 709, 710, 711, 713, 714, 715, 717, 718, 719]
x_433: [172, 173, 174, 176, 177, 179, 180, 181, 183, 184, 186, 188, 189, 190, 192, 193, 194, 196, 197, 209, 210, 211, 213, 214, 216, 217, 218, 220, 221, 223, 225, 226, 227, 229, 230, 231, 233, 234, 246, 248, 249, 250, 252, 253, 254, 256, 257, 262, 264, 265, 266, 268, 269, 270, 272, 273, 278, 280, 281, 282, 284, 285, 286, 288, 289, 348, 349, 350, 352, 353, 354, 356, 357, 362, 364, 365, 366, 368, 369, 370, 372, 373, 378, 380, 381, 382, 384, 385, 386, 388, 389, 410, 412, 413, 414, 416, 417, 418, 420, 421, 426, 428, 429, 430, 431, 432, 434, 436, 437, 441, 442, 444, 445, 446, 448, 449, 450, 452, 453, 465, 474, 476, 477, 478, 480, 481, 482, 484, 485, 490, 492, 493, 494, 496, 497, 498, 500, 501, 506, 508, 509, 510, 512, 513, 514, 516, 517, 561, 602, 603, 604, 606, 607, 609, 610, 611, 613, 614, 616, 618, 619, 620, 622, 623, 624, 626, 627, 639, 640, 641, 643, 644, 646, 647, 648, 650, 651, 653, 655, 656, 657, 659, 660, 661, 663, 664, 676, 678, 679, 680, 682, 683, 684, 686, 687, 692, 694, 695, 696, 698, 699, 700, 702, 703, 708, 710, 711, 712, 714, 715, 716, 718, 719]
x_434: [44, 174, 175, 177, 181, 182, 184, 190, 191, 193, 194, 195, 197, 198, 199, 201, 211, 212, 214, 218, 219, 221, 227, 228, 230, 231, 232, 234, 235, 236, 238, 250, 251, 253, 254, 255, 257, 258, 259, 261, 266, 267, 269, 270, 271, 273, 274, 275, 277, 282, 283, 285, 286, 287, 289, 290, 291, 293, 350, 351, 353, 354, 355, 357, 358, 359, 361, 366, 367, 369, 370, 371, 373, 374, 375, 377, 382, 383, 385, 386, 387, 389, 390, 391, 393, 414, 415, 417, 418, 419, 421, 422, 423, 425, 426, 430, 431, 433, 435, 436, 437, 438, 439, 441, 446, 447, 449, 450, 451, 453, 454, 455, 457, 466, 478, 479, 481, 482, 483, 485, 486, 487, 489, 494, 495, 497, 498, 499, 501, 502, 503, 505, 510, 511, 513, 514, 515, 517, 518, 519, 521, 562, 604, 605, 607, 611, 612, 614, 620, 621, 623, 624, 625, 627, 628, 629, 631, 641, 642, 644, 648, 649, 651, 657, 658, 660, 661, 662, 664, 665, 666, 668, 680, 681, 683, 684, 685, 687, 688, 689, 691, 696, 697, 699, 700, 701, 703, 704, 705, 707, 712, 713, 715, 716, 717, 719, 720, 721, 723]
x_435: [45, 173, 174, 175, 176, 178, 180, 181, 182, 183, 185, 190, 191, 192, 194, 195, 196, 198, 199, 200, 210, 211, 212, 213, 215, 217, 218, 219, 220, 222, 227, 228, 229, 231, 232, 233, 235, 236, 237, 250, 251, 252, 254, 255, 256, 258, 259, 260, 266, 267, 268, 270, 271, 272, 274, 275, 276, 282, 283, 284, 286, 287, 288, 290, 291, 292, 350, 351, 352, 354, 355, 356, 358, 359, 360, 366, 367, 368, 370, 371, 372, 374, 375, 376, 382, 383, 384, 386, 387, 388, 390, 391, 392, 414, 415, 416, 418, 419, 420, 422, 423, 424, 427, 430, 431, 432, 434, 436, 437, 438, 439, 440, 446, 447, 448, 450, 451, 452, 454, 455, 456, 467, 478, 479, 480, 482, 483, 484, 486, 487, 488, 494, 495, 496, 498, 499, 500, 502, 503, 504, 510, 511, 512, 514, 515, 516, 518, 519, 520, 563, 603, 604, 605, 606, 608, 610, 611, 612, 613, 615, 620, 621, 622, 624, 625, 626, 628, 629, 630, 640, 641, 642, 643, 645, 647, 648, 649, 650, 652, 657, 658, 659, 661, 662, 663, 665, 666, 667, 680, 681, 682, 684, 685, 686, 688, 689, 690, 696, 697, 698, 700, 701, 702, 704, 705, 706, 712, 713, 714, 716, 717, 718, 720, 721, 722]
x_436: [46, 173, 175, 176, 177, 178, 180, 182, 183, 184, 185, 191, 192, 193, 195, 196, 197, 199, 200, 201, 210, 212, 213, 214, 215, 217, 219, 220, 221, 222, 228, 229, 230, 232, 233, 234, 236, 237, 238, 251, 252, 253, 255, 256, 257, 259, 260, 261, 267, 268, 269, 271, 272, 273, 275, 276, 277, 283, 284, 285, 287, 288, 289, 291, 292, 293, 351, 352, 353, 355, 356, 357, 359, 360, 361, 367, 368, 369, 371, 372, 373, 375, 376, 377, 383, 384, 385, 387, 388, 389, 391, 392, 393, 415, 416, 417, 419, 420, 421, 423, 424, 425, 428, 431, 432, 433, 434, 435, 437, 439, 440, 441, 447, 448, 449, 451, 452, 453, 455, 456, 457, 468, 479, 480, 481, 483, 484, 485, 487, 488, 489, 495, 496, 497, 499, 500, 501, 503, 504, 505, 511, 512, 513, 515, 516, 517, 519, 520, 521, 564, 603, 605, 606, 607, 608, 610, 612, 613, 614, 615, 621, 622, 623, 625, 626, 627, 629, 630, 631, 640, 642, 643, 644, 645, 647, 649, 650, 651, 652, 658, 659, 660, 662, 663, 664, 666, 667, 668, 681, 682, 683, 685, 686, 687, 689, 690, 691, 697, 698, 699, 701, 702, 703, 705, 706, 707, 713, 714, 715, 717, 718, 719, 721, 722, 723]
x_437: [47, 173, 174, 176, 177, 178, 180, 181, 183, 184, 185, 190, 192, 193, 194, 196, 197, 198, 200, 201, 210, 211, 213, 214, 215, 217, 218, 220, 221, 222, 227, 229, 230, 231, 233, 234, 235, 237, 238, 250, 252, 253, 254, 256, 257, 258, 260, 261, 266, 268, 269, 270, 272, 273, 274, 276, 277, 282, 284, 285, 286, 288, 289, 290, 292, 293, 350, 352, 353, 354, 356, 357, 358, 360, 361, 366, 368, 369, 370, 372, 373, 374, 376, 377, 382, 384, 385, 386, 388, 389, 390, 392, 393, 414, 416, 417, 418, 420, 421, 422, 424, 425, 429, 430, 432, 433, 434, 435, 436, 438, 440, 441, 446, 448, 449, 450, 452, 453, 454, 456, 457, 469, 478, 480, 481, 482, 484, 485, 486, 488, 489, 494, 496, 497, 498, 500, 501, 502, 504, 505, 510, 512, 513, 514, 516, 517, 518, 520, 521, 565, 603, 604, 606, 607, 608, 610, 611, 613, 614, 615, 620, 622, 623, 624, 626, 627, 628, 630, 631, 640, 641, 643, 644, 645, 647, 648, 650, 651, 652, 657, 659, 660, 661, 663, 664, 665, 667, 668, 680, 682, 683, 684, 686, 687, 688, 690, 691, 696, 698, 699, 700, 702, 703, 704, 706, 707, 712, 714, 715, 716, 718, 719, 720, 722, 723]
x_438: [174, 175, 177, 181, 182, 184, 186, 187, 189, 194, 195, 197, 198, 199, 201, 211, 212, 214, 218, 219, 221, 223, 224, 226, 231, 232, 234, 235, 236, 238, 246, 247, 249, 254, 255, 257, 258, 259, 261, 262, 263, 265, 270, 271, 273, 274, 275, 277, 278, 279, 281, 286, 287, 289, 290, 291, 293, 347, 349, 354, 355, 357, 358, 359, 361, 362, 363, 365, 370, 371, 373, 374, 375, 377, 378, 379, 381, 386, 387, 389, 390, 391, 393, 410, 411, 413, 418, 419, 421, 422, 423, 425, 426, 427, 429, 430, 434, 435, 437, 439, 440, 441, 442, 443, 445, 450, 451, 453, 454, 455, 457, 470, 474, 475, 477, 482, 483, 485, 486, 487, 489, 490, 491, 493, 498, 499, 501, 502, 503, 505, 506, 507, 509, 514, 515, 517, 518, 519, 521, 566, 604, 605, 607, 611, 612, 614, 616, 617, 619, 624, 625, 627, 628, 629, 631, 641, 642, 644, 648, 649, 651, 653, 654, 656, 661, 662, 664, 665, 666, 668, 676, 677, 679, 684, 685, 687, 688, 689, 691, 692, 693, 695, 700, 701, 703, 704, 705, 707, 708, 709, 711, 716, 717, 719, 720, 721, 723]
x_439: [172, 174, 175, 176, 178, 179, 181, 182, 183, 185, 186, 187, 188, 194, 195, 196, 198, 199, 200, 209, 211, 212, 213, 215, 216, 218, 219, 220, 222, 223, 224, 225, 231, 232, 233, 235, 236, 237, 246, 247, 248, 254, 255, 256, 258, 259, 260, 262, 263, 264, 270, 271, 272, 274, 275, 276, 278, 279, 280, 286, 287, 288, 290, 291, 292, 347, 348, 354, 355, 356, 358, 359, 360, 362, 363, 364, 370, 371, 372, 374, 375, 376, 378, 379, 380, 386, 387, 388, 390, 391, 392, 410, 411, 412, 418, 419, 420, 422, 423, 424, 426, 427, 428, 431, 434, 435, 436, 438, 440, 441, 442, 443, 444, 450, 451, 452, 454, 455, 456, 471, 474, 475, 476, 482, 483, 484, 486, 487, 488, 490, 491, 492, 498, 499, 500, 502, 503, 504, 506, 507, 508, 514, 515, 516, 518, 519, 520, 567, 602, 604, 605, 606, 608, 609, 611, 612, 613, 615, 616, 617, 618, 624, 625, 626, 628, 629, 630, 639, 641, 642, 643, 645, 646, 648, 649, 650, 652, 653, 654, 655, 661, 662, 663, 665, 666, 667, 676, 677, 678, 684, 685, 686, 688, 689, 690, 692, 693, 694, 700, 701, 702, 704, 705, 706, 708, 709, 710, 716, 717, 718, 720, 721, 722]
x_440: [48, 172, 175, 176, 177, 178, 179, 182, 183, 184, 185, 187, 188, 189, 195, 196, 197, 199, 200, 201, 209, 212, 213, 214, 215, 216, 219, 220, 221, 222, 224, 225, 226, 232, 233, 234, 236, 237, 238, 247, 248, 249, 255, 256, 257, 259, 260, 261, 263, 264, 265, 271, 272, 273, 275, 276, 277, 279, 280, 281, 287, 288, 289, 291, 292, 293, 347, 348, 349, 355, 356, 357, 359, 360, 361, 363, 364, 365, 371, 372, 373, 375, 376, 377, 379, 380, 381, 387, 388, 389, 391, 392, 393, 411, 412, 413, 419, 420, 421, 423, 424, 425, 427, 428, 429, 432, 435, 436, 437, 438, 439, 441, 443, 444, 445, 451, 452, 453, 455, 456, 457, 472, 475, 476, 477, 483, 484, 485, 487, 488, 489, 491, 492, 493, 499, 500, 501, 503, 504, 505, 507, 508, 509, 515, 516, 517, 519, 520, 521, 568, 602, 605, 606, 607, 608, 609, 612, 613, 614, 615, 617, 618, 619, 625, 626, 627, 629, 630, 631, 639, 642, 643, 644, 645, 646, 649, 650, 651, 652, 654, 655, 656, 662, 663, 664, 666, 667, 668, 677, 678, 679, 685, 686, 687, 689, 690, 691, 693, 694, 695, 701, 702, 703, 705, 706, 707, 709, 710, 711, 717, 718, 719, 721, 722, 723]
x_441: [172, 174, 176, 177, 178, 179, 181, 183, 184, 185, 186, 188, 189, 194, 196, 197, 198, 200, 201, 209, 211, 213, 214, 215, 216, 218, 220, 221, 222, 223, 225, 226, 231, 233, 234, 235, 237, 238, 246, 248, 249, 254, 256, 257, 258, 260, 261, 262, 264, 265, 270, 272, 273, 274, 276, 277, 278, 280, 281, 286, 288, 289, 290, 292, 293, 348, 349, 354, 356, 357, 358, 360, 361, 362, 364, 365, 370, 372, 373, 374, 376, 377, 378, 380, 381, 386, 388, 389, 390, 392, 393, 410, 412, 413, 418, 420, 421, 422, 424, 425, 426, 428, 429, 433, 434, 436, 437, 438, 439, 440, 442, 444, 445, 450, 452, 453, 454, 456, 457, 473, 474, 476, 477, 482, 484, 485, 486, 488, 489, 490, 492, 493, 498, 500, 501, 502, 504, 505, 506, 508, 509, 514, 516, 517, 518, 520, 521, 569, 602, 604, 606, 607, 608, 609, 611, 613, 614, 615, 616, 618, 619, 624, 626, 627, 628, 630, 631, 639, 641, 643, 644, 645, 646, 648, 650, 651, 652, 653, 655, 656, 661, 663, 664, 665, 667, 668, 676, 678, 679, 684, 686, 687, 688, 690, 691, 692, 694, 695, 700, 702, 703, 704, 706, 707, 708, 710, 711, 716, 718, 719, 720, 722, 723]
x_442: [49, 186, 187, 189, 190, 191, 193, 198, 199, 201, 223, 224, 226, 227, 228, 230, 235, 236, 238, 262, 263, 265, 266, 267, 269, 274, 275, 277, 278, 279, 281, 282, 283, 285, 290, 291, 293, 294, 295, 297, 298, 299, 301, 306, 307, 309, 362, 363, 365, 366, 367, 369, 374, 375, 377, 378, 379, 381, 382, 383, 385, 390, 391, 393, 394, 395, 397, 398, 399, 401, 406, 407, 409, 410, 426, 427, 429, 430, 431, 433, 438, 439, 441, 443, 444, 445, 446, 447, 449, 450, 454, 455, 457, 458, 459, 461, 462, 463, 465, 470, 471, 473, 490, 491, 493, 494, 495, 497, 502, 503, 505, 506, 507, 509, 510, 511, 513, 518, 519, 521, 522, 523, 525, 526, 527, 529, 534, 535, 537, 570, 616, 617, 619, 620, 621, 623, 628, 629, 631, 653, 654, 656, 657, 658, 660, 665, 666, 668, 692, 693, 695, 696, 697, 699, 704, 705, 707, 708, 709, 711, 712, 713, 715, 720, 721, 723, 724, 725, 727, 728, 729, 731, 736, 737, 739]
x_443: [50, 179, 180, 185, 186, 187, 188, 190, 191, 192, 198, 199, 200, 202, 203, 208, 216, 217, 222, 223, 224, 225, 227, 228, 229, 235, 236, 237, 239, 240, 245, 262, 263, 264, 266, 267, 268, 274, 275, 276, 278, 279, 280, 282, 283, 284, 290, 291, 292, 294, 295, 296, 298, 299, 300, 306, 307, 308, 362, 363, 364, 366, 367, 368, 374, 375, 376, 378, 379, 380, 382, 383, 384, 390, 391, 392, 394, 395, 396, 398, 399, 400, 406, 407, 408, 411, 426, 427, 428, 430, 431, 432, 438, 439, 440, 442, 444, 445, 446, 447, 448, 451, 454, 455, 456, 458, 459, 460, 462, 463, 464, 470, 471, 472, 490, 491, 492, 494, 495, 496, 502, 503, 504, 506, 507, 508, 510, 511, 512, 518, 519, 520, 522, 523, 524, 526, 527, 528, 534, 535, 536, 571, 609, 610, 615, 616, 617, 618, 620, 621, 622, 628, 629, 630, 632, 633, 638, 646, 647, 652, 653, 654, 655, 657, 658, 659, 665, 666, 667, 669, 670, 675, 692, 693, 694, 696, 697, 698, 704, 705, 706, 708, 709, 710, 712, 713, 714, 720, 721, 722, 724, 725, 726, 728, 729, 730, 736, 737, 738]
x_444: [51, 179, 180, 185, 187, 188, 189, 191, 192, 193, 199, 200, 201, 202, 203, 208, 216, 217, 222, 224, 225, 226, 228, 229, 230, 236, 237, 238, 239, 240, 245, 263, 264, 265, 267, 268, 269, 275, 276, 277, 279, 280, 281, 283, 284, 285, 291, 292, 293, 295, 296, 297, 299, 300, 301, 307, 308, 309, 363, 364, 365, 367, 368, 369, 375, 376, 377, 379, 380, 381, 383, 384, 385, 391, 392, 393, 395, 396, 397, 399, 400, 401, 407, 408, 409, 412, 427, 428, 429, 431, 432, 433, 439, 440, 441, 442, 443, 445, 447, 448, 449, 452, 455, 456, 457, 459, 460, 461, 463, 464, 465, 471, 472, 473, 491, 492, 493, 495, 496, 497, 503, 504, 505, 507, 508, 509, 511, 512, 513, 519, 520, 521, 523, 524, 525, 527, 528, 529, 535, 536, 537, 572, 609, 610, 615, 617, 618, 619, 621, 622, 623, 629, 630, 631, 632, 633, 638, 646, 647, 652, 654, 655, 656, 658, 659, 660, 666, 667, 668, 669, 670, 675, 693, 694, 695, 697, 698, 699, 705, 706, 707, 709, 710, 711, 713, 714, 715, 721, 722, 723, 725, 726, 727, 729, 730, 731, 737, 738, 739]
x_445: [52, 179, 180, 185, 186, 188, 189, 190, 192, 193, 198, 200, 201, 202, 203, 208, 216, 217, 222, 223, 225, 226, 227, 229, 230, 235, 237, 238, 239, 240, 245, 262, 264, 265, 266, 268, 269, 274, 276, 277, 278, 280, 281, 282, 284, 285, 290, 292, 293, 294, 296, 297, 298, 300, 301, 306, 308, 309, 362, 364, 365, 366, 368, 369, 374, 376, 377, 378, 380, 381, 382, 384, 385, 390, 392, 393, 394, 396, 397, 398, 400, 401, 406, 408, 409, 413, 426, 428, 429, 430, 432, 433, 438, 440, 441, 442, 443, 444, 446, 448, 449, 453, 454, 456, 457, 458, 460, 461, 462, 464, 465, 470, 472, 473, 490, 492, 493, 494, 496, 497, 502, 504, 505, 506, 508, 509, 510, 512, 513, 518, 520, 521, 522, 524, 525, 526, 528, 529, 534, 536, 537, 573, 609, 610, 615, 616, 618, 619, 620, 622, 623, 628, 630, 631, 632, 633, 638, 646, 647, 652, 653, 655, 656, 657, 659, 660, 665, 667, 668, 669, 670, 675, 692, 694, 695, 696, 698, 699, 704, 706, 707, 708, 710, 711, 712, 714, 715, 720, 722, 723, 724, 726, 727, 728, 730, 731, 736, 738, 739]
x_446: [53, 181, 182, 184, 186, 187, 189, 190, 191, 193, 194, 195, 197, 204, 205, 207, 218, 219, 221, 223, 224, 226, 227, 228, 230, 231, 232, 234, 241, 242, 244, 262, 263, 265, 266, 267, 269, 270, 271, 273, 278, 279, 281, 282, 283, 285, 286, 287, 289, 294, 295, 297, 298, 299, 301, 302, 303, 305, 362, 363, 365, 366, 367, 369, 370, 371, 373, 378, 379, 381, 382, 383, 385, 386, 387, 389, 394, 395, 397, 398, 399, 401, 402, 403, 405, 414, 426, 427, 429, 430, 431, 433, 434, 435, 437, 442, 443, 445, 447, 448, 449, 450, 451, 453, 454, 458, 459, 461, 462, 463, 465, 466, 467, 469, 490, 491, 493, 494, 495, 497, 498, 499, 501, 506, 507, 509, 510, 511, 513, 514, 515, 517, 522, 523, 525, 526, 527, 529, 530, 531, 533, 574, 611, 612, 614, 616, 617, 619, 620, 621, 623, 624, 625, 627, 634, 635, 637, 648, 649, 651, 653, 654, 656, 657, 658, 660, 661, 662, 664, 671, 672, 674, 692, 693, 695, 696, 697, 699, 700, 701, 703, 708, 709, 711, 712, 713, 715, 716, 717, 719, 724, 725, 727, 728, 729, 731, 732, 733, 735]
x_447: [54, 179, 180, 181, 182, 183, 186, 187, 188, 190, 191, 192, 194, 195, 196, 202, 203, 204, 205, 206, 216, 217, 218, 219, 220, 223, 224, 225, 227, 228, 229, 231, 232, 233, 239, 240, 241, 242, 243, 262, 263, 264, 266, 267, 268, 270, 271, 272, 278, 279, 280, 282, 283, 284, 286, 287, 288, 294, 295, 296, 298, 299, 300, 302, 303, 304, 362, 363, 364, 366, 367, 368, 370, 371, 372, 378, 379, 380, 382, 383, 384, 386, 387, 388, 394, 395, 396, 398, 399, 400, 402, 403, 404, 415, 426, 427, 428, 430, 431, 432, 434, 435, 436, 442, 443, 444, 446, 448, 449, 450, 451, 452, 455, 458, 459, 460, 462, 463, 464, 466, 467, 468, 490, 491, 492, 494, 495, 496, 498, 499, 500, 506, 507, 508, 510, 511, 512, 514, 515, 516, 522, 523, 524, 526, 527, 528, 530, 531, 532, 575, 609, 610, 611, 612, 613, 616, 617, 618, 620, 621, 622, 624, 625, 626, 632, 633, 634, 635, 636, 646, 647, 648, 649, 650, 653, 654, 655, 657, 658, 659, 661, 662, 663, 669, 670, 671, 672, 673, 692, 693, 694, 696, 697, 698, 700, 701, 702, 708, 709, 710, 712, 713, 714, 716, 717, 718, 724, 725, 726, 728, 729, 730, 732, 733, 734]
x_448: [55, 179, 180, 182, 183, 184, 187, 188, 189, 191, 192, 193, 195, 196, 197, 202, 203, 205, 206, 207, 216, 217, 219, 220, 221, 224, 225, 226, 228, 229, 230, 232, 233, 234, 239, 240, 242, 243, 244, 263, 264, 265, 267, 268, 269, 271, 272, 273, 279, 280, 281, 283, 284, 285, 287, 288, 289, 295, 296, 297, 299, 300, 301, 303, 304, 305, 363, 364, 365, 367, 368, 369, 371, 372, 373, 379, 380, 381, 383, 384, 385, 387, 388, 389, 395, 396, 397, 399, 400, 401, 403, 404, 405, 416, 427, 428, 429, 431, 432, 433, 435, 436, 437, 443, 444, 445, 446, 447, 449, 451, 452, 453, 456, 459, 460, 461, 463, 464, 465, 467, 468, 469, 491, 492, 493, 495, 496, 497, 499, 500, 501, 507, 508, 509, 511, 512, 513, 515, 516, 517, 523, 524, 525, 527, 528, 529, 531, 532, 533, 576, 609, 610, 612, 613, 614, 617, 618, 619, 621, 622, 623, 625, 626, 627, 632, 633, 635, 636, 637, 646, 647, 649, 650, 651, 654, 655, 656, 658, 659, 660, 662, 663, 664, 669, 670, 672, 673, 674, 693, 694, 695, 697, 698, 699, 701, 702, 703, 709, 710, 711, 713, 714, 715, 717, 718, 719, 725, 726, 727, 729, 730, 731, 733, 734, 735]
x_449: [56, 179, 180, 181, 183, 184, 186, 188, 189, 190, 192, 193, 194, 196, 197, 202, 203, 204, 206, 207, 216, 217, 218, 220, 221, 223, 225, 226, 227, 229, 230, 231, 233, 234, 239, 240, 241, 243, 244, 262, 264, 265, 266, 268, 269, 270, 272, 273, 278, 280, 281, 282, 284, 285, 286, 288, 289, 294, 296, 297, 298, 300, 301, 302, 304, 305, 362, 364, 365, 366, 368, 369, 370, 372, 373, 378, 380, 381, 382, 384, 385, 386, 388, 389, 394, 396, 397, 398, 400, 401, 402, 404, 405, 417, 426, 428, 429, 430, 432, 433, 434, 436, 437, 442, 444, 445, 446, 447, 448, 450, 452, 453, 457, 458, 460, 461, 462, 464, 465, 466, 468, 469, 490, 492, 493, 494, 496, 497, 498, 500, 501, 506, 508, 509, 510, 512, 513, 514, 516, 517, 522, 524, 525, 526, 528, 529, 530, 532, 533, 577, 609, 610, 611, 613, 614, 616, 618, 619, 620, 622, 623, 624, 626, 627, 632, 633, 634, 636, 637, 646, 647, 648, 650, 651, 653, 655, 656, 657, 659, 660, 661, 663, 664, 669, 670, 671, 673, 674, 692, 694, 695, 696, 698, 699, 700, 702, 703, 708, 710, 711, 712, 714, 715, 716, 718, 719, 724, 726, 727, 728, 730, 731, 732, 734, 735]
x_450: [57, 181, 182, 184, 190, 191, 193, 194, 195, 197, 198, 199, 201, 204, 205, 207, 218, 219, 221, 227, 228, 230, 231, 232, 234, 235, 236, 238, 241, 242, 244, 266, 267, 269, 270, 271, 273, 274, 275, 277, 282, 283, 285, 286, 287, 289, 290, 291, 293, 298, 299, 301, 302, 303, 305, 306, 307, 309, 366, 367, 369, 370, 371, 373, 374, 375, 377, 382, 383, 385, 386, 387, 389, 390, 391, 393, 398, 399, 401, 402, 403, 405, 406, 407, 409, 418, 430, 431, 433, 434, 435, 437, 438, 439, 441, 442, 446, 447, 449, 451, 452, 453, 454, 455, 457, 462, 463, 465, 466, 467, 469, 470, 471, 473, 494, 495, 497, 498, 499, 501, 502, 503, 505, 510, 511, 513, 514, 515, 517, 518, 519, 521, 526, 527, 529, 530, 531, 533, 534, 535, 537, 578, 611, 612, 614, 620, 621, 623, 624, 625, 627, 628, 629, 631, 634, 635, 637, 648, 649, 651, 657, 658, 660, 661, 662, 664, 665, 666, 668, 671, 672, 674, 696, 697, 699, 700, 701, 703, 704, 705, 707, 712, 713, 715, 716, 717, 719, 720, 721, 723, 728, 729, 731, 732, 733, 735, 736, 737, 739]
x_451: [58, 180, 181, 182, 183, 185, 190, 191, 192, 194, 195, 196, 198, 199, 200, 203, 204, 205, 206, 208, 217, 218, 219, 220, 222, 227, 228, 229, 231, 232, 233, 235, 236, 237, 240, 241, 242, 243, 245, 266, 267, 268, 270, 271, 272, 274, 275, 276, 282, 283, 284, 286, 287, 288, 290, 291, 292, 298, 299, 300, 302, 303, 304, 306, 307, 308, 366, 367, 368, 370, 371, 372, 374, 375, 376, 382, 383, 384, 386, 387, 388, 390, 391, 392, 398, 399, 400, 402, 403, 404, 406, 407, 408, 419, 430, 431, 432, 434, 435, 436, 438, 439, 440, 443, 446, 447, 448, 450, 452, 453, 454, 455, 456, 462, 463, 464, 466, 467, 468, 470, 471, 472, 494, 495, 496, 498, 499, 500, 502, 503, 504, 510, 511, 512, 514, 515, 516, 518, 519, 520, 526, 527, 528, 530, 531, 532, 534, 535, 536, 579, 610, 611, 612, 613, 615, 620, 621, 622, 624, 625, 626, 628, 629, 630, 633, 634, 635, 636, 638, 647, 648, 649, 650, 652, 657, 658, 659, 661, 662, 663, 665, 666, 667, 670, 671, 672, 673, 675, 696, 697, 698, 700, 701, 702, 704, 705, 706, 712, 713, 714, 716, 717, 718, 720, 721, 722, 728, 729, 730, 732, 733, 734, 736, 737, 738]
x_452: [59, 180, 182, 183, 184, 185, 191, 192, 193, 195, 196, 197, 199, 200, 201, 203, 205, 206, 207, 208, 217, 219, 220, 221, 222, 228, 229, 230, 232, 233, 234, 236, 237, 238, 240, 242, 243, 244, 245, 267, 268, 269, 271, 272, 273, 275, 276, 277, 283, 284, 285, 287, 288, 289, 291, 292, 293, 299, 300, 301, 303, 304, 305, 307, 308, 309, 367, 368, 369, 371, 372, 373, 375, 376, 377, 383, 384, 385, 387, 388, 389, 391, 392, 393, 399, 400, 401, 403, 404, 405, 407, 408, 409, 420, 431, 432, 433, 435, 436, 437, 439, 440, 441, 444, 447, 448, 449, 450, 451, 453, 455, 456, 457, 463, 464, 465, 467, 468, 469, 471, 472, 473, 495, 496, 497, 499, 500, 501, 503, 504, 505, 511, 512, 513, 515, 516, 517, 519, 520, 521, 527, 528, 529, 531, 532, 533, 535, 536, 537, 580, 610, 612, 613, 614, 615, 621, 622, 623, 625, 626, 627, 629, 630, 631, 633, 635, 636, 637, 638, 647, 649, 650, 651, 652, 658, 659, 660, 662, 663, 664, 666, 667, 668, 670, 672, 673, 674, 675, 697, 698, 699, 701, 702, 703, 705, 706, 707, 713, 714, 715, 717, 718, 719, 721, 722, 723, 729, 730, 731, 733, 734, 735, 737, 738, 739]
x_453: [60, 180, 181, 183, 184, 185, 190, 192, 193, 194, 196, 197, 198, 200, 201, 203, 204, 206, 207, 208, 217, 218, 220, 221, 222, 227, 229, 230, 231, 233, 234, 235, 237, 238, 240, 241, 243, 244, 245, 266, 268, 269, 270, 272, 273, 274, 276, 277, 282, 284, 285, 286, 288, 289, 290, 292, 293, 298, 300, 301, 302, 304, 305, 306, 308, 309, 366, 368, 369, 370, 372, 373, 374, 376, 377, 382, 384, 385, 386, 388, 389, 390, 392, 393, 398, 400, 401, 402, 404, 405, 406, 408, 409, 421, 430, 432, 433, 434, 436, 437, 438, 440, 441, 445, 446, 448, 449, 450, 451, 452, 454, 456, 457, 462, 464, 465, 466, 468, 469, 470, 472, 473, 494, 496, 497, 498, 500, 501, 502, 504, 505, 510, 512, 513, 514, 516, 517, 518, 520, 521, 526, 528, 529, 530, 532, 533, 534, 536, 537, 581, 610, 611, 613, 614, 615, 620, 622, 623, 624, 626, 627, 628, 630, 631, 633, 634, 636, 637, 638, 647, 648, 650, 651, 652, 657, 659, 660, 661, 663, 664, 665, 667, 668, 670, 671, 673, 674, 675, 696, 698, 699, 700, 702, 703, 704, 706, 707, 712, 714, 715, 716, 718, 719, 720, 722, 723, 728, 730, 731, 732, 734, 735, 736, 738, 739]
x_454: [61, 181, 182, 184, 186, 187, 189, 194, 195, 197, 198, 199, 201, 204, 205, 207, 218, 219, 221, 223, 224, 226, 231, 232, 234, 235, 236, 238, 241, 242, 244, 262, 263, 265, 270, 271, 273, 274, 275, 277, 278, 279, 281, 286, 287, 289, 290, 291, 293, 294, 295, 297, 302, 303, 305, 306, 307, 309, 362, 363, 365, 370, 371, 373, 374, 375, 377, 378, 379, 381, 386, 387, 389, 390, 391, 393, 394, 395, 397, 402, 403, 405, 406, 407, 409, 422, 426, 427, 429, 434, 435, 437, 438, 439, 441, 442, 443, 445, 446, 450, 451, 453, 455, 456, 457, 458, 459, 461, 466, 467, 469, 470, 471, 473, 490, 491, 493, 498, 499, 501, 502, 503, 505, 506, 507, 509, 514, 515, 517, 518, 519, 521, 522, 523, 525, 530, 531, 533, 534, 535, 537, 582, 611, 612, 614, 616, 617, 619, 624, 625, 627, 628, 629, 631, 634, 635, 637, 648, 649, 651, 653, 654, 656, 661, 662, 664, 665, 666, 668, 671, 672, 674, 692, 693, 695, 700, 701, 703, 704, 705, 707, 708, 709, 711, 716, 717, 719, 720, 721, 723, 724, 725, 727, 732, 733, 735, 736, 737, 739]
x_455: [62, 179, 181, 182, 183, 185, 186, 187, 188, 194, 195, 196, 198, 199, 200, 202, 204, 205, 206, 208, 216, 218, 219, 220, 222, 223, 224, 225, 231, 232, 233, 235, 236, 237, 239, 241, 242, 243, 245, 262, 263, 264, 270, 271, 272, 274, 275, 276, 278, 279, 280, 286, 287, 288, 290, 291, 292, 294, 295, 296, 302, 303, 304, 306, 307, 308, 362, 363, 364, 370, 371, 372, 374, 375, 376, 378, 379, 380, 386, 387, 388, 390, 391, 392, 394, 395, 396, 402, 403, 404, 406, 407, 408, 423, 426, 427, 428, 434, 435, 436, 438, 439, 440, 442, 443, 444, 447, 450, 451, 452, 454, 456, 457, 458, 459, 460, 466, 467, 468, 470, 471, 472, 490, 491, 492, 498, 499, 500, 502, 503, 504, 506, 507, 508, 514, 515, 516, 518, 519, 520, 522, 523, 524, 530, 531, 532, 534, 535, 536, 583, 609, 611, 612, 613, 615, 616, 617, 618, 624, 625, 626, 628, 629, 630, 632, 634, 635, 636, 638, 646, 648, 649, 650, 652, 653, 654, 655, 661, 662, 663, 665, 666, 667, 669, 671, 672, 673, 675, 692, 693, 694, 700, 701, 702, 704, 705, 706, 708, 709, 710, 716, 717, 718, 720, 721, 722, 724, 725, 726, 732, 733, 734, 736, 737, 738]
x_456: [63, 179, 182, 183, 184, 185, 187, 188, 189, 195, 196, 197, 199, 200, 201, 202, 205, 206, 207, 208, 216, 219, 220, 221, 222, 224, 225, 226, 232, 233, 234, 236, 237, 238, 239, 242, 243, 244, 245, 263, 264, 265, 271, 272, 273, 275, 276, 277, 279, 280, 281, 287, 288, 289, 291, 292, 293, 295, 296, 297, 303, 304, 305, 307, 308, 309, 363, 364, 365, 371, 372, 373, 375, 376, 377, 379, 380, 381, 387, 388, 389, 391, 392, 393, 395, 396, 397, 403, 404, 405, 407, 408, 409, 424, 427, 428, 429, 435, 436, 437, 439, 440, 441, 443, 444, 445, 448, 451, 452, 453, 454, 455, 457, 459, 460, 461, 467, 468, 469, 471, 472, 473, 491, 492, 493, 499, 500, 501, 503, 504, 505, 507, 508, 509, 515, 516, 517, 519, 520, 521, 523, 524, 525, 531, 532, 533, 535, 536, 537, 584, 609, 612, 613, 614, 615, 617, 618, 619, 625, 626, 627, 629, 630, 631, 632, 635, 636, 637, 638, 646, 649, 650, 651, 652, 654, 655, 656, 662, 663, 664, 666, 667, 668, 669, 672, 673, 674, 675, 693, 694, 695, 701, 702, 703, 705, 706, 707, 709, 710, 711, 717, 718, 719, 721, 722, 723, 725, 726, 727, 733, 734, 735, 737, 738, 739]
x_457: [64, 179, 181, 183, 184, 185, 186, 188, 189, 194, 196, 197, 198, 200, 201, 202, 204, 206, 207, 208, 216, 218, 220, 221, 222, 223, 225, 226, 231, 233, 234, 235, 237, 238, 239, 241, 243, 244, 245, 262, 264, 265, 270, 272, 273, 274, 276, 277, 278, 280, 281, 286, 288, 289, 290, 292, 293, 294, 296, 297, 302, 304, 305, 306, 308, 309, 362, 364, 365, 370, 372, 373, 374, 376, 377, 378, 380, 381, 386, 388, 389, 390, 392, 393, 394, 396, 397, 402, 404, 405, 406, 408, 409, 425, 426, 428, 429, 434, 436, 437, 438, 440, 441, 442, 444, 445, 449, 450, 452, 453, 454, 455, 456, 458, 460, 461, 466, 468, 469, 470, 472, 473, 490, 492, 493, 498, 500, 501, 502, 504, 505, 506, 508, 509, 514, 516, 517, 518, 520, 521, 522, 524, 525, 530, 532, 533, 534, 536, 537, 585, 609, 611, 613, 614, 615, 616, 618, 619, 624, 626, 627, 628, 630, 631, 632, 634, 636, 637, 638, 646, 648, 650, 651, 652, 653, 655, 656, 661, 663, 664, 665, 667, 668, 669, 671, 673, 674, 675, 692, 694, 695, 700, 702, 703, 704, 706, 707, 708, 710, 711, 716, 718, 719, 720, 722, 723, 724, 726, 727, 732, 734, 735, 736, 738, 739]
x_458: [186, 187, 189, 190, 191, 193, 198, 199, 201, 223, 224, 226, 227, 228, 230, 235, 236, 238, 246, 247, 249, 250, 251, 253, 258, 259, 261, 278, 279, 281, 282, 283, 285, 290, 291, 293, 294, 295, 297, 298, 299, 301, 306, 307, 309, 347, 349, 350, 351, 353, 358, 359, 361, 378, 379, 381, 382, 383, 385, 390, 391, 393, 394, 395, 397, 398, 399, 401, 406, 407, 409, 410, 411, 413, 414, 415, 417, 422, 423, 425, 426, 442, 443, 445, 446, 447, 449, 454, 455, 457, 459, 460, 461, 462, 463, 465, 466, 470, 471, 473, 474, 475, 477, 478, 479, 481, 486, 487, 489, 506, 507, 509, 510, 511, 513, 518, 519, 521, 522, 523, 525, 526, 527, 529, 534, 535, 537, 586, 616, 617, 619, 620, 621, 623, 628, 629, 631, 653, 654, 656, 657, 658, 660, 665, 666, 668, 676, 677, 679, 680, 681, 683, 688, 689, 691, 708, 709, 711, 712, 713, 715, 720, 721, 723, 724, 725, 727, 728, 729, 731, 736, 737, 739]
x_459: [172, 173, 178, 186, 187, 188, 190, 191, 192, 198, 199, 200, 202, 203, 208, 209, 210, 215, 223, 224, 225, 227, 228, 229, 235, 236, 237, 239, 240, 245, 246, 247, 248, 250, 251, 252, 258, 259, 260, 278, 279, 280, 282, 283, 284, 290, 291, 292, 294, 295, 296, 298, 299, 300, 306, 307, 308, 347, 348, 350, 351, 352, 358, 359, 360, 378, 379, 380, 382, 383, 384, 390, 391, 392, 394, 395, 396, 398, 399, 400, 406, 407, 408, 410, 411, 412, 414, 415, 416, 422, 423, 424, 427, 442, 443, 444, 446, 447, 448, 454, 455, 456, 458, 460, 461, 462, 463, 464, 467, 470, 471, 472, 474, 475, 476, 478, 479, 480, 486, 487, 488, 506, 507, 508, 510, 511, 512, 518, 519, 520, 522, 523, 524, 526, 527, 528, 534, 535, 536, 587, 602, 603, 608, 616, 617, 618, 620, 621, 622, 628, 629, 630, 632, 633, 638, 639, 640, 645, 653, 654, 655, 657, 658, 659, 665, 666, 667, 669, 670, 675, 676, 677, 678, 680, 681, 682, 688, 689, 690, 708, 709, 710, 712, 713, 714, 720, 721, 722, 724, 725, 726, 728, 729, 730, 736, 737, 738]
x_460: [65, 172, 173, 178, 187, 188, 189, 191, 192, 193, 199, 200, 201, 202, 203, 208, 209, 210, 215, 224, 225, 226, 228, 229, 230, 236, 237, 238, 239, 240, 245, 247, 248, 249, 251, 252, 253, 259, 260, 261, 279, 280, 281, 283, 284, 285, 291, 292, 293, 295, 296, 297, 299, 300, 301, 307, 308, 309, 347, 348, 349, 351, 352, 353, 359, 360, 361, 379, 380, 381, 383, 384, 385, 391, 392, 393, 395, 396, 397, 399, 400, 401, 407, 408, 409, 411, 412, 413, 415, 416, 417, 423, 424, 425, 428, 443, 444, 445, 447, 448, 449, 455, 456, 457, 458, 459, 461, 463, 464, 465, 468, 471, 472, 473, 475, 476, 477, 479, 480, 481, 487, 488, 489, 507, 508, 509, 511, 512, 513, 519, 520, 521, 523, 524, 525, 527, 528, 529, 535, 536, 537, 588, 602, 603, 608, 617, 618, 619, 621, 622, 623, 629, 630, 631, 632, 633, 638, 639, 640, 645, 654, 655, 656, 658, 659, 660, 666, 667, 668, 669, 670, 675, 677, 678, 679, 681, 682, 683, 689, 690, 691, 709, 710, 711, 713, 714, 715, 721, 722, 723, 725, 726, 727, 729, 730, 731, 737, 738, 739]
x_461: [172, 173, 178, 186, 188, 189, 190, 192, 193, 198, 200, 201, 202, 203, 208, 209, 210, 215, 223, 225, 226, 227, 229, 230, 235, 237, 238, 239, 240, 245, 246, 248, 249, 250, 252, 253, 258, 260, 261, 278, 280, 281, 282, 284, 285, 290, 292, 293, 294, 296, 297, 298, 300, 301, 306, 308, 309, 348, 349, 350, 352, 353, 358, 360, 361, 378, 380, 381, 382, 384, 385, 390, 392, 393, 394, 396, 397, 398, 400, 401, 406, 408, 409, 410, 412, 413, 414, 416, 417, 422, 424, 425, 429, 442, 444, 445, 446, 448, 449, 454, 456, 457, 458, 459, 460, 462, 464, 465, 469, 470, 472, 473, 474, 476, 477, 478, 480, 481, 486, 488, 489, 506, 508, 509, 510, 512, 513, 518, 520, 521, 522, 524, 525, 526, 528, 529, 534, 536, 537, 589, 602, 603, 608, 616, 618, 619, 620, 622, 623, 628, 630, 631, 632, 633, 638, 639, 640, 645, 653, 655, 656, 657, 659, 660, 665, 667, 668, 669, 670, 675, 676, 678, 679, 680, 682, 683, 688, 690, 691, 708, 710, 711, 712, 714, 715, 720, 722, 723, 724, 726, 727, 728, 730, 731, 736, 738, 739]
x_462: [174, 175, 177, 186, 187, 189, 190, 191, 193, 194, 195, 197, 204, 205, 207, 211, 212, 214, 223, 224, 226, 227, 228, 230, 231, 232, 234, 241, 242, 244, 246, 247, 249, 250, 251, 253, 254, 255, 257, 278, 279, 281, 282, 283, 285, 286, 287, 289, 294, 295, 297, 298, 299, 301, 302, 303, 305, 347, 349, 350, 351, 353, 354, 355, 357, 378, 379, 381, 382, 383, 385, 386, 387, 389, 394, 395, 397, 398, 399, 401, 402, 403, 405, 410, 411, 413, 414, 415, 417, 418, 419, 421, 430, 442, 443, 445, 446, 447, 449, 450, 451, 453, 458, 459, 461, 463, 464, 465, 466, 467, 469, 470, 474, 475, 477, 478, 479, 481, 482, 483, 485, 506, 507, 509, 510, 511, 513, 514, 515, 517, 522, 523, 525, 526, 527, 529, 530, 531, 533, 590, 604, 605, 607, 616, 617, 619, 620, 621, 623, 624, 625, 627, 634, 635, 637, 641, 642, 644, 653, 654, 656, 657, 658, 660, 661, 662, 664, 671, 672, 674, 676, 677, 679, 680, 681, 683, 684, 685, 687, 708, 709, 711, 712, 713, 715, 716, 717, 719, 724, 725, 727, 728, 729, 731, 732, 733, 735]
x_463: [172, 173, 174, 175, 176, 186, 187, 188, 190, 191, 192, 194, 195, 196, 202, 203, 204, 205, 206, 209, 210, 211, 212, 213, 223, 224, 225, 227, 228, 229, 231, 232, 233, 239, 240, 241, 242, 243, 246, 247, 248, 250, 251, 252, 254, 255, 256, 278, 279, 280, 282, 283, 284, 286, 287, 288, 294, 295, 296, 298, 299, 300, 302, 303, 304, 347, 348, 350, 351, 352, 354, 355, 356, 378, 379, 380, 382, 383, 384, 386, 387, 388, 394, 395, 396, 398, 399, 400, 402, 403, 404, 410, 411, 412, 414, 415, 416, 418, 419, 420, 431, 442, 443, 444, 446, 447, 448, 450, 451, 452, 458, 459, 460, 462, 464, 465, 466, 467, 468, 471, 474, 475, 476, 478, 479, 480, 482, 483, 484, 506, 507, 508, 510, 511, 512, 514, 515, 516, 522, 523, 524, 526, 527, 528, 530, 531, 532, 591, 602, 603, 604, 605, 606, 616, 617, 618, 620, 621, 622, 624, 625, 626, 632, 633, 634, 635, 636, 639, 640, 641, 642, 643, 653, 654, 655, 657, 658, 659, 661, 662, 663, 669, 670, 671, 672, 673, 676, 677, 678, 680, 681, 682, 684, 685, 686, 708, 709, 710, 712, 713, 714, 716, 717, 718, 724, 725, 726, 728, 729, 730, 732, 733, 734]
x_464: [66, 172, 173, 175, 176, 177, 187, 188, 189, 191, 192, 193, 195, 196, 197, 202, 203, 205, 206, 207, 209, 210, 212, 213, 214, 224, 225, 226, 228, 229, 230, 232, 233, 234, 239, 240, 242, 243, 244, 247, 248, 249, 251, 252, 253, 255, 256, 257, 279, 280, 281, 283, 284, 285, 287, 288, 289, 295, 296, 297, 299, 300, 301, 303, 304, 305, 347, 348, 349, 351, 352, 353, 355, 356, 357, 379, 380, 381, 383, 384, 385, 387, 388, 389, 395, 396, 397, 399, 400, 401, 403, 404, 405, 411, 412, 413, 415, 416, 417, 419, 420, 421, 432, 443, 444, 445, 447, 448, 449, 451, 452, 453, 459, 460, 461, 462, 463, 465, 467, 468, 469, 472, 475, 476, 477, 479, 480, 481, 483, 484, 485, 507, 508, 509, 511, 512, 513, 515, 516, 517, 523, 524, 525, 527, 528, 529, 531, 532, 533, 592, 602, 603, 605, 606, 607, 617, 618, 619, 621, 622, 623, 625, 626, 627, 632, 633, 635, 636, 637, 639, 640, 642, 643, 644, 654, 655, 656, 658, 659, 660, 662, 663, 664, 669, 670, 672, 673, 674, 677, 678, 679, 681, 682, 683, 685, 686, 687, 709, 710, 711, 713, 714, 715, 717, 718, 719, 725, 726, 727, 729, 730, 731, 733, 734, 735]
x_465: [172, 173, 174, 176, 177, 186, 188, 189, 190, 192, 193, 194, 196, 197, 202, 203, 204, 206, 207, 209, 210, 211, 213, 214, 223, 225, 226, 227, 229, 230, 231, 233, 234, 239, 240, 241, 243, 244, 246, 248, 249, 250, 252, 253, 254, 256, 257, 278, 280, 281, 282, 284, 285, 286, 288, 289, 294, 296, 297, 298, 300, 301, 302, 304, 305, 348, 349, 350, 352, 353, 354, 356, 357, 378, 380, 381, 382, 384, 385, 386, 388, 389, 394, 396, 397, 398, 400, 401, 402, 404, 405, 410, 412, 413, 414, 416, 417, 418, 420, 421, 433, 442, 444, 445, 446, 448, 449, 450, 452, 453, 458, 460, 461, 462, 463, 464, 466, 468, 469, 473, 474, 476, 477, 478, 480, 481, 482, 484, 485, 506, 508, 509, 510, 512, 513, 514, 516, 517, 522, 524, 525, 526, 528, 529, 530, 532, 533, 593, 602, 603, 604, 606, 607, 616, 618, 619, 620, 622, 623, 624, 626, 627, 632, 633, 634, 636, 637, 639, 640, 641, 643, 644, 653, 655, 656, 657, 659, 660, 661, 663, 664, 669, 670, 671, 673, 674, 676, 678, 679, 680, 682, 683, 684, 686, 687, 708, 710, 711, 712, 714, 715, 716, 718, 719, 724, 726, 727, 728, 730, 731, 732, 734, 735]
x_466: [67, 174, 175, 177, 190, 191, 193, 194, 195, 197, 198, 199, 201, 204, 205, 207, 211, 212, 214, 227, 228, 230, 231, 232, 234, 235, 236, 238, 241, 242, 244, 250, 251, 253, 254, 255, 257, 258, 259, 261, 282, 283, 285, 286, 287, 289, 290, 291, 293, 298, 299, 301, 302, 303, 305, 306, 307, 309, 350, 351, 353, 354, 355, 357, 358, 359, 361, 382, 383, 385, 386, 387, 389, 390, 391, 393, 398, 399, 401, 402, 403, 405, 406, 407, 409, 414, 415, 417, 418, 419, 421, 422, 423, 425, 434, 446, 447, 449, 450, 451, 453, 454, 455, 457, 458, 462, 463, 465, 467, 468, 469, 470, 471, 473, 478, 479, 481, 482, 483, 485, 486, 487, 489, 510, 511, 513, 514, 515, 517, 518, 519, 521, 526, 527, 529, 530, 531, 533, 534, 535, 537, 594, 604, 605, 607, 620, 621, 623, 624, 625, 627, 628, 629, 631, 634, 635, 637, 641, 642, 644, 657, 658, 660, 661, 662, 664, 665, 666, 668, 671, 672, 674, 680, 681, 683, 684, 685, 687, 688, 689, 691, 712, 713, 715, 716, 717, 719, 720, 721, 723, 728, 729, 731, 732, 733, 735, 736, 737, 739]
x_467: [68, 173, 174, 175, 176, 178, 190, 191, 192, 194, 195, 196, 198, 199, 200, 203, 204, 205, 206, 208, 210, 211, 212, 213, 215, 227, 228, 229, 231, 232, 233, 235, 236, 237, 240, 241, 242, 243, 245, 250, 251, 252, 254, 255, 256, 258, 259, 260, 282, 283, 284, 286, 287, 288, 290, 291, 292, 298, 299, 300, 302, 303, 304, 306, 307, 308, 350, 351, 352, 354, 355, 356, 358, 359, 360, 382, 383, 384, 386, 387, 388, 390, 391, 392, 398, 399, 400, 402, 403, 404, 406, 407, 408, 414, 415, 416, 418, 419, 420, 422, 423, 424, 435, 446, 447, 448, 450, 451, 452, 454, 455, 456, 459, 462, 463, 464, 466, 468, 469, 470, 471, 472, 478, 479, 480, 482, 483, 484, 486, 487, 488, 510, 511, 512, 514, 515, 516, 518, 519, 520, 526, 527, 528, 530, 531, 532, 534, 535, 536, 595, 603, 604, 605, 606, 608, 620, 621, 622, 624, 625, 626, 628, 629, 630, 633, 634, 635, 636, 638, 640, 641, 642, 643, 645, 657, 658, 659, 661, 662, 663, 665, 666, 667, 670, 671, 672, 673, 675, 680, 681, 682, 684, 685, 686, 688, 689, 690, 712, 713, 714, 716, 717, 718, 720, 721, 722, 728, 729, 730, 732, 733, 734, 736, 737, 738]
x_468: [69, 173, 175, 176, 177, 178, 191, 192, 193, 195, 196, 197, 199, 200, 201, 203, 205, 206, 207, 208, 210, 212, 213, 214, 215, 228, 229, 230, 232, 233, 234, 236, 237, 238, 240, 242, 243, 244, 245, 251, 252, 253, 255, 256, 257, 259, 260, 261, 283, 284, 285, 287, 288, 289, 291, 292, 293, 299, 300, 301, 303, 304, 305, 307, 308, 309, 351, 352, 353, 355, 356, 357, 359, 360, 361, 383, 384, 385, 387, 388, 389, 391, 392, 393, 399, 400, 401, 403, 404, 405, 407, 408, 409, 415, 416, 417, 419, 420, 421, 423, 424, 425, 436, 447, 448, 449, 451, 452, 453, 455, 456, 457, 460, 463, 464, 465, 466, 467, 469, 471, 472, 473, 479, 480, 481, 483, 484, 485, 487, 488, 489, 511, 512, 513, 515, 516, 517, 519, 520, 521, 527, 528, 529, 531, 532, 533, 535, 536, 537, 596, 603, 605, 606, 607, 608, 621, 622, 623, 625, 626, 627, 629, 630, 631, 633, 635, 636, 637, 638, 640, 642, 643, 644, 645, 658, 659, 660, 662, 663, 664, 666, 667, 668, 670, 672, 673, 674, 675, 681, 682, 683, 685, 686, 687, 689, 690, 691, 713, 714, 715, 717, 718, 719, 721, 722, 723, 729, 730, 731, 733, 734, 735, 737, 738, 739]
x_469: [70, 173, 174, 176, 177, 178, 190, 192, 193, 194, 196, 197, 198, 200, 201, 203, 204, 206, 207, 208, 210, 211, 213, 214, 215, 227, 229, 230, 231, 233, 234, 235, 237, 238, 240, 241, 243, 244, 245, 250, 252, 253, 254, 256, 257, 258, 260, 261, 282, 284, 285, 286, 288, 289, 290, 292, 293, 298, 300, 301, 302, 304, 305, 306, 308, 309, 350, 352, 353, 354, 356, 357, 358, 360, 361, 382, 384, 385, 386, 388, 389, 390, 392, 393, 398, 400, 401, 402, 404, 405, 406, 408, 409, 414, 416, 417, 418, 420, 421, 422, 424, 425, 437, 446, 448, 449, 450, 452, 453, 454, 456, 457, 461, 462, 464, 465, 466, 467, 468, 470, 472, 473, 478, 480, 481, 482, 484, 485, 486, 488, 489, 510, 512, 513, 514, 516, 517, 518, 520, 521, 526, 528, 529, 530, 532, 533, 534, 536, 537, 597, 603, 604, 606, 607, 608, 620, 622, 623, 624, 626, 627, 628, 630, 631, 633, 634, 636, 637, 638, 640, 641, 643, 644, 645, 657, 659, 660, 661, 663, 664, 665, 667, 668, 670, 671, 673, 674, 675, 680, 682, 683, 684, 686, 687, 688, 690, 691, 712, 714, 715, 716, 718, 719, 720, 722, 723, 728, 730, 731, 732, 734, 735, 736, 738, 739]
x_470: [174, 175, 177, 186, 187, 189, 194, 195, 197, 198, 199, 201, 204, 205, 207, 211, 212, 214, 223, 224, 226, 231, 232, 234, 235, 236, 238, 241, 242, 244, 246, 247, 249, 254, 255, 257, 258, 259, 261, 278, 279, 281, 286, 287, 289, 290, 291, 293, 294, 295, 297, 302, 303, 305, 306, 307, 309, 347, 349, 354, 355, 357, 358, 359, 361, 378, 379, 381, 386, 387, 389, 390, 391, 393, 394, 395, 397, 402, 403, 405, 406, 407, 409, 410, 411, 413, 418, 419, 421, 422, 423, 425, 438, 442, 443, 445, 450, 451, 453, 454, 455, 457, 458, 459, 461, 462, 466, 467, 469, 471, 472, 473, 474, 475, 477, 482, 483, 485, 486, 487, 489, 506, 507, 509, 514, 515, 517, 518, 519, 521, 522, 523, 525, 530, 531, 533, 534, 535, 537, 598, 604, 605, 607, 616, 617, 619, 624, 625, 627, 628, 629, 631, 634, 635, 637, 641, 642, 644, 653, 654, 656, 661, 662, 664, 665, 666, 668, 671, 672, 674, 676, 677, 679, 684, 685, 687, 688, 689, 691, 708, 709, 711, 716, 717, 719, 720, 721, 723, 724, 725, 727, 732, 733, 735, 736, 737, 739]
x_471: [172, 174, 175, 176, 178, 186, 187, 188, 194, 195, 196, 198, 199, 200, 202, 204, 205, 206, 208, 209, 211, 212, 213, 215, 223, 224, 225, 231, 232, 233, 235, 236, 237, 239, 241, 242, 243, 245, 246, 247, 248, 254, 255, 256, 258, 259, 260, 278, 279, 280, 286, 287, 288, 290, 291, 292, 294, 295, 296, 302, 303, 304, 306, 307, 308, 347, 348, 354, 355, 356, 358, 359, 360, 378, 379, 380, 386, 387, 388, 390, 391, 392, 394, 395, 396, 402, 403, 404, 406, 407, 408, 410, 411, 412, 418, 419, 420, 422, 423, 424, 439, 442, 443, 444, 450, 451, 452, 454, 455, 456, 458, 459, 460, 463, 466, 467, 468, 470, 472, 473, 474, 475, 476, 482, 483, 484, 486, 487, 488, 506, 507, 508, 514, 515, 516, 518, 519, 520, 522, 523, 524, 530, 531, 532, 534, 535, 536, 599, 602, 604, 605, 606, 608, 616, 617, 618, 624, 625, 626, 628, 629, 630, 632, 634, 635, 636, 638, 639, 641, 642, 643, 645, 653, 654, 655, 661, 662, 663, 665, 666, 667, 669, 671, 672, 673, 675, 676, 677, 678, 684, 685, 686, 688, 689, 690, 708, 709, 710, 716, 717, 718, 720, 721, 722, 724, 725, 726, 732, 733, 734, 736, 737, 738]
x_472: [71, 172, 175, 176, 177, 178, 187, 188, 189, 195, 196, 197, 199, 200, 201, 202, 205, 206, 207, 208, 209, 212, 213, 214, 215, 224, 225, 226, 232, 233, 234, 236, 237, 238, 239, 242, 243, 244, 245, 247, 248, 249, 255, 256, 257, 259, 260, 261, 279, 280, 281, 287, 288, 289, 291, 292, 293, 295, 296, 297, 303, 304, 305, 307, 308, 309, 347, 348, 349, 355, 356, 357, 359, 360, 361, 379, 380, 381, 387, 388, 389, 391, 392, 393, 395, 396, 397, 403, 404, 405, 407, 408, 409, 411, 412, 413, 419, 420, 421, 423, 424, 425, 440, 443, 444, 445, 451, 452, 453, 455, 456, 457, 459, 460, 461, 464, 467, 468, 469, 470, 471, 473, 475, 476, 477, 483, 484, 485, 487, 488, 489, 507, 508, 509, 515, 516, 517, 519, 520, 521, 523, 524, 525, 531, 532, 533, 535, 536, 537, 600, 602, 605, 606, 607, 608, 617, 618, 619, 625, 626, 627, 629, 630, 631, 632, 635, 636, 637, 638, 639, 642, 643, 644, 645, 654, 655, 656, 662, 663, 664, 666, 667, 668, 669, 672, 673, 674, 675, 677, 678, 679, 685, 686, 687, 689, 690, 691, 709, 710, 711, 717, 718, 719, 721, 722, 723, 725, 726, 727, 733, 734, 735, 737, 738, 739]
x_473: [172, 174, 176, 177, 178, 186, 188, 189, 194, 196, 197, 198, 200, 201, 202, 204, 206, 207, 208, 209, 211, 213, 214, 215, 223, 225, 226, 231, 233, 234, 235, 237, 238, 239, 241, 243, 244, 245, 246, 248, 249, 254, 256, 257, 258, 260, 261, 278, 280, 281, 286, 288, 289, 290, 292, 293, 294, 296, 297, 302, 304, 305, 306, 308, 309, 348, 349, 354, 356, 357, 358, 360, 361, 378, 380, 381, 386, 388, 389, 390, 392, 393, 394, 396, 397, 402, 404, 405, 406, 408, 409, 410, 412, 413, 418, 420, 421, 422, 424, 425, 441, 442, 444, 445, 450, 452, 453, 454, 456, 457, 458, 460, 461, 465, 466, 468, 469, 470, 471, 472, 474, 476, 477, 482, 484, 485, 486, 488, 489, 506, 508, 509, 514, 516, 517, 518, 520, 521, 522, 524, 525, 530, 532, 533, 534, 536, 537, 601, 602, 604, 606, 607, 608, 616, 618, 619, 624, 626, 627, 628, 630, 631, 632, 634, 636, 637, 638, 639, 641, 643, 644, 645, 653, 655, 656, 661, 663, 664, 665, 667, 668, 669, 671, 673, 674, 675, 676, 678, 679, 684, 686, 687, 688, 690, 691, 708, 710, 711, 716, 718, 719, 720, 722, 723, 724, 726, 727, 732, 734, 735, 736, 738, 739]
x_474: [246, 247, 249, 250, 251, 253, 258, 259, 261, 262, 263, 265, 266, 267, 269, 274, 275, 277, 294, 295, 297, 298, 299, 301, 306, 307, 309, 410, 411, 413, 414, 415, 417, 422, 423, 425, 426, 427, 429, 430, 431, 433, 438, 439, 441, 458, 459, 461, 462, 463, 465, 470, 471, 473, 475, 476, 477, 478, 479, 481, 482, 486, 487, 489, 490, 491, 493, 494, 495, 497, 502, 503, 505, 506, 522, 523, 525, 526, 527, 529, 534, 535, 537, 538, 539, 541, 542, 543, 545, 550, 551, 553, 554, 555, 557, 558, 559, 561, 566, 567, 569, 586, 587, 589, 590, 591, 593, 598, 599, 601, 676, 677, 679, 680, 681, 683, 688, 689, 691, 692, 693, 695, 696, 697, 699, 704, 705, 707, 724, 725, 727, 728, 729, 731, 736, 737, 739]
x_475: [72, 209, 210, 215, 216, 217, 222, 239, 240, 245, 246, 247, 248, 250, 251, 252, 258, 259, 260, 262, 263, 264, 266, 267, 268, 274, 275, 276, 294, 295, 296, 298, 299, 300, 306, 307, 308, 310, 311, 316, 317, 318, 323, 340, 341, 346, 347, 410, 411, 412, 414, 415, 416, 422, 423, 424, 426, 427, 428, 430, 431, 432, 438, 439, 440, 458, 459, 460, 462, 463, 464, 470, 471, 472, 474, 476, 477, 478, 479, 480, 483, 486, 487, 488, 490, 491, 492, 494, 495, 496, 502, 503, 504, 507, 522, 523, 524, 526, 527, 528, 534, 535, 536, 538, 539, 540, 542, 543, 544, 550, 551, 552, 554, 555, 556, 558, 559, 560, 566, 567, 568, 586, 587, 588, 590, 591, 592, 598, 599, 600, 639, 640, 645, 646, 647, 652, 669, 670, 675, 676, 677, 678, 680, 681, 682, 688, 689, 690, 692, 693, 694, 696, 697, 698, 704, 705, 706, 724, 725, 726, 728, 729, 730, 736, 737, 738, 740, 741, 746, 747, 748, 753, 770, 771, 776]
x_476: [73, 209, 210, 215, 216, 217, 222, 239, 240, 245, 247, 248, 249, 251, 252, 253, 259, 260, 261, 263, 264, 265, 267, 268, 269, 275, 276, 277, 295, 296, 297, 299, 300, 301, 307, 308, 309, 310, 311, 316, 317, 318, 323, 340, 341, 346, 348, 411, 412, 413, 415, 416, 417, 423, 424, 425, 427, 428, 429, 431, 432, 433, 439, 440, 441, 459, 460, 461, 463, 464, 465, 471, 472, 473, 474, 475, 477, 479, 480, 481, 484, 487, 488, 489, 491, 492, 493, 495, 496, 497, 503, 504, 505, 508, 523, 524, 525, 527, 528, 529, 535, 536, 537, 539, 540, 541, 543, 544, 545, 551, 552, 553, 555, 556, 557, 559, 560, 561, 567, 568, 569, 587, 588, 589, 591, 592, 593, 599, 600, 601, 639, 640, 645, 646, 647, 652, 669, 670, 675, 677, 678, 679, 681, 682, 683, 689, 690, 691, 693, 694, 695, 697, 698, 699, 705, 706, 707, 725, 726, 727, 729, 730, 731, 737, 738, 739, 740, 741, 746, 747, 748, 753, 770, 771, 776]
x_477: [74, 209, 210, 215, 216, 217, 222, 239, 240, 245, 246, 248, 249, 250, 252, 253, 258, 260, 261, 262, 264, 265, 266, 268, 269, 274, 276, 277, 294, 296, 297, 298, 300, 301, 306, 308, 309, 310, 311, 316, 317, 318, 323, 340, 341, 346, 349, 410, 412, 413, 414, 416, 417, 422, 424, 425, 426, 428, 429, 430, 432, 433, 438, 440, 441, 458, 460, 461, 462, 464, 465, 470, 472, 473, 474, 475, 476, 478, 480, 481, 485, 486, 488, 489, 490, 492, 493, 494, 496, 497, 502, 504, 505, 509, 522, 524, 525, 526, 528, 529, 534, 536, 537, 538, 540, 541, 542, 544, 545, 550, 552, 553, 554, 556, 557, 558, 560, 561, 566, 568, 569, 586, 588, 589, 590, 592, 593, 598, 600, 601, 639, 640, 645, 646, 647, 652, 669, 670, 675, 676, 678, 679, 680, 682, 683, 688, 690, 691, 692, 694, 695, 696, 698, 699, 704, 706, 707, 724, 726, 727, 728, 730, 731, 736, 738, 739, 740, 741, 746, 747, 748, 753, 770, 771, 776]
x_478: [75, 211, 212, 214, 218, 219, 221, 241, 242, 244, 246, 247, 249, 250, 251, 253, 254, 255, 257, 262, 263, 265, 266, 267, 269, 270, 271, 273, 294, 295, 297, 298, 299, 301, 302, 303, 305, 312, 313, 315, 319, 320, 322, 342, 343, 345, 350, 410, 411, 413, 414, 415, 417, 418, 419, 421, 426, 427, 429, 430, 431, 433, 434, 435, 437, 458, 459, 461, 462, 463, 465, 466, 467, 469, 474, 475, 477, 479, 480, 481, 482, 483, 485, 486, 490, 491, 493, 494, 495, 497, 498, 499, 501, 510, 522, 523, 525, 526, 527, 529, 530, 531, 533, 538, 539, 541, 542, 543, 545, 546, 547, 549, 554, 555, 557, 558, 559, 561, 562, 563, 565, 586, 587, 589, 590, 591, 593, 594, 595, 597, 641, 642, 644, 648, 649, 651, 671, 672, 674, 676, 677, 679, 680, 681, 683, 684, 685, 687, 692, 693, 695, 696, 697, 699, 700, 701, 703, 724, 725, 727, 728, 729, 731, 732, 733, 735, 742, 743, 745, 749, 750, 752, 772, 773, 775]
x_479: [76, 209, 210, 211, 212, 213, 216, 217, 218, 219, 220, 239, 240, 241, 242, 243, 246, 247, 248, 250, 251, 252, 254, 255, 256, 262, 263, 264, 266, 267, 268, 270, 271, 272, 294, 295, 296, 298, 299, 300, 302, 303, 304, 310, 311, 312, 313, 314, 317, 318, 319, 320, 321, 340, 341, 342, 343, 344, 351, 410, 411, 412, 414, 415, 416, 418, 419, 420, 426, 427, 428, 430, 431, 432, 434, 435, 436, 458, 459, 460, 462, 463, 464, 466, 467, 468, 474, 475, 476, 478, 480, 481, 482, 483, 484, 487, 490, 491, 492, 494, 495, 496, 498, 499, 500, 511, 522, 523, 524, 526, 527, 528, 530, 531, 532, 538, 539, 540, 542, 543, 544, 546, 547, 548, 554, 555, 556, 558, 559, 560, 562, 563, 564, 586, 587, 588, 590, 591, 592, 594, 595, 596, 639, 640, 641, 642, 643, 646, 647, 648, 649, 650, 669, 670, 671, 672, 673, 676, 677, 678, 680, 681, 682, 684, 685, 686, 692, 693, 694, 696, 697, 698, 700, 701, 702, 724, 725, 726, 728, 729, 730, 732, 733, 734, 740, 741, 742, 743, 744, 747, 748, 749, 750, 751, 770, 771, 772, 773, 774]
x_480: [77, 209, 210, 212, 213, 214, 216, 217, 219, 220, 221, 239, 240, 242, 243, 244, 247, 248, 249, 251, 252, 253, 255, 256, 257, 263, 264, 265, 267, 268, 269, 271, 272, 273, 295, 296, 297, 299, 300, 301, 303, 304, 305, 310, 311, 313, 314, 315, 317, 318, 320, 321, 322, 340, 341, 343, 344, 345, 352, 411, 412, 413, 415, 416, 417, 419, 420, 421, 427, 428, 429, 431, 432, 433, 435, 436, 437, 459, 460, 461, 463, 464, 465, 467, 468, 469, 475, 476, 477, 478, 479, 481, 483, 484, 485, 488, 491, 492, 493, 495, 496, 497, 499, 500, 501, 512, 523, 524, 525, 527, 528, 529, 531, 532, 533, 539, 540, 541, 543, 544, 545, 547, 548, 549, 555, 556, 557, 559, 560, 561, 563, 564, 565, 587, 588, 589, 591, 592, 593, 595, 596, 597, 639, 640, 642, 643, 644, 646, 647, 649, 650, 651, 669, 670, 672, 673, 674, 677, 678, 679, 681, 682, 683, 685, 686, 687, 693, 694, 695, 697, 698, 699, 701, 702, 703, 725, 726, 727, 729, 730, 731, 733, 734, 735, 740, 741, 743, 744, 745, 747, 748, 750, 751, 752, 770, 771, 773, 774, 775]
x_481: [78, 209, 210, 211, 213, 214, 216, 217, 218, 220, 221, 239, 240, 241, 243, 244, 246, 248, 249, 250, 252, 253, 254, 256, 257, 262, 264, 265, 266, 268, 269, 270, 272, 273, 294, 296, 297, 298, 300, 301, 302, 304, 305, 310, 311, 312, 314, 315, 317, 318, 319, 321, 322, 340, 341, 342, 344, 345, 353, 410, 412, 413, 414, 416, 417, 418, 420, 421, 426, 428, 429, 430, 432, 433, 434, 436, 437, 458, 460, 461, 462, 464, 465, 466, 468, 469, 474, 476, 477, 478, 479, 480, 482, 484, 485, 489, 490, 492, 493, 494, 496, 497, 498, 500, 501, 513, 522, 524, 525, 526, 528, 529, 530, 532, 533, 538, 540, 541, 542, 544, 545, 546, 548, 549, 554, 556, 557, 558, 560, 561, 562, 564, 565, 586, 588, 589, 590, 592, 593, 594, 596, 597, 639, 640, 641, 643, 644, 646, 647, 648, 650, 651, 669, 670, 671, 673, 674, 676, 678, 679, 680, 682, 683, 684, 686, 687, 692, 694, 695, 696, 698, 699, 700, 702, 703, 724, 726, 727, 728, 730, 731, 732, 734, 735, 740, 741, 742, 744, 745, 747, 748, 749, 751, 752, 770, 771, 772, 774, 775]
x_482: [79, 211, 212, 214, 218, 219, 221, 241, 242, 244, 250, 251, 253, 254, 255, 257, 258, 259, 261, 266, 267, 269, 270, 271, 273, 274, 275, 277, 298, 299, 301, 302, 303, 305, 306, 307, 309, 312, 313, 315, 319, 320, 322, 342, 343, 345, 354, 414, 415, 417, 418, 419, 421, 422, 423, 425, 430, 431, 433, 434, 435, 437, 438, 439, 441, 462, 463, 465, 466, 467, 469, 470, 471, 473, 474, 478, 479, 481, 483, 484, 485, 486, 487, 489, 494, 495, 497, 498, 499, 501, 502, 503, 505, 514, 526, 527, 529, 530, 531, 533, 534, 535, 537, 542, 543, 545, 546, 547, 549, 550, 551, 553, 558, 559, 561, 562, 563, 565, 566, 567, 569, 590, 591, 593, 594, 595, 597, 598, 599, 601, 641, 642, 644, 648, 649, 651, 671, 672, 674, 680, 681, 683, 684, 685, 687, 688, 689, 691, 696, 697, 699, 700, 701, 703, 704, 705, 707, 728, 729, 731, 732, 733, 735, 736, 737, 739, 742, 743, 745, 749, 750, 752, 772, 773, 775]
x_483: [80, 210, 211, 212, 213, 215, 217, 218, 219, 220, 222, 240, 241, 242, 243, 245, 250, 251, 252, 254, 255, 256, 258, 259, 260, 266, 267, 268, 270, 271, 272, 274, 275, 276, 298, 299, 300, 302, 303, 304, 306, 307, 308, 311, 312, 313, 314, 316, 318, 319, 320, 321, 323, 341, 342, 343, 344, 346, 355, 414, 415, 416, 418, 419, 420, 422, 423, 424, 430, 431, 432, 434, 435, 436, 438, 439, 440, 462, 463, 464, 466, 467, 468, 470, 471, 472, 475, 478, 479, 480, 482, 484, 485, 486, 487, 488, 494, 495, 496, 498, 499, 500, 502, 503, 504, 515, 526, 527, 528, 530, 531, 532, 534, 535, 536, 542, 543, 544, 546, 547, 548, 550, 551, 552, 558, 559, 560, 562, 563, 564, 566, 567, 568, 590, 591, 592, 594, 595, 596, 598, 599, 600, 640, 641, 642, 643, 645, 647, 648, 649, 650, 652, 670, 671, 672, 673, 675, 680, 681, 682, 684, 685, 686, 688, 689, 690, 696, 697, 698, 700, 701, 702, 704, 705, 706, 728, 729, 730, 732, 733, 734, 736, 737, 738, 741, 742, 743, 744, 746, 748, 749, 750, 751, 753, 771, 772, 773, 774, 776]
x_484: [81, 210, 212, 213, 214, 215, 217, 219, 220, 221, 222, 240, 242, 243, 244, 245, 251, 252, 253, 255, 256, 257, 259, 260, 261, 267, 268, 269, 271, 272, 273, 275, 276, 277, 299, 300, 301, 303, 304, 305, 307, 308, 309, 311, 313, 314, 315, 316, 318, 320, 321, 322, 323, 341, 343, 344, 345, 346, 356, 415, 416, 417, 419, 420, 421, 423, 424, 425, 431, 432, 433, 435, 436, 437, 439, 440, 441, 463, 464, 465, 467, 468, 469, 471, 472, 473, 476, 479, 480, 481, 482, 483, 485, 487, 488, 489, 495, 496, 497, 499, 500, 501, 503, 504, 505, 516, 527, 528, 529, 531, 532, 533, 535, 536, 537, 543, 544, 545, 547, 548, 549, 551, 552, 553, 559, 560, 561, 563, 564, 565, 567, 568, 569, 591, 592, 593, 595, 596, 597, 599, 600, 601, 640, 642, 643, 644, 645, 647, 649, 650, 651, 652, 670, 672, 673, 674, 675, 681, 682, 683, 685, 686, 687, 689, 690, 691, 697, 698, 699, 701, 702, 703, 705, 706, 707, 729, 730, 731, 733, 734, 735, 737, 738, 739, 741, 743, 744, 745, 746, 748, 750, 751, 752, 753, 771, 773, 774, 775, 776]
x_485: [82, 210, 211, 213, 214, 215, 217, 218, 220, 221, 222, 240, 241, 243, 244, 245, 250, 252, 253, 254, 256, 257, 258, 260, 261, 266, 268, 269, 270, 272, 273, 274, 276, 277, 298, 300, 301, 302, 304, 305, 306, 308, 309, 311, 312, 314, 315, 316, 318, 319, 321, 322, 323, 341, 342, 344, 345, 346, 357, 414, 416, 417, 418, 420, 421, 422, 424, 425, 430, 432, 433, 434, 436, 437, 438, 440, 441, 462, 464, 465, 466, 468, 469, 470, 472, 473, 477, 478, 480, 481, 482, 483, 484, 486, 488, 489, 494, 496, 497, 498, 500, 501, 502, 504, 505, 517, 526, 528, 529, 530, 532, 533, 534, 536, 537, 542, 544, 545, 546, 548, 549, 550, 552, 553, 558, 560, 561, 562, 564, 565, 566, 568, 569, 590, 592, 593, 594, 596, 597, 598, 600, 601, 640, 641, 643, 644, 645, 647, 648, 650, 651, 652, 670, 671, 673, 674, 675, 680, 682, 683, 684, 686, 687, 688, 690, 691, 696, 698, 699, 700, 702, 703, 704, 706, 707, 728, 730, 731, 732, 734, 735, 736, 738, 739, 741, 742, 744, 745, 746, 748, 749, 751, 752, 753, 771, 772, 774, 775, 776]
x_486: [83, 211, 212, 214, 218, 219, 221, 241, 242, 244, 246, 247, 249, 254, 255, 257, 258, 259, 261, 262, 263, 265, 270, 271, 273, 274, 275, 277, 294, 295, 297, 302, 303, 305, 306, 307, 309, 312, 313, 315, 319, 320, 322, 342, 343, 345, 358, 410, 411, 413, 418, 419, 421, 422, 423, 425, 426, 427, 429, 434, 435, 437, 438, 439, 441, 458, 459, 461, 466, 467, 469, 470, 471, 473, 474, 475, 477, 478, 482, 483, 485, 487, 488, 489, 490, 491, 493, 498, 499, 501, 502, 503, 505, 518, 522, 523, 525, 530, 531, 533, 534, 535, 537, 538, 539, 541, 546, 547, 549, 550, 551, 553, 554, 555, 557, 562, 563, 565, 566, 567, 569, 586, 587, 589, 594, 595, 597, 598, 599, 601, 641, 642, 644, 648, 649, 651, 671, 672, 674, 676, 677, 679, 684, 685, 687, 688, 689, 691, 692, 693, 695, 700, 701, 703, 704, 705, 707, 724, 725, 727, 732, 733, 735, 736, 737, 739, 742, 743, 745, 749, 750, 752, 772, 773, 775]
x_487: [84, 209, 211, 212, 213, 215, 216, 218, 219, 220, 222, 239, 241, 242, 243, 245, 246, 247, 248, 254, 255, 256, 258, 259, 260, 262, 263, 264, 270, 271, 272, 274, 275, 276, 294, 295, 296, 302, 303, 304, 306, 307, 308, 310, 312, 313, 314, 316, 317, 319, 320, 321, 323, 340, 342, 343, 344, 346, 359, 410, 411, 412, 418, 419, 420, 422, 423, 424, 426, 427, 428, 434, 435, 436, 438, 439, 440, 458, 459, 460, 466, 467, 468, 470, 471, 472, 474, 475, 476, 479, 482, 483, 484, 486, 488, 489, 490, 491, 492, 498, 499, 500, 502, 503, 504, 519, 522, 523, 524, 530, 531, 532, 534, 535, 536, 538, 539, 540, 546, 547, 548, 550, 551, 552, 554, 555, 556, 562, 563, 564, 566, 567, 568, 586, 587, 588, 594, 595, 596, 598, 599, 600, 639, 641, 642, 643, 645, 646, 648, 649, 650, 652, 669, 671, 672, 673, 675, 676, 677, 678, 684, 685, 686, 688, 689, 690, 692, 693, 694, 700, 701, 702, 704, 705, 706, 724, 725, 726, 732, 733, 734, 736, 737, 738, 740, 742, 743, 744, 746, 747, 749, 750, 751, 753, 770, 772, 773, 774, 776]
x_488: [85, 209, 212, 213, 214, 215, 216, 219, 220, 221, 222, 239, 242, 243, 244, 245, 247, 248, 249, 255, 256, 257, 259, 260, 261, 263, 264, 265, 271, 272, 273, 275, 276, 277, 295, 296, 297, 303, 304, 305, 307, 308, 309, 310, 313, 314, 315, 316, 317, 320, 321, 322, 323, 340, 343, 344, 345, 346, 360, 411, 412, 413, 419, 420, 421, 423, 424, 425, 427, 428, 429, 435, 436, 437, 439, 440, 441, 459, 460, 461, 467, 468, 469, 471, 472, 473, 475, 476, 477, 480, 483, 484, 485, 486, 487, 489, 491, 492, 493, 499, 500, 501, 503, 504, 505, 520, 523, 524, 525, 531, 532, 533, 535, 536, 537, 539, 540, 541, 547, 548, 549, 551, 552, 553, 555, 556, 557, 563, 564, 565, 567, 568, 569, 587, 588, 589, 595, 596, 597, 599, 600, 601, 639, 642, 643, 644, 645, 646, 649, 650, 651, 652, 669, 672, 673, 674, 675, 677, 678, 679, 685, 686, 687, 689, 690, 691, 693, 694, 695, 701, 702, 703, 705, 706, 707, 725, 726, 727, 733, 734, 735, 737, 738, 739, 740, 743, 744, 745, 746, 747, 750, 751, 752, 753, 770, 773, 774, 775, 776]
x_489: [86, 209, 211, 213, 214, 215, 216, 218, 220, 221, 222, 239, 241, 243, 244, 245, 246, 248, 249, 254, 256, 257, 258, 260, 261, 262, 264, 265, 270, 272, 273, 274, 276, 277, 294, 296, 297, 302, 304, 305, 306, 308, 309, 310, 312, 314, 315, 316, 317, 319, 321, 322, 323, 340, 342, 344, 345, 346, 361, 410, 412, 413, 418, 420, 421, 422, 424, 425, 426, 428, 429, 434, 436, 437, 438, 440, 441, 458, 460, 461, 466, 468, 469, 470, 472, 473, 474, 476, 477, 481, 482, 484, 485, 486, 487, 488, 490, 492, 493, 498, 500, 501, 502, 504, 505, 521, 522, 524, 525, 530, 532, 533, 534, 536, 537, 538, 540, 541, 546, 548, 549, 550, 552, 553, 554, 556, 557, 562, 564, 565, 566, 568, 569, 586, 588, 589, 594, 596, 597, 598, 600, 601, 639, 641, 643, 644, 645, 646, 648, 650, 651, 652, 669, 671, 673, 674, 675, 676, 678, 679, 684, 686, 687, 688, 690, 691, 692, 694, 695, 700, 702, 703, 704, 706, 707, 724, 726, 727, 732, 734, 735, 736, 738, 739, 740, 742, 744, 745, 746, 747, 749, 751, 752, 753, 770, 772, 774, 775, 776]
x_490: [87, 223, 224, 226, 227, 228, 230, 235, 236, 238, 246, 247, 249, 250, 251, 253, 258, 259, 261, 262, 263, 265, 266, 267, 269, 274, 275, 277, 278, 279, 281, 282, 283, 285, 290, 291, 293, 324, 325, 327, 328, 329, 331, 336, 337, 339, 362, 410, 411, 413, 414, 415, 417, 422, 423, 425, 426, 427, 429, 430, 431, 433, 438, 439, 441, 442, 443, 445, 446, 447, 449, 454, 455, 457, 474, 475, 477, 478, 479, 481, 486, 487, 489, 491, 492, 493, 494, 495, 497, 498, 502, 503, 505, 506, 507, 509, 510, 511, 513, 518, 519, 521, 522, 538, 539, 541, 542, 543, 545, 550, 551, 553, 554, 555, 557, 558, 559, 561, 566, 567, 569, 570, 571, 573, 574, 575, 577, 582, 583, 585, 653, 654, 656, 657, 658, 660, 665, 666, 668, 676, 677, 679, 680, 681, 683, 688, 689, 691, 692, 693, 695, 696, 697, 699, 704, 705, 707, 708, 709, 711, 712, 713, 715, 720, 721, 723, 754, 755, 757, 758, 759, 761, 766, 767, 769]
x_491: [88, 209, 210, 215, 216, 217, 222, 223, 224, 225, 227, 228, 229, 235, 236, 237, 246, 247, 248, 250, 251, 252, 258, 259, 260, 262, 263, 264, 266, 267, 268, 274, 275, 276, 278, 279, 280, 282, 283, 284, 290, 291, 292, 310, 311, 316, 317, 318, 323, 324, 325, 326, 328, 329, 330, 336, 337, 338, 363, 410, 411, 412, 414, 415, 416, 422, 423, 424, 426, 427, 428, 430, 431, 432, 438, 439, 440, 442, 443, 444, 446, 447, 448, 454, 455, 456, 474, 475, 476, 478, 479, 480, 486, 487, 488, 490, 492, 493, 494, 495, 496, 499, 502, 503, 504, 506, 507, 508, 510, 511, 512, 518, 519, 520, 523, 538, 539, 540, 542, 543, 544, 550, 551, 552, 554, 555, 556, 558, 559, 560, 566, 567, 568, 570, 571, 572, 574, 575, 576, 582, 583, 584, 639, 640, 645, 646, 647, 652, 653, 654, 655, 657, 658, 659, 665, 666, 667, 676, 677, 678, 680, 681, 682, 688, 689, 690, 692, 693, 694, 696, 697, 698, 704, 705, 706, 708, 709, 710, 712, 713, 714, 720, 721, 722, 740, 741, 746, 747, 748, 753, 754, 755, 756, 758, 759, 760, 766, 767, 768]
x_492: [89, 209, 210, 215, 216, 217, 222, 224, 225, 226, 228, 229, 230, 236, 237, 238, 247, 248, 249, 251, 252, 253, 259, 260, 261, 263, 264, 265, 267, 268, 269, 275, 276, 277, 279, 280, 281, 283, 284, 285, 291, 292, 293, 310, 311, 316, 317, 318, 323, 325, 326, 327, 329, 330, 331, 337, 338, 339, 364, 411, 412, 413, 415, 416, 417, 423, 424, 425, 427, 428, 429, 431, 432, 433, 439, 440, 441, 443, 444, 445, 447, 448, 449, 455, 456, 457, 475, 476, 477, 479, 480, 481, 487, 488, 489, 490, 491, 493, 495, 496, 497, 500, 503, 504, 505, 507, 508, 509, 511, 512, 513, 519, 520, 521, 524, 539, 540, 541, 543, 544, 545, 551, 552, 553, 555, 556, 557, 559, 560, 561, 567, 568, 569, 571, 572, 573, 575, 576, 577, 583, 584, 585, 639, 640, 645, 646, 647, 652, 654, 655, 656, 658, 659, 660, 666, 667, 668, 677, 678, 679, 681, 682, 683, 689, 690, 691, 693, 694, 695, 697, 698, 699, 705, 706, 707, 709, 710, 711, 713, 714, 715, 721, 722, 723, 740, 741, 746, 747, 748, 753, 755, 756, 757, 759, 760, 761, 767, 768, 769]
x_493: [90, 209, 210, 215, 216, 217, 222, 223, 225, 226, 227, 229, 230, 235, 237, 238, 246, 248, 249, 250, 252, 253, 258, 260, 261, 262, 264, 265, 266, 268, 269, 274, 276, 277, 278, 280, 281, 282, 284, 285, 290, 292, 293, 310, 311, 316, 317, 318, 323, 324, 326, 327, 328, 330, 331, 336, 338, 339, 365, 410, 412, 413, 414, 416, 417, 422, 424, 425, 426, 428, 429, 430, 432, 433, 438, 440, 441, 442, 444, 445, 446, 448, 449, 454, 456, 457, 474, 476, 477, 478, 480, 481, 486, 488, 489, 490, 491, 492, 494, 496, 497, 501, 502, 504, 505, 506, 508, 509, 510, 512, 513, 518, 520, 521, 525, 538, 540, 541, 542, 544, 545, 550, 552, 553, 554, 556, 557, 558, 560, 561, 566, 568, 569, 570, 572, 573, 574, 576, 577, 582, 584, 585, 639, 640, 645, 646, 647, 652, 653, 655, 656, 657, 659, 660, 665, 667, 668, 676, 678, 679, 680, 682, 683, 688, 690, 691, 692, 694, 695, 696, 698, 699, 704, 706, 707, 708, 710, 711, 712, 714, 715, 720, 722, 723, 740, 741, 746, 747, 748, 753, 754, 756, 757, 758, 760, 761, 766, 768, 769]
x_494: [91, 211, 212, 214, 218, 219, 221, 223, 224, 226, 227, 228, 230, 231, 232, 234, 246, 247, 249, 250, 251, 253, 254, 255, 257, 262, 263, 265, 266, 267, 269, 270, 271, 273, 278, 279, 281, 282, 283, 285, 286, 287, 289, 312, 313, 315, 319, 320, 322, 324, 325, 327, 328, 329, 331, 332, 333, 335, 366, 410, 411, 413, 414, 415, 417, 418, 419, 421, 426, 427, 429, 430, 431, 433, 434, 435, 437, 442, 443, 445, 446, 447, 449, 450, 451, 453, 474, 475, 477, 478, 479, 481, 482, 483, 485, 490, 491, 493, 495, 496, 497, 498, 499, 501, 502, 506, 507, 509, 510, 511, 513, 514, 515, 517, 526, 538, 539, 541, 542, 543, 545, 546, 547, 549, 554, 555, 557, 558, 559, 561, 562, 563, 565, 570, 571, 573, 574, 575, 577, 578, 579, 581, 641, 642, 644, 648, 649, 651, 653, 654, 656, 657, 658, 660, 661, 662, 664, 676, 677, 679, 680, 681, 683, 684, 685, 687, 692, 693, 695, 696, 697, 699, 700, 701, 703, 708, 709, 711, 712, 713, 715, 716, 717, 719, 742, 743, 745, 749, 750, 752, 754, 755, 757, 758, 759, 761, 762, 763, 765]
x_495: [92, 209, 210, 211, 212, 213, 216, 217, 218, 219, 220, 223, 224, 225, 227, 228, 229, 231, 232, 233, 246, 247, 248, 250, 251, 252, 254, 255, 256, 262, 263, 264, 266, 267, 268, 270, 271, 272, 278, 279, 280, 282, 283, 284, 286, 287, 288, 310, 311, 312, 313, 314, 317, 318, 319, 320, 321, 324, 325, 326, 328, 329, 330, 332, 333, 334, 367, 410, 411, 412, 414, 415, 416, 418, 419, 420, 426, 427, 428, 430, 431, 432, 434, 435, 436, 442, 443, 444, 446, 447, 448, 450, 451, 452, 474, 475, 476, 478, 479, 480, 482, 483, 484, 490, 491, 492, 494, 496, 497, 498, 499, 500, 503, 506, 507, 508, 510, 511, 512, 514, 515, 516, 527, 538, 539, 540, 542, 543, 544, 546, 547, 548, 554, 555, 556, 558, 559, 560, 562, 563, 564, 570, 571, 572, 574, 575, 576, 578, 579, 580, 639, 640, 641, 642, 643, 646, 647, 648, 649, 650, 653, 654, 655, 657, 658, 659, 661, 662, 663, 676, 677, 678, 680, 681, 682, 684, 685, 686, 692, 693, 694, 696, 697, 698, 700, 701, 702, 708, 709, 710, 712, 713, 714, 716, 717, 718, 740, 741, 742, 743, 744, 747, 748, 749, 750, 751, 754, 755, 756, 758, 759, 760, 762, 763, 764]
x_496: [93, 209, 210, 212, 213, 214, 216, 217, 219, 220, 221, 224, 225, 226, 228, 229, 230, 232, 233, 234, 247, 248, 249, 251, 252, 253, 255, 256, 257, 263, 264, 265, 267, 268, 269, 271, 272, 273, 279, 280, 281, 283, 284, 285, 287, 288, 289, 310, 311, 313, 314, 315, 317, 318, 320, 321, 322, 325, 326, 327, 329, 330, 331, 333, 334, 335, 368, 411, 412, 413, 415, 416, 417, 419, 420, 421, 427, 428, 429, 431, 432, 433, 435, 436, 437, 443, 444, 445, 447, 448, 449, 451, 452, 453, 475, 476, 477, 479, 480, 481, 483, 484, 485, 491, 492, 493, 494, 495, 497, 499, 500, 501, 504, 507, 508, 509, 511, 512, 513, 515, 516, 517, 528, 539, 540, 541, 543, 544, 545, 547, 548, 549, 555, 556, 557, 559, 560, 561, 563, 564, 565, 571, 572, 573, 575, 576, 577, 579, 580, 581, 639, 640, 642, 643, 644, 646, 647, 649, 650, 651, 654, 655, 656, 658, 659, 660, 662, 663, 664, 677, 678, 679, 681, 682, 683, 685, 686, 687, 693, 694, 695, 697, 698, 699, 701, 702, 703, 709, 710, 711, 713, 714, 715, 717, 718, 719, 740, 741, 743, 744, 745, 747, 748, 750, 751, 752, 755, 756, 757, 759, 760, 761, 763, 764, 765]
x_497: [94, 209, 210, 211, 213, 214, 216, 217, 218, 220, 221, 223, 225, 226, 227, 229, 230, 231, 233, 234, 246, 248, 249, 250, 252, 253, 254, 256, 257, 262, 264, 265, 266, 268, 269, 270, 272, 273, 278, 280, 281, 282, 284, 285, 286, 288, 289, 310, 311, 312, 314, 315, 317, 318, 319, 321, 322, 324, 326, 327, 328, 330, 331, 332, 334, 335, 369, 410, 412, 413, 414, 416, 417, 418, 420, 421, 426, 428, 429, 430, 432, 433, 434, 436, 437, 442, 444, 445, 446, 448, 449, 450, 452, 453, 474, 476, 477, 478, 480, 481, 482, 484, 485, 490, 492, 493, 494, 495, 496, 498, 500, 501, 505, 506, 508, 509, 510, 512, 513, 514, 516, 517, 529, 538, 540, 541, 542, 544, 545, 546, 548, 549, 554, 556, 557, 558, 560, 561, 562, 564, 565, 570, 572, 573, 574, 576, 577, 578, 580, 581, 639, 640, 641, 643, 644, 646, 647, 648, 650, 651, 653, 655, 656, 657, 659, 660, 661, 663, 664, 676, 678, 679, 680, 682, 683, 684, 686, 687, 692, 694, 695, 696, 698, 699, 700, 702, 703, 708, 710, 711, 712, 714, 715, 716, 718, 719, 740, 741, 742, 744, 745, 747, 748, 749, 751, 752, 754, 756, 757, 758, 760, 761, 762, 764, 765]
x_498: [95, 211, 212, 214, 218, 219, 221, 227, 228, 230, 231, 232, 234, 235, 236, 238, 250, 251, 253, 254, 255, 257, 258, 259, 261, 266, 267, 269, 270, 271, 273, 274, 275, 277, 282, 283, 285, 286, 287, 289, 290, 291, 293, 312, 313, 315, 319, 320, 322, 328, 329, 331, 332, 333, 335, 336, 337, 339, 370, 414, 415, 417, 418, 419, 421, 422, 423, 425, 430, 431, 433, 434, 435, 437, 438, 439, 441, 446, 447, 449, 450, 451, 453, 454, 455, 457, 478, 479, 481, 482, 483, 485, 486, 487, 489, 490, 494, 495, 497, 499, 500, 501, 502, 503, 505, 510, 511, 513, 514, 515, 517, 518, 519, 521, 530, 542, 543, 545, 546, 547, 549, 550, 551, 553, 558, 559, 561, 562, 563, 565, 566, 567, 569, 574, 575, 577, 578, 579, 581, 582, 583, 585, 641, 642, 644, 648, 649, 651, 657, 658, 660, 661, 662, 664, 665, 666, 668, 680, 681, 683, 684, 685, 687, 688, 689, 691, 696, 697, 699, 700, 701, 703, 704, 705, 707, 712, 713, 715, 716, 717, 719, 720, 721, 723, 742, 743, 745, 749, 750, 752, 758, 759, 761, 762, 763, 765, 766, 767, 769]
x_499: [96, 210, 211, 212, 213, 215, 217, 218, 219, 220, 222, 227, 228, 229, 231, 232, 233, 235, 236, 237, 250, 251, 252, 254, 255, 256, 258, 259, 260, 266, 267, 268, 270, 271, 272, 274, 275, 276, 282, 283, 284, 286, 287, 288, 290, 291, 292, 311, 312, 313, 314, 316, 318, 319, 320, 321, 323, 328, 329, 330, 332, 333, 334, 336, 337, 338, 371, 414, 415, 416, 418, 419, 420, 422, 423, 424, 430, 431, 432, 434, 435, 436, 438, 439, 440, 446, 447, 448, 450, 451, 452, 454, 455, 456, 478, 479, 480, 482, 483, 484, 486, 487, 488, 491, 494, 495, 496, 498, 500, 501, 502, 503, 504, 510, 511, 512, 514, 515, 516, 518, 519, 520, 531, 542, 543, 544, 546, 547, 548, 550, 551, 552, 558, 559, 560, 562, 563, 564, 566, 567, 568, 574, 575, 576, 578, 579, 580, 582, 583, 584, 640, 641, 642, 643, 645, 647, 648, 649, 650, 652, 657, 658, 659, 661, 662, 663, 665, 666, 667, 680, 681, 682, 684, 685, 686, 688, 689, 690, 696, 697, 698, 700, 701, 702, 704, 705, 706, 712, 713, 714, 716, 717, 718, 720, 721, 722, 741, 742, 743, 744, 746, 748, 749, 750, 751, 753, 758, 759, 760, 762, 763, 764, 766, 767, 768]
x_500: [97, 210, 212, 213, 214, 215, 217, 219, 220, 221, 222, 228, 229, 230, 232, 233, 234, 236, 237, 238, 251, 252, 253, 255, 256, 257, 259, 260, 261, 267, 268, 269, 271, 272, 273, 275, 276, 277, 283, 284, 285, 287, 288, 289, 291, 292, 293, 311, 313, 314, 315, 316, 318, 320, 321, 322, 323, 329, 330, 331, 333, 334, 335, 337, 338, 339, 372, 415, 416, 417, 419, 420, 421, 423, 424, 425, 431, 432, 433, 435, 436, 437, 439, 440, 441, 447, 448, 449, 451, 452, 453, 455, 456, 457, 479, 480, 481, 483, 484, 485, 487, 488, 489, 492, 495, 496, 497, 498, 499, 501, 503, 504, 505, 511, 512, 513, 515, 516, 517, 519, 520, 521, 532, 543, 544, 545, 547, 548, 549, 551, 552, 553, 559, 560, 561, 563, 564, 565, 567, 568, 569, 575, 576, 577, 579, 580, 581, 583, 584, 585, 640, 642, 643, 644, 645, 647, 649, 650, 651, 652, 658, 659, 660, 662, 663, 664, 666, 667, 668, 681, 682, 683, 685, 686, 687, 689, 690, 691, 697, 698, 699, 701, 702, 703, 705, 706, 707, 713, 714, 715, 717, 718, 719, 721, 722, 723, 741, 743, 744, 745, 746, 748, 750, 751, 752, 753, 759, 760, 761, 763, 764, 765, 767, 768, 769]
x_501: [98, 210, 211, 213, 214, 215, 217, 218, 220, 221, 222, 227, 229, 230, 231, 233, 234, 235, 237, 238, 250, 252, 253, 254, 256, 257, 258, 260, 261, 266, 268, 269, 270, 272, 273, 274, 276, 277, 282, 284, 285, 286, 288, 289, 290, 292, 293, 311, 312, 314, 315, 316, 318, 319, 321, 322, 323, 328, 330, 331, 332, 334, 335, 336, 338, 339, 373, 414, 416, 417, 418, 420, 421, 422, 424, 425, 430, 432, 433, 434, 436, 437, 438, 440, 441, 446, 448, 449, 450, 452, 453, 454, 456, 457, 478, 480, 481, 482, 484, 485, 486, 488, 489, 493, 494, 496, 497, 498, 499, 500, 502, 504, 505, 510, 512, 513, 514, 516, 517, 518, 520, 521, 533, 542, 544, 545, 546, 548, 549, 550, 552, 553, 558, 560, 561, 562, 564, 565, 566, 568, 569, 574, 576, 577, 578, 580, 581, 582, 584, 585, 640, 641, 643, 644, 645, 647, 648, 650, 651, 652, 657, 659, 660, 661, 663, 664, 665, 667, 668, 680, 682, 683, 684, 686, 687, 688, 690, 691, 696, 698, 699, 700, 702, 703, 704, 706, 707, 712, 714, 715, 716, 718, 719, 720, 722, 723, 741, 742, 744, 745, 746, 748, 749, 751, 752, 753, 758, 760, 761, 762, 764, 765, 766, 768, 769]
x_502: [99, 211, 212, 214, 218, 219, 221, 223, 224, 226, 231, 232, 234, 235, 236, 238, 246, 247, 249, 254, 255, 257, 258, 259, 261, 262, 263, 265, 270, 271, 273, 274, 275, 277, 278, 279, 281, 286, 287, 289, 290, 291, 293, 312, 313, 315, 319, 320, 322, 324, 325, 327, 332, 333, 335, 336, 337, 339, 374, 410, 411, 413, 418, 419, 421, 422, 423, 425, 426, 427, 429, 434, 435, 437, 438, 439, 441, 442, 443, 445, 450, 451, 453, 454, 455, 457, 474, 475, 477, 482, 483, 485, 486, 487, 489, 490, 491, 493, 494, 498, 499, 501, 503, 504, 505, 506, 507, 509, 514, 515, 517, 518, 519, 521, 534, 538, 539, 541, 546, 547, 549, 550, 551, 553, 554, 555, 557, 562, 563, 565, 566, 567, 569, 570, 571, 573, 578, 579, 581, 582, 583, 585, 641, 642, 644, 648, 649, 651, 653, 654, 656, 661, 662, 664, 665, 666, 668, 676, 677, 679, 684, 685, 687, 688, 689, 691, 692, 693, 695, 700, 701, 703, 704, 705, 707, 708, 709, 711, 716, 717, 719, 720, 721, 723, 742, 743, 745, 749, 750, 752, 754, 755, 757, 762, 763, 765, 766, 767, 769]
x_503: [100, 209, 211, 212, 213, 215, 216, 218, 219, 220, 222, 223, 224, 225, 231, 232, 233, 235, 236, 237, 246, 247, 248, 254, 255, 256, 258, 259, 260, 262, 263, 264, 270, 271, 272, 274, 275, 276, 278, 279, 280, 286, 287, 288, 290, 291, 292, 310, 312, 313, 314, 316, 317, 319, 320, 321, 323, 324, 325, 326, 332, 333, 334, 336, 337, 338, 375, 410, 411, 412, 418, 419, 420, 422, 423, 424, 426, 427, 428, 434, 435, 436, 438, 439, 440, 442, 443, 444, 450, 451, 452, 454, 455, 456, 474, 475, 476, 482, 483, 484, 486, 487, 488, 490, 491, 492, 495, 498, 499, 500, 502, 504, 505, 506, 507, 508, 514, 515, 516, 518, 519, 520, 535, 538, 539, 540, 546, 547, 548, 550, 551, 552, 554, 555, 556, 562, 563, 564, 566, 567, 568, 570, 571, 572, 578, 579, 580, 582, 583, 584, 639, 641, 642, 643, 645, 646, 648, 649, 650, 652, 653, 654, 655, 661, 662, 663, 665, 666, 667, 676, 677, 678, 684, 685, 686, 688, 689, 690, 692, 693, 694, 700, 701, 702, 704, 705, 706, 708, 709, 710, 716, 717, 718, 720, 721, 722, 740, 742, 743, 744, 746, 747, 749, 750, 751, 753, 754, 755, 756, 762, 763, 764, 766, 767, 768]
x_504: [101, 209, 212, 213, 214, 215, 216, 219, 220, 221, 222, 224, 225, 226, 232, 233, 234, 236, 237, 238, 247, 248, 249, 255, 256, 257, 259, 260, 261, 263, 264, 265, 271, 272, 273, 275, 276, 277, 279, 280, 281, 287, 288, 289, 291, 292, 293, 310, 313, 314, 315, 316, 317, 320, 321, 322, 323, 325, 326, 327, 333, 334, 335, 337, 338, 339, 376, 411, 412, 413, 419, 420, 421, 423, 424, 425, 427, 428, 429, 435, 436, 437, 439, 440, 441, 443, 444, 445, 451, 452, 453, 455, 456, 457, 475, 476, 477, 483, 484, 485, 487, 488, 489, 491, 492, 493, 496, 499, 500, 501, 502, 503, 505, 507, 508, 509, 515, 516, 517, 519, 520, 521, 536, 539, 540, 541, 547, 548, 549, 551, 552, 553, 555, 556, 557, 563, 564, 565, 567, 568, 569, 571, 572, 573, 579, 580, 581, 583, 584, 585, 639, 642, 643, 644, 645, 646, 649, 650, 651, 652, 654, 655, 656, 662, 663, 664, 666, 667, 668, 677, 678, 679, 685, 686, 687, 689, 690, 691, 693, 694, 695, 701, 702, 703, 705, 706, 707, 709, 710, 711, 717, 718, 719, 721, 722, 723, 740, 743, 744, 745, 746, 747, 750, 751, 752, 753, 755, 756, 757, 763, 764, 765, 767, 768, 769]
x_505: [102, 209, 211, 213, 214, 215, 216, 218, 220, 221, 222, 223, 225, 226, 231, 233, 234, 235, 237, 238, 246, 248, 249, 254, 256, 257, 258, 260, 261, 262, 264, 265, 270, 272, 273, 274, 276, 277, 278, 280, 281, 286, 288, 289, 290, 292, 293, 310, 312, 314, 315, 316, 317, 319, 321, 322, 323, 324, 326, 327, 332, 334, 335, 336, 338, 339, 377, 410, 412, 413, 418, 420, 421, 422, 424, 425, 426, 428, 429, 434, 436, 437, 438, 440, 441, 442, 444, 445, 450, 452, 453, 454, 456, 457, 474, 476, 477, 482, 484, 485, 486, 488, 489, 490, 492, 493, 497, 498, 500, 501, 502, 503, 504, 506, 508, 509, 514, 516, 517, 518, 520, 521, 537, 538, 540, 541, 546, 548, 549, 550, 552, 553, 554, 556, 557, 562, 564, 565, 566, 568, 569, 570, 572, 573, 578, 580, 581, 582, 584, 585, 639, 641, 643, 644, 645, 646, 648, 650, 651, 652, 653, 655, 656, 661, 663, 664, 665, 667, 668, 676, 678, 679, 684, 686, 687, 688, 690, 691, 692, 694, 695, 700, 702, 703, 704, 706, 707, 708, 710, 711, 716, 718, 719, 720, 722, 723, 740, 742, 744, 745, 746, 747, 749, 751, 752, 753, 754, 756, 757, 762, 764, 765, 766, 768, 769]
x_506: [103, 223, 224, 226, 227, 228, 230, 235, 236, 238, 262, 263, 265, 266, 267, 269, 274, 275, 277, 278, 279, 281, 282, 283, 285, 290, 291, 293, 294, 295, 297, 298, 299, 301, 306, 307, 309, 324, 325, 327, 328, 329, 331, 336, 337, 339, 378, 426, 427, 429, 430, 431, 433, 438, 439, 441, 442, 443, 445, 446, 447, 449, 454, 455, 457, 458, 459, 461, 462, 463, 465, 470, 471, 473, 474, 490, 491, 493, 494, 495, 497, 502, 503, 505, 507, 508, 509, 510, 511, 513, 514, 518, 519, 521, 522, 523, 525, 526, 527, 529, 534, 535, 537, 554, 555, 557, 558, 559, 561, 566, 567, 569, 570, 571, 573, 574, 575, 577, 582, 583, 585, 586, 587, 589, 590, 591, 593, 598, 599, 601, 653, 654, 656, 657, 658, 660, 665, 666, 668, 692, 693, 695, 696, 697, 699, 704, 705, 707, 708, 709, 711, 712, 713, 715, 720, 721, 723, 724, 725, 727, 728, 729, 731, 736, 737, 739, 754, 755, 757, 758, 759, 761, 766, 767, 769]
x_507: [104, 216, 217, 222, 223, 224, 225, 227, 228, 229, 235, 236, 237, 239, 240, 245, 262, 263, 264, 266, 267, 268, 274, 275, 276, 278, 279, 280, 282, 283, 284, 290, 291, 292, 294, 295, 296, 298, 299, 300, 306, 307, 308, 317, 318, 323, 324, 325, 326, 328, 329, 330, 336, 337, 338, 340, 341, 346, 379, 426, 427, 428, 430, 431, 432, 438, 439, 440, 442, 443, 444, 446, 447, 448, 454, 455, 456, 458, 459, 460, 462, 463, 464, 470, 471, 472, 475, 490, 491, 492, 494, 495, 496, 502, 503, 504, 506, 508, 509, 510, 511, 512, 515, 518, 519, 520, 522, 523, 524, 526, 527, 528, 534, 535, 536, 554, 555, 556, 558, 559, 560, 566, 567, 568, 570, 571, 572, 574, 575, 576, 582, 583, 584, 586, 587, 588, 590, 591, 592, 598, 599, 600, 646, 647, 652, 653, 654, 655, 657, 658, 659, 665, 666, 667, 669, 670, 675, 692, 693, 694, 696, 697, 698, 704, 705, 706, 708, 709, 710, 712, 713, 714, 720, 721, 722, 724, 725, 726, 728, 729, 730, 736, 737, 738, 747, 748, 753, 754, 755, 756, 758, 759, 760, 766, 767, 768, 770, 771, 776]
x_508: [105, 216, 217, 222, 224, 225, 226, 228, 229, 230, 236, 237, 238, 239, 240, 245, 263, 264, 265, 267, 268, 269, 275, 276, 277, 279, 280, 281, 283, 284, 285, 291, 292, 293, 295, 296, 297, 299, 300, 301, 307, 308, 309, 317, 318, 323, 325, 326, 327, 329, 330, 331, 337, 338, 339, 340, 341, 346, 380, 427, 428, 429, 431, 432, 433, 439, 440, 441, 443, 444, 445, 447, 448, 449, 455, 456, 457, 459, 460, 461, 463, 464, 465, 471, 472, 473, 476, 491, 492, 493, 495, 496, 497, 503, 504, 505, 506, 507, 509, 511, 512, 513, 516, 519, 520, 521, 523, 524, 525, 527, 528, 529, 535, 536, 537, 555, 556, 557, 559, 560, 561, 567, 568, 569, 571, 572, 573, 575, 576, 577, 583, 584, 585, 587, 588, 589, 591, 592, 593, 599, 600, 601, 646, 647, 652, 654, 655, 656, 658, 659, 660, 666, 667, 668, 669, 670, 675, 693, 694, 695, 697, 698, 699, 705, 706, 707, 709, 710, 711, 713, 714, 715, 721, 722, 723, 725, 726, 727, 729, 730, 731, 737, 738, 739, 747, 748, 753, 755, 756, 757, 759, 760, 761, 767, 768, 769, 770, 771, 776]
x_509: [106, 216, 217, 222, 223, 225, 226, 227, 229, 230, 235, 237, 238, 239, 240, 245, 262, 264, 265, 266, 268, 269, 274, 276, 277, 278, 280, 281, 282, 284, 285, 290, 292, 293, 294, 296, 297, 298, 300, 301, 306, 308, 309, 317, 318, 323, 324, 326, 327, 328, 330, 331, 336, 338, 339, 340, 341, 346, 381, 426, 428, 429, 430, 432, 433, 438, 440, 441, 442, 444, 445, 446, 448, 449, 454, 456, 457, 458, 460, 461, 462, 464, 465, 470, 472, 473, 477, 490, 492, 493, 494, 496, 497, 502, 504, 505, 506, 507, 508, 510, 512, 513, 517, 518, 520, 521, 522, 524, 525, 526, 528, 529, 534, 536, 537, 554, 556, 557, 558, 560, 561, 566, 568, 569, 570, 572, 573, 574, 576, 577, 582, 584, 585, 586, 588, 589, 590, 592, 593, 598, 600, 601, 646, 647, 652, 653, 655, 656, 657, 659, 660, 665, 667, 668, 669, 670, 675, 692, 694, 695, 696, 698, 699, 704, 706, 707, 708, 710, 711, 712, 714, 715, 720, 722, 723, 724, 726, 727, 728, 730, 731, 736, 738, 739, 747, 748, 753, 754, 756, 757, 758, 760, 761, 766, 768, 769, 770, 771, 776]
x_510: [107, 218, 219, 221, 223, 224, 226, 227, 228, 230, 231, 232, 234, 241, 242, 244, 262, 263, 265, 266, 267, 269, 270, 271, 273, 278, 279, 281, 282, 283, 285, 286, 287, 289, 294, 295, 297, 298, 299, 301, 302, 303, 305, 319, 320, 322, 324, 325, 327, 328, 329, 331, 332, 333, 335, 342, 343, 345, 382, 426, 427, 429, 430, 431, 433, 434, 435, 437, 442, 443, 445, 446, 447, 449, 450, 451, 453, 458, 459, 461, 462, 463, 465, 466, 467, 469, 478, 490, 491, 493, 494, 495, 497, 498, 499, 501, 506, 507, 509, 511, 512, 513, 514, 515, 517, 518, 522, 523, 525, 526, 527, 529, 530, 531, 533, 554, 555, 557, 558, 559, 561, 562, 563, 565, 570, 571, 573, 574, 575, 577, 578, 579, 581, 586, 587, 589, 590, 591, 593, 594, 595, 597, 648, 649, 651, 653, 654, 656, 657, 658, 660, 661, 662, 664, 671, 672, 674, 692, 693, 695, 696, 697, 699, 700, 701, 703, 708, 709, 711, 712, 713, 715, 716, 717, 719, 724, 725, 727, 728, 729, 731, 732, 733, 735, 749, 750, 752, 754, 755, 757, 758, 759, 761, 762, 763, 765, 772, 773, 775]
x_511: [108, 216, 217, 218, 219, 220, 223, 224, 225, 227, 228, 229, 231, 232, 233, 239, 240, 241, 242, 243, 262, 263, 264, 266, 267, 268, 270, 271, 272, 278, 279, 280, 282, 283, 284, 286, 287, 288, 294, 295, 296, 298, 299, 300, 302, 303, 304, 317, 318, 319, 320, 321, 324, 325, 326, 328, 329, 330, 332, 333, 334, 340, 341, 342, 343, 344, 383, 426, 427, 428, 430, 431, 432, 434, 435, 436, 442, 443, 444, 446, 447, 448, 450, 451, 452, 458, 459, 460, 462, 463, 464, 466, 467, 468, 479, 490, 491, 492, 494, 495, 496, 498, 499, 500, 506, 507, 508, 510, 512, 513, 514, 515, 516, 519, 522, 523, 524, 526, 527, 528, 530, 531, 532, 554, 555, 556, 558, 559, 560, 562, 563, 564, 570, 571, 572, 574, 575, 576, 578, 579, 580, 586, 587, 588, 590, 591, 592, 594, 595, 596, 646, 647, 648, 649, 650, 653, 654, 655, 657, 658, 659, 661, 662, 663, 669, 670, 671, 672, 673, 692, 693, 694, 696, 697, 698, 700, 701, 702, 708, 709, 710, 712, 713, 714, 716, 717, 718, 724, 725, 726, 728, 729, 730, 732, 733, 734, 747, 748, 749, 750, 751, 754, 755, 756, 758, 759, 760, 762, 763, 764, 770, 771, 772, 773, 774]
x_512: [109, 216, 217, 219, 220, 221, 224, 225, 226, 228, 229, 230, 232, 233, 234, 239, 240, 242, 243, 244, 263, 264, 265, 267, 268, 269, 271, 272, 273, 279, 280, 281, 283, 284, 285, 287, 288, 289, 295, 296, 297, 299, 300, 301, 303, 304, 305, 317, 318, 320, 321, 322, 325, 326, 327, 329, 330, 331, 333, 334, 335, 340, 341, 343, 344, 345, 384, 427, 428, 429, 431, 432, 433, 435, 436, 437, 443, 444, 445, 447, 448, 449, 451, 452, 453, 459, 460, 461, 463, 464, 465, 467, 468, 469, 480, 491, 492, 493, 495, 496, 497, 499, 500, 501, 507, 508, 509, 510, 511, 513, 515, 516, 517, 520, 523, 524, 525, 527, 528, 529, 531, 532, 533, 555, 556, 557, 559, 560, 561, 563, 564, 565, 571, 572, 573, 575, 576, 577, 579, 580, 581, 587, 588, 589, 591, 592, 593, 595, 596, 597, 646, 647, 649, 650, 651, 654, 655, 656, 658, 659, 660, 662, 663, 664, 669, 670, 672, 673, 674, 693, 694, 695, 697, 698, 699, 701, 702, 703, 709, 710, 711, 713, 714, 715, 717, 718, 719, 725, 726, 727, 729, 730, 731, 733, 734, 735, 747, 748, 750, 751, 752, 755, 756, 757, 759, 760, 761, 763, 764, 765, 770, 771, 773, 774, 775]
x_513: [110, 216, 217, 218, 220, 221, 223, 225, 226, 227, 229, 230, 231, 233, 234, 239, 240, 241, 243, 244, 262, 264, 265, 266, 268, 269, 270, 272, 273, 278, 280, 281, 282, 284, 285, 286, 288, 289, 294, 296, 297, 298, 300, 301, 302, 304, 305, 317, 318, 319, 321, 322, 324, 326, 327, 328, 330, 331, 332, 334, 335, 340, 341, 342, 344, 345, 385, 426, 428, 429, 430, 432, 433, 434, 436, 437, 442, 444, 445, 446, 448, 449, 450, 452, 453, 458, 460, 461, 462, 464, 465, 466, 468, 469, 481, 490, 492, 493, 494, 496, 497, 498, 500, 501, 506, 508, 509, 510, 511, 512, 514, 516, 517, 521, 522, 524, 525, 526, 528, 529, 530, 532, 533, 554, 556, 557, 558, 560, 561, 562, 564, 565, 570, 572, 573, 574, 576, 577, 578, 580, 581, 586, 588, 589, 590, 592, 593, 594, 596, 597, 646, 647, 648, 650, 651, 653, 655, 656, 657, 659, 660, 661, 663, 664, 669, 670, 671, 673, 674, 692, 694, 695, 696, 698, 699, 700, 702, 703, 708, 710, 711, 712, 714, 715, 716, 718, 719, 724, 726, 727, 728, 730, 731, 732, 734, 735, 747, 748, 749, 751, 752, 754, 756, 757, 758, 760, 761, 762, 764, 765, 770, 771, 772, 774, 775]
x_514: [111, 218, 219, 221, 227, 228, 230, 231, 232, 234, 235, 236, 238, 241, 242, 244, 266, 267, 269, 270, 271, 273, 274, 275, 277, 282, 283, 285, 286, 287, 289, 290, 291, 293, 298, 299, 301, 302, 303, 305, 306, 307, 309, 319, 320, 322, 328, 329, 331, 332, 333, 335, 336, 337, 339, 342, 343, 345, 386, 430, 431, 433, 434, 435, 437, 438, 439, 441, 446, 447, 449, 450, 451, 453, 454, 455, 457, 462, 463, 465, 466, 467, 469, 470, 471, 473, 482, 494, 495, 497, 498, 499, 501, 502, 503, 505, 506, 510, 511, 513, 515, 516, 517, 518, 519, 521, 526, 527, 529, 530, 531, 533, 534, 535, 537, 558, 559, 561, 562, 563, 565, 566, 567, 569, 574, 575, 577, 578, 579, 581, 582, 583, 585, 590, 591, 593, 594, 595, 597, 598, 599, 601, 648, 649, 651, 657, 658, 660, 661, 662, 664, 665, 666, 668, 671, 672, 674, 696, 697, 699, 700, 701, 703, 704, 705, 707, 712, 713, 715, 716, 717, 719, 720, 721, 723, 728, 729, 731, 732, 733, 735, 736, 737, 739, 749, 750, 752, 758, 759, 761, 762, 763, 765, 766, 767, 769, 772, 773, 775]
x_515: [112, 217, 218, 219, 220, 222, 227, 228, 229, 231, 232, 233, 235, 236, 237, 240, 241, 242, 243, 245, 266, 267, 268, 270, 271, 272, 274, 275, 276, 282, 283, 284, 286, 287, 288, 290, 291, 292, 298, 299, 300, 302, 303, 304, 306, 307, 308, 318, 319, 320, 321, 323, 328, 329, 330, 332, 333, 334, 336, 337, 338, 341, 342, 343, 344, 346, 387, 430, 431, 432, 434, 435, 436, 438, 439, 440, 446, 447, 448, 450, 451, 452, 454, 455, 456, 462, 463, 464, 466, 467, 468, 470, 471, 472, 483, 494, 495, 496, 498, 499, 500, 502, 503, 504, 507, 510, 511, 512, 514, 516, 517, 518, 519, 520, 526, 527, 528, 530, 531, 532, 534, 535, 536, 558, 559, 560, 562, 563, 564, 566, 567, 568, 574, 575, 576, 578, 579, 580, 582, 583, 584, 590, 591, 592, 594, 595, 596, 598, 599, 600, 647, 648, 649, 650, 652, 657, 658, 659, 661, 662, 663, 665, 666, 667, 670, 671, 672, 673, 675, 696, 697, 698, 700, 701, 702, 704, 705, 706, 712, 713, 714, 716, 717, 718, 720, 721, 722, 728, 729, 730, 732, 733, 734, 736, 737, 738, 748, 749, 750, 751, 753, 758, 759, 760, 762, 763, 764, 766, 767, 768, 771, 772, 773, 774, 776]
x_516: [113, 217, 219, 220, 221, 222, 228, 229, 230, 232, 233, 234, 236, 237, 238, 240, 242, 243, 244, 245, 267, 268, 269, 271, 272, 273, 275, 276, 277, 283, 284, 285, 287, 288, 289, 291, 292, 293, 299, 300, 301, 303, 304, 305, 307, 308, 309, 318, 320, 321, 322, 323, 329, 330, 331, 333, 334, 335, 337, 338, 339, 341, 343, 344, 345, 346, 388, 431, 432, 433, 435, 436, 437, 439, 440, 441, 447, 448, 449, 451, 452, 453, 455, 456, 457, 463, 464, 465, 467, 468, 469, 471, 472, 473, 484, 495, 496, 497, 499, 500, 501, 503, 504, 505, 508, 511, 512, 513, 514, 515, 517, 519, 520, 521, 527, 528, 529, 531, 532, 533, 535, 536, 537, 559, 560, 561, 563, 564, 565, 567, 568, 569, 575, 576, 577, 579, 580, 581, 583, 584, 585, 591, 592, 593, 595, 596, 597, 599, 600, 601, 647, 649, 650, 651, 652, 658, 659, 660, 662, 663, 664, 666, 667, 668, 670, 672, 673, 674, 675, 697, 698, 699, 701, 702, 703, 705, 706, 707, 713, 714, 715, 717, 718, 719, 721, 722, 723, 729, 730, 731, 733, 734, 735, 737, 738, 739, 748, 750, 751, 752, 753, 759, 760, 761, 763, 764, 765, 767, 768, 769, 771, 773, 774, 775, 776]
x_517: [114, 217, 218, 220, 221, 222, 227, 229, 230, 231, 233, 234, 235, 237, 238, 240, 241, 243, 244, 245, 266, 268, 269, 270, 272, 273, 274, 276, 277, 282, 284, 285, 286, 288, 289, 290, 292, 293, 298, 300, 301, 302, 304, 305, 306, 308, 309, 318, 319, 321, 322, 323, 328, 330, 331, 332, 334, 335, 336, 338, 339, 341, 342, 344, 345, 346, 389, 430, 432, 433, 434, 436, 437, 438, 440, 441, 446, 448, 449, 450, 452, 453, 454, 456, 457, 462, 464, 465, 466, 468, 469, 470, 472, 473, 485, 494, 496, 497, 498, 500, 501, 502, 504, 505, 509, 510, 512, 513, 514, 515, 516, 518, 520, 521, 526, 528, 529, 530, 532, 533, 534, 536, 537, 558, 560, 561, 562, 564, 565, 566, 568, 569, 574, 576, 577, 578, 580, 581, 582, 584, 585, 590, 592, 593, 594, 596, 597, 598, 600, 601, 647, 648, 650, 651, 652, 657, 659, 660, 661, 663, 664, 665, 667, 668, 670, 671, 673, 674, 675, 696, 698, 699, 700, 702, 703, 704, 706, 707, 712, 714, 715, 716, 718, 719, 720, 722, 723, 728, 730, 731, 732, 734, 735, 736, 738, 739, 748, 749, 751, 752, 753, 758, 760, 761, 762, 764, 765, 766, 768, 769, 771, 772, 774, 775, 776]
x_518: [115, 218, 219, 221, 223, 224, 226, 231, 232, 234, 235, 236, 238, 241, 242, 244, 262, 263, 265, 270, 271, 273, 274, 275, 277, 278, 279, 281, 286, 287, 289, 290, 291, 293, 294, 295, 297, 302, 303, 305, 306, 307, 309, 319, 320, 322, 324, 325, 327, 332, 333, 335, 336, 337, 339, 342, 343, 345, 390, 426, 427, 429, 434, 435, 437, 438, 439, 441, 442, 443, 445, 450, 451, 453, 454, 455, 457, 458, 459, 461, 466, 467, 469, 470, 471, 473, 486, 490, 491, 493, 498, 499, 501, 502, 503, 505, 506, 507, 509, 510, 514, 515, 517, 519, 520, 521, 522, 523, 525, 530, 531, 533, 534, 535, 537, 554, 555, 557, 562, 563, 565, 566, 567, 569, 570, 571, 573, 578, 579, 581, 582, 583, 585, 586, 587, 589, 594, 595, 597, 598, 599, 601, 648, 649, 651, 653, 654, 656, 661, 662, 664, 665, 666, 668, 671, 672, 674, 692, 693, 695, 700, 701, 703, 704, 705, 707, 708, 709, 711, 716, 717, 719, 720, 721, 723, 724, 725, 727, 732, 733, 735, 736, 737, 739, 749, 750, 752, 754, 755, 757, 762, 763, 765, 766, 767, 769, 772, 773, 775]
x_519: [116, 216, 218, 219, 220, 222, 223, 224, 225, 231, 232, 233, 235, 236, 237, 239, 241, 242, 243, 245, 262, 263, 264, 270, 271, 272, 274, 275, 276, 278, 279, 280, 286, 287, 288, 290, 291, 292, 294, 295, 296, 302, 303, 304, 306, 307, 308, 317, 319, 320, 321, 323, 324, 325, 326, 332, 333, 334, 336, 337, 338, 340, 342, 343, 344, 346, 391, 426, 427, 428, 434, 435, 436, 438, 439, 440, 442, 443, 444, 450, 451, 452, 454, 455, 456, 458, 459, 460, 466, 467, 468, 470, 471, 472, 487, 490, 491, 492, 498, 499, 500, 502, 503, 504, 506, 507, 508, 511, 514, 515, 516, 518, 520, 521, 522, 523, 524, 530, 531, 532, 534, 535, 536, 554, 555, 556, 562, 563, 564, 566, 567, 568, 570, 571, 572, 578, 579, 580, 582, 583, 584, 586, 587, 588, 594, 595, 596, 598, 599, 600, 646, 648, 649, 650, 652, 653, 654, 655, 661, 662, 663, 665, 666, 667, 669, 671, 672, 673, 675, 692, 693, 694, 700, 701, 702, 704, 705, 706, 708, 709, 710, 716, 717, 718, 720, 721, 722, 724, 725, 726, 732, 733, 734, 736, 737, 738, 747, 749, 750, 751, 753, 754, 755, 756, 762, 763, 764, 766, 767, 768, 770, 772, 773, 774, 776]
x_520: [117, 216, 219, 220, 221, 222, 224, 225, 226, 232, 233, 234, 236, 237, 238, 239, 242, 243, 244, 245, 263, 264, 265, 271, 272, 273, 275, 276, 277, 279, 280, 281, 287, 288, 289, 291, 292, 293, 295, 296, 297, 303, 304, 305, 307, 308, 309, 317, 320, 321, 322, 323, 325, 326, 327, 333, 334, 335, 337, 338, 339, 340, 343, 344, 345, 346, 392, 427, 428, 429, 435, 436, 437, 439, 440, 441, 443, 444, 445, 451, 452, 453, 455, 456, 457, 459, 460, 461, 467, 468, 469, 471, 472, 473, 488, 491, 492, 493, 499, 500, 501, 503, 504, 505, 507, 508, 509, 512, 515, 516, 517, 518, 519, 521, 523, 524, 525, 531, 532, 533, 535, 536, 537, 555, 556, 557, 563, 564, 565, 567, 568, 569, 571, 572, 573, 579, 580, 581, 583, 584, 585, 587, 588, 589, 595, 596, 597, 599, 600, 601, 646, 649, 650, 651, 652, 654, 655, 656, 662, 663, 664, 666, 667, 668, 669, 672, 673, 674, 675, 693, 694, 695, 701, 702, 703, 705, 706, 707, 709, 710, 711, 717, 718, 719, 721, 722, 723, 725, 726, 727, 733, 734, 735, 737, 738, 739, 747, 750, 751, 752, 753, 755, 756, 757, 763, 764, 765, 767, 768, 769, 770, 773, 774, 775, 776]
x_521: [118, 216, 218, 220, 221, 222, 223, 225, 226, 231, 233, 234, 235, 237, 238, 239, 241, 243, 244, 245, 262, 264, 265, 270, 272, 273, 274, 276, 277, 278, 280, 281, 286, 288, 289, 290, 292, 293, 294, 296, 297, 302, 304, 305, 306, 308, 309, 317, 319, 321, 322, 323, 324, 326, 327, 332, 334, 335, 336, 338, 339, 340, 342, 344, 345, 346, 393, 426, 428, 429, 434, 436, 437, 438, 440, 441, 442, 444, 445, 450, 452, 453, 454, 456, 457, 458, 460, 461, 466, 468, 469, 470, 472, 473, 489, 490, 492, 493, 498, 500, 501, 502, 504, 505, 506, 508, 509, 513, 514, 516, 517, 518, 519, 520, 522, 524, 525, 530, 532, 533, 534, 536, 537, 554, 556, 557, 562, 564, 565, 566, 568, 569, 570, 572, 573, 578, 580, 581, 582, 584, 585, 586, 588, 589, 594, 596, 597, 598, 600, 601, 646, 648, 650, 651, 652, 653, 655, 656, 661, 663, 664, 665, 667, 668, 669, 671, 673, 674, 675, 692, 694, 695, 700, 702, 703, 704, 706, 707, 708, 710, 711, 716, 718, 719, 720, 722, 723, 724, 726, 727, 732, 734, 735, 736, 738, 739, 747, 749, 751, 752, 753, 754, 756, 757, 762, 764, 765, 766, 768, 769, 770, 772, 774, 775, 776]
x_522: [119, 223, 224, 226, 227, 228, 230, 235, 236, 238, 246, 247, 249, 250, 251, 253, 258, 259, 261, 278, 279, 281, 282, 283, 285, 290, 291, 293, 294, 295, 297, 298, 299, 301, 306, 307, 309, 324, 325, 327, 328, 329, 331, 336, 337, 339, 394, 410, 411, 413, 414, 415, 417, 422, 423, 425, 442, 443, 445, 446, 447, 449, 454, 455, 457, 458, 459, 461, 462, 463, 465, 470, 471, 473, 474, 475, 477, 478, 479, 481, 486, 487, 489, 490, 506, 507, 509, 510, 511, 513, 518, 519, 521, 523, 524, 525, 526, 527, 529, 530, 534, 535, 537, 538, 539, 541, 542, 543, 545, 550, 551, 553, 570, 571, 573, 574, 575, 577, 582, 583, 585, 586, 587, 589, 590, 591, 593, 598, 599, 601, 653, 654, 656, 657, 658, 660, 665, 666, 668, 676, 677, 679, 680, 681, 683, 688, 689, 691, 708, 709, 711, 712, 713, 715, 720, 721, 723, 724, 725, 727, 728, 729, 731, 736, 737, 739, 754, 755, 757, 758, 759, 761, 766, 767, 769]
x_523: [120, 209, 210, 215, 223, 224, 225, 227, 228, 229, 235, 236, 237, 239, 240, 245, 246, 247, 248, 250, 251, 252, 258, 259, 260, 278, 279, 280, 282, 283, 284, 290, 291, 292, 294, 295, 296, 298, 299, 300, 306, 307, 308, 310, 311, 316, 324, 325, 326, 328, 329, 330, 336, 337, 338, 340, 341, 346, 395, 410, 411, 412, 414, 415, 416, 422, 423, 424, 442, 443, 444, 446, 447, 448, 454, 455, 456, 458, 459, 460, 462, 463, 464, 470, 471, 472, 474, 475, 476, 478, 479, 480, 486, 487, 488, 491, 506, 507, 508, 510, 511, 512, 518, 519, 520, 522, 524, 525, 526, 527, 528, 531, 534, 535, 536, 538, 539, 540, 542, 543, 544, 550, 551, 552, 570, 571, 572, 574, 575, 576, 582, 583, 584, 586, 587, 588, 590, 591, 592, 598, 599, 600, 639, 640, 645, 653, 654, 655, 657, 658, 659, 665, 666, 667, 669, 670, 675, 676, 677, 678, 680, 681, 682, 688, 689, 690, 708, 709, 710, 712, 713, 714, 720, 721, 722, 724, 725, 726, 728, 729, 730, 736, 737, 738, 740, 741, 746, 754, 755, 756, 758, 759, 760, 766, 767, 768, 770, 771, 776]
x_524: [121, 209, 210, 215, 224, 225, 226, 228, 229, 230, 236, 237, 238, 239, 240, 245, 247, 248, 249, 251, 252, 253, 259, 260, 261, 279, 280, 281, 283, 284, 285, 291, 292, 293, 295, 296, 297, 299, 300, 301, 307, 308, 309, 310, 311, 316, 325, 326, 327, 329, 330, 331, 337, 338, 339, 340, 341, 346, 396, 411, 412, 413, 415, 416, 417, 423, 424, 425, 443, 444, 445, 447, 448, 449, 455, 456, 457, 459, 460, 461, 463, 464, 465, 471, 472, 473, 475, 476, 477, 479, 480, 481, 487, 488, 489, 492, 507, 508, 509, 511, 512, 513, 519, 520, 521, 522, 523, 525, 527, 528, 529, 532, 535, 536, 537, 539, 540, 541, 543, 544, 545, 551, 552, 553, 571, 572, 573, 575, 576, 577, 583, 584, 585, 587, 588, 589, 591, 592, 593, 599, 600, 601, 639, 640, 645, 654, 655, 656, 658, 659, 660, 666, 667, 668, 669, 670, 675, 677, 678, 679, 681, 682, 683, 689, 690, 691, 709, 710, 711, 713, 714, 715, 721, 722, 723, 725, 726, 727, 729, 730, 731, 737, 738, 739, 740, 741, 746, 755, 756, 757, 759, 760, 761, 767, 768, 769, 770, 771, 776]
x_525: [122, 209, 210, 215, 223, 225, 226, 227, 229, 230, 235, 237, 238, 239, 240, 245, 246, 248, 249, 250, 252, 253, 258, 260, 261, 278, 280, 281, 282, 284, 285, 290, 292, 293, 294, 296, 297, 298, 300, 301, 306, 308, 309, 310, 311, 316, 324, 326, 327, 328, 330, 331, 336, 338, 339, 340, 341, 346, 397, 410, 412, 413, 414, 416, 417, 422, 424, 425, 442, 444, 445, 446, 448, 449, 454, 456, 457, 458, 460, 461, 462, 464, 465, 470, 472, 473, 474, 476, 477, 478, 480, 481, 486, 488, 489, 493, 506, 508, 509, 510, 512, 513, 518, 520, 521, 522, 523, 524, 526, 528, 529, 533, 534, 536, 537, 538, 540, 541, 542, 544, 545, 550, 552, 553, 570, 572, 573, 574, 576, 577, 582, 584, 585, 586, 588, 589, 590, 592, 593, 598, 600, 601, 639, 640, 645, 653, 655, 656, 657, 659, 660, 665, 667, 668, 669, 670, 675, 676, 678, 679, 680, 682, 683, 688, 690, 691, 708, 710, 711, 712, 714, 715, 720, 722, 723, 724, 726, 727, 728, 730, 731, 736, 738, 739, 740, 741, 746, 754, 756, 757, 758, 760, 761, 766, 768, 769, 770, 771, 776]
x_526: [123, 211, 212, 214, 223, 224, 226, 227, 228, 230, 231, 232, 234, 241, 242, 244, 246, 247, 249, 250, 251, 253, 254, 255, 257, 278, 279, 281, 282, 283, 285, 286, 287, 289, 294, 295, 297, 298, 299, 301, 302, 303, 305, 312, 313, 315, 324, 325, 327, 328, 329, 331, 332, 333, 335, 342, 343, 345, 398, 410, 411, 413, 414, 415, 417, 418, 419, 421, 442, 443, 445, 446, 447, 449, 450, 451, 453, 458, 459, 461, 462, 463, 465, 466, 467, 469, 474, 475, 477, 478, 479, 481, 482, 483, 485, 494, 506, 507, 509, 510, 511, 513, 514, 515, 517, 522, 523, 525, 527, 528, 529, 530, 531, 533, 534, 538, 539, 541, 542, 543, 545, 546, 547, 549, 570, 571, 573, 574, 575, 577, 578, 579, 581, 586, 587, 589, 590, 591, 593, 594, 595, 597, 641, 642, 644, 653, 654, 656, 657, 658, 660, 661, 662, 664, 671, 672, 674, 676, 677, 679, 680, 681, 683, 684, 685, 687, 708, 709, 711, 712, 713, 715, 716, 717, 719, 724, 725, 727, 728, 729, 731, 732, 733, 735, 742, 743, 745, 754, 755, 757, 758, 759, 761, 762, 763, 765, 772, 773, 775]
x_527: [124, 209, 210, 211, 212, 213, 223, 224, 225, 227, 228, 229, 231, 232, 233, 239, 240, 241, 242, 243, 246, 247, 248, 250, 251, 252, 254, 255, 256, 278, 279, 280, 282, 283, 284, 286, 287, 288, 294, 295, 296, 298, 299, 300, 302, 303, 304, 310, 311, 312, 313, 314, 324, 325, 326, 328, 329, 330, 332, 333, 334, 340, 341, 342, 343, 344, 399, 410, 411, 412, 414, 415, 416, 418, 419, 420, 442, 443, 444, 446, 447, 448, 450, 451, 452, 458, 459, 460, 462, 463, 464, 466, 467, 468, 474, 475, 476, 478, 479, 480, 482, 483, 484, 495, 506, 507, 508, 510, 511, 512, 514, 515, 516, 522, 523, 524, 526, 528, 529, 530, 531, 532, 535, 538, 539, 540, 542, 543, 544, 546, 547, 548, 570, 571, 572, 574, 575, 576, 578, 579, 580, 586, 587, 588, 590, 591, 592, 594, 595, 596, 639, 640, 641, 642, 643, 653, 654, 655, 657, 658, 659, 661, 662, 663, 669, 670, 671, 672, 673, 676, 677, 678, 680, 681, 682, 684, 685, 686, 708, 709, 710, 712, 713, 714, 716, 717, 718, 724, 725, 726, 728, 729, 730, 732, 733, 734, 740, 741, 742, 743, 744, 754, 755, 756, 758, 759, 760, 762, 763, 764, 770, 771, 772, 773, 774]
x_528: [125, 209, 210, 212, 213, 214, 224, 225, 226, 228, 229, 230, 232, 233, 234, 239, 240, 242, 243, 244, 247, 248, 249, 251, 252, 253, 255, 256, 257, 279, 280, 281, 283, 284, 285, 287, 288, 289, 295, 296, 297, 299, 300, 301, 303, 304, 305, 310, 311, 313, 314, 315, 325, 326, 327, 329, 330, 331, 333, 334, 335, 340, 341, 343, 344, 345, 400, 411, 412, 413, 415, 416, 417, 419, 420, 421, 443, 444, 445, 447, 448, 449, 451, 452, 453, 459, 460, 461, 463, 464, 465, 467, 468, 469, 475, 476, 477, 479, 480, 481, 483, 484, 485, 496, 507, 508, 509, 511, 512, 513, 515, 516, 517, 523, 524, 525, 526, 527, 529, 531, 532, 533, 536, 539, 540, 541, 543, 544, 545, 547, 548, 549, 571, 572, 573, 575, 576, 577, 579, 580, 581, 587, 588, 589, 591, 592, 593, 595, 596, 597, 639, 640, 642, 643, 644, 654, 655, 656, 658, 659, 660, 662, 663, 664, 669, 670, 672, 673, 674, 677, 678, 679, 681, 682, 683, 685, 686, 687, 709, 710, 711, 713, 714, 715, 717, 718, 719, 725, 726, 727, 729, 730, 731, 733, 734, 735, 740, 741, 743, 744, 745, 755, 756, 757, 759, 760, 761, 763, 764, 765, 770, 771, 773, 774, 775]
x_529: [126, 209, 210, 211, 213, 214, 223, 225, 226, 227, 229, 230, 231, 233, 234, 239, 240, 241, 243, 244, 246, 248, 249, 250, 252, 253, 254, 256, 257, 278, 280, 281, 282, 284, 285, 286, 288, 289, 294, 296, 297, 298, 300, 301, 302, 304, 305, 310, 311, 312, 314, 315, 324, 326, 327, 328, 330, 331, 332, 334, 335, 340, 341, 342, 344, 345, 401, 410, 412, 413, 414, 416, 417, 418, 420, 421, 442, 444, 445, 446, 448, 449, 450, 452, 453, 458, 460, 461, 462, 464, 465, 466, 468, 469, 474, 476, 477, 478, 480, 481, 482, 484, 485, 497, 506, 508, 509, 510, 512, 513, 514, 516, 517, 522, 524, 525, 526, 527, 528, 530, 532, 533, 537, 538, 540, 541, 542, 544, 545, 546, 548, 549, 570, 572, 573, 574, 576, 577, 578, 580, 581, 586, 588, 589, 590, 592, 593, 594, 596, 597, 639, 640, 641, 643, 644, 653, 655, 656, 657, 659, 660, 661, 663, 664, 669, 670, 671, 673, 674, 676, 678, 679, 680, 682, 683, 684, 686, 687, 708, 710, 711, 712, 714, 715, 716, 718, 719, 724, 726, 727, 728, 730, 731, 732, 734, 735, 740, 741, 742, 744, 745, 754, 756, 757, 758, 760, 761, 762, 764, 765, 770, 771, 772, 774, 775]
x_530: [127, 211, 212, 214, 227, 228, 230, 231, 232, 234, 235, 236, 238, 241, 242, 244, 250, 251, 253, 254, 255, 257, 258, 259, 261, 282, 283, 285, 286, 287, 289, 290, 291, 293, 298, 299, 301, 302, 303, 305, 306, 307, 309, 312, 313, 315, 328, 329, 331, 332, 333, 335, 336, 337, 339, 342, 343, 345, 402, 414, 415, 417, 418, 419, 421, 422, 423, 425, 446, 447, 449, 450, 451, 453, 454, 455, 457, 462, 463, 465, 466, 467, 469, 470, 471, 473, 478, 479, 481, 482, 483, 485, 486, 487, 489, 498, 510, 511, 513, 514, 515, 517, 518, 519, 521, 522, 526, 527, 529, 531, 532, 533, 534, 535, 537, 542, 543, 545, 546, 547, 549, 550, 551, 553, 574, 575, 577, 578, 579, 581, 582, 583, 585, 590, 591, 593, 594, 595, 597, 598, 599, 601, 641, 642, 644, 657, 658, 660, 661, 662, 664, 665, 666, 668, 671, 672, 674, 680, 681, 683, 684, 685, 687, 688, 689, 691, 712, 713, 715, 716, 717, 719, 720, 721, 723, 728, 729, 731, 732, 733, 735, 736, 737, 739, 742, 743, 745, 758, 759, 761, 762, 763, 765, 766, 767, 769, 772, 773, 775]
x_531: [128, 210, 211, 212, 213, 215, 227, 228, 229, 231, 232, 233, 235, 236, 237, 240, 241, 242, 243, 245, 250, 251, 252, 254, 255, 256, 258, 259, 260, 282, 283, 284, 286, 287, 288, 290, 291, 292, 298, 299, 300, 302, 303, 304, 306, 307, 308, 311, 312, 313, 314, 316, 328, 329, 330, 332, 333, 334, 336, 337, 338, 341, 342, 343, 344, 346, 403, 414, 415, 416, 418, 419, 420, 422, 423, 424, 446, 447, 448, 450, 451, 452, 454, 455, 456, 462, 463, 464, 466, 467, 468, 470, 471, 472, 478, 479, 480, 482, 483, 484, 486, 487, 488, 499, 510, 511, 512, 514, 515, 516, 518, 519, 520, 523, 526, 527, 528, 530, 532, 533, 534, 535, 536, 542, 543, 544, 546, 547, 548, 550, 551, 552, 574, 575, 576, 578, 579, 580, 582, 583, 584, 590, 591, 592, 594, 595, 596, 598, 599, 600, 640, 641, 642, 643, 645, 657, 658, 659, 661, 662, 663, 665, 666, 667, 670, 671, 672, 673, 675, 680, 681, 682, 684, 685, 686, 688, 689, 690, 712, 713, 714, 716, 717, 718, 720, 721, 722, 728, 729, 730, 732, 733, 734, 736, 737, 738, 741, 742, 743, 744, 746, 758, 759, 760, 762, 763, 764, 766, 767, 768, 771, 772, 773, 774, 776]
x_532: [129, 210, 212, 213, 214, 215, 228, 229, 230, 232, 233, 234, 236, 237, 238, 240, 242, 243, 244, 245, 251, 252, 253, 255, 256, 257, 259, 260, 261, 283, 284, 285, 287, 288, 289, 291, 292, 293, 299, 300, 301, 303, 304, 305, 307, 308, 309, 311, 313, 314, 315, 316, 329, 330, 331, 333, 334, 335, 337, 338, 339, 341, 343, 344, 345, 346, 404, 415, 416, 417, 419, 420, 421, 423, 424, 425, 447, 448, 449, 451, 452, 453, 455, 456, 457, 463, 464, 465, 467, 468, 469, 471, 472, 473, 479, 480, 481, 483, 484, 485, 487, 488, 489, 500, 511, 512, 513, 515, 516, 517, 519, 520, 521, 524, 527, 528, 529, 530, 531, 533, 535, 536, 537, 543, 544, 545, 547, 548, 549, 551, 552, 553, 575, 576, 577, 579, 580, 581, 583, 584, 585, 591, 592, 593, 595, 596, 597, 599, 600, 601, 640, 642, 643, 644, 645, 658, 659, 660, 662, 663, 664, 666, 667, 668, 670, 672, 673, 674, 675, 681, 682, 683, 685, 686, 687, 689, 690, 691, 713, 714, 715, 717, 718, 719, 721, 722, 723, 729, 730, 731, 733, 734, 735, 737, 738, 739, 741, 743, 744, 745, 746, 759, 760, 761, 763, 764, 765, 767, 768, 769, 771, 773, 774, 775, 776]
x_533: [130, 210, 211, 213, 214, 215, 227, 229, 230, 231, 233, 234, 235, 237, 238, 240, 241, 243, 244, 245, 250, 252, 253, 254, 256, 257, 258, 260, 261, 282, 284, 285, 286, 288, 289, 290, 292, 293, 298, 300, 301, 302, 304, 305, 306, 308, 309, 311, 312, 314, 315, 316, 328, 330, 331, 332, 334, 335, 336, 338, 339, 341, 342, 344, 345, 346, 405, 414, 416, 417, 418, 420, 421, 422, 424, 425, 446, 448, 449, 450, 452, 453, 454, 456, 457, 462, 464, 465, 466, 468, 469, 470, 472, 473, 478, 480, 481, 482, 484, 485, 486, 488, 489, 501, 510, 512, 513, 514, 516, 517, 518, 520, 521, 525, 526, 528, 529, 530, 531, 532, 534, 536, 537, 542, 544, 545, 546, 548, 549, 550, 552, 553, 574, 576, 577, 578, 580, 581, 582, 584, 585, 590, 592, 593, 594, 596, 597, 598, 600, 601, 640, 641, 643, 644, 645, 657, 659, 660, 661, 663, 664, 665, 667, 668, 670, 671, 673, 674, 675, 680, 682, 683, 684, 686, 687, 688, 690, 691, 712, 714, 715, 716, 718, 719, 720, 722, 723, 728, 730, 731, 732, 734, 735, 736, 738, 739, 741, 742, 744, 745, 746, 758, 760, 761, 762, 764, 765, 766, 768, 769, 771, 772, 774, 775, 776]
x_534: [131, 211, 212, 214, 223, 224, 226, 231, 232, 234, 235, 236, 238, 241, 242, 244, 246, 247, 249, 254, 255, 257, 258, 259, 261, 278, 279, 281, 286, 287, 289, 290, 291, 293, 294, 295, 297, 302, 303, 305, 306, 307, 309, 312, 313, 315, 324, 325, 327, 332, 333, 335, 336, 337, 339, 342, 343, 345, 406, 410, 411, 413, 418, 419, 421, 422, 423, 425, 442, 443, 445, 450, 451, 453, 454, 455, 457, 458, 459, 461, 466, 467, 469, 470, 471, 473, 474, 475, 477, 482, 483, 485, 486, 487, 489, 502, 506, 507, 509, 514, 515, 517, 518, 519, 521, 522, 523, 525, 526, 530, 531, 533, 535, 536, 537, 538, 539, 541, 546, 547, 549, 550, 551, 553, 570, 571, 573, 578, 579, 581, 582, 583, 585, 586, 587, 589, 594, 595, 597, 598, 599, 601, 641, 642, 644, 653, 654, 656, 661, 662, 664, 665, 666, 668, 671, 672, 674, 676, 677, 679, 684, 685, 687, 688, 689, 691, 708, 709, 711, 716, 717, 719, 720, 721, 723, 724, 725, 727, 732, 733, 735, 736, 737, 739, 742, 743, 745, 754, 755, 757, 762, 763, 765, 766, 767, 769, 772, 773, 775]
x_535: [132, 209, 211, 212, 213, 215, 223, 224, 225, 231, 232, 233, 235, 236, 237, 239, 241, 242, 243, 245, 246, 247, 248, 254, 255, 256, 258, 259, 260, 278, 279, 280, 286, 287, 288, 290, 291, 292, 294, 295, 296, 302, 303, 304, 306, 307, 308, 310, 312, 313, 314, 316, 324, 325, 326, 332, 333, 334, 336, 337, 338, 340, 342, 343, 344, 346, 407, 410, 411, 412, 418, 419, 420, 422, 423, 424, 442, 443, 444, 450, 451, 452, 454, 455, 456, 458, 459, 460, 466, 467, 468, 470, 471, 472, 474, 475, 476, 482, 483, 484, 486, 487, 488, 503, 506, 507, 508, 514, 515, 516, 518, 519, 520, 522, 523, 524, 527, 530, 531, 532, 534, 536, 537, 538, 539, 540, 546, 547, 548, 550, 551, 552, 570, 571, 572, 578, 579, 580, 582, 583, 584, 586, 587, 588, 594, 595, 596, 598, 599, 600, 639, 641, 642, 643, 645, 653, 654, 655, 661, 662, 663, 665, 666, 667, 669, 671, 672, 673, 675, 676, 677, 678, 684, 685, 686, 688, 689, 690, 708, 709, 710, 716, 717, 718, 720, 721, 722, 724, 725, 726, 732, 733, 734, 736, 737, 738, 740, 742, 743, 744, 746, 754, 755, 756, 762, 763, 764, 766, 767, 768, 770, 772, 773, 774, 776]
x_536: [133, 209, 212, 213, 214, 215, 224, 225, 226, 232, 233, 234, 236, 237, 238, 239, 242, 243, 244, 245, 247, 248, 249, 255, 256, 257, 259, 260, 261, 279, 280, 281, 287, 288, 289, 291, 292, 293, 295, 296, 297, 303, 304, 305, 307, 308, 309, 310, 313, 314, 315, 316, 325, 326, 327, 333, 334, 335, 337, 338, 339, 340, 343, 344, 345, 346, 408, 411, 412, 413, 419, 420, 421, 423, 424, 425, 443, 444, 445, 451, 452, 453, 455, 456, 457, 459, 460, 461, 467, 468, 469, 471, 472, 473, 475, 476, 477, 483, 484, 485, 487, 488, 489, 504, 507, 508, 509, 515, 516, 517, 519, 520, 521, 523, 524, 525, 528, 531, 532, 533, 534, 535, 537, 539, 540, 541, 547, 548, 549, 551, 552, 553, 571, 572, 573, 579, 580, 581, 583, 584, 585, 587, 588, 589, 595, 596, 597, 599, 600, 601, 639, 642, 643, 644, 645, 654, 655, 656, 662, 663, 664, 666, 667, 668, 669, 672, 673, 674, 675, 677, 678, 679, 685, 686, 687, 689, 690, 691, 709, 710, 711, 717, 718, 719, 721, 722, 723, 725, 726, 727, 733, 734, 735, 737, 738, 739, 740, 743, 744, 745, 746, 755, 756, 757, 763, 764, 765, 767, 768, 769, 770, 773, 774, 775, 776]
x_537: [134, 209, 211, 213, 214, 215, 223, 225, 226, 231, 233, 234, 235, 237, 238, 239, 241, 243, 244, 245, 246, 248, 249, 254, 256, 257, 258, 260, 261, 278, 280, 281, 286, 288, 289, 290, 292, 293, 294, 296, 297, 302, 304, 305, 306, 308, 309, 310, 312, 314, 315, 316, 324, 326, 327, 332, 334, 335, 336, 338, 339, 340, 342, 344, 345, 346, 409, 410, 412, 413, 418, 420, 421, 422, 424, 425, 442, 444, 445, 450, 452, 453, 454, 456, 457, 458, 460, 461, 466, 468, 469, 470, 472, 473, 474, 476, 477, 482, 484, 485, 486, 488, 489, 505, 506, 508, 509, 514, 516, 517, 518, 520, 521, 522, 524, 525, 529, 530, 532, 533, 534, 535, 536, 538, 540, 541, 546, 548, 549, 550, 552, 553, 570, 572, 573, 578, 580, 581, 582, 584, 585, 586, 588, 589, 594, 596, 597, 598, 600, 601, 639, 641, 643, 644, 645, 653, 655, 656, 661, 663, 664, 665, 667, 668, 669, 671, 673, 674, 675, 676, 678, 679, 684, 686, 687, 688, 690, 691, 708, 710, 711, 716, 718, 719, 720, 722, 723, 724, 726, 727, 732, 734, 735, 736, 738, 739, 740, 742, 744, 745, 746, 754, 756, 757, 762, 764, 765, 766, 768, 769, 770, 772, 774, 775, 776]
x_538: [246, 247, 249, 250, 251, 253, 258, 259, 261, 262, 263, 265, 266, 267, 269, 274, 275, 277, 294, 295, 297, 298, 299, 301, 306, 307, 309, 347, 349, 350, 351, 353, 358, 359, 361, 362, 363, 365, 366, 367, 369, 374, 375, 377, 394, 395, 397, 398, 399, 401, 406, 407, 409, 410, 474, 475, 477, 478, 479, 481, 486, 487, 489, 490, 491, 493, 494, 495, 497, 502, 503, 505, 522, 523, 525, 526, 527, 529, 534, 535, 537, 539, 540, 541, 542, 543, 545, 546, 550, 551, 553, 554, 555, 557, 558, 559, 561, 566, 567, 569, 570, 586, 587, 589, 590, 591, 593, 598, 599, 601, 676, 677, 679, 680, 681, 683, 688, 689, 691, 692, 693, 695, 696, 697, 699, 704, 705, 707, 724, 725, 727, 728, 729, 731, 736, 737, 739]
x_539: [172, 173, 178, 179, 180, 185, 202, 203, 208, 246, 247, 248, 250, 251, 252, 258, 259, 260, 262, 263, 264, 266, 267, 268, 274, 275, 276, 294, 295, 296, 298, 299, 300, 306, 307, 308, 310, 311, 316, 317, 318, 323, 340, 341, 346, 347, 348, 350, 351, 352, 358, 359, 360, 362, 363, 364, 366, 367, 368, 374, 375, 376, 394, 395, 396, 398, 399, 400, 406, 407, 408, 411, 474, 475, 476, 478, 479, 480, 486, 487, 488, 490, 491, 492, 494, 495, 496, 502, 503, 504, 522, 523, 524, 526, 527, 528, 534, 535, 536, 538, 540, 541, 542, 543, 544, 547, 550, 551, 552, 554, 555, 556, 558, 559, 560, 566, 567, 568, 571, 586, 587, 588, 590, 591, 592, 598, 599, 600, 602, 603, 608, 609, 610, 615, 632, 633, 638, 676, 677, 678, 680, 681, 682, 688, 689, 690, 692, 693, 694, 696, 697, 698, 704, 705, 706, 724, 725, 726, 728, 729, 730, 736, 737, 738, 740, 741, 746, 747, 748, 753, 770, 771, 776]
x_540: [135, 172, 173, 178, 179, 180, 185, 202, 203, 208, 247, 248, 249, 251, 252, 253, 259, 260, 261, 263, 264, 265, 267, 268, 269, 275, 276, 277, 295, 296, 297, 299, 300, 301, 307, 308, 309, 310, 311, 316, 317, 318, 323, 340, 341, 346, 347, 348, 349, 351, 352, 353, 359, 360, 361, 363, 364, 365, 367, 368, 369, 375, 376, 377, 395, 396, 397, 399, 400, 401, 407, 408, 409, 412, 475, 476, 477, 479, 480, 481, 487, 488, 489, 491, 492, 493, 495, 496, 497, 503, 504, 505, 523, 524, 525, 527, 528, 529, 535, 536, 537, 538, 539, 541, 543, 544, 545, 548, 551, 552, 553, 555, 556, 557, 559, 560, 561, 567, 568, 569, 572, 587, 588, 589, 591, 592, 593, 599, 600, 601, 602, 603, 608, 609, 610, 615, 632, 633, 638, 677, 678, 679, 681, 682, 683, 689, 690, 691, 693, 694, 695, 697, 698, 699, 705, 706, 707, 725, 726, 727, 729, 730, 731, 737, 738, 739, 740, 741, 746, 747, 748, 753, 770, 771, 776]
x_541: [172, 173, 178, 179, 180, 185, 202, 203, 208, 246, 248, 249, 250, 252, 253, 258, 260, 261, 262, 264, 265, 266, 268, 269, 274, 276, 277, 294, 296, 297, 298, 300, 301, 306, 308, 309, 310, 311, 316, 317, 318, 323, 340, 341, 346, 348, 349, 350, 352, 353, 358, 360, 361, 362, 364, 365, 366, 368, 369, 374, 376, 377, 394, 396, 397, 398, 400, 401, 406, 408, 409, 413, 474, 476, 477, 478, 480, 481, 486, 488, 489, 490, 492, 493, 494, 496, 497, 502, 504, 505, 522, 524, 525, 526, 528, 529, 534, 536, 537, 538, 539, 540, 542, 544, 545, 549, 550, 552, 553, 554, 556, 557, 558, 560, 561, 566, 568, 569, 573, 586, 588, 589, 590, 592, 593, 598, 600, 601, 602, 603, 608, 609, 610, 615, 632, 633, 638, 676, 678, 679, 680, 682, 683, 688, 690, 691, 692, 694, 695, 696, 698, 699, 704, 706, 707, 724, 726, 727, 728, 730, 731, 736, 738, 739, 740, 741, 746, 747, 748, 753, 770, 771, 776]
x_542: [174, 175, 177, 181, 182, 184, 204, 205, 207, 246, 247, 249, 250, 251, 253, 254, 255, 257, 262, 263, 265, 266, 267, 269, 270, 271, 273, 294, 295, 297, 298, 299, 301, 302, 303, 305, 312, 313, 315, 319, 320, 322, 342, 343, 345, 347, 349, 350, 351, 353, 354, 355, 357, 362, 363, 365, 366, 367, 369, 370, 371, 373, 394, 395, 397, 398, 399, 401, 402, 403, 405, 414, 474, 475, 477, 478, 479, 481, 482, 483, 485, 490, 491, 493, 494, 495, 497, 498, 499, 501, 522, 523, 525, 526, 527, 529, 530, 531, 533, 538, 539, 541, 543, 544, 545, 546, 547, 549, 550, 554, 555, 557, 558, 559, 561, 562, 563, 565, 574, 586, 587, 589, 590, 591, 593, 594, 595, 597, 604, 605, 607, 611, 612, 614, 634, 635, 637, 676, 677, 679, 680, 681, 683, 684, 685, 687, 692, 693, 695, 696, 697, 699, 700, 701, 703, 724, 725, 727, 728, 729, 731, 732, 733, 735, 742, 743, 745, 749, 750, 752, 772, 773, 775]
x_543: [172, 173, 174, 175, 176, 179, 180, 181, 182, 183, 202, 203, 204, 205, 206, 246, 247, 248, 250, 251, 252, 254, 255, 256, 262, 263, 264, 266, 267, 268, 270, 271, 272, 294, 295, 296, 298, 299, 300, 302, 303, 304, 310, 311, 312, 313, 314, 317, 318, 319, 320, 321, 340, 341, 342, 343, 344, 347, 348, 350, 351, 352, 354, 355, 356, 362, 363, 364, 366, 367, 368, 370, 371, 372, 394, 395, 396, 398, 399, 400, 402, 403, 404, 415, 474, 475, 476, 478, 479, 480, 482, 483, 484, 490, 491, 492, 494, 495, 496, 498, 499, 500, 522, 523, 524, 526, 527, 528, 530, 531, 532, 538, 539, 540, 542, 544, 545, 546, 547, 548, 551, 554, 555, 556, 558, 559, 560, 562, 563, 564, 575, 586, 587, 588, 590, 591, 592, 594, 595, 596, 602, 603, 604, 605, 606, 609, 610, 611, 612, 613, 632, 633, 634, 635, 636, 676, 677, 678, 680, 681, 682, 684, 685, 686, 692, 693, 694, 696, 697, 698, 700, 701, 702, 724, 725, 726, 728, 729, 730, 732, 733, 734, 740, 741, 742, 743, 744, 747, 748, 749, 750, 751, 770, 771, 772, 773, 774]
x_544: [136, 172, 173, 175, 176, 177, 179, 180, 182, 183, 184, 202, 203, 205, 206, 207, 247, 248, 249, 251, 252, 253, 255, 256, 257, 263, 264, 265, 267, 268, 269, 271, 272, 273, 295, 296, 297, 299, 300, 301, 303, 304, 305, 310, 311, 313, 314, 315, 317, 318, 320, 321, 322, 340, 341, 343, 344, 345, 347, 348, 349, 351, 352, 353, 355, 356, 357, 363, 364, 365, 367, 368, 369, 371, 372, 373, 395, 396, 397, 399, 400, 401, 403, 404, 405, 416, 475, 476, 477, 479, 480, 481, 483, 484, 485, 491, 492, 493, 495, 496, 497, 499, 500, 501, 523, 524, 525, 527, 528, 529, 531, 532, 533, 539, 540, 541, 542, 543, 545, 547, 548, 549, 552, 555, 556, 557, 559, 560, 561, 563, 564, 565, 576, 587, 588, 589, 591, 592, 593, 595, 596, 597, 602, 603, 605, 606, 607, 609, 610, 612, 613, 614, 632, 633, 635, 636, 637, 677, 678, 679, 681, 682, 683, 685, 686, 687, 693, 694, 695, 697, 698, 699, 701, 702, 703, 725, 726, 727, 729, 730, 731, 733, 734, 735, 740, 741, 743, 744, 745, 747, 748, 750, 751, 752, 770, 771, 773, 774, 775]
x_545: [172, 173, 174, 176, 177, 179, 180, 181, 183, 184, 202, 203, 204, 206, 207, 246, 248, 249, 250, 252, 253, 254, 256, 257, 262, 264, 265, 266, 268, 269, 270, 272, 273, 294, 296, 297, 298, 300, 301, 302, 304, 305, 310, 311, 312, 314, 315, 317, 318, 319, 321, 322, 340, 341, 342, 344, 345, 348, 349, 350, 352, 353, 354, 356, 357, 362, 364, 365, 366, 368, 369, 370, 372, 373, 394, 396, 397, 398, 400, 401, 402, 404, 405, 417, 474, 476, 477, 478, 480, 481, 482, 484, 485, 490, 492, 493, 494, 496, 497, 498, 500, 501, 522, 524, 525, 526, 528, 529, 530, 532, 533, 538, 540, 541, 542, 543, 544, 546, 548, 549, 553, 554, 556, 557, 558, 560, 561, 562, 564, 565, 577, 586, 588, 589, 590, 592, 593, 594, 596, 597, 602, 603, 604, 606, 607, 609, 610, 611, 613, 614, 632, 633, 634, 636, 637, 676, 678, 679, 680, 682, 683, 684, 686, 687, 692, 694, 695, 696, 698, 699, 700, 702, 703, 724, 726, 727, 728, 730, 731, 732, 734, 735, 740, 741, 742, 744, 745, 747, 748, 749, 751, 752, 770, 771, 772, 774, 775]
x_546: [137, 174, 175, 177, 181, 182, 184, 204, 205, 207, 250, 251, 253, 254, 255, 257, 258, 259, 261, 266, 267, 269, 270, 271, 273, 274, 275, 277, 298, 299, 301, 302, 303, 305, 306, 307, 309, 312, 313, 315, 319, 320, 322, 342, 343, 345, 350, 351, 353, 354, 355, 357, 358, 359, 361, 366, 367, 369, 370, 371, 373, 374, 375, 377, 398, 399, 401, 402, 403, 405, 406, 407, 409, 418, 478, 479, 481, 482, 483, 485, 486, 487, 489, 494, 495, 497, 498, 499, 501, 502, 503, 505, 526, 527, 529, 530, 531, 533, 534, 535, 537, 538, 542, 543, 545, 547, 548, 549, 550, 551, 553, 558, 559, 561, 562, 563, 565, 566, 567, 569, 578, 590, 591, 593, 594, 595, 597, 598, 599, 601, 604, 605, 607, 611, 612, 614, 634, 635, 637, 680, 681, 683, 684, 685, 687, 688, 689, 691, 696, 697, 699, 700, 701, 703, 704, 705, 707, 728, 729, 731, 732, 733, 735, 736, 737, 739, 742, 743, 745, 749, 750, 752, 772, 773, 775]
x_547: [138, 173, 174, 175, 176, 178, 180, 181, 182, 183, 185, 203, 204, 205, 206, 208, 250, 251, 252, 254, 255, 256, 258, 259, 260, 266, 267, 268, 270, 271, 272, 274, 275, 276, 298, 299, 300, 302, 303, 304, 306, 307, 308, 311, 312, 313, 314, 316, 318, 319, 320, 321, 323, 341, 342, 343, 344, 346, 350, 351, 352, 354, 355, 356, 358, 359, 360, 366, 367, 368, 370, 371, 372, 374, 375, 376, 398, 399, 400, 402, 403, 404, 406, 407, 408, 419, 478, 479, 480, 482, 483, 484, 486, 487, 488, 494, 495, 496, 498, 499, 500, 502, 503, 504, 526, 527, 528, 530, 531, 532, 534, 535, 536, 539, 542, 543, 544, 546, 548, 549, 550, 551, 552, 558, 559, 560, 562, 563, 564, 566, 567, 568, 579, 590, 591, 592, 594, 595, 596, 598, 599, 600, 603, 604, 605, 606, 608, 610, 611, 612, 613, 615, 633, 634, 635, 636, 638, 680, 681, 682, 684, 685, 686, 688, 689, 690, 696, 697, 698, 700, 701, 702, 704, 705, 706, 728, 729, 730, 732, 733, 734, 736, 737, 738, 741, 742, 743, 744, 746, 748, 749, 750, 751, 753, 771, 772, 773, 774, 776]
x_548: [139, 173, 175, 176, 177, 178, 180, 182, 183, 184, 185, 203, 205, 206, 207, 208, 251, 252, 253, 255, 256, 257, 259, 260, 261, 267, 268, 269, 271, 272, 273, 275, 276, 277, 299, 300, 301, 303, 304, 305, 307, 308, 309, 311, 313, 314, 315, 316, 318, 320, 321, 322, 323, 341, 343, 344, 345, 346, 351, 352, 353, 355, 356, 357, 359, 360, 361, 367, 368, 369, 371, 372, 373, 375, 376, 377, 399, 400, 401, 403, 404, 405, 407, 408, 409, 420, 479, 480, 481, 483, 484, 485, 487, 488, 489, 495, 496, 497, 499, 500, 501, 503, 504, 505, 527, 528, 529, 531, 532, 533, 535, 536, 537, 540, 543, 544, 545, 546, 547, 549, 551, 552, 553, 559, 560, 561, 563, 564, 565, 567, 568, 569, 580, 591, 592, 593, 595, 596, 597, 599, 600, 601, 603, 605, 606, 607, 608, 610, 612, 613, 614, 615, 633, 635, 636, 637, 638, 681, 682, 683, 685, 686, 687, 689, 690, 691, 697, 698, 699, 701, 702, 703, 705, 706, 707, 729, 730, 731, 733, 734, 735, 737, 738, 739, 741, 743, 744, 745, 746, 748, 750, 751, 752, 753, 771, 773, 774, 775, 776]
x_549: [140, 173, 174, 176, 177, 178, 180, 181, 183, 184, 185, 203, 204, 206, 207, 208, 250, 252, 253, 254, 256, 257, 258, 260, 261, 266, 268, 269, 270, 272, 273, 274, 276, 277, 298, 300, 301, 302, 304, 305, 306, 308, 309, 311, 312, 314, 315, 316, 318, 319, 321, 322, 323, 341, 342, 344, 345, 346, 350, 352, 353, 354, 356, 357, 358, 360, 361, 366, 368, 369, 370, 372, 373, 374, 376, 377, 398, 400, 401, 402, 404, 405, 406, 408, 409, 421, 478, 480, 481, 482, 484, 485, 486, 488, 489, 494, 496, 497, 498, 500, 501, 502, 504, 505, 526, 528, 529, 530, 532, 533, 534, 536, 537, 541, 542, 544, 545, 546, 547, 548, 550, 552, 553, 558, 560, 561, 562, 564, 565, 566, 568, 569, 581, 590, 592, 593, 594, 596, 597, 598, 600, 601, 603, 604, 606, 607, 608, 610, 611, 613, 614, 615, 633, 634, 636, 637, 638, 680, 682, 683, 684, 686, 687, 688, 690, 691, 696, 698, 699, 700, 702, 703, 704, 706, 707, 728, 730, 731, 732, 734, 735, 736, 738, 739, 741, 742, 744, 745, 746, 748, 749, 751, 752, 753, 771, 772, 774, 775, 776]
x_550: [174, 175, 177, 181, 182, 184, 204, 205, 207, 246, 247, 249, 254, 255, 257, 258, 259, 261, 262, 263, 265, 270, 271, 273, 274, 275, 277, 294, 295, 297, 302, 303, 305, 306, 307, 309, 312, 313, 315, 319, 320, 322, 342, 343, 345, 347, 349, 354, 355, 357, 358, 359, 361, 362, 363, 365, 370, 371, 373, 374, 375, 377, 394, 395, 397, 402, 403, 405, 406, 407, 409, 422, 474, 475, 477, 482, 483, 485, 486, 487, 489, 490, 491, 493, 498, 499, 501, 502, 503, 505, 522, 523, 525, 530, 531, 533, 534, 535, 537, 538, 539, 541, 542, 546, 547, 549, 551, 552, 553, 554, 555, 557, 562, 563, 565, 566, 567, 569, 582, 586, 587, 589, 594, 595, 597, 598, 599, 601, 604, 605, 607, 611, 612, 614, 634, 635, 637, 676, 677, 679, 684, 685, 687, 688, 689, 691, 692, 693, 695, 700, 701, 703, 704, 705, 707, 724, 725, 727, 732, 733, 735, 736, 737, 739, 742, 743, 745, 749, 750, 752, 772, 773, 775]
x_551: [172, 174, 175, 176, 178, 179, 181, 182, 183, 185, 202, 204, 205, 206, 208, 246, 247, 248, 254, 255, 256, 258, 259, 260, 262, 263, 264, 270, 271, 272, 274, 275, 276, 294, 295, 296, 302, 303, 304, 306, 307, 308, 310, 312, 313, 314, 316, 317, 319, 320, 321, 323, 340, 342, 343, 344, 346, 347, 348, 354, 355, 356, 358, 359, 360, 362, 363, 364, 370, 371, 372, 374, 375, 376, 394, 395, 396, 402, 403, 404, 406, 407, 408, 423, 474, 475, 476, 482, 483, 484, 486, 487, 488, 490, 491, 492, 498, 499, 500, 502, 503, 504, 522, 523, 524, 530, 531, 532, 534, 535, 536, 538, 539, 540, 543, 546, 547, 548, 550, 552, 553, 554, 555, 556, 562, 563, 564, 566, 567, 568, 583, 586, 587, 588, 594, 595, 596, 598, 599, 600, 602, 604, 605, 606, 608, 609, 611, 612, 613, 615, 632, 634, 635, 636, 638, 676, 677, 678, 684, 685, 686, 688, 689, 690, 692, 693, 694, 700, 701, 702, 704, 705, 706, 724, 725, 726, 732, 733, 734, 736, 737, 738, 740, 742, 743, 744, 746, 747, 749, 750, 751, 753, 770, 772, 773, 774, 776]
x_552: [141, 172, 175, 176, 177, 178, 179, 182, 183, 184, 185, 202, 205, 206, 207, 208, 247, 248, 249, 255, 256, 257, 259, 260, 261, 263, 264, 265, 271, 272, 273, 275, 276, 277, 295, 296, 297, 303, 304, 305, 307, 308, 309, 310, 313, 314, 315, 316, 317, 320, 321, 322, 323, 340, 343, 344, 345, 346, 347, 348, 349, 355, 356, 357, 359, 360, 361, 363, 364, 365, 371, 372, 373, 375, 376, 377, 395, 396, 397, 403, 404, 405, 407, 408, 409, 424, 475, 476, 477, 483, 484, 485, 487, 488, 489, 491, 492, 493, 499, 500, 501, 503, 504, 505, 523, 524, 525, 531, 532, 533, 535, 536, 537, 539, 540, 541, 544, 547, 548, 549, 550, 551, 553, 555, 556, 557, 563, 564, 565, 567, 568, 569, 584, 587, 588, 589, 595, 596, 597, 599, 600, 601, 602, 605, 606, 607, 608, 609, 612, 613, 614, 615, 632, 635, 636, 637, 638, 677, 678, 679, 685, 686, 687, 689, 690, 691, 693, 694, 695, 701, 702, 703, 705, 706, 707, 725, 726, 727, 733, 734, 735, 737, 738, 739, 740, 743, 744, 745, 746, 747, 750, 751, 752, 753, 770, 773, 774, 775, 776]
x_553: [172, 174, 176, 177, 178, 179, 181, 183, 184, 185, 202, 204, 206, 207, 208, 246, 248, 249, 254, 256, 257, 258, 260, 261, 262, 264, 265, 270, 272, 273, 274, 276, 277, 294, 296, 297, 302, 304, 305, 306, 308, 309, 310, 312, 314, 315, 316, 317, 319, 321, 322, 323, 340, 342, 344, 345, 346, 348, 349, 354, 356, 357, 358, 360, 361, 362, 364, 365, 370, 372, 373, 374, 376, 377, 394, 396, 397, 402, 404, 405, 406, 408, 409, 425, 474, 476, 477, 482, 484, 485, 486, 488, 489, 490, 492, 493, 498, 500, 501, 502, 504, 505, 522, 524, 525, 530, 532, 533, 534, 536, 537, 538, 540, 541, 545, 546, 548, 549, 550, 551, 552, 554, 556, 557, 562, 564, 565, 566, 568, 569, 585, 586, 588, 589, 594, 596, 597, 598, 600, 601, 602, 604, 606, 607, 608, 609, 611, 613, 614, 615, 632, 634, 636, 637, 638, 676, 678, 679, 684, 686, 687, 688, 690, 691, 692, 694, 695, 700, 702, 703, 704, 706, 707, 724, 726, 727, 732, 734, 735, 736, 738, 739, 740, 742, 744, 745, 746, 747, 749, 751, 752, 753, 770, 772, 774, 775, 776]
x_554: [186, 187, 189, 190, 191, 193, 198, 199, 201, 246, 247, 249, 250, 251, 253, 258, 259, 261, 262, 263, 265, 266, 267, 269, 274, 275, 277, 278, 279, 281, 282, 283, 285, 290, 291, 293, 324, 325, 327, 328, 329, 331, 336, 337, 339, 347, 349, 350, 351, 353, 358, 359, 361, 362, 363, 365, 366, 367, 369, 374, 375, 377, 378, 379, 381, 382, 383, 385, 390, 391, 393, 426, 474, 475, 477, 478, 479, 481, 486, 487, 489, 490, 491, 493, 494, 495, 497, 502, 503, 505, 506, 507, 509, 510, 511, 513, 518, 519, 521, 538, 539, 541, 542, 543, 545, 550, 551, 553, 555, 556, 557, 558, 559, 561, 562, 566, 567, 569, 570, 571, 573, 574, 575, 577, 582, 583, 585, 586, 616, 617, 619, 620, 621, 623, 628, 629, 631, 676, 677, 679, 680, 681, 683, 688, 689, 691, 692, 693, 695, 696, 697, 699, 704, 705, 707, 708, 709, 711, 712, 713, 715, 720, 721, 723, 754, 755, 757, 758, 759, 761, 766, 767, 769]
x_555: [172, 173, 178, 179, 180, 185, 186, 187, 188, 190, 191, 192, 198, 199, 200, 246, 247, 248, 250, 251, 252, 258, 259, 260, 262, 263, 264, 266, 267, 268, 274, 275, 276, 278, 279, 280, 282, 283, 284, 290, 291, 292, 310, 311, 316, 317, 318, 323, 324, 325, 326, 328, 329, 330, 336, 337, 338, 347, 348, 350, 351, 352, 358, 359, 360, 362, 363, 364, 366, 367, 368, 374, 375, 376, 378, 379, 380, 382, 383, 384, 390, 391, 392, 427, 474, 475, 476, 478, 479, 480, 486, 487, 488, 490, 491, 492, 494, 495, 496, 502, 503, 504, 506, 507, 508, 510, 511, 512, 518, 519, 520, 538, 539, 540, 542, 543, 544, 550, 551, 552, 554, 556, 557, 558, 559, 560, 563, 566, 567, 568, 570, 571, 572, 574, 575, 576, 582, 583, 584, 587, 602, 603, 608, 609, 610, 615, 616, 617, 618, 620, 621, 622, 628, 629, 630, 676, 677, 678, 680, 681, 682, 688, 689, 690, 692, 693, 694, 696, 697, 698, 704, 705, 706, 708, 709, 710, 712, 713, 714, 720, 721, 722, 740, 741, 746, 747, 748, 753, 754, 755, 756, 758, 759, 760, 766, 767, 768]
x_556: [142, 172, 173, 178, 179, 180, 185, 187, 188, 189, 191, 192, 193, 199, 200, 201, 247, 248, 249, 251, 252, 253, 259, 260, 261, 263, 264, 265, 267, 268, 269, 275, 276, 277, 279, 280, 281, 283, 284, 285, 291, 292, 293, 310, 311, 316, 317, 318, 323, 325, 326, 327, 329, 330, 331, 337, 338, 339, 347, 348, 349, 351, 352, 353, 359, 360, 361, 363, 364, 365, 367, 368, 369, 375, 376, 377, 379, 380, 381, 383, 384, 385, 391, 392, 393, 428, 475, 476, 477, 479, 480, 481, 487, 488, 489, 491, 492, 493, 495, 496, 497, 503, 504, 505, 507, 508, 509, 511, 512, 513, 519, 520, 521, 539, 540, 541, 543, 544, 545, 551, 552, 553, 554, 555, 557, 559, 560, 561, 564, 567, 568, 569, 571, 572, 573, 575, 576, 577, 583, 584, 585, 588, 602, 603, 608, 609, 610, 615, 617, 618, 619, 621, 622, 623, 629, 630, 631, 677, 678, 679, 681, 682, 683, 689, 690, 691, 693, 694, 695, 697, 698, 699, 705, 706, 707, 709, 710, 711, 713, 714, 715, 721, 722, 723, 740, 741, 746, 747, 748, 753, 755, 756, 757, 759, 760, 761, 767, 768, 769]
x_557: [172, 173, 178, 179, 180, 185, 186, 188, 189, 190, 192, 193, 198, 200, 201, 246, 248, 249, 250, 252, 253, 258, 260, 261, 262, 264, 265, 266, 268, 269, 274, 276, 277, 278, 280, 281, 282, 284, 285, 290, 292, 293, 310, 311, 316, 317, 318, 323, 324, 326, 327, 328, 330, 331, 336, 338, 339, 348, 349, 350, 352, 353, 358, 360, 361, 362, 364, 365, 366, 368, 369, 374, 376, 377, 378, 380, 381, 382, 384, 385, 390, 392, 393, 429, 474, 476, 477, 478, 480, 481, 486, 488, 489, 490, 492, 493, 494, 496, 497, 502, 504, 505, 506, 508, 509, 510, 512, 513, 518, 520, 521, 538, 540, 541, 542, 544, 545, 550, 552, 553, 554, 555, 556, 558, 560, 561, 565, 566, 568, 569, 570, 572, 573, 574, 576, 577, 582, 584, 585, 589, 602, 603, 608, 609, 610, 615, 616, 618, 619, 620, 622, 623, 628, 630, 631, 676, 678, 679, 680, 682, 683, 688, 690, 691, 692, 694, 695, 696, 698, 699, 704, 706, 707, 708, 710, 711, 712, 714, 715, 720, 722, 723, 740, 741, 746, 747, 748, 753, 754, 756, 757, 758, 760, 761, 766, 768, 769]
x_558: [174, 175, 177, 181, 182, 184, 186, 187, 189, 190, 191, 193, 194, 195, 197, 246, 247, 249, 250, 251, 253, 254, 255, 257, 262, 263, 265, 266, 267, 269, 270, 271, 273, 278, 279, 281, 282, 283, 285, 286, 287, 289, 312, 313, 315, 319, 320, 322, 324, 325, 327, 328, 329, 331, 332, 333, 335, 347, 349, 350, 351, 353, 354, 355, 357, 362, 363, 365, 366, 367, 369, 370, 371, 373, 378, 379, 381, 382, 383, 385, 386, 387, 389, 430, 474, 475, 477, 478, 479, 481, 482, 483, 485, 490, 491, 493, 494, 495, 497, 498, 499, 501, 506, 507, 509, 510, 511, 513, 514, 515, 517, 538, 539, 541, 542, 543, 545, 546, 547, 549, 554, 555, 557, 559, 560, 561, 562, 563, 565, 566, 570, 571, 573, 574, 575, 577, 578, 579, 581, 590, 604, 605, 607, 611, 612, 614, 616, 617, 619, 620, 621, 623, 624, 625, 627, 676, 677, 679, 680, 681, 683, 684, 685, 687, 692, 693, 695, 696, 697, 699, 700, 701, 703, 708, 709, 711, 712, 713, 715, 716, 717, 719, 742, 743, 745, 749, 750, 752, 754, 755, 757, 758, 759, 761, 762, 763, 765]
x_559: [172, 173, 174, 175, 176, 179, 180, 181, 182, 183, 186, 187, 188, 190, 191, 192, 194, 195, 196, 246, 247, 248, 250, 251, 252, 254, 255, 256, 262, 263, 264, 266, 267, 268, 270, 271, 272, 278, 279, 280, 282, 283, 284, 286, 287, 288, 310, 311, 312, 313, 314, 317, 318, 319, 320, 321, 324, 325, 326, 328, 329, 330, 332, 333, 334, 347, 348, 350, 351, 352, 354, 355, 356, 362, 363, 364, 366, 367, 368, 370, 371, 372, 378, 379, 380, 382, 383, 384, 386, 387, 388, 431, 474, 475, 476, 478, 479, 480, 482, 483, 484, 490, 491, 492, 494, 495, 496, 498, 499, 500, 506, 507, 508, 510, 511, 512, 514, 515, 516, 538, 539, 540, 542, 543, 544, 546, 547, 548, 554, 555, 556, 558, 560, 561, 562, 563, 564, 567, 570, 571, 572, 574, 575, 576, 578, 579, 580, 591, 602, 603, 604, 605, 606, 609, 610, 611, 612, 613, 616, 617, 618, 620, 621, 622, 624, 625, 626, 676, 677, 678, 680, 681, 682, 684, 685, 686, 692, 693, 694, 696, 697, 698, 700, 701, 702, 708, 709, 710, 712, 713, 714, 716, 717, 718, 740, 741, 742, 743, 744, 747, 748, 749, 750, 751, 754, 755, 756, 758, 759, 760, 762, 763, 764]
x_560: [143, 172, 173, 175, 176, 177, 179, 180, 182, 183, 184, 187, 188, 189, 191, 192, 193, 195, 196, 197, 247, 248, 249, 251, 252, 253, 255, 256, 257, 263, 264, 265, 267, 268, 269, 271, 272, 273, 279, 280, 281, 283, 284, 285, 287, 288, 289, 310, 311, 313, 314, 315, 317, 318, 320, 321, 322, 325, 326, 327, 329, 330, 331, 333, 334, 335, 347, 348, 349, 351, 352, 353, 355, 356, 357, 363, 364, 365, 367, 368, 369, 371, 372, 373, 379, 380, 381, 383, 384, 385, 387, 388, 389, 432, 475, 476, 477, 479, 480, 481, 483, 484, 485, 491, 492, 493, 495, 496, 497, 499, 500, 501, 507, 508, 509, 511, 512, 513, 515, 516, 517, 539, 540, 541, 543, 544, 545, 547, 548, 549, 555, 556, 557, 558, 559, 561, 563, 564, 565, 568, 571, 572, 573, 575, 576, 577, 579, 580, 581, 592, 602, 603, 605, 606, 607, 609, 610, 612, 613, 614, 617, 618, 619, 621, 622, 623, 625, 626, 627, 677, 678, 679, 681, 682, 683, 685, 686, 687, 693, 694, 695, 697, 698, 699, 701, 702, 703, 709, 710, 711, 713, 714, 715, 717, 718, 719, 740, 741, 743, 744, 745, 747, 748, 750, 751, 752, 755, 756, 757, 759, 760, 761, 763, 764, 765]
x_561: [172, 173, 174, 176, 177, 179, 180, 181, 183, 184, 186, 188, 189, 190, 192, 193, 194, 196, 197, 246, 248, 249, 250, 252, 253, 254, 256, 257, 262, 264, 265, 266, 268, 269, 270, 272, 273, 278, 280, 281, 282, 284, 285, 286, 288, 289, 310, 311, 312, 314, 315, 317, 318, 319, 321, 322, 324, 326, 327, 328, 330, 331, 332, 334, 335, 348, 349, 350, 352, 353, 354, 356, 357, 362, 364, 365, 366, 368, 369, 370, 372, 373, 378, 380, 381, 382, 384, 385, 386, 388, 389, 433, 474, 476, 477, 478, 480, 481, 482, 484, 485, 490, 492, 493, 494, 496, 497, 498, 500, 501, 506, 508, 509, 510, 512, 513, 514, 516, 517, 538, 540, 541, 542, 544, 545, 546, 548, 549, 554, 556, 557, 558, 559, 560, 562, 564, 565, 569, 570, 572, 573, 574, 576, 577, 578, 580, 581, 593, 602, 603, 604, 606, 607, 609, 610, 611, 613, 614, 616, 618, 619, 620, 622, 623, 624, 626, 627, 676, 678, 679, 680, 682, 683, 684, 686, 687, 692, 694, 695, 696, 698, 699, 700, 702, 703, 708, 710, 711, 712, 714, 715, 716, 718, 719, 740, 741, 742, 744, 745, 747, 748, 749, 751, 752, 754, 756, 757, 758, 760, 761, 762, 764, 765]
x_562: [144, 174, 175, 177, 181, 182, 184, 190, 191, 193, 194, 195, 197, 198, 199, 201, 250, 251, 253, 254, 255, 257, 258, 259, 261, 266, 267, 269, 270, 271, 273, 274, 275, 277, 282, 283, 285, 286, 287, 289, 290, 291, 293, 312, 313, 315, 319, 320, 322, 328, 329, 331, 332, 333, 335, 336, 337, 339, 350, 351, 353, 354, 355, 357, 358, 359, 361, 366, 367, 369, 370, 371, 373, 374, 375, 377, 382, 383, 385, 386, 387, 389, 390, 391, 393, 434, 478, 479, 481, 482, 483, 485, 486, 487, 489, 494, 495, 497, 498, 499, 501, 502, 503, 505, 510, 511, 513, 514, 515, 517, 518, 519, 521, 542, 543, 545, 546, 547, 549, 550, 551, 553, 554, 558, 559, 561, 563, 564, 565, 566, 567, 569, 574, 575, 577, 578, 579, 581, 582, 583, 585, 594, 604, 605, 607, 611, 612, 614, 620, 621, 623, 624, 625, 627, 628, 629, 631, 680, 681, 683, 684, 685, 687, 688, 689, 691, 696, 697, 699, 700, 701, 703, 704, 705, 707, 712, 713, 715, 716, 717, 719, 720, 721, 723, 742, 743, 745, 749, 750, 752, 758, 759, 761, 762, 763, 765, 766, 767, 769]
x_563: [145, 173, 174, 175, 176, 178, 180, 181, 182, 183, 185, 190, 191, 192, 194, 195, 196, 198, 199, 200, 250, 251, 252, 254, 255, 256, 258, 259, 260, 266, 267, 268, 270, 271, 272, 274, 275, 276, 282, 283, 284, 286, 287, 288, 290, 291, 292, 311, 312, 313, 314, 316, 318, 319, 320, 321, 323, 328, 329, 330, 332, 333, 334, 336, 337, 338, 350, 351, 352, 354, 355, 356, 358, 359, 360, 366, 367, 368, 370, 371, 372, 374, 375, 376, 382, 383, 384, 386, 387, 388, 390, 391, 392, 435, 478, 479, 480, 482, 483, 484, 486, 487, 488, 494, 495, 496, 498, 499, 500, 502, 503, 504, 510, 511, 512, 514, 515, 516, 518, 519, 520, 542, 543, 544, 546, 547, 548, 550, 551, 552, 555, 558, 559, 560, 562, 564, 565, 566, 567, 568, 574, 575, 576, 578, 579, 580, 582, 583, 584, 595, 603, 604, 605, 606, 608, 610, 611, 612, 613, 615, 620, 621, 622, 624, 625, 626, 628, 629, 630, 680, 681, 682, 684, 685, 686, 688, 689, 690, 696, 697, 698, 700, 701, 702, 704, 705, 706, 712, 713, 714, 716, 717, 718, 720, 721, 722, 741, 742, 743, 744, 746, 748, 749, 750, 751, 753, 758, 759, 760, 762, 763, 764, 766, 767, 768]
x_564: [146, 173, 175, 176, 177, 178, 180, 182, 183, 184, 185, 191, 192, 193, 195, 196, 197, 199, 200, 201, 251, 252, 253, 255, 256, 257, 259, 260, 261, 267, 268, 269, 271, 272, 273, 275, 276, 277, 283, 284, 285, 287, 288, 289, 291, 292, 293, 311, 313, 314, 315, 316, 318, 320, 321, 322, 323, 329, 330, 331, 333, 334, 335, 337, 338, 339, 351, 352, 353, 355, 356, 357, 359, 360, 361, 367, 368, 369, 371, 372, 373, 375, 376, 377, 383, 384, 385, 387, 388, 389, 391, 392, 393, 436, 479, 480, 481, 483, 484, 485, 487, 488, 489, 495, 496, 497, 499, 500, 501, 503, 504, 505, 511, 512, 513, 515, 516, 517, 519, 520, 521, 543, 544, 545, 547, 548, 549, 551, 552, 553, 556, 559, 560, 561, 562, 563, 565, 567, 568, 569, 575, 576, 577, 579, 580, 581, 583, 584, 585, 596, 603, 605, 606, 607, 608, 610, 612, 613, 614, 615, 621, 622, 623, 625, 626, 627, 629, 630, 631, 681, 682, 683, 685, 686, 687, 689, 690, 691, 697, 698, 699, 701, 702, 703, 705, 706, 707, 713, 714, 715, 717, 718, 719, 721, 722, 723, 741, 743, 744, 745, 746, 748, 750, 751, 752, 753, 759, 760, 761, 763, 764, 765, 767, 768, 769]
x_565: [147, 173, 174, 176, 177, 178, 180, 181, 183, 184, 185, 190, 192, 193, 194, 196, 197, 198, 200, 201, 250, 252, 253, 254, 256, 257, 258, 260, 261, 266, 268, 269, 270, 272, 273, 274, 276, 277, 282, 284, 285, 286, 288, 289, 290, 292, 293, 311, 312, 314, 315, 316, 318, 319, 321, 322, 323, 328, 330, 331, 332, 334, 335, 336, 338, 339, 350, 352, 353, 354, 356, 357, 358, 360, 361, 366, 368, 369, 370, 372, 373, 374, 376, 377, 382, 384, 385, 386, 388, 389, 390, 392, 393, 437, 478, 480, 481, 482, 484, 485, 486, 488, 489, 494, 496, 497, 498, 500, 501, 502, 504, 505, 510, 512, 513, 514, 516, 517, 518, 520, 521, 542, 544, 545, 546, 548, 549, 550, 552, 553, 557, 558, 560, 561, 562, 563, 564, 566, 568, 569, 574, 576, 577, 578, 580, 581, 582, 584, 585, 597, 603, 604, 606, 607, 608, 610, 611, 613, 614, 615, 620, 622, 623, 624, 626, 627, 628, 630, 631, 680, 682, 683, 684, 686, 687, 688, 690, 691, 696, 698, 699, 700, 702, 703, 704, 706, 707, 712, 714, 715, 716, 718, 719, 720, 722, 723, 741, 742, 744, 745, 746, 748, 749, 751, 752, 753, 758, 760, 761, 762, 764, 765, 766, 768, 769]
x_566: [174, 175, 177, 181, 182, 184, 186, 187, 189, 194, 195, 197, 198, 199, 201, 246, 247, 249, 254, 255, 257, 258, 259, 261, 262, 263, 265, 270, 271, 273, 274, 275, 277, 278, 279, 281, 286, 287, 289, 290, 291, 293, 312, 313, 315, 319, 320, 322, 324, 325, 327, 332, 333, 335, 336, 337, 339, 347, 349, 354, 355, 357, 358, 359, 361, 362, 363, 365, 370, 371, 373, 374, 375, 377, 378, 379, 381, 386, 387, 389, 390, 391, 393, 438, 474, 475, 477, 482, 483, 485, 486, 487, 489, 490, 491, 493, 498, 499, 501, 502, 503, 505, 506, 507, 509, 514, 515, 517, 518, 519, 521, 538, 539, 541, 546, 547, 549, 550, 551, 553, 554, 555, 557, 558, 562, 563, 565, 567, 568, 569, 570, 571, 573, 578, 579, 581, 582, 583, 585, 598, 604, 605, 607, 611, 612, 614, 616, 617, 619, 624, 625, 627, 628, 629, 631, 676, 677, 679, 684, 685, 687, 688, 689, 691, 692, 693, 695, 700, 701, 703, 704, 705, 707, 708, 709, 711, 716, 717, 719, 720, 721, 723, 742, 743, 745, 749, 750, 752, 754, 755, 757, 762, 763, 765, 766, 767, 769]
x_567: [172, 174, 175, 176, 178, 179, 181, 182, 183, 185, 186, 187, 188, 194, 195, 196, 198, 199, 200, 246, 247, 248, 254, 255, 256, 258, 259, 260, 262, 263, 264, 270, 271, 272, 274, 275, 276, 278, 279, 280, 286, 287, 288, 290, 291, 292, 310, 312, 313, 314, 316, 317, 319, 320, 321, 323, 324, 325, 326, 332, 333, 334, 336, 337, 338, 347, 348, 354, 355, 356, 358, 359, 360, 362, 363, 364, 370, 371, 372, 374, 375, 376, 378, 379, 380, 386, 387, 388, 390, 391, 392, 439, 474, 475, 476, 482, 483, 484, 486, 487, 488, 490, 491, 492, 498, 499, 500, 502, 503, 504, 506, 507, 508, 514, 515, 516, 518, 519, 520, 538, 539, 540, 546, 547, 548, 550, 551, 552, 554, 555, 556, 559, 562, 563, 564, 566, 568, 569, 570, 571, 572, 578, 579, 580, 582, 583, 584, 599, 602, 604, 605, 606, 608, 609, 611, 612, 613, 615, 616, 617, 618, 624, 625, 626, 628, 629, 630, 676, 677, 678, 684, 685, 686, 688, 689, 690, 692, 693, 694, 700, 701, 702, 704, 705, 706, 708, 709, 710, 716, 717, 718, 720, 721, 722, 740, 742, 743, 744, 746, 747, 749, 750, 751, 753, 754, 755, 756, 762, 763, 764, 766, 767, 768]
x_568: [148, 172, 175, 176, 177, 178, 179, 182, 183, 184, 185, 187, 188, 189, 195, 196, 197, 199, 200, 201, 247, 248, 249, 255, 256, 257, 259, 260, 261, 263, 264, 265, 271, 272, 273, 275, 276, 277, 279, 280, 281, 287, 288, 289, 291, 292, 293, 310, 313, 314, 315, 316, 317, 320, 321, 322, 323, 325, 326, 327, 333, 334, 335, 337, 338, 339, 347, 348, 349, 355, 356, 357, 359, 360, 361, 363, 364, 365, 371, 372, 373, 375, 376, 377, 379, 380, 381, 387, 388, 389, 391, 392, 393, 440, 475, 476, 477, 483, 484, 485, 487, 488, 489, 491, 492, 493, 499, 500, 501, 503, 504, 505, 507, 508, 509, 515, 516, 517, 519, 520, 521, 539, 540, 541, 547, 548, 549, 551, 552, 553, 555, 556, 557, 560, 563, 564, 565, 566, 567, 569, 571, 572, 573, 579, 580, 581, 583, 584, 585, 600, 602, 605, 606, 607, 608, 609, 612, 613, 614, 615, 617, 618, 619, 625, 626, 627, 629, 630, 631, 677, 678, 679, 685, 686, 687, 689, 690, 691, 693, 694, 695, 701, 702, 703, 705, 706, 707, 709, 710, 711, 717, 718, 719, 721, 722, 723, 740, 743, 744, 745, 746, 747, 750, 751, 752, 753, 755, 756, 757, 763, 764, 765, 767, 768, 769]
x_569: [172, 174, 176, 177, 178, 179, 181, 183, 184, 185, 186, 188, 189, 194, 196, 197, 198, 200, 201, 246, 248, 249, 254, 256, 257, 258, 260, 261, 262, 264, 265, 270, 272, 273, 274, 276, 277, 278, 280, 281, 286, 288, 289, 290, 292, 293, 310, 312, 314, 315, 316, 317, 319, 321, 322, 323, 324, 326, 327, 332, 334, 335, 336, 338, 339, 348, 349, 354, 356, 357, 358, 360, 361, 362, 364, 365, 370, 372, 373, 374, 376, 377, 378, 380, 381, 386, 388, 389, 390, 392, 393, 441, 474, 476, 477, 482, 484, 485, 486, 488, 489, 490, 492, 493, 498, 500, 501, 502, 504, 505, 506, 508, 509, 514, 516, 517, 518, 520, 521, 538, 540, 541, 546, 548, 549, 550, 552, 553, 554, 556, 557, 561, 562, 564, 565, 566, 567, 568, 570, 572, 573, 578, 580, 581, 582, 584, 585, 601, 602, 604, 606, 607, 608, 609, 611, 613, 614, 615, 616, 618, 619, 624, 626, 627, 628, 630, 631, 676, 678, 679, 684, 686, 687, 688, 690, 691, 692, 694, 695, 700, 702, 703, 704, 706, 707, 708, 710, 711, 716, 718, 719, 720, 722, 723, 740, 742, 744, 745, 746, 747, 749, 751, 752, 753, 754, 756, 757, 762, 764, 765, 766, 768, 769]
x_570: [149, 186, 187, 189, 190, 191, 193, 198, 199, 201, 262, 263, 265, 266, 267, 269, 274, 275, 277, 278, 279, 281, 282, 283, 285, 290, 291, 293, 294, 295, 297, 298, 299, 301, 306, 307, 309, 324, 325, 327, 328, 329, 331, 336, 337, 339, 362, 363, 365, 366, 367, 369, 374, 375, 377, 378, 379, 381, 382, 383, 385, 390, 391, 393, 394, 395, 397, 398, 399, 401, 406, 407, 409, 442, 490, 491, 493, 494, 495, 497, 502, 503, 505, 506, 507, 509, 510, 511, 513, 518, 519, 521, 522, 523, 525, 526, 527, 529, 534, 535, 537, 538, 554, 555, 557, 558, 559, 561, 566, 567, 569, 571, 572, 573, 574, 575, 577, 578, 582, 583, 585, 586, 587, 589, 590, 591, 593, 598, 599, 601, 616, 617, 619, 620, 621, 623, 628, 629, 631, 692, 693, 695, 696, 697, 699, 704, 705, 707, 708, 709, 711, 712, 713, 715, 720, 721, 723, 724, 725, 727, 728, 729, 731, 736, 737, 739, 754, 755, 757, 758, 759, 761, 766, 767, 769]
x_571: [150, 179, 180, 185, 186, 187, 188, 190, 191, 192, 198, 199, 200, 202, 203, 208, 262, 263, 264, 266, 267, 268, 274, 275, 276, 278, 279, 280, 282, 283, 284, 290, 291, 292, 294, 295, 296, 298, 299, 300, 306, 307, 308, 317, 318, 323, 324, 325, 326, 328, 329, 330, 336, 337, 338, 340, 341, 346, 362, 363, 364, 366, 367, 368, 374, 375, 376, 378, 379, 380, 382, 383, 384, 390, 391, 392, 394, 395, 396, 398, 399, 400, 406, 407, 408, 443, 490, 491, 492, 494, 495, 496, 502, 503, 504, 506, 507, 508, 510, 511, 512, 518, 519, 520, 522, 523, 524, 526, 527, 528, 534, 535, 536, 539, 554, 555, 556, 558, 559, 560, 566, 567, 568, 570, 572, 573, 574, 575, 576, 579, 582, 583, 584, 586, 587, 588, 590, 591, 592, 598, 599, 600, 609, 610, 615, 616, 617, 618, 620, 621, 622, 628, 629, 630, 632, 633, 638, 692, 693, 694, 696, 697, 698, 704, 705, 706, 708, 709, 710, 712, 713, 714, 720, 721, 722, 724, 725, 726, 728, 729, 730, 736, 737, 738, 747, 748, 753, 754, 755, 756, 758, 759, 760, 766, 767, 768, 770, 771, 776]
x_572: [151, 179, 180, 185, 187, 188, 189, 191, 192, 193, 199, 200, 201, 202, 203, 208, 263, 264, 265, 267, 268, 269, 275, 276, 277, 279, 280, 281, 283, 284, 285, 291, 292, 293, 295, 296, 297, 299, 300, 301, 307, 308, 309, 317, 318, 323, 325, 326, 327, 329, 330, 331, 337, 338, 339, 340, 341, 346, 363, 364, 365, 367, 368, 369, 375, 376, 377, 379, 380, 381, 383, 384, 385, 391, 392, 393, 395, 396, 397, 399, 400, 401, 407, 408, 409, 444, 491, 492, 493, 495, 496, 497, 503, 504, 505, 507, 508, 509, 511, 512, 513, 519, 520, 521, 523, 524, 525, 527, 528, 529, 535, 536, 537, 540, 555, 556, 557, 559, 560, 561, 567, 568, 569, 570, 571, 573, 575, 576, 577, 580, 583, 584, 585, 587, 588, 589, 591, 592, 593, 599, 600, 601, 609, 610, 615, 617, 618, 619, 621, 622, 623, 629, 630, 631, 632, 633, 638, 693, 694, 695, 697, 698, 699, 705, 706, 707, 709, 710, 711, 713, 714, 715, 721, 722, 723, 725, 726, 727, 729, 730, 731, 737, 738, 739, 747, 748, 753, 755, 756, 757, 759, 760, 761, 767, 768, 769, 770, 771, 776]
x_573: [152, 179, 180, 185, 186, 188, 189, 190, 192, 193, 198, 200, 201, 202, 203, 208, 262, 264, 265, 266, 268, 269, 274, 276, 277, 278, 280, 281, 282, 284, 285, 290, 292, 293, 294, 296, 297, 298, 300, 301, 306, 308, 309, 317, 318, 323, 324, 326, 327, 328, 330, 331, 336, 338, 339, 340, 341, 346, 362, 364, 365, 366, 368, 369, 374, 376, 377, 378, 380, 381, 382, 384, 385, 390, 392, 393, 394, 396, 397, 398, 400, 401, 406, 408, 409, 445, 490, 492, 493, 494, 496, 497, 502, 504, 505, 506, 508, 509, 510, 512, 513, 518, 520, 521, 522, 524, 525, 526, 528, 529, 534, 536, 537, 541, 554, 556, 557, 558, 560, 561, 566, 568, 569, 570, 571, 572, 574, 576, 577, 581, 582, 584, 585, 586, 588, 589, 590, 592, 593, 598, 600, 601, 609, 610, 615, 616, 618, 619, 620, 622, 623, 628, 630, 631, 632, 633, 638, 692, 694, 695, 696, 698, 699, 704, 706, 707, 708, 710, 711, 712, 714, 715, 720, 722, 723, 724, 726, 727, 728, 730, 731, 736, 738, 739, 747, 748, 753, 754, 756, 757, 758, 760, 761, 766, 768, 769, 770, 771, 776]
x_574: [153, 181, 182, 184, 186, 187, 189, 190, 191, 193, 194, 195, 197, 204, 205, 207, 262, 263, 265, 266, 267, 269, 270, 271, 273, 278, 279, 281, 282, 283, 285, 286, 287, 289, 294, 295, 297, 298, 299, 301, 302, 303, 305, 319, 320, 322, 324, 325, 327, 328, 329, 331, 332, 333, 335, 342, 343, 345, 362, 363, 365, 366, 367, 369, 370, 371, 373, 378, 379, 381, 382, 383, 385, 386, 387, 389, 394, 395, 397, 398, 399, 401, 402, 403, 405, 446, 490, 491, 493, 494, 495, 497, 498, 499, 501, 506, 507, 509, 510, 511, 513, 514, 515, 517, 522, 523, 525, 526, 527, 529, 530, 531, 533, 542, 554, 555, 557, 558, 559, 561, 562, 563, 565, 570, 571, 573, 575, 576, 577, 578, 579, 581, 582, 586, 587, 589, 590, 591, 593, 594, 595, 597, 611, 612, 614, 616, 617, 619, 620, 621, 623, 624, 625, 627, 634, 635, 637, 692, 693, 695, 696, 697, 699, 700, 701, 703, 708, 709, 711, 712, 713, 715, 716, 717, 719, 724, 725, 727, 728, 729, 731, 732, 733, 735, 749, 750, 752, 754, 755, 757, 758, 759, 761, 762, 763, 765, 772, 773, 775]
x_575: [154, 179, 180, 181, 182, 183, 186, 187, 188, 190, 191, 192, 194, 195, 196, 202, 203, 204, 205, 206, 262, 263, 264, 266, 267, 268, 270, 271, 272, 278, 279, 280, 282, 283, 284, 286, 287, 288, 294, 295, 296, 298, 299, 300, 302, 303, 304, 317, 318, 319, 320, 321, 324, 325, 326, 328, 329, 330, 332, 333, 334, 340, 341, 342, 343, 344, 362, 363, 364, 366, 367, 368, 370, 371, 372, 378, 379, 380, 382, 383, 384, 386, 387, 388, 394, 395, 396, 398, 399, 400, 402, 403, 404, 447, 490, 491, 492, 494, 495, 496, 498, 499, 500, 506, 507, 508, 510, 511, 512, 514, 515, 516, 522, 523, 524, 526, 527, 528, 530, 531, 532, 543, 554, 555, 556, 558, 559, 560, 562, 563, 564, 570, 571, 572, 574, 576, 577, 578, 579, 580, 583, 586, 587, 588, 590, 591, 592, 594, 595, 596, 609, 610, 611, 612, 613, 616, 617, 618, 620, 621, 622, 624, 625, 626, 632, 633, 634, 635, 636, 692, 693, 694, 696, 697, 698, 700, 701, 702, 708, 709, 710, 712, 713, 714, 716, 717, 718, 724, 725, 726, 728, 729, 730, 732, 733, 734, 747, 748, 749, 750, 751, 754, 755, 756, 758, 759, 760, 762, 763, 764, 770, 771, 772, 773, 774]
x_576: [155, 179, 180, 182, 183, 184, 187, 188, 189, 191, 192, 193, 195, 196, 197, 202, 203, 205, 206, 207, 263, 264, 265, 267, 268, 269, 271, 272, 273, 279, 280, 281, 283, 284, 285, 287, 288, 289, 295, 296, 297, 299, 300, 301, 303, 304, 305, 317, 318, 320, 321, 322, 325, 326, 327, 329, 330, 331, 333, 334, 335, 340, 341, 343, 344, 345, 363, 364, 365, 367, 368, 369, 371, 372, 373, 379, 380, 381, 383, 384, 385, 387, 388, 389, 395, 396, 397, 399, 400, 401, 403, 404, 405, 448, 491, 492, 493, 495, 496, 497, 499, 500, 501, 507, 508, 509, 511, 512, 513, 515, 516, 517, 523, 524, 525, 527, 528, 529, 531, 532, 533, 544, 555, 556, 557, 559, 560, 561, 563, 564, 565, 571, 572, 573, 574, 575, 577, 579, 580, 581, 584, 587, 588, 589, 591, 592, 593, 595, 596, 597, 609, 610, 612, 613, 614, 617, 618, 619, 621, 622, 623, 625, 626, 627, 632, 633, 635, 636, 637, 693, 694, 695, 697, 698, 699, 701, 702, 703, 709, 710, 711, 713, 714, 715, 717, 718, 719, 725, 726, 727, 729, 730, 731, 733, 734, 735, 747, 748, 750, 751, 752, 755, 756, 757, 759, 760, 761, 763, 764, 765, 770, 771, 773, 774, 775]
x_577: [156, 179, 180, 181, 183, 184, 186, 188, 189, 190, 192, 193, 194, 196, 197, 202, 203, 204, 206, 207, 262, 264, 265, 266, 268, 269, 270, 272, 273, 278, 280, 281, 282, 284, 285, 286, 288, 289, 294, 296, 297, 298, 300, 301, 302, 304, 305, 317, 318, 319, 321, 322, 324, 326, 327, 328, 330, 331, 332, 334, 335, 340, 341, 342, 344, 345, 362, 364, 365, 366, 368, 369, 370, 372, 373, 378, 380, 381, 382, 384, 385, 386, 388, 389, 394, 396, 397, 398, 400, 401, 402, 404, 405, 449, 490, 492, 493, 494, 496, 497, 498, 500, 501, 506, 508, 509, 510, 512, 513, 514, 516, 517, 522, 524, 525, 526, 528, 529, 530, 532, 533, 545, 554, 556, 557, 558, 560, 561, 562, 564, 565, 570, 572, 573, 574, 575, 576, 578, 580, 581, 585, 586, 588, 589, 590, 592, 593, 594, 596, 597, 609, 610, 611, 613, 614, 616, 618, 619, 620, 622, 623, 624, 626, 627, 632, 633, 634, 636, 637, 692, 694, 695, 696, 698, 699, 700, 702, 703, 708, 710, 711, 712, 714, 715, 716, 718, 719, 724, 726, 727, 728, 730, 731, 732, 734, 735, 747, 748, 749, 751, 752, 754, 756, 757, 758, 760, 761, 762, 764, 765, 770, 771, 772, 774, 775]
x_578: [157, 181, 182, 184, 190, 191, 193, 194, 195, 197, 198, 199, 201, 204, 205, 207, 266, 267, 269, 270, 271, 273, 274, 275, 277, 282, 283, 285, 286, 287, 289, 290, 291, 293, 298, 299, 301, 302, 303, 305, 306, 307, 309, 319, 320, 322, 328, 329, 331, 332, 333, 335, 336, 337, 339, 342, 343, 345, 366, 367, 369, 370, 371, 373, 374, 375, 377, 382, 383, 385, 386, 387, 389, 390, 391, 393, 398, 399, 401, 402, 403, 405, 406, 407, 409, 450, 494, 495, 497, 498, 499, 501, 502, 503, 505, 510, 511, 513, 514, 515, 517, 518, 519, 521, 526, 527, 529, 530, 531, 533, 534, 535, 537, 546, 558, 559, 561, 562, 563, 565, 566, 567, 569, 570, 574, 575, 577, 579, 580, 581, 582, 583, 585, 590, 591, 593, 594, 595, 597, 598, 599, 601, 611, 612, 614, 620, 621, 623, 624, 625, 627, 628, 629, 631, 634, 635, 637, 696, 697, 699, 700, 701, 703, 704, 705, 707, 712, 713, 715, 716, 717, 719, 720, 721, 723, 728, 729, 731, 732, 733, 735, 736, 737, 739, 749, 750, 752, 758, 759, 761, 762, 763, 765, 766, 767, 769, 772, 773, 775]
x_579: [158, 180, 181, 182, 183, 185, 190, 191, 192, 194, 195, 196, 198, 199, 200, 203, 204, 205, 206, 208, 266, 267, 268, 270, 271, 272, 274, 275, 276, 282, 283, 284, 286, 287, 288, 290, 291, 292, 298, 299, 300, 302, 303, 304, 306, 307, 308, 318, 319, 320, 321, 323, 328, 329, 330, 332, 333, 334, 336, 337, 338, 341, 342, 343, 344, 346, 366, 367, 368, 370, 371, 372, 374, 375, 376, 382, 383, 384, 386, 387, 388, 390, 391, 392, 398, 399, 400, 402, 403, 404, 406, 407, 408, 451, 494, 495, 496, 498, 499, 500, 502, 503, 504, 510, 511, 512, 514, 515, 516, 518, 519, 520, 526, 527, 528, 530, 531, 532, 534, 535, 536, 547, 558, 559, 560, 562, 563, 564, 566, 567, 568, 571, 574, 575, 576, 578, 580, 581, 582, 583, 584, 590, 591, 592, 594, 595, 596, 598, 599, 600, 610, 611, 612, 613, 615, 620, 621, 622, 624, 625, 626, 628, 629, 630, 633, 634, 635, 636, 638, 696, 697, 698, 700, 701, 702, 704, 705, 706, 712, 713, 714, 716, 717, 718, 720, 721, 722, 728, 729, 730, 732, 733, 734, 736, 737, 738, 748, 749, 750, 751, 753, 758, 759, 760, 762, 763, 764, 766, 767, 768, 771, 772, 773, 774, 776]
x_580: [159, 180, 182, 183, 184, 185, 191, 192, 193, 195, 196, 197, 199, 200, 201, 203, 205, 206, 207, 208, 267, 268, 269, 271, 272, 273, 275, 276, 277, 283, 284, 285, 287, 288, 289, 291, 292, 293, 299, 300, 301, 303, 304, 305, 307, 308, 309, 318, 320, 321, 322, 323, 329, 330, 331, 333, 334, 335, 337, 338, 339, 341, 343, 344, 345, 346, 367, 368, 369, 371, 372, 373, 375, 376, 377, 383, 384, 385, 387, 388, 389, 391, 392, 393, 399, 400, 401, 403, 404, 405, 407, 408, 409, 452, 495, 496, 497, 499, 500, 501, 503, 504, 505, 511, 512, 513, 515, 516, 517, 519, 520, 521, 527, 528, 529, 531, 532, 533, 535, 536, 537, 548, 559, 560, 561, 563, 564, 565, 567, 568, 569, 572, 575, 576, 577, 578, 579, 581, 583, 584, 585, 591, 592, 593, 595, 596, 597, 599, 600, 601, 610, 612, 613, 614, 615, 621, 622, 623, 625, 626, 627, 629, 630, 631, 633, 635, 636, 637, 638, 697, 698, 699, 701, 702, 703, 705, 706, 707, 713, 714, 715, 717, 718, 719, 721, 722, 723, 729, 730, 731, 733, 734, 735, 737, 738, 739, 748, 750, 751, 752, 753, 759, 760, 761, 763, 764, 765, 767, 768, 769, 771, 773, 774, 775, 776]
x_581: [160, 180, 181, 183, 184, 185, 190, 192, 193, 194, 196, 197, 198, 200, 201, 203, 204, 206, 207, 208, 266, 268, 269, 270, 272, 273, 274, 276, 277, 282, 284, 285, 286, 288, 289, 290, 292, 293, 298, 300, 301, 302, 304, 305, 306, 308, 309, 318, 319, 321, 322, 323, 328, 330, 331, 332, 334, 335, 336, 338, 339, 341, 342, 344, 345, 346, 366, 368, 369, 370, 372, 373, 374, 376, 377, 382, 384, 385, 386, 388, 389, 390, 392, 393, 398, 400, 401, 402, 404, 405, 406, 408, 409, 453, 494, 496, 497, 498, 500, 501, 502, 504, 505, 510, 512, 513, 514, 516, 517, 518, 520, 521, 526, 528, 529, 530, 532, 533, 534, 536, 537, 549, 558, 560, 561, 562, 564, 565, 566, 568, 569, 573, 574, 576, 577, 578, 579, 580, 582, 584, 585, 590, 592, 593, 594, 596, 597, 598, 600, 601, 610, 611, 613, 614, 615, 620, 622, 623, 624, 626, 627, 628, 630, 631, 633, 634, 636, 637, 638, 696, 698, 699, 700, 702, 703, 704, 706, 707, 712, 714, 715, 716, 718, 719, 720, 722, 723, 728, 730, 731, 732, 734, 735, 736, 738, 739, 748, 749, 751, 752, 753, 758, 760, 761, 762, 764, 765, 766, 768, 769, 771, 772, 774, 775, 776]
x_582: [161, 181, 182, 184, 186, 187, 189, 194, 195, 197, 198, 199, 201, 204, 205, 207, 262, 263, 265, 270, 271, 273, 274, 275, 277, 278, 279, 281, 286, 287, 289, 290, 291, 293, 294, 295, 297, 302, 303, 305, 306, 307, 309, 319, 320, 322, 324, 325, 327, 332, 333, 335, 336, 337, 339, 342, 343, 345, 362, 363, 365, 370, 371, 373, 374, 375, 377, 378, 379, 381, 386, 387, 389, 390, 391, 393, 394, 395, 397, 402, 403, 405, 406, 407, 409, 454, 490, 491, 493, 498, 499, 501, 502, 503, 505, 506, 507, 509, 514, 515, 517, 518, 519, 521, 522, 523, 525, 530, 531, 533, 534, 535, 537, 550, 554, 555, 557, 562, 563, 565, 566, 567, 569, 570, 571, 573, 574, 578, 579, 581, 583, 584, 585, 586, 587, 589, 594, 595, 597, 598, 599, 601, 611, 612, 614, 616, 617, 619, 624, 625, 627, 628, 629, 631, 634, 635, 637, 692, 693, 695, 700, 701, 703, 704, 705, 707, 708, 709, 711, 716, 717, 719, 720, 721, 723, 724, 725, 727, 732, 733, 735, 736, 737, 739, 749, 750, 752, 754, 755, 757, 762, 763, 765, 766, 767, 769, 772, 773, 775]
x_583: [162, 179, 181, 182, 183, 185, 186, 187, 188, 194, 195, 196, 198, 199, 200, 202, 204, 205, 206, 208, 262, 263, 264, 270, 271, 272, 274, 275, 276, 278, 279, 280, 286, 287, 288, 290, 291, 292, 294, 295, 296, 302, 303, 304, 306, 307, 308, 317, 319, 320, 321, 323, 324, 325, 326, 332, 333, 334, 336, 337, 338, 340, 342, 343, 344, 346, 362, 363, 364, 370, 371, 372, 374, 375, 376, 378, 379, 380, 386, 387, 388, 390, 391, 392, 394, 395, 396, 402, 403, 404, 406, 407, 408, 455, 490, 491, 492, 498, 499, 500, 502, 503, 504, 506, 507, 508, 514, 515, 516, 518, 519, 520, 522, 523, 524, 530, 531, 532, 534, 535, 536, 551, 554, 555, 556, 562, 563, 564, 566, 567, 568, 570, 571, 572, 575, 578, 579, 580, 582, 584, 585, 586, 587, 588, 594, 595, 596, 598, 599, 600, 609, 611, 612, 613, 615, 616, 617, 618, 624, 625, 626, 628, 629, 630, 632, 634, 635, 636, 638, 692, 693, 694, 700, 701, 702, 704, 705, 706, 708, 709, 710, 716, 717, 718, 720, 721, 722, 724, 725, 726, 732, 733, 734, 736, 737, 738, 747, 749, 750, 751, 753, 754, 755, 756, 762, 763, 764, 766, 767, 768, 770, 772, 773, 774, 776]
x_584: [163, 179, 182, 183, 184, 185, 187, 188, 189, 195, 196, 197, 199, 200, 201, 202, 205, 206, 207, 208, 263, 264, 265, 271, 272, 273, 275, 276, 277, 279, 280, 281, 287, 288, 289, 291, 292, 293, 295, 296, 297, 303, 304, 305, 307, 308, 309, 317, 320, 321, 322, 323, 325, 326, 327, 333, 334, 335, 337, 338, 339, 340, 343, 344, 345, 346, 363, 364, 365, 371, 372, 373, 375, 376, 377, 379, 380, 381, 387, 388, 389, 391, 392, 393, 395, 396, 397, 403, 404, 405, 407, 408, 409, 456, 491, 492, 493, 499, 500, 501, 503, 504, 505, 507, 508, 509, 515, 516, 517, 519, 520, 521, 523, 524, 525, 531, 532, 533, 535, 536, 537, 552, 555, 556, 557, 563, 564, 565, 567, 568, 569, 571, 572, 573, 576, 579, 580, 581, 582, 583, 585, 587, 588, 589, 595, 596, 597, 599, 600, 601, 609, 612, 613, 614, 615, 617, 618, 619, 625, 626, 627, 629, 630, 631, 632, 635, 636, 637, 638, 693, 694, 695, 701, 702, 703, 705, 706, 707, 709, 710, 711, 717, 718, 719, 721, 722, 723, 725, 726, 727, 733, 734, 735, 737, 738, 739, 747, 750, 751, 752, 753, 755, 756, 757, 763, 764, 765, 767, 768, 769, 770, 773, 774, 775, 776]
x_585: [164, 179, 181, 183, 184, 185, 186, 188, 189, 194, 196, 197, 198, 200, 201, 202, 204, 206, 207, 208, 262, 264, 265, 270, 272, 273, 274, 276, 277, 278, 280, 281, 286, 288, 289, 290, 292, 293, 294, 296, 297, 302, 304, 305, 306, 308, 309, 317, 319, 321, 322, 323, 324, 326, 327, 332, 334, 335, 336, 338, 339, 340, 342, 344, 345, 346, 362, 364, 365, 370, 372, 373, 374, 376, 377, 378, 380, 381, 386, 388, 389, 390, 392, 393, 394, 396, 397, 402, 404, 405, 406, 408, 409, 457, 490, 492, 493, 498, 500, 501, 502, 504, 505, 506, 508, 509, 514, 516, 517, 518, 520, 521, 522, 524, 525, 530, 532, 533, 534, 536, 537, 553, 554, 556, 557, 562, 564, 565, 566, 568, 569, 570, 572, 573, 577, 578, 580, 581, 582, 583, 584, 586, 588, 589, 594, 596, 597, 598, 600, 601, 609, 611, 613, 614, 615, 616, 618, 619, 624, 626, 627, 628, 630, 631, 632, 634, 636, 637, 638, 692, 694, 695, 700, 702, 703, 704, 706, 707, 708, 710, 711, 716, 718, 719, 720, 722, 723, 724, 726, 727, 732, 734, 735, 736, 738, 739, 747, 749, 751, 752, 753, 754, 756, 757, 762, 764, 765, 766, 768, 769, 770, 772, 774, 775, 776]
x_586: [186, 187, 189, 190, 191, 193, 198, 199, 201, 246, 247, 249, 250, 251, 253, 258, 259, 261, 278, 279, 281, 282, 283, 285, 290, 291, 293, 294, 295, 297, 298, 299, 301, 306, 307, 309, 324, 325, 327, 328, 329, 331, 336, 337, 339, 347, 349, 350, 351, 353, 358, 359, 361, 378, 379, 381, 382, 383, 385, 390, 391, 393, 394, 395, 397, 398, 399, 401, 406, 407, 409, 458, 474, 475, 477, 478, 479, 481, 486, 487, 489, 506, 507, 509, 510, 511, 513, 518, 519, 521, 522, 523, 525, 526, 527, 529, 534, 535, 537, 538, 539, 541, 542, 543, 545, 550, 551, 553, 554, 570, 571, 573, 574, 575, 577, 582, 583, 585, 587, 588, 589, 590, 591, 593, 594, 598, 599, 601, 616, 617, 619, 620, 621, 623, 628, 629, 631, 676, 677, 679, 680, 681, 683, 688, 689, 691, 708, 709, 711, 712, 713, 715, 720, 721, 723, 724, 725, 727, 728, 729, 731, 736, 737, 739, 754, 755, 757, 758, 759, 761, 766, 767, 769]
x_587: [172, 173, 178, 186, 187, 188, 190, 191, 192, 198, 199, 200, 202, 203, 208, 246, 247, 248, 250, 251, 252, 258, 259, 260, 278, 279, 280, 282, 283, 284, 290, 291, 292, 294, 295, 296, 298, 299, 300, 306, 307, 308, 310, 311, 316, 324, 325, 326, 328, 329, 330, 336, 337, 338, 340, 341, 346, 347, 348, 350, 351, 352, 358, 359, 360, 378, 379, 380, 382, 383, 384, 390, 391, 392, 394, 395, 396, 398, 399, 400, 406, 407, 408, 459, 474, 475, 476, 478, 479, 480, 486, 487, 488, 506, 507, 508, 510, 511, 512, 518, 519, 520, 522, 523, 524, 526, 527, 528, 534, 535, 536, 538, 539, 540, 542, 543, 544, 550, 551, 552, 555, 570, 571, 572, 574, 575, 576, 582, 583, 584, 586, 588, 589, 590, 591, 592, 595, 598, 599, 600, 602, 603, 608, 616, 617, 618, 620, 621, 622, 628, 629, 630, 632, 633, 638, 676, 677, 678, 680, 681, 682, 688, 689, 690, 708, 709, 710, 712, 713, 714, 720, 721, 722, 724, 725, 726, 728, 729, 730, 736, 737, 738, 740, 741, 746, 754, 755, 756, 758, 759, 760, 766, 767, 768, 770, 771, 776]
x_588: [165, 172, 173, 178, 187, 188, 189, 191, 192, 193, 199, 200, 201, 202, 203, 208, 247, 248, 249, 251, 252, 253, 259, 260, 261, 279, 280, 281, 283, 284, 285, 291, 292, 293, 295, 296, 297, 299, 300, 301, 307, 308, 309, 310, 311, 316, 325, 326, 327, 329, 330, 331, 337, 338, 339, 340, 341, 346, 347, 348, 349, 351, 352, 353, 359, 360, 361, 379, 380, 381, 383, 384, 385, 391, 392, 393, 395, 396, 397, 399, 400, 401, 407, 408, 409, 460, 475, 476, 477, 479, 480, 481, 487, 488, 489, 507, 508, 509, 511, 512, 513, 519, 520, 521, 523, 524, 525, 527, 528, 529, 535, 536, 537, 539, 540, 541, 543, 544, 545, 551, 552, 553, 556, 571, 572, 573, 575, 576, 577, 583, 584, 585, 586, 587, 589, 591, 592, 593, 596, 599, 600, 601, 602, 603, 608, 617, 618, 619, 621, 622, 623, 629, 630, 631, 632, 633, 638, 677, 678, 679, 681, 682, 683, 689, 690, 691, 709, 710, 711, 713, 714, 715, 721, 722, 723, 725, 726, 727, 729, 730, 731, 737, 738, 739, 740, 741, 746, 755, 756, 757, 759, 760, 761, 767, 768, 769, 770, 771, 776]
x_589: [172, 173, 178, 186, 188, 189, 190, 192, 193, 198, 200, 201, 202, 203, 208, 246, 248, 249, 250, 252, 253, 258, 260, 261, 278, 280, 281, 282, 284, 285, 290, 292, 293, 294, 296, 297, 298, 300, 301, 306, 308, 309, 310, 311, 316, 324, 326, 327, 328, 330, 331, 336, 338, 339, 340, 341, 346, 348, 349, 350, 352, 353, 358, 360, 361, 378, 380, 381, 382, 384, 385, 390, 392, 393, 394, 396, 397, 398, 400, 401, 406, 408, 409, 461, 474, 476, 477, 478, 480, 481, 486, 488, 489, 506, 508, 509, 510, 512, 513, 518, 520, 521, 522, 524, 525, 526, 528, 529, 534, 536, 537, 538, 540, 541, 542, 544, 545, 550, 552, 553, 557, 570, 572, 573, 574, 576, 577, 582, 584, 585, 586, 587, 588, 590, 592, 593, 597, 598, 600, 601, 602, 603, 608, 616, 618, 619, 620, 622, 623, 628, 630, 631, 632, 633, 638, 676, 678, 679, 680, 682, 683, 688, 690, 691, 708, 710, 711, 712, 714, 715, 720, 722, 723, 724, 726, 727, 728, 730, 731, 736, 738, 739, 740, 741, 746, 754, 756, 757, 758, 760, 761, 766, 768, 769, 770, 771, 776]
x_590: [174, 175, 177, 186, 187, 189, 190, 191, 193, 194, 195, 197, 204, 205, 207, 246, 247, 249, 250, 251, 253, 254, 255, 257, 278, 279, 281, 282, 283, 285, 286, 287, 289, 294, 295, 297, 298, 299, 301, 302, 303, 305, 312, 313, 315, 324, 325, 327, 328, 329, 331, 332, 333, 335, 342, 343, 345, 347, 349, 350, 351, 353, 354, 355, 357, 378, 379, 381, 382, 383, 385, 386, 387, 389, 394, 395, 397, 398, 399, 401, 402, 403, 405, 462, 474, 475, 477, 478, 479, 481, 482, 483, 485, 506, 507, 509, 510, 511, 513, 514, 515, 517, 522, 523, 525, 526, 527, 529, 530, 531, 533, 538, 539, 541, 542, 543, 545, 546, 547, 549, 558, 570, 571, 573, 574, 575, 577, 578, 579, 581, 586, 587, 589, 591, 592, 593, 594, 595, 597, 598, 604, 605, 607, 616, 617, 619, 620, 621, 623, 624, 625, 627, 634, 635, 637, 676, 677, 679, 680, 681, 683, 684, 685, 687, 708, 709, 711, 712, 713, 715, 716, 717, 719, 724, 725, 727, 728, 729, 731, 732, 733, 735, 742, 743, 745, 754, 755, 757, 758, 759, 761, 762, 763, 765, 772, 773, 775]
x_591: [172, 173, 174, 175, 176, 186, 187, 188, 190, 191, 192, 194, 195, 196, 202, 203, 204, 205, 206, 246, 247, 248, 250, 251, 252, 254, 255, 256, 278, 279, 280, 282, 283, 284, 286, 287, 288, 294, 295, 296, 298, 299, 300, 302, 303, 304, 310, 311, 312, 313, 314, 324, 325, 326, 328, 329, 330, 332, 333, 334, 340, 341, 342, 343, 344, 347, 348, 350, 351, 352, 354, 355, 356, 378, 379, 380, 382, 383, 384, 386, 387, 388, 394, 395, 396, 398, 399, 400, 402, 403, 404, 463, 474, 475, 476, 478, 479, 480, 482, 483, 484, 506, 507, 508, 510, 511, 512, 514, 515, 516, 522, 523, 524, 526, 527, 528, 530, 531, 532, 538, 539, 540, 542, 543, 544, 546, 547, 548, 559, 570, 571, 572, 574, 575, 576, 578, 579, 580, 586, 587, 588, 590, 592, 593, 594, 595, 596, 599, 602, 603, 604, 605, 606, 616, 617, 618, 620, 621, 622, 624, 625, 626, 632, 633, 634, 635, 636, 676, 677, 678, 680, 681, 682, 684, 685, 686, 708, 709, 710, 712, 713, 714, 716, 717, 718, 724, 725, 726, 728, 729, 730, 732, 733, 734, 740, 741, 742, 743, 744, 754, 755, 756, 758, 759, 760, 762, 763, 764, 770, 771, 772, 773, 774]
x_592: [166, 172, 173, 175, 176, 177, 187, 188, 189, 191, 192, 193, 195, 196, 197, 202, 203, 205, 206, 207, 247, 248, 249, 251, 252, 253, 255, 256, 257, 279, 280, 281, 283, 284, 285, 287, 288, 289, 295, 296, 297, 299, 300, 301, 303, 304, 305, 310, 311, 313, 314, 315, 325, 326, 327, 329, 330, 331, 333, 334, 335, 340, 341, 343, 344, 345, 347, 348, 349, 351, 352, 353, 355, 356, 357, 379, 380, 381, 383, 384, 385, 387, 388, 389, 395, 396, 397, 399, 400, 401, 403, 404, 405, 464, 475, 476, 477, 479, 480, 481, 483, 484, 485, 507, 508, 509, 511, 512, 513, 515, 516, 517, 523, 524, 525, 527, 528, 529, 531, 532, 533, 539, 540, 541, 543, 544, 545, 547, 548, 549, 560, 571, 572, 573, 575, 576, 577, 579, 580, 581, 587, 588, 589, 590, 591, 593, 595, 596, 597, 600, 602, 603, 605, 606, 607, 617, 618, 619, 621, 622, 623, 625, 626, 627, 632, 633, 635, 636, 637, 677, 678, 679, 681, 682, 683, 685, 686, 687, 709, 710, 711, 713, 714, 715, 717, 718, 719, 725, 726, 727, 729, 730, 731, 733, 734, 735, 740, 741, 743, 744, 745, 755, 756, 757, 759, 760, 761, 763, 764, 765, 770, 771, 773, 774, 775]
x_593: [172, 173, 174, 176, 177, 186, 188, 189, 190, 192, 193, 194, 196, 197, 202, 203, 204, 206, 207, 246, 248, 249, 250, 252, 253, 254, 256, 257, 278, 280, 281, 282, 284, 285, 286, 288, 289, 294, 296, 297, 298, 300, 301, 302, 304, 305, 310, 311, 312, 314, 315, 324, 326, 327, 328, 330, 331, 332, 334, 335, 340, 341, 342, 344, 345, 348, 349, 350, 352, 353, 354, 356, 357, 378, 380, 381, 382, 384, 385, 386, 388, 389, 394, 396, 397, 398, 400, 401, 402, 404, 405, 465, 474, 476, 477, 478, 480, 481, 482, 484, 485, 506, 508, 509, 510, 512, 513, 514, 516, 517, 522, 524, 525, 526, 528, 529, 530, 532, 533, 538, 540, 541, 542, 544, 545, 546, 548, 549, 561, 570, 572, 573, 574, 576, 577, 578, 580, 581, 586, 588, 589, 590, 591, 592, 594, 596, 597, 601, 602, 603, 604, 606, 607, 616, 618, 619, 620, 622, 623, 624, 626, 627, 632, 633, 634, 636, 637, 676, 678, 679, 680, 682, 683, 684, 686, 687, 708, 710, 711, 712, 714, 715, 716, 718, 719, 724, 726, 727, 728, 730, 731, 732, 734, 735, 740, 741, 742, 744, 745, 754, 756, 757, 758, 760, 761, 762, 764, 765, 770, 771, 772, 774, 775]
x_594: [167, 174, 175, 177, 190, 191, 193, 194, 195, 197, 198, 199, 201, 204, 205, 207, 250, 251, 253, 254, 255, 257, 258, 259, 261, 282, 283, 285, 286, 287, 289, 290, 291, 293, 298, 299, 301, 302, 303, 305, 306, 307, 309, 312, 313, 315, 328, 329, 331, 332, 333, 335, 336, 337, 339, 342, 343, 345, 350, 351, 353, 354, 355, 357, 358, 359, 361, 382, 383, 385, 386, 387, 389, 390, 391, 393, 398, 399, 401, 402, 403, 405, 406, 407, 409, 466, 478, 479, 481, 482, 483, 485, 486, 487, 489, 510, 511, 513, 514, 515, 517, 518, 519, 521, 526, 527, 529, 530, 531, 533, 534, 535, 537, 542, 543, 545, 546, 547, 549, 550, 551, 553, 562, 574, 575, 577, 578, 579, 581, 582, 583, 585, 586, 590, 591, 593, 595, 596, 597, 598, 599, 601, 604, 605, 607, 620, 621, 623, 624, 625, 627, 628, 629, 631, 634, 635, 637, 680, 681, 683, 684, 685, 687, 688, 689, 691, 712, 713, 715, 716, 717, 719, 720, 721, 723, 728, 729, 731, 732, 733, 735, 736, 737, 739, 742, 743, 745, 758, 759, 761, 762, 763, 765, 766, 767, 769, 772, 773, 775]
x_595: [168, 173, 174, 175, 176, 178, 190, 191, 192, 194, 195, 196, 198, 199, 200, 203, 204, 205, 206, 208, 250, 251, 252, 254, 255, 256, 258, 259, 260, 282, 283, 284, 286, 287, 288, 290, 291, 292, 298, 299, 300, 302, 303, 304, 306, 307, 308, 311, 312, 313, 314, 316, 328, 329, 330, 332, 333, 334, 336, 337, 338, 341, 342, 343, 344, 346, 350, 351, 352, 354, 355, 356, 358, 359, 360, 382, 383, 384, 386, 387, 388, 390, 391, 392, 398, 399, 400, 402, 403, 404, 406, 407, 408, 467, 478, 479, 480, 482, 483, 484, 486, 487, 488, 510, 511, 512, 514, 515, 516, 518, 519, 520, 526, 527, 528, 530, 531, 532, 534, 535, 536, 542, 543, 544, 546, 547, 548, 550, 551, 552, 563, 574, 575, 576, 578, 579, 580, 582, 583, 584, 587, 590, 591, 592, 594, 596, 597, 598, 599, 600, 603, 604, 605, 606, 608, 620, 621, 622, 624, 625, 626, 628, 629, 630, 633, 634, 635, 636, 638, 680, 681, 682, 684, 685, 686, 688, 689, 690, 712, 713, 714, 716, 717, 718, 720, 721, 722, 728, 729, 730, 732, 733, 734, 736, 737, 738, 741, 742, 743, 744, 746, 758, 759, 760, 762, 763, 764, 766, 767, 768, 771, 772, 773, 774, 776]
x_596: [169, 173, 175, 176, 177, 178, 191, 192, 193, 195, 196, 197, 199, 200, 201, 203, 205, 206, 207, 208, 251, 252, 253, 255, 256, 257, 259, 260, 261, 283, 284, 285, 287, 288, 289, 291, 292, 293, 299, 300, 301, 303, 304, 305, 307, 308, 309, 311, 313, 314, 315, 316, 329, 330, 331, 333, 334, 335, 337, 338, 339, 341, 343, 344, 345, 346, 351, 352, 353, 355, 356, 357, 359, 360, 361, 383, 384, 385, 387, 388, 389, 391, 392, 393, 399, 400, 401, 403, 404, 405, 407, 408, 409, 468, 479, 480, 481, 483, 484, 485, 487, 488, 489, 511, 512, 513, 515, 516, 517, 519, 520, 521, 527, 528, 529, 531, 532, 533, 535, 536, 537, 543, 544, 545, 547, 548, 549, 551, 552, 553, 564, 575, 576, 577, 579, 580, 581, 583, 584, 585, 588, 591, 592, 593, 594, 595, 597, 599, 600, 601, 603, 605, 606, 607, 608, 621, 622, 623, 625, 626, 627, 629, 630, 631, 633, 635, 636, 637, 638, 681, 682, 683, 685, 686, 687, 689, 690, 691, 713, 714, 715, 717, 718, 719, 721, 722, 723, 729, 730, 731, 733, 734, 735, 737, 738, 739, 741, 743, 744, 745, 746, 759, 760, 761, 763, 764, 765, 767, 768, 769, 771, 773, 774, 775, 776]
x_597: [170, 173, 174, 176, 177, 178, 190, 192, 193, 194, 196, 197, 198, 200, 201, 203, 204, 206, 207, 208, 250, 252, 253, 254, 256, 257, 258, 260, 261, 282, 284, 285, 286, 288, 289, 290, 292, 293, 298, 300, 301, 302, 304, 305, 306, 308, 309, 311, 312, 314, 315, 316, 328, 330, 331, 332, 334, 335, 336, 338, 339, 341, 342, 344, 345, 346, 350, 352, 353, 354, 356, 357, 358, 360, 361, 382, 384, 385, 386, 388, 389, 390, 392, 393, 398, 400, 401, 402, 404, 405, 406, 408, 409, 469, 478, 480, 481, 482, 484, 485, 486, 488, 489, 510, 512, 513, 514, 516, 517, 518, 520, 521, 526, 528, 529, 530, 532, 533, 534, 536, 537, 542, 544, 545, 546, 548, 549, 550, 552, 553, 565, 574, 576, 577, 578, 580, 581, 582, 584, 585, 589, 590, 592, 593, 594, 595, 596, 598, 600, 601, 603, 604, 606, 607, 608, 620, 622, 623, 624, 626, 627, 628, 630, 631, 633, 634, 636, 637, 638, 680, 682, 683, 684, 686, 687, 688, 690, 691, 712, 714, 715, 716, 718, 719, 720, 722, 723, 728, 730, 731, 732, 734, 735, 736, 738, 739, 741, 742, 744, 745, 746, 758, 760, 761, 762, 764, 765, 766, 768, 769, 771, 772, 774, 775, 776]
x_598: [174, 175, 177, 186, 187, 189, 194, 195, 197, 198, 199, 201, 204, 205, 207, 246, 247, 249, 254, 255, 257, 258, 259, 261, 278, 279, 281, 286, 287, 289, 290, 291, 293, 294, 295, 297, 302, 303, 305, 306, 307, 309, 312, 313, 315, 324, 325, 327, 332, 333, 335, 336, 337, 339, 342, 343, 345, 347, 349, 354, 355, 357, 358, 359, 361, 378, 379, 381, 386, 387, 389, 390, 391, 393, 394, 395, 397, 402, 403, 405, 406, 407, 409, 470, 474, 475, 477, 482, 483, 485, 486, 487, 489, 506, 507, 509, 514, 515, 517, 518, 519, 521, 522, 523, 525, 530, 531, 533, 534, 535, 537, 538, 539, 541, 546, 547, 549, 550, 551, 553, 566, 570, 571, 573, 578, 579, 581, 582, 583, 585, 586, 587, 589, 590, 594, 595, 597, 599, 600, 601, 604, 605, 607, 616, 617, 619, 624, 625, 627, 628, 629, 631, 634, 635, 637, 676, 677, 679, 684, 685, 687, 688, 689, 691, 708, 709, 711, 716, 717, 719, 720, 721, 723, 724, 725, 727, 732, 733, 735, 736, 737, 739, 742, 743, 745, 754, 755, 757, 762, 763, 765, 766, 767, 769, 772, 773, 775]
x_599: [172, 174, 175, 176, 178, 186, 187, 188, 194, 195, 196, 198, 199, 200, 202, 204, 205, 206, 208, 246, 247, 248, 254, 255, 256, 258, 259, 260, 278, 279, 280, 286, 287, 288, 290, 291, 292, 294, 295, 296, 302, 303, 304, 306, 307, 308, 310, 312, 313, 314, 316, 324, 325, 326, 332, 333, 334, 336, 337, 338, 340, 342, 343, 344, 346, 347, 348, 354, 355, 356, 358, 359, 360, 378, 379, 380, 386, 387, 388, 390, 391, 392, 394, 395, 396, 402, 403, 404, 406, 407, 408, 471, 474, 475, 476, 482, 483, 484, 486, 487, 488, 506, 507, 508, 514, 515, 516, 518, 519, 520, 522, 523, 524, 530, 531, 532, 534, 535, 536, 538, 539, 540, 546, 547, 548, 550, 551, 552, 567, 570, 571, 572, 578, 579, 580, 582, 583, 584, 586, 587, 588, 591, 594, 595, 596, 598, 600, 601, 602, 604, 605, 606, 608, 616, 617, 618, 624, 625, 626, 628, 629, 630, 632, 634, 635, 636, 638, 676, 677, 678, 684, 685, 686, 688, 689, 690, 708, 709, 710, 716, 717, 718, 720, 721, 722, 724, 725, 726, 732, 733, 734, 736, 737, 738, 740, 742, 743, 744, 746, 754, 755, 756, 762, 763, 764, 766, 767, 768, 770, 772, 773, 774, 776]
x_600: [171, 172, 175, 176, 177, 178, 187, 188, 189, 195, 196, 197, 199, 200, 201, 202, 205, 206, 207, 208, 247, 248, 249, 255, 256, 257, 259, 260, 261, 279, 280, 281, 287, 288, 289, 291, 292, 293, 295, 296, 297, 303, 304, 305, 307, 308, 309, 310, 313, 314, 315, 316, 325, 326, 327, 333, 334, 335, 337, 338, 339, 340, 343, 344, 345, 346, 347, 348, 349, 355, 356, 357, 359, 360, 361, 379, 380, 381, 387, 388, 389, 391, 392, 393, 395, 396, 397, 403, 404, 405, 407, 408, 409, 472, 475, 476, 477, 483, 484, 485, 487, 488, 489, 507, 508, 509, 515, 516, 517, 519, 520, 521, 523, 524, 525, 531, 532, 533, 535, 536, 537, 539, 540, 541, 547, 548, 549, 551, 552, 553, 568, 571, 572, 573, 579, 580, 581, 583, 584, 585, 587, 588, 589, 592, 595, 596, 597, 598, 599, 601, 602, 605, 606, 607, 608, 617, 618, 619, 625, 626, 627, 629, 630, 631, 632, 635, 636, 637, 638, 677, 678, 679, 685, 686, 687, 689, 690, 691, 709, 710, 711, 717, 718, 719, 721, 722, 723, 725, 726, 727, 733, 734, 735, 737, 738, 739, 740, 743, 744, 745, 746, 755, 756, 757, 763, 764, 765, 767, 768, 769, 770, 773, 774, 775, 776]
x_601: [172, 174, 176, 177, 178, 186, 188, 189, 194, 196, 197, 198, 200, 201, 202, 204, 206, 207, 208, 246, 248, 249, 254, 256, 257, 258, 260, 261, 278, 280, 281, 286, 288, 289, 290, 292, 293, 294, 296, 297, 302, 304, 305, 306, 308, 309, 310, 312, 314, 315, 316, 324, 326, 327, 332, 334, 335, 336, 338, 339, 340, 342, 344, 345, 346, 348, 349, 354, 356, 357, 358, 360, 361, 378, 380, 381, 386, 388, 389, 390, 392, 393, 394, 396, 397, 402, 404, 405, 406, 408, 409, 473, 474, 476, 477, 482, 484, 485, 486, 488, 489, 506, 508, 509, 514, 516, 517, 518, 520, 521, 522, 524, 525, 530, 532, 533, 534, 536, 537, 538, 540, 541, 546, 548, 549, 550, 552, 553, 569, 570, 572, 573, 578, 580, 581, 582, 584, 585, 586, 588, 589, 593, 594, 596, 597, 598, 599, 600, 602, 604, 606, 607, 608, 616, 618, 619, 624, 626, 627, 628, 630, 631, 632, 634, 636, 637, 638, 676, 678, 679, 684, 686, 687, 688, 690, 691, 708, 710, 711, 716, 718, 719, 720, 722, 723, 724, 726, 727, 732, 734, 735, 736, 738, 739, 740, 742, 744, 745, 746, 754, 756, 757, 762, 764, 765, 766, 768, 769, 770, 772, 774, 775, 776]
x_602: [1, 5, 6, 7, 12, 28, 29, 34, 35, 36, 41, 42, 43, 48, 65, 66, 71, 135, 136, 141, 142, 143, 148, 165, 166, 171, 172, 347, 348, 349, 351, 352, 353, 359, 360, 361, 363, 364, 365, 367, 368, 369, 375, 376, 377, 395, 396, 397, 399, 400, 401, 407, 408, 409, 411, 412, 413, 415, 416, 417, 423, 424, 425, 427, 428, 429, 431, 432, 433, 439, 440, 441, 459, 460, 461, 463, 464, 465, 471, 472, 473, 539, 540, 541, 543, 544, 545, 551, 552, 553, 555, 556, 557, 559, 560, 561, 567, 568, 569, 587, 588, 589, 591, 592, 593, 599, 600, 601, 603, 606, 608, 609, 610, 615, 618, 632, 633, 638, 639, 640, 645, 646, 647, 652, 669, 670, 675, 678, 740, 741, 746, 747, 748, 753, 770, 771, 776]
x_603: [1, 2, 3, 4, 6, 7, 9, 10, 11, 28, 29, 31, 32, 33, 35, 36, 38, 39, 40, 42, 43, 45, 46, 47, 65, 66, 68, 69, 70, 135, 136, 138, 139, 140, 142, 143, 145, 146, 147, 165, 166, 168, 169, 170, 173, 347, 348, 349, 351, 352, 353, 355, 356, 357, 363, 364, 365, 367, 368, 369, 371, 372, 373, 395, 396, 397, 399, 400, 401, 403, 404, 405, 411, 412, 413, 415, 416, 417, 419, 420, 421, 427, 428, 429, 431, 432, 433, 435, 436, 437, 459, 460, 461, 463, 464, 465, 467, 468, 469, 539, 540, 541, 543, 544, 545, 547, 548, 549, 555, 556, 557, 559, 560, 561, 563, 564, 565, 587, 588, 589, 591, 592, 593, 595, 596, 597, 602, 605, 606, 607, 608, 609, 610, 612, 613, 614, 622, 632, 633, 635, 636, 637, 639, 640, 642, 643, 644, 646, 647, 649, 650, 651, 669, 670, 672, 673, 674, 682, 740, 741, 743, 744, 745, 747, 748, 750, 751, 752, 770, 771, 773, 774, 775]
x_604: [2, 4, 8, 9, 11, 30, 31, 33, 37, 38, 40, 44, 45, 47, 67, 68, 70, 137, 138, 140, 144, 145, 147, 167, 168, 170, 174, 350, 351, 353, 354, 355, 357, 358, 359, 361, 366, 367, 369, 370, 371, 373, 374, 375, 377, 398, 399, 401, 402, 403, 405, 406, 407, 409, 414, 415, 417, 418, 419, 421, 422, 423, 425, 430, 431, 433, 434, 435, 437, 438, 439, 441, 462, 463, 465, 466, 467, 469, 470, 471, 473, 542, 543, 545, 546, 547, 549, 550, 551, 553, 558, 559, 561, 562, 563, 565, 566, 567, 569, 590, 591, 593, 594, 595, 597, 598, 599, 601, 605, 606, 607, 611, 612, 614, 624, 634, 635, 637, 641, 642, 644, 648, 649, 651, 671, 672, 674, 684, 742, 743, 745, 749, 750, 752, 772, 773, 775]
x_605: [1, 2, 3, 5, 7, 8, 9, 10, 12, 29, 30, 31, 32, 34, 36, 37, 38, 39, 41, 43, 44, 45, 46, 48, 66, 67, 68, 69, 71, 136, 137, 138, 139, 141, 143, 144, 145, 146, 148, 166, 167, 168, 169, 171, 175, 350, 351, 352, 354, 355, 356, 358, 359, 360, 366, 367, 368, 370, 371, 372, 374, 375, 376, 398, 399, 400, 402, 403, 404, 406, 407, 408, 414, 415, 416, 418, 419, 420, 422, 423, 424, 430, 431, 432, 434, 435, 436, 438, 439, 440, 462, 463, 464, 466, 467, 468, 470, 471, 472, 542, 543, 544, 546, 547, 548, 550, 551, 552, 558, 559, 560, 562, 563, 564, 566, 567, 568, 590, 591, 592, 594, 595, 596, 598, 599, 600, 603, 604, 606, 607, 608, 610, 611, 612, 613, 615, 625, 633, 634, 635, 636, 638, 640, 641, 642, 643, 645, 647, 648, 649, 650, 652, 670, 671, 672, 673, 675, 685, 741, 742, 743, 744, 746, 748, 749, 750, 751, 753, 771, 772, 773, 774, 776]
x_606: [1, 2, 3, 4, 5, 7, 9, 10, 11, 12, 29, 31, 32, 33, 34, 36, 38, 39, 40, 41, 43, 45, 46, 47, 48, 66, 68, 69, 70, 71, 136, 138, 139, 140, 141, 143, 145, 146, 147, 148, 166, 168, 169, 170, 171, 176, 351, 352, 353, 355, 356, 357, 359, 360, 361, 367, 368, 369, 371, 372, 373, 375, 376, 377, 399, 400, 401, 403, 404, 405, 407, 408, 409, 415, 416, 417, 419, 420, 421, 423, 424, 425, 431, 432, 433, 435, 436, 437, 439, 440, 441, 463, 464, 465, 467, 468, 469, 471, 472, 473, 543, 544, 545, 547, 548, 549, 551, 552, 553, 559, 560, 561, 563, 564, 565, 567, 568, 569, 591, 592, 593, 595, 596, 597, 599, 600, 601, 602, 603, 604, 605, 607, 608, 610, 612, 613, 614, 615, 626, 633, 635, 636, 637, 638, 640, 642, 643, 644, 645, 647, 649, 650, 651, 652, 670, 672, 673, 674, 675, 686, 741, 743, 744, 745, 746, 748, 750, 751, 752, 753, 771, 773, 774, 775, 776]
x_607: [1, 3, 4, 5, 7, 8, 10, 11, 12, 29, 30, 32, 33, 34, 36, 37, 39, 40, 41, 43, 44, 46, 47, 48, 66, 67, 69, 70, 71, 136, 137, 139, 140, 141, 143, 144, 146, 147, 148, 166, 167, 169, 170, 171, 177, 350, 352, 353, 354, 356, 357, 358, 360, 361, 366, 368, 369, 370, 372, 373, 374, 376, 377, 398, 400, 401, 402, 404, 405, 406, 408, 409, 414, 416, 417, 418, 420, 421, 422, 424, 425, 430, 432, 433, 434, 436, 437, 438, 440, 441, 462, 464, 465, 466, 468, 469, 470, 472, 473, 542, 544, 545, 546, 548, 549, 550, 552, 553, 558, 560, 561, 562, 564, 565, 566, 568, 569, 590, 592, 593, 594, 596, 597, 598, 600, 601, 603, 604, 605, 606, 608, 610, 611, 613, 614, 615, 627, 633, 634, 636, 637, 638, 640, 641, 643, 644, 645, 647, 648, 650, 651, 652, 670, 671, 673, 674, 675, 687, 741, 742, 744, 745, 746, 748, 749, 751, 752, 753, 771, 772, 774, 775, 776]
x_608: [2, 3, 4, 5, 6, 9, 10, 11, 12, 28, 31, 32, 33, 34, 35, 38, 39, 40, 41, 42, 45, 46, 47, 48, 65, 68, 69, 70, 71, 135, 138, 139, 140, 141, 142, 145, 146, 147, 148, 165, 168, 169, 170, 171, 178, 347, 348, 349, 355, 356, 357, 359, 360, 361, 363, 364, 365, 371, 372, 373, 375, 376, 377, 395, 396, 397, 403, 404, 405, 407, 408, 409, 411, 412, 413, 419, 420, 421, 423, 424, 425, 427, 428, 429, 435, 436, 437, 439, 440, 441, 459, 460, 461, 467, 468, 469, 471, 472, 473, 539, 540, 541, 547, 548, 549, 551, 552, 553, 555, 556, 557, 563, 564, 565, 567, 568, 569, 587, 588, 589, 595, 596, 597, 599, 600, 601, 602, 603, 605, 606, 607, 609, 612, 613, 614, 615, 630, 632, 635, 636, 637, 638, 639, 642, 643, 644, 645, 646, 649, 650, 651, 652, 669, 672, 673, 674, 675, 690, 740, 743, 744, 745, 746, 747, 750, 751, 752, 753, 770, 773, 774, 775, 776]
x_609: [1, 5, 6, 7, 12, 13, 14, 15, 17, 18, 19, 25, 26, 27, 35, 36, 41, 42, 43, 48, 50, 51, 52, 54, 55, 56, 62, 63, 64, 135, 136, 141, 142, 143, 148, 150, 151, 152, 154, 155, 156, 162, 163, 164, 179, 347, 348, 349, 351, 352, 353, 359, 360, 361, 363, 364, 365, 367, 368, 369, 375, 376, 377, 379, 380, 381, 383, 384, 385, 391, 392, 393, 411, 412, 413, 415, 416, 417, 423, 424, 425, 427, 428, 429, 431, 432, 433, 439, 440, 441, 443, 444, 445, 447, 448, 449, 455, 456, 457, 539, 540, 541, 543, 544, 545, 551, 552, 553, 555, 556, 557, 559, 560, 561, 567, 568, 569, 571, 572, 573, 575, 576, 577, 583, 584, 585, 602, 603, 608, 610, 613, 615, 617, 618, 619, 621, 622, 623, 629, 630, 631, 632, 639, 640, 645, 646, 647, 652, 654, 655, 656, 658, 659, 660, 666, 667, 668, 694, 740, 741, 746, 747, 748, 753, 755, 756, 757, 759, 760, 761, 767, 768, 769]
x_610: [1, 2, 3, 4, 6, 7, 9, 10, 11, 13, 14, 15, 17, 18, 19, 21, 22, 23, 35, 36, 38, 39, 40, 42, 43, 45, 46, 47, 50, 51, 52, 54, 55, 56, 58, 59, 60, 135, 136, 138, 139, 140, 142, 143, 145, 146, 147, 150, 151, 152, 154, 155, 156, 158, 159, 160, 180, 347, 348, 349, 351, 352, 353, 355, 356, 357, 363, 364, 365, 367, 368, 369, 371, 372, 373, 379, 380, 381, 383, 384, 385, 387, 388, 389, 411, 412, 413, 415, 416, 417, 419, 420, 421, 427, 428, 429, 431, 432, 433, 435, 436, 437, 443, 444, 445, 447, 448, 449, 451, 452, 453, 539, 540, 541, 543, 544, 545, 547, 548, 549, 555, 556, 557, 559, 560, 561, 563, 564, 565, 571, 572, 573, 575, 576, 577, 579, 580, 581, 602, 603, 605, 606, 607, 609, 612, 613, 614, 615, 617, 618, 619, 621, 622, 623, 625, 626, 627, 633, 639, 640, 642, 643, 644, 646, 647, 649, 650, 651, 654, 655, 656, 658, 659, 660, 662, 663, 664, 698, 740, 741, 743, 744, 745, 747, 748, 750, 751, 752, 755, 756, 757, 759, 760, 761, 763, 764, 765]
x_611: [2, 4, 8, 9, 11, 16, 17, 19, 20, 21, 23, 24, 25, 27, 37, 38, 40, 44, 45, 47, 53, 54, 56, 57, 58, 60, 61, 62, 64, 137, 138, 140, 144, 145, 147, 153, 154, 156, 157, 158, 160, 161, 162, 164, 181, 350, 351, 353, 354, 355, 357, 358, 359, 361, 366, 367, 369, 370, 371, 373, 374, 375, 377, 382, 383, 385, 386, 387, 389, 390, 391, 393, 414, 415, 417, 418, 419, 421, 422, 423, 425, 430, 431, 433, 434, 435, 437, 438, 439, 441, 446, 447, 449, 450, 451, 453, 454, 455, 457, 542, 543, 545, 546, 547, 549, 550, 551, 553, 558, 559, 561, 562, 563, 565, 566, 567, 569, 574, 575, 577, 578, 579, 581, 582, 583, 585, 604, 605, 607, 612, 613, 614, 620, 621, 623, 624, 625, 627, 628, 629, 631, 634, 641, 642, 644, 648, 649, 651, 657, 658, 660, 661, 662, 664, 665, 666, 668, 700, 742, 743, 745, 749, 750, 752, 758, 759, 761, 762, 763, 765, 766, 767, 769]
x_612: [1, 2, 3, 5, 7, 8, 9, 10, 12, 16, 17, 18, 20, 21, 22, 24, 25, 26, 36, 37, 38, 39, 41, 43, 44, 45, 46, 48, 53, 54, 55, 57, 58, 59, 61, 62, 63, 136, 137, 138, 139, 141, 143, 144, 145, 146, 148, 153, 154, 155, 157, 158, 159, 161, 162, 163, 182, 350, 351, 352, 354, 355, 356, 358, 359, 360, 366, 367, 368, 370, 371, 372, 374, 375, 376, 382, 383, 384, 386, 387, 388, 390, 391, 392, 414, 415, 416, 418, 419, 420, 422, 423, 424, 430, 431, 432, 434, 435, 436, 438, 439, 440, 446, 447, 448, 450, 451, 452, 454, 455, 456, 542, 543, 544, 546, 547, 548, 550, 551, 552, 558, 559, 560, 562, 563, 564, 566, 567, 568, 574, 575, 576, 578, 579, 580, 582, 583, 584, 603, 604, 605, 606, 608, 610, 611, 613, 614, 615, 620, 621, 622, 624, 625, 626, 628, 629, 630, 635, 640, 641, 642, 643, 645, 647, 648, 649, 650, 652, 657, 658, 659, 661, 662, 663, 665, 666, 667, 701, 741, 742, 743, 744, 746, 748, 749, 750, 751, 753, 758, 759, 760, 762, 763, 764, 766, 767, 768]
x_613: [1, 2, 3, 4, 5, 7, 9, 10, 11, 12, 17, 18, 19, 21, 22, 23, 25, 26, 27, 36, 38, 39, 40, 41, 43, 45, 46, 47, 48, 54, 55, 56, 58, 59, 60, 62, 63, 64, 136, 138, 139, 140, 141, 143, 145, 146, 147, 148, 154, 155, 156, 158, 159, 160, 162, 163, 164, 183, 351, 352, 353, 355, 356, 357, 359, 360, 361, 367, 368, 369, 371, 372, 373, 375, 376, 377, 383, 384, 385, 387, 388, 389, 391, 392, 393, 415, 416, 417, 419, 420, 421, 423, 424, 425, 431, 432, 433, 435, 436, 437, 439, 440, 441, 447, 448, 449, 451, 452, 453, 455, 456, 457, 543, 544, 545, 547, 548, 549, 551, 552, 553, 559, 560, 561, 563, 564, 565, 567, 568, 569, 575, 576, 577, 579, 580, 581, 583, 584, 585, 603, 605, 606, 607, 608, 609, 610, 611, 612, 614, 615, 621, 622, 623, 625, 626, 627, 629, 630, 631, 636, 640, 642, 643, 644, 645, 647, 649, 650, 651, 652, 658, 659, 660, 662, 663, 664, 666, 667, 668, 702, 741, 743, 744, 745, 746, 748, 750, 751, 752, 753, 759, 760, 761, 763, 764, 765, 767, 768, 769]
x_614: [1, 3, 4, 5, 7, 8, 10, 11, 12, 16, 18, 19, 20, 22, 23, 24, 26, 27, 36, 37, 39, 40, 41, 43, 44, 46, 47, 48, 53, 55, 56, 57, 59, 60, 61, 63, 64, 136, 137, 139, 140, 141, 143, 144, 146, 147, 148, 153, 155, 156, 157, 159, 160, 161, 163, 164, 184, 350, 352, 353, 354, 356, 357, 358, 360, 361, 366, 368, 369, 370, 372, 373, 374, 376, 377, 382, 384, 385, 386, 388, 389, 390, 392, 393, 414, 416, 417, 418, 420, 421, 422, 424, 425, 430, 432, 433, 434, 436, 437, 438, 440, 441, 446, 448, 449, 450, 452, 453, 454, 456, 457, 542, 544, 545, 546, 548, 549, 550, 552, 553, 558, 560, 561, 562, 564, 565, 566, 568, 569, 574, 576, 577, 578, 580, 581, 582, 584, 585, 603, 604, 606, 607, 608, 610, 611, 612, 613, 615, 620, 622, 623, 624, 626, 627, 628, 630, 631, 637, 640, 641, 643, 644, 645, 647, 648, 650, 651, 652, 657, 659, 660, 661, 663, 664, 665, 667, 668, 703, 741, 742, 744, 745, 746, 748, 749, 751, 752, 753, 758, 760, 761, 762, 764, 765, 766, 768, 769]
x_615: [2, 3, 4, 5, 6, 9, 10, 11, 12, 13, 14, 15, 21, 22, 23, 25, 26, 27, 35, 38, 39, 40, 41, 42, 45, 46, 47, 48, 50, 51, 52, 58, 59, 60, 62, 63, 64, 135, 138, 139, 140, 141, 142, 145, 146, 147, 148, 150, 151, 152, 158, 159, 160, 162, 163, 164, 185, 347, 348, 349, 355, 356, 357, 359, 360, 361, 363, 364, 365, 371, 372, 373, 375, 376, 377, 379, 380, 381, 387, 388, 389, 391, 392, 393, 411, 412, 413, 419, 420, 421, 423, 424, 425, 427, 428, 429, 435, 436, 437, 439, 440, 441, 443, 444, 445, 451, 452, 453, 455, 456, 457, 539, 540, 541, 547, 548, 549, 551, 552, 553, 555, 556, 557, 563, 564, 565, 567, 568, 569, 571, 572, 573, 579, 580, 581, 583, 584, 585, 602, 605, 606, 607, 608, 609, 610, 612, 613, 614, 617, 618, 619, 625, 626, 627, 629, 630, 631, 638, 639, 642, 643, 644, 645, 646, 649, 650, 651, 652, 654, 655, 656, 662, 663, 664, 666, 667, 668, 706, 740, 743, 744, 745, 746, 747, 750, 751, 752, 753, 755, 756, 757, 763, 764, 765, 767, 768, 769]
x_616: [13, 15, 16, 17, 19, 24, 25, 27, 49, 50, 52, 53, 54, 56, 61, 62, 64, 149, 150, 152, 153, 154, 156, 161, 162, 164, 186, 362, 363, 365, 366, 367, 369, 374, 375, 377, 378, 379, 381, 382, 383, 385, 390, 391, 393, 394, 395, 397, 398, 399, 401, 406, 407, 409, 426, 427, 429, 430, 431, 433, 438, 439, 441, 442, 443, 445, 446, 447, 449, 454, 455, 457, 458, 459, 461, 462, 463, 465, 470, 471, 473, 554, 555, 557, 558, 559, 561, 566, 567, 569, 570, 571, 573, 574, 575, 577, 582, 583, 585, 586, 587, 589, 590, 591, 593, 598, 599, 601, 617, 618, 619, 620, 621, 623, 624, 628, 629, 631, 653, 654, 656, 657, 658, 660, 665, 666, 668, 708, 754, 755, 757, 758, 759, 761, 766, 767, 769]
x_617: [6, 7, 12, 13, 14, 16, 17, 18, 24, 25, 26, 28, 29, 34, 42, 43, 48, 49, 50, 51, 53, 54, 55, 61, 62, 63, 65, 66, 71, 142, 143, 148, 149, 150, 151, 153, 154, 155, 161, 162, 163, 165, 166, 171, 187, 362, 363, 364, 366, 367, 368, 374, 375, 376, 378, 379, 380, 382, 383, 384, 390, 391, 392, 394, 395, 396, 398, 399, 400, 406, 407, 408, 426, 427, 428, 430, 431, 432, 438, 439, 440, 442, 443, 444, 446, 447, 448, 454, 455, 456, 458, 459, 460, 462, 463, 464, 470, 471, 472, 554, 555, 556, 558, 559, 560, 566, 567, 568, 570, 571, 572, 574, 575, 576, 582, 583, 584, 586, 587, 588, 590, 591, 592, 598, 599, 600, 609, 610, 615, 616, 618, 619, 620, 621, 622, 625, 628, 629, 630, 632, 633, 638, 646, 647, 652, 653, 654, 655, 657, 658, 659, 665, 666, 667, 669, 670, 675, 709, 747, 748, 753, 754, 755, 756, 758, 759, 760, 766, 767, 768, 770, 771, 776]
x_618: [6, 7, 12, 13, 14, 15, 17, 18, 19, 25, 26, 27, 28, 29, 34, 42, 43, 48, 50, 51, 52, 54, 55, 56, 62, 63, 64, 65, 66, 71, 142, 143, 148, 150, 151, 152, 154, 155, 156, 162, 163, 164, 165, 166, 171, 188, 363, 364, 365, 367, 368, 369, 375, 376, 377, 379, 380, 381, 383, 384, 385, 391, 392, 393, 395, 396, 397, 399, 400, 401, 407, 408, 409, 427, 428, 429, 431, 432, 433, 439, 440, 441, 443, 444, 445, 447, 448, 449, 455, 456, 457, 459, 460, 461, 463, 464, 465, 471, 472, 473, 555, 556, 557, 559, 560, 561, 567, 568, 569, 571, 572, 573, 575, 576, 577, 583, 584, 585, 587, 588, 589, 591, 592, 593, 599, 600, 601, 602, 609, 610, 615, 616, 617, 619, 621, 622, 623, 626, 629, 630, 631, 632, 633, 638, 646, 647, 652, 654, 655, 656, 658, 659, 660, 666, 667, 668, 669, 670, 675, 710, 747, 748, 753, 755, 756, 757, 759, 760, 761, 767, 768, 769, 770, 771, 776]
x_619: [6, 7, 12, 14, 15, 16, 18, 19, 24, 26, 27, 28, 29, 34, 42, 43, 48, 49, 51, 52, 53, 55, 56, 61, 63, 64, 65, 66, 71, 142, 143, 148, 149, 151, 152, 153, 155, 156, 161, 163, 164, 165, 166, 171, 189, 362, 364, 365, 366, 368, 369, 374, 376, 377, 378, 380, 381, 382, 384, 385, 390, 392, 393, 394, 396, 397, 398, 400, 401, 406, 408, 409, 426, 428, 429, 430, 432, 433, 438, 440, 441, 442, 444, 445, 446, 448, 449, 454, 456, 457, 458, 460, 461, 462, 464, 465, 470, 472, 473, 554, 556, 557, 558, 560, 561, 566, 568, 569, 570, 572, 573, 574, 576, 577, 582, 584, 585, 586, 588, 589, 590, 592, 593, 598, 600, 601, 609, 610, 615, 616, 617, 618, 620, 622, 623, 627, 628, 630, 631, 632, 633, 638, 646, 647, 652, 653, 655, 656, 657, 659, 660, 665, 667, 668, 669, 670, 675, 711, 747, 748, 753, 754, 756, 757, 758, 760, 761, 766, 768, 769, 770, 771, 776]
x_620: [8, 9, 11, 13, 15, 16, 17, 19, 20, 21, 23, 30, 31, 33, 44, 45, 47, 49, 50, 52, 53, 54, 56, 57, 58, 60, 67, 68, 70, 144, 145, 147, 149, 150, 152, 153, 154, 156, 157, 158, 160, 167, 168, 170, 190, 362, 363, 365, 366, 367, 369, 370, 371, 373, 378, 379, 381, 382, 383, 385, 386, 387, 389, 394, 395, 397, 398, 399, 401, 402, 403, 405, 426, 427, 429, 430, 431, 433, 434, 435, 437, 442, 443, 445, 446, 447, 449, 450, 451, 453, 458, 459, 461, 462, 463, 465, 466, 467, 469, 554, 555, 557, 558, 559, 561, 562, 563, 565, 570, 571, 573, 574, 575, 577, 578, 579, 581, 586, 587, 589, 590, 591, 593, 594, 595, 597, 611, 612, 614, 616, 617, 619, 621, 622, 623, 624, 625, 627, 628, 634, 635, 637, 648, 649, 651, 653, 654, 656, 657, 658, 660, 661, 662, 664, 671, 672, 674, 712, 749, 750, 752, 754, 755, 757, 758, 759, 761, 762, 763, 765, 772, 773, 775]
x_621: [6, 7, 8, 9, 10, 13, 14, 16, 17, 18, 20, 21, 22, 28, 29, 30, 31, 32, 42, 43, 44, 45, 46, 49, 50, 51, 53, 54, 55, 57, 58, 59, 65, 66, 67, 68, 69, 142, 143, 144, 145, 146, 149, 150, 151, 153, 154, 155, 157, 158, 159, 165, 166, 167, 168, 169, 191, 362, 363, 364, 366, 367, 368, 370, 371, 372, 378, 379, 380, 382, 383, 384, 386, 387, 388, 394, 395, 396, 398, 399, 400, 402, 403, 404, 426, 427, 428, 430, 431, 432, 434, 435, 436, 442, 443, 444, 446, 447, 448, 450, 451, 452, 458, 459, 460, 462, 463, 464, 466, 467, 468, 554, 555, 556, 558, 559, 560, 562, 563, 564, 570, 571, 572, 574, 575, 576, 578, 579, 580, 586, 587, 588, 590, 591, 592, 594, 595, 596, 609, 610, 611, 612, 613, 616, 617, 618, 620, 622, 623, 624, 625, 626, 629, 632, 633, 634, 635, 636, 646, 647, 648, 649, 650, 653, 654, 655, 657, 658, 659, 661, 662, 663, 669, 670, 671, 672, 673, 713, 747, 748, 749, 750, 751, 754, 755, 756, 758, 759, 760, 762, 763, 764, 770, 771, 772, 773, 774]
x_622: [6, 7, 9, 10, 11, 13, 14, 15, 17, 18, 19, 21, 22, 23, 28, 29, 31, 32, 33, 42, 43, 45, 46, 47, 50, 51, 52, 54, 55, 56, 58, 59, 60, 65, 66, 68, 69, 70, 142, 143, 145, 146, 147, 150, 151, 152, 154, 155, 156, 158, 159, 160, 165, 166, 168, 169, 170, 192, 363, 364, 365, 367, 368, 369, 371, 372, 373, 379, 380, 381, 383, 384, 385, 387, 388, 389, 395, 396, 397, 399, 400, 401, 403, 404, 405, 427, 428, 429, 431, 432, 433, 435, 436, 437, 443, 444, 445, 447, 448, 449, 451, 452, 453, 459, 460, 461, 463, 464, 465, 467, 468, 469, 555, 556, 557, 559, 560, 561, 563, 564, 565, 571, 572, 573, 575, 576, 577, 579, 580, 581, 587, 588, 589, 591, 592, 593, 595, 596, 597, 603, 609, 610, 612, 613, 614, 617, 618, 619, 620, 621, 623, 625, 626, 627, 630, 632, 633, 635, 636, 637, 646, 647, 649, 650, 651, 654, 655, 656, 658, 659, 660, 662, 663, 664, 669, 670, 672, 673, 674, 714, 747, 748, 750, 751, 752, 755, 756, 757, 759, 760, 761, 763, 764, 765, 770, 771, 773, 774, 775]
x_623: [6, 7, 8, 10, 11, 14, 15, 16, 18, 19, 20, 22, 23, 28, 29, 30, 32, 33, 42, 43, 44, 46, 47, 49, 51, 52, 53, 55, 56, 57, 59, 60, 65, 66, 67, 69, 70, 142, 143, 144, 146, 147, 149, 151, 152, 153, 155, 156, 157, 159, 160, 165, 166, 167, 169, 170, 193, 362, 364, 365, 366, 368, 369, 370, 372, 373, 378, 380, 381, 382, 384, 385, 386, 388, 389, 394, 396, 397, 398, 400, 401, 402, 404, 405, 426, 428, 429, 430, 432, 433, 434, 436, 437, 442, 444, 445, 446, 448, 449, 450, 452, 453, 458, 460, 461, 462, 464, 465, 466, 468, 469, 554, 556, 557, 558, 560, 561, 562, 564, 565, 570, 572, 573, 574, 576, 577, 578, 580, 581, 586, 588, 589, 590, 592, 593, 594, 596, 597, 609, 610, 611, 613, 614, 616, 618, 619, 620, 621, 622, 624, 626, 627, 631, 632, 633, 634, 636, 637, 646, 647, 648, 650, 651, 653, 655, 656, 657, 659, 660, 661, 663, 664, 669, 670, 671, 673, 674, 715, 747, 748, 749, 751, 752, 754, 756, 757, 758, 760, 761, 762, 764, 765, 770, 771, 772, 774, 775]
x_624: [8, 9, 11, 16, 17, 19, 20, 21, 23, 24, 25, 27, 30, 31, 33, 44, 45, 47, 53, 54, 56, 57, 58, 60, 61, 62, 64, 67, 68, 70, 144, 145, 147, 153, 154, 156, 157, 158, 160, 161, 162, 164, 167, 168, 170, 194, 366, 367, 369, 370, 371, 373, 374, 375, 377, 382, 383, 385, 386, 387, 389, 390, 391, 393, 398, 399, 401, 402, 403, 405, 406, 407, 409, 430, 431, 433, 434, 435, 437, 438, 439, 441, 446, 447, 449, 450, 451, 453, 454, 455, 457, 462, 463, 465, 466, 467, 469, 470, 471, 473, 558, 559, 561, 562, 563, 565, 566, 567, 569, 574, 575, 577, 578, 579, 581, 582, 583, 585, 590, 591, 593, 594, 595, 597, 598, 599, 601, 604, 611, 612, 614, 616, 620, 621, 623, 625, 626, 627, 628, 629, 631, 634, 635, 637, 648, 649, 651, 657, 658, 660, 661, 662, 664, 665, 666, 668, 671, 672, 674, 716, 749, 750, 752, 758, 759, 761, 762, 763, 765, 766, 767, 769, 772, 773, 775]
x_625: [7, 8, 9, 10, 12, 16, 17, 18, 20, 21, 22, 24, 25, 26, 29, 30, 31, 32, 34, 43, 44, 45, 46, 48, 53, 54, 55, 57, 58, 59, 61, 62, 63, 66, 67, 68, 69, 71, 143, 144, 145, 146, 148, 153, 154, 155, 157, 158, 159, 161, 162, 163, 166, 167, 168, 169, 171, 195, 366, 367, 368, 370, 371, 372, 374, 375, 376, 382, 383, 384, 386, 387, 388, 390, 391, 392, 398, 399, 400, 402, 403, 404, 406, 407, 408, 430, 431, 432, 434, 435, 436, 438, 439, 440, 446, 447, 448, 450, 451, 452, 454, 455, 456, 462, 463, 464, 466, 467, 468, 470, 471, 472, 558, 559, 560, 562, 563, 564, 566, 567, 568, 574, 575, 576, 578, 579, 580, 582, 583, 584, 590, 591, 592, 594, 595, 596, 598, 599, 600, 605, 610, 611, 612, 613, 615, 617, 620, 621, 622, 624, 626, 627, 628, 629, 630, 633, 634, 635, 636, 638, 647, 648, 649, 650, 652, 657, 658, 659, 661, 662, 663, 665, 666, 667, 670, 671, 672, 673, 675, 717, 748, 749, 750, 751, 753, 758, 759, 760, 762, 763, 764, 766, 767, 768, 771, 772, 773, 774, 776]
x_626: [7, 9, 10, 11, 12, 17, 18, 19, 21, 22, 23, 25, 26, 27, 29, 31, 32, 33, 34, 43, 45, 46, 47, 48, 54, 55, 56, 58, 59, 60, 62, 63, 64, 66, 68, 69, 70, 71, 143, 145, 146, 147, 148, 154, 155, 156, 158, 159, 160, 162, 163, 164, 166, 168, 169, 170, 171, 196, 367, 368, 369, 371, 372, 373, 375, 376, 377, 383, 384, 385, 387, 388, 389, 391, 392, 393, 399, 400, 401, 403, 404, 405, 407, 408, 409, 431, 432, 433, 435, 436, 437, 439, 440, 441, 447, 448, 449, 451, 452, 453, 455, 456, 457, 463, 464, 465, 467, 468, 469, 471, 472, 473, 559, 560, 561, 563, 564, 565, 567, 568, 569, 575, 576, 577, 579, 580, 581, 583, 584, 585, 591, 592, 593, 595, 596, 597, 599, 600, 601, 606, 610, 612, 613, 614, 615, 618, 621, 622, 623, 624, 625, 627, 629, 630, 631, 633, 635, 636, 637, 638, 647, 649, 650, 651, 652, 658, 659, 660, 662, 663, 664, 666, 667, 668, 670, 672, 673, 674, 675, 718, 748, 750, 751, 752, 753, 759, 760, 761, 763, 764, 765, 767, 768, 769, 771, 773, 774, 775, 776]
x_627: [7, 8, 10, 11, 12, 16, 18, 19, 20, 22, 23, 24, 26, 27, 29, 30, 32, 33, 34, 43, 44, 46, 47, 48, 53, 55, 56, 57, 59, 60, 61, 63, 64, 66, 67, 69, 70, 71, 143, 144, 146, 147, 148, 153, 155, 156, 157, 159, 160, 161, 163, 164, 166, 167, 169, 170, 171, 197, 366, 368, 369, 370, 372, 373, 374, 376, 377, 382, 384, 385, 386, 388, 389, 390, 392, 393, 398, 400, 401, 402, 404, 405, 406, 408, 409, 430, 432, 433, 434, 436, 437, 438, 440, 441, 446, 448, 449, 450, 452, 453, 454, 456, 457, 462, 464, 465, 466, 468, 469, 470, 472, 473, 558, 560, 561, 562, 564, 565, 566, 568, 569, 574, 576, 577, 578, 580, 581, 582, 584, 585, 590, 592, 593, 594, 596, 597, 598, 600, 601, 607, 610, 611, 613, 614, 615, 619, 620, 622, 623, 624, 625, 626, 628, 630, 631, 633, 634, 636, 637, 638, 647, 648, 650, 651, 652, 657, 659, 660, 661, 663, 664, 665, 667, 668, 670, 671, 673, 674, 675, 719, 748, 749, 751, 752, 753, 758, 760, 761, 762, 764, 765, 766, 768, 769, 771, 772, 774, 775, 776]
x_628: [8, 9, 11, 13, 15, 20, 21, 23, 24, 25, 27, 30, 31, 33, 44, 45, 47, 49, 50, 52, 57, 58, 60, 61, 62, 64, 67, 68, 70, 144, 145, 147, 149, 150, 152, 157, 158, 160, 161, 162, 164, 167, 168, 170, 198, 362, 363, 365, 370, 371, 373, 374, 375, 377, 378, 379, 381, 386, 387, 389, 390, 391, 393, 394, 395, 397, 402, 403, 405, 406, 407, 409, 426, 427, 429, 434, 435, 437, 438, 439, 441, 442, 443, 445, 450, 451, 453, 454, 455, 457, 458, 459, 461, 466, 467, 469, 470, 471, 473, 554, 555, 557, 562, 563, 565, 566, 567, 569, 570, 571, 573, 578, 579, 581, 582, 583, 585, 586, 587, 589, 594, 595, 597, 598, 599, 601, 611, 612, 614, 616, 617, 619, 620, 624, 625, 627, 629, 630, 631, 634, 635, 637, 648, 649, 651, 653, 654, 656, 661, 662, 664, 665, 666, 668, 671, 672, 674, 720, 749, 750, 752, 754, 755, 757, 762, 763, 765, 766, 767, 769, 772, 773, 775]
x_629: [6, 8, 9, 10, 12, 13, 14, 20, 21, 22, 24, 25, 26, 28, 30, 31, 32, 34, 42, 44, 45, 46, 48, 49, 50, 51, 57, 58, 59, 61, 62, 63, 65, 67, 68, 69, 71, 142, 144, 145, 146, 148, 149, 150, 151, 157, 158, 159, 161, 162, 163, 165, 167, 168, 169, 171, 199, 362, 363, 364, 370, 371, 372, 374, 375, 376, 378, 379, 380, 386, 387, 388, 390, 391, 392, 394, 395, 396, 402, 403, 404, 406, 407, 408, 426, 427, 428, 434, 435, 436, 438, 439, 440, 442, 443, 444, 450, 451, 452, 454, 455, 456, 458, 459, 460, 466, 467, 468, 470, 471, 472, 554, 555, 556, 562, 563, 564, 566, 567, 568, 570, 571, 572, 578, 579, 580, 582, 583, 584, 586, 587, 588, 594, 595, 596, 598, 599, 600, 609, 611, 612, 613, 615, 616, 617, 618, 621, 624, 625, 626, 628, 630, 631, 632, 634, 635, 636, 638, 646, 648, 649, 650, 652, 653, 654, 655, 661, 662, 663, 665, 666, 667, 669, 671, 672, 673, 675, 721, 747, 749, 750, 751, 753, 754, 755, 756, 762, 763, 764, 766, 767, 768, 770, 772, 773, 774, 776]
x_630: [6, 9, 10, 11, 12, 13, 14, 15, 21, 22, 23, 25, 26, 27, 28, 31, 32, 33, 34, 42, 45, 46, 47, 48, 50, 51, 52, 58, 59, 60, 62, 63, 64, 65, 68, 69, 70, 71, 142, 145, 146, 147, 148, 150, 151, 152, 158, 159, 160, 162, 163, 164, 165, 168, 169, 170, 171, 200, 363, 364, 365, 371, 372, 373, 375, 376, 377, 379, 380, 381, 387, 388, 389, 391, 392, 393, 395, 396, 397, 403, 404, 405, 407, 408, 409, 427, 428, 429, 435, 436, 437, 439, 440, 441, 443, 444, 445, 451, 452, 453, 455, 456, 457, 459, 460, 461, 467, 468, 469, 471, 472, 473, 555, 556, 557, 563, 564, 565, 567, 568, 569, 571, 572, 573, 579, 580, 581, 583, 584, 585, 587, 588, 589, 595, 596, 597, 599, 600, 601, 608, 609, 612, 613, 614, 615, 617, 618, 619, 622, 625, 626, 627, 628, 629, 631, 632, 635, 636, 637, 638, 646, 649, 650, 651, 652, 654, 655, 656, 662, 663, 664, 666, 667, 668, 669, 672, 673, 674, 675, 722, 747, 750, 751, 752, 753, 755, 756, 757, 763, 764, 765, 767, 768, 769, 770, 773, 774, 775, 776]
x_631: [6, 8, 10, 11, 12, 14, 15, 20, 22, 23, 24, 26, 27, 28, 30, 32, 33, 34, 42, 44, 46, 47, 48, 49, 51, 52, 57, 59, 60, 61, 63, 64, 65, 67, 69, 70, 71, 142, 144, 146, 147, 148, 149, 151, 152, 157, 159, 160, 161, 163, 164, 165, 167, 169, 170, 171, 201, 362, 364, 365, 370, 372, 373, 374, 376, 377, 378, 380, 381, 386, 388, 389, 390, 392, 393, 394, 396, 397, 402, 404, 405, 406, 408, 409, 426, 428, 429, 434, 436, 437, 438, 440, 441, 442, 444, 445, 450, 452, 453, 454, 456, 457, 458, 460, 461, 466, 468, 469, 470, 472, 473, 554, 556, 557, 562, 564, 565, 566, 568, 569, 570, 572, 573, 578, 580, 581, 582, 584, 585, 586, 588, 589, 594, 596, 597, 598, 600, 601, 609, 611, 613, 614, 615, 616, 618, 619, 623, 624, 626, 627, 628, 629, 630, 632, 634, 636, 637, 638, 646, 648, 650, 651, 652, 653, 655, 656, 661, 663, 664, 665, 667, 668, 669, 671, 673, 674, 675, 723, 747, 749, 751, 752, 753, 754, 756, 757, 762, 764, 765, 766, 768, 769, 770, 772, 774, 775, 776]
x_632: [1, 5, 13, 14, 15, 17, 18, 19, 25, 26, 27, 28, 29, 34, 35, 36, 41, 50, 51, 52, 54, 55, 56, 62, 63, 64, 65, 66, 71, 135, 136, 141, 150, 151, 152, 154, 155, 156, 162, 163, 164, 165, 166, 171, 202, 347, 348, 349, 351, 352, 353, 359, 360, 361, 379, 380, 381, 383, 384, 385, 391, 392, 393, 395, 396, 397, 399, 400, 401, 407, 408, 409, 411, 412, 413, 415, 416, 417, 423, 424, 425, 443, 444, 445, 447, 448, 449, 455, 456, 457, 459, 460, 461, 463, 464, 465, 471, 472, 473, 539, 540, 541, 543, 544, 545, 551, 552, 553, 571, 572, 573, 575, 576, 577, 583, 584, 585, 587, 588, 589, 591, 592, 593, 599, 600, 601, 602, 603, 608, 609, 617, 618, 619, 621, 622, 623, 629, 630, 631, 633, 636, 638, 639, 640, 645, 654, 655, 656, 658, 659, 660, 666, 667, 668, 669, 670, 675, 726, 740, 741, 746, 755, 756, 757, 759, 760, 761, 767, 768, 769, 770, 771, 776]
x_633: [1, 2, 3, 4, 13, 14, 15, 17, 18, 19, 21, 22, 23, 28, 29, 31, 32, 33, 35, 36, 38, 39, 40, 50, 51, 52, 54, 55, 56, 58, 59, 60, 65, 66, 68, 69, 70, 135, 136, 138, 139, 140, 150, 151, 152, 154, 155, 156, 158, 159, 160, 165, 166, 168, 169, 170, 203, 347, 348, 349, 351, 352, 353, 355, 356, 357, 379, 380, 381, 383, 384, 385, 387, 388, 389, 395, 396, 397, 399, 400, 401, 403, 404, 405, 411, 412, 413, 415, 416, 417, 419, 420, 421, 443, 444, 445, 447, 448, 449, 451, 452, 453, 459, 460, 461, 463, 464, 465, 467, 468, 469, 539, 540, 541, 543, 544, 545, 547, 548, 549, 571, 572, 573, 575, 576, 577, 579, 580, 581, 587, 588, 589, 591, 592, 593, 595, 596, 597, 602, 603, 605, 606, 607, 610, 617, 618, 619, 621, 622, 623, 625, 626, 627, 632, 635, 636, 637, 638, 639, 640, 642, 643, 644, 654, 655, 656, 658, 659, 660, 662, 663, 664, 669, 670, 672, 673, 674, 730, 740, 741, 743, 744, 745, 755, 756, 757, 759, 760, 761, 763, 764, 765, 770, 771, 773, 774, 775]
x_634: [2, 4, 16, 17, 19, 20, 21, 23, 24, 25, 27, 30, 31, 33, 37, 38, 40, 53, 54, 56, 57, 58, 60, 61, 62, 64, 67, 68, 70, 137, 138, 140, 153, 154, 156, 157, 158, 160, 161, 162, 164, 167, 168, 170, 204, 350, 351, 353, 354, 355, 357, 358, 359, 361, 382, 383, 385, 386, 387, 389, 390, 391, 393, 398, 399, 401, 402, 403, 405, 406, 407, 409, 414, 415, 417, 418, 419, 421, 422, 423, 425, 446, 447, 449, 450, 451, 453, 454, 455, 457, 462, 463, 465, 466, 467, 469, 470, 471, 473, 542, 543, 545, 546, 547, 549, 550, 551, 553, 574, 575, 577, 578, 579, 581, 582, 583, 585, 590, 591, 593, 594, 595, 597, 598, 599, 601, 604, 605, 607, 611, 620, 621, 623, 624, 625, 627, 628, 629, 631, 635, 636, 637, 641, 642, 644, 657, 658, 660, 661, 662, 664, 665, 666, 668, 671, 672, 674, 732, 742, 743, 745, 758, 759, 761, 762, 763, 765, 766, 767, 769, 772, 773, 775]
x_635: [1, 2, 3, 5, 16, 17, 18, 20, 21, 22, 24, 25, 26, 29, 30, 31, 32, 34, 36, 37, 38, 39, 41, 53, 54, 55, 57, 58, 59, 61, 62, 63, 66, 67, 68, 69, 71, 136, 137, 138, 139, 141, 153, 154, 155, 157, 158, 159, 161, 162, 163, 166, 167, 168, 169, 171, 205, 350, 351, 352, 354, 355, 356, 358, 359, 360, 382, 383, 384, 386, 387, 388, 390, 391, 392, 398, 399, 400, 402, 403, 404, 406, 407, 408, 414, 415, 416, 418, 419, 420, 422, 423, 424, 446, 447, 448, 450, 451, 452, 454, 455, 456, 462, 463, 464, 466, 467, 468, 470, 471, 472, 542, 543, 544, 546, 547, 548, 550, 551, 552, 574, 575, 576, 578, 579, 580, 582, 583, 584, 590, 591, 592, 594, 595, 596, 598, 599, 600, 603, 604, 605, 606, 608, 612, 620, 621, 622, 624, 625, 626, 628, 629, 630, 633, 634, 636, 637, 638, 640, 641, 642, 643, 645, 657, 658, 659, 661, 662, 663, 665, 666, 667, 670, 671, 672, 673, 675, 733, 741, 742, 743, 744, 746, 758, 759, 760, 762, 763, 764, 766, 767, 768, 771, 772, 773, 774, 776]
x_636: [1, 2, 3, 4, 5, 17, 18, 19, 21, 22, 23, 25, 26, 27, 29, 31, 32, 33, 34, 36, 38, 39, 40, 41, 54, 55, 56, 58, 59, 60, 62, 63, 64, 66, 68, 69, 70, 71, 136, 138, 139, 140, 141, 154, 155, 156, 158, 159, 160, 162, 163, 164, 166, 168, 169, 170, 171, 206, 351, 352, 353, 355, 356, 357, 359, 360, 361, 383, 384, 385, 387, 388, 389, 391, 392, 393, 399, 400, 401, 403, 404, 405, 407, 408, 409, 415, 416, 417, 419, 420, 421, 423, 424, 425, 447, 448, 449, 451, 452, 453, 455, 456, 457, 463, 464, 465, 467, 468, 469, 471, 472, 473, 543, 544, 545, 547, 548, 549, 551, 552, 553, 575, 576, 577, 579, 580, 581, 583, 584, 585, 591, 592, 593, 595, 596, 597, 599, 600, 601, 603, 605, 606, 607, 608, 613, 621, 622, 623, 625, 626, 627, 629, 630, 631, 632, 633, 634, 635, 637, 638, 640, 642, 643, 644, 645, 658, 659, 660, 662, 663, 664, 666, 667, 668, 670, 672, 673, 674, 675, 734, 741, 743, 744, 745, 746, 759, 760, 761, 763, 764, 765, 767, 768, 769, 771, 773, 774, 775, 776]
x_637: [1, 3, 4, 5, 16, 18, 19, 20, 22, 23, 24, 26, 27, 29, 30, 32, 33, 34, 36, 37, 39, 40, 41, 53, 55, 56, 57, 59, 60, 61, 63, 64, 66, 67, 69, 70, 71, 136, 137, 139, 140, 141, 153, 155, 156, 157, 159, 160, 161, 163, 164, 166, 167, 169, 170, 171, 207, 350, 352, 353, 354, 356, 357, 358, 360, 361, 382, 384, 385, 386, 388, 389, 390, 392, 393, 398, 400, 401, 402, 404, 405, 406, 408, 409, 414, 416, 417, 418, 420, 421, 422, 424, 425, 446, 448, 449, 450, 452, 453, 454, 456, 457, 462, 464, 465, 466, 468, 469, 470, 472, 473, 542, 544, 545, 546, 548, 549, 550, 552, 553, 574, 576, 577, 578, 580, 581, 582, 584, 585, 590, 592, 593, 594, 596, 597, 598, 600, 601, 603, 604, 606, 607, 608, 614, 620, 622, 623, 624, 626, 627, 628, 630, 631, 633, 634, 635, 636, 638, 640, 641, 643, 644, 645, 657, 659, 660, 661, 663, 664, 665, 667, 668, 670, 671, 673, 674, 675, 735, 741, 742, 744, 745, 746, 758, 760, 761, 762, 764, 765, 766, 768, 769, 771, 772, 774, 775, 776]
x_638: [2, 3, 4, 5, 13, 14, 15, 21, 22, 23, 25, 26, 27, 28, 31, 32, 33, 34, 35, 38, 39, 40, 41, 50, 51, 52, 58, 59, 60, 62, 63, 64, 65, 68, 69, 70, 71, 135, 138, 139, 140, 141, 150, 151, 152, 158, 159, 160, 162, 163, 164, 165, 168, 169, 170, 171, 208, 347, 348, 349, 355, 356, 357, 359, 360, 361, 379, 380, 381, 387, 388, 389, 391, 392, 393, 395, 396, 397, 403, 404, 405, 407, 408, 409, 411, 412, 413, 419, 420, 421, 423, 424, 425, 443, 444, 445, 451, 452, 453, 455, 456, 457, 459, 460, 461, 467, 468, 469, 471, 472, 473, 539, 540, 541, 547, 548, 549, 551, 552, 553, 571, 572, 573, 579, 580, 581, 583, 584, 585, 587, 588, 589, 595, 596, 597, 599, 600, 601, 602, 605, 606, 607, 608, 615, 617, 618, 619, 625, 626, 627, 629, 630, 631, 632, 633, 635, 636, 637, 639, 642, 643, 644, 645, 654, 655, 656, 662, 663, 664, 666, 667, 668, 669, 672, 673, 674, 675, 738, 740, 743, 744, 745, 746, 755, 756, 757, 763, 764, 765, 767, 768, 769, 770, 773, 774, 775, 776]
x_639: [1, 5, 6, 7, 12, 28, 29, 34, 35, 36, 41, 42, 43, 48, 65, 66, 71, 72, 73, 74, 76, 77, 78, 84, 85, 86, 88, 89, 90, 92, 93, 94, 100, 101, 102, 120, 121, 122, 124, 125, 126, 132, 133, 134, 209, 347, 348, 349, 351, 352, 353, 359, 360, 361, 363, 364, 365, 367, 368, 369, 375, 376, 377, 395, 396, 397, 399, 400, 401, 407, 408, 409, 411, 412, 413, 415, 416, 417, 423, 424, 425, 427, 428, 429, 431, 432, 433, 439, 440, 441, 459, 460, 461, 463, 464, 465, 471, 472, 473, 475, 476, 477, 479, 480, 481, 487, 488, 489, 491, 492, 493, 495, 496, 497, 503, 504, 505, 523, 524, 525, 527, 528, 529, 535, 536, 537, 602, 603, 608, 609, 610, 615, 632, 633, 638, 640, 643, 645, 646, 647, 652, 655, 669, 670, 675, 677, 678, 679, 681, 682, 683, 689, 690, 691, 693, 694, 695, 697, 698, 699, 705, 706, 707, 725, 726, 727, 729, 730, 731, 737, 738, 739, 740]
x_640: [1, 2, 3, 4, 6, 7, 9, 10, 11, 28, 29, 31, 32, 33, 35, 36, 38, 39, 40, 42, 43, 45, 46, 47, 65, 66, 68, 69, 70, 72, 73, 74, 76, 77, 78, 80, 81, 82, 88, 89, 90, 92, 93, 94, 96, 97, 98, 120, 121, 122, 124, 125, 126, 128, 129, 130, 210, 347, 348, 349, 351, 352, 353, 355, 356, 357, 363, 364, 365, 367, 368, 369, 371, 372, 373, 395, 396, 397, 399, 400, 401, 403, 404, 405, 411, 412, 413, 415, 416, 417, 419, 420, 421, 427, 428, 429, 431, 432, 433, 435, 436, 437, 459, 460, 461, 463, 464, 465, 467, 468, 469, 475, 476, 477, 479, 480, 481, 483, 484, 485, 491, 492, 493, 495, 496, 497, 499, 500, 501, 523, 524, 525, 527, 528, 529, 531, 532, 533, 602, 603, 605, 606, 607, 609, 610, 612, 613, 614, 632, 633, 635, 636, 637, 639, 642, 643, 644, 645, 646, 647, 649, 650, 651, 659, 669, 670, 672, 673, 674, 677, 678, 679, 681, 682, 683, 685, 686, 687, 693, 694, 695, 697, 698, 699, 701, 702, 703, 725, 726, 727, 729, 730, 731, 733, 734, 735, 741]
x_641: [2, 4, 8, 9, 11, 30, 31, 33, 37, 38, 40, 44, 45, 47, 67, 68, 70, 75, 76, 78, 79, 80, 82, 83, 84, 86, 91, 92, 94, 95, 96, 98, 99, 100, 102, 123, 124, 126, 127, 128, 130, 131, 132, 134, 211, 350, 351, 353, 354, 355, 357, 358, 359, 361, 366, 367, 369, 370, 371, 373, 374, 375, 377, 398, 399, 401, 402, 403, 405, 406, 407, 409, 414, 415, 417, 418, 419, 421, 422, 423, 425, 430, 431, 433, 434, 435, 437, 438, 439, 441, 462, 463, 465, 466, 467, 469, 470, 471, 473, 478, 479, 481, 482, 483, 485, 486, 487, 489, 494, 495, 497, 498, 499, 501, 502, 503, 505, 526, 527, 529, 530, 531, 533, 534, 535, 537, 604, 605, 607, 611, 612, 614, 634, 635, 637, 642, 643, 644, 648, 649, 651, 661, 671, 672, 674, 680, 681, 683, 684, 685, 687, 688, 689, 691, 696, 697, 699, 700, 701, 703, 704, 705, 707, 728, 729, 731, 732, 733, 735, 736, 737, 739, 742]
x_642: [1, 2, 3, 5, 7, 8, 9, 10, 12, 29, 30, 31, 32, 34, 36, 37, 38, 39, 41, 43, 44, 45, 46, 48, 66, 67, 68, 69, 71, 75, 76, 77, 79, 80, 81, 83, 84, 85, 91, 92, 93, 95, 96, 97, 99, 100, 101, 123, 124, 125, 127, 128, 129, 131, 132, 133, 212, 350, 351, 352, 354, 355, 356, 358, 359, 360, 366, 367, 368, 370, 371, 372, 374, 375, 376, 398, 399, 400, 402, 403, 404, 406, 407, 408, 414, 415, 416, 418, 419, 420, 422, 423, 424, 430, 431, 432, 434, 435, 436, 438, 439, 440, 462, 463, 464, 466, 467, 468, 470, 471, 472, 478, 479, 480, 482, 483, 484, 486, 487, 488, 494, 495, 496, 498, 499, 500, 502, 503, 504, 526, 527, 528, 530, 531, 532, 534, 535, 536, 603, 604, 605, 606, 608, 610, 611, 612, 613, 615, 633, 634, 635, 636, 638, 640, 641, 643, 644, 645, 647, 648, 649, 650, 652, 662, 670, 671, 672, 673, 675, 680, 681, 682, 684, 685, 686, 688, 689, 690, 696, 697, 698, 700, 701, 702, 704, 705, 706, 728, 729, 730, 732, 733, 734, 736, 737, 738, 743]
x_643: [1, 2, 3, 4, 5, 7, 9, 10, 11, 12, 29, 31, 32, 33, 34, 36, 38, 39, 40, 41, 43, 45, 46, 47, 48, 66, 68, 69, 70, 71, 76, 77, 78, 80, 81, 82, 84, 85, 86, 92, 93, 94, 96, 97, 98, 100, 101, 102, 124, 125, 126, 128, 129, 130, 132, 133, 134, 213, 351, 352, 353, 355, 356, 357, 359, 360, 361, 367, 368, 369, 371, 372, 373, 375, 376, 377, 399, 400, 401, 403, 404, 405, 407, 408, 409, 415, 416, 417, 419, 420, 421, 423, 424, 425, 431, 432, 433, 435, 436, 437, 439, 440, 441, 463, 464, 465, 467, 468, 469, 471, 472, 473, 479, 480, 481, 483, 484, 485, 487, 488, 489, 495, 496, 497, 499, 500, 501, 503, 504, 505, 527, 528, 529, 531, 532, 533, 535, 536, 537, 603, 605, 606, 607, 608, 610, 612, 613, 614, 615, 633, 635, 636, 637, 638, 639, 640, 641, 642, 644, 645, 647, 649, 650, 651, 652, 663, 670, 672, 673, 674, 675, 681, 682, 683, 685, 686, 687, 689, 690, 691, 697, 698, 699, 701, 702, 703, 705, 706, 707, 729, 730, 731, 733, 734, 735, 737, 738, 739, 744]
x_644: [1, 3, 4, 5, 7, 8, 10, 11, 12, 29, 30, 32, 33, 34, 36, 37, 39, 40, 41, 43, 44, 46, 47, 48, 66, 67, 69, 70, 71, 75, 77, 78, 79, 81, 82, 83, 85, 86, 91, 93, 94, 95, 97, 98, 99, 101, 102, 123, 125, 126, 127, 129, 130, 131, 133, 134, 214, 350, 352, 353, 354, 356, 357, 358, 360, 361, 366, 368, 369, 370, 372, 373, 374, 376, 377, 398, 400, 401, 402, 404, 405, 406, 408, 409, 414, 416, 417, 418, 420, 421, 422, 424, 425, 430, 432, 433, 434, 436, 437, 438, 440, 441, 462, 464, 465, 466, 468, 469, 470, 472, 473, 478, 480, 481, 482, 484, 485, 486, 488, 489, 494, 496, 497, 498, 500, 501, 502, 504, 505, 526, 528, 529, 530, 532, 533, 534, 536, 537, 603, 604, 606, 607, 608, 610, 611, 613, 614, 615, 633, 634, 636, 637, 638, 640, 641, 642, 643, 645, 647, 648, 650, 651, 652, 664, 670, 671, 673, 674, 675, 680, 682, 683, 684, 686, 687, 688, 690, 691, 696, 698, 699, 700, 702, 703, 704, 706, 707, 728, 730, 731, 732, 734, 735, 736, 738, 739, 745]
x_645: [2, 3, 4, 5, 6, 9, 10, 11, 12, 28, 31, 32, 33, 34, 35, 38, 39, 40, 41, 42, 45, 46, 47, 48, 65, 68, 69, 70, 71, 72, 73, 74, 80, 81, 82, 84, 85, 86, 88, 89, 90, 96, 97, 98, 100, 101, 102, 120, 121, 122, 128, 129, 130, 132, 133, 134, 215, 347, 348, 349, 355, 356, 357, 359, 360, 361, 363, 364, 365, 371, 372, 373, 375, 376, 377, 395, 396, 397, 403, 404, 405, 407, 408, 409, 411, 412, 413, 419, 420, 421, 423, 424, 425, 427, 428, 429, 435, 436, 437, 439, 440, 441, 459, 460, 461, 467, 468, 469, 471, 472, 473, 475, 476, 477, 483, 484, 485, 487, 488, 489, 491, 492, 493, 499, 500, 501, 503, 504, 505, 523, 524, 525, 531, 532, 533, 535, 536, 537, 602, 605, 606, 607, 608, 609, 612, 613, 614, 615, 632, 635, 636, 637, 638, 639, 640, 642, 643, 644, 646, 649, 650, 651, 652, 667, 669, 672, 673, 674, 675, 677, 678, 679, 685, 686, 687, 689, 690, 691, 693, 694, 695, 701, 702, 703, 705, 706, 707, 725, 726, 727, 733, 734, 735, 737, 738, 739, 746]
x_646: [1, 5, 6, 7, 12, 13, 14, 15, 17, 18, 19, 25, 26, 27, 35, 36, 41, 42, 43, 48, 50, 51, 52, 54, 55, 56, 62, 63, 64, 72, 73, 74, 76, 77, 78, 84, 85, 86, 88, 89, 90, 92, 93, 94, 100, 101, 102, 104, 105, 106, 108, 109, 110, 116, 117, 118, 216, 347, 348, 349, 351, 352, 353, 359, 360, 361, 363, 364, 365, 367, 368, 369, 375, 376, 377, 379, 380, 381, 383, 384, 385, 391, 392, 393, 411, 412, 413, 415, 416, 417, 423, 424, 425, 427, 428, 429, 431, 432, 433, 439, 440, 441, 443, 444, 445, 447, 448, 449, 455, 456, 457, 475, 476, 477, 479, 480, 481, 487, 488, 489, 491, 492, 493, 495, 496, 497, 503, 504, 505, 507, 508, 509, 511, 512, 513, 519, 520, 521, 602, 603, 608, 609, 610, 615, 617, 618, 619, 621, 622, 623, 629, 630, 631, 639, 640, 645, 647, 650, 652, 654, 655, 656, 658, 659, 660, 666, 667, 668, 669, 677, 678, 679, 681, 682, 683, 689, 690, 691, 693, 694, 695, 697, 698, 699, 705, 706, 707, 709, 710, 711, 713, 714, 715, 721, 722, 723, 747]
x_647: [1, 2, 3, 4, 6, 7, 9, 10, 11, 13, 14, 15, 17, 18, 19, 21, 22, 23, 35, 36, 38, 39, 40, 42, 43, 45, 46, 47, 50, 51, 52, 54, 55, 56, 58, 59, 60, 72, 73, 74, 76, 77, 78, 80, 81, 82, 88, 89, 90, 92, 93, 94, 96, 97, 98, 104, 105, 106, 108, 109, 110, 112, 113, 114, 217, 347, 348, 349, 351, 352, 353, 355, 356, 357, 363, 364, 365, 367, 368, 369, 371, 372, 373, 379, 380, 381, 383, 384, 385, 387, 388, 389, 411, 412, 413, 415, 416, 417, 419, 420, 421, 427, 428, 429, 431, 432, 433, 435, 436, 437, 443, 444, 445, 447, 448, 449, 451, 452, 453, 475, 476, 477, 479, 480, 481, 483, 484, 485, 491, 492, 493, 495, 496, 497, 499, 500, 501, 507, 508, 509, 511, 512, 513, 515, 516, 517, 602, 603, 605, 606, 607, 609, 610, 612, 613, 614, 617, 618, 619, 621, 622, 623, 625, 626, 627, 639, 640, 642, 643, 644, 646, 649, 650, 651, 652, 654, 655, 656, 658, 659, 660, 662, 663, 664, 670, 677, 678, 679, 681, 682, 683, 685, 686, 687, 693, 694, 695, 697, 698, 699, 701, 702, 703, 709, 710, 711, 713, 714, 715, 717, 718, 719, 748]
x_648: [2, 4, 8, 9, 11, 16, 17, 19, 20, 21, 23, 24, 25, 27, 37, 38, 40, 44, 45, 47, 53, 54, 56, 57, 58, 60, 61, 62, 64, 75, 76, 78, 79, 80, 82, 83, 84, 86, 91, 92, 94, 95, 96, 98, 99, 100, 102, 107, 108, 110, 111, 112, 114, 115, 116, 118, 218, 350, 351, 353, 354, 355, 357, 358, 359, 361, 366, 367, 369, 370, 371, 373, 374, 375, 377, 382, 383, 385, 386, 387, 389, 390, 391, 393, 414, 415, 417, 418, 419, 421, 422, 423, 425, 430, 431, 433, 434, 435, 437, 438, 439, 441, 446, 447, 449, 450, 451, 453, 454, 455, 457, 478, 479, 481, 482, 483, 485, 486, 487, 489, 494, 495, 497, 498, 499, 501, 502, 503, 505, 510, 511, 513, 514, 515, 517, 518, 519, 521, 604, 605, 607, 611, 612, 614, 620, 621, 623, 624, 625, 627, 628, 629, 631, 641, 642, 644, 649, 650, 651, 657, 658, 660, 661, 662, 664, 665, 666, 668, 671, 680, 681, 683, 684, 685, 687, 688, 689, 691, 696, 697, 699, 700, 701, 703, 704, 705, 707, 712, 713, 715, 716, 717, 719, 720, 721, 723, 749]
x_649: [1, 2, 3, 5, 7, 8, 9, 10, 12, 16, 17, 18, 20, 21, 22, 24, 25, 26, 36, 37, 38, 39, 41, 43, 44, 45, 46, 48, 53, 54, 55, 57, 58, 59, 61, 62, 63, 75, 76, 77, 79, 80, 81, 83, 84, 85, 91, 92, 93, 95, 96, 97, 99, 100, 101, 107, 108, 109, 111, 112, 113, 115, 116, 117, 219, 350, 351, 352, 354, 355, 356, 358, 359, 360, 366, 367, 368, 370, 371, 372, 374, 375, 376, 382, 383, 384, 386, 387, 388, 390, 391, 392, 414, 415, 416, 418, 419, 420, 422, 423, 424, 430, 431, 432, 434, 435, 436, 438, 439, 440, 446, 447, 448, 450, 451, 452, 454, 455, 456, 478, 479, 480, 482, 483, 484, 486, 487, 488, 494, 495, 496, 498, 499, 500, 502, 503, 504, 510, 511, 512, 514, 515, 516, 518, 519, 520, 603, 604, 605, 606, 608, 610, 611, 612, 613, 615, 620, 621, 622, 624, 625, 626, 628, 629, 630, 640, 641, 642, 643, 645, 647, 648, 650, 651, 652, 657, 658, 659, 661, 662, 663, 665, 666, 667, 672, 680, 681, 682, 684, 685, 686, 688, 689, 690, 696, 697, 698, 700, 701, 702, 704, 705, 706, 712, 713, 714, 716, 717, 718, 720, 721, 722, 750]
x_650: [1, 2, 3, 4, 5, 7, 9, 10, 11, 12, 17, 18, 19, 21, 22, 23, 25, 26, 27, 36, 38, 39, 40, 41, 43, 45, 46, 47, 48, 54, 55, 56, 58, 59, 60, 62, 63, 64, 76, 77, 78, 80, 81, 82, 84, 85, 86, 92, 93, 94, 96, 97, 98, 100, 101, 102, 108, 109, 110, 112, 113, 114, 116, 117, 118, 220, 351, 352, 353, 355, 356, 357, 359, 360, 361, 367, 368, 369, 371, 372, 373, 375, 376, 377, 383, 384, 385, 387, 388, 389, 391, 392, 393, 415, 416, 417, 419, 420, 421, 423, 424, 425, 431, 432, 433, 435, 436, 437, 439, 440, 441, 447, 448, 449, 451, 452, 453, 455, 456, 457, 479, 480, 481, 483, 484, 485, 487, 488, 489, 495, 496, 497, 499, 500, 501, 503, 504, 505, 511, 512, 513, 515, 516, 517, 519, 520, 521, 603, 605, 606, 607, 608, 610, 612, 613, 614, 615, 621, 622, 623, 625, 626, 627, 629, 630, 631, 640, 642, 643, 644, 645, 646, 647, 648, 649, 651, 652, 658, 659, 660, 662, 663, 664, 666, 667, 668, 673, 681, 682, 683, 685, 686, 687, 689, 690, 691, 697, 698, 699, 701, 702, 703, 705, 706, 707, 713, 714, 715, 717, 718, 719, 721, 722, 723, 751]
x_651: [1, 3, 4, 5, 7, 8, 10, 11, 12, 16, 18, 19, 20, 22, 23, 24, 26, 27, 36, 37, 39, 40, 41, 43, 44, 46, 47, 48, 53, 55, 56, 57, 59, 60, 61, 63, 64, 75, 77, 78, 79, 81, 82, 83, 85, 86, 91, 93, 94, 95, 97, 98, 99, 101, 102, 107, 109, 110, 111, 113, 114, 115, 117, 118, 221, 350, 352, 353, 354, 356, 357, 358, 360, 361, 366, 368, 369, 370, 372, 373, 374, 376, 377, 382, 384, 385, 386, 388, 389, 390, 392, 393, 414, 416, 417, 418, 420, 421, 422, 424, 425, 430, 432, 433, 434, 436, 437, 438, 440, 441, 446, 448, 449, 450, 452, 453, 454, 456, 457, 478, 480, 481, 482, 484, 485, 486, 488, 489, 494, 496, 497, 498, 500, 501, 502, 504, 505, 510, 512, 513, 514, 516, 517, 518, 520, 521, 603, 604, 606, 607, 608, 610, 611, 613, 614, 615, 620, 622, 623, 624, 626, 627, 628, 630, 631, 640, 641, 643, 644, 645, 647, 648, 649, 650, 652, 657, 659, 660, 661, 663, 664, 665, 667, 668, 674, 680, 682, 683, 684, 686, 687, 688, 690, 691, 696, 698, 699, 700, 702, 703, 704, 706, 707, 712, 714, 715, 716, 718, 719, 720, 722, 723, 752]
x_652: [2, 3, 4, 5, 6, 9, 10, 11, 12, 13, 14, 15, 21, 22, 23, 25, 26, 27, 35, 38, 39, 40, 41, 42, 45, 46, 47, 48, 50, 51, 52, 58, 59, 60, 62, 63, 64, 72, 73, 74, 80, 81, 82, 84, 85, 86, 88, 89, 90, 96, 97, 98, 100, 101, 102, 104, 105, 106, 112, 113, 114, 116, 117, 118, 222, 347, 348, 349, 355, 356, 357, 359, 360, 361, 363, 364, 365, 371, 372, 373, 375, 376, 377, 379, 380, 381, 387, 388, 389, 391, 392, 393, 411, 412, 413, 419, 420, 421, 423, 424, 425, 427, 428, 429, 435, 436, 437, 439, 440, 441, 443, 444, 445, 451, 452, 453, 455, 456, 457, 475, 476, 477, 483, 484, 485, 487, 488, 489, 491, 492, 493, 499, 500, 501, 503, 504, 505, 507, 508, 509, 515, 516, 517, 519, 520, 521, 602, 605, 606, 607, 608, 609, 612, 613, 614, 615, 617, 618, 619, 625, 626, 627, 629, 630, 631, 639, 642, 643, 644, 645, 646, 647, 649, 650, 651, 654, 655, 656, 662, 663, 664, 666, 667, 668, 675, 677, 678, 679, 685, 686, 687, 689, 690, 691, 693, 694, 695, 701, 702, 703, 705, 706, 707, 709, 710, 711, 717, 718, 719, 721, 722, 723, 753]
x_653: [13, 15, 16, 17, 19, 24, 25, 27, 49, 50, 52, 53, 54, 56, 61, 62, 64, 87, 88, 90, 91, 92, 94, 99, 100, 102, 103, 104, 106, 107, 108, 110, 115, 116, 118, 119, 120, 122, 123, 124, 126, 131, 132, 134, 223, 362, 363, 365, 366, 367, 369, 374, 375, 377, 378, 379, 381, 382, 383, 385, 390, 391, 393, 394, 395, 397, 398, 399, 401, 406, 407, 409, 426, 427, 429, 430, 431, 433, 438, 439, 441, 442, 443, 445, 446, 447, 449, 454, 455, 457, 458, 459, 461, 462, 463, 465, 470, 471, 473, 490, 491, 493, 494, 495, 497, 502, 503, 505, 506, 507, 509, 510, 511, 513, 518, 519, 521, 522, 523, 525, 526, 527, 529, 534, 535, 537, 616, 617, 619, 620, 621, 623, 628, 629, 631, 654, 655, 656, 657, 658, 660, 661, 665, 666, 668, 692, 693, 695, 696, 697, 699, 704, 705, 707, 708, 709, 711, 712, 713, 715, 720, 721, 723, 724, 725, 727, 728, 729, 731, 736, 737, 739, 754]
x_654: [6, 7, 12, 13, 14, 16, 17, 18, 24, 25, 26, 28, 29, 34, 42, 43, 48, 49, 50, 51, 53, 54, 55, 61, 62, 63, 65, 66, 71, 87, 88, 89, 91, 92, 93, 99, 100, 101, 103, 104, 105, 107, 108, 109, 115, 116, 117, 119, 120, 121, 123, 124, 125, 131, 132, 133, 224, 362, 363, 364, 366, 367, 368, 374, 375, 376, 378, 379, 380, 382, 383, 384, 390, 391, 392, 394, 395, 396, 398, 399, 400, 406, 407, 408, 426, 427, 428, 430, 431, 432, 438, 439, 440, 442, 443, 444, 446, 447, 448, 454, 455, 456, 458, 459, 460, 462, 463, 464, 470, 471, 472, 490, 491, 492, 494, 495, 496, 502, 503, 504, 506, 507, 508, 510, 511, 512, 518, 519, 520, 522, 523, 524, 526, 527, 528, 534, 535, 536, 609, 610, 615, 616, 617, 618, 620, 621, 622, 628, 629, 630, 632, 633, 638, 646, 647, 652, 653, 655, 656, 657, 658, 659, 662, 665, 666, 667, 669, 670, 675, 692, 693, 694, 696, 697, 698, 704, 705, 706, 708, 709, 710, 712, 713, 714, 720, 721, 722, 724, 725, 726, 728, 729, 730, 736, 737, 738, 755]
x_655: [6, 7, 12, 13, 14, 15, 17, 18, 19, 25, 26, 27, 28, 29, 34, 42, 43, 48, 50, 51, 52, 54, 55, 56, 62, 63, 64, 65, 66, 71, 88, 89, 90, 92, 93, 94, 100, 101, 102, 104, 105, 106, 108, 109, 110, 116, 117, 118, 120, 121, 122, 124, 125, 126, 132, 133, 134, 225, 363, 364, 365, 367, 368, 369, 375, 376, 377, 379, 380, 381, 383, 384, 385, 391, 392, 393, 395, 396, 397, 399, 400, 401, 407, 408, 409, 427, 428, 429, 431, 432, 433, 439, 440, 441, 443, 444, 445, 447, 448, 449, 455, 456, 457, 459, 460, 461, 463, 464, 465, 471, 472, 473, 491, 492, 493, 495, 496, 497, 503, 504, 505, 507, 508, 509, 511, 512, 513, 519, 520, 521, 523, 524, 525, 527, 528, 529, 535, 536, 537, 609, 610, 615, 617, 618, 619, 621, 622, 623, 629, 630, 631, 632, 633, 638, 639, 646, 647, 652, 653, 654, 656, 658, 659, 660, 663, 666, 667, 668, 669, 670, 675, 693, 694, 695, 697, 698, 699, 705, 706, 707, 709, 710, 711, 713, 714, 715, 721, 722, 723, 725, 726, 727, 729, 730, 731, 737, 738, 739, 756]
x_656: [6, 7, 12, 14, 15, 16, 18, 19, 24, 26, 27, 28, 29, 34, 42, 43, 48, 49, 51, 52, 53, 55, 56, 61, 63, 64, 65, 66, 71, 87, 89, 90, 91, 93, 94, 99, 101, 102, 103, 105, 106, 107, 109, 110, 115, 117, 118, 119, 121, 122, 123, 125, 126, 131, 133, 134, 226, 362, 364, 365, 366, 368, 369, 374, 376, 377, 378, 380, 381, 382, 384, 385, 390, 392, 393, 394, 396, 397, 398, 400, 401, 406, 408, 409, 426, 428, 429, 430, 432, 433, 438, 440, 441, 442, 444, 445, 446, 448, 449, 454, 456, 457, 458, 460, 461, 462, 464, 465, 470, 472, 473, 490, 492, 493, 494, 496, 497, 502, 504, 505, 506, 508, 509, 510, 512, 513, 518, 520, 521, 522, 524, 525, 526, 528, 529, 534, 536, 537, 609, 610, 615, 616, 618, 619, 620, 622, 623, 628, 630, 631, 632, 633, 638, 646, 647, 652, 653, 654, 655, 657, 659, 660, 664, 665, 667, 668, 669, 670, 675, 692, 694, 695, 696, 698, 699, 704, 706, 707, 708, 710, 711, 712, 714, 715, 720, 722, 723, 724, 726, 727, 728, 730, 731, 736, 738, 739, 757]
x_657: [8, 9, 11, 13, 15, 16, 17, 19, 20, 21, 23, 30, 31, 33, 44, 45, 47, 49, 50, 52, 53, 54, 56, 57, 58, 60, 67, 68, 70, 87, 88, 90, 91, 92, 94, 95, 96, 98, 103, 104, 106, 107, 108, 110, 111, 112, 114, 119, 120, 122, 123, 124, 126, 127, 128, 130, 227, 362, 363, 365, 366, 367, 369, 370, 371, 373, 378, 379, 381, 382, 383, 385, 386, 387, 389, 394, 395, 397, 398, 399, 401, 402, 403, 405, 426, 427, 429, 430, 431, 433, 434, 435, 437, 442, 443, 445, 446, 447, 449, 450, 451, 453, 458, 459, 461, 462, 463, 465, 466, 467, 469, 490, 491, 493, 494, 495, 497, 498, 499, 501, 506, 507, 509, 510, 511, 513, 514, 515, 517, 522, 523, 525, 526, 527, 529, 530, 531, 533, 611, 612, 614, 616, 617, 619, 620, 621, 623, 624, 625, 627, 634, 635, 637, 648, 649, 651, 653, 654, 656, 658, 659, 660, 661, 662, 664, 665, 671, 672, 674, 692, 693, 695, 696, 697, 699, 700, 701, 703, 708, 709, 711, 712, 713, 715, 716, 717, 719, 724, 725, 727, 728, 729, 731, 732, 733, 735, 758]
x_658: [6, 7, 8, 9, 10, 13, 14, 16, 17, 18, 20, 21, 22, 28, 29, 30, 31, 32, 42, 43, 44, 45, 46, 49, 50, 51, 53, 54, 55, 57, 58, 59, 65, 66, 67, 68, 69, 87, 88, 89, 91, 92, 93, 95, 96, 97, 103, 104, 105, 107, 108, 109, 111, 112, 113, 119, 120, 121, 123, 124, 125, 127, 128, 129, 228, 362, 363, 364, 366, 367, 368, 370, 371, 372, 378, 379, 380, 382, 383, 384, 386, 387, 388, 394, 395, 396, 398, 399, 400, 402, 403, 404, 426, 427, 428, 430, 431, 432, 434, 435, 436, 442, 443, 444, 446, 447, 448, 450, 451, 452, 458, 459, 460, 462, 463, 464, 466, 467, 468, 490, 491, 492, 494, 495, 496, 498, 499, 500, 506, 507, 508, 510, 511, 512, 514, 515, 516, 522, 523, 524, 526, 527, 528, 530, 531, 532, 609, 610, 611, 612, 613, 616, 617, 618, 620, 621, 622, 624, 625, 626, 632, 633, 634, 635, 636, 646, 647, 648, 649, 650, 653, 654, 655, 657, 659, 660, 661, 662, 663, 666, 669, 670, 671, 672, 673, 692, 693, 694, 696, 697, 698, 700, 701, 702, 708, 709, 710, 712, 713, 714, 716, 717, 718, 724, 725, 726, 728, 729, 730, 732, 733, 734, 759]
x_659: [6, 7, 9, 10, 11, 13, 14, 15, 17, 18, 19, 21, 22, 23, 28, 29, 31, 32, 33, 42, 43, 45, 46, 47, 50, 51, 52, 54, 55, 56, 58, 59, 60, 65, 66, 68, 69, 70, 88, 89, 90, 92, 93, 94, 96, 97, 98, 104, 105, 106, 108, 109, 110, 112, 113, 114, 120, 121, 122, 124, 125, 126, 128, 129, 130, 229, 363, 364, 365, 367, 368, 369, 371, 372, 373, 379, 380, 381, 383, 384, 385, 387, 388, 389, 395, 396, 397, 399, 400, 401, 403, 404, 405, 427, 428, 429, 431, 432, 433, 435, 436, 437, 443, 444, 445, 447, 448, 449, 451, 452, 453, 459, 460, 461, 463, 464, 465, 467, 468, 469, 491, 492, 493, 495, 496, 497, 499, 500, 501, 507, 508, 509, 511, 512, 513, 515, 516, 517, 523, 524, 525, 527, 528, 529, 531, 532, 533, 609, 610, 612, 613, 614, 617, 618, 619, 621, 622, 623, 625, 626, 627, 632, 633, 635, 636, 637, 640, 646, 647, 649, 650, 651, 654, 655, 656, 657, 658, 660, 662, 663, 664, 667, 669, 670, 672, 673, 674, 693, 694, 695, 697, 698, 699, 701, 702, 703, 709, 710, 711, 713, 714, 715, 717, 718, 719, 725, 726, 727, 729, 730, 731, 733, 734, 735, 760]
x_660: [6, 7, 8, 10, 11, 14, 15, 16, 18, 19, 20, 22, 23, 28, 29, 30, 32, 33, 42, 43, 44, 46, 47, 49, 51, 52, 53, 55, 56, 57, 59, 60, 65, 66, 67, 69, 70, 87, 89, 90, 91, 93, 94, 95, 97, 98, 103, 105, 106, 107, 109, 110, 111, 113, 114, 119, 121, 122, 123, 125, 126, 127, 129, 130, 230, 362, 364, 365, 366, 368, 369, 370, 372, 373, 378, 380, 381, 382, 384, 385, 386, 388, 389, 394, 396, 397, 398, 400, 401, 402, 404, 405, 426, 428, 429, 430, 432, 433, 434, 436, 437, 442, 444, 445, 446, 448, 449, 450, 452, 453, 458, 460, 461, 462, 464, 465, 466, 468, 469, 490, 492, 493, 494, 496, 497, 498, 500, 501, 506, 508, 509, 510, 512, 513, 514, 516, 517, 522, 524, 525, 526, 528, 529, 530, 532, 533, 609, 610, 611, 613, 614, 616, 618, 619, 620, 622, 623, 624, 626, 627, 632, 633, 634, 636, 637, 646, 647, 648, 650, 651, 653, 655, 656, 657, 658, 659, 661, 663, 664, 668, 669, 670, 671, 673, 674, 692, 694, 695, 696, 698, 699, 700, 702, 703, 708, 710, 711, 712, 714, 715, 716, 718, 719, 724, 726, 727, 728, 730, 731, 732, 734, 735, 761]
x_661: [8, 9, 11, 16, 17, 19, 20, 21, 23, 24, 25, 27, 30, 31, 33, 44, 45, 47, 53, 54, 56, 57, 58, 60, 61, 62, 64, 67, 68, 70, 91, 92, 94, 95, 96, 98, 99, 100, 102, 107, 108, 110, 111, 112, 114, 115, 116, 118, 123, 124, 126, 127, 128, 130, 131, 132, 134, 231, 366, 367, 369, 370, 371, 373, 374, 375, 377, 382, 383, 385, 386, 387, 389, 390, 391, 393, 398, 399, 401, 402, 403, 405, 406, 407, 409, 430, 431, 433, 434, 435, 437, 438, 439, 441, 446, 447, 449, 450, 451, 453, 454, 455, 457, 462, 463, 465, 466, 467, 469, 470, 471, 473, 494, 495, 497, 498, 499, 501, 502, 503, 505, 510, 511, 513, 514, 515, 517, 518, 519, 521, 526, 527, 529, 530, 531, 533, 534, 535, 537, 611, 612, 614, 620, 621, 623, 624, 625, 627, 628, 629, 631, 634, 635, 637, 641, 648, 649, 651, 653, 657, 658, 660, 662, 663, 664, 665, 666, 668, 671, 672, 674, 696, 697, 699, 700, 701, 703, 704, 705, 707, 712, 713, 715, 716, 717, 719, 720, 721, 723, 728, 729, 731, 732, 733, 735, 736, 737, 739, 762]
x_662: [7, 8, 9, 10, 12, 16, 17, 18, 20, 21, 22, 24, 25, 26, 29, 30, 31, 32, 34, 43, 44, 45, 46, 48, 53, 54, 55, 57, 58, 59, 61, 62, 63, 66, 67, 68, 69, 71, 91, 92, 93, 95, 96, 97, 99, 100, 101, 107, 108, 109, 111, 112, 113, 115, 116, 117, 123, 124, 125, 127, 128, 129, 131, 132, 133, 232, 366, 367, 368, 370, 371, 372, 374, 375, 376, 382, 383, 384, 386, 387, 388, 390, 391, 392, 398, 399, 400, 402, 403, 404, 406, 407, 408, 430, 431, 432, 434, 435, 436, 438, 439, 440, 446, 447, 448, 450, 451, 452, 454, 455, 456, 462, 463, 464, 466, 467, 468, 470, 471, 472, 494, 495, 496, 498, 499, 500, 502, 503, 504, 510, 511, 512, 514, 515, 516, 518, 519, 520, 526, 527, 528, 530, 531, 532, 534, 535, 536, 610, 611, 612, 613, 615, 620, 621, 622, 624, 625, 626, 628, 629, 630, 633, 634, 635, 636, 638, 642, 647, 648, 649, 650, 652, 654, 657, 658, 659, 661, 663, 664, 665, 666, 667, 670, 671, 672, 673, 675, 696, 697, 698, 700, 701, 702, 704, 705, 706, 712, 713, 714, 716, 717, 718, 720, 721, 722, 728, 729, 730, 732, 733, 734, 736, 737, 738, 763]
x_663: [7, 9, 10, 11, 12, 17, 18, 19, 21, 22, 23, 25, 26, 27, 29, 31, 32, 33, 34, 43, 45, 46, 47, 48, 54, 55, 56, 58, 59, 60, 62, 63, 64, 66, 68, 69, 70, 71, 92, 93, 94, 96, 97, 98, 100, 101, 102, 108, 109, 110, 112, 113, 114, 116, 117, 118, 124, 125, 126, 128, 129, 130, 132, 133, 134, 233, 367, 368, 369, 371, 372, 373, 375, 376, 377, 383, 384, 385, 387, 388, 389, 391, 392, 393, 399, 400, 401, 403, 404, 405, 407, 408, 409, 431, 432, 433, 435, 436, 437, 439, 440, 441, 447, 448, 449, 451, 452, 453, 455, 456, 457, 463, 464, 465, 467, 468, 469, 471, 472, 473, 495, 496, 497, 499, 500, 501, 503, 504, 505, 511, 512, 513, 515, 516, 517, 519, 520, 521, 527, 528, 529, 531, 532, 533, 535, 536, 537, 610, 612, 613, 614, 615, 621, 622, 623, 625, 626, 627, 629, 630, 631, 633, 635, 636, 637, 638, 643, 647, 649, 650, 651, 652, 655, 658, 659, 660, 661, 662, 664, 666, 667, 668, 670, 672, 673, 674, 675, 697, 698, 699, 701, 702, 703, 705, 706, 707, 713, 714, 715, 717, 718, 719, 721, 722, 723, 729, 730, 731, 733, 734, 735, 737, 738, 739, 764]
x_664: [7, 8, 10, 11, 12, 16, 18, 19, 20, 22, 23, 24, 26, 27, 29, 30, 32, 33, 34, 43, 44, 46, 47, 48, 53, 55, 56, 57, 59, 60, 61, 63, 64, 66, 67, 69, 70, 71, 91, 93, 94, 95, 97, 98, 99, 101, 102, 107, 109, 110, 111, 113, 114, 115, 117, 118, 123, 125, 126, 127, 129, 130, 131, 133, 134, 234, 366, 368, 369, 370, 372, 373, 374, 376, 377, 382, 384, 385, 386, 388, 389, 390, 392, 393, 398, 400, 401, 402, 404, 405, 406, 408, 409, 430, 432, 433, 434, 436, 437, 438, 440, 441, 446, 448, 449, 450, 452, 453, 454, 456, 457, 462, 464, 465, 466, 468, 469, 470, 472, 473, 494, 496, 497, 498, 500, 501, 502, 504, 505, 510, 512, 513, 514, 516, 517, 518, 520, 521, 526, 528, 529, 530, 532, 533, 534, 536, 537, 610, 611, 613, 614, 615, 620, 622, 623, 624, 626, 627, 628, 630, 631, 633, 634, 636, 637, 638, 644, 647, 648, 650, 651, 652, 656, 657, 659, 660, 661, 662, 663, 665, 667, 668, 670, 671, 673, 674, 675, 696, 698, 699, 700, 702, 703, 704, 706, 707, 712, 714, 715, 716, 718, 719, 720, 722, 723, 728, 730, 731, 732, 734, 735, 736, 738, 739, 765]
x_665: [8, 9, 11, 13, 15, 20, 21, 23, 24, 25, 27, 30, 31, 33, 44, 45, 47, 49, 50, 52, 57, 58, 60, 61, 62, 64, 67, 68, 70, 87, 88, 90, 95, 96, 98, 99, 100, 102, 103, 104, 106, 111, 112, 114, 115, 116, 118, 119, 120, 122, 127, 128, 130, 131, 132, 134, 235, 362, 363, 365, 370, 371, 373, 374, 375, 377, 378, 379, 381, 386, 387, 389, 390, 391, 393, 394, 395, 397, 402, 403, 405, 406, 407, 409, 426, 427, 429, 434, 435, 437, 438, 439, 441, 442, 443, 445, 450, 451, 453, 454, 455, 457, 458, 459, 461, 466, 467, 469, 470, 471, 473, 490, 491, 493, 498, 499, 501, 502, 503, 505, 506, 507, 509, 514, 515, 517, 518, 519, 521, 522, 523, 525, 530, 531, 533, 534, 535, 537, 611, 612, 614, 616, 617, 619, 624, 625, 627, 628, 629, 631, 634, 635, 637, 648, 649, 651, 653, 654, 656, 657, 661, 662, 664, 666, 667, 668, 671, 672, 674, 692, 693, 695, 700, 701, 703, 704, 705, 707, 708, 709, 711, 716, 717, 719, 720, 721, 723, 724, 725, 727, 732, 733, 735, 736, 737, 739, 766]
x_666: [6, 8, 9, 10, 12, 13, 14, 20, 21, 22, 24, 25, 26, 28, 30, 31, 32, 34, 42, 44, 45, 46, 48, 49, 50, 51, 57, 58, 59, 61, 62, 63, 65, 67, 68, 69, 71, 87, 88, 89, 95, 96, 97, 99, 100, 101, 103, 104, 105, 111, 112, 113, 115, 116, 117, 119, 120, 121, 127, 128, 129, 131, 132, 133, 236, 362, 363, 364, 370, 371, 372, 374, 375, 376, 378, 379, 380, 386, 387, 388, 390, 391, 392, 394, 395, 396, 402, 403, 404, 406, 407, 408, 426, 427, 428, 434, 435, 436, 438, 439, 440, 442, 443, 444, 450, 451, 452, 454, 455, 456, 458, 459, 460, 466, 467, 468, 470, 471, 472, 490, 491, 492, 498, 499, 500, 502, 503, 504, 506, 507, 508, 514, 515, 516, 518, 519, 520, 522, 523, 524, 530, 531, 532, 534, 535, 536, 609, 611, 612, 613, 615, 616, 617, 618, 624, 625, 626, 628, 629, 630, 632, 634, 635, 636, 638, 646, 648, 649, 650, 652, 653, 654, 655, 658, 661, 662, 663, 665, 667, 668, 669, 671, 672, 673, 675, 692, 693, 694, 700, 701, 702, 704, 705, 706, 708, 709, 710, 716, 717, 718, 720, 721, 722, 724, 725, 726, 732, 733, 734, 736, 737, 738, 767]
x_667: [6, 9, 10, 11, 12, 13, 14, 15, 21, 22, 23, 25, 26, 27, 28, 31, 32, 33, 34, 42, 45, 46, 47, 48, 50, 51, 52, 58, 59, 60, 62, 63, 64, 65, 68, 69, 70, 71, 88, 89, 90, 96, 97, 98, 100, 101, 102, 104, 105, 106, 112, 113, 114, 116, 117, 118, 120, 121, 122, 128, 129, 130, 132, 133, 134, 237, 363, 364, 365, 371, 372, 373, 375, 376, 377, 379, 380, 381, 387, 388, 389, 391, 392, 393, 395, 396, 397, 403, 404, 405, 407, 408, 409, 427, 428, 429, 435, 436, 437, 439, 440, 441, 443, 444, 445, 451, 452, 453, 455, 456, 457, 459, 460, 461, 467, 468, 469, 471, 472, 473, 491, 492, 493, 499, 500, 501, 503, 504, 505, 507, 508, 509, 515, 516, 517, 519, 520, 521, 523, 524, 525, 531, 532, 533, 535, 536, 537, 609, 612, 613, 614, 615, 617, 618, 619, 625, 626, 627, 629, 630, 631, 632, 635, 636, 637, 638, 645, 646, 649, 650, 651, 652, 654, 655, 656, 659, 662, 663, 664, 665, 666, 668, 669, 672, 673, 674, 675, 693, 694, 695, 701, 702, 703, 705, 706, 707, 709, 710, 711, 717, 718, 719, 721, 722, 723, 725, 726, 727, 733, 734, 735, 737, 738, 739, 768]
x_668: [6, 8, 10, 11, 12, 14, 15, 20, 22, 23, 24, 26, 27, 28, 30, 32, 33, 34, 42, 44, 46, 47, 48, 49, 51, 52, 57, 59, 60, 61, 63, 64, 65, 67, 69, 70, 71, 87, 89, 90, 95, 97, 98, 99, 101, 102, 103, 105, 106, 111, 113, 114, 115, 117, 118, 119, 121, 122, 127, 129, 130, 131, 133, 134, 238, 362, 364, 365, 370, 372, 373, 374, 376, 377, 378, 380, 381, 386, 388, 389, 390, 392, 393, 394, 396, 397, 402, 404, 405, 406, 408, 409, 426, 428, 429, 434, 436, 437, 438, 440, 441, 442, 444, 445, 450, 452, 453, 454, 456, 457, 458, 460, 461, 466, 468, 469, 470, 472, 473, 490, 492, 493, 498, 500, 501, 502, 504, 505, 506, 508, 509, 514, 516, 517, 518, 520, 521, 522, 524, 525, 530, 532, 533, 534, 536, 537, 609, 611, 613, 614, 615, 616, 618, 619, 624, 626, 627, 628, 630, 631, 632, 634, 636, 637, 638, 646, 648, 650, 651, 652, 653, 655, 656, 660, 661, 663, 664, 665, 666, 667, 669, 671, 673, 674, 675, 692, 694, 695, 700, 702, 703, 704, 706, 707, 708, 710, 711, 716, 718, 719, 720, 722, 723, 724, 726, 727, 732, 734, 735, 736, 738, 739, 769]
x_669: [1, 5, 13, 14, 15, 17, 18, 19, 25, 26, 27, 28, 29, 34, 35, 36, 41, 50, 51, 52, 54, 55, 56, 62, 63, 64, 65, 66, 71, 72, 73, 74, 76, 77, 78, 84, 85, 86, 104, 105, 106, 108, 109, 110, 116, 117, 118, 120, 121, 122, 124, 125, 126, 132, 133, 134, 239, 347, 348, 349, 351, 352, 353, 359, 360, 361, 379, 380, 381, 383, 384, 385, 391, 392, 393, 395, 396, 397, 399, 400, 401, 407, 408, 409, 411, 412, 413, 415, 416, 417, 423, 424, 425, 443, 444, 445, 447, 448, 449, 455, 456, 457, 459, 460, 461, 463, 464, 465, 471, 472, 473, 475, 476, 477, 479, 480, 481, 487, 488, 489, 507, 508, 509, 511, 512, 513, 519, 520, 521, 523, 524, 525, 527, 528, 529, 535, 536, 537, 602, 603, 608, 617, 618, 619, 621, 622, 623, 629, 630, 631, 632, 633, 638, 639, 640, 645, 646, 654, 655, 656, 658, 659, 660, 666, 667, 668, 670, 673, 675, 677, 678, 679, 681, 682, 683, 689, 690, 691, 709, 710, 711, 713, 714, 715, 721, 722, 723, 725, 726, 727, 729, 730, 731, 737, 738, 739, 770]
x_670: [1, 2, 3, 4, 13, 14, 15, 17, 18, 19, 21, 22, 23, 28, 29, 31, 32, 33, 35, 36, 38, 39, 40, 50, 51, 52, 54, 55, 56, 58, 59, 60, 65, 66, 68, 69, 70, 72, 73, 74, 76, 77, 78, 80, 81, 82, 104, 105, 106, 108, 109, 110, 112, 113, 114, 120, 121, 122, 124, 125, 126, 128, 129, 130, 240, 347, 348, 349, 351, 352, 353, 355, 356, 357, 379, 380, 381, 383, 384, 385, 387, 388, 389, 395, 396, 397, 399, 400, 401, 403, 404, 405, 411, 412, 413, 415, 416, 417, 419, 420, 421, 443, 444, 445, 447, 448, 449, 451, 452, 453, 459, 460, 461, 463, 464, 465, 467, 468, 469, 475, 476, 477, 479, 480, 481, 483, 484, 485, 507, 508, 509, 511, 512, 513, 515, 516, 517, 523, 524, 525, 527, 528, 529, 531, 532, 533, 602, 603, 605, 606, 607, 617, 618, 619, 621, 622, 623, 625, 626, 627, 632, 633, 635, 636, 637, 639, 640, 642, 643, 644, 647, 654, 655, 656, 658, 659, 660, 662, 663, 664, 669, 672, 673, 674, 675, 677, 678, 679, 681, 682, 683, 685, 686, 687, 709, 710, 711, 713, 714, 715, 717, 718, 719, 725, 726, 727, 729, 730, 731, 733, 734, 735, 771]
x_671: [2, 4, 16, 17, 19, 20, 21, 23, 24, 25, 27, 30, 31, 33, 37, 38, 40, 53, 54, 56, 57, 58, 60, 61, 62, 64, 67, 68, 70, 75, 76, 78, 79, 80, 82, 83, 84, 86, 107, 108, 110, 111, 112, 114, 115, 116, 118, 123, 124, 126, 127, 128, 130, 131, 132, 134, 241, 350, 351, 353, 354, 355, 357, 358, 359, 361, 382, 383, 385, 386, 387, 389, 390, 391, 393, 398, 399, 401, 402, 403, 405, 406, 407, 409, 414, 415, 417, 418, 419, 421, 422, 423, 425, 446, 447, 449, 450, 451, 453, 454, 455, 457, 462, 463, 465, 466, 467, 469, 470, 471, 473, 478, 479, 481, 482, 483, 485, 486, 487, 489, 510, 511, 513, 514, 515, 517, 518, 519, 521, 526, 527, 529, 530, 531, 533, 534, 535, 537, 604, 605, 607, 620, 621, 623, 624, 625, 627, 628, 629, 631, 634, 635, 637, 641, 642, 644, 648, 657, 658, 660, 661, 662, 664, 665, 666, 668, 672, 673, 674, 680, 681, 683, 684, 685, 687, 688, 689, 691, 712, 713, 715, 716, 717, 719, 720, 721, 723, 728, 729, 731, 732, 733, 735, 736, 737, 739, 772]
x_672: [1, 2, 3, 5, 16, 17, 18, 20, 21, 22, 24, 25, 26, 29, 30, 31, 32, 34, 36, 37, 38, 39, 41, 53, 54, 55, 57, 58, 59, 61, 62, 63, 66, 67, 68, 69, 71, 75, 76, 77, 79, 80, 81, 83, 84, 85, 107, 108, 109, 111, 112, 113, 115, 116, 117, 123, 124, 125, 127, 128, 129, 131, 132, 133, 242, 350, 351, 352, 354, 355, 356, 358, 359, 360, 382, 383, 384, 386, 387, 388, 390, 391, 392, 398, 399, 400, 402, 403, 404, 406, 407, 408, 414, 415, 416, 418, 419, 420, 422, 423, 424, 446, 447, 448, 450, 451, 452, 454, 455, 456, 462, 463, 464, 466, 467, 468, 470, 471, 472, 478, 479, 480, 482, 483, 484, 486, 487, 488, 510, 511, 512, 514, 515, 516, 518, 519, 520, 526, 527, 528, 530, 531, 532, 534, 535, 536, 603, 604, 605, 606, 608, 620, 621, 622, 624, 625, 626, 628, 629, 630, 633, 634, 635, 636, 638, 640, 641, 642, 643, 645, 649, 657, 658, 659, 661, 662, 663, 665, 666, 667, 670, 671, 673, 674, 675, 680, 681, 682, 684, 685, 686, 688, 689, 690, 712, 713, 714, 716, 717, 718, 720, 721, 722, 728, 729, 730, 732, 733, 734, 736, 737, 738, 773]
x_673: [1, 2, 3, 4, 5, 17, 18, 19, 21, 22, 23, 25, 26, 27, 29, 31, 32, 33, 34, 36, 38, 39, 40, 41, 54, 55, 56, 58, 59, 60, 62, 63, 64, 66, 68, 69, 70, 71, 76, 77, 78, 80, 81, 82, 84, 85, 86, 108, 109, 110, 112, 113, 114, 116, 117, 118, 124, 125, 126, 128, 129, 130, 132, 133, 134, 243, 351, 352, 353, 355, 356, 357, 359, 360, 361, 383, 384, 385, 387, 388, 389, 391, 392, 393, 399, 400, 401, 403, 404, 405, 407, 408, 409, 415, 416, 417, 419, 420, 421, 423, 424, 425, 447, 448, 449, 451, 452, 453, 455, 456, 457, 463, 464, 465, 467, 468, 469, 471, 472, 473, 479, 480, 481, 483, 484, 485, 487, 488, 489, 511, 512, 513, 515, 516, 517, 519, 520, 521, 527, 528, 529, 531, 532, 533, 535, 536, 537, 603, 605, 606, 607, 608, 621, 622, 623, 625, 626, 627, 629, 630, 631, 633, 635, 636, 637, 638, 640, 642, 643, 644, 645, 650, 658, 659, 660, 662, 663, 664, 666, 667, 668, 669, 670, 671, 672, 674, 675, 681, 682, 683, 685, 686, 687, 689, 690, 691, 713, 714, 715, 717, 718, 719, 721, 722, 723, 729, 730, 731, 733, 734, 735, 737, 738, 739, 774]
x_674: [1, 3, 4, 5, 16, 18, 19, 20, 22, 23, 24, 26, 27, 29, 30, 32, 33, 34, 36, 37, 39, 40, 41, 53, 55, 56, 57, 59, 60, 61, 63, 64, 66, 67, 69, 70, 71, 75, 77, 78, 79, 81, 82, 83, 85, 86, 107, 109, 110, 111, 113, 114, 115, 117, 118, 123, 125, 126, 127, 129, 130, 131, 133, 134, 244, 350, 352, 353, 354, 356, 357, 358, 360, 361, 382, 384, 385, 386, 388, 389, 390, 392, 393, 398, 400, 401, 402, 404, 405, 406, 408, 409, 414, 416, 417, 418, 420, 421, 422, 424, 425, 446, 448, 449, 450, 452, 453, 454, 456, 457, 462, 464, 465, 466, 468, 469, 470, 472, 473, 478, 480, 481, 482, 484, 485, 486, 488, 489, 510, 512, 513, 514, 516, 517, 518, 520, 521, 526, 528, 529, 530, 532, 533, 534, 536, 537, 603, 604, 606, 607, 608, 620, 622, 623, 624, 626, 627, 628, 630, 631, 633, 634, 636, 637, 638, 640, 641, 643, 644, 645, 651, 657, 659, 660, 661, 663, 664, 665, 667, 668, 670, 671, 672, 673, 675, 680, 682, 683, 684, 686, 687, 688, 690, 691, 712, 714, 715, 716, 718, 719, 720, 722, 723, 728, 730, 731, 732, 734, 735, 736, 738, 739, 775]
x_675: [2, 3, 4, 5, 13, 14, 15, 21, 22, 23, 25, 26, 27, 28, 31, 32, 33, 34, 35, 38, 39, 40, 41, 50, 51, 52, 58, 59, 60, 62, 63, 64, 65, 68, 69, 70, 71, 72, 73, 74, 80, 81, 82, 84, 85, 86, 104, 105, 106, 112, 113, 114, 116, 117, 118, 120, 121, 122, 128, 129, 130, 132, 133, 134, 245, 347, 348, 349, 355, 356, 357, 359, 360, 361, 379, 380, 381, 387, 388, 389, 391, 392, 393, 395, 396, 397, 403, 404, 405, 407, 408, 409, 411, 412, 413, 419, 420, 421, 423, 424, 425, 443, 444, 445, 451, 452, 453, 455, 456, 457, 459, 460, 461, 467, 468, 469, 471, 472, 473, 475, 476, 477, 483, 484, 485, 487, 488, 489, 507, 508, 509, 515, 516, 517, 519, 520, 521, 523, 524, 525, 531, 532, 533, 535, 536, 537, 602, 605, 606, 607, 608, 617, 618, 619, 625, 626, 627, 629, 630, 631, 632, 635, 636, 637, 638, 639, 642, 643, 644, 645, 652, 654, 655, 656, 662, 663, 664, 666, 667, 668, 669, 670, 672, 673, 674, 677, 678, 679, 685, 686, 687, 689, 690, 691, 709, 710, 711, 717, 718, 719, 721, 722, 723, 725, 726, 727, 733, 734, 735, 737, 738, 739, 776]
x_676: [72, 74, 75, 76, 78, 83, 84, 86, 87, 88, 90, 91, 92, 94, 99, 100, 102, 119, 120, 122, 123, 124, 126, 131, 132, 134, 246, 410, 411, 413, 414, 415, 417, 422, 423, 425, 426, 427, 429, 430, 431, 433, 438, 439, 441, 458, 459, 461, 462, 463, 465, 470, 471, 473, 474, 475, 477, 478, 479, 481, 486, 487, 489, 490, 491, 493, 494, 495, 497, 502, 503, 505, 522, 523, 525, 526, 527, 529, 534, 535, 537, 538, 539, 541, 542, 543, 545, 550, 551, 553, 554, 555, 557, 558, 559, 561, 566, 567, 569, 586, 587, 589, 590, 591, 593, 598, 599, 601, 677, 678, 679, 680, 681, 683, 684, 688, 689, 691, 692, 693, 695, 696, 697, 699, 704, 705, 707, 708, 724, 725, 727, 728, 729, 731, 736, 737, 739]
x_677: [35, 36, 41, 42, 43, 48, 65, 66, 71, 72, 73, 75, 76, 77, 83, 84, 85, 87, 88, 89, 91, 92, 93, 99, 100, 101, 119, 120, 121, 123, 124, 125, 131, 132, 133, 135, 136, 141, 142, 143, 148, 165, 166, 171, 247, 410, 411, 412, 414, 415, 416, 422, 423, 424, 426, 427, 428, 430, 431, 432, 438, 439, 440, 458, 459, 460, 462, 463, 464, 470, 471, 472, 474, 475, 476, 478, 479, 480, 486, 487, 488, 490, 491, 492, 494, 495, 496, 502, 503, 504, 522, 523, 524, 526, 527, 528, 534, 535, 536, 538, 539, 540, 542, 543, 544, 550, 551, 552, 554, 555, 556, 558, 559, 560, 566, 567, 568, 586, 587, 588, 590, 591, 592, 598, 599, 600, 639, 640, 645, 646, 647, 652, 669, 670, 675, 676, 678, 679, 680, 681, 682, 685, 688, 689, 690, 692, 693, 694, 696, 697, 698, 704, 705, 706, 709, 724, 725, 726, 728, 729, 730, 736, 737, 738, 740, 741, 746, 747, 748, 753, 770, 771, 776]
x_678: [35, 36, 41, 42, 43, 48, 65, 66, 71, 72, 73, 74, 76, 77, 78, 84, 85, 86, 88, 89, 90, 92, 93, 94, 100, 101, 102, 120, 121, 122, 124, 125, 126, 132, 133, 134, 135, 136, 141, 142, 143, 148, 165, 166, 171, 248, 411, 412, 413, 415, 416, 417, 423, 424, 425, 427, 428, 429, 431, 432, 433, 439, 440, 441, 459, 460, 461, 463, 464, 465, 471, 472, 473, 475, 476, 477, 479, 480, 481, 487, 488, 489, 491, 492, 493, 495, 496, 497, 503, 504, 505, 523, 524, 525, 527, 528, 529, 535, 536, 537, 539, 540, 541, 543, 544, 545, 551, 552, 553, 555, 556, 557, 559, 560, 561, 567, 568, 569, 587, 588, 589, 591, 592, 593, 599, 600, 601, 602, 639, 640, 645, 646, 647, 652, 669, 670, 675, 676, 677, 679, 681, 682, 683, 686, 689, 690, 691, 693, 694, 695, 697, 698, 699, 705, 706, 707, 710, 725, 726, 727, 729, 730, 731, 737, 738, 739, 740, 741, 746, 747, 748, 753, 770, 771, 776]
x_679: [35, 36, 41, 42, 43, 48, 65, 66, 71, 73, 74, 75, 77, 78, 83, 85, 86, 87, 89, 90, 91, 93, 94, 99, 101, 102, 119, 121, 122, 123, 125, 126, 131, 133, 134, 135, 136, 141, 142, 143, 148, 165, 166, 171, 249, 410, 412, 413, 414, 416, 417, 422, 424, 425, 426, 428, 429, 430, 432, 433, 438, 440, 441, 458, 460, 461, 462, 464, 465, 470, 472, 473, 474, 476, 477, 478, 480, 481, 486, 488, 489, 490, 492, 493, 494, 496, 497, 502, 504, 505, 522, 524, 525, 526, 528, 529, 534, 536, 537, 538, 540, 541, 542, 544, 545, 550, 552, 553, 554, 556, 557, 558, 560, 561, 566, 568, 569, 586, 588, 589, 590, 592, 593, 598, 600, 601, 639, 640, 645, 646, 647, 652, 669, 670, 675, 676, 677, 678, 680, 682, 683, 687, 688, 690, 691, 692, 694, 695, 696, 698, 699, 704, 706, 707, 711, 724, 726, 727, 728, 730, 731, 736, 738, 739, 740, 741, 746, 747, 748, 753, 770, 771, 776]
x_680: [37, 38, 40, 44, 45, 47, 67, 68, 70, 72, 74, 75, 76, 78, 79, 80, 82, 87, 88, 90, 91, 92, 94, 95, 96, 98, 119, 120, 122, 123, 124, 126, 127, 128, 130, 137, 138, 140, 144, 145, 147, 167, 168, 170, 250, 410, 411, 413, 414, 415, 417, 418, 419, 421, 426, 427, 429, 430, 431, 433, 434, 435, 437, 458, 459, 461, 462, 463, 465, 466, 467, 469, 474, 475, 477, 478, 479, 481, 482, 483, 485, 490, 491, 493, 494, 495, 497, 498, 499, 501, 522, 523, 525, 526, 527, 529, 530, 531, 533, 538, 539, 541, 542, 543, 545, 546, 547, 549, 554, 555, 557, 558, 559, 561, 562, 563, 565, 586, 587, 589, 590, 591, 593, 594, 595, 597, 641, 642, 644, 648, 649, 651, 671, 672, 674, 676, 677, 679, 681, 682, 683, 684, 685, 687, 688, 692, 693, 695, 696, 697, 699, 700, 701, 703, 712, 724, 725, 727, 728, 729, 731, 732, 733, 735, 742, 743, 745, 749, 750, 752, 772, 773, 775]
x_681: [35, 36, 37, 38, 39, 42, 43, 44, 45, 46, 65, 66, 67, 68, 69, 72, 73, 75, 76, 77, 79, 80, 81, 87, 88, 89, 91, 92, 93, 95, 96, 97, 119, 120, 121, 123, 124, 125, 127, 128, 129, 135, 136, 137, 138, 139, 142, 143, 144, 145, 146, 165, 166, 167, 168, 169, 251, 410, 411, 412, 414, 415, 416, 418, 419, 420, 426, 427, 428, 430, 431, 432, 434, 435, 436, 458, 459, 460, 462, 463, 464, 466, 467, 468, 474, 475, 476, 478, 479, 480, 482, 483, 484, 490, 491, 492, 494, 495, 496, 498, 499, 500, 522, 523, 524, 526, 527, 528, 530, 531, 532, 538, 539, 540, 542, 543, 544, 546, 547, 548, 554, 555, 556, 558, 559, 560, 562, 563, 564, 586, 587, 588, 590, 591, 592, 594, 595, 596, 639, 640, 641, 642, 643, 646, 647, 648, 649, 650, 669, 670, 671, 672, 673, 676, 677, 678, 680, 682, 683, 684, 685, 686, 689, 692, 693, 694, 696, 697, 698, 700, 701, 702, 713, 724, 725, 726, 728, 729, 730, 732, 733, 734, 740, 741, 742, 743, 744, 747, 748, 749, 750, 751, 770, 771, 772, 773, 774]
x_682: [35, 36, 38, 39, 40, 42, 43, 45, 46, 47, 65, 66, 68, 69, 70, 72, 73, 74, 76, 77, 78, 80, 81, 82, 88, 89, 90, 92, 93, 94, 96, 97, 98, 120, 121, 122, 124, 125, 126, 128, 129, 130, 135, 136, 138, 139, 140, 142, 143, 145, 146, 147, 165, 166, 168, 169, 170, 252, 411, 412, 413, 415, 416, 417, 419, 420, 421, 427, 428, 429, 431, 432, 433, 435, 436, 437, 459, 460, 461, 463, 464, 465, 467, 468, 469, 475, 476, 477, 479, 480, 481, 483, 484, 485, 491, 492, 493, 495, 496, 497, 499, 500, 501, 523, 524, 525, 527, 528, 529, 531, 532, 533, 539, 540, 541, 543, 544, 545, 547, 548, 549, 555, 556, 557, 559, 560, 561, 563, 564, 565, 587, 588, 589, 591, 592, 593, 595, 596, 597, 603, 639, 640, 642, 643, 644, 646, 647, 649, 650, 651, 669, 670, 672, 673, 674, 677, 678, 679, 680, 681, 683, 685, 686, 687, 690, 693, 694, 695, 697, 698, 699, 701, 702, 703, 714, 725, 726, 727, 729, 730, 731, 733, 734, 735, 740, 741, 743, 744, 745, 747, 748, 750, 751, 752, 770, 771, 773, 774, 775]
x_683: [35, 36, 37, 39, 40, 42, 43, 44, 46, 47, 65, 66, 67, 69, 70, 73, 74, 75, 77, 78, 79, 81, 82, 87, 89, 90, 91, 93, 94, 95, 97, 98, 119, 121, 122, 123, 125, 126, 127, 129, 130, 135, 136, 137, 139, 140, 142, 143, 144, 146, 147, 165, 166, 167, 169, 170, 253, 410, 412, 413, 414, 416, 417, 418, 420, 421, 426, 428, 429, 430, 432, 433, 434, 436, 437, 458, 460, 461, 462, 464, 465, 466, 468, 469, 474, 476, 477, 478, 480, 481, 482, 484, 485, 490, 492, 493, 494, 496, 497, 498, 500, 501, 522, 524, 525, 526, 528, 529, 530, 532, 533, 538, 540, 541, 542, 544, 545, 546, 548, 549, 554, 556, 557, 558, 560, 561, 562, 564, 565, 586, 588, 589, 590, 592, 593, 594, 596, 597, 639, 640, 641, 643, 644, 646, 647, 648, 650, 651, 669, 670, 671, 673, 674, 676, 678, 679, 680, 681, 682, 684, 686, 687, 691, 692, 694, 695, 696, 698, 699, 700, 702, 703, 715, 724, 726, 727, 728, 730, 731, 732, 734, 735, 740, 741, 742, 744, 745, 747, 748, 749, 751, 752, 770, 771, 772, 774, 775]
x_684: [37, 38, 40, 44, 45, 47, 67, 68, 70, 75, 76, 78, 79, 80, 82, 83, 84, 86, 91, 92, 94, 95, 96, 98, 99, 100, 102, 123, 124, 126, 127, 128, 130, 131, 132, 134, 137, 138, 140, 144, 145, 147, 167, 168, 170, 254, 414, 415, 417, 418, 419, 421, 422, 423, 425, 430, 431, 433, 434, 435, 437, 438, 439, 441, 462, 463, 465, 466, 467, 469, 470, 471, 473, 478, 479, 481, 482, 483, 485, 486, 487, 489, 494, 495, 497, 498, 499, 501, 502, 503, 505, 526, 527, 529, 530, 531, 533, 534, 535, 537, 542, 543, 545, 546, 547, 549, 550, 551, 553, 558, 559, 561, 562, 563, 565, 566, 567, 569, 590, 591, 593, 594, 595, 597, 598, 599, 601, 604, 641, 642, 644, 648, 649, 651, 671, 672, 674, 676, 680, 681, 683, 685, 686, 687, 688, 689, 691, 696, 697, 699, 700, 701, 703, 704, 705, 707, 716, 728, 729, 731, 732, 733, 735, 736, 737, 739, 742, 743, 745, 749, 750, 752, 772, 773, 775]
x_685: [36, 37, 38, 39, 41, 43, 44, 45, 46, 48, 66, 67, 68, 69, 71, 75, 76, 77, 79, 80, 81, 83, 84, 85, 91, 92, 93, 95, 96, 97, 99, 100, 101, 123, 124, 125, 127, 128, 129, 131, 132, 133, 136, 137, 138, 139, 141, 143, 144, 145, 146, 148, 166, 167, 168, 169, 171, 255, 414, 415, 416, 418, 419, 420, 422, 423, 424, 430, 431, 432, 434, 435, 436, 438, 439, 440, 462, 463, 464, 466, 467, 468, 470, 471, 472, 478, 479, 480, 482, 483, 484, 486, 487, 488, 494, 495, 496, 498, 499, 500, 502, 503, 504, 526, 527, 528, 530, 531, 532, 534, 535, 536, 542, 543, 544, 546, 547, 548, 550, 551, 552, 558, 559, 560, 562, 563, 564, 566, 567, 568, 590, 591, 592, 594, 595, 596, 598, 599, 600, 605, 640, 641, 642, 643, 645, 647, 648, 649, 650, 652, 670, 671, 672, 673, 675, 677, 680, 681, 682, 684, 686, 687, 688, 689, 690, 696, 697, 698, 700, 701, 702, 704, 705, 706, 717, 728, 729, 730, 732, 733, 734, 736, 737, 738, 741, 742, 743, 744, 746, 748, 749, 750, 751, 753, 771, 772, 773, 774, 776]
x_686: [36, 38, 39, 40, 41, 43, 45, 46, 47, 48, 66, 68, 69, 70, 71, 76, 77, 78, 80, 81, 82, 84, 85, 86, 92, 93, 94, 96, 97, 98, 100, 101, 102, 124, 125, 126, 128, 129, 130, 132, 133, 134, 136, 138, 139, 140, 141, 143, 145, 146, 147, 148, 166, 168, 169, 170, 171, 256, 415, 416, 417, 419, 420, 421, 423, 424, 425, 431, 432, 433, 435, 436, 437, 439, 440, 441, 463, 464, 465, 467, 468, 469, 471, 472, 473, 479, 480, 481, 483, 484, 485, 487, 488, 489, 495, 496, 497, 499, 500, 501, 503, 504, 505, 527, 528, 529, 531, 532, 533, 535, 536, 537, 543, 544, 545, 547, 548, 549, 551, 552, 553, 559, 560, 561, 563, 564, 565, 567, 568, 569, 591, 592, 593, 595, 596, 597, 599, 600, 601, 606, 640, 642, 643, 644, 645, 647, 649, 650, 651, 652, 670, 672, 673, 674, 675, 678, 681, 682, 683, 684, 685, 687, 689, 690, 691, 697, 698, 699, 701, 702, 703, 705, 706, 707, 718, 729, 730, 731, 733, 734, 735, 737, 738, 739, 741, 743, 744, 745, 746, 748, 750, 751, 752, 753, 771, 773, 774, 775, 776]
x_687: [36, 37, 39, 40, 41, 43, 44, 46, 47, 48, 66, 67, 69, 70, 71, 75, 77, 78, 79, 81, 82, 83, 85, 86, 91, 93, 94, 95, 97, 98, 99, 101, 102, 123, 125, 126, 127, 129, 130, 131, 133, 134, 136, 137, 139, 140, 141, 143, 144, 146, 147, 148, 166, 167, 169, 170, 171, 257, 414, 416, 417, 418, 420, 421, 422, 424, 425, 430, 432, 433, 434, 436, 437, 438, 440, 441, 462, 464, 465, 466, 468, 469, 470, 472, 473, 478, 480, 481, 482, 484, 485, 486, 488, 489, 494, 496, 497, 498, 500, 501, 502, 504, 505, 526, 528, 529, 530, 532, 533, 534, 536, 537, 542, 544, 545, 546, 548, 549, 550, 552, 553, 558, 560, 561, 562, 564, 565, 566, 568, 569, 590, 592, 593, 594, 596, 597, 598, 600, 601, 607, 640, 641, 643, 644, 645, 647, 648, 650, 651, 652, 670, 671, 673, 674, 675, 679, 680, 682, 683, 684, 685, 686, 688, 690, 691, 696, 698, 699, 700, 702, 703, 704, 706, 707, 719, 728, 730, 731, 732, 734, 735, 736, 738, 739, 741, 742, 744, 745, 746, 748, 749, 751, 752, 753, 771, 772, 774, 775, 776]
x_688: [37, 38, 40, 44, 45, 47, 67, 68, 70, 72, 74, 79, 80, 82, 83, 84, 86, 87, 88, 90, 95, 96, 98, 99, 100, 102, 119, 120, 122, 127, 128, 130, 131, 132, 134, 137, 138, 140, 144, 145, 147, 167, 168, 170, 258, 410, 411, 413, 418, 419, 421, 422, 423, 425, 426, 427, 429, 434, 435, 437, 438, 439, 441, 458, 459, 461, 466, 467, 469, 470, 471, 473, 474, 475, 477, 482, 483, 485, 486, 487, 489, 490, 491, 493, 498, 499, 501, 502, 503, 505, 522, 523, 525, 530, 531, 533, 534, 535, 537, 538, 539, 541, 546, 547, 549, 550, 551, 553, 554, 555, 557, 562, 563, 565, 566, 567, 569, 586, 587, 589, 594, 595, 597, 598, 599, 601, 641, 642, 644, 648, 649, 651, 671, 672, 674, 676, 677, 679, 680, 684, 685, 687, 689, 690, 691, 692, 693, 695, 700, 701, 703, 704, 705, 707, 720, 724, 725, 727, 732, 733, 735, 736, 737, 739, 742, 743, 745, 749, 750, 752, 772, 773, 775]
x_689: [35, 37, 38, 39, 41, 42, 44, 45, 46, 48, 65, 67, 68, 69, 71, 72, 73, 79, 80, 81, 83, 84, 85, 87, 88, 89, 95, 96, 97, 99, 100, 101, 119, 120, 121, 127, 128, 129, 131, 132, 133, 135, 137, 138, 139, 141, 142, 144, 145, 146, 148, 165, 167, 168, 169, 171, 259, 410, 411, 412, 418, 419, 420, 422, 423, 424, 426, 427, 428, 434, 435, 436, 438, 439, 440, 458, 459, 460, 466, 467, 468, 470, 471, 472, 474, 475, 476, 482, 483, 484, 486, 487, 488, 490, 491, 492, 498, 499, 500, 502, 503, 504, 522, 523, 524, 530, 531, 532, 534, 535, 536, 538, 539, 540, 546, 547, 548, 550, 551, 552, 554, 555, 556, 562, 563, 564, 566, 567, 568, 586, 587, 588, 594, 595, 596, 598, 599, 600, 639, 641, 642, 643, 645, 646, 648, 649, 650, 652, 669, 671, 672, 673, 675, 676, 677, 678, 681, 684, 685, 686, 688, 690, 691, 692, 693, 694, 700, 701, 702, 704, 705, 706, 721, 724, 725, 726, 732, 733, 734, 736, 737, 738, 740, 742, 743, 744, 746, 747, 749, 750, 751, 753, 770, 772, 773, 774, 776]
x_690: [35, 38, 39, 40, 41, 42, 45, 46, 47, 48, 65, 68, 69, 70, 71, 72, 73, 74, 80, 81, 82, 84, 85, 86, 88, 89, 90, 96, 97, 98, 100, 101, 102, 120, 121, 122, 128, 129, 130, 132, 133, 134, 135, 138, 139, 140, 141, 142, 145, 146, 147, 148, 165, 168, 169, 170, 171, 260, 411, 412, 413, 419, 420, 421, 423, 424, 425, 427, 428, 429, 435, 436, 437, 439, 440, 441, 459, 460, 461, 467, 468, 469, 471, 472, 473, 475, 476, 477, 483, 484, 485, 487, 488, 489, 491, 492, 493, 499, 500, 501, 503, 504, 505, 523, 524, 525, 531, 532, 533, 535, 536, 537, 539, 540, 541, 547, 548, 549, 551, 552, 553, 555, 556, 557, 563, 564, 565, 567, 568, 569, 587, 588, 589, 595, 596, 597, 599, 600, 601, 608, 639, 642, 643, 644, 645, 646, 649, 650, 651, 652, 669, 672, 673, 674, 675, 677, 678, 679, 682, 685, 686, 687, 688, 689, 691, 693, 694, 695, 701, 702, 703, 705, 706, 707, 722, 725, 726, 727, 733, 734, 735, 737, 738, 739, 740, 743, 744, 745, 746, 747, 750, 751, 752, 753, 770, 773, 774, 775, 776]
x_691: [35, 37, 39, 40, 41, 42, 44, 46, 47, 48, 65, 67, 69, 70, 71, 73, 74, 79, 81, 82, 83, 85, 86, 87, 89, 90, 95, 97, 98, 99, 101, 102, 119, 121, 122, 127, 129, 130, 131, 133, 134, 135, 137, 139, 140, 141, 142, 144, 146, 147, 148, 165, 167, 169, 170, 171, 261, 410, 412, 413, 418, 420, 421, 422, 424, 425, 426, 428, 429, 434, 436, 437, 438, 440, 441, 458, 460, 461, 466, 468, 469, 470, 472, 473, 474, 476, 477, 482, 484, 485, 486, 488, 489, 490, 492, 493, 498, 500, 501, 502, 504, 505, 522, 524, 525, 530, 532, 533, 534, 536, 537, 538, 540, 541, 546, 548, 549, 550, 552, 553, 554, 556, 557, 562, 564, 565, 566, 568, 569, 586, 588, 589, 594, 596, 597, 598, 600, 601, 639, 641, 643, 644, 645, 646, 648, 650, 651, 652, 669, 671, 673, 674, 675, 676, 678, 679, 683, 684, 686, 687, 688, 689, 690, 692, 694, 695, 700, 702, 703, 704, 706, 707, 723, 724, 726, 727, 732, 734, 735, 736, 738, 739, 740, 742, 744, 745, 746, 747, 749, 751, 752, 753, 770, 772, 774, 775, 776]
x_692: [49, 50, 52, 53, 54, 56, 61, 62, 64, 72, 74, 75, 76, 78, 83, 84, 86, 87, 88, 90, 91, 92, 94, 99, 100, 102, 103, 104, 106, 107, 108, 110, 115, 116, 118, 149, 150, 152, 153, 154, 156, 161, 162, 164, 262, 410, 411, 413, 414, 415, 417, 422, 423, 425, 426, 427, 429, 430, 431, 433, 438, 439, 441, 442, 443, 445, 446, 447, 449, 454, 455, 457, 474, 475, 477, 478, 479, 481, 486, 487, 489, 490, 491, 493, 494, 495, 497, 502, 503, 505, 506, 507, 509, 510, 511, 513, 518, 519, 521, 538, 539, 541, 542, 543, 545, 550, 551, 553, 554, 555, 557, 558, 559, 561, 566, 567, 569, 570, 571, 573, 574, 575, 577, 582, 583, 585, 653, 654, 656, 657, 658, 660, 665, 666, 668, 676, 677, 679, 680, 681, 683, 688, 689, 691, 693, 694, 695, 696, 697, 699, 700, 704, 705, 707, 708, 709, 711, 712, 713, 715, 720, 721, 723, 724, 754, 755, 757, 758, 759, 761, 766, 767, 769]
x_693: [35, 36, 41, 42, 43, 48, 49, 50, 51, 53, 54, 55, 61, 62, 63, 72, 73, 75, 76, 77, 83, 84, 85, 87, 88, 89, 91, 92, 93, 99, 100, 101, 103, 104, 105, 107, 108, 109, 115, 116, 117, 135, 136, 141, 142, 143, 148, 149, 150, 151, 153, 154, 155, 161, 162, 163, 263, 410, 411, 412, 414, 415, 416, 422, 423, 424, 426, 427, 428, 430, 431, 432, 438, 439, 440, 442, 443, 444, 446, 447, 448, 454, 455, 456, 474, 475, 476, 478, 479, 480, 486, 487, 488, 490, 491, 492, 494, 495, 496, 502, 503, 504, 506, 507, 508, 510, 511, 512, 518, 519, 520, 538, 539, 540, 542, 543, 544, 550, 551, 552, 554, 555, 556, 558, 559, 560, 566, 567, 568, 570, 571, 572, 574, 575, 576, 582, 583, 584, 639, 640, 645, 646, 647, 652, 653, 654, 655, 657, 658, 659, 665, 666, 667, 676, 677, 678, 680, 681, 682, 688, 689, 690, 692, 694, 695, 696, 697, 698, 701, 704, 705, 706, 708, 709, 710, 712, 713, 714, 720, 721, 722, 725, 740, 741, 746, 747, 748, 753, 754, 755, 756, 758, 759, 760, 766, 767, 768]
x_694: [35, 36, 41, 42, 43, 48, 50, 51, 52, 54, 55, 56, 62, 63, 64, 72, 73, 74, 76, 77, 78, 84, 85, 86, 88, 89, 90, 92, 93, 94, 100, 101, 102, 104, 105, 106, 108, 109, 110, 116, 117, 118, 135, 136, 141, 142, 143, 148, 150, 151, 152, 154, 155, 156, 162, 163, 164, 264, 411, 412, 413, 415, 416, 417, 423, 424, 425, 427, 428, 429, 431, 432, 433, 439, 440, 441, 443, 444, 445, 447, 448, 449, 455, 456, 457, 475, 476, 477, 479, 480, 481, 487, 488, 489, 491, 492, 493, 495, 496, 497, 503, 504, 505, 507, 508, 509, 511, 512, 513, 519, 520, 521, 539, 540, 541, 543, 544, 545, 551, 552, 553, 555, 556, 557, 559, 560, 561, 567, 568, 569, 571, 572, 573, 575, 576, 577, 583, 584, 585, 609, 639, 640, 645, 646, 647, 652, 654, 655, 656, 658, 659, 660, 666, 667, 668, 677, 678, 679, 681, 682, 683, 689, 690, 691, 692, 693, 695, 697, 698, 699, 702, 705, 706, 707, 709, 710, 711, 713, 714, 715, 721, 722, 723, 726, 740, 741, 746, 747, 748, 753, 755, 756, 757, 759, 760, 761, 767, 768, 769]
x_695: [35, 36, 41, 42, 43, 48, 49, 51, 52, 53, 55, 56, 61, 63, 64, 73, 74, 75, 77, 78, 83, 85, 86, 87, 89, 90, 91, 93, 94, 99, 101, 102, 103, 105, 106, 107, 109, 110, 115, 117, 118, 135, 136, 141, 142, 143, 148, 149, 151, 152, 153, 155, 156, 161, 163, 164, 265, 410, 412, 413, 414, 416, 417, 422, 424, 425, 426, 428, 429, 430, 432, 433, 438, 440, 441, 442, 444, 445, 446, 448, 449, 454, 456, 457, 474, 476, 477, 478, 480, 481, 486, 488, 489, 490, 492, 493, 494, 496, 497, 502, 504, 505, 506, 508, 509, 510, 512, 513, 518, 520, 521, 538, 540, 541, 542, 544, 545, 550, 552, 553, 554, 556, 557, 558, 560, 561, 566, 568, 569, 570, 572, 573, 574, 576, 577, 582, 584, 585, 639, 640, 645, 646, 647, 652, 653, 655, 656, 657, 659, 660, 665, 667, 668, 676, 678, 679, 680, 682, 683, 688, 690, 691, 692, 693, 694, 696, 698, 699, 703, 704, 706, 707, 708, 710, 711, 712, 714, 715, 720, 722, 723, 727, 740, 741, 746, 747, 748, 753, 754, 756, 757, 758, 760, 761, 766, 768, 769]
x_696: [37, 38, 40, 44, 45, 47, 49, 50, 52, 53, 54, 56, 57, 58, 60, 72, 74, 75, 76, 78, 79, 80, 82, 87, 88, 90, 91, 92, 94, 95, 96, 98, 103, 104, 106, 107, 108, 110, 111, 112, 114, 137, 138, 140, 144, 145, 147, 149, 150, 152, 153, 154, 156, 157, 158, 160, 266, 410, 411, 413, 414, 415, 417, 418, 419, 421, 426, 427, 429, 430, 431, 433, 434, 435, 437, 442, 443, 445, 446, 447, 449, 450, 451, 453, 474, 475, 477, 478, 479, 481, 482, 483, 485, 490, 491, 493, 494, 495, 497, 498, 499, 501, 506, 507, 509, 510, 511, 513, 514, 515, 517, 538, 539, 541, 542, 543, 545, 546, 547, 549, 554, 555, 557, 558, 559, 561, 562, 563, 565, 570, 571, 573, 574, 575, 577, 578, 579, 581, 641, 642, 644, 648, 649, 651, 653, 654, 656, 657, 658, 660, 661, 662, 664, 676, 677, 679, 680, 681, 683, 684, 685, 687, 692, 693, 695, 697, 698, 699, 700, 701, 703, 704, 708, 709, 711, 712, 713, 715, 716, 717, 719, 728, 742, 743, 745, 749, 750, 752, 754, 755, 757, 758, 759, 761, 762, 763, 765]
x_697: [35, 36, 37, 38, 39, 42, 43, 44, 45, 46, 49, 50, 51, 53, 54, 55, 57, 58, 59, 72, 73, 75, 76, 77, 79, 80, 81, 87, 88, 89, 91, 92, 93, 95, 96, 97, 103, 104, 105, 107, 108, 109, 111, 112, 113, 135, 136, 137, 138, 139, 142, 143, 144, 145, 146, 149, 150, 151, 153, 154, 155, 157, 158, 159, 267, 410, 411, 412, 414, 415, 416, 418, 419, 420, 426, 427, 428, 430, 431, 432, 434, 435, 436, 442, 443, 444, 446, 447, 448, 450, 451, 452, 474, 475, 476, 478, 479, 480, 482, 483, 484, 490, 491, 492, 494, 495, 496, 498, 499, 500, 506, 507, 508, 510, 511, 512, 514, 515, 516, 538, 539, 540, 542, 543, 544, 546, 547, 548, 554, 555, 556, 558, 559, 560, 562, 563, 564, 570, 571, 572, 574, 575, 576, 578, 579, 580, 639, 640, 641, 642, 643, 646, 647, 648, 649, 650, 653, 654, 655, 657, 658, 659, 661, 662, 663, 676, 677, 678, 680, 681, 682, 684, 685, 686, 692, 693, 694, 696, 698, 699, 700, 701, 702, 705, 708, 709, 710, 712, 713, 714, 716, 717, 718, 729, 740, 741, 742, 743, 744, 747, 748, 749, 750, 751, 754, 755, 756, 758, 759, 760, 762, 763, 764]
x_698: [35, 36, 38, 39, 40, 42, 43, 45, 46, 47, 50, 51, 52, 54, 55, 56, 58, 59, 60, 72, 73, 74, 76, 77, 78, 80, 81, 82, 88, 89, 90, 92, 93, 94, 96, 97, 98, 104, 105, 106, 108, 109, 110, 112, 113, 114, 135, 136, 138, 139, 140, 142, 143, 145, 146, 147, 150, 151, 152, 154, 155, 156, 158, 159, 160, 268, 411, 412, 413, 415, 416, 417, 419, 420, 421, 427, 428, 429, 431, 432, 433, 435, 436, 437, 443, 444, 445, 447, 448, 449, 451, 452, 453, 475, 476, 477, 479, 480, 481, 483, 484, 485, 491, 492, 493, 495, 496, 497, 499, 500, 501, 507, 508, 509, 511, 512, 513, 515, 516, 517, 539, 540, 541, 543, 544, 545, 547, 548, 549, 555, 556, 557, 559, 560, 561, 563, 564, 565, 571, 572, 573, 575, 576, 577, 579, 580, 581, 610, 639, 640, 642, 643, 644, 646, 647, 649, 650, 651, 654, 655, 656, 658, 659, 660, 662, 663, 664, 677, 678, 679, 681, 682, 683, 685, 686, 687, 693, 694, 695, 696, 697, 699, 701, 702, 703, 706, 709, 710, 711, 713, 714, 715, 717, 718, 719, 730, 740, 741, 743, 744, 745, 747, 748, 750, 751, 752, 755, 756, 757, 759, 760, 761, 763, 764, 765]
x_699: [35, 36, 37, 39, 40, 42, 43, 44, 46, 47, 49, 51, 52, 53, 55, 56, 57, 59, 60, 73, 74, 75, 77, 78, 79, 81, 82, 87, 89, 90, 91, 93, 94, 95, 97, 98, 103, 105, 106, 107, 109, 110, 111, 113, 114, 135, 136, 137, 139, 140, 142, 143, 144, 146, 147, 149, 151, 152, 153, 155, 156, 157, 159, 160, 269, 410, 412, 413, 414, 416, 417, 418, 420, 421, 426, 428, 429, 430, 432, 433, 434, 436, 437, 442, 444, 445, 446, 448, 449, 450, 452, 453, 474, 476, 477, 478, 480, 481, 482, 484, 485, 490, 492, 493, 494, 496, 497, 498, 500, 501, 506, 508, 509, 510, 512, 513, 514, 516, 517, 538, 540, 541, 542, 544, 545, 546, 548, 549, 554, 556, 557, 558, 560, 561, 562, 564, 565, 570, 572, 573, 574, 576, 577, 578, 580, 581, 639, 640, 641, 643, 644, 646, 647, 648, 650, 651, 653, 655, 656, 657, 659, 660, 661, 663, 664, 676, 678, 679, 680, 682, 683, 684, 686, 687, 692, 694, 695, 696, 697, 698, 700, 702, 703, 707, 708, 710, 711, 712, 714, 715, 716, 718, 719, 731, 740, 741, 742, 744, 745, 747, 748, 749, 751, 752, 754, 756, 757, 758, 760, 761, 762, 764, 765]
x_700: [37, 38, 40, 44, 45, 47, 53, 54, 56, 57, 58, 60, 61, 62, 64, 75, 76, 78, 79, 80, 82, 83, 84, 86, 91, 92, 94, 95, 96, 98, 99, 100, 102, 107, 108, 110, 111, 112, 114, 115, 116, 118, 137, 138, 140, 144, 145, 147, 153, 154, 156, 157, 158, 160, 161, 162, 164, 270, 414, 415, 417, 418, 419, 421, 422, 423, 425, 430, 431, 433, 434, 435, 437, 438, 439, 441, 446, 447, 449, 450, 451, 453, 454, 455, 457, 478, 479, 481, 482, 483, 485, 486, 487, 489, 494, 495, 497, 498, 499, 501, 502, 503, 505, 510, 511, 513, 514, 515, 517, 518, 519, 521, 542, 543, 545, 546, 547, 549, 550, 551, 553, 558, 559, 561, 562, 563, 565, 566, 567, 569, 574, 575, 577, 578, 579, 581, 582, 583, 585, 611, 641, 642, 644, 648, 649, 651, 657, 658, 660, 661, 662, 664, 665, 666, 668, 680, 681, 683, 684, 685, 687, 688, 689, 691, 692, 696, 697, 699, 701, 702, 703, 704, 705, 707, 712, 713, 715, 716, 717, 719, 720, 721, 723, 732, 742, 743, 745, 749, 750, 752, 758, 759, 761, 762, 763, 765, 766, 767, 769]
x_701: [36, 37, 38, 39, 41, 43, 44, 45, 46, 48, 53, 54, 55, 57, 58, 59, 61, 62, 63, 75, 76, 77, 79, 80, 81, 83, 84, 85, 91, 92, 93, 95, 96, 97, 99, 100, 101, 107, 108, 109, 111, 112, 113, 115, 116, 117, 136, 137, 138, 139, 141, 143, 144, 145, 146, 148, 153, 154, 155, 157, 158, 159, 161, 162, 163, 271, 414, 415, 416, 418, 419, 420, 422, 423, 424, 430, 431, 432, 434, 435, 436, 438, 439, 440, 446, 447, 448, 450, 451, 452, 454, 455, 456, 478, 479, 480, 482, 483, 484, 486, 487, 488, 494, 495, 496, 498, 499, 500, 502, 503, 504, 510, 511, 512, 514, 515, 516, 518, 519, 520, 542, 543, 544, 546, 547, 548, 550, 551, 552, 558, 559, 560, 562, 563, 564, 566, 567, 568, 574, 575, 576, 578, 579, 580, 582, 583, 584, 612, 640, 641, 642, 643, 645, 647, 648, 649, 650, 652, 657, 658, 659, 661, 662, 663, 665, 666, 667, 680, 681, 682, 684, 685, 686, 688, 689, 690, 693, 696, 697, 698, 700, 702, 703, 704, 705, 706, 712, 713, 714, 716, 717, 718, 720, 721, 722, 733, 741, 742, 743, 744, 746, 748, 749, 750, 751, 753, 758, 759, 760, 762, 763, 764, 766, 767, 768]
x_702: [36, 38, 39, 40, 41, 43, 45, 46, 47, 48, 54, 55, 56, 58, 59, 60, 62, 63, 64, 76, 77, 78, 80, 81, 82, 84, 85, 86, 92, 93, 94, 96, 97, 98, 100, 101, 102, 108, 109, 110, 112, 113, 114, 116, 117, 118, 136, 138, 139, 140, 141, 143, 145, 146, 147, 148, 154, 155, 156, 158, 159, 160, 162, 163, 164, 272, 415, 416, 417, 419, 420, 421, 423, 424, 425, 431, 432, 433, 435, 436, 437, 439, 440, 441, 447, 448, 449, 451, 452, 453, 455, 456, 457, 479, 480, 481, 483, 484, 485, 487, 488, 489, 495, 496, 497, 499, 500, 501, 503, 504, 505, 511, 512, 513, 515, 516, 517, 519, 520, 521, 543, 544, 545, 547, 548, 549, 551, 552, 553, 559, 560, 561, 563, 564, 565, 567, 568, 569, 575, 576, 577, 579, 580, 581, 583, 584, 585, 613, 640, 642, 643, 644, 645, 647, 649, 650, 651, 652, 658, 659, 660, 662, 663, 664, 666, 667, 668, 681, 682, 683, 685, 686, 687, 689, 690, 691, 694, 697, 698, 699, 700, 701, 703, 705, 706, 707, 713, 714, 715, 717, 718, 719, 721, 722, 723, 734, 741, 743, 744, 745, 746, 748, 750, 751, 752, 753, 759, 760, 761, 763, 764, 765, 767, 768, 769]
x_703: [36, 37, 39, 40, 41, 43, 44, 46, 47, 48, 53, 55, 56, 57, 59, 60, 61, 63, 64, 75, 77, 78, 79, 81, 82, 83, 85, 86, 91, 93, 94, 95, 97, 98, 99, 101, 102, 107, 109, 110, 111, 113, 114, 115, 117, 118, 136, 137, 139, 140, 141, 143, 144, 146, 147, 148, 153, 155, 156, 157, 159, 160, 161, 163, 164, 273, 414, 416, 417, 418, 420, 421, 422, 424, 425, 430, 432, 433, 434, 436, 437, 438, 440, 441, 446, 448, 449, 450, 452, 453, 454, 456, 457, 478, 480, 481, 482, 484, 485, 486, 488, 489, 494, 496, 497, 498, 500, 501, 502, 504, 505, 510, 512, 513, 514, 516, 517, 518, 520, 521, 542, 544, 545, 546, 548, 549, 550, 552, 553, 558, 560, 561, 562, 564, 565, 566, 568, 569, 574, 576, 577, 578, 580, 581, 582, 584, 585, 614, 640, 641, 643, 644, 645, 647, 648, 650, 651, 652, 657, 659, 660, 661, 663, 664, 665, 667, 668, 680, 682, 683, 684, 686, 687, 688, 690, 691, 695, 696, 698, 699, 700, 701, 702, 704, 706, 707, 712, 714, 715, 716, 718, 719, 720, 722, 723, 735, 741, 742, 744, 745, 746, 748, 749, 751, 752, 753, 758, 760, 761, 762, 764, 765, 766, 768, 769]
x_704: [37, 38, 40, 44, 45, 47, 49, 50, 52, 57, 58, 60, 61, 62, 64, 72, 74, 79, 80, 82, 83, 84, 86, 87, 88, 90, 95, 96, 98, 99, 100, 102, 103, 104, 106, 111, 112, 114, 115, 116, 118, 137, 138, 140, 144, 145, 147, 149, 150, 152, 157, 158, 160, 161, 162, 164, 274, 410, 411, 413, 418, 419, 421, 422, 423, 425, 426, 427, 429, 434, 435, 437, 438, 439, 441, 442, 443, 445, 450, 451, 453, 454, 455, 457, 474, 475, 477, 482, 483, 485, 486, 487, 489, 490, 491, 493, 498, 499, 501, 502, 503, 505, 506, 507, 509, 514, 515, 517, 518, 519, 521, 538, 539, 541, 546, 547, 549, 550, 551, 553, 554, 555, 557, 562, 563, 565, 566, 567, 569, 570, 571, 573, 578, 579, 581, 582, 583, 585, 641, 642, 644, 648, 649, 651, 653, 654, 656, 661, 662, 664, 665, 666, 668, 676, 677, 679, 684, 685, 687, 688, 689, 691, 692, 693, 695, 696, 700, 701, 703, 705, 706, 707, 708, 709, 711, 716, 717, 719, 720, 721, 723, 736, 742, 743, 745, 749, 750, 752, 754, 755, 757, 762, 763, 765, 766, 767, 769]
x_705: [35, 37, 38, 39, 41, 42, 44, 45, 46, 48, 49, 50, 51, 57, 58, 59, 61, 62, 63, 72, 73, 79, 80, 81, 83, 84, 85, 87, 88, 89, 95, 96, 97, 99, 100, 101, 103, 104, 105, 111, 112, 113, 115, 116, 117, 135, 137, 138, 139, 141, 142, 144, 145, 146, 148, 149, 150, 151, 157, 158, 159, 161, 162, 163, 275, 410, 411, 412, 418, 419, 420, 422, 423, 424, 426, 427, 428, 434, 435, 436, 438, 439, 440, 442, 443, 444, 450, 451, 452, 454, 455, 456, 474, 475, 476, 482, 483, 484, 486, 487, 488, 490, 491, 492, 498, 499, 500, 502, 503, 504, 506, 507, 508, 514, 515, 516, 518, 519, 520, 538, 539, 540, 546, 547, 548, 550, 551, 552, 554, 555, 556, 562, 563, 564, 566, 567, 568, 570, 571, 572, 578, 579, 580, 582, 583, 584, 639, 641, 642, 643, 645, 646, 648, 649, 650, 652, 653, 654, 655, 661, 662, 663, 665, 666, 667, 676, 677, 678, 684, 685, 686, 688, 689, 690, 692, 693, 694, 697, 700, 701, 702, 704, 706, 707, 708, 709, 710, 716, 717, 718, 720, 721, 722, 737, 740, 742, 743, 744, 746, 747, 749, 750, 751, 753, 754, 755, 756, 762, 763, 764, 766, 767, 768]
x_706: [35, 38, 39, 40, 41, 42, 45, 46, 47, 48, 50, 51, 52, 58, 59, 60, 62, 63, 64, 72, 73, 74, 80, 81, 82, 84, 85, 86, 88, 89, 90, 96, 97, 98, 100, 101, 102, 104, 105, 106, 112, 113, 114, 116, 117, 118, 135, 138, 139, 140, 141, 142, 145, 146, 147, 148, 150, 151, 152, 158, 159, 160, 162, 163, 164, 276, 411, 412, 413, 419, 420, 421, 423, 424, 425, 427, 428, 429, 435, 436, 437, 439, 440, 441, 443, 444, 445, 451, 452, 453, 455, 456, 457, 475, 476, 477, 483, 484, 485, 487, 488, 489, 491, 492, 493, 499, 500, 501, 503, 504, 505, 507, 508, 509, 515, 516, 517, 519, 520, 521, 539, 540, 541, 547, 548, 549, 551, 552, 553, 555, 556, 557, 563, 564, 565, 567, 568, 569, 571, 572, 573, 579, 580, 581, 583, 584, 585, 615, 639, 642, 643, 644, 645, 646, 649, 650, 651, 652, 654, 655, 656, 662, 663, 664, 666, 667, 668, 677, 678, 679, 685, 686, 687, 689, 690, 691, 693, 694, 695, 698, 701, 702, 703, 704, 705, 707, 709, 710, 711, 717, 718, 719, 721, 722, 723, 738, 740, 743, 744, 745, 746, 747, 750, 751, 752, 753, 755, 756, 757, 763, 764, 765, 767, 768, 769]
x_707: [35, 37, 39, 40, 41, 42, 44, 46, 47, 48, 49, 51, 52, 57, 59, 60, 61, 63, 64, 73, 74, 79, 81, 82, 83, 85, 86, 87, 89, 90, 95, 97, 98, 99, 101, 102, 103, 105, 106, 111, 113, 114, 115, 117, 118, 135, 137, 139, 140, 141, 142, 144, 146, 147, 148, 149, 151, 152, 157, 159, 160, 161, 163, 164, 277, 410, 412, 413, 418, 420, 421, 422, 424, 425, 426, 428, 429, 434, 436, 437, 438, 440, 441, 442, 444, 445, 450, 452, 453, 454, 456, 457, 474, 476, 477, 482, 484, 485, 486, 488, 489, 490, 492, 493, 498, 500, 501, 502, 504, 505, 506, 508, 509, 514, 516, 517, 518, 520, 521, 538, 540, 541, 546, 548, 549, 550, 552, 553, 554, 556, 557, 562, 564, 565, 566, 568, 569, 570, 572, 573, 578, 580, 581, 582, 584, 585, 639, 641, 643, 644, 645, 646, 648, 650, 651, 652, 653, 655, 656, 661, 663, 664, 665, 667, 668, 676, 678, 679, 684, 686, 687, 688, 690, 691, 692, 694, 695, 699, 700, 702, 703, 704, 705, 706, 708, 710, 711, 716, 718, 719, 720, 722, 723, 739, 740, 742, 744, 745, 746, 747, 749, 751, 752, 753, 754, 756, 757, 762, 764, 765, 766, 768, 769]
x_708: [49, 50, 52, 53, 54, 56, 61, 62, 64, 87, 88, 90, 91, 92, 94, 99, 100, 102, 103, 104, 106, 107, 108, 110, 115, 116, 118, 119, 120, 122, 123, 124, 126, 131, 132, 134, 149, 150, 152, 153, 154, 156, 161, 162, 164, 278, 426, 427, 429, 430, 431, 433, 438, 439, 441, 442, 443, 445, 446, 447, 449, 454, 455, 457, 458, 459, 461, 462, 463, 465, 470, 471, 473, 490, 491, 493, 494, 495, 497, 502, 503, 505, 506, 507, 509, 510, 511, 513, 518, 519, 521, 522, 523, 525, 526, 527, 529, 534, 535, 537, 554, 555, 557, 558, 559, 561, 566, 567, 569, 570, 571, 573, 574, 575, 577, 582, 583, 585, 586, 587, 589, 590, 591, 593, 598, 599, 601, 616, 653, 654, 656, 657, 658, 660, 665, 666, 668, 676, 692, 693, 695, 696, 697, 699, 704, 705, 707, 709, 710, 711, 712, 713, 715, 716, 720, 721, 723, 724, 725, 727, 728, 729, 731, 736, 737, 739, 754, 755, 757, 758, 759, 761, 766, 767, 769]
x_709: [42, 43, 48, 49, 50, 51, 53, 54, 55, 61, 62, 63, 65, 66, 71, 87, 88, 89, 91, 92, 93, 99, 100, 101, 103, 104, 105, 107, 108, 109, 115, 116, 117, 119, 120, 121, 123, 124, 125, 131, 132, 133, 142, 143, 148, 149, 150, 151, 153, 154, 155, 161, 162, 163, 165, 166, 171, 279, 426, 427, 428, 430, 431, 432, 438, 439, 440, 442, 443, 444, 446, 447, 448, 454, 455, 456, 458, 459, 460, 462, 463, 464, 470, 471, 472, 490, 491, 492, 494, 495, 496, 502, 503, 504, 506, 507, 508, 510, 511, 512, 518, 519, 520, 522, 523, 524, 526, 527, 528, 534, 535, 536, 554, 555, 556, 558, 559, 560, 566, 567, 568, 570, 571, 572, 574, 575, 576, 582, 583, 584, 586, 587, 588, 590, 591, 592, 598, 599, 600, 617, 646, 647, 652, 653, 654, 655, 657, 658, 659, 665, 666, 667, 669, 670, 675, 677, 692, 693, 694, 696, 697, 698, 704, 705, 706, 708, 710, 711, 712, 713, 714, 717, 720, 721, 722, 724, 725, 726, 728, 729, 730, 736, 737, 738, 747, 748, 753, 754, 755, 756, 758, 759, 760, 766, 767, 768, 770, 771, 776]
x_710: [42, 43, 48, 50, 51, 52, 54, 55, 56, 62, 63, 64, 65, 66, 71, 88, 89, 90, 92, 93, 94, 100, 101, 102, 104, 105, 106, 108, 109, 110, 116, 117, 118, 120, 121, 122, 124, 125, 126, 132, 133, 134, 142, 143, 148, 150, 151, 152, 154, 155, 156, 162, 163, 164, 165, 166, 171, 280, 427, 428, 429, 431, 432, 433, 439, 440, 441, 443, 444, 445, 447, 448, 449, 455, 456, 457, 459, 460, 461, 463, 464, 465, 471, 472, 473, 491, 492, 493, 495, 496, 497, 503, 504, 505, 507, 508, 509, 511, 512, 513, 519, 520, 521, 523, 524, 525, 527, 528, 529, 535, 536, 537, 555, 556, 557, 559, 560, 561, 567, 568, 569, 571, 572, 573, 575, 576, 577, 583, 584, 585, 587, 588, 589, 591, 592, 593, 599, 600, 601, 618, 646, 647, 652, 654, 655, 656, 658, 659, 660, 666, 667, 668, 669, 670, 675, 678, 693, 694, 695, 697, 698, 699, 705, 706, 707, 708, 709, 711, 713, 714, 715, 718, 721, 722, 723, 725, 726, 727, 729, 730, 731, 737, 738, 739, 747, 748, 753, 755, 756, 757, 759, 760, 761, 767, 768, 769, 770, 771, 776]
x_711: [42, 43, 48, 49, 51, 52, 53, 55, 56, 61, 63, 64, 65, 66, 71, 87, 89, 90, 91, 93, 94, 99, 101, 102, 103, 105, 106, 107, 109, 110, 115, 117, 118, 119, 121, 122, 123, 125, 126, 131, 133, 134, 142, 143, 148, 149, 151, 152, 153, 155, 156, 161, 163, 164, 165, 166, 171, 281, 426, 428, 429, 430, 432, 433, 438, 440, 441, 442, 444, 445, 446, 448, 449, 454, 456, 457, 458, 460, 461, 462, 464, 465, 470, 472, 473, 490, 492, 493, 494, 496, 497, 502, 504, 505, 506, 508, 509, 510, 512, 513, 518, 520, 521, 522, 524, 525, 526, 528, 529, 534, 536, 537, 554, 556, 557, 558, 560, 561, 566, 568, 569, 570, 572, 573, 574, 576, 577, 582, 584, 585, 586, 588, 589, 590, 592, 593, 598, 600, 601, 619, 646, 647, 652, 653, 655, 656, 657, 659, 660, 665, 667, 668, 669, 670, 675, 679, 692, 694, 695, 696, 698, 699, 704, 706, 707, 708, 709, 710, 712, 714, 715, 719, 720, 722, 723, 724, 726, 727, 728, 730, 731, 736, 738, 739, 747, 748, 753, 754, 756, 757, 758, 760, 761, 766, 768, 769, 770, 771, 776]
x_712: [44, 45, 47, 49, 50, 52, 53, 54, 56, 57, 58, 60, 67, 68, 70, 87, 88, 90, 91, 92, 94, 95, 96, 98, 103, 104, 106, 107, 108, 110, 111, 112, 114, 119, 120, 122, 123, 124, 126, 127, 128, 130, 144, 145, 147, 149, 150, 152, 153, 154, 156, 157, 158, 160, 167, 168, 170, 282, 426, 427, 429, 430, 431, 433, 434, 435, 437, 442, 443, 445, 446, 447, 449, 450, 451, 453, 458, 459, 461, 462, 463, 465, 466, 467, 469, 490, 491, 493, 494, 495, 497, 498, 499, 501, 506, 507, 509, 510, 511, 513, 514, 515, 517, 522, 523, 525, 526, 527, 529, 530, 531, 533, 554, 555, 557, 558, 559, 561, 562, 563, 565, 570, 571, 573, 574, 575, 577, 578, 579, 581, 586, 587, 589, 590, 591, 593, 594, 595, 597, 620, 648, 649, 651, 653, 654, 656, 657, 658, 660, 661, 662, 664, 671, 672, 674, 680, 692, 693, 695, 696, 697, 699, 700, 701, 703, 708, 709, 711, 713, 714, 715, 716, 717, 719, 720, 724, 725, 727, 728, 729, 731, 732, 733, 735, 749, 750, 752, 754, 755, 757, 758, 759, 761, 762, 763, 765, 772, 773, 775]
x_713: [42, 43, 44, 45, 46, 49, 50, 51, 53, 54, 55, 57, 58, 59, 65, 66, 67, 68, 69, 87, 88, 89, 91, 92, 93, 95, 96, 97, 103, 104, 105, 107, 108, 109, 111, 112, 113, 119, 120, 121, 123, 124, 125, 127, 128, 129, 142, 143, 144, 145, 146, 149, 150, 151, 153, 154, 155, 157, 158, 159, 165, 166, 167, 168, 169, 283, 426, 427, 428, 430, 431, 432, 434, 435, 436, 442, 443, 444, 446, 447, 448, 450, 451, 452, 458, 459, 460, 462, 463, 464, 466, 467, 468, 490, 491, 492, 494, 495, 496, 498, 499, 500, 506, 507, 508, 510, 511, 512, 514, 515, 516, 522, 523, 524, 526, 527, 528, 530, 531, 532, 554, 555, 556, 558, 559, 560, 562, 563, 564, 570, 571, 572, 574, 575, 576, 578, 579, 580, 586, 587, 588, 590, 591, 592, 594, 595, 596, 621, 646, 647, 648, 649, 650, 653, 654, 655, 657, 658, 659, 661, 662, 663, 669, 670, 671, 672, 673, 681, 692, 693, 694, 696, 697, 698, 700, 701, 702, 708, 709, 710, 712, 714, 715, 716, 717, 718, 721, 724, 725, 726, 728, 729, 730, 732, 733, 734, 747, 748, 749, 750, 751, 754, 755, 756, 758, 759, 760, 762, 763, 764, 770, 771, 772, 773, 774]
x_714: [42, 43, 45, 46, 47, 50, 51, 52, 54, 55, 56, 58, 59, 60, 65, 66, 68, 69, 70, 88, 89, 90, 92, 93, 94, 96, 97, 98, 104, 105, 106, 108, 109, 110, 112, 113, 114, 120, 121, 122, 124, 125, 126, 128, 129, 130, 142, 143, 145, 146, 147, 150, 151, 152, 154, 155, 156, 158, 159, 160, 165, 166, 168, 169, 170, 284, 427, 428, 429, 431, 432, 433, 435, 436, 437, 443, 444, 445, 447, 448, 449, 451, 452, 453, 459, 460, 461, 463, 464, 465, 467, 468, 469, 491, 492, 493, 495, 496, 497, 499, 500, 501, 507, 508, 509, 511, 512, 513, 515, 516, 517, 523, 524, 525, 527, 528, 529, 531, 532, 533, 555, 556, 557, 559, 560, 561, 563, 564, 565, 571, 572, 573, 575, 576, 577, 579, 580, 581, 587, 588, 589, 591, 592, 593, 595, 596, 597, 622, 646, 647, 649, 650, 651, 654, 655, 656, 658, 659, 660, 662, 663, 664, 669, 670, 672, 673, 674, 682, 693, 694, 695, 697, 698, 699, 701, 702, 703, 709, 710, 711, 712, 713, 715, 717, 718, 719, 722, 725, 726, 727, 729, 730, 731, 733, 734, 735, 747, 748, 750, 751, 752, 755, 756, 757, 759, 760, 761, 763, 764, 765, 770, 771, 773, 774, 775]
x_715: [42, 43, 44, 46, 47, 49, 51, 52, 53, 55, 56, 57, 59, 60, 65, 66, 67, 69, 70, 87, 89, 90, 91, 93, 94, 95, 97, 98, 103, 105, 106, 107, 109, 110, 111, 113, 114, 119, 121, 122, 123, 125, 126, 127, 129, 130, 142, 143, 144, 146, 147, 149, 151, 152, 153, 155, 156, 157, 159, 160, 165, 166, 167, 169, 170, 285, 426, 428, 429, 430, 432, 433, 434, 436, 437, 442, 444, 445, 446, 448, 449, 450, 452, 453, 458, 460, 461, 462, 464, 465, 466, 468, 469, 490, 492, 493, 494, 496, 497, 498, 500, 501, 506, 508, 509, 510, 512, 513, 514, 516, 517, 522, 524, 525, 526, 528, 529, 530, 532, 533, 554, 556, 557, 558, 560, 561, 562, 564, 565, 570, 572, 573, 574, 576, 577, 578, 580, 581, 586, 588, 589, 590, 592, 593, 594, 596, 597, 623, 646, 647, 648, 650, 651, 653, 655, 656, 657, 659, 660, 661, 663, 664, 669, 670, 671, 673, 674, 683, 692, 694, 695, 696, 698, 699, 700, 702, 703, 708, 710, 711, 712, 713, 714, 716, 718, 719, 723, 724, 726, 727, 728, 730, 731, 732, 734, 735, 747, 748, 749, 751, 752, 754, 756, 757, 758, 760, 761, 762, 764, 765, 770, 771, 772, 774, 775]
x_716: [44, 45, 47, 53, 54, 56, 57, 58, 60, 61, 62, 64, 67, 68, 70, 91, 92, 94, 95, 96, 98, 99, 100, 102, 107, 108, 110, 111, 112, 114, 115, 116, 118, 123, 124, 126, 127, 128, 130, 131, 132, 134, 144, 145, 147, 153, 154, 156, 157, 158, 160, 161, 162, 164, 167, 168, 170, 286, 430, 431, 433, 434, 435, 437, 438, 439, 441, 446, 447, 449, 450, 451, 453, 454, 455, 457, 462, 463, 465, 466, 467, 469, 470, 471, 473, 494, 495, 497, 498, 499, 501, 502, 503, 505, 510, 511, 513, 514, 515, 517, 518, 519, 521, 526, 527, 529, 530, 531, 533, 534, 535, 537, 558, 559, 561, 562, 563, 565, 566, 567, 569, 574, 575, 577, 578, 579, 581, 582, 583, 585, 590, 591, 593, 594, 595, 597, 598, 599, 601, 624, 648, 649, 651, 657, 658, 660, 661, 662, 664, 665, 666, 668, 671, 672, 674, 684, 696, 697, 699, 700, 701, 703, 704, 705, 707, 708, 712, 713, 715, 717, 718, 719, 720, 721, 723, 728, 729, 731, 732, 733, 735, 736, 737, 739, 749, 750, 752, 758, 759, 761, 762, 763, 765, 766, 767, 769, 772, 773, 775]
x_717: [43, 44, 45, 46, 48, 53, 54, 55, 57, 58, 59, 61, 62, 63, 66, 67, 68, 69, 71, 91, 92, 93, 95, 96, 97, 99, 100, 101, 107, 108, 109, 111, 112, 113, 115, 116, 117, 123, 124, 125, 127, 128, 129, 131, 132, 133, 143, 144, 145, 146, 148, 153, 154, 155, 157, 158, 159, 161, 162, 163, 166, 167, 168, 169, 171, 287, 430, 431, 432, 434, 435, 436, 438, 439, 440, 446, 447, 448, 450, 451, 452, 454, 455, 456, 462, 463, 464, 466, 467, 468, 470, 471, 472, 494, 495, 496, 498, 499, 500, 502, 503, 504, 510, 511, 512, 514, 515, 516, 518, 519, 520, 526, 527, 528, 530, 531, 532, 534, 535, 536, 558, 559, 560, 562, 563, 564, 566, 567, 568, 574, 575, 576, 578, 579, 580, 582, 583, 584, 590, 591, 592, 594, 595, 596, 598, 599, 600, 625, 647, 648, 649, 650, 652, 657, 658, 659, 661, 662, 663, 665, 666, 667, 670, 671, 672, 673, 675, 685, 696, 697, 698, 700, 701, 702, 704, 705, 706, 709, 712, 713, 714, 716, 718, 719, 720, 721, 722, 728, 729, 730, 732, 733, 734, 736, 737, 738, 748, 749, 750, 751, 753, 758, 759, 760, 762, 763, 764, 766, 767, 768, 771, 772, 773, 774, 776]
x_718: [43, 45, 46, 47, 48, 54, 55, 56, 58, 59, 60, 62, 63, 64, 66, 68, 69, 70, 71, 92, 93, 94, 96, 97, 98, 100, 101, 102, 108, 109, 110, 112, 113, 114, 116, 117, 118, 124, 125, 126, 128, 129, 130, 132, 133, 134, 143, 145, 146, 147, 148, 154, 155, 156, 158, 159, 160, 162, 163, 164, 166, 168, 169, 170, 171, 288, 431, 432, 433, 435, 436, 437, 439, 440, 441, 447, 448, 449, 451, 452, 453, 455, 456, 457, 463, 464, 465, 467, 468, 469, 471, 472, 473, 495, 496, 497, 499, 500, 501, 503, 504, 505, 511, 512, 513, 515, 516, 517, 519, 520, 521, 527, 528, 529, 531, 532, 533, 535, 536, 537, 559, 560, 561, 563, 564, 565, 567, 568, 569, 575, 576, 577, 579, 580, 581, 583, 584, 585, 591, 592, 593, 595, 596, 597, 599, 600, 601, 626, 647, 649, 650, 651, 652, 658, 659, 660, 662, 663, 664, 666, 667, 668, 670, 672, 673, 674, 675, 686, 697, 698, 699, 701, 702, 703, 705, 706, 707, 710, 713, 714, 715, 716, 717, 719, 721, 722, 723, 729, 730, 731, 733, 734, 735, 737, 738, 739, 748, 750, 751, 752, 753, 759, 760, 761, 763, 764, 765, 767, 768, 769, 771, 773, 774, 775, 776]
x_719: [43, 44, 46, 47, 48, 53, 55, 56, 57, 59, 60, 61, 63, 64, 66, 67, 69, 70, 71, 91, 93, 94, 95, 97, 98, 99, 101, 102, 107, 109, 110, 111, 113, 114, 115, 117, 118, 123, 125, 126, 127, 129, 130, 131, 133, 134, 143, 144, 146, 147, 148, 153, 155, 156, 157, 159, 160, 161, 163, 164, 166, 167, 169, 170, 171, 289, 430, 432, 433, 434, 436, 437, 438, 440, 441, 446, 448, 449, 450, 452, 453, 454, 456, 457, 462, 464, 465, 466, 468, 469, 470, 472, 473, 494, 496, 497, 498, 500, 501, 502, 504, 505, 510, 512, 513, 514, 516, 517, 518, 520, 521, 526, 528, 529, 530, 532, 533, 534, 536, 537, 558, 560, 561, 562, 564, 565, 566, 568, 569, 574, 576, 577, 578, 580, 581, 582, 584, 585, 590, 592, 593, 594, 596, 597, 598, 600, 601, 627, 647, 648, 650, 651, 652, 657, 659, 660, 661, 663, 664, 665, 667, 668, 670, 671, 673, 674, 675, 687, 696, 698, 699, 700, 702, 703, 704, 706, 707, 711, 712, 714, 715, 716, 717, 718, 720, 722, 723, 728, 730, 731, 732, 734, 735, 736, 738, 739, 748, 749, 751, 752, 753, 758, 760, 761, 762, 764, 765, 766, 768, 769, 771, 772, 774, 775, 776]
x_720: [44, 45, 47, 49, 50, 52, 57, 58, 60, 61, 62, 64, 67, 68, 70, 87, 88, 90, 95, 96, 98, 99, 100, 102, 103, 104, 106, 111, 112, 114, 115, 116, 118, 119, 120, 122, 127, 128, 130, 131, 132, 134, 144, 145, 147, 149, 150, 152, 157, 158, 160, 161, 162, 164, 167, 168, 170, 290, 426, 427, 429, 434, 435, 437, 438, 439, 441, 442, 443, 445, 450, 451, 453, 454, 455, 457, 458, 459, 461, 466, 467, 469, 470, 471, 473, 490, 491, 493, 498, 499, 501, 502, 503, 505, 506, 507, 509, 514, 515, 517, 518, 519, 521, 522, 523, 525, 530, 531, 533, 534, 535, 537, 554, 555, 557, 562, 563, 565, 566, 567, 569, 570, 571, 573, 578, 579, 581, 582, 583, 585, 586, 587, 589, 594, 595, 597, 598, 599, 601, 628, 648, 649, 651, 653, 654, 656, 661, 662, 664, 665, 666, 668, 671, 672, 674, 688, 692, 693, 695, 700, 701, 703, 704, 705, 707, 708, 709, 711, 712, 716, 717, 719, 721, 722, 723, 724, 725, 727, 732, 733, 735, 736, 737, 739, 749, 750, 752, 754, 755, 757, 762, 763, 765, 766, 767, 769, 772, 773, 775]
x_721: [42, 44, 45, 46, 48, 49, 50, 51, 57, 58, 59, 61, 62, 63, 65, 67, 68, 69, 71, 87, 88, 89, 95, 96, 97, 99, 100, 101, 103, 104, 105, 111, 112, 113, 115, 116, 117, 119, 120, 121, 127, 128, 129, 131, 132, 133, 142, 144, 145, 146, 148, 149, 150, 151, 157, 158, 159, 161, 162, 163, 165, 167, 168, 169, 171, 291, 426, 427, 428, 434, 435, 436, 438, 439, 440, 442, 443, 444, 450, 451, 452, 454, 455, 456, 458, 459, 460, 466, 467, 468, 470, 471, 472, 490, 491, 492, 498, 499, 500, 502, 503, 504, 506, 507, 508, 514, 515, 516, 518, 519, 520, 522, 523, 524, 530, 531, 532, 534, 535, 536, 554, 555, 556, 562, 563, 564, 566, 567, 568, 570, 571, 572, 578, 579, 580, 582, 583, 584, 586, 587, 588, 594, 595, 596, 598, 599, 600, 629, 646, 648, 649, 650, 652, 653, 654, 655, 661, 662, 663, 665, 666, 667, 669, 671, 672, 673, 675, 689, 692, 693, 694, 700, 701, 702, 704, 705, 706, 708, 709, 710, 713, 716, 717, 718, 720, 722, 723, 724, 725, 726, 732, 733, 734, 736, 737, 738, 747, 749, 750, 751, 753, 754, 755, 756, 762, 763, 764, 766, 767, 768, 770, 772, 773, 774, 776]
x_722: [42, 45, 46, 47, 48, 50, 51, 52, 58, 59, 60, 62, 63, 64, 65, 68, 69, 70, 71, 88, 89, 90, 96, 97, 98, 100, 101, 102, 104, 105, 106, 112, 113, 114, 116, 117, 118, 120, 121, 122, 128, 129, 130, 132, 133, 134, 142, 145, 146, 147, 148, 150, 151, 152, 158, 159, 160, 162, 163, 164, 165, 168, 169, 170, 171, 292, 427, 428, 429, 435, 436, 437, 439, 440, 441, 443, 444, 445, 451, 452, 453, 455, 456, 457, 459, 460, 461, 467, 468, 469, 471, 472, 473, 491, 492, 493, 499, 500, 501, 503, 504, 505, 507, 508, 509, 515, 516, 517, 519, 520, 521, 523, 524, 525, 531, 532, 533, 535, 536, 537, 555, 556, 557, 563, 564, 565, 567, 568, 569, 571, 572, 573, 579, 580, 581, 583, 584, 585, 587, 588, 589, 595, 596, 597, 599, 600, 601, 630, 646, 649, 650, 651, 652, 654, 655, 656, 662, 663, 664, 666, 667, 668, 669, 672, 673, 674, 675, 690, 693, 694, 695, 701, 702, 703, 705, 706, 707, 709, 710, 711, 714, 717, 718, 719, 720, 721, 723, 725, 726, 727, 733, 734, 735, 737, 738, 739, 747, 750, 751, 752, 753, 755, 756, 757, 763, 764, 765, 767, 768, 769, 770, 773, 774, 775, 776]
x_723: [42, 44, 46, 47, 48, 49, 51, 52, 57, 59, 60, 61, 63, 64, 65, 67, 69, 70, 71, 87, 89, 90, 95, 97, 98, 99, 101, 102, 103, 105, 106, 111, 113, 114, 115, 117, 118, 119, 121, 122, 127, 129, 130, 131, 133, 134, 142, 144, 146, 147, 148, 149, 151, 152, 157, 159, 160, 161, 163, 164, 165, 167, 169, 170, 171, 293, 426, 428, 429, 434, 436, 437, 438, 440, 441, 442, 444, 445, 450, 452, 453, 454, 456, 457, 458, 460, 461, 466, 468, 469, 470, 472, 473, 490, 492, 493, 498, 500, 501, 502, 504, 505, 506, 508, 509, 514, 516, 517, 518, 520, 521, 522, 524, 525, 530, 532, 533, 534, 536, 537, 554, 556, 557, 562, 564, 565, 566, 568, 569, 570, 572, 573, 578, 580, 581, 582, 584, 585, 586, 588, 589, 594, 596, 597, 598, 600, 601, 631, 646, 648, 650, 651, 652, 653, 655, 656, 661, 663, 664, 665, 667, 668, 669, 671, 673, 674, 675, 691, 692, 694, 695, 700, 702, 703, 704, 706, 707, 708, 710, 711, 715, 716, 718, 719, 720, 721, 722, 724, 726, 727, 732, 734, 735, 736, 738, 739, 747, 749, 751, 752, 753, 754, 756, 757, 762, 764, 765, 766, 768, 769, 770, 772, 774, 775, 776]
x_724: [49, 50, 52, 53, 54, 56, 61, 62, 64, 72, 74, 75, 76, 78, 83, 84, 86, 103, 104, 106, 107, 108, 110, 115, 116, 118, 119, 120, 122, 123, 124, 126, 131, 132, 134, 149, 150, 152, 153, 154, 156, 161, 162, 164, 294, 410, 411, 413, 414, 415, 417, 422, 423, 425, 442, 443, 445, 446, 447, 449, 454, 455, 457, 458, 459, 461, 462, 463, 465, 470, 471, 473, 474, 475, 477, 478, 479, 481, 486, 487, 489, 506, 507, 509, 510, 511, 513, 518, 519, 521, 522, 523, 525, 526, 527, 529, 534, 535, 537, 538, 539, 541, 542, 543, 545, 550, 551, 553, 570, 571, 573, 574, 575, 577, 582, 583, 585, 586, 587, 589, 590, 591, 593, 598, 599, 601, 653, 654, 656, 657, 658, 660, 665, 666, 668, 676, 677, 679, 680, 681, 683, 688, 689, 691, 692, 708, 709, 711, 712, 713, 715, 720, 721, 723, 725, 726, 727, 728, 729, 731, 732, 736, 737, 739, 754, 755, 757, 758, 759, 761, 766, 767, 769]
x_725: [35, 36, 41, 49, 50, 51, 53, 54, 55, 61, 62, 63, 65, 66, 71, 72, 73, 75, 76, 77, 83, 84, 85, 103, 104, 105, 107, 108, 109, 115, 116, 117, 119, 120, 121, 123, 124, 125, 131, 132, 133, 135, 136, 141, 149, 150, 151, 153, 154, 155, 161, 162, 163, 165, 166, 171, 295, 410, 411, 412, 414, 415, 416, 422, 423, 424, 442, 443, 444, 446, 447, 448, 454, 455, 456, 458, 459, 460, 462, 463, 464, 470, 471, 472, 474, 475, 476, 478, 479, 480, 486, 487, 488, 506, 507, 508, 510, 511, 512, 518, 519, 520, 522, 523, 524, 526, 527, 528, 534, 535, 536, 538, 539, 540, 542, 543, 544, 550, 551, 552, 570, 571, 572, 574, 575, 576, 582, 583, 584, 586, 587, 588, 590, 591, 592, 598, 599, 600, 639, 640, 645, 653, 654, 655, 657, 658, 659, 665, 666, 667, 669, 670, 675, 676, 677, 678, 680, 681, 682, 688, 689, 690, 693, 708, 709, 710, 712, 713, 714, 720, 721, 722, 724, 726, 727, 728, 729, 730, 733, 736, 737, 738, 740, 741, 746, 754, 755, 756, 758, 759, 760, 766, 767, 768, 770, 771, 776]
x_726: [35, 36, 41, 50, 51, 52, 54, 55, 56, 62, 63, 64, 65, 66, 71, 72, 73, 74, 76, 77, 78, 84, 85, 86, 104, 105, 106, 108, 109, 110, 116, 117, 118, 120, 121, 122, 124, 125, 126, 132, 133, 134, 135, 136, 141, 150, 151, 152, 154, 155, 156, 162, 163, 164, 165, 166, 171, 296, 411, 412, 413, 415, 416, 417, 423, 424, 425, 443, 444, 445, 447, 448, 449, 455, 456, 457, 459, 460, 461, 463, 464, 465, 471, 472, 473, 475, 476, 477, 479, 480, 481, 487, 488, 489, 507, 508, 509, 511, 512, 513, 519, 520, 521, 523, 524, 525, 527, 528, 529, 535, 536, 537, 539, 540, 541, 543, 544, 545, 551, 552, 553, 571, 572, 573, 575, 576, 577, 583, 584, 585, 587, 588, 589, 591, 592, 593, 599, 600, 601, 632, 639, 640, 645, 654, 655, 656, 658, 659, 660, 666, 667, 668, 669, 670, 675, 677, 678, 679, 681, 682, 683, 689, 690, 691, 694, 709, 710, 711, 713, 714, 715, 721, 722, 723, 724, 725, 727, 729, 730, 731, 734, 737, 738, 739, 740, 741, 746, 755, 756, 757, 759, 760, 761, 767, 768, 769, 770, 771, 776]
x_727: [35, 36, 41, 49, 51, 52, 53, 55, 56, 61, 63, 64, 65, 66, 71, 73, 74, 75, 77, 78, 83, 85, 86, 103, 105, 106, 107, 109, 110, 115, 117, 118, 119, 121, 122, 123, 125, 126, 131, 133, 134, 135, 136, 141, 149, 151, 152, 153, 155, 156, 161, 163, 164, 165, 166, 171, 297, 410, 412, 413, 414, 416, 417, 422, 424, 425, 442, 444, 445, 446, 448, 449, 454, 456, 457, 458, 460, 461, 462, 464, 465, 470, 472, 473, 474, 476, 477, 478, 480, 481, 486, 488, 489, 506, 508, 509, 510, 512, 513, 518, 520, 521, 522, 524, 525, 526, 528, 529, 534, 536, 537, 538, 540, 541, 542, 544, 545, 550, 552, 553, 570, 572, 573, 574, 576, 577, 582, 584, 585, 586, 588, 589, 590, 592, 593, 598, 600, 601, 639, 640, 645, 653, 655, 656, 657, 659, 660, 665, 667, 668, 669, 670, 675, 676, 678, 679, 680, 682, 683, 688, 690, 691, 695, 708, 710, 711, 712, 714, 715, 720, 722, 723, 724, 725, 726, 728, 730, 731, 735, 736, 738, 739, 740, 741, 746, 754, 756, 757, 758, 760, 761, 766, 768, 769, 770, 771, 776]
x_728: [37, 38, 40, 49, 50, 52, 53, 54, 56, 57, 58, 60, 67, 68, 70, 72, 74, 75, 76, 78, 79, 80, 82, 103, 104, 106, 107, 108, 110, 111, 112, 114, 119, 120, 122, 123, 124, 126, 127, 128, 130, 137, 138, 140, 149, 150, 152, 153, 154, 156, 157, 158, 160, 167, 168, 170, 298, 410, 411, 413, 414, 415, 417, 418, 419, 421, 442, 443, 445, 446, 447, 449, 450, 451, 453, 458, 459, 461, 462, 463, 465, 466, 467, 469, 474, 475, 477, 478, 479, 481, 482, 483, 485, 506, 507, 509, 510, 511, 513, 514, 515, 517, 522, 523, 525, 526, 527, 529, 530, 531, 533, 538, 539, 541, 542, 543, 545, 546, 547, 549, 570, 571, 573, 574, 575, 577, 578, 579, 581, 586, 587, 589, 590, 591, 593, 594, 595, 597, 641, 642, 644, 653, 654, 656, 657, 658, 660, 661, 662, 664, 671, 672, 674, 676, 677, 679, 680, 681, 683, 684, 685, 687, 696, 708, 709, 711, 712, 713, 715, 716, 717, 719, 724, 725, 727, 729, 730, 731, 732, 733, 735, 736, 742, 743, 745, 754, 755, 757, 758, 759, 761, 762, 763, 765, 772, 773, 775]
x_729: [35, 36, 37, 38, 39, 49, 50, 51, 53, 54, 55, 57, 58, 59, 65, 66, 67, 68, 69, 72, 73, 75, 76, 77, 79, 80, 81, 103, 104, 105, 107, 108, 109, 111, 112, 113, 119, 120, 121, 123, 124, 125, 127, 128, 129, 135, 136, 137, 138, 139, 149, 150, 151, 153, 154, 155, 157, 158, 159, 165, 166, 167, 168, 169, 299, 410, 411, 412, 414, 415, 416, 418, 419, 420, 442, 443, 444, 446, 447, 448, 450, 451, 452, 458, 459, 460, 462, 463, 464, 466, 467, 468, 474, 475, 476, 478, 479, 480, 482, 483, 484, 506, 507, 508, 510, 511, 512, 514, 515, 516, 522, 523, 524, 526, 527, 528, 530, 531, 532, 538, 539, 540, 542, 543, 544, 546, 547, 548, 570, 571, 572, 574, 575, 576, 578, 579, 580, 586, 587, 588, 590, 591, 592, 594, 595, 596, 639, 640, 641, 642, 643, 653, 654, 655, 657, 658, 659, 661, 662, 663, 669, 670, 671, 672, 673, 676, 677, 678, 680, 681, 682, 684, 685, 686, 697, 708, 709, 710, 712, 713, 714, 716, 717, 718, 724, 725, 726, 728, 730, 731, 732, 733, 734, 737, 740, 741, 742, 743, 744, 754, 755, 756, 758, 759, 760, 762, 763, 764, 770, 771, 772, 773, 774]
x_730: [35, 36, 38, 39, 40, 50, 51, 52, 54, 55, 56, 58, 59, 60, 65, 66, 68, 69, 70, 72, 73, 74, 76, 77, 78, 80, 81, 82, 104, 105, 106, 108, 109, 110, 112, 113, 114, 120, 121, 122, 124, 125, 126, 128, 129, 130, 135, 136, 138, 139, 140, 150, 151, 152, 154, 155, 156, 158, 159, 160, 165, 166, 168, 169, 170, 300, 411, 412, 413, 415, 416, 417, 419, 420, 421, 443, 444, 445, 447, 448, 449, 451, 452, 453, 459, 460, 461, 463, 464, 465, 467, 468, 469, 475, 476, 477, 479, 480, 481, 483, 484, 485, 507, 508, 509, 511, 512, 513, 515, 516, 517, 523, 524, 525, 527, 528, 529, 531, 532, 533, 539, 540, 541, 543, 544, 545, 547, 548, 549, 571, 572, 573, 575, 576, 577, 579, 580, 581, 587, 588, 589, 591, 592, 593, 595, 596, 597, 633, 639, 640, 642, 643, 644, 654, 655, 656, 658, 659, 660, 662, 663, 664, 669, 670, 672, 673, 674, 677, 678, 679, 681, 682, 683, 685, 686, 687, 698, 709, 710, 711, 713, 714, 715, 717, 718, 719, 725, 726, 727, 728, 729, 731, 733, 734, 735, 738, 740, 741, 743, 744, 745, 755, 756, 757, 759, 760, 761, 763, 764, 765, 770, 771, 773, 774, 775]
x_731: [35, 36, 37, 39, 40, 49, 51, 52, 53, 55, 56, 57, 59, 60, 65, 66, 67, 69, 70, 73, 74, 75, 77, 78, 79, 81, 82, 103, 105, 106, 107, 109, 110, 111, 113, 114, 119, 121, 122, 123, 125, 126, 127, 129, 130, 135, 136, 137, 139, 140, 149, 151, 152, 153, 155, 156, 157, 159, 160, 165, 166, 167, 169, 170, 301, 410, 412, 413, 414, 416, 417, 418, 420, 421, 442, 444, 445, 446, 448, 449, 450, 452, 453, 458, 460, 461, 462, 464, 465, 466, 468, 469, 474, 476, 477, 478, 480, 481, 482, 484, 485, 506, 508, 509, 510, 512, 513, 514, 516, 517, 522, 524, 525, 526, 528, 529, 530, 532, 533, 538, 540, 541, 542, 544, 545, 546, 548, 549, 570, 572, 573, 574, 576, 577, 578, 580, 581, 586, 588, 589, 590, 592, 593, 594, 596, 597, 639, 640, 641, 643, 644, 653, 655, 656, 657, 659, 660, 661, 663, 664, 669, 670, 671, 673, 674, 676, 678, 679, 680, 682, 683, 684, 686, 687, 699, 708, 710, 711, 712, 714, 715, 716, 718, 719, 724, 726, 727, 728, 729, 730, 732, 734, 735, 739, 740, 741, 742, 744, 745, 754, 756, 757, 758, 760, 761, 762, 764, 765, 770, 771, 772, 774, 775]
x_732: [37, 38, 40, 53, 54, 56, 57, 58, 60, 61, 62, 64, 67, 68, 70, 75, 76, 78, 79, 80, 82, 83, 84, 86, 107, 108, 110, 111, 112, 114, 115, 116, 118, 123, 124, 126, 127, 128, 130, 131, 132, 134, 137, 138, 140, 153, 154, 156, 157, 158, 160, 161, 162, 164, 167, 168, 170, 302, 414, 415, 417, 418, 419, 421, 422, 423, 425, 446, 447, 449, 450, 451, 453, 454, 455, 457, 462, 463, 465, 466, 467, 469, 470, 471, 473, 478, 479, 481, 482, 483, 485, 486, 487, 489, 510, 511, 513, 514, 515, 517, 518, 519, 521, 526, 527, 529, 530, 531, 533, 534, 535, 537, 542, 543, 545, 546, 547, 549, 550, 551, 553, 574, 575, 577, 578, 579, 581, 582, 583, 585, 590, 591, 593, 594, 595, 597, 598, 599, 601, 634, 641, 642, 644, 657, 658, 660, 661, 662, 664, 665, 666, 668, 671, 672, 674, 680, 681, 683, 684, 685, 687, 688, 689, 691, 700, 712, 713, 715, 716, 717, 719, 720, 721, 723, 724, 728, 729, 731, 733, 734, 735, 736, 737, 739, 742, 743, 745, 758, 759, 761, 762, 763, 765, 766, 767, 769, 772, 773, 775]
x_733: [36, 37, 38, 39, 41, 53, 54, 55, 57, 58, 59, 61, 62, 63, 66, 67, 68, 69, 71, 75, 76, 77, 79, 80, 81, 83, 84, 85, 107, 108, 109, 111, 112, 113, 115, 116, 117, 123, 124, 125, 127, 128, 129, 131, 132, 133, 136, 137, 138, 139, 141, 153, 154, 155, 157, 158, 159, 161, 162, 163, 166, 167, 168, 169, 171, 303, 414, 415, 416, 418, 419, 420, 422, 423, 424, 446, 447, 448, 450, 451, 452, 454, 455, 456, 462, 463, 464, 466, 467, 468, 470, 471, 472, 478, 479, 480, 482, 483, 484, 486, 487, 488, 510, 511, 512, 514, 515, 516, 518, 519, 520, 526, 527, 528, 530, 531, 532, 534, 535, 536, 542, 543, 544, 546, 547, 548, 550, 551, 552, 574, 575, 576, 578, 579, 580, 582, 583, 584, 590, 591, 592, 594, 595, 596, 598, 599, 600, 635, 640, 641, 642, 643, 645, 657, 658, 659, 661, 662, 663, 665, 666, 667, 670, 671, 672, 673, 675, 680, 681, 682, 684, 685, 686, 688, 689, 690, 701, 712, 713, 714, 716, 717, 718, 720, 721, 722, 725, 728, 729, 730, 732, 734, 735, 736, 737, 738, 741, 742, 743, 744, 746, 758, 759, 760, 762, 763, 764, 766, 767, 768, 771, 772, 773, 774, 776]
x_734: [36, 38, 39, 40, 41, 54, 55, 56, 58, 59, 60, 62, 63, 64, 66, 68, 69, 70, 71, 76, 77, 78, 80, 81, 82, 84, 85, 86, 108, 109, 110, 112, 113, 114, 116, 117, 118, 124, 125, 126, 128, 129, 130, 132, 133, 134, 136, 138, 139, 140, 141, 154, 155, 156, 158, 159, 160, 162, 163, 164, 166, 168, 169, 170, 171, 304, 415, 416, 417, 419, 420, 421, 423, 424, 425, 447, 448, 449, 451, 452, 453, 455, 456, 457, 463, 464, 465, 467, 468, 469, 471, 472, 473, 479, 480, 481, 483, 484, 485, 487, 488, 489, 511, 512, 513, 515, 516, 517, 519, 520, 521, 527, 528, 529, 531, 532, 533, 535, 536, 537, 543, 544, 545, 547, 548, 549, 551, 552, 553, 575, 576, 577, 579, 580, 581, 583, 584, 585, 591, 592, 593, 595, 596, 597, 599, 600, 601, 636, 640, 642, 643, 644, 645, 658, 659, 660, 662, 663, 664, 666, 667, 668, 670, 672, 673, 674, 675, 681, 682, 683, 685, 686, 687, 689, 690, 691, 702, 713, 714, 715, 717, 718, 719, 721, 722, 723, 726, 729, 730, 731, 732, 733, 735, 737, 738, 739, 741, 743, 744, 745, 746, 759, 760, 761, 763, 764, 765, 767, 768, 769, 771, 773, 774, 775, 776]
x_735: [36, 37, 39, 40, 41, 53, 55, 56, 57, 59, 60, 61, 63, 64, 66, 67, 69, 70, 71, 75, 77, 78, 79, 81, 82, 83, 85, 86, 107, 109, 110, 111, 113, 114, 115, 117, 118, 123, 125, 126, 127, 129, 130, 131, 133, 134, 136, 137, 139, 140, 141, 153, 155, 156, 157, 159, 160, 161, 163, 164, 166, 167, 169, 170, 171, 305, 414, 416, 417, 418, 420, 421, 422, 424, 425, 446, 448, 449, 450, 452, 453, 454, 456, 457, 462, 464, 465, 466, 468, 469, 470, 472, 473, 478, 480, 481, 482, 484, 485, 486, 488, 489, 510, 512, 513, 514, 516, 517, 518, 520, 521, 526, 528, 529, 530, 532, 533, 534, 536, 537, 542, 544, 545, 546, 548, 549, 550, 552, 553, 574, 576, 577, 578, 580, 581, 582, 584, 585, 590, 592, 593, 594, 596, 597, 598, 600, 601, 637, 640, 641, 643, 644, 645, 657, 659, 660, 661, 663, 664, 665, 667, 668, 670, 671, 673, 674, 675, 680, 682, 683, 684, 686, 687, 688, 690, 691, 703, 712, 714, 715, 716, 718, 719, 720, 722, 723, 727, 728, 730, 731, 732, 733, 734, 736, 738, 739, 741, 742, 744, 745, 746, 758, 760, 761, 762, 764, 765, 766, 768, 769, 771, 772, 774, 775, 776]
x_736: [37, 38, 40, 49, 50, 52, 57, 58, 60, 61, 62, 64, 67, 68, 70, 72, 74, 79, 80, 82, 83, 84, 86, 103, 104, 106, 111, 112, 114, 115, 116, 118, 119, 120, 122, 127, 128, 130, 131, 132, 134, 137, 138, 140, 149, 150, 152, 157, 158, 160, 161, 162, 164, 167, 168, 170, 306, 410, 411, 413, 418, 419, 421, 422, 423, 425, 442, 443, 445, 450, 451, 453, 454, 455, 457, 458, 459, 461, 466, 467, 469, 470, 471, 473, 474, 475, 477, 482, 483, 485, 486, 487, 489, 506, 507, 509, 514, 515, 517, 518, 519, 521, 522, 523, 525, 530, 531, 533, 534, 535, 537, 538, 539, 541, 546, 547, 549, 550, 551, 553, 570, 571, 573, 578, 579, 581, 582, 583, 585, 586, 587, 589, 594, 595, 597, 598, 599, 601, 641, 642, 644, 653, 654, 656, 661, 662, 664, 665, 666, 668, 671, 672, 674, 676, 677, 679, 684, 685, 687, 688, 689, 691, 704, 708, 709, 711, 716, 717, 719, 720, 721, 723, 724, 725, 727, 728, 732, 733, 735, 737, 738, 739, 742, 743, 745, 754, 755, 757, 762, 763, 765, 766, 767, 769, 772, 773, 775]
x_737: [35, 37, 38, 39, 41, 49, 50, 51, 57, 58, 59, 61, 62, 63, 65, 67, 68, 69, 71, 72, 73, 79, 80, 81, 83, 84, 85, 103, 104, 105, 111, 112, 113, 115, 116, 117, 119, 120, 121, 127, 128, 129, 131, 132, 133, 135, 137, 138, 139, 141, 149, 150, 151, 157, 158, 159, 161, 162, 163, 165, 167, 168, 169, 171, 307, 410, 411, 412, 418, 419, 420, 422, 423, 424, 442, 443, 444, 450, 451, 452, 454, 455, 456, 458, 459, 460, 466, 467, 468, 470, 471, 472, 474, 475, 476, 482, 483, 484, 486, 487, 488, 506, 507, 508, 514, 515, 516, 518, 519, 520, 522, 523, 524, 530, 531, 532, 534, 535, 536, 538, 539, 540, 546, 547, 548, 550, 551, 552, 570, 571, 572, 578, 579, 580, 582, 583, 584, 586, 587, 588, 594, 595, 596, 598, 599, 600, 639, 641, 642, 643, 645, 653, 654, 655, 661, 662, 663, 665, 666, 667, 669, 671, 672, 673, 675, 676, 677, 678, 684, 685, 686, 688, 689, 690, 705, 708, 709, 710, 716, 717, 718, 720, 721, 722, 724, 725, 726, 729, 732, 733, 734, 736, 738, 739, 740, 742, 743, 744, 746, 754, 755, 756, 762, 763, 764, 766, 767, 768, 770, 772, 773, 774, 776]
x_738: [35, 38, 39, 40, 41, 50, 51, 52, 58, 59, 60, 62, 63, 64, 65, 68, 69, 70, 71, 72, 73, 74, 80, 81, 82, 84, 85, 86, 104, 105, 106, 112, 113, 114, 116, 117, 118, 120, 121, 122, 128, 129, 130, 132, 133, 134, 135, 138, 139, 140, 141, 150, 151, 152, 158, 159, 160, 162, 163, 164, 165, 168, 169, 170, 171, 308, 411, 412, 413, 419, 420, 421, 423, 424, 425, 443, 444, 445, 451, 452, 453, 455, 456, 457, 459, 460, 461, 467, 468, 469, 471, 472, 473, 475, 476, 477, 483, 484, 485, 487, 488, 489, 507, 508, 509, 515, 516, 517, 519, 520, 521, 523, 524, 525, 531, 532, 533, 535, 536, 537, 539, 540, 541, 547, 548, 549, 551, 552, 553, 571, 572, 573, 579, 580, 581, 583, 584, 585, 587, 588, 589, 595, 596, 597, 599, 600, 601, 638, 639, 642, 643, 644, 645, 654, 655, 656, 662, 663, 664, 666, 667, 668, 669, 672, 673, 674, 675, 677, 678, 679, 685, 686, 687, 689, 690, 691, 706, 709, 710, 711, 717, 718, 719, 721, 722, 723, 725, 726, 727, 730, 733, 734, 735, 736, 737, 739, 740, 743, 744, 745, 746, 755, 756, 757, 763, 764, 765, 767, 768, 769, 770, 773, 774, 775, 776]
x_739: [35, 37, 39, 40, 41, 49, 51, 52, 57, 59, 60, 61, 63, 64, 65, 67, 69, 70, 71, 73, 74, 79, 81, 82, 83, 85, 86, 103, 105, 106, 111, 113, 114, 115, 117, 118, 119, 121, 122, 127, 129, 130, 131, 133, 134, 135, 137, 139, 140, 141, 149, 151, 152, 157, 159, 160, 161, 163, 164, 165, 167, 169, 170, 171, 309, 410, 412, 413, 418, 420, 421, 422, 424, 425, 442, 444, 445, 450, 452, 453, 454, 456, 457, 458, 460, 461, 466, 468, 469, 470, 472, 473, 474, 476, 477, 482, 484, 485, 486, 488, 489, 506, 508, 509, 514, 516, 517, 518, 520, 521, 522, 524, 525, 530, 532, 533, 534, 536, 537, 538, 540, 541, 546, 548, 549, 550, 552, 553, 570, 572, 573, 578, 580, 581, 582, 584, 585, 586, 588, 589, 594, 596, 597, 598, 600, 601, 639, 641, 643, 644, 645, 653, 655, 656, 661, 663, 664, 665, 667, 668, 669, 671, 673, 674, 675, 676, 678, 679, 684, 686, 687, 688, 690, 691, 707, 708, 710, 711, 716, 718, 719, 720, 722, 723, 724, 726, 727, 731, 732, 734, 735, 736, 737, 738, 740, 742, 744, 745, 746, 754, 756, 757, 762, 764, 765, 766, 768, 769, 770, 772, 774, 775, 776]
x_740: [1, 5, 6, 7, 12, 28, 29, 34, 72, 73, 74, 76, 77, 78, 84, 85, 86, 88, 89, 90, 92, 93, 94, 100, 101, 102, 120, 121, 122, 124, 125, 126, 132, 133, 134, 135, 136, 141, 142, 143, 148, 165, 166, 171, 310, 347, 348, 349, 351, 352, 353, 359, 360, 361, 363, 364, 365, 367, 368, 369, 375, 376, 377, 395, 396, 397, 399, 400, 401, 407, 408, 409, 475, 476, 477, 479, 480, 481, 487, 488, 489, 491, 492, 493, 495, 496, 497, 503, 504, 505, 523, 524, 525, 527, 528, 529, 535, 536, 537, 539, 540, 541, 543, 544, 545, 551, 552, 553, 555, 556, 557, 559, 560, 561, 567, 568, 569, 587, 588, 589, 591, 592, 593, 599, 600, 601, 602, 603, 608, 609, 610, 615, 632, 633, 638, 639, 677, 678, 679, 681, 682, 683, 689, 690, 691, 693, 694, 695, 697, 698, 699, 705, 706, 707, 725, 726, 727, 729, 730, 731, 737, 738, 739, 741, 744, 746, 747, 748, 753, 756, 770, 771, 776]
x_741: [1, 2, 3, 4, 6, 7, 9, 10, 11, 28, 29, 31, 32, 33, 72, 73, 74, 76, 77, 78, 80, 81, 82, 88, 89, 90, 92, 93, 94, 96, 97, 98, 120, 121, 122, 124, 125, 126, 128, 129, 130, 135, 136, 138, 139, 140, 142, 143, 145, 146, 147, 165, 166, 168, 169, 170, 311, 347, 348, 349, 351, 352, 353, 355, 356, 357, 363, 364, 365, 367, 368, 369, 371, 372, 373, 395, 396, 397, 399, 400, 401, 403, 404, 405, 475, 476, 477, 479, 480, 481, 483, 484, 485, 491, 492, 493, 495, 496, 497, 499, 500, 501, 523, 524, 525, 527, 528, 529, 531, 532, 533, 539, 540, 541, 543, 544, 545, 547, 548, 549, 555, 556, 557, 559, 560, 561, 563, 564, 565, 587, 588, 589, 591, 592, 593, 595, 596, 597, 602, 603, 605, 606, 607, 609, 610, 612, 613, 614, 632, 633, 635, 636, 637, 640, 677, 678, 679, 681, 682, 683, 685, 686, 687, 693, 694, 695, 697, 698, 699, 701, 702, 703, 725, 726, 727, 729, 730, 731, 733, 734, 735, 740, 743, 744, 745, 746, 747, 748, 750, 751, 752, 760, 770, 771, 773, 774, 775]
x_742: [2, 4, 8, 9, 11, 30, 31, 33, 75, 76, 78, 79, 80, 82, 83, 84, 86, 91, 92, 94, 95, 96, 98, 99, 100, 102, 123, 124, 126, 127, 128, 130, 131, 132, 134, 137, 138, 140, 144, 145, 147, 167, 168, 170, 312, 350, 351, 353, 354, 355, 357, 358, 359, 361, 366, 367, 369, 370, 371, 373, 374, 375, 377, 398, 399, 401, 402, 403, 405, 406, 407, 409, 478, 479, 481, 482, 483, 485, 486, 487, 489, 494, 495, 497, 498, 499, 501, 502, 503, 505, 526, 527, 529, 530, 531, 533, 534, 535, 537, 542, 543, 545, 546, 547, 549, 550, 551, 553, 558, 559, 561, 562, 563, 565, 566, 567, 569, 590, 591, 593, 594, 595, 597, 598, 599, 601, 604, 605, 607, 611, 612, 614, 634, 635, 637, 641, 680, 681, 683, 684, 685, 687, 688, 689, 691, 696, 697, 699, 700, 701, 703, 704, 705, 707, 728, 729, 731, 732, 733, 735, 736, 737, 739, 743, 744, 745, 749, 750, 752, 762, 772, 773, 775]
x_743: [1, 2, 3, 5, 7, 8, 9, 10, 12, 29, 30, 31, 32, 34, 75, 76, 77, 79, 80, 81, 83, 84, 85, 91, 92, 93, 95, 96, 97, 99, 100, 101, 123, 124, 125, 127, 128, 129, 131, 132, 133, 136, 137, 138, 139, 141, 143, 144, 145, 146, 148, 166, 167, 168, 169, 171, 313, 350, 351, 352, 354, 355, 356, 358, 359, 360, 366, 367, 368, 370, 371, 372, 374, 375, 376, 398, 399, 400, 402, 403, 404, 406, 407, 408, 478, 479, 480, 482, 483, 484, 486, 487, 488, 494, 495, 496, 498, 499, 500, 502, 503, 504, 526, 527, 528, 530, 531, 532, 534, 535, 536, 542, 543, 544, 546, 547, 548, 550, 551, 552, 558, 559, 560, 562, 563, 564, 566, 567, 568, 590, 591, 592, 594, 595, 596, 598, 599, 600, 603, 604, 605, 606, 608, 610, 611, 612, 613, 615, 633, 634, 635, 636, 638, 642, 680, 681, 682, 684, 685, 686, 688, 689, 690, 696, 697, 698, 700, 701, 702, 704, 705, 706, 728, 729, 730, 732, 733, 734, 736, 737, 738, 741, 742, 744, 745, 746, 748, 749, 750, 751, 753, 763, 771, 772, 773, 774, 776]
x_744: [1, 2, 3, 4, 5, 7, 9, 10, 11, 12, 29, 31, 32, 33, 34, 76, 77, 78, 80, 81, 82, 84, 85, 86, 92, 93, 94, 96, 97, 98, 100, 101, 102, 124, 125, 126, 128, 129, 130, 132, 133, 134, 136, 138, 139, 140, 141, 143, 145, 146, 147, 148, 166, 168, 169, 170, 171, 314, 351, 352, 353, 355, 356, 357, 359, 360, 361, 367, 368, 369, 371, 372, 373, 375, 376, 377, 399, 400, 401, 403, 404, 405, 407, 408, 409, 479, 480, 481, 483, 484, 485, 487, 488, 489, 495, 496, 497, 499, 500, 501, 503, 504, 505, 527, 528, 529, 531, 532, 533, 535, 536, 537, 543, 544, 545, 547, 548, 549, 551, 552, 553, 559, 560, 561, 563, 564, 565, 567, 568, 569, 591, 592, 593, 595, 596, 597, 599, 600, 601, 603, 605, 606, 607, 608, 610, 612, 613, 614, 615, 633, 635, 636, 637, 638, 643, 681, 682, 683, 685, 686, 687, 689, 690, 691, 697, 698, 699, 701, 702, 703, 705, 706, 707, 729, 730, 731, 733, 734, 735, 737, 738, 739, 740, 741, 742, 743, 745, 746, 748, 750, 751, 752, 753, 764, 771, 773, 774, 775, 776]
x_745: [1, 3, 4, 5, 7, 8, 10, 11, 12, 29, 30, 32, 33, 34, 75, 77, 78, 79, 81, 82, 83, 85, 86, 91, 93, 94, 95, 97, 98, 99, 101, 102, 123, 125, 126, 127, 129, 130, 131, 133, 134, 136, 137, 139, 140, 141, 143, 144, 146, 147, 148, 166, 167, 169, 170, 171, 315, 350, 352, 353, 354, 356, 357, 358, 360, 361, 366, 368, 369, 370, 372, 373, 374, 376, 377, 398, 400, 401, 402, 404, 405, 406, 408, 409, 478, 480, 481, 482, 484, 485, 486, 488, 489, 494, 496, 497, 498, 500, 501, 502, 504, 505, 526, 528, 529, 530, 532, 533, 534, 536, 537, 542, 544, 545, 546, 548, 549, 550, 552, 553, 558, 560, 561, 562, 564, 565, 566, 568, 569, 590, 592, 593, 594, 596, 597, 598, 600, 601, 603, 604, 606, 607, 608, 610, 611, 613, 614, 615, 633, 634, 636, 637, 638, 644, 680, 682, 683, 684, 686, 687, 688, 690, 691, 696, 698, 699, 700, 702, 703, 704, 706, 707, 728, 730, 731, 732, 734, 735, 736, 738, 739, 741, 742, 743, 744, 746, 748, 749, 751, 752, 753, 765, 771, 772, 774, 775, 776]
x_746: [2, 3, 4, 5, 6, 9, 10, 11, 12, 28, 31, 32, 33, 34, 72, 73, 74, 80, 81, 82, 84, 85, 86, 88, 89, 90, 96, 97, 98, 100, 101, 102, 120, 121, 122, 128, 129, 130, 132, 133, 134, 135, 138, 139, 140, 141, 142, 145, 146, 147, 148, 165, 168, 169, 170, 171, 316, 347, 348, 349, 355, 356, 357, 359, 360, 361, 363, 364, 365, 371, 372, 373, 375, 376, 377, 395, 396, 397, 403, 404, 405, 407, 408, 409, 475, 476, 477, 483, 484, 485, 487, 488, 489, 491, 492, 493, 499, 500, 501, 503, 504, 505, 523, 524, 525, 531, 532, 533, 535, 536, 537, 539, 540, 541, 547, 548, 549, 551, 552, 553, 555, 556, 557, 563, 564, 565, 567, 568, 569, 587, 588, 589, 595, 596, 597, 599, 600, 601, 602, 605, 606, 607, 608, 609, 612, 613, 614, 615, 632, 635, 636, 637, 638, 645, 677, 678, 679, 685, 686, 687, 689, 690, 691, 693, 694, 695, 701, 702, 703, 705, 706, 707, 725, 726, 727, 733, 734, 735, 737, 738, 739, 740, 741, 743, 744, 745, 747, 750, 751, 752, 753, 768, 770, 773, 774, 775, 776]
x_747: [1, 5, 6, 7, 12, 13, 14, 15, 17, 18, 19, 25, 26, 27, 72, 73, 74, 76, 77, 78, 84, 85, 86, 88, 89, 90, 92, 93, 94, 100, 101, 102, 104, 105, 106, 108, 109, 110, 116, 117, 118, 135, 136, 141, 142, 143, 148, 150, 151, 152, 154, 155, 156, 162, 163, 164, 317, 347, 348, 349, 351, 352, 353, 359, 360, 361, 363, 364, 365, 367, 368, 369, 375, 376, 377, 379, 380, 381, 383, 384, 385, 391, 392, 393, 475, 476, 477, 479, 480, 481, 487, 488, 489, 491, 492, 493, 495, 496, 497, 503, 504, 505, 507, 508, 509, 511, 512, 513, 519, 520, 521, 539, 540, 541, 543, 544, 545, 551, 552, 553, 555, 556, 557, 559, 560, 561, 567, 568, 569, 571, 572, 573, 575, 576, 577, 583, 584, 585, 602, 603, 608, 609, 610, 615, 617, 618, 619, 621, 622, 623, 629, 630, 631, 646, 677, 678, 679, 681, 682, 683, 689, 690, 691, 693, 694, 695, 697, 698, 699, 705, 706, 707, 709, 710, 711, 713, 714, 715, 721, 722, 723, 740, 741, 746, 748, 751, 753, 755, 756, 757, 759, 760, 761, 767, 768, 769, 770]
x_748: [1, 2, 3, 4, 6, 7, 9, 10, 11, 13, 14, 15, 17, 18, 19, 21, 22, 23, 72, 73, 74, 76, 77, 78, 80, 81, 82, 88, 89, 90, 92, 93, 94, 96, 97, 98, 104, 105, 106, 108, 109, 110, 112, 113, 114, 135, 136, 138, 139, 140, 142, 143, 145, 146, 147, 150, 151, 152, 154, 155, 156, 158, 159, 160, 318, 347, 348, 349, 351, 352, 353, 355, 356, 357, 363, 364, 365, 367, 368, 369, 371, 372, 373, 379, 380, 381, 383, 384, 385, 387, 388, 389, 475, 476, 477, 479, 480, 481, 483, 484, 485, 491, 492, 493, 495, 496, 497, 499, 500, 501, 507, 508, 509, 511, 512, 513, 515, 516, 517, 539, 540, 541, 543, 544, 545, 547, 548, 549, 555, 556, 557, 559, 560, 561, 563, 564, 565, 571, 572, 573, 575, 576, 577, 579, 580, 581, 602, 603, 605, 606, 607, 609, 610, 612, 613, 614, 617, 618, 619, 621, 622, 623, 625, 626, 627, 647, 677, 678, 679, 681, 682, 683, 685, 686, 687, 693, 694, 695, 697, 698, 699, 701, 702, 703, 709, 710, 711, 713, 714, 715, 717, 718, 719, 740, 741, 743, 744, 745, 747, 750, 751, 752, 753, 755, 756, 757, 759, 760, 761, 763, 764, 765, 771]
x_749: [2, 4, 8, 9, 11, 16, 17, 19, 20, 21, 23, 24, 25, 27, 75, 76, 78, 79, 80, 82, 83, 84, 86, 91, 92, 94, 95, 96, 98, 99, 100, 102, 107, 108, 110, 111, 112, 114, 115, 116, 118, 137, 138, 140, 144, 145, 147, 153, 154, 156, 157, 158, 160, 161, 162, 164, 319, 350, 351, 353, 354, 355, 357, 358, 359, 361, 366, 367, 369, 370, 371, 373, 374, 375, 377, 382, 383, 385, 386, 387, 389, 390, 391, 393, 478, 479, 481, 482, 483, 485, 486, 487, 489, 494, 495, 497, 498, 499, 501, 502, 503, 505, 510, 511, 513, 514, 515, 517, 518, 519, 521, 542, 543, 545, 546, 547, 549, 550, 551, 553, 558, 559, 561, 562, 563, 565, 566, 567, 569, 574, 575, 577, 578, 579, 581, 582, 583, 585, 604, 605, 607, 611, 612, 614, 620, 621, 623, 624, 625, 627, 628, 629, 631, 648, 680, 681, 683, 684, 685, 687, 688, 689, 691, 696, 697, 699, 700, 701, 703, 704, 705, 707, 712, 713, 715, 716, 717, 719, 720, 721, 723, 742, 743, 745, 750, 751, 752, 758, 759, 761, 762, 763, 765, 766, 767, 769, 772]
x_750: [1, 2, 3, 5, 7, 8, 9, 10, 12, 16, 17, 18, 20, 21, 22, 24, 25, 26, 75, 76, 77, 79, 80, 81, 83, 84, 85, 91, 92, 93, 95, 96, 97, 99, 100, 101, 107, 108, 109, 111, 112, 113, 115, 116, 117, 136, 137, 138, 139, 141, 143, 144, 145, 146, 148, 153, 154, 155, 157, 158, 159, 161, 162, 163, 320, 350, 351, 352, 354, 355, 356, 358, 359, 360, 366, 367, 368, 370, 371, 372, 374, 375, 376, 382, 383, 384, 386, 387, 388, 390, 391, 392, 478, 479, 480, 482, 483, 484, 486, 487, 488, 494, 495, 496, 498, 499, 500, 502, 503, 504, 510, 511, 512, 514, 515, 516, 518, 519, 520, 542, 543, 544, 546, 547, 548, 550, 551, 552, 558, 559, 560, 562, 563, 564, 566, 567, 568, 574, 575, 576, 578, 579, 580, 582, 583, 584, 603, 604, 605, 606, 608, 610, 611, 612, 613, 615, 620, 621, 622, 624, 625, 626, 628, 629, 630, 649, 680, 681, 682, 684, 685, 686, 688, 689, 690, 696, 697, 698, 700, 701, 702, 704, 705, 706, 712, 713, 714, 716, 717, 718, 720, 721, 722, 741, 742, 743, 744, 746, 748, 749, 751, 752, 753, 758, 759, 760, 762, 763, 764, 766, 767, 768, 773]
x_751: [1, 2, 3, 4, 5, 7, 9, 10, 11, 12, 17, 18, 19, 21, 22, 23, 25, 26, 27, 76, 77, 78, 80, 81, 82, 84, 85, 86, 92, 93, 94, 96, 97, 98, 100, 101, 102, 108, 109, 110, 112, 113, 114, 116, 117, 118, 136, 138, 139, 140, 141, 143, 145, 146, 147, 148, 154, 155, 156, 158, 159, 160, 162, 163, 164, 321, 351, 352, 353, 355, 356, 357, 359, 360, 361, 367, 368, 369, 371, 372, 373, 375, 376, 377, 383, 384, 385, 387, 388, 389, 391, 392, 393, 479, 480, 481, 483, 484, 485, 487, 488, 489, 495, 496, 497, 499, 500, 501, 503, 504, 505, 511, 512, 513, 515, 516, 517, 519, 520, 521, 543, 544, 545, 547, 548, 549, 551, 552, 553, 559, 560, 561, 563, 564, 565, 567, 568, 569, 575, 576, 577, 579, 580, 581, 583, 584, 585, 603, 605, 606, 607, 608, 610, 612, 613, 614, 615, 621, 622, 623, 625, 626, 627, 629, 630, 631, 650, 681, 682, 683, 685, 686, 687, 689, 690, 691, 697, 698, 699, 701, 702, 703, 705, 706, 707, 713, 714, 715, 717, 718, 719, 721, 722, 723, 741, 743, 744, 745, 746, 747, 748, 749, 750, 752, 753, 759, 760, 761, 763, 764, 765, 767, 768, 769, 774]
x_752: [1, 3, 4, 5, 7, 8, 10, 11, 12, 16, 18, 19, 20, 22, 23, 24, 26, 27, 75, 77, 78, 79, 81, 82, 83, 85, 86, 91, 93, 94, 95, 97, 98, 99, 101, 102, 107, 109, 110, 111, 113, 114, 115, 117, 118, 136, 137, 139, 140, 141, 143, 144, 146, 147, 148, 153, 155, 156, 157, 159, 160, 161, 163, 164, 322, 350, 352, 353, 354, 356, 357, 358, 360, 361, 366, 368, 369, 370, 372, 373, 374, 376, 377, 382, 384, 385, 386, 388, 389, 390, 392, 393, 478, 480, 481, 482, 484, 485, 486, 488, 489, 494, 496, 497, 498, 500, 501, 502, 504, 505, 510, 512, 513, 514, 516, 517, 518, 520, 521, 542, 544, 545, 546, 548, 549, 550, 552, 553, 558, 560, 561, 562, 564, 565, 566, 568, 569, 574, 576, 577, 578, 580, 581, 582, 584, 585, 603, 604, 606, 607, 608, 610, 611, 613, 614, 615, 620, 622, 623, 624, 626, 627, 628, 630, 631, 651, 680, 682, 683, 684, 686, 687, 688, 690, 691, 696, 698, 699, 700, 702, 703, 704, 706, 707, 712, 714, 715, 716, 718, 719, 720, 722, 723, 741, 742, 744, 745, 746, 748, 749, 750, 751, 753, 758, 760, 761, 762, 764, 765, 766, 768, 769, 775]
x_753: [2, 3, 4, 5, 6, 9, 10, 11, 12, 13, 14, 15, 21, 22, 23, 25, 26, 27, 72, 73, 74, 80, 81, 82, 84, 85, 86, 88, 89, 90, 96, 97, 98, 100, 101, 102, 104, 105, 106, 112, 113, 114, 116, 117, 118, 135, 138, 139, 140, 141, 142, 145, 146, 147, 148, 150, 151, 152, 158, 159, 160, 162, 163, 164, 323, 347, 348, 349, 355, 356, 357, 359, 360, 361, 363, 364, 365, 371, 372, 373, 375, 376, 377, 379, 380, 381, 387, 388, 389, 391, 392, 393, 475, 476, 477, 483, 484, 485, 487, 488, 489, 491, 492, 493, 499, 500, 501, 503, 504, 505, 507, 508, 509, 515, 516, 517, 519, 520, 521, 539, 540, 541, 547, 548, 549, 551, 552, 553, 555, 556, 557, 563, 564, 565, 567, 568, 569, 571, 572, 573, 579, 580, 581, 583, 584, 585, 602, 605, 606, 607, 608, 609, 612, 613, 614, 615, 617, 618, 619, 625, 626, 627, 629, 630, 631, 652, 677, 678, 679, 685, 686, 687, 689, 690, 691, 693, 694, 695, 701, 702, 703, 705, 706, 707, 709, 710, 711, 717, 718, 719, 721, 722, 723, 740, 743, 744, 745, 746, 747, 748, 750, 751, 752, 755, 756, 757, 763, 764, 765, 767, 768, 769, 776]
x_754: [13, 15, 16, 17, 19, 24, 25, 27, 87, 88, 90, 91, 92, 94, 99, 100, 102, 103, 104, 106, 107, 108, 110, 115, 116, 118, 119, 120, 122, 123, 124, 126, 131, 132, 134, 149, 150, 152, 153, 154, 156, 161, 162, 164, 324, 362, 363, 365, 366, 367, 369, 374, 375, 377, 378, 379, 381, 382, 383, 385, 390, 391, 393, 394, 395, 397, 398, 399, 401, 406, 407, 409, 490, 491, 493, 494, 495, 497, 502, 503, 505, 506, 507, 509, 510, 511, 513, 518, 519, 521, 522, 523, 525, 526, 527, 529, 534, 535, 537, 554, 555, 557, 558, 559, 561, 566, 567, 569, 570, 571, 573, 574, 575, 577, 582, 583, 585, 586, 587, 589, 590, 591, 593, 598, 599, 601, 616, 617, 619, 620, 621, 623, 628, 629, 631, 653, 692, 693, 695, 696, 697, 699, 704, 705, 707, 708, 709, 711, 712, 713, 715, 720, 721, 723, 724, 725, 727, 728, 729, 731, 736, 737, 739, 755, 756, 757, 758, 759, 761, 762, 766, 767, 769]
x_755: [6, 7, 12, 13, 14, 16, 17, 18, 24, 25, 26, 28, 29, 34, 87, 88, 89, 91, 92, 93, 99, 100, 101, 103, 104, 105, 107, 108, 109, 115, 116, 117, 119, 120, 121, 123, 124, 125, 131, 132, 133, 142, 143, 148, 149, 150, 151, 153, 154, 155, 161, 162, 163, 165, 166, 171, 325, 362, 363, 364, 366, 367, 368, 374, 375, 376, 378, 379, 380, 382, 383, 384, 390, 391, 392, 394, 395, 396, 398, 399, 400, 406, 407, 408, 490, 491, 492, 494, 495, 496, 502, 503, 504, 506, 507, 508, 510, 511, 512, 518, 519, 520, 522, 523, 524, 526, 527, 528, 534, 535, 536, 554, 555, 556, 558, 559, 560, 566, 567, 568, 570, 571, 572, 574, 575, 576, 582, 583, 584, 586, 587, 588, 590, 591, 592, 598, 599, 600, 609, 610, 615, 616, 617, 618, 620, 621, 622, 628, 629, 630, 632, 633, 638, 654, 692, 693, 694, 696, 697, 698, 704, 705, 706, 708, 709, 710, 712, 713, 714, 720, 721, 722, 724, 725, 726, 728, 729, 730, 736, 737, 738, 747, 748, 753, 754, 756, 757, 758, 759, 760, 763, 766, 767, 768, 770, 771, 776]
x_756: [6, 7, 12, 13, 14, 15, 17, 18, 19, 25, 26, 27, 28, 29, 34, 88, 89, 90, 92, 93, 94, 100, 101, 102, 104, 105, 106, 108, 109, 110, 116, 117, 118, 120, 121, 122, 124, 125, 126, 132, 133, 134, 142, 143, 148, 150, 151, 152, 154, 155, 156, 162, 163, 164, 165, 166, 171, 326, 363, 364, 365, 367, 368, 369, 375, 376, 377, 379, 380, 381, 383, 384, 385, 391, 392, 393, 395, 396, 397, 399, 400, 401, 407, 408, 409, 491, 492, 493, 495, 496, 497, 503, 504, 505, 507, 508, 509, 511, 512, 513, 519, 520, 521, 523, 524, 525, 527, 528, 529, 535, 536, 537, 555, 556, 557, 559, 560, 561, 567, 568, 569, 571, 572, 573, 575, 576, 577, 583, 584, 585, 587, 588, 589, 591, 592, 593, 599, 600, 601, 609, 610, 615, 617, 618, 619, 621, 622, 623, 629, 630, 631, 632, 633, 638, 655, 693, 694, 695, 697, 698, 699, 705, 706, 707, 709, 710, 711, 713, 714, 715, 721, 722, 723, 725, 726, 727, 729, 730, 731, 737, 738, 739, 740, 747, 748, 753, 754, 755, 757, 759, 760, 761, 764, 767, 768, 769, 770, 771, 776]
x_757: [6, 7, 12, 14, 15, 16, 18, 19, 24, 26, 27, 28, 29, 34, 87, 89, 90, 91, 93, 94, 99, 101, 102, 103, 105, 106, 107, 109, 110, 115, 117, 118, 119, 121, 122, 123, 125, 126, 131, 133, 134, 142, 143, 148, 149, 151, 152, 153, 155, 156, 161, 163, 164, 165, 166, 171, 327, 362, 364, 365, 366, 368, 369, 374, 376, 377, 378, 380, 381, 382, 384, 385, 390, 392, 393, 394, 396, 397, 398, 400, 401, 406, 408, 409, 490, 492, 493, 494, 496, 497, 502, 504, 505, 506, 508, 509, 510, 512, 513, 518, 520, 521, 522, 524, 525, 526, 528, 529, 534, 536, 537, 554, 556, 557, 558, 560, 561, 566, 568, 569, 570, 572, 573, 574, 576, 577, 582, 584, 585, 586, 588, 589, 590, 592, 593, 598, 600, 601, 609, 610, 615, 616, 618, 619, 620, 622, 623, 628, 630, 631, 632, 633, 638, 656, 692, 694, 695, 696, 698, 699, 704, 706, 707, 708, 710, 711, 712, 714, 715, 720, 722, 723, 724, 726, 727, 728, 730, 731, 736, 738, 739, 747, 748, 753, 754, 755, 756, 758, 760, 761, 765, 766, 768, 769, 770, 771, 776]
x_758: [8, 9, 11, 13, 15, 16, 17, 19, 20, 21, 23, 30, 31, 33, 87, 88, 90, 91, 92, 94, 95, 96, 98, 103, 104, 106, 107, 108, 110, 111, 112, 114, 119, 120, 122, 123, 124, 126, 127, 128, 130, 144, 145, 147, 149, 150, 152, 153, 154, 156, 157, 158, 160, 167, 168, 170, 328, 362, 363, 365, 366, 367, 369, 370, 371, 373, 378, 379, 381, 382, 383, 385, 386, 387, 389, 394, 395, 397, 398, 399, 401, 402, 403, 405, 490, 491, 493, 494, 495, 497, 498, 499, 501, 506, 507, 509, 510, 511, 513, 514, 515, 517, 522, 523, 525, 526, 527, 529, 530, 531, 533, 554, 555, 557, 558, 559, 561, 562, 563, 565, 570, 571, 573, 574, 575, 577, 578, 579, 581, 586, 587, 589, 590, 591, 593, 594, 595, 597, 611, 612, 614, 616, 617, 619, 620, 621, 623, 624, 625, 627, 634, 635, 637, 657, 692, 693, 695, 696, 697, 699, 700, 701, 703, 708, 709, 711, 712, 713, 715, 716, 717, 719, 724, 725, 727, 728, 729, 731, 732, 733, 735, 749, 750, 752, 754, 755, 757, 759, 760, 761, 762, 763, 765, 766, 772, 773, 775]
x_759: [6, 7, 8, 9, 10, 13, 14, 16, 17, 18, 20, 21, 22, 28, 29, 30, 31, 32, 87, 88, 89, 91, 92, 93, 95, 96, 97, 103, 104, 105, 107, 108, 109, 111, 112, 113, 119, 120, 121, 123, 124, 125, 127, 128, 129, 142, 143, 144, 145, 146, 149, 150, 151, 153, 154, 155, 157, 158, 159, 165, 166, 167, 168, 169, 329, 362, 363, 364, 366, 367, 368, 370, 371, 372, 378, 379, 380, 382, 383, 384, 386, 387, 388, 394, 395, 396, 398, 399, 400, 402, 403, 404, 490, 491, 492, 494, 495, 496, 498, 499, 500, 506, 507, 508, 510, 511, 512, 514, 515, 516, 522, 523, 524, 526, 527, 528, 530, 531, 532, 554, 555, 556, 558, 559, 560, 562, 563, 564, 570, 571, 572, 574, 575, 576, 578, 579, 580, 586, 587, 588, 590, 591, 592, 594, 595, 596, 609, 610, 611, 612, 613, 616, 617, 618, 620, 621, 622, 624, 625, 626, 632, 633, 634, 635, 636, 658, 692, 693, 694, 696, 697, 698, 700, 701, 702, 708, 709, 710, 712, 713, 714, 716, 717, 718, 724, 725, 726, 728, 729, 730, 732, 733, 734, 747, 748, 749, 750, 751, 754, 755, 756, 758, 760, 761, 762, 763, 764, 767, 770, 771, 772, 773, 774]
x_760: [6, 7, 9, 10, 11, 13, 14, 15, 17, 18, 19, 21, 22, 23, 28, 29, 31, 32, 33, 88, 89, 90, 92, 93, 94, 96, 97, 98, 104, 105, 106, 108, 109, 110, 112, 113, 114, 120, 121, 122, 124, 125, 126, 128, 129, 130, 142, 143, 145, 146, 147, 150, 151, 152, 154, 155, 156, 158, 159, 160, 165, 166, 168, 169, 170, 330, 363, 364, 365, 367, 368, 369, 371, 372, 373, 379, 380, 381, 383, 384, 385, 387, 388, 389, 395, 396, 397, 399, 400, 401, 403, 404, 405, 491, 492, 493, 495, 496, 497, 499, 500, 501, 507, 508, 509, 511, 512, 513, 515, 516, 517, 523, 524, 525, 527, 528, 529, 531, 532, 533, 555, 556, 557, 559, 560, 561, 563, 564, 565, 571, 572, 573, 575, 576, 577, 579, 580, 581, 587, 588, 589, 591, 592, 593, 595, 596, 597, 609, 610, 612, 613, 614, 617, 618, 619, 621, 622, 623, 625, 626, 627, 632, 633, 635, 636, 637, 659, 693, 694, 695, 697, 698, 699, 701, 702, 703, 709, 710, 711, 713, 714, 715, 717, 718, 719, 725, 726, 727, 729, 730, 731, 733, 734, 735, 741, 747, 748, 750, 751, 752, 755, 756, 757, 758, 759, 761, 763, 764, 765, 768, 770, 771, 773, 774, 775]
x_761: [6, 7, 8, 10, 11, 14, 15, 16, 18, 19, 20, 22, 23, 28, 29, 30, 32, 33, 87, 89, 90, 91, 93, 94, 95, 97, 98, 103, 105, 106, 107, 109, 110, 111, 113, 114, 119, 121, 122, 123, 125, 126, 127, 129, 130, 142, 143, 144, 146, 147, 149, 151, 152, 153, 155, 156, 157, 159, 160, 165, 166, 167, 169, 170, 331, 362, 364, 365, 366, 368, 369, 370, 372, 373, 378, 380, 381, 382, 384, 385, 386, 388, 389, 394, 396, 397, 398, 400, 401, 402, 404, 405, 490, 492, 493, 494, 496, 497, 498, 500, 501, 506, 508, 509, 510, 512, 513, 514, 516, 517, 522, 524, 525, 526, 528, 529, 530, 532, 533, 554, 556, 557, 558, 560, 561, 562, 564, 565, 570, 572, 573, 574, 576, 577, 578, 580, 581, 586, 588, 589, 590, 592, 593, 594, 596, 597, 609, 610, 611, 613, 614, 616, 618, 619, 620, 622, 623, 624, 626, 627, 632, 633, 634, 636, 637, 660, 692, 694, 695, 696, 698, 699, 700, 702, 703, 708, 710, 711, 712, 714, 715, 716, 718, 719, 724, 726, 727, 728, 730, 731, 732, 734, 735, 747, 748, 749, 751, 752, 754, 756, 757, 758, 759, 760, 762, 764, 765, 769, 770, 771, 772, 774, 775]
x_762: [8, 9, 11, 16, 17, 19, 20, 21, 23, 24, 25, 27, 30, 31, 33, 91, 92, 94, 95, 96, 98, 99, 100, 102, 107, 108, 110, 111, 112, 114, 115, 116, 118, 123, 124, 126, 127, 128, 130, 131, 132, 134, 144, 145, 147, 153, 154, 156, 157, 158, 160, 161, 162, 164, 167, 168, 170, 332, 366, 367, 369, 370, 371, 373, 374, 375, 377, 382, 383, 385, 386, 387, 389, 390, 391, 393, 398, 399, 401, 402, 403, 405, 406, 407, 409, 494, 495, 497, 498, 499, 501, 502, 503, 505, 510, 511, 513, 514, 515, 517, 518, 519, 521, 526, 527, 529, 530, 531, 533, 534, 535, 537, 558, 559, 561, 562, 563, 565, 566, 567, 569, 574, 575, 577, 578, 579, 581, 582, 583, 585, 590, 591, 593, 594, 595, 597, 598, 599, 601, 611, 612, 614, 620, 621, 623, 624, 625, 627, 628, 629, 631, 634, 635, 637, 661, 696, 697, 699, 700, 701, 703, 704, 705, 707, 712, 713, 715, 716, 717, 719, 720, 721, 723, 728, 729, 731, 732, 733, 735, 736, 737, 739, 742, 749, 750, 752, 754, 758, 759, 761, 763, 764, 765, 766, 767, 769, 772, 773, 775]
x_763: [7, 8, 9, 10, 12, 16, 17, 18, 20, 21, 22, 24, 25, 26, 29, 30, 31, 32, 34, 91, 92, 93, 95, 96, 97, 99, 100, 101, 107, 108, 109, 111, 112, 113, 115, 116, 117, 123, 124, 125, 127, 128, 129, 131, 132, 133, 143, 144, 145, 146, 148, 153, 154, 155, 157, 158, 159, 161, 162, 163, 166, 167, 168, 169, 171, 333, 366, 367, 368, 370, 371, 372, 374, 375, 376, 382, 383, 384, 386, 387, 388, 390, 391, 392, 398, 399, 400, 402, 403, 404, 406, 407, 408, 494, 495, 496, 498, 499, 500, 502, 503, 504, 510, 511, 512, 514, 515, 516, 518, 519, 520, 526, 527, 528, 530, 531, 532, 534, 535, 536, 558, 559, 560, 562, 563, 564, 566, 567, 568, 574, 575, 576, 578, 579, 580, 582, 583, 584, 590, 591, 592, 594, 595, 596, 598, 599, 600, 610, 611, 612, 613, 615, 620, 621, 622, 624, 625, 626, 628, 629, 630, 633, 634, 635, 636, 638, 662, 696, 697, 698, 700, 701, 702, 704, 705, 706, 712, 713, 714, 716, 717, 718, 720, 721, 722, 728, 729, 730, 732, 733, 734, 736, 737, 738, 743, 748, 749, 750, 751, 753, 755, 758, 759, 760, 762, 764, 765, 766, 767, 768, 771, 772, 773, 774, 776]
x_764: [7, 9, 10, 11, 12, 17, 18, 19, 21, 22, 23, 25, 26, 27, 29, 31, 32, 33, 34, 92, 93, 94, 96, 97, 98, 100, 101, 102, 108, 109, 110, 112, 113, 114, 116, 117, 118, 124, 125, 126, 128, 129, 130, 132, 133, 134, 143, 145, 146, 147, 148, 154, 155, 156, 158, 159, 160, 162, 163, 164, 166, 168, 169, 170, 171, 334, 367, 368, 369, 371, 372, 373, 375, 376, 377, 383, 384, 385, 387, 388, 389, 391, 392, 393, 399, 400, 401, 403, 404, 405, 407, 408, 409, 495, 496, 497, 499, 500, 501, 503, 504, 505, 511, 512, 513, 515, 516, 517, 519, 520, 521, 527, 528, 529, 531, 532, 533, 535, 536, 537, 559, 560, 561, 563, 564, 565, 567, 568, 569, 575, 576, 577, 579, 580, 581, 583, 584, 585, 591, 592, 593, 595, 596, 597, 599, 600, 601, 610, 612, 613, 614, 615, 621, 622, 623, 625, 626, 627, 629, 630, 631, 633, 635, 636, 637, 638, 663, 697, 698, 699, 701, 702, 703, 705, 706, 707, 713, 714, 715, 717, 718, 719, 721, 722, 723, 729, 730, 731, 733, 734, 735, 737, 738, 739, 744, 748, 750, 751, 752, 753, 756, 759, 760, 761, 762, 763, 765, 767, 768, 769, 771, 773, 774, 775, 776]
x_765: [7, 8, 10, 11, 12, 16, 18, 19, 20, 22, 23, 24, 26, 27, 29, 30, 32, 33, 34, 91, 93, 94, 95, 97, 98, 99, 101, 102, 107, 109, 110, 111, 113, 114, 115, 117, 118, 123, 125, 126, 127, 129, 130, 131, 133, 134, 143, 144, 146, 147, 148, 153, 155, 156, 157, 159, 160, 161, 163, 164, 166, 167, 169, 170, 171, 335, 366, 368, 369, 370, 372, 373, 374, 376, 377, 382, 384, 385, 386, 388, 389, 390, 392, 393, 398, 400, 401, 402, 404, 405, 406, 408, 409, 494, 496, 497, 498, 500, 501, 502, 504, 505, 510, 512, 513, 514, 516, 517, 518, 520, 521, 526, 528, 529, 530, 532, 533, 534, 536, 537, 558, 560, 561, 562, 564, 565, 566, 568, 569, 574, 576, 577, 578, 580, 581, 582, 584, 585, 590, 592, 593, 594, 596, 597, 598, 600, 601, 610, 611, 613, 614, 615, 620, 622, 623, 624, 626, 627, 628, 630, 631, 633, 634, 636, 637, 638, 664, 696, 698, 699, 700, 702, 703, 704, 706, 707, 712, 714, 715, 716, 718, 719, 720, 722, 723, 728, 730, 731, 732, 734, 735, 736, 738, 739, 745, 748, 749, 751, 752, 753, 757, 758, 760, 761, 762, 763, 764, 766, 768, 769, 771, 772, 774, 775, 776]
x_766: [8, 9, 11, 13, 15, 20, 21, 23, 24, 25, 27, 30, 31, 33, 87, 88, 90, 95, 96, 98, 99, 100, 102, 103, 104, 106, 111, 112, 114, 115, 116, 118, 119, 120, 122, 127, 128, 130, 131, 132, 134, 144, 145, 147, 149, 150, 152, 157, 158, 160, 161, 162, 164, 167, 168, 170, 336, 362, 363, 365, 370, 371, 373, 374, 375, 377, 378, 379, 381, 386, 387, 389, 390, 391, 393, 394, 395, 397, 402, 403, 405, 406, 407, 409, 490, 491, 493, 498, 499, 501, 502, 503, 505, 506, 507, 509, 514, 515, 517, 518, 519, 521, 522, 523, 525, 530, 531, 533, 534, 535, 537, 554, 555, 557, 562, 563, 565, 566, 567, 569, 570, 571, 573, 578, 579, 581, 582, 583, 585, 586, 587, 589, 594, 595, 597, 598, 599, 601, 611, 612, 614, 616, 617, 619, 624, 625, 627, 628, 629, 631, 634, 635, 637, 665, 692, 693, 695, 700, 701, 703, 704, 705, 707, 708, 709, 711, 716, 717, 719, 720, 721, 723, 724, 725, 727, 732, 733, 735, 736, 737, 739, 749, 750, 752, 754, 755, 757, 758, 762, 763, 765, 767, 768, 769, 772, 773, 775]
x_767: [6, 8, 9, 10, 12, 13, 14, 20, 21, 22, 24, 25, 26, 28, 30, 31, 32, 34, 87, 88, 89, 95, 96, 97, 99, 100, 101, 103, 104, 105, 111, 112, 113, 115, 116, 117, 119, 120, 121, 127, 128, 129, 131, 132, 133, 142, 144, 145, 146, 148, 149, 150, 151, 157, 158, 159, 161, 162, 163, 165, 167, 168, 169, 171, 337, 362, 363, 364, 370, 371, 372, 374, 375, 376, 378, 379, 380, 386, 387, 388, 390, 391, 392, 394, 395, 396, 402, 403, 404, 406, 407, 408, 490, 491, 492, 498, 499, 500, 502, 503, 504, 506, 507, 508, 514, 515, 516, 518, 519, 520, 522, 523, 524, 530, 531, 532, 534, 535, 536, 554, 555, 556, 562, 563, 564, 566, 567, 568, 570, 571, 572, 578, 579, 580, 582, 583, 584, 586, 587, 588, 594, 595, 596, 598, 599, 600, 609, 611, 612, 613, 615, 616, 617, 618, 624, 625, 626, 628, 629, 630, 632, 634, 635, 636, 638, 666, 692, 693, 694, 700, 701, 702, 704, 705, 706, 708, 709, 710, 716, 717, 718, 720, 721, 722, 724, 725, 726, 732, 733, 734, 736, 737, 738, 747, 749, 750, 751, 753, 754, 755, 756, 759, 762, 763, 764, 766, 768, 769, 770, 772, 773, 774, 776]
x_768: [6, 9, 10, 11, 12, 13, 14, 15, 21, 22, 23, 25, 26, 27, 28, 31, 32, 33, 34, 88, 89, 90, 96, 97, 98, 100, 101, 102, 104, 105, 106, 112, 113, 114, 116, 117, 118, 120, 121, 122, 128, 129, 130, 132, 133, 134, 142, 145, 146, 147, 148, 150, 151, 152, 158, 159, 160, 162, 163, 164, 165, 168, 169, 170, 171, 338, 363, 364, 365, 371, 372, 373, 375, 376, 377, 379, 380, 381, 387, 388, 389, 391, 392, 393, 395, 396, 397, 403, 404, 405, 407, 408, 409, 491, 492, 493, 499, 500, 501, 503, 504, 505, 507, 508, 509, 515, 516, 517, 519, 520, 521, 523, 524, 525, 531, 532, 533, 535, 536, 537, 555, 556, 557, 563, 564, 565, 567, 568, 569, 571, 572, 573, 579, 580, 581, 583, 584, 585, 587, 588, 589, 595, 596, 597, 599, 600, 601, 609, 612, 613, 614, 615, 617, 618, 619, 625, 626, 627, 629, 630, 631, 632, 635, 636, 637, 638, 667, 693, 694, 695, 701, 702, 703, 705, 706, 707, 709, 710, 711, 717, 718, 719, 721, 722, 723, 725, 726, 727, 733, 734, 735, 737, 738, 739, 746, 747, 750, 751, 752, 753, 755, 756, 757, 760, 763, 764, 765, 766, 767, 769, 770, 773, 774, 775, 776]
x_769: [6, 8, 10, 11, 12, 14, 15, 20, 22, 23, 24, 26, 27, 28, 30, 32, 33, 34, 87, 89, 90, 95, 97, 98, 99, 101, 102, 103, 105, 106, 111, 113, 114, 115, 117, 118, 119, 121, 122, 127, 129, 130, 131, 133, 134, 142, 144, 146, 147, 148, 149, 151, 152, 157, 159, 160, 161, 163, 164, 165, 167, 169, 170, 171, 339, 362, 364, 365, 370, 372, 373, 374, 376, 377, 378, 380, 381, 386, 388, 389, 390, 392, 393, 394, 396, 397, 402, 404, 405, 406, 408, 409, 490, 492, 493, 498, 500, 501, 502, 504, 505, 506, 508, 509, 514, 516, 517, 518, 520, 521, 522, 524, 525, 530, 532, 533, 534, 536, 537, 554, 556, 557, 562, 564, 565, 566, 568, 569, 570, 572, 573, 578, 580, 581, 582, 584, 585, 586, 588, 589, 594, 596, 597, 598, 600, 601, 609, 611, 613, 614, 615, 616, 618, 619, 624, 626, 627, 628, 630, 631, 632, 634, 636, 637, 638, 668, 692, 694, 695, 700, 702, 703, 704, 706, 707, 708, 710, 711, 716, 718, 719, 720, 722, 723, 724, 726, 727, 732, 734, 735, 736, 738, 739, 747, 749, 751, 752, 753, 754, 756, 757, 761, 762, 764, 765, 766, 767, 768, 770, 772, 774, 775, 776]
x_770: [1, 5, 13, 14, 15, 17, 18, 19, 25, 26, 27, 28, 29, 34, 72, 73, 74, 76, 77, 78, 84, 85, 86, 104, 105, 106, 108, 109, 110, 116, 117, 118, 120, 121, 122, 124, 125, 126, 132, 133, 134, 135, 136, 141, 150, 151, 152, 154, 155, 156, 162, 163, 164, 165, 166, 171, 340, 347, 348, 349, 351, 352, 353, 359, 360, 361, 379, 380, 381, 383, 384, 385, 391, 392, 393, 395, 396, 397, 399, 400, 401, 407, 408, 409, 475, 476, 477, 479, 480, 481, 487, 488, 489, 507, 508, 509, 511, 512, 513, 519, 520, 521, 523, 524, 525, 527, 528, 529, 535, 536, 537, 539, 540, 541, 543, 544, 545, 551, 552, 553, 571, 572, 573, 575, 576, 577, 583, 584, 585, 587, 588, 589, 591, 592, 593, 599, 600, 601, 602, 603, 608, 617, 618, 619, 621, 622, 623, 629, 630, 631, 632, 633, 638, 669, 677, 678, 679, 681, 682, 683, 689, 690, 691, 709, 710, 711, 713, 714, 715, 721, 722, 723, 725, 726, 727, 729, 730, 731, 737, 738, 739, 740, 741, 746, 747, 755, 756, 757, 759, 760, 761, 767, 768, 769, 771, 774, 776]
x_771: [1, 2, 3, 4, 13, 14, 15, 17, 18, 19, 21, 22, 23, 28, 29, 31, 32, 33, 72, 73, 74, 76, 77, 78, 80, 81, 82, 104, 105, 106, 108, 109, 110, 112, 113, 114, 120, 121, 122, 124, 125, 126, 128, 129, 130, 135, 136, 138, 139, 140, 150, 151, 152, 154, 155, 156, 158, 159, 160, 165, 166, 168, 169, 170, 341, 347, 348, 349, 351, 352, 353, 355, 356, 357, 379, 380, 381, 383, 384, 385, 387, 388, 389, 395, 396, 397, 399, 400, 401, 403, 404, 405, 475, 476, 477, 479, 480, 481, 483, 484, 485, 507, 508, 509, 511, 512, 513, 515, 516, 517, 523, 524, 525, 527, 528, 529, 531, 532, 533, 539, 540, 541, 543, 544, 545, 547, 548, 549, 571, 572, 573, 575, 576, 577, 579, 580, 581, 587, 588, 589, 591, 592, 593, 595, 596, 597, 602, 603, 605, 606, 607, 617, 618, 619, 621, 622, 623, 625, 626, 627, 632, 633, 635, 636, 637, 670, 677, 678, 679, 681, 682, 683, 685, 686, 687, 709, 710, 711, 713, 714, 715, 717, 718, 719, 725, 726, 727, 729, 730, 731, 733, 734, 735, 740, 741, 743, 744, 745, 748, 755, 756, 757, 759, 760, 761, 763, 764, 765, 770, 773, 774, 775, 776]
x_772: [2, 4, 16, 17, 19, 20, 21, 23, 24, 25, 27, 30, 31, 33, 75, 76, 78, 79, 80, 82, 83, 84, 86, 107, 108, 110, 111, 112, 114, 115, 116, 118, 123, 124, 126, 127, 128, 130, 131, 132, 134, 137, 138, 140, 153, 154, 156, 157, 158, 160, 161, 162, 164, 167, 168, 170, 342, 350, 351, 353, 354, 355, 357, 358, 359, 361, 382, 383, 385, 386, 387, 389, 390, 391, 393, 398, 399, 401, 402, 403, 405, 406, 407, 409, 478, 479, 481, 482, 483, 485, 486, 487, 489, 510, 511, 513, 514, 515, 517, 518, 519, 521, 526, 527, 529, 530, 531, 533, 534, 535, 537, 542, 543, 545, 546, 547, 549, 550, 551, 553, 574, 575, 577, 578, 579, 581, 582, 583, 585, 590, 591, 593, 594, 595, 597, 598, 599, 601, 604, 605, 607, 620, 621, 623, 624, 625, 627, 628, 629, 631, 634, 635, 637, 671, 680, 681, 683, 684, 685, 687, 688, 689, 691, 712, 713, 715, 716, 717, 719, 720, 721, 723, 728, 729, 731, 732, 733, 735, 736, 737, 739, 742, 743, 745, 749, 758, 759, 761, 762, 763, 765, 766, 767, 769, 773, 774, 775]
x_773: [1, 2, 3, 5, 16, 17, 18, 20, 21, 22, 24, 25, 26, 29, 30, 31, 32, 34, 75, 76, 77, 79, 80, 81, 83, 84, 85, 107, 108, 109, 111, 112, 113, 115, 116, 117, 123, 124, 125, 127, 128, 129, 131, 132, 133, 136, 137, 138, 139, 141, 153, 154, 155, 157, 158, 159, 161, 162, 163, 166, 167, 168, 169, 171, 343, 350, 351, 352, 354, 355, 356, 358, 359, 360, 382, 383, 384, 386, 387, 388, 390, 391, 392, 398, 399, 400, 402, 403, 404, 406, 407, 408, 478, 479, 480, 482, 483, 484, 486, 487, 488, 510, 511, 512, 514, 515, 516, 518, 519, 520, 526, 527, 528, 530, 531, 532, 534, 535, 536, 542, 543, 544, 546, 547, 548, 550, 551, 552, 574, 575, 576, 578, 579, 580, 582, 583, 584, 590, 591, 592, 594, 595, 596, 598, 599, 600, 603, 604, 605, 606, 608, 620, 621, 622, 624, 625, 626, 628, 629, 630, 633, 634, 635, 636, 638, 672, 680, 681, 682, 684, 685, 686, 688, 689, 690, 712, 713, 714, 716, 717, 718, 720, 721, 722, 728, 729, 730, 732, 733, 734, 736, 737, 738, 741, 742, 743, 744, 746, 750, 758, 759, 760, 762, 763, 764, 766, 767, 768, 771, 772, 774, 775, 776]
x_774: [1, 2, 3, 4, 5, 17, 18, 19, 21, 22, 23, 25, 26, 27, 29, 31, 32, 33, 34, 76, 77, 78, 80, 81, 82, 84, 85, 86, 108, 109, 110, 112, 113, 114, 116, 117, 118, 124, 125, 126, 128, 129, 130, 132, 133, 134, 136, 138, 139, 140, 141, 154, 155, 156, 158, 159, 160, 162, 163, 164, 166, 168, 169, 170, 171, 344, 351, 352, 353, 355, 356, 357, 359, 360, 361, 383, 384, 385, 387, 388, 389, 391, 392, 393, 399, 400, 401, 403, 404, 405, 407, 408, 409, 479, 480, 481, 483, 484, 485, 487, 488, 489, 511, 512, 513, 515, 516, 517, 519, 520, 521, 527, 528, 529, 531, 532, 533, 535, 536, 537, 543, 544, 545, 547, 548, 549, 551, 552, 553, 575, 576, 577, 579, 580, 581, 583, 584, 585, 591, 592, 593, 595, 596, 597, 599, 600, 601, 603, 605, 606, 607, 608, 621, 622, 623, 625, 626, 627, 629, 630, 631, 633, 635, 636, 637, 638, 673, 681, 682, 683, 685, 686, 687, 689, 690, 691, 713, 714, 715, 717, 718, 719, 721, 722, 723, 729, 730, 731, 733, 734, 735, 737, 738, 739, 741, 743, 744, 745, 746, 751, 759, 760, 761, 763, 764, 765, 767, 768, 769, 770, 771, 772, 773, 775, 776]
x_775: [1, 3, 4, 5, 16, 18, 19, 20, 22, 23, 24, 26, 27, 29, 30, 32, 33, 34, 75, 77, 78, 79, 81, 82, 83, 85, 86, 107, 109, 110, 111, 113, 114, 115, 117, 118, 123, 125, 126, 127, 129, 130, 131, 133, 134, 136, 137, 139, 140, 141, 153, 155, 156, 157, 159, 160, 161, 163, 164, 166, 167, 169, 170, 171, 345, 350, 352, 353, 354, 356, 357, 358, 360, 361, 382, 384, 385, 386, 388, 389, 390, 392, 393, 398, 400, 401, 402, 404, 405, 406, 408, 409, 478, 480, 481, 482, 484, 485, 486, 488, 489, 510, 512, 513, 514, 516, 517, 518, 520, 521, 526, 528, 529, 530, 532, 533, 534, 536, 537, 542, 544, 545, 546, 548, 549, 550, 552, 553, 574, 576, 577, 578, 580, 581, 582, 584, 585, 590, 592, 593, 594, 596, 597, 598, 600, 601, 603, 604, 606, 607, 608, 620, 622, 623, 624, 626, 627, 628, 630, 631, 633, 634, 636, 637, 638, 674, 680, 682, 683, 684, 686, 687, 688, 690, 691, 712, 714, 715, 716, 718, 719, 720, 722, 723, 728, 730, 731, 732, 734, 735, 736, 738, 739, 741, 742, 744, 745, 746, 752, 758, 760, 761, 762, 764, 765, 766, 768, 769, 771, 772, 773, 774, 776]
x_776: [2, 3, 4, 5, 13, 14, 15, 21, 22, 23, 25, 26, 27, 28, 31, 32, 33, 34, 72, 73, 74, 80, 81, 82, 84, 85, 86, 104, 105, 106, 112, 113, 114, 116, 117, 118, 120, 121, 122, 128, 129, 130, 132, 133, 134, 135, 138, 139, 140, 141, 150, 151, 152, 158, 159, 160, 162, 163, 164, 165, 168, 169, 170, 171, 346, 347, 348, 349, 355, 356, 357, 359, 360, 361, 379, 380, 381, 387, 388, 389, 391, 392, 393, 395, 396, 397, 403, 404, 405, 407, 408, 409, 475, 476, 477, 483, 484, 485, 487, 488, 489, 507, 508, 509, 515, 516, 517, 519, 520, 521, 523, 524, 525, 531, 532, 533, 535, 536, 537, 539, 540, 541, 547, 548, 549, 551, 552, 553, 571, 572, 573, 579, 580, 581, 583, 584, 585, 587, 588, 589, 595, 596, 597, 599, 600, 601, 602, 605, 606, 607, 608, 617, 618, 619, 625, 626, 627, 629, 630, 631, 632, 635, 636, 637, 638, 675, 677, 678, 679, 685, 686, 687, 689, 690, 691, 709, 710, 711, 717, 718, 719, 721, 722, 723, 725, 726, 727, 733, 734, 735, 737, 738, 739, 740, 743, 744, 745, 746, 753, 755, 756, 757, 763, 764, 765, 767, 768, 769, 770, 771, 773, 774, 775]