400
1 1 1 1 1 1 1 1 1 1 1 1 1 1 1 1 1 1 1 1 1 1 1 1 1 1 1 1 1 1 1 1 1 1 1 1 1 1 1 1 1 1 1 1 1 1 1 1 1 1 1 1 1 1 1 1 1 1 1 1 1 1 1 1 1 1 1 1 1 1 1 1 1 1 1 1 1 1 1 1 1 1 1 1 1 1 1 1 1 1 1 1 1 1 1 1 1 1 1 1 1 1 1 1 1 1 1 1 1 1 1 1 1 1 1 1 1 1 1 1 1 1 1 1 1 1 1 1 1 1 1 1 1 1 1 1 1 1 1 1 1 1 1 1 1 1 1 1 1 1 1 1 1 1 1 1 1 1 1 1 1 1 1 1 1 1 1 1 1 1 1 1 1 1 1 1 1 1 1 1 1 1 1 1 1 1 1 1 1 1 1 1 1 1 1 1 1 1 1 1 1 1 1 1 1 1 1 1 1 1 1 1 1 1 1 1 1 1 1 1 1 1 1 1 1 1 1 1 1 1 1 1 1 1 1 1 1 1 1 1 1 1 1 1 1 1 1 1 1 1 1 1 1 1 1 1 1 1 1 1 1 1 1 1 1 1 1 1 1 1 1 1 1 1 1 1 1 1 1 1 1 1 1 1 1 1 1 1 1 1 1 1 1 1 1 1 1 1 1 1 1 1 1 1 1 1 1 1 1 1 1 1 1 1 1 1 1 1 1 1 1 1 1 1 1 1 1 1 1 1 1 1 1 1 1 1 1 1 1 1 1 1 1 1 1 1 1 1 1 1 1 1 1 1 1 1 1 1 1 1 1 1 1 1 1 1 1 1 1 1 1 1 1 1 1 1 1 1 1 1 1 1 1 1 1 1 1 1 1 1 1 1 1 1 1 1 1 1 1 1
x_1: [11, 13, 14, 16, 19, 22, 24, 29, 32, 33, 36, 38, 41, 42, 45, 46, 48, 49, 51, 55, 56, 57, 58, 64, 72, 76, 77, 79, 80, 82, 83, 92, 93, 97, 98, 99, 100, 102, 104, 112, 114, 116, 119, 123, 125, 127, 131, 132, 136, 137, 138, 149, 151, 152, 157, 159, 162, 164, 170, 174, 175, 182, 183, 185, 186, 187, 188, 189, 197, 198, 203, 204, 213, 214, 221, 224, 229, 231, 234, 237, 239, 244, 246, 247, 252, 253, 255, 258, 260, 261, 265, 269, 272, 274, 276, 283, 287, 291, 292, 293, 298, 300, 301, 303, 305, 307, 308, 310, 320, 323, 325, 327, 333, 340, 345, 348, 350, 355, 357, 369, 374, 386, 388, 391, 394, 398]
x_2: [3, 9, 10, 21, 25, 27, 30, 34, 37, 38, 39, 49, 54, 62, 65, 66, 67, 68, 69, 71, 72, 73, 75, 78, 81, 84, 85, 88, 94, 98, 101, 103, 106, 109, 110, 119, 122, 124, 125, 130, 135, 146, 147, 148, 150, 154, 155, 158, 159, 168, 176, 177, 191, 192, 195, 198, 202, 203, 205, 208, 209, 210, 215, 216, 219, 223, 226, 230, 233, 237, 240, 242, 243, 248, 252, 254, 256, 257, 264, 266, 267, 268, 270, 278, 279, 281, 282, 290, 295, 300, 306, 310, 311, 315, 316, 317, 321, 325, 328, 331, 334, 338, 339, 341, 342, 343, 346, 347, 356, 358, 359, 362, 368, 370, 371, 377, 381, 385, 395, 396]
x_3: [2, 4, 21, 25, 27, 31, 37, 44, 49, 53, 61, 62, 63, 65, 68, 72, 74, 81, 84, 86, 88, 94, 98, 108, 109, 110, 122, 124, 125, 129, 130, 135, 139, 142, 145, 150, 154, 156, 159, 160, 161, 168, 171, 176, 177, 180, 181, 184, 191, 192, 194, 195, 196, 198, 200, 202, 206, 209, 210, 211, 212, 215, 218, 223, 225, 230, 233, 236, 237, 241, 243, 249, 257, 259, 263, 268, 270, 273, 278, 279, 282, 310, 314, 316, 317, 318, 325, 328, 330, 331, 334, 338, 343, 352, 354, 358, 359, 360, 361, 362, 367, 368, 371, 372, 376, 377, 378, 379, 380, 385, 387, 393, 395, 396, 399]
x_4: [3, 6, 7, 11, 12, 13, 15, 16, 19, 22, 23, 24, 32, 35, 41, 42, 45, 48, 52, 55, 60, 78, 79, 80, 82, 88, 90, 91, 92, 95, 96, 97, 98, 99, 100, 102, 108, 114, 116, 117, 118, 120, 123, 124, 125, 127, 132, 133, 136, 138, 141, 144, 149, 151, 157, 160, 162, 163, 165, 167, 169, 172, 174, 178, 182, 185, 186, 187, 193, 198, 201, 204, 213, 221, 222, 224, 227, 234, 237, 238, 244, 246, 251, 259, 265, 271, 272, 274, 276, 280, 284, 292, 293, 294, 296, 297, 298, 301, 304, 307, 309, 310, 312, 313, 319, 320, 327, 332, 333, 340, 342, 345, 350, 351, 355, 357, 363, 364, 366, 374, 382, 384, 388, 397, 398]
x_5: [7, 8, 11, 13, 14, 15, 19, 29, 30, 33, 35, 36, 40, 45, 46, 50, 52, 55, 56, 58, 60, 66, 70, 77, 81, 83, 87, 92, 93, 96, 104, 113, 114, 121, 122, 123, 125, 131, 132, 133, 137, 140, 141, 143, 144, 149, 157, 162, 164, 165, 166, 167, 170, 172, 174, 175, 183, 185, 187, 193, 197, 201, 207, 213, 214, 218, 221, 223, 227, 229, 231, 236, 237, 244, 246, 247, 250, 251, 253, 257, 261, 265, 269, 270, 271, 274, 278, 280, 288, 291, 292, 293, 294, 297, 301, 302, 303, 308, 313, 319, 327, 332, 333, 340, 348, 349, 363, 365, 373, 374, 384, 386, 388, 389]
x_6: [4, 10, 11, 12, 17, 18, 27, 28, 30, 31, 37, 38, 39, 44, 47, 49, 53, 54, 62, 63, 66, 68, 71, 72, 73, 74, 75, 78, 80, 82, 84, 85, 86, 88, 89, 90, 94, 101, 103, 105, 108, 109, 110, 111, 120, 121, 124, 129, 130, 135, 139, 145, 154, 155, 156, 160, 161, 167, 168, 171, 173, 180, 190, 191, 196, 199, 202, 208, 209, 215, 218, 219, 226, 228, 232, 235, 243, 248, 252, 254, 256, 264, 267, 273, 275, 276, 277, 278, 281, 282, 289, 295, 299, 300, 306, 311, 314, 318, 321, 328, 329, 330, 331, 334, 335, 342, 343, 345, 346, 347, 351, 352, 356, 358, 359, 360, 362, 367, 368, 370, 376, 377, 380, 383, 385, 387, 395, 399, 400]
x_7: [4, 5, 10, 21, 23, 26, 31, 34, 37, 38, 39, 40, 61, 62, 65, 66, 69, 72, 73, 74, 84, 88, 89, 90, 94, 106, 108, 110, 111, 115, 122, 124, 129, 135, 142, 145, 146, 147, 148, 150, 154, 156, 160, 169, 173, 178, 180, 181, 184, 190, 191, 192, 194, 195, 196, 202, 205, 206, 208, 209, 210, 211, 215, 216, 218, 219, 225, 226, 228, 236, 240, 243, 252, 256, 257, 262, 267, 270, 273, 279, 281, 282, 289, 291, 293, 300, 306, 319, 321, 325, 328, 329, 330, 332, 334, 337, 339, 341, 343, 344, 347, 356, 358, 359, 360, 362, 367, 370, 376, 378, 379, 381, 385, 387, 390, 392, 393, 395, 396, 400]
x_8: [5, 16, 17, 20, 21, 27, 28, 30, 31, 34, 44, 47, 53, 61, 62, 63, 68, 69, 71, 72, 73, 74, 84, 85, 86, 88, 90, 94, 97, 101, 106, 108, 109, 110, 115, 119, 122, 124, 130, 135, 139, 141, 142, 145, 146, 147, 148, 153, 155, 156, 161, 164, 171, 173, 174, 176, 177, 180, 181, 184, 191, 195, 202, 203, 206, 208, 209, 221, 230, 236, 241, 242, 256, 257, 263, 267, 271, 275, 278, 279, 281, 282, 295, 300, 314, 315, 316, 317, 318, 322, 324, 329, 330, 335, 338, 339, 346, 354, 356, 358, 361, 362, 367, 368, 370, 372, 377, 378, 381, 383, 387, 396, 399]
x_9: [2, 11, 13, 15, 19, 20, 22, 24, 29, 32, 33, 35, 40, 42, 43, 46, 48, 57, 58, 59, 70, 76, 77, 79, 80, 82, 83, 91, 97, 100, 102, 107, 114, 118, 120, 125, 127, 132, 133, 136, 138, 141, 144, 149, 150, 152, 162, 164, 166, 175, 186, 188, 190, 192, 198, 201, 207, 214, 216, 222, 224, 227, 231, 234, 237, 239, 245, 246, 250, 253, 258, 269, 271, 280, 284, 286, 291, 294, 297, 298, 299, 301, 303, 305, 307, 310, 317, 320, 332, 340, 345, 347, 350, 353, 355, 357, 367, 369, 374, 382, 384, 386, 389, 390, 393, 397, 398]
x_10: [2, 6, 7, 13, 14, 15, 20, 23, 24, 33, 35, 43, 48, 51, 54, 55, 59, 60, 64, 80, 91, 93, 97, 98, 99, 102, 104, 107, 113, 114, 116, 120, 127, 132, 133, 134, 136, 137, 146, 151, 152, 157, 162, 163, 165, 166, 169, 170, 172, 173, 174, 178, 179, 182, 185, 189, 193, 197, 213, 217, 223, 224, 231, 239, 244, 246, 247, 258, 267, 269, 271, 272, 274, 276, 284, 287, 288, 291, 293, 294, 296, 299, 302, 308, 309, 312, 313, 323, 324, 327, 332, 333, 336, 344, 350, 351, 355, 361, 363, 364, 365, 366, 383, 385, 388, 389, 391, 394, 397, 398]
x_11: [1, 4, 5, 6, 9, 12, 21, 25, 30, 31, 37, 38, 44, 47, 54, 63, 65, 66, 68, 75, 80, 82, 84, 85, 86, 88, 94, 106, 109, 110, 115, 120, 121, 122, 126, 129, 139, 146, 147, 153, 155, 156, 167, 171, 179, 180, 181, 184, 192, 194, 195, 196, 199, 200, 202, 203, 208, 209, 210, 212, 220, 225, 226, 228, 232, 235, 240, 241, 242, 249, 252, 254, 256, 259, 263, 266, 267, 275, 276, 290, 299, 300, 314, 316, 317, 318, 321, 322, 328, 329, 334, 335, 337, 339, 341, 345, 346, 351, 352, 354, 359, 361, 362, 367, 368, 372, 377, 378, 379, 383, 385, 387, 390, 392, 395, 399]
x_12: [4, 6, 11, 13, 14, 15, 16, 22, 23, 33, 36, 40, 41, 43, 48, 50, 51, 55, 57, 58, 59, 77, 78, 81, 83, 87, 88, 90, 91, 92, 93, 98, 100, 108, 112, 113, 114, 117, 120, 123, 124, 125, 132, 133, 137, 141, 143, 144, 149, 151, 152, 157, 160, 162, 164, 165, 169, 170, 174, 178, 182, 183, 186, 187, 188, 189, 193, 197, 198, 204, 207, 213, 214, 221, 223, 224, 234, 237, 239, 246, 250, 259, 260, 265, 269, 271, 272, 276, 286, 292, 293, 294, 301, 302, 303, 305, 308, 309, 313, 319, 320, 326, 327, 332, 342, 345, 349, 350, 357, 363, 365, 373, 374, 382, 386, 388, 389, 391, 398]
x_13: [1, 4, 5, 9, 10, 12, 17, 28, 31, 47, 49, 53, 54, 61, 63, 66, 68, 71, 74, 75, 86, 90, 101, 103, 105, 106, 109, 115, 116, 126, 130, 135, 136, 137, 139, 142, 151, 154, 155, 156, 158, 161, 171, 173, 177, 179, 180, 187, 190, 193, 195, 196, 200, 202, 203, 205, 209, 212, 215, 216, 217, 218, 219, 220, 225, 233, 235, 240, 241, 248, 252, 256, 257, 264, 273, 278, 279, 281, 282, 290, 300, 306, 307, 311, 313, 316, 317, 318, 321, 328, 329, 330, 335, 337, 338, 339, 341, 342, 346, 347, 350, 354, 356, 358, 360, 361, 362, 370, 371, 372, 377, 378, 380, 383, 385, 392, 396, 399, 400]
x_14: [1, 5, 10, 12, 17, 18, 26, 27, 28, 30, 44, 47, 53, 63, 66, 67, 68, 69, 71, 72, 73, 74, 78, 84, 86, 88, 90, 94, 105, 109, 115, 124, 126, 129, 130, 135, 142, 145, 147, 148, 153, 154, 156, 158, 160, 161, 176, 177, 179, 181, 190, 191, 192, 194, 195, 196, 200, 203, 207, 209, 210, 212, 216, 224, 225, 228, 230, 233, 234, 235, 236, 242, 248, 249, 251, 253, 254, 255, 257, 261, 262, 266, 267, 268, 275, 277, 280, 282, 287, 289, 290, 300, 304, 306, 311, 316, 317, 321, 325, 328, 329, 330, 335, 337, 338, 339, 342, 358, 360, 368, 370, 371, 379, 381, 399, 400]
x_15: [4, 5, 9, 10, 12, 19, 21, 26, 27, 30, 34, 35, 37, 38, 39, 44, 46, 53, 54, 61, 62, 65, 66, 67, 68, 69, 71, 72, 73, 74, 75, 85, 86, 88, 89, 90, 94, 101, 103, 105, 106, 110, 111, 119, 122, 124, 128, 130, 134, 135, 139, 145, 147, 148, 149, 153, 154, 158, 160, 172, 173, 176, 180, 186, 190, 194, 195, 199, 202, 203, 205, 206, 208, 209, 210, 212, 215, 216, 217, 219, 225, 228, 230, 232, 235, 240, 241, 242, 248, 249, 252, 254, 255, 256, 257, 259, 266, 270, 272, 273, 275, 281, 290, 295, 300, 306, 316, 322, 329, 334, 335, 337, 339, 341, 342, 343, 346, 352, 354, 356, 360, 361, 367, 368, 371, 372, 376, 377, 379, 381, 383, 385, 387, 390, 392, 393, 396, 399, 400]
x_16: [1, 4, 8, 12, 18, 20, 28, 30, 34, 39, 47, 53, 62, 63, 66, 67, 72, 74, 78, 84, 85, 86, 88, 94, 97, 101, 105, 109, 110, 119, 121, 122, 124, 129, 135, 139, 141, 146, 148, 150, 153, 156, 158, 164, 168, 171, 174, 176, 180, 181, 184, 191, 194, 195, 199, 200, 202, 206, 209, 211, 215, 216, 221, 225, 228, 230, 232, 233, 252, 256, 264, 266, 267, 268, 270, 271, 277, 278, 279, 281, 282, 295, 306, 311, 316, 317, 318, 322, 324, 325, 329, 331, 337, 339, 341, 346, 352, 354, 358, 359, 361, 362, 368, 377, 379, 381, 385, 400]
x_17: [6, 8, 13, 14, 24, 25, 29, 32, 35, 36, 40, 41, 43, 46, 57, 58, 60, 64, 70, 79, 81, 82, 83, 84, 91, 92, 100, 102, 104, 116, 117, 120, 123, 127, 128, 133, 136, 137, 138, 149, 151, 152, 157, 159, 164, 165, 166, 167, 170, 174, 175, 178, 180, 186, 187, 189, 199, 207, 214, 222, 223, 224, 227, 229, 231, 234, 237, 239, 244, 245, 250, 261, 265, 269, 272, 274, 280, 285, 287, 290, 293, 294, 296, 297, 298, 301, 302, 304, 308, 309, 312, 313, 320, 322, 326, 327, 328, 331, 332, 333, 340, 346, 348, 353, 355, 363, 364, 369, 373, 374, 384, 386, 389, 394, 398]
x_18: [6, 14, 16, 20, 23, 26, 29, 33, 35, 40, 41, 42, 44, 46, 50, 52, 55, 56, 59, 64, 70, 77, 80, 82, 83, 87, 91, 97, 99, 100, 102, 104, 107, 116, 117, 118, 120, 123, 125, 127, 128, 131, 133, 136, 138, 141, 149, 152, 159, 162, 163, 164, 167, 169, 170, 174, 175, 178, 181, 183, 185, 188, 193, 198, 204, 213, 214, 219, 220, 222, 223, 227, 231, 234, 238, 239, 240, 250, 251, 258, 260, 269, 276, 280, 283, 285, 287, 292, 298, 299, 301, 302, 304, 305, 308, 309, 310, 312, 313, 320, 323, 324, 326, 336, 344, 345, 349, 353, 355, 362, 363, 364, 366, 369, 377, 382, 386, 388, 394, 398, 399]
x_19: [1, 4, 5, 9, 15, 21, 25, 26, 27, 28, 30, 31, 35, 37, 38, 39, 44, 46, 47, 49, 61, 63, 65, 66, 68, 69, 71, 73, 85, 89, 101, 106, 108, 110, 115, 121, 122, 126, 128, 130, 134, 135, 139, 142, 145, 146, 147, 148, 149, 150, 154, 155, 156, 158, 160, 172, 177, 181, 184, 186, 194, 202, 203, 205, 209, 210, 211, 212, 215, 217, 218, 219, 220, 225, 226, 228, 233, 235, 240, 241, 242, 243, 249, 252, 255, 256, 262, 264, 266, 267, 268, 270, 272, 273, 275, 277, 278, 279, 281, 295, 306, 311, 314, 317, 318, 325, 331, 335, 337, 338, 339, 341, 347, 354, 360, 362, 367, 368, 371, 380, 381, 383, 385, 390, 393, 400]
x_20: [8, 9, 10, 16, 18, 25, 28, 37, 38, 44, 49, 53, 54, 65, 66, 68, 71, 73, 75, 78, 84, 89, 90, 94, 97, 101, 103, 105, 109, 110, 111, 119, 124, 126, 129, 135, 141, 142, 145, 147, 148, 150, 154, 155, 158, 161, 164, 168, 171, 173, 174, 177, 179, 180, 184, 191, 194, 196, 203, 208, 212, 217, 218, 219, 221, 225, 232, 233, 235, 240, 241, 242, 243, 249, 255, 257, 259, 263, 264, 266, 270, 271, 275, 277, 278, 279, 281, 289, 311, 314, 315, 317, 318, 321, 322, 324, 325, 330, 334, 335, 338, 339, 342, 352, 359, 360, 367, 370, 371, 372, 377, 381, 385, 390, 395, 396, 400]
x_21: [2, 3, 7, 8, 11, 15, 19, 22, 23, 24, 29, 35, 36, 41, 42, 45, 46, 48, 56, 58, 59, 60, 69, 70, 77, 82, 87, 91, 93, 96, 97, 99, 100, 102, 104, 107, 113, 114, 117, 118, 125, 129, 132, 138, 140, 141, 143, 147, 149, 151, 152, 159, 165, 167, 169, 170, 172, 178, 182, 187, 188, 193, 197, 198, 207, 213, 221, 222, 223, 226, 231, 233, 234, 235, 237, 244, 245, 246, 253, 254, 256, 261, 269, 274, 276, 280, 284, 285, 286, 287, 293, 298, 299, 301, 302, 305, 308, 310, 313, 320, 323, 326, 327, 344, 350, 351, 353, 355, 366, 369, 373, 380, 386, 388, 394, 397, 398]
x_22: [1, 4, 9, 12, 21, 25, 26, 27, 28, 31, 34, 37, 38, 47, 48, 49, 61, 62, 63, 67, 68, 69, 71, 73, 74, 75, 85, 86, 90, 100, 101, 103, 105, 106, 109, 110, 112, 122, 123, 142, 145, 146, 147, 148, 150, 153, 161, 168, 171, 180, 181, 183, 184, 194, 199, 202, 205, 208, 209, 211, 212, 215, 217, 220, 225, 228, 233, 235, 236, 240, 241, 242, 248, 252, 255, 256, 257, 265, 266, 270, 273, 277, 282, 290, 295, 300, 306, 308, 312, 318, 321, 322, 328, 330, 331, 334, 335, 339, 341, 352, 354, 358, 359, 360, 362, 367, 368, 372, 375, 376, 378, 379, 380, 381, 383, 385, 387, 390, 393, 395, 398, 400]
x_23: [4, 7, 10, 12, 18, 21, 26, 27, 30, 31, 34, 37, 38, 40, 47, 49, 53, 54, 62, 65, 66, 67, 68, 71, 72, 78, 90, 94, 105, 108, 109, 115, 121, 129, 135, 139, 142, 146, 148, 153, 154, 155, 160, 169, 173, 177, 178, 179, 180, 181, 190, 194, 195, 196, 199, 202, 203, 205, 208, 209, 210, 211, 217, 218, 225, 230, 232, 233, 236, 240, 254, 255, 257, 259, 267, 268, 270, 277, 278, 282, 289, 290, 291, 293, 306, 311, 314, 315, 319, 321, 329, 332, 335, 339, 341, 343, 344, 346, 352, 354, 358, 360, 362, 367, 368, 375, 379, 380, 383, 385, 387, 395, 396, 400]
x_24: [1, 4, 9, 10, 17, 21, 25, 26, 27, 28, 30, 31, 34, 37, 39, 44, 47, 49, 53, 55, 62, 63, 65, 66, 67, 71, 72, 74, 84, 88, 89, 101, 105, 106, 107, 109, 111, 113, 121, 122, 126, 129, 130, 131, 132, 139, 142, 145, 147, 148, 150, 153, 158, 168, 171, 175, 176, 177, 188, 190, 191, 200, 202, 203, 206, 208, 209, 212, 216, 217, 218, 232, 233, 236, 240, 241, 243, 252, 254, 256, 259, 262, 263, 264, 266, 270, 275, 278, 279, 294, 300, 311, 314, 315, 316, 318, 321, 328, 329, 331, 334, 335, 337, 338, 341, 342, 343, 346, 352, 354, 359, 361, 368, 370, 372, 375, 377, 378, 379, 383, 385, 388, 390, 395, 396, 399]
x_25: [2, 3, 11, 17, 19, 20, 22, 24, 32, 33, 35, 36, 40, 48, 50, 51, 52, 55, 56, 58, 59, 60, 64, 77, 79, 80, 81, 83, 84, 87, 93, 96, 97, 99, 102, 104, 113, 116, 118, 120, 128, 131, 133, 134, 136, 137, 141, 143, 144, 151, 152, 157, 159, 162, 169, 172, 174, 175, 178, 180, 182, 183, 186, 189, 193, 199, 204, 207, 213, 214, 221, 222, 231, 237, 238, 244, 245, 246, 250, 251, 253, 261, 265, 271, 274, 280, 283, 285, 286, 287, 288, 290, 293, 294, 297, 299, 302, 303, 304, 305, 307, 308, 312, 320, 322, 323, 324, 327, 328, 331, 332, 336, 344, 346, 348, 350, 351, 353, 355, 363, 364, 366, 369, 374, 382, 388, 389, 391, 394, 397]
x_26: [7, 14, 15, 18, 19, 22, 23, 24, 32, 33, 35, 43, 44, 45, 46, 48, 50, 52, 55, 56, 57, 59, 64, 76, 77, 80, 82, 87, 92, 93, 95, 96, 99, 107, 112, 114, 116, 120, 123, 127, 128, 131, 132, 133, 144, 151, 152, 159, 162, 166, 167, 172, 174, 175, 178, 181, 182, 187, 188, 189, 193, 197, 201, 204, 207, 213, 214, 219, 220, 221, 223, 227, 229, 231, 239, 240, 250, 253, 260, 261, 265, 271, 272, 280, 285, 286, 287, 288, 291, 292, 296, 298, 301, 303, 305, 307, 309, 310, 313, 320, 323, 324, 332, 333, 344, 345, 348, 362, 364, 373, 374, 377, 384, 386, 391, 394, 399]
x_27: [2, 3, 6, 8, 14, 15, 19, 22, 23, 24, 28, 29, 33, 35, 41, 45, 48, 51, 52, 56, 57, 60, 64, 77, 79, 83, 86, 87, 92, 93, 96, 98, 99, 100, 104, 105, 109, 113, 114, 116, 127, 128, 133, 134, 136, 144, 151, 157, 159, 162, 166, 169, 170, 172, 174, 175, 183, 185, 189, 198, 204, 222, 223, 224, 227, 231, 232, 238, 244, 246, 258, 261, 263, 265, 272, 274, 284, 285, 287, 288, 291, 294, 296, 297, 299, 302, 303, 307, 308, 309, 312, 323, 324, 326, 327, 332, 336, 348, 350, 351, 357, 363, 364, 365, 366, 369, 371, 374, 379, 384, 389, 395, 397, 398]
x_28: [6, 8, 13, 14, 16, 19, 20, 22, 24, 27, 40, 41, 46, 52, 55, 56, 57, 70, 76, 80, 81, 82, 86, 87, 105, 109, 112, 114, 118, 120, 123, 132, 136, 141, 157, 159, 162, 163, 164, 165, 169, 170, 172, 183, 185, 186, 187, 188, 193, 198, 213, 221, 222, 227, 229, 232, 237, 244, 250, 261, 263, 271, 272, 274, 283, 284, 286, 287, 288, 293, 296, 297, 298, 299, 302, 303, 305, 308, 310, 312, 319, 326, 327, 332, 333, 344, 348, 350, 351, 353, 355, 357, 363, 365, 366, 371, 379, 382, 388, 391, 395]
x_29: [1, 5, 9, 17, 18, 21, 27, 30, 31, 34, 38, 44, 49, 52, 53, 54, 62, 66, 67, 68, 69, 71, 72, 73, 74, 75, 78, 84, 85, 86, 89, 90, 95, 101, 105, 106, 109, 111, 115, 118, 121, 122, 124, 126, 129, 130, 135, 139, 146, 147, 150, 154, 155, 158, 160, 161, 165, 173, 176, 179, 180, 181, 184, 190, 191, 192, 194, 195, 196, 199, 200, 203, 206, 208, 210, 211, 215, 217, 219, 220, 225, 228, 232, 235, 240, 241, 244, 249, 252, 255, 256, 257, 263, 267, 273, 275, 277, 278, 282, 288, 289, 306, 316, 317, 321, 325, 326, 333, 335, 338, 339, 341, 342, 343, 352, 354, 356, 358, 361, 362, 363, 368, 370, 372, 375, 376, 378, 380, 383, 390, 395, 399, 400]
x_30: [2, 5, 6, 8, 11, 14, 15, 16, 19, 23, 24, 29, 32, 33, 35, 36, 42, 43, 45, 46, 51, 52, 57, 58, 59, 66, 77, 79, 80, 81, 82, 83, 87, 92, 93, 95, 96, 98, 100, 102, 107, 112, 113, 117, 120, 121, 122, 123, 125, 127, 131, 132, 133, 134, 136, 137, 138, 141, 144, 149, 151, 152, 157, 162, 163, 164, 166, 167, 172, 182, 185, 186, 187, 188, 189, 193, 198, 201, 218, 222, 223, 231, 236, 237, 239, 246, 250, 257, 258, 260, 261, 265, 269, 270, 272, 276, 278, 284, 285, 288, 291, 292, 293, 298, 299, 301, 303, 304, 305, 307, 309, 310, 313, 324, 326, 327, 332, 333, 336, 340, 345, 348, 350, 351, 364, 365, 369, 382, 384, 389, 391]
x_31: [3, 6, 7, 8, 11, 13, 19, 22, 23, 24, 29, 36, 40, 42, 43, 48, 50, 52, 56, 59, 62, 64, 76, 83, 87, 92, 93, 95, 97, 98, 100, 101, 107, 112, 113, 117, 125, 128, 136, 137, 139, 140, 142, 143, 152, 161, 162, 163, 164, 165, 166, 167, 169, 172, 174, 178, 182, 184, 185, 187, 188, 189, 193, 197, 198, 204, 207, 212, 214, 221, 224, 227, 234, 238, 239, 245, 247, 250, 251, 258, 261, 269, 271, 272, 274, 276, 280, 285, 286, 287, 291, 292, 293, 294, 296, 297, 301, 302, 303, 305, 307, 308, 313, 320, 323, 324, 326, 327, 333, 340, 343, 344, 345, 349, 350, 353, 363, 364, 369, 373, 386, 389, 391, 394, 396, 398]
x_32: [1, 4, 9, 17, 25, 26, 30, 38, 39, 44, 47, 49, 53, 54, 58, 62, 63, 67, 72, 75, 78, 88, 101, 103, 105, 106, 108, 109, 115, 119, 126, 129, 135, 138, 145, 156, 158, 160, 161, 168, 171, 176, 177, 179, 180, 182, 192, 195, 196, 200, 202, 203, 205, 206, 209, 211, 212, 215, 216, 220, 226, 230, 232, 233, 235, 236, 241, 242, 243, 248, 249, 252, 254, 255, 256, 263, 264, 270, 277, 278, 284, 289, 290, 295, 300, 305, 311, 314, 315, 316, 321, 322, 325, 327, 329, 330, 335, 337, 338, 339, 342, 343, 346, 347, 352, 353, 354, 356, 358, 362, 367, 368, 371, 375, 376, 377, 378, 379, 380, 381, 382, 383, 387, 391, 395, 399]
x_33: [1, 5, 9, 10, 12, 18, 25, 26, 27, 30, 34, 47, 49, 54, 56, 63, 67, 68, 71, 73, 75, 78, 84, 86, 88, 89, 94, 101, 103, 105, 106, 108, 114, 122, 126, 127, 129, 135, 139, 145, 148, 153, 160, 161, 173, 179, 181, 191, 192, 195, 197, 199, 202, 205, 206, 208, 209, 212, 214, 215, 216, 219, 220, 226, 232, 236, 240, 242, 243, 248, 250, 252, 254, 257, 259, 262, 266, 267, 270, 278, 279, 289, 290, 292, 295, 314, 315, 316, 317, 321, 325, 329, 330, 335, 337, 338, 341, 342, 352, 359, 360, 368, 369, 371, 377, 379, 380, 383, 386, 387, 392, 393, 399, 400]
x_34: [2, 7, 8, 15, 16, 22, 23, 24, 29, 33, 35, 37, 40, 42, 43, 45, 50, 51, 52, 55, 56, 59, 70, 76, 77, 79, 81, 87, 93, 95, 96, 97, 99, 100, 104, 110, 112, 118, 123, 125, 138, 140, 144, 152, 157, 159, 163, 166, 168, 169, 174, 182, 183, 186, 187, 189, 193, 198, 201, 204, 210, 213, 214, 221, 222, 223, 224, 228, 229, 234, 237, 238, 244, 246, 250, 251, 253, 260, 271, 273, 281, 284, 285, 287, 288, 291, 298, 299, 301, 304, 307, 309, 310, 313, 319, 320, 323, 324, 326, 333, 339, 348, 351, 357, 364, 365, 366, 369, 373, 374, 381, 382, 384, 386, 388, 391]
x_35: [4, 5, 9, 10, 15, 17, 18, 19, 21, 25, 26, 27, 30, 34, 39, 46, 49, 54, 62, 65, 67, 69, 73, 74, 75, 84, 85, 86, 90, 94, 101, 103, 105, 108, 115, 119, 121, 122, 126, 128, 130, 134, 142, 145, 146, 149, 150, 154, 155, 156, 160, 161, 168, 172, 173, 181, 186, 192, 194, 195, 196, 199, 202, 203, 206, 208, 215, 217, 219, 220, 225, 232, 233, 240, 243, 252, 254, 255, 256, 257, 259, 262, 266, 267, 270, 272, 273, 275, 277, 279, 281, 282, 289, 311, 331, 334, 337, 338, 343, 346, 356, 358, 359, 360, 361, 362, 370, 375, 376, 377, 387, 390, 392, 395, 399]
x_36: [1, 5, 12, 17, 21, 25, 30, 31, 39, 43, 47, 54, 57, 61, 66, 67, 68, 69, 72, 73, 75, 76, 78, 84, 85, 86, 89, 99, 101, 103, 105, 106, 110, 115, 124, 133, 135, 142, 145, 146, 147, 148, 150, 155, 156, 158, 161, 168, 173, 177, 180, 181, 184, 190, 191, 196, 199, 200, 202, 205, 206, 208, 209, 210, 211, 212, 215, 216, 219, 220, 222, 225, 228, 233, 235, 236, 240, 242, 243, 249, 256, 257, 262, 263, 264, 266, 270, 273, 278, 279, 286, 289, 290, 295, 306, 311, 318, 322, 328, 329, 331, 334, 335, 338, 339, 341, 343, 346, 347, 348, 352, 354, 359, 362, 366, 367, 368, 378, 381, 383, 385, 390, 392, 393, 395, 396, 399]
x_37: [2, 3, 6, 7, 11, 15, 19, 20, 22, 23, 24, 34, 40, 42, 46, 48, 56, 57, 58, 64, 70, 76, 77, 83, 92, 95, 97, 99, 100, 107, 110, 112, 113, 114, 117, 118, 120, 125, 127, 132, 134, 136, 137, 138, 143, 157, 159, 162, 163, 164, 168, 172, 174, 182, 183, 185, 189, 197, 201, 210, 214, 221, 222, 223, 224, 227, 228, 231, 239, 244, 245, 246, 247, 250, 258, 260, 265, 269, 272, 273, 276, 280, 281, 285, 298, 301, 302, 304, 308, 312, 313, 319, 323, 339, 340, 344, 348, 349, 350, 353, 357, 364, 365, 374, 381, 384, 388, 389, 397, 398]
x_38: [1, 2, 6, 7, 11, 15, 19, 20, 22, 23, 29, 32, 40, 41, 43, 45, 46, 48, 49, 50, 52, 58, 72, 76, 82, 87, 91, 92, 93, 95, 96, 97, 98, 99, 107, 112, 114, 118, 119, 120, 125, 133, 134, 138, 140, 143, 149, 151, 152, 157, 163, 165, 166, 167, 169, 172, 175, 178, 182, 185, 186, 187, 189, 198, 203, 204, 207, 214, 221, 222, 224, 227, 231, 234, 239, 245, 252, 253, 255, 261, 269, 272, 276, 286, 287, 288, 292, 294, 296, 297, 298, 300, 301, 302, 303, 305, 307, 308, 310, 312, 313, 319, 320, 323, 325, 326, 333, 340, 344, 345, 357, 366, 369, 382, 384, 394, 397]
x_39: [2, 6, 7, 15, 16, 19, 24, 32, 35, 36, 40, 41, 42, 45, 46, 47, 50, 51, 52, 55, 56, 64, 70, 71, 74, 76, 79, 82, 83, 91, 95, 96, 97, 100, 102, 104, 112, 114, 116, 120, 127, 130, 131, 133, 137, 138, 141, 143, 149, 151, 152, 154, 156, 157, 159, 162, 163, 164, 170, 175, 183, 185, 186, 187, 193, 201, 205, 213, 214, 221, 222, 223, 224, 227, 230, 231, 238, 239, 245, 250, 251, 260, 261, 265, 269, 271, 272, 283, 285, 288, 291, 294, 299, 301, 302, 303, 304, 305, 307, 309, 310, 313, 319, 320, 324, 333, 336, 344, 345, 348, 350, 351, 353, 355, 356, 357, 366, 369, 382, 384, 386, 391, 397]
x_40: [5, 7, 9, 12, 17, 18, 23, 25, 28, 31, 34, 37, 38, 39, 44, 47, 49, 65, 67, 71, 72, 73, 84, 88, 89, 90, 94, 101, 105, 108, 109, 119, 121, 122, 126, 129, 135, 139, 142, 147, 148, 153, 158, 168, 169, 173, 177, 178, 181, 184, 194, 199, 205, 206, 210, 211, 212, 216, 218, 219, 220, 225, 228, 230, 232, 236, 240, 241, 242, 248, 256, 257, 262, 263, 270, 273, 277, 279, 289, 291, 293, 295, 300, 306, 315, 316, 318, 319, 328, 329, 330, 331, 332, 334, 335, 338, 339, 341, 344, 346, 352, 356, 358, 359, 360, 362, 370, 371, 372, 378, 379, 380, 392, 393, 399, 400]
x_41: [1, 4, 12, 17, 18, 21, 27, 28, 38, 39, 45, 49, 53, 54, 61, 62, 63, 65, 67, 71, 72, 73, 74, 75, 85, 86, 88, 89, 92, 101, 103, 105, 106, 108, 111, 115, 117, 122, 126, 139, 142, 145, 146, 148, 150, 152, 153, 154, 158, 160, 161, 163, 168, 176, 177, 180, 181, 184, 185, 191, 192, 194, 199, 205, 206, 208, 209, 210, 216, 217, 218, 219, 220, 225, 226, 232, 233, 240, 242, 248, 249, 252, 254, 255, 260, 263, 264, 268, 275, 277, 279, 281, 289, 290, 316, 318, 320, 322, 329, 330, 335, 337, 339, 343, 356, 358, 359, 360, 362, 367, 368, 370, 371, 375, 376, 377, 378, 379, 380, 387, 390, 397, 399]
x_42: [1, 4, 9, 18, 21, 30, 31, 34, 37, 39, 44, 47, 53, 54, 60, 61, 63, 64, 65, 66, 67, 68, 69, 71, 72, 73, 75, 77, 79, 86, 88, 89, 94, 105, 106, 108, 109, 110, 121, 124, 130, 135, 139, 146, 147, 148, 150, 153, 155, 157, 161, 168, 173, 179, 184, 192, 194, 199, 203, 209, 210, 212, 218, 219, 225, 230, 231, 236, 238, 241, 242, 243, 249, 252, 255, 256, 257, 259, 266, 268, 273, 275, 277, 278, 282, 289, 295, 311, 316, 317, 322, 325, 328, 329, 331, 337, 341, 342, 343, 347, 354, 357, 358, 361, 368, 370, 371, 373, 375, 376, 377, 378, 379, 380, 381, 383, 385, 387, 390, 392, 393, 396]
x_43: [9, 10, 12, 17, 26, 30, 31, 34, 36, 38, 53, 57, 63, 65, 66, 72, 73, 74, 76, 84, 85, 88, 94, 99, 101, 105, 108, 109, 110, 111, 115, 119, 121, 122, 124, 129, 130, 133, 135, 145, 146, 147, 148, 150, 153, 158, 161, 168, 171, 173, 180, 184, 192, 194, 195, 199, 205, 206, 208, 209, 210, 212, 220, 222, 225, 228, 230, 235, 243, 248, 249, 254, 262, 264, 266, 267, 268, 270, 273, 279, 286, 289, 290, 295, 315, 317, 318, 321, 325, 328, 329, 330, 331, 334, 335, 339, 341, 343, 347, 348, 359, 360, 361, 366, 367, 370, 371, 372, 375, 376, 377, 378, 380, 381, 387, 392]
x_44: [3, 6, 8, 11, 14, 15, 18, 19, 20, 24, 26, 29, 32, 40, 42, 45, 46, 48, 52, 55, 60, 64, 77, 81, 82, 91, 92, 93, 96, 100, 102, 104, 113, 114, 118, 120, 123, 127, 131, 133, 134, 136, 137, 138, 141, 143, 157, 159, 163, 164, 165, 167, 169, 170, 172, 175, 178, 181, 182, 183, 187, 197, 198, 204, 213, 214, 219, 220, 221, 222, 223, 224, 227, 229, 231, 234, 238, 240, 244, 245, 246, 247, 251, 253, 260, 272, 274, 285, 286, 288, 291, 292, 293, 296, 298, 299, 301, 302, 305, 307, 320, 323, 324, 327, 333, 345, 348, 350, 351, 355, 357, 362, 365, 366, 369, 373, 374, 377, 386, 391, 394, 398, 399]
x_45: [1, 4, 5, 21, 26, 27, 30, 34, 38, 39, 41, 44, 61, 62, 63, 65, 75, 85, 86, 89, 92, 94, 101, 103, 105, 108, 110, 115, 117, 139, 142, 145, 147, 148, 152, 153, 154, 155, 160, 161, 163, 168, 171, 179, 180, 181, 185, 190, 194, 195, 196, 199, 200, 202, 205, 209, 210, 215, 216, 218, 219, 220, 225, 228, 235, 236, 240, 241, 242, 243, 248, 256, 257, 260, 262, 267, 270, 273, 275, 277, 279, 281, 289, 290, 300, 315, 316, 317, 320, 322, 329, 331, 335, 338, 339, 346, 356, 359, 367, 368, 370, 372, 376, 377, 379, 380, 385, 387, 390, 396, 397, 399]
x_46: [1, 5, 9, 15, 17, 18, 19, 21, 26, 28, 30, 35, 37, 38, 39, 44, 49, 53, 61, 62, 63, 65, 66, 67, 68, 69, 72, 84, 85, 86, 89, 90, 101, 105, 108, 109, 110, 111, 115, 119, 121, 124, 128, 130, 134, 135, 146, 147, 148, 149, 150, 153, 154, 155, 156, 160, 161, 168, 172, 176, 179, 181, 186, 190, 192, 194, 195, 199, 200, 202, 203, 205, 208, 212, 220, 225, 226, 228, 230, 232, 233, 235, 236, 240, 241, 242, 243, 249, 254, 263, 264, 266, 272, 275, 277, 278, 279, 281, 282, 290, 295, 306, 317, 318, 321, 322, 325, 329, 331, 334, 335, 337, 342, 346, 352, 354, 361, 370, 371, 376, 377, 378, 379, 381, 383, 393, 396, 400]
x_47: [6, 8, 11, 13, 14, 16, 19, 22, 23, 24, 32, 33, 36, 39, 40, 42, 48, 55, 56, 58, 60, 64, 71, 74, 77, 79, 82, 92, 95, 96, 97, 98, 99, 112, 118, 120, 123, 125, 127, 128, 130, 134, 136, 140, 143, 149, 151, 152, 154, 156, 159, 162, 166, 167, 170, 172, 175, 178, 183, 185, 186, 187, 188, 189, 197, 198, 201, 204, 205, 207, 214, 227, 229, 230, 231, 234, 237, 238, 239, 247, 250, 251, 261, 265, 269, 272, 274, 276, 280, 283, 284, 286, 291, 296, 297, 299, 301, 302, 303, 308, 310, 313, 319, 323, 326, 332, 336, 344, 348, 350, 355, 356, 364, 365, 369, 373, 382, 384, 386, 391, 398]
x_48: [1, 4, 9, 10, 12, 21, 22, 25, 26, 27, 31, 37, 38, 44, 47, 49, 62, 65, 69, 72, 75, 78, 84, 85, 86, 89, 94, 100, 105, 106, 110, 112, 119, 122, 123, 124, 126, 130, 135, 139, 142, 145, 146, 147, 150, 153, 154, 156, 161, 168, 173, 177, 180, 183, 184, 191, 192, 194, 196, 200, 203, 205, 206, 209, 210, 211, 212, 215, 216, 217, 218, 220, 225, 226, 230, 233, 235, 240, 241, 242, 243, 248, 252, 254, 255, 256, 259, 263, 264, 265, 268, 273, 275, 277, 278, 279, 290, 295, 306, 308, 312, 314, 316, 318, 321, 322, 325, 329, 334, 335, 339, 342, 343, 352, 354, 356, 358, 360, 361, 362, 367, 368, 370, 376, 379, 380, 381, 383, 387, 393, 395, 396, 398, 399]
x_49: [1, 2, 3, 6, 13, 19, 20, 22, 23, 24, 29, 32, 33, 35, 38, 40, 41, 46, 48, 50, 51, 55, 56, 59, 60, 72, 76, 79, 81, 82, 92, 93, 96, 104, 107, 113, 114, 117, 118, 119, 125, 128, 131, 132, 137, 138, 141, 143, 144, 149, 162, 164, 165, 167, 169, 170, 172, 175, 182, 183, 185, 186, 187, 188, 189, 201, 203, 204, 207, 214, 221, 222, 227, 229, 238, 244, 245, 246, 247, 250, 252, 255, 258, 260, 269, 271, 272, 274, 276, 280, 288, 291, 292, 298, 299, 300, 301, 302, 303, 304, 310, 319, 320, 325, 327, 332, 340, 348, 349, 350, 353, 355, 363, 364, 365, 373, 374, 384, 386, 388, 398]
x_50: [5, 12, 18, 25, 26, 31, 34, 38, 39, 49, 53, 61, 66, 68, 71, 72, 74, 75, 78, 84, 85, 87, 90, 94, 103, 108, 110, 115, 119, 126, 129, 130, 135, 139, 142, 145, 146, 147, 150, 153, 156, 158, 160, 161, 173, 179, 181, 189, 190, 192, 199, 200, 202, 204, 206, 209, 210, 211, 212, 215, 216, 218, 226, 228, 230, 233, 236, 242, 243, 247, 248, 252, 254, 263, 267, 268, 270, 273, 274, 277, 278, 279, 281, 289, 290, 296, 300, 302, 311, 314, 317, 318, 321, 328, 329, 330, 331, 334, 337, 339, 341, 347, 349, 352, 354, 356, 358, 359, 364, 367, 375, 376, 377, 379, 380, 383, 385, 392, 393, 400]
x_51: [1, 10, 12, 25, 27, 30, 34, 39, 49, 53, 54, 59, 61, 62, 63, 65, 67, 71, 72, 74, 75, 86, 88, 89, 102, 108, 109, 119, 121, 122, 126, 142, 145, 147, 148, 154, 158, 162, 168, 171, 173, 177, 179, 181, 184, 190, 192, 194, 196, 201, 202, 209, 210, 211, 213, 218, 219, 225, 230, 233, 236, 239, 240, 242, 243, 245, 248, 252, 254, 255, 256, 259, 262, 264, 270, 281, 289, 290, 303, 306, 311, 315, 316, 321, 331, 335, 337, 340, 346, 354, 356, 358, 360, 361, 362, 367, 368, 370, 372, 376, 379, 380, 383, 396, 400]
x_52: [4, 5, 18, 25, 26, 27, 28, 29, 30, 31, 34, 38, 39, 44, 61, 62, 63, 65, 68, 73, 74, 88, 89, 90, 94, 95, 103, 105, 106, 108, 110, 111, 118, 119, 122, 135, 145, 146, 147, 148, 154, 156, 158, 160, 161, 165, 176, 177, 179, 184, 190, 192, 194, 195, 196, 199, 200, 202, 203, 206, 208, 212, 215, 217, 218, 219, 220, 226, 228, 232, 233, 235, 236, 241, 242, 243, 244, 248, 249, 252, 254, 256, 262, 266, 267, 268, 273, 275, 278, 279, 281, 288, 289, 295, 300, 306, 314, 315, 316, 321, 322, 326, 328, 329, 330, 331, 333, 339, 342, 343, 346, 352, 354, 358, 361, 363, 370, 371, 376, 378, 379, 381, 383, 387, 390, 393, 396, 399]
x_53: [3, 6, 8, 13, 14, 15, 16, 20, 23, 24, 29, 32, 41, 42, 43, 46, 50, 51, 55, 57, 58, 60, 63, 76, 77, 79, 80, 81, 87, 91, 93, 95, 97, 99, 102, 104, 112, 116, 120, 125, 127, 128, 131, 132, 137, 138, 141, 144, 151, 152, 157, 162, 163, 165, 166, 169, 170, 174, 175, 178, 183, 186, 187, 189, 191, 197, 198, 200, 201, 213, 214, 221, 222, 223, 227, 229, 231, 234, 239, 247, 248, 251, 261, 276, 282, 284, 287, 288, 291, 292, 294, 298, 301, 302, 303, 304, 307, 308, 309, 310, 311, 319, 320, 321, 324, 326, 327, 344, 349, 350, 351, 353, 357, 360, 374, 382, 388, 389, 391, 398, 400]
x_54: [2, 6, 10, 11, 13, 15, 20, 23, 29, 32, 33, 35, 36, 41, 42, 51, 55, 56, 57, 64, 80, 82, 83, 96, 97, 98, 99, 100, 104, 107, 112, 113, 114, 116, 117, 118, 123, 125, 127, 128, 132, 133, 134, 138, 141, 146, 149, 151, 152, 157, 162, 164, 165, 166, 172, 173, 174, 178, 179, 183, 188, 189, 193, 197, 198, 204, 207, 217, 221, 222, 223, 224, 238, 244, 246, 247, 250, 251, 261, 265, 267, 269, 274, 283, 284, 286, 287, 288, 292, 293, 294, 296, 299, 302, 303, 304, 308, 309, 310, 312, 313, 320, 323, 324, 326, 327, 333, 336, 340, 344, 345, 351, 361, 363, 366, 373, 374, 382, 383, 384, 385, 386, 389, 391, 394]
x_55: [1, 4, 5, 10, 12, 18, 24, 25, 26, 28, 34, 39, 44, 47, 49, 53, 54, 61, 62, 63, 66, 67, 72, 78, 84, 88, 90, 101, 107, 108, 110, 113, 119, 121, 122, 126, 130, 131, 132, 139, 142, 145, 148, 150, 153, 154, 156, 161, 171, 173, 175, 176, 179, 188, 191, 192, 196, 202, 203, 205, 210, 211, 212, 215, 216, 217, 218, 220, 226, 228, 232, 233, 241, 242, 243, 249, 252, 254, 255, 256, 257, 259, 264, 266, 268, 270, 273, 281, 282, 289, 294, 295, 306, 314, 318, 321, 329, 330, 331, 335, 337, 338, 341, 342, 346, 354, 358, 360, 361, 362, 367, 368, 371, 375, 376, 378, 379, 380, 383, 387, 388, 390, 396, 399, 400]
x_56: [1, 5, 18, 21, 25, 26, 27, 28, 31, 33, 34, 37, 39, 47, 49, 54, 61, 63, 65, 66, 67, 68, 71, 73, 75, 78, 84, 86, 89, 105, 110, 114, 119, 121, 122, 126, 127, 129, 130, 135, 139, 142, 145, 146, 147, 148, 155, 158, 161, 168, 171, 190, 191, 192, 194, 195, 197, 200, 205, 206, 209, 210, 214, 215, 216, 217, 218, 219, 225, 226, 228, 230, 233, 235, 240, 242, 248, 250, 254, 255, 257, 259, 262, 263, 264, 266, 267, 268, 278, 279, 282, 290, 292, 295, 306, 311, 317, 318, 330, 331, 334, 335, 337, 338, 339, 342, 346, 347, 354, 360, 361, 369, 376, 380, 381, 383, 386, 387, 390, 392, 393, 395, 399]
x_57: [1, 9, 12, 17, 26, 27, 28, 30, 36, 37, 43, 53, 54, 61, 62, 67, 71, 73, 74, 76, 88, 89, 99, 103, 106, 108, 109, 122, 126, 129, 133, 142, 145, 146, 147, 148, 150, 153, 155, 156, 160, 171, 173, 179, 190, 191, 194, 196, 199, 202, 203, 206, 208, 209, 210, 211, 212, 215, 217, 222, 226, 228, 230, 235, 236, 240, 241, 242, 249, 255, 259, 267, 268, 270, 275, 278, 279, 281, 286, 295, 300, 311, 314, 317, 321, 322, 329, 330, 335, 338, 348, 352, 354, 356, 358, 359, 360, 362, 366, 367, 370, 372, 376, 377, 378, 380, 381, 390, 392, 393, 395, 399, 400]
x_58: [1, 5, 9, 12, 17, 21, 25, 30, 32, 37, 38, 47, 53, 61, 63, 66, 67, 72, 73, 78, 88, 101, 103, 106, 109, 110, 115, 119, 129, 130, 138, 146, 147, 148, 150, 153, 155, 156, 168, 171, 173, 179, 181, 182, 190, 192, 194, 195, 196, 199, 200, 202, 205, 206, 210, 211, 212, 215, 216, 217, 226, 228, 230, 235, 236, 241, 242, 256, 259, 262, 263, 266, 267, 268, 270, 275, 277, 279, 281, 284, 289, 295, 300, 305, 306, 311, 314, 315, 316, 321, 325, 327, 328, 329, 330, 331, 334, 335, 338, 339, 342, 346, 352, 353, 354, 358, 359, 360, 361, 362, 371, 372, 375, 376, 382, 385, 390, 391, 393, 395, 396, 400]
x_59: [9, 10, 12, 18, 21, 25, 26, 30, 31, 34, 49, 51, 63, 66, 67, 68, 71, 74, 75, 78, 90, 94, 102, 103, 106, 108, 109, 110, 111, 121, 130, 135, 139, 142, 145, 148, 150, 153, 154, 162, 173, 176, 177, 179, 180, 184, 199, 201, 202, 203, 208, 209, 210, 212, 213, 215, 216, 217, 218, 219, 226, 228, 232, 236, 239, 243, 245, 248, 249, 254, 255, 257, 262, 263, 270, 273, 275, 278, 300, 303, 306, 311, 314, 315, 317, 321, 325, 328, 329, 330, 331, 335, 338, 339, 340, 342, 343, 346, 347, 352, 359, 360, 367, 368, 370, 375, 378, 380, 381, 383, 385, 387, 390, 392, 396, 399, 400]
x_60: [4, 5, 10, 17, 21, 25, 27, 42, 44, 47, 49, 53, 61, 62, 64, 65, 67, 68, 69, 77, 78, 79, 84, 85, 88, 90, 94, 101, 103, 106, 110, 111, 119, 121, 122, 129, 139, 142, 145, 146, 153, 154, 155, 157, 161, 168, 171, 173, 176, 179, 180, 184, 191, 192, 196, 202, 211, 212, 216, 217, 218, 225, 226, 228, 231, 232, 233, 235, 236, 238, 240, 241, 242, 243, 255, 256, 262, 264, 270, 273, 277, 279, 295, 300, 315, 322, 325, 330, 334, 335, 337, 342, 343, 356, 357, 358, 359, 360, 362, 367, 368, 370, 371, 373, 375, 378, 379, 392, 393, 395]
x_61: [3, 7, 8, 13, 15, 19, 22, 36, 41, 42, 45, 46, 50, 51, 52, 55, 56, 57, 58, 60, 68, 70, 76, 77, 79, 80, 82, 83, 91, 95, 96, 97, 99, 102, 104, 107, 113, 114, 117, 125, 133, 134, 138, 140, 141, 144, 149, 151, 157, 158, 159, 163, 164, 165, 167, 170, 172, 174, 175, 178, 182, 183, 185, 186, 188, 189, 193, 197, 207, 211, 213, 221, 222, 223, 227, 231, 234, 237, 239, 246, 251, 264, 265, 268, 269, 280, 283, 287, 288, 289, 294, 297, 299, 301, 304, 307, 318, 319, 320, 323, 324, 326, 327, 330, 332, 340, 341, 344, 349, 350, 351, 353, 355, 357, 363, 364, 365, 366, 369, 373, 374, 386, 391, 394, 397, 398]
x_62: [2, 3, 6, 7, 8, 15, 16, 22, 23, 24, 29, 31, 32, 35, 41, 45, 46, 48, 51, 52, 55, 57, 60, 70, 76, 80, 82, 83, 87, 92, 95, 96, 98, 100, 101, 104, 107, 112, 118, 120, 123, 127, 128, 131, 132, 133, 134, 136, 139, 140, 141, 142, 149, 151, 152, 157, 161, 166, 167, 170, 174, 175, 182, 184, 189, 193, 197, 198, 212, 213, 214, 221, 222, 224, 227, 229, 231, 234, 237, 244, 245, 246, 251, 253, 260, 261, 265, 269, 272, 276, 283, 285, 291, 292, 293, 296, 297, 298, 299, 303, 305, 308, 310, 313, 320, 323, 326, 327, 332, 333, 336, 343, 344, 348, 350, 353, 363, 364, 365, 366, 374, 384, 386, 388, 391, 396, 397, 398]
x_63: [3, 6, 8, 11, 13, 14, 16, 19, 22, 24, 32, 33, 41, 42, 43, 45, 46, 51, 52, 53, 55, 56, 58, 59, 70, 76, 79, 80, 81, 83, 97, 98, 99, 107, 112, 114, 117, 118, 125, 128, 131, 133, 137, 140, 141, 151, 152, 157, 164, 165, 166, 167, 169, 170, 172, 175, 178, 182, 183, 185, 189, 191, 198, 200, 201, 204, 214, 222, 227, 229, 234, 237, 238, 239, 248, 251, 258, 260, 261, 272, 282, 283, 284, 285, 287, 291, 293, 294, 296, 298, 299, 301, 308, 310, 311, 312, 320, 321, 323, 326, 332, 333, 349, 350, 353, 360, 363, 364, 365, 373, 384, 386, 388, 389, 394, 398, 400]
x_64: [1, 10, 17, 18, 25, 26, 27, 31, 37, 39, 42, 44, 47, 54, 60, 66, 68, 72, 74, 77, 78, 79, 84, 86, 88, 90, 94, 103, 105, 106, 108, 121, 124, 126, 135, 142, 145, 146, 148, 150, 153, 156, 157, 158, 173, 176, 177, 190, 191, 195, 199, 202, 203, 208, 209, 211, 215, 217, 218, 220, 225, 228, 230, 231, 236, 238, 240, 241, 242, 248, 249, 252, 256, 257, 262, 263, 266, 270, 275, 278, 279, 281, 282, 290, 300, 311, 314, 315, 316, 317, 318, 322, 325, 328, 330, 331, 338, 339, 341, 343, 346, 347, 357, 359, 360, 367, 372, 373, 375, 376, 380, 381, 383, 387, 390, 392, 393, 395, 400]
x_65: [2, 3, 7, 11, 15, 19, 20, 23, 24, 35, 40, 41, 42, 43, 45, 46, 48, 51, 52, 56, 60, 79, 80, 91, 95, 96, 97, 99, 100, 102, 104, 106, 107, 112, 113, 116, 118, 120, 123, 127, 128, 132, 138, 144, 151, 152, 157, 165, 167, 169, 170, 172, 174, 177, 178, 183, 186, 187, 189, 193, 194, 207, 213, 222, 223, 224, 227, 229, 231, 234, 239, 244, 245, 246, 250, 251, 253, 260, 261, 271, 272, 274, 275, 276, 277, 279, 280, 285, 286, 287, 288, 292, 293, 298, 301, 304, 307, 308, 309, 312, 313, 319, 320, 323, 326, 329, 332, 333, 336, 344, 345, 349, 350, 353, 363, 364, 365, 369, 370, 373, 374, 386, 391, 392, 394, 397]
x_66: [2, 5, 6, 7, 11, 13, 14, 15, 16, 19, 20, 23, 24, 29, 30, 36, 42, 43, 46, 50, 55, 56, 58, 59, 64, 77, 80, 82, 87, 91, 93, 96, 97, 98, 99, 104, 107, 113, 116, 118, 121, 122, 125, 127, 134, 136, 140, 143, 152, 157, 164, 165, 166, 167, 170, 174, 175, 178, 186, 187, 188, 193, 197, 198, 201, 207, 213, 214, 218, 221, 224, 227, 234, 236, 239, 244, 245, 251, 253, 257, 258, 261, 269, 270, 271, 272, 274, 276, 278, 283, 284, 287, 288, 291, 292, 293, 297, 299, 301, 303, 304, 307, 308, 312, 313, 319, 324, 333, 336, 340, 349, 351, 355, 363, 364, 365, 366, 382, 384, 386, 389, 394, 397, 398]
x_67: [2, 14, 15, 16, 22, 23, 24, 29, 32, 33, 35, 36, 40, 41, 42, 46, 51, 55, 56, 57, 58, 59, 60, 73, 77, 79, 81, 82, 83, 85, 87, 93, 97, 98, 99, 100, 102, 104, 107, 112, 113, 116, 120, 123, 127, 131, 132, 140, 145, 152, 155, 157, 162, 164, 165, 166, 167, 169, 170, 172, 178, 182, 185, 186, 188, 189, 193, 197, 207, 213, 214, 221, 222, 224, 234, 238, 241, 250, 260, 261, 266, 271, 274, 276, 283, 284, 285, 286, 288, 291, 294, 296, 298, 304, 305, 307, 310, 312, 313, 319, 323, 326, 327, 334, 336, 340, 344, 345, 349, 350, 351, 352, 355, 357, 364, 365, 366, 369, 373, 374, 376, 382, 384, 386, 389, 391, 397]
x_68: [2, 3, 6, 8, 11, 13, 14, 15, 19, 20, 22, 23, 29, 33, 36, 42, 46, 50, 52, 56, 59, 60, 61, 64, 77, 79, 81, 82, 83, 87, 91, 92, 95, 96, 97, 98, 100, 104, 107, 112, 116, 118, 120, 125, 127, 131, 133, 136, 137, 140, 143, 149, 152, 157, 158, 159, 162, 165, 166, 183, 186, 187, 189, 193, 201, 204, 207, 211, 213, 214, 221, 223, 224, 229, 234, 237, 239, 246, 251, 258, 260, 264, 268, 269, 271, 272, 276, 280, 283, 284, 288, 289, 294, 296, 297, 298, 299, 303, 307, 308, 313, 318, 320, 324, 330, 332, 333, 336, 340, 341, 344, 345, 348, 350, 351, 353, 363, 365, 373, 374, 382, 384, 389, 391, 394]
x_69: [2, 7, 8, 14, 15, 19, 21, 22, 29, 35, 36, 42, 46, 48, 60, 70, 77, 79, 82, 83, 91, 96, 98, 104, 107, 112, 114, 118, 125, 127, 129, 131, 134, 136, 137, 138, 140, 143, 144, 147, 159, 163, 164, 165, 166, 167, 169, 172, 175, 178, 183, 188, 197, 198, 201, 204, 214, 221, 222, 226, 231, 233, 234, 235, 238, 244, 246, 247, 251, 254, 256, 258, 261, 265, 269, 271, 272, 274, 280, 283, 284, 286, 287, 288, 294, 296, 298, 299, 301, 302, 304, 305, 307, 308, 313, 320, 323, 326, 332, 333, 345, 348, 349, 353, 364, 365, 369, 373, 374, 380, 384, 389]
x_70: [5, 9, 17, 18, 21, 28, 34, 37, 39, 61, 62, 63, 69, 73, 74, 75, 78, 85, 86, 88, 89, 90, 93, 94, 101, 103, 105, 108, 111, 115, 121, 122, 124, 126, 130, 135, 139, 142, 143, 146, 147, 153, 155, 158, 161, 168, 177, 179, 180, 181, 184, 190, 192, 195, 200, 203, 206, 208, 209, 210, 211, 212, 220, 226, 232, 235, 236, 246, 248, 249, 255, 256, 257, 258, 262, 267, 269, 270, 273, 275, 277, 278, 281, 282, 283, 289, 290, 295, 298, 300, 316, 318, 321, 322, 325, 330, 331, 334, 335, 337, 338, 339, 341, 342, 346, 347, 352, 354, 358, 359, 360, 362, 371, 374, 376, 380, 383, 385, 387, 392, 393, 394, 399, 400]
x_71: [2, 6, 8, 13, 14, 15, 19, 20, 22, 23, 24, 29, 33, 39, 40, 41, 42, 47, 50, 51, 56, 57, 59, 74, 76, 77, 79, 81, 82, 91, 93, 100, 102, 104, 112, 113, 120, 125, 127, 128, 130, 132, 137, 141, 154, 156, 163, 164, 166, 170, 174, 175, 182, 183, 185, 188, 193, 198, 204, 205, 213, 214, 222, 223, 230, 239, 245, 247, 253, 260, 271, 272, 280, 283, 284, 285, 286, 288, 292, 293, 297, 299, 301, 302, 303, 304, 305, 307, 308, 310, 312, 319, 320, 324, 326, 353, 356, 357, 369, 373, 384, 388, 394, 397, 398]
x_72: [1, 2, 3, 6, 7, 8, 14, 15, 16, 23, 24, 29, 32, 36, 38, 40, 41, 42, 43, 46, 48, 49, 50, 51, 55, 58, 64, 76, 79, 80, 82, 91, 92, 95, 96, 97, 99, 100, 102, 104, 107, 113, 116, 117, 119, 120, 127, 128, 132, 133, 136, 137, 140, 141, 143, 144, 149, 152, 157, 159, 163, 164, 165, 167, 169, 170, 172, 183, 185, 186, 187, 188, 193, 197, 198, 201, 203, 204, 213, 214, 222, 224, 227, 229, 238, 239, 245, 246, 247, 251, 252, 255, 258, 260, 265, 269, 272, 274, 280, 283, 284, 285, 287, 291, 292, 293, 300, 301, 304, 307, 310, 312, 320, 324, 325, 332, 333, 336, 351, 353, 355, 357, 363, 365, 369, 374, 382, 384, 386, 397, 398]
x_73: [2, 6, 7, 8, 14, 15, 19, 20, 22, 29, 33, 35, 36, 40, 41, 42, 43, 52, 56, 57, 58, 67, 70, 76, 77, 80, 82, 83, 85, 87, 91, 97, 98, 99, 100, 102, 104, 107, 112, 114, 116, 117, 118, 123, 125, 127, 128, 132, 136, 138, 145, 151, 155, 157, 162, 166, 167, 169, 178, 182, 185, 187, 188, 193, 197, 201, 204, 221, 223, 227, 231, 237, 238, 241, 246, 247, 250, 258, 266, 271, 272, 280, 283, 285, 288, 291, 292, 293, 298, 303, 304, 305, 307, 310, 320, 323, 326, 332, 334, 336, 340, 348, 351, 352, 355, 363, 364, 365, 366, 369, 374, 376, 382, 386, 388, 394]
x_74: [3, 6, 7, 8, 13, 14, 15, 16, 22, 24, 29, 35, 39, 41, 43, 47, 50, 51, 52, 57, 59, 64, 70, 71, 77, 79, 80, 83, 87, 91, 92, 96, 99, 102, 113, 114, 117, 120, 128, 130, 131, 132, 133, 136, 137, 141, 143, 144, 149, 154, 156, 157, 165, 167, 169, 170, 172, 174, 182, 186, 193, 204, 205, 207, 214, 221, 223, 224, 230, 231, 237, 238, 239, 244, 245, 247, 250, 258, 265, 269, 274, 276, 280, 283, 284, 286, 287, 288, 291, 292, 294, 296, 297, 302, 303, 304, 305, 307, 308, 310, 313, 320, 323, 326, 327, 344, 345, 348, 350, 356, 365, 366, 369, 382, 388, 389, 391, 394]
x_75: [2, 6, 11, 13, 15, 20, 22, 29, 32, 33, 35, 36, 41, 42, 45, 48, 50, 51, 56, 59, 70, 76, 77, 79, 80, 82, 91, 94, 95, 97, 98, 99, 100, 104, 112, 113, 114, 115, 120, 123, 125, 126, 133, 137, 138, 140, 141, 144, 151, 152, 157, 159, 162, 164, 166, 167, 170, 172, 175, 183, 187, 193, 197, 201, 207, 208, 213, 223, 224, 231, 237, 238, 242, 244, 246, 250, 251, 258, 261, 262, 269, 271, 272, 276, 285, 286, 291, 292, 293, 301, 304, 305, 308, 309, 312, 319, 323, 327, 332, 335, 337, 345, 348, 353, 355, 364, 365, 382, 386, 387]
x_76: [1, 9, 26, 28, 31, 34, 36, 37, 38, 39, 43, 49, 53, 57, 61, 62, 63, 71, 72, 73, 75, 85, 88, 99, 103, 106, 109, 110, 115, 119, 121, 122, 130, 133, 146, 147, 148, 150, 154, 155, 156, 158, 160, 171, 173, 180, 190, 192, 194, 195, 203, 205, 208, 209, 212, 217, 220, 222, 225, 226, 228, 233, 240, 243, 249, 256, 257, 268, 273, 277, 278, 279, 281, 282, 286, 289, 290, 306, 316, 318, 321, 328, 335, 337, 341, 342, 343, 347, 348, 352, 354, 358, 359, 361, 366, 367, 370, 372, 376, 379, 383, 390, 392, 396, 399, 400]
x_77: [1, 5, 9, 12, 18, 21, 25, 26, 27, 30, 34, 37, 42, 44, 47, 53, 60, 61, 64, 66, 67, 68, 69, 71, 73, 74, 75, 78, 79, 85, 86, 88, 94, 103, 105, 106, 108, 110, 119, 121, 129, 139, 142, 145, 146, 150, 154, 157, 160, 161, 173, 179, 180, 181, 190, 191, 194, 199, 200, 206, 209, 210, 215, 216, 219, 226, 228, 230, 231, 232, 233, 235, 238, 240, 249, 255, 256, 257, 263, 266, 268, 270, 273, 277, 279, 281, 295, 300, 306, 311, 317, 318, 322, 329, 334, 339, 341, 342, 343, 347, 352, 354, 356, 357, 358, 361, 367, 368, 372, 373, 376, 377, 381, 383, 385, 387, 390, 395, 399]
x_78: [2, 4, 6, 12, 14, 16, 20, 23, 29, 32, 33, 36, 48, 50, 55, 56, 58, 59, 60, 64, 70, 77, 88, 90, 91, 92, 93, 96, 97, 102, 104, 108, 113, 116, 117, 118, 124, 127, 128, 132, 133, 134, 136, 143, 144, 149, 151, 152, 159, 160, 162, 163, 165, 169, 172, 174, 182, 185, 193, 197, 198, 207, 214, 221, 223, 227, 231, 237, 238, 239, 245, 246, 250, 251, 253, 258, 259, 261, 265, 269, 272, 283, 284, 286, 287, 288, 291, 292, 293, 296, 299, 302, 303, 304, 305, 310, 320, 324, 326, 332, 333, 336, 342, 345, 350, 351, 355, 357, 363, 365, 366, 373, 374, 382, 384, 388, 389, 391, 398]
x_79: [1, 4, 9, 17, 25, 27, 30, 34, 39, 42, 47, 49, 53, 60, 61, 63, 64, 65, 67, 68, 69, 71, 72, 74, 75, 77, 86, 88, 89, 106, 108, 111, 115, 119, 122, 124, 126, 129, 130, 135, 139, 145, 147, 150, 153, 154, 155, 157, 158, 160, 161, 171, 173, 176, 180, 181, 184, 191, 192, 196, 199, 200, 203, 206, 208, 209, 210, 211, 212, 215, 220, 225, 226, 228, 230, 231, 233, 238, 248, 254, 255, 262, 264, 266, 267, 268, 273, 277, 278, 279, 281, 282, 289, 290, 295, 306, 311, 315, 316, 317, 318, 321, 322, 325, 328, 329, 331, 335, 337, 338, 339, 341, 342, 343, 347, 352, 356, 357, 358, 359, 360, 362, 367, 372, 373, 375, 376, 380, 381, 390, 392, 396, 399, 400]
x_80: [1, 4, 6, 9, 10, 11, 18, 25, 26, 28, 30, 53, 54, 61, 62, 63, 65, 66, 72, 73, 74, 75, 82, 86, 90, 103, 105, 106, 109, 115, 120, 121, 126, 130, 135, 139, 142, 145, 146, 148, 153, 155, 156, 158, 160, 161, 167, 173, 176, 177, 180, 190, 192, 194, 199, 202, 206, 208, 209, 210, 211, 212, 215, 216, 218, 225, 228, 233, 236, 242, 248, 252, 255, 256, 257, 259, 262, 266, 267, 268, 275, 276, 277, 278, 279, 281, 282, 299, 300, 306, 314, 315, 318, 329, 331, 334, 341, 342, 345, 346, 351, 352, 356, 358, 359, 362, 367, 370, 371, 375, 377, 380, 381, 383, 385, 392]
x_81: [2, 3, 5, 12, 17, 25, 28, 30, 34, 44, 49, 53, 63, 67, 68, 71, 84, 85, 86, 88, 94, 98, 101, 103, 108, 110, 111, 121, 125, 126, 129, 130, 135, 145, 148, 155, 159, 161, 173, 176, 184, 190, 191, 192, 194, 196, 198, 205, 208, 210, 211, 212, 215, 218, 219, 220, 223, 225, 226, 232, 235, 236, 237, 240, 242, 243, 249, 254, 255, 259, 262, 266, 267, 268, 270, 273, 275, 277, 282, 289, 295, 300, 306, 310, 311, 314, 315, 316, 317, 318, 321, 325, 330, 331, 335, 337, 338, 339, 342, 346, 358, 361, 367, 375, 377, 378, 379, 380, 390, 392, 393, 400]
x_82: [1, 4, 6, 9, 11, 17, 18, 21, 26, 28, 30, 38, 39, 44, 47, 49, 54, 61, 62, 66, 67, 68, 69, 71, 72, 73, 75, 80, 85, 86, 88, 90, 101, 105, 106, 108, 110, 111, 120, 124, 130, 135, 139, 146, 147, 150, 153, 154, 155, 156, 158, 161, 167, 171, 173, 176, 181, 190, 191, 192, 194, 195, 200, 205, 209, 211, 217, 218, 220, 236, 241, 242, 243, 248, 249, 254, 255, 257, 266, 267, 268, 273, 276, 279, 281, 282, 290, 299, 306, 314, 317, 318, 321, 322, 329, 331, 334, 337, 341, 343, 345, 346, 351, 356, 358, 359, 361, 367, 368, 370, 376, 377, 378, 379, 381, 385, 387, 392, 396, 399]
x_83: [1, 5, 9, 12, 17, 18, 25, 27, 30, 31, 37, 39, 54, 61, 62, 63, 67, 68, 69, 73, 74, 90, 94, 101, 106, 110, 111, 115, 121, 124, 129, 130, 135, 139, 140, 147, 148, 150, 153, 154, 155, 160, 166, 171, 176, 177, 179, 181, 190, 191, 194, 195, 199, 200, 205, 208, 211, 212, 215, 216, 217, 218, 220, 228, 229, 233, 235, 236, 240, 242, 248, 252, 255, 256, 259, 262, 267, 268, 270, 273, 275, 277, 278, 279, 282, 285, 289, 290, 300, 314, 315, 317, 321, 323, 328, 329, 331, 334, 335, 336, 337, 338, 342, 343, 346, 347, 352, 354, 355, 356, 359, 361, 362, 365, 367, 370, 372, 378, 383, 384, 390, 399]
x_84: [2, 3, 6, 7, 8, 11, 14, 16, 17, 20, 24, 25, 29, 33, 35, 36, 40, 43, 46, 48, 50, 55, 56, 60, 64, 81, 87, 98, 99, 100, 102, 113, 118, 127, 128, 131, 132, 134, 152, 157, 159, 163, 164, 165, 166, 167, 169, 170, 172, 175, 180, 187, 189, 193, 199, 201, 213, 214, 221, 223, 224, 227, 229, 231, 234, 237, 238, 239, 244, 246, 247, 251, 253, 258, 260, 261, 269, 274, 276, 283, 285, 286, 287, 290, 291, 292, 293, 296, 297, 298, 302, 303, 308, 309, 312, 319, 322, 327, 328, 331, 332, 333, 340, 346, 348, 349, 353, 363, 365, 366, 369, 389, 394, 397]
x_85: [2, 6, 8, 11, 15, 16, 19, 22, 29, 35, 36, 41, 43, 45, 46, 48, 50, 60, 67, 70, 73, 76, 77, 81, 82, 92, 93, 95, 98, 100, 102, 104, 112, 114, 116, 117, 118, 123, 125, 127, 128, 131, 136, 143, 145, 149, 152, 155, 157, 162, 163, 164, 166, 169, 170, 172, 174, 175, 183, 186, 187, 188, 189, 193, 197, 198, 201, 213, 214, 221, 223, 224, 229, 234, 237, 241, 245, 246, 247, 251, 253, 258, 260, 261, 266, 272, 274, 276, 286, 287, 291, 293, 294, 296, 298, 299, 301, 302, 304, 308, 309, 319, 320, 323, 324, 332, 334, 336, 340, 344, 345, 348, 349, 350, 351, 352, 353, 355, 364, 373, 376, 384, 386, 389, 397]
x_86: [3, 6, 8, 11, 13, 14, 15, 16, 22, 27, 28, 29, 33, 35, 36, 41, 42, 45, 46, 48, 51, 56, 64, 70, 77, 79, 80, 81, 82, 91, 92, 93, 95, 96, 98, 99, 100, 104, 105, 107, 109, 112, 114, 116, 123, 125, 128, 131, 133, 134, 136, 137, 138, 143, 144, 149, 151, 152, 157, 159, 164, 165, 166, 174, 175, 178, 182, 183, 188, 189, 193, 198, 201, 204, 213, 214, 221, 222, 227, 232, 234, 238, 239, 260, 261, 263, 269, 271, 272, 280, 283, 284, 287, 288, 292, 293, 296, 297, 298, 299, 302, 307, 309, 312, 313, 319, 320, 324, 327, 332, 333, 336, 340, 345, 348, 349, 351, 357, 363, 364, 365, 369, 371, 373, 379, 384, 388, 389, 394, 395, 398]
x_87: [5, 12, 18, 21, 25, 26, 27, 28, 30, 31, 34, 38, 50, 53, 62, 66, 67, 68, 73, 74, 84, 88, 90, 94, 101, 103, 105, 106, 109, 110, 119, 121, 124, 129, 135, 139, 142, 146, 147, 148, 150, 153, 156, 158, 160, 161, 171, 177, 179, 180, 181, 189, 190, 192, 194, 199, 200, 202, 203, 204, 206, 208, 209, 211, 215, 216, 217, 219, 220, 225, 226, 228, 230, 233, 236, 242, 247, 248, 252, 264, 267, 268, 273, 274, 275, 277, 278, 281, 296, 300, 302, 306, 314, 316, 317, 321, 322, 325, 334, 335, 337, 341, 342, 343, 346, 349, 352, 356, 359, 360, 361, 364, 367, 368, 370, 371, 376, 377, 380, 381, 385, 387, 390, 392, 399]
x_88: [2, 3, 4, 6, 7, 8, 11, 12, 14, 15, 16, 24, 32, 33, 40, 41, 42, 43, 51, 52, 55, 57, 58, 60, 64, 70, 76, 77, 78, 79, 81, 82, 87, 90, 91, 96, 99, 100, 102, 104, 108, 112, 120, 123, 124, 125, 127, 128, 132, 134, 137, 138, 140, 141, 143, 152, 160, 162, 164, 169, 174, 175, 182, 183, 186, 188, 193, 197, 201, 207, 213, 214, 227, 229, 237, 244, 245, 247, 250, 253, 259, 260, 261, 265, 271, 272, 280, 283, 284, 286, 291, 292, 296, 298, 301, 302, 304, 307, 310, 313, 319, 323, 327, 332, 342, 344, 348, 350, 351, 355, 357, 363, 364, 366, 373, 382, 386, 388, 394, 397, 398]
x_89: [6, 7, 15, 19, 20, 24, 29, 33, 36, 40, 41, 42, 45, 46, 48, 51, 52, 56, 57, 70, 79, 93, 95, 98, 102, 107, 111, 112, 116, 127, 128, 131, 133, 136, 138, 140, 141, 144, 148, 151, 152, 153, 157, 159, 163, 165, 167, 169, 170, 174, 183, 185, 187, 193, 197, 198, 201, 202, 207, 213, 214, 221, 222, 223, 227, 229, 234, 237, 239, 244, 246, 247, 250, 258, 272, 274, 276, 287, 292, 294, 295, 296, 298, 302, 303, 304, 307, 308, 309, 312, 313, 315, 316, 320, 323, 324, 326, 336, 338, 340, 345, 348, 349, 351, 353, 355, 363, 365, 368, 369, 373, 382, 386, 388, 391, 394, 397, 398]
x_90: [4, 6, 7, 8, 12, 13, 14, 15, 20, 22, 23, 29, 35, 40, 46, 50, 52, 55, 59, 60, 64, 70, 78, 80, 82, 83, 87, 88, 95, 102, 104, 108, 112, 123, 124, 128, 131, 136, 141, 143, 144, 149, 151, 157, 160, 162, 163, 164, 166, 167, 174, 175, 182, 183, 187, 189, 201, 207, 214, 221, 223, 227, 231, 237, 244, 250, 251, 259, 260, 271, 272, 274, 276, 283, 285, 287, 291, 292, 294, 296, 298, 302, 303, 308, 332, 336, 342, 348, 350, 351, 355, 363, 365, 373, 374, 384, 386, 388, 389]
x_91: [4, 9, 10, 12, 17, 18, 21, 38, 39, 44, 53, 61, 65, 66, 68, 69, 71, 72, 73, 74, 75, 78, 86, 88, 94, 96, 104, 105, 106, 108, 110, 115, 119, 121, 122, 126, 129, 135, 142, 144, 145, 146, 147, 148, 150, 153, 155, 156, 158, 161, 168, 170, 171, 177, 179, 181, 184, 190, 192, 194, 196, 199, 205, 210, 212, 215, 219, 220, 227, 228, 232, 235, 241, 243, 248, 249, 252, 254, 256, 259, 263, 267, 270, 273, 278, 281, 282, 297, 300, 301, 306, 309, 315, 316, 318, 328, 330, 331, 337, 338, 339, 341, 342, 347, 352, 358, 359, 360, 361, 367, 371, 372, 376, 379, 381, 385, 389, 393, 395, 396, 399]
x_92: [1, 4, 5, 12, 17, 26, 27, 30, 31, 37, 38, 41, 44, 45, 47, 49, 62, 68, 72, 74, 78, 85, 86, 94, 103, 105, 106, 108, 109, 110, 111, 115, 117, 121, 124, 126, 129, 130, 142, 145, 146, 148, 152, 153, 154, 160, 163, 168, 171, 173, 177, 179, 180, 184, 185, 191, 203, 209, 210, 212, 216, 217, 219, 220, 225, 226, 235, 236, 240, 241, 256, 259, 260, 262, 263, 264, 266, 267, 268, 270, 275, 281, 295, 300, 306, 311, 314, 316, 317, 318, 320, 322, 325, 330, 334, 338, 339, 342, 343, 354, 356, 361, 362, 367, 372, 375, 376, 379, 383, 385, 395, 396, 397, 399, 400]
x_93: [1, 5, 10, 12, 21, 25, 26, 27, 30, 31, 34, 38, 44, 49, 53, 66, 67, 70, 71, 78, 85, 86, 89, 101, 103, 105, 108, 109, 110, 119, 122, 126, 129, 135, 142, 143, 145, 147, 148, 150, 154, 155, 158, 161, 168, 171, 173, 176, 177, 179, 180, 191, 199, 200, 202, 203, 205, 206, 209, 210, 211, 215, 216, 217, 219, 220, 225, 226, 228, 232, 233, 235, 236, 243, 246, 248, 255, 257, 258, 263, 266, 269, 270, 273, 279, 281, 282, 283, 289, 290, 295, 298, 300, 306, 314, 316, 318, 321, 322, 328, 329, 330, 331, 334, 338, 339, 341, 342, 343, 352, 358, 360, 361, 362, 367, 374, 375, 376, 377, 378, 380, 381, 383, 394, 395, 396, 399]
x_94: [2, 3, 6, 7, 8, 11, 14, 15, 16, 20, 23, 33, 35, 40, 42, 43, 45, 48, 50, 52, 59, 60, 64, 70, 75, 77, 81, 83, 87, 91, 92, 97, 99, 104, 107, 112, 113, 115, 117, 118, 126, 127, 131, 132, 133, 134, 138, 140, 141, 143, 144, 152, 159, 163, 165, 166, 169, 170, 172, 174, 182, 186, 187, 188, 189, 197, 201, 207, 208, 213, 222, 224, 231, 239, 242, 244, 246, 250, 251, 253, 258, 261, 262, 265, 269, 271, 272, 276, 283, 287, 288, 292, 294, 297, 298, 301, 305, 307, 309, 310, 319, 320, 323, 326, 327, 332, 333, 335, 337, 348, 349, 350, 351, 355, 357, 363, 369, 384, 386, 387, 388, 389]
x_95: [4, 26, 29, 30, 31, 34, 37, 38, 39, 47, 52, 53, 61, 62, 65, 68, 72, 75, 85, 86, 89, 90, 101, 105, 106, 108, 110, 111, 115, 118, 121, 124, 130, 135, 146, 147, 150, 153, 158, 160, 165, 168, 171, 180, 190, 192, 194, 199, 200, 205, 208, 210, 217, 218, 219, 220, 225, 228, 235, 240, 241, 244, 249, 254, 255, 257, 262, 273, 275, 277, 288, 289, 311, 314, 315, 317, 321, 325, 326, 328, 333, 334, 335, 337, 341, 343, 346, 347, 354, 358, 359, 363, 367, 370, 371, 372, 375, 376, 379, 380, 392, 395, 396, 400]
x_96: [4, 5, 21, 25, 26, 27, 30, 34, 38, 39, 44, 47, 49, 54, 61, 62, 65, 66, 68, 69, 72, 74, 78, 86, 88, 91, 101, 103, 104, 105, 108, 110, 119, 122, 126, 129, 139, 144, 147, 148, 153, 154, 155, 156, 158, 160, 161, 168, 170, 171, 173, 190, 192, 195, 199, 203, 205, 209, 210, 211, 212, 215, 216, 217, 219, 220, 225, 226, 227, 228, 230, 235, 236, 240, 241, 242, 243, 252, 254, 259, 262, 263, 264, 266, 267, 268, 270, 277, 290, 295, 297, 301, 309, 314, 316, 317, 318, 321, 329, 331, 335, 338, 339, 342, 346, 354, 356, 358, 359, 368, 370, 371, 372, 375, 379, 380, 381, 385, 387, 389, 390, 392, 395, 396, 399, 400]
x_97: [1, 4, 8, 9, 10, 16, 18, 20, 21, 25, 31, 34, 37, 38, 39, 47, 53, 54, 61, 63, 65, 66, 67, 68, 72, 73, 75, 78, 94, 106, 108, 110, 121, 122, 141, 142, 145, 147, 148, 150, 155, 158, 160, 164, 171, 173, 174, 176, 181, 184, 191, 192, 200, 202, 203, 205, 210, 215, 216, 217, 221, 226, 228, 232, 235, 242, 243, 252, 255, 259, 264, 266, 267, 268, 271, 273, 278, 279, 289, 295, 300, 306, 311, 315, 316, 322, 324, 328, 331, 334, 335, 337, 339, 346, 347, 352, 356, 358, 361, 362, 368, 370, 371, 372, 376, 377, 378, 379, 383, 390]
x_98: [1, 2, 3, 4, 10, 12, 27, 30, 31, 38, 47, 54, 62, 63, 66, 67, 68, 69, 73, 75, 81, 84, 85, 86, 89, 101, 105, 109, 110, 115, 121, 122, 124, 125, 129, 130, 139, 142, 146, 148, 154, 155, 156, 158, 159, 160, 161, 168, 173, 176, 177, 179, 190, 194, 196, 198, 199, 200, 202, 203, 205, 208, 210, 212, 216, 217, 218, 219, 223, 225, 226, 230, 233, 235, 236, 237, 240, 242, 254, 255, 256, 259, 263, 264, 267, 270, 275, 279, 281, 282, 289, 290, 310, 315, 316, 321, 328, 339, 341, 343, 346, 347, 352, 356, 359, 361, 362, 367, 371, 377, 379, 380, 381, 383, 385, 387, 392, 395, 399, 400]
x_99: [1, 4, 10, 18, 21, 25, 26, 27, 34, 36, 37, 38, 43, 47, 53, 54, 57, 61, 63, 65, 66, 67, 72, 73, 74, 75, 76, 84, 86, 88, 94, 105, 106, 110, 119, 121, 122, 124, 129, 130, 133, 147, 148, 150, 153, 154, 155, 156, 160, 171, 176, 177, 179, 180, 181, 191, 192, 199, 200, 203, 208, 215, 216, 217, 218, 219, 220, 222, 225, 232, 233, 235, 236, 240, 243, 248, 249, 252, 255, 256, 259, 262, 263, 264, 267, 268, 275, 277, 278, 279, 282, 286, 289, 295, 306, 314, 315, 316, 317, 318, 322, 325, 328, 329, 330, 341, 342, 343, 346, 348, 354, 356, 359, 360, 361, 362, 366, 368, 371, 372, 375, 376, 379, 381, 383, 387, 390, 392, 395, 396, 399, 400]
x_100: [1, 4, 9, 12, 17, 18, 21, 22, 27, 30, 31, 34, 37, 39, 44, 48, 54, 62, 65, 67, 68, 71, 72, 73, 75, 84, 85, 86, 88, 101, 103, 105, 106, 108, 112, 119, 123, 129, 135, 139, 145, 147, 148, 155, 158, 168, 171, 173, 176, 180, 183, 184, 191, 195, 196, 200, 203, 205, 206, 208, 210, 212, 215, 216, 217, 218, 219, 220, 225, 226, 228, 235, 236, 240, 241, 242, 248, 249, 252, 255, 262, 263, 265, 267, 268, 273, 277, 278, 279, 281, 300, 308, 312, 314, 315, 316, 318, 322, 325, 330, 331, 334, 335, 337, 338, 341, 343, 352, 354, 356, 360, 361, 367, 371, 375, 376, 377, 379, 381, 383, 387, 390, 398, 400]
x_101: [2, 6, 8, 13, 15, 16, 19, 20, 22, 24, 29, 31, 32, 33, 35, 36, 40, 41, 43, 45, 46, 55, 58, 60, 62, 70, 81, 82, 83, 87, 93, 95, 96, 98, 100, 102, 107, 113, 114, 116, 117, 118, 123, 127, 133, 134, 136, 137, 138, 139, 140, 142, 144, 149, 151, 152, 159, 161, 162, 165, 167, 169, 170, 174, 184, 186, 188, 189, 193, 197, 198, 212, 213, 222, 223, 224, 238, 239, 244, 245, 251, 253, 258, 260, 265, 269, 272, 274, 276, 280, 286, 288, 292, 294, 296, 301, 302, 304, 307, 310, 312, 319, 324, 326, 327, 332, 340, 343, 344, 345, 349, 350, 351, 355, 357, 363, 364, 373, 374, 382, 384, 388, 396, 398]
x_102: [1, 4, 9, 10, 17, 18, 21, 25, 30, 39, 44, 51, 53, 59, 61, 65, 67, 71, 72, 73, 74, 78, 84, 85, 88, 89, 90, 101, 106, 110, 111, 121, 122, 126, 130, 139, 142, 147, 148, 150, 153, 154, 158, 160, 161, 162, 171, 179, 190, 191, 192, 194, 195, 196, 199, 201, 203, 206, 208, 209, 210, 211, 212, 213, 217, 218, 219, 220, 232, 233, 235, 236, 239, 240, 241, 242, 243, 245, 249, 252, 256, 266, 267, 268, 270, 273, 278, 279, 281, 282, 290, 300, 303, 306, 311, 315, 317, 318, 321, 322, 325, 330, 331, 334, 335, 337, 338, 340, 342, 343, 346, 354, 358, 359, 360, 361, 362, 370, 376, 377, 378, 379, 380, 381, 383, 385, 392, 396]
x_103: [2, 6, 13, 15, 20, 22, 32, 33, 35, 36, 41, 45, 50, 52, 57, 58, 59, 60, 64, 70, 76, 77, 80, 81, 87, 92, 93, 96, 100, 112, 113, 114, 116, 117, 118, 120, 127, 131, 133, 135, 136, 137, 138, 140, 143, 144, 149, 151, 162, 164, 165, 166, 167, 170, 171, 172, 174, 178, 183, 186, 188, 198, 206, 223, 224, 227, 229, 237, 238, 239, 243, 245, 247, 249, 250, 253, 261, 265, 269, 272, 274, 276, 284, 285, 287, 292, 293, 294, 297, 301, 302, 303, 306, 310, 314, 319, 324, 326, 327, 336, 345, 351, 353, 355, 357, 358, 359, 364, 365, 366, 373, 374, 382, 384, 388, 391]
x_104: [1, 5, 10, 17, 18, 21, 25, 27, 34, 39, 44, 49, 53, 54, 61, 62, 65, 66, 67, 68, 69, 71, 72, 73, 75, 78, 85, 86, 88, 90, 91, 94, 96, 105, 108, 109, 110, 115, 119, 122, 124, 126, 129, 130, 135, 144, 146, 155, 156, 158, 160, 161, 170, 176, 177, 179, 180, 181, 190, 191, 195, 199, 200, 202, 206, 210, 212, 215, 217, 219, 227, 228, 230, 236, 240, 241, 242, 249, 252, 254, 255, 262, 263, 264, 268, 273, 277, 281, 289, 290, 297, 300, 301, 309, 311, 314, 316, 322, 330, 337, 338, 339, 342, 346, 356, 358, 359, 360, 361, 362, 368, 370, 371, 375, 376, 377, 379, 380, 383, 389, 390, 393, 395, 396, 400]
x_105: [6, 13, 14, 15, 16, 20, 22, 23, 24, 27, 28, 29, 32, 33, 35, 36, 40, 41, 42, 43, 45, 46, 48, 52, 56, 64, 70, 77, 80, 82, 86, 87, 91, 92, 93, 95, 96, 98, 99, 100, 104, 109, 112, 116, 120, 125, 127, 128, 133, 137, 141, 143, 144, 152, 159, 162, 164, 165, 169, 170, 172, 175, 178, 182, 183, 188, 189, 198, 201, 207, 213, 214, 221, 223, 227, 229, 231, 232, 239, 244, 245, 250, 251, 253, 258, 260, 263, 265, 269, 271, 272, 276, 280, 284, 286, 288, 291, 292, 294, 297, 301, 302, 303, 305, 308, 309, 313, 319, 332, 336, 340, 344, 345, 348, 349, 353, 355, 363, 364, 365, 366, 369, 371, 374, 379, 382, 394, 395, 397, 398]
x_106: [2, 7, 8, 11, 13, 15, 19, 22, 24, 29, 32, 33, 36, 41, 42, 48, 52, 57, 58, 59, 60, 64, 65, 76, 77, 79, 80, 82, 83, 87, 91, 92, 95, 97, 99, 100, 102, 112, 113, 114, 120, 125, 127, 128, 131, 134, 136, 138, 141, 144, 151, 152, 157, 159, 163, 165, 166, 169, 170, 175, 177, 178, 183, 187, 188, 194, 204, 207, 213, 214, 221, 223, 224, 227, 229, 237, 246, 250, 251, 253, 261, 271, 274, 275, 276, 277, 279, 280, 283, 287, 291, 293, 294, 296, 299, 302, 303, 304, 307, 308, 309, 319, 323, 324, 327, 329, 332, 340, 355, 357, 363, 364, 365, 366, 369, 370, 374, 384, 386, 388, 391, 392]
x_107: [9, 10, 18, 21, 24, 26, 30, 31, 37, 38, 49, 54, 55, 61, 62, 63, 65, 66, 67, 68, 69, 72, 73, 86, 89, 94, 101, 111, 113, 115, 122, 124, 126, 129, 131, 132, 135, 139, 142, 148, 150, 154, 160, 161, 171, 175, 176, 177, 179, 184, 188, 190, 192, 194, 199, 200, 202, 203, 205, 206, 208, 210, 211, 217, 218, 219, 220, 225, 230, 232, 235, 236, 240, 241, 243, 248, 254, 259, 262, 263, 264, 268, 270, 273, 277, 281, 289, 294, 295, 306, 311, 314, 315, 316, 317, 322, 325, 328, 329, 331, 334, 335, 338, 343, 346, 358, 360, 362, 368, 370, 372, 377, 378, 379, 380, 385, 387, 388, 393, 395, 399, 400]
x_108: [3, 4, 6, 7, 8, 12, 19, 23, 32, 33, 35, 40, 41, 42, 43, 45, 46, 50, 51, 52, 55, 57, 59, 64, 70, 77, 78, 79, 81, 82, 88, 90, 91, 92, 93, 95, 96, 97, 100, 104, 112, 113, 117, 118, 120, 124, 131, 134, 137, 138, 140, 141, 143, 144, 149, 151, 152, 160, 162, 163, 169, 170, 172, 174, 175, 178, 188, 189, 193, 198, 204, 207, 213, 214, 227, 239, 244, 245, 247, 250, 253, 258, 259, 260, 261, 265, 269, 274, 276, 280, 285, 287, 288, 296, 298, 299, 302, 303, 304, 308, 309, 310, 320, 323, 324, 327, 333, 336, 342, 345, 348, 350, 351, 353, 355, 357, 363, 365, 366, 374, 382, 384, 386, 388, 389, 394, 397, 398]
x_109: [2, 3, 6, 8, 11, 13, 14, 16, 20, 22, 23, 24, 27, 28, 29, 32, 40, 42, 43, 46, 51, 57, 58, 59, 76, 80, 86, 87, 92, 93, 98, 104, 105, 113, 114, 117, 118, 123, 125, 127, 128, 131, 132, 134, 136, 138, 141, 143, 144, 151, 159, 163, 166, 167, 170, 174, 182, 183, 185, 187, 189, 193, 197, 198, 213, 214, 223, 224, 227, 229, 232, 234, 237, 239, 245, 250, 251, 261, 263, 265, 271, 274, 276, 283, 285, 286, 287, 288, 293, 294, 297, 298, 299, 301, 303, 304, 305, 307, 313, 332, 336, 340, 345, 348, 349, 350, 353, 355, 357, 363, 366, 369, 371, 373, 374, 379, 389, 391, 395, 397]
x_110: [2, 3, 6, 7, 8, 11, 15, 16, 19, 20, 22, 34, 36, 37, 42, 43, 45, 46, 48, 50, 52, 55, 56, 58, 59, 60, 76, 77, 81, 82, 83, 87, 91, 92, 93, 95, 96, 97, 98, 99, 102, 104, 112, 116, 117, 120, 125, 127, 131, 132, 133, 138, 140, 149, 152, 157, 163, 164, 166, 167, 168, 172, 182, 185, 186, 189, 201, 204, 207, 210, 214, 222, 223, 228, 229, 234, 237, 238, 244, 245, 246, 251, 253, 258, 265, 271, 273, 274, 281, 283, 284, 287, 291, 293, 296, 301, 308, 309, 319, 324, 326, 327, 332, 333, 336, 339, 340, 349, 350, 353, 357, 363, 365, 366, 369, 373, 374, 381, 384, 386, 388, 389, 391, 397]
x_111: [6, 7, 15, 20, 24, 29, 41, 43, 46, 52, 59, 60, 70, 79, 81, 82, 83, 89, 92, 95, 102, 107, 112, 116, 128, 131, 133, 136, 141, 144, 148, 151, 152, 153, 159, 163, 167, 174, 178, 182, 183, 185, 187, 188, 197, 198, 201, 202, 204, 214, 224, 229, 237, 244, 245, 246, 247, 250, 251, 260, 265, 269, 271, 276, 280, 284, 285, 287, 293, 294, 295, 296, 298, 299, 301, 302, 303, 305, 307, 308, 309, 310, 312, 315, 316, 320, 323, 333, 338, 340, 344, 350, 364, 366, 368, 373, 374, 382, 386, 388, 391, 394]
x_112: [1, 12, 22, 26, 28, 30, 31, 34, 37, 38, 39, 47, 48, 53, 54, 62, 63, 65, 67, 68, 69, 71, 73, 75, 85, 86, 88, 89, 90, 94, 100, 103, 105, 106, 108, 110, 111, 115, 119, 121, 122, 123, 135, 139, 146, 147, 148, 153, 155, 158, 161, 168, 171, 176, 179, 183, 184, 190, 194, 195, 196, 199, 200, 202, 203, 205, 208, 209, 210, 218, 219, 225, 228, 232, 233, 235, 236, 241, 243, 248, 249, 252, 256, 257, 263, 264, 265, 266, 268, 273, 278, 279, 281, 289, 290, 295, 306, 308, 311, 312, 314, 317, 328, 329, 334, 335, 341, 343, 347, 352, 358, 359, 361, 368, 371, 372, 375, 376, 377, 379, 381, 383, 393, 395, 396, 398]
x_113: [5, 10, 12, 21, 24, 25, 27, 30, 31, 37, 44, 49, 54, 55, 61, 65, 66, 67, 71, 72, 74, 75, 78, 84, 94, 101, 103, 106, 107, 108, 109, 115, 119, 121, 126, 131, 132, 135, 145, 146, 148, 154, 155, 168, 173, 175, 176, 180, 181, 184, 188, 191, 192, 194, 196, 199, 203, 206, 208, 210, 211, 212, 215, 217, 219, 225, 226, 233, 236, 241, 242, 243, 255, 257, 262, 263, 264, 266, 267, 268, 277, 278, 281, 294, 295, 300, 306, 311, 314, 317, 322, 328, 329, 337, 338, 339, 343, 352, 356, 358, 362, 367, 370, 371, 372, 376, 377, 378, 379, 381, 383, 387, 388, 396, 399, 400]
x_114: [1, 4, 5, 9, 10, 12, 21, 26, 27, 28, 33, 37, 38, 39, 44, 49, 54, 56, 61, 63, 69, 73, 74, 75, 85, 86, 101, 103, 106, 109, 121, 122, 124, 127, 129, 130, 142, 147, 148, 153, 155, 160, 168, 173, 176, 177, 179, 184, 190, 194, 195, 196, 197, 199, 202, 205, 208, 210, 212, 214, 215, 217, 218, 220, 232, 233, 235, 236, 243, 248, 250, 256, 257, 259, 263, 264, 266, 267, 268, 273, 277, 279, 290, 292, 300, 306, 315, 317, 325, 329, 331, 334, 335, 337, 338, 342, 343, 346, 352, 358, 360, 362, 367, 368, 369, 370, 375, 376, 377, 378, 380, 381, 385, 386, 393]
x_115: [7, 8, 11, 13, 14, 19, 23, 29, 32, 35, 36, 41, 43, 45, 46, 50, 58, 70, 75, 76, 79, 80, 83, 91, 92, 94, 95, 98, 104, 107, 112, 113, 117, 125, 126, 128, 131, 132, 134, 136, 141, 151, 152, 159, 162, 165, 166, 167, 170, 174, 178, 182, 183, 185, 188, 189, 193, 201, 204, 207, 208, 213, 221, 222, 223, 224, 231, 234, 237, 242, 244, 246, 253, 260, 261, 262, 265, 272, 274, 276, 283, 284, 285, 286, 291, 294, 297, 299, 301, 302, 304, 305, 307, 308, 309, 310, 319, 320, 324, 332, 335, 336, 337, 340, 350, 363, 364, 365, 369, 373, 382, 384, 386, 387, 389, 391, 394, 397]
x_116: [1, 4, 10, 13, 17, 18, 25, 26, 27, 39, 53, 54, 65, 66, 67, 68, 72, 73, 78, 85, 86, 89, 101, 103, 105, 110, 111, 121, 129, 130, 135, 136, 137, 147, 148, 151, 153, 155, 156, 158, 160, 161, 171, 173, 176, 177, 180, 181, 184, 187, 190, 191, 193, 196, 199, 200, 206, 208, 209, 211, 216, 218, 226, 228, 233, 236, 240, 241, 242, 249, 252, 254, 255, 256, 257, 259, 262, 264, 266, 267, 268, 270, 273, 277, 278, 279, 282, 289, 290, 300, 307, 311, 313, 314, 315, 317, 328, 329, 330, 337, 338, 339, 341, 342, 343, 347, 350, 352, 360, 368, 370, 371, 375, 376, 378, 379, 380, 381, 383, 385, 387, 393, 396, 399]
x_117: [4, 12, 17, 18, 21, 30, 31, 37, 41, 45, 49, 54, 61, 63, 72, 73, 74, 78, 85, 92, 94, 101, 103, 108, 109, 110, 115, 119, 121, 122, 124, 126, 129, 135, 139, 146, 148, 150, 152, 153, 154, 155, 160, 161, 163, 171, 177, 179, 180, 181, 184, 185, 191, 194, 196, 199, 200, 202, 203, 206, 210, 212, 217, 218, 219, 225, 226, 232, 233, 235, 236, 241, 242, 243, 248, 249, 252, 254, 255, 256, 257, 260, 263, 264, 266, 268, 270, 275, 282, 289, 290, 295, 300, 306, 311, 315, 317, 318, 320, 330, 331, 337, 338, 341, 343, 346, 347, 352, 354, 358, 360, 367, 368, 370, 371, 372, 377, 379, 380, 385, 387, 392, 396, 397, 399, 400]
x_118: [4, 9, 18, 21, 25, 28, 29, 34, 37, 38, 44, 47, 49, 52, 54, 62, 63, 65, 66, 68, 69, 73, 78, 84, 85, 94, 95, 101, 103, 108, 109, 121, 122, 124, 126, 130, 135, 139, 142, 145, 146, 148, 150, 154, 155, 156, 158, 161, 165, 173, 180, 181, 184, 190, 192, 199, 200, 202, 206, 209, 211, 212, 215, 218, 220, 226, 232, 233, 235, 236, 240, 244, 248, 249, 252, 254, 256, 263, 266, 268, 270, 273, 278, 279, 281, 282, 288, 289, 290, 295, 300, 306, 314, 315, 317, 318, 325, 326, 328, 330, 333, 334, 335, 337, 338, 339, 341, 342, 343, 346, 354, 358, 359, 360, 363, 368, 371, 372, 375, 378, 379, 381, 383, 387, 395, 399]
x_119: [1, 2, 8, 15, 16, 20, 32, 35, 38, 40, 43, 46, 48, 49, 50, 51, 52, 55, 56, 58, 60, 72, 76, 77, 79, 87, 91, 93, 96, 99, 100, 104, 112, 113, 117, 128, 131, 132, 134, 140, 143, 157, 162, 166, 170, 172, 175, 197, 198, 203, 204, 214, 221, 222, 223, 229, 231, 238, 246, 251, 252, 253, 255, 261, 272, 274, 276, 283, 286, 288, 291, 297, 298, 300, 301, 302, 304, 305, 307, 309, 319, 320, 324, 325, 327, 332, 336, 340, 344, 348, 349, 351, 355, 363, 365, 373, 374, 384, 386, 388, 389, 397]
x_120: [4, 6, 9, 10, 11, 12, 17, 18, 25, 26, 28, 30, 37, 38, 39, 44, 47, 53, 62, 65, 67, 68, 71, 72, 74, 75, 80, 82, 88, 103, 105, 106, 108, 110, 124, 130, 142, 145, 146, 147, 153, 156, 161, 167, 168, 173, 177, 190, 191, 203, 206, 208, 209, 210, 212, 215, 216, 225, 235, 240, 241, 243, 248, 252, 254, 257, 259, 263, 264, 266, 268, 270, 276, 277, 279, 281, 282, 289, 290, 295, 299, 300, 311, 314, 315, 316, 317, 325, 328, 330, 335, 338, 339, 342, 343, 345, 347, 351, 352, 354, 358, 360, 367, 370, 371, 372, 375, 381, 383, 385, 387, 390, 393]
x_121: [5, 6, 11, 16, 19, 23, 24, 29, 30, 35, 40, 42, 43, 46, 51, 55, 56, 59, 60, 64, 66, 70, 76, 77, 80, 81, 83, 87, 91, 92, 95, 97, 98, 99, 102, 112, 113, 114, 116, 117, 118, 122, 123, 125, 132, 133, 137, 138, 144, 159, 162, 163, 166, 182, 186, 187, 188, 189, 193, 198, 201, 204, 207, 218, 221, 224, 227, 229, 234, 236, 244, 245, 251, 257, 260, 261, 269, 270, 271, 272, 276, 278, 283, 284, 285, 286, 288, 291, 292, 293, 294, 297, 299, 301, 302, 305, 307, 309, 319, 320, 323, 324, 326, 332, 333, 336, 351, 353, 363, 364, 365, 366, 373, 374, 384, 386, 388, 394]
x_122: [2, 3, 5, 7, 8, 11, 15, 16, 19, 22, 24, 29, 30, 33, 35, 40, 41, 43, 48, 51, 52, 55, 56, 57, 60, 66, 70, 76, 79, 91, 93, 96, 97, 98, 99, 102, 104, 107, 112, 114, 117, 118, 121, 125, 127, 128, 131, 132, 136, 137, 138, 143, 149, 151, 157, 159, 162, 163, 164, 166, 169, 174, 175, 182, 183, 185, 189, 193, 201, 204, 207, 213, 218, 221, 222, 223, 224, 234, 236, 237, 238, 239, 244, 245, 250, 257, 258, 260, 261, 265, 270, 274, 278, 280, 283, 285, 286, 288, 293, 298, 299, 301, 303, 310, 313, 320, 324, 332, 344, 345, 348, 349, 353, 355, 357, 363, 365, 369, 373, 374, 384, 386, 389, 391, 394]
x_123: [1, 4, 5, 12, 17, 18, 22, 26, 28, 30, 34, 44, 47, 48, 54, 62, 65, 67, 73, 75, 85, 86, 88, 90, 100, 101, 109, 112, 121, 130, 135, 139, 142, 145, 147, 153, 155, 160, 161, 176, 177, 180, 181, 183, 184, 190, 191, 192, 194, 195, 196, 199, 202, 209, 210, 215, 216, 218, 219, 228, 230, 235, 240, 242, 243, 248, 252, 257, 262, 264, 265, 266, 267, 273, 277, 278, 279, 281, 282, 300, 308, 312, 318, 322, 325, 331, 335, 337, 339, 342, 343, 354, 356, 358, 359, 360, 362, 367, 368, 370, 377, 378, 380, 381, 383, 385, 387, 390, 392, 393, 398, 399, 400]
x_124: [2, 3, 4, 6, 7, 8, 12, 14, 15, 16, 20, 29, 36, 42, 43, 46, 48, 64, 70, 78, 79, 82, 83, 87, 88, 90, 92, 95, 98, 99, 104, 107, 108, 114, 117, 118, 120, 128, 136, 138, 140, 141, 144, 149, 151, 159, 160, 162, 164, 166, 175, 178, 188, 197, 198, 201, 204, 207, 213, 214, 222, 224, 229, 231, 234, 237, 238, 244, 245, 247, 250, 259, 265, 272, 274, 276, 284, 288, 291, 292, 296, 298, 299, 301, 302, 304, 308, 309, 313, 323, 324, 333, 340, 342, 348, 349, 351, 353, 355, 363, 369, 373, 374, 386, 388, 389, 397]
x_125: [1, 2, 3, 4, 5, 9, 12, 18, 21, 30, 31, 34, 37, 38, 47, 49, 53, 54, 61, 63, 66, 68, 69, 71, 73, 75, 81, 85, 86, 88, 98, 105, 106, 109, 110, 115, 121, 122, 139, 148, 150, 153, 155, 156, 158, 159, 160, 168, 173, 176, 180, 181, 184, 192, 195, 196, 198, 199, 202, 203, 208, 209, 212, 217, 223, 226, 228, 230, 232, 233, 235, 236, 237, 240, 241, 242, 243, 248, 249, 252, 254, 255, 256, 263, 266, 267, 273, 275, 277, 279, 281, 282, 289, 290, 306, 310, 311, 315, 316, 317, 321, 322, 325, 329, 334, 335, 341, 343, 346, 352, 356, 358, 359, 361, 368, 370, 371, 372, 376, 377, 379, 380, 381, 383, 385, 390, 392, 395, 399, 400]
x_126: [11, 13, 14, 19, 20, 24, 29, 32, 33, 35, 40, 41, 48, 50, 51, 55, 56, 57, 64, 70, 75, 79, 80, 81, 91, 92, 93, 94, 96, 102, 104, 107, 113, 115, 117, 118, 127, 128, 131, 132, 134, 136, 137, 140, 149, 151, 152, 157, 159, 163, 165, 167, 169, 170, 172, 174, 178, 182, 183, 185, 186, 189, 193, 197, 198, 204, 207, 208, 213, 214, 223, 227, 231, 237, 239, 242, 247, 250, 253, 261, 262, 269, 271, 272, 274, 280, 283, 284, 285, 288, 291, 293, 294, 299, 302, 304, 307, 308, 312, 313, 323, 324, 326, 335, 336, 337, 344, 348, 351, 353, 363, 365, 369, 382, 387, 388, 394, 398]
x_127: [1, 4, 9, 10, 17, 18, 26, 27, 30, 33, 37, 39, 44, 47, 53, 54, 56, 62, 65, 66, 67, 68, 69, 71, 72, 73, 78, 84, 85, 88, 89, 94, 101, 103, 105, 106, 109, 110, 114, 122, 126, 129, 130, 135, 139, 142, 147, 148, 150, 153, 155, 156, 173, 176, 179, 180, 184, 191, 195, 196, 197, 199, 200, 202, 203, 205, 206, 208, 209, 210, 211, 212, 214, 216, 220, 225, 228, 230, 235, 236, 241, 249, 250, 256, 257, 262, 263, 267, 270, 273, 279, 282, 289, 292, 295, 300, 306, 311, 316, 318, 321, 322, 325, 328, 329, 330, 334, 335, 339, 341, 342, 354, 356, 360, 361, 362, 367, 369, 370, 371, 372, 375, 377, 378, 380, 385, 386, 390, 396, 400]
x_128: [15, 17, 18, 19, 25, 26, 27, 31, 35, 46, 47, 49, 53, 54, 62, 63, 65, 71, 72, 73, 74, 78, 84, 85, 86, 88, 89, 90, 105, 106, 109, 111, 115, 119, 122, 124, 126, 134, 139, 142, 145, 146, 148, 149, 150, 153, 154, 155, 156, 158, 160, 168, 172, 176, 180, 184, 186, 190, 192, 195, 199, 200, 202, 203, 208, 212, 215, 216, 217, 218, 220, 225, 226, 228, 240, 242, 243, 256, 257, 259, 262, 263, 264, 267, 268, 270, 272, 277, 281, 282, 289, 295, 306, 311, 314, 315, 317, 321, 325, 328, 329, 331, 338, 339, 341, 342, 343, 352, 354, 359, 360, 362, 367, 370, 371, 376, 377, 378, 380, 387, 390, 392, 393, 395, 396, 400]
x_129: [3, 6, 7, 11, 14, 16, 20, 21, 23, 24, 29, 32, 33, 40, 43, 50, 56, 57, 58, 60, 69, 77, 79, 81, 83, 87, 91, 92, 93, 96, 98, 99, 100, 104, 107, 114, 116, 117, 127, 133, 134, 136, 141, 143, 147, 149, 151, 152, 159, 162, 169, 172, 174, 183, 185, 186, 189, 197, 198, 204, 207, 213, 214, 221, 223, 226, 231, 233, 235, 237, 238, 244, 245, 250, 251, 254, 256, 258, 261, 265, 271, 274, 276, 283, 286, 287, 288, 291, 292, 293, 296, 303, 304, 308, 309, 313, 320, 326, 327, 340, 344, 345, 348, 350, 351, 353, 355, 357, 363, 366, 369, 373, 380, 382, 384, 388, 389, 394, 397]
x_130: [2, 3, 6, 8, 13, 14, 15, 19, 24, 29, 35, 39, 42, 43, 46, 47, 48, 50, 55, 56, 58, 59, 70, 71, 74, 76, 79, 80, 81, 82, 83, 92, 95, 98, 99, 102, 104, 114, 116, 118, 120, 123, 127, 131, 132, 133, 134, 140, 143, 151, 152, 154, 156, 157, 159, 163, 165, 166, 167, 172, 174, 175, 185, 186, 187, 188, 193, 197, 201, 205, 213, 214, 222, 223, 227, 229, 230, 231, 234, 239, 244, 245, 246, 250, 253, 258, 271, 274, 284, 285, 287, 291, 292, 293, 297, 298, 301, 302, 308, 309, 319, 327, 333, 336, 340, 344, 345, 355, 356, 357, 363, 364, 365, 366, 369, 373, 391, 397, 398]
x_131: [1, 5, 18, 24, 25, 26, 30, 39, 44, 49, 53, 55, 62, 63, 67, 68, 69, 74, 84, 85, 86, 89, 90, 94, 103, 106, 107, 108, 109, 110, 111, 113, 115, 119, 122, 126, 130, 132, 135, 139, 142, 145, 146, 147, 150, 155, 160, 168, 171, 173, 175, 176, 177, 180, 181, 188, 192, 194, 196, 199, 202, 205, 206, 211, 212, 215, 216, 220, 225, 226, 228, 232, 240, 241, 242, 243, 252, 254, 255, 256, 259, 263, 264, 266, 267, 270, 277, 278, 279, 294, 300, 306, 314, 316, 317, 318, 321, 328, 330, 331, 334, 335, 339, 341, 342, 347, 352, 356, 358, 361, 362, 368, 372, 375, 376, 377, 378, 380, 381, 387, 388, 390, 392, 396, 400]
x_132: [1, 4, 5, 9, 10, 12, 21, 24, 26, 28, 30, 37, 49, 53, 54, 55, 62, 65, 67, 71, 72, 73, 74, 78, 84, 88, 94, 107, 109, 110, 113, 115, 119, 121, 122, 126, 130, 131, 135, 139, 142, 145, 153, 156, 158, 161, 168, 173, 175, 176, 179, 180, 188, 191, 192, 194, 196, 199, 206, 208, 210, 211, 215, 216, 225, 228, 230, 232, 233, 236, 240, 242, 243, 249, 252, 256, 257, 259, 262, 270, 273, 277, 278, 279, 281, 290, 294, 295, 311, 317, 322, 325, 330, 331, 334, 335, 337, 341, 346, 352, 354, 356, 359, 360, 361, 371, 372, 378, 387, 388, 393]
x_133: [4, 5, 9, 10, 12, 17, 18, 25, 26, 27, 30, 36, 38, 39, 43, 44, 54, 57, 61, 62, 63, 68, 72, 74, 75, 76, 78, 86, 89, 94, 99, 101, 103, 105, 110, 111, 121, 129, 130, 142, 145, 146, 150, 153, 155, 156, 158, 168, 171, 173, 179, 180, 181, 184, 190, 194, 195, 199, 200, 203, 205, 206, 211, 212, 219, 220, 222, 225, 226, 228, 242, 243, 248, 254, 255, 256, 257, 259, 263, 264, 266, 270, 273, 286, 289, 290, 295, 300, 306, 311, 314, 317, 322, 325, 330, 334, 337, 341, 343, 348, 354, 358, 361, 362, 366, 367, 368, 371, 372, 375, 376, 377, 378, 383, 387, 390, 395]
x_134: [10, 15, 19, 25, 27, 30, 35, 37, 38, 44, 46, 47, 54, 61, 62, 66, 69, 78, 84, 86, 88, 94, 101, 106, 108, 109, 115, 119, 126, 128, 129, 130, 139, 142, 145, 146, 147, 149, 150, 154, 155, 156, 158, 160, 168, 171, 172, 179, 180, 181, 186, 192, 195, 196, 202, 203, 205, 206, 208, 209, 210, 212, 215, 218, 219, 220, 225, 228, 230, 232, 233, 236, 240, 241, 242, 243, 248, 254, 255, 256, 262, 263, 264, 268, 270, 272, 275, 277, 278, 295, 300, 314, 315, 316, 318, 321, 322, 328, 329, 334, 335, 337, 338, 347, 352, 356, 358, 359, 361, 371, 372, 375, 376, 377, 378, 380, 381, 383, 393, 396, 399, 400]
x_135: [2, 3, 6, 7, 8, 13, 14, 15, 16, 19, 20, 23, 29, 32, 33, 36, 40, 42, 43, 46, 48, 50, 52, 56, 59, 64, 70, 79, 80, 81, 82, 83, 87, 91, 93, 95, 100, 103, 104, 107, 112, 113, 116, 117, 118, 123, 127, 131, 132, 136, 137, 140, 141, 144, 149, 151, 152, 157, 159, 162, 163, 164, 165, 166, 170, 171, 178, 182, 185, 186, 187, 188, 189, 193, 204, 206, 207, 214, 221, 223, 227, 234, 237, 238, 243, 244, 247, 249, 250, 261, 269, 271, 274, 285, 286, 291, 294, 298, 299, 301, 303, 304, 306, 307, 314, 319, 324, 326, 327, 332, 340, 345, 348, 349, 350, 353, 357, 358, 359, 373, 374, 382, 386, 389, 394, 397, 398]
x_136: [1, 4, 9, 10, 13, 17, 18, 25, 27, 28, 30, 31, 37, 44, 47, 62, 66, 68, 69, 72, 73, 74, 78, 85, 86, 89, 90, 101, 103, 106, 109, 111, 115, 116, 122, 124, 126, 129, 135, 137, 139, 142, 147, 150, 151, 155, 168, 171, 173, 176, 180, 184, 187, 190, 191, 192, 193, 194, 195, 196, 199, 206, 211, 215, 216, 218, 220, 225, 228, 230, 232, 235, 241, 242, 243, 248, 249, 252, 255, 256, 263, 264, 266, 268, 270, 273, 275, 277, 282, 289, 295, 300, 306, 307, 313, 314, 317, 330, 331, 334, 337, 338, 341, 347, 350, 354, 356, 359, 362, 367, 368, 371, 372, 375, 376, 379, 385, 390, 393, 395, 396]
x_137: [1, 5, 10, 12, 13, 17, 25, 30, 31, 37, 39, 44, 49, 53, 63, 68, 69, 71, 72, 74, 75, 86, 88, 101, 103, 105, 108, 116, 121, 122, 126, 135, 136, 139, 142, 145, 148, 151, 153, 154, 155, 156, 158, 160, 168, 171, 173, 179, 180, 181, 184, 187, 190, 192, 193, 195, 196, 203, 208, 211, 217, 218, 219, 220, 225, 226, 230, 235, 240, 242, 243, 249, 254, 256, 262, 263, 264, 266, 267, 268, 270, 273, 275, 278, 289, 295, 300, 306, 307, 313, 314, 315, 321, 325, 328, 330, 331, 337, 343, 347, 350, 352, 354, 356, 359, 360, 361, 362, 368, 371, 372, 375, 376, 378, 379, 381, 385, 387, 392, 393, 399, 400]
x_138: [1, 4, 9, 17, 18, 21, 30, 32, 34, 37, 38, 39, 44, 49, 53, 54, 58, 61, 65, 69, 73, 75, 86, 88, 89, 94, 101, 103, 106, 108, 109, 110, 121, 122, 124, 139, 146, 153, 155, 158, 160, 161, 168, 176, 179, 180, 182, 184, 190, 191, 192, 196, 203, 205, 208, 209, 212, 219, 220, 230, 233, 235, 241, 243, 249, 252, 255, 257, 259, 262, 264, 266, 267, 268, 273, 278, 279, 281, 282, 284, 289, 290, 295, 305, 311, 314, 316, 318, 322, 325, 327, 328, 329, 331, 335, 337, 341, 342, 353, 356, 358, 367, 370, 371, 375, 376, 377, 378, 380, 381, 382, 385, 390, 391, 392, 396, 399, 400]
x_139: [3, 6, 8, 11, 13, 15, 16, 19, 23, 24, 29, 31, 33, 40, 41, 42, 45, 48, 50, 55, 56, 59, 60, 62, 70, 77, 79, 80, 82, 83, 87, 96, 98, 100, 101, 102, 107, 112, 117, 118, 123, 125, 127, 128, 131, 132, 134, 136, 137, 138, 140, 142, 143, 144, 152, 159, 161, 162, 163, 164, 166, 167, 169, 172, 174, 184, 186, 198, 201, 204, 207, 212, 213, 221, 224, 229, 238, 239, 250, 251, 253, 258, 260, 265, 271, 276, 280, 284, 286, 292, 293, 297, 299, 307, 310, 312, 313, 319, 324, 326, 332, 343, 349, 350, 364, 365, 366, 369, 373, 374, 384, 386, 389, 391, 394, 396, 398]
x_140: [5, 21, 31, 34, 38, 47, 61, 62, 63, 66, 67, 68, 69, 72, 75, 83, 88, 89, 94, 101, 103, 108, 110, 119, 124, 126, 130, 135, 139, 145, 146, 147, 148, 153, 156, 158, 161, 166, 177, 184, 191, 194, 196, 200, 203, 205, 206, 208, 210, 211, 215, 216, 219, 220, 225, 228, 229, 230, 232, 233, 236, 242, 248, 249, 252, 254, 257, 263, 267, 268, 270, 273, 277, 278, 285, 290, 295, 306, 311, 321, 323, 325, 329, 330, 331, 334, 336, 338, 339, 342, 343, 346, 354, 355, 356, 358, 361, 365, 370, 375, 378, 379, 380, 381, 384, 390, 392, 395, 396, 399, 400]
x_141: [4, 5, 8, 9, 12, 16, 18, 20, 21, 25, 28, 30, 39, 44, 49, 53, 54, 61, 62, 63, 71, 72, 74, 75, 88, 89, 90, 94, 97, 105, 106, 108, 109, 111, 115, 124, 129, 135, 142, 145, 146, 148, 150, 155, 156, 160, 164, 173, 174, 184, 191, 192, 196, 202, 205, 208, 211, 212, 216, 220, 221, 225, 226, 228, 230, 232, 233, 240, 242, 243, 252, 254, 256, 259, 262, 263, 267, 271, 273, 275, 277, 281, 282, 289, 295, 306, 314, 317, 318, 321, 322, 324, 325, 328, 330, 335, 337, 338, 339, 341, 346, 347, 352, 354, 356, 358, 359, 362, 371, 375, 377, 378, 379, 380, 383, 385, 387, 390, 392, 393, 395, 399, 400]
x_142: [3, 7, 8, 13, 14, 19, 20, 22, 23, 24, 31, 35, 36, 40, 41, 45, 48, 50, 51, 55, 56, 57, 59, 60, 62, 64, 70, 77, 80, 87, 91, 92, 93, 97, 98, 101, 102, 107, 114, 118, 120, 123, 127, 128, 131, 132, 133, 134, 136, 137, 139, 141, 143, 144, 151, 152, 157, 159, 161, 167, 172, 174, 175, 178, 182, 184, 185, 189, 204, 207, 212, 213, 214, 227, 239, 244, 245, 251, 258, 265, 269, 272, 280, 283, 284, 286, 291, 293, 296, 297, 302, 303, 304, 305, 307, 308, 310, 312, 313, 326, 332, 333, 343, 345, 348, 351, 353, 355, 357, 363, 364, 365, 366, 373, 374, 384, 388, 389, 396]
x_143: [5, 12, 21, 25, 31, 37, 38, 39, 44, 47, 49, 66, 68, 69, 70, 72, 74, 78, 85, 86, 88, 90, 93, 94, 103, 105, 108, 109, 119, 122, 129, 130, 139, 142, 145, 146, 147, 148, 150, 156, 160, 161, 168, 171, 176, 177, 180, 190, 191, 192, 195, 196, 199, 200, 202, 203, 206, 208, 211, 215, 217, 218, 220, 232, 233, 236, 240, 241, 242, 246, 248, 254, 255, 258, 263, 266, 268, 269, 270, 273, 275, 278, 281, 282, 283, 290, 298, 300, 311, 314, 321, 325, 328, 329, 330, 331, 334, 335, 337, 338, 339, 342, 343, 346, 347, 352, 354, 356, 358, 359, 361, 362, 367, 368, 374, 375, 379, 387, 390, 392, 394, 395, 399, 400]
x_144: [4, 5, 9, 12, 25, 26, 27, 30, 34, 49, 53, 61, 65, 69, 72, 74, 75, 78, 86, 89, 90, 91, 94, 96, 101, 103, 104, 105, 106, 108, 109, 111, 121, 124, 135, 139, 142, 145, 146, 148, 150, 153, 154, 155, 156, 161, 168, 170, 173, 176, 179, 180, 181, 190, 191, 192, 195, 199, 200, 202, 203, 205, 206, 209, 211, 212, 215, 216, 219, 220, 225, 227, 232, 235, 241, 242, 243, 248, 249, 256, 257, 262, 264, 267, 268, 270, 278, 282, 289, 297, 300, 301, 309, 311, 314, 315, 318, 322, 325, 337, 338, 343, 346, 347, 356, 358, 359, 362, 367, 368, 371, 372, 375, 376, 379, 380, 381, 383, 385, 387, 389, 392, 393]
x_145: [3, 6, 7, 8, 14, 15, 19, 20, 22, 24, 32, 33, 35, 36, 41, 43, 45, 48, 50, 51, 52, 55, 56, 57, 59, 60, 64, 67, 73, 77, 79, 80, 81, 85, 91, 92, 93, 97, 100, 113, 118, 120, 123, 128, 131, 132, 133, 134, 137, 140, 141, 143, 144, 151, 155, 157, 163, 165, 167, 169, 170, 172, 174, 175, 178, 189, 193, 197, 198, 204, 213, 214, 221, 222, 223, 227, 231, 238, 241, 245, 247, 250, 251, 258, 261, 266, 269, 271, 274, 276, 280, 283, 284, 285, 286, 288, 292, 293, 294, 302, 304, 305, 308, 309, 310, 312, 323, 324, 327, 332, 333, 334, 336, 340, 345, 348, 350, 351, 352, 353, 355, 357, 364, 365, 369, 373, 374, 376, 382, 391, 397]
x_146: [2, 7, 8, 10, 11, 16, 19, 22, 23, 29, 35, 36, 41, 42, 43, 46, 48, 50, 52, 54, 56, 57, 58, 60, 64, 70, 76, 77, 80, 82, 87, 91, 92, 95, 98, 104, 112, 113, 117, 118, 120, 128, 131, 133, 134, 138, 140, 141, 143, 144, 151, 157, 159, 163, 167, 169, 172, 173, 174, 175, 179, 182, 185, 186, 187, 188, 193, 198, 207, 213, 214, 217, 221, 223, 229, 234, 237, 239, 244, 246, 250, 253, 261, 267, 276, 283, 286, 287, 291, 294, 297, 298, 301, 302, 304, 308, 309, 313, 320, 323, 327, 340, 344, 349, 350, 353, 355, 357, 361, 363, 364, 365, 373, 383, 384, 385, 386, 394]
x_147: [2, 7, 8, 11, 14, 15, 19, 20, 21, 22, 24, 29, 36, 40, 42, 43, 45, 46, 48, 50, 51, 52, 56, 57, 58, 69, 70, 76, 79, 82, 83, 87, 91, 93, 95, 96, 97, 99, 100, 102, 112, 114, 116, 120, 123, 127, 129, 131, 134, 136, 140, 143, 151, 157, 159, 162, 164, 166, 167, 169, 170, 174, 183, 186, 187, 188, 193, 197, 201, 207, 213, 214, 221, 223, 226, 227, 233, 234, 235, 237, 239, 245, 247, 250, 251, 253, 254, 256, 269, 271, 274, 280, 283, 284, 285, 291, 292, 293, 294, 297, 299, 301, 305, 308, 310, 313, 326, 333, 344, 345, 348, 349, 350, 351, 353, 357, 363, 380, 382, 386, 388, 389, 394]
x_148: [2, 7, 8, 14, 15, 16, 19, 20, 22, 23, 24, 33, 36, 40, 41, 42, 43, 45, 46, 51, 52, 55, 56, 57, 58, 59, 64, 76, 80, 81, 83, 87, 89, 91, 92, 93, 96, 97, 98, 99, 100, 102, 107, 111, 112, 113, 114, 116, 117, 118, 125, 127, 128, 137, 140, 141, 143, 144, 152, 153, 157, 162, 163, 164, 165, 169, 175, 185, 187, 188, 189, 193, 197, 201, 202, 229, 231, 234, 237, 238, 245, 251, 253, 260, 271, 274, 276, 280, 284, 286, 291, 295, 297, 298, 301, 303, 307, 308, 309, 312, 313, 315, 316, 319, 323, 324, 326, 332, 336, 338, 345, 348, 351, 353, 355, 357, 364, 365, 366, 368, 373, 374, 384, 386, 388, 389, 391, 394, 397]
x_149: [1, 4, 5, 9, 12, 15, 17, 18, 19, 21, 30, 35, 38, 39, 46, 47, 49, 54, 61, 62, 68, 72, 74, 78, 85, 86, 90, 101, 103, 108, 110, 122, 124, 126, 128, 129, 134, 135, 153, 155, 156, 171, 172, 173, 179, 180, 186, 190, 192, 199, 200, 202, 203, 205, 208, 209, 210, 212, 216, 218, 219, 225, 228, 232, 236, 243, 248, 249, 254, 255, 257, 262, 263, 266, 268, 272, 275, 277, 279, 281, 282, 289, 300, 315, 317, 321, 322, 325, 328, 329, 331, 334, 335, 337, 338, 339, 346, 347, 352, 359, 360, 367, 370, 371, 372, 375, 376, 380, 381, 385, 390, 393, 395, 396, 399]
x_150: [2, 3, 7, 9, 16, 19, 20, 22, 24, 29, 35, 36, 41, 42, 43, 46, 48, 50, 55, 57, 58, 59, 64, 76, 77, 79, 82, 83, 87, 91, 93, 95, 97, 99, 102, 107, 117, 118, 125, 127, 128, 131, 133, 134, 136, 141, 143, 144, 151, 157, 164, 165, 166, 167, 169, 172, 175, 178, 183, 185, 186, 187, 188, 189, 190, 192, 193, 198, 201, 204, 207, 214, 216, 221, 223, 229, 231, 237, 238, 239, 247, 251, 253, 258, 260, 261, 265, 271, 274, 276, 280, 284, 285, 286, 287, 288, 291, 293, 298, 299, 301, 303, 304, 305, 307, 309, 312, 313, 317, 319, 320, 323, 324, 326, 327, 336, 344, 345, 347, 349, 351, 353, 357, 363, 364, 367, 369, 373, 374, 382, 386, 388, 390, 391, 393, 398]
x_151: [1, 4, 10, 12, 13, 17, 21, 25, 26, 27, 30, 38, 39, 47, 53, 54, 61, 62, 63, 65, 73, 75, 78, 86, 89, 90, 101, 103, 106, 108, 109, 111, 115, 116, 122, 124, 126, 129, 130, 135, 136, 137, 142, 145, 146, 147, 150, 154, 158, 161, 168, 171, 173, 179, 180, 184, 187, 193, 194, 195, 196, 199, 200, 206, 208, 210, 211, 212, 215, 216, 217, 219, 225, 230, 233, 241, 248, 249, 254, 255, 256, 259, 262, 268, 273, 277, 278, 282, 289, 295, 306, 307, 311, 313, 314, 315, 317, 318, 321, 325, 330, 331, 334, 335, 337, 338, 339, 341, 342, 346, 347, 350, 356, 358, 359, 360, 362, 367, 368, 371, 376, 379, 380, 383, 387, 392, 393, 395, 399, 400]
x_152: [1, 9, 10, 12, 17, 18, 21, 25, 26, 30, 31, 34, 38, 39, 41, 45, 47, 53, 54, 62, 63, 65, 66, 67, 68, 72, 75, 78, 84, 85, 86, 88, 89, 92, 94, 101, 105, 106, 108, 110, 111, 115, 117, 126, 129, 130, 135, 139, 142, 148, 153, 154, 155, 156, 158, 160, 161, 163, 168, 173, 177, 179, 180, 181, 185, 190, 191, 195, 196, 199, 202, 205, 206, 208, 209, 211, 212, 215, 216, 225, 228, 230, 233, 235, 236, 242, 248, 252, 255, 256, 259, 260, 263, 264, 267, 268, 270, 273, 277, 278, 279, 281, 282, 295, 300, 311, 314, 315, 316, 320, 321, 322, 325, 328, 329, 330, 331, 335, 337, 338, 339, 346, 347, 352, 354, 358, 362, 367, 372, 376, 377, 379, 380, 381, 383, 387, 390, 392, 395, 396, 397, 400]
x_153: [8, 11, 14, 15, 16, 22, 23, 24, 33, 40, 41, 42, 43, 45, 46, 48, 50, 55, 57, 58, 59, 60, 64, 70, 79, 80, 82, 83, 87, 89, 91, 92, 95, 96, 99, 102, 111, 112, 114, 116, 117, 120, 123, 125, 127, 128, 132, 133, 137, 138, 140, 144, 148, 149, 152, 157, 162, 163, 170, 178, 182, 187, 188, 189, 193, 202, 213, 221, 234, 237, 238, 244, 253, 260, 272, 274, 284, 286, 288, 292, 294, 295, 297, 304, 305, 308, 309, 312, 313, 315, 316, 319, 320, 324, 326, 332, 333, 336, 338, 340, 344, 349, 350, 351, 355, 357, 363, 364, 365, 366, 368, 369, 373, 374, 386, 391, 394, 397, 398]
x_154: [2, 3, 6, 7, 13, 14, 15, 19, 20, 23, 29, 35, 39, 41, 45, 46, 47, 48, 51, 52, 55, 59, 60, 71, 74, 76, 77, 79, 82, 83, 92, 93, 96, 98, 99, 102, 107, 113, 117, 118, 128, 130, 134, 137, 144, 151, 152, 156, 162, 163, 165, 166, 167, 169, 172, 174, 175, 185, 186, 193, 197, 204, 205, 207, 214, 227, 229, 230, 231, 234, 237, 238, 244, 245, 247, 251, 260, 261, 265, 274, 276, 283, 285, 287, 288, 291, 294, 296, 297, 298, 299, 304, 305, 307, 309, 312, 319, 324, 326, 327, 332, 333, 336, 340, 344, 349, 350, 353, 355, 356, 357, 365, 369, 374, 388, 397, 398]
x_155: [2, 6, 8, 11, 13, 19, 20, 23, 29, 35, 36, 42, 45, 46, 56, 57, 58, 60, 67, 70, 73, 76, 79, 80, 81, 82, 83, 85, 91, 93, 96, 97, 98, 99, 100, 104, 112, 113, 114, 116, 117, 118, 123, 125, 127, 128, 131, 133, 134, 136, 137, 138, 141, 144, 145, 149, 152, 157, 162, 165, 166, 167, 170, 172, 174, 178, 182, 185, 187, 188, 193, 198, 201, 204, 207, 214, 221, 223, 224, 227, 229, 231, 234, 239, 241, 244, 245, 246, 247, 250, 253, 261, 266, 271, 276, 280, 283, 285, 287, 288, 291, 294, 296, 298, 303, 310, 319, 323, 324, 327, 334, 336, 344, 350, 352, 355, 357, 363, 364, 366, 376, 382, 384, 386, 388, 389]
x_156: [3, 6, 7, 8, 11, 13, 14, 16, 19, 32, 35, 36, 39, 46, 47, 48, 50, 52, 55, 57, 58, 64, 71, 74, 76, 80, 82, 87, 91, 96, 98, 99, 104, 116, 118, 120, 125, 127, 128, 130, 132, 133, 134, 137, 140, 141, 143, 144, 149, 152, 154, 159, 164, 165, 167, 170, 175, 183, 185, 189, 198, 201, 204, 205, 207, 213, 214, 224, 227, 229, 230, 231, 238, 244, 246, 250, 258, 260, 261, 269, 271, 272, 276, 280, 285, 286, 287, 288, 291, 293, 294, 296, 297, 298, 299, 301, 302, 303, 304, 305, 308, 309, 312, 313, 320, 323, 326, 327, 332, 333, 336, 345, 348, 349, 350, 353, 355, 356, 357, 363, 364, 374, 382, 391, 397, 398]
x_157: [1, 4, 5, 10, 12, 17, 25, 27, 28, 30, 34, 37, 38, 39, 42, 44, 53, 54, 60, 61, 62, 63, 64, 65, 66, 67, 68, 72, 73, 74, 75, 77, 79, 84, 85, 86, 89, 90, 106, 110, 119, 122, 126, 130, 135, 142, 145, 146, 147, 148, 150, 153, 155, 158, 160, 161, 171, 173, 176, 179, 180, 184, 190, 196, 205, 206, 208, 209, 210, 211, 215, 217, 218, 219, 220, 226, 231, 238, 240, 241, 242, 254, 255, 256, 257, 262, 263, 267, 270, 273, 277, 278, 279, 281, 289, 290, 300, 306, 311, 314, 318, 328, 329, 330, 331, 335, 339, 342, 343, 347, 352, 356, 357, 360, 361, 362, 367, 372, 373, 375, 376, 379, 381, 387, 392, 396, 399, 400]
x_158: [2, 13, 14, 15, 16, 19, 20, 24, 29, 32, 36, 40, 41, 43, 50, 51, 52, 56, 61, 64, 68, 70, 76, 79, 80, 82, 87, 91, 93, 95, 96, 97, 98, 100, 102, 104, 112, 116, 118, 125, 128, 132, 133, 134, 137, 138, 140, 151, 152, 157, 159, 163, 164, 165, 166, 167, 169, 170, 172, 178, 182, 187, 201, 211, 221, 222, 224, 234, 237, 238, 239, 244, 245, 246, 251, 253, 258, 260, 264, 265, 268, 272, 285, 286, 287, 288, 289, 291, 292, 293, 294, 296, 297, 298, 301, 302, 303, 308, 309, 312, 318, 319, 320, 323, 330, 332, 336, 341, 344, 345, 351, 353, 355, 357, 365, 366, 384, 389, 394, 398]
x_159: [1, 2, 3, 17, 18, 21, 25, 26, 27, 28, 34, 37, 39, 44, 47, 61, 68, 69, 72, 75, 78, 81, 84, 86, 89, 94, 98, 101, 105, 106, 109, 111, 115, 121, 122, 124, 125, 126, 129, 130, 135, 139, 142, 146, 147, 156, 158, 160, 161, 177, 180, 181, 191, 192, 194, 196, 198, 200, 205, 206, 208, 210, 211, 212, 218, 220, 223, 225, 226, 230, 232, 233, 235, 237, 240, 241, 254, 262, 263, 266, 267, 270, 275, 277, 278, 282, 289, 290, 295, 306, 310, 315, 321, 322, 325, 328, 331, 334, 335, 337, 338, 339, 342, 347, 358, 359, 367, 368, 370, 371, 372, 375, 377, 383, 392, 396, 399, 400]
x_160: [3, 4, 6, 7, 12, 14, 15, 19, 23, 29, 32, 33, 35, 41, 45, 46, 50, 52, 57, 76, 77, 78, 79, 80, 83, 87, 88, 90, 92, 95, 96, 97, 98, 99, 102, 104, 107, 108, 114, 116, 117, 123, 124, 125, 128, 131, 134, 137, 138, 141, 143, 152, 157, 159, 163, 164, 165, 166, 170, 172, 174, 175, 182, 183, 185, 186, 187, 188, 189, 198, 204, 207, 213, 221, 222, 223, 224, 229, 234, 238, 239, 246, 247, 250, 253, 258, 259, 261, 271, 272, 276, 283, 285, 287, 288, 294, 296, 301, 302, 308, 310, 324, 326, 327, 333, 340, 342, 344, 345, 349, 350, 351, 363, 365, 366, 369, 373, 384, 386, 388, 389, 394]
x_161: [3, 6, 8, 13, 14, 20, 22, 29, 31, 32, 33, 35, 36, 41, 42, 43, 45, 46, 48, 50, 52, 55, 56, 60, 62, 70, 77, 79, 80, 81, 82, 87, 91, 93, 96, 98, 101, 102, 104, 107, 112, 116, 117, 118, 120, 123, 132, 138, 139, 140, 142, 143, 144, 151, 152, 157, 159, 162, 164, 167, 169, 172, 175, 178, 182, 183, 184, 187, 197, 198, 207, 212, 213, 214, 221, 222, 227, 229, 237, 238, 253, 260, 265, 269, 271, 272, 280, 283, 286, 287, 288, 291, 294, 299, 301, 305, 307, 308, 309, 310, 313, 320, 323, 324, 326, 333, 340, 343, 344, 345, 349, 350, 353, 363, 365, 366, 382, 384, 388, 389, 394, 396, 397]
x_162: [1, 4, 5, 9, 10, 12, 18, 25, 26, 27, 28, 30, 31, 37, 39, 47, 49, 51, 53, 54, 59, 67, 68, 73, 75, 78, 85, 88, 90, 101, 102, 103, 105, 108, 115, 119, 121, 122, 124, 129, 135, 139, 147, 148, 153, 154, 155, 161, 171, 173, 176, 177, 179, 180, 191, 192, 194, 201, 202, 203, 205, 206, 208, 209, 210, 213, 215, 216, 218, 220, 225, 226, 228, 232, 236, 239, 240, 245, 249, 255, 256, 257, 264, 266, 267, 268, 270, 275, 277, 278, 279, 282, 289, 300, 303, 306, 311, 316, 318, 335, 337, 339, 340, 341, 347, 356, 358, 359, 361, 375, 377, 378, 380, 383, 385, 392]
x_163: [4, 10, 18, 28, 30, 31, 34, 37, 38, 39, 41, 44, 45, 53, 61, 69, 71, 72, 78, 84, 85, 89, 90, 92, 94, 106, 108, 109, 110, 111, 117, 121, 122, 126, 130, 135, 139, 145, 146, 148, 152, 153, 154, 158, 160, 168, 171, 173, 176, 177, 181, 185, 190, 191, 192, 195, 196, 199, 202, 205, 208, 209, 212, 215, 218, 220, 233, 235, 241, 243, 248, 249, 255, 256, 257, 259, 260, 263, 264, 267, 268, 270, 275, 277, 278, 279, 289, 290, 295, 300, 314, 315, 316, 317, 320, 322, 329, 330, 331, 334, 341, 342, 346, 356, 358, 359, 362, 367, 372, 375, 376, 377, 378, 380, 381, 383, 387, 393, 396, 397, 399]
x_164: [1, 5, 8, 9, 12, 16, 17, 18, 20, 28, 30, 31, 37, 39, 44, 49, 54, 61, 63, 66, 67, 69, 71, 72, 75, 84, 85, 86, 88, 90, 97, 103, 105, 110, 122, 124, 135, 139, 141, 147, 148, 150, 156, 158, 160, 161, 173, 174, 176, 181, 184, 191, 192, 196, 202, 203, 205, 209, 212, 217, 220, 221, 226, 230, 233, 236, 241, 242, 252, 259, 262, 263, 264, 268, 271, 273, 278, 279, 289, 290, 295, 306, 311, 314, 315, 316, 317, 318, 322, 324, 325, 331, 334, 337, 341, 343, 346, 347, 352, 361, 367, 370, 372, 375, 376, 377, 378, 379, 380, 381, 390, 392, 400]
x_165: [4, 5, 10, 12, 17, 21, 28, 29, 31, 38, 44, 49, 52, 53, 54, 61, 63, 65, 66, 67, 68, 69, 72, 74, 78, 84, 86, 89, 94, 95, 101, 103, 105, 106, 115, 118, 126, 130, 135, 145, 148, 150, 154, 155, 156, 158, 160, 168, 176, 177, 179, 181, 184, 190, 191, 192, 194, 196, 199, 200, 202, 205, 208, 210, 211, 212, 215, 216, 217, 219, 225, 232, 233, 235, 236, 240, 241, 244, 248, 249, 252, 254, 257, 259, 263, 264, 266, 267, 268, 275, 277, 278, 279, 282, 288, 289, 290, 300, 317, 318, 321, 322, 325, 326, 328, 329, 330, 331, 333, 334, 335, 338, 341, 342, 343, 346, 354, 358, 359, 360, 362, 363, 368, 370, 372, 375, 376, 377, 378, 380, 381, 387, 390, 392]
x_166: [5, 9, 10, 17, 26, 27, 30, 31, 34, 38, 47, 53, 54, 62, 63, 66, 67, 68, 69, 71, 73, 75, 83, 84, 85, 86, 90, 94, 103, 106, 109, 110, 115, 119, 121, 122, 124, 130, 135, 139, 140, 147, 150, 154, 155, 158, 160, 168, 176, 180, 192, 195, 196, 199, 200, 203, 205, 206, 209, 211, 212, 215, 216, 219, 220, 226, 228, 229, 232, 236, 240, 243, 256, 257, 259, 262, 263, 264, 266, 267, 270, 275, 277, 278, 282, 285, 290, 295, 306, 311, 314, 315, 316, 317, 318, 322, 323, 325, 328, 330, 334, 336, 337, 339, 341, 342, 346, 352, 354, 355, 358, 359, 361, 362, 365, 370, 371, 372, 375, 377, 379, 380, 381, 383, 384, 390, 395, 396, 399, 400]
x_167: [4, 5, 6, 11, 17, 18, 21, 26, 30, 31, 38, 44, 47, 49, 61, 62, 63, 65, 66, 67, 69, 72, 73, 74, 75, 80, 82, 84, 89, 90, 101, 103, 109, 110, 111, 115, 120, 126, 130, 139, 142, 145, 146, 147, 150, 154, 155, 156, 158, 161, 168, 171, 176, 177, 180, 190, 191, 194, 195, 200, 202, 206, 208, 209, 211, 212, 216, 219, 225, 226, 228, 233, 235, 241, 255, 256, 257, 262, 263, 264, 266, 270, 275, 276, 277, 279, 281, 289, 290, 295, 299, 300, 306, 311, 315, 316, 318, 321, 329, 330, 331, 334, 338, 341, 342, 345, 347, 351, 352, 354, 358, 368, 371, 375, 376, 377, 378, 379, 380, 381, 387, 390, 392, 393, 396, 399]
x_168: [2, 3, 6, 16, 20, 22, 24, 32, 34, 35, 36, 37, 40, 41, 42, 43, 45, 46, 48, 51, 56, 58, 60, 70, 91, 92, 93, 95, 96, 98, 100, 110, 112, 113, 114, 120, 125, 128, 131, 132, 133, 134, 136, 137, 138, 143, 144, 151, 152, 163, 165, 166, 167, 174, 175, 178, 182, 183, 185, 186, 187, 188, 189, 198, 201, 204, 210, 214, 222, 223, 224, 228, 234, 237, 239, 244, 245, 247, 250, 251, 253, 260, 261, 265, 272, 273, 280, 281, 283, 284, 285, 286, 291, 292, 294, 297, 302, 303, 304, 305, 307, 308, 309, 319, 320, 324, 326, 327, 333, 339, 340, 344, 351, 353, 355, 364, 381, 388, 389, 391, 394, 398]
x_169: [4, 7, 10, 12, 18, 21, 23, 25, 27, 28, 31, 34, 38, 40, 44, 49, 53, 63, 65, 67, 69, 72, 73, 74, 78, 84, 85, 88, 89, 94, 101, 105, 106, 108, 122, 126, 129, 139, 145, 146, 147, 148, 150, 154, 158, 161, 171, 177, 178, 179, 191, 192, 195, 196, 199, 203, 206, 209, 211, 218, 219, 220, 226, 228, 230, 232, 233, 235, 241, 243, 248, 252, 255, 256, 257, 259, 262, 263, 264, 267, 273, 275, 277, 279, 290, 291, 293, 300, 314, 316, 317, 319, 321, 325, 329, 330, 331, 332, 334, 338, 339, 342, 344, 346, 347, 354, 356, 360, 361, 362, 367, 368, 370, 371, 375, 378, 380, 381, 383, 390, 395, 396, 400]
x_170: [1, 5, 10, 12, 17, 18, 21, 27, 28, 39, 44, 47, 49, 53, 61, 62, 63, 65, 66, 67, 71, 72, 74, 75, 84, 85, 89, 91, 94, 96, 101, 103, 104, 105, 106, 108, 109, 115, 119, 126, 135, 144, 145, 147, 153, 155, 156, 158, 160, 171, 176, 180, 192, 194, 195, 196, 199, 200, 205, 206, 209, 210, 212, 220, 226, 227, 228, 233, 236, 240, 242, 249, 254, 255, 257, 259, 262, 270, 278, 281, 289, 295, 297, 300, 301, 309, 314, 316, 325, 331, 334, 339, 346, 354, 356, 358, 361, 367, 370, 371, 372, 379, 380, 381, 383, 389, 392, 393, 395, 396, 400]
x_171: [3, 6, 8, 11, 13, 16, 20, 22, 24, 32, 43, 45, 51, 55, 56, 57, 58, 60, 76, 79, 82, 83, 87, 91, 92, 93, 95, 96, 97, 99, 100, 102, 103, 107, 112, 116, 117, 131, 133, 134, 135, 136, 137, 143, 149, 151, 157, 162, 163, 167, 169, 170, 172, 174, 175, 182, 183, 185, 187, 188, 189, 198, 206, 207, 214, 221, 222, 224, 227, 231, 238, 239, 243, 249, 250, 253, 261, 265, 269, 276, 283, 284, 286, 287, 292, 294, 297, 298, 299, 302, 303, 306, 307, 309, 310, 312, 314, 319, 320, 323, 324, 332, 340, 344, 345, 349, 351, 353, 355, 358, 359, 363, 365, 366, 386, 398]
x_172: [4, 5, 10, 15, 19, 21, 25, 26, 27, 28, 30, 31, 35, 37, 38, 44, 46, 47, 49, 54, 61, 63, 65, 67, 69, 72, 74, 75, 78, 84, 85, 94, 103, 105, 108, 110, 119, 126, 128, 129, 130, 134, 139, 142, 145, 146, 149, 150, 154, 155, 158, 160, 161, 171, 176, 177, 184, 186, 192, 195, 196, 199, 202, 206, 209, 210, 211, 212, 216, 217, 225, 228, 230, 232, 235, 241, 242, 249, 255, 256, 268, 270, 272, 273, 275, 277, 278, 281, 282, 290, 306, 314, 315, 316, 322, 329, 331, 334, 335, 337, 338, 339, 343, 347, 352, 354, 356, 359, 361, 367, 372, 376, 379, 381, 385, 390, 392]
x_173: [6, 7, 8, 10, 13, 15, 20, 23, 29, 33, 35, 36, 40, 42, 43, 48, 50, 51, 54, 55, 57, 58, 59, 60, 64, 76, 77, 79, 80, 81, 82, 92, 93, 96, 97, 98, 100, 113, 114, 116, 118, 120, 125, 127, 131, 132, 133, 136, 137, 141, 144, 146, 149, 151, 152, 157, 162, 163, 164, 175, 179, 187, 188, 189, 193, 197, 198, 201, 213, 217, 221, 227, 231, 239, 244, 246, 247, 250, 260, 261, 267, 271, 272, 274, 276, 285, 287, 288, 292, 293, 294, 298, 301, 302, 304, 307, 308, 310, 313, 319, 323, 324, 332, 333, 344, 345, 349, 355, 361, 363, 364, 365, 369, 383, 385, 386, 394, 397]
x_174: [1, 4, 5, 8, 10, 12, 16, 17, 18, 20, 25, 26, 27, 31, 34, 37, 53, 54, 61, 62, 65, 66, 71, 74, 78, 85, 86, 88, 89, 90, 94, 97, 101, 103, 108, 109, 111, 115, 122, 126, 129, 130, 139, 141, 142, 145, 146, 147, 154, 155, 160, 164, 168, 171, 176, 177, 179, 180, 181, 184, 191, 194, 195, 199, 205, 208, 209, 210, 211, 212, 216, 219, 221, 226, 230, 232, 233, 240, 248, 249, 252, 256, 263, 264, 266, 268, 270, 271, 273, 275, 278, 279, 282, 300, 306, 317, 321, 322, 324, 325, 328, 329, 331, 335, 337, 338, 339, 341, 347, 354, 356, 360, 362, 368, 372, 377, 378, 379, 381, 383, 392, 395, 399]
x_175: [1, 5, 9, 17, 18, 24, 25, 26, 27, 38, 39, 44, 47, 49, 53, 55, 61, 62, 63, 66, 69, 71, 75, 84, 85, 86, 88, 90, 105, 106, 107, 108, 113, 119, 122, 124, 130, 131, 132, 142, 145, 146, 148, 150, 154, 156, 160, 161, 168, 171, 173, 177, 179, 188, 191, 194, 195, 200, 203, 205, 206, 208, 209, 212, 215, 216, 217, 218, 220, 225, 226, 235, 241, 242, 248, 254, 255, 256, 262, 263, 264, 266, 267, 268, 273, 275, 282, 290, 294, 295, 300, 314, 315, 317, 322, 328, 331, 334, 335, 337, 338, 339, 341, 346, 352, 356, 358, 359, 360, 361, 362, 367, 368, 379, 381, 383, 388, 395, 399, 400]
x_176: [2, 3, 8, 14, 15, 16, 24, 29, 32, 41, 46, 52, 55, 59, 60, 64, 79, 80, 81, 82, 83, 93, 97, 98, 99, 100, 104, 107, 112, 113, 114, 116, 123, 125, 127, 128, 131, 132, 136, 138, 143, 144, 157, 162, 163, 164, 165, 166, 167, 170, 172, 174, 178, 182, 183, 185, 186, 187, 189, 195, 196, 197, 198, 204, 207, 209, 213, 215, 222, 224, 225, 229, 231, 234, 238, 244, 247, 250, 251, 258, 261, 265, 271, 272, 280, 284, 286, 288, 292, 294, 296, 298, 301, 302, 303, 304, 308, 312, 320, 324, 326, 340, 349, 353, 354, 357, 363, 369, 372, 374, 375, 378, 384, 394, 398]
x_177: [2, 3, 8, 13, 14, 19, 20, 23, 24, 32, 36, 40, 41, 48, 51, 52, 59, 64, 65, 70, 80, 83, 87, 91, 92, 93, 98, 99, 104, 106, 107, 114, 116, 117, 120, 123, 131, 140, 143, 152, 159, 162, 163, 165, 167, 169, 172, 174, 175, 183, 185, 186, 189, 194, 197, 198, 204, 207, 222, 223, 224, 237, 244, 245, 251, 265, 269, 272, 274, 275, 276, 277, 279, 280, 284, 286, 287, 288, 291, 297, 299, 302, 304, 307, 308, 309, 310, 313, 320, 323, 327, 329, 332, 333, 336, 350, 357, 364, 365, 370, 374, 388, 389, 391, 392, 394, 397, 398]
x_178: [4, 7, 10, 12, 17, 18, 21, 23, 25, 26, 31, 38, 40, 44, 47, 53, 54, 61, 63, 65, 66, 67, 69, 73, 86, 103, 105, 106, 108, 111, 115, 124, 126, 135, 142, 145, 150, 153, 155, 158, 161, 168, 169, 176, 179, 180, 181, 184, 190, 191, 194, 195, 196, 199, 202, 203, 205, 206, 208, 209, 217, 218, 219, 220, 226, 228, 233, 236, 240, 242, 248, 249, 252, 254, 255, 256, 266, 268, 270, 277, 279, 281, 282, 289, 290, 291, 293, 295, 314, 319, 322, 325, 328, 330, 331, 332, 334, 335, 338, 339, 341, 342, 344, 352, 360, 367, 370, 372, 376, 378, 379, 393, 400]
x_179: [10, 11, 13, 14, 20, 23, 29, 32, 33, 42, 45, 46, 50, 51, 52, 54, 55, 57, 58, 59, 60, 70, 77, 83, 87, 91, 92, 93, 98, 99, 102, 104, 107, 112, 114, 117, 127, 132, 133, 134, 137, 138, 144, 146, 149, 151, 152, 157, 162, 165, 169, 173, 174, 175, 178, 182, 187, 188, 197, 198, 201, 207, 213, 217, 221, 222, 223, 229, 234, 237, 244, 247, 250, 251, 258, 260, 261, 267, 269, 271, 274, 276, 286, 296, 307, 308, 309, 310, 313, 320, 323, 327, 332, 333, 344, 349, 350, 353, 355, 361, 363, 364, 365, 366, 382, 383, 384, 385, 388, 391, 394, 397]
x_180: [3, 6, 7, 8, 11, 13, 15, 16, 17, 20, 22, 23, 25, 29, 32, 36, 41, 43, 45, 48, 59, 60, 70, 76, 77, 79, 80, 84, 87, 92, 93, 95, 99, 100, 104, 113, 116, 117, 118, 123, 125, 127, 128, 131, 132, 133, 134, 136, 137, 138, 143, 144, 149, 151, 152, 157, 159, 162, 166, 167, 170, 174, 178, 182, 183, 185, 186, 187, 188, 189, 193, 197, 198, 199, 213, 214, 222, 223, 224, 227, 229, 231, 234, 237, 238, 244, 245, 246, 247, 250, 251, 260, 261, 265, 269, 271, 280, 284, 286, 287, 290, 292, 294, 297, 299, 301, 302, 304, 305, 307, 308, 309, 310, 312, 313, 322, 323, 326, 327, 328, 331, 332, 333, 336, 345, 346, 349, 350, 353, 355, 357, 363, 366, 369, 382, 384, 388, 394, 397, 398]
x_181: [3, 7, 8, 11, 14, 16, 18, 19, 22, 23, 26, 29, 33, 35, 36, 40, 41, 44, 45, 46, 50, 51, 58, 70, 77, 79, 82, 83, 87, 91, 97, 99, 104, 113, 116, 117, 118, 123, 125, 131, 133, 134, 137, 144, 152, 159, 163, 164, 165, 174, 178, 183, 185, 186, 188, 207, 213, 219, 220, 221, 223, 229, 231, 234, 237, 238, 240, 245, 247, 251, 253, 260, 269, 271, 272, 274, 286, 287, 293, 298, 301, 303, 304, 308, 310, 319, 320, 323, 324, 326, 327, 333, 340, 348, 349, 351, 355, 357, 362, 363, 373, 377, 382, 386, 389, 398, 399]
x_182: [1, 4, 10, 12, 21, 25, 26, 30, 31, 32, 34, 37, 38, 44, 49, 58, 61, 62, 63, 67, 71, 73, 74, 78, 86, 88, 90, 94, 105, 109, 110, 111, 115, 121, 122, 126, 135, 138, 142, 146, 153, 155, 158, 160, 161, 168, 171, 176, 179, 180, 184, 191, 194, 196, 200, 202, 203, 208, 209, 210, 216, 217, 219, 220, 226, 228, 230, 232, 233, 235, 240, 241, 242, 248, 252, 254, 263, 270, 273, 275, 277, 278, 282, 284, 289, 290, 305, 306, 311, 318, 322, 325, 327, 329, 330, 335, 337, 338, 339, 342, 343, 346, 347, 353, 354, 356, 359, 360, 361, 362, 370, 375, 376, 377, 381, 382, 383, 385, 387, 391, 392, 396, 399, 400]
x_183: [1, 5, 12, 18, 22, 25, 27, 28, 34, 37, 39, 44, 47, 48, 49, 53, 54, 61, 63, 65, 68, 69, 71, 72, 75, 85, 86, 88, 89, 90, 100, 103, 105, 106, 109, 111, 112, 115, 122, 123, 126, 129, 147, 150, 156, 160, 161, 168, 171, 176, 177, 180, 181, 191, 194, 200, 203, 206, 209, 210, 211, 212, 215, 216, 218, 220, 228, 233, 249, 257, 262, 264, 265, 268, 270, 275, 277, 278, 281, 282, 306, 308, 312, 322, 329, 330, 331, 334, 335, 342, 343, 346, 352, 354, 356, 359, 360, 361, 362, 367, 368, 372, 375, 376, 377, 379, 387, 395, 396, 398, 399]
x_184: [3, 7, 8, 11, 16, 19, 20, 22, 29, 31, 36, 40, 41, 42, 43, 48, 51, 52, 59, 60, 62, 70, 79, 81, 91, 92, 97, 100, 101, 107, 112, 113, 114, 116, 117, 118, 123, 125, 127, 128, 133, 136, 137, 138, 139, 140, 141, 142, 151, 157, 161, 164, 165, 172, 174, 178, 182, 187, 188, 193, 198, 204, 212, 213, 221, 227, 229, 231, 237, 239, 244, 246, 247, 250, 251, 253, 258, 269, 271, 274, 284, 286, 287, 291, 293, 298, 299, 302, 303, 310, 312, 319, 323, 324, 333, 336, 340, 343, 344, 348, 349, 350, 351, 353, 363, 364, 366, 369, 373, 384, 386, 389, 394, 396]
x_185: [1, 4, 5, 10, 18, 27, 28, 30, 31, 37, 38, 39, 41, 45, 47, 49, 61, 63, 67, 71, 72, 73, 78, 89, 92, 109, 110, 111, 115, 117, 122, 126, 129, 130, 135, 142, 146, 148, 150, 152, 154, 155, 156, 160, 163, 168, 171, 176, 177, 180, 181, 195, 196, 200, 202, 206, 209, 211, 215, 216, 220, 225, 228, 230, 236, 241, 248, 249, 255, 257, 260, 263, 264, 267, 268, 275, 306, 311, 315, 316, 318, 320, 322, 329, 330, 335, 337, 341, 343, 346, 347, 354, 356, 359, 361, 367, 368, 372, 375, 377, 379, 381, 383, 395, 397]
x_186: [1, 4, 9, 12, 15, 17, 19, 25, 28, 30, 34, 35, 38, 39, 46, 47, 49, 53, 61, 65, 66, 67, 68, 72, 74, 85, 88, 94, 101, 103, 110, 121, 126, 128, 129, 130, 134, 135, 139, 146, 147, 149, 150, 154, 160, 168, 172, 176, 177, 180, 181, 194, 196, 200, 202, 203, 206, 208, 210, 211, 212, 215, 216, 217, 218, 228, 230, 232, 233, 235, 242, 243, 252, 254, 256, 259, 262, 263, 264, 270, 272, 275, 278, 279, 289, 290, 300, 306, 311, 315, 317, 318, 328, 329, 330, 334, 337, 338, 339, 352, 356, 358, 359, 360, 361, 362, 367, 370, 371, 372, 375, 379, 380, 381, 383, 385, 387, 390, 396]
x_187: [1, 4, 5, 12, 13, 17, 21, 26, 28, 30, 31, 34, 38, 39, 44, 47, 49, 53, 65, 66, 68, 72, 73, 75, 84, 85, 89, 90, 94, 106, 109, 111, 116, 121, 130, 135, 136, 137, 146, 147, 148, 150, 151, 153, 155, 158, 160, 161, 168, 171, 173, 176, 179, 180, 184, 192, 193, 195, 196, 199, 200, 202, 203, 205, 208, 209, 210, 212, 217, 220, 226, 235, 240, 241, 243, 248, 255, 257, 259, 262, 266, 268, 273, 275, 277, 278, 282, 289, 290, 295, 306, 307, 311, 313, 316, 317, 321, 322, 325, 331, 334, 335, 337, 341, 342, 347, 350, 352, 356, 359, 361, 368, 370, 371, 372, 375, 376, 378, 379, 380, 381, 383, 385, 392, 395, 396]
x_188: [1, 9, 12, 18, 21, 24, 26, 28, 30, 31, 47, 49, 54, 55, 61, 66, 67, 69, 71, 72, 73, 85, 86, 88, 94, 101, 103, 105, 106, 107, 108, 111, 113, 115, 121, 124, 130, 131, 132, 135, 146, 147, 148, 150, 153, 155, 160, 168, 171, 173, 175, 179, 180, 181, 184, 190, 191, 192, 194, 195, 196, 199, 202, 205, 208, 210, 211, 217, 220, 225, 226, 230, 235, 240, 241, 243, 252, 254, 259, 262, 263, 264, 266, 277, 281, 282, 289, 290, 294, 306, 311, 314, 316, 317, 325, 328, 331, 334, 337, 341, 343, 347, 352, 354, 356, 358, 359, 367, 368, 375, 376, 377, 379, 380, 383, 385, 387, 388, 392, 393, 399]
x_189: [1, 10, 12, 17, 25, 26, 27, 30, 31, 34, 37, 38, 47, 49, 50, 53, 54, 61, 62, 63, 65, 67, 68, 84, 85, 86, 87, 90, 94, 101, 105, 108, 109, 110, 115, 121, 122, 126, 129, 135, 142, 145, 148, 150, 153, 156, 160, 168, 171, 173, 176, 177, 180, 190, 194, 196, 200, 204, 205, 206, 209, 211, 212, 215, 216, 217, 218, 219, 220, 228, 233, 236, 242, 247, 249, 252, 254, 256, 257, 263, 264, 267, 270, 273, 274, 275, 278, 281, 282, 296, 300, 302, 311, 314, 316, 317, 318, 321, 322, 330, 331, 334, 337, 339, 342, 343, 347, 349, 352, 358, 359, 364, 372, 376, 377, 378, 379, 385, 390, 393, 396, 400]
x_190: [6, 7, 9, 13, 14, 15, 23, 24, 29, 36, 45, 46, 50, 51, 52, 56, 57, 58, 64, 70, 76, 77, 80, 81, 82, 83, 87, 91, 95, 96, 98, 102, 104, 107, 112, 114, 116, 118, 120, 123, 128, 133, 136, 137, 138, 143, 144, 149, 150, 152, 157, 163, 165, 167, 178, 188, 189, 192, 193, 198, 204, 207, 213, 214, 216, 222, 223, 229, 237, 238, 244, 245, 246, 247, 250, 251, 258, 260, 271, 274, 276, 280, 283, 284, 285, 286, 288, 292, 294, 297, 303, 305, 307, 309, 310, 313, 317, 319, 320, 323, 327, 332, 347, 348, 350, 351, 353, 355, 357, 363, 364, 365, 366, 367, 373, 374, 384, 386, 389, 390, 393, 394, 398]
x_191: [2, 3, 6, 7, 8, 14, 16, 20, 24, 29, 33, 36, 41, 48, 53, 55, 56, 57, 60, 63, 64, 77, 79, 81, 82, 83, 92, 93, 97, 99, 100, 102, 104, 113, 116, 117, 120, 123, 127, 132, 136, 138, 140, 141, 143, 144, 152, 159, 162, 163, 164, 165, 167, 169, 174, 175, 178, 182, 183, 188, 197, 200, 201, 207, 213, 223, 231, 239, 247, 248, 250, 260, 269, 271, 274, 276, 282, 285, 288, 291, 294, 302, 303, 304, 305, 307, 308, 311, 319, 320, 321, 323, 326, 327, 333, 336, 340, 344, 345, 349, 350, 357, 360, 364, 369, 373, 382, 386, 389, 391, 398, 400]
x_192: [2, 3, 7, 9, 11, 14, 29, 32, 33, 35, 41, 42, 43, 46, 48, 50, 51, 52, 55, 56, 58, 60, 70, 76, 79, 80, 81, 82, 87, 91, 95, 96, 97, 99, 102, 107, 113, 118, 123, 125, 128, 131, 132, 134, 136, 137, 138, 141, 143, 144, 149, 150, 159, 162, 163, 164, 165, 166, 169, 170, 172, 187, 188, 190, 193, 207, 213, 216, 221, 222, 224, 227, 229, 237, 238, 239, 244, 245, 246, 253, 258, 260, 261, 265, 269, 271, 272, 274, 276, 284, 286, 292, 293, 297, 298, 301, 302, 303, 305, 308, 309, 313, 317, 319, 320, 323, 324, 326, 332, 336, 340, 345, 347, 349, 351, 353, 355, 357, 367, 369, 373, 382, 388, 390, 393, 397, 398]
x_193: [4, 5, 10, 12, 13, 18, 21, 25, 26, 28, 30, 31, 34, 39, 54, 61, 62, 65, 66, 67, 68, 71, 72, 73, 74, 75, 78, 84, 85, 86, 88, 89, 101, 108, 109, 115, 116, 121, 122, 126, 130, 135, 136, 137, 145, 146, 147, 148, 150, 151, 153, 154, 155, 173, 180, 184, 187, 190, 192, 194, 196, 199, 205, 206, 208, 211, 216, 217, 219, 232, 235, 240, 243, 248, 249, 255, 257, 259, 263, 264, 266, 273, 275, 277, 282, 289, 295, 300, 306, 307, 313, 316, 317, 318, 321, 325, 328, 329, 330, 331, 335, 337, 338, 341, 343, 346, 350, 360, 361, 367, 368, 370, 371, 375, 376, 377, 379, 381, 383, 385, 387, 390, 393, 400]
x_194: [3, 7, 11, 14, 15, 16, 19, 20, 22, 23, 29, 35, 40, 41, 42, 43, 45, 46, 48, 51, 52, 56, 57, 58, 65, 76, 77, 80, 81, 82, 83, 87, 91, 95, 98, 102, 106, 107, 112, 113, 114, 117, 123, 131, 132, 133, 136, 140, 151, 159, 162, 165, 167, 170, 174, 175, 177, 178, 182, 183, 186, 188, 189, 193, 197, 198, 201, 204, 213, 214, 222, 224, 227, 229, 231, 234, 238, 244, 245, 247, 251, 253, 261, 265, 269, 271, 275, 277, 279, 284, 286, 291, 292, 294, 296, 297, 298, 299, 301, 304, 307, 308, 310, 312, 326, 329, 333, 340, 344, 345, 348, 351, 353, 357, 364, 365, 366, 369, 370, 374, 382, 386, 388, 392, 394, 398]
x_195: [2, 3, 7, 8, 11, 13, 14, 15, 16, 23, 29, 32, 33, 35, 43, 45, 46, 52, 56, 58, 64, 70, 76, 82, 83, 96, 100, 102, 104, 112, 114, 123, 125, 127, 128, 133, 134, 136, 137, 143, 144, 151, 152, 163, 166, 167, 169, 170, 172, 174, 175, 176, 178, 185, 187, 188, 196, 197, 209, 215, 223, 225, 227, 231, 237, 238, 239, 245, 253, 258, 260, 269, 274, 276, 286, 291, 294, 296, 298, 299, 301, 304, 305, 307, 312, 313, 319, 323, 332, 333, 349, 350, 353, 354, 355, 363, 364, 365, 366, 372, 373, 375, 378, 382, 384, 394]
x_196: [3, 6, 7, 11, 13, 14, 20, 23, 29, 32, 35, 36, 45, 48, 51, 52, 55, 57, 58, 60, 79, 81, 91, 98, 100, 102, 112, 113, 114, 116, 117, 123, 125, 127, 131, 132, 134, 136, 137, 138, 140, 141, 143, 151, 152, 157, 159, 163, 164, 165, 166, 169, 170, 172, 176, 178, 182, 185, 186, 187, 188, 189, 193, 195, 198, 207, 209, 213, 215, 221, 223, 224, 225, 227, 229, 237, 239, 245, 247, 250, 251, 253, 258, 260, 265, 269, 271, 272, 280, 283, 285, 286, 288, 291, 297, 298, 299, 302, 303, 308, 309, 310, 312, 320, 323, 324, 326, 327, 340, 344, 348, 349, 350, 353, 354, 355, 363, 365, 372, 374, 375, 378, 382, 386, 388, 389, 391, 397, 398]
x_197: [1, 5, 10, 12, 21, 26, 31, 33, 37, 44, 47, 53, 54, 56, 61, 62, 66, 67, 69, 72, 73, 75, 78, 85, 88, 89, 94, 101, 109, 111, 114, 119, 124, 126, 127, 129, 130, 145, 147, 148, 154, 161, 173, 176, 177, 179, 180, 191, 194, 195, 199, 200, 202, 203, 206, 208, 209, 211, 212, 214, 215, 216, 218, 219, 220, 226, 233, 235, 240, 242, 250, 252, 254, 255, 256, 259, 267, 268, 270, 273, 275, 278, 281, 282, 289, 292, 295, 306, 311, 317, 318, 322, 325, 334, 335, 337, 338, 346, 352, 359, 360, 361, 367, 369, 371, 375, 376, 377, 379, 380, 381, 383, 385, 386, 390, 393, 395, 400]
x_198: [1, 2, 3, 4, 9, 12, 18, 21, 27, 28, 30, 31, 34, 38, 44, 47, 53, 54, 62, 63, 66, 69, 71, 72, 78, 81, 85, 86, 89, 98, 101, 103, 105, 108, 109, 111, 119, 121, 124, 125, 126, 129, 139, 145, 146, 150, 155, 156, 159, 160, 161, 168, 171, 173, 176, 177, 179, 180, 184, 190, 194, 196, 200, 203, 205, 206, 210, 218, 219, 223, 226, 228, 230, 235, 237, 240, 243, 248, 249, 257, 259, 266, 267, 268, 273, 275, 278, 279, 281, 282, 289, 295, 300, 306, 310, 314, 315, 317, 321, 328, 329, 331, 338, 339, 341, 343, 346, 354, 358, 360, 361, 362, 367, 370, 375, 377, 379, 381, 387, 390, 392, 395]
x_199: [6, 11, 15, 16, 17, 22, 23, 25, 29, 33, 35, 36, 40, 41, 42, 43, 45, 46, 50, 52, 57, 58, 59, 64, 77, 79, 80, 83, 84, 87, 91, 93, 95, 96, 98, 99, 102, 104, 107, 112, 113, 114, 116, 117, 118, 123, 125, 127, 128, 131, 132, 133, 136, 143, 144, 149, 151, 152, 163, 165, 166, 169, 170, 172, 174, 178, 180, 187, 188, 193, 197, 222, 223, 224, 234, 238, 239, 244, 245, 246, 251, 253, 260, 265, 269, 271, 274, 276, 280, 288, 290, 291, 294, 298, 304, 305, 310, 312, 319, 320, 322, 324, 327, 328, 331, 333, 336, 345, 346, 348, 350, 353, 357, 363, 364, 365, 366, 369, 373, 374, 384, 386, 394, 397, 398]
x_200: [3, 11, 13, 14, 16, 24, 29, 32, 36, 45, 46, 48, 50, 52, 53, 56, 58, 63, 70, 77, 79, 82, 83, 87, 93, 95, 97, 98, 99, 100, 104, 107, 112, 116, 117, 118, 127, 128, 133, 140, 143, 144, 149, 151, 159, 165, 166, 167, 170, 175, 182, 183, 185, 186, 187, 189, 191, 197, 198, 201, 204, 213, 214, 222, 224, 229, 231, 234, 246, 248, 250, 253, 258, 260, 269, 272, 276, 280, 282, 283, 285, 287, 291, 292, 294, 296, 297, 298, 299, 301, 302, 303, 304, 307, 308, 310, 311, 312, 313, 319, 321, 324, 327, 332, 333, 336, 344, 345, 351, 355, 357, 360, 364, 365, 366, 369, 373, 374, 386, 388, 391, 397, 398, 400]
x_201: [4, 5, 9, 26, 30, 34, 37, 39, 47, 49, 51, 53, 59, 63, 66, 68, 69, 72, 73, 75, 84, 85, 86, 88, 89, 90, 94, 102, 105, 110, 111, 115, 121, 122, 124, 130, 139, 147, 148, 150, 155, 156, 158, 162, 168, 173, 179, 191, 194, 200, 202, 203, 208, 209, 211, 212, 213, 219, 220, 225, 226, 228, 230, 233, 235, 239, 240, 242, 243, 245, 248, 249, 254, 255, 256, 257, 259, 262, 263, 266, 268, 277, 278, 281, 282, 289, 303, 314, 315, 316, 317, 318, 322, 325, 328, 331, 337, 340, 342, 346, 358, 361, 367, 371, 372, 375, 378, 379, 380, 381, 383, 390, 395, 396, 399]
x_202: [2, 3, 6, 7, 8, 11, 13, 15, 16, 19, 22, 23, 24, 32, 33, 35, 36, 45, 46, 50, 51, 52, 55, 57, 58, 59, 60, 64, 80, 87, 89, 93, 97, 98, 104, 107, 111, 112, 114, 117, 118, 123, 125, 127, 128, 131, 134, 141, 143, 144, 148, 149, 152, 153, 162, 163, 164, 165, 167, 172, 178, 182, 185, 186, 187, 188, 197, 201, 204, 213, 214, 221, 222, 223, 227, 229, 237, 238, 245, 247, 250, 253, 260, 261, 265, 269, 271, 272, 280, 283, 284, 286, 287, 288, 292, 293, 294, 295, 297, 301, 304, 305, 307, 310, 313, 315, 316, 319, 320, 327, 332, 336, 338, 344, 345, 350, 355, 365, 368, 374, 388, 397]
x_203: [1, 2, 8, 11, 13, 14, 15, 19, 20, 23, 24, 29, 32, 35, 38, 42, 46, 48, 49, 52, 55, 57, 59, 64, 70, 72, 76, 79, 87, 92, 93, 96, 97, 98, 99, 100, 102, 107, 112, 113, 117, 119, 120, 125, 127, 128, 133, 134, 137, 138, 140, 143, 144, 149, 162, 164, 166, 169, 175, 178, 182, 183, 186, 187, 197, 198, 201, 204, 207, 214, 222, 224, 227, 229, 234, 237, 238, 239, 244, 245, 246, 247, 252, 255, 260, 265, 269, 271, 272, 274, 276, 283, 285, 286, 287, 292, 293, 300, 302, 304, 307, 309, 310, 319, 323, 324, 325, 327, 333, 336, 344, 345, 348, 349, 350, 351, 353, 355, 363, 365, 369, 382, 386, 388, 394, 398]
x_204: [1, 4, 12, 18, 25, 26, 27, 31, 34, 38, 44, 47, 49, 50, 54, 63, 68, 69, 71, 72, 73, 74, 86, 87, 106, 108, 110, 111, 115, 119, 121, 122, 124, 126, 129, 135, 139, 142, 145, 150, 154, 155, 156, 160, 168, 176, 177, 184, 189, 190, 194, 200, 202, 203, 205, 206, 208, 209, 212, 215, 219, 220, 226, 228, 230, 233, 235, 236, 240, 241, 242, 247, 248, 255, 256, 257, 262, 263, 264, 267, 268, 273, 274, 277, 290, 295, 296, 300, 302, 306, 318, 322, 329, 331, 334, 335, 339, 342, 347, 349, 354, 356, 359, 362, 364, 368, 370, 372, 376, 379, 381, 383, 387, 390, 392, 393, 395, 396, 400]
x_205: [2, 7, 13, 15, 19, 22, 23, 32, 33, 36, 39, 40, 41, 43, 45, 46, 47, 48, 55, 56, 58, 71, 74, 76, 81, 82, 83, 91, 93, 95, 96, 97, 98, 100, 107, 112, 114, 127, 130, 131, 133, 134, 138, 140, 141, 144, 149, 152, 154, 156, 157, 159, 162, 163, 164, 165, 166, 170, 174, 175, 178, 187, 188, 189, 193, 198, 204, 214, 224, 227, 229, 230, 234, 237, 244, 245, 246, 250, 251, 258, 272, 292, 294, 296, 297, 302, 304, 305, 307, 312, 313, 319, 326, 332, 333, 336, 344, 345, 349, 356, 357, 364, 374, 384, 394, 398]
x_206: [3, 7, 8, 15, 16, 24, 29, 32, 33, 35, 36, 40, 41, 43, 48, 50, 52, 56, 57, 58, 70, 77, 79, 80, 87, 93, 100, 102, 103, 104, 107, 113, 116, 117, 118, 120, 127, 131, 132, 133, 134, 135, 136, 140, 143, 144, 151, 152, 157, 159, 162, 166, 167, 169, 170, 171, 172, 175, 178, 183, 185, 186, 189, 193, 197, 198, 204, 213, 214, 222, 223, 224, 227, 231, 239, 243, 245, 247, 249, 250, 251, 253, 258, 261, 269, 271, 272, 274, 280, 283, 284, 285, 286, 288, 292, 293, 296, 297, 302, 306, 307, 308, 310, 313, 314, 320, 326, 327, 332, 333, 345, 350, 353, 357, 358, 359, 363, 365, 366, 369, 384, 388, 397, 398]
x_207: [5, 9, 12, 14, 17, 21, 25, 26, 31, 38, 47, 49, 54, 61, 65, 66, 67, 68, 74, 75, 78, 88, 89, 90, 94, 105, 106, 108, 110, 115, 121, 122, 124, 126, 129, 135, 139, 142, 146, 147, 150, 154, 155, 156, 160, 161, 171, 176, 177, 179, 181, 190, 191, 192, 196, 203, 210, 211, 212, 215, 217, 224, 226, 233, 234, 240, 241, 251, 253, 255, 256, 259, 261, 275, 278, 280, 287, 289, 304, 314, 316, 317, 318, 321, 322, 331, 338, 341, 343, 346, 352, 360, 361, 362, 368, 370, 371, 375, 376, 379, 381, 385, 387, 390, 395, 399]
x_208: [2, 6, 7, 8, 11, 15, 20, 22, 23, 24, 29, 33, 35, 36, 41, 43, 46, 52, 57, 59, 64, 70, 75, 76, 79, 80, 81, 83, 87, 94, 95, 98, 99, 100, 102, 107, 112, 113, 114, 115, 116, 120, 125, 126, 127, 128, 132, 134, 137, 138, 140, 141, 143, 149, 151, 152, 157, 159, 162, 163, 165, 167, 174, 175, 178, 182, 186, 187, 188, 193, 197, 201, 204, 213, 214, 221, 224, 227, 234, 237, 239, 242, 244, 245, 247, 251, 253, 261, 262, 265, 269, 272, 285, 287, 288, 291, 293, 294, 296, 298, 301, 305, 307, 319, 324, 326, 327, 332, 335, 336, 337, 340, 344, 348, 349, 353, 355, 357, 363, 364, 366, 369, 374, 387, 391, 394, 398]
x_209: [2, 3, 6, 7, 8, 11, 13, 14, 15, 16, 19, 22, 23, 24, 32, 33, 36, 41, 42, 43, 45, 48, 50, 51, 56, 57, 59, 64, 70, 76, 77, 79, 80, 82, 87, 92, 93, 96, 102, 112, 116, 118, 120, 123, 125, 127, 134, 138, 144, 149, 152, 157, 162, 163, 164, 166, 167, 169, 170, 172, 174, 175, 176, 178, 182, 183, 185, 187, 189, 195, 196, 197, 201, 204, 214, 215, 222, 224, 225, 227, 231, 234, 237, 239, 245, 246, 247, 250, 251, 258, 261, 272, 276, 280, 283, 287, 288, 292, 293, 299, 301, 304, 308, 312, 313, 323, 324, 327, 332, 336, 340, 348, 349, 350, 351, 353, 354, 355, 357, 363, 364, 365, 366, 372, 373, 375, 378, 382, 388, 391]
x_210: [2, 3, 7, 11, 14, 15, 19, 23, 29, 34, 36, 37, 40, 41, 42, 43, 45, 48, 50, 51, 55, 56, 57, 58, 59, 70, 77, 79, 80, 81, 91, 92, 93, 95, 96, 97, 98, 100, 102, 104, 107, 110, 112, 113, 114, 117, 120, 123, 127, 132, 134, 140, 149, 151, 157, 159, 162, 165, 168, 170, 172, 174, 182, 183, 186, 187, 188, 198, 207, 213, 221, 224, 228, 229, 231, 234, 237, 238, 239, 244, 245, 246, 247, 251, 258, 271, 272, 273, 274, 276, 281, 284, 286, 293, 296, 298, 299, 301, 304, 305, 307, 308, 309, 312, 313, 320, 326, 327, 332, 333, 336, 339, 340, 345, 349, 351, 355, 363, 364, 369, 374, 381, 382, 386, 388, 391, 394, 397, 398]
x_211: [3, 7, 16, 19, 22, 23, 29, 32, 36, 40, 48, 50, 51, 55, 57, 58, 60, 61, 64, 68, 70, 79, 80, 81, 82, 83, 87, 93, 96, 102, 107, 113, 116, 118, 127, 131, 132, 133, 136, 137, 140, 141, 143, 144, 151, 152, 157, 158, 159, 165, 166, 167, 169, 172, 174, 183, 185, 186, 188, 189, 193, 197, 201, 207, 214, 222, 224, 229, 234, 237, 238, 239, 247, 251, 258, 260, 264, 265, 268, 272, 280, 283, 285, 287, 288, 289, 291, 293, 298, 299, 301, 302, 303, 305, 312, 318, 320, 323, 324, 326, 327, 330, 333, 336, 340, 341, 345, 348, 349, 351, 355, 382, 386, 388, 391, 394, 398]
x_212: [3, 11, 13, 14, 15, 19, 20, 22, 24, 31, 32, 33, 36, 40, 42, 43, 46, 48, 50, 52, 55, 57, 58, 59, 60, 62, 70, 76, 79, 80, 81, 83, 91, 92, 96, 98, 100, 101, 102, 104, 113, 114, 117, 118, 120, 125, 127, 128, 131, 133, 134, 138, 139, 141, 142, 144, 149, 151, 152, 159, 161, 163, 164, 165, 166, 167, 170, 172, 174, 175, 183, 184, 186, 187, 189, 197, 201, 204, 207, 221, 224, 229, 237, 238, 239, 244, 245, 246, 247, 253, 260, 265, 271, 272, 274, 286, 293, 294, 301, 304, 307, 308, 309, 310, 313, 319, 324, 326, 327, 332, 336, 340, 343, 344, 345, 348, 351, 353, 355, 357, 373, 382, 384, 386, 391, 394, 396, 397]
x_213: [1, 4, 5, 10, 12, 18, 21, 25, 26, 28, 34, 39, 44, 51, 53, 59, 61, 62, 65, 66, 67, 68, 71, 72, 75, 84, 85, 86, 88, 89, 94, 101, 102, 105, 106, 108, 109, 115, 122, 124, 126, 129, 130, 139, 142, 145, 146, 147, 153, 156, 160, 161, 162, 173, 176, 179, 180, 181, 184, 190, 191, 192, 194, 196, 200, 201, 202, 206, 208, 210, 215, 216, 217, 219, 220, 225, 230, 233, 236, 239, 240, 241, 242, 243, 245, 252, 254, 257, 264, 266, 267, 268, 273, 275, 282, 290, 300, 303, 306, 315, 317, 318, 322, 335, 337, 338, 339, 340, 341, 342, 343, 347, 352, 356, 358, 360, 362, 368, 371, 372, 376, 379, 381, 383, 385, 387, 390, 400]
x_214: [1, 5, 9, 12, 17, 18, 25, 26, 31, 33, 34, 37, 38, 39, 44, 47, 49, 53, 56, 62, 63, 66, 67, 68, 69, 71, 72, 74, 78, 84, 85, 86, 88, 89, 90, 105, 106, 108, 109, 110, 111, 114, 119, 124, 126, 127, 129, 130, 135, 142, 145, 146, 147, 150, 154, 155, 156, 161, 168, 171, 180, 190, 194, 197, 200, 202, 203, 205, 206, 208, 209, 211, 215, 216, 217, 218, 225, 226, 230, 233, 235, 241, 242, 248, 249, 250, 252, 255, 257, 263, 264, 267, 268, 277, 278, 279, 281, 282, 289, 292, 306, 314, 315, 316, 317, 318, 321, 322, 325, 331, 334, 335, 337, 338, 339, 343, 346, 352, 354, 358, 360, 361, 367, 368, 369, 370, 372, 376, 377, 378, 386, 387, 392, 399]
x_215: [2, 3, 6, 7, 13, 15, 16, 19, 22, 29, 32, 33, 35, 36, 45, 48, 50, 52, 55, 56, 57, 58, 59, 64, 77, 79, 80, 81, 83, 87, 91, 93, 96, 97, 99, 100, 104, 113, 114, 118, 120, 123, 128, 131, 132, 134, 136, 140, 143, 144, 151, 152, 157, 162, 163, 165, 166, 175, 176, 183, 185, 186, 189, 195, 196, 197, 204, 207, 209, 213, 214, 221, 222, 223, 224, 225, 227, 231, 238, 239, 244, 250, 253, 261, 265, 269, 272, 274, 280, 292, 293, 294, 302, 303, 304, 305, 307, 308, 309, 310, 313, 320, 323, 326, 327, 340, 344, 345, 348, 351, 353, 354, 355, 357, 363, 364, 365, 366, 369, 372, 373, 375, 378, 382, 389, 394, 397]
x_216: [2, 7, 9, 13, 14, 15, 16, 24, 32, 33, 36, 40, 41, 45, 48, 50, 55, 56, 58, 59, 60, 77, 80, 83, 87, 92, 93, 96, 97, 98, 99, 100, 116, 120, 123, 127, 128, 131, 132, 136, 140, 141, 144, 149, 150, 151, 152, 162, 165, 166, 167, 172, 174, 175, 182, 183, 185, 186, 189, 190, 192, 193, 197, 213, 214, 221, 222, 224, 231, 244, 245, 247, 250, 251, 258, 261, 269, 271, 272, 283, 284, 285, 286, 288, 292, 293, 294, 296, 297, 302, 303, 304, 307, 308, 309, 313, 317, 323, 324, 332, 333, 340, 347, 348, 350, 351, 355, 364, 367, 369, 373, 374, 382, 384, 390, 391, 393, 394, 398]
x_217: [10, 13, 15, 19, 20, 22, 23, 24, 29, 35, 41, 48, 52, 54, 55, 56, 57, 58, 59, 60, 64, 76, 82, 83, 87, 92, 93, 95, 96, 97, 98, 99, 100, 102, 104, 107, 113, 114, 117, 125, 128, 137, 143, 146, 151, 157, 164, 165, 172, 173, 175, 178, 179, 182, 186, 187, 188, 189, 193, 207, 213, 214, 221, 224, 227, 231, 234, 238, 247, 260, 261, 265, 267, 269, 271, 272, 280, 283, 284, 285, 286, 291, 293, 296, 297, 298, 299, 301, 305, 307, 308, 309, 310, 313, 319, 320, 323, 324, 332, 345, 349, 350, 351, 355, 357, 361, 363, 365, 366, 369, 373, 382, 383, 385, 386, 388, 389, 391, 398]
x_218: [3, 5, 6, 7, 13, 19, 20, 23, 24, 30, 40, 41, 42, 45, 48, 50, 51, 52, 55, 56, 59, 60, 64, 66, 80, 81, 82, 83, 95, 98, 99, 100, 102, 107, 112, 114, 116, 117, 118, 121, 122, 123, 128, 134, 136, 137, 143, 149, 157, 159, 162, 163, 169, 175, 178, 183, 186, 189, 197, 198, 214, 222, 223, 224, 227, 229, 236, 237, 238, 239, 246, 250, 257, 258, 265, 269, 270, 271, 274, 276, 278, 283, 285, 288, 292, 293, 296, 297, 299, 301, 302, 305, 309, 310, 312, 327, 340, 344, 345, 349, 351, 353, 357, 363, 364, 365, 382, 384, 386, 391, 394, 397]
x_219: [2, 6, 7, 13, 15, 18, 19, 20, 26, 29, 33, 35, 36, 40, 41, 42, 44, 45, 51, 52, 56, 59, 77, 81, 87, 91, 92, 93, 95, 96, 98, 99, 100, 102, 104, 107, 112, 113, 117, 123, 133, 134, 137, 138, 140, 144, 149, 151, 157, 165, 166, 167, 169, 174, 178, 181, 182, 189, 193, 197, 198, 201, 204, 213, 220, 223, 237, 239, 240, 244, 246, 247, 258, 260, 271, 272, 276, 283, 284, 285, 291, 293, 294, 296, 297, 299, 301, 302, 307, 309, 312, 319, 323, 326, 336, 349, 350, 351, 353, 355, 357, 362, 364, 365, 366, 373, 374, 377, 382, 386, 391, 394, 397, 399]
x_220: [11, 13, 18, 19, 22, 26, 29, 32, 33, 35, 36, 40, 41, 43, 44, 45, 46, 48, 52, 55, 64, 70, 76, 79, 81, 82, 83, 87, 91, 92, 93, 95, 96, 99, 100, 102, 107, 114, 118, 127, 128, 131, 133, 134, 136, 137, 138, 140, 141, 143, 144, 157, 159, 162, 163, 164, 166, 169, 170, 175, 178, 181, 182, 183, 185, 187, 188, 189, 197, 201, 204, 213, 219, 224, 227, 229, 237, 238, 239, 240, 244, 247, 258, 260, 261, 269, 271, 276, 280, 283, 284, 285, 286, 288, 291, 292, 297, 299, 301, 302, 303, 304, 305, 307, 308, 309, 313, 319, 323, 324, 327, 333, 340, 345, 348, 350, 353, 357, 362, 363, 364, 366, 369, 377, 384, 386, 388, 389, 391, 394, 398, 399]
x_221: [1, 4, 5, 8, 12, 16, 20, 21, 25, 26, 28, 31, 34, 37, 38, 39, 44, 49, 53, 54, 61, 62, 66, 67, 68, 69, 73, 74, 78, 84, 85, 86, 89, 90, 97, 105, 106, 115, 119, 121, 122, 129, 135, 139, 141, 145, 146, 147, 150, 153, 155, 158, 160, 161, 164, 171, 173, 174, 179, 181, 184, 192, 196, 202, 208, 210, 212, 215, 216, 217, 236, 248, 254, 262, 264, 267, 268, 270, 271, 275, 279, 282, 289, 300, 306, 314, 317, 322, 324, 325, 330, 331, 334, 335, 337, 339, 342, 346, 347, 358, 359, 360, 361, 367, 368, 371, 372, 378, 379, 385, 390, 392, 395, 400]
x_222: [4, 9, 17, 18, 21, 25, 27, 28, 30, 34, 36, 37, 38, 39, 43, 44, 49, 53, 54, 57, 61, 62, 63, 65, 67, 69, 71, 72, 76, 86, 89, 94, 99, 101, 110, 115, 119, 122, 124, 130, 133, 145, 158, 160, 161, 168, 171, 176, 177, 179, 180, 190, 192, 194, 199, 200, 202, 203, 206, 209, 211, 215, 216, 218, 226, 233, 235, 236, 240, 242, 243, 248, 249, 255, 256, 257, 259, 262, 263, 267, 268, 270, 278, 286, 290, 306, 311, 315, 316, 317, 322, 325, 328, 329, 330, 334, 337, 338, 343, 347, 348, 352, 358, 359, 366, 367, 368, 370, 371, 375, 376, 380, 381, 385, 387, 392, 396, 399]
x_223: [2, 3, 5, 10, 12, 17, 18, 21, 26, 27, 30, 34, 37, 39, 44, 53, 54, 61, 65, 68, 71, 73, 74, 75, 78, 81, 84, 85, 89, 90, 98, 101, 103, 105, 106, 109, 110, 115, 119, 122, 125, 126, 129, 130, 135, 145, 146, 147, 150, 155, 159, 160, 168, 177, 179, 180, 181, 190, 191, 195, 196, 198, 199, 202, 206, 215, 218, 219, 225, 228, 233, 235, 237, 241, 242, 252, 255, 256, 257, 259, 262, 267, 268, 270, 278, 279, 281, 295, 310, 314, 316, 317, 318, 321, 325, 328, 329, 335, 338, 339, 341, 342, 343, 346, 347, 352, 354, 359, 362, 367, 370, 371, 375, 376, 377, 378, 379, 380, 381, 385, 393, 399]
x_224: [1, 4, 9, 10, 12, 14, 17, 27, 31, 34, 37, 38, 39, 44, 54, 62, 65, 66, 67, 68, 72, 74, 75, 84, 85, 94, 101, 103, 106, 109, 111, 115, 121, 122, 124, 139, 155, 156, 158, 160, 168, 171, 176, 177, 180, 192, 194, 196, 199, 200, 203, 205, 206, 207, 208, 209, 210, 211, 212, 215, 216, 217, 218, 220, 225, 226, 230, 234, 235, 236, 240, 241, 242, 243, 251, 252, 253, 255, 257, 259, 261, 262, 264, 267, 270, 277, 278, 279, 280, 282, 287, 289, 290, 300, 304, 314, 315, 316, 318, 322, 328, 329, 330, 337, 339, 342, 346, 347, 352, 354, 356, 360, 362, 367, 368, 375, 376, 377, 378, 379, 380, 381, 383, 390, 395, 399, 400]
x_225: [3, 7, 11, 13, 14, 15, 16, 19, 20, 22, 23, 29, 35, 36, 40, 41, 42, 43, 45, 46, 48, 51, 56, 60, 64, 76, 79, 80, 81, 87, 92, 93, 95, 96, 98, 99, 100, 107, 112, 113, 117, 120, 127, 128, 131, 132, 133, 134, 136, 137, 140, 141, 144, 149, 151, 152, 159, 162, 165, 167, 172, 175, 176, 185, 188, 195, 196, 201, 209, 213, 214, 215, 223, 224, 229, 238, 246, 247, 250, 251, 253, 258, 261, 265, 269, 271, 274, 283, 284, 285, 292, 296, 299, 301, 302, 303, 304, 305, 308, 309, 310, 319, 323, 324, 327, 340, 349, 353, 354, 357, 363, 364, 365, 372, 373, 375, 378, 382, 384, 386, 388, 391, 394, 398]
x_226: [2, 6, 7, 11, 19, 21, 32, 33, 41, 46, 48, 50, 52, 55, 56, 57, 58, 59, 60, 69, 70, 76, 77, 79, 81, 87, 92, 93, 96, 97, 98, 100, 113, 116, 117, 118, 125, 128, 129, 131, 133, 137, 141, 147, 157, 159, 162, 164, 166, 167, 169, 170, 174, 175, 178, 182, 187, 188, 197, 198, 201, 204, 207, 214, 222, 224, 227, 229, 233, 234, 235, 238, 239, 244, 245, 247, 254, 256, 260, 261, 265, 280, 283, 284, 287, 288, 292, 293, 294, 296, 298, 301, 303, 304, 308, 309, 312, 313, 319, 320, 323, 324, 327, 348, 350, 353, 357, 364, 374, 380, 382, 384, 389, 397, 398]
x_227: [4, 5, 9, 17, 18, 26, 27, 28, 31, 37, 38, 39, 44, 47, 49, 53, 61, 62, 63, 65, 66, 72, 73, 78, 84, 86, 88, 89, 90, 91, 96, 103, 104, 105, 106, 108, 109, 121, 126, 130, 135, 142, 144, 145, 147, 154, 155, 156, 161, 170, 171, 173, 180, 184, 192, 194, 195, 196, 202, 203, 205, 206, 208, 209, 215, 217, 218, 220, 226, 230, 233, 235, 236, 241, 242, 252, 257, 263, 264, 268, 270, 277, 278, 279, 281, 290, 295, 297, 300, 301, 306, 309, 311, 315, 316, 318, 321, 322, 325, 330, 335, 337, 338, 339, 341, 343, 346, 356, 358, 359, 361, 362, 368, 370, 372, 377, 378, 379, 380, 381, 383, 385, 389, 393, 399, 400]
x_228: [6, 7, 11, 14, 15, 16, 19, 22, 29, 34, 36, 37, 40, 43, 45, 46, 50, 52, 55, 56, 57, 58, 59, 60, 64, 76, 77, 79, 80, 83, 87, 91, 93, 95, 96, 97, 100, 104, 110, 112, 116, 123, 125, 127, 128, 131, 132, 133, 134, 136, 140, 141, 149, 152, 162, 166, 167, 168, 169, 170, 172, 178, 182, 183, 185, 186, 189, 198, 201, 204, 210, 223, 231, 234, 237, 245, 247, 250, 251, 261, 269, 271, 272, 273, 276, 281, 283, 286, 287, 291, 296, 297, 299, 301, 302, 303, 304, 305, 308, 319, 320, 323, 324, 333, 339, 340, 345, 348, 350, 351, 353, 355, 357, 364, 365, 366, 373, 381, 384, 389, 391, 394, 398]
x_229: [1, 5, 17, 26, 28, 34, 44, 47, 49, 53, 62, 63, 65, 68, 72, 83, 84, 85, 88, 89, 103, 105, 106, 109, 110, 111, 119, 121, 124, 130, 139, 140, 146, 148, 150, 154, 155, 156, 160, 161, 166, 176, 179, 180, 181, 184, 190, 192, 194, 196, 200, 202, 203, 205, 210, 211, 212, 218, 220, 225, 226, 233, 235, 236, 240, 241, 242, 249, 252, 255, 256, 257, 259, 263, 266, 273, 275, 277, 278, 279, 282, 285, 289, 290, 306, 316, 318, 322, 323, 325, 328, 329, 334, 336, 341, 342, 347, 352, 354, 355, 358, 359, 365, 370, 372, 376, 377, 378, 379, 380, 383, 384, 385, 392, 393, 400]
x_230: [2, 3, 8, 14, 15, 16, 23, 32, 39, 40, 42, 43, 46, 47, 48, 50, 51, 56, 57, 58, 64, 71, 74, 77, 79, 87, 96, 98, 104, 107, 123, 125, 127, 130, 132, 134, 136, 137, 138, 140, 141, 151, 152, 154, 156, 159, 164, 169, 172, 174, 182, 185, 186, 188, 198, 201, 204, 205, 213, 214, 224, 227, 234, 237, 246, 247, 250, 265, 269, 272, 283, 284, 285, 286, 287, 291, 293, 296, 297, 298, 301, 302, 303, 304, 305, 307, 308, 309, 320, 323, 324, 326, 327, 333, 345, 348, 349, 356, 363, 364, 366, 369, 373, 382, 386, 394, 398]
x_231: [1, 5, 9, 10, 17, 18, 21, 25, 26, 27, 30, 37, 38, 39, 42, 44, 47, 53, 60, 61, 62, 64, 65, 69, 73, 74, 75, 77, 78, 79, 84, 90, 94, 105, 115, 119, 124, 126, 129, 130, 145, 148, 150, 154, 155, 156, 157, 171, 173, 176, 180, 181, 184, 191, 194, 195, 200, 206, 209, 210, 215, 216, 217, 228, 235, 236, 238, 240, 241, 252, 254, 256, 262, 264, 267, 275, 277, 279, 282, 300, 306, 311, 314, 316, 322, 325, 334, 335, 337, 339, 346, 347, 354, 357, 359, 360, 361, 368, 370, 371, 372, 373, 376, 385, 392, 396, 400]
x_232: [6, 11, 15, 16, 20, 23, 24, 27, 28, 29, 32, 33, 35, 40, 41, 46, 52, 55, 59, 60, 70, 77, 81, 86, 91, 93, 97, 99, 102, 105, 107, 109, 112, 114, 117, 118, 125, 131, 132, 134, 136, 140, 141, 143, 144, 149, 159, 162, 165, 166, 169, 172, 174, 182, 186, 193, 238, 244, 245, 246, 251, 258, 260, 261, 263, 265, 269, 272, 274, 283, 284, 285, 286, 287, 291, 293, 296, 298, 299, 301, 305, 307, 310, 320, 323, 326, 340, 344, 350, 351, 355, 363, 364, 365, 366, 369, 371, 373, 374, 379, 382, 388, 389, 391, 395, 397]
x_233: [2, 3, 13, 14, 16, 19, 20, 21, 22, 23, 24, 32, 35, 36, 41, 46, 48, 50, 51, 52, 55, 56, 60, 69, 76, 77, 79, 80, 83, 87, 93, 98, 99, 102, 112, 113, 114, 116, 117, 118, 125, 129, 132, 134, 138, 140, 141, 143, 147, 151, 152, 159, 163, 164, 165, 167, 169, 170, 174, 178, 182, 183, 186, 189, 197, 201, 204, 207, 213, 214, 222, 223, 226, 227, 229, 235, 237, 244, 246, 251, 254, 256, 265, 271, 272, 276, 287, 292, 293, 297, 301, 302, 307, 312, 319, 323, 336, 348, 349, 350, 351, 355, 357, 363, 364, 374, 380, 382, 386, 388, 391, 394, 397]
x_234: [1, 4, 9, 12, 14, 17, 18, 21, 31, 34, 38, 44, 47, 53, 61, 62, 63, 65, 66, 67, 68, 69, 84, 85, 86, 89, 109, 110, 115, 121, 122, 124, 130, 135, 146, 147, 148, 153, 154, 155, 158, 160, 168, 176, 179, 180, 181, 194, 199, 200, 203, 205, 207, 208, 209, 210, 211, 217, 224, 226, 228, 230, 235, 236, 240, 242, 248, 251, 253, 254, 255, 256, 259, 261, 263, 264, 266, 267, 275, 278, 280, 281, 282, 287, 290, 295, 304, 306, 311, 316, 321, 325, 329, 331, 334, 335, 346, 347, 352, 354, 356, 358, 359, 361, 367, 371, 375, 376, 377, 378, 380, 385, 387, 390, 393, 395, 399, 400]
x_235: [6, 11, 13, 14, 15, 19, 20, 21, 22, 29, 32, 36, 43, 45, 46, 48, 52, 56, 57, 58, 60, 69, 70, 77, 81, 83, 91, 92, 93, 95, 96, 97, 98, 99, 100, 102, 107, 112, 114, 117, 118, 120, 123, 125, 127, 129, 136, 137, 138, 144, 147, 152, 159, 163, 165, 167, 169, 172, 175, 182, 186, 187, 188, 193, 197, 198, 201, 204, 214, 222, 223, 224, 226, 227, 229, 231, 233, 234, 237, 239, 246, 247, 254, 256, 265, 271, 283, 284, 285, 286, 287, 292, 296, 299, 301, 304, 305, 319, 320, 323, 324, 326, 327, 333, 336, 340, 344, 345, 349, 350, 355, 364, 365, 366, 369, 373, 380, 384, 386, 388, 391]
x_236: [3, 5, 7, 8, 14, 22, 23, 24, 30, 32, 33, 36, 40, 42, 45, 46, 50, 51, 52, 57, 58, 59, 60, 64, 66, 70, 80, 81, 82, 83, 87, 92, 93, 96, 98, 99, 100, 102, 104, 107, 112, 113, 114, 116, 117, 118, 121, 122, 125, 127, 132, 134, 140, 143, 149, 152, 162, 164, 165, 166, 170, 178, 185, 189, 204, 213, 218, 221, 222, 224, 227, 229, 231, 234, 238, 239, 246, 250, 257, 270, 271, 272, 274, 278, 283, 284, 291, 296, 297, 299, 301, 302, 304, 305, 308, 309, 310, 313, 323, 332, 333, 340, 344, 348, 350, 353, 355, 357, 363, 365, 366, 369, 374, 384, 386, 388, 389, 391, 394]
x_237: [1, 2, 3, 4, 5, 9, 12, 17, 21, 25, 28, 30, 34, 47, 61, 62, 63, 68, 73, 74, 75, 78, 81, 84, 85, 88, 89, 90, 98, 103, 106, 109, 110, 111, 115, 122, 124, 125, 126, 129, 135, 146, 147, 148, 150, 153, 154, 158, 159, 161, 168, 177, 179, 180, 181, 184, 190, 192, 195, 196, 198, 202, 203, 205, 208, 209, 210, 211, 212, 218, 219, 220, 223, 228, 230, 233, 235, 240, 241, 242, 243, 248, 252, 254, 259, 263, 264, 266, 270, 275, 277, 278, 279, 281, 289, 290, 295, 300, 306, 310, 314, 318, 322, 325, 329, 330, 331, 334, 337, 338, 339, 342, 346, 347, 359, 360, 362, 367, 370, 371, 372, 377, 378, 387, 390, 399]
x_238: [4, 18, 25, 27, 31, 34, 39, 42, 44, 47, 49, 54, 60, 63, 64, 67, 69, 72, 73, 74, 75, 77, 78, 79, 84, 86, 101, 103, 110, 119, 122, 124, 129, 135, 139, 145, 148, 150, 153, 154, 156, 157, 158, 160, 161, 171, 176, 180, 181, 190, 192, 194, 195, 199, 202, 203, 210, 211, 212, 215, 217, 218, 220, 225, 226, 231, 232, 236, 242, 243, 248, 249, 252, 254, 255, 256, 257, 259, 262, 264, 266, 267, 270, 273, 278, 279, 281, 289, 290, 295, 311, 315, 317, 325, 328, 330, 331, 338, 341, 342, 343, 346, 352, 354, 356, 357, 358, 359, 360, 368, 371, 373, 375, 377, 378, 381, 387, 392, 393, 396]
x_239: [1, 9, 10, 12, 17, 18, 26, 30, 31, 37, 38, 39, 47, 51, 53, 59, 61, 63, 65, 66, 68, 71, 72, 74, 78, 84, 86, 89, 94, 101, 102, 103, 105, 108, 109, 122, 126, 130, 139, 142, 146, 147, 150, 155, 158, 160, 162, 168, 171, 173, 184, 191, 192, 195, 196, 199, 201, 203, 206, 208, 209, 210, 211, 212, 213, 215, 218, 219, 220, 226, 235, 236, 245, 248, 254, 255, 257, 259, 262, 264, 267, 268, 270, 275, 277, 278, 281, 289, 290, 303, 311, 314, 317, 325, 328, 335, 337, 338, 340, 341, 343, 346, 347, 354, 356, 358, 359, 362, 368, 370, 371, 375, 377, 379, 383, 387, 390, 392, 395, 399, 400]
x_240: [2, 7, 11, 13, 15, 18, 19, 20, 22, 23, 24, 26, 29, 33, 35, 36, 40, 41, 44, 45, 46, 48, 51, 56, 57, 60, 64, 76, 77, 81, 83, 92, 95, 96, 98, 99, 100, 102, 104, 107, 116, 118, 120, 123, 125, 128, 131, 132, 134, 137, 141, 143, 157, 159, 162, 165, 166, 170, 174, 178, 181, 182, 187, 188, 193, 197, 198, 201, 204, 207, 213, 219, 220, 222, 224, 229, 231, 234, 237, 244, 250, 251, 253, 260, 261, 271, 272, 274, 276, 283, 284, 286, 287, 288, 292, 296, 297, 298, 299, 301, 308, 312, 313, 319, 320, 324, 326, 327, 332, 340, 348, 350, 355, 357, 362, 366, 374, 377, 382, 386, 388, 389, 397, 398, 399]
x_241: [3, 8, 11, 13, 15, 19, 20, 22, 24, 29, 32, 40, 42, 45, 46, 48, 52, 55, 57, 58, 60, 64, 67, 73, 82, 85, 91, 92, 95, 96, 100, 102, 104, 107, 112, 113, 116, 117, 120, 125, 127, 131, 134, 136, 138, 143, 144, 145, 151, 155, 157, 159, 163, 164, 165, 167, 169, 172, 175, 182, 185, 187, 188, 204, 207, 213, 214, 223, 224, 227, 229, 231, 237, 244, 245, 246, 247, 250, 253, 261, 265, 266, 271, 272, 274, 276, 280, 284, 285, 288, 293, 299, 301, 302, 305, 307, 308, 312, 313, 323, 324, 326, 327, 333, 334, 336, 348, 349, 351, 352, 363, 364, 374, 376, 382, 384, 386, 391, 398]
x_242: [2, 8, 11, 14, 15, 19, 20, 22, 32, 33, 36, 40, 41, 42, 45, 46, 48, 50, 51, 52, 55, 56, 57, 58, 60, 64, 75, 80, 81, 82, 83, 87, 94, 96, 97, 98, 100, 102, 104, 113, 115, 116, 117, 123, 125, 126, 128, 131, 132, 133, 134, 136, 137, 140, 141, 143, 144, 152, 157, 164, 170, 172, 175, 178, 182, 186, 189, 197, 201, 204, 208, 213, 214, 222, 223, 224, 227, 229, 234, 237, 238, 244, 245, 246, 250, 251, 253, 258, 260, 261, 262, 274, 276, 280, 284, 285, 288, 291, 292, 293, 294, 297, 302, 304, 305, 310, 312, 313, 323, 324, 326, 327, 333, 335, 336, 337, 340, 344, 348, 349, 350, 351, 357, 364, 366, 369, 373, 374, 384, 386, 387, 388]
x_243: [2, 3, 6, 7, 19, 20, 24, 32, 33, 35, 36, 42, 43, 45, 46, 48, 50, 51, 52, 55, 59, 60, 76, 81, 82, 91, 93, 96, 97, 99, 102, 103, 107, 112, 113, 114, 117, 120, 123, 125, 128, 131, 132, 133, 134, 135, 136, 137, 138, 141, 144, 149, 163, 166, 169, 171, 186, 187, 188, 193, 198, 201, 206, 213, 222, 224, 237, 238, 244, 245, 246, 247, 249, 250, 251, 253, 258, 260, 261, 269, 274, 280, 283, 284, 287, 291, 293, 296, 297, 301, 303, 305, 306, 307, 308, 310, 314, 319, 327, 332, 336, 344, 345, 348, 350, 351, 353, 355, 358, 359, 366, 374, 382, 384, 386, 391, 397]
x_244: [1, 4, 5, 10, 17, 21, 25, 27, 28, 29, 34, 37, 44, 49, 52, 54, 62, 65, 66, 69, 74, 75, 84, 88, 89, 90, 94, 95, 101, 105, 108, 110, 111, 115, 118, 121, 122, 124, 129, 130, 135, 142, 146, 153, 154, 155, 156, 158, 165, 168, 173, 176, 177, 179, 180, 184, 190, 192, 194, 199, 203, 205, 208, 210, 212, 215, 216, 219, 220, 226, 232, 233, 240, 241, 242, 243, 255, 256, 257, 262, 266, 268, 270, 275, 277, 279, 281, 282, 288, 289, 300, 311, 314, 315, 317, 318, 321, 322, 325, 326, 328, 333, 335, 337, 338, 342, 343, 347, 358, 359, 360, 362, 363, 367, 370, 371, 372, 375, 376, 378, 379, 392, 393, 395, 396, 399, 400]
x_245: [9, 17, 21, 25, 31, 37, 38, 39, 44, 49, 51, 59, 62, 65, 66, 71, 72, 74, 78, 85, 88, 101, 102, 103, 105, 108, 109, 110, 111, 121, 122, 124, 129, 130, 142, 145, 147, 148, 154, 155, 158, 162, 168, 177, 180, 181, 190, 192, 194, 195, 196, 199, 201, 202, 203, 205, 206, 208, 209, 210, 212, 213, 216, 226, 228, 232, 239, 241, 242, 243, 248, 249, 252, 255, 257, 262, 263, 270, 273, 277, 278, 279, 281, 289, 295, 300, 303, 311, 316, 317, 318, 328, 329, 330, 331, 334, 337, 338, 340, 341, 343, 347, 352, 361, 362, 368, 370, 372, 377, 378, 381, 383, 387, 390, 395, 396, 399, 400]
x_246: [1, 4, 5, 9, 10, 12, 21, 25, 27, 30, 34, 37, 44, 49, 54, 61, 62, 65, 68, 69, 70, 72, 73, 75, 78, 84, 85, 89, 93, 94, 106, 110, 111, 115, 119, 130, 143, 146, 155, 156, 158, 160, 173, 180, 184, 190, 192, 199, 200, 203, 205, 209, 210, 212, 218, 219, 225, 230, 232, 233, 235, 236, 241, 242, 243, 248, 249, 252, 254, 257, 258, 262, 263, 264, 267, 268, 269, 270, 273, 277, 278, 283, 295, 298, 300, 306, 314, 316, 318, 321, 331, 334, 335, 338, 339, 341, 352, 354, 360, 362, 367, 372, 374, 376, 377, 381, 383, 385, 390, 393, 394, 396, 399, 400]
x_247: [1, 5, 10, 31, 37, 44, 47, 49, 50, 53, 54, 69, 71, 72, 73, 74, 84, 85, 87, 88, 89, 103, 108, 111, 124, 126, 135, 145, 147, 150, 154, 155, 160, 168, 173, 176, 179, 180, 181, 184, 189, 190, 191, 194, 196, 202, 203, 204, 206, 208, 209, 210, 211, 212, 216, 217, 219, 220, 225, 226, 228, 230, 235, 241, 243, 248, 252, 254, 256, 263, 268, 273, 274, 277, 281, 282, 296, 302, 306, 315, 316, 318, 322, 325, 328, 329, 330, 334, 335, 337, 338, 341, 342, 346, 347, 349, 359, 360, 362, 364, 368, 372, 375, 376, 377, 379, 381, 383, 385, 387]
x_248: [2, 6, 13, 14, 15, 22, 32, 33, 40, 41, 43, 45, 48, 50, 51, 52, 53, 56, 59, 63, 64, 70, 79, 80, 82, 83, 87, 91, 93, 99, 100, 107, 112, 114, 117, 118, 120, 123, 125, 133, 134, 136, 140, 143, 144, 149, 151, 152, 163, 165, 169, 174, 175, 178, 182, 185, 187, 191, 193, 198, 200, 201, 204, 214, 221, 222, 234, 237, 238, 239, 245, 246, 247, 253, 258, 260, 265, 269, 271, 272, 276, 280, 282, 283, 286, 288, 291, 292, 293, 294, 296, 297, 298, 303, 305, 308, 309, 310, 311, 319, 320, 321, 323, 326, 332, 333, 340, 351, 353, 357, 360, 364, 374, 382, 386, 388, 391, 398, 400]
x_249: [3, 11, 14, 15, 19, 20, 29, 32, 36, 41, 42, 43, 46, 52, 55, 57, 59, 64, 70, 76, 77, 81, 82, 91, 95, 99, 100, 102, 103, 104, 112, 116, 117, 118, 125, 127, 132, 135, 136, 137, 138, 140, 144, 149, 151, 162, 163, 165, 170, 171, 172, 174, 178, 183, 185, 189, 193, 198, 201, 206, 214, 222, 229, 238, 243, 245, 246, 253, 260, 261, 274, 280, 284, 286, 287, 288, 291, 292, 293, 296, 297, 298, 303, 304, 305, 306, 307, 309, 312, 313, 314, 320, 324, 327, 333, 336, 340, 344, 345, 348, 349, 351, 353, 355, 357, 358, 359, 364, 365, 366, 369, 374, 384, 386, 388, 394, 397]
x_250: [5, 9, 12, 17, 18, 25, 26, 28, 30, 31, 33, 34, 37, 39, 47, 49, 54, 56, 65, 67, 73, 74, 75, 78, 88, 89, 90, 94, 103, 105, 106, 108, 109, 111, 114, 122, 124, 126, 127, 129, 130, 135, 139, 145, 146, 147, 155, 156, 160, 168, 171, 173, 176, 179, 180, 184, 190, 191, 196, 197, 200, 202, 205, 206, 209, 214, 215, 216, 218, 225, 228, 230, 236, 240, 241, 242, 243, 256, 262, 264, 266, 270, 275, 281, 289, 290, 292, 295, 300, 315, 316, 322, 328, 329, 330, 331, 337, 338, 339, 341, 347, 354, 358, 362, 369, 378, 385, 386, 387, 390, 395, 399, 400]
x_251: [4, 5, 14, 18, 25, 31, 34, 39, 44, 47, 53, 54, 61, 62, 63, 65, 66, 68, 69, 72, 75, 78, 84, 85, 90, 94, 101, 105, 106, 109, 110, 111, 119, 121, 129, 139, 142, 145, 147, 148, 150, 154, 158, 168, 176, 177, 179, 180, 181, 184, 190, 194, 196, 199, 205, 206, 207, 208, 209, 210, 211, 216, 224, 225, 228, 232, 233, 234, 240, 242, 243, 252, 253, 254, 255, 256, 257, 261, 264, 266, 268, 275, 278, 279, 280, 281, 282, 287, 290, 300, 304, 306, 316, 321, 325, 329, 335, 337, 338, 339, 341, 342, 352, 354, 356, 358, 359, 360, 361, 362, 367, 368, 370, 371, 372, 376, 390, 392, 395, 396, 399, 400]
x_252: [1, 2, 6, 7, 11, 13, 15, 16, 19, 22, 24, 29, 32, 33, 35, 38, 41, 42, 48, 49, 50, 51, 52, 55, 64, 72, 80, 83, 87, 91, 96, 97, 99, 100, 102, 104, 112, 116, 117, 118, 119, 120, 123, 125, 131, 132, 136, 138, 140, 141, 152, 164, 165, 169, 174, 178, 182, 186, 188, 189, 197, 203, 213, 214, 223, 224, 227, 229, 231, 237, 238, 245, 246, 247, 251, 253, 255, 258, 265, 274, 284, 285, 287, 291, 293, 294, 296, 297, 299, 300, 301, 303, 307, 308, 309, 312, 313, 320, 323, 325, 326, 336, 340, 349, 350, 351, 353, 355, 363, 364, 366, 369, 374, 382, 386, 388, 389, 391, 394]
x_253: [1, 5, 9, 14, 21, 25, 26, 34, 38, 44, 62, 65, 66, 71, 78, 84, 85, 88, 94, 101, 103, 105, 106, 108, 110, 115, 119, 126, 130, 139, 146, 147, 148, 150, 153, 155, 158, 160, 161, 168, 171, 181, 184, 192, 194, 195, 196, 199, 200, 202, 206, 207, 208, 212, 215, 224, 225, 234, 240, 241, 242, 243, 248, 249, 251, 252, 254, 255, 256, 257, 259, 261, 262, 266, 268, 275, 277, 279, 280, 281, 287, 300, 304, 306, 314, 317, 321, 325, 328, 331, 334, 335, 337, 338, 341, 343, 346, 358, 362, 367, 368, 371, 375, 376, 377, 378, 380, 385, 387, 393, 396, 399, 400]
x_254: [2, 6, 11, 14, 15, 21, 23, 24, 32, 33, 35, 41, 43, 46, 48, 50, 51, 52, 55, 56, 59, 69, 79, 81, 82, 91, 95, 96, 98, 104, 107, 116, 117, 118, 120, 125, 129, 131, 133, 134, 137, 140, 141, 143, 147, 149, 151, 157, 159, 165, 170, 175, 178, 182, 186, 188, 189, 197, 201, 213, 221, 226, 231, 233, 234, 235, 237, 238, 239, 246, 247, 251, 253, 256, 265, 269, 272, 276, 284, 285, 288, 291, 296, 297, 299, 301, 302, 305, 309, 310, 312, 323, 332, 344, 349, 351, 357, 364, 365, 366, 369, 373, 380, 382, 384, 386, 388, 389]
x_255: [1, 14, 15, 19, 20, 22, 23, 29, 32, 35, 38, 41, 42, 48, 49, 51, 55, 56, 57, 59, 60, 70, 72, 77, 79, 80, 81, 82, 83, 93, 95, 97, 98, 99, 100, 104, 113, 116, 117, 119, 125, 131, 133, 134, 136, 138, 143, 149, 151, 152, 157, 162, 163, 167, 169, 170, 172, 175, 178, 185, 187, 193, 197, 201, 203, 204, 207, 214, 222, 223, 224, 229, 234, 238, 239, 244, 245, 251, 252, 253, 260, 265, 271, 274, 283, 284, 285, 287, 288, 292, 293, 297, 298, 299, 300, 301, 304, 305, 308, 309, 312, 319, 323, 324, 325, 326, 327, 333, 340, 350, 353, 355, 364, 386, 389, 391, 394, 398]
x_256: [2, 6, 7, 8, 11, 13, 15, 16, 19, 21, 22, 24, 29, 32, 35, 36, 40, 42, 45, 48, 51, 52, 55, 58, 60, 64, 69, 70, 76, 77, 80, 83, 91, 92, 98, 99, 102, 112, 114, 116, 117, 118, 125, 127, 128, 129, 131, 132, 133, 134, 136, 137, 141, 144, 147, 151, 152, 157, 162, 163, 166, 167, 169, 172, 174, 175, 178, 186, 189, 197, 201, 204, 207, 222, 223, 226, 229, 231, 233, 234, 235, 238, 244, 247, 250, 251, 253, 254, 258, 261, 265, 269, 271, 272, 274, 276, 283, 287, 288, 294, 301, 302, 304, 307, 308, 312, 319, 324, 326, 327, 332, 333, 340, 345, 349, 355, 357, 365, 373, 380, 382, 384, 386, 388, 389, 394, 397]
x_257: [2, 3, 5, 7, 8, 13, 14, 15, 20, 22, 23, 29, 30, 33, 35, 36, 40, 42, 45, 55, 56, 59, 64, 66, 70, 76, 77, 80, 82, 93, 95, 112, 113, 114, 116, 117, 120, 121, 122, 123, 127, 128, 132, 133, 138, 140, 144, 149, 157, 162, 163, 165, 166, 167, 169, 170, 183, 185, 187, 189, 193, 198, 201, 204, 213, 214, 218, 222, 223, 224, 227, 229, 236, 238, 239, 244, 245, 246, 251, 253, 260, 261, 270, 271, 274, 278, 283, 285, 287, 292, 293, 294, 298, 299, 301, 303, 305, 308, 309, 310, 313, 319, 323, 326, 327, 332, 336, 340, 344, 349, 350, 353, 355, 357, 363, 364, 366, 373, 384, 389, 394, 397]
x_258: [1, 9, 10, 18, 27, 30, 31, 37, 49, 63, 66, 68, 69, 70, 72, 73, 74, 75, 78, 84, 85, 89, 93, 94, 101, 105, 108, 110, 122, 129, 130, 139, 142, 143, 145, 150, 156, 158, 160, 176, 179, 184, 190, 192, 195, 196, 200, 205, 206, 209, 210, 211, 216, 218, 219, 220, 225, 232, 242, 243, 246, 248, 252, 256, 267, 268, 269, 270, 278, 281, 282, 283, 289, 295, 298, 300, 306, 314, 317, 318, 322, 325, 328, 329, 330, 334, 335, 338, 342, 352, 356, 359, 361, 368, 370, 372, 374, 377, 380, 387, 390, 394]
x_259: [3, 4, 11, 12, 15, 20, 23, 24, 33, 35, 42, 48, 51, 55, 56, 57, 58, 78, 80, 81, 83, 88, 90, 91, 92, 96, 97, 98, 99, 107, 108, 114, 116, 120, 124, 128, 131, 132, 133, 138, 141, 151, 152, 160, 163, 164, 165, 166, 169, 170, 186, 187, 188, 193, 197, 198, 201, 207, 222, 223, 224, 229, 234, 237, 238, 239, 253, 260, 271, 272, 274, 276, 280, 285, 286, 288, 291, 293, 294, 297, 301, 302, 304, 305, 307, 308, 309, 310, 319, 324, 326, 327, 332, 333, 342, 348, 349, 350, 353, 355, 357, 365, 384, 389, 394]
x_260: [1, 12, 18, 26, 30, 34, 37, 39, 41, 44, 45, 49, 62, 63, 65, 67, 68, 71, 72, 84, 85, 86, 88, 90, 92, 101, 105, 108, 111, 115, 117, 121, 122, 139, 148, 150, 152, 153, 154, 156, 158, 161, 163, 168, 173, 179, 180, 181, 185, 190, 191, 192, 195, 196, 199, 200, 202, 203, 211, 212, 217, 219, 220, 226, 232, 240, 242, 243, 248, 249, 255, 257, 259, 262, 263, 264, 273, 275, 278, 279, 282, 289, 290, 311, 314, 315, 316, 317, 318, 320, 322, 325, 328, 329, 334, 337, 341, 342, 346, 352, 359, 361, 367, 370, 371, 372, 375, 377, 378, 383, 385, 387, 390, 392, 393, 396, 397, 400]
x_261: [1, 5, 14, 17, 21, 25, 26, 27, 28, 30, 31, 38, 39, 47, 53, 54, 62, 63, 65, 66, 67, 69, 75, 78, 84, 85, 86, 88, 94, 103, 106, 108, 109, 115, 119, 121, 122, 126, 129, 135, 145, 146, 150, 154, 155, 156, 160, 168, 171, 173, 176, 179, 180, 192, 194, 202, 206, 207, 208, 209, 215, 216, 217, 220, 224, 225, 226, 228, 232, 234, 240, 241, 242, 243, 249, 251, 253, 256, 257, 264, 266, 270, 275, 277, 278, 280, 281, 287, 289, 295, 300, 304, 311, 316, 317, 318, 321, 322, 328, 329, 330, 337, 338, 339, 342, 343, 347, 352, 354, 358, 360, 361, 368, 370, 371, 376, 387, 393, 395]
x_262: [7, 14, 19, 24, 33, 35, 36, 40, 43, 45, 51, 52, 56, 58, 59, 60, 64, 70, 75, 79, 80, 81, 83, 92, 94, 95, 96, 99, 100, 104, 107, 113, 115, 116, 123, 126, 127, 128, 132, 134, 137, 138, 141, 144, 149, 151, 157, 159, 164, 166, 167, 169, 170, 175, 183, 186, 187, 188, 201, 204, 208, 221, 222, 223, 224, 231, 238, 239, 242, 244, 245, 246, 250, 253, 260, 265, 271, 272, 276, 283, 286, 287, 291, 292, 296, 298, 302, 303, 305, 319, 320, 324, 326, 332, 335, 336, 337, 349, 350, 357, 365, 366, 369, 373, 374, 382, 384, 386, 387, 397, 398]
x_263: [3, 8, 11, 20, 24, 27, 28, 29, 32, 36, 40, 41, 46, 48, 50, 56, 58, 59, 64, 77, 86, 91, 92, 93, 96, 98, 99, 100, 104, 105, 107, 109, 112, 113, 114, 117, 118, 120, 125, 127, 128, 131, 133, 134, 136, 137, 140, 141, 143, 149, 152, 157, 159, 163, 164, 165, 166, 167, 169, 174, 175, 182, 185, 186, 188, 189, 193, 201, 204, 214, 222, 227, 229, 232, 234, 237, 245, 246, 247, 260, 265, 272, 283, 285, 286, 288, 291, 292, 294, 296, 297, 298, 301, 302, 303, 305, 308, 310, 320, 323, 324, 326, 327, 332, 333, 336, 344, 348, 349, 355, 364, 365, 369, 371, 373, 379, 382, 384, 386, 388, 391, 395, 397]
x_264: [2, 6, 13, 16, 19, 20, 24, 32, 36, 41, 43, 46, 48, 51, 55, 56, 60, 61, 68, 79, 87, 92, 96, 97, 98, 99, 104, 107, 112, 113, 114, 116, 117, 120, 123, 128, 131, 133, 134, 136, 137, 138, 144, 152, 158, 162, 163, 164, 165, 166, 167, 169, 174, 175, 183, 185, 186, 188, 189, 193, 204, 211, 213, 214, 221, 224, 227, 231, 234, 237, 238, 239, 246, 250, 251, 260, 261, 265, 268, 271, 274, 276, 284, 286, 288, 289, 297, 302, 303, 305, 307, 313, 318, 319, 326, 330, 332, 336, 341, 344, 345, 350, 353, 355, 357, 364, 366, 369, 374, 388, 389, 394, 397]
x_265: [1, 4, 5, 12, 17, 22, 25, 26, 27, 30, 37, 39, 47, 48, 54, 61, 62, 69, 72, 74, 78, 88, 94, 100, 101, 103, 105, 108, 109, 110, 111, 112, 115, 122, 123, 124, 129, 139, 142, 150, 154, 158, 161, 168, 171, 176, 177, 180, 183, 192, 194, 196, 199, 202, 203, 208, 211, 212, 215, 217, 218, 225, 226, 230, 232, 233, 235, 241, 248, 252, 254, 255, 256, 262, 263, 264, 267, 268, 277, 278, 279, 281, 282, 289, 290, 306, 308, 311, 312, 315, 317, 322, 325, 328, 329, 330, 331, 334, 337, 338, 341, 342, 343, 347, 354, 356, 358, 360, 371, 372, 375, 376, 377, 378, 380, 381, 383, 395, 398, 399]
x_266: [2, 11, 14, 15, 16, 19, 20, 22, 24, 33, 35, 36, 42, 43, 46, 52, 55, 56, 58, 64, 67, 73, 77, 79, 80, 81, 82, 85, 92, 93, 96, 97, 102, 112, 113, 114, 116, 117, 118, 120, 123, 125, 131, 133, 136, 137, 138, 143, 145, 149, 155, 159, 162, 165, 166, 167, 174, 175, 178, 187, 188, 193, 198, 201, 213, 229, 234, 237, 238, 241, 244, 250, 251, 253, 261, 271, 276, 280, 291, 293, 294, 297, 298, 299, 303, 307, 313, 319, 320, 324, 327, 332, 333, 334, 340, 344, 350, 352, 357, 363, 364, 369, 374, 376, 382, 384, 386, 388, 389, 394, 398]
x_267: [2, 6, 7, 8, 10, 11, 14, 16, 19, 23, 29, 33, 35, 43, 45, 50, 52, 54, 56, 57, 58, 70, 79, 80, 81, 82, 83, 87, 91, 92, 96, 97, 98, 99, 100, 102, 113, 114, 116, 123, 125, 127, 128, 131, 137, 138, 140, 141, 144, 146, 152, 157, 159, 162, 163, 165, 166, 169, 173, 175, 179, 185, 189, 197, 198, 204, 213, 214, 217, 221, 222, 223, 224, 231, 234, 238, 239, 246, 258, 265, 272, 274, 276, 283, 284, 285, 291, 292, 294, 296, 297, 298, 299, 302, 303, 309, 310, 313, 319, 323, 326, 340, 344, 348, 349, 361, 363, 364, 365, 374, 382, 383, 384, 385, 388, 389, 397]
x_268: [2, 3, 14, 16, 19, 23, 41, 42, 43, 48, 50, 52, 55, 56, 57, 58, 61, 68, 76, 77, 79, 80, 81, 82, 83, 87, 92, 96, 97, 99, 100, 102, 104, 107, 112, 113, 114, 116, 117, 118, 120, 128, 134, 136, 137, 138, 140, 143, 144, 149, 151, 152, 158, 162, 163, 164, 165, 172, 174, 175, 178, 183, 185, 187, 197, 198, 201, 204, 211, 213, 214, 221, 222, 223, 227, 239, 244, 246, 247, 251, 253, 258, 264, 265, 271, 272, 274, 276, 280, 284, 286, 288, 289, 291, 292, 293, 294, 297, 299, 301, 304, 307, 309, 312, 313, 318, 319, 324, 330, 333, 336, 341, 345, 351, 353, 355, 363, 365, 366, 369, 373, 374, 382, 386, 398]
x_269: [1, 5, 9, 10, 12, 17, 18, 21, 30, 31, 37, 38, 39, 47, 49, 54, 61, 62, 66, 68, 69, 70, 72, 74, 75, 78, 84, 86, 93, 94, 101, 103, 105, 108, 111, 121, 126, 135, 142, 143, 145, 147, 156, 161, 171, 177, 179, 180, 181, 184, 191, 192, 194, 195, 196, 199, 200, 202, 203, 206, 208, 215, 216, 217, 218, 220, 225, 228, 230, 232, 243, 246, 248, 254, 256, 258, 270, 278, 279, 281, 283, 289, 290, 298, 314, 316, 321, 328, 330, 337, 338, 342, 346, 347, 354, 356, 360, 361, 367, 368, 371, 374, 375, 378, 380, 385, 390, 393, 394, 395, 399, 400]
x_270: [2, 3, 5, 7, 15, 16, 19, 20, 22, 23, 24, 30, 32, 33, 35, 36, 40, 43, 45, 50, 51, 55, 57, 58, 59, 60, 64, 66, 70, 77, 81, 83, 91, 92, 93, 96, 98, 102, 107, 116, 117, 118, 120, 121, 122, 127, 128, 131, 132, 133, 134, 136, 137, 140, 143, 144, 152, 157, 159, 162, 163, 166, 167, 170, 172, 174, 178, 182, 183, 186, 189, 197, 218, 221, 222, 223, 224, 227, 236, 237, 238, 239, 244, 245, 246, 250, 257, 258, 261, 269, 271, 278, 284, 285, 286, 288, 291, 292, 293, 294, 296, 297, 299, 302, 307, 310, 312, 313, 320, 323, 324, 326, 332, 333, 344, 345, 348, 351, 355, 364, 365, 366, 369, 373, 374, 384, 388, 389, 391]
x_271: [4, 5, 8, 9, 10, 12, 16, 20, 25, 26, 28, 31, 34, 39, 49, 65, 66, 67, 68, 69, 71, 73, 75, 86, 88, 90, 94, 97, 105, 106, 109, 110, 111, 121, 126, 129, 130, 135, 139, 141, 145, 147, 148, 150, 155, 156, 160, 161, 164, 173, 174, 176, 179, 180, 181, 184, 190, 191, 192, 194, 196, 199, 202, 203, 206, 210, 212, 216, 217, 218, 219, 220, 221, 225, 228, 233, 235, 236, 240, 241, 248, 255, 256, 257, 259, 262, 264, 266, 268, 270, 273, 275, 277, 279, 289, 290, 300, 306, 311, 314, 316, 318, 324, 329, 330, 334, 337, 341, 354, 356, 359, 360, 376, 378, 379, 380, 381, 385, 390, 392, 393, 396, 399]
x_272: [1, 4, 10, 12, 15, 17, 19, 26, 27, 28, 30, 31, 35, 37, 38, 39, 44, 46, 47, 49, 62, 63, 65, 66, 68, 69, 71, 72, 73, 75, 78, 85, 86, 88, 89, 90, 94, 101, 103, 105, 115, 119, 121, 124, 126, 128, 134, 142, 149, 153, 156, 158, 160, 161, 168, 172, 173, 176, 177, 181, 186, 192, 196, 200, 202, 203, 205, 206, 208, 209, 210, 211, 212, 215, 216, 217, 219, 228, 230, 232, 233, 236, 240, 241, 248, 254, 256, 259, 262, 263, 267, 268, 277, 289, 300, 306, 317, 318, 328, 329, 330, 334, 335, 338, 342, 358, 361, 362, 367, 370, 372, 376, 383, 385, 387, 390, 392, 395, 396, 399]
x_273: [3, 6, 7, 13, 15, 19, 22, 29, 34, 35, 36, 37, 40, 42, 43, 45, 48, 50, 52, 55, 59, 60, 70, 76, 77, 79, 81, 82, 83, 87, 91, 93, 95, 97, 100, 102, 104, 107, 110, 112, 114, 116, 118, 123, 125, 127, 132, 133, 136, 137, 138, 140, 141, 143, 151, 152, 157, 164, 168, 169, 172, 174, 175, 182, 187, 189, 193, 197, 198, 204, 210, 213, 228, 229, 238, 245, 246, 247, 260, 271, 274, 281, 283, 284, 285, 286, 288, 292, 294, 297, 301, 303, 304, 305, 307, 309, 310, 319, 323, 324, 326, 327, 332, 339, 340, 350, 353, 355, 363, 369, 373, 381, 386, 388, 398]
x_274: [1, 4, 5, 10, 17, 21, 25, 27, 28, 31, 44, 47, 49, 50, 54, 65, 66, 67, 69, 72, 74, 84, 85, 87, 89, 90, 101, 103, 106, 108, 109, 110, 115, 119, 122, 124, 126, 129, 130, 135, 145, 147, 148, 150, 153, 154, 173, 177, 179, 181, 184, 189, 190, 191, 192, 195, 199, 203, 204, 206, 210, 212, 215, 218, 225, 232, 236, 240, 241, 242, 243, 247, 249, 252, 255, 256, 257, 259, 264, 267, 268, 273, 290, 296, 300, 302, 306, 317, 318, 321, 322, 325, 330, 331, 334, 335, 339, 342, 346, 349, 354, 356, 358, 359, 360, 362, 364, 367, 370, 371, 372, 375, 377, 378, 379, 380, 383, 387, 392, 393, 395, 396, 400]
x_275: [6, 8, 11, 14, 15, 19, 20, 24, 29, 35, 41, 42, 45, 46, 48, 52, 57, 58, 59, 64, 65, 70, 80, 81, 83, 87, 92, 95, 98, 99, 106, 117, 125, 134, 136, 137, 141, 143, 149, 159, 162, 163, 165, 166, 167, 169, 172, 174, 175, 177, 182, 183, 185, 186, 187, 189, 193, 194, 197, 198, 207, 213, 221, 229, 231, 234, 237, 239, 244, 250, 251, 253, 260, 261, 271, 276, 277, 279, 283, 284, 285, 286, 287, 288, 294, 297, 299, 304, 305, 307, 310, 312, 313, 319, 323, 324, 326, 327, 329, 340, 349, 353, 363, 370, 373, 384, 392, 394, 398]
x_276: [1, 4, 6, 10, 11, 12, 18, 21, 30, 31, 37, 38, 47, 49, 53, 62, 65, 66, 67, 68, 74, 75, 80, 82, 84, 85, 89, 90, 94, 101, 103, 105, 106, 108, 109, 111, 115, 119, 120, 121, 124, 129, 139, 145, 146, 148, 150, 154, 155, 156, 160, 167, 171, 173, 177, 179, 190, 191, 192, 195, 199, 200, 203, 209, 210, 218, 219, 220, 228, 233, 240, 241, 242, 248, 254, 256, 259, 262, 264, 266, 267, 268, 275, 278, 279, 281, 282, 289, 299, 306, 311, 314, 315, 316, 317, 318, 322, 325, 328, 330, 334, 339, 341, 345, 346, 351, 354, 356, 359, 360, 361, 362, 367, 368, 370, 375, 376, 380, 390, 392]
x_277: [6, 14, 16, 19, 20, 22, 23, 29, 32, 35, 40, 41, 42, 45, 46, 48, 50, 58, 60, 65, 70, 76, 77, 79, 80, 81, 83, 87, 95, 96, 99, 100, 104, 106, 107, 113, 114, 116, 120, 123, 125, 128, 131, 132, 134, 136, 140, 141, 149, 151, 152, 157, 159, 162, 163, 165, 166, 167, 169, 172, 177, 178, 182, 183, 187, 188, 193, 194, 201, 204, 214, 224, 227, 229, 231, 237, 239, 244, 245, 246, 247, 253, 261, 265, 271, 272, 275, 279, 280, 284, 288, 292, 293, 298, 299, 305, 307, 309, 310, 312, 327, 329, 332, 344, 345, 350, 353, 357, 366, 369, 370, 373, 374, 382, 384, 388, 392, 394, 397, 398]
x_278: [2, 3, 5, 6, 8, 13, 16, 19, 20, 23, 24, 29, 30, 32, 33, 36, 42, 46, 48, 50, 52, 56, 57, 59, 64, 66, 70, 76, 79, 80, 83, 87, 91, 97, 99, 100, 102, 112, 113, 116, 118, 121, 122, 123, 131, 132, 134, 137, 138, 140, 143, 144, 151, 152, 157, 159, 162, 163, 164, 165, 166, 170, 172, 174, 182, 183, 186, 187, 189, 197, 198, 201, 207, 214, 218, 222, 223, 224, 227, 229, 234, 236, 237, 238, 239, 245, 246, 251, 257, 258, 260, 261, 265, 269, 270, 276, 283, 286, 287, 288, 293, 294, 298, 299, 301, 303, 304, 310, 313, 319, 324, 326, 336, 340, 345, 348, 349, 355, 369, 373, 382, 386, 389, 391, 394, 397, 398]
x_279: [2, 3, 7, 8, 13, 16, 19, 20, 24, 33, 35, 36, 40, 41, 43, 45, 46, 48, 50, 52, 56, 57, 58, 60, 64, 65, 76, 77, 79, 80, 82, 83, 93, 97, 98, 99, 100, 102, 106, 112, 114, 116, 118, 120, 123, 125, 127, 131, 132, 138, 149, 152, 157, 162, 163, 164, 165, 167, 169, 174, 177, 178, 186, 194, 198, 214, 221, 223, 224, 227, 229, 231, 237, 238, 244, 245, 251, 253, 260, 265, 269, 271, 275, 276, 277, 283, 286, 291, 292, 294, 296, 297, 303, 305, 308, 309, 312, 313, 323, 326, 327, 329, 332, 336, 344, 348, 350, 353, 355, 366, 370, 382, 389, 392, 394, 397]
x_280: [4, 5, 9, 14, 17, 18, 21, 25, 26, 31, 37, 47, 49, 61, 65, 68, 69, 71, 72, 73, 74, 86, 88, 101, 105, 106, 108, 111, 122, 126, 139, 142, 145, 147, 148, 150, 155, 156, 161, 168, 176, 177, 180, 190, 196, 199, 200, 202, 206, 207, 209, 211, 215, 217, 220, 224, 226, 234, 241, 242, 243, 248, 249, 251, 253, 259, 261, 266, 268, 277, 282, 287, 290, 304, 311, 314, 315, 317, 318, 322, 328, 329, 330, 331, 334, 337, 341, 343, 352, 354, 356, 359, 362, 367, 370, 376, 377, 390, 392, 393, 396, 399]
x_281: [2, 6, 7, 8, 13, 15, 16, 19, 20, 34, 35, 37, 41, 45, 46, 50, 51, 52, 55, 57, 58, 64, 70, 76, 77, 79, 80, 82, 87, 91, 92, 93, 98, 100, 102, 104, 107, 110, 112, 113, 118, 120, 123, 125, 128, 132, 138, 141, 143, 149, 152, 157, 167, 168, 170, 172, 178, 183, 188, 189, 197, 198, 201, 210, 214, 223, 227, 228, 234, 237, 238, 239, 244, 245, 247, 250, 251, 253, 258, 261, 265, 269, 273, 276, 283, 285, 286, 287, 292, 293, 294, 296, 297, 298, 299, 303, 305, 308, 312, 313, 319, 324, 326, 327, 336, 339, 345, 348, 353, 355, 364, 365, 366, 373, 374, 381, 382, 389, 391, 397, 398]
x_282: [2, 3, 6, 7, 8, 13, 14, 16, 22, 23, 29, 35, 42, 46, 53, 55, 56, 63, 64, 70, 76, 79, 80, 81, 82, 83, 91, 93, 98, 99, 102, 116, 117, 118, 120, 123, 125, 127, 128, 136, 138, 141, 143, 144, 149, 151, 152, 159, 162, 165, 166, 172, 174, 175, 178, 182, 183, 187, 188, 189, 191, 193, 197, 198, 200, 201, 213, 214, 221, 224, 229, 231, 234, 244, 247, 248, 251, 258, 260, 265, 276, 280, 284, 285, 287, 288, 291, 292, 294, 299, 301, 304, 305, 307, 310, 311, 312, 313, 319, 321, 323, 326, 332, 333, 340, 344, 345, 349, 350, 351, 353, 357, 360, 363, 364, 365, 366, 373, 374, 382, 384, 386, 391, 397, 398, 400]
x_283: [1, 18, 25, 28, 39, 47, 54, 61, 62, 63, 66, 67, 68, 69, 70, 71, 72, 73, 74, 78, 84, 86, 88, 90, 93, 94, 106, 109, 110, 115, 119, 121, 122, 126, 129, 142, 143, 145, 146, 147, 154, 155, 160, 161, 168, 171, 190, 196, 200, 202, 203, 206, 209, 211, 216, 217, 218, 219, 220, 225, 226, 228, 230, 232, 235, 236, 240, 243, 246, 248, 255, 256, 257, 258, 262, 263, 267, 269, 273, 275, 278, 279, 281, 295, 298, 306, 311, 314, 315, 318, 329, 330, 331, 335, 337, 338, 342, 346, 352, 356, 358, 359, 360, 361, 370, 371, 372, 374, 375, 376, 379, 383, 390, 392, 394, 395, 399, 400]
x_284: [4, 9, 10, 21, 27, 28, 30, 32, 34, 47, 53, 54, 58, 63, 66, 67, 68, 69, 71, 72, 74, 78, 86, 88, 103, 105, 110, 111, 115, 121, 124, 126, 130, 138, 139, 142, 145, 147, 148, 150, 153, 168, 171, 176, 177, 180, 182, 184, 190, 192, 194, 202, 206, 210, 216, 217, 219, 220, 225, 226, 230, 232, 235, 236, 240, 241, 242, 243, 249, 252, 254, 255, 264, 267, 268, 270, 273, 275, 277, 282, 289, 290, 300, 305, 314, 315, 316, 318, 327, 329, 330, 334, 337, 338, 339, 341, 342, 343, 346, 347, 352, 353, 354, 358, 367, 368, 372, 376, 377, 378, 379, 381, 382, 383, 391, 393, 396, 400]
x_285: [17, 18, 21, 25, 26, 27, 30, 31, 34, 37, 39, 44, 62, 63, 65, 67, 71, 72, 73, 75, 83, 84, 90, 103, 108, 109, 111, 115, 121, 122, 126, 130, 135, 140, 145, 147, 150, 154, 155, 156, 158, 160, 166, 168, 173, 190, 191, 196, 200, 203, 206, 208, 211, 216, 217, 218, 219, 220, 225, 229, 230, 232, 235, 241, 242, 252, 254, 255, 257, 259, 263, 267, 270, 273, 275, 281, 282, 289, 311, 314, 316, 317, 321, 323, 328, 330, 331, 334, 335, 336, 337, 338, 339, 341, 342, 343, 346, 347, 352, 354, 355, 359, 361, 365, 368, 371, 377, 379, 383, 384, 387, 390, 392, 393, 399, 400]
x_286: [9, 12, 21, 25, 26, 28, 31, 36, 38, 43, 44, 47, 54, 57, 65, 67, 69, 71, 74, 75, 76, 78, 84, 85, 88, 99, 101, 105, 109, 115, 119, 121, 122, 129, 133, 135, 139, 142, 145, 146, 148, 150, 153, 156, 158, 161, 168, 171, 176, 177, 179, 180, 181, 184, 190, 192, 194, 195, 196, 202, 203, 206, 210, 212, 216, 217, 220, 222, 228, 230, 232, 235, 240, 248, 249, 259, 262, 263, 264, 268, 270, 273, 275, 278, 279, 281, 300, 306, 311, 314, 316, 317, 318, 329, 330, 331, 334, 335, 337, 339, 343, 348, 352, 356, 358, 359, 360, 361, 366, 367, 368, 370, 371, 375, 376, 377, 378, 380, 381, 383, 390, 393, 395, 400]
x_287: [1, 10, 14, 17, 18, 21, 25, 26, 27, 28, 31, 34, 38, 53, 54, 61, 63, 65, 66, 69, 72, 74, 78, 84, 85, 86, 89, 90, 94, 103, 106, 108, 109, 110, 111, 129, 130, 146, 150, 154, 155, 156, 158, 160, 161, 171, 173, 177, 180, 181, 184, 200, 202, 203, 207, 208, 209, 211, 224, 226, 228, 230, 232, 233, 234, 235, 240, 243, 249, 251, 252, 253, 255, 256, 257, 261, 262, 275, 278, 280, 281, 282, 295, 300, 304, 314, 315, 316, 322, 325, 329, 331, 334, 338, 339, 341, 342, 354, 356, 359, 367, 376, 378, 379, 380, 383, 385, 390, 392, 393, 395, 399, 400]
x_288: [5, 10, 25, 26, 27, 28, 29, 30, 34, 38, 39, 44, 49, 52, 53, 54, 61, 65, 66, 67, 68, 69, 71, 73, 74, 78, 86, 94, 95, 101, 105, 108, 109, 118, 119, 121, 122, 124, 126, 129, 145, 150, 153, 154, 155, 156, 158, 160, 161, 165, 173, 176, 177, 190, 191, 196, 199, 202, 206, 208, 209, 211, 216, 218, 220, 226, 240, 241, 242, 244, 248, 249, 254, 255, 256, 259, 263, 264, 268, 270, 273, 275, 277, 278, 282, 289, 295, 300, 306, 315, 318, 321, 322, 326, 328, 331, 333, 337, 338, 339, 341, 343, 362, 363, 368, 370, 376, 378, 381, 383, 385]
x_289: [6, 7, 14, 20, 23, 29, 32, 33, 35, 36, 40, 41, 42, 43, 45, 50, 51, 52, 55, 58, 61, 68, 70, 76, 79, 81, 83, 93, 95, 97, 98, 99, 104, 107, 112, 116, 117, 118, 120, 125, 127, 128, 133, 136, 137, 138, 141, 144, 149, 151, 157, 158, 159, 162, 163, 164, 165, 167, 170, 178, 182, 186, 187, 188, 193, 197, 198, 201, 207, 211, 214, 221, 224, 229, 237, 238, 239, 244, 245, 250, 258, 260, 261, 264, 265, 268, 269, 271, 272, 276, 284, 285, 288, 291, 293, 296, 298, 302, 304, 307, 308, 310, 312, 313, 318, 319, 320, 323, 324, 326, 327, 330, 333, 340, 341, 344, 350, 351, 353, 355, 357, 364, 373, 374, 386, 388, 397]
x_290: [2, 11, 13, 14, 15, 17, 22, 23, 25, 32, 33, 36, 41, 43, 45, 46, 48, 50, 51, 56, 64, 70, 76, 79, 82, 83, 84, 93, 96, 98, 102, 104, 112, 114, 116, 117, 118, 120, 125, 132, 133, 138, 140, 143, 157, 159, 163, 164, 165, 166, 167, 169, 172, 175, 178, 180, 182, 186, 187, 188, 199, 204, 213, 222, 224, 227, 229, 234, 237, 238, 239, 250, 251, 260, 265, 269, 271, 274, 280, 284, 291, 294, 296, 297, 302, 307, 310, 312, 313, 319, 320, 322, 323, 324, 326, 327, 328, 331, 332, 333, 336, 340, 344, 345, 346, 349, 351, 353, 355, 363, 364, 373, 374, 382, 388, 389]
x_291: [1, 5, 7, 9, 10, 23, 26, 27, 30, 31, 34, 39, 40, 44, 47, 49, 53, 62, 63, 66, 67, 72, 73, 74, 75, 78, 84, 85, 88, 90, 105, 106, 110, 115, 119, 121, 124, 126, 129, 130, 135, 142, 146, 147, 148, 150, 154, 155, 156, 158, 161, 168, 169, 177, 178, 184, 191, 194, 195, 196, 199, 200, 208, 211, 217, 219, 220, 228, 230, 232, 236, 242, 243, 248, 249, 252, 254, 259, 262, 263, 266, 267, 268, 270, 279, 282, 289, 290, 293, 295, 311, 315, 318, 319, 325, 329, 330, 331, 332, 335, 337, 339, 341, 344, 346, 347, 352, 354, 358, 360, 361, 372, 375, 376, 377, 378, 380, 383, 390, 396, 400]
x_292: [1, 4, 5, 12, 18, 26, 30, 31, 33, 38, 44, 49, 53, 54, 56, 62, 65, 66, 71, 72, 73, 74, 75, 78, 84, 86, 88, 89, 90, 94, 101, 103, 105, 114, 121, 124, 127, 129, 130, 139, 145, 147, 153, 158, 168, 171, 173, 176, 180, 190, 192, 194, 197, 200, 202, 203, 205, 206, 209, 214, 215, 216, 218, 220, 225, 226, 233, 235, 240, 242, 248, 249, 250, 255, 257, 262, 263, 267, 268, 270, 273, 277, 279, 281, 282, 306, 311, 314, 316, 317, 321, 325, 328, 334, 337, 338, 341, 347, 352, 356, 359, 362, 369, 372, 377, 379, 380, 381, 383, 386, 390, 392, 393, 399, 400]
x_293: [1, 4, 5, 7, 10, 12, 17, 21, 23, 25, 28, 30, 31, 40, 44, 54, 62, 63, 65, 66, 71, 72, 73, 75, 78, 84, 85, 86, 103, 106, 109, 110, 111, 121, 122, 126, 129, 130, 139, 142, 145, 147, 150, 156, 158, 169, 173, 178, 181, 184, 192, 202, 203, 206, 208, 209, 210, 211, 212, 215, 216, 217, 218, 219, 226, 230, 232, 233, 241, 242, 243, 248, 249, 252, 255, 257, 259, 266, 268, 270, 277, 278, 281, 289, 291, 295, 300, 316, 317, 319, 325, 328, 329, 330, 331, 332, 334, 335, 337, 338, 341, 342, 344, 347, 354, 356, 358, 359, 360, 376, 378, 383, 385, 387, 390, 392, 395, 399, 400]
x_294: [4, 5, 9, 10, 12, 17, 24, 25, 27, 31, 38, 39, 53, 54, 55, 61, 63, 67, 68, 69, 74, 85, 89, 90, 94, 101, 103, 105, 106, 107, 109, 111, 113, 115, 121, 126, 131, 132, 135, 145, 146, 147, 153, 154, 155, 156, 158, 160, 161, 168, 171, 173, 175, 176, 180, 188, 190, 191, 194, 195, 199, 200, 202, 205, 208, 212, 215, 216, 219, 226, 242, 248, 252, 256, 257, 259, 263, 266, 267, 268, 270, 273, 275, 278, 279, 281, 282, 290, 295, 306, 314, 315, 316, 317, 321, 322, 325, 328, 331, 335, 337, 341, 354, 358, 359, 361, 367, 370, 371, 372, 375, 376, 385, 387, 388, 393, 395, 400]
x_295: [2, 6, 8, 15, 16, 19, 22, 32, 33, 36, 40, 42, 43, 46, 48, 52, 55, 56, 57, 58, 60, 70, 77, 79, 81, 89, 92, 93, 96, 97, 99, 107, 111, 112, 113, 117, 118, 120, 127, 128, 132, 133, 134, 136, 137, 138, 140, 141, 148, 151, 152, 153, 159, 163, 164, 166, 167, 170, 175, 178, 187, 193, 197, 198, 202, 204, 223, 227, 234, 237, 238, 245, 246, 250, 258, 261, 283, 287, 288, 291, 293, 294, 296, 297, 301, 307, 309, 310, 312, 315, 316, 319, 320, 324, 326, 332, 333, 336, 338, 340, 345, 353, 363, 366, 368, 374, 382, 388, 389, 391, 398]
x_296: [4, 10, 17, 26, 27, 28, 31, 38, 44, 47, 50, 54, 62, 63, 67, 68, 69, 74, 78, 84, 85, 86, 87, 88, 89, 90, 101, 106, 108, 110, 111, 124, 129, 142, 154, 155, 156, 158, 160, 176, 179, 189, 194, 195, 200, 204, 205, 206, 208, 210, 216, 217, 218, 219, 225, 226, 228, 230, 232, 235, 236, 240, 243, 247, 248, 249, 252, 254, 262, 263, 267, 270, 274, 279, 281, 289, 290, 295, 300, 302, 316, 317, 318, 325, 328, 329, 330, 331, 334, 335, 337, 338, 342, 347, 349, 354, 358, 360, 361, 364, 367, 371, 376, 378, 380, 385, 387, 390, 396]
x_297: [4, 5, 9, 17, 25, 27, 28, 31, 38, 47, 61, 62, 66, 68, 71, 74, 84, 86, 91, 94, 96, 103, 104, 105, 109, 115, 119, 121, 130, 139, 142, 144, 146, 147, 148, 153, 154, 156, 158, 168, 170, 171, 177, 180, 190, 192, 194, 196, 200, 202, 205, 206, 216, 217, 218, 219, 220, 227, 228, 230, 233, 236, 240, 242, 243, 248, 249, 252, 254, 255, 259, 263, 264, 266, 267, 268, 270, 273, 275, 279, 281, 290, 295, 300, 301, 306, 309, 315, 316, 317, 318, 321, 322, 325, 331, 335, 338, 339, 341, 343, 347, 356, 358, 359, 361, 362, 368, 370, 372, 375, 376, 378, 379, 380, 385, 387, 389, 392, 395, 396, 399]
x_298: [1, 4, 9, 17, 18, 21, 26, 28, 30, 34, 37, 38, 44, 49, 53, 62, 63, 65, 67, 68, 69, 70, 73, 84, 85, 86, 88, 89, 90, 93, 94, 108, 109, 111, 119, 122, 124, 130, 135, 143, 146, 148, 150, 154, 155, 156, 158, 171, 173, 176, 181, 184, 192, 194, 195, 196, 199, 200, 208, 210, 211, 217, 226, 230, 232, 240, 246, 248, 249, 255, 257, 258, 262, 263, 266, 267, 269, 277, 278, 281, 283, 289, 306, 311, 314, 315, 317, 321, 322, 325, 328, 335, 337, 342, 346, 352, 354, 358, 359, 361, 367, 371, 372, 374, 378, 381, 383, 385, 387, 390, 392, 394, 396, 399, 400]
x_299: [6, 9, 10, 11, 18, 21, 25, 27, 28, 30, 34, 39, 44, 47, 49, 54, 61, 62, 63, 66, 68, 69, 71, 78, 80, 82, 85, 86, 106, 108, 109, 111, 115, 120, 121, 122, 124, 126, 135, 139, 147, 150, 154, 156, 161, 167, 171, 177, 180, 184, 194, 195, 196, 200, 209, 210, 211, 217, 218, 219, 220, 225, 228, 232, 235, 236, 240, 241, 252, 254, 255, 257, 266, 267, 268, 270, 275, 276, 277, 278, 281, 282, 300, 314, 315, 322, 325, 328, 329, 330, 331, 334, 338, 339, 341, 342, 343, 345, 346, 347, 351, 352, 354, 356, 358, 359, 360, 362, 367, 368, 370, 371, 372, 376, 377, 380, 383, 387, 392, 393, 395, 396, 399]
x_300: [1, 2, 6, 7, 8, 11, 13, 14, 15, 22, 24, 32, 38, 40, 45, 49, 50, 52, 57, 58, 59, 60, 64, 70, 72, 77, 80, 81, 83, 87, 91, 92, 93, 97, 100, 102, 104, 113, 114, 116, 117, 118, 119, 120, 123, 127, 131, 133, 134, 136, 137, 143, 144, 149, 152, 157, 162, 163, 165, 167, 169, 170, 174, 175, 186, 189, 193, 198, 203, 204, 213, 221, 224, 227, 231, 237, 244, 245, 246, 250, 251, 252, 253, 255, 258, 261, 271, 272, 274, 284, 286, 287, 288, 293, 296, 297, 299, 302, 303, 304, 305, 307, 308, 309, 310, 312, 313, 320, 323, 325, 326, 327, 332, 340, 348, 351, 353, 355, 357, 363, 366, 369, 373, 382, 389, 394, 397]
x_301: [1, 4, 5, 9, 12, 17, 18, 21, 26, 30, 31, 34, 37, 38, 39, 44, 47, 49, 53, 61, 63, 65, 66, 69, 71, 72, 75, 85, 88, 91, 94, 96, 101, 103, 104, 105, 109, 110, 111, 115, 119, 121, 122, 124, 130, 135, 144, 146, 147, 148, 150, 156, 158, 160, 161, 170, 173, 176, 180, 181, 192, 194, 195, 200, 202, 208, 209, 210, 211, 212, 217, 218, 219, 220, 225, 226, 227, 228, 230, 232, 233, 235, 236, 240, 241, 243, 252, 254, 255, 256, 257, 259, 263, 268, 273, 278, 282, 295, 297, 306, 309, 314, 318, 322, 328, 329, 334, 335, 337, 341, 343, 346, 347, 356, 358, 361, 368, 371, 372, 376, 377, 379, 380, 383, 385, 389, 390, 392, 395, 396, 399, 400]
x_302: [5, 10, 12, 17, 18, 21, 25, 27, 28, 31, 37, 38, 39, 44, 47, 49, 50, 53, 54, 69, 71, 74, 78, 84, 85, 86, 87, 88, 89, 90, 101, 103, 105, 106, 108, 111, 115, 119, 121, 124, 126, 130, 142, 145, 146, 156, 158, 160, 168, 171, 173, 176, 177, 180, 184, 189, 191, 192, 196, 200, 203, 204, 205, 206, 211, 215, 216, 218, 219, 220, 225, 228, 230, 233, 236, 241, 242, 247, 254, 256, 259, 262, 263, 264, 267, 270, 274, 289, 290, 296, 300, 306, 311, 314, 315, 316, 318, 321, 322, 329, 330, 331, 334, 335, 337, 338, 339, 346, 347, 349, 352, 356, 358, 359, 360, 364, 367, 370, 375, 377, 379, 380, 383, 385, 387, 395, 396]
x_303: [1, 5, 9, 12, 25, 26, 27, 28, 30, 31, 38, 39, 47, 49, 51, 53, 54, 59, 62, 66, 68, 71, 73, 74, 78, 84, 89, 90, 102, 103, 105, 106, 108, 109, 111, 122, 129, 135, 142, 148, 150, 155, 156, 158, 162, 168, 171, 176, 181, 184, 190, 191, 192, 196, 200, 201, 211, 213, 215, 216, 220, 225, 226, 228, 230, 239, 243, 245, 248, 249, 252, 257, 262, 263, 264, 266, 267, 273, 278, 279, 281, 300, 306, 311, 314, 315, 316, 318, 321, 325, 328, 329, 330, 331, 337, 338, 339, 340, 342, 343, 346, 347, 354, 356, 359, 361, 362, 367, 368, 370, 371, 372, 375, 376, 377, 378, 379, 383, 390, 393, 399, 400]
x_304: [4, 14, 17, 18, 25, 30, 34, 37, 39, 49, 53, 54, 61, 65, 66, 67, 69, 71, 72, 73, 74, 75, 78, 85, 88, 89, 101, 106, 108, 109, 115, 119, 124, 126, 129, 135, 142, 145, 146, 150, 153, 154, 156, 168, 173, 176, 177, 180, 181, 191, 194, 195, 199, 200, 202, 203, 205, 207, 209, 210, 212, 215, 216, 220, 224, 225, 226, 228, 230, 234, 235, 236, 242, 249, 251, 253, 255, 256, 259, 261, 268, 273, 275, 278, 280, 282, 287, 289, 300, 311, 314, 316, 317, 322, 325, 328, 329, 331, 334, 335, 337, 338, 339, 341, 342, 354, 358, 359, 361, 362, 367, 370, 375, 377, 378, 379, 383, 387, 390, 400]
x_305: [1, 9, 12, 18, 21, 25, 26, 28, 30, 31, 32, 38, 39, 44, 58, 62, 67, 69, 71, 73, 74, 75, 78, 94, 105, 109, 111, 115, 119, 121, 138, 142, 145, 147, 150, 153, 154, 156, 161, 168, 180, 182, 190, 191, 192, 195, 199, 202, 205, 208, 210, 211, 215, 217, 218, 220, 225, 228, 230, 232, 235, 236, 241, 242, 243, 248, 249, 254, 255, 257, 259, 262, 263, 264, 273, 275, 277, 279, 281, 282, 284, 300, 315, 316, 322, 325, 327, 329, 330, 331, 334, 335, 337, 346, 353, 356, 358, 359, 360, 361, 362, 367, 370, 371, 372, 375, 376, 377, 378, 380, 382, 383, 390, 391, 396, 399, 400]
x_306: [2, 6, 7, 13, 14, 15, 16, 19, 22, 23, 29, 36, 40, 46, 48, 51, 52, 55, 56, 58, 59, 76, 77, 79, 80, 81, 82, 87, 91, 92, 93, 97, 99, 102, 103, 107, 112, 113, 114, 117, 118, 125, 127, 128, 131, 133, 135, 136, 137, 140, 141, 151, 157, 159, 162, 164, 166, 167, 171, 172, 174, 182, 183, 185, 186, 187, 188, 193, 197, 198, 204, 206, 213, 214, 221, 222, 227, 229, 231, 234, 237, 243, 246, 247, 249, 251, 253, 258, 265, 271, 272, 274, 276, 283, 286, 288, 292, 294, 297, 298, 301, 302, 303, 307, 308, 309, 310, 312, 314, 319, 324, 332, 336, 340, 350, 351, 357, 358, 359, 364, 366, 369, 373, 388, 389, 391, 398]
x_307: [1, 4, 9, 13, 25, 26, 27, 30, 31, 34, 38, 39, 44, 53, 61, 65, 66, 67, 68, 69, 71, 72, 73, 74, 86, 88, 89, 94, 101, 106, 109, 111, 115, 116, 119, 121, 126, 135, 136, 137, 139, 142, 148, 150, 151, 154, 161, 168, 171, 173, 177, 179, 180, 187, 190, 191, 193, 194, 195, 200, 202, 203, 205, 206, 208, 210, 212, 215, 216, 217, 219, 220, 230, 232, 233, 241, 243, 249, 252, 256, 259, 264, 266, 268, 270, 273, 275, 277, 282, 289, 290, 295, 300, 306, 311, 313, 314, 322, 335, 342, 346, 350, 358, 359, 361, 362, 368, 371, 372, 375, 376, 378, 381, 385, 387, 399, 400]
x_308: [1, 5, 10, 12, 17, 18, 21, 22, 25, 27, 28, 31, 37, 38, 47, 48, 53, 54, 62, 63, 65, 66, 68, 69, 71, 74, 75, 84, 85, 89, 90, 100, 105, 106, 108, 110, 111, 112, 115, 123, 124, 126, 129, 130, 142, 145, 146, 147, 148, 153, 156, 158, 160, 161, 168, 173, 176, 177, 179, 180, 181, 183, 191, 192, 194, 196, 200, 206, 209, 210, 212, 215, 216, 217, 220, 225, 226, 228, 230, 236, 240, 241, 243, 248, 252, 255, 256, 257, 259, 263, 265, 279, 281, 289, 300, 306, 311, 312, 315, 318, 321, 325, 330, 331, 334, 335, 338, 341, 352, 354, 358, 361, 362, 367, 368, 370, 372, 376, 377, 379, 380, 385, 387, 392, 395, 396, 398, 399, 400]
x_309: [4, 10, 12, 17, 18, 26, 27, 30, 34, 39, 53, 54, 65, 75, 84, 85, 86, 89, 91, 94, 96, 104, 105, 106, 108, 110, 111, 115, 119, 121, 124, 129, 130, 144, 145, 146, 148, 150, 153, 154, 156, 158, 161, 168, 170, 171, 177, 179, 180, 190, 192, 196, 203, 210, 212, 215, 216, 217, 218, 219, 220, 225, 226, 227, 230, 236, 248, 249, 252, 254, 255, 257, 259, 267, 268, 273, 277, 279, 295, 297, 300, 301, 306, 316, 317, 321, 325, 328, 330, 331, 335, 338, 341, 343, 346, 356, 358, 361, 370, 371, 375, 376, 377, 378, 380, 383, 385, 387, 389, 390, 392, 396, 400]
x_310: [1, 2, 3, 4, 9, 18, 21, 26, 28, 30, 34, 38, 39, 47, 49, 53, 54, 62, 63, 67, 71, 72, 73, 74, 78, 81, 88, 94, 98, 101, 103, 108, 111, 115, 122, 125, 139, 142, 145, 147, 155, 159, 160, 161, 171, 173, 177, 179, 180, 181, 184, 190, 194, 196, 198, 199, 200, 202, 203, 206, 212, 215, 217, 218, 223, 225, 232, 236, 237, 242, 243, 248, 254, 257, 259, 263, 267, 270, 273, 275, 277, 278, 282, 289, 290, 295, 300, 306, 311, 314, 316, 317, 321, 325, 330, 338, 341, 342, 343, 346, 347, 352, 354, 356, 359, 360, 362, 367, 370, 375, 379, 381, 383, 392, 396, 399]
x_311: [2, 6, 13, 14, 16, 19, 20, 23, 24, 32, 35, 36, 42, 50, 51, 53, 56, 57, 58, 59, 63, 64, 77, 79, 81, 92, 95, 97, 102, 104, 107, 112, 113, 116, 117, 120, 125, 127, 128, 132, 133, 138, 140, 143, 144, 151, 152, 157, 162, 164, 166, 167, 182, 185, 186, 187, 188, 189, 191, 197, 200, 222, 227, 231, 234, 238, 239, 244, 245, 248, 260, 261, 265, 271, 276, 280, 282, 283, 285, 286, 291, 292, 298, 302, 303, 304, 307, 308, 310, 313, 319, 321, 324, 332, 336, 340, 345, 348, 349, 353, 357, 360, 363, 364, 365, 369, 373, 382, 388, 394, 398, 400]
x_312: [4, 10, 17, 18, 22, 25, 27, 28, 37, 38, 48, 54, 63, 65, 66, 67, 71, 72, 75, 84, 86, 89, 100, 101, 111, 112, 123, 126, 139, 142, 145, 148, 150, 153, 154, 156, 158, 171, 176, 180, 183, 184, 194, 195, 196, 199, 200, 205, 209, 210, 211, 218, 219, 226, 233, 240, 241, 242, 249, 252, 254, 255, 256, 265, 268, 270, 275, 277, 279, 281, 282, 289, 290, 295, 300, 306, 308, 317, 318, 325, 331, 337, 342, 343, 352, 358, 359, 360, 361, 362, 370, 371, 375, 376, 378, 379, 381, 383, 392, 395, 396, 398, 400]
x_313: [4, 5, 10, 12, 13, 17, 18, 21, 26, 30, 31, 34, 37, 38, 39, 47, 54, 62, 65, 66, 67, 68, 69, 74, 86, 88, 89, 105, 109, 116, 122, 124, 126, 129, 136, 137, 139, 142, 146, 147, 148, 150, 151, 153, 156, 161, 173, 177, 179, 180, 187, 190, 192, 193, 195, 200, 202, 205, 206, 209, 210, 212, 215, 216, 217, 220, 226, 236, 240, 241, 242, 249, 252, 257, 264, 266, 267, 268, 270, 275, 278, 279, 281, 282, 289, 290, 300, 307, 311, 315, 322, 328, 329, 330, 334, 335, 337, 338, 342, 343, 350, 361, 362, 370, 372, 375, 376, 377, 379, 381, 385, 390, 393, 396]
x_314: [3, 6, 8, 11, 19, 20, 23, 24, 32, 33, 48, 50, 52, 55, 57, 58, 59, 64, 80, 81, 82, 83, 87, 92, 93, 95, 96, 99, 100, 103, 104, 107, 112, 113, 116, 118, 120, 128, 131, 133, 134, 135, 136, 137, 138, 141, 143, 144, 151, 152, 157, 163, 164, 166, 169, 170, 171, 172, 175, 178, 188, 189, 198, 201, 206, 207, 214, 221, 223, 224, 231, 237, 239, 243, 244, 246, 249, 253, 258, 260, 269, 271, 276, 280, 283, 284, 285, 286, 287, 292, 294, 298, 299, 301, 302, 303, 304, 306, 307, 310, 324, 326, 340, 344, 345, 348, 350, 351, 353, 357, 358, 359, 363, 365, 366, 369, 388, 397, 398]
x_315: [2, 8, 20, 23, 24, 32, 33, 40, 43, 45, 51, 52, 58, 59, 60, 64, 79, 80, 81, 83, 89, 91, 95, 97, 98, 99, 100, 102, 107, 111, 114, 116, 117, 118, 120, 125, 128, 134, 137, 144, 148, 149, 151, 152, 153, 159, 163, 164, 166, 167, 172, 175, 185, 186, 198, 201, 202, 213, 214, 222, 224, 227, 238, 244, 247, 250, 260, 265, 276, 280, 283, 284, 287, 288, 291, 294, 295, 297, 298, 299, 302, 303, 305, 308, 313, 316, 319, 320, 323, 324, 327, 332, 333, 336, 338, 344, 348, 350, 351, 353, 355, 365, 368, 369, 386, 388, 389, 394]
x_316: [2, 3, 8, 11, 13, 14, 15, 16, 24, 29, 32, 33, 40, 41, 42, 45, 48, 51, 52, 58, 64, 70, 76, 79, 81, 87, 89, 91, 92, 93, 96, 97, 98, 99, 100, 104, 107, 111, 120, 125, 127, 131, 134, 138, 148, 152, 153, 162, 163, 164, 166, 167, 169, 170, 172, 185, 187, 188, 189, 193, 201, 202, 207, 214, 222, 223, 224, 227, 229, 231, 234, 245, 246, 247, 250, 251, 260, 261, 269, 271, 276, 284, 285, 286, 287, 292, 293, 294, 295, 296, 297, 302, 303, 304, 305, 309, 310, 315, 326, 333, 338, 344, 345, 348, 350, 355, 357, 364, 365, 368, 369, 373, 384, 388, 391, 397, 398]
x_317: [2, 3, 8, 9, 11, 13, 14, 16, 19, 20, 29, 33, 42, 43, 45, 46, 50, 56, 57, 59, 64, 77, 79, 81, 82, 83, 87, 92, 95, 96, 99, 102, 107, 112, 113, 114, 116, 117, 118, 120, 125, 128, 131, 132, 133, 136, 141, 149, 150, 151, 163, 164, 165, 166, 169, 174, 175, 186, 187, 188, 189, 190, 192, 193, 197, 198, 201, 207, 213, 214, 216, 221, 222, 223, 238, 239, 244, 245, 253, 258, 260, 261, 265, 272, 274, 276, 280, 285, 286, 292, 293, 294, 296, 297, 298, 304, 309, 310, 312, 319, 320, 323, 324, 326, 327, 333, 344, 347, 349, 351, 353, 355, 357, 364, 365, 366, 367, 374, 389, 390, 391, 393, 398]
x_318: [3, 6, 8, 11, 13, 16, 19, 20, 22, 24, 36, 40, 41, 43, 46, 48, 50, 55, 56, 61, 64, 68, 70, 76, 77, 79, 80, 81, 82, 91, 92, 93, 96, 99, 100, 102, 117, 118, 123, 127, 131, 134, 138, 141, 144, 151, 157, 158, 162, 164, 165, 166, 167, 182, 185, 186, 189, 193, 197, 201, 204, 207, 211, 213, 214, 223, 224, 227, 229, 237, 244, 245, 246, 247, 258, 260, 261, 264, 268, 271, 272, 274, 276, 280, 283, 284, 286, 288, 289, 291, 296, 297, 301, 302, 303, 308, 312, 319, 320, 323, 326, 327, 330, 341, 349, 350, 353, 357, 363, 364, 365, 366, 373, 374, 384, 386, 388, 391, 397, 398]
x_319: [4, 5, 7, 12, 23, 28, 34, 37, 38, 39, 40, 47, 49, 53, 61, 65, 66, 67, 71, 75, 84, 85, 86, 88, 94, 101, 103, 105, 106, 110, 115, 119, 121, 130, 135, 139, 148, 150, 153, 154, 155, 158, 168, 169, 171, 173, 178, 181, 184, 190, 191, 192, 195, 199, 200, 202, 203, 205, 208, 212, 217, 219, 220, 225, 226, 228, 233, 235, 240, 243, 248, 255, 256, 257, 259, 262, 264, 266, 267, 268, 273, 275, 278, 281, 282, 289, 290, 291, 293, 295, 306, 311, 315, 317, 318, 322, 332, 335, 342, 343, 344, 346, 347, 352, 359, 367, 368, 370, 375, 377, 378, 379, 381, 387, 390, 393, 400]
x_320: [1, 4, 9, 12, 17, 18, 21, 25, 26, 31, 34, 38, 39, 41, 44, 45, 49, 53, 54, 61, 62, 63, 65, 68, 69, 71, 72, 73, 74, 78, 85, 86, 89, 92, 94, 108, 111, 115, 117, 119, 121, 122, 129, 146, 150, 152, 153, 156, 158, 161, 163, 168, 171, 176, 177, 179, 181, 185, 190, 191, 192, 196, 199, 202, 206, 210, 211, 215, 217, 226, 228, 230, 232, 235, 240, 248, 249, 252, 260, 262, 263, 266, 270, 289, 290, 295, 300, 315, 317, 318, 321, 322, 330, 335, 337, 338, 341, 346, 347, 352, 354, 356, 358, 360, 362, 367, 372, 377, 378, 379, 380, 381, 383, 387, 392, 395, 396, 397]
x_321: [2, 6, 7, 11, 13, 14, 20, 22, 23, 24, 29, 32, 33, 43, 46, 48, 50, 51, 52, 53, 55, 57, 58, 59, 63, 70, 76, 79, 81, 82, 83, 87, 93, 95, 96, 98, 102, 125, 127, 128, 131, 134, 137, 140, 141, 143, 149, 151, 152, 159, 165, 167, 169, 174, 187, 189, 191, 193, 198, 200, 207, 214, 223, 227, 234, 244, 246, 248, 251, 253, 261, 269, 274, 282, 285, 288, 292, 294, 297, 298, 302, 303, 308, 309, 310, 311, 320, 323, 324, 326, 333, 336, 340, 344, 348, 350, 353, 355, 360, 363, 364, 366, 373, 382, 386, 394, 397, 400]
x_322: [8, 11, 15, 16, 17, 20, 22, 25, 32, 36, 41, 42, 45, 46, 48, 52, 57, 60, 64, 70, 77, 79, 82, 84, 87, 92, 93, 97, 99, 100, 102, 104, 107, 113, 123, 125, 127, 132, 133, 134, 138, 141, 144, 149, 152, 159, 163, 164, 165, 166, 172, 174, 175, 178, 180, 182, 183, 185, 187, 189, 197, 199, 201, 204, 207, 213, 214, 221, 222, 224, 227, 229, 231, 237, 244, 247, 250, 258, 260, 261, 265, 274, 276, 280, 287, 288, 290, 294, 297, 298, 299, 301, 302, 304, 305, 307, 313, 319, 320, 323, 324, 326, 327, 328, 331, 332, 336, 340, 344, 345, 346, 349, 351, 353, 357, 363, 364, 365, 373, 382, 388, 389, 391, 398]
x_323: [1, 10, 18, 21, 25, 26, 27, 31, 34, 37, 38, 44, 47, 54, 61, 62, 63, 65, 67, 69, 73, 74, 75, 83, 85, 88, 89, 94, 106, 108, 111, 121, 124, 126, 140, 145, 146, 148, 150, 155, 156, 158, 161, 166, 171, 173, 177, 179, 180, 181, 184, 190, 191, 192, 195, 196, 203, 209, 211, 215, 216, 217, 219, 220, 225, 226, 228, 229, 230, 232, 233, 235, 236, 241, 242, 248, 252, 254, 255, 257, 263, 267, 270, 273, 275, 279, 282, 285, 289, 290, 300, 315, 317, 318, 321, 322, 325, 328, 329, 331, 334, 336, 337, 339, 342, 343, 347, 352, 354, 355, 356, 358, 360, 361, 362, 365, 367, 368, 371, 375, 376, 378, 379, 380, 383, 384, 387, 390, 393, 396, 399, 400]
x_324: [8, 10, 16, 18, 20, 25, 26, 27, 30, 31, 34, 39, 44, 53, 54, 61, 66, 68, 71, 72, 78, 85, 86, 89, 97, 101, 103, 106, 108, 110, 115, 119, 121, 122, 124, 126, 135, 139, 141, 145, 148, 150, 153, 154, 155, 160, 161, 164, 168, 171, 173, 174, 176, 181, 184, 192, 196, 199, 200, 203, 208, 209, 211, 212, 216, 217, 220, 221, 225, 226, 228, 230, 235, 240, 241, 242, 249, 255, 256, 259, 262, 263, 266, 268, 270, 271, 273, 275, 278, 281, 289, 290, 295, 306, 311, 314, 315, 317, 321, 322, 325, 329, 339, 341, 346, 352, 354, 356, 360, 368, 370, 372, 375, 376, 378, 380, 385, 390, 392, 399]
x_325: [1, 2, 3, 7, 14, 16, 19, 20, 29, 32, 33, 38, 42, 43, 46, 48, 49, 58, 59, 60, 64, 70, 72, 79, 81, 87, 92, 95, 99, 100, 102, 107, 114, 118, 119, 120, 123, 125, 127, 128, 132, 133, 137, 138, 140, 141, 143, 144, 149, 151, 152, 159, 164, 165, 166, 169, 170, 174, 178, 182, 187, 188, 193, 197, 201, 203, 214, 221, 222, 223, 227, 229, 231, 234, 237, 238, 239, 244, 247, 251, 252, 253, 255, 258, 260, 265, 274, 276, 287, 291, 292, 293, 294, 296, 297, 298, 299, 300, 303, 304, 305, 308, 309, 310, 312, 323, 324, 327, 332, 333, 340, 344, 345, 350, 353, 355, 363, 365, 366, 369, 373, 382, 388, 389, 394, 398]
x_326: [12, 17, 18, 21, 27, 28, 29, 30, 31, 34, 38, 47, 52, 53, 54, 61, 62, 63, 65, 67, 69, 71, 73, 74, 78, 89, 94, 95, 101, 103, 110, 118, 121, 126, 129, 135, 139, 142, 147, 148, 150, 153, 154, 156, 160, 161, 165, 168, 176, 180, 181, 191, 192, 194, 196, 205, 206, 208, 210, 211, 212, 215, 219, 230, 232, 235, 240, 241, 242, 244, 248, 252, 255, 256, 257, 259, 262, 263, 264, 267, 270, 273, 275, 278, 279, 281, 282, 288, 289, 290, 295, 300, 314, 316, 317, 318, 321, 322, 328, 330, 333, 334, 335, 338, 339, 341, 343, 347, 354, 356, 358, 359, 361, 362, 363, 367, 368, 370, 372, 376, 377, 378, 379, 385, 387, 392, 393, 399, 400]
x_327: [1, 4, 5, 10, 12, 17, 21, 25, 27, 28, 30, 31, 32, 44, 49, 53, 54, 58, 61, 62, 67, 74, 75, 84, 86, 88, 94, 101, 103, 106, 108, 110, 119, 129, 130, 135, 138, 145, 146, 150, 154, 155, 156, 160, 168, 177, 179, 180, 181, 182, 190, 191, 196, 199, 200, 202, 203, 206, 208, 209, 210, 211, 212, 215, 218, 220, 225, 226, 230, 235, 240, 241, 242, 243, 249, 255, 256, 257, 259, 263, 266, 273, 275, 277, 279, 281, 284, 289, 290, 300, 305, 315, 317, 318, 322, 325, 329, 330, 331, 334, 335, 339, 346, 347, 352, 353, 354, 356, 358, 359, 360, 362, 368, 370, 372, 376, 379, 382, 385, 387, 390, 391, 395, 399, 400]
x_328: [2, 3, 6, 7, 11, 13, 14, 17, 22, 24, 25, 36, 40, 42, 43, 50, 52, 58, 59, 64, 76, 79, 83, 84, 91, 93, 95, 97, 98, 99, 107, 112, 113, 116, 118, 120, 127, 128, 131, 134, 137, 138, 141, 143, 149, 152, 157, 159, 165, 166, 174, 175, 178, 180, 186, 188, 193, 198, 199, 201, 222, 223, 224, 229, 238, 239, 244, 245, 247, 250, 253, 258, 260, 261, 265, 269, 272, 276, 280, 285, 288, 290, 292, 293, 294, 296, 298, 299, 301, 303, 304, 309, 313, 322, 323, 326, 331, 345, 346, 349, 351, 353, 355, 357, 363, 364, 366, 374, 384, 386, 388, 391, 398]
x_329: [6, 7, 8, 11, 13, 14, 15, 16, 23, 24, 32, 33, 36, 40, 41, 42, 43, 45, 46, 48, 50, 52, 55, 57, 58, 59, 65, 77, 79, 80, 82, 83, 93, 96, 99, 106, 107, 112, 113, 114, 116, 125, 127, 128, 134, 138, 140, 143, 149, 152, 157, 163, 165, 167, 169, 172, 174, 177, 182, 183, 185, 186, 193, 194, 198, 204, 222, 223, 224, 229, 234, 237, 245, 247, 250, 251, 258, 260, 261, 265, 271, 272, 275, 277, 279, 280, 283, 284, 286, 287, 291, 293, 296, 299, 301, 302, 303, 304, 305, 313, 323, 324, 327, 333, 336, 340, 344, 345, 348, 350, 351, 353, 355, 363, 364, 365, 366, 369, 370, 384, 386, 388, 392]
x_330: [3, 6, 7, 8, 13, 14, 20, 22, 32, 33, 40, 41, 43, 50, 52, 55, 56, 57, 58, 59, 60, 61, 64, 68, 70, 81, 91, 92, 93, 99, 100, 102, 104, 116, 117, 118, 120, 127, 131, 132, 133, 136, 137, 140, 141, 143, 151, 152, 157, 158, 163, 165, 166, 167, 169, 178, 182, 183, 185, 186, 189, 193, 211, 221, 222, 224, 227, 237, 238, 245, 247, 250, 258, 261, 264, 265, 268, 269, 271, 272, 274, 276, 280, 283, 284, 285, 286, 289, 291, 293, 296, 299, 302, 303, 305, 308, 309, 310, 313, 318, 320, 326, 327, 332, 336, 341, 345, 348, 353, 357, 363, 364, 365, 369, 384, 391, 398]
x_331: [2, 3, 6, 16, 17, 19, 22, 24, 25, 35, 36, 40, 42, 43, 45, 46, 50, 51, 52, 55, 56, 58, 59, 64, 70, 79, 80, 81, 82, 83, 84, 91, 93, 96, 97, 100, 102, 107, 114, 117, 123, 128, 131, 132, 136, 137, 138, 140, 143, 149, 151, 152, 157, 159, 163, 164, 165, 167, 169, 170, 172, 174, 175, 178, 180, 183, 187, 188, 189, 193, 198, 199, 201, 204, 207, 214, 221, 234, 237, 238, 245, 246, 250, 253, 265, 274, 280, 283, 285, 286, 287, 288, 290, 291, 293, 294, 296, 297, 299, 302, 303, 304, 305, 308, 309, 312, 322, 323, 327, 328, 332, 333, 340, 346, 348, 349, 351, 357, 364, 382, 384, 388, 391, 394, 397]
x_332: [4, 5, 7, 9, 10, 12, 17, 23, 25, 26, 27, 28, 30, 40, 47, 49, 61, 62, 63, 65, 68, 69, 72, 73, 75, 78, 84, 85, 86, 88, 90, 94, 101, 105, 106, 109, 110, 115, 119, 121, 122, 135, 139, 142, 145, 148, 153, 154, 156, 158, 169, 171, 173, 177, 178, 179, 180, 190, 192, 195, 200, 202, 205, 206, 208, 209, 210, 212, 216, 217, 236, 240, 243, 248, 254, 256, 257, 259, 262, 263, 264, 266, 270, 273, 277, 279, 282, 290, 291, 293, 295, 300, 306, 311, 315, 319, 322, 325, 330, 331, 334, 335, 337, 338, 339, 342, 344, 346, 347, 352, 358, 360, 361, 367, 368, 370, 372, 375, 377, 379, 380, 381, 387, 390, 392, 395, 399, 400]
x_333: [1, 4, 5, 10, 17, 26, 28, 29, 30, 31, 34, 38, 39, 44, 52, 54, 62, 63, 65, 66, 68, 69, 72, 78, 84, 86, 94, 95, 108, 110, 111, 118, 121, 124, 130, 142, 145, 147, 153, 154, 156, 160, 161, 165, 168, 173, 177, 179, 180, 181, 184, 191, 194, 195, 199, 200, 203, 205, 206, 210, 211, 216, 220, 228, 230, 235, 236, 241, 242, 244, 248, 249, 255, 256, 259, 263, 266, 268, 270, 282, 288, 289, 290, 295, 315, 316, 317, 321, 325, 326, 329, 331, 334, 335, 337, 338, 347, 352, 354, 356, 359, 360, 361, 362, 363, 367, 370, 377, 379, 380, 381, 387, 390, 392, 393, 395, 396, 399, 400]
x_334: [2, 3, 6, 7, 11, 15, 20, 22, 24, 35, 36, 40, 43, 46, 48, 50, 56, 58, 60, 67, 70, 73, 77, 80, 82, 83, 85, 87, 92, 93, 95, 97, 100, 102, 107, 112, 114, 118, 125, 127, 131, 132, 133, 134, 136, 140, 143, 145, 149, 151, 155, 159, 163, 164, 165, 166, 167, 169, 170, 172, 175, 178, 183, 186, 187, 188, 189, 197, 204, 214, 221, 222, 229, 231, 234, 237, 241, 245, 246, 247, 253, 258, 260, 265, 266, 271, 272, 274, 276, 280, 284, 285, 286, 287, 292, 293, 296, 299, 301, 302, 304, 305, 308, 313, 323, 326, 327, 332, 333, 345, 349, 350, 351, 352, 355, 357, 364, 366, 373, 376, 389, 391, 397, 398]
x_335: [6, 8, 11, 13, 14, 15, 19, 20, 22, 23, 24, 29, 32, 33, 36, 40, 41, 43, 45, 46, 48, 51, 55, 56, 57, 58, 59, 60, 70, 75, 76, 79, 81, 83, 87, 94, 95, 96, 97, 100, 102, 107, 112, 114, 115, 118, 120, 123, 125, 126, 127, 131, 132, 134, 138, 141, 143, 149, 151, 152, 157, 159, 162, 165, 172, 174, 175, 178, 182, 183, 185, 187, 193, 197, 204, 208, 213, 214, 221, 223, 227, 231, 234, 239, 242, 244, 246, 247, 251, 253, 258, 262, 272, 274, 283, 285, 286, 291, 293, 294, 296, 297, 298, 301, 302, 304, 305, 307, 308, 309, 313, 319, 320, 326, 327, 332, 333, 336, 337, 344, 345, 348, 349, 355, 365, 366, 373, 386, 387, 388, 391]
x_336: [10, 18, 25, 27, 30, 39, 47, 54, 62, 65, 66, 67, 68, 72, 73, 78, 83, 85, 86, 89, 90, 103, 105, 108, 109, 110, 115, 119, 121, 126, 130, 140, 145, 148, 150, 153, 154, 155, 156, 158, 166, 177, 180, 184, 191, 192, 199, 200, 202, 203, 205, 208, 209, 210, 211, 212, 219, 229, 233, 235, 241, 242, 243, 249, 252, 257, 262, 263, 264, 268, 278, 279, 281, 285, 290, 295, 306, 311, 315, 321, 322, 323, 329, 330, 335, 337, 339, 341, 343, 346, 347, 354, 355, 356, 361, 365, 367, 368, 370, 372, 376, 378, 383, 384, 385, 387, 390, 392, 393, 395, 396, 399, 400]
x_337: [7, 11, 13, 14, 15, 16, 19, 24, 32, 33, 35, 41, 42, 46, 50, 51, 55, 56, 60, 70, 75, 76, 79, 81, 82, 83, 87, 91, 94, 95, 97, 100, 102, 104, 113, 114, 115, 116, 117, 118, 123, 126, 132, 133, 134, 136, 137, 138, 141, 143, 144, 149, 151, 152, 159, 162, 164, 166, 172, 174, 175, 182, 185, 186, 187, 188, 189, 193, 197, 201, 208, 213, 214, 221, 222, 224, 227, 231, 237, 239, 242, 244, 245, 247, 250, 251, 253, 260, 261, 262, 265, 269, 271, 280, 283, 284, 285, 286, 288, 291, 292, 293, 294, 296, 298, 301, 302, 303, 304, 305, 312, 313, 320, 323, 332, 333, 335, 336, 340, 344, 349, 350, 351, 353, 355, 357, 363, 369, 382, 384, 386, 387, 389]
x_338: [2, 3, 8, 13, 14, 19, 20, 24, 29, 32, 33, 35, 36, 40, 45, 55, 56, 57, 58, 59, 64, 70, 79, 81, 83, 89, 91, 92, 93, 96, 100, 102, 104, 107, 111, 113, 114, 116, 117, 118, 120, 128, 134, 136, 140, 141, 143, 144, 148, 149, 151, 152, 153, 159, 165, 167, 169, 172, 174, 175, 178, 182, 186, 193, 197, 198, 202, 207, 213, 214, 222, 223, 227, 237, 238, 239, 244, 245, 246, 247, 250, 251, 253, 258, 261, 265, 269, 272, 283, 284, 285, 287, 288, 292, 293, 295, 296, 297, 299, 302, 303, 304, 308, 309, 310, 313, 315, 316, 320, 326, 332, 333, 345, 350, 355, 366, 368, 369, 373, 374, 382, 384, 388, 391, 398]
x_339: [2, 7, 8, 11, 13, 14, 15, 16, 19, 20, 22, 23, 29, 32, 34, 36, 37, 40, 41, 43, 45, 48, 50, 52, 56, 58, 59, 64, 70, 77, 79, 81, 91, 92, 93, 96, 97, 98, 104, 110, 113, 116, 118, 120, 123, 127, 128, 131, 140, 141, 143, 149, 151, 152, 157, 159, 162, 166, 168, 169, 170, 172, 174, 175, 178, 182, 186, 189, 198, 204, 210, 213, 214, 221, 223, 224, 227, 228, 231, 237, 246, 250, 251, 261, 273, 274, 276, 281, 284, 285, 286, 287, 288, 291, 297, 299, 302, 303, 304, 323, 324, 326, 327, 332, 336, 340, 344, 345, 348, 350, 363, 365, 373, 374, 381, 384, 388, 394, 398]
x_340: [1, 4, 5, 9, 17, 30, 31, 37, 38, 49, 51, 54, 59, 61, 66, 67, 68, 73, 84, 85, 86, 89, 101, 102, 105, 106, 109, 110, 111, 115, 119, 124, 129, 130, 135, 145, 146, 153, 154, 160, 161, 162, 168, 171, 176, 181, 184, 191, 192, 194, 196, 201, 208, 209, 210, 211, 212, 213, 215, 216, 218, 220, 225, 228, 232, 235, 236, 239, 240, 242, 245, 248, 249, 252, 255, 256, 257, 266, 267, 273, 275, 278, 282, 289, 290, 295, 300, 303, 306, 311, 314, 321, 322, 325, 329, 331, 337, 339, 341, 342, 343, 352, 354, 356, 358, 361, 362, 367, 368, 371, 372, 375, 376, 379, 381, 387, 390, 392, 393, 395, 399, 400]
x_341: [2, 7, 11, 13, 15, 16, 19, 22, 23, 24, 29, 33, 36, 40, 42, 43, 50, 55, 61, 64, 68, 70, 76, 77, 79, 80, 82, 87, 91, 93, 95, 98, 99, 100, 112, 116, 117, 118, 125, 127, 128, 131, 132, 133, 136, 138, 141, 151, 158, 162, 163, 164, 165, 166, 167, 174, 175, 178, 185, 187, 188, 193, 198, 207, 211, 213, 223, 227, 229, 238, 239, 245, 246, 247, 250, 251, 253, 260, 264, 265, 268, 271, 276, 280, 284, 285, 287, 288, 289, 291, 292, 293, 294, 297, 299, 301, 304, 308, 309, 310, 318, 320, 324, 326, 330, 336, 340, 344, 345, 348, 349, 353, 355, 363, 366, 373, 374, 386, 388, 397, 398]
x_342: [2, 4, 6, 12, 13, 14, 15, 20, 24, 29, 32, 33, 42, 46, 48, 52, 55, 56, 58, 59, 60, 70, 76, 77, 78, 79, 80, 81, 83, 87, 88, 90, 91, 92, 93, 96, 99, 102, 104, 108, 114, 116, 118, 120, 123, 124, 127, 128, 131, 138, 140, 143, 151, 157, 159, 160, 163, 165, 166, 167, 169, 178, 182, 183, 187, 189, 201, 204, 213, 221, 223, 224, 229, 237, 238, 244, 247, 251, 258, 259, 260, 261, 265, 269, 272, 274, 283, 284, 285, 287, 293, 296, 298, 299, 303, 304, 307, 310, 312, 313, 319, 323, 332, 340, 344, 345, 348, 349, 350, 351, 353, 357, 363, 366, 369, 382, 388, 389, 391, 397, 398]
x_343: [2, 3, 6, 7, 15, 23, 24, 29, 31, 32, 35, 36, 41, 42, 43, 48, 52, 59, 60, 62, 64, 76, 77, 79, 82, 83, 87, 92, 93, 95, 98, 99, 100, 101, 102, 107, 112, 113, 114, 116, 117, 118, 120, 123, 125, 128, 133, 137, 139, 140, 142, 143, 144, 157, 161, 164, 165, 172, 182, 183, 184, 185, 188, 189, 193, 198, 207, 212, 213, 214, 222, 223, 227, 238, 239, 244, 245, 253, 261, 265, 280, 284, 285, 286, 288, 297, 299, 301, 303, 309, 310, 312, 313, 319, 323, 326, 336, 340, 349, 350, 351, 353, 355, 357, 363, 364, 373, 374, 384, 386, 389, 396, 398]
x_344: [7, 10, 18, 21, 23, 25, 26, 28, 31, 37, 38, 39, 40, 47, 53, 54, 61, 62, 65, 67, 68, 74, 85, 88, 101, 105, 111, 119, 122, 126, 129, 130, 146, 147, 150, 153, 154, 155, 158, 160, 161, 168, 169, 171, 173, 178, 179, 184, 191, 194, 196, 200, 202, 203, 205, 208, 212, 215, 218, 232, 235, 236, 242, 243, 249, 254, 257, 263, 264, 266, 267, 270, 277, 279, 282, 289, 290, 291, 293, 314, 315, 316, 317, 319, 321, 322, 325, 329, 332, 335, 337, 339, 341, 342, 346, 347, 354, 360, 362, 367, 379, 380, 383, 385, 387, 390, 396, 399, 400]
x_345: [1, 4, 6, 9, 11, 12, 18, 26, 30, 31, 38, 39, 44, 54, 65, 67, 68, 69, 74, 75, 78, 80, 82, 85, 86, 89, 101, 103, 105, 108, 109, 120, 122, 129, 130, 135, 142, 145, 147, 148, 150, 156, 158, 160, 161, 167, 171, 173, 180, 191, 192, 194, 199, 200, 202, 203, 205, 206, 210, 211, 212, 215, 217, 218, 220, 228, 230, 235, 243, 249, 256, 264, 268, 270, 276, 277, 278, 281, 282, 290, 295, 299, 311, 314, 316, 322, 325, 328, 329, 330, 334, 335, 338, 339, 341, 342, 346, 347, 351, 352, 358, 359, 362, 367, 370, 371, 375, 376, 377, 378, 380, 383, 390, 393, 395, 396, 399]
x_346: [2, 6, 8, 11, 13, 15, 16, 17, 23, 24, 25, 32, 35, 36, 40, 45, 46, 51, 52, 55, 56, 58, 59, 64, 70, 80, 81, 82, 83, 84, 87, 95, 96, 97, 98, 99, 102, 104, 107, 114, 117, 118, 125, 132, 140, 141, 143, 144, 149, 151, 152, 163, 164, 165, 166, 169, 170, 175, 180, 182, 183, 185, 193, 197, 198, 199, 201, 207, 214, 221, 223, 224, 227, 231, 234, 237, 238, 239, 247, 253, 260, 269, 274, 276, 283, 284, 285, 290, 291, 298, 299, 301, 302, 303, 305, 307, 309, 310, 319, 320, 322, 324, 327, 328, 331, 332, 336, 344, 345, 357, 363, 365, 369, 374, 384, 389, 398]
x_347: [2, 6, 7, 9, 13, 19, 32, 36, 42, 43, 50, 56, 59, 64, 70, 76, 77, 79, 83, 91, 95, 97, 98, 112, 116, 117, 120, 131, 134, 136, 137, 141, 143, 144, 149, 150, 151, 152, 157, 159, 162, 164, 167, 169, 172, 174, 182, 185, 187, 188, 189, 190, 192, 204, 213, 216, 221, 222, 223, 224, 229, 231, 234, 237, 239, 244, 245, 247, 250, 261, 265, 269, 284, 285, 291, 292, 293, 296, 297, 299, 301, 302, 303, 310, 317, 319, 320, 323, 326, 327, 332, 333, 336, 344, 345, 349, 350, 351, 353, 366, 367, 369, 374, 382, 386, 388, 389, 390, 391, 393, 394, 398]
x_348: [1, 5, 17, 25, 26, 27, 28, 30, 34, 36, 37, 39, 43, 44, 47, 49, 57, 62, 68, 69, 73, 74, 75, 76, 84, 85, 86, 88, 89, 90, 94, 99, 105, 108, 109, 119, 122, 124, 126, 129, 133, 135, 142, 145, 147, 148, 156, 181, 184, 190, 194, 196, 199, 203, 208, 209, 211, 212, 215, 216, 220, 222, 226, 228, 230, 233, 236, 240, 241, 242, 243, 249, 259, 263, 267, 270, 278, 279, 281, 286, 300, 311, 314, 315, 316, 321, 329, 330, 331, 335, 339, 341, 342, 356, 360, 361, 362, 366, 367, 378, 381, 383, 385, 392, 393, 400]
x_349: [5, 12, 18, 31, 37, 49, 50, 53, 61, 63, 65, 66, 67, 69, 84, 85, 86, 87, 89, 94, 101, 105, 109, 110, 119, 122, 124, 135, 139, 146, 147, 150, 153, 154, 156, 160, 161, 171, 173, 176, 179, 180, 181, 184, 189, 191, 192, 195, 196, 203, 204, 205, 208, 209, 210, 211, 217, 218, 219, 225, 230, 233, 235, 241, 242, 247, 249, 252, 254, 256, 257, 259, 262, 263, 267, 274, 275, 278, 282, 290, 296, 302, 311, 317, 318, 322, 328, 331, 334, 335, 337, 341, 342, 343, 347, 352, 354, 356, 358, 364, 367, 368, 371, 375, 378, 379, 383, 385, 387, 392, 393]
x_350: [1, 4, 9, 10, 12, 13, 21, 25, 27, 28, 30, 31, 37, 39, 44, 47, 49, 53, 61, 62, 63, 65, 67, 68, 74, 78, 85, 88, 90, 94, 101, 108, 109, 110, 111, 115, 116, 129, 135, 136, 137, 139, 145, 146, 147, 151, 153, 154, 155, 156, 160, 161, 177, 179, 180, 184, 187, 190, 191, 193, 195, 196, 199, 202, 203, 206, 209, 216, 217, 219, 220, 226, 228, 232, 233, 235, 236, 240, 242, 243, 252, 255, 257, 259, 262, 264, 266, 273, 277, 279, 282, 289, 306, 307, 313, 314, 315, 316, 318, 321, 325, 329, 334, 337, 338, 339, 342, 343, 347, 356, 359, 362, 367, 371, 372, 376, 378, 379, 380, 381, 385, 387, 390, 393, 396]
x_351: [4, 6, 10, 11, 21, 25, 27, 28, 30, 34, 39, 44, 53, 54, 61, 66, 67, 68, 72, 73, 78, 80, 82, 85, 86, 88, 89, 90, 94, 101, 103, 108, 119, 120, 121, 124, 126, 129, 142, 145, 147, 148, 150, 153, 158, 160, 167, 168, 171, 181, 184, 190, 192, 194, 200, 203, 209, 210, 211, 212, 215, 216, 217, 218, 219, 228, 232, 233, 241, 242, 243, 248, 249, 252, 254, 268, 270, 276, 282, 289, 290, 299, 300, 306, 314, 315, 317, 322, 328, 329, 331, 334, 337, 342, 343, 345, 347, 354, 356, 358, 359, 360, 367, 371, 372, 377, 378, 379, 380, 390, 393, 396]
x_352: [3, 6, 11, 15, 16, 20, 22, 23, 24, 29, 32, 33, 36, 40, 46, 48, 50, 52, 57, 58, 59, 67, 70, 73, 76, 77, 79, 80, 83, 85, 87, 91, 93, 97, 98, 100, 112, 113, 114, 116, 117, 120, 125, 128, 131, 132, 134, 137, 141, 143, 145, 149, 152, 155, 157, 164, 166, 167, 172, 175, 178, 183, 186, 187, 188, 189, 197, 207, 213, 214, 222, 223, 224, 229, 234, 238, 241, 245, 246, 251, 258, 260, 261, 266, 280, 283, 284, 285, 286, 291, 292, 298, 299, 302, 308, 310, 312, 319, 320, 323, 324, 327, 332, 333, 334, 340, 345, 349, 353, 355, 363, 364, 365, 369, 373, 374, 376, 382, 384, 386, 388, 389, 398]
x_353: [9, 17, 18, 21, 25, 28, 31, 32, 37, 39, 49, 53, 58, 61, 62, 63, 65, 68, 69, 71, 72, 75, 84, 85, 89, 103, 105, 108, 109, 110, 121, 122, 124, 126, 129, 135, 138, 142, 145, 146, 147, 148, 150, 154, 156, 158, 161, 168, 171, 176, 179, 180, 182, 184, 190, 192, 194, 195, 196, 199, 203, 206, 208, 209, 212, 215, 218, 219, 220, 225, 226, 228, 236, 243, 248, 249, 252, 255, 257, 259, 264, 268, 273, 275, 277, 279, 281, 282, 284, 289, 290, 295, 300, 305, 311, 314, 315, 317, 318, 321, 322, 325, 327, 328, 329, 330, 337, 341, 342, 343, 347, 352, 354, 356, 358, 359, 360, 361, 368, 370, 379, 380, 381, 382, 383, 385, 391, 393, 395, 396, 400]
x_354: [3, 8, 11, 13, 15, 16, 19, 22, 23, 24, 29, 32, 36, 42, 46, 48, 50, 51, 52, 55, 56, 57, 58, 70, 76, 77, 83, 92, 95, 96, 99, 100, 102, 117, 118, 120, 123, 127, 128, 132, 133, 136, 137, 140, 141, 143, 152, 165, 166, 167, 169, 170, 172, 174, 176, 182, 183, 185, 188, 195, 196, 198, 204, 209, 214, 215, 223, 224, 225, 229, 231, 234, 238, 239, 246, 250, 251, 261, 265, 269, 271, 274, 276, 280, 284, 285, 287, 291, 293, 294, 296, 298, 299, 303, 304, 308, 310, 320, 323, 324, 326, 327, 333, 336, 340, 344, 349, 351, 353, 355, 357, 363, 369, 372, 375, 378, 384, 388, 389, 391, 394]
x_355: [1, 4, 9, 10, 17, 18, 21, 25, 28, 39, 44, 47, 49, 61, 66, 67, 72, 73, 75, 78, 83, 85, 88, 89, 90, 94, 101, 103, 105, 106, 108, 109, 119, 122, 124, 129, 130, 140, 142, 145, 146, 148, 153, 154, 155, 156, 158, 166, 168, 171, 173, 179, 180, 181, 190, 192, 195, 196, 200, 202, 203, 208, 209, 210, 211, 212, 215, 216, 217, 219, 228, 229, 232, 233, 235, 236, 240, 243, 249, 252, 255, 256, 257, 259, 263, 264, 268, 270, 273, 278, 279, 281, 285, 289, 290, 300, 315, 316, 317, 321, 323, 325, 328, 329, 334, 335, 336, 337, 338, 341, 343, 352, 354, 356, 358, 359, 362, 365, 367, 370, 372, 376, 377, 379, 380, 381, 383, 384, 385, 387, 390, 392]
x_356: [2, 6, 7, 8, 13, 15, 29, 32, 35, 39, 40, 41, 45, 47, 48, 50, 51, 57, 60, 71, 74, 77, 79, 80, 82, 83, 87, 92, 96, 97, 98, 99, 100, 104, 113, 123, 125, 127, 130, 131, 132, 134, 136, 137, 138, 140, 141, 143, 144, 151, 154, 156, 157, 162, 163, 169, 170, 172, 174, 175, 182, 183, 185, 186, 187, 188, 204, 205, 213, 224, 227, 230, 234, 238, 239, 251, 258, 265, 269, 271, 274, 276, 280, 283, 286, 287, 292, 293, 297, 299, 301, 302, 303, 305, 309, 310, 320, 323, 324, 326, 327, 333, 336, 340, 348, 349, 350, 351, 353, 355, 366, 374, 382, 384, 389, 398]
x_357: [1, 4, 9, 12, 27, 28, 34, 37, 38, 39, 42, 44, 53, 60, 61, 64, 67, 71, 72, 77, 78, 79, 86, 88, 94, 101, 103, 106, 108, 109, 110, 122, 129, 130, 135, 142, 145, 146, 147, 148, 150, 153, 154, 155, 156, 157, 158, 176, 177, 180, 181, 190, 191, 192, 194, 199, 200, 205, 206, 208, 209, 212, 215, 217, 218, 219, 220, 225, 226, 228, 231, 233, 236, 238, 240, 242, 248, 249, 254, 256, 257, 259, 262, 264, 266, 277, 282, 289, 300, 306, 311, 314, 316, 317, 318, 322, 328, 330, 331, 334, 337, 342, 343, 346, 354, 358, 359, 360, 361, 367, 368, 370, 371, 373, 376, 377, 379, 381, 385, 387, 390, 399, 400]
x_358: [2, 3, 6, 7, 8, 13, 14, 16, 22, 23, 29, 32, 35, 40, 41, 42, 48, 50, 51, 52, 55, 57, 58, 60, 70, 76, 77, 79, 80, 81, 82, 91, 93, 95, 96, 97, 102, 103, 104, 107, 112, 113, 114, 117, 118, 120, 123, 125, 131, 133, 134, 135, 138, 140, 141, 143, 144, 151, 152, 159, 162, 163, 165, 166, 167, 170, 171, 175, 186, 188, 189, 198, 201, 206, 213, 214, 221, 222, 227, 229, 234, 238, 239, 243, 244, 249, 250, 251, 253, 261, 265, 272, 274, 283, 284, 286, 291, 293, 294, 296, 297, 298, 299, 301, 302, 304, 305, 306, 307, 308, 309, 312, 314, 320, 323, 326, 327, 332, 340, 345, 349, 351, 353, 355, 357, 359, 364, 366, 369, 373, 384, 386, 388, 389, 394]
x_359: [2, 3, 6, 7, 11, 16, 20, 22, 24, 33, 35, 36, 40, 41, 43, 45, 50, 57, 58, 59, 60, 64, 70, 76, 79, 80, 82, 83, 87, 91, 95, 96, 98, 99, 102, 103, 104, 112, 118, 123, 125, 128, 132, 134, 135, 136, 137, 141, 143, 144, 149, 151, 159, 162, 163, 165, 166, 171, 172, 175, 182, 183, 185, 186, 187, 188, 189, 197, 204, 206, 221, 222, 223, 227, 229, 231, 234, 237, 238, 239, 243, 244, 247, 249, 251, 258, 260, 271, 274, 276, 280, 283, 285, 286, 287, 292, 293, 294, 297, 298, 299, 302, 303, 304, 305, 306, 307, 310, 312, 314, 319, 326, 327, 333, 345, 350, 351, 353, 355, 357, 358, 363, 364, 365, 366, 373, 382, 384, 386, 388, 389, 398]
x_360: [3, 6, 7, 13, 14, 15, 19, 20, 22, 23, 33, 35, 40, 41, 43, 48, 51, 53, 55, 56, 57, 58, 59, 60, 63, 64, 70, 79, 87, 91, 93, 99, 100, 102, 104, 107, 114, 116, 117, 118, 120, 123, 127, 128, 132, 137, 149, 151, 157, 165, 169, 174, 175, 178, 182, 183, 186, 191, 193, 197, 198, 200, 207, 213, 214, 221, 224, 231, 237, 238, 244, 246, 247, 248, 251, 261, 265, 269, 271, 274, 276, 282, 283, 286, 291, 293, 296, 299, 302, 305, 310, 311, 312, 320, 321, 323, 324, 327, 332, 333, 344, 348, 351, 353, 357, 363, 364, 365, 369, 373, 374, 382, 384, 389, 391, 397, 400]
x_361: [3, 8, 10, 11, 13, 15, 16, 24, 29, 35, 42, 43, 46, 48, 51, 52, 54, 55, 56, 58, 76, 77, 81, 82, 83, 87, 91, 92, 93, 97, 98, 99, 100, 102, 104, 112, 125, 127, 131, 132, 133, 134, 137, 140, 143, 146, 157, 162, 164, 166, 169, 170, 172, 173, 175, 179, 182, 183, 185, 186, 187, 193, 197, 198, 201, 207, 214, 217, 221, 227, 231, 234, 245, 251, 258, 260, 261, 267, 269, 272, 276, 283, 285, 286, 291, 294, 296, 297, 298, 301, 303, 304, 305, 307, 308, 309, 312, 313, 323, 326, 332, 333, 336, 340, 348, 353, 357, 363, 364, 365, 366, 374, 383, 384, 385, 391]
x_362: [2, 3, 6, 7, 8, 11, 13, 16, 18, 19, 22, 23, 26, 29, 32, 35, 36, 40, 41, 44, 48, 51, 55, 57, 58, 60, 70, 79, 80, 83, 92, 93, 97, 98, 99, 102, 104, 107, 113, 114, 123, 127, 128, 131, 133, 136, 137, 141, 143, 144, 151, 152, 157, 163, 165, 166, 169, 174, 175, 181, 182, 183, 186, 198, 204, 207, 213, 219, 220, 223, 224, 227, 237, 239, 240, 244, 245, 246, 247, 250, 251, 253, 272, 274, 276, 280, 288, 292, 297, 299, 303, 304, 305, 307, 308, 310, 312, 313, 320, 323, 326, 327, 333, 340, 344, 345, 348, 350, 355, 364, 365, 366, 369, 374, 377, 382, 384, 394, 397, 398, 399]
x_363: [4, 5, 10, 12, 17, 18, 25, 27, 28, 29, 31, 49, 52, 54, 61, 62, 63, 65, 66, 68, 72, 73, 78, 84, 86, 88, 89, 90, 94, 95, 101, 105, 106, 108, 109, 110, 115, 118, 119, 121, 122, 124, 126, 129, 130, 142, 146, 147, 150, 153, 155, 156, 160, 161, 165, 171, 173, 176, 179, 180, 181, 184, 190, 195, 196, 199, 203, 206, 208, 209, 210, 215, 217, 218, 220, 225, 230, 232, 233, 236, 241, 244, 252, 257, 266, 267, 268, 273, 275, 282, 288, 290, 295, 300, 311, 314, 318, 321, 322, 325, 326, 328, 329, 330, 333, 337, 339, 341, 342, 343, 346, 352, 354, 359, 360, 361, 367, 368, 371, 372, 376, 378, 379, 381, 383, 385, 390, 393, 395, 396, 399]
x_364: [4, 10, 17, 18, 25, 26, 27, 30, 31, 34, 37, 47, 49, 50, 61, 62, 63, 65, 66, 67, 69, 73, 75, 85, 86, 87, 88, 101, 103, 105, 106, 111, 115, 121, 130, 139, 142, 145, 146, 148, 150, 153, 155, 156, 168, 173, 177, 179, 184, 189, 190, 191, 194, 195, 199, 200, 204, 205, 208, 209, 210, 215, 216, 218, 219, 220, 225, 226, 228, 230, 232, 233, 235, 241, 242, 247, 248, 249, 252, 254, 255, 257, 263, 264, 266, 267, 270, 274, 281, 282, 289, 290, 296, 302, 306, 311, 316, 317, 318, 321, 322, 328, 329, 330, 331, 334, 343, 349, 352, 358, 359, 360, 361, 362, 367, 368, 370, 372, 375, 377, 378, 379, 380, 381, 385, 387, 390, 395, 399]
x_365: [5, 10, 12, 27, 28, 30, 34, 37, 44, 47, 49, 61, 62, 63, 65, 66, 67, 68, 69, 72, 73, 74, 75, 78, 83, 84, 86, 89, 90, 103, 105, 106, 108, 110, 115, 119, 121, 122, 126, 130, 139, 140, 142, 145, 146, 148, 153, 154, 158, 160, 161, 166, 171, 173, 177, 179, 190, 194, 195, 196, 199, 200, 202, 203, 206, 209, 215, 217, 218, 219, 225, 228, 229, 232, 235, 236, 249, 254, 256, 259, 262, 263, 267, 268, 270, 281, 282, 285, 311, 314, 315, 316, 317, 318, 322, 323, 325, 329, 330, 335, 336, 339, 346, 352, 355, 359, 360, 361, 362, 370, 371, 376, 377, 381, 383, 384, 387, 392, 393, 395, 399, 400]
x_366: [4, 10, 18, 21, 25, 27, 28, 34, 36, 38, 39, 43, 44, 54, 57, 61, 62, 66, 67, 73, 74, 76, 78, 84, 88, 99, 103, 105, 106, 108, 109, 110, 111, 121, 129, 130, 133, 139, 142, 148, 153, 155, 158, 160, 161, 171, 179, 180, 184, 190, 194, 195, 199, 200, 206, 208, 209, 215, 217, 219, 220, 222, 228, 230, 232, 235, 236, 240, 242, 243, 249, 252, 254, 257, 262, 264, 268, 270, 277, 279, 281, 282, 286, 295, 300, 306, 314, 317, 318, 321, 325, 328, 329, 334, 335, 338, 341, 342, 347, 348, 356, 358, 359, 361, 362, 368, 370, 372, 375, 376, 378, 380, 383, 385, 387, 392, 395, 396]
x_367: [3, 6, 7, 8, 9, 11, 15, 19, 20, 22, 23, 32, 36, 41, 43, 45, 48, 50, 51, 55, 57, 59, 60, 64, 76, 77, 79, 80, 81, 82, 83, 87, 91, 92, 93, 95, 98, 100, 113, 114, 117, 120, 123, 127, 128, 133, 136, 138, 143, 144, 149, 150, 151, 152, 157, 159, 163, 164, 169, 170, 172, 175, 178, 183, 185, 186, 188, 190, 192, 193, 197, 198, 201, 214, 216, 221, 222, 223, 224, 234, 237, 244, 246, 251, 253, 260, 269, 272, 274, 276, 280, 284, 286, 287, 294, 296, 298, 299, 302, 303, 304, 305, 308, 310, 317, 319, 320, 323, 326, 332, 333, 336, 340, 344, 345, 347, 348, 349, 350, 351, 355, 357, 363, 364, 369, 374, 384, 388, 389, 390, 391, 393, 394, 397]
x_368: [2, 3, 6, 8, 11, 14, 15, 16, 19, 22, 23, 24, 29, 32, 33, 36, 41, 42, 45, 48, 51, 55, 59, 60, 77, 82, 87, 89, 96, 97, 99, 104, 107, 111, 112, 114, 116, 117, 118, 123, 125, 131, 133, 136, 137, 143, 144, 148, 151, 153, 159, 165, 167, 169, 174, 175, 183, 185, 187, 188, 193, 202, 204, 207, 213, 214, 221, 222, 224, 227, 231, 238, 239, 245, 247, 251, 253, 258, 261, 269, 276, 284, 285, 286, 288, 295, 297, 299, 301, 303, 307, 308, 315, 316, 319, 323, 324, 326, 327, 332, 336, 338, 340, 349, 353, 357, 363, 364, 366, 369, 373, 374, 382, 384, 386, 391]
x_369: [1, 9, 17, 18, 21, 25, 27, 30, 31, 33, 34, 38, 39, 44, 47, 56, 61, 65, 67, 69, 71, 72, 73, 74, 84, 86, 89, 94, 105, 106, 109, 110, 114, 115, 122, 124, 126, 127, 129, 130, 139, 145, 150, 153, 154, 160, 173, 176, 180, 184, 191, 192, 194, 197, 199, 200, 203, 206, 208, 210, 214, 215, 216, 217, 220, 230, 232, 235, 236, 242, 249, 250, 252, 254, 262, 263, 264, 266, 268, 270, 273, 277, 278, 292, 300, 306, 311, 314, 315, 316, 325, 329, 330, 337, 338, 342, 346, 347, 352, 354, 358, 360, 362, 367, 368, 372, 375, 376, 377, 379, 383, 386, 390, 393, 399, 400]
x_370: [2, 6, 7, 8, 13, 14, 20, 24, 29, 35, 40, 41, 42, 43, 45, 46, 48, 51, 52, 57, 59, 60, 65, 76, 80, 82, 83, 87, 95, 96, 97, 102, 104, 106, 107, 113, 114, 116, 117, 120, 123, 125, 127, 128, 138, 140, 149, 159, 164, 165, 166, 169, 170, 177, 178, 182, 186, 187, 193, 194, 198, 204, 207, 214, 222, 223, 227, 229, 231, 237, 239, 244, 245, 251, 258, 260, 261, 272, 274, 275, 276, 277, 279, 280, 283, 286, 288, 294, 297, 299, 302, 303, 304, 305, 308, 309, 310, 312, 313, 319, 324, 326, 327, 329, 332, 333, 336, 345, 353, 355, 357, 364, 365, 366, 374, 382, 389, 391, 392, 397, 398]
x_371: [2, 3, 13, 14, 15, 19, 20, 27, 28, 32, 33, 40, 41, 42, 43, 46, 52, 55, 58, 60, 70, 80, 86, 87, 91, 95, 96, 97, 98, 99, 100, 104, 105, 109, 112, 113, 116, 117, 118, 120, 125, 127, 128, 132, 133, 134, 136, 137, 138, 141, 144, 149, 151, 159, 166, 167, 169, 170, 186, 187, 193, 197, 201, 207, 213, 221, 222, 223, 231, 232, 234, 237, 238, 239, 244, 251, 253, 260, 261, 263, 265, 269, 274, 283, 285, 286, 294, 296, 298, 299, 301, 303, 305, 307, 309, 312, 323, 340, 345, 349, 350, 351, 357, 363, 365, 379, 382, 384, 386, 389, 394, 395, 397]
x_372: [3, 8, 11, 13, 15, 20, 22, 24, 29, 40, 43, 45, 51, 57, 58, 64, 76, 77, 79, 83, 91, 92, 95, 96, 97, 99, 107, 112, 113, 117, 118, 120, 125, 127, 131, 132, 133, 134, 136, 137, 144, 149, 152, 157, 159, 163, 164, 165, 166, 170, 172, 174, 176, 178, 183, 185, 186, 187, 189, 195, 196, 201, 204, 209, 213, 214, 215, 221, 225, 227, 229, 231, 237, 244, 245, 246, 247, 251, 258, 260, 265, 272, 274, 283, 284, 291, 292, 294, 297, 298, 299, 301, 303, 305, 307, 308, 313, 320, 324, 326, 327, 332, 336, 340, 350, 351, 354, 355, 363, 364, 366, 369, 373, 374, 375, 378, 382, 384, 386, 388, 389, 391, 394, 397, 398]
x_373: [5, 12, 17, 21, 26, 31, 34, 42, 44, 47, 49, 54, 60, 61, 63, 64, 65, 67, 68, 69, 71, 77, 78, 79, 85, 86, 88, 89, 90, 101, 103, 109, 110, 111, 115, 119, 121, 122, 124, 129, 130, 135, 139, 142, 145, 146, 148, 150, 153, 157, 160, 181, 184, 190, 191, 192, 195, 199, 200, 209, 212, 215, 216, 217, 219, 225, 228, 230, 231, 232, 235, 238, 242, 254, 256, 257, 262, 263, 268, 270, 273, 275, 277, 278, 281, 282, 289, 290, 300, 306, 311, 316, 318, 321, 322, 325, 334, 335, 338, 339, 341, 343, 352, 357, 358, 359, 360, 368, 372, 375, 376, 377, 379, 380, 381, 383, 385, 387, 392, 393, 399]
x_374: [1, 4, 5, 9, 12, 17, 25, 26, 27, 34, 37, 44, 49, 53, 54, 61, 62, 65, 67, 68, 69, 70, 72, 73, 78, 90, 93, 101, 103, 105, 106, 108, 109, 110, 111, 119, 121, 122, 124, 135, 139, 142, 143, 145, 148, 150, 153, 154, 156, 176, 177, 190, 194, 196, 199, 200, 202, 205, 208, 210, 216, 219, 226, 232, 233, 236, 240, 241, 242, 243, 246, 248, 249, 252, 258, 262, 264, 266, 267, 268, 269, 270, 277, 281, 282, 283, 289, 290, 295, 298, 317, 318, 328, 338, 339, 341, 343, 346, 347, 352, 356, 360, 361, 362, 367, 368, 370, 372, 376, 377, 378, 379, 381, 385, 387, 390, 392, 393, 394, 395, 399, 400]
x_375: [22, 23, 24, 29, 32, 35, 41, 42, 43, 50, 55, 58, 59, 60, 64, 79, 80, 81, 92, 93, 95, 96, 99, 100, 104, 112, 114, 116, 118, 120, 127, 131, 133, 134, 136, 137, 138, 140, 141, 143, 144, 149, 157, 159, 162, 163, 164, 165, 166, 167, 169, 176, 182, 183, 185, 186, 187, 188, 193, 195, 196, 197, 198, 201, 207, 209, 215, 222, 223, 224, 225, 234, 238, 239, 244, 247, 253, 260, 265, 269, 274, 276, 283, 286, 291, 294, 297, 302, 303, 304, 305, 307, 309, 310, 312, 313, 319, 323, 324, 332, 340, 345, 349, 354, 364, 366, 369, 372, 373, 378, 382, 386, 388, 389, 397, 398]
x_376: [3, 6, 7, 15, 22, 29, 32, 35, 41, 42, 43, 45, 46, 48, 50, 51, 52, 55, 56, 57, 58, 64, 67, 70, 73, 76, 77, 79, 82, 85, 87, 91, 92, 93, 95, 97, 99, 100, 102, 104, 112, 113, 114, 116, 125, 128, 131, 133, 134, 136, 137, 138, 144, 145, 149, 151, 152, 155, 157, 163, 164, 165, 167, 172, 178, 182, 183, 187, 188, 189, 193, 197, 204, 207, 213, 214, 222, 223, 224, 229, 231, 234, 241, 244, 246, 247, 251, 253, 261, 265, 266, 271, 272, 276, 280, 283, 284, 286, 287, 288, 291, 293, 294, 296, 297, 299, 301, 303, 305, 307, 308, 309, 312, 313, 323, 324, 326, 327, 334, 336, 340, 345, 350, 352, 355, 357, 363, 365, 366, 369, 373, 374, 382, 384, 389, 391, 394, 397, 398]
x_377: [2, 3, 6, 8, 11, 13, 15, 16, 18, 20, 24, 26, 32, 33, 35, 41, 42, 43, 44, 45, 46, 50, 57, 77, 80, 81, 82, 87, 93, 97, 98, 100, 102, 104, 107, 112, 113, 114, 117, 123, 125, 127, 128, 131, 133, 134, 138, 141, 152, 159, 162, 163, 164, 165, 166, 167, 174, 181, 182, 183, 185, 188, 189, 193, 197, 198, 214, 219, 220, 223, 224, 227, 229, 234, 237, 238, 239, 240, 245, 246, 247, 253, 258, 260, 265, 274, 280, 284, 285, 286, 291, 292, 299, 301, 302, 303, 304, 305, 308, 309, 313, 319, 320, 326, 332, 333, 345, 351, 355, 357, 362, 364, 365, 369, 373, 374, 382, 388, 397, 399]
x_378: [3, 7, 8, 11, 13, 22, 24, 29, 32, 36, 40, 41, 42, 43, 46, 52, 55, 57, 59, 60, 81, 82, 83, 93, 97, 102, 107, 113, 114, 116, 118, 123, 127, 128, 131, 132, 133, 134, 137, 138, 140, 141, 162, 163, 164, 165, 167, 169, 174, 176, 178, 187, 189, 195, 196, 201, 209, 214, 215, 221, 223, 224, 225, 227, 229, 234, 237, 238, 244, 245, 250, 253, 260, 265, 269, 271, 274, 284, 286, 287, 288, 291, 293, 296, 297, 298, 303, 304, 305, 307, 309, 312, 319, 320, 323, 324, 326, 336, 345, 348, 349, 350, 351, 354, 363, 364, 366, 372, 374, 375, 384, 386, 388, 397]
x_379: [3, 7, 11, 14, 15, 16, 22, 23, 24, 27, 28, 32, 33, 40, 41, 42, 45, 46, 48, 50, 51, 52, 55, 60, 76, 81, 82, 86, 91, 92, 95, 96, 97, 98, 99, 100, 102, 104, 105, 107, 109, 112, 113, 116, 117, 118, 125, 136, 137, 140, 141, 143, 144, 151, 152, 157, 164, 166, 167, 170, 172, 174, 175, 178, 183, 185, 186, 187, 188, 189, 193, 197, 198, 201, 204, 207, 213, 221, 223, 224, 227, 229, 232, 239, 244, 247, 263, 271, 274, 283, 284, 285, 287, 292, 297, 301, 302, 303, 304, 308, 310, 312, 313, 319, 320, 323, 326, 327, 332, 333, 340, 344, 349, 350, 351, 353, 355, 357, 363, 364, 369, 371, 373, 374, 382, 384, 389, 394, 395]
x_380: [3, 6, 13, 19, 21, 22, 23, 29, 32, 33, 40, 41, 42, 43, 45, 48, 50, 51, 55, 56, 57, 59, 64, 69, 70, 79, 80, 81, 87, 93, 95, 96, 98, 102, 104, 107, 114, 116, 117, 123, 125, 127, 128, 129, 131, 134, 138, 140, 141, 144, 147, 149, 151, 152, 162, 163, 164, 165, 166, 167, 169, 170, 186, 187, 188, 197, 201, 222, 223, 224, 226, 227, 229, 233, 234, 235, 253, 254, 256, 258, 265, 269, 271, 274, 276, 286, 287, 291, 292, 296, 297, 299, 301, 302, 305, 308, 309, 320, 323, 324, 332, 333, 344, 345, 350, 351, 353, 355, 364, 366, 373, 382, 386, 389, 391, 394, 397, 398]
x_381: [2, 7, 8, 14, 15, 16, 19, 20, 22, 32, 34, 36, 37, 42, 43, 46, 48, 52, 56, 57, 59, 64, 77, 79, 80, 82, 87, 91, 93, 96, 98, 99, 100, 102, 110, 112, 113, 114, 116, 118, 120, 123, 125, 131, 134, 137, 138, 140, 144, 149, 152, 157, 163, 164, 165, 166, 167, 168, 169, 170, 172, 174, 175, 182, 185, 186, 187, 193, 197, 198, 201, 204, 207, 210, 213, 222, 223, 224, 227, 228, 238, 245, 246, 247, 265, 271, 273, 281, 284, 286, 288, 292, 298, 307, 310, 312, 313, 319, 320, 332, 333, 339, 340, 348, 350, 353, 355, 357, 363, 364, 365, 373, 374, 382, 388, 389, 391, 394, 397, 398]
x_382: [4, 9, 12, 18, 25, 28, 30, 32, 34, 38, 39, 47, 53, 54, 58, 66, 67, 68, 72, 73, 74, 75, 78, 88, 89, 101, 103, 105, 108, 111, 115, 126, 129, 135, 138, 145, 147, 150, 155, 156, 161, 179, 180, 181, 182, 191, 192, 194, 195, 196, 203, 209, 210, 211, 212, 215, 216, 217, 218, 219, 225, 226, 230, 232, 233, 240, 241, 243, 248, 252, 254, 256, 262, 263, 266, 267, 268, 277, 278, 279, 281, 282, 284, 290, 295, 300, 305, 311, 321, 322, 325, 327, 331, 337, 338, 342, 347, 352, 353, 356, 359, 360, 362, 368, 370, 371, 372, 375, 376, 377, 379, 380, 381, 383, 387, 391, 395, 396, 399, 400]
x_383: [6, 8, 10, 11, 13, 15, 19, 22, 23, 24, 29, 32, 33, 36, 42, 46, 48, 50, 51, 52, 54, 55, 56, 59, 64, 70, 76, 77, 80, 83, 92, 93, 97, 98, 99, 100, 102, 104, 112, 113, 116, 118, 120, 123, 125, 133, 134, 141, 144, 146, 151, 152, 159, 162, 163, 166, 169, 170, 173, 174, 175, 179, 182, 185, 186, 187, 188, 193, 197, 201, 204, 213, 217, 224, 227, 229, 239, 245, 246, 247, 260, 265, 267, 272, 274, 283, 284, 285, 286, 287, 288, 291, 292, 293, 298, 299, 301, 302, 303, 304, 305, 309, 310, 312, 320, 323, 336, 344, 345, 348, 349, 353, 355, 361, 363, 365, 366, 369, 373, 382, 384, 385, 386, 389, 391, 394, 398]
x_384: [4, 5, 9, 17, 26, 27, 30, 34, 37, 38, 39, 47, 49, 54, 62, 63, 66, 67, 68, 69, 71, 72, 78, 83, 85, 86, 90, 94, 101, 103, 106, 108, 110, 115, 119, 121, 122, 129, 139, 140, 142, 146, 148, 155, 158, 160, 161, 166, 176, 179, 180, 184, 190, 195, 199, 205, 206, 212, 216, 218, 220, 225, 226, 228, 229, 235, 236, 241, 242, 243, 249, 254, 256, 257, 259, 262, 263, 266, 267, 270, 275, 277, 282, 285, 316, 318, 323, 328, 329, 330, 331, 336, 337, 338, 339, 343, 346, 352, 354, 355, 356, 358, 359, 360, 361, 362, 365, 367, 368, 371, 372, 376, 378, 379, 383, 387, 392, 399]
x_385: [2, 3, 6, 7, 10, 11, 13, 15, 16, 19, 20, 22, 23, 24, 36, 42, 45, 50, 54, 58, 59, 70, 77, 80, 82, 87, 91, 92, 96, 98, 102, 107, 114, 116, 117, 120, 123, 125, 127, 136, 137, 138, 141, 144, 146, 149, 162, 172, 173, 179, 182, 186, 187, 188, 189, 193, 197, 207, 213, 217, 221, 222, 223, 227, 229, 231, 234, 246, 247, 250, 253, 260, 267, 269, 271, 272, 287, 288, 293, 294, 296, 297, 298, 301, 302, 307, 308, 309, 313, 324, 326, 327, 336, 344, 348, 349, 350, 353, 355, 357, 361, 363, 364, 366, 373, 374, 383, 388, 389, 391, 394, 398]
x_386: [1, 5, 9, 12, 17, 18, 21, 26, 31, 33, 34, 39, 44, 47, 49, 54, 56, 61, 62, 63, 65, 66, 67, 72, 73, 75, 85, 88, 89, 90, 94, 106, 108, 110, 111, 114, 115, 119, 121, 122, 124, 127, 135, 139, 146, 147, 148, 150, 153, 155, 160, 171, 173, 181, 184, 190, 191, 194, 196, 197, 199, 200, 203, 210, 211, 212, 214, 217, 218, 219, 220, 225, 230, 233, 235, 236, 240, 241, 242, 243, 248, 249, 250, 252, 254, 255, 256, 262, 263, 266, 268, 273, 278, 282, 289, 292, 315, 318, 321, 328, 329, 335, 337, 341, 343, 347, 352, 358, 359, 368, 369, 371, 372, 375, 378, 380, 383, 387, 392, 393, 400]
x_387: [3, 6, 7, 8, 11, 15, 22, 23, 32, 33, 35, 41, 42, 43, 45, 48, 52, 55, 56, 59, 64, 70, 75, 77, 82, 87, 94, 96, 98, 99, 100, 107, 113, 115, 116, 117, 118, 120, 123, 126, 128, 131, 132, 133, 137, 141, 143, 144, 151, 152, 157, 163, 165, 167, 182, 183, 186, 188, 193, 198, 204, 207, 208, 213, 214, 222, 234, 237, 238, 239, 242, 245, 247, 250, 253, 258, 260, 261, 262, 272, 274, 285, 293, 294, 296, 297, 298, 299, 302, 304, 307, 308, 309, 319, 320, 323, 326, 327, 332, 333, 335, 336, 337, 340, 344, 349, 350, 355, 357, 364, 365, 366, 373, 374, 382, 384, 386, 394]
x_388: [1, 4, 5, 10, 12, 18, 21, 24, 25, 28, 34, 37, 49, 53, 55, 62, 63, 71, 73, 74, 78, 86, 88, 89, 90, 94, 101, 103, 106, 107, 108, 110, 111, 113, 119, 121, 124, 126, 129, 131, 132, 142, 147, 148, 150, 154, 155, 160, 161, 168, 175, 177, 179, 180, 188, 192, 194, 196, 200, 202, 203, 206, 209, 210, 211, 217, 220, 225, 232, 233, 235, 236, 240, 242, 248, 249, 252, 254, 256, 263, 264, 266, 267, 270, 273, 277, 289, 290, 294, 295, 306, 311, 314, 315, 316, 318, 322, 325, 328, 329, 331, 335, 338, 339, 341, 342, 347, 352, 354, 358, 359, 367, 372, 375, 377, 378, 381, 385, 390, 395, 396]
x_389: [5, 9, 10, 12, 17, 25, 27, 30, 31, 37, 53, 54, 63, 66, 67, 68, 69, 74, 78, 84, 85, 86, 90, 91, 94, 96, 104, 108, 109, 110, 115, 119, 122, 124, 129, 135, 139, 142, 144, 147, 148, 155, 158, 160, 161, 168, 170, 177, 181, 184, 190, 191, 196, 215, 217, 220, 226, 227, 228, 232, 236, 240, 252, 254, 255, 256, 257, 259, 264, 266, 267, 270, 278, 279, 281, 290, 295, 297, 300, 301, 306, 309, 315, 317, 322, 325, 334, 337, 342, 343, 346, 347, 352, 354, 356, 358, 359, 360, 367, 370, 371, 372, 375, 376, 379, 380, 381, 383, 385, 390, 395]
x_390: [7, 9, 11, 15, 19, 20, 22, 24, 29, 35, 36, 41, 42, 45, 52, 55, 56, 57, 58, 59, 64, 76, 77, 79, 81, 83, 87, 96, 97, 99, 100, 104, 120, 123, 125, 127, 128, 131, 133, 136, 138, 140, 141, 143, 149, 150, 152, 164, 165, 166, 167, 169, 172, 186, 189, 190, 192, 193, 197, 198, 201, 204, 207, 213, 216, 221, 224, 234, 237, 239, 245, 246, 250, 251, 258, 260, 269, 271, 272, 276, 280, 283, 285, 286, 287, 291, 292, 293, 296, 298, 301, 303, 304, 305, 309, 313, 317, 319, 323, 324, 327, 332, 333, 336, 340, 344, 345, 347, 350, 351, 355, 357, 363, 364, 367, 369, 374, 388, 389, 391, 393, 394, 397]
x_391: [1, 10, 12, 25, 26, 28, 30, 31, 32, 34, 39, 44, 47, 53, 54, 58, 61, 62, 65, 67, 68, 74, 78, 89, 103, 106, 109, 110, 111, 115, 122, 130, 138, 139, 145, 148, 150, 153, 156, 168, 177, 179, 182, 191, 196, 200, 208, 209, 210, 211, 212, 216, 217, 218, 219, 220, 225, 228, 232, 233, 235, 236, 241, 243, 248, 252, 255, 263, 270, 278, 281, 282, 284, 295, 305, 306, 316, 317, 318, 322, 327, 328, 330, 331, 334, 335, 338, 342, 347, 353, 354, 360, 361, 367, 368, 370, 372, 376, 380, 381, 382, 383, 385, 390, 392, 396, 399]
x_392: [7, 11, 13, 15, 33, 35, 36, 40, 42, 43, 50, 56, 57, 59, 60, 64, 65, 70, 76, 79, 80, 81, 82, 87, 95, 96, 98, 99, 102, 106, 117, 123, 125, 128, 131, 137, 138, 140, 141, 143, 144, 151, 152, 157, 159, 162, 164, 165, 167, 170, 172, 174, 177, 182, 187, 188, 194, 198, 204, 214, 221, 222, 229, 231, 238, 239, 244, 251, 260, 271, 272, 274, 275, 276, 277, 279, 280, 283, 285, 287, 292, 293, 297, 298, 299, 301, 308, 309, 310, 312, 320, 324, 326, 329, 332, 333, 336, 340, 348, 349, 355, 365, 366, 370, 373, 374, 384, 386, 391, 394, 397]
x_393: [3, 7, 9, 15, 19, 22, 33, 36, 40, 42, 46, 48, 50, 52, 56, 57, 58, 60, 64, 70, 81, 91, 104, 107, 112, 114, 116, 120, 123, 128, 132, 134, 136, 137, 141, 144, 149, 150, 151, 163, 167, 170, 178, 188, 189, 190, 192, 193, 197, 204, 216, 223, 227, 229, 234, 238, 244, 246, 253, 260, 261, 269, 271, 274, 280, 284, 285, 286, 287, 292, 294, 299, 303, 313, 317, 319, 323, 326, 333, 336, 340, 345, 347, 348, 349, 350, 351, 353, 363, 365, 367, 369, 373, 374, 386, 390, 397, 398]
x_394: [1, 10, 17, 18, 21, 25, 26, 31, 38, 44, 54, 61, 63, 65, 66, 68, 70, 71, 73, 74, 84, 86, 88, 89, 93, 105, 108, 111, 115, 121, 122, 126, 129, 135, 139, 143, 146, 147, 148, 153, 158, 160, 161, 168, 173, 176, 177, 179, 180, 184, 190, 194, 195, 199, 203, 205, 208, 210, 211, 212, 215, 216, 218, 219, 220, 225, 228, 230, 233, 236, 246, 249, 252, 255, 256, 257, 258, 259, 264, 266, 269, 275, 277, 278, 279, 283, 298, 300, 311, 315, 321, 325, 331, 339, 347, 354, 358, 362, 367, 371, 372, 374, 376, 379, 380, 381, 383, 385, 387, 390, 392, 395, 396]
x_395: [2, 3, 6, 7, 11, 20, 22, 23, 24, 27, 28, 29, 32, 35, 36, 48, 56, 57, 58, 60, 64, 77, 86, 91, 92, 93, 95, 96, 98, 99, 104, 105, 107, 109, 112, 118, 125, 128, 133, 136, 140, 141, 143, 149, 151, 152, 166, 169, 170, 174, 175, 183, 185, 187, 197, 198, 201, 204, 207, 221, 224, 232, 234, 239, 244, 245, 250, 251, 261, 263, 265, 269, 272, 274, 283, 286, 287, 293, 294, 297, 299, 301, 302, 308, 312, 320, 327, 332, 333, 336, 340, 345, 353, 363, 364, 365, 366, 371, 374, 379, 382, 388, 389, 394, 398]
x_396: [2, 3, 7, 8, 13, 15, 20, 23, 24, 31, 36, 42, 45, 46, 48, 51, 52, 55, 58, 59, 62, 76, 79, 82, 91, 92, 93, 95, 96, 99, 101, 102, 104, 112, 113, 116, 117, 127, 128, 131, 134, 136, 138, 139, 140, 142, 149, 152, 157, 159, 161, 163, 166, 167, 169, 170, 182, 183, 184, 186, 187, 189, 201, 204, 212, 222, 231, 238, 244, 245, 246, 251, 253, 260, 271, 272, 274, 280, 284, 291, 296, 297, 298, 299, 301, 302, 305, 308, 309, 310, 312, 313, 320, 323, 333, 336, 343, 344, 345, 350, 351, 353, 363, 366, 382, 388, 391, 394, 397]
x_397: [4, 9, 10, 21, 25, 27, 37, 38, 39, 41, 45, 61, 62, 65, 66, 67, 71, 72, 84, 85, 88, 89, 92, 105, 108, 109, 110, 115, 117, 119, 124, 129, 130, 135, 145, 148, 152, 153, 154, 156, 161, 163, 173, 177, 179, 180, 185, 192, 196, 199, 200, 202, 206, 210, 212, 215, 218, 219, 226, 232, 233, 240, 243, 249, 256, 257, 260, 262, 263, 264, 267, 277, 278, 279, 281, 282, 289, 300, 314, 316, 318, 320, 321, 331, 334, 341, 342, 360, 362, 367, 370, 371, 372, 375, 376, 377, 378, 380, 381, 390, 392, 393, 396, 400]
x_398: [1, 4, 9, 10, 12, 17, 18, 21, 22, 27, 31, 37, 44, 47, 48, 49, 53, 61, 62, 63, 66, 71, 72, 78, 86, 88, 89, 100, 101, 105, 108, 112, 123, 126, 130, 135, 139, 150, 153, 154, 156, 158, 168, 171, 176, 177, 180, 181, 183, 190, 191, 192, 194, 196, 199, 200, 203, 205, 206, 208, 210, 211, 216, 217, 220, 225, 226, 228, 230, 240, 241, 248, 255, 262, 265, 266, 268, 273, 275, 277, 278, 281, 282, 295, 306, 308, 311, 312, 314, 316, 317, 318, 322, 325, 328, 330, 334, 338, 339, 341, 342, 343, 346, 347, 352, 356, 359, 362, 370, 372, 375, 376, 380, 381, 383, 385, 393, 395, 399]
x_399: [3, 6, 8, 11, 13, 14, 15, 18, 24, 26, 29, 32, 33, 35, 36, 40, 41, 44, 45, 48, 52, 55, 56, 57, 59, 70, 76, 77, 79, 82, 83, 87, 91, 92, 93, 96, 98, 99, 107, 113, 116, 117, 118, 123, 125, 134, 137, 138, 140, 141, 143, 149, 151, 157, 159, 163, 166, 167, 174, 175, 181, 182, 183, 188, 201, 207, 214, 219, 220, 222, 223, 224, 227, 234, 237, 239, 240, 244, 245, 246, 250, 251, 253, 265, 269, 271, 272, 280, 283, 285, 287, 292, 293, 297, 298, 299, 301, 303, 305, 307, 308, 310, 323, 324, 326, 327, 332, 333, 336, 340, 344, 345, 357, 362, 363, 364, 365, 369, 373, 374, 377, 382, 384, 391, 398]
x_400: [6, 7, 13, 14, 15, 16, 19, 20, 22, 23, 29, 33, 40, 46, 50, 51, 53, 55, 57, 58, 59, 63, 64, 70, 76, 79, 81, 92, 95, 96, 98, 99, 100, 104, 107, 113, 117, 123, 125, 127, 128, 131, 134, 137, 138, 140, 141, 143, 151, 152, 157, 159, 164, 166, 169, 170, 175, 178, 182, 189, 191, 193, 197, 200, 204, 213, 221, 224, 227, 229, 231, 234, 239, 244, 245, 246, 248, 250, 251, 253, 260, 269, 274, 282, 283, 284, 285, 286, 287, 291, 292, 293, 294, 298, 301, 303, 304, 305, 307, 308, 309, 311, 312, 319, 321, 323, 326, 327, 332, 333, 336, 340, 344, 348, 353, 357, 360, 365, 369, 374, 382, 386, 397]