400
1 1 1 1 1 1 1 1 1 1 1 1 1 1 1 1 1 1 1 1 1 1 1 1 1 1 1 1 1 1 1 1 1 1 1 1 1 1 1 1 1 1 1 1 1 1 1 1 1 1 1 1 1 1 1 1 1 1 1 1 1 1 1 1 1 1 1 1 1 1 1 1 1 1 1 1 1 1 1 1 1 1 1 1 1 1 1 1 1 1 1 1 1 1 1 1 1 1 1 1 1 1 1 1 1 1 1 1 1 1 1 1 1 1 1 1 1 1 1 1 1 1 1 1 1 1 1 1 1 1 1 1 1 1 1 1 1 1 1 1 1 1 1 1 1 1 1 1 1 1 1 1 1 1 1 1 1 1 1 1 1 1 1 1 1 1 1 1 1 1 1 1 1 1 1 1 1 1 1 1 1 1 1 1 1 1 1 1 1 1 1 1 1 1 1 1 1 1 1 1 1 1 1 1 1 1 1 1 1 1 1 1 1 1 1 1 1 1 1 1 1 1 1 1 1 1 1 1 1 1 1 1 1 1 1 1 1 1 1 1 1 1 1 1 1 1 1 1 1 1 1 1 1 1 1 1 1 1 1 1 1 1 1 1 1 1 1 1 1 1 1 1 1 1 1 1 1 1 1 1 1 1 1 1 1 1 1 1 1 1 1 1 1 1 1 1 1 1 1 1 1 1 1 1 1 1 1 1 1 1 1 1 1 1 1 1 1 1 1 1 1 1 1 1 1 1 1 1 1 1 1 1 1 1 1 1 1 1 1 1 1 1 1 1 1 1 1 1 1 1 1 1 1 1 1 1 1 1 1 1 1 1 1 1 1 1 1 1 1 1 1 1 1 1 1 1 1 1 1 1 1 1 1 1 1 1 1 1 1 1 1 1 1 1 1 1 1 1 1 1
x_1: [2, 4, 5, 7, 8, 9, 10, 17, 18, 19, 20, 24, 25, 27, 28, 30, 34, 35, 37, 38, 41, 42, 44, 46, 48, 49, 52, 53, 54, 55, 59, 63, 66, 67, 68, 69, 71, 74, 76, 77, 78, 79, 81, 82, 84, 89, 93, 94, 95, 97, 99, 101, 103, 104, 106, 107, 108, 109, 111, 113, 115, 116, 125, 126, 127, 132, 133, 134, 135, 136, 137, 139, 146, 148, 150, 153, 155, 160, 161, 168, 172, 174, 175, 184, 185, 187, 188, 191, 194, 198, 199, 201, 203, 204, 207, 209, 210, 211, 213, 214, 215, 216, 217, 218, 220, 222, 223, 224, 232, 236, 238, 239, 240, 241, 242, 246, 248, 250, 251, 253, 255, 256, 258, 259, 260, 261, 262, 263, 265, 266, 268, 271, 272, 274, 276, 282, 283, 284, 285, 286, 290, 291, 292, 293, 294, 297, 299, 300, 301, 303, 305, 306, 307, 308, 309, 310, 314, 315, 318, 326, 328, 330, 331, 333, 334, 341, 345, 347, 350, 351, 352, 353, 356, 358, 363, 365, 369, 372, 373, 375, 379, 384, 385, 387, 388, 389, 391, 394, 395, 396, 397, 399]
x_2: [1, 12, 14, 15, 16, 18, 21, 22, 23, 24, 26, 31, 32, 33, 36, 38, 39, 40, 43, 44, 45, 46, 50, 51, 57, 59, 60, 62, 64, 65, 67, 72, 73, 74, 76, 80, 81, 85, 86, 87, 88, 92, 94, 96, 97, 98, 99, 100, 105, 107, 109, 110, 111, 112, 114, 115, 117, 120, 121, 122, 123, 124, 128, 129, 130, 132, 134, 138, 139, 140, 141, 142, 143, 145, 147, 148, 149, 151, 152, 153, 154, 156, 157, 158, 161, 163, 166, 169, 171, 173, 176, 177, 179, 180, 181, 182, 184, 189, 190, 191, 192, 193, 195, 196, 197, 200, 201, 202, 205, 206, 209, 210, 212, 219, 220, 225, 226, 227, 229, 230, 233, 234, 235, 236, 237, 241, 243, 244, 245, 247, 249, 250, 252, 253, 260, 261, 264, 266, 267, 269, 273, 274, 275, 277, 278, 279, 280, 287, 288, 289, 294, 295, 296, 298, 301, 302, 304, 307, 311, 313, 314, 315, 319, 320, 321, 323, 327, 328, 329, 334, 335, 337, 338, 339, 340, 342, 343, 344, 346, 349, 350, 351, 354, 355, 357, 358, 360, 361, 363, 366, 368, 370, 371, 375, 376, 377, 380, 382, 383, 386, 388, 390, 398, 399, 400]
x_3: [4, 7, 8, 10, 11, 16, 17, 18, 20, 24, 25, 27, 28, 29, 30, 32, 34, 35, 37, 38, 41, 44, 49, 51, 52, 53, 55, 57, 58, 59, 63, 66, 67, 69, 70, 71, 73, 74, 76, 78, 79, 81, 84, 85, 88, 93, 94, 97, 101, 102, 103, 108, 113, 115, 116, 118, 120, 123, 125, 126, 127, 133, 135, 136, 137, 139, 140, 147, 150, 151, 153, 155, 159, 160, 165, 166, 168, 172, 174, 175, 183, 185, 186, 187, 188, 189, 194, 195, 197, 198, 199, 203, 204, 206, 207, 212, 214, 217, 218, 219, 220, 221, 222, 223, 224, 231, 232, 239, 240, 242, 243, 244, 246, 248, 251, 253, 255, 256, 257, 258, 259, 262, 263, 265, 268, 269, 271, 272, 276, 281, 282, 283, 284, 285, 289, 290, 291, 292, 293, 294, 299, 300, 303, 304, 305, 308, 309, 310, 314, 318, 324, 326, 328, 330, 332, 333, 334, 336, 339, 341, 345, 346, 348, 349, 350, 351, 352, 353, 356, 358, 363, 365, 366, 369, 370, 372, 373, 375, 379, 383, 384, 385, 387, 389, 391, 392, 394, 395, 396, 397, 398, 399]
x_4: [1, 3, 6, 12, 13, 14, 15, 16, 21, 22, 23, 26, 28, 31, 32, 33, 35, 36, 39, 40, 42, 43, 45, 46, 47, 50, 51, 55, 56, 57, 61, 62, 65, 71, 72, 75, 77, 80, 83, 90, 92, 95, 96, 98, 100, 102, 103, 105, 107, 109, 110, 112, 114, 117, 119, 120, 121, 122, 123, 124, 128, 130, 131, 132, 134, 138, 140, 141, 142, 143, 145, 149, 150, 151, 152, 154, 157, 158, 161, 162, 166, 167, 169, 170, 171, 173, 176, 178, 179, 180, 181, 183, 184, 189, 190, 191, 192, 193, 194, 196, 197, 200, 201, 202, 205, 207, 208, 209, 211, 212, 213, 225, 226, 227, 228, 232, 233, 234, 235, 236, 237, 242, 245, 247, 249, 250, 252, 254, 258, 260, 262, 263, 264, 266, 267, 268, 270, 273, 274, 275, 277, 278, 279, 287, 288, 289, 290, 293, 295, 296, 297, 298, 301, 302, 306, 307, 308, 311, 312, 313, 317, 321, 322, 323, 325, 327, 329, 330, 331, 332, 333, 335, 336, 337, 338, 341, 342, 344, 346, 348, 349, 357, 359, 361, 362, 366, 367, 368, 370, 371, 374, 376, 377, 380, 381, 383, 386, 391, 393, 398, 400]
x_5: [1, 6, 8, 10, 12, 13, 14, 15, 16, 21, 26, 27, 31, 32, 33, 37, 39, 40, 41, 42, 43, 45, 46, 47, 48, 51, 54, 56, 57, 58, 60, 61, 62, 64, 65, 72, 75, 78, 80, 83, 84, 86, 87, 88, 89, 90, 92, 93, 96, 99, 100, 104, 105, 107, 109, 111, 112, 114, 116, 117, 119, 120, 121, 122, 123, 127, 128, 129, 130, 131, 132, 133, 134, 135, 138, 140, 142, 143, 144, 147, 148, 149, 154, 156, 158, 159, 160, 161, 162, 163, 166, 168, 169, 171, 173, 174, 175, 176, 177, 178, 179, 180, 181, 182, 184, 189, 190, 191, 192, 193, 195, 197, 200, 201, 202, 205, 208, 209, 210, 211, 212, 216, 217, 218, 224, 225, 226, 227, 228, 229, 230, 233, 234, 235, 236, 237, 243, 244, 245, 247, 249, 250, 252, 254, 260, 261, 264, 266, 267, 269, 270, 273, 274, 277, 278, 279, 287, 289, 295, 296, 298, 301, 302, 304, 307, 311, 312, 313, 315, 316, 320, 321, 322, 323, 324, 325, 327, 329, 331, 332, 337, 338, 339, 340, 342, 343, 344, 346, 349, 354, 355, 357, 359, 360, 361, 362, 366, 367, 368, 370, 374, 377, 378, 379, 380, 381, 382, 386, 389, 390, 392, 393, 394, 395, 398, 400]
x_6: [4, 5, 7, 9, 10, 11, 17, 18, 19, 20, 22, 24, 25, 26, 27, 30, 34, 35, 37, 38, 41, 44, 45, 47, 49, 53, 54, 55, 58, 59, 63, 66, 67, 68, 69, 70, 71, 73, 74, 76, 78, 81, 84, 85, 87, 91, 93, 94, 95, 96, 101, 102, 103, 104, 106, 108, 110, 113, 115, 116, 118, 121, 125, 126, 127, 133, 136, 137, 138, 139, 141, 146, 149, 150, 153, 155, 160, 162, 164, 165, 167, 168, 169, 170, 172, 174, 185, 186, 187, 188, 194, 198, 199, 202, 203, 204, 207, 213, 214, 215, 216, 217, 218, 219, 220, 221, 222, 224, 225, 231, 232, 235, 237, 238, 239, 240, 241, 242, 246, 248, 252, 253, 255, 256, 258, 259, 262, 263, 265, 267, 268, 270, 272, 276, 278, 280, 282, 283, 284, 285, 290, 292, 294, 297, 299, 300, 305, 306, 308, 309, 310, 312, 316, 318, 324, 326, 327, 328, 333, 334, 337, 338, 341, 345, 347, 348, 350, 352, 353, 356, 358, 363, 365, 369, 372, 373, 375, 379, 384, 385, 387, 389, 390, 391, 392, 394, 396, 397]
x_7: [1, 3, 6, 9, 11, 12, 13, 14, 16, 20, 21, 22, 23, 25, 26, 29, 31, 33, 36, 40, 45, 46, 47, 48, 49, 50, 51, 56, 60, 61, 62, 64, 65, 69, 70, 72, 75, 77, 80, 83, 86, 87, 88, 90, 92, 96, 98, 99, 100, 105, 107, 110, 111, 112, 114, 117, 119, 120, 121, 122, 123, 124, 125, 126, 128, 129, 130, 131, 132, 134, 137, 138, 140, 141, 142, 144, 146, 147, 148, 149, 151, 152, 154, 156, 157, 158, 159, 161, 162, 163, 164, 166, 170, 171, 172, 173, 176, 177, 178, 181, 182, 184, 187, 188, 189, 190, 191, 192, 193, 195, 196, 197, 201, 202, 205, 208, 210, 211, 222, 223, 225, 226, 227, 228, 230, 233, 234, 235, 236, 237, 244, 245, 246, 247, 249, 250, 252, 254, 260, 261, 264, 266, 267, 269, 270, 271, 274, 275, 277, 278, 279, 280, 281, 285, 287, 288, 292, 295, 298, 302, 304, 305, 313, 316, 317, 318, 319, 321, 322, 323, 327, 329, 331, 332, 335, 337, 338, 339, 342, 343, 344, 345, 346, 349, 352, 354, 355, 357, 359, 360, 361, 362, 364, 366, 367, 368, 370, 371, 373, 374, 376, 378, 380, 381, 383, 385, 388, 390, 393, 396, 398, 400]
x_8: [1, 3, 5, 10, 12, 13, 14, 15, 21, 22, 26, 27, 31, 32, 33, 36, 37, 39, 40, 41, 42, 43, 45, 47, 48, 50, 51, 54, 56, 57, 58, 60, 61, 62, 64, 72, 75, 77, 78, 80, 83, 84, 86, 88, 89, 90, 92, 93, 96, 98, 99, 100, 104, 105, 107, 109, 110, 111, 112, 114, 116, 117, 119, 121, 122, 123, 127, 128, 129, 130, 132, 133, 134, 135, 138, 140, 141, 142, 143, 144, 145, 147, 148, 149, 152, 154, 156, 157, 159, 160, 161, 162, 163, 164, 168, 169, 170, 171, 173, 174, 175, 176, 177, 178, 180, 181, 182, 184, 189, 190, 192, 193, 195, 196, 197, 200, 201, 202, 206, 209, 210, 212, 216, 217, 218, 224, 225, 227, 228, 229, 230, 233, 234, 235, 236, 237, 244, 245, 247, 249, 250, 252, 254, 260, 261, 264, 266, 267, 270, 273, 277, 279, 280, 287, 288, 296, 298, 301, 307, 311, 312, 316, 317, 319, 320, 321, 322, 323, 324, 325, 327, 329, 331, 332, 337, 338, 339, 340, 342, 343, 344, 346, 354, 357, 359, 360, 361, 362, 366, 367, 370, 371, 374, 379, 380, 381, 383, 386, 388, 389, 390, 392, 393, 394, 395, 398, 400]
x_9: [1, 6, 7, 11, 12, 14, 15, 16, 20, 21, 22, 23, 25, 26, 29, 31, 32, 36, 39, 40, 42, 45, 46, 47, 48, 49, 50, 51, 56, 57, 60, 61, 62, 64, 65, 69, 70, 72, 75, 77, 80, 83, 86, 87, 88, 90, 92, 99, 100, 105, 107, 109, 110, 111, 112, 114, 117, 119, 120, 121, 122, 123, 124, 125, 126, 129, 130, 132, 134, 137, 138, 141, 142, 143, 144, 145, 146, 147, 148, 154, 156, 157, 158, 159, 161, 162, 163, 169, 170, 171, 172, 173, 176, 178, 179, 180, 181, 184, 187, 188, 189, 191, 193, 196, 197, 200, 201, 202, 206, 208, 209, 210, 211, 212, 222, 223, 225, 226, 228, 230, 234, 235, 236, 243, 244, 246, 247, 250, 252, 254, 260, 261, 264, 269, 271, 273, 274, 275, 277, 278, 279, 280, 281, 285, 287, 288, 289, 292, 295, 296, 298, 301, 302, 304, 305, 307, 311, 312, 315, 316, 318, 319, 321, 323, 325, 327, 329, 331, 332, 335, 337, 338, 340, 342, 343, 345, 346, 349, 352, 354, 355, 357, 359, 360, 361, 362, 364, 366, 367, 368, 373, 374, 376, 377, 378, 380, 381, 382, 383, 385, 386, 388, 390, 393, 396, 398, 400]
x_10: [1, 3, 5, 6, 8, 12, 13, 14, 15, 16, 21, 22, 23, 26, 27, 31, 32, 36, 37, 40, 41, 42, 43, 45, 46, 47, 48, 50, 51, 54, 56, 57, 58, 60, 61, 64, 65, 72, 75, 78, 80, 83, 84, 86, 87, 88, 89, 92, 93, 96, 98, 99, 100, 104, 107, 109, 110, 111, 112, 114, 116, 117, 119, 120, 122, 123, 124, 127, 128, 129, 130, 131, 132, 133, 135, 138, 140, 141, 142, 143, 144, 145, 148, 149, 151, 154, 156, 157, 158, 159, 160, 161, 162, 163, 164, 166, 168, 169, 170, 171, 173, 174, 175, 176, 177, 178, 179, 180, 189, 190, 191, 192, 193, 195, 196, 197, 200, 201, 202, 206, 208, 209, 210, 211, 212, 216, 217, 218, 224, 225, 226, 227, 229, 230, 233, 234, 235, 236, 237, 243, 244, 245, 247, 249, 252, 254, 260, 261, 264, 266, 267, 269, 270, 274, 275, 277, 279, 280, 287, 288, 289, 295, 296, 298, 301, 302, 304, 307, 311, 312, 315, 316, 317, 320, 321, 322, 323, 324, 325, 327, 329, 331, 332, 335, 337, 338, 339, 340, 342, 343, 346, 349, 354, 355, 357, 361, 362, 366, 367, 370, 371, 376, 377, 378, 379, 380, 381, 382, 383, 386, 388, 389, 390, 392, 394, 395, 398, 400]
x_11: [3, 6, 7, 9, 12, 14, 15, 20, 21, 22, 23, 25, 26, 29, 31, 32, 33, 36, 39, 40, 42, 43, 45, 46, 47, 48, 49, 50, 51, 57, 60, 61, 64, 69, 70, 72, 75, 77, 80, 83, 87, 88, 90, 92, 96, 98, 99, 100, 105, 109, 110, 111, 112, 114, 117, 119, 120, 121, 122, 123, 124, 125, 126, 128, 130, 132, 134, 137, 138, 140, 141, 142, 143, 144, 145, 146, 147, 148, 149, 154, 156, 157, 159, 161, 162, 163, 164, 166, 169, 170, 171, 172, 176, 177, 178, 179, 180, 181, 182, 184, 187, 188, 189, 190, 191, 192, 193, 195, 197, 200, 201, 202, 205, 206, 208, 209, 210, 211, 212, 222, 223, 225, 226, 227, 228, 229, 230, 233, 234, 235, 236, 237, 243, 244, 245, 246, 247, 249, 250, 252, 260, 261, 264, 266, 269, 271, 273, 274, 277, 279, 280, 281, 285, 287, 288, 289, 292, 295, 296, 298, 302, 304, 305, 307, 311, 312, 313, 315, 317, 318, 319, 320, 321, 322, 323, 325, 327, 329, 331, 332, 335, 337, 338, 339, 340, 342, 343, 344, 345, 346, 349, 352, 354, 355, 360, 361, 362, 364, 366, 368, 370, 371, 373, 376, 377, 378, 380, 381, 382, 383, 385, 386, 388, 390, 396, 398, 400]
x_12: [2, 4, 5, 7, 8, 9, 10, 11, 15, 17, 20, 24, 25, 27, 29, 34, 37, 38, 41, 43, 44, 49, 52, 53, 54, 55, 56, 58, 59, 61, 63, 66, 68, 70, 71, 72, 73, 74, 76, 78, 79, 80, 81, 84, 85, 89, 90, 93, 94, 95, 101, 102, 103, 104, 106, 108, 113, 115, 116, 122, 125, 126, 127, 131, 133, 135, 136, 137, 139, 146, 150, 157, 160, 163, 165, 167, 168, 174, 175, 177, 180, 182, 183, 185, 186, 187, 188, 190, 193, 198, 203, 204, 207, 213, 214, 215, 216, 217, 219, 220, 221, 223, 224, 228, 230, 231, 232, 238, 239, 240, 241, 242, 246, 248, 251, 253, 256, 257, 258, 259, 262, 265, 268, 271, 272, 276, 277, 281, 282, 283, 284, 285, 286, 290, 291, 292, 294, 297, 298, 299, 300, 302, 303, 306, 308, 309, 310, 313, 314, 318, 320, 324, 326, 328, 330, 334, 341, 342, 345, 347, 348, 350, 351, 352, 353, 354, 356, 358, 359, 363, 364, 365, 367, 369, 371, 372, 373, 374, 375, 379, 382, 384, 385, 389, 391, 392, 394, 396, 397, 399]
x_13: [4, 5, 7, 8, 10, 14, 17, 18, 19, 20, 23, 24, 25, 27, 29, 30, 34, 35, 38, 41, 44, 49, 50, 53, 54, 55, 58, 59, 60, 63, 64, 67, 68, 69, 70, 71, 74, 76, 78, 79, 81, 82, 84, 85, 89, 91, 93, 94, 95, 101, 104, 106, 108, 112, 113, 115, 118, 127, 129, 133, 135, 136, 137, 139, 144, 146, 150, 153, 154, 155, 160, 165, 167, 168, 172, 174, 175, 181, 183, 185, 186, 187, 194, 198, 199, 200, 203, 204, 213, 214, 215, 216, 217, 219, 220, 221, 222, 223, 224, 227, 229, 231, 232, 234, 238, 239, 240, 241, 245, 248, 251, 253, 255, 257, 258, 259, 262, 263, 264, 265, 268, 271, 272, 279, 281, 283, 284, 285, 286, 288, 290, 291, 292, 293, 294, 295, 297, 299, 300, 303, 305, 306, 308, 309, 310, 321, 326, 328, 330, 333, 334, 335, 336, 340, 341, 343, 344, 345, 347, 348, 350, 351, 352, 353, 356, 357, 358, 360, 362, 363, 364, 365, 369, 372, 375, 377, 378, 379, 384, 385, 389, 391, 392, 394, 395, 397, 399]
x_14: [2, 4, 5, 7, 8, 9, 10, 11, 13, 17, 18, 19, 23, 24, 25, 27, 28, 29, 30, 34, 35, 37, 38, 41, 44, 49, 50, 52, 53, 55, 58, 59, 60, 64, 66, 67, 68, 70, 71, 73, 74, 76, 78, 79, 82, 84, 85, 89, 91, 93, 94, 95, 97, 101, 102, 103, 104, 106, 108, 112, 113, 115, 116, 118, 125, 127, 129, 133, 135, 136, 137, 139, 144, 146, 150, 153, 154, 155, 160, 165, 167, 168, 174, 175, 181, 185, 188, 194, 198, 199, 200, 203, 207, 213, 214, 215, 216, 217, 218, 219, 220, 222, 223, 227, 229, 231, 234, 238, 239, 240, 241, 242, 245, 248, 251, 253, 255, 256, 257, 258, 259, 262, 263, 264, 265, 272, 276, 279, 281, 283, 284, 285, 286, 288, 290, 291, 292, 293, 294, 295, 297, 299, 300, 303, 305, 306, 308, 309, 310, 314, 318, 321, 324, 328, 330, 334, 335, 336, 340, 341, 343, 344, 345, 347, 348, 350, 351, 352, 353, 356, 357, 358, 360, 362, 364, 365, 369, 372, 373, 375, 377, 378, 379, 384, 385, 387, 389, 391, 392, 394, 395, 396, 397, 399]
x_15: [2, 4, 5, 8, 9, 10, 11, 12, 17, 18, 19, 20, 24, 25, 27, 28, 29, 30, 35, 37, 38, 41, 43, 44, 49, 54, 56, 58, 59, 61, 66, 67, 68, 70, 71, 72, 73, 74, 76, 78, 80, 81, 84, 85, 89, 90, 91, 93, 94, 95, 97, 101, 103, 104, 106, 108, 113, 115, 116, 118, 122, 125, 127, 131, 135, 136, 137, 139, 146, 150, 155, 157, 160, 163, 165, 167, 168, 172, 174, 175, 177, 180, 182, 183, 185, 186, 187, 188, 190, 193, 194, 198, 199, 204, 207, 213, 214, 215, 216, 217, 218, 219, 220, 221, 222, 223, 228, 230, 231, 232, 238, 239, 240, 241, 242, 248, 251, 253, 256, 257, 258, 259, 262, 263, 265, 268, 271, 272, 276, 277, 281, 282, 283, 284, 285, 286, 290, 291, 292, 293, 294, 297, 298, 299, 300, 302, 303, 305, 306, 310, 313, 314, 318, 320, 324, 326, 328, 330, 333, 334, 336, 341, 342, 347, 348, 350, 351, 353, 354, 356, 358, 359, 363, 364, 365, 367, 369, 371, 372, 373, 374, 375, 379, 382, 384, 385, 387, 391, 392, 394, 395, 397, 399]
x_16: [2, 3, 4, 5, 7, 9, 10, 17, 18, 19, 20, 24, 25, 28, 29, 30, 32, 35, 37, 38, 44, 49, 51, 52, 53, 54, 55, 57, 66, 67, 68, 69, 70, 71, 73, 74, 76, 79, 81, 82, 84, 85, 88, 89, 91, 94, 95, 97, 101, 102, 106, 108, 115, 116, 118, 120, 123, 125, 126, 127, 133, 135, 136, 137, 140, 146, 147, 151, 153, 155, 159, 160, 165, 166, 167, 168, 172, 174, 175, 183, 185, 186, 187, 188, 189, 194, 195, 197, 198, 199, 203, 204, 206, 212, 213, 214, 215, 217, 218, 219, 220, 221, 222, 223, 224, 231, 232, 238, 239, 240, 241, 242, 243, 244, 246, 248, 251, 253, 255, 256, 257, 262, 263, 265, 268, 269, 271, 272, 276, 282, 283, 284, 285, 286, 289, 290, 291, 293, 297, 299, 300, 303, 304, 305, 306, 308, 309, 310, 314, 318, 324, 326, 328, 330, 332, 333, 336, 339, 345, 346, 347, 348, 349, 350, 351, 352, 353, 363, 364, 365, 366, 369, 370, 372, 373, 375, 379, 383, 384, 385, 387, 389, 391, 392, 394, 395, 396, 398, 399]
x_17: [1, 3, 6, 12, 13, 14, 15, 16, 21, 23, 26, 31, 32, 33, 34, 36, 39, 40, 42, 43, 45, 46, 50, 51, 56, 60, 61, 62, 63, 64, 68, 75, 77, 79, 80, 83, 86, 87, 88, 90, 91, 92, 96, 98, 99, 100, 101, 107, 108, 109, 110, 111, 112, 117, 118, 119, 120, 121, 122, 123, 124, 128, 129, 130, 131, 134, 136, 138, 141, 142, 144, 147, 148, 149, 151, 152, 154, 155, 157, 158, 159, 161, 162, 163, 164, 165, 166, 170, 173, 176, 177, 180, 181, 182, 184, 186, 189, 190, 191, 192, 193, 195, 197, 198, 200, 201, 202, 204, 205, 206, 208, 209, 210, 211, 212, 225, 226, 227, 229, 230, 231, 233, 234, 235, 236, 237, 238, 240, 243, 244, 245, 247, 249, 250, 252, 254, 255, 261, 264, 266, 269, 270, 272, 273, 274, 275, 277, 278, 279, 280, 282, 283, 287, 288, 289, 295, 296, 298, 301, 302, 304, 307, 309, 310, 312, 313, 315, 316, 317, 319, 320, 321, 322, 325, 326, 327, 329, 331, 332, 335, 338, 339, 340, 342, 343, 344, 346, 347, 349, 354, 355, 356, 357, 360, 361, 362, 365, 367, 368, 370, 372, 376, 377, 378, 380, 381, 382, 383, 384, 386, 388, 390, 397, 398, 400]
x_18: [1, 2, 3, 6, 13, 14, 15, 16, 21, 23, 24, 26, 32, 33, 36, 38, 39, 40, 42, 43, 44, 45, 46, 47, 50, 51, 56, 57, 59, 60, 61, 64, 65, 67, 72, 73, 74, 75, 76, 80, 81, 85, 86, 87, 88, 90, 92, 94, 96, 97, 98, 99, 100, 107, 109, 110, 111, 112, 114, 115, 117, 119, 120, 121, 122, 124, 129, 132, 134, 138, 139, 140, 141, 142, 143, 144, 145, 147, 148, 149, 151, 152, 153, 154, 157, 158, 159, 161, 163, 164, 166, 169, 171, 176, 177, 178, 179, 180, 181, 184, 189, 190, 191, 192, 193, 196, 197, 200, 201, 202, 205, 208, 209, 210, 211, 212, 219, 220, 225, 226, 227, 228, 230, 233, 234, 241, 243, 244, 245, 247, 249, 250, 253, 254, 260, 261, 264, 266, 267, 269, 273, 274, 275, 277, 279, 280, 287, 288, 289, 294, 295, 296, 298, 301, 302, 304, 307, 311, 312, 313, 314, 315, 317, 319, 320, 321, 322, 323, 325, 327, 328, 329, 331, 332, 334, 335, 337, 338, 339, 340, 343, 344, 346, 349, 350, 351, 355, 357, 358, 359, 360, 361, 362, 363, 367, 368, 370, 371, 374, 375, 376, 377, 378, 380, 381, 382, 383, 386, 388, 390, 393, 398, 399, 400]
x_19: [1, 6, 13, 14, 15, 16, 21, 22, 23, 26, 30, 31, 33, 36, 39, 40, 42, 43, 46, 47, 48, 51, 52, 53, 56, 57, 60, 61, 64, 65, 66, 80, 82, 83, 86, 87, 88, 90, 96, 100, 106, 109, 110, 111, 112, 113, 114, 117, 119, 120, 122, 123, 124, 138, 140, 141, 142, 143, 144, 145, 147, 148, 149, 151, 156, 157, 158, 159, 161, 162, 163, 164, 166, 169, 170, 171, 173, 176, 177, 179, 180, 181, 182, 184, 185, 189, 190, 191, 192, 193, 195, 196, 197, 199, 200, 202, 203, 205, 206, 209, 210, 211, 212, 214, 215, 221, 226, 228, 229, 230, 233, 234, 235, 236, 237, 239, 243, 245, 247, 248, 251, 252, 254, 256, 257, 259, 260, 261, 264, 265, 266, 267, 269, 270, 274, 275, 276, 277, 278, 279, 280, 284, 286, 287, 288, 289, 291, 295, 296, 298, 299, 300, 301, 303, 304, 307, 311, 312, 313, 315, 316, 317, 320, 322, 323, 325, 327, 329, 331, 332, 335, 337, 338, 340, 342, 344, 346, 349, 353, 354, 355, 357, 359, 360, 361, 362, 366, 367, 368, 369, 370, 371, 374, 376, 377, 378, 380, 381, 382, 383, 386, 387, 390, 393, 398, 400]
x_20: [1, 3, 6, 7, 9, 11, 12, 13, 15, 16, 21, 22, 23, 25, 26, 29, 31, 32, 33, 36, 39, 40, 42, 43, 46, 47, 49, 50, 51, 56, 57, 60, 62, 64, 65, 69, 70, 72, 75, 77, 80, 83, 86, 87, 88, 90, 92, 96, 98, 99, 100, 105, 107, 109, 110, 111, 112, 114, 119, 121, 122, 123, 125, 126, 128, 129, 130, 131, 132, 134, 137, 138, 140, 141, 142, 143, 144, 145, 146, 147, 149, 151, 152, 154, 156, 157, 158, 159, 161, 162, 163, 166, 169, 172, 173, 176, 177, 179, 181, 182, 184, 187, 188, 189, 190, 192, 195, 196, 197, 201, 202, 205, 206, 208, 209, 210, 211, 212, 222, 223, 225, 226, 227, 228, 229, 230, 233, 235, 236, 237, 245, 246, 247, 249, 250, 261, 264, 266, 267, 270, 271, 275, 277, 278, 280, 281, 285, 287, 288, 289, 292, 295, 296, 298, 301, 304, 305, 307, 312, 315, 316, 317, 318, 320, 321, 322, 323, 325, 327, 329, 331, 335, 337, 338, 339, 340, 342, 343, 344, 345, 346, 349, 352, 354, 355, 360, 362, 364, 366, 367, 368, 371, 373, 374, 378, 380, 381, 382, 383, 385, 386, 388, 390, 393, 396, 398, 400]
x_21: [2, 4, 5, 7, 8, 9, 10, 11, 17, 18, 19, 20, 24, 25, 27, 28, 29, 30, 33, 34, 35, 37, 38, 39, 41, 44, 49, 53, 54, 55, 58, 59, 62, 63, 65, 66, 67, 68, 69, 70, 71, 73, 74, 75, 78, 79, 81, 82, 83, 84, 85, 86, 89, 91, 92, 93, 94, 95, 97, 98, 102, 103, 105, 106, 108, 113, 114, 115, 116, 118, 119, 125, 126, 133, 135, 136, 137, 139, 150, 152, 153, 155, 160, 165, 167, 168, 171, 172, 174, 175, 178, 185, 186, 188, 194, 198, 199, 203, 204, 207, 213, 214, 215, 216, 217, 218, 219, 220, 221, 222, 223, 224, 232, 238, 239, 240, 241, 242, 246, 247, 248, 249, 251, 253, 254, 255, 256, 257, 258, 259, 262, 263, 265, 268, 271, 272, 273, 276, 281, 282, 283, 284, 285, 290, 291, 293, 294, 297, 299, 300, 303, 305, 306, 308, 309, 310, 311, 314, 317, 318, 323, 324, 325, 326, 328, 329, 330, 333, 334, 336, 341, 345, 347, 348, 350, 352, 353, 358, 361, 363, 364, 365, 372, 373, 375, 376, 379, 381, 384, 385, 386, 387, 389, 391, 392, 394, 395, 396, 397, 399, 400]
x_22: [2, 4, 6, 7, 8, 9, 10, 11, 19, 20, 24, 26, 27, 28, 29, 30, 34, 37, 38, 41, 44, 45, 47, 49, 52, 53, 54, 58, 59, 63, 66, 67, 68, 69, 70, 71, 73, 74, 76, 78, 81, 82, 84, 85, 87, 89, 93, 94, 95, 96, 97, 101, 103, 104, 106, 108, 110, 113, 115, 116, 118, 121, 125, 126, 127, 135, 136, 137, 138, 139, 141, 146, 149, 153, 155, 160, 162, 164, 165, 167, 168, 169, 170, 172, 174, 175, 183, 185, 186, 187, 188, 194, 199, 202, 203, 204, 207, 213, 214, 215, 216, 217, 218, 219, 220, 221, 222, 223, 224, 225, 231, 232, 235, 237, 239, 240, 241, 242, 246, 248, 251, 252, 253, 255, 257, 258, 259, 262, 263, 265, 267, 268, 270, 271, 276, 278, 280, 281, 282, 283, 284, 285, 286, 290, 291, 292, 293, 294, 299, 300, 303, 305, 306, 308, 309, 312, 314, 316, 318, 324, 326, 327, 333, 334, 336, 337, 338, 341, 345, 347, 348, 350, 351, 352, 356, 358, 363, 364, 365, 369, 372, 373, 379, 384, 385, 387, 389, 390, 391, 392, 394, 395, 396, 397, 399]
x_23: [2, 4, 7, 9, 10, 11, 13, 14, 17, 18, 19, 20, 24, 27, 28, 29, 30, 34, 35, 37, 38, 41, 44, 49, 50, 52, 53, 55, 58, 59, 60, 63, 64, 66, 67, 68, 69, 70, 71, 73, 74, 76, 79, 81, 82, 85, 89, 91, 94, 95, 97, 101, 103, 104, 108, 112, 113, 115, 116, 118, 125, 127, 129, 133, 135, 136, 137, 139, 144, 146, 153, 154, 160, 165, 167, 168, 174, 175, 181, 185, 186, 187, 194, 198, 199, 200, 204, 207, 214, 215, 216, 217, 218, 219, 221, 222, 223, 224, 227, 229, 231, 232, 234, 240, 241, 242, 245, 246, 251, 253, 255, 256, 257, 258, 259, 262, 263, 264, 265, 268, 271, 272, 276, 279, 281, 282, 284, 285, 286, 288, 290, 291, 292, 293, 294, 295, 297, 299, 300, 303, 305, 306, 308, 309, 310, 314, 321, 324, 326, 328, 330, 333, 334, 335, 336, 340, 341, 343, 344, 345, 347, 348, 350, 351, 353, 356, 357, 360, 362, 363, 364, 365, 373, 377, 378, 384, 385, 387, 389, 392, 394, 395, 397, 399]
x_24: [1, 2, 3, 6, 12, 13, 14, 15, 16, 18, 21, 22, 23, 26, 32, 33, 38, 39, 40, 42, 43, 44, 45, 46, 47, 48, 50, 51, 56, 57, 59, 60, 61, 62, 64, 65, 67, 72, 73, 74, 75, 76, 80, 81, 83, 85, 86, 87, 88, 90, 92, 94, 96, 97, 99, 100, 105, 107, 109, 111, 112, 114, 115, 117, 119, 120, 121, 122, 123, 128, 129, 130, 131, 134, 138, 139, 140, 142, 143, 144, 145, 147, 148, 149, 151, 152, 153, 154, 156, 157, 158, 159, 161, 163, 164, 166, 171, 173, 176, 177, 178, 180, 181, 182, 184, 189, 190, 191, 195, 196, 197, 200, 201, 202, 205, 206, 208, 209, 212, 219, 220, 225, 226, 227, 228, 229, 230, 233, 234, 235, 236, 237, 241, 243, 244, 245, 247, 249, 250, 252, 253, 254, 260, 261, 264, 267, 269, 270, 273, 274, 275, 277, 279, 280, 287, 288, 289, 294, 296, 298, 301, 304, 307, 311, 312, 313, 314, 316, 317, 319, 320, 321, 323, 325, 327, 328, 329, 331, 332, 334, 335, 337, 338, 339, 342, 343, 344, 349, 350, 351, 354, 357, 358, 359, 361, 362, 363, 366, 367, 368, 370, 371, 374, 375, 376, 378, 381, 383, 386, 388, 390, 393, 398, 399, 400]
x_25: [1, 3, 6, 7, 9, 11, 12, 13, 14, 15, 16, 20, 21, 26, 29, 32, 33, 36, 39, 40, 42, 43, 45, 46, 48, 49, 50, 51, 57, 60, 61, 62, 64, 65, 69, 70, 72, 75, 77, 80, 83, 87, 88, 90, 92, 96, 98, 105, 107, 109, 110, 111, 112, 114, 117, 119, 120, 121, 122, 123, 125, 126, 129, 130, 131, 132, 134, 137, 138, 141, 143, 144, 145, 146, 148, 149, 151, 152, 156, 157, 158, 161, 162, 166, 170, 171, 172, 173, 176, 177, 178, 179, 180, 181, 182, 184, 187, 188, 189, 190, 191, 192, 193, 195, 197, 200, 201, 202, 205, 206, 208, 209, 210, 211, 222, 223, 225, 226, 228, 229, 233, 234, 235, 236, 237, 243, 244, 245, 246, 247, 249, 250, 254, 260, 261, 264, 266, 269, 270, 271, 274, 275, 278, 279, 280, 281, 285, 287, 289, 292, 295, 296, 298, 301, 304, 305, 307, 312, 313, 315, 317, 318, 322, 323, 325, 327, 329, 337, 338, 339, 340, 343, 344, 345, 346, 349, 352, 354, 355, 357, 359, 360, 361, 364, 366, 367, 368, 371, 373, 374, 376, 377, 378, 380, 381, 382, 383, 385, 386, 388, 390, 393, 396, 398, 400]
x_26: [2, 4, 5, 6, 7, 8, 9, 10, 11, 17, 18, 19, 20, 22, 24, 25, 27, 29, 30, 34, 37, 38, 41, 44, 45, 47, 49, 53, 54, 55, 58, 63, 66, 68, 69, 71, 73, 78, 79, 81, 82, 85, 87, 89, 91, 93, 94, 96, 97, 101, 102, 103, 104, 108, 110, 113, 115, 116, 118, 121, 125, 126, 127, 133, 135, 136, 137, 138, 139, 141, 146, 149, 153, 155, 160, 162, 164, 165, 167, 168, 169, 170, 172, 174, 183, 185, 187, 188, 194, 198, 199, 202, 203, 204, 207, 213, 214, 215, 216, 217, 219, 221, 222, 223, 224, 225, 231, 232, 235, 237, 238, 239, 240, 241, 242, 246, 251, 252, 256, 257, 258, 259, 262, 263, 267, 268, 270, 271, 272, 276, 278, 280, 282, 283, 285, 286, 290, 291, 292, 293, 294, 297, 299, 300, 303, 305, 308, 309, 310, 312, 314, 316, 318, 324, 326, 327, 328, 330, 333, 334, 337, 338, 341, 347, 348, 350, 351, 352, 356, 358, 365, 369, 372, 375, 379, 387, 389, 390, 392, 395, 396, 397]
x_27: [1, 3, 5, 6, 8, 10, 12, 13, 14, 15, 21, 22, 23, 26, 31, 32, 33, 36, 37, 39, 40, 41, 43, 45, 46, 47, 48, 50, 51, 54, 56, 57, 58, 60, 61, 64, 65, 72, 75, 77, 78, 80, 83, 84, 87, 88, 89, 90, 92, 93, 98, 99, 100, 104, 105, 107, 109, 110, 112, 114, 116, 117, 119, 120, 122, 123, 127, 128, 129, 130, 132, 133, 134, 135, 138, 142, 143, 144, 145, 147, 148, 149, 151, 152, 154, 156, 157, 158, 159, 160, 161, 162, 163, 168, 169, 170, 174, 175, 176, 177, 178, 179, 180, 181, 182, 189, 190, 192, 193, 195, 196, 201, 202, 205, 206, 208, 209, 210, 211, 212, 216, 217, 218, 224, 225, 226, 227, 228, 229, 230, 234, 235, 236, 237, 243, 244, 245, 249, 250, 252, 254, 260, 261, 267, 269, 270, 273, 274, 275, 278, 279, 280, 287, 288, 289, 295, 296, 302, 304, 307, 311, 312, 315, 316, 317, 319, 320, 321, 322, 323, 324, 325, 327, 329, 331, 332, 337, 338, 339, 340, 342, 343, 344, 349, 355, 357, 359, 360, 361, 362, 366, 367, 368, 370, 371, 374, 376, 377, 378, 379, 381, 382, 383, 386, 388, 389, 390, 392, 393, 394, 395, 398]
x_28: [1, 3, 4, 14, 15, 16, 21, 22, 23, 31, 32, 33, 35, 36, 39, 40, 42, 43, 45, 46, 47, 48, 50, 51, 55, 56, 57, 60, 61, 64, 65, 71, 75, 77, 80, 83, 86, 87, 88, 90, 92, 95, 98, 99, 100, 102, 103, 105, 107, 109, 110, 111, 114, 117, 119, 120, 121, 123, 124, 128, 129, 130, 132, 134, 138, 141, 142, 144, 145, 147, 148, 149, 150, 151, 152, 154, 156, 157, 158, 159, 161, 163, 164, 166, 167, 169, 170, 171, 176, 177, 178, 179, 180, 181, 182, 183, 189, 190, 191, 192, 193, 194, 195, 197, 200, 201, 202, 205, 207, 208, 209, 211, 212, 213, 226, 227, 228, 229, 232, 233, 234, 235, 236, 237, 242, 243, 245, 250, 254, 258, 260, 261, 262, 263, 266, 267, 268, 269, 270, 273, 274, 275, 277, 278, 279, 280, 287, 288, 289, 290, 293, 296, 297, 298, 301, 306, 307, 308, 311, 312, 313, 315, 316, 317, 319, 322, 325, 327, 329, 330, 331, 332, 333, 335, 336, 337, 339, 340, 341, 342, 343, 344, 346, 348, 349, 354, 355, 357, 359, 360, 361, 362, 366, 367, 370, 374, 376, 377, 378, 380, 381, 383, 386, 388, 391, 393, 398, 400]
x_29: [3, 7, 9, 11, 12, 13, 14, 15, 16, 20, 21, 22, 23, 25, 26, 31, 32, 33, 36, 39, 40, 43, 45, 47, 48, 49, 50, 51, 56, 57, 60, 61, 62, 65, 69, 70, 72, 75, 77, 80, 83, 86, 87, 88, 90, 92, 96, 98, 99, 100, 107, 110, 111, 112, 114, 117, 119, 120, 121, 122, 123, 124, 125, 126, 128, 129, 130, 131, 132, 134, 137, 140, 141, 143, 144, 145, 146, 148, 149, 151, 154, 156, 157, 158, 159, 161, 162, 163, 164, 166, 169, 170, 171, 172, 173, 176, 177, 178, 179, 180, 181, 182, 187, 188, 189, 190, 191, 192, 193, 195, 196, 197, 200, 202, 205, 206, 208, 209, 210, 211, 222, 223, 225, 226, 227, 228, 229, 230, 234, 235, 236, 237, 243, 244, 245, 246, 249, 250, 252, 254, 260, 261, 269, 270, 271, 273, 274, 275, 277, 278, 279, 280, 281, 285, 287, 289, 292, 295, 296, 298, 302, 304, 305, 307, 311, 312, 313, 315, 316, 317, 318, 319, 320, 321, 322, 323, 325, 327, 329, 331, 332, 338, 340, 342, 343, 344, 345, 346, 349, 352, 354, 355, 357, 359, 360, 361, 362, 364, 366, 367, 370, 371, 373, 374, 376, 378, 380, 381, 382, 383, 385, 386, 388, 390, 396, 398, 400]
x_30: [1, 3, 6, 13, 14, 15, 16, 19, 21, 22, 23, 26, 31, 32, 33, 36, 39, 40, 42, 43, 45, 46, 47, 48, 51, 52, 53, 56, 57, 60, 61, 62, 64, 65, 66, 75, 77, 80, 82, 83, 86, 87, 90, 96, 98, 99, 100, 105, 106, 107, 109, 110, 111, 112, 113, 114, 117, 119, 120, 121, 123, 124, 128, 129, 130, 131, 132, 140, 141, 143, 144, 145, 147, 148, 149, 151, 152, 154, 156, 157, 158, 159, 161, 162, 163, 164, 166, 169, 170, 171, 173, 176, 177, 178, 179, 180, 181, 182, 184, 185, 190, 191, 192, 193, 195, 196, 197, 199, 201, 203, 205, 206, 208, 209, 210, 211, 212, 214, 215, 221, 225, 226, 227, 228, 229, 233, 234, 235, 236, 237, 239, 243, 244, 245, 247, 248, 250, 251, 252, 254, 256, 257, 259, 260, 261, 264, 265, 267, 273, 274, 275, 276, 277, 279, 280, 284, 286, 287, 288, 289, 291, 295, 296, 298, 299, 300, 301, 302, 303, 304, 307, 312, 313, 315, 317, 319, 320, 321, 322, 323, 325, 327, 331, 332, 335, 337, 338, 339, 340, 342, 344, 346, 349, 353, 354, 357, 359, 360, 361, 362, 366, 367, 369, 370, 371, 374, 376, 377, 378, 380, 381, 382, 383, 386, 387, 388, 390, 393, 398]
x_31: [2, 4, 5, 7, 8, 9, 10, 11, 17, 19, 20, 27, 28, 29, 30, 34, 35, 36, 37, 38, 40, 41, 44, 49, 52, 54, 55, 63, 66, 67, 68, 69, 70, 71, 73, 74, 76, 81, 84, 85, 89, 91, 93, 94, 97, 100, 101, 103, 104, 106, 108, 113, 117, 118, 124, 125, 126, 127, 128, 130, 133, 135, 136, 137, 142, 143, 145, 146, 150, 153, 155, 156, 158, 160, 165, 167, 168, 172, 173, 174, 175, 176, 179, 183, 185, 186, 187, 188, 192, 194, 196, 198, 203, 204, 205, 207, 208, 213, 214, 215, 216, 217, 218, 219, 220, 222, 224, 226, 231, 232, 233, 238, 239, 240, 241, 242, 246, 248, 251, 255, 256, 258, 262, 263, 265, 268, 272, 275, 276, 282, 283, 284, 285, 286, 287, 290, 291, 292, 294, 296, 297, 299, 300, 303, 305, 306, 308, 309, 310, 314, 318, 319, 322, 324, 326, 328, 333, 336, 341, 345, 348, 350, 351, 355, 356, 358, 363, 364, 365, 368, 369, 372, 373, 375, 379, 380, 384, 385, 387, 389, 391, 393, 394, 395, 396, 397, 399]
x_32: [2, 3, 4, 5, 8, 9, 10, 11, 16, 17, 18, 20, 24, 25, 27, 28, 29, 30, 34, 35, 37, 41, 44, 49, 51, 54, 55, 57, 58, 59, 67, 68, 69, 70, 71, 73, 74, 76, 78, 79, 81, 82, 84, 88, 89, 91, 93, 95, 97, 101, 102, 104, 106, 113, 115, 116, 118, 120, 123, 125, 126, 127, 133, 135, 136, 137, 139, 140, 146, 147, 150, 151, 153, 155, 159, 160, 166, 168, 174, 175, 183, 185, 187, 188, 189, 194, 195, 197, 198, 199, 203, 204, 206, 207, 212, 213, 214, 216, 217, 218, 219, 220, 221, 222, 223, 224, 231, 238, 239, 241, 242, 243, 244, 246, 248, 251, 255, 257, 258, 259, 262, 265, 268, 269, 271, 272, 276, 281, 283, 284, 286, 289, 290, 291, 292, 293, 294, 297, 299, 300, 303, 304, 305, 306, 308, 309, 310, 314, 318, 324, 326, 328, 330, 332, 333, 334, 336, 339, 341, 345, 346, 347, 348, 349, 350, 351, 352, 353, 356, 358, 363, 364, 365, 366, 369, 370, 372, 373, 375, 379, 383, 384, 385, 391, 392, 394, 395, 396, 397, 398, 399]
x_33: [2, 4, 5, 7, 8, 11, 17, 18, 19, 20, 21, 24, 25, 27, 28, 29, 30, 34, 35, 37, 38, 39, 41, 44, 54, 58, 59, 62, 63, 65, 66, 67, 68, 69, 70, 71, 74, 75, 76, 78, 81, 82, 83, 85, 86, 89, 91, 92, 93, 94, 95, 97, 98, 101, 102, 103, 104, 105, 106, 108, 113, 114, 115, 116, 118, 119, 126, 127, 133, 135, 136, 139, 146, 150, 152, 153, 160, 165, 167, 168, 171, 172, 174, 175, 178, 183, 185, 186, 187, 188, 194, 198, 199, 204, 207, 213, 214, 216, 217, 218, 220, 221, 222, 223, 224, 238, 239, 241, 246, 247, 248, 249, 251, 253, 254, 255, 256, 257, 259, 262, 263, 265, 268, 271, 272, 273, 276, 281, 282, 283, 284, 285, 286, 291, 292, 294, 297, 300, 303, 305, 306, 309, 311, 314, 317, 318, 323, 324, 325, 326, 328, 329, 330, 333, 334, 336, 345, 348, 350, 351, 352, 353, 356, 358, 361, 363, 364, 365, 369, 372, 373, 375, 376, 381, 384, 385, 386, 387, 391, 392, 394, 395, 397, 400]
x_34: [1, 3, 6, 12, 13, 14, 17, 21, 22, 23, 26, 31, 32, 33, 36, 39, 40, 43, 45, 50, 51, 56, 57, 60, 61, 62, 63, 68, 77, 79, 80, 83, 86, 90, 91, 92, 96, 98, 99, 100, 101, 105, 107, 108, 109, 111, 112, 114, 117, 118, 119, 120, 121, 123, 124, 128, 129, 130, 131, 132, 134, 136, 138, 141, 144, 145, 147, 149, 151, 152, 154, 155, 157, 159, 162, 163, 165, 166, 169, 170, 171, 173, 176, 177, 178, 179, 180, 181, 182, 184, 186, 189, 190, 193, 195, 196, 197, 198, 200, 201, 202, 204, 205, 206, 209, 210, 211, 212, 226, 227, 228, 229, 230, 231, 233, 234, 235, 236, 238, 240, 244, 245, 247, 249, 250, 252, 254, 255, 261, 264, 266, 267, 269, 270, 272, 275, 277, 278, 279, 280, 282, 283, 287, 288, 289, 295, 296, 298, 301, 302, 304, 307, 309, 310, 311, 313, 316, 317, 320, 321, 322, 323, 326, 327, 329, 331, 332, 335, 337, 338, 340, 342, 343, 344, 347, 349, 354, 355, 356, 359, 360, 361, 365, 366, 367, 370, 371, 372, 376, 377, 378, 380, 381, 382, 383, 384, 388, 393, 397, 398, 400]
x_35: [1, 3, 4, 6, 13, 14, 15, 16, 21, 23, 28, 31, 32, 33, 36, 39, 40, 42, 43, 47, 48, 50, 51, 55, 57, 60, 61, 62, 64, 65, 71, 72, 75, 77, 80, 83, 86, 87, 88, 90, 95, 99, 102, 103, 105, 107, 109, 110, 111, 112, 114, 117, 119, 120, 121, 122, 128, 130, 131, 132, 134, 138, 140, 142, 144, 145, 147, 149, 150, 151, 156, 158, 159, 162, 163, 164, 166, 167, 169, 170, 171, 173, 176, 181, 182, 183, 189, 190, 191, 192, 193, 194, 195, 196, 197, 200, 201, 202, 205, 206, 207, 208, 209, 211, 212, 213, 225, 226, 227, 228, 229, 230, 232, 234, 235, 236, 237, 242, 243, 244, 245, 247, 250, 252, 254, 258, 260, 261, 262, 263, 264, 266, 267, 268, 269, 270, 273, 274, 275, 277, 278, 280, 287, 289, 290, 293, 295, 296, 297, 301, 302, 304, 306, 307, 308, 311, 312, 313, 315, 317, 319, 320, 321, 322, 323, 325, 327, 329, 330, 331, 332, 333, 335, 336, 337, 338, 340, 341, 344, 348, 349, 354, 355, 357, 359, 360, 361, 362, 366, 367, 370, 371, 374, 377, 378, 380, 381, 382, 386, 388, 390, 391, 398]
x_36: [2, 4, 7, 8, 9, 10, 11, 17, 18, 19, 20, 25, 27, 28, 29, 30, 31, 34, 35, 37, 38, 40, 41, 44, 49, 52, 53, 54, 58, 59, 63, 66, 67, 68, 69, 70, 71, 73, 74, 78, 79, 81, 82, 85, 89, 91, 94, 95, 97, 100, 102, 103, 104, 106, 108, 113, 116, 117, 118, 124, 125, 126, 127, 128, 130, 133, 135, 136, 137, 139, 142, 143, 145, 146, 150, 153, 155, 156, 158, 160, 165, 167, 168, 173, 175, 176, 179, 183, 185, 186, 187, 188, 192, 194, 196, 198, 199, 203, 204, 205, 207, 208, 213, 215, 217, 218, 219, 220, 221, 222, 223, 224, 226, 231, 232, 233, 238, 239, 240, 241, 246, 248, 251, 253, 255, 256, 257, 259, 262, 263, 265, 268, 271, 272, 275, 276, 281, 282, 283, 284, 285, 286, 287, 290, 291, 292, 294, 296, 299, 300, 303, 305, 306, 308, 309, 310, 314, 318, 319, 322, 324, 326, 328, 330, 333, 334, 336, 345, 347, 350, 355, 356, 358, 363, 364, 365, 368, 369, 372, 373, 375, 380, 387, 389, 391, 392, 393, 394, 395, 396, 399]
x_37: [1, 3, 5, 6, 8, 10, 12, 14, 15, 16, 21, 22, 23, 26, 27, 31, 32, 33, 36, 40, 41, 45, 47, 48, 51, 54, 56, 58, 60, 61, 62, 65, 77, 78, 80, 83, 84, 86, 87, 88, 89, 90, 92, 93, 96, 98, 99, 100, 104, 105, 107, 109, 110, 111, 112, 114, 116, 117, 119, 120, 121, 122, 124, 127, 128, 129, 130, 131, 132, 133, 134, 135, 138, 140, 141, 142, 144, 145, 147, 148, 149, 151, 152, 154, 156, 158, 159, 160, 161, 163, 164, 168, 169, 170, 171, 173, 174, 175, 176, 177, 178, 181, 182, 184, 189, 190, 191, 193, 195, 196, 197, 200, 201, 205, 206, 208, 209, 210, 211, 212, 216, 217, 218, 224, 225, 226, 228, 230, 233, 234, 235, 236, 237, 243, 244, 245, 247, 249, 250, 252, 254, 260, 261, 264, 266, 267, 269, 270, 273, 275, 277, 278, 279, 280, 287, 288, 289, 295, 296, 298, 301, 302, 307, 311, 312, 313, 315, 317, 319, 320, 321, 322, 323, 324, 325, 327, 329, 331, 332, 335, 337, 338, 339, 340, 342, 343, 344, 349, 354, 355, 359, 360, 361, 362, 366, 367, 368, 370, 371, 374, 376, 377, 378, 379, 380, 381, 382, 383, 386, 388, 389, 390, 392, 393, 394, 395, 398, 400]
x_38: [1, 2, 3, 6, 12, 13, 14, 15, 16, 18, 21, 22, 23, 24, 26, 31, 33, 36, 39, 40, 42, 43, 44, 46, 47, 48, 50, 51, 56, 57, 59, 60, 61, 62, 64, 65, 67, 72, 73, 74, 75, 76, 77, 80, 81, 83, 85, 87, 88, 90, 92, 94, 96, 97, 98, 100, 105, 109, 111, 114, 115, 117, 119, 120, 121, 122, 124, 128, 130, 131, 132, 134, 138, 139, 140, 141, 142, 143, 144, 145, 147, 148, 149, 151, 153, 154, 156, 157, 158, 159, 161, 162, 163, 164, 169, 170, 171, 173, 176, 177, 178, 179, 180, 181, 182, 184, 189, 190, 191, 192, 195, 197, 200, 201, 202, 205, 206, 209, 210, 211, 212, 219, 220, 225, 226, 227, 228, 229, 230, 233, 234, 235, 236, 237, 241, 243, 244, 247, 249, 250, 252, 253, 254, 260, 261, 264, 266, 267, 269, 270, 273, 274, 277, 278, 280, 287, 288, 294, 295, 298, 301, 302, 304, 307, 312, 313, 314, 315, 316, 317, 319, 320, 321, 322, 323, 325, 328, 329, 331, 332, 334, 335, 337, 338, 339, 340, 342, 343, 344, 346, 349, 350, 351, 354, 357, 358, 359, 360, 362, 363, 366, 368, 370, 371, 374, 375, 376, 377, 378, 380, 381, 382, 383, 386, 388, 390, 393, 398, 399, 400]
x_39: [2, 4, 5, 8, 9, 11, 17, 18, 19, 20, 21, 24, 25, 27, 28, 29, 30, 33, 34, 35, 38, 41, 44, 49, 52, 53, 54, 55, 58, 62, 63, 65, 66, 67, 68, 69, 70, 71, 73, 75, 76, 78, 79, 81, 82, 83, 84, 85, 86, 89, 91, 92, 93, 94, 95, 97, 98, 102, 103, 104, 105, 113, 114, 115, 116, 118, 119, 126, 127, 133, 135, 136, 139, 146, 152, 153, 155, 160, 165, 167, 171, 172, 174, 175, 178, 183, 185, 186, 187, 188, 199, 207, 213, 214, 215, 216, 217, 218, 219, 220, 222, 224, 231, 232, 238, 239, 240, 241, 242, 246, 247, 248, 249, 251, 253, 254, 255, 256, 257, 258, 259, 262, 263, 265, 268, 271, 272, 273, 276, 281, 282, 283, 284, 285, 286, 290, 291, 292, 294, 299, 300, 305, 309, 311, 314, 317, 318, 323, 324, 325, 328, 329, 330, 333, 334, 336, 341, 345, 347, 348, 350, 351, 352, 353, 356, 358, 361, 363, 364, 365, 369, 372, 375, 376, 379, 381, 384, 386, 387, 389, 392, 394, 395, 396, 397, 399, 400]
x_40: [2, 4, 5, 7, 8, 9, 10, 11, 17, 18, 19, 20, 24, 25, 27, 28, 29, 30, 31, 34, 35, 36, 37, 38, 41, 44, 49, 53, 54, 55, 58, 66, 67, 69, 70, 71, 73, 76, 78, 79, 81, 82, 84, 85, 93, 94, 95, 100, 101, 102, 103, 104, 106, 108, 113, 115, 116, 117, 124, 125, 126, 127, 128, 130, 135, 136, 137, 139, 142, 143, 145, 146, 150, 153, 155, 156, 158, 165, 167, 168, 172, 173, 174, 175, 176, 179, 183, 185, 186, 187, 188, 192, 196, 198, 203, 204, 205, 208, 213, 214, 215, 216, 217, 218, 219, 220, 221, 223, 224, 226, 231, 232, 233, 238, 239, 240, 241, 242, 246, 248, 251, 253, 255, 256, 258, 259, 262, 263, 265, 268, 271, 272, 275, 276, 282, 283, 284, 285, 286, 287, 290, 291, 292, 293, 294, 296, 297, 299, 300, 303, 306, 308, 309, 310, 314, 319, 322, 324, 326, 328, 330, 333, 334, 336, 341, 347, 348, 351, 352, 355, 356, 358, 363, 364, 365, 368, 369, 372, 373, 379, 380, 384, 385, 387, 389, 391, 392, 393, 396, 397]
x_41: [1, 3, 5, 6, 8, 10, 12, 13, 14, 15, 21, 22, 23, 26, 27, 31, 32, 33, 36, 37, 39, 40, 42, 43, 45, 46, 47, 50, 54, 56, 58, 60, 61, 62, 64, 65, 72, 75, 77, 78, 80, 83, 84, 86, 87, 88, 89, 90, 92, 93, 96, 99, 100, 104, 105, 107, 109, 110, 111, 112, 114, 116, 117, 119, 120, 121, 122, 123, 124, 127, 128, 129, 130, 131, 132, 133, 134, 135, 138, 140, 141, 142, 143, 144, 148, 149, 152, 154, 158, 159, 160, 162, 163, 164, 166, 168, 170, 171, 173, 174, 175, 177, 178, 179, 180, 181, 182, 189, 190, 191, 192, 193, 195, 196, 197, 200, 201, 205, 206, 209, 210, 211, 216, 217, 218, 224, 225, 226, 227, 228, 229, 230, 233, 234, 235, 236, 237, 243, 244, 245, 247, 250, 252, 254, 260, 264, 266, 267, 269, 270, 274, 275, 277, 279, 280, 287, 289, 295, 296, 301, 302, 304, 307, 311, 312, 313, 315, 316, 317, 319, 321, 322, 323, 324, 325, 327, 329, 331, 332, 335, 337, 338, 339, 340, 342, 343, 344, 346, 349, 354, 357, 360, 361, 362, 366, 367, 368, 370, 371, 374, 376, 378, 379, 380, 381, 383, 386, 388, 389, 390, 392, 394, 395, 400]
x_42: [1, 4, 5, 8, 9, 10, 11, 17, 18, 19, 20, 24, 25, 28, 30, 35, 38, 41, 44, 46, 48, 49, 52, 54, 55, 58, 63, 66, 67, 68, 69, 70, 71, 73, 74, 76, 77, 78, 79, 81, 82, 84, 85, 89, 91, 94, 95, 97, 99, 101, 102, 103, 106, 107, 108, 109, 111, 113, 115, 116, 125, 126, 132, 134, 135, 136, 137, 139, 146, 148, 150, 153, 155, 160, 161, 165, 167, 168, 172, 175, 183, 184, 186, 187, 188, 191, 194, 198, 199, 201, 203, 204, 207, 209, 210, 211, 213, 214, 215, 216, 217, 218, 219, 220, 221, 222, 223, 224, 231, 232, 236, 238, 240, 241, 246, 248, 250, 251, 253, 255, 256, 257, 259, 260, 261, 262, 263, 265, 266, 268, 272, 274, 276, 281, 282, 283, 285, 286, 290, 292, 293, 297, 299, 300, 301, 303, 305, 307, 308, 309, 314, 315, 318, 324, 326, 328, 331, 333, 336, 341, 345, 347, 348, 350, 352, 353, 356, 358, 363, 365, 369, 372, 375, 379, 384, 385, 387, 388, 389, 391, 392, 394, 395, 396, 397, 399]
x_43: [2, 4, 5, 8, 10, 11, 12, 15, 17, 18, 19, 20, 24, 25, 27, 28, 29, 30, 34, 35, 38, 41, 44, 52, 54, 55, 56, 58, 59, 61, 63, 66, 67, 68, 69, 70, 71, 72, 73, 74, 76, 78, 79, 80, 82, 84, 85, 89, 90, 91, 93, 95, 97, 101, 102, 106, 108, 113, 115, 116, 118, 122, 125, 126, 127, 131, 133, 135, 136, 137, 139, 146, 153, 155, 157, 160, 163, 165, 167, 168, 175, 177, 180, 182, 183, 185, 186, 187, 188, 190, 193, 194, 198, 199, 203, 204, 207, 213, 214, 215, 216, 217, 218, 219, 221, 222, 223, 224, 228, 230, 231, 232, 238, 239, 240, 241, 242, 251, 253, 255, 256, 257, 258, 259, 262, 265, 268, 271, 272, 276, 277, 281, 283, 284, 286, 290, 291, 292, 293, 294, 297, 298, 300, 302, 303, 305, 306, 308, 309, 313, 318, 320, 324, 328, 330, 333, 334, 336, 341, 342, 345, 347, 348, 350, 353, 354, 356, 358, 359, 363, 364, 365, 367, 369, 371, 372, 373, 374, 375, 382, 385, 387, 391, 392, 394, 395, 396]
x_44: [1, 2, 3, 6, 12, 13, 14, 15, 16, 18, 21, 22, 23, 24, 26, 31, 32, 33, 36, 38, 39, 40, 42, 43, 46, 48, 51, 56, 59, 62, 67, 72, 73, 74, 75, 76, 77, 80, 81, 83, 85, 86, 87, 88, 90, 92, 94, 96, 97, 99, 100, 105, 107, 109, 110, 111, 115, 117, 119, 120, 122, 124, 128, 130, 131, 132, 139, 140, 141, 142, 144, 145, 148, 152, 153, 154, 156, 157, 158, 159, 161, 162, 163, 164, 166, 169, 170, 171, 177, 178, 179, 180, 181, 182, 184, 189, 190, 191, 192, 196, 197, 200, 201, 202, 206, 208, 209, 211, 219, 220, 225, 226, 227, 228, 229, 230, 234, 237, 241, 243, 244, 245, 247, 249, 250, 252, 253, 254, 260, 261, 266, 267, 269, 273, 274, 275, 277, 278, 279, 288, 289, 294, 295, 298, 301, 304, 307, 311, 312, 313, 314, 315, 316, 317, 320, 321, 322, 323, 325, 327, 328, 329, 331, 332, 334, 335, 337, 338, 339, 340, 343, 346, 349, 350, 351, 354, 355, 358, 359, 360, 361, 362, 363, 367, 368, 370, 371, 375, 376, 377, 378, 381, 382, 390, 398, 399, 400]
x_45: [2, 4, 5, 6, 7, 8, 9, 10, 11, 17, 18, 22, 24, 25, 26, 27, 28, 29, 30, 34, 37, 41, 47, 49, 52, 53, 55, 58, 59, 63, 66, 67, 68, 69, 70, 71, 73, 74, 76, 79, 81, 82, 84, 85, 87, 89, 91, 93, 94, 95, 96, 101, 102, 103, 104, 106, 108, 110, 113, 115, 121, 125, 126, 127, 133, 135, 136, 137, 138, 139, 141, 146, 149, 153, 155, 160, 162, 164, 165, 167, 168, 169, 170, 172, 175, 183, 185, 186, 187, 188, 194, 198, 199, 202, 203, 204, 213, 214, 215, 216, 217, 218, 219, 220, 222, 223, 225, 231, 232, 235, 237, 238, 239, 240, 241, 242, 246, 252, 253, 255, 256, 258, 259, 262, 263, 265, 267, 268, 270, 272, 278, 280, 281, 282, 283, 285, 286, 290, 291, 293, 294, 297, 299, 300, 303, 305, 306, 308, 309, 310, 312, 316, 324, 327, 330, 333, 334, 336, 337, 338, 341, 345, 347, 348, 350, 351, 352, 353, 358, 363, 364, 365, 369, 372, 373, 375, 379, 384, 385, 389, 390, 391, 392, 394, 395, 396, 397, 399]
x_46: [1, 2, 4, 5, 7, 9, 10, 11, 17, 18, 19, 20, 24, 25, 27, 28, 30, 38, 41, 42, 44, 48, 49, 52, 53, 54, 55, 58, 59, 63, 66, 67, 68, 69, 70, 73, 74, 76, 77, 78, 79, 81, 85, 89, 91, 93, 94, 95, 99, 101, 103, 104, 106, 107, 108, 109, 111, 113, 115, 118, 125, 132, 134, 135, 136, 137, 146, 148, 150, 155, 160, 161, 167, 168, 172, 174, 175, 183, 184, 185, 186, 187, 188, 191, 194, 198, 201, 203, 204, 209, 210, 211, 213, 215, 216, 217, 218, 219, 220, 221, 222, 223, 224, 231, 232, 236, 239, 240, 241, 242, 248, 250, 253, 255, 256, 258, 259, 260, 261, 262, 263, 265, 266, 268, 271, 272, 274, 281, 283, 284, 285, 286, 290, 291, 292, 293, 294, 297, 299, 300, 301, 303, 305, 306, 307, 308, 309, 310, 315, 318, 324, 326, 328, 330, 331, 333, 334, 336, 341, 347, 348, 350, 351, 353, 356, 358, 363, 364, 365, 369, 372, 373, 375, 385, 387, 388, 389, 392, 395, 396, 397, 399]
x_47: [4, 5, 6, 7, 8, 9, 10, 11, 18, 19, 20, 22, 24, 26, 27, 28, 29, 30, 35, 37, 38, 41, 45, 49, 52, 53, 54, 55, 58, 59, 63, 66, 68, 69, 70, 71, 74, 76, 79, 85, 87, 89, 91, 93, 94, 95, 96, 97, 101, 102, 103, 104, 106, 108, 110, 113, 116, 118, 121, 125, 126, 127, 135, 137, 138, 139, 141, 146, 149, 150, 153, 155, 160, 162, 164, 165, 167, 168, 169, 170, 172, 174, 175, 183, 185, 186, 187, 188, 194, 199, 202, 203, 207, 213, 215, 216, 217, 218, 219, 220, 221, 223, 224, 225, 231, 235, 237, 238, 239, 240, 241, 242, 246, 251, 252, 253, 255, 256, 257, 258, 259, 262, 263, 265, 267, 268, 270, 272, 276, 278, 280, 281, 282, 283, 284, 285, 290, 291, 292, 293, 294, 297, 299, 300, 305, 306, 309, 310, 312, 314, 316, 318, 326, 327, 328, 330, 333, 334, 336, 337, 338, 345, 347, 348, 351, 352, 353, 356, 358, 363, 365, 372, 373, 375, 379, 384, 385, 387, 389, 390, 391, 394, 395, 396, 397, 399]
x_48: [1, 5, 7, 8, 9, 10, 11, 19, 24, 25, 27, 28, 29, 30, 35, 37, 38, 42, 44, 46, 53, 54, 55, 58, 59, 63, 66, 67, 69, 70, 71, 73, 74, 76, 77, 78, 79, 81, 82, 84, 89, 93, 95, 97, 99, 101, 102, 103, 104, 106, 107, 108, 109, 111, 115, 116, 118, 125, 126, 127, 132, 134, 135, 136, 137, 148, 153, 160, 161, 165, 167, 168, 172, 174, 175, 183, 184, 186, 188, 191, 194, 201, 203, 204, 207, 209, 210, 211, 213, 214, 215, 216, 219, 220, 221, 222, 224, 231, 232, 236, 238, 239, 240, 241, 242, 246, 248, 250, 251, 253, 255, 257, 258, 259, 260, 261, 263, 265, 266, 268, 271, 272, 274, 276, 281, 282, 283, 284, 286, 291, 292, 293, 294, 297, 299, 301, 303, 305, 306, 307, 308, 309, 310, 314, 315, 318, 324, 328, 330, 331, 333, 334, 336, 341, 345, 347, 348, 351, 352, 356, 358, 365, 369, 372, 373, 375, 379, 385, 387, 388, 391, 392, 394, 395, 396, 397, 399]
x_49: [1, 3, 6, 7, 9, 11, 12, 13, 14, 15, 16, 20, 21, 22, 23, 25, 26, 29, 31, 32, 36, 39, 40, 42, 45, 46, 47, 50, 51, 56, 60, 61, 65, 69, 70, 77, 80, 83, 86, 87, 88, 90, 92, 99, 105, 107, 109, 110, 111, 112, 114, 117, 119, 120, 121, 122, 123, 125, 126, 128, 129, 130, 131, 132, 134, 137, 138, 141, 142, 143, 144, 145, 146, 147, 148, 149, 151, 152, 154, 156, 158, 159, 161, 162, 163, 164, 166, 169, 170, 171, 172, 173, 176, 177, 178, 179, 180, 181, 182, 184, 187, 188, 189, 191, 192, 193, 195, 196, 197, 200, 201, 202, 205, 208, 209, 210, 211, 212, 222, 223, 225, 227, 233, 235, 236, 243, 244, 246, 247, 250, 252, 254, 260, 261, 264, 266, 267, 269, 270, 271, 273, 275, 277, 278, 279, 280, 281, 285, 287, 288, 289, 292, 295, 296, 298, 301, 304, 305, 307, 311, 312, 313, 315, 316, 317, 318, 319, 320, 321, 322, 323, 325, 327, 331, 332, 335, 337, 339, 342, 343, 344, 345, 346, 349, 352, 354, 355, 357, 359, 361, 362, 364, 366, 367, 368, 371, 373, 374, 376, 377, 381, 382, 383, 385, 386, 388, 390, 393, 396, 398, 400]
x_50: [2, 4, 7, 8, 9, 10, 11, 13, 14, 17, 18, 20, 23, 24, 25, 27, 28, 29, 34, 35, 38, 41, 49, 52, 53, 54, 55, 58, 59, 60, 63, 64, 67, 68, 70, 74, 76, 78, 79, 81, 82, 84, 85, 91, 93, 94, 95, 97, 101, 102, 103, 104, 106, 108, 112, 113, 116, 118, 125, 127, 129, 135, 136, 137, 139, 144, 146, 150, 154, 155, 160, 165, 167, 168, 172, 174, 175, 181, 183, 185, 186, 187, 188, 199, 200, 203, 207, 213, 214, 215, 216, 217, 219, 220, 221, 222, 224, 227, 229, 231, 232, 234, 238, 239, 240, 242, 245, 246, 248, 251, 253, 255, 256, 258, 259, 262, 263, 264, 265, 268, 271, 272, 276, 279, 281, 282, 283, 284, 285, 286, 288, 290, 291, 293, 295, 299, 305, 306, 308, 309, 310, 318, 321, 324, 326, 328, 330, 333, 334, 335, 336, 340, 341, 343, 344, 345, 347, 348, 350, 351, 352, 353, 356, 357, 358, 360, 362, 363, 364, 365, 372, 373, 375, 377, 378, 379, 385, 387, 389, 391, 392, 394, 395, 396, 397, 399]
x_51: [2, 3, 4, 5, 7, 8, 9, 10, 11, 16, 17, 18, 19, 20, 24, 25, 27, 28, 29, 30, 32, 34, 35, 37, 38, 44, 49, 52, 53, 54, 55, 57, 58, 59, 63, 66, 67, 69, 70, 71, 73, 74, 76, 78, 79, 81, 82, 84, 85, 88, 89, 91, 94, 95, 97, 101, 102, 103, 104, 106, 108, 113, 115, 116, 118, 120, 123, 125, 126, 127, 133, 135, 136, 137, 139, 140, 146, 147, 150, 151, 153, 155, 159, 160, 165, 166, 167, 168, 172, 174, 183, 185, 186, 187, 188, 189, 194, 195, 197, 198, 199, 203, 204, 206, 207, 212, 213, 215, 216, 217, 218, 220, 221, 222, 223, 224, 231, 232, 239, 240, 241, 242, 243, 244, 248, 253, 256, 257, 258, 259, 262, 265, 268, 269, 271, 276, 281, 282, 283, 284, 285, 286, 289, 290, 291, 292, 293, 297, 299, 300, 303, 304, 305, 306, 308, 309, 310, 314, 318, 324, 326, 328, 330, 332, 333, 336, 339, 341, 345, 346, 348, 349, 351, 352, 353, 356, 358, 363, 365, 366, 369, 370, 372, 373, 375, 383, 384, 385, 387, 389, 392, 394, 395, 396, 397, 398, 399]
x_52: [1, 3, 12, 14, 16, 19, 22, 23, 30, 31, 36, 39, 42, 43, 45, 46, 47, 50, 51, 53, 57, 60, 61, 62, 64, 65, 66, 72, 75, 77, 80, 82, 83, 86, 88, 90, 96, 98, 99, 100, 105, 106, 107, 109, 110, 112, 113, 114, 121, 122, 123, 124, 128, 129, 130, 131, 132, 134, 138, 141, 142, 143, 144, 145, 147, 148, 149, 151, 152, 154, 156, 157, 158, 162, 163, 164, 169, 171, 173, 176, 177, 178, 179, 181, 182, 185, 189, 190, 191, 192, 195, 196, 199, 200, 201, 202, 203, 205, 206, 209, 210, 211, 212, 214, 215, 221, 225, 226, 228, 229, 230, 233, 234, 236, 237, 239, 243, 244, 245, 247, 248, 249, 251, 252, 254, 256, 257, 259, 260, 261, 264, 265, 266, 267, 269, 270, 274, 275, 276, 277, 284, 286, 287, 288, 289, 291, 295, 296, 298, 299, 300, 301, 303, 313, 316, 317, 320, 325, 327, 331, 332, 335, 337, 338, 340, 343, 344, 346, 349, 353, 354, 355, 357, 360, 361, 362, 366, 368, 369, 370, 371, 374, 376, 377, 378, 380, 381, 382, 383, 386, 387, 388, 390, 393, 398, 400]
x_53: [1, 3, 6, 12, 13, 14, 16, 19, 21, 22, 23, 26, 30, 36, 39, 40, 45, 46, 47, 48, 50, 51, 52, 56, 60, 61, 64, 65, 66, 72, 77, 80, 82, 86, 87, 88, 90, 96, 98, 99, 100, 105, 106, 107, 109, 110, 111, 113, 114, 117, 119, 121, 122, 123, 124, 128, 129, 131, 132, 134, 138, 140, 141, 142, 143, 144, 145, 147, 148, 149, 151, 152, 154, 156, 157, 159, 161, 163, 166, 169, 170, 171, 173, 177, 178, 180, 181, 182, 185, 189, 190, 191, 192, 193, 195, 196, 197, 199, 200, 201, 202, 203, 205, 206, 209, 210, 211, 212, 214, 215, 221, 225, 226, 229, 233, 235, 237, 239, 243, 244, 247, 248, 249, 250, 251, 252, 254, 256, 257, 259, 260, 261, 264, 265, 266, 267, 269, 270, 273, 274, 275, 276, 277, 278, 280, 284, 286, 287, 288, 289, 291, 295, 296, 298, 299, 300, 301, 302, 303, 307, 311, 312, 313, 315, 316, 317, 319, 320, 321, 322, 323, 325, 327, 331, 332, 335, 338, 339, 340, 342, 346, 349, 353, 355, 357, 359, 360, 362, 367, 368, 369, 370, 371, 376, 378, 380, 381, 382, 383, 386, 387, 388, 390, 393, 400]
x_54: [1, 5, 6, 8, 10, 12, 13, 15, 16, 21, 22, 26, 27, 31, 32, 33, 36, 37, 39, 40, 41, 42, 43, 46, 47, 48, 50, 51, 56, 57, 58, 60, 62, 64, 65, 72, 75, 77, 78, 80, 83, 84, 86, 88, 89, 90, 92, 93, 96, 98, 99, 100, 104, 105, 107, 109, 110, 111, 112, 114, 116, 117, 119, 120, 121, 122, 127, 128, 129, 130, 131, 132, 133, 134, 135, 138, 140, 141, 143, 144, 147, 148, 149, 151, 152, 154, 157, 158, 159, 160, 161, 162, 163, 164, 166, 168, 169, 170, 171, 173, 174, 175, 176, 177, 178, 179, 180, 181, 182, 189, 190, 191, 192, 193, 195, 196, 200, 201, 202, 205, 206, 208, 209, 210, 211, 212, 216, 217, 218, 224, 226, 227, 228, 229, 230, 233, 234, 235, 236, 237, 243, 244, 245, 247, 249, 250, 252, 254, 260, 264, 266, 267, 269, 270, 273, 274, 275, 277, 279, 280, 287, 288, 289, 295, 296, 298, 301, 302, 304, 307, 312, 313, 315, 317, 319, 320, 321, 322, 323, 324, 327, 329, 331, 332, 335, 337, 338, 339, 342, 343, 344, 346, 349, 354, 355, 357, 360, 361, 362, 366, 367, 370, 371, 374, 376, 377, 379, 381, 382, 383, 388, 389, 390, 392, 393, 394, 395, 398, 400]
x_55: [1, 3, 4, 6, 12, 13, 14, 16, 21, 23, 26, 28, 31, 32, 35, 39, 40, 42, 43, 45, 46, 47, 48, 50, 51, 56, 57, 60, 61, 62, 64, 65, 71, 72, 75, 77, 80, 83, 86, 87, 88, 90, 92, 95, 96, 98, 99, 100, 102, 103, 105, 107, 111, 114, 117, 119, 121, 122, 123, 124, 129, 130, 131, 132, 134, 138, 140, 142, 143, 144, 145, 147, 148, 149, 150, 151, 152, 154, 156, 158, 159, 162, 163, 164, 166, 167, 169, 170, 173, 176, 177, 178, 179, 180, 181, 182, 183, 184, 189, 191, 192, 193, 194, 196, 197, 200, 201, 202, 205, 206, 207, 208, 209, 211, 212, 213, 226, 227, 228, 229, 232, 233, 234, 236, 242, 245, 247, 249, 250, 252, 254, 258, 260, 261, 262, 263, 264, 266, 267, 268, 269, 270, 274, 275, 278, 279, 287, 288, 289, 290, 293, 295, 296, 297, 298, 302, 304, 306, 307, 308, 311, 312, 313, 315, 316, 317, 319, 320, 321, 322, 323, 325, 327, 329, 330, 332, 333, 335, 336, 338, 339, 340, 341, 342, 343, 344, 348, 349, 354, 355, 357, 360, 361, 362, 366, 368, 370, 371, 374, 376, 377, 378, 380, 381, 383, 386, 388, 390, 391, 398, 400]
x_56: [4, 5, 7, 8, 9, 10, 12, 15, 17, 18, 19, 20, 24, 27, 28, 29, 30, 34, 37, 38, 41, 43, 44, 49, 53, 54, 55, 58, 61, 63, 66, 67, 68, 69, 70, 71, 72, 73, 74, 76, 78, 79, 80, 81, 82, 84, 85, 89, 90, 91, 93, 94, 95, 97, 101, 102, 103, 104, 108, 113, 115, 116, 118, 122, 126, 127, 131, 133, 135, 136, 137, 139, 150, 153, 155, 157, 160, 163, 165, 168, 172, 174, 175, 177, 180, 182, 185, 186, 187, 190, 193, 194, 203, 204, 207, 213, 214, 215, 216, 217, 218, 219, 220, 221, 222, 224, 228, 230, 231, 232, 238, 240, 241, 242, 246, 248, 251, 253, 255, 256, 257, 258, 259, 262, 263, 265, 276, 277, 281, 282, 283, 284, 285, 286, 290, 291, 292, 293, 298, 299, 300, 302, 303, 306, 308, 309, 310, 313, 318, 320, 324, 326, 328, 330, 333, 334, 336, 341, 342, 345, 348, 351, 353, 354, 356, 358, 359, 364, 365, 367, 369, 371, 373, 374, 375, 379, 382, 384, 385, 387, 389, 391, 392, 394, 395, 397, 399]
x_57: [2, 3, 4, 5, 8, 9, 10, 11, 16, 18, 19, 20, 24, 25, 27, 28, 29, 30, 32, 34, 35, 38, 51, 52, 54, 55, 58, 59, 63, 67, 69, 70, 71, 73, 74, 76, 78, 79, 81, 82, 84, 85, 88, 89, 91, 93, 94, 95, 97, 101, 102, 104, 108, 113, 116, 118, 120, 123, 125, 126, 127, 133, 135, 137, 139, 140, 147, 150, 151, 153, 159, 160, 166, 168, 172, 174, 175, 183, 185, 187, 188, 189, 194, 195, 197, 198, 199, 203, 204, 206, 207, 212, 213, 214, 215, 216, 217, 218, 219, 220, 222, 223, 224, 231, 232, 238, 240, 241, 242, 243, 244, 246, 248, 251, 253, 255, 256, 257, 258, 259, 263, 265, 269, 271, 272, 276, 281, 282, 283, 284, 286, 289, 290, 291, 292, 293, 294, 297, 299, 300, 303, 304, 305, 306, 308, 309, 310, 318, 324, 326, 328, 330, 332, 333, 334, 336, 339, 341, 345, 346, 347, 348, 349, 350, 351, 352, 353, 356, 358, 364, 365, 366, 369, 370, 372, 373, 383, 384, 385, 387, 389, 391, 392, 395, 396, 397, 398, 399]
x_58: [3, 5, 6, 8, 10, 12, 13, 14, 15, 21, 22, 23, 26, 27, 32, 33, 36, 37, 39, 40, 41, 42, 43, 45, 46, 47, 48, 50, 51, 54, 56, 57, 60, 62, 64, 65, 72, 75, 77, 78, 80, 83, 84, 86, 87, 88, 89, 90, 92, 93, 96, 98, 99, 100, 104, 105, 109, 110, 111, 112, 114, 116, 117, 120, 121, 123, 124, 127, 128, 130, 131, 132, 133, 135, 138, 140, 141, 144, 145, 147, 148, 149, 151, 152, 154, 156, 158, 160, 161, 162, 163, 164, 166, 168, 169, 170, 171, 173, 174, 175, 178, 179, 180, 181, 182, 184, 189, 190, 191, 193, 195, 196, 197, 200, 202, 205, 206, 209, 210, 211, 212, 216, 217, 218, 224, 225, 226, 228, 229, 230, 233, 234, 235, 236, 237, 243, 244, 245, 247, 249, 250, 254, 260, 261, 266, 270, 273, 274, 275, 277, 278, 279, 280, 288, 296, 298, 301, 302, 304, 307, 311, 312, 313, 315, 316, 317, 319, 320, 321, 323, 324, 325, 327, 331, 332, 335, 337, 338, 340, 342, 343, 344, 346, 349, 354, 355, 359, 360, 361, 362, 366, 367, 368, 370, 371, 374, 376, 377, 378, 379, 380, 382, 386, 389, 390, 392, 393, 394, 395, 398]
x_59: [1, 2, 3, 6, 12, 13, 14, 15, 18, 21, 22, 23, 24, 32, 33, 36, 38, 43, 44, 45, 46, 47, 48, 50, 51, 57, 60, 61, 64, 65, 67, 72, 73, 74, 75, 76, 80, 81, 85, 86, 88, 90, 94, 96, 97, 98, 99, 100, 105, 107, 109, 110, 111, 112, 114, 115, 117, 119, 120, 121, 123, 124, 128, 129, 130, 131, 132, 134, 138, 139, 140, 141, 142, 143, 144, 145, 147, 148, 151, 152, 153, 154, 156, 157, 161, 162, 163, 166, 169, 170, 171, 173, 177, 178, 179, 180, 181, 182, 184, 189, 190, 191, 192, 193, 195, 196, 197, 200, 201, 202, 205, 208, 209, 210, 211, 212, 219, 220, 225, 226, 227, 228, 229, 230, 233, 234, 235, 236, 241, 244, 245, 247, 249, 250, 252, 253, 254, 260, 261, 266, 267, 273, 274, 275, 277, 278, 279, 280, 288, 289, 294, 295, 296, 301, 302, 304, 307, 311, 312, 313, 314, 315, 316, 319, 320, 321, 322, 323, 325, 327, 328, 329, 331, 332, 334, 335, 337, 338, 339, 340, 342, 343, 344, 346, 349, 350, 351, 354, 355, 357, 358, 359, 361, 362, 363, 366, 370, 371, 374, 375, 377, 378, 380, 381, 382, 383, 386, 388, 390, 393, 398, 399, 400]
x_60: [2, 5, 7, 8, 9, 10, 11, 13, 14, 17, 18, 19, 20, 23, 24, 25, 27, 28, 29, 30, 34, 35, 37, 38, 41, 49, 50, 52, 53, 54, 55, 58, 59, 63, 64, 66, 67, 68, 70, 71, 74, 78, 79, 81, 82, 84, 85, 89, 91, 93, 95, 97, 101, 102, 103, 104, 108, 112, 113, 115, 118, 125, 126, 129, 133, 135, 136, 139, 144, 146, 150, 153, 154, 155, 160, 165, 167, 168, 172, 175, 181, 183, 185, 186, 187, 188, 194, 198, 199, 200, 203, 204, 207, 213, 214, 215, 216, 217, 218, 219, 220, 221, 222, 223, 224, 227, 229, 231, 232, 234, 239, 240, 241, 242, 245, 246, 248, 251, 253, 256, 257, 258, 259, 263, 264, 265, 268, 271, 276, 279, 281, 283, 284, 285, 286, 288, 290, 292, 293, 294, 295, 297, 299, 300, 305, 306, 308, 310, 314, 318, 321, 324, 326, 333, 334, 335, 336, 340, 341, 343, 344, 345, 347, 348, 351, 352, 353, 356, 357, 358, 360, 362, 363, 364, 369, 373, 375, 377, 378, 379, 384, 385, 387, 391, 392, 396, 397, 399]
x_61: [4, 5, 7, 8, 9, 10, 11, 12, 15, 17, 18, 19, 24, 25, 27, 28, 29, 30, 34, 35, 37, 38, 41, 43, 49, 52, 53, 55, 56, 59, 63, 66, 67, 68, 69, 70, 71, 72, 73, 74, 76, 78, 79, 80, 81, 82, 84, 85, 90, 91, 93, 94, 95, 97, 101, 102, 103, 104, 106, 108, 113, 115, 116, 118, 122, 125, 126, 127, 131, 135, 136, 137, 139, 146, 153, 155, 157, 160, 163, 165, 167, 168, 172, 174, 175, 177, 180, 182, 183, 186, 187, 188, 190, 193, 194, 198, 199, 203, 207, 213, 214, 215, 217, 218, 219, 220, 221, 222, 224, 228, 230, 231, 240, 242, 246, 248, 251, 255, 258, 259, 262, 263, 265, 268, 271, 272, 276, 277, 281, 282, 283, 285, 286, 290, 291, 292, 293, 294, 298, 299, 300, 302, 303, 305, 306, 309, 310, 313, 314, 318, 320, 324, 328, 330, 333, 334, 336, 341, 342, 345, 347, 348, 351, 352, 353, 354, 356, 359, 363, 364, 365, 367, 369, 371, 372, 373, 374, 375, 379, 382, 384, 387, 392, 394, 395, 396, 397, 399]
x_62: [2, 4, 5, 7, 8, 9, 17, 20, 21, 24, 25, 29, 30, 33, 34, 35, 37, 38, 39, 41, 44, 52, 54, 55, 58, 65, 66, 67, 71, 73, 74, 75, 76, 78, 81, 83, 84, 85, 86, 89, 92, 93, 94, 95, 97, 98, 101, 103, 104, 105, 106, 108, 113, 114, 115, 116, 118, 119, 125, 126, 127, 133, 135, 136, 139, 146, 150, 152, 155, 160, 165, 167, 171, 172, 174, 175, 178, 183, 185, 186, 187, 188, 194, 203, 204, 213, 214, 215, 216, 217, 219, 220, 221, 222, 224, 231, 232, 239, 240, 241, 242, 246, 247, 248, 249, 251, 254, 255, 256, 258, 259, 262, 263, 265, 268, 271, 272, 273, 276, 281, 282, 283, 284, 285, 286, 290, 291, 292, 293, 294, 299, 300, 303, 305, 308, 309, 310, 311, 314, 317, 318, 323, 324, 325, 326, 328, 329, 330, 333, 334, 336, 341, 345, 347, 348, 350, 351, 353, 356, 358, 361, 363, 364, 365, 369, 372, 375, 376, 379, 381, 384, 385, 386, 389, 391, 392, 394, 395, 396, 397, 399, 400]
x_63: [1, 3, 6, 12, 13, 17, 21, 22, 23, 26, 31, 33, 34, 36, 39, 42, 43, 45, 46, 47, 48, 50, 51, 56, 57, 60, 61, 64, 68, 72, 75, 77, 79, 80, 83, 86, 87, 88, 91, 92, 96, 98, 99, 100, 101, 107, 108, 109, 110, 111, 112, 114, 117, 118, 119, 121, 122, 123, 129, 131, 132, 134, 136, 138, 141, 142, 143, 144, 145, 147, 149, 151, 152, 154, 155, 156, 157, 158, 159, 161, 162, 163, 164, 165, 166, 170, 171, 173, 176, 177, 178, 179, 181, 182, 184, 186, 189, 191, 192, 193, 195, 196, 197, 198, 202, 204, 205, 206, 208, 209, 210, 212, 226, 227, 228, 229, 230, 231, 233, 234, 236, 237, 238, 240, 243, 244, 245, 247, 250, 252, 254, 255, 261, 264, 266, 269, 270, 272, 273, 274, 275, 277, 278, 279, 280, 282, 283, 287, 288, 289, 295, 296, 298, 301, 302, 304, 307, 309, 310, 311, 312, 313, 315, 316, 317, 319, 320, 321, 322, 323, 325, 326, 327, 329, 331, 337, 338, 339, 340, 342, 343, 344, 346, 347, 349, 354, 355, 356, 357, 359, 360, 362, 365, 366, 367, 368, 371, 372, 374, 376, 377, 378, 380, 381, 382, 383, 384, 386, 388, 393, 397, 398]
x_64: [2, 5, 7, 8, 9, 10, 11, 13, 14, 17, 18, 19, 20, 23, 24, 25, 27, 28, 30, 35, 38, 41, 50, 52, 53, 54, 55, 58, 59, 60, 63, 66, 67, 68, 69, 71, 73, 74, 76, 78, 79, 81, 82, 84, 85, 89, 91, 93, 94, 95, 97, 101, 103, 104, 106, 108, 112, 115, 116, 118, 125, 126, 127, 129, 133, 135, 136, 137, 139, 144, 146, 150, 153, 154, 155, 165, 167, 168, 175, 181, 183, 185, 187, 188, 194, 198, 199, 200, 203, 204, 207, 213, 214, 216, 217, 218, 219, 221, 224, 227, 229, 231, 232, 234, 238, 239, 240, 241, 242, 245, 246, 248, 253, 255, 256, 257, 258, 259, 262, 264, 265, 268, 271, 272, 276, 279, 281, 282, 283, 284, 285, 288, 290, 291, 292, 293, 294, 295, 297, 299, 303, 309, 310, 318, 321, 324, 326, 328, 330, 333, 334, 335, 336, 340, 343, 344, 345, 348, 350, 351, 352, 356, 357, 358, 360, 362, 363, 364, 365, 369, 372, 373, 375, 377, 378, 379, 384, 385, 387, 389, 391, 394, 396, 399]
x_65: [2, 4, 5, 7, 9, 10, 18, 19, 20, 21, 24, 25, 27, 28, 29, 30, 33, 35, 37, 38, 39, 41, 49, 52, 53, 54, 55, 58, 59, 62, 66, 67, 69, 70, 71, 73, 74, 75, 76, 78, 81, 82, 83, 86, 92, 93, 94, 95, 97, 98, 101, 102, 103, 104, 105, 106, 108, 113, 114, 115, 116, 118, 119, 125, 126, 133, 135, 136, 137, 139, 146, 150, 152, 153, 155, 160, 165, 167, 168, 171, 172, 174, 175, 178, 183, 185, 187, 188, 194, 198, 199, 203, 204, 207, 213, 215, 216, 217, 219, 220, 221, 222, 223, 231, 238, 239, 240, 241, 242, 246, 247, 248, 249, 253, 254, 255, 256, 257, 258, 262, 263, 265, 268, 271, 273, 276, 281, 282, 283, 284, 285, 286, 290, 291, 292, 293, 294, 299, 300, 305, 306, 308, 309, 310, 311, 317, 318, 323, 324, 325, 326, 328, 329, 330, 333, 334, 336, 341, 345, 347, 348, 350, 351, 352, 353, 358, 361, 363, 364, 365, 369, 372, 373, 375, 376, 379, 381, 385, 386, 387, 389, 391, 394, 395, 396, 397, 399, 400]
x_66: [1, 3, 6, 12, 14, 15, 16, 19, 21, 22, 23, 26, 30, 31, 33, 36, 39, 40, 42, 43, 45, 46, 47, 48, 51, 52, 53, 56, 60, 61, 62, 64, 65, 72, 75, 77, 82, 83, 87, 88, 90, 92, 96, 99, 100, 105, 106, 107, 109, 110, 111, 112, 113, 114, 117, 119, 120, 121, 122, 123, 124, 128, 129, 130, 131, 132, 134, 138, 140, 141, 142, 143, 144, 147, 148, 149, 152, 154, 156, 157, 158, 159, 161, 162, 163, 164, 166, 169, 171, 173, 176, 177, 178, 179, 180, 181, 182, 184, 185, 189, 190, 192, 193, 196, 199, 201, 202, 203, 206, 208, 209, 210, 212, 214, 215, 221, 225, 226, 227, 228, 229, 230, 233, 234, 235, 237, 239, 243, 244, 245, 247, 248, 249, 251, 252, 254, 256, 257, 259, 260, 261, 265, 266, 267, 269, 270, 275, 276, 279, 280, 284, 286, 287, 288, 289, 291, 296, 298, 299, 300, 301, 302, 303, 304, 307, 311, 312, 313, 315, 316, 319, 320, 321, 322, 323, 325, 327, 329, 331, 332, 335, 337, 338, 340, 343, 344, 346, 349, 353, 355, 357, 359, 360, 361, 362, 367, 368, 369, 370, 374, 376, 377, 380, 381, 382, 383, 386, 387, 388, 390]
x_67: [1, 2, 3, 6, 13, 14, 15, 16, 18, 21, 22, 23, 24, 31, 32, 33, 36, 38, 39, 40, 42, 43, 44, 45, 46, 48, 50, 51, 56, 57, 59, 60, 61, 62, 64, 65, 72, 73, 74, 75, 76, 77, 81, 83, 85, 87, 88, 90, 92, 94, 96, 97, 98, 99, 105, 107, 109, 110, 111, 112, 114, 115, 117, 119, 120, 121, 122, 123, 124, 128, 129, 130, 131, 132, 134, 138, 139, 140, 141, 142, 143, 144, 145, 147, 148, 149, 151, 152, 153, 154, 156, 157, 159, 161, 162, 163, 164, 166, 169, 170, 171, 173, 176, 177, 179, 180, 181, 182, 184, 189, 190, 191, 192, 193, 195, 196, 197, 200, 201, 202, 205, 206, 208, 209, 210, 219, 220, 225, 226, 227, 228, 229, 230, 234, 235, 236, 237, 241, 243, 244, 245, 247, 249, 250, 252, 253, 254, 260, 261, 264, 266, 267, 269, 270, 273, 274, 275, 277, 278, 279, 280, 287, 288, 289, 294, 295, 298, 301, 302, 304, 307, 312, 313, 314, 315, 317, 319, 320, 322, 323, 325, 327, 328, 329, 331, 334, 337, 338, 339, 342, 343, 344, 346, 349, 350, 351, 354, 355, 357, 358, 359, 360, 361, 362, 363, 367, 368, 370, 371, 374, 375, 376, 377, 378, 380, 381, 382, 383, 386, 388, 390, 393, 398, 399, 400]
x_68: [1, 6, 12, 13, 14, 15, 16, 17, 21, 22, 23, 26, 31, 32, 33, 34, 36, 39, 42, 43, 45, 46, 47, 50, 56, 60, 61, 63, 64, 75, 77, 79, 80, 83, 86, 87, 88, 91, 92, 96, 98, 99, 101, 105, 108, 109, 110, 111, 114, 117, 118, 119, 120, 121, 122, 123, 124, 128, 129, 134, 136, 138, 140, 141, 142, 143, 145, 147, 148, 151, 154, 155, 156, 157, 158, 159, 161, 162, 163, 164, 165, 166, 170, 171, 173, 177, 178, 179, 180, 181, 182, 184, 186, 189, 190, 191, 192, 193, 195, 196, 197, 198, 200, 201, 202, 204, 205, 206, 208, 209, 210, 211, 212, 225, 226, 227, 228, 229, 230, 231, 234, 235, 236, 237, 238, 240, 243, 244, 245, 247, 249, 250, 254, 255, 260, 261, 264, 266, 267, 270, 272, 273, 274, 275, 277, 278, 279, 282, 283, 287, 288, 289, 295, 298, 301, 302, 304, 309, 310, 311, 312, 315, 316, 317, 319, 321, 322, 323, 325, 326, 327, 329, 331, 332, 335, 337, 338, 339, 340, 342, 343, 344, 347, 354, 355, 356, 357, 359, 360, 361, 362, 365, 366, 367, 368, 370, 371, 372, 376, 378, 380, 382, 383, 384, 386, 388, 390, 393, 397, 398, 400]
x_69: [1, 3, 6, 7, 9, 11, 13, 16, 20, 21, 22, 23, 25, 26, 29, 31, 32, 33, 36, 39, 40, 42, 43, 45, 46, 47, 48, 49, 51, 56, 57, 61, 64, 65, 70, 72, 75, 80, 83, 87, 90, 92, 96, 100, 105, 107, 110, 111, 112, 114, 117, 119, 122, 123, 124, 125, 126, 128, 130, 131, 132, 134, 137, 138, 140, 142, 144, 145, 146, 147, 148, 149, 151, 154, 156, 157, 158, 159, 161, 162, 163, 164, 166, 169, 170, 171, 172, 173, 176, 177, 178, 180, 181, 182, 184, 187, 188, 189, 190, 191, 192, 193, 196, 197, 200, 201, 202, 205, 206, 208, 209, 210, 212, 222, 223, 225, 226, 227, 228, 230, 233, 234, 235, 236, 243, 244, 245, 246, 247, 249, 250, 252, 254, 260, 261, 264, 266, 267, 269, 270, 271, 273, 274, 275, 278, 279, 280, 281, 285, 287, 288, 289, 292, 295, 296, 298, 302, 305, 307, 311, 312, 313, 315, 316, 317, 318, 319, 320, 321, 323, 325, 329, 331, 332, 335, 337, 338, 339, 340, 343, 344, 345, 346, 349, 352, 354, 355, 357, 359, 360, 361, 362, 364, 366, 367, 368, 370, 371, 373, 374, 376, 377, 378, 380, 382, 383, 385, 386, 388, 390, 393, 396, 398, 400]
x_70: [3, 6, 7, 9, 11, 12, 13, 14, 15, 16, 20, 21, 22, 23, 25, 29, 31, 32, 33, 36, 39, 40, 42, 43, 45, 46, 47, 48, 49, 50, 51, 56, 57, 60, 61, 65, 69, 72, 75, 77, 80, 86, 88, 90, 96, 98, 99, 100, 105, 107, 109, 110, 112, 114, 117, 119, 121, 122, 123, 124, 125, 126, 128, 129, 130, 131, 132, 134, 137, 138, 140, 141, 142, 143, 144, 145, 146, 147, 148, 149, 151, 152, 154, 156, 157, 158, 161, 162, 163, 166, 169, 170, 171, 172, 173, 176, 177, 178, 179, 180, 182, 184, 187, 188, 190, 191, 192, 193, 195, 196, 197, 200, 202, 205, 208, 209, 210, 211, 212, 222, 223, 225, 226, 227, 228, 229, 230, 233, 234, 235, 236, 237, 243, 244, 245, 246, 247, 249, 250, 252, 261, 264, 266, 267, 269, 270, 271, 273, 274, 275, 278, 279, 280, 281, 285, 287, 288, 289, 292, 296, 298, 304, 305, 307, 311, 312, 313, 315, 316, 317, 318, 319, 320, 321, 322, 323, 325, 327, 329, 331, 332, 335, 337, 338, 339, 340, 342, 343, 344, 345, 346, 349, 352, 354, 355, 357, 359, 360, 361, 362, 364, 366, 367, 368, 370, 373, 374, 376, 377, 378, 381, 382, 383, 385, 386, 390, 393, 396, 398, 400]
x_71: [1, 3, 4, 6, 12, 13, 14, 15, 16, 21, 22, 23, 26, 28, 31, 32, 33, 35, 36, 39, 40, 42, 43, 45, 47, 48, 51, 55, 56, 57, 60, 61, 62, 64, 65, 72, 75, 77, 80, 83, 86, 90, 92, 95, 98, 99, 100, 102, 103, 105, 107, 109, 110, 111, 117, 119, 120, 121, 123, 128, 129, 130, 131, 132, 134, 138, 140, 141, 142, 143, 144, 145, 147, 148, 149, 150, 151, 152, 154, 156, 157, 158, 159, 161, 162, 163, 164, 166, 167, 169, 173, 176, 177, 179, 180, 181, 182, 183, 184, 189, 191, 192, 193, 194, 195, 196, 200, 202, 205, 206, 207, 208, 209, 210, 212, 213, 225, 226, 227, 228, 229, 232, 233, 234, 235, 236, 237, 242, 243, 244, 245, 247, 249, 250, 252, 258, 260, 261, 262, 263, 264, 266, 267, 268, 270, 273, 274, 277, 278, 280, 289, 290, 293, 295, 296, 297, 298, 302, 304, 306, 307, 308, 311, 312, 313, 315, 316, 319, 320, 322, 323, 325, 330, 331, 332, 333, 335, 336, 337, 338, 339, 341, 342, 343, 344, 346, 348, 349, 354, 355, 357, 359, 360, 361, 362, 366, 367, 368, 370, 374, 376, 377, 378, 380, 381, 382, 383, 386, 388, 391, 398]
x_72: [2, 4, 5, 7, 8, 9, 10, 11, 12, 15, 18, 20, 24, 25, 27, 29, 35, 38, 41, 43, 44, 52, 53, 54, 55, 56, 58, 59, 61, 63, 66, 67, 69, 70, 71, 76, 78, 79, 80, 81, 82, 84, 85, 89, 90, 91, 95, 97, 101, 102, 103, 106, 108, 113, 115, 116, 118, 122, 125, 126, 127, 131, 133, 135, 136, 137, 139, 146, 150, 155, 157, 163, 165, 168, 172, 174, 175, 177, 180, 182, 183, 185, 188, 190, 193, 194, 198, 199, 203, 204, 207, 213, 214, 215, 216, 217, 218, 219, 220, 221, 223, 224, 228, 230, 232, 238, 239, 240, 241, 242, 246, 251, 253, 255, 256, 258, 259, 262, 263, 265, 268, 271, 272, 276, 277, 281, 282, 284, 285, 286, 290, 291, 292, 293, 294, 297, 298, 300, 302, 303, 305, 306, 308, 309, 310, 313, 314, 318, 320, 324, 328, 330, 336, 341, 342, 345, 347, 348, 350, 351, 352, 353, 354, 356, 359, 363, 364, 365, 367, 369, 371, 372, 373, 374, 375, 379, 382, 384, 385, 387, 391, 392, 394, 395, 396, 397, 399]
x_73: [2, 3, 6, 12, 14, 15, 16, 18, 21, 22, 23, 24, 26, 31, 32, 36, 38, 39, 40, 42, 43, 44, 45, 46, 48, 51, 56, 57, 59, 61, 62, 64, 65, 67, 74, 75, 76, 80, 81, 83, 85, 86, 87, 88, 90, 92, 94, 96, 97, 98, 99, 100, 105, 109, 110, 111, 112, 114, 115, 117, 119, 120, 121, 122, 123, 124, 128, 130, 131, 132, 134, 138, 139, 141, 142, 144, 145, 147, 148, 149, 151, 153, 154, 156, 157, 159, 161, 162, 163, 164, 169, 170, 171, 173, 176, 177, 178, 179, 180, 181, 182, 184, 189, 190, 191, 192, 193, 195, 196, 197, 200, 201, 202, 205, 206, 208, 209, 210, 211, 219, 220, 226, 227, 228, 229, 230, 233, 234, 235, 236, 237, 241, 244, 245, 249, 250, 252, 253, 254, 261, 264, 266, 269, 270, 273, 274, 275, 278, 280, 288, 294, 295, 296, 301, 302, 304, 307, 311, 312, 314, 315, 316, 317, 319, 321, 322, 323, 325, 327, 328, 329, 331, 332, 334, 335, 338, 339, 340, 342, 343, 344, 349, 350, 351, 354, 357, 358, 360, 361, 363, 366, 367, 368, 370, 371, 374, 375, 376, 377, 378, 381, 382, 383, 386, 388, 393, 398, 399, 400]
x_74: [1, 2, 3, 6, 12, 13, 14, 15, 16, 18, 21, 22, 23, 24, 31, 32, 33, 36, 38, 42, 43, 44, 45, 46, 47, 48, 50, 51, 56, 57, 59, 60, 61, 62, 64, 65, 67, 73, 75, 76, 77, 80, 81, 83, 85, 86, 87, 88, 90, 92, 94, 96, 97, 100, 105, 107, 109, 110, 111, 112, 114, 115, 117, 119, 120, 121, 123, 124, 128, 129, 130, 131, 138, 139, 140, 141, 142, 143, 145, 147, 148, 149, 151, 153, 154, 156, 157, 158, 159, 161, 162, 163, 164, 166, 169, 170, 171, 173, 176, 177, 178, 179, 180, 181, 182, 184, 189, 190, 191, 193, 195, 196, 200, 201, 205, 206, 208, 209, 210, 211, 212, 219, 220, 225, 226, 227, 228, 229, 230, 233, 234, 235, 236, 237, 241, 243, 245, 247, 250, 252, 253, 254, 260, 261, 264, 266, 267, 270, 274, 275, 277, 278, 279, 280, 287, 289, 294, 295, 296, 298, 301, 304, 311, 312, 314, 315, 316, 319, 320, 321, 322, 325, 327, 328, 329, 332, 334, 335, 337, 338, 339, 340, 342, 344, 346, 349, 350, 351, 354, 355, 357, 358, 359, 360, 361, 362, 363, 367, 370, 374, 375, 376, 377, 378, 380, 381, 383, 386, 388, 393, 398, 399]
x_75: [4, 5, 7, 8, 9, 10, 11, 17, 18, 20, 21, 24, 25, 27, 28, 29, 30, 33, 35, 38, 39, 41, 44, 52, 54, 55, 58, 59, 62, 63, 65, 66, 67, 68, 69, 70, 71, 73, 74, 76, 78, 79, 81, 82, 83, 84, 85, 86, 91, 92, 93, 94, 95, 97, 98, 101, 103, 104, 105, 106, 108, 113, 114, 115, 116, 118, 119, 125, 127, 133, 135, 136, 137, 139, 150, 152, 153, 155, 160, 165, 167, 168, 171, 175, 178, 183, 185, 186, 187, 194, 198, 199, 203, 204, 207, 213, 214, 215, 216, 217, 220, 221, 222, 223, 224, 231, 232, 238, 241, 242, 246, 247, 248, 249, 253, 254, 255, 256, 257, 258, 259, 262, 263, 265, 268, 271, 272, 273, 276, 281, 283, 284, 286, 290, 291, 292, 293, 294, 297, 300, 303, 305, 306, 309, 310, 311, 314, 317, 318, 323, 324, 325, 326, 329, 330, 333, 334, 336, 341, 345, 347, 348, 350, 351, 353, 356, 358, 361, 363, 364, 365, 369, 372, 373, 376, 379, 381, 384, 385, 386, 387, 389, 394, 395, 396, 397, 399, 400]
x_76: [1, 2, 3, 6, 12, 13, 14, 15, 16, 18, 22, 23, 24, 31, 32, 33, 38, 39, 40, 42, 43, 44, 45, 46, 47, 48, 50, 51, 56, 57, 59, 61, 62, 64, 65, 67, 72, 73, 74, 75, 80, 81, 83, 85, 86, 87, 88, 90, 92, 94, 96, 97, 98, 99, 105, 107, 109, 110, 111, 112, 114, 115, 119, 120, 121, 122, 123, 124, 128, 129, 132, 138, 139, 141, 142, 143, 144, 145, 147, 148, 149, 151, 152, 153, 156, 157, 158, 159, 161, 162, 163, 164, 166, 169, 170, 171, 173, 176, 177, 180, 181, 184, 189, 190, 191, 192, 195, 196, 197, 200, 201, 202, 205, 206, 208, 210, 211, 212, 219, 220, 225, 226, 228, 229, 230, 233, 234, 235, 236, 237, 241, 243, 244, 247, 250, 253, 254, 260, 261, 267, 269, 270, 274, 277, 279, 280, 287, 289, 294, 295, 296, 298, 301, 302, 304, 311, 312, 314, 315, 316, 317, 319, 320, 321, 322, 323, 325, 328, 329, 331, 332, 334, 335, 337, 338, 339, 340, 342, 343, 344, 346, 349, 350, 351, 354, 357, 358, 359, 360, 361, 362, 363, 366, 367, 368, 371, 375, 376, 377, 380, 381, 383, 386, 390, 393, 399]
x_77: [1, 4, 7, 8, 9, 11, 17, 20, 25, 27, 28, 29, 30, 34, 35, 37, 38, 41, 42, 44, 46, 48, 49, 52, 53, 54, 55, 58, 63, 66, 67, 68, 70, 71, 74, 78, 79, 81, 82, 84, 85, 89, 91, 93, 95, 97, 99, 101, 103, 104, 107, 108, 109, 111, 113, 115, 116, 118, 125, 126, 127, 132, 133, 134, 135, 136, 146, 148, 150, 153, 155, 160, 161, 165, 167, 168, 172, 174, 175, 184, 186, 187, 188, 191, 194, 199, 201, 204, 209, 210, 211, 213, 214, 215, 216, 217, 218, 220, 221, 222, 224, 231, 236, 239, 240, 241, 246, 248, 250, 253, 255, 257, 258, 259, 260, 261, 262, 263, 265, 266, 271, 272, 274, 276, 282, 283, 284, 285, 286, 290, 291, 292, 293, 294, 297, 300, 301, 305, 306, 307, 308, 310, 314, 315, 318, 324, 328, 330, 331, 333, 334, 336, 341, 345, 347, 348, 350, 351, 353, 356, 358, 363, 364, 365, 369, 373, 379, 384, 385, 387, 388, 391, 392, 394, 395, 396, 397, 399]
x_78: [1, 3, 5, 6, 8, 10, 12, 13, 14, 15, 21, 22, 26, 27, 32, 33, 36, 37, 39, 40, 41, 42, 43, 46, 48, 50, 51, 54, 56, 57, 58, 60, 61, 62, 64, 65, 72, 75, 77, 80, 83, 84, 86, 87, 88, 89, 90, 92, 93, 98, 99, 104, 105, 107, 110, 111, 112, 114, 116, 117, 121, 122, 123, 124, 127, 128, 129, 130, 131, 132, 133, 134, 135, 140, 141, 142, 143, 144, 147, 148, 152, 154, 156, 158, 159, 160, 161, 162, 163, 164, 166, 168, 169, 170, 171, 173, 174, 175, 176, 177, 178, 179, 180, 181, 182, 184, 189, 190, 191, 193, 196, 197, 200, 201, 206, 208, 209, 210, 211, 212, 216, 217, 218, 224, 225, 226, 227, 228, 229, 230, 233, 234, 235, 236, 237, 243, 244, 245, 247, 249, 252, 254, 260, 261, 264, 266, 267, 269, 270, 275, 277, 278, 279, 280, 287, 289, 296, 301, 307, 311, 312, 313, 315, 316, 317, 319, 320, 322, 323, 324, 325, 327, 329, 332, 335, 337, 338, 339, 342, 343, 344, 346, 349, 354, 355, 357, 359, 360, 361, 362, 366, 367, 370, 371, 374, 377, 378, 379, 380, 381, 382, 383, 386, 388, 389, 390, 392, 393, 394, 395, 398, 400]
x_79: [1, 3, 12, 13, 14, 16, 17, 21, 23, 26, 32, 34, 36, 39, 40, 42, 43, 45, 46, 47, 48, 50, 51, 56, 57, 60, 61, 63, 64, 68, 72, 75, 77, 80, 83, 86, 87, 88, 91, 92, 98, 99, 100, 101, 108, 109, 110, 111, 112, 114, 117, 118, 119, 120, 121, 122, 123, 124, 128, 129, 131, 132, 134, 136, 138, 140, 141, 142, 143, 144, 145, 147, 148, 149, 151, 152, 154, 155, 156, 157, 158, 162, 163, 164, 165, 166, 169, 170, 171, 173, 176, 177, 178, 179, 180, 181, 182, 184, 186, 189, 190, 191, 192, 195, 196, 197, 198, 201, 202, 204, 205, 206, 208, 209, 210, 211, 228, 229, 230, 231, 233, 234, 235, 236, 238, 240, 243, 244, 245, 247, 249, 250, 254, 255, 260, 261, 264, 266, 267, 269, 270, 272, 273, 274, 275, 277, 278, 279, 280, 282, 283, 287, 288, 289, 296, 298, 301, 302, 304, 309, 310, 311, 312, 313, 315, 316, 317, 322, 323, 325, 326, 327, 329, 331, 332, 335, 337, 338, 340, 342, 343, 344, 347, 349, 354, 355, 356, 357, 359, 360, 361, 362, 365, 366, 367, 368, 370, 371, 372, 374, 376, 377, 378, 380, 381, 382, 383, 384, 386, 388, 393, 397, 398, 400]
x_80: [2, 4, 5, 7, 8, 9, 10, 11, 12, 15, 17, 18, 19, 20, 24, 25, 27, 28, 29, 30, 34, 35, 37, 38, 41, 43, 44, 49, 52, 53, 54, 55, 56, 58, 59, 61, 63, 68, 69, 70, 71, 72, 73, 74, 76, 78, 79, 81, 82, 84, 85, 89, 90, 91, 93, 94, 95, 97, 101, 102, 103, 104, 106, 108, 113, 115, 116, 118, 122, 125, 131, 133, 135, 136, 139, 146, 150, 155, 157, 163, 165, 167, 168, 172, 174, 177, 180, 182, 183, 185, 187, 188, 190, 193, 194, 198, 203, 204, 207, 213, 214, 215, 216, 217, 218, 219, 220, 221, 222, 223, 224, 228, 230, 231, 232, 238, 240, 241, 242, 248, 251, 253, 255, 256, 257, 258, 259, 262, 263, 265, 268, 271, 272, 276, 277, 281, 282, 283, 285, 286, 290, 292, 293, 294, 297, 298, 299, 300, 302, 303, 305, 306, 309, 310, 313, 314, 318, 320, 324, 326, 328, 333, 334, 336, 341, 342, 345, 348, 350, 351, 352, 353, 354, 356, 359, 363, 364, 365, 367, 369, 371, 372, 373, 374, 375, 379, 382, 384, 385, 387, 391, 392, 394, 395, 396, 399]
x_81: [1, 2, 3, 6, 12, 13, 15, 16, 18, 21, 22, 23, 24, 26, 31, 32, 33, 36, 38, 39, 40, 42, 44, 45, 46, 48, 50, 51, 56, 57, 59, 60, 61, 62, 64, 65, 67, 72, 73, 74, 75, 76, 77, 80, 85, 86, 88, 92, 94, 97, 98, 99, 100, 105, 107, 109, 110, 112, 115, 117, 121, 122, 123, 124, 128, 129, 130, 131, 132, 134, 138, 139, 140, 141, 142, 143, 144, 145, 147, 148, 149, 151, 152, 153, 156, 157, 158, 159, 161, 162, 163, 164, 166, 169, 170, 171, 173, 176, 177, 178, 179, 180, 181, 182, 191, 192, 193, 195, 196, 197, 200, 201, 202, 205, 208, 209, 210, 211, 212, 219, 220, 225, 227, 228, 230, 235, 236, 237, 241, 243, 244, 245, 247, 249, 250, 252, 253, 260, 261, 266, 269, 270, 273, 274, 275, 277, 279, 280, 288, 289, 294, 295, 296, 298, 302, 304, 311, 312, 313, 314, 315, 316, 317, 319, 320, 321, 322, 323, 325, 327, 328, 329, 331, 334, 335, 338, 339, 340, 342, 343, 344, 346, 349, 350, 351, 354, 355, 357, 358, 359, 360, 362, 363, 366, 368, 371, 374, 375, 376, 377, 378, 380, 381, 382, 383, 386, 388, 390, 398, 399, 400]
x_82: [1, 13, 14, 16, 19, 21, 22, 23, 26, 30, 32, 33, 36, 39, 40, 42, 43, 45, 48, 50, 51, 52, 53, 56, 57, 60, 61, 64, 65, 66, 72, 75, 77, 80, 83, 86, 87, 88, 90, 92, 96, 98, 99, 100, 105, 106, 107, 109, 110, 112, 113, 117, 119, 120, 121, 122, 123, 124, 128, 130, 131, 132, 134, 138, 140, 141, 142, 143, 144, 147, 148, 149, 152, 154, 157, 158, 159, 161, 162, 163, 164, 166, 169, 170, 171, 173, 176, 177, 178, 180, 184, 185, 189, 190, 191, 192, 195, 196, 197, 199, 200, 201, 203, 206, 208, 209, 210, 212, 214, 215, 221, 225, 226, 227, 228, 229, 230, 233, 234, 235, 236, 237, 239, 243, 244, 247, 248, 249, 251, 252, 254, 256, 257, 259, 260, 261, 264, 265, 266, 267, 269, 274, 275, 276, 277, 278, 279, 280, 284, 286, 287, 288, 289, 291, 295, 298, 299, 300, 301, 302, 303, 304, 307, 311, 312, 315, 316, 317, 319, 320, 321, 322, 323, 327, 329, 331, 335, 337, 338, 339, 340, 342, 343, 344, 346, 349, 353, 354, 355, 357, 359, 360, 361, 362, 366, 367, 368, 369, 370, 371, 374, 377, 378, 380, 382, 383, 386, 387, 388, 390, 393, 400]
x_83: [4, 5, 7, 8, 9, 10, 11, 17, 19, 20, 21, 24, 25, 27, 28, 29, 30, 33, 34, 35, 37, 38, 39, 41, 44, 49, 52, 54, 55, 58, 62, 63, 65, 66, 67, 68, 69, 71, 73, 74, 75, 76, 78, 79, 82, 84, 86, 91, 92, 93, 94, 95, 97, 98, 103, 104, 105, 106, 108, 114, 115, 116, 118, 119, 125, 127, 135, 136, 137, 139, 146, 150, 152, 153, 155, 160, 165, 167, 171, 175, 178, 183, 186, 187, 188, 198, 199, 203, 204, 207, 213, 214, 215, 216, 217, 218, 219, 220, 221, 222, 223, 224, 231, 232, 238, 239, 240, 241, 242, 246, 247, 249, 251, 253, 254, 255, 256, 257, 259, 263, 265, 271, 272, 273, 276, 281, 282, 286, 290, 291, 293, 294, 297, 300, 303, 305, 306, 308, 309, 310, 311, 314, 317, 318, 323, 325, 328, 329, 330, 333, 334, 336, 341, 345, 347, 348, 350, 351, 352, 353, 356, 358, 361, 364, 365, 369, 372, 373, 375, 376, 379, 381, 384, 385, 386, 387, 389, 391, 392, 394, 395, 396, 397, 399, 400]
x_84: [1, 3, 5, 6, 8, 10, 12, 13, 14, 15, 16, 21, 22, 27, 31, 32, 37, 39, 40, 41, 42, 43, 45, 48, 50, 51, 54, 56, 57, 58, 60, 61, 62, 64, 72, 75, 77, 78, 80, 83, 86, 87, 88, 89, 90, 92, 93, 96, 98, 99, 100, 104, 105, 107, 110, 111, 112, 114, 116, 117, 120, 121, 122, 123, 127, 128, 129, 130, 132, 133, 134, 135, 138, 141, 142, 143, 144, 147, 148, 149, 151, 154, 156, 157, 158, 159, 160, 161, 162, 163, 166, 168, 169, 171, 173, 174, 175, 177, 178, 179, 181, 182, 184, 190, 191, 192, 193, 195, 196, 197, 200, 202, 205, 206, 208, 209, 210, 211, 212, 216, 217, 218, 224, 225, 226, 227, 228, 230, 233, 234, 235, 236, 237, 243, 244, 245, 247, 250, 252, 254, 261, 266, 270, 273, 274, 275, 277, 278, 287, 288, 289, 295, 296, 298, 301, 302, 304, 307, 311, 313, 315, 316, 319, 320, 321, 322, 323, 324, 325, 327, 331, 332, 335, 337, 338, 340, 342, 343, 344, 346, 354, 355, 357, 359, 360, 361, 362, 366, 367, 368, 370, 374, 376, 377, 378, 379, 382, 383, 386, 388, 389, 390, 392, 393, 394, 395, 400]
x_85: [2, 3, 6, 12, 13, 14, 15, 16, 18, 21, 22, 23, 24, 26, 31, 33, 36, 38, 39, 40, 42, 43, 44, 45, 46, 47, 50, 51, 56, 57, 59, 60, 61, 62, 64, 67, 72, 73, 74, 75, 76, 77, 80, 81, 86, 87, 90, 92, 94, 96, 97, 98, 100, 105, 107, 109, 110, 111, 114, 115, 117, 119, 120, 122, 123, 124, 128, 129, 130, 131, 132, 134, 138, 139, 140, 141, 143, 144, 145, 147, 148, 149, 153, 156, 157, 158, 159, 162, 164, 166, 169, 170, 171, 173, 176, 177, 178, 179, 181, 182, 184, 190, 191, 192, 193, 195, 196, 197, 200, 201, 202, 205, 206, 208, 209, 210, 211, 212, 219, 220, 225, 226, 227, 228, 229, 230, 233, 234, 236, 237, 241, 243, 244, 245, 247, 249, 253, 254, 260, 261, 264, 266, 267, 269, 270, 273, 274, 275, 278, 279, 280, 287, 288, 294, 295, 296, 298, 301, 302, 307, 311, 312, 313, 314, 315, 316, 317, 319, 320, 321, 322, 323, 325, 327, 328, 329, 331, 332, 334, 335, 337, 338, 339, 340, 342, 343, 344, 346, 349, 350, 351, 354, 355, 357, 358, 359, 360, 362, 363, 366, 367, 370, 371, 374, 375, 376, 377, 378, 383, 386, 388, 390, 393, 399, 400]
x_86: [2, 5, 7, 8, 9, 10, 17, 18, 19, 20, 21, 24, 28, 29, 30, 33, 34, 35, 37, 39, 41, 44, 49, 52, 53, 54, 55, 58, 59, 62, 63, 65, 68, 70, 71, 73, 74, 75, 76, 78, 79, 81, 82, 83, 84, 85, 89, 91, 92, 93, 94, 95, 97, 98, 101, 102, 103, 104, 105, 106, 108, 113, 114, 115, 116, 118, 119, 125, 126, 127, 133, 135, 136, 137, 139, 146, 150, 152, 153, 155, 160, 165, 167, 168, 171, 172, 174, 175, 178, 183, 185, 187, 188, 194, 198, 199, 203, 204, 207, 213, 214, 215, 216, 218, 219, 220, 221, 222, 223, 224, 231, 239, 240, 241, 242, 246, 247, 248, 249, 251, 253, 254, 255, 257, 258, 259, 262, 263, 265, 268, 273, 281, 282, 283, 284, 285, 286, 290, 292, 293, 294, 297, 299, 300, 303, 305, 306, 309, 310, 311, 314, 317, 318, 323, 324, 325, 326, 328, 329, 330, 334, 336, 341, 350, 351, 352, 353, 356, 358, 361, 363, 364, 365, 369, 375, 376, 381, 384, 385, 386, 391, 392, 394, 395, 396, 397, 399, 400]
x_87: [2, 5, 6, 7, 9, 10, 11, 17, 18, 19, 20, 22, 24, 25, 26, 27, 28, 29, 30, 35, 37, 38, 41, 44, 45, 47, 49, 53, 55, 58, 63, 66, 67, 68, 69, 73, 74, 76, 78, 79, 82, 84, 85, 89, 93, 94, 95, 96, 97, 101, 102, 103, 104, 108, 110, 113, 115, 116, 118, 121, 125, 126, 127, 133, 135, 136, 137, 138, 139, 141, 146, 149, 150, 153, 155, 160, 162, 164, 165, 167, 168, 169, 170, 172, 175, 183, 185, 186, 187, 188, 194, 198, 199, 202, 203, 204, 213, 214, 216, 217, 218, 220, 221, 222, 223, 225, 231, 232, 235, 237, 238, 240, 242, 246, 248, 251, 252, 253, 255, 256, 257, 258, 259, 263, 267, 268, 270, 271, 272, 276, 278, 280, 282, 283, 284, 285, 286, 291, 292, 293, 294, 299, 300, 303, 305, 306, 308, 309, 310, 312, 314, 316, 318, 326, 327, 328, 330, 333, 336, 337, 338, 341, 345, 347, 348, 350, 352, 356, 358, 363, 364, 365, 369, 372, 373, 375, 379, 384, 385, 387, 389, 390, 391, 392, 394, 395, 396, 397, 399]
x_88: [2, 3, 5, 7, 8, 9, 10, 11, 16, 17, 18, 19, 20, 24, 25, 27, 28, 29, 32, 35, 37, 38, 41, 44, 49, 51, 52, 53, 54, 55, 57, 58, 59, 63, 66, 67, 68, 70, 73, 74, 76, 78, 79, 81, 82, 84, 89, 91, 93, 94, 95, 101, 102, 103, 104, 106, 108, 113, 115, 116, 118, 120, 123, 125, 126, 127, 133, 136, 137, 139, 140, 146, 147, 150, 151, 155, 159, 160, 165, 166, 167, 168, 172, 174, 175, 183, 185, 186, 187, 188, 189, 194, 195, 197, 198, 204, 206, 207, 212, 213, 214, 215, 216, 217, 218, 219, 220, 221, 223, 224, 231, 232, 238, 239, 242, 243, 244, 246, 248, 251, 255, 256, 257, 258, 259, 262, 263, 265, 268, 269, 271, 272, 276, 281, 282, 283, 284, 286, 289, 290, 291, 292, 293, 294, 297, 299, 303, 304, 305, 306, 308, 309, 310, 318, 324, 326, 328, 330, 332, 333, 334, 336, 339, 341, 346, 347, 348, 349, 350, 351, 352, 356, 358, 363, 364, 365, 366, 369, 370, 372, 373, 379, 383, 384, 385, 387, 389, 391, 392, 394, 395, 396, 398, 399]
x_89: [1, 5, 8, 10, 12, 13, 14, 15, 16, 21, 22, 23, 26, 27, 31, 32, 33, 36, 37, 39, 41, 42, 43, 45, 46, 47, 48, 51, 54, 56, 57, 58, 60, 62, 64, 72, 77, 78, 80, 84, 86, 87, 88, 90, 92, 93, 96, 98, 99, 100, 104, 105, 107, 110, 111, 114, 116, 119, 120, 122, 123, 124, 127, 128, 129, 130, 131, 132, 133, 134, 135, 140, 141, 142, 143, 145, 147, 148, 149, 151, 154, 156, 157, 159, 160, 161, 162, 163, 164, 168, 171, 173, 174, 175, 176, 177, 178, 179, 180, 181, 182, 184, 189, 190, 191, 192, 193, 195, 196, 200, 201, 206, 208, 209, 210, 211, 212, 216, 217, 218, 224, 226, 227, 228, 229, 230, 233, 235, 236, 237, 243, 244, 247, 249, 250, 252, 254, 260, 261, 264, 266, 267, 269, 270, 273, 274, 277, 278, 279, 280, 287, 288, 289, 295, 296, 302, 304, 311, 313, 315, 316, 317, 320, 322, 323, 324, 325, 327, 331, 332, 335, 337, 342, 343, 344, 346, 349, 354, 355, 357, 359, 360, 361, 362, 366, 367, 368, 370, 371, 374, 377, 378, 379, 380, 381, 382, 383, 386, 389, 390, 392, 393, 394, 395, 398, 400]
x_90: [4, 5, 7, 8, 9, 11, 12, 15, 17, 18, 19, 20, 24, 25, 27, 28, 29, 30, 34, 35, 37, 38, 41, 43, 44, 49, 52, 53, 54, 55, 56, 58, 59, 61, 66, 67, 69, 70, 71, 72, 73, 74, 76, 78, 80, 82, 84, 85, 89, 91, 93, 94, 95, 97, 101, 102, 103, 104, 106, 108, 113, 115, 116, 118, 122, 125, 126, 127, 131, 133, 135, 136, 137, 139, 146, 150, 153, 155, 157, 160, 163, 167, 168, 172, 177, 180, 182, 183, 185, 186, 188, 190, 193, 194, 198, 199, 203, 204, 207, 213, 214, 215, 216, 217, 218, 219, 221, 222, 223, 224, 228, 230, 231, 232, 238, 239, 240, 242, 248, 253, 256, 257, 263, 265, 271, 277, 281, 282, 283, 284, 285, 286, 290, 291, 292, 293, 294, 297, 298, 299, 300, 302, 303, 305, 306, 308, 309, 310, 313, 314, 318, 320, 324, 326, 330, 333, 334, 336, 341, 342, 345, 347, 348, 350, 351, 352, 353, 354, 358, 359, 363, 364, 365, 367, 369, 371, 373, 374, 375, 379, 382, 384, 385, 387, 389, 391, 392, 394, 395, 396, 397]
x_91: [6, 13, 14, 15, 16, 17, 21, 23, 26, 31, 32, 33, 34, 36, 39, 42, 43, 45, 46, 47, 50, 51, 56, 57, 60, 61, 63, 64, 68, 72, 75, 77, 79, 80, 83, 86, 88, 90, 92, 96, 98, 99, 100, 101, 107, 108, 109, 110, 111, 112, 114, 117, 118, 119, 120, 121, 122, 123, 124, 129, 130, 131, 132, 136, 140, 141, 142, 145, 147, 148, 151, 152, 154, 155, 156, 157, 158, 159, 161, 162, 163, 164, 165, 166, 169, 170, 171, 173, 176, 177, 178, 179, 180, 181, 184, 186, 190, 192, 193, 195, 197, 198, 200, 201, 202, 204, 205, 208, 209, 211, 212, 225, 226, 227, 228, 230, 231, 233, 234, 235, 236, 237, 238, 240, 243, 244, 245, 247, 250, 252, 254, 255, 260, 261, 264, 266, 267, 269, 270, 272, 273, 274, 275, 277, 278, 282, 283, 287, 288, 289, 295, 296, 301, 302, 304, 307, 309, 310, 311, 312, 313, 315, 316, 317, 319, 320, 321, 322, 323, 325, 326, 327, 331, 332, 337, 339, 340, 344, 346, 347, 349, 354, 355, 356, 357, 359, 360, 361, 362, 365, 367, 368, 371, 372, 374, 376, 378, 380, 381, 383, 384, 386, 388, 390, 393, 397, 400]
x_92: [2, 4, 5, 7, 8, 9, 10, 11, 17, 18, 20, 21, 24, 25, 27, 28, 29, 33, 34, 37, 38, 39, 41, 44, 49, 54, 55, 58, 62, 63, 65, 66, 67, 68, 69, 71, 73, 74, 75, 76, 78, 79, 81, 82, 83, 84, 85, 86, 89, 91, 94, 95, 97, 98, 102, 103, 104, 105, 106, 114, 115, 116, 118, 119, 126, 127, 135, 136, 137, 139, 146, 150, 152, 153, 155, 160, 165, 168, 171, 172, 174, 175, 178, 183, 185, 186, 187, 188, 194, 198, 199, 203, 204, 207, 213, 214, 215, 216, 217, 218, 220, 221, 222, 223, 224, 231, 238, 239, 240, 242, 246, 247, 248, 249, 251, 253, 254, 255, 256, 257, 258, 259, 263, 265, 268, 271, 272, 273, 276, 281, 282, 283, 284, 285, 286, 290, 291, 292, 293, 294, 300, 303, 305, 306, 308, 310, 311, 314, 317, 318, 323, 324, 325, 326, 328, 329, 330, 333, 334, 336, 341, 345, 347, 350, 351, 352, 356, 361, 363, 364, 365, 369, 372, 373, 375, 376, 379, 381, 384, 385, 386, 387, 389, 391, 392, 394, 395, 396, 397, 399, 400]
x_93: [1, 3, 5, 6, 8, 10, 12, 13, 14, 15, 21, 22, 26, 27, 31, 32, 33, 37, 39, 40, 41, 43, 45, 46, 47, 48, 50, 54, 56, 57, 58, 60, 61, 62, 64, 65, 75, 77, 78, 80, 83, 84, 86, 87, 88, 89, 90, 96, 98, 99, 100, 104, 105, 107, 109, 110, 111, 114, 116, 117, 119, 120, 122, 124, 127, 128, 129, 130, 131, 132, 133, 134, 135, 138, 140, 141, 142, 143, 147, 148, 149, 151, 154, 156, 157, 158, 159, 160, 161, 162, 163, 166, 168, 170, 171, 173, 174, 175, 177, 178, 179, 180, 181, 182, 184, 189, 190, 191, 192, 193, 195, 196, 197, 200, 202, 205, 206, 210, 211, 212, 216, 217, 218, 224, 225, 226, 227, 228, 229, 230, 233, 234, 235, 236, 237, 243, 244, 245, 247, 249, 250, 254, 260, 261, 264, 266, 267, 270, 273, 274, 275, 277, 278, 279, 280, 287, 288, 289, 295, 296, 301, 302, 304, 307, 312, 313, 315, 316, 317, 319, 321, 322, 323, 324, 325, 327, 329, 331, 332, 335, 337, 338, 339, 340, 342, 343, 344, 346, 349, 355, 357, 359, 362, 366, 367, 368, 370, 371, 374, 376, 378, 379, 380, 381, 382, 386, 388, 389, 390, 392, 393, 394, 395, 398, 400]
x_94: [1, 2, 3, 6, 12, 13, 14, 15, 16, 18, 21, 22, 23, 24, 26, 31, 33, 36, 38, 39, 40, 42, 44, 45, 46, 47, 50, 51, 56, 57, 59, 61, 62, 64, 65, 67, 73, 74, 75, 76, 80, 81, 83, 85, 86, 87, 88, 90, 92, 96, 97, 98, 100, 105, 107, 109, 111, 112, 114, 115, 117, 119, 121, 122, 123, 124, 128, 129, 130, 131, 132, 134, 138, 139, 140, 141, 142, 143, 144, 147, 149, 151, 152, 153, 154, 156, 157, 158, 159, 161, 164, 166, 169, 170, 171, 173, 176, 178, 179, 184, 189, 190, 191, 193, 195, 196, 197, 201, 202, 205, 208, 209, 210, 211, 212, 219, 220, 225, 227, 228, 229, 230, 233, 234, 235, 236, 237, 241, 244, 245, 247, 250, 252, 253, 254, 260, 261, 264, 266, 269, 273, 274, 275, 278, 279, 289, 294, 295, 296, 298, 302, 307, 312, 314, 315, 317, 319, 320, 321, 323, 325, 327, 328, 329, 331, 332, 334, 335, 337, 338, 339, 340, 342, 343, 344, 346, 349, 350, 351, 354, 355, 357, 358, 359, 360, 361, 362, 363, 367, 368, 374, 375, 376, 377, 378, 380, 381, 382, 383, 386, 390, 393, 398, 399, 400]
x_95: [1, 4, 6, 12, 13, 14, 15, 16, 21, 22, 23, 28, 32, 33, 35, 36, 39, 40, 42, 43, 45, 46, 47, 48, 50, 51, 55, 56, 57, 60, 61, 62, 64, 65, 71, 72, 75, 77, 80, 83, 86, 87, 88, 90, 92, 96, 98, 99, 100, 102, 103, 107, 110, 111, 114, 121, 122, 123, 124, 128, 129, 131, 132, 134, 138, 140, 141, 145, 148, 149, 150, 151, 152, 154, 156, 159, 161, 162, 163, 164, 166, 167, 169, 170, 171, 173, 176, 178, 179, 181, 183, 184, 190, 191, 192, 193, 194, 196, 197, 200, 201, 202, 206, 207, 208, 209, 210, 211, 212, 213, 225, 226, 227, 228, 229, 232, 233, 235, 236, 237, 242, 243, 245, 249, 250, 252, 254, 258, 261, 262, 263, 264, 266, 267, 268, 269, 270, 273, 274, 275, 277, 279, 280, 287, 288, 289, 290, 293, 295, 296, 297, 298, 301, 304, 306, 307, 308, 311, 312, 313, 315, 317, 319, 320, 321, 323, 325, 327, 329, 330, 332, 333, 335, 336, 337, 339, 340, 341, 342, 343, 344, 346, 348, 349, 355, 357, 359, 360, 361, 362, 366, 367, 368, 370, 371, 374, 376, 378, 381, 382, 383, 386, 388, 390, 391, 393, 398, 400]
x_96: [2, 4, 5, 6, 7, 8, 10, 11, 17, 18, 19, 20, 22, 24, 25, 26, 29, 30, 34, 37, 38, 41, 44, 45, 47, 52, 53, 54, 55, 58, 59, 63, 66, 67, 68, 69, 70, 73, 74, 76, 82, 84, 85, 87, 89, 91, 93, 94, 95, 97, 101, 102, 103, 104, 106, 108, 110, 113, 118, 121, 125, 126, 133, 135, 136, 137, 138, 139, 141, 146, 149, 150, 153, 155, 160, 162, 164, 165, 167, 168, 169, 170, 172, 174, 175, 183, 186, 187, 188, 194, 198, 199, 202, 203, 204, 207, 214, 215, 217, 218, 219, 221, 222, 223, 224, 225, 231, 232, 235, 237, 238, 239, 240, 242, 246, 248, 251, 252, 253, 255, 256, 257, 258, 259, 263, 265, 267, 270, 271, 272, 276, 278, 280, 281, 283, 285, 286, 290, 291, 292, 293, 294, 297, 300, 303, 306, 308, 309, 310, 312, 314, 316, 318, 326, 327, 328, 330, 333, 334, 336, 337, 338, 341, 345, 347, 348, 350, 351, 352, 353, 356, 363, 365, 369, 372, 379, 384, 385, 387, 389, 390, 392, 394, 395, 396, 397]
x_97: [1, 2, 3, 14, 15, 16, 18, 21, 22, 23, 24, 26, 31, 32, 33, 36, 38, 39, 42, 43, 44, 47, 48, 50, 51, 56, 57, 59, 60, 61, 62, 64, 65, 67, 72, 73, 74, 75, 76, 77, 80, 81, 83, 85, 86, 87, 90, 92, 94, 96, 98, 99, 105, 107, 109, 110, 111, 112, 114, 115, 119, 120, 121, 122, 123, 124, 129, 131, 132, 134, 138, 139, 141, 142, 143, 144, 145, 147, 148, 149, 151, 152, 153, 154, 156, 158, 159, 161, 162, 163, 164, 166, 169, 170, 171, 173, 176, 177, 178, 180, 181, 182, 184, 190, 191, 192, 193, 195, 196, 197, 201, 208, 209, 210, 211, 212, 219, 220, 225, 227, 228, 233, 234, 235, 236, 237, 241, 243, 244, 245, 247, 249, 252, 253, 260, 266, 267, 269, 270, 273, 274, 275, 277, 278, 279, 280, 287, 288, 289, 294, 295, 296, 298, 301, 302, 304, 307, 311, 312, 313, 314, 315, 316, 317, 319, 320, 321, 322, 323, 325, 328, 329, 331, 332, 334, 335, 337, 338, 340, 342, 343, 344, 346, 350, 351, 354, 355, 357, 358, 359, 360, 361, 363, 366, 367, 368, 370, 371, 374, 375, 376, 377, 380, 381, 382, 383, 388, 390, 398, 399, 400]
x_98: [2, 4, 7, 8, 10, 11, 17, 18, 20, 21, 25, 27, 28, 29, 30, 33, 34, 37, 38, 39, 52, 53, 54, 55, 58, 59, 62, 63, 65, 67, 68, 70, 71, 73, 75, 76, 78, 79, 81, 82, 83, 84, 85, 86, 89, 91, 92, 93, 94, 95, 97, 102, 103, 104, 105, 106, 113, 114, 115, 116, 118, 119, 126, 127, 133, 136, 137, 139, 146, 152, 153, 155, 160, 165, 167, 168, 171, 172, 174, 175, 178, 183, 185, 186, 187, 188, 198, 199, 204, 207, 213, 214, 215, 216, 217, 218, 219, 220, 221, 224, 231, 232, 238, 239, 240, 241, 242, 247, 249, 251, 253, 254, 255, 258, 259, 263, 265, 271, 272, 273, 276, 281, 282, 283, 284, 286, 290, 292, 294, 297, 299, 300, 303, 305, 308, 309, 310, 311, 314, 317, 318, 323, 324, 325, 326, 329, 330, 333, 334, 336, 341, 345, 347, 348, 350, 351, 352, 353, 356, 358, 361, 363, 364, 365, 369, 372, 373, 375, 376, 379, 381, 384, 385, 386, 387, 391, 392, 394, 395, 396, 397, 399, 400]
x_99: [1, 2, 5, 7, 8, 9, 10, 11, 17, 18, 20, 24, 27, 28, 29, 30, 34, 35, 37, 41, 42, 44, 46, 48, 49, 52, 53, 54, 55, 58, 59, 63, 66, 67, 68, 70, 71, 73, 76, 77, 78, 79, 81, 82, 84, 89, 91, 93, 95, 97, 101, 102, 103, 106, 107, 108, 109, 111, 113, 115, 116, 118, 125, 126, 127, 132, 133, 134, 135, 136, 137, 139, 146, 148, 150, 153, 155, 160, 161, 168, 172, 175, 183, 184, 185, 186, 187, 188, 191, 194, 198, 199, 201, 203, 204, 207, 209, 210, 211, 213, 214, 215, 216, 218, 219, 220, 222, 223, 224, 231, 232, 236, 238, 246, 248, 250, 251, 253, 255, 256, 257, 258, 259, 260, 261, 262, 265, 266, 271, 272, 274, 276, 281, 282, 283, 284, 285, 290, 291, 292, 293, 294, 299, 300, 301, 303, 305, 306, 307, 308, 309, 310, 314, 315, 318, 324, 326, 330, 331, 333, 334, 336, 341, 345, 347, 348, 350, 351, 352, 353, 356, 358, 363, 364, 369, 372, 373, 375, 379, 384, 385, 387, 388, 391, 394, 395, 396, 399]
x_100: [2, 4, 5, 7, 8, 9, 10, 11, 17, 18, 19, 20, 24, 27, 28, 29, 30, 31, 34, 36, 37, 38, 40, 41, 44, 52, 53, 54, 55, 58, 59, 63, 66, 69, 70, 71, 73, 74, 79, 81, 82, 84, 85, 89, 91, 93, 94, 95, 103, 104, 106, 113, 115, 116, 117, 118, 124, 126, 128, 130, 133, 135, 136, 137, 142, 143, 145, 146, 150, 155, 156, 158, 160, 165, 167, 168, 172, 173, 174, 175, 176, 179, 185, 186, 192, 194, 196, 199, 203, 205, 207, 208, 213, 214, 215, 216, 217, 218, 220, 221, 223, 224, 226, 232, 233, 238, 239, 240, 241, 246, 251, 253, 255, 256, 257, 258, 259, 263, 265, 271, 272, 275, 276, 281, 282, 283, 284, 285, 286, 287, 290, 291, 292, 293, 294, 296, 297, 299, 300, 303, 305, 306, 308, 309, 314, 318, 319, 322, 324, 328, 330, 333, 334, 336, 341, 345, 347, 348, 350, 351, 352, 353, 355, 356, 358, 363, 364, 365, 368, 369, 372, 373, 375, 379, 380, 384, 385, 387, 389, 392, 393, 394, 395, 396, 397, 399]
x_101: [1, 3, 6, 12, 13, 14, 15, 16, 17, 22, 23, 26, 31, 32, 33, 34, 40, 42, 43, 45, 46, 47, 48, 50, 51, 56, 57, 60, 61, 62, 63, 64, 65, 68, 72, 75, 77, 79, 80, 86, 87, 88, 90, 91, 96, 99, 105, 107, 108, 109, 111, 114, 117, 118, 119, 120, 121, 122, 123, 124, 129, 130, 131, 132, 134, 136, 138, 140, 142, 143, 144, 145, 147, 148, 149, 154, 155, 156, 157, 158, 159, 161, 162, 163, 164, 165, 166, 169, 170, 171, 173, 176, 177, 178, 179, 180, 181, 182, 184, 186, 189, 190, 191, 192, 193, 195, 197, 198, 200, 201, 202, 204, 205, 206, 208, 209, 210, 211, 212, 225, 226, 227, 229, 230, 231, 233, 234, 235, 236, 237, 238, 240, 243, 244, 245, 247, 249, 250, 252, 254, 255, 260, 261, 264, 266, 267, 269, 270, 272, 274, 275, 277, 278, 279, 280, 282, 283, 287, 288, 295, 296, 298, 301, 304, 307, 309, 310, 311, 312, 313, 315, 316, 317, 319, 320, 321, 322, 323, 326, 327, 329, 331, 332, 335, 337, 338, 339, 340, 342, 343, 346, 347, 349, 354, 355, 356, 357, 359, 360, 362, 365, 366, 367, 368, 371, 372, 376, 377, 378, 380, 381, 382, 383, 384, 386, 388, 390, 393, 397, 398, 400]
x_102: [3, 4, 6, 12, 14, 16, 21, 26, 28, 32, 33, 35, 36, 39, 40, 42, 43, 45, 47, 48, 50, 51, 55, 56, 57, 60, 61, 65, 71, 72, 80, 86, 87, 88, 90, 92, 95, 96, 98, 99, 103, 105, 107, 109, 111, 112, 114, 119, 120, 121, 122, 123, 124, 128, 130, 131, 132, 134, 138, 140, 142, 144, 145, 147, 150, 151, 152, 154, 156, 158, 161, 162, 163, 164, 166, 167, 169, 170, 171, 173, 176, 177, 178, 179, 181, 182, 183, 184, 189, 190, 191, 192, 193, 194, 195, 196, 197, 202, 206, 207, 208, 209, 210, 211, 212, 213, 225, 226, 227, 228, 229, 230, 232, 233, 234, 235, 236, 237, 242, 244, 245, 247, 249, 250, 258, 260, 261, 262, 263, 264, 266, 267, 268, 269, 270, 273, 274, 275, 277, 278, 279, 280, 287, 288, 289, 290, 293, 295, 296, 297, 301, 302, 306, 307, 308, 311, 312, 316, 319, 320, 321, 322, 323, 325, 327, 329, 330, 331, 332, 333, 335, 336, 337, 338, 339, 341, 342, 343, 344, 346, 348, 354, 355, 357, 359, 360, 361, 362, 366, 367, 371, 374, 376, 377, 378, 380, 381, 382, 383, 386, 388, 390, 391, 393, 398, 400]
x_103: [1, 3, 4, 6, 12, 14, 15, 21, 22, 23, 26, 28, 31, 33, 35, 36, 39, 40, 42, 45, 46, 47, 48, 50, 51, 55, 56, 60, 61, 62, 64, 65, 71, 72, 75, 77, 80, 83, 86, 87, 88, 90, 92, 95, 96, 98, 99, 100, 102, 107, 109, 110, 111, 112, 114, 117, 119, 120, 121, 122, 123, 124, 128, 129, 130, 131, 132, 134, 138, 140, 142, 143, 144, 145, 149, 150, 151, 154, 156, 157, 158, 159, 161, 162, 163, 164, 166, 167, 169, 170, 171, 176, 177, 178, 180, 182, 183, 184, 189, 190, 192, 193, 194, 195, 196, 197, 200, 201, 202, 205, 206, 207, 208, 209, 211, 212, 213, 226, 227, 228, 229, 230, 232, 233, 234, 235, 236, 237, 242, 243, 244, 245, 247, 249, 250, 252, 254, 258, 260, 261, 262, 263, 264, 266, 267, 268, 269, 270, 273, 274, 275, 277, 278, 279, 280, 287, 288, 289, 290, 293, 296, 297, 298, 301, 302, 306, 308, 311, 312, 313, 315, 316, 319, 320, 321, 322, 325, 327, 329, 330, 331, 333, 335, 336, 337, 338, 339, 340, 341, 342, 343, 344, 346, 348, 349, 354, 355, 357, 360, 361, 366, 367, 368, 370, 371, 374, 376, 377, 378, 381, 382, 383, 386, 388, 390, 391, 393, 398, 400]
x_104: [1, 5, 6, 8, 10, 12, 13, 14, 15, 22, 23, 26, 27, 31, 32, 33, 36, 37, 39, 40, 41, 45, 46, 47, 48, 50, 51, 54, 56, 57, 58, 60, 61, 62, 64, 65, 75, 77, 78, 80, 83, 84, 86, 87, 88, 89, 90, 92, 93, 96, 98, 100, 105, 107, 110, 111, 112, 114, 116, 117, 119, 120, 121, 122, 123, 124, 127, 128, 129, 132, 133, 134, 135, 138, 140, 141, 142, 143, 144, 145, 147, 151, 152, 154, 156, 157, 158, 159, 160, 161, 162, 163, 164, 166, 168, 169, 170, 171, 174, 175, 176, 177, 178, 179, 180, 181, 182, 184, 191, 192, 193, 195, 196, 197, 200, 201, 202, 205, 206, 208, 211, 212, 216, 217, 218, 224, 225, 226, 227, 228, 229, 230, 233, 234, 235, 236, 243, 249, 250, 252, 254, 260, 261, 264, 266, 269, 270, 273, 274, 275, 277, 279, 287, 288, 289, 295, 296, 298, 301, 302, 304, 311, 312, 313, 316, 319, 321, 322, 323, 324, 325, 327, 329, 331, 332, 335, 337, 338, 339, 340, 342, 343, 344, 346, 349, 354, 357, 360, 361, 366, 367, 368, 370, 371, 374, 376, 377, 378, 379, 380, 381, 382, 383, 388, 389, 390, 392, 393, 394, 395, 398, 400]
x_105: [2, 4, 5, 7, 8, 9, 11, 20, 21, 24, 25, 27, 28, 30, 33, 34, 35, 37, 38, 39, 41, 44, 49, 52, 53, 54, 55, 58, 59, 62, 65, 66, 67, 68, 69, 70, 71, 73, 74, 75, 76, 78, 81, 82, 83, 84, 85, 86, 89, 92, 93, 94, 97, 98, 101, 102, 104, 106, 108, 113, 114, 115, 116, 118, 119, 125, 126, 127, 133, 135, 136, 139, 146, 150, 152, 153, 155, 160, 165, 167, 168, 171, 172, 174, 175, 178, 185, 186, 187, 194, 198, 199, 203, 207, 214, 215, 216, 217, 218, 219, 220, 221, 222, 223, 224, 231, 238, 239, 240, 241, 242, 246, 247, 248, 249, 253, 254, 255, 256, 257, 258, 259, 262, 263, 265, 268, 271, 272, 273, 276, 281, 282, 283, 284, 285, 290, 291, 292, 293, 294, 299, 305, 306, 308, 309, 310, 311, 314, 317, 323, 325, 326, 328, 329, 330, 333, 341, 345, 347, 348, 350, 351, 352, 353, 356, 358, 361, 363, 364, 365, 369, 372, 373, 375, 376, 379, 381, 385, 386, 387, 389, 391, 392, 394, 395, 396, 397, 399, 400]
x_106: [1, 6, 12, 13, 14, 15, 16, 19, 21, 22, 30, 31, 32, 33, 36, 40, 42, 43, 45, 46, 47, 48, 50, 51, 52, 53, 61, 62, 64, 65, 66, 72, 75, 80, 82, 83, 86, 88, 90, 92, 96, 98, 99, 100, 105, 107, 109, 110, 111, 112, 113, 114, 117, 119, 121, 122, 123, 124, 128, 129, 130, 131, 132, 134, 138, 140, 142, 143, 144, 145, 147, 148, 149, 151, 152, 154, 156, 158, 159, 161, 162, 163, 164, 166, 169, 170, 171, 173, 177, 179, 180, 181, 182, 184, 185, 190, 191, 192, 193, 195, 196, 197, 199, 200, 201, 202, 203, 205, 208, 209, 210, 211, 212, 214, 215, 221, 225, 226, 228, 229, 230, 235, 236, 237, 239, 243, 244, 245, 247, 248, 250, 251, 252, 254, 256, 257, 259, 260, 261, 265, 266, 267, 269, 270, 273, 274, 275, 276, 277, 278, 279, 284, 286, 287, 288, 289, 291, 295, 296, 298, 299, 300, 301, 302, 303, 304, 307, 311, 312, 313, 315, 316, 317, 319, 320, 321, 322, 323, 325, 327, 329, 331, 335, 337, 338, 339, 340, 342, 343, 344, 349, 353, 354, 355, 357, 359, 360, 362, 366, 368, 369, 370, 374, 376, 378, 380, 381, 382, 383, 386, 387, 388, 390, 393, 398, 400]
x_107: [1, 2, 4, 5, 7, 8, 9, 10, 17, 18, 20, 24, 25, 27, 28, 29, 30, 34, 35, 37, 41, 42, 44, 46, 48, 49, 52, 53, 54, 55, 59, 63, 66, 67, 69, 70, 71, 74, 76, 77, 78, 81, 82, 84, 85, 89, 91, 93, 94, 95, 97, 99, 101, 102, 103, 104, 106, 109, 111, 113, 115, 116, 118, 125, 126, 127, 132, 133, 134, 135, 136, 137, 139, 146, 148, 150, 155, 160, 161, 167, 168, 175, 183, 184, 185, 186, 188, 191, 194, 198, 199, 201, 203, 204, 209, 210, 211, 213, 214, 215, 217, 218, 219, 220, 221, 224, 232, 236, 238, 239, 240, 241, 242, 248, 250, 251, 253, 255, 256, 257, 258, 259, 260, 261, 262, 263, 265, 266, 268, 271, 272, 274, 276, 282, 283, 284, 285, 286, 290, 291, 293, 294, 297, 299, 300, 301, 303, 305, 306, 307, 308, 309, 310, 314, 315, 318, 324, 326, 328, 330, 331, 333, 334, 336, 341, 345, 347, 348, 350, 351, 352, 353, 358, 363, 365, 373, 375, 379, 384, 385, 387, 388, 389, 391, 392, 394, 395, 396, 397, 399]
x_108: [1, 3, 6, 12, 13, 14, 15, 16, 17, 21, 22, 23, 26, 31, 33, 34, 36, 40, 42, 43, 45, 46, 47, 48, 50, 51, 56, 57, 60, 61, 62, 63, 64, 65, 68, 72, 75, 77, 79, 80, 83, 86, 87, 88, 90, 91, 96, 99, 101, 105, 109, 111, 118, 119, 120, 121, 122, 123, 124, 128, 129, 130, 131, 132, 134, 136, 138, 140, 141, 142, 143, 144, 145, 147, 148, 149, 151, 152, 154, 155, 156, 157, 158, 159, 161, 162, 163, 164, 165, 166, 170, 171, 173, 177, 178, 181, 182, 184, 186, 189, 190, 191, 192, 193, 195, 196, 197, 198, 200, 204, 205, 206, 209, 210, 211, 212, 225, 226, 227, 228, 229, 230, 231, 233, 234, 235, 236, 238, 240, 243, 244, 245, 247, 249, 250, 252, 254, 255, 260, 261, 264, 266, 267, 269, 270, 272, 273, 274, 275, 278, 279, 280, 282, 283, 288, 295, 296, 302, 307, 309, 310, 311, 313, 315, 316, 317, 319, 320, 321, 322, 323, 325, 326, 327, 331, 337, 339, 340, 342, 343, 344, 346, 347, 349, 356, 357, 359, 360, 361, 362, 365, 366, 367, 368, 370, 371, 372, 374, 376, 377, 378, 380, 381, 382, 383, 384, 386, 388, 390, 393, 397, 400]
x_109: [1, 2, 4, 5, 8, 9, 10, 11, 17, 18, 19, 20, 24, 25, 27, 28, 30, 34, 35, 37, 38, 41, 42, 44, 46, 48, 49, 52, 53, 54, 58, 59, 63, 66, 67, 68, 70, 71, 73, 74, 76, 77, 79, 81, 82, 85, 91, 93, 94, 97, 99, 101, 102, 103, 106, 107, 108, 111, 113, 115, 116, 118, 125, 132, 133, 134, 135, 136, 137, 139, 146, 148, 150, 153, 155, 160, 161, 165, 167, 168, 172, 174, 175, 184, 185, 186, 188, 191, 194, 198, 199, 201, 203, 207, 209, 210, 211, 213, 214, 216, 217, 219, 220, 222, 223, 224, 231, 232, 236, 239, 246, 250, 251, 253, 256, 257, 258, 259, 260, 261, 262, 265, 266, 268, 271, 272, 274, 276, 281, 282, 283, 284, 285, 286, 290, 293, 294, 297, 299, 300, 301, 303, 305, 306, 307, 308, 309, 310, 314, 315, 318, 326, 328, 330, 331, 333, 334, 336, 341, 345, 347, 348, 350, 351, 363, 365, 372, 375, 379, 384, 388, 389, 391, 392, 394, 395, 396, 397, 399]
x_110: [2, 4, 6, 7, 8, 9, 10, 11, 17, 18, 19, 20, 22, 25, 26, 27, 28, 29, 30, 35, 37, 41, 44, 45, 47, 49, 52, 53, 54, 58, 59, 63, 66, 67, 68, 69, 70, 71, 73, 74, 76, 78, 79, 81, 82, 84, 85, 87, 89, 91, 93, 95, 96, 97, 103, 104, 106, 113, 115, 118, 121, 125, 127, 133, 135, 136, 137, 138, 139, 141, 146, 149, 150, 155, 160, 162, 164, 165, 168, 169, 170, 172, 174, 175, 185, 186, 187, 188, 194, 198, 199, 202, 203, 204, 207, 214, 215, 216, 217, 218, 219, 221, 222, 223, 224, 225, 231, 232, 235, 237, 239, 240, 241, 242, 246, 248, 251, 252, 253, 255, 256, 257, 258, 259, 262, 263, 265, 267, 268, 270, 271, 272, 276, 278, 280, 281, 282, 284, 286, 290, 291, 292, 293, 294, 297, 299, 300, 303, 305, 306, 308, 309, 312, 314, 316, 318, 326, 327, 328, 330, 333, 334, 336, 337, 338, 341, 345, 347, 348, 351, 352, 353, 363, 365, 369, 372, 373, 375, 379, 384, 385, 387, 389, 390, 391, 392, 395, 396, 397, 399]
x_111: [1, 2, 5, 7, 8, 9, 10, 11, 17, 18, 19, 20, 24, 25, 28, 29, 30, 34, 35, 37, 38, 41, 42, 44, 46, 48, 49, 53, 54, 55, 58, 59, 63, 66, 67, 68, 69, 71, 73, 74, 76, 77, 78, 79, 84, 85, 89, 91, 93, 94, 95, 97, 99, 101, 102, 103, 104, 106, 107, 108, 109, 113, 115, 116, 118, 125, 126, 127, 132, 133, 134, 135, 136, 137, 139, 146, 148, 150, 153, 155, 160, 161, 165, 168, 172, 174, 175, 183, 184, 185, 186, 187, 188, 191, 194, 199, 201, 203, 207, 209, 210, 211, 213, 215, 216, 217, 218, 219, 220, 221, 222, 223, 224, 231, 236, 238, 239, 240, 241, 246, 248, 250, 251, 253, 255, 256, 259, 260, 261, 262, 263, 265, 266, 268, 271, 272, 274, 276, 281, 282, 283, 285, 286, 290, 291, 292, 293, 294, 297, 299, 300, 301, 305, 306, 307, 308, 309, 310, 314, 315, 318, 324, 326, 328, 330, 331, 333, 334, 336, 341, 345, 347, 348, 350, 351, 352, 353, 356, 358, 363, 364, 365, 369, 372, 373, 375, 379, 384, 385, 387, 388, 389, 392, 394, 395, 396, 397, 399]
x_112: [2, 4, 5, 7, 8, 9, 10, 11, 13, 14, 17, 18, 19, 20, 23, 24, 25, 27, 29, 30, 34, 35, 37, 41, 49, 50, 52, 54, 58, 59, 60, 63, 64, 66, 67, 69, 70, 73, 74, 76, 78, 79, 81, 82, 84, 91, 94, 97, 102, 103, 104, 106, 113, 115, 116, 125, 126, 127, 129, 133, 135, 136, 137, 144, 146, 150, 153, 154, 155, 160, 165, 167, 168, 172, 174, 175, 181, 183, 185, 186, 187, 188, 194, 198, 199, 200, 203, 207, 213, 214, 215, 216, 217, 219, 220, 221, 222, 223, 224, 227, 229, 231, 234, 238, 239, 241, 242, 245, 246, 251, 253, 255, 256, 257, 258, 259, 262, 263, 264, 265, 268, 271, 272, 276, 279, 281, 282, 283, 284, 285, 286, 288, 290, 291, 292, 293, 294, 295, 297, 299, 300, 303, 305, 306, 308, 309, 310, 314, 318, 321, 324, 326, 328, 333, 334, 335, 336, 340, 341, 343, 344, 345, 347, 348, 350, 351, 352, 353, 356, 357, 358, 360, 362, 363, 365, 369, 372, 373, 375, 377, 378, 379, 385, 387, 389, 391, 392, 394, 395, 396, 397, 399]
x_113: [1, 3, 6, 12, 13, 14, 15, 19, 21, 22, 23, 26, 30, 31, 32, 33, 36, 39, 40, 42, 43, 45, 46, 47, 50, 51, 52, 53, 56, 57, 60, 61, 62, 65, 66, 72, 75, 77, 80, 82, 86, 87, 88, 90, 96, 98, 99, 100, 105, 106, 107, 109, 110, 111, 112, 114, 117, 121, 122, 123, 124, 128, 129, 130, 131, 132, 134, 138, 142, 144, 145, 147, 148, 149, 151, 154, 156, 157, 158, 159, 161, 163, 164, 166, 169, 171, 176, 178, 179, 180, 181, 182, 185, 189, 190, 191, 192, 193, 195, 196, 199, 201, 202, 203, 205, 206, 208, 209, 211, 212, 214, 215, 221, 225, 226, 227, 228, 229, 230, 233, 234, 235, 236, 237, 239, 243, 244, 245, 247, 248, 249, 250, 251, 252, 254, 256, 257, 259, 260, 264, 265, 266, 267, 269, 273, 274, 275, 276, 278, 280, 284, 286, 287, 288, 289, 291, 295, 296, 298, 299, 300, 302, 303, 304, 307, 311, 312, 313, 315, 316, 317, 319, 320, 321, 322, 323, 325, 329, 331, 332, 335, 337, 338, 339, 340, 342, 343, 344, 349, 353, 354, 355, 357, 359, 360, 361, 362, 366, 367, 368, 369, 370, 371, 374, 376, 377, 380, 381, 382, 383, 386, 387, 388, 390, 393, 398, 400]
x_114: [2, 4, 5, 7, 8, 9, 10, 11, 18, 19, 20, 21, 24, 25, 27, 28, 29, 30, 33, 34, 35, 37, 38, 39, 41, 49, 52, 53, 54, 55, 58, 59, 62, 63, 65, 66, 67, 68, 69, 70, 73, 74, 75, 76, 78, 79, 83, 84, 85, 86, 89, 91, 92, 93, 94, 95, 97, 98, 101, 102, 103, 104, 105, 106, 113, 115, 116, 118, 119, 125, 126, 127, 133, 136, 146, 150, 152, 153, 155, 165, 167, 168, 171, 174, 175, 178, 183, 185, 186, 187, 188, 194, 198, 199, 203, 204, 207, 213, 215, 217, 218, 219, 220, 222, 223, 224, 231, 232, 238, 239, 240, 241, 242, 246, 247, 248, 249, 251, 253, 254, 255, 256, 257, 259, 262, 263, 265, 268, 271, 272, 273, 276, 281, 282, 283, 284, 285, 286, 292, 293, 294, 297, 299, 300, 303, 305, 306, 308, 309, 310, 311, 314, 317, 323, 324, 325, 326, 328, 329, 330, 333, 334, 336, 341, 345, 347, 348, 350, 351, 352, 358, 361, 365, 372, 373, 376, 381, 385, 386, 387, 389, 391, 394, 395, 396, 397, 400]
x_115: [1, 2, 3, 6, 12, 13, 14, 15, 16, 18, 21, 22, 23, 24, 26, 32, 33, 38, 39, 40, 42, 43, 44, 45, 46, 48, 51, 56, 59, 60, 61, 62, 64, 65, 67, 72, 73, 74, 75, 76, 77, 80, 81, 83, 85, 86, 87, 88, 90, 92, 94, 97, 98, 99, 100, 105, 107, 109, 110, 111, 112, 114, 117, 119, 121, 122, 124, 128, 129, 130, 131, 132, 134, 138, 139, 140, 141, 142, 143, 144, 145, 147, 148, 149, 151, 153, 154, 156, 157, 158, 159, 161, 162, 163, 166, 169, 170, 171, 173, 176, 177, 178, 179, 180, 181, 182, 184, 189, 190, 192, 193, 195, 196, 197, 200, 201, 202, 205, 206, 208, 209, 210, 211, 212, 219, 220, 225, 226, 227, 228, 233, 234, 235, 236, 237, 241, 243, 244, 245, 247, 249, 250, 253, 254, 260, 261, 266, 267, 269, 270, 273, 274, 275, 277, 279, 280, 287, 289, 294, 295, 296, 298, 301, 302, 307, 311, 312, 313, 314, 315, 317, 319, 320, 322, 323, 325, 327, 328, 334, 337, 338, 339, 340, 342, 344, 346, 349, 350, 351, 354, 358, 359, 361, 362, 363, 366, 367, 368, 370, 371, 374, 375, 376, 377, 381, 383, 386, 388, 393, 398, 399, 400]
x_116: [1, 3, 5, 6, 8, 10, 12, 14, 15, 16, 21, 22, 23, 26, 27, 32, 33, 36, 37, 39, 40, 41, 42, 43, 47, 48, 50, 51, 54, 56, 57, 58, 61, 62, 64, 65, 72, 75, 77, 78, 80, 83, 84, 86, 87, 88, 89, 90, 92, 93, 98, 99, 100, 104, 105, 107, 109, 111, 112, 114, 117, 119, 120, 121, 122, 124, 127, 129, 130, 131, 133, 134, 135, 138, 141, 142, 143, 144, 145, 147, 148, 149, 152, 156, 157, 158, 159, 160, 161, 163, 164, 166, 168, 169, 170, 171, 174, 175, 176, 178, 180, 181, 182, 184, 189, 190, 191, 192, 193, 195, 196, 200, 201, 205, 206, 208, 210, 211, 216, 217, 218, 224, 225, 226, 227, 228, 229, 230, 233, 234, 235, 236, 237, 243, 244, 245, 247, 249, 250, 252, 254, 264, 266, 267, 269, 270, 273, 274, 275, 277, 278, 279, 280, 287, 288, 289, 295, 296, 298, 301, 302, 304, 307, 311, 312, 313, 315, 316, 317, 319, 320, 321, 322, 323, 324, 327, 331, 332, 337, 339, 340, 343, 344, 346, 349, 354, 355, 357, 359, 360, 361, 362, 366, 367, 368, 370, 371, 374, 376, 377, 378, 379, 380, 381, 382, 383, 386, 388, 389, 390, 392, 393, 394, 395, 400]
x_117: [2, 4, 5, 7, 8, 9, 10, 11, 17, 18, 19, 24, 25, 27, 28, 29, 30, 31, 34, 35, 36, 37, 38, 40, 41, 44, 49, 53, 54, 55, 58, 59, 63, 66, 67, 68, 69, 70, 71, 73, 74, 78, 79, 81, 82, 84, 85, 91, 93, 94, 100, 101, 103, 104, 106, 113, 115, 116, 118, 124, 125, 126, 127, 128, 130, 133, 135, 136, 139, 142, 143, 145, 146, 150, 153, 155, 156, 158, 160, 168, 173, 174, 175, 176, 179, 183, 185, 186, 187, 188, 192, 194, 196, 198, 199, 203, 204, 205, 207, 208, 213, 214, 215, 216, 217, 219, 220, 221, 222, 223, 224, 226, 231, 233, 238, 239, 240, 241, 242, 246, 248, 251, 253, 255, 256, 257, 258, 259, 262, 263, 265, 268, 271, 275, 281, 282, 283, 284, 285, 286, 287, 290, 291, 292, 293, 296, 297, 299, 300, 303, 305, 306, 308, 309, 310, 314, 318, 319, 322, 324, 326, 328, 330, 333, 334, 336, 341, 348, 350, 351, 352, 353, 355, 356, 363, 364, 365, 368, 369, 372, 373, 379, 380, 384, 385, 387, 389, 391, 392, 393, 394, 395, 396, 397, 399]
x_118: [3, 6, 13, 14, 15, 16, 17, 21, 22, 23, 26, 31, 32, 33, 34, 36, 39, 43, 46, 47, 48, 50, 51, 56, 57, 60, 61, 62, 63, 64, 65, 68, 72, 75, 77, 79, 80, 83, 86, 87, 88, 90, 91, 92, 96, 98, 99, 100, 101, 105, 107, 108, 109, 110, 111, 114, 117, 119, 120, 121, 122, 123, 128, 129, 130, 131, 132, 134, 136, 138, 140, 141, 142, 143, 144, 145, 147, 148, 149, 151, 152, 154, 155, 156, 157, 158, 159, 161, 162, 163, 164, 165, 170, 171, 173, 176, 177, 178, 179, 180, 181, 182, 184, 186, 189, 190, 191, 192, 193, 195, 196, 197, 198, 200, 201, 202, 204, 205, 206, 208, 209, 211, 212, 225, 226, 227, 228, 230, 231, 234, 235, 236, 237, 238, 240, 244, 245, 247, 249, 250, 255, 260, 264, 266, 267, 269, 270, 272, 273, 275, 278, 279, 280, 282, 283, 288, 295, 296, 298, 301, 302, 304, 309, 310, 311, 312, 313, 315, 316, 317, 319, 320, 322, 323, 325, 326, 329, 331, 332, 335, 337, 338, 340, 342, 343, 344, 346, 347, 354, 355, 356, 357, 359, 360, 361, 362, 365, 366, 367, 368, 370, 371, 372, 374, 376, 377, 378, 380, 382, 383, 384, 386, 388, 390, 393, 397, 398, 400]
x_119: [4, 5, 7, 8, 9, 10, 11, 17, 18, 19, 20, 21, 24, 25, 27, 28, 29, 30, 33, 34, 35, 37, 38, 39, 41, 44, 49, 53, 54, 55, 59, 62, 63, 65, 66, 67, 68, 69, 70, 71, 73, 74, 75, 76, 79, 82, 83, 85, 86, 89, 91, 92, 93, 94, 97, 98, 101, 102, 103, 104, 105, 106, 108, 114, 115, 116, 118, 125, 127, 133, 135, 136, 137, 139, 146, 150, 152, 153, 155, 160, 165, 167, 168, 171, 174, 175, 178, 183, 185, 186, 187, 188, 199, 203, 204, 207, 213, 214, 215, 217, 218, 219, 220, 221, 222, 223, 224, 231, 232, 238, 240, 241, 247, 248, 249, 251, 253, 254, 255, 256, 258, 262, 263, 265, 268, 272, 273, 276, 281, 282, 283, 285, 286, 291, 292, 293, 294, 297, 299, 300, 306, 308, 310, 311, 314, 317, 318, 323, 324, 325, 326, 328, 329, 330, 333, 336, 341, 345, 347, 348, 351, 352, 356, 358, 361, 363, 364, 365, 369, 372, 373, 375, 376, 379, 381, 384, 385, 386, 387, 389, 392, 395, 396, 397, 399, 400]
x_120: [2, 3, 4, 5, 7, 9, 10, 11, 16, 17, 18, 19, 24, 25, 27, 28, 29, 30, 32, 34, 35, 37, 38, 41, 44, 49, 51, 54, 57, 58, 59, 66, 67, 68, 71, 73, 74, 76, 79, 82, 84, 85, 88, 89, 91, 93, 97, 101, 102, 103, 104, 108, 116, 118, 123, 125, 126, 127, 135, 136, 137, 139, 140, 146, 147, 150, 151, 153, 155, 159, 160, 165, 166, 167, 168, 172, 174, 175, 183, 185, 188, 189, 195, 197, 198, 199, 203, 204, 206, 207, 212, 213, 214, 215, 216, 217, 220, 221, 222, 223, 224, 231, 232, 238, 239, 241, 242, 243, 244, 246, 248, 251, 253, 255, 256, 257, 258, 262, 263, 265, 268, 269, 271, 272, 276, 281, 282, 284, 285, 286, 289, 290, 291, 292, 293, 294, 297, 299, 300, 303, 304, 306, 308, 309, 310, 314, 318, 324, 326, 328, 330, 332, 333, 334, 336, 339, 341, 345, 346, 347, 348, 349, 350, 351, 352, 353, 356, 358, 363, 364, 366, 369, 370, 372, 375, 379, 383, 384, 385, 387, 389, 391, 392, 394, 396, 397, 398, 399]
x_121: [2, 4, 5, 6, 7, 8, 9, 11, 17, 18, 20, 22, 24, 25, 26, 28, 29, 30, 34, 35, 37, 38, 41, 45, 47, 49, 52, 53, 54, 55, 58, 59, 63, 66, 67, 68, 70, 71, 73, 74, 76, 78, 79, 81, 82, 84, 87, 91, 94, 95, 96, 97, 101, 102, 103, 104, 106, 108, 110, 113, 115, 116, 118, 125, 126, 127, 133, 135, 136, 137, 138, 139, 141, 146, 149, 150, 153, 155, 160, 162, 164, 165, 167, 168, 169, 170, 172, 174, 185, 186, 187, 188, 194, 198, 199, 202, 203, 204, 207, 213, 214, 215, 216, 217, 218, 219, 220, 221, 222, 223, 224, 225, 231, 232, 235, 237, 239, 240, 241, 242, 248, 251, 252, 253, 255, 256, 257, 258, 259, 262, 263, 265, 267, 268, 270, 271, 272, 276, 278, 280, 281, 282, 283, 284, 285, 290, 292, 293, 294, 297, 299, 300, 303, 305, 308, 309, 310, 312, 314, 316, 318, 324, 326, 327, 328, 333, 334, 336, 337, 338, 341, 345, 347, 351, 352, 353, 356, 358, 363, 364, 365, 369, 372, 373, 375, 387, 389, 390, 392, 394, 395, 396, 397, 399]
x_122: [2, 4, 5, 7, 8, 9, 10, 11, 12, 15, 17, 18, 19, 20, 24, 25, 27, 29, 35, 37, 38, 41, 43, 44, 49, 52, 53, 54, 55, 56, 61, 63, 66, 67, 68, 69, 70, 72, 73, 76, 78, 79, 80, 81, 82, 84, 85, 89, 90, 91, 93, 94, 95, 97, 101, 102, 103, 104, 106, 108, 113, 115, 116, 118, 125, 126, 127, 131, 133, 135, 136, 137, 139, 146, 150, 153, 155, 157, 160, 163, 165, 167, 168, 172, 174, 177, 180, 182, 183, 186, 187, 190, 193, 198, 199, 203, 204, 213, 215, 216, 217, 218, 220, 221, 222, 228, 230, 231, 238, 239, 240, 241, 242, 246, 248, 251, 253, 255, 256, 257, 258, 259, 262, 263, 265, 268, 271, 272, 276, 277, 281, 282, 283, 284, 285, 286, 290, 291, 292, 293, 294, 297, 298, 299, 300, 302, 303, 305, 306, 308, 310, 313, 314, 318, 320, 324, 326, 328, 330, 333, 334, 336, 341, 342, 345, 347, 348, 350, 351, 352, 353, 354, 356, 358, 359, 364, 365, 367, 371, 372, 373, 374, 375, 379, 382, 385, 387, 389, 391, 392, 394, 395, 396, 397, 399]
x_123: [2, 3, 4, 5, 7, 8, 9, 10, 11, 16, 17, 19, 20, 24, 25, 27, 28, 29, 30, 32, 34, 41, 49, 51, 52, 53, 55, 57, 58, 59, 63, 66, 67, 68, 69, 70, 71, 73, 74, 76, 78, 79, 81, 82, 84, 85, 88, 89, 91, 94, 95, 97, 101, 102, 103, 104, 106, 108, 113, 118, 120, 125, 126, 127, 133, 135, 136, 137, 140, 146, 147, 150, 151, 153, 155, 159, 160, 165, 166, 167, 168, 172, 174, 175, 183, 185, 186, 187, 189, 194, 195, 197, 198, 199, 203, 204, 206, 212, 213, 214, 215, 216, 217, 218, 219, 220, 222, 223, 224, 231, 232, 238, 239, 240, 241, 242, 243, 244, 246, 248, 255, 256, 257, 258, 262, 263, 265, 268, 269, 271, 272, 276, 281, 282, 283, 284, 285, 286, 289, 290, 291, 292, 294, 299, 300, 303, 304, 305, 308, 310, 314, 318, 324, 326, 328, 330, 332, 333, 334, 336, 339, 341, 345, 346, 347, 348, 349, 350, 351, 352, 353, 358, 364, 365, 366, 369, 370, 372, 373, 375, 383, 384, 387, 389, 391, 392, 394, 395, 396, 397, 398, 399]
x_124: [2, 4, 7, 9, 10, 11, 17, 18, 19, 28, 29, 30, 31, 34, 36, 37, 38, 40, 41, 44, 52, 53, 55, 58, 59, 66, 67, 68, 69, 70, 73, 74, 76, 78, 79, 81, 82, 85, 89, 91, 93, 94, 95, 97, 100, 101, 102, 103, 104, 106, 108, 113, 115, 116, 117, 125, 126, 127, 128, 130, 133, 135, 136, 137, 139, 142, 143, 145, 146, 150, 153, 155, 156, 158, 160, 165, 167, 168, 172, 173, 174, 175, 176, 179, 183, 185, 186, 187, 188, 192, 194, 196, 198, 199, 203, 204, 205, 207, 208, 213, 214, 215, 216, 217, 218, 219, 220, 222, 224, 226, 231, 232, 233, 239, 240, 242, 246, 253, 255, 256, 257, 259, 262, 265, 268, 271, 272, 275, 276, 281, 282, 283, 284, 285, 286, 287, 290, 292, 293, 294, 296, 299, 305, 309, 310, 314, 318, 319, 322, 324, 326, 328, 334, 336, 341, 347, 348, 351, 353, 355, 356, 358, 363, 365, 368, 369, 372, 373, 375, 380, 384, 387, 389, 391, 392, 393, 394, 395, 396, 397]
x_125: [1, 3, 6, 7, 9, 11, 12, 14, 15, 16, 20, 21, 22, 23, 25, 26, 29, 31, 32, 36, 40, 42, 43, 45, 46, 47, 48, 49, 50, 51, 57, 60, 61, 62, 64, 65, 69, 70, 72, 75, 77, 80, 83, 86, 87, 88, 90, 96, 99, 105, 107, 109, 110, 111, 112, 114, 117, 119, 120, 121, 122, 123, 124, 126, 128, 129, 130, 132, 134, 137, 138, 141, 142, 143, 144, 145, 146, 147, 148, 149, 151, 152, 156, 157, 158, 162, 163, 164, 166, 169, 171, 172, 176, 177, 179, 180, 181, 182, 184, 187, 188, 189, 191, 192, 193, 195, 196, 197, 200, 201, 202, 205, 206, 208, 209, 210, 211, 212, 222, 223, 225, 226, 227, 228, 229, 230, 234, 235, 236, 237, 244, 245, 246, 247, 249, 250, 254, 260, 261, 264, 266, 267, 270, 271, 273, 274, 275, 277, 278, 279, 280, 281, 285, 287, 288, 289, 292, 295, 296, 298, 302, 304, 305, 307, 311, 312, 313, 315, 316, 317, 318, 319, 320, 321, 322, 323, 325, 327, 329, 331, 332, 335, 337, 338, 339, 340, 343, 344, 345, 346, 349, 352, 354, 355, 357, 359, 360, 361, 362, 364, 366, 367, 368, 371, 373, 374, 377, 378, 380, 381, 383, 385, 386, 388, 390, 393, 396, 398, 400]
x_126: [1, 3, 6, 7, 9, 11, 12, 16, 20, 21, 22, 25, 26, 29, 31, 32, 33, 36, 39, 40, 42, 43, 45, 47, 48, 49, 51, 56, 57, 60, 61, 62, 64, 65, 69, 70, 72, 77, 86, 87, 88, 90, 92, 96, 98, 99, 100, 105, 107, 111, 112, 114, 117, 120, 121, 122, 123, 124, 125, 128, 129, 130, 131, 132, 134, 137, 138, 140, 141, 142, 145, 146, 147, 149, 151, 152, 154, 156, 157, 158, 159, 161, 162, 163, 164, 169, 170, 172, 173, 176, 177, 178, 180, 182, 184, 187, 188, 189, 190, 191, 192, 193, 196, 197, 200, 201, 202, 205, 206, 208, 209, 210, 211, 212, 222, 223, 226, 227, 228, 229, 230, 233, 234, 235, 236, 237, 243, 244, 245, 246, 249, 250, 252, 254, 260, 261, 266, 267, 269, 270, 271, 273, 274, 275, 277, 278, 279, 280, 281, 285, 287, 288, 289, 292, 295, 296, 301, 302, 305, 307, 311, 312, 315, 316, 317, 318, 321, 322, 323, 325, 327, 329, 331, 332, 335, 337, 338, 339, 340, 342, 343, 344, 345, 346, 349, 352, 354, 355, 357, 359, 360, 361, 362, 364, 366, 367, 368, 370, 371, 373, 374, 376, 378, 380, 382, 383, 385, 386, 388, 390, 396, 398, 400]
x_127: [1, 3, 5, 6, 8, 10, 12, 13, 14, 15, 16, 22, 23, 26, 27, 31, 32, 33, 36, 37, 39, 40, 41, 43, 45, 47, 48, 50, 51, 54, 56, 57, 58, 61, 62, 64, 72, 75, 77, 78, 83, 84, 86, 87, 88, 89, 90, 92, 93, 98, 99, 104, 105, 107, 110, 111, 112, 114, 116, 117, 119, 120, 121, 122, 123, 124, 128, 129, 130, 131, 132, 133, 134, 135, 138, 142, 143, 144, 145, 147, 148, 149, 151, 154, 156, 157, 159, 160, 161, 163, 166, 168, 169, 171, 173, 174, 175, 176, 177, 178, 180, 181, 182, 184, 189, 191, 192, 195, 197, 200, 201, 202, 205, 206, 208, 209, 210, 212, 216, 217, 218, 224, 225, 226, 227, 228, 230, 233, 234, 236, 237, 243, 244, 245, 249, 250, 252, 254, 260, 261, 264, 267, 269, 270, 273, 275, 278, 279, 280, 287, 288, 289, 295, 296, 298, 301, 302, 304, 311, 312, 313, 315, 316, 317, 319, 320, 322, 323, 324, 325, 327, 329, 331, 332, 335, 337, 338, 340, 342, 343, 346, 349, 354, 355, 357, 359, 360, 362, 366, 367, 368, 370, 371, 374, 376, 378, 379, 380, 381, 382, 383, 386, 388, 389, 390, 392, 393, 394, 395, 398, 400]
x_128: [2, 4, 5, 7, 8, 10, 11, 17, 20, 24, 27, 28, 29, 30, 31, 34, 35, 36, 37, 38, 40, 41, 44, 49, 52, 53, 54, 58, 59, 66, 67, 68, 69, 70, 71, 73, 74, 76, 78, 79, 81, 82, 84, 85, 89, 93, 94, 95, 100, 102, 103, 104, 106, 108, 113, 115, 117, 118, 124, 125, 126, 127, 130, 133, 135, 136, 137, 139, 142, 143, 145, 146, 150, 153, 155, 156, 158, 160, 165, 168, 173, 174, 175, 176, 179, 183, 185, 186, 188, 192, 194, 196, 198, 199, 203, 204, 205, 207, 208, 213, 214, 215, 216, 217, 218, 219, 220, 221, 222, 223, 226, 231, 233, 238, 239, 240, 241, 246, 248, 251, 253, 255, 256, 258, 259, 262, 263, 268, 271, 272, 275, 276, 282, 283, 284, 285, 286, 287, 290, 291, 292, 293, 296, 297, 299, 300, 303, 305, 306, 309, 310, 314, 318, 319, 322, 324, 326, 330, 333, 334, 336, 341, 345, 347, 348, 350, 351, 352, 353, 355, 363, 364, 365, 368, 372, 373, 375, 379, 380, 385, 389, 391, 393, 394, 395, 396, 397, 399]
x_129: [2, 5, 7, 8, 9, 10, 13, 14, 17, 18, 20, 23, 24, 25, 27, 28, 29, 30, 34, 37, 41, 49, 50, 52, 53, 54, 55, 59, 60, 63, 64, 66, 67, 68, 70, 71, 74, 76, 78, 79, 81, 84, 85, 89, 91, 93, 94, 95, 97, 101, 103, 104, 106, 108, 112, 113, 115, 116, 118, 125, 126, 127, 133, 135, 137, 139, 144, 146, 150, 154, 155, 160, 165, 167, 172, 174, 175, 181, 183, 185, 186, 187, 194, 199, 200, 203, 204, 207, 213, 214, 215, 217, 218, 219, 220, 221, 222, 223, 227, 229, 231, 232, 234, 238, 239, 240, 241, 242, 245, 246, 248, 251, 253, 255, 256, 257, 258, 259, 262, 263, 264, 265, 268, 271, 272, 279, 281, 283, 284, 285, 286, 288, 290, 291, 292, 293, 294, 295, 297, 299, 300, 303, 305, 306, 308, 309, 310, 314, 318, 321, 324, 326, 328, 330, 333, 334, 335, 340, 341, 343, 344, 345, 347, 348, 351, 352, 353, 356, 357, 358, 360, 362, 363, 365, 369, 373, 375, 377, 378, 379, 385, 387, 389, 392, 394, 395, 396, 397, 399]
x_130: [2, 4, 5, 7, 8, 9, 10, 11, 17, 20, 24, 25, 27, 28, 29, 30, 31, 34, 35, 36, 37, 38, 40, 41, 44, 49, 52, 54, 55, 58, 59, 66, 67, 69, 70, 71, 73, 74, 78, 81, 82, 84, 85, 89, 91, 93, 94, 100, 101, 102, 103, 106, 108, 113, 115, 116, 117, 118, 124, 125, 126, 127, 128, 133, 135, 136, 137, 139, 142, 143, 145, 146, 150, 153, 155, 156, 158, 160, 173, 174, 175, 176, 179, 183, 185, 186, 187, 188, 192, 196, 198, 199, 203, 204, 205, 207, 208, 213, 214, 215, 216, 217, 218, 220, 221, 222, 224, 226, 231, 232, 233, 238, 239, 240, 241, 242, 246, 248, 251, 253, 255, 256, 257, 258, 259, 262, 263, 268, 271, 272, 275, 281, 282, 283, 284, 285, 286, 287, 290, 292, 293, 294, 296, 297, 299, 303, 305, 306, 308, 309, 310, 314, 318, 319, 322, 324, 326, 328, 330, 333, 334, 336, 341, 347, 348, 350, 352, 353, 355, 356, 358, 363, 365, 368, 372, 373, 375, 379, 380, 385, 387, 389, 392, 393, 394, 395, 396, 397]
x_131: [4, 5, 7, 10, 12, 15, 17, 20, 24, 25, 29, 30, 34, 35, 37, 38, 41, 43, 44, 49, 52, 53, 54, 55, 56, 58, 59, 61, 63, 66, 67, 69, 70, 71, 72, 73, 74, 78, 79, 80, 81, 82, 85, 89, 90, 91, 93, 94, 95, 97, 101, 102, 103, 106, 108, 113, 115, 116, 118, 122, 126, 127, 135, 136, 139, 146, 150, 153, 155, 157, 163, 165, 167, 168, 172, 177, 180, 182, 183, 185, 186, 187, 188, 190, 193, 194, 198, 199, 204, 207, 213, 214, 215, 216, 217, 218, 219, 220, 221, 222, 223, 224, 228, 230, 231, 232, 238, 239, 240, 242, 248, 251, 253, 255, 256, 257, 259, 262, 265, 268, 271, 272, 276, 277, 281, 282, 283, 284, 285, 286, 290, 291, 292, 293, 294, 297, 298, 300, 302, 303, 305, 306, 308, 309, 310, 313, 314, 320, 324, 330, 333, 336, 341, 342, 345, 348, 351, 352, 353, 354, 356, 358, 359, 363, 364, 365, 367, 369, 371, 372, 373, 374, 375, 379, 382, 384, 385, 387, 389, 391, 392, 394, 395, 396, 397, 399]
x_132: [1, 2, 4, 5, 7, 8, 9, 10, 11, 18, 20, 25, 27, 28, 29, 30, 34, 35, 37, 38, 41, 42, 44, 46, 48, 49, 52, 53, 54, 55, 58, 59, 63, 66, 67, 69, 70, 71, 73, 76, 77, 78, 79, 81, 82, 84, 85, 89, 91, 93, 94, 95, 97, 99, 101, 102, 103, 104, 106, 107, 108, 109, 111, 113, 115, 118, 125, 126, 127, 133, 134, 135, 136, 137, 146, 148, 153, 155, 160, 161, 165, 167, 168, 172, 174, 175, 184, 185, 186, 187, 188, 191, 194, 199, 201, 203, 204, 207, 209, 210, 211, 213, 214, 215, 216, 218, 219, 220, 221, 222, 223, 224, 231, 232, 236, 238, 239, 240, 241, 242, 246, 248, 250, 251, 253, 255, 256, 257, 258, 259, 260, 261, 263, 265, 266, 268, 272, 274, 276, 282, 283, 284, 285, 286, 290, 291, 292, 294, 297, 299, 300, 301, 303, 305, 307, 308, 310, 314, 315, 324, 326, 330, 331, 333, 334, 336, 341, 347, 348, 350, 351, 353, 356, 358, 363, 364, 365, 369, 372, 373, 375, 379, 384, 385, 387, 388, 389, 391, 392, 394, 396, 397, 399]
x_133: [1, 3, 5, 6, 8, 10, 12, 13, 14, 16, 21, 23, 26, 27, 31, 32, 33, 36, 37, 39, 41, 43, 45, 51, 54, 56, 57, 58, 60, 62, 64, 65, 72, 75, 77, 78, 80, 84, 86, 87, 88, 89, 90, 93, 96, 98, 99, 100, 104, 105, 107, 109, 110, 111, 112, 114, 116, 117, 119, 121, 122, 123, 124, 127, 128, 129, 130, 132, 134, 135, 140, 142, 144, 145, 148, 149, 151, 152, 154, 156, 157, 158, 159, 160, 162, 163, 166, 168, 169, 170, 173, 174, 175, 177, 178, 179, 181, 182, 184, 189, 190, 191, 192, 193, 195, 197, 200, 201, 202, 205, 206, 208, 210, 211, 212, 216, 217, 218, 224, 225, 226, 227, 228, 229, 230, 234, 235, 236, 243, 244, 245, 247, 249, 250, 252, 254, 260, 261, 264, 266, 269, 270, 273, 274, 275, 278, 279, 280, 287, 288, 289, 295, 298, 302, 311, 312, 313, 315, 317, 320, 321, 322, 323, 324, 327, 329, 332, 337, 338, 339, 342, 343, 346, 349, 354, 355, 357, 359, 360, 361, 362, 366, 368, 371, 374, 376, 377, 378, 379, 381, 382, 383, 386, 388, 389, 390, 392, 393, 394, 395]
x_134: [1, 2, 4, 5, 7, 8, 9, 11, 17, 18, 20, 24, 25, 27, 28, 29, 34, 35, 37, 38, 41, 42, 46, 48, 49, 52, 53, 54, 55, 59, 63, 66, 67, 68, 69, 70, 71, 73, 77, 78, 79, 81, 82, 84, 85, 89, 93, 94, 95, 97, 99, 101, 102, 103, 104, 106, 107, 108, 109, 111, 113, 115, 116, 118, 125, 126, 127, 132, 133, 136, 137, 139, 146, 148, 150, 153, 155, 160, 161, 165, 167, 168, 174, 175, 183, 184, 185, 187, 188, 191, 194, 198, 199, 201, 203, 207, 209, 210, 211, 213, 215, 217, 218, 219, 220, 221, 222, 224, 232, 236, 238, 239, 240, 241, 246, 248, 250, 251, 253, 255, 256, 258, 259, 260, 261, 262, 263, 265, 266, 268, 271, 272, 274, 276, 281, 282, 283, 284, 285, 286, 291, 292, 294, 297, 300, 301, 303, 305, 306, 307, 308, 309, 310, 314, 315, 318, 324, 326, 328, 331, 333, 334, 336, 341, 345, 347, 348, 350, 351, 352, 353, 356, 358, 363, 364, 365, 369, 372, 375, 379, 384, 385, 387, 388, 389, 391, 392, 395, 396, 397, 399]
x_135: [1, 3, 5, 8, 10, 12, 13, 14, 15, 16, 21, 22, 23, 26, 27, 31, 32, 33, 36, 37, 39, 40, 41, 42, 43, 45, 46, 47, 48, 50, 51, 54, 56, 57, 58, 60, 61, 62, 64, 65, 72, 75, 77, 78, 80, 83, 84, 86, 87, 89, 90, 92, 93, 96, 99, 100, 104, 105, 107, 109, 110, 111, 112, 116, 117, 119, 120, 121, 122, 123, 124, 127, 128, 129, 130, 131, 132, 133, 138, 140, 141, 142, 143, 144, 145, 147, 148, 149, 151, 152, 154, 156, 157, 158, 159, 160, 161, 162, 164, 166, 168, 169, 170, 171, 173, 174, 175, 177, 178, 179, 180, 181, 182, 184, 189, 190, 191, 192, 193, 195, 197, 200, 201, 202, 205, 206, 208, 209, 210, 211, 216, 217, 218, 224, 225, 226, 227, 229, 230, 234, 235, 236, 237, 243, 244, 245, 247, 250, 252, 254, 260, 261, 264, 266, 267, 270, 273, 274, 275, 277, 278, 279, 280, 287, 288, 289, 295, 298, 301, 304, 307, 312, 313, 315, 316, 317, 319, 320, 324, 325, 329, 331, 332, 337, 338, 339, 340, 343, 344, 346, 349, 354, 355, 357, 359, 361, 366, 367, 368, 370, 371, 374, 376, 377, 378, 379, 380, 381, 382, 383, 386, 388, 389, 392, 393, 394, 395, 400]
x_136: [1, 3, 6, 12, 13, 14, 15, 16, 17, 21, 22, 23, 26, 31, 32, 33, 34, 36, 39, 40, 42, 43, 45, 46, 48, 50, 51, 56, 60, 61, 62, 63, 64, 65, 68, 72, 75, 77, 79, 80, 83, 86, 87, 88, 90, 91, 92, 96, 98, 99, 100, 101, 105, 107, 108, 109, 110, 111, 112, 114, 117, 118, 119, 120, 121, 122, 123, 124, 128, 130, 131, 132, 134, 138, 140, 141, 142, 143, 144, 145, 147, 148, 149, 152, 154, 155, 156, 157, 158, 159, 161, 162, 163, 165, 169, 170, 171, 173, 176, 179, 180, 181, 182, 184, 186, 190, 192, 193, 195, 197, 198, 201, 202, 204, 205, 206, 208, 209, 210, 211, 212, 225, 227, 228, 229, 230, 231, 233, 234, 235, 237, 238, 240, 243, 244, 247, 250, 252, 254, 255, 264, 266, 267, 270, 272, 273, 274, 275, 277, 278, 279, 280, 282, 283, 287, 288, 289, 296, 298, 301, 304, 307, 309, 310, 311, 312, 313, 315, 317, 319, 320, 321, 322, 323, 325, 326, 327, 329, 331, 332, 335, 337, 338, 339, 340, 343, 344, 346, 347, 349, 354, 355, 356, 357, 359, 360, 361, 362, 365, 366, 367, 368, 370, 371, 372, 374, 376, 377, 378, 381, 382, 384, 386, 388, 390, 393, 397, 398, 400]
x_137: [1, 3, 6, 7, 9, 11, 12, 13, 14, 15, 16, 20, 21, 22, 23, 25, 26, 29, 31, 32, 36, 40, 42, 43, 45, 46, 47, 48, 49, 50, 51, 56, 57, 61, 64, 65, 69, 70, 72, 75, 83, 86, 87, 88, 90, 92, 96, 98, 99, 100, 107, 109, 110, 111, 112, 119, 120, 121, 122, 123, 124, 125, 126, 128, 129, 130, 132, 134, 138, 140, 141, 142, 143, 144, 146, 147, 148, 149, 151, 152, 154, 157, 158, 159, 161, 162, 164, 166, 169, 170, 172, 173, 176, 178, 179, 180, 181, 182, 184, 187, 188, 189, 190, 191, 192, 193, 195, 196, 197, 200, 201, 202, 205, 206, 208, 209, 210, 211, 222, 223, 225, 226, 228, 229, 230, 233, 234, 235, 236, 244, 245, 246, 250, 252, 254, 260, 261, 264, 266, 269, 271, 273, 274, 275, 277, 278, 279, 280, 281, 285, 287, 288, 289, 292, 295, 296, 301, 302, 304, 305, 307, 311, 313, 315, 316, 317, 318, 319, 320, 321, 323, 327, 329, 331, 332, 338, 339, 340, 342, 343, 344, 345, 346, 349, 352, 354, 355, 357, 359, 361, 364, 366, 367, 368, 370, 371, 373, 374, 376, 377, 378, 380, 381, 383, 385, 386, 388, 390, 396, 398, 400]
x_138: [2, 4, 5, 6, 7, 8, 9, 10, 11, 17, 18, 19, 20, 22, 24, 25, 26, 27, 28, 34, 35, 37, 38, 41, 45, 47, 49, 52, 53, 54, 55, 58, 59, 63, 66, 67, 68, 69, 70, 71, 73, 74, 76, 79, 81, 82, 84, 85, 87, 93, 94, 95, 96, 97, 101, 102, 103, 104, 106, 108, 110, 113, 115, 116, 118, 121, 125, 126, 127, 135, 136, 137, 141, 146, 149, 150, 153, 160, 162, 164, 165, 167, 168, 169, 170, 172, 174, 175, 185, 186, 187, 188, 194, 198, 199, 202, 203, 204, 207, 213, 215, 216, 217, 218, 220, 221, 222, 223, 224, 225, 231, 235, 237, 238, 239, 240, 241, 242, 246, 248, 251, 252, 253, 255, 257, 258, 259, 263, 265, 267, 268, 270, 271, 272, 276, 278, 280, 281, 282, 284, 285, 286, 290, 291, 293, 294, 297, 299, 300, 303, 305, 306, 309, 310, 312, 314, 316, 318, 324, 326, 327, 334, 336, 337, 338, 341, 345, 347, 348, 350, 351, 352, 353, 356, 358, 363, 364, 365, 369, 372, 373, 375, 379, 384, 387, 390, 391, 392, 394, 395, 396, 397, 399]
x_139: [1, 2, 3, 6, 12, 13, 14, 15, 18, 21, 22, 23, 24, 26, 32, 33, 36, 38, 39, 40, 42, 43, 44, 45, 47, 50, 51, 56, 57, 59, 60, 61, 62, 64, 65, 67, 72, 73, 74, 75, 76, 80, 81, 83, 85, 86, 87, 88, 90, 92, 94, 96, 97, 98, 99, 105, 107, 109, 110, 111, 115, 117, 119, 120, 121, 122, 124, 128, 129, 130, 131, 134, 141, 142, 143, 144, 145, 147, 148, 149, 151, 152, 153, 154, 156, 157, 158, 161, 162, 163, 164, 166, 169, 170, 171, 173, 176, 177, 178, 179, 180, 181, 182, 184, 189, 192, 193, 195, 196, 197, 200, 201, 202, 206, 208, 209, 211, 212, 219, 220, 225, 226, 227, 228, 229, 230, 234, 235, 236, 237, 241, 243, 244, 247, 249, 250, 252, 253, 254, 261, 264, 266, 267, 270, 273, 274, 275, 277, 278, 279, 280, 287, 288, 289, 294, 296, 298, 301, 302, 307, 311, 312, 314, 315, 316, 317, 320, 321, 323, 325, 327, 328, 329, 331, 332, 334, 337, 340, 342, 343, 344, 346, 349, 350, 351, 354, 355, 357, 358, 359, 360, 361, 362, 363, 366, 367, 368, 370, 374, 375, 376, 377, 378, 380, 381, 382, 383, 386, 388, 390, 393, 398, 399, 400]
x_140: [2, 3, 4, 5, 7, 8, 10, 11, 16, 18, 19, 20, 24, 29, 30, 32, 35, 37, 38, 41, 44, 51, 53, 54, 55, 57, 58, 59, 66, 67, 68, 69, 70, 71, 74, 78, 79, 81, 82, 85, 88, 89, 91, 93, 94, 95, 101, 102, 103, 104, 106, 108, 115, 118, 120, 123, 126, 133, 135, 136, 137, 146, 147, 150, 151, 153, 155, 159, 160, 165, 166, 167, 168, 172, 174, 175, 183, 185, 186, 187, 188, 189, 195, 197, 199, 204, 206, 212, 213, 214, 217, 219, 220, 221, 222, 223, 224, 231, 232, 238, 239, 240, 241, 242, 243, 244, 246, 248, 251, 253, 255, 256, 257, 258, 259, 263, 268, 269, 271, 272, 276, 281, 283, 284, 285, 286, 289, 291, 292, 293, 294, 297, 299, 300, 303, 304, 305, 306, 308, 309, 310, 318, 324, 326, 328, 330, 332, 333, 336, 339, 341, 345, 346, 347, 348, 349, 350, 351, 352, 353, 356, 358, 363, 364, 365, 366, 369, 370, 372, 373, 375, 379, 383, 384, 385, 387, 389, 391, 395, 396, 397, 398, 399]
x_141: [2, 4, 6, 7, 8, 9, 10, 11, 17, 18, 19, 20, 22, 25, 26, 28, 29, 30, 34, 37, 38, 41, 44, 45, 47, 49, 52, 53, 54, 58, 59, 63, 66, 67, 68, 70, 71, 73, 74, 76, 78, 79, 81, 82, 84, 85, 87, 89, 91, 93, 94, 95, 96, 97, 104, 108, 110, 115, 116, 118, 121, 125, 126, 135, 136, 137, 138, 139, 146, 149, 150, 153, 155, 162, 164, 165, 167, 168, 169, 170, 172, 174, 175, 183, 185, 186, 188, 194, 198, 202, 204, 207, 213, 214, 215, 216, 217, 218, 219, 220, 221, 222, 224, 225, 232, 235, 237, 238, 239, 240, 241, 242, 246, 251, 252, 253, 256, 257, 259, 263, 265, 267, 270, 271, 276, 278, 280, 281, 283, 285, 290, 291, 292, 293, 294, 297, 299, 300, 303, 306, 308, 309, 310, 312, 314, 316, 318, 324, 327, 328, 333, 334, 336, 337, 338, 341, 345, 350, 352, 356, 358, 364, 365, 369, 372, 373, 375, 384, 387, 389, 390, 391, 392, 394, 395, 396, 397, 399]
x_142: [2, 4, 5, 7, 8, 9, 10, 11, 17, 18, 19, 20, 24, 27, 28, 31, 35, 36, 37, 38, 40, 41, 44, 49, 52, 53, 55, 59, 63, 66, 67, 68, 69, 70, 71, 73, 74, 76, 78, 79, 81, 82, 84, 89, 91, 93, 94, 97, 100, 101, 102, 103, 104, 106, 108, 113, 115, 116, 117, 118, 124, 125, 126, 127, 128, 130, 133, 135, 136, 137, 139, 143, 145, 150, 153, 156, 158, 160, 165, 168, 172, 173, 175, 176, 179, 183, 188, 192, 196, 198, 199, 203, 204, 205, 207, 208, 213, 214, 215, 216, 217, 218, 219, 220, 223, 224, 226, 231, 232, 233, 238, 239, 240, 241, 242, 246, 248, 251, 253, 255, 256, 258, 259, 262, 263, 268, 271, 272, 275, 276, 281, 282, 283, 285, 286, 287, 290, 291, 293, 294, 296, 297, 299, 300, 303, 305, 306, 308, 310, 314, 318, 319, 322, 324, 326, 328, 330, 333, 334, 336, 341, 345, 347, 348, 350, 351, 352, 353, 355, 356, 358, 363, 364, 365, 368, 369, 372, 373, 375, 379, 380, 384, 385, 387, 391, 392, 393, 394, 395, 396, 397, 399]
x_143: [2, 4, 5, 8, 9, 10, 11, 18, 19, 20, 24, 25, 27, 29, 30, 31, 36, 38, 40, 41, 49, 52, 53, 54, 55, 59, 63, 66, 67, 68, 70, 71, 74, 76, 78, 79, 81, 82, 84, 85, 89, 93, 94, 97, 100, 101, 103, 104, 106, 108, 115, 116, 117, 118, 124, 125, 127, 128, 130, 135, 136, 137, 139, 142, 145, 146, 150, 153, 155, 156, 158, 160, 167, 168, 172, 173, 174, 175, 176, 179, 183, 185, 186, 188, 192, 194, 196, 199, 203, 204, 205, 207, 208, 213, 214, 215, 216, 217, 219, 220, 221, 222, 223, 226, 231, 232, 233, 238, 239, 240, 241, 246, 248, 251, 253, 255, 257, 258, 259, 262, 263, 265, 268, 271, 272, 275, 281, 282, 283, 284, 285, 286, 287, 290, 291, 292, 293, 294, 296, 297, 303, 305, 306, 308, 309, 310, 314, 318, 319, 322, 324, 326, 328, 330, 333, 334, 336, 341, 345, 347, 348, 352, 353, 355, 356, 358, 363, 364, 365, 368, 369, 373, 375, 379, 380, 384, 385, 387, 389, 391, 392, 393, 394, 395, 396, 397, 399]
x_144: [5, 7, 8, 9, 10, 11, 13, 14, 17, 18, 19, 20, 23, 24, 25, 27, 28, 29, 30, 34, 35, 37, 38, 41, 44, 49, 50, 52, 53, 54, 55, 58, 59, 60, 63, 64, 66, 67, 69, 70, 71, 73, 76, 78, 79, 81, 82, 84, 85, 94, 97, 101, 102, 103, 104, 106, 108, 112, 113, 115, 116, 118, 125, 127, 129, 133, 135, 136, 137, 139, 150, 154, 155, 160, 165, 168, 172, 174, 175, 181, 183, 187, 188, 198, 199, 200, 203, 204, 207, 213, 214, 215, 216, 218, 219, 220, 221, 222, 223, 224, 227, 229, 231, 232, 234, 239, 240, 241, 245, 251, 255, 256, 258, 259, 263, 264, 265, 268, 271, 276, 279, 281, 282, 283, 284, 285, 286, 288, 290, 291, 292, 293, 294, 295, 297, 300, 303, 305, 306, 308, 309, 310, 314, 318, 321, 326, 330, 333, 334, 335, 336, 340, 341, 343, 344, 347, 348, 350, 351, 352, 353, 357, 358, 360, 362, 363, 364, 365, 372, 373, 375, 377, 378, 379, 384, 385, 387, 389, 391, 392, 395, 396, 399]
x_145: [2, 4, 8, 9, 10, 11, 18, 19, 20, 24, 25, 27, 28, 29, 30, 31, 34, 35, 36, 37, 38, 40, 44, 49, 52, 53, 55, 58, 59, 63, 67, 68, 69, 70, 71, 73, 74, 76, 79, 81, 85, 89, 91, 95, 97, 100, 101, 102, 103, 104, 106, 108, 113, 115, 116, 117, 118, 124, 125, 126, 127, 128, 130, 133, 135, 136, 139, 142, 143, 146, 150, 153, 155, 156, 158, 160, 165, 167, 168, 172, 173, 174, 175, 176, 179, 183, 185, 186, 187, 188, 192, 194, 196, 198, 203, 204, 205, 208, 213, 214, 215, 216, 217, 218, 219, 220, 221, 222, 223, 224, 226, 231, 232, 233, 238, 240, 242, 246, 248, 251, 253, 255, 256, 257, 258, 262, 263, 265, 268, 271, 272, 275, 281, 283, 284, 285, 286, 287, 290, 291, 292, 293, 294, 296, 297, 299, 300, 308, 309, 310, 318, 319, 322, 324, 326, 328, 330, 333, 334, 336, 341, 345, 347, 348, 350, 351, 352, 355, 356, 358, 363, 364, 365, 368, 369, 372, 373, 375, 379, 380, 384, 385, 387, 389, 391, 392, 393, 394, 395, 397, 399]
x_146: [1, 6, 7, 9, 11, 12, 13, 14, 15, 16, 20, 22, 23, 25, 26, 29, 31, 32, 33, 36, 39, 40, 42, 43, 45, 46, 47, 49, 50, 51, 60, 61, 62, 64, 65, 69, 70, 72, 77, 80, 83, 86, 87, 88, 90, 92, 96, 98, 99, 100, 105, 107, 109, 110, 111, 112, 114, 117, 119, 120, 121, 122, 123, 124, 125, 126, 128, 129, 130, 131, 132, 134, 137, 138, 140, 141, 143, 145, 148, 149, 151, 152, 156, 157, 158, 162, 163, 166, 169, 170, 172, 173, 176, 177, 178, 179, 180, 181, 182, 184, 187, 188, 189, 190, 191, 192, 193, 196, 197, 200, 201, 202, 205, 208, 209, 210, 212, 222, 223, 226, 227, 228, 229, 230, 233, 234, 235, 236, 237, 243, 244, 245, 246, 247, 249, 250, 260, 261, 264, 266, 267, 270, 271, 273, 274, 275, 277, 278, 279, 280, 281, 285, 287, 288, 292, 295, 296, 298, 301, 302, 304, 305, 307, 311, 312, 313, 315, 316, 318, 320, 322, 323, 325, 327, 329, 331, 332, 335, 337, 338, 339, 340, 342, 343, 344, 345, 346, 349, 352, 354, 355, 357, 359, 360, 362, 364, 366, 367, 368, 370, 371, 373, 376, 377, 380, 381, 382, 383, 385, 386, 388, 390, 393, 396, 398, 400]
x_147: [2, 3, 5, 7, 8, 9, 11, 16, 17, 18, 19, 20, 24, 27, 28, 30, 32, 34, 35, 37, 38, 49, 51, 52, 53, 54, 55, 57, 58, 59, 63, 66, 67, 68, 69, 70, 71, 73, 74, 76, 78, 79, 81, 82, 84, 85, 88, 89, 91, 93, 94, 97, 101, 102, 104, 106, 108, 113, 115, 116, 118, 120, 123, 125, 126, 127, 135, 136, 137, 139, 140, 150, 151, 153, 159, 160, 165, 166, 167, 168, 172, 174, 175, 183, 186, 187, 188, 189, 195, 197, 198, 199, 203, 204, 206, 207, 212, 213, 214, 216, 217, 218, 219, 221, 222, 223, 224, 231, 232, 238, 239, 240, 241, 243, 244, 246, 248, 251, 253, 255, 256, 258, 259, 262, 263, 265, 268, 269, 271, 272, 281, 282, 283, 284, 285, 286, 289, 292, 293, 294, 299, 300, 303, 304, 305, 306, 308, 309, 310, 314, 318, 330, 332, 334, 336, 339, 341, 345, 346, 347, 349, 350, 351, 352, 356, 358, 364, 366, 369, 370, 373, 375, 379, 383, 384, 385, 387, 389, 391, 392, 394, 396, 397, 398, 399]
x_148: [1, 2, 5, 7, 8, 9, 10, 11, 17, 18, 19, 24, 25, 27, 28, 29, 30, 37, 38, 41, 42, 44, 46, 48, 49, 52, 53, 54, 55, 58, 59, 66, 67, 68, 69, 70, 71, 73, 74, 76, 77, 78, 79, 81, 82, 84, 85, 89, 91, 93, 95, 97, 99, 101, 106, 107, 108, 109, 111, 113, 115, 116, 118, 125, 127, 132, 133, 134, 135, 136, 137, 139, 146, 150, 153, 155, 160, 161, 167, 168, 174, 175, 183, 184, 185, 186, 188, 191, 194, 198, 201, 203, 204, 207, 209, 210, 211, 213, 214, 216, 219, 222, 223, 224, 231, 236, 238, 239, 240, 241, 242, 248, 250, 251, 253, 255, 256, 257, 258, 259, 260, 261, 263, 266, 268, 271, 272, 274, 276, 281, 282, 283, 284, 285, 286, 290, 291, 293, 294, 297, 300, 301, 303, 305, 307, 309, 310, 315, 318, 324, 326, 328, 330, 331, 334, 336, 341, 345, 347, 348, 350, 351, 352, 353, 356, 358, 363, 364, 365, 369, 372, 373, 375, 379, 384, 385, 387, 388, 389, 392, 394, 395, 399]
x_149: [2, 4, 5, 6, 7, 8, 10, 11, 17, 18, 19, 20, 22, 24, 25, 26, 27, 28, 29, 30, 34, 35, 37, 38, 41, 45, 47, 49, 52, 53, 54, 55, 58, 63, 66, 67, 69, 70, 71, 73, 74, 76, 79, 81, 82, 84, 85, 87, 89, 93, 94, 95, 96, 97, 101, 103, 106, 108, 110, 113, 115, 116, 118, 121, 125, 126, 127, 133, 135, 136, 137, 138, 139, 141, 146, 150, 153, 155, 160, 162, 164, 165, 167, 168, 169, 170, 172, 175, 183, 185, 186, 187, 188, 194, 198, 202, 203, 204, 207, 213, 214, 215, 217, 218, 221, 222, 223, 225, 231, 232, 235, 237, 238, 239, 240, 242, 246, 248, 252, 253, 255, 256, 257, 259, 262, 263, 265, 267, 268, 270, 272, 276, 278, 280, 281, 282, 283, 285, 286, 290, 291, 292, 293, 294, 297, 299, 300, 303, 306, 309, 310, 312, 314, 316, 318, 324, 326, 327, 328, 330, 333, 334, 336, 337, 338, 341, 345, 347, 350, 351, 352, 356, 358, 363, 364, 365, 369, 372, 373, 375, 384, 385, 389, 390, 391, 392, 394, 395, 396, 399]
x_150: [1, 3, 4, 6, 12, 13, 14, 15, 21, 28, 31, 32, 33, 35, 36, 40, 42, 46, 47, 50, 51, 55, 56, 57, 60, 62, 64, 65, 71, 72, 75, 77, 80, 83, 86, 87, 88, 90, 92, 95, 96, 99, 100, 102, 103, 105, 107, 109, 110, 111, 112, 114, 117, 119, 120, 121, 122, 123, 124, 128, 129, 130, 131, 134, 138, 140, 141, 142, 143, 144, 145, 147, 148, 149, 151, 152, 154, 156, 158, 159, 162, 163, 164, 166, 167, 169, 170, 171, 173, 176, 177, 178, 180, 181, 183, 184, 189, 190, 191, 192, 193, 194, 195, 196, 197, 200, 201, 202, 205, 206, 207, 208, 209, 210, 211, 212, 213, 225, 226, 227, 228, 229, 230, 232, 233, 236, 242, 243, 245, 250, 252, 254, 258, 261, 262, 263, 267, 268, 270, 273, 274, 275, 277, 278, 280, 288, 290, 293, 295, 297, 298, 301, 302, 304, 306, 307, 308, 311, 312, 313, 315, 316, 317, 319, 320, 321, 322, 325, 327, 329, 330, 331, 332, 333, 335, 336, 338, 339, 340, 341, 342, 343, 344, 346, 348, 349, 355, 357, 359, 361, 366, 367, 368, 370, 374, 376, 377, 378, 381, 382, 383, 386, 388, 390, 391, 393, 398, 400]
x_151: [2, 3, 4, 7, 10, 16, 17, 18, 19, 20, 24, 25, 27, 28, 29, 30, 32, 34, 35, 37, 38, 49, 51, 52, 53, 54, 55, 57, 58, 59, 63, 67, 68, 69, 70, 71, 73, 74, 76, 79, 81, 84, 88, 89, 91, 93, 94, 95, 97, 102, 103, 104, 106, 108, 113, 115, 118, 120, 123, 125, 126, 127, 133, 135, 137, 139, 140, 146, 147, 150, 153, 155, 159, 160, 165, 166, 167, 168, 172, 174, 175, 183, 185, 187, 188, 189, 195, 197, 198, 199, 203, 204, 206, 212, 213, 214, 215, 216, 217, 218, 219, 220, 221, 222, 224, 231, 232, 238, 239, 240, 241, 242, 243, 244, 248, 251, 253, 256, 258, 259, 262, 265, 268, 269, 271, 272, 276, 281, 282, 283, 284, 285, 286, 289, 290, 291, 292, 293, 294, 297, 299, 300, 303, 304, 305, 306, 310, 314, 324, 330, 332, 333, 334, 336, 339, 341, 345, 346, 347, 348, 349, 350, 351, 352, 353, 356, 358, 363, 365, 366, 369, 370, 372, 373, 375, 379, 383, 384, 385, 387, 389, 391, 392, 395, 397, 398, 399]
x_152: [2, 4, 7, 8, 17, 18, 20, 21, 24, 25, 27, 28, 30, 33, 34, 37, 39, 41, 44, 49, 52, 53, 54, 55, 58, 59, 62, 63, 65, 66, 67, 70, 71, 75, 76, 78, 79, 81, 82, 83, 86, 91, 92, 94, 95, 97, 98, 102, 104, 105, 106, 108, 114, 116, 118, 119, 125, 126, 133, 135, 136, 137, 139, 146, 150, 153, 155, 160, 167, 168, 171, 172, 174, 175, 178, 183, 185, 186, 187, 188, 194, 198, 199, 203, 204, 213, 214, 215, 216, 217, 218, 219, 220, 221, 222, 223, 224, 238, 239, 240, 241, 242, 246, 247, 248, 249, 251, 253, 254, 255, 256, 257, 258, 259, 262, 263, 265, 268, 271, 272, 273, 276, 281, 282, 283, 284, 285, 286, 290, 291, 292, 293, 294, 297, 299, 303, 305, 306, 308, 309, 310, 311, 314, 317, 318, 323, 324, 325, 326, 328, 329, 330, 334, 336, 341, 345, 347, 348, 350, 351, 352, 353, 356, 358, 361, 363, 364, 365, 369, 372, 373, 375, 376, 381, 384, 385, 386, 387, 389, 391, 392, 394, 395, 396, 397, 399, 400]
x_153: [1, 2, 3, 6, 13, 14, 16, 18, 21, 22, 23, 24, 26, 31, 32, 33, 36, 38, 39, 40, 42, 43, 44, 45, 47, 48, 51, 56, 57, 59, 60, 61, 64, 65, 67, 73, 74, 75, 76, 77, 81, 83, 85, 86, 87, 90, 92, 94, 96, 97, 98, 99, 105, 109, 111, 112, 114, 115, 117, 119, 120, 121, 122, 123, 124, 128, 130, 131, 132, 134, 138, 139, 140, 141, 142, 143, 145, 147, 148, 149, 151, 152, 154, 157, 161, 162, 163, 166, 169, 170, 173, 176, 177, 178, 179, 180, 181, 184, 189, 190, 191, 192, 193, 195, 196, 197, 200, 201, 202, 205, 206, 208, 209, 210, 211, 212, 219, 220, 225, 228, 229, 230, 233, 234, 235, 236, 237, 241, 243, 244, 245, 247, 249, 250, 252, 253, 254, 260, 261, 264, 266, 267, 269, 270, 273, 274, 275, 277, 278, 279, 280, 288, 289, 294, 295, 296, 301, 302, 307, 311, 312, 313, 314, 315, 316, 319, 320, 321, 322, 323, 325, 328, 329, 331, 334, 335, 337, 340, 342, 343, 344, 346, 349, 350, 351, 354, 355, 357, 358, 359, 363, 366, 367, 368, 370, 371, 374, 375, 376, 377, 380, 381, 382, 383, 386, 388, 393, 398, 399]
x_154: [2, 4, 5, 7, 8, 9, 10, 11, 13, 14, 17, 18, 20, 23, 24, 27, 28, 29, 30, 34, 37, 38, 41, 44, 49, 50, 52, 53, 54, 55, 58, 59, 60, 63, 64, 66, 67, 68, 69, 70, 71, 73, 74, 78, 79, 82, 84, 89, 91, 93, 94, 95, 97, 101, 102, 103, 104, 106, 108, 112, 113, 115, 118, 126, 127, 129, 133, 135, 136, 137, 139, 144, 150, 153, 155, 160, 165, 167, 168, 172, 175, 181, 183, 185, 186, 187, 188, 194, 198, 199, 200, 203, 204, 207, 214, 215, 216, 217, 218, 219, 220, 221, 222, 223, 224, 227, 229, 231, 234, 238, 240, 242, 245, 246, 248, 251, 253, 255, 256, 257, 258, 259, 262, 263, 264, 268, 271, 272, 276, 279, 281, 282, 283, 284, 285, 286, 288, 290, 291, 292, 293, 295, 297, 299, 300, 303, 305, 306, 308, 310, 314, 318, 321, 324, 326, 328, 330, 333, 334, 335, 336, 340, 341, 343, 344, 345, 347, 348, 350, 351, 352, 353, 356, 357, 358, 360, 362, 363, 364, 365, 369, 372, 373, 375, 377, 378, 379, 384, 385, 387, 391, 392, 394, 395, 396, 397, 399]
x_155: [1, 3, 6, 13, 14, 15, 16, 17, 21, 22, 26, 31, 32, 34, 36, 39, 40, 42, 43, 45, 46, 47, 50, 51, 56, 60, 61, 62, 63, 64, 65, 68, 72, 75, 77, 79, 80, 83, 86, 87, 88, 90, 91, 92, 96, 98, 99, 100, 101, 105, 107, 108, 109, 110, 111, 112, 114, 117, 118, 119, 120, 121, 122, 123, 124, 128, 129, 130, 131, 132, 134, 136, 140, 141, 143, 144, 145, 148, 149, 151, 152, 154, 156, 158, 159, 161, 164, 165, 166, 169, 170, 171, 173, 176, 177, 179, 180, 181, 182, 184, 186, 189, 190, 191, 192, 193, 195, 196, 197, 198, 200, 201, 202, 204, 205, 206, 208, 209, 210, 211, 225, 226, 227, 228, 229, 231, 233, 234, 235, 236, 237, 238, 240, 244, 245, 247, 252, 254, 255, 260, 264, 266, 267, 269, 270, 272, 273, 274, 275, 277, 278, 279, 280, 282, 283, 287, 288, 289, 296, 298, 301, 302, 307, 309, 310, 311, 312, 313, 315, 316, 317, 319, 320, 321, 322, 323, 325, 326, 327, 329, 331, 335, 337, 338, 339, 340, 342, 343, 346, 347, 349, 354, 355, 356, 357, 359, 360, 361, 362, 365, 366, 367, 368, 370, 371, 372, 374, 376, 377, 378, 380, 381, 382, 383, 384, 386, 388, 390, 393, 397, 398]
x_156: [2, 5, 7, 8, 9, 10, 11, 19, 20, 24, 25, 27, 28, 29, 30, 31, 35, 36, 37, 38, 40, 44, 49, 52, 53, 55, 58, 59, 63, 66, 67, 68, 69, 70, 71, 73, 74, 76, 78, 79, 81, 84, 85, 89, 91, 93, 94, 95, 97, 100, 101, 102, 103, 104, 106, 108, 113, 115, 116, 117, 118, 124, 125, 126, 127, 128, 130, 133, 135, 136, 139, 142, 143, 145, 146, 150, 155, 158, 165, 167, 168, 172, 173, 174, 175, 176, 179, 183, 185, 186, 187, 188, 192, 196, 199, 203, 204, 205, 207, 208, 213, 214, 216, 217, 218, 219, 220, 221, 222, 224, 226, 231, 232, 233, 238, 239, 240, 241, 242, 246, 253, 255, 256, 257, 258, 259, 262, 263, 265, 268, 271, 272, 275, 281, 283, 284, 285, 286, 287, 290, 291, 292, 293, 294, 296, 299, 300, 305, 306, 308, 309, 310, 314, 319, 322, 324, 326, 328, 330, 333, 334, 336, 341, 345, 347, 348, 350, 351, 352, 355, 356, 358, 363, 364, 368, 369, 372, 373, 375, 379, 380, 384, 385, 387, 391, 392, 393, 394, 395, 396, 397, 399]
x_157: [2, 4, 7, 8, 9, 10, 11, 12, 15, 17, 18, 19, 20, 24, 25, 27, 28, 29, 30, 34, 38, 43, 44, 52, 53, 54, 56, 59, 61, 63, 66, 67, 68, 69, 70, 71, 72, 73, 74, 76, 79, 80, 81, 82, 84, 85, 89, 90, 91, 93, 94, 101, 103, 104, 108, 113, 115, 116, 118, 122, 125, 126, 127, 131, 133, 135, 136, 137, 139, 146, 153, 160, 163, 165, 167, 168, 175, 177, 180, 182, 183, 185, 186, 187, 188, 190, 193, 194, 198, 199, 203, 204, 207, 213, 214, 215, 216, 217, 218, 219, 220, 221, 222, 223, 224, 228, 230, 231, 238, 239, 240, 241, 242, 246, 251, 253, 255, 258, 262, 263, 265, 268, 271, 272, 276, 277, 281, 282, 284, 286, 291, 293, 294, 297, 298, 299, 300, 302, 303, 305, 306, 308, 309, 310, 313, 314, 320, 324, 326, 328, 333, 334, 336, 341, 342, 347, 348, 350, 351, 352, 354, 356, 358, 359, 363, 365, 367, 369, 371, 372, 373, 374, 375, 379, 382, 384, 385, 389, 391, 392, 394, 395]
x_158: [2, 4, 5, 7, 9, 10, 17, 18, 19, 20, 24, 25, 27, 28, 29, 30, 31, 35, 36, 37, 38, 40, 41, 44, 49, 52, 54, 55, 58, 63, 66, 68, 69, 70, 71, 74, 76, 78, 79, 81, 82, 84, 85, 91, 93, 94, 97, 100, 101, 102, 103, 104, 106, 108, 113, 115, 116, 117, 118, 124, 125, 126, 128, 130, 133, 135, 136, 137, 139, 142, 143, 145, 146, 150, 155, 156, 160, 165, 167, 172, 173, 175, 176, 179, 183, 185, 186, 187, 188, 192, 194, 196, 198, 199, 203, 204, 205, 207, 208, 213, 214, 215, 216, 218, 219, 220, 221, 222, 223, 224, 226, 231, 232, 233, 238, 240, 241, 242, 246, 248, 251, 253, 255, 257, 258, 262, 263, 265, 268, 271, 272, 275, 276, 281, 283, 284, 285, 286, 287, 292, 293, 294, 296, 299, 300, 303, 306, 309, 310, 314, 318, 319, 322, 324, 326, 328, 330, 333, 334, 336, 341, 345, 347, 348, 351, 352, 353, 355, 356, 363, 364, 368, 369, 372, 373, 375, 379, 380, 384, 385, 387, 389, 391, 393, 394, 395, 397, 399]
x_159: [3, 5, 7, 8, 9, 10, 11, 16, 17, 18, 19, 20, 24, 27, 28, 29, 30, 32, 34, 35, 37, 38, 41, 44, 49, 51, 53, 54, 55, 57, 63, 66, 67, 68, 69, 71, 73, 74, 76, 78, 81, 82, 84, 85, 88, 89, 91, 93, 94, 95, 97, 101, 103, 104, 106, 108, 113, 115, 116, 118, 120, 123, 126, 127, 133, 135, 136, 137, 140, 147, 150, 151, 155, 160, 165, 166, 167, 168, 172, 174, 175, 183, 187, 188, 189, 194, 195, 197, 198, 199, 203, 204, 206, 207, 212, 213, 214, 215, 216, 217, 218, 219, 220, 221, 223, 224, 232, 239, 241, 242, 243, 244, 246, 248, 251, 253, 255, 256, 257, 258, 259, 262, 263, 265, 268, 269, 271, 272, 276, 281, 282, 283, 284, 286, 289, 290, 292, 293, 297, 299, 300, 304, 306, 308, 309, 314, 324, 326, 328, 330, 332, 333, 334, 336, 339, 346, 347, 348, 349, 352, 353, 364, 365, 366, 369, 370, 373, 375, 383, 384, 385, 387, 389, 392, 394, 396, 397, 398, 399]
x_160: [1, 3, 5, 6, 8, 10, 12, 13, 14, 15, 16, 21, 22, 23, 26, 27, 31, 32, 33, 36, 37, 39, 41, 42, 43, 45, 46, 47, 48, 50, 51, 54, 56, 57, 58, 60, 61, 62, 65, 75, 77, 78, 83, 84, 86, 87, 88, 89, 90, 92, 93, 96, 98, 99, 100, 104, 105, 107, 109, 110, 111, 112, 116, 117, 119, 120, 121, 122, 123, 124, 127, 128, 129, 130, 132, 133, 134, 135, 138, 140, 142, 143, 144, 145, 147, 148, 149, 151, 152, 154, 157, 158, 159, 161, 162, 163, 164, 166, 168, 169, 170, 171, 173, 174, 175, 178, 179, 181, 182, 189, 190, 191, 192, 193, 196, 197, 202, 205, 206, 209, 210, 211, 212, 216, 217, 218, 224, 225, 226, 227, 228, 229, 230, 233, 234, 236, 237, 243, 244, 245, 247, 249, 250, 254, 260, 261, 264, 267, 269, 270, 273, 274, 275, 277, 278, 279, 280, 287, 288, 289, 295, 301, 302, 304, 307, 311, 312, 313, 315, 316, 320, 321, 322, 323, 324, 327, 329, 331, 332, 335, 337, 338, 339, 340, 342, 343, 344, 346, 349, 354, 355, 357, 359, 360, 361, 362, 366, 367, 368, 370, 371, 374, 376, 377, 378, 379, 380, 381, 382, 383, 386, 388, 389, 390, 392, 393, 394, 395, 398, 400]
x_161: [1, 2, 4, 5, 7, 8, 9, 10, 11, 17, 18, 19, 20, 24, 25, 27, 28, 29, 30, 37, 38, 42, 44, 46, 48, 49, 53, 54, 58, 59, 63, 66, 67, 68, 69, 70, 71, 73, 74, 76, 77, 78, 81, 82, 84, 89, 91, 93, 94, 95, 97, 99, 101, 102, 103, 104, 106, 107, 108, 109, 111, 113, 115, 116, 118, 126, 127, 132, 134, 135, 136, 137, 139, 148, 153, 155, 160, 165, 172, 174, 175, 183, 184, 185, 186, 187, 188, 191, 194, 199, 201, 203, 204, 207, 209, 210, 211, 213, 215, 216, 217, 219, 221, 222, 224, 231, 232, 236, 238, 240, 241, 242, 246, 248, 250, 251, 255, 256, 258, 259, 260, 261, 262, 263, 265, 266, 268, 271, 272, 274, 276, 281, 282, 283, 284, 285, 286, 290, 291, 292, 293, 294, 297, 299, 300, 301, 303, 306, 307, 308, 309, 310, 314, 315, 318, 324, 326, 328, 330, 331, 333, 334, 336, 341, 345, 347, 348, 350, 351, 352, 353, 356, 358, 363, 364, 365, 369, 373, 379, 384, 385, 387, 388, 391, 392, 394, 395, 396, 397, 399]
x_162: [4, 5, 6, 7, 8, 9, 10, 11, 17, 19, 20, 22, 25, 26, 27, 29, 30, 34, 35, 38, 41, 44, 45, 47, 49, 52, 54, 55, 58, 59, 63, 66, 67, 68, 69, 70, 71, 73, 74, 76, 78, 79, 81, 82, 84, 85, 87, 89, 91, 93, 95, 96, 97, 101, 102, 103, 104, 106, 108, 110, 115, 118, 121, 125, 126, 133, 135, 136, 137, 138, 139, 141, 146, 149, 150, 153, 160, 164, 165, 167, 168, 169, 170, 172, 174, 175, 183, 185, 186, 187, 188, 194, 198, 199, 202, 203, 204, 207, 213, 214, 215, 216, 217, 218, 220, 223, 224, 225, 231, 232, 235, 237, 238, 239, 241, 242, 246, 252, 253, 255, 256, 257, 259, 263, 267, 268, 270, 271, 272, 276, 278, 280, 283, 285, 286, 290, 291, 292, 293, 294, 297, 299, 300, 303, 305, 306, 309, 310, 312, 316, 318, 324, 326, 327, 328, 330, 333, 334, 336, 337, 338, 341, 345, 347, 348, 350, 351, 352, 353, 356, 358, 363, 364, 369, 372, 373, 375, 379, 384, 385, 387, 389, 390, 392, 394, 395, 396, 399]
x_163: [2, 5, 7, 8, 9, 10, 11, 12, 15, 17, 18, 19, 20, 24, 27, 28, 29, 30, 34, 35, 37, 38, 41, 43, 44, 49, 52, 53, 54, 55, 56, 58, 59, 61, 63, 66, 67, 68, 69, 70, 71, 72, 73, 74, 76, 78, 79, 80, 81, 82, 84, 89, 90, 91, 93, 95, 97, 101, 102, 103, 104, 106, 108, 113, 115, 116, 118, 122, 125, 126, 127, 131, 133, 136, 139, 146, 150, 153, 157, 160, 165, 167, 168, 172, 174, 175, 177, 180, 182, 183, 185, 186, 188, 190, 193, 194, 198, 199, 203, 207, 213, 214, 215, 216, 217, 218, 219, 221, 223, 224, 228, 230, 231, 232, 238, 239, 240, 241, 242, 246, 248, 251, 253, 255, 256, 257, 258, 259, 262, 263, 265, 268, 271, 272, 276, 277, 281, 282, 283, 285, 286, 290, 291, 292, 293, 297, 298, 299, 302, 303, 305, 306, 308, 309, 310, 313, 314, 318, 320, 324, 328, 330, 333, 336, 341, 342, 345, 347, 348, 350, 351, 352, 353, 354, 358, 359, 364, 365, 367, 369, 371, 372, 373, 374, 375, 379, 382, 384, 385, 387, 389, 391, 392, 394, 396, 397]
x_164: [6, 7, 8, 10, 11, 17, 18, 19, 22, 24, 26, 28, 29, 30, 35, 37, 38, 41, 44, 45, 47, 49, 52, 54, 55, 58, 63, 66, 67, 68, 69, 71, 73, 74, 76, 78, 79, 81, 82, 85, 87, 89, 91, 94, 95, 96, 97, 101, 102, 103, 104, 106, 108, 110, 113, 116, 118, 121, 125, 126, 135, 137, 138, 139, 141, 149, 150, 155, 160, 162, 165, 167, 168, 169, 170, 172, 174, 175, 183, 185, 186, 187, 188, 194, 199, 202, 204, 207, 213, 214, 215, 217, 218, 219, 220, 221, 222, 223, 224, 225, 232, 235, 237, 238, 239, 240, 241, 242, 248, 251, 252, 253, 256, 258, 259, 262, 263, 265, 267, 268, 270, 271, 272, 278, 280, 281, 284, 285, 286, 290, 291, 292, 293, 294, 297, 299, 300, 303, 305, 306, 308, 309, 310, 312, 314, 316, 318, 324, 326, 327, 330, 333, 336, 337, 338, 341, 345, 348, 350, 351, 352, 353, 356, 358, 363, 364, 365, 369, 372, 375, 379, 384, 385, 390, 391, 392, 394, 395, 396, 397, 399]
x_165: [3, 6, 12, 13, 14, 15, 16, 17, 21, 22, 23, 26, 31, 33, 34, 36, 39, 40, 42, 43, 45, 47, 48, 50, 51, 56, 60, 61, 62, 63, 64, 65, 68, 72, 75, 77, 79, 80, 83, 86, 87, 88, 91, 92, 96, 98, 100, 101, 105, 108, 109, 110, 111, 112, 114, 118, 119, 120, 121, 122, 123, 124, 128, 129, 131, 132, 134, 136, 138, 140, 141, 142, 144, 145, 147, 149, 151, 154, 155, 156, 157, 158, 159, 161, 162, 163, 164, 166, 169, 170, 171, 173, 176, 177, 178, 179, 181, 182, 184, 186, 189, 190, 192, 193, 195, 196, 197, 198, 201, 202, 204, 205, 206, 208, 209, 210, 211, 212, 225, 227, 228, 229, 230, 231, 234, 236, 237, 238, 240, 243, 244, 245, 247, 250, 252, 254, 255, 260, 261, 264, 267, 269, 272, 273, 274, 275, 277, 278, 279, 280, 282, 283, 287, 288, 289, 295, 296, 298, 301, 302, 304, 309, 310, 311, 312, 313, 316, 317, 320, 321, 322, 323, 326, 327, 329, 331, 332, 335, 337, 338, 339, 340, 342, 344, 346, 347, 349, 354, 356, 357, 359, 360, 361, 362, 365, 366, 367, 368, 370, 371, 372, 374, 376, 377, 378, 380, 381, 382, 383, 384, 386, 388, 390, 393, 397, 398, 400]
x_166: [2, 3, 4, 5, 7, 10, 11, 16, 17, 18, 19, 20, 24, 25, 28, 29, 30, 32, 34, 35, 41, 44, 49, 51, 53, 54, 55, 57, 58, 59, 63, 66, 67, 68, 69, 70, 71, 74, 76, 78, 79, 81, 82, 84, 85, 88, 91, 93, 94, 95, 97, 101, 102, 103, 104, 106, 108, 113, 115, 116, 120, 123, 125, 127, 133, 135, 137, 139, 140, 146, 147, 150, 151, 153, 155, 159, 160, 165, 167, 168, 172, 175, 183, 185, 186, 187, 188, 189, 194, 195, 197, 198, 199, 203, 204, 206, 207, 212, 213, 214, 215, 216, 217, 218, 219, 220, 221, 222, 223, 224, 231, 232, 238, 240, 242, 243, 244, 246, 248, 251, 253, 255, 256, 257, 258, 259, 262, 263, 265, 268, 269, 271, 272, 276, 281, 282, 283, 284, 285, 286, 289, 290, 291, 292, 294, 297, 299, 300, 303, 304, 306, 308, 310, 314, 318, 324, 326, 332, 333, 334, 339, 341, 345, 346, 347, 348, 349, 350, 351, 352, 353, 356, 358, 363, 366, 369, 370, 372, 375, 379, 383, 384, 385, 387, 389, 394, 395, 396, 397, 398]
x_167: [4, 6, 12, 13, 14, 15, 16, 21, 22, 23, 26, 28, 31, 33, 35, 36, 39, 40, 42, 43, 45, 46, 47, 48, 50, 51, 55, 60, 61, 62, 64, 65, 71, 75, 77, 80, 83, 86, 87, 88, 90, 95, 96, 98, 100, 102, 103, 105, 107, 109, 112, 114, 119, 120, 121, 122, 123, 124, 129, 131, 132, 134, 138, 140, 141, 143, 145, 147, 148, 149, 150, 151, 152, 154, 156, 157, 158, 159, 162, 163, 164, 166, 169, 170, 173, 176, 177, 178, 180, 181, 182, 183, 184, 189, 190, 191, 192, 193, 194, 195, 196, 197, 200, 201, 202, 205, 206, 207, 208, 209, 210, 211, 212, 213, 227, 228, 229, 230, 232, 233, 234, 235, 236, 237, 242, 243, 244, 245, 249, 250, 252, 254, 258, 260, 261, 262, 263, 264, 266, 267, 268, 269, 270, 274, 275, 277, 278, 279, 280, 287, 288, 289, 290, 293, 296, 297, 298, 301, 302, 304, 306, 307, 308, 311, 312, 313, 315, 316, 317, 319, 320, 322, 325, 327, 329, 330, 331, 332, 333, 335, 336, 337, 338, 339, 340, 341, 342, 343, 344, 346, 348, 349, 354, 355, 357, 359, 360, 361, 362, 366, 367, 374, 377, 378, 380, 382, 386, 388, 390, 391, 393, 398, 400]
x_168: [1, 3, 5, 6, 8, 10, 12, 13, 14, 15, 16, 21, 22, 23, 26, 27, 31, 32, 33, 36, 37, 40, 41, 42, 43, 45, 46, 47, 48, 50, 51, 54, 56, 57, 58, 60, 61, 64, 65, 72, 75, 77, 78, 80, 84, 86, 87, 88, 89, 90, 92, 93, 96, 98, 99, 100, 104, 105, 107, 109, 110, 111, 112, 114, 116, 117, 119, 120, 121, 122, 123, 124, 127, 128, 131, 132, 133, 134, 135, 138, 140, 141, 142, 143, 144, 145, 147, 148, 149, 151, 152, 154, 156, 157, 159, 160, 162, 163, 164, 166, 169, 170, 171, 174, 175, 176, 178, 179, 180, 181, 182, 184, 190, 191, 192, 193, 196, 197, 200, 201, 202, 205, 206, 208, 209, 210, 211, 212, 216, 217, 218, 224, 225, 226, 227, 228, 229, 230, 233, 234, 235, 236, 237, 243, 244, 247, 249, 250, 254, 261, 266, 267, 269, 270, 274, 275, 277, 278, 279, 280, 288, 289, 295, 296, 298, 301, 302, 307, 311, 313, 315, 316, 317, 319, 320, 322, 323, 324, 325, 327, 329, 332, 337, 339, 340, 342, 343, 344, 346, 349, 354, 355, 357, 359, 361, 362, 367, 368, 370, 374, 376, 378, 379, 380, 381, 382, 383, 386, 388, 389, 390, 392, 394, 395, 400]
x_169: [2, 4, 5, 6, 8, 9, 10, 11, 18, 19, 20, 22, 26, 27, 28, 29, 30, 34, 35, 37, 38, 44, 45, 47, 49, 52, 53, 54, 55, 58, 59, 66, 67, 69, 70, 71, 73, 74, 76, 78, 79, 81, 82, 84, 85, 87, 91, 94, 95, 96, 97, 101, 102, 103, 104, 106, 110, 113, 115, 116, 121, 125, 126, 127, 133, 135, 136, 137, 138, 139, 141, 146, 149, 150, 153, 155, 160, 162, 164, 165, 167, 168, 170, 172, 174, 175, 183, 188, 194, 199, 202, 203, 204, 207, 213, 214, 215, 217, 218, 219, 220, 221, 223, 224, 225, 232, 235, 237, 238, 239, 240, 241, 242, 246, 248, 251, 252, 253, 255, 257, 258, 259, 262, 263, 265, 267, 270, 272, 276, 278, 280, 281, 282, 283, 284, 285, 286, 291, 292, 293, 294, 297, 300, 303, 305, 306, 308, 309, 310, 312, 314, 316, 318, 324, 326, 327, 328, 330, 333, 336, 337, 338, 345, 347, 348, 350, 351, 352, 353, 356, 358, 363, 364, 369, 372, 373, 375, 379, 384, 385, 387, 389, 390, 391, 392, 395, 396, 397, 399]
x_170: [4, 6, 7, 8, 9, 10, 11, 17, 19, 22, 25, 26, 27, 28, 29, 30, 34, 35, 37, 38, 41, 44, 45, 47, 49, 53, 54, 55, 58, 59, 63, 67, 68, 69, 70, 73, 74, 76, 78, 79, 81, 82, 85, 87, 91, 93, 94, 95, 96, 97, 101, 102, 103, 104, 106, 108, 110, 115, 116, 118, 121, 126, 133, 135, 136, 137, 138, 139, 141, 146, 149, 150, 153, 155, 160, 162, 164, 165, 167, 168, 169, 172, 174, 175, 183, 185, 186, 187, 188, 194, 198, 199, 202, 203, 204, 213, 214, 215, 216, 217, 218, 219, 220, 221, 222, 223, 224, 225, 232, 235, 237, 238, 239, 240, 241, 242, 248, 251, 252, 253, 255, 256, 257, 258, 259, 262, 263, 265, 267, 268, 270, 271, 276, 278, 280, 281, 282, 284, 285, 286, 290, 291, 292, 293, 294, 297, 299, 300, 303, 305, 308, 309, 310, 312, 314, 316, 318, 324, 326, 327, 328, 330, 333, 334, 336, 337, 338, 341, 345, 347, 348, 350, 351, 352, 353, 356, 358, 363, 364, 365, 369, 373, 375, 379, 385, 387, 389, 390, 394, 395, 396, 397]
x_171: [2, 4, 5, 7, 8, 9, 10, 11, 18, 19, 21, 24, 25, 28, 29, 30, 33, 34, 35, 37, 38, 39, 41, 44, 49, 52, 53, 54, 58, 59, 62, 63, 65, 66, 67, 68, 69, 70, 73, 74, 75, 76, 78, 79, 81, 82, 83, 84, 85, 86, 89, 91, 92, 93, 94, 95, 97, 98, 101, 102, 103, 104, 105, 106, 108, 113, 114, 115, 116, 118, 119, 125, 127, 135, 136, 139, 150, 152, 155, 160, 165, 168, 172, 174, 175, 178, 185, 186, 187, 194, 199, 204, 214, 215, 216, 217, 218, 219, 220, 221, 222, 223, 232, 238, 240, 241, 242, 246, 247, 248, 249, 251, 253, 254, 255, 256, 257, 258, 259, 262, 263, 265, 268, 272, 273, 276, 281, 282, 284, 285, 286, 290, 291, 292, 293, 294, 297, 299, 303, 305, 306, 308, 309, 310, 311, 314, 317, 318, 323, 325, 326, 328, 329, 330, 333, 334, 336, 341, 345, 347, 348, 350, 351, 352, 353, 356, 358, 361, 363, 364, 365, 369, 372, 373, 376, 381, 384, 385, 386, 389, 391, 392, 394, 395, 396, 397, 399, 400]
x_172: [1, 3, 6, 7, 9, 11, 13, 15, 16, 20, 21, 22, 25, 26, 29, 31, 33, 39, 40, 42, 45, 46, 47, 48, 49, 50, 51, 56, 57, 60, 61, 62, 65, 69, 70, 72, 77, 80, 86, 87, 88, 90, 92, 96, 98, 99, 100, 105, 109, 110, 111, 112, 120, 121, 122, 123, 124, 125, 126, 129, 131, 132, 137, 138, 140, 141, 142, 143, 144, 145, 146, 147, 149, 151, 152, 154, 156, 158, 159, 161, 162, 163, 164, 166, 169, 170, 171, 173, 178, 179, 180, 181, 184, 187, 188, 190, 191, 192, 193, 195, 196, 197, 200, 201, 202, 205, 206, 208, 209, 210, 211, 212, 222, 223, 225, 227, 228, 229, 230, 233, 234, 235, 236, 237, 243, 244, 245, 246, 247, 249, 250, 252, 254, 260, 261, 266, 267, 269, 270, 271, 274, 275, 279, 280, 281, 285, 288, 289, 292, 295, 298, 301, 302, 304, 305, 307, 311, 312, 313, 315, 316, 317, 318, 319, 320, 321, 322, 323, 325, 327, 329, 331, 332, 335, 337, 339, 342, 343, 344, 345, 346, 349, 352, 354, 355, 357, 359, 361, 364, 366, 367, 370, 371, 373, 374, 376, 377, 378, 380, 381, 382, 383, 385, 386, 388, 390, 393, 396, 400]
x_173: [2, 4, 5, 7, 8, 9, 10, 17, 19, 20, 24, 25, 29, 30, 31, 34, 35, 36, 37, 38, 40, 41, 49, 52, 53, 54, 55, 58, 59, 63, 66, 67, 68, 69, 70, 71, 73, 74, 76, 78, 79, 81, 82, 84, 85, 89, 91, 93, 94, 95, 97, 100, 101, 102, 106, 108, 115, 117, 118, 124, 126, 127, 128, 130, 133, 135, 136, 137, 139, 142, 143, 145, 146, 150, 153, 155, 156, 158, 160, 165, 167, 172, 175, 176, 179, 183, 185, 186, 187, 188, 192, 194, 196, 198, 199, 203, 204, 205, 208, 213, 214, 215, 216, 217, 218, 219, 220, 221, 222, 223, 224, 226, 232, 233, 238, 239, 242, 246, 248, 251, 253, 255, 256, 257, 258, 259, 262, 263, 265, 268, 271, 272, 275, 281, 282, 283, 284, 285, 287, 290, 291, 292, 294, 296, 297, 299, 300, 303, 305, 306, 308, 309, 310, 314, 319, 322, 324, 326, 336, 345, 347, 350, 351, 352, 353, 355, 356, 358, 363, 364, 365, 368, 372, 373, 375, 380, 384, 385, 389, 391, 392, 393, 395, 396, 399]
x_174: [1, 3, 5, 6, 8, 10, 12, 13, 14, 15, 16, 21, 22, 23, 26, 27, 31, 32, 33, 37, 39, 40, 41, 46, 47, 48, 50, 51, 54, 56, 57, 58, 61, 62, 65, 72, 77, 78, 80, 84, 86, 88, 89, 92, 93, 96, 98, 100, 104, 105, 109, 110, 111, 112, 114, 116, 117, 119, 120, 121, 122, 123, 124, 127, 128, 129, 130, 132, 133, 134, 135, 138, 140, 141, 143, 144, 145, 147, 148, 151, 152, 156, 159, 160, 161, 162, 163, 164, 168, 169, 170, 171, 175, 176, 177, 178, 179, 180, 181, 182, 184, 189, 192, 193, 195, 196, 197, 200, 202, 205, 209, 210, 211, 212, 216, 217, 218, 224, 225, 226, 227, 228, 229, 230, 233, 234, 236, 237, 243, 244, 245, 247, 249, 250, 252, 254, 260, 261, 264, 266, 267, 269, 270, 273, 274, 275, 277, 278, 279, 280, 287, 288, 289, 295, 296, 298, 302, 304, 307, 311, 312, 313, 315, 316, 317, 319, 320, 321, 322, 323, 324, 325, 327, 329, 331, 332, 335, 337, 338, 340, 342, 343, 344, 346, 349, 354, 357, 359, 361, 362, 366, 367, 368, 370, 371, 374, 376, 377, 378, 379, 381, 382, 383, 386, 388, 389, 390, 392, 393, 394, 395, 398, 400]
x_175: [1, 3, 5, 8, 10, 12, 13, 14, 15, 16, 21, 22, 23, 27, 31, 32, 33, 36, 37, 39, 40, 41, 42, 43, 45, 46, 47, 48, 50, 54, 56, 57, 58, 60, 61, 62, 64, 65, 72, 75, 77, 78, 83, 84, 86, 87, 88, 89, 92, 93, 96, 98, 99, 100, 104, 105, 107, 109, 110, 111, 112, 114, 116, 117, 119, 120, 123, 124, 127, 128, 129, 130, 132, 133, 134, 135, 138, 140, 141, 142, 143, 144, 145, 147, 148, 149, 151, 152, 154, 156, 157, 158, 159, 160, 161, 162, 163, 164, 166, 168, 169, 170, 171, 173, 174, 176, 177, 178, 179, 180, 181, 182, 184, 189, 190, 191, 193, 195, 196, 197, 200, 201, 202, 205, 208, 209, 210, 211, 212, 216, 217, 218, 224, 225, 226, 227, 228, 229, 230, 233, 234, 235, 236, 237, 243, 244, 245, 247, 249, 250, 252, 260, 264, 266, 267, 269, 270, 274, 275, 277, 278, 279, 280, 287, 288, 289, 295, 296, 298, 301, 302, 304, 307, 311, 312, 313, 315, 316, 317, 319, 320, 321, 323, 324, 325, 327, 331, 332, 335, 337, 338, 340, 343, 344, 346, 349, 354, 355, 357, 360, 361, 362, 366, 367, 368, 370, 371, 376, 377, 378, 379, 380, 382, 383, 386, 388, 389, 390, 392, 393, 394, 395, 398, 400]
x_176: [2, 4, 5, 7, 8, 9, 10, 11, 17, 18, 19, 20, 24, 25, 27, 28, 29, 30, 31, 34, 35, 36, 37, 38, 40, 49, 52, 54, 55, 63, 66, 67, 69, 70, 71, 73, 74, 76, 78, 79, 81, 82, 85, 89, 91, 94, 95, 97, 100, 101, 102, 103, 104, 113, 115, 116, 117, 118, 124, 125, 126, 127, 128, 130, 136, 137, 139, 142, 143, 145, 146, 150, 153, 155, 156, 158, 165, 167, 168, 173, 174, 175, 179, 183, 185, 187, 192, 194, 196, 198, 199, 203, 204, 205, 207, 208, 214, 215, 216, 217, 218, 219, 220, 221, 222, 224, 226, 232, 233, 238, 239, 240, 241, 242, 246, 248, 251, 253, 255, 257, 258, 259, 262, 263, 265, 268, 271, 272, 275, 276, 282, 284, 285, 286, 287, 290, 291, 292, 293, 294, 296, 297, 299, 300, 303, 306, 308, 309, 310, 318, 319, 322, 324, 326, 328, 333, 334, 336, 341, 345, 347, 348, 350, 352, 353, 355, 356, 358, 363, 364, 368, 369, 372, 373, 375, 379, 380, 384, 385, 387, 389, 391, 392, 393, 396, 397, 399]
x_177: [2, 5, 7, 8, 10, 11, 12, 15, 17, 18, 19, 20, 24, 25, 27, 28, 29, 30, 34, 37, 38, 41, 43, 44, 49, 52, 53, 54, 55, 56, 59, 61, 63, 66, 67, 68, 69, 70, 71, 72, 73, 74, 76, 78, 79, 80, 81, 82, 84, 85, 89, 90, 91, 93, 97, 101, 102, 103, 104, 106, 108, 115, 118, 122, 125, 126, 127, 131, 133, 135, 139, 146, 150, 153, 155, 157, 163, 165, 167, 174, 175, 180, 182, 183, 185, 186, 188, 190, 193, 194, 198, 199, 203, 204, 213, 214, 215, 217, 218, 219, 220, 221, 222, 223, 224, 228, 230, 231, 232, 238, 239, 240, 241, 242, 246, 248, 251, 253, 255, 256, 257, 259, 262, 263, 265, 268, 271, 272, 276, 277, 281, 282, 283, 284, 285, 286, 290, 291, 292, 293, 294, 298, 299, 300, 302, 303, 305, 308, 309, 310, 313, 314, 318, 320, 326, 328, 330, 341, 342, 345, 347, 348, 350, 352, 353, 354, 356, 358, 359, 363, 364, 365, 367, 369, 371, 372, 374, 375, 379, 382, 384, 385, 387, 389, 391, 392, 395, 396, 397, 399]
x_178: [4, 5, 7, 8, 9, 10, 11, 18, 21, 24, 25, 27, 28, 29, 30, 33, 34, 37, 38, 39, 41, 44, 49, 52, 53, 54, 55, 58, 59, 62, 63, 65, 66, 68, 69, 70, 73, 74, 75, 78, 79, 81, 82, 83, 84, 85, 86, 89, 91, 92, 93, 94, 95, 97, 98, 101, 102, 103, 104, 105, 108, 113, 114, 115, 116, 118, 119, 126, 127, 133, 135, 137, 139, 146, 150, 152, 153, 160, 165, 167, 168, 171, 172, 174, 175, 185, 186, 188, 198, 199, 203, 204, 207, 213, 214, 215, 216, 217, 218, 219, 223, 224, 231, 232, 238, 239, 240, 241, 242, 247, 248, 249, 251, 254, 256, 257, 258, 259, 262, 265, 268, 271, 272, 273, 276, 281, 282, 283, 285, 286, 291, 292, 293, 294, 297, 299, 300, 303, 305, 308, 309, 310, 311, 314, 317, 318, 323, 324, 325, 326, 329, 330, 333, 334, 336, 341, 345, 347, 348, 351, 352, 353, 358, 361, 363, 364, 369, 372, 373, 376, 379, 381, 384, 385, 386, 387, 389, 391, 392, 394, 395, 396, 397, 400]
x_179: [2, 4, 5, 9, 10, 11, 18, 19, 20, 25, 27, 28, 29, 30, 31, 34, 36, 38, 40, 41, 44, 49, 52, 54, 55, 58, 59, 63, 66, 67, 68, 70, 71, 73, 74, 78, 79, 81, 84, 85, 89, 91, 93, 94, 95, 100, 101, 102, 104, 106, 113, 115, 117, 118, 124, 125, 128, 130, 133, 135, 136, 137, 139, 142, 143, 145, 146, 153, 155, 156, 158, 160, 165, 168, 172, 173, 174, 175, 176, 185, 186, 187, 188, 192, 194, 196, 198, 199, 204, 205, 207, 208, 213, 214, 216, 217, 219, 220, 221, 222, 223, 224, 226, 231, 232, 233, 238, 240, 241, 246, 248, 251, 253, 256, 257, 259, 262, 263, 265, 268, 271, 272, 275, 276, 281, 282, 283, 284, 285, 286, 287, 290, 291, 292, 293, 294, 296, 297, 299, 303, 305, 306, 309, 310, 314, 318, 319, 322, 324, 326, 328, 330, 333, 334, 336, 341, 347, 348, 350, 352, 355, 356, 358, 363, 364, 365, 368, 369, 372, 373, 375, 379, 380, 384, 387, 391, 392, 393, 394, 395, 396, 397]
x_180: [2, 4, 5, 8, 9, 10, 11, 12, 15, 17, 18, 19, 24, 25, 27, 28, 29, 30, 34, 38, 41, 43, 44, 49, 53, 54, 55, 56, 58, 59, 61, 66, 67, 68, 69, 70, 71, 72, 73, 74, 76, 78, 79, 80, 81, 82, 89, 90, 91, 93, 97, 101, 103, 104, 106, 113, 115, 116, 118, 122, 125, 126, 127, 131, 135, 136, 137, 139, 146, 150, 153, 155, 157, 163, 167, 168, 172, 174, 175, 177, 182, 183, 186, 187, 188, 190, 193, 194, 198, 199, 204, 207, 213, 215, 216, 217, 218, 219, 220, 221, 222, 223, 224, 228, 230, 231, 238, 239, 240, 241, 242, 246, 248, 251, 253, 258, 259, 262, 265, 268, 271, 272, 276, 277, 281, 282, 283, 284, 285, 286, 290, 291, 292, 293, 294, 298, 299, 300, 302, 303, 305, 306, 308, 309, 310, 313, 314, 318, 320, 324, 326, 328, 330, 333, 336, 341, 342, 345, 347, 348, 350, 351, 353, 354, 356, 358, 359, 363, 364, 367, 369, 371, 372, 373, 374, 375, 379, 382, 384, 385, 387, 389, 391, 392, 394, 395, 396, 397, 399]
x_181: [2, 4, 5, 7, 8, 9, 11, 13, 14, 17, 18, 19, 20, 23, 24, 25, 27, 28, 29, 30, 34, 35, 37, 38, 41, 44, 49, 50, 52, 53, 54, 55, 58, 59, 60, 63, 64, 66, 67, 68, 69, 71, 73, 74, 76, 78, 79, 81, 84, 85, 89, 91, 93, 95, 97, 101, 102, 104, 106, 108, 112, 113, 115, 116, 118, 125, 127, 129, 133, 135, 136, 137, 139, 144, 146, 150, 153, 154, 155, 160, 165, 167, 168, 172, 174, 175, 183, 185, 186, 187, 188, 194, 198, 199, 200, 203, 207, 214, 215, 216, 217, 219, 220, 221, 222, 223, 227, 229, 231, 232, 234, 238, 239, 240, 241, 242, 245, 246, 248, 251, 253, 255, 256, 258, 259, 262, 263, 264, 265, 268, 271, 272, 276, 279, 282, 283, 284, 285, 286, 288, 291, 293, 294, 295, 299, 300, 305, 306, 308, 309, 310, 318, 321, 324, 326, 330, 333, 334, 335, 340, 341, 343, 344, 345, 347, 348, 350, 351, 352, 353, 357, 358, 360, 362, 363, 364, 365, 372, 377, 378, 379, 384, 387, 392, 394, 395, 396, 397, 399]
x_182: [2, 5, 7, 8, 11, 12, 15, 17, 19, 20, 24, 25, 27, 28, 29, 30, 34, 35, 37, 38, 41, 43, 44, 49, 52, 53, 54, 55, 56, 58, 59, 61, 63, 66, 67, 68, 69, 70, 71, 72, 73, 74, 78, 79, 80, 81, 84, 85, 89, 90, 93, 97, 101, 102, 103, 104, 106, 108, 113, 115, 116, 118, 122, 125, 126, 127, 131, 133, 135, 136, 137, 139, 146, 155, 157, 160, 163, 165, 167, 168, 174, 175, 177, 180, 185, 186, 188, 190, 193, 194, 198, 203, 204, 207, 213, 214, 215, 216, 217, 218, 219, 220, 221, 222, 223, 224, 228, 230, 231, 232, 238, 239, 240, 242, 246, 248, 251, 253, 255, 256, 257, 258, 259, 265, 268, 271, 276, 277, 281, 283, 284, 285, 286, 290, 292, 293, 294, 297, 298, 299, 300, 302, 303, 305, 306, 308, 309, 313, 314, 318, 320, 324, 326, 328, 333, 334, 336, 342, 345, 347, 348, 350, 352, 353, 354, 356, 358, 359, 363, 364, 365, 367, 369, 371, 372, 373, 374, 375, 379, 382, 384, 385, 387, 389, 391, 392, 395, 396, 397, 399]
x_183: [3, 4, 12, 13, 15, 16, 22, 26, 28, 31, 32, 33, 35, 36, 39, 40, 42, 43, 45, 46, 47, 48, 50, 51, 55, 57, 60, 61, 62, 64, 65, 71, 72, 75, 80, 83, 86, 87, 88, 90, 92, 95, 96, 98, 99, 102, 103, 107, 111, 112, 114, 117, 119, 120, 122, 123, 124, 128, 129, 130, 131, 134, 140, 141, 142, 143, 144, 145, 147, 148, 149, 150, 151, 152, 154, 156, 157, 158, 159, 161, 162, 163, 164, 166, 167, 169, 170, 173, 176, 177, 180, 181, 184, 189, 190, 191, 192, 193, 194, 195, 196, 197, 201, 202, 205, 206, 207, 208, 209, 210, 211, 212, 213, 225, 226, 227, 228, 230, 232, 234, 235, 236, 237, 242, 243, 244, 247, 249, 250, 254, 258, 261, 262, 263, 264, 266, 267, 268, 269, 273, 274, 275, 278, 280, 287, 288, 290, 293, 296, 297, 298, 301, 302, 304, 306, 308, 311, 312, 313, 315, 317, 319, 320, 321, 322, 323, 325, 327, 329, 330, 331, 332, 333, 335, 336, 337, 338, 339, 340, 341, 342, 346, 348, 349, 354, 355, 357, 359, 360, 361, 362, 366, 367, 368, 370, 371, 374, 376, 377, 378, 380, 381, 382, 383, 386, 388, 390, 391, 393, 398, 400]
x_184: [1, 2, 4, 5, 7, 8, 9, 11, 17, 18, 19, 20, 24, 25, 30, 34, 37, 38, 42, 44, 46, 48, 49, 55, 58, 59, 63, 66, 67, 68, 69, 70, 71, 73, 74, 76, 77, 78, 79, 82, 84, 85, 89, 91, 93, 94, 95, 97, 99, 101, 102, 103, 104, 106, 107, 108, 109, 111, 115, 116, 118, 125, 126, 127, 132, 133, 134, 135, 136, 137, 139, 146, 148, 150, 153, 155, 161, 165, 167, 168, 172, 174, 175, 183, 185, 186, 187, 191, 194, 198, 199, 201, 203, 204, 207, 209, 210, 211, 213, 214, 215, 218, 219, 220, 221, 222, 223, 224, 231, 232, 236, 238, 239, 241, 246, 248, 250, 251, 253, 255, 256, 258, 259, 260, 261, 262, 263, 265, 266, 268, 271, 272, 274, 276, 281, 282, 283, 284, 285, 286, 290, 291, 293, 294, 297, 299, 300, 301, 303, 305, 306, 307, 308, 310, 314, 315, 318, 324, 326, 328, 330, 331, 333, 334, 336, 341, 345, 348, 350, 351, 352, 356, 358, 363, 365, 369, 372, 375, 379, 385, 387, 388, 389, 391, 392, 394, 395, 396, 397, 399]
x_185: [1, 3, 6, 12, 13, 14, 15, 16, 19, 21, 22, 23, 26, 30, 31, 32, 33, 36, 39, 40, 43, 45, 46, 47, 50, 51, 52, 53, 56, 57, 60, 62, 64, 65, 66, 72, 75, 80, 82, 86, 87, 88, 90, 92, 98, 99, 100, 105, 106, 107, 109, 110, 111, 112, 113, 114, 117, 119, 120, 121, 123, 124, 128, 129, 130, 131, 132, 134, 138, 140, 141, 143, 145, 148, 149, 151, 152, 154, 156, 157, 158, 161, 162, 163, 164, 166, 170, 171, 173, 176, 177, 178, 179, 181, 182, 184, 189, 190, 191, 192, 193, 195, 196, 197, 199, 200, 201, 202, 203, 205, 206, 209, 210, 211, 212, 214, 215, 221, 226, 227, 229, 233, 234, 235, 236, 237, 239, 243, 244, 245, 247, 248, 249, 250, 251, 252, 254, 256, 257, 259, 260, 261, 264, 265, 266, 267, 269, 273, 274, 275, 276, 277, 278, 279, 280, 284, 286, 287, 288, 289, 291, 296, 299, 300, 301, 302, 303, 304, 307, 311, 313, 315, 317, 319, 321, 323, 325, 327, 329, 331, 335, 337, 338, 339, 340, 342, 343, 346, 349, 353, 354, 355, 357, 359, 360, 361, 362, 366, 367, 368, 369, 371, 374, 376, 378, 380, 381, 382, 383, 386, 387, 393, 398]
x_186: [3, 6, 12, 13, 15, 16, 17, 21, 22, 23, 31, 33, 34, 36, 39, 40, 42, 43, 45, 46, 47, 48, 50, 51, 56, 60, 61, 62, 63, 68, 75, 77, 79, 83, 87, 88, 90, 91, 92, 96, 98, 99, 100, 101, 105, 107, 108, 109, 110, 111, 112, 114, 117, 118, 119, 121, 122, 123, 124, 128, 129, 130, 131, 132, 136, 138, 140, 141, 143, 145, 147, 148, 149, 152, 154, 155, 156, 157, 158, 161, 162, 163, 164, 165, 166, 170, 171, 173, 177, 178, 179, 180, 181, 182, 184, 189, 190, 191, 192, 193, 195, 196, 197, 198, 200, 201, 202, 204, 205, 206, 208, 209, 210, 211, 212, 225, 227, 229, 230, 231, 233, 234, 235, 236, 237, 238, 240, 244, 245, 247, 249, 250, 252, 254, 255, 260, 261, 264, 266, 267, 269, 270, 272, 273, 274, 275, 277, 278, 279, 282, 283, 287, 288, 289, 295, 296, 298, 301, 302, 304, 309, 310, 311, 312, 313, 316, 317, 321, 322, 323, 325, 326, 327, 329, 332, 335, 338, 339, 340, 342, 344, 346, 347, 349, 354, 356, 357, 359, 361, 362, 365, 366, 368, 370, 372, 374, 376, 377, 378, 380, 381, 382, 383, 384, 386, 388, 390, 393, 397, 398, 400]
x_187: [1, 3, 6, 7, 9, 11, 12, 13, 15, 16, 20, 22, 23, 25, 26, 29, 31, 32, 33, 36, 39, 40, 42, 43, 45, 46, 47, 49, 50, 51, 56, 57, 60, 61, 62, 64, 65, 69, 70, 75, 77, 80, 83, 86, 87, 88, 92, 96, 98, 99, 105, 110, 111, 112, 114, 117, 119, 121, 122, 123, 124, 125, 126, 129, 130, 131, 132, 134, 137, 138, 140, 144, 145, 146, 147, 149, 151, 152, 154, 156, 157, 158, 159, 161, 162, 164, 166, 170, 171, 172, 173, 176, 179, 180, 181, 184, 188, 189, 190, 191, 192, 195, 196, 197, 201, 202, 206, 208, 209, 210, 211, 212, 222, 223, 225, 226, 227, 228, 229, 230, 233, 235, 236, 237, 243, 244, 245, 246, 247, 249, 250, 252, 254, 260, 261, 264, 266, 267, 269, 271, 273, 274, 275, 278, 279, 280, 281, 285, 287, 289, 292, 295, 296, 298, 301, 302, 304, 305, 307, 311, 315, 316, 317, 318, 319, 321, 322, 323, 325, 327, 329, 331, 332, 335, 337, 338, 339, 340, 342, 344, 345, 346, 349, 352, 354, 355, 357, 359, 361, 362, 364, 366, 367, 368, 370, 371, 373, 376, 381, 382, 385, 386, 388, 390, 393, 396, 398, 400]
x_188: [1, 3, 6, 7, 9, 11, 12, 14, 15, 16, 20, 21, 22, 25, 26, 29, 31, 32, 33, 36, 39, 40, 42, 43, 45, 46, 47, 48, 49, 50, 51, 57, 60, 61, 62, 64, 65, 69, 70, 72, 77, 80, 83, 86, 87, 88, 90, 92, 96, 98, 99, 107, 109, 110, 111, 112, 114, 117, 119, 120, 121, 124, 125, 126, 128, 130, 131, 132, 134, 137, 138, 140, 141, 142, 143, 144, 145, 146, 147, 148, 149, 151, 152, 154, 156, 157, 158, 159, 161, 162, 163, 164, 166, 169, 170, 172, 173, 177, 178, 179, 180, 181, 182, 187, 189, 190, 191, 192, 193, 195, 197, 200, 201, 202, 205, 206, 208, 209, 211, 212, 222, 223, 225, 226, 227, 228, 229, 230, 233, 234, 235, 236, 237, 246, 247, 252, 254, 261, 264, 266, 269, 270, 271, 275, 277, 278, 279, 280, 281, 285, 287, 288, 289, 292, 295, 296, 298, 305, 307, 311, 312, 313, 315, 317, 318, 319, 321, 322, 323, 325, 327, 329, 331, 332, 335, 337, 338, 339, 340, 342, 343, 344, 345, 346, 349, 352, 354, 355, 357, 359, 360, 361, 362, 364, 366, 367, 368, 370, 371, 373, 374, 376, 377, 378, 380, 381, 382, 383, 385, 386, 388, 390, 393, 396, 398, 400]
x_189: [2, 3, 4, 5, 7, 8, 9, 10, 11, 16, 17, 18, 19, 20, 24, 25, 27, 28, 29, 32, 34, 35, 37, 38, 41, 44, 49, 51, 52, 53, 54, 55, 57, 58, 59, 63, 66, 67, 68, 69, 71, 73, 74, 76, 78, 79, 82, 88, 89, 93, 94, 101, 102, 103, 108, 113, 115, 116, 118, 120, 123, 125, 126, 127, 133, 135, 137, 139, 140, 146, 147, 150, 151, 153, 155, 159, 160, 165, 166, 167, 174, 175, 183, 185, 186, 187, 188, 194, 195, 197, 198, 203, 206, 207, 212, 213, 214, 215, 216, 217, 218, 219, 220, 221, 222, 224, 231, 232, 238, 239, 240, 241, 242, 243, 244, 246, 248, 251, 253, 256, 259, 262, 265, 268, 269, 272, 276, 281, 282, 283, 285, 289, 290, 291, 292, 293, 297, 299, 300, 304, 305, 306, 308, 309, 310, 314, 328, 330, 332, 333, 334, 336, 339, 345, 346, 347, 348, 349, 352, 358, 363, 365, 366, 369, 370, 372, 373, 375, 379, 383, 384, 385, 387, 389, 391, 392, 396, 397, 398, 399]
x_190: [2, 4, 5, 7, 8, 10, 11, 12, 15, 17, 18, 19, 20, 24, 25, 27, 28, 29, 30, 34, 35, 37, 38, 41, 43, 44, 52, 53, 54, 56, 58, 59, 61, 66, 67, 68, 69, 70, 72, 73, 74, 76, 78, 79, 80, 82, 84, 85, 89, 90, 91, 93, 94, 95, 97, 101, 102, 103, 106, 108, 113, 115, 116, 118, 122, 126, 131, 133, 135, 136, 137, 146, 150, 153, 155, 157, 160, 163, 165, 167, 168, 172, 175, 177, 180, 182, 183, 185, 186, 187, 188, 193, 194, 198, 199, 203, 204, 207, 213, 214, 215, 216, 217, 218, 219, 220, 222, 224, 228, 230, 232, 238, 239, 241, 242, 246, 248, 251, 253, 255, 256, 257, 258, 259, 262, 268, 271, 272, 276, 277, 281, 282, 284, 285, 286, 290, 292, 293, 294, 297, 298, 299, 300, 302, 305, 306, 308, 309, 310, 313, 318, 320, 324, 326, 328, 330, 333, 334, 336, 342, 345, 347, 348, 351, 353, 354, 356, 358, 359, 363, 364, 365, 367, 369, 371, 374, 375, 379, 382, 384, 385, 387, 389, 391, 394, 395, 396, 397, 399]
x_191: [1, 2, 4, 5, 7, 9, 10, 11, 17, 18, 19, 24, 25, 28, 29, 30, 35, 37, 38, 41, 42, 44, 46, 48, 49, 52, 53, 54, 55, 58, 59, 63, 67, 68, 69, 70, 71, 73, 74, 76, 77, 78, 79, 81, 82, 84, 85, 89, 93, 94, 95, 97, 99, 101, 102, 104, 106, 107, 108, 109, 111, 113, 116, 118, 125, 126, 127, 132, 133, 134, 135, 137, 146, 148, 150, 153, 155, 160, 161, 167, 168, 172, 175, 183, 184, 185, 186, 187, 188, 194, 198, 199, 201, 203, 204, 207, 209, 210, 211, 213, 214, 215, 216, 218, 219, 220, 221, 222, 223, 224, 232, 236, 238, 240, 241, 242, 246, 248, 250, 251, 253, 255, 256, 257, 258, 259, 260, 261, 262, 263, 266, 268, 271, 272, 274, 276, 281, 282, 283, 284, 285, 292, 293, 294, 297, 299, 300, 301, 303, 305, 307, 308, 309, 310, 315, 324, 326, 328, 330, 331, 334, 336, 341, 345, 347, 348, 350, 351, 353, 356, 358, 363, 364, 365, 369, 372, 373, 375, 379, 384, 385, 387, 388, 389, 391, 392, 394, 395, 396, 397, 399]
x_192: [2, 4, 5, 7, 8, 10, 11, 17, 18, 19, 20, 25, 27, 28, 29, 30, 31, 35, 36, 38, 40, 41, 44, 49, 52, 53, 54, 55, 59, 63, 66, 67, 68, 69, 70, 71, 73, 76, 79, 81, 82, 84, 85, 89, 91, 93, 95, 97, 100, 101, 102, 103, 104, 106, 108, 113, 115, 116, 117, 118, 124, 125, 126, 127, 128, 130, 133, 135, 136, 137, 139, 142, 143, 145, 146, 150, 153, 155, 156, 158, 160, 165, 167, 168, 172, 173, 174, 176, 179, 183, 185, 186, 187, 188, 194, 196, 198, 199, 203, 204, 205, 207, 208, 213, 214, 215, 216, 218, 219, 220, 221, 222, 223, 224, 226, 231, 232, 233, 238, 239, 240, 241, 242, 246, 248, 251, 253, 255, 258, 259, 262, 263, 265, 268, 272, 275, 276, 281, 283, 284, 285, 286, 287, 290, 292, 293, 294, 296, 297, 300, 303, 305, 306, 309, 310, 314, 318, 319, 322, 324, 326, 328, 330, 333, 334, 336, 347, 348, 350, 351, 355, 356, 363, 364, 368, 369, 372, 373, 375, 379, 380, 384, 385, 387, 389, 391, 392, 393, 394, 395, 396, 397]
x_193: [2, 4, 5, 7, 8, 9, 10, 11, 12, 15, 17, 18, 19, 25, 27, 28, 29, 30, 34, 35, 37, 41, 43, 49, 53, 54, 55, 56, 58, 59, 61, 63, 66, 67, 68, 69, 70, 71, 72, 73, 74, 78, 80, 81, 84, 85, 89, 90, 91, 93, 94, 95, 97, 101, 102, 103, 104, 106, 108, 113, 115, 116, 118, 122, 125, 126, 131, 133, 135, 136, 137, 139, 146, 150, 153, 155, 157, 160, 163, 165, 167, 168, 172, 174, 175, 177, 180, 182, 183, 185, 186, 188, 190, 198, 199, 203, 204, 207, 213, 214, 216, 217, 218, 219, 220, 221, 222, 223, 228, 230, 232, 238, 239, 241, 242, 246, 248, 251, 253, 255, 256, 257, 259, 262, 263, 268, 271, 272, 276, 277, 281, 282, 283, 284, 285, 286, 290, 291, 292, 293, 294, 298, 299, 300, 302, 303, 305, 306, 308, 309, 310, 313, 314, 318, 320, 324, 326, 328, 330, 333, 334, 341, 342, 345, 347, 350, 351, 352, 353, 354, 356, 358, 359, 363, 365, 367, 369, 371, 372, 373, 374, 379, 382, 384, 385, 387, 389, 391, 392, 394, 395, 396, 397, 399]
x_194: [1, 3, 4, 6, 13, 14, 15, 16, 21, 22, 23, 26, 28, 31, 32, 33, 35, 36, 42, 43, 45, 46, 47, 48, 51, 55, 56, 57, 60, 61, 62, 64, 65, 71, 72, 75, 77, 80, 86, 87, 88, 90, 92, 95, 96, 99, 100, 102, 103, 105, 107, 109, 110, 111, 112, 114, 117, 121, 123, 124, 128, 129, 131, 132, 134, 138, 141, 143, 145, 148, 149, 150, 152, 154, 157, 158, 159, 161, 162, 163, 164, 166, 167, 169, 170, 171, 173, 176, 177, 179, 180, 181, 182, 183, 184, 189, 190, 191, 192, 195, 196, 197, 200, 201, 202, 205, 206, 207, 208, 209, 210, 211, 212, 213, 225, 226, 227, 228, 230, 232, 234, 235, 236, 237, 242, 244, 245, 247, 250, 252, 258, 260, 262, 263, 264, 266, 267, 268, 269, 270, 273, 274, 275, 278, 279, 280, 287, 289, 290, 293, 295, 296, 297, 298, 301, 302, 306, 307, 308, 311, 312, 313, 315, 316, 317, 319, 320, 321, 323, 325, 329, 330, 331, 332, 333, 335, 336, 337, 338, 339, 340, 341, 342, 343, 344, 346, 348, 355, 357, 360, 361, 362, 366, 367, 368, 370, 371, 374, 376, 377, 378, 380, 382, 383, 386, 390, 391, 393, 398, 400]
x_195: [2, 3, 5, 7, 8, 10, 11, 16, 17, 19, 20, 24, 25, 27, 28, 29, 30, 32, 34, 35, 37, 38, 41, 49, 51, 52, 53, 54, 57, 58, 59, 63, 67, 68, 70, 71, 73, 74, 76, 79, 81, 82, 84, 85, 88, 89, 91, 93, 94, 97, 101, 102, 103, 104, 106, 108, 113, 115, 116, 118, 120, 123, 125, 127, 133, 135, 136, 137, 139, 140, 147, 150, 151, 153, 155, 159, 165, 166, 167, 172, 174, 175, 183, 185, 186, 187, 188, 189, 194, 197, 198, 199, 204, 206, 207, 212, 213, 214, 215, 217, 218, 220, 222, 223, 224, 231, 232, 238, 239, 240, 241, 242, 243, 244, 246, 251, 253, 255, 256, 257, 258, 259, 262, 263, 265, 268, 269, 271, 281, 282, 283, 284, 286, 289, 290, 291, 292, 293, 294, 297, 299, 300, 303, 304, 305, 306, 308, 309, 310, 314, 324, 326, 328, 330, 332, 333, 334, 339, 341, 345, 346, 347, 349, 350, 352, 353, 356, 358, 363, 364, 365, 366, 369, 370, 372, 373, 375, 379, 383, 384, 385, 389, 392, 394, 395, 396, 397, 398, 399]
x_196: [2, 4, 7, 8, 9, 10, 18, 19, 20, 24, 27, 29, 30, 31, 34, 35, 36, 37, 40, 41, 44, 49, 52, 53, 54, 55, 58, 59, 63, 66, 67, 68, 69, 70, 71, 73, 74, 76, 78, 79, 81, 82, 84, 85, 89, 93, 94, 95, 97, 100, 102, 103, 104, 106, 108, 113, 115, 116, 117, 118, 124, 125, 126, 128, 130, 137, 139, 142, 143, 145, 146, 150, 153, 155, 156, 158, 160, 165, 167, 168, 172, 173, 174, 175, 176, 179, 183, 185, 186, 187, 192, 194, 199, 203, 204, 205, 207, 208, 214, 215, 216, 217, 218, 219, 220, 221, 222, 223, 224, 226, 231, 232, 233, 238, 239, 240, 241, 242, 246, 248, 251, 253, 255, 256, 257, 258, 259, 262, 263, 265, 268, 271, 272, 275, 276, 281, 282, 283, 284, 285, 286, 287, 290, 291, 292, 293, 294, 296, 297, 299, 300, 305, 308, 310, 314, 318, 319, 322, 324, 326, 328, 330, 334, 336, 341, 347, 348, 350, 351, 352, 353, 355, 356, 358, 363, 364, 365, 368, 369, 372, 375, 380, 384, 385, 389, 391, 392, 393, 394, 395, 396, 399]
x_197: [2, 3, 4, 5, 7, 8, 9, 10, 11, 16, 17, 18, 19, 20, 24, 25, 28, 29, 30, 32, 34, 35, 37, 38, 41, 44, 49, 51, 53, 55, 57, 58, 59, 63, 67, 68, 69, 70, 73, 76, 78, 79, 81, 82, 84, 85, 88, 91, 93, 94, 95, 97, 101, 102, 103, 104, 106, 108, 115, 118, 120, 123, 125, 126, 127, 133, 135, 136, 137, 139, 140, 146, 147, 150, 151, 153, 155, 159, 160, 165, 166, 167, 168, 172, 174, 175, 183, 185, 186, 187, 188, 189, 194, 195, 198, 199, 203, 206, 207, 212, 213, 214, 215, 217, 218, 219, 221, 222, 223, 224, 231, 232, 239, 240, 241, 243, 244, 248, 253, 255, 256, 257, 258, 259, 262, 263, 265, 268, 269, 271, 272, 276, 281, 282, 283, 284, 289, 291, 292, 293, 294, 297, 299, 300, 303, 304, 305, 306, 308, 309, 314, 318, 326, 328, 330, 332, 333, 334, 336, 339, 341, 346, 347, 348, 349, 350, 351, 356, 358, 363, 365, 366, 369, 370, 372, 373, 375, 379, 383, 385, 389, 391, 392, 394, 395, 396, 397, 398, 399]
x_198: [1, 3, 6, 12, 13, 14, 15, 16, 17, 21, 23, 26, 31, 32, 33, 34, 36, 40, 42, 43, 45, 46, 51, 57, 60, 61, 63, 64, 65, 68, 72, 75, 79, 80, 83, 86, 87, 88, 90, 91, 92, 96, 98, 99, 101, 105, 107, 108, 109, 110, 112, 114, 117, 118, 120, 121, 122, 123, 124, 128, 130, 131, 134, 136, 138, 141, 142, 144, 145, 147, 148, 149, 151, 152, 154, 155, 157, 158, 159, 162, 163, 165, 166, 170, 173, 176, 177, 178, 179, 180, 181, 182, 184, 186, 189, 190, 191, 192, 193, 195, 197, 200, 201, 202, 204, 205, 206, 208, 210, 211, 212, 225, 226, 227, 228, 229, 230, 231, 233, 234, 236, 237, 238, 240, 243, 244, 245, 247, 249, 250, 252, 254, 255, 260, 261, 264, 266, 267, 269, 270, 272, 273, 274, 275, 278, 279, 280, 282, 283, 287, 288, 289, 295, 296, 298, 301, 302, 304, 309, 310, 311, 312, 313, 316, 317, 319, 320, 321, 322, 323, 325, 326, 327, 329, 331, 332, 335, 337, 338, 339, 340, 343, 344, 346, 347, 349, 354, 356, 357, 359, 360, 361, 362, 365, 366, 367, 368, 370, 371, 372, 374, 376, 380, 381, 382, 384, 386, 388, 390, 393, 397, 398]
x_199: [1, 3, 6, 13, 14, 15, 16, 19, 21, 22, 23, 26, 30, 32, 33, 36, 39, 42, 43, 45, 47, 50, 51, 52, 53, 57, 60, 61, 64, 65, 66, 72, 75, 77, 82, 83, 86, 87, 90, 92, 96, 98, 99, 100, 105, 106, 107, 109, 110, 111, 112, 113, 114, 117, 119, 120, 121, 122, 123, 124, 128, 129, 130, 131, 132, 134, 138, 140, 142, 143, 144, 147, 151, 152, 154, 156, 157, 158, 159, 161, 162, 163, 164, 166, 169, 170, 171, 173, 176, 177, 178, 179, 180, 181, 184, 185, 190, 191, 192, 193, 195, 196, 197, 200, 201, 203, 205, 206, 208, 209, 210, 211, 212, 214, 215, 221, 225, 226, 227, 228, 230, 233, 234, 235, 236, 237, 239, 243, 244, 245, 247, 248, 249, 250, 251, 252, 256, 257, 259, 260, 264, 265, 269, 270, 274, 276, 277, 278, 279, 280, 284, 286, 287, 288, 289, 291, 296, 298, 299, 300, 302, 303, 304, 307, 311, 312, 313, 315, 316, 317, 319, 320, 321, 322, 323, 325, 329, 331, 335, 337, 338, 339, 340, 342, 343, 344, 346, 353, 354, 355, 357, 359, 360, 362, 366, 367, 368, 369, 371, 374, 376, 377, 378, 380, 381, 382, 386, 387, 388, 390, 393, 398]
x_200: [2, 4, 5, 8, 9, 10, 11, 13, 14, 17, 18, 19, 23, 24, 25, 28, 29, 34, 35, 37, 38, 41, 44, 49, 50, 52, 53, 54, 55, 58, 59, 60, 64, 67, 68, 69, 70, 71, 73, 74, 76, 78, 81, 82, 84, 85, 89, 91, 93, 95, 101, 103, 104, 106, 108, 112, 115, 116, 118, 125, 126, 127, 129, 133, 135, 137, 139, 144, 146, 150, 153, 154, 155, 167, 168, 172, 174, 175, 181, 185, 186, 188, 194, 198, 199, 203, 204, 207, 213, 214, 215, 216, 217, 218, 219, 221, 222, 223, 224, 227, 229, 231, 232, 234, 238, 239, 240, 241, 242, 245, 246, 248, 251, 255, 256, 257, 258, 259, 262, 263, 264, 268, 271, 272, 276, 279, 281, 283, 284, 285, 286, 288, 290, 291, 292, 293, 294, 295, 297, 299, 300, 303, 306, 308, 309, 310, 314, 318, 321, 324, 326, 330, 333, 335, 336, 340, 343, 344, 345, 348, 350, 351, 352, 356, 357, 358, 360, 362, 363, 364, 365, 369, 372, 373, 375, 377, 378, 379, 384, 385, 387, 391, 392, 394, 395, 396, 397]
x_201: [1, 2, 4, 5, 7, 8, 9, 10, 11, 17, 18, 20, 24, 25, 27, 28, 30, 34, 35, 37, 38, 41, 42, 44, 46, 48, 49, 52, 53, 54, 55, 59, 66, 67, 68, 69, 73, 74, 76, 77, 78, 79, 81, 82, 85, 89, 91, 94, 95, 97, 99, 101, 103, 104, 106, 107, 109, 111, 113, 115, 116, 118, 125, 126, 127, 132, 133, 134, 135, 136, 137, 139, 146, 148, 150, 153, 155, 161, 165, 167, 168, 172, 175, 183, 184, 185, 186, 187, 188, 191, 194, 198, 199, 203, 204, 207, 209, 210, 211, 213, 214, 215, 216, 218, 219, 220, 221, 222, 223, 224, 231, 232, 236, 238, 239, 240, 246, 248, 250, 253, 255, 256, 257, 258, 259, 260, 261, 262, 265, 266, 271, 272, 274, 276, 281, 282, 283, 284, 286, 290, 291, 292, 293, 294, 297, 299, 300, 301, 303, 305, 306, 307, 309, 310, 314, 315, 318, 324, 326, 328, 330, 331, 333, 334, 336, 341, 345, 347, 348, 350, 351, 352, 353, 358, 363, 364, 365, 372, 373, 375, 379, 384, 387, 388, 389, 391, 392, 395, 396, 397]
x_202: [2, 4, 5, 6, 7, 8, 9, 10, 11, 17, 18, 19, 20, 22, 24, 25, 26, 27, 28, 29, 34, 35, 38, 44, 45, 47, 49, 52, 53, 54, 55, 58, 59, 63, 66, 67, 68, 69, 70, 71, 73, 76, 79, 81, 84, 85, 87, 91, 93, 94, 95, 96, 101, 102, 103, 104, 106, 110, 113, 115, 118, 121, 125, 126, 127, 133, 135, 136, 137, 138, 139, 141, 146, 149, 150, 153, 155, 160, 162, 164, 165, 167, 168, 169, 170, 172, 174, 175, 183, 185, 186, 187, 188, 194, 198, 203, 204, 207, 213, 214, 216, 217, 218, 219, 220, 222, 223, 224, 225, 231, 232, 235, 237, 238, 239, 240, 241, 242, 246, 248, 251, 252, 253, 255, 256, 257, 258, 259, 263, 265, 267, 270, 271, 272, 278, 280, 281, 284, 285, 286, 290, 291, 293, 294, 297, 300, 303, 305, 306, 309, 310, 312, 314, 316, 318, 324, 326, 327, 333, 334, 336, 337, 338, 341, 345, 347, 350, 352, 353, 356, 358, 364, 372, 373, 375, 379, 384, 387, 390, 391, 392, 394, 395, 396, 397, 399]
x_203: [1, 3, 6, 12, 13, 14, 16, 19, 21, 22, 26, 30, 31, 32, 36, 40, 42, 43, 45, 46, 47, 48, 50, 51, 52, 53, 56, 57, 60, 61, 62, 64, 65, 66, 72, 75, 80, 82, 83, 86, 87, 90, 92, 96, 99, 100, 105, 106, 107, 109, 110, 111, 112, 113, 114, 117, 119, 120, 121, 122, 123, 124, 128, 129, 130, 132, 134, 138, 142, 143, 144, 145, 147, 148, 149, 151, 152, 154, 156, 157, 158, 159, 161, 162, 163, 166, 169, 170, 173, 176, 177, 178, 181, 182, 184, 185, 189, 190, 191, 192, 193, 196, 197, 199, 200, 201, 202, 205, 209, 210, 211, 212, 214, 215, 221, 225, 227, 228, 229, 233, 237, 239, 243, 244, 245, 247, 248, 249, 250, 251, 252, 254, 256, 257, 259, 260, 261, 264, 265, 266, 267, 269, 270, 273, 275, 276, 277, 278, 279, 284, 286, 287, 288, 289, 291, 296, 298, 299, 300, 301, 302, 303, 304, 307, 313, 316, 317, 319, 320, 321, 322, 325, 327, 331, 332, 335, 337, 338, 339, 340, 342, 344, 346, 349, 353, 354, 355, 357, 359, 360, 361, 362, 366, 367, 368, 369, 370, 371, 374, 376, 377, 378, 381, 382, 383, 386, 387, 388, 390, 398, 400]
x_204: [1, 3, 6, 12, 13, 15, 16, 17, 21, 22, 23, 26, 31, 32, 33, 34, 36, 40, 42, 43, 45, 46, 48, 51, 56, 57, 60, 62, 63, 64, 65, 68, 72, 75, 77, 79, 80, 83, 86, 87, 88, 90, 91, 92, 96, 98, 99, 101, 107, 108, 110, 114, 117, 118, 119, 120, 121, 122, 123, 124, 128, 129, 130, 131, 132, 136, 138, 140, 141, 142, 143, 144, 145, 147, 148, 149, 151, 152, 154, 155, 156, 157, 158, 159, 161, 162, 164, 165, 166, 169, 170, 171, 173, 176, 177, 178, 179, 180, 182, 184, 186, 190, 191, 192, 193, 195, 196, 198, 200, 201, 202, 206, 208, 210, 211, 212, 226, 227, 228, 229, 230, 231, 233, 234, 235, 236, 237, 238, 240, 243, 244, 245, 247, 249, 250, 252, 254, 255, 260, 261, 266, 267, 269, 270, 272, 273, 274, 275, 277, 278, 279, 280, 282, 283, 287, 289, 295, 296, 301, 302, 304, 309, 310, 311, 313, 315, 316, 317, 320, 321, 322, 323, 325, 326, 327, 329, 331, 335, 337, 338, 339, 340, 342, 343, 344, 346, 347, 349, 354, 355, 356, 357, 359, 360, 362, 365, 366, 367, 371, 372, 374, 376, 378, 380, 381, 382, 383, 384, 386, 388, 397, 398]
x_205: [2, 4, 5, 7, 11, 17, 18, 19, 20, 24, 25, 27, 28, 29, 30, 31, 34, 35, 36, 37, 38, 40, 41, 49, 52, 53, 54, 55, 58, 59, 63, 67, 68, 69, 70, 71, 73, 74, 76, 79, 81, 84, 85, 91, 93, 94, 100, 101, 103, 104, 106, 108, 113, 115, 116, 117, 118, 124, 125, 126, 127, 128, 130, 133, 135, 136, 137, 142, 143, 145, 146, 150, 153, 155, 156, 158, 160, 165, 167, 168, 172, 173, 174, 175, 176, 179, 183, 185, 186, 188, 192, 194, 196, 198, 199, 203, 207, 208, 213, 214, 215, 216, 218, 219, 220, 221, 222, 223, 224, 226, 231, 233, 238, 239, 240, 241, 242, 246, 248, 251, 253, 255, 256, 257, 258, 259, 262, 263, 265, 268, 271, 272, 275, 276, 281, 282, 284, 285, 287, 290, 291, 292, 293, 294, 296, 297, 299, 300, 303, 305, 306, 308, 309, 310, 314, 318, 319, 322, 324, 330, 333, 334, 336, 341, 345, 347, 348, 350, 351, 352, 353, 355, 358, 363, 364, 365, 368, 369, 372, 373, 375, 379, 380, 384, 385, 387, 389, 391, 392, 393, 394, 395, 396, 397, 399]
x_206: [2, 3, 8, 9, 10, 11, 16, 17, 19, 20, 24, 25, 27, 29, 30, 32, 34, 35, 37, 38, 41, 44, 51, 52, 53, 54, 55, 57, 58, 63, 66, 67, 68, 69, 71, 73, 74, 76, 78, 79, 82, 84, 85, 88, 89, 93, 95, 101, 102, 103, 104, 108, 113, 115, 116, 118, 120, 123, 125, 126, 127, 133, 135, 136, 137, 139, 140, 147, 150, 151, 153, 155, 159, 160, 165, 166, 167, 168, 172, 183, 185, 186, 187, 188, 189, 194, 195, 197, 198, 199, 204, 207, 212, 213, 214, 215, 216, 217, 218, 219, 220, 221, 222, 223, 224, 231, 232, 238, 242, 243, 244, 246, 248, 251, 253, 255, 256, 257, 258, 259, 262, 265, 268, 269, 271, 272, 276, 281, 282, 284, 285, 286, 289, 291, 292, 293, 294, 297, 299, 300, 303, 304, 305, 308, 309, 310, 318, 324, 326, 328, 330, 332, 333, 334, 336, 339, 341, 345, 346, 347, 348, 349, 350, 351, 352, 353, 356, 358, 364, 366, 369, 370, 372, 373, 375, 379, 383, 384, 385, 387, 389, 391, 392, 394, 395, 396, 397, 398, 399]
x_207: [1, 3, 4, 6, 12, 14, 15, 21, 22, 23, 26, 28, 31, 32, 33, 35, 36, 39, 42, 43, 47, 48, 50, 51, 55, 56, 57, 60, 61, 64, 65, 71, 72, 75, 80, 83, 86, 88, 90, 92, 95, 96, 98, 99, 100, 102, 103, 105, 109, 110, 111, 112, 114, 117, 119, 120, 121, 124, 128, 129, 130, 131, 132, 134, 138, 141, 142, 143, 144, 147, 148, 149, 150, 154, 156, 157, 158, 159, 161, 162, 163, 164, 166, 167, 169, 176, 178, 179, 180, 181, 182, 183, 184, 189, 190, 191, 192, 193, 194, 195, 196, 197, 200, 201, 202, 205, 206, 208, 209, 210, 211, 212, 213, 225, 228, 232, 233, 234, 236, 242, 243, 244, 245, 247, 249, 250, 252, 258, 262, 263, 264, 266, 268, 269, 270, 273, 274, 275, 277, 278, 279, 280, 287, 288, 289, 290, 293, 295, 296, 297, 302, 304, 306, 307, 308, 312, 313, 315, 317, 319, 320, 322, 325, 327, 329, 330, 331, 332, 333, 336, 337, 339, 340, 341, 342, 344, 346, 348, 349, 354, 355, 360, 361, 362, 366, 367, 368, 370, 371, 374, 376, 377, 378, 380, 381, 382, 383, 388, 390, 391, 393, 398, 400]
x_208: [4, 5, 7, 9, 10, 11, 17, 18, 20, 24, 25, 27, 28, 29, 30, 31, 35, 36, 37, 40, 44, 49, 54, 55, 59, 63, 66, 67, 68, 69, 70, 71, 73, 74, 76, 78, 79, 81, 82, 84, 85, 89, 91, 94, 95, 97, 100, 101, 102, 103, 104, 106, 113, 115, 116, 117, 118, 124, 125, 126, 127, 128, 130, 133, 135, 136, 137, 139, 142, 143, 145, 146, 150, 153, 155, 156, 158, 165, 167, 168, 172, 173, 175, 176, 179, 183, 186, 187, 188, 192, 194, 196, 198, 199, 204, 205, 207, 214, 215, 216, 217, 218, 219, 222, 223, 226, 231, 232, 233, 239, 240, 241, 242, 246, 248, 251, 253, 255, 257, 258, 259, 262, 263, 265, 268, 271, 272, 275, 276, 281, 282, 283, 284, 286, 287, 291, 292, 294, 296, 297, 299, 300, 305, 306, 308, 309, 310, 314, 319, 322, 326, 328, 330, 333, 334, 336, 341, 345, 347, 348, 350, 351, 352, 353, 355, 358, 363, 364, 365, 368, 373, 375, 379, 380, 385, 387, 391, 392, 393, 394, 395, 396, 397, 399]
x_209: [1, 2, 4, 5, 8, 9, 10, 11, 17, 18, 19, 20, 24, 25, 27, 28, 29, 30, 34, 35, 37, 38, 41, 42, 44, 46, 48, 49, 52, 53, 54, 55, 58, 59, 63, 66, 67, 68, 69, 70, 71, 73, 74, 77, 78, 79, 81, 82, 84, 85, 89, 91, 94, 95, 97, 99, 101, 102, 103, 106, 107, 108, 109, 111, 113, 115, 118, 125, 126, 127, 132, 134, 135, 136, 137, 139, 146, 148, 150, 153, 155, 160, 161, 165, 167, 168, 172, 174, 175, 183, 184, 185, 186, 187, 188, 191, 194, 199, 201, 203, 207, 210, 211, 213, 214, 215, 216, 217, 219, 220, 221, 222, 223, 224, 231, 232, 236, 238, 240, 241, 248, 250, 251, 253, 255, 256, 257, 258, 259, 260, 261, 262, 265, 266, 268, 271, 274, 276, 281, 283, 291, 292, 293, 294, 297, 299, 301, 303, 305, 306, 307, 308, 309, 310, 314, 315, 318, 324, 326, 328, 330, 331, 333, 334, 336, 341, 345, 347, 348, 350, 352, 353, 356, 358, 363, 364, 365, 369, 372, 373, 379, 384, 385, 387, 388, 389, 391, 392, 395, 396, 397, 399]
x_210: [1, 2, 5, 7, 8, 9, 10, 11, 17, 18, 19, 20, 25, 27, 29, 30, 34, 37, 38, 41, 42, 46, 48, 49, 52, 53, 54, 58, 59, 63, 66, 67, 68, 69, 70, 71, 73, 74, 76, 77, 78, 79, 81, 82, 84, 85, 89, 93, 94, 95, 97, 99, 101, 102, 106, 107, 108, 109, 111, 115, 116, 125, 126, 127, 132, 133, 134, 135, 136, 137, 146, 148, 150, 153, 155, 160, 161, 165, 167, 168, 172, 174, 175, 183, 184, 185, 186, 187, 191, 194, 198, 199, 201, 203, 204, 207, 209, 211, 213, 214, 215, 218, 219, 220, 221, 222, 223, 224, 231, 232, 236, 238, 240, 241, 242, 246, 248, 250, 251, 253, 255, 256, 257, 258, 259, 260, 261, 262, 265, 266, 268, 271, 272, 274, 276, 281, 282, 284, 286, 290, 291, 292, 293, 294, 297, 299, 300, 301, 305, 306, 307, 308, 309, 310, 314, 315, 318, 328, 330, 331, 334, 341, 345, 347, 350, 351, 352, 353, 356, 358, 363, 364, 365, 372, 373, 375, 379, 384, 385, 387, 388, 389, 391, 392, 394, 395, 397, 399]
x_211: [1, 4, 5, 7, 9, 10, 11, 17, 18, 19, 20, 25, 27, 28, 29, 30, 34, 35, 37, 38, 41, 42, 44, 46, 48, 49, 52, 53, 54, 55, 58, 59, 68, 70, 73, 74, 76, 77, 78, 79, 81, 84, 85, 89, 91, 93, 94, 95, 97, 99, 101, 102, 103, 104, 106, 107, 108, 109, 111, 113, 115, 116, 118, 125, 126, 132, 133, 134, 135, 136, 137, 139, 148, 150, 153, 155, 160, 161, 165, 167, 168, 172, 174, 175, 183, 184, 185, 186, 187, 188, 191, 194, 198, 199, 201, 203, 204, 207, 209, 210, 213, 215, 216, 217, 218, 219, 220, 222, 223, 224, 231, 236, 238, 239, 240, 241, 242, 246, 248, 250, 251, 253, 255, 256, 257, 258, 259, 260, 261, 263, 265, 266, 268, 271, 272, 274, 276, 281, 283, 285, 286, 291, 292, 293, 297, 299, 301, 303, 305, 306, 307, 308, 309, 310, 314, 315, 318, 324, 326, 328, 330, 331, 333, 334, 336, 341, 345, 348, 351, 352, 353, 356, 358, 363, 364, 365, 369, 373, 375, 379, 384, 385, 387, 388, 389, 392, 394, 396, 397]
x_212: [2, 3, 4, 5, 8, 9, 10, 11, 16, 17, 18, 19, 20, 24, 27, 28, 30, 32, 34, 35, 37, 38, 49, 51, 52, 53, 54, 55, 57, 58, 59, 63, 66, 68, 69, 70, 71, 74, 76, 78, 81, 82, 84, 85, 88, 89, 91, 93, 94, 95, 97, 101, 102, 103, 104, 106, 108, 113, 115, 118, 120, 123, 125, 126, 127, 133, 136, 139, 140, 146, 147, 150, 151, 153, 159, 160, 165, 166, 167, 168, 172, 174, 175, 183, 185, 186, 187, 188, 189, 194, 195, 197, 198, 199, 203, 204, 206, 207, 213, 214, 215, 216, 217, 218, 219, 220, 221, 222, 223, 224, 231, 232, 238, 239, 243, 244, 246, 248, 251, 253, 256, 257, 258, 259, 262, 263, 265, 268, 269, 271, 272, 276, 281, 282, 283, 285, 286, 289, 290, 291, 292, 294, 297, 299, 303, 304, 305, 306, 308, 309, 324, 326, 328, 332, 333, 334, 336, 339, 341, 345, 346, 348, 349, 350, 351, 352, 353, 356, 358, 363, 365, 366, 369, 370, 372, 373, 375, 379, 383, 384, 385, 389, 391, 392, 394, 395, 396, 397, 398, 399]
x_213: [1, 4, 6, 12, 13, 14, 15, 16, 21, 22, 26, 28, 31, 32, 33, 35, 36, 39, 40, 42, 43, 45, 46, 47, 48, 50, 51, 55, 56, 57, 60, 61, 62, 64, 65, 71, 72, 75, 77, 80, 83, 86, 87, 88, 90, 92, 95, 98, 99, 100, 102, 103, 107, 109, 111, 112, 114, 117, 119, 120, 121, 122, 123, 124, 128, 129, 130, 131, 132, 134, 138, 140, 141, 142, 143, 144, 145, 147, 148, 149, 150, 151, 152, 156, 157, 158, 159, 161, 162, 163, 164, 166, 167, 169, 170, 173, 177, 178, 179, 180, 182, 183, 184, 189, 190, 191, 192, 193, 194, 195, 197, 200, 201, 202, 205, 206, 207, 209, 210, 211, 212, 225, 226, 227, 228, 229, 230, 232, 233, 234, 235, 236, 237, 242, 243, 244, 245, 247, 249, 250, 252, 254, 258, 260, 262, 263, 264, 266, 267, 268, 269, 273, 275, 277, 278, 279, 280, 287, 288, 289, 290, 293, 295, 296, 297, 298, 301, 302, 304, 306, 307, 308, 311, 312, 315, 316, 319, 320, 321, 322, 323, 325, 327, 329, 330, 332, 333, 335, 336, 339, 340, 341, 342, 343, 344, 346, 348, 349, 354, 355, 359, 360, 361, 362, 366, 368, 370, 376, 378, 380, 381, 382, 383, 386, 388, 390, 391, 393, 398]
x_214: [1, 3, 6, 12, 13, 14, 15, 16, 19, 21, 22, 23, 26, 30, 31, 32, 33, 39, 40, 42, 43, 45, 48, 50, 52, 53, 56, 57, 60, 61, 62, 64, 66, 72, 75, 77, 80, 82, 83, 86, 87, 88, 90, 92, 96, 98, 99, 100, 105, 106, 107, 109, 110, 112, 113, 117, 119, 120, 121, 123, 124, 128, 129, 130, 131, 132, 140, 141, 142, 143, 144, 145, 147, 148, 149, 151, 152, 154, 156, 157, 158, 159, 162, 163, 164, 166, 169, 170, 171, 173, 176, 177, 178, 179, 181, 182, 184, 185, 189, 190, 191, 192, 193, 195, 196, 197, 199, 200, 201, 202, 203, 205, 206, 208, 209, 210, 212, 215, 221, 226, 227, 228, 229, 230, 234, 235, 236, 237, 239, 243, 244, 245, 247, 248, 249, 250, 251, 252, 254, 256, 257, 259, 261, 264, 265, 266, 267, 269, 270, 273, 274, 276, 277, 278, 279, 280, 284, 286, 287, 288, 289, 291, 295, 296, 298, 299, 300, 301, 302, 303, 304, 307, 311, 312, 313, 315, 316, 320, 321, 322, 323, 325, 327, 329, 331, 332, 335, 338, 340, 342, 343, 344, 346, 349, 353, 354, 357, 359, 360, 361, 362, 366, 367, 369, 370, 371, 374, 376, 377, 378, 380, 381, 382, 383, 386, 387, 388, 390, 398, 400]
x_215: [1, 6, 12, 13, 14, 15, 16, 19, 21, 22, 23, 26, 30, 31, 36, 39, 40, 42, 43, 45, 46, 47, 48, 50, 51, 52, 53, 56, 57, 60, 61, 62, 65, 66, 72, 75, 77, 80, 82, 83, 86, 88, 90, 92, 96, 98, 99, 100, 105, 106, 107, 110, 111, 112, 113, 114, 117, 119, 120, 121, 122, 123, 124, 128, 129, 130, 131, 132, 134, 138, 141, 142, 143, 144, 145, 149, 151, 152, 154, 157, 158, 159, 161, 162, 163, 164, 166, 169, 170, 171, 173, 176, 177, 178, 180, 181, 182, 184, 185, 189, 190, 191, 192, 195, 196, 197, 199, 200, 201, 203, 205, 206, 208, 209, 210, 211, 212, 214, 221, 225, 226, 227, 228, 230, 234, 236, 237, 239, 243, 244, 245, 247, 248, 249, 250, 251, 252, 254, 256, 257, 259, 260, 261, 264, 265, 266, 267, 269, 270, 273, 274, 275, 276, 277, 278, 280, 284, 286, 287, 288, 289, 291, 295, 296, 298, 299, 300, 301, 302, 303, 304, 307, 311, 312, 313, 315, 319, 320, 321, 322, 323, 325, 327, 329, 332, 335, 337, 338, 339, 340, 343, 344, 346, 349, 353, 354, 355, 357, 359, 360, 361, 366, 367, 368, 369, 370, 371, 374, 376, 377, 378, 380, 382, 386, 387, 388, 390, 393, 398, 400]
x_216: [1, 5, 6, 8, 10, 12, 13, 14, 15, 21, 22, 23, 26, 27, 31, 32, 33, 37, 39, 40, 41, 42, 43, 45, 46, 47, 48, 50, 51, 54, 56, 57, 58, 60, 62, 64, 65, 72, 75, 77, 78, 80, 83, 84, 86, 87, 88, 89, 90, 92, 93, 98, 99, 100, 104, 105, 109, 110, 111, 112, 116, 117, 120, 121, 122, 123, 124, 127, 128, 130, 131, 132, 133, 135, 138, 141, 142, 143, 144, 145, 147, 148, 151, 152, 154, 156, 157, 158, 159, 160, 161, 162, 163, 166, 168, 170, 171, 173, 174, 175, 176, 178, 179, 180, 181, 182, 189, 190, 191, 192, 193, 196, 200, 201, 202, 205, 206, 208, 209, 211, 212, 217, 218, 224, 226, 227, 228, 230, 233, 235, 236, 237, 243, 245, 247, 249, 250, 252, 254, 260, 261, 264, 266, 267, 269, 273, 274, 275, 277, 278, 279, 287, 289, 296, 298, 301, 302, 304, 307, 311, 312, 313, 315, 316, 317, 320, 324, 325, 327, 329, 331, 332, 335, 337, 338, 339, 340, 342, 343, 344, 349, 354, 355, 357, 359, 360, 361, 362, 366, 367, 368, 370, 374, 376, 377, 378, 379, 380, 381, 382, 383, 386, 388, 389, 390, 392, 393, 394, 395, 400]
x_217: [1, 3, 5, 6, 8, 10, 12, 13, 14, 15, 16, 21, 22, 23, 26, 27, 31, 32, 33, 36, 37, 39, 40, 41, 42, 43, 45, 46, 47, 50, 51, 54, 56, 57, 58, 60, 61, 62, 64, 65, 72, 75, 77, 78, 80, 83, 84, 87, 88, 89, 90, 92, 93, 96, 98, 100, 104, 105, 107, 109, 110, 111, 112, 114, 116, 117, 119, 120, 121, 122, 123, 124, 127, 128, 129, 130, 131, 133, 134, 135, 138, 140, 141, 142, 143, 145, 147, 149, 151, 152, 154, 156, 157, 159, 160, 161, 162, 163, 164, 166, 168, 169, 170, 171, 173, 174, 175, 176, 177, 178, 179, 180, 181, 182, 189, 190, 193, 195, 196, 197, 200, 202, 206, 208, 209, 211, 212, 216, 218, 224, 226, 227, 229, 230, 233, 234, 235, 236, 237, 243, 244, 247, 249, 250, 252, 254, 260, 261, 264, 266, 267, 270, 273, 274, 277, 278, 279, 280, 287, 288, 289, 295, 296, 298, 301, 302, 304, 307, 311, 312, 313, 315, 316, 317, 319, 322, 323, 324, 327, 329, 331, 332, 335, 337, 338, 339, 340, 342, 344, 346, 354, 355, 357, 359, 360, 361, 362, 366, 367, 368, 370, 371, 374, 376, 377, 378, 379, 380, 381, 382, 383, 386, 388, 389, 390, 392, 394, 395, 398, 400]
x_218: [1, 3, 5, 6, 8, 10, 14, 15, 16, 21, 22, 23, 27, 31, 32, 33, 36, 37, 39, 40, 41, 42, 43, 45, 46, 47, 51, 54, 56, 57, 58, 60, 61, 64, 72, 77, 78, 80, 83, 84, 86, 87, 88, 89, 90, 92, 93, 96, 98, 99, 100, 104, 105, 107, 110, 111, 114, 116, 119, 121, 122, 123, 124, 127, 128, 129, 130, 131, 132, 133, 134, 135, 138, 141, 142, 144, 145, 147, 149, 151, 152, 154, 156, 157, 158, 159, 160, 162, 163, 164, 166, 168, 169, 170, 171, 173, 174, 175, 176, 177, 178, 180, 182, 184, 189, 190, 191, 192, 193, 195, 196, 197, 200, 201, 202, 205, 206, 208, 210, 211, 212, 216, 217, 224, 226, 228, 229, 230, 233, 234, 235, 236, 237, 243, 244, 245, 247, 249, 250, 252, 254, 260, 261, 264, 266, 267, 269, 270, 273, 275, 277, 278, 279, 287, 288, 289, 295, 296, 298, 301, 304, 307, 311, 312, 313, 315, 316, 319, 320, 321, 322, 323, 324, 325, 327, 329, 332, 335, 337, 338, 339, 340, 343, 344, 346, 354, 357, 359, 360, 361, 362, 366, 367, 368, 371, 374, 376, 377, 378, 379, 380, 381, 382, 383, 386, 388, 389, 390, 392, 393, 394, 395, 398]
x_219: [2, 3, 6, 12, 13, 14, 15, 16, 18, 21, 22, 23, 24, 26, 31, 32, 36, 38, 39, 40, 42, 43, 44, 45, 46, 47, 48, 50, 56, 57, 59, 60, 61, 62, 64, 65, 67, 72, 73, 74, 76, 80, 81, 83, 85, 86, 88, 90, 94, 96, 97, 98, 99, 105, 107, 109, 110, 111, 112, 114, 115, 117, 119, 121, 123, 124, 128, 129, 131, 132, 134, 139, 140, 141, 142, 143, 144, 145, 147, 148, 151, 152, 153, 154, 156, 157, 158, 159, 161, 163, 164, 166, 169, 170, 171, 173, 176, 177, 178, 179, 180, 181, 182, 184, 189, 190, 191, 192, 193, 196, 197, 200, 201, 202, 205, 206, 208, 209, 210, 211, 212, 220, 226, 227, 228, 229, 230, 233, 234, 235, 236, 241, 243, 244, 245, 247, 249, 250, 252, 253, 254, 260, 261, 264, 266, 267, 269, 270, 273, 275, 277, 278, 280, 287, 288, 289, 294, 295, 296, 298, 302, 304, 307, 311, 312, 314, 315, 316, 317, 319, 320, 321, 322, 323, 325, 327, 328, 329, 332, 334, 335, 337, 338, 339, 340, 342, 343, 344, 346, 349, 350, 351, 354, 355, 357, 358, 359, 360, 361, 362, 363, 366, 367, 368, 370, 371, 374, 375, 376, 377, 378, 380, 381, 382, 383, 386, 388, 390, 393, 399, 400]
x_220: [1, 2, 3, 6, 12, 13, 14, 15, 16, 18, 21, 22, 24, 31, 32, 33, 36, 38, 39, 40, 42, 44, 45, 46, 47, 48, 50, 51, 56, 57, 59, 60, 61, 62, 65, 67, 72, 73, 74, 75, 76, 77, 80, 81, 83, 85, 86, 87, 88, 92, 94, 97, 98, 99, 100, 105, 107, 109, 111, 112, 114, 115, 117, 119, 120, 121, 122, 123, 124, 128, 129, 130, 131, 132, 134, 138, 139, 140, 141, 142, 143, 144, 145, 151, 152, 153, 154, 156, 157, 158, 159, 162, 164, 166, 169, 170, 171, 173, 176, 177, 179, 180, 181, 182, 184, 189, 190, 191, 192, 193, 195, 196, 201, 202, 205, 206, 209, 210, 211, 212, 219, 225, 227, 228, 229, 230, 233, 234, 235, 236, 237, 241, 244, 245, 247, 249, 252, 253, 254, 260, 261, 264, 266, 267, 269, 270, 273, 274, 275, 277, 279, 280, 287, 289, 294, 296, 298, 301, 304, 307, 312, 313, 314, 315, 316, 317, 319, 321, 322, 323, 325, 327, 328, 329, 331, 332, 334, 335, 337, 338, 339, 340, 342, 343, 344, 346, 349, 350, 351, 354, 355, 357, 358, 359, 360, 361, 362, 363, 366, 367, 368, 370, 371, 374, 375, 376, 377, 378, 380, 381, 382, 383, 386, 390, 393, 399, 400]
x_221: [3, 6, 12, 13, 15, 16, 19, 21, 22, 23, 26, 30, 32, 33, 36, 40, 42, 43, 46, 47, 48, 50, 51, 52, 53, 56, 60, 61, 62, 64, 65, 66, 72, 75, 77, 80, 82, 83, 86, 87, 88, 90, 92, 96, 98, 100, 105, 106, 107, 110, 111, 112, 113, 117, 119, 120, 121, 122, 128, 129, 130, 131, 132, 134, 138, 140, 141, 143, 144, 145, 147, 149, 151, 152, 154, 156, 157, 158, 159, 161, 163, 164, 166, 169, 170, 171, 173, 176, 177, 179, 180, 181, 182, 184, 185, 189, 191, 192, 193, 196, 197, 199, 200, 201, 203, 205, 206, 209, 210, 212, 214, 215, 225, 226, 227, 228, 229, 230, 233, 234, 235, 236, 237, 239, 243, 244, 245, 247, 248, 249, 250, 251, 252, 254, 256, 257, 259, 260, 261, 265, 266, 267, 269, 273, 274, 275, 276, 277, 279, 280, 284, 286, 287, 288, 289, 291, 298, 299, 300, 301, 302, 303, 304, 307, 311, 312, 313, 315, 316, 317, 319, 320, 322, 323, 329, 331, 332, 335, 337, 338, 339, 343, 346, 349, 353, 354, 355, 357, 359, 360, 361, 366, 367, 368, 369, 371, 374, 376, 377, 378, 380, 382, 383, 386, 387, 388, 390, 398, 400]
x_222: [1, 3, 6, 7, 9, 11, 13, 14, 15, 16, 20, 21, 22, 23, 25, 26, 29, 31, 32, 33, 36, 39, 42, 43, 45, 46, 48, 49, 50, 51, 56, 57, 60, 61, 62, 65, 69, 70, 75, 77, 80, 83, 86, 87, 90, 92, 96, 99, 105, 109, 110, 111, 112, 114, 117, 119, 120, 121, 122, 123, 124, 125, 126, 128, 129, 130, 131, 132, 134, 137, 138, 140, 141, 143, 144, 145, 146, 147, 148, 149, 151, 152, 154, 156, 157, 158, 161, 164, 166, 170, 171, 172, 173, 176, 177, 179, 180, 181, 182, 184, 187, 188, 189, 190, 191, 192, 193, 195, 196, 197, 200, 201, 202, 205, 206, 208, 209, 210, 211, 212, 223, 225, 226, 227, 233, 234, 235, 236, 237, 243, 244, 245, 246, 247, 249, 250, 252, 260, 264, 269, 270, 271, 274, 277, 279, 280, 281, 285, 287, 288, 292, 295, 296, 298, 301, 302, 304, 305, 307, 311, 312, 313, 315, 316, 317, 318, 319, 320, 321, 322, 323, 325, 329, 331, 332, 335, 337, 338, 339, 340, 342, 343, 344, 345, 346, 352, 354, 357, 359, 360, 361, 362, 364, 366, 367, 368, 370, 371, 373, 374, 377, 378, 381, 383, 385, 386, 390, 393, 396, 398]
x_223: [1, 3, 7, 9, 11, 12, 13, 14, 15, 16, 20, 21, 22, 23, 25, 26, 29, 32, 33, 36, 40, 42, 43, 45, 46, 47, 49, 51, 57, 60, 65, 69, 70, 72, 75, 80, 83, 86, 87, 88, 90, 92, 96, 99, 100, 105, 109, 110, 111, 112, 114, 117, 119, 120, 121, 123, 125, 126, 128, 129, 131, 132, 137, 138, 140, 142, 143, 144, 145, 146, 147, 148, 149, 152, 154, 157, 158, 159, 162, 163, 164, 166, 169, 170, 171, 172, 173, 177, 178, 179, 180, 181, 182, 184, 187, 188, 191, 192, 193, 195, 196, 197, 200, 201, 202, 205, 206, 208, 209, 210, 211, 212, 222, 225, 227, 228, 229, 230, 233, 234, 235, 236, 243, 246, 250, 252, 260, 266, 270, 271, 273, 274, 275, 277, 278, 279, 280, 281, 285, 287, 288, 289, 292, 296, 302, 304, 305, 307, 311, 312, 313, 315, 316, 317, 318, 319, 320, 321, 322, 323, 325, 327, 329, 331, 332, 335, 337, 338, 339, 340, 342, 344, 345, 346, 349, 352, 354, 355, 359, 360, 361, 362, 364, 366, 367, 371, 373, 376, 377, 378, 380, 381, 382, 383, 385, 388, 390, 393, 396, 398, 400]
x_224: [1, 3, 5, 6, 8, 10, 12, 13, 16, 21, 22, 23, 26, 27, 31, 32, 33, 36, 37, 39, 40, 41, 42, 43, 46, 47, 48, 50, 51, 54, 56, 57, 58, 60, 61, 62, 64, 72, 75, 77, 78, 80, 83, 84, 86, 88, 89, 90, 92, 93, 96, 98, 99, 100, 104, 105, 107, 109, 110, 111, 112, 114, 116, 117, 119, 120, 121, 123, 124, 127, 130, 131, 132, 133, 134, 135, 138, 140, 141, 142, 144, 145, 147, 148, 151, 152, 154, 156, 157, 158, 159, 160, 161, 162, 163, 164, 166, 168, 169, 170, 173, 174, 175, 176, 177, 178, 179, 180, 182, 184, 189, 190, 191, 192, 195, 196, 197, 200, 201, 202, 205, 206, 209, 210, 211, 212, 216, 217, 218, 225, 226, 227, 230, 233, 235, 236, 243, 244, 245, 247, 249, 250, 252, 254, 260, 261, 264, 266, 269, 270, 273, 274, 277, 278, 279, 287, 288, 289, 295, 296, 298, 301, 302, 304, 307, 311, 312, 313, 315, 316, 317, 319, 320, 321, 322, 324, 325, 327, 329, 331, 332, 337, 338, 339, 340, 342, 343, 344, 349, 354, 355, 357, 359, 360, 361, 362, 366, 368, 370, 371, 374, 376, 378, 379, 380, 382, 383, 386, 388, 389, 390, 392, 393, 394, 395, 398, 400]
x_225: [2, 4, 5, 6, 7, 8, 9, 10, 11, 17, 18, 20, 22, 24, 25, 26, 27, 29, 30, 35, 37, 38, 41, 44, 45, 47, 49, 52, 53, 58, 59, 66, 67, 68, 69, 70, 71, 74, 76, 78, 81, 82, 84, 85, 87, 91, 93, 94, 95, 96, 97, 101, 102, 104, 106, 108, 110, 113, 115, 116, 118, 121, 125, 127, 133, 135, 136, 137, 138, 139, 141, 149, 150, 153, 155, 160, 162, 164, 165, 168, 169, 170, 172, 174, 175, 183, 186, 187, 188, 194, 198, 199, 202, 203, 207, 213, 215, 220, 221, 222, 223, 224, 231, 235, 237, 238, 239, 240, 241, 242, 246, 248, 251, 252, 253, 255, 256, 257, 258, 259, 262, 263, 265, 267, 268, 270, 271, 272, 276, 278, 280, 281, 282, 283, 285, 286, 290, 291, 293, 294, 297, 300, 305, 308, 309, 310, 312, 314, 316, 318, 324, 326, 327, 328, 330, 333, 334, 336, 337, 338, 341, 345, 347, 348, 351, 353, 356, 358, 363, 364, 365, 369, 375, 379, 384, 385, 387, 389, 390, 391, 392, 394, 395, 396, 399]
x_226: [2, 4, 5, 7, 9, 10, 11, 17, 18, 19, 20, 24, 25, 27, 28, 29, 30, 31, 34, 35, 36, 37, 38, 40, 41, 44, 52, 53, 54, 55, 58, 59, 63, 66, 67, 68, 69, 70, 71, 73, 74, 76, 78, 82, 84, 85, 89, 91, 93, 95, 100, 101, 102, 103, 104, 106, 108, 113, 115, 116, 117, 118, 124, 125, 126, 127, 128, 130, 133, 135, 137, 139, 142, 143, 145, 146, 150, 155, 156, 158, 160, 168, 173, 174, 175, 176, 179, 183, 185, 187, 188, 192, 194, 196, 198, 199, 204, 205, 208, 213, 214, 215, 216, 217, 218, 219, 221, 222, 224, 231, 232, 233, 238, 240, 241, 242, 246, 248, 251, 253, 255, 256, 257, 258, 259, 262, 263, 265, 268, 272, 275, 282, 283, 284, 286, 287, 290, 291, 292, 293, 296, 297, 299, 300, 303, 305, 306, 308, 309, 310, 319, 322, 324, 326, 330, 333, 334, 336, 341, 345, 347, 348, 350, 351, 352, 353, 355, 356, 358, 363, 364, 365, 368, 369, 373, 379, 380, 384, 387, 389, 391, 392, 393, 395, 396, 397, 399]
x_227: [2, 4, 5, 7, 8, 10, 11, 13, 14, 17, 18, 20, 23, 24, 27, 28, 29, 30, 34, 35, 38, 41, 44, 49, 50, 54, 55, 59, 60, 63, 64, 66, 67, 68, 69, 70, 71, 73, 74, 78, 81, 82, 84, 85, 89, 91, 93, 94, 95, 97, 101, 102, 103, 104, 108, 112, 113, 115, 116, 118, 125, 126, 127, 129, 133, 135, 136, 139, 144, 146, 150, 154, 155, 160, 165, 167, 168, 172, 174, 175, 181, 183, 185, 186, 187, 188, 194, 198, 199, 200, 203, 204, 213, 214, 215, 216, 217, 219, 220, 221, 222, 223, 224, 229, 231, 234, 238, 239, 241, 245, 248, 253, 255, 256, 257, 258, 259, 262, 263, 264, 265, 268, 271, 272, 276, 279, 281, 282, 283, 284, 285, 286, 288, 290, 291, 293, 294, 295, 300, 303, 305, 308, 309, 310, 314, 318, 321, 324, 328, 330, 333, 335, 340, 341, 343, 344, 345, 347, 348, 350, 352, 353, 357, 358, 360, 362, 363, 365, 369, 372, 373, 375, 377, 378, 379, 385, 387, 389, 391, 392, 394, 395, 396, 397]
x_228: [4, 5, 7, 8, 9, 11, 12, 15, 18, 19, 20, 24, 25, 27, 28, 29, 30, 34, 35, 37, 38, 41, 43, 44, 52, 54, 55, 56, 58, 59, 61, 63, 66, 67, 68, 69, 70, 71, 72, 73, 74, 76, 78, 79, 80, 81, 82, 84, 85, 89, 90, 91, 93, 94, 95, 97, 102, 103, 104, 106, 108, 113, 115, 116, 118, 122, 125, 126, 127, 131, 133, 136, 137, 139, 146, 150, 153, 155, 157, 160, 163, 165, 167, 168, 172, 174, 175, 177, 180, 182, 183, 187, 188, 190, 193, 194, 198, 199, 203, 204, 207, 213, 214, 215, 216, 218, 219, 220, 221, 223, 230, 231, 232, 238, 239, 240, 241, 242, 248, 253, 255, 256, 257, 258, 259, 262, 263, 265, 271, 276, 277, 282, 283, 284, 285, 286, 290, 291, 292, 293, 294, 297, 298, 300, 302, 303, 305, 306, 308, 309, 313, 314, 318, 320, 324, 326, 328, 330, 333, 334, 336, 341, 342, 345, 347, 348, 350, 352, 353, 354, 356, 358, 359, 364, 365, 367, 369, 371, 374, 375, 379, 382, 384, 387, 389, 391, 392, 394, 396, 397, 399]
x_229: [2, 5, 8, 10, 11, 13, 14, 17, 19, 20, 23, 24, 25, 27, 28, 29, 30, 34, 35, 38, 41, 44, 50, 52, 53, 54, 55, 58, 59, 60, 63, 64, 66, 67, 68, 70, 71, 73, 74, 76, 78, 79, 82, 85, 89, 93, 94, 95, 101, 102, 103, 104, 106, 108, 112, 113, 116, 125, 126, 129, 133, 135, 136, 137, 139, 144, 146, 150, 153, 154, 155, 160, 165, 167, 168, 172, 174, 175, 181, 185, 186, 187, 188, 198, 200, 203, 204, 213, 214, 217, 218, 219, 220, 221, 223, 227, 231, 234, 238, 239, 240, 241, 242, 245, 246, 248, 251, 253, 256, 257, 258, 259, 262, 263, 264, 265, 268, 272, 276, 279, 281, 282, 283, 284, 286, 288, 290, 291, 292, 295, 297, 299, 300, 303, 305, 306, 309, 310, 314, 318, 321, 333, 334, 335, 336, 340, 341, 343, 344, 345, 347, 348, 350, 351, 352, 353, 356, 357, 358, 360, 362, 363, 364, 365, 372, 373, 375, 377, 378, 384, 385, 387, 391, 392, 394, 397, 399]
x_230: [2, 5, 7, 8, 9, 10, 11, 12, 15, 17, 18, 19, 20, 24, 27, 29, 34, 35, 37, 38, 41, 43, 44, 52, 54, 56, 58, 59, 61, 63, 66, 67, 68, 69, 70, 72, 73, 74, 76, 78, 79, 80, 81, 82, 84, 85, 89, 90, 91, 93, 94, 101, 102, 103, 104, 106, 108, 113, 116, 118, 122, 125, 126, 127, 131, 133, 135, 136, 137, 139, 146, 150, 153, 157, 160, 163, 165, 167, 168, 172, 174, 175, 177, 180, 182, 183, 186, 187, 188, 190, 193, 194, 198, 199, 204, 213, 214, 215, 216, 217, 218, 219, 220, 221, 223, 224, 228, 231, 232, 238, 239, 240, 241, 246, 248, 251, 253, 255, 256, 257, 259, 262, 263, 268, 272, 276, 277, 281, 282, 283, 284, 285, 286, 290, 291, 292, 293, 294, 298, 299, 300, 302, 303, 305, 306, 308, 310, 313, 314, 318, 320, 324, 326, 328, 330, 334, 336, 341, 342, 345, 347, 348, 350, 351, 352, 353, 354, 356, 358, 359, 363, 364, 365, 367, 371, 372, 373, 374, 375, 382, 384, 385, 387, 389, 391, 392, 394, 395, 396, 397, 399]
x_231: [3, 6, 12, 13, 14, 15, 16, 17, 22, 23, 26, 31, 32, 34, 36, 39, 40, 42, 43, 45, 46, 47, 48, 50, 51, 56, 57, 60, 61, 62, 63, 64, 65, 68, 75, 77, 79, 80, 83, 86, 87, 88, 90, 91, 92, 96, 98, 99, 101, 105, 108, 109, 110, 111, 112, 114, 117, 118, 119, 120, 121, 122, 123, 124, 128, 129, 130, 131, 132, 136, 138, 140, 142, 143, 144, 145, 147, 148, 149, 151, 154, 155, 156, 157, 158, 161, 162, 163, 165, 166, 177, 178, 179, 180, 181, 182, 184, 186, 189, 192, 195, 196, 197, 198, 200, 201, 202, 204, 205, 206, 208, 209, 210, 211, 212, 225, 226, 227, 228, 229, 230, 233, 234, 235, 236, 237, 238, 240, 243, 244, 245, 249, 250, 254, 255, 260, 261, 264, 266, 267, 269, 270, 272, 273, 274, 275, 277, 278, 279, 280, 282, 283, 287, 288, 289, 295, 296, 298, 301, 302, 304, 307, 309, 310, 315, 316, 317, 319, 321, 322, 323, 325, 326, 327, 329, 332, 335, 337, 338, 339, 340, 342, 344, 346, 347, 349, 354, 355, 356, 359, 360, 361, 362, 365, 366, 367, 368, 370, 371, 372, 374, 377, 378, 380, 381, 384, 386, 393, 397, 398, 400]
x_232: [1, 3, 4, 6, 12, 13, 15, 16, 21, 22, 23, 26, 28, 31, 35, 36, 39, 40, 42, 43, 45, 46, 48, 50, 51, 55, 56, 57, 60, 62, 64, 71, 72, 75, 80, 83, 87, 88, 90, 95, 96, 98, 99, 100, 102, 103, 107, 109, 110, 114, 119, 120, 121, 123, 124, 129, 130, 131, 132, 134, 140, 141, 142, 143, 144, 145, 147, 149, 150, 151, 156, 158, 159, 161, 162, 163, 164, 166, 167, 169, 170, 171, 173, 176, 177, 178, 179, 181, 182, 183, 184, 189, 190, 191, 192, 193, 194, 195, 196, 197, 200, 201, 202, 206, 207, 208, 209, 210, 212, 213, 226, 228, 230, 233, 234, 235, 236, 237, 242, 243, 244, 245, 247, 249, 250, 252, 258, 260, 261, 262, 263, 264, 266, 267, 268, 269, 270, 274, 275, 278, 279, 280, 287, 288, 289, 290, 293, 295, 296, 297, 298, 302, 304, 306, 307, 308, 311, 312, 313, 315, 316, 317, 319, 321, 322, 323, 325, 327, 329, 330, 331, 332, 333, 335, 336, 337, 338, 339, 340, 341, 343, 344, 348, 349, 354, 357, 359, 361, 362, 366, 368, 370, 371, 376, 378, 380, 381, 382, 383, 386, 388, 390, 391, 393, 398, 400]
x_233: [2, 4, 5, 7, 8, 10, 11, 17, 18, 19, 20, 24, 25, 28, 30, 31, 34, 36, 37, 38, 40, 41, 49, 52, 53, 54, 55, 58, 59, 63, 66, 69, 70, 71, 73, 74, 76, 78, 79, 82, 84, 85, 89, 91, 93, 94, 95, 97, 100, 101, 102, 103, 104, 108, 113, 115, 116, 117, 124, 126, 127, 128, 130, 136, 137, 142, 143, 145, 146, 150, 153, 155, 156, 158, 160, 167, 168, 172, 173, 174, 175, 176, 179, 185, 186, 187, 188, 192, 196, 198, 199, 203, 204, 205, 207, 208, 213, 216, 217, 218, 219, 220, 221, 222, 223, 224, 226, 231, 232, 238, 239, 240, 241, 242, 246, 248, 251, 255, 256, 257, 258, 259, 262, 263, 265, 271, 272, 275, 276, 281, 282, 283, 284, 285, 286, 287, 290, 291, 292, 294, 296, 299, 303, 305, 308, 309, 310, 314, 318, 319, 322, 324, 326, 328, 330, 333, 336, 341, 345, 347, 348, 351, 352, 353, 355, 356, 363, 364, 365, 368, 369, 372, 373, 375, 379, 380, 384, 385, 387, 389, 391, 392, 393, 394, 397, 399]
x_234: [2, 4, 5, 7, 8, 9, 10, 11, 13, 14, 17, 18, 19, 23, 24, 25, 27, 28, 29, 30, 34, 35, 37, 38, 41, 44, 50, 52, 54, 55, 58, 59, 60, 63, 64, 66, 67, 68, 69, 70, 71, 73, 74, 76, 78, 79, 82, 84, 85, 91, 93, 94, 97, 101, 102, 103, 104, 108, 112, 113, 115, 116, 118, 125, 126, 127, 129, 133, 135, 136, 137, 139, 144, 146, 153, 154, 155, 160, 165, 167, 168, 172, 174, 175, 181, 183, 185, 186, 188, 194, 198, 199, 200, 204, 207, 213, 214, 215, 217, 218, 219, 220, 221, 222, 223, 227, 229, 231, 232, 238, 239, 240, 241, 242, 245, 246, 251, 253, 255, 256, 257, 258, 259, 262, 263, 264, 265, 268, 272, 276, 279, 281, 282, 283, 284, 288, 290, 291, 292, 293, 294, 295, 297, 300, 303, 305, 306, 308, 310, 314, 318, 321, 324, 326, 328, 330, 333, 334, 335, 336, 340, 341, 343, 344, 345, 348, 350, 351, 352, 353, 356, 357, 360, 362, 363, 364, 369, 373, 375, 377, 378, 379, 384, 385, 387, 389, 391, 394, 395, 396, 397, 399]
x_235: [2, 4, 5, 6, 7, 8, 9, 10, 11, 17, 19, 20, 22, 24, 25, 26, 27, 28, 29, 30, 34, 35, 37, 38, 41, 45, 47, 49, 53, 54, 58, 59, 66, 67, 68, 69, 70, 71, 73, 74, 76, 78, 79, 81, 82, 84, 87, 89, 91, 93, 94, 95, 96, 97, 101, 102, 103, 104, 106, 108, 110, 113, 115, 116, 118, 121, 125, 126, 133, 135, 136, 137, 138, 139, 141, 146, 149, 153, 155, 162, 164, 167, 168, 169, 170, 172, 175, 183, 185, 186, 187, 188, 194, 199, 202, 204, 213, 214, 216, 217, 218, 219, 220, 221, 222, 223, 224, 225, 231, 232, 237, 238, 239, 240, 241, 242, 246, 248, 251, 252, 255, 256, 257, 258, 259, 262, 263, 265, 267, 268, 270, 271, 272, 276, 278, 280, 282, 283, 284, 285, 291, 292, 294, 297, 300, 303, 305, 306, 308, 309, 310, 312, 314, 316, 318, 324, 326, 327, 328, 330, 333, 334, 336, 337, 338, 341, 352, 353, 356, 358, 363, 364, 365, 369, 372, 379, 384, 385, 387, 389, 390, 391, 394, 395, 396, 397, 399]
x_236: [1, 2, 4, 5, 7, 8, 9, 10, 11, 17, 19, 20, 24, 25, 27, 28, 29, 30, 34, 35, 37, 38, 41, 42, 46, 48, 49, 52, 54, 55, 58, 59, 63, 67, 68, 69, 70, 71, 73, 74, 76, 77, 78, 79, 81, 82, 84, 85, 89, 91, 93, 94, 95, 97, 99, 101, 102, 103, 104, 106, 107, 108, 109, 111, 113, 115, 116, 118, 125, 126, 127, 132, 133, 134, 135, 137, 139, 146, 148, 150, 153, 155, 160, 161, 165, 167, 168, 172, 174, 175, 183, 184, 185, 186, 187, 188, 191, 194, 198, 199, 201, 204, 207, 209, 210, 211, 213, 214, 215, 216, 217, 218, 219, 220, 221, 222, 223, 224, 231, 232, 238, 240, 241, 246, 248, 250, 251, 253, 255, 256, 257, 258, 259, 260, 261, 263, 265, 266, 268, 271, 274, 276, 282, 284, 285, 286, 291, 292, 294, 297, 299, 300, 301, 305, 306, 307, 308, 309, 310, 314, 315, 324, 328, 330, 331, 333, 334, 336, 341, 345, 348, 350, 352, 358, 363, 364, 365, 369, 372, 373, 375, 379, 384, 387, 388, 389, 391, 392, 394, 396, 397, 399]
x_237: [2, 4, 5, 6, 7, 8, 10, 11, 17, 19, 20, 22, 24, 25, 26, 27, 28, 29, 30, 35, 37, 38, 41, 44, 45, 47, 52, 53, 54, 58, 63, 66, 67, 68, 70, 71, 73, 74, 76, 78, 81, 82, 84, 85, 87, 89, 91, 93, 94, 95, 96, 97, 101, 102, 103, 106, 110, 113, 115, 116, 118, 121, 125, 126, 127, 135, 136, 138, 139, 141, 146, 149, 153, 155, 160, 162, 164, 165, 167, 168, 169, 170, 172, 174, 175, 183, 185, 186, 187, 188, 194, 198, 199, 202, 203, 204, 213, 214, 215, 216, 217, 218, 220, 221, 222, 225, 231, 232, 235, 238, 239, 240, 241, 242, 246, 248, 251, 252, 253, 255, 256, 257, 258, 259, 262, 263, 265, 267, 268, 270, 271, 272, 276, 278, 280, 281, 282, 283, 284, 285, 286, 290, 291, 292, 293, 294, 297, 300, 305, 306, 308, 309, 310, 312, 314, 316, 318, 324, 326, 327, 328, 330, 333, 334, 336, 337, 338, 341, 345, 347, 348, 350, 351, 352, 353, 356, 358, 363, 364, 365, 369, 372, 373, 379, 384, 385, 387, 389, 390, 391, 392, 394, 395, 397, 399]
x_238: [1, 6, 12, 13, 14, 15, 16, 17, 21, 26, 31, 32, 33, 34, 36, 39, 40, 42, 43, 45, 47, 48, 50, 56, 57, 63, 64, 65, 68, 72, 75, 79, 80, 83, 87, 88, 90, 91, 92, 96, 98, 99, 100, 101, 105, 107, 108, 111, 112, 114, 117, 118, 119, 120, 122, 123, 128, 129, 130, 131, 132, 134, 136, 138, 140, 141, 142, 143, 145, 147, 148, 149, 151, 152, 154, 155, 156, 157, 158, 161, 162, 163, 164, 165, 166, 169, 170, 171, 173, 176, 177, 178, 179, 180, 181, 182, 184, 186, 189, 190, 191, 192, 193, 195, 196, 198, 200, 201, 202, 204, 205, 206, 209, 210, 211, 212, 225, 226, 227, 228, 229, 230, 231, 233, 234, 235, 236, 237, 240, 244, 245, 247, 249, 250, 252, 254, 255, 261, 264, 266, 267, 269, 270, 272, 273, 275, 277, 278, 279, 280, 282, 283, 288, 289, 295, 296, 298, 301, 302, 307, 309, 310, 311, 312, 316, 317, 319, 320, 321, 322, 323, 325, 326, 327, 329, 331, 332, 335, 338, 339, 340, 342, 344, 346, 347, 349, 356, 357, 359, 360, 361, 362, 365, 366, 367, 368, 370, 371, 372, 376, 377, 378, 380, 384, 388, 390, 393, 397, 398, 400]
x_239: [1, 3, 6, 12, 13, 14, 15, 16, 19, 21, 22, 26, 30, 31, 32, 33, 36, 39, 40, 43, 45, 46, 47, 48, 50, 51, 52, 53, 60, 62, 64, 65, 66, 72, 77, 82, 83, 86, 88, 90, 92, 96, 98, 100, 105, 106, 107, 109, 110, 111, 112, 113, 114, 117, 120, 121, 122, 123, 124, 128, 129, 130, 131, 132, 134, 138, 140, 141, 142, 143, 144, 147, 148, 149, 151, 152, 156, 157, 159, 162, 163, 164, 169, 170, 173, 176, 177, 178, 180, 181, 182, 184, 185, 189, 190, 192, 193, 195, 196, 197, 199, 200, 201, 202, 203, 205, 208, 211, 212, 214, 215, 221, 225, 227, 228, 229, 230, 233, 234, 235, 237, 243, 244, 245, 248, 249, 250, 251, 252, 254, 256, 257, 259, 260, 261, 264, 265, 266, 267, 269, 270, 273, 274, 275, 276, 277, 279, 280, 284, 286, 287, 288, 291, 295, 296, 298, 299, 300, 302, 303, 304, 307, 311, 312, 313, 315, 316, 317, 319, 322, 323, 325, 327, 329, 331, 332, 337, 338, 339, 340, 342, 343, 344, 346, 349, 353, 354, 355, 357, 360, 361, 366, 367, 369, 370, 371, 374, 376, 377, 378, 380, 381, 382, 383, 386, 387, 388, 390, 393, 398, 400]
x_240: [1, 3, 6, 12, 13, 14, 15, 16, 17, 21, 22, 23, 26, 31, 34, 36, 39, 40, 42, 43, 45, 46, 47, 48, 50, 51, 56, 57, 60, 61, 62, 63, 64, 65, 68, 72, 77, 79, 80, 83, 86, 87, 90, 91, 92, 96, 98, 100, 101, 105, 107, 108, 110, 111, 114, 117, 118, 119, 121, 122, 123, 124, 128, 129, 130, 131, 132, 134, 136, 138, 140, 141, 142, 143, 144, 145, 147, 148, 149, 151, 152, 154, 155, 156, 157, 158, 161, 163, 164, 165, 166, 169, 170, 171, 176, 177, 178, 179, 180, 181, 182, 186, 189, 191, 192, 195, 196, 197, 198, 200, 201, 202, 204, 205, 208, 209, 210, 211, 225, 226, 228, 229, 230, 231, 233, 234, 235, 236, 237, 238, 243, 244, 245, 247, 249, 250, 252, 254, 255, 260, 261, 264, 266, 267, 269, 270, 272, 275, 277, 278, 279, 280, 282, 283, 287, 288, 289, 295, 296, 298, 301, 302, 304, 307, 309, 310, 311, 313, 317, 319, 320, 321, 322, 325, 326, 327, 329, 331, 332, 335, 337, 339, 340, 342, 343, 344, 346, 347, 349, 354, 355, 356, 357, 359, 360, 361, 362, 365, 366, 367, 368, 370, 371, 372, 374, 376, 377, 378, 380, 381, 383, 384, 386, 390, 393, 397, 398]
x_241: [1, 2, 6, 12, 13, 14, 15, 16, 18, 21, 22, 23, 24, 26, 31, 32, 33, 36, 38, 39, 40, 42, 43, 44, 45, 46, 47, 48, 51, 56, 57, 59, 60, 62, 64, 65, 67, 72, 73, 74, 75, 76, 77, 80, 81, 83, 85, 86, 94, 97, 98, 100, 105, 107, 110, 111, 112, 114, 115, 117, 119, 120, 121, 122, 123, 128, 129, 130, 132, 134, 138, 139, 140, 141, 142, 143, 144, 147, 148, 151, 152, 153, 156, 157, 158, 159, 161, 162, 163, 164, 169, 170, 171, 176, 177, 178, 179, 180, 181, 184, 189, 190, 191, 192, 193, 195, 196, 197, 200, 202, 205, 208, 209, 210, 211, 219, 220, 225, 226, 227, 228, 229, 230, 233, 234, 235, 236, 237, 243, 244, 245, 249, 250, 252, 253, 254, 260, 261, 264, 267, 269, 270, 273, 274, 275, 277, 278, 279, 280, 287, 288, 289, 294, 296, 298, 301, 302, 304, 311, 313, 314, 316, 317, 319, 320, 325, 327, 328, 331, 332, 334, 335, 337, 338, 342, 343, 344, 346, 349, 350, 351, 354, 355, 357, 358, 359, 361, 362, 363, 366, 367, 368, 370, 374, 375, 376, 377, 378, 380, 382, 383, 386, 390, 393, 398, 399, 400]
x_242: [1, 3, 4, 6, 12, 14, 15, 16, 21, 22, 23, 26, 28, 31, 32, 35, 39, 40, 43, 45, 46, 47, 48, 50, 51, 55, 56, 57, 60, 61, 62, 64, 65, 71, 72, 75, 80, 83, 86, 87, 88, 90, 92, 95, 96, 98, 102, 103, 105, 107, 110, 112, 114, 117, 120, 121, 122, 123, 124, 129, 130, 131, 132, 138, 140, 141, 142, 145, 148, 149, 150, 151, 152, 154, 156, 157, 158, 159, 161, 162, 163, 164, 166, 167, 169, 170, 171, 173, 176, 177, 178, 180, 181, 182, 183, 189, 190, 191, 192, 193, 194, 195, 196, 200, 202, 205, 206, 207, 208, 210, 211, 213, 225, 226, 228, 229, 232, 233, 234, 235, 237, 244, 245, 247, 249, 250, 252, 254, 258, 260, 261, 262, 263, 264, 266, 267, 268, 269, 270, 273, 274, 275, 277, 278, 279, 280, 287, 288, 289, 290, 293, 295, 296, 297, 298, 301, 302, 306, 307, 308, 311, 312, 315, 319, 320, 322, 323, 325, 327, 329, 330, 331, 332, 333, 335, 336, 337, 339, 340, 341, 342, 343, 344, 346, 348, 354, 355, 357, 359, 360, 361, 362, 367, 368, 370, 371, 374, 376, 377, 380, 381, 382, 383, 390, 391, 393, 398, 400]
x_243: [2, 3, 5, 9, 10, 11, 16, 17, 18, 19, 24, 25, 27, 28, 29, 30, 32, 35, 37, 38, 41, 44, 49, 51, 52, 53, 54, 57, 58, 63, 66, 67, 68, 69, 70, 71, 74, 76, 78, 79, 81, 82, 84, 85, 88, 89, 91, 93, 95, 97, 101, 103, 104, 106, 108, 113, 115, 116, 120, 123, 126, 127, 133, 135, 136, 139, 140, 146, 147, 150, 151, 153, 159, 160, 165, 166, 167, 168, 172, 174, 175, 183, 185, 187, 189, 195, 197, 198, 199, 203, 204, 206, 207, 212, 213, 214, 215, 216, 217, 218, 219, 221, 222, 223, 224, 231, 232, 239, 240, 241, 244, 248, 251, 253, 256, 259, 262, 263, 265, 268, 269, 271, 272, 276, 281, 283, 284, 285, 289, 290, 291, 292, 293, 297, 299, 300, 303, 304, 305, 306, 308, 309, 310, 314, 318, 328, 330, 332, 333, 334, 336, 339, 341, 345, 346, 347, 348, 349, 350, 351, 352, 353, 358, 363, 365, 366, 369, 370, 372, 373, 379, 383, 384, 385, 387, 389, 391, 392, 394, 395, 396, 397, 398, 399]
x_244: [2, 3, 5, 7, 8, 9, 10, 11, 16, 17, 18, 24, 25, 27, 29, 30, 32, 34, 35, 37, 38, 41, 44, 49, 51, 52, 53, 54, 57, 58, 59, 63, 66, 67, 68, 69, 70, 71, 73, 76, 78, 79, 81, 82, 84, 85, 88, 89, 91, 93, 94, 97, 101, 102, 103, 106, 108, 113, 115, 116, 118, 120, 123, 125, 126, 127, 133, 135, 136, 137, 139, 140, 146, 147, 151, 153, 155, 159, 160, 165, 166, 167, 168, 172, 174, 175, 183, 185, 186, 187, 189, 194, 195, 197, 198, 199, 203, 204, 206, 207, 212, 213, 214, 215, 217, 218, 219, 220, 221, 222, 224, 231, 232, 238, 239, 240, 241, 242, 243, 246, 253, 255, 256, 257, 258, 262, 263, 268, 269, 271, 272, 276, 282, 283, 284, 285, 286, 289, 292, 293, 294, 297, 299, 300, 303, 304, 305, 306, 308, 309, 310, 314, 318, 324, 326, 328, 332, 333, 334, 336, 339, 341, 345, 346, 347, 348, 349, 350, 351, 352, 353, 356, 358, 363, 366, 369, 370, 372, 373, 375, 379, 383, 384, 385, 387, 389, 391, 392, 395, 396, 397, 398]
x_245: [2, 4, 5, 7, 8, 10, 11, 13, 14, 17, 18, 19, 20, 23, 24, 25, 27, 28, 29, 30, 34, 35, 37, 41, 44, 50, 52, 54, 55, 58, 59, 60, 63, 64, 66, 67, 68, 69, 70, 71, 73, 74, 78, 79, 81, 84, 85, 91, 93, 94, 95, 97, 101, 102, 103, 106, 108, 112, 113, 115, 116, 118, 125, 126, 127, 129, 133, 135, 137, 144, 146, 150, 153, 154, 155, 160, 165, 167, 172, 174, 175, 181, 185, 186, 187, 194, 198, 199, 200, 203, 204, 207, 213, 214, 215, 216, 218, 219, 220, 221, 222, 224, 227, 229, 231, 232, 234, 238, 239, 240, 241, 242, 248, 251, 253, 255, 256, 257, 258, 259, 262, 264, 265, 268, 271, 272, 276, 279, 282, 283, 284, 285, 286, 288, 290, 291, 292, 293, 295, 297, 300, 303, 305, 306, 308, 309, 310, 318, 321, 324, 326, 328, 330, 333, 334, 335, 336, 340, 341, 343, 344, 345, 347, 348, 350, 351, 352, 353, 356, 357, 358, 360, 362, 363, 364, 365, 369, 372, 377, 378, 379, 385, 387, 391, 392, 395, 396, 397, 399]
x_246: [1, 3, 6, 7, 9, 11, 12, 16, 20, 21, 22, 23, 25, 26, 29, 31, 32, 33, 36, 39, 40, 42, 45, 47, 48, 49, 50, 56, 57, 60, 61, 62, 64, 65, 69, 70, 72, 75, 77, 83, 86, 87, 88, 92, 96, 99, 100, 105, 109, 110, 111, 112, 114, 117, 120, 122, 123, 124, 125, 126, 128, 129, 130, 132, 134, 137, 138, 140, 141, 142, 143, 145, 146, 147, 149, 152, 154, 156, 157, 158, 159, 161, 162, 163, 166, 169, 171, 172, 173, 176, 177, 179, 180, 181, 182, 184, 187, 188, 189, 190, 191, 192, 193, 195, 196, 200, 201, 202, 205, 206, 208, 210, 211, 212, 222, 223, 225, 226, 229, 230, 233, 234, 235, 236, 237, 244, 247, 250, 252, 254, 260, 261, 264, 266, 269, 270, 271, 273, 274, 275, 277, 278, 279, 280, 281, 285, 287, 288, 289, 292, 295, 296, 298, 301, 302, 304, 305, 307, 312, 313, 315, 316, 317, 318, 319, 320, 321, 322, 323, 325, 327, 329, 332, 337, 338, 339, 342, 344, 345, 349, 352, 354, 355, 357, 359, 360, 361, 362, 364, 366, 367, 368, 370, 371, 373, 374, 376, 377, 378, 380, 381, 382, 383, 385, 386, 388, 390, 393, 396, 398]
x_247: [2, 4, 5, 7, 8, 9, 10, 11, 17, 18, 19, 20, 21, 24, 25, 30, 33, 34, 35, 37, 38, 39, 41, 44, 49, 52, 53, 54, 55, 58, 59, 62, 63, 65, 66, 67, 68, 69, 70, 71, 74, 75, 76, 78, 79, 81, 82, 83, 84, 85, 86, 89, 91, 92, 93, 94, 97, 98, 101, 102, 103, 105, 106, 108, 113, 114, 115, 116, 118, 119, 125, 133, 135, 136, 139, 146, 152, 153, 155, 160, 165, 168, 171, 172, 174, 175, 178, 183, 185, 186, 187, 188, 194, 198, 199, 203, 204, 207, 213, 214, 215, 216, 217, 218, 219, 220, 221, 222, 224, 232, 238, 240, 242, 246, 248, 249, 251, 253, 254, 255, 256, 257, 258, 259, 262, 268, 271, 272, 273, 276, 281, 282, 284, 285, 286, 290, 291, 292, 293, 297, 299, 300, 303, 306, 308, 309, 310, 311, 314, 317, 318, 323, 324, 325, 326, 328, 329, 333, 334, 336, 341, 345, 347, 348, 350, 351, 352, 353, 356, 358, 361, 364, 369, 372, 375, 376, 381, 384, 385, 386, 389, 391, 392, 394, 395, 397, 400]
x_248: [1, 3, 6, 12, 13, 14, 15, 16, 19, 21, 22, 30, 31, 32, 33, 36, 39, 40, 42, 46, 48, 50, 51, 52, 53, 56, 57, 60, 61, 62, 64, 65, 66, 75, 77, 80, 82, 86, 87, 88, 90, 92, 96, 99, 105, 106, 107, 110, 111, 113, 114, 117, 119, 120, 121, 122, 123, 128, 129, 130, 131, 132, 134, 138, 140, 142, 143, 145, 147, 148, 149, 151, 152, 154, 158, 159, 161, 163, 164, 166, 169, 170, 171, 173, 176, 177, 178, 179, 180, 181, 182, 184, 185, 189, 190, 191, 192, 193, 196, 197, 199, 200, 201, 202, 203, 205, 206, 208, 209, 210, 211, 212, 214, 215, 221, 225, 226, 227, 228, 229, 230, 233, 235, 236, 237, 239, 243, 245, 247, 250, 251, 252, 256, 257, 259, 261, 264, 265, 266, 267, 270, 274, 275, 276, 277, 278, 279, 280, 284, 286, 287, 288, 291, 295, 296, 298, 299, 300, 301, 303, 304, 307, 311, 312, 313, 315, 316, 319, 320, 321, 322, 325, 327, 329, 332, 335, 337, 338, 339, 340, 342, 343, 344, 346, 349, 353, 354, 355, 357, 359, 360, 361, 362, 368, 369, 370, 371, 374, 376, 377, 378, 380, 381, 382, 383, 386, 387, 388, 390, 393, 398, 400]
x_249: [2, 4, 5, 7, 8, 10, 11, 17, 18, 20, 21, 24, 25, 27, 29, 33, 34, 37, 38, 39, 44, 52, 53, 54, 55, 58, 59, 62, 65, 66, 67, 68, 69, 70, 71, 73, 75, 78, 79, 81, 82, 83, 85, 86, 89, 92, 93, 95, 97, 98, 101, 102, 103, 104, 105, 108, 113, 114, 115, 116, 118, 119, 125, 126, 127, 133, 139, 146, 152, 153, 160, 167, 168, 171, 172, 174, 175, 178, 183, 185, 186, 187, 198, 199, 203, 204, 207, 213, 214, 215, 216, 217, 218, 219, 220, 221, 222, 224, 231, 232, 238, 239, 240, 241, 242, 247, 251, 253, 254, 255, 256, 257, 258, 262, 263, 265, 268, 271, 273, 276, 281, 282, 283, 284, 285, 286, 290, 291, 292, 293, 297, 299, 300, 305, 308, 309, 310, 311, 314, 317, 318, 323, 325, 328, 329, 330, 333, 336, 341, 345, 347, 348, 350, 353, 356, 358, 361, 363, 364, 365, 369, 372, 373, 375, 376, 379, 381, 384, 385, 386, 387, 389, 391, 392, 394, 395, 396, 397, 399, 400]
x_250: [1, 2, 4, 5, 7, 8, 9, 11, 17, 18, 20, 24, 25, 27, 28, 29, 30, 34, 35, 37, 38, 41, 42, 44, 46, 48, 49, 53, 54, 55, 58, 59, 63, 67, 68, 69, 70, 71, 73, 74, 76, 77, 79, 81, 84, 89, 91, 93, 94, 95, 99, 101, 102, 103, 104, 106, 107, 108, 109, 111, 113, 115, 116, 118, 125, 126, 127, 132, 133, 134, 135, 136, 137, 139, 146, 148, 150, 153, 160, 161, 165, 167, 168, 172, 174, 175, 183, 184, 185, 186, 187, 191, 194, 198, 199, 201, 203, 204, 207, 209, 210, 211, 213, 214, 215, 216, 217, 218, 219, 221, 222, 223, 224, 231, 232, 236, 238, 239, 240, 241, 242, 246, 248, 253, 255, 256, 257, 258, 260, 261, 262, 263, 265, 266, 268, 271, 272, 274, 276, 281, 282, 283, 284, 285, 286, 290, 291, 292, 294, 297, 299, 300, 301, 303, 305, 306, 307, 310, 314, 315, 318, 324, 326, 328, 330, 331, 333, 334, 336, 341, 345, 347, 348, 350, 351, 352, 353, 356, 358, 363, 365, 369, 372, 373, 375, 379, 384, 385, 387, 388, 391, 392, 394, 395, 396]
x_251: [1, 3, 12, 13, 14, 15, 16, 19, 21, 22, 23, 26, 30, 31, 32, 33, 36, 39, 40, 42, 43, 47, 48, 50, 52, 53, 56, 57, 60, 61, 62, 66, 72, 80, 82, 83, 86, 87, 88, 92, 96, 98, 99, 100, 106, 107, 109, 110, 111, 112, 113, 114, 117, 119, 120, 121, 122, 128, 129, 130, 131, 132, 134, 138, 140, 141, 142, 143, 144, 145, 147, 148, 151, 152, 154, 157, 158, 159, 161, 163, 164, 166, 169, 170, 171, 173, 176, 177, 178, 179, 180, 181, 182, 184, 185, 189, 190, 191, 192, 193, 195, 196, 199, 200, 202, 203, 205, 206, 208, 209, 210, 211, 212, 214, 215, 221, 225, 226, 229, 230, 233, 234, 235, 236, 237, 239, 243, 245, 247, 248, 249, 252, 254, 256, 257, 259, 260, 261, 264, 265, 266, 269, 273, 274, 275, 276, 277, 278, 279, 280, 284, 286, 287, 288, 289, 291, 295, 296, 298, 299, 300, 301, 302, 303, 304, 311, 312, 313, 315, 316, 319, 320, 321, 322, 323, 325, 327, 331, 332, 335, 337, 338, 339, 340, 343, 346, 349, 353, 354, 355, 357, 359, 360, 361, 366, 367, 368, 369, 370, 371, 374, 377, 378, 380, 381, 382, 383, 386, 387, 388, 390, 393, 398, 400]
x_252: [2, 4, 5, 6, 7, 8, 9, 10, 11, 17, 19, 22, 24, 26, 27, 29, 30, 34, 35, 37, 38, 41, 44, 45, 47, 49, 52, 53, 54, 55, 59, 63, 66, 67, 69, 70, 71, 73, 74, 78, 81, 82, 84, 87, 89, 91, 94, 95, 96, 97, 101, 103, 104, 106, 108, 110, 113, 116, 121, 126, 127, 133, 135, 136, 137, 138, 139, 141, 149, 150, 153, 155, 162, 164, 165, 167, 169, 170, 172, 174, 175, 185, 186, 187, 188, 194, 198, 199, 202, 203, 204, 207, 213, 214, 215, 216, 217, 218, 219, 220, 221, 222, 223, 224, 225, 232, 235, 237, 238, 239, 240, 241, 242, 246, 248, 251, 253, 255, 256, 257, 258, 259, 265, 267, 268, 270, 271, 272, 278, 280, 281, 282, 283, 284, 285, 286, 290, 291, 292, 293, 294, 297, 299, 300, 305, 306, 308, 309, 310, 312, 314, 316, 318, 324, 326, 327, 328, 330, 333, 334, 336, 337, 338, 341, 345, 347, 348, 350, 351, 352, 353, 358, 363, 364, 369, 372, 373, 375, 379, 384, 385, 387, 389, 390, 391, 392, 394, 395, 396, 397, 399]
x_253: [1, 2, 3, 6, 12, 13, 14, 15, 16, 18, 21, 22, 23, 24, 33, 36, 38, 39, 40, 42, 43, 44, 45, 46, 47, 48, 50, 51, 56, 57, 59, 60, 64, 65, 67, 72, 73, 74, 75, 76, 77, 80, 81, 83, 85, 86, 87, 90, 92, 94, 96, 97, 98, 99, 100, 105, 107, 109, 110, 111, 112, 114, 115, 117, 119, 120, 121, 122, 124, 128, 129, 130, 131, 132, 134, 138, 139, 140, 141, 142, 143, 145, 147, 148, 149, 151, 152, 153, 154, 156, 157, 158, 159, 162, 163, 164, 166, 169, 170, 171, 173, 176, 177, 179, 180, 181, 182, 184, 189, 190, 191, 192, 193, 195, 196, 197, 201, 202, 205, 206, 208, 209, 210, 211, 212, 219, 220, 225, 226, 227, 228, 229, 230, 234, 236, 237, 241, 243, 244, 245, 247, 249, 250, 252, 254, 260, 261, 264, 267, 269, 270, 274, 275, 278, 279, 280, 287, 288, 289, 294, 295, 296, 298, 301, 304, 307, 311, 312, 313, 314, 316, 317, 320, 321, 323, 325, 327, 328, 329, 331, 332, 334, 337, 339, 340, 342, 343, 344, 346, 349, 350, 351, 354, 355, 357, 358, 359, 360, 361, 363, 366, 368, 370, 371, 374, 375, 378, 380, 381, 382, 383, 386, 388, 390, 393, 398, 399, 400]
x_254: [4, 5, 7, 8, 9, 10, 17, 18, 19, 21, 24, 25, 27, 28, 29, 30, 33, 34, 35, 37, 38, 39, 41, 44, 49, 52, 53, 54, 55, 58, 59, 62, 63, 65, 66, 67, 68, 69, 73, 74, 75, 76, 78, 79, 82, 83, 84, 85, 86, 89, 91, 92, 93, 94, 95, 98, 101, 103, 104, 105, 106, 108, 113, 114, 115, 116, 119, 125, 126, 127, 133, 135, 136, 137, 139, 150, 152, 153, 155, 160, 165, 167, 168, 171, 172, 174, 178, 183, 185, 186, 187, 188, 198, 203, 204, 213, 214, 215, 216, 217, 218, 219, 220, 221, 224, 231, 238, 239, 240, 241, 242, 246, 247, 249, 251, 253, 255, 256, 257, 259, 262, 263, 265, 268, 272, 273, 276, 281, 283, 284, 285, 286, 290, 291, 292, 294, 299, 300, 303, 305, 306, 308, 310, 311, 314, 317, 318, 323, 325, 328, 329, 330, 333, 334, 336, 341, 345, 348, 350, 351, 352, 353, 356, 358, 361, 363, 364, 369, 372, 373, 375, 376, 379, 381, 385, 386, 387, 389, 391, 392, 396, 397, 399, 400]
x_255: [1, 3, 6, 13, 14, 16, 17, 21, 22, 23, 31, 32, 33, 34, 36, 39, 40, 42, 43, 45, 46, 47, 48, 50, 56, 57, 61, 62, 63, 64, 65, 68, 72, 75, 77, 79, 80, 83, 86, 87, 88, 91, 92, 96, 98, 99, 100, 101, 105, 107, 108, 110, 111, 112, 114, 117, 118, 119, 120, 121, 122, 123, 124, 128, 129, 130, 131, 132, 134, 136, 138, 140, 142, 143, 144, 145, 147, 148, 149, 152, 154, 155, 156, 157, 158, 159, 161, 162, 163, 165, 166, 169, 170, 171, 173, 176, 177, 181, 182, 184, 186, 190, 191, 192, 193, 195, 196, 197, 198, 200, 201, 202, 204, 205, 206, 208, 209, 210, 211, 225, 226, 227, 228, 230, 231, 233, 234, 235, 236, 237, 238, 240, 244, 245, 247, 249, 250, 252, 254, 260, 261, 264, 266, 267, 269, 272, 273, 274, 275, 277, 278, 280, 282, 283, 287, 288, 289, 295, 298, 301, 302, 304, 307, 309, 310, 311, 312, 313, 315, 316, 317, 319, 320, 321, 322, 323, 325, 326, 327, 329, 331, 332, 335, 337, 338, 339, 342, 343, 347, 349, 354, 355, 356, 357, 359, 360, 361, 362, 365, 366, 367, 368, 371, 372, 376, 380, 381, 382, 384, 386, 388, 390, 393, 397, 398, 400]
x_256: [1, 3, 6, 12, 14, 15, 16, 19, 21, 23, 26, 30, 31, 33, 36, 39, 40, 42, 43, 45, 46, 47, 50, 51, 52, 53, 56, 57, 60, 62, 64, 65, 66, 72, 75, 80, 82, 83, 87, 88, 90, 92, 96, 99, 100, 105, 106, 107, 109, 110, 111, 112, 113, 114, 117, 119, 120, 121, 122, 123, 124, 128, 129, 130, 131, 132, 134, 140, 141, 142, 144, 145, 147, 148, 149, 151, 152, 154, 156, 159, 161, 162, 163, 164, 166, 170, 171, 173, 177, 178, 179, 181, 182, 184, 185, 189, 190, 191, 193, 195, 196, 197, 199, 200, 201, 202, 203, 205, 206, 209, 210, 211, 212, 214, 215, 221, 225, 226, 227, 228, 229, 230, 233, 234, 235, 236, 237, 239, 243, 244, 245, 247, 248, 249, 250, 251, 252, 254, 257, 259, 260, 261, 264, 265, 267, 269, 270, 273, 274, 275, 276, 277, 278, 279, 280, 284, 286, 287, 288, 289, 291, 295, 296, 298, 299, 300, 301, 302, 303, 304, 307, 311, 312, 313, 315, 316, 317, 319, 321, 322, 323, 325, 327, 329, 331, 332, 335, 337, 339, 340, 342, 343, 344, 346, 353, 354, 355, 357, 359, 360, 361, 362, 366, 367, 368, 369, 370, 371, 374, 377, 378, 380, 381, 382, 383, 386, 387, 388, 390, 393, 398, 400]
x_257: [3, 12, 13, 14, 15, 16, 19, 21, 22, 23, 26, 30, 32, 33, 36, 39, 42, 43, 47, 48, 51, 52, 53, 56, 57, 60, 64, 65, 66, 75, 77, 80, 82, 83, 86, 87, 88, 90, 92, 96, 99, 100, 105, 106, 107, 109, 110, 112, 113, 114, 117, 120, 121, 122, 123, 124, 129, 130, 131, 132, 138, 140, 141, 143, 145, 148, 149, 152, 154, 156, 158, 159, 162, 163, 166, 169, 170, 171, 173, 176, 177, 178, 179, 182, 185, 190, 191, 193, 195, 196, 197, 199, 200, 201, 202, 203, 205, 206, 208, 209, 210, 211, 212, 214, 215, 221, 225, 226, 227, 228, 229, 230, 233, 234, 235, 236, 237, 239, 244, 245, 247, 248, 249, 250, 251, 252, 254, 256, 259, 260, 264, 265, 267, 270, 273, 274, 276, 277, 278, 279, 284, 286, 288, 289, 291, 295, 296, 298, 299, 300, 301, 302, 303, 307, 311, 312, 313, 315, 316, 320, 321, 322, 323, 327, 329, 332, 335, 337, 338, 340, 342, 343, 344, 346, 349, 353, 355, 357, 359, 360, 362, 366, 368, 369, 370, 371, 374, 377, 378, 380, 381, 383, 386, 387, 388, 390, 393, 398, 400]
x_258: [1, 3, 4, 6, 12, 13, 14, 15, 21, 22, 23, 26, 28, 31, 32, 35, 39, 40, 43, 45, 46, 47, 48, 50, 51, 55, 56, 57, 60, 61, 62, 64, 65, 71, 72, 75, 77, 80, 86, 87, 88, 92, 95, 96, 98, 99, 100, 102, 103, 105, 107, 109, 110, 112, 117, 119, 120, 121, 122, 123, 128, 129, 130, 132, 134, 138, 140, 142, 143, 144, 145, 147, 148, 150, 151, 152, 154, 156, 157, 158, 159, 161, 163, 164, 166, 167, 169, 170, 171, 173, 176, 178, 180, 181, 182, 183, 184, 190, 191, 192, 194, 195, 196, 197, 200, 201, 202, 205, 206, 207, 208, 209, 210, 211, 212, 213, 225, 226, 227, 228, 229, 232, 233, 234, 235, 236, 237, 242, 244, 245, 247, 249, 250, 252, 260, 261, 262, 263, 264, 266, 267, 268, 269, 270, 273, 274, 275, 277, 278, 279, 280, 287, 288, 289, 290, 293, 295, 296, 297, 298, 302, 304, 306, 307, 308, 312, 315, 316, 317, 319, 320, 321, 322, 323, 325, 327, 329, 330, 331, 332, 333, 335, 336, 337, 338, 339, 340, 341, 342, 343, 346, 348, 349, 354, 359, 360, 361, 362, 366, 367, 368, 370, 371, 374, 376, 377, 378, 380, 381, 382, 383, 386, 388, 390, 391, 393, 398, 400]
x_259: [1, 3, 6, 12, 13, 14, 15, 19, 21, 22, 23, 26, 30, 32, 33, 36, 39, 40, 42, 43, 45, 46, 47, 48, 50, 51, 52, 53, 56, 57, 60, 61, 62, 64, 66, 72, 75, 77, 80, 82, 83, 86, 87, 88, 92, 96, 98, 99, 100, 105, 106, 107, 109, 110, 111, 112, 113, 114, 117, 121, 122, 124, 128, 129, 130, 131, 132, 134, 138, 140, 141, 142, 143, 144, 147, 148, 149, 151, 152, 154, 156, 159, 161, 162, 163, 164, 166, 169, 170, 171, 173, 176, 177, 178, 179, 180, 181, 182, 184, 185, 189, 190, 191, 192, 193, 195, 196, 197, 199, 200, 201, 202, 203, 205, 206, 208, 209, 210, 211, 212, 214, 215, 221, 225, 226, 227, 228, 229, 230, 233, 234, 235, 236, 237, 239, 243, 245, 247, 248, 251, 252, 254, 256, 257, 260, 265, 266, 267, 269, 270, 273, 274, 275, 276, 279, 284, 286, 287, 288, 289, 291, 295, 296, 299, 300, 301, 302, 303, 304, 307, 311, 312, 313, 315, 316, 317, 319, 320, 321, 322, 323, 325, 327, 331, 332, 335, 337, 338, 339, 342, 343, 344, 346, 349, 353, 354, 355, 357, 359, 360, 361, 362, 366, 367, 369, 370, 374, 376, 377, 378, 380, 381, 382, 386, 387, 388, 390, 393, 398, 400]
x_260: [1, 2, 4, 5, 7, 8, 9, 10, 11, 18, 19, 24, 25, 27, 28, 29, 30, 35, 37, 38, 41, 42, 44, 46, 48, 49, 52, 53, 54, 55, 58, 59, 66, 67, 68, 69, 71, 74, 76, 77, 78, 79, 81, 82, 85, 89, 91, 93, 94, 97, 99, 101, 102, 103, 104, 106, 107, 108, 109, 111, 113, 115, 118, 125, 126, 127, 132, 133, 134, 135, 137, 146, 148, 153, 155, 160, 161, 165, 167, 172, 174, 175, 184, 185, 186, 187, 191, 194, 198, 199, 201, 203, 204, 209, 210, 211, 213, 215, 216, 217, 218, 219, 220, 221, 222, 223, 224, 231, 232, 236, 239, 240, 241, 242, 246, 250, 251, 253, 255, 256, 257, 258, 259, 261, 262, 263, 265, 266, 271, 272, 274, 276, 281, 282, 283, 284, 285, 286, 291, 292, 293, 294, 297, 299, 300, 301, 303, 305, 307, 308, 309, 310, 314, 315, 324, 326, 328, 330, 331, 333, 336, 341, 345, 347, 348, 350, 351, 352, 353, 356, 358, 363, 364, 365, 369, 373, 375, 379, 385, 388, 389, 391, 392, 394, 395, 397, 399]
x_261: [1, 2, 5, 7, 8, 9, 10, 11, 17, 18, 19, 20, 24, 25, 27, 28, 29, 30, 34, 35, 37, 38, 42, 44, 46, 48, 49, 52, 53, 55, 58, 59, 63, 66, 67, 68, 69, 70, 71, 73, 74, 76, 77, 78, 79, 81, 82, 84, 85, 89, 91, 93, 94, 95, 99, 101, 102, 103, 104, 106, 107, 108, 109, 111, 115, 125, 126, 127, 132, 133, 134, 135, 137, 139, 146, 148, 150, 153, 160, 161, 165, 167, 168, 172, 174, 183, 184, 185, 186, 187, 188, 191, 198, 201, 203, 204, 209, 210, 211, 214, 215, 216, 217, 218, 219, 220, 221, 224, 231, 232, 236, 238, 239, 240, 241, 242, 246, 248, 250, 251, 253, 255, 256, 258, 260, 262, 263, 265, 266, 268, 271, 272, 274, 281, 282, 283, 284, 286, 290, 291, 292, 293, 294, 299, 300, 301, 303, 305, 307, 308, 309, 310, 314, 315, 326, 328, 331, 333, 334, 336, 345, 347, 348, 350, 351, 352, 356, 358, 363, 364, 365, 369, 372, 373, 375, 379, 384, 385, 387, 388, 389, 391, 392, 394, 396, 397, 399]
x_262: [1, 3, 4, 6, 12, 13, 14, 15, 16, 21, 22, 23, 26, 28, 31, 32, 33, 35, 36, 39, 40, 42, 43, 45, 46, 47, 50, 51, 55, 56, 61, 62, 64, 65, 71, 72, 75, 77, 80, 86, 88, 95, 99, 102, 103, 105, 107, 109, 110, 111, 112, 114, 117, 119, 120, 121, 122, 123, 124, 128, 129, 130, 131, 134, 142, 143, 145, 147, 149, 150, 151, 152, 154, 156, 157, 158, 159, 161, 163, 164, 166, 167, 169, 170, 171, 173, 176, 177, 178, 179, 180, 181, 183, 184, 189, 190, 191, 192, 193, 194, 195, 196, 197, 200, 201, 205, 206, 207, 208, 209, 210, 212, 213, 225, 226, 227, 228, 229, 230, 232, 233, 234, 235, 237, 242, 243, 244, 245, 247, 249, 250, 254, 258, 260, 261, 263, 264, 266, 267, 268, 269, 270, 273, 274, 275, 277, 278, 279, 280, 287, 288, 289, 290, 293, 295, 296, 297, 298, 301, 302, 306, 307, 308, 311, 312, 313, 315, 316, 317, 319, 320, 321, 322, 323, 325, 327, 329, 330, 331, 332, 333, 335, 336, 337, 338, 339, 340, 341, 342, 343, 344, 346, 348, 349, 354, 355, 357, 361, 362, 366, 367, 370, 371, 376, 377, 378, 380, 381, 382, 386, 390, 391, 393, 398, 400]
x_263: [1, 3, 4, 6, 13, 14, 15, 16, 21, 22, 23, 26, 28, 31, 33, 35, 36, 39, 40, 42, 45, 46, 47, 48, 50, 55, 56, 57, 60, 61, 62, 65, 71, 72, 75, 77, 80, 83, 86, 87, 88, 90, 92, 95, 96, 98, 100, 102, 103, 105, 107, 110, 111, 112, 114, 117, 119, 120, 121, 122, 123, 128, 129, 130, 132, 134, 138, 140, 141, 142, 143, 144, 145, 147, 148, 149, 150, 152, 154, 156, 157, 158, 159, 161, 162, 163, 164, 166, 167, 169, 170, 171, 173, 176, 177, 179, 181, 183, 184, 191, 192, 193, 194, 195, 196, 197, 200, 202, 205, 207, 208, 211, 212, 213, 225, 226, 227, 228, 229, 230, 232, 233, 234, 235, 236, 237, 242, 243, 244, 249, 250, 254, 258, 260, 261, 262, 264, 266, 267, 268, 269, 270, 273, 274, 275, 277, 279, 288, 289, 290, 293, 297, 298, 301, 302, 304, 306, 308, 311, 312, 313, 315, 316, 317, 319, 320, 321, 322, 323, 327, 329, 330, 331, 332, 333, 335, 336, 338, 339, 340, 341, 342, 343, 346, 348, 349, 354, 355, 357, 359, 360, 361, 362, 366, 367, 368, 370, 371, 374, 376, 377, 378, 382, 383, 386, 388, 390, 391, 393, 398, 400]
x_264: [2, 4, 5, 7, 8, 9, 10, 11, 13, 14, 17, 18, 19, 20, 23, 24, 25, 30, 34, 35, 37, 38, 41, 49, 50, 52, 53, 54, 55, 60, 63, 64, 67, 68, 69, 70, 71, 73, 74, 78, 79, 82, 85, 89, 91, 93, 94, 95, 101, 102, 103, 104, 108, 112, 113, 116, 118, 125, 127, 129, 133, 135, 136, 137, 139, 144, 146, 153, 154, 155, 160, 165, 167, 174, 175, 181, 183, 185, 186, 187, 188, 194, 198, 199, 200, 203, 207, 213, 214, 215, 216, 217, 218, 219, 220, 222, 224, 227, 229, 231, 232, 234, 238, 239, 240, 241, 242, 245, 246, 248, 251, 253, 255, 256, 257, 258, 262, 263, 265, 268, 271, 279, 281, 282, 283, 285, 288, 290, 291, 292, 293, 294, 295, 297, 300, 303, 305, 309, 310, 314, 318, 321, 324, 326, 328, 330, 333, 334, 335, 336, 340, 341, 343, 344, 345, 347, 350, 351, 352, 353, 356, 357, 358, 360, 362, 363, 364, 365, 369, 372, 373, 375, 377, 378, 379, 384, 385, 387, 389, 391, 392, 394, 395, 396, 397, 399]
x_265: [1, 3, 6, 12, 13, 14, 15, 16, 19, 21, 22, 23, 30, 31, 32, 33, 36, 39, 40, 42, 43, 45, 46, 47, 48, 50, 51, 52, 53, 56, 57, 60, 61, 62, 64, 65, 66, 72, 75, 77, 80, 82, 83, 86, 88, 90, 92, 96, 98, 99, 100, 105, 106, 107, 109, 110, 111, 112, 113, 114, 117, 119, 120, 121, 122, 123, 124, 129, 131, 132, 134, 138, 141, 143, 144, 145, 147, 149, 151, 152, 156, 157, 158, 159, 161, 163, 164, 166, 169, 170, 171, 173, 176, 177, 178, 179, 180, 181, 182, 184, 185, 189, 192, 195, 196, 197, 199, 201, 202, 203, 205, 206, 208, 209, 210, 211, 212, 214, 215, 221, 225, 226, 227, 228, 229, 233, 234, 235, 236, 237, 239, 243, 245, 248, 249, 250, 251, 252, 254, 256, 257, 259, 260, 261, 264, 266, 267, 269, 270, 273, 274, 275, 276, 277, 279, 280, 284, 286, 288, 289, 291, 295, 296, 298, 299, 300, 301, 302, 303, 304, 311, 312, 313, 315, 316, 317, 319, 320, 321, 323, 325, 327, 329, 331, 332, 335, 337, 339, 340, 342, 343, 344, 346, 349, 353, 354, 355, 359, 360, 361, 362, 366, 367, 368, 369, 370, 371, 374, 376, 377, 378, 381, 382, 383, 386, 387, 388, 393, 398, 400]
x_266: [1, 2, 4, 5, 7, 8, 10, 11, 17, 18, 19, 20, 25, 28, 34, 35, 37, 38, 41, 42, 44, 46, 48, 49, 52, 53, 54, 55, 58, 59, 63, 66, 67, 68, 69, 70, 71, 73, 74, 77, 78, 79, 81, 82, 84, 85, 89, 91, 93, 94, 95, 97, 99, 101, 102, 103, 104, 106, 107, 108, 109, 111, 113, 115, 116, 118, 125, 126, 132, 133, 134, 135, 136, 137, 139, 146, 148, 153, 155, 161, 167, 168, 172, 174, 175, 183, 184, 185, 186, 187, 188, 191, 194, 198, 201, 203, 204, 207, 209, 210, 211, 213, 214, 215, 216, 217, 218, 219, 220, 221, 223, 224, 231, 232, 236, 238, 239, 240, 242, 246, 248, 250, 251, 255, 258, 259, 260, 261, 262, 263, 265, 268, 271, 272, 274, 276, 281, 282, 283, 284, 285, 286, 291, 292, 293, 294, 299, 300, 301, 305, 306, 307, 308, 309, 315, 318, 324, 326, 328, 331, 334, 336, 341, 345, 347, 348, 350, 351, 352, 353, 356, 358, 364, 365, 369, 372, 373, 375, 379, 384, 385, 387, 388, 389, 391, 392, 394, 395, 396, 397, 399]
x_267: [2, 4, 5, 6, 7, 8, 10, 18, 19, 20, 22, 24, 26, 27, 28, 30, 34, 35, 37, 38, 41, 44, 45, 47, 49, 52, 53, 54, 55, 59, 66, 67, 68, 69, 70, 71, 74, 76, 78, 79, 82, 85, 87, 89, 91, 93, 95, 96, 97, 101, 102, 103, 106, 108, 110, 113, 115, 116, 118, 121, 125, 126, 127, 135, 136, 138, 139, 141, 146, 149, 150, 153, 155, 160, 162, 164, 165, 167, 168, 169, 170, 172, 174, 175, 183, 185, 186, 187, 194, 198, 202, 203, 204, 213, 214, 215, 216, 217, 218, 219, 220, 221, 225, 231, 232, 235, 237, 238, 239, 240, 241, 242, 248, 252, 253, 255, 256, 257, 258, 259, 262, 263, 265, 268, 270, 271, 272, 276, 278, 280, 281, 282, 283, 284, 285, 290, 291, 293, 294, 297, 299, 300, 303, 305, 306, 308, 309, 310, 312, 314, 316, 318, 324, 326, 327, 334, 336, 337, 338, 341, 348, 350, 351, 352, 353, 356, 358, 363, 364, 365, 369, 373, 375, 379, 384, 385, 387, 389, 390, 391, 392, 394, 395, 397, 399]
x_268: [1, 3, 4, 6, 12, 13, 15, 16, 21, 22, 23, 26, 28, 31, 32, 33, 35, 36, 39, 40, 42, 43, 45, 46, 47, 48, 50, 51, 55, 60, 61, 62, 64, 65, 71, 72, 75, 80, 86, 87, 88, 92, 95, 102, 103, 105, 107, 109, 110, 111, 112, 114, 117, 119, 120, 121, 122, 123, 124, 128, 129, 130, 131, 132, 134, 138, 140, 142, 143, 144, 145, 147, 148, 149, 150, 151, 152, 154, 156, 157, 158, 159, 161, 162, 163, 164, 166, 167, 170, 171, 173, 176, 177, 178, 179, 180, 181, 182, 183, 184, 189, 190, 191, 192, 193, 194, 195, 196, 197, 200, 205, 206, 207, 208, 209, 210, 211, 212, 213, 225, 226, 227, 229, 230, 232, 234, 235, 236, 237, 242, 243, 244, 245, 247, 249, 250, 252, 254, 258, 261, 262, 263, 264, 266, 267, 269, 270, 273, 274, 275, 277, 278, 279, 280, 287, 288, 289, 290, 293, 295, 296, 297, 298, 302, 304, 306, 308, 311, 312, 313, 315, 316, 317, 319, 320, 321, 322, 325, 327, 329, 330, 332, 333, 335, 336, 337, 339, 340, 341, 343, 344, 346, 348, 349, 354, 355, 357, 359, 361, 362, 366, 367, 368, 370, 371, 374, 376, 377, 380, 381, 382, 383, 386, 388, 390, 391, 398]
x_269: [2, 3, 5, 7, 9, 10, 11, 16, 17, 18, 19, 24, 25, 27, 28, 29, 32, 34, 35, 37, 38, 41, 44, 49, 51, 52, 53, 54, 55, 57, 63, 66, 67, 69, 70, 73, 76, 78, 79, 81, 82, 85, 88, 89, 91, 94, 95, 97, 101, 102, 103, 104, 106, 108, 113, 115, 116, 118, 120, 123, 126, 127, 133, 137, 140, 147, 151, 153, 155, 159, 160, 165, 166, 167, 168, 172, 174, 175, 183, 185, 186, 187, 188, 189, 194, 195, 197, 198, 199, 203, 204, 206, 207, 212, 213, 214, 215, 216, 218, 219, 220, 221, 222, 224, 231, 232, 238, 239, 240, 241, 242, 243, 244, 246, 251, 253, 255, 256, 258, 259, 262, 263, 265, 268, 271, 272, 281, 282, 284, 285, 286, 289, 290, 291, 292, 293, 294, 297, 299, 303, 304, 305, 306, 308, 309, 310, 314, 318, 324, 326, 328, 330, 332, 334, 336, 339, 341, 345, 346, 348, 349, 350, 352, 353, 356, 363, 365, 366, 370, 372, 373, 375, 379, 383, 384, 385, 387, 391, 392, 394, 395, 396, 397, 398, 399]
x_270: [4, 5, 6, 7, 8, 10, 17, 19, 20, 22, 24, 25, 26, 27, 28, 29, 34, 35, 37, 38, 41, 45, 47, 49, 52, 53, 54, 55, 58, 63, 66, 67, 68, 69, 70, 71, 73, 74, 76, 78, 79, 81, 84, 85, 87, 89, 91, 93, 95, 96, 97, 101, 102, 103, 104, 106, 108, 110, 115, 116, 118, 121, 125, 126, 127, 133, 135, 136, 138, 139, 141, 146, 149, 150, 153, 155, 160, 162, 164, 167, 168, 169, 170, 172, 174, 175, 186, 188, 194, 198, 199, 202, 203, 204, 207, 214, 215, 217, 218, 219, 220, 222, 223, 224, 225, 231, 232, 235, 237, 238, 239, 240, 241, 242, 246, 248, 252, 253, 256, 257, 258, 259, 262, 263, 265, 267, 268, 271, 272, 276, 278, 280, 281, 282, 284, 285, 286, 291, 292, 293, 294, 297, 299, 300, 305, 306, 309, 310, 312, 314, 316, 318, 326, 327, 328, 330, 333, 334, 336, 337, 338, 341, 345, 347, 348, 350, 351, 352, 356, 358, 363, 364, 365, 369, 372, 375, 379, 384, 385, 387, 389, 390, 391, 392, 395, 396, 397, 399]
x_271: [1, 3, 7, 9, 11, 12, 13, 15, 16, 20, 21, 22, 23, 25, 26, 29, 32, 33, 36, 39, 40, 43, 46, 48, 49, 50, 51, 57, 60, 61, 62, 64, 65, 69, 70, 72, 75, 77, 80, 83, 87, 88, 90, 92, 96, 98, 99, 100, 105, 107, 109, 110, 111, 112, 114, 117, 120, 121, 122, 123, 124, 125, 126, 128, 129, 130, 131, 134, 137, 138, 140, 141, 142, 143, 144, 145, 146, 147, 148, 151, 152, 154, 156, 157, 158, 159, 161, 162, 163, 164, 166, 170, 172, 173, 176, 177, 178, 179, 180, 181, 182, 184, 187, 188, 190, 191, 193, 195, 196, 197, 200, 201, 202, 205, 206, 208, 209, 210, 211, 212, 222, 223, 225, 227, 228, 233, 235, 236, 237, 243, 244, 245, 246, 247, 249, 250, 252, 260, 261, 264, 266, 267, 269, 270, 273, 274, 277, 278, 279, 280, 281, 285, 288, 289, 292, 295, 296, 298, 302, 304, 305, 307, 311, 312, 313, 316, 317, 318, 319, 320, 321, 322, 323, 325, 327, 329, 331, 332, 335, 337, 339, 340, 342, 343, 344, 345, 346, 349, 352, 354, 355, 359, 360, 361, 364, 366, 368, 370, 371, 373, 374, 376, 377, 378, 380, 381, 382, 383, 385, 386, 388, 390, 393, 396, 398, 400]
x_272: [1, 3, 6, 12, 13, 14, 15, 16, 17, 21, 23, 26, 31, 32, 33, 34, 36, 39, 40, 42, 43, 45, 46, 47, 48, 50, 57, 61, 62, 63, 64, 68, 72, 75, 77, 79, 80, 83, 87, 88, 91, 92, 96, 98, 99, 100, 101, 105, 107, 108, 109, 110, 111, 112, 114, 118, 119, 120, 121, 122, 123, 124, 128, 129, 130, 131, 132, 134, 136, 138, 140, 142, 143, 145, 147, 148, 149, 151, 152, 154, 155, 156, 157, 158, 159, 161, 162, 163, 164, 165, 166, 169, 171, 173, 176, 177, 178, 179, 180, 181, 184, 186, 189, 190, 191, 192, 193, 196, 197, 198, 200, 201, 202, 204, 205, 206, 208, 210, 211, 212, 225, 226, 227, 229, 230, 231, 233, 234, 235, 237, 238, 240, 243, 244, 245, 247, 250, 252, 254, 255, 260, 261, 266, 267, 269, 270, 274, 275, 277, 278, 279, 280, 282, 283, 287, 288, 289, 295, 296, 301, 302, 304, 307, 309, 310, 311, 312, 313, 316, 317, 319, 320, 322, 325, 326, 327, 329, 332, 335, 337, 338, 339, 340, 342, 343, 344, 346, 347, 349, 354, 356, 357, 359, 361, 362, 365, 366, 367, 368, 370, 372, 374, 376, 377, 378, 380, 381, 382, 383, 384, 386, 390, 393, 397, 398, 400]
x_273: [2, 4, 5, 8, 9, 11, 17, 18, 21, 24, 27, 28, 29, 30, 33, 35, 37, 38, 39, 44, 49, 53, 54, 58, 59, 62, 63, 65, 67, 68, 69, 70, 71, 73, 75, 79, 81, 83, 84, 85, 86, 89, 91, 92, 93, 94, 95, 97, 98, 102, 103, 104, 105, 106, 108, 113, 114, 115, 116, 118, 119, 125, 126, 127, 133, 135, 136, 137, 139, 146, 150, 152, 153, 155, 160, 165, 171, 174, 178, 183, 185, 186, 187, 194, 198, 203, 204, 207, 213, 214, 215, 216, 217, 218, 219, 220, 221, 223, 224, 231, 238, 239, 241, 242, 246, 247, 249, 251, 254, 255, 256, 257, 258, 259, 262, 263, 265, 268, 271, 276, 281, 284, 285, 286, 292, 293, 294, 297, 299, 300, 303, 305, 306, 308, 309, 310, 311, 314, 317, 323, 324, 325, 326, 328, 329, 330, 333, 336, 341, 345, 350, 351, 352, 353, 356, 358, 361, 364, 365, 375, 376, 379, 381, 384, 385, 386, 387, 389, 392, 394, 395, 396, 397, 399, 400]
x_274: [1, 2, 4, 5, 7, 9, 10, 11, 17, 18, 19, 24, 25, 27, 28, 29, 30, 35, 38, 41, 42, 44, 46, 48, 52, 53, 54, 55, 58, 59, 63, 67, 68, 69, 70, 71, 73, 74, 76, 77, 79, 81, 82, 84, 85, 89, 91, 93, 94, 95, 97, 99, 101, 102, 103, 104, 106, 107, 108, 109, 111, 113, 115, 116, 125, 126, 132, 133, 134, 135, 136, 137, 139, 146, 148, 150, 153, 155, 160, 161, 165, 167, 168, 172, 174, 175, 183, 184, 185, 186, 187, 191, 194, 198, 199, 201, 204, 207, 209, 210, 211, 214, 215, 216, 217, 220, 221, 222, 223, 224, 231, 232, 236, 239, 241, 242, 246, 248, 250, 251, 253, 255, 256, 257, 258, 259, 260, 261, 262, 263, 265, 266, 268, 271, 272, 276, 281, 282, 283, 284, 285, 286, 290, 291, 292, 293, 294, 297, 299, 300, 301, 303, 305, 306, 307, 308, 309, 310, 314, 315, 318, 324, 326, 328, 330, 331, 333, 334, 336, 341, 347, 350, 351, 353, 356, 358, 364, 365, 369, 372, 373, 375, 379, 384, 385, 387, 388, 389, 392, 394, 395, 396, 397, 399]
x_275: [2, 4, 7, 9, 10, 17, 18, 19, 20, 24, 25, 27, 28, 29, 30, 31, 34, 35, 36, 37, 40, 41, 44, 49, 52, 53, 54, 55, 58, 59, 63, 66, 67, 68, 69, 70, 73, 74, 78, 79, 81, 82, 84, 85, 91, 93, 94, 95, 97, 100, 101, 102, 103, 104, 106, 108, 113, 115, 116, 117, 118, 124, 125, 126, 127, 128, 130, 133, 135, 136, 137, 139, 142, 143, 145, 146, 150, 153, 155, 156, 158, 160, 165, 167, 168, 172, 173, 174, 175, 176, 179, 183, 185, 186, 187, 188, 192, 194, 196, 198, 203, 204, 205, 207, 208, 213, 215, 216, 218, 219, 220, 221, 223, 226, 231, 232, 233, 238, 239, 240, 241, 242, 246, 248, 251, 253, 255, 256, 258, 259, 262, 263, 265, 268, 272, 276, 281, 282, 283, 284, 285, 286, 287, 290, 291, 292, 294, 296, 297, 300, 303, 305, 306, 308, 309, 310, 314, 318, 319, 322, 324, 326, 328, 330, 333, 334, 336, 341, 347, 348, 350, 351, 352, 353, 355, 356, 358, 363, 365, 368, 369, 372, 373, 375, 379, 380, 384, 385, 387, 389, 391, 392, 393, 394, 395, 396, 397, 399]
x_276: [1, 3, 6, 12, 14, 15, 16, 19, 21, 22, 23, 26, 30, 31, 32, 33, 36, 39, 40, 42, 43, 47, 48, 50, 51, 52, 53, 56, 57, 60, 61, 62, 64, 65, 66, 72, 75, 77, 80, 82, 83, 87, 88, 92, 96, 98, 99, 100, 105, 106, 107, 109, 110, 111, 112, 113, 114, 119, 120, 121, 122, 123, 124, 128, 131, 132, 134, 138, 140, 141, 142, 144, 148, 149, 151, 152, 154, 157, 158, 159, 161, 162, 163, 166, 169, 170, 171, 176, 177, 178, 179, 180, 181, 182, 184, 185, 189, 190, 191, 192, 193, 196, 197, 199, 200, 201, 203, 205, 206, 208, 209, 210, 211, 212, 214, 215, 221, 225, 227, 228, 229, 230, 233, 234, 235, 236, 237, 239, 243, 244, 245, 247, 248, 249, 250, 251, 254, 256, 257, 259, 260, 265, 266, 267, 270, 273, 274, 275, 277, 279, 280, 284, 286, 287, 288, 289, 291, 296, 298, 299, 300, 301, 302, 303, 304, 307, 311, 312, 315, 316, 317, 319, 320, 321, 322, 323, 325, 327, 329, 332, 335, 338, 339, 340, 342, 343, 344, 346, 349, 353, 354, 355, 357, 359, 360, 361, 362, 367, 368, 369, 370, 371, 374, 376, 377, 378, 380, 381, 383, 386, 387, 388, 390, 393, 398]
x_277: [2, 4, 5, 7, 8, 9, 10, 11, 12, 15, 17, 18, 19, 20, 24, 28, 29, 30, 34, 35, 37, 38, 41, 43, 44, 49, 52, 53, 54, 56, 58, 59, 61, 63, 67, 68, 71, 72, 74, 76, 78, 79, 80, 81, 82, 84, 89, 90, 91, 93, 95, 97, 101, 102, 103, 104, 106, 115, 116, 122, 125, 126, 131, 135, 136, 137, 139, 146, 150, 153, 155, 157, 160, 163, 165, 167, 168, 174, 175, 177, 180, 182, 185, 186, 188, 190, 193, 199, 203, 204, 207, 213, 214, 215, 216, 217, 218, 219, 220, 221, 222, 223, 224, 228, 230, 231, 238, 239, 240, 241, 242, 246, 248, 251, 255, 256, 257, 258, 262, 263, 265, 268, 271, 272, 276, 281, 282, 283, 285, 286, 290, 291, 292, 293, 294, 297, 298, 299, 300, 302, 303, 305, 308, 309, 313, 314, 318, 320, 324, 326, 328, 330, 333, 334, 336, 341, 342, 345, 348, 350, 351, 352, 353, 354, 356, 358, 359, 364, 365, 367, 369, 371, 372, 373, 374, 375, 379, 382, 384, 385, 389, 392, 394, 395, 396, 397, 399]
x_278: [2, 4, 5, 6, 7, 9, 17, 19, 20, 22, 25, 26, 27, 28, 29, 34, 35, 37, 38, 44, 45, 47, 49, 53, 55, 58, 59, 63, 67, 68, 69, 70, 71, 73, 74, 78, 79, 82, 84, 85, 87, 89, 91, 93, 94, 96, 97, 101, 102, 103, 106, 108, 110, 113, 116, 118, 121, 125, 126, 127, 133, 135, 136, 137, 138, 139, 141, 146, 149, 150, 153, 155, 160, 162, 164, 165, 167, 168, 169, 170, 174, 175, 183, 185, 186, 187, 188, 194, 198, 199, 202, 203, 204, 207, 213, 214, 215, 216, 217, 218, 219, 223, 224, 225, 231, 232, 235, 237, 238, 240, 241, 242, 246, 248, 251, 252, 253, 255, 256, 257, 258, 262, 267, 268, 270, 271, 272, 280, 281, 282, 283, 284, 286, 290, 291, 292, 294, 297, 299, 303, 305, 306, 308, 310, 312, 316, 318, 326, 327, 328, 330, 334, 336, 337, 338, 341, 345, 347, 348, 350, 353, 358, 363, 364, 365, 369, 372, 379, 384, 385, 387, 390, 391, 392, 394, 395, 396, 397]
x_279: [2, 4, 5, 7, 8, 9, 10, 11, 13, 14, 17, 18, 19, 23, 24, 25, 27, 28, 29, 30, 34, 37, 41, 44, 49, 50, 54, 55, 58, 59, 60, 63, 64, 66, 67, 68, 69, 70, 74, 76, 78, 79, 81, 82, 85, 89, 93, 94, 95, 97, 101, 102, 103, 104, 106, 108, 112, 115, 116, 118, 125, 126, 127, 129, 133, 135, 136, 137, 139, 144, 146, 153, 154, 155, 160, 165, 167, 168, 172, 174, 175, 181, 185, 186, 187, 188, 194, 198, 199, 200, 203, 204, 207, 213, 214, 216, 217, 218, 220, 221, 222, 223, 224, 227, 229, 231, 232, 234, 238, 239, 240, 241, 242, 245, 246, 248, 251, 253, 256, 257, 258, 259, 262, 263, 264, 265, 268, 271, 272, 276, 281, 282, 283, 284, 285, 286, 288, 290, 291, 292, 294, 295, 297, 299, 300, 303, 305, 306, 308, 309, 310, 318, 321, 324, 326, 328, 330, 333, 334, 335, 336, 340, 343, 344, 345, 347, 348, 350, 351, 352, 353, 356, 357, 358, 360, 362, 363, 365, 372, 373, 375, 377, 378, 379, 384, 385, 387, 389, 391, 394, 395, 396, 397, 399]
x_280: [2, 6, 7, 8, 9, 10, 11, 17, 18, 19, 20, 22, 24, 25, 26, 27, 28, 29, 30, 34, 35, 37, 38, 41, 45, 47, 49, 53, 54, 58, 59, 63, 66, 67, 69, 70, 71, 73, 74, 76, 78, 79, 81, 82, 85, 87, 89, 93, 95, 96, 97, 101, 102, 103, 108, 110, 113, 115, 116, 118, 121, 125, 126, 127, 133, 135, 136, 137, 138, 139, 141, 146, 149, 150, 153, 155, 160, 162, 164, 165, 167, 168, 169, 170, 172, 174, 175, 183, 185, 187, 188, 194, 198, 199, 202, 204, 207, 213, 214, 215, 217, 219, 220, 221, 222, 223, 225, 231, 232, 235, 237, 238, 239, 240, 241, 242, 246, 248, 251, 252, 253, 255, 256, 258, 262, 265, 267, 268, 270, 271, 272, 276, 278, 281, 282, 283, 284, 285, 290, 291, 292, 293, 294, 297, 299, 303, 305, 306, 308, 309, 312, 314, 316, 318, 324, 327, 328, 333, 334, 336, 337, 338, 341, 345, 347, 348, 350, 352, 356, 358, 363, 365, 372, 375, 379, 385, 387, 389, 390, 391, 392, 394, 395, 396, 397]
x_281: [3, 7, 9, 11, 12, 13, 14, 15, 20, 21, 22, 23, 25, 29, 32, 33, 36, 39, 42, 43, 45, 46, 47, 48, 49, 50, 51, 56, 57, 60, 61, 62, 64, 65, 69, 70, 72, 75, 80, 83, 86, 88, 90, 92, 96, 98, 99, 100, 105, 109, 110, 111, 112, 114, 117, 119, 120, 121, 122, 123, 124, 125, 126, 129, 130, 131, 134, 137, 138, 140, 141, 142, 143, 144, 145, 146, 147, 148, 149, 151, 152, 154, 156, 157, 158, 159, 161, 163, 164, 166, 169, 170, 171, 172, 173, 177, 178, 179, 180, 182, 184, 187, 188, 189, 190, 191, 192, 193, 195, 196, 197, 200, 201, 202, 205, 206, 208, 209, 210, 211, 212, 222, 223, 225, 227, 229, 230, 233, 234, 237, 243, 246, 247, 249, 250, 252, 254, 260, 261, 264, 266, 267, 269, 270, 271, 273, 274, 275, 277, 278, 279, 280, 285, 287, 288, 289, 292, 295, 296, 301, 302, 305, 307, 311, 312, 313, 315, 316, 317, 318, 319, 320, 322, 323, 325, 329, 331, 332, 335, 337, 338, 339, 340, 342, 344, 345, 349, 352, 354, 355, 357, 359, 360, 361, 362, 364, 366, 371, 373, 374, 376, 377, 378, 380, 381, 383, 385, 386, 388, 396, 398, 400]
x_282: [1, 3, 6, 12, 15, 16, 17, 21, 22, 23, 26, 31, 33, 34, 36, 39, 40, 42, 45, 47, 48, 50, 51, 56, 57, 61, 62, 63, 64, 65, 68, 72, 77, 79, 80, 83, 86, 87, 88, 90, 91, 92, 98, 99, 100, 101, 105, 107, 108, 109, 110, 111, 112, 114, 117, 118, 119, 120, 121, 122, 123, 124, 128, 130, 131, 132, 134, 136, 138, 142, 143, 144, 147, 148, 149, 151, 152, 154, 155, 157, 159, 161, 163, 165, 166, 169, 170, 171, 173, 176, 177, 178, 179, 180, 181, 184, 186, 189, 190, 191, 193, 195, 196, 197, 198, 201, 204, 205, 206, 208, 210, 212, 225, 226, 227, 228, 229, 230, 231, 233, 234, 235, 236, 237, 238, 240, 244, 245, 247, 249, 250, 252, 255, 260, 261, 264, 266, 267, 269, 270, 272, 274, 275, 277, 278, 279, 280, 283, 287, 288, 295, 296, 298, 301, 302, 304, 307, 309, 310, 311, 312, 313, 315, 316, 317, 319, 320, 321, 322, 323, 325, 326, 327, 329, 332, 335, 337, 338, 339, 340, 343, 346, 347, 349, 354, 355, 356, 360, 361, 362, 365, 366, 367, 368, 370, 371, 372, 374, 376, 377, 378, 380, 381, 383, 384, 386, 388, 390, 393, 397, 398, 400]
x_283: [1, 3, 6, 12, 13, 14, 15, 16, 17, 21, 22, 26, 31, 32, 33, 34, 36, 39, 40, 42, 43, 45, 46, 47, 48, 50, 51, 56, 57, 60, 61, 62, 63, 64, 65, 68, 75, 77, 79, 80, 86, 87, 88, 90, 91, 92, 96, 98, 99, 100, 101, 105, 107, 108, 109, 111, 112, 114, 117, 118, 119, 121, 122, 123, 124, 128, 129, 130, 131, 132, 134, 136, 140, 141, 142, 143, 144, 145, 147, 148, 149, 151, 152, 154, 155, 156, 158, 159, 161, 162, 163, 165, 166, 169, 173, 177, 178, 179, 180, 181, 182, 184, 186, 189, 191, 192, 193, 195, 196, 197, 198, 200, 201, 204, 208, 209, 211, 212, 225, 226, 227, 228, 229, 230, 231, 233, 234, 235, 237, 238, 240, 243, 244, 245, 249, 250, 252, 254, 255, 260, 261, 264, 266, 267, 272, 274, 275, 277, 278, 279, 280, 282, 287, 288, 289, 295, 298, 307, 309, 310, 311, 312, 315, 316, 317, 319, 320, 321, 323, 326, 327, 329, 331, 335, 338, 340, 342, 343, 347, 349, 354, 355, 356, 357, 360, 361, 362, 365, 366, 368, 371, 372, 374, 376, 377, 378, 380, 381, 382, 383, 384, 386, 388, 390, 393, 397, 398, 400]
x_284: [1, 3, 6, 12, 13, 14, 15, 16, 19, 21, 22, 23, 30, 31, 32, 33, 36, 39, 40, 43, 46, 47, 48, 50, 51, 52, 53, 56, 57, 60, 62, 64, 65, 66, 72, 75, 77, 82, 86, 87, 88, 90, 92, 98, 99, 100, 105, 106, 107, 109, 110, 112, 113, 114, 117, 120, 121, 122, 123, 124, 128, 129, 130, 131, 132, 134, 138, 140, 143, 144, 145, 147, 148, 151, 152, 154, 156, 157, 158, 159, 161, 164, 166, 169, 170, 171, 173, 176, 177, 179, 180, 181, 182, 184, 185, 190, 191, 192, 193, 195, 196, 197, 199, 200, 201, 202, 203, 205, 206, 208, 210, 214, 215, 221, 226, 227, 228, 229, 230, 233, 234, 235, 236, 237, 239, 243, 244, 245, 247, 248, 249, 250, 251, 252, 254, 256, 257, 259, 260, 261, 265, 266, 267, 269, 270, 273, 274, 275, 276, 278, 279, 280, 286, 287, 288, 289, 291, 296, 298, 299, 300, 301, 302, 303, 307, 311, 312, 313, 315, 316, 317, 319, 320, 321, 323, 325, 327, 329, 331, 335, 338, 339, 340, 342, 343, 349, 353, 354, 355, 357, 359, 360, 361, 362, 366, 367, 368, 369, 370, 371, 376, 377, 378, 381, 382, 383, 386, 387, 390, 393, 398, 400]
x_285: [1, 3, 6, 7, 9, 11, 12, 13, 14, 15, 16, 20, 21, 22, 23, 25, 26, 29, 31, 33, 36, 39, 40, 42, 45, 46, 47, 49, 50, 51, 56, 60, 61, 62, 64, 65, 69, 70, 72, 77, 80, 86, 87, 90, 92, 96, 99, 100, 105, 107, 109, 111, 112, 114, 117, 119, 120, 121, 122, 123, 124, 125, 126, 128, 129, 130, 131, 132, 134, 137, 138, 140, 141, 142, 143, 144, 145, 146, 147, 148, 149, 151, 152, 154, 156, 158, 161, 162, 163, 164, 166, 169, 170, 171, 172, 173, 176, 177, 178, 179, 180, 181, 182, 184, 187, 188, 189, 190, 191, 192, 193, 196, 200, 202, 205, 206, 211, 212, 222, 223, 225, 227, 228, 230, 233, 235, 236, 237, 243, 244, 245, 246, 247, 249, 250, 252, 254, 260, 264, 266, 267, 269, 270, 271, 273, 274, 275, 277, 279, 280, 281, 288, 289, 292, 295, 296, 301, 302, 304, 305, 307, 311, 315, 316, 317, 318, 319, 321, 322, 323, 325, 327, 331, 332, 337, 338, 339, 340, 342, 343, 344, 345, 346, 349, 352, 354, 355, 357, 359, 360, 361, 362, 364, 367, 368, 370, 371, 373, 374, 376, 377, 378, 380, 381, 383, 385, 388, 390, 393, 396, 398, 400]
x_286: [1, 12, 13, 14, 15, 16, 19, 22, 23, 26, 30, 31, 32, 33, 36, 39, 40, 42, 43, 45, 46, 48, 50, 51, 52, 53, 56, 57, 60, 61, 62, 65, 66, 72, 75, 77, 80, 82, 83, 86, 87, 88, 90, 92, 96, 98, 100, 106, 107, 109, 110, 111, 112, 113, 114, 117, 119, 120, 122, 123, 124, 128, 129, 130, 131, 132, 134, 138, 140, 142, 143, 144, 145, 147, 148, 149, 151, 152, 154, 156, 157, 158, 159, 161, 162, 163, 164, 166, 169, 170, 171, 176, 177, 178, 179, 180, 181, 182, 184, 185, 190, 192, 193, 195, 196, 199, 200, 201, 202, 203, 206, 208, 210, 211, 212, 214, 215, 221, 225, 226, 227, 228, 229, 230, 233, 236, 237, 239, 244, 245, 247, 248, 249, 250, 251, 252, 254, 256, 257, 259, 260, 261, 265, 266, 269, 270, 273, 274, 275, 276, 277, 278, 279, 284, 287, 288, 291, 295, 298, 299, 300, 301, 303, 304, 307, 311, 312, 313, 317, 319, 320, 321, 322, 323, 325, 327, 331, 332, 335, 337, 338, 339, 342, 343, 344, 346, 349, 353, 354, 355, 357, 359, 360, 361, 362, 366, 368, 369, 370, 371, 374, 376, 377, 378, 380, 381, 382, 386, 387, 388, 400]
x_287: [2, 4, 5, 7, 8, 9, 10, 11, 17, 18, 19, 20, 24, 25, 27, 28, 29, 30, 31, 34, 35, 36, 37, 38, 40, 41, 49, 52, 53, 54, 55, 63, 66, 67, 68, 69, 70, 74, 76, 78, 79, 82, 84, 85, 89, 91, 93, 95, 97, 100, 101, 102, 103, 104, 106, 113, 115, 116, 117, 124, 125, 126, 127, 128, 130, 133, 135, 136, 137, 139, 142, 143, 145, 146, 155, 156, 158, 160, 165, 167, 173, 174, 175, 176, 179, 183, 185, 186, 187, 188, 192, 194, 196, 198, 199, 203, 204, 205, 207, 208, 213, 214, 215, 216, 217, 218, 219, 220, 221, 222, 223, 224, 226, 231, 232, 233, 239, 240, 241, 242, 246, 248, 251, 253, 255, 256, 258, 259, 262, 268, 272, 275, 276, 281, 282, 283, 284, 286, 290, 291, 292, 293, 294, 296, 297, 299, 300, 303, 305, 308, 309, 314, 318, 319, 322, 324, 326, 328, 330, 333, 336, 341, 347, 348, 350, 352, 353, 355, 358, 363, 364, 368, 369, 372, 373, 375, 379, 380, 384, 385, 387, 389, 392, 393, 394, 395, 396, 397, 399]
x_288: [2, 4, 7, 8, 9, 10, 11, 13, 14, 17, 18, 19, 20, 23, 24, 27, 28, 30, 34, 37, 38, 44, 49, 50, 52, 53, 54, 55, 58, 59, 60, 63, 64, 66, 67, 68, 69, 70, 73, 79, 81, 82, 84, 85, 89, 91, 93, 95, 97, 101, 102, 103, 104, 106, 108, 112, 113, 116, 118, 125, 126, 127, 129, 133, 135, 136, 137, 139, 144, 146, 150, 153, 154, 155, 160, 165, 167, 168, 172, 174, 175, 181, 183, 185, 186, 188, 198, 199, 200, 203, 207, 213, 214, 215, 217, 218, 219, 221, 222, 223, 224, 227, 229, 231, 232, 234, 238, 239, 240, 241, 242, 245, 246, 248, 251, 253, 255, 256, 257, 258, 259, 262, 263, 264, 265, 268, 271, 272, 276, 279, 281, 282, 283, 284, 285, 286, 292, 293, 294, 295, 297, 299, 303, 305, 306, 309, 310, 314, 318, 321, 324, 326, 333, 334, 335, 336, 340, 341, 343, 344, 347, 348, 350, 351, 352, 356, 357, 358, 360, 362, 363, 364, 365, 372, 373, 375, 377, 378, 379, 385, 387, 389, 391, 392, 394, 395, 396, 397]
x_289: [2, 3, 4, 5, 9, 10, 11, 16, 17, 18, 19, 20, 24, 25, 27, 28, 29, 30, 32, 34, 35, 37, 41, 44, 49, 51, 52, 53, 54, 55, 57, 59, 63, 66, 67, 68, 69, 70, 71, 74, 76, 78, 79, 81, 82, 84, 88, 89, 91, 93, 94, 95, 97, 102, 103, 104, 106, 113, 115, 116, 120, 123, 125, 126, 127, 133, 135, 136, 137, 139, 140, 147, 151, 153, 155, 159, 160, 165, 166, 167, 168, 172, 174, 175, 185, 186, 187, 188, 189, 194, 195, 197, 198, 199, 203, 204, 206, 207, 212, 213, 214, 215, 216, 217, 218, 219, 220, 221, 223, 224, 231, 232, 238, 240, 241, 242, 243, 244, 246, 251, 253, 255, 256, 257, 258, 259, 262, 263, 265, 268, 269, 271, 272, 276, 281, 283, 284, 285, 292, 293, 294, 297, 299, 300, 303, 304, 305, 306, 308, 310, 314, 318, 324, 326, 328, 330, 332, 333, 334, 336, 339, 341, 345, 346, 347, 348, 349, 350, 352, 353, 356, 358, 363, 364, 365, 366, 369, 370, 372, 373, 375, 383, 384, 385, 387, 389, 391, 392, 394, 395, 396, 397, 398]
x_290: [1, 3, 4, 6, 12, 13, 14, 15, 16, 21, 22, 23, 26, 28, 31, 32, 35, 36, 39, 40, 42, 43, 45, 46, 47, 50, 51, 55, 56, 57, 60, 61, 62, 64, 65, 71, 72, 75, 77, 80, 83, 86, 88, 90, 92, 95, 96, 98, 99, 100, 102, 103, 105, 107, 109, 110, 111, 112, 117, 120, 121, 122, 123, 124, 128, 129, 130, 131, 132, 138, 141, 142, 143, 144, 145, 148, 149, 150, 151, 152, 154, 156, 159, 161, 162, 163, 164, 166, 167, 170, 171, 173, 176, 177, 179, 180, 182, 183, 184, 189, 190, 192, 193, 194, 195, 196, 200, 201, 202, 205, 207, 210, 212, 213, 225, 226, 227, 228, 229, 230, 232, 233, 234, 237, 242, 243, 245, 247, 249, 250, 252, 254, 258, 261, 262, 263, 264, 267, 268, 269, 274, 275, 277, 278, 279, 280, 287, 293, 295, 297, 298, 301, 302, 304, 306, 307, 308, 311, 312, 313, 315, 316, 317, 319, 320, 321, 322, 325, 327, 329, 330, 332, 333, 335, 336, 337, 338, 339, 340, 341, 342, 343, 346, 348, 349, 354, 355, 357, 359, 360, 361, 362, 366, 367, 368, 370, 371, 374, 376, 378, 380, 381, 382, 386, 388, 390, 391, 393, 398]
x_291: [1, 3, 12, 13, 14, 15, 16, 19, 21, 22, 23, 26, 30, 31, 32, 33, 36, 39, 40, 43, 45, 46, 47, 48, 50, 51, 52, 53, 56, 57, 61, 62, 64, 65, 66, 72, 75, 77, 82, 83, 87, 88, 90, 92, 96, 99, 100, 105, 106, 107, 110, 111, 112, 113, 117, 119, 120, 122, 123, 128, 129, 131, 132, 134, 138, 140, 141, 142, 143, 144, 145, 148, 149, 151, 152, 154, 156, 157, 161, 162, 163, 164, 166, 169, 170, 171, 173, 176, 177, 178, 179, 180, 181, 184, 185, 189, 193, 195, 196, 197, 199, 200, 201, 202, 203, 205, 206, 208, 209, 210, 211, 212, 214, 215, 221, 225, 226, 227, 228, 229, 230, 233, 234, 235, 236, 237, 239, 243, 245, 247, 248, 249, 250, 251, 252, 254, 256, 257, 259, 260, 261, 264, 265, 266, 267, 269, 270, 274, 275, 276, 277, 278, 279, 280, 284, 286, 287, 295, 296, 298, 299, 300, 303, 304, 307, 311, 312, 313, 315, 317, 319, 320, 321, 322, 323, 331, 332, 337, 338, 339, 340, 342, 343, 344, 346, 349, 353, 354, 355, 357, 359, 360, 361, 362, 366, 367, 368, 369, 370, 371, 374, 376, 378, 381, 383, 386, 387, 388, 390, 393, 398, 400]
x_292: [1, 3, 6, 7, 9, 11, 12, 13, 14, 15, 20, 22, 23, 25, 26, 29, 31, 32, 33, 36, 39, 40, 42, 43, 46, 47, 48, 49, 51, 56, 57, 60, 61, 62, 64, 65, 69, 70, 72, 75, 77, 80, 86, 87, 88, 90, 92, 96, 98, 99, 100, 105, 110, 111, 112, 114, 117, 119, 120, 121, 122, 123, 124, 125, 126, 128, 129, 130, 131, 132, 134, 137, 140, 141, 143, 144, 145, 146, 147, 149, 151, 152, 154, 156, 158, 159, 161, 162, 163, 164, 166, 169, 170, 171, 172, 173, 176, 177, 178, 179, 180, 182, 187, 188, 189, 190, 191, 192, 193, 195, 196, 197, 200, 201, 205, 206, 208, 209, 210, 211, 212, 222, 223, 226, 228, 229, 230, 233, 234, 235, 236, 237, 243, 244, 245, 246, 247, 249, 250, 252, 254, 260, 261, 264, 266, 269, 270, 271, 273, 274, 275, 277, 278, 279, 280, 281, 285, 287, 288, 289, 295, 298, 304, 305, 307, 311, 313, 315, 316, 317, 318, 320, 323, 325, 329, 331, 332, 338, 339, 340, 344, 345, 349, 352, 354, 355, 357, 359, 360, 361, 362, 364, 366, 367, 368, 371, 373, 374, 376, 377, 381, 383, 385, 386, 388, 390, 393, 396, 398, 400]
x_293: [1, 3, 4, 13, 14, 15, 16, 21, 22, 23, 26, 28, 32, 35, 40, 42, 43, 45, 46, 47, 48, 50, 51, 55, 56, 57, 60, 61, 62, 64, 65, 71, 72, 75, 77, 80, 83, 86, 87, 88, 90, 92, 95, 96, 99, 100, 102, 103, 105, 107, 109, 110, 111, 112, 114, 117, 119, 120, 121, 122, 124, 128, 129, 130, 131, 138, 140, 141, 142, 143, 144, 145, 147, 148, 149, 150, 151, 152, 154, 156, 157, 158, 159, 161, 162, 163, 164, 167, 169, 170, 171, 176, 177, 178, 179, 180, 181, 182, 183, 184, 189, 190, 191, 192, 193, 194, 195, 196, 197, 200, 201, 202, 205, 206, 207, 209, 210, 211, 213, 225, 226, 227, 228, 230, 232, 234, 237, 242, 243, 244, 245, 247, 249, 252, 258, 260, 261, 262, 263, 264, 266, 267, 268, 269, 270, 273, 274, 277, 280, 287, 288, 289, 290, 296, 297, 298, 302, 306, 307, 308, 311, 313, 315, 316, 317, 319, 320, 321, 322, 323, 325, 327, 329, 330, 331, 332, 333, 335, 336, 337, 338, 339, 341, 342, 343, 344, 346, 348, 349, 354, 355, 357, 359, 360, 362, 366, 367, 368, 370, 371, 376, 377, 378, 380, 381, 382, 383, 386, 388, 390, 391, 393, 398, 400]
x_294: [1, 2, 3, 6, 12, 13, 14, 15, 18, 21, 22, 23, 24, 26, 31, 32, 33, 36, 38, 39, 40, 43, 44, 45, 46, 47, 48, 57, 59, 60, 61, 62, 64, 65, 67, 72, 73, 74, 75, 76, 77, 80, 81, 83, 85, 86, 87, 88, 90, 92, 94, 96, 97, 98, 99, 100, 105, 107, 109, 110, 111, 112, 114, 115, 119, 120, 121, 122, 123, 124, 129, 130, 131, 132, 134, 138, 139, 140, 141, 142, 143, 144, 145, 147, 148, 149, 151, 152, 153, 156, 157, 158, 161, 162, 164, 166, 169, 170, 171, 173, 176, 177, 178, 179, 180, 181, 182, 184, 190, 191, 192, 193, 195, 196, 197, 200, 201, 202, 205, 206, 208, 209, 210, 212, 219, 220, 225, 227, 228, 230, 233, 234, 235, 236, 237, 241, 244, 250, 252, 253, 254, 260, 261, 264, 266, 267, 269, 270, 273, 274, 275, 277, 278, 279, 280, 287, 288, 289, 295, 296, 298, 301, 302, 304, 307, 311, 312, 313, 314, 315, 316, 317, 320, 322, 323, 325, 327, 328, 329, 331, 334, 335, 337, 338, 339, 340, 342, 343, 344, 346, 349, 350, 351, 357, 358, 359, 361, 362, 363, 366, 367, 368, 371, 374, 375, 376, 377, 378, 381, 383, 386, 390, 393, 398, 399, 400]
x_295: [2, 4, 5, 7, 9, 10, 11, 13, 14, 17, 18, 19, 20, 23, 25, 27, 29, 30, 34, 35, 37, 38, 41, 44, 49, 50, 52, 53, 54, 55, 59, 60, 63, 64, 67, 68, 69, 71, 73, 74, 76, 81, 82, 84, 85, 89, 91, 93, 94, 95, 97, 101, 102, 104, 106, 108, 112, 113, 115, 116, 118, 125, 126, 127, 129, 133, 135, 137, 144, 146, 150, 153, 154, 160, 165, 168, 172, 174, 175, 181, 186, 187, 188, 194, 198, 200, 204, 207, 213, 214, 215, 217, 218, 219, 222, 224, 227, 229, 231, 232, 234, 238, 239, 240, 242, 245, 246, 248, 251, 253, 255, 256, 257, 258, 259, 262, 264, 265, 268, 271, 272, 279, 281, 282, 283, 285, 286, 288, 290, 291, 292, 294, 297, 299, 300, 303, 305, 306, 309, 310, 314, 318, 321, 324, 326, 328, 330, 334, 335, 336, 340, 341, 343, 344, 345, 347, 348, 350, 351, 352, 356, 357, 358, 360, 362, 363, 365, 369, 372, 373, 375, 377, 378, 379, 384, 387, 389, 391, 392, 394, 395, 396, 397, 399]
x_296: [2, 4, 5, 8, 9, 10, 11, 17, 18, 19, 20, 24, 25, 27, 28, 29, 30, 31, 34, 35, 36, 37, 40, 41, 49, 52, 53, 54, 55, 58, 59, 63, 66, 69, 70, 71, 73, 74, 76, 78, 79, 81, 84, 85, 89, 91, 93, 94, 95, 97, 100, 101, 102, 103, 104, 106, 108, 113, 115, 116, 117, 118, 124, 125, 126, 127, 128, 130, 136, 137, 139, 142, 143, 145, 146, 153, 155, 156, 158, 165, 167, 168, 173, 174, 175, 176, 179, 183, 185, 186, 187, 188, 192, 194, 196, 198, 199, 203, 204, 205, 207, 208, 213, 214, 215, 216, 217, 218, 219, 220, 222, 223, 224, 226, 231, 232, 233, 238, 239, 240, 241, 242, 246, 248, 251, 253, 256, 257, 258, 259, 262, 265, 268, 271, 272, 275, 276, 281, 282, 284, 285, 287, 291, 293, 294, 299, 300, 303, 306, 310, 314, 318, 319, 322, 326, 328, 330, 333, 334, 336, 341, 345, 347, 348, 350, 351, 352, 353, 355, 356, 358, 364, 365, 368, 369, 372, 373, 379, 380, 384, 385, 387, 391, 392, 393, 395, 396, 397]
x_297: [1, 4, 6, 12, 13, 14, 15, 16, 21, 23, 26, 28, 31, 32, 33, 35, 40, 42, 43, 45, 46, 47, 48, 51, 55, 57, 60, 64, 71, 72, 75, 77, 80, 83, 86, 88, 90, 95, 96, 98, 100, 102, 103, 107, 109, 110, 111, 112, 114, 117, 119, 120, 121, 122, 128, 129, 130, 131, 132, 134, 138, 140, 141, 142, 143, 144, 145, 148, 149, 150, 151, 152, 154, 157, 159, 161, 162, 163, 164, 166, 167, 169, 170, 171, 173, 176, 178, 179, 182, 183, 184, 189, 190, 191, 192, 194, 195, 196, 197, 200, 201, 202, 205, 206, 207, 208, 209, 210, 211, 212, 213, 225, 226, 228, 229, 232, 234, 235, 236, 237, 242, 243, 244, 245, 247, 249, 250, 252, 258, 260, 262, 263, 264, 267, 268, 269, 270, 273, 274, 275, 277, 278, 279, 280, 287, 288, 289, 290, 293, 295, 301, 302, 304, 306, 307, 308, 311, 312, 313, 316, 317, 319, 320, 322, 323, 327, 329, 330, 331, 332, 333, 335, 336, 338, 340, 341, 342, 343, 344, 346, 348, 349, 354, 355, 357, 360, 361, 362, 366, 367, 370, 371, 374, 376, 377, 378, 380, 382, 383, 386, 388, 390, 391, 393, 398]
x_298: [2, 4, 5, 7, 8, 9, 10, 11, 12, 15, 17, 18, 19, 20, 24, 25, 28, 29, 30, 34, 37, 38, 43, 44, 49, 52, 53, 54, 55, 56, 58, 61, 63, 66, 67, 68, 69, 70, 71, 72, 74, 76, 79, 80, 81, 82, 84, 85, 90, 94, 95, 97, 101, 103, 104, 106, 113, 115, 116, 118, 122, 125, 127, 131, 133, 135, 136, 139, 146, 150, 155, 157, 163, 165, 167, 168, 172, 174, 175, 177, 180, 182, 183, 186, 187, 188, 190, 193, 194, 198, 199, 203, 213, 214, 215, 216, 217, 218, 219, 220, 221, 222, 224, 228, 230, 231, 232, 238, 239, 240, 241, 242, 246, 248, 251, 253, 255, 256, 257, 258, 262, 263, 265, 268, 271, 276, 277, 282, 283, 284, 286, 290, 291, 292, 293, 294, 299, 300, 302, 303, 305, 308, 309, 310, 313, 314, 318, 320, 324, 326, 328, 330, 333, 334, 341, 342, 345, 347, 348, 350, 352, 353, 354, 356, 358, 359, 363, 367, 369, 371, 372, 373, 374, 375, 379, 382, 384, 385, 387, 389, 392, 394, 396, 399]
x_299: [1, 3, 6, 12, 13, 14, 15, 16, 19, 21, 22, 23, 26, 30, 31, 32, 36, 39, 40, 42, 45, 46, 47, 48, 50, 51, 52, 53, 56, 57, 60, 61, 62, 64, 65, 66, 80, 82, 86, 87, 88, 90, 98, 99, 100, 105, 106, 107, 109, 110, 111, 112, 113, 114, 117, 119, 120, 121, 122, 123, 124, 128, 129, 130, 132, 138, 140, 141, 142, 145, 147, 149, 151, 152, 154, 156, 157, 158, 159, 161, 162, 163, 164, 166, 170, 171, 173, 176, 177, 178, 179, 180, 181, 182, 184, 185, 189, 190, 191, 193, 195, 196, 197, 199, 200, 201, 203, 205, 206, 208, 209, 210, 211, 212, 214, 215, 221, 226, 229, 230, 233, 236, 239, 243, 244, 247, 248, 249, 250, 251, 252, 254, 256, 257, 259, 260, 261, 265, 266, 267, 269, 270, 273, 274, 276, 277, 278, 279, 280, 284, 286, 287, 288, 289, 291, 295, 296, 298, 300, 302, 303, 304, 311, 312, 315, 319, 320, 321, 323, 325, 327, 329, 331, 332, 335, 337, 342, 344, 349, 353, 354, 355, 359, 360, 361, 362, 366, 367, 368, 369, 370, 371, 374, 376, 377, 378, 380, 381, 382, 383, 386, 387, 388, 393, 398, 400]
x_300: [1, 3, 6, 12, 13, 14, 15, 16, 19, 21, 22, 23, 26, 30, 31, 32, 33, 36, 39, 40, 42, 43, 45, 46, 47, 51, 52, 53, 56, 57, 60, 61, 62, 65, 66, 72, 75, 77, 80, 82, 83, 86, 87, 90, 92, 96, 98, 99, 100, 106, 107, 109, 110, 111, 112, 113, 114, 117, 119, 120, 121, 122, 123, 128, 129, 131, 132, 134, 138, 140, 141, 142, 144, 145, 147, 148, 149, 151, 154, 156, 157, 158, 159, 161, 162, 164, 166, 169, 170, 173, 176, 177, 178, 180, 181, 182, 184, 185, 189, 190, 191, 192, 193, 195, 196, 197, 199, 200, 201, 202, 203, 205, 206, 208, 210, 214, 215, 221, 225, 226, 227, 228, 229, 230, 234, 235, 236, 237, 239, 243, 244, 245, 247, 248, 249, 250, 251, 252, 254, 256, 257, 259, 260, 261, 264, 265, 266, 267, 270, 273, 274, 275, 276, 277, 279, 284, 286, 287, 289, 291, 295, 296, 298, 299, 301, 302, 303, 304, 307, 311, 312, 313, 315, 316, 317, 320, 321, 322, 323, 327, 329, 331, 332, 335, 337, 338, 339, 340, 342, 344, 346, 349, 353, 354, 355, 357, 359, 360, 361, 362, 366, 368, 369, 371, 376, 377, 378, 380, 381, 383, 386, 387, 388, 393, 398, 400]
x_301: [1, 2, 4, 5, 8, 9, 10, 17, 18, 19, 20, 24, 25, 28, 30, 34, 35, 37, 38, 41, 42, 44, 46, 48, 49, 52, 53, 54, 58, 59, 63, 66, 67, 68, 73, 74, 76, 77, 78, 79, 82, 84, 85, 91, 93, 95, 97, 99, 101, 102, 103, 104, 106, 107, 109, 111, 115, 116, 118, 126, 127, 132, 134, 135, 136, 137, 139, 146, 148, 150, 153, 155, 160, 161, 165, 167, 168, 172, 175, 183, 184, 185, 186, 187, 191, 194, 198, 201, 203, 204, 209, 210, 211, 213, 214, 215, 216, 217, 218, 220, 221, 222, 224, 231, 236, 238, 240, 241, 242, 246, 248, 250, 251, 253, 255, 256, 257, 259, 260, 261, 262, 263, 265, 266, 272, 274, 276, 281, 282, 284, 285, 286, 290, 294, 297, 300, 303, 305, 307, 309, 310, 314, 315, 318, 324, 326, 328, 330, 331, 333, 334, 341, 345, 348, 350, 352, 356, 358, 363, 364, 365, 373, 375, 379, 384, 385, 387, 388, 389, 391, 394, 395, 396, 397]
x_302: [2, 4, 5, 7, 9, 10, 11, 12, 15, 17, 18, 27, 29, 30, 34, 35, 37, 38, 41, 43, 53, 54, 55, 56, 58, 59, 61, 63, 66, 67, 68, 69, 71, 72, 73, 76, 79, 80, 81, 82, 84, 85, 89, 90, 91, 93, 94, 97, 102, 103, 104, 106, 108, 113, 115, 116, 118, 122, 125, 126, 127, 131, 133, 137, 139, 146, 150, 153, 155, 157, 160, 163, 165, 167, 168, 172, 174, 175, 177, 180, 182, 183, 185, 186, 187, 190, 193, 194, 198, 199, 203, 204, 207, 213, 214, 215, 216, 217, 219, 221, 222, 223, 224, 228, 230, 231, 232, 238, 239, 240, 241, 242, 246, 251, 255, 256, 257, 258, 259, 262, 263, 265, 268, 271, 272, 276, 277, 281, 282, 284, 285, 290, 293, 294, 297, 298, 299, 300, 303, 305, 306, 308, 309, 310, 313, 318, 320, 324, 326, 328, 330, 333, 336, 341, 342, 345, 347, 348, 351, 352, 353, 354, 356, 358, 359, 363, 364, 365, 367, 369, 371, 372, 374, 379, 382, 385, 387, 389, 391, 392, 394, 395, 397, 399]
x_303: [1, 3, 12, 13, 14, 15, 16, 19, 21, 22, 23, 26, 30, 31, 32, 33, 36, 40, 42, 43, 45, 46, 48, 51, 52, 53, 56, 57, 61, 62, 64, 66, 72, 75, 80, 82, 83, 86, 87, 88, 90, 92, 96, 98, 99, 100, 106, 107, 109, 110, 112, 113, 114, 117, 120, 121, 122, 123, 128, 129, 130, 131, 132, 134, 138, 140, 141, 142, 143, 144, 147, 148, 149, 151, 152, 154, 157, 158, 161, 162, 163, 164, 166, 169, 170, 171, 173, 176, 177, 178, 179, 180, 182, 184, 185, 191, 192, 193, 195, 197, 199, 200, 201, 202, 203, 205, 206, 209, 211, 212, 214, 215, 221, 226, 227, 228, 229, 230, 233, 234, 235, 239, 243, 244, 245, 247, 248, 250, 251, 254, 256, 257, 259, 260, 261, 264, 265, 267, 269, 273, 274, 275, 276, 277, 278, 279, 280, 284, 286, 287, 288, 289, 291, 295, 296, 298, 299, 300, 301, 302, 307, 311, 313, 315, 316, 317, 319, 320, 321, 323, 327, 329, 331, 332, 335, 337, 339, 340, 342, 343, 346, 349, 353, 357, 359, 361, 362, 366, 367, 368, 369, 370, 371, 374, 378, 381, 382, 383, 386, 387, 388, 390, 393, 398, 400]
x_304: [2, 3, 5, 7, 9, 10, 11, 16, 17, 18, 19, 20, 24, 25, 27, 29, 30, 32, 34, 35, 38, 41, 44, 49, 51, 54, 55, 57, 58, 59, 63, 66, 67, 68, 70, 71, 73, 74, 76, 79, 81, 82, 84, 88, 89, 91, 93, 95, 97, 101, 104, 106, 113, 116, 118, 120, 123, 125, 127, 135, 136, 137, 140, 146, 147, 150, 151, 159, 160, 165, 166, 167, 172, 174, 175, 183, 185, 186, 187, 189, 195, 197, 198, 199, 203, 204, 206, 207, 212, 213, 214, 215, 216, 217, 218, 219, 220, 221, 222, 223, 224, 231, 232, 239, 240, 241, 243, 244, 246, 248, 251, 253, 255, 256, 258, 259, 263, 265, 268, 269, 271, 272, 276, 282, 285, 286, 289, 290, 291, 292, 294, 297, 299, 300, 305, 306, 308, 309, 310, 318, 324, 326, 328, 330, 332, 333, 334, 336, 339, 341, 345, 346, 347, 348, 349, 350, 351, 352, 353, 356, 358, 363, 364, 365, 366, 369, 370, 372, 373, 375, 379, 383, 384, 387, 389, 391, 394, 395, 396, 397, 398, 399]
x_305: [1, 3, 6, 7, 9, 11, 13, 14, 15, 16, 20, 21, 22, 23, 25, 26, 29, 31, 32, 33, 36, 39, 42, 43, 45, 46, 47, 48, 49, 50, 51, 57, 60, 61, 62, 65, 69, 70, 72, 75, 77, 80, 83, 86, 87, 88, 90, 92, 98, 99, 100, 105, 107, 109, 110, 111, 112, 114, 117, 121, 122, 123, 124, 125, 126, 128, 129, 130, 131, 132, 134, 137, 138, 140, 142, 143, 144, 146, 147, 148, 151, 152, 154, 156, 157, 162, 163, 164, 169, 170, 171, 172, 173, 177, 178, 179, 180, 181, 182, 184, 187, 188, 189, 190, 191, 192, 193, 195, 196, 197, 201, 202, 205, 206, 208, 209, 210, 211, 212, 222, 223, 225, 226, 227, 228, 229, 230, 233, 234, 235, 236, 237, 243, 244, 245, 246, 249, 250, 252, 254, 260, 261, 264, 266, 267, 269, 270, 271, 273, 274, 275, 277, 278, 279, 280, 281, 285, 287, 288, 289, 292, 295, 298, 301, 302, 304, 307, 311, 313, 317, 318, 319, 320, 321, 322, 323, 325, 327, 329, 331, 332, 335, 337, 338, 340, 342, 343, 344, 345, 346, 349, 352, 354, 355, 357, 359, 360, 361, 362, 364, 366, 367, 368, 370, 371, 373, 374, 376, 377, 378, 380, 381, 382, 385, 386, 388, 390, 393, 396]
x_306: [1, 4, 6, 12, 13, 14, 15, 16, 21, 22, 23, 28, 31, 32, 33, 35, 36, 40, 43, 45, 46, 47, 48, 50, 51, 55, 56, 57, 60, 61, 65, 71, 72, 75, 77, 80, 83, 86, 87, 88, 90, 92, 95, 96, 99, 100, 102, 103, 105, 107, 109, 110, 111, 112, 114, 117, 119, 120, 122, 128, 129, 130, 131, 134, 138, 140, 141, 142, 143, 144, 147, 149, 150, 151, 152, 154, 156, 157, 158, 159, 161, 162, 163, 164, 166, 167, 169, 171, 173, 176, 179, 180, 181, 182, 183, 184, 189, 190, 192, 193, 194, 195, 197, 200, 201, 202, 205, 207, 208, 209, 210, 211, 212, 213, 226, 228, 229, 230, 232, 234, 235, 236, 237, 242, 243, 244, 245, 247, 250, 252, 254, 258, 262, 263, 266, 267, 268, 269, 270, 273, 274, 275, 278, 279, 280, 288, 289, 290, 293, 295, 296, 297, 302, 304, 308, 311, 312, 313, 315, 316, 317, 321, 322, 323, 325, 327, 329, 330, 331, 332, 333, 335, 336, 338, 339, 340, 341, 342, 343, 344, 346, 348, 354, 355, 359, 360, 361, 362, 366, 367, 368, 370, 371, 374, 376, 381, 382, 383, 386, 388, 390, 391, 393, 398, 400]
x_307: [1, 2, 4, 5, 8, 9, 10, 11, 17, 18, 19, 20, 24, 25, 27, 28, 29, 30, 34, 35, 37, 38, 41, 42, 44, 46, 48, 49, 53, 54, 55, 58, 59, 63, 66, 67, 69, 70, 71, 73, 77, 78, 82, 84, 85, 91, 93, 94, 95, 97, 99, 101, 102, 106, 107, 108, 109, 111, 113, 115, 116, 125, 126, 132, 134, 135, 136, 137, 139, 146, 148, 150, 153, 155, 160, 161, 167, 168, 172, 174, 175, 184, 185, 187, 188, 191, 194, 199, 201, 203, 207, 209, 210, 211, 213, 214, 215, 216, 217, 218, 219, 220, 221, 222, 223, 224, 231, 232, 236, 238, 239, 240, 242, 246, 248, 250, 253, 255, 256, 257, 258, 259, 260, 261, 262, 266, 271, 272, 274, 276, 281, 282, 283, 284, 285, 286, 290, 291, 292, 293, 294, 297, 300, 301, 303, 305, 308, 309, 310, 315, 318, 324, 326, 328, 330, 331, 334, 336, 341, 345, 347, 348, 350, 351, 352, 353, 356, 358, 364, 365, 369, 372, 375, 379, 384, 385, 387, 388, 389, 391, 392, 394, 395, 396, 397, 399]
x_308: [1, 3, 4, 6, 12, 13, 14, 16, 21, 22, 23, 26, 28, 31, 32, 35, 36, 40, 42, 43, 45, 46, 48, 50, 51, 55, 56, 57, 60, 62, 65, 71, 72, 77, 83, 87, 88, 90, 92, 95, 96, 98, 99, 100, 102, 103, 105, 107, 109, 110, 111, 112, 114, 117, 119, 120, 121, 122, 123, 129, 130, 131, 132, 134, 140, 141, 142, 143, 144, 145, 147, 150, 152, 154, 156, 157, 159, 161, 163, 164, 166, 167, 169, 170, 171, 173, 176, 177, 178, 180, 181, 182, 183, 184, 189, 190, 191, 193, 194, 195, 196, 197, 200, 205, 206, 207, 208, 209, 210, 211, 212, 213, 225, 226, 227, 228, 230, 232, 233, 234, 235, 236, 237, 242, 243, 244, 245, 247, 249, 252, 254, 258, 260, 261, 262, 263, 266, 267, 268, 269, 273, 274, 275, 277, 278, 279, 280, 287, 289, 290, 293, 297, 298, 302, 304, 306, 307, 311, 312, 313, 315, 317, 319, 320, 321, 322, 323, 325, 327, 329, 330, 331, 332, 333, 335, 336, 337, 338, 339, 340, 341, 343, 344, 346, 348, 349, 355, 357, 359, 360, 361, 362, 367, 370, 371, 374, 376, 377, 378, 380, 381, 382, 383, 386, 388, 391, 393, 398]
x_309: [1, 3, 6, 12, 13, 14, 16, 17, 21, 22, 23, 26, 31, 32, 33, 34, 36, 39, 40, 42, 43, 45, 46, 47, 48, 50, 51, 56, 57, 61, 62, 63, 64, 65, 68, 72, 75, 79, 80, 83, 86, 87, 88, 90, 91, 96, 98, 99, 100, 101, 105, 107, 108, 109, 110, 111, 112, 114, 117, 118, 120, 121, 124, 128, 129, 130, 131, 134, 136, 138, 140, 141, 143, 144, 145, 147, 148, 149, 152, 155, 156, 157, 158, 159, 161, 162, 163, 164, 165, 169, 170, 171, 173, 176, 177, 178, 179, 180, 181, 182, 186, 189, 190, 191, 192, 193, 195, 197, 198, 200, 201, 202, 204, 205, 206, 208, 209, 210, 211, 212, 225, 226, 227, 228, 229, 231, 233, 235, 236, 237, 238, 240, 243, 244, 245, 247, 249, 252, 255, 260, 261, 264, 266, 267, 269, 270, 272, 273, 274, 275, 277, 279, 280, 282, 283, 287, 288, 295, 298, 301, 302, 304, 307, 310, 311, 312, 313, 315, 316, 317, 320, 321, 322, 323, 325, 326, 327, 331, 332, 335, 337, 338, 339, 340, 342, 343, 344, 346, 347, 349, 355, 356, 357, 359, 360, 361, 365, 366, 367, 368, 370, 371, 372, 374, 376, 377, 378, 380, 383, 384, 386, 388, 397, 398]
x_310: [1, 3, 6, 12, 13, 14, 15, 16, 17, 21, 23, 26, 31, 32, 34, 36, 40, 45, 46, 47, 48, 50, 51, 56, 57, 60, 61, 62, 63, 64, 65, 68, 72, 75, 77, 79, 80, 83, 86, 87, 88, 90, 91, 92, 96, 98, 99, 101, 105, 107, 108, 109, 111, 112, 114, 117, 118, 119, 120, 121, 122, 123, 124, 128, 129, 130, 131, 132, 134, 136, 138, 140, 141, 142, 143, 144, 145, 147, 148, 149, 151, 152, 154, 155, 156, 157, 158, 161, 162, 163, 164, 165, 166, 169, 170, 171, 173, 176, 177, 178, 179, 180, 181, 184, 186, 189, 190, 191, 192, 193, 195, 196, 198, 200, 201, 202, 204, 205, 206, 208, 209, 210, 211, 225, 226, 227, 229, 230, 231, 233, 234, 235, 236, 237, 238, 240, 243, 244, 245, 247, 249, 250, 252, 254, 255, 260, 261, 264, 267, 269, 270, 272, 273, 274, 275, 278, 279, 282, 283, 288, 289, 295, 296, 298, 301, 302, 304, 307, 309, 311, 312, 313, 315, 317, 319, 321, 322, 325, 326, 327, 329, 331, 332, 335, 337, 338, 339, 340, 342, 343, 344, 346, 347, 349, 354, 355, 356, 357, 359, 361, 362, 365, 366, 367, 368, 370, 371, 372, 374, 376, 377, 381, 382, 384, 386, 388, 390, 393, 397, 398, 400]
x_311: [2, 4, 5, 8, 9, 10, 11, 18, 19, 21, 24, 27, 28, 29, 33, 34, 35, 37, 39, 41, 44, 49, 53, 55, 58, 59, 62, 63, 65, 66, 68, 69, 70, 71, 73, 74, 75, 76, 78, 79, 81, 82, 83, 84, 85, 86, 89, 91, 92, 95, 97, 98, 101, 102, 103, 104, 105, 106, 108, 113, 114, 115, 116, 118, 119, 125, 126, 127, 133, 136, 137, 139, 146, 150, 152, 153, 155, 160, 165, 167, 168, 171, 172, 174, 175, 178, 183, 185, 186, 187, 188, 194, 198, 199, 204, 213, 214, 215, 216, 217, 218, 219, 221, 222, 223, 224, 232, 238, 239, 240, 241, 242, 247, 248, 249, 251, 253, 254, 255, 256, 257, 259, 262, 263, 265, 268, 271, 272, 273, 276, 281, 282, 283, 284, 285, 286, 290, 291, 292, 293, 294, 297, 299, 300, 303, 305, 306, 308, 309, 310, 314, 317, 318, 323, 324, 325, 326, 328, 329, 330, 333, 334, 336, 341, 345, 347, 348, 350, 351, 352, 356, 358, 361, 363, 364, 365, 369, 372, 376, 381, 384, 385, 386, 389, 391, 392, 395, 396, 397, 399, 400]
x_312: [4, 5, 6, 8, 9, 10, 11, 17, 18, 19, 20, 22, 24, 25, 26, 27, 28, 29, 30, 35, 37, 38, 41, 44, 45, 47, 49, 53, 54, 55, 58, 59, 63, 66, 67, 68, 69, 70, 71, 73, 74, 76, 78, 79, 81, 82, 85, 87, 91, 93, 94, 95, 96, 97, 101, 102, 103, 104, 106, 110, 113, 115, 116, 118, 121, 125, 126, 127, 133, 135, 136, 138, 139, 141, 146, 149, 150, 153, 155, 160, 162, 164, 165, 167, 169, 170, 172, 174, 175, 183, 186, 188, 194, 198, 199, 202, 207, 213, 214, 215, 216, 217, 218, 219, 220, 221, 222, 223, 224, 225, 232, 235, 237, 238, 239, 242, 246, 248, 251, 252, 253, 255, 256, 257, 258, 259, 262, 263, 265, 267, 268, 270, 271, 272, 276, 278, 280, 281, 282, 283, 284, 286, 290, 291, 294, 297, 299, 300, 306, 308, 309, 310, 314, 316, 324, 326, 327, 328, 330, 333, 334, 336, 337, 338, 341, 345, 347, 350, 352, 353, 356, 358, 364, 365, 369, 372, 373, 379, 384, 387, 389, 390, 391, 392, 394, 395, 396, 397, 399]
x_313: [2, 4, 5, 7, 11, 12, 15, 17, 18, 19, 24, 25, 28, 29, 30, 34, 35, 37, 38, 41, 43, 44, 49, 52, 53, 54, 55, 56, 58, 59, 61, 63, 66, 67, 69, 70, 71, 72, 78, 79, 80, 81, 84, 85, 89, 90, 91, 93, 95, 97, 101, 103, 104, 106, 108, 113, 115, 116, 118, 122, 125, 127, 131, 133, 135, 136, 137, 146, 150, 153, 155, 157, 160, 163, 165, 167, 168, 172, 174, 175, 177, 180, 182, 183, 185, 186, 188, 190, 193, 194, 198, 199, 203, 204, 207, 214, 215, 216, 217, 218, 220, 221, 222, 223, 224, 228, 230, 232, 239, 240, 241, 246, 248, 251, 253, 255, 256, 257, 259, 262, 263, 265, 268, 271, 272, 277, 281, 282, 284, 286, 290, 291, 292, 293, 294, 297, 298, 300, 302, 303, 305, 306, 308, 309, 310, 314, 318, 320, 324, 326, 328, 330, 333, 334, 341, 342, 345, 347, 350, 352, 353, 354, 356, 358, 359, 363, 365, 367, 369, 371, 372, 373, 374, 375, 379, 382, 384, 385, 389, 391, 392, 394, 395, 396, 397, 399]
x_314: [1, 2, 3, 12, 14, 15, 16, 18, 21, 22, 23, 24, 26, 31, 32, 33, 36, 38, 39, 40, 42, 44, 47, 48, 51, 59, 60, 61, 62, 67, 72, 73, 74, 75, 76, 77, 80, 81, 83, 85, 86, 87, 90, 92, 94, 96, 97, 98, 99, 100, 105, 107, 109, 110, 111, 112, 114, 115, 117, 119, 120, 121, 122, 123, 124, 128, 129, 130, 131, 132, 134, 138, 139, 141, 142, 143, 144, 147, 149, 151, 152, 153, 154, 156, 157, 158, 159, 161, 163, 164, 166, 169, 170, 171, 173, 177, 178, 179, 180, 182, 184, 189, 192, 193, 195, 196, 197, 200, 201, 202, 205, 208, 209, 210, 211, 219, 220, 225, 227, 228, 229, 230, 233, 234, 235, 236, 237, 241, 243, 244, 247, 249, 250, 252, 253, 254, 260, 261, 264, 267, 269, 270, 273, 274, 275, 277, 280, 287, 288, 289, 294, 295, 296, 298, 301, 311, 312, 313, 315, 316, 317, 319, 320, 321, 322, 323, 325, 327, 328, 329, 331, 332, 334, 335, 337, 338, 339, 340, 343, 344, 346, 350, 351, 357, 358, 360, 362, 363, 366, 367, 368, 370, 371, 374, 375, 376, 377, 378, 380, 381, 382, 383, 386, 388, 393, 399, 400]
x_315: [1, 2, 5, 9, 10, 11, 17, 18, 19, 20, 25, 27, 28, 29, 30, 35, 37, 38, 41, 42, 44, 46, 48, 49, 53, 54, 55, 58, 59, 63, 66, 67, 68, 69, 70, 71, 73, 74, 76, 77, 78, 79, 81, 82, 84, 85, 89, 91, 93, 94, 95, 97, 99, 101, 103, 106, 107, 108, 109, 111, 113, 115, 116, 118, 125, 126, 127, 132, 133, 134, 135, 136, 137, 139, 146, 148, 150, 153, 155, 160, 161, 167, 168, 172, 174, 175, 183, 184, 185, 187, 188, 191, 194, 199, 201, 204, 207, 209, 210, 211, 213, 214, 215, 216, 217, 218, 219, 220, 221, 222, 223, 224, 231, 232, 236, 239, 242, 246, 248, 250, 251, 255, 256, 257, 258, 259, 260, 261, 262, 263, 265, 266, 268, 274, 276, 281, 282, 283, 284, 285, 290, 291, 292, 293, 294, 299, 300, 301, 303, 306, 307, 308, 309, 310, 314, 318, 324, 326, 330, 331, 333, 334, 336, 341, 347, 348, 351, 353, 356, 363, 364, 372, 373, 375, 379, 384, 385, 387, 388, 389, 391, 392, 394, 395, 396, 397, 399]
x_316: [5, 6, 7, 8, 9, 10, 17, 19, 20, 22, 24, 26, 27, 28, 29, 34, 38, 41, 44, 45, 47, 49, 52, 53, 55, 58, 59, 63, 66, 68, 69, 70, 71, 73, 74, 76, 78, 79, 81, 82, 84, 85, 87, 89, 91, 93, 96, 97, 101, 102, 103, 104, 106, 108, 110, 113, 116, 118, 121, 125, 126, 127, 135, 137, 138, 139, 141, 146, 149, 150, 153, 155, 160, 162, 164, 165, 167, 168, 169, 170, 172, 174, 175, 186, 187, 194, 198, 199, 202, 203, 204, 213, 214, 216, 217, 218, 219, 220, 221, 222, 223, 224, 225, 231, 232, 235, 237, 238, 239, 241, 246, 248, 251, 252, 253, 255, 256, 257, 258, 259, 262, 263, 265, 267, 268, 270, 271, 272, 276, 278, 280, 281, 282, 283, 284, 285, 290, 292, 293, 294, 297, 300, 303, 306, 309, 312, 314, 318, 324, 326, 327, 328, 330, 333, 334, 336, 337, 338, 341, 345, 348, 350, 351, 352, 353, 358, 363, 364, 372, 373, 375, 379, 384, 385, 387, 390, 391, 392, 394, 395, 396, 397, 399]
x_317: [4, 7, 8, 10, 11, 17, 18, 19, 20, 21, 24, 25, 27, 28, 29, 30, 33, 34, 35, 37, 38, 39, 41, 44, 49, 52, 53, 54, 55, 58, 62, 63, 65, 67, 68, 69, 70, 73, 75, 76, 78, 79, 81, 82, 83, 85, 86, 89, 91, 92, 93, 94, 95, 97, 98, 101, 105, 106, 108, 113, 114, 115, 116, 118, 119, 125, 126, 127, 133, 135, 136, 137, 139, 150, 152, 155, 165, 167, 168, 171, 172, 174, 175, 178, 183, 185, 186, 187, 188, 194, 198, 199, 203, 204, 207, 216, 217, 219, 220, 221, 222, 223, 224, 231, 232, 238, 239, 240, 241, 246, 247, 249, 253, 254, 255, 256, 258, 259, 262, 263, 265, 268, 271, 272, 273, 276, 281, 282, 283, 284, 285, 286, 290, 291, 292, 293, 294, 297, 300, 303, 305, 306, 308, 309, 310, 311, 314, 323, 324, 325, 328, 329, 330, 333, 336, 341, 345, 347, 348, 350, 351, 352, 353, 356, 358, 361, 363, 364, 369, 372, 373, 375, 376, 379, 381, 384, 385, 386, 387, 391, 392, 394, 395, 396, 397, 399, 400]
x_318: [1, 3, 6, 7, 9, 11, 12, 14, 15, 16, 20, 21, 22, 25, 26, 29, 31, 32, 33, 36, 39, 42, 43, 46, 47, 48, 49, 50, 51, 56, 57, 60, 61, 62, 64, 65, 69, 70, 72, 75, 77, 80, 83, 86, 87, 88, 90, 92, 96, 98, 99, 100, 107, 109, 110, 111, 112, 117, 119, 120, 121, 122, 123, 124, 125, 126, 128, 129, 130, 134, 137, 138, 140, 141, 142, 143, 144, 145, 146, 147, 148, 149, 152, 154, 158, 161, 162, 163, 164, 166, 169, 170, 171, 172, 176, 177, 178, 179, 180, 181, 182, 184, 187, 188, 190, 192, 193, 196, 197, 200, 201, 202, 205, 206, 209, 210, 211, 222, 223, 225, 227, 228, 229, 230, 233, 234, 235, 237, 243, 244, 245, 246, 247, 249, 250, 252, 254, 264, 266, 267, 269, 270, 271, 274, 275, 277, 278, 279, 280, 281, 285, 287, 288, 289, 292, 295, 296, 298, 301, 302, 304, 305, 307, 311, 313, 315, 316, 319, 320, 321, 323, 325, 327, 329, 331, 332, 338, 339, 342, 343, 344, 345, 346, 352, 354, 355, 357, 359, 360, 361, 362, 364, 367, 368, 370, 373, 374, 376, 377, 378, 380, 381, 383, 385, 386, 388, 390, 393, 396, 398, 400]
x_319: [2, 7, 8, 9, 11, 17, 18, 24, 27, 28, 29, 30, 31, 35, 36, 37, 38, 40, 41, 49, 53, 54, 55, 58, 59, 63, 66, 67, 68, 69, 70, 71, 73, 74, 76, 78, 81, 82, 84, 85, 91, 93, 94, 95, 97, 100, 101, 102, 103, 104, 106, 108, 113, 115, 116, 117, 118, 124, 125, 127, 128, 130, 135, 136, 137, 142, 143, 145, 150, 153, 155, 156, 158, 167, 168, 172, 173, 174, 175, 176, 179, 183, 185, 187, 188, 192, 194, 196, 198, 199, 203, 205, 207, 208, 213, 215, 217, 218, 219, 220, 221, 222, 223, 224, 226, 231, 232, 233, 238, 239, 240, 241, 242, 246, 248, 251, 255, 256, 258, 259, 262, 263, 265, 268, 271, 272, 275, 276, 281, 282, 283, 284, 285, 286, 287, 290, 291, 293, 296, 297, 299, 303, 305, 308, 310, 314, 318, 322, 324, 326, 328, 330, 333, 334, 341, 347, 348, 350, 351, 353, 355, 356, 358, 363, 364, 365, 368, 372, 373, 375, 379, 380, 384, 385, 387, 389, 391, 392, 393, 395, 396, 397, 399]
x_320: [2, 5, 8, 10, 11, 12, 15, 17, 18, 19, 20, 24, 27, 29, 30, 34, 35, 37, 38, 43, 44, 49, 52, 53, 54, 55, 56, 58, 59, 61, 63, 66, 67, 69, 70, 71, 72, 74, 76, 78, 80, 81, 82, 84, 85, 89, 90, 91, 94, 95, 97, 101, 102, 103, 106, 108, 113, 115, 116, 118, 122, 125, 127, 131, 133, 135, 136, 137, 139, 146, 150, 153, 155, 157, 160, 163, 165, 167, 168, 172, 174, 175, 177, 180, 182, 183, 190, 193, 194, 198, 199, 203, 204, 207, 213, 214, 215, 216, 218, 219, 221, 222, 223, 224, 228, 230, 238, 240, 241, 242, 246, 248, 251, 253, 255, 257, 258, 259, 262, 263, 265, 268, 271, 272, 276, 277, 281, 282, 283, 284, 286, 290, 291, 292, 293, 294, 297, 298, 299, 300, 302, 303, 305, 308, 309, 313, 314, 318, 324, 326, 328, 330, 333, 334, 336, 341, 342, 345, 347, 348, 350, 351, 352, 353, 354, 356, 358, 359, 363, 364, 365, 367, 369, 371, 372, 373, 374, 375, 379, 382, 384, 385, 387, 389, 392, 394, 395, 396, 397, 399]
x_321: [2, 4, 5, 7, 8, 9, 10, 11, 13, 14, 17, 18, 20, 23, 24, 27, 29, 30, 34, 35, 37, 38, 41, 44, 49, 50, 53, 54, 55, 58, 59, 60, 63, 64, 66, 68, 69, 70, 73, 74, 76, 81, 82, 84, 85, 91, 93, 94, 95, 97, 101, 102, 103, 104, 106, 108, 112, 113, 116, 125, 126, 129, 133, 136, 137, 139, 144, 150, 153, 154, 155, 160, 165, 172, 174, 175, 181, 183, 185, 186, 187, 188, 194, 198, 199, 200, 203, 204, 213, 214, 215, 218, 219, 220, 222, 223, 224, 227, 229, 231, 232, 234, 238, 240, 245, 246, 248, 251, 253, 255, 256, 257, 258, 259, 262, 263, 264, 265, 268, 271, 276, 279, 282, 283, 284, 285, 286, 288, 290, 291, 293, 295, 299, 300, 303, 305, 306, 308, 309, 310, 314, 318, 324, 326, 328, 330, 333, 334, 335, 340, 341, 343, 344, 345, 347, 348, 350, 351, 352, 353, 356, 357, 358, 360, 362, 363, 364, 365, 372, 373, 375, 377, 378, 379, 384, 385, 387, 389, 391, 392, 394, 395, 396, 397, 399]
x_322: [4, 5, 7, 8, 10, 11, 17, 18, 19, 20, 25, 27, 28, 29, 30, 31, 34, 35, 36, 37, 38, 40, 41, 44, 49, 53, 54, 55, 59, 63, 66, 67, 68, 70, 71, 73, 74, 76, 78, 79, 81, 82, 84, 85, 89, 91, 93, 97, 100, 101, 102, 103, 104, 106, 108, 113, 115, 116, 117, 118, 124, 125, 126, 127, 128, 130, 133, 136, 142, 143, 145, 146, 150, 153, 155, 156, 158, 160, 165, 167, 168, 172, 173, 174, 176, 179, 183, 186, 187, 188, 192, 196, 198, 199, 203, 204, 205, 207, 208, 213, 214, 215, 217, 218, 219, 220, 221, 222, 223, 224, 226, 231, 232, 233, 238, 239, 240, 242, 246, 248, 251, 255, 256, 257, 258, 259, 262, 263, 268, 271, 272, 275, 276, 281, 282, 285, 286, 287, 290, 291, 293, 294, 296, 297, 300, 305, 306, 308, 309, 310, 314, 319, 324, 326, 328, 330, 336, 341, 345, 347, 348, 351, 352, 353, 355, 356, 358, 363, 365, 368, 369, 372, 373, 375, 379, 380, 384, 385, 387, 389, 391, 392, 393, 394, 395, 396, 397, 399]
x_323: [2, 4, 5, 7, 8, 9, 10, 11, 18, 19, 20, 21, 24, 25, 27, 29, 30, 33, 34, 35, 37, 38, 39, 41, 44, 49, 53, 54, 55, 58, 59, 62, 63, 65, 66, 67, 68, 69, 70, 71, 73, 75, 76, 78, 79, 81, 82, 83, 84, 85, 86, 89, 91, 92, 93, 94, 95, 97, 98, 101, 102, 104, 105, 106, 108, 113, 114, 115, 116, 118, 119, 125, 126, 127, 133, 136, 137, 139, 146, 152, 153, 155, 160, 165, 168, 171, 172, 174, 175, 178, 183, 185, 186, 187, 188, 194, 198, 199, 204, 213, 214, 215, 217, 218, 219, 220, 221, 222, 223, 231, 232, 238, 239, 242, 246, 247, 249, 251, 253, 254, 255, 256, 257, 258, 259, 262, 263, 265, 271, 273, 276, 281, 282, 283, 284, 285, 286, 291, 292, 293, 294, 297, 299, 300, 303, 305, 306, 308, 309, 311, 314, 317, 318, 325, 326, 328, 329, 330, 333, 334, 336, 341, 347, 348, 350, 351, 352, 353, 356, 361, 364, 365, 369, 372, 375, 376, 379, 381, 384, 385, 386, 387, 389, 391, 392, 395, 396, 397, 399, 400]
x_324: [3, 5, 6, 8, 10, 12, 14, 15, 16, 21, 22, 23, 26, 27, 31, 32, 33, 36, 37, 39, 40, 41, 42, 43, 45, 46, 48, 50, 51, 54, 56, 57, 58, 60, 61, 62, 64, 65, 72, 75, 77, 78, 80, 84, 86, 88, 89, 90, 92, 93, 98, 99, 100, 104, 107, 111, 112, 114, 116, 117, 119, 120, 121, 122, 123, 124, 127, 128, 129, 130, 131, 132, 133, 134, 135, 138, 140, 141, 142, 143, 145, 148, 149, 151, 152, 154, 156, 157, 158, 159, 160, 161, 162, 163, 164, 166, 168, 169, 170, 173, 174, 175, 176, 178, 179, 180, 181, 182, 184, 190, 191, 192, 193, 195, 196, 200, 201, 202, 205, 206, 209, 211, 212, 216, 217, 218, 224, 225, 226, 227, 228, 230, 233, 234, 235, 236, 237, 244, 245, 247, 250, 252, 260, 264, 266, 267, 269, 273, 274, 275, 277, 279, 280, 287, 288, 289, 295, 298, 301, 302, 304, 307, 311, 312, 313, 315, 316, 317, 319, 320, 321, 322, 325, 327, 329, 332, 335, 337, 338, 339, 340, 342, 343, 344, 346, 354, 355, 357, 359, 360, 362, 366, 370, 371, 376, 377, 378, 379, 380, 381, 382, 383, 386, 388, 389, 392, 393, 394, 395, 398, 400]
x_325: [4, 5, 8, 9, 10, 11, 17, 18, 19, 20, 21, 24, 25, 27, 28, 29, 30, 33, 35, 37, 38, 39, 41, 44, 49, 52, 53, 55, 58, 59, 62, 63, 65, 66, 67, 68, 69, 70, 71, 73, 74, 75, 76, 78, 79, 81, 83, 84, 85, 86, 89, 91, 92, 93, 94, 95, 97, 98, 102, 103, 104, 105, 106, 108, 113, 114, 115, 118, 119, 125, 126, 127, 135, 136, 139, 146, 150, 152, 153, 155, 167, 168, 171, 172, 174, 175, 178, 183, 185, 186, 187, 188, 194, 198, 199, 203, 204, 207, 213, 214, 215, 216, 218, 219, 220, 222, 223, 224, 231, 232, 238, 239, 240, 241, 242, 246, 247, 248, 249, 251, 253, 254, 255, 256, 258, 259, 262, 265, 268, 271, 272, 273, 276, 281, 282, 284, 285, 286, 290, 292, 293, 294, 299, 305, 306, 308, 309, 310, 311, 314, 317, 318, 323, 324, 326, 328, 329, 330, 333, 334, 336, 341, 348, 350, 351, 352, 353, 356, 358, 361, 363, 365, 369, 372, 373, 375, 376, 379, 381, 384, 386, 387, 389, 391, 394, 395, 396, 397, 399, 400]
x_326: [1, 3, 6, 12, 13, 15, 16, 17, 21, 22, 23, 26, 31, 32, 33, 34, 36, 40, 42, 46, 47, 50, 51, 56, 57, 60, 62, 63, 64, 65, 68, 75, 79, 80, 86, 87, 88, 90, 91, 92, 96, 98, 99, 101, 105, 107, 108, 109, 110, 111, 112, 114, 117, 118, 119, 120, 121, 122, 123, 124, 128, 129, 130, 132, 134, 136, 138, 140, 142, 143, 144, 145, 148, 149, 152, 154, 155, 156, 157, 158, 159, 161, 162, 164, 165, 166, 169, 170, 171, 173, 176, 177, 178, 179, 180, 181, 182, 184, 186, 190, 191, 192, 193, 195, 196, 197, 198, 200, 201, 202, 204, 206, 208, 209, 211, 212, 225, 226, 228, 230, 231, 233, 234, 235, 237, 238, 240, 244, 245, 247, 250, 252, 255, 260, 261, 264, 266, 267, 269, 270, 272, 273, 274, 275, 277, 278, 279, 282, 283, 287, 288, 289, 295, 296, 298, 301, 302, 304, 307, 309, 310, 311, 312, 313, 315, 316, 319, 320, 321, 322, 323, 325, 327, 331, 335, 337, 338, 339, 340, 342, 343, 344, 346, 347, 349, 354, 356, 357, 359, 360, 361, 365, 366, 371, 372, 374, 376, 377, 378, 380, 382, 383, 384, 386, 388, 393, 397, 398, 400]
x_327: [2, 4, 5, 6, 7, 8, 9, 10, 11, 17, 18, 19, 20, 22, 24, 25, 26, 27, 28, 29, 30, 34, 35, 37, 41, 44, 45, 47, 49, 52, 53, 54, 55, 58, 59, 63, 66, 67, 68, 70, 73, 74, 78, 79, 81, 82, 84, 85, 87, 89, 91, 93, 94, 95, 96, 101, 102, 103, 104, 106, 108, 110, 115, 116, 121, 125, 126, 127, 133, 136, 137, 138, 139, 141, 146, 149, 150, 155, 160, 162, 164, 165, 167, 168, 169, 170, 172, 174, 175, 183, 185, 186, 187, 188, 198, 202, 203, 204, 207, 213, 214, 215, 216, 217, 218, 219, 220, 223, 224, 225, 231, 232, 235, 237, 238, 239, 240, 241, 242, 246, 248, 251, 252, 253, 255, 256, 257, 258, 259, 262, 263, 265, 267, 268, 270, 271, 272, 276, 278, 280, 282, 283, 284, 285, 286, 290, 293, 294, 297, 299, 300, 303, 305, 306, 308, 309, 310, 312, 314, 316, 318, 324, 326, 328, 330, 333, 334, 336, 337, 338, 341, 345, 347, 348, 350, 351, 352, 353, 356, 358, 363, 364, 369, 375, 379, 384, 385, 387, 389, 390, 391, 392, 394, 396, 397, 399]
x_328: [1, 2, 3, 6, 12, 13, 14, 15, 16, 18, 21, 23, 24, 26, 31, 32, 33, 36, 38, 39, 40, 42, 43, 44, 46, 47, 48, 50, 51, 56, 57, 59, 61, 62, 64, 65, 67, 72, 73, 74, 76, 77, 80, 81, 83, 85, 86, 87, 88, 92, 94, 96, 97, 100, 105, 107, 109, 110, 111, 112, 114, 115, 117, 119, 120, 121, 122, 123, 124, 129, 130, 134, 139, 140, 141, 142, 143, 145, 148, 149, 152, 153, 154, 156, 157, 158, 159, 161, 162, 163, 169, 170, 171, 176, 177, 179, 180, 182, 184, 189, 190, 191, 192, 193, 195, 196, 197, 201, 206, 208, 209, 210, 211, 212, 219, 220, 225, 227, 228, 230, 233, 234, 235, 236, 237, 241, 243, 244, 245, 247, 249, 250, 252, 253, 254, 260, 261, 264, 266, 269, 270, 273, 274, 275, 277, 278, 279, 280, 287, 289, 294, 295, 296, 298, 301, 302, 304, 307, 311, 312, 313, 314, 316, 317, 319, 320, 321, 322, 323, 325, 327, 329, 331, 332, 334, 335, 337, 338, 339, 340, 342, 344, 346, 349, 350, 351, 354, 355, 357, 358, 359, 360, 361, 363, 366, 367, 368, 370, 371, 374, 375, 376, 377, 378, 380, 381, 382, 383, 386, 388, 398, 399, 400]
x_329: [2, 4, 5, 7, 8, 9, 10, 11, 17, 18, 19, 20, 21, 24, 25, 27, 28, 29, 33, 34, 35, 37, 38, 39, 41, 44, 54, 55, 59, 62, 63, 65, 66, 67, 68, 69, 70, 73, 74, 75, 76, 78, 79, 81, 82, 83, 85, 86, 92, 93, 94, 95, 97, 98, 101, 102, 103, 104, 105, 106, 113, 114, 118, 119, 125, 126, 127, 133, 135, 136, 137, 139, 146, 150, 152, 153, 155, 160, 165, 167, 168, 171, 172, 174, 178, 183, 185, 186, 187, 188, 194, 198, 199, 204, 207, 213, 214, 215, 216, 217, 218, 219, 220, 221, 222, 223, 224, 231, 232, 238, 239, 240, 242, 246, 247, 248, 249, 253, 254, 255, 256, 257, 258, 262, 263, 265, 268, 271, 272, 273, 276, 281, 282, 283, 284, 290, 292, 293, 294, 297, 299, 300, 303, 305, 306, 308, 310, 311, 314, 317, 318, 323, 324, 325, 328, 330, 333, 334, 336, 341, 345, 347, 348, 350, 351, 352, 353, 356, 358, 361, 363, 364, 365, 369, 372, 373, 375, 376, 381, 385, 386, 387, 389, 391, 392, 396, 397, 399, 400]
x_330: [1, 3, 4, 12, 13, 14, 15, 16, 21, 23, 26, 28, 32, 33, 35, 36, 39, 40, 43, 45, 46, 47, 48, 50, 51, 55, 56, 57, 61, 62, 64, 65, 71, 72, 75, 77, 83, 86, 87, 88, 90, 92, 95, 96, 98, 99, 100, 102, 103, 105, 107, 109, 110, 111, 114, 117, 119, 120, 122, 123, 128, 129, 130, 131, 132, 140, 142, 143, 144, 145, 147, 148, 149, 150, 151, 152, 154, 156, 158, 159, 161, 162, 163, 164, 167, 169, 170, 171, 177, 178, 179, 180, 181, 183, 184, 189, 190, 191, 192, 193, 194, 195, 196, 197, 200, 201, 205, 206, 207, 208, 209, 210, 211, 213, 225, 226, 227, 228, 230, 232, 233, 234, 235, 236, 237, 242, 243, 245, 249, 250, 252, 254, 258, 260, 262, 263, 264, 268, 269, 270, 273, 274, 275, 277, 278, 279, 287, 289, 290, 293, 295, 296, 297, 298, 301, 302, 304, 306, 307, 308, 311, 312, 313, 315, 316, 317, 319, 320, 321, 322, 323, 325, 327, 329, 331, 332, 333, 335, 336, 338, 339, 340, 341, 342, 343, 344, 346, 348, 349, 355, 357, 359, 360, 361, 362, 366, 368, 370, 371, 374, 376, 377, 378, 381, 382, 383, 388, 391, 393, 398, 400]
x_331: [1, 4, 5, 7, 8, 9, 10, 11, 17, 18, 19, 20, 24, 27, 28, 29, 30, 34, 35, 37, 38, 41, 42, 44, 46, 48, 49, 52, 53, 54, 58, 59, 63, 66, 67, 68, 69, 70, 71, 73, 76, 77, 79, 81, 82, 84, 85, 89, 91, 93, 94, 97, 99, 101, 102, 103, 104, 106, 107, 108, 109, 111, 113, 116, 118, 125, 126, 127, 132, 134, 135, 136, 137, 139, 146, 148, 150, 153, 155, 160, 161, 165, 167, 172, 174, 175, 183, 184, 185, 187, 188, 191, 194, 198, 199, 201, 203, 204, 207, 209, 210, 211, 214, 216, 217, 220, 221, 222, 223, 224, 232, 236, 238, 239, 240, 241, 242, 250, 251, 253, 255, 256, 258, 259, 260, 261, 262, 263, 265, 266, 271, 274, 281, 283, 284, 285, 286, 291, 292, 293, 294, 297, 299, 300, 301, 303, 305, 306, 307, 308, 309, 310, 314, 315, 318, 326, 328, 330, 334, 345, 347, 350, 351, 352, 353, 356, 358, 363, 364, 365, 369, 372, 373, 375, 379, 384, 385, 387, 388, 391, 394, 395, 396, 397, 399]
x_332: [3, 4, 5, 7, 8, 9, 10, 11, 16, 17, 18, 19, 24, 27, 28, 29, 30, 32, 34, 35, 37, 38, 41, 44, 49, 51, 52, 53, 54, 55, 57, 58, 59, 66, 68, 69, 70, 71, 73, 74, 76, 78, 79, 84, 85, 88, 89, 91, 93, 94, 95, 97, 101, 102, 104, 113, 116, 118, 120, 123, 125, 126, 127, 133, 135, 136, 137, 139, 140, 146, 147, 150, 151, 159, 160, 165, 166, 167, 168, 172, 174, 175, 183, 186, 187, 188, 189, 194, 195, 197, 198, 203, 206, 207, 212, 213, 214, 215, 216, 217, 218, 219, 220, 221, 222, 223, 224, 231, 232, 238, 239, 240, 241, 242, 243, 244, 246, 248, 251, 253, 255, 256, 257, 258, 259, 262, 263, 265, 268, 269, 271, 272, 276, 281, 282, 285, 286, 289, 290, 291, 292, 293, 297, 299, 300, 303, 304, 305, 306, 308, 309, 310, 314, 318, 324, 328, 330, 333, 334, 336, 339, 341, 345, 346, 347, 348, 349, 350, 351, 352, 353, 356, 358, 363, 365, 366, 369, 370, 372, 373, 375, 379, 383, 384, 385, 387, 392, 394, 395, 396, 397, 398, 399]
x_333: [1, 3, 4, 6, 13, 15, 16, 21, 22, 23, 26, 28, 31, 32, 33, 35, 36, 39, 40, 42, 43, 45, 46, 47, 48, 50, 51, 55, 56, 57, 60, 61, 62, 64, 65, 71, 75, 77, 80, 83, 87, 88, 90, 92, 95, 96, 98, 99, 100, 102, 103, 105, 107, 109, 110, 111, 112, 114, 117, 119, 120, 121, 122, 123, 128, 129, 130, 131, 132, 134, 140, 141, 142, 143, 144, 145, 149, 150, 151, 154, 156, 157, 158, 159, 161, 162, 163, 164, 166, 167, 169, 170, 171, 176, 178, 179, 180, 181, 182, 183, 184, 189, 190, 192, 193, 194, 195, 197, 200, 201, 202, 205, 206, 207, 208, 209, 211, 212, 213, 225, 226, 227, 228, 229, 232, 233, 234, 235, 236, 237, 242, 243, 244, 245, 247, 249, 250, 252, 254, 258, 260, 261, 262, 263, 264, 268, 270, 273, 274, 275, 277, 279, 280, 287, 288, 289, 290, 293, 296, 297, 298, 301, 302, 304, 306, 308, 311, 312, 313, 315, 316, 317, 319, 320, 321, 323, 325, 327, 329, 330, 332, 335, 336, 337, 338, 339, 340, 341, 342, 344, 346, 348, 357, 359, 360, 361, 362, 366, 367, 368, 371, 374, 376, 377, 378, 380, 381, 382, 383, 388, 391, 393, 398, 400]
x_334: [1, 2, 3, 6, 12, 13, 14, 15, 18, 21, 22, 23, 24, 26, 32, 33, 36, 38, 39, 40, 43, 44, 45, 46, 47, 48, 50, 56, 57, 59, 60, 61, 62, 64, 65, 67, 73, 74, 75, 76, 77, 80, 81, 83, 85, 86, 88, 90, 92, 94, 96, 97, 98, 99, 100, 107, 109, 110, 111, 112, 114, 115, 117, 120, 121, 122, 123, 124, 128, 129, 130, 132, 134, 138, 139, 141, 142, 143, 144, 145, 147, 148, 149, 151, 152, 153, 154, 156, 157, 158, 159, 161, 162, 166, 170, 171, 176, 178, 179, 181, 182, 184, 189, 190, 191, 192, 193, 195, 196, 197, 201, 202, 205, 206, 208, 209, 210, 211, 212, 219, 220, 225, 226, 228, 229, 230, 234, 235, 236, 237, 241, 243, 244, 245, 247, 250, 252, 253, 254, 261, 264, 266, 267, 269, 270, 274, 275, 277, 278, 279, 280, 288, 289, 294, 295, 296, 298, 301, 304, 307, 311, 312, 313, 314, 315, 316, 319, 320, 321, 323, 325, 327, 328, 329, 331, 332, 338, 340, 342, 343, 344, 346, 349, 350, 351, 354, 355, 358, 359, 360, 362, 363, 366, 367, 368, 370, 371, 374, 375, 376, 377, 378, 381, 382, 383, 386, 388, 390, 393, 398, 399, 400]
x_335: [2, 4, 7, 9, 10, 11, 13, 14, 17, 18, 19, 20, 23, 24, 28, 30, 34, 35, 37, 38, 41, 44, 49, 50, 52, 53, 54, 55, 58, 59, 60, 64, 66, 68, 69, 70, 71, 73, 74, 76, 78, 79, 81, 82, 84, 85, 89, 93, 94, 95, 97, 101, 102, 103, 104, 106, 112, 113, 118, 125, 126, 127, 129, 136, 144, 146, 150, 153, 154, 155, 160, 165, 167, 172, 174, 175, 181, 183, 185, 186, 187, 188, 194, 198, 199, 200, 203, 204, 213, 214, 215, 216, 217, 218, 219, 220, 221, 222, 223, 227, 229, 231, 232, 234, 238, 240, 241, 242, 245, 248, 251, 255, 256, 257, 258, 259, 262, 263, 264, 265, 268, 271, 272, 276, 279, 281, 282, 283, 284, 286, 288, 290, 293, 294, 295, 297, 299, 300, 303, 305, 306, 308, 309, 310, 314, 321, 324, 326, 328, 330, 333, 336, 340, 341, 343, 344, 345, 347, 348, 350, 351, 352, 353, 357, 358, 360, 362, 364, 365, 369, 372, 373, 377, 378, 384, 385, 387, 389, 391, 392, 394, 396, 397, 399]
x_336: [3, 4, 13, 14, 15, 16, 21, 22, 23, 28, 31, 32, 33, 35, 36, 39, 40, 42, 43, 45, 46, 47, 48, 50, 51, 55, 56, 57, 60, 61, 62, 64, 65, 71, 72, 75, 77, 80, 83, 86, 87, 88, 90, 92, 95, 96, 98, 99, 100, 102, 103, 107, 109, 110, 111, 112, 114, 117, 119, 120, 121, 122, 123, 124, 128, 130, 131, 132, 134, 138, 140, 141, 142, 143, 144, 145, 147, 148, 149, 150, 151, 152, 154, 156, 157, 158, 159, 161, 162, 163, 164, 167, 169, 170, 171, 173, 176, 178, 179, 180, 182, 183, 184, 189, 190, 191, 192, 194, 196, 197, 200, 201, 202, 205, 206, 207, 208, 209, 211, 212, 213, 225, 226, 228, 229, 230, 232, 233, 234, 235, 236, 237, 242, 243, 244, 245, 247, 249, 250, 252, 254, 258, 260, 261, 262, 263, 264, 266, 267, 268, 269, 270, 273, 274, 275, 277, 278, 279, 280, 287, 288, 289, 290, 293, 295, 296, 297, 302, 304, 306, 307, 308, 311, 312, 315, 316, 317, 320, 322, 323, 325, 327, 329, 330, 332, 333, 335, 337, 338, 340, 341, 342, 343, 344, 346, 348, 349, 354, 355, 357, 359, 360, 361, 362, 367, 371, 374, 376, 378, 380, 381, 382, 386, 388, 390, 391, 393, 398, 400]
x_337: [2, 4, 5, 6, 7, 8, 9, 10, 11, 18, 19, 20, 22, 24, 25, 26, 27, 28, 30, 34, 35, 37, 38, 41, 44, 45, 47, 49, 52, 54, 58, 59, 63, 66, 67, 68, 69, 70, 71, 74, 76, 78, 79, 82, 84, 85, 87, 89, 91, 93, 94, 95, 96, 97, 101, 102, 103, 104, 106, 108, 110, 113, 115, 116, 118, 121, 125, 126, 127, 133, 135, 136, 138, 139, 141, 146, 149, 153, 155, 160, 162, 164, 165, 167, 168, 169, 170, 172, 174, 175, 183, 185, 187, 188, 194, 198, 199, 202, 203, 204, 207, 215, 216, 217, 218, 219, 220, 221, 222, 223, 224, 225, 231, 232, 235, 237, 239, 240, 241, 242, 246, 248, 251, 252, 253, 255, 256, 257, 258, 259, 262, 265, 267, 268, 270, 271, 272, 278, 280, 281, 282, 285, 286, 290, 291, 293, 294, 299, 300, 303, 305, 308, 309, 310, 312, 314, 316, 324, 326, 327, 328, 333, 336, 338, 341, 345, 347, 348, 350, 351, 352, 353, 356, 358, 363, 364, 365, 369, 372, 373, 375, 379, 384, 387, 389, 390, 391, 394, 395, 396, 399]
x_338: [2, 4, 5, 6, 7, 8, 9, 10, 11, 17, 18, 19, 20, 22, 24, 25, 26, 27, 29, 30, 34, 35, 37, 38, 41, 44, 45, 47, 52, 53, 54, 55, 58, 59, 63, 66, 67, 68, 69, 70, 71, 73, 74, 76, 78, 79, 81, 82, 84, 85, 87, 93, 94, 96, 97, 101, 102, 103, 104, 106, 110, 113, 115, 118, 121, 125, 126, 127, 133, 135, 136, 137, 138, 141, 146, 149, 150, 155, 160, 162, 164, 165, 167, 169, 170, 174, 175, 183, 185, 186, 187, 188, 194, 198, 199, 202, 203, 204, 214, 215, 216, 217, 218, 219, 220, 221, 222, 223, 224, 225, 231, 232, 235, 237, 238, 239, 241, 246, 248, 251, 252, 255, 257, 258, 259, 262, 263, 267, 270, 272, 276, 278, 280, 281, 282, 283, 284, 285, 286, 290, 291, 292, 293, 294, 297, 300, 305, 306, 308, 309, 310, 312, 314, 316, 318, 324, 326, 327, 328, 330, 333, 334, 336, 337, 341, 345, 347, 348, 351, 353, 356, 358, 363, 364, 369, 372, 373, 375, 379, 384, 385, 387, 390, 391, 392, 394, 395, 396, 397, 399]
x_339: [2, 3, 5, 7, 8, 10, 11, 16, 17, 18, 20, 24, 25, 27, 28, 30, 32, 37, 38, 41, 44, 49, 51, 53, 54, 55, 57, 59, 63, 67, 68, 69, 70, 71, 73, 74, 76, 78, 81, 82, 85, 88, 91, 93, 94, 95, 101, 102, 103, 104, 106, 108, 113, 115, 116, 120, 123, 125, 126, 133, 135, 136, 137, 140, 146, 147, 150, 151, 155, 159, 160, 165, 166, 167, 168, 172, 183, 185, 186, 187, 188, 189, 194, 195, 197, 198, 199, 203, 204, 206, 207, 212, 213, 215, 216, 217, 218, 219, 220, 221, 222, 223, 224, 231, 232, 238, 239, 240, 242, 243, 244, 246, 248, 251, 253, 255, 256, 258, 259, 262, 263, 265, 268, 269, 271, 272, 276, 281, 282, 284, 285, 286, 289, 290, 291, 292, 293, 294, 300, 303, 304, 306, 308, 309, 310, 314, 318, 324, 326, 328, 330, 332, 333, 341, 345, 346, 347, 348, 349, 350, 351, 352, 353, 356, 358, 363, 364, 365, 366, 369, 370, 372, 373, 375, 379, 383, 384, 385, 387, 389, 391, 392, 394, 395, 396, 397, 398, 399]
x_340: [2, 5, 8, 9, 10, 11, 13, 14, 17, 18, 19, 20, 23, 25, 27, 28, 29, 30, 34, 35, 37, 38, 41, 44, 50, 52, 53, 55, 58, 59, 60, 63, 64, 66, 68, 69, 70, 73, 74, 76, 79, 81, 82, 84, 85, 91, 93, 94, 95, 97, 101, 103, 104, 106, 108, 112, 113, 115, 116, 118, 125, 126, 127, 129, 135, 136, 137, 139, 144, 146, 150, 153, 154, 155, 160, 165, 167, 168, 174, 175, 181, 183, 185, 186, 187, 188, 194, 198, 199, 200, 203, 204, 207, 213, 214, 215, 216, 217, 218, 219, 220, 222, 223, 224, 227, 229, 231, 232, 234, 238, 239, 240, 242, 245, 248, 251, 253, 256, 257, 258, 262, 263, 264, 265, 268, 271, 272, 276, 279, 281, 282, 283, 284, 285, 288, 290, 291, 292, 294, 295, 297, 300, 303, 305, 306, 308, 309, 310, 314, 321, 324, 326, 328, 330, 333, 334, 335, 336, 341, 343, 344, 345, 347, 351, 352, 353, 356, 357, 358, 360, 362, 363, 364, 365, 369, 372, 373, 375, 377, 378, 379, 385, 387, 389, 391, 394, 395, 396, 397, 399]
x_341: [1, 3, 4, 6, 12, 13, 14, 15, 21, 22, 23, 26, 28, 31, 32, 35, 39, 40, 42, 43, 45, 46, 48, 50, 51, 55, 56, 57, 60, 61, 62, 65, 71, 72, 75, 77, 80, 83, 86, 87, 88, 90, 92, 95, 96, 98, 99, 100, 102, 103, 105, 107, 109, 110, 111, 112, 114, 117, 119, 120, 121, 122, 123, 124, 128, 129, 130, 131, 132, 134, 138, 140, 141, 142, 143, 144, 145, 147, 148, 149, 150, 151, 152, 154, 156, 157, 158, 161, 162, 163, 164, 166, 167, 170, 171, 176, 177, 178, 179, 180, 181, 183, 184, 191, 193, 194, 195, 196, 197, 201, 202, 205, 206, 207, 208, 209, 210, 211, 212, 213, 225, 226, 227, 228, 229, 230, 232, 233, 234, 235, 236, 237, 242, 243, 244, 245, 247, 249, 250, 252, 254, 258, 260, 262, 263, 264, 266, 267, 268, 269, 270, 273, 274, 275, 277, 278, 280, 287, 288, 289, 290, 293, 295, 296, 297, 298, 301, 302, 304, 306, 307, 308, 311, 312, 313, 315, 316, 317, 319, 320, 321, 322, 323, 325, 327, 329, 330, 332, 333, 335, 336, 337, 338, 339, 340, 342, 343, 344, 346, 348, 354, 355, 357, 359, 360, 361, 362, 366, 367, 370, 374, 376, 377, 378, 380, 381, 382, 383, 386, 388, 390, 391, 398, 400]
x_342: [2, 4, 5, 7, 8, 9, 10, 11, 12, 15, 17, 19, 20, 24, 27, 28, 29, 30, 34, 37, 38, 41, 43, 49, 53, 54, 55, 56, 58, 59, 61, 63, 67, 68, 70, 71, 72, 73, 74, 76, 78, 79, 80, 81, 82, 84, 85, 89, 90, 93, 94, 95, 97, 101, 102, 103, 104, 106, 108, 113, 115, 118, 122, 126, 127, 131, 133, 137, 139, 146, 150, 153, 155, 157, 160, 163, 165, 167, 168, 172, 174, 177, 180, 182, 183, 185, 186, 187, 188, 190, 193, 194, 199, 203, 204, 207, 213, 214, 216, 217, 219, 220, 222, 223, 224, 228, 230, 231, 238, 239, 240, 241, 242, 246, 248, 253, 255, 256, 257, 258, 259, 262, 263, 265, 271, 272, 276, 277, 281, 283, 284, 285, 286, 290, 291, 293, 294, 297, 298, 299, 300, 302, 303, 305, 306, 309, 310, 313, 318, 320, 324, 326, 328, 330, 333, 334, 336, 341, 345, 347, 348, 350, 351, 352, 353, 354, 356, 358, 359, 363, 364, 365, 367, 369, 371, 372, 373, 374, 375, 379, 382, 384, 385, 387, 389, 391, 392, 394, 395, 396, 397, 399]
x_343: [2, 5, 7, 8, 9, 10, 11, 13, 14, 17, 18, 20, 23, 24, 25, 27, 28, 29, 34, 37, 38, 41, 44, 49, 50, 52, 54, 55, 58, 59, 60, 63, 64, 66, 67, 68, 69, 70, 71, 73, 76, 78, 79, 81, 82, 84, 85, 89, 93, 94, 95, 97, 101, 102, 103, 104, 106, 108, 112, 113, 116, 118, 125, 126, 127, 129, 133, 135, 136, 137, 139, 144, 146, 150, 153, 154, 155, 160, 167, 168, 172, 174, 175, 181, 185, 188, 194, 198, 199, 200, 204, 213, 214, 215, 216, 218, 219, 220, 221, 222, 224, 227, 229, 232, 234, 239, 240, 241, 242, 245, 248, 251, 253, 255, 256, 257, 258, 259, 262, 263, 264, 265, 268, 271, 272, 276, 279, 282, 283, 284, 285, 286, 288, 290, 291, 293, 294, 295, 297, 303, 305, 306, 308, 309, 310, 314, 318, 321, 324, 326, 330, 334, 335, 336, 340, 341, 344, 348, 350, 352, 353, 356, 357, 358, 360, 362, 363, 364, 365, 369, 372, 375, 377, 378, 379, 384, 387, 389, 392, 394, 395, 396, 397, 399]
x_344: [2, 4, 5, 7, 8, 11, 13, 14, 17, 18, 19, 20, 23, 24, 25, 27, 28, 29, 30, 34, 35, 37, 38, 41, 49, 50, 52, 54, 55, 58, 59, 60, 63, 64, 66, 67, 68, 69, 70, 71, 73, 74, 76, 78, 79, 81, 82, 84, 85, 89, 91, 93, 94, 95, 97, 102, 103, 104, 106, 108, 112, 113, 115, 116, 118, 125, 126, 129, 135, 136, 137, 139, 144, 146, 150, 153, 154, 160, 165, 167, 168, 172, 174, 175, 181, 186, 187, 188, 194, 198, 199, 200, 203, 204, 207, 213, 214, 215, 216, 217, 218, 219, 220, 222, 223, 224, 227, 229, 231, 232, 234, 238, 239, 240, 241, 242, 245, 246, 248, 253, 256, 257, 259, 262, 264, 265, 268, 271, 272, 276, 279, 281, 285, 286, 288, 291, 292, 293, 294, 295, 297, 299, 300, 305, 306, 308, 309, 310, 314, 318, 321, 324, 326, 328, 330, 333, 334, 335, 336, 340, 341, 343, 345, 348, 350, 351, 352, 353, 356, 357, 358, 360, 362, 363, 364, 365, 369, 372, 373, 375, 377, 378, 379, 384, 387, 389, 391, 392, 394, 395, 396, 397, 399]
x_345: [1, 3, 6, 7, 9, 11, 12, 13, 14, 16, 20, 21, 22, 23, 25, 29, 31, 32, 33, 36, 39, 42, 43, 45, 47, 48, 49, 50, 51, 56, 57, 60, 61, 62, 64, 65, 69, 70, 72, 75, 77, 80, 83, 87, 90, 92, 96, 98, 99, 100, 105, 107, 109, 110, 111, 112, 114, 119, 120, 121, 122, 123, 125, 126, 128, 129, 131, 134, 137, 138, 140, 141, 142, 143, 145, 146, 147, 148, 149, 151, 152, 154, 156, 158, 161, 162, 163, 164, 166, 169, 170, 171, 172, 173, 176, 177, 178, 180, 181, 182, 184, 187, 188, 189, 190, 191, 193, 195, 200, 201, 202, 205, 206, 208, 209, 210, 211, 212, 222, 223, 225, 226, 227, 228, 229, 230, 233, 234, 236, 237, 243, 244, 245, 246, 247, 249, 250, 252, 254, 260, 261, 264, 266, 269, 270, 271, 273, 277, 278, 279, 280, 281, 285, 289, 292, 295, 296, 298, 301, 302, 304, 305, 307, 311, 312, 313, 316, 317, 318, 320, 321, 322, 327, 329, 331, 332, 335, 337, 338, 339, 340, 342, 344, 349, 352, 354, 355, 357, 359, 360, 361, 362, 364, 366, 367, 368, 371, 373, 374, 376, 377, 378, 380, 381, 382, 383, 385, 386, 388, 390, 393, 396, 398, 400]
x_346: [2, 3, 4, 5, 7, 8, 9, 10, 11, 16, 17, 18, 19, 20, 25, 28, 29, 30, 32, 38, 41, 44, 49, 51, 52, 53, 54, 57, 58, 59, 63, 66, 67, 69, 70, 71, 74, 76, 78, 81, 82, 84, 85, 88, 89, 91, 93, 94, 95, 97, 101, 102, 103, 104, 108, 115, 116, 118, 120, 123, 125, 126, 127, 133, 135, 136, 137, 139, 140, 146, 147, 150, 151, 153, 155, 159, 160, 165, 166, 167, 168, 172, 174, 175, 183, 185, 186, 187, 188, 189, 194, 195, 197, 198, 199, 203, 204, 206, 207, 212, 213, 214, 215, 217, 218, 219, 220, 221, 222, 223, 231, 238, 239, 240, 241, 242, 243, 244, 248, 251, 253, 256, 257, 258, 259, 262, 263, 265, 268, 269, 271, 272, 276, 282, 285, 286, 289, 290, 291, 293, 294, 297, 300, 303, 304, 305, 306, 308, 309, 310, 314, 318, 324, 326, 328, 330, 332, 333, 334, 336, 339, 341, 347, 348, 349, 350, 353, 356, 358, 363, 364, 365, 366, 369, 370, 372, 373, 375, 379, 383, 384, 385, 387, 389, 392, 394, 395, 397, 398]
x_347: [1, 6, 12, 13, 14, 15, 16, 17, 21, 22, 23, 26, 32, 34, 36, 39, 40, 42, 43, 45, 46, 47, 48, 50, 57, 60, 61, 62, 63, 65, 68, 72, 75, 77, 79, 83, 87, 88, 90, 91, 92, 96, 98, 99, 100, 101, 105, 107, 108, 109, 110, 111, 112, 114, 118, 119, 120, 121, 122, 123, 124, 128, 129, 130, 132, 134, 136, 138, 140, 142, 143, 144, 145, 147, 148, 149, 151, 152, 154, 155, 156, 157, 158, 159, 161, 162, 163, 165, 166, 169, 170, 171, 173, 176, 177, 178, 179, 180, 181, 182, 186, 189, 190, 191, 192, 193, 195, 196, 197, 198, 201, 202, 204, 205, 206, 208, 209, 210, 225, 226, 227, 228, 229, 230, 231, 233, 237, 238, 240, 243, 244, 245, 247, 249, 250, 252, 255, 260, 261, 264, 266, 270, 272, 274, 275, 278, 279, 280, 282, 283, 287, 288, 289, 295, 296, 298, 302, 304, 307, 309, 310, 311, 312, 313, 315, 317, 319, 320, 321, 322, 323, 326, 327, 329, 331, 332, 335, 337, 338, 339, 340, 342, 346, 355, 356, 357, 359, 360, 361, 362, 365, 366, 367, 368, 370, 371, 372, 374, 376, 377, 378, 381, 382, 383, 384, 386, 388, 390, 393, 397, 400]
x_348: [3, 4, 6, 12, 13, 14, 15, 16, 21, 22, 23, 26, 28, 31, 32, 33, 35, 39, 40, 42, 43, 45, 46, 47, 48, 50, 51, 55, 56, 57, 60, 61, 62, 64, 65, 71, 72, 75, 77, 80, 83, 87, 88, 90, 95, 96, 98, 99, 100, 102, 103, 105, 107, 109, 110, 111, 112, 114, 117, 119, 120, 122, 123, 124, 128, 129, 130, 131, 132, 134, 138, 140, 142, 143, 144, 145, 148, 150, 151, 152, 154, 156, 157, 158, 159, 161, 162, 163, 164, 166, 167, 169, 170, 171, 176, 177, 178, 179, 180, 181, 182, 183, 184, 189, 190, 191, 192, 194, 196, 197, 200, 201, 205, 206, 207, 208, 209, 211, 212, 213, 225, 226, 227, 228, 229, 230, 232, 233, 234, 236, 237, 242, 243, 244, 245, 247, 249, 250, 252, 254, 258, 260, 261, 262, 263, 266, 267, 268, 269, 270, 275, 277, 278, 279, 280, 287, 288, 289, 290, 293, 295, 296, 297, 298, 301, 302, 304, 306, 307, 308, 311, 315, 316, 317, 319, 320, 321, 322, 323, 325, 327, 329, 330, 332, 333, 335, 336, 337, 338, 339, 341, 342, 343, 344, 346, 349, 354, 355, 357, 359, 360, 361, 362, 366, 368, 370, 371, 376, 377, 378, 381, 382, 383, 386, 390, 391, 393, 400]
x_349: [2, 3, 4, 5, 7, 9, 10, 11, 16, 17, 18, 19, 20, 24, 25, 27, 28, 29, 30, 32, 34, 35, 37, 38, 41, 44, 49, 51, 52, 53, 54, 55, 57, 58, 59, 63, 66, 67, 69, 70, 71, 73, 74, 76, 78, 79, 81, 82, 85, 88, 89, 91, 93, 94, 95, 101, 103, 104, 106, 108, 113, 115, 116, 120, 123, 125, 126, 127, 133, 135, 136, 137, 139, 140, 146, 147, 150, 151, 153, 155, 159, 160, 165, 166, 167, 168, 172, 174, 175, 183, 185, 186, 187, 188, 189, 195, 197, 198, 203, 204, 206, 207, 212, 213, 214, 215, 216, 219, 220, 221, 223, 224, 231, 232, 238, 239, 240, 241, 243, 244, 246, 248, 251, 253, 255, 257, 258, 259, 262, 263, 265, 268, 269, 271, 272, 276, 281, 282, 283, 284, 285, 286, 289, 290, 291, 292, 293, 294, 297, 299, 300, 303, 304, 305, 308, 309, 310, 326, 328, 330, 332, 334, 336, 339, 345, 346, 348, 351, 352, 358, 364, 366, 369, 370, 372, 373, 375, 379, 383, 384, 385, 387, 389, 391, 392, 394, 396, 397, 398, 399]
x_350: [1, 2, 3, 6, 12, 13, 14, 15, 16, 18, 21, 22, 23, 24, 26, 31, 32, 33, 36, 38, 39, 42, 43, 44, 45, 46, 50, 57, 59, 62, 64, 65, 67, 72, 73, 74, 75, 76, 77, 80, 81, 83, 85, 86, 87, 88, 90, 92, 94, 96, 97, 98, 99, 100, 105, 107, 109, 111, 112, 114, 115, 117, 120, 122, 123, 128, 130, 132, 134, 138, 139, 140, 141, 142, 144, 145, 147, 148, 149, 151, 152, 153, 154, 156, 157, 161, 162, 163, 164, 166, 169, 170, 171, 173, 176, 177, 179, 180, 181, 182, 184, 191, 192, 193, 195, 196, 197, 200, 201, 202, 205, 206, 208, 209, 210, 212, 219, 220, 226, 227, 228, 229, 230, 234, 236, 237, 241, 243, 244, 245, 247, 249, 250, 252, 253, 254, 260, 261, 264, 266, 267, 269, 270, 273, 274, 275, 277, 278, 279, 280, 287, 288, 289, 294, 295, 296, 298, 301, 304, 307, 311, 312, 313, 314, 316, 317, 319, 320, 321, 323, 325, 327, 328, 329, 331, 332, 334, 335, 337, 339, 342, 343, 344, 346, 351, 354, 355, 357, 358, 359, 360, 361, 362, 363, 366, 367, 368, 370, 375, 376, 377, 378, 380, 381, 382, 383, 386, 388, 390, 398, 399]
x_351: [1, 2, 3, 12, 13, 14, 15, 16, 18, 22, 23, 24, 26, 31, 32, 33, 38, 39, 40, 44, 45, 46, 47, 48, 50, 51, 56, 57, 59, 60, 61, 62, 64, 65, 67, 72, 73, 74, 75, 76, 77, 80, 81, 83, 85, 86, 88, 90, 92, 94, 96, 97, 98, 99, 100, 105, 107, 109, 110, 111, 112, 114, 115, 117, 119, 120, 121, 122, 123, 124, 128, 129, 131, 132, 134, 138, 139, 140, 142, 144, 145, 147, 148, 149, 151, 152, 153, 154, 156, 157, 158, 161, 162, 163, 164, 166, 169, 170, 171, 173, 178, 180, 181, 184, 190, 191, 192, 193, 196, 197, 200, 201, 205, 206, 208, 210, 211, 212, 219, 220, 225, 226, 229, 230, 233, 234, 237, 241, 243, 244, 245, 247, 250, 252, 253, 254, 260, 261, 264, 266, 267, 270, 273, 274, 275, 277, 279, 288, 294, 295, 296, 302, 304, 307, 311, 314, 315, 316, 317, 319, 320, 321, 322, 323, 325, 327, 328, 329, 331, 332, 334, 335, 337, 338, 339, 340, 342, 344, 349, 350, 354, 355, 357, 358, 360, 362, 363, 366, 368, 370, 371, 374, 375, 376, 377, 378, 380, 381, 382, 383, 386, 388, 393, 398, 399, 400]
x_352: [1, 3, 6, 7, 9, 11, 12, 13, 14, 16, 20, 21, 22, 25, 26, 29, 32, 33, 39, 40, 42, 45, 47, 48, 49, 50, 51, 57, 60, 61, 64, 65, 69, 70, 72, 80, 83, 86, 87, 88, 90, 92, 96, 98, 99, 100, 105, 107, 110, 111, 112, 114, 117, 119, 120, 121, 122, 123, 125, 126, 128, 129, 130, 131, 134, 137, 138, 140, 141, 142, 143, 144, 145, 146, 147, 148, 149, 151, 152, 154, 156, 157, 158, 159, 161, 162, 163, 164, 166, 169, 170, 171, 172, 173, 176, 177, 178, 179, 181, 182, 184, 187, 188, 189, 193, 195, 196, 200, 201, 202, 205, 206, 208, 209, 210, 211, 212, 222, 223, 226, 227, 228, 229, 230, 233, 234, 235, 236, 237, 243, 244, 245, 246, 247, 250, 252, 254, 260, 261, 264, 266, 267, 269, 270, 271, 273, 275, 277, 279, 280, 281, 285, 287, 288, 289, 292, 295, 296, 298, 301, 302, 304, 305, 307, 311, 312, 313, 316, 317, 318, 320, 321, 322, 323, 325, 327, 329, 331, 332, 335, 337, 339, 340, 342, 343, 344, 345, 349, 354, 355, 357, 359, 360, 362, 364, 366, 367, 368, 370, 371, 373, 374, 376, 377, 378, 380, 381, 382, 383, 385, 386, 390, 393, 396, 398, 400]
x_353: [1, 3, 6, 12, 13, 14, 15, 16, 19, 21, 23, 30, 32, 33, 39, 42, 43, 45, 46, 47, 50, 51, 52, 53, 56, 57, 60, 61, 62, 65, 66, 72, 75, 77, 80, 82, 83, 86, 90, 96, 98, 99, 100, 105, 106, 107, 110, 111, 112, 113, 117, 120, 121, 122, 123, 124, 128, 129, 130, 131, 132, 134, 138, 140, 142, 143, 144, 148, 151, 152, 154, 158, 159, 161, 162, 163, 164, 166, 169, 170, 171, 173, 176, 177, 178, 180, 181, 182, 185, 190, 191, 193, 195, 196, 199, 201, 202, 203, 205, 206, 208, 209, 210, 211, 212, 214, 215, 221, 225, 226, 227, 228, 229, 230, 233, 234, 235, 237, 239, 243, 244, 245, 247, 248, 249, 250, 251, 252, 254, 256, 257, 259, 260, 264, 265, 266, 267, 269, 273, 274, 275, 276, 277, 278, 279, 284, 286, 287, 289, 291, 296, 298, 299, 300, 302, 303, 304, 307, 312, 313, 315, 316, 317, 319, 320, 321, 322, 323, 325, 327, 329, 331, 332, 335, 337, 338, 339, 340, 342, 343, 344, 346, 354, 355, 357, 359, 360, 361, 362, 366, 367, 368, 369, 370, 371, 374, 376, 378, 380, 381, 383, 386, 387, 388, 390, 393, 398, 400]
x_354: [2, 5, 7, 8, 9, 10, 11, 12, 15, 17, 19, 20, 24, 25, 28, 29, 30, 34, 35, 37, 38, 41, 43, 44, 49, 52, 54, 55, 56, 58, 59, 61, 63, 67, 68, 69, 70, 71, 72, 73, 74, 76, 78, 79, 80, 81, 82, 84, 85, 89, 90, 91, 94, 97, 101, 102, 103, 104, 106, 113, 115, 116, 118, 122, 125, 126, 127, 131, 133, 135, 136, 137, 139, 146, 153, 155, 157, 160, 163, 165, 167, 168, 172, 174, 175, 177, 180, 182, 183, 185, 186, 187, 188, 190, 193, 198, 199, 203, 204, 207, 213, 214, 215, 216, 217, 218, 219, 220, 221, 222, 223, 224, 228, 230, 231, 232, 239, 240, 241, 242, 246, 248, 251, 253, 255, 256, 258, 259, 262, 263, 265, 268, 271, 272, 276, 277, 281, 282, 283, 284, 285, 286, 290, 291, 292, 293, 297, 298, 299, 300, 302, 305, 306, 310, 313, 318, 320, 324, 326, 328, 334, 336, 341, 342, 345, 348, 350, 351, 352, 353, 356, 358, 359, 363, 367, 369, 371, 372, 373, 374, 375, 379, 382, 385, 389, 391, 392, 394, 395, 396, 397, 399]
x_355: [2, 5, 7, 9, 10, 11, 17, 18, 19, 20, 25, 27, 28, 29, 31, 34, 35, 36, 37, 40, 44, 49, 52, 53, 54, 55, 58, 59, 63, 66, 67, 68, 69, 70, 71, 74, 78, 79, 81, 82, 84, 85, 89, 91, 93, 94, 95, 97, 100, 101, 102, 103, 106, 113, 116, 117, 118, 124, 125, 126, 127, 128, 130, 133, 135, 136, 137, 139, 142, 143, 145, 146, 150, 153, 155, 156, 158, 160, 167, 168, 172, 173, 175, 176, 179, 183, 185, 187, 188, 192, 194, 196, 199, 203, 204, 205, 207, 208, 213, 215, 216, 217, 219, 220, 221, 223, 224, 226, 231, 233, 239, 240, 241, 242, 246, 248, 251, 253, 255, 256, 257, 259, 262, 263, 265, 268, 271, 275, 276, 281, 282, 283, 284, 285, 286, 287, 290, 291, 292, 293, 296, 297, 299, 300, 305, 306, 308, 309, 310, 318, 319, 322, 324, 328, 330, 334, 336, 341, 345, 347, 348, 350, 351, 352, 353, 356, 358, 363, 364, 365, 368, 369, 372, 373, 375, 379, 380, 384, 385, 387, 391, 393, 395, 396, 397, 399]
x_356: [1, 3, 6, 12, 13, 14, 15, 17, 22, 23, 26, 31, 32, 33, 34, 36, 39, 40, 42, 43, 46, 47, 48, 50, 51, 56, 57, 60, 61, 62, 63, 64, 68, 72, 75, 77, 79, 80, 83, 86, 87, 88, 91, 92, 96, 98, 99, 100, 101, 105, 108, 111, 112, 117, 118, 119, 120, 121, 122, 124, 129, 130, 131, 132, 134, 136, 138, 140, 141, 142, 143, 145, 147, 148, 149, 151, 152, 154, 155, 156, 157, 158, 161, 162, 164, 165, 166, 169, 170, 171, 173, 176, 177, 179, 180, 182, 184, 186, 190, 191, 192, 193, 195, 196, 197, 198, 200, 202, 204, 206, 209, 210, 211, 212, 225, 226, 228, 229, 230, 231, 233, 234, 235, 237, 238, 240, 244, 245, 247, 249, 250, 254, 255, 260, 261, 264, 266, 267, 269, 270, 272, 273, 274, 275, 277, 279, 280, 282, 283, 288, 289, 295, 296, 298, 301, 302, 304, 307, 309, 310, 311, 312, 313, 315, 317, 319, 320, 321, 322, 323, 325, 326, 327, 329, 331, 332, 337, 338, 339, 340, 342, 343, 344, 346, 347, 354, 355, 359, 360, 361, 362, 365, 366, 367, 368, 370, 371, 372, 374, 376, 377, 378, 380, 381, 382, 383, 384, 386, 388, 390, 393, 397, 398, 400]
x_357: [2, 4, 5, 7, 8, 9, 10, 13, 14, 17, 18, 19, 23, 24, 25, 27, 28, 29, 30, 35, 38, 41, 49, 50, 52, 53, 54, 55, 59, 60, 63, 64, 66, 67, 68, 69, 70, 71, 73, 74, 76, 78, 79, 81, 82, 84, 85, 89, 91, 93, 94, 95, 97, 101, 102, 103, 104, 106, 108, 112, 113, 116, 118, 125, 126, 127, 129, 133, 135, 136, 137, 139, 144, 146, 150, 153, 154, 155, 160, 165, 167, 168, 172, 174, 175, 181, 183, 185, 186, 187, 188, 194, 198, 199, 200, 203, 204, 214, 215, 216, 217, 218, 219, 220, 221, 222, 224, 227, 229, 232, 234, 238, 239, 240, 241, 242, 245, 246, 248, 251, 253, 255, 256, 257, 259, 262, 263, 264, 268, 272, 276, 279, 281, 283, 284, 285, 286, 288, 290, 291, 292, 293, 294, 295, 297, 300, 303, 305, 308, 309, 310, 314, 318, 321, 324, 326, 328, 330, 333, 335, 336, 340, 341, 343, 344, 345, 347, 348, 350, 351, 352, 353, 358, 360, 362, 363, 364, 365, 369, 372, 373, 375, 377, 378, 379, 384, 385, 387, 389, 391, 392, 394, 395, 396, 397, 399]
x_358: [1, 2, 3, 6, 12, 13, 14, 15, 18, 21, 22, 24, 26, 31, 32, 33, 36, 38, 39, 40, 42, 43, 44, 45, 46, 47, 48, 50, 51, 56, 57, 59, 60, 62, 64, 65, 67, 73, 74, 75, 76, 77, 81, 83, 85, 86, 87, 88, 90, 94, 97, 98, 99, 100, 105, 107, 111, 112, 114, 115, 119, 120, 121, 122, 123, 124, 129, 130, 131, 132, 134, 138, 139, 140, 141, 142, 143, 144, 145, 147, 148, 149, 151, 152, 153, 154, 156, 157, 161, 162, 163, 164, 166, 169, 170, 171, 173, 176, 177, 178, 179, 180, 181, 182, 184, 189, 190, 191, 193, 195, 196, 197, 200, 201, 202, 205, 206, 208, 209, 210, 211, 212, 219, 220, 225, 226, 227, 228, 229, 230, 235, 236, 237, 241, 243, 244, 245, 247, 249, 250, 252, 253, 254, 260, 261, 264, 266, 267, 270, 273, 274, 275, 277, 278, 279, 280, 287, 288, 289, 294, 295, 296, 298, 301, 302, 304, 307, 311, 312, 313, 314, 316, 317, 319, 320, 321, 322, 325, 327, 328, 329, 331, 332, 334, 335, 337, 338, 339, 340, 342, 343, 344, 346, 349, 350, 351, 354, 355, 357, 359, 360, 362, 363, 366, 367, 370, 371, 374, 375, 376, 377, 378, 380, 381, 382, 383, 386, 388, 390, 393, 398, 399, 400]
x_359: [4, 5, 7, 8, 9, 12, 15, 18, 19, 24, 25, 27, 28, 29, 30, 34, 35, 37, 38, 43, 44, 49, 53, 56, 58, 59, 61, 63, 66, 67, 68, 69, 70, 71, 72, 74, 76, 78, 79, 80, 81, 82, 84, 85, 89, 90, 91, 93, 94, 95, 97, 101, 102, 106, 108, 113, 115, 116, 118, 122, 125, 126, 127, 131, 133, 135, 136, 137, 139, 146, 150, 153, 155, 157, 160, 163, 165, 167, 168, 172, 174, 177, 180, 182, 183, 185, 186, 187, 188, 190, 193, 198, 199, 203, 204, 213, 214, 215, 216, 217, 218, 219, 220, 221, 222, 223, 224, 228, 230, 231, 232, 238, 240, 241, 242, 246, 248, 251, 253, 255, 256, 257, 258, 259, 263, 265, 268, 271, 272, 276, 277, 281, 284, 285, 286, 290, 291, 292, 293, 294, 298, 299, 300, 302, 303, 305, 306, 308, 309, 310, 313, 318, 320, 324, 326, 328, 330, 333, 334, 336, 341, 342, 345, 347, 348, 350, 352, 353, 354, 356, 358, 364, 365, 367, 369, 371, 372, 373, 374, 375, 382, 384, 387, 389, 391, 392, 394, 395, 397, 399]
x_360: [2, 5, 7, 8, 9, 11, 13, 14, 17, 18, 19, 20, 23, 25, 27, 28, 29, 30, 34, 35, 37, 38, 41, 44, 50, 52, 53, 54, 55, 58, 60, 63, 64, 66, 67, 68, 69, 70, 71, 73, 74, 76, 78, 79, 81, 82, 84, 85, 89, 91, 94, 95, 97, 101, 102, 103, 104, 106, 108, 112, 113, 116, 118, 125, 126, 127, 129, 133, 136, 139, 144, 146, 154, 155, 160, 165, 167, 175, 181, 183, 185, 188, 194, 198, 199, 200, 203, 204, 207, 213, 214, 215, 216, 217, 218, 219, 220, 221, 222, 223, 224, 227, 229, 231, 234, 238, 239, 240, 242, 245, 246, 248, 251, 253, 255, 256, 257, 258, 259, 263, 264, 265, 271, 276, 279, 281, 282, 283, 284, 285, 286, 288, 290, 291, 292, 293, 295, 297, 299, 300, 305, 306, 308, 309, 314, 318, 321, 324, 326, 328, 330, 333, 334, 335, 336, 340, 341, 343, 344, 345, 347, 348, 350, 351, 352, 353, 356, 357, 358, 362, 363, 364, 365, 369, 372, 375, 377, 378, 384, 387, 389, 391, 392, 394, 397, 399]
x_361: [2, 4, 5, 7, 8, 9, 10, 11, 17, 18, 19, 21, 24, 25, 27, 28, 29, 30, 33, 34, 35, 37, 39, 41, 44, 49, 52, 54, 55, 58, 59, 62, 65, 66, 67, 68, 69, 70, 71, 73, 74, 75, 76, 78, 79, 82, 83, 84, 86, 89, 91, 92, 94, 95, 97, 98, 102, 103, 104, 105, 108, 113, 114, 115, 116, 118, 119, 125, 126, 133, 135, 136, 137, 139, 150, 152, 155, 160, 165, 167, 168, 171, 172, 174, 175, 178, 183, 185, 186, 187, 188, 194, 198, 203, 207, 213, 214, 215, 216, 217, 218, 219, 220, 221, 222, 223, 224, 231, 232, 238, 239, 240, 241, 242, 246, 247, 248, 249, 251, 253, 254, 255, 256, 258, 259, 262, 263, 265, 268, 271, 272, 273, 276, 281, 282, 283, 284, 285, 286, 290, 291, 292, 294, 297, 299, 300, 303, 305, 306, 308, 309, 310, 311, 317, 318, 323, 325, 326, 328, 329, 330, 333, 336, 341, 345, 347, 348, 350, 353, 356, 363, 364, 365, 369, 372, 373, 375, 376, 379, 381, 384, 385, 386, 389, 391, 392, 394, 395, 396, 397, 399, 400]
x_362: [4, 5, 7, 8, 9, 10, 11, 13, 14, 17, 18, 19, 20, 23, 24, 27, 28, 29, 30, 35, 37, 38, 41, 44, 49, 50, 52, 53, 54, 55, 58, 59, 60, 63, 64, 66, 67, 68, 69, 70, 71, 74, 76, 78, 79, 81, 82, 84, 85, 89, 91, 93, 94, 95, 101, 102, 106, 108, 112, 113, 115, 116, 118, 125, 126, 127, 129, 133, 136, 139, 144, 146, 154, 155, 160, 165, 167, 168, 174, 175, 181, 183, 185, 186, 187, 188, 194, 198, 199, 200, 203, 204, 207, 213, 214, 216, 217, 218, 219, 220, 222, 223, 224, 227, 229, 231, 232, 234, 238, 240, 241, 242, 245, 246, 248, 255, 256, 257, 258, 259, 262, 263, 264, 265, 268, 272, 276, 279, 281, 282, 283, 284, 285, 286, 288, 290, 291, 292, 293, 294, 295, 297, 299, 300, 303, 305, 306, 308, 310, 314, 318, 321, 324, 330, 333, 334, 335, 336, 340, 341, 343, 344, 345, 347, 348, 350, 351, 352, 353, 356, 357, 358, 360, 363, 364, 365, 369, 372, 373, 375, 377, 378, 379, 384, 385, 387, 389, 392, 394, 395, 397, 399]
x_363: [1, 2, 3, 6, 12, 13, 15, 16, 18, 21, 22, 23, 24, 31, 32, 33, 36, 38, 39, 40, 42, 43, 44, 45, 46, 47, 50, 51, 59, 60, 61, 62, 64, 65, 67, 72, 73, 74, 75, 76, 77, 80, 81, 85, 86, 87, 88, 90, 92, 94, 96, 97, 98, 99, 100, 105, 107, 109, 110, 111, 112, 115, 117, 119, 120, 121, 124, 128, 129, 130, 131, 132, 134, 138, 139, 140, 142, 143, 144, 145, 148, 149, 151, 152, 153, 154, 156, 157, 158, 161, 162, 164, 166, 169, 170, 171, 173, 176, 177, 178, 179, 180, 181, 182, 184, 189, 190, 191, 192, 193, 195, 196, 197, 200, 201, 205, 208, 209, 210, 211, 212, 219, 220, 225, 226, 227, 229, 230, 233, 234, 235, 236, 237, 241, 243, 244, 245, 249, 250, 252, 253, 254, 260, 261, 264, 267, 269, 270, 275, 278, 279, 280, 287, 288, 289, 294, 295, 298, 301, 302, 304, 311, 313, 314, 315, 316, 317, 319, 320, 321, 322, 325, 327, 328, 329, 331, 332, 334, 337, 338, 339, 340, 342, 343, 344, 346, 350, 351, 354, 355, 357, 358, 360, 361, 362, 366, 367, 368, 371, 374, 375, 376, 377, 378, 380, 381, 382, 383, 386, 388, 390, 393, 398, 399, 400]
x_364: [7, 9, 11, 12, 13, 14, 15, 16, 20, 21, 22, 23, 25, 29, 31, 32, 33, 36, 39, 40, 43, 45, 46, 49, 50, 56, 57, 60, 61, 62, 64, 65, 69, 70, 72, 75, 77, 80, 83, 86, 87, 88, 90, 92, 98, 99, 100, 105, 111, 117, 119, 120, 121, 122, 123, 125, 126, 128, 131, 132, 134, 137, 138, 140, 141, 142, 143, 144, 145, 146, 147, 148, 149, 152, 154, 156, 158, 159, 161, 162, 163, 164, 169, 170, 171, 172, 173, 176, 177, 178, 179, 180, 181, 182, 187, 188, 190, 191, 192, 195, 196, 200, 201, 202, 205, 206, 208, 209, 210, 211, 222, 223, 225, 226, 228, 229, 230, 233, 234, 235, 236, 237, 245, 246, 247, 249, 252, 254, 260, 261, 264, 266, 267, 270, 271, 273, 274, 277, 278, 281, 285, 287, 288, 289, 292, 296, 301, 302, 304, 305, 307, 311, 312, 315, 316, 317, 318, 319, 320, 321, 323, 327, 329, 331, 335, 337, 338, 339, 340, 342, 343, 344, 345, 346, 349, 352, 355, 357, 359, 360, 361, 362, 366, 367, 368, 370, 371, 373, 374, 377, 380, 382, 383, 385, 386, 388, 390, 393, 396, 398, 400]
x_365: [1, 3, 6, 12, 13, 14, 15, 16, 17, 21, 22, 23, 26, 31, 32, 33, 34, 36, 39, 40, 42, 43, 45, 46, 47, 48, 50, 51, 56, 57, 61, 62, 63, 64, 65, 68, 72, 75, 77, 79, 80, 83, 86, 87, 88, 90, 91, 92, 96, 98, 100, 101, 105, 107, 108, 109, 110, 111, 112, 114, 117, 118, 119, 121, 122, 123, 124, 128, 129, 130, 131, 132, 134, 136, 138, 140, 141, 142, 143, 144, 145, 148, 149, 151, 152, 154, 155, 157, 159, 161, 163, 164, 165, 170, 171, 173, 177, 179, 181, 182, 184, 186, 189, 190, 191, 193, 195, 196, 197, 198, 200, 201, 204, 205, 208, 209, 210, 211, 212, 225, 226, 227, 228, 229, 230, 231, 233, 235, 236, 237, 238, 240, 243, 245, 249, 250, 255, 260, 261, 264, 266, 267, 269, 270, 272, 273, 274, 275, 277, 278, 279, 280, 282, 283, 288, 289, 295, 296, 301, 302, 304, 307, 309, 310, 311, 312, 313, 319, 320, 321, 322, 323, 325, 326, 329, 331, 332, 335, 337, 339, 340, 342, 343, 344, 346, 347, 355, 356, 357, 359, 360, 361, 362, 366, 367, 370, 371, 372, 374, 376, 377, 378, 380, 381, 382, 383, 384, 386, 388, 390, 393, 397, 398, 400]
x_366: [2, 3, 4, 5, 7, 8, 9, 10, 11, 16, 19, 20, 24, 25, 27, 28, 29, 30, 32, 34, 35, 37, 38, 41, 49, 51, 52, 54, 55, 57, 58, 59, 63, 68, 69, 70, 71, 73, 76, 78, 79, 81, 82, 84, 85, 88, 89, 93, 95, 97, 101, 102, 103, 104, 106, 108, 113, 115, 116, 118, 120, 123, 125, 126, 127, 133, 135, 136, 137, 139, 140, 146, 147, 150, 151, 153, 155, 159, 160, 165, 166, 167, 172, 174, 175, 183, 185, 186, 187, 188, 189, 194, 195, 197, 198, 199, 203, 204, 206, 207, 212, 213, 214, 215, 216, 217, 218, 219, 220, 221, 222, 223, 224, 231, 232, 238, 239, 240, 241, 243, 244, 246, 251, 253, 255, 256, 257, 258, 259, 262, 263, 265, 268, 269, 271, 272, 281, 282, 283, 284, 286, 289, 290, 291, 292, 293, 294, 297, 299, 300, 303, 304, 305, 306, 309, 310, 314, 324, 326, 328, 330, 332, 333, 334, 339, 341, 345, 346, 347, 348, 349, 350, 351, 352, 353, 356, 358, 363, 364, 365, 369, 370, 372, 373, 375, 379, 383, 389, 392, 394, 395, 396, 397, 398, 399]
x_367: [4, 5, 7, 8, 9, 10, 12, 15, 17, 18, 19, 20, 24, 25, 27, 28, 29, 30, 34, 35, 37, 41, 43, 44, 49, 53, 54, 56, 58, 61, 63, 66, 67, 68, 69, 70, 71, 72, 73, 74, 76, 78, 79, 80, 82, 84, 85, 89, 90, 91, 93, 94, 95, 97, 101, 102, 103, 104, 108, 113, 115, 116, 118, 122, 125, 126, 127, 131, 135, 136, 137, 139, 146, 150, 153, 155, 157, 160, 163, 165, 167, 168, 172, 174, 175, 177, 180, 182, 183, 185, 187, 188, 190, 193, 194, 198, 199, 203, 204, 207, 214, 215, 216, 217, 218, 219, 220, 221, 222, 223, 228, 230, 231, 238, 239, 240, 241, 242, 246, 251, 255, 256, 258, 259, 262, 263, 265, 268, 272, 276, 277, 282, 284, 285, 290, 291, 292, 293, 294, 297, 298, 299, 302, 303, 305, 306, 308, 309, 310, 313, 314, 318, 320, 328, 333, 334, 336, 341, 342, 345, 347, 350, 352, 353, 354, 356, 358, 359, 363, 364, 365, 369, 371, 372, 373, 374, 375, 379, 382, 384, 385, 389, 391, 392, 394, 395, 396, 397, 399]
x_368: [2, 4, 5, 7, 9, 11, 17, 18, 19, 20, 24, 25, 27, 31, 36, 37, 38, 40, 41, 44, 49, 52, 53, 55, 58, 63, 66, 67, 68, 69, 70, 71, 73, 76, 79, 81, 82, 84, 89, 91, 93, 94, 95, 97, 100, 101, 103, 104, 106, 108, 113, 115, 116, 117, 118, 124, 125, 126, 127, 128, 130, 133, 135, 136, 137, 139, 142, 143, 145, 146, 150, 153, 155, 156, 158, 160, 165, 168, 173, 174, 175, 176, 179, 183, 185, 186, 187, 188, 192, 194, 196, 198, 199, 203, 205, 207, 208, 213, 215, 216, 217, 218, 219, 220, 221, 222, 224, 226, 231, 232, 233, 238, 240, 241, 242, 246, 248, 251, 253, 255, 256, 257, 258, 263, 265, 268, 271, 272, 275, 276, 282, 283, 284, 285, 286, 287, 290, 291, 292, 293, 294, 296, 299, 300, 303, 305, 306, 309, 310, 314, 318, 319, 322, 328, 330, 333, 334, 345, 347, 348, 350, 351, 352, 353, 355, 356, 363, 364, 369, 372, 373, 380, 384, 385, 387, 389, 391, 392, 393, 394, 395, 396, 399]
x_369: [1, 3, 6, 12, 13, 14, 15, 16, 19, 22, 26, 30, 31, 32, 33, 36, 39, 40, 42, 43, 45, 46, 48, 51, 52, 53, 56, 57, 60, 61, 62, 64, 65, 66, 72, 75, 77, 80, 82, 83, 86, 87, 88, 90, 92, 96, 98, 99, 100, 105, 106, 110, 111, 112, 113, 117, 119, 120, 121, 123, 124, 129, 131, 132, 134, 138, 140, 141, 142, 143, 145, 147, 148, 149, 151, 152, 154, 156, 157, 158, 159, 161, 162, 163, 164, 166, 169, 170, 171, 176, 177, 178, 179, 180, 182, 184, 185, 189, 190, 191, 192, 193, 195, 196, 197, 199, 200, 203, 205, 206, 209, 211, 212, 214, 215, 221, 225, 226, 227, 228, 233, 234, 235, 236, 237, 239, 243, 244, 245, 247, 248, 249, 250, 251, 252, 254, 256, 257, 259, 260, 261, 264, 265, 266, 267, 270, 274, 275, 276, 277, 278, 284, 286, 287, 289, 291, 295, 296, 298, 299, 300, 302, 303, 304, 307, 311, 312, 313, 317, 320, 322, 323, 325, 327, 329, 331, 332, 335, 337, 338, 339, 340, 342, 343, 344, 346, 349, 353, 354, 355, 357, 359, 360, 361, 362, 366, 367, 368, 370, 371, 376, 377, 378, 380, 381, 382, 383, 386, 387, 388, 390, 393, 398, 400]
x_370: [2, 3, 4, 5, 7, 8, 10, 11, 16, 17, 18, 19, 24, 27, 28, 29, 30, 32, 34, 35, 37, 38, 41, 44, 51, 52, 53, 54, 55, 57, 58, 59, 66, 67, 68, 69, 70, 71, 73, 74, 78, 79, 82, 84, 85, 88, 89, 93, 95, 97, 103, 104, 106, 108, 113, 115, 116, 118, 120, 123, 126, 127, 135, 136, 137, 139, 140, 146, 147, 150, 151, 153, 155, 159, 160, 165, 166, 168, 172, 174, 175, 183, 186, 187, 188, 189, 194, 195, 197, 198, 203, 206, 207, 212, 213, 214, 215, 216, 217, 219, 220, 222, 224, 231, 232, 238, 239, 240, 241, 242, 243, 244, 246, 248, 251, 253, 256, 257, 258, 259, 262, 263, 265, 268, 269, 271, 272, 276, 282, 284, 285, 286, 289, 290, 291, 293, 297, 299, 303, 304, 305, 306, 308, 309, 310, 314, 318, 324, 328, 330, 332, 334, 339, 341, 346, 347, 348, 349, 350, 351, 352, 353, 356, 358, 364, 365, 366, 369, 372, 373, 375, 379, 383, 384, 385, 387, 389, 391, 392, 394, 395, 396, 397, 398, 399]
x_371: [2, 4, 7, 8, 10, 11, 12, 15, 18, 19, 20, 24, 25, 27, 29, 30, 34, 35, 37, 38, 41, 43, 44, 49, 52, 53, 54, 55, 56, 58, 59, 61, 63, 67, 68, 69, 72, 73, 76, 78, 79, 80, 81, 82, 85, 89, 90, 91, 93, 95, 97, 101, 102, 103, 104, 108, 113, 115, 116, 118, 122, 125, 126, 127, 131, 133, 135, 136, 137, 146, 153, 155, 157, 160, 163, 165, 172, 174, 175, 177, 180, 182, 183, 185, 187, 188, 190, 193, 194, 198, 199, 203, 204, 207, 214, 215, 217, 218, 219, 220, 221, 222, 223, 224, 228, 230, 231, 232, 238, 239, 240, 242, 246, 248, 251, 253, 255, 256, 257, 258, 262, 263, 265, 268, 271, 276, 277, 281, 282, 283, 284, 285, 286, 290, 291, 292, 293, 294, 297, 298, 299, 300, 302, 303, 305, 306, 308, 309, 310, 313, 314, 320, 324, 326, 328, 330, 333, 334, 336, 342, 345, 347, 348, 351, 352, 353, 354, 356, 358, 359, 363, 364, 365, 367, 369, 372, 373, 374, 382, 384, 385, 387, 389, 391, 392, 394, 395, 396, 397, 399]
x_372: [1, 3, 6, 12, 13, 14, 15, 16, 17, 21, 22, 26, 31, 32, 33, 34, 36, 39, 40, 42, 43, 45, 46, 47, 48, 50, 51, 57, 61, 62, 63, 64, 65, 68, 72, 75, 79, 80, 83, 87, 88, 91, 92, 96, 98, 99, 100, 101, 105, 108, 109, 110, 111, 112, 114, 117, 118, 119, 120, 121, 122, 123, 124, 128, 130, 131, 132, 134, 136, 138, 140, 141, 142, 144, 145, 148, 149, 151, 152, 154, 155, 156, 157, 158, 162, 163, 164, 165, 166, 169, 171, 173, 176, 177, 178, 179, 180, 181, 182, 184, 186, 189, 191, 192, 193, 195, 196, 197, 198, 200, 201, 202, 204, 205, 206, 209, 210, 212, 227, 229, 230, 231, 233, 235, 236, 237, 238, 240, 243, 244, 245, 247, 249, 250, 252, 254, 255, 261, 264, 266, 269, 270, 272, 274, 275, 277, 278, 279, 280, 282, 283, 287, 288, 289, 295, 296, 298, 302, 304, 307, 309, 310, 311, 312, 313, 315, 316, 317, 319, 320, 321, 322, 323, 325, 326, 329, 331, 332, 335, 337, 338, 339, 340, 342, 343, 344, 346, 347, 349, 354, 355, 356, 357, 359, 360, 361, 362, 365, 366, 367, 368, 370, 371, 374, 376, 377, 378, 380, 381, 382, 383, 384, 386, 388, 390, 393, 397, 398, 400]
x_373: [1, 3, 6, 7, 9, 11, 12, 14, 15, 16, 20, 21, 22, 23, 25, 29, 31, 32, 33, 36, 40, 43, 45, 46, 47, 48, 49, 50, 51, 56, 57, 60, 61, 64, 65, 69, 70, 72, 75, 77, 80, 83, 87, 88, 90, 92, 98, 99, 100, 105, 107, 110, 111, 112, 114, 117, 119, 121, 122, 123, 124, 125, 126, 128, 129, 130, 131, 132, 137, 138, 140, 141, 142, 143, 144, 145, 146, 147, 148, 149, 151, 152, 154, 156, 157, 158, 159, 161, 162, 163, 169, 170, 171, 172, 173, 176, 178, 179, 180, 182, 187, 188, 189, 191, 192, 193, 195, 197, 200, 201, 202, 205, 206, 208, 209, 210, 211, 212, 222, 223, 226, 227, 229, 230, 233, 234, 236, 237, 243, 244, 246, 249, 250, 252, 254, 260, 261, 264, 266, 267, 269, 271, 274, 275, 277, 279, 281, 285, 287, 288, 289, 292, 295, 296, 298, 301, 304, 305, 312, 313, 315, 316, 317, 318, 319, 320, 321, 322, 325, 329, 331, 332, 335, 337, 338, 339, 340, 342, 344, 345, 346, 349, 352, 354, 355, 357, 359, 361, 362, 364, 366, 367, 368, 370, 371, 374, 377, 378, 380, 381, 383, 385, 388, 390, 393, 396, 398, 400]
x_374: [4, 5, 7, 8, 9, 12, 15, 18, 19, 20, 24, 25, 27, 28, 29, 30, 35, 37, 38, 41, 43, 49, 52, 54, 55, 56, 58, 59, 61, 63, 66, 67, 69, 70, 71, 72, 73, 74, 78, 79, 80, 81, 82, 84, 85, 89, 90, 91, 93, 94, 95, 97, 102, 103, 104, 106, 108, 113, 115, 116, 118, 122, 125, 126, 127, 131, 133, 135, 136, 137, 139, 150, 153, 155, 157, 160, 163, 165, 167, 168, 172, 174, 177, 180, 182, 183, 185, 186, 188, 190, 193, 194, 198, 199, 203, 204, 207, 214, 215, 216, 217, 218, 219, 220, 221, 222, 224, 228, 230, 231, 239, 240, 241, 242, 246, 248, 251, 253, 256, 257, 258, 259, 263, 265, 268, 271, 272, 276, 277, 281, 282, 283, 285, 286, 290, 291, 292, 294, 297, 298, 299, 302, 303, 305, 306, 308, 309, 310, 313, 314, 318, 320, 326, 328, 330, 333, 334, 336, 341, 342, 345, 347, 351, 352, 353, 354, 356, 358, 359, 363, 364, 365, 367, 371, 372, 373, 375, 382, 384, 387, 389, 391, 392, 394, 395, 396, 397, 399]
x_375: [1, 2, 3, 6, 12, 13, 14, 15, 16, 18, 21, 24, 26, 31, 32, 33, 36, 38, 39, 42, 43, 44, 45, 46, 47, 48, 50, 51, 56, 59, 60, 61, 62, 64, 65, 67, 72, 73, 74, 76, 80, 81, 83, 85, 86, 87, 90, 92, 94, 97, 98, 99, 100, 105, 107, 109, 110, 111, 112, 115, 119, 120, 121, 122, 123, 124, 128, 129, 130, 131, 132, 134, 138, 139, 140, 141, 142, 143, 144, 145, 147, 148, 149, 151, 152, 153, 154, 156, 157, 158, 159, 162, 163, 164, 166, 169, 170, 173, 176, 177, 179, 180, 182, 184, 189, 190, 191, 192, 195, 196, 197, 200, 201, 202, 205, 206, 208, 210, 211, 212, 219, 220, 225, 227, 228, 229, 230, 233, 234, 236, 241, 244, 247, 249, 250, 252, 253, 254, 260, 261, 264, 266, 267, 269, 270, 273, 274, 275, 277, 279, 280, 287, 288, 289, 294, 295, 298, 301, 304, 307, 313, 314, 315, 316, 317, 319, 320, 321, 322, 323, 325, 327, 328, 329, 331, 332, 334, 337, 338, 339, 340, 342, 343, 344, 346, 349, 350, 351, 354, 355, 357, 358, 359, 360, 361, 362, 363, 366, 367, 370, 374, 376, 377, 378, 380, 383, 386, 388, 390, 398, 399]
x_376: [2, 4, 7, 9, 10, 11, 17, 18, 19, 21, 24, 25, 27, 28, 29, 30, 33, 34, 37, 38, 39, 41, 44, 49, 52, 53, 54, 55, 58, 62, 63, 65, 66, 67, 68, 69, 70, 71, 73, 74, 75, 76, 79, 81, 83, 84, 85, 86, 91, 92, 93, 94, 95, 97, 98, 101, 102, 103, 104, 105, 106, 108, 113, 114, 115, 116, 118, 119, 126, 127, 133, 135, 136, 137, 139, 146, 150, 152, 153, 155, 160, 165, 168, 171, 172, 174, 175, 178, 183, 185, 186, 187, 188, 194, 198, 199, 203, 204, 207, 213, 214, 215, 216, 217, 218, 219, 220, 221, 223, 224, 232, 238, 239, 240, 241, 242, 246, 247, 248, 249, 254, 255, 258, 259, 262, 263, 265, 268, 271, 272, 273, 276, 281, 282, 283, 284, 285, 286, 290, 291, 292, 293, 294, 297, 299, 300, 305, 306, 308, 309, 310, 311, 314, 317, 318, 323, 324, 325, 326, 328, 329, 330, 333, 334, 336, 341, 345, 347, 348, 350, 351, 352, 353, 356, 358, 361, 363, 365, 369, 372, 375, 381, 384, 385, 386, 387, 391, 394, 395, 397, 399, 400]
x_377: [2, 4, 5, 9, 10, 11, 13, 14, 17, 18, 19, 23, 25, 27, 28, 30, 34, 35, 37, 38, 44, 49, 50, 52, 54, 55, 58, 59, 60, 63, 64, 66, 67, 69, 70, 71, 73, 74, 76, 78, 79, 81, 82, 84, 85, 89, 94, 97, 101, 102, 103, 104, 108, 112, 113, 115, 116, 118, 125, 129, 133, 135, 136, 137, 139, 144, 146, 150, 153, 154, 155, 160, 165, 167, 172, 174, 175, 181, 183, 186, 188, 194, 199, 200, 203, 207, 214, 215, 216, 217, 218, 219, 220, 221, 222, 223, 227, 229, 231, 234, 238, 239, 240, 241, 242, 245, 246, 248, 251, 256, 257, 258, 259, 262, 263, 264, 265, 268, 271, 272, 276, 279, 281, 282, 283, 284, 285, 286, 288, 292, 293, 294, 295, 297, 299, 300, 305, 308, 309, 310, 314, 318, 321, 324, 326, 328, 330, 333, 334, 335, 340, 341, 343, 344, 345, 347, 348, 350, 351, 352, 356, 357, 358, 360, 362, 363, 364, 365, 369, 372, 373, 375, 378, 379, 385, 391, 392, 394, 395, 396, 397, 399]
x_378: [5, 7, 9, 10, 11, 13, 14, 17, 18, 19, 20, 23, 24, 25, 27, 28, 29, 30, 34, 35, 37, 38, 41, 44, 50, 52, 53, 55, 58, 59, 60, 63, 64, 67, 68, 69, 70, 71, 73, 74, 78, 79, 81, 82, 84, 85, 89, 91, 93, 94, 95, 101, 102, 103, 104, 106, 108, 112, 116, 118, 125, 126, 127, 129, 133, 135, 136, 137, 139, 144, 150, 154, 155, 160, 165, 167, 168, 172, 174, 175, 181, 183, 185, 186, 188, 194, 199, 200, 203, 204, 207, 213, 214, 215, 216, 217, 218, 219, 220, 221, 222, 223, 224, 227, 229, 231, 232, 234, 238, 239, 240, 241, 245, 246, 248, 251, 253, 256, 257, 258, 259, 262, 263, 264, 265, 271, 272, 276, 279, 281, 282, 283, 284, 285, 286, 288, 290, 291, 293, 294, 295, 297, 299, 300, 303, 305, 308, 309, 314, 318, 321, 324, 326, 328, 330, 333, 334, 335, 336, 340, 341, 343, 344, 345, 347, 348, 350, 351, 352, 353, 356, 357, 358, 360, 362, 363, 365, 369, 372, 373, 375, 377, 379, 384, 385, 387, 391, 392, 394, 395, 397, 399]
x_379: [1, 3, 5, 6, 8, 10, 12, 13, 14, 15, 16, 21, 22, 26, 27, 31, 32, 37, 39, 40, 41, 42, 45, 47, 48, 50, 54, 56, 58, 60, 61, 62, 64, 65, 72, 75, 77, 78, 80, 83, 84, 87, 88, 89, 90, 92, 93, 96, 98, 99, 100, 104, 105, 107, 109, 110, 111, 112, 116, 117, 119, 120, 122, 127, 128, 129, 130, 131, 132, 133, 134, 135, 138, 140, 142, 143, 144, 145, 147, 148, 151, 154, 156, 157, 158, 160, 161, 162, 163, 164, 166, 168, 169, 170, 174, 175, 176, 177, 178, 179, 180, 181, 182, 184, 189, 190, 191, 192, 193, 195, 197, 200, 201, 202, 205, 206, 208, 209, 210, 211, 212, 216, 217, 218, 224, 225, 226, 227, 228, 233, 234, 235, 236, 237, 243, 244, 245, 249, 250, 252, 254, 260, 261, 264, 266, 267, 269, 270, 273, 274, 275, 277, 278, 279, 280, 287, 288, 295, 296, 298, 301, 302, 304, 307, 312, 313, 315, 316, 317, 319, 320, 321, 322, 323, 324, 325, 327, 331, 332, 337, 338, 339, 340, 342, 343, 344, 346, 349, 354, 355, 357, 361, 362, 366, 367, 370, 377, 378, 380, 381, 382, 383, 386, 389, 390, 392, 393, 394, 395, 398, 400]
x_380: [2, 4, 5, 7, 8, 9, 10, 11, 17, 18, 19, 20, 25, 28, 29, 30, 31, 34, 35, 36, 37, 38, 40, 41, 52, 53, 55, 58, 59, 63, 66, 67, 68, 69, 71, 74, 76, 78, 79, 81, 82, 89, 91, 93, 94, 97, 100, 101, 102, 104, 106, 108, 113, 116, 117, 118, 124, 125, 126, 127, 128, 130, 135, 137, 139, 142, 143, 145, 146, 153, 155, 156, 158, 160, 165, 167, 168, 172, 173, 175, 176, 179, 183, 185, 186, 188, 192, 194, 196, 198, 199, 204, 205, 207, 208, 213, 214, 215, 216, 217, 218, 219, 220, 221, 223, 224, 226, 231, 232, 233, 238, 239, 240, 241, 242, 246, 248, 251, 253, 255, 256, 257, 258, 259, 262, 268, 271, 272, 275, 276, 281, 282, 283, 285, 286, 287, 290, 293, 296, 297, 299, 300, 305, 308, 309, 314, 318, 319, 322, 324, 326, 328, 333, 336, 341, 345, 350, 351, 352, 353, 355, 356, 358, 363, 364, 365, 368, 369, 372, 373, 375, 379, 384, 385, 387, 389, 392, 393, 394, 395, 396, 397, 399]
x_381: [4, 5, 7, 8, 9, 10, 11, 17, 18, 19, 20, 21, 24, 25, 27, 28, 29, 30, 33, 34, 35, 37, 38, 39, 41, 44, 49, 52, 53, 54, 55, 59, 62, 63, 65, 66, 67, 70, 71, 73, 74, 75, 76, 78, 79, 81, 83, 86, 89, 91, 92, 93, 94, 95, 97, 98, 101, 102, 103, 104, 105, 106, 108, 113, 114, 115, 116, 119, 125, 127, 133, 135, 136, 137, 139, 146, 150, 152, 153, 155, 160, 165, 168, 171, 172, 174, 178, 183, 185, 186, 187, 188, 198, 199, 203, 204, 207, 213, 214, 216, 217, 218, 219, 220, 222, 223, 231, 232, 239, 240, 242, 246, 247, 248, 249, 251, 253, 254, 255, 256, 257, 258, 259, 262, 265, 268, 271, 272, 273, 276, 281, 282, 283, 284, 285, 286, 290, 291, 292, 293, 294, 299, 300, 303, 305, 306, 308, 310, 311, 314, 317, 318, 323, 324, 325, 328, 329, 330, 333, 334, 336, 341, 345, 347, 348, 350, 351, 352, 353, 356, 358, 361, 363, 365, 369, 372, 373, 376, 379, 385, 386, 387, 389, 391, 392, 394, 395, 396, 397, 400]
x_382: [2, 5, 9, 10, 11, 12, 15, 17, 18, 19, 20, 25, 27, 29, 30, 34, 35, 37, 38, 43, 44, 49, 52, 53, 54, 56, 58, 59, 61, 63, 66, 67, 68, 69, 70, 71, 72, 73, 78, 79, 80, 81, 82, 84, 89, 90, 93, 94, 95, 97, 101, 102, 103, 104, 106, 108, 113, 116, 118, 122, 126, 127, 131, 133, 135, 136, 139, 146, 150, 153, 155, 157, 160, 163, 165, 167, 168, 172, 174, 175, 177, 180, 182, 183, 185, 186, 187, 188, 190, 193, 194, 198, 199, 203, 204, 207, 213, 214, 215, 216, 217, 218, 219, 220, 221, 223, 224, 228, 230, 232, 239, 241, 242, 246, 248, 251, 253, 255, 256, 258, 259, 262, 263, 265, 268, 271, 272, 277, 283, 284, 286, 290, 293, 297, 298, 299, 302, 303, 305, 306, 308, 310, 313, 314, 320, 324, 326, 328, 330, 333, 334, 336, 341, 342, 345, 347, 348, 350, 351, 352, 354, 356, 358, 359, 363, 364, 365, 367, 369, 371, 372, 374, 379, 384, 385, 387, 389, 391, 392, 394, 395, 396, 397, 399]
x_383: [2, 3, 4, 7, 8, 9, 10, 11, 16, 17, 18, 19, 20, 24, 25, 27, 28, 29, 30, 32, 34, 37, 38, 41, 49, 51, 52, 53, 54, 55, 57, 59, 63, 66, 67, 68, 69, 70, 71, 73, 74, 76, 78, 79, 81, 82, 84, 85, 88, 89, 91, 94, 95, 97, 101, 102, 103, 104, 106, 108, 113, 115, 116, 118, 120, 123, 125, 126, 127, 133, 135, 137, 139, 140, 146, 147, 150, 151, 153, 155, 159, 160, 165, 166, 168, 172, 174, 175, 183, 185, 186, 188, 189, 194, 195, 197, 203, 204, 206, 207, 212, 213, 214, 216, 217, 218, 219, 220, 221, 222, 223, 224, 232, 239, 240, 241, 242, 243, 244, 246, 248, 251, 253, 256, 257, 258, 263, 265, 268, 269, 271, 272, 276, 281, 282, 283, 284, 285, 289, 291, 292, 293, 294, 297, 299, 300, 303, 304, 306, 308, 309, 314, 318, 324, 326, 328, 330, 332, 333, 334, 339, 341, 345, 346, 347, 348, 349, 350, 351, 352, 353, 356, 358, 363, 364, 365, 366, 369, 370, 372, 373, 375, 379, 385, 387, 389, 391, 394, 395, 396, 397, 398, 399]
x_384: [1, 3, 6, 12, 13, 14, 15, 16, 17, 21, 22, 23, 31, 32, 33, 34, 39, 40, 42, 45, 47, 51, 56, 57, 60, 61, 62, 63, 64, 68, 72, 75, 77, 79, 80, 83, 86, 87, 88, 90, 91, 92, 96, 98, 99, 100, 101, 107, 108, 109, 110, 111, 117, 118, 119, 120, 123, 124, 131, 132, 134, 136, 138, 140, 141, 142, 143, 144, 145, 147, 148, 149, 151, 152, 154, 155, 156, 157, 158, 159, 161, 162, 163, 164, 165, 166, 169, 171, 173, 176, 177, 178, 179, 180, 181, 182, 186, 189, 190, 191, 192, 193, 195, 196, 198, 200, 201, 202, 204, 205, 206, 209, 210, 211, 212, 225, 226, 228, 229, 230, 231, 233, 234, 235, 236, 237, 238, 240, 243, 244, 247, 249, 250, 252, 255, 261, 264, 266, 267, 269, 270, 272, 273, 274, 275, 277, 278, 279, 282, 283, 287, 289, 295, 296, 298, 301, 304, 307, 309, 310, 311, 312, 313, 315, 316, 317, 319, 320, 321, 322, 323, 325, 326, 327, 331, 332, 335, 337, 338, 339, 342, 343, 344, 346, 347, 349, 355, 356, 357, 359, 360, 361, 362, 365, 367, 368, 370, 371, 372, 374, 376, 378, 380, 382, 386, 388, 390, 393, 397, 398, 400]
x_385: [1, 3, 6, 7, 9, 11, 12, 13, 14, 15, 16, 20, 21, 22, 23, 25, 29, 31, 32, 33, 40, 42, 43, 45, 46, 47, 48, 49, 50, 51, 56, 57, 60, 62, 64, 65, 69, 70, 72, 75, 77, 80, 83, 86, 87, 88, 90, 92, 96, 98, 99, 100, 105, 107, 110, 111, 112, 114, 117, 119, 120, 122, 125, 126, 128, 129, 130, 131, 132, 134, 137, 140, 142, 143, 144, 145, 146, 147, 148, 149, 151, 152, 154, 156, 157, 158, 159, 161, 162, 163, 164, 166, 169, 170, 171, 172, 173, 176, 177, 178, 180, 182, 184, 187, 188, 189, 190, 191, 192, 193, 195, 196, 197, 200, 205, 206, 208, 209, 210, 211, 212, 222, 223, 225, 227, 229, 230, 233, 234, 235, 237, 243, 244, 245, 246, 247, 249, 250, 252, 254, 260, 261, 264, 266, 267, 269, 270, 271, 273, 274, 275, 277, 278, 279, 280, 281, 285, 287, 288, 289, 292, 296, 298, 301, 302, 305, 307, 311, 313, 315, 316, 317, 318, 319, 320, 321, 322, 323, 327, 329, 331, 332, 335, 338, 339, 340, 342, 345, 346, 349, 352, 354, 355, 357, 361, 362, 364, 367, 368, 370, 371, 373, 376, 377, 378, 380, 381, 382, 383, 388, 393, 396, 398, 400]
x_386: [2, 4, 5, 8, 9, 10, 11, 17, 18, 19, 20, 21, 24, 25, 27, 28, 29, 30, 33, 35, 37, 38, 39, 41, 49, 52, 53, 55, 58, 59, 62, 63, 65, 66, 67, 68, 69, 70, 71, 73, 74, 75, 76, 78, 79, 81, 82, 83, 84, 85, 86, 89, 91, 92, 93, 94, 95, 98, 101, 102, 103, 105, 106, 108, 113, 114, 115, 116, 118, 119, 125, 126, 127, 133, 135, 136, 137, 139, 146, 150, 152, 153, 155, 160, 165, 167, 168, 171, 172, 174, 175, 178, 183, 185, 186, 187, 188, 194, 198, 199, 203, 204, 213, 214, 215, 216, 217, 218, 219, 220, 221, 222, 224, 231, 232, 239, 240, 241, 246, 247, 248, 249, 251, 253, 254, 255, 256, 257, 258, 259, 262, 263, 265, 268, 271, 272, 273, 276, 281, 282, 283, 284, 286, 290, 291, 292, 293, 294, 297, 299, 300, 303, 305, 306, 308, 309, 310, 311, 314, 317, 318, 323, 324, 325, 326, 328, 329, 334, 336, 341, 345, 347, 348, 350, 351, 352, 353, 356, 358, 361, 363, 364, 365, 369, 372, 375, 376, 379, 381, 384, 387, 389, 391, 394, 395, 396, 397, 399, 400]
x_387: [1, 3, 6, 14, 15, 16, 19, 21, 22, 23, 26, 30, 31, 33, 36, 39, 40, 42, 43, 46, 47, 48, 50, 51, 52, 53, 56, 57, 60, 61, 64, 65, 66, 72, 75, 77, 80, 82, 83, 87, 88, 90, 92, 96, 98, 99, 100, 105, 106, 107, 110, 111, 112, 113, 114, 117, 119, 120, 121, 122, 123, 124, 129, 130, 131, 132, 134, 138, 140, 141, 142, 143, 144, 145, 147, 148, 151, 152, 154, 156, 158, 159, 161, 162, 163, 166, 169, 170, 176, 177, 178, 179, 180, 181, 182, 184, 185, 189, 190, 191, 192, 193, 199, 200, 201, 202, 203, 205, 206, 208, 209, 210, 211, 214, 215, 221, 225, 226, 227, 228, 229, 230, 233, 234, 235, 236, 237, 239, 243, 244, 245, 248, 249, 250, 251, 252, 254, 256, 257, 259, 261, 264, 265, 266, 267, 269, 270, 273, 274, 275, 276, 278, 279, 280, 284, 286, 287, 288, 289, 291, 295, 296, 298, 299, 300, 301, 302, 303, 304, 307, 312, 315, 316, 317, 319, 320, 321, 322, 323, 325, 327, 329, 331, 332, 335, 337, 338, 339, 340, 342, 343, 344, 346, 349, 353, 355, 357, 359, 360, 362, 368, 369, 370, 371, 374, 376, 378, 380, 381, 382, 383, 386, 390, 398, 400]
x_388: [1, 2, 7, 8, 9, 10, 11, 17, 18, 20, 24, 25, 27, 28, 29, 30, 34, 35, 37, 38, 41, 42, 46, 48, 49, 52, 53, 54, 55, 59, 63, 66, 67, 68, 69, 71, 73, 74, 77, 78, 79, 81, 82, 84, 85, 91, 93, 95, 97, 99, 101, 102, 103, 104, 106, 107, 108, 109, 111, 113, 115, 116, 118, 125, 126, 127, 132, 133, 134, 135, 136, 137, 139, 146, 148, 150, 153, 155, 160, 161, 165, 167, 168, 172, 174, 175, 183, 184, 186, 187, 188, 191, 198, 199, 201, 203, 204, 207, 209, 210, 211, 213, 214, 215, 216, 217, 218, 219, 221, 223, 224, 232, 236, 238, 239, 246, 248, 250, 251, 253, 255, 256, 257, 258, 259, 260, 261, 263, 265, 266, 268, 271, 274, 276, 281, 282, 283, 285, 286, 290, 291, 292, 293, 297, 299, 300, 301, 303, 305, 306, 307, 308, 309, 310, 314, 315, 318, 324, 326, 328, 330, 331, 333, 334, 336, 341, 345, 347, 350, 351, 353, 356, 358, 363, 364, 365, 369, 372, 373, 375, 384, 385, 389, 391, 392, 394, 395, 397, 399]
x_389: [1, 3, 5, 6, 8, 10, 12, 13, 14, 16, 21, 22, 23, 26, 27, 31, 36, 37, 39, 40, 41, 42, 45, 46, 47, 50, 51, 54, 56, 57, 58, 62, 64, 65, 75, 78, 83, 84, 87, 88, 89, 90, 92, 93, 96, 100, 104, 105, 107, 109, 110, 111, 112, 114, 116, 117, 119, 120, 121, 122, 123, 124, 127, 128, 129, 130, 131, 132, 133, 134, 135, 140, 141, 143, 144, 145, 147, 148, 149, 151, 152, 157, 158, 159, 160, 162, 163, 166, 168, 169, 170, 171, 173, 174, 175, 176, 177, 178, 180, 182, 184, 189, 190, 191, 192, 193, 195, 196, 197, 201, 205, 206, 209, 210, 211, 212, 216, 217, 218, 224, 225, 226, 227, 228, 230, 233, 234, 235, 236, 237, 243, 244, 247, 249, 252, 254, 260, 261, 264, 266, 267, 270, 273, 274, 275, 277, 279, 280, 287, 288, 289, 295, 298, 301, 302, 304, 307, 311, 312, 313, 315, 319, 320, 321, 322, 323, 324, 325, 327, 329, 335, 337, 339, 340, 342, 343, 344, 346, 349, 354, 357, 359, 360, 361, 362, 366, 367, 368, 370, 371, 374, 379, 380, 381, 382, 383, 386, 388, 390, 392, 393, 394, 395, 398, 400]
x_390: [2, 5, 6, 7, 8, 9, 10, 11, 17, 18, 19, 20, 22, 24, 25, 26, 27, 29, 30, 35, 37, 38, 41, 44, 45, 47, 49, 52, 53, 54, 55, 58, 59, 66, 67, 68, 69, 70, 76, 78, 81, 82, 84, 85, 87, 89, 91, 93, 94, 95, 96, 97, 101, 102, 103, 104, 106, 108, 110, 113, 116, 118, 121, 125, 126, 127, 133, 136, 137, 138, 139, 141, 146, 149, 150, 155, 160, 162, 164, 165, 167, 168, 169, 170, 172, 174, 175, 183, 186, 187, 188, 194, 198, 199, 202, 203, 207, 213, 214, 215, 216, 217, 218, 219, 220, 221, 222, 223, 224, 225, 232, 235, 237, 238, 239, 240, 241, 242, 246, 248, 251, 252, 253, 255, 256, 257, 258, 259, 262, 263, 267, 268, 270, 271, 272, 276, 278, 280, 282, 283, 284, 285, 290, 291, 292, 293, 294, 297, 303, 305, 306, 310, 312, 316, 318, 327, 334, 336, 337, 338, 341, 345, 347, 348, 350, 352, 353, 356, 358, 363, 364, 365, 369, 372, 373, 375, 379, 384, 387, 389, 391, 392, 394, 395, 396, 397, 399]
x_391: [1, 3, 4, 6, 12, 13, 14, 15, 16, 21, 22, 28, 31, 32, 33, 35, 36, 40, 42, 43, 45, 47, 48, 50, 55, 56, 57, 60, 62, 64, 65, 71, 72, 77, 80, 83, 86, 87, 88, 90, 92, 95, 98, 99, 102, 103, 105, 107, 109, 110, 112, 114, 117, 120, 122, 123, 124, 128, 131, 132, 134, 138, 140, 141, 142, 143, 144, 145, 147, 149, 150, 151, 152, 154, 156, 157, 158, 161, 163, 164, 167, 169, 171, 173, 176, 177, 178, 179, 180, 182, 183, 184, 189, 190, 191, 192, 193, 194, 196, 197, 200, 201, 202, 205, 206, 207, 208, 209, 210, 212, 213, 225, 226, 227, 228, 229, 230, 232, 233, 234, 235, 236, 237, 242, 243, 244, 245, 247, 249, 250, 252, 254, 258, 260, 261, 262, 263, 264, 266, 267, 268, 269, 270, 275, 278, 279, 280, 288, 289, 290, 293, 295, 296, 297, 301, 302, 304, 306, 307, 308, 311, 312, 313, 315, 316, 317, 319, 321, 322, 323, 325, 327, 329, 330, 331, 333, 335, 336, 337, 338, 339, 340, 341, 342, 344, 348, 349, 354, 355, 357, 359, 360, 361, 367, 368, 370, 371, 374, 376, 377, 378, 381, 382, 383, 386, 388, 390, 393, 398, 400]
x_392: [3, 5, 6, 8, 10, 12, 13, 14, 15, 16, 21, 22, 23, 26, 27, 32, 33, 36, 37, 39, 40, 41, 42, 43, 45, 46, 48, 50, 51, 54, 56, 57, 58, 60, 61, 62, 72, 77, 78, 80, 83, 84, 86, 87, 88, 89, 90, 92, 93, 96, 98, 100, 104, 105, 107, 109, 110, 111, 112, 116, 117, 119, 120, 121, 122, 123, 124, 127, 129, 130, 131, 132, 133, 134, 135, 138, 141, 142, 143, 144, 145, 147, 148, 149, 151, 152, 154, 156, 157, 159, 160, 161, 162, 163, 164, 168, 169, 171, 173, 174, 175, 176, 177, 178, 179, 180, 181, 182, 184, 189, 191, 192, 193, 195, 196, 197, 200, 201, 202, 205, 206, 208, 209, 210, 211, 212, 216, 217, 218, 224, 225, 226, 227, 228, 229, 230, 233, 236, 237, 243, 244, 245, 247, 249, 250, 252, 254, 260, 261, 264, 266, 267, 269, 270, 273, 274, 275, 277, 278, 280, 287, 288, 289, 295, 296, 298, 302, 307, 311, 312, 313, 315, 316, 317, 319, 320, 321, 322, 323, 324, 327, 329, 332, 335, 338, 339, 342, 343, 344, 346, 349, 354, 357, 359, 360, 361, 362, 366, 367, 368, 370, 371, 374, 377, 378, 379, 380, 381, 382, 388, 389, 390, 394, 395, 398, 400]
x_393: [4, 5, 7, 8, 9, 18, 19, 20, 24, 25, 27, 28, 30, 31, 34, 36, 37, 38, 40, 49, 52, 53, 54, 58, 59, 63, 67, 68, 69, 70, 73, 74, 76, 78, 79, 82, 84, 85, 89, 91, 93, 94, 95, 100, 101, 102, 103, 104, 106, 108, 113, 115, 116, 117, 118, 124, 125, 127, 128, 130, 133, 135, 136, 139, 142, 143, 145, 146, 150, 153, 155, 156, 158, 160, 165, 167, 172, 173, 174, 175, 176, 179, 183, 185, 186, 187, 188, 192, 194, 196, 198, 199, 205, 207, 208, 213, 215, 216, 218, 219, 220, 222, 223, 224, 226, 231, 232, 233, 238, 239, 240, 241, 242, 246, 248, 251, 253, 255, 256, 257, 258, 259, 262, 263, 265, 271, 272, 275, 276, 282, 283, 284, 285, 287, 290, 291, 292, 293, 294, 296, 297, 299, 300, 303, 305, 306, 308, 310, 314, 318, 319, 322, 324, 326, 330, 333, 334, 336, 345, 347, 348, 351, 352, 353, 355, 356, 358, 363, 364, 365, 368, 369, 372, 373, 379, 380, 384, 385, 389, 391, 394, 395, 396, 397]
x_394: [1, 3, 5, 6, 8, 10, 12, 13, 14, 15, 16, 21, 22, 23, 27, 31, 32, 33, 36, 37, 39, 41, 42, 43, 45, 47, 48, 50, 51, 54, 56, 58, 61, 62, 64, 65, 72, 75, 77, 78, 80, 83, 84, 86, 87, 88, 89, 90, 92, 93, 96, 98, 99, 100, 104, 105, 107, 109, 111, 112, 114, 116, 117, 120, 121, 122, 123, 124, 127, 128, 129, 130, 131, 132, 133, 135, 138, 141, 142, 143, 145, 147, 148, 149, 152, 154, 156, 157, 158, 159, 160, 161, 162, 163, 164, 166, 168, 170, 171, 174, 175, 178, 179, 180, 181, 184, 190, 191, 192, 193, 195, 196, 197, 200, 202, 205, 206, 208, 210, 211, 212, 216, 217, 218, 224, 225, 227, 228, 229, 230, 233, 234, 235, 236, 237, 243, 247, 249, 250, 252, 260, 261, 264, 266, 267, 269, 273, 274, 275, 277, 278, 279, 280, 287, 288, 289, 295, 298, 301, 302, 304, 307, 312, 313, 315, 316, 317, 320, 321, 322, 324, 325, 327, 331, 332, 335, 337, 338, 339, 340, 342, 343, 344, 346, 349, 354, 357, 359, 360, 361, 362, 366, 367, 368, 370, 371, 374, 376, 377, 378, 379, 380, 381, 382, 383, 386, 388, 389, 390, 392, 393, 395, 398, 400]
x_395: [1, 3, 5, 8, 10, 13, 14, 15, 16, 21, 22, 23, 26, 27, 31, 32, 33, 36, 37, 39, 41, 42, 43, 45, 46, 47, 48, 50, 51, 54, 56, 57, 58, 61, 62, 65, 72, 75, 77, 78, 80, 83, 84, 86, 87, 88, 89, 90, 92, 93, 96, 98, 99, 100, 104, 105, 107, 109, 110, 111, 112, 114, 116, 117, 119, 121, 122, 123, 124, 127, 128, 129, 130, 131, 133, 134, 135, 138, 140, 141, 142, 143, 144, 145, 148, 149, 151, 152, 154, 156, 157, 158, 160, 161, 162, 164, 166, 168, 169, 170, 171, 173, 174, 175, 177, 178, 179, 180, 181, 182, 184, 190, 191, 192, 193, 195, 196, 197, 200, 201, 202, 205, 206, 208, 209, 210, 212, 216, 217, 218, 224, 225, 226, 227, 230, 234, 235, 237, 243, 244, 245, 247, 249, 250, 252, 260, 264, 266, 267, 269, 270, 273, 274, 275, 277, 278, 279, 280, 287, 288, 289, 295, 296, 301, 302, 304, 307, 311, 312, 313, 315, 316, 317, 319, 320, 321, 322, 323, 324, 325, 331, 332, 337, 338, 339, 340, 342, 343, 344, 346, 354, 355, 357, 359, 361, 362, 366, 367, 368, 370, 371, 374, 376, 377, 378, 379, 380, 381, 382, 383, 386, 388, 389, 390, 392, 393, 394, 400]
x_396: [1, 3, 6, 7, 9, 11, 12, 14, 16, 20, 21, 22, 25, 26, 29, 31, 32, 36, 39, 40, 42, 43, 45, 46, 47, 48, 49, 50, 51, 57, 60, 61, 62, 64, 65, 69, 70, 72, 75, 77, 80, 83, 86, 87, 88, 90, 92, 96, 98, 99, 100, 105, 107, 109, 110, 111, 112, 114, 117, 119, 120, 121, 122, 123, 124, 125, 126, 128, 129, 130, 131, 132, 134, 137, 138, 140, 141, 142, 143, 144, 146, 147, 149, 152, 154, 156, 159, 161, 162, 163, 164, 166, 169, 170, 171, 172, 173, 176, 177, 178, 179, 180, 181, 182, 184, 187, 188, 189, 190, 191, 192, 193, 195, 196, 197, 200, 201, 202, 205, 206, 208, 209, 211, 212, 222, 223, 225, 226, 227, 228, 230, 234, 235, 236, 243, 244, 245, 246, 249, 250, 252, 254, 261, 264, 266, 269, 270, 271, 273, 274, 275, 277, 278, 279, 280, 281, 285, 287, 288, 289, 292, 295, 296, 298, 301, 304, 305, 307, 311, 312, 313, 315, 316, 317, 318, 319, 320, 321, 322, 323, 325, 327, 329, 331, 332, 335, 337, 338, 339, 340, 342, 343, 344, 345, 349, 352, 354, 355, 357, 361, 364, 366, 367, 368, 370, 371, 373, 374, 377, 380, 381, 382, 383, 385, 386, 390, 393, 398, 400]
x_397: [1, 3, 6, 12, 13, 14, 15, 17, 21, 22, 23, 26, 31, 32, 33, 34, 39, 40, 42, 45, 46, 47, 48, 50, 51, 56, 57, 60, 61, 62, 63, 65, 68, 72, 75, 77, 79, 83, 86, 87, 90, 91, 92, 96, 98, 100, 101, 105, 107, 108, 109, 110, 111, 112, 114, 117, 118, 119, 120, 121, 122, 123, 124, 128, 129, 130, 131, 132, 134, 136, 138, 140, 141, 142, 143, 145, 147, 151, 152, 154, 155, 156, 158, 159, 161, 163, 164, 165, 166, 169, 170, 171, 176, 177, 178, 179, 180, 181, 182, 184, 186, 189, 190, 191, 192, 193, 195, 197, 198, 200, 201, 202, 204, 205, 206, 208, 209, 210, 211, 212, 226, 227, 228, 229, 230, 231, 233, 234, 235, 236, 237, 238, 240, 243, 244, 245, 247, 249, 252, 254, 255, 260, 261, 264, 266, 267, 269, 270, 272, 273, 274, 275, 277, 278, 279, 280, 282, 283, 287, 288, 289, 295, 296, 301, 302, 304, 307, 309, 310, 311, 312, 313, 315, 316, 317, 319, 320, 321, 322, 323, 325, 326, 327, 329, 331, 332, 335, 338, 339, 340, 342, 343, 344, 346, 347, 349, 354, 355, 356, 357, 359, 360, 361, 362, 365, 366, 367, 370, 371, 372, 374, 376, 377, 378, 380, 381, 382, 383, 384, 386, 388, 390, 393, 398, 400]
x_398: [2, 3, 4, 5, 7, 8, 9, 10, 11, 16, 17, 18, 19, 20, 24, 25, 27, 28, 29, 30, 32, 34, 35, 37, 38, 44, 49, 51, 52, 54, 55, 57, 58, 59, 63, 67, 68, 69, 70, 71, 73, 74, 78, 79, 81, 88, 89, 93, 94, 95, 97, 101, 102, 103, 104, 106, 113, 115, 118, 120, 123, 125, 126, 127, 136, 137, 139, 140, 146, 147, 150, 151, 153, 155, 159, 160, 165, 166, 167, 174, 175, 183, 185, 186, 187, 188, 189, 194, 195, 197, 198, 199, 203, 204, 206, 207, 212, 213, 214, 215, 217, 218, 221, 222, 223, 224, 231, 232, 238, 239, 240, 241, 242, 243, 244, 246, 248, 251, 253, 255, 256, 257, 258, 259, 262, 263, 265, 268, 269, 271, 272, 276, 281, 282, 283, 284, 285, 289, 290, 291, 292, 293, 294, 297, 299, 300, 303, 304, 306, 308, 309, 310, 318, 324, 326, 328, 330, 332, 333, 334, 336, 339, 341, 345, 346, 349, 350, 351, 352, 353, 356, 358, 363, 364, 365, 366, 369, 370, 372, 373, 375, 379, 383, 384, 385, 387, 389, 391, 392, 394, 396, 397, 399]
x_399: [1, 2, 3, 12, 13, 14, 15, 16, 18, 21, 22, 23, 24, 31, 32, 36, 38, 39, 42, 44, 45, 46, 47, 48, 50, 51, 56, 57, 59, 60, 61, 62, 64, 65, 67, 72, 73, 74, 75, 76, 77, 80, 81, 83, 85, 86, 87, 88, 92, 94, 97, 98, 99, 100, 105, 107, 109, 110, 111, 112, 115, 117, 119, 120, 121, 122, 123, 128, 129, 131, 132, 134, 138, 139, 140, 141, 142, 143, 144, 145, 147, 148, 149, 151, 152, 153, 154, 156, 158, 159, 161, 162, 164, 169, 171, 173, 176, 177, 180, 181, 182, 184, 189, 190, 191, 193, 195, 196, 197, 202, 205, 206, 208, 209, 210, 212, 219, 220, 225, 226, 228, 229, 230, 233, 234, 235, 236, 237, 241, 243, 245, 249, 252, 253, 254, 260, 261, 264, 266, 267, 269, 270, 273, 274, 275, 277, 279, 287, 294, 295, 298, 302, 304, 307, 311, 312, 313, 314, 315, 316, 317, 319, 320, 321, 322, 323, 325, 327, 328, 329, 331, 332, 334, 335, 337, 338, 339, 340, 342, 343, 344, 349, 350, 351, 354, 355, 357, 358, 359, 360, 361, 362, 363, 366, 367, 368, 370, 371, 374, 375, 376, 377, 378, 380, 382, 383, 386, 388, 390, 398, 400]
x_400: [2, 4, 5, 7, 8, 9, 10, 11, 17, 18, 19, 20, 21, 24, 25, 28, 29, 33, 34, 37, 38, 39, 41, 44, 49, 52, 53, 54, 55, 59, 62, 65, 67, 68, 69, 70, 73, 75, 78, 79, 81, 82, 83, 84, 85, 86, 89, 91, 92, 93, 94, 95, 97, 98, 101, 102, 103, 104, 105, 106, 108, 113, 114, 115, 116, 118, 119, 125, 126, 127, 135, 136, 137, 139, 146, 150, 152, 160, 165, 167, 168, 171, 172, 174, 175, 178, 183, 186, 187, 188, 194, 203, 207, 214, 215, 216, 217, 219, 220, 221, 223, 224, 231, 232, 238, 239, 241, 242, 247, 248, 249, 251, 253, 254, 255, 256, 257, 258, 259, 262, 263, 265, 271, 272, 273, 281, 282, 283, 284, 285, 286, 291, 292, 293, 294, 299, 300, 303, 306, 310, 311, 314, 317, 318, 323, 324, 325, 326, 328, 329, 330, 333, 334, 336, 341, 345, 347, 348, 351, 352, 353, 356, 358, 361, 363, 364, 365, 369, 372, 373, 376, 379, 381, 384, 385, 386, 387, 389, 391, 392, 394, 395, 396, 397, 399]