400
1 1 1 1 1 1 1 1 1 1 1 1 1 1 1 1 1 1 1 1 1 1 1 1 1 1 1 1 1 1 1 1 1 1 1 1 1 1 1 1 1 1 1 1 1 1 1 1 1 1 1 1 1 1 1 1 1 1 1 1 1 1 1 1 1 1 1 1 1 1 1 1 1 1 1 1 1 1 1 1 1 1 1 1 1 1 1 1 1 1 1 1 1 1 1 1 1 1 1 1 1 1 1 1 1 1 1 1 1 1 1 1 1 1 1 1 1 1 1 1 1 1 1 1 1 1 1 1 1 1 1 1 1 1 1 1 1 1 1 1 1 1 1 1 1 1 1 1 1 1 1 1 1 1 1 1 1 1 1 1 1 1 1 1 1 1 1 1 1 1 1 1 1 1 1 1 1 1 1 1 1 1 1 1 1 1 1 1 1 1 1 1 1 1 1 1 1 1 1 1 1 1 1 1 1 1 1 1 1 1 1 1 1 1 1 1 1 1 1 1 1 1 1 1 1 1 1 1 1 1 1 1 1 1 1 1 1 1 1 1 1 1 1 1 1 1 1 1 1 1 1 1 1 1 1 1 1 1 1 1 1 1 1 1 1 1 1 1 1 1 1 1 1 1 1 1 1 1 1 1 1 1 1 1 1 1 1 1 1 1 1 1 1 1 1 1 1 1 1 1 1 1 1 1 1 1 1 1 1 1 1 1 1 1 1 1 1 1 1 1 1 1 1 1 1 1 1 1 1 1 1 1 1 1 1 1 1 1 1 1 1 1 1 1 1 1 1 1 1 1 1 1 1 1 1 1 1 1 1 1 1 1 1 1 1 1 1 1 1 1 1 1 1 1 1 1 1 1 1 1 1 1 1 1 1 1 1 1 1 1 1 1 1 1 1 1 1 1 1 1
x_1: [2, 7, 10, 12, 20, 22, 23, 26, 27, 31, 34, 39, 47, 48, 49, 50, 51, 53, 55, 56, 58, 59, 60, 61, 62, 65, 72, 74, 76, 79, 84, 87, 90, 93, 97, 98, 111, 112, 116, 117, 122, 126, 131, 134, 140, 141, 142, 143, 149, 150, 153, 157, 158, 163, 167, 169, 170, 173, 175, 179, 181, 183, 187, 189, 192, 193, 196, 197, 201, 202, 204, 206, 208, 210, 212, 219, 223, 224, 227, 228, 241, 244, 246, 248, 251, 254, 256, 258, 262, 263, 266, 269, 271, 274, 276, 277, 287, 288, 294, 295, 299, 301, 304, 306, 309, 313, 320, 324, 328, 330, 338, 340, 342, 346, 348, 349, 350, 351, 357, 363, 365, 368, 371, 377, 380, 381, 384, 386, 393, 395, 398]
x_2: [1, 5, 16, 18, 22, 23, 26, 28, 36, 42, 45, 47, 51, 55, 61, 62, 64, 65, 66, 67, 68, 69, 73, 76, 82, 87, 88, 93, 96, 102, 107, 109, 110, 111, 112, 113, 118, 120, 123, 124, 144, 145, 151, 154, 156, 157, 158, 160, 168, 172, 173, 177, 178, 181, 188, 190, 191, 195, 201, 203, 205, 210, 211, 215, 221, 223, 226, 228, 230, 231, 234, 235, 240, 241, 242, 245, 250, 253, 259, 279, 281, 283, 285, 286, 287, 296, 298, 299, 304, 308, 313, 315, 316, 319, 323, 326, 328, 329, 334, 335, 336, 337, 339, 349, 352, 356, 359, 360, 361, 362, 363, 366, 370, 371, 372, 378, 381, 388, 390, 392, 393, 399]
x_3: [5, 16, 17, 18, 24, 25, 27, 32, 34, 36, 39, 40, 44, 47, 48, 62, 63, 66, 72, 73, 75, 80, 81, 86, 90, 95, 97, 102, 108, 109, 114, 117, 120, 121, 130, 131, 133, 142, 143, 150, 154, 158, 160, 161, 163, 164, 165, 171, 176, 177, 178, 181, 190, 192, 194, 198, 199, 200, 203, 207, 208, 212, 216, 217, 220, 224, 228, 236, 237, 242, 243, 251, 252, 253, 257, 259, 270, 276, 280, 281, 282, 294, 297, 302, 304, 307, 310, 314, 315, 317, 322, 323, 325, 328, 329, 334, 335, 337, 342, 343, 344, 345, 346, 354, 355, 359, 360, 361, 364, 366, 368, 372, 375, 378, 379, 383, 384, 385, 386, 387, 390, 395, 397, 398]
x_4: [9, 10, 12, 13, 19, 21, 22, 25, 28, 31, 35, 36, 39, 41, 44, 47, 49, 50, 51, 52, 60, 61, 64, 67, 68, 73, 74, 75, 78, 88, 90, 91, 98, 102, 103, 105, 106, 110, 118, 120, 121, 127, 129, 134, 135, 145, 147, 156, 163, 166, 167, 169, 170, 172, 177, 179, 184, 188, 190, 195, 197, 199, 200, 203, 204, 205, 206, 208, 216, 217, 222, 231, 232, 238, 241, 247, 249, 251, 252, 255, 260, 263, 265, 270, 276, 284, 286, 288, 290, 292, 295, 300, 303, 310, 314, 317, 318, 323, 327, 328, 329, 331, 333, 335, 337, 340, 348, 349, 351, 356, 358, 359, 364, 366, 368, 371, 375, 382, 383, 389, 390, 394, 400]
x_5: [2, 3, 12, 13, 18, 24, 32, 33, 36, 37, 41, 45, 47, 52, 54, 57, 58, 64, 68, 69, 70, 74, 80, 82, 86, 89, 91, 92, 95, 97, 102, 107, 108, 113, 114, 117, 119, 120, 122, 123, 126, 127, 128, 133, 134, 138, 141, 142, 144, 145, 148, 149, 153, 155, 156, 159, 161, 164, 171, 174, 175, 179, 184, 187, 190, 191, 192, 194, 195, 202, 205, 213, 214, 232, 234, 235, 236, 239, 243, 245, 249, 250, 252, 254, 257, 262, 263, 266, 268, 272, 277, 282, 291, 292, 294, 296, 299, 300, 301, 303, 304, 307, 311, 312, 313, 315, 317, 321, 322, 325, 326, 330, 333, 338, 343, 344, 345, 346, 352, 361, 362, 364, 368, 370, 371, 374, 376, 377, 378, 380, 383, 386, 389, 392, 393, 397, 398, 399]
x_6: [8, 9, 10, 18, 19, 21, 22, 23, 25, 26, 31, 37, 39, 40, 44, 45, 50, 53, 54, 56, 57, 61, 65, 68, 71, 73, 74, 76, 79, 82, 83, 85, 89, 92, 93, 94, 96, 99, 101, 104, 107, 108, 121, 124, 129, 132, 135, 137, 140, 142, 144, 149, 153, 156, 158, 167, 172, 174, 175, 179, 180, 181, 182, 184, 186, 189, 190, 195, 196, 200, 203, 206, 215, 217, 223, 230, 238, 239, 246, 253, 254, 255, 262, 266, 267, 269, 270, 276, 280, 281, 289, 291, 292, 300, 303, 315, 322, 325, 327, 328, 329, 331, 334, 338, 343, 345, 346, 347, 352, 353, 356, 359, 360, 361, 375, 377, 378, 381, 383, 384, 387, 395, 396]
x_7: [1, 10, 13, 17, 20, 25, 26, 27, 31, 32, 33, 35, 37, 39, 42, 44, 46, 50, 52, 59, 69, 74, 76, 80, 82, 86, 87, 88, 89, 94, 98, 109, 113, 115, 117, 118, 119, 120, 132, 133, 134, 136, 140, 149, 151, 154, 155, 158, 163, 172, 184, 188, 191, 194, 200, 203, 205, 206, 210, 211, 217, 218, 225, 227, 228, 230, 231, 238, 239, 242, 244, 255, 258, 261, 265, 266, 271, 274, 280, 281, 287, 291, 298, 303, 306, 308, 310, 312, 317, 324, 330, 332, 334, 337, 340, 342, 343, 347, 348, 351, 352, 355, 356, 361, 363, 364, 374, 375, 384, 388, 391, 397]
x_8: [6, 9, 11, 12, 16, 20, 22, 28, 31, 32, 33, 38, 39, 43, 44, 47, 49, 54, 55, 66, 67, 72, 73, 75, 77, 81, 82, 83, 84, 85, 86, 93, 95, 97, 101, 104, 105, 109, 110, 129, 131, 133, 142, 144, 145, 149, 152, 154, 156, 161, 163, 169, 171, 181, 187, 190, 193, 195, 199, 206, 208, 210, 218, 220, 221, 224, 225, 226, 227, 229, 238, 243, 244, 252, 253, 256, 257, 259, 265, 267, 268, 270, 279, 282, 285, 286, 287, 288, 290, 296, 299, 300, 307, 309, 311, 317, 318, 321, 324, 326, 327, 330, 333, 335, 339, 342, 344, 359, 361, 363, 364, 368, 372, 378, 380, 385, 387, 390, 391, 393, 394, 400]
x_9: [4, 6, 8, 10, 13, 14, 27, 30, 32, 36, 38, 39, 41, 43, 50, 54, 64, 67, 73, 75, 76, 82, 83, 89, 93, 94, 95, 109, 111, 114, 118, 120, 123, 126, 135, 138, 146, 147, 149, 150, 157, 158, 163, 167, 172, 185, 190, 191, 193, 194, 200, 202, 204, 206, 210, 211, 219, 222, 223, 224, 228, 229, 230, 231, 236, 247, 248, 256, 259, 261, 266, 271, 273, 277, 281, 288, 289, 292, 298, 302, 303, 304, 313, 323, 327, 330, 331, 333, 337, 341, 342, 344, 346, 348, 350, 351, 352, 357, 360, 368, 371, 372, 375, 377, 379, 381, 382, 389, 390, 392, 395]
x_10: [1, 4, 6, 7, 9, 11, 24, 29, 32, 34, 36, 42, 43, 44, 51, 55, 56, 57, 70, 74, 76, 77, 96, 101, 103, 106, 113, 114, 115, 118, 122, 123, 125, 127, 129, 132, 137, 145, 148, 152, 155, 156, 157, 158, 161, 167, 180, 181, 183, 185, 186, 188, 193, 195, 198, 202, 206, 220, 221, 224, 227, 238, 239, 244, 246, 251, 258, 259, 263, 267, 270, 271, 272, 275, 277, 278, 279, 283, 286, 288, 289, 295, 298, 299, 300, 302, 303, 305, 307, 308, 314, 316, 322, 324, 325, 332, 334, 338, 339, 340, 345, 347, 355, 359, 361, 364, 369, 376, 386, 390, 397]
x_11: [8, 10, 13, 14, 19, 32, 33, 40, 41, 42, 44, 45, 48, 50, 52, 53, 54, 57, 60, 62, 63, 66, 68, 69, 71, 72, 74, 90, 91, 95, 96, 99, 102, 115, 120, 124, 125, 126, 127, 129, 134, 135, 136, 141, 152, 153, 159, 161, 168, 170, 177, 178, 179, 186, 187, 190, 198, 200, 204, 208, 209, 215, 216, 222, 223, 225, 233, 236, 237, 238, 239, 240, 244, 246, 248, 250, 253, 258, 262, 264, 266, 267, 270, 271, 272, 273, 285, 291, 293, 295, 297, 298, 307, 310, 312, 314, 315, 325, 327, 328, 332, 333, 334, 338, 339, 340, 341, 342, 345, 347, 348, 349, 353, 355, 358, 360, 362, 368, 375, 376, 377, 379, 382, 387, 389, 391, 393, 398]
x_12: [1, 4, 5, 8, 13, 14, 15, 18, 19, 20, 22, 27, 28, 31, 34, 35, 39, 41, 43, 44, 46, 47, 50, 51, 55, 57, 65, 66, 75, 77, 78, 81, 85, 87, 88, 89, 92, 104, 110, 111, 115, 121, 126, 131, 132, 135, 136, 140, 146, 147, 148, 154, 156, 166, 170, 171, 173, 177, 181, 183, 186, 188, 193, 206, 211, 223, 224, 226, 230, 231, 234, 237, 238, 245, 250, 256, 258, 261, 268, 269, 270, 274, 276, 277, 281, 282, 283, 285, 288, 289, 290, 294, 295, 300, 301, 304, 307, 308, 309, 313, 314, 315, 316, 319, 320, 321, 337, 347, 350, 354, 358, 363, 367, 373, 380, 382, 385, 388]
x_13: [4, 5, 7, 9, 11, 12, 19, 23, 26, 27, 34, 35, 38, 46, 47, 48, 49, 54, 56, 57, 58, 62, 63, 65, 66, 69, 70, 72, 74, 76, 81, 83, 89, 91, 94, 95, 96, 102, 109, 113, 119, 132, 140, 141, 144, 146, 151, 158, 160, 163, 165, 167, 168, 171, 175, 176, 183, 184, 193, 194, 195, 197, 205, 210, 212, 216, 218, 224, 226, 228, 235, 237, 239, 243, 245, 254, 258, 261, 268, 270, 271, 272, 274, 281, 285, 286, 294, 299, 300, 301, 302, 303, 305, 306, 315, 318, 319, 320, 336, 338, 342, 343, 353, 355, 357, 363, 368, 370, 376, 377, 391, 392, 396, 398, 400]
x_14: [9, 11, 12, 16, 17, 21, 24, 27, 28, 32, 33, 40, 65, 67, 76, 78, 81, 82, 85, 88, 90, 93, 94, 96, 101, 106, 108, 115, 119, 125, 127, 131, 133, 134, 135, 142, 144, 145, 147, 149, 150, 151, 152, 153, 158, 159, 160, 164, 172, 174, 175, 178, 188, 191, 193, 195, 201, 202, 205, 212, 213, 217, 219, 222, 225, 233, 241, 244, 246, 247, 250, 254, 260, 267, 269, 272, 274, 277, 279, 283, 284, 289, 290, 297, 301, 311, 316, 317, 323, 324, 329, 331, 333, 335, 340, 344, 345, 347, 348, 352, 357, 358, 364, 366, 369, 371, 373, 374, 376, 381, 386, 389, 391, 392, 394, 395, 396, 397, 398, 399]
x_15: [12, 23, 25, 28, 29, 39, 43, 52, 60, 65, 66, 80, 83, 84, 85, 88, 91, 92, 93, 96, 98, 103, 107, 113, 114, 128, 132, 134, 136, 143, 151, 153, 155, 157, 158, 164, 172, 176, 179, 181, 184, 185, 190, 191, 194, 195, 196, 197, 201, 208, 209, 211, 212, 219, 221, 222, 223, 227, 229, 231, 232, 233, 237, 238, 241, 248, 252, 253, 257, 258, 259, 260, 262, 263, 264, 268, 269, 272, 274, 277, 289, 294, 297, 300, 304, 306, 314, 315, 317, 320, 323, 326, 327, 331, 333, 338, 341, 342, 344, 350, 354, 355, 357, 358, 360, 365, 371, 376, 381, 385, 387, 393, 396, 398]
x_16: [2, 3, 8, 14, 18, 19, 21, 22, 24, 33, 35, 36, 39, 47, 49, 56, 57, 59, 69, 71, 74, 77, 79, 80, 81, 82, 86, 90, 92, 97, 99, 100, 102, 103, 104, 106, 112, 113, 122, 127, 128, 129, 142, 147, 148, 152, 158, 162, 169, 174, 175, 176, 178, 179, 180, 184, 186, 189, 194, 197, 200, 208, 209, 216, 219, 220, 221, 226, 227, 235, 239, 244, 245, 255, 258, 259, 261, 262, 263, 266, 267, 270, 274, 278, 280, 284, 285, 288, 297, 299, 304, 305, 306, 307, 309, 311, 313, 322, 327, 330, 332, 333, 334, 336, 341, 342, 346, 351, 355, 356, 358, 359, 360, 363, 365, 369, 372, 377, 379, 384, 385, 391, 392, 394, 397, 400]
x_17: [3, 7, 14, 25, 29, 30, 31, 32, 38, 44, 51, 54, 64, 72, 76, 78, 83, 84, 85, 90, 91, 98, 103, 104, 105, 110, 113, 116, 123, 127, 138, 145, 150, 151, 155, 157, 158, 162, 163, 164, 165, 166, 169, 170, 171, 175, 179, 180, 189, 193, 199, 200, 204, 210, 211, 226, 227, 232, 234, 235, 237, 238, 239, 242, 244, 246, 259, 265, 268, 272, 275, 287, 288, 292, 300, 301, 302, 303, 304, 306, 309, 311, 313, 321, 326, 337, 339, 340, 341, 342, 347, 352, 365, 366, 367, 370, 375, 377, 378, 381, 383, 390, 395, 397, 400]
x_18: [2, 3, 5, 6, 12, 16, 20, 22, 24, 31, 34, 38, 39, 40, 46, 49, 50, 52, 55, 56, 61, 63, 73, 83, 85, 86, 90, 92, 94, 98, 100, 102, 111, 113, 114, 115, 125, 126, 131, 132, 141, 142, 143, 145, 146, 151, 152, 156, 157, 158, 162, 167, 170, 171, 172, 173, 179, 180, 183, 184, 189, 190, 191, 196, 197, 198, 200, 201, 202, 203, 204, 213, 214, 215, 217, 220, 223, 224, 230, 235, 240, 241, 244, 248, 249, 257, 258, 260, 263, 265, 266, 271, 280, 281, 285, 289, 293, 301, 303, 305, 306, 310, 311, 313, 325, 326, 327, 328, 336, 338, 339, 342, 345, 352, 353, 361, 362, 364, 367, 370, 372, 374, 379, 381, 385, 387, 389, 399, 400]
x_19: [4, 6, 11, 12, 13, 16, 20, 25, 30, 31, 35, 36, 38, 39, 43, 44, 45, 51, 55, 57, 60, 63, 65, 71, 72, 74, 84, 86, 94, 96, 98, 100, 101, 103, 105, 112, 113, 119, 120, 122, 123, 125, 132, 142, 143, 144, 149, 151, 152, 154, 161, 169, 170, 174, 181, 191, 198, 202, 205, 207, 212, 215, 216, 220, 229, 230, 231, 238, 244, 245, 259, 275, 285, 287, 291, 292, 305, 309, 310, 315, 316, 317, 318, 322, 326, 327, 331, 333, 335, 336, 337, 343, 346, 351, 352, 357, 359, 360, 361, 364, 365, 367, 369, 373, 375, 376, 377, 379, 384, 385, 386, 394, 398]
x_20: [1, 7, 8, 12, 18, 19, 21, 24, 27, 29, 31, 37, 41, 45, 53, 55, 57, 59, 63, 67, 69, 72, 74, 83, 86, 91, 92, 94, 97, 100, 104, 106, 109, 110, 114, 117, 129, 130, 131, 139, 143, 147, 148, 149, 156, 159, 163, 167, 170, 172, 173, 174, 176, 178, 185, 187, 189, 191, 197, 201, 205, 213, 217, 220, 221, 222, 230, 233, 236, 237, 241, 243, 245, 248, 249, 252, 254, 255, 256, 260, 262, 267, 277, 282, 284, 285, 287, 291, 292, 293, 294, 295, 297, 298, 301, 302, 308, 315, 323, 325, 326, 328, 337, 341, 346, 348, 354, 355, 357, 363, 365, 367, 370, 376, 378, 379, 382, 385, 387, 389, 391, 397, 398]
x_21: [4, 6, 14, 16, 20, 22, 26, 27, 30, 32, 34, 42, 43, 55, 56, 58, 60, 67, 71, 81, 85, 92, 93, 94, 95, 96, 97, 101, 104, 106, 112, 117, 118, 120, 123, 126, 130, 139, 155, 157, 162, 167, 170, 174, 175, 180, 181, 191, 195, 197, 198, 200, 201, 204, 205, 213, 217, 218, 222, 223, 228, 231, 242, 246, 252, 254, 255, 264, 266, 268, 275, 276, 279, 280, 282, 285, 289, 291, 296, 299, 300, 301, 302, 307, 317, 319, 320, 322, 332, 334, 341, 342, 347, 348, 349, 350, 351, 354, 356, 357, 358, 361, 362, 364, 368, 374, 375, 378, 389, 396, 397, 398]
x_22: [1, 2, 4, 6, 8, 12, 16, 18, 21, 25, 27, 29, 34, 38, 41, 43, 45, 46, 47, 49, 50, 60, 66, 67, 69, 72, 73, 76, 78, 82, 84, 85, 86, 87, 95, 96, 99, 104, 105, 107, 113, 116, 123, 125, 133, 136, 139, 144, 146, 147, 150, 155, 156, 157, 159, 165, 166, 169, 175, 178, 185, 188, 194, 204, 207, 210, 212, 218, 220, 221, 232, 234, 239, 240, 243, 244, 248, 249, 251, 252, 253, 254, 256, 261, 262, 265, 266, 267, 270, 274, 276, 277, 280, 281, 284, 286, 294, 295, 296, 300, 306, 310, 318, 323, 325, 334, 335, 336, 338, 340, 344, 345, 347, 349, 352, 353, 356, 357, 360, 364, 366, 367, 368, 369, 370, 376, 378, 382, 387, 388, 391, 392, 394, 396]
x_23: [1, 2, 6, 13, 15, 26, 29, 32, 37, 43, 47, 48, 50, 54, 57, 64, 65, 68, 80, 84, 91, 93, 96, 97, 99, 100, 101, 104, 108, 111, 113, 123, 126, 127, 130, 132, 133, 135, 137, 138, 139, 140, 142, 144, 153, 161, 162, 166, 169, 175, 177, 178, 179, 180, 183, 185, 188, 191, 200, 201, 203, 206, 207, 210, 216, 218, 219, 221, 222, 224, 225, 228, 231, 233, 235, 238, 239, 240, 243, 244, 248, 249, 252, 254, 255, 256, 258, 259, 260, 267, 270, 275, 281, 284, 286, 287, 288, 289, 291, 302, 307, 311, 314, 319, 321, 322, 331, 335, 339, 342, 343, 355, 358, 359, 365, 369, 371, 375, 376, 377, 379, 386, 388, 389, 390, 394, 397, 398, 400]
x_24: [3, 5, 10, 14, 16, 18, 20, 29, 37, 39, 42, 44, 47, 48, 54, 58, 60, 65, 68, 76, 79, 83, 84, 85, 88, 93, 96, 101, 102, 103, 107, 110, 116, 117, 120, 121, 123, 128, 129, 133, 134, 136, 139, 140, 148, 151, 155, 163, 168, 171, 172, 174, 178, 181, 185, 187, 189, 194, 207, 217, 220, 226, 228, 230, 237, 242, 248, 251, 253, 254, 255, 260, 261, 263, 268, 272, 275, 285, 300, 303, 307, 317, 318, 326, 327, 334, 335, 339, 343, 344, 350, 351, 352, 353, 363, 370, 372, 377, 382, 389, 390, 395, 396, 399]
x_25: [3, 4, 6, 7, 15, 17, 19, 22, 32, 42, 43, 45, 46, 47, 55, 64, 68, 75, 77, 81, 87, 93, 99, 103, 106, 117, 121, 123, 124, 126, 127, 128, 129, 130, 133, 134, 138, 140, 142, 146, 150, 158, 160, 166, 167, 168, 171, 176, 178, 182, 184, 193, 194, 195, 198, 206, 212, 216, 217, 218, 223, 226, 228, 230, 231, 233, 237, 242, 244, 246, 249, 251, 259, 260, 261, 262, 264, 265, 267, 268, 278, 280, 285, 287, 290, 291, 297, 303, 305, 307, 308, 311, 312, 314, 320, 322, 324, 326, 329, 342, 344, 347, 348, 349, 350, 353, 356, 357, 363, 365, 372, 379, 389, 394]
x_26: [1, 2, 6, 7, 13, 21, 23, 27, 34, 37, 38, 39, 41, 44, 45, 51, 53, 54, 59, 67, 68, 71, 81, 82, 84, 85, 86, 89, 95, 98, 103, 106, 112, 115, 119, 124, 125, 133, 144, 146, 149, 154, 155, 157, 161, 162, 164, 170, 176, 178, 181, 189, 199, 205, 206, 207, 210, 211, 218, 220, 222, 228, 232, 233, 235, 236, 240, 242, 246, 249, 256, 259, 265, 266, 271, 273, 277, 280, 298, 300, 301, 304, 306, 324, 327, 329, 331, 338, 339, 342, 344, 351, 353, 363, 364, 365, 374, 383, 384, 388, 389, 390, 394, 398]
x_27: [1, 3, 7, 9, 12, 13, 14, 20, 21, 22, 26, 36, 42, 44, 47, 51, 53, 55, 59, 67, 69, 70, 71, 73, 77, 85, 87, 88, 91, 96, 103, 104, 105, 106, 109, 110, 111, 116, 121, 125, 127, 131, 132, 135, 138, 139, 141, 143, 144, 145, 147, 151, 153, 161, 162, 166, 167, 168, 169, 170, 179, 180, 189, 193, 201, 205, 213, 215, 218, 219, 230, 231, 238, 248, 253, 259, 260, 262, 263, 264, 268, 274, 277, 278, 280, 288, 289, 297, 302, 305, 306, 309, 313, 314, 318, 322, 327, 336, 337, 340, 345, 352, 356, 358, 362, 365, 367, 368, 369, 378, 380, 384, 385, 387, 393, 396]
x_28: [2, 4, 8, 12, 14, 15, 29, 31, 33, 39, 50, 54, 55, 61, 62, 66, 67, 73, 76, 78, 82, 83, 85, 86, 94, 97, 100, 101, 102, 104, 105, 107, 115, 122, 130, 141, 143, 147, 148, 152, 154, 158, 160, 164, 166, 173, 174, 175, 181, 183, 188, 189, 190, 194, 198, 199, 200, 202, 206, 216, 218, 223, 224, 225, 229, 236, 238, 239, 240, 242, 245, 246, 250, 253, 256, 261, 262, 264, 266, 271, 272, 277, 286, 287, 291, 296, 297, 299, 301, 302, 305, 306, 320, 323, 324, 326, 327, 334, 337, 340, 341, 349, 362, 363, 364, 365, 370, 372, 374, 378, 381, 382, 386, 390, 393, 396]
x_29: [10, 15, 17, 20, 22, 23, 24, 28, 32, 33, 34, 39, 41, 48, 52, 56, 67, 75, 76, 80, 93, 101, 102, 103, 104, 106, 107, 109, 115, 119, 120, 123, 132, 135, 138, 139, 140, 144, 146, 152, 153, 156, 158, 159, 165, 168, 171, 173, 174, 177, 179, 180, 181, 186, 189, 191, 196, 197, 198, 199, 200, 209, 210, 213, 214, 217, 218, 220, 223, 225, 230, 237, 242, 245, 253, 258, 260, 261, 266, 270, 271, 272, 278, 284, 285, 286, 294, 295, 301, 307, 308, 310, 319, 320, 331, 334, 335, 338, 341, 343, 346, 360, 363, 365, 366, 367, 378, 379, 382, 383, 384, 388, 390, 393, 395, 396, 398, 399]
x_30: [9, 17, 19, 21, 31, 36, 39, 40, 43, 48, 51, 52, 53, 56, 65, 68, 69, 71, 72, 73, 77, 79, 80, 81, 83, 90, 91, 99, 104, 107, 109, 110, 112, 114, 129, 132, 135, 137, 138, 140, 144, 146, 150, 151, 153, 154, 160, 162, 163, 166, 174, 176, 177, 183, 185, 186, 190, 193, 194, 195, 197, 202, 205, 207, 209, 210, 211, 213, 216, 218, 220, 221, 227, 228, 229, 239, 254, 255, 260, 261, 266, 269, 276, 281, 289, 290, 295, 296, 298, 301, 305, 306, 308, 314, 317, 318, 319, 321, 325, 327, 329, 332, 337, 344, 348, 352, 354, 355, 357, 358, 359, 360, 361, 363, 373, 374, 375, 376, 379, 381, 383, 386, 387, 389, 390, 392, 396]
x_31: [1, 4, 6, 7, 8, 12, 17, 18, 19, 20, 28, 30, 33, 35, 38, 39, 42, 46, 50, 54, 55, 57, 61, 64, 68, 72, 74, 75, 79, 82, 83, 85, 87, 91, 95, 96, 97, 99, 101, 103, 104, 106, 117, 120, 123, 125, 126, 131, 135, 144, 145, 147, 156, 158, 164, 165, 167, 170, 171, 172, 182, 183, 194, 196, 206, 207, 208, 215, 217, 218, 219, 229, 230, 231, 232, 241, 242, 246, 250, 256, 257, 260, 261, 263, 267, 269, 271, 272, 274, 277, 282, 290, 294, 299, 304, 309, 311, 315, 316, 317, 323, 329, 336, 340, 345, 346, 351, 353, 354, 365, 366, 368, 371, 378, 379, 382, 383, 388, 391, 392, 398, 400]
x_32: [3, 5, 7, 8, 9, 10, 11, 14, 17, 21, 23, 25, 29, 34, 36, 38, 45, 55, 63, 71, 72, 75, 79, 80, 83, 84, 86, 90, 92, 104, 111, 114, 115, 117, 124, 125, 127, 129, 131, 139, 140, 142, 143, 146, 150, 151, 154, 167, 177, 181, 183, 188, 190, 191, 192, 195, 197, 198, 199, 202, 203, 204, 207, 208, 214, 220, 225, 231, 232, 234, 235, 243, 253, 254, 255, 256, 267, 269, 273, 279, 282, 283, 286, 287, 288, 294, 296, 298, 299, 305, 310, 312, 313, 315, 318, 320, 322, 324, 325, 333, 338, 339, 341, 345, 346, 349, 351, 352, 358, 364, 365, 371, 373, 374, 377, 378, 386, 389, 390, 397]
x_33: [5, 7, 8, 11, 14, 16, 28, 29, 31, 34, 37, 43, 44, 51, 52, 54, 57, 60, 68, 70, 72, 75, 76, 84, 85, 90, 100, 103, 108, 109, 110, 113, 114, 116, 118, 121, 122, 124, 125, 126, 131, 138, 142, 143, 152, 155, 170, 171, 177, 184, 185, 186, 188, 189, 190, 197, 203, 205, 206, 208, 218, 221, 224, 226, 233, 236, 239, 241, 242, 243, 257, 259, 261, 264, 266, 272, 287, 296, 298, 316, 321, 325, 331, 333, 335, 341, 345, 346, 351, 362, 366, 374, 375, 379, 383, 385, 387, 388, 390, 395, 398]
x_34: [1, 3, 10, 12, 13, 18, 21, 22, 26, 29, 32, 33, 36, 43, 45, 47, 55, 57, 64, 66, 67, 68, 72, 75, 78, 83, 85, 89, 90, 93, 94, 96, 99, 100, 101, 112, 114, 119, 123, 124, 127, 129, 132, 136, 137, 144, 150, 160, 166, 172, 176, 177, 179, 186, 192, 196, 201, 204, 206, 207, 217, 222, 223, 226, 228, 232, 234, 237, 242, 246, 247, 248, 249, 254, 258, 260, 267, 268, 275, 278, 287, 288, 296, 298, 299, 300, 304, 305, 310, 311, 315, 316, 318, 319, 321, 328, 331, 338, 339, 340, 341, 342, 348, 352, 357, 358, 359, 360, 365, 367, 369, 370, 372, 374, 376, 382, 390, 395, 398]
x_35: [4, 7, 12, 13, 16, 19, 31, 37, 41, 42, 43, 47, 55, 57, 63, 64, 69, 70, 71, 73, 80, 82, 90, 93, 97, 104, 105, 114, 116, 118, 120, 122, 126, 127, 131, 133, 141, 152, 161, 163, 166, 174, 176, 183, 185, 187, 195, 198, 212, 213, 216, 217, 218, 219, 227, 228, 230, 234, 235, 241, 242, 244, 248, 254, 255, 258, 267, 273, 276, 277, 279, 281, 282, 285, 287, 288, 290, 296, 297, 304, 314, 315, 324, 325, 328, 330, 333, 334, 338, 343, 344, 347, 348, 352, 355, 357, 364, 365, 366, 369, 371, 374, 375, 378, 381, 382, 397, 398, 399, 400]
x_36: [2, 3, 4, 5, 9, 10, 16, 19, 27, 30, 32, 34, 39, 43, 52, 54, 56, 69, 71, 73, 74, 75, 80, 82, 83, 85, 86, 87, 92, 93, 94, 98, 101, 107, 113, 114, 116, 117, 119, 125, 134, 136, 138, 140, 147, 149, 153, 155, 156, 159, 178, 179, 183, 186, 188, 190, 192, 197, 200, 201, 202, 203, 204, 211, 215, 218, 219, 221, 224, 225, 226, 227, 233, 239, 241, 246, 249, 251, 253, 265, 271, 273, 274, 277, 278, 280, 284, 285, 286, 288, 294, 296, 298, 302, 309, 316, 319, 325, 329, 331, 333, 339, 348, 350, 353, 355, 356, 357, 359, 360, 362, 363, 367, 368, 370, 373, 378, 380, 395, 399]
x_37: [5, 6, 7, 20, 23, 24, 26, 33, 35, 40, 42, 44, 48, 49, 53, 55, 62, 63, 65, 72, 74, 78, 82, 83, 89, 91, 96, 100, 101, 107, 111, 118, 119, 126, 132, 133, 135, 137, 138, 139, 140, 142, 148, 152, 156, 163, 165, 166, 167, 168, 172, 174, 175, 176, 179, 180, 182, 183, 184, 186, 187, 192, 199, 200, 207, 210, 212, 219, 223, 224, 227, 228, 230, 232, 235, 237, 238, 245, 246, 247, 248, 252, 253, 262, 267, 268, 272, 273, 274, 275, 278, 283, 288, 294, 302, 304, 305, 318, 320, 324, 330, 332, 333, 339, 340, 344, 346, 348, 353, 355, 357, 361, 363, 367, 369, 370, 371, 372, 375, 376, 378, 380, 383, 395, 396, 398, 399, 400]
x_38: [8, 9, 13, 17, 18, 19, 22, 26, 31, 32, 40, 41, 42, 52, 60, 69, 70, 73, 79, 87, 88, 93, 94, 95, 96, 98, 99, 101, 102, 103, 106, 107, 114, 117, 120, 121, 139, 142, 145, 153, 155, 156, 160, 166, 168, 176, 182, 185, 196, 198, 201, 202, 204, 208, 210, 212, 213, 216, 217, 220, 225, 226, 228, 230, 233, 238, 241, 245, 253, 254, 255, 257, 263, 264, 266, 267, 268, 269, 270, 276, 281, 288, 294, 297, 298, 301, 304, 307, 315, 316, 318, 322, 323, 324, 326, 329, 336, 341, 348, 350, 357, 359, 360, 362, 366, 367, 375, 376, 378, 379, 381, 383, 386, 387, 388, 391, 396, 397]
x_39: [1, 3, 4, 6, 7, 8, 9, 12, 15, 16, 18, 19, 24, 26, 28, 29, 30, 31, 36, 49, 50, 51, 52, 55, 58, 69, 70, 71, 72, 74, 75, 77, 84, 90, 92, 96, 99, 103, 106, 111, 117, 128, 129, 132, 133, 138, 141, 143, 149, 153, 157, 160, 161, 164, 166, 167, 171, 174, 176, 181, 183, 185, 187, 188, 189, 196, 197, 201, 212, 213, 223, 229, 231, 236, 237, 238, 240, 243, 247, 248, 251, 257, 261, 266, 274, 276, 277, 279, 284, 288, 292, 293, 299, 300, 302, 304, 305, 307, 308, 313, 315, 326, 330, 333, 334, 336, 338, 339, 342, 343, 346, 348, 349, 353, 354, 357, 365, 368, 370, 375, 379, 380, 388, 391, 392, 397, 399]
x_40: [3, 6, 11, 14, 18, 30, 37, 38, 41, 54, 55, 64, 67, 69, 73, 74, 82, 86, 94, 95, 99, 103, 105, 106, 107, 110, 120, 122, 123, 128, 131, 134, 143, 144, 146, 151, 154, 156, 159, 163, 168, 172, 174, 175, 176, 177, 178, 179, 182, 184, 186, 187, 188, 197, 202, 204, 205, 207, 210, 211, 225, 227, 228, 237, 249, 251, 252, 253, 254, 256, 258, 262, 266, 272, 273, 275, 276, 283, 286, 288, 289, 294, 295, 297, 306, 308, 310, 311, 314, 317, 323, 324, 329, 333, 335, 336, 339, 341, 343, 344, 351, 354, 359, 364, 365, 367, 376, 383, 385, 387, 389, 393, 394, 395, 398, 399, 400]
x_41: [4, 5, 9, 11, 12, 20, 22, 26, 29, 35, 38, 40, 45, 47, 48, 51, 56, 57, 73, 76, 83, 87, 89, 94, 102, 105, 106, 109, 110, 116, 122, 124, 125, 128, 132, 138, 141, 142, 146, 151, 158, 164, 165, 168, 169, 175, 188, 192, 195, 198, 205, 210, 211, 214, 216, 220, 221, 227, 231, 242, 243, 245, 250, 251, 257, 260, 262, 267, 269, 270, 273, 274, 277, 285, 287, 290, 293, 298, 300, 301, 311, 319, 324, 325, 335, 336, 338, 342, 343, 344, 347, 348, 353, 356, 357, 359, 362, 363, 365, 366, 369, 374, 381, 389, 392, 394, 396, 397, 400]
x_42: [2, 7, 10, 11, 21, 24, 25, 27, 31, 35, 37, 38, 43, 46, 51, 59, 70, 74, 76, 77, 80, 81, 85, 88, 94, 96, 102, 104, 105, 106, 107, 109, 112, 115, 124, 127, 128, 129, 131, 135, 138, 139, 143, 144, 145, 148, 149, 160, 161, 169, 175, 177, 178, 180, 181, 185, 187, 188, 191, 196, 198, 200, 206, 207, 210, 215, 216, 217, 219, 222, 225, 226, 228, 229, 231, 232, 233, 234, 237, 241, 243, 248, 250, 252, 253, 255, 258, 260, 263, 267, 273, 276, 277, 279, 282, 283, 284, 290, 292, 298, 301, 302, 309, 315, 316, 320, 324, 326, 328, 330, 333, 337, 338, 340, 343, 346, 351, 352, 356, 358, 366, 368, 371, 373, 386, 387, 392, 397]
x_43: [8, 9, 10, 12, 15, 19, 21, 22, 23, 25, 30, 33, 34, 35, 36, 42, 45, 51, 52, 55, 57, 58, 61, 63, 66, 68, 73, 75, 78, 82, 86, 87, 89, 92, 104, 108, 109, 112, 116, 118, 119, 120, 124, 126, 127, 130, 141, 154, 163, 165, 171, 174, 179, 181, 183, 186, 188, 191, 193, 195, 197, 198, 201, 202, 205, 206, 215, 216, 218, 224, 225, 228, 232, 236, 238, 239, 240, 244, 245, 246, 249, 252, 268, 271, 273, 279, 280, 284, 288, 292, 294, 298, 304, 309, 314, 315, 316, 318, 319, 325, 327, 331, 334, 338, 341, 342, 345, 350, 354, 356, 361, 363, 371, 372, 373, 376, 379, 380, 386, 393, 394, 396]
x_44: [3, 4, 6, 7, 8, 10, 11, 12, 17, 19, 24, 26, 27, 33, 37, 53, 54, 60, 63, 64, 65, 70, 73, 77, 78, 86, 88, 96, 100, 101, 104, 108, 114, 115, 117, 122, 130, 131, 138, 142, 143, 145, 149, 151, 155, 156, 157, 162, 165, 166, 171, 172, 181, 185, 188, 189, 195, 198, 199, 200, 203, 204, 207, 215, 217, 218, 219, 220, 223, 232, 233, 236, 251, 253, 255, 256, 265, 267, 269, 272, 277, 281, 284, 285, 291, 301, 307, 313, 314, 315, 319, 321, 325, 326, 334, 339, 341, 345, 350, 360, 362, 364, 365, 366, 368, 375, 380, 385, 390, 392, 393]
x_45: [2, 5, 6, 11, 19, 20, 22, 25, 26, 32, 34, 41, 43, 47, 48, 52, 54, 57, 64, 71, 72, 73, 77, 81, 83, 84, 85, 87, 89, 97, 101, 106, 112, 119, 125, 129, 130, 131, 132, 137, 139, 140, 142, 143, 144, 145, 149, 153, 154, 155, 161, 164, 166, 171, 182, 185, 187, 191, 197, 198, 201, 203, 212, 214, 225, 227, 228, 233, 237, 241, 253, 255, 258, 265, 266, 271, 273, 274, 276, 278, 284, 286, 288, 289, 294, 299, 301, 302, 308, 309, 315, 316, 319, 327, 328, 329, 330, 332, 351, 353, 356, 361, 362, 365, 366, 369, 370, 375, 380, 381, 386, 389, 390, 391, 392, 393, 396, 397, 399, 400]
x_46: [7, 12, 13, 18, 22, 25, 31, 42, 48, 49, 52, 60, 65, 67, 68, 70, 72, 75, 77, 78, 80, 86, 87, 89, 93, 94, 96, 102, 104, 105, 108, 110, 117, 123, 130, 131, 132, 134, 139, 141, 143, 145, 147, 148, 156, 161, 162, 165, 166, 169, 179, 184, 190, 193, 195, 196, 197, 199, 200, 208, 217, 221, 222, 224, 231, 233, 235, 242, 250, 253, 254, 255, 262, 264, 268, 270, 271, 272, 276, 277, 280, 283, 286, 291, 296, 307, 308, 311, 312, 316, 318, 320, 327, 331, 333, 337, 339, 342, 348, 351, 357, 358, 359, 360, 362, 365, 368, 378, 380, 383, 386, 387, 389, 394, 395, 400]
x_47: [1, 2, 3, 4, 5, 8, 12, 13, 16, 22, 23, 24, 25, 27, 34, 35, 41, 45, 51, 52, 53, 57, 58, 65, 69, 70, 71, 72, 75, 76, 78, 81, 83, 86, 91, 94, 95, 109, 113, 114, 117, 121, 123, 127, 136, 139, 142, 143, 144, 145, 146, 149, 153, 154, 155, 156, 158, 166, 171, 173, 176, 181, 183, 184, 186, 187, 188, 189, 192, 194, 196, 200, 209, 210, 212, 215, 217, 225, 226, 227, 241, 246, 251, 252, 259, 260, 264, 265, 266, 267, 269, 270, 275, 276, 281, 291, 292, 294, 303, 304, 306, 312, 314, 318, 324, 328, 329, 335, 342, 344, 349, 354, 355, 358, 360, 363, 366, 367, 370, 374, 377, 379, 380, 385, 388, 389, 390, 391, 394, 395, 397, 398]
x_48: [1, 3, 11, 13, 23, 24, 29, 30, 37, 41, 45, 46, 49, 50, 51, 57, 69, 71, 73, 74, 75, 79, 81, 82, 83, 93, 99, 102, 110, 113, 115, 122, 127, 130, 132, 134, 146, 149, 154, 155, 158, 160, 163, 170, 171, 174, 177, 179, 180, 189, 190, 198, 200, 201, 204, 209, 211, 219, 226, 227, 229, 233, 240, 244, 248, 251, 258, 259, 263, 265, 268, 270, 271, 273, 274, 283, 285, 286, 289, 290, 296, 299, 307, 308, 309, 311, 318, 324, 325, 327, 331, 335, 337, 343, 351, 352, 355, 357, 360, 369, 373, 374, 376, 378, 381, 395, 397]
x_49: [1, 4, 8, 13, 16, 18, 22, 37, 39, 46, 48, 51, 52, 59, 64, 65, 70, 72, 74, 75, 77, 78, 84, 85, 86, 88, 92, 95, 101, 107, 108, 116, 119, 121, 125, 128, 134, 136, 139, 143, 144, 148, 149, 160, 161, 162, 165, 170, 173, 178, 182, 184, 185, 189, 195, 197, 200, 204, 208, 210, 212, 213, 217, 218, 219, 222, 228, 233, 237, 238, 247, 250, 251, 253, 254, 256, 259, 263, 266, 267, 269, 273, 280, 291, 293, 299, 305, 309, 310, 311, 315, 317, 320, 325, 334, 337, 339, 342, 343, 346, 348, 349, 351, 354, 366, 367, 369, 371, 374, 378, 381, 383, 390, 392, 394, 396, 397, 398]
x_50: [1, 4, 6, 7, 9, 11, 12, 18, 22, 23, 28, 31, 39, 48, 55, 56, 57, 59, 62, 64, 68, 70, 76, 81, 82, 89, 93, 95, 99, 101, 103, 110, 111, 112, 113, 121, 122, 128, 129, 132, 133, 138, 141, 142, 147, 148, 152, 153, 157, 167, 169, 170, 171, 172, 173, 174, 179, 186, 191, 192, 196, 204, 211, 217, 218, 220, 224, 226, 235, 237, 239, 246, 250, 252, 254, 256, 257, 259, 260, 263, 265, 266, 268, 269, 270, 272, 277, 279, 281, 287, 288, 289, 290, 291, 294, 295, 298, 299, 306, 311, 312, 315, 317, 318, 328, 334, 337, 340, 341, 343, 346, 347, 348, 353, 356, 359, 361, 368, 369, 370, 371, 373, 375, 379, 380, 383, 384, 387, 388, 389, 392, 393, 396, 397, 399]
x_51: [1, 2, 4, 10, 12, 17, 19, 26, 27, 30, 33, 39, 41, 42, 43, 47, 48, 49, 52, 55, 58, 60, 61, 63, 66, 68, 71, 75, 77, 78, 79, 80, 83, 85, 86, 88, 96, 100, 105, 108, 109, 111, 113, 114, 123, 125, 129, 138, 141, 143, 144, 150, 151, 153, 154, 160, 162, 165, 170, 171, 175, 177, 179, 182, 183, 184, 203, 206, 213, 221, 223, 224, 226, 227, 234, 235, 239, 242, 246, 251, 256, 266, 272, 283, 290, 296, 301, 304, 318, 320, 322, 324, 327, 329, 330, 339, 345, 346, 353, 355, 358, 361, 367, 370, 371, 376, 377, 384, 385, 387, 391, 393, 394, 396]
x_52: [4, 5, 7, 11, 15, 18, 29, 30, 33, 36, 38, 39, 43, 45, 46, 47, 49, 51, 55, 63, 64, 65, 67, 69, 71, 74, 78, 79, 85, 91, 92, 93, 100, 105, 115, 117, 123, 125, 127, 128, 129, 131, 137, 139, 143, 144, 150, 156, 159, 162, 167, 168, 169, 173, 174, 180, 182, 188, 189, 193, 195, 197, 199, 200, 202, 205, 207, 208, 210, 211, 212, 213, 214, 215, 225, 230, 233, 243, 246, 249, 251, 252, 253, 255, 258, 261, 264, 268, 271, 272, 274, 275, 276, 277, 281, 299, 300, 301, 302, 305, 309, 310, 322, 324, 327, 330, 332, 333, 334, 345, 348, 349, 354, 362, 366, 370, 372, 374, 381, 384, 389, 398]
x_53: [1, 6, 11, 20, 26, 27, 30, 37, 44, 47, 57, 64, 67, 74, 78, 90, 92, 95, 98, 104, 105, 106, 109, 110, 112, 120, 123, 125, 131, 132, 138, 139, 144, 145, 148, 149, 150, 157, 159, 164, 166, 171, 174, 176, 179, 185, 193, 196, 197, 204, 207, 209, 211, 213, 217, 218, 221, 226, 230, 231, 232, 237, 239, 240, 241, 244, 250, 255, 257, 260, 262, 263, 268, 273, 278, 279, 283, 284, 286, 294, 295, 300, 301, 304, 310, 312, 323, 324, 326, 333, 335, 337, 338, 341, 342, 346, 347, 359, 370, 371, 376, 379, 381, 383, 384]
x_54: [5, 6, 8, 9, 11, 13, 17, 23, 24, 26, 28, 31, 33, 36, 40, 44, 45, 59, 61, 62, 64, 66, 68, 69, 71, 73, 75, 76, 80, 82, 86, 91, 101, 108, 112, 113, 114, 115, 117, 127, 129, 136, 138, 139, 144, 149, 152, 162, 164, 165, 167, 182, 185, 189, 196, 198, 199, 203, 204, 205, 209, 214, 216, 222, 224, 227, 231, 232, 235, 237, 240, 242, 243, 244, 247, 249, 250, 253, 258, 264, 271, 272, 274, 276, 279, 280, 284, 285, 288, 293, 296, 299, 300, 302, 304, 307, 308, 311, 313, 317, 318, 323, 326, 328, 332, 335, 336, 340, 347, 349, 351, 353, 356, 358, 359, 360, 361, 363, 365, 366, 367, 372, 375, 376, 377, 381, 383, 391, 392, 394, 395, 400]
x_55: [1, 2, 8, 10, 12, 18, 19, 20, 21, 25, 27, 28, 31, 32, 34, 35, 37, 39, 40, 43, 50, 51, 52, 56, 60, 63, 73, 82, 83, 87, 92, 93, 100, 105, 106, 113, 115, 117, 118, 119, 123, 124, 131, 133, 139, 141, 143, 145, 146, 147, 151, 153, 154, 157, 158, 160, 165, 167, 168, 170, 172, 176, 177, 181, 183, 199, 201, 210, 215, 217, 218, 220, 222, 226, 228, 233, 234, 237, 242, 247, 251, 256, 258, 262, 266, 270, 271, 275, 276, 279, 282, 291, 295, 299, 301, 305, 306, 313, 315, 318, 325, 326, 330, 334, 338, 339, 341, 342, 343, 344, 347, 348, 360, 363, 364, 365, 370, 372, 373, 377, 379, 383, 385, 396]
x_56: [1, 6, 10, 13, 16, 18, 21, 29, 30, 36, 41, 50, 55, 58, 67, 76, 78, 81, 87, 88, 95, 96, 103, 105, 108, 120, 121, 129, 131, 132, 137, 140, 146, 151, 155, 156, 161, 162, 166, 172, 175, 176, 177, 178, 179, 181, 182, 188, 193, 194, 198, 200, 204, 207, 216, 219, 220, 221, 224, 226, 228, 229, 233, 235, 237, 239, 244, 247, 248, 253, 255, 256, 258, 269, 273, 278, 282, 288, 292, 296, 301, 302, 304, 312, 314, 318, 321, 323, 325, 334, 340, 346, 348, 351, 353, 354, 357, 358, 363, 365, 372, 376, 381, 387, 389, 395, 398, 399]
x_57: [5, 6, 10, 11, 12, 13, 16, 19, 20, 23, 31, 33, 34, 35, 41, 43, 45, 47, 48, 50, 53, 58, 62, 63, 69, 78, 79, 89, 91, 93, 95, 101, 102, 103, 104, 105, 109, 110, 111, 116, 122, 127, 143, 149, 153, 154, 155, 158, 160, 162, 169, 172, 173, 176, 177, 183, 186, 187, 192, 195, 200, 201, 203, 213, 215, 221, 222, 224, 226, 228, 230, 231, 233, 234, 241, 243, 252, 255, 261, 265, 267, 268, 275, 281, 282, 284, 288, 293, 295, 302, 311, 312, 313, 318, 322, 327, 328, 329, 332, 336, 337, 340, 343, 348, 350, 352, 353, 354, 356, 359, 362, 364, 370, 372, 375, 376, 384, 387, 389, 390, 400]
x_58: [1, 5, 13, 21, 24, 39, 43, 47, 51, 56, 57, 60, 62, 63, 67, 69, 70, 73, 75, 80, 84, 92, 93, 99, 104, 117, 119, 134, 136, 137, 139, 142, 143, 153, 155, 157, 162, 163, 172, 176, 178, 180, 188, 193, 197, 198, 199, 202, 204, 205, 210, 211, 214, 217, 224, 226, 230, 232, 233, 239, 251, 260, 262, 264, 276, 283, 284, 286, 288, 291, 296, 300, 306, 308, 310, 315, 316, 318, 319, 324, 325, 326, 327, 336, 340, 342, 343, 345, 348, 354, 357, 358, 360, 370, 372, 377, 378, 381, 382, 383, 386, 387, 389, 392, 393, 394, 398, 399, 400]
x_59: [1, 7, 16, 20, 26, 27, 42, 49, 50, 54, 65, 68, 71, 73, 76, 85, 87, 88, 97, 99, 106, 108, 110, 112, 117, 119, 121, 124, 127, 134, 135, 136, 137, 140, 141, 145, 146, 149, 156, 157, 160, 170, 171, 172, 175, 179, 183, 189, 204, 209, 210, 211, 214, 215, 216, 226, 231, 232, 235, 237, 238, 239, 241, 243, 251, 253, 255, 258, 264, 270, 274, 279, 280, 285, 286, 288, 294, 295, 298, 299, 301, 302, 306, 308, 311, 312, 313, 314, 315, 321, 322, 328, 336, 339, 340, 347, 352, 354, 356, 358, 362, 373, 375, 378, 382, 390, 391, 396]
x_60: [1, 4, 11, 15, 19, 21, 22, 24, 33, 38, 44, 46, 51, 55, 58, 62, 65, 67, 69, 71, 73, 78, 81, 86, 90, 92, 93, 96, 102, 106, 108, 109, 111, 112, 116, 118, 121, 122, 126, 129, 132, 134, 135, 137, 142, 144, 153, 155, 156, 160, 161, 162, 163, 165, 166, 170, 173, 177, 178, 179, 182, 183, 184, 187, 189, 193, 195, 209, 211, 213, 215, 218, 221, 222, 223, 224, 230, 231, 233, 234, 239, 242, 246, 248, 249, 254, 261, 263, 264, 269, 275, 280, 281, 284, 288, 293, 294, 300, 305, 309, 314, 323, 332, 337, 342, 345, 346, 348, 358, 360, 362, 370, 371, 372, 373, 375, 377, 382, 383, 394, 397, 399]
x_61: [1, 2, 4, 6, 18, 28, 31, 43, 51, 54, 66, 68, 73, 75, 79, 80, 81, 82, 89, 90, 94, 96, 99, 108, 111, 114, 117, 118, 119, 120, 121, 128, 130, 138, 142, 143, 145, 148, 165, 167, 170, 171, 173, 174, 178, 181, 182, 183, 188, 190, 191, 192, 196, 197, 201, 204, 205, 206, 211, 215, 217, 219, 222, 226, 229, 232, 233, 235, 240, 241, 246, 253, 255, 262, 266, 267, 269, 273, 275, 285, 286, 288, 289, 290, 295, 296, 297, 300, 305, 311, 313, 316, 317, 319, 320, 322, 324, 325, 328, 329, 330, 332, 334, 337, 340, 346, 352, 353, 356, 357, 365, 367, 368, 373, 377, 378, 379, 383, 384, 387, 389, 391, 392, 398]
x_62: [1, 2, 3, 11, 13, 28, 37, 50, 54, 57, 58, 60, 64, 66, 67, 68, 70, 71, 73, 74, 76, 77, 78, 85, 86, 90, 91, 93, 99, 106, 109, 111, 117, 126, 130, 136, 139, 142, 145, 149, 152, 155, 161, 165, 170, 173, 174, 181, 182, 190, 191, 192, 194, 200, 204, 205, 210, 213, 228, 230, 233, 234, 236, 238, 239, 240, 241, 244, 246, 253, 257, 258, 259, 260, 268, 281, 284, 286, 287, 290, 294, 298, 301, 310, 314, 327, 329, 332, 336, 339, 340, 346, 347, 350, 351, 362, 365, 374, 375, 377, 378, 381, 387, 389, 390, 391, 392, 394, 397, 398, 399]
x_63: [3, 11, 13, 18, 19, 20, 32, 35, 37, 43, 44, 51, 52, 55, 57, 58, 66, 67, 69, 71, 72, 73, 76, 78, 80, 82, 83, 103, 112, 114, 116, 120, 123, 125, 132, 134, 136, 141, 148, 153, 157, 161, 162, 163, 166, 167, 168, 172, 176, 180, 185, 187, 196, 199, 210, 211, 213, 220, 222, 228, 229, 234, 238, 245, 248, 249, 254, 255, 263, 272, 273, 274, 284, 285, 289, 293, 297, 298, 302, 303, 310, 313, 314, 315, 316, 319, 326, 332, 333, 335, 339, 340, 343, 345, 346, 347, 349, 350, 354, 356, 357, 358, 361, 362, 364, 368, 372, 381, 382, 385, 386, 389, 391, 392]
x_64: [2, 4, 5, 9, 17, 23, 25, 31, 34, 35, 40, 44, 45, 49, 50, 52, 53, 54, 62, 66, 71, 72, 85, 89, 90, 93, 94, 97, 99, 101, 102, 110, 115, 116, 117, 118, 119, 120, 121, 124, 131, 132, 133, 139, 145, 152, 153, 158, 159, 161, 164, 165, 167, 170, 172, 184, 188, 193, 195, 198, 199, 202, 204, 207, 209, 215, 223, 226, 227, 228, 235, 247, 250, 257, 267, 268, 270, 272, 276, 287, 290, 294, 297, 304, 305, 309, 310, 314, 316, 331, 332, 335, 336, 337, 340, 342, 345, 349, 353, 355, 358, 370, 373, 375, 378, 379, 380, 384, 386, 389, 393, 399, 400]
x_65: [1, 2, 6, 12, 13, 14, 15, 19, 23, 24, 30, 37, 44, 46, 47, 49, 52, 59, 60, 71, 72, 74, 75, 80, 81, 83, 85, 90, 100, 101, 111, 114, 115, 128, 130, 132, 133, 134, 140, 145, 151, 152, 154, 158, 161, 162, 164, 165, 166, 167, 169, 171, 180, 183, 184, 190, 194, 195, 197, 200, 203, 204, 207, 214, 218, 229, 231, 237, 240, 244, 246, 253, 254, 257, 258, 263, 267, 270, 274, 277, 282, 286, 289, 291, 292, 294, 299, 303, 305, 311, 312, 315, 316, 332, 339, 340, 341, 342, 344, 347, 348, 351, 361, 363, 366, 378, 386, 387, 388, 394, 397, 399]
x_66: [2, 3, 8, 11, 12, 13, 15, 22, 28, 34, 43, 51, 54, 61, 62, 63, 64, 71, 72, 74, 75, 78, 79, 83, 84, 85, 89, 90, 91, 94, 97, 98, 107, 109, 112, 115, 117, 120, 124, 131, 138, 140, 143, 144, 146, 149, 156, 157, 162, 164, 169, 173, 175, 177, 180, 184, 187, 190, 191, 192, 193, 196, 198, 204, 206, 211, 213, 214, 226, 236, 239, 242, 244, 245, 246, 248, 259, 267, 268, 269, 272, 274, 275, 281, 283, 287, 288, 290, 291, 292, 295, 297, 304, 305, 309, 315, 318, 321, 324, 325, 329, 334, 335, 341, 343, 346, 347, 351, 359, 361, 365, 370, 375, 376, 378, 382, 383, 384, 389, 390, 391, 396, 397, 398]
x_67: [2, 4, 8, 9, 14, 20, 21, 22, 26, 27, 28, 29, 34, 40, 46, 52, 53, 56, 58, 60, 62, 63, 69, 71, 73, 74, 77, 78, 79, 80, 81, 84, 86, 92, 93, 95, 99, 102, 107, 116, 118, 120, 122, 123, 124, 129, 134, 138, 140, 142, 144, 148, 149, 150, 152, 153, 155, 162, 165, 172, 186, 188, 195, 198, 200, 205, 221, 226, 228, 229, 230, 231, 235, 238, 242, 248, 250, 258, 261, 270, 274, 275, 276, 279, 283, 289, 295, 300, 302, 307, 308, 313, 323, 328, 330, 334, 342, 343, 344, 350, 357, 365, 366, 368, 393, 394, 396, 397, 398, 399]
x_68: [2, 4, 5, 6, 11, 23, 24, 25, 26, 30, 31, 33, 34, 43, 46, 50, 51, 54, 59, 61, 62, 74, 76, 78, 79, 85, 87, 88, 89, 94, 96, 97, 100, 115, 118, 123, 131, 133, 135, 137, 139, 142, 143, 144, 146, 147, 150, 151, 154, 155, 158, 165, 171, 182, 183, 185, 186, 188, 189, 190, 192, 194, 197, 201, 206, 207, 210, 211, 213, 214, 224, 225, 227, 229, 232, 233, 236, 241, 244, 249, 250, 251, 254, 256, 263, 268, 270, 274, 275, 280, 290, 298, 301, 307, 312, 323, 329, 331, 332, 334, 335, 338, 339, 341, 345, 348, 355, 358, 362, 365, 367, 368, 372, 374, 381, 382, 383, 385, 390, 391, 392, 393, 396, 399]
x_69: [2, 5, 7, 11, 13, 16, 20, 22, 27, 30, 35, 36, 38, 39, 40, 47, 48, 52, 54, 57, 58, 60, 63, 67, 74, 78, 86, 88, 91, 94, 95, 99, 104, 110, 111, 112, 118, 120, 131, 134, 135, 145, 146, 148, 151, 152, 153, 156, 160, 162, 164, 165, 166, 170, 174, 176, 177, 179, 184, 185, 187, 190, 193, 205, 211, 212, 213, 215, 219, 222, 229, 236, 237, 247, 248, 250, 251, 253, 256, 257, 259, 260, 263, 264, 268, 272, 274, 277, 281, 284, 286, 291, 294, 295, 300, 303, 306, 311, 315, 316, 319, 321, 322, 324, 328, 329, 331, 333, 335, 340, 341, 343, 349, 353, 360, 361, 365, 367, 382, 383, 389, 393, 400]
x_70: [5, 10, 13, 27, 33, 35, 38, 39, 42, 44, 46, 47, 49, 50, 58, 62, 79, 93, 98, 101, 103, 104, 108, 112, 113, 117, 118, 122, 126, 133, 136, 137, 141, 142, 150, 153, 154, 157, 161, 162, 163, 164, 167, 168, 175, 177, 182, 185, 191, 194, 195, 197, 207, 214, 215, 216, 220, 221, 223, 226, 228, 233, 234, 235, 241, 247, 251, 258, 260, 271, 273, 283, 284, 285, 289, 290, 295, 298, 301, 307, 311, 312, 317, 322, 323, 324, 326, 327, 331, 340, 348, 353, 359, 362, 363, 365, 377, 385, 388, 389, 395, 398]
x_71: [6, 11, 16, 19, 21, 26, 27, 30, 32, 35, 36, 39, 45, 47, 48, 51, 52, 54, 59, 60, 62, 63, 64, 65, 66, 67, 74, 75, 76, 79, 82, 83, 86, 91, 92, 93, 94, 97, 104, 106, 107, 109, 115, 117, 121, 127, 129, 134, 138, 144, 151, 155, 156, 157, 158, 162, 163, 169, 171, 173, 179, 182, 188, 193, 195, 206, 212, 213, 219, 231, 235, 249, 256, 257, 258, 263, 265, 269, 270, 275, 279, 282, 286, 287, 289, 292, 298, 302, 304, 305, 312, 315, 318, 319, 323, 327, 328, 329, 333, 334, 336, 351, 352, 357, 362, 369, 377, 382, 384, 386, 393, 395, 398, 399]
x_72: [1, 3, 8, 11, 13, 17, 19, 20, 22, 30, 31, 32, 33, 34, 37, 39, 45, 46, 47, 49, 63, 64, 65, 66, 76, 81, 83, 86, 88, 90, 96, 98, 100, 107, 109, 112, 114, 116, 117, 122, 123, 126, 133, 134, 136, 142, 150, 159, 164, 166, 167, 171, 172, 176, 180, 188, 189, 198, 199, 202, 204, 205, 207, 217, 220, 227, 229, 230, 231, 234, 238, 239, 242, 246, 247, 261, 263, 267, 268, 271, 282, 283, 284, 290, 292, 302, 309, 331, 332, 341, 343, 350, 356, 357, 358, 364, 368, 370, 378, 379, 383, 384, 385, 388, 390, 392, 393, 400]
x_73: [2, 3, 4, 6, 8, 9, 18, 22, 27, 28, 30, 35, 36, 38, 40, 41, 43, 44, 45, 48, 54, 55, 58, 59, 60, 61, 62, 63, 67, 74, 76, 82, 86, 87, 89, 91, 94, 97, 98, 99, 100, 103, 109, 111, 116, 120, 122, 124, 125, 135, 137, 139, 142, 143, 144, 150, 154, 158, 159, 163, 165, 166, 169, 170, 174, 177, 178, 179, 183, 187, 195, 196, 197, 198, 200, 201, 207, 210, 212, 217, 218, 225, 228, 230, 234, 236, 245, 250, 252, 258, 261, 266, 272, 281, 286, 287, 288, 289, 290, 296, 310, 314, 315, 323, 324, 327, 335, 337, 342, 345, 349, 350, 358, 359, 362, 363, 366, 368, 369, 370, 372, 373, 377, 379, 384, 385, 386, 387, 392, 398]
x_74: [1, 4, 5, 6, 7, 10, 11, 13, 16, 19, 20, 31, 36, 37, 39, 40, 42, 48, 49, 52, 53, 62, 65, 66, 67, 68, 69, 71, 73, 76, 83, 85, 92, 93, 94, 97, 98, 99, 100, 121, 122, 126, 130, 132, 133, 143, 144, 150, 155, 158, 160, 162, 165, 167, 172, 175, 176, 177, 178, 181, 182, 185, 187, 188, 189, 196, 198, 199, 200, 208, 211, 219, 223, 225, 226, 229, 231, 232, 238, 239, 242, 243, 244, 247, 250, 254, 255, 257, 262, 268, 269, 278, 281, 288, 301, 302, 306, 307, 308, 318, 322, 325, 329, 332, 334, 338, 341, 345, 348, 349, 350, 358, 359, 364, 365, 366, 369, 372, 373, 375, 384, 385, 389, 394, 395, 399]
x_75: [3, 4, 8, 9, 12, 25, 29, 31, 32, 33, 34, 36, 39, 43, 46, 47, 48, 49, 51, 54, 58, 61, 65, 66, 71, 80, 82, 86, 87, 88, 90, 91, 98, 101, 104, 105, 109, 110, 112, 113, 114, 117, 123, 124, 132, 133, 135, 140, 143, 149, 150, 153, 160, 161, 163, 165, 166, 173, 174, 175, 180, 183, 185, 186, 187, 192, 207, 212, 213, 216, 218, 222, 227, 231, 235, 238, 244, 247, 248, 258, 259, 261, 262, 265, 268, 269, 272, 275, 278, 279, 281, 283, 288, 289, 291, 292, 293, 302, 304, 307, 309, 310, 312, 313, 315, 319, 322, 323, 325, 327, 332, 344, 353, 356, 360, 372, 378, 379, 380, 381, 388, 399, 400]
x_76: [1, 2, 6, 7, 9, 10, 13, 14, 17, 22, 24, 28, 29, 33, 41, 42, 47, 50, 54, 56, 59, 62, 63, 68, 71, 72, 73, 74, 77, 81, 83, 88, 90, 94, 95, 100, 102, 115, 117, 122, 124, 125, 127, 132, 134, 138, 142, 143, 146, 147, 149, 155, 156, 158, 161, 162, 163, 167, 168, 170, 173, 176, 181, 182, 185, 186, 189, 192, 195, 196, 197, 200, 206, 211, 213, 214, 216, 217, 221, 227, 229, 236, 238, 240, 246, 247, 251, 261, 262, 268, 269, 270, 283, 284, 288, 289, 291, 292, 301, 302, 305, 308, 310, 316, 323, 326, 332, 336, 339, 340, 343, 345, 346, 348, 349, 350, 351, 354, 365, 371, 375, 383, 386, 388, 389, 393, 396, 397, 399, 400]
x_77: [8, 10, 12, 16, 25, 27, 30, 39, 42, 44, 45, 46, 49, 51, 62, 67, 76, 79, 81, 83, 85, 92, 93, 94, 96, 97, 98, 101, 103, 106, 118, 119, 122, 125, 126, 135, 139, 146, 151, 157, 167, 172, 173, 174, 175, 181, 194, 196, 200, 202, 203, 205, 206, 207, 213, 214, 225, 234, 238, 240, 242, 245, 252, 253, 256, 261, 265, 275, 277, 284, 287, 288, 289, 290, 292, 293, 295, 296, 300, 306, 310, 311, 313, 317, 320, 321, 323, 324, 325, 329, 333, 339, 340, 342, 354, 356, 364, 366, 372, 373, 376, 385, 395, 397]
x_78: [4, 12, 14, 17, 22, 28, 34, 37, 43, 44, 46, 47, 49, 51, 52, 53, 56, 57, 60, 62, 63, 66, 67, 68, 69, 80, 83, 95, 96, 97, 98, 101, 102, 104, 105, 115, 117, 118, 122, 128, 130, 132, 134, 135, 138, 143, 145, 147, 148, 157, 158, 159, 160, 163, 166, 169, 171, 172, 174, 176, 180, 182, 187, 190, 192, 204, 209, 214, 218, 219, 225, 228, 229, 231, 233, 239, 243, 246, 251, 257, 260, 266, 267, 269, 270, 274, 278, 279, 281, 282, 285, 286, 288, 293, 296, 297, 300, 302, 303, 307, 310, 318, 322, 325, 328, 330, 338, 355, 362, 363, 364, 366, 369, 377, 380, 388, 389, 390, 393, 394, 397]
x_79: [1, 6, 16, 24, 30, 31, 32, 38, 48, 51, 52, 57, 61, 66, 67, 68, 70, 71, 77, 80, 83, 95, 98, 101, 103, 104, 107, 109, 115, 120, 122, 124, 131, 137, 138, 143, 145, 146, 149, 154, 155, 165, 171, 173, 174, 177, 178, 179, 181, 183, 185, 187, 189, 196, 198, 203, 209, 210, 212, 215, 218, 220, 221, 222, 223, 224, 225, 227, 232, 236, 239, 245, 249, 250, 251, 254, 259, 260, 263, 265, 272, 277, 284, 289, 295, 297, 298, 301, 302, 306, 311, 314, 319, 324, 325, 326, 327, 331, 336, 337, 340, 341, 344, 348, 350, 352, 359, 360, 364, 365, 367, 368, 371, 374, 375, 376, 378, 379, 381, 386, 392, 393, 395, 396, 397, 399]
x_80: [3, 5, 7, 15, 16, 23, 29, 30, 32, 35, 36, 42, 46, 51, 54, 58, 61, 63, 65, 67, 75, 78, 79, 81, 88, 92, 101, 104, 106, 107, 111, 121, 129, 130, 132, 133, 135, 140, 142, 145, 147, 149, 155, 156, 157, 158, 160, 161, 164, 168, 174, 180, 184, 187, 188, 195, 197, 201, 202, 205, 206, 208, 210, 211, 218, 227, 229, 233, 234, 238, 241, 243, 245, 247, 251, 255, 258, 260, 261, 262, 265, 266, 269, 270, 271, 274, 275, 277, 281, 285, 290, 291, 292, 293, 299, 302, 304, 311, 324, 332, 335, 336, 338, 340, 343, 350, 351, 353, 356, 360, 362, 365, 370, 372, 378, 379, 382, 383, 388, 392, 397, 400]
x_81: [3, 8, 12, 13, 14, 16, 21, 25, 26, 30, 42, 45, 47, 48, 50, 56, 60, 61, 65, 67, 72, 76, 77, 80, 82, 86, 87, 90, 96, 98, 99, 103, 105, 108, 109, 112, 117, 123, 124, 125, 133, 136, 139, 147, 148, 150, 152, 163, 170, 171, 173, 183, 187, 188, 192, 193, 200, 205, 212, 213, 219, 224, 226, 228, 230, 231, 234, 235, 240, 241, 243, 247, 249, 250, 252, 254, 257, 268, 271, 275, 276, 277, 278, 282, 284, 285, 286, 288, 290, 296, 298, 303, 305, 306, 308, 310, 314, 315, 323, 326, 329, 330, 332, 334, 347, 348, 351, 355, 365, 370, 372, 374, 377, 383, 384, 386, 391, 393]
x_82: [2, 5, 6, 7, 8, 9, 14, 16, 22, 26, 28, 31, 35, 36, 37, 40, 43, 48, 50, 54, 55, 61, 63, 71, 73, 75, 81, 84, 85, 89, 96, 97, 98, 99, 103, 110, 117, 118, 123, 132, 140, 151, 154, 160, 163, 164, 165, 166, 175, 176, 185, 190, 199, 201, 203, 205, 207, 208, 209, 216, 217, 222, 224, 226, 227, 230, 231, 233, 240, 246, 250, 251, 253, 260, 261, 265, 266, 268, 270, 272, 273, 278, 279, 281, 283, 286, 290, 292, 293, 296, 303, 305, 311, 312, 313, 314, 316, 318, 320, 321, 324, 330, 332, 333, 339, 346, 350, 351, 359, 370, 371, 376, 378, 381, 382, 387, 393, 397]
x_83: [6, 8, 9, 13, 15, 17, 18, 20, 24, 28, 30, 31, 32, 34, 36, 37, 41, 45, 47, 48, 51, 55, 63, 65, 66, 71, 72, 74, 76, 77, 78, 79, 87, 89, 90, 93, 98, 99, 100, 103, 108, 113, 114, 115, 117, 118, 120, 126, 128, 130, 131, 141, 146, 149, 160, 162, 164, 166, 171, 175, 176, 180, 183, 188, 191, 197, 202, 211, 214, 216, 219, 221, 222, 227, 229, 230, 233, 234, 236, 237, 241, 242, 246, 253, 254, 263, 268, 272, 273, 274, 275, 279, 280, 286, 293, 294, 295, 296, 298, 299, 305, 313, 318, 320, 324, 327, 328, 330, 331, 342, 349, 350, 354, 359, 361, 362, 363, 365, 368, 372, 374, 376, 377, 379, 380, 383, 384, 385, 388, 390, 393, 396, 397, 399]
x_84: [1, 8, 15, 17, 19, 22, 23, 24, 26, 32, 33, 39, 45, 49, 58, 66, 67, 82, 86, 89, 93, 99, 102, 104, 105, 107, 108, 109, 115, 116, 120, 125, 136, 137, 138, 144, 150, 152, 155, 165, 170, 177, 178, 181, 182, 188, 191, 193, 195, 196, 201, 207, 220, 221, 222, 224, 225, 230, 231, 242, 246, 248, 251, 261, 266, 268, 269, 270, 278, 279, 280, 282, 285, 301, 315, 317, 322, 323, 324, 326, 332, 333, 336, 338, 343, 344, 345, 354, 355, 357, 360, 361, 363, 371, 373, 376, 381, 394, 396, 397, 398, 400]
x_85: [6, 8, 12, 14, 15, 17, 18, 21, 22, 24, 26, 27, 28, 31, 33, 34, 36, 42, 45, 49, 51, 52, 59, 62, 64, 65, 66, 68, 74, 77, 82, 91, 98, 99, 103, 105, 106, 107, 108, 119, 120, 122, 123, 124, 130, 138, 142, 144, 154, 162, 163, 164, 171, 178, 179, 190, 192, 193, 198, 204, 205, 212, 219, 223, 225, 231, 232, 235, 237, 239, 242, 244, 249, 253, 255, 256, 267, 270, 276, 277, 281, 282, 283, 284, 287, 289, 290, 294, 300, 301, 302, 303, 306, 316, 320, 327, 329, 339, 340, 346, 349, 350, 351, 352, 356, 363, 369, 372, 373, 376, 378, 379, 381, 382, 385, 387, 391, 393, 394, 396, 400]
x_86: [3, 5, 7, 8, 16, 18, 19, 20, 22, 26, 28, 32, 36, 40, 43, 44, 46, 47, 49, 51, 54, 60, 62, 67, 69, 71, 72, 73, 75, 81, 84, 87, 89, 91, 106, 112, 114, 119, 121, 123, 131, 135, 136, 137, 143, 144, 145, 150, 151, 154, 157, 159, 161, 163, 165, 166, 171, 172, 174, 178, 179, 180, 181, 182, 189, 196, 204, 208, 213, 217, 219, 224, 225, 226, 232, 233, 238, 239, 243, 244, 249, 250, 251, 254, 256, 257, 258, 259, 263, 264, 265, 271, 274, 276, 279, 283, 284, 286, 289, 292, 295, 296, 298, 301, 302, 303, 305, 309, 310, 315, 316, 317, 320, 322, 332, 344, 347, 350, 353, 355, 356, 362, 368, 369, 374, 376, 378, 381, 382, 385, 391, 392, 395, 397, 400]
x_87: [1, 2, 7, 12, 22, 25, 27, 31, 36, 38, 41, 43, 45, 46, 55, 56, 59, 68, 73, 75, 81, 83, 86, 90, 91, 93, 96, 100, 102, 103, 109, 111, 115, 128, 144, 149, 150, 153, 158, 162, 164, 168, 174, 177, 180, 181, 183, 184, 188, 192, 196, 198, 199, 205, 206, 208, 209, 212, 218, 225, 226, 227, 229, 238, 240, 243, 244, 251, 255, 257, 259, 260, 264, 280, 284, 292, 295, 297, 300, 301, 307, 311, 312, 313, 318, 320, 321, 323, 325, 326, 327, 334, 339, 346, 347, 348, 350, 355, 361, 364, 365, 366, 368, 373, 375, 378, 381, 382, 383, 390, 391, 392, 395, 396, 399]
x_88: [2, 4, 7, 12, 14, 15, 24, 27, 38, 42, 44, 49, 51, 56, 59, 68, 69, 72, 75, 76, 80, 89, 91, 93, 94, 106, 121, 123, 126, 127, 128, 134, 143, 149, 153, 157, 158, 161, 163, 166, 168, 170, 171, 172, 175, 176, 177, 179, 190, 199, 201, 202, 207, 210, 211, 212, 220, 221, 224, 231, 233, 240, 248, 252, 254, 255, 258, 260, 261, 264, 266, 268, 271, 273, 282, 284, 288, 291, 292, 293, 295, 302, 307, 308, 313, 314, 317, 318, 320, 323, 326, 328, 329, 336, 337, 342, 343, 344, 346, 353, 363, 364, 366, 369, 373, 375, 381, 382, 384, 388, 389, 390, 391, 395]
x_89: [5, 6, 7, 9, 12, 13, 26, 34, 37, 41, 43, 45, 46, 50, 57, 61, 64, 66, 68, 73, 82, 83, 84, 86, 88, 96, 97, 98, 100, 107, 116, 124, 125, 127, 128, 130, 131, 132, 133, 134, 146, 149, 151, 154, 158, 159, 161, 162, 164, 165, 166, 169, 174, 186, 191, 193, 200, 201, 204, 208, 210, 213, 214, 221, 224, 225, 231, 243, 249, 252, 256, 258, 259, 260, 261, 262, 265, 267, 269, 273, 274, 282, 296, 297, 300, 303, 307, 308, 311, 312, 315, 320, 325, 328, 330, 343, 346, 348, 349, 351, 354, 358, 362, 364, 370, 372, 376, 379, 386, 387, 388, 393, 396, 400]
x_90: [1, 3, 4, 11, 14, 16, 17, 18, 30, 32, 33, 34, 35, 39, 53, 60, 61, 62, 64, 65, 66, 72, 75, 76, 81, 83, 87, 93, 94, 97, 98, 99, 101, 103, 109, 113, 118, 121, 123, 124, 130, 136, 143, 145, 148, 153, 155, 158, 162, 163, 164, 168, 172, 175, 176, 178, 179, 188, 190, 195, 196, 201, 204, 206, 207, 208, 212, 214, 218, 220, 221, 222, 223, 228, 229, 230, 246, 249, 254, 263, 265, 267, 268, 272, 273, 274, 279, 282, 283, 285, 286, 290, 297, 298, 299, 309, 314, 317, 318, 321, 322, 323, 326, 329, 332, 333, 335, 336, 346, 356, 359, 368, 372, 379, 380, 384, 385, 386, 387, 389, 396, 400]
x_91: [4, 5, 11, 13, 15, 17, 20, 23, 27, 30, 31, 37, 47, 52, 54, 57, 62, 66, 69, 71, 73, 75, 85, 86, 87, 88, 93, 94, 98, 103, 104, 105, 106, 107, 108, 110, 115, 117, 119, 122, 124, 126, 130, 137, 138, 139, 141, 149, 155, 156, 160, 161, 162, 163, 165, 168, 169, 170, 172, 174, 176, 178, 182, 186, 189, 190, 191, 192, 194, 195, 197, 198, 200, 201, 203, 206, 207, 212, 213, 216, 218, 221, 222, 233, 234, 237, 239, 246, 247, 248, 249, 253, 254, 266, 268, 276, 279, 286, 287, 292, 297, 300, 306, 310, 313, 314, 316, 317, 320, 322, 323, 325, 327, 328, 329, 331, 337, 339, 343, 346, 354, 357, 362, 363, 364, 368, 374, 376, 377, 380, 385, 388, 390, 392, 396, 398, 399]
x_92: [5, 6, 12, 15, 16, 18, 20, 21, 32, 36, 39, 43, 49, 52, 53, 55, 58, 60, 67, 71, 74, 77, 80, 94, 95, 96, 97, 100, 103, 105, 106, 110, 115, 119, 120, 122, 126, 129, 133, 137, 144, 147, 149, 150, 155, 159, 160, 169, 170, 174, 175, 178, 181, 183, 186, 187, 194, 195, 199, 203, 214, 215, 220, 224, 228, 232, 237, 238, 248, 249, 252, 254, 260, 262, 265, 266, 268, 269, 272, 277, 282, 284, 285, 290, 291, 301, 303, 305, 308, 320, 330, 331, 332, 334, 340, 344, 349, 351, 357, 360, 362, 363, 365, 367, 368, 370, 371, 372, 374, 375, 376, 378, 379, 381, 382, 385, 387, 388, 391, 396, 397, 398, 400]
x_93: [1, 2, 6, 8, 9, 14, 15, 21, 23, 24, 25, 29, 34, 35, 36, 38, 46, 48, 50, 52, 55, 57, 58, 60, 62, 64, 67, 70, 71, 74, 77, 83, 84, 87, 88, 90, 91, 96, 97, 100, 104, 116, 118, 119, 122, 123, 129, 130, 137, 139, 142, 150, 151, 152, 157, 163, 172, 174, 180, 182, 184, 186, 187, 193, 195, 201, 202, 204, 205, 214, 218, 220, 225, 226, 231, 234, 241, 248, 251, 252, 259, 261, 269, 271, 272, 275, 281, 289, 291, 293, 295, 298, 307, 308, 309, 312, 314, 315, 316, 326, 328, 332, 334, 339, 343, 346, 355, 362, 364, 367, 368, 372, 374, 376, 377, 380, 381, 387, 389, 394, 396, 397, 398, 399]
x_94: [6, 7, 9, 13, 14, 18, 19, 20, 21, 28, 34, 36, 38, 40, 41, 42, 46, 47, 61, 64, 66, 68, 69, 71, 73, 74, 76, 77, 88, 90, 91, 92, 96, 99, 101, 107, 108, 118, 130, 131, 135, 136, 137, 141, 142, 143, 144, 149, 155, 157, 158, 159, 161, 162, 167, 169, 171, 172, 175, 177, 179, 180, 182, 191, 192, 193, 197, 200, 203, 204, 205, 209, 215, 216, 217, 220, 223, 225, 226, 229, 237, 238, 242, 243, 246, 249, 250, 251, 254, 271, 274, 279, 282, 284, 287, 304, 305, 311, 312, 313, 324, 327, 328, 334, 335, 336, 340, 348, 352, 354, 356, 360, 368, 370, 373, 374, 375, 380, 392]
x_95: [3, 5, 8, 9, 11, 13, 21, 22, 26, 31, 38, 40, 47, 49, 50, 53, 56, 57, 67, 69, 76, 78, 79, 92, 97, 100, 102, 103, 105, 108, 110, 120, 126, 133, 137, 142, 146, 147, 148, 151, 155, 159, 163, 166, 170, 174, 175, 177, 180, 184, 189, 190, 199, 203, 206, 208, 211, 213, 216, 217, 225, 227, 228, 230, 235, 240, 241, 246, 251, 252, 253, 261, 262, 266, 270, 272, 273, 274, 277, 279, 282, 283, 284, 285, 291, 293, 294, 297, 298, 300, 302, 303, 305, 310, 311, 314, 317, 329, 334, 337, 339, 341, 342, 346, 347, 351, 361, 362, 365, 368, 375, 379, 383, 386, 388, 396, 400]
x_96: [2, 6, 10, 11, 13, 14, 15, 19, 21, 22, 23, 24, 27, 31, 34, 37, 38, 39, 42, 44, 46, 51, 56, 60, 61, 68, 72, 77, 78, 81, 82, 87, 89, 92, 93, 94, 97, 98, 102, 104, 106, 111, 112, 117, 121, 122, 123, 128, 131, 133, 141, 142, 146, 150, 153, 157, 159, 161, 162, 164, 165, 168, 172, 174, 175, 177, 179, 189, 190, 191, 193, 201, 204, 212, 213, 214, 215, 217, 224, 229, 230, 231, 232, 241, 243, 244, 246, 249, 251, 254, 255, 259, 263, 265, 267, 269, 272, 287, 291, 294, 296, 305, 307, 308, 313, 315, 316, 318, 320, 325, 332, 336, 339, 342, 346, 349, 355, 360, 361, 364, 365, 367, 375, 378, 379, 383, 384, 385, 389, 391, 392, 395, 396, 399]
x_97: [1, 3, 5, 8, 16, 20, 21, 23, 28, 31, 35, 45, 59, 64, 66, 68, 71, 73, 74, 77, 78, 82, 89, 90, 92, 93, 95, 96, 105, 114, 115, 118, 126, 131, 133, 138, 143, 145, 146, 151, 152, 155, 158, 159, 163, 174, 176, 177, 178, 185, 188, 193, 200, 206, 209, 210, 215, 216, 217, 219, 220, 222, 225, 232, 233, 242, 250, 253, 255, 256, 258, 260, 262, 263, 266, 268, 270, 276, 290, 293, 297, 301, 306, 308, 311, 313, 315, 316, 323, 330, 334, 338, 348, 352, 354, 360, 362, 363, 367, 370, 372, 375, 377, 384, 387, 389, 395, 397]
x_98: [1, 4, 7, 15, 17, 18, 19, 26, 36, 38, 53, 66, 70, 72, 73, 74, 75, 77, 78, 79, 81, 82, 83, 85, 89, 90, 91, 96, 115, 117, 118, 131, 136, 141, 145, 148, 149, 150, 151, 153, 156, 160, 166, 170, 186, 188, 189, 191, 192, 196, 203, 206, 207, 208, 211, 215, 216, 219, 220, 223, 224, 225, 228, 230, 257, 258, 261, 262, 263, 264, 270, 271, 274, 276, 277, 282, 286, 287, 303, 306, 307, 318, 320, 322, 325, 326, 329, 332, 345, 346, 347, 349, 352, 353, 356, 359, 363, 364, 370, 375, 381, 384, 385, 389, 398]
x_99: [6, 11, 16, 22, 23, 25, 30, 31, 34, 38, 39, 40, 48, 50, 58, 59, 61, 62, 64, 67, 69, 73, 74, 81, 82, 83, 84, 85, 90, 94, 103, 104, 106, 111, 112, 115, 116, 118, 123, 125, 133, 134, 137, 146, 150, 151, 152, 156, 157, 158, 161, 167, 175, 180, 186, 189, 190, 191, 192, 199, 203, 206, 218, 220, 223, 224, 229, 231, 234, 235, 239, 243, 250, 256, 261, 262, 265, 269, 271, 274, 278, 279, 280, 284, 287, 288, 290, 293, 294, 295, 296, 303, 304, 305, 316, 319, 320, 331, 332, 334, 336, 338, 343, 344, 347, 350, 352, 353, 363, 373, 378, 379, 385, 393, 397, 399]
x_100: [16, 18, 19, 20, 23, 28, 33, 34, 37, 44, 51, 52, 55, 65, 68, 72, 73, 74, 76, 83, 87, 89, 92, 93, 95, 101, 104, 105, 115, 117, 121, 122, 123, 124, 126, 130, 140, 156, 159, 160, 167, 168, 172, 174, 175, 177, 183, 191, 192, 194, 196, 197, 199, 208, 209, 210, 212, 216, 219, 224, 229, 231, 233, 236, 238, 241, 242, 244, 246, 249, 251, 255, 257, 260, 261, 262, 264, 266, 271, 277, 280, 283, 286, 299, 301, 302, 303, 306, 311, 314, 319, 320, 327, 330, 331, 332, 340, 341, 344, 346, 348, 349, 354, 355, 356, 358, 367, 369, 372, 373, 375, 377, 379, 380, 381, 388, 389, 393, 394, 396]
x_101: [6, 8, 10, 14, 19, 21, 23, 24, 28, 29, 31, 34, 36, 37, 38, 44, 45, 49, 50, 54, 57, 64, 65, 70, 75, 77, 78, 79, 80, 90, 94, 100, 102, 103, 104, 106, 110, 114, 116, 120, 131, 133, 134, 138, 139, 145, 147, 150, 158, 159, 160, 161, 162, 164, 172, 174, 175, 177, 178, 183, 185, 189, 192, 193, 195, 197, 198, 202, 203, 205, 207, 208, 213, 216, 226, 228, 229, 233, 234, 242, 249, 254, 255, 257, 268, 271, 272, 274, 280, 285, 287, 292, 294, 296, 301, 308, 314, 316, 317, 318, 329, 330, 331, 336, 337, 343, 358, 360, 364, 367, 373, 376, 381, 383, 390, 393]
x_102: [2, 3, 4, 5, 11, 13, 16, 18, 24, 28, 29, 38, 41, 42, 46, 48, 57, 60, 64, 67, 76, 78, 84, 87, 95, 96, 101, 103, 105, 108, 113, 115, 116, 120, 123, 125, 129, 130, 137, 147, 152, 156, 157, 158, 160, 164, 165, 167, 170, 172, 176, 182, 188, 192, 194, 199, 200, 203, 204, 206, 209, 210, 213, 216, 217, 219, 223, 227, 232, 236, 237, 239, 240, 242, 244, 248, 249, 253, 256, 260, 261, 265, 267, 268, 276, 278, 279, 280, 282, 284, 285, 286, 287, 293, 294, 296, 301, 303, 305, 306, 308, 310, 312, 313, 314, 321, 323, 324, 326, 330, 331, 332, 334, 336, 337, 339, 346, 348, 350, 355, 359, 362, 365, 370, 372, 378, 388, 389, 390, 393, 400]
x_103: [4, 10, 15, 16, 17, 19, 24, 25, 26, 27, 29, 31, 33, 38, 39, 40, 50, 56, 57, 63, 70, 73, 77, 79, 81, 82, 83, 85, 87, 90, 91, 92, 95, 99, 101, 102, 106, 107, 112, 117, 118, 119, 121, 124, 127, 129, 131, 134, 135, 136, 137, 138, 140, 146, 149, 152, 153, 154, 155, 159, 162, 164, 174, 175, 181, 186, 190, 191, 193, 198, 199, 201, 203, 204, 205, 206, 210, 211, 215, 217, 218, 221, 223, 228, 229, 232, 238, 239, 240, 241, 243, 245, 246, 248, 249, 250, 252, 253, 262, 264, 266, 269, 270, 275, 280, 284, 288, 290, 296, 300, 301, 309, 312, 313, 315, 320, 325, 328, 331, 333, 337, 338, 345, 347, 348, 351, 354, 357, 371, 382, 390, 391, 393, 397, 398, 399]
x_104: [6, 8, 12, 16, 17, 20, 21, 22, 23, 27, 28, 29, 30, 31, 32, 35, 42, 43, 44, 46, 53, 57, 58, 69, 70, 71, 75, 78, 79, 80, 84, 91, 93, 96, 99, 100, 101, 106, 108, 110, 111, 112, 114, 117, 125, 126, 130, 132, 137, 145, 149, 152, 156, 162, 165, 169, 171, 183, 191, 192, 193, 194, 195, 209, 213, 215, 234, 236, 238, 243, 250, 259, 260, 263, 269, 273, 274, 282, 288, 290, 291, 292, 294, 297, 300, 301, 303, 304, 305, 309, 314, 315, 316, 317, 318, 319, 321, 322, 323, 324, 326, 335, 338, 348, 352, 353, 354, 355, 357, 365, 366, 369, 371, 373, 376, 379, 380, 382, 383, 385, 386, 393, 394, 395]
x_105: [4, 8, 17, 19, 22, 27, 28, 35, 40, 41, 42, 46, 51, 52, 53, 55, 56, 57, 75, 78, 81, 84, 85, 91, 92, 95, 97, 100, 102, 106, 107, 113, 116, 120, 121, 123, 129, 130, 131, 136, 146, 149, 160, 164, 166, 175, 177, 178, 189, 190, 194, 196, 197, 198, 200, 202, 205, 216, 222, 224, 225, 226, 228, 229, 230, 232, 244, 247, 249, 254, 255, 259, 264, 268, 269, 270, 280, 285, 292, 294, 295, 296, 299, 301, 305, 306, 308, 309, 311, 312, 314, 317, 325, 327, 333, 338, 342, 344, 345, 347, 348, 349, 353, 356, 359, 360, 363, 364, 365, 377, 385, 390, 394, 395, 396, 399]
x_106: [4, 10, 14, 16, 20, 21, 25, 26, 27, 29, 31, 38, 39, 40, 41, 42, 45, 53, 55, 59, 60, 62, 71, 77, 80, 85, 86, 88, 91, 92, 96, 99, 101, 103, 104, 105, 107, 109, 112, 117, 118, 119, 122, 126, 129, 131, 132, 133, 136, 138, 139, 140, 143, 144, 149, 152, 160, 163, 166, 167, 169, 170, 176, 178, 182, 195, 197, 198, 200, 204, 205, 209, 210, 213, 220, 222, 225, 228, 231, 233, 234, 236, 240, 242, 249, 250, 255, 257, 260, 277, 280, 285, 286, 287, 288, 289, 291, 298, 300, 305, 312, 313, 316, 318, 326, 327, 328, 329, 334, 336, 342, 344, 353, 354, 356, 357, 358, 363, 370, 376, 378, 382, 384, 385, 387, 399, 400]
x_107: [2, 5, 6, 15, 22, 24, 28, 29, 30, 36, 37, 38, 40, 42, 49, 66, 67, 71, 72, 79, 80, 84, 85, 89, 91, 94, 103, 105, 106, 111, 112, 117, 121, 124, 126, 129, 133, 134, 135, 137, 140, 141, 148, 153, 162, 167, 169, 172, 173, 174, 179, 180, 181, 183, 186, 188, 189, 196, 198, 205, 209, 212, 214, 216, 217, 220, 222, 228, 238, 239, 241, 242, 244, 245, 257, 260, 264, 265, 266, 271, 273, 274, 281, 284, 285, 286, 288, 289, 291, 293, 294, 297, 299, 302, 307, 312, 314, 315, 322, 325, 327, 329, 330, 331, 335, 338, 340, 341, 342, 347, 349, 350, 351, 353, 354, 361, 363, 366, 368, 369, 370, 372, 377, 378, 381, 383, 391, 395]
x_108: [3, 5, 6, 14, 23, 33, 43, 44, 46, 49, 51, 54, 56, 59, 60, 61, 70, 81, 83, 84, 85, 91, 94, 95, 102, 104, 115, 118, 119, 120, 125, 127, 129, 131, 135, 137, 139, 140, 142, 153, 155, 159, 167, 171, 175, 177, 180, 187, 189, 190, 192, 194, 195, 197, 205, 207, 208, 211, 215, 218, 219, 223, 224, 226, 230, 232, 237, 242, 243, 244, 250, 252, 255, 262, 264, 269, 279, 283, 286, 288, 290, 293, 294, 299, 302, 303, 304, 305, 311, 312, 316, 318, 323, 325, 331, 334, 337, 342, 344, 347, 348, 349, 355, 360, 361, 370, 371, 375, 376, 379, 387, 388, 393, 394, 397]
x_109: [2, 3, 7, 8, 9, 13, 20, 27, 29, 30, 33, 41, 42, 43, 47, 51, 53, 57, 60, 62, 66, 71, 72, 73, 75, 79, 81, 84, 87, 90, 106, 118, 120, 121, 128, 130, 133, 135, 136, 143, 144, 150, 158, 160, 162, 163, 171, 172, 174, 178, 181, 182, 184, 185, 186, 189, 193, 195, 196, 201, 204, 205, 208, 222, 225, 234, 241, 245, 246, 255, 256, 257, 261, 262, 266, 267, 269, 272, 273, 276, 278, 279, 282, 286, 287, 291, 292, 299, 301, 302, 303, 308, 309, 312, 313, 315, 318, 321, 324, 325, 328, 329, 336, 343, 346, 347, 349, 352, 353, 356, 362, 363, 364, 365, 366, 368, 374, 375, 376, 377, 385, 386, 387, 392, 394, 395, 397]
x_110: [2, 4, 8, 12, 17, 20, 24, 27, 30, 33, 40, 41, 46, 48, 50, 53, 57, 59, 64, 69, 75, 82, 91, 92, 95, 101, 104, 111, 117, 118, 123, 131, 139, 145, 151, 153, 160, 167, 170, 171, 172, 175, 177, 179, 182, 186, 195, 196, 198, 205, 206, 211, 212, 216, 218, 221, 223, 227, 233, 238, 247, 248, 252, 255, 256, 258, 259, 264, 270, 271, 274, 282, 285, 287, 289, 290, 292, 295, 299, 306, 308, 309, 319, 325, 326, 327, 328, 330, 335, 336, 337, 338, 342, 343, 344, 349, 350, 351, 354, 360, 365, 369, 370, 373, 379, 386, 387, 390, 391, 399]
x_111: [1, 2, 9, 12, 18, 23, 27, 32, 37, 39, 50, 51, 57, 60, 61, 62, 65, 69, 73, 80, 87, 96, 99, 104, 107, 110, 117, 125, 126, 131, 140, 142, 149, 150, 152, 159, 160, 161, 162, 164, 167, 168, 169, 171, 174, 187, 190, 192, 194, 199, 202, 204, 207, 209, 213, 215, 217, 226, 231, 232, 233, 234, 241, 242, 248, 249, 257, 259, 261, 266, 268, 270, 272, 273, 274, 276, 277, 279, 280, 282, 284, 295, 298, 301, 302, 312, 318, 319, 325, 327, 335, 340, 341, 345, 347, 350, 361, 365, 375, 378, 382, 383, 387, 388, 389, 391, 392, 400]
x_112: [1, 2, 16, 19, 21, 26, 30, 34, 42, 43, 45, 50, 53, 54, 59, 60, 63, 66, 69, 70, 72, 75, 81, 86, 96, 99, 103, 104, 106, 107, 117, 122, 123, 124, 128, 135, 139, 142, 146, 147, 151, 156, 172, 173, 175, 182, 186, 189, 190, 191, 193, 198, 199, 201, 204, 205, 211, 217, 218, 219, 220, 225, 227, 229, 230, 231, 232, 235, 236, 239, 241, 245, 249, 254, 256, 257, 258, 259, 260, 261, 263, 264, 265, 269, 271, 276, 282, 283, 284, 285, 286, 289, 298, 305, 306, 310, 313, 317, 318, 319, 320, 326, 328, 329, 335, 339, 341, 342, 345, 347, 348, 350, 360, 362, 364, 366, 367, 368, 370, 372, 382, 392, 395]
x_113: [2, 5, 7, 10, 13, 15, 16, 17, 18, 19, 22, 23, 33, 36, 47, 48, 50, 51, 54, 55, 70, 75, 83, 90, 102, 105, 117, 119, 123, 124, 129, 130, 132, 134, 137, 141, 143, 147, 149, 153, 155, 157, 159, 165, 167, 168, 170, 177, 181, 182, 184, 185, 188, 192, 194, 196, 198, 200, 202, 203, 204, 205, 209, 210, 212, 213, 217, 218, 222, 227, 231, 232, 234, 235, 242, 243, 244, 251, 253, 257, 266, 270, 271, 274, 278, 281, 287, 289, 292, 302, 303, 309, 316, 317, 320, 321, 324, 326, 341, 343, 345, 348, 352, 355, 359, 364, 366, 367, 368, 379, 381, 384, 385, 388, 390, 391, 400]
x_114: [3, 5, 9, 10, 15, 18, 20, 30, 32, 33, 34, 35, 36, 38, 44, 47, 51, 54, 61, 63, 65, 72, 75, 83, 86, 97, 101, 104, 116, 117, 123, 128, 133, 136, 142, 143, 144, 145, 147, 148, 149, 150, 154, 156, 159, 160, 170, 185, 189, 191, 197, 204, 205, 213, 215, 217, 219, 222, 223, 227, 228, 229, 234, 237, 242, 244, 245, 252, 270, 274, 280, 283, 288, 289, 291, 293, 298, 301, 302, 303, 305, 308, 311, 313, 317, 319, 322, 333, 335, 337, 343, 345, 360, 367, 374, 375, 383, 385, 387, 391, 392, 395, 396, 400]
x_115: [7, 10, 11, 12, 14, 18, 26, 28, 29, 32, 42, 44, 48, 52, 54, 55, 64, 65, 66, 68, 71, 76, 78, 79, 83, 84, 87, 91, 92, 97, 98, 99, 100, 102, 108, 116, 122, 126, 127, 139, 140, 142, 144, 146, 147, 155, 158, 159, 160, 163, 169, 178, 180, 188, 198, 199, 204, 211, 216, 219, 221, 223, 224, 230, 233, 241, 243, 245, 249, 251, 257, 259, 260, 268, 270, 283, 288, 292, 294, 299, 300, 303, 307, 309, 311, 313, 314, 316, 319, 324, 327, 328, 329, 335, 336, 341, 345, 354, 360, 362, 366, 367, 368, 374, 378, 381, 382, 386, 387, 388, 389, 391, 394, 395, 398, 400]
x_116: [1, 17, 22, 24, 27, 33, 35, 36, 41, 43, 49, 57, 60, 63, 64, 67, 72, 73, 84, 89, 93, 99, 101, 102, 105, 114, 115, 117, 118, 119, 121, 124, 126, 127, 129, 137, 138, 139, 141, 143, 152, 153, 155, 157, 160, 162, 167, 175, 177, 179, 186, 195, 196, 200, 205, 206, 208, 209, 210, 211, 214, 216, 220, 221, 222, 227, 229, 230, 238, 242, 245, 246, 247, 254, 264, 266, 271, 279, 281, 283, 284, 290, 294, 298, 304, 308, 313, 324, 325, 326, 329, 330, 331, 333, 341, 342, 349, 350, 356, 358, 360, 362, 375, 392, 396, 397, 399]
x_117: [1, 3, 5, 7, 20, 21, 24, 25, 31, 32, 36, 38, 39, 44, 46, 47, 52, 54, 55, 58, 59, 61, 62, 64, 66, 70, 71, 72, 75, 76, 78, 81, 82, 83, 91, 96, 98, 100, 103, 104, 106, 107, 110, 111, 112, 113, 114, 116, 118, 119, 120, 123, 125, 132, 133, 134, 137, 139, 140, 141, 144, 149, 152, 159, 160, 163, 166, 171, 173, 184, 186, 189, 190, 194, 197, 206, 208, 210, 213, 216, 220, 227, 228, 229, 230, 234, 240, 241, 244, 245, 248, 249, 250, 251, 254, 255, 267, 273, 274, 275, 276, 279, 282, 285, 287, 288, 289, 291, 294, 295, 298, 299, 305, 310, 312, 313, 323, 327, 333, 334, 339, 340, 347, 351, 352, 354, 360, 361, 364, 366, 371, 372, 383, 388, 395, 399, 400]
x_118: [2, 4, 7, 9, 10, 21, 33, 35, 37, 43, 55, 60, 61, 64, 67, 68, 69, 70, 77, 78, 82, 83, 90, 93, 94, 97, 98, 99, 103, 106, 108, 109, 110, 116, 117, 124, 126, 129, 131, 135, 136, 137, 142, 143, 151, 152, 155, 157, 158, 160, 164, 170, 173, 177, 184, 186, 189, 196, 200, 205, 206, 207, 208, 211, 214, 216, 217, 221, 223, 226, 228, 232, 233, 234, 236, 237, 243, 244, 249, 250, 252, 254, 258, 260, 263, 267, 268, 271, 273, 274, 275, 279, 280, 282, 283, 284, 285, 294, 303, 305, 306, 310, 313, 314, 319, 325, 327, 331, 332, 334, 346, 347, 349, 350, 351, 353, 356, 359, 360, 362, 364, 366, 367, 371, 376, 377, 380, 382, 383, 384, 389, 391, 395, 398]
x_119: [5, 7, 13, 14, 19, 26, 29, 34, 36, 37, 43, 45, 49, 55, 58, 59, 61, 64, 77, 85, 86, 91, 92, 93, 103, 106, 108, 113, 116, 117, 121, 124, 125, 127, 136, 139, 140, 153, 154, 158, 159, 160, 164, 165, 167, 169, 170, 171, 172, 173, 176, 179, 180, 193, 196, 202, 203, 205, 218, 226, 232, 235, 239, 242, 246, 249, 250, 256, 260, 264, 268, 270, 271, 272, 273, 275, 276, 284, 291, 292, 296, 298, 300, 301, 304, 309, 310, 315, 316, 319, 329, 330, 332, 334, 339, 341, 344, 347, 348, 354, 357, 362, 365, 371, 375, 377, 379, 380, 388, 389, 392, 394, 396, 398]
x_120: [2, 3, 4, 5, 7, 9, 11, 19, 21, 24, 29, 31, 35, 38, 40, 43, 53, 56, 61, 63, 64, 66, 67, 69, 73, 79, 83, 84, 85, 92, 95, 101, 102, 105, 108, 109, 117, 124, 129, 134, 138, 151, 152, 153, 158, 161, 170, 171, 172, 176, 177, 184, 186, 187, 188, 193, 196, 201, 209, 210, 211, 212, 214, 215, 216, 222, 224, 226, 227, 232, 236, 237, 240, 242, 247, 254, 257, 263, 274, 275, 276, 278, 284, 286, 298, 303, 305, 306, 313, 314, 315, 317, 319, 325, 326, 329, 330, 331, 341, 344, 354, 357, 358, 364, 365, 367, 369, 373, 378, 379, 380, 381, 386, 388, 395, 396, 400]
x_121: [3, 4, 6, 12, 24, 25, 27, 33, 38, 47, 49, 50, 56, 59, 60, 61, 64, 71, 74, 80, 86, 88, 90, 96, 100, 103, 105, 107, 109, 116, 119, 122, 130, 133, 137, 141, 143, 144, 146, 153, 154, 155, 158, 159, 161, 165, 168, 170, 176, 178, 181, 187, 189, 190, 194, 199, 200, 212, 219, 227, 229, 235, 236, 246, 247, 248, 250, 252, 259, 265, 269, 293, 296, 298, 299, 301, 309, 311, 312, 313, 315, 317, 319, 322, 323, 327, 330, 333, 337, 339, 341, 342, 344, 345, 347, 348, 349, 356, 360, 362, 363, 364, 368, 370, 372, 373, 374, 375, 380, 385]
x_122: [1, 5, 10, 16, 19, 28, 33, 35, 40, 41, 44, 48, 50, 57, 60, 67, 70, 72, 73, 74, 76, 77, 78, 79, 85, 91, 92, 93, 96, 100, 106, 112, 115, 121, 124, 129, 134, 136, 138, 143, 150, 152, 154, 156, 159, 161, 171, 173, 176, 183, 184, 185, 195, 197, 199, 203, 206, 207, 208, 212, 214, 224, 225, 229, 230, 231, 234, 236, 237, 239, 242, 244, 245, 249, 253, 257, 263, 264, 269, 276, 287, 289, 292, 296, 303, 304, 307, 309, 310, 314, 325, 326, 331, 332, 339, 340, 344, 347, 348, 356, 362, 363, 368, 372, 374, 375, 376, 378, 383, 385, 388, 389, 390, 391, 392, 393, 394, 398, 400]
x_123: [2, 5, 9, 10, 17, 19, 21, 22, 23, 24, 25, 29, 31, 34, 40, 46, 47, 51, 52, 53, 55, 63, 67, 68, 72, 75, 81, 82, 85, 86, 88, 90, 93, 96, 99, 100, 102, 105, 110, 112, 113, 114, 117, 125, 126, 130, 134, 137, 140, 141, 145, 148, 149, 151, 152, 153, 154, 167, 171, 177, 178, 179, 182, 187, 190, 196, 199, 208, 209, 214, 216, 221, 227, 230, 232, 234, 237, 238, 240, 242, 243, 248, 253, 257, 264, 268, 272, 277, 279, 281, 284, 289, 291, 295, 297, 301, 302, 309, 312, 321, 330, 331, 333, 334, 338, 346, 350, 366, 368, 369, 370, 372, 379, 384, 387, 388, 389, 391, 400]
x_124: [2, 6, 11, 25, 26, 32, 33, 34, 41, 42, 43, 55, 59, 64, 66, 67, 73, 75, 76, 79, 81, 85, 89, 90, 91, 100, 103, 107, 112, 113, 116, 118, 119, 120, 122, 129, 130, 132, 134, 136, 149, 151, 152, 155, 156, 164, 166, 171, 173, 175, 177, 178, 180, 181, 183, 191, 192, 194, 196, 202, 203, 214, 215, 220, 222, 226, 227, 229, 230, 233, 237, 239, 241, 242, 247, 248, 250, 251, 252, 253, 258, 261, 264, 269, 270, 273, 275, 278, 281, 287, 292, 293, 295, 297, 298, 301, 307, 308, 311, 312, 314, 322, 324, 326, 328, 329, 333, 334, 336, 339, 347, 348, 351, 353, 357, 359, 364, 367, 376, 378, 383, 391, 392, 395, 396, 400]
x_125: [10, 11, 14, 18, 19, 22, 26, 27, 31, 32, 33, 36, 41, 45, 49, 51, 52, 53, 63, 73, 76, 77, 81, 84, 89, 99, 102, 104, 108, 111, 117, 119, 123, 127, 135, 139, 141, 142, 146, 153, 154, 155, 157, 161, 165, 166, 171, 172, 176, 183, 190, 204, 205, 207, 208, 212, 213, 216, 217, 218, 224, 228, 229, 230, 234, 236, 238, 239, 240, 243, 244, 246, 247, 250, 254, 255, 261, 262, 264, 267, 268, 271, 272, 273, 279, 287, 288, 296, 299, 300, 302, 312, 314, 318, 320, 336, 339, 341, 343, 344, 346, 348, 349, 356, 358, 364, 365, 371, 381, 382, 383, 385, 386, 391, 393, 395, 396, 400]
x_126: [1, 5, 9, 11, 12, 18, 21, 23, 25, 31, 33, 35, 37, 43, 60, 62, 70, 72, 74, 77, 83, 88, 91, 92, 95, 97, 100, 104, 106, 107, 111, 115, 116, 118, 123, 129, 131, 132, 140, 142, 143, 144, 154, 155, 158, 159, 167, 170, 176, 177, 183, 184, 186, 189, 190, 192, 198, 199, 201, 202, 206, 208, 212, 213, 217, 218, 220, 222, 225, 227, 231, 236, 242, 247, 251, 252, 253, 256, 261, 262, 263, 270, 271, 274, 286, 288, 289, 292, 293, 301, 309, 311, 312, 315, 316, 322, 325, 330, 334, 335, 341, 343, 344, 346, 349, 350, 351, 359, 368, 371, 372, 374, 376, 381, 383, 386, 387, 390, 396, 398]
x_127: [4, 5, 10, 11, 14, 16, 17, 23, 25, 27, 32, 34, 35, 42, 43, 47, 48, 52, 54, 57, 59, 71, 76, 88, 89, 103, 108, 115, 116, 119, 125, 128, 133, 135, 139, 151, 152, 153, 154, 156, 158, 159, 160, 163, 166, 174, 176, 177, 181, 183, 184, 185, 189, 193, 194, 197, 200, 205, 206, 208, 211, 214, 217, 219, 220, 222, 223, 225, 234, 237, 239, 242, 252, 260, 261, 272, 273, 275, 280, 281, 283, 286, 290, 298, 302, 308, 317, 318, 319, 321, 322, 323, 324, 325, 337, 341, 342, 343, 344, 345, 348, 356, 357, 359, 368, 370, 374, 375, 382, 383, 388, 391, 392, 393, 396, 398, 399, 400]
x_128: [5, 15, 16, 24, 25, 39, 40, 41, 42, 49, 50, 52, 61, 65, 78, 83, 87, 88, 89, 96, 109, 112, 114, 127, 130, 131, 136, 140, 141, 146, 147, 150, 154, 159, 164, 166, 167, 169, 172, 175, 176, 178, 180, 181, 182, 185, 186, 189, 193, 194, 195, 197, 200, 201, 203, 205, 206, 215, 226, 231, 239, 244, 248, 249, 250, 253, 255, 260, 262, 263, 268, 269, 271, 277, 280, 281, 284, 287, 288, 290, 293, 298, 303, 305, 306, 308, 312, 313, 314, 315, 317, 325, 332, 333, 335, 336, 337, 339, 346, 354, 360, 362, 365, 370, 371, 374, 381, 385, 386, 391, 395, 397, 398]
x_129: [4, 6, 8, 10, 11, 16, 20, 24, 25, 30, 32, 34, 39, 42, 45, 50, 51, 52, 54, 56, 60, 67, 71, 80, 92, 93, 102, 103, 105, 106, 107, 108, 113, 116, 118, 120, 122, 124, 126, 133, 137, 140, 146, 150, 154, 155, 157, 158, 159, 167, 170, 171, 175, 177, 179, 181, 185, 188, 195, 196, 199, 202, 205, 207, 208, 213, 216, 217, 218, 220, 221, 222, 226, 227, 230, 232, 233, 237, 243, 244, 245, 253, 256, 260, 264, 270, 276, 278, 280, 281, 283, 284, 294, 297, 302, 306, 315, 321, 323, 324, 326, 332, 334, 341, 344, 345, 347, 352, 353, 355, 362, 363, 365, 366, 367, 370, 371, 372, 380, 385, 387, 397, 398, 399]
x_130: [3, 20, 21, 23, 25, 28, 43, 44, 45, 46, 48, 61, 62, 65, 74, 78, 80, 83, 85, 89, 90, 91, 93, 94, 100, 102, 104, 105, 109, 113, 121, 123, 124, 128, 131, 133, 135, 137, 139, 143, 144, 149, 150, 153, 162, 163, 167, 170, 171, 174, 178, 179, 186, 188, 189, 191, 194, 196, 203, 204, 205, 211, 213, 215, 219, 221, 222, 228, 229, 237, 238, 239, 240, 242, 253, 254, 260, 261, 262, 268, 274, 275, 277, 278, 279, 286, 290, 300, 302, 304, 305, 318, 319, 320, 322, 333, 334, 337, 341, 352, 354, 359, 365, 366, 368, 371, 372, 373, 378, 383, 386, 391, 395]
x_131: [1, 3, 8, 12, 14, 18, 20, 27, 31, 32, 33, 35, 40, 42, 44, 45, 46, 52, 53, 55, 56, 64, 66, 68, 69, 79, 83, 86, 89, 94, 96, 97, 98, 101, 103, 105, 106, 108, 110, 111, 118, 126, 128, 130, 132, 150, 151, 156, 161, 163, 168, 171, 178, 181, 189, 191, 193, 204, 208, 217, 218, 224, 225, 226, 229, 234, 238, 241, 242, 249, 252, 255, 258, 262, 268, 275, 281, 285, 286, 290, 294, 300, 308, 309, 310, 311, 314, 316, 317, 318, 321, 322, 323, 326, 327, 330, 331, 336, 339, 341, 344, 347, 352, 356, 358, 359, 361, 362, 363, 365, 366, 370, 374, 376, 377, 380, 382, 386, 390, 394, 397]
x_132: [6, 7, 10, 12, 13, 15, 18, 19, 23, 27, 29, 30, 34, 37, 39, 41, 45, 46, 48, 50, 53, 56, 60, 63, 64, 65, 74, 75, 76, 78, 80, 82, 89, 104, 106, 113, 117, 124, 126, 131, 134, 142, 145, 146, 151, 154, 156, 157, 160, 162, 163, 164, 165, 171, 176, 177, 181, 182, 183, 184, 187, 195, 196, 201, 204, 207, 210, 212, 213, 215, 217, 219, 221, 224, 227, 229, 232, 249, 251, 252, 255, 258, 259, 261, 262, 267, 268, 277, 278, 280, 290, 291, 293, 300, 303, 310, 311, 315, 317, 319, 320, 321, 324, 325, 328, 329, 335, 337, 340, 341, 347, 359, 361, 363, 368, 371, 373, 376, 377, 386, 388, 393, 398, 399]
x_133: [3, 5, 7, 8, 14, 22, 23, 24, 25, 26, 35, 37, 39, 50, 55, 64, 65, 68, 70, 72, 74, 75, 80, 81, 89, 92, 95, 96, 97, 99, 101, 106, 107, 109, 114, 117, 121, 127, 129, 130, 136, 138, 142, 144, 145, 154, 157, 159, 162, 163, 170, 173, 175, 176, 180, 181, 187, 189, 191, 204, 205, 207, 210, 212, 218, 219, 224, 230, 231, 238, 239, 242, 249, 250, 254, 257, 259, 266, 267, 277, 280, 288, 294, 298, 304, 305, 306, 317, 322, 323, 324, 328, 329, 330, 336, 340, 342, 347, 351, 354, 356, 357, 362, 363, 366, 372, 374, 384, 388, 389, 392, 393, 400]
x_134: [1, 4, 5, 7, 11, 14, 15, 24, 25, 36, 40, 46, 48, 49, 58, 59, 60, 63, 65, 67, 69, 71, 72, 76, 78, 88, 89, 99, 101, 103, 107, 113, 117, 120, 122, 123, 124, 132, 144, 145, 149, 151, 156, 165, 171, 176, 177, 180, 182, 186, 188, 190, 192, 193, 194, 195, 199, 201, 202, 211, 217, 218, 222, 223, 225, 227, 228, 229, 230, 232, 237, 246, 247, 252, 257, 260, 261, 265, 268, 269, 270, 271, 277, 279, 281, 290, 291, 295, 300, 303, 309, 312, 314, 316, 319, 320, 322, 324, 329, 338, 339, 344, 345, 347, 350, 355, 356, 358, 360, 370, 373, 374, 376, 377, 379, 382, 384, 395, 397, 398, 399]
x_135: [4, 6, 9, 11, 12, 14, 23, 27, 29, 30, 31, 37, 42, 59, 60, 68, 69, 73, 75, 77, 78, 80, 86, 94, 103, 107, 108, 109, 112, 118, 125, 127, 130, 136, 138, 144, 150, 151, 155, 156, 159, 160, 161, 163, 164, 166, 169, 175, 176, 178, 183, 184, 187, 188, 189, 191, 196, 198, 209, 210, 213, 218, 220, 224, 226, 227, 229, 230, 235, 243, 246, 249, 254, 256, 257, 260, 263, 267, 269, 272, 274, 275, 276, 277, 281, 282, 285, 287, 294, 295, 301, 306, 308, 310, 317, 319, 324, 329, 330, 331, 332, 334, 344, 348, 352, 355, 357, 362, 370, 382, 384, 390, 391, 395, 397, 400]
x_136: [7, 11, 12, 15, 22, 24, 34, 36, 47, 49, 54, 58, 59, 62, 63, 70, 72, 81, 84, 86, 90, 94, 98, 103, 105, 106, 109, 114, 118, 119, 122, 124, 128, 133, 135, 143, 144, 145, 149, 150, 154, 165, 171, 178, 179, 181, 184, 186, 188, 189, 190, 191, 200, 202, 206, 207, 209, 213, 214, 216, 226, 232, 234, 236, 237, 238, 239, 245, 251, 255, 259, 261, 263, 268, 269, 270, 274, 275, 278, 283, 285, 286, 288, 294, 302, 304, 305, 308, 315, 319, 322, 325, 328, 329, 330, 333, 337, 340, 345, 358, 363, 365, 369, 376, 377, 378, 385, 392, 397, 399, 400]
x_137: [6, 10, 23, 30, 34, 37, 45, 52, 56, 58, 59, 60, 68, 70, 73, 79, 84, 86, 91, 92, 93, 94, 95, 99, 102, 103, 104, 107, 108, 113, 116, 117, 118, 121, 123, 129, 130, 138, 140, 141, 142, 144, 147, 148, 157, 159, 163, 164, 167, 168, 169, 171, 172, 174, 177, 186, 188, 189, 193, 202, 205, 207, 208, 209, 211, 212, 213, 217, 219, 220, 225, 226, 229, 236, 237, 241, 253, 261, 264, 265, 268, 274, 275, 279, 281, 284, 288, 293, 294, 297, 298, 301, 302, 307, 308, 314, 317, 318, 323, 326, 327, 334, 337, 341, 343, 347, 349, 350, 357, 359, 363, 368, 374, 375, 380, 382, 384, 385, 386, 388, 392, 393, 396, 397, 399]
x_138: [5, 9, 17, 23, 25, 27, 29, 30, 33, 36, 37, 39, 41, 42, 44, 50, 51, 53, 54, 61, 66, 67, 71, 76, 78, 79, 84, 85, 91, 97, 101, 103, 106, 116, 120, 122, 133, 135, 137, 140, 141, 143, 144, 148, 149, 150, 153, 155, 158, 159, 162, 163, 170, 175, 196, 197, 200, 202, 203, 206, 211, 217, 219, 221, 224, 227, 228, 229, 231, 233, 234, 235, 240, 245, 246, 249, 251, 252, 254, 260, 268, 271, 272, 273, 274, 278, 282, 285, 287, 288, 291, 295, 296, 299, 301, 311, 316, 320, 326, 330, 335, 336, 338, 339, 340, 342, 343, 345, 349, 350, 351, 354, 355, 357, 358, 361, 373, 374, 375, 378, 383, 384, 397, 399]
x_139: [20, 21, 22, 23, 24, 27, 29, 32, 37, 38, 42, 45, 46, 47, 49, 52, 53, 54, 55, 58, 62, 64, 68, 73, 77, 81, 91, 93, 101, 106, 108, 110, 112, 115, 116, 117, 119, 125, 127, 130, 141, 142, 144, 145, 146, 148, 152, 156, 166, 169, 174, 180, 183, 185, 191, 192, 196, 199, 200, 204, 206, 207, 208, 225, 228, 231, 232, 240, 242, 248, 249, 255, 268, 269, 271, 278, 281, 285, 287, 290, 291, 295, 305, 309, 312, 318, 320, 321, 325, 327, 332, 333, 339, 341, 342, 343, 352, 353, 355, 356, 357, 361, 364, 365, 369, 372, 373, 381, 384, 389, 390, 391, 392, 398]
x_140: [1, 6, 7, 12, 13, 23, 24, 25, 29, 30, 32, 36, 37, 45, 56, 59, 65, 66, 67, 75, 80, 82, 100, 103, 106, 107, 108, 111, 115, 117, 119, 123, 126, 128, 129, 137, 138, 151, 154, 160, 173, 174, 180, 181, 182, 184, 185, 188, 190, 195, 196, 199, 201, 204, 206, 211, 216, 220, 224, 226, 232, 235, 238, 239, 242, 249, 253, 273, 274, 282, 286, 287, 291, 296, 302, 305, 306, 310, 312, 316, 317, 318, 322, 323, 326, 332, 345, 347, 354, 357, 359, 361, 365, 368, 369, 376, 387, 390, 396, 397, 399, 400]
x_141: [1, 5, 11, 13, 18, 27, 28, 35, 39, 41, 43, 46, 50, 51, 55, 59, 63, 70, 83, 91, 94, 96, 98, 107, 113, 116, 117, 121, 123, 125, 128, 137, 138, 139, 142, 148, 150, 154, 160, 162, 166, 168, 169, 171, 172, 180, 182, 183, 185, 187, 189, 190, 193, 195, 196, 198, 200, 206, 215, 225, 227, 228, 231, 236, 240, 249, 254, 261, 263, 264, 265, 269, 273, 276, 280, 282, 284, 288, 289, 290, 294, 301, 306, 308, 311, 316, 318, 319, 321, 322, 323, 324, 325, 327, 333, 335, 341, 343, 348, 350, 353, 365, 367, 369, 372, 375, 377, 382, 384, 390, 391, 392, 398]
x_142: [1, 3, 5, 6, 8, 14, 16, 18, 19, 23, 25, 32, 33, 37, 38, 41, 44, 45, 47, 50, 58, 60, 61, 62, 67, 68, 70, 72, 73, 76, 80, 85, 93, 94, 95, 96, 108, 111, 112, 114, 115, 118, 125, 126, 132, 133, 137, 139, 141, 143, 145, 148, 149, 151, 153, 154, 160, 163, 169, 170, 175, 176, 181, 187, 188, 189, 191, 192, 193, 194, 195, 196, 203, 205, 206, 215, 216, 217, 219, 222, 224, 227, 228, 229, 233, 235, 236, 237, 245, 249, 253, 257, 258, 260, 262, 264, 265, 267, 268, 271, 279, 281, 284, 290, 297, 304, 308, 316, 322, 324, 329, 333, 340, 344, 350, 351, 353, 358, 367, 373, 374, 375, 379, 380, 382, 385, 386, 389, 390, 393, 394, 400]
x_143: [1, 3, 15, 18, 19, 20, 27, 28, 32, 33, 39, 40, 42, 44, 45, 46, 47, 49, 51, 52, 55, 57, 58, 61, 66, 68, 73, 74, 75, 76, 78, 79, 86, 88, 90, 94, 97, 106, 109, 113, 114, 116, 118, 121, 122, 126, 130, 136, 138, 142, 155, 157, 159, 165, 166, 167, 168, 170, 178, 183, 184, 185, 186, 195, 198, 199, 206, 207, 209, 211, 213, 214, 219, 224, 226, 227, 230, 233, 240, 241, 244, 248, 249, 255, 256, 258, 259, 267, 273, 276, 280, 281, 283, 284, 286, 287, 293, 294, 295, 299, 300, 301, 305, 306, 308, 316, 327, 329, 333, 334, 336, 337, 338, 343, 345, 352, 354, 356, 360, 361, 362, 364, 365, 368, 375, 378, 382, 385, 388, 394, 396, 398, 399, 400]
x_144: [2, 5, 6, 8, 13, 14, 19, 22, 23, 26, 27, 29, 30, 31, 34, 40, 42, 45, 47, 49, 51, 52, 53, 54, 60, 66, 67, 68, 71, 73, 74, 84, 85, 86, 87, 92, 94, 106, 109, 114, 115, 117, 121, 126, 130, 133, 134, 135, 136, 137, 138, 139, 145, 159, 160, 168, 169, 182, 185, 186, 187, 188, 190, 191, 192, 195, 199, 203, 205, 207, 217, 218, 221, 228, 230, 240, 242, 246, 247, 249, 258, 260, 261, 266, 268, 269, 270, 271, 273, 276, 279, 280, 286, 288, 289, 295, 297, 301, 302, 309, 319, 326, 329, 331, 332, 337, 338, 339, 345, 351, 352, 353, 354, 355, 359, 362, 364, 366, 369, 370, 371, 373, 374, 381, 382, 384, 385, 390, 393, 395]
x_145: [2, 4, 5, 8, 10, 14, 17, 18, 27, 31, 38, 42, 44, 45, 46, 47, 53, 55, 59, 61, 62, 64, 65, 69, 78, 79, 80, 86, 90, 97, 98, 101, 104, 110, 114, 123, 132, 133, 134, 136, 139, 142, 144, 146, 149, 151, 159, 162, 178, 181, 182, 183, 189, 194, 205, 209, 212, 215, 216, 219, 221, 225, 226, 227, 235, 243, 244, 245, 247, 250, 251, 252, 253, 256, 267, 268, 269, 271, 273, 276, 281, 282, 284, 287, 290, 292, 294, 296, 306, 317, 318, 319, 321, 325, 326, 330, 332, 334, 337, 338, 340, 342, 344, 349, 352, 354, 355, 358, 360, 361, 364, 366, 368, 369, 371, 374, 376, 377, 378, 379, 380, 387, 391]
x_146: [9, 12, 13, 18, 22, 25, 26, 29, 30, 32, 40, 41, 47, 48, 55, 56, 59, 66, 68, 69, 76, 77, 79, 83, 89, 95, 96, 97, 99, 103, 105, 112, 115, 121, 125, 128, 129, 132, 139, 145, 148, 151, 159, 160, 166, 170, 171, 178, 183, 185, 187, 190, 191, 192, 198, 204, 208, 209, 210, 215, 216, 218, 219, 222, 231, 239, 248, 252, 257, 262, 267, 269, 271, 273, 275, 277, 281, 282, 283, 285, 287, 288, 291, 292, 299, 301, 302, 307, 314, 317, 319, 325, 326, 327, 329, 330, 332, 337, 339, 342, 343, 345, 347, 348, 349, 354, 358, 365, 367, 368, 374, 378, 383, 384, 386, 387, 389, 390, 399]
x_147: [4, 9, 12, 14, 16, 20, 22, 27, 28, 31, 36, 46, 50, 55, 68, 76, 78, 80, 81, 92, 95, 101, 102, 112, 113, 114, 115, 128, 137, 150, 151, 152, 154, 156, 157, 167, 172, 179, 186, 190, 191, 192, 197, 198, 202, 208, 209, 212, 214, 217, 219, 221, 222, 223, 226, 228, 229, 235, 236, 239, 244, 248, 250, 254, 256, 257, 258, 259, 260, 262, 268, 270, 272, 275, 281, 295, 297, 298, 307, 310, 311, 315, 323, 324, 331, 332, 333, 336, 342, 345, 347, 349, 350, 356, 357, 366, 368, 372, 382, 385, 388, 391, 397, 398, 399]
x_148: [5, 10, 12, 16, 20, 24, 28, 37, 42, 46, 49, 50, 53, 61, 63, 67, 69, 78, 81, 90, 95, 98, 107, 114, 123, 137, 138, 139, 141, 142, 146, 154, 158, 159, 161, 165, 166, 172, 175, 177, 181, 182, 184, 185, 188, 192, 194, 197, 199, 200, 203, 204, 205, 207, 208, 211, 212, 215, 217, 220, 223, 228, 231, 232, 233, 245, 246, 253, 257, 268, 269, 272, 273, 276, 281, 282, 284, 287, 291, 292, 296, 301, 304, 305, 308, 310, 311, 313, 317, 318, 323, 327, 333, 337, 338, 346, 350, 355, 356, 359, 366, 367, 376, 377, 378, 385, 389, 392, 395, 397, 399]
x_149: [1, 5, 6, 7, 8, 9, 14, 19, 20, 26, 36, 39, 42, 44, 45, 47, 48, 49, 53, 54, 57, 59, 62, 66, 67, 75, 76, 79, 80, 83, 87, 88, 89, 91, 92, 94, 98, 103, 104, 105, 106, 111, 113, 114, 117, 123, 124, 130, 134, 136, 138, 142, 145, 150, 156, 161, 162, 165, 167, 170, 171, 172, 174, 175, 180, 189, 192, 194, 201, 204, 209, 210, 212, 219, 223, 227, 231, 247, 253, 263, 266, 267, 268, 272, 277, 279, 280, 281, 282, 284, 286, 287, 291, 292, 294, 296, 298, 299, 301, 302, 303, 310, 311, 313, 316, 317, 323, 325, 326, 327, 329, 343, 344, 350, 352, 355, 356, 358, 364, 370, 378, 379, 380, 385, 391, 392, 394, 395, 396]
x_150: [1, 3, 9, 14, 17, 22, 25, 30, 32, 34, 51, 52, 53, 67, 68, 70, 72, 73, 74, 75, 81, 84, 86, 87, 92, 93, 96, 98, 99, 101, 109, 111, 114, 122, 128, 129, 130, 131, 135, 136, 138, 141, 147, 149, 152, 153, 154, 155, 156, 157, 159, 161, 165, 166, 170, 173, 174, 179, 180, 182, 185, 189, 192, 199, 203, 207, 208, 211, 212, 217, 218, 219, 225, 226, 232, 236, 239, 240, 241, 243, 245, 247, 248, 250, 255, 256, 257, 259, 264, 268, 273, 276, 279, 283, 286, 289, 290, 295, 297, 302, 308, 309, 312, 326, 327, 328, 332, 333, 334, 336, 338, 339, 340, 343, 344, 347, 353, 354, 355, 356, 358, 359, 360, 361, 363, 364, 365, 367, 379, 383, 386, 388, 390, 391, 393, 396, 399]
x_151: [2, 7, 13, 14, 15, 17, 18, 19, 24, 27, 30, 32, 40, 41, 44, 51, 55, 56, 65, 68, 69, 71, 77, 82, 86, 89, 93, 95, 97, 98, 99, 110, 112, 118, 120, 123, 124, 127, 131, 132, 134, 135, 140, 142, 145, 146, 147, 160, 164, 166, 167, 169, 170, 183, 192, 199, 202, 203, 204, 211, 213, 217, 218, 219, 225, 227, 230, 233, 237, 239, 241, 242, 243, 244, 255, 262, 263, 279, 281, 291, 294, 296, 299, 300, 305, 307, 308, 310, 312, 319, 329, 337, 339, 340, 343, 347, 348, 349, 351, 352, 358, 365, 367, 368, 369, 370, 371, 374, 377, 384, 385, 390, 394, 395, 398]
x_152: [8, 10, 11, 14, 16, 18, 19, 28, 29, 33, 35, 37, 50, 54, 62, 64, 65, 67, 69, 81, 84, 93, 97, 99, 102, 103, 104, 106, 111, 116, 117, 118, 120, 122, 123, 124, 127, 139, 147, 150, 156, 157, 158, 164, 166, 181, 182, 185, 186, 189, 192, 195, 199, 204, 206, 209, 212, 219, 220, 221, 223, 225, 229, 231, 233, 239, 243, 268, 269, 271, 272, 276, 278, 280, 285, 289, 291, 295, 299, 307, 308, 311, 314, 318, 319, 322, 323, 325, 329, 331, 333, 337, 339, 346, 348, 349, 352, 354, 356, 358, 364, 370, 372, 375, 381, 384, 387, 391, 393]
x_153: [1, 5, 6, 11, 14, 15, 23, 27, 29, 30, 36, 38, 39, 45, 47, 50, 51, 55, 57, 58, 60, 63, 64, 67, 69, 70, 75, 87, 88, 90, 96, 98, 103, 107, 108, 110, 113, 116, 119, 120, 121, 123, 125, 127, 130, 138, 142, 150, 157, 160, 163, 172, 174, 175, 179, 181, 193, 195, 199, 200, 203, 208, 209, 211, 215, 218, 222, 223, 229, 235, 236, 238, 246, 249, 250, 252, 253, 256, 258, 260, 262, 264, 266, 269, 270, 272, 276, 277, 278, 279, 281, 285, 286, 288, 290, 291, 293, 296, 298, 300, 301, 303, 307, 312, 314, 318, 322, 323, 332, 334, 335, 338, 346, 348, 351, 354, 358, 368, 369, 374, 378, 384, 389, 395, 398]
x_154: [2, 3, 7, 8, 12, 19, 26, 28, 30, 32, 40, 43, 45, 47, 48, 51, 55, 57, 65, 68, 70, 73, 79, 82, 85, 86, 89, 103, 114, 119, 121, 122, 123, 125, 126, 127, 128, 129, 132, 133, 136, 140, 141, 142, 147, 148, 150, 155, 160, 161, 162, 163, 177, 181, 185, 187, 197, 199, 201, 207, 208, 209, 212, 214, 218, 220, 225, 227, 230, 232, 237, 240, 242, 244, 245, 246, 251, 252, 253, 254, 256, 262, 268, 271, 272, 280, 282, 283, 285, 289, 292, 294, 300, 310, 313, 315, 325, 327, 328, 331, 335, 342, 345, 346, 349, 355, 358, 362, 363, 364, 368, 371, 379, 380, 384, 387, 390, 391, 392, 396, 398, 399]
x_155: [5, 7, 10, 15, 17, 21, 22, 24, 26, 33, 36, 38, 44, 45, 47, 48, 56, 57, 58, 60, 62, 67, 68, 71, 74, 76, 79, 80, 84, 90, 91, 92, 94, 95, 97, 103, 108, 113, 115, 116, 118, 121, 124, 125, 126, 129, 135, 138, 143, 150, 154, 157, 159, 166, 171, 176, 180, 184, 199, 200, 203, 205, 209, 212, 213, 217, 218, 220, 222, 229, 230, 237, 242, 244, 255, 257, 260, 263, 267, 268, 278, 279, 282, 283, 284, 290, 291, 294, 306, 307, 308, 314, 315, 316, 319, 322, 323, 324, 326, 330, 335, 340, 343, 346, 348, 352, 354, 355, 357, 360, 370, 375, 380, 383, 389, 394]
x_156: [2, 4, 5, 6, 8, 10, 12, 18, 20, 22, 29, 31, 36, 37, 38, 40, 44, 46, 47, 52, 56, 59, 60, 66, 69, 71, 76, 80, 91, 98, 99, 100, 102, 104, 112, 114, 122, 124, 127, 131, 132, 134, 135, 139, 147, 149, 150, 152, 157, 160, 168, 169, 173, 174, 179, 180, 187, 188, 191, 193, 194, 198, 200, 202, 204, 209, 211, 215, 217, 218, 220, 223, 225, 241, 246, 247, 249, 252, 255, 257, 261, 263, 265, 266, 270, 275, 276, 281, 290, 291, 295, 303, 308, 313, 317, 319, 322, 323, 326, 327, 328, 331, 332, 333, 334, 344, 345, 351, 354, 355, 360, 361, 365, 366, 373, 376, 377, 378, 380, 388, 389, 391, 400]
x_157: [1, 2, 9, 10, 15, 17, 18, 21, 22, 26, 39, 44, 50, 53, 55, 58, 59, 63, 66, 70, 71, 77, 78, 80, 86, 88, 93, 94, 96, 99, 102, 113, 116, 118, 125, 129, 132, 133, 137, 143, 147, 150, 152, 153, 155, 156, 159, 165, 166, 168, 169, 171, 172, 177, 178, 185, 188, 190, 196, 199, 200, 202, 203, 205, 207, 208, 210, 214, 219, 225, 226, 228, 229, 231, 233, 234, 242, 243, 244, 246, 247, 248, 250, 258, 259, 260, 261, 262, 264, 266, 268, 270, 272, 273, 274, 280, 285, 286, 287, 288, 291, 297, 298, 301, 303, 305, 307, 309, 315, 320, 324, 329, 332, 337, 340, 342, 343, 346, 352, 354, 355, 356, 357, 358, 360, 361, 362, 368, 370, 371, 376, 378, 386, 390, 391, 395, 397]
x_158: [1, 2, 3, 6, 7, 9, 10, 13, 14, 15, 16, 17, 18, 25, 28, 29, 31, 41, 47, 48, 55, 57, 64, 65, 68, 71, 73, 74, 76, 78, 80, 87, 88, 89, 90, 94, 97, 99, 101, 102, 109, 115, 118, 119, 120, 121, 126, 127, 129, 138, 148, 152, 159, 165, 169, 172, 174, 177, 180, 181, 182, 188, 195, 197, 201, 205, 208, 210, 211, 212, 217, 219, 224, 230, 237, 239, 240, 242, 243, 244, 247, 250, 252, 253, 255, 260, 261, 265, 266, 273, 275, 277, 278, 282, 285, 299, 303, 305, 306, 308, 314, 324, 325, 326, 331, 334, 337, 338, 342, 344, 347, 349, 351, 370, 372, 384, 385, 387, 388, 394, 396, 398, 399]
x_159: [5, 11, 14, 20, 22, 29, 36, 40, 52, 53, 64, 72, 73, 78, 86, 89, 92, 94, 95, 96, 97, 100, 101, 103, 108, 111, 113, 114, 115, 117, 119, 121, 122, 126, 127, 128, 129, 133, 135, 137, 138, 143, 144, 145, 146, 148, 150, 155, 157, 158, 168, 169, 173, 174, 176, 177, 182, 183, 186, 189, 191, 195, 199, 204, 206, 207, 217, 220, 221, 228, 234, 236, 237, 238, 239, 240, 246, 247, 253, 266, 268, 269, 270, 271, 272, 274, 280, 284, 285, 288, 294, 308, 311, 313, 314, 318, 322, 324, 326, 328, 330, 335, 341, 342, 343, 345, 350, 358, 361, 363, 364, 372, 374, 376, 378, 379, 381, 385, 393, 395]
x_160: [2, 3, 13, 14, 25, 28, 30, 34, 38, 39, 42, 48, 49, 51, 55, 57, 59, 60, 69, 74, 75, 78, 80, 82, 83, 91, 92, 98, 100, 101, 102, 105, 106, 109, 110, 111, 114, 115, 116, 117, 118, 119, 127, 132, 135, 140, 141, 142, 144, 146, 151, 153, 154, 156, 166, 175, 180, 181, 185, 187, 195, 200, 204, 208, 211, 213, 214, 215, 216, 217, 219, 220, 224, 228, 231, 232, 236, 247, 248, 251, 253, 263, 264, 269, 271, 276, 279, 281, 282, 284, 288, 291, 296, 297, 298, 302, 303, 304, 314, 319, 322, 326, 327, 333, 336, 337, 338, 342, 345, 346, 355, 357, 358, 361, 363, 364, 367, 382, 383, 384, 386, 388, 390, 393]
x_161: [3, 5, 8, 10, 11, 19, 23, 26, 27, 35, 39, 42, 45, 46, 49, 56, 60, 62, 63, 64, 65, 70, 75, 76, 80, 86, 88, 89, 91, 94, 96, 99, 101, 111, 120, 121, 122, 125, 131, 135, 148, 149, 150, 154, 164, 166, 168, 174, 176, 177, 178, 180, 182, 184, 189, 193, 197, 201, 204, 207, 210, 211, 214, 221, 222, 224, 225, 228, 229, 231, 232, 235, 236, 239, 243, 244, 247, 248, 249, 251, 252, 258, 259, 264, 265, 271, 272, 274, 280, 288, 289, 292, 293, 295, 297, 299, 301, 304, 306, 310, 313, 314, 315, 317, 319, 329, 331, 333, 338, 339, 341, 347, 350, 351, 352, 353, 355, 357, 359, 361, 364, 365, 368, 374, 375, 378, 380, 383, 385, 386, 387, 390]
x_162: [16, 17, 18, 21, 23, 26, 27, 30, 44, 46, 49, 51, 52, 54, 56, 57, 58, 60, 63, 65, 66, 67, 69, 70, 71, 74, 76, 83, 85, 87, 89, 90, 91, 94, 96, 101, 103, 104, 107, 109, 111, 116, 130, 132, 133, 138, 141, 145, 149, 154, 166, 171, 172, 179, 189, 192, 194, 200, 203, 207, 212, 213, 216, 217, 222, 225, 227, 238, 245, 248, 252, 254, 260, 262, 271, 272, 274, 275, 278, 279, 280, 286, 291, 293, 295, 296, 297, 301, 303, 305, 306, 314, 317, 320, 331, 335, 338, 342, 344, 345, 347, 348, 349, 350, 352, 362, 363, 364, 368, 377, 382, 386, 387, 389, 391, 393, 397]
x_163: [1, 3, 4, 7, 8, 9, 13, 17, 20, 24, 30, 35, 37, 40, 43, 48, 58, 60, 63, 70, 71, 73, 75, 76, 78, 81, 82, 85, 86, 88, 90, 91, 93, 95, 97, 106, 109, 115, 117, 127, 130, 131, 132, 133, 135, 137, 138, 142, 153, 154, 164, 166, 170, 177, 182, 189, 192, 193, 199, 201, 211, 220, 225, 233, 237, 239, 240, 242, 250, 251, 255, 260, 261, 263, 270, 273, 276, 277, 278, 282, 283, 284, 287, 288, 289, 300, 305, 306, 307, 308, 310, 311, 312, 313, 319, 320, 324, 325, 329, 333, 334, 337, 341, 345, 346, 347, 348, 350, 351, 357, 362, 363, 365, 366, 367, 368, 369, 371, 372, 379, 381, 383, 385, 386, 390, 392, 393, 394, 396, 397, 398, 400]
x_164: [3, 5, 14, 15, 17, 26, 28, 31, 39, 41, 45, 53, 54, 64, 65, 66, 69, 70, 72, 80, 82, 83, 85, 87, 89, 90, 96, 101, 102, 103, 105, 111, 118, 119, 124, 128, 132, 135, 137, 151, 152, 161, 163, 165, 169, 170, 177, 204, 205, 207, 212, 213, 218, 229, 230, 231, 242, 247, 250, 258, 263, 265, 271, 272, 274, 276, 280, 281, 285, 286, 289, 300, 303, 304, 308, 313, 314, 318, 319, 321, 323, 325, 329, 335, 342, 346, 349, 352, 357, 360, 362, 363, 364, 372, 374, 376, 383, 384, 388, 390, 393, 396]
x_165: [3, 13, 17, 22, 29, 31, 37, 41, 43, 44, 46, 49, 51, 54, 55, 60, 61, 62, 64, 65, 67, 68, 69, 73, 74, 75, 79, 82, 84, 86, 89, 91, 96, 102, 104, 113, 119, 121, 125, 132, 134, 136, 143, 148, 149, 150, 157, 158, 164, 173, 183, 185, 187, 202, 205, 210, 211, 215, 220, 225, 229, 230, 233, 235, 236, 246, 248, 253, 254, 262, 264, 265, 270, 272, 273, 278, 283, 285, 294, 296, 298, 306, 309, 311, 313, 315, 316, 318, 320, 329, 331, 333, 336, 340, 344, 345, 346, 349, 350, 361, 369, 374, 377, 382, 383, 388, 389, 396, 398]
x_166: [4, 12, 17, 22, 23, 25, 27, 28, 30, 34, 35, 37, 38, 39, 44, 45, 46, 47, 53, 56, 60, 63, 65, 69, 72, 73, 75, 78, 82, 83, 86, 88, 89, 95, 98, 105, 106, 117, 124, 125, 127, 128, 135, 139, 141, 143, 146, 148, 150, 151, 152, 155, 157, 160, 161, 162, 163, 170, 174, 175, 181, 188, 189, 196, 200, 203, 205, 206, 212, 214, 218, 222, 231, 234, 237, 240, 242, 243, 245, 246, 249, 252, 263, 266, 267, 269, 271, 284, 294, 296, 297, 301, 302, 314, 315, 320, 323, 324, 327, 329, 330, 331, 333, 334, 335, 338, 340, 342, 343, 344, 345, 346, 347, 348, 356, 357, 360, 362, 364, 365, 371, 374, 377, 382, 384, 387, 390, 391, 393, 396, 399]
x_167: [1, 4, 6, 9, 10, 13, 18, 20, 21, 25, 27, 31, 32, 37, 39, 50, 52, 54, 55, 61, 63, 64, 65, 70, 72, 74, 76, 77, 94, 99, 100, 102, 106, 107, 108, 110, 111, 113, 116, 119, 123, 126, 128, 129, 130, 137, 143, 147, 149, 151, 168, 169, 172, 175, 178, 179, 186, 187, 189, 194, 195, 196, 197, 199, 200, 204, 208, 211, 213, 218, 222, 234, 235, 236, 251, 252, 253, 259, 260, 262, 266, 267, 268, 271, 272, 279, 280, 281, 284, 285, 286, 291, 294, 296, 297, 301, 303, 304, 305, 306, 308, 310, 317, 325, 326, 328, 330, 331, 332, 334, 336, 338, 349, 357, 358, 360, 368, 369, 371, 377, 378, 379, 384, 391, 392, 393, 396, 397, 398, 399, 400]
x_168: [2, 11, 13, 24, 25, 27, 29, 37, 38, 40, 41, 52, 55, 63, 70, 76, 80, 87, 88, 90, 91, 96, 100, 111, 113, 121, 131, 137, 141, 143, 144, 156, 157, 159, 161, 167, 169, 175, 176, 177, 181, 183, 193, 194, 201, 202, 203, 204, 205, 210, 212, 219, 225, 226, 227, 232, 233, 242, 248, 249, 251, 261, 266, 268, 274, 276, 279, 281, 282, 287, 289, 290, 291, 294, 297, 300, 306, 308, 312, 313, 314, 316, 320, 321, 324, 328, 331, 333, 335, 337, 347, 356, 359, 361, 363, 364, 369, 371, 374, 380, 385, 387, 390, 391, 392, 395, 398, 399]
x_169: [1, 4, 8, 16, 17, 19, 22, 23, 27, 41, 42, 46, 50, 52, 57, 65, 66, 71, 73, 78, 89, 91, 92, 94, 104, 106, 107, 111, 115, 119, 128, 135, 137, 139, 141, 142, 144, 151, 156, 157, 158, 159, 164, 167, 168, 173, 177, 180, 181, 184, 186, 187, 188, 191, 193, 195, 197, 198, 199, 200, 205, 208, 209, 210, 214, 217, 220, 221, 222, 223, 224, 227, 231, 232, 233, 235, 242, 243, 245, 247, 248, 250, 253, 260, 267, 269, 271, 272, 274, 279, 280, 286, 289, 295, 297, 298, 300, 312, 313, 314, 315, 324, 329, 331, 332, 336, 337, 341, 344, 347, 348, 352, 353, 358, 362, 367, 369, 370, 374, 386, 388, 389, 390, 393]
x_170: [1, 4, 11, 12, 17, 18, 19, 20, 21, 26, 27, 31, 33, 48, 49, 50, 51, 55, 59, 60, 61, 62, 64, 69, 73, 76, 81, 84, 88, 91, 92, 95, 98, 102, 106, 110, 113, 114, 118, 119, 120, 121, 126, 129, 130, 133, 138, 142, 143, 146, 149, 150, 151, 163, 164, 166, 173, 175, 177, 178, 183, 185, 186, 195, 196, 200, 203, 206, 208, 212, 214, 217, 219, 223, 224, 226, 228, 230, 240, 241, 243, 247, 249, 250, 258, 261, 268, 269, 270, 271, 272, 276, 277, 279, 281, 283, 285, 287, 289, 291, 292, 295, 296, 299, 303, 313, 316, 336, 338, 339, 340, 345, 349, 355, 356, 360, 362, 364, 366, 368, 371, 372, 373, 374, 375, 376, 381, 385, 394, 398]
x_171: [3, 5, 8, 12, 13, 17, 18, 24, 25, 29, 31, 33, 39, 43, 44, 45, 47, 48, 50, 51, 53, 59, 61, 65, 68, 71, 72, 78, 79, 81, 83, 85, 86, 88, 94, 104, 108, 109, 110, 111, 117, 119, 120, 122, 123, 124, 125, 129, 130, 131, 132, 134, 136, 137, 141, 146, 149, 155, 157, 162, 173, 174, 176, 177, 180, 181, 182, 186, 190, 191, 195, 196, 197, 200, 208, 211, 212, 216, 225, 226, 228, 230, 234, 238, 244, 245, 247, 249, 251, 258, 264, 268, 270, 277, 284, 289, 293, 305, 310, 312, 313, 314, 317, 318, 320, 335, 336, 343, 344, 353, 354, 355, 356, 361, 363, 364, 365, 367, 369, 372, 373, 375, 377, 378, 382, 385, 386, 390, 397, 398]
x_172: [2, 4, 6, 7, 9, 14, 15, 18, 20, 24, 31, 34, 37, 40, 44, 50, 55, 56, 57, 58, 59, 63, 64, 67, 72, 74, 77, 78, 86, 88, 90, 91, 93, 94, 96, 100, 101, 102, 107, 109, 110, 112, 119, 120, 125, 128, 137, 141, 147, 148, 149, 153, 157, 158, 162, 167, 174, 176, 182, 185, 191, 195, 198, 200, 201, 202, 204, 206, 207, 209, 213, 218, 220, 221, 222, 224, 230, 234, 235, 238, 241, 248, 251, 255, 264, 265, 267, 273, 274, 275, 282, 284, 285, 290, 293, 294, 304, 312, 313, 315, 316, 318, 320, 337, 339, 342, 348, 349, 355, 358, 361, 362, 369, 370, 373, 374, 378, 379, 380, 386, 388, 389, 390, 392, 396, 397, 400]
x_173: [1, 2, 12, 18, 20, 28, 29, 47, 49, 50, 52, 57, 60, 61, 62, 66, 71, 75, 76, 77, 79, 81, 107, 112, 117, 118, 119, 122, 124, 133, 140, 150, 156, 159, 165, 169, 170, 171, 185, 187, 197, 200, 202, 203, 204, 207, 212, 217, 221, 226, 230, 237, 240, 242, 243, 247, 260, 264, 272, 274, 282, 291, 294, 309, 310, 313, 315, 317, 318, 323, 325, 335, 337, 339, 358, 360, 361, 362, 367, 369, 373, 380, 382, 384, 385, 389, 392, 393, 394]
x_174: [5, 6, 14, 16, 19, 20, 21, 24, 28, 29, 30, 35, 37, 39, 40, 43, 48, 50, 52, 53, 61, 62, 69, 73, 75, 77, 78, 79, 80, 86, 87, 89, 91, 92, 93, 95, 96, 97, 100, 101, 103, 107, 109, 111, 127, 130, 137, 139, 140, 149, 150, 153, 156, 158, 159, 161, 166, 171, 172, 176, 181, 182, 189, 193, 199, 204, 207, 208, 210, 214, 215, 217, 220, 222, 229, 231, 239, 240, 241, 253, 256, 257, 260, 264, 267, 268, 270, 271, 275, 282, 286, 289, 290, 291, 301, 303, 305, 314, 318, 321, 323, 324, 328, 333, 334, 338, 339, 340, 343, 348, 353, 356, 359, 360, 361, 362, 363, 365, 378, 380, 382, 388, 389, 391, 393, 394, 397, 399]
x_175: [1, 5, 6, 13, 14, 16, 17, 21, 22, 23, 28, 37, 40, 41, 42, 51, 56, 59, 66, 70, 74, 75, 77, 82, 83, 88, 90, 92, 94, 95, 96, 99, 100, 101, 103, 105, 108, 110, 112, 116, 124, 128, 129, 133, 135, 138, 142, 148, 149, 153, 160, 166, 167, 168, 170, 176, 181, 183, 184, 189, 192, 193, 196, 199, 200, 203, 206, 211, 215, 220, 221, 222, 224, 233, 234, 238, 239, 240, 246, 251, 258, 259, 262, 265, 266, 273, 276, 282, 283, 284, 286, 288, 292, 295, 296, 301, 302, 304, 307, 310, 314, 316, 319, 321, 323, 325, 326, 334, 335, 343, 344, 346, 347, 353, 359, 370, 371, 376, 378, 380, 387, 391, 392, 393, 395, 397, 400]
x_176: [3, 13, 15, 16, 20, 25, 26, 30, 34, 35, 37, 38, 39, 40, 47, 53, 55, 56, 57, 58, 63, 69, 72, 74, 76, 78, 82, 83, 88, 90, 91, 97, 102, 106, 119, 120, 121, 122, 125, 126, 127, 128, 132, 133, 134, 135, 142, 155, 159, 161, 168, 171, 172, 174, 175, 189, 197, 199, 200, 202, 203, 205, 208, 212, 214, 215, 218, 222, 223, 224, 226, 228, 229, 233, 235, 236, 239, 240, 241, 244, 248, 252, 255, 262, 268, 276, 277, 278, 281, 282, 284, 286, 298, 301, 302, 319, 323, 325, 327, 328, 337, 342, 350, 351, 353, 357, 360, 362, 368, 369, 371, 372, 379, 388, 391, 392, 394]
x_177: [2, 3, 4, 11, 12, 23, 29, 30, 32, 33, 34, 40, 42, 48, 51, 55, 56, 57, 60, 66, 69, 70, 73, 74, 79, 84, 87, 88, 94, 95, 96, 97, 100, 101, 105, 108, 110, 113, 116, 118, 120, 123, 124, 126, 127, 129, 132, 134, 137, 148, 154, 157, 158, 159, 161, 163, 164, 168, 169, 170, 171, 183, 188, 189, 191, 198, 201, 203, 208, 213, 214, 219, 222, 224, 231, 236, 238, 239, 242, 243, 248, 249, 251, 257, 259, 261, 262, 266, 269, 273, 275, 281, 284, 285, 286, 288, 291, 293, 295, 299, 302, 303, 306, 311, 312, 315, 318, 319, 321, 322, 323, 324, 328, 330, 333, 336, 345, 346, 349, 351, 352, 358, 360, 363, 365, 368, 369, 372, 373, 379, 381, 382, 386, 398]
x_178: [2, 3, 11, 14, 16, 20, 22, 23, 24, 25, 26, 36, 40, 42, 49, 56, 58, 60, 61, 73, 74, 79, 84, 85, 86, 90, 91, 92, 97, 101, 105, 106, 109, 115, 121, 123, 124, 128, 130, 131, 135, 136, 143, 145, 146, 157, 161, 167, 170, 183, 187, 188, 193, 194, 200, 201, 203, 205, 210, 211, 214, 215, 222, 223, 225, 229, 235, 241, 243, 246, 254, 255, 256, 260, 268, 270, 271, 274, 278, 280, 293, 297, 299, 302, 303, 304, 308, 311, 316, 331, 333, 334, 344, 348, 349, 353, 357, 358, 362, 363, 364, 365, 368, 369, 370, 372, 373, 375, 383, 384, 391, 399]
x_179: [1, 4, 5, 6, 11, 15, 16, 17, 18, 23, 27, 29, 34, 36, 37, 40, 43, 46, 48, 50, 51, 53, 56, 59, 60, 69, 71, 73, 79, 85, 86, 88, 90, 94, 96, 107, 110, 116, 119, 123, 129, 130, 136, 147, 150, 153, 156, 162, 167, 185, 189, 190, 192, 196, 199, 200, 201, 202, 207, 210, 211, 215, 216, 221, 226, 228, 229, 230, 233, 235, 236, 243, 248, 249, 250, 255, 258, 260, 261, 262, 264, 276, 278, 279, 280, 282, 284, 295, 296, 299, 304, 307, 314, 315, 316, 321, 322, 328, 332, 333, 335, 336, 341, 354, 357, 358, 362, 364, 367, 371, 373, 385, 386, 387, 388, 389, 392, 393]
x_180: [6, 10, 16, 17, 18, 21, 23, 27, 29, 37, 42, 48, 52, 58, 63, 65, 66, 72, 75, 78, 80, 83, 86, 87, 93, 94, 95, 99, 107, 108, 115, 119, 124, 128, 133, 134, 139, 140, 141, 149, 150, 155, 156, 158, 160, 161, 169, 171, 183, 186, 189, 190, 193, 194, 195, 196, 197, 201, 204, 205, 207, 213, 217, 220, 222, 227, 229, 231, 233, 236, 239, 240, 241, 243, 247, 248, 260, 265, 274, 275, 278, 280, 283, 284, 290, 294, 297, 299, 302, 305, 307, 309, 311, 324, 332, 334, 337, 340, 342, 343, 347, 348, 352, 354, 355, 359, 360, 363, 365, 368, 381, 383, 384, 386, 389, 398]
x_181: [1, 2, 3, 6, 8, 10, 12, 15, 19, 21, 24, 26, 28, 29, 32, 39, 42, 43, 44, 47, 55, 56, 61, 62, 74, 76, 77, 79, 84, 86, 87, 92, 103, 107, 109, 113, 121, 124, 127, 128, 129, 131, 132, 133, 136, 140, 142, 145, 148, 152, 153, 154, 158, 160, 166, 168, 169, 171, 174, 175, 185, 186, 190, 191, 193, 203, 205, 207, 210, 212, 214, 217, 218, 223, 232, 233, 238, 239, 241, 246, 253, 257, 259, 261, 262, 276, 280, 281, 284, 287, 288, 290, 292, 293, 294, 296, 300, 301, 303, 313, 316, 317, 319, 321, 324, 327, 328, 337, 339, 341, 343, 346, 351, 352, 354, 355, 356, 363, 364, 369, 371, 379, 381, 399, 400]
x_182: [6, 25, 31, 37, 38, 40, 45, 49, 51, 52, 54, 56, 60, 61, 62, 68, 70, 71, 74, 76, 78, 84, 86, 91, 93, 94, 102, 106, 109, 110, 112, 113, 123, 128, 132, 134, 140, 141, 144, 145, 148, 150, 152, 158, 159, 161, 163, 171, 172, 174, 183, 188, 193, 195, 201, 203, 209, 214, 219, 220, 221, 224, 226, 232, 233, 234, 239, 241, 242, 248, 249, 250, 260, 266, 271, 272, 275, 281, 285, 292, 294, 295, 300, 310, 313, 316, 318, 320, 323, 327, 328, 330, 339, 340, 345, 347, 352, 354, 355, 356, 358, 359, 364, 382, 387, 390, 391, 392, 394, 395, 396, 397, 398]
x_183: [1, 10, 12, 13, 18, 23, 28, 30, 31, 32, 35, 36, 37, 39, 43, 47, 51, 55, 57, 59, 60, 61, 65, 68, 73, 75, 79, 81, 83, 87, 92, 100, 101, 104, 107, 122, 124, 125, 126, 127, 132, 135, 139, 141, 143, 145, 146, 151, 159, 165, 168, 170, 175, 177, 178, 180, 182, 184, 192, 193, 200, 209, 219, 230, 231, 236, 239, 240, 242, 248, 252, 255, 257, 260, 264, 274, 276, 277, 282, 284, 285, 286, 287, 288, 290, 292, 294, 295, 301, 302, 306, 307, 311, 314, 319, 323, 329, 333, 339, 341, 342, 343, 344, 350, 352, 356, 362, 366, 367, 370, 380, 386, 391, 394, 397]
x_184: [4, 5, 6, 7, 13, 15, 16, 18, 25, 33, 37, 40, 46, 47, 49, 51, 60, 64, 65, 66, 69, 80, 87, 93, 95, 109, 113, 117, 118, 120, 122, 126, 127, 132, 135, 136, 140, 143, 148, 155, 161, 169, 175, 183, 186, 188, 197, 199, 201, 203, 208, 211, 218, 221, 225, 228, 233, 237, 247, 248, 253, 256, 257, 261, 262, 265, 266, 267, 268, 270, 277, 281, 282, 284, 286, 289, 293, 294, 297, 301, 305, 307, 308, 311, 318, 321, 324, 326, 329, 330, 332, 334, 335, 337, 341, 344, 359, 360, 363, 366, 370, 373, 374, 375, 380, 382, 392, 397]
x_185: [9, 10, 15, 20, 22, 23, 24, 30, 33, 35, 38, 39, 42, 44, 45, 49, 53, 54, 63, 68, 69, 70, 74, 75, 76, 79, 82, 97, 101, 109, 113, 114, 122, 127, 128, 129, 139, 140, 141, 143, 144, 146, 148, 150, 152, 154, 157, 160, 165, 170, 172, 173, 179, 181, 190, 192, 195, 197, 198, 199, 205, 206, 207, 212, 220, 222, 224, 230, 231, 236, 238, 250, 251, 253, 265, 285, 291, 293, 299, 305, 306, 308, 310, 311, 312, 318, 322, 324, 325, 326, 332, 339, 342, 344, 347, 348, 350, 353, 356, 358, 365, 367, 375, 376, 379, 380, 386, 389, 391, 393, 394, 396, 397]
x_186: [6, 10, 11, 12, 16, 29, 30, 33, 34, 36, 37, 40, 43, 47, 50, 57, 67, 68, 75, 76, 89, 91, 92, 93, 98, 99, 103, 107, 109, 110, 112, 116, 117, 118, 120, 126, 128, 130, 134, 136, 137, 143, 144, 147, 152, 159, 167, 169, 170, 171, 180, 181, 184, 188, 189, 191, 198, 200, 202, 203, 206, 207, 208, 209, 210, 213, 215, 217, 219, 220, 227, 232, 233, 240, 242, 251, 257, 277, 286, 289, 291, 298, 299, 300, 304, 305, 306, 308, 309, 310, 315, 316, 321, 325, 327, 333, 345, 352, 355, 356, 358, 359, 362, 369, 370, 374, 376, 378, 382, 389, 391, 393, 394, 398]
x_187: [1, 5, 8, 11, 20, 24, 35, 37, 39, 40, 42, 45, 47, 57, 60, 63, 66, 69, 73, 74, 75, 78, 79, 80, 81, 92, 93, 108, 111, 120, 121, 123, 132, 133, 135, 141, 142, 144, 146, 154, 156, 160, 165, 167, 169, 173, 178, 193, 196, 197, 198, 200, 202, 203, 212, 219, 223, 228, 231, 235, 237, 238, 240, 243, 245, 247, 251, 252, 254, 261, 262, 266, 270, 278, 279, 287, 293, 298, 299, 300, 304, 310, 315, 316, 317, 321, 322, 323, 330, 337, 344, 349, 351, 353, 354, 356, 363, 369, 375, 383, 386, 399]
x_188: [2, 4, 7, 10, 12, 14, 22, 23, 28, 32, 33, 36, 39, 40, 41, 42, 43, 44, 47, 52, 56, 58, 61, 64, 67, 68, 71, 72, 74, 80, 81, 83, 84, 87, 90, 97, 98, 102, 107, 113, 115, 120, 129, 130, 134, 135, 136, 137, 140, 142, 144, 148, 156, 157, 158, 166, 169, 177, 178, 182, 184, 186, 190, 192, 200, 207, 213, 219, 224, 233, 235, 236, 237, 238, 243, 247, 248, 253, 256, 261, 262, 264, 270, 275, 276, 282, 284, 287, 288, 291, 295, 296, 297, 304, 311, 314, 316, 328, 329, 331, 335, 336, 337, 339, 341, 342, 346, 350, 352, 355, 357, 358, 363, 366, 374, 376, 377, 379, 383, 384, 385, 386, 389, 395]
x_189: [1, 6, 16, 17, 18, 20, 24, 26, 27, 28, 29, 33, 39, 44, 47, 48, 49, 52, 54, 59, 60, 68, 72, 74, 76, 79, 86, 91, 95, 96, 98, 99, 101, 105, 107, 108, 109, 112, 114, 117, 118, 121, 126, 127, 128, 130, 131, 133, 135, 136, 137, 141, 142, 145, 149, 150, 152, 159, 161, 162, 163, 166, 167, 174, 175, 176, 177, 179, 180, 186, 192, 197, 200, 203, 208, 211, 213, 219, 222, 225, 226, 228, 229, 231, 233, 235, 236, 241, 247, 248, 254, 262, 263, 268, 270, 272, 279, 284, 285, 293, 294, 298, 300, 301, 305, 314, 315, 319, 320, 322, 325, 326, 334, 336, 338, 345, 351, 352, 354, 355, 357, 361, 363, 364, 367, 375, 388, 390, 397]
x_190: [2, 3, 4, 5, 6, 8, 9, 11, 15, 18, 28, 30, 32, 33, 36, 46, 48, 61, 62, 65, 66, 68, 69, 78, 82, 85, 88, 90, 91, 95, 96, 99, 103, 105, 108, 111, 112, 117, 121, 123, 125, 126, 134, 136, 140, 141, 144, 146, 147, 157, 171, 179, 180, 181, 185, 188, 192, 193, 194, 196, 197, 207, 211, 216, 229, 233, 234, 251, 253, 254, 258, 262, 266, 268, 271, 273, 276, 277, 281, 283, 287, 293, 294, 295, 305, 308, 312, 313, 316, 317, 322, 323, 327, 329, 330, 335, 336, 337, 338, 339, 343, 349, 354, 356, 363, 368, 370, 371, 372, 373, 374, 381, 386, 388, 389, 392, 394, 400]
x_191: [2, 5, 7, 9, 14, 15, 18, 19, 20, 21, 23, 29, 32, 42, 43, 45, 50, 61, 62, 66, 70, 83, 84, 89, 91, 94, 96, 98, 99, 100, 103, 104, 112, 114, 124, 130, 131, 133, 135, 136, 139, 142, 144, 146, 147, 156, 159, 169, 171, 172, 177, 181, 186, 192, 195, 196, 200, 203, 207, 208, 211, 212, 213, 215, 220, 222, 223, 226, 228, 229, 231, 234, 237, 242, 244, 251, 255, 258, 264, 266, 271, 280, 284, 293, 294, 297, 299, 303, 305, 312, 315, 321, 324, 328, 329, 330, 334, 345, 347, 351, 352, 356, 359, 362, 364, 365, 366, 368, 369, 376, 378, 380, 384, 387, 388, 389, 394]
x_192: [1, 3, 5, 32, 34, 36, 37, 41, 47, 50, 57, 61, 62, 66, 68, 75, 76, 78, 81, 85, 87, 91, 94, 98, 99, 100, 101, 102, 104, 108, 111, 113, 124, 126, 134, 139, 142, 144, 146, 147, 148, 149, 150, 151, 152, 162, 163, 175, 179, 183, 185, 188, 189, 190, 191, 194, 195, 197, 198, 202, 204, 206, 207, 221, 223, 231, 233, 238, 242, 247, 251, 252, 254, 258, 259, 260, 261, 263, 264, 265, 268, 269, 275, 278, 280, 282, 283, 285, 289, 290, 292, 304, 308, 315, 318, 321, 322, 323, 327, 336, 338, 343, 346, 347, 348, 349, 352, 356, 357, 362, 363, 365, 367, 369, 371, 372, 374, 376, 377, 379, 386, 395, 398]
x_193: [1, 8, 9, 10, 12, 13, 14, 17, 25, 27, 30, 43, 46, 52, 53, 56, 58, 60, 64, 66, 69, 71, 81, 84, 85, 89, 93, 94, 96, 97, 101, 103, 104, 109, 112, 119, 120, 127, 128, 131, 134, 137, 141, 142, 153, 156, 161, 163, 168, 169, 174, 175, 178, 180, 181, 182, 183, 187, 190, 196, 204, 208, 214, 216, 218, 219, 221, 224, 225, 226, 227, 236, 241, 242, 250, 255, 258, 259, 262, 263, 267, 269, 271, 276, 277, 280, 283, 286, 289, 293, 299, 302, 309, 310, 317, 318, 319, 320, 321, 324, 326, 335, 339, 343, 344, 362, 363, 366, 368, 378, 382, 389, 395, 398, 400]
x_194: [3, 5, 7, 9, 13, 15, 16, 22, 24, 25, 28, 30, 31, 47, 56, 62, 65, 68, 70, 77, 91, 92, 100, 102, 104, 105, 108, 111, 113, 117, 121, 124, 127, 128, 130, 134, 142, 145, 148, 149, 156, 162, 167, 168, 178, 180, 190, 192, 195, 200, 207, 210, 216, 218, 222, 225, 226, 227, 231, 236, 242, 245, 249, 250, 253, 255, 263, 269, 273, 274, 275, 280, 281, 282, 289, 290, 291, 292, 294, 302, 304, 305, 308, 311, 315, 318, 319, 322, 323, 324, 325, 334, 343, 347, 348, 352, 354, 355, 358, 362, 363, 368, 378, 380, 383, 390, 392, 395, 397, 399]
x_195: [2, 4, 5, 6, 8, 10, 13, 14, 15, 21, 25, 30, 32, 35, 41, 43, 44, 46, 49, 52, 57, 60, 64, 65, 67, 70, 71, 73, 76, 80, 84, 90, 91, 92, 93, 101, 104, 106, 108, 109, 110, 116, 122, 128, 129, 132, 134, 140, 141, 142, 143, 144, 152, 153, 158, 159, 160, 167, 169, 170, 171, 172, 180, 182, 185, 191, 192, 194, 198, 201, 203, 205, 208, 212, 219, 222, 223, 224, 225, 226, 228, 229, 234, 236, 239, 240, 242, 245, 246, 247, 251, 258, 263, 274, 279, 280, 281, 285, 287, 292, 298, 301, 305, 306, 309, 310, 312, 314, 319, 320, 326, 327, 330, 334, 338, 339, 341, 346, 352, 359, 360, 366, 379, 381, 385, 386, 389, 390, 396, 399, 400]
x_196: [1, 6, 15, 18, 29, 31, 34, 38, 39, 42, 46, 47, 50, 53, 54, 61, 63, 66, 73, 74, 76, 77, 79, 84, 86, 87, 90, 98, 100, 105, 107, 109, 110, 113, 116, 118, 119, 120, 123, 124, 129, 130, 132, 135, 138, 139, 140, 141, 142, 157, 166, 167, 170, 171, 175, 179, 180, 187, 190, 191, 193, 200, 202, 204, 208, 211, 213, 216, 219, 221, 224, 227, 230, 233, 235, 236, 237, 246, 247, 248, 250, 252, 253, 255, 258, 260, 261, 262, 270, 272, 274, 279, 280, 281, 283, 286, 298, 301, 302, 305, 306, 317, 319, 322, 324, 325, 327, 332, 335, 342, 346, 350, 352, 354, 355, 358, 363, 366, 369, 371, 373, 387, 391, 396, 398]
x_197: [1, 4, 13, 15, 16, 18, 20, 21, 29, 30, 32, 33, 36, 39, 40, 43, 45, 46, 49, 52, 53, 58, 61, 65, 68, 70, 73, 76, 80, 83, 91, 94, 100, 101, 105, 106, 108, 114, 117, 122, 127, 128, 138, 147, 148, 154, 158, 161, 167, 169, 171, 173, 176, 180, 184, 185, 187, 189, 190, 192, 198, 201, 204, 208, 212, 214, 215, 217, 231, 233, 236, 240, 241, 244, 245, 250, 251, 252, 253, 258, 259, 260, 262, 270, 271, 276, 283, 295, 305, 309, 313, 318, 320, 331, 332, 333, 343, 345, 347, 353, 356, 357, 358, 367, 370, 371, 374, 379, 385, 388, 392, 395, 397]
x_198: [3, 10, 11, 18, 19, 21, 25, 28, 29, 32, 35, 38, 41, 42, 43, 44, 45, 48, 54, 56, 58, 64, 66, 67, 72, 73, 74, 79, 85, 87, 91, 101, 103, 105, 106, 107, 110, 112, 113, 115, 126, 135, 141, 143, 146, 147, 156, 169, 172, 177, 185, 186, 187, 192, 195, 197, 202, 207, 212, 213, 217, 221, 222, 224, 225, 229, 233, 235, 237, 244, 255, 257, 260, 262, 269, 272, 273, 275, 279, 280, 283, 284, 295, 297, 300, 302, 303, 307, 308, 309, 310, 321, 323, 329, 330, 337, 338, 344, 346, 352, 355, 357, 359, 360, 362, 364, 367, 368, 370, 372, 374, 377, 379, 380, 392, 397, 399]
x_199: [3, 4, 8, 17, 26, 28, 29, 32, 37, 44, 46, 52, 54, 55, 58, 63, 64, 72, 74, 82, 87, 88, 92, 95, 99, 100, 102, 103, 111, 112, 115, 121, 122, 123, 126, 129, 134, 139, 140, 143, 144, 148, 150, 151, 152, 153, 154, 155, 157, 159, 163, 167, 169, 174, 175, 176, 179, 184, 185, 203, 207, 208, 212, 218, 224, 232, 235, 238, 240, 249, 253, 254, 255, 262, 264, 265, 269, 273, 274, 275, 278, 280, 282, 285, 286, 287, 291, 296, 301, 304, 306, 309, 319, 320, 321, 322, 324, 325, 326, 327, 333, 342, 347, 348, 351, 358, 360, 365, 366, 368, 371, 376, 379, 381, 382, 390, 392, 395]
x_200: [3, 4, 6, 7, 9, 11, 16, 17, 18, 21, 23, 28, 29, 36, 37, 42, 44, 46, 47, 48, 49, 52, 56, 57, 62, 65, 67, 73, 74, 76, 77, 81, 89, 91, 94, 97, 102, 105, 106, 113, 116, 118, 121, 127, 128, 136, 138, 139, 141, 148, 153, 155, 156, 157, 160, 162, 166, 167, 169, 170, 171, 172, 173, 175, 176, 178, 179, 183, 186, 187, 188, 189, 191, 194, 196, 203, 209, 210, 212, 214, 216, 221, 222, 223, 228, 233, 255, 261, 262, 264, 267, 273, 275, 277, 278, 279, 285, 296, 297, 300, 307, 308, 316, 317, 319, 324, 329, 334, 338, 340, 345, 356, 360, 366, 367, 369, 370, 374, 375, 376, 382, 384, 387, 390, 395, 398]
x_201: [1, 2, 14, 15, 18, 20, 21, 23, 27, 34, 36, 38, 39, 43, 45, 48, 55, 57, 61, 68, 73, 80, 82, 84, 88, 89, 90, 91, 93, 96, 103, 109, 112, 120, 126, 128, 132, 134, 140, 149, 154, 158, 161, 163, 168, 172, 177, 178, 179, 180, 182, 184, 195, 197, 203, 205, 206, 213, 214, 215, 217, 224, 225, 226, 227, 235, 238, 241, 242, 243, 246, 250, 263, 266, 270, 271, 274, 284, 285, 286, 287, 291, 293, 294, 298, 299, 300, 301, 302, 308, 310, 314, 316, 319, 320, 324, 327, 328, 330, 331, 336, 338, 339, 341, 343, 344, 349, 352, 363, 364, 365, 367, 368, 372, 373, 375, 376, 381, 382, 384, 395, 396]
x_202: [1, 5, 9, 10, 14, 18, 19, 28, 30, 32, 36, 38, 40, 43, 52, 58, 64, 72, 77, 80, 83, 88, 93, 101, 105, 111, 113, 119, 124, 126, 129, 134, 136, 137, 138, 147, 151, 156, 157, 165, 168, 172, 173, 176, 179, 186, 187, 192, 196, 198, 204, 206, 207, 211, 213, 215, 221, 222, 225, 228, 229, 230, 245, 246, 250, 254, 257, 258, 260, 262, 266, 269, 279, 281, 286, 287, 296, 299, 304, 306, 308, 309, 312, 316, 317, 324, 327, 328, 329, 330, 331, 333, 335, 342, 343, 345, 348, 356, 359, 360, 363, 365, 366, 368, 370, 372, 374, 381, 383, 392, 395, 397]
x_203: [2, 3, 4, 6, 7, 18, 23, 32, 33, 36, 44, 45, 51, 54, 57, 65, 77, 79, 82, 91, 92, 94, 95, 98, 99, 101, 102, 103, 113, 119, 122, 124, 128, 130, 138, 142, 144, 148, 150, 151, 153, 155, 157, 162, 166, 168, 170, 173, 175, 176, 177, 178, 181, 182, 184, 186, 187, 189, 191, 195, 199, 200, 201, 207, 212, 215, 225, 227, 228, 229, 233, 234, 237, 238, 248, 250, 254, 255, 257, 258, 259, 260, 263, 266, 269, 270, 272, 273, 280, 282, 284, 285, 287, 288, 298, 300, 301, 308, 312, 314, 325, 328, 329, 330, 332, 336, 337, 345, 346, 347, 348, 354, 355, 357, 360, 363, 364, 367, 384, 386, 390, 393, 394]
x_204: [1, 4, 9, 11, 17, 18, 21, 22, 32, 34, 36, 38, 40, 44, 48, 49, 50, 53, 54, 56, 58, 59, 61, 62, 64, 65, 66, 72, 78, 85, 86, 89, 90, 93, 94, 96, 102, 103, 106, 109, 111, 112, 113, 114, 115, 125, 130, 131, 132, 133, 139, 140, 146, 148, 149, 151, 152, 156, 159, 160, 161, 164, 167, 168, 172, 173, 174, 180, 192, 193, 196, 197, 202, 206, 208, 212, 216, 225, 226, 228, 229, 231, 232, 240, 243, 249, 254, 255, 256, 257, 258, 264, 265, 271, 274, 275, 276, 277, 279, 280, 286, 288, 290, 292, 297, 298, 304, 311, 312, 314, 317, 321, 325, 326, 328, 330, 331, 340, 341, 348, 349, 352, 353, 355, 356, 357, 363, 369, 370, 372, 373, 375, 379, 382, 383, 386, 387, 388, 398]
x_205: [2, 4, 5, 7, 13, 14, 19, 20, 21, 26, 27, 30, 33, 40, 41, 43, 52, 54, 58, 61, 62, 67, 69, 72, 77, 80, 81, 82, 85, 87, 93, 94, 101, 103, 105, 106, 107, 108, 109, 110, 112, 113, 114, 116, 118, 119, 125, 127, 128, 129, 130, 133, 137, 142, 144, 145, 148, 155, 157, 158, 164, 165, 166, 168, 169, 176, 178, 180, 181, 185, 195, 201, 222, 225, 230, 235, 236, 244, 246, 249, 251, 257, 265, 274, 283, 284, 287, 288, 293, 294, 295, 299, 301, 303, 308, 312, 316, 319, 321, 322, 328, 329, 330, 335, 340, 347, 349, 350, 357, 360, 366, 367, 374, 375, 376, 378, 379, 386, 389, 392, 399]
x_206: [1, 4, 6, 7, 8, 9, 10, 12, 23, 25, 26, 28, 31, 33, 34, 42, 43, 51, 61, 66, 68, 71, 76, 77, 80, 87, 90, 91, 95, 97, 98, 99, 102, 103, 110, 116, 117, 118, 122, 126, 127, 128, 136, 138, 139, 140, 141, 142, 143, 152, 159, 166, 170, 172, 175, 185, 186, 192, 201, 202, 204, 211, 212, 220, 224, 225, 230, 231, 232, 235, 242, 245, 246, 251, 257, 262, 266, 269, 271, 274, 277, 280, 284, 287, 289, 290, 293, 303, 309, 310, 311, 315, 319, 326, 328, 329, 334, 336, 342, 347, 349, 350, 355, 356, 361, 363, 368, 371, 372, 381, 383, 385, 390, 392, 398, 399]
x_207: [3, 19, 22, 23, 24, 26, 30, 31, 32, 34, 37, 40, 42, 44, 52, 53, 56, 64, 65, 68, 70, 72, 73, 75, 77, 82, 84, 88, 90, 91, 98, 101, 108, 111, 118, 122, 125, 129, 132, 133, 136, 137, 139, 143, 144, 148, 150, 154, 157, 159, 161, 162, 164, 172, 173, 174, 179, 180, 181, 185, 186, 188, 190, 191, 192, 194, 198, 199, 202, 203, 212, 214, 219, 220, 224, 227, 230, 235, 237, 238, 241, 245, 249, 254, 255, 259, 262, 263, 264, 265, 268, 274, 281, 289, 297, 299, 303, 308, 309, 313, 314, 315, 317, 320, 321, 324, 327, 330, 331, 334, 336, 338, 339, 340, 345, 347, 352, 355, 356, 357, 363, 365, 367, 368, 370, 371, 373, 377, 378, 382, 383, 391, 392, 395, 397, 398]
x_208: [1, 3, 4, 8, 11, 15, 16, 31, 32, 33, 38, 46, 49, 52, 74, 80, 82, 86, 87, 89, 90, 95, 98, 100, 101, 108, 109, 116, 117, 118, 122, 123, 125, 126, 127, 129, 131, 137, 139, 146, 147, 148, 150, 153, 154, 157, 158, 160, 167, 169, 170, 171, 174, 176, 177, 184, 186, 189, 191, 193, 195, 196, 197, 199, 204, 210, 211, 214, 217, 223, 225, 229, 235, 236, 242, 245, 247, 248, 254, 257, 258, 259, 260, 271, 274, 275, 278, 285, 288, 294, 295, 299, 301, 303, 306, 317, 323, 327, 329, 331, 335, 336, 340, 342, 344, 349, 352, 353, 357, 362, 364, 368, 370, 371, 376, 377, 386, 387, 389, 390, 391, 393, 398]
x_209: [11, 15, 16, 29, 30, 47, 48, 53, 54, 59, 60, 64, 78, 79, 82, 87, 94, 97, 100, 102, 104, 106, 107, 111, 113, 116, 120, 123, 135, 136, 137, 143, 145, 146, 147, 149, 152, 153, 154, 155, 156, 169, 172, 182, 183, 186, 200, 210, 212, 220, 222, 224, 227, 230, 232, 238, 242, 248, 249, 250, 251, 255, 256, 258, 260, 268, 270, 273, 282, 285, 287, 292, 295, 304, 305, 306, 311, 312, 313, 315, 316, 317, 321, 323, 326, 329, 330, 331, 336, 342, 350, 354, 355, 363, 365, 366, 368, 372, 374, 377, 378, 386, 387, 391, 394, 395, 397]
x_210: [1, 2, 7, 8, 9, 13, 17, 22, 23, 26, 29, 30, 37, 38, 40, 41, 42, 47, 49, 52, 55, 58, 59, 62, 63, 68, 73, 79, 80, 88, 89, 97, 100, 102, 103, 106, 113, 116, 117, 120, 132, 133, 135, 146, 149, 157, 158, 161, 165, 168, 169, 174, 178, 179, 181, 186, 194, 200, 208, 209, 212, 213, 215, 217, 219, 229, 232, 243, 245, 251, 254, 261, 265, 279, 281, 282, 284, 285, 287, 291, 293, 298, 299, 300, 303, 304, 309, 311, 313, 317, 319, 322, 325, 326, 331, 333, 334, 339, 342, 347, 350, 352, 354, 358, 360, 366, 368, 371, 372, 376, 379, 384, 388, 389, 391, 398, 399]
x_211: [2, 7, 9, 12, 15, 17, 26, 30, 36, 40, 41, 48, 50, 52, 53, 58, 59, 60, 61, 63, 66, 68, 69, 74, 76, 80, 83, 88, 95, 98, 103, 108, 110, 112, 115, 116, 118, 120, 127, 130, 134, 137, 138, 140, 143, 148, 150, 151, 153, 156, 158, 160, 161, 163, 165, 167, 171, 175, 178, 179, 184, 189, 190, 191, 196, 202, 206, 208, 213, 220, 223, 224, 226, 233, 235, 237, 238, 240, 241, 242, 244, 246, 248, 259, 270, 272, 276, 278, 283, 285, 287, 290, 293, 295, 301, 305, 306, 315, 318, 320, 321, 326, 328, 333, 339, 347, 348, 351, 352, 354, 356, 357, 359, 360, 361, 362, 366, 369, 371, 372, 374, 379, 383, 384, 387, 395, 400]
x_212: [1, 3, 13, 14, 15, 19, 22, 25, 35, 37, 38, 39, 45, 47, 49, 52, 69, 71, 73, 75, 79, 81, 85, 87, 88, 90, 91, 96, 100, 107, 110, 113, 120, 121, 122, 125, 126, 132, 133, 137, 145, 147, 148, 149, 150, 152, 154, 155, 158, 162, 164, 166, 168, 170, 171, 173, 176, 181, 185, 187, 191, 195, 197, 198, 199, 200, 203, 204, 206, 207, 209, 210, 215, 216, 219, 222, 234, 236, 242, 246, 249, 252, 254, 259, 265, 267, 268, 269, 275, 277, 279, 284, 289, 291, 297, 300, 301, 306, 312, 313, 319, 322, 325, 326, 327, 332, 335, 341, 344, 350, 359, 366, 371, 375, 378, 379, 380, 381, 382, 386, 388, 389, 392, 393]
x_213: [5, 14, 18, 20, 21, 27, 29, 30, 35, 38, 39, 49, 51, 52, 53, 57, 60, 62, 63, 66, 68, 69, 71, 75, 76, 77, 81, 86, 89, 91, 95, 96, 101, 102, 104, 106, 111, 113, 114, 117, 125, 126, 129, 130, 132, 135, 136, 137, 143, 151, 155, 160, 162, 164, 167, 172, 177, 180, 186, 188, 189, 191, 196, 198, 201, 202, 210, 211, 217, 225, 229, 237, 241, 242, 243, 246, 248, 250, 252, 253, 255, 256, 257, 259, 261, 264, 265, 270, 271, 272, 275, 276, 280, 285, 289, 290, 297, 299, 303, 304, 306, 319, 333, 336, 338, 342, 345, 347, 352, 353, 357, 359, 361, 366, 368, 378, 379, 382, 388, 391, 392, 398]
x_214: [5, 18, 29, 32, 41, 45, 52, 54, 58, 59, 65, 66, 68, 70, 76, 77, 78, 83, 89, 90, 92, 93, 96, 107, 116, 118, 120, 122, 123, 124, 127, 136, 143, 147, 154, 157, 160, 161, 166, 169, 170, 174, 176, 177, 178, 181, 182, 193, 197, 200, 201, 207, 208, 218, 219, 222, 224, 226, 227, 230, 232, 233, 238, 239, 242, 246, 248, 252, 254, 255, 260, 263, 267, 269, 272, 279, 283, 288, 293, 295, 302, 304, 318, 326, 332, 333, 334, 338, 339, 341, 346, 349, 354, 363, 372, 375, 381, 383, 384, 390, 391, 392, 393, 398, 399]
x_215: [2, 6, 11, 18, 19, 27, 31, 36, 42, 43, 44, 47, 52, 55, 57, 59, 60, 61, 64, 69, 70, 79, 92, 94, 96, 97, 98, 103, 104, 108, 111, 114, 120, 124, 128, 130, 132, 141, 142, 145, 146, 148, 153, 156, 160, 165, 174, 175, 176, 178, 179, 186, 191, 197, 201, 202, 203, 210, 212, 217, 222, 228, 231, 232, 240, 241, 243, 246, 247, 248, 253, 257, 258, 266, 268, 273, 276, 279, 281, 289, 291, 292, 296, 298, 299, 305, 309, 316, 324, 332, 337, 350, 351, 352, 356, 360, 369, 371, 374, 376, 378, 381, 384, 386, 387, 388, 389]
x_216: [3, 4, 11, 13, 16, 19, 23, 25, 28, 30, 35, 38, 41, 42, 43, 54, 56, 59, 70, 75, 76, 82, 83, 91, 94, 95, 97, 98, 100, 101, 102, 105, 107, 110, 115, 116, 117, 118, 120, 123, 125, 129, 136, 140, 142, 145, 146, 160, 162, 171, 179, 190, 193, 194, 196, 200, 204, 212, 220, 226, 228, 230, 231, 234, 238, 239, 241, 245, 250, 253, 254, 257, 258, 263, 265, 266, 269, 283, 294, 297, 300, 304, 309, 310, 311, 312, 313, 315, 316, 317, 319, 320, 326, 331, 332, 335, 337, 338, 339, 340, 343, 346, 348, 351, 355, 364, 365, 366, 368, 370, 378, 381, 386, 388, 392, 398]
x_217: [3, 4, 6, 7, 14, 18, 20, 21, 24, 25, 29, 31, 34, 35, 38, 42, 44, 46, 47, 49, 50, 53, 55, 58, 61, 72, 73, 76, 82, 86, 94, 95, 96, 97, 102, 103, 107, 111, 112, 113, 114, 118, 125, 126, 127, 129, 131, 132, 134, 137, 138, 142, 144, 147, 148, 150, 151, 155, 156, 158, 159, 160, 162, 169, 170, 173, 174, 180, 181, 186, 197, 198, 201, 208, 210, 213, 215, 219, 220, 224, 228, 229, 230, 231, 237, 238, 244, 246, 248, 250, 251, 253, 258, 260, 263, 264, 265, 272, 275, 276, 277, 278, 283, 287, 289, 296, 307, 311, 313, 314, 317, 319, 320, 330, 331, 335, 341, 347, 350, 355, 357, 363, 364, 369, 370, 372, 379, 381, 382, 383, 394, 396]
x_218: [7, 8, 13, 21, 22, 23, 25, 26, 27, 28, 29, 30, 31, 33, 35, 36, 43, 44, 49, 50, 53, 55, 60, 65, 73, 75, 78, 79, 80, 87, 90, 91, 93, 99, 103, 108, 110, 112, 113, 119, 125, 126, 129, 131, 133, 134, 135, 144, 146, 150, 151, 153, 154, 155, 156, 164, 166, 167, 172, 176, 181, 184, 193, 194, 199, 214, 222, 223, 226, 235, 236, 238, 242, 244, 245, 246, 250, 251, 253, 254, 257, 265, 266, 269, 271, 278, 281, 286, 288, 289, 291, 293, 295, 299, 302, 304, 310, 314, 327, 330, 332, 333, 335, 336, 337, 338, 341, 344, 348, 350, 354, 357, 362, 363, 364, 365, 367, 370, 385, 387, 390, 391, 399]
x_219: [1, 9, 14, 15, 16, 23, 27, 31, 35, 36, 37, 42, 44, 48, 49, 56, 61, 69, 71, 74, 78, 81, 83, 85, 86, 97, 98, 100, 102, 108, 112, 114, 115, 121, 127, 130, 132, 133, 137, 138, 142, 143, 145, 146, 147, 149, 150, 151, 152, 157, 158, 160, 168, 170, 177, 182, 183, 186, 187, 188, 189, 193, 195, 196, 207, 210, 212, 214, 217, 222, 227, 228, 229, 234, 235, 242, 244, 247, 248, 252, 254, 256, 259, 261, 264, 265, 266, 267, 271, 272, 276, 282, 288, 289, 291, 294, 297, 303, 309, 310, 312, 313, 317, 320, 322, 327, 332, 337, 340, 345, 347, 348, 350, 351, 353, 358, 359, 364, 366, 367, 368, 371, 372, 373, 376, 380, 384, 385, 391, 397]
x_220: [3, 8, 10, 16, 18, 19, 20, 22, 24, 26, 29, 30, 32, 38, 41, 44, 50, 55, 56, 63, 70, 72, 79, 84, 88, 90, 92, 93, 94, 97, 98, 99, 106, 107, 112, 116, 117, 124, 126, 127, 129, 135, 137, 140, 148, 152, 154, 155, 156, 159, 160, 163, 165, 169, 172, 174, 175, 180, 182, 185, 186, 191, 206, 207, 209, 211, 216, 217, 225, 229, 230, 232, 238, 241, 242, 243, 250, 256, 260, 263, 265, 270, 273, 275, 276, 278, 279, 284, 285, 288, 290, 291, 292, 294, 298, 301, 302, 305, 312, 314, 322, 325, 326, 327, 328, 329, 333, 334, 335, 336, 342, 344, 346, 348, 354, 355, 356, 358, 361, 362, 363, 364, 365, 366, 368, 370, 379, 380, 389, 390, 391, 393]
x_221: [2, 8, 10, 15, 16, 20, 22, 23, 30, 33, 36, 41, 46, 51, 53, 56, 57, 60, 67, 70, 76, 79, 83, 84, 88, 89, 90, 91, 103, 110, 115, 116, 118, 123, 129, 130, 132, 138, 144, 145, 147, 152, 159, 161, 169, 172, 173, 175, 179, 182, 184, 192, 193, 196, 198, 200, 202, 222, 224, 228, 231, 240, 264, 266, 267, 274, 275, 277, 283, 285, 293, 301, 303, 304, 306, 309, 310, 312, 316, 319, 320, 325, 331, 333, 338, 345, 349, 351, 353, 356, 366, 368, 375, 381, 384, 387, 390, 391, 396, 399]
x_222: [4, 9, 11, 14, 15, 20, 21, 23, 26, 34, 42, 46, 49, 54, 55, 57, 60, 61, 63, 69, 75, 79, 82, 83, 84, 90, 91, 97, 105, 106, 107, 109, 113, 114, 116, 120, 124, 126, 127, 129, 130, 134, 142, 146, 147, 153, 155, 161, 162, 166, 167, 169, 172, 174, 175, 176, 177, 178, 180, 185, 189, 191, 194, 195, 198, 200, 202, 205, 209, 212, 214, 215, 218, 219, 221, 224, 225, 227, 228, 229, 232, 234, 235, 241, 245, 247, 250, 251, 252, 257, 260, 267, 268, 269, 273, 276, 277, 278, 280, 281, 283, 289, 296, 305, 307, 310, 313, 321, 323, 335, 339, 343, 350, 351, 354, 357, 358, 359, 363, 373, 375, 380, 384, 386, 392, 393, 398, 400]
x_223: [1, 2, 6, 9, 11, 12, 15, 18, 21, 25, 28, 29, 34, 37, 39, 44, 51, 60, 64, 70, 74, 79, 85, 90, 94, 98, 99, 102, 103, 108, 110, 114, 115, 118, 127, 134, 147, 148, 149, 152, 153, 156, 169, 170, 176, 178, 181, 187, 191, 192, 195, 200, 208, 211, 218, 228, 238, 243, 244, 249, 252, 253, 262, 271, 273, 283, 287, 292, 297, 298, 299, 300, 313, 315, 319, 320, 323, 327, 332, 335, 337, 341, 343, 349, 356, 360, 364, 369, 377, 378, 380, 396]
x_224: [1, 3, 8, 9, 10, 12, 13, 18, 23, 28, 33, 36, 37, 43, 46, 50, 51, 54, 56, 57, 58, 60, 68, 79, 81, 82, 84, 86, 88, 89, 92, 96, 98, 99, 100, 105, 108, 115, 120, 122, 125, 131, 132, 133, 135, 138, 140, 142, 143, 158, 160, 161, 169, 170, 172, 175, 176, 177, 182, 185, 188, 193, 195, 196, 198, 199, 201, 206, 207, 209, 211, 214, 217, 221, 222, 225, 234, 237, 239, 240, 241, 245, 252, 253, 256, 257, 259, 261, 264, 265, 269, 281, 284, 287, 290, 292, 293, 294, 295, 296, 298, 301, 302, 303, 305, 306, 314, 320, 321, 322, 324, 328, 330, 335, 337, 339, 341, 343, 346, 348, 350, 352, 359, 361, 367, 370, 378, 381, 383, 394, 395, 396, 398, 399]
x_225: [7, 8, 11, 14, 23, 28, 29, 32, 36, 38, 40, 42, 43, 45, 47, 52, 68, 73, 74, 77, 78, 79, 84, 85, 86, 87, 89, 93, 94, 95, 97, 98, 105, 106, 109, 112, 122, 126, 127, 131, 134, 137, 139, 141, 145, 150, 151, 152, 154, 156, 157, 161, 162, 163, 165, 168, 171, 178, 184, 189, 193, 194, 195, 198, 201, 202, 203, 204, 205, 206, 208, 213, 220, 222, 224, 228, 229, 232, 236, 237, 239, 243, 247, 250, 252, 255, 256, 259, 260, 263, 266, 267, 268, 273, 276, 290, 292, 293, 298, 300, 308, 309, 310, 312, 313, 314, 320, 326, 329, 335, 336, 339, 340, 343, 344, 352, 353, 354, 356, 357, 358, 363, 364, 365, 367, 368, 369, 370, 371, 372, 373, 374, 377, 378, 382, 385, 386, 391, 392, 393, 394, 395, 396, 398, 399]
x_226: [2, 8, 12, 13, 16, 17, 24, 25, 33, 34, 36, 38, 42, 47, 48, 50, 51, 53, 55, 56, 57, 58, 59, 61, 64, 66, 67, 70, 74, 81, 82, 86, 87, 93, 94, 101, 105, 108, 111, 118, 119, 120, 124, 128, 129, 131, 135, 136, 137, 140, 143, 145, 147, 150, 157, 168, 170, 171, 173, 176, 179, 182, 189, 191, 193, 194, 195, 201, 204, 211, 214, 216, 218, 229, 237, 238, 241, 242, 247, 250, 251, 255, 259, 261, 263, 269, 271, 272, 274, 278, 279, 280, 282, 283, 286, 291, 293, 297, 299, 302, 304, 308, 312, 320, 321, 324, 326, 329, 346, 350, 356, 360, 361, 364, 365, 366, 368, 369, 377, 378, 382, 389, 394, 397, 400]
x_227: [1, 7, 8, 10, 15, 16, 17, 30, 35, 36, 37, 40, 41, 45, 47, 48, 51, 54, 64, 68, 72, 75, 76, 79, 80, 82, 83, 87, 95, 102, 110, 112, 113, 114, 116, 117, 120, 121, 123, 124, 126, 129, 132, 134, 135, 138, 141, 142, 143, 145, 149, 151, 154, 162, 168, 169, 180, 186, 193, 194, 196, 201, 203, 207, 209, 214, 219, 222, 228, 229, 231, 237, 240, 242, 247, 253, 255, 260, 262, 268, 279, 285, 288, 289, 291, 295, 300, 301, 303, 305, 308, 312, 313, 314, 316, 317, 318, 320, 327, 328, 340, 341, 343, 344, 351, 360, 364, 366, 368, 371, 372, 377, 380, 384, 387, 394, 396]
x_228: [1, 2, 3, 7, 9, 13, 21, 23, 24, 25, 26, 30, 34, 35, 37, 38, 40, 42, 43, 45, 49, 55, 56, 57, 62, 63, 64, 67, 70, 73, 78, 81, 90, 92, 95, 98, 101, 103, 105, 106, 107, 114, 117, 118, 125, 130, 134, 138, 139, 141, 142, 144, 147, 148, 157, 159, 160, 161, 170, 171, 176, 179, 184, 187, 189, 191, 195, 200, 202, 203, 204, 215, 216, 217, 219, 221, 222, 223, 225, 227, 233, 238, 242, 245, 252, 257, 258, 260, 274, 277, 278, 280, 283, 284, 287, 293, 294, 305, 306, 307, 315, 318, 320, 322, 326, 329, 335, 337, 342, 348, 352, 353, 354, 355, 363, 365, 366, 367, 368, 370, 373, 374, 375, 379, 380, 388, 397, 399]
x_229: [8, 9, 15, 19, 28, 30, 31, 39, 42, 48, 56, 61, 63, 65, 67, 68, 69, 72, 74, 76, 78, 80, 83, 87, 90, 94, 96, 99, 100, 101, 103, 105, 112, 114, 116, 117, 121, 122, 124, 125, 130, 131, 132, 134, 135, 137, 138, 142, 147, 152, 153, 155, 157, 161, 164, 165, 174, 176, 178, 179, 180, 189, 190, 191, 195, 198, 202, 203, 204, 208, 210, 213, 217, 219, 220, 222, 225, 226, 227, 232, 234, 241, 245, 248, 249, 255, 261, 263, 268, 269, 270, 274, 275, 280, 284, 288, 290, 291, 294, 301, 305, 308, 310, 311, 314, 315, 316, 323, 328, 330, 331, 333, 336, 337, 339, 341, 349, 350, 352, 354, 356, 359, 360, 361, 362, 364, 366, 373, 383, 384, 385, 387, 389, 392, 396]
x_230: [2, 6, 7, 9, 12, 18, 19, 20, 24, 25, 27, 29, 31, 35, 37, 38, 52, 53, 57, 58, 60, 62, 67, 72, 73, 81, 82, 83, 84, 90, 95, 96, 98, 105, 108, 112, 115, 116, 117, 122, 123, 124, 125, 129, 133, 134, 135, 143, 144, 151, 154, 155, 158, 164, 165, 170, 171, 172, 173, 179, 183, 185, 196, 202, 205, 206, 207, 209, 214, 216, 217, 220, 235, 236, 238, 251, 256, 257, 258, 266, 269, 272, 273, 274, 275, 277, 279, 281, 284, 285, 286, 288, 291, 294, 295, 297, 307, 309, 319, 320, 321, 322, 325, 327, 330, 332, 336, 337, 338, 340, 345, 349, 351, 360, 362, 364, 366, 367, 369, 370, 375, 376, 379, 380, 382, 386, 393, 394, 397, 399]
x_231: [2, 4, 7, 9, 12, 15, 19, 21, 23, 25, 27, 31, 32, 39, 41, 42, 46, 53, 54, 57, 59, 60, 65, 67, 71, 72, 74, 75, 78, 81, 82, 84, 85, 88, 89, 93, 96, 99, 100, 106, 111, 112, 113, 122, 126, 128, 133, 138, 139, 141, 146, 148, 149, 152, 157, 160, 161, 164, 166, 169, 174, 177, 180, 183, 185, 187, 189, 191, 192, 194, 197, 204, 206, 215, 216, 217, 221, 227, 232, 234, 237, 238, 241, 245, 247, 251, 262, 267, 274, 275, 276, 278, 288, 295, 296, 297, 298, 302, 308, 310, 313, 314, 315, 323, 325, 326, 331, 335, 336, 337, 340, 342, 344, 345, 346, 349, 351, 354, 355, 356, 364, 376, 378, 380, 382, 385, 392, 396, 400]
x_232: [4, 5, 15, 17, 22, 26, 31, 32, 34, 37, 42, 43, 44, 53, 54, 58, 59, 61, 68, 74, 79, 85, 86, 92, 96, 97, 102, 103, 105, 108, 111, 112, 113, 118, 119, 120, 123, 129, 132, 134, 136, 139, 140, 148, 150, 154, 160, 161, 168, 169, 181, 182, 186, 199, 204, 206, 209, 210, 214, 215, 220, 222, 225, 229, 231, 241, 248, 249, 252, 254, 255, 259, 262, 264, 266, 269, 271, 272, 275, 276, 277, 279, 284, 290, 291, 293, 295, 300, 303, 312, 315, 317, 318, 321, 323, 324, 326, 327, 329, 332, 333, 338, 341, 344, 346, 349, 352, 354, 359, 361, 364, 371, 373, 374, 381, 385, 386, 387, 390, 398, 399]
x_233: [11, 14, 15, 20, 23, 25, 26, 33, 36, 38, 42, 44, 45, 46, 48, 49, 52, 55, 56, 57, 58, 60, 61, 62, 68, 70, 78, 80, 82, 83, 86, 88, 91, 97, 100, 101, 106, 110, 111, 115, 118, 124, 129, 138, 142, 143, 148, 151, 152, 157, 163, 165, 168, 169, 175, 176, 179, 180, 181, 182, 184, 186, 188, 189, 190, 192, 196, 197, 198, 200, 203, 211, 214, 228, 236, 249, 250, 256, 258, 261, 265, 266, 276, 288, 293, 296, 300, 301, 315, 324, 327, 328, 331, 336, 341, 344, 345, 349, 350, 352, 354, 355, 357, 362, 369, 371, 373, 377, 378, 380, 383, 384, 388, 392]
x_234: [2, 5, 12, 17, 22, 32, 34, 35, 42, 51, 55, 57, 60, 62, 63, 70, 72, 73, 77, 80, 81, 83, 91, 93, 99, 101, 104, 106, 109, 111, 113, 114, 117, 118, 122, 123, 125, 127, 131, 136, 138, 157, 159, 166, 167, 171, 172, 175, 182, 190, 191, 195, 203, 212, 216, 219, 222, 224, 229, 231, 236, 237, 243, 245, 259, 260, 263, 264, 269, 270, 272, 273, 276, 282, 283, 287, 290, 291, 292, 295, 296, 302, 303, 308, 310, 315, 318, 320, 321, 322, 323, 328, 331, 334, 337, 343, 345, 346, 349, 356, 358, 363, 368, 376, 380, 388, 389, 393, 395]
x_235: [2, 5, 13, 16, 17, 18, 23, 26, 32, 35, 37, 46, 50, 51, 54, 56, 59, 61, 64, 67, 70, 71, 75, 81, 85, 95, 99, 112, 113, 119, 121, 135, 138, 140, 142, 145, 147, 153, 161, 165, 167, 169, 172, 176, 178, 179, 187, 188, 189, 196, 198, 199, 201, 205, 206, 207, 208, 211, 218, 219, 222, 230, 238, 239, 240, 242, 243, 244, 245, 246, 247, 256, 258, 259, 261, 263, 264, 266, 272, 275, 276, 278, 279, 285, 286, 288, 299, 300, 301, 303, 304, 307, 310, 315, 316, 317, 318, 326, 341, 342, 345, 346, 348, 349, 350, 352, 353, 354, 358, 359, 364, 365, 366, 367, 368, 369, 372, 381, 384, 388, 391, 400]
x_236: [3, 5, 9, 11, 20, 26, 28, 33, 39, 43, 44, 62, 66, 68, 69, 73, 76, 79, 83, 100, 102, 104, 106, 112, 118, 120, 121, 122, 125, 126, 136, 137, 141, 142, 147, 150, 153, 159, 160, 161, 165, 167, 176, 177, 179, 180, 183, 185, 188, 189, 193, 194, 195, 196, 197, 205, 208, 212, 218, 225, 230, 233, 234, 237, 238, 239, 249, 251, 255, 259, 261, 263, 264, 267, 270, 271, 273, 281, 284, 286, 297, 300, 304, 305, 308, 311, 312, 314, 315, 317, 323, 330, 336, 337, 339, 340, 342, 343, 344, 345, 346, 349, 354, 357, 358, 363, 365, 381, 382, 389, 390, 391, 394, 395, 399, 400]
x_237: [3, 11, 12, 13, 15, 17, 20, 24, 25, 29, 34, 37, 39, 40, 42, 45, 49, 50, 53, 54, 55, 56, 59, 65, 69, 83, 85, 91, 92, 94, 102, 108, 114, 118, 120, 122, 123, 124, 127, 129, 130, 134, 136, 137, 142, 151, 154, 155, 158, 159, 163, 166, 173, 184, 187, 188, 191, 196, 198, 203, 207, 211, 213, 217, 224, 225, 226, 227, 231, 234, 236, 241, 242, 244, 245, 253, 254, 257, 258, 263, 267, 269, 272, 277, 282, 283, 285, 286, 295, 298, 299, 306, 310, 313, 320, 322, 327, 328, 333, 335, 342, 344, 352, 355, 364, 365, 377, 378, 382, 387, 389]
x_238: [4, 6, 7, 8, 10, 11, 12, 15, 17, 19, 23, 27, 28, 37, 38, 39, 43, 49, 59, 62, 63, 67, 72, 74, 75, 76, 77, 80, 86, 87, 92, 94, 100, 103, 104, 107, 110, 116, 123, 125, 130, 131, 133, 136, 140, 153, 159, 162, 171, 172, 175, 177, 181, 185, 187, 188, 192, 199, 201, 203, 207, 209, 211, 214, 216, 217, 218, 220, 223, 226, 228, 230, 231, 235, 236, 239, 241, 242, 243, 246, 248, 252, 254, 256, 258, 260, 261, 271, 274, 275, 280, 294, 297, 298, 299, 302, 308, 310, 311, 317, 324, 326, 327, 328, 330, 332, 334, 336, 338, 339, 340, 343, 344, 345, 348, 353, 356, 358, 359, 361, 363, 369, 375, 377, 384, 385, 386, 394, 398, 400]
x_239: [5, 6, 7, 10, 11, 13, 16, 17, 22, 23, 28, 30, 33, 36, 43, 50, 51, 53, 56, 58, 59, 60, 62, 66, 72, 74, 78, 79, 85, 86, 91, 99, 102, 103, 107, 112, 119, 122, 124, 125, 127, 128, 130, 133, 136, 140, 146, 147, 150, 151, 152, 158, 159, 161, 163, 174, 175, 176, 177, 180, 181, 182, 183, 195, 214, 216, 224, 225, 235, 236, 238, 240, 249, 255, 256, 258, 260, 262, 263, 269, 270, 272, 273, 276, 284, 285, 303, 305, 306, 314, 316, 318, 323, 327, 330, 332, 335, 338, 351, 359, 363, 364, 365, 370, 371, 372, 373, 376, 377, 382, 388, 390, 391, 392, 394, 398, 399, 400]
x_240: [2, 11, 18, 22, 23, 26, 28, 39, 43, 48, 53, 54, 61, 62, 65, 76, 77, 81, 82, 87, 88, 95, 102, 103, 106, 117, 120, 123, 125, 130, 138, 139, 141, 143, 144, 150, 154, 158, 159, 163, 166, 170, 173, 174, 175, 176, 180, 183, 186, 187, 195, 197, 199, 204, 211, 215, 221, 224, 227, 235, 239, 242, 243, 245, 246, 251, 256, 257, 258, 259, 261, 262, 268, 271, 272, 273, 276, 281, 283, 291, 293, 294, 305, 309, 312, 317, 319, 327, 328, 329, 335, 342, 343, 348, 352, 353, 361, 367, 371, 372, 375, 381, 384, 391, 392, 394, 396, 397]
x_241: [1, 2, 4, 14, 15, 18, 20, 31, 33, 35, 36, 38, 42, 45, 47, 53, 57, 59, 61, 62, 68, 70, 80, 81, 83, 93, 95, 96, 100, 103, 107, 109, 111, 112, 115, 117, 124, 131, 137, 143, 150, 151, 156, 170, 172, 174, 176, 178, 180, 181, 182, 189, 193, 197, 201, 207, 211, 213, 215, 216, 220, 222, 224, 226, 229, 231, 232, 237, 238, 244, 246, 247, 252, 254, 255, 256, 259, 265, 267, 268, 274, 275, 276, 277, 281, 284, 286, 287, 290, 292, 303, 304, 307, 312, 315, 318, 326, 327, 330, 331, 344, 348, 353, 354, 358, 364, 371, 372, 375, 376, 381, 382, 384, 390, 391, 392, 395, 399, 400]
x_242: [2, 3, 7, 17, 21, 24, 25, 26, 28, 29, 31, 33, 34, 35, 41, 46, 51, 54, 55, 60, 66, 67, 72, 74, 77, 83, 84, 85, 94, 97, 100, 101, 102, 106, 107, 108, 111, 113, 114, 116, 119, 120, 122, 123, 124, 126, 127, 130, 131, 133, 139, 140, 144, 151, 154, 155, 157, 158, 163, 164, 166, 168, 169, 173, 177, 182, 183, 186, 191, 192, 193, 194, 195, 201, 206, 208, 209, 211, 212, 213, 214, 218, 219, 220, 226, 227, 228, 235, 237, 238, 240, 244, 245, 246, 247, 248, 255, 257, 259, 263, 268, 269, 270, 272, 273, 274, 276, 277, 282, 285, 287, 288, 290, 291, 293, 295, 296, 297, 299, 306, 307, 308, 317, 319, 323, 331, 332, 335, 337, 338, 340, 345, 348, 352, 353, 368, 369, 370, 371, 379, 380, 388, 389, 390, 395]
x_243: [3, 5, 8, 13, 20, 22, 23, 32, 33, 39, 41, 42, 52, 54, 57, 59, 74, 78, 80, 81, 86, 87, 89, 94, 96, 99, 103, 104, 108, 113, 115, 118, 123, 125, 129, 135, 145, 150, 151, 152, 157, 158, 161, 166, 169, 170, 173, 177, 178, 179, 180, 187, 188, 201, 204, 210, 213, 215, 220, 223, 225, 234, 235, 238, 240, 257, 261, 262, 264, 267, 274, 275, 277, 279, 284, 294, 296, 300, 302, 304, 311, 315, 320, 322, 325, 331, 338, 339, 342, 344, 347, 356, 361, 362, 364, 368, 379, 380, 384, 385, 390, 396, 398, 399]
x_244: [1, 7, 8, 10, 11, 14, 16, 17, 18, 19, 22, 23, 25, 35, 43, 48, 53, 54, 56, 62, 65, 66, 68, 74, 75, 85, 86, 87, 96, 100, 102, 105, 107, 108, 113, 114, 117, 118, 122, 125, 128, 129, 143, 145, 147, 151, 154, 155, 157, 158, 161, 171, 176, 191, 197, 198, 205, 211, 217, 218, 219, 223, 235, 237, 241, 242, 246, 248, 259, 269, 270, 272, 274, 276, 277, 281, 282, 287, 289, 290, 297, 301, 310, 313, 315, 316, 325, 329, 330, 332, 334, 337, 339, 347, 351, 354, 359, 362, 365, 371, 373, 377, 378, 381, 388, 396, 398]
x_245: [2, 5, 12, 13, 16, 19, 20, 28, 29, 37, 38, 41, 43, 63, 66, 73, 77, 79, 80, 103, 107, 109, 112, 114, 115, 116, 117, 122, 129, 136, 138, 142, 145, 148, 150, 154, 162, 166, 169, 171, 187, 194, 195, 197, 202, 206, 207, 208, 210, 216, 218, 222, 224, 228, 229, 231, 234, 235, 237, 240, 242, 249, 255, 265, 269, 271, 273, 274, 275, 277, 278, 280, 284, 286, 289, 291, 293, 297, 299, 300, 301, 304, 307, 310, 316, 317, 323, 325, 328, 330, 334, 336, 338, 341, 343, 346, 350, 352, 354, 356, 357, 359, 363, 366, 367, 378, 380, 382, 383, 384, 387, 389, 391, 393]
x_246: [1, 6, 10, 11, 14, 17, 21, 25, 26, 28, 31, 34, 36, 37, 43, 47, 50, 51, 52, 60, 61, 62, 65, 66, 72, 76, 78, 82, 83, 84, 90, 91, 94, 95, 96, 100, 103, 109, 116, 119, 121, 125, 134, 135, 138, 144, 148, 153, 154, 156, 157, 159, 165, 166, 175, 178, 181, 195, 196, 201, 202, 205, 206, 211, 212, 213, 214, 215, 217, 218, 235, 238, 240, 241, 242, 244, 255, 256, 257, 260, 264, 265, 266, 279, 286, 290, 291, 294, 296, 297, 300, 302, 304, 306, 309, 312, 316, 319, 322, 324, 325, 327, 329, 336, 338, 339, 343, 349, 359, 361, 365, 367, 370, 373, 381, 388, 389, 390, 394, 396, 400]
x_247: [4, 9, 14, 34, 37, 39, 49, 54, 55, 56, 64, 69, 70, 72, 74, 75, 76, 80, 81, 91, 105, 110, 116, 120, 121, 124, 125, 126, 134, 144, 145, 149, 150, 156, 157, 158, 159, 160, 161, 164, 169, 170, 171, 173, 180, 184, 187, 188, 189, 192, 195, 196, 208, 215, 219, 222, 225, 226, 227, 231, 235, 241, 242, 251, 252, 253, 254, 258, 259, 262, 269, 273, 275, 278, 280, 286, 291, 298, 301, 302, 303, 304, 306, 307, 318, 319, 320, 324, 325, 326, 329, 332, 333, 336, 340, 345, 352, 354, 355, 366, 367, 368, 372, 374, 380, 382, 383, 392, 394, 395, 396, 397]
x_248: [1, 9, 11, 15, 18, 20, 22, 23, 24, 27, 34, 35, 37, 39, 42, 48, 56, 60, 63, 66, 67, 69, 75, 84, 88, 91, 92, 93, 102, 103, 110, 111, 117, 121, 123, 124, 128, 139, 143, 146, 147, 150, 157, 160, 161, 162, 165, 168, 169, 172, 176, 177, 179, 180, 182, 183, 184, 188, 189, 196, 203, 208, 209, 211, 213, 214, 215, 217, 219, 229, 232, 238, 242, 244, 249, 255, 260, 264, 265, 266, 267, 269, 275, 277, 281, 283, 286, 290, 291, 300, 301, 302, 305, 307, 313, 314, 315, 317, 333, 335, 337, 338, 339, 342, 345, 346, 348, 351, 353, 355, 359, 378, 383, 385, 394, 400]
x_249: [4, 5, 18, 20, 22, 23, 25, 26, 34, 36, 40, 43, 52, 54, 60, 63, 68, 71, 79, 81, 85, 86, 89, 90, 91, 92, 94, 96, 100, 101, 102, 103, 105, 106, 111, 112, 115, 117, 118, 119, 122, 128, 131, 132, 133, 135, 138, 139, 140, 141, 142, 143, 144, 153, 156, 161, 166, 168, 170, 171, 177, 179, 182, 194, 199, 204, 205, 207, 209, 212, 223, 229, 232, 233, 236, 239, 245, 248, 250, 251, 256, 257, 263, 268, 270, 273, 278, 279, 285, 287, 291, 294, 296, 302, 306, 308, 309, 313, 320, 326, 330, 331, 333, 334, 335, 336, 337, 339, 343, 347, 354, 362, 364, 365, 367, 369, 373, 379, 384, 385, 389, 392, 395, 396, 397]
x_250: [2, 5, 11, 12, 14, 28, 31, 41, 42, 46, 49, 50, 53, 54, 64, 67, 68, 69, 73, 74, 79, 81, 82, 86, 94, 97, 99, 103, 104, 106, 108, 117, 118, 119, 121, 124, 125, 128, 133, 145, 147, 150, 153, 157, 158, 163, 164, 169, 170, 179, 182, 185, 193, 194, 196, 197, 201, 202, 203, 209, 213, 216, 217, 218, 220, 222, 225, 226, 233, 249, 252, 254, 255, 256, 266, 268, 270, 273, 280, 283, 289, 293, 295, 298, 299, 300, 302, 307, 308, 311, 318, 320, 322, 324, 326, 327, 328, 334, 336, 340, 341, 344, 345, 346, 348, 349, 350, 351, 352, 353, 354, 359, 385, 386, 394, 396, 397, 398]
x_251: [1, 3, 4, 10, 22, 24, 25, 36, 39, 40, 41, 44, 47, 48, 49, 51, 52, 55, 58, 59, 68, 69, 70, 76, 78, 79, 80, 82, 84, 86, 87, 93, 94, 95, 96, 100, 113, 115, 117, 124, 126, 132, 136, 138, 145, 154, 160, 161, 163, 167, 168, 171, 172, 175, 177, 185, 186, 187, 190, 191, 192, 195, 197, 205, 206, 209, 210, 217, 218, 222, 226, 230, 231, 236, 240, 247, 249, 252, 258, 259, 274, 275, 280, 283, 287, 290, 293, 296, 309, 312, 313, 317, 320, 324, 326, 327, 330, 334, 335, 336, 338, 340, 343, 344, 349, 350, 359, 363, 376, 378, 381, 382, 383, 394, 395, 396, 400]
x_252: [3, 4, 5, 8, 15, 20, 21, 22, 23, 37, 40, 42, 43, 47, 50, 52, 57, 73, 77, 81, 88, 89, 92, 93, 95, 103, 108, 110, 114, 118, 121, 124, 126, 127, 131, 132, 134, 138, 145, 146, 153, 154, 156, 158, 161, 162, 166, 167, 176, 183, 187, 192, 196, 197, 212, 213, 214, 219, 222, 223, 224, 225, 228, 232, 238, 241, 247, 250, 251, 256, 258, 261, 263, 265, 266, 269, 285, 287, 292, 298, 299, 309, 313, 316, 320, 321, 322, 323, 327, 328, 335, 337, 338, 340, 345, 355, 356, 357, 359, 362, 363, 364, 366, 367, 380, 381, 387, 389, 392, 395, 398, 399, 400]
x_253: [2, 3, 6, 8, 11, 15, 22, 24, 27, 28, 29, 32, 36, 37, 38, 40, 42, 44, 45, 46, 49, 52, 54, 56, 59, 61, 62, 65, 69, 77, 82, 83, 85, 91, 95, 97, 102, 103, 113, 122, 123, 124, 126, 128, 129, 130, 137, 140, 142, 145, 148, 149, 153, 154, 158, 159, 160, 165, 167, 169, 174, 181, 184, 185, 188, 190, 194, 196, 197, 199, 213, 215, 216, 217, 218, 223, 224, 227, 237, 247, 255, 256, 262, 265, 267, 268, 270, 271, 272, 277, 278, 281, 284, 287, 288, 293, 300, 305, 306, 307, 308, 314, 320, 323, 327, 329, 332, 333, 334, 342, 343, 344, 345, 350, 351, 352, 354, 355, 358, 359, 363, 365, 367, 371, 374, 375, 381, 385, 387, 393]
x_254: [1, 5, 6, 13, 14, 20, 21, 22, 23, 24, 30, 32, 34, 35, 38, 40, 46, 49, 50, 60, 63, 65, 68, 74, 79, 81, 83, 86, 88, 90, 91, 92, 94, 96, 101, 105, 112, 116, 117, 118, 120, 125, 130, 133, 135, 138, 141, 147, 154, 162, 165, 178, 187, 189, 190, 192, 199, 202, 203, 204, 207, 208, 210, 212, 214, 216, 218, 219, 232, 237, 238, 241, 247, 250, 258, 259, 262, 268, 273, 278, 280, 282, 286, 287, 294, 308, 311, 312, 317, 321, 327, 329, 330, 332, 334, 340, 344, 346, 351, 352, 354, 356, 357, 362, 365, 369, 370, 371, 388, 389, 392, 394, 395, 396]
x_255: [4, 6, 7, 16, 20, 21, 23, 24, 30, 32, 35, 38, 42, 44, 45, 46, 52, 53, 56, 57, 59, 61, 63, 74, 80, 85, 87, 88, 96, 97, 100, 101, 105, 106, 108, 109, 110, 117, 125, 128, 131, 132, 136, 139, 143, 150, 151, 155, 156, 158, 163, 172, 176, 178, 179, 183, 191, 193, 194, 196, 198, 199, 200, 203, 204, 207, 209, 213, 214, 225, 226, 227, 229, 232, 236, 239, 241, 242, 245, 246, 248, 250, 253, 264, 270, 271, 272, 273, 274, 275, 284, 286, 287, 291, 292, 295, 296, 300, 301, 304, 305, 309, 310, 314, 320, 323, 329, 330, 332, 338, 340, 341, 350, 352, 353, 358, 364, 366, 367, 369, 370, 374, 380, 389, 393, 394, 397, 398]
x_256: [1, 8, 9, 12, 20, 22, 23, 26, 28, 31, 32, 40, 44, 49, 50, 51, 55, 56, 68, 69, 71, 77, 85, 86, 89, 97, 99, 102, 109, 110, 112, 119, 126, 129, 135, 143, 145, 147, 150, 153, 154, 174, 178, 184, 188, 204, 209, 213, 219, 220, 224, 225, 230, 233, 235, 238, 239, 240, 241, 246, 249, 250, 252, 253, 257, 258, 262, 264, 266, 267, 274, 275, 280, 284, 291, 298, 303, 309, 310, 317, 325, 332, 333, 337, 339, 340, 347, 353, 356, 359, 361, 363, 364, 366, 370, 373, 379, 380, 381, 386, 396, 397]
x_257: [3, 5, 8, 15, 18, 31, 33, 38, 39, 41, 50, 53, 62, 64, 65, 69, 71, 74, 78, 81, 86, 87, 98, 100, 101, 106, 107, 109, 111, 112, 113, 115, 120, 122, 123, 133, 134, 135, 142, 146, 147, 148, 150, 155, 156, 174, 177, 181, 183, 184, 186, 198, 202, 203, 204, 205, 206, 208, 213, 215, 216, 218, 222, 224, 228, 230, 237, 240, 242, 243, 246, 249, 256, 262, 272, 274, 280, 281, 282, 284, 285, 289, 290, 291, 292, 293, 294, 307, 311, 316, 330, 335, 336, 337, 338, 339, 342, 343, 344, 345, 349, 350, 354, 363, 364, 365, 366, 367, 369, 371, 374, 375, 379, 380, 389, 390, 394, 396, 397, 398]
x_258: [1, 7, 10, 11, 12, 13, 15, 16, 18, 23, 29, 34, 35, 40, 42, 45, 48, 52, 54, 55, 56, 59, 62, 65, 67, 70, 71, 73, 75, 80, 86, 88, 89, 97, 98, 110, 112, 118, 124, 131, 132, 142, 143, 144, 147, 153, 157, 161, 164, 170, 171, 175, 179, 190, 191, 192, 193, 195, 196, 197, 202, 203, 204, 208, 209, 215, 216, 217, 228, 230, 233, 235, 237, 238, 239, 240, 247, 251, 252, 254, 256, 271, 286, 290, 291, 298, 299, 302, 307, 313, 315, 319, 320, 326, 328, 332, 334, 338, 339, 345, 353, 355, 357, 362, 365, 367, 368, 370, 374, 376, 387, 391, 395, 398]
x_259: [2, 3, 8, 9, 10, 15, 16, 17, 19, 23, 25, 26, 27, 33, 47, 48, 49, 50, 62, 66, 69, 75, 79, 86, 87, 89, 93, 96, 104, 105, 110, 111, 112, 115, 121, 132, 133, 136, 143, 147, 150, 157, 161, 167, 175, 177, 181, 192, 193, 197, 203, 207, 208, 211, 212, 213, 219, 224, 225, 226, 232, 234, 235, 236, 240, 241, 242, 244, 247, 251, 254, 260, 261, 262, 263, 267, 271, 272, 276, 277, 281, 282, 283, 285, 288, 290, 293, 295, 297, 298, 304, 309, 310, 312, 313, 315, 317, 322, 328, 330, 337, 338, 339, 340, 345, 348, 352, 355, 361, 364, 366, 375, 377, 378, 385, 387, 388, 390, 394, 398, 399]
x_260: [4, 14, 15, 18, 20, 23, 24, 25, 27, 29, 30, 31, 34, 41, 42, 47, 50, 53, 58, 62, 69, 70, 78, 79, 80, 82, 87, 88, 89, 92, 97, 100, 102, 104, 106, 107, 112, 115, 118, 119, 127, 128, 129, 130, 134, 135, 138, 142, 144, 147, 153, 155, 157, 158, 162, 163, 167, 169, 173, 174, 178, 179, 180, 182, 183, 192, 196, 197, 198, 202, 203, 208, 209, 214, 217, 220, 222, 225, 227, 228, 234, 238, 239, 246, 248, 259, 261, 265, 268, 274, 275, 280, 287, 288, 290, 294, 295, 296, 298, 302, 303, 306, 308, 312, 316, 319, 323, 325, 330, 331, 332, 333, 334, 340, 341, 342, 343, 354, 355, 359, 361, 367, 368, 369, 371, 373, 380, 381, 387, 391, 393, 394, 397, 400]
x_261: [7, 9, 12, 13, 16, 22, 24, 25, 28, 29, 30, 31, 33, 39, 52, 57, 60, 67, 72, 73, 75, 76, 77, 80, 82, 84, 88, 89, 93, 95, 98, 99, 100, 102, 109, 111, 112, 124, 125, 126, 127, 130, 132, 134, 136, 137, 141, 144, 156, 157, 158, 163, 168, 170, 177, 179, 181, 184, 187, 188, 192, 196, 200, 210, 213, 219, 224, 226, 229, 233, 235, 236, 238, 240, 243, 252, 259, 260, 262, 263, 265, 270, 276, 278, 283, 286, 287, 295, 297, 300, 303, 308, 314, 317, 321, 322, 323, 324, 328, 329, 332, 333, 339, 342, 343, 345, 351, 354, 362, 368, 369, 373, 376, 386, 389, 394, 398]
x_262: [1, 5, 6, 11, 15, 16, 20, 22, 25, 27, 28, 37, 40, 41, 46, 53, 55, 58, 61, 74, 75, 76, 80, 89, 92, 95, 97, 98, 99, 100, 103, 108, 109, 125, 126, 128, 130, 131, 132, 142, 146, 147, 151, 153, 154, 157, 162, 165, 167, 175, 176, 177, 179, 181, 184, 187, 188, 189, 190, 193, 196, 197, 198, 199, 200, 202, 206, 207, 223, 227, 231, 232, 239, 240, 243, 247, 253, 254, 256, 257, 259, 261, 267, 269, 271, 273, 274, 280, 281, 286, 288, 290, 291, 294, 295, 298, 299, 304, 306, 308, 310, 311, 313, 315, 317, 319, 320, 322, 325, 328, 331, 335, 336, 337, 344, 352, 353, 357, 360, 361, 363, 365, 366, 367, 368, 373, 377, 382, 389, 391, 392, 394, 395, 396, 397, 398, 399]
x_263: [1, 4, 5, 10, 15, 16, 18, 24, 27, 31, 38, 42, 48, 49, 50, 53, 60, 63, 65, 68, 69, 71, 72, 79, 83, 86, 90, 96, 97, 98, 104, 112, 118, 120, 122, 126, 128, 135, 136, 141, 149, 151, 155, 156, 160, 163, 164, 166, 189, 192, 193, 194, 195, 201, 203, 207, 214, 216, 217, 220, 225, 226, 229, 234, 235, 236, 237, 239, 242, 249, 252, 259, 261, 265, 267, 269, 273, 275, 277, 284, 291, 292, 293, 298, 299, 302, 303, 304, 306, 313, 314, 316, 322, 325, 327, 334, 336, 337, 340, 344, 346, 347, 350, 351, 352, 353, 354, 356, 361, 367, 370, 376, 380, 383, 384, 387, 393, 400]
x_264: [11, 15, 21, 25, 27, 28, 33, 38, 46, 47, 52, 54, 58, 59, 60, 69, 86, 87, 88, 98, 100, 103, 105, 107, 108, 110, 112, 116, 119, 122, 123, 124, 125, 129, 137, 141, 142, 150, 153, 157, 160, 161, 165, 171, 172, 173, 174, 179, 183, 188, 191, 192, 199, 200, 204, 207, 213, 217, 219, 221, 224, 232, 234, 235, 236, 243, 246, 248, 255, 256, 267, 274, 278, 283, 292, 293, 294, 296, 301, 302, 303, 305, 308, 318, 319, 320, 325, 327, 329, 332, 335, 336, 337, 338, 339, 344, 346, 362, 373, 374, 379, 381, 384, 388, 389, 395, 396, 397, 400]
x_265: [4, 7, 8, 17, 18, 22, 25, 26, 36, 44, 45, 47, 48, 50, 57, 71, 75, 77, 79, 80, 82, 86, 89, 90, 92, 96, 99, 102, 107, 112, 121, 134, 137, 141, 142, 156, 158, 161, 164, 165, 172, 175, 180, 184, 185, 192, 199, 204, 205, 207, 210, 212, 213, 216, 217, 218, 219, 220, 224, 233, 241, 245, 246, 248, 252, 253, 260, 261, 263, 270, 274, 276, 281, 282, 284, 285, 288, 291, 293, 295, 298, 300, 301, 302, 310, 313, 318, 321, 323, 326, 328, 329, 336, 338, 341, 343, 345, 350, 351, 354, 355, 358, 362, 364, 367, 368, 370, 372, 377, 381, 388, 392, 395]
x_266: [1, 5, 6, 7, 9, 11, 16, 18, 21, 22, 26, 28, 29, 30, 33, 38, 39, 40, 45, 47, 49, 50, 51, 55, 61, 73, 78, 80, 82, 84, 88, 91, 92, 95, 97, 100, 103, 107, 109, 111, 113, 116, 133, 144, 149, 153, 156, 157, 158, 159, 166, 167, 168, 175, 177, 182, 184, 187, 190, 191, 201, 202, 203, 206, 215, 216, 218, 219, 221, 225, 230, 232, 233, 235, 246, 248, 250, 252, 256, 271, 277, 279, 281, 284, 285, 286, 288, 289, 293, 299, 300, 301, 302, 307, 309, 314, 317, 318, 320, 332, 333, 334, 343, 356, 357, 360, 361, 362, 363, 367, 368, 372, 373, 378, 379, 381, 383, 389, 400]
x_267: [6, 8, 10, 11, 14, 16, 20, 22, 23, 25, 31, 32, 34, 35, 37, 38, 41, 42, 44, 47, 49, 57, 61, 64, 65, 66, 72, 78, 85, 89, 90, 96, 102, 109, 117, 118, 125, 132, 133, 135, 142, 143, 145, 146, 149, 155, 166, 167, 169, 172, 174, 184, 193, 200, 212, 214, 219, 221, 222, 225, 231, 236, 237, 241, 243, 248, 253, 256, 259, 262, 263, 264, 270, 274, 280, 284, 285, 287, 289, 293, 295, 296, 297, 298, 304, 307, 309, 310, 317, 318, 319, 323, 327, 331, 334, 335, 337, 338, 341, 347, 348, 361, 362, 363, 364, 365, 370, 375, 387, 389, 390, 393, 394]
x_268: [5, 8, 12, 13, 15, 17, 21, 24, 25, 27, 34, 37, 38, 43, 46, 48, 50, 52, 53, 57, 62, 64, 66, 68, 69, 72, 74, 75, 76, 81, 82, 83, 84, 88, 90, 91, 92, 97, 101, 102, 105, 111, 115, 118, 119, 123, 125, 128, 130, 131, 132, 134, 136, 137, 138, 139, 142, 144, 145, 147, 148, 149, 150, 152, 154, 155, 157, 159, 167, 168, 170, 171, 174, 176, 178, 184, 189, 190, 192, 207, 209, 212, 215, 222, 225, 227, 229, 240, 241, 242, 249, 250, 253, 254, 260, 273, 277, 278, 281, 291, 292, 296, 300, 302, 304, 306, 315, 317, 318, 319, 320, 323, 325, 329, 335, 337, 341, 342, 348, 351, 354, 358, 364, 370, 376, 379, 380, 381, 382, 384, 386, 387, 388, 391, 392, 395, 396, 399, 400]
x_269: [1, 6, 12, 14, 15, 30, 31, 32, 38, 41, 44, 47, 49, 50, 56, 60, 61, 66, 71, 74, 75, 76, 78, 80, 84, 89, 92, 93, 96, 99, 103, 104, 105, 108, 109, 112, 121, 122, 124, 128, 134, 135, 136, 139, 141, 144, 145, 146, 148, 152, 153, 159, 160, 166, 169, 170, 177, 192, 193, 194, 198, 199, 202, 203, 206, 212, 214, 216, 218, 222, 224, 226, 229, 230, 232, 234, 237, 239, 242, 244, 245, 247, 248, 252, 262, 263, 275, 280, 281, 284, 289, 290, 297, 300, 303, 306, 310, 315, 316, 317, 324, 325, 329, 333, 336, 338, 339, 341, 347, 350, 352, 357, 359, 361, 363, 364, 368, 374, 378, 379, 380, 381, 382, 383, 388, 389, 390, 392, 396]
x_270: [3, 4, 6, 8, 10, 11, 12, 13, 16, 22, 23, 29, 38, 41, 46, 47, 48, 50, 55, 59, 64, 65, 67, 68, 71, 76, 78, 80, 82, 84, 85, 95, 97, 98, 103, 105, 110, 111, 113, 114, 115, 119, 124, 126, 129, 134, 136, 144, 147, 153, 156, 157, 159, 163, 165, 170, 171, 174, 178, 184, 187, 188, 189, 196, 197, 201, 203, 209, 211, 213, 220, 229, 234, 236, 239, 242, 244, 249, 250, 253, 255, 261, 265, 267, 271, 275, 277, 284, 293, 295, 300, 301, 303, 305, 306, 307, 309, 312, 315, 316, 318, 320, 321, 329, 334, 335, 336, 337, 338, 340, 343, 345, 347, 353, 354, 356, 360, 365, 368, 373, 375, 377, 380, 381, 395, 397, 398]
x_271: [1, 7, 9, 10, 11, 13, 18, 26, 28, 29, 31, 36, 43, 45, 46, 48, 52, 54, 55, 70, 72, 80, 81, 86, 88, 93, 94, 98, 99, 100, 101, 107, 110, 112, 113, 116, 118, 119, 125, 126, 128, 134, 138, 139, 142, 144, 145, 146, 152, 154, 159, 160, 161, 162, 164, 166, 167, 169, 170, 174, 178, 182, 190, 191, 193, 197, 201, 204, 206, 208, 213, 218, 219, 223, 226, 232, 236, 238, 240, 245, 253, 255, 258, 259, 262, 266, 270, 273, 274, 279, 282, 285, 291, 292, 298, 306, 310, 318, 328, 331, 338, 342, 346, 348, 349, 354, 359, 360, 365, 367, 369, 370, 373, 382, 384, 388, 390, 391, 392, 395]
x_272: [5, 10, 11, 13, 14, 15, 17, 24, 28, 29, 31, 33, 37, 40, 44, 46, 50, 51, 52, 54, 63, 64, 66, 69, 73, 75, 79, 82, 83, 90, 92, 93, 95, 96, 101, 109, 111, 119, 123, 125, 127, 135, 138, 147, 148, 149, 152, 153, 154, 157, 159, 161, 162, 164, 165, 167, 169, 170, 173, 182, 189, 196, 198, 203, 211, 213, 214, 217, 219, 226, 230, 232, 234, 235, 237, 239, 240, 242, 244, 253, 255, 257, 259, 275, 279, 282, 284, 285, 286, 287, 290, 298, 299, 309, 314, 317, 321, 325, 327, 330, 338, 342, 343, 345, 348, 350, 366, 370, 372, 373, 376, 379, 380, 384, 389, 392, 400]
x_273: [9, 11, 26, 32, 35, 36, 37, 40, 41, 42, 43, 45, 48, 49, 53, 56, 61, 63, 70, 82, 83, 88, 89, 90, 95, 104, 107, 109, 111, 117, 118, 119, 124, 125, 127, 138, 140, 141, 143, 144, 145, 146, 148, 150, 157, 158, 163, 165, 172, 175, 177, 190, 194, 198, 199, 200, 203, 209, 215, 220, 222, 223, 225, 230, 234, 236, 239, 240, 242, 245, 247, 249, 250, 254, 255, 262, 263, 268, 271, 275, 278, 279, 292, 295, 296, 297, 301, 308, 312, 315, 316, 317, 319, 320, 322, 329, 343, 347, 350, 352, 353, 359, 364, 366, 368, 371, 372, 374, 381, 390, 397, 398]
x_274: [1, 7, 12, 13, 14, 15, 16, 22, 27, 31, 36, 37, 39, 41, 45, 48, 52, 54, 59, 63, 65, 66, 67, 68, 69, 78, 80, 83, 86, 89, 90, 94, 95, 98, 99, 101, 104, 107, 110, 111, 113, 114, 117, 118, 120, 126, 130, 135, 136, 137, 138, 140, 157, 159, 161, 162, 164, 168, 169, 172, 173, 178, 180, 183, 194, 195, 196, 199, 201, 204, 205, 206, 207, 208, 221, 226, 228, 229, 230, 231, 238, 241, 242, 243, 244, 245, 251, 255, 256, 257, 260, 262, 264, 265, 267, 271, 275, 281, 285, 287, 289, 292, 293, 295, 298, 300, 308, 309, 315, 317, 318, 322, 324, 328, 333, 337, 345, 346, 347, 352, 354, 361, 362, 363, 364, 365, 366, 373, 376, 378, 380, 387, 393, 396]
x_275: [10, 17, 19, 21, 23, 24, 34, 37, 40, 47, 52, 55, 57, 60, 61, 66, 67, 68, 71, 75, 77, 80, 81, 83, 93, 103, 117, 118, 119, 120, 124, 127, 130, 131, 135, 136, 137, 146, 147, 156, 158, 162, 172, 174, 177, 180, 182, 188, 192, 194, 198, 199, 200, 204, 208, 212, 213, 217, 220, 221, 229, 230, 231, 232, 235, 238, 241, 243, 245, 247, 248, 251, 255, 256, 260, 263, 269, 270, 272, 273, 274, 280, 282, 286, 291, 294, 295, 315, 319, 321, 323, 326, 328, 332, 334, 341, 344, 346, 350, 351, 354, 357, 358, 362, 365, 369, 371, 377, 383, 387, 389]
x_276: [1, 3, 4, 6, 12, 21, 22, 30, 35, 38, 39, 40, 42, 45, 46, 47, 52, 54, 55, 58, 64, 67, 81, 85, 86, 91, 97, 98, 102, 109, 111, 112, 117, 119, 120, 122, 129, 135, 141, 143, 144, 145, 148, 150, 152, 153, 156, 160, 163, 164, 168, 170, 175, 176, 179, 181, 183, 188, 190, 193, 197, 204, 211, 213, 215, 217, 219, 220, 222, 225, 231, 232, 233, 234, 235, 239, 240, 241, 242, 244, 259, 261, 265, 277, 279, 290, 291, 292, 293, 295, 296, 299, 304, 309, 310, 311, 315, 318, 320, 321, 322, 324, 332, 334, 337, 338, 341, 343, 344, 346, 348, 351, 357, 364, 365, 366, 367, 368, 379, 380, 385, 388, 395, 397, 398]
x_277: [1, 5, 9, 10, 12, 14, 15, 20, 22, 26, 27, 28, 31, 35, 36, 39, 41, 42, 44, 46, 50, 52, 65, 69, 77, 79, 80, 81, 85, 92, 95, 98, 100, 106, 111, 123, 128, 130, 132, 133, 134, 135, 146, 149, 153, 158, 163, 170, 171, 176, 183, 184, 186, 190, 193, 200, 204, 206, 212, 217, 221, 222, 228, 230, 232, 237, 241, 242, 243, 244, 245, 248, 253, 259, 263, 266, 268, 270, 276, 279, 280, 283, 291, 296, 298, 304, 307, 310, 319, 320, 322, 325, 326, 332, 336, 337, 345, 347, 348, 350, 351, 352, 357, 359, 362, 364, 366, 370, 371, 372, 380, 382, 386, 388, 396, 398, 400]
x_278: [10, 16, 25, 27, 29, 34, 36, 37, 45, 53, 56, 74, 75, 78, 81, 82, 84, 99, 102, 109, 113, 120, 124, 129, 130, 132, 136, 138, 139, 152, 153, 155, 158, 162, 163, 165, 176, 178, 179, 180, 187, 192, 199, 200, 208, 211, 217, 218, 220, 222, 226, 228, 231, 235, 245, 247, 249, 253, 254, 261, 264, 268, 273, 281, 282, 284, 286, 292, 293, 295, 301, 304, 307, 308, 311, 322, 331, 334, 338, 342, 343, 346, 347, 349, 351, 359, 374, 375, 379, 386, 388, 390, 391, 392, 396, 400]
x_279: [2, 8, 10, 14, 21, 32, 35, 39, 42, 43, 50, 53, 54, 55, 59, 67, 71, 75, 78, 82, 83, 84, 86, 90, 91, 94, 95, 99, 102, 108, 109, 111, 116, 117, 118, 123, 125, 130, 134, 137, 142, 144, 149, 150, 151, 153, 155, 160, 162, 167, 168, 169, 170, 179, 187, 189, 195, 196, 198, 200, 202, 204, 210, 212, 214, 215, 220, 226, 227, 230, 232, 235, 243, 246, 249, 266, 271, 272, 273, 276, 277, 280, 287, 291, 296, 298, 302, 303, 304, 308, 311, 314, 315, 318, 322, 331, 332, 335, 336, 339, 343, 346, 347, 349, 350, 353, 355, 356, 357, 361, 365, 367, 375, 379, 380, 385, 386, 388, 389, 390, 391, 395, 396, 399]
x_280: [3, 6, 7, 16, 18, 21, 22, 25, 26, 27, 36, 43, 46, 49, 54, 59, 60, 68, 83, 84, 87, 99, 100, 101, 102, 103, 105, 106, 111, 114, 118, 127, 128, 129, 132, 133, 141, 143, 144, 149, 152, 154, 157, 159, 161, 162, 164, 167, 169, 178, 179, 180, 181, 191, 192, 193, 194, 195, 196, 198, 199, 203, 204, 206, 213, 222, 226, 228, 229, 238, 245, 247, 250, 251, 254, 256, 257, 260, 262, 267, 269, 275, 277, 279, 287, 289, 293, 295, 309, 311, 316, 322, 326, 333, 335, 339, 342, 344, 347, 348, 355, 358, 359, 360, 368, 372, 373, 374, 380, 381, 384, 394, 396, 397, 398]
x_281: [2, 3, 6, 7, 9, 12, 13, 18, 22, 23, 30, 35, 38, 44, 47, 50, 52, 57, 60, 62, 66, 69, 73, 74, 75, 78, 80, 82, 85, 93, 107, 113, 116, 123, 124, 127, 128, 129, 131, 134, 135, 137, 139, 142, 143, 145, 146, 147, 148, 149, 151, 153, 156, 160, 164, 167, 168, 170, 176, 177, 181, 182, 184, 190, 194, 195, 196, 202, 207, 210, 215, 218, 222, 224, 230, 236, 240, 241, 244, 248, 253, 257, 259, 262, 265, 266, 268, 269, 274, 278, 283, 285, 289, 292, 293, 294, 296, 304, 305, 306, 309, 312, 317, 321, 324, 327, 329, 335, 337, 347, 351, 355, 356, 358, 360, 361, 366, 367, 371, 377, 378, 381, 385, 391, 392, 393, 397]
x_282: [3, 5, 8, 12, 20, 21, 31, 32, 35, 42, 55, 56, 57, 65, 71, 72, 78, 81, 84, 85, 88, 89, 90, 92, 94, 95, 98, 102, 104, 109, 110, 111, 112, 117, 118, 135, 138, 140, 141, 145, 146, 148, 149, 154, 155, 158, 160, 163, 168, 172, 173, 174, 175, 176, 179, 183, 184, 188, 192, 194, 199, 203, 209, 210, 219, 226, 234, 237, 242, 244, 254, 257, 259, 265, 271, 272, 275, 278, 292, 296, 297, 303, 311, 312, 315, 316, 326, 327, 330, 331, 332, 340, 341, 343, 346, 348, 350, 352, 353, 355, 358, 361, 364, 365, 369, 373, 374, 375, 378, 380, 381, 391, 392, 393, 395, 398]
x_283: [2, 10, 12, 14, 32, 37, 40, 42, 46, 48, 51, 53, 58, 66, 67, 70, 72, 75, 76, 82, 85, 86, 90, 95, 100, 108, 112, 114, 115, 116, 118, 127, 129, 136, 143, 146, 150, 154, 155, 163, 165, 170, 175, 180, 190, 192, 193, 196, 197, 198, 205, 211, 214, 216, 217, 221, 222, 223, 226, 228, 234, 237, 240, 248, 250, 251, 259, 261, 264, 277, 281, 286, 290, 294, 298, 299, 300, 303, 304, 311, 317, 318, 319, 322, 325, 331, 333, 339, 342, 343, 345, 348, 352, 355, 356, 357, 360, 362, 372, 373, 376, 378, 397, 398]
x_284: [4, 14, 16, 20, 22, 23, 29, 36, 39, 42, 43, 44, 45, 53, 54, 57, 58, 60, 62, 63, 69, 70, 72, 76, 77, 79, 81, 85, 86, 87, 88, 92, 94, 95, 99, 102, 103, 107, 111, 112, 116, 118, 119, 120, 123, 128, 129, 137, 141, 142, 143, 145, 148, 149, 155, 159, 160, 163, 166, 167, 171, 172, 175, 176, 177, 179, 180, 181, 183, 184, 188, 189, 191, 198, 201, 203, 205, 206, 210, 212, 220, 224, 228, 229, 230, 232, 236, 239, 241, 243, 245, 253, 255, 256, 257, 263, 265, 266, 267, 269, 270, 272, 278, 287, 288, 290, 291, 296, 298, 300, 301, 307, 309, 311, 312, 315, 326, 327, 328, 329, 331, 333, 336, 341, 342, 348, 349, 350, 353, 369, 371, 372, 375, 385, 390, 396, 398]
x_285: [2, 8, 11, 12, 13, 16, 18, 19, 20, 21, 24, 25, 29, 35, 36, 41, 44, 48, 54, 59, 61, 63, 70, 78, 80, 81, 84, 90, 92, 95, 101, 102, 105, 106, 107, 110, 112, 117, 118, 131, 135, 136, 138, 139, 146, 152, 153, 154, 157, 158, 159, 164, 165, 167, 170, 172, 177, 182, 183, 185, 189, 192, 195, 199, 200, 201, 203, 208, 209, 210, 211, 213, 220, 221, 227, 230, 235, 237, 239, 242, 249, 252, 257, 259, 265, 266, 267, 271, 272, 274, 281, 287, 290, 292, 294, 295, 301, 302, 303, 306, 307, 312, 315, 329, 331, 332, 333, 338, 339, 341, 342, 345, 349, 350, 351, 355, 356, 357, 374, 376, 382, 384, 388, 392, 394, 398, 399]
x_286: [2, 4, 8, 10, 13, 22, 23, 28, 29, 32, 36, 40, 45, 46, 48, 53, 58, 59, 61, 62, 65, 69, 71, 73, 78, 81, 82, 83, 86, 90, 91, 98, 100, 102, 106, 107, 108, 109, 112, 120, 126, 127, 130, 131, 136, 140, 143, 144, 149, 150, 153, 157, 162, 164, 167, 169, 174, 175, 176, 177, 183, 184, 186, 193, 196, 199, 201, 202, 204, 218, 226, 230, 235, 236, 237, 241, 245, 246, 247, 248, 254, 255, 258, 261, 262, 266, 272, 275, 278, 283, 299, 302, 305, 306, 309, 311, 313, 319, 326, 327, 330, 332, 333, 334, 335, 337, 338, 339, 340, 342, 343, 345, 347, 353, 354, 358, 359, 360, 367, 371, 374, 375, 377, 380, 384, 385, 392, 394, 396, 398, 399, 400]
x_287: [1, 2, 7, 8, 17, 19, 20, 23, 25, 28, 32, 33, 34, 35, 41, 50, 62, 64, 66, 71, 73, 77, 85, 91, 94, 96, 98, 99, 101, 102, 106, 109, 110, 113, 117, 122, 124, 125, 128, 135, 138, 139, 140, 143, 145, 146, 148, 149, 157, 163, 168, 170, 181, 183, 187, 188, 190, 195, 199, 201, 202, 203, 205, 206, 209, 210, 211, 217, 223, 224, 228, 234, 241, 242, 244, 249, 251, 252, 253, 254, 255, 260, 261, 267, 272, 274, 279, 280, 284, 285, 289, 294, 299, 301, 302, 306, 307, 310, 312, 313, 314, 316, 322, 323, 325, 335, 337, 339, 340, 342, 343, 356, 361, 362, 364, 365, 373, 375, 379, 380, 390, 392, 394, 395, 400]
x_288: [1, 4, 8, 9, 10, 12, 16, 17, 23, 27, 32, 34, 35, 36, 37, 38, 39, 40, 43, 45, 50, 54, 56, 57, 58, 59, 60, 61, 66, 73, 74, 75, 76, 77, 78, 81, 88, 99, 103, 104, 106, 107, 108, 114, 115, 117, 125, 126, 128, 133, 136, 137, 138, 141, 144, 146, 153, 157, 159, 160, 161, 163, 175, 177, 181, 183, 188, 203, 204, 205, 208, 214, 218, 219, 220, 227, 229, 230, 231, 233, 235, 242, 253, 259, 260, 262, 265, 266, 284, 296, 300, 302, 304, 306, 309, 322, 330, 332, 335, 338, 339, 345, 349, 351, 358, 359, 360, 363, 365, 371, 375, 378, 379, 386, 387, 388, 389, 390, 391, 393, 396]
x_289: [6, 9, 10, 12, 14, 15, 18, 21, 23, 27, 30, 40, 45, 48, 50, 61, 63, 65, 67, 70, 71, 73, 75, 76, 77, 79, 85, 86, 93, 106, 107, 110, 112, 113, 114, 117, 122, 123, 126, 141, 144, 150, 152, 154, 161, 163, 164, 168, 169, 170, 171, 174, 184, 186, 192, 193, 194, 206, 207, 212, 213, 215, 217, 218, 219, 222, 227, 244, 245, 250, 257, 266, 267, 269, 274, 280, 281, 287, 293, 295, 297, 298, 305, 312, 314, 317, 327, 330, 331, 338, 339, 345, 346, 348, 350, 352, 354, 356, 360, 361, 365, 367, 371, 373, 376, 377, 381, 382, 384, 385, 390, 397, 398]
x_290: [4, 8, 12, 14, 25, 30, 31, 35, 41, 42, 48, 50, 51, 61, 62, 64, 66, 68, 70, 72, 73, 77, 80, 81, 82, 85, 90, 92, 97, 99, 103, 104, 108, 110, 116, 127, 128, 130, 131, 132, 134, 139, 141, 142, 145, 150, 153, 155, 156, 168, 172, 174, 180, 181, 183, 192, 194, 204, 206, 211, 213, 220, 224, 225, 229, 232, 234, 241, 242, 244, 246, 248, 251, 257, 258, 259, 260, 262, 269, 272, 276, 283, 284, 285, 292, 295, 296, 298, 300, 302, 305, 309, 314, 317, 320, 330, 333, 334, 336, 338, 342, 350, 352, 353, 354, 359, 360, 364, 366, 369, 370, 372, 374, 377, 388, 389, 392, 394, 395]
x_291: [5, 6, 7, 11, 19, 20, 21, 23, 25, 28, 44, 46, 47, 49, 50, 55, 58, 65, 66, 69, 75, 76, 80, 88, 92, 93, 95, 96, 104, 106, 107, 109, 114, 117, 119, 123, 132, 134, 138, 139, 140, 146, 148, 149, 151, 152, 153, 155, 156, 157, 160, 162, 167, 168, 170, 173, 174, 177, 185, 186, 188, 194, 199, 201, 210, 212, 215, 218, 219, 220, 226, 227, 229, 230, 232, 234, 240, 242, 245, 246, 247, 248, 249, 255, 256, 257, 258, 262, 263, 265, 268, 271, 275, 276, 277, 279, 284, 298, 303, 304, 309, 313, 315, 316, 317, 321, 326, 328, 329, 336, 340, 354, 357, 361, 363, 366, 367, 368, 370, 372, 374, 376, 377, 378, 382, 383, 390, 394, 396, 400]
x_292: [4, 5, 6, 9, 17, 19, 20, 39, 42, 43, 47, 56, 65, 66, 71, 72, 75, 76, 77, 80, 82, 86, 87, 88, 91, 101, 104, 105, 109, 110, 113, 115, 119, 122, 124, 126, 145, 146, 148, 149, 154, 161, 170, 175, 181, 182, 183, 192, 194, 195, 204, 209, 215, 220, 223, 224, 225, 234, 241, 252, 255, 257, 263, 264, 268, 271, 273, 274, 276, 278, 281, 282, 285, 290, 295, 300, 310, 315, 316, 320, 321, 327, 332, 334, 335, 340, 344, 355, 356, 362, 363, 364, 365, 366, 368, 371, 373, 374, 375, 379, 380, 381, 390, 393, 394, 400]
x_293: [11, 18, 20, 39, 41, 49, 54, 57, 60, 63, 75, 77, 78, 80, 82, 83, 88, 93, 95, 97, 99, 102, 107, 108, 114, 121, 124, 126, 128, 132, 137, 143, 153, 161, 162, 171, 172, 177, 178, 181, 184, 185, 187, 189, 190, 191, 193, 201, 205, 206, 210, 211, 214, 218, 221, 224, 225, 226, 228, 232, 233, 240, 242, 245, 250, 251, 253, 257, 259, 263, 264, 265, 266, 267, 270, 274, 276, 278, 280, 281, 289, 296, 297, 299, 311, 321, 322, 325, 326, 328, 331, 333, 335, 336, 344, 346, 347, 352, 370, 372, 374, 379, 381, 385, 386, 389, 391, 396, 398]
x_294: [1, 3, 5, 12, 13, 15, 20, 22, 29, 31, 32, 36, 37, 38, 40, 43, 45, 47, 50, 53, 59, 60, 62, 64, 65, 69, 83, 85, 95, 96, 99, 101, 102, 104, 105, 107, 108, 115, 116, 117, 118, 129, 131, 133, 135, 136, 137, 141, 143, 145, 149, 151, 154, 155, 159, 165, 166, 167, 168, 172, 173, 180, 181, 182, 183, 184, 189, 190, 191, 194, 201, 205, 208, 216, 219, 220, 224, 228, 229, 230, 238, 240, 243, 246, 249, 254, 257, 260, 262, 264, 275, 281, 283, 285, 287, 298, 306, 307, 310, 316, 317, 318, 319, 324, 326, 331, 333, 334, 335, 337, 339, 340, 345, 348, 355, 359, 363, 370, 375, 378, 379, 385, 387, 392, 396, 397]
x_295: [1, 4, 10, 11, 12, 20, 22, 29, 30, 40, 50, 53, 55, 57, 59, 61, 66, 67, 69, 70, 77, 79, 83, 86, 87, 88, 93, 99, 105, 110, 111, 117, 123, 124, 134, 135, 138, 139, 143, 144, 147, 150, 152, 156, 161, 162, 169, 170, 175, 177, 179, 182, 183, 188, 190, 197, 198, 205, 208, 209, 211, 214, 218, 224, 227, 230, 231, 232, 234, 237, 242, 250, 255, 259, 260, 261, 262, 265, 267, 270, 273, 274, 275, 276, 278, 280, 285, 289, 290, 292, 300, 306, 312, 316, 320, 322, 323, 325, 326, 327, 337, 338, 344, 347, 349, 350, 351, 354, 358, 360, 361, 362, 365, 366, 369, 371, 381, 383, 385, 386, 389, 390, 392, 398, 399]
x_296: [2, 5, 8, 21, 22, 28, 30, 32, 33, 34, 35, 36, 46, 48, 51, 54, 56, 58, 61, 73, 77, 78, 81, 82, 83, 86, 89, 96, 99, 101, 102, 103, 105, 119, 121, 122, 125, 138, 140, 145, 148, 149, 151, 153, 160, 162, 165, 166, 167, 170, 175, 179, 181, 188, 199, 200, 202, 215, 217, 222, 224, 231, 233, 234, 242, 243, 246, 249, 251, 255, 260, 264, 267, 268, 273, 276, 277, 279, 281, 282, 284, 288, 290, 293, 298, 300, 301, 303, 306, 307, 310, 312, 313, 317, 327, 328, 332, 333, 344, 348, 350, 352, 356, 357, 360, 366, 369, 372, 374, 375, 380, 383, 385, 389, 390, 393, 394, 397, 399]
x_297: [3, 11, 14, 15, 16, 20, 25, 27, 28, 35, 38, 40, 61, 63, 64, 66, 78, 79, 87, 89, 90, 91, 95, 97, 104, 107, 123, 124, 129, 137, 142, 144, 147, 150, 157, 160, 161, 162, 166, 167, 168, 169, 178, 180, 184, 188, 191, 198, 200, 204, 207, 212, 213, 216, 219, 223, 226, 230, 231, 236, 238, 242, 244, 245, 246, 259, 261, 267, 269, 273, 282, 289, 293, 304, 306, 309, 314, 316, 321, 328, 329, 333, 334, 348, 350, 357, 358, 368, 373, 375, 376, 379, 382, 384, 388, 389, 395, 396, 399]
x_298: [2, 7, 9, 10, 11, 20, 26, 30, 32, 33, 34, 36, 38, 41, 42, 43, 50, 59, 62, 63, 68, 70, 71, 79, 81, 83, 86, 90, 93, 95, 106, 111, 112, 114, 116, 117, 119, 120, 121, 124, 127, 128, 133, 137, 147, 149, 153, 157, 160, 165, 169, 176, 186, 187, 189, 195, 196, 201, 203, 204, 210, 215, 220, 223, 224, 225, 231, 237, 238, 247, 250, 252, 256, 258, 259, 260, 262, 263, 265, 267, 271, 272, 274, 277, 279, 283, 284, 289, 290, 291, 294, 296, 308, 309, 310, 319, 323, 328, 331, 332, 337, 344, 349, 355, 362, 364, 366, 368, 373, 374, 384, 385, 387, 389, 390, 391, 393]
x_299: [1, 2, 5, 8, 10, 13, 16, 21, 28, 31, 32, 34, 39, 45, 48, 49, 50, 52, 54, 55, 59, 65, 80, 83, 90, 100, 105, 107, 108, 109, 110, 115, 117, 121, 125, 138, 143, 146, 149, 151, 152, 158, 161, 170, 177, 178, 179, 180, 185, 186, 187, 191, 193, 201, 202, 205, 207, 208, 210, 213, 215, 218, 223, 226, 235, 237, 238, 242, 245, 250, 252, 258, 262, 263, 266, 272, 276, 283, 286, 287, 293, 300, 303, 306, 307, 308, 313, 314, 317, 318, 319, 320, 321, 323, 330, 331, 333, 335, 338, 339, 340, 341, 347, 349, 350, 354, 356, 357, 361, 362, 364, 375, 383, 394, 396]
x_300: [4, 5, 6, 8, 10, 12, 13, 15, 17, 21, 22, 24, 26, 34, 39, 41, 52, 53, 54, 58, 60, 61, 67, 69, 77, 78, 85, 87, 89, 91, 95, 103, 104, 106, 115, 119, 125, 130, 131, 132, 134, 143, 151, 153, 154, 163, 164, 168, 169, 181, 182, 186, 187, 189, 198, 200, 201, 203, 210, 212, 216, 223, 225, 227, 232, 233, 235, 236, 243, 245, 246, 248, 250, 253, 255, 261, 265, 266, 268, 269, 270, 274, 283, 284, 288, 290, 292, 295, 296, 299, 301, 304, 305, 309, 310, 318, 320, 326, 331, 333, 336, 350, 353, 356, 366, 371, 380, 382, 383, 388, 390, 393, 395, 399, 400]
x_301: [1, 5, 12, 13, 14, 17, 18, 20, 21, 26, 28, 29, 30, 38, 41, 42, 44, 45, 51, 52, 53, 55, 56, 59, 62, 68, 70, 74, 76, 79, 84, 85, 86, 87, 92, 97, 100, 101, 102, 103, 104, 105, 109, 111, 114, 119, 121, 123, 124, 126, 135, 137, 138, 141, 143, 144, 146, 148, 149, 153, 157, 161, 162, 166, 167, 174, 175, 176, 181, 183, 184, 189, 195, 196, 199, 201, 203, 205, 208, 211, 212, 220, 221, 224, 227, 229, 233, 235, 244, 245, 247, 248, 255, 264, 265, 266, 270, 273, 278, 284, 285, 287, 296, 300, 304, 305, 310, 311, 318, 320, 324, 327, 329, 332, 333, 338, 340, 341, 353, 355, 357, 358, 359, 364, 369, 371, 375, 379, 381, 382, 388, 389, 394, 395, 396, 397, 399, 400]
x_302: [3, 9, 10, 13, 17, 20, 21, 23, 27, 28, 36, 37, 39, 42, 45, 52, 54, 56, 57, 59, 63, 67, 71, 72, 74, 75, 76, 78, 79, 80, 85, 86, 88, 95, 100, 107, 108, 109, 111, 113, 114, 123, 125, 127, 129, 130, 136, 137, 140, 144, 146, 149, 150, 160, 166, 175, 176, 177, 178, 180, 183, 193, 194, 196, 198, 201, 214, 218, 220, 224, 226, 231, 234, 238, 243, 246, 247, 248, 249, 250, 258, 260, 263, 264, 265, 266, 268, 279, 285, 286, 287, 288, 290, 304, 309, 312, 314, 319, 324, 327, 329, 332, 337, 339, 340, 342, 344, 345, 349, 354, 356, 357, 358, 360, 368, 369, 371, 376, 387, 391, 396, 399]
x_303: [4, 5, 6, 7, 9, 10, 13, 17, 18, 24, 25, 47, 63, 65, 69, 78, 81, 82, 85, 86, 89, 92, 95, 98, 99, 100, 102, 104, 108, 109, 113, 114, 115, 118, 120, 122, 128, 132, 134, 149, 153, 156, 157, 158, 160, 162, 164, 167, 170, 174, 177, 178, 181, 191, 198, 205, 206, 207, 208, 210, 213, 219, 221, 224, 227, 232, 234, 235, 239, 241, 247, 256, 260, 261, 263, 264, 269, 270, 279, 282, 283, 285, 291, 296, 299, 304, 307, 308, 314, 323, 327, 329, 334, 336, 338, 339, 340, 343, 345, 351, 356, 360, 362, 365, 372, 375, 381, 382, 393, 395, 396, 397, 399, 400]
x_304: [1, 2, 3, 5, 9, 12, 15, 16, 17, 26, 31, 34, 35, 37, 38, 39, 43, 47, 51, 53, 54, 56, 64, 66, 71, 75, 80, 94, 99, 104, 108, 116, 119, 122, 130, 133, 136, 142, 148, 160, 161, 164, 167, 172, 175, 178, 179, 186, 187, 188, 192, 194, 199, 202, 204, 209, 210, 213, 214, 216, 218, 221, 226, 235, 236, 241, 243, 245, 246, 247, 255, 259, 262, 263, 267, 268, 276, 277, 278, 279, 281, 283, 288, 291, 297, 300, 301, 302, 303, 306, 307, 309, 313, 318, 319, 321, 327, 329, 332, 333, 334, 337, 340, 342, 343, 344, 349, 352, 356, 358, 365, 366, 368, 378, 384, 390, 393, 394, 395, 396, 397, 398]
x_305: [10, 13, 16, 18, 19, 25, 27, 28, 30, 32, 34, 37, 39, 49, 52, 55, 60, 61, 64, 65, 66, 71, 76, 81, 82, 83, 86, 92, 94, 95, 96, 99, 102, 104, 105, 106, 108, 112, 114, 117, 118, 120, 128, 130, 133, 136, 139, 140, 143, 148, 151, 157, 158, 162, 163, 167, 171, 174, 180, 184, 185, 186, 189, 190, 191, 194, 195, 196, 197, 209, 211, 215, 220, 222, 224, 227, 228, 229, 236, 239, 240, 248, 253, 255, 264, 270, 281, 286, 289, 290, 300, 301, 308, 309, 310, 314, 316, 318, 323, 327, 330, 331, 333, 334, 338, 339, 342, 344, 345, 347, 350, 356, 359, 360, 363, 368, 371, 377, 378, 380, 382, 384, 386, 397]
x_306: [1, 7, 13, 15, 16, 17, 18, 22, 26, 27, 28, 30, 40, 47, 50, 55, 58, 59, 69, 74, 77, 79, 81, 85, 91, 97, 98, 100, 102, 105, 110, 112, 118, 120, 128, 129, 133, 135, 140, 141, 143, 145, 155, 158, 161, 162, 163, 165, 167, 168, 177, 183, 185, 186, 195, 196, 199, 202, 208, 209, 211, 212, 213, 221, 224, 228, 237, 239, 242, 246, 247, 249, 253, 260, 262, 263, 268, 269, 270, 271, 281, 285, 286, 287, 288, 294, 295, 296, 297, 299, 304, 309, 310, 311, 312, 315, 316, 319, 322, 324, 326, 328, 329, 336, 337, 339, 342, 348, 352, 355, 361, 362, 373, 378, 381, 382, 383, 385, 386, 387, 388, 391]
x_307: [3, 5, 8, 10, 11, 12, 16, 21, 23, 24, 25, 29, 38, 39, 44, 46, 48, 54, 67, 68, 70, 74, 75, 78, 87, 88, 89, 93, 96, 98, 107, 115, 122, 124, 137, 146, 147, 151, 152, 153, 155, 157, 163, 175, 179, 180, 183, 184, 198, 200, 217, 222, 228, 230, 235, 241, 242, 245, 247, 248, 250, 253, 257, 258, 266, 267, 270, 277, 278, 284, 285, 287, 294, 296, 299, 303, 304, 315, 316, 318, 319, 321, 325, 330, 334, 338, 343, 345, 351, 355, 362, 363, 366, 367, 368, 370, 376, 377, 381, 393, 395]
x_308: [2, 7, 10, 12, 20, 25, 29, 30, 39, 40, 45, 46, 48, 54, 58, 59, 67, 74, 76, 81, 88, 89, 92, 93, 96, 97, 101, 102, 105, 109, 110, 114, 116, 124, 127, 128, 131, 135, 136, 137, 141, 142, 143, 148, 150, 151, 152, 155, 156, 158, 159, 163, 164, 167, 168, 178, 184, 185, 186, 190, 192, 194, 198, 200, 201, 202, 203, 205, 207, 225, 226, 227, 229, 231, 234, 236, 238, 242, 249, 250, 253, 254, 260, 261, 262, 264, 273, 274, 278, 279, 298, 299, 303, 305, 314, 318, 320, 322, 325, 327, 331, 333, 334, 338, 340, 344, 346, 349, 352, 358, 359, 362, 366, 368, 373, 374, 377, 379, 386, 389, 390, 397, 399]
x_309: [1, 8, 12, 16, 17, 19, 27, 31, 36, 42, 43, 45, 48, 49, 52, 60, 64, 66, 72, 75, 86, 90, 93, 103, 104, 105, 109, 110, 113, 115, 119, 121, 122, 123, 126, 131, 134, 139, 144, 150, 157, 165, 173, 180, 186, 193, 195, 197, 198, 199, 202, 206, 207, 210, 215, 216, 219, 221, 225, 230, 240, 246, 249, 251, 252, 255, 256, 259, 266, 267, 270, 272, 274, 276, 280, 281, 284, 286, 288, 290, 291, 297, 298, 300, 302, 304, 305, 306, 310, 312, 313, 319, 321, 322, 328, 331, 333, 337, 339, 345, 352, 354, 361, 364, 366, 367, 370, 374, 381, 386, 387, 391, 393, 400]
x_310: [3, 4, 7, 11, 18, 19, 22, 29, 32, 34, 40, 49, 52, 53, 58, 62, 63, 64, 73, 75, 76, 77, 78, 81, 86, 91, 95, 102, 112, 117, 118, 119, 122, 131, 132, 135, 140, 147, 148, 149, 151, 154, 161, 163, 167, 171, 173, 175, 182, 185, 186, 187, 193, 195, 198, 201, 206, 216, 218, 219, 221, 222, 225, 229, 231, 234, 235, 237, 238, 244, 245, 255, 256, 259, 262, 265, 267, 269, 271, 276, 277, 287, 292, 294, 296, 298, 300, 301, 305, 306, 309, 311, 313, 319, 322, 323, 324, 327, 329, 333, 340, 343, 346, 352, 353, 354, 355, 360, 368, 369, 370, 383, 396, 400]
x_311: [5, 8, 14, 16, 17, 18, 23, 25, 31, 34, 40, 41, 46, 48, 49, 50, 54, 57, 59, 61, 65, 69, 70, 77, 79, 80, 82, 87, 89, 94, 95, 97, 100, 105, 108, 114, 115, 121, 124, 126, 131, 132, 138, 141, 147, 148, 149, 152, 159, 163, 165, 177, 178, 180, 183, 184, 185, 188, 194, 204, 206, 209, 210, 216, 217, 229, 236, 238, 243, 250, 254, 257, 262, 276, 278, 279, 280, 282, 283, 284, 286, 293, 301, 306, 310, 314, 323, 324, 328, 329, 337, 341, 347, 349, 351, 360, 361, 365, 373, 384, 385, 386, 388, 399]
x_312: [5, 7, 11, 25, 32, 46, 47, 50, 53, 56, 57, 59, 65, 68, 70, 71, 75, 82, 87, 89, 93, 94, 102, 103, 105, 106, 107, 108, 109, 111, 117, 121, 123, 124, 125, 126, 128, 134, 139, 140, 150, 151, 153, 163, 168, 169, 171, 172, 177, 185, 190, 191, 195, 202, 203, 204, 205, 209, 212, 216, 219, 220, 221, 225, 226, 227, 232, 236, 240, 241, 246, 251, 254, 259, 260, 270, 273, 281, 282, 284, 285, 287, 289, 295, 296, 302, 306, 309, 322, 325, 329, 335, 338, 342, 349, 352, 358, 359, 364, 366, 367, 368, 369, 372, 373, 380, 382, 383, 387, 388, 390, 396]
x_313: [1, 2, 5, 9, 12, 16, 17, 18, 27, 32, 39, 44, 54, 55, 57, 59, 61, 63, 67, 75, 77, 82, 83, 87, 88, 91, 94, 96, 97, 102, 103, 106, 109, 112, 114, 115, 116, 117, 118, 120, 121, 128, 148, 149, 154, 156, 159, 161, 163, 164, 165, 168, 169, 170, 171, 172, 173, 181, 182, 190, 197, 207, 209, 210, 212, 216, 217, 219, 222, 223, 225, 227, 231, 237, 244, 248, 249, 251, 252, 258, 259, 262, 263, 265, 286, 287, 291, 296, 299, 304, 309, 310, 318, 323, 327, 328, 329, 331, 332, 337, 339, 342, 343, 344, 347, 356, 359, 364, 366, 368, 369, 377, 378, 382, 384, 385, 386, 387, 390, 391, 397, 398, 400]
x_314: [3, 4, 10, 11, 12, 15, 23, 25, 27, 30, 35, 40, 43, 44, 47, 56, 59, 60, 62, 63, 64, 73, 79, 81, 82, 88, 90, 91, 93, 95, 100, 101, 102, 104, 105, 107, 115, 118, 120, 122, 124, 125, 128, 131, 134, 137, 146, 152, 153, 155, 158, 159, 160, 161, 162, 164, 166, 168, 169, 171, 174, 175, 179, 183, 188, 189, 195, 201, 203, 204, 207, 217, 218, 220, 224, 225, 227, 229, 231, 236, 239, 248, 253, 255, 261, 263, 266, 272, 279, 287, 289, 290, 297, 299, 302, 303, 305, 308, 311, 319, 321, 325, 330, 331, 343, 345, 350, 354, 358, 363, 364, 367, 370, 372, 376, 380, 386, 388, 394, 395, 396, 397]
x_315: [2, 3, 5, 6, 11, 12, 13, 15, 19, 20, 31, 32, 34, 35, 38, 39, 42, 43, 44, 45, 49, 50, 55, 58, 59, 63, 65, 66, 69, 71, 73, 75, 81, 84, 86, 89, 93, 96, 97, 103, 104, 107, 109, 119, 120, 121, 126, 128, 129, 132, 136, 147, 154, 155, 157, 161, 165, 166, 169, 172, 173, 177, 179, 186, 187, 189, 191, 192, 194, 206, 207, 209, 211, 216, 223, 228, 229, 231, 232, 233, 234, 235, 236, 241, 243, 244, 248, 258, 259, 262, 268, 269, 270, 273, 274, 275, 276, 279, 282, 284, 285, 291, 292, 306, 307, 319, 325, 331, 335, 336, 337, 338, 342, 346, 347, 348, 349, 351, 358, 360, 361, 363, 367, 368, 370, 373, 376, 379, 385, 389, 391, 392, 394, 395, 398, 400]
x_316: [2, 10, 12, 14, 19, 31, 33, 34, 36, 38, 42, 43, 45, 46, 58, 61, 63, 64, 65, 69, 76, 82, 85, 86, 91, 93, 96, 97, 99, 101, 104, 106, 108, 113, 115, 119, 126, 131, 134, 138, 140, 141, 142, 143, 149, 155, 165, 168, 170, 172, 175, 178, 179, 181, 182, 186, 187, 188, 190, 200, 201, 202, 205, 209, 215, 216, 221, 227, 229, 235, 239, 244, 245, 246, 252, 257, 260, 263, 269, 270, 273, 280, 282, 287, 291, 292, 294, 295, 297, 305, 306, 307, 317, 319, 329, 331, 333, 335, 340, 344, 355, 363, 374, 382, 383, 386, 389, 390, 395, 397, 398]
x_317: [3, 4, 5, 7, 8, 14, 15, 19, 21, 24, 30, 31, 40, 49, 50, 54, 61, 70, 77, 84, 86, 88, 90, 91, 95, 101, 104, 105, 112, 113, 114, 120, 121, 127, 128, 131, 132, 133, 135, 137, 140, 145, 146, 148, 149, 156, 161, 162, 167, 171, 173, 181, 187, 190, 193, 196, 200, 202, 204, 207, 208, 209, 210, 216, 217, 219, 227, 232, 235, 236, 238, 240, 242, 245, 248, 251, 254, 256, 259, 261, 262, 266, 267, 268, 269, 272, 273, 274, 281, 283, 289, 290, 291, 294, 296, 299, 316, 319, 320, 322, 324, 328, 329, 336, 349, 350, 354, 356, 359, 361, 365, 368, 372, 373, 374, 379, 384, 386, 387, 395, 396, 397, 398]
x_318: [4, 8, 13, 19, 22, 24, 27, 30, 32, 34, 37, 38, 43, 46, 47, 48, 50, 51, 54, 55, 56, 57, 58, 66, 71, 74, 78, 82, 83, 87, 88, 90, 96, 98, 101, 104, 106, 108, 109, 111, 112, 125, 127, 130, 131, 137, 139, 140, 141, 145, 148, 152, 153, 159, 164, 165, 171, 172, 173, 174, 177, 182, 184, 185, 192, 193, 194, 197, 211, 214, 227, 228, 232, 234, 235, 239, 241, 247, 250, 264, 265, 266, 267, 268, 270, 271, 274, 276, 279, 283, 294, 299, 300, 301, 304, 305, 307, 308, 313, 322, 323, 326, 328, 329, 330, 333, 336, 341, 344, 346, 348, 351, 355, 363, 365, 367, 371, 373, 374, 377, 378, 379, 382, 384, 389, 393]
x_319: [2, 12, 13, 21, 23, 29, 30, 34, 36, 41, 43, 44, 45, 58, 61, 63, 69, 71, 75, 79, 99, 100, 104, 110, 111, 112, 114, 115, 118, 119, 120, 121, 127, 130, 132, 134, 135, 136, 141, 144, 145, 146, 151, 152, 155, 156, 160, 161, 163, 164, 175, 176, 177, 181, 183, 189, 193, 194, 195, 196, 199, 200, 201, 205, 206, 210, 212, 213, 216, 217, 221, 223, 230, 240, 242, 246, 247, 258, 260, 262, 264, 267, 268, 273, 275, 277, 283, 286, 294, 298, 299, 302, 304, 306, 307, 309, 310, 314, 315, 316, 317, 320, 325, 328, 335, 337, 338, 340, 342, 348, 349, 372, 373, 374, 375, 379, 380, 383, 387, 389, 390, 392, 394, 396]
x_320: [1, 12, 13, 15, 21, 25, 28, 29, 32, 37, 42, 46, 49, 51, 61, 77, 82, 83, 85, 86, 87, 88, 89, 91, 92, 96, 98, 99, 100, 103, 112, 113, 125, 130, 132, 134, 138, 139, 157, 162, 163, 165, 166, 168, 171, 172, 182, 189, 193, 195, 197, 199, 201, 207, 211, 216, 217, 219, 221, 223, 224, 225, 226, 227, 228, 230, 234, 237, 243, 247, 249, 250, 251, 252, 253, 255, 258, 262, 264, 266, 268, 270, 273, 276, 277, 290, 292, 295, 299, 300, 301, 308, 317, 319, 321, 327, 329, 330, 332, 334, 339, 341, 342, 347, 348, 349, 350, 356, 357, 358, 361, 366, 369, 371, 374, 379, 380, 384, 385, 388, 393, 394, 398, 399]
x_321: [5, 8, 12, 17, 23, 30, 33, 34, 44, 56, 59, 66, 69, 77, 82, 87, 90, 102, 104, 109, 113, 123, 127, 129, 131, 132, 139, 141, 145, 164, 168, 174, 175, 177, 179, 181, 184, 186, 187, 191, 192, 193, 198, 199, 204, 205, 207, 209, 211, 222, 224, 226, 230, 232, 234, 252, 254, 261, 265, 270, 272, 275, 276, 281, 291, 292, 293, 297, 299, 304, 307, 309, 314, 320, 325, 328, 334, 338, 343, 347, 352, 355, 356, 364, 365, 367, 371, 374, 375, 380, 385, 388, 389, 395]
x_322: [3, 5, 6, 10, 16, 19, 21, 23, 25, 27, 32, 38, 51, 52, 57, 59, 61, 69, 70, 74, 75, 78, 84, 86, 90, 91, 98, 104, 107, 114, 121, 124, 126, 127, 130, 131, 133, 134, 136, 140, 141, 142, 152, 153, 155, 156, 159, 160, 177, 179, 185, 187, 189, 190, 192, 194, 196, 199, 205, 210, 212, 219, 220, 224, 228, 230, 234, 237, 243, 246, 250, 252, 259, 261, 262, 263, 273, 274, 276, 277, 278, 279, 280, 283, 287, 288, 293, 295, 306, 308, 309, 310, 312, 317, 318, 327, 331, 336, 342, 343, 348, 350, 362, 363, 364, 370, 371, 373, 374, 376, 378, 381, 383, 384, 385, 388, 395]
x_323: [2, 3, 4, 9, 14, 15, 20, 22, 28, 31, 38, 40, 53, 54, 56, 60, 67, 68, 70, 71, 73, 75, 76, 77, 81, 84, 87, 88, 90, 91, 97, 102, 104, 108, 117, 121, 127, 129, 131, 133, 137, 140, 141, 147, 148, 149, 152, 153, 155, 156, 164, 166, 173, 174, 175, 176, 177, 182, 183, 187, 190, 192, 194, 198, 208, 209, 222, 223, 229, 231, 232, 234, 236, 239, 242, 245, 252, 253, 255, 260, 261, 265, 267, 268, 275, 287, 295, 298, 299, 303, 305, 310, 311, 313, 318, 325, 327, 328, 330, 334, 340, 341, 347, 351, 355, 357, 358, 364, 368, 369, 370, 373, 375, 377, 380, 382, 387, 389, 390, 391, 398]
x_324: [1, 7, 8, 10, 14, 25, 26, 28, 32, 35, 37, 38, 40, 41, 42, 47, 48, 51, 52, 53, 58, 61, 66, 69, 70, 73, 77, 79, 80, 82, 83, 84, 94, 102, 104, 109, 113, 115, 116, 124, 127, 129, 132, 133, 134, 135, 141, 142, 147, 155, 157, 158, 159, 163, 166, 168, 169, 174, 177, 180, 181, 184, 185, 191, 193, 194, 196, 199, 200, 201, 202, 207, 215, 224, 226, 232, 233, 238, 246, 247, 250, 251, 261, 269, 274, 276, 281, 294, 301, 302, 306, 310, 311, 317, 327, 330, 331, 335, 337, 339, 343, 346, 347, 349, 351, 354, 355, 359, 362, 363, 364, 365, 368, 369, 370, 375, 376, 377, 378, 380, 386, 387, 390, 393, 394, 395, 398]
x_325: [3, 5, 6, 10, 11, 18, 20, 22, 30, 32, 33, 35, 36, 41, 43, 44, 48, 49, 55, 56, 58, 61, 66, 74, 75, 77, 78, 79, 87, 89, 91, 96, 98, 103, 105, 107, 108, 109, 110, 111, 116, 118, 120, 122, 126, 127, 128, 132, 136, 139, 141, 145, 146, 149, 152, 154, 158, 163, 164, 167, 173, 175, 176, 185, 186, 189, 194, 196, 199, 203, 204, 210, 212, 220, 221, 230, 231, 243, 244, 245, 246, 247, 256, 260, 262, 263, 264, 268, 269, 272, 277, 283, 287, 293, 295, 307, 308, 312, 314, 315, 319, 321, 323, 326, 330, 333, 334, 338, 341, 347, 350, 352, 354, 357, 358, 361, 367, 372, 374, 379, 385, 386, 388, 389, 390, 393, 396, 397, 400]
x_326: [2, 5, 8, 15, 17, 18, 19, 20, 24, 25, 28, 38, 39, 42, 44, 53, 54, 55, 58, 63, 70, 76, 79, 81, 84, 87, 88, 90, 93, 98, 102, 104, 106, 110, 112, 113, 116, 120, 122, 124, 129, 131, 137, 138, 140, 144, 145, 146, 149, 150, 155, 156, 158, 159, 160, 167, 175, 184, 185, 189, 193, 195, 199, 204, 206, 209, 210, 211, 212, 214, 216, 220, 225, 226, 228, 231, 232, 235, 238, 241, 247, 249, 250, 251, 258, 265, 275, 277, 280, 282, 284, 286, 291, 293, 294, 295, 300, 306, 318, 325, 329, 330, 335, 338, 347, 350, 354, 357, 362, 363, 364, 370, 371, 372, 376, 378, 380, 390, 393, 398]
x_327: [4, 6, 8, 9, 11, 15, 16, 18, 19, 24, 26, 27, 28, 30, 43, 45, 46, 48, 51, 52, 57, 58, 62, 70, 71, 73, 75, 79, 83, 85, 87, 91, 94, 100, 105, 106, 107, 110, 111, 115, 117, 118, 121, 131, 137, 139, 141, 143, 146, 148, 149, 150, 154, 156, 160, 166, 176, 181, 182, 186, 190, 192, 195, 196, 199, 201, 202, 207, 208, 212, 218, 219, 220, 223, 227, 230, 232, 233, 237, 238, 239, 240, 241, 246, 250, 251, 252, 253, 254, 263, 264, 267, 272, 281, 282, 284, 286, 289, 292, 295, 296, 301, 302, 303, 304, 305, 308, 310, 313, 320, 322, 323, 324, 328, 335, 338, 345, 346, 348, 352, 353, 355, 361, 362, 365, 367, 369, 370, 377, 387, 391, 393, 395, 396]
x_328: [1, 2, 3, 4, 6, 11, 18, 20, 34, 35, 42, 45, 47, 50, 54, 57, 59, 61, 67, 69, 71, 78, 83, 88, 89, 91, 93, 94, 103, 106, 109, 110, 112, 115, 124, 132, 133, 136, 150, 154, 156, 159, 167, 168, 174, 176, 177, 179, 181, 182, 188, 191, 201, 202, 203, 204, 205, 206, 211, 220, 224, 227, 229, 233, 234, 237, 238, 240, 245, 250, 252, 258, 259, 261, 262, 265, 271, 274, 275, 284, 291, 293, 296, 297, 298, 306, 309, 311, 313, 317, 318, 319, 321, 323, 327, 330, 332, 333, 337, 339, 341, 356, 359, 364, 373, 374, 377, 381, 386, 390, 393]
x_329: [2, 3, 4, 6, 14, 25, 26, 30, 31, 36, 38, 40, 45, 47, 51, 57, 61, 62, 66, 68, 69, 71, 74, 77, 81, 85, 88, 90, 91, 95, 98, 101, 106, 107, 109, 112, 115, 116, 119, 120, 124, 132, 133, 134, 135, 136, 142, 143, 144, 146, 149, 151, 152, 157, 161, 163, 164, 165, 166, 169, 183, 184, 188, 190, 191, 198, 200, 202, 203, 205, 206, 208, 209, 220, 225, 226, 228, 232, 240, 244, 246, 247, 253, 254, 255, 261, 264, 265, 268, 269, 270, 273, 281, 284, 285, 291, 297, 301, 302, 303, 304, 306, 310, 311, 312, 313, 316, 317, 318, 320, 326, 333, 335, 340, 341, 348, 358, 365, 370, 371, 372, 376, 383, 388, 390, 396, 397, 400]
x_330: [1, 5, 7, 8, 9, 16, 35, 37, 39, 42, 45, 51, 52, 55, 61, 67, 78, 81, 82, 83, 89, 92, 97, 100, 101, 102, 107, 110, 116, 119, 120, 121, 123, 126, 131, 133, 135, 136, 138, 145, 146, 155, 159, 166, 167, 177, 182, 184, 187, 190, 191, 195, 198, 201, 202, 203, 204, 205, 207, 209, 217, 218, 224, 229, 230, 236, 238, 239, 241, 244, 245, 249, 251, 254, 255, 257, 259, 260, 272, 282, 286, 288, 289, 290, 299, 305, 307, 314, 318, 320, 323, 324, 325, 326, 328, 333, 334, 336, 338, 343, 347, 355, 358, 370, 375, 378, 381, 382, 383, 386, 393, 395]
x_331: [4, 6, 9, 14, 15, 19, 23, 26, 29, 33, 34, 36, 43, 46, 48, 64, 68, 69, 70, 72, 79, 83, 91, 92, 99, 100, 101, 102, 103, 107, 108, 116, 118, 120, 122, 123, 131, 135, 144, 147, 152, 154, 156, 158, 161, 162, 165, 166, 167, 168, 169, 178, 188, 197, 201, 202, 204, 207, 208, 209, 210, 216, 217, 221, 229, 231, 233, 234, 241, 242, 243, 249, 260, 262, 267, 271, 278, 279, 282, 283, 284, 285, 289, 293, 294, 298, 299, 300, 305, 308, 309, 313, 314, 315, 316, 322, 324, 333, 334, 338, 339, 346, 349, 354, 355, 360, 361, 364, 367, 370, 374, 375, 382, 385, 389, 392, 397]
x_332: [7, 10, 11, 16, 21, 30, 37, 45, 52, 54, 57, 60, 61, 62, 63, 64, 65, 68, 72, 74, 75, 76, 80, 81, 82, 84, 86, 90, 92, 93, 96, 98, 99, 100, 102, 118, 119, 122, 128, 129, 135, 139, 140, 144, 145, 146, 147, 150, 153, 156, 157, 167, 169, 179, 180, 184, 185, 196, 197, 203, 212, 214, 215, 216, 218, 219, 223, 230, 232, 238, 239, 242, 244, 247, 253, 254, 255, 256, 258, 260, 261, 264, 266, 275, 276, 277, 279, 282, 285, 286, 288, 292, 296, 298, 301, 302, 304, 313, 320, 328, 348, 349, 352, 354, 356, 359, 361, 377, 380, 388, 398]
x_333: [4, 5, 8, 9, 11, 14, 15, 16, 19, 32, 33, 35, 36, 37, 39, 40, 42, 46, 52, 53, 63, 69, 71, 77, 82, 84, 90, 103, 105, 114, 116, 117, 121, 123, 124, 128, 130, 136, 139, 141, 142, 143, 147, 148, 150, 152, 156, 160, 161, 163, 165, 166, 168, 174, 177, 178, 179, 183, 186, 197, 199, 202, 210, 211, 213, 214, 218, 220, 221, 229, 232, 237, 247, 248, 249, 253, 256, 260, 261, 266, 269, 274, 280, 283, 284, 285, 286, 290, 293, 294, 296, 297, 299, 300, 301, 304, 305, 308, 309, 310, 316, 318, 325, 328, 329, 330, 331, 334, 338, 341, 342, 348, 353, 354, 361, 366, 381, 383, 384, 391, 393]
x_334: [2, 3, 6, 7, 10, 11, 16, 21, 22, 24, 28, 29, 35, 39, 43, 44, 49, 50, 52, 55, 56, 61, 66, 67, 68, 71, 74, 81, 87, 92, 93, 94, 95, 97, 99, 102, 106, 108, 117, 118, 119, 123, 124, 126, 129, 130, 135, 137, 143, 145, 150, 153, 156, 158, 163, 166, 167, 174, 175, 178, 180, 184, 189, 191, 194, 195, 200, 206, 207, 210, 214, 220, 234, 238, 244, 245, 249, 250, 251, 253, 254, 258, 260, 263, 266, 267, 270, 275, 276, 278, 286, 290, 292, 294, 297, 303, 304, 305, 307, 308, 320, 321, 323, 325, 330, 331, 333, 336, 339, 344, 351, 356, 357, 369, 377, 381, 387, 392, 394, 398, 399]
x_335: [2, 3, 4, 8, 14, 19, 22, 23, 24, 29, 33, 40, 41, 47, 48, 53, 54, 63, 64, 66, 68, 69, 73, 80, 90, 94, 104, 107, 110, 111, 112, 114, 115, 126, 128, 132, 138, 141, 153, 154, 155, 159, 162, 164, 166, 168, 171, 173, 175, 179, 184, 188, 190, 193, 196, 202, 205, 208, 212, 216, 217, 218, 220, 222, 223, 224, 225, 228, 231, 237, 239, 240, 242, 248, 249, 251, 252, 257, 262, 264, 267, 268, 270, 279, 280, 281, 286, 287, 288, 292, 293, 294, 299, 312, 315, 316, 319, 324, 326, 327, 329, 341, 349, 351, 357, 358, 359, 360, 364, 370, 371, 379, 381, 385, 386, 388, 389, 392, 393, 395, 396, 397]
x_336: [2, 13, 16, 18, 19, 22, 27, 31, 38, 39, 40, 41, 54, 57, 58, 59, 62, 64, 71, 76, 79, 80, 84, 88, 90, 94, 96, 99, 101, 102, 106, 109, 110, 115, 124, 125, 128, 131, 133, 138, 143, 147, 150, 160, 165, 167, 169, 170, 171, 177, 179, 188, 189, 190, 192, 201, 203, 206, 207, 208, 209, 213, 218, 220, 225, 229, 230, 231, 233, 236, 238, 245, 246, 247, 249, 250, 251, 257, 262, 263, 264, 265, 269, 270, 277, 279, 284, 290, 291, 293, 300, 303, 306, 315, 317, 318, 322, 330, 334, 337, 342, 343, 347, 355, 357, 359, 362, 366, 368, 379, 380, 383, 384, 386, 387, 390, 392, 393, 395, 396, 399, 400]
x_337: [2, 3, 4, 7, 9, 12, 17, 19, 20, 27, 28, 30, 42, 46, 48, 49, 50, 53, 57, 60, 61, 64, 73, 79, 88, 91, 95, 101, 102, 103, 108, 110, 114, 121, 127, 128, 130, 132, 136, 137, 143, 144, 145, 146, 148, 151, 152, 157, 158, 160, 163, 168, 169, 172, 173, 176, 180, 181, 184, 187, 188, 190, 198, 203, 215, 216, 218, 219, 223, 224, 228, 229, 230, 231, 234, 236, 242, 244, 248, 249, 252, 256, 257, 259, 262, 263, 264, 267, 268, 270, 274, 276, 277, 281, 286, 287, 294, 295, 298, 302, 304, 306, 309, 311, 313, 315, 319, 324, 328, 336, 338, 344, 345, 346, 348, 359, 361, 364, 365, 367, 374, 379, 380, 381, 384, 385, 391, 393, 398, 400]
x_338: [1, 5, 6, 10, 11, 13, 15, 18, 22, 26, 29, 32, 34, 35, 39, 41, 42, 43, 53, 55, 68, 74, 78, 80, 84, 97, 99, 103, 104, 105, 107, 110, 123, 134, 138, 143, 144, 145, 148, 150, 153, 158, 160, 161, 162, 166, 167, 170, 174, 189, 190, 192, 195, 198, 200, 201, 207, 213, 214, 216, 218, 221, 230, 232, 238, 239, 242, 243, 245, 246, 248, 251, 252, 255, 257, 258, 259, 264, 265, 267, 269, 270, 271, 272, 276, 278, 285, 286, 288, 289, 290, 295, 299, 301, 303, 305, 307, 308, 312, 315, 319, 321, 325, 326, 327, 330, 331, 333, 337, 339, 344, 347, 351, 354, 355, 359, 360, 372, 376, 377, 384, 385, 386, 390, 392, 398, 400]
x_339: [2, 8, 10, 11, 17, 18, 23, 24, 26, 32, 34, 36, 37, 39, 40, 44, 46, 49, 51, 55, 59, 62, 63, 65, 68, 76, 77, 82, 85, 87, 91, 93, 95, 96, 102, 112, 117, 119, 121, 122, 124, 125, 128, 131, 134, 138, 139, 144, 146, 150, 151, 152, 161, 170, 172, 173, 174, 181, 182, 183, 185, 188, 190, 193, 195, 201, 207, 210, 211, 214, 216, 222, 224, 225, 229, 236, 238, 243, 244, 246, 248, 249, 256, 257, 258, 259, 261, 264, 269, 279, 280, 283, 285, 286, 287, 288, 289, 294, 299, 302, 303, 305, 306, 309, 313, 320, 324, 328, 331, 334, 338, 342, 359, 360, 362, 366, 368, 369, 373, 374, 378, 380, 382, 384, 385, 386, 391, 392, 397, 400]
x_340: [1, 4, 7, 10, 11, 14, 17, 22, 27, 28, 31, 34, 37, 42, 50, 54, 56, 57, 58, 59, 61, 62, 63, 64, 65, 69, 70, 76, 77, 79, 80, 85, 92, 94, 100, 107, 111, 117, 122, 132, 133, 136, 138, 142, 145, 150, 151, 155, 157, 165, 166, 170, 174, 180, 182, 200, 204, 205, 207, 208, 216, 219, 225, 227, 230, 231, 236, 238, 242, 247, 250, 251, 252, 254, 255, 256, 259, 260, 263, 270, 282, 286, 287, 291, 292, 294, 299, 301, 302, 303, 304, 308, 310, 316, 319, 323, 329, 343, 354, 357, 364, 369, 373, 377, 379, 380, 381, 385, 386, 391, 394, 396]
x_341: [9, 11, 15, 16, 17, 20, 21, 28, 29, 32, 33, 34, 38, 40, 43, 44, 50, 53, 55, 65, 66, 68, 69, 72, 74, 79, 95, 100, 107, 111, 112, 113, 115, 116, 119, 120, 121, 125, 126, 127, 129, 130, 131, 132, 137, 139, 141, 159, 161, 163, 169, 179, 181, 183, 184, 188, 195, 201, 204, 212, 214, 217, 218, 223, 224, 227, 229, 232, 233, 235, 245, 250, 255, 260, 265, 267, 268, 269, 275, 276, 282, 284, 285, 299, 301, 311, 318, 320, 323, 325, 328, 329, 333, 335, 343, 344, 347, 357, 366, 367, 368, 378, 379, 382, 386, 387, 388, 394, 400]
x_342: [1, 3, 7, 8, 9, 11, 13, 15, 16, 17, 18, 21, 23, 25, 26, 34, 39, 41, 43, 46, 47, 49, 53, 55, 58, 60, 64, 65, 67, 73, 77, 83, 88, 95, 96, 105, 106, 107, 108, 110, 112, 116, 121, 127, 133, 138, 139, 145, 146, 147, 154, 157, 158, 159, 160, 162, 164, 166, 172, 176, 180, 183, 185, 188, 196, 199, 202, 206, 208, 209, 210, 213, 220, 228, 231, 235, 236, 237, 240, 243, 248, 253, 257, 260, 261, 268, 271, 272, 278, 280, 283, 284, 285, 286, 287, 290, 302, 304, 305, 306, 312, 313, 315, 319, 320, 322, 333, 336, 339, 344, 347, 353, 364, 366, 372, 375, 377, 378, 383, 384, 388, 389, 391, 393, 398]
x_343: [3, 5, 6, 7, 13, 19, 23, 24, 29, 35, 39, 40, 41, 42, 48, 49, 50, 55, 57, 58, 63, 66, 67, 69, 72, 76, 80, 84, 88, 89, 91, 93, 99, 101, 109, 110, 113, 114, 125, 126, 127, 137, 138, 139, 141, 143, 146, 149, 150, 151, 155, 157, 159, 166, 171, 174, 175, 180, 181, 183, 190, 192, 193, 194, 197, 201, 202, 216, 222, 223, 224, 225, 227, 234, 236, 238, 240, 245, 246, 249, 251, 253, 257, 260, 261, 265, 266, 270, 272, 273, 276, 278, 279, 282, 283, 286, 287, 303, 304, 307, 310, 313, 314, 321, 322, 324, 330, 336, 340, 341, 349, 351, 353, 355, 359, 362, 364, 365, 366, 370, 376, 381, 384, 388, 390, 393, 394, 395, 397]
x_344: [3, 5, 8, 9, 14, 15, 22, 24, 25, 26, 30, 35, 37, 40, 41, 47, 55, 65, 67, 75, 79, 84, 86, 88, 92, 99, 100, 105, 106, 108, 110, 119, 120, 121, 122, 125, 126, 127, 129, 131, 134, 135, 142, 145, 149, 150, 156, 158, 162, 165, 166, 169, 171, 175, 178, 183, 184, 185, 187, 193, 198, 201, 208, 212, 218, 220, 225, 227, 231, 232, 233, 236, 237, 238, 241, 243, 250, 251, 253, 254, 257, 262, 263, 264, 275, 276, 280, 292, 293, 295, 296, 298, 302, 304, 305, 308, 313, 316, 318, 334, 337, 338, 341, 342, 346, 348, 352, 353, 354, 356, 357, 358, 361, 363, 367, 370, 371, 381, 382, 384, 386, 387, 391, 394, 398, 399]
x_345: [3, 5, 6, 10, 11, 14, 18, 22, 27, 31, 32, 33, 43, 44, 51, 52, 58, 60, 63, 64, 68, 73, 74, 76, 84, 98, 103, 105, 111, 112, 113, 114, 115, 121, 127, 129, 134, 136, 138, 140, 143, 144, 146, 147, 154, 156, 159, 160, 162, 163, 165, 166, 170, 177, 182, 186, 189, 191, 197, 200, 202, 203, 207, 213, 219, 221, 230, 231, 233, 234, 235, 236, 238, 242, 247, 248, 250, 252, 253, 257, 258, 259, 261, 265, 270, 272, 274, 277, 283, 285, 286, 288, 289, 294, 302, 303, 305, 307, 309, 314, 327, 337, 347, 348, 349, 354, 355, 358, 359, 364, 376, 378, 380, 382, 387, 390, 391, 397, 399]
x_346: [1, 3, 5, 6, 9, 16, 19, 20, 29, 31, 32, 33, 37, 39, 42, 49, 50, 51, 53, 56, 60, 61, 62, 63, 66, 76, 82, 85, 87, 88, 89, 90, 91, 93, 95, 96, 98, 100, 102, 109, 118, 123, 125, 126, 128, 148, 152, 153, 154, 155, 157, 160, 163, 164, 165, 166, 175, 177, 181, 188, 192, 195, 196, 198, 203, 214, 216, 220, 224, 226, 231, 232, 234, 235, 236, 245, 248, 250, 254, 263, 264, 271, 274, 275, 276, 278, 279, 282, 289, 293, 308, 310, 315, 318, 324, 327, 331, 337, 344, 349, 350, 351, 353, 354, 355, 357, 373, 375, 387, 388, 394]
x_347: [6, 7, 10, 11, 12, 14, 17, 21, 22, 25, 35, 41, 50, 53, 54, 55, 59, 62, 63, 65, 66, 81, 86, 87, 95, 98, 99, 103, 105, 107, 108, 109, 111, 112, 117, 118, 119, 121, 122, 124, 129, 131, 132, 133, 134, 137, 140, 146, 147, 150, 151, 158, 161, 162, 163, 166, 168, 169, 175, 180, 182, 185, 191, 192, 194, 197, 199, 203, 205, 206, 207, 210, 211, 213, 217, 219, 243, 244, 249, 256, 263, 267, 269, 270, 273, 274, 277, 278, 279, 280, 281, 286, 293, 295, 299, 305, 311, 313, 315, 320, 321, 323, 324, 325, 326, 330, 336, 338, 341, 342, 345, 349, 352, 353, 354, 362, 368, 375, 387, 391, 397]
x_348: [1, 4, 7, 9, 11, 14, 20, 21, 25, 30, 34, 35, 36, 37, 38, 39, 41, 46, 49, 50, 52, 55, 56, 57, 58, 60, 65, 68, 70, 74, 76, 79, 81, 87, 89, 94, 97, 100, 102, 103, 104, 105, 108, 112, 113, 119, 121, 122, 124, 125, 127, 135, 141, 146, 151, 152, 153, 155, 162, 163, 166, 169, 172, 174, 178, 180, 185, 192, 194, 199, 202, 203, 204, 211, 216, 218, 219, 220, 224, 228, 235, 238, 240, 241, 242, 248, 250, 259, 267, 268, 271, 272, 276, 277, 280, 282, 283, 284, 289, 294, 296, 297, 306, 315, 318, 319, 320, 322, 327, 329, 332, 333, 337, 344, 345, 351, 362, 366, 374, 375, 377, 383, 384, 385, 386, 388, 389, 393, 396, 400]
x_349: [1, 2, 4, 11, 21, 22, 25, 28, 32, 39, 47, 49, 52, 54, 63, 64, 69, 73, 74, 76, 83, 85, 89, 92, 96, 98, 100, 105, 107, 108, 109, 110, 116, 118, 121, 125, 126, 137, 138, 145, 146, 147, 151, 152, 154, 158, 162, 164, 165, 167, 170, 172, 177, 178, 187, 190, 192, 201, 204, 205, 206, 208, 214, 221, 223, 229, 230, 231, 232, 233, 234, 235, 236, 246, 250, 251, 257, 271, 278, 279, 284, 285, 288, 295, 298, 299, 302, 304, 308, 311, 312, 315, 317, 319, 320, 324, 331, 332, 335, 343, 345, 346, 347, 352, 356, 358, 367, 370, 374, 378, 379, 383, 384, 385, 390, 392, 394, 396, 398]
x_350: [1, 9, 12, 15, 21, 24, 25, 36, 38, 43, 44, 57, 62, 63, 67, 72, 73, 74, 76, 79, 80, 82, 83, 85, 86, 87, 99, 102, 107, 110, 111, 112, 116, 118, 123, 126, 134, 137, 138, 141, 142, 147, 148, 149, 159, 161, 162, 163, 165, 176, 183, 185, 188, 196, 205, 206, 209, 210, 212, 215, 217, 218, 219, 222, 224, 226, 229, 233, 235, 245, 250, 251, 253, 255, 257, 263, 265, 269, 272, 273, 275, 277, 279, 282, 284, 285, 289, 290, 295, 296, 297, 299, 300, 305, 314, 317, 320, 322, 325, 326, 346, 353, 357, 363, 369, 379, 380, 381, 391, 392]
x_351: [1, 4, 7, 9, 16, 19, 21, 24, 26, 31, 32, 33, 40, 42, 45, 46, 48, 49, 54, 56, 62, 65, 66, 71, 76, 80, 81, 82, 85, 89, 92, 95, 103, 107, 110, 117, 118, 124, 126, 133, 138, 142, 144, 151, 153, 156, 158, 161, 163, 176, 177, 181, 187, 189, 191, 199, 211, 215, 216, 219, 221, 222, 227, 230, 231, 239, 244, 248, 250, 253, 254, 261, 263, 265, 268, 275, 276, 277, 278, 281, 285, 288, 295, 303, 307, 311, 315, 318, 323, 324, 334, 335, 338, 343, 346, 348, 359, 362, 364, 365, 370, 371, 380, 384, 385, 386, 388]
x_352: [2, 5, 6, 7, 9, 14, 17, 18, 19, 22, 24, 27, 30, 32, 34, 35, 42, 48, 57, 59, 61, 71, 79, 85, 94, 97, 98, 99, 104, 109, 113, 117, 129, 130, 131, 135, 139, 143, 144, 145, 149, 151, 152, 155, 157, 161, 162, 164, 169, 177, 180, 181, 182, 183, 186, 188, 189, 191, 192, 194, 195, 196, 198, 201, 204, 207, 208, 210, 211, 213, 215, 224, 225, 228, 229, 232, 233, 235, 237, 240, 242, 245, 247, 250, 253, 254, 255, 259, 262, 263, 269, 273, 274, 277, 282, 283, 289, 290, 293, 296, 304, 306, 308, 309, 310, 312, 321, 325, 327, 332, 344, 347, 349, 355, 357, 358, 362, 364, 374, 377, 380, 381, 389, 394, 395, 399]
x_353: [6, 11, 13, 18, 22, 24, 25, 26, 31, 36, 37, 39, 41, 45, 50, 51, 54, 56, 57, 61, 64, 69, 70, 75, 80, 86, 88, 98, 99, 104, 105, 106, 107, 109, 118, 124, 129, 139, 141, 142, 144, 150, 161, 169, 171, 174, 175, 176, 178, 185, 187, 197, 204, 208, 213, 219, 221, 225, 228, 235, 238, 240, 241, 242, 248, 250, 255, 256, 258, 262, 263, 270, 273, 279, 282, 284, 286, 290, 300, 301, 310, 327, 333, 342, 343, 344, 346, 347, 350, 357, 359, 361, 363, 364, 365, 366, 368, 373, 374, 375, 376, 378, 379, 380, 383, 387, 390, 393, 395, 398]
x_354: [3, 12, 15, 20, 21, 30, 31, 39, 40, 43, 47, 49, 52, 56, 57, 58, 59, 63, 76, 77, 83, 84, 89, 91, 94, 97, 100, 103, 104, 106, 107, 110, 115, 117, 119, 120, 128, 130, 133, 138, 140, 143, 144, 145, 146, 150, 152, 153, 155, 156, 157, 171, 179, 180, 181, 182, 187, 189, 190, 194, 196, 203, 209, 210, 211, 214, 218, 220, 222, 225, 228, 229, 231, 232, 233, 235, 236, 241, 244, 245, 247, 249, 250, 253, 254, 257, 260, 261, 263, 265, 268, 270, 271, 274, 275, 286, 289, 290, 291, 295, 299, 302, 309, 310, 314, 317, 324, 325, 326, 331, 332, 333, 338, 340, 344, 345, 346, 347, 357, 358, 359, 360, 361, 363, 364, 368, 369, 371, 372, 380, 381, 382, 383, 386, 389, 400]
x_355: [3, 7, 10, 11, 13, 15, 16, 20, 23, 30, 35, 36, 37, 47, 48, 51, 64, 68, 78, 81, 84, 86, 87, 93, 96, 100, 102, 104, 108, 113, 129, 134, 135, 138, 139, 144, 145, 148, 149, 150, 154, 155, 156, 157, 160, 161, 170, 171, 172, 180, 181, 182, 186, 188, 189, 194, 196, 198, 203, 204, 206, 207, 209, 216, 217, 220, 228, 231, 233, 237, 247, 248, 252, 253, 258, 259, 260, 265, 279, 280, 281, 282, 283, 285, 292, 294, 298, 301, 306, 307, 310, 316, 318, 321, 323, 324, 327, 330, 331, 336, 338, 343, 345, 346, 352, 358, 359, 362, 370, 371, 381, 382, 388, 394, 395, 400]
x_356: [2, 4, 6, 7, 16, 21, 22, 25, 27, 36, 41, 42, 43, 45, 50, 54, 57, 59, 61, 63, 72, 75, 77, 80, 85, 86, 90, 94, 98, 100, 105, 106, 109, 116, 118, 121, 122, 125, 127, 131, 133, 134, 139, 143, 147, 148, 149, 150, 152, 157, 166, 168, 170, 171, 174, 181, 182, 183, 185, 186, 187, 190, 191, 192, 197, 200, 202, 204, 206, 207, 211, 215, 220, 221, 223, 225, 226, 229, 231, 234, 238, 243, 245, 252, 254, 256, 263, 266, 270, 279, 281, 283, 285, 287, 289, 292, 296, 299, 300, 302, 303, 304, 305, 313, 317, 320, 321, 328, 332, 334, 344, 349, 358, 361, 363, 365, 368, 370, 374, 379, 382, 383, 384, 386, 389, 390, 396, 397, 398, 399, 400]
x_357: [1, 9, 13, 14, 15, 19, 20, 21, 22, 25, 30, 34, 35, 36, 37, 38, 39, 41, 46, 48, 56, 58, 61, 63, 67, 71, 72, 84, 91, 92, 103, 104, 106, 119, 120, 124, 127, 133, 135, 137, 138, 139, 140, 147, 155, 157, 160, 161, 163, 164, 166, 167, 176, 178, 179, 188, 189, 192, 197, 198, 203, 204, 205, 207, 208, 211, 213, 217, 218, 222, 225, 233, 236, 245, 252, 254, 258, 262, 266, 269, 275, 276, 277, 279, 283, 285, 291, 296, 297, 299, 301, 302, 320, 323, 325, 326, 334, 335, 336, 340, 341, 344, 346, 350, 352, 353, 354, 358, 362, 365, 369, 377, 378, 379, 381, 383, 384, 386, 388, 392, 397]
x_358: [4, 11, 12, 14, 15, 16, 21, 23, 27, 30, 32, 34, 42, 46, 47, 51, 54, 56, 58, 59, 60, 63, 64, 68, 72, 73, 74, 89, 100, 101, 106, 116, 120, 125, 131, 134, 136, 138, 142, 145, 146, 149, 150, 151, 152, 153, 154, 157, 159, 160, 167, 169, 172, 173, 177, 178, 179, 182, 185, 186, 188, 194, 196, 197, 199, 210, 219, 220, 222, 225, 234, 235, 236, 238, 241, 253, 255, 265, 268, 275, 280, 281, 282, 286, 288, 295, 297, 301, 302, 304, 308, 312, 314, 315, 320, 323, 325, 329, 330, 335, 344, 345, 349, 352, 354, 355, 356, 357, 359, 360, 361, 363, 365, 367, 369, 370, 372, 373, 387, 390, 396, 397]
x_359: [2, 3, 4, 6, 8, 10, 16, 19, 23, 30, 34, 36, 38, 40, 41, 46, 50, 53, 54, 57, 66, 70, 73, 74, 79, 82, 83, 90, 98, 102, 105, 113, 118, 124, 126, 127, 130, 131, 132, 137, 140, 144, 148, 150, 161, 168, 174, 175, 180, 182, 184, 186, 191, 195, 198, 202, 211, 212, 213, 219, 222, 224, 229, 232, 235, 238, 239, 244, 245, 246, 248, 250, 251, 252, 253, 256, 260, 269, 271, 273, 277, 278, 280, 286, 288, 290, 294, 301, 305, 308, 312, 313, 317, 324, 328, 332, 335, 336, 337, 338, 339, 343, 345, 351, 353, 354, 355, 358, 361, 369, 379, 383, 388, 392, 395, 399, 400]
x_360: [2, 3, 6, 9, 11, 15, 16, 19, 22, 29, 30, 34, 36, 38, 44, 46, 47, 48, 54, 55, 58, 60, 69, 75, 79, 80, 84, 92, 94, 96, 97, 101, 105, 108, 110, 112, 114, 115, 116, 117, 118, 121, 128, 134, 143, 145, 150, 155, 156, 157, 164, 166, 167, 170, 173, 174, 176, 177, 180, 184, 195, 198, 199, 200, 202, 203, 205, 210, 211, 215, 223, 226, 227, 229, 230, 262, 266, 270, 271, 280, 281, 283, 286, 288, 289, 290, 295, 296, 302, 303, 305, 310, 311, 315, 331, 335, 338, 339, 354, 358, 361, 364, 365, 370, 374, 375, 376, 382, 387, 390, 393, 396]
x_361: [2, 3, 5, 6, 7, 8, 10, 18, 19, 21, 30, 37, 43, 45, 50, 51, 54, 63, 65, 66, 69, 83, 84, 87, 95, 96, 107, 108, 111, 117, 131, 132, 138, 139, 140, 143, 145, 150, 156, 157, 159, 160, 161, 165, 168, 171, 172, 173, 174, 189, 206, 211, 213, 220, 224, 226, 229, 232, 238, 240, 243, 246, 256, 259, 260, 262, 263, 266, 267, 269, 274, 279, 281, 282, 287, 289, 291, 295, 299, 306, 309, 311, 315, 317, 320, 325, 327, 331, 332, 333, 337, 344, 353, 354, 356, 358, 359, 360, 365, 372, 374, 376, 377, 379, 387, 394, 399]
x_362: [2, 5, 11, 18, 21, 27, 28, 33, 36, 38, 41, 44, 45, 46, 52, 57, 59, 60, 62, 63, 68, 70, 71, 73, 78, 80, 83, 86, 89, 91, 92, 93, 95, 97, 102, 109, 112, 115, 116, 118, 119, 121, 122, 128, 129, 131, 133, 135, 143, 144, 154, 157, 162, 163, 164, 166, 169, 170, 172, 173, 174, 176, 178, 179, 183, 186, 191, 192, 193, 194, 198, 208, 211, 218, 220, 229, 230, 233, 243, 244, 249, 252, 254, 258, 261, 264, 265, 266, 267, 274, 275, 277, 283, 287, 292, 295, 298, 299, 303, 306, 307, 308, 322, 324, 326, 327, 336, 339, 343, 347, 348, 351, 352, 355, 357, 363, 364, 369, 371, 372, 373, 374, 379, 382, 389, 391, 392, 399]
x_363: [1, 2, 7, 8, 12, 13, 16, 20, 24, 25, 26, 28, 29, 30, 36, 37, 41, 43, 47, 54, 55, 56, 65, 70, 73, 78, 83, 84, 85, 88, 91, 92, 97, 98, 99, 105, 106, 107, 109, 121, 122, 129, 131, 132, 133, 136, 137, 150, 154, 159, 160, 162, 163, 164, 168, 171, 174, 177, 178, 180, 181, 184, 187, 188, 189, 190, 192, 193, 194, 196, 201, 202, 203, 204, 206, 207, 209, 214, 217, 218, 220, 222, 225, 228, 234, 236, 238, 239, 245, 251, 252, 253, 256, 257, 262, 266, 267, 269, 274, 288, 291, 292, 294, 305, 307, 314, 315, 316, 318, 322, 324, 326, 344, 350, 353, 354, 356, 358, 362, 364, 367, 369, 371, 372, 380, 383, 387, 388, 396]
x_364: [3, 4, 5, 7, 8, 10, 14, 18, 19, 21, 22, 26, 28, 32, 35, 40, 44, 55, 57, 63, 72, 74, 77, 78, 79, 87, 88, 89, 91, 93, 96, 98, 101, 105, 109, 112, 113, 117, 118, 120, 121, 124, 125, 139, 143, 144, 145, 149, 150, 152, 154, 159, 160, 161, 162, 164, 166, 168, 170, 171, 178, 179, 181, 182, 189, 191, 198, 201, 203, 208, 216, 217, 218, 219, 220, 223, 225, 226, 227, 229, 230, 231, 232, 235, 237, 239, 241, 243, 249, 252, 255, 256, 257, 259, 265, 267, 268, 269, 273, 274, 276, 277, 282, 287, 290, 292, 298, 299, 301, 309, 312, 313, 314, 321, 322, 323, 324, 326, 328, 331, 335, 337, 340, 342, 343, 345, 351, 352, 353, 354, 360, 362, 363, 365, 368, 370, 371, 377, 380, 383, 387, 388, 391, 392, 393, 396, 398]
x_365: [1, 15, 16, 17, 19, 20, 23, 25, 26, 27, 28, 29, 31, 32, 34, 35, 39, 40, 41, 44, 45, 46, 54, 55, 56, 61, 62, 66, 67, 68, 69, 70, 74, 76, 79, 80, 81, 83, 87, 92, 95, 96, 102, 104, 105, 109, 110, 111, 119, 120, 125, 128, 129, 130, 131, 136, 139, 140, 141, 143, 146, 150, 151, 156, 161, 163, 166, 171, 174, 177, 178, 180, 185, 191, 192, 199, 201, 202, 207, 209, 216, 218, 220, 225, 226, 228, 235, 236, 237, 239, 244, 246, 249, 253, 254, 257, 258, 262, 267, 270, 271, 274, 275, 276, 279, 282, 287, 288, 289, 292, 295, 303, 304, 311, 317, 318, 321, 324, 327, 329, 337, 343, 351, 353, 356, 357, 358, 360, 361, 364, 368, 369, 374, 377, 379, 384, 390, 391, 398]
x_366: [2, 3, 4, 14, 17, 22, 29, 31, 33, 35, 38, 41, 42, 44, 45, 47, 49, 52, 54, 65, 67, 73, 74, 77, 78, 87, 88, 104, 107, 109, 112, 113, 115, 117, 118, 123, 129, 130, 131, 133, 144, 145, 147, 148, 156, 163, 170, 183, 184, 188, 191, 193, 195, 196, 199, 200, 202, 205, 209, 210, 211, 212, 213, 216, 219, 220, 221, 226, 227, 228, 229, 230, 235, 245, 247, 252, 255, 256, 257, 259, 262, 272, 273, 274, 276, 277, 281, 290, 291, 292, 295, 296, 298, 300, 304, 307, 308, 309, 312, 313, 320, 333, 336, 339, 341, 342, 343, 348, 353, 373, 375, 378, 381, 383, 391, 392, 395, 399, 400]
x_367: [12, 17, 18, 19, 20, 22, 27, 29, 34, 36, 37, 38, 40, 47, 49, 51, 54, 61, 68, 69, 79, 92, 93, 96, 97, 100, 101, 112, 113, 114, 115, 118, 120, 124, 129, 141, 142, 146, 148, 150, 151, 160, 163, 169, 171, 173, 179, 183, 185, 189, 192, 197, 198, 200, 201, 203, 205, 207, 218, 219, 224, 225, 228, 230, 235, 240, 245, 246, 247, 249, 252, 253, 255, 257, 258, 260, 262, 263, 265, 266, 271, 276, 279, 281, 286, 289, 291, 307, 309, 312, 314, 315, 318, 321, 325, 327, 331, 337, 341, 344, 349, 358, 363, 368, 371, 375, 378, 379, 381, 384, 388, 391, 393]
x_368: [1, 3, 4, 5, 8, 9, 11, 13, 21, 22, 27, 31, 36, 39, 42, 44, 46, 50, 61, 63, 67, 68, 72, 73, 79, 83, 86, 87, 90, 91, 92, 93, 94, 95, 107, 109, 112, 113, 115, 121, 122, 123, 126, 127, 130, 132, 137, 140, 143, 145, 146, 147, 151, 153, 154, 157, 161, 162, 163, 167, 170, 176, 177, 178, 180, 190, 191, 193, 194, 198, 199, 201, 202, 206, 207, 208, 209, 210, 213, 216, 219, 220, 221, 225, 226, 227, 228, 234, 235, 242, 243, 247, 258, 260, 261, 262, 265, 266, 269, 270, 273, 276, 280, 291, 292, 297, 298, 302, 304, 305, 307, 308, 310, 312, 313, 315, 317, 323, 324, 336, 339, 341, 347, 353, 354, 356, 364, 365, 367, 370, 371, 382, 384, 387, 390, 391, 393, 395, 397, 398]
x_369: [10, 14, 16, 19, 22, 23, 27, 34, 35, 37, 41, 45, 48, 49, 50, 71, 73, 74, 78, 85, 86, 88, 100, 104, 107, 110, 120, 123, 136, 139, 140, 141, 144, 145, 151, 153, 163, 165, 167, 168, 169, 171, 172, 173, 176, 177, 178, 181, 186, 187, 191, 192, 196, 200, 204, 211, 215, 217, 223, 225, 226, 230, 233, 235, 238, 242, 249, 254, 255, 257, 260, 261, 271, 275, 282, 284, 290, 295, 296, 301, 302, 310, 312, 313, 320, 323, 324, 327, 334, 339, 340, 350, 354, 357, 358, 359, 362, 363, 365, 370, 374, 375, 376, 386, 387, 392, 394]
x_370: [2, 5, 13, 17, 18, 20, 22, 24, 28, 34, 36, 37, 39, 45, 47, 50, 51, 52, 53, 55, 57, 58, 60, 64, 66, 72, 73, 80, 81, 82, 89, 92, 94, 97, 98, 102, 106, 107, 108, 110, 112, 121, 123, 127, 128, 129, 131, 134, 135, 144, 149, 151, 152, 155, 157, 158, 169, 172, 175, 178, 183, 184, 186, 190, 197, 198, 200, 202, 204, 207, 208, 216, 217, 218, 220, 224, 225, 228, 230, 239, 242, 246, 254, 255, 256, 258, 263, 265, 267, 268, 271, 272, 277, 290, 291, 293, 294, 307, 309, 310, 314, 315, 322, 323, 324, 326, 327, 329, 330, 331, 335, 343, 344, 349, 351, 355, 356, 358, 360, 364, 368, 369, 374, 380, 381, 386, 391, 396, 398]
x_371: [1, 2, 4, 5, 9, 14, 15, 23, 31, 32, 35, 37, 42, 43, 49, 50, 51, 53, 60, 76, 79, 82, 84, 92, 103, 104, 108, 117, 118, 119, 125, 126, 128, 129, 130, 132, 144, 145, 151, 154, 157, 163, 166, 167, 168, 170, 175, 176, 179, 181, 190, 192, 196, 197, 199, 206, 207, 208, 210, 211, 212, 215, 219, 225, 227, 232, 233, 239, 240, 241, 242, 244, 253, 254, 257, 260, 273, 275, 277, 281, 284, 286, 288, 289, 292, 295, 300, 301, 302, 305, 318, 320, 321, 322, 326, 329, 335, 344, 351, 354, 355, 362, 363, 364, 367, 368, 373, 375, 380, 384, 386, 392, 394, 396, 398]
x_372: [2, 3, 8, 9, 16, 18, 24, 25, 28, 34, 37, 43, 52, 54, 55, 56, 57, 58, 60, 63, 68, 73, 74, 75, 77, 80, 81, 83, 85, 89, 90, 92, 93, 97, 100, 102, 107, 112, 117, 121, 122, 123, 126, 129, 130, 133, 139, 141, 147, 152, 158, 159, 163, 164, 170, 171, 176, 177, 178, 190, 192, 198, 201, 202, 204, 206, 209, 210, 211, 214, 217, 219, 225, 227, 235, 239, 240, 241, 247, 265, 266, 272, 273, 277, 280, 283, 284, 290, 291, 293, 296, 303, 312, 314, 317, 319, 325, 326, 329, 338, 342, 354, 358, 361, 362, 363, 382, 383, 384, 385, 387, 390, 394, 400]
x_373: [12, 14, 19, 30, 32, 36, 42, 43, 48, 50, 55, 59, 60, 61, 64, 73, 74, 77, 84, 85, 87, 88, 94, 99, 100, 101, 104, 110, 120, 121, 130, 132, 134, 138, 139, 142, 144, 156, 170, 171, 172, 173, 177, 178, 179, 184, 190, 196, 201, 204, 207, 219, 222, 225, 228, 229, 232, 233, 239, 244, 246, 249, 256, 260, 261, 262, 264, 266, 270, 271, 272, 274, 280, 282, 283, 287, 289, 292, 297, 298, 306, 308, 311, 312, 315, 317, 318, 319, 322, 323, 328, 339, 340, 346, 353, 358, 362, 366, 371, 376, 389, 396, 400]
x_374: [5, 7, 14, 18, 21, 26, 28, 30, 32, 33, 34, 35, 41, 47, 48, 49, 52, 62, 68, 79, 81, 83, 86, 91, 92, 93, 94, 109, 114, 115, 121, 122, 126, 127, 128, 131, 133, 134, 137, 138, 142, 144, 145, 146, 151, 153, 159, 161, 164, 165, 166, 168, 169, 170, 172, 184, 186, 188, 190, 192, 197, 198, 200, 202, 205, 209, 211, 215, 225, 228, 232, 247, 253, 255, 257, 258, 264, 269, 273, 278, 280, 282, 285, 286, 290, 291, 292, 293, 296, 298, 308, 309, 316, 317, 318, 319, 320, 321, 322, 325, 328, 331, 337, 339, 348, 349, 352, 353, 356, 360, 361, 362, 365, 369, 370, 380, 385, 386, 390]
x_375: [3, 4, 6, 7, 9, 11, 17, 19, 21, 23, 30, 33, 35, 37, 38, 39, 44, 45, 50, 54, 57, 59, 60, 62, 64, 66, 74, 76, 79, 87, 88, 92, 94, 95, 96, 97, 98, 100, 108, 109, 111, 114, 116, 119, 121, 122, 127, 137, 138, 141, 142, 143, 152, 155, 161, 170, 171, 178, 184, 185, 187, 189, 200, 201, 204, 205, 212, 214, 221, 222, 228, 230, 238, 240, 241, 253, 257, 259, 267, 270, 278, 279, 282, 284, 286, 287, 288, 292, 294, 296, 297, 299, 301, 303, 319, 321, 323, 324, 330, 331, 342, 346, 347, 348, 353, 360, 366, 367, 369, 371, 377, 393, 395, 399]
x_376: [5, 10, 11, 13, 14, 15, 19, 20, 22, 23, 30, 34, 37, 38, 40, 43, 48, 51, 53, 54, 56, 57, 66, 77, 79, 82, 83, 84, 85, 86, 89, 91, 92, 93, 101, 104, 106, 108, 109, 118, 122, 124, 126, 131, 132, 134, 136, 140, 145, 148, 156, 157, 159, 164, 170, 175, 185, 186, 188, 191, 192, 199, 200, 201, 205, 208, 210, 215, 219, 230, 231, 234, 239, 241, 251, 258, 261, 263, 268, 272, 274, 283, 285, 289, 291, 297, 302, 307, 314, 315, 322, 324, 326, 329, 338, 343, 345, 353, 360, 361, 369, 373, 380, 381, 383, 384, 391, 392, 399]
x_377: [1, 5, 6, 9, 11, 13, 16, 17, 19, 23, 24, 32, 47, 51, 54, 55, 58, 60, 61, 62, 70, 71, 73, 78, 81, 83, 91, 93, 97, 100, 105, 107, 109, 118, 119, 131, 132, 134, 136, 141, 145, 148, 151, 156, 162, 165, 166, 167, 171, 188, 192, 198, 207, 208, 209, 223, 225, 226, 227, 233, 237, 238, 239, 244, 259, 262, 265, 270, 275, 281, 286, 289, 290, 291, 305, 307, 308, 313, 318, 323, 324, 327, 328, 332, 334, 338, 340, 342, 348, 352, 357, 361, 364, 365, 375, 378, 384, 388, 391, 392, 393, 394, 398]
x_378: [2, 3, 5, 6, 8, 17, 20, 21, 22, 27, 28, 29, 31, 32, 35, 36, 37, 38, 46, 48, 49, 58, 59, 61, 62, 64, 65, 66, 72, 75, 79, 80, 82, 85, 86, 87, 92, 96, 99, 102, 106, 107, 111, 115, 120, 122, 124, 130, 136, 138, 143, 145, 146, 148, 149, 153, 156, 157, 159, 161, 167, 171, 172, 174, 175, 186, 191, 193, 194, 205, 207, 209, 212, 213, 215, 216, 223, 224, 225, 226, 231, 233, 237, 244, 245, 248, 251, 259, 266, 269, 274, 281, 282, 283, 288, 291, 294, 304, 305, 306, 313, 318, 322, 324, 326, 330, 339, 341, 342, 345, 349, 353, 357, 366, 367, 377, 383, 384, 386, 390, 391]
x_379: [3, 9, 11, 16, 18, 19, 20, 23, 25, 29, 30, 31, 33, 38, 39, 43, 47, 50, 53, 55, 61, 64, 72, 73, 75, 79, 80, 83, 85, 89, 90, 92, 95, 96, 99, 100, 104, 108, 110, 113, 119, 120, 123, 134, 142, 145, 149, 150, 154, 159, 163, 167, 172, 176, 177, 181, 185, 188, 192, 195, 197, 198, 199, 204, 205, 210, 211, 212, 213, 217, 220, 228, 230, 242, 243, 249, 256, 257, 264, 266, 268, 269, 272, 276, 278, 279, 287, 288, 292, 293, 294, 297, 301, 308, 315, 317, 318, 319, 320, 325, 335, 336, 337, 340, 341, 349, 350, 353, 356, 357, 359, 361, 362, 365, 367, 382, 384, 389, 390, 394, 395, 399]
x_380: [1, 5, 8, 12, 27, 36, 37, 39, 43, 44, 45, 46, 47, 50, 64, 75, 78, 83, 90, 91, 93, 94, 100, 104, 118, 119, 120, 121, 129, 131, 137, 142, 145, 149, 154, 155, 156, 161, 168, 172, 173, 174, 175, 183, 184, 185, 191, 194, 198, 212, 219, 220, 222, 223, 227, 228, 230, 231, 233, 234, 242, 243, 245, 247, 252, 255, 256, 257, 260, 263, 268, 269, 270, 272, 274, 276, 277, 279, 280, 282, 286, 287, 292, 296, 300, 305, 312, 314, 319, 320, 321, 323, 324, 326, 332, 336, 337, 339, 340, 345, 350, 351, 352, 353, 354, 363, 364, 370, 371, 374, 376, 388, 389, 391, 396]
x_381: [1, 2, 6, 9, 14, 15, 17, 18, 28, 30, 35, 38, 41, 45, 48, 49, 52, 53, 54, 56, 58, 62, 63, 68, 75, 79, 82, 84, 85, 86, 87, 88, 92, 93, 98, 100, 101, 107, 113, 115, 120, 125, 126, 128, 139, 144, 152, 159, 163, 170, 177, 180, 181, 190, 195, 199, 201, 202, 206, 212, 214, 215, 216, 217, 221, 224, 232, 235, 236, 240, 241, 244, 246, 251, 252, 253, 256, 260, 264, 265, 266, 268, 269, 270, 273, 280, 281, 282, 289, 292, 293, 295, 301, 303, 306, 307, 309, 322, 328, 330, 333, 334, 335, 337, 340, 343, 344, 350, 352, 354, 355, 357, 366, 367, 370, 376, 384, 387, 397, 398]
x_382: [4, 9, 11, 12, 20, 22, 24, 28, 29, 31, 34, 35, 58, 59, 60, 63, 66, 68, 69, 71, 80, 82, 85, 86, 87, 88, 92, 103, 104, 106, 111, 112, 115, 118, 125, 127, 131, 134, 135, 137, 141, 142, 143, 144, 147, 160, 162, 165, 166, 171, 173, 174, 177, 182, 184, 186, 193, 199, 200, 201, 204, 207, 212, 213, 217, 225, 226, 230, 231, 236, 237, 239, 241, 245, 247, 251, 262, 268, 269, 271, 277, 285, 289, 291, 297, 300, 301, 303, 305, 306, 312, 313, 316, 318, 323, 330, 331, 339, 341, 344, 345, 354, 355, 356, 360, 362, 368, 372, 379, 387, 388, 390, 392, 394, 396, 397]
x_383: [3, 4, 5, 6, 17, 26, 29, 30, 31, 33, 37, 38, 40, 46, 49, 50, 53, 54, 55, 58, 60, 61, 66, 68, 69, 72, 76, 80, 81, 83, 87, 95, 96, 101, 104, 107, 111, 114, 117, 118, 122, 124, 125, 126, 127, 130, 138, 146, 150, 155, 160, 161, 163, 164, 165, 178, 180, 187, 188, 194, 202, 204, 206, 207, 211, 214, 217, 224, 229, 233, 245, 247, 248, 251, 263, 266, 269, 275, 291, 295, 296, 299, 300, 306, 310, 312, 316, 319, 322, 329, 330, 333, 336, 342, 348, 349, 353, 354, 356, 357, 359, 363, 364, 366, 372, 376, 378, 388, 389, 396, 398]
x_384: [1, 3, 6, 7, 16, 19, 26, 27, 29, 50, 51, 52, 53, 57, 61, 64, 66, 71, 72, 73, 74, 81, 83, 88, 90, 96, 97, 98, 106, 113, 118, 123, 133, 134, 135, 137, 138, 139, 141, 144, 146, 151, 152, 153, 154, 158, 160, 164, 166, 167, 173, 178, 180, 188, 191, 200, 201, 203, 210, 211, 214, 215, 219, 221, 222, 227, 229, 233, 235, 238, 240, 241, 243, 245, 249, 263, 264, 268, 271, 272, 280, 285, 286, 289, 297, 298, 304, 305, 311, 313, 317, 318, 320, 322, 333, 336, 337, 338, 339, 342, 343, 344, 348, 349, 351, 356, 357, 365, 367, 368, 371, 372, 376, 377, 378, 379, 381, 385, 389, 391, 392, 397]
x_385: [3, 8, 12, 15, 16, 18, 19, 20, 27, 33, 40, 44, 47, 51, 55, 63, 68, 70, 72, 73, 74, 77, 83, 85, 86, 90, 91, 92, 96, 98, 99, 104, 105, 106, 109, 113, 114, 121, 122, 125, 128, 129, 136, 137, 142, 143, 144, 147, 148, 149, 151, 158, 159, 161, 163, 168, 170, 171, 173, 179, 188, 195, 197, 206, 218, 219, 225, 229, 231, 232, 238, 243, 248, 249, 250, 253, 259, 276, 279, 281, 284, 286, 289, 293, 294, 295, 296, 298, 306, 311, 313, 315, 320, 321, 322, 325, 331, 335, 337, 338, 339, 340, 348, 349, 351, 372, 374, 384, 391, 395, 398, 399]
x_386: [1, 3, 5, 10, 14, 19, 23, 28, 30, 32, 38, 42, 43, 45, 46, 58, 63, 64, 65, 71, 73, 76, 79, 81, 89, 90, 95, 104, 109, 110, 115, 120, 125, 126, 128, 130, 131, 132, 137, 142, 146, 150, 157, 160, 161, 162, 163, 169, 171, 172, 177, 179, 180, 183, 185, 187, 188, 190, 192, 195, 203, 204, 205, 208, 209, 212, 215, 216, 222, 225, 230, 232, 238, 250, 256, 261, 268, 277, 278, 279, 288, 293, 295, 305, 306, 308, 309, 311, 313, 314, 316, 317, 324, 325, 328, 330, 335, 336, 338, 339, 340, 341, 344, 348, 351, 354, 356, 357, 369, 370, 371, 374, 378, 388, 391, 392, 393, 395]
x_387: [3, 6, 8, 11, 15, 18, 20, 22, 27, 30, 33, 38, 40, 42, 46, 50, 51, 56, 57, 58, 61, 62, 65, 73, 82, 85, 89, 90, 92, 93, 97, 106, 108, 109, 110, 111, 114, 115, 123, 126, 129, 140, 145, 146, 152, 154, 158, 161, 162, 166, 168, 175, 179, 182, 191, 196, 200, 204, 208, 209, 211, 215, 218, 221, 227, 229, 232, 237, 245, 252, 253, 258, 259, 260, 263, 267, 268, 274, 275, 288, 294, 298, 302, 306, 309, 312, 313, 317, 319, 323, 324, 327, 334, 336, 341, 344, 345, 346, 347, 353, 358, 360, 361, 363, 364, 368, 369, 372, 381, 382, 390, 396, 399]
x_388: [2, 7, 12, 22, 23, 26, 29, 31, 33, 38, 39, 47, 50, 65, 70, 72, 75, 76, 78, 80, 83, 88, 89, 91, 92, 95, 100, 102, 108, 111, 113, 115, 117, 119, 120, 122, 123, 127, 132, 133, 137, 143, 147, 150, 156, 158, 160, 164, 165, 169, 172, 174, 176, 179, 189, 190, 191, 197, 204, 210, 212, 213, 215, 216, 228, 233, 234, 235, 239, 242, 244, 246, 254, 259, 264, 265, 268, 269, 271, 276, 277, 278, 279, 285, 288, 290, 297, 300, 301, 306, 311, 312, 314, 320, 321, 322, 325, 329, 332, 335, 341, 342, 343, 346, 348, 351, 355, 357, 359, 363, 364, 367, 377, 380, 382, 383, 386, 390, 392, 396, 398, 399, 400]
x_389: [4, 5, 9, 11, 14, 18, 20, 21, 23, 24, 25, 26, 30, 32, 40, 41, 45, 46, 47, 50, 52, 56, 57, 58, 61, 62, 63, 64, 66, 69, 70, 74, 76, 78, 88, 90, 93, 96, 97, 98, 100, 102, 111, 115, 118, 119, 122, 123, 133, 139, 142, 146, 148, 153, 155, 156, 162, 165, 169, 172, 173, 174, 179, 180, 185, 186, 188, 190, 191, 193, 195, 205, 208, 210, 212, 215, 220, 226, 229, 234, 236, 237, 242, 245, 246, 249, 252, 254, 255, 257, 261, 262, 264, 266, 267, 269, 272, 275, 279, 288, 290, 293, 295, 296, 297, 298, 301, 308, 315, 316, 318, 319, 321, 323, 325, 331, 335, 342, 348, 352, 354, 356, 362, 373, 379, 380, 383, 384, 390, 392, 397, 399]
x_390: [2, 3, 4, 8, 9, 10, 17, 23, 24, 26, 28, 29, 30, 32, 33, 34, 44, 45, 47, 49, 57, 59, 62, 66, 68, 72, 78, 83, 87, 88, 91, 101, 102, 103, 105, 110, 113, 122, 126, 131, 135, 139, 140, 141, 142, 144, 146, 150, 151, 154, 157, 160, 161, 163, 164, 166, 168, 169, 171, 172, 182, 189, 194, 195, 199, 200, 203, 206, 208, 214, 218, 220, 221, 232, 236, 239, 241, 242, 243, 246, 257, 259, 267, 269, 271, 273, 278, 279, 284, 287, 288, 289, 291, 292, 295, 296, 298, 300, 304, 308, 312, 313, 316, 319, 323, 324, 325, 326, 328, 329, 336, 338, 343, 345, 349, 353, 356, 358, 360, 365, 368, 372, 374, 378, 379, 382, 387, 388, 389, 393]
x_391: [7, 8, 11, 13, 14, 16, 20, 22, 31, 38, 39, 45, 47, 51, 54, 59, 61, 62, 63, 66, 68, 81, 85, 86, 87, 88, 92, 96, 103, 107, 110, 111, 113, 114, 115, 118, 122, 123, 124, 125, 127, 128, 130, 135, 139, 141, 145, 147, 149, 150, 152, 154, 156, 157, 162, 166, 167, 168, 174, 175, 176, 178, 182, 183, 185, 186, 196, 207, 208, 209, 210, 213, 214, 218, 219, 220, 221, 225, 235, 236, 239, 240, 241, 245, 258, 260, 262, 268, 271, 278, 279, 281, 282, 288, 293, 298, 302, 306, 309, 313, 315, 323, 327, 333, 337, 339, 340, 342, 344, 345, 347, 350, 362, 364, 365, 366, 367, 368, 370, 376, 377, 378, 380, 384, 385, 386, 398]
x_392: [2, 5, 9, 13, 14, 16, 22, 30, 31, 39, 41, 42, 44, 45, 49, 50, 54, 58, 61, 62, 63, 68, 72, 73, 79, 80, 86, 87, 91, 94, 96, 109, 111, 112, 114, 116, 119, 122, 124, 127, 133, 136, 137, 139, 141, 148, 149, 154, 163, 167, 168, 172, 173, 175, 176, 179, 182, 184, 190, 194, 197, 198, 199, 202, 205, 206, 207, 212, 213, 214, 216, 222, 225, 229, 231, 233, 239, 240, 241, 247, 249, 252, 254, 262, 265, 268, 269, 271, 272, 278, 281, 282, 285, 286, 287, 290, 294, 295, 315, 319, 331, 334, 335, 336, 338, 339, 349, 350, 357, 359, 362, 364, 366, 369, 371, 376, 377, 382, 384, 386, 388, 389, 398]
x_393: [1, 2, 5, 8, 11, 15, 27, 28, 29, 40, 43, 44, 45, 50, 51, 58, 64, 67, 68, 69, 71, 72, 76, 78, 79, 81, 82, 83, 85, 89, 99, 100, 101, 102, 103, 104, 108, 122, 125, 127, 132, 133, 137, 142, 144, 150, 152, 159, 160, 162, 163, 164, 166, 167, 169, 173, 174, 175, 179, 185, 186, 203, 208, 212, 214, 220, 222, 225, 230, 234, 245, 253, 255, 260, 263, 267, 274, 281, 282, 288, 292, 296, 298, 300, 303, 304, 307, 309, 318, 320, 324, 325, 326, 327, 328, 330, 333, 335, 336, 337, 342, 343, 348, 353, 360, 364, 367, 368, 375, 377, 386, 390, 396, 397, 398]
x_394: [4, 8, 14, 16, 19, 22, 23, 25, 26, 40, 41, 43, 46, 47, 49, 51, 54, 58, 60, 62, 65, 67, 74, 78, 84, 85, 93, 100, 104, 105, 108, 109, 115, 119, 122, 131, 142, 143, 149, 151, 155, 158, 163, 170, 173, 174, 176, 182, 183, 185, 186, 190, 191, 203, 209, 217, 224, 225, 226, 227, 230, 236, 238, 239, 240, 246, 247, 248, 250, 251, 254, 255, 257, 259, 260, 261, 262, 267, 280, 285, 286, 287, 290, 291, 292, 296, 299, 301, 304, 314, 315, 319, 320, 324, 334, 340, 341, 343, 344, 346, 349, 352, 355, 361, 369, 371, 372, 377, 379, 382, 396, 397]
x_395: [1, 3, 6, 9, 14, 17, 24, 29, 33, 34, 36, 37, 40, 46, 47, 48, 54, 56, 70, 71, 74, 77, 79, 86, 87, 88, 96, 97, 104, 105, 107, 109, 112, 114, 115, 117, 118, 120, 124, 125, 128, 130, 134, 135, 144, 148, 149, 151, 153, 157, 159, 168, 175, 182, 188, 192, 193, 194, 197, 199, 200, 201, 202, 207, 209, 211, 224, 225, 234, 236, 241, 242, 247, 249, 251, 252, 254, 258, 262, 264, 265, 268, 270, 271, 276, 279, 282, 287, 290, 297, 300, 301, 303, 304, 307, 314, 315, 316, 317, 321, 322, 324, 327, 330, 335, 336, 343, 352, 353, 355, 359, 366, 368, 375, 379, 385, 386]
x_396: [6, 13, 14, 15, 21, 22, 24, 27, 28, 29, 30, 37, 38, 41, 43, 45, 49, 50, 51, 55, 59, 66, 67, 68, 76, 79, 83, 84, 85, 87, 89, 90, 91, 92, 93, 95, 96, 100, 105, 114, 116, 119, 120, 124, 125, 126, 127, 137, 140, 143, 149, 150, 154, 158, 163, 164, 165, 166, 167, 172, 182, 185, 195, 196, 201, 217, 221, 223, 224, 225, 227, 229, 231, 240, 243, 244, 246, 247, 249, 250, 251, 254, 256, 257, 262, 264, 268, 269, 274, 277, 278, 279, 280, 284, 286, 288, 291, 293, 294, 297, 299, 301, 302, 303, 304, 310, 312, 314, 317, 319, 325, 327, 329, 335, 336, 340, 348, 349, 356, 358, 360, 363, 364, 370, 371, 373, 380, 382, 383, 387, 388, 393, 394, 398, 399, 400]
x_397: [3, 5, 7, 10, 14, 16, 17, 20, 21, 23, 32, 35, 38, 39, 41, 42, 45, 47, 48, 49, 50, 60, 62, 65, 66, 67, 76, 77, 78, 79, 80, 82, 83, 84, 86, 92, 93, 97, 99, 103, 108, 109, 116, 128, 129, 131, 134, 135, 136, 137, 138, 140, 147, 148, 157, 162, 163, 167, 171, 172, 174, 175, 182, 183, 184, 185, 189, 194, 197, 198, 202, 207, 209, 219, 226, 228, 230, 240, 247, 249, 250, 255, 256, 257, 260, 262, 264, 270, 273, 276, 280, 281, 283, 289, 294, 296, 301, 303, 304, 305, 308, 313, 314, 316, 317, 325, 329, 331, 335, 339, 343, 345, 347, 356, 357, 358, 368, 381, 382, 384, 389, 393, 394, 398, 400]
x_398: [1, 3, 5, 11, 13, 14, 15, 19, 20, 21, 23, 26, 29, 31, 33, 34, 35, 37, 40, 47, 49, 52, 56, 58, 61, 62, 66, 67, 70, 71, 73, 84, 91, 92, 93, 98, 103, 115, 118, 119, 122, 126, 127, 128, 129, 132, 134, 139, 141, 143, 147, 151, 153, 154, 158, 163, 165, 167, 168, 170, 171, 177, 180, 182, 186, 192, 193, 196, 200, 204, 206, 207, 208, 210, 213, 214, 216, 222, 224, 225, 232, 238, 239, 243, 244, 250, 252, 255, 257, 258, 259, 261, 262, 270, 273, 276, 277, 280, 282, 283, 284, 285, 286, 289, 293, 295, 304, 313, 315, 316, 317, 320, 323, 324, 326, 332, 334, 337, 338, 342, 344, 349, 353, 356, 364, 365, 368, 370, 371, 377, 381, 383, 385, 388, 391, 392, 393, 396, 397, 400]
x_399: [2, 5, 14, 18, 24, 29, 35, 36, 37, 39, 40, 45, 50, 56, 58, 60, 62, 64, 65, 67, 68, 71, 74, 75, 76, 79, 83, 87, 91, 93, 96, 99, 103, 105, 106, 110, 116, 117, 127, 129, 132, 134, 136, 137, 138, 140, 143, 146, 147, 148, 150, 154, 158, 166, 167, 168, 174, 178, 181, 187, 194, 195, 198, 205, 206, 210, 214, 218, 221, 224, 225, 228, 230, 232, 236, 239, 241, 243, 252, 259, 262, 268, 279, 285, 286, 295, 296, 297, 300, 301, 302, 303, 308, 311, 320, 334, 336, 344, 345, 352, 356, 359, 361, 362, 366, 375, 376, 379, 385, 387, 388, 389, 396]
x_400: [4, 8, 13, 16, 17, 18, 23, 31, 35, 37, 40, 41, 45, 46, 54, 57, 58, 64, 69, 72, 75, 76, 80, 84, 85, 86, 89, 90, 92, 95, 102, 106, 111, 113, 114, 115, 117, 120, 122, 123, 124, 125, 127, 133, 135, 136, 140, 142, 143, 156, 163, 167, 172, 175, 181, 190, 193, 195, 211, 222, 226, 231, 235, 236, 238, 239, 241, 246, 248, 251, 252, 260, 263, 264, 266, 268, 272, 277, 278, 286, 287, 291, 292, 300, 301, 303, 309, 310, 313, 315, 325, 329, 336, 337, 338, 339, 341, 348, 354, 355, 356, 359, 366, 372, 373, 388, 396, 397, 398]