File_name,Problem type,Variables number,DD Type,Max Width,Is Reduced,Objective Type,Optimization Value,Construction Time,Reduce Time,Solution Time,Number Node,Number Arcs,Actual Max Width
f1_l-d_kp_10_269,Knapsack,10,Exact,99999,false,max,295,0.00024,na,na,726,926,196
f1_l-d_kp_10_269,Knapsack,10,Restricted,500,false,max,295,0.00022,na,na,726,926,196
f1_l-d_kp_10_269,Knapsack,10,Restricted,1000,false,max,295,0.00023,na,na,726,926,196
f1_l-d_kp_10_269,Knapsack,10,Restricted,2000,false,max,295,0.00024,na,na,726,926,196
f1_l-d_kp_10_269,Knapsack,10,Restricted,5000,false,max,295,0.00029,na,na,726,926,196
f1_l-d_kp_10_269,Knapsack,10,Restricted,10000,false,max,295,0.00026,na,na,726,926,196
f1_l-d_kp_10_269,Knapsack,10,Restricted,20000,false,max,295,0.00027,na,na,726,926,196
f1_l-d_kp_10_269,Knapsack,10,Relaxed,500,false,max,295,0.00024,na,na,726,926,196
f1_l-d_kp_10_269,Knapsack,10,Relaxed,1000,false,max,295,0.00022,na,na,726,926,196
f1_l-d_kp_10_269,Knapsack,10,Relaxed,2000,false,max,295,0.00024,na,na,726,926,196
f1_l-d_kp_10_269,Knapsack,10,Relaxed,5000,false,max,295,0.00022,na,na,726,926,196
f1_l-d_kp_10_269,Knapsack,10,Relaxed,10000,false,max,295,0.00021,na,na,726,926,196
f1_l-d_kp_10_269,Knapsack,10,Relaxed,20000,false,max,295,0.00021,na,na,726,926,196
f2_l-d_kp_20_878,Knapsack,20,Exact,99999,false,max,1024,0.00255,na,na,8435,14984,852
f2_l-d_kp_20_878,Knapsack,20,Restricted,500,false,max,1024,0.00199,na,na,6467,11062,586
f2_l-d_kp_20_878,Knapsack,20,Restricted,1000,false,max,1024,0.00260,na,na,8435,14984,852
f2_l-d_kp_20_878,Knapsack,20,Restricted,2000,false,max,1024,0.00256,na,na,8435,14984,852
f2_l-d_kp_20_878,Knapsack,20,Restricted,5000,false,max,1024,0.00241,na,na,8435,14984,852
f2_l-d_kp_20_878,Knapsack,20,Restricted,10000,false,max,1024,0.00258,na,na,8435,14984,852
f2_l-d_kp_20_878,Knapsack,20,Restricted,20000,false,max,1024,0.00264,na,na,8435,14984,852
f2_l-d_kp_20_878,Knapsack,20,Relaxed,500,false,max,1024,0.00234,na,na,6493,11474,588
f2_l-d_kp_20_878,Knapsack,20,Relaxed,1000,false,max,1024,0.00253,na,na,8435,14984,852
f2_l-d_kp_20_878,Knapsack,20,Relaxed,2000,false,max,1024,0.00271,na,na,8435,14984,852
f2_l-d_kp_20_878,Knapsack,20,Relaxed,5000,false,max,1024,0.00267,na,na,8435,14984,852
f2_l-d_kp_20_878,Knapsack,20,Relaxed,10000,false,max,1024,0.00261,na,na,8435,14984,852
f2_l-d_kp_20_878,Knapsack,20,Relaxed,20000,false,max,1024,0.00261,na,na,8435,14984,852
f3_l-d_kp_4_20,Knapsack,4,Exact,99999,false,max,35,0.00002,na,na,28,27,13
f3_l-d_kp_4_20,Knapsack,4,Restricted,500,false,max,35,0.00001,na,na,28,27,13
f3_l-d_kp_4_20,Knapsack,4,Restricted,1000,false,max,35,0.00001,na,na,28,27,13
f3_l-d_kp_4_20,Knapsack,4,Restricted,2000,false,max,35,0.00002,na,na,28,27,13
f3_l-d_kp_4_20,Knapsack,4,Restricted,5000,false,max,35,0.00002,na,na,28,27,13
f3_l-d_kp_4_20,Knapsack,4,Restricted,10000,false,max,35,0.00005,na,na,28,27,13
f3_l-d_kp_4_20,Knapsack,4,Restricted,20000,false,max,35,0.00002,na,na,28,27,13
f3_l-d_kp_4_20,Knapsack,4,Relaxed,500,false,max,35,0.00002,na,na,28,27,13
f3_l-d_kp_4_20,Knapsack,4,Relaxed,1000,false,max,35,0.00001,na,na,28,27,13
f3_l-d_kp_4_20,Knapsack,4,Relaxed,2000,false,max,35,0.00001,na,na,28,27,13
f3_l-d_kp_4_20,Knapsack,4,Relaxed,5000,false,max,35,0.00001,na,na,28,27,13
f3_l-d_kp_4_20,Knapsack,4,Relaxed,10000,false,max,35,0.00001,na,na,28,27,13
f3_l-d_kp_4_20,Knapsack,4,Relaxed,20000,false,max,35,0.00001,na,na,28,27,13
f4_l-d_kp_4_11,Knapsack,4,Exact,99999,false,max,23,0.00001,na,na,22,22,9
f4_l-d_kp_4_11,Knapsack,4,Restricted,500,false,max,23,0.00002,na,na,22,22,9
f4_l-d_kp_4_11,Knapsack,4,Restricted,1000,false,max,23,0.00001,na,na,22,22,9
f4_l-d_kp_4_11,Knapsack,4,Restricted,2000,false,max,23,0.00001,na,na,22,22,9
f4_l-d_kp_4_11,Knapsack,4,Restricted,5000,false,max,23,0.00001,na,na,22,22,9
f4_l-d_kp_4_11,Knapsack,4,Restricted,10000,false,max,23,0.00001,na,na,22,22,9
f4_l-d_kp_4_11,Knapsack,4,Restricted,20000,false,max,23,0.00001,na,na,22,22,9
f4_l-d_kp_4_11,Knapsack,4,Relaxed,500,false,max,23,0.00002,na,na,22,22,9
f4_l-d_kp_4_11,Knapsack,4,Relaxed,1000,false,max,23,0.00001,na,na,22,22,9
f4_l-d_kp_4_11,Knapsack,4,Relaxed,2000,false,max,23,0.00001,na,na,22,22,9
f4_l-d_kp_4_11,Knapsack,4,Relaxed,5000,false,max,23,0.00001,na,na,22,22,9
f4_l-d_kp_4_11,Knapsack,4,Relaxed,10000,false,max,23,0.00001,na,na,22,22,9
f4_l-d_kp_4_11,Knapsack,4,Relaxed,20000,false,max,23,0.00001,na,na,22,22,9
f6_l-d_kp_10_60,Knapsack,10,Exact,99999,false,max,52,0.00012,na,na,277,415,60
f6_l-d_kp_10_60,Knapsack,10,Restricted,500,false,max,52,0.00012,na,na,277,415,60
f6_l-d_kp_10_60,Knapsack,10,Restricted,1000,false,max,52,0.00011,na,na,277,415,60
f6_l-d_kp_10_60,Knapsack,10,Restricted,2000,false,max,52,0.00012,na,na,277,415,60
f6_l-d_kp_10_60,Knapsack,10,Restricted,5000,false,max,52,0.00010,na,na,277,415,60
f6_l-d_kp_10_60,Knapsack,10,Restricted,10000,false,max,52,0.00012,na,na,277,415,60
f6_l-d_kp_10_60,Knapsack,10,Restricted,20000,false,max,52,0.00011,na,na,277,415,60
f6_l-d_kp_10_60,Knapsack,10,Relaxed,500,false,max,52,0.00012,na,na,277,415,60
f6_l-d_kp_10_60,Knapsack,10,Relaxed,1000,false,max,52,0.00012,na,na,277,415,60
f6_l-d_kp_10_60,Knapsack,10,Relaxed,2000,false,max,52,0.00012,na,na,277,415,60
f6_l-d_kp_10_60,Knapsack,10,Relaxed,5000,false,max,52,0.00012,na,na,277,415,60
f6_l-d_kp_10_60,Knapsack,10,Relaxed,10000,false,max,52,0.00010,na,na,277,415,60
f6_l-d_kp_10_60,Knapsack,10,Relaxed,20000,false,max,52,0.00013,na,na,277,415,60
f7_l-d_kp_7_50,Knapsack,7,Exact,99999,false,max,107,0.00005,na,na,121,146,42
f7_l-d_kp_7_50,Knapsack,7,Restricted,500,false,max,107,0.00006,na,na,121,146,42
f7_l-d_kp_7_50,Knapsack,7,Restricted,1000,false,max,107,0.00005,na,na,121,146,42
f7_l-d_kp_7_50,Knapsack,7,Restricted,2000,false,max,107,0.00004,na,na,121,146,42
f7_l-d_kp_7_50,Knapsack,7,Restricted,5000,false,max,107,0.00005,na,na,121,146,42
f7_l-d_kp_7_50,Knapsack,7,Restricted,10000,false,max,107,0.00005,na,na,121,146,42
f7_l-d_kp_7_50,Knapsack,7,Restricted,20000,false,max,107,0.00004,na,na,121,146,42
f7_l-d_kp_7_50,Knapsack,7,Relaxed,500,false,max,107,0.00005,na,na,121,146,42
f7_l-d_kp_7_50,Knapsack,7,Relaxed,1000,false,max,107,0.00005,na,na,121,146,42
f7_l-d_kp_7_50,Knapsack,7,Relaxed,2000,false,max,107,0.00004,na,na,121,146,42
f7_l-d_kp_7_50,Knapsack,7,Relaxed,5000,false,max,107,0.00005,na,na,121,146,42
f7_l-d_kp_7_50,Knapsack,7,Relaxed,10000,false,max,107,0.00005,na,na,121,146,42
f7_l-d_kp_7_50,Knapsack,7,Relaxed,20000,false,max,107,0.00004,na,na,121,146,42
f8_l-d_kp_23_10000,Knapsack,23,Exact,99999,false,max,9767,0.00404,na,na,13672,22667,1783
f8_l-d_kp_23_10000,Knapsack,23,Restricted,500,false,max,9767,0.00215,na,na,7639,12198,586
f8_l-d_kp_23_10000,Knapsack,23,Restricted,1000,false,max,9767,0.00318,na,na,11833,19445,1138
f8_l-d_kp_23_10000,Knapsack,23,Restricted,2000,false,max,9767,0.00411,na,na,13672,22667,1783
f8_l-d_kp_23_10000,Knapsack,23,Restricted,5000,false,max,9767,0.00417,na,na,13672,22667,1783
f8_l-d_kp_23_10000,Knapsack,23,Restricted,10000,false,max,9767,0.00381,na,na,13672,22667,1783
f8_l-d_kp_23_10000,Knapsack,23,Restricted,20000,false,max,9767,0.00390,na,na,13672,22667,1783
f8_l-d_kp_23_10000,Knapsack,23,Relaxed,500,false,max,11497,0.00229,na,na,7710,12804,588
f8_l-d_kp_23_10000,Knapsack,23,Relaxed,1000,false,max,9767,0.00354,na,na,11842,19983,1140
f8_l-d_kp_23_10000,Knapsack,23,Relaxed,2000,false,max,9767,0.00399,na,na,13672,22667,1783
f8_l-d_kp_23_10000,Knapsack,23,Relaxed,5000,false,max,9767,0.00419,na,na,13672,22667,1783
f8_l-d_kp_23_10000,Knapsack,23,Relaxed,10000,false,max,9767,0.00400,na,na,13672,22667,1783
f8_l-d_kp_23_10000,Knapsack,23,Relaxed,20000,false,max,9767,0.00434,na,na,13672,22667,1783
f9_l-d_kp_5_80,Knapsack,5,Exact,99999,false,max,130,0.00002,na,na,61,60,30
f9_l-d_kp_5_80,Knapsack,5,Restricted,500,false,max,130,0.00002,na,na,61,60,30
f9_l-d_kp_5_80,Knapsack,5,Restricted,1000,false,max,130,0.00002,na,na,61,60,30
f9_l-d_kp_5_80,Knapsack,5,Restricted,2000,false,max,130,0.00002,na,na,61,60,30
f9_l-d_kp_5_80,Knapsack,5,Restricted,5000,false,max,130,0.00002,na,na,61,60,30
f9_l-d_kp_5_80,Knapsack,5,Restricted,10000,false,max,130,0.00003,na,na,61,60,30
f9_l-d_kp_5_80,Knapsack,5,Restricted,20000,false,max,130,0.00002,na,na,61,60,30
f9_l-d_kp_5_80,Knapsack,5,Relaxed,500,false,max,130,0.00002,na,na,61,60,30
f9_l-d_kp_5_80,Knapsack,5,Relaxed,1000,false,max,130,0.00002,na,na,61,60,30
f9_l-d_kp_5_80,Knapsack,5,Relaxed,2000,false,max,130,0.00002,na,na,61,60,30
f9_l-d_kp_5_80,Knapsack,5,Relaxed,5000,false,max,130,0.00002,na,na,61,60,30
f9_l-d_kp_5_80,Knapsack,5,Relaxed,10000,false,max,130,0.00002,na,na,61,60,30
f9_l-d_kp_5_80,Knapsack,5,Relaxed,20000,false,max,130,0.00002,na,na,61,60,30
f10_l-d_kp_20_879,Knapsack,20,Exact,99999,false,max,1025,0.00237,na,na,8146,14395,853
f10_l-d_kp_20_879,Knapsack,20,Restricted,500,false,max,1025,0.00173,na,na,6392,10905,586
f10_l-d_kp_20_879,Knapsack,20,Restricted,1000,false,max,1025,0.00248,na,na,8146,14395,853
f10_l-d_kp_20_879,Knapsack,20,Restricted,2000,false,max,1025,0.00228,na,na,8146,14395,853
f10_l-d_kp_20_879,Knapsack,20,Restricted,5000,false,max,1025,0.00243,na,na,8146,14395,853
f10_l-d_kp_20_879,Knapsack,20,Restricted,10000,false,max,1025,0.00231,na,na,8146,14395,853
f10_l-d_kp_20_879,Knapsack,20,Restricted,20000,false,max,1025,0.00230,na,na,8146,14395,853
f10_l-d_kp_20_879,Knapsack,20,Relaxed,500,false,max,1025,0.00221,na,na,6413,11315,588
f10_l-d_kp_20_879,Knapsack,20,Relaxed,1000,false,max,1025,0.00251,na,na,8146,14395,853
f10_l-d_kp_20_879,Knapsack,20,Relaxed,2000,false,max,1025,0.00229,na,na,8146,14395,853
f10_l-d_kp_20_879,Knapsack,20,Relaxed,5000,false,max,1025,0.00231,na,na,8146,14395,853
f10_l-d_kp_20_879,Knapsack,20,Relaxed,10000,false,max,1025,0.00230,na,na,8146,14395,853
f10_l-d_kp_20_879,Knapsack,20,Relaxed,20000,false,max,1025,0.00250,na,na,8146,14395,853
knapPI_1_100_1000_1,Knapsack,100,Exact,99999,false,max,9147,0.01876,na,na,69924,97670,901
knapPI_1_100_1000_1,Knapsack,100,Restricted,500,false,max,9147,0.00855,na,na,43037,52914,568
knapPI_1_100_1000_1,Knapsack,100,Restricted,1000,false,max,9147,0.01793,na,na,69924,97670,901
knapPI_1_100_1000_1,Knapsack,100,Restricted,2000,false,max,9147,0.01799,na,na,69924,97670,901
knapPI_1_100_1000_1,Knapsack,100,Restricted,5000,false,max,9147,0.01850,na,na,69924,97670,901
knapPI_1_100_1000_1,Knapsack,100,Restricted,10000,false,max,9147,0.01733,na,na,69924,97670,901
knapPI_1_100_1000_1,Knapsack,100,Restricted,20000,false,max,9147,0.01802,na,na,69924,97670,901
knapPI_1_100_1000_1,Knapsack,100,Relaxed,500,false,max,9590,0.01084,na,na,43365,53991,569
knapPI_1_100_1000_1,Knapsack,100,Relaxed,1000,false,max,9147,0.01858,na,na,69924,97670,901
knapPI_1_100_1000_1,Knapsack,100,Relaxed,2000,false,max,9147,0.01749,na,na,69924,97670,901
knapPI_1_100_1000_1,Knapsack,100,Relaxed,5000,false,max,9147,0.01824,na,na,69924,97670,901
knapPI_1_100_1000_1,Knapsack,100,Relaxed,10000,false,max,9147,0.01817,na,na,69924,97670,901
knapPI_1_100_1000_1,Knapsack,100,Relaxed,20000,false,max,9147,0.01725,na,na,69924,97670,901
knapPI_1_200_1000_1,Knapsack,200,Exact,99999,false,max,11238,0.04563,na,na,166220,238701,969
knapPI_1_200_1000_1,Knapsack,200,Restricted,500,false,max,11238,0.01815,na,na,93217,115475,577
knapPI_1_200_1000_1,Knapsack,200,Restricted,1000,false,max,11238,0.04390,na,na,166220,238701,969
knapPI_1_200_1000_1,Knapsack,200,Restricted,2000,false,max,11238,0.04271,na,na,166220,238701,969
knapPI_1_200_1000_1,Knapsack,200,Restricted,5000,false,max,11238,0.04412,na,na,166220,238701,969
knapPI_1_200_1000_1,Knapsack,200,Restricted,10000,false,max,11238,0.04385,na,na,166220,238701,969
knapPI_1_200_1000_1,Knapsack,200,Restricted,20000,false,max,11238,0.04311,na,na,166220,238701,969
knapPI_1_200_1000_1,Knapsack,200,Relaxed,500,false,max,14876,0.02299,na,na,94216,117777,578
knapPI_1_200_1000_1,Knapsack,200,Relaxed,1000,false,max,11238,0.04480,na,na,166220,238701,969
knapPI_1_200_1000_1,Knapsack,200,Relaxed,2000,false,max,11238,0.04546,na,na,166220,238701,969
knapPI_1_200_1000_1,Knapsack,200,Relaxed,5000,false,max,11238,0.04576,na,na,166220,238701,969
knapPI_1_200_1000_1,Knapsack,200,Relaxed,10000,false,max,11238,0.04581,na,na,166220,238701,969
knapPI_1_200_1000_1,Knapsack,200,Relaxed,20000,false,max,11238,0.04443,na,na,166220,238701,969
knapPI_1_500_1000_1,Knapsack,500,Exact,99999,false,max,28857,0.43537,na,na,1213594,2170114,2536
knapPI_1_500_1000_1,Knapsack,500,Restricted,500,false,max,22287,0.04490,na,na,247960,305311,828
knapPI_1_500_1000_1,Knapsack,500,Restricted,1000,false,max,25935,0.09095,na,na,492557,728965,1330
knapPI_1_500_1000_1,Knapsack,500,Restricted,2000,false,max,28857,0.19228,na,na,977676,1698570,2112
knapPI_1_500_1000_1,Knapsack,500,Restricted,5000,false,max,28857,0.43142,na,na,1213594,2170114,2536
knapPI_1_500_1000_1,Knapsack,500,Restricted,10000,false,max,28857,0.43054,na,na,1213594,2170114,2536
knapPI_1_500_1000_1,Knapsack,500,Restricted,20000,false,max,28857,0.42498,na,na,1213594,2170114,2536
knapPI_1_500_1000_1,Knapsack,500,Relaxed,500,false,max,107082,0.07826,na,na,278450,366578,830
knapPI_1_500_1000_1,Knapsack,500,Relaxed,1000,false,max,85447,0.16916,na,na,512216,758312,1332
knapPI_1_500_1000_1,Knapsack,500,Relaxed,2000,false,max,37859,0.36718,na,na,980922,1702264,2113
knapPI_1_500_1000_1,Knapsack,500,Relaxed,5000,false,max,28857,0.43556,na,na,1213594,2170114,2536
knapPI_1_500_1000_1,Knapsack,500,Relaxed,10000,false,max,28857,0.43592,na,na,1213594,2170114,2536
knapPI_1_500_1000_1,Knapsack,500,Relaxed,20000,false,max,28857,0.43771,na,na,1213594,2170114,2536
knapPI_1_1000_1000_1,Knapsack,1000,Restricted,500,false,max,31769,0.08965,na,na,500539,617918,898
knapPI_1_1000_1000_1,Knapsack,1000,Exact,99999,false,max,54503,2.17300,na,na,4913799,9318236,4999
knapPI_1_1000_1000_1,Knapsack,1000,Restricted,1000,false,max,38746,0.18093,na,na,996612,1483926,1705
knapPI_1_1000_1000_1,Knapsack,1000,Restricted,2000,false,max,46141,0.39017,na,na,1985187,3459652,2772
knapPI_1_1000_1000_1,Knapsack,1000,Restricted,5000,false,max,54503,2.20576,na,na,4913799,9318236,4999
knapPI_1_1000_1000_1,Knapsack,1000,Restricted,10000,false,max,54503,2.26088,na,na,4913799,9318236,4999
knapPI_1_1000_1000_1,Knapsack,1000,Relaxed,500,false,max,352782,0.18537,na,na,665591,932021,922
knapPI_1_1000_1000_1,Knapsack,1000,Restricted,20000,false,max,54503,2.22043,na,na,4913799,9318236,4999
knapPI_1_1000_1000_1,Knapsack,1000,Relaxed,1000,false,max,328930,0.38802,na,na,1182695,1765051,1706
knapPI_1_1000_1000_1,Knapsack,1000,Relaxed,2000,false,max,279224,0.82699,na,na,2107040,3589501,2775
knapPI_1_1000_1000_1,Knapsack,1000,Relaxed,5000,false,max,54503,2.21588,na,na,4913799,9318236,4999
knapPI_1_1000_1000_1,Knapsack,1000,Relaxed,10000,false,max,54503,2.23696,na,na,4913799,9318236,4999
knapPI_1_1000_1000_1,Knapsack,1000,Relaxed,20000,false,max,54503,2.29150,na,na,4913799,9318236,4999
knapPI_1_2000_1000_1,Knapsack,2000,Restricted,500,false,max,45673,0.16975,na,na,1004623,1243158,949
knapPI_1_2000_1000_1,Knapsack,2000,Restricted,1000,false,max,55484,0.35492,na,na,2003467,2983077,1773
knapPI_1_2000_1000_1,Knapsack,2000,Restricted,2000,false,max,69293,0.81266,na,na,3993701,6958756,3073
knapPI_1_2000_1000_1,Knapsack,2000,Restricted,5000,false,max,91486,3.02183,na,na,9948893,18876521,5985
knapPI_1_2000_1000_1,Knapsack,2000,Exact,99999,false,max,110625,10.50499,na,na,19848776,38676979,10012
knapPI_1_2000_1000_1,Knapsack,2000,Relaxed,500,false,max,888429,0.43585,na,na,1549131,2278394,995
knapPI_1_2000_1000_1,Knapsack,2000,Relaxed,1000,false,max,870779,0.88293,na,na,2814418,4318575,1874
knapPI_1_2000_1000_1,Knapsack,2000,Restricted,10000,false,max,110625,7.58034,na,na,19834913,38649257,10004
knapPI_1_2000_1000_1,Knapsack,2000,Relaxed,2000,false,max,842963,1.89910,na,na,4939426,8283441,3346
knapPI_1_2000_1000_1,Knapsack,2000,Restricted,20000,false,max,110625,11.36757,na,na,19848776,38676979,10012
knapPI_1_2000_1000_1,Knapsack,2000,Relaxed,5000,false,max,728542,5.63260,na,na,10562223,19524838,5987
knapPI_1_5000_1000_1,Knapsack,5000,Restricted,500,false,max,74514,0.44898,na,na,2517564,3114087,956
knapPI_1_5000_1000_1,Knapsack,5000,Restricted,1000,false,max,90027,0.94716,na,na,5024932,7482536,1780
knapPI_1_5000_1000_1,Knapsack,5000,Restricted,2000,false,max,111101,2.44873,na,na,10019959,17458272,3077
knapPI_1_2000_1000_1,Knapsack,2000,Relaxed,10000,false,max,110625,12.51342,na,na,19834936,38649290,10005
knapPI_1_2000_1000_1,Knapsack,2000,Relaxed,20000,false,max,110625,11.56994,na,na,19848776,38676979,10012
knapPI_1_5000_1000_1,Knapsack,5000,Relaxed,500,false,max,2433861,1.48253,na,na,4319213,6559032,997
knapPI_1_5000_1000_1,Knapsack,5000,Restricted,5000,false,max,155082,8.32933,na,na,24966118,47375737,5996
knapPI_1_5000_1000_1,Knapsack,5000,Relaxed,1000,false,max,2426242,2.69215,na,na,7934685,12482384,1920
knapPI_1_5000_1000_1,Knapsack,5000,Relaxed,2000,false,max,2413326,6.96828,na,na,13651059,23113962,3542
knapPI_1_5000_1000_1,Knapsack,5000,Restricted,10000,false,max,202678,20.51968,na,na,49868762,97185091,10995
knapPI_1_5000_1000_1,Knapsack,5000,Relaxed,5000,false,max,2357632,17.81163,na,na,27613398,51598217,6374
knapPI_1_5000_1000_1,Knapsack,5000,Restricted,20000,false,max,263245,51.90883,na,na,99533416,196514729,20923
knapPI_1_5000_1000_1,Knapsack,5000,Relaxed,10000,false,max,2272156,41.14573,na,na,54342890,102117305,12714
knapPI_1_10000_1000_1,Knapsack,10000,Restricted,500,false,max,109855,0.91315,na,na,5036257,6245496,969
knapPI_1_10000_1000_1,Knapsack,10000,Restricted,1000,false,max,131907,2.29167,na,na,10054840,14996191,1787
knapPI_1_10000_1000_1,Knapsack,10000,Restricted,2000,false,max,162448,5.19165,na,na,20055733,34971877,3083
knapPI_1_10000_1000_1,Knapsack,10000,Restricted,5000,false,max,225392,16.12915,na,na,49991914,94889596,5996
knapPI_1_5000_1000_1,Knapsack,5000,Exact,99999,false,max,276457,101.66617,na,na,124350394,246149231,25017
knapPI_1_5000_1000_1,Knapsack,5000,Relaxed,20000,false,max,1838650,76.97986,na,na,101064487,198127720,21131
knapPI_1_10000_1000_1,Knapsack,10000,Relaxed,500,false,max,4960878,3.02984,na,na,9032393,13797437,997
knapPI_1_10000_1000_1,Knapsack,10000,Relaxed,1000,false,max,4956307,5.79094,na,na,16837639,26424525,1952
knapPI_1_10000_1000_1,Knapsack,10000,Restricted,10000,false,max,300851,37.57277,na,na,99893735,194698945,10995
knapPI_1_10000_1000_1,Knapsack,10000,Relaxed,2000,false,max,4949203,12.02071,na,na,28795478,48358683,3609
knapPI_1_10000_1000_1,Knapsack,10000,Relaxed,5000,false,max,4923965,32.04974,na,na,55985148,105116658,6849
knapPI_2_100_1000_1,Knapsack,100,Exact,99999,false,max,1514,0.02110,na,na,69924,97670,901
knapPI_2_100_1000_1,Knapsack,100,Restricted,500,false,max,1493,0.00959,na,na,42886,52855,564
knapPI_2_100_1000_1,Knapsack,100,Restricted,1000,false,max,1514,0.02084,na,na,69924,97670,901
knapPI_2_100_1000_1,Knapsack,100,Restricted,2000,false,max,1514,0.02115,na,na,69924,97670,901
knapPI_2_100_1000_1,Knapsack,100,Restricted,5000,false,max,1514,0.02229,na,na,69924,97670,901
knapPI_2_100_1000_1,Knapsack,100,Restricted,10000,false,max,1514,0.02175,na,na,69924,97670,901
knapPI_2_100_1000_1,Knapsack,100,Restricted,20000,false,max,1514,0.02104,na,na,69924,97670,901
knapPI_2_100_1000_1,Knapsack,100,Relaxed,500,false,max,2649,0.01211,na,na,43301,53896,565
knapPI_2_100_1000_1,Knapsack,100,Relaxed,1000,false,max,1514,0.02143,na,na,69924,97670,901
knapPI_2_100_1000_1,Knapsack,100,Relaxed,2000,false,max,1514,0.01972,na,na,69924,97670,901
knapPI_2_100_1000_1,Knapsack,100,Relaxed,5000,false,max,1514,0.02626,na,na,69924,97670,901
knapPI_2_100_1000_1,Knapsack,100,Relaxed,10000,false,max,1514,0.02575,na,na,69924,97670,901
knapPI_2_100_1000_1,Knapsack,100,Relaxed,20000,false,max,1514,0.02732,na,na,69924,97670,901
knapPI_2_200_1000_1,Knapsack,200,Exact,99999,false,max,1634,0.05006,na,na,166220,238701,969
knapPI_2_200_1000_1,Knapsack,200,Restricted,500,false,max,1556,0.02458,na,na,93065,115411,577
knapPI_2_200_1000_1,Knapsack,200,Restricted,1000,false,max,1634,0.06179,na,na,166220,238701,969
knapPI_1_10000_1000_1,Knapsack,10000,Restricted,20000,false,max,401922,92.74461,na,na,199558178,394028570,20992
knapPI_2_200_1000_1,Knapsack,200,Restricted,2000,false,max,1634,0.06496,na,na,166220,238701,969
knapPI_1_10000_1000_1,Knapsack,10000,Relaxed,10000,false,max,4813067,65.51866,na,na,106104382,204206975,11960
knapPI_2_200_1000_1,Knapsack,200,Restricted,5000,false,max,1634,0.06383,na,na,166220,238701,969
knapPI_2_200_1000_1,Knapsack,200,Restricted,10000,false,max,1634,0.05022,na,na,166220,238701,969
knapPI_2_200_1000_1,Knapsack,200,Restricted,20000,false,max,1634,0.04726,na,na,166220,238701,969
knapPI_2_200_1000_1,Knapsack,200,Relaxed,500,false,max,4440,0.02736,na,na,94116,117557,578
knapPI_2_200_1000_1,Knapsack,200,Relaxed,1000,false,max,1634,0.04474,na,na,166220,238701,969
knapPI_2_200_1000_1,Knapsack,200,Relaxed,2000,false,max,1634,0.04910,na,na,166220,238701,969
knapPI_2_200_1000_1,Knapsack,200,Relaxed,5000,false,max,1634,0.04804,na,na,166220,238701,969
knapPI_2_200_1000_1,Knapsack,200,Relaxed,10000,false,max,1634,0.04852,na,na,166220,238701,969
knapPI_2_200_1000_1,Knapsack,200,Relaxed,20000,false,max,1634,0.04950,na,na,166220,238701,969
knapPI_2_500_1000_1,Knapsack,500,Exact,99999,false,max,4566,0.49224,na,na,1213594,2170114,2536
knapPI_2_500_1000_1,Knapsack,500,Restricted,500,false,max,3827,0.05165,na,na,247077,304535,814
knapPI_2_500_1000_1,Knapsack,500,Restricted,1000,false,max,4039,0.10949,na,na,491757,728451,1311
knapPI_2_500_1000_1,Knapsack,500,Restricted,2000,false,max,4472,0.23980,na,na,977490,1698570,2112
knapPI_2_500_1000_1,Knapsack,500,Restricted,5000,false,max,4566,0.51095,na,na,1213594,2170114,2536
knapPI_2_500_1000_1,Knapsack,500,Restricted,10000,false,max,4566,0.52703,na,na,1213594,2170114,2536
knapPI_2_500_1000_1,Knapsack,500,Restricted,20000,false,max,4566,0.53139,na,na,1213594,2170114,2536
knapPI_2_500_1000_1,Knapsack,500,Relaxed,500,false,max,77483,0.08519,na,na,276641,362645,815
knapPI_2_500_1000_1,Knapsack,500,Relaxed,1000,false,max,52498,0.18928,na,na,511071,756664,1312
knapPI_2_500_1000_1,Knapsack,500,Relaxed,2000,false,max,11451,0.44634,na,na,980681,1702101,2113
knapPI_2_500_1000_1,Knapsack,500,Relaxed,5000,false,max,4566,0.52813,na,na,1213594,2170114,2536
knapPI_2_500_1000_1,Knapsack,500,Relaxed,10000,false,max,4566,0.50193,na,na,1213594,2170114,2536
knapPI_2_500_1000_1,Knapsack,500,Relaxed,20000,false,max,4566,0.51619,na,na,1213594,2170114,2536
knapPI_2_1000_1000_1,Knapsack,1000,Restricted,500,false,max,6554,0.10976,na,na,498452,616484,917
knapPI_2_1000_1000_1,Knapsack,1000,Exact,99999,false,max,9052,2.40809,na,na,4913799,9318236,4999
knapPI_2_1000_1000_1,Knapsack,1000,Restricted,1000,false,max,7009,0.21162,na,na,994139,1482665,1714
knapPI_2_1000_1000_1,Knapsack,1000,Restricted,2000,false,max,7864,0.50211,na,na,1983169,3459506,2626
knapPI_2_1000_1000_1,Knapsack,1000,Restricted,5000,false,max,9052,2.42434,na,na,4913799,9318236,4999
knapPI_2_1000_1000_1,Knapsack,1000,Restricted,10000,false,max,9052,2.40066,na,na,4913799,9318236,4999
knapPI_2_1000_1000_1,Knapsack,1000,Relaxed,500,false,max,339049,0.18643,na,na,650981,907634,969
knapPI_2_1000_1000_1,Knapsack,1000,Restricted,20000,false,max,9052,2.37981,na,na,4913799,9318236,4999
knapPI_2_1000_1000_1,Knapsack,1000,Relaxed,1000,false,max,301350,0.39306,na,na,1190408,1803523,1799
knapPI_2_1000_1000_1,Knapsack,1000,Relaxed,2000,false,max,230055,0.91170,na,na,2140462,3649004,2700
knapPI_2_1000_1000_1,Knapsack,1000,Relaxed,5000,false,max,9052,2.31348,na,na,4913799,9318236,4999
knapPI_2_1000_1000_1,Knapsack,1000,Relaxed,10000,false,max,9052,2.37469,na,na,4913799,9318236,4999
knapPI_2_1000_1000_1,Knapsack,1000,Relaxed,20000,false,max,9052,2.30828,na,na,4913799,9318236,4999
knapPI_2_2000_1000_1,Knapsack,2000,Restricted,500,false,max,11828,0.19422,na,na,1001520,1241224,985
knapPI_2_2000_1000_1,Knapsack,2000,Restricted,1000,false,max,12642,0.41769,na,na,1998694,2981347,1857
knapPI_2_2000_1000_1,Knapsack,2000,Restricted,2000,false,max,13774,0.94736,na,na,3988145,6958321,2980
knapPI_2_2000_1000_1,Knapsack,2000,Restricted,5000,false,max,16132,2.97380,na,na,9947816,18876509,5980
knapPI_2_2000_1000_1,Knapsack,2000,Exact,99999,false,max,18051,10.58682,na,na,19848776,38676979,10012
knapPI_2_2000_1000_1,Knapsack,2000,Relaxed,500,false,max,899478,0.48720,na,na,1506862,2246044,1001
knapPI_2_2000_1000_1,Knapsack,2000,Restricted,10000,false,max,18051,7.27469,na,na,19834917,38649257,10004
knapPI_2_2000_1000_1,Knapsack,2000,Relaxed,1000,false,max,870083,0.98267,na,na,2711516,4306488,1921
knapPI_2_2000_1000_1,Knapsack,2000,Relaxed,2000,false,max,801365,2.03845,na,na,4774176,8298940,3274
knapPI_2_2000_1000_1,Knapsack,2000,Restricted,20000,false,max,18051,10.84083,na,na,19848776,38676979,10012
knapPI_2_2000_1000_1,Knapsack,2000,Relaxed,5000,false,max,638405,5.68132,na,na,10691068,19709290,6279
knapPI_2_2000_1000_1,Knapsack,2000,Relaxed,10000,false,max,18051,12.23672,na,na,19834942,38649296,10005
knapPI_2_2000_1000_1,Knapsack,2000,Relaxed,20000,false,max,18051,11.03593,na,na,19848776,38676979,10012
knapPI_1_10000_1000_1,Knapsack,10000,Relaxed,20000,false,max,4761269,155.38774,na,na,212053718,408166321,24101
knapPI_2_5000_1000_1,Knapsack,5000,Restricted,500,false,max,28213,0.51255,na,na,2512604,3111738,1000
knapPI_2_5000_1000_1,Knapsack,5000,Restricted,1000,false,max,29368,1.10155,na,na,5013550,7480372,1954
knapPI_2_5000_1000_1,Knapsack,5000,Restricted,2000,false,max,31116,2.48346,na,na,10003131,17457347,2995
knapPI_2_5000_1000_1,Knapsack,5000,Restricted,5000,false,max,34651,8.34675,na,na,24962789,47375535,5995
knapPI_2_5000_1000_1,Knapsack,5000,Relaxed,500,false,max,2480701,1.45282,na,na,4178417,6451507,1001
knapPI_2_5000_1000_1,Knapsack,5000,Relaxed,1000,false,max,2457032,2.80112,na,na,7432770,12081376,1972
knapPI_2_5000_1000_1,Knapsack,5000,Restricted,10000,false,max,38578,18.89930,na,na,49867807,97185091,10995
knapPI_2_5000_1000_1,Knapsack,5000,Relaxed,2000,false,max,2397914,5.13682,na,na,12479629,22078648,3342
knapPI_2_5000_1000_1,Knapsack,5000,Relaxed,5000,false,max,2255595,15.08925,na,na,28402232,52355446,7399
knapPI_2_5000_1000_1,Knapsack,5000,Relaxed,10000,false,max,2190871,34.09591,na,na,54808936,102947982,12939
knapPI_2_5000_1000_1,Knapsack,5000,Restricted,20000,false,max,43153,51.29822,na,na,99533004,196514729,20923
knapPI_2_10000_1000_1,Knapsack,10000,Restricted,500,false,max,54467,0.85775,na,na,5031018,6243583,1000
knapPI_2_10000_1000_1,Knapsack,10000,Restricted,1000,false,max,56139,2.14369,na,na,10038327,14994173,1974
knapPI_2_5000_1000_1,Knapsack,5000,Exact,99999,false,max,44356,91.71491,na,na,124350394,246149231,25017
knapPI_2_10000_1000_1,Knapsack,10000,Restricted,2000,false,max,58770,5.39357,na,na,20027997,34971188,2995
knapPI_2_10000_1000_1,Knapsack,10000,Restricted,5000,false,max,63992,17.47182,na,na,49987646,94889376,5995
knapPI_2_10000_1000_1,Knapsack,10000,Relaxed,500,false,max,5034810,2.60569,na,na,8848674,13658232,1001
knapPI_2_10000_1000_1,Knapsack,10000,Relaxed,1000,false,max,5011714,5.40288,na,na,15580353,25278544,2001
knapPI_2_5000_1000_1,Knapsack,5000,Relaxed,20000,false,max,1593889,75.55565,na,na,101395304,198575805,21278
knapPI_2_10000_1000_1,Knapsack,10000,Relaxed,2000,false,max,4953133,10.97398,na,na,25437187,45065244,3835
knapPI_2_10000_1000_1,Knapsack,10000,Restricted,10000,false,max,70006,42.58093,na,na,99892668,194698932,10995
knapPI_2_10000_1000_1,Knapsack,10000,Relaxed,5000,false,max,4773203,27.65869,na,na,56360661,105440034,7133
knapPI_3_100_1000_1,Knapsack,100,Exact,99999,false,max,2397,0.01990,na,na,64024,86759,921
knapPI_3_100_1000_1,Knapsack,100,Restricted,500,false,max,2396,0.00923,na,na,41577,50737,603
knapPI_3_100_1000_1,Knapsack,100,Restricted,1000,false,max,2397,0.01926,na,na,64024,86759,921
knapPI_3_100_1000_1,Knapsack,100,Restricted,2000,false,max,2397,0.01920,na,na,64024,86759,921
knapPI_3_100_1000_1,Knapsack,100,Restricted,5000,false,max,2397,0.01900,na,na,64024,86759,921
knapPI_3_100_1000_1,Knapsack,100,Restricted,10000,false,max,2397,0.01905,na,na,64024,86759,921
knapPI_3_100_1000_1,Knapsack,100,Restricted,20000,false,max,2397,0.01960,na,na,64024,86759,921
knapPI_3_100_1000_1,Knapsack,100,Relaxed,500,false,max,3547,0.01249,na,na,41989,51671,603
knapPI_3_100_1000_1,Knapsack,100,Relaxed,1000,false,max,2397,0.01997,na,na,64024,86759,921
knapPI_3_100_1000_1,Knapsack,100,Relaxed,2000,false,max,2397,0.01927,na,na,64024,86759,921
knapPI_3_100_1000_1,Knapsack,100,Relaxed,5000,false,max,2397,0.01965,na,na,64024,86759,921
knapPI_3_100_1000_1,Knapsack,100,Relaxed,10000,false,max,2397,0.01985,na,na,64024,86759,921
knapPI_3_100_1000_1,Knapsack,100,Relaxed,20000,false,max,2397,0.02024,na,na,64024,86759,921
knapPI_3_200_1000_1,Knapsack,200,Exact,99999,false,max,2697,0.05194,na,na,158390,227151,956
knapPI_3_200_1000_1,Knapsack,200,Restricted,500,false,max,2696,0.01945,na,na,91593,113270,603
knapPI_3_200_1000_1,Knapsack,200,Restricted,1000,false,max,2697,0.05079,na,na,158390,227151,956
knapPI_3_200_1000_1,Knapsack,200,Restricted,2000,false,max,2697,0.05036,na,na,158390,227151,956
knapPI_3_200_1000_1,Knapsack,200,Restricted,5000,false,max,2697,0.05137,na,na,158390,227151,956
knapPI_3_200_1000_1,Knapsack,200,Restricted,10000,false,max,2697,0.05234,na,na,158390,227151,956
knapPI_2_10000_1000_1,Knapsack,10000,Relaxed,10000,false,max,4717325,68.13375,na,na,110467734,208872248,13232
knapPI_3_200_1000_1,Knapsack,200,Restricted,20000,false,max,2697,0.05162,na,na,158390,227151,956
knapPI_3_200_1000_1,Knapsack,200,Relaxed,500,false,max,5972,0.02964,na,na,92563,115461,603
knapPI_3_200_1000_1,Knapsack,200,Relaxed,1000,false,max,2697,0.04954,na,na,158390,227151,956
knapPI_3_200_1000_1,Knapsack,200,Relaxed,2000,false,max,2697,0.04769,na,na,158390,227151,956
knapPI_3_200_1000_1,Knapsack,200,Relaxed,5000,false,max,2697,0.04878,na,na,158390,227151,956
knapPI_3_200_1000_1,Knapsack,200,Relaxed,10000,false,max,2697,0.04697,na,na,158390,227151,956
knapPI_3_200_1000_1,Knapsack,200,Relaxed,20000,false,max,2697,0.04832,na,na,158390,227151,956
knapPI_2_10000_1000_1,Knapsack,10000,Restricted,20000,false,max,78130,121.55999,na,na,199557866,394028570,20992
knapPI_3_500_1000_1,Knapsack,500,Exact,99999,false,max,7117,0.50873,na,na,1195815,2137391,2513
knapPI_3_500_1000_1,Knapsack,500,Restricted,500,false,max,5417,0.04805,na,na,246777,306821,726
knapPI_3_500_1000_1,Knapsack,500,Restricted,1000,false,max,6117,0.10510,na,na,491037,729974,1205
knapPI_3_500_1000_1,Knapsack,500,Restricted,2000,false,max,7017,0.23200,na,na,974730,1695821,2088
knapPI_3_500_1000_1,Knapsack,500,Restricted,5000,false,max,7117,0.47417,na,na,1195815,2137391,2513
knapPI_3_500_1000_1,Knapsack,500,Restricted,10000,false,max,7117,0.47580,na,na,1195815,2137391,2513
knapPI_3_500_1000_1,Knapsack,500,Restricted,20000,false,max,7117,0.51031,na,na,1195815,2137391,2513
knapPI_3_500_1000_1,Knapsack,500,Relaxed,500,false,max,92654,0.08382,na,na,276560,363975,829
knapPI_3_500_1000_1,Knapsack,500,Relaxed,1000,false,max,64487,0.17596,na,na,510693,758648,1246
knapPI_3_500_1000_1,Knapsack,500,Relaxed,2000,false,max,15991,0.39587,na,na,977887,1699308,2090
knapPI_3_500_1000_1,Knapsack,500,Relaxed,5000,false,max,7117,0.46167,na,na,1195815,2137391,2513
knapPI_3_500_1000_1,Knapsack,500,Relaxed,10000,false,max,7117,0.45389,na,na,1195815,2137391,2513
knapPI_3_500_1000_1,Knapsack,500,Relaxed,20000,false,max,7117,0.45820,na,na,1195815,2137391,2513
knapPI_3_1000_1000_1,Knapsack,1000,Restricted,500,false,max,9490,0.08865,na,na,498202,621284,971
knapPI_3_1000_1000_1,Knapsack,1000,Exact,99999,false,max,14390,2.43387,na,na,4896965,9286039,4988
knapPI_3_1000_1000_1,Knapsack,1000,Restricted,1000,false,max,10490,0.19116,na,na,993625,1483417,1547
knapPI_3_1000_1000_1,Knapsack,1000,Restricted,2000,false,max,11890,0.40677,na,na,1982410,3459401,2836
knapPI_3_1000_1000_1,Knapsack,1000,Restricted,5000,false,max,14390,2.39564,na,na,4896965,9286039,4988
knapPI_3_1000_1000_1,Knapsack,1000,Restricted,10000,false,max,14390,2.48592,na,na,4896965,9286039,4988
knapPI_3_1000_1000_1,Knapsack,1000,Relaxed,500,false,max,395420,0.18214,na,na,649731,909854,984
knapPI_3_1000_1000_1,Knapsack,1000,Restricted,20000,false,max,14390,2.48113,na,na,4896965,9286039,4988
knapPI_3_1000_1000_1,Knapsack,1000,Relaxed,1000,false,max,356317,0.36073,na,na,1191105,1808493,1788
knapPI_3_1000_1000_1,Knapsack,1000,Relaxed,2000,false,max,274783,0.80450,na,na,2144913,3660174,2837
knapPI_3_1000_1000_1,Knapsack,1000,Relaxed,5000,false,max,14390,2.47097,na,na,4896965,9286039,4988
knapPI_3_1000_1000_1,Knapsack,1000,Relaxed,10000,false,max,14390,2.47907,na,na,4896965,9286039,4988
knapPI_3_1000_1000_1,Knapsack,1000,Relaxed,20000,false,max,14390,2.52608,na,na,4896965,9286039,4988
knapPI_3_2000_1000_1,Knapsack,2000,Restricted,500,false,max,16219,0.18702,na,na,1001274,1249712,990
knapPI_3_2000_1000_1,Knapsack,2000,Restricted,1000,false,max,18019,0.40220,na,na,1998069,2999859,1849
knapPI_3_2000_1000_1,Knapsack,2000,Restricted,2000,false,max,20319,0.86185,na,na,3987246,6975990,2978
knapPI_3_2000_1000_1,Knapsack,2000,Restricted,5000,false,max,24819,3.32931,na,na,9945119,18891102,5978
knapPI_3_2000_1000_1,Knapsack,2000,Exact,99999,false,max,28919,12.42502,na,na,19463457,37925918,9820
knapPI_3_2000_1000_1,Knapsack,2000,Relaxed,500,false,max,1042402,0.44158,na,na,1505043,2251402,997
knapPI_3_2000_1000_1,Knapsack,2000,Relaxed,1000,false,max,1007065,1.02908,na,na,2700922,4308378,1932
knapPI_3_2000_1000_1,Knapsack,2000,Restricted,10000,false,max,28919,12.07353,na,na,19463457,37925918,9820
knapPI_3_2000_1000_1,Knapsack,2000,Relaxed,2000,false,max,928319,1.99984,na,na,4767969,8308271,3188
knapPI_3_2000_1000_1,Knapsack,2000,Restricted,20000,false,max,28919,11.96076,na,na,19463457,37925918,9820
knapPI_3_2000_1000_1,Knapsack,2000,Relaxed,5000,false,max,745697,5.69249,na,na,10669458,19698094,6241
knapPI_3_2000_1000_1,Knapsack,2000,Relaxed,10000,false,max,28919,11.94899,na,na,19463457,37925918,9820
knapPI_3_2000_1000_1,Knapsack,2000,Relaxed,20000,false,max,28919,11.99560,na,na,19463457,37925918,9820
knapPI_3_5000_1000_1,Knapsack,5000,Restricted,500,false,max,36205,0.45304,na,na,2511956,3125540,1000
knapPI_3_5000_1000_1,Knapsack,5000,Restricted,1000,false,max,38905,1.23124,na,na,5012803,7500810,1933
knapPI_3_5000_1000_1,Knapsack,5000,Restricted,2000,false,max,42705,2.78106,na,na,10002222,17476978,2994
knapPI_2_10000_1000_1,Knapsack,10000,Relaxed,20000,false,max,4617114,170.14389,na,na,213195895,410044235,24904
knapPI_3_5000_1000_1,Knapsack,5000,Restricted,5000,false,max,50105,8.30585,na,na,24960104,47392090,5994
knapPI_3_5000_1000_1,Knapsack,5000,Relaxed,500,false,max,2912329,1.20884,na,na,4143779,6415464,1001
knapPI_3_5000_1000_1,Knapsack,5000,Relaxed,1000,false,max,2881589,2.39173,na,na,7320980,11964896,1960
knapPI_3_5000_1000_1,Knapsack,5000,Restricted,10000,false,max,58405,21.77326,na,na,49863750,97198724,10994
knapPI_3_5000_1000_1,Knapsack,5000,Relaxed,2000,false,max,2796100,4.80392,na,na,12334123,21911175,3278
knapPI_3_5000_1000_1,Knapsack,5000,Relaxed,5000,false,max,2685785,15.37460,na,na,28834774,52755058,7397
knapPI_3_5000_1000_1,Knapsack,5000,Relaxed,10000,false,max,2631692,35.97232,na,na,55384429,103451467,13639
knapPI_3_10000_1000_1,Knapsack,10000,Restricted,500,false,max,69519,0.89934,na,na,5029424,6265252,1000
knapPI_3_10000_1000_1,Knapsack,10000,Restricted,1000,false,max,73019,2.01318,na,na,10037385,15029318,1964
knapPI_3_5000_1000_1,Knapsack,5000,Restricted,20000,false,max,69305,69.32823,na,na,99536220,196543084,20700
knapPI_3_10000_1000_1,Knapsack,10000,Restricted,2000,false,max,78319,4.52402,na,na,20026923,35005536,2997
knapPI_3_10000_1000_1,Knapsack,10000,Restricted,5000,false,max,89419,18.19790,na,na,49984797,94920648,5997
knapPI_3_5000_1000_1,Knapsack,5000,Exact,99999,false,max,72505,124.65375,na,na,123330014,244130048,24806
knapPI_3_10000_1000_1,Knapsack,10000,Relaxed,500,false,max,5931097,2.56467,na,na,8583569,13380535,1001
knapPI_3_5000_1000_1,Knapsack,5000,Relaxed,20000,false,max,1856655,80.39104,na,na,101345859,198552291,21200
knapPI_3_10000_1000_1,Knapsack,10000,Relaxed,1000,false,max,5897777,5.01301,na,na,14907653,24590089,1988
knapPI_3_10000_1000_1,Knapsack,10000,Restricted,10000,false,max,101519,47.84369,na,na,99888461,194727282,10997
knapPI_3_10000_1000_1,Knapsack,10000,Relaxed,2000,false,max,5805661,9.50342,na,na,24850509,44444082,3274
knapPI_3_10000_1000_1,Knapsack,10000,Relaxed,5000,false,max,5665946,29.01723,na,na,57351331,106365535,7075
MANN_a9.clq,IndependentSet,45,Exact,99999,false,max,16,0.00638,na,na,14462,20555,704
MANN_a9.clq,IndependentSet,45,Restricted,500,false,max,16,0.00537,na,na,11594,15560,681
MANN_a9.clq,IndependentSet,45,Restricted,1000,false,max,16,0.00647,na,na,14462,20555,704
MANN_a9.clq,IndependentSet,45,Restricted,2000,false,max,16,0.00643,na,na,14462,20555,704
MANN_a9.clq,IndependentSet,45,Restricted,5000,false,max,16,0.00654,na,na,14462,20555,704
MANN_a9.clq,IndependentSet,45,Restricted,10000,false,max,16,0.00642,na,na,14462,20555,704
MANN_a9.clq,IndependentSet,45,Restricted,20000,false,max,16,0.00666,na,na,14462,20555,704
MANN_a9.clq,IndependentSet,45,Relaxed,500,false,max,16,0.00617,na,na,11620,15988,682
MANN_a9.clq,IndependentSet,45,Relaxed,1000,false,max,16,0.00635,na,na,14462,20555,704
MANN_a9.clq,IndependentSet,45,Relaxed,2000,false,max,16,0.00644,na,na,14462,20555,704
MANN_a9.clq,IndependentSet,45,Relaxed,5000,false,max,16,0.00643,na,na,14462,20555,704
MANN_a9.clq,IndependentSet,45,Relaxed,10000,false,max,16,0.00642,na,na,14462,20555,704
MANN_a9.clq,IndependentSet,45,Relaxed,20000,false,max,16,0.00652,na,na,14462,20555,704
knapPI_3_10000_1000_1,Knapsack,10000,Relaxed,10000,false,max,5533521,73.73753,na,na,110087175,208493204,12838
MANN_a27.clq,IndependentSet,378,Restricted,500,false,max,61,0.08530,na,na,181532,194995,1000
MANN_a27.clq,IndependentSet,378,Restricted,1000,false,max,61,0.17255,na,na,362068,393941,2000
MANN_a27.clq,IndependentSet,378,Restricted,2000,false,max,61,0.36705,na,na,725252,794499,4000
MANN_a27.clq,IndependentSet,378,Restricted,5000,false,max,70,1.03551,na,na,1771676,1966690,10000
MANN_a27.clq,IndependentSet,378,Restricted,10000,false,max,70,2.70965,na,na,3532852,3966984,20000
MANN_a27.clq,IndependentSet,378,Restricted,20000,false,max,70,6.79531,na,na,7056085,7978611,40000
MANN_a27.clq,IndependentSet,378,Relaxed,500,false,max,141,0.11186,na,na,181048,206596,1001
MANN_a27.clq,IndependentSet,378,Relaxed,1000,false,max,141,0.22717,na,na,359814,411620,2001
MANN_a27.clq,IndependentSet,378,Relaxed,2000,false,max,141,0.47371,na,na,723449,827172,4001
MANN_a27.clq,IndependentSet,378,Relaxed,5000,false,max,140,1.32632,na,na,1769506,2040766,10001
MANN_a27.clq,IndependentSet,378,Relaxed,10000,false,max,140,3.05678,na,na,3531705,4105791,20001
knapPI_3_10000_1000_1,Knapsack,10000,Restricted,20000,false,max,118519,161.24371,na,na,199560934,394071642,20997
MANN_a27.clq,IndependentSet,378,Relaxed,20000,false,max,140,7.52944,na,na,7055065,8234085,40001
MANN_a45.clq,IndependentSet,1035,Restricted,500,false,max,86,0.33845,na,na,516306,537222,1000
MANN_a45.clq,IndependentSet,1035,Restricted,1000,false,max,86,0.66800,na,na,1031395,1074315,2000
MANN_a45.clq,IndependentSet,1035,Restricted,2000,false,max,106,1.47828,na,na,2035981,2140936,4000
MANN_a45.clq,IndependentSet,1035,Restricted,5000,false,max,106,4.14092,na,na,5086292,5384785,10000
MANN_a45.clq,IndependentSet,1035,Restricted,10000,false,max,106,9.39122,na,na,10190920,10813220,20000
MANN_a45.clq,IndependentSet,1035,Restricted,20000,false,max,124,20.53600,na,na,20173628,21519955,40000
MANN_a45.clq,IndependentSet,1035,Relaxed,500,false,max,373,0.42468,na,na,508600,558363,1001
MANN_a45.clq,IndependentSet,1035,Relaxed,1000,false,max,373,0.83323,na,na,1030244,1109139,2001
MANN_a45.clq,IndependentSet,1035,Relaxed,2000,false,max,372,1.80987,na,na,2029667,2218271,4001
knapPI_3_10000_1000_1,Knapsack,10000,Relaxed,20000,false,max,5457314,197.92445,na,na,212955844,409855927,24372
MANN_a45.clq,IndependentSet,1035,Relaxed,5000,false,max,372,5.00799,na,na,5077310,5550267,10001
MANN_a45.clq,IndependentSet,1035,Relaxed,10000,false,max,372,10.51038,na,na,10184403,11130189,20001
brock200_1.clq,IndependentSet,200,Restricted,500,false,max,16,0.03620,na,na,71579,73867,654
brock200_1.clq,IndependentSet,200,Restricted,1000,false,max,17,0.07908,na,na,142324,147056,1317
brock200_1.clq,IndependentSet,200,Restricted,2000,false,max,17,0.17107,na,na,276642,286678,2488
MANN_a45.clq,IndependentSet,1035,Relaxed,20000,false,max,371,22.87091,na,na,20172726,22145803,40001
brock200_1.clq,IndependentSet,200,Restricted,5000,false,max,17,0.48409,na,na,661500,686110,6350
brock200_1.clq,IndependentSet,200,Restricted,10000,false,max,17,1.17868,na,na,1260099,1309625,12641
brock200_1.clq,IndependentSet,200,Relaxed,500,false,max,65,0.08326,na,na,105640,127601,951
brock200_1.clq,IndependentSet,200,Restricted,20000,false,max,18,2.85180,na,na,2429023,2529294,24004
brock200_1.clq,IndependentSet,200,Relaxed,1000,false,max,60,0.16619,na,na,201499,240025,1741
brock200_1.clq,IndependentSet,200,Relaxed,2000,false,max,56,0.33527,na,na,382689,449859,3336
brock200_1.clq,IndependentSet,200,Relaxed,5000,false,max,51,0.96635,na,na,895618,1040889,8251
brock200_1.clq,IndependentSet,200,Relaxed,10000,false,max,48,2.27872,na,na,1708181,1965384,17180
brock200_1.clq,IndependentSet,200,Relaxed,20000,false,max,45,5.42883,na,na,3264336,3716191,27580
brock200_2.clq,IndependentSet,200,Restricted,500,false,max,9,0.03703,na,na,74950,77252,570
brock200_2.clq,IndependentSet,200,Exact,99999,false,max,12,6.16630,na,na,9402342,10341770,152442
brock200_2.clq,IndependentSet,200,Restricted,1000,false,max,10,0.07167,na,na,139708,144219,1141
brock200_2.clq,IndependentSet,200,Restricted,2000,false,max,12,0.15564,na,na,262045,271076,2193
brock200_2.clq,IndependentSet,200,Restricted,5000,false,max,12,0.39636,na,na,594797,617319,5391
brock200_2.clq,IndependentSet,200,Restricted,10000,false,max,12,0.81985,na,na,1077073,1122486,10783
brock200_2.clq,IndependentSet,200,Restricted,20000,false,max,12,1.72943,na,na,1893443,1985065,20873
brock200_2.clq,IndependentSet,200,Relaxed,500,false,max,31,0.06808,na,na,92328,103672,706
brock200_2.clq,IndependentSet,200,Relaxed,1000,false,max,27,0.13023,na,na,172927,192155,1286
brock200_2.clq,IndependentSet,200,Relaxed,2000,false,max,23,0.26419,na,na,322649,356519,2335
brock200_2.clq,IndependentSet,200,Relaxed,5000,false,max,19,0.67036,na,na,723169,787171,5685
brock200_2.clq,IndependentSet,200,Relaxed,10000,false,max,17,1.46123,na,na,1303097,1407225,11012
brock200_2.clq,IndependentSet,200,Relaxed,20000,false,max,14,3.09735,na,na,2300872,2485412,20956
brock200_3.clq,IndependentSet,200,Restricted,500,false,max,15,0.03468,na,na,71693,73929,582
brock200_3.clq,IndependentSet,200,Restricted,1000,false,max,15,0.07592,na,na,139208,143749,1157
brock200_3.clq,IndependentSet,200,Restricted,2000,false,max,15,0.15226,na,na,257633,266739,2313
brock200_3.clq,IndependentSet,200,Restricted,5000,false,max,15,0.40552,na,na,587289,609727,6001
brock200_3.clq,IndependentSet,200,Restricted,10000,false,max,15,0.91867,na,na,1096188,1140169,11537
brock200_3.clq,IndependentSet,200,Restricted,20000,false,max,15,2.00633,na,na,2032919,2122980,22764
brock200_3.clq,IndependentSet,200,Relaxed,500,false,max,43,0.07303,na,na,96094,110675,771
brock200_3.clq,IndependentSet,200,Relaxed,1000,false,max,37,0.14605,na,na,181894,206922,1392
brock200_3.clq,IndependentSet,200,Relaxed,2000,false,max,33,0.28398,na,na,339087,381397,2805
brock200_3.clq,IndependentSet,200,Relaxed,5000,false,max,29,0.78992,na,na,779277,864756,6003
brock200_3.clq,IndependentSet,200,Relaxed,10000,false,max,26,1.83493,na,na,1456033,1604403,11540
brock200_3.clq,IndependentSet,200,Relaxed,20000,false,max,23,4.15099,na,na,2702005,2965775,23296
brock200_3.clq,IndependentSet,200,Exact,99999,false,max,15,73.67466,na,na,90255188,101349268,1693454
brock200_4.clq,IndependentSet,200,Restricted,500,false,max,14,0.03762,na,na,73245,75387,669
brock200_4.clq,IndependentSet,200,Restricted,1000,false,max,14,0.08026,na,na,142502,146787,1436
brock200_4.clq,IndependentSet,200,Restricted,2000,false,max,14,0.17039,na,na,272415,280925,2451
brock200_4.clq,IndependentSet,200,Restricted,5000,false,max,14,0.48361,na,na,654598,676669,5872
brock200_4.clq,IndependentSet,200,Restricted,10000,false,max,14,1.10034,na,na,1238607,1282109,11336
brock200_4.clq,IndependentSet,200,Relaxed,500,false,max,51,0.07213,na,na,99341,116537,855
brock200_4.clq,IndependentSet,200,Restricted,20000,false,max,14,2.51507,na,na,2321810,2408395,22604
brock200_4.clq,IndependentSet,200,Relaxed,1000,false,max,46,0.14875,na,na,188757,218735,1550
brock200_4.clq,IndependentSet,200,Relaxed,2000,false,max,42,0.30969,na,na,358277,410980,2902
brock200_4.clq,IndependentSet,200,Relaxed,5000,false,max,36,0.85755,na,na,834214,944203,6585
brock200_4.clq,IndependentSet,200,Relaxed,10000,false,max,32,2.00918,na,na,1577794,1762150,13000
brock200_4.clq,IndependentSet,200,Relaxed,20000,false,max,29,4.68973,na,na,2972392,3307743,23518
brock400_1.clq,IndependentSet,400,Restricted,500,false,max,20,0.08714,na,na,167591,170079,722
brock400_1.clq,IndependentSet,400,Restricted,1000,false,max,20,0.18823,na,na,322187,327275,1358
brock400_1.clq,IndependentSet,400,Restricted,2000,false,max,20,0.41593,na,na,622709,632540,2887
brock400_1.clq,IndependentSet,400,Restricted,5000,false,max,20,1.31157,na,na,1514398,1538410,6486
brock400_1.clq,IndependentSet,400,Restricted,10000,false,max,21,3.30416,na,na,2963583,3011571,12157
brock400_1.clq,IndependentSet,400,Restricted,20000,false,max,21,8.18002,na,na,5779809,5875507,24197
brock400_1.clq,IndependentSet,400,Relaxed,500,false,max,135,0.21113,na,na,229301,274204,998
brock400_1.clq,IndependentSet,400,Relaxed,1000,false,max,123,0.43749,na,na,444211,524117,1992
brock400_1.clq,IndependentSet,400,Relaxed,2000,false,max,115,0.93405,na,na,863231,1006786,3776
brock400_1.clq,IndependentSet,400,Relaxed,5000,false,max,102,2.80790,na,na,2068072,2375163,8611
brock400_1.clq,IndependentSet,400,Relaxed,10000,false,max,94,6.79266,na,na,4023939,4571318,17185
brock400_1.clq,IndependentSet,400,Relaxed,20000,false,max,87,15.94879,na,na,7834563,8831763,33645
brock400_2.clq,IndependentSet,400,Restricted,500,false,max,19,0.08655,na,na,155305,157687,791
brock400_2.clq,IndependentSet,400,Restricted,1000,false,max,19,0.18789,na,na,302869,307542,1526
brock400_2.clq,IndependentSet,400,Restricted,2000,false,max,20,0.43707,na,na,613972,623547,2890
brock400_2.clq,IndependentSet,400,Restricted,5000,false,max,20,1.41094,na,na,1507410,1532033,7307
brock400_2.clq,IndependentSet,400,Restricted,10000,false,max,20,3.76625,na,na,2977584,3026306,14841
brock400_2.clq,IndependentSet,400,Restricted,20000,false,max,21,9.26938,na,na,5857684,5954867,29507
brock400_2.clq,IndependentSet,400,Relaxed,500,false,max,132,0.22422,na,na,229145,274805,997
brock400_2.clq,IndependentSet,400,Relaxed,1000,false,max,121,0.43094,na,na,443103,523600,1975
brock400_2.clq,IndependentSet,400,Relaxed,2000,false,max,112,0.94180,na,na,862201,1009308,3929
brock400_2.clq,IndependentSet,400,Relaxed,5000,false,max,101,2.82609,na,na,2071224,2384503,8903
brock400_2.clq,IndependentSet,400,Relaxed,10000,false,max,94,6.90768,na,na,4032898,4608386,17291
brock400_2.clq,IndependentSet,400,Relaxed,20000,false,max,87,16.11388,na,na,7852437,8890966,31953
brock400_3.clq,IndependentSet,400,Restricted,500,false,max,19,0.08864,na,na,163143,165623,638
brock400_3.clq,IndependentSet,400,Restricted,1000,false,max,20,0.19796,na,na,312495,317381,1294
brock400_3.clq,IndependentSet,400,Restricted,2000,false,max,20,0.41616,na,na,605556,615315,2557
brock400_3.clq,IndependentSet,400,Restricted,5000,false,max,20,1.24067,na,na,1461155,1485396,6219
brock400_3.clq,IndependentSet,400,Restricted,10000,false,max,20,3.02535,na,na,2855716,2905236,12482
brock400_3.clq,IndependentSet,400,Restricted,20000,false,max,21,7.16494,na,na,5465121,5565424,25147
brock400_3.clq,IndependentSet,400,Relaxed,500,false,max,130,0.20445,na,na,229244,275296,998
brock400_3.clq,IndependentSet,400,Relaxed,1000,false,max,120,0.42203,na,na,444354,526221,1895
brock400_3.clq,IndependentSet,400,Relaxed,2000,false,max,111,0.90055,na,na,861677,1009422,3805
brock400_3.clq,IndependentSet,400,Relaxed,5000,false,max,100,2.74123,na,na,2063960,2375395,8596
brock400_3.clq,IndependentSet,400,Relaxed,10000,false,max,92,7.42254,na,na,4010056,4576511,17527
brock400_3.clq,IndependentSet,400,Relaxed,20000,false,max,85,16.72165,na,na,7769221,8783083,33987
brock400_4.clq,IndependentSet,400,Restricted,500,false,max,19,0.08075,na,na,155633,157857,828
brock400_4.clq,IndependentSet,400,Restricted,1000,false,max,19,0.18478,na,na,312876,317583,1626
brock400_4.clq,IndependentSet,400,Restricted,2000,false,max,20,0.39660,na,na,600211,610179,3097
brock400_4.clq,IndependentSet,400,Restricted,5000,false,max,20,1.32060,na,na,1468789,1493469,7818
brock400_4.clq,IndependentSet,400,Restricted,10000,false,max,20,3.34361,na,na,2863753,2913325,12916
brock400_4.clq,IndependentSet,400,Restricted,20000,false,max,21,8.32739,na,na,5648083,5747028,25771
brock400_4.clq,IndependentSet,400,Relaxed,500,false,max,132,0.20776,na,na,228994,275129,963
brock400_4.clq,IndependentSet,400,Relaxed,1000,false,max,121,0.42221,na,na,441809,522726,1857
brock400_4.clq,IndependentSet,400,Relaxed,2000,false,max,112,0.90161,na,na,856390,1001112,3697
brock400_4.clq,IndependentSet,400,Relaxed,5000,false,max,101,2.92012,na,na,2061414,2375045,9242
brock400_4.clq,IndependentSet,400,Relaxed,10000,false,max,93,6.72068,na,na,4006504,4562491,18314
brock400_4.clq,IndependentSet,400,Relaxed,20000,false,max,87,15.39912,na,na,7793502,8778005,31359
brock800_1.clq,IndependentSet,800,Restricted,500,false,max,17,0.18073,na,na,305043,307043,652
brock800_1.clq,IndependentSet,800,Restricted,1000,false,max,17,0.40905,na,na,611070,615495,1291
brock800_1.clq,IndependentSet,800,Restricted,2000,false,max,17,1.00883,na,na,1217019,1226188,2401
brock800_1.clq,IndependentSet,800,Restricted,5000,false,max,17,3.20765,na,na,3031195,3055174,6002
brock800_1.clq,IndependentSet,800,Restricted,10000,false,max,17,8.09221,na,na,5920641,5968738,12601
brock800_1.clq,IndependentSet,800,Restricted,20000,false,max,18,20.16911,na,na,11706120,11802943,22812
brock800_1.clq,IndependentSet,800,Relaxed,500,false,max,200,0.53600,na,na,453086,522271,926
brock800_1.clq,IndependentSet,800,Relaxed,1000,false,max,181,1.11097,na,na,881936,1002405,1676
brock800_1.clq,IndependentSet,800,Relaxed,2000,false,max,164,2.43049,na,na,1724459,1938181,3232
brock800_1.clq,IndependentSet,800,Relaxed,5000,false,max,144,7.65602,na,na,4189069,4647922,7366
brock800_1.clq,IndependentSet,800,Relaxed,10000,false,max,131,18.29804,na,na,8198942,9019544,14970
brock800_1.clq,IndependentSet,800,Relaxed,20000,false,max,118,42.16518,na,na,16047419,17491391,27861
brock800_2.clq,IndependentSet,800,Restricted,500,false,max,17,0.16962,na,na,312667,314812,705
brock800_2.clq,IndependentSet,800,Restricted,1000,false,max,17,0.38012,na,na,610958,615363,1345
brock800_2.clq,IndependentSet,800,Restricted,2000,false,max,17,0.92708,na,na,1227008,1236268,2617
brock800_2.clq,IndependentSet,800,Restricted,5000,false,max,17,3.09854,na,na,3000981,3024471,6408
brock800_2.clq,IndependentSet,800,Restricted,10000,false,max,18,8.25473,na,na,5935521,5982726,13101
brock800_2.clq,IndependentSet,800,Relaxed,500,false,max,203,0.53688,na,na,451564,521247,903
brock800_2.clq,IndependentSet,800,Relaxed,1000,false,max,184,1.12994,na,na,880616,1004438,1707
brock800_2.clq,IndependentSet,800,Relaxed,2000,false,max,166,2.39118,na,na,1715435,1933366,3073
brock800_2.clq,IndependentSet,800,Relaxed,5000,false,max,148,7.52877,na,na,4165935,4635684,7292
brock800_2.clq,IndependentSet,800,Restricted,20000,false,max,18,19.82516,na,na,11663644,11759169,26602
brock800_2.clq,IndependentSet,800,Relaxed,10000,false,max,133,17.26350,na,na,8151146,8986055,14061
brock800_2.clq,IndependentSet,800,Relaxed,20000,false,max,120,40.93256,na,na,15962227,17445009,26604
brock800_3.clq,IndependentSet,800,Restricted,500,false,max,16,0.16754,na,na,321904,324270,694
brock800_3.clq,IndependentSet,800,Restricted,1000,false,max,17,0.37743,na,na,632874,637508,1405
brock800_3.clq,IndependentSet,800,Restricted,2000,false,max,17,0.86842,na,na,1241386,1250959,2471
brock800_3.clq,IndependentSet,800,Restricted,5000,false,max,18,3.21410,na,na,2975460,2999021,5754
brock800_3.clq,IndependentSet,800,Restricted,10000,false,max,18,8.46617,na,na,5922481,5969626,11723
brock800_3.clq,IndependentSet,800,Relaxed,500,false,max,200,0.53357,na,na,451445,519350,826
brock800_3.clq,IndependentSet,800,Relaxed,1000,false,max,180,1.11466,na,na,880239,999245,1610
brock800_3.clq,IndependentSet,800,Relaxed,2000,false,max,163,2.42735,na,na,1722076,1934218,3074
brock800_3.clq,IndependentSet,800,Restricted,20000,false,max,18,20.88499,na,na,11708839,11804023,24576
brock800_3.clq,IndependentSet,800,Relaxed,5000,false,max,143,7.49409,na,na,4184282,4639223,7263
brock800_3.clq,IndependentSet,800,Relaxed,10000,false,max,128,17.80860,na,na,8195967,9007873,14899
brock800_3.clq,IndependentSet,800,Relaxed,20000,false,max,116,41.84708,na,na,16047804,17483914,28999
brock800_4.clq,IndependentSet,800,Restricted,500,false,max,17,0.18884,na,na,332444,334484,677
brock800_4.clq,IndependentSet,800,Restricted,1000,false,max,17,0.42170,na,na,653459,657994,1308
brock800_4.clq,IndependentSet,800,Restricted,2000,false,max,17,0.98978,na,na,1271890,1281085,2595
brock800_4.clq,IndependentSet,800,Restricted,5000,false,max,18,3.42832,na,na,3115179,3138707,6168
brock800_4.clq,IndependentSet,800,Restricted,10000,false,max,18,8.59968,na,na,6137644,6185532,12916
brock800_4.clq,IndependentSet,800,Relaxed,500,false,max,197,0.53323,na,na,451917,521010,839
brock800_4.clq,IndependentSet,800,Relaxed,1000,false,max,178,1.11936,na,na,878637,998925,1668
brock800_4.clq,IndependentSet,800,Relaxed,2000,false,max,161,2.39107,na,na,1713122,1924687,3263
brock800_4.clq,IndependentSet,800,Restricted,20000,false,max,18,20.40771,na,na,12043532,12140146,23629
brock800_4.clq,IndependentSet,800,Relaxed,5000,false,max,142,7.43683,na,na,4161625,4623583,7559
brock800_4.clq,IndependentSet,800,Relaxed,10000,false,max,129,17.60359,na,na,8143491,8959725,14607
c-fat200-1.clq,IndependentSet,200,Exact,99999,false,max,12,0.00182,na,na,5145,6034,40
c-fat200-1.clq,IndependentSet,200,Restricted,500,false,max,12,0.00179,na,na,5145,6034,40
c-fat200-1.clq,IndependentSet,200,Restricted,1000,false,max,12,0.00184,na,na,5145,6034,40
c-fat200-1.clq,IndependentSet,200,Restricted,2000,false,max,12,0.00180,na,na,5145,6034,40
c-fat200-1.clq,IndependentSet,200,Restricted,5000,false,max,12,0.00183,na,na,5145,6034,40
c-fat200-1.clq,IndependentSet,200,Restricted,10000,false,max,12,0.00182,na,na,5145,6034,40
c-fat200-1.clq,IndependentSet,200,Restricted,20000,false,max,12,0.00185,na,na,5145,6034,40
c-fat200-1.clq,IndependentSet,200,Relaxed,500,false,max,12,0.00183,na,na,5145,6034,40
c-fat200-1.clq,IndependentSet,200,Relaxed,1000,false,max,12,0.00184,na,na,5145,6034,40
c-fat200-1.clq,IndependentSet,200,Relaxed,2000,false,max,12,0.00182,na,na,5145,6034,40
c-fat200-1.clq,IndependentSet,200,Relaxed,5000,false,max,12,0.00184,na,na,5145,6034,40
c-fat200-1.clq,IndependentSet,200,Relaxed,10000,false,max,12,0.00187,na,na,5145,6034,40
brock800_4.clq,IndependentSet,800,Relaxed,20000,false,max,116,40.62754,na,na,15982806,17436196,28491
c-fat200-1.clq,IndependentSet,200,Relaxed,20000,false,max,12,0.00181,na,na,5145,6034,40
c-fat200-2.clq,IndependentSet,200,Exact,99999,false,max,24,0.00163,na,na,4170,5083,28
c-fat200-2.clq,IndependentSet,200,Restricted,500,false,max,24,0.00163,na,na,4170,5083,28
c-fat200-2.clq,IndependentSet,200,Restricted,1000,false,max,24,0.00166,na,na,4170,5083,28
c-fat200-2.clq,IndependentSet,200,Restricted,2000,false,max,24,0.00166,na,na,4170,5083,28
c-fat200-2.clq,IndependentSet,200,Restricted,5000,false,max,24,0.00163,na,na,4170,5083,28
c-fat200-2.clq,IndependentSet,200,Restricted,10000,false,max,24,0.00162,na,na,4170,5083,28
c-fat200-2.clq,IndependentSet,200,Restricted,20000,false,max,24,0.00162,na,na,4170,5083,28
c-fat200-2.clq,IndependentSet,200,Relaxed,500,false,max,24,0.00156,na,na,4170,5083,28
c-fat200-2.clq,IndependentSet,200,Relaxed,1000,false,max,24,0.00166,na,na,4170,5083,28
c-fat200-2.clq,IndependentSet,200,Relaxed,2000,false,max,24,0.00162,na,na,4170,5083,28
c-fat200-2.clq,IndependentSet,200,Relaxed,5000,false,max,24,0.00166,na,na,4170,5083,28
c-fat200-2.clq,IndependentSet,200,Relaxed,10000,false,max,24,0.00164,na,na,4170,5083,28
c-fat200-2.clq,IndependentSet,200,Relaxed,20000,false,max,24,0.00159,na,na,4170,5083,28
c-fat200-5.clq,IndependentSet,200,Exact,99999,false,max,58,0.00043,na,na,959,1519,6
c-fat200-5.clq,IndependentSet,200,Restricted,500,false,max,58,0.00044,na,na,959,1519,6
c-fat200-5.clq,IndependentSet,200,Restricted,1000,false,max,58,0.00043,na,na,959,1519,6
c-fat200-5.clq,IndependentSet,200,Restricted,2000,false,max,58,0.00043,na,na,959,1519,6
c-fat200-5.clq,IndependentSet,200,Restricted,5000,false,max,58,0.00043,na,na,959,1519,6
c-fat200-5.clq,IndependentSet,200,Restricted,10000,false,max,58,0.00043,na,na,959,1519,6
c-fat200-5.clq,IndependentSet,200,Restricted,20000,false,max,58,0.00040,na,na,959,1519,6
c-fat200-5.clq,IndependentSet,200,Relaxed,500,false,max,58,0.00044,na,na,959,1519,6
c-fat200-5.clq,IndependentSet,200,Relaxed,1000,false,max,58,0.00044,na,na,959,1519,6
c-fat200-5.clq,IndependentSet,200,Relaxed,2000,false,max,58,0.00043,na,na,959,1519,6
c-fat200-5.clq,IndependentSet,200,Relaxed,5000,false,max,58,0.00043,na,na,959,1519,6
c-fat200-5.clq,IndependentSet,200,Relaxed,10000,false,max,58,0.00043,na,na,959,1519,6
c-fat200-5.clq,IndependentSet,200,Relaxed,20000,false,max,58,0.00043,na,na,959,1519,6
c-fat500-1.clq,IndependentSet,500,Exact,99999,false,max,14,0.01484,na,na,37936,40345,116
c-fat500-1.clq,IndependentSet,500,Restricted,500,false,max,14,0.01544,na,na,37936,40345,116
c-fat500-1.clq,IndependentSet,500,Restricted,1000,false,max,14,0.01523,na,na,37936,40345,116
c-fat500-1.clq,IndependentSet,500,Restricted,2000,false,max,14,0.01522,na,na,37936,40345,116
c-fat500-1.clq,IndependentSet,500,Restricted,5000,false,max,14,0.01558,na,na,37936,40345,116
c-fat500-1.clq,IndependentSet,500,Restricted,10000,false,max,14,0.01530,na,na,37936,40345,116
c-fat500-1.clq,IndependentSet,500,Restricted,20000,false,max,14,0.01524,na,na,37936,40345,116
c-fat500-1.clq,IndependentSet,500,Relaxed,500,false,max,14,0.01559,na,na,37936,40345,116
c-fat500-1.clq,IndependentSet,500,Relaxed,1000,false,max,14,0.01681,na,na,37936,40345,116
c-fat500-1.clq,IndependentSet,500,Relaxed,2000,false,max,14,0.01565,na,na,37936,40345,116
c-fat500-1.clq,IndependentSet,500,Relaxed,5000,false,max,14,0.01538,na,na,37936,40345,116
c-fat500-1.clq,IndependentSet,500,Relaxed,10000,false,max,14,0.01705,na,na,37936,40345,116
c-fat500-1.clq,IndependentSet,500,Relaxed,20000,false,max,14,0.01568,na,na,37936,40345,116
c-fat500-2.clq,IndependentSet,500,Exact,99999,false,max,26,0.00697,na,na,15484,18001,37
c-fat500-2.clq,IndependentSet,500,Restricted,500,false,max,26,0.00699,na,na,15484,18001,37
c-fat500-2.clq,IndependentSet,500,Restricted,1000,false,max,26,0.00692,na,na,15484,18001,37
c-fat500-2.clq,IndependentSet,500,Restricted,2000,false,max,26,0.00791,na,na,15484,18001,37
c-fat500-2.clq,IndependentSet,500,Restricted,5000,false,max,26,0.00761,na,na,15484,18001,37
c-fat500-2.clq,IndependentSet,500,Restricted,10000,false,max,26,0.00689,na,na,15484,18001,37
c-fat500-2.clq,IndependentSet,500,Restricted,20000,false,max,26,0.00673,na,na,15484,18001,37
c-fat500-2.clq,IndependentSet,500,Relaxed,500,false,max,26,0.00689,na,na,15484,18001,37
c-fat500-2.clq,IndependentSet,500,Relaxed,1000,false,max,26,0.00693,na,na,15484,18001,37
c-fat500-2.clq,IndependentSet,500,Relaxed,2000,false,max,26,0.00698,na,na,15484,18001,37
c-fat500-2.clq,IndependentSet,500,Relaxed,5000,false,max,26,0.00693,na,na,15484,18001,37
c-fat500-2.clq,IndependentSet,500,Relaxed,10000,false,max,26,0.00697,na,na,15484,18001,37
c-fat500-2.clq,IndependentSet,500,Relaxed,20000,false,max,26,0.00686,na,na,15484,18001,37
c-fat500-5.clq,IndependentSet,500,Exact,99999,false,max,64,0.00386,na,na,7022,9205,20
c-fat500-5.clq,IndependentSet,500,Restricted,500,false,max,64,0.00387,na,na,7022,9205,20
c-fat500-5.clq,IndependentSet,500,Restricted,1000,false,max,64,0.00389,na,na,7022,9205,20
c-fat500-5.clq,IndependentSet,500,Restricted,2000,false,max,64,0.00391,na,na,7022,9205,20
c-fat500-5.clq,IndependentSet,500,Restricted,5000,false,max,64,0.00385,na,na,7022,9205,20
c-fat500-5.clq,IndependentSet,500,Restricted,10000,false,max,64,0.00384,na,na,7022,9205,20
c-fat500-5.clq,IndependentSet,500,Restricted,20000,false,max,64,0.00388,na,na,7022,9205,20
c-fat500-5.clq,IndependentSet,500,Relaxed,500,false,max,64,0.00391,na,na,7022,9205,20
c-fat500-5.clq,IndependentSet,500,Relaxed,1000,false,max,64,0.00391,na,na,7022,9205,20
c-fat500-5.clq,IndependentSet,500,Relaxed,2000,false,max,64,0.00393,na,na,7022,9205,20
c-fat500-5.clq,IndependentSet,500,Relaxed,5000,false,max,64,0.00390,na,na,7022,9205,20
c-fat500-5.clq,IndependentSet,500,Relaxed,10000,false,max,64,0.00383,na,na,7022,9205,20
c-fat500-5.clq,IndependentSet,500,Relaxed,20000,false,max,64,0.00389,na,na,7022,9205,20
c-fat500-10.clq,IndependentSet,500,Exact,99999,false,max,126,0.00194,na,na,2486,3973,6
c-fat500-10.clq,IndependentSet,500,Restricted,500,false,max,126,0.00198,na,na,2486,3973,6
c-fat500-10.clq,IndependentSet,500,Restricted,1000,false,max,126,0.00192,na,na,2486,3973,6
c-fat500-10.clq,IndependentSet,500,Restricted,2000,false,max,126,0.00185,na,na,2486,3973,6
c-fat500-10.clq,IndependentSet,500,Restricted,5000,false,max,126,0.00196,na,na,2486,3973,6
c-fat500-10.clq,IndependentSet,500,Restricted,10000,false,max,126,0.00215,na,na,2486,3973,6
c-fat500-10.clq,IndependentSet,500,Restricted,20000,false,max,126,0.00195,na,na,2486,3973,6
c-fat500-10.clq,IndependentSet,500,Relaxed,500,false,max,126,0.00193,na,na,2486,3973,6
c-fat500-10.clq,IndependentSet,500,Relaxed,1000,false,max,126,0.00185,na,na,2486,3973,6
c-fat500-10.clq,IndependentSet,500,Relaxed,2000,false,max,126,0.00193,na,na,2486,3973,6
c-fat500-10.clq,IndependentSet,500,Relaxed,5000,false,max,126,0.00194,na,na,2486,3973,6
c-fat500-10.clq,IndependentSet,500,Relaxed,10000,false,max,126,0.00190,na,na,2486,3973,6
c-fat500-10.clq,IndependentSet,500,Relaxed,20000,false,max,126,0.00181,na,na,2486,3973,6
hamming6-2.clq,IndependentSet,64,Restricted,500,false,max,32,0.01282,na,na,24786,30715,835
hamming6-2.clq,IndependentSet,64,Restricted,1000,false,max,32,0.02508,na,na,46138,57553,1525
hamming6-2.clq,IndependentSet,64,Restricted,2000,false,max,32,0.05607,na,na,84892,106062,3058
hamming6-2.clq,IndependentSet,64,Exact,99999,false,max,32,5.42080,na,na,4035162,5854315,254475
hamming6-2.clq,IndependentSet,64,Restricted,5000,false,max,32,0.14277,na,na,189555,237384,7515
hamming6-2.clq,IndependentSet,64,Restricted,10000,false,max,32,0.34641,na,na,350769,448992,15325
hamming6-2.clq,IndependentSet,64,Restricted,20000,false,max,32,0.77479,na,na,630287,811647,29012
hamming6-2.clq,IndependentSet,64,Relaxed,500,false,max,32,0.01876,na,na,26367,35915,836
hamming6-2.clq,IndependentSet,64,Relaxed,1000,false,max,32,0.03721,na,na,48608,66853,1525
hamming6-2.clq,IndependentSet,64,Relaxed,2000,false,max,32,0.06876,na,na,88310,121170,3061
hamming6-2.clq,IndependentSet,64,Relaxed,5000,false,max,32,0.18544,na,na,192030,263148,7515
hamming6-2.clq,IndependentSet,64,Relaxed,10000,false,max,32,0.42355,na,na,353387,490656,15326
hamming6-2.clq,IndependentSet,64,Relaxed,20000,false,max,32,0.89005,na,na,633504,877383,29017
hamming6-4.clq,IndependentSet,64,Exact,99999,false,max,4,0.00181,na,na,5402,6414,238
hamming6-4.clq,IndependentSet,64,Restricted,500,false,max,4,0.00181,na,na,5402,6414,238
hamming6-4.clq,IndependentSet,64,Restricted,1000,false,max,4,0.00180,na,na,5402,6414,238
hamming6-4.clq,IndependentSet,64,Restricted,2000,false,max,4,0.00177,na,na,5402,6414,238
hamming6-4.clq,IndependentSet,64,Restricted,5000,false,max,4,0.00179,na,na,5402,6414,238
hamming6-4.clq,IndependentSet,64,Restricted,10000,false,max,4,0.00178,na,na,5402,6414,238
hamming6-4.clq,IndependentSet,64,Restricted,20000,false,max,4,0.00178,na,na,5402,6414,238
hamming6-4.clq,IndependentSet,64,Relaxed,500,false,max,4,0.00176,na,na,5402,6414,238
hamming6-4.clq,IndependentSet,64,Relaxed,1000,false,max,4,0.00170,na,na,5402,6414,238
hamming6-4.clq,IndependentSet,64,Relaxed,2000,false,max,4,0.00175,na,na,5402,6414,238
hamming6-4.clq,IndependentSet,64,Relaxed,5000,false,max,4,0.00180,na,na,5402,6414,238
hamming6-4.clq,IndependentSet,64,Relaxed,10000,false,max,4,0.00178,na,na,5402,6414,238
hamming6-4.clq,IndependentSet,64,Relaxed,20000,false,max,4,0.00176,na,na,5402,6414,238
hamming8-2.clq,IndependentSet,256,Restricted,500,false,max,128,0.12412,na,na,136540,163896,835
hamming8-2.clq,IndependentSet,256,Restricted,1000,false,max,128,0.25334,na,na,267301,320221,1647
hamming8-2.clq,IndependentSet,256,Restricted,2000,false,max,128,0.53228,na,na,518749,618458,3075
hamming8-2.clq,IndependentSet,256,Restricted,5000,false,max,128,1.61864,na,na,1217333,1439836,8047
hamming8-2.clq,IndependentSet,256,Relaxed,500,false,max,128,0.17134,na,na,152846,202525,836
hamming8-2.clq,IndependentSet,256,Restricted,10000,false,max,128,4.16663,na,na,2480860,2959802,15708
hamming8-2.clq,IndependentSet,256,Relaxed,1000,false,max,128,0.36908,na,na,301420,400889,1652
hamming8-2.clq,IndependentSet,256,Relaxed,2000,false,max,128,0.79889,na,na,595085,790916,3088
hamming8-2.clq,IndependentSet,256,Relaxed,5000,false,max,128,2.41254,na,na,1430597,1898870,8047
hamming8-2.clq,IndependentSet,256,Restricted,20000,false,max,128,10.15025,na,na,4929909,5889663,30538
hamming8-2.clq,IndependentSet,256,Relaxed,10000,false,max,128,5.98844,na,na,2785340,3726440,15677
hamming8-4.clq,IndependentSet,256,Restricted,500,false,max,16,0.05336,na,na,99605,103202,544
hamming8-4.clq,IndependentSet,256,Restricted,1000,false,max,16,0.11703,na,na,192234,198419,1185
hamming8-4.clq,IndependentSet,256,Restricted,2000,false,max,16,0.25060,na,na,364909,375379,2532
hamming8-4.clq,IndependentSet,256,Restricted,5000,false,max,16,0.69515,na,na,839115,863771,5454
hamming8-2.clq,IndependentSet,256,Relaxed,20000,false,max,128,14.44103,na,na,5453978,7298481,30538
hamming8-4.clq,IndependentSet,256,Restricted,10000,false,max,16,1.55341,na,na,1597809,1653972,10888
hamming8-4.clq,IndependentSet,256,Relaxed,500,false,max,20,0.08276,na,na,108443,117289,886
hamming8-4.clq,IndependentSet,256,Restricted,20000,false,max,16,4.03860,na,na,3042149,3149873,22493
hamming8-4.clq,IndependentSet,256,Relaxed,1000,false,max,18,0.16356,na,na,206973,223504,1678
hamming8-4.clq,IndependentSet,256,Relaxed,2000,false,max,17,0.30456,na,na,386303,417679,2533
hamming8-4.clq,IndependentSet,256,Relaxed,5000,false,max,16,0.83136,na,na,879454,945310,5842
hamming8-4.clq,IndependentSet,256,Relaxed,10000,false,max,16,2.04666,na,na,1666380,1786828,11330
hamming10-2.clq,IndependentSet,1024,Restricted,500,false,max,512,1.39846,na,na,552545,652448,835
hamming8-4.clq,IndependentSet,256,Relaxed,20000,false,max,16,4.71319,na,na,3011347,3218852,22804
hamming10-2.clq,IndependentSet,1024,Restricted,1000,false,max,512,3.09622,na,na,1121107,1330941,1647
hamming10-2.clq,IndependentSet,1024,Restricted,2000,false,max,512,7.22345,na,na,2325983,2778634,3164
hamming10-2.clq,IndependentSet,1024,Restricted,5000,false,max,512,22.21424,na,na,5793088,6917589,9007
hamming10-2.clq,IndependentSet,1024,Restricted,10000,false,max,512,50.14981,na,na,11540649,13769684,15708
hamming10-2.clq,IndependentSet,1024,Relaxed,500,false,max,512,1.67720,na,na,676306,879365,858
hamming10-2.clq,IndependentSet,1024,Relaxed,1000,false,max,512,3.87903,na,na,1333336,1744664,1819
hamming10-2.clq,IndependentSet,1024,Relaxed,2000,false,max,512,8.64487,na,na,2658375,3496826,3573
hamming10-2.clq,IndependentSet,1024,Relaxed,5000,false,max,512,29.84352,na,na,6496811,8630771,8755
hamming10-2.clq,IndependentSet,1024,Restricted,20000,false,max,512,107.74483,na,na,22374437,26573254,31805
hamming10-2.clq,IndependentSet,1024,Relaxed,10000,false,max,512,69.28852,na,na,13026290,17411901,18002
hamming10-4.clq,IndependentSet,1024,Restricted,500,false,max,31,0.44891,na,na,490552,493481,698
hamming10-4.clq,IndependentSet,1024,Restricted,1000,false,max,31,0.98062,na,na,966119,971533,1436
hamming10-4.clq,IndependentSet,1024,Restricted,2000,false,max,31,2.45385,na,na,1922568,1932197,2839
hamming10-4.clq,IndependentSet,1024,Restricted,5000,false,max,31,8.31054,na,na,4743904,4772247,7043
hamming10-4.clq,IndependentSet,1024,Restricted,10000,false,max,31,21.72167,na,na,9384393,9443551,13440
hamming10-2.clq,IndependentSet,1024,Relaxed,20000,false,max,512,153.55446,na,na,25888006,34428643,34765
hamming10-4.clq,IndependentSet,1024,Relaxed,500,false,max,85,0.94709,na,na,519341,555687,1001
hamming10-4.clq,IndependentSet,1024,Relaxed,1000,false,max,79,1.91887,na,na,1025533,1093753,2001
hamming10-4.clq,IndependentSet,1024,Relaxed,2000,false,max,74,4.16067,na,na,2018416,2146067,3973
hamming10-4.clq,IndependentSet,1024,Relaxed,5000,false,max,71,12.20219,na,na,4946608,5252520,9975
johnson8-2-4.clq,IndependentSet,28,Exact,99999,false,max,4,0.00020,na,na,713,968,64
johnson8-2-4.clq,IndependentSet,28,Restricted,500,false,max,4,0.00020,na,na,713,968,64
johnson8-2-4.clq,IndependentSet,28,Restricted,1000,false,max,4,0.00020,na,na,713,968,64
johnson8-2-4.clq,IndependentSet,28,Restricted,2000,false,max,4,0.00020,na,na,713,968,64
johnson8-2-4.clq,IndependentSet,28,Restricted,5000,false,max,4,0.00020,na,na,713,968,64
johnson8-2-4.clq,IndependentSet,28,Restricted,10000,false,max,4,0.00020,na,na,713,968,64
johnson8-2-4.clq,IndependentSet,28,Restricted,20000,false,max,4,0.00020,na,na,713,968,64
hamming10-4.clq,IndependentSet,1024,Restricted,20000,false,max,31,55.29717,na,na,18641534,18745094,25556
johnson8-2-4.clq,IndependentSet,28,Relaxed,500,false,max,4,0.00020,na,na,713,968,64
hamming10-4.clq,IndependentSet,1024,Relaxed,10000,false,max,68,28.33143,na,na,9757721,10331429,19847
johnson8-2-4.clq,IndependentSet,28,Relaxed,1000,false,max,4,0.00020,na,na,713,968,64
johnson8-2-4.clq,IndependentSet,28,Relaxed,2000,false,max,4,0.00020,na,na,713,968,64
johnson8-2-4.clq,IndependentSet,28,Relaxed,5000,false,max,4,0.00020,na,na,713,968,64
johnson8-2-4.clq,IndependentSet,28,Relaxed,10000,false,max,4,0.00020,na,na,713,968,64
johnson8-2-4.clq,IndependentSet,28,Relaxed,20000,false,max,4,0.00019,na,na,713,968,64
johnson8-4-4.clq,IndependentSet,70,Exact,99999,false,max,14,0.40392,na,na,526481,667221,40047
johnson8-4-4.clq,IndependentSet,70,Restricted,500,false,max,14,0.01203,na,na,22641,24922,625
johnson8-4-4.clq,IndependentSet,70,Restricted,1000,false,max,14,0.02243,na,na,40871,45016,1326
johnson8-4-4.clq,IndependentSet,70,Restricted,2000,false,max,14,0.04053,na,na,72144,79842,2596
johnson8-4-4.clq,IndependentSet,70,Restricted,5000,false,max,14,0.09499,na,na,147502,166113,7624
johnson8-4-4.clq,IndependentSet,70,Restricted,10000,false,max,14,0.16716,na,na,233883,268044,12554
johnson8-4-4.clq,IndependentSet,70,Restricted,20000,false,max,14,0.33588,na,na,378496,450136,23685
johnson8-4-4.clq,IndependentSet,70,Relaxed,500,false,max,14,0.01462,na,na,23959,28520,631
johnson8-4-4.clq,IndependentSet,70,Relaxed,1000,false,max,14,0.02694,na,na,42289,50170,1342
johnson8-4-4.clq,IndependentSet,70,Relaxed,2000,false,max,14,0.05183,na,na,73573,86960,2596
johnson8-4-4.clq,IndependentSet,70,Relaxed,5000,false,max,14,0.11586,na,na,148075,177006,7625
johnson8-4-4.clq,IndependentSet,70,Relaxed,10000,false,max,14,0.21384,na,na,234482,282802,12558
johnson8-4-4.clq,IndependentSet,70,Relaxed,20000,false,max,14,0.41223,na,na,378637,465462,23687
johnson16-2-4.clq,IndependentSet,120,Exact,99999,false,max,8,0.29928,na,na,442385,573456,16384
johnson16-2-4.clq,IndependentSet,120,Restricted,500,false,max,8,0.02149,na,na,41574,49489,745
johnson16-2-4.clq,IndependentSet,120,Restricted,1000,false,max,8,0.03961,na,na,73413,88533,1489
johnson16-2-4.clq,IndependentSet,120,Restricted,2000,false,max,8,0.07555,na,na,127246,155979,2978
johnson16-2-4.clq,IndependentSet,120,Restricted,5000,false,max,8,0.14018,na,na,239815,299632,6751
johnson16-2-4.clq,IndependentSet,120,Restricted,10000,false,max,8,0.25319,na,na,356548,451262,12288
johnson16-2-4.clq,IndependentSet,120,Restricted,20000,false,max,8,0.30880,na,na,442385,573456,16384
johnson16-2-4.clq,IndependentSet,120,Relaxed,500,false,max,9,0.02762,na,na,41414,49838,818
hamming10-4.clq,IndependentSet,1024,Relaxed,20000,false,max,66,63.87117,na,na,19229054,20305809,37420
johnson16-2-4.clq,IndependentSet,120,Relaxed,1000,false,max,8,0.05111,na,na,73301,90508,1491
johnson16-2-4.clq,IndependentSet,120,Relaxed,2000,false,max,8,0.09315,na,na,127022,159054,2980
johnson16-2-4.clq,IndependentSet,120,Relaxed,5000,false,max,8,0.18398,na,na,240564,304970,6769
johnson16-2-4.clq,IndependentSet,120,Relaxed,10000,false,max,8,0.30138,na,na,356706,455225,12289
johnson16-2-4.clq,IndependentSet,120,Relaxed,20000,false,max,8,0.28474,na,na,442385,573456,16384
johnson32-2-4.clq,IndependentSet,496,Restricted,500,false,max,16,0.20455,na,na,231542,256835,745
johnson32-2-4.clq,IndependentSet,496,Restricted,1000,false,max,16,0.42075,na,na,452339,505422,1515
johnson32-2-4.clq,IndependentSet,496,Restricted,2000,false,max,16,0.94424,na,na,885161,998482,2978
johnson32-2-4.clq,IndependentSet,496,Restricted,5000,false,max,16,2.88699,na,na,2129610,2425805,6940
johnson32-2-4.clq,IndependentSet,496,Relaxed,500,false,max,33,0.30775,na,na,234830,259796,932
johnson32-2-4.clq,IndependentSet,496,Relaxed,1000,false,max,30,0.63161,na,na,457240,504742,1881
johnson32-2-4.clq,IndependentSet,496,Restricted,10000,false,max,16,7.05192,na,na,4119675,4723475,13352
johnson32-2-4.clq,IndependentSet,496,Relaxed,2000,false,max,28,1.30304,na,na,888589,978623,3800
johnson32-2-4.clq,IndependentSet,496,Relaxed,5000,false,max,25,3.84852,na,na,2135121,2360110,9246
johnson32-2-4.clq,IndependentSet,496,Restricted,20000,false,max,16,17.47117,na,na,7984042,9208233,26779
johnson32-2-4.clq,IndependentSet,496,Relaxed,10000,false,max,23,8.99673,na,na,4136261,4608147,18239
keller4.clq,IndependentSet,171,Restricted,500,false,max,10,0.03167,na,na,57638,60776,567
keller4.clq,IndependentSet,171,Restricted,1000,false,max,11,0.06000,na,na,104392,110171,1147
keller4.clq,IndependentSet,171,Exact,99999,false,max,11,5.13659,na,na,6721492,7756355,140850
keller4.clq,IndependentSet,171,Restricted,2000,false,max,11,0.10459,na,na,185805,197329,2300
keller4.clq,IndependentSet,171,Restricted,5000,false,max,11,0.25391,na,na,392328,418407,5719
keller4.clq,IndependentSet,171,Restricted,10000,false,max,11,0.58808,na,na,769619,830029,11174
keller4.clq,IndependentSet,171,Relaxed,500,false,max,24,0.04779,na,na,68829,79621,644
keller4.clq,IndependentSet,171,Restricted,20000,false,max,11,1.40945,na,na,1482255,1608858,21014
johnson32-2-4.clq,IndependentSet,496,Relaxed,20000,false,max,22,20.21122,na,na,7987848,8877634,35950
keller4.clq,IndependentSet,171,Relaxed,1000,false,max,20,0.09239,na,na,126993,145959,1334
keller4.clq,IndependentSet,171,Relaxed,2000,false,max,18,0.17933,na,na,236686,270210,2474
keller4.clq,IndependentSet,171,Relaxed,5000,false,max,16,0.48199,na,na,540739,609464,5956
keller4.clq,IndependentSet,171,Relaxed,10000,false,max,15,1.06697,na,na,997379,1121676,11175
keller4.clq,IndependentSet,171,Relaxed,20000,false,max,13,2.34838,na,na,1818767,2041848,21705
keller5.clq,IndependentSet,776,Restricted,500,false,max,20,0.31252,na,na,357893,362192,597
keller5.clq,IndependentSet,776,Restricted,1000,false,max,21,0.61763,na,na,666785,675161,1187
keller5.clq,IndependentSet,776,Restricted,2000,false,max,22,1.47293,na,na,1301052,1317916,3036
keller5.clq,IndependentSet,776,Restricted,5000,false,max,22,4.41387,na,na,3190521,3248557,7159
keller5.clq,IndependentSet,776,Restricted,10000,false,max,22,10.67494,na,na,6218550,6341199,13115
keller5.clq,IndependentSet,776,Relaxed,500,false,max,136,0.54807,na,na,412749,467782,1000
keller5.clq,IndependentSet,776,Relaxed,1000,false,max,124,1.12296,na,na,802850,901576,2000
keller5.clq,IndependentSet,776,Relaxed,2000,false,max,115,2.39547,na,na,1574822,1757794,3814
keller5.clq,IndependentSet,776,Relaxed,5000,false,max,104,7.15887,na,na,3797383,4208497,9266
keller5.clq,IndependentSet,776,Restricted,20000,false,max,22,26.70065,na,na,12072658,12293577,23491
keller5.clq,IndependentSet,776,Relaxed,10000,false,max,98,17.04582,na,na,7380788,8146601,14929
p_hat300-1.clq,IndependentSet,300,Exact,99999,false,max,8,0.59312,na,na,1318695,1417033,15782
p_hat300-1.clq,IndependentSet,300,Restricted,500,false,max,7,0.04951,na,na,99254,101447,516
p_hat300-1.clq,IndependentSet,300,Restricted,1000,false,max,7,0.09109,na,na,177113,181875,1040
p_hat300-1.clq,IndependentSet,300,Restricted,2000,false,max,7,0.16010,na,na,305590,314983,2067
p_hat300-1.clq,IndependentSet,300,Restricted,5000,false,max,8,0.35091,na,na,606376,631749,5138
p_hat300-1.clq,IndependentSet,300,Restricted,10000,false,max,8,0.55427,na,na,976344,1030456,10215
p_hat300-1.clq,IndependentSet,300,Restricted,20000,false,max,8,0.58232,na,na,1318695,1417033,15782
p_hat300-1.clq,IndependentSet,300,Relaxed,500,false,max,20,0.08644,na,na,115001,123568,577
p_hat300-1.clq,IndependentSet,300,Relaxed,1000,false,max,17,0.15895,na,na,204011,218814,1118
p_hat300-1.clq,IndependentSet,300,Relaxed,2000,false,max,14,0.27777,na,na,351802,376732,2196
p_hat300-1.clq,IndependentSet,300,Relaxed,5000,false,max,11,0.57480,na,na,680256,726221,5187
p_hat300-1.clq,IndependentSet,300,Relaxed,10000,false,max,10,0.76123,na,na,1030041,1097503,10217
keller5.clq,IndependentSet,776,Relaxed,20000,false,max,93,38.40768,na,na,14463174,15917565,29422
p_hat300-1.clq,IndependentSet,300,Relaxed,20000,false,max,8,0.58242,na,na,1318695,1417033,15782
p_hat300-2.clq,IndependentSet,300,Restricted,500,false,max,14,0.07149,na,na,113198,115531,540
p_hat300-2.clq,IndependentSet,300,Restricted,1000,false,max,14,0.13920,na,na,206833,211111,1085
p_hat300-2.clq,IndependentSet,300,Restricted,2000,false,max,15,0.27570,na,na,385680,394577,2138
p_hat300-2.clq,IndependentSet,300,Restricted,5000,false,max,16,0.71979,na,na,870871,894869,5387
p_hat300-2.clq,IndependentSet,300,Restricted,10000,false,max,17,1.66320,na,na,1591720,1639139,10785
p_hat300-2.clq,IndependentSet,300,Relaxed,500,false,max,62,0.10356,na,na,131784,150580,902
p_hat300-2.clq,IndependentSet,300,Restricted,20000,false,max,18,3.81551,na,na,2852671,2945378,21444
p_hat300-2.clq,IndependentSet,300,Relaxed,1000,false,max,56,0.20268,na,na,243512,277377,1784
p_hat300-2.clq,IndependentSet,300,Relaxed,2000,false,max,51,0.40140,na,na,447871,506716,3312
p_hat300-2.clq,IndependentSet,300,Relaxed,5000,false,max,46,1.06489,na,na,988747,1106208,7391
p_hat300-2.clq,IndependentSet,300,Relaxed,10000,false,max,43,2.44151,na,na,1799755,2000406,14777
p_hat300-2.clq,IndependentSet,300,Relaxed,20000,false,max,40,5.41638,na,na,3238641,3588664,26517
p_hat300-3.clq,IndependentSet,300,Restricted,500,false,max,22,0.07891,na,na,126768,129196,602
p_hat300-3.clq,IndependentSet,300,Restricted,1000,false,max,22,0.16633,na,na,252457,258069,1204
p_hat300-3.clq,IndependentSet,300,Restricted,2000,false,max,22,0.36048,na,na,488310,499046,2330
p_hat300-3.clq,IndependentSet,300,Restricted,5000,false,max,23,1.02443,na,na,1166404,1193314,5793
p_hat300-3.clq,IndependentSet,300,Restricted,10000,false,max,24,2.59392,na,na,2262284,2317174,11946
p_hat300-3.clq,IndependentSet,300,Restricted,20000,false,max,24,6.50967,na,na,4365143,4475455,22638
p_hat300-3.clq,IndependentSet,300,Relaxed,500,false,max,111,0.13752,na,na,162798,198652,995
p_hat300-3.clq,IndependentSet,300,Relaxed,1000,false,max,104,0.28262,na,na,310157,374499,1992
p_hat300-3.clq,IndependentSet,300,Relaxed,2000,false,max,96,0.58289,na,na,593355,710000,3946
p_hat300-3.clq,IndependentSet,300,Relaxed,5000,false,max,88,1.79820,na,na,1394654,1646212,9892
p_hat300-3.clq,IndependentSet,300,Relaxed,10000,false,max,82,4.26493,na,na,2666613,3119730,19010
p_hat300-3.clq,IndependentSet,300,Relaxed,20000,false,max,77,9.95113,na,na,5094665,5889289,35028
p_hat500-1.clq,IndependentSet,500,Exact,99999,false,max,9,11.18370,na,na,17341128,18305153,144037
p_hat500-1.clq,IndependentSet,500,Restricted,500,false,max,7,0.12195,na,na,185944,187970,523
p_hat500-1.clq,IndependentSet,500,Restricted,1000,false,max,8,0.24460,na,na,343918,348087,1027
p_hat500-1.clq,IndependentSet,500,Restricted,2000,false,max,8,0.47218,na,na,632179,640829,2044
p_hat500-1.clq,IndependentSet,500,Restricted,5000,false,max,8,1.23982,na,na,1361578,1383837,5146
p_hat500-1.clq,IndependentSet,500,Restricted,10000,false,max,9,2.51783,na,na,2383219,2428700,10254
p_hat500-1.clq,IndependentSet,500,Restricted,20000,false,max,9,5.09939,na,na,4122326,4215964,20438
p_hat500-1.clq,IndependentSet,500,Relaxed,500,false,max,37,0.19904,na,na,216092,230959,585
p_hat500-1.clq,IndependentSet,500,Relaxed,1000,false,max,31,0.38910,na,na,400214,426001,1168
p_hat500-1.clq,IndependentSet,500,Relaxed,2000,false,max,26,0.75244,na,na,727349,771099,2257
p_hat500-1.clq,IndependentSet,500,Relaxed,5000,false,max,20,1.98138,na,na,1571488,1658896,5344
p_hat500-1.clq,IndependentSet,500,Relaxed,10000,false,max,17,3.99114,na,na,2736175,2859644,10586
p_hat500-1.clq,IndependentSet,500,Relaxed,20000,false,max,14,7.41558,na,na,4817336,5041790,20887
p_hat500-2.clq,IndependentSet,500,Restricted,500,false,max,17,0.15043,na,na,204818,207397,531
p_hat500-2.clq,IndependentSet,500,Restricted,1000,false,max,17,0.31908,na,na,389679,394661,1057
p_hat500-2.clq,IndependentSet,500,Restricted,2000,false,max,17,0.67868,na,na,734204,744263,2091
p_hat500-2.clq,IndependentSet,500,Restricted,5000,false,max,19,1.87415,na,na,1688986,1714164,5183
p_hat500-2.clq,IndependentSet,500,Restricted,10000,false,max,19,4.39418,na,na,3162550,3210887,10567
p_hat500-2.clq,IndependentSet,500,Restricted,20000,false,max,20,10.25482,na,na,5887718,5985707,21068
p_hat500-2.clq,IndependentSet,500,Relaxed,500,false,max,115,0.22779,na,na,242743,281155,1000
p_hat500-2.clq,IndependentSet,500,Relaxed,1000,false,max,107,0.45258,na,na,457392,525626,2001
p_hat500-2.clq,IndependentSet,500,Relaxed,2000,false,max,100,0.94556,na,na,858180,979946,4001
p_hat500-2.clq,IndependentSet,500,Relaxed,5000,false,max,90,2.71706,na,na,1954618,2212993,10001
p_hat500-2.clq,IndependentSet,500,Relaxed,10000,false,max,84,6.55438,na,na,3636644,4090461,19925
p_hat500-2.clq,IndependentSet,500,Relaxed,20000,false,max,78,14.20120,na,na,6792375,7594211,39047
p_hat500-3.clq,IndependentSet,500,Restricted,500,false,max,28,0.14607,na,na,223884,227506,665
p_hat500-3.clq,IndependentSet,500,Restricted,1000,false,max,28,0.33468,na,na,442158,449221,1134
p_hat500-3.clq,IndependentSet,500,Restricted,2000,false,max,28,0.77431,na,na,860770,873774,2238
p_hat500-3.clq,IndependentSet,500,Restricted,5000,false,max,28,2.36447,na,na,2104058,2135922,5688
p_hat500-3.clq,IndependentSet,500,Restricted,10000,false,max,28,5.91745,na,na,4125467,4188018,11365
p_hat500-3.clq,IndependentSet,500,Restricted,20000,false,max,28,14.85317,na,na,8025322,8149653,23041
p_hat500-3.clq,IndependentSet,500,Relaxed,500,false,max,197,0.30839,na,na,287134,354477,1001
p_hat500-3.clq,IndependentSet,500,Relaxed,1000,false,max,183,0.62837,na,na,554767,676413,2001
p_hat500-3.clq,IndependentSet,500,Relaxed,2000,false,max,174,1.35600,na,na,1073261,1292910,4001
p_hat500-3.clq,IndependentSet,500,Relaxed,5000,false,max,160,4.21871,na,na,2569273,3043196,10001
p_hat500-3.clq,IndependentSet,500,Relaxed,10000,false,max,152,9.79340,na,na,4983749,5859957,19993
p_hat500-3.clq,IndependentSet,500,Relaxed,20000,false,max,144,22.41029,na,na,9689384,11287009,40001
p_hat700-1.clq,IndependentSet,700,Restricted,500,false,max,9,0.20280,na,na,274134,276250,510
p_hat700-1.clq,IndependentSet,700,Restricted,1000,false,max,9,0.43748,na,na,515514,520084,1019
p_hat700-1.clq,IndependentSet,700,Restricted,2000,false,max,9,0.96487,na,na,968463,977984,2054
p_hat700-1.clq,IndependentSet,700,Restricted,5000,false,max,9,2.59131,na,na,2174850,2199439,5101
p_hat700-1.clq,IndependentSet,700,Restricted,10000,false,max,9,5.72295,na,na,3944083,3993521,10191
p_hat700-1.clq,IndependentSet,700,Relaxed,500,false,max,49,0.34023,na,na,312812,332089,642
p_hat700-1.clq,IndependentSet,700,Relaxed,1000,false,max,41,0.66638,na,na,586590,619949,1171
p_hat700-1.clq,IndependentSet,700,Relaxed,2000,false,max,35,1.37235,na,na,1092515,1150807,2275
p_hat700-1.clq,IndependentSet,700,Restricted,20000,false,max,9,12.03568,na,na,7041318,7142214,20348
p_hat700-1.clq,IndependentSet,700,Relaxed,5000,false,max,28,3.82505,na,na,2451239,2572149,5539
p_hat700-1.clq,IndependentSet,700,Relaxed,10000,false,max,23,8.19333,na,na,4424655,4611382,10787
p_hat700-1.clq,IndependentSet,700,Exact,99999,false,max,11,59.97449,na,na,90036711,94192731,599375
p_hat700-1.clq,IndependentSet,700,Relaxed,20000,false,max,19,17.24102,na,na,7986863,8297729,21149
p_hat700-2.clq,IndependentSet,700,Restricted,500,false,max,18,0.25616,na,na,291886,294253,549
p_hat700-2.clq,IndependentSet,700,Restricted,1000,false,max,19,0.57204,na,na,555096,560093,1049
p_hat700-2.clq,IndependentSet,700,Restricted,2000,false,max,18,1.18008,na,na,1069299,1079839,2077
p_hat700-2.clq,IndependentSet,700,Restricted,5000,false,max,21,3.39779,na,na,2510286,2537652,5225
p_hat700-2.clq,IndependentSet,700,Restricted,10000,false,max,22,8.06095,na,na,4772850,4827123,10390
p_hat700-2.clq,IndependentSet,700,Relaxed,500,false,max,157,0.38621,na,na,346256,400339,1001
p_hat700-2.clq,IndependentSet,700,Relaxed,1000,false,max,146,0.79003,na,na,658424,755566,1996
p_hat700-2.clq,IndependentSet,700,Relaxed,2000,false,max,135,1.65005,na,na,1247849,1426225,3987
p_hat700-2.clq,IndependentSet,700,Restricted,20000,false,max,22,19.24010,na,na,9084445,9193500,20734
p_hat700-2.clq,IndependentSet,700,Relaxed,5000,false,max,124,4.81944,na,na,2879492,3258713,9732
p_hat700-2.clq,IndependentSet,700,Relaxed,10000,false,max,116,11.27348,na,na,5439654,6129212,19707
p_hat700-2.clq,IndependentSet,700,Relaxed,20000,false,max,109,25.71737,na,na,10299943,11515595,39377
p_hat700-3.clq,IndependentSet,700,Restricted,500,false,max,25,0.22323,na,na,300566,303734,597
p_hat700-3.clq,IndependentSet,700,Restricted,1000,false,max,25,0.49919,na,na,605334,611590,1153
p_hat700-3.clq,IndependentSet,700,Restricted,2000,false,max,28,1.25298,na,na,1220430,1233002,2312
p_hat700-3.clq,IndependentSet,700,Restricted,5000,false,max,29,4.21365,na,na,3060020,3092116,5625
p_hat700-3.clq,IndependentSet,700,Restricted,10000,false,max,29,10.45014,na,na,6000410,6062874,11819
p_hat700-3.clq,IndependentSet,700,Relaxed,500,false,max,272,0.50314,na,na,411686,507283,1001
p_hat700-3.clq,IndependentSet,700,Relaxed,1000,false,max,257,1.07355,na,na,798432,971965,2001
p_hat700-3.clq,IndependentSet,700,Relaxed,2000,false,max,242,2.29295,na,na,1553730,1871108,4001
p_hat700-3.clq,IndependentSet,700,Restricted,20000,false,max,29,25.21850,na,na,11865045,11989687,21715
p_hat700-3.clq,IndependentSet,700,Relaxed,5000,false,max,224,7.05778,na,na,3752647,4457534,10001
p_hat700-3.clq,IndependentSet,700,Relaxed,10000,false,max,212,16.62837,na,na,7327657,8625706,20001
p_hat700-3.clq,IndependentSet,700,Relaxed,20000,false,max,200,38.73391,na,na,14309577,16714088,39901
p_hat1000-1.clq,IndependentSet,1000,Restricted,500,false,max,9,0.36349,na,na,412070,414177,512
p_hat1000-1.clq,IndependentSet,1000,Restricted,1000,false,max,9,0.80874,na,na,786795,791341,1027
p_hat1000-1.clq,IndependentSet,1000,Restricted,2000,false,max,9,1.73302,na,na,1491819,1501444,2029
p_hat1000-1.clq,IndependentSet,1000,Restricted,5000,false,max,9,5.10221,na,na,3413281,3437913,5109
p_hat1000-1.clq,IndependentSet,1000,Restricted,10000,false,max,9,11.33741,na,na,6306085,6355511,10171
p_hat1000-1.clq,IndependentSet,1000,Relaxed,500,false,max,69,0.61352,na,na,469556,496202,678
p_hat1000-1.clq,IndependentSet,1000,Relaxed,1000,false,max,58,1.26192,na,na,891647,936508,1292
p_hat1000-1.clq,IndependentSet,1000,Relaxed,2000,false,max,49,2.66273,na,na,1680776,1757897,2344
p_hat1000-1.clq,IndependentSet,1000,Restricted,20000,false,max,9,23.81140,na,na,11494302,11593818,20294
p_hat1000-1.clq,IndependentSet,1000,Relaxed,5000,false,max,40,7.47989,na,na,3852341,4013485,5570
p_hat1000-1.clq,IndependentSet,1000,Relaxed,10000,false,max,33,17.11869,na,na,7173144,7462656,10896
p_hat1000-1.clq,IndependentSet,1000,Relaxed,20000,false,max,27,36.17038,na,na,13156123,13605332,21364
p_hat1000-2.clq,IndependentSet,1000,Restricted,500,false,max,18,0.42120,na,na,429615,432110,551
p_hat1000-2.clq,IndependentSet,1000,Restricted,1000,false,max,18,1.00275,na,na,843459,848668,1040
p_hat1000-2.clq,IndependentSet,1000,Restricted,2000,false,max,19,2.28965,na,na,1633827,1643954,2070
p_hat1000-2.clq,IndependentSet,1000,Restricted,5000,false,max,20,6.75726,na,na,3847766,3873448,5157
p_hat1000-2.clq,IndependentSet,1000,Restricted,10000,false,max,21,16.26339,na,na,7420143,7473977,10309
p_hat1000-2.clq,IndependentSet,1000,Relaxed,500,false,max,219,0.70623,na,na,517235,591622,1001
p_hat1000-2.clq,IndependentSet,1000,Relaxed,1000,false,max,203,1.47116,na,na,991667,1125226,2000
p_hat1000-2.clq,IndependentSet,1000,Relaxed,2000,false,max,188,3.14332,na,na,1892226,2132110,3938
p_hat1000-2.clq,IndependentSet,1000,Restricted,20000,false,max,21,36.42404,na,na,14121167,14225061,20675
p_hat1000-2.clq,IndependentSet,1000,Relaxed,5000,false,max,170,9.37822,na,na,4430672,4960461,9619
p_hat1000-2.clq,IndependentSet,1000,Relaxed,10000,false,max,158,21.54052,na,na,8431815,9395190,19189
p_hat1000-3.clq,IndependentSet,1000,Restricted,500,false,max,27,0.36262,na,na,452082,454876,592
p_hat1000-3.clq,IndependentSet,1000,Restricted,1000,false,max,30,0.84668,na,na,902124,908095,1251
p_hat1000-3.clq,IndependentSet,1000,Restricted,2000,false,max,30,2.18587,na,na,1782333,1794466,2333
p_hat1000-2.clq,IndependentSet,1000,Relaxed,20000,false,max,147,47.93995,na,na,16056882,17775674,38658
p_hat1000-3.clq,IndependentSet,1000,Restricted,5000,false,max,30,7.44163,na,na,4384967,4415760,5472
p_hat1000-3.clq,IndependentSet,1000,Restricted,10000,false,max,30,18.42857,na,na,8739635,8802852,11211
p_hat1000-3.clq,IndependentSet,1000,Relaxed,500,false,max,380,0.88668,na,na,603893,740070,1001
p_hat1000-3.clq,IndependentSet,1000,Relaxed,1000,false,max,359,1.86241,na,na,1174677,1421806,2001
p_hat1000-3.clq,IndependentSet,1000,Relaxed,2000,false,max,336,4.12977,na,na,2290237,2739782,4001
p_hat1000-3.clq,IndependentSet,1000,Relaxed,5000,false,max,313,12.88519,na,na,5559399,6567708,10001
p_hat1000-3.clq,IndependentSet,1000,Restricted,20000,false,max,30,44.71894,na,na,17280199,17406612,22610
p_hat1000-3.clq,IndependentSet,1000,Relaxed,10000,false,max,294,30.27425,na,na,10854028,12689550,20001
p_hat1500-1.clq,IndependentSet,1500,Restricted,500,false,max,8,0.62619,na,na,630640,632452,511
p_hat1500-1.clq,IndependentSet,1500,Restricted,1000,false,max,8,1.57439,na,na,1221797,1225648,1020
p_hat1500-1.clq,IndependentSet,1500,Restricted,2000,false,max,9,3.45437,na,na,2299028,2306803,2038
p_hat1500-1.clq,IndependentSet,1500,Restricted,5000,false,max,9,11.09823,na,na,5452974,5473290,5064
p_hat1000-3.clq,IndependentSet,1000,Relaxed,20000,false,max,279,68.63184,na,na,21255415,24635250,40001
p_hat1500-1.clq,IndependentSet,1500,Restricted,10000,false,max,9,25.40172,na,na,10291671,10333652,10138
p_hat1500-1.clq,IndependentSet,1500,Relaxed,500,false,max,110,1.25393,na,na,728711,769906,693
p_hat1500-1.clq,IndependentSet,1500,Relaxed,1000,false,max,93,2.66080,na,na,1401330,1471283,1282
p_hat1500-1.clq,IndependentSet,1500,Relaxed,2000,false,max,79,5.73651,na,na,2683676,2804253,2456
p_hat1500-1.clq,IndependentSet,1500,Relaxed,5000,false,max,64,16.64631,na,na,6282823,6539517,5837
p_hat1500-1.clq,IndependentSet,1500,Restricted,20000,false,max,9,56.70401,na,na,19265678,19351346,20224
p_hat1500-1.clq,IndependentSet,1500,Relaxed,10000,false,max,54,37.57813,na,na,11873694,12332284,11209
p_hat1500-2.clq,IndependentSet,1500,Restricted,500,false,max,20,0.78327,na,na,672650,675465,555
p_hat1500-2.clq,IndependentSet,1500,Restricted,1000,false,max,21,1.96791,na,na,1314229,1320180,1049
p_hat1500-2.clq,IndependentSet,1500,Restricted,2000,false,max,22,4.84599,na,na,2548145,2559830,2067
p_hat1500-2.clq,IndependentSet,1500,Restricted,5000,false,max,22,14.68495,na,na,6059271,6087549,5266
p_hat1500-1.clq,IndependentSet,1500,Relaxed,20000,false,max,46,81.68765,na,na,22288041,23064899,21577
p_hat1500-2.clq,IndependentSet,1500,Restricted,10000,false,max,24,34.37280,na,na,11803449,11860128,10227
p_hat1500-2.clq,IndependentSet,1500,Relaxed,500,false,max,352,1.51699,na,na,810405,936064,1001
p_hat1500-2.clq,IndependentSet,1500,Relaxed,1000,false,max,325,3.14861,na,na,1561515,1787896,2001
p_hat1500-2.clq,IndependentSet,1500,Relaxed,2000,false,max,303,6.95818,na,na,3013927,3425429,4001
p_hat1500-2.clq,IndependentSet,1500,Relaxed,5000,false,max,278,21.02193,na,na,7171151,8094859,10001
p_hat1500-2.clq,IndependentSet,1500,Relaxed,10000,false,max,260,47.56664,na,na,13762999,15455576,20001
p_hat1500-2.clq,IndependentSet,1500,Restricted,20000,false,max,24,78.79506,na,na,22801422,22917157,20462
p_hat1500-3.clq,IndependentSet,1500,Restricted,500,false,max,29,0.61068,na,na,686673,689887,637
p_hat1500-3.clq,IndependentSet,1500,Restricted,1000,false,max,30,1.50372,na,na,1285651,1291283,1268
p_hat1500-3.clq,IndependentSet,1500,Restricted,2000,false,max,30,3.91615,na,na,2646577,2659307,2361
p_hat1500-3.clq,IndependentSet,1500,Restricted,5000,false,max,30,13.69051,na,na,6594105,6626353,5759
p_hat1500-2.clq,IndependentSet,1500,Relaxed,20000,false,max,243,105.00751,na,na,26401026,29507808,40001
p_hat1500-3.clq,IndependentSet,1500,Restricted,10000,false,max,32,36.13848,na,na,13242779,13306774,11259
p_hat1500-3.clq,IndependentSet,1500,Relaxed,500,false,max,594,1.89609,na,na,935920,1159398,1001
p_hat1500-3.clq,IndependentSet,1500,Relaxed,1000,false,max,561,4.05670,na,na,1827142,2236170,2001
p_hat1500-3.clq,IndependentSet,1500,Relaxed,2000,false,max,530,8.97229,na,na,3573440,4328002,4001
p_hat1500-3.clq,IndependentSet,1500,Relaxed,5000,false,max,494,27.79524,na,na,8706385,10423843,10001
p_hat1500-3.clq,IndependentSet,1500,Restricted,20000,false,max,33,87.76540,na,na,26662084,26797801,22053
p_hat1500-3.clq,IndependentSet,1500,Relaxed,10000,false,max,470,63.44784,na,na,17080213,20270579,20001
san200_0.7_1.clq,IndependentSet,200,Restricted,500,false,max,16,0.02753,na,na,57850,65334,976
san200_0.7_1.clq,IndependentSet,200,Restricted,1000,false,max,16,0.06027,na,na,114352,131348,1918
san200_0.7_1.clq,IndependentSet,200,Restricted,2000,false,max,16,0.13467,na,na,225443,261192,3666
san200_0.7_1.clq,IndependentSet,200,Restricted,5000,false,max,17,0.41348,na,na,531896,622960,8636
san200_0.7_1.clq,IndependentSet,200,Restricted,10000,false,max,17,0.94883,na,na,1004899,1187044,16575
san200_0.7_1.clq,IndependentSet,200,Relaxed,500,false,max,81,0.09235,na,na,108211,144284,998
san200_0.7_1.clq,IndependentSet,200,Restricted,20000,false,max,18,2.49240,na,na,1921883,2300080,31977
san200_0.7_1.clq,IndependentSet,200,Relaxed,1000,false,max,75,0.17674,na,na,203579,270344,1979
san200_0.7_1.clq,IndependentSet,200,Relaxed,2000,false,max,67,0.36977,na,na,388365,514951,3932
san200_0.7_1.clq,IndependentSet,200,Relaxed,5000,false,max,58,1.01536,na,na,886910,1172667,9283
san200_0.7_1.clq,IndependentSet,200,Relaxed,10000,false,max,53,2.47827,na,na,1703687,2248845,19007
san200_0.7_1.clq,IndependentSet,200,Relaxed,20000,false,max,48,5.65042,na,na,3278645,4306374,32835
san200_0.7_2.clq,IndependentSet,200,Restricted,500,false,max,11,0.03050,na,na,63245,66805,782
san200_0.7_2.clq,IndependentSet,200,Restricted,1000,false,max,11,0.06075,na,na,121508,128726,1324
san200_0.7_2.clq,IndependentSet,200,Restricted,2000,false,max,12,0.11883,na,na,226442,241643,2593
san200_0.7_2.clq,IndependentSet,200,Restricted,5000,false,max,12,0.31369,na,na,511569,551719,5537
san200_0.7_2.clq,IndependentSet,200,Restricted,10000,false,max,12,0.67655,na,na,905463,985673,11424
san200_0.7_2.clq,IndependentSet,200,Restricted,20000,false,max,12,1.43676,na,na,1670911,1826008,22682
san200_0.7_2.clq,IndependentSet,200,Relaxed,500,false,max,70,0.08722,na,na,101160,135600,1001
san200_0.7_2.clq,IndependentSet,200,Relaxed,1000,false,max,60,0.17075,na,na,189091,253514,2001
san200_0.7_2.clq,IndependentSet,200,Relaxed,2000,false,max,51,0.33835,na,na,356670,470091,3881
san200_0.7_2.clq,IndependentSet,200,Relaxed,5000,false,max,40,0.93392,na,na,826234,1054907,9123
san200_0.7_2.clq,IndependentSet,200,Relaxed,10000,false,max,32,2.13733,na,na,1539392,1941032,16005
san200_0.7_2.clq,IndependentSet,200,Exact,99999,false,max,18,34.59632,na,na,44382484,49804154,539583
san200_0.7_2.clq,IndependentSet,200,Relaxed,20000,false,max,27,3.92229,na,na,2927507,3519281,26875
san200_0.9_1.clq,IndependentSet,200,Restricted,500,false,max,29,0.03307,na,na,56666,59804,1000
san200_0.9_1.clq,IndependentSet,200,Restricted,1000,false,max,29,0.06764,na,na,109408,116207,2000
san200_0.9_1.clq,IndependentSet,200,Restricted,2000,false,max,29,0.13696,na,na,199487,213970,4000
san200_0.9_1.clq,IndependentSet,200,Restricted,5000,false,max,30,0.42649,na,na,528188,566410,9970
san200_0.9_1.clq,IndependentSet,200,Restricted,10000,false,max,31,1.04478,na,na,1018691,1098813,19871
san200_0.9_1.clq,IndependentSet,200,Restricted,20000,false,max,32,2.49422,na,na,1904872,2074467,39860
san200_0.9_1.clq,IndependentSet,200,Relaxed,500,false,max,143,0.11844,na,na,128138,183140,1001
san200_0.9_1.clq,IndependentSet,200,Relaxed,1000,false,max,139,0.24780,na,na,249260,355909,2001
san200_0.9_1.clq,IndependentSet,200,Relaxed,2000,false,max,136,0.55217,na,na,484534,686532,4001
san200_0.9_1.clq,IndependentSet,200,Relaxed,5000,false,max,131,1.71447,na,na,1163000,1643566,10001
san200_0.9_1.clq,IndependentSet,200,Relaxed,10000,false,max,128,4.19479,na,na,2257066,3174095,20001
p_hat1500-3.clq,IndependentSet,1500,Relaxed,20000,false,max,447,142.55299,na,na,33529642,39485284,40001
san200_0.9_1.clq,IndependentSet,200,Relaxed,20000,false,max,124,10.06947,na,na,4353032,6105144,40001
san200_0.9_2.clq,IndependentSet,200,Restricted,500,false,max,29,0.04624,na,na,84130,87311,1000
san200_0.9_2.clq,IndependentSet,200,Restricted,1000,false,max,29,0.09542,na,na,162378,169741,2000
san200_0.9_2.clq,IndependentSet,200,Restricted,2000,false,max,29,0.19941,na,na,314208,330287,4000
san200_0.9_2.clq,IndependentSet,200,Restricted,5000,false,max,30,0.62835,na,na,762899,802397,9829
san200_0.9_2.clq,IndependentSet,200,Restricted,10000,false,max,31,1.49961,na,na,1477571,1563313,19079
san200_0.9_2.clq,IndependentSet,200,Restricted,20000,false,max,31,3.62036,na,na,2851372,3034065,38923
san200_0.9_2.clq,IndependentSet,200,Relaxed,500,false,max,113,0.10100,na,na,120254,160411,1001
san200_0.9_2.clq,IndependentSet,200,Relaxed,1000,false,max,109,0.21198,na,na,231680,307302,2001
san200_0.9_2.clq,IndependentSet,200,Relaxed,2000,false,max,105,0.46456,na,na,451751,596378,4001
san200_0.9_2.clq,IndependentSet,200,Relaxed,5000,false,max,101,1.44671,na,na,1076979,1406122,10001
san200_0.9_2.clq,IndependentSet,200,Relaxed,10000,false,max,98,3.50875,na,na,2088006,2712494,19858
san200_0.9_2.clq,IndependentSet,200,Relaxed,20000,false,max,95,8.27487,na,na,4013348,5159841,38955
san200_0.9_3.clq,IndependentSet,200,Restricted,500,false,max,26,0.04217,na,na,80296,83278,998
san200_0.9_3.clq,IndependentSet,200,Restricted,1000,false,max,27,0.08685,na,na,156526,162620,1976
san200_0.9_3.clq,IndependentSet,200,Restricted,2000,false,max,29,0.20744,na,na,310264,323387,3874
san200_0.9_3.clq,IndependentSet,200,Restricted,5000,false,max,30,0.62524,na,na,739981,774412,9536
san200_0.9_3.clq,IndependentSet,200,Restricted,10000,false,max,30,1.47020,na,na,1414510,1483575,19251
san200_0.9_3.clq,IndependentSet,200,Restricted,20000,false,max,30,3.77460,na,na,2782240,2930754,38497
san200_0.9_3.clq,IndependentSet,200,Relaxed,500,false,max,109,0.10380,na,na,121220,160049,1001
san200_0.9_3.clq,IndependentSet,200,Relaxed,1000,false,max,105,0.21196,na,na,233897,305446,2001
san200_0.9_3.clq,IndependentSet,200,Relaxed,2000,false,max,101,0.46243,na,na,449409,582992,4001
san200_0.9_3.clq,IndependentSet,200,Relaxed,5000,false,max,97,1.41053,na,na,1069146,1374016,10001
san200_0.9_3.clq,IndependentSet,200,Relaxed,10000,false,max,93,3.32197,na,na,2054938,2613050,19985
san200_0.9_3.clq,IndependentSet,200,Relaxed,20000,false,max,90,8.03054,na,na,3916337,4939037,39997
san400_0.5_1.clq,IndependentSet,400,Exact,99999,false,max,13,8.42468,na,na,9837378,12172614,87611
san400_0.5_1.clq,IndependentSet,400,Restricted,500,false,max,7,0.06727,na,na,95113,117086,550
san400_0.5_1.clq,IndependentSet,400,Restricted,1000,false,max,8,0.15803,na,na,180204,226473,1071
san400_0.5_1.clq,IndependentSet,400,Restricted,2000,false,max,8,0.36664,na,na,340015,436450,2097
san400_0.5_1.clq,IndependentSet,400,Restricted,5000,false,max,9,1.02392,na,na,790535,1046415,5192
san400_0.5_1.clq,IndependentSet,400,Restricted,10000,false,max,13,2.19108,na,na,1486152,1999516,10347
san400_0.5_1.clq,IndependentSet,400,Restricted,20000,false,max,13,4.15333,na,na,2674779,3614135,20618
san400_0.5_1.clq,IndependentSet,400,Relaxed,500,false,max,48,0.18129,na,na,190203,267666,652
san400_0.5_1.clq,IndependentSet,400,Relaxed,1000,false,max,37,0.36367,na,na,363977,501867,1367
san400_0.5_1.clq,IndependentSet,400,Relaxed,2000,false,max,29,0.71854,na,na,687663,924289,2404
san400_0.5_1.clq,IndependentSet,400,Relaxed,5000,false,max,22,1.95682,na,na,1604182,2101236,5606
san400_0.5_1.clq,IndependentSet,400,Relaxed,10000,false,max,17,4.13920,na,na,2994741,3816457,10651
san400_0.5_1.clq,IndependentSet,400,Relaxed,20000,false,max,14,5.29749,na,na,3983840,5063368,20997
san400_0.7_1.clq,IndependentSet,400,Restricted,500,false,max,20,0.08002,na,na,172673,184832,1000
san400_0.7_1.clq,IndependentSet,400,Restricted,1000,false,max,21,0.17049,na,na,337933,363386,1991
san400_0.7_1.clq,IndependentSet,400,Restricted,2000,false,max,21,0.37107,na,na,665564,722931,3975
san400_0.7_1.clq,IndependentSet,400,Restricted,5000,false,max,21,1.11976,na,na,1619347,1775537,9801
san400_0.7_1.clq,IndependentSet,400,Restricted,10000,false,max,21,2.71072,na,na,3168747,3500697,19670
san400_0.7_1.clq,IndependentSet,400,Restricted,20000,false,max,21,7.34095,na,na,6259040,6951016,38412
san400_0.7_1.clq,IndependentSet,400,Relaxed,500,false,max,146,0.22773,na,na,234231,294814,1001
san400_0.7_1.clq,IndependentSet,400,Relaxed,1000,false,max,136,0.47786,na,na,451581,565457,1998
san400_0.7_1.clq,IndependentSet,400,Relaxed,2000,false,max,127,1.01297,na,na,876841,1096522,3957
san400_0.7_1.clq,IndependentSet,400,Relaxed,5000,false,max,116,3.02587,na,na,2069611,2568127,9754
san400_0.7_1.clq,IndependentSet,400,Relaxed,10000,false,max,109,7.11480,na,na,4003288,4925699,19355
san400_0.7_1.clq,IndependentSet,400,Relaxed,20000,false,max,98,16.24994,na,na,7721356,9443879,38543
san400_0.7_2.clq,IndependentSet,400,Restricted,500,false,max,16,0.06900,na,na,151107,165772,972
san400_0.7_2.clq,IndependentSet,400,Restricted,1000,false,max,16,0.14909,na,na,292455,319865,1895
san400_0.7_2.clq,IndependentSet,400,Restricted,2000,false,max,16,0.31750,na,na,571721,632574,3760
san400_0.7_2.clq,IndependentSet,400,Restricted,5000,false,max,17,1.05088,na,na,1408543,1558268,8821
san400_0.7_2.clq,IndependentSet,400,Restricted,10000,false,max,17,2.64762,na,na,2761223,3063332,16929
san400_0.7_2.clq,IndependentSet,400,Restricted,20000,false,max,17,6.61837,na,na,5428232,6053257,32168
san400_0.7_2.clq,IndependentSet,400,Relaxed,500,false,max,142,0.22388,na,na,230325,291823,964
san400_0.7_2.clq,IndependentSet,400,Relaxed,1000,false,max,131,0.45928,na,na,444702,560125,1951
san400_0.7_2.clq,IndependentSet,400,Relaxed,2000,false,max,118,1.01373,na,na,857791,1073350,3905
san400_0.7_2.clq,IndependentSet,400,Relaxed,5000,false,max,103,3.07593,na,na,2066095,2564946,8778
san400_0.7_2.clq,IndependentSet,400,Relaxed,10000,false,max,94,7.46864,na,na,3989922,4930102,17040
san400_0.7_2.clq,IndependentSet,400,Relaxed,20000,false,max,85,16.46588,na,na,7726811,9568178,33094
san400_0.7_3.clq,IndependentSet,400,Restricted,500,false,max,13,0.05851,na,na,111690,122956,904
san400_0.7_3.clq,IndependentSet,400,Restricted,1000,false,max,14,0.13208,na,na,222358,245916,1701
san400_0.7_3.clq,IndependentSet,400,Restricted,2000,false,max,14,0.32798,na,na,442369,491728,3379
san400_0.7_3.clq,IndependentSet,400,Restricted,5000,false,max,14,1.13627,na,na,1096155,1227025,8697
san400_0.7_3.clq,IndependentSet,400,Restricted,10000,false,max,14,2.87667,na,na,2188650,2459797,12378
san400_0.7_3.clq,IndependentSet,400,Restricted,20000,false,max,14,7.04175,na,na,4350663,4903719,26189
san400_0.7_3.clq,IndependentSet,400,Relaxed,500,false,max,137,0.21676,na,na,222323,295079,1001
san400_0.7_3.clq,IndependentSet,400,Relaxed,1000,false,max,121,0.44678,na,na,424831,559895,2001
san400_0.7_3.clq,IndependentSet,400,Relaxed,2000,false,max,106,0.92550,na,na,802476,1054690,3841
san400_0.7_3.clq,IndependentSet,400,Relaxed,5000,false,max,94,2.85132,na,na,1939306,2529555,8752
san400_0.7_3.clq,IndependentSet,400,Relaxed,10000,false,max,82,6.72949,na,na,3708378,4810561,17313
san400_0.7_3.clq,IndependentSet,400,Relaxed,20000,false,max,73,15.86917,na,na,7389325,9452525,33362
san400_0.9_1.clq,IndependentSet,400,Restricted,500,false,max,50,0.10335,na,na,177782,181222,1000
san400_0.9_1.clq,IndependentSet,400,Restricted,1000,false,max,51,0.21655,na,na,336481,343101,2000
san400_0.9_1.clq,IndependentSet,400,Restricted,2000,false,max,51,0.48565,na,na,679878,695645,4000
san400_0.9_1.clq,IndependentSet,400,Restricted,5000,false,max,51,1.50414,na,na,1657553,1702730,10000
san400_0.9_1.clq,IndependentSet,400,Restricted,10000,false,max,51,3.57428,na,na,3190186,3283111,20000
san400_0.9_1.clq,IndependentSet,400,Restricted,20000,false,max,52,8.80442,na,na,6158629,6349148,39995
san400_0.9_1.clq,IndependentSet,400,Relaxed,500,false,max,227,0.27156,na,na,265008,350359,1001
san400_0.9_1.clq,IndependentSet,400,Relaxed,1000,false,max,217,0.56954,na,na,513898,673397,2001
san400_0.9_1.clq,IndependentSet,400,Relaxed,2000,false,max,209,1.26925,na,na,1000397,1304600,4000
san400_0.9_1.clq,IndependentSet,400,Relaxed,5000,false,max,198,4.05650,na,na,2429693,3155396,10001
san400_0.9_1.clq,IndependentSet,400,Relaxed,10000,false,max,193,10.33694,na,na,4746861,6143722,20001
san400_0.9_1.clq,IndependentSet,400,Relaxed,20000,false,max,188,23.36209,na,na,9307371,12051906,39802
san1000.clq,IndependentSet,1000,Restricted,500,false,max,9,0.21426,na,na,257466,303204,554
san1000.clq,IndependentSet,1000,Restricted,1000,false,max,9,0.51508,na,na,502054,595745,1079
san1000.clq,IndependentSet,1000,Restricted,2000,false,max,9,1.30631,na,na,964184,1165569,2201
san1000.clq,IndependentSet,1000,Restricted,5000,false,max,9,4.96542,na,na,2314842,2862303,5330
san1000.clq,IndependentSet,1000,Restricted,10000,false,max,9,14.07708,na,na,4497228,5703573,10563
san1000.clq,IndependentSet,1000,Restricted,20000,false,max,9,33.86622,na,na,8818032,11453092,20558
san1000.clq,IndependentSet,1000,Relaxed,500,false,max,141,0.77877,na,na,501957,728407,925
san1000.clq,IndependentSet,1000,Relaxed,1000,false,max,109,1.66708,na,na,980338,1414633,1702
san1000.clq,IndependentSet,1000,Relaxed,2000,false,max,91,3.82946,na,na,1897943,2721466,2913
san1000.clq,IndependentSet,1000,Relaxed,5000,false,max,64,10.53448,na,na,4550686,6273364,6218
san1000.clq,IndependentSet,1000,Relaxed,10000,false,max,52,24.38722,na,na,8919345,12029528,11355
san1000.clq,IndependentSet,1000,Relaxed,20000,false,max,42,55.57309,na,na,17704996,23855378,21633
sanr200_0.7.clq,IndependentSet,200,Restricted,500,false,max,14,0.03769,na,na,74490,76748,689
sanr200_0.7.clq,IndependentSet,200,Restricted,1000,false,max,15,0.08235,na,na,142787,147402,1308
sanr200_0.7.clq,IndependentSet,200,Restricted,2000,false,max,15,0.17791,na,na,276769,285951,2698
sanr200_0.7.clq,IndependentSet,200,Restricted,5000,false,max,15,0.49915,na,na,647566,670188,6350
sanr200_0.7.clq,IndependentSet,200,Restricted,10000,false,max,16,1.16192,na,na,1220820,1265193,12098
sanr200_0.7.clq,IndependentSet,200,Relaxed,500,false,max,58,0.07901,na,na,101056,120103,912
sanr200_0.7.clq,IndependentSet,200,Restricted,20000,false,max,16,2.60112,na,na,2358331,2452101,25396
sanr200_0.7.clq,IndependentSet,200,Relaxed,1000,false,max,52,0.15863,na,na,192203,225333,1543
sanr200_0.7.clq,IndependentSet,200,Relaxed,2000,false,max,48,0.32238,na,na,366879,425246,3132
sanr200_0.7.clq,IndependentSet,200,Relaxed,5000,false,max,43,0.97863,na,na,860945,983953,7228
sanr200_0.7.clq,IndependentSet,200,Relaxed,10000,false,max,39,2.27081,na,na,1637452,1851257,13237
sanr200_0.7.clq,IndependentSet,200,Relaxed,20000,false,max,36,5.30214,na,na,3079918,3454749,25673
sanr200_0.9.clq,IndependentSet,200,Restricted,500,false,max,31,0.04539,na,na,86431,89955,960
sanr200_0.9.clq,IndependentSet,200,Restricted,1000,false,max,33,0.09807,na,na,166072,173169,1904
sanr200_0.9.clq,IndependentSet,200,Restricted,2000,false,max,33,0.21835,na,na,327210,340645,3783
sanr200_0.9.clq,IndependentSet,200,Restricted,5000,false,max,34,0.71613,na,na,801465,836857,9001
sanr200_0.9.clq,IndependentSet,200,Restricted,10000,false,max,34,1.84428,na,na,1567171,1636913,17093
sanr200_0.9.clq,IndependentSet,200,Restricted,20000,false,max,35,4.83551,na,na,3073312,3213990,33515
sanr200_0.9.clq,IndependentSet,200,Relaxed,500,false,max,104,0.09774,na,na,116454,153036,1001
sanr200_0.9.clq,IndependentSet,200,Relaxed,1000,false,max,100,0.19996,na,na,224445,291110,1995
sanr200_0.9.clq,IndependentSet,200,Relaxed,2000,false,max,98,0.44611,na,na,434370,559033,3988
sanr200_0.9.clq,IndependentSet,200,Relaxed,5000,false,max,93,1.38622,na,na,1028113,1311401,9959
sanr200_0.9.clq,IndependentSet,200,Relaxed,10000,false,max,90,3.19521,na,na,1975806,2504713,19755
sanr200_0.9.clq,IndependentSet,200,Relaxed,20000,false,max,86,7.75013,na,na,3816264,4798512,39391
sanr400_0.5.clq,IndependentSet,400,Restricted,500,false,max,11,0.08257,na,na,153003,154838,556
sanr400_0.5.clq,IndependentSet,400,Restricted,1000,false,max,11,0.17836,na,na,294672,298566,1128
sanr400_0.5.clq,IndependentSet,400,Restricted,2000,false,max,11,0.39446,na,na,590741,599268,2215
sanr400_0.5.clq,IndependentSet,400,Restricted,5000,false,max,12,1.17808,na,na,1414898,1437706,5465
sanr400_0.5.clq,IndependentSet,400,Restricted,10000,false,max,12,3.03492,na,na,2724304,2771509,10806
sanr400_0.5.clq,IndependentSet,400,Restricted,20000,false,max,12,6.82899,na,na,5196219,5293160,22054
sanr400_0.5.clq,IndependentSet,400,Relaxed,500,false,max,65,0.18297,na,na,203517,227276,697
sanr400_0.5.clq,IndependentSet,400,Relaxed,1000,false,max,57,0.36704,na,na,392238,432982,1385
sanr400_0.5.clq,IndependentSet,400,Relaxed,2000,false,max,49,0.80083,na,na,756682,828833,2645
sanr400_0.5.clq,IndependentSet,400,Relaxed,5000,false,max,40,2.30686,na,na,1780183,1924608,6641
sanr400_0.5.clq,IndependentSet,400,Relaxed,10000,false,max,36,5.63351,na,na,3404479,3653099,11900
sanr400_0.5.clq,IndependentSet,400,Relaxed,20000,false,max,31,12.28918,na,na,6491390,6903122,23146
sanr400_0.7.clq,IndependentSet,400,Restricted,500,false,max,17,0.08866,na,na,154799,157041,621
sanr400_0.7.clq,IndependentSet,400,Restricted,1000,false,max,17,0.19257,na,na,303305,307801,1269
sanr400_0.7.clq,IndependentSet,400,Restricted,2000,false,max,17,0.40991,na,na,597757,606736,2642
sanr400_0.7.clq,IndependentSet,400,Restricted,5000,false,max,17,1.28741,na,na,1448226,1471154,5937
sanr400_0.7.clq,IndependentSet,400,Restricted,10000,false,max,19,3.09831,na,na,2780455,2826154,11831
sanr400_0.7.clq,IndependentSet,400,Restricted,20000,false,max,19,7.44139,na,na,5373436,5466441,23334
sanr400_0.7.clq,IndependentSet,400,Relaxed,500,false,max,117,0.20255,na,na,223815,264164,915
sanr400_0.7.clq,IndependentSet,400,Relaxed,1000,false,max,106,0.41914,na,na,432844,504319,1740
sanr400_0.7.clq,IndependentSet,400,Relaxed,2000,false,max,97,0.89045,na,na,836782,963227,3295
sanr400_0.7.clq,IndependentSet,400,Relaxed,5000,false,max,86,2.83487,na,na,2005112,2274886,8202
sanr400_0.7.clq,IndependentSet,400,Relaxed,10000,false,max,79,6.91047,na,na,3884165,4366902,16265
sanr400_0.7.clq,IndependentSet,400,Relaxed,20000,false,max,72,15.77480,na,na,7535397,8400288,29566
set_covering_n100_m63_d0.1_b_w38_seed1.txt,Set Covering,100,Restricted,500,false,min,14,0.02870,na,na,61191,65379,1000
set_covering_n100_m63_d0.1_b_w38_seed1.txt,Set Covering,100,Restricted,1000,false,min,14,0.05501,na,na,119600,127980,2000
set_covering_n100_m63_d0.1_b_w38_seed1.txt,Set Covering,100,Restricted,2000,false,min,14,0.13027,na,na,233397,250324,4000
set_covering_n100_m63_d0.1_b_w38_seed1.txt,Set Covering,100,Restricted,5000,false,min,12,0.45209,na,na,559477,602718,9999
set_covering_n100_m63_d0.1_b_w38_seed1.txt,Set Covering,100,Restricted,10000,false,min,11,1.16510,na,na,1076869,1170657,19989
set_covering_n100_m63_d0.1_b_w38_seed1.txt,Set Covering,100,Restricted,20000,false,min,11,2.81873,na,na,2087417,2271099,39914
set_covering_n100_m63_d0.1_b_w38_seed1.txt,Set Covering,100,Relaxed,500,false,min,3,0.03820,na,na,61062,90122,1001
set_covering_n100_m63_d0.1_b_w38_seed1.txt,Set Covering,100,Relaxed,1000,false,min,3,0.07581,na,na,119252,176526,2001
set_covering_n100_m63_d0.1_b_w38_seed1.txt,Set Covering,100,Relaxed,2000,false,min,3,0.17061,na,na,233268,345510,4001
set_covering_n100_m63_d0.1_b_w38_seed1.txt,Set Covering,100,Relaxed,5000,false,min,4,0.57651,na,na,559427,832285,9998
set_covering_n100_m63_d0.1_b_w38_seed1.txt,Set Covering,100,Relaxed,10000,false,min,4,1.41696,na,na,1076664,1613657,19989
set_covering_n100_m63_d0.1_b_w38_seed1.txt,Set Covering,100,Relaxed,20000,false,min,4,3.45361,na,na,2086820,3135009,39917
set_covering_n100_m63_d0.1_b_w38_seed2.txt,Set Covering,100,Restricted,500,false,min,14,0.03042,na,na,61970,67911,1000
set_covering_n100_m63_d0.1_b_w38_seed2.txt,Set Covering,100,Restricted,1000,false,min,13,0.05879,na,na,120490,130770,2000
set_covering_n100_m63_d0.1_b_w38_seed2.txt,Set Covering,100,Restricted,2000,false,min,13,0.13340,na,na,236375,258947,4000
set_covering_n100_m63_d0.1_b_w38_seed2.txt,Set Covering,100,Restricted,5000,false,min,13,0.47719,na,na,562395,620250,9994
set_covering_n100_m63_d0.1_b_w38_seed2.txt,Set Covering,100,Restricted,10000,false,min,12,1.18747,na,na,1097496,1215397,19970
set_covering_n100_m63_d0.1_b_w38_seed2.txt,Set Covering,100,Restricted,20000,false,min,11,2.84552,na,na,2107215,2346889,39904
set_covering_n100_m63_d0.1_b_w38_seed2.txt,Set Covering,100,Relaxed,500,false,min,2,0.03936,na,na,61704,92153,1001
set_covering_n100_m63_d0.1_b_w38_seed2.txt,Set Covering,100,Relaxed,1000,false,min,3,0.07568,na,na,120357,179156,2001
set_covering_n100_m63_d0.1_b_w38_seed2.txt,Set Covering,100,Relaxed,2000,false,min,3,0.18074,na,na,236039,353062,4001
set_covering_n100_m63_d0.1_b_w38_seed2.txt,Set Covering,100,Relaxed,5000,false,min,3,0.60260,na,na,562904,845218,9993
set_covering_n100_m63_d0.1_b_w38_seed2.txt,Set Covering,100,Relaxed,10000,false,min,4,1.46233,na,na,1096730,1657114,19970
set_covering_n100_m63_d0.1_b_w38_seed2.txt,Set Covering,100,Relaxed,20000,false,min,4,3.45983,na,na,2106855,3189848,39902
set_covering_n100_m63_d0.1_b_w38_seed3.txt,Set Covering,100,Restricted,500,false,min,14,0.02903,na,na,61979,65874,1000
set_covering_n100_m63_d0.1_b_w38_seed3.txt,Set Covering,100,Restricted,1000,false,min,14,0.05782,na,na,122051,130624,2000
set_covering_n100_m63_d0.1_b_w38_seed3.txt,Set Covering,100,Restricted,2000,false,min,14,0.13063,na,na,240193,257891,4000
set_covering_n100_m63_d0.1_b_w38_seed3.txt,Set Covering,100,Restricted,5000,false,min,12,0.44379,na,na,576074,625137,9998
set_covering_n100_m63_d0.1_b_w38_seed3.txt,Set Covering,100,Restricted,10000,false,min,12,1.05105,na,na,1118273,1224025,19979
set_covering_n100_m63_d0.1_b_w38_seed3.txt,Set Covering,100,Restricted,20000,false,min,12,2.71486,na,na,2162018,2400538,39931
set_covering_n100_m63_d0.1_b_w38_seed3.txt,Set Covering,100,Relaxed,500,false,min,3,0.03838,na,na,61978,91977,1001
set_covering_n100_m63_d0.1_b_w38_seed3.txt,Set Covering,100,Relaxed,1000,false,min,3,0.07665,na,na,121588,180378,2001
set_covering_n100_m63_d0.1_b_w38_seed3.txt,Set Covering,100,Relaxed,2000,false,min,3,0.17146,na,na,240067,357172,4001
set_covering_n100_m63_d0.1_b_w38_seed3.txt,Set Covering,100,Relaxed,5000,false,min,4,0.57188,na,na,576152,862971,9997
set_covering_n100_m63_d0.1_b_w38_seed3.txt,Set Covering,100,Relaxed,10000,false,min,4,1.40329,na,na,1118275,1683069,19978
set_covering_n100_m63_d0.1_b_w38_seed3.txt,Set Covering,100,Relaxed,20000,false,min,4,3.42138,na,na,2162848,3283793,39928
set_covering_n100_m63_d0.1_b_w38_seed4.txt,Set Covering,100,Restricted,500,false,min,13,0.02758,na,na,59777,64259,1000
set_covering_n100_m63_d0.1_b_w38_seed4.txt,Set Covering,100,Restricted,1000,false,min,13,0.05526,na,na,117956,128372,2000
set_covering_n100_m63_d0.1_b_w38_seed4.txt,Set Covering,100,Restricted,2000,false,min,13,0.12512,na,na,231218,251260,4000
set_covering_n100_m63_d0.1_b_w38_seed4.txt,Set Covering,100,Restricted,5000,false,min,11,0.41054,na,na,548791,603397,9993
set_covering_n100_m63_d0.1_b_w38_seed4.txt,Set Covering,100,Restricted,10000,false,min,11,1.08070,na,na,1075444,1192330,19977
set_covering_n100_m63_d0.1_b_w38_seed4.txt,Set Covering,100,Restricted,20000,false,min,11,2.72915,na,na,2096962,2329376,39907
set_covering_n100_m63_d0.1_b_w38_seed4.txt,Set Covering,100,Relaxed,500,false,min,3,0.03716,na,na,59652,88961,1001
set_covering_n100_m63_d0.1_b_w38_seed4.txt,Set Covering,100,Relaxed,1000,false,min,3,0.07390,na,na,118546,177395,2001
set_covering_n100_m63_d0.1_b_w38_seed4.txt,Set Covering,100,Relaxed,2000,false,min,3,0.16527,na,na,231844,345869,4000
set_covering_n100_m63_d0.1_b_w38_seed4.txt,Set Covering,100,Relaxed,5000,false,min,4,0.55938,na,na,547287,823391,9992
set_covering_n100_m63_d0.1_b_w38_seed4.txt,Set Covering,100,Relaxed,10000,false,min,4,1.39307,na,na,1076160,1627691,19978
set_covering_n100_m63_d0.1_b_w38_seed4.txt,Set Covering,100,Relaxed,20000,false,min,4,3.42005,na,na,2097120,3174622,39907
set_covering_n100_m63_d0.2_b_w38_seed1.txt,Set Covering,100,Restricted,500,false,min,6,0.03068,na,na,63341,72593,1000
set_covering_n100_m63_d0.2_b_w38_seed1.txt,Set Covering,100,Restricted,1000,false,min,5,0.05772,na,na,120076,141377,1993
set_covering_n100_m63_d0.2_b_w38_seed1.txt,Set Covering,100,Restricted,2000,false,min,5,0.12894,na,na,227110,273478,3949
set_covering_n100_m63_d0.2_b_w38_seed1.txt,Set Covering,100,Restricted,5000,false,min,5,0.41156,na,na,523164,645978,9785
set_covering_n100_m63_d0.2_b_w38_seed1.txt,Set Covering,100,Restricted,10000,false,min,5,0.92957,na,na,957792,1222994,19030
set_covering_n100_m63_d0.2_b_w38_seed1.txt,Set Covering,100,Restricted,20000,false,min,5,2.15662,na,na,1710199,2303998,36462
set_covering_n100_m63_d0.2_b_w38_seed1.txt,Set Covering,100,Relaxed,500,false,min,2,0.03943,na,na,63285,99519,999
set_covering_n100_m63_d0.2_b_w38_seed1.txt,Set Covering,100,Relaxed,1000,false,min,3,0.07678,na,na,119726,190711,1991
set_covering_n100_m63_d0.2_b_w38_seed1.txt,Set Covering,100,Relaxed,2000,false,min,3,0.16637,na,na,227569,366479,3948
set_covering_n100_m63_d0.2_b_w38_seed1.txt,Set Covering,100,Relaxed,5000,false,min,3,0.52478,na,na,522900,856317,9785
set_covering_n100_m63_d0.2_b_w38_seed1.txt,Set Covering,100,Relaxed,10000,false,min,3,1.17832,na,na,957963,1602232,19027
set_covering_n100_m63_d0.2_b_w38_seed1.txt,Set Covering,100,Relaxed,20000,false,min,4,2.57367,na,na,1710008,2938950,36452
set_covering_n100_m63_d0.2_b_w38_seed1.txt,Set Covering,100,Exact,99999,false,min,5,82.50706,na,na,50104342,95518925,2180224
set_covering_n100_m63_d0.2_b_w38_seed2.txt,Set Covering,100,Restricted,500,false,min,6,0.03129,na,na,66855,75546,1000
set_covering_n100_m63_d0.2_b_w38_seed2.txt,Set Covering,100,Restricted,1000,false,min,6,0.06070,na,na,127245,147810,1992
set_covering_n100_m63_d0.2_b_w38_seed2.txt,Set Covering,100,Restricted,2000,false,min,6,0.12319,na,na,244747,288814,3974
set_covering_n100_m63_d0.2_b_w38_seed2.txt,Set Covering,100,Restricted,5000,false,min,6,0.38666,na,na,566661,688859,9853
set_covering_n100_m63_d0.2_b_w38_seed2.txt,Set Covering,100,Restricted,10000,false,min,6,0.97522,na,na,1041206,1310105,19155
set_covering_n100_m63_d0.2_b_w38_seed2.txt,Set Covering,100,Restricted,20000,false,min,6,2.37729,na,na,1875236,2459926,36468
set_covering_n100_m63_d0.2_b_w38_seed2.txt,Set Covering,100,Relaxed,500,false,min,2,0.04227,na,na,66844,103886,999
set_covering_n100_m63_d0.2_b_w38_seed2.txt,Set Covering,100,Relaxed,1000,false,min,3,0.08033,na,na,126119,199083,1990
set_covering_n100_m63_d0.2_b_w38_seed2.txt,Set Covering,100,Relaxed,2000,false,min,3,0.17339,na,na,244609,390358,3973
set_covering_n100_m63_d0.2_b_w38_seed2.txt,Set Covering,100,Relaxed,5000,false,min,3,0.52017,na,na,566426,920290,9851
set_covering_n100_m63_d0.2_b_w38_seed2.txt,Set Covering,100,Relaxed,10000,false,min,4,1.27871,na,na,1041162,1727071,19150
set_covering_n100_m63_d0.2_b_w38_seed2.txt,Set Covering,100,Relaxed,20000,false,min,4,2.95660,na,na,1875078,3193966,36445
set_covering_n100_m63_d0.2_b_w38_seed3.txt,Set Covering,100,Restricted,500,false,min,7,0.03007,na,na,65384,73255,1000
set_covering_n100_m63_d0.2_b_w38_seed3.txt,Set Covering,100,Restricted,1000,false,min,6,0.05850,na,na,123470,142902,1992
set_covering_n100_m63_d0.2_b_w38_seed3.txt,Set Covering,100,Restricted,2000,false,min,6,0.11994,na,na,232612,277399,3963
set_covering_n100_m63_d0.2_b_w38_seed3.txt,Set Covering,100,Restricted,5000,false,min,6,0.36962,na,na,525733,646741,9784
set_covering_n100_m63_d0.2_b_w38_seed3.txt,Set Covering,100,Restricted,10000,false,min,6,0.88176,na,na,962785,1215601,19121
set_covering_n100_m63_d0.2_b_w38_seed3.txt,Set Covering,100,Restricted,20000,false,min,5,2.03674,na,na,1700449,2292700,36042
set_covering_n100_m63_d0.2_b_w38_seed3.txt,Set Covering,100,Relaxed,500,false,min,2,0.03933,na,na,65350,101530,999
set_covering_n100_m63_d0.2_b_w38_seed3.txt,Set Covering,100,Relaxed,1000,false,min,3,0.07750,na,na,123391,194629,1991
set_covering_n100_m63_d0.2_b_w38_seed3.txt,Set Covering,100,Relaxed,2000,false,min,3,0.16227,na,na,232843,372943,3962
set_covering_n100_m63_d0.2_b_w38_seed3.txt,Set Covering,100,Exact,99999,false,min,5,48.04062,na,na,31444544,59448385,1368522
set_covering_n100_m63_d0.2_b_w38_seed3.txt,Set Covering,100,Relaxed,5000,false,min,3,0.48749,na,na,525316,859482,9783
set_covering_n100_m63_d0.2_b_w38_seed3.txt,Set Covering,100,Relaxed,10000,false,min,3,1.14847,na,na,962716,1603150,19126
set_covering_n100_m63_d0.2_b_w38_seed3.txt,Set Covering,100,Relaxed,20000,false,min,4,2.47726,na,na,1700134,2930410,36029
set_covering_n100_m63_d0.2_b_w38_seed4.txt,Set Covering,100,Restricted,500,false,min,6,0.02992,na,na,63553,72179,1000
set_covering_n100_m63_d0.2_b_w38_seed2.txt,Set Covering,100,Exact,99999,false,min,5,98.42200,na,na,62396020,119057428,2382514
set_covering_n100_m63_d0.2_b_w38_seed4.txt,Set Covering,100,Restricted,1000,false,min,5,0.05597,na,na,120346,140173,1995
set_covering_n100_m63_d0.2_b_w38_seed4.txt,Set Covering,100,Restricted,2000,false,min,5,0.11621,na,na,229798,271936,3970
set_covering_n100_m63_d0.2_b_w38_seed4.txt,Set Covering,100,Restricted,5000,false,min,5,0.34584,na,na,528320,645949,9874
set_covering_n100_m63_d0.2_b_w38_seed4.txt,Set Covering,100,Restricted,10000,false,min,5,0.88009,na,na,982985,1233505,19396
set_covering_n100_m63_d0.2_b_w38_seed4.txt,Set Covering,100,Restricted,20000,false,min,5,2.09175,na,na,1756555,2338160,36529
set_covering_n100_m63_d0.2_b_w38_seed4.txt,Set Covering,100,Relaxed,500,false,min,2,0.03964,na,na,63599,98868,999
set_covering_n100_m63_d0.2_b_w38_seed4.txt,Set Covering,100,Relaxed,1000,false,min,3,0.07673,na,na,120126,189184,1993
set_covering_n100_m63_d0.2_b_w38_seed4.txt,Set Covering,100,Relaxed,2000,false,min,3,0.16087,na,na,229870,365593,3971
set_covering_n100_m63_d0.2_b_w38_seed4.txt,Set Covering,100,Relaxed,5000,false,min,3,0.53827,na,na,528324,854373,9874
set_covering_n100_m63_d0.2_b_w38_seed4.txt,Set Covering,100,Relaxed,10000,false,min,3,1.23118,na,na,983086,1614988,19394
set_covering_n100_m63_d0.2_b_w38_seed4.txt,Set Covering,100,Relaxed,20000,false,min,4,2.59975,na,na,1756257,2982873,36521
set_covering_n100_m63_d0.3_b_w38_seed1.txt,Set Covering,100,Exact,99999,false,min,4,0.63224,na,na,771685,1492313,23849
set_covering_n100_m63_d0.3_b_w38_seed1.txt,Set Covering,100,Restricted,500,false,min,4,0.02806,na,na,52668,75010,931
set_covering_n100_m63_d0.3_b_w38_seed1.txt,Set Covering,100,Restricted,1000,false,min,4,0.04761,na,na,90540,139550,1618
set_covering_n100_m63_d0.3_b_w38_seed1.txt,Set Covering,100,Restricted,2000,false,min,4,0.08388,na,na,155486,255891,2955
set_covering_n100_m63_d0.3_b_w38_seed1.txt,Set Covering,100,Restricted,5000,false,min,4,0.20016,na,na,312657,547567,6555
set_covering_n100_m63_d0.3_b_w38_seed1.txt,Set Covering,100,Restricted,10000,false,min,4,0.37331,na,na,485874,898574,11598
set_covering_n100_m63_d0.3_b_w38_seed1.txt,Set Covering,100,Restricted,20000,false,min,4,0.58167,na,na,737556,1417428,21375
set_covering_n100_m63_d0.3_b_w38_seed1.txt,Set Covering,100,Relaxed,500,false,min,2,0.03661,na,na,52675,94910,928
set_covering_n100_m63_d0.3_b_w38_seed1.txt,Set Covering,100,Relaxed,1000,false,min,3,0.06605,na,na,90667,168928,1617
set_covering_n100_m63_d0.3_b_w38_seed1.txt,Set Covering,100,Relaxed,2000,false,min,3,0.12146,na,na,155404,298954,2953
set_covering_n100_m63_d0.3_b_w38_seed1.txt,Set Covering,100,Relaxed,5000,false,min,3,0.28573,na,na,313086,613297,6555
set_covering_n100_m63_d0.3_b_w38_seed1.txt,Set Covering,100,Relaxed,10000,false,min,4,0.50433,na,na,485874,939879,11598
set_covering_n100_m63_d0.3_b_w38_seed1.txt,Set Covering,100,Relaxed,20000,false,min,4,0.78824,na,na,737556,1424884,21375
set_covering_n100_m63_d0.3_b_w38_seed2.txt,Set Covering,100,Exact,99999,false,min,4,0.83427,na,na,999105,1941011,30537
set_covering_n100_m63_d0.3_b_w38_seed2.txt,Set Covering,100,Restricted,500,false,min,4,0.02739,na,na,54074,74332,950
set_covering_n100_m63_d0.3_b_w38_seed2.txt,Set Covering,100,Restricted,1000,false,min,4,0.04740,na,na,93038,138435,1644
set_covering_n100_m63_d0.3_b_w38_seed2.txt,Set Covering,100,Restricted,2000,false,min,4,0.08263,na,na,160602,256385,3018
set_covering_n100_m63_d0.3_b_w38_seed2.txt,Set Covering,100,Restricted,5000,false,min,4,0.20444,na,na,330653,566079,6786
set_covering_n100_m63_d0.3_b_w38_seed2.txt,Set Covering,100,Restricted,10000,false,min,4,0.41040,na,na,533786,975520,11719
set_covering_n100_m63_d0.3_b_w38_seed2.txt,Set Covering,100,Restricted,20000,false,min,4,0.75180,na,na,823481,1572742,21593
set_covering_n100_m63_d0.3_b_w38_seed2.txt,Set Covering,100,Relaxed,500,false,min,2,0.03598,na,na,53985,95027,948
set_covering_n100_m63_d0.3_b_w38_seed2.txt,Set Covering,100,Relaxed,1000,false,min,3,0.06509,na,na,92890,169245,1641
set_covering_n100_m63_d0.3_b_w38_seed2.txt,Set Covering,100,Relaxed,2000,false,min,3,0.12335,na,na,160560,304643,3017
set_covering_n100_m63_d0.3_b_w38_seed2.txt,Set Covering,100,Relaxed,5000,false,min,3,0.30302,na,na,330426,644034,6786
set_covering_n100_m63_d0.3_b_w38_seed2.txt,Set Covering,100,Relaxed,10000,false,min,4,0.57058,na,na,533786,1035429,11719
set_covering_n100_m63_d0.3_b_w38_seed2.txt,Set Covering,100,Relaxed,20000,false,min,4,0.99296,na,na,823481,1598508,21593
set_covering_n100_m63_d0.3_b_w38_seed3.txt,Set Covering,100,Exact,99999,false,min,4,0.62254,na,na,749446,1447484,23231
set_covering_n100_m63_d0.3_b_w38_seed3.txt,Set Covering,100,Restricted,500,false,min,4,0.02580,na,na,51550,71750,956
set_covering_n100_m63_d0.3_b_w38_seed3.txt,Set Covering,100,Restricted,1000,false,min,4,0.04593,na,na,89071,133116,1699
set_covering_n100_m63_d0.3_b_w38_seed3.txt,Set Covering,100,Restricted,2000,false,min,4,0.07742,na,na,149367,242673,3006
set_covering_n100_m63_d0.3_b_w38_seed3.txt,Set Covering,100,Restricted,5000,false,min,4,0.18369,na,na,293759,510017,7027
set_covering_n100_m63_d0.3_b_w38_seed3.txt,Set Covering,100,Restricted,10000,false,min,4,0.34021,na,na,468322,860419,12334
set_covering_n100_m63_d0.3_b_w38_seed3.txt,Set Covering,100,Restricted,20000,false,min,4,0.56744,na,na,709407,1359492,21197
set_covering_n100_m63_d0.3_b_w38_seed3.txt,Set Covering,100,Relaxed,500,false,min,2,0.03403,na,na,51463,91761,956
set_covering_n100_m63_d0.3_b_w38_seed3.txt,Set Covering,100,Relaxed,1000,false,min,3,0.06260,na,na,88897,162671,1701
set_covering_n100_m63_d0.3_b_w38_seed3.txt,Set Covering,100,Relaxed,2000,false,min,3,0.11323,na,na,149274,282964,3008
set_covering_n100_m63_d0.3_b_w38_seed3.txt,Set Covering,100,Relaxed,5000,false,min,3,0.26052,na,na,293755,564843,7018
set_covering_n100_m63_d0.3_b_w38_seed3.txt,Set Covering,100,Relaxed,10000,false,min,4,0.49224,na,na,468322,900368,12334
set_covering_n100_m63_d0.3_b_w38_seed3.txt,Set Covering,100,Relaxed,20000,false,min,4,0.78343,na,na,709407,1367872,21197
set_covering_n100_m63_d0.3_b_w38_seed4.txt,Set Covering,100,Exact,99999,false,min,4,0.79219,na,na,950919,1843663,32199
set_covering_n100_m63_d0.3_b_w38_seed4.txt,Set Covering,100,Restricted,500,false,min,4,0.02473,na,na,50579,70109,942
set_covering_n100_m63_d0.3_b_w38_seed4.txt,Set Covering,100,Restricted,1000,false,min,4,0.04468,na,na,90004,133372,1727
set_covering_n100_m63_d0.3_b_w38_seed4.txt,Set Covering,100,Restricted,2000,false,min,4,0.07884,na,na,150578,241350,2969
set_covering_n100_m63_d0.3_b_w38_seed4.txt,Set Covering,100,Restricted,5000,false,min,4,0.18129,na,na,289110,496164,7064
set_covering_n100_m63_d0.3_b_w38_seed4.txt,Set Covering,100,Restricted,10000,false,min,4,0.40624,na,na,486935,876577,12947
set_covering_n100_m63_d0.3_b_w38_seed4.txt,Set Covering,100,Restricted,20000,false,min,4,0.60491,na,na,744622,1413797,22946
set_covering_n100_m63_d0.3_b_w38_seed4.txt,Set Covering,100,Relaxed,500,false,min,2,0.03308,na,na,50784,89548,939
set_covering_n100_m63_d0.3_b_w38_seed4.txt,Set Covering,100,Relaxed,1000,false,min,3,0.06207,na,na,89844,162420,1724
set_covering_n100_m63_d0.2_b_w38_seed4.txt,Set Covering,100,Exact,99999,false,min,5,91.06886,na,na,57833185,109694763,2936623
set_covering_n100_m63_d0.3_b_w38_seed4.txt,Set Covering,100,Relaxed,2000,false,min,3,0.11414,na,na,150527,282210,2966
set_covering_n100_m63_d0.3_b_w38_seed4.txt,Set Covering,100,Relaxed,5000,false,min,3,0.26396,na,na,288657,553596,7064
set_covering_n100_m63_d0.3_b_w38_seed4.txt,Set Covering,100,Relaxed,10000,false,min,3,0.52592,na,na,486822,938566,12948
set_covering_n100_m63_d0.3_b_w38_seed4.txt,Set Covering,100,Relaxed,20000,false,min,4,0.79876,na,na,744622,1436475,22946
set_covering_n100_m63_d0.4_b_w38_seed1.txt,Set Covering,100,Exact,99999,false,min,2,0.01193,na,na,20657,40949,363
set_covering_n100_m63_d0.4_b_w38_seed1.txt,Set Covering,100,Restricted,500,false,min,2,0.01193,na,na,20657,40949,363
set_covering_n100_m63_d0.4_b_w38_seed1.txt,Set Covering,100,Restricted,1000,false,min,2,0.01190,na,na,20657,40949,363
set_covering_n100_m63_d0.4_b_w38_seed1.txt,Set Covering,100,Restricted,2000,false,min,2,0.01178,na,na,20657,40949,363
set_covering_n100_m63_d0.4_b_w38_seed1.txt,Set Covering,100,Restricted,5000,false,min,2,0.01219,na,na,20657,40949,363
set_covering_n100_m63_d0.4_b_w38_seed1.txt,Set Covering,100,Restricted,10000,false,min,2,0.01236,na,na,20657,40949,363
set_covering_n100_m63_d0.4_b_w38_seed1.txt,Set Covering,100,Restricted,20000,false,min,2,0.01194,na,na,20657,40949,363
set_covering_n100_m63_d0.4_b_w38_seed1.txt,Set Covering,100,Relaxed,500,false,min,2,0.01186,na,na,20657,40949,363
set_covering_n100_m63_d0.4_b_w38_seed1.txt,Set Covering,100,Relaxed,1000,false,min,2,0.01211,na,na,20657,40949,363
set_covering_n100_m63_d0.4_b_w38_seed1.txt,Set Covering,100,Relaxed,2000,false,min,2,0.01214,na,na,20657,40949,363
set_covering_n100_m63_d0.4_b_w38_seed1.txt,Set Covering,100,Relaxed,5000,false,min,2,0.01189,na,na,20657,40949,363
set_covering_n100_m63_d0.4_b_w38_seed1.txt,Set Covering,100,Relaxed,10000,false,min,2,0.01191,na,na,20657,40949,363
set_covering_n100_m63_d0.4_b_w38_seed1.txt,Set Covering,100,Relaxed,20000,false,min,2,0.01195,na,na,20657,40949,363
set_covering_n100_m63_d0.4_b_w38_seed2.txt,Set Covering,100,Exact,99999,false,min,2,0.01200,na,na,20657,40949,363
set_covering_n100_m63_d0.4_b_w38_seed2.txt,Set Covering,100,Restricted,500,false,min,2,0.01188,na,na,20657,40949,363
set_covering_n100_m63_d0.4_b_w38_seed2.txt,Set Covering,100,Restricted,1000,false,min,2,0.01184,na,na,20657,40949,363
set_covering_n100_m63_d0.4_b_w38_seed2.txt,Set Covering,100,Restricted,2000,false,min,2,0.01193,na,na,20657,40949,363
set_covering_n100_m63_d0.4_b_w38_seed2.txt,Set Covering,100,Restricted,5000,false,min,2,0.01193,na,na,20657,40949,363
set_covering_n100_m63_d0.4_b_w38_seed2.txt,Set Covering,100,Restricted,10000,false,min,2,0.01185,na,na,20657,40949,363
set_covering_n100_m63_d0.4_b_w38_seed2.txt,Set Covering,100,Restricted,20000,false,min,2,0.01246,na,na,20657,40949,363
set_covering_n100_m63_d0.4_b_w38_seed2.txt,Set Covering,100,Relaxed,500,false,min,2,0.01192,na,na,20657,40949,363
set_covering_n100_m63_d0.4_b_w38_seed2.txt,Set Covering,100,Relaxed,1000,false,min,2,0.01264,na,na,20657,40949,363
set_covering_n100_m63_d0.4_b_w38_seed2.txt,Set Covering,100,Relaxed,2000,false,min,2,0.01192,na,na,20657,40949,363
set_covering_n100_m63_d0.4_b_w38_seed2.txt,Set Covering,100,Relaxed,5000,false,min,2,0.01183,na,na,20657,40949,363
set_covering_n100_m63_d0.4_b_w38_seed2.txt,Set Covering,100,Relaxed,10000,false,min,2,0.01196,na,na,20657,40949,363
set_covering_n100_m63_d0.4_b_w38_seed2.txt,Set Covering,100,Relaxed,20000,false,min,2,0.01188,na,na,20657,40949,363
set_covering_n100_m63_d0.4_b_w38_seed3.txt,Set Covering,100,Exact,99999,false,min,2,0.01195,na,na,20657,40949,363
set_covering_n100_m63_d0.4_b_w38_seed3.txt,Set Covering,100,Restricted,500,false,min,2,0.01191,na,na,20657,40949,363
set_covering_n100_m63_d0.4_b_w38_seed3.txt,Set Covering,100,Restricted,1000,false,min,2,0.01196,na,na,20657,40949,363
set_covering_n100_m63_d0.4_b_w38_seed3.txt,Set Covering,100,Restricted,2000,false,min,2,0.01213,na,na,20657,40949,363
set_covering_n100_m63_d0.4_b_w38_seed3.txt,Set Covering,100,Restricted,5000,false,min,2,0.01198,na,na,20657,40949,363
set_covering_n100_m63_d0.4_b_w38_seed3.txt,Set Covering,100,Restricted,10000,false,min,2,0.01202,na,na,20657,40949,363
set_covering_n100_m63_d0.4_b_w38_seed3.txt,Set Covering,100,Restricted,20000,false,min,2,0.01194,na,na,20657,40949,363
set_covering_n100_m63_d0.4_b_w38_seed3.txt,Set Covering,100,Relaxed,500,false,min,2,0.01189,na,na,20657,40949,363
set_covering_n100_m63_d0.4_b_w38_seed3.txt,Set Covering,100,Relaxed,1000,false,min,2,0.01223,na,na,20657,40949,363
set_covering_n100_m63_d0.4_b_w38_seed3.txt,Set Covering,100,Relaxed,2000,false,min,2,0.01190,na,na,20657,40949,363
set_covering_n100_m63_d0.4_b_w38_seed3.txt,Set Covering,100,Relaxed,5000,false,min,2,0.01198,na,na,20657,40949,363
set_covering_n100_m63_d0.4_b_w38_seed3.txt,Set Covering,100,Relaxed,10000,false,min,2,0.01203,na,na,20657,40949,363
set_covering_n100_m63_d0.4_b_w38_seed3.txt,Set Covering,100,Relaxed,20000,false,min,2,0.01195,na,na,20657,40949,363
set_covering_n100_m63_d0.4_b_w38_seed4.txt,Set Covering,100,Exact,99999,false,min,2,0.01204,na,na,20657,40949,363
set_covering_n100_m63_d0.4_b_w38_seed4.txt,Set Covering,100,Restricted,500,false,min,2,0.01193,na,na,20657,40949,363
set_covering_n100_m63_d0.4_b_w38_seed4.txt,Set Covering,100,Restricted,1000,false,min,2,0.01189,na,na,20657,40949,363
set_covering_n100_m63_d0.4_b_w38_seed4.txt,Set Covering,100,Restricted,2000,false,min,2,0.01183,na,na,20657,40949,363
set_covering_n100_m63_d0.4_b_w38_seed4.txt,Set Covering,100,Restricted,5000,false,min,2,0.01178,na,na,20657,40949,363
set_covering_n100_m63_d0.4_b_w38_seed4.txt,Set Covering,100,Restricted,10000,false,min,2,0.01187,na,na,20657,40949,363
set_covering_n100_m63_d0.4_b_w38_seed4.txt,Set Covering,100,Restricted,20000,false,min,2,0.01188,na,na,20657,40949,363
set_covering_n100_m63_d0.4_b_w38_seed4.txt,Set Covering,100,Relaxed,500,false,min,2,0.01196,na,na,20657,40949,363
set_covering_n100_m63_d0.4_b_w38_seed4.txt,Set Covering,100,Relaxed,1000,false,min,2,0.01193,na,na,20657,40949,363
set_covering_n100_m63_d0.4_b_w38_seed4.txt,Set Covering,100,Relaxed,2000,false,min,2,0.01196,na,na,20657,40949,363
set_covering_n100_m63_d0.4_b_w38_seed4.txt,Set Covering,100,Relaxed,5000,false,min,2,0.01213,na,na,20657,40949,363
set_covering_n100_m63_d0.4_b_w38_seed4.txt,Set Covering,100,Relaxed,10000,false,min,2,0.01251,na,na,20657,40949,363
set_covering_n100_m63_d0.4_b_w38_seed4.txt,Set Covering,100,Relaxed,20000,false,min,2,0.01197,na,na,20657,40949,363
set_covering_n100_m63_d0.05_b_w38_seed1.txt,Set Covering,100,Restricted,500,false,min,22,0.02355,na,na,53281,58877,1000
set_covering_n100_m63_d0.05_b_w38_seed1.txt,Set Covering,100,Restricted,1000,false,min,22,0.04676,na,na,100290,111970,2000
set_covering_n100_m63_d0.05_b_w38_seed1.txt,Set Covering,100,Restricted,2000,false,min,22,0.09609,na,na,194836,217941,4000
set_covering_n100_m63_d0.05_b_w38_seed1.txt,Set Covering,100,Restricted,5000,false,min,20,0.30079,na,na,458772,514613,10000
set_covering_n100_m63_d0.05_b_w38_seed1.txt,Set Covering,100,Restricted,10000,false,min,20,0.75862,na,na,884493,993414,20000
set_covering_n100_m63_d0.05_b_w38_seed1.txt,Set Covering,100,Relaxed,500,false,min,5,0.03186,na,na,53182,77765,1001
set_covering_n100_m63_d0.05_b_w38_seed1.txt,Set Covering,100,Restricted,20000,false,min,20,1.96227,na,na,1689799,1906456,40000
set_covering_n100_m63_d0.05_b_w38_seed1.txt,Set Covering,100,Relaxed,1000,false,min,6,0.05972,na,na,99790,147254,2001
set_covering_n100_m63_d0.05_b_w38_seed1.txt,Set Covering,100,Relaxed,2000,false,min,6,0.12730,na,na,193948,284699,4001
set_covering_n100_m63_d0.05_b_w38_seed1.txt,Set Covering,100,Relaxed,5000,false,min,6,0.38565,na,na,458626,676822,10001
set_covering_n100_m63_d0.05_b_w38_seed1.txt,Set Covering,100,Relaxed,10000,false,min,6,0.98384,na,na,884515,1305804,20001
set_covering_n100_m63_d0.5_b_w38_seed1.txt,Set Covering,100,Exact,99999,false,min,2,0.01237,na,na,20657,40949,363
set_covering_n100_m63_d0.05_b_w38_seed1.txt,Set Covering,100,Relaxed,20000,false,min,7,2.37861,na,na,1688002,2491182,40001
set_covering_n100_m63_d0.5_b_w38_seed1.txt,Set Covering,100,Restricted,500,false,min,2,0.01229,na,na,20657,40949,363
set_covering_n100_m63_d0.5_b_w38_seed1.txt,Set Covering,100,Restricted,1000,false,min,2,0.01257,na,na,20657,40949,363
set_covering_n100_m63_d0.5_b_w38_seed1.txt,Set Covering,100,Restricted,2000,false,min,2,0.01244,na,na,20657,40949,363
set_covering_n100_m63_d0.5_b_w38_seed1.txt,Set Covering,100,Restricted,5000,false,min,2,0.01219,na,na,20657,40949,363
set_covering_n100_m63_d0.5_b_w38_seed1.txt,Set Covering,100,Restricted,10000,false,min,2,0.01214,na,na,20657,40949,363
set_covering_n100_m63_d0.5_b_w38_seed1.txt,Set Covering,100,Restricted,20000,false,min,2,0.01197,na,na,20657,40949,363
set_covering_n100_m63_d0.5_b_w38_seed1.txt,Set Covering,100,Relaxed,500,false,min,2,0.01230,na,na,20657,40949,363
set_covering_n100_m63_d0.5_b_w38_seed1.txt,Set Covering,100,Relaxed,1000,false,min,2,0.01238,na,na,20657,40949,363
set_covering_n100_m63_d0.5_b_w38_seed1.txt,Set Covering,100,Relaxed,2000,false,min,2,0.01227,na,na,20657,40949,363
set_covering_n100_m63_d0.5_b_w38_seed1.txt,Set Covering,100,Relaxed,5000,false,min,2,0.01252,na,na,20657,40949,363
set_covering_n100_m63_d0.5_b_w38_seed1.txt,Set Covering,100,Relaxed,10000,false,min,2,0.01221,na,na,20657,40949,363
set_covering_n100_m63_d0.5_b_w38_seed1.txt,Set Covering,100,Relaxed,20000,false,min,2,0.01213,na,na,20657,40949,363
set_covering_n100_m63_d0.05_b_w38_seed2.txt,Set Covering,100,Restricted,500,false,min,20,0.02389,na,na,51777,58788,1000
set_covering_n100_m63_d0.05_b_w38_seed2.txt,Set Covering,100,Restricted,1000,false,min,20,0.04571,na,na,98654,112935,2000
set_covering_n100_m63_d0.05_b_w38_seed2.txt,Set Covering,100,Restricted,2000,false,min,20,0.09322,na,na,190717,219147,4000
set_covering_n100_m63_d0.05_b_w38_seed2.txt,Set Covering,100,Restricted,5000,false,min,19,0.26881,na,na,441886,505978,10000
set_covering_n100_m63_d0.05_b_w38_seed2.txt,Set Covering,100,Restricted,10000,false,min,19,0.74346,na,na,839118,966024,20000
set_covering_n100_m63_d0.05_b_w38_seed2.txt,Set Covering,100,Relaxed,500,false,min,7,0.03141,na,na,50690,76030,1001
set_covering_n100_m63_d0.05_b_w38_seed2.txt,Set Covering,100,Restricted,20000,false,min,18,1.79579,na,na,1593325,1845326,39984
set_covering_n100_m63_d0.05_b_w38_seed2.txt,Set Covering,100,Relaxed,1000,false,min,7,0.05841,na,na,97412,145329,2001
set_covering_n100_m63_d0.05_b_w38_seed2.txt,Set Covering,100,Relaxed,2000,false,min,7,0.12637,na,na,189189,279929,4001
set_covering_n100_m63_d0.05_b_w38_seed2.txt,Set Covering,100,Relaxed,5000,false,min,7,0.37056,na,na,442169,650142,10001
set_covering_n100_m63_d0.05_b_w38_seed2.txt,Set Covering,100,Relaxed,10000,false,min,8,0.91012,na,na,838343,1238166,20001
set_covering_n100_m63_d0.5_b_w38_seed2.txt,Set Covering,100,Exact,99999,false,min,2,0.01251,na,na,20657,40949,363
set_covering_n100_m63_d0.05_b_w38_seed2.txt,Set Covering,100,Relaxed,20000,false,min,8,2.15721,na,na,1592741,2362472,39986
set_covering_n100_m63_d0.5_b_w38_seed2.txt,Set Covering,100,Restricted,500,false,min,2,0.01225,na,na,20657,40949,363
set_covering_n100_m63_d0.5_b_w38_seed2.txt,Set Covering,100,Restricted,1000,false,min,2,0.01235,na,na,20657,40949,363
set_covering_n100_m63_d0.5_b_w38_seed2.txt,Set Covering,100,Restricted,2000,false,min,2,0.01237,na,na,20657,40949,363
set_covering_n100_m63_d0.5_b_w38_seed2.txt,Set Covering,100,Restricted,5000,false,min,2,0.01258,na,na,20657,40949,363
set_covering_n100_m63_d0.5_b_w38_seed2.txt,Set Covering,100,Restricted,10000,false,min,2,0.01239,na,na,20657,40949,363
set_covering_n100_m63_d0.5_b_w38_seed2.txt,Set Covering,100,Restricted,20000,false,min,2,0.01249,na,na,20657,40949,363
set_covering_n100_m63_d0.5_b_w38_seed2.txt,Set Covering,100,Relaxed,500,false,min,2,0.01247,na,na,20657,40949,363
set_covering_n100_m63_d0.5_b_w38_seed2.txt,Set Covering,100,Relaxed,1000,false,min,2,0.01247,na,na,20657,40949,363
set_covering_n100_m63_d0.5_b_w38_seed2.txt,Set Covering,100,Relaxed,2000,false,min,2,0.01264,na,na,20657,40949,363
set_covering_n100_m63_d0.5_b_w38_seed2.txt,Set Covering,100,Relaxed,5000,false,min,2,0.01264,na,na,20657,40949,363
set_covering_n100_m63_d0.5_b_w38_seed2.txt,Set Covering,100,Relaxed,10000,false,min,2,0.01280,na,na,20657,40949,363
set_covering_n100_m63_d0.5_b_w38_seed2.txt,Set Covering,100,Relaxed,20000,false,min,2,0.01258,na,na,20657,40949,363
set_covering_n100_m63_d0.05_b_w38_seed3.txt,Set Covering,100,Restricted,500,false,min,20,0.02456,na,na,50666,59138,1000
set_covering_n100_m63_d0.05_b_w38_seed3.txt,Set Covering,100,Restricted,1000,false,min,20,0.04645,na,na,96984,113790,2000
set_covering_n100_m63_d0.05_b_w38_seed3.txt,Set Covering,100,Restricted,2000,false,min,20,0.09216,na,na,183549,215163,4000
set_covering_n100_m63_d0.05_b_w38_seed3.txt,Set Covering,100,Restricted,5000,false,min,19,0.28619,na,na,432040,505817,10000
set_covering_n100_m63_d0.05_b_w38_seed3.txt,Set Covering,100,Restricted,10000,false,min,19,0.70138,na,na,821129,961511,19999
set_covering_n100_m63_d0.05_b_w38_seed3.txt,Set Covering,100,Relaxed,500,false,min,7,0.02415,na,na,39609,60884,1001
set_covering_n100_m63_d0.05_b_w38_seed3.txt,Set Covering,100,Restricted,20000,false,min,19,1.68587,na,na,1556523,1820891,39997
set_covering_n100_m63_d0.05_b_w38_seed3.txt,Set Covering,100,Relaxed,1000,false,min,8,0.05969,na,na,95555,144625,2001
set_covering_n100_m63_d0.05_b_w38_seed3.txt,Set Covering,100,Relaxed,2000,false,min,8,0.12309,na,na,182954,274718,4001
set_covering_n100_m63_d0.05_b_w38_seed3.txt,Set Covering,100,Relaxed,5000,false,min,8,0.38368,na,na,430569,646785,10001
set_covering_n100_m63_d0.05_b_w38_seed3.txt,Set Covering,100,Relaxed,10000,false,min,8,0.89167,na,na,821323,1231014,20000
set_covering_n100_m63_d0.5_b_w38_seed3.txt,Set Covering,100,Exact,99999,false,min,2,0.01264,na,na,20657,40949,363
set_covering_n100_m63_d0.05_b_w38_seed3.txt,Set Covering,100,Relaxed,20000,false,min,8,2.15426,na,na,1556482,2338957,39998
set_covering_n100_m63_d0.5_b_w38_seed3.txt,Set Covering,100,Restricted,500,false,min,2,0.01242,na,na,20657,40949,363
set_covering_n100_m63_d0.5_b_w38_seed3.txt,Set Covering,100,Restricted,1000,false,min,2,0.01253,na,na,20657,40949,363
set_covering_n100_m63_d0.5_b_w38_seed3.txt,Set Covering,100,Restricted,2000,false,min,2,0.01248,na,na,20657,40949,363
set_covering_n100_m63_d0.5_b_w38_seed3.txt,Set Covering,100,Restricted,5000,false,min,2,0.01248,na,na,20657,40949,363
set_covering_n100_m63_d0.5_b_w38_seed3.txt,Set Covering,100,Restricted,10000,false,min,2,0.01248,na,na,20657,40949,363
set_covering_n100_m63_d0.5_b_w38_seed3.txt,Set Covering,100,Restricted,20000,false,min,2,0.01255,na,na,20657,40949,363
set_covering_n100_m63_d0.5_b_w38_seed3.txt,Set Covering,100,Relaxed,500,false,min,2,0.01258,na,na,20657,40949,363
set_covering_n100_m63_d0.5_b_w38_seed3.txt,Set Covering,100,Relaxed,1000,false,min,2,0.01270,na,na,20657,40949,363
set_covering_n100_m63_d0.5_b_w38_seed3.txt,Set Covering,100,Relaxed,2000,false,min,2,0.01265,na,na,20657,40949,363
set_covering_n100_m63_d0.5_b_w38_seed3.txt,Set Covering,100,Relaxed,5000,false,min,2,0.01256,na,na,20657,40949,363
set_covering_n100_m63_d0.5_b_w38_seed3.txt,Set Covering,100,Relaxed,10000,false,min,2,0.01252,na,na,20657,40949,363
set_covering_n100_m63_d0.5_b_w38_seed3.txt,Set Covering,100,Relaxed,20000,false,min,2,0.01254,na,na,20657,40949,363
set_covering_n100_m63_d0.05_b_w38_seed4.txt,Set Covering,100,Restricted,500,false,min,19,0.02274,na,na,47463,52739,1000
set_covering_n100_m63_d0.05_b_w38_seed4.txt,Set Covering,100,Restricted,1000,false,min,19,0.04386,na,na,90907,101170,2000
set_covering_n100_m63_d0.05_b_w38_seed4.txt,Set Covering,100,Restricted,2000,false,min,18,0.09025,na,na,175672,197946,4000
set_covering_n100_m63_d0.05_b_w38_seed4.txt,Set Covering,100,Restricted,5000,false,min,18,0.28179,na,na,423594,478703,10000
set_covering_n100_m63_d0.05_b_w38_seed4.txt,Set Covering,100,Restricted,10000,false,min,18,0.72986,na,na,817625,925013,19964
set_covering_n100_m63_d0.05_b_w38_seed4.txt,Set Covering,100,Restricted,20000,false,min,18,1.74994,na,na,1560095,1784582,39798
set_covering_n100_m63_d0.05_b_w38_seed4.txt,Set Covering,100,Relaxed,500,false,min,6,0.02799,na,na,44923,67267,1001
set_covering_n100_m63_d0.05_b_w38_seed4.txt,Set Covering,100,Relaxed,1000,false,min,6,0.05515,na,na,90572,132325,2001
set_covering_n100_m63_d0.05_b_w38_seed4.txt,Set Covering,100,Relaxed,2000,false,min,6,0.11749,na,na,175012,257490,4001
set_covering_n100_m63_d0.05_b_w38_seed4.txt,Set Covering,100,Relaxed,5000,false,min,7,0.37399,na,na,423360,620722,10001
set_covering_n100_m63_d0.05_b_w38_seed4.txt,Set Covering,100,Relaxed,10000,false,min,7,0.92487,na,na,818038,1200196,19965
set_covering_n100_m63_d0.05_b_w38_seed4.txt,Set Covering,100,Relaxed,20000,false,min,7,2.31055,na,na,1559088,2302722,39795
set_covering_n100_m63_d0.5_b_w38_seed4.txt,Set Covering,100,Exact,99999,false,min,2,0.01279,na,na,20657,40949,363
set_covering_n100_m63_d0.5_b_w38_seed4.txt,Set Covering,100,Restricted,500,false,min,2,0.01273,na,na,20657,40949,363
set_covering_n100_m63_d0.5_b_w38_seed4.txt,Set Covering,100,Restricted,1000,false,min,2,0.01257,na,na,20657,40949,363
set_covering_n100_m63_d0.5_b_w38_seed4.txt,Set Covering,100,Restricted,2000,false,min,2,0.01269,na,na,20657,40949,363
set_covering_n100_m63_d0.5_b_w38_seed4.txt,Set Covering,100,Restricted,5000,false,min,2,0.01270,na,na,20657,40949,363
set_covering_n100_m63_d0.5_b_w38_seed4.txt,Set Covering,100,Restricted,10000,false,min,2,0.01265,na,na,20657,40949,363
set_covering_n100_m63_d0.5_b_w38_seed4.txt,Set Covering,100,Restricted,20000,false,min,2,0.01278,na,na,20657,40949,363
set_covering_n100_m63_d0.5_b_w38_seed4.txt,Set Covering,100,Relaxed,500,false,min,2,0.01276,na,na,20657,40949,363
set_covering_n100_m63_d0.5_b_w38_seed4.txt,Set Covering,100,Relaxed,1000,false,min,2,0.01284,na,na,20657,40949,363
set_covering_n100_m63_d0.5_b_w38_seed4.txt,Set Covering,100,Relaxed,2000,false,min,2,0.01270,na,na,20657,40949,363
set_covering_n100_m63_d0.5_b_w38_seed4.txt,Set Covering,100,Relaxed,5000,false,min,2,0.01270,na,na,20657,40949,363
set_covering_n100_m63_d0.5_b_w38_seed4.txt,Set Covering,100,Relaxed,10000,false,min,2,0.01271,na,na,20657,40949,363
set_covering_n100_m63_d0.5_b_w38_seed4.txt,Set Covering,100,Relaxed,20000,false,min,2,0.01280,na,na,20657,40949,363
set_covering_n100_m63_d0.15_b_w38_seed1.txt,Set Covering,100,Restricted,500,false,min,9,0.02956,na,na,63247,68976,1000
set_covering_n100_m63_d0.15_b_w38_seed1.txt,Set Covering,100,Restricted,1000,false,min,9,0.05958,na,na,123658,137278,2000
set_covering_n100_m63_d0.15_b_w38_seed1.txt,Set Covering,100,Restricted,2000,false,min,9,0.12527,na,na,242513,269909,3998
set_covering_n100_m63_d0.15_b_w38_seed1.txt,Set Covering,100,Restricted,5000,false,min,8,0.42640,na,na,577506,648029,9976
set_covering_n100_m63_d0.15_b_w38_seed1.txt,Set Covering,100,Restricted,10000,false,min,8,1.04256,na,na,1102562,1261785,19855
set_covering_n100_m63_d0.15_b_w38_seed1.txt,Set Covering,100,Restricted,20000,false,min,8,2.65790,na,na,2095189,2447305,39390
set_covering_n100_m63_d0.15_b_w38_seed1.txt,Set Covering,100,Relaxed,500,false,min,2,0.03752,na,na,63231,95757,1001
set_covering_n100_m63_d0.15_b_w38_seed1.txt,Set Covering,100,Relaxed,1000,false,min,3,0.08125,na,na,123632,189122,2001
set_covering_n100_m63_d0.15_b_w38_seed1.txt,Set Covering,100,Relaxed,2000,false,min,3,0.17200,na,na,242127,370837,3997
set_covering_n100_m63_d0.15_b_w38_seed1.txt,Set Covering,100,Relaxed,5000,false,min,3,0.60725,na,na,577547,888547,9976
set_covering_n100_m63_d0.15_b_w38_seed1.txt,Set Covering,100,Relaxed,10000,false,min,4,1.43219,na,na,1103000,1716663,19855
set_covering_n100_m63_d0.15_b_w38_seed1.txt,Set Covering,100,Relaxed,20000,false,min,4,3.32095,na,na,2094984,3298244,39393
set_covering_n100_m63_d0.15_b_w38_seed2.txt,Set Covering,100,Restricted,500,false,min,10,0.03251,na,na,69137,73988,1000
set_covering_n100_m63_d0.15_b_w38_seed2.txt,Set Covering,100,Restricted,1000,false,min,8,0.06139,na,na,129674,145580,2000
set_covering_n100_m63_d0.15_b_w38_seed2.txt,Set Covering,100,Restricted,2000,false,min,8,0.12963,na,na,256012,285125,3997
set_covering_n100_m63_d0.15_b_w38_seed2.txt,Set Covering,100,Restricted,5000,false,min,8,0.40942,na,na,615598,689524,9989
set_covering_n100_m63_d0.15_b_w38_seed2.txt,Set Covering,100,Restricted,10000,false,min,8,1.10714,na,na,1176413,1337976,19879
set_covering_n100_m63_d0.15_b_w38_seed2.txt,Set Covering,100,Restricted,20000,false,min,7,2.75383,na,na,2197764,2594443,39498
set_covering_n100_m63_d0.15_b_w38_seed2.txt,Set Covering,100,Relaxed,500,false,min,2,0.04272,na,na,69107,104374,1001
set_covering_n100_m63_d0.15_b_w38_seed2.txt,Set Covering,100,Relaxed,1000,false,min,3,0.08147,na,na,129230,198874,1999
set_covering_n100_m63_d0.15_b_w38_seed2.txt,Set Covering,100,Relaxed,2000,false,min,3,0.18588,na,na,256173,394148,3996
set_covering_n100_m63_d0.15_b_w38_seed2.txt,Set Covering,100,Relaxed,5000,false,min,3,0.61733,na,na,615272,949882,9988
set_covering_n100_m63_d0.15_b_w38_seed2.txt,Set Covering,100,Relaxed,10000,false,min,3,1.43706,na,na,1176323,1827833,19874
set_covering_n100_m63_d0.15_b_w38_seed2.txt,Set Covering,100,Relaxed,20000,false,min,4,3.35436,na,na,2197355,3483116,39488
set_covering_n100_m63_d0.15_b_w38_seed3.txt,Set Covering,100,Restricted,500,false,min,9,0.03076,na,na,64151,71389,1000
set_covering_n100_m63_d0.15_b_w38_seed3.txt,Set Covering,100,Restricted,1000,false,min,7,0.05927,na,na,125224,141326,2000
set_covering_n100_m63_d0.15_b_w38_seed3.txt,Set Covering,100,Restricted,2000,false,min,7,0.12163,na,na,243541,277023,3994
set_covering_n100_m63_d0.15_b_w38_seed3.txt,Set Covering,100,Restricted,5000,false,min,7,0.41022,na,na,576008,661076,9956
set_covering_n100_m63_d0.15_b_w38_seed3.txt,Set Covering,100,Restricted,10000,false,min,7,0.99630,na,na,1074382,1268681,19772
set_covering_n100_m63_d0.15_b_w38_seed3.txt,Set Covering,100,Restricted,20000,false,min,7,2.36784,na,na,2016668,2431117,39246
set_covering_n100_m63_d0.15_b_w38_seed3.txt,Set Covering,100,Relaxed,500,false,min,2,0.03767,na,na,64033,97813,999
set_covering_n100_m63_d0.15_b_w38_seed3.txt,Set Covering,100,Relaxed,1000,false,min,3,0.07756,na,na,125342,192578,1999
set_covering_n100_m63_d0.15_b_w38_seed3.txt,Set Covering,100,Relaxed,2000,false,min,3,0.18353,na,na,242895,376009,3994
set_covering_n100_m63_d0.15_b_w38_seed3.txt,Set Covering,100,Relaxed,5000,false,min,3,0.53657,na,na,576093,897202,9954
set_covering_n100_m63_d0.15_b_w38_seed3.txt,Set Covering,100,Relaxed,10000,false,min,4,1.40611,na,na,1074819,1697792,19774
set_covering_n100_m63_d0.15_b_w38_seed3.txt,Set Covering,100,Relaxed,20000,false,min,4,3.04506,na,na,2018648,3228590,39257
set_covering_n100_m63_d0.15_b_w38_seed4.txt,Set Covering,100,Restricted,500,false,min,9,0.03093,na,na,64530,71167,1000
set_covering_n100_m63_d0.15_b_w38_seed4.txt,Set Covering,100,Restricted,1000,false,min,9,0.05833,na,na,124287,138298,2000
set_covering_n100_m63_d0.15_b_w38_seed4.txt,Set Covering,100,Restricted,2000,false,min,9,0.12602,na,na,243651,273060,3998
set_covering_n100_m63_d0.15_b_w38_seed4.txt,Set Covering,100,Restricted,5000,false,min,8,0.39859,na,na,578715,653312,9982
set_covering_n100_m63_d0.15_b_w38_seed4.txt,Set Covering,100,Restricted,10000,false,min,8,0.95938,na,na,1096672,1257052,19944
set_covering_n100_m63_d0.15_b_w38_seed4.txt,Set Covering,100,Restricted,20000,false,min,8,2.37266,na,na,2059606,2429689,39618
set_covering_n100_m63_d0.15_b_w38_seed4.txt,Set Covering,100,Relaxed,500,false,min,2,0.03927,na,na,64346,97647,999
set_covering_n100_m63_d0.15_b_w38_seed4.txt,Set Covering,100,Relaxed,1000,false,min,3,0.07616,na,na,124122,189344,1998
set_covering_n100_m63_d0.15_b_w38_seed4.txt,Set Covering,100,Relaxed,2000,false,min,3,0.17097,na,na,244939,374705,3997
set_covering_n100_m63_d0.15_b_w38_seed4.txt,Set Covering,100,Relaxed,5000,false,min,3,0.54903,na,na,579167,892328,9981
set_covering_n100_m63_d0.15_b_w38_seed4.txt,Set Covering,100,Relaxed,10000,false,min,3,1.26129,na,na,1097812,1705678,19943
set_covering_n100_m63_d0.15_b_w38_seed4.txt,Set Covering,100,Relaxed,20000,false,min,4,2.94014,na,na,2059284,3256993,39611
set_covering_n100_m63_d0.25_b_w38_seed1.txt,Set Covering,100,Exact,99999,false,min,4,9.69013,na,na,7517763,14446252,269055
set_covering_n100_m63_d0.25_b_w38_seed1.txt,Set Covering,100,Restricted,500,false,min,5,0.03106,na,na,63513,75738,994
set_covering_n100_m63_d0.25_b_w38_seed1.txt,Set Covering,100,Restricted,1000,false,min,4,0.05814,na,na,115121,145492,1915
set_covering_n100_m63_d0.25_b_w38_seed1.txt,Set Covering,100,Restricted,2000,false,min,4,0.11501,na,na,210149,279257,3705
set_covering_n100_m63_d0.25_b_w38_seed1.txt,Set Covering,100,Restricted,5000,false,min,4,0.36828,na,na,463706,658346,8950
set_covering_n100_m63_d0.25_b_w38_seed1.txt,Set Covering,100,Restricted,10000,false,min,4,0.75153,na,na,824172,1238074,17259
set_covering_n100_m63_d0.25_b_w38_seed1.txt,Set Covering,100,Restricted,20000,false,min,4,1.58019,na,na,1378491,2242076,29290
set_covering_n100_m63_d0.25_b_w38_seed1.txt,Set Covering,100,Relaxed,500,false,min,2,0.04135,na,na,63438,102627,993
set_covering_n100_m63_d0.25_b_w38_seed1.txt,Set Covering,100,Relaxed,1000,false,min,3,0.07820,na,na,115106,191636,1911
set_covering_n100_m63_d0.25_b_w38_seed1.txt,Set Covering,100,Relaxed,2000,false,min,3,0.16175,na,na,209856,360132,3703
set_covering_n100_m63_d0.25_b_w38_seed1.txt,Set Covering,100,Relaxed,5000,false,min,3,0.49798,na,na,463494,820989,8948
set_covering_n100_m63_d0.25_b_w38_seed1.txt,Set Covering,100,Relaxed,10000,false,min,3,1.06109,na,na,824238,1494980,17258
set_covering_n100_m63_d0.25_b_w38_seed1.txt,Set Covering,100,Relaxed,20000,false,min,4,2.06516,na,na,1378491,2567989,29290
set_covering_n100_m63_d0.25_b_w38_seed2.txt,Set Covering,100,Restricted,500,false,min,5,0.03141,na,na,63063,75383,996
set_covering_n100_m63_d0.25_b_w38_seed2.txt,Set Covering,100,Restricted,1000,false,min,5,0.05918,na,na,116117,145225,1942
set_covering_n100_m63_d0.25_b_w38_seed2.txt,Set Covering,100,Restricted,2000,false,min,4,0.11043,na,na,211121,276127,3725
set_covering_n100_m63_d0.25_b_w38_seed2.txt,Set Covering,100,Restricted,5000,false,min,4,0.31473,na,na,452885,622063,9036
set_covering_n100_m63_d0.25_b_w38_seed2.txt,Set Covering,100,Exact,99999,false,min,4,10.26591,na,na,7586926,14549277,336533
set_covering_n100_m63_d0.25_b_w38_seed2.txt,Set Covering,100,Restricted,10000,false,min,4,0.76610,na,na,789999,1147499,16179
set_covering_n100_m63_d0.25_b_w38_seed2.txt,Set Covering,100,Relaxed,500,false,min,2,0.04046,na,na,63097,101931,996
set_covering_n100_m63_d0.25_b_w38_seed2.txt,Set Covering,100,Restricted,20000,false,min,4,1.61949,na,na,1323187,2103339,29405
set_covering_n100_m63_d0.25_b_w38_seed2.txt,Set Covering,100,Relaxed,1000,false,min,3,0.07538,na,na,115999,191660,1938
set_covering_n100_m63_d0.25_b_w38_seed2.txt,Set Covering,100,Relaxed,2000,false,min,3,0.15838,na,na,210961,358213,3724
set_covering_n100_m63_d0.25_b_w38_seed2.txt,Set Covering,100,Relaxed,5000,false,min,3,0.46010,na,na,453049,793503,9033
set_covering_n100_m63_d0.25_b_w38_seed2.txt,Set Covering,100,Relaxed,10000,false,min,3,0.97599,na,na,790093,1419599,16175
set_covering_n100_m63_d0.25_b_w38_seed2.txt,Set Covering,100,Relaxed,20000,false,min,4,1.96401,na,na,1323187,2459827,29405
set_covering_n100_m63_d0.25_b_w38_seed3.txt,Set Covering,100,Restricted,500,false,min,5,0.03088,na,na,61638,74351,990
set_covering_n100_m63_d0.25_b_w38_seed3.txt,Set Covering,100,Restricted,1000,false,min,4,0.05631,na,na,112134,142454,1923
set_covering_n100_m63_d0.25_b_w38_seed3.txt,Set Covering,100,Restricted,2000,false,min,4,0.11019,na,na,201490,271703,3715
set_covering_n100_m63_d0.25_b_w38_seed3.txt,Set Covering,100,Exact,99999,false,min,4,7.38404,na,na,5606678,10707136,228537
set_covering_n100_m63_d0.25_b_w38_seed3.txt,Set Covering,100,Restricted,5000,false,min,4,0.31212,na,na,429136,614433,8861
set_covering_n100_m63_d0.25_b_w38_seed3.txt,Set Covering,100,Restricted,10000,false,min,4,0.76678,na,na,753973,1121613,17064
set_covering_n100_m63_d0.25_b_w38_seed3.txt,Set Covering,100,Restricted,20000,false,min,4,1.58181,na,na,1266638,2042216,29757
set_covering_n100_m63_d0.25_b_w38_seed3.txt,Set Covering,100,Relaxed,500,false,min,2,0.03978,na,na,61584,100256,989
set_covering_n100_m63_d0.25_b_w38_seed3.txt,Set Covering,100,Relaxed,1000,false,min,3,0.07666,na,na,112137,187369,1917
set_covering_n100_m63_d0.25_b_w38_seed3.txt,Set Covering,100,Relaxed,2000,false,min,3,0.15684,na,na,201231,345551,3720
set_covering_n100_m63_d0.25_b_w38_seed3.txt,Set Covering,100,Relaxed,5000,false,min,3,0.42871,na,na,428697,757667,8860
set_covering_n100_m63_d0.25_b_w38_seed3.txt,Set Covering,100,Relaxed,10000,false,min,3,0.93811,na,na,754092,1359890,17063
set_covering_n100_m63_d0.25_b_w38_seed3.txt,Set Covering,100,Relaxed,20000,false,min,4,1.97171,na,na,1266638,2344528,29757
set_covering_n100_m63_d0.25_b_w38_seed4.txt,Set Covering,100,Restricted,500,false,min,5,0.02939,na,na,62010,74468,996
set_covering_n100_m63_d0.25_b_w38_seed4.txt,Set Covering,100,Restricted,1000,false,min,5,0.05636,na,na,113990,142363,1952
set_covering_n100_m63_d0.25_b_w38_seed4.txt,Set Covering,100,Restricted,2000,false,min,4,0.11001,na,na,201989,270466,3729
set_covering_n100_m63_d0.25_b_w38_seed4.txt,Set Covering,100,Exact,99999,false,min,4,8.31058,na,na,6532817,12560180,275717
set_covering_n100_m63_d0.25_b_w38_seed4.txt,Set Covering,100,Restricted,5000,false,min,4,0.30059,na,na,427646,613654,9135
set_covering_n100_m63_d0.25_b_w38_seed4.txt,Set Covering,100,Restricted,10000,false,min,4,0.70804,na,na,751120,1130915,17526
set_covering_n100_m63_d0.25_b_w38_seed4.txt,Set Covering,100,Restricted,20000,false,min,4,1.41340,na,na,1265659,2042279,29755
set_covering_n100_m63_d0.25_b_w38_seed4.txt,Set Covering,100,Relaxed,500,false,min,2,0.04042,na,na,61882,100271,994
set_covering_n100_m63_d0.25_b_w38_seed4.txt,Set Covering,100,Relaxed,1000,false,min,2,0.07740,na,na,113920,188608,1951
set_covering_n100_m63_d0.25_b_w38_seed4.txt,Set Covering,100,Relaxed,2000,false,min,3,0.15832,na,na,201948,345046,3738
set_covering_n100_m63_d0.25_b_w38_seed4.txt,Set Covering,100,Relaxed,5000,false,min,3,0.43890,na,na,427679,754710,9131
set_covering_n100_m63_d0.25_b_w38_seed4.txt,Set Covering,100,Relaxed,10000,false,min,3,0.93788,na,na,751175,1360012,17529
set_covering_n100_m63_d0.25_b_w38_seed4.txt,Set Covering,100,Relaxed,20000,false,min,4,1.92655,na,na,1265814,2351870,29754
set_covering_n100_m63_d0.35_b_w38_seed1.txt,Set Covering,100,Exact,99999,false,min,2,0.07201,na,na,111404,218140,2648
set_covering_n100_m63_d0.35_b_w38_seed1.txt,Set Covering,100,Restricted,500,false,min,2,0.02151,na,na,37159,65653,728
set_covering_n100_m63_d0.35_b_w38_seed1.txt,Set Covering,100,Restricted,1000,false,min,2,0.03383,na,na,61188,114863,1137
set_covering_n100_m63_d0.35_b_w38_seed1.txt,Set Covering,100,Restricted,2000,false,min,2,0.05253,na,na,97758,189549,2138
set_covering_n100_m63_d0.35_b_w38_seed1.txt,Set Covering,100,Restricted,5000,false,min,2,0.07279,na,na,111404,218140,2648
set_covering_n100_m63_d0.35_b_w38_seed1.txt,Set Covering,100,Restricted,10000,false,min,2,0.07355,na,na,111404,218140,2648
set_covering_n100_m63_d0.35_b_w38_seed1.txt,Set Covering,100,Restricted,20000,false,min,2,0.07308,na,na,111404,218140,2648
set_covering_n100_m63_d0.35_b_w38_seed1.txt,Set Covering,100,Relaxed,500,false,min,2,0.02835,na,na,37145,73994,730
set_covering_n100_m63_d0.35_b_w38_seed1.txt,Set Covering,100,Relaxed,1000,false,min,2,0.04698,na,na,61188,120157,1137
set_covering_n100_m63_d0.35_b_w38_seed1.txt,Set Covering,100,Relaxed,2000,false,min,2,0.07807,na,na,97758,191280,2138
set_covering_n100_m63_d0.35_b_w38_seed1.txt,Set Covering,100,Relaxed,5000,false,min,2,0.07393,na,na,111404,218140,2648
set_covering_n100_m63_d0.35_b_w38_seed1.txt,Set Covering,100,Relaxed,10000,false,min,2,0.07404,na,na,111404,218140,2648
set_covering_n100_m63_d0.35_b_w38_seed1.txt,Set Covering,100,Relaxed,20000,false,min,2,0.07166,na,na,111404,218140,2648
set_covering_n100_m63_d0.35_b_w38_seed2.txt,Set Covering,100,Exact,99999,false,min,2,0.07479,na,na,113595,222652,2662
set_covering_n100_m63_d0.35_b_w38_seed2.txt,Set Covering,100,Restricted,500,false,min,2,0.02169,na,na,36643,65276,668
set_covering_n100_m63_d0.35_b_w38_seed2.txt,Set Covering,100,Restricted,1000,false,min,2,0.03524,na,na,61603,115998,1197
set_covering_n100_m63_d0.35_b_w38_seed2.txt,Set Covering,100,Restricted,2000,false,min,2,0.05337,na,na,100029,194254,2156
set_covering_n100_m63_d0.35_b_w38_seed2.txt,Set Covering,100,Restricted,5000,false,min,2,0.07326,na,na,113595,222652,2662
set_covering_n100_m63_d0.35_b_w38_seed2.txt,Set Covering,100,Restricted,10000,false,min,2,0.07520,na,na,113595,222652,2662
set_covering_n100_m63_d0.35_b_w38_seed2.txt,Set Covering,100,Restricted,20000,false,min,2,0.07484,na,na,113595,222652,2662
set_covering_n100_m63_d0.35_b_w38_seed2.txt,Set Covering,100,Relaxed,500,false,min,2,0.02827,na,na,36642,72582,668
set_covering_n100_m63_d0.35_b_w38_seed2.txt,Set Covering,100,Relaxed,1000,false,min,2,0.04821,na,na,61603,120581,1197
set_covering_n100_m63_d0.35_b_w38_seed2.txt,Set Covering,100,Relaxed,2000,false,min,2,0.08190,na,na,100029,195957,2156
set_covering_n100_m63_d0.35_b_w38_seed2.txt,Set Covering,100,Relaxed,5000,false,min,2,0.07706,na,na,113595,222652,2662
set_covering_n100_m63_d0.35_b_w38_seed2.txt,Set Covering,100,Relaxed,10000,false,min,2,0.07557,na,na,113595,222652,2662
set_covering_n100_m63_d0.35_b_w38_seed2.txt,Set Covering,100,Relaxed,20000,false,min,2,0.07609,na,na,113595,222652,2662
set_covering_n100_m63_d0.35_b_w38_seed3.txt,Set Covering,100,Exact,99999,false,min,3,0.07482,na,na,114401,224517,2768
set_covering_n100_m63_d0.35_b_w38_seed3.txt,Set Covering,100,Restricted,500,false,min,3,0.01947,na,na,35550,63133,681
set_covering_n100_m63_d0.35_b_w38_seed3.txt,Set Covering,100,Restricted,1000,false,min,3,0.03327,na,na,59460,111635,1229
set_covering_n100_m63_d0.35_b_w38_seed3.txt,Set Covering,100,Restricted,2000,false,min,3,0.04797,na,na,95793,186236,2321
set_covering_n100_m63_d0.35_b_w38_seed3.txt,Set Covering,100,Restricted,5000,false,min,3,0.07336,na,na,114401,224517,2768
set_covering_n100_m63_d0.35_b_w38_seed3.txt,Set Covering,100,Restricted,10000,false,min,3,0.07476,na,na,114401,224517,2768
set_covering_n100_m63_d0.35_b_w38_seed3.txt,Set Covering,100,Restricted,20000,false,min,3,0.07517,na,na,114401,224517,2768
set_covering_n100_m63_d0.35_b_w38_seed3.txt,Set Covering,100,Relaxed,500,false,min,2,0.02551,na,na,35537,71305,680
set_covering_n100_m63_d0.35_b_w38_seed3.txt,Set Covering,100,Relaxed,1000,false,min,3,0.04541,na,na,59460,117034,1229
set_covering_n100_m63_d0.35_b_w38_seed3.txt,Set Covering,100,Relaxed,2000,false,min,3,0.07520,na,na,95793,187581,2321
set_covering_n100_m63_d0.35_b_w38_seed3.txt,Set Covering,100,Relaxed,5000,false,min,3,0.07486,na,na,114401,224517,2768
set_covering_n100_m63_d0.35_b_w38_seed3.txt,Set Covering,100,Relaxed,10000,false,min,3,0.07445,na,na,114401,224517,2768
set_covering_n100_m63_d0.35_b_w38_seed3.txt,Set Covering,100,Relaxed,20000,false,min,3,0.07383,na,na,114401,224517,2768
set_covering_n100_m63_d0.35_b_w38_seed4.txt,Set Covering,100,Exact,99999,false,min,2,0.06401,na,na,98116,192360,2442
set_covering_n100_m63_d0.35_b_w38_seed4.txt,Set Covering,100,Restricted,500,false,min,2,0.02081,na,na,35651,64191,681
set_covering_n100_m63_d0.35_b_w38_seed4.txt,Set Covering,100,Restricted,1000,false,min,2,0.03222,na,na,57141,108473,1146
set_covering_n100_m63_d0.35_b_w38_seed4.txt,Set Covering,100,Restricted,2000,false,min,2,0.04964,na,na,89646,174722,2125
set_covering_n100_m63_d0.35_b_w38_seed4.txt,Set Covering,100,Restricted,5000,false,min,2,0.06486,na,na,98116,192360,2442
set_covering_n100_m63_d0.35_b_w38_seed4.txt,Set Covering,100,Restricted,10000,false,min,2,0.06598,na,na,98116,192360,2442
set_covering_n100_m63_d0.35_b_w38_seed4.txt,Set Covering,100,Restricted,20000,false,min,2,0.06464,na,na,98116,192360,2442
set_covering_n100_m63_d0.35_b_w38_seed4.txt,Set Covering,100,Relaxed,500,false,min,2,0.02730,na,na,35651,71184,681
set_covering_n100_m63_d0.35_b_w38_seed4.txt,Set Covering,100,Relaxed,1000,false,min,2,0.04395,na,na,57141,112112,1146
set_covering_n100_m63_d0.35_b_w38_seed4.txt,Set Covering,100,Relaxed,2000,false,min,2,0.07165,na,na,89647,175711,2125
set_covering_n100_m63_d0.35_b_w38_seed4.txt,Set Covering,100,Relaxed,5000,false,min,2,0.06430,na,na,98116,192360,2442
set_covering_n100_m63_d0.35_b_w38_seed4.txt,Set Covering,100,Relaxed,10000,false,min,2,0.06421,na,na,98116,192360,2442
set_covering_n100_m63_d0.35_b_w38_seed4.txt,Set Covering,100,Relaxed,20000,false,min,2,0.06416,na,na,98116,192360,2442
set_covering_n100_m63_d0.45_b_w38_seed1.txt,Set Covering,100,Exact,99999,false,min,2,0.01285,na,na,20657,40949,363
set_covering_n100_m63_d0.45_b_w38_seed1.txt,Set Covering,100,Restricted,500,false,min,2,0.01241,na,na,20657,40949,363
set_covering_n100_m63_d0.45_b_w38_seed1.txt,Set Covering,100,Restricted,1000,false,min,2,0.01216,na,na,20657,40949,363
set_covering_n100_m63_d0.45_b_w38_seed1.txt,Set Covering,100,Restricted,2000,false,min,2,0.01250,na,na,20657,40949,363
set_covering_n100_m63_d0.45_b_w38_seed1.txt,Set Covering,100,Restricted,5000,false,min,2,0.01247,na,na,20657,40949,363
set_covering_n100_m63_d0.45_b_w38_seed1.txt,Set Covering,100,Restricted,10000,false,min,2,0.01235,na,na,20657,40949,363
set_covering_n100_m63_d0.45_b_w38_seed1.txt,Set Covering,100,Restricted,20000,false,min,2,0.01246,na,na,20657,40949,363
set_covering_n100_m63_d0.45_b_w38_seed1.txt,Set Covering,100,Relaxed,500,false,min,2,0.01264,na,na,20657,40949,363
set_covering_n100_m63_d0.45_b_w38_seed1.txt,Set Covering,100,Relaxed,1000,false,min,2,0.01269,na,na,20657,40949,363
set_covering_n100_m63_d0.45_b_w38_seed1.txt,Set Covering,100,Relaxed,2000,false,min,2,0.01217,na,na,20657,40949,363
set_covering_n100_m63_d0.45_b_w38_seed1.txt,Set Covering,100,Relaxed,5000,false,min,2,0.01218,na,na,20657,40949,363
set_covering_n100_m63_d0.45_b_w38_seed1.txt,Set Covering,100,Relaxed,10000,false,min,2,0.01281,na,na,20657,40949,363
set_covering_n100_m63_d0.45_b_w38_seed1.txt,Set Covering,100,Relaxed,20000,false,min,2,0.01251,na,na,20657,40949,363
set_covering_n100_m63_d0.45_b_w38_seed2.txt,Set Covering,100,Exact,99999,false,min,2,0.01279,na,na,20657,40949,363
set_covering_n100_m63_d0.45_b_w38_seed2.txt,Set Covering,100,Restricted,500,false,min,2,0.01188,na,na,20657,40949,363
set_covering_n100_m63_d0.45_b_w38_seed2.txt,Set Covering,100,Restricted,1000,false,min,2,0.01215,na,na,20657,40949,363
set_covering_n100_m63_d0.45_b_w38_seed2.txt,Set Covering,100,Restricted,2000,false,min,2,0.01239,na,na,20657,40949,363
set_covering_n100_m63_d0.45_b_w38_seed2.txt,Set Covering,100,Restricted,5000,false,min,2,0.01210,na,na,20657,40949,363
set_covering_n100_m63_d0.45_b_w38_seed2.txt,Set Covering,100,Restricted,10000,false,min,2,0.01194,na,na,20657,40949,363
set_covering_n100_m63_d0.45_b_w38_seed2.txt,Set Covering,100,Restricted,20000,false,min,2,0.01222,na,na,20657,40949,363
set_covering_n100_m63_d0.45_b_w38_seed2.txt,Set Covering,100,Relaxed,500,false,min,2,0.01246,na,na,20657,40949,363
set_covering_n100_m63_d0.45_b_w38_seed2.txt,Set Covering,100,Relaxed,1000,false,min,2,0.01235,na,na,20657,40949,363
set_covering_n100_m63_d0.45_b_w38_seed2.txt,Set Covering,100,Relaxed,2000,false,min,2,0.01246,na,na,20657,40949,363
set_covering_n100_m63_d0.45_b_w38_seed2.txt,Set Covering,100,Relaxed,5000,false,min,2,0.01201,na,na,20657,40949,363
set_covering_n100_m63_d0.45_b_w38_seed2.txt,Set Covering,100,Relaxed,10000,false,min,2,0.01232,na,na,20657,40949,363
set_covering_n100_m63_d0.45_b_w38_seed2.txt,Set Covering,100,Relaxed,20000,false,min,2,0.01202,na,na,20657,40949,363
set_covering_n100_m63_d0.45_b_w38_seed3.txt,Set Covering,100,Exact,99999,false,min,2,0.01236,na,na,20657,40949,363
set_covering_n100_m63_d0.45_b_w38_seed3.txt,Set Covering,100,Restricted,500,false,min,2,0.01197,na,na,20657,40949,363
set_covering_n100_m63_d0.45_b_w38_seed3.txt,Set Covering,100,Restricted,1000,false,min,2,0.01199,na,na,20657,40949,363
set_covering_n100_m63_d0.45_b_w38_seed3.txt,Set Covering,100,Restricted,2000,false,min,2,0.01212,na,na,20657,40949,363
set_covering_n100_m63_d0.45_b_w38_seed3.txt,Set Covering,100,Restricted,5000,false,min,2,0.01212,na,na,20657,40949,363
set_covering_n100_m63_d0.45_b_w38_seed3.txt,Set Covering,100,Restricted,10000,false,min,2,0.01208,na,na,20657,40949,363
set_covering_n100_m63_d0.45_b_w38_seed3.txt,Set Covering,100,Restricted,20000,false,min,2,0.01217,na,na,20657,40949,363
set_covering_n100_m63_d0.45_b_w38_seed3.txt,Set Covering,100,Relaxed,500,false,min,2,0.01186,na,na,20657,40949,363
set_covering_n100_m63_d0.45_b_w38_seed3.txt,Set Covering,100,Relaxed,1000,false,min,2,0.01245,na,na,20657,40949,363
set_covering_n100_m63_d0.45_b_w38_seed3.txt,Set Covering,100,Relaxed,2000,false,min,2,0.01154,na,na,20657,40949,363
set_covering_n100_m63_d0.45_b_w38_seed3.txt,Set Covering,100,Relaxed,5000,false,min,2,0.01206,na,na,20657,40949,363
set_covering_n100_m63_d0.45_b_w38_seed3.txt,Set Covering,100,Relaxed,10000,false,min,2,0.01203,na,na,20657,40949,363
set_covering_n100_m63_d0.45_b_w38_seed3.txt,Set Covering,100,Relaxed,20000,false,min,2,0.01210,na,na,20657,40949,363
set_covering_n100_m63_d0.45_b_w38_seed4.txt,Set Covering,100,Exact,99999,false,min,2,0.01250,na,na,20657,40949,363
set_covering_n100_m63_d0.45_b_w38_seed4.txt,Set Covering,100,Restricted,500,false,min,2,0.01217,na,na,20657,40949,363
set_covering_n100_m63_d0.45_b_w38_seed4.txt,Set Covering,100,Restricted,1000,false,min,2,0.01224,na,na,20657,40949,363
set_covering_n100_m63_d0.45_b_w38_seed4.txt,Set Covering,100,Restricted,2000,false,min,2,0.01203,na,na,20657,40949,363
set_covering_n100_m63_d0.45_b_w38_seed4.txt,Set Covering,100,Restricted,5000,false,min,2,0.01195,na,na,20657,40949,363
set_covering_n100_m63_d0.45_b_w38_seed4.txt,Set Covering,100,Restricted,10000,false,min,2,0.01203,na,na,20657,40949,363
set_covering_n100_m63_d0.45_b_w38_seed4.txt,Set Covering,100,Restricted,20000,false,min,2,0.01207,na,na,20657,40949,363
set_covering_n100_m63_d0.45_b_w38_seed4.txt,Set Covering,100,Relaxed,500,false,min,2,0.01212,na,na,20657,40949,363
set_covering_n100_m63_d0.45_b_w38_seed4.txt,Set Covering,100,Relaxed,1000,false,min,2,0.01221,na,na,20657,40949,363
set_covering_n100_m63_d0.45_b_w38_seed4.txt,Set Covering,100,Relaxed,2000,false,min,2,0.01225,na,na,20657,40949,363
set_covering_n100_m63_d0.45_b_w38_seed4.txt,Set Covering,100,Relaxed,5000,false,min,2,0.01204,na,na,20657,40949,363
set_covering_n100_m63_d0.45_b_w38_seed4.txt,Set Covering,100,Relaxed,10000,false,min,2,0.01146,na,na,20657,40949,363
set_covering_n100_m63_d0.45_b_w38_seed4.txt,Set Covering,100,Relaxed,20000,false,min,2,0.01190,na,na,20657,40949,363
set_covering_n100_m66_d0.1_b_w35_seed1.txt,Set Covering,100,Restricted,500,false,min,12,0.02896,na,na,60083,66943,1000
set_covering_n100_m66_d0.1_b_w35_seed1.txt,Set Covering,100,Restricted,1000,false,min,12,0.05813,na,na,119744,131769,2000
set_covering_n100_m66_d0.1_b_w35_seed1.txt,Set Covering,100,Restricted,2000,false,min,12,0.12884,na,na,232732,258391,4000
set_covering_n100_m66_d0.1_b_w35_seed1.txt,Set Covering,100,Restricted,5000,false,min,11,0.44421,na,na,561150,628872,9998
set_covering_n100_m66_d0.1_b_w35_seed1.txt,Set Covering,100,Restricted,10000,false,min,11,1.09972,na,na,1097152,1231527,19983
set_covering_n100_m66_d0.1_b_w35_seed1.txt,Set Covering,100,Relaxed,500,false,min,3,0.03886,na,na,60245,90872,1001
set_covering_n100_m66_d0.1_b_w35_seed1.txt,Set Covering,100,Restricted,20000,false,min,11,2.78651,na,na,2118454,2399139,39940
set_covering_n100_m66_d0.1_b_w35_seed1.txt,Set Covering,100,Relaxed,1000,false,min,3,0.08123,na,na,119594,179508,2001
set_covering_n100_m66_d0.1_b_w35_seed1.txt,Set Covering,100,Relaxed,2000,false,min,3,0.16949,na,na,232829,350965,4001
set_covering_n100_m66_d0.1_b_w35_seed1.txt,Set Covering,100,Relaxed,5000,false,min,4,0.59993,na,na,561454,851502,9996
set_covering_n100_m66_d0.1_b_w35_seed1.txt,Set Covering,100,Relaxed,10000,false,min,4,1.41481,na,na,1096956,1666341,19979
set_covering_n100_m66_d0.1_b_w35_seed2.txt,Set Covering,100,Restricted,500,false,min,14,0.03357,na,na,64125,69222,1000
set_covering_n100_m66_d0.1_b_w35_seed1.txt,Set Covering,100,Relaxed,20000,false,min,4,3.45873,na,na,2120320,3232192,39939
set_covering_n100_m66_d0.1_b_w35_seed2.txt,Set Covering,100,Restricted,1000,false,min,12,0.06046,na,na,126295,137332,2000
set_covering_n100_m66_d0.1_b_w35_seed2.txt,Set Covering,100,Restricted,2000,false,min,12,0.13333,na,na,243704,265832,4000
set_covering_n100_m66_d0.1_b_w35_seed2.txt,Set Covering,100,Restricted,5000,false,min,12,0.44683,na,na,582848,634727,10000
set_covering_n100_m66_d0.1_b_w35_seed2.txt,Set Covering,100,Restricted,10000,false,min,12,1.15319,na,na,1127272,1237893,19995
set_covering_n100_m66_d0.1_b_w35_seed2.txt,Set Covering,100,Relaxed,500,false,min,2,0.04167,na,na,63990,95251,1001
set_covering_n100_m66_d0.1_b_w35_seed2.txt,Set Covering,100,Restricted,20000,false,min,11,2.98732,na,na,2166561,2391930,39979
set_covering_n100_m66_d0.1_b_w35_seed2.txt,Set Covering,100,Relaxed,1000,false,min,3,0.08238,na,na,125327,188259,2001
set_covering_n100_m66_d0.1_b_w35_seed2.txt,Set Covering,100,Relaxed,2000,false,min,3,0.17790,na,na,243725,365100,4001
set_covering_n100_m66_d0.1_b_w35_seed2.txt,Set Covering,100,Relaxed,5000,false,min,3,0.60746,na,na,582996,873697,9999
set_covering_n100_m66_d0.1_b_w35_seed2.txt,Set Covering,100,Relaxed,10000,false,min,4,1.44785,na,na,1127397,1698484,19993
set_covering_n100_m66_d0.1_b_w35_seed3.txt,Set Covering,100,Restricted,500,false,min,14,0.03217,na,na,64220,69804,1000
set_covering_n100_m66_d0.1_b_w35_seed2.txt,Set Covering,100,Relaxed,20000,false,min,4,3.61084,na,na,2166918,3276193,39980
set_covering_n100_m66_d0.1_b_w35_seed3.txt,Set Covering,100,Restricted,1000,false,min,14,0.06050,na,na,122407,133400,2000
set_covering_n100_m66_d0.1_b_w35_seed3.txt,Set Covering,100,Restricted,2000,false,min,13,0.12904,na,na,235986,259956,4000
set_covering_n100_m66_d0.1_b_w35_seed3.txt,Set Covering,100,Restricted,5000,false,min,13,0.44413,na,na,556075,613678,9998
set_covering_n100_m66_d0.1_b_w35_seed3.txt,Set Covering,100,Restricted,10000,false,min,12,1.12720,na,na,1064041,1169919,19985
set_covering_n100_m66_d0.1_b_w35_seed3.txt,Set Covering,100,Relaxed,500,false,min,2,0.04204,na,na,64009,96031,1001
set_covering_n100_m66_d0.1_b_w35_seed3.txt,Set Covering,100,Restricted,20000,false,min,12,2.80165,na,na,2019270,2245991,39909
set_covering_n100_m66_d0.1_b_w35_seed3.txt,Set Covering,100,Relaxed,1000,false,min,3,0.07878,na,na,122257,182945,2001
set_covering_n100_m66_d0.1_b_w35_seed3.txt,Set Covering,100,Relaxed,2000,false,min,3,0.16748,na,na,235940,354568,4000
set_covering_n100_m66_d0.1_b_w35_seed3.txt,Set Covering,100,Relaxed,5000,false,min,3,0.55996,na,na,555808,834731,9997
set_covering_n100_m66_d0.1_b_w35_seed3.txt,Set Covering,100,Relaxed,10000,false,min,3,1.33447,na,na,1063295,1597037,19984
set_covering_n100_m66_d0.1_b_w35_seed3.txt,Set Covering,100,Relaxed,20000,false,min,4,3.37130,na,na,2019746,3060370,39910
set_covering_n100_m66_d0.1_b_w35_seed4.txt,Set Covering,100,Restricted,500,false,min,13,0.02980,na,na,59070,64652,1000
set_covering_n100_m66_d0.1_b_w35_seed4.txt,Set Covering,100,Restricted,1000,false,min,13,0.05955,na,na,115645,127339,2000
set_covering_n100_m66_d0.1_b_w35_seed4.txt,Set Covering,100,Restricted,2000,false,min,13,0.12620,na,na,224805,246899,4000
set_covering_n100_m66_d0.1_b_w35_seed4.txt,Set Covering,100,Restricted,5000,false,min,13,0.42715,na,na,540552,589291,9999
set_covering_n100_m66_d0.1_b_w35_seed4.txt,Set Covering,100,Restricted,10000,false,min,13,1.07932,na,na,1046487,1157328,19997
set_covering_n100_m66_d0.1_b_w35_seed4.txt,Set Covering,100,Restricted,20000,false,min,12,2.78386,na,na,2015383,2239365,39986
set_covering_n100_m66_d0.1_b_w35_seed4.txt,Set Covering,100,Relaxed,500,false,min,2,0.03997,na,na,59389,88090,1001
set_covering_n100_m66_d0.1_b_w35_seed4.txt,Set Covering,100,Relaxed,1000,false,min,3,0.07917,na,na,115455,172255,2001
set_covering_n100_m66_d0.1_b_w35_seed4.txt,Set Covering,100,Relaxed,2000,false,min,3,0.17538,na,na,225354,335326,4001
set_covering_n100_m66_d0.1_b_w35_seed4.txt,Set Covering,100,Relaxed,5000,false,min,3,0.58935,na,na,540310,802668,9999
set_covering_n100_m66_d0.1_b_w35_seed4.txt,Set Covering,100,Relaxed,10000,false,min,4,1.38370,na,na,1045930,1567213,19995
set_covering_n100_m66_d0.1_b_w35_seed4.txt,Set Covering,100,Relaxed,20000,false,min,4,3.43472,na,na,2015734,3032530,39983
set_covering_n100_m66_d0.2_b_w35_seed1.txt,Set Covering,100,Exact,99999,false,min,5,47.35841,na,na,28285744,53317864,1708613
set_covering_n100_m66_d0.2_b_w35_seed1.txt,Set Covering,100,Restricted,500,false,min,6,0.03458,na,na,64667,74414,999
set_covering_n100_m66_d0.2_b_w35_seed1.txt,Set Covering,100,Restricted,1000,false,min,5,0.06357,na,na,120872,143838,1975
set_covering_n100_m66_d0.2_b_w35_seed1.txt,Set Covering,100,Restricted,2000,false,min,5,0.12721,na,na,227428,278724,3939
set_covering_n100_m66_d0.2_b_w35_seed1.txt,Set Covering,100,Restricted,5000,false,min,5,0.41941,na,na,520853,663109,9736
set_covering_n100_m66_d0.2_b_w35_seed1.txt,Set Covering,100,Restricted,10000,false,min,5,0.97300,na,na,934974,1247329,18665
set_covering_n100_m66_d0.2_b_w35_seed1.txt,Set Covering,100,Restricted,20000,false,min,5,2.26850,na,na,1665062,2316686,35116
set_covering_n100_m66_d0.2_b_w35_seed1.txt,Set Covering,100,Relaxed,500,false,min,2,0.04552,na,na,64582,101627,998
set_covering_n100_m66_d0.2_b_w35_seed1.txt,Set Covering,100,Relaxed,1000,false,min,3,0.08484,na,na,120947,193970,1977
set_covering_n100_m66_d0.2_b_w35_seed1.txt,Set Covering,100,Relaxed,2000,false,min,3,0.17566,na,na,227391,370311,3938
set_covering_n100_m66_d0.2_b_w35_seed1.txt,Set Covering,100,Relaxed,5000,false,min,3,0.53977,na,na,520711,865778,9729
set_covering_n100_m66_d0.2_b_w35_seed1.txt,Set Covering,100,Relaxed,10000,false,min,4,1.22209,na,na,934824,1593340,18675
set_covering_n100_m66_d0.2_b_w35_seed1.txt,Set Covering,100,Relaxed,20000,false,min,4,2.65023,na,na,1667019,2908385,35117
set_covering_n100_m66_d0.2_b_w35_seed2.txt,Set Covering,100,Exact,99999,false,min,5,48.60500,na,na,29723780,56283905,1109778
set_covering_n100_m66_d0.2_b_w35_seed2.txt,Set Covering,100,Restricted,500,false,min,6,0.03365,na,na,65283,74603,1000
set_covering_n100_m66_d0.2_b_w35_seed2.txt,Set Covering,100,Restricted,1000,false,min,5,0.06476,na,na,122947,144626,1991
set_covering_n100_m66_d0.2_b_w35_seed2.txt,Set Covering,100,Restricted,2000,false,min,5,0.13199,na,na,230815,279732,3957
set_covering_n100_m66_d0.2_b_w35_seed2.txt,Set Covering,100,Restricted,5000,false,min,5,0.41282,na,na,519634,655371,9810
set_covering_n100_m66_d0.2_b_w35_seed2.txt,Set Covering,100,Restricted,10000,false,min,5,0.95778,na,na,950985,1240420,19383
set_covering_n100_m66_d0.2_b_w35_seed2.txt,Set Covering,100,Restricted,20000,false,min,5,2.25813,na,na,1675882,2322550,36460
set_covering_n100_m66_d0.2_b_w35_seed2.txt,Set Covering,100,Relaxed,500,false,min,2,0.04335,na,na,65141,102648,999
set_covering_n100_m66_d0.2_b_w35_seed2.txt,Set Covering,100,Relaxed,1000,false,min,3,0.08599,na,na,123041,195974,1991
set_covering_n100_m66_d0.2_b_w35_seed2.txt,Set Covering,100,Relaxed,2000,false,min,3,0.18306,na,na,230509,373235,3958
set_covering_n100_m66_d0.2_b_w35_seed2.txt,Set Covering,100,Relaxed,5000,false,min,3,0.55022,na,na,519870,862871,9801
set_covering_n100_m66_d0.2_b_w35_seed2.txt,Set Covering,100,Relaxed,10000,false,min,3,1.35760,na,na,950908,1613766,19379
set_covering_n100_m66_d0.2_b_w35_seed2.txt,Set Covering,100,Relaxed,20000,false,min,4,2.84205,na,na,1675432,2921849,36455
set_covering_n100_m66_d0.2_b_w35_seed3.txt,Set Covering,100,Restricted,500,false,min,6,0.03334,na,na,63193,71499,1000
set_covering_n100_m66_d0.2_b_w35_seed3.txt,Set Covering,100,Exact,99999,false,min,5,40.48967,na,na,24694740,46718065,1130921
set_covering_n100_m66_d0.2_b_w35_seed3.txt,Set Covering,100,Restricted,1000,false,min,5,0.06279,na,na,118982,139379,1990
set_covering_n100_m66_d0.2_b_w35_seed3.txt,Set Covering,100,Restricted,2000,false,min,5,0.13104,na,na,224028,270909,3958
set_covering_n100_m66_d0.2_b_w35_seed3.txt,Set Covering,100,Restricted,5000,false,min,5,0.41784,na,na,510448,642190,9817
set_covering_n100_m66_d0.2_b_w35_seed3.txt,Set Covering,100,Restricted,10000,false,min,5,1.04904,na,na,935966,1216992,18605
set_covering_n100_m66_d0.2_b_w35_seed3.txt,Set Covering,100,Relaxed,500,false,min,2,0.04258,na,na,63134,98636,999
set_covering_n100_m66_d0.2_b_w35_seed3.txt,Set Covering,100,Restricted,20000,false,min,5,2.34773,na,na,1658751,2268796,35474
set_covering_n100_m66_d0.2_b_w35_seed3.txt,Set Covering,100,Relaxed,1000,false,min,3,0.08290,na,na,118236,187899,1989
set_covering_n100_m66_d0.2_b_w35_seed3.txt,Set Covering,100,Relaxed,2000,false,min,3,0.17726,na,na,223831,362933,3957
set_covering_n100_m66_d0.2_b_w35_seed3.txt,Set Covering,100,Relaxed,5000,false,min,3,0.52087,na,na,510199,849529,9817
set_covering_n100_m66_d0.2_b_w35_seed3.txt,Set Covering,100,Relaxed,10000,false,min,3,1.20118,na,na,935718,1591122,18605
set_covering_n100_m66_d0.2_b_w35_seed3.txt,Set Covering,100,Relaxed,20000,false,min,4,2.72850,na,na,1659029,2896613,35456
set_covering_n100_m66_d0.2_b_w35_seed4.txt,Set Covering,100,Restricted,500,false,min,7,0.03297,na,na,63616,73000,999
set_covering_n100_m66_d0.2_b_w35_seed4.txt,Set Covering,100,Restricted,1000,false,min,6,0.06208,na,na,119046,140620,1987
set_covering_n100_m66_d0.2_b_w35_seed4.txt,Set Covering,100,Restricted,2000,false,min,6,0.12666,na,na,220309,269302,3964
set_covering_n100_m66_d0.2_b_w35_seed4.txt,Set Covering,100,Restricted,5000,false,min,6,0.39401,na,na,494489,622253,9838
set_covering_n100_m66_d0.2_b_w35_seed4.txt,Set Covering,100,Restricted,10000,false,min,5,0.96085,na,na,888584,1159266,19035
set_covering_n100_m66_d0.2_b_w35_seed4.txt,Set Covering,100,Restricted,20000,false,min,5,2.12008,na,na,1557711,2155400,36135
set_covering_n100_m66_d0.2_b_w35_seed4.txt,Set Covering,100,Relaxed,500,false,min,2,0.04350,na,na,63608,99738,998
set_covering_n100_m66_d0.2_b_w35_seed4.txt,Set Covering,100,Relaxed,1000,false,min,3,0.07795,na,na,118991,189006,1985
set_covering_n100_m66_d0.2_b_w35_seed4.txt,Set Covering,100,Relaxed,2000,false,min,3,0.17116,na,na,219975,355043,3962
set_covering_n100_m66_d0.2_b_w35_seed4.txt,Set Covering,100,Relaxed,5000,false,min,3,0.50290,na,na,494613,814224,9833
set_covering_n100_m66_d0.2_b_w35_seed4.txt,Set Covering,100,Relaxed,10000,false,min,4,1.17655,na,na,888982,1497627,19023
set_covering_n100_m66_d0.3_b_w35_seed1.txt,Set Covering,100,Exact,99999,false,min,4,0.26403,na,na,359613,699335,10854
set_covering_n100_m66_d0.2_b_w35_seed4.txt,Set Covering,100,Relaxed,20000,false,min,4,2.55128,na,na,1556766,2698989,36125
set_covering_n100_m66_d0.3_b_w35_seed1.txt,Set Covering,100,Restricted,500,false,min,4,0.02481,na,na,44651,67286,897
set_covering_n100_m66_d0.3_b_w35_seed1.txt,Set Covering,100,Restricted,1000,false,min,4,0.04439,na,na,76433,124918,1492
set_covering_n100_m66_d0.3_b_w35_seed1.txt,Set Covering,100,Restricted,2000,false,min,4,0.07566,na,na,127506,222287,2693
set_covering_n100_m66_d0.3_b_w35_seed1.txt,Set Covering,100,Restricted,5000,false,min,4,0.16774,na,na,240873,448432,6157
set_covering_n100_m66_d0.3_b_w35_seed1.txt,Set Covering,100,Restricted,10000,false,min,4,0.21514,na,na,350638,680275,10766
set_covering_n100_m66_d0.3_b_w35_seed1.txt,Set Covering,100,Restricted,20000,false,min,4,0.26919,na,na,359613,699335,10854
set_covering_n100_m66_d0.3_b_w35_seed1.txt,Set Covering,100,Relaxed,500,false,min,2,0.03394,na,na,44631,84824,896
set_covering_n100_m66_d0.3_b_w35_seed1.txt,Set Covering,100,Relaxed,1000,false,min,3,0.06298,na,na,76417,148611,1493
set_covering_n100_m66_d0.3_b_w35_seed1.txt,Set Covering,100,Relaxed,2000,false,min,3,0.11056,na,na,127447,250182,2689
set_covering_n100_m66_d0.3_b_w35_seed1.txt,Set Covering,100,Relaxed,5000,false,min,4,0.23557,na,na,240873,472053,6157
set_covering_n100_m66_d0.3_b_w35_seed1.txt,Set Covering,100,Relaxed,10000,false,min,4,0.31420,na,na,350638,681446,10766
set_covering_n100_m66_d0.3_b_w35_seed1.txt,Set Covering,100,Relaxed,20000,false,min,4,0.25497,na,na,359613,699335,10854
set_covering_n100_m66_d0.3_b_w35_seed2.txt,Set Covering,100,Exact,99999,false,min,3,0.29157,na,na,395221,766497,13224
set_covering_n100_m66_d0.3_b_w35_seed2.txt,Set Covering,100,Restricted,500,false,min,3,0.02772,na,na,45628,69852,860
set_covering_n100_m66_d0.2_b_w35_seed4.txt,Set Covering,100,Exact,99999,false,min,5,42.31955,na,na,26580206,50230066,1271093
set_covering_n100_m66_d0.3_b_w35_seed2.txt,Set Covering,100,Restricted,1000,false,min,3,0.04557,na,na,77520,125299,1550
set_covering_n100_m66_d0.3_b_w35_seed2.txt,Set Covering,100,Restricted,2000,false,min,3,0.07675,na,na,129848,224475,2765
set_covering_n100_m66_d0.3_b_w35_seed2.txt,Set Covering,100,Restricted,5000,false,min,3,0.16431,na,na,250022,461450,6544
set_covering_n100_m66_d0.3_b_w35_seed2.txt,Set Covering,100,Restricted,10000,false,min,3,0.23743,na,na,355103,681905,11482
set_covering_n100_m66_d0.3_b_w35_seed2.txt,Set Covering,100,Restricted,20000,false,min,3,0.29599,na,na,395221,766497,13224
set_covering_n100_m66_d0.3_b_w35_seed2.txt,Set Covering,100,Relaxed,500,false,min,2,0.03335,na,na,45641,85585,862
set_covering_n100_m66_d0.3_b_w35_seed2.txt,Set Covering,100,Relaxed,1000,false,min,3,0.05767,na,na,77397,147854,1551
set_covering_n100_m66_d0.3_b_w35_seed2.txt,Set Covering,100,Relaxed,2000,false,min,3,0.10482,na,na,129840,251378,2763
set_covering_n100_m66_d0.3_b_w35_seed2.txt,Set Covering,100,Relaxed,5000,false,min,3,0.22857,na,na,249890,484802,6541
set_covering_n100_m66_d0.3_b_w35_seed2.txt,Set Covering,100,Relaxed,10000,false,min,3,0.32766,na,na,355103,687591,11482
set_covering_n100_m66_d0.3_b_w35_seed2.txt,Set Covering,100,Relaxed,20000,false,min,3,0.29526,na,na,395221,766497,13224
set_covering_n100_m66_d0.3_b_w35_seed3.txt,Set Covering,100,Exact,99999,false,min,3,0.29837,na,na,407226,791122,12621
set_covering_n100_m66_d0.3_b_w35_seed3.txt,Set Covering,100,Restricted,500,false,min,3,0.02514,na,na,45376,69400,881
set_covering_n100_m66_d0.3_b_w35_seed3.txt,Set Covering,100,Restricted,1000,false,min,3,0.04430,na,na,77366,126248,1529
set_covering_n100_m66_d0.3_b_w35_seed3.txt,Set Covering,100,Restricted,2000,false,min,3,0.07249,na,na,128777,223667,2720
set_covering_n100_m66_d0.3_b_w35_seed3.txt,Set Covering,100,Restricted,5000,false,min,3,0.15954,na,na,245544,453279,6008
set_covering_n100_m66_d0.3_b_w35_seed3.txt,Set Covering,100,Restricted,10000,false,min,3,0.23660,na,na,367637,708419,10670
set_covering_n100_m66_d0.3_b_w35_seed3.txt,Set Covering,100,Restricted,20000,false,min,3,0.29281,na,na,407226,791122,12621
set_covering_n100_m66_d0.3_b_w35_seed3.txt,Set Covering,100,Relaxed,500,false,min,2,0.03365,na,na,45433,85346,880
set_covering_n100_m66_d0.3_b_w35_seed3.txt,Set Covering,100,Relaxed,1000,false,min,3,0.05900,na,na,77510,149005,1525
set_covering_n100_m66_d0.3_b_w35_seed3.txt,Set Covering,100,Relaxed,2000,false,min,3,0.10566,na,na,128691,251348,2719
set_covering_n100_m66_d0.3_b_w35_seed3.txt,Set Covering,100,Relaxed,5000,false,min,3,0.24415,na,na,245557,481094,6008
set_covering_n100_m66_d0.3_b_w35_seed3.txt,Set Covering,100,Relaxed,10000,false,min,3,0.35647,na,na,367637,712723,10670
set_covering_n100_m66_d0.3_b_w35_seed3.txt,Set Covering,100,Relaxed,20000,false,min,3,0.30784,na,na,407226,791122,12621
set_covering_n100_m66_d0.3_b_w35_seed4.txt,Set Covering,100,Exact,99999,false,min,4,0.22218,na,na,304989,592414,8844
set_covering_n100_m66_d0.3_b_w35_seed4.txt,Set Covering,100,Restricted,500,false,min,4,0.02617,na,na,45336,71181,857
set_covering_n100_m66_d0.3_b_w35_seed4.txt,Set Covering,100,Restricted,1000,false,min,4,0.04242,na,na,76978,129202,1516
set_covering_n100_m66_d0.3_b_w35_seed4.txt,Set Covering,100,Restricted,2000,false,min,4,0.07065,na,na,128190,228443,2725
set_covering_n100_m66_d0.3_b_w35_seed4.txt,Set Covering,100,Restricted,5000,false,min,4,0.14027,na,na,233974,443101,5837
set_covering_n100_m66_d0.3_b_w35_seed4.txt,Set Covering,100,Restricted,10000,false,min,4,0.20845,na,na,304989,592414,8844
set_covering_n100_m66_d0.3_b_w35_seed4.txt,Set Covering,100,Restricted,20000,false,min,4,0.21256,na,na,304989,592414,8844
set_covering_n100_m66_d0.3_b_w35_seed4.txt,Set Covering,100,Relaxed,500,false,min,2,0.03308,na,na,45339,86079,857
set_covering_n100_m66_d0.3_b_w35_seed4.txt,Set Covering,100,Relaxed,1000,false,min,3,0.05932,na,na,77040,149047,1517
set_covering_n100_m66_d0.3_b_w35_seed4.txt,Set Covering,100,Relaxed,2000,false,min,3,0.10219,na,na,128059,251001,2721
set_covering_n100_m66_d0.3_b_w35_seed4.txt,Set Covering,100,Relaxed,5000,false,min,4,0.20582,na,na,233974,456343,5837
set_covering_n100_m66_d0.3_b_w35_seed4.txt,Set Covering,100,Relaxed,10000,false,min,4,0.22004,na,na,304989,592414,8844
set_covering_n100_m66_d0.3_b_w35_seed4.txt,Set Covering,100,Relaxed,20000,false,min,4,0.21697,na,na,304989,592414,8844
set_covering_n100_m66_d0.4_b_w35_seed1.txt,Set Covering,100,Exact,99999,false,min,2,0.01544,na,na,25564,50595,531
set_covering_n100_m66_d0.4_b_w35_seed1.txt,Set Covering,100,Restricted,500,false,min,2,0.01345,na,na,24867,49162,529
set_covering_n100_m66_d0.4_b_w35_seed1.txt,Set Covering,100,Restricted,1000,false,min,2,0.01584,na,na,25564,50595,531
set_covering_n100_m66_d0.4_b_w35_seed1.txt,Set Covering,100,Restricted,2000,false,min,2,0.01599,na,na,25564,50595,531
set_covering_n100_m66_d0.4_b_w35_seed1.txt,Set Covering,100,Restricted,5000,false,min,2,0.01531,na,na,25564,50595,531
set_covering_n100_m66_d0.4_b_w35_seed1.txt,Set Covering,100,Restricted,10000,false,min,2,0.01557,na,na,25564,50595,531
set_covering_n100_m66_d0.4_b_w35_seed1.txt,Set Covering,100,Restricted,20000,false,min,2,0.01547,na,na,25564,50595,531
set_covering_n100_m66_d0.4_b_w35_seed1.txt,Set Covering,100,Relaxed,500,false,min,2,0.01683,na,na,24867,49200,529
set_covering_n100_m66_d0.4_b_w35_seed1.txt,Set Covering,100,Relaxed,1000,false,min,2,0.01563,na,na,25564,50595,531
set_covering_n100_m66_d0.4_b_w35_seed1.txt,Set Covering,100,Relaxed,2000,false,min,2,0.01562,na,na,25564,50595,531
set_covering_n100_m66_d0.4_b_w35_seed1.txt,Set Covering,100,Relaxed,5000,false,min,2,0.01548,na,na,25564,50595,531
set_covering_n100_m66_d0.4_b_w35_seed1.txt,Set Covering,100,Relaxed,10000,false,min,2,0.01549,na,na,25564,50595,531
set_covering_n100_m66_d0.4_b_w35_seed1.txt,Set Covering,100,Relaxed,20000,false,min,2,0.01543,na,na,25564,50595,531
set_covering_n100_m66_d0.4_b_w35_seed2.txt,Set Covering,100,Exact,99999,false,min,2,0.01559,na,na,25564,50595,531
set_covering_n100_m66_d0.4_b_w35_seed2.txt,Set Covering,100,Restricted,500,false,min,2,0.01315,na,na,24867,49162,529
set_covering_n100_m66_d0.4_b_w35_seed2.txt,Set Covering,100,Restricted,1000,false,min,2,0.01560,na,na,25564,50595,531
set_covering_n100_m66_d0.4_b_w35_seed2.txt,Set Covering,100,Restricted,2000,false,min,2,0.01530,na,na,25564,50595,531
set_covering_n100_m66_d0.4_b_w35_seed2.txt,Set Covering,100,Restricted,5000,false,min,2,0.01539,na,na,25564,50595,531
set_covering_n100_m66_d0.4_b_w35_seed2.txt,Set Covering,100,Restricted,10000,false,min,2,0.01539,na,na,25564,50595,531
set_covering_n100_m66_d0.4_b_w35_seed2.txt,Set Covering,100,Restricted,20000,false,min,2,0.01547,na,na,25564,50595,531
set_covering_n100_m66_d0.4_b_w35_seed2.txt,Set Covering,100,Relaxed,500,false,min,2,0.01673,na,na,24867,49200,529
set_covering_n100_m66_d0.4_b_w35_seed2.txt,Set Covering,100,Relaxed,1000,false,min,2,0.01682,na,na,25564,50595,531
set_covering_n100_m66_d0.4_b_w35_seed2.txt,Set Covering,100,Relaxed,2000,false,min,2,0.01572,na,na,25564,50595,531
set_covering_n100_m66_d0.4_b_w35_seed2.txt,Set Covering,100,Relaxed,5000,false,min,2,0.01627,na,na,25564,50595,531
set_covering_n100_m66_d0.4_b_w35_seed2.txt,Set Covering,100,Relaxed,10000,false,min,2,0.01590,na,na,25564,50595,531
set_covering_n100_m66_d0.4_b_w35_seed2.txt,Set Covering,100,Relaxed,20000,false,min,2,0.01579,na,na,25564,50595,531
set_covering_n100_m66_d0.4_b_w35_seed3.txt,Set Covering,100,Exact,99999,false,min,2,0.01622,na,na,25564,50595,531
set_covering_n100_m66_d0.4_b_w35_seed3.txt,Set Covering,100,Restricted,500,false,min,2,0.01311,na,na,24867,49162,529
set_covering_n100_m66_d0.4_b_w35_seed3.txt,Set Covering,100,Restricted,1000,false,min,2,0.01563,na,na,25564,50595,531
set_covering_n100_m66_d0.4_b_w35_seed3.txt,Set Covering,100,Restricted,2000,false,min,2,0.01558,na,na,25564,50595,531
set_covering_n100_m66_d0.4_b_w35_seed3.txt,Set Covering,100,Restricted,5000,false,min,2,0.01543,na,na,25564,50595,531
set_covering_n100_m66_d0.4_b_w35_seed3.txt,Set Covering,100,Restricted,10000,false,min,2,0.01535,na,na,25564,50595,531
set_covering_n100_m66_d0.4_b_w35_seed3.txt,Set Covering,100,Restricted,20000,false,min,2,0.01535,na,na,25564,50595,531
set_covering_n100_m66_d0.4_b_w35_seed3.txt,Set Covering,100,Relaxed,500,false,min,2,0.01648,na,na,24867,49200,529
set_covering_n100_m66_d0.4_b_w35_seed3.txt,Set Covering,100,Relaxed,1000,false,min,2,0.01587,na,na,25564,50595,531
set_covering_n100_m66_d0.4_b_w35_seed3.txt,Set Covering,100,Relaxed,2000,false,min,2,0.01565,na,na,25564,50595,531
set_covering_n100_m66_d0.4_b_w35_seed3.txt,Set Covering,100,Relaxed,5000,false,min,2,0.01531,na,na,25564,50595,531
set_covering_n100_m66_d0.4_b_w35_seed3.txt,Set Covering,100,Relaxed,10000,false,min,2,0.01548,na,na,25564,50595,531
set_covering_n100_m66_d0.4_b_w35_seed3.txt,Set Covering,100,Relaxed,20000,false,min,2,0.01546,na,na,25564,50595,531
set_covering_n100_m66_d0.4_b_w35_seed4.txt,Set Covering,100,Exact,99999,false,min,2,0.01542,na,na,25564,50595,531
set_covering_n100_m66_d0.4_b_w35_seed4.txt,Set Covering,100,Restricted,500,false,min,2,0.01313,na,na,24867,49162,529
set_covering_n100_m66_d0.4_b_w35_seed4.txt,Set Covering,100,Restricted,1000,false,min,2,0.01633,na,na,25564,50595,531
set_covering_n100_m66_d0.4_b_w35_seed4.txt,Set Covering,100,Restricted,2000,false,min,2,0.01558,na,na,25564,50595,531
set_covering_n100_m66_d0.4_b_w35_seed4.txt,Set Covering,100,Restricted,5000,false,min,2,0.01561,na,na,25564,50595,531
set_covering_n100_m66_d0.4_b_w35_seed4.txt,Set Covering,100,Restricted,10000,false,min,2,0.01577,na,na,25564,50595,531
set_covering_n100_m66_d0.4_b_w35_seed4.txt,Set Covering,100,Restricted,20000,false,min,2,0.01556,na,na,25564,50595,531
set_covering_n100_m66_d0.4_b_w35_seed4.txt,Set Covering,100,Relaxed,500,false,min,2,0.01759,na,na,24867,49200,529
set_covering_n100_m66_d0.4_b_w35_seed4.txt,Set Covering,100,Relaxed,1000,false,min,2,0.01564,na,na,25564,50595,531
set_covering_n100_m66_d0.4_b_w35_seed4.txt,Set Covering,100,Relaxed,2000,false,min,2,0.01532,na,na,25564,50595,531
set_covering_n100_m66_d0.4_b_w35_seed4.txt,Set Covering,100,Relaxed,5000,false,min,2,0.01551,na,na,25564,50595,531
set_covering_n100_m66_d0.4_b_w35_seed4.txt,Set Covering,100,Relaxed,10000,false,min,2,0.01549,na,na,25564,50595,531
set_covering_n100_m66_d0.4_b_w35_seed4.txt,Set Covering,100,Relaxed,20000,false,min,2,0.01540,na,na,25564,50595,531
set_covering_n100_m66_d0.05_b_w35_seed1.txt,Set Covering,100,Restricted,500,false,min,24,0.02445,na,na,52328,57015,1000
set_covering_n100_m66_d0.05_b_w35_seed1.txt,Set Covering,100,Restricted,1000,false,min,24,0.04837,na,na,101072,110752,2000
set_covering_n100_m66_d0.05_b_w35_seed1.txt,Set Covering,100,Restricted,2000,false,min,23,0.10319,na,na,196940,217883,4000
set_covering_n100_m66_d0.05_b_w35_seed1.txt,Set Covering,100,Restricted,5000,false,min,22,0.34264,na,na,473193,525762,10000
set_covering_n100_m66_d0.05_b_w35_seed1.txt,Set Covering,100,Restricted,10000,false,min,22,0.89854,na,na,922351,1031045,20000
set_covering_n100_m66_d0.05_b_w35_seed1.txt,Set Covering,100,Relaxed,500,false,min,5,0.02854,na,na,44584,71447,1001
set_covering_n100_m66_d0.05_b_w35_seed1.txt,Set Covering,100,Relaxed,1000,false,min,5,0.05987,na,na,93313,140278,2001
set_covering_n100_m66_d0.05_b_w35_seed1.txt,Set Covering,100,Restricted,20000,false,min,22,2.27832,na,na,1779635,1996362,40000
set_covering_n100_m66_d0.05_b_w35_seed1.txt,Set Covering,100,Relaxed,2000,false,min,5,0.13616,na,na,193144,286683,4001
set_covering_n100_m66_d0.05_b_w35_seed1.txt,Set Covering,100,Relaxed,5000,false,min,6,0.46320,na,na,474140,695683,10001
set_covering_n100_m66_d0.05_b_w35_seed1.txt,Set Covering,100,Relaxed,10000,false,min,6,1.12998,na,na,921287,1353897,20001
set_covering_n100_m66_d0.5_b_w35_seed1.txt,Set Covering,100,Exact,99999,false,min,2,0.01587,na,na,25564,50595,531
set_covering_n100_m66_d0.05_b_w35_seed1.txt,Set Covering,100,Relaxed,20000,false,min,6,2.75584,na,na,1778961,2614985,40001
set_covering_n100_m66_d0.5_b_w35_seed1.txt,Set Covering,100,Restricted,500,false,min,2,0.01302,na,na,24867,49162,529
set_covering_n100_m66_d0.5_b_w35_seed1.txt,Set Covering,100,Restricted,1000,false,min,2,0.01545,na,na,25564,50595,531
set_covering_n100_m66_d0.5_b_w35_seed1.txt,Set Covering,100,Restricted,2000,false,min,2,0.01619,na,na,25564,50595,531
set_covering_n100_m66_d0.5_b_w35_seed1.txt,Set Covering,100,Restricted,5000,false,min,2,0.01584,na,na,25564,50595,531
set_covering_n100_m66_d0.5_b_w35_seed1.txt,Set Covering,100,Restricted,10000,false,min,2,0.01567,na,na,25564,50595,531
set_covering_n100_m66_d0.5_b_w35_seed1.txt,Set Covering,100,Restricted,20000,false,min,2,0.01532,na,na,25564,50595,531
set_covering_n100_m66_d0.5_b_w35_seed1.txt,Set Covering,100,Relaxed,500,false,min,2,0.01673,na,na,24867,49200,529
set_covering_n100_m66_d0.5_b_w35_seed1.txt,Set Covering,100,Relaxed,1000,false,min,2,0.01594,na,na,25564,50595,531
set_covering_n100_m66_d0.5_b_w35_seed1.txt,Set Covering,100,Relaxed,2000,false,min,2,0.01533,na,na,25564,50595,531
set_covering_n100_m66_d0.5_b_w35_seed1.txt,Set Covering,100,Relaxed,5000,false,min,2,0.01606,na,na,25564,50595,531
set_covering_n100_m66_d0.5_b_w35_seed1.txt,Set Covering,100,Relaxed,10000,false,min,2,0.01615,na,na,25564,50595,531
set_covering_n100_m66_d0.5_b_w35_seed1.txt,Set Covering,100,Relaxed,20000,false,min,2,0.01597,na,na,25564,50595,531
set_covering_n100_m66_d0.05_b_w35_seed2.txt,Set Covering,100,Restricted,500,false,min,23,0.02516,na,na,49450,56862,1000
set_covering_n100_m66_d0.05_b_w35_seed2.txt,Set Covering,100,Restricted,1000,false,min,23,0.04804,na,na,94446,109209,2000
set_covering_n100_m66_d0.05_b_w35_seed2.txt,Set Covering,100,Restricted,2000,false,min,21,0.10253,na,na,184090,211191,4000
set_covering_n100_m66_d0.05_b_w35_seed2.txt,Set Covering,100,Restricted,5000,false,min,21,0.33026,na,na,430737,490668,10000
set_covering_n100_m66_d0.05_b_w35_seed2.txt,Set Covering,100,Restricted,10000,false,min,21,0.80539,na,na,811488,921796,20000
set_covering_n100_m66_d0.05_b_w35_seed2.txt,Set Covering,100,Relaxed,500,false,min,6,0.03176,na,na,46934,72370,1001
set_covering_n100_m66_d0.05_b_w35_seed2.txt,Set Covering,100,Restricted,20000,false,min,20,1.96753,na,na,1539663,1743343,40000
set_covering_n100_m66_d0.05_b_w35_seed2.txt,Set Covering,100,Relaxed,1000,false,min,6,0.05999,na,na,93890,138791,2001
set_covering_n100_m66_d0.05_b_w35_seed2.txt,Set Covering,100,Relaxed,2000,false,min,6,0.13116,na,na,183051,270624,4001
set_covering_n100_m66_d0.05_b_w35_seed2.txt,Set Covering,100,Relaxed,5000,false,min,7,0.41817,na,na,430159,630651,10001
set_covering_n100_m66_d0.05_b_w35_seed2.txt,Set Covering,100,Relaxed,10000,false,min,7,0.97921,na,na,811239,1183645,20001
set_covering_n100_m66_d0.5_b_w35_seed2.txt,Set Covering,100,Exact,99999,false,min,2,0.01625,na,na,25564,50595,531
set_covering_n100_m66_d0.05_b_w35_seed2.txt,Set Covering,100,Relaxed,20000,false,min,7,2.34968,na,na,1539265,2245574,40001
set_covering_n100_m66_d0.5_b_w35_seed2.txt,Set Covering,100,Restricted,500,false,min,2,0.01322,na,na,24867,49162,529
set_covering_n100_m66_d0.5_b_w35_seed2.txt,Set Covering,100,Restricted,1000,false,min,2,0.01553,na,na,25564,50595,531
set_covering_n100_m66_d0.5_b_w35_seed2.txt,Set Covering,100,Restricted,2000,false,min,2,0.01565,na,na,25564,50595,531
set_covering_n100_m66_d0.5_b_w35_seed2.txt,Set Covering,100,Restricted,5000,false,min,2,0.01640,na,na,25564,50595,531
set_covering_n100_m66_d0.5_b_w35_seed2.txt,Set Covering,100,Restricted,10000,false,min,2,0.01613,na,na,25564,50595,531
set_covering_n100_m66_d0.5_b_w35_seed2.txt,Set Covering,100,Restricted,20000,false,min,2,0.01611,na,na,25564,50595,531
set_covering_n100_m66_d0.5_b_w35_seed2.txt,Set Covering,100,Relaxed,500,false,min,2,0.01732,na,na,24867,49200,529
set_covering_n100_m66_d0.5_b_w35_seed2.txt,Set Covering,100,Relaxed,1000,false,min,2,0.01576,na,na,25564,50595,531
set_covering_n100_m66_d0.5_b_w35_seed2.txt,Set Covering,100,Relaxed,2000,false,min,2,0.01584,na,na,25564,50595,531
set_covering_n100_m66_d0.5_b_w35_seed2.txt,Set Covering,100,Relaxed,5000,false,min,2,0.01603,na,na,25564,50595,531
set_covering_n100_m66_d0.5_b_w35_seed2.txt,Set Covering,100,Relaxed,10000,false,min,2,0.01578,na,na,25564,50595,531
set_covering_n100_m66_d0.5_b_w35_seed2.txt,Set Covering,100,Relaxed,20000,false,min,2,0.01577,na,na,25564,50595,531
set_covering_n100_m66_d0.05_b_w35_seed3.txt,Set Covering,100,Restricted,500,false,min,23,0.02564,na,na,50542,56477,1000
set_covering_n100_m66_d0.05_b_w35_seed3.txt,Set Covering,100,Restricted,1000,false,min,23,0.04877,na,na,96672,108896,2000
set_covering_n100_m66_d0.05_b_w35_seed3.txt,Set Covering,100,Restricted,2000,false,min,22,0.10145,na,na,186408,210235,4000
set_covering_n100_m66_d0.05_b_w35_seed3.txt,Set Covering,100,Restricted,5000,false,min,21,0.33382,na,na,445829,514139,10000
set_covering_n100_m66_d0.05_b_w35_seed3.txt,Set Covering,100,Restricted,10000,false,min,20,0.85407,na,na,857448,992338,20000
set_covering_n100_m66_d0.05_b_w35_seed3.txt,Set Covering,100,Restricted,20000,false,min,19,2.13525,na,na,1639292,1914631,40000
set_covering_n100_m66_d0.05_b_w35_seed3.txt,Set Covering,100,Relaxed,500,false,min,5,0.03347,na,na,49754,74040,1001
set_covering_n100_m66_d0.05_b_w35_seed3.txt,Set Covering,100,Relaxed,1000,false,min,6,0.06425,na,na,96660,142588,2001
set_covering_n100_m66_d0.05_b_w35_seed3.txt,Set Covering,100,Relaxed,2000,false,min,6,0.13776,na,na,186250,273557,4001
set_covering_n100_m66_d0.05_b_w35_seed3.txt,Set Covering,100,Relaxed,5000,false,min,6,0.45864,na,na,445572,661072,10001
set_covering_n100_m66_d0.05_b_w35_seed3.txt,Set Covering,100,Relaxed,10000,false,min,7,1.12407,na,na,857016,1269394,20001
set_covering_n100_m66_d0.5_b_w35_seed3.txt,Set Covering,100,Exact,99999,false,min,2,0.01640,na,na,25564,50595,531
set_covering_n100_m66_d0.05_b_w35_seed3.txt,Set Covering,100,Relaxed,20000,false,min,7,2.61431,na,na,1639227,2432960,40001
set_covering_n100_m66_d0.5_b_w35_seed3.txt,Set Covering,100,Restricted,500,false,min,2,0.01385,na,na,24867,49162,529
set_covering_n100_m66_d0.5_b_w35_seed3.txt,Set Covering,100,Restricted,1000,false,min,2,0.01626,na,na,25564,50595,531
set_covering_n100_m66_d0.5_b_w35_seed3.txt,Set Covering,100,Restricted,2000,false,min,2,0.01631,na,na,25564,50595,531
set_covering_n100_m66_d0.5_b_w35_seed3.txt,Set Covering,100,Restricted,5000,false,min,2,0.01614,na,na,25564,50595,531
set_covering_n100_m66_d0.5_b_w35_seed3.txt,Set Covering,100,Restricted,10000,false,min,2,0.01603,na,na,25564,50595,531
set_covering_n100_m66_d0.5_b_w35_seed3.txt,Set Covering,100,Restricted,20000,false,min,2,0.01622,na,na,25564,50595,531
set_covering_n100_m66_d0.5_b_w35_seed3.txt,Set Covering,100,Relaxed,500,false,min,2,0.01744,na,na,24867,49200,529
set_covering_n100_m66_d0.5_b_w35_seed3.txt,Set Covering,100,Relaxed,1000,false,min,2,0.01623,na,na,25564,50595,531
set_covering_n100_m66_d0.5_b_w35_seed3.txt,Set Covering,100,Relaxed,2000,false,min,2,0.01639,na,na,25564,50595,531
set_covering_n100_m66_d0.5_b_w35_seed3.txt,Set Covering,100,Relaxed,5000,false,min,2,0.01606,na,na,25564,50595,531
set_covering_n100_m66_d0.5_b_w35_seed3.txt,Set Covering,100,Relaxed,10000,false,min,2,0.01581,na,na,25564,50595,531
set_covering_n100_m66_d0.5_b_w35_seed3.txt,Set Covering,100,Relaxed,20000,false,min,2,0.01604,na,na,25564,50595,531
set_covering_n100_m66_d0.05_b_w35_seed4.txt,Set Covering,100,Restricted,500,false,min,22,0.02439,na,na,48982,53262,1000
set_covering_n100_m66_d0.05_b_w35_seed4.txt,Set Covering,100,Restricted,1000,false,min,23,0.04630,na,na,94259,102878,2000
set_covering_n100_m66_d0.05_b_w35_seed4.txt,Set Covering,100,Restricted,2000,false,min,22,0.10055,na,na,185149,203773,4000
set_covering_n100_m66_d0.05_b_w35_seed4.txt,Set Covering,100,Restricted,5000,false,min,21,0.32694,na,na,444389,488238,10000
set_covering_n100_m66_d0.05_b_w35_seed4.txt,Set Covering,100,Restricted,10000,false,min,21,0.86317,na,na,854462,955291,19999
set_covering_n100_m66_d0.05_b_w35_seed4.txt,Set Covering,100,Restricted,20000,false,min,20,2.22554,na,na,1651564,1867962,39994
set_covering_n100_m66_d0.05_b_w35_seed4.txt,Set Covering,100,Relaxed,500,false,min,4,0.02992,na,na,47505,70484,1001
set_covering_n100_m66_d0.05_b_w35_seed4.txt,Set Covering,100,Relaxed,1000,false,min,4,0.05876,na,na,94019,136544,2001
set_covering_n100_m66_d0.05_b_w35_seed4.txt,Set Covering,100,Relaxed,2000,false,min,5,0.13367,na,na,184478,268623,4001
set_covering_n100_m66_d0.05_b_w35_seed4.txt,Set Covering,100,Relaxed,5000,false,min,5,0.44796,na,na,444006,642106,10001
set_covering_n100_m66_d0.05_b_w35_seed4.txt,Set Covering,100,Relaxed,10000,false,min,5,1.12615,na,na,854585,1246559,20001
set_covering_n100_m66_d0.05_b_w35_seed4.txt,Set Covering,100,Relaxed,20000,false,min,6,2.69547,na,na,1652013,2426761,39995
set_covering_n100_m66_d0.5_b_w35_seed4.txt,Set Covering,100,Exact,99999,false,min,2,0.01616,na,na,25564,50595,531
set_covering_n100_m66_d0.5_b_w35_seed4.txt,Set Covering,100,Restricted,500,false,min,2,0.01380,na,na,24867,49162,529
set_covering_n100_m66_d0.5_b_w35_seed4.txt,Set Covering,100,Restricted,1000,false,min,2,0.01734,na,na,25564,50595,531
set_covering_n100_m66_d0.5_b_w35_seed4.txt,Set Covering,100,Restricted,2000,false,min,2,0.01638,na,na,25564,50595,531
set_covering_n100_m66_d0.5_b_w35_seed4.txt,Set Covering,100,Restricted,5000,false,min,2,0.01675,na,na,25564,50595,531
set_covering_n100_m66_d0.5_b_w35_seed4.txt,Set Covering,100,Restricted,10000,false,min,2,0.01609,na,na,25564,50595,531
set_covering_n100_m66_d0.5_b_w35_seed4.txt,Set Covering,100,Restricted,20000,false,min,2,0.01651,na,na,25564,50595,531
set_covering_n100_m66_d0.5_b_w35_seed4.txt,Set Covering,100,Relaxed,500,false,min,2,0.01756,na,na,24867,49200,529
set_covering_n100_m66_d0.5_b_w35_seed4.txt,Set Covering,100,Relaxed,1000,false,min,2,0.01616,na,na,25564,50595,531
set_covering_n100_m66_d0.5_b_w35_seed4.txt,Set Covering,100,Relaxed,2000,false,min,2,0.01618,na,na,25564,50595,531
set_covering_n100_m66_d0.5_b_w35_seed4.txt,Set Covering,100,Relaxed,5000,false,min,2,0.01627,na,na,25564,50595,531
set_covering_n100_m66_d0.5_b_w35_seed4.txt,Set Covering,100,Relaxed,10000,false,min,2,0.01802,na,na,25564,50595,531
set_covering_n100_m66_d0.5_b_w35_seed4.txt,Set Covering,100,Relaxed,20000,false,min,2,0.01806,na,na,25564,50595,531
set_covering_n100_m66_d0.15_b_w35_seed1.txt,Set Covering,100,Restricted,500,false,min,8,0.03247,na,na,61596,71161,1000
set_covering_n100_m66_d0.15_b_w35_seed1.txt,Set Covering,100,Restricted,1000,false,min,7,0.06431,na,na,121325,141218,2000
set_covering_n100_m66_d0.15_b_w35_seed1.txt,Set Covering,100,Restricted,2000,false,min,7,0.13594,na,na,235490,273571,3997
set_covering_n100_m66_d0.15_b_w35_seed1.txt,Set Covering,100,Restricted,5000,false,min,7,0.45646,na,na,544977,654546,9858
set_covering_n100_m66_d0.15_b_w35_seed1.txt,Set Covering,100,Restricted,10000,false,min,7,1.14354,na,na,1036419,1271641,19554
set_covering_n100_m66_d0.15_b_w35_seed1.txt,Set Covering,100,Restricted,20000,false,min,7,2.80213,na,na,1965110,2455851,38842
set_covering_n100_m66_d0.15_b_w35_seed1.txt,Set Covering,100,Relaxed,500,false,min,3,0.04202,na,na,61497,95704,998
set_covering_n100_m66_d0.15_b_w35_seed1.txt,Set Covering,100,Relaxed,1000,false,min,3,0.08351,na,na,121080,189291,1998
set_covering_n100_m66_d0.15_b_w35_seed1.txt,Set Covering,100,Relaxed,2000,false,min,3,0.18691,na,na,235298,367617,3995
set_covering_n100_m66_d0.15_b_w35_seed1.txt,Set Covering,100,Relaxed,5000,false,min,4,0.60938,na,na,545067,867134,9856
set_covering_n100_m66_d0.15_b_w35_seed1.txt,Set Covering,100,Relaxed,10000,false,min,4,1.48689,na,na,1035985,1670718,19561
set_covering_n100_m66_d0.15_b_w35_seed1.txt,Set Covering,100,Relaxed,20000,false,min,4,3.57774,na,na,1965072,3201758,38830
set_covering_n100_m66_d0.15_b_w35_seed2.txt,Set Covering,100,Restricted,500,false,min,9,0.03409,na,na,66393,71534,1000
set_covering_n100_m66_d0.15_b_w35_seed2.txt,Set Covering,100,Restricted,1000,false,min,8,0.06457,na,na,124333,137595,2000
set_covering_n100_m66_d0.15_b_w35_seed2.txt,Set Covering,100,Restricted,2000,false,min,8,0.13743,na,na,241021,268805,4000
set_covering_n100_m66_d0.15_b_w35_seed2.txt,Set Covering,100,Restricted,5000,false,min,8,0.45065,na,na,572342,644486,9987
set_covering_n100_m66_d0.15_b_w35_seed2.txt,Set Covering,100,Restricted,10000,false,min,8,1.17262,na,na,1096009,1244607,19904
set_covering_n100_m66_d0.15_b_w35_seed2.txt,Set Covering,100,Restricted,20000,false,min,8,2.90090,na,na,2066979,2404600,39619
set_covering_n100_m66_d0.15_b_w35_seed2.txt,Set Covering,100,Relaxed,500,false,min,2,0.04355,na,na,66385,100123,1001
set_covering_n100_m66_d0.15_b_w35_seed2.txt,Set Covering,100,Relaxed,1000,false,min,3,0.08446,na,na,124857,191049,2001
set_covering_n100_m66_d0.15_b_w35_seed2.txt,Set Covering,100,Relaxed,2000,false,min,3,0.18228,na,na,241229,370776,4001
set_covering_n100_m66_d0.15_b_w35_seed2.txt,Set Covering,100,Relaxed,5000,false,min,3,0.60011,na,na,572925,886513,9988
set_covering_n100_m66_d0.15_b_w35_seed2.txt,Set Covering,100,Relaxed,10000,false,min,3,1.45651,na,na,1096307,1705470,19900
set_covering_n100_m66_d0.15_b_w35_seed2.txt,Set Covering,100,Relaxed,20000,false,min,4,3.50641,na,na,2066026,3263249,39622
set_covering_n100_m66_d0.15_b_w35_seed3.txt,Set Covering,100,Restricted,500,false,min,10,0.03545,na,na,69660,75423,1000
set_covering_n100_m66_d0.15_b_w35_seed3.txt,Set Covering,100,Restricted,1000,false,min,10,0.06837,na,na,132995,146844,2000
set_covering_n100_m66_d0.15_b_w35_seed3.txt,Set Covering,100,Restricted,2000,false,min,8,0.14598,na,na,253780,287703,4000
set_covering_n100_m66_d0.15_b_w35_seed3.txt,Set Covering,100,Restricted,5000,false,min,8,0.49412,na,na,603860,697963,9993
set_covering_n100_m66_d0.15_b_w35_seed3.txt,Set Covering,100,Restricted,10000,false,min,8,1.19231,na,na,1135319,1343207,19949
set_covering_n100_m66_d0.15_b_w35_seed3.txt,Set Covering,100,Restricted,20000,false,min,7,2.76983,na,na,2089952,2525976,39667
set_covering_n100_m66_d0.15_b_w35_seed3.txt,Set Covering,100,Relaxed,500,false,min,2,0.04465,na,na,69527,105573,1000
set_covering_n100_m66_d0.15_b_w35_seed3.txt,Set Covering,100,Relaxed,1000,false,min,2,0.09054,na,na,133043,203394,1999
set_covering_n100_m66_d0.15_b_w35_seed3.txt,Set Covering,100,Relaxed,2000,false,min,3,0.19921,na,na,254004,393375,3999
set_covering_n100_m66_d0.15_b_w35_seed3.txt,Set Covering,100,Relaxed,5000,false,min,3,0.67743,na,na,603545,944391,9994
set_covering_n100_m66_d0.15_b_w35_seed3.txt,Set Covering,100,Relaxed,10000,false,min,3,1.58423,na,na,1134562,1791050,19949
set_covering_n100_m66_d0.15_b_w35_seed3.txt,Set Covering,100,Relaxed,20000,false,min,4,3.74807,na,na,2088271,3325301,39666
set_covering_n100_m66_d0.15_b_w35_seed4.txt,Set Covering,100,Restricted,500,false,min,9,0.03460,na,na,64026,72163,1000
set_covering_n100_m66_d0.15_b_w35_seed4.txt,Set Covering,100,Restricted,1000,false,min,8,0.06408,na,na,122118,138592,2000
set_covering_n100_m66_d0.15_b_w35_seed4.txt,Set Covering,100,Restricted,2000,false,min,8,0.13525,na,na,237606,273460,4000
set_covering_n100_m66_d0.15_b_w35_seed4.txt,Set Covering,100,Restricted,5000,false,min,8,0.46478,na,na,561939,653649,9995
set_covering_n100_m66_d0.15_b_w35_seed4.txt,Set Covering,100,Restricted,10000,false,min,8,1.13878,na,na,1045515,1238969,19923
set_covering_n100_m66_d0.15_b_w35_seed4.txt,Set Covering,100,Restricted,20000,false,min,7,2.76245,na,na,1936394,2348757,39671
set_covering_n100_m66_d0.15_b_w35_seed4.txt,Set Covering,100,Relaxed,500,false,min,2,0.04292,na,na,63530,97408,1001
set_covering_n100_m66_d0.15_b_w35_seed4.txt,Set Covering,100,Relaxed,1000,false,min,3,0.08261,na,na,121941,188040,2001
set_covering_n100_m66_d0.15_b_w35_seed4.txt,Set Covering,100,Relaxed,2000,false,min,3,0.18644,na,na,237893,369289,4000
set_covering_n100_m66_d0.15_b_w35_seed4.txt,Set Covering,100,Relaxed,5000,false,min,3,0.62285,na,na,562696,878412,9991
set_covering_n100_m66_d0.15_b_w35_seed4.txt,Set Covering,100,Relaxed,10000,false,min,4,1.49095,na,na,1045412,1649012,19912
set_covering_n100_m66_d0.15_b_w35_seed4.txt,Set Covering,100,Relaxed,20000,false,min,4,3.52494,na,na,1937075,3098407,39650
set_covering_n100_m66_d0.25_b_w35_seed1.txt,Set Covering,100,Exact,99999,false,min,4,4.77024,na,na,3643835,6960005,169124
set_covering_n100_m66_d0.25_b_w35_seed1.txt,Set Covering,100,Restricted,500,false,min,5,0.03150,na,na,57741,72658,983
set_covering_n100_m66_d0.25_b_w35_seed1.txt,Set Covering,100,Restricted,1000,false,min,4,0.05576,na,na,101613,137358,1809
set_covering_n100_m66_d0.25_b_w35_seed1.txt,Set Covering,100,Restricted,2000,false,min,4,0.10669,na,na,181793,255106,3530
set_covering_n100_m66_d0.25_b_w35_seed1.txt,Set Covering,100,Restricted,5000,false,min,4,0.32062,na,na,392228,576391,8386
set_covering_n100_m66_d0.25_b_w35_seed1.txt,Set Covering,100,Restricted,10000,false,min,4,0.66001,na,na,664116,1040714,15271
set_covering_n100_m66_d0.25_b_w35_seed1.txt,Set Covering,100,Restricted,20000,false,min,4,1.34271,na,na,1103073,1847078,27853
set_covering_n100_m66_d0.25_b_w35_seed1.txt,Set Covering,100,Relaxed,500,false,min,2,0.04132,na,na,57624,97014,982
set_covering_n100_m66_d0.25_b_w35_seed1.txt,Set Covering,100,Relaxed,1000,false,min,3,0.07483,na,na,101718,176860,1811
set_covering_n100_m66_d0.25_b_w35_seed1.txt,Set Covering,100,Relaxed,2000,false,min,3,0.14793,na,na,182181,324559,3534
set_covering_n100_m66_d0.25_b_w35_seed1.txt,Set Covering,100,Relaxed,5000,false,min,3,0.40976,na,na,392686,717724,8389
set_covering_n100_m66_d0.25_b_w35_seed1.txt,Set Covering,100,Relaxed,10000,false,min,4,0.84010,na,na,664116,1237655,15271
set_covering_n100_m66_d0.25_b_w35_seed1.txt,Set Covering,100,Relaxed,20000,false,min,4,1.68304,na,na,1103073,2081893,27853
set_covering_n100_m66_d0.25_b_w35_seed2.txt,Set Covering,100,Restricted,500,false,min,5,0.03025,na,na,57724,71948,995
set_covering_n100_m66_d0.25_b_w35_seed2.txt,Set Covering,100,Exact,99999,false,min,4,4.11859,na,na,3250155,6213828,128870
set_covering_n100_m66_d0.25_b_w35_seed2.txt,Set Covering,100,Restricted,1000,false,min,4,0.05753,na,na,104117,134792,1935
set_covering_n100_m66_d0.25_b_w35_seed2.txt,Set Covering,100,Restricted,2000,false,min,4,0.10633,na,na,182540,252273,3703
set_covering_n100_m66_d0.25_b_w35_seed2.txt,Set Covering,100,Restricted,5000,false,min,4,0.30363,na,na,385081,572301,8838
set_covering_n100_m66_d0.25_b_w35_seed2.txt,Set Covering,100,Restricted,10000,false,min,4,0.68601,na,na,673234,1053942,16414
set_covering_n100_m66_d0.25_b_w35_seed2.txt,Set Covering,100,Restricted,20000,false,min,4,1.34737,na,na,1116747,1874762,28544
set_covering_n100_m66_d0.25_b_w35_seed2.txt,Set Covering,100,Relaxed,500,false,min,2,0.04045,na,na,57787,95854,993
set_covering_n100_m66_d0.25_b_w35_seed2.txt,Set Covering,100,Relaxed,1000,false,min,3,0.07620,na,na,104080,176965,1935
set_covering_n100_m66_d0.25_b_w35_seed2.txt,Set Covering,100,Relaxed,2000,false,min,3,0.14873,na,na,182171,320094,3699
set_covering_n100_m66_d0.25_b_w35_seed2.txt,Set Covering,100,Relaxed,5000,false,min,3,0.41297,na,na,384846,701377,8831
set_covering_n100_m66_d0.25_b_w35_seed2.txt,Set Covering,100,Relaxed,10000,false,min,3,0.88446,na,na,673112,1257280,16414
set_covering_n100_m66_d0.25_b_w35_seed2.txt,Set Covering,100,Relaxed,20000,false,min,4,1.72269,na,na,1116747,2124274,28544
set_covering_n100_m66_d0.25_b_w35_seed3.txt,Set Covering,100,Restricted,500,false,min,4,0.03203,na,na,58336,74502,989
set_covering_n100_m66_d0.25_b_w35_seed3.txt,Set Covering,100,Exact,99999,false,min,4,4.00643,na,na,3288212,6301361,105217
set_covering_n100_m66_d0.25_b_w35_seed3.txt,Set Covering,100,Restricted,1000,false,min,4,0.06017,na,na,105829,140812,1860
set_covering_n100_m66_d0.25_b_w35_seed3.txt,Set Covering,100,Restricted,2000,false,min,4,0.11017,na,na,188117,265417,3570
set_covering_n100_m66_d0.25_b_w35_seed3.txt,Set Covering,100,Restricted,5000,false,min,4,0.32257,na,na,405250,612152,8563
set_covering_n100_m66_d0.25_b_w35_seed3.txt,Set Covering,100,Restricted,10000,false,min,4,0.75259,na,na,713131,1131278,15333
set_covering_n100_m66_d0.25_b_w35_seed3.txt,Set Covering,100,Restricted,20000,false,min,4,1.44138,na,na,1202264,2052031,27317
set_covering_n100_m66_d0.25_b_w35_seed3.txt,Set Covering,100,Relaxed,500,false,min,2,0.04131,na,na,58228,97532,988
set_covering_n100_m66_d0.25_b_w35_seed3.txt,Set Covering,100,Relaxed,1000,false,min,3,0.07797,na,na,105863,182072,1865
set_covering_n100_m66_d0.25_b_w35_seed3.txt,Set Covering,100,Relaxed,2000,false,min,3,0.15354,na,na,188367,333950,3570
set_covering_n100_m66_d0.25_b_w35_seed3.txt,Set Covering,100,Relaxed,5000,false,min,3,0.45010,na,na,405370,744195,8561
set_covering_n100_m66_d0.25_b_w35_seed3.txt,Set Covering,100,Relaxed,10000,false,min,4,0.98772,na,na,713186,1341095,15326
set_covering_n100_m66_d0.25_b_w35_seed3.txt,Set Covering,100,Relaxed,20000,false,min,4,1.94817,na,na,1202212,2306200,27308
set_covering_n100_m66_d0.25_b_w35_seed4.txt,Set Covering,100,Restricted,500,false,min,5,0.03207,na,na,58079,73902,979
set_covering_n100_m66_d0.25_b_w35_seed4.txt,Set Covering,100,Exact,99999,false,min,4,3.05842,na,na,2424002,4636974,108930
set_covering_n100_m66_d0.25_b_w35_seed4.txt,Set Covering,100,Restricted,1000,false,min,4,0.05596,na,na,102619,138665,1889
set_covering_n100_m66_d0.25_b_w35_seed4.txt,Set Covering,100,Restricted,2000,false,min,4,0.10716,na,na,181837,259592,3581
set_covering_n100_m66_d0.25_b_w35_seed4.txt,Set Covering,100,Restricted,5000,false,min,4,0.30740,na,na,383654,586185,8609
set_covering_n100_m66_d0.25_b_w35_seed4.txt,Set Covering,100,Restricted,10000,false,min,4,0.68253,na,na,654048,1065964,15631
set_covering_n100_m66_d0.25_b_w35_seed4.txt,Set Covering,100,Restricted,20000,false,min,4,1.19465,na,na,1046684,1817096,27876
set_covering_n100_m66_d0.25_b_w35_seed4.txt,Set Covering,100,Relaxed,500,false,min,2,0.04064,na,na,58039,97851,978
set_covering_n100_m66_d0.25_b_w35_seed4.txt,Set Covering,100,Relaxed,1000,false,min,3,0.07604,na,na,102620,178152,1888
set_covering_n100_m66_d0.25_b_w35_seed4.txt,Set Covering,100,Relaxed,2000,false,min,3,0.14777,na,na,181671,323414,3566
set_covering_n100_m66_d0.25_b_w35_seed4.txt,Set Covering,100,Relaxed,5000,false,min,3,0.42769,na,na,383805,702093,8607
set_covering_n100_m66_d0.25_b_w35_seed4.txt,Set Covering,100,Relaxed,10000,false,min,4,0.89148,na,na,654048,1222415,15631
set_covering_n100_m66_d0.25_b_w35_seed4.txt,Set Covering,100,Relaxed,20000,false,min,4,1.55560,na,na,1046684,1977694,27876
set_covering_n100_m66_d0.35_b_w35_seed1.txt,Set Covering,100,Exact,99999,false,min,2,0.01624,na,na,25564,50595,531
set_covering_n100_m66_d0.35_b_w35_seed1.txt,Set Covering,100,Restricted,500,false,min,2,0.01378,na,na,24867,49162,529
set_covering_n100_m66_d0.35_b_w35_seed1.txt,Set Covering,100,Restricted,1000,false,min,2,0.01629,na,na,25564,50595,531
set_covering_n100_m66_d0.35_b_w35_seed1.txt,Set Covering,100,Restricted,2000,false,min,2,0.01642,na,na,25564,50595,531
set_covering_n100_m66_d0.35_b_w35_seed1.txt,Set Covering,100,Restricted,5000,false,min,2,0.01630,na,na,25564,50595,531
set_covering_n100_m66_d0.35_b_w35_seed1.txt,Set Covering,100,Restricted,10000,false,min,2,0.01633,na,na,25564,50595,531
set_covering_n100_m66_d0.35_b_w35_seed1.txt,Set Covering,100,Restricted,20000,false,min,2,0.01632,na,na,25564,50595,531
set_covering_n100_m66_d0.35_b_w35_seed1.txt,Set Covering,100,Relaxed,500,false,min,2,0.01788,na,na,24867,49200,529
set_covering_n100_m66_d0.35_b_w35_seed1.txt,Set Covering,100,Relaxed,1000,false,min,2,0.01631,na,na,25564,50595,531
set_covering_n100_m66_d0.35_b_w35_seed1.txt,Set Covering,100,Relaxed,2000,false,min,2,0.01566,na,na,25564,50595,531
set_covering_n100_m66_d0.35_b_w35_seed1.txt,Set Covering,100,Relaxed,5000,false,min,2,0.01617,na,na,25564,50595,531
set_covering_n100_m66_d0.35_b_w35_seed1.txt,Set Covering,100,Relaxed,10000,false,min,2,0.01631,na,na,25564,50595,531
set_covering_n100_m66_d0.35_b_w35_seed1.txt,Set Covering,100,Relaxed,20000,false,min,2,0.01614,na,na,25564,50595,531
set_covering_n100_m66_d0.35_b_w35_seed2.txt,Set Covering,100,Exact,99999,false,min,2,0.01603,na,na,25564,50595,531
set_covering_n100_m66_d0.35_b_w35_seed2.txt,Set Covering,100,Restricted,500,false,min,2,0.01330,na,na,24867,49162,529
set_covering_n100_m66_d0.35_b_w35_seed2.txt,Set Covering,100,Restricted,1000,false,min,2,0.01603,na,na,25564,50595,531
set_covering_n100_m66_d0.35_b_w35_seed2.txt,Set Covering,100,Restricted,2000,false,min,2,0.01598,na,na,25564,50595,531
set_covering_n100_m66_d0.35_b_w35_seed2.txt,Set Covering,100,Restricted,5000,false,min,2,0.01614,na,na,25564,50595,531
set_covering_n100_m66_d0.35_b_w35_seed2.txt,Set Covering,100,Restricted,10000,false,min,2,0.01619,na,na,25564,50595,531
set_covering_n100_m66_d0.35_b_w35_seed2.txt,Set Covering,100,Restricted,20000,false,min,2,0.01635,na,na,25564,50595,531
set_covering_n100_m66_d0.35_b_w35_seed2.txt,Set Covering,100,Relaxed,500,false,min,2,0.01738,na,na,24867,49200,529
set_covering_n100_m66_d0.35_b_w35_seed2.txt,Set Covering,100,Relaxed,1000,false,min,2,0.01621,na,na,25564,50595,531
set_covering_n100_m66_d0.35_b_w35_seed2.txt,Set Covering,100,Relaxed,2000,false,min,2,0.01611,na,na,25564,50595,531
set_covering_n100_m66_d0.35_b_w35_seed2.txt,Set Covering,100,Relaxed,5000,false,min,2,0.01622,na,na,25564,50595,531
set_covering_n100_m66_d0.35_b_w35_seed2.txt,Set Covering,100,Relaxed,10000,false,min,2,0.01606,na,na,25564,50595,531
set_covering_n100_m66_d0.35_b_w35_seed2.txt,Set Covering,100,Relaxed,20000,false,min,2,0.01601,na,na,25564,50595,531
set_covering_n100_m66_d0.35_b_w35_seed3.txt,Set Covering,100,Exact,99999,false,min,2,0.01617,na,na,25564,50595,531
set_covering_n100_m66_d0.35_b_w35_seed3.txt,Set Covering,100,Restricted,500,false,min,2,0.01324,na,na,24867,49162,529
set_covering_n100_m66_d0.35_b_w35_seed3.txt,Set Covering,100,Restricted,1000,false,min,2,0.01575,na,na,25564,50595,531
set_covering_n100_m66_d0.35_b_w35_seed3.txt,Set Covering,100,Restricted,2000,false,min,2,0.01644,na,na,25564,50595,531
set_covering_n100_m66_d0.35_b_w35_seed3.txt,Set Covering,100,Restricted,5000,false,min,2,0.01630,na,na,25564,50595,531
set_covering_n100_m66_d0.35_b_w35_seed3.txt,Set Covering,100,Restricted,10000,false,min,2,0.01610,na,na,25564,50595,531
set_covering_n100_m66_d0.35_b_w35_seed3.txt,Set Covering,100,Restricted,20000,false,min,2,0.01581,na,na,25564,50595,531
set_covering_n100_m66_d0.35_b_w35_seed3.txt,Set Covering,100,Relaxed,500,false,min,2,0.01731,na,na,24867,49200,529
set_covering_n100_m66_d0.35_b_w35_seed3.txt,Set Covering,100,Relaxed,1000,false,min,2,0.01611,na,na,25564,50595,531
set_covering_n100_m66_d0.35_b_w35_seed3.txt,Set Covering,100,Relaxed,2000,false,min,2,0.01619,na,na,25564,50595,531
set_covering_n100_m66_d0.35_b_w35_seed3.txt,Set Covering,100,Relaxed,5000,false,min,2,0.01661,na,na,25564,50595,531
set_covering_n100_m66_d0.35_b_w35_seed3.txt,Set Covering,100,Relaxed,10000,false,min,2,0.01627,na,na,25564,50595,531
set_covering_n100_m66_d0.35_b_w35_seed3.txt,Set Covering,100,Relaxed,20000,false,min,2,0.01671,na,na,25564,50595,531
set_covering_n100_m66_d0.35_b_w35_seed4.txt,Set Covering,100,Exact,99999,false,min,2,0.01637,na,na,25564,50595,531
set_covering_n100_m66_d0.35_b_w35_seed4.txt,Set Covering,100,Restricted,500,false,min,2,0.01371,na,na,24867,49162,529
set_covering_n100_m66_d0.35_b_w35_seed4.txt,Set Covering,100,Restricted,1000,false,min,2,0.01642,na,na,25564,50595,531
set_covering_n100_m66_d0.35_b_w35_seed4.txt,Set Covering,100,Restricted,2000,false,min,2,0.01665,na,na,25564,50595,531
set_covering_n100_m66_d0.35_b_w35_seed4.txt,Set Covering,100,Restricted,5000,false,min,2,0.01618,na,na,25564,50595,531
set_covering_n100_m66_d0.35_b_w35_seed4.txt,Set Covering,100,Restricted,10000,false,min,2,0.01643,na,na,25564,50595,531
set_covering_n100_m66_d0.35_b_w35_seed4.txt,Set Covering,100,Restricted,20000,false,min,2,0.01637,na,na,25564,50595,531
set_covering_n100_m66_d0.35_b_w35_seed4.txt,Set Covering,100,Relaxed,500,false,min,2,0.01776,na,na,24867,49200,529
set_covering_n100_m66_d0.35_b_w35_seed4.txt,Set Covering,100,Relaxed,1000,false,min,2,0.01628,na,na,25564,50595,531
set_covering_n100_m66_d0.35_b_w35_seed4.txt,Set Covering,100,Relaxed,2000,false,min,2,0.01604,na,na,25564,50595,531
set_covering_n100_m66_d0.35_b_w35_seed4.txt,Set Covering,100,Relaxed,5000,false,min,2,0.01632,na,na,25564,50595,531
set_covering_n100_m66_d0.35_b_w35_seed4.txt,Set Covering,100,Relaxed,10000,false,min,2,0.01612,na,na,25564,50595,531
set_covering_n100_m66_d0.35_b_w35_seed4.txt,Set Covering,100,Relaxed,20000,false,min,2,0.01607,na,na,25564,50595,531
set_covering_n100_m66_d0.45_b_w35_seed1.txt,Set Covering,100,Exact,99999,false,min,2,0.01618,na,na,25564,50595,531
set_covering_n100_m66_d0.45_b_w35_seed1.txt,Set Covering,100,Restricted,500,false,min,2,0.01398,na,na,24867,49162,529
set_covering_n100_m66_d0.45_b_w35_seed1.txt,Set Covering,100,Restricted,1000,false,min,2,0.01627,na,na,25564,50595,531
set_covering_n100_m66_d0.45_b_w35_seed1.txt,Set Covering,100,Restricted,2000,false,min,2,0.01617,na,na,25564,50595,531
set_covering_n100_m66_d0.45_b_w35_seed1.txt,Set Covering,100,Restricted,5000,false,min,2,0.01617,na,na,25564,50595,531
set_covering_n100_m66_d0.45_b_w35_seed1.txt,Set Covering,100,Restricted,10000,false,min,2,0.01590,na,na,25564,50595,531
set_covering_n100_m66_d0.45_b_w35_seed1.txt,Set Covering,100,Restricted,20000,false,min,2,0.01613,na,na,25564,50595,531
set_covering_n100_m66_d0.45_b_w35_seed1.txt,Set Covering,100,Relaxed,500,false,min,2,0.01756,na,na,24867,49200,529
set_covering_n100_m66_d0.45_b_w35_seed1.txt,Set Covering,100,Relaxed,1000,false,min,2,0.01618,na,na,25564,50595,531
set_covering_n100_m66_d0.45_b_w35_seed1.txt,Set Covering,100,Relaxed,2000,false,min,2,0.01639,na,na,25564,50595,531
set_covering_n100_m66_d0.45_b_w35_seed1.txt,Set Covering,100,Relaxed,5000,false,min,2,0.01611,na,na,25564,50595,531
set_covering_n100_m66_d0.45_b_w35_seed1.txt,Set Covering,100,Relaxed,10000,false,min,2,0.01614,na,na,25564,50595,531
set_covering_n100_m66_d0.45_b_w35_seed1.txt,Set Covering,100,Relaxed,20000,false,min,2,0.01625,na,na,25564,50595,531
set_covering_n100_m66_d0.45_b_w35_seed2.txt,Set Covering,100,Exact,99999,false,min,2,0.01624,na,na,25564,50595,531
set_covering_n100_m66_d0.45_b_w35_seed2.txt,Set Covering,100,Restricted,500,false,min,2,0.01372,na,na,24867,49162,529
set_covering_n100_m66_d0.45_b_w35_seed2.txt,Set Covering,100,Restricted,1000,false,min,2,0.01597,na,na,25564,50595,531
set_covering_n100_m66_d0.45_b_w35_seed2.txt,Set Covering,100,Restricted,2000,false,min,2,0.01628,na,na,25564,50595,531
set_covering_n100_m66_d0.45_b_w35_seed2.txt,Set Covering,100,Restricted,5000,false,min,2,0.01640,na,na,25564,50595,531
set_covering_n100_m66_d0.45_b_w35_seed2.txt,Set Covering,100,Restricted,10000,false,min,2,0.01642,na,na,25564,50595,531
set_covering_n100_m66_d0.45_b_w35_seed2.txt,Set Covering,100,Restricted,20000,false,min,2,0.01629,na,na,25564,50595,531
set_covering_n100_m66_d0.45_b_w35_seed2.txt,Set Covering,100,Relaxed,500,false,min,2,0.01773,na,na,24867,49200,529
set_covering_n100_m66_d0.45_b_w35_seed2.txt,Set Covering,100,Relaxed,1000,false,min,2,0.01836,na,na,25564,50595,531
set_covering_n100_m66_d0.45_b_w35_seed2.txt,Set Covering,100,Relaxed,2000,false,min,2,0.01633,na,na,25564,50595,531
set_covering_n100_m66_d0.45_b_w35_seed2.txt,Set Covering,100,Relaxed,5000,false,min,2,0.01649,na,na,25564,50595,531
set_covering_n100_m66_d0.45_b_w35_seed2.txt,Set Covering,100,Relaxed,10000,false,min,2,0.01631,na,na,25564,50595,531
set_covering_n100_m66_d0.45_b_w35_seed2.txt,Set Covering,100,Relaxed,20000,false,min,2,0.01641,na,na,25564,50595,531
set_covering_n100_m66_d0.45_b_w35_seed3.txt,Set Covering,100,Exact,99999,false,min,2,0.01651,na,na,25564,50595,531
set_covering_n100_m66_d0.45_b_w35_seed3.txt,Set Covering,100,Restricted,500,false,min,2,0.01380,na,na,24867,49162,529
set_covering_n100_m66_d0.45_b_w35_seed3.txt,Set Covering,100,Restricted,1000,false,min,2,0.01589,na,na,25564,50595,531
set_covering_n100_m66_d0.45_b_w35_seed3.txt,Set Covering,100,Restricted,2000,false,min,2,0.01599,na,na,25564,50595,531
set_covering_n100_m66_d0.45_b_w35_seed3.txt,Set Covering,100,Restricted,5000,false,min,2,0.01572,na,na,25564,50595,531
set_covering_n100_m66_d0.45_b_w35_seed3.txt,Set Covering,100,Restricted,10000,false,min,2,0.01596,na,na,25564,50595,531
set_covering_n100_m66_d0.45_b_w35_seed3.txt,Set Covering,100,Restricted,20000,false,min,2,0.01617,na,na,25564,50595,531
set_covering_n100_m66_d0.45_b_w35_seed3.txt,Set Covering,100,Relaxed,500,false,min,2,0.01715,na,na,24867,49200,529
set_covering_n100_m66_d0.45_b_w35_seed3.txt,Set Covering,100,Relaxed,1000,false,min,2,0.01580,na,na,25564,50595,531
set_covering_n100_m66_d0.45_b_w35_seed3.txt,Set Covering,100,Relaxed,2000,false,min,2,0.01625,na,na,25564,50595,531
set_covering_n100_m66_d0.45_b_w35_seed3.txt,Set Covering,100,Relaxed,5000,false,min,2,0.01569,na,na,25564,50595,531
set_covering_n100_m66_d0.45_b_w35_seed3.txt,Set Covering,100,Relaxed,10000,false,min,2,0.01574,na,na,25564,50595,531
set_covering_n100_m66_d0.45_b_w35_seed3.txt,Set Covering,100,Relaxed,20000,false,min,2,0.01587,na,na,25564,50595,531
set_covering_n100_m66_d0.45_b_w35_seed4.txt,Set Covering,100,Exact,99999,false,min,2,0.01639,na,na,25564,50595,531
set_covering_n100_m66_d0.45_b_w35_seed4.txt,Set Covering,100,Restricted,500,false,min,2,0.01364,na,na,24867,49162,529
set_covering_n100_m66_d0.45_b_w35_seed4.txt,Set Covering,100,Restricted,1000,false,min,2,0.01617,na,na,25564,50595,531
set_covering_n100_m66_d0.45_b_w35_seed4.txt,Set Covering,100,Restricted,2000,false,min,2,0.01634,na,na,25564,50595,531
set_covering_n100_m66_d0.45_b_w35_seed4.txt,Set Covering,100,Restricted,5000,false,min,2,0.01638,na,na,25564,50595,531
set_covering_n100_m66_d0.45_b_w35_seed4.txt,Set Covering,100,Restricted,10000,false,min,2,0.01615,na,na,25564,50595,531
set_covering_n100_m66_d0.45_b_w35_seed4.txt,Set Covering,100,Restricted,20000,false,min,2,0.01611,na,na,25564,50595,531
set_covering_n100_m66_d0.45_b_w35_seed4.txt,Set Covering,100,Relaxed,500,false,min,2,0.01731,na,na,24867,49200,529
set_covering_n100_m66_d0.45_b_w35_seed4.txt,Set Covering,100,Relaxed,1000,false,min,2,0.01537,na,na,25564,50595,531
set_covering_n100_m66_d0.45_b_w35_seed4.txt,Set Covering,100,Relaxed,2000,false,min,2,0.01602,na,na,25564,50595,531
set_covering_n100_m66_d0.45_b_w35_seed4.txt,Set Covering,100,Relaxed,5000,false,min,2,0.01572,na,na,25564,50595,531
set_covering_n100_m66_d0.45_b_w35_seed4.txt,Set Covering,100,Relaxed,10000,false,min,2,0.01600,na,na,25564,50595,531
set_covering_n100_m66_d0.45_b_w35_seed4.txt,Set Covering,100,Relaxed,20000,false,min,2,0.01626,na,na,25564,50595,531
set_covering_n100_m69_d0.1_b_w32_seed1.txt,Set Covering,100,Restricted,500,false,min,15,0.03141,na,na,61706,65005,1000
set_covering_n100_m69_d0.1_b_w32_seed1.txt,Set Covering,100,Restricted,1000,false,min,14,0.06364,na,na,120238,127658,2000
set_covering_n100_m69_d0.1_b_w32_seed1.txt,Set Covering,100,Restricted,2000,false,min,14,0.12792,na,na,234412,248551,4000
set_covering_n100_m69_d0.1_b_w32_seed1.txt,Set Covering,100,Restricted,5000,false,min,13,0.44531,na,na,562036,599320,10000
set_covering_n100_m69_d0.1_b_w32_seed1.txt,Set Covering,100,Restricted,10000,false,min,12,1.17123,na,na,1086059,1181712,20000
set_covering_n100_m69_d0.1_b_w32_seed1.txt,Set Covering,100,Relaxed,500,false,min,2,0.04211,na,na,61632,90694,1001
set_covering_n100_m69_d0.1_b_w32_seed1.txt,Set Covering,100,Relaxed,1000,false,min,3,0.07887,na,na,119845,177957,2001
set_covering_n100_m69_d0.1_b_w32_seed1.txt,Set Covering,100,Restricted,20000,false,min,12,2.86983,na,na,2098733,2306158,39992
set_covering_n100_m69_d0.1_b_w32_seed1.txt,Set Covering,100,Relaxed,2000,false,min,3,0.17513,na,na,234256,346556,4001
set_covering_n100_m69_d0.1_b_w32_seed1.txt,Set Covering,100,Relaxed,5000,false,min,3,0.57466,na,na,562085,833110,9998
set_covering_n100_m69_d0.1_b_w32_seed1.txt,Set Covering,100,Relaxed,10000,false,min,4,1.43962,na,na,1086085,1629473,19998
set_covering_n100_m69_d0.1_b_w32_seed2.txt,Set Covering,100,Restricted,500,false,min,14,0.03150,na,na,61510,66568,1000
set_covering_n100_m69_d0.1_b_w32_seed1.txt,Set Covering,100,Relaxed,20000,false,min,4,3.45223,na,na,2098437,3167694,39989
set_covering_n100_m69_d0.1_b_w32_seed2.txt,Set Covering,100,Restricted,1000,false,min,14,0.05996,na,na,117874,127310,2000
set_covering_n100_m69_d0.1_b_w32_seed2.txt,Set Covering,100,Restricted,2000,false,min,13,0.13009,na,na,233586,253077,4000
set_covering_n100_m69_d0.1_b_w32_seed2.txt,Set Covering,100,Restricted,5000,false,min,13,0.46231,na,na,558129,606130,10000
set_covering_n100_m69_d0.1_b_w32_seed2.txt,Set Covering,100,Restricted,10000,false,min,13,1.14567,na,na,1079262,1179747,19993
set_covering_n100_m69_d0.1_b_w32_seed2.txt,Set Covering,100,Relaxed,500,false,min,2,0.04058,na,na,61272,91335,1001
set_covering_n100_m69_d0.1_b_w32_seed2.txt,Set Covering,100,Restricted,20000,false,min,12,2.87075,na,na,2066913,2299627,39969
set_covering_n100_m69_d0.1_b_w32_seed2.txt,Set Covering,100,Relaxed,1000,false,min,3,0.07768,na,na,117525,174929,2001
set_covering_n100_m69_d0.1_b_w32_seed2.txt,Set Covering,100,Relaxed,2000,false,min,3,0.17773,na,na,233419,348339,4001
set_covering_n100_m69_d0.1_b_w32_seed2.txt,Set Covering,100,Relaxed,5000,false,min,3,0.58864,na,na,558254,833836,10001
set_covering_n100_m69_d0.1_b_w32_seed2.txt,Set Covering,100,Relaxed,10000,false,min,3,1.43423,na,na,1079827,1617961,19992
set_covering_n100_m69_d0.1_b_w32_seed3.txt,Set Covering,100,Restricted,500,false,min,13,0.03212,na,na,62420,67669,1000
set_covering_n100_m69_d0.1_b_w32_seed2.txt,Set Covering,100,Relaxed,20000,false,min,4,3.55341,na,na,2066747,3127560,39970
set_covering_n100_m69_d0.1_b_w32_seed3.txt,Set Covering,100,Restricted,1000,false,min,13,0.06164,na,na,121310,132034,2000
set_covering_n100_m69_d0.1_b_w32_seed3.txt,Set Covering,100,Restricted,2000,false,min,13,0.13191,na,na,234531,255366,4000
set_covering_n100_m69_d0.1_b_w32_seed3.txt,Set Covering,100,Restricted,5000,false,min,13,0.46573,na,na,570467,629459,10000
set_covering_n100_m69_d0.1_b_w32_seed3.txt,Set Covering,100,Restricted,10000,false,min,11,1.19803,na,na,1100760,1232086,19995
set_covering_n100_m69_d0.1_b_w32_seed3.txt,Set Covering,100,Relaxed,500,false,min,3,0.04111,na,na,62060,93113,1001
set_covering_n100_m69_d0.1_b_w32_seed3.txt,Set Covering,100,Restricted,20000,false,min,11,2.92801,na,na,2112546,2376630,39981
set_covering_n100_m69_d0.1_b_w32_seed3.txt,Set Covering,100,Relaxed,1000,false,min,3,0.08066,na,na,121167,181119,2001
set_covering_n100_m69_d0.1_b_w32_seed3.txt,Set Covering,100,Relaxed,2000,false,min,3,0.17294,na,na,234027,350338,4001
set_covering_n100_m69_d0.1_b_w32_seed3.txt,Set Covering,100,Relaxed,5000,false,min,3,0.58997,na,na,570664,859871,9998
set_covering_n100_m69_d0.1_b_w32_seed3.txt,Set Covering,100,Relaxed,10000,false,min,4,1.48098,na,na,1100835,1672931,19993
set_covering_n100_m69_d0.1_b_w32_seed3.txt,Set Covering,100,Relaxed,20000,false,min,4,3.58850,na,na,2112259,3223783,39979
set_covering_n100_m69_d0.1_b_w32_seed4.txt,Set Covering,100,Restricted,500,false,min,14,0.03143,na,na,61377,65916,1000
set_covering_n100_m69_d0.1_b_w32_seed4.txt,Set Covering,100,Restricted,1000,false,min,13,0.06031,na,na,117182,126854,2000
set_covering_n100_m69_d0.1_b_w32_seed4.txt,Set Covering,100,Restricted,2000,false,min,13,0.13250,na,na,230253,248800,4000
set_covering_n100_m69_d0.1_b_w32_seed4.txt,Set Covering,100,Restricted,5000,false,min,13,0.42933,na,na,559384,608877,10000
set_covering_n100_m69_d0.1_b_w32_seed4.txt,Set Covering,100,Restricted,10000,false,min,13,1.12583,na,na,1078982,1180050,19992
set_covering_n100_m69_d0.1_b_w32_seed4.txt,Set Covering,100,Restricted,20000,false,min,12,2.63132,na,na,2070751,2282000,39974
set_covering_n100_m69_d0.1_b_w32_seed4.txt,Set Covering,100,Relaxed,500,false,min,2,0.04018,na,na,61276,91050,1001
set_covering_n100_m69_d0.1_b_w32_seed4.txt,Set Covering,100,Relaxed,1000,false,min,3,0.07820,na,na,118096,176200,2001
set_covering_n100_m69_d0.1_b_w32_seed4.txt,Set Covering,100,Relaxed,2000,false,min,3,0.16973,na,na,230156,343592,3999
set_covering_n100_m69_d0.1_b_w32_seed4.txt,Set Covering,100,Relaxed,5000,false,min,3,0.56087,na,na,558463,836245,9999
set_covering_n100_m69_d0.1_b_w32_seed4.txt,Set Covering,100,Relaxed,10000,false,min,4,1.40057,na,na,1078909,1615052,19991
set_covering_n100_m69_d0.1_b_w32_seed4.txt,Set Covering,100,Relaxed,20000,false,min,4,3.45564,na,na,2069274,3115876,39968
set_covering_n100_m69_d0.2_b_w32_seed1.txt,Set Covering,100,Exact,99999,false,min,5,29.22054,na,na,18214043,34064181,977803
set_covering_n100_m69_d0.2_b_w32_seed1.txt,Set Covering,100,Restricted,500,false,min,6,0.03291,na,na,63198,74368,1000
set_covering_n100_m69_d0.2_b_w32_seed1.txt,Set Covering,100,Restricted,1000,false,min,6,0.06337,na,na,118049,143639,1989
set_covering_n100_m69_d0.2_b_w32_seed1.txt,Set Covering,100,Restricted,2000,false,min,6,0.12992,na,na,221667,277474,3945
set_covering_n100_m69_d0.2_b_w32_seed1.txt,Set Covering,100,Restricted,5000,false,min,6,0.39529,na,na,495926,643237,9695
set_covering_n100_m69_d0.2_b_w32_seed1.txt,Set Covering,100,Restricted,10000,false,min,6,0.96122,na,na,892836,1201254,18826
set_covering_n100_m69_d0.2_b_w32_seed1.txt,Set Covering,100,Restricted,20000,false,min,6,2.08947,na,na,1564631,2215331,36310
set_covering_n100_m69_d0.2_b_w32_seed1.txt,Set Covering,100,Relaxed,500,false,min,2,0.04438,na,na,63102,100992,999
set_covering_n100_m69_d0.2_b_w32_seed1.txt,Set Covering,100,Relaxed,1000,false,min,3,0.08582,na,na,117820,192181,1986
set_covering_n100_m69_d0.2_b_w32_seed1.txt,Set Covering,100,Relaxed,2000,false,min,3,0.18387,na,na,221560,365863,3940
set_covering_n100_m69_d0.2_b_w32_seed1.txt,Set Covering,100,Relaxed,5000,false,min,3,0.55448,na,na,495803,837832,9698
set_covering_n100_m69_d0.2_b_w32_seed1.txt,Set Covering,100,Relaxed,10000,false,min,3,1.22188,na,na,892861,1543875,18821
set_covering_n100_m69_d0.2_b_w32_seed1.txt,Set Covering,100,Relaxed,20000,false,min,4,2.55629,na,na,1564806,2764576,36324
set_covering_n100_m69_d0.2_b_w32_seed2.txt,Set Covering,100,Exact,99999,false,min,5,48.67444,na,na,28603177,53005427,2135156
set_covering_n100_m69_d0.2_b_w32_seed2.txt,Set Covering,100,Restricted,500,false,min,5,0.03420,na,na,64266,75976,998
set_covering_n100_m69_d0.2_b_w32_seed2.txt,Set Covering,100,Restricted,1000,false,min,5,0.06624,na,na,120358,148382,1969
set_covering_n100_m69_d0.2_b_w32_seed2.txt,Set Covering,100,Restricted,2000,false,min,5,0.13291,na,na,227614,287314,3909
set_covering_n100_m69_d0.2_b_w32_seed2.txt,Set Covering,100,Restricted,5000,false,min,5,0.40931,na,na,517344,672223,9672
set_covering_n100_m69_d0.2_b_w32_seed2.txt,Set Covering,100,Restricted,10000,false,min,5,0.93346,na,na,916828,1218287,18874
set_covering_n100_m69_d0.2_b_w32_seed2.txt,Set Covering,100,Restricted,20000,false,min,5,2.08149,na,na,1600927,2197709,36960
set_covering_n100_m69_d0.2_b_w32_seed2.txt,Set Covering,100,Relaxed,500,false,min,2,0.04472,na,na,64090,102023,999
set_covering_n100_m69_d0.2_b_w32_seed2.txt,Set Covering,100,Relaxed,1000,false,min,3,0.08627,na,na,120170,195406,1970
set_covering_n100_m69_d0.2_b_w32_seed2.txt,Set Covering,100,Relaxed,2000,false,min,3,0.18492,na,na,227381,374711,3905
set_covering_n100_m69_d0.2_b_w32_seed2.txt,Set Covering,100,Relaxed,5000,false,min,3,0.54106,na,na,517021,866297,9672
set_covering_n100_m69_d0.2_b_w32_seed2.txt,Set Covering,100,Relaxed,10000,false,min,3,1.16959,na,na,916607,1552026,18867
set_covering_n100_m69_d0.2_b_w32_seed2.txt,Set Covering,100,Relaxed,20000,false,min,4,2.55753,na,na,1600740,2758880,36947
set_covering_n100_m69_d0.2_b_w32_seed3.txt,Set Covering,100,Exact,99999,false,min,5,49.24019,na,na,28455871,53405966,1835822
set_covering_n100_m69_d0.2_b_w32_seed3.txt,Set Covering,100,Restricted,500,false,min,7,0.03407,na,na,65386,75526,1000
set_covering_n100_m69_d0.2_b_w32_seed3.txt,Set Covering,100,Restricted,1000,false,min,7,0.06660,na,na,123580,146365,1995
set_covering_n100_m69_d0.2_b_w32_seed3.txt,Set Covering,100,Restricted,2000,false,min,6,0.13060,na,na,230074,281392,3959
set_covering_n100_m69_d0.2_b_w32_seed3.txt,Set Covering,100,Restricted,5000,false,min,6,0.38048,na,na,518095,656279,9781
set_covering_n100_m69_d0.2_b_w32_seed3.txt,Set Covering,100,Restricted,10000,false,min,6,0.89042,na,na,923566,1186041,19215
set_covering_n100_m69_d0.2_b_w32_seed3.txt,Set Covering,100,Restricted,20000,false,min,6,2.07133,na,na,1602600,2137422,36549
set_covering_n100_m69_d0.2_b_w32_seed3.txt,Set Covering,100,Relaxed,500,false,min,2,0.04549,na,na,65307,102675,999
set_covering_n100_m69_d0.2_b_w32_seed3.txt,Set Covering,100,Relaxed,1000,false,min,3,0.08457,na,na,123144,195403,1992
set_covering_n100_m69_d0.2_b_w32_seed3.txt,Set Covering,100,Relaxed,2000,false,min,3,0.17740,na,na,230211,371619,3956
set_covering_n100_m69_d0.2_b_w32_seed3.txt,Set Covering,100,Relaxed,5000,false,min,3,0.53111,na,na,518026,854555,9778
set_covering_n100_m69_d0.2_b_w32_seed3.txt,Set Covering,100,Relaxed,10000,false,min,3,1.19667,na,na,924377,1543809,19212
set_covering_n100_m69_d0.2_b_w32_seed3.txt,Set Covering,100,Relaxed,20000,false,min,4,2.75365,na,na,1601885,2744641,36555
set_covering_n100_m69_d0.2_b_w32_seed4.txt,Set Covering,100,Restricted,500,false,min,6,0.03439,na,na,65195,75243,1000
set_covering_n100_m69_d0.2_b_w32_seed4.txt,Set Covering,100,Restricted,1000,false,min,6,0.06656,na,na,121667,144679,1993
set_covering_n100_m69_d0.2_b_w32_seed4.txt,Set Covering,100,Restricted,2000,false,min,6,0.13476,na,na,226651,278866,3956
set_covering_n100_m69_d0.2_b_w32_seed4.txt,Set Covering,100,Restricted,5000,false,min,5,0.41956,na,na,506812,650588,9726
set_covering_n100_m69_d0.2_b_w32_seed4.txt,Set Covering,100,Restricted,10000,false,min,5,1.03082,na,na,910215,1209165,18906
set_covering_n100_m69_d0.2_b_w32_seed4.txt,Set Covering,100,Relaxed,500,false,min,2,0.04485,na,na,65008,102512,999
set_covering_n100_m69_d0.2_b_w32_seed4.txt,Set Covering,100,Restricted,20000,false,min,5,2.22150,na,na,1588203,2216700,35375
set_covering_n100_m69_d0.2_b_w32_seed4.txt,Set Covering,100,Relaxed,1000,false,min,3,0.08569,na,na,121642,194771,1992
set_covering_n100_m69_d0.2_b_w32_seed4.txt,Set Covering,100,Relaxed,2000,false,min,3,0.18056,na,na,226383,369632,3951
set_covering_n100_m69_d0.2_b_w32_seed4.txt,Set Covering,100,Relaxed,5000,false,min,3,0.53568,na,na,506141,847462,9722
set_covering_n100_m69_d0.2_b_w32_seed4.txt,Set Covering,100,Relaxed,10000,false,min,3,1.21944,na,na,910299,1555021,18900
set_covering_n100_m69_d0.3_b_w32_seed1.txt,Set Covering,100,Exact,99999,false,min,3,0.06322,na,na,90574,176170,2257
set_covering_n100_m69_d0.2_b_w32_seed4.txt,Set Covering,100,Relaxed,20000,false,min,4,2.65856,na,na,1588277,2779131,35371
set_covering_n100_m69_d0.3_b_w32_seed1.txt,Set Covering,100,Restricted,500,false,min,3,0.02102,na,na,34196,61141,706
set_covering_n100_m69_d0.3_b_w32_seed1.txt,Set Covering,100,Restricted,1000,false,min,3,0.03252,na,na,54769,102778,1271
set_covering_n100_m69_d0.3_b_w32_seed1.txt,Set Covering,100,Restricted,2000,false,min,3,0.04974,na,na,84629,163974,2067
set_covering_n100_m69_d0.3_b_w32_seed1.txt,Set Covering,100,Restricted,5000,false,min,3,0.06234,na,na,90574,176170,2257
set_covering_n100_m69_d0.3_b_w32_seed1.txt,Set Covering,100,Restricted,10000,false,min,3,0.06184,na,na,90574,176170,2257
set_covering_n100_m69_d0.3_b_w32_seed1.txt,Set Covering,100,Restricted,20000,false,min,3,0.06248,na,na,90574,176170,2257
set_covering_n100_m69_d0.3_b_w32_seed1.txt,Set Covering,100,Relaxed,500,false,min,2,0.02706,na,na,34220,68058,705
set_covering_n100_m69_d0.2_b_w32_seed4.txt,Set Covering,100,Exact,99999,false,min,5,31.97028,na,na,18881379,35541625,1267055
set_covering_n100_m69_d0.3_b_w32_seed1.txt,Set Covering,100,Relaxed,1000,false,min,3,0.04394,na,na,54770,107017,1271
set_covering_n100_m69_d0.3_b_w32_seed1.txt,Set Covering,100,Relaxed,2000,false,min,3,0.07009,na,na,84629,164658,2067
set_covering_n100_m69_d0.3_b_w32_seed1.txt,Set Covering,100,Relaxed,5000,false,min,3,0.06194,na,na,90574,176170,2257
set_covering_n100_m69_d0.3_b_w32_seed1.txt,Set Covering,100,Relaxed,10000,false,min,3,0.06217,na,na,90574,176170,2257
set_covering_n100_m69_d0.3_b_w32_seed1.txt,Set Covering,100,Relaxed,20000,false,min,3,0.06243,na,na,90574,176170,2257
set_covering_n100_m69_d0.3_b_w32_seed2.txt,Set Covering,100,Exact,99999,false,min,3,0.07161,na,na,102364,199333,2967
set_covering_n100_m69_d0.3_b_w32_seed2.txt,Set Covering,100,Restricted,500,false,min,3,0.02163,na,na,35195,59969,758
set_covering_n100_m69_d0.3_b_w32_seed2.txt,Set Covering,100,Restricted,1000,false,min,3,0.03487,na,na,57092,104027,1284
set_covering_n100_m69_d0.3_b_w32_seed2.txt,Set Covering,100,Restricted,2000,false,min,3,0.04992,na,na,88804,170523,2296
set_covering_n100_m69_d0.3_b_w32_seed2.txt,Set Covering,100,Restricted,5000,false,min,3,0.07353,na,na,102364,199333,2967
set_covering_n100_m69_d0.3_b_w32_seed2.txt,Set Covering,100,Restricted,10000,false,min,3,0.06644,na,na,102364,199333,2967
set_covering_n100_m69_d0.3_b_w32_seed2.txt,Set Covering,100,Restricted,20000,false,min,3,0.06960,na,na,102364,199333,2967
set_covering_n100_m69_d0.3_b_w32_seed2.txt,Set Covering,100,Relaxed,500,false,min,2,0.02667,na,na,35113,69207,760
set_covering_n100_m69_d0.3_b_w32_seed2.txt,Set Covering,100,Relaxed,1000,false,min,3,0.04573,na,na,57058,112378,1282
set_covering_n100_m69_d0.3_b_w32_seed2.txt,Set Covering,100,Relaxed,2000,false,min,3,0.07274,na,na,88866,173605,2295
set_covering_n100_m69_d0.3_b_w32_seed2.txt,Set Covering,100,Relaxed,5000,false,min,3,0.06888,na,na,102364,199333,2967
set_covering_n100_m69_d0.3_b_w32_seed2.txt,Set Covering,100,Relaxed,10000,false,min,3,0.06801,na,na,102364,199333,2967
set_covering_n100_m69_d0.3_b_w32_seed2.txt,Set Covering,100,Relaxed,20000,false,min,3,0.06807,na,na,102364,199333,2967
set_covering_n100_m69_d0.3_b_w32_seed3.txt,Set Covering,100,Exact,99999,false,min,3,0.07204,na,na,107920,209935,3538
set_covering_n100_m69_d0.3_b_w32_seed3.txt,Set Covering,100,Restricted,500,false,min,3,0.02192,na,na,36175,61670,773
set_covering_n100_m69_d0.3_b_w32_seed3.txt,Set Covering,100,Restricted,1000,false,min,3,0.03253,na,na,58422,106361,1287
set_covering_n100_m69_d0.3_b_w32_seed3.txt,Set Covering,100,Restricted,2000,false,min,3,0.04660,na,na,84908,161309,2345
set_covering_n100_m69_d0.3_b_w32_seed3.txt,Set Covering,100,Restricted,5000,false,min,3,0.07218,na,na,107920,209935,3538
set_covering_n100_m69_d0.3_b_w32_seed3.txt,Set Covering,100,Restricted,10000,false,min,3,0.07276,na,na,107920,209935,3538
set_covering_n100_m69_d0.3_b_w32_seed3.txt,Set Covering,100,Restricted,20000,false,min,3,0.07312,na,na,107920,209935,3538
set_covering_n100_m69_d0.3_b_w32_seed3.txt,Set Covering,100,Relaxed,500,false,min,2,0.02805,na,na,36205,69967,773
set_covering_n100_m69_d0.3_b_w32_seed3.txt,Set Covering,100,Relaxed,1000,false,min,3,0.04568,na,na,58422,113680,1287
set_covering_n100_m69_d0.3_b_w32_seed3.txt,Set Covering,100,Relaxed,2000,false,min,3,0.06976,na,na,84908,165148,2345
set_covering_n100_m69_d0.3_b_w32_seed3.txt,Set Covering,100,Relaxed,5000,false,min,3,0.07361,na,na,107920,209935,3538
set_covering_n100_m69_d0.3_b_w32_seed3.txt,Set Covering,100,Relaxed,10000,false,min,3,0.07266,na,na,107920,209935,3538
set_covering_n100_m69_d0.3_b_w32_seed3.txt,Set Covering,100,Relaxed,20000,false,min,3,0.07367,na,na,107920,209935,3538
set_covering_n100_m69_d0.3_b_w32_seed4.txt,Set Covering,100,Exact,99999,false,min,3,0.06481,na,na,96163,187252,2780
set_covering_n100_m69_d0.3_b_w32_seed4.txt,Set Covering,100,Restricted,500,false,min,3,0.02091,na,na,34840,60111,816
set_covering_n100_m69_d0.3_b_w32_seed4.txt,Set Covering,100,Restricted,1000,false,min,3,0.03281,na,na,55879,102481,1352
set_covering_n100_m69_d0.3_b_w32_seed4.txt,Set Covering,100,Restricted,2000,false,min,3,0.04809,na,na,85867,165064,2272
set_covering_n100_m69_d0.3_b_w32_seed4.txt,Set Covering,100,Restricted,5000,false,min,3,0.06546,na,na,96163,187252,2780
set_covering_n100_m69_d0.3_b_w32_seed4.txt,Set Covering,100,Restricted,10000,false,min,3,0.06455,na,na,96163,187252,2780
set_covering_n100_m69_d0.3_b_w32_seed4.txt,Set Covering,100,Restricted,20000,false,min,3,0.06567,na,na,96163,187252,2780
set_covering_n100_m69_d0.3_b_w32_seed4.txt,Set Covering,100,Relaxed,500,false,min,2,0.02761,na,na,34890,68346,817
set_covering_n100_m69_d0.3_b_w32_seed4.txt,Set Covering,100,Relaxed,1000,false,min,3,0.04321,na,na,55840,109337,1354
set_covering_n100_m69_d0.3_b_w32_seed4.txt,Set Covering,100,Relaxed,2000,false,min,3,0.06783,na,na,85834,167250,2272
set_covering_n100_m69_d0.3_b_w32_seed4.txt,Set Covering,100,Relaxed,5000,false,min,3,0.06324,na,na,96163,187252,2780
set_covering_n100_m69_d0.3_b_w32_seed4.txt,Set Covering,100,Relaxed,10000,false,min,3,0.06462,na,na,96163,187252,2780
set_covering_n100_m69_d0.3_b_w32_seed4.txt,Set Covering,100,Relaxed,20000,false,min,3,0.06383,na,na,96163,187252,2780
set_covering_n100_m69_d0.4_b_w32_seed1.txt,Set Covering,100,Exact,99999,false,min,3,0.01814,na,na,28528,56334,699
set_covering_n100_m69_d0.4_b_w32_seed1.txt,Set Covering,100,Restricted,500,false,min,3,0.01402,na,na,24904,48834,531
set_covering_n100_m69_d0.4_b_w32_seed1.txt,Set Covering,100,Restricted,1000,false,min,3,0.01827,na,na,28528,56334,699
set_covering_n100_m69_d0.4_b_w32_seed1.txt,Set Covering,100,Restricted,2000,false,min,3,0.01787,na,na,28528,56334,699
set_covering_n100_m69_d0.4_b_w32_seed1.txt,Set Covering,100,Restricted,5000,false,min,3,0.01813,na,na,28528,56334,699
set_covering_n100_m69_d0.4_b_w32_seed1.txt,Set Covering,100,Restricted,10000,false,min,3,0.01823,na,na,28528,56334,699
set_covering_n100_m69_d0.4_b_w32_seed1.txt,Set Covering,100,Restricted,20000,false,min,3,0.01832,na,na,28528,56334,699
set_covering_n100_m69_d0.4_b_w32_seed1.txt,Set Covering,100,Relaxed,500,false,min,2,0.01815,na,na,24827,49408,532
set_covering_n100_m69_d0.4_b_w32_seed1.txt,Set Covering,100,Relaxed,1000,false,min,3,0.01853,na,na,28528,56334,699
set_covering_n100_m69_d0.4_b_w32_seed1.txt,Set Covering,100,Relaxed,2000,false,min,3,0.01851,na,na,28528,56334,699
set_covering_n100_m69_d0.4_b_w32_seed1.txt,Set Covering,100,Relaxed,5000,false,min,3,0.01859,na,na,28528,56334,699
set_covering_n100_m69_d0.4_b_w32_seed1.txt,Set Covering,100,Relaxed,10000,false,min,3,0.01892,na,na,28528,56334,699
set_covering_n100_m69_d0.4_b_w32_seed1.txt,Set Covering,100,Relaxed,20000,false,min,3,0.01796,na,na,28528,56334,699
set_covering_n100_m69_d0.4_b_w32_seed2.txt,Set Covering,100,Exact,99999,false,min,3,0.01863,na,na,28528,56334,699
set_covering_n100_m69_d0.4_b_w32_seed2.txt,Set Covering,100,Restricted,500,false,min,3,0.01457,na,na,24904,48834,531
set_covering_n100_m69_d0.4_b_w32_seed2.txt,Set Covering,100,Restricted,1000,false,min,3,0.01873,na,na,28528,56334,699
set_covering_n100_m69_d0.4_b_w32_seed2.txt,Set Covering,100,Restricted,2000,false,min,3,0.01822,na,na,28528,56334,699
set_covering_n100_m69_d0.4_b_w32_seed2.txt,Set Covering,100,Restricted,5000,false,min,3,0.01802,na,na,28528,56334,699
set_covering_n100_m69_d0.4_b_w32_seed2.txt,Set Covering,100,Restricted,10000,false,min,3,0.01875,na,na,28528,56334,699
set_covering_n100_m69_d0.4_b_w32_seed2.txt,Set Covering,100,Restricted,20000,false,min,3,0.01824,na,na,28528,56334,699
set_covering_n100_m69_d0.4_b_w32_seed2.txt,Set Covering,100,Relaxed,500,false,min,2,0.01976,na,na,24827,49408,532
set_covering_n100_m69_d0.4_b_w32_seed2.txt,Set Covering,100,Relaxed,1000,false,min,3,0.01787,na,na,28528,56334,699
set_covering_n100_m69_d0.4_b_w32_seed2.txt,Set Covering,100,Relaxed,2000,false,min,3,0.01838,na,na,28528,56334,699
set_covering_n100_m69_d0.4_b_w32_seed2.txt,Set Covering,100,Relaxed,5000,false,min,3,0.01826,na,na,28528,56334,699
set_covering_n100_m69_d0.4_b_w32_seed2.txt,Set Covering,100,Relaxed,10000,false,min,3,0.01854,na,na,28528,56334,699
set_covering_n100_m69_d0.4_b_w32_seed2.txt,Set Covering,100,Relaxed,20000,false,min,3,0.01805,na,na,28528,56334,699
set_covering_n100_m69_d0.4_b_w32_seed3.txt,Set Covering,100,Exact,99999,false,min,3,0.01863,na,na,28528,56334,699
set_covering_n100_m69_d0.4_b_w32_seed3.txt,Set Covering,100,Restricted,500,false,min,3,0.01410,na,na,24904,48834,531
set_covering_n100_m69_d0.4_b_w32_seed3.txt,Set Covering,100,Restricted,1000,false,min,3,0.01836,na,na,28528,56334,699
set_covering_n100_m69_d0.4_b_w32_seed3.txt,Set Covering,100,Restricted,2000,false,min,3,0.01935,na,na,28528,56334,699
set_covering_n100_m69_d0.4_b_w32_seed3.txt,Set Covering,100,Restricted,5000,false,min,3,0.01809,na,na,28528,56334,699
set_covering_n100_m69_d0.4_b_w32_seed3.txt,Set Covering,100,Restricted,10000,false,min,3,0.01804,na,na,28528,56334,699
set_covering_n100_m69_d0.4_b_w32_seed3.txt,Set Covering,100,Restricted,20000,false,min,3,0.01789,na,na,28528,56334,699
set_covering_n100_m69_d0.4_b_w32_seed3.txt,Set Covering,100,Relaxed,500,false,min,2,0.01751,na,na,24827,49408,532
set_covering_n100_m69_d0.4_b_w32_seed3.txt,Set Covering,100,Relaxed,1000,false,min,3,0.01790,na,na,28528,56334,699
set_covering_n100_m69_d0.4_b_w32_seed3.txt,Set Covering,100,Relaxed,2000,false,min,3,0.01808,na,na,28528,56334,699
set_covering_n100_m69_d0.4_b_w32_seed3.txt,Set Covering,100,Relaxed,5000,false,min,3,0.01810,na,na,28528,56334,699
set_covering_n100_m69_d0.4_b_w32_seed3.txt,Set Covering,100,Relaxed,10000,false,min,3,0.01809,na,na,28528,56334,699
set_covering_n100_m69_d0.4_b_w32_seed3.txt,Set Covering,100,Relaxed,20000,false,min,3,0.01781,na,na,28528,56334,699
set_covering_n100_m69_d0.4_b_w32_seed4.txt,Set Covering,100,Exact,99999,false,min,3,0.01819,na,na,28528,56334,699
set_covering_n100_m69_d0.4_b_w32_seed4.txt,Set Covering,100,Restricted,500,false,min,3,0.01447,na,na,24904,48834,531
set_covering_n100_m69_d0.4_b_w32_seed4.txt,Set Covering,100,Restricted,1000,false,min,3,0.01811,na,na,28528,56334,699
set_covering_n100_m69_d0.4_b_w32_seed4.txt,Set Covering,100,Restricted,2000,false,min,3,0.01800,na,na,28528,56334,699
set_covering_n100_m69_d0.4_b_w32_seed4.txt,Set Covering,100,Restricted,5000,false,min,3,0.01769,na,na,28528,56334,699
set_covering_n100_m69_d0.4_b_w32_seed4.txt,Set Covering,100,Restricted,10000,false,min,3,0.01833,na,na,28528,56334,699
set_covering_n100_m69_d0.4_b_w32_seed4.txt,Set Covering,100,Restricted,20000,false,min,3,0.01825,na,na,28528,56334,699
set_covering_n100_m69_d0.4_b_w32_seed4.txt,Set Covering,100,Relaxed,500,false,min,2,0.01806,na,na,24827,49408,532
set_covering_n100_m69_d0.4_b_w32_seed4.txt,Set Covering,100,Relaxed,1000,false,min,3,0.01808,na,na,28528,56334,699
set_covering_n100_m69_d0.4_b_w32_seed4.txt,Set Covering,100,Relaxed,2000,false,min,3,0.01809,na,na,28528,56334,699
set_covering_n100_m69_d0.4_b_w32_seed4.txt,Set Covering,100,Relaxed,5000,false,min,3,0.01799,na,na,28528,56334,699
set_covering_n100_m69_d0.4_b_w32_seed4.txt,Set Covering,100,Relaxed,10000,false,min,3,0.01852,na,na,28528,56334,699
set_covering_n100_m69_d0.4_b_w32_seed4.txt,Set Covering,100,Relaxed,20000,false,min,3,0.01814,na,na,28528,56334,699
set_covering_n100_m69_d0.05_b_w32_seed1.txt,Set Covering,100,Restricted,500,false,min,22,0.02422,na,na,50978,55081,1000
set_covering_n100_m69_d0.05_b_w32_seed1.txt,Set Covering,100,Restricted,1000,false,min,21,0.04568,na,na,94427,101323,2000
set_covering_n100_m69_d0.05_b_w32_seed1.txt,Set Covering,100,Restricted,2000,false,min,21,0.10095,na,na,184182,197107,4000
set_covering_n100_m69_d0.05_b_w32_seed1.txt,Set Covering,100,Restricted,5000,false,min,21,0.33092,na,na,442143,471529,10000
set_covering_n100_m69_d0.05_b_w32_seed1.txt,Set Covering,100,Restricted,10000,false,min,21,0.86384,na,na,855627,914007,20000
set_covering_n100_m69_d0.05_b_w32_seed1.txt,Set Covering,100,Relaxed,500,false,min,7,0.03010,na,na,46196,69467,1001
set_covering_n100_m69_d0.05_b_w32_seed1.txt,Set Covering,100,Relaxed,1000,false,min,7,0.06019,na,na,90172,137910,2001
set_covering_n100_m69_d0.05_b_w32_seed1.txt,Set Covering,100,Restricted,20000,false,min,21,2.18856,na,na,1663750,1783648,39979
set_covering_n100_m69_d0.05_b_w32_seed1.txt,Set Covering,100,Relaxed,2000,false,min,7,0.12481,na,na,175051,260575,4001
set_covering_n100_m69_d0.05_b_w32_seed1.txt,Set Covering,100,Relaxed,5000,false,min,7,0.43898,na,na,441926,641642,10001
set_covering_n100_m69_d0.05_b_w32_seed1.txt,Set Covering,100,Relaxed,10000,false,min,7,1.08117,na,na,853919,1245046,20001
set_covering_n100_m69_d0.5_b_w32_seed1.txt,Set Covering,100,Exact,99999,false,min,3,0.01891,na,na,28528,56334,699
set_covering_n100_m69_d0.05_b_w32_seed1.txt,Set Covering,100,Relaxed,20000,false,min,8,2.68475,na,na,1664390,2428499,39976
set_covering_n100_m69_d0.5_b_w32_seed1.txt,Set Covering,100,Restricted,500,false,min,3,0.01439,na,na,24904,48834,531
set_covering_n100_m69_d0.5_b_w32_seed1.txt,Set Covering,100,Restricted,1000,false,min,3,0.01842,na,na,28528,56334,699
set_covering_n100_m69_d0.5_b_w32_seed1.txt,Set Covering,100,Restricted,2000,false,min,3,0.01859,na,na,28528,56334,699
set_covering_n100_m69_d0.5_b_w32_seed1.txt,Set Covering,100,Restricted,5000,false,min,3,0.01872,na,na,28528,56334,699
set_covering_n100_m69_d0.5_b_w32_seed1.txt,Set Covering,100,Restricted,10000,false,min,3,0.01900,na,na,28528,56334,699
set_covering_n100_m69_d0.5_b_w32_seed1.txt,Set Covering,100,Restricted,20000,false,min,3,0.01845,na,na,28528,56334,699
set_covering_n100_m69_d0.5_b_w32_seed1.txt,Set Covering,100,Relaxed,500,false,min,2,0.01850,na,na,24827,49408,532
set_covering_n100_m69_d0.5_b_w32_seed1.txt,Set Covering,100,Relaxed,1000,false,min,3,0.01895,na,na,28528,56334,699
set_covering_n100_m69_d0.5_b_w32_seed1.txt,Set Covering,100,Relaxed,2000,false,min,3,0.01826,na,na,28528,56334,699
set_covering_n100_m69_d0.5_b_w32_seed1.txt,Set Covering,100,Relaxed,5000,false,min,3,0.01868,na,na,28528,56334,699
set_covering_n100_m69_d0.5_b_w32_seed1.txt,Set Covering,100,Relaxed,10000,false,min,3,0.01876,na,na,28528,56334,699
set_covering_n100_m69_d0.5_b_w32_seed1.txt,Set Covering,100,Relaxed,20000,false,min,3,0.01836,na,na,28528,56334,699
set_covering_n100_m69_d0.05_b_w32_seed2.txt,Set Covering,100,Restricted,500,false,min,23,0.02583,na,na,51479,55009,1000
set_covering_n100_m69_d0.05_b_w32_seed2.txt,Set Covering,100,Restricted,1000,false,min,22,0.05069,na,na,100205,108483,2000
set_covering_n100_m69_d0.05_b_w32_seed2.txt,Set Covering,100,Restricted,2000,false,min,22,0.10645,na,na,196085,212165,4000
set_covering_n100_m69_d0.05_b_w32_seed2.txt,Set Covering,100,Restricted,5000,false,min,22,0.35455,na,na,467743,510940,9999
set_covering_n100_m69_d0.05_b_w32_seed2.txt,Set Covering,100,Restricted,10000,false,min,22,0.93846,na,na,901800,991887,19994
set_covering_n100_m69_d0.05_b_w32_seed2.txt,Set Covering,100,Relaxed,500,false,min,6,0.03334,na,na,50683,74151,1001
set_covering_n100_m69_d0.05_b_w32_seed2.txt,Set Covering,100,Restricted,20000,false,min,20,2.34979,na,na,1747063,1941639,39968
set_covering_n100_m69_d0.05_b_w32_seed2.txt,Set Covering,100,Relaxed,1000,false,min,7,0.06210,na,na,91689,138847,2001
set_covering_n100_m69_d0.05_b_w32_seed2.txt,Set Covering,100,Relaxed,2000,false,min,7,0.14418,na,na,194111,282955,4001
set_covering_n100_m69_d0.05_b_w32_seed2.txt,Set Covering,100,Relaxed,5000,false,min,7,0.45700,na,na,466334,679610,10000
set_covering_n100_m69_d0.05_b_w32_seed2.txt,Set Covering,100,Relaxed,10000,false,min,7,1.14309,na,na,901643,1316524,19993
set_covering_n100_m69_d0.5_b_w32_seed2.txt,Set Covering,100,Exact,99999,false,min,3,0.01876,na,na,28528,56334,699
set_covering_n100_m69_d0.05_b_w32_seed2.txt,Set Covering,100,Relaxed,20000,false,min,8,2.81016,na,na,1745719,2566151,39963
set_covering_n100_m69_d0.5_b_w32_seed2.txt,Set Covering,100,Restricted,500,false,min,3,0.01455,na,na,24904,48834,531
set_covering_n100_m69_d0.5_b_w32_seed2.txt,Set Covering,100,Restricted,1000,false,min,3,0.01854,na,na,28528,56334,699
set_covering_n100_m69_d0.5_b_w32_seed2.txt,Set Covering,100,Restricted,2000,false,min,3,0.01894,na,na,28528,56334,699
set_covering_n100_m69_d0.5_b_w32_seed2.txt,Set Covering,100,Restricted,5000,false,min,3,0.01847,na,na,28528,56334,699
set_covering_n100_m69_d0.5_b_w32_seed2.txt,Set Covering,100,Restricted,10000,false,min,3,0.01793,na,na,28528,56334,699
set_covering_n100_m69_d0.5_b_w32_seed2.txt,Set Covering,100,Restricted,20000,false,min,3,0.01876,na,na,28528,56334,699
set_covering_n100_m69_d0.5_b_w32_seed2.txt,Set Covering,100,Relaxed,500,false,min,2,0.01838,na,na,24827,49408,532
set_covering_n100_m69_d0.5_b_w32_seed2.txt,Set Covering,100,Relaxed,1000,false,min,3,0.01832,na,na,28528,56334,699
set_covering_n100_m69_d0.5_b_w32_seed2.txt,Set Covering,100,Relaxed,2000,false,min,3,0.01825,na,na,28528,56334,699
set_covering_n100_m69_d0.5_b_w32_seed2.txt,Set Covering,100,Relaxed,5000,false,min,3,0.01837,na,na,28528,56334,699
set_covering_n100_m69_d0.5_b_w32_seed2.txt,Set Covering,100,Relaxed,10000,false,min,3,0.01852,na,na,28528,56334,699
set_covering_n100_m69_d0.5_b_w32_seed2.txt,Set Covering,100,Relaxed,20000,false,min,3,0.01862,na,na,28528,56334,699
set_covering_n100_m69_d0.05_b_w32_seed3.txt,Set Covering,100,Restricted,500,false,min,22,0.02583,na,na,50457,56409,1000
set_covering_n100_m69_d0.05_b_w32_seed3.txt,Set Covering,100,Restricted,1000,false,min,22,0.05012,na,na,98160,110236,2000
set_covering_n100_m69_d0.05_b_w32_seed3.txt,Set Covering,100,Restricted,2000,false,min,22,0.10551,na,na,188437,213660,4000
set_covering_n100_m69_d0.05_b_w32_seed3.txt,Set Covering,100,Restricted,5000,false,min,20,0.36662,na,na,453749,521831,10000
set_covering_n100_m69_d0.05_b_w32_seed3.txt,Set Covering,100,Restricted,10000,false,min,20,0.94821,na,na,863443,1007042,20000
set_covering_n100_m69_d0.05_b_w32_seed3.txt,Set Covering,100,Relaxed,500,false,min,5,0.03385,na,na,49817,73821,1001
set_covering_n100_m69_d0.05_b_w32_seed3.txt,Set Covering,100,Restricted,20000,false,min,20,2.31124,na,na,1649184,1943986,39996
set_covering_n100_m69_d0.05_b_w32_seed3.txt,Set Covering,100,Relaxed,1000,false,min,6,0.06301,na,na,92049,140000,2001
set_covering_n100_m69_d0.05_b_w32_seed3.txt,Set Covering,100,Relaxed,2000,false,min,6,0.14060,na,na,188147,277785,4001
set_covering_n100_m69_d0.05_b_w32_seed3.txt,Set Covering,100,Relaxed,5000,false,min,6,0.46807,na,na,453113,673055,10001
set_covering_n100_m69_d0.05_b_w32_seed3.txt,Set Covering,100,Relaxed,10000,false,min,7,1.14089,na,na,863266,1287249,20001
set_covering_n100_m69_d0.5_b_w32_seed3.txt,Set Covering,100,Exact,99999,false,min,3,0.01860,na,na,28528,56334,699
set_covering_n100_m69_d0.05_b_w32_seed3.txt,Set Covering,100,Relaxed,20000,false,min,7,2.56655,na,na,1648714,2466059,39997
set_covering_n100_m69_d0.5_b_w32_seed3.txt,Set Covering,100,Restricted,500,false,min,3,0.01480,na,na,24904,48834,531
set_covering_n100_m69_d0.5_b_w32_seed3.txt,Set Covering,100,Restricted,1000,false,min,3,0.01884,na,na,28528,56334,699
set_covering_n100_m69_d0.5_b_w32_seed3.txt,Set Covering,100,Restricted,2000,false,min,3,0.01883,na,na,28528,56334,699
set_covering_n100_m69_d0.5_b_w32_seed3.txt,Set Covering,100,Restricted,5000,false,min,3,0.01849,na,na,28528,56334,699
set_covering_n100_m69_d0.5_b_w32_seed3.txt,Set Covering,100,Restricted,10000,false,min,3,0.01874,na,na,28528,56334,699
set_covering_n100_m69_d0.5_b_w32_seed3.txt,Set Covering,100,Restricted,20000,false,min,3,0.01885,na,na,28528,56334,699
set_covering_n100_m69_d0.5_b_w32_seed3.txt,Set Covering,100,Relaxed,500,false,min,2,0.01841,na,na,24827,49408,532
set_covering_n100_m69_d0.5_b_w32_seed3.txt,Set Covering,100,Relaxed,1000,false,min,3,0.01900,na,na,28528,56334,699
set_covering_n100_m69_d0.5_b_w32_seed3.txt,Set Covering,100,Relaxed,2000,false,min,3,0.01888,na,na,28528,56334,699
set_covering_n100_m69_d0.5_b_w32_seed3.txt,Set Covering,100,Relaxed,5000,false,min,3,0.01887,na,na,28528,56334,699
set_covering_n100_m69_d0.5_b_w32_seed3.txt,Set Covering,100,Relaxed,10000,false,min,3,0.01889,na,na,28528,56334,699
set_covering_n100_m69_d0.5_b_w32_seed3.txt,Set Covering,100,Relaxed,20000,false,min,3,0.01886,na,na,28528,56334,699
set_covering_n100_m69_d0.05_b_w32_seed4.txt,Set Covering,100,Restricted,500,false,min,25,0.02703,na,na,52044,58304,1000
set_covering_n100_m69_d0.05_b_w32_seed4.txt,Set Covering,100,Restricted,1000,false,min,22,0.05237,na,na,101816,115064,2000
set_covering_n100_m69_d0.05_b_w32_seed4.txt,Set Covering,100,Restricted,2000,false,min,22,0.11205,na,na,197515,222903,4000
set_covering_n100_m69_d0.05_b_w32_seed4.txt,Set Covering,100,Restricted,5000,false,min,22,0.36775,na,na,465454,533564,10000
set_covering_n100_m69_d0.05_b_w32_seed4.txt,Set Covering,100,Restricted,10000,false,min,21,0.94397,na,na,910443,1045748,19996
set_covering_n100_m69_d0.05_b_w32_seed4.txt,Set Covering,100,Restricted,20000,false,min,21,2.26127,na,na,1725319,1991521,39964
set_covering_n100_m69_d0.05_b_w32_seed4.txt,Set Covering,100,Relaxed,500,false,min,7,0.03341,na,na,50744,75735,1001
set_covering_n100_m69_d0.05_b_w32_seed4.txt,Set Covering,100,Relaxed,1000,false,min,7,0.06461,na,na,97415,146029,2001
set_covering_n100_m69_d0.05_b_w32_seed4.txt,Set Covering,100,Relaxed,2000,false,min,7,0.14477,na,na,196602,286835,4001
set_covering_n100_m69_d0.05_b_w32_seed4.txt,Set Covering,100,Relaxed,5000,false,min,8,0.45720,na,na,465072,682516,10001
set_covering_n100_m69_d0.05_b_w32_seed4.txt,Set Covering,100,Relaxed,10000,false,min,8,1.18565,na,na,908786,1338992,19997
set_covering_n100_m69_d0.05_b_w32_seed4.txt,Set Covering,100,Relaxed,20000,false,min,8,2.75523,na,na,1726963,2551754,39960
set_covering_n100_m69_d0.5_b_w32_seed4.txt,Set Covering,100,Exact,99999,false,min,3,0.01929,na,na,28528,56334,699
set_covering_n100_m69_d0.5_b_w32_seed4.txt,Set Covering,100,Restricted,500,false,min,3,0.01481,na,na,24904,48834,531
set_covering_n100_m69_d0.5_b_w32_seed4.txt,Set Covering,100,Restricted,1000,false,min,3,0.01889,na,na,28528,56334,699
set_covering_n100_m69_d0.5_b_w32_seed4.txt,Set Covering,100,Restricted,2000,false,min,3,0.01876,na,na,28528,56334,699
set_covering_n100_m69_d0.5_b_w32_seed4.txt,Set Covering,100,Restricted,5000,false,min,3,0.01880,na,na,28528,56334,699
set_covering_n100_m69_d0.5_b_w32_seed4.txt,Set Covering,100,Restricted,10000,false,min,3,0.01886,na,na,28528,56334,699
set_covering_n100_m69_d0.5_b_w32_seed4.txt,Set Covering,100,Restricted,20000,false,min,3,0.01877,na,na,28528,56334,699
set_covering_n100_m69_d0.5_b_w32_seed4.txt,Set Covering,100,Relaxed,500,false,min,2,0.01831,na,na,24827,49408,532
set_covering_n100_m69_d0.5_b_w32_seed4.txt,Set Covering,100,Relaxed,1000,false,min,3,0.01873,na,na,28528,56334,699
set_covering_n100_m69_d0.5_b_w32_seed4.txt,Set Covering,100,Relaxed,2000,false,min,3,0.01899,na,na,28528,56334,699
set_covering_n100_m69_d0.5_b_w32_seed4.txt,Set Covering,100,Relaxed,5000,false,min,3,0.01893,na,na,28528,56334,699
set_covering_n100_m69_d0.5_b_w32_seed4.txt,Set Covering,100,Relaxed,10000,false,min,3,0.01888,na,na,28528,56334,699
set_covering_n100_m69_d0.5_b_w32_seed4.txt,Set Covering,100,Relaxed,20000,false,min,3,0.01914,na,na,28528,56334,699
set_covering_n100_m69_d0.15_b_w32_seed1.txt,Set Covering,100,Restricted,500,false,min,8,0.03441,na,na,65683,72081,1000
set_covering_n100_m69_d0.15_b_w32_seed1.txt,Set Covering,100,Restricted,1000,false,min,8,0.06632,na,na,125793,141970,2000
set_covering_n100_m69_d0.15_b_w32_seed1.txt,Set Covering,100,Restricted,2000,false,min,8,0.13944,na,na,243561,276753,3998
set_covering_n100_m69_d0.15_b_w32_seed1.txt,Set Covering,100,Restricted,5000,false,min,8,0.43957,na,na,575154,664937,9987
set_covering_n100_m69_d0.15_b_w32_seed1.txt,Set Covering,100,Restricted,10000,false,min,8,1.14233,na,na,1084911,1275724,19880
set_covering_n100_m69_d0.15_b_w32_seed1.txt,Set Covering,100,Restricted,20000,false,min,7,2.67733,na,na,2024358,2441351,39409
set_covering_n100_m69_d0.15_b_w32_seed1.txt,Set Covering,100,Relaxed,500,false,min,2,0.04261,na,na,65438,100044,1001
set_covering_n100_m69_d0.15_b_w32_seed1.txt,Set Covering,100,Relaxed,1000,false,min,3,0.08350,na,na,125485,194561,2000
set_covering_n100_m69_d0.15_b_w32_seed1.txt,Set Covering,100,Relaxed,2000,false,min,3,0.18772,na,na,242916,377721,3998
set_covering_n100_m69_d0.15_b_w32_seed1.txt,Set Covering,100,Relaxed,5000,false,min,3,0.59239,na,na,574067,901432,9985
set_covering_n100_m69_d0.15_b_w32_seed1.txt,Set Covering,100,Relaxed,10000,false,min,3,1.40799,na,na,1084824,1716937,19881
set_covering_n100_m69_d0.15_b_w32_seed1.txt,Set Covering,100,Relaxed,20000,false,min,4,3.42692,na,na,2026599,3257740,39399
set_covering_n100_m69_d0.15_b_w32_seed2.txt,Set Covering,100,Restricted,500,false,min,10,0.03371,na,na,64368,71412,1000
set_covering_n100_m69_d0.15_b_w32_seed2.txt,Set Covering,100,Restricted,1000,false,min,9,0.06526,na,na,123586,138791,2000
set_covering_n100_m69_d0.15_b_w32_seed2.txt,Set Covering,100,Restricted,2000,false,min,8,0.13456,na,na,232951,266178,3999
set_covering_n100_m69_d0.15_b_w32_seed2.txt,Set Covering,100,Restricted,5000,false,min,8,0.42147,na,na,548837,631722,9989
set_covering_n100_m69_d0.15_b_w32_seed2.txt,Set Covering,100,Restricted,10000,false,min,8,1.10484,na,na,1031248,1195035,19913
set_covering_n100_m69_d0.15_b_w32_seed2.txt,Set Covering,100,Restricted,20000,false,min,7,2.54763,na,na,1918282,2245119,39547
set_covering_n100_m69_d0.15_b_w32_seed2.txt,Set Covering,100,Relaxed,500,false,min,2,0.04271,na,na,64648,98983,1001
set_covering_n100_m69_d0.15_b_w32_seed2.txt,Set Covering,100,Relaxed,1000,false,min,2,0.08332,na,na,123583,190090,1999
set_covering_n100_m69_d0.15_b_w32_seed2.txt,Set Covering,100,Relaxed,2000,false,min,3,0.17589,na,na,232988,360786,3998
set_covering_n100_m69_d0.15_b_w32_seed2.txt,Set Covering,100,Relaxed,5000,false,min,3,0.54411,na,na,548797,854832,9990
set_covering_n100_m69_d0.15_b_w32_seed2.txt,Set Covering,100,Relaxed,10000,false,min,3,1.23008,na,na,1031448,1611874,19910
set_covering_n100_m69_d0.15_b_w32_seed2.txt,Set Covering,100,Relaxed,20000,false,min,4,3.10842,na,na,1918071,3010048,39544
set_covering_n100_m69_d0.15_b_w32_seed3.txt,Set Covering,100,Restricted,500,false,min,9,0.03404,na,na,65326,72662,1000
set_covering_n100_m69_d0.15_b_w32_seed3.txt,Set Covering,100,Restricted,1000,false,min,9,0.06615,na,na,125205,141488,2000
set_covering_n100_m69_d0.15_b_w32_seed3.txt,Set Covering,100,Restricted,2000,false,min,8,0.13534,na,na,242284,276509,4000
set_covering_n100_m69_d0.15_b_w32_seed3.txt,Set Covering,100,Restricted,5000,false,min,8,0.43573,na,na,573736,655176,9976
set_covering_n100_m69_d0.15_b_w32_seed3.txt,Set Covering,100,Restricted,10000,false,min,8,1.08551,na,na,1085289,1246188,19908
set_covering_n100_m69_d0.15_b_w32_seed3.txt,Set Covering,100,Restricted,20000,false,min,7,2.57197,na,na,2006470,2346594,39348
set_covering_n100_m69_d0.15_b_w32_seed3.txt,Set Covering,100,Relaxed,500,false,min,2,0.04251,na,na,65227,99492,1000
set_covering_n100_m69_d0.15_b_w32_seed3.txt,Set Covering,100,Relaxed,1000,false,min,3,0.08415,na,na,125101,191795,1999
set_covering_n100_m69_d0.15_b_w32_seed3.txt,Set Covering,100,Relaxed,2000,false,min,3,0.17732,na,na,242540,374702,3999
set_covering_n100_m69_d0.15_b_w32_seed3.txt,Set Covering,100,Relaxed,5000,false,min,3,0.57476,na,na,573440,887561,9972
set_covering_n100_m69_d0.15_b_w32_seed3.txt,Set Covering,100,Relaxed,10000,false,min,3,1.44689,na,na,1085027,1685496,19913
set_covering_n100_m69_d0.15_b_w32_seed3.txt,Set Covering,100,Relaxed,20000,false,min,4,3.37190,na,na,2006770,3161189,39346
set_covering_n100_m69_d0.15_b_w32_seed4.txt,Set Covering,100,Restricted,500,false,min,9,0.03504,na,na,65734,72527,1000
set_covering_n100_m69_d0.15_b_w32_seed4.txt,Set Covering,100,Restricted,1000,false,min,7,0.06417,na,na,124620,138691,2000
set_covering_n100_m69_d0.15_b_w32_seed4.txt,Set Covering,100,Restricted,2000,false,min,7,0.13116,na,na,240829,269576,4000
set_covering_n100_m69_d0.15_b_w32_seed4.txt,Set Covering,100,Restricted,5000,false,min,7,0.41782,na,na,561837,634352,9989
set_covering_n100_m69_d0.15_b_w32_seed4.txt,Set Covering,100,Restricted,10000,false,min,7,1.05073,na,na,1060220,1206521,19854
set_covering_n100_m69_d0.15_b_w32_seed4.txt,Set Covering,100,Restricted,20000,false,min,7,2.56364,na,na,1992256,2296992,39432
set_covering_n100_m69_d0.15_b_w32_seed4.txt,Set Covering,100,Relaxed,500,false,min,2,0.04289,na,na,66033,100352,1001
set_covering_n100_m69_d0.15_b_w32_seed4.txt,Set Covering,100,Relaxed,1000,false,min,3,0.08436,na,na,124597,190043,1998
set_covering_n100_m69_d0.15_b_w32_seed4.txt,Set Covering,100,Relaxed,2000,false,min,3,0.18264,na,na,240348,368723,3998
set_covering_n100_m69_d0.15_b_w32_seed4.txt,Set Covering,100,Relaxed,5000,false,min,3,0.56507,na,na,561118,866660,9988
set_covering_n100_m69_d0.15_b_w32_seed4.txt,Set Covering,100,Relaxed,10000,false,min,3,1.32153,na,na,1060136,1646494,19853
set_covering_n100_m69_d0.15_b_w32_seed4.txt,Set Covering,100,Relaxed,20000,false,min,4,3.17482,na,na,1992798,3123720,39440
set_covering_n100_m69_d0.25_b_w32_seed1.txt,Set Covering,100,Exact,99999,false,min,4,1.37076,na,na,1302738,2485876,46501
set_covering_n100_m69_d0.25_b_w32_seed1.txt,Set Covering,100,Restricted,500,false,min,4,0.02961,na,na,53120,71637,961
set_covering_n100_m69_d0.25_b_w32_seed1.txt,Set Covering,100,Restricted,1000,false,min,4,0.05399,na,na,94999,134467,1855
set_covering_n100_m69_d0.25_b_w32_seed1.txt,Set Covering,100,Restricted,2000,false,min,4,0.09432,na,na,163422,243633,3562
set_covering_n100_m69_d0.25_b_w32_seed1.txt,Set Covering,100,Restricted,5000,false,min,4,0.23135,na,na,331542,531268,7852
set_covering_n100_m69_d0.25_b_w32_seed1.txt,Set Covering,100,Restricted,10000,false,min,4,0.47190,na,na,543770,922480,14238
set_covering_n100_m69_d0.25_b_w32_seed1.txt,Set Covering,100,Restricted,20000,false,min,4,0.92904,na,na,860664,1547207,25610
set_covering_n100_m69_d0.25_b_w32_seed1.txt,Set Covering,100,Relaxed,500,false,min,2,0.03863,na,na,53186,92206,963
set_covering_n100_m69_d0.25_b_w32_seed1.txt,Set Covering,100,Relaxed,1000,false,min,3,0.07226,na,na,94965,169785,1850
set_covering_n100_m69_d0.25_b_w32_seed1.txt,Set Covering,100,Relaxed,2000,false,min,3,0.13477,na,na,163241,298678,3560
set_covering_n100_m69_d0.25_b_w32_seed1.txt,Set Covering,100,Relaxed,5000,false,min,3,0.33914,na,na,331317,627420,7857
set_covering_n100_m69_d0.25_b_w32_seed1.txt,Set Covering,100,Relaxed,10000,false,min,4,0.66455,na,na,543529,1041801,14234
set_covering_n100_m69_d0.25_b_w32_seed1.txt,Set Covering,100,Relaxed,20000,false,min,4,1.21646,na,na,860644,1646421,25612
set_covering_n100_m69_d0.25_b_w32_seed2.txt,Set Covering,100,Exact,99999,false,min,4,1.77309,na,na,1527109,2900523,96130
set_covering_n100_m69_d0.25_b_w32_seed2.txt,Set Covering,100,Restricted,500,false,min,4,0.03047,na,na,53505,71650,978
set_covering_n100_m69_d0.25_b_w32_seed2.txt,Set Covering,100,Restricted,1000,false,min,4,0.05350,na,na,95350,133417,1853
set_covering_n100_m69_d0.25_b_w32_seed2.txt,Set Covering,100,Restricted,2000,false,min,4,0.09761,na,na,167386,246170,3546
set_covering_n100_m69_d0.25_b_w32_seed2.txt,Set Covering,100,Restricted,5000,false,min,4,0.25196,na,na,346770,546070,8472
set_covering_n100_m69_d0.25_b_w32_seed2.txt,Set Covering,100,Restricted,10000,false,min,4,0.53977,na,na,574342,955634,15360
set_covering_n100_m69_d0.25_b_w32_seed2.txt,Set Covering,100,Restricted,20000,false,min,4,0.86271,na,na,843461,1477444,27835
set_covering_n100_m69_d0.25_b_w32_seed2.txt,Set Covering,100,Relaxed,500,false,min,2,0.03920,na,na,53378,91628,978
set_covering_n100_m69_d0.25_b_w32_seed2.txt,Set Covering,100,Relaxed,1000,false,min,3,0.07219,na,na,95462,168620,1848
set_covering_n100_m69_d0.25_b_w32_seed2.txt,Set Covering,100,Relaxed,2000,false,min,3,0.13786,na,na,167678,303896,3544
set_covering_n100_m69_d0.25_b_w32_seed2.txt,Set Covering,100,Relaxed,5000,false,min,3,0.35377,na,na,347028,644484,8473
set_covering_n100_m69_d0.25_b_w32_seed2.txt,Set Covering,100,Relaxed,10000,false,min,3,0.71423,na,na,574281,1078354,15348
set_covering_n100_m69_d0.25_b_w32_seed2.txt,Set Covering,100,Relaxed,20000,false,min,4,1.11144,na,na,843461,1600004,27835
set_covering_n100_m69_d0.25_b_w32_seed3.txt,Set Covering,100,Exact,99999,false,min,4,1.48300,na,na,1350595,2577955,66177
set_covering_n100_m69_d0.25_b_w32_seed3.txt,Set Covering,100,Restricted,500,false,min,4,0.02890,na,na,52157,68545,995
set_covering_n100_m69_d0.25_b_w32_seed3.txt,Set Covering,100,Restricted,1000,false,min,4,0.05332,na,na,95015,130098,1887
set_covering_n100_m69_d0.25_b_w32_seed3.txt,Set Covering,100,Restricted,2000,false,min,4,0.09873,na,na,167656,243494,3517
set_covering_n100_m69_d0.25_b_w32_seed3.txt,Set Covering,100,Restricted,5000,false,min,4,0.26071,na,na,345846,544315,8094
set_covering_n100_m69_d0.25_b_w32_seed3.txt,Set Covering,100,Restricted,10000,false,min,4,0.52682,na,na,573659,961746,14671
set_covering_n100_m69_d0.25_b_w32_seed3.txt,Set Covering,100,Restricted,20000,false,min,4,0.79610,na,na,828919,1473110,25956
set_covering_n100_m69_d0.25_b_w32_seed3.txt,Set Covering,100,Relaxed,500,false,min,2,0.03665,na,na,51463,87897,993
set_covering_n100_m69_d0.25_b_w32_seed3.txt,Set Covering,100,Relaxed,1000,false,min,3,0.07140,na,na,94977,166452,1886
set_covering_n100_m69_d0.25_b_w32_seed3.txt,Set Covering,100,Relaxed,2000,false,min,3,0.13625,na,na,167675,302520,3516
set_covering_n100_m69_d0.25_b_w32_seed3.txt,Set Covering,100,Relaxed,5000,false,min,3,0.35638,na,na,345703,640938,8107
set_covering_n100_m69_d0.25_b_w32_seed3.txt,Set Covering,100,Relaxed,10000,false,min,3,0.71074,na,na,573578,1083066,14672
set_covering_n100_m69_d0.25_b_w32_seed3.txt,Set Covering,100,Relaxed,20000,false,min,4,1.07268,na,na,828919,1580268,25956
set_covering_n100_m69_d0.25_b_w32_seed4.txt,Set Covering,100,Exact,99999,false,min,4,1.55575,na,na,1418444,2715744,73944
set_covering_n100_m69_d0.25_b_w32_seed4.txt,Set Covering,100,Restricted,500,false,min,4,0.02970,na,na,53318,69348,988
set_covering_n100_m69_d0.25_b_w32_seed4.txt,Set Covering,100,Restricted,1000,false,min,4,0.05442,na,na,96625,132913,1902
set_covering_n100_m69_d0.25_b_w32_seed4.txt,Set Covering,100,Restricted,2000,false,min,4,0.10260,na,na,174214,254906,3665
set_covering_n100_m69_d0.25_b_w32_seed4.txt,Set Covering,100,Restricted,5000,false,min,4,0.26615,na,na,356871,564991,8674
set_covering_n100_m69_d0.25_b_w32_seed4.txt,Set Covering,100,Restricted,10000,false,min,4,0.50384,na,na,568805,951206,15827
set_covering_n100_m69_d0.25_b_w32_seed4.txt,Set Covering,100,Restricted,20000,false,min,4,0.79173,na,na,809845,1417877,28285
set_covering_n100_m69_d0.25_b_w32_seed4.txt,Set Covering,100,Relaxed,500,false,min,2,0.03779,na,na,53378,90696,987
set_covering_n100_m69_d0.25_b_w32_seed4.txt,Set Covering,100,Relaxed,1000,false,min,3,0.07320,na,na,96462,169208,1902
set_covering_n100_m69_d0.25_b_w32_seed4.txt,Set Covering,100,Relaxed,2000,false,min,3,0.14081,na,na,173817,313596,3663
set_covering_n100_m69_d0.25_b_w32_seed4.txt,Set Covering,100,Relaxed,5000,false,min,3,0.36260,na,na,356982,661243,8677
set_covering_n100_m69_d0.25_b_w32_seed4.txt,Set Covering,100,Relaxed,10000,false,min,3,0.67164,na,na,568784,1073351,15832
set_covering_n100_m69_d0.35_b_w32_seed1.txt,Set Covering,100,Exact,99999,false,min,3,0.01892,na,na,28528,56334,699
set_covering_n100_m69_d0.25_b_w32_seed4.txt,Set Covering,100,Relaxed,20000,false,min,4,1.09990,na,na,809845,1547820,28285
set_covering_n100_m69_d0.35_b_w32_seed1.txt,Set Covering,100,Restricted,500,false,min,3,0.01473,na,na,24904,48834,531
set_covering_n100_m69_d0.35_b_w32_seed1.txt,Set Covering,100,Restricted,1000,false,min,3,0.01855,na,na,28528,56334,699
set_covering_n100_m69_d0.35_b_w32_seed1.txt,Set Covering,100,Restricted,2000,false,min,3,0.01832,na,na,28528,56334,699
set_covering_n100_m69_d0.35_b_w32_seed1.txt,Set Covering,100,Restricted,5000,false,min,3,0.01858,na,na,28528,56334,699
set_covering_n100_m69_d0.35_b_w32_seed1.txt,Set Covering,100,Restricted,10000,false,min,3,0.01855,na,na,28528,56334,699
set_covering_n100_m69_d0.35_b_w32_seed1.txt,Set Covering,100,Restricted,20000,false,min,3,0.01867,na,na,28528,56334,699
set_covering_n100_m69_d0.35_b_w32_seed1.txt,Set Covering,100,Relaxed,500,false,min,2,0.01834,na,na,24827,49408,532
set_covering_n100_m69_d0.35_b_w32_seed1.txt,Set Covering,100,Relaxed,1000,false,min,3,0.01890,na,na,28528,56334,699
set_covering_n100_m69_d0.35_b_w32_seed1.txt,Set Covering,100,Relaxed,2000,false,min,3,0.01934,na,na,28528,56334,699
set_covering_n100_m69_d0.35_b_w32_seed1.txt,Set Covering,100,Relaxed,5000,false,min,3,0.01882,na,na,28528,56334,699
set_covering_n100_m69_d0.35_b_w32_seed1.txt,Set Covering,100,Relaxed,10000,false,min,3,0.01868,na,na,28528,56334,699
set_covering_n100_m69_d0.35_b_w32_seed1.txt,Set Covering,100,Relaxed,20000,false,min,3,0.01857,na,na,28528,56334,699
set_covering_n100_m69_d0.35_b_w32_seed2.txt,Set Covering,100,Exact,99999,false,min,3,0.01859,na,na,28528,56334,699
set_covering_n100_m69_d0.35_b_w32_seed2.txt,Set Covering,100,Restricted,500,false,min,3,0.01470,na,na,24904,48834,531
set_covering_n100_m69_d0.35_b_w32_seed2.txt,Set Covering,100,Restricted,1000,false,min,3,0.01819,na,na,28528,56334,699
set_covering_n100_m69_d0.35_b_w32_seed2.txt,Set Covering,100,Restricted,2000,false,min,3,0.01874,na,na,28528,56334,699
set_covering_n100_m69_d0.35_b_w32_seed2.txt,Set Covering,100,Restricted,5000,false,min,3,0.01863,na,na,28528,56334,699
set_covering_n100_m69_d0.35_b_w32_seed2.txt,Set Covering,100,Restricted,10000,false,min,3,0.01896,na,na,28528,56334,699
set_covering_n100_m69_d0.35_b_w32_seed2.txt,Set Covering,100,Restricted,20000,false,min,3,0.01845,na,na,28528,56334,699
set_covering_n100_m69_d0.35_b_w32_seed2.txt,Set Covering,100,Relaxed,500,false,min,2,0.01794,na,na,24827,49408,532
set_covering_n100_m69_d0.35_b_w32_seed2.txt,Set Covering,100,Relaxed,1000,false,min,3,0.01872,na,na,28528,56334,699
set_covering_n100_m69_d0.35_b_w32_seed2.txt,Set Covering,100,Relaxed,2000,false,min,3,0.01878,na,na,28528,56334,699
set_covering_n100_m69_d0.35_b_w32_seed2.txt,Set Covering,100,Relaxed,5000,false,min,3,0.01893,na,na,28528,56334,699
set_covering_n100_m69_d0.35_b_w32_seed2.txt,Set Covering,100,Relaxed,10000,false,min,3,0.01882,na,na,28528,56334,699
set_covering_n100_m69_d0.35_b_w32_seed2.txt,Set Covering,100,Relaxed,20000,false,min,3,0.01878,na,na,28528,56334,699
set_covering_n100_m69_d0.35_b_w32_seed3.txt,Set Covering,100,Exact,99999,false,min,3,0.01889,na,na,28528,56334,699
set_covering_n100_m69_d0.35_b_w32_seed3.txt,Set Covering,100,Restricted,500,false,min,3,0.01482,na,na,24904,48834,531
set_covering_n100_m69_d0.35_b_w32_seed3.txt,Set Covering,100,Restricted,1000,false,min,3,0.01865,na,na,28528,56334,699
set_covering_n100_m69_d0.35_b_w32_seed3.txt,Set Covering,100,Restricted,2000,false,min,3,0.01858,na,na,28528,56334,699
set_covering_n100_m69_d0.35_b_w32_seed3.txt,Set Covering,100,Restricted,5000,false,min,3,0.01876,na,na,28528,56334,699
set_covering_n100_m69_d0.35_b_w32_seed3.txt,Set Covering,100,Restricted,10000,false,min,3,0.01868,na,na,28528,56334,699
set_covering_n100_m69_d0.35_b_w32_seed3.txt,Set Covering,100,Restricted,20000,false,min,3,0.01886,na,na,28528,56334,699
set_covering_n100_m69_d0.35_b_w32_seed3.txt,Set Covering,100,Relaxed,500,false,min,2,0.01796,na,na,24827,49408,532
set_covering_n100_m69_d0.35_b_w32_seed3.txt,Set Covering,100,Relaxed,1000,false,min,3,0.01868,na,na,28528,56334,699
set_covering_n100_m69_d0.35_b_w32_seed3.txt,Set Covering,100,Relaxed,2000,false,min,3,0.01890,na,na,28528,56334,699
set_covering_n100_m69_d0.35_b_w32_seed3.txt,Set Covering,100,Relaxed,5000,false,min,3,0.01876,na,na,28528,56334,699
set_covering_n100_m69_d0.35_b_w32_seed3.txt,Set Covering,100,Relaxed,10000,false,min,3,0.01882,na,na,28528,56334,699
set_covering_n100_m69_d0.35_b_w32_seed3.txt,Set Covering,100,Relaxed,20000,false,min,3,0.01866,na,na,28528,56334,699
set_covering_n100_m69_d0.35_b_w32_seed4.txt,Set Covering,100,Exact,99999,false,min,3,0.01882,na,na,28528,56334,699
set_covering_n100_m69_d0.35_b_w32_seed4.txt,Set Covering,100,Restricted,500,false,min,3,0.01478,na,na,24904,48834,531
set_covering_n100_m69_d0.35_b_w32_seed4.txt,Set Covering,100,Restricted,1000,false,min,3,0.01879,na,na,28528,56334,699
set_covering_n100_m69_d0.35_b_w32_seed4.txt,Set Covering,100,Restricted,2000,false,min,3,0.01879,na,na,28528,56334,699
set_covering_n100_m69_d0.35_b_w32_seed4.txt,Set Covering,100,Restricted,5000,false,min,3,0.01870,na,na,28528,56334,699
set_covering_n100_m69_d0.35_b_w32_seed4.txt,Set Covering,100,Restricted,10000,false,min,3,0.01890,na,na,28528,56334,699
set_covering_n100_m69_d0.35_b_w32_seed4.txt,Set Covering,100,Restricted,20000,false,min,3,0.01874,na,na,28528,56334,699
set_covering_n100_m69_d0.35_b_w32_seed4.txt,Set Covering,100,Relaxed,500,false,min,2,0.01830,na,na,24827,49408,532
set_covering_n100_m69_d0.35_b_w32_seed4.txt,Set Covering,100,Relaxed,1000,false,min,3,0.01869,na,na,28528,56334,699
set_covering_n100_m69_d0.35_b_w32_seed4.txt,Set Covering,100,Relaxed,2000,false,min,3,0.01822,na,na,28528,56334,699
set_covering_n100_m69_d0.35_b_w32_seed4.txt,Set Covering,100,Relaxed,5000,false,min,3,0.01885,na,na,28528,56334,699
set_covering_n100_m69_d0.35_b_w32_seed4.txt,Set Covering,100,Relaxed,10000,false,min,3,0.01866,na,na,28528,56334,699
set_covering_n100_m69_d0.35_b_w32_seed4.txt,Set Covering,100,Relaxed,20000,false,min,3,0.01851,na,na,28528,56334,699
set_covering_n100_m69_d0.45_b_w32_seed1.txt,Set Covering,100,Exact,99999,false,min,3,0.01857,na,na,28528,56334,699
set_covering_n100_m69_d0.45_b_w32_seed1.txt,Set Covering,100,Restricted,500,false,min,3,0.01468,na,na,24904,48834,531
set_covering_n100_m69_d0.45_b_w32_seed1.txt,Set Covering,100,Restricted,1000,false,min,3,0.01865,na,na,28528,56334,699
set_covering_n100_m69_d0.45_b_w32_seed1.txt,Set Covering,100,Restricted,2000,false,min,3,0.01875,na,na,28528,56334,699
set_covering_n100_m69_d0.45_b_w32_seed1.txt,Set Covering,100,Restricted,5000,false,min,3,0.01872,na,na,28528,56334,699
set_covering_n100_m69_d0.45_b_w32_seed1.txt,Set Covering,100,Restricted,10000,false,min,3,0.01857,na,na,28528,56334,699
set_covering_n100_m69_d0.45_b_w32_seed1.txt,Set Covering,100,Restricted,20000,false,min,3,0.01881,na,na,28528,56334,699
set_covering_n100_m69_d0.45_b_w32_seed1.txt,Set Covering,100,Relaxed,500,false,min,2,0.01829,na,na,24827,49408,532
set_covering_n100_m69_d0.45_b_w32_seed1.txt,Set Covering,100,Relaxed,1000,false,min,3,0.01882,na,na,28528,56334,699
set_covering_n100_m69_d0.45_b_w32_seed1.txt,Set Covering,100,Relaxed,2000,false,min,3,0.01811,na,na,28528,56334,699
set_covering_n100_m69_d0.45_b_w32_seed1.txt,Set Covering,100,Relaxed,5000,false,min,3,0.01816,na,na,28528,56334,699
set_covering_n100_m69_d0.45_b_w32_seed1.txt,Set Covering,100,Relaxed,10000,false,min,3,0.01834,na,na,28528,56334,699
set_covering_n100_m69_d0.45_b_w32_seed1.txt,Set Covering,100,Relaxed,20000,false,min,3,0.01839,na,na,28528,56334,699
set_covering_n100_m69_d0.45_b_w32_seed2.txt,Set Covering,100,Exact,99999,false,min,3,0.01866,na,na,28528,56334,699
set_covering_n100_m69_d0.45_b_w32_seed2.txt,Set Covering,100,Restricted,500,false,min,3,0.01434,na,na,24904,48834,531
set_covering_n100_m69_d0.45_b_w32_seed2.txt,Set Covering,100,Restricted,1000,false,min,3,0.01849,na,na,28528,56334,699
set_covering_n100_m69_d0.45_b_w32_seed2.txt,Set Covering,100,Restricted,2000,false,min,3,0.01806,na,na,28528,56334,699
set_covering_n100_m69_d0.45_b_w32_seed2.txt,Set Covering,100,Restricted,5000,false,min,3,0.01821,na,na,28528,56334,699
set_covering_n100_m69_d0.45_b_w32_seed2.txt,Set Covering,100,Restricted,10000,false,min,3,0.01873,na,na,28528,56334,699
set_covering_n100_m69_d0.45_b_w32_seed2.txt,Set Covering,100,Restricted,20000,false,min,3,0.01880,na,na,28528,56334,699
set_covering_n100_m69_d0.45_b_w32_seed2.txt,Set Covering,100,Relaxed,500,false,min,2,0.01853,na,na,24827,49408,532
set_covering_n100_m69_d0.45_b_w32_seed2.txt,Set Covering,100,Relaxed,1000,false,min,3,0.01873,na,na,28528,56334,699
set_covering_n100_m69_d0.45_b_w32_seed2.txt,Set Covering,100,Relaxed,2000,false,min,3,0.01825,na,na,28528,56334,699
set_covering_n100_m69_d0.45_b_w32_seed2.txt,Set Covering,100,Relaxed,5000,false,min,3,0.01847,na,na,28528,56334,699
set_covering_n100_m69_d0.45_b_w32_seed2.txt,Set Covering,100,Relaxed,10000,false,min,3,0.01884,na,na,28528,56334,699
set_covering_n100_m69_d0.45_b_w32_seed2.txt,Set Covering,100,Relaxed,20000,false,min,3,0.01870,na,na,28528,56334,699
set_covering_n100_m69_d0.45_b_w32_seed3.txt,Set Covering,100,Exact,99999,false,min,3,0.01862,na,na,28528,56334,699
set_covering_n100_m69_d0.45_b_w32_seed3.txt,Set Covering,100,Restricted,500,false,min,3,0.01455,na,na,24904,48834,531
set_covering_n100_m69_d0.45_b_w32_seed3.txt,Set Covering,100,Restricted,1000,false,min,3,0.01836,na,na,28528,56334,699
set_covering_n100_m69_d0.45_b_w32_seed3.txt,Set Covering,100,Restricted,2000,false,min,3,0.01841,na,na,28528,56334,699
set_covering_n100_m69_d0.45_b_w32_seed3.txt,Set Covering,100,Restricted,5000,false,min,3,0.01838,na,na,28528,56334,699
set_covering_n100_m69_d0.45_b_w32_seed3.txt,Set Covering,100,Restricted,10000,false,min,3,0.01843,na,na,28528,56334,699
set_covering_n100_m69_d0.45_b_w32_seed3.txt,Set Covering,100,Restricted,20000,false,min,3,0.01839,na,na,28528,56334,699
set_covering_n100_m69_d0.45_b_w32_seed3.txt,Set Covering,100,Relaxed,500,false,min,2,0.01742,na,na,24827,49408,532
set_covering_n100_m69_d0.45_b_w32_seed3.txt,Set Covering,100,Relaxed,1000,false,min,3,0.01791,na,na,28528,56334,699
set_covering_n100_m69_d0.45_b_w32_seed3.txt,Set Covering,100,Relaxed,2000,false,min,3,0.01788,na,na,28528,56334,699
set_covering_n100_m69_d0.45_b_w32_seed3.txt,Set Covering,100,Relaxed,5000,false,min,3,0.01751,na,na,28528,56334,699
set_covering_n100_m69_d0.45_b_w32_seed3.txt,Set Covering,100,Relaxed,10000,false,min,3,0.01848,na,na,28528,56334,699
set_covering_n100_m69_d0.45_b_w32_seed3.txt,Set Covering,100,Relaxed,20000,false,min,3,0.01788,na,na,28528,56334,699
set_covering_n100_m69_d0.45_b_w32_seed4.txt,Set Covering,100,Exact,99999,false,min,3,0.01843,na,na,28528,56334,699
set_covering_n100_m69_d0.45_b_w32_seed4.txt,Set Covering,100,Restricted,500,false,min,3,0.01404,na,na,24904,48834,531
set_covering_n100_m69_d0.45_b_w32_seed4.txt,Set Covering,100,Restricted,1000,false,min,3,0.01783,na,na,28528,56334,699
set_covering_n100_m69_d0.45_b_w32_seed4.txt,Set Covering,100,Restricted,2000,false,min,3,0.01805,na,na,28528,56334,699
set_covering_n100_m69_d0.45_b_w32_seed4.txt,Set Covering,100,Restricted,5000,false,min,3,0.01773,na,na,28528,56334,699
set_covering_n100_m69_d0.45_b_w32_seed4.txt,Set Covering,100,Restricted,10000,false,min,3,0.01773,na,na,28528,56334,699
set_covering_n100_m69_d0.45_b_w32_seed4.txt,Set Covering,100,Restricted,20000,false,min,3,0.01773,na,na,28528,56334,699
set_covering_n100_m69_d0.45_b_w32_seed4.txt,Set Covering,100,Relaxed,500,false,min,2,0.01727,na,na,24827,49408,532
set_covering_n100_m69_d0.45_b_w32_seed4.txt,Set Covering,100,Relaxed,1000,false,min,3,0.01820,na,na,28528,56334,699
set_covering_n100_m69_d0.45_b_w32_seed4.txt,Set Covering,100,Relaxed,2000,false,min,3,0.01803,na,na,28528,56334,699
set_covering_n100_m69_d0.45_b_w32_seed4.txt,Set Covering,100,Relaxed,5000,false,min,3,0.01778,na,na,28528,56334,699
set_covering_n100_m69_d0.45_b_w32_seed4.txt,Set Covering,100,Relaxed,10000,false,min,3,0.01815,na,na,28528,56334,699
set_covering_n100_m69_d0.45_b_w32_seed4.txt,Set Covering,100,Relaxed,20000,false,min,3,0.01841,na,na,28528,56334,699
set_covering_n100_m72_d0.1_b_w29_seed1.txt,Set Covering,100,Restricted,500,false,min,15,0.03154,na,na,63604,67244,1000
set_covering_n100_m72_d0.1_b_w29_seed1.txt,Set Covering,100,Restricted,1000,false,min,15,0.06200,na,na,125406,133596,2000
set_covering_n100_m72_d0.1_b_w29_seed1.txt,Set Covering,100,Restricted,2000,false,min,15,0.13018,na,na,243590,261134,4000
set_covering_n100_m72_d0.1_b_w29_seed1.txt,Set Covering,100,Restricted,5000,false,min,14,0.43097,na,na,582952,632598,10000
set_covering_n100_m72_d0.1_b_w29_seed1.txt,Set Covering,100,Restricted,10000,false,min,13,1.13886,na,na,1123767,1241114,19999
set_covering_n100_m72_d0.1_b_w29_seed1.txt,Set Covering,100,Relaxed,500,false,min,3,0.04225,na,na,63504,93728,1001
set_covering_n100_m72_d0.1_b_w29_seed1.txt,Set Covering,100,Restricted,20000,false,min,13,3.01417,na,na,2165159,2412897,39993
set_covering_n100_m72_d0.1_b_w29_seed1.txt,Set Covering,100,Relaxed,1000,false,min,3,0.08454,na,na,124795,185275,2000
set_covering_n100_m72_d0.1_b_w29_seed1.txt,Set Covering,100,Relaxed,2000,false,min,3,0.17675,na,na,243369,361671,4001
set_covering_n100_m72_d0.1_b_w29_seed1.txt,Set Covering,100,Relaxed,5000,false,min,4,0.58682,na,na,582863,872343,10000
set_covering_n100_m72_d0.1_b_w29_seed1.txt,Set Covering,100,Relaxed,10000,false,min,4,1.44786,na,na,1123823,1698655,20000
set_covering_n100_m72_d0.1_b_w29_seed2.txt,Set Covering,100,Restricted,500,false,min,13,0.03300,na,na,61449,69193,1000
set_covering_n100_m72_d0.1_b_w29_seed1.txt,Set Covering,100,Relaxed,20000,false,min,4,3.52479,na,na,2165469,3289482,39990
set_covering_n100_m72_d0.1_b_w29_seed2.txt,Set Covering,100,Restricted,1000,false,min,13,0.06282,na,na,121695,135137,2000
set_covering_n100_m72_d0.1_b_w29_seed2.txt,Set Covering,100,Restricted,2000,false,min,13,0.13338,na,na,240208,264067,4000
set_covering_n100_m72_d0.1_b_w29_seed2.txt,Set Covering,100,Restricted,5000,false,min,13,0.43071,na,na,573144,637801,10000
set_covering_n100_m72_d0.1_b_w29_seed2.txt,Set Covering,100,Restricted,10000,false,min,13,1.09625,na,na,1095839,1230711,20000
set_covering_n100_m72_d0.1_b_w29_seed2.txt,Set Covering,100,Relaxed,500,false,min,3,0.04166,na,na,61260,92652,1001
set_covering_n100_m72_d0.1_b_w29_seed2.txt,Set Covering,100,Restricted,20000,false,min,12,2.77058,na,na,2097213,2386153,39994
set_covering_n100_m72_d0.1_b_w29_seed2.txt,Set Covering,100,Relaxed,1000,false,min,4,0.08227,na,na,122027,183845,2001
set_covering_n100_m72_d0.1_b_w29_seed2.txt,Set Covering,100,Relaxed,2000,false,min,4,0.17528,na,na,239979,360991,4001
set_covering_n100_m72_d0.1_b_w29_seed2.txt,Set Covering,100,Relaxed,5000,false,min,4,0.57632,na,na,573585,863659,10001
set_covering_n100_m72_d0.1_b_w29_seed2.txt,Set Covering,100,Relaxed,10000,false,min,4,1.38626,na,na,1096163,1654106,20001
set_covering_n100_m72_d0.1_b_w29_seed3.txt,Set Covering,100,Restricted,500,false,min,14,0.03419,na,na,64165,71235,1000
set_covering_n100_m72_d0.1_b_w29_seed2.txt,Set Covering,100,Relaxed,20000,false,min,5,3.38857,na,na,2096961,3186600,39994
set_covering_n100_m72_d0.1_b_w29_seed3.txt,Set Covering,100,Restricted,1000,false,min,13,0.06470,na,na,125428,140034,2000
set_covering_n100_m72_d0.1_b_w29_seed3.txt,Set Covering,100,Restricted,2000,false,min,13,0.13623,na,na,245832,272196,4000
set_covering_n100_m72_d0.1_b_w29_seed3.txt,Set Covering,100,Restricted,5000,false,min,13,0.45389,na,na,582848,648824,10000
set_covering_n100_m72_d0.1_b_w29_seed3.txt,Set Covering,100,Restricted,10000,false,min,12,1.13897,na,na,1116913,1247618,19998
set_covering_n100_m72_d0.1_b_w29_seed3.txt,Set Covering,100,Relaxed,500,false,min,3,0.04374,na,na,62756,95100,1001
set_covering_n100_m72_d0.1_b_w29_seed3.txt,Set Covering,100,Restricted,20000,false,min,12,2.85552,na,na,2127343,2388072,39989
set_covering_n100_m72_d0.1_b_w29_seed3.txt,Set Covering,100,Relaxed,1000,false,min,3,0.08355,na,na,125485,189387,2001
set_covering_n100_m72_d0.1_b_w29_seed3.txt,Set Covering,100,Relaxed,2000,false,min,3,0.17888,na,na,245483,369296,4001
set_covering_n100_m72_d0.1_b_w29_seed3.txt,Set Covering,100,Relaxed,5000,false,min,4,0.56975,na,na,582842,877975,9999
set_covering_n100_m72_d0.1_b_w29_seed3.txt,Set Covering,100,Relaxed,10000,false,min,4,1.35975,na,na,1118421,1688922,19996
set_covering_n100_m72_d0.1_b_w29_seed3.txt,Set Covering,100,Relaxed,20000,false,min,4,3.23445,na,na,2127120,3226294,39987
set_covering_n100_m72_d0.1_b_w29_seed4.txt,Set Covering,100,Restricted,500,false,min,13,0.03201,na,na,63160,68022,1000
set_covering_n100_m72_d0.1_b_w29_seed4.txt,Set Covering,100,Restricted,1000,false,min,13,0.06193,na,na,122478,131884,2000
set_covering_n100_m72_d0.1_b_w29_seed4.txt,Set Covering,100,Restricted,2000,false,min,13,0.13417,na,na,238550,258464,4000
set_covering_n100_m72_d0.1_b_w29_seed4.txt,Set Covering,100,Restricted,5000,false,min,12,0.43216,na,na,569438,624851,10000
set_covering_n100_m72_d0.1_b_w29_seed4.txt,Set Covering,100,Restricted,10000,false,min,12,1.13307,na,na,1103905,1215702,19997
set_covering_n100_m72_d0.1_b_w29_seed4.txt,Set Covering,100,Restricted,20000,false,min,12,2.82732,na,na,2110842,2346520,39962
set_covering_n100_m72_d0.1_b_w29_seed4.txt,Set Covering,100,Relaxed,500,false,min,3,0.04226,na,na,62714,94080,1001
set_covering_n100_m72_d0.1_b_w29_seed4.txt,Set Covering,100,Relaxed,1000,false,min,3,0.08242,na,na,122024,182570,2001
set_covering_n100_m72_d0.1_b_w29_seed4.txt,Set Covering,100,Relaxed,2000,false,min,3,0.17819,na,na,238434,357023,4001
set_covering_n100_m72_d0.1_b_w29_seed4.txt,Set Covering,100,Relaxed,5000,false,min,4,0.57651,na,na,570252,859632,10001
set_covering_n100_m72_d0.1_b_w29_seed4.txt,Set Covering,100,Relaxed,10000,false,min,4,1.43557,na,na,1103800,1669189,19995
set_covering_n100_m72_d0.1_b_w29_seed4.txt,Set Covering,100,Relaxed,20000,false,min,4,3.42601,na,na,2111722,3210428,39961
set_covering_n100_m72_d0.2_b_w29_seed1.txt,Set Covering,100,Exact,99999,false,min,5,16.60212,na,na,9961144,18499086,937723
set_covering_n100_m72_d0.2_b_w29_seed1.txt,Set Covering,100,Restricted,500,false,min,7,0.03454,na,na,61869,73640,998
set_covering_n100_m72_d0.2_b_w29_seed1.txt,Set Covering,100,Restricted,1000,false,min,6,0.06518,na,na,114620,141857,1994
set_covering_n100_m72_d0.2_b_w29_seed1.txt,Set Covering,100,Restricted,2000,false,min,6,0.12609,na,na,211125,274113,3949
set_covering_n100_m72_d0.2_b_w29_seed1.txt,Set Covering,100,Restricted,5000,false,min,6,0.37377,na,na,471583,646678,9691
set_covering_n100_m72_d0.2_b_w29_seed1.txt,Set Covering,100,Restricted,10000,false,min,6,0.83884,na,na,837322,1205447,18879
set_covering_n100_m72_d0.2_b_w29_seed1.txt,Set Covering,100,Restricted,20000,false,min,5,1.77249,na,na,1427829,2149533,36111
set_covering_n100_m72_d0.2_b_w29_seed1.txt,Set Covering,100,Relaxed,500,false,min,2,0.04374,na,na,61838,99748,996
set_covering_n100_m72_d0.2_b_w29_seed1.txt,Set Covering,100,Relaxed,1000,false,min,3,0.08318,na,na,114430,187513,1992
set_covering_n100_m72_d0.2_b_w29_seed1.txt,Set Covering,100,Relaxed,2000,false,min,3,0.17146,na,na,210992,353828,3949
set_covering_n100_m72_d0.2_b_w29_seed1.txt,Set Covering,100,Relaxed,5000,false,min,3,0.50220,na,na,471511,810957,9691
set_covering_n100_m72_d0.2_b_w29_seed1.txt,Set Covering,100,Relaxed,10000,false,min,3,1.08730,na,na,837484,1469239,18878
set_covering_n100_m72_d0.2_b_w29_seed1.txt,Set Covering,100,Relaxed,20000,false,min,4,2.20475,na,na,1427928,2541301,36110
set_covering_n100_m72_d0.2_b_w29_seed2.txt,Set Covering,100,Exact,99999,false,min,5,20.67627,na,na,12920895,24075578,913491
set_covering_n100_m72_d0.2_b_w29_seed2.txt,Set Covering,100,Restricted,500,false,min,6,0.03300,na,na,59884,70753,998
set_covering_n100_m72_d0.2_b_w29_seed2.txt,Set Covering,100,Restricted,1000,false,min,6,0.06148,na,na,112545,136127,1984
set_covering_n100_m72_d0.2_b_w29_seed2.txt,Set Covering,100,Restricted,2000,false,min,6,0.12024,na,na,209069,261658,3969
set_covering_n100_m72_d0.2_b_w29_seed2.txt,Set Covering,100,Restricted,5000,false,min,5,0.35827,na,na,456090,593824,9682
set_covering_n100_m72_d0.2_b_w29_seed2.txt,Set Covering,100,Restricted,10000,false,min,5,0.82401,na,na,812927,1092571,18620
set_covering_n100_m72_d0.2_b_w29_seed2.txt,Set Covering,100,Restricted,20000,false,min,5,1.86466,na,na,1431312,2018406,35695
set_covering_n100_m72_d0.2_b_w29_seed2.txt,Set Covering,100,Relaxed,500,false,min,2,0.04237,na,na,59873,95724,997
set_covering_n100_m72_d0.2_b_w29_seed2.txt,Set Covering,100,Relaxed,1000,false,min,3,0.08083,na,na,112414,182225,1980
set_covering_n100_m72_d0.2_b_w29_seed2.txt,Set Covering,100,Relaxed,2000,false,min,3,0.16891,na,na,208857,343737,3966
set_covering_n100_m72_d0.2_b_w29_seed2.txt,Set Covering,100,Relaxed,5000,false,min,3,0.46828,na,na,455496,766213,9681
set_covering_n100_m72_d0.2_b_w29_seed2.txt,Set Covering,100,Relaxed,10000,false,min,3,1.08107,na,na,813682,1399616,18604
set_covering_n100_m72_d0.2_b_w29_seed2.txt,Set Covering,100,Relaxed,20000,false,min,4,2.32172,na,na,1431390,2523164,35670
set_covering_n100_m72_d0.2_b_w29_seed3.txt,Set Covering,100,Exact,99999,false,min,5,36.83344,na,na,21543641,40098970,2032187
set_covering_n100_m72_d0.2_b_w29_seed3.txt,Set Covering,100,Restricted,500,false,min,7,0.03183,na,na,61076,71222,999
set_covering_n100_m72_d0.2_b_w29_seed3.txt,Set Covering,100,Restricted,1000,false,min,7,0.06045,na,na,114079,135916,1989
set_covering_n100_m72_d0.2_b_w29_seed3.txt,Set Covering,100,Restricted,2000,false,min,6,0.12164,na,na,214577,266506,3939
set_covering_n100_m72_d0.2_b_w29_seed3.txt,Set Covering,100,Restricted,5000,false,min,6,0.35542,na,na,476696,617592,9717
set_covering_n100_m72_d0.2_b_w29_seed3.txt,Set Covering,100,Restricted,10000,false,min,6,0.79866,na,na,836744,1116572,19193
set_covering_n100_m72_d0.2_b_w29_seed3.txt,Set Covering,100,Restricted,20000,false,min,6,1.70093,na,na,1428101,1974225,36390
set_covering_n100_m72_d0.2_b_w29_seed3.txt,Set Covering,100,Relaxed,500,false,min,2,0.04127,na,na,61006,96255,999
set_covering_n100_m72_d0.2_b_w29_seed3.txt,Set Covering,100,Relaxed,1000,false,min,2,0.08372,na,na,114145,182140,1988
set_covering_n100_m72_d0.2_b_w29_seed3.txt,Set Covering,100,Relaxed,2000,false,min,3,0.16673,na,na,214510,350077,3937
set_covering_n100_m72_d0.2_b_w29_seed3.txt,Set Covering,100,Relaxed,5000,false,min,3,0.49500,na,na,476667,795907,9723
set_covering_n100_m72_d0.2_b_w29_seed3.txt,Set Covering,100,Relaxed,10000,false,min,3,1.04742,na,na,836884,1420881,19192
set_covering_n100_m72_d0.2_b_w29_seed3.txt,Set Covering,100,Relaxed,20000,false,min,3,2.19081,na,na,1427690,2464465,36357
set_covering_n100_m72_d0.2_b_w29_seed4.txt,Set Covering,100,Exact,99999,false,min,5,22.15671,na,na,14236713,26498033,1232617
set_covering_n100_m72_d0.2_b_w29_seed4.txt,Set Covering,100,Restricted,500,false,min,6,0.03251,na,na,61856,74767,1000
set_covering_n100_m72_d0.2_b_w29_seed4.txt,Set Covering,100,Restricted,1000,false,min,6,0.06179,na,na,114859,140971,1985
set_covering_n100_m72_d0.2_b_w29_seed4.txt,Set Covering,100,Restricted,2000,false,min,6,0.12227,na,na,210346,267739,3959
set_covering_n100_m72_d0.2_b_w29_seed4.txt,Set Covering,100,Restricted,5000,false,min,6,0.34840,na,na,459893,609358,9697
set_covering_n100_m72_d0.2_b_w29_seed4.txt,Set Covering,100,Restricted,10000,false,min,6,0.76718,na,na,807079,1105786,18997
set_covering_n100_m72_d0.2_b_w29_seed4.txt,Set Covering,100,Relaxed,500,false,min,2,0.04215,na,na,61812,99080,998
set_covering_n100_m72_d0.2_b_w29_seed4.txt,Set Covering,100,Restricted,20000,false,min,5,1.58786,na,na,1354083,1920441,35866
set_covering_n100_m72_d0.2_b_w29_seed4.txt,Set Covering,100,Relaxed,1000,false,min,2,0.08033,na,na,114975,186155,1984
set_covering_n100_m72_d0.2_b_w29_seed4.txt,Set Covering,100,Relaxed,2000,false,min,3,0.16519,na,na,210240,346091,3957
set_covering_n100_m72_d0.2_b_w29_seed4.txt,Set Covering,100,Relaxed,5000,false,min,3,0.48032,na,na,459785,772030,9694
set_covering_n100_m72_d0.2_b_w29_seed4.txt,Set Covering,100,Relaxed,10000,false,min,3,0.98263,na,na,807218,1383363,18990
set_covering_n100_m72_d0.2_b_w29_seed4.txt,Set Covering,100,Relaxed,20000,false,min,4,2.02724,na,na,1353449,2364990,35863
set_covering_n100_m72_d0.3_b_w29_seed1.txt,Set Covering,100,Exact,99999,false,min,3,0.02063,na,na,29319,57766,750
set_covering_n100_m72_d0.3_b_w29_seed1.txt,Set Covering,100,Restricted,500,false,min,3,0.01468,na,na,23086,44949,526
set_covering_n100_m72_d0.3_b_w29_seed1.txt,Set Covering,100,Restricted,1000,false,min,3,0.01992,na,na,29319,57766,750
set_covering_n100_m72_d0.3_b_w29_seed1.txt,Set Covering,100,Restricted,2000,false,min,3,0.01965,na,na,29319,57766,750
set_covering_n100_m72_d0.3_b_w29_seed1.txt,Set Covering,100,Restricted,5000,false,min,3,0.01933,na,na,29319,57766,750
set_covering_n100_m72_d0.3_b_w29_seed1.txt,Set Covering,100,Restricted,10000,false,min,3,0.01968,na,na,29319,57766,750
set_covering_n100_m72_d0.3_b_w29_seed1.txt,Set Covering,100,Restricted,20000,false,min,3,0.01948,na,na,29319,57766,750
set_covering_n100_m72_d0.3_b_w29_seed1.txt,Set Covering,100,Relaxed,500,false,min,2,0.01756,na,na,22954,47353,527
set_covering_n100_m72_d0.3_b_w29_seed1.txt,Set Covering,100,Relaxed,1000,false,min,3,0.01945,na,na,29319,57766,750
set_covering_n100_m72_d0.3_b_w29_seed1.txt,Set Covering,100,Relaxed,2000,false,min,3,0.01966,na,na,29319,57766,750
set_covering_n100_m72_d0.3_b_w29_seed1.txt,Set Covering,100,Relaxed,5000,false,min,3,0.01969,na,na,29319,57766,750
set_covering_n100_m72_d0.3_b_w29_seed1.txt,Set Covering,100,Relaxed,10000,false,min,3,0.01970,na,na,29319,57766,750
set_covering_n100_m72_d0.3_b_w29_seed1.txt,Set Covering,100,Relaxed,20000,false,min,3,0.01959,na,na,29319,57766,750
set_covering_n100_m72_d0.3_b_w29_seed2.txt,Set Covering,100,Exact,99999,false,min,3,0.01959,na,na,29319,57766,750
set_covering_n100_m72_d0.3_b_w29_seed2.txt,Set Covering,100,Restricted,500,false,min,3,0.01442,na,na,23086,44949,526
set_covering_n100_m72_d0.3_b_w29_seed2.txt,Set Covering,100,Restricted,1000,false,min,3,0.01966,na,na,29319,57766,750
set_covering_n100_m72_d0.3_b_w29_seed2.txt,Set Covering,100,Restricted,2000,false,min,3,0.01918,na,na,29319,57766,750
set_covering_n100_m72_d0.3_b_w29_seed2.txt,Set Covering,100,Restricted,5000,false,min,3,0.01861,na,na,29319,57766,750
set_covering_n100_m72_d0.3_b_w29_seed2.txt,Set Covering,100,Restricted,10000,false,min,3,0.01889,na,na,29319,57766,750
set_covering_n100_m72_d0.3_b_w29_seed2.txt,Set Covering,100,Restricted,20000,false,min,3,0.01921,na,na,29319,57766,750
set_covering_n100_m72_d0.3_b_w29_seed2.txt,Set Covering,100,Relaxed,500,false,min,2,0.01696,na,na,22954,47353,527
set_covering_n100_m72_d0.3_b_w29_seed2.txt,Set Covering,100,Relaxed,1000,false,min,3,0.01876,na,na,29319,57766,750
set_covering_n100_m72_d0.3_b_w29_seed2.txt,Set Covering,100,Relaxed,2000,false,min,3,0.01906,na,na,29319,57766,750
set_covering_n100_m72_d0.3_b_w29_seed2.txt,Set Covering,100,Relaxed,5000,false,min,3,0.01889,na,na,29319,57766,750
set_covering_n100_m72_d0.3_b_w29_seed2.txt,Set Covering,100,Relaxed,10000,false,min,3,0.01891,na,na,29319,57766,750
set_covering_n100_m72_d0.3_b_w29_seed2.txt,Set Covering,100,Relaxed,20000,false,min,3,0.01879,na,na,29319,57766,750
set_covering_n100_m72_d0.3_b_w29_seed3.txt,Set Covering,100,Exact,99999,false,min,3,0.01893,na,na,29319,57766,750
set_covering_n100_m72_d0.3_b_w29_seed3.txt,Set Covering,100,Restricted,500,false,min,3,0.01391,na,na,23086,44949,526
set_covering_n100_m72_d0.3_b_w29_seed3.txt,Set Covering,100,Restricted,1000,false,min,3,0.01880,na,na,29319,57766,750
set_covering_n100_m72_d0.3_b_w29_seed3.txt,Set Covering,100,Restricted,2000,false,min,3,0.01859,na,na,29319,57766,750
set_covering_n100_m72_d0.3_b_w29_seed3.txt,Set Covering,100,Restricted,5000,false,min,3,0.01887,na,na,29319,57766,750
set_covering_n100_m72_d0.3_b_w29_seed3.txt,Set Covering,100,Restricted,10000,false,min,3,0.01874,na,na,29319,57766,750
set_covering_n100_m72_d0.3_b_w29_seed3.txt,Set Covering,100,Restricted,20000,false,min,3,0.01882,na,na,29319,57766,750
set_covering_n100_m72_d0.3_b_w29_seed3.txt,Set Covering,100,Relaxed,500,false,min,2,0.01660,na,na,22954,47353,527
set_covering_n100_m72_d0.3_b_w29_seed3.txt,Set Covering,100,Relaxed,1000,false,min,3,0.01889,na,na,29319,57766,750
set_covering_n100_m72_d0.3_b_w29_seed3.txt,Set Covering,100,Relaxed,2000,false,min,3,0.01889,na,na,29319,57766,750
set_covering_n100_m72_d0.3_b_w29_seed3.txt,Set Covering,100,Relaxed,5000,false,min,3,0.01869,na,na,29319,57766,750
set_covering_n100_m72_d0.3_b_w29_seed3.txt,Set Covering,100,Relaxed,10000,false,min,3,0.01848,na,na,29319,57766,750
set_covering_n100_m72_d0.3_b_w29_seed3.txt,Set Covering,100,Relaxed,20000,false,min,3,0.01922,na,na,29319,57766,750
set_covering_n100_m72_d0.3_b_w29_seed4.txt,Set Covering,100,Exact,99999,false,min,3,0.01916,na,na,29319,57766,750
set_covering_n100_m72_d0.3_b_w29_seed4.txt,Set Covering,100,Restricted,500,false,min,3,0.01388,na,na,23086,44949,526
set_covering_n100_m72_d0.3_b_w29_seed4.txt,Set Covering,100,Restricted,1000,false,min,3,0.01853,na,na,29319,57766,750
set_covering_n100_m72_d0.3_b_w29_seed4.txt,Set Covering,100,Restricted,2000,false,min,3,0.01852,na,na,29319,57766,750
set_covering_n100_m72_d0.3_b_w29_seed4.txt,Set Covering,100,Restricted,5000,false,min,3,0.01930,na,na,29319,57766,750
set_covering_n100_m72_d0.3_b_w29_seed4.txt,Set Covering,100,Restricted,10000,false,min,3,0.01880,na,na,29319,57766,750
set_covering_n100_m72_d0.3_b_w29_seed4.txt,Set Covering,100,Restricted,20000,false,min,3,0.01909,na,na,29319,57766,750
set_covering_n100_m72_d0.3_b_w29_seed4.txt,Set Covering,100,Relaxed,500,false,min,2,0.01722,na,na,22954,47353,527
set_covering_n100_m72_d0.3_b_w29_seed4.txt,Set Covering,100,Relaxed,1000,false,min,3,0.01940,na,na,29319,57766,750
set_covering_n100_m72_d0.3_b_w29_seed4.txt,Set Covering,100,Relaxed,2000,false,min,3,0.01920,na,na,29319,57766,750
set_covering_n100_m72_d0.3_b_w29_seed4.txt,Set Covering,100,Relaxed,5000,false,min,3,0.01921,na,na,29319,57766,750
set_covering_n100_m72_d0.3_b_w29_seed4.txt,Set Covering,100,Relaxed,10000,false,min,3,0.01907,na,na,29319,57766,750
set_covering_n100_m72_d0.3_b_w29_seed4.txt,Set Covering,100,Relaxed,20000,false,min,3,0.01936,na,na,29319,57766,750
set_covering_n100_m72_d0.4_b_w29_seed1.txt,Set Covering,100,Exact,99999,false,min,3,0.01936,na,na,29319,57766,750
set_covering_n100_m72_d0.4_b_w29_seed1.txt,Set Covering,100,Restricted,500,false,min,3,0.01401,na,na,23086,44949,526
set_covering_n100_m72_d0.4_b_w29_seed1.txt,Set Covering,100,Restricted,1000,false,min,3,0.01917,na,na,29319,57766,750
set_covering_n100_m72_d0.4_b_w29_seed1.txt,Set Covering,100,Restricted,2000,false,min,3,0.01907,na,na,29319,57766,750
set_covering_n100_m72_d0.4_b_w29_seed1.txt,Set Covering,100,Restricted,5000,false,min,3,0.01914,na,na,29319,57766,750
set_covering_n100_m72_d0.4_b_w29_seed1.txt,Set Covering,100,Restricted,10000,false,min,3,0.01878,na,na,29319,57766,750
set_covering_n100_m72_d0.4_b_w29_seed1.txt,Set Covering,100,Restricted,20000,false,min,3,0.01882,na,na,29319,57766,750
set_covering_n100_m72_d0.4_b_w29_seed1.txt,Set Covering,100,Relaxed,500,false,min,2,0.01726,na,na,22954,47353,527
set_covering_n100_m72_d0.4_b_w29_seed1.txt,Set Covering,100,Relaxed,1000,false,min,3,0.01940,na,na,29319,57766,750
set_covering_n100_m72_d0.4_b_w29_seed1.txt,Set Covering,100,Relaxed,2000,false,min,3,0.01995,na,na,29319,57766,750
set_covering_n100_m72_d0.4_b_w29_seed1.txt,Set Covering,100,Relaxed,5000,false,min,3,0.01875,na,na,29319,57766,750
set_covering_n100_m72_d0.4_b_w29_seed1.txt,Set Covering,100,Relaxed,10000,false,min,3,0.01909,na,na,29319,57766,750
set_covering_n100_m72_d0.4_b_w29_seed1.txt,Set Covering,100,Relaxed,20000,false,min,3,0.01909,na,na,29319,57766,750
set_covering_n100_m72_d0.4_b_w29_seed2.txt,Set Covering,100,Exact,99999,false,min,3,0.01910,na,na,29319,57766,750
set_covering_n100_m72_d0.4_b_w29_seed2.txt,Set Covering,100,Restricted,500,false,min,3,0.01394,na,na,23086,44949,526
set_covering_n100_m72_d0.4_b_w29_seed2.txt,Set Covering,100,Restricted,1000,false,min,3,0.01870,na,na,29319,57766,750
set_covering_n100_m72_d0.4_b_w29_seed2.txt,Set Covering,100,Restricted,2000,false,min,3,0.01873,na,na,29319,57766,750
set_covering_n100_m72_d0.4_b_w29_seed2.txt,Set Covering,100,Restricted,5000,false,min,3,0.01919,na,na,29319,57766,750
set_covering_n100_m72_d0.4_b_w29_seed2.txt,Set Covering,100,Restricted,10000,false,min,3,0.01884,na,na,29319,57766,750
set_covering_n100_m72_d0.4_b_w29_seed2.txt,Set Covering,100,Restricted,20000,false,min,3,0.01908,na,na,29319,57766,750
set_covering_n100_m72_d0.4_b_w29_seed2.txt,Set Covering,100,Relaxed,500,false,min,2,0.01719,na,na,22954,47353,527
set_covering_n100_m72_d0.4_b_w29_seed2.txt,Set Covering,100,Relaxed,1000,false,min,3,0.01858,na,na,29319,57766,750
set_covering_n100_m72_d0.4_b_w29_seed2.txt,Set Covering,100,Relaxed,2000,false,min,3,0.01883,na,na,29319,57766,750
set_covering_n100_m72_d0.4_b_w29_seed2.txt,Set Covering,100,Relaxed,5000,false,min,3,0.01859,na,na,29319,57766,750
set_covering_n100_m72_d0.4_b_w29_seed2.txt,Set Covering,100,Relaxed,10000,false,min,3,0.01903,na,na,29319,57766,750
set_covering_n100_m72_d0.4_b_w29_seed2.txt,Set Covering,100,Relaxed,20000,false,min,3,0.01896,na,na,29319,57766,750
set_covering_n100_m72_d0.4_b_w29_seed3.txt,Set Covering,100,Exact,99999,false,min,3,0.01910,na,na,29319,57766,750
set_covering_n100_m72_d0.4_b_w29_seed3.txt,Set Covering,100,Restricted,500,false,min,3,0.01416,na,na,23086,44949,526
set_covering_n100_m72_d0.4_b_w29_seed3.txt,Set Covering,100,Restricted,1000,false,min,3,0.01898,na,na,29319,57766,750
set_covering_n100_m72_d0.4_b_w29_seed3.txt,Set Covering,100,Restricted,2000,false,min,3,0.01866,na,na,29319,57766,750
set_covering_n100_m72_d0.4_b_w29_seed3.txt,Set Covering,100,Restricted,5000,false,min,3,0.01858,na,na,29319,57766,750
set_covering_n100_m72_d0.4_b_w29_seed3.txt,Set Covering,100,Restricted,10000,false,min,3,0.01851,na,na,29319,57766,750
set_covering_n100_m72_d0.4_b_w29_seed3.txt,Set Covering,100,Restricted,20000,false,min,3,0.01842,na,na,29319,57766,750
set_covering_n100_m72_d0.4_b_w29_seed3.txt,Set Covering,100,Relaxed,500,false,min,2,0.01642,na,na,22954,47353,527
set_covering_n100_m72_d0.4_b_w29_seed3.txt,Set Covering,100,Relaxed,1000,false,min,3,0.01841,na,na,29319,57766,750
set_covering_n100_m72_d0.4_b_w29_seed3.txt,Set Covering,100,Relaxed,2000,false,min,3,0.01860,na,na,29319,57766,750
set_covering_n100_m72_d0.4_b_w29_seed3.txt,Set Covering,100,Relaxed,5000,false,min,3,0.01888,na,na,29319,57766,750
set_covering_n100_m72_d0.4_b_w29_seed3.txt,Set Covering,100,Relaxed,10000,false,min,3,0.01914,na,na,29319,57766,750
set_covering_n100_m72_d0.4_b_w29_seed3.txt,Set Covering,100,Relaxed,20000,false,min,3,0.01866,na,na,29319,57766,750
set_covering_n100_m72_d0.4_b_w29_seed4.txt,Set Covering,100,Exact,99999,false,min,3,0.01876,na,na,29319,57766,750
set_covering_n100_m72_d0.4_b_w29_seed4.txt,Set Covering,100,Restricted,500,false,min,3,0.01404,na,na,23086,44949,526
set_covering_n100_m72_d0.4_b_w29_seed4.txt,Set Covering,100,Restricted,1000,false,min,3,0.01910,na,na,29319,57766,750
set_covering_n100_m72_d0.4_b_w29_seed4.txt,Set Covering,100,Restricted,2000,false,min,3,0.01873,na,na,29319,57766,750
set_covering_n100_m72_d0.4_b_w29_seed4.txt,Set Covering,100,Restricted,5000,false,min,3,0.01914,na,na,29319,57766,750
set_covering_n100_m72_d0.4_b_w29_seed4.txt,Set Covering,100,Restricted,10000,false,min,3,0.01862,na,na,29319,57766,750
set_covering_n100_m72_d0.4_b_w29_seed4.txt,Set Covering,100,Restricted,20000,false,min,3,0.01852,na,na,29319,57766,750
set_covering_n100_m72_d0.4_b_w29_seed4.txt,Set Covering,100,Relaxed,500,false,min,2,0.01647,na,na,22954,47353,527
set_covering_n100_m72_d0.4_b_w29_seed4.txt,Set Covering,100,Relaxed,1000,false,min,3,0.01843,na,na,29319,57766,750
set_covering_n100_m72_d0.4_b_w29_seed4.txt,Set Covering,100,Relaxed,2000,false,min,3,0.01889,na,na,29319,57766,750
set_covering_n100_m72_d0.4_b_w29_seed4.txt,Set Covering,100,Relaxed,5000,false,min,3,0.01873,na,na,29319,57766,750
set_covering_n100_m72_d0.4_b_w29_seed4.txt,Set Covering,100,Relaxed,10000,false,min,3,0.01901,na,na,29319,57766,750
set_covering_n100_m72_d0.4_b_w29_seed4.txt,Set Covering,100,Relaxed,20000,false,min,3,0.01903,na,na,29319,57766,750
set_covering_n100_m72_d0.05_b_w29_seed1.txt,Set Covering,100,Restricted,500,false,min,23,0.02395,na,na,48272,52974,1000
set_covering_n100_m72_d0.05_b_w29_seed1.txt,Set Covering,100,Restricted,1000,false,min,23,0.04756,na,na,94596,103129,2000
set_covering_n100_m72_d0.05_b_w29_seed1.txt,Set Covering,100,Restricted,2000,false,min,23,0.09728,na,na,182274,199862,4000
set_covering_n100_m72_d0.05_b_w29_seed1.txt,Set Covering,100,Restricted,5000,false,min,23,0.30723,na,na,437101,477805,10000
set_covering_n100_m72_d0.05_b_w29_seed1.txt,Set Covering,100,Restricted,10000,false,min,22,0.80460,na,na,844632,925678,20000
set_covering_n100_m72_d0.05_b_w29_seed1.txt,Set Covering,100,Relaxed,500,false,min,6,0.03116,na,na,47704,69356,1001
set_covering_n100_m72_d0.05_b_w29_seed1.txt,Set Covering,100,Restricted,20000,false,min,21,1.93863,na,na,1641190,1822505,40000
set_covering_n100_m72_d0.05_b_w29_seed1.txt,Set Covering,100,Relaxed,1000,false,min,6,0.06143,na,na,93608,135326,2001
set_covering_n100_m72_d0.05_b_w29_seed1.txt,Set Covering,100,Relaxed,2000,false,min,7,0.12620,na,na,181899,262155,4001
set_covering_n100_m72_d0.05_b_w29_seed1.txt,Set Covering,100,Relaxed,5000,false,min,7,0.38352,na,na,437089,627986,10001
set_covering_n100_m72_d0.05_b_w29_seed1.txt,Set Covering,100,Relaxed,10000,false,min,7,0.93365,na,na,844070,1213708,20001
set_covering_n100_m72_d0.5_b_w29_seed1.txt,Set Covering,100,Exact,99999,false,min,3,0.02001,na,na,29319,57766,750
set_covering_n100_m72_d0.05_b_w29_seed1.txt,Set Covering,100,Relaxed,20000,false,min,8,2.29427,na,na,1640402,2379166,40001
set_covering_n100_m72_d0.5_b_w29_seed1.txt,Set Covering,100,Restricted,500,false,min,3,0.01372,na,na,23086,44949,526
set_covering_n100_m72_d0.5_b_w29_seed1.txt,Set Covering,100,Restricted,1000,false,min,3,0.01916,na,na,29319,57766,750
set_covering_n100_m72_d0.5_b_w29_seed1.txt,Set Covering,100,Restricted,2000,false,min,3,0.01930,na,na,29319,57766,750
set_covering_n100_m72_d0.5_b_w29_seed1.txt,Set Covering,100,Restricted,5000,false,min,3,0.01936,na,na,29319,57766,750
set_covering_n100_m72_d0.5_b_w29_seed1.txt,Set Covering,100,Restricted,10000,false,min,3,0.01956,na,na,29319,57766,750
set_covering_n100_m72_d0.5_b_w29_seed1.txt,Set Covering,100,Restricted,20000,false,min,3,0.01914,na,na,29319,57766,750
set_covering_n100_m72_d0.5_b_w29_seed1.txt,Set Covering,100,Relaxed,500,false,min,2,0.01730,na,na,22954,47353,527
set_covering_n100_m72_d0.5_b_w29_seed1.txt,Set Covering,100,Relaxed,1000,false,min,3,0.01928,na,na,29319,57766,750
set_covering_n100_m72_d0.5_b_w29_seed1.txt,Set Covering,100,Relaxed,2000,false,min,3,0.01903,na,na,29319,57766,750
set_covering_n100_m72_d0.5_b_w29_seed1.txt,Set Covering,100,Relaxed,5000,false,min,3,0.01897,na,na,29319,57766,750
set_covering_n100_m72_d0.5_b_w29_seed1.txt,Set Covering,100,Relaxed,10000,false,min,3,0.01905,na,na,29319,57766,750
set_covering_n100_m72_d0.5_b_w29_seed1.txt,Set Covering,100,Relaxed,20000,false,min,3,0.01865,na,na,29319,57766,750
set_covering_n100_m72_d0.05_b_w29_seed2.txt,Set Covering,100,Restricted,500,false,min,23,0.02641,na,na,52728,57518,1000
set_covering_n100_m72_d0.05_b_w29_seed2.txt,Set Covering,100,Restricted,1000,false,min,23,0.04886,na,na,101763,111259,2000
set_covering_n100_m72_d0.05_b_w29_seed2.txt,Set Covering,100,Restricted,2000,false,min,23,0.10270,na,na,199316,218249,4000
set_covering_n100_m72_d0.05_b_w29_seed2.txt,Set Covering,100,Restricted,5000,false,min,23,0.32966,na,na,479736,525941,10000
set_covering_n100_m72_d0.05_b_w29_seed2.txt,Set Covering,100,Restricted,10000,false,min,22,0.78070,na,na,927096,1022341,20000
set_covering_n100_m72_d0.05_b_w29_seed2.txt,Set Covering,100,Relaxed,500,false,min,5,0.03161,na,na,48159,73678,1001
set_covering_n100_m72_d0.05_b_w29_seed2.txt,Set Covering,100,Restricted,20000,false,min,21,2.15660,na,na,1785873,1973834,40000
set_covering_n100_m72_d0.05_b_w29_seed2.txt,Set Covering,100,Relaxed,1000,false,min,5,0.06474,na,na,101788,147914,2001
set_covering_n100_m72_d0.05_b_w29_seed2.txt,Set Covering,100,Relaxed,2000,false,min,6,0.14040,na,na,198840,287659,4001
set_covering_n100_m72_d0.05_b_w29_seed2.txt,Set Covering,100,Relaxed,5000,false,min,6,0.43809,na,na,479336,691809,10001
set_covering_n100_m72_d0.05_b_w29_seed2.txt,Set Covering,100,Relaxed,10000,false,min,6,1.05594,na,na,925261,1338123,20001
set_covering_n100_m72_d0.5_b_w29_seed2.txt,Set Covering,100,Exact,99999,false,min,3,0.01941,na,na,29319,57766,750
set_covering_n100_m72_d0.05_b_w29_seed2.txt,Set Covering,100,Relaxed,20000,false,min,7,2.58214,na,na,1780139,2582330,40001
set_covering_n100_m72_d0.5_b_w29_seed2.txt,Set Covering,100,Restricted,500,false,min,3,0.01441,na,na,23086,44949,526
set_covering_n100_m72_d0.5_b_w29_seed2.txt,Set Covering,100,Restricted,1000,false,min,3,0.01913,na,na,29319,57766,750
set_covering_n100_m72_d0.5_b_w29_seed2.txt,Set Covering,100,Restricted,2000,false,min,3,0.01936,na,na,29319,57766,750
set_covering_n100_m72_d0.5_b_w29_seed2.txt,Set Covering,100,Restricted,5000,false,min,3,0.01929,na,na,29319,57766,750
set_covering_n100_m72_d0.5_b_w29_seed2.txt,Set Covering,100,Restricted,10000,false,min,3,0.01913,na,na,29319,57766,750
set_covering_n100_m72_d0.5_b_w29_seed2.txt,Set Covering,100,Restricted,20000,false,min,3,0.01891,na,na,29319,57766,750
set_covering_n100_m72_d0.5_b_w29_seed2.txt,Set Covering,100,Relaxed,500,false,min,2,0.01664,na,na,22954,47353,527
set_covering_n100_m72_d0.5_b_w29_seed2.txt,Set Covering,100,Relaxed,1000,false,min,3,0.01943,na,na,29319,57766,750
set_covering_n100_m72_d0.5_b_w29_seed2.txt,Set Covering,100,Relaxed,2000,false,min,3,0.01952,na,na,29319,57766,750
set_covering_n100_m72_d0.5_b_w29_seed2.txt,Set Covering,100,Relaxed,5000,false,min,3,0.01953,na,na,29319,57766,750
set_covering_n100_m72_d0.5_b_w29_seed2.txt,Set Covering,100,Relaxed,10000,false,min,3,0.01952,na,na,29319,57766,750
set_covering_n100_m72_d0.5_b_w29_seed2.txt,Set Covering,100,Relaxed,20000,false,min,3,0.01951,na,na,29319,57766,750
set_covering_n100_m72_d0.05_b_w29_seed3.txt,Set Covering,100,Restricted,500,false,min,24,0.02636,na,na,51911,57313,1000
set_covering_n100_m72_d0.05_b_w29_seed3.txt,Set Covering,100,Restricted,1000,false,min,24,0.05099,na,na,101796,112097,2000
set_covering_n100_m72_d0.05_b_w29_seed3.txt,Set Covering,100,Restricted,2000,false,min,23,0.10523,na,na,195178,216068,4000
set_covering_n100_m72_d0.05_b_w29_seed3.txt,Set Covering,100,Restricted,5000,false,min,23,0.32436,na,na,465693,511648,10000
set_covering_n100_m72_d0.05_b_w29_seed3.txt,Set Covering,100,Restricted,10000,false,min,22,0.86697,na,na,903265,1001997,20000
set_covering_n100_m72_d0.05_b_w29_seed3.txt,Set Covering,100,Restricted,20000,false,min,22,2.13138,na,na,1744629,1945108,40000
set_covering_n100_m72_d0.05_b_w29_seed3.txt,Set Covering,100,Relaxed,500,false,min,4,0.03348,na,na,51491,76664,1001
set_covering_n100_m72_d0.05_b_w29_seed3.txt,Set Covering,100,Relaxed,1000,false,min,4,0.06427,na,na,101185,147578,2001
set_covering_n100_m72_d0.05_b_w29_seed3.txt,Set Covering,100,Relaxed,2000,false,min,5,0.13635,na,na,194862,284256,4001
set_covering_n100_m72_d0.05_b_w29_seed3.txt,Set Covering,100,Relaxed,5000,false,min,5,0.43203,na,na,467520,680059,10001
set_covering_n100_m72_d0.05_b_w29_seed3.txt,Set Covering,100,Relaxed,10000,false,min,5,1.08325,na,na,903337,1317241,20001
set_covering_n100_m72_d0.5_b_w29_seed3.txt,Set Covering,100,Exact,99999,false,min,3,0.02008,na,na,29319,57766,750
set_covering_n100_m72_d0.05_b_w29_seed3.txt,Set Covering,100,Relaxed,20000,false,min,5,2.59834,na,na,1744135,2548326,40001
set_covering_n100_m72_d0.5_b_w29_seed3.txt,Set Covering,100,Restricted,500,false,min,3,0.01446,na,na,23086,44949,526
set_covering_n100_m72_d0.5_b_w29_seed3.txt,Set Covering,100,Restricted,1000,false,min,3,0.01908,na,na,29319,57766,750
set_covering_n100_m72_d0.5_b_w29_seed3.txt,Set Covering,100,Restricted,2000,false,min,3,0.01950,na,na,29319,57766,750
set_covering_n100_m72_d0.5_b_w29_seed3.txt,Set Covering,100,Restricted,5000,false,min,3,0.01967,na,na,29319,57766,750
set_covering_n100_m72_d0.5_b_w29_seed3.txt,Set Covering,100,Restricted,10000,false,min,3,0.01965,na,na,29319,57766,750
set_covering_n100_m72_d0.5_b_w29_seed3.txt,Set Covering,100,Restricted,20000,false,min,3,0.01955,na,na,29319,57766,750
set_covering_n100_m72_d0.5_b_w29_seed3.txt,Set Covering,100,Relaxed,500,false,min,2,0.01748,na,na,22954,47353,527
set_covering_n100_m72_d0.5_b_w29_seed3.txt,Set Covering,100,Relaxed,1000,false,min,3,0.01963,na,na,29319,57766,750
set_covering_n100_m72_d0.5_b_w29_seed3.txt,Set Covering,100,Relaxed,2000,false,min,3,0.01949,na,na,29319,57766,750
set_covering_n100_m72_d0.5_b_w29_seed3.txt,Set Covering,100,Relaxed,5000,false,min,3,0.01960,na,na,29319,57766,750
set_covering_n100_m72_d0.5_b_w29_seed3.txt,Set Covering,100,Relaxed,10000,false,min,3,0.01920,na,na,29319,57766,750
set_covering_n100_m72_d0.5_b_w29_seed3.txt,Set Covering,100,Relaxed,20000,false,min,3,0.01962,na,na,29319,57766,750
set_covering_n100_m72_d0.05_b_w29_seed4.txt,Set Covering,100,Restricted,500,false,min,25,0.02647,na,na,52357,55936,1000
set_covering_n100_m72_d0.05_b_w29_seed4.txt,Set Covering,100,Restricted,1000,false,min,25,0.05098,na,na,102568,109591,2000
set_covering_n100_m72_d0.05_b_w29_seed4.txt,Set Covering,100,Restricted,2000,false,min,24,0.10956,na,na,200428,215623,4000
set_covering_n100_m72_d0.05_b_w29_seed4.txt,Set Covering,100,Restricted,5000,false,min,23,0.35466,na,na,483250,525768,10000
set_covering_n100_m72_d0.05_b_w29_seed4.txt,Set Covering,100,Restricted,10000,false,min,23,0.89478,na,na,939300,1022487,20000
set_covering_n100_m72_d0.05_b_w29_seed4.txt,Set Covering,100,Restricted,20000,false,min,22,2.11094,na,na,1801806,1980036,39988
set_covering_n100_m72_d0.05_b_w29_seed4.txt,Set Covering,100,Relaxed,500,false,min,6,0.03328,na,na,51288,83067,1001
set_covering_n100_m72_d0.05_b_w29_seed4.txt,Set Covering,100,Relaxed,1000,false,min,7,0.06329,na,na,97431,153387,2001
set_covering_n100_m72_d0.05_b_w29_seed4.txt,Set Covering,100,Relaxed,2000,false,min,8,0.13336,na,na,183395,286258,4001
set_covering_n100_m72_d0.05_b_w29_seed4.txt,Set Covering,100,Relaxed,5000,false,min,8,0.43955,na,na,482691,715242,10001
set_covering_n100_m72_d0.05_b_w29_seed4.txt,Set Covering,100,Relaxed,10000,false,min,8,1.08196,na,na,939166,1378139,20001
set_covering_n100_m72_d0.05_b_w29_seed4.txt,Set Covering,100,Relaxed,20000,false,min,8,2.71901,na,na,1801326,2628329,39988
set_covering_n100_m72_d0.5_b_w29_seed4.txt,Set Covering,100,Exact,99999,false,min,3,0.01985,na,na,29319,57766,750
set_covering_n100_m72_d0.5_b_w29_seed4.txt,Set Covering,100,Restricted,500,false,min,3,0.01444,na,na,23086,44949,526
set_covering_n100_m72_d0.5_b_w29_seed4.txt,Set Covering,100,Restricted,1000,false,min,3,0.01985,na,na,29319,57766,750
set_covering_n100_m72_d0.5_b_w29_seed4.txt,Set Covering,100,Restricted,2000,false,min,3,0.01969,na,na,29319,57766,750
set_covering_n100_m72_d0.5_b_w29_seed4.txt,Set Covering,100,Restricted,5000,false,min,3,0.01969,na,na,29319,57766,750
set_covering_n100_m72_d0.5_b_w29_seed4.txt,Set Covering,100,Restricted,10000,false,min,3,0.01945,na,na,29319,57766,750
set_covering_n100_m72_d0.5_b_w29_seed4.txt,Set Covering,100,Restricted,20000,false,min,3,0.01943,na,na,29319,57766,750
set_covering_n100_m72_d0.5_b_w29_seed4.txt,Set Covering,100,Relaxed,500,false,min,2,0.01753,na,na,22954,47353,527
set_covering_n100_m72_d0.5_b_w29_seed4.txt,Set Covering,100,Relaxed,1000,false,min,3,0.01938,na,na,29319,57766,750
set_covering_n100_m72_d0.5_b_w29_seed4.txt,Set Covering,100,Relaxed,2000,false,min,3,0.01958,na,na,29319,57766,750
set_covering_n100_m72_d0.5_b_w29_seed4.txt,Set Covering,100,Relaxed,5000,false,min,3,0.01959,na,na,29319,57766,750
set_covering_n100_m72_d0.5_b_w29_seed4.txt,Set Covering,100,Relaxed,10000,false,min,3,0.01884,na,na,29319,57766,750
set_covering_n100_m72_d0.5_b_w29_seed4.txt,Set Covering,100,Relaxed,20000,false,min,3,0.01966,na,na,29319,57766,750
set_covering_n100_m72_d0.15_b_w29_seed1.txt,Set Covering,100,Restricted,500,false,min,9,0.03594,na,na,67153,74227,1000
set_covering_n100_m72_d0.15_b_w29_seed1.txt,Set Covering,100,Restricted,1000,false,min,9,0.06801,na,na,129078,146565,2000
set_covering_n100_m72_d0.15_b_w29_seed1.txt,Set Covering,100,Restricted,2000,false,min,8,0.14301,na,na,246752,283447,4000
set_covering_n100_m72_d0.15_b_w29_seed1.txt,Set Covering,100,Restricted,5000,false,min,8,0.45510,na,na,573994,665581,9989
set_covering_n100_m72_d0.15_b_w29_seed1.txt,Set Covering,100,Restricted,10000,false,min,8,1.09937,na,na,1071385,1265193,19857
set_covering_n100_m72_d0.15_b_w29_seed1.txt,Set Covering,100,Restricted,20000,false,min,8,2.56565,na,na,1992682,2420215,39576
set_covering_n100_m72_d0.15_b_w29_seed1.txt,Set Covering,100,Relaxed,500,false,min,2,0.04554,na,na,67014,102273,1000
set_covering_n100_m72_d0.15_b_w29_seed1.txt,Set Covering,100,Relaxed,1000,false,min,3,0.08903,na,na,129010,199598,1998
set_covering_n100_m72_d0.15_b_w29_seed1.txt,Set Covering,100,Relaxed,2000,false,min,3,0.18655,na,na,245852,381603,3999
set_covering_n100_m72_d0.15_b_w29_seed1.txt,Set Covering,100,Relaxed,5000,false,min,3,0.54665,na,na,574074,896021,9989
set_covering_n100_m72_d0.15_b_w29_seed1.txt,Set Covering,100,Relaxed,10000,false,min,4,1.31867,na,na,1071595,1691091,19854
set_covering_n100_m72_d0.15_b_w29_seed1.txt,Set Covering,100,Relaxed,20000,false,min,4,3.20337,na,na,1992659,3192020,39571
set_covering_n100_m72_d0.15_b_w29_seed2.txt,Set Covering,100,Restricted,500,false,min,9,0.03563,na,na,67744,76128,1000
set_covering_n100_m72_d0.15_b_w29_seed2.txt,Set Covering,100,Restricted,1000,false,min,8,0.06787,na,na,130233,148552,2000
set_covering_n100_m72_d0.15_b_w29_seed2.txt,Set Covering,100,Restricted,2000,false,min,8,0.13944,na,na,249210,288162,4000
set_covering_n100_m72_d0.15_b_w29_seed2.txt,Set Covering,100,Restricted,5000,false,min,8,0.42464,na,na,581735,680908,9956
set_covering_n100_m72_d0.15_b_w29_seed2.txt,Set Covering,100,Restricted,10000,false,min,8,1.05903,na,na,1078725,1284387,19871
set_covering_n100_m72_d0.15_b_w29_seed2.txt,Set Covering,100,Restricted,20000,false,min,8,2.48181,na,na,2002646,2442273,39580
set_covering_n100_m72_d0.15_b_w29_seed2.txt,Set Covering,100,Relaxed,500,false,min,3,0.04556,na,na,67707,104543,1001
set_covering_n100_m72_d0.15_b_w29_seed2.txt,Set Covering,100,Relaxed,1000,false,min,3,0.08922,na,na,130344,202440,1999
set_covering_n100_m72_d0.15_b_w29_seed2.txt,Set Covering,100,Relaxed,2000,false,min,3,0.18639,na,na,249347,389283,3999
set_covering_n100_m72_d0.15_b_w29_seed2.txt,Set Covering,100,Relaxed,5000,false,min,3,0.57056,na,na,581842,915911,9958
set_covering_n100_m72_d0.15_b_w29_seed2.txt,Set Covering,100,Relaxed,10000,false,min,4,1.36627,na,na,1079453,1719118,19874
set_covering_n100_m72_d0.15_b_w29_seed2.txt,Set Covering,100,Relaxed,20000,false,min,4,3.13010,na,na,2004023,3235086,39589
set_covering_n100_m72_d0.15_b_w29_seed3.txt,Set Covering,100,Restricted,500,false,min,10,0.03326,na,na,63780,70646,1000
set_covering_n100_m72_d0.15_b_w29_seed3.txt,Set Covering,100,Restricted,1000,false,min,9,0.06540,na,na,124754,139894,2000
set_covering_n100_m72_d0.15_b_w29_seed3.txt,Set Covering,100,Restricted,2000,false,min,9,0.13292,na,na,238665,271870,3999
set_covering_n100_m72_d0.15_b_w29_seed3.txt,Set Covering,100,Restricted,5000,false,min,9,0.37569,na,na,549347,636268,9990
set_covering_n100_m72_d0.15_b_w29_seed3.txt,Set Covering,100,Restricted,10000,false,min,8,0.95734,na,na,1029064,1225976,19914
set_covering_n100_m72_d0.15_b_w29_seed3.txt,Set Covering,100,Restricted,20000,false,min,8,2.46470,na,na,1909058,2304398,39715
set_covering_n100_m72_d0.15_b_w29_seed3.txt,Set Covering,100,Relaxed,500,false,min,2,0.04200,na,na,63666,97199,1001
set_covering_n100_m72_d0.15_b_w29_seed3.txt,Set Covering,100,Relaxed,1000,false,min,3,0.08279,na,na,124439,191916,2001
set_covering_n100_m72_d0.15_b_w29_seed3.txt,Set Covering,100,Relaxed,2000,false,min,3,0.18784,na,na,238604,369612,4000
set_covering_n100_m72_d0.15_b_w29_seed3.txt,Set Covering,100,Relaxed,5000,false,min,3,0.53984,na,na,549397,857081,9988
set_covering_n100_m72_d0.15_b_w29_seed3.txt,Set Covering,100,Relaxed,10000,false,min,4,1.23469,na,na,1029717,1629936,19914
set_covering_n100_m72_d0.15_b_w29_seed3.txt,Set Covering,100,Relaxed,20000,false,min,4,2.90020,na,na,1908005,3042300,39713
set_covering_n100_m72_d0.15_b_w29_seed4.txt,Set Covering,100,Restricted,500,false,min,9,0.03530,na,na,66563,74809,1000
set_covering_n100_m72_d0.15_b_w29_seed4.txt,Set Covering,100,Restricted,1000,false,min,9,0.06796,na,na,128041,145066,2000
set_covering_n100_m72_d0.15_b_w29_seed4.txt,Set Covering,100,Restricted,2000,false,min,8,0.13629,na,na,242883,278714,4000
set_covering_n100_m72_d0.15_b_w29_seed4.txt,Set Covering,100,Restricted,5000,false,min,8,0.44517,na,na,567316,663884,9993
set_covering_n100_m72_d0.15_b_w29_seed4.txt,Set Covering,100,Restricted,10000,false,min,8,0.97309,na,na,1057793,1259082,19917
set_covering_n100_m72_d0.15_b_w29_seed4.txt,Set Covering,100,Restricted,20000,false,min,7,2.39155,na,na,1958025,2385148,39744
set_covering_n100_m72_d0.15_b_w29_seed4.txt,Set Covering,100,Relaxed,500,false,min,2,0.04356,na,na,66467,102325,1001
set_covering_n100_m72_d0.15_b_w29_seed4.txt,Set Covering,100,Relaxed,1000,false,min,3,0.08714,na,na,127708,197437,2000
set_covering_n100_m72_d0.15_b_w29_seed4.txt,Set Covering,100,Relaxed,2000,false,min,3,0.18496,na,na,242574,376818,3997
set_covering_n100_m72_d0.15_b_w29_seed4.txt,Set Covering,100,Relaxed,5000,false,min,3,0.57222,na,na,567189,892097,9991
set_covering_n100_m72_d0.15_b_w29_seed4.txt,Set Covering,100,Relaxed,10000,false,min,3,1.30169,na,na,1057687,1676435,19915
set_covering_n100_m72_d0.15_b_w29_seed4.txt,Set Covering,100,Relaxed,20000,false,min,4,3.21575,na,na,1957735,3133681,39743
set_covering_n100_m72_d0.25_b_w29_seed1.txt,Set Covering,100,Exact,99999,false,min,4,0.53692,na,na,564261,1066540,35281
set_covering_n100_m72_d0.25_b_w29_seed1.txt,Set Covering,100,Restricted,500,false,min,4,0.02975,na,na,50315,70863,956
set_covering_n100_m72_d0.25_b_w29_seed1.txt,Set Covering,100,Restricted,1000,false,min,4,0.05249,na,na,86981,129968,1813
set_covering_n100_m72_d0.25_b_w29_seed1.txt,Set Covering,100,Restricted,2000,false,min,4,0.08980,na,na,146428,231935,3512
set_covering_n100_m72_d0.25_b_w29_seed1.txt,Set Covering,100,Restricted,5000,false,min,4,0.18090,na,na,272158,462320,7678
set_covering_n100_m72_d0.25_b_w29_seed1.txt,Set Covering,100,Restricted,10000,false,min,4,0.28559,na,na,390326,687256,14405
set_covering_n100_m72_d0.25_b_w29_seed1.txt,Set Covering,100,Restricted,20000,false,min,4,0.41701,na,na,501018,915778,24687
set_covering_n100_m72_d0.25_b_w29_seed1.txt,Set Covering,100,Relaxed,500,false,min,2,0.03791,na,na,50344,89980,952
set_covering_n100_m72_d0.25_b_w29_seed1.txt,Set Covering,100,Relaxed,1000,false,min,2,0.06939,na,na,86747,159148,1814
set_covering_n100_m72_d0.25_b_w29_seed1.txt,Set Covering,100,Relaxed,2000,false,min,3,0.12510,na,na,146389,273398,3514
set_covering_n100_m72_d0.25_b_w29_seed1.txt,Set Covering,100,Relaxed,5000,false,min,3,0.26096,na,na,272361,513784,7679
set_covering_n100_m72_d0.25_b_w29_seed1.txt,Set Covering,100,Relaxed,10000,false,min,4,0.40145,na,na,390318,739350,14406
set_covering_n100_m72_d0.25_b_w29_seed1.txt,Set Covering,100,Relaxed,20000,false,min,4,0.56251,na,na,501018,952912,24687
set_covering_n100_m72_d0.25_b_w29_seed2.txt,Set Covering,100,Exact,99999,false,min,4,0.53129,na,na,567824,1079191,35736
set_covering_n100_m72_d0.25_b_w29_seed2.txt,Set Covering,100,Restricted,500,false,min,4,0.02882,na,na,48939,70331,916
set_covering_n100_m72_d0.25_b_w29_seed2.txt,Set Covering,100,Restricted,1000,false,min,4,0.04928,na,na,83413,128191,1785
set_covering_n100_m72_d0.25_b_w29_seed2.txt,Set Covering,100,Restricted,2000,false,min,4,0.08329,na,na,139101,226383,3451
set_covering_n100_m72_d0.25_b_w29_seed2.txt,Set Covering,100,Restricted,5000,false,min,4,0.17142,na,na,255587,437224,7656
set_covering_n100_m72_d0.25_b_w29_seed2.txt,Set Covering,100,Restricted,10000,false,min,4,0.26262,na,na,366644,650141,13577
set_covering_n100_m72_d0.25_b_w29_seed2.txt,Set Covering,100,Restricted,20000,false,min,4,0.41637,na,na,485529,889411,24087
set_covering_n100_m72_d0.25_b_w29_seed2.txt,Set Covering,100,Relaxed,500,false,min,2,0.03640,na,na,48879,88051,914
set_covering_n100_m72_d0.25_b_w29_seed2.txt,Set Covering,100,Relaxed,1000,false,min,3,0.06644,na,na,83352,153050,1786
set_covering_n100_m72_d0.25_b_w29_seed2.txt,Set Covering,100,Relaxed,2000,false,min,3,0.11391,na,na,138885,260053,3453
set_covering_n100_m72_d0.25_b_w29_seed2.txt,Set Covering,100,Relaxed,5000,false,min,3,0.23928,na,na,255553,482862,7656
set_covering_n100_m72_d0.25_b_w29_seed2.txt,Set Covering,100,Relaxed,10000,false,min,4,0.37826,na,na,366644,694282,13577
set_covering_n100_m72_d0.25_b_w29_seed2.txt,Set Covering,100,Relaxed,20000,false,min,4,0.59559,na,na,485529,923470,24087
set_covering_n100_m72_d0.25_b_w29_seed3.txt,Set Covering,100,Exact,99999,false,min,4,0.69012,na,na,690767,1310240,51202
set_covering_n100_m72_d0.25_b_w29_seed3.txt,Set Covering,100,Restricted,500,false,min,4,0.02741,na,na,47528,67625,942
set_covering_n100_m72_d0.25_b_w29_seed3.txt,Set Covering,100,Restricted,1000,false,min,4,0.04553,na,na,78192,115705,1827
set_covering_n100_m72_d0.25_b_w29_seed3.txt,Set Covering,100,Restricted,2000,false,min,4,0.08005,na,na,133519,208232,3454
set_covering_n100_m72_d0.25_b_w29_seed3.txt,Set Covering,100,Restricted,5000,false,min,4,0.18439,na,na,256701,423941,8028
set_covering_n100_m72_d0.25_b_w29_seed3.txt,Set Covering,100,Restricted,10000,false,min,4,0.33907,na,na,395297,684070,14400
set_covering_n100_m72_d0.25_b_w29_seed3.txt,Set Covering,100,Restricted,20000,false,min,4,0.51104,na,na,545117,982971,26532
set_covering_n100_m72_d0.25_b_w29_seed3.txt,Set Covering,100,Relaxed,500,false,min,2,0.03532,na,na,47483,84248,941
set_covering_n100_m72_d0.25_b_w29_seed3.txt,Set Covering,100,Relaxed,1000,false,min,3,0.06088,na,na,78229,142050,1828
set_covering_n100_m72_d0.25_b_w29_seed3.txt,Set Covering,100,Relaxed,2000,false,min,3,0.10751,na,na,133431,247312,3447
set_covering_n100_m72_d0.25_b_w29_seed3.txt,Set Covering,100,Relaxed,5000,false,min,3,0.25173,na,na,256498,484684,8022
set_covering_n100_m72_d0.25_b_w29_seed3.txt,Set Covering,100,Relaxed,10000,false,min,4,0.42982,na,na,395297,751195,14400
set_covering_n100_m72_d0.25_b_w29_seed3.txt,Set Covering,100,Relaxed,20000,false,min,4,0.67402,na,na,545117,1036570,26532
set_covering_n100_m72_d0.25_b_w29_seed4.txt,Set Covering,100,Exact,99999,false,min,4,0.78758,na,na,750378,1423035,55131
set_covering_n100_m72_d0.25_b_w29_seed4.txt,Set Covering,100,Restricted,500,false,min,4,0.02631,na,na,46135,65485,938
set_covering_n100_m72_d0.25_b_w29_seed4.txt,Set Covering,100,Restricted,1000,false,min,4,0.04557,na,na,78566,116288,1733
set_covering_n100_m72_d0.25_b_w29_seed4.txt,Set Covering,100,Restricted,2000,false,min,4,0.07739,na,na,131541,202422,3296
set_covering_n100_m72_d0.25_b_w29_seed4.txt,Set Covering,100,Restricted,5000,false,min,4,0.17504,na,na,249041,401276,8073
set_covering_n100_m72_d0.25_b_w29_seed4.txt,Set Covering,100,Restricted,10000,false,min,4,0.34124,na,na,401232,687239,14712
set_covering_n100_m72_d0.25_b_w29_seed4.txt,Set Covering,100,Restricted,20000,false,min,4,0.55264,na,na,561319,1001340,27290
set_covering_n100_m72_d0.25_b_w29_seed4.txt,Set Covering,100,Relaxed,500,false,min,2,0.03396,na,na,46103,81716,936
set_covering_n100_m72_d0.25_b_w29_seed4.txt,Set Covering,100,Relaxed,1000,false,min,3,0.06035,na,na,78392,142632,1731
set_covering_n100_m72_d0.25_b_w29_seed4.txt,Set Covering,100,Relaxed,2000,false,min,3,0.10540,na,na,131585,242807,3291
set_covering_n100_m72_d0.25_b_w29_seed4.txt,Set Covering,100,Relaxed,5000,false,min,3,0.25716,na,na,249033,466736,8077
set_covering_n100_m72_d0.25_b_w29_seed4.txt,Set Covering,100,Relaxed,10000,false,min,4,0.48122,na,na,401232,759529,14712
set_covering_n100_m72_d0.25_b_w29_seed4.txt,Set Covering,100,Relaxed,20000,false,min,4,0.68630,na,na,561319,1066100,27290
set_covering_n100_m72_d0.35_b_w29_seed1.txt,Set Covering,100,Exact,99999,false,min,3,0.01949,na,na,29319,57766,750
set_covering_n100_m72_d0.35_b_w29_seed1.txt,Set Covering,100,Restricted,500,false,min,3,0.01438,na,na,23086,44949,526
set_covering_n100_m72_d0.35_b_w29_seed1.txt,Set Covering,100,Restricted,1000,false,min,3,0.01956,na,na,29319,57766,750
set_covering_n100_m72_d0.35_b_w29_seed1.txt,Set Covering,100,Restricted,2000,false,min,3,0.01960,na,na,29319,57766,750
set_covering_n100_m72_d0.35_b_w29_seed1.txt,Set Covering,100,Restricted,5000,false,min,3,0.01946,na,na,29319,57766,750
set_covering_n100_m72_d0.35_b_w29_seed1.txt,Set Covering,100,Restricted,10000,false,min,3,0.01980,na,na,29319,57766,750
set_covering_n100_m72_d0.35_b_w29_seed1.txt,Set Covering,100,Restricted,20000,false,min,3,0.02145,na,na,29319,57766,750
set_covering_n100_m72_d0.35_b_w29_seed1.txt,Set Covering,100,Relaxed,500,false,min,2,0.01751,na,na,22954,47353,527
set_covering_n100_m72_d0.35_b_w29_seed1.txt,Set Covering,100,Relaxed,1000,false,min,3,0.01943,na,na,29319,57766,750
set_covering_n100_m72_d0.35_b_w29_seed1.txt,Set Covering,100,Relaxed,2000,false,min,3,0.01967,na,na,29319,57766,750
set_covering_n100_m72_d0.35_b_w29_seed1.txt,Set Covering,100,Relaxed,5000,false,min,3,0.01968,na,na,29319,57766,750
set_covering_n100_m72_d0.35_b_w29_seed1.txt,Set Covering,100,Relaxed,10000,false,min,3,0.01966,na,na,29319,57766,750
set_covering_n100_m72_d0.35_b_w29_seed1.txt,Set Covering,100,Relaxed,20000,false,min,3,0.01938,na,na,29319,57766,750
set_covering_n100_m72_d0.35_b_w29_seed2.txt,Set Covering,100,Exact,99999,false,min,3,0.01951,na,na,29319,57766,750
set_covering_n100_m72_d0.35_b_w29_seed2.txt,Set Covering,100,Restricted,500,false,min,3,0.01444,na,na,23086,44949,526
set_covering_n100_m72_d0.35_b_w29_seed2.txt,Set Covering,100,Restricted,1000,false,min,3,0.01962,na,na,29319,57766,750
set_covering_n100_m72_d0.35_b_w29_seed2.txt,Set Covering,100,Restricted,2000,false,min,3,0.01955,na,na,29319,57766,750
set_covering_n100_m72_d0.35_b_w29_seed2.txt,Set Covering,100,Restricted,5000,false,min,3,0.01992,na,na,29319,57766,750
set_covering_n100_m72_d0.35_b_w29_seed2.txt,Set Covering,100,Restricted,10000,false,min,3,0.01968,na,na,29319,57766,750
set_covering_n100_m72_d0.35_b_w29_seed2.txt,Set Covering,100,Restricted,20000,false,min,3,0.01961,na,na,29319,57766,750
set_covering_n100_m72_d0.35_b_w29_seed2.txt,Set Covering,100,Relaxed,500,false,min,2,0.01776,na,na,22954,47353,527
set_covering_n100_m72_d0.35_b_w29_seed2.txt,Set Covering,100,Relaxed,1000,false,min,3,0.01986,na,na,29319,57766,750
set_covering_n100_m72_d0.35_b_w29_seed2.txt,Set Covering,100,Relaxed,2000,false,min,3,0.01958,na,na,29319,57766,750
set_covering_n100_m72_d0.35_b_w29_seed2.txt,Set Covering,100,Relaxed,5000,false,min,3,0.01957,na,na,29319,57766,750
set_covering_n100_m72_d0.35_b_w29_seed2.txt,Set Covering,100,Relaxed,10000,false,min,3,0.01966,na,na,29319,57766,750
set_covering_n100_m72_d0.35_b_w29_seed2.txt,Set Covering,100,Relaxed,20000,false,min,3,0.01954,na,na,29319,57766,750
set_covering_n100_m72_d0.35_b_w29_seed3.txt,Set Covering,100,Exact,99999,false,min,3,0.01944,na,na,29319,57766,750
set_covering_n100_m72_d0.35_b_w29_seed3.txt,Set Covering,100,Restricted,500,false,min,3,0.01446,na,na,23086,44949,526
set_covering_n100_m72_d0.35_b_w29_seed3.txt,Set Covering,100,Restricted,1000,false,min,3,0.01934,na,na,29319,57766,750
set_covering_n100_m72_d0.35_b_w29_seed3.txt,Set Covering,100,Restricted,2000,false,min,3,0.01957,na,na,29319,57766,750
set_covering_n100_m72_d0.35_b_w29_seed3.txt,Set Covering,100,Restricted,5000,false,min,3,0.01969,na,na,29319,57766,750
set_covering_n100_m72_d0.35_b_w29_seed3.txt,Set Covering,100,Restricted,10000,false,min,3,0.01986,na,na,29319,57766,750
set_covering_n100_m72_d0.35_b_w29_seed3.txt,Set Covering,100,Restricted,20000,false,min,3,0.01981,na,na,29319,57766,750
set_covering_n100_m72_d0.35_b_w29_seed3.txt,Set Covering,100,Relaxed,500,false,min,2,0.01784,na,na,22954,47353,527
set_covering_n100_m72_d0.35_b_w29_seed3.txt,Set Covering,100,Relaxed,1000,false,min,3,0.01963,na,na,29319,57766,750
set_covering_n100_m72_d0.35_b_w29_seed3.txt,Set Covering,100,Relaxed,2000,false,min,3,0.01943,na,na,29319,57766,750
set_covering_n100_m72_d0.35_b_w29_seed3.txt,Set Covering,100,Relaxed,5000,false,min,3,0.01953,na,na,29319,57766,750
set_covering_n100_m72_d0.35_b_w29_seed3.txt,Set Covering,100,Relaxed,10000,false,min,3,0.01967,na,na,29319,57766,750
set_covering_n100_m72_d0.35_b_w29_seed3.txt,Set Covering,100,Relaxed,20000,false,min,3,0.01960,na,na,29319,57766,750
set_covering_n100_m72_d0.35_b_w29_seed4.txt,Set Covering,100,Exact,99999,false,min,3,0.01945,na,na,29319,57766,750
set_covering_n100_m72_d0.35_b_w29_seed4.txt,Set Covering,100,Restricted,500,false,min,3,0.01438,na,na,23086,44949,526
set_covering_n100_m72_d0.35_b_w29_seed4.txt,Set Covering,100,Restricted,1000,false,min,3,0.01956,na,na,29319,57766,750
set_covering_n100_m72_d0.35_b_w29_seed4.txt,Set Covering,100,Restricted,2000,false,min,3,0.01970,na,na,29319,57766,750
set_covering_n100_m72_d0.35_b_w29_seed4.txt,Set Covering,100,Restricted,5000,false,min,3,0.01954,na,na,29319,57766,750
set_covering_n100_m72_d0.35_b_w29_seed4.txt,Set Covering,100,Restricted,10000,false,min,3,0.01965,na,na,29319,57766,750
set_covering_n100_m72_d0.35_b_w29_seed4.txt,Set Covering,100,Restricted,20000,false,min,3,0.01971,na,na,29319,57766,750
set_covering_n100_m72_d0.35_b_w29_seed4.txt,Set Covering,100,Relaxed,500,false,min,2,0.01745,na,na,22954,47353,527
set_covering_n100_m72_d0.35_b_w29_seed4.txt,Set Covering,100,Relaxed,1000,false,min,3,0.01961,na,na,29319,57766,750
set_covering_n100_m72_d0.35_b_w29_seed4.txt,Set Covering,100,Relaxed,2000,false,min,3,0.01964,na,na,29319,57766,750
set_covering_n100_m72_d0.35_b_w29_seed4.txt,Set Covering,100,Relaxed,5000,false,min,3,0.01946,na,na,29319,57766,750
set_covering_n100_m72_d0.35_b_w29_seed4.txt,Set Covering,100,Relaxed,10000,false,min,3,0.01965,na,na,29319,57766,750
set_covering_n100_m72_d0.35_b_w29_seed4.txt,Set Covering,100,Relaxed,20000,false,min,3,0.01946,na,na,29319,57766,750
set_covering_n100_m72_d0.45_b_w29_seed1.txt,Set Covering,100,Exact,99999,false,min,3,0.01957,na,na,29319,57766,750
set_covering_n100_m72_d0.45_b_w29_seed1.txt,Set Covering,100,Restricted,500,false,min,3,0.01437,na,na,23086,44949,526
set_covering_n100_m72_d0.45_b_w29_seed1.txt,Set Covering,100,Restricted,1000,false,min,3,0.01973,na,na,29319,57766,750
set_covering_n100_m72_d0.45_b_w29_seed1.txt,Set Covering,100,Restricted,2000,false,min,3,0.01947,na,na,29319,57766,750
set_covering_n100_m72_d0.45_b_w29_seed1.txt,Set Covering,100,Restricted,5000,false,min,3,0.01968,na,na,29319,57766,750
set_covering_n100_m72_d0.45_b_w29_seed1.txt,Set Covering,100,Restricted,10000,false,min,3,0.01959,na,na,29319,57766,750
set_covering_n100_m72_d0.45_b_w29_seed1.txt,Set Covering,100,Restricted,20000,false,min,3,0.01968,na,na,29319,57766,750
set_covering_n100_m72_d0.45_b_w29_seed1.txt,Set Covering,100,Relaxed,500,false,min,2,0.01790,na,na,22954,47353,527
set_covering_n100_m72_d0.45_b_w29_seed1.txt,Set Covering,100,Relaxed,1000,false,min,3,0.01967,na,na,29319,57766,750
set_covering_n100_m72_d0.45_b_w29_seed1.txt,Set Covering,100,Relaxed,2000,false,min,3,0.01962,na,na,29319,57766,750
set_covering_n100_m72_d0.45_b_w29_seed1.txt,Set Covering,100,Relaxed,5000,false,min,3,0.01966,na,na,29319,57766,750
set_covering_n100_m72_d0.45_b_w29_seed1.txt,Set Covering,100,Relaxed,10000,false,min,3,0.01909,na,na,29319,57766,750
set_covering_n100_m72_d0.45_b_w29_seed1.txt,Set Covering,100,Relaxed,20000,false,min,3,0.01901,na,na,29319,57766,750
set_covering_n100_m72_d0.45_b_w29_seed2.txt,Set Covering,100,Exact,99999,false,min,3,0.01956,na,na,29319,57766,750
set_covering_n100_m72_d0.45_b_w29_seed2.txt,Set Covering,100,Restricted,500,false,min,3,0.01411,na,na,23086,44949,526
set_covering_n100_m72_d0.45_b_w29_seed2.txt,Set Covering,100,Restricted,1000,false,min,3,0.01865,na,na,29319,57766,750
set_covering_n100_m72_d0.45_b_w29_seed2.txt,Set Covering,100,Restricted,2000,false,min,3,0.01853,na,na,29319,57766,750
set_covering_n100_m72_d0.45_b_w29_seed2.txt,Set Covering,100,Restricted,5000,false,min,3,0.02087,na,na,29319,57766,750
set_covering_n100_m72_d0.45_b_w29_seed2.txt,Set Covering,100,Restricted,10000,false,min,3,0.01890,na,na,29319,57766,750
set_covering_n100_m72_d0.45_b_w29_seed2.txt,Set Covering,100,Restricted,20000,false,min,3,0.01968,na,na,29319,57766,750
set_covering_n100_m72_d0.45_b_w29_seed2.txt,Set Covering,100,Relaxed,500,false,min,2,0.01667,na,na,22954,47353,527
set_covering_n100_m72_d0.45_b_w29_seed2.txt,Set Covering,100,Relaxed,1000,false,min,3,0.01921,na,na,29319,57766,750
set_covering_n100_m72_d0.45_b_w29_seed2.txt,Set Covering,100,Relaxed,2000,false,min,3,0.01891,na,na,29319,57766,750
set_covering_n100_m72_d0.45_b_w29_seed2.txt,Set Covering,100,Relaxed,5000,false,min,3,0.01917,na,na,29319,57766,750
set_covering_n100_m72_d0.45_b_w29_seed2.txt,Set Covering,100,Relaxed,10000,false,min,3,0.01908,na,na,29319,57766,750
set_covering_n100_m72_d0.45_b_w29_seed2.txt,Set Covering,100,Relaxed,20000,false,min,3,0.01914,na,na,29319,57766,750
set_covering_n100_m72_d0.45_b_w29_seed3.txt,Set Covering,100,Exact,99999,false,min,3,0.01958,na,na,29319,57766,750
set_covering_n100_m72_d0.45_b_w29_seed3.txt,Set Covering,100,Restricted,500,false,min,3,0.01398,na,na,23086,44949,526
set_covering_n100_m72_d0.45_b_w29_seed3.txt,Set Covering,100,Restricted,1000,false,min,3,0.01933,na,na,29319,57766,750
set_covering_n100_m72_d0.45_b_w29_seed3.txt,Set Covering,100,Restricted,2000,false,min,3,0.01902,na,na,29319,57766,750
set_covering_n100_m72_d0.45_b_w29_seed3.txt,Set Covering,100,Restricted,5000,false,min,3,0.01927,na,na,29319,57766,750
set_covering_n100_m72_d0.45_b_w29_seed3.txt,Set Covering,100,Restricted,10000,false,min,3,0.01925,na,na,29319,57766,750
set_covering_n100_m72_d0.45_b_w29_seed3.txt,Set Covering,100,Restricted,20000,false,min,3,0.01904,na,na,29319,57766,750
set_covering_n100_m72_d0.45_b_w29_seed3.txt,Set Covering,100,Relaxed,500,false,min,2,0.01721,na,na,22954,47353,527
set_covering_n100_m72_d0.45_b_w29_seed3.txt,Set Covering,100,Relaxed,1000,false,min,3,0.01923,na,na,29319,57766,750
set_covering_n100_m72_d0.45_b_w29_seed3.txt,Set Covering,100,Relaxed,2000,false,min,3,0.01880,na,na,29319,57766,750
set_covering_n100_m72_d0.45_b_w29_seed3.txt,Set Covering,100,Relaxed,5000,false,min,3,0.01912,na,na,29319,57766,750
set_covering_n100_m72_d0.45_b_w29_seed3.txt,Set Covering,100,Relaxed,10000,false,min,3,0.01922,na,na,29319,57766,750
set_covering_n100_m72_d0.45_b_w29_seed3.txt,Set Covering,100,Relaxed,20000,false,min,3,0.01909,na,na,29319,57766,750
set_covering_n100_m72_d0.45_b_w29_seed4.txt,Set Covering,100,Exact,99999,false,min,3,0.01950,na,na,29319,57766,750
set_covering_n100_m72_d0.45_b_w29_seed4.txt,Set Covering,100,Restricted,500,false,min,3,0.01404,na,na,23086,44949,526
set_covering_n100_m72_d0.45_b_w29_seed4.txt,Set Covering,100,Restricted,1000,false,min,3,0.01888,na,na,29319,57766,750
set_covering_n100_m72_d0.45_b_w29_seed4.txt,Set Covering,100,Restricted,2000,false,min,3,0.01861,na,na,29319,57766,750
set_covering_n100_m72_d0.45_b_w29_seed4.txt,Set Covering,100,Restricted,5000,false,min,3,0.01903,na,na,29319,57766,750
set_covering_n100_m72_d0.45_b_w29_seed4.txt,Set Covering,100,Restricted,10000,false,min,3,0.01932,na,na,29319,57766,750
set_covering_n100_m72_d0.45_b_w29_seed4.txt,Set Covering,100,Restricted,20000,false,min,3,0.01920,na,na,29319,57766,750
set_covering_n100_m72_d0.45_b_w29_seed4.txt,Set Covering,100,Relaxed,500,false,min,2,0.01706,na,na,22954,47353,527
set_covering_n100_m72_d0.45_b_w29_seed4.txt,Set Covering,100,Relaxed,1000,false,min,3,0.01962,na,na,29319,57766,750
set_covering_n100_m72_d0.45_b_w29_seed4.txt,Set Covering,100,Relaxed,2000,false,min,3,0.01935,na,na,29319,57766,750
set_covering_n100_m72_d0.45_b_w29_seed4.txt,Set Covering,100,Relaxed,5000,false,min,3,0.01955,na,na,29319,57766,750
set_covering_n100_m72_d0.45_b_w29_seed4.txt,Set Covering,100,Relaxed,10000,false,min,3,0.01980,na,na,29319,57766,750
set_covering_n100_m72_d0.45_b_w29_seed4.txt,Set Covering,100,Relaxed,20000,false,min,3,0.01968,na,na,29319,57766,750
set_covering_n100_m75_d0.1_b_w26_seed1.txt,Set Covering,100,Restricted,500,false,min,15,0.03355,na,na,65022,71315,1000
set_covering_n100_m75_d0.1_b_w26_seed1.txt,Set Covering,100,Restricted,1000,false,min,14,0.06353,na,na,125001,137988,2000
set_covering_n100_m75_d0.1_b_w26_seed1.txt,Set Covering,100,Restricted,2000,false,min,14,0.12842,na,na,240289,263359,4000
set_covering_n100_m75_d0.1_b_w26_seed1.txt,Set Covering,100,Restricted,5000,false,min,14,0.42000,na,na,569494,618560,10000
set_covering_n100_m75_d0.1_b_w26_seed1.txt,Set Covering,100,Restricted,10000,false,min,14,1.08194,na,na,1089557,1176082,19991
set_covering_n100_m75_d0.1_b_w26_seed1.txt,Set Covering,100,Relaxed,500,false,min,2,0.04219,na,na,64478,96460,1001
set_covering_n100_m75_d0.1_b_w26_seed1.txt,Set Covering,100,Restricted,20000,false,min,13,2.66660,na,na,2085539,2258532,39990
set_covering_n100_m75_d0.1_b_w26_seed1.txt,Set Covering,100,Relaxed,1000,false,min,3,0.08092,na,na,125346,187710,2001
set_covering_n100_m75_d0.1_b_w26_seed1.txt,Set Covering,100,Relaxed,2000,false,min,3,0.16907,na,na,240617,359157,4001
set_covering_n100_m75_d0.1_b_w26_seed1.txt,Set Covering,100,Relaxed,5000,false,min,3,0.53971,na,na,569407,848640,9999
set_covering_n100_m75_d0.1_b_w26_seed1.txt,Set Covering,100,Relaxed,10000,false,min,4,1.30044,na,na,1089698,1621470,19988
set_covering_n100_m75_d0.1_b_w26_seed2.txt,Set Covering,100,Restricted,500,false,min,14,0.03283,na,na,62558,68060,1000
set_covering_n100_m75_d0.1_b_w26_seed1.txt,Set Covering,100,Relaxed,20000,false,min,4,3.20920,na,na,2085959,3117801,39989
set_covering_n100_m75_d0.1_b_w26_seed2.txt,Set Covering,100,Restricted,1000,false,min,13,0.06125,na,na,120720,131922,2000
set_covering_n100_m75_d0.1_b_w26_seed2.txt,Set Covering,100,Restricted,2000,false,min,13,0.12335,na,na,231387,253368,4000
set_covering_n100_m75_d0.1_b_w26_seed2.txt,Set Covering,100,Restricted,5000,false,min,12,0.39900,na,na,562601,619648,9999
set_covering_n100_m75_d0.1_b_w26_seed2.txt,Set Covering,100,Restricted,10000,false,min,12,0.97637,na,na,1076976,1186017,19993
set_covering_n100_m75_d0.1_b_w26_seed2.txt,Set Covering,100,Relaxed,500,false,min,2,0.04021,na,na,62500,93302,1001
set_covering_n100_m75_d0.1_b_w26_seed2.txt,Set Covering,100,Restricted,20000,false,min,12,2.62361,na,na,2063220,2265869,39970
set_covering_n100_m75_d0.1_b_w26_seed2.txt,Set Covering,100,Relaxed,1000,false,min,3,0.07943,na,na,120278,179881,2000
set_covering_n100_m75_d0.1_b_w26_seed2.txt,Set Covering,100,Relaxed,2000,false,min,3,0.16586,na,na,231565,346403,4000
set_covering_n100_m75_d0.1_b_w26_seed2.txt,Set Covering,100,Relaxed,5000,false,min,3,0.52792,na,na,562940,844115,9998
set_covering_n100_m75_d0.1_b_w26_seed2.txt,Set Covering,100,Relaxed,10000,false,min,4,1.32264,na,na,1077174,1616089,19992
set_covering_n100_m75_d0.1_b_w26_seed3.txt,Set Covering,100,Restricted,500,false,min,16,0.03254,na,na,63806,68534,1000
set_covering_n100_m75_d0.1_b_w26_seed2.txt,Set Covering,100,Relaxed,20000,false,min,4,3.32761,na,na,2064030,3095353,39970
set_covering_n100_m75_d0.1_b_w26_seed3.txt,Set Covering,100,Restricted,1000,false,min,15,0.06333,na,na,124196,133509,2000
set_covering_n100_m75_d0.1_b_w26_seed3.txt,Set Covering,100,Restricted,2000,false,min,15,0.13313,na,na,240641,261098,4000
set_covering_n100_m75_d0.1_b_w26_seed3.txt,Set Covering,100,Restricted,5000,false,min,14,0.41486,na,na,569768,617594,10000
set_covering_n100_m75_d0.1_b_w26_seed3.txt,Set Covering,100,Restricted,10000,false,min,14,1.12108,na,na,1106443,1208042,19997
set_covering_n100_m75_d0.1_b_w26_seed3.txt,Set Covering,100,Relaxed,500,false,min,2,0.04201,na,na,63702,94520,1001
set_covering_n100_m75_d0.1_b_w26_seed3.txt,Set Covering,100,Restricted,20000,false,min,13,2.70670,na,na,2135517,2350278,39981
set_covering_n100_m75_d0.1_b_w26_seed3.txt,Set Covering,100,Relaxed,1000,false,min,3,0.08387,na,na,124020,183933,2001
set_covering_n100_m75_d0.1_b_w26_seed3.txt,Set Covering,100,Relaxed,2000,false,min,3,0.17516,na,na,240407,357545,4001
set_covering_n100_m75_d0.1_b_w26_seed3.txt,Set Covering,100,Relaxed,5000,false,min,3,0.56216,na,na,568770,846807,10001
set_covering_n100_m75_d0.1_b_w26_seed3.txt,Set Covering,100,Relaxed,10000,false,min,4,1.29107,na,na,1105799,1654445,19996
set_covering_n100_m75_d0.1_b_w26_seed3.txt,Set Covering,100,Relaxed,20000,false,min,4,3.33187,na,na,2135591,3211037,39980
set_covering_n100_m75_d0.1_b_w26_seed4.txt,Set Covering,100,Restricted,500,false,min,12,0.03262,na,na,62894,68799,1000
set_covering_n100_m75_d0.1_b_w26_seed4.txt,Set Covering,100,Restricted,1000,false,min,12,0.06209,na,na,121637,133128,2000
set_covering_n100_m75_d0.1_b_w26_seed4.txt,Set Covering,100,Restricted,2000,false,min,12,0.12812,na,na,235555,257396,4000
set_covering_n100_m75_d0.1_b_w26_seed4.txt,Set Covering,100,Restricted,5000,false,min,12,0.41679,na,na,566750,622499,10000
set_covering_n100_m75_d0.1_b_w26_seed4.txt,Set Covering,100,Restricted,10000,false,min,12,1.07395,na,na,1098788,1215733,19997
set_covering_n100_m75_d0.1_b_w26_seed4.txt,Set Covering,100,Restricted,20000,false,min,12,2.69205,na,na,2113288,2354439,39970
set_covering_n100_m75_d0.1_b_w26_seed4.txt,Set Covering,100,Relaxed,500,false,min,3,0.04193,na,na,62604,94311,1001
set_covering_n100_m75_d0.1_b_w26_seed4.txt,Set Covering,100,Relaxed,1000,false,min,4,0.08135,na,na,121057,182196,2001
set_covering_n100_m75_d0.1_b_w26_seed4.txt,Set Covering,100,Relaxed,2000,false,min,4,0.17334,na,na,235482,353360,4001
set_covering_n100_m75_d0.1_b_w26_seed4.txt,Set Covering,100,Relaxed,5000,false,min,4,0.55635,na,na,566821,853675,9999
set_covering_n100_m75_d0.1_b_w26_seed4.txt,Set Covering,100,Relaxed,10000,false,min,4,1.43240,na,na,1098762,1664003,19999
set_covering_n100_m75_d0.1_b_w26_seed4.txt,Set Covering,100,Relaxed,20000,false,min,4,3.39108,na,na,2113616,3213399,39971
set_covering_n100_m75_d0.2_b_w26_seed1.txt,Set Covering,100,Exact,99999,false,min,5,19.99125,na,na,12898666,24296656,1035854
set_covering_n100_m75_d0.2_b_w26_seed1.txt,Set Covering,100,Restricted,500,false,min,6,0.03168,na,na,59247,73197,997
set_covering_n100_m75_d0.2_b_w26_seed1.txt,Set Covering,100,Restricted,1000,false,min,6,0.05941,na,na,108425,137695,1985
set_covering_n100_m75_d0.2_b_w26_seed1.txt,Set Covering,100,Restricted,2000,false,min,6,0.11564,na,na,199333,259944,3945
set_covering_n100_m75_d0.2_b_w26_seed1.txt,Set Covering,100,Restricted,5000,false,min,6,0.29477,na,na,415200,550914,9643
set_covering_n100_m75_d0.2_b_w26_seed1.txt,Set Covering,100,Restricted,10000,false,min,5,0.63736,na,na,700407,951264,18739
set_covering_n100_m75_d0.2_b_w26_seed1.txt,Set Covering,100,Restricted,20000,false,min,5,1.36601,na,na,1201411,1675391,36011
set_covering_n100_m75_d0.2_b_w26_seed1.txt,Set Covering,100,Relaxed,500,false,min,2,0.04127,na,na,59148,95911,996
set_covering_n100_m75_d0.2_b_w26_seed1.txt,Set Covering,100,Relaxed,1000,false,min,3,0.07878,na,na,108272,178822,1984
set_covering_n100_m75_d0.2_b_w26_seed1.txt,Set Covering,100,Relaxed,2000,false,min,3,0.15831,na,na,199265,333271,3942
set_covering_n100_m75_d0.2_b_w26_seed1.txt,Set Covering,100,Relaxed,5000,false,min,3,0.40995,na,na,415025,703609,9646
set_covering_n100_m75_d0.2_b_w26_seed1.txt,Set Covering,100,Relaxed,10000,false,min,3,0.87308,na,na,700385,1212169,18732
set_covering_n100_m75_d0.2_b_w26_seed1.txt,Set Covering,100,Relaxed,20000,false,min,4,1.78015,na,na,1201579,2115308,35999
set_covering_n100_m75_d0.2_b_w26_seed2.txt,Set Covering,100,Exact,99999,false,min,5,33.21008,na,na,19628472,36838734,1713426
set_covering_n100_m75_d0.2_b_w26_seed2.txt,Set Covering,100,Restricted,500,false,min,7,0.03130,na,na,58638,70750,1000
set_covering_n100_m75_d0.2_b_w26_seed2.txt,Set Covering,100,Restricted,1000,false,min,7,0.05841,na,na,107205,132934,1998
set_covering_n100_m75_d0.2_b_w26_seed2.txt,Set Covering,100,Restricted,2000,false,min,6,0.11310,na,na,195353,250282,3980
set_covering_n100_m75_d0.2_b_w26_seed2.txt,Set Covering,100,Restricted,5000,false,min,6,0.32163,na,na,412754,540702,9764
set_covering_n100_m75_d0.2_b_w26_seed2.txt,Set Covering,100,Restricted,10000,false,min,6,0.72686,na,na,714108,951468,19334
set_covering_n100_m75_d0.2_b_w26_seed2.txt,Set Covering,100,Restricted,20000,false,min,5,1.53932,na,na,1218781,1666834,37668
set_covering_n100_m75_d0.2_b_w26_seed2.txt,Set Covering,100,Relaxed,500,false,min,2,0.04045,na,na,58603,94439,999
set_covering_n100_m75_d0.2_b_w26_seed2.txt,Set Covering,100,Relaxed,1000,false,min,2,0.07719,na,na,107248,174920,1997
set_covering_n100_m75_d0.2_b_w26_seed2.txt,Set Covering,100,Relaxed,2000,false,min,3,0.15274,na,na,194976,323706,3981
set_covering_n100_m75_d0.2_b_w26_seed2.txt,Set Covering,100,Relaxed,5000,false,min,3,0.40098,na,na,412482,695416,9760
set_covering_n100_m75_d0.2_b_w26_seed2.txt,Set Covering,100,Relaxed,10000,false,min,3,0.86951,na,na,714208,1217398,19331
set_covering_n100_m75_d0.2_b_w26_seed2.txt,Set Covering,100,Relaxed,20000,false,min,4,1.93279,na,na,1218409,2106019,37675
set_covering_n100_m75_d0.2_b_w26_seed3.txt,Set Covering,100,Exact,99999,false,min,5,16.82662,na,na,10588423,19958533,700469
set_covering_n100_m75_d0.2_b_w26_seed3.txt,Set Covering,100,Restricted,500,false,min,6,0.03235,na,na,58494,71157,999
set_covering_n100_m75_d0.2_b_w26_seed3.txt,Set Covering,100,Restricted,1000,false,min,6,0.06049,na,na,109627,136579,1980
set_covering_n100_m75_d0.2_b_w26_seed3.txt,Set Covering,100,Restricted,2000,false,min,5,0.11620,na,na,200435,255820,3907
set_covering_n100_m75_d0.2_b_w26_seed3.txt,Set Covering,100,Restricted,5000,false,min,5,0.31364,na,na,421706,548685,9597
set_covering_n100_m75_d0.2_b_w26_seed3.txt,Set Covering,100,Restricted,10000,false,min,5,0.72551,na,na,722621,966174,18775
set_covering_n100_m75_d0.2_b_w26_seed3.txt,Set Covering,100,Restricted,20000,false,min,5,1.57562,na,na,1237063,1733971,36814
set_covering_n100_m75_d0.2_b_w26_seed3.txt,Set Covering,100,Relaxed,500,false,min,2,0.04056,na,na,58421,94547,998
set_covering_n100_m75_d0.2_b_w26_seed3.txt,Set Covering,100,Relaxed,1000,false,min,2,0.07937,na,na,109432,179977,1980
set_covering_n100_m75_d0.2_b_w26_seed3.txt,Set Covering,100,Relaxed,2000,false,min,3,0.15675,na,na,200435,332147,3904
set_covering_n100_m75_d0.2_b_w26_seed3.txt,Set Covering,100,Relaxed,5000,false,min,3,0.43038,na,na,421208,712377,9603
set_covering_n100_m75_d0.2_b_w26_seed3.txt,Set Covering,100,Relaxed,10000,false,min,3,0.93829,na,na,722924,1252257,18771
set_covering_n100_m75_d0.2_b_w26_seed3.txt,Set Covering,100,Relaxed,20000,false,min,4,1.90301,na,na,1236984,2195818,36818
set_covering_n100_m75_d0.2_b_w26_seed4.txt,Set Covering,100,Exact,99999,false,min,5,36.00200,na,na,21428844,40269040,1967106
set_covering_n100_m75_d0.2_b_w26_seed4.txt,Set Covering,100,Restricted,500,false,min,6,0.03235,na,na,58002,69916,999
set_covering_n100_m75_d0.2_b_w26_seed4.txt,Set Covering,100,Restricted,1000,false,min,6,0.05843,na,na,106957,132172,1987
set_covering_n100_m75_d0.2_b_w26_seed4.txt,Set Covering,100,Restricted,2000,false,min,6,0.11355,na,na,197501,251135,3931
set_covering_n100_m75_d0.2_b_w26_seed4.txt,Set Covering,100,Restricted,5000,false,min,6,0.32269,na,na,421382,551470,9728
set_covering_n100_m75_d0.2_b_w26_seed4.txt,Set Covering,100,Restricted,10000,false,min,6,0.72548,na,na,727101,972534,18804
set_covering_n100_m75_d0.2_b_w26_seed4.txt,Set Covering,100,Relaxed,500,false,min,3,0.04061,na,na,57987,93522,997
set_covering_n100_m75_d0.2_b_w26_seed4.txt,Set Covering,100,Restricted,20000,false,min,5,1.55170,na,na,1243574,1714079,36152
set_covering_n100_m75_d0.2_b_w26_seed4.txt,Set Covering,100,Relaxed,1000,false,min,3,0.07745,na,na,106941,174518,1985
set_covering_n100_m75_d0.2_b_w26_seed4.txt,Set Covering,100,Relaxed,2000,false,min,3,0.15729,na,na,197695,327546,3932
set_covering_n100_m75_d0.2_b_w26_seed4.txt,Set Covering,100,Relaxed,5000,false,min,3,0.43763,na,na,421681,712009,9730
set_covering_n100_m75_d0.2_b_w26_seed4.txt,Set Covering,100,Relaxed,10000,false,min,3,0.95253,na,na,727321,1245901,18795
set_covering_n100_m75_d0.3_b_w26_seed1.txt,Set Covering,100,Exact,99999,false,min,3,0.01958,na,na,28301,55625,675
set_covering_n100_m75_d0.2_b_w26_seed4.txt,Set Covering,100,Relaxed,20000,false,min,4,1.89282,na,na,1243247,2164743,36173
set_covering_n100_m75_d0.3_b_w26_seed1.txt,Set Covering,100,Restricted,500,false,min,3,0.01469,na,na,22700,44212,518
set_covering_n100_m75_d0.3_b_w26_seed1.txt,Set Covering,100,Restricted,1000,false,min,3,0.01921,na,na,28301,55625,675
set_covering_n100_m75_d0.3_b_w26_seed1.txt,Set Covering,100,Restricted,2000,false,min,3,0.01862,na,na,28301,55625,675
set_covering_n100_m75_d0.3_b_w26_seed1.txt,Set Covering,100,Restricted,5000,false,min,3,0.01862,na,na,28301,55625,675
set_covering_n100_m75_d0.3_b_w26_seed1.txt,Set Covering,100,Restricted,10000,false,min,3,0.01923,na,na,28301,55625,675
set_covering_n100_m75_d0.3_b_w26_seed1.txt,Set Covering,100,Restricted,20000,false,min,3,0.01826,na,na,28301,55625,675
set_covering_n100_m75_d0.3_b_w26_seed1.txt,Set Covering,100,Relaxed,500,false,min,3,0.01772,na,na,22676,47656,518
set_covering_n100_m75_d0.3_b_w26_seed1.txt,Set Covering,100,Relaxed,1000,false,min,3,0.01898,na,na,28301,55625,675
set_covering_n100_m75_d0.3_b_w26_seed1.txt,Set Covering,100,Relaxed,2000,false,min,3,0.01913,na,na,28301,55625,675
set_covering_n100_m75_d0.3_b_w26_seed1.txt,Set Covering,100,Relaxed,5000,false,min,3,0.01816,na,na,28301,55625,675
set_covering_n100_m75_d0.3_b_w26_seed1.txt,Set Covering,100,Relaxed,10000,false,min,3,0.01922,na,na,28301,55625,675
set_covering_n100_m75_d0.3_b_w26_seed1.txt,Set Covering,100,Relaxed,20000,false,min,3,0.01918,na,na,28301,55625,675
set_covering_n100_m75_d0.3_b_w26_seed2.txt,Set Covering,100,Exact,99999,false,min,3,0.01851,na,na,28301,55625,675
set_covering_n100_m75_d0.3_b_w26_seed2.txt,Set Covering,100,Restricted,500,false,min,3,0.01413,na,na,22700,44212,518
set_covering_n100_m75_d0.3_b_w26_seed2.txt,Set Covering,100,Restricted,1000,false,min,3,0.01806,na,na,28301,55625,675
set_covering_n100_m75_d0.3_b_w26_seed2.txt,Set Covering,100,Restricted,2000,false,min,3,0.01896,na,na,28301,55625,675
set_covering_n100_m75_d0.3_b_w26_seed2.txt,Set Covering,100,Restricted,5000,false,min,3,0.01856,na,na,28301,55625,675
set_covering_n100_m75_d0.3_b_w26_seed2.txt,Set Covering,100,Restricted,10000,false,min,3,0.01901,na,na,28301,55625,675
set_covering_n100_m75_d0.3_b_w26_seed2.txt,Set Covering,100,Restricted,20000,false,min,3,0.01861,na,na,28301,55625,675
set_covering_n100_m75_d0.3_b_w26_seed2.txt,Set Covering,100,Relaxed,500,false,min,3,0.01744,na,na,22676,47656,518
set_covering_n100_m75_d0.3_b_w26_seed2.txt,Set Covering,100,Relaxed,1000,false,min,3,0.01905,na,na,28301,55625,675
set_covering_n100_m75_d0.3_b_w26_seed2.txt,Set Covering,100,Relaxed,2000,false,min,3,0.01840,na,na,28301,55625,675
set_covering_n100_m75_d0.3_b_w26_seed2.txt,Set Covering,100,Relaxed,5000,false,min,3,0.01864,na,na,28301,55625,675
set_covering_n100_m75_d0.3_b_w26_seed2.txt,Set Covering,100,Relaxed,10000,false,min,3,0.01911,na,na,28301,55625,675
set_covering_n100_m75_d0.3_b_w26_seed2.txt,Set Covering,100,Relaxed,20000,false,min,3,0.01830,na,na,28301,55625,675
set_covering_n100_m75_d0.3_b_w26_seed3.txt,Set Covering,100,Exact,99999,false,min,3,0.01897,na,na,28301,55625,675
set_covering_n100_m75_d0.3_b_w26_seed3.txt,Set Covering,100,Restricted,500,false,min,3,0.01426,na,na,22700,44212,518
set_covering_n100_m75_d0.3_b_w26_seed3.txt,Set Covering,100,Restricted,1000,false,min,3,0.01837,na,na,28301,55625,675
set_covering_n100_m75_d0.3_b_w26_seed3.txt,Set Covering,100,Restricted,2000,false,min,3,0.01892,na,na,28301,55625,675
set_covering_n100_m75_d0.3_b_w26_seed3.txt,Set Covering,100,Restricted,5000,false,min,3,0.01838,na,na,28301,55625,675
set_covering_n100_m75_d0.3_b_w26_seed3.txt,Set Covering,100,Restricted,10000,false,min,3,0.01835,na,na,28301,55625,675
set_covering_n100_m75_d0.3_b_w26_seed3.txt,Set Covering,100,Restricted,20000,false,min,3,0.01842,na,na,28301,55625,675
set_covering_n100_m75_d0.3_b_w26_seed3.txt,Set Covering,100,Relaxed,500,false,min,3,0.01740,na,na,22676,47656,518
set_covering_n100_m75_d0.3_b_w26_seed3.txt,Set Covering,100,Relaxed,1000,false,min,3,0.01826,na,na,28301,55625,675
set_covering_n100_m75_d0.3_b_w26_seed3.txt,Set Covering,100,Relaxed,2000,false,min,3,0.01890,na,na,28301,55625,675
set_covering_n100_m75_d0.3_b_w26_seed3.txt,Set Covering,100,Relaxed,5000,false,min,3,0.01839,na,na,28301,55625,675
set_covering_n100_m75_d0.3_b_w26_seed3.txt,Set Covering,100,Relaxed,10000,false,min,3,0.01828,na,na,28301,55625,675
set_covering_n100_m75_d0.3_b_w26_seed3.txt,Set Covering,100,Relaxed,20000,false,min,3,0.01839,na,na,28301,55625,675
set_covering_n100_m75_d0.3_b_w26_seed4.txt,Set Covering,100,Exact,99999,false,min,3,0.01834,na,na,28301,55625,675
set_covering_n100_m75_d0.3_b_w26_seed4.txt,Set Covering,100,Restricted,500,false,min,3,0.01424,na,na,22700,44212,518
set_covering_n100_m75_d0.3_b_w26_seed4.txt,Set Covering,100,Restricted,1000,false,min,3,0.01814,na,na,28301,55625,675
set_covering_n100_m75_d0.3_b_w26_seed4.txt,Set Covering,100,Restricted,2000,false,min,3,0.01888,na,na,28301,55625,675
set_covering_n100_m75_d0.3_b_w26_seed4.txt,Set Covering,100,Restricted,5000,false,min,3,0.01892,na,na,28301,55625,675
set_covering_n100_m75_d0.3_b_w26_seed4.txt,Set Covering,100,Restricted,10000,false,min,3,0.01811,na,na,28301,55625,675
set_covering_n100_m75_d0.3_b_w26_seed4.txt,Set Covering,100,Restricted,20000,false,min,3,0.01821,na,na,28301,55625,675
set_covering_n100_m75_d0.3_b_w26_seed4.txt,Set Covering,100,Relaxed,500,false,min,3,0.01815,na,na,22676,47656,518
set_covering_n100_m75_d0.3_b_w26_seed4.txt,Set Covering,100,Relaxed,1000,false,min,3,0.01800,na,na,28301,55625,675
set_covering_n100_m75_d0.3_b_w26_seed4.txt,Set Covering,100,Relaxed,2000,false,min,3,0.01827,na,na,28301,55625,675
set_covering_n100_m75_d0.3_b_w26_seed4.txt,Set Covering,100,Relaxed,5000,false,min,3,0.01883,na,na,28301,55625,675
set_covering_n100_m75_d0.3_b_w26_seed4.txt,Set Covering,100,Relaxed,10000,false,min,3,0.01824,na,na,28301,55625,675
set_covering_n100_m75_d0.3_b_w26_seed4.txt,Set Covering,100,Relaxed,20000,false,min,3,0.01837,na,na,28301,55625,675
set_covering_n100_m75_d0.4_b_w26_seed1.txt,Set Covering,100,Exact,99999,false,min,3,0.01903,na,na,28301,55625,675
set_covering_n100_m75_d0.4_b_w26_seed1.txt,Set Covering,100,Restricted,500,false,min,3,0.01426,na,na,22700,44212,518
set_covering_n100_m75_d0.4_b_w26_seed1.txt,Set Covering,100,Restricted,1000,false,min,3,0.01832,na,na,28301,55625,675
set_covering_n100_m75_d0.4_b_w26_seed1.txt,Set Covering,100,Restricted,2000,false,min,3,0.01816,na,na,28301,55625,675
set_covering_n100_m75_d0.4_b_w26_seed1.txt,Set Covering,100,Restricted,5000,false,min,3,0.01788,na,na,28301,55625,675
set_covering_n100_m75_d0.4_b_w26_seed1.txt,Set Covering,100,Restricted,10000,false,min,3,0.01825,na,na,28301,55625,675
set_covering_n100_m75_d0.4_b_w26_seed1.txt,Set Covering,100,Restricted,20000,false,min,3,0.01802,na,na,28301,55625,675
set_covering_n100_m75_d0.4_b_w26_seed1.txt,Set Covering,100,Relaxed,500,false,min,3,0.01753,na,na,22676,47656,518
set_covering_n100_m75_d0.4_b_w26_seed1.txt,Set Covering,100,Relaxed,1000,false,min,3,0.01846,na,na,28301,55625,675
set_covering_n100_m75_d0.4_b_w26_seed1.txt,Set Covering,100,Relaxed,2000,false,min,3,0.01821,na,na,28301,55625,675
set_covering_n100_m75_d0.4_b_w26_seed1.txt,Set Covering,100,Relaxed,5000,false,min,3,0.01825,na,na,28301,55625,675
set_covering_n100_m75_d0.4_b_w26_seed1.txt,Set Covering,100,Relaxed,10000,false,min,3,0.01814,na,na,28301,55625,675
set_covering_n100_m75_d0.4_b_w26_seed1.txt,Set Covering,100,Relaxed,20000,false,min,3,0.01818,na,na,28301,55625,675
set_covering_n100_m75_d0.4_b_w26_seed2.txt,Set Covering,100,Exact,99999,false,min,3,0.01829,na,na,28301,55625,675
set_covering_n100_m75_d0.4_b_w26_seed2.txt,Set Covering,100,Restricted,500,false,min,3,0.01401,na,na,22700,44212,518
set_covering_n100_m75_d0.4_b_w26_seed2.txt,Set Covering,100,Restricted,1000,false,min,3,0.01811,na,na,28301,55625,675
set_covering_n100_m75_d0.4_b_w26_seed2.txt,Set Covering,100,Restricted,2000,false,min,3,0.01837,na,na,28301,55625,675
set_covering_n100_m75_d0.4_b_w26_seed2.txt,Set Covering,100,Restricted,5000,false,min,3,0.01840,na,na,28301,55625,675
set_covering_n100_m75_d0.4_b_w26_seed2.txt,Set Covering,100,Restricted,10000,false,min,3,0.01839,na,na,28301,55625,675
set_covering_n100_m75_d0.4_b_w26_seed2.txt,Set Covering,100,Restricted,20000,false,min,3,0.01829,na,na,28301,55625,675
set_covering_n100_m75_d0.4_b_w26_seed2.txt,Set Covering,100,Relaxed,500,false,min,3,0.01760,na,na,22676,47656,518
set_covering_n100_m75_d0.4_b_w26_seed2.txt,Set Covering,100,Relaxed,1000,false,min,3,0.01830,na,na,28301,55625,675
set_covering_n100_m75_d0.4_b_w26_seed2.txt,Set Covering,100,Relaxed,2000,false,min,3,0.01874,na,na,28301,55625,675
set_covering_n100_m75_d0.4_b_w26_seed2.txt,Set Covering,100,Relaxed,5000,false,min,3,0.01857,na,na,28301,55625,675
set_covering_n100_m75_d0.4_b_w26_seed2.txt,Set Covering,100,Relaxed,10000,false,min,3,0.01833,na,na,28301,55625,675
set_covering_n100_m75_d0.4_b_w26_seed2.txt,Set Covering,100,Relaxed,20000,false,min,3,0.01813,na,na,28301,55625,675
set_covering_n100_m75_d0.4_b_w26_seed3.txt,Set Covering,100,Exact,99999,false,min,3,0.01831,na,na,28301,55625,675
set_covering_n100_m75_d0.4_b_w26_seed3.txt,Set Covering,100,Restricted,500,false,min,3,0.01414,na,na,22700,44212,518
set_covering_n100_m75_d0.4_b_w26_seed3.txt,Set Covering,100,Restricted,1000,false,min,3,0.01898,na,na,28301,55625,675
set_covering_n100_m75_d0.4_b_w26_seed3.txt,Set Covering,100,Restricted,2000,false,min,3,0.01823,na,na,28301,55625,675
set_covering_n100_m75_d0.4_b_w26_seed3.txt,Set Covering,100,Restricted,5000,false,min,3,0.01851,na,na,28301,55625,675
set_covering_n100_m75_d0.4_b_w26_seed3.txt,Set Covering,100,Restricted,10000,false,min,3,0.01803,na,na,28301,55625,675
set_covering_n100_m75_d0.4_b_w26_seed3.txt,Set Covering,100,Restricted,20000,false,min,3,0.01884,na,na,28301,55625,675
set_covering_n100_m75_d0.4_b_w26_seed3.txt,Set Covering,100,Relaxed,500,false,min,3,0.01712,na,na,22676,47656,518
set_covering_n100_m75_d0.4_b_w26_seed3.txt,Set Covering,100,Relaxed,1000,false,min,3,0.01812,na,na,28301,55625,675
set_covering_n100_m75_d0.4_b_w26_seed3.txt,Set Covering,100,Relaxed,2000,false,min,3,0.01929,na,na,28301,55625,675
set_covering_n100_m75_d0.4_b_w26_seed3.txt,Set Covering,100,Relaxed,5000,false,min,3,0.01823,na,na,28301,55625,675
set_covering_n100_m75_d0.4_b_w26_seed3.txt,Set Covering,100,Relaxed,10000,false,min,3,0.01833,na,na,28301,55625,675
set_covering_n100_m75_d0.4_b_w26_seed3.txt,Set Covering,100,Relaxed,20000,false,min,3,0.01893,na,na,28301,55625,675
set_covering_n100_m75_d0.4_b_w26_seed4.txt,Set Covering,100,Exact,99999,false,min,3,0.01892,na,na,28301,55625,675
set_covering_n100_m75_d0.4_b_w26_seed4.txt,Set Covering,100,Restricted,500,false,min,3,0.01409,na,na,22700,44212,518
set_covering_n100_m75_d0.4_b_w26_seed4.txt,Set Covering,100,Restricted,1000,false,min,3,0.01807,na,na,28301,55625,675
set_covering_n100_m75_d0.4_b_w26_seed4.txt,Set Covering,100,Restricted,2000,false,min,3,0.01861,na,na,28301,55625,675
set_covering_n100_m75_d0.4_b_w26_seed4.txt,Set Covering,100,Restricted,5000,false,min,3,0.01884,na,na,28301,55625,675
set_covering_n100_m75_d0.4_b_w26_seed4.txt,Set Covering,100,Restricted,10000,false,min,3,0.01801,na,na,28301,55625,675
set_covering_n100_m75_d0.4_b_w26_seed4.txt,Set Covering,100,Restricted,20000,false,min,3,0.01821,na,na,28301,55625,675
set_covering_n100_m75_d0.4_b_w26_seed4.txt,Set Covering,100,Relaxed,500,false,min,3,0.01727,na,na,22676,47656,518
set_covering_n100_m75_d0.4_b_w26_seed4.txt,Set Covering,100,Relaxed,1000,false,min,3,0.01836,na,na,28301,55625,675
set_covering_n100_m75_d0.4_b_w26_seed4.txt,Set Covering,100,Relaxed,2000,false,min,3,0.01876,na,na,28301,55625,675
set_covering_n100_m75_d0.4_b_w26_seed4.txt,Set Covering,100,Relaxed,5000,false,min,3,0.01839,na,na,28301,55625,675
set_covering_n100_m75_d0.4_b_w26_seed4.txt,Set Covering,100,Relaxed,10000,false,min,3,0.01825,na,na,28301,55625,675
set_covering_n100_m75_d0.4_b_w26_seed4.txt,Set Covering,100,Relaxed,20000,false,min,3,0.01834,na,na,28301,55625,675
set_covering_n100_m75_d0.05_b_w26_seed1.txt,Set Covering,100,Restricted,500,false,min,27,0.02489,na,na,50769,55067,1000
set_covering_n100_m75_d0.05_b_w26_seed1.txt,Set Covering,100,Restricted,1000,false,min,26,0.04988,na,na,101481,109213,2000
set_covering_n100_m75_d0.05_b_w26_seed1.txt,Set Covering,100,Restricted,2000,false,min,26,0.10144,na,na,195889,210186,4000
set_covering_n100_m75_d0.05_b_w26_seed1.txt,Set Covering,100,Restricted,5000,false,min,24,0.31527,na,na,469085,509480,10000
set_covering_n100_m75_d0.05_b_w26_seed1.txt,Set Covering,100,Restricted,10000,false,min,24,0.84544,na,na,921794,1001830,20000
set_covering_n100_m75_d0.05_b_w26_seed1.txt,Set Covering,100,Relaxed,500,false,min,4,0.03021,na,na,48162,72923,1001
set_covering_n100_m75_d0.05_b_w26_seed1.txt,Set Covering,100,Restricted,20000,false,min,24,2.07969,na,na,1783491,1943657,39996
set_covering_n100_m75_d0.05_b_w26_seed1.txt,Set Covering,100,Relaxed,1000,false,min,4,0.06375,na,na,99701,145065,2001
set_covering_n100_m75_d0.05_b_w26_seed1.txt,Set Covering,100,Relaxed,2000,false,min,4,0.13187,na,na,196397,280138,4001
set_covering_n100_m75_d0.05_b_w26_seed1.txt,Set Covering,100,Relaxed,5000,false,min,5,0.41783,na,na,468061,673322,10001
set_covering_n100_m75_d0.05_b_w26_seed1.txt,Set Covering,100,Relaxed,10000,false,min,5,1.06244,na,na,921391,1322128,20001
set_covering_n100_m75_d0.5_b_w26_seed1.txt,Set Covering,100,Exact,99999,false,min,3,0.01865,na,na,28301,55625,675
set_covering_n100_m75_d0.05_b_w26_seed1.txt,Set Covering,100,Relaxed,20000,false,min,5,2.66578,na,na,1783879,2562014,39997
set_covering_n100_m75_d0.5_b_w26_seed1.txt,Set Covering,100,Restricted,500,false,min,3,0.01453,na,na,22700,44212,518
set_covering_n100_m75_d0.5_b_w26_seed1.txt,Set Covering,100,Restricted,1000,false,min,3,0.01868,na,na,28301,55625,675
set_covering_n100_m75_d0.5_b_w26_seed1.txt,Set Covering,100,Restricted,2000,false,min,3,0.01883,na,na,28301,55625,675
set_covering_n100_m75_d0.5_b_w26_seed1.txt,Set Covering,100,Restricted,5000,false,min,3,0.01858,na,na,28301,55625,675
set_covering_n100_m75_d0.5_b_w26_seed1.txt,Set Covering,100,Restricted,10000,false,min,3,0.01878,na,na,28301,55625,675
set_covering_n100_m75_d0.5_b_w26_seed1.txt,Set Covering,100,Restricted,20000,false,min,3,0.01835,na,na,28301,55625,675
set_covering_n100_m75_d0.5_b_w26_seed1.txt,Set Covering,100,Relaxed,500,false,min,3,0.01734,na,na,22676,47656,518
set_covering_n100_m75_d0.5_b_w26_seed1.txt,Set Covering,100,Relaxed,1000,false,min,3,0.01823,na,na,28301,55625,675
set_covering_n100_m75_d0.5_b_w26_seed1.txt,Set Covering,100,Relaxed,2000,false,min,3,0.01854,na,na,28301,55625,675
set_covering_n100_m75_d0.5_b_w26_seed1.txt,Set Covering,100,Relaxed,5000,false,min,3,0.01864,na,na,28301,55625,675
set_covering_n100_m75_d0.5_b_w26_seed1.txt,Set Covering,100,Relaxed,10000,false,min,3,0.01876,na,na,28301,55625,675
set_covering_n100_m75_d0.5_b_w26_seed1.txt,Set Covering,100,Relaxed,20000,false,min,3,0.01860,na,na,28301,55625,675
set_covering_n100_m75_d0.05_b_w26_seed2.txt,Set Covering,100,Restricted,500,false,min,24,0.02624,na,na,51638,56684,1000
set_covering_n100_m75_d0.05_b_w26_seed2.txt,Set Covering,100,Restricted,1000,false,min,25,0.04751,na,na,99311,106344,2000
set_covering_n100_m75_d0.05_b_w26_seed2.txt,Set Covering,100,Restricted,2000,false,min,24,0.09974,na,na,191512,205250,4000
set_covering_n100_m75_d0.05_b_w26_seed2.txt,Set Covering,100,Restricted,5000,false,min,23,0.32722,na,na,452980,496194,10000
set_covering_n100_m75_d0.05_b_w26_seed2.txt,Set Covering,100,Restricted,10000,false,min,23,0.82049,na,na,888337,966201,20000
set_covering_n100_m75_d0.05_b_w26_seed2.txt,Set Covering,100,Relaxed,500,false,min,6,0.02823,na,na,42095,65873,1001
set_covering_n100_m75_d0.05_b_w26_seed2.txt,Set Covering,100,Restricted,20000,false,min,22,2.11319,na,na,1710504,1882192,39996
set_covering_n100_m75_d0.05_b_w26_seed2.txt,Set Covering,100,Relaxed,1000,false,min,6,0.06125,na,na,98560,141381,2001
set_covering_n100_m75_d0.05_b_w26_seed2.txt,Set Covering,100,Relaxed,2000,false,min,6,0.13539,na,na,191142,272032,4001
set_covering_n100_m75_d0.05_b_w26_seed2.txt,Set Covering,100,Relaxed,5000,false,min,7,0.39665,na,na,453568,651327,10001
set_covering_n100_m75_d0.05_b_w26_seed2.txt,Set Covering,100,Relaxed,10000,false,min,7,1.00084,na,na,888009,1272420,20001
set_covering_n100_m75_d0.5_b_w26_seed2.txt,Set Covering,100,Exact,99999,false,min,3,0.01961,na,na,28301,55625,675
set_covering_n100_m75_d0.05_b_w26_seed2.txt,Set Covering,100,Relaxed,20000,false,min,7,2.52419,na,na,1714923,2472521,39990
set_covering_n100_m75_d0.5_b_w26_seed2.txt,Set Covering,100,Restricted,500,false,min,3,0.01466,na,na,22700,44212,518
set_covering_n100_m75_d0.5_b_w26_seed2.txt,Set Covering,100,Restricted,1000,false,min,3,0.01823,na,na,28301,55625,675
set_covering_n100_m75_d0.5_b_w26_seed2.txt,Set Covering,100,Restricted,2000,false,min,3,0.01913,na,na,28301,55625,675
set_covering_n100_m75_d0.5_b_w26_seed2.txt,Set Covering,100,Restricted,5000,false,min,3,0.01836,na,na,28301,55625,675
set_covering_n100_m75_d0.5_b_w26_seed2.txt,Set Covering,100,Restricted,10000,false,min,3,0.01877,na,na,28301,55625,675
set_covering_n100_m75_d0.5_b_w26_seed2.txt,Set Covering,100,Restricted,20000,false,min,3,0.01890,na,na,28301,55625,675
set_covering_n100_m75_d0.5_b_w26_seed2.txt,Set Covering,100,Relaxed,500,false,min,3,0.01846,na,na,22676,47656,518
set_covering_n100_m75_d0.5_b_w26_seed2.txt,Set Covering,100,Relaxed,1000,false,min,3,0.01912,na,na,28301,55625,675
set_covering_n100_m75_d0.5_b_w26_seed2.txt,Set Covering,100,Relaxed,2000,false,min,3,0.01889,na,na,28301,55625,675
set_covering_n100_m75_d0.5_b_w26_seed2.txt,Set Covering,100,Relaxed,5000,false,min,3,0.01934,na,na,28301,55625,675
set_covering_n100_m75_d0.5_b_w26_seed2.txt,Set Covering,100,Relaxed,10000,false,min,3,0.01947,na,na,28301,55625,675
set_covering_n100_m75_d0.5_b_w26_seed2.txt,Set Covering,100,Relaxed,20000,false,min,3,0.01890,na,na,28301,55625,675
set_covering_n100_m75_d0.05_b_w26_seed3.txt,Set Covering,100,Restricted,500,false,min,25,0.02694,na,na,51884,56749,1000
set_covering_n100_m75_d0.05_b_w26_seed3.txt,Set Covering,100,Restricted,1000,false,min,24,0.05136,na,na,101579,111588,2000
set_covering_n100_m75_d0.05_b_w26_seed3.txt,Set Covering,100,Restricted,2000,false,min,24,0.10825,na,na,197133,216353,4000
set_covering_n100_m75_d0.05_b_w26_seed3.txt,Set Covering,100,Restricted,5000,false,min,22,0.33602,na,na,466183,515188,10000
set_covering_n100_m75_d0.05_b_w26_seed3.txt,Set Covering,100,Restricted,10000,false,min,22,0.86597,na,na,893745,987423,20000
set_covering_n100_m75_d0.05_b_w26_seed3.txt,Set Covering,100,Restricted,20000,false,min,21,2.05515,na,na,1710932,1901611,40000
set_covering_n100_m75_d0.05_b_w26_seed3.txt,Set Covering,100,Relaxed,500,false,min,6,0.03175,na,na,48393,73226,1001
set_covering_n100_m75_d0.05_b_w26_seed3.txt,Set Covering,100,Relaxed,1000,false,min,7,0.06643,na,na,100264,147676,2001
set_covering_n100_m75_d0.05_b_w26_seed3.txt,Set Covering,100,Relaxed,2000,false,min,7,0.14197,na,na,196357,285277,4001
set_covering_n100_m75_d0.05_b_w26_seed3.txt,Set Covering,100,Relaxed,5000,false,min,7,0.43609,na,na,465765,675653,10001
set_covering_n100_m75_d0.05_b_w26_seed3.txt,Set Covering,100,Relaxed,10000,false,min,7,1.05737,na,na,893874,1294467,20001
set_covering_n100_m75_d0.5_b_w26_seed3.txt,Set Covering,100,Exact,99999,false,min,3,0.01944,na,na,28301,55625,675
set_covering_n100_m75_d0.05_b_w26_seed3.txt,Set Covering,100,Relaxed,20000,false,min,8,2.44973,na,na,1709758,2485891,40001
set_covering_n100_m75_d0.5_b_w26_seed3.txt,Set Covering,100,Restricted,500,false,min,3,0.01498,na,na,22700,44212,518
set_covering_n100_m75_d0.5_b_w26_seed3.txt,Set Covering,100,Restricted,1000,false,min,3,0.01923,na,na,28301,55625,675
set_covering_n100_m75_d0.5_b_w26_seed3.txt,Set Covering,100,Restricted,2000,false,min,3,0.01926,na,na,28301,55625,675
set_covering_n100_m75_d0.5_b_w26_seed3.txt,Set Covering,100,Restricted,5000,false,min,3,0.01927,na,na,28301,55625,675
set_covering_n100_m75_d0.5_b_w26_seed3.txt,Set Covering,100,Restricted,10000,false,min,3,0.01937,na,na,28301,55625,675
set_covering_n100_m75_d0.5_b_w26_seed3.txt,Set Covering,100,Restricted,20000,false,min,3,0.01934,na,na,28301,55625,675
set_covering_n100_m75_d0.5_b_w26_seed3.txt,Set Covering,100,Relaxed,500,false,min,3,0.01865,na,na,22676,47656,518
set_covering_n100_m75_d0.5_b_w26_seed3.txt,Set Covering,100,Relaxed,1000,false,min,3,0.01938,na,na,28301,55625,675
set_covering_n100_m75_d0.5_b_w26_seed3.txt,Set Covering,100,Relaxed,2000,false,min,3,0.01942,na,na,28301,55625,675
set_covering_n100_m75_d0.5_b_w26_seed3.txt,Set Covering,100,Relaxed,5000,false,min,3,0.01963,na,na,28301,55625,675
set_covering_n100_m75_d0.5_b_w26_seed3.txt,Set Covering,100,Relaxed,10000,false,min,3,0.01921,na,na,28301,55625,675
set_covering_n100_m75_d0.5_b_w26_seed3.txt,Set Covering,100,Relaxed,20000,false,min,3,0.01912,na,na,28301,55625,675
set_covering_n100_m75_d0.05_b_w26_seed4.txt,Set Covering,100,Restricted,500,false,min,22,0.02650,na,na,51203,55015,1000
set_covering_n100_m75_d0.05_b_w26_seed4.txt,Set Covering,100,Restricted,1000,false,min,22,0.05144,na,na,100665,108317,2000
set_covering_n100_m75_d0.05_b_w26_seed4.txt,Set Covering,100,Restricted,2000,false,min,21,0.10849,na,na,196269,210576,4000
set_covering_n100_m75_d0.05_b_w26_seed4.txt,Set Covering,100,Restricted,5000,false,min,21,0.34070,na,na,478916,520435,10000
set_covering_n100_m75_d0.05_b_w26_seed4.txt,Set Covering,100,Restricted,10000,false,min,21,0.86460,na,na,919242,997272,20000
set_covering_n100_m75_d0.05_b_w26_seed4.txt,Set Covering,100,Restricted,20000,false,min,20,2.17719,na,na,1764060,1908217,40000
set_covering_n100_m75_d0.05_b_w26_seed4.txt,Set Covering,100,Relaxed,500,false,min,7,0.03079,na,na,47444,73859,1001
set_covering_n100_m75_d0.05_b_w26_seed4.txt,Set Covering,100,Relaxed,1000,false,min,7,0.06699,na,na,100017,145686,2001
set_covering_n100_m75_d0.05_b_w26_seed4.txt,Set Covering,100,Relaxed,2000,false,min,7,0.14111,na,na,194880,280008,4001
set_covering_n100_m75_d0.05_b_w26_seed4.txt,Set Covering,100,Relaxed,5000,false,min,7,0.46398,na,na,478768,689191,10001
set_covering_n100_m75_d0.05_b_w26_seed4.txt,Set Covering,100,Relaxed,10000,false,min,7,1.07870,na,na,919733,1319234,20001
set_covering_n100_m75_d0.05_b_w26_seed4.txt,Set Covering,100,Relaxed,20000,false,min,7,2.66001,na,na,1763522,2526920,40001
set_covering_n100_m75_d0.5_b_w26_seed4.txt,Set Covering,100,Exact,99999,false,min,3,0.01906,na,na,28301,55625,675
set_covering_n100_m75_d0.5_b_w26_seed4.txt,Set Covering,100,Restricted,500,false,min,3,0.01500,na,na,22700,44212,518
set_covering_n100_m75_d0.5_b_w26_seed4.txt,Set Covering,100,Restricted,1000,false,min,3,0.01930,na,na,28301,55625,675
set_covering_n100_m75_d0.5_b_w26_seed4.txt,Set Covering,100,Restricted,2000,false,min,3,0.01951,na,na,28301,55625,675
set_covering_n100_m75_d0.5_b_w26_seed4.txt,Set Covering,100,Restricted,5000,false,min,3,0.01947,na,na,28301,55625,675
set_covering_n100_m75_d0.5_b_w26_seed4.txt,Set Covering,100,Restricted,10000,false,min,3,0.01943,na,na,28301,55625,675
set_covering_n100_m75_d0.5_b_w26_seed4.txt,Set Covering,100,Restricted,20000,false,min,3,0.01931,na,na,28301,55625,675
set_covering_n100_m75_d0.5_b_w26_seed4.txt,Set Covering,100,Relaxed,500,false,min,3,0.01859,na,na,22676,47656,518
set_covering_n100_m75_d0.5_b_w26_seed4.txt,Set Covering,100,Relaxed,1000,false,min,3,0.01919,na,na,28301,55625,675
set_covering_n100_m75_d0.5_b_w26_seed4.txt,Set Covering,100,Relaxed,2000,false,min,3,0.01960,na,na,28301,55625,675
set_covering_n100_m75_d0.5_b_w26_seed4.txt,Set Covering,100,Relaxed,5000,false,min,3,0.01926,na,na,28301,55625,675
set_covering_n100_m75_d0.5_b_w26_seed4.txt,Set Covering,100,Relaxed,10000,false,min,3,0.01926,na,na,28301,55625,675
set_covering_n100_m75_d0.5_b_w26_seed4.txt,Set Covering,100,Relaxed,20000,false,min,3,0.01919,na,na,28301,55625,675
set_covering_n100_m75_d0.15_b_w26_seed1.txt,Set Covering,100,Restricted,500,false,min,9,0.03565,na,na,65954,74781,1000
set_covering_n100_m75_d0.15_b_w26_seed1.txt,Set Covering,100,Restricted,1000,false,min,9,0.06513,na,na,124562,140684,2000
set_covering_n100_m75_d0.15_b_w26_seed1.txt,Set Covering,100,Restricted,2000,false,min,9,0.13057,na,na,235904,269144,4000
set_covering_n100_m75_d0.15_b_w26_seed1.txt,Set Covering,100,Restricted,5000,false,min,8,0.38256,na,na,545981,632169,9989
set_covering_n100_m75_d0.15_b_w26_seed1.txt,Set Covering,100,Restricted,10000,false,min,8,0.92224,na,na,1013369,1188213,19894
set_covering_n100_m75_d0.15_b_w26_seed1.txt,Set Covering,100,Restricted,20000,false,min,8,2.30754,na,na,1845423,2185397,39686
set_covering_n100_m75_d0.15_b_w26_seed1.txt,Set Covering,100,Relaxed,500,false,min,2,0.04412,na,na,66045,101801,1000
set_covering_n100_m75_d0.15_b_w26_seed1.txt,Set Covering,100,Relaxed,1000,false,min,2,0.08668,na,na,124684,191930,1999
set_covering_n100_m75_d0.15_b_w26_seed1.txt,Set Covering,100,Relaxed,2000,false,min,3,0.18057,na,na,235757,364452,3999
set_covering_n100_m75_d0.15_b_w26_seed1.txt,Set Covering,100,Relaxed,5000,false,min,3,0.55103,na,na,545670,851044,9985
set_covering_n100_m75_d0.15_b_w26_seed1.txt,Set Covering,100,Relaxed,10000,false,min,3,1.20473,na,na,1013783,1597267,19895
set_covering_n100_m75_d0.15_b_w26_seed1.txt,Set Covering,100,Relaxed,20000,false,min,4,2.94359,na,na,1846125,2935426,39685
set_covering_n100_m75_d0.15_b_w26_seed2.txt,Set Covering,100,Restricted,500,false,min,10,0.03483,na,na,65922,72041,1000
set_covering_n100_m75_d0.15_b_w26_seed2.txt,Set Covering,100,Restricted,1000,false,min,9,0.06608,na,na,126270,140952,1999
set_covering_n100_m75_d0.15_b_w26_seed2.txt,Set Covering,100,Restricted,2000,false,min,9,0.13482,na,na,238776,269912,3991
set_covering_n100_m75_d0.15_b_w26_seed2.txt,Set Covering,100,Restricted,5000,false,min,8,0.42100,na,na,554615,637255,9974
set_covering_n100_m75_d0.15_b_w26_seed2.txt,Set Covering,100,Restricted,10000,false,min,8,0.99913,na,na,1041953,1223242,19894
set_covering_n100_m75_d0.15_b_w26_seed2.txt,Set Covering,100,Restricted,20000,false,min,8,2.40554,na,na,1950601,2351259,39430
set_covering_n100_m75_d0.15_b_w26_seed2.txt,Set Covering,100,Relaxed,500,false,min,2,0.04462,na,na,65969,100634,999
set_covering_n100_m75_d0.15_b_w26_seed2.txt,Set Covering,100,Relaxed,1000,false,min,3,0.08698,na,na,126295,194475,1995
set_covering_n100_m75_d0.15_b_w26_seed2.txt,Set Covering,100,Relaxed,2000,false,min,3,0.17884,na,na,239154,371283,3990
set_covering_n100_m75_d0.15_b_w26_seed2.txt,Set Covering,100,Relaxed,5000,false,min,3,0.54526,na,na,554601,868680,9971
set_covering_n100_m75_d0.15_b_w26_seed2.txt,Set Covering,100,Relaxed,10000,false,min,3,1.26219,na,na,1042243,1649940,19896
set_covering_n100_m75_d0.15_b_w26_seed2.txt,Set Covering,100,Relaxed,20000,false,min,4,3.03427,na,na,1950194,3119865,39430
set_covering_n100_m75_d0.15_b_w26_seed3.txt,Set Covering,100,Restricted,500,false,min,9,0.03437,na,na,64476,72774,1000
set_covering_n100_m75_d0.15_b_w26_seed3.txt,Set Covering,100,Restricted,1000,false,min,9,0.06552,na,na,124169,140568,2000
set_covering_n100_m75_d0.15_b_w26_seed3.txt,Set Covering,100,Restricted,2000,false,min,8,0.13103,na,na,237220,272628,3999
set_covering_n100_m75_d0.15_b_w26_seed3.txt,Set Covering,100,Restricted,5000,false,min,8,0.39852,na,na,549927,644039,9985
set_covering_n100_m75_d0.15_b_w26_seed3.txt,Set Covering,100,Restricted,10000,false,min,8,0.96944,na,na,1028134,1217696,19863
set_covering_n100_m75_d0.15_b_w26_seed3.txt,Set Covering,100,Restricted,20000,false,min,7,2.25177,na,na,1901523,2292224,39455
set_covering_n100_m75_d0.15_b_w26_seed3.txt,Set Covering,100,Relaxed,500,false,min,2,0.04252,na,na,64349,98957,1001
set_covering_n100_m75_d0.15_b_w26_seed3.txt,Set Covering,100,Relaxed,1000,false,min,2,0.08460,na,na,124027,191438,2000
set_covering_n100_m75_d0.15_b_w26_seed3.txt,Set Covering,100,Relaxed,2000,false,min,3,0.17592,na,na,237158,368005,3997
set_covering_n100_m75_d0.15_b_w26_seed3.txt,Set Covering,100,Relaxed,5000,false,min,3,0.52920,na,na,549661,860784,9983
set_covering_n100_m75_d0.15_b_w26_seed3.txt,Set Covering,100,Relaxed,10000,false,min,3,1.31815,na,na,1028300,1621435,19861
set_covering_n100_m75_d0.15_b_w26_seed3.txt,Set Covering,100,Relaxed,20000,false,min,4,2.98289,na,na,1901435,3027291,39449
set_covering_n100_m75_d0.15_b_w26_seed4.txt,Set Covering,100,Restricted,500,false,min,10,0.03208,na,na,63070,69896,1000
set_covering_n100_m75_d0.15_b_w26_seed4.txt,Set Covering,100,Restricted,1000,false,min,10,0.06249,na,na,122106,136553,2000
set_covering_n100_m75_d0.15_b_w26_seed4.txt,Set Covering,100,Restricted,2000,false,min,9,0.13147,na,na,239843,272049,3996
set_covering_n100_m75_d0.15_b_w26_seed4.txt,Set Covering,100,Restricted,5000,false,min,9,0.40197,na,na,566069,647336,9965
set_covering_n100_m75_d0.15_b_w26_seed4.txt,Set Covering,100,Restricted,10000,false,min,9,0.99335,na,na,1068561,1244940,19851
set_covering_n100_m75_d0.15_b_w26_seed4.txt,Set Covering,100,Restricted,20000,false,min,8,2.40489,na,na,1986775,2371696,39248
set_covering_n100_m75_d0.15_b_w26_seed4.txt,Set Covering,100,Relaxed,500,false,min,2,0.04089,na,na,62965,96130,1001
set_covering_n100_m75_d0.15_b_w26_seed4.txt,Set Covering,100,Relaxed,1000,false,min,2,0.08202,na,na,122071,187176,2001
set_covering_n100_m75_d0.15_b_w26_seed4.txt,Set Covering,100,Relaxed,2000,false,min,3,0.17731,na,na,239083,369793,3995
set_covering_n100_m75_d0.15_b_w26_seed4.txt,Set Covering,100,Relaxed,5000,false,min,3,0.53398,na,na,566105,881177,9965
set_covering_n100_m75_d0.15_b_w26_seed4.txt,Set Covering,100,Relaxed,10000,false,min,3,1.32434,na,na,1068503,1681826,19851
set_covering_n100_m75_d0.15_b_w26_seed4.txt,Set Covering,100,Relaxed,20000,false,min,4,2.97795,na,na,1986146,3169160,39241
set_covering_n100_m75_d0.25_b_w26_seed1.txt,Set Covering,100,Exact,99999,false,min,4,0.33472,na,na,376733,717875,27816
set_covering_n100_m75_d0.25_b_w26_seed1.txt,Set Covering,100,Restricted,500,false,min,4,0.02146,na,na,35683,52736,910
set_covering_n100_m75_d0.25_b_w26_seed1.txt,Set Covering,100,Restricted,1000,false,min,4,0.03580,na,na,59097,92880,1615
set_covering_n100_m75_d0.25_b_w26_seed1.txt,Set Covering,100,Restricted,2000,false,min,4,0.06215,na,na,98295,160139,3038
set_covering_n100_m75_d0.25_b_w26_seed1.txt,Set Covering,100,Restricted,5000,false,min,4,0.12186,na,na,175520,296727,7428
set_covering_n100_m75_d0.25_b_w26_seed1.txt,Set Covering,100,Restricted,10000,false,min,4,0.20722,na,na,260663,466495,13520
set_covering_n100_m75_d0.25_b_w26_seed1.txt,Set Covering,100,Restricted,20000,false,min,4,0.28596,na,na,343528,640517,24460
set_covering_n100_m75_d0.25_b_w26_seed1.txt,Set Covering,100,Relaxed,500,false,min,2,0.02669,na,na,35690,65317,912
set_covering_n100_m75_d0.25_b_w26_seed1.txt,Set Covering,100,Relaxed,1000,false,min,2,0.04695,na,na,59022,110662,1612
set_covering_n100_m75_d0.25_b_w26_seed1.txt,Set Covering,100,Relaxed,2000,false,min,3,0.08282,na,na,98266,183056,3037
set_covering_n100_m75_d0.25_b_w26_seed1.txt,Set Covering,100,Relaxed,5000,false,min,3,0.16869,na,na,175542,329979,7428
set_covering_n100_m75_d0.25_b_w26_seed1.txt,Set Covering,100,Relaxed,10000,false,min,4,0.27718,na,na,260663,494463,13520
set_covering_n100_m75_d0.25_b_w26_seed1.txt,Set Covering,100,Relaxed,20000,false,min,4,0.36348,na,na,343528,657579,24460
set_covering_n100_m75_d0.25_b_w26_seed2.txt,Set Covering,100,Exact,99999,false,min,4,0.25151,na,na,302508,573950,23203
set_covering_n100_m75_d0.25_b_w26_seed2.txt,Set Covering,100,Restricted,500,false,min,4,0.01971,na,na,34135,51301,879
set_covering_n100_m75_d0.25_b_w26_seed2.txt,Set Covering,100,Restricted,1000,false,min,4,0.03424,na,na,56356,89238,1599
set_covering_n100_m75_d0.25_b_w26_seed2.txt,Set Covering,100,Restricted,2000,false,min,4,0.05809,na,na,92089,151794,2999
set_covering_n100_m75_d0.25_b_w26_seed2.txt,Set Covering,100,Restricted,5000,false,min,4,0.11558,na,na,165029,284872,7260
set_covering_n100_m75_d0.25_b_w26_seed2.txt,Set Covering,100,Restricted,10000,false,min,4,0.17962,na,na,234642,427205,13574
set_covering_n100_m75_d0.25_b_w26_seed2.txt,Set Covering,100,Restricted,20000,false,min,4,0.21224,na,na,294272,554041,23203
set_covering_n100_m75_d0.25_b_w26_seed2.txt,Set Covering,100,Relaxed,500,false,min,2,0.02495,na,na,34164,63293,877
set_covering_n100_m75_d0.25_b_w26_seed2.txt,Set Covering,100,Relaxed,1000,false,min,2,0.04296,na,na,56383,106399,1600
set_covering_n100_m75_d0.25_b_w26_seed2.txt,Set Covering,100,Relaxed,2000,false,min,3,0.07752,na,na,92211,174819,2996
set_covering_n100_m75_d0.25_b_w26_seed2.txt,Set Covering,100,Relaxed,5000,false,min,3,0.15237,na,na,164975,312302,7253
set_covering_n100_m75_d0.25_b_w26_seed2.txt,Set Covering,100,Relaxed,10000,false,min,4,0.24280,na,na,234642,445196,13574
set_covering_n100_m75_d0.25_b_w26_seed2.txt,Set Covering,100,Relaxed,20000,false,min,4,0.31075,na,na,294272,558464,23203
set_covering_n100_m75_d0.25_b_w26_seed3.txt,Set Covering,100,Exact,99999,false,min,3,0.35135,na,na,385350,736034,28379
set_covering_n100_m75_d0.25_b_w26_seed3.txt,Set Covering,100,Restricted,500,false,min,3,0.02213,na,na,37132,53763,912
set_covering_n100_m75_d0.25_b_w26_seed3.txt,Set Covering,100,Restricted,1000,false,min,3,0.03703,na,na,61160,94328,1619
set_covering_n100_m75_d0.25_b_w26_seed3.txt,Set Covering,100,Restricted,2000,false,min,3,0.06104,na,na,99361,158036,3093
set_covering_n100_m75_d0.25_b_w26_seed3.txt,Set Covering,100,Restricted,5000,false,min,3,0.12546,na,na,176005,294610,7352
set_covering_n100_m75_d0.25_b_w26_seed3.txt,Set Covering,100,Restricted,10000,false,min,3,0.22324,na,na,265238,473017,13177
set_covering_n100_m75_d0.25_b_w26_seed3.txt,Set Covering,100,Restricted,20000,false,min,3,0.30586,na,na,353320,660557,23170
set_covering_n100_m75_d0.25_b_w26_seed3.txt,Set Covering,100,Relaxed,500,false,min,2,0.02707,na,na,37216,66958,911
set_covering_n100_m75_d0.25_b_w26_seed3.txt,Set Covering,100,Relaxed,1000,false,min,2,0.04744,na,na,61147,113013,1616
set_covering_n100_m75_d0.25_b_w26_seed3.txt,Set Covering,100,Relaxed,2000,false,min,3,0.08161,na,na,99364,184807,3098
set_covering_n100_m75_d0.25_b_w26_seed3.txt,Set Covering,100,Relaxed,5000,false,min,3,0.17870,na,na,176004,330323,7350
set_covering_n100_m75_d0.25_b_w26_seed3.txt,Set Covering,100,Relaxed,10000,false,min,3,0.29527,na,na,265238,503429,13177
set_covering_n100_m75_d0.25_b_w26_seed3.txt,Set Covering,100,Relaxed,20000,false,min,3,0.41287,na,na,353320,677337,23170
set_covering_n100_m75_d0.25_b_w26_seed4.txt,Set Covering,100,Exact,99999,false,min,3,0.29662,na,na,326065,623652,24997
set_covering_n100_m75_d0.25_b_w26_seed4.txt,Set Covering,100,Restricted,500,false,min,4,0.02400,na,na,39818,60610,907
set_covering_n100_m75_d0.25_b_w26_seed4.txt,Set Covering,100,Restricted,1000,false,min,4,0.03781,na,na,62404,100004,1630
set_covering_n100_m75_d0.25_b_w26_seed4.txt,Set Covering,100,Restricted,2000,false,min,3,0.06207,na,na,98818,162855,3043
set_covering_n100_m75_d0.25_b_w26_seed4.txt,Set Covering,100,Restricted,5000,false,min,3,0.11974,na,na,167865,285774,7334
set_covering_n100_m75_d0.25_b_w26_seed4.txt,Set Covering,100,Restricted,10000,false,min,3,0.22646,na,na,248768,450235,13352
set_covering_n100_m75_d0.25_b_w26_seed4.txt,Set Covering,100,Restricted,20000,false,min,3,0.27575,na,na,317567,600729,22548
set_covering_n100_m75_d0.25_b_w26_seed4.txt,Set Covering,100,Relaxed,500,false,min,2,0.03001,na,na,39839,73020,906
set_covering_n100_m75_d0.25_b_w26_seed4.txt,Set Covering,100,Relaxed,1000,false,min,2,0.05034,na,na,62469,117519,1632
set_covering_n100_m75_d0.25_b_w26_seed4.txt,Set Covering,100,Relaxed,2000,false,min,3,0.08414,na,na,98818,185021,3043
set_covering_n100_m75_d0.25_b_w26_seed4.txt,Set Covering,100,Relaxed,5000,false,min,3,0.17482,na,na,167865,318835,7334
set_covering_n100_m75_d0.25_b_w26_seed4.txt,Set Covering,100,Relaxed,10000,false,min,3,0.27458,na,na,248768,476713,13352
set_covering_n100_m75_d0.25_b_w26_seed4.txt,Set Covering,100,Relaxed,20000,false,min,3,0.35610,na,na,317567,611273,22548
set_covering_n100_m75_d0.35_b_w26_seed1.txt,Set Covering,100,Exact,99999,false,min,3,0.01912,na,na,28301,55625,675
set_covering_n100_m75_d0.35_b_w26_seed1.txt,Set Covering,100,Restricted,500,false,min,3,0.01506,na,na,22700,44212,518
set_covering_n100_m75_d0.35_b_w26_seed1.txt,Set Covering,100,Restricted,1000,false,min,3,0.01910,na,na,28301,55625,675
set_covering_n100_m75_d0.35_b_w26_seed1.txt,Set Covering,100,Restricted,2000,false,min,3,0.01948,na,na,28301,55625,675
set_covering_n100_m75_d0.35_b_w26_seed1.txt,Set Covering,100,Restricted,5000,false,min,3,0.01916,na,na,28301,55625,675
set_covering_n100_m75_d0.35_b_w26_seed1.txt,Set Covering,100,Restricted,10000,false,min,3,0.01893,na,na,28301,55625,675
set_covering_n100_m75_d0.35_b_w26_seed1.txt,Set Covering,100,Restricted,20000,false,min,3,0.02092,na,na,28301,55625,675
set_covering_n100_m75_d0.35_b_w26_seed1.txt,Set Covering,100,Relaxed,500,false,min,3,0.01845,na,na,22676,47656,518
set_covering_n100_m75_d0.35_b_w26_seed1.txt,Set Covering,100,Relaxed,1000,false,min,3,0.01931,na,na,28301,55625,675
set_covering_n100_m75_d0.35_b_w26_seed1.txt,Set Covering,100,Relaxed,2000,false,min,3,0.01925,na,na,28301,55625,675
set_covering_n100_m75_d0.35_b_w26_seed1.txt,Set Covering,100,Relaxed,5000,false,min,3,0.01903,na,na,28301,55625,675
set_covering_n100_m75_d0.35_b_w26_seed1.txt,Set Covering,100,Relaxed,10000,false,min,3,0.01930,na,na,28301,55625,675
set_covering_n100_m75_d0.35_b_w26_seed1.txt,Set Covering,100,Relaxed,20000,false,min,3,0.01935,na,na,28301,55625,675
set_covering_n100_m75_d0.35_b_w26_seed2.txt,Set Covering,100,Exact,99999,false,min,3,0.01915,na,na,28301,55625,675
set_covering_n100_m75_d0.35_b_w26_seed2.txt,Set Covering,100,Restricted,500,false,min,3,0.01499,na,na,22700,44212,518
set_covering_n100_m75_d0.35_b_w26_seed2.txt,Set Covering,100,Restricted,1000,false,min,3,0.01965,na,na,28301,55625,675
set_covering_n100_m75_d0.35_b_w26_seed2.txt,Set Covering,100,Restricted,2000,false,min,3,0.01952,na,na,28301,55625,675
set_covering_n100_m75_d0.35_b_w26_seed2.txt,Set Covering,100,Restricted,5000,false,min,3,0.01906,na,na,28301,55625,675
set_covering_n100_m75_d0.35_b_w26_seed2.txt,Set Covering,100,Restricted,10000,false,min,3,0.01922,na,na,28301,55625,675
set_covering_n100_m75_d0.35_b_w26_seed2.txt,Set Covering,100,Restricted,20000,false,min,3,0.01931,na,na,28301,55625,675
set_covering_n100_m75_d0.35_b_w26_seed2.txt,Set Covering,100,Relaxed,500,false,min,3,0.01840,na,na,22676,47656,518
set_covering_n100_m75_d0.35_b_w26_seed2.txt,Set Covering,100,Relaxed,1000,false,min,3,0.01910,na,na,28301,55625,675
set_covering_n100_m75_d0.35_b_w26_seed2.txt,Set Covering,100,Relaxed,2000,false,min,3,0.01912,na,na,28301,55625,675
set_covering_n100_m75_d0.35_b_w26_seed2.txt,Set Covering,100,Relaxed,5000,false,min,3,0.01916,na,na,28301,55625,675
set_covering_n100_m75_d0.35_b_w26_seed2.txt,Set Covering,100,Relaxed,10000,false,min,3,0.01937,na,na,28301,55625,675
set_covering_n100_m75_d0.35_b_w26_seed2.txt,Set Covering,100,Relaxed,20000,false,min,3,0.01926,na,na,28301,55625,675
set_covering_n100_m75_d0.35_b_w26_seed3.txt,Set Covering,100,Exact,99999,false,min,3,0.01935,na,na,28301,55625,675
set_covering_n100_m75_d0.35_b_w26_seed3.txt,Set Covering,100,Restricted,500,false,min,3,0.01496,na,na,22700,44212,518
set_covering_n100_m75_d0.35_b_w26_seed3.txt,Set Covering,100,Restricted,1000,false,min,3,0.01968,na,na,28301,55625,675
set_covering_n100_m75_d0.35_b_w26_seed3.txt,Set Covering,100,Restricted,2000,false,min,3,0.01866,na,na,28301,55625,675
set_covering_n100_m75_d0.35_b_w26_seed3.txt,Set Covering,100,Restricted,5000,false,min,3,0.01919,na,na,28301,55625,675
set_covering_n100_m75_d0.35_b_w26_seed3.txt,Set Covering,100,Restricted,10000,false,min,3,0.01930,na,na,28301,55625,675
set_covering_n100_m75_d0.35_b_w26_seed3.txt,Set Covering,100,Restricted,20000,false,min,3,0.01929,na,na,28301,55625,675
set_covering_n100_m75_d0.35_b_w26_seed3.txt,Set Covering,100,Relaxed,500,false,min,3,0.01820,na,na,22676,47656,518
set_covering_n100_m75_d0.35_b_w26_seed3.txt,Set Covering,100,Relaxed,1000,false,min,3,0.01899,na,na,28301,55625,675
set_covering_n100_m75_d0.35_b_w26_seed3.txt,Set Covering,100,Relaxed,2000,false,min,3,0.01851,na,na,28301,55625,675
set_covering_n100_m75_d0.35_b_w26_seed3.txt,Set Covering,100,Relaxed,5000,false,min,3,0.01946,na,na,28301,55625,675
set_covering_n100_m75_d0.35_b_w26_seed3.txt,Set Covering,100,Relaxed,10000,false,min,3,0.01873,na,na,28301,55625,675
set_covering_n100_m75_d0.35_b_w26_seed3.txt,Set Covering,100,Relaxed,20000,false,min,3,0.01925,na,na,28301,55625,675
set_covering_n100_m75_d0.35_b_w26_seed4.txt,Set Covering,100,Exact,99999,false,min,3,0.01925,na,na,28301,55625,675
set_covering_n100_m75_d0.35_b_w26_seed4.txt,Set Covering,100,Restricted,500,false,min,3,0.01489,na,na,22700,44212,518
set_covering_n100_m75_d0.35_b_w26_seed4.txt,Set Covering,100,Restricted,1000,false,min,3,0.01947,na,na,28301,55625,675
set_covering_n100_m75_d0.35_b_w26_seed4.txt,Set Covering,100,Restricted,2000,false,min,3,0.01886,na,na,28301,55625,675
set_covering_n100_m75_d0.35_b_w26_seed4.txt,Set Covering,100,Restricted,5000,false,min,3,0.01931,na,na,28301,55625,675
set_covering_n100_m75_d0.35_b_w26_seed4.txt,Set Covering,100,Restricted,10000,false,min,3,0.01950,na,na,28301,55625,675
set_covering_n100_m75_d0.35_b_w26_seed4.txt,Set Covering,100,Restricted,20000,false,min,3,0.01901,na,na,28301,55625,675
set_covering_n100_m75_d0.35_b_w26_seed4.txt,Set Covering,100,Relaxed,500,false,min,3,0.01805,na,na,22676,47656,518
set_covering_n100_m75_d0.35_b_w26_seed4.txt,Set Covering,100,Relaxed,1000,false,min,3,0.01925,na,na,28301,55625,675
set_covering_n100_m75_d0.35_b_w26_seed4.txt,Set Covering,100,Relaxed,2000,false,min,3,0.01885,na,na,28301,55625,675
set_covering_n100_m75_d0.35_b_w26_seed4.txt,Set Covering,100,Relaxed,5000,false,min,3,0.01926,na,na,28301,55625,675
set_covering_n100_m75_d0.35_b_w26_seed4.txt,Set Covering,100,Relaxed,10000,false,min,3,0.01903,na,na,28301,55625,675
set_covering_n100_m75_d0.35_b_w26_seed4.txt,Set Covering,100,Relaxed,20000,false,min,3,0.01931,na,na,28301,55625,675
set_covering_n100_m75_d0.45_b_w26_seed1.txt,Set Covering,100,Exact,99999,false,min,3,0.01935,na,na,28301,55625,675
set_covering_n100_m75_d0.45_b_w26_seed1.txt,Set Covering,100,Restricted,500,false,min,3,0.01490,na,na,22700,44212,518
set_covering_n100_m75_d0.45_b_w26_seed1.txt,Set Covering,100,Restricted,1000,false,min,3,0.01933,na,na,28301,55625,675
set_covering_n100_m75_d0.45_b_w26_seed1.txt,Set Covering,100,Restricted,2000,false,min,3,0.01915,na,na,28301,55625,675
set_covering_n100_m75_d0.45_b_w26_seed1.txt,Set Covering,100,Restricted,5000,false,min,3,0.01927,na,na,28301,55625,675
set_covering_n100_m75_d0.45_b_w26_seed1.txt,Set Covering,100,Restricted,10000,false,min,3,0.01935,na,na,28301,55625,675
set_covering_n100_m75_d0.45_b_w26_seed1.txt,Set Covering,100,Restricted,20000,false,min,3,0.02093,na,na,28301,55625,675
set_covering_n100_m75_d0.45_b_w26_seed1.txt,Set Covering,100,Relaxed,500,false,min,3,0.01775,na,na,22676,47656,518
set_covering_n100_m75_d0.45_b_w26_seed1.txt,Set Covering,100,Relaxed,1000,false,min,3,0.01960,na,na,28301,55625,675
set_covering_n100_m75_d0.45_b_w26_seed1.txt,Set Covering,100,Relaxed,2000,false,min,3,0.01835,na,na,28301,55625,675
set_covering_n100_m75_d0.45_b_w26_seed1.txt,Set Covering,100,Relaxed,5000,false,min,3,0.01902,na,na,28301,55625,675
set_covering_n100_m75_d0.45_b_w26_seed1.txt,Set Covering,100,Relaxed,10000,false,min,3,0.01883,na,na,28301,55625,675
set_covering_n100_m75_d0.45_b_w26_seed1.txt,Set Covering,100,Relaxed,20000,false,min,3,0.01904,na,na,28301,55625,675
set_covering_n100_m75_d0.45_b_w26_seed2.txt,Set Covering,100,Exact,99999,false,min,3,0.01865,na,na,28301,55625,675
set_covering_n100_m75_d0.45_b_w26_seed2.txt,Set Covering,100,Restricted,500,false,min,3,0.01415,na,na,22700,44212,518
set_covering_n100_m75_d0.45_b_w26_seed2.txt,Set Covering,100,Restricted,1000,false,min,3,0.01922,na,na,28301,55625,675
set_covering_n100_m75_d0.45_b_w26_seed2.txt,Set Covering,100,Restricted,2000,false,min,3,0.01902,na,na,28301,55625,675
set_covering_n100_m75_d0.45_b_w26_seed2.txt,Set Covering,100,Restricted,5000,false,min,3,0.01895,na,na,28301,55625,675
set_covering_n100_m75_d0.45_b_w26_seed2.txt,Set Covering,100,Restricted,10000,false,min,3,0.01944,na,na,28301,55625,675
set_covering_n100_m75_d0.45_b_w26_seed2.txt,Set Covering,100,Restricted,20000,false,min,3,0.01874,na,na,28301,55625,675
set_covering_n100_m75_d0.45_b_w26_seed2.txt,Set Covering,100,Relaxed,500,false,min,3,0.01801,na,na,22676,47656,518
set_covering_n100_m75_d0.45_b_w26_seed2.txt,Set Covering,100,Relaxed,1000,false,min,3,0.01829,na,na,28301,55625,675
set_covering_n100_m75_d0.45_b_w26_seed2.txt,Set Covering,100,Relaxed,2000,false,min,3,0.01871,na,na,28301,55625,675
set_covering_n100_m75_d0.45_b_w26_seed2.txt,Set Covering,100,Relaxed,5000,false,min,3,0.01947,na,na,28301,55625,675
set_covering_n100_m75_d0.45_b_w26_seed2.txt,Set Covering,100,Relaxed,10000,false,min,3,0.01843,na,na,28301,55625,675
set_covering_n100_m75_d0.45_b_w26_seed2.txt,Set Covering,100,Relaxed,20000,false,min,3,0.01869,na,na,28301,55625,675
set_covering_n100_m75_d0.45_b_w26_seed3.txt,Set Covering,100,Exact,99999,false,min,3,0.01908,na,na,28301,55625,675
set_covering_n100_m75_d0.45_b_w26_seed3.txt,Set Covering,100,Restricted,500,false,min,3,0.01466,na,na,22700,44212,518
set_covering_n100_m75_d0.45_b_w26_seed3.txt,Set Covering,100,Restricted,1000,false,min,3,0.01904,na,na,28301,55625,675
set_covering_n100_m75_d0.45_b_w26_seed3.txt,Set Covering,100,Restricted,2000,false,min,3,0.01873,na,na,28301,55625,675
set_covering_n100_m75_d0.45_b_w26_seed3.txt,Set Covering,100,Restricted,5000,false,min,3,0.01922,na,na,28301,55625,675
set_covering_n100_m75_d0.45_b_w26_seed3.txt,Set Covering,100,Restricted,10000,false,min,3,0.01877,na,na,28301,55625,675
set_covering_n100_m75_d0.45_b_w26_seed3.txt,Set Covering,100,Restricted,20000,false,min,3,0.01915,na,na,28301,55625,675
set_covering_n100_m75_d0.45_b_w26_seed3.txt,Set Covering,100,Relaxed,500,false,min,3,0.01733,na,na,22676,47656,518
set_covering_n100_m75_d0.45_b_w26_seed3.txt,Set Covering,100,Relaxed,1000,false,min,3,0.01821,na,na,28301,55625,675
set_covering_n100_m75_d0.45_b_w26_seed3.txt,Set Covering,100,Relaxed,2000,false,min,3,0.01839,na,na,28301,55625,675
set_covering_n100_m75_d0.45_b_w26_seed3.txt,Set Covering,100,Relaxed,5000,false,min,3,0.01822,na,na,28301,55625,675
set_covering_n100_m75_d0.45_b_w26_seed3.txt,Set Covering,100,Relaxed,10000,false,min,3,0.01823,na,na,28301,55625,675
set_covering_n100_m75_d0.45_b_w26_seed3.txt,Set Covering,100,Relaxed,20000,false,min,3,0.01835,na,na,28301,55625,675
set_covering_n100_m75_d0.45_b_w26_seed4.txt,Set Covering,100,Exact,99999,false,min,3,0.01917,na,na,28301,55625,675
set_covering_n100_m75_d0.45_b_w26_seed4.txt,Set Covering,100,Restricted,500,false,min,3,0.01429,na,na,22700,44212,518
set_covering_n100_m75_d0.45_b_w26_seed4.txt,Set Covering,100,Restricted,1000,false,min,3,0.01881,na,na,28301,55625,675
set_covering_n100_m75_d0.45_b_w26_seed4.txt,Set Covering,100,Restricted,2000,false,min,3,0.01831,na,na,28301,55625,675
set_covering_n100_m75_d0.45_b_w26_seed4.txt,Set Covering,100,Restricted,5000,false,min,3,0.01847,na,na,28301,55625,675
set_covering_n100_m75_d0.45_b_w26_seed4.txt,Set Covering,100,Restricted,10000,false,min,3,0.01889,na,na,28301,55625,675
set_covering_n100_m75_d0.45_b_w26_seed4.txt,Set Covering,100,Restricted,20000,false,min,3,0.01820,na,na,28301,55625,675
set_covering_n100_m75_d0.45_b_w26_seed4.txt,Set Covering,100,Relaxed,500,false,min,3,0.01812,na,na,22676,47656,518
set_covering_n100_m75_d0.45_b_w26_seed4.txt,Set Covering,100,Relaxed,1000,false,min,3,0.01878,na,na,28301,55625,675
set_covering_n100_m75_d0.45_b_w26_seed4.txt,Set Covering,100,Relaxed,2000,false,min,3,0.01916,na,na,28301,55625,675
set_covering_n100_m75_d0.45_b_w26_seed4.txt,Set Covering,100,Relaxed,5000,false,min,3,0.02124,na,na,28301,55625,675
set_covering_n100_m75_d0.45_b_w26_seed4.txt,Set Covering,100,Relaxed,10000,false,min,3,0.01921,na,na,28301,55625,675
set_covering_n100_m75_d0.45_b_w26_seed4.txt,Set Covering,100,Relaxed,20000,false,min,3,0.01898,na,na,28301,55625,675
set_covering_n100_m78_d0.1_b_w23_seed1.txt,Set Covering,100,Restricted,500,false,min,15,0.03204,na,na,60436,64779,1000
set_covering_n100_m78_d0.1_b_w23_seed1.txt,Set Covering,100,Restricted,1000,false,min,15,0.06230,na,na,117920,126937,2000
set_covering_n100_m78_d0.1_b_w23_seed1.txt,Set Covering,100,Restricted,2000,false,min,14,0.12401,na,na,227204,243594,4000
set_covering_n100_m78_d0.1_b_w23_seed1.txt,Set Covering,100,Restricted,5000,false,min,14,0.37223,na,na,538317,574280,10000
set_covering_n100_m78_d0.1_b_w23_seed1.txt,Set Covering,100,Restricted,10000,false,min,14,0.96183,na,na,1034331,1105366,20000
set_covering_n100_m78_d0.1_b_w23_seed1.txt,Set Covering,100,Relaxed,500,false,min,2,0.03957,na,na,60337,89399,1001
set_covering_n100_m78_d0.1_b_w23_seed1.txt,Set Covering,100,Restricted,20000,false,min,13,2.53282,na,na,1993013,2141755,40000
set_covering_n100_m78_d0.1_b_w23_seed1.txt,Set Covering,100,Relaxed,1000,false,min,3,0.07817,na,na,117827,174946,2001
set_covering_n100_m78_d0.1_b_w23_seed1.txt,Set Covering,100,Relaxed,2000,false,min,3,0.15938,na,na,227029,337338,4001
set_covering_n100_m78_d0.1_b_w23_seed1.txt,Set Covering,100,Relaxed,5000,false,min,3,0.49341,na,na,538113,798871,10001
set_covering_n100_m78_d0.1_b_w23_seed1.txt,Set Covering,100,Relaxed,10000,false,min,3,1.18640,na,na,1033541,1534896,20001
set_covering_n100_m78_d0.1_b_w23_seed1.txt,Set Covering,100,Relaxed,20000,false,min,4,3.08774,na,na,1993080,2975586,40001
set_covering_n100_m78_d0.1_b_w23_seed2.txt,Set Covering,100,Restricted,500,false,min,14,0.03285,na,na,62271,66183,1000
set_covering_n100_m78_d0.1_b_w23_seed2.txt,Set Covering,100,Restricted,1000,false,min,14,0.06022,na,na,119784,127157,2000
set_covering_n100_m78_d0.1_b_w23_seed2.txt,Set Covering,100,Restricted,2000,false,min,14,0.12432,na,na,233639,247706,4000
set_covering_n100_m78_d0.1_b_w23_seed2.txt,Set Covering,100,Restricted,5000,false,min,14,0.41557,na,na,562174,593640,10000
set_covering_n100_m78_d0.1_b_w23_seed2.txt,Set Covering,100,Restricted,10000,false,min,13,1.04999,na,na,1085765,1151341,20000
set_covering_n100_m78_d0.1_b_w23_seed2.txt,Set Covering,100,Relaxed,500,false,min,2,0.04024,na,na,62138,91728,1001
set_covering_n100_m78_d0.1_b_w23_seed2.txt,Set Covering,100,Restricted,20000,false,min,12,2.59142,na,na,2102334,2256691,39985
set_covering_n100_m78_d0.1_b_w23_seed2.txt,Set Covering,100,Relaxed,1000,false,min,3,0.07815,na,na,120039,177509,2001
set_covering_n100_m78_d0.1_b_w23_seed2.txt,Set Covering,100,Relaxed,2000,false,min,3,0.17416,na,na,233942,345954,4000
set_covering_n100_m78_d0.1_b_w23_seed2.txt,Set Covering,100,Relaxed,5000,false,min,3,0.50909,na,na,562017,831155,10000
set_covering_n100_m78_d0.1_b_w23_seed2.txt,Set Covering,100,Relaxed,10000,false,min,4,1.35679,na,na,1086252,1610710,19998
set_covering_n100_m78_d0.1_b_w23_seed3.txt,Set Covering,100,Restricted,500,false,min,14,0.03407,na,na,62689,66708,1000
set_covering_n100_m78_d0.1_b_w23_seed2.txt,Set Covering,100,Relaxed,20000,false,min,4,3.26378,na,na,2102269,3137000,39983
set_covering_n100_m78_d0.1_b_w23_seed3.txt,Set Covering,100,Restricted,1000,false,min,14,0.06514,na,na,123065,131090,2000
set_covering_n100_m78_d0.1_b_w23_seed3.txt,Set Covering,100,Restricted,2000,false,min,14,0.13130,na,na,237696,253662,4000
set_covering_n100_m78_d0.1_b_w23_seed3.txt,Set Covering,100,Restricted,5000,false,min,13,0.41238,na,na,563561,606772,10000
set_covering_n100_m78_d0.1_b_w23_seed3.txt,Set Covering,100,Restricted,10000,false,min,12,1.05289,na,na,1093773,1192298,19995
set_covering_n100_m78_d0.1_b_w23_seed3.txt,Set Covering,100,Relaxed,500,false,min,3,0.04224,na,na,62436,92960,1001
set_covering_n100_m78_d0.1_b_w23_seed3.txt,Set Covering,100,Restricted,20000,false,min,12,2.66215,na,na,2098583,2313608,39986
set_covering_n100_m78_d0.1_b_w23_seed3.txt,Set Covering,100,Relaxed,1000,false,min,3,0.08381,na,na,122568,182102,2001
set_covering_n100_m78_d0.1_b_w23_seed3.txt,Set Covering,100,Relaxed,2000,false,min,3,0.17668,na,na,237622,353165,4001
set_covering_n100_m78_d0.1_b_w23_seed3.txt,Set Covering,100,Relaxed,5000,false,min,4,0.54294,na,na,563407,842240,9999
set_covering_n100_m78_d0.1_b_w23_seed3.txt,Set Covering,100,Relaxed,10000,false,min,4,1.32532,na,na,1094458,1650313,19995
set_covering_n100_m78_d0.1_b_w23_seed3.txt,Set Covering,100,Relaxed,20000,false,min,4,3.15900,na,na,2098066,3187513,39987
set_covering_n100_m78_d0.1_b_w23_seed4.txt,Set Covering,100,Restricted,500,false,min,17,0.03590,na,na,66324,70556,1000
set_covering_n100_m78_d0.1_b_w23_seed4.txt,Set Covering,100,Restricted,1000,false,min,15,0.06648,na,na,127999,136392,2000
set_covering_n100_m78_d0.1_b_w23_seed4.txt,Set Covering,100,Restricted,2000,false,min,15,0.13934,na,na,246262,263733,4000
set_covering_n100_m78_d0.1_b_w23_seed4.txt,Set Covering,100,Restricted,5000,false,min,15,0.44460,na,na,583150,626062,10000
set_covering_n100_m78_d0.1_b_w23_seed4.txt,Set Covering,100,Restricted,10000,false,min,14,1.08069,na,na,1127401,1219232,20000
set_covering_n100_m78_d0.1_b_w23_seed4.txt,Set Covering,100,Restricted,20000,false,min,14,2.74562,na,na,2154307,2349173,39998
set_covering_n100_m78_d0.1_b_w23_seed4.txt,Set Covering,100,Relaxed,500,false,min,3,0.04441,na,na,66090,97848,1001
set_covering_n100_m78_d0.1_b_w23_seed4.txt,Set Covering,100,Relaxed,1000,false,min,4,0.08597,na,na,127879,189507,2001
set_covering_n100_m78_d0.1_b_w23_seed4.txt,Set Covering,100,Relaxed,2000,false,min,4,0.18175,na,na,245987,365659,4001
set_covering_n100_m78_d0.1_b_w23_seed4.txt,Set Covering,100,Relaxed,5000,false,min,4,0.58446,na,na,582494,865002,10001
set_covering_n100_m78_d0.1_b_w23_seed4.txt,Set Covering,100,Relaxed,10000,false,min,5,1.37082,na,na,1125997,1680273,20001
set_covering_n100_m78_d0.1_b_w23_seed4.txt,Set Covering,100,Relaxed,20000,false,min,5,3.42188,na,na,2154913,3231936,39996
set_covering_n100_m78_d0.2_b_w23_seed1.txt,Set Covering,100,Exact,99999,false,min,5,7.96187,na,na,5141187,9577227,581717
set_covering_n100_m78_d0.2_b_w23_seed1.txt,Set Covering,100,Restricted,500,false,min,5,0.02933,na,na,51495,66340,996
set_covering_n100_m78_d0.2_b_w23_seed1.txt,Set Covering,100,Restricted,1000,false,min,5,0.05296,na,na,91192,122274,1917
set_covering_n100_m78_d0.2_b_w23_seed1.txt,Set Covering,100,Restricted,2000,false,min,5,0.09300,na,na,154906,208338,3761
set_covering_n100_m78_d0.2_b_w23_seed1.txt,Set Covering,100,Restricted,5000,false,min,5,0.23662,na,na,311001,430259,9109
set_covering_n100_m78_d0.2_b_w23_seed1.txt,Set Covering,100,Restricted,10000,false,min,5,0.52673,na,na,530355,762029,17768
set_covering_n100_m78_d0.2_b_w23_seed1.txt,Set Covering,100,Restricted,20000,false,min,5,1.04607,na,na,896557,1346739,34380
set_covering_n100_m78_d0.2_b_w23_seed1.txt,Set Covering,100,Relaxed,500,false,min,2,0.03711,na,na,51462,85949,994
set_covering_n100_m78_d0.2_b_w23_seed1.txt,Set Covering,100,Relaxed,1000,false,min,2,0.06794,na,na,91148,155469,1916
set_covering_n100_m78_d0.2_b_w23_seed1.txt,Set Covering,100,Relaxed,2000,false,min,3,0.12414,na,na,154881,266789,3764
set_covering_n100_m78_d0.2_b_w23_seed1.txt,Set Covering,100,Relaxed,5000,false,min,3,0.32210,na,na,310986,547747,9111
set_covering_n100_m78_d0.2_b_w23_seed1.txt,Set Covering,100,Relaxed,10000,false,min,3,0.68257,na,na,530124,948721,17749
set_covering_n100_m78_d0.2_b_w23_seed1.txt,Set Covering,100,Relaxed,20000,false,min,4,1.38036,na,na,896504,1619778,34380
set_covering_n100_m78_d0.2_b_w23_seed2.txt,Set Covering,100,Exact,99999,false,min,5,10.46726,na,na,6920634,13138414,565172
set_covering_n100_m78_d0.2_b_w23_seed2.txt,Set Covering,100,Restricted,500,false,min,5,0.02926,na,na,54373,67802,996
set_covering_n100_m78_d0.2_b_w23_seed2.txt,Set Covering,100,Restricted,1000,false,min,5,0.05288,na,na,95231,120649,1917
set_covering_n100_m78_d0.2_b_w23_seed2.txt,Set Covering,100,Restricted,2000,false,min,5,0.10188,na,na,167048,210400,3785
set_covering_n100_m78_d0.2_b_w23_seed2.txt,Set Covering,100,Restricted,5000,false,min,5,0.27293,na,na,351915,459246,9239
set_covering_n100_m78_d0.2_b_w23_seed2.txt,Set Covering,100,Restricted,10000,false,min,5,0.57842,na,na,616270,848441,17882
set_covering_n100_m78_d0.2_b_w23_seed2.txt,Set Covering,100,Restricted,20000,false,min,5,1.24622,na,na,1060620,1555108,33960
set_covering_n100_m78_d0.2_b_w23_seed2.txt,Set Covering,100,Relaxed,500,false,min,2,0.03719,na,na,54293,89039,997
set_covering_n100_m78_d0.2_b_w23_seed2.txt,Set Covering,100,Relaxed,1000,false,min,2,0.06881,na,na,94960,158538,1916
set_covering_n100_m78_d0.2_b_w23_seed2.txt,Set Covering,100,Relaxed,2000,false,min,3,0.13194,na,na,167224,280955,3781
set_covering_n100_m78_d0.2_b_w23_seed2.txt,Set Covering,100,Relaxed,5000,false,min,3,0.35726,na,na,351668,610551,9240
set_covering_n100_m78_d0.2_b_w23_seed2.txt,Set Covering,100,Relaxed,10000,false,min,3,0.82908,na,na,616177,1099459,17878
set_covering_n100_m78_d0.2_b_w23_seed2.txt,Set Covering,100,Relaxed,20000,false,min,4,1.73120,na,na,1060455,1940771,33958
set_covering_n100_m78_d0.2_b_w23_seed3.txt,Set Covering,100,Exact,99999,false,min,5,5.78071,na,na,4021174,7586670,263575
set_covering_n100_m78_d0.2_b_w23_seed3.txt,Set Covering,100,Restricted,500,false,min,6,0.02979,na,na,52664,65006,981
set_covering_n100_m78_d0.2_b_w23_seed3.txt,Set Covering,100,Restricted,1000,false,min,6,0.05377,na,na,93317,119050,1873
set_covering_n100_m78_d0.2_b_w23_seed3.txt,Set Covering,100,Restricted,2000,false,min,6,0.10067,na,na,165896,218467,3626
set_covering_n100_m78_d0.2_b_w23_seed3.txt,Set Covering,100,Restricted,5000,false,min,5,0.27470,na,na,343768,478436,8723
set_covering_n100_m78_d0.2_b_w23_seed3.txt,Set Covering,100,Restricted,10000,false,min,5,0.59800,na,na,586582,863860,16789
set_covering_n100_m78_d0.2_b_w23_seed3.txt,Set Covering,100,Restricted,20000,false,min,5,1.13248,na,na,973178,1503231,31519
set_covering_n100_m78_d0.2_b_w23_seed3.txt,Set Covering,100,Relaxed,500,false,min,2,0.03761,na,na,52696,86891,981
set_covering_n100_m78_d0.2_b_w23_seed3.txt,Set Covering,100,Relaxed,1000,false,min,2,0.06951,na,na,93160,157551,1876
set_covering_n100_m78_d0.2_b_w23_seed3.txt,Set Covering,100,Relaxed,2000,false,min,3,0.13286,na,na,165703,285044,3621
set_covering_n100_m78_d0.2_b_w23_seed3.txt,Set Covering,100,Relaxed,5000,false,min,3,0.34995,na,na,343779,610465,8725
set_covering_n100_m78_d0.2_b_w23_seed3.txt,Set Covering,100,Relaxed,10000,false,min,3,0.74650,na,na,586513,1062922,16783
set_covering_n100_m78_d0.2_b_w23_seed3.txt,Set Covering,100,Relaxed,20000,false,min,4,1.43582,na,na,973137,1791910,31541
set_covering_n100_m78_d0.2_b_w23_seed4.txt,Set Covering,100,Exact,99999,false,min,5,8.98367,na,na,6104134,11539777,424921
set_covering_n100_m78_d0.2_b_w23_seed4.txt,Set Covering,100,Restricted,500,false,min,6,0.03033,na,na,54287,67168,1000
set_covering_n100_m78_d0.2_b_w23_seed4.txt,Set Covering,100,Restricted,1000,false,min,6,0.05683,na,na,97010,125004,1976
set_covering_n100_m78_d0.2_b_w23_seed4.txt,Set Covering,100,Restricted,2000,false,min,5,0.10330,na,na,172138,228424,3928
set_covering_n100_m78_d0.2_b_w23_seed4.txt,Set Covering,100,Restricted,5000,false,min,5,0.25339,na,na,349733,472523,9454
set_covering_n100_m78_d0.2_b_w23_seed4.txt,Set Covering,100,Restricted,10000,false,min,5,0.56950,na,na,596596,835984,17653
set_covering_n100_m78_d0.2_b_w23_seed4.txt,Set Covering,100,Restricted,20000,false,min,5,1.28165,na,na,1020447,1511852,33225
set_covering_n100_m78_d0.2_b_w23_seed4.txt,Set Covering,100,Relaxed,500,false,min,2,0.03833,na,na,54280,89165,996
set_covering_n100_m78_d0.2_b_w23_seed4.txt,Set Covering,100,Relaxed,1000,false,min,2,0.07177,na,na,96966,162958,1975
set_covering_n100_m78_d0.2_b_w23_seed4.txt,Set Covering,100,Relaxed,2000,false,min,3,0.13713,na,na,172075,294534,3927
set_covering_n100_m78_d0.2_b_w23_seed4.txt,Set Covering,100,Relaxed,5000,false,min,3,0.35189,na,na,349554,609608,9439
set_covering_n100_m78_d0.2_b_w23_seed4.txt,Set Covering,100,Relaxed,10000,false,min,3,0.70768,na,na,596585,1064200,17653
set_covering_n100_m78_d0.2_b_w23_seed4.txt,Set Covering,100,Relaxed,20000,false,min,4,1.48074,na,na,1020354,1852166,33220
set_covering_n100_m78_d0.3_b_w23_seed1.txt,Set Covering,100,Exact,99999,false,min,4,0.01797,na,na,25852,50667,529
set_covering_n100_m78_d0.3_b_w23_seed1.txt,Set Covering,100,Restricted,500,false,min,4,0.01680,na,na,24962,48842,507
set_covering_n100_m78_d0.3_b_w23_seed1.txt,Set Covering,100,Restricted,1000,false,min,4,0.01790,na,na,25852,50667,529
set_covering_n100_m78_d0.3_b_w23_seed1.txt,Set Covering,100,Restricted,2000,false,min,4,0.01808,na,na,25852,50667,529
set_covering_n100_m78_d0.3_b_w23_seed1.txt,Set Covering,100,Restricted,5000,false,min,4,0.01777,na,na,25852,50667,529
set_covering_n100_m78_d0.3_b_w23_seed1.txt,Set Covering,100,Restricted,10000,false,min,4,0.01781,na,na,25852,50667,529
set_covering_n100_m78_d0.3_b_w23_seed1.txt,Set Covering,100,Restricted,20000,false,min,4,0.01784,na,na,25852,50667,529
set_covering_n100_m78_d0.3_b_w23_seed1.txt,Set Covering,100,Relaxed,500,false,min,4,0.01998,na,na,24963,49379,507
set_covering_n100_m78_d0.3_b_w23_seed1.txt,Set Covering,100,Relaxed,1000,false,min,4,0.01797,na,na,25852,50667,529
set_covering_n100_m78_d0.3_b_w23_seed1.txt,Set Covering,100,Relaxed,2000,false,min,4,0.01793,na,na,25852,50667,529
set_covering_n100_m78_d0.3_b_w23_seed1.txt,Set Covering,100,Relaxed,5000,false,min,4,0.01795,na,na,25852,50667,529
set_covering_n100_m78_d0.3_b_w23_seed1.txt,Set Covering,100,Relaxed,10000,false,min,4,0.01817,na,na,25852,50667,529
set_covering_n100_m78_d0.3_b_w23_seed1.txt,Set Covering,100,Relaxed,20000,false,min,4,0.01802,na,na,25852,50667,529
set_covering_n100_m78_d0.3_b_w23_seed2.txt,Set Covering,100,Exact,99999,false,min,4,0.01913,na,na,25852,50667,529
set_covering_n100_m78_d0.3_b_w23_seed2.txt,Set Covering,100,Restricted,500,false,min,4,0.01660,na,na,24962,48842,507
set_covering_n100_m78_d0.3_b_w23_seed2.txt,Set Covering,100,Restricted,1000,false,min,4,0.01801,na,na,25852,50667,529
set_covering_n100_m78_d0.3_b_w23_seed2.txt,Set Covering,100,Restricted,2000,false,min,4,0.01784,na,na,25852,50667,529
set_covering_n100_m78_d0.3_b_w23_seed2.txt,Set Covering,100,Restricted,5000,false,min,4,0.01773,na,na,25852,50667,529
set_covering_n100_m78_d0.3_b_w23_seed2.txt,Set Covering,100,Restricted,10000,false,min,4,0.01777,na,na,25852,50667,529
set_covering_n100_m78_d0.3_b_w23_seed2.txt,Set Covering,100,Restricted,20000,false,min,4,0.01777,na,na,25852,50667,529
set_covering_n100_m78_d0.3_b_w23_seed2.txt,Set Covering,100,Relaxed,500,false,min,4,0.02004,na,na,24963,49379,507
set_covering_n100_m78_d0.3_b_w23_seed2.txt,Set Covering,100,Relaxed,1000,false,min,4,0.01794,na,na,25852,50667,529
set_covering_n100_m78_d0.3_b_w23_seed2.txt,Set Covering,100,Relaxed,2000,false,min,4,0.01783,na,na,25852,50667,529
set_covering_n100_m78_d0.3_b_w23_seed2.txt,Set Covering,100,Relaxed,5000,false,min,4,0.01777,na,na,25852,50667,529
set_covering_n100_m78_d0.3_b_w23_seed2.txt,Set Covering,100,Relaxed,10000,false,min,4,0.01775,na,na,25852,50667,529
set_covering_n100_m78_d0.3_b_w23_seed2.txt,Set Covering,100,Relaxed,20000,false,min,4,0.01749,na,na,25852,50667,529
set_covering_n100_m78_d0.3_b_w23_seed3.txt,Set Covering,100,Exact,99999,false,min,4,0.01781,na,na,25852,50667,529
set_covering_n100_m78_d0.3_b_w23_seed3.txt,Set Covering,100,Restricted,500,false,min,4,0.01661,na,na,24962,48842,507
set_covering_n100_m78_d0.3_b_w23_seed3.txt,Set Covering,100,Restricted,1000,false,min,4,0.01782,na,na,25852,50667,529
set_covering_n100_m78_d0.3_b_w23_seed3.txt,Set Covering,100,Restricted,2000,false,min,4,0.01732,na,na,25852,50667,529
set_covering_n100_m78_d0.3_b_w23_seed3.txt,Set Covering,100,Restricted,5000,false,min,4,0.01801,na,na,25852,50667,529
set_covering_n100_m78_d0.3_b_w23_seed3.txt,Set Covering,100,Restricted,10000,false,min,4,0.01784,na,na,25852,50667,529
set_covering_n100_m78_d0.3_b_w23_seed3.txt,Set Covering,100,Restricted,20000,false,min,4,0.01774,na,na,25852,50667,529
set_covering_n100_m78_d0.3_b_w23_seed3.txt,Set Covering,100,Relaxed,500,false,min,4,0.01994,na,na,24963,49379,507
set_covering_n100_m78_d0.3_b_w23_seed3.txt,Set Covering,100,Relaxed,1000,false,min,4,0.01711,na,na,25852,50667,529
set_covering_n100_m78_d0.3_b_w23_seed3.txt,Set Covering,100,Relaxed,2000,false,min,4,0.01784,na,na,25852,50667,529
set_covering_n100_m78_d0.3_b_w23_seed3.txt,Set Covering,100,Relaxed,5000,false,min,4,0.01785,na,na,25852,50667,529
set_covering_n100_m78_d0.3_b_w23_seed3.txt,Set Covering,100,Relaxed,10000,false,min,4,0.01720,na,na,25852,50667,529
set_covering_n100_m78_d0.3_b_w23_seed3.txt,Set Covering,100,Relaxed,20000,false,min,4,0.01738,na,na,25852,50667,529
set_covering_n100_m78_d0.3_b_w23_seed4.txt,Set Covering,100,Exact,99999,false,min,4,0.01800,na,na,25852,50667,529
set_covering_n100_m78_d0.3_b_w23_seed4.txt,Set Covering,100,Restricted,500,false,min,4,0.01597,na,na,24962,48842,507
set_covering_n100_m78_d0.3_b_w23_seed4.txt,Set Covering,100,Restricted,1000,false,min,4,0.01780,na,na,25852,50667,529
set_covering_n100_m78_d0.3_b_w23_seed4.txt,Set Covering,100,Restricted,2000,false,min,4,0.01742,na,na,25852,50667,529
set_covering_n100_m78_d0.3_b_w23_seed4.txt,Set Covering,100,Restricted,5000,false,min,4,0.01692,na,na,25852,50667,529
set_covering_n100_m78_d0.3_b_w23_seed4.txt,Set Covering,100,Restricted,10000,false,min,4,0.01755,na,na,25852,50667,529
set_covering_n100_m78_d0.3_b_w23_seed4.txt,Set Covering,100,Restricted,20000,false,min,4,0.01764,na,na,25852,50667,529
set_covering_n100_m78_d0.3_b_w23_seed4.txt,Set Covering,100,Relaxed,500,false,min,4,0.01956,na,na,24963,49379,507
set_covering_n100_m78_d0.3_b_w23_seed4.txt,Set Covering,100,Relaxed,1000,false,min,4,0.01709,na,na,25852,50667,529
set_covering_n100_m78_d0.3_b_w23_seed4.txt,Set Covering,100,Relaxed,2000,false,min,4,0.01779,na,na,25852,50667,529
set_covering_n100_m78_d0.3_b_w23_seed4.txt,Set Covering,100,Relaxed,5000,false,min,4,0.01747,na,na,25852,50667,529
set_covering_n100_m78_d0.3_b_w23_seed4.txt,Set Covering,100,Relaxed,10000,false,min,4,0.01777,na,na,25852,50667,529
set_covering_n100_m78_d0.3_b_w23_seed4.txt,Set Covering,100,Relaxed,20000,false,min,4,0.01750,na,na,25852,50667,529
set_covering_n100_m78_d0.4_b_w23_seed1.txt,Set Covering,100,Exact,99999,false,min,4,0.01792,na,na,25852,50667,529
set_covering_n100_m78_d0.4_b_w23_seed1.txt,Set Covering,100,Restricted,500,false,min,4,0.01669,na,na,24962,48842,507
set_covering_n100_m78_d0.4_b_w23_seed1.txt,Set Covering,100,Restricted,1000,false,min,4,0.01801,na,na,25852,50667,529
set_covering_n100_m78_d0.4_b_w23_seed1.txt,Set Covering,100,Restricted,2000,false,min,4,0.01781,na,na,25852,50667,529
set_covering_n100_m78_d0.4_b_w23_seed1.txt,Set Covering,100,Restricted,5000,false,min,4,0.01735,na,na,25852,50667,529
set_covering_n100_m78_d0.4_b_w23_seed1.txt,Set Covering,100,Restricted,10000,false,min,4,0.01709,na,na,25852,50667,529
set_covering_n100_m78_d0.4_b_w23_seed1.txt,Set Covering,100,Restricted,20000,false,min,4,0.01712,na,na,25852,50667,529
set_covering_n100_m78_d0.4_b_w23_seed1.txt,Set Covering,100,Relaxed,500,false,min,4,0.01910,na,na,24963,49379,507
set_covering_n100_m78_d0.4_b_w23_seed1.txt,Set Covering,100,Relaxed,1000,false,min,4,0.01687,na,na,25852,50667,529
set_covering_n100_m78_d0.4_b_w23_seed1.txt,Set Covering,100,Relaxed,2000,false,min,4,0.01784,na,na,25852,50667,529
set_covering_n100_m78_d0.4_b_w23_seed1.txt,Set Covering,100,Relaxed,5000,false,min,4,0.01764,na,na,25852,50667,529
set_covering_n100_m78_d0.4_b_w23_seed1.txt,Set Covering,100,Relaxed,10000,false,min,4,0.01743,na,na,25852,50667,529
set_covering_n100_m78_d0.4_b_w23_seed1.txt,Set Covering,100,Relaxed,20000,false,min,4,0.01690,na,na,25852,50667,529
set_covering_n100_m78_d0.4_b_w23_seed2.txt,Set Covering,100,Exact,99999,false,min,4,0.01742,na,na,25852,50667,529
set_covering_n100_m78_d0.4_b_w23_seed2.txt,Set Covering,100,Restricted,500,false,min,4,0.01570,na,na,24962,48842,507
set_covering_n100_m78_d0.4_b_w23_seed2.txt,Set Covering,100,Restricted,1000,false,min,4,0.01685,na,na,25852,50667,529
set_covering_n100_m78_d0.4_b_w23_seed2.txt,Set Covering,100,Restricted,2000,false,min,4,0.01680,na,na,25852,50667,529
set_covering_n100_m78_d0.4_b_w23_seed2.txt,Set Covering,100,Restricted,5000,false,min,4,0.01677,na,na,25852,50667,529
set_covering_n100_m78_d0.4_b_w23_seed2.txt,Set Covering,100,Restricted,10000,false,min,4,0.01690,na,na,25852,50667,529
set_covering_n100_m78_d0.4_b_w23_seed2.txt,Set Covering,100,Restricted,20000,false,min,4,0.01679,na,na,25852,50667,529
set_covering_n100_m78_d0.4_b_w23_seed2.txt,Set Covering,100,Relaxed,500,false,min,4,0.01908,na,na,24963,49379,507
set_covering_n100_m78_d0.4_b_w23_seed2.txt,Set Covering,100,Relaxed,1000,false,min,4,0.01715,na,na,25852,50667,529
set_covering_n100_m78_d0.4_b_w23_seed2.txt,Set Covering,100,Relaxed,2000,false,min,4,0.01698,na,na,25852,50667,529
set_covering_n100_m78_d0.4_b_w23_seed2.txt,Set Covering,100,Relaxed,5000,false,min,4,0.01687,na,na,25852,50667,529
set_covering_n100_m78_d0.4_b_w23_seed2.txt,Set Covering,100,Relaxed,10000,false,min,4,0.01710,na,na,25852,50667,529
set_covering_n100_m78_d0.4_b_w23_seed2.txt,Set Covering,100,Relaxed,20000,false,min,4,0.01711,na,na,25852,50667,529
set_covering_n100_m78_d0.4_b_w23_seed3.txt,Set Covering,100,Exact,99999,false,min,4,0.01684,na,na,25852,50667,529
set_covering_n100_m78_d0.4_b_w23_seed3.txt,Set Covering,100,Restricted,500,false,min,4,0.01575,na,na,24962,48842,507
set_covering_n100_m78_d0.4_b_w23_seed3.txt,Set Covering,100,Restricted,1000,false,min,4,0.01681,na,na,25852,50667,529
set_covering_n100_m78_d0.4_b_w23_seed3.txt,Set Covering,100,Restricted,2000,false,min,4,0.01682,na,na,25852,50667,529
set_covering_n100_m78_d0.4_b_w23_seed3.txt,Set Covering,100,Restricted,5000,false,min,4,0.01706,na,na,25852,50667,529
set_covering_n100_m78_d0.4_b_w23_seed3.txt,Set Covering,100,Restricted,10000,false,min,4,0.01718,na,na,25852,50667,529
set_covering_n100_m78_d0.4_b_w23_seed3.txt,Set Covering,100,Restricted,20000,false,min,4,0.01652,na,na,25852,50667,529
set_covering_n100_m78_d0.4_b_w23_seed3.txt,Set Covering,100,Relaxed,500,false,min,4,0.01933,na,na,24963,49379,507
set_covering_n100_m78_d0.4_b_w23_seed3.txt,Set Covering,100,Relaxed,1000,false,min,4,0.01698,na,na,25852,50667,529
set_covering_n100_m78_d0.4_b_w23_seed3.txt,Set Covering,100,Relaxed,2000,false,min,4,0.01672,na,na,25852,50667,529
set_covering_n100_m78_d0.4_b_w23_seed3.txt,Set Covering,100,Relaxed,5000,false,min,4,0.01671,na,na,25852,50667,529
set_covering_n100_m78_d0.4_b_w23_seed3.txt,Set Covering,100,Relaxed,10000,false,min,4,0.01652,na,na,25852,50667,529
set_covering_n100_m78_d0.4_b_w23_seed3.txt,Set Covering,100,Relaxed,20000,false,min,4,0.01671,na,na,25852,50667,529
set_covering_n100_m78_d0.4_b_w23_seed4.txt,Set Covering,100,Exact,99999,false,min,4,0.01706,na,na,25852,50667,529
set_covering_n100_m78_d0.4_b_w23_seed4.txt,Set Covering,100,Restricted,500,false,min,4,0.01562,na,na,24962,48842,507
set_covering_n100_m78_d0.4_b_w23_seed4.txt,Set Covering,100,Restricted,1000,false,min,4,0.01697,na,na,25852,50667,529
set_covering_n100_m78_d0.4_b_w23_seed4.txt,Set Covering,100,Restricted,2000,false,min,4,0.01703,na,na,25852,50667,529
set_covering_n100_m78_d0.4_b_w23_seed4.txt,Set Covering,100,Restricted,5000,false,min,4,0.01676,na,na,25852,50667,529
set_covering_n100_m78_d0.4_b_w23_seed4.txt,Set Covering,100,Restricted,10000,false,min,4,0.01694,na,na,25852,50667,529
set_covering_n100_m78_d0.4_b_w23_seed4.txt,Set Covering,100,Restricted,20000,false,min,4,0.01667,na,na,25852,50667,529
set_covering_n100_m78_d0.4_b_w23_seed4.txt,Set Covering,100,Relaxed,500,false,min,4,0.01886,na,na,24963,49379,507
set_covering_n100_m78_d0.4_b_w23_seed4.txt,Set Covering,100,Relaxed,1000,false,min,4,0.01674,na,na,25852,50667,529
set_covering_n100_m78_d0.4_b_w23_seed4.txt,Set Covering,100,Relaxed,2000,false,min,4,0.01684,na,na,25852,50667,529
set_covering_n100_m78_d0.4_b_w23_seed4.txt,Set Covering,100,Relaxed,5000,false,min,4,0.01678,na,na,25852,50667,529
set_covering_n100_m78_d0.4_b_w23_seed4.txt,Set Covering,100,Relaxed,10000,false,min,4,0.01755,na,na,25852,50667,529
set_covering_n100_m78_d0.4_b_w23_seed4.txt,Set Covering,100,Relaxed,20000,false,min,4,0.01685,na,na,25852,50667,529
set_covering_n100_m78_d0.05_b_w23_seed1.txt,Set Covering,100,Restricted,500,false,min,24,0.02500,na,na,51682,56098,1000
set_covering_n100_m78_d0.05_b_w23_seed1.txt,Set Covering,100,Restricted,1000,false,min,24,0.04908,na,na,99938,108576,2000
set_covering_n100_m78_d0.05_b_w23_seed1.txt,Set Covering,100,Restricted,2000,false,min,24,0.10198,na,na,193460,210499,4000
set_covering_n100_m78_d0.05_b_w23_seed1.txt,Set Covering,100,Restricted,5000,false,min,22,0.30127,na,na,463922,508395,10000
set_covering_n100_m78_d0.05_b_w23_seed1.txt,Set Covering,100,Restricted,10000,false,min,22,0.80490,na,na,898510,984377,20000
set_covering_n100_m78_d0.05_b_w23_seed1.txt,Set Covering,100,Relaxed,500,false,min,6,0.03069,na,na,49014,77730,1001
set_covering_n100_m78_d0.05_b_w23_seed1.txt,Set Covering,100,Restricted,20000,false,min,22,1.84264,na,na,1709005,1872050,40000
set_covering_n100_m78_d0.05_b_w23_seed1.txt,Set Covering,100,Relaxed,1000,false,min,8,0.06075,na,na,95063,144252,2001
set_covering_n100_m78_d0.05_b_w23_seed1.txt,Set Covering,100,Relaxed,2000,false,min,8,0.12914,na,na,192231,282913,4001
set_covering_n100_m78_d0.05_b_w23_seed1.txt,Set Covering,100,Relaxed,5000,false,min,8,0.38143,na,na,464669,677670,10001
set_covering_n100_m78_d0.05_b_w23_seed1.txt,Set Covering,100,Relaxed,10000,false,min,8,0.96655,na,na,899982,1300931,20001
set_covering_n100_m78_d0.5_b_w23_seed1.txt,Set Covering,100,Exact,99999,false,min,4,0.01782,na,na,25852,50667,529
set_covering_n100_m78_d0.05_b_w23_seed1.txt,Set Covering,100,Relaxed,20000,false,min,8,2.22146,na,na,1712423,2476164,39998
set_covering_n100_m78_d0.5_b_w23_seed1.txt,Set Covering,100,Restricted,500,false,min,4,0.01571,na,na,24962,48842,507
set_covering_n100_m78_d0.5_b_w23_seed1.txt,Set Covering,100,Restricted,1000,false,min,4,0.01725,na,na,25852,50667,529
set_covering_n100_m78_d0.5_b_w23_seed1.txt,Set Covering,100,Restricted,2000,false,min,4,0.01665,na,na,25852,50667,529
set_covering_n100_m78_d0.5_b_w23_seed1.txt,Set Covering,100,Restricted,5000,false,min,4,0.01686,na,na,25852,50667,529
set_covering_n100_m78_d0.5_b_w23_seed1.txt,Set Covering,100,Restricted,10000,false,min,4,0.01677,na,na,25852,50667,529
set_covering_n100_m78_d0.5_b_w23_seed1.txt,Set Covering,100,Restricted,20000,false,min,4,0.01705,na,na,25852,50667,529
set_covering_n100_m78_d0.5_b_w23_seed1.txt,Set Covering,100,Relaxed,500,false,min,4,0.01879,na,na,24963,49379,507
set_covering_n100_m78_d0.5_b_w23_seed1.txt,Set Covering,100,Relaxed,1000,false,min,4,0.01695,na,na,25852,50667,529
set_covering_n100_m78_d0.5_b_w23_seed1.txt,Set Covering,100,Relaxed,2000,false,min,4,0.01683,na,na,25852,50667,529
set_covering_n100_m78_d0.5_b_w23_seed1.txt,Set Covering,100,Relaxed,5000,false,min,4,0.01695,na,na,25852,50667,529
set_covering_n100_m78_d0.5_b_w23_seed1.txt,Set Covering,100,Relaxed,10000,false,min,4,0.01673,na,na,25852,50667,529
set_covering_n100_m78_d0.5_b_w23_seed1.txt,Set Covering,100,Relaxed,20000,false,min,4,0.01685,na,na,25852,50667,529
set_covering_n100_m78_d0.05_b_w23_seed2.txt,Set Covering,100,Restricted,500,false,min,25,0.02700,na,na,54245,58746,1000
set_covering_n100_m78_d0.05_b_w23_seed2.txt,Set Covering,100,Restricted,1000,false,min,24,0.05337,na,na,105442,114117,2000
set_covering_n100_m78_d0.05_b_w23_seed2.txt,Set Covering,100,Restricted,2000,false,min,24,0.10855,na,na,202915,219332,4000
set_covering_n100_m78_d0.05_b_w23_seed2.txt,Set Covering,100,Restricted,5000,false,min,24,0.31921,na,na,483317,524773,10000
set_covering_n100_m78_d0.05_b_w23_seed2.txt,Set Covering,100,Restricted,10000,false,min,23,0.81474,na,na,935201,1021931,20000
set_covering_n100_m78_d0.05_b_w23_seed2.txt,Set Covering,100,Relaxed,500,false,min,6,0.03422,na,na,52263,77385,1001
set_covering_n100_m78_d0.05_b_w23_seed2.txt,Set Covering,100,Restricted,20000,false,min,23,2.05569,na,na,1787831,1954715,40000
set_covering_n100_m78_d0.05_b_w23_seed2.txt,Set Covering,100,Relaxed,1000,false,min,6,0.06570,na,na,105123,151459,2001
set_covering_n100_m78_d0.05_b_w23_seed2.txt,Set Covering,100,Relaxed,2000,false,min,7,0.14001,na,na,201953,291677,4001
set_covering_n100_m78_d0.05_b_w23_seed2.txt,Set Covering,100,Relaxed,5000,false,min,7,0.42716,na,na,483362,695653,10001
set_covering_n100_m78_d0.05_b_w23_seed2.txt,Set Covering,100,Relaxed,10000,false,min,7,1.07695,na,na,936388,1352576,20001
set_covering_n100_m78_d0.5_b_w23_seed2.txt,Set Covering,100,Exact,99999,false,min,4,0.01786,na,na,25852,50667,529
set_covering_n100_m78_d0.05_b_w23_seed2.txt,Set Covering,100,Relaxed,20000,false,min,8,2.49366,na,na,1789373,2584246,40001
set_covering_n100_m78_d0.5_b_w23_seed2.txt,Set Covering,100,Restricted,500,false,min,4,0.01665,na,na,24962,48842,507
set_covering_n100_m78_d0.5_b_w23_seed2.txt,Set Covering,100,Restricted,1000,false,min,4,0.01782,na,na,25852,50667,529
set_covering_n100_m78_d0.5_b_w23_seed2.txt,Set Covering,100,Restricted,2000,false,min,4,0.01701,na,na,25852,50667,529
set_covering_n100_m78_d0.5_b_w23_seed2.txt,Set Covering,100,Restricted,5000,false,min,4,0.01700,na,na,25852,50667,529
set_covering_n100_m78_d0.5_b_w23_seed2.txt,Set Covering,100,Restricted,10000,false,min,4,0.01762,na,na,25852,50667,529
set_covering_n100_m78_d0.5_b_w23_seed2.txt,Set Covering,100,Restricted,20000,false,min,4,0.01706,na,na,25852,50667,529
set_covering_n100_m78_d0.5_b_w23_seed2.txt,Set Covering,100,Relaxed,500,false,min,4,0.01956,na,na,24963,49379,507
set_covering_n100_m78_d0.5_b_w23_seed2.txt,Set Covering,100,Relaxed,1000,false,min,4,0.01758,na,na,25852,50667,529
set_covering_n100_m78_d0.5_b_w23_seed2.txt,Set Covering,100,Relaxed,2000,false,min,4,0.01742,na,na,25852,50667,529
set_covering_n100_m78_d0.5_b_w23_seed2.txt,Set Covering,100,Relaxed,5000,false,min,4,0.01697,na,na,25852,50667,529
set_covering_n100_m78_d0.5_b_w23_seed2.txt,Set Covering,100,Relaxed,10000,false,min,4,0.01776,na,na,25852,50667,529
set_covering_n100_m78_d0.5_b_w23_seed2.txt,Set Covering,100,Relaxed,20000,false,min,4,0.01773,na,na,25852,50667,529
set_covering_n100_m78_d0.05_b_w23_seed3.txt,Set Covering,100,Restricted,500,false,min,24,0.02790,na,na,54775,57955,1000
set_covering_n100_m78_d0.05_b_w23_seed3.txt,Set Covering,100,Restricted,1000,false,min,23,0.05182,na,na,106887,113599,2000
set_covering_n100_m78_d0.05_b_w23_seed3.txt,Set Covering,100,Restricted,2000,false,min,23,0.10622,na,na,207519,222680,4000
set_covering_n100_m78_d0.05_b_w23_seed3.txt,Set Covering,100,Restricted,5000,false,min,24,0.34135,na,na,504077,539129,10000
set_covering_n100_m78_d0.05_b_w23_seed3.txt,Set Covering,100,Restricted,10000,false,min,23,0.93600,na,na,973435,1046869,20000
set_covering_n100_m78_d0.05_b_w23_seed3.txt,Set Covering,100,Relaxed,500,false,min,5,0.03398,na,na,52696,81996,1001
set_covering_n100_m78_d0.05_b_w23_seed3.txt,Set Covering,100,Restricted,20000,false,min,23,2.16048,na,na,1834887,1990161,40000
set_covering_n100_m78_d0.05_b_w23_seed3.txt,Set Covering,100,Relaxed,1000,false,min,5,0.06727,na,na,105628,152904,2001
set_covering_n100_m78_d0.05_b_w23_seed3.txt,Set Covering,100,Relaxed,2000,false,min,6,0.13928,na,na,207452,305974,4001
set_covering_n100_m78_d0.05_b_w23_seed3.txt,Set Covering,100,Relaxed,5000,false,min,6,0.44770,na,na,503559,721365,10001
set_covering_n100_m78_d0.05_b_w23_seed3.txt,Set Covering,100,Relaxed,10000,false,min,6,1.08181,na,na,976319,1407028,20001
set_covering_n100_m78_d0.5_b_w23_seed3.txt,Set Covering,100,Exact,99999,false,min,4,0.01812,na,na,25852,50667,529
set_covering_n100_m78_d0.05_b_w23_seed3.txt,Set Covering,100,Relaxed,20000,false,min,6,2.57749,na,na,1835125,2650353,40001
set_covering_n100_m78_d0.5_b_w23_seed3.txt,Set Covering,100,Restricted,500,false,min,4,0.01658,na,na,24962,48842,507
set_covering_n100_m78_d0.5_b_w23_seed3.txt,Set Covering,100,Restricted,1000,false,min,4,0.01766,na,na,25852,50667,529
set_covering_n100_m78_d0.5_b_w23_seed3.txt,Set Covering,100,Restricted,2000,false,min,4,0.01795,na,na,25852,50667,529
set_covering_n100_m78_d0.5_b_w23_seed3.txt,Set Covering,100,Restricted,5000,false,min,4,0.01690,na,na,25852,50667,529
set_covering_n100_m78_d0.5_b_w23_seed3.txt,Set Covering,100,Restricted,10000,false,min,4,0.01786,na,na,25852,50667,529
set_covering_n100_m78_d0.5_b_w23_seed3.txt,Set Covering,100,Restricted,20000,false,min,4,0.01735,na,na,25852,50667,529
set_covering_n100_m78_d0.5_b_w23_seed3.txt,Set Covering,100,Relaxed,500,false,min,4,0.01890,na,na,24963,49379,507
set_covering_n100_m78_d0.5_b_w23_seed3.txt,Set Covering,100,Relaxed,1000,false,min,4,0.01732,na,na,25852,50667,529
set_covering_n100_m78_d0.5_b_w23_seed3.txt,Set Covering,100,Relaxed,2000,false,min,4,0.01741,na,na,25852,50667,529
set_covering_n100_m78_d0.5_b_w23_seed3.txt,Set Covering,100,Relaxed,5000,false,min,4,0.01739,na,na,25852,50667,529
set_covering_n100_m78_d0.5_b_w23_seed3.txt,Set Covering,100,Relaxed,10000,false,min,4,0.01763,na,na,25852,50667,529
set_covering_n100_m78_d0.5_b_w23_seed3.txt,Set Covering,100,Relaxed,20000,false,min,4,0.01681,na,na,25852,50667,529
set_covering_n100_m78_d0.05_b_w23_seed4.txt,Set Covering,100,Restricted,500,false,min,26,0.02863,na,na,55380,59404,1000
set_covering_n100_m78_d0.05_b_w23_seed4.txt,Set Covering,100,Restricted,1000,false,min,26,0.05538,na,na,107135,115745,2000
set_covering_n100_m78_d0.05_b_w23_seed4.txt,Set Covering,100,Restricted,2000,false,min,23,0.11919,na,na,210381,229369,4000
set_covering_n100_m78_d0.05_b_w23_seed4.txt,Set Covering,100,Restricted,5000,false,min,23,0.37528,na,na,502637,549635,10000
set_covering_n100_m78_d0.05_b_w23_seed4.txt,Set Covering,100,Restricted,10000,false,min,23,0.93557,na,na,970724,1065615,20000
set_covering_n100_m78_d0.05_b_w23_seed4.txt,Set Covering,100,Restricted,20000,false,min,23,2.40922,na,na,1916362,2115462,40000
set_covering_n100_m78_d0.05_b_w23_seed4.txt,Set Covering,100,Relaxed,500,false,min,6,0.03671,na,na,54094,80414,1001
set_covering_n100_m78_d0.05_b_w23_seed4.txt,Set Covering,100,Relaxed,1000,false,min,6,0.07358,na,na,106809,154302,2001
set_covering_n100_m78_d0.05_b_w23_seed4.txt,Set Covering,100,Relaxed,2000,false,min,7,0.15917,na,na,209618,308025,4001
set_covering_n100_m78_d0.05_b_w23_seed4.txt,Set Covering,100,Relaxed,5000,false,min,7,0.49281,na,na,502488,733302,10001
set_covering_n100_m78_d0.05_b_w23_seed4.txt,Set Covering,100,Relaxed,10000,false,min,7,1.20444,na,na,970952,1414593,20001
set_covering_n100_m78_d0.05_b_w23_seed4.txt,Set Covering,100,Relaxed,20000,false,min,8,2.92029,na,na,1916005,2806280,40001
set_covering_n100_m78_d0.5_b_w23_seed4.txt,Set Covering,100,Exact,99999,false,min,4,0.01794,na,na,25852,50667,529
set_covering_n100_m78_d0.5_b_w23_seed4.txt,Set Covering,100,Restricted,500,false,min,4,0.01673,na,na,24962,48842,507
set_covering_n100_m78_d0.5_b_w23_seed4.txt,Set Covering,100,Restricted,1000,false,min,4,0.01784,na,na,25852,50667,529
set_covering_n100_m78_d0.5_b_w23_seed4.txt,Set Covering,100,Restricted,2000,false,min,4,0.01831,na,na,25852,50667,529
set_covering_n100_m78_d0.5_b_w23_seed4.txt,Set Covering,100,Restricted,5000,false,min,4,0.01840,na,na,25852,50667,529
set_covering_n100_m78_d0.5_b_w23_seed4.txt,Set Covering,100,Restricted,10000,false,min,4,0.01827,na,na,25852,50667,529
set_covering_n100_m78_d0.5_b_w23_seed4.txt,Set Covering,100,Restricted,20000,false,min,4,0.01814,na,na,25852,50667,529
set_covering_n100_m78_d0.5_b_w23_seed4.txt,Set Covering,100,Relaxed,500,false,min,4,0.02059,na,na,24963,49379,507
set_covering_n100_m78_d0.5_b_w23_seed4.txt,Set Covering,100,Relaxed,1000,false,min,4,0.01700,na,na,25852,50667,529
set_covering_n100_m78_d0.5_b_w23_seed4.txt,Set Covering,100,Relaxed,2000,false,min,4,0.01787,na,na,25852,50667,529
set_covering_n100_m78_d0.5_b_w23_seed4.txt,Set Covering,100,Relaxed,5000,false,min,4,0.01776,na,na,25852,50667,529
set_covering_n100_m78_d0.5_b_w23_seed4.txt,Set Covering,100,Relaxed,10000,false,min,4,0.01861,na,na,25852,50667,529
set_covering_n100_m78_d0.5_b_w23_seed4.txt,Set Covering,100,Relaxed,20000,false,min,4,0.01756,na,na,25852,50667,529
set_covering_n100_m78_d0.15_b_w23_seed1.txt,Set Covering,100,Restricted,500,false,min,9,0.03346,na,na,62333,71324,1000
set_covering_n100_m78_d0.15_b_w23_seed1.txt,Set Covering,100,Restricted,1000,false,min,9,0.06341,na,na,117838,136578,2000
set_covering_n100_m78_d0.15_b_w23_seed1.txt,Set Covering,100,Restricted,2000,false,min,8,0.12561,na,na,217472,252141,3999
set_covering_n100_m78_d0.15_b_w23_seed1.txt,Set Covering,100,Restricted,5000,false,min,8,0.37671,na,na,489614,568571,9960
set_covering_n100_m78_d0.15_b_w23_seed1.txt,Set Covering,100,Restricted,10000,false,min,8,0.91600,na,na,910361,1063841,19842
set_covering_n100_m78_d0.15_b_w23_seed1.txt,Set Covering,100,Restricted,20000,false,min,7,2.20689,na,na,1668391,1959677,39352
set_covering_n100_m78_d0.15_b_w23_seed1.txt,Set Covering,100,Relaxed,500,false,min,2,0.04387,na,na,62355,96844,1001
set_covering_n100_m78_d0.15_b_w23_seed1.txt,Set Covering,100,Relaxed,1000,false,min,2,0.08211,na,na,117464,183226,2001
set_covering_n100_m78_d0.15_b_w23_seed1.txt,Set Covering,100,Relaxed,2000,false,min,3,0.16172,na,na,217833,341243,4000
set_covering_n100_m78_d0.15_b_w23_seed1.txt,Set Covering,100,Relaxed,5000,false,min,3,0.50247,na,na,489184,770113,9959
set_covering_n100_m78_d0.15_b_w23_seed1.txt,Set Covering,100,Relaxed,10000,false,min,3,1.18961,na,na,910769,1441000,19840
set_covering_n100_m78_d0.15_b_w23_seed1.txt,Set Covering,100,Relaxed,20000,false,min,4,2.71800,na,na,1668832,2658225,39351
set_covering_n100_m78_d0.15_b_w23_seed2.txt,Set Covering,100,Restricted,500,false,min,9,0.03406,na,na,63297,70605,1000
set_covering_n100_m78_d0.15_b_w23_seed2.txt,Set Covering,100,Restricted,1000,false,min,9,0.06420,na,na,120260,134383,2000
set_covering_n100_m78_d0.15_b_w23_seed2.txt,Set Covering,100,Restricted,2000,false,min,9,0.13317,na,na,230590,261717,3999
set_covering_n100_m78_d0.15_b_w23_seed2.txt,Set Covering,100,Restricted,5000,false,min,8,0.41349,na,na,527204,607478,9994
set_covering_n100_m78_d0.15_b_w23_seed2.txt,Set Covering,100,Restricted,10000,false,min,8,0.95831,na,na,966574,1115030,19846
set_covering_n100_m78_d0.15_b_w23_seed2.txt,Set Covering,100,Restricted,20000,false,min,8,2.26986,na,na,1772188,2066196,39507
set_covering_n100_m78_d0.15_b_w23_seed2.txt,Set Covering,100,Relaxed,500,false,min,2,0.04240,na,na,63102,96650,1001
set_covering_n100_m78_d0.15_b_w23_seed2.txt,Set Covering,100,Relaxed,1000,false,min,2,0.08267,na,na,120377,184726,2001
set_covering_n100_m78_d0.15_b_w23_seed2.txt,Set Covering,100,Relaxed,2000,false,min,3,0.17638,na,na,231154,357474,3997
set_covering_n100_m78_d0.15_b_w23_seed2.txt,Set Covering,100,Relaxed,5000,false,min,3,0.55418,na,na,526970,823865,9989
set_covering_n100_m78_d0.15_b_w23_seed2.txt,Set Covering,100,Relaxed,10000,false,min,3,1.23499,na,na,966593,1522433,19853
set_covering_n100_m78_d0.15_b_w23_seed2.txt,Set Covering,100,Relaxed,20000,false,min,4,2.84648,na,na,1772545,2827902,39518
set_covering_n100_m78_d0.15_b_w23_seed3.txt,Set Covering,100,Restricted,500,false,min,9,0.03337,na,na,60332,69640,1000
set_covering_n100_m78_d0.15_b_w23_seed3.txt,Set Covering,100,Restricted,1000,false,min,8,0.06333,na,na,115086,135447,2000
set_covering_n100_m78_d0.15_b_w23_seed3.txt,Set Covering,100,Restricted,2000,false,min,8,0.12694,na,na,216916,259552,4000
set_covering_n100_m78_d0.15_b_w23_seed3.txt,Set Covering,100,Restricted,5000,false,min,8,0.36736,na,na,486564,591045,9987
set_covering_n100_m78_d0.15_b_w23_seed3.txt,Set Covering,100,Restricted,10000,false,min,8,0.90855,na,na,880296,1073777,19880
set_covering_n100_m78_d0.15_b_w23_seed3.txt,Set Covering,100,Restricted,20000,false,min,8,1.96878,na,na,1602244,1973084,39536
set_covering_n100_m78_d0.15_b_w23_seed3.txt,Set Covering,100,Relaxed,500,false,min,3,0.04280,na,na,60223,94369,1001
set_covering_n100_m78_d0.15_b_w23_seed3.txt,Set Covering,100,Relaxed,1000,false,min,3,0.08196,na,na,114797,181192,2001
set_covering_n100_m78_d0.15_b_w23_seed3.txt,Set Covering,100,Relaxed,2000,false,min,3,0.17892,na,na,216881,345456,3996
set_covering_n100_m78_d0.15_b_w23_seed3.txt,Set Covering,100,Relaxed,5000,false,min,3,0.51295,na,na,486546,781217,9986
set_covering_n100_m78_d0.15_b_w23_seed3.txt,Set Covering,100,Relaxed,10000,false,min,3,1.12108,na,na,879989,1418283,19877
set_covering_n100_m78_d0.15_b_w23_seed3.txt,Set Covering,100,Relaxed,20000,false,min,4,2.50973,na,na,1601027,2593535,39542
set_covering_n100_m78_d0.15_b_w23_seed4.txt,Set Covering,100,Restricted,500,false,min,9,0.03435,na,na,64101,70668,1000
set_covering_n100_m78_d0.15_b_w23_seed4.txt,Set Covering,100,Restricted,1000,false,min,9,0.06509,na,na,122660,135805,2000
set_covering_n100_m78_d0.15_b_w23_seed4.txt,Set Covering,100,Restricted,2000,false,min,8,0.13757,na,na,234486,264117,4000
set_covering_n100_m78_d0.15_b_w23_seed4.txt,Set Covering,100,Restricted,5000,false,min,8,0.39749,na,na,542525,617878,9978
set_covering_n100_m78_d0.15_b_w23_seed4.txt,Set Covering,100,Restricted,10000,false,min,8,0.96696,na,na,1003347,1162784,19885
set_covering_n100_m78_d0.15_b_w23_seed4.txt,Set Covering,100,Restricted,20000,false,min,8,2.47420,na,na,1853848,2219480,39337
set_covering_n100_m78_d0.15_b_w23_seed4.txt,Set Covering,100,Relaxed,500,false,min,2,0.04263,na,na,64080,97870,999
set_covering_n100_m78_d0.15_b_w23_seed4.txt,Set Covering,100,Relaxed,1000,false,min,2,0.08440,na,na,122558,188165,1999
set_covering_n100_m78_d0.15_b_w23_seed4.txt,Set Covering,100,Relaxed,2000,false,min,3,0.18023,na,na,234380,363072,3996
set_covering_n100_m78_d0.15_b_w23_seed4.txt,Set Covering,100,Relaxed,5000,false,min,3,0.58010,na,na,542478,847248,9976
set_covering_n100_m78_d0.15_b_w23_seed4.txt,Set Covering,100,Relaxed,10000,false,min,3,1.43962,na,na,1003246,1588746,19880
set_covering_n100_m78_d0.15_b_w23_seed4.txt,Set Covering,100,Relaxed,20000,false,min,4,3.16095,na,na,1854544,2994146,39337
set_covering_n100_m78_d0.25_b_w23_seed1.txt,Set Covering,100,Exact,99999,false,min,4,0.01821,na,na,25852,50667,529
set_covering_n100_m78_d0.25_b_w23_seed1.txt,Set Covering,100,Restricted,500,false,min,4,0.01683,na,na,24962,48842,507
set_covering_n100_m78_d0.25_b_w23_seed1.txt,Set Covering,100,Restricted,1000,false,min,4,0.01820,na,na,25852,50667,529
set_covering_n100_m78_d0.25_b_w23_seed1.txt,Set Covering,100,Restricted,2000,false,min,4,0.01807,na,na,25852,50667,529
set_covering_n100_m78_d0.25_b_w23_seed1.txt,Set Covering,100,Restricted,5000,false,min,4,0.01794,na,na,25852,50667,529
set_covering_n100_m78_d0.25_b_w23_seed1.txt,Set Covering,100,Restricted,10000,false,min,4,0.01804,na,na,25852,50667,529
set_covering_n100_m78_d0.25_b_w23_seed1.txt,Set Covering,100,Restricted,20000,false,min,4,0.01803,na,na,25852,50667,529
set_covering_n100_m78_d0.25_b_w23_seed1.txt,Set Covering,100,Relaxed,500,false,min,4,0.02047,na,na,24963,49379,507
set_covering_n100_m78_d0.25_b_w23_seed1.txt,Set Covering,100,Relaxed,1000,false,min,4,0.01801,na,na,25852,50667,529
set_covering_n100_m78_d0.25_b_w23_seed1.txt,Set Covering,100,Relaxed,2000,false,min,4,0.01842,na,na,25852,50667,529
set_covering_n100_m78_d0.25_b_w23_seed1.txt,Set Covering,100,Relaxed,5000,false,min,4,0.01795,na,na,25852,50667,529
set_covering_n100_m78_d0.25_b_w23_seed1.txt,Set Covering,100,Relaxed,10000,false,min,4,0.01795,na,na,25852,50667,529
set_covering_n100_m78_d0.25_b_w23_seed1.txt,Set Covering,100,Relaxed,20000,false,min,4,0.01812,na,na,25852,50667,529
set_covering_n100_m78_d0.25_b_w23_seed2.txt,Set Covering,100,Exact,99999,false,min,4,0.01786,na,na,25852,50667,529
set_covering_n100_m78_d0.25_b_w23_seed2.txt,Set Covering,100,Restricted,500,false,min,4,0.01664,na,na,24962,48842,507
set_covering_n100_m78_d0.25_b_w23_seed2.txt,Set Covering,100,Restricted,1000,false,min,4,0.01795,na,na,25852,50667,529
set_covering_n100_m78_d0.25_b_w23_seed2.txt,Set Covering,100,Restricted,2000,false,min,4,0.01779,na,na,25852,50667,529
set_covering_n100_m78_d0.25_b_w23_seed2.txt,Set Covering,100,Restricted,5000,false,min,4,0.01738,na,na,25852,50667,529
set_covering_n100_m78_d0.25_b_w23_seed2.txt,Set Covering,100,Restricted,10000,false,min,4,0.01795,na,na,25852,50667,529
set_covering_n100_m78_d0.25_b_w23_seed2.txt,Set Covering,100,Restricted,20000,false,min,4,0.01843,na,na,25852,50667,529
set_covering_n100_m78_d0.25_b_w23_seed2.txt,Set Covering,100,Relaxed,500,false,min,4,0.02052,na,na,24963,49379,507
set_covering_n100_m78_d0.25_b_w23_seed2.txt,Set Covering,100,Relaxed,1000,false,min,4,0.01810,na,na,25852,50667,529
set_covering_n100_m78_d0.25_b_w23_seed2.txt,Set Covering,100,Relaxed,2000,false,min,4,0.01812,na,na,25852,50667,529
set_covering_n100_m78_d0.25_b_w23_seed2.txt,Set Covering,100,Relaxed,5000,false,min,4,0.01957,na,na,25852,50667,529
set_covering_n100_m78_d0.25_b_w23_seed2.txt,Set Covering,100,Relaxed,10000,false,min,4,0.01807,na,na,25852,50667,529
set_covering_n100_m78_d0.25_b_w23_seed2.txt,Set Covering,100,Relaxed,20000,false,min,4,0.01806,na,na,25852,50667,529
set_covering_n100_m78_d0.25_b_w23_seed3.txt,Set Covering,100,Exact,99999,false,min,4,0.01787,na,na,25852,50667,529
set_covering_n100_m78_d0.25_b_w23_seed3.txt,Set Covering,100,Restricted,500,false,min,4,0.01663,na,na,24962,48842,507
set_covering_n100_m78_d0.25_b_w23_seed3.txt,Set Covering,100,Restricted,1000,false,min,4,0.01808,na,na,25852,50667,529
set_covering_n100_m78_d0.25_b_w23_seed3.txt,Set Covering,100,Restricted,2000,false,min,4,0.01760,na,na,25852,50667,529
set_covering_n100_m78_d0.25_b_w23_seed3.txt,Set Covering,100,Restricted,5000,false,min,4,0.01813,na,na,25852,50667,529
set_covering_n100_m78_d0.25_b_w23_seed3.txt,Set Covering,100,Restricted,10000,false,min,4,0.01812,na,na,25852,50667,529
set_covering_n100_m78_d0.25_b_w23_seed3.txt,Set Covering,100,Restricted,20000,false,min,4,0.01822,na,na,25852,50667,529
set_covering_n100_m78_d0.25_b_w23_seed3.txt,Set Covering,100,Relaxed,500,false,min,4,0.02019,na,na,24963,49379,507
set_covering_n100_m78_d0.25_b_w23_seed3.txt,Set Covering,100,Relaxed,1000,false,min,4,0.01816,na,na,25852,50667,529
set_covering_n100_m78_d0.25_b_w23_seed3.txt,Set Covering,100,Relaxed,2000,false,min,4,0.01812,na,na,25852,50667,529
set_covering_n100_m78_d0.25_b_w23_seed3.txt,Set Covering,100,Relaxed,5000,false,min,4,0.01772,na,na,25852,50667,529
set_covering_n100_m78_d0.25_b_w23_seed3.txt,Set Covering,100,Relaxed,10000,false,min,4,0.01827,na,na,25852,50667,529
set_covering_n100_m78_d0.25_b_w23_seed3.txt,Set Covering,100,Relaxed,20000,false,min,4,0.01812,na,na,25852,50667,529
set_covering_n100_m78_d0.25_b_w23_seed4.txt,Set Covering,100,Exact,99999,false,min,4,0.01813,na,na,25852,50667,529
set_covering_n100_m78_d0.25_b_w23_seed4.txt,Set Covering,100,Restricted,500,false,min,4,0.01625,na,na,24962,48842,507
set_covering_n100_m78_d0.25_b_w23_seed4.txt,Set Covering,100,Restricted,1000,false,min,4,0.01805,na,na,25852,50667,529
set_covering_n100_m78_d0.25_b_w23_seed4.txt,Set Covering,100,Restricted,2000,false,min,4,0.01791,na,na,25852,50667,529
set_covering_n100_m78_d0.25_b_w23_seed4.txt,Set Covering,100,Restricted,5000,false,min,4,0.01783,na,na,25852,50667,529
set_covering_n100_m78_d0.25_b_w23_seed4.txt,Set Covering,100,Restricted,10000,false,min,4,0.01808,na,na,25852,50667,529
set_covering_n100_m78_d0.25_b_w23_seed4.txt,Set Covering,100,Restricted,20000,false,min,4,0.02013,na,na,25852,50667,529
set_covering_n100_m78_d0.25_b_w23_seed4.txt,Set Covering,100,Relaxed,500,false,min,4,0.02049,na,na,24963,49379,507
set_covering_n100_m78_d0.25_b_w23_seed4.txt,Set Covering,100,Relaxed,1000,false,min,4,0.01785,na,na,25852,50667,529
set_covering_n100_m78_d0.25_b_w23_seed4.txt,Set Covering,100,Relaxed,2000,false,min,4,0.01792,na,na,25852,50667,529
set_covering_n100_m78_d0.25_b_w23_seed4.txt,Set Covering,100,Relaxed,5000,false,min,4,0.01807,na,na,25852,50667,529
set_covering_n100_m78_d0.25_b_w23_seed4.txt,Set Covering,100,Relaxed,10000,false,min,4,0.01815,na,na,25852,50667,529
set_covering_n100_m78_d0.25_b_w23_seed4.txt,Set Covering,100,Relaxed,20000,false,min,4,0.01807,na,na,25852,50667,529
set_covering_n100_m78_d0.35_b_w23_seed1.txt,Set Covering,100,Exact,99999,false,min,4,0.01761,na,na,25852,50667,529
set_covering_n100_m78_d0.35_b_w23_seed1.txt,Set Covering,100,Restricted,500,false,min,4,0.01696,na,na,24962,48842,507
set_covering_n100_m78_d0.35_b_w23_seed1.txt,Set Covering,100,Restricted,1000,false,min,4,0.01827,na,na,25852,50667,529
set_covering_n100_m78_d0.35_b_w23_seed1.txt,Set Covering,100,Restricted,2000,false,min,4,0.01835,na,na,25852,50667,529
set_covering_n100_m78_d0.35_b_w23_seed1.txt,Set Covering,100,Restricted,5000,false,min,4,0.01807,na,na,25852,50667,529
set_covering_n100_m78_d0.35_b_w23_seed1.txt,Set Covering,100,Restricted,10000,false,min,4,0.01786,na,na,25852,50667,529
set_covering_n100_m78_d0.35_b_w23_seed1.txt,Set Covering,100,Restricted,20000,false,min,4,0.01832,na,na,25852,50667,529
set_covering_n100_m78_d0.35_b_w23_seed1.txt,Set Covering,100,Relaxed,500,false,min,4,0.02043,na,na,24963,49379,507
set_covering_n100_m78_d0.35_b_w23_seed1.txt,Set Covering,100,Relaxed,1000,false,min,4,0.01801,na,na,25852,50667,529
set_covering_n100_m78_d0.35_b_w23_seed1.txt,Set Covering,100,Relaxed,2000,false,min,4,0.01784,na,na,25852,50667,529
set_covering_n100_m78_d0.35_b_w23_seed1.txt,Set Covering,100,Relaxed,5000,false,min,4,0.01822,na,na,25852,50667,529
set_covering_n100_m78_d0.35_b_w23_seed1.txt,Set Covering,100,Relaxed,10000,false,min,4,0.01791,na,na,25852,50667,529
set_covering_n100_m78_d0.35_b_w23_seed1.txt,Set Covering,100,Relaxed,20000,false,min,4,0.01806,na,na,25852,50667,529
set_covering_n100_m78_d0.35_b_w23_seed2.txt,Set Covering,100,Exact,99999,false,min,4,0.01807,na,na,25852,50667,529
set_covering_n100_m78_d0.35_b_w23_seed2.txt,Set Covering,100,Restricted,500,false,min,4,0.01648,na,na,24962,48842,507
set_covering_n100_m78_d0.35_b_w23_seed2.txt,Set Covering,100,Restricted,1000,false,min,4,0.01764,na,na,25852,50667,529
set_covering_n100_m78_d0.35_b_w23_seed2.txt,Set Covering,100,Restricted,2000,false,min,4,0.01792,na,na,25852,50667,529
set_covering_n100_m78_d0.35_b_w23_seed2.txt,Set Covering,100,Restricted,5000,false,min,4,0.01823,na,na,25852,50667,529
set_covering_n100_m78_d0.35_b_w23_seed2.txt,Set Covering,100,Restricted,10000,false,min,4,0.01830,na,na,25852,50667,529
set_covering_n100_m78_d0.35_b_w23_seed2.txt,Set Covering,100,Restricted,20000,false,min,4,0.01825,na,na,25852,50667,529
set_covering_n100_m78_d0.35_b_w23_seed2.txt,Set Covering,100,Relaxed,500,false,min,4,0.02077,na,na,24963,49379,507
set_covering_n100_m78_d0.35_b_w23_seed2.txt,Set Covering,100,Relaxed,1000,false,min,4,0.01828,na,na,25852,50667,529
set_covering_n100_m78_d0.35_b_w23_seed2.txt,Set Covering,100,Relaxed,2000,false,min,4,0.01816,na,na,25852,50667,529
set_covering_n100_m78_d0.35_b_w23_seed2.txt,Set Covering,100,Relaxed,5000,false,min,4,0.01841,na,na,25852,50667,529
set_covering_n100_m78_d0.35_b_w23_seed2.txt,Set Covering,100,Relaxed,10000,false,min,4,0.01805,na,na,25852,50667,529
set_covering_n100_m78_d0.35_b_w23_seed2.txt,Set Covering,100,Relaxed,20000,false,min,4,0.01813,na,na,25852,50667,529
set_covering_n100_m78_d0.35_b_w23_seed3.txt,Set Covering,100,Exact,99999,false,min,4,0.01819,na,na,25852,50667,529
set_covering_n100_m78_d0.35_b_w23_seed3.txt,Set Covering,100,Restricted,500,false,min,4,0.01659,na,na,24962,48842,507
set_covering_n100_m78_d0.35_b_w23_seed3.txt,Set Covering,100,Restricted,1000,false,min,4,0.01799,na,na,25852,50667,529
set_covering_n100_m78_d0.35_b_w23_seed3.txt,Set Covering,100,Restricted,2000,false,min,4,0.01816,na,na,25852,50667,529
set_covering_n100_m78_d0.35_b_w23_seed3.txt,Set Covering,100,Restricted,5000,false,min,4,0.01791,na,na,25852,50667,529
set_covering_n100_m78_d0.35_b_w23_seed3.txt,Set Covering,100,Restricted,10000,false,min,4,0.01798,na,na,25852,50667,529
set_covering_n100_m78_d0.35_b_w23_seed3.txt,Set Covering,100,Restricted,20000,false,min,4,0.01809,na,na,25852,50667,529
set_covering_n100_m78_d0.35_b_w23_seed3.txt,Set Covering,100,Relaxed,500,false,min,4,0.02069,na,na,24963,49379,507
set_covering_n100_m78_d0.35_b_w23_seed3.txt,Set Covering,100,Relaxed,1000,false,min,4,0.01814,na,na,25852,50667,529
set_covering_n100_m78_d0.35_b_w23_seed3.txt,Set Covering,100,Relaxed,2000,false,min,4,0.01836,na,na,25852,50667,529
set_covering_n100_m78_d0.35_b_w23_seed3.txt,Set Covering,100,Relaxed,5000,false,min,4,0.01823,na,na,25852,50667,529
set_covering_n100_m78_d0.35_b_w23_seed3.txt,Set Covering,100,Relaxed,10000,false,min,4,0.01823,na,na,25852,50667,529
set_covering_n100_m78_d0.35_b_w23_seed3.txt,Set Covering,100,Relaxed,20000,false,min,4,0.01747,na,na,25852,50667,529
set_covering_n100_m78_d0.35_b_w23_seed4.txt,Set Covering,100,Exact,99999,false,min,4,0.01827,na,na,25852,50667,529
set_covering_n100_m78_d0.35_b_w23_seed4.txt,Set Covering,100,Restricted,500,false,min,4,0.01680,na,na,24962,48842,507
set_covering_n100_m78_d0.35_b_w23_seed4.txt,Set Covering,100,Restricted,1000,false,min,4,0.01811,na,na,25852,50667,529
set_covering_n100_m78_d0.35_b_w23_seed4.txt,Set Covering,100,Restricted,2000,false,min,4,0.01810,na,na,25852,50667,529
set_covering_n100_m78_d0.35_b_w23_seed4.txt,Set Covering,100,Restricted,5000,false,min,4,0.01798,na,na,25852,50667,529
set_covering_n100_m78_d0.35_b_w23_seed4.txt,Set Covering,100,Restricted,10000,false,min,4,0.01724,na,na,25852,50667,529
set_covering_n100_m78_d0.35_b_w23_seed4.txt,Set Covering,100,Restricted,20000,false,min,4,0.01895,na,na,25852,50667,529
set_covering_n100_m78_d0.35_b_w23_seed4.txt,Set Covering,100,Relaxed,500,false,min,4,0.02023,na,na,24963,49379,507
set_covering_n100_m78_d0.35_b_w23_seed4.txt,Set Covering,100,Relaxed,1000,false,min,4,0.01796,na,na,25852,50667,529
set_covering_n100_m78_d0.35_b_w23_seed4.txt,Set Covering,100,Relaxed,2000,false,min,4,0.01825,na,na,25852,50667,529
set_covering_n100_m78_d0.35_b_w23_seed4.txt,Set Covering,100,Relaxed,5000,false,min,4,0.01802,na,na,25852,50667,529
set_covering_n100_m78_d0.35_b_w23_seed4.txt,Set Covering,100,Relaxed,10000,false,min,4,0.01796,na,na,25852,50667,529
set_covering_n100_m78_d0.35_b_w23_seed4.txt,Set Covering,100,Relaxed,20000,false,min,4,0.01812,na,na,25852,50667,529
set_covering_n100_m78_d0.45_b_w23_seed1.txt,Set Covering,100,Exact,99999,false,min,4,0.01821,na,na,25852,50667,529
set_covering_n100_m78_d0.45_b_w23_seed1.txt,Set Covering,100,Restricted,500,false,min,4,0.01672,na,na,24962,48842,507
set_covering_n100_m78_d0.45_b_w23_seed1.txt,Set Covering,100,Restricted,1000,false,min,4,0.01801,na,na,25852,50667,529
set_covering_n100_m78_d0.45_b_w23_seed1.txt,Set Covering,100,Restricted,2000,false,min,4,0.01811,na,na,25852,50667,529
set_covering_n100_m78_d0.45_b_w23_seed1.txt,Set Covering,100,Restricted,5000,false,min,4,0.01817,na,na,25852,50667,529
set_covering_n100_m78_d0.45_b_w23_seed1.txt,Set Covering,100,Restricted,10000,false,min,4,0.01804,na,na,25852,50667,529
set_covering_n100_m78_d0.45_b_w23_seed1.txt,Set Covering,100,Restricted,20000,false,min,4,0.01799,na,na,25852,50667,529
set_covering_n100_m78_d0.45_b_w23_seed1.txt,Set Covering,100,Relaxed,500,false,min,4,0.02062,na,na,24963,49379,507
set_covering_n100_m78_d0.45_b_w23_seed1.txt,Set Covering,100,Relaxed,1000,false,min,4,0.01840,na,na,25852,50667,529
set_covering_n100_m78_d0.45_b_w23_seed1.txt,Set Covering,100,Relaxed,2000,false,min,4,0.01825,na,na,25852,50667,529
set_covering_n100_m78_d0.45_b_w23_seed1.txt,Set Covering,100,Relaxed,5000,false,min,4,0.01777,na,na,25852,50667,529
set_covering_n100_m78_d0.45_b_w23_seed1.txt,Set Covering,100,Relaxed,10000,false,min,4,0.01757,na,na,25852,50667,529
set_covering_n100_m78_d0.45_b_w23_seed1.txt,Set Covering,100,Relaxed,20000,false,min,4,0.01757,na,na,25852,50667,529
set_covering_n100_m78_d0.45_b_w23_seed2.txt,Set Covering,100,Exact,99999,false,min,4,0.01820,na,na,25852,50667,529
set_covering_n100_m78_d0.45_b_w23_seed2.txt,Set Covering,100,Restricted,500,false,min,4,0.01614,na,na,24962,48842,507
set_covering_n100_m78_d0.45_b_w23_seed2.txt,Set Covering,100,Restricted,1000,false,min,4,0.01778,na,na,25852,50667,529
set_covering_n100_m78_d0.45_b_w23_seed2.txt,Set Covering,100,Restricted,2000,false,min,4,0.01788,na,na,25852,50667,529
set_covering_n100_m78_d0.45_b_w23_seed2.txt,Set Covering,100,Restricted,5000,false,min,4,0.01805,na,na,25852,50667,529
set_covering_n100_m78_d0.45_b_w23_seed2.txt,Set Covering,100,Restricted,10000,false,min,4,0.01802,na,na,25852,50667,529
set_covering_n100_m78_d0.45_b_w23_seed2.txt,Set Covering,100,Restricted,20000,false,min,4,0.01766,na,na,25852,50667,529
set_covering_n100_m78_d0.45_b_w23_seed2.txt,Set Covering,100,Relaxed,500,false,min,4,0.02017,na,na,24963,49379,507
set_covering_n100_m78_d0.45_b_w23_seed2.txt,Set Covering,100,Relaxed,1000,false,min,4,0.01783,na,na,25852,50667,529
set_covering_n100_m78_d0.45_b_w23_seed2.txt,Set Covering,100,Relaxed,2000,false,min,4,0.01776,na,na,25852,50667,529
set_covering_n100_m78_d0.45_b_w23_seed2.txt,Set Covering,100,Relaxed,5000,false,min,4,0.01791,na,na,25852,50667,529
set_covering_n100_m78_d0.45_b_w23_seed2.txt,Set Covering,100,Relaxed,10000,false,min,4,0.01763,na,na,25852,50667,529
set_covering_n100_m78_d0.45_b_w23_seed2.txt,Set Covering,100,Relaxed,20000,false,min,4,0.01834,na,na,25852,50667,529
set_covering_n100_m78_d0.45_b_w23_seed3.txt,Set Covering,100,Exact,99999,false,min,4,0.01853,na,na,25852,50667,529
set_covering_n100_m78_d0.45_b_w23_seed3.txt,Set Covering,100,Restricted,500,false,min,4,0.01593,na,na,24962,48842,507
set_covering_n100_m78_d0.45_b_w23_seed3.txt,Set Covering,100,Restricted,1000,false,min,4,0.01816,na,na,25852,50667,529
set_covering_n100_m78_d0.45_b_w23_seed3.txt,Set Covering,100,Restricted,2000,false,min,4,0.01790,na,na,25852,50667,529
set_covering_n100_m78_d0.45_b_w23_seed3.txt,Set Covering,100,Restricted,5000,false,min,4,0.01780,na,na,25852,50667,529
set_covering_n100_m78_d0.45_b_w23_seed3.txt,Set Covering,100,Restricted,10000,false,min,4,0.01751,na,na,25852,50667,529
set_covering_n100_m78_d0.45_b_w23_seed3.txt,Set Covering,100,Restricted,20000,false,min,4,0.01820,na,na,25852,50667,529
set_covering_n100_m78_d0.45_b_w23_seed3.txt,Set Covering,100,Relaxed,500,false,min,4,0.02019,na,na,24963,49379,507
set_covering_n100_m78_d0.45_b_w23_seed3.txt,Set Covering,100,Relaxed,1000,false,min,4,0.01752,na,na,25852,50667,529
set_covering_n100_m78_d0.45_b_w23_seed3.txt,Set Covering,100,Relaxed,2000,false,min,4,0.01721,na,na,25852,50667,529
set_covering_n100_m78_d0.45_b_w23_seed3.txt,Set Covering,100,Relaxed,5000,false,min,4,0.01720,na,na,25852,50667,529
set_covering_n100_m78_d0.45_b_w23_seed3.txt,Set Covering,100,Relaxed,10000,false,min,4,0.01762,na,na,25852,50667,529
set_covering_n100_m78_d0.45_b_w23_seed3.txt,Set Covering,100,Relaxed,20000,false,min,4,0.01745,na,na,25852,50667,529
set_covering_n100_m78_d0.45_b_w23_seed4.txt,Set Covering,100,Exact,99999,false,min,4,0.01793,na,na,25852,50667,529
set_covering_n100_m78_d0.45_b_w23_seed4.txt,Set Covering,100,Restricted,500,false,min,4,0.01578,na,na,24962,48842,507
set_covering_n100_m78_d0.45_b_w23_seed4.txt,Set Covering,100,Restricted,1000,false,min,4,0.01734,na,na,25852,50667,529
set_covering_n100_m78_d0.45_b_w23_seed4.txt,Set Covering,100,Restricted,2000,false,min,4,0.01824,na,na,25852,50667,529
set_covering_n100_m78_d0.45_b_w23_seed4.txt,Set Covering,100,Restricted,5000,false,min,4,0.01820,na,na,25852,50667,529
set_covering_n100_m78_d0.45_b_w23_seed4.txt,Set Covering,100,Restricted,10000,false,min,4,0.01739,na,na,25852,50667,529
set_covering_n100_m78_d0.45_b_w23_seed4.txt,Set Covering,100,Restricted,20000,false,min,4,0.01748,na,na,25852,50667,529
set_covering_n100_m78_d0.45_b_w23_seed4.txt,Set Covering,100,Relaxed,500,false,min,4,0.01940,na,na,24963,49379,507
set_covering_n100_m78_d0.45_b_w23_seed4.txt,Set Covering,100,Relaxed,1000,false,min,4,0.01739,na,na,25852,50667,529
set_covering_n100_m78_d0.45_b_w23_seed4.txt,Set Covering,100,Relaxed,2000,false,min,4,0.01758,na,na,25852,50667,529
set_covering_n100_m78_d0.45_b_w23_seed4.txt,Set Covering,100,Relaxed,5000,false,min,4,0.01799,na,na,25852,50667,529
set_covering_n100_m78_d0.45_b_w23_seed4.txt,Set Covering,100,Relaxed,10000,false,min,4,0.01767,na,na,25852,50667,529
set_covering_n100_m78_d0.45_b_w23_seed4.txt,Set Covering,100,Relaxed,20000,false,min,4,0.01727,na,na,25852,50667,529
set_covering_n100_m81_d0.1_b_w20_seed1.txt,Set Covering,100,Restricted,500,false,min,15,0.03511,na,na,65408,70017,1000
set_covering_n100_m81_d0.1_b_w20_seed1.txt,Set Covering,100,Restricted,1000,false,min,15,0.06563,na,na,124652,132551,2000
set_covering_n100_m81_d0.1_b_w20_seed1.txt,Set Covering,100,Restricted,2000,false,min,14,0.13343,na,na,240255,254956,4000
set_covering_n100_m81_d0.1_b_w20_seed1.txt,Set Covering,100,Restricted,5000,false,min,14,0.44353,na,na,570552,604547,9999
set_covering_n100_m81_d0.1_b_w20_seed1.txt,Set Covering,100,Restricted,10000,false,min,14,1.17246,na,na,1096743,1166297,19994
set_covering_n100_m81_d0.1_b_w20_seed1.txt,Set Covering,100,Relaxed,500,false,min,3,0.04424,na,na,65434,96994,1001
set_covering_n100_m81_d0.1_b_w20_seed1.txt,Set Covering,100,Restricted,20000,false,min,13,2.93955,na,na,2105574,2269161,39986
set_covering_n100_m81_d0.1_b_w20_seed1.txt,Set Covering,100,Relaxed,1000,false,min,3,0.08432,na,na,124620,184589,2001
set_covering_n100_m81_d0.1_b_w20_seed1.txt,Set Covering,100,Relaxed,2000,false,min,3,0.17789,na,na,240342,356337,4001
set_covering_n100_m81_d0.1_b_w20_seed1.txt,Set Covering,100,Relaxed,5000,false,min,3,0.59654,na,na,570814,847314,9997
set_covering_n100_m81_d0.1_b_w20_seed1.txt,Set Covering,100,Relaxed,10000,false,min,4,1.44493,na,na,1096812,1633105,19994
set_covering_n100_m81_d0.1_b_w20_seed2.txt,Set Covering,100,Restricted,500,false,min,15,0.03448,na,na,63842,70164,1000
set_covering_n100_m81_d0.1_b_w20_seed1.txt,Set Covering,100,Relaxed,20000,false,min,4,3.59820,na,na,2105154,3158251,39985
set_covering_n100_m81_d0.1_b_w20_seed2.txt,Set Covering,100,Restricted,1000,false,min,13,0.06686,na,na,127860,139432,2000
set_covering_n100_m81_d0.1_b_w20_seed2.txt,Set Covering,100,Restricted,2000,false,min,13,0.13932,na,na,246410,268412,4000
set_covering_n100_m81_d0.1_b_w20_seed2.txt,Set Covering,100,Restricted,5000,false,min,12,0.45140,na,na,578348,628413,10000
set_covering_n100_m81_d0.1_b_w20_seed2.txt,Set Covering,100,Restricted,10000,false,min,12,1.19987,na,na,1104232,1201242,20000
set_covering_n100_m81_d0.1_b_w20_seed2.txt,Set Covering,100,Relaxed,500,false,min,3,0.04095,na,na,63036,94262,1001
set_covering_n100_m81_d0.1_b_w20_seed2.txt,Set Covering,100,Restricted,20000,false,min,13,2.91551,na,na,2127301,2331514,40000
set_covering_n100_m81_d0.1_b_w20_seed2.txt,Set Covering,100,Relaxed,1000,false,min,3,0.08652,na,na,127265,191739,2001
set_covering_n100_m81_d0.1_b_w20_seed2.txt,Set Covering,100,Relaxed,2000,false,min,3,0.18717,na,na,245862,369265,4001
set_covering_n100_m81_d0.1_b_w20_seed2.txt,Set Covering,100,Relaxed,5000,false,min,3,0.60384,na,na,578404,866775,9999
set_covering_n100_m81_d0.1_b_w20_seed2.txt,Set Covering,100,Relaxed,10000,false,min,4,1.43043,na,na,1104607,1662350,19998
set_covering_n100_m81_d0.1_b_w20_seed3.txt,Set Covering,100,Restricted,500,false,min,15,0.03456,na,na,64849,68726,1000
set_covering_n100_m81_d0.1_b_w20_seed2.txt,Set Covering,100,Relaxed,20000,false,min,4,3.57085,na,na,2127028,3218019,39996
set_covering_n100_m81_d0.1_b_w20_seed3.txt,Set Covering,100,Restricted,1000,false,min,15,0.06668,na,na,125951,133916,2000
set_covering_n100_m81_d0.1_b_w20_seed3.txt,Set Covering,100,Restricted,2000,false,min,14,0.14259,na,na,242035,258885,4000
set_covering_n100_m81_d0.1_b_w20_seed3.txt,Set Covering,100,Restricted,5000,false,min,14,0.46567,na,na,579889,617212,9992
set_covering_n100_m81_d0.1_b_w20_seed3.txt,Set Covering,100,Restricted,10000,false,min,14,1.26035,na,na,1116796,1197743,19985
set_covering_n100_m81_d0.1_b_w20_seed3.txt,Set Covering,100,Relaxed,500,false,min,3,0.04307,na,na,64851,95538,1001
set_covering_n100_m81_d0.1_b_w20_seed3.txt,Set Covering,100,Restricted,20000,false,min,13,2.94180,na,na,2135026,2324409,39913
set_covering_n100_m81_d0.1_b_w20_seed3.txt,Set Covering,100,Relaxed,1000,false,min,4,0.08558,na,na,125891,187390,2000
set_covering_n100_m81_d0.1_b_w20_seed3.txt,Set Covering,100,Relaxed,2000,false,min,4,0.18881,na,na,241826,357844,4000
set_covering_n100_m81_d0.1_b_w20_seed3.txt,Set Covering,100,Relaxed,5000,false,min,4,0.62031,na,na,580157,856914,9991
set_covering_n100_m81_d0.1_b_w20_seed3.txt,Set Covering,100,Relaxed,10000,false,min,4,1.48366,na,na,1116858,1657548,19983
set_covering_n100_m81_d0.1_b_w20_seed3.txt,Set Covering,100,Relaxed,20000,false,min,5,3.69600,na,na,2135565,3198782,39900
set_covering_n100_m81_d0.1_b_w20_seed4.txt,Set Covering,100,Restricted,500,false,min,15,0.03476,na,na,63917,69310,1000
set_covering_n100_m81_d0.1_b_w20_seed4.txt,Set Covering,100,Restricted,1000,false,min,15,0.06659,na,na,122587,132930,2000
set_covering_n100_m81_d0.1_b_w20_seed4.txt,Set Covering,100,Restricted,2000,false,min,14,0.13882,na,na,235799,256971,4000
set_covering_n100_m81_d0.1_b_w20_seed4.txt,Set Covering,100,Restricted,5000,false,min,14,0.46429,na,na,560465,616278,9999
set_covering_n100_m81_d0.1_b_w20_seed4.txt,Set Covering,100,Restricted,10000,false,min,14,1.16174,na,na,1067040,1185313,19994
set_covering_n100_m81_d0.1_b_w20_seed4.txt,Set Covering,100,Restricted,20000,false,min,12,2.82111,na,na,2048712,2299583,39959
set_covering_n100_m81_d0.1_b_w20_seed4.txt,Set Covering,100,Relaxed,500,false,min,3,0.04334,na,na,63564,94693,1001
set_covering_n100_m81_d0.1_b_w20_seed4.txt,Set Covering,100,Relaxed,1000,false,min,4,0.08495,na,na,122611,182701,2001
set_covering_n100_m81_d0.1_b_w20_seed4.txt,Set Covering,100,Relaxed,2000,false,min,4,0.18315,na,na,235962,352688,4000
set_covering_n100_m81_d0.1_b_w20_seed4.txt,Set Covering,100,Relaxed,5000,false,min,4,0.62474,na,na,560034,841177,9998
set_covering_n100_m81_d0.1_b_w20_seed4.txt,Set Covering,100,Relaxed,10000,false,min,4,1.49163,na,na,1067099,1610066,19994
set_covering_n100_m81_d0.1_b_w20_seed4.txt,Set Covering,100,Relaxed,20000,false,min,5,3.48865,na,na,2047729,3109111,39957
set_covering_n100_m81_d0.2_b_w20_seed1.txt,Set Covering,100,Exact,99999,false,min,5,0.01612,na,na,22350,43648,400
set_covering_n100_m81_d0.2_b_w20_seed1.txt,Set Covering,100,Restricted,500,false,min,5,0.01617,na,na,22350,43648,400
set_covering_n100_m81_d0.2_b_w20_seed1.txt,Set Covering,100,Restricted,1000,false,min,5,0.01634,na,na,22350,43648,400
set_covering_n100_m81_d0.2_b_w20_seed1.txt,Set Covering,100,Restricted,2000,false,min,5,0.01636,na,na,22350,43648,400
set_covering_n100_m81_d0.2_b_w20_seed1.txt,Set Covering,100,Restricted,5000,false,min,5,0.01617,na,na,22350,43648,400
set_covering_n100_m81_d0.2_b_w20_seed1.txt,Set Covering,100,Restricted,10000,false,min,5,0.01616,na,na,22350,43648,400
set_covering_n100_m81_d0.2_b_w20_seed1.txt,Set Covering,100,Restricted,20000,false,min,5,0.01616,na,na,22350,43648,400
set_covering_n100_m81_d0.2_b_w20_seed1.txt,Set Covering,100,Relaxed,500,false,min,5,0.01617,na,na,22350,43648,400
set_covering_n100_m81_d0.2_b_w20_seed1.txt,Set Covering,100,Relaxed,1000,false,min,5,0.01619,na,na,22350,43648,400
set_covering_n100_m81_d0.2_b_w20_seed1.txt,Set Covering,100,Relaxed,2000,false,min,5,0.01610,na,na,22350,43648,400
set_covering_n100_m81_d0.2_b_w20_seed1.txt,Set Covering,100,Relaxed,5000,false,min,5,0.01607,na,na,22350,43648,400
set_covering_n100_m81_d0.2_b_w20_seed1.txt,Set Covering,100,Relaxed,10000,false,min,5,0.01621,na,na,22350,43648,400
set_covering_n100_m81_d0.2_b_w20_seed1.txt,Set Covering,100,Relaxed,20000,false,min,5,0.01659,na,na,22350,43648,400
set_covering_n100_m81_d0.2_b_w20_seed2.txt,Set Covering,100,Exact,99999,false,min,5,0.01613,na,na,22350,43648,400
set_covering_n100_m81_d0.2_b_w20_seed2.txt,Set Covering,100,Restricted,500,false,min,5,0.01628,na,na,22350,43648,400
set_covering_n100_m81_d0.2_b_w20_seed2.txt,Set Covering,100,Restricted,1000,false,min,5,0.01608,na,na,22350,43648,400
set_covering_n100_m81_d0.2_b_w20_seed2.txt,Set Covering,100,Restricted,2000,false,min,5,0.01633,na,na,22350,43648,400
set_covering_n100_m81_d0.2_b_w20_seed2.txt,Set Covering,100,Restricted,5000,false,min,5,0.01616,na,na,22350,43648,400
set_covering_n100_m81_d0.2_b_w20_seed2.txt,Set Covering,100,Restricted,10000,false,min,5,0.01621,na,na,22350,43648,400
set_covering_n100_m81_d0.2_b_w20_seed2.txt,Set Covering,100,Restricted,20000,false,min,5,0.01612,na,na,22350,43648,400
set_covering_n100_m81_d0.2_b_w20_seed2.txt,Set Covering,100,Relaxed,500,false,min,5,0.01601,na,na,22350,43648,400
set_covering_n100_m81_d0.2_b_w20_seed2.txt,Set Covering,100,Relaxed,1000,false,min,5,0.01608,na,na,22350,43648,400
set_covering_n100_m81_d0.2_b_w20_seed2.txt,Set Covering,100,Relaxed,2000,false,min,5,0.01610,na,na,22350,43648,400
set_covering_n100_m81_d0.2_b_w20_seed2.txt,Set Covering,100,Relaxed,5000,false,min,5,0.01602,na,na,22350,43648,400
set_covering_n100_m81_d0.2_b_w20_seed2.txt,Set Covering,100,Relaxed,10000,false,min,5,0.01604,na,na,22350,43648,400
set_covering_n100_m81_d0.2_b_w20_seed2.txt,Set Covering,100,Relaxed,20000,false,min,5,0.01602,na,na,22350,43648,400
set_covering_n100_m81_d0.2_b_w20_seed3.txt,Set Covering,100,Exact,99999,false,min,5,0.01601,na,na,22350,43648,400
set_covering_n100_m81_d0.2_b_w20_seed3.txt,Set Covering,100,Restricted,500,false,min,5,0.01603,na,na,22350,43648,400
set_covering_n100_m81_d0.2_b_w20_seed3.txt,Set Covering,100,Restricted,1000,false,min,5,0.01600,na,na,22350,43648,400
set_covering_n100_m81_d0.2_b_w20_seed3.txt,Set Covering,100,Restricted,2000,false,min,5,0.01607,na,na,22350,43648,400
set_covering_n100_m81_d0.2_b_w20_seed3.txt,Set Covering,100,Restricted,5000,false,min,5,0.01612,na,na,22350,43648,400
set_covering_n100_m81_d0.2_b_w20_seed3.txt,Set Covering,100,Restricted,10000,false,min,5,0.01609,na,na,22350,43648,400
set_covering_n100_m81_d0.2_b_w20_seed3.txt,Set Covering,100,Restricted,20000,false,min,5,0.01614,na,na,22350,43648,400
set_covering_n100_m81_d0.2_b_w20_seed3.txt,Set Covering,100,Relaxed,500,false,min,5,0.01608,na,na,22350,43648,400
set_covering_n100_m81_d0.2_b_w20_seed3.txt,Set Covering,100,Relaxed,1000,false,min,5,0.01613,na,na,22350,43648,400
set_covering_n100_m81_d0.2_b_w20_seed3.txt,Set Covering,100,Relaxed,2000,false,min,5,0.01620,na,na,22350,43648,400
set_covering_n100_m81_d0.2_b_w20_seed3.txt,Set Covering,100,Relaxed,5000,false,min,5,0.01616,na,na,22350,43648,400
set_covering_n100_m81_d0.2_b_w20_seed3.txt,Set Covering,100,Relaxed,10000,false,min,5,0.01598,na,na,22350,43648,400
set_covering_n100_m81_d0.2_b_w20_seed3.txt,Set Covering,100,Relaxed,20000,false,min,5,0.01626,na,na,22350,43648,400
set_covering_n100_m81_d0.2_b_w20_seed4.txt,Set Covering,100,Exact,99999,false,min,5,0.01612,na,na,22350,43648,400
set_covering_n100_m81_d0.2_b_w20_seed4.txt,Set Covering,100,Restricted,500,false,min,5,0.01612,na,na,22350,43648,400
set_covering_n100_m81_d0.2_b_w20_seed4.txt,Set Covering,100,Restricted,1000,false,min,5,0.01626,na,na,22350,43648,400
set_covering_n100_m81_d0.2_b_w20_seed4.txt,Set Covering,100,Restricted,2000,false,min,5,0.01589,na,na,22350,43648,400
set_covering_n100_m81_d0.2_b_w20_seed4.txt,Set Covering,100,Restricted,5000,false,min,5,0.01594,na,na,22350,43648,400
set_covering_n100_m81_d0.2_b_w20_seed4.txt,Set Covering,100,Restricted,10000,false,min,5,0.01593,na,na,22350,43648,400
set_covering_n100_m81_d0.2_b_w20_seed4.txt,Set Covering,100,Restricted,20000,false,min,5,0.01604,na,na,22350,43648,400
set_covering_n100_m81_d0.2_b_w20_seed4.txt,Set Covering,100,Relaxed,500,false,min,5,0.01597,na,na,22350,43648,400
set_covering_n100_m81_d0.2_b_w20_seed4.txt,Set Covering,100,Relaxed,1000,false,min,5,0.01629,na,na,22350,43648,400
set_covering_n100_m81_d0.2_b_w20_seed4.txt,Set Covering,100,Relaxed,2000,false,min,5,0.01584,na,na,22350,43648,400
set_covering_n100_m81_d0.2_b_w20_seed4.txt,Set Covering,100,Relaxed,5000,false,min,5,0.01609,na,na,22350,43648,400
set_covering_n100_m81_d0.2_b_w20_seed4.txt,Set Covering,100,Relaxed,10000,false,min,5,0.01657,na,na,22350,43648,400
set_covering_n100_m81_d0.2_b_w20_seed4.txt,Set Covering,100,Relaxed,20000,false,min,5,0.01621,na,na,22350,43648,400
set_covering_n100_m81_d0.3_b_w20_seed1.txt,Set Covering,100,Exact,99999,false,min,5,0.01619,na,na,22350,43648,400
set_covering_n100_m81_d0.3_b_w20_seed1.txt,Set Covering,100,Restricted,500,false,min,5,0.01604,na,na,22350,43648,400
set_covering_n100_m81_d0.3_b_w20_seed1.txt,Set Covering,100,Restricted,1000,false,min,5,0.01594,na,na,22350,43648,400
set_covering_n100_m81_d0.3_b_w20_seed1.txt,Set Covering,100,Restricted,2000,false,min,5,0.01608,na,na,22350,43648,400
set_covering_n100_m81_d0.3_b_w20_seed1.txt,Set Covering,100,Restricted,5000,false,min,5,0.01590,na,na,22350,43648,400
set_covering_n100_m81_d0.3_b_w20_seed1.txt,Set Covering,100,Restricted,10000,false,min,5,0.01605,na,na,22350,43648,400
set_covering_n100_m81_d0.3_b_w20_seed1.txt,Set Covering,100,Restricted,20000,false,min,5,0.01614,na,na,22350,43648,400
set_covering_n100_m81_d0.3_b_w20_seed1.txt,Set Covering,100,Relaxed,500,false,min,5,0.01607,na,na,22350,43648,400
set_covering_n100_m81_d0.3_b_w20_seed1.txt,Set Covering,100,Relaxed,1000,false,min,5,0.01601,na,na,22350,43648,400
set_covering_n100_m81_d0.3_b_w20_seed1.txt,Set Covering,100,Relaxed,2000,false,min,5,0.01596,na,na,22350,43648,400
set_covering_n100_m81_d0.3_b_w20_seed1.txt,Set Covering,100,Relaxed,5000,false,min,5,0.01612,na,na,22350,43648,400
set_covering_n100_m81_d0.3_b_w20_seed1.txt,Set Covering,100,Relaxed,10000,false,min,5,0.01623,na,na,22350,43648,400
set_covering_n100_m81_d0.3_b_w20_seed1.txt,Set Covering,100,Relaxed,20000,false,min,5,0.01623,na,na,22350,43648,400
set_covering_n100_m81_d0.3_b_w20_seed2.txt,Set Covering,100,Exact,99999,false,min,5,0.01638,na,na,22350,43648,400
set_covering_n100_m81_d0.3_b_w20_seed2.txt,Set Covering,100,Restricted,500,false,min,5,0.01596,na,na,22350,43648,400
set_covering_n100_m81_d0.3_b_w20_seed2.txt,Set Covering,100,Restricted,1000,false,min,5,0.01604,na,na,22350,43648,400
set_covering_n100_m81_d0.3_b_w20_seed2.txt,Set Covering,100,Restricted,2000,false,min,5,0.01605,na,na,22350,43648,400
set_covering_n100_m81_d0.3_b_w20_seed2.txt,Set Covering,100,Restricted,5000,false,min,5,0.01611,na,na,22350,43648,400
set_covering_n100_m81_d0.3_b_w20_seed2.txt,Set Covering,100,Restricted,10000,false,min,5,0.01647,na,na,22350,43648,400
set_covering_n100_m81_d0.3_b_w20_seed2.txt,Set Covering,100,Restricted,20000,false,min,5,0.01603,na,na,22350,43648,400
set_covering_n100_m81_d0.3_b_w20_seed2.txt,Set Covering,100,Relaxed,500,false,min,5,0.01603,na,na,22350,43648,400
set_covering_n100_m81_d0.3_b_w20_seed2.txt,Set Covering,100,Relaxed,1000,false,min,5,0.01629,na,na,22350,43648,400
set_covering_n100_m81_d0.3_b_w20_seed2.txt,Set Covering,100,Relaxed,2000,false,min,5,0.01620,na,na,22350,43648,400
set_covering_n100_m81_d0.3_b_w20_seed2.txt,Set Covering,100,Relaxed,5000,false,min,5,0.01599,na,na,22350,43648,400
set_covering_n100_m81_d0.3_b_w20_seed2.txt,Set Covering,100,Relaxed,10000,false,min,5,0.01612,na,na,22350,43648,400
set_covering_n100_m81_d0.3_b_w20_seed2.txt,Set Covering,100,Relaxed,20000,false,min,5,0.01605,na,na,22350,43648,400
set_covering_n100_m81_d0.3_b_w20_seed3.txt,Set Covering,100,Exact,99999,false,min,5,0.01593,na,na,22350,43648,400
set_covering_n100_m81_d0.3_b_w20_seed3.txt,Set Covering,100,Restricted,500,false,min,5,0.01596,na,na,22350,43648,400
set_covering_n100_m81_d0.3_b_w20_seed3.txt,Set Covering,100,Restricted,1000,false,min,5,0.01622,na,na,22350,43648,400
set_covering_n100_m81_d0.3_b_w20_seed3.txt,Set Covering,100,Restricted,2000,false,min,5,0.01619,na,na,22350,43648,400
set_covering_n100_m81_d0.3_b_w20_seed3.txt,Set Covering,100,Restricted,5000,false,min,5,0.01621,na,na,22350,43648,400
set_covering_n100_m81_d0.3_b_w20_seed3.txt,Set Covering,100,Restricted,10000,false,min,5,0.01611,na,na,22350,43648,400
set_covering_n100_m81_d0.3_b_w20_seed3.txt,Set Covering,100,Restricted,20000,false,min,5,0.01615,na,na,22350,43648,400
set_covering_n100_m81_d0.3_b_w20_seed3.txt,Set Covering,100,Relaxed,500,false,min,5,0.01611,na,na,22350,43648,400
set_covering_n100_m81_d0.3_b_w20_seed3.txt,Set Covering,100,Relaxed,1000,false,min,5,0.01616,na,na,22350,43648,400
set_covering_n100_m81_d0.3_b_w20_seed3.txt,Set Covering,100,Relaxed,2000,false,min,5,0.01793,na,na,22350,43648,400
set_covering_n100_m81_d0.3_b_w20_seed3.txt,Set Covering,100,Relaxed,5000,false,min,5,0.01607,na,na,22350,43648,400
set_covering_n100_m81_d0.3_b_w20_seed3.txt,Set Covering,100,Relaxed,10000,false,min,5,0.01615,na,na,22350,43648,400
set_covering_n100_m81_d0.3_b_w20_seed3.txt,Set Covering,100,Relaxed,20000,false,min,5,0.01603,na,na,22350,43648,400
set_covering_n100_m81_d0.3_b_w20_seed4.txt,Set Covering,100,Exact,99999,false,min,5,0.01663,na,na,22350,43648,400
set_covering_n100_m81_d0.3_b_w20_seed4.txt,Set Covering,100,Restricted,500,false,min,5,0.01622,na,na,22350,43648,400
set_covering_n100_m81_d0.3_b_w20_seed4.txt,Set Covering,100,Restricted,1000,false,min,5,0.01604,na,na,22350,43648,400
set_covering_n100_m81_d0.3_b_w20_seed4.txt,Set Covering,100,Restricted,2000,false,min,5,0.01586,na,na,22350,43648,400
set_covering_n100_m81_d0.3_b_w20_seed4.txt,Set Covering,100,Restricted,5000,false,min,5,0.01627,na,na,22350,43648,400
set_covering_n100_m81_d0.3_b_w20_seed4.txt,Set Covering,100,Restricted,10000,false,min,5,0.01635,na,na,22350,43648,400
set_covering_n100_m81_d0.3_b_w20_seed4.txt,Set Covering,100,Restricted,20000,false,min,5,0.01623,na,na,22350,43648,400
set_covering_n100_m81_d0.3_b_w20_seed4.txt,Set Covering,100,Relaxed,500,false,min,5,0.01624,na,na,22350,43648,400
set_covering_n100_m81_d0.3_b_w20_seed4.txt,Set Covering,100,Relaxed,1000,false,min,5,0.01624,na,na,22350,43648,400
set_covering_n100_m81_d0.3_b_w20_seed4.txt,Set Covering,100,Relaxed,2000,false,min,5,0.01597,na,na,22350,43648,400
set_covering_n100_m81_d0.3_b_w20_seed4.txt,Set Covering,100,Relaxed,5000,false,min,5,0.01564,na,na,22350,43648,400
set_covering_n100_m81_d0.3_b_w20_seed4.txt,Set Covering,100,Relaxed,10000,false,min,5,0.01605,na,na,22350,43648,400
set_covering_n100_m81_d0.3_b_w20_seed4.txt,Set Covering,100,Relaxed,20000,false,min,5,0.01618,na,na,22350,43648,400
set_covering_n100_m81_d0.4_b_w20_seed1.txt,Set Covering,100,Exact,99999,false,min,5,0.01620,na,na,22350,43648,400
set_covering_n100_m81_d0.4_b_w20_seed1.txt,Set Covering,100,Restricted,500,false,min,5,0.01621,na,na,22350,43648,400
set_covering_n100_m81_d0.4_b_w20_seed1.txt,Set Covering,100,Restricted,1000,false,min,5,0.01627,na,na,22350,43648,400
set_covering_n100_m81_d0.4_b_w20_seed1.txt,Set Covering,100,Restricted,2000,false,min,5,0.01639,na,na,22350,43648,400
set_covering_n100_m81_d0.4_b_w20_seed1.txt,Set Covering,100,Restricted,5000,false,min,5,0.01655,na,na,22350,43648,400
set_covering_n100_m81_d0.4_b_w20_seed1.txt,Set Covering,100,Restricted,10000,false,min,5,0.01575,na,na,22350,43648,400
set_covering_n100_m81_d0.4_b_w20_seed1.txt,Set Covering,100,Restricted,20000,false,min,5,0.01530,na,na,22350,43648,400
set_covering_n100_m81_d0.4_b_w20_seed1.txt,Set Covering,100,Relaxed,500,false,min,5,0.01604,na,na,22350,43648,400
set_covering_n100_m81_d0.4_b_w20_seed1.txt,Set Covering,100,Relaxed,1000,false,min,5,0.01603,na,na,22350,43648,400
set_covering_n100_m81_d0.4_b_w20_seed1.txt,Set Covering,100,Relaxed,2000,false,min,5,0.01571,na,na,22350,43648,400
set_covering_n100_m81_d0.4_b_w20_seed1.txt,Set Covering,100,Relaxed,5000,false,min,5,0.01555,na,na,22350,43648,400
set_covering_n100_m81_d0.4_b_w20_seed1.txt,Set Covering,100,Relaxed,10000,false,min,5,0.01590,na,na,22350,43648,400
set_covering_n100_m81_d0.4_b_w20_seed1.txt,Set Covering,100,Relaxed,20000,false,min,5,0.01577,na,na,22350,43648,400
set_covering_n100_m81_d0.4_b_w20_seed2.txt,Set Covering,100,Exact,99999,false,min,5,0.01592,na,na,22350,43648,400
set_covering_n100_m81_d0.4_b_w20_seed2.txt,Set Covering,100,Restricted,500,false,min,5,0.01588,na,na,22350,43648,400
set_covering_n100_m81_d0.4_b_w20_seed2.txt,Set Covering,100,Restricted,1000,false,min,5,0.01587,na,na,22350,43648,400
set_covering_n100_m81_d0.4_b_w20_seed2.txt,Set Covering,100,Restricted,2000,false,min,5,0.01606,na,na,22350,43648,400
set_covering_n100_m81_d0.4_b_w20_seed2.txt,Set Covering,100,Restricted,5000,false,min,5,0.01598,na,na,22350,43648,400
set_covering_n100_m81_d0.4_b_w20_seed2.txt,Set Covering,100,Restricted,10000,false,min,5,0.01578,na,na,22350,43648,400
set_covering_n100_m81_d0.4_b_w20_seed2.txt,Set Covering,100,Restricted,20000,false,min,5,0.01531,na,na,22350,43648,400
set_covering_n100_m81_d0.4_b_w20_seed2.txt,Set Covering,100,Relaxed,500,false,min,5,0.01532,na,na,22350,43648,400
set_covering_n100_m81_d0.4_b_w20_seed2.txt,Set Covering,100,Relaxed,1000,false,min,5,0.01529,na,na,22350,43648,400
set_covering_n100_m81_d0.4_b_w20_seed2.txt,Set Covering,100,Relaxed,2000,false,min,5,0.01530,na,na,22350,43648,400
set_covering_n100_m81_d0.4_b_w20_seed2.txt,Set Covering,100,Relaxed,5000,false,min,5,0.01527,na,na,22350,43648,400
set_covering_n100_m81_d0.4_b_w20_seed2.txt,Set Covering,100,Relaxed,10000,false,min,5,0.01515,na,na,22350,43648,400
set_covering_n100_m81_d0.4_b_w20_seed2.txt,Set Covering,100,Relaxed,20000,false,min,5,0.01516,na,na,22350,43648,400
set_covering_n100_m81_d0.4_b_w20_seed3.txt,Set Covering,100,Exact,99999,false,min,5,0.01585,na,na,22350,43648,400
set_covering_n100_m81_d0.4_b_w20_seed3.txt,Set Covering,100,Restricted,500,false,min,5,0.01539,na,na,22350,43648,400
set_covering_n100_m81_d0.4_b_w20_seed3.txt,Set Covering,100,Restricted,1000,false,min,5,0.01593,na,na,22350,43648,400
set_covering_n100_m81_d0.4_b_w20_seed3.txt,Set Covering,100,Restricted,2000,false,min,5,0.01591,na,na,22350,43648,400
set_covering_n100_m81_d0.4_b_w20_seed3.txt,Set Covering,100,Restricted,5000,false,min,5,0.01559,na,na,22350,43648,400
set_covering_n100_m81_d0.4_b_w20_seed3.txt,Set Covering,100,Restricted,10000,false,min,5,0.01554,na,na,22350,43648,400
set_covering_n100_m81_d0.4_b_w20_seed3.txt,Set Covering,100,Restricted,20000,false,min,5,0.01580,na,na,22350,43648,400
set_covering_n100_m81_d0.4_b_w20_seed3.txt,Set Covering,100,Relaxed,500,false,min,5,0.01585,na,na,22350,43648,400
set_covering_n100_m81_d0.4_b_w20_seed3.txt,Set Covering,100,Relaxed,1000,false,min,5,0.01556,na,na,22350,43648,400
set_covering_n100_m81_d0.4_b_w20_seed3.txt,Set Covering,100,Relaxed,2000,false,min,5,0.01529,na,na,22350,43648,400
set_covering_n100_m81_d0.4_b_w20_seed3.txt,Set Covering,100,Relaxed,5000,false,min,5,0.01520,na,na,22350,43648,400
set_covering_n100_m81_d0.4_b_w20_seed3.txt,Set Covering,100,Relaxed,10000,false,min,5,0.01524,na,na,22350,43648,400
set_covering_n100_m81_d0.4_b_w20_seed3.txt,Set Covering,100,Relaxed,20000,false,min,5,0.01544,na,na,22350,43648,400
set_covering_n100_m81_d0.4_b_w20_seed4.txt,Set Covering,100,Exact,99999,false,min,5,0.01585,na,na,22350,43648,400
set_covering_n100_m81_d0.4_b_w20_seed4.txt,Set Covering,100,Restricted,500,false,min,5,0.01530,na,na,22350,43648,400
set_covering_n100_m81_d0.4_b_w20_seed4.txt,Set Covering,100,Restricted,1000,false,min,5,0.01522,na,na,22350,43648,400
set_covering_n100_m81_d0.4_b_w20_seed4.txt,Set Covering,100,Restricted,2000,false,min,5,0.01582,na,na,22350,43648,400
set_covering_n100_m81_d0.4_b_w20_seed4.txt,Set Covering,100,Restricted,5000,false,min,5,0.01505,na,na,22350,43648,400
set_covering_n100_m81_d0.4_b_w20_seed4.txt,Set Covering,100,Restricted,10000,false,min,5,0.01528,na,na,22350,43648,400
set_covering_n100_m81_d0.4_b_w20_seed4.txt,Set Covering,100,Restricted,20000,false,min,5,0.01570,na,na,22350,43648,400
set_covering_n100_m81_d0.4_b_w20_seed4.txt,Set Covering,100,Relaxed,500,false,min,5,0.01559,na,na,22350,43648,400
set_covering_n100_m81_d0.4_b_w20_seed4.txt,Set Covering,100,Relaxed,1000,false,min,5,0.01544,na,na,22350,43648,400
set_covering_n100_m81_d0.4_b_w20_seed4.txt,Set Covering,100,Relaxed,2000,false,min,5,0.01538,na,na,22350,43648,400
set_covering_n100_m81_d0.4_b_w20_seed4.txt,Set Covering,100,Relaxed,5000,false,min,5,0.01571,na,na,22350,43648,400
set_covering_n100_m81_d0.4_b_w20_seed4.txt,Set Covering,100,Relaxed,10000,false,min,5,0.01536,na,na,22350,43648,400
set_covering_n100_m81_d0.4_b_w20_seed4.txt,Set Covering,100,Relaxed,20000,false,min,5,0.01559,na,na,22350,43648,400
set_covering_n100_m81_d0.05_b_w20_seed1.txt,Set Covering,100,Restricted,500,false,min,27,0.02799,na,na,54626,57982,1000
set_covering_n100_m81_d0.05_b_w20_seed1.txt,Set Covering,100,Restricted,1000,false,min,26,0.05557,na,na,107680,115234,2000
set_covering_n100_m81_d0.05_b_w20_seed1.txt,Set Covering,100,Restricted,2000,false,min,26,0.11805,na,na,208149,222968,4000
set_covering_n100_m81_d0.05_b_w20_seed1.txt,Set Covering,100,Restricted,5000,false,min,26,0.38630,na,na,499025,535407,10000
set_covering_n100_m81_d0.05_b_w20_seed1.txt,Set Covering,100,Restricted,10000,false,min,25,0.99408,na,na,968954,1046258,20000
set_covering_n100_m81_d0.05_b_w20_seed1.txt,Set Covering,100,Relaxed,500,false,min,4,0.03456,na,na,51512,77267,1001
set_covering_n100_m81_d0.05_b_w20_seed1.txt,Set Covering,100,Restricted,20000,false,min,24,2.48826,na,na,1884534,2040623,40000
set_covering_n100_m81_d0.05_b_w20_seed1.txt,Set Covering,100,Relaxed,1000,false,min,5,0.06775,na,na,103248,151935,2001
set_covering_n100_m81_d0.05_b_w20_seed1.txt,Set Covering,100,Relaxed,2000,false,min,5,0.15446,na,na,207645,300316,4001
set_covering_n100_m81_d0.05_b_w20_seed1.txt,Set Covering,100,Relaxed,5000,false,min,5,0.49436,na,na,499040,716340,10001
set_covering_n100_m81_d0.05_b_w20_seed1.txt,Set Covering,100,Relaxed,10000,false,min,6,1.22644,na,na,969173,1394774,20001
set_covering_n100_m81_d0.5_b_w20_seed1.txt,Set Covering,100,Exact,99999,false,min,5,0.01615,na,na,22350,43648,400
set_covering_n100_m81_d0.05_b_w20_seed1.txt,Set Covering,100,Relaxed,20000,false,min,6,2.96663,na,na,1885231,2717590,40001
set_covering_n100_m81_d0.5_b_w20_seed1.txt,Set Covering,100,Restricted,500,false,min,5,0.01608,na,na,22350,43648,400
set_covering_n100_m81_d0.5_b_w20_seed1.txt,Set Covering,100,Restricted,1000,false,min,5,0.01613,na,na,22350,43648,400
set_covering_n100_m81_d0.5_b_w20_seed1.txt,Set Covering,100,Restricted,2000,false,min,5,0.01579,na,na,22350,43648,400
set_covering_n100_m81_d0.5_b_w20_seed1.txt,Set Covering,100,Restricted,5000,false,min,5,0.01581,na,na,22350,43648,400
set_covering_n100_m81_d0.5_b_w20_seed1.txt,Set Covering,100,Restricted,10000,false,min,5,0.01585,na,na,22350,43648,400
set_covering_n100_m81_d0.5_b_w20_seed1.txt,Set Covering,100,Restricted,20000,false,min,5,0.01554,na,na,22350,43648,400
set_covering_n100_m81_d0.5_b_w20_seed1.txt,Set Covering,100,Relaxed,500,false,min,5,0.01545,na,na,22350,43648,400
set_covering_n100_m81_d0.5_b_w20_seed1.txt,Set Covering,100,Relaxed,1000,false,min,5,0.01542,na,na,22350,43648,400
set_covering_n100_m81_d0.5_b_w20_seed1.txt,Set Covering,100,Relaxed,2000,false,min,5,0.01701,na,na,22350,43648,400
set_covering_n100_m81_d0.5_b_w20_seed1.txt,Set Covering,100,Relaxed,5000,false,min,5,0.01714,na,na,22350,43648,400
set_covering_n100_m81_d0.5_b_w20_seed1.txt,Set Covering,100,Relaxed,10000,false,min,5,0.01584,na,na,22350,43648,400
set_covering_n100_m81_d0.5_b_w20_seed1.txt,Set Covering,100,Relaxed,20000,false,min,5,0.01565,na,na,22350,43648,400
set_covering_n100_m81_d0.05_b_w20_seed2.txt,Set Covering,100,Restricted,500,false,min,25,0.02508,na,na,50163,53631,1000
set_covering_n100_m81_d0.05_b_w20_seed2.txt,Set Covering,100,Restricted,1000,false,min,25,0.05069,na,na,98327,104954,2000
set_covering_n100_m81_d0.05_b_w20_seed2.txt,Set Covering,100,Restricted,2000,false,min,24,0.10970,na,na,193654,206134,4000
set_covering_n100_m81_d0.05_b_w20_seed2.txt,Set Covering,100,Restricted,5000,false,min,24,0.37808,na,na,465856,497883,10000
set_covering_n100_m81_d0.05_b_w20_seed2.txt,Set Covering,100,Restricted,10000,false,min,23,0.98258,na,na,904016,966568,20000
set_covering_n100_m81_d0.05_b_w20_seed2.txt,Set Covering,100,Relaxed,500,false,min,7,0.02996,na,na,44343,67671,1001
set_covering_n100_m81_d0.05_b_w20_seed2.txt,Set Covering,100,Restricted,20000,false,min,23,2.34999,na,na,1765395,1888595,40000
set_covering_n100_m81_d0.05_b_w20_seed2.txt,Set Covering,100,Relaxed,1000,false,min,7,0.06847,na,na,97094,142598,2001
set_covering_n100_m81_d0.05_b_w20_seed2.txt,Set Covering,100,Relaxed,2000,false,min,8,0.14015,na,na,191686,277219,4001
set_covering_n100_m81_d0.05_b_w20_seed2.txt,Set Covering,100,Relaxed,5000,false,min,8,0.46784,na,na,465464,667131,10001
set_covering_n100_m81_d0.05_b_w20_seed2.txt,Set Covering,100,Relaxed,10000,false,min,8,1.15775,na,na,903946,1294812,20001
set_covering_n100_m81_d0.5_b_w20_seed2.txt,Set Covering,100,Exact,99999,false,min,5,0.01602,na,na,22350,43648,400
set_covering_n100_m81_d0.05_b_w20_seed2.txt,Set Covering,100,Relaxed,20000,false,min,9,2.83603,na,na,1769896,2547587,40001
set_covering_n100_m81_d0.5_b_w20_seed2.txt,Set Covering,100,Restricted,500,false,min,5,0.01592,na,na,22350,43648,400
set_covering_n100_m81_d0.5_b_w20_seed2.txt,Set Covering,100,Restricted,1000,false,min,5,0.01603,na,na,22350,43648,400
set_covering_n100_m81_d0.5_b_w20_seed2.txt,Set Covering,100,Restricted,2000,false,min,5,0.01589,na,na,22350,43648,400
set_covering_n100_m81_d0.5_b_w20_seed2.txt,Set Covering,100,Restricted,5000,false,min,5,0.01589,na,na,22350,43648,400
set_covering_n100_m81_d0.5_b_w20_seed2.txt,Set Covering,100,Restricted,10000,false,min,5,0.01645,na,na,22350,43648,400
set_covering_n100_m81_d0.5_b_w20_seed2.txt,Set Covering,100,Restricted,20000,false,min,5,0.01596,na,na,22350,43648,400
set_covering_n100_m81_d0.5_b_w20_seed2.txt,Set Covering,100,Relaxed,500,false,min,5,0.01621,na,na,22350,43648,400
set_covering_n100_m81_d0.5_b_w20_seed2.txt,Set Covering,100,Relaxed,1000,false,min,5,0.01581,na,na,22350,43648,400
set_covering_n100_m81_d0.5_b_w20_seed2.txt,Set Covering,100,Relaxed,2000,false,min,5,0.01565,na,na,22350,43648,400
set_covering_n100_m81_d0.5_b_w20_seed2.txt,Set Covering,100,Relaxed,5000,false,min,5,0.01572,na,na,22350,43648,400
set_covering_n100_m81_d0.5_b_w20_seed2.txt,Set Covering,100,Relaxed,10000,false,min,5,0.01600,na,na,22350,43648,400
set_covering_n100_m81_d0.5_b_w20_seed2.txt,Set Covering,100,Relaxed,20000,false,min,5,0.01584,na,na,22350,43648,400
set_covering_n100_m81_d0.05_b_w20_seed3.txt,Set Covering,100,Restricted,500,false,min,25,0.02788,na,na,52518,57401,1000
set_covering_n100_m81_d0.05_b_w20_seed3.txt,Set Covering,100,Restricted,1000,false,min,25,0.05543,na,na,103919,112825,2000
set_covering_n100_m81_d0.05_b_w20_seed3.txt,Set Covering,100,Restricted,2000,false,min,25,0.11758,na,na,202205,219893,4000
set_covering_n100_m81_d0.05_b_w20_seed3.txt,Set Covering,100,Restricted,5000,false,min,25,0.38772,na,na,481819,529075,10000
set_covering_n100_m81_d0.05_b_w20_seed3.txt,Set Covering,100,Restricted,10000,false,min,24,1.02691,na,na,924931,1023540,20000
set_covering_n100_m81_d0.05_b_w20_seed3.txt,Set Covering,100,Relaxed,500,false,min,6,0.02794,na,na,40643,63320,1001
set_covering_n100_m81_d0.05_b_w20_seed3.txt,Set Covering,100,Restricted,20000,false,min,23,2.42073,na,na,1774686,1979486,40000
set_covering_n100_m81_d0.05_b_w20_seed3.txt,Set Covering,100,Relaxed,1000,false,min,6,0.06848,na,na,101570,150347,2001
set_covering_n100_m81_d0.05_b_w20_seed3.txt,Set Covering,100,Relaxed,2000,false,min,7,0.14888,na,na,198351,292889,4001
set_covering_n100_m81_d0.05_b_w20_seed3.txt,Set Covering,100,Relaxed,5000,false,min,7,0.48119,na,na,481257,699490,10001
set_covering_n100_m81_d0.05_b_w20_seed3.txt,Set Covering,100,Relaxed,10000,false,min,7,1.14580,na,na,924138,1346645,20001
set_covering_n100_m81_d0.5_b_w20_seed3.txt,Set Covering,100,Exact,99999,false,min,5,0.01609,na,na,22350,43648,400
set_covering_n100_m81_d0.05_b_w20_seed3.txt,Set Covering,100,Relaxed,20000,false,min,7,2.77661,na,na,1775515,2597076,40001
set_covering_n100_m81_d0.5_b_w20_seed3.txt,Set Covering,100,Restricted,500,false,min,5,0.01598,na,na,22350,43648,400
set_covering_n100_m81_d0.5_b_w20_seed3.txt,Set Covering,100,Restricted,1000,false,min,5,0.01609,na,na,22350,43648,400
set_covering_n100_m81_d0.5_b_w20_seed3.txt,Set Covering,100,Restricted,2000,false,min,5,0.01603,na,na,22350,43648,400
set_covering_n100_m81_d0.5_b_w20_seed3.txt,Set Covering,100,Restricted,5000,false,min,5,0.01606,na,na,22350,43648,400
set_covering_n100_m81_d0.5_b_w20_seed3.txt,Set Covering,100,Restricted,10000,false,min,5,0.01583,na,na,22350,43648,400
set_covering_n100_m81_d0.5_b_w20_seed3.txt,Set Covering,100,Restricted,20000,false,min,5,0.01611,na,na,22350,43648,400
set_covering_n100_m81_d0.5_b_w20_seed3.txt,Set Covering,100,Relaxed,500,false,min,5,0.01604,na,na,22350,43648,400
set_covering_n100_m81_d0.5_b_w20_seed3.txt,Set Covering,100,Relaxed,1000,false,min,5,0.01619,na,na,22350,43648,400
set_covering_n100_m81_d0.5_b_w20_seed3.txt,Set Covering,100,Relaxed,2000,false,min,5,0.01617,na,na,22350,43648,400
set_covering_n100_m81_d0.5_b_w20_seed3.txt,Set Covering,100,Relaxed,5000,false,min,5,0.01621,na,na,22350,43648,400
set_covering_n100_m81_d0.5_b_w20_seed3.txt,Set Covering,100,Relaxed,10000,false,min,5,0.01600,na,na,22350,43648,400
set_covering_n100_m81_d0.5_b_w20_seed3.txt,Set Covering,100,Relaxed,20000,false,min,5,0.01602,na,na,22350,43648,400
set_covering_n100_m81_d0.05_b_w20_seed4.txt,Set Covering,100,Restricted,500,false,min,25,0.02720,na,na,52713,58200,1000
set_covering_n100_m81_d0.05_b_w20_seed4.txt,Set Covering,100,Restricted,1000,false,min,24,0.05320,na,na,101586,112292,2000
set_covering_n100_m81_d0.05_b_w20_seed4.txt,Set Covering,100,Restricted,2000,false,min,24,0.11106,na,na,194403,213813,4000
set_covering_n100_m81_d0.05_b_w20_seed4.txt,Set Covering,100,Restricted,5000,false,min,23,0.36419,na,na,471114,521753,10000
set_covering_n100_m81_d0.05_b_w20_seed4.txt,Set Covering,100,Restricted,10000,false,min,23,0.89268,na,na,898957,996148,20000
set_covering_n100_m81_d0.05_b_w20_seed4.txt,Set Covering,100,Restricted,20000,false,min,23,2.22474,na,na,1730154,1911161,39997
set_covering_n100_m81_d0.05_b_w20_seed4.txt,Set Covering,100,Relaxed,500,false,min,4,0.03063,na,na,45246,69860,1001
set_covering_n100_m81_d0.05_b_w20_seed4.txt,Set Covering,100,Relaxed,1000,false,min,4,0.06741,na,na,99022,146214,2001
set_covering_n100_m81_d0.05_b_w20_seed4.txt,Set Covering,100,Relaxed,2000,false,min,4,0.14496,na,na,194340,282968,4001
set_covering_n100_m81_d0.05_b_w20_seed4.txt,Set Covering,100,Relaxed,5000,false,min,5,0.45912,na,na,468833,682555,10001
set_covering_n100_m81_d0.05_b_w20_seed4.txt,Set Covering,100,Relaxed,10000,false,min,5,1.09493,na,na,897504,1305395,20000
set_covering_n100_m81_d0.05_b_w20_seed4.txt,Set Covering,100,Relaxed,20000,false,min,5,2.64443,na,na,1729827,2517074,39998
set_covering_n100_m81_d0.5_b_w20_seed4.txt,Set Covering,100,Exact,99999,false,min,5,0.01612,na,na,22350,43648,400
set_covering_n100_m81_d0.5_b_w20_seed4.txt,Set Covering,100,Restricted,500,false,min,5,0.01598,na,na,22350,43648,400
set_covering_n100_m81_d0.5_b_w20_seed4.txt,Set Covering,100,Restricted,1000,false,min,5,0.01598,na,na,22350,43648,400
set_covering_n100_m81_d0.5_b_w20_seed4.txt,Set Covering,100,Restricted,2000,false,min,5,0.01600,na,na,22350,43648,400
set_covering_n100_m81_d0.5_b_w20_seed4.txt,Set Covering,100,Restricted,5000,false,min,5,0.01602,na,na,22350,43648,400
set_covering_n100_m81_d0.5_b_w20_seed4.txt,Set Covering,100,Restricted,10000,false,min,5,0.01610,na,na,22350,43648,400
set_covering_n100_m81_d0.5_b_w20_seed4.txt,Set Covering,100,Restricted,20000,false,min,5,0.01651,na,na,22350,43648,400
set_covering_n100_m81_d0.5_b_w20_seed4.txt,Set Covering,100,Relaxed,500,false,min,5,0.01618,na,na,22350,43648,400
set_covering_n100_m81_d0.5_b_w20_seed4.txt,Set Covering,100,Relaxed,1000,false,min,5,0.01621,na,na,22350,43648,400
set_covering_n100_m81_d0.5_b_w20_seed4.txt,Set Covering,100,Relaxed,2000,false,min,5,0.01630,na,na,22350,43648,400
set_covering_n100_m81_d0.5_b_w20_seed4.txt,Set Covering,100,Relaxed,5000,false,min,5,0.01628,na,na,22350,43648,400
set_covering_n100_m81_d0.5_b_w20_seed4.txt,Set Covering,100,Relaxed,10000,false,min,5,0.01613,na,na,22350,43648,400
set_covering_n100_m81_d0.5_b_w20_seed4.txt,Set Covering,100,Relaxed,20000,false,min,5,0.01616,na,na,22350,43648,400
set_covering_n100_m81_d0.15_b_w20_seed1.txt,Set Covering,100,Restricted,500,false,min,8,0.03230,na,na,58298,65401,1000
set_covering_n100_m81_d0.15_b_w20_seed1.txt,Set Covering,100,Restricted,1000,false,min,8,0.06088,na,na,108755,121273,1999
set_covering_n100_m81_d0.15_b_w20_seed1.txt,Set Covering,100,Restricted,2000,false,min,8,0.12410,na,na,210691,239050,3998
set_covering_n100_m81_d0.15_b_w20_seed1.txt,Set Covering,100,Restricted,5000,false,min,8,0.39701,na,na,480427,552440,9962
set_covering_n100_m81_d0.15_b_w20_seed1.txt,Set Covering,100,Restricted,10000,false,min,8,0.97777,na,na,889985,1047690,19792
set_covering_n100_m81_d0.15_b_w20_seed1.txt,Set Covering,100,Restricted,20000,false,min,8,2.31686,na,na,1649586,1991867,39245
set_covering_n100_m81_d0.15_b_w20_seed1.txt,Set Covering,100,Relaxed,500,false,min,2,0.04034,na,na,58379,89592,998
set_covering_n100_m81_d0.15_b_w20_seed1.txt,Set Covering,100,Relaxed,1000,false,min,2,0.07622,na,na,108495,166782,1999
set_covering_n100_m81_d0.15_b_w20_seed1.txt,Set Covering,100,Relaxed,2000,false,min,3,0.16330,na,na,210822,327507,3996
set_covering_n100_m81_d0.15_b_w20_seed1.txt,Set Covering,100,Relaxed,5000,false,min,3,0.50068,na,na,480374,757404,9957
set_covering_n100_m81_d0.15_b_w20_seed1.txt,Set Covering,100,Relaxed,10000,false,min,3,1.27629,na,na,889860,1422953,19785
set_covering_n100_m81_d0.15_b_w20_seed1.txt,Set Covering,100,Relaxed,20000,false,min,4,2.86460,na,na,1649682,2670344,39238
set_covering_n100_m81_d0.15_b_w20_seed2.txt,Set Covering,100,Restricted,500,false,min,9,0.03278,na,na,61560,69793,1000
set_covering_n100_m81_d0.15_b_w20_seed2.txt,Set Covering,100,Restricted,1000,false,min,9,0.06207,na,na,113531,128369,2000
set_covering_n100_m81_d0.15_b_w20_seed2.txt,Set Covering,100,Restricted,2000,false,min,8,0.13072,na,na,215903,245206,3984
set_covering_n100_m81_d0.15_b_w20_seed2.txt,Set Covering,100,Restricted,5000,false,min,8,0.40448,na,na,489282,560170,9866
set_covering_n100_m81_d0.15_b_w20_seed2.txt,Set Covering,100,Restricted,10000,false,min,8,0.95533,na,na,909487,1048698,19642
set_covering_n100_m81_d0.15_b_w20_seed2.txt,Set Covering,100,Restricted,20000,false,min,8,2.36266,na,na,1680022,1980282,38778
set_covering_n100_m81_d0.15_b_w20_seed2.txt,Set Covering,100,Relaxed,500,false,min,2,0.04309,na,na,61669,96102,999
set_covering_n100_m81_d0.15_b_w20_seed2.txt,Set Covering,100,Relaxed,1000,false,min,2,0.07935,na,na,114521,179528,1997
set_covering_n100_m81_d0.15_b_w20_seed2.txt,Set Covering,100,Relaxed,2000,false,min,3,0.17252,na,na,215649,338892,3982
set_covering_n100_m81_d0.15_b_w20_seed2.txt,Set Covering,100,Relaxed,5000,false,min,3,0.53525,na,na,489054,775416,9864
set_covering_n100_m81_d0.15_b_w20_seed2.txt,Set Covering,100,Relaxed,10000,false,min,3,1.24387,na,na,909501,1454408,19644
set_covering_n100_m81_d0.15_b_w20_seed2.txt,Set Covering,100,Relaxed,20000,false,min,4,2.94979,na,na,1680109,2726429,38776
set_covering_n100_m81_d0.15_b_w20_seed3.txt,Set Covering,100,Restricted,500,false,min,10,0.03405,na,na,61057,68611,1000
set_covering_n100_m81_d0.15_b_w20_seed3.txt,Set Covering,100,Restricted,1000,false,min,10,0.06275,na,na,114733,130114,2000
set_covering_n100_m81_d0.15_b_w20_seed3.txt,Set Covering,100,Restricted,2000,false,min,9,0.12906,na,na,217767,249944,3998
set_covering_n100_m81_d0.15_b_w20_seed3.txt,Set Covering,100,Restricted,5000,false,min,9,0.39979,na,na,498118,586129,9938
set_covering_n100_m81_d0.15_b_w20_seed3.txt,Set Covering,100,Restricted,10000,false,min,8,1.01695,na,na,928175,1119422,19727
set_covering_n100_m81_d0.15_b_w20_seed3.txt,Set Covering,100,Restricted,20000,false,min,8,2.41579,na,na,1712726,2135818,39307
set_covering_n100_m81_d0.15_b_w20_seed3.txt,Set Covering,100,Relaxed,500,false,min,2,0.04250,na,na,60973,94440,998
set_covering_n100_m81_d0.15_b_w20_seed3.txt,Set Covering,100,Relaxed,1000,false,min,2,0.08250,na,na,114566,178183,1999
set_covering_n100_m81_d0.15_b_w20_seed3.txt,Set Covering,100,Relaxed,2000,false,min,3,0.17999,na,na,217750,342837,3997
set_covering_n100_m81_d0.15_b_w20_seed3.txt,Set Covering,100,Relaxed,5000,false,min,3,0.55390,na,na,497976,794394,9938
set_covering_n100_m81_d0.15_b_w20_seed3.txt,Set Covering,100,Relaxed,10000,false,min,3,1.24981,na,na,927916,1499946,19726
set_covering_n100_m81_d0.15_b_w20_seed3.txt,Set Covering,100,Relaxed,20000,false,min,4,2.97351,na,na,1712906,2807375,39303
set_covering_n100_m81_d0.15_b_w20_seed4.txt,Set Covering,100,Restricted,500,false,min,9,0.03350,na,na,61175,68925,1000
set_covering_n100_m81_d0.15_b_w20_seed4.txt,Set Covering,100,Restricted,1000,false,min,9,0.06238,na,na,113826,129090,1998
set_covering_n100_m81_d0.15_b_w20_seed4.txt,Set Covering,100,Restricted,2000,false,min,9,0.13257,na,na,217153,248475,3994
set_covering_n100_m81_d0.15_b_w20_seed4.txt,Set Covering,100,Restricted,5000,false,min,9,0.40288,na,na,490497,571287,9950
set_covering_n100_m81_d0.15_b_w20_seed4.txt,Set Covering,100,Restricted,10000,false,min,8,0.97404,na,na,900906,1076515,19818
set_covering_n100_m81_d0.15_b_w20_seed4.txt,Set Covering,100,Restricted,20000,false,min,8,2.31710,na,na,1656175,2012627,39380
set_covering_n100_m81_d0.15_b_w20_seed4.txt,Set Covering,100,Relaxed,500,false,min,2,0.04173,na,na,61154,95064,999
set_covering_n100_m81_d0.15_b_w20_seed4.txt,Set Covering,100,Relaxed,1000,false,min,2,0.08044,na,na,113805,178103,1997
set_covering_n100_m81_d0.15_b_w20_seed4.txt,Set Covering,100,Relaxed,2000,false,min,3,0.17529,na,na,216715,341615,3993
set_covering_n100_m81_d0.15_b_w20_seed4.txt,Set Covering,100,Relaxed,5000,false,min,3,0.52132,na,na,490411,782119,9947
set_covering_n100_m81_d0.15_b_w20_seed4.txt,Set Covering,100,Relaxed,10000,false,min,3,1.25622,na,na,901106,1454526,19818
set_covering_n100_m81_d0.15_b_w20_seed4.txt,Set Covering,100,Relaxed,20000,false,min,4,2.78383,na,na,1656600,2689520,39382
set_covering_n100_m81_d0.25_b_w20_seed1.txt,Set Covering,100,Exact,99999,false,min,5,0.01607,na,na,22350,43648,400
set_covering_n100_m81_d0.25_b_w20_seed1.txt,Set Covering,100,Restricted,500,false,min,5,0.01606,na,na,22350,43648,400
set_covering_n100_m81_d0.25_b_w20_seed1.txt,Set Covering,100,Restricted,1000,false,min,5,0.01615,na,na,22350,43648,400
set_covering_n100_m81_d0.25_b_w20_seed1.txt,Set Covering,100,Restricted,2000,false,min,5,0.01605,na,na,22350,43648,400
set_covering_n100_m81_d0.25_b_w20_seed1.txt,Set Covering,100,Restricted,5000,false,min,5,0.01602,na,na,22350,43648,400
set_covering_n100_m81_d0.25_b_w20_seed1.txt,Set Covering,100,Restricted,10000,false,min,5,0.01740,na,na,22350,43648,400
set_covering_n100_m81_d0.25_b_w20_seed1.txt,Set Covering,100,Restricted,20000,false,min,5,0.01675,na,na,22350,43648,400
set_covering_n100_m81_d0.25_b_w20_seed1.txt,Set Covering,100,Relaxed,500,false,min,5,0.01612,na,na,22350,43648,400
set_covering_n100_m81_d0.25_b_w20_seed1.txt,Set Covering,100,Relaxed,1000,false,min,5,0.01622,na,na,22350,43648,400
set_covering_n100_m81_d0.25_b_w20_seed1.txt,Set Covering,100,Relaxed,2000,false,min,5,0.01605,na,na,22350,43648,400
set_covering_n100_m81_d0.25_b_w20_seed1.txt,Set Covering,100,Relaxed,5000,false,min,5,0.01623,na,na,22350,43648,400
set_covering_n100_m81_d0.25_b_w20_seed1.txt,Set Covering,100,Relaxed,10000,false,min,5,0.01600,na,na,22350,43648,400
set_covering_n100_m81_d0.25_b_w20_seed1.txt,Set Covering,100,Relaxed,20000,false,min,5,0.01821,na,na,22350,43648,400
set_covering_n100_m81_d0.25_b_w20_seed2.txt,Set Covering,100,Exact,99999,false,min,5,0.01616,na,na,22350,43648,400
set_covering_n100_m81_d0.25_b_w20_seed2.txt,Set Covering,100,Restricted,500,false,min,5,0.01584,na,na,22350,43648,400
set_covering_n100_m81_d0.25_b_w20_seed2.txt,Set Covering,100,Restricted,1000,false,min,5,0.01598,na,na,22350,43648,400
set_covering_n100_m81_d0.25_b_w20_seed2.txt,Set Covering,100,Restricted,2000,false,min,5,0.01609,na,na,22350,43648,400
set_covering_n100_m81_d0.25_b_w20_seed2.txt,Set Covering,100,Restricted,5000,false,min,5,0.01560,na,na,22350,43648,400
set_covering_n100_m81_d0.25_b_w20_seed2.txt,Set Covering,100,Restricted,10000,false,min,5,0.01615,na,na,22350,43648,400
set_covering_n100_m81_d0.25_b_w20_seed2.txt,Set Covering,100,Restricted,20000,false,min,5,0.01594,na,na,22350,43648,400
set_covering_n100_m81_d0.25_b_w20_seed2.txt,Set Covering,100,Relaxed,500,false,min,5,0.01587,na,na,22350,43648,400
set_covering_n100_m81_d0.25_b_w20_seed2.txt,Set Covering,100,Relaxed,1000,false,min,5,0.01648,na,na,22350,43648,400
set_covering_n100_m81_d0.25_b_w20_seed2.txt,Set Covering,100,Relaxed,2000,false,min,5,0.01578,na,na,22350,43648,400
set_covering_n100_m81_d0.25_b_w20_seed2.txt,Set Covering,100,Relaxed,5000,false,min,5,0.01584,na,na,22350,43648,400
set_covering_n100_m81_d0.25_b_w20_seed2.txt,Set Covering,100,Relaxed,10000,false,min,5,0.01614,na,na,22350,43648,400
set_covering_n100_m81_d0.25_b_w20_seed2.txt,Set Covering,100,Relaxed,20000,false,min,5,0.01590,na,na,22350,43648,400
set_covering_n100_m81_d0.25_b_w20_seed3.txt,Set Covering,100,Exact,99999,false,min,5,0.01607,na,na,22350,43648,400
set_covering_n100_m81_d0.25_b_w20_seed3.txt,Set Covering,100,Restricted,500,false,min,5,0.01606,na,na,22350,43648,400
set_covering_n100_m81_d0.25_b_w20_seed3.txt,Set Covering,100,Restricted,1000,false,min,5,0.01762,na,na,22350,43648,400
set_covering_n100_m81_d0.25_b_w20_seed3.txt,Set Covering,100,Restricted,2000,false,min,5,0.01597,na,na,22350,43648,400
set_covering_n100_m81_d0.25_b_w20_seed3.txt,Set Covering,100,Restricted,5000,false,min,5,0.01582,na,na,22350,43648,400
set_covering_n100_m81_d0.25_b_w20_seed3.txt,Set Covering,100,Restricted,10000,false,min,5,0.01595,na,na,22350,43648,400
set_covering_n100_m81_d0.25_b_w20_seed3.txt,Set Covering,100,Restricted,20000,false,min,5,0.01599,na,na,22350,43648,400
set_covering_n100_m81_d0.25_b_w20_seed3.txt,Set Covering,100,Relaxed,500,false,min,5,0.01738,na,na,22350,43648,400
set_covering_n100_m81_d0.25_b_w20_seed3.txt,Set Covering,100,Relaxed,1000,false,min,5,0.01604,na,na,22350,43648,400
set_covering_n100_m81_d0.25_b_w20_seed3.txt,Set Covering,100,Relaxed,2000,false,min,5,0.01600,na,na,22350,43648,400
set_covering_n100_m81_d0.25_b_w20_seed3.txt,Set Covering,100,Relaxed,5000,false,min,5,0.01603,na,na,22350,43648,400
set_covering_n100_m81_d0.25_b_w20_seed3.txt,Set Covering,100,Relaxed,10000,false,min,5,0.01609,na,na,22350,43648,400
set_covering_n100_m81_d0.25_b_w20_seed3.txt,Set Covering,100,Relaxed,20000,false,min,5,0.01607,na,na,22350,43648,400
set_covering_n100_m81_d0.25_b_w20_seed4.txt,Set Covering,100,Exact,99999,false,min,5,0.01611,na,na,22350,43648,400
set_covering_n100_m81_d0.25_b_w20_seed4.txt,Set Covering,100,Restricted,500,false,min,5,0.01629,na,na,22350,43648,400
set_covering_n100_m81_d0.25_b_w20_seed4.txt,Set Covering,100,Restricted,1000,false,min,5,0.01622,na,na,22350,43648,400
set_covering_n100_m81_d0.25_b_w20_seed4.txt,Set Covering,100,Restricted,2000,false,min,5,0.01623,na,na,22350,43648,400
set_covering_n100_m81_d0.25_b_w20_seed4.txt,Set Covering,100,Restricted,5000,false,min,5,0.01605,na,na,22350,43648,400
set_covering_n100_m81_d0.25_b_w20_seed4.txt,Set Covering,100,Restricted,10000,false,min,5,0.01623,na,na,22350,43648,400
set_covering_n100_m81_d0.25_b_w20_seed4.txt,Set Covering,100,Restricted,20000,false,min,5,0.01599,na,na,22350,43648,400
set_covering_n100_m81_d0.25_b_w20_seed4.txt,Set Covering,100,Relaxed,500,false,min,5,0.01603,na,na,22350,43648,400
set_covering_n100_m81_d0.25_b_w20_seed4.txt,Set Covering,100,Relaxed,1000,false,min,5,0.01611,na,na,22350,43648,400
set_covering_n100_m81_d0.25_b_w20_seed4.txt,Set Covering,100,Relaxed,2000,false,min,5,0.01632,na,na,22350,43648,400
set_covering_n100_m81_d0.25_b_w20_seed4.txt,Set Covering,100,Relaxed,5000,false,min,5,0.01612,na,na,22350,43648,400
set_covering_n100_m81_d0.25_b_w20_seed4.txt,Set Covering,100,Relaxed,10000,false,min,5,0.01582,na,na,22350,43648,400
set_covering_n100_m81_d0.25_b_w20_seed4.txt,Set Covering,100,Relaxed,20000,false,min,5,0.01620,na,na,22350,43648,400
set_covering_n100_m81_d0.35_b_w20_seed1.txt,Set Covering,100,Exact,99999,false,min,5,0.01607,na,na,22350,43648,400
set_covering_n100_m81_d0.35_b_w20_seed1.txt,Set Covering,100,Restricted,500,false,min,5,0.01608,na,na,22350,43648,400
set_covering_n100_m81_d0.35_b_w20_seed1.txt,Set Covering,100,Restricted,1000,false,min,5,0.01600,na,na,22350,43648,400
set_covering_n100_m81_d0.35_b_w20_seed1.txt,Set Covering,100,Restricted,2000,false,min,5,0.01606,na,na,22350,43648,400
set_covering_n100_m81_d0.35_b_w20_seed1.txt,Set Covering,100,Restricted,5000,false,min,5,0.01596,na,na,22350,43648,400
set_covering_n100_m81_d0.35_b_w20_seed1.txt,Set Covering,100,Restricted,10000,false,min,5,0.01591,na,na,22350,43648,400
set_covering_n100_m81_d0.35_b_w20_seed1.txt,Set Covering,100,Restricted,20000,false,min,5,0.01590,na,na,22350,43648,400
set_covering_n100_m81_d0.35_b_w20_seed1.txt,Set Covering,100,Relaxed,500,false,min,5,0.01605,na,na,22350,43648,400
set_covering_n100_m81_d0.35_b_w20_seed1.txt,Set Covering,100,Relaxed,1000,false,min,5,0.01609,na,na,22350,43648,400
set_covering_n100_m81_d0.35_b_w20_seed1.txt,Set Covering,100,Relaxed,2000,false,min,5,0.01622,na,na,22350,43648,400
set_covering_n100_m81_d0.35_b_w20_seed1.txt,Set Covering,100,Relaxed,5000,false,min,5,0.01602,na,na,22350,43648,400
set_covering_n100_m81_d0.35_b_w20_seed1.txt,Set Covering,100,Relaxed,10000,false,min,5,0.01634,na,na,22350,43648,400
set_covering_n100_m81_d0.35_b_w20_seed1.txt,Set Covering,100,Relaxed,20000,false,min,5,0.01610,na,na,22350,43648,400
set_covering_n100_m81_d0.35_b_w20_seed2.txt,Set Covering,100,Exact,99999,false,min,5,0.01604,na,na,22350,43648,400
set_covering_n100_m81_d0.35_b_w20_seed2.txt,Set Covering,100,Restricted,500,false,min,5,0.01602,na,na,22350,43648,400
set_covering_n100_m81_d0.35_b_w20_seed2.txt,Set Covering,100,Restricted,1000,false,min,5,0.01610,na,na,22350,43648,400
set_covering_n100_m81_d0.35_b_w20_seed2.txt,Set Covering,100,Restricted,2000,false,min,5,0.01598,na,na,22350,43648,400
set_covering_n100_m81_d0.35_b_w20_seed2.txt,Set Covering,100,Restricted,5000,false,min,5,0.01613,na,na,22350,43648,400
set_covering_n100_m81_d0.35_b_w20_seed2.txt,Set Covering,100,Restricted,10000,false,min,5,0.01589,na,na,22350,43648,400
set_covering_n100_m81_d0.35_b_w20_seed2.txt,Set Covering,100,Restricted,20000,false,min,5,0.01588,na,na,22350,43648,400
set_covering_n100_m81_d0.35_b_w20_seed2.txt,Set Covering,100,Relaxed,500,false,min,5,0.01594,na,na,22350,43648,400
set_covering_n100_m81_d0.35_b_w20_seed2.txt,Set Covering,100,Relaxed,1000,false,min,5,0.01610,na,na,22350,43648,400
set_covering_n100_m81_d0.35_b_w20_seed2.txt,Set Covering,100,Relaxed,2000,false,min,5,0.01601,na,na,22350,43648,400
set_covering_n100_m81_d0.35_b_w20_seed2.txt,Set Covering,100,Relaxed,5000,false,min,5,0.01604,na,na,22350,43648,400
set_covering_n100_m81_d0.35_b_w20_seed2.txt,Set Covering,100,Relaxed,10000,false,min,5,0.01605,na,na,22350,43648,400
set_covering_n100_m81_d0.35_b_w20_seed2.txt,Set Covering,100,Relaxed,20000,false,min,5,0.01599,na,na,22350,43648,400
set_covering_n100_m81_d0.35_b_w20_seed3.txt,Set Covering,100,Exact,99999,false,min,5,0.01603,na,na,22350,43648,400
set_covering_n100_m81_d0.35_b_w20_seed3.txt,Set Covering,100,Restricted,500,false,min,5,0.01598,na,na,22350,43648,400
set_covering_n100_m81_d0.35_b_w20_seed3.txt,Set Covering,100,Restricted,1000,false,min,5,0.01609,na,na,22350,43648,400
set_covering_n100_m81_d0.35_b_w20_seed3.txt,Set Covering,100,Restricted,2000,false,min,5,0.01607,na,na,22350,43648,400
set_covering_n100_m81_d0.35_b_w20_seed3.txt,Set Covering,100,Restricted,5000,false,min,5,0.01617,na,na,22350,43648,400
set_covering_n100_m81_d0.35_b_w20_seed3.txt,Set Covering,100,Restricted,10000,false,min,5,0.01622,na,na,22350,43648,400
set_covering_n100_m81_d0.35_b_w20_seed3.txt,Set Covering,100,Restricted,20000,false,min,5,0.01613,na,na,22350,43648,400
set_covering_n100_m81_d0.35_b_w20_seed3.txt,Set Covering,100,Relaxed,500,false,min,5,0.01622,na,na,22350,43648,400
set_covering_n100_m81_d0.35_b_w20_seed3.txt,Set Covering,100,Relaxed,1000,false,min,5,0.01610,na,na,22350,43648,400
set_covering_n100_m81_d0.35_b_w20_seed3.txt,Set Covering,100,Relaxed,2000,false,min,5,0.01772,na,na,22350,43648,400
set_covering_n100_m81_d0.35_b_w20_seed3.txt,Set Covering,100,Relaxed,5000,false,min,5,0.01634,na,na,22350,43648,400
set_covering_n100_m81_d0.35_b_w20_seed3.txt,Set Covering,100,Relaxed,10000,false,min,5,0.01640,na,na,22350,43648,400
set_covering_n100_m81_d0.35_b_w20_seed3.txt,Set Covering,100,Relaxed,20000,false,min,5,0.01627,na,na,22350,43648,400
set_covering_n100_m81_d0.35_b_w20_seed4.txt,Set Covering,100,Exact,99999,false,min,5,0.01611,na,na,22350,43648,400
set_covering_n100_m81_d0.35_b_w20_seed4.txt,Set Covering,100,Restricted,500,false,min,5,0.01589,na,na,22350,43648,400
set_covering_n100_m81_d0.35_b_w20_seed4.txt,Set Covering,100,Restricted,1000,false,min,5,0.01614,na,na,22350,43648,400
set_covering_n100_m81_d0.35_b_w20_seed4.txt,Set Covering,100,Restricted,2000,false,min,5,0.01618,na,na,22350,43648,400
set_covering_n100_m81_d0.35_b_w20_seed4.txt,Set Covering,100,Restricted,5000,false,min,5,0.01623,na,na,22350,43648,400
set_covering_n100_m81_d0.35_b_w20_seed4.txt,Set Covering,100,Restricted,10000,false,min,5,0.01609,na,na,22350,43648,400
set_covering_n100_m81_d0.35_b_w20_seed4.txt,Set Covering,100,Restricted,20000,false,min,5,0.01622,na,na,22350,43648,400
set_covering_n100_m81_d0.35_b_w20_seed4.txt,Set Covering,100,Relaxed,500,false,min,5,0.01604,na,na,22350,43648,400
set_covering_n100_m81_d0.35_b_w20_seed4.txt,Set Covering,100,Relaxed,1000,false,min,5,0.01615,na,na,22350,43648,400
set_covering_n100_m81_d0.35_b_w20_seed4.txt,Set Covering,100,Relaxed,2000,false,min,5,0.01614,na,na,22350,43648,400
set_covering_n100_m81_d0.35_b_w20_seed4.txt,Set Covering,100,Relaxed,5000,false,min,5,0.01605,na,na,22350,43648,400
set_covering_n100_m81_d0.35_b_w20_seed4.txt,Set Covering,100,Relaxed,10000,false,min,5,0.01606,na,na,22350,43648,400
set_covering_n100_m81_d0.35_b_w20_seed4.txt,Set Covering,100,Relaxed,20000,false,min,5,0.01574,na,na,22350,43648,400
set_covering_n100_m81_d0.45_b_w20_seed1.txt,Set Covering,100,Exact,99999,false,min,5,0.01612,na,na,22350,43648,400
set_covering_n100_m81_d0.45_b_w20_seed1.txt,Set Covering,100,Restricted,500,false,min,5,0.01618,na,na,22350,43648,400
set_covering_n100_m81_d0.45_b_w20_seed1.txt,Set Covering,100,Restricted,1000,false,min,5,0.01615,na,na,22350,43648,400
set_covering_n100_m81_d0.45_b_w20_seed1.txt,Set Covering,100,Restricted,2000,false,min,5,0.01620,na,na,22350,43648,400
set_covering_n100_m81_d0.45_b_w20_seed1.txt,Set Covering,100,Restricted,5000,false,min,5,0.01633,na,na,22350,43648,400
set_covering_n100_m81_d0.45_b_w20_seed1.txt,Set Covering,100,Restricted,10000,false,min,5,0.01595,na,na,22350,43648,400
set_covering_n100_m81_d0.15_b_w20_seed2.txt,Set Covering,100,Exact,99999,false,min,7,295.97693,na,na,150871313,279681275,11420838
set_covering_n100_m81_d0.45_b_w20_seed1.txt,Set Covering,100,Restricted,20000,false,min,5,0.01618,na,na,22350,43648,400
set_covering_n100_m81_d0.45_b_w20_seed1.txt,Set Covering,100,Relaxed,500,false,min,5,0.01627,na,na,22350,43648,400
set_covering_n100_m81_d0.45_b_w20_seed1.txt,Set Covering,100,Relaxed,1000,false,min,5,0.01598,na,na,22350,43648,400
set_covering_n100_m81_d0.45_b_w20_seed1.txt,Set Covering,100,Relaxed,2000,false,min,5,0.01614,na,na,22350,43648,400
set_covering_n100_m81_d0.45_b_w20_seed1.txt,Set Covering,100,Relaxed,5000,false,min,5,0.01578,na,na,22350,43648,400
set_covering_n100_m81_d0.45_b_w20_seed1.txt,Set Covering,100,Relaxed,10000,false,min,5,0.01570,na,na,22350,43648,400
set_covering_n100_m81_d0.45_b_w20_seed1.txt,Set Covering,100,Relaxed,20000,false,min,5,0.01597,na,na,22350,43648,400
set_covering_n100_m81_d0.45_b_w20_seed2.txt,Set Covering,100,Exact,99999,false,min,5,0.01598,na,na,22350,43648,400
set_covering_n100_m81_d0.45_b_w20_seed2.txt,Set Covering,100,Restricted,500,false,min,5,0.01564,na,na,22350,43648,400
set_covering_n100_m81_d0.45_b_w20_seed2.txt,Set Covering,100,Restricted,1000,false,min,5,0.01562,na,na,22350,43648,400
set_covering_n100_m81_d0.45_b_w20_seed2.txt,Set Covering,100,Restricted,2000,false,min,5,0.01588,na,na,22350,43648,400
set_covering_n100_m81_d0.45_b_w20_seed2.txt,Set Covering,100,Restricted,5000,false,min,5,0.01577,na,na,22350,43648,400
set_covering_n100_m81_d0.45_b_w20_seed2.txt,Set Covering,100,Restricted,10000,false,min,5,0.01562,na,na,22350,43648,400
set_covering_n100_m81_d0.45_b_w20_seed2.txt,Set Covering,100,Restricted,20000,false,min,5,0.01518,na,na,22350,43648,400
set_covering_n100_m81_d0.45_b_w20_seed2.txt,Set Covering,100,Relaxed,500,false,min,5,0.01523,na,na,22350,43648,400
set_covering_n100_m81_d0.45_b_w20_seed2.txt,Set Covering,100,Relaxed,1000,false,min,5,0.01599,na,na,22350,43648,400
set_covering_n100_m81_d0.45_b_w20_seed2.txt,Set Covering,100,Relaxed,2000,false,min,5,0.01609,na,na,22350,43648,400
set_covering_n100_m81_d0.45_b_w20_seed2.txt,Set Covering,100,Relaxed,5000,false,min,5,0.01609,na,na,22350,43648,400
set_covering_n100_m81_d0.45_b_w20_seed2.txt,Set Covering,100,Relaxed,10000,false,min,5,0.01619,na,na,22350,43648,400
set_covering_n100_m81_d0.45_b_w20_seed2.txt,Set Covering,100,Relaxed,20000,false,min,5,0.01596,na,na,22350,43648,400
set_covering_n100_m81_d0.45_b_w20_seed3.txt,Set Covering,100,Exact,99999,false,min,5,0.01617,na,na,22350,43648,400
set_covering_n100_m81_d0.45_b_w20_seed3.txt,Set Covering,100,Restricted,500,false,min,5,0.01598,na,na,22350,43648,400
set_covering_n100_m81_d0.45_b_w20_seed3.txt,Set Covering,100,Restricted,1000,false,min,5,0.01585,na,na,22350,43648,400
set_covering_n100_m81_d0.45_b_w20_seed3.txt,Set Covering,100,Restricted,2000,false,min,5,0.01584,na,na,22350,43648,400
set_covering_n100_m81_d0.45_b_w20_seed3.txt,Set Covering,100,Restricted,5000,false,min,5,0.01508,na,na,22350,43648,400
set_covering_n100_m81_d0.45_b_w20_seed3.txt,Set Covering,100,Restricted,10000,false,min,5,0.01599,na,na,22350,43648,400
set_covering_n100_m81_d0.45_b_w20_seed3.txt,Set Covering,100,Restricted,20000,false,min,5,0.01599,na,na,22350,43648,400
set_covering_n100_m81_d0.45_b_w20_seed3.txt,Set Covering,100,Relaxed,500,false,min,5,0.01563,na,na,22350,43648,400
set_covering_n100_m81_d0.45_b_w20_seed3.txt,Set Covering,100,Relaxed,1000,false,min,5,0.01601,na,na,22350,43648,400
set_covering_n100_m81_d0.45_b_w20_seed3.txt,Set Covering,100,Relaxed,2000,false,min,5,0.01602,na,na,22350,43648,400
set_covering_n100_m81_d0.45_b_w20_seed3.txt,Set Covering,100,Relaxed,5000,false,min,5,0.01526,na,na,22350,43648,400
set_covering_n100_m81_d0.45_b_w20_seed3.txt,Set Covering,100,Relaxed,10000,false,min,5,0.01595,na,na,22350,43648,400
set_covering_n100_m81_d0.45_b_w20_seed3.txt,Set Covering,100,Relaxed,20000,false,min,5,0.01551,na,na,22350,43648,400
set_covering_n100_m81_d0.45_b_w20_seed4.txt,Set Covering,100,Exact,99999,false,min,5,0.01604,na,na,22350,43648,400
set_covering_n100_m81_d0.45_b_w20_seed4.txt,Set Covering,100,Restricted,500,false,min,5,0.01529,na,na,22350,43648,400
set_covering_n100_m81_d0.45_b_w20_seed4.txt,Set Covering,100,Restricted,1000,false,min,5,0.01677,na,na,22350,43648,400
set_covering_n100_m81_d0.45_b_w20_seed4.txt,Set Covering,100,Restricted,2000,false,min,5,0.01589,na,na,22350,43648,400
set_covering_n100_m81_d0.45_b_w20_seed4.txt,Set Covering,100,Restricted,5000,false,min,5,0.01555,na,na,22350,43648,400
set_covering_n100_m81_d0.45_b_w20_seed4.txt,Set Covering,100,Restricted,10000,false,min,5,0.01527,na,na,22350,43648,400
set_covering_n100_m81_d0.45_b_w20_seed4.txt,Set Covering,100,Restricted,20000,false,min,5,0.01589,na,na,22350,43648,400
set_covering_n100_m81_d0.45_b_w20_seed4.txt,Set Covering,100,Relaxed,500,false,min,5,0.01601,na,na,22350,43648,400
set_covering_n100_m81_d0.45_b_w20_seed4.txt,Set Covering,100,Relaxed,1000,false,min,5,0.01531,na,na,22350,43648,400
set_covering_n100_m81_d0.45_b_w20_seed4.txt,Set Covering,100,Relaxed,2000,false,min,5,0.01568,na,na,22350,43648,400
set_covering_n100_m81_d0.45_b_w20_seed4.txt,Set Covering,100,Relaxed,5000,false,min,5,0.01523,na,na,22350,43648,400
set_covering_n100_m81_d0.45_b_w20_seed4.txt,Set Covering,100,Relaxed,10000,false,min,5,0.01578,na,na,22350,43648,400
set_covering_n100_m81_d0.45_b_w20_seed4.txt,Set Covering,100,Relaxed,20000,false,min,5,0.01592,na,na,22350,43648,400
set_covering_n100_m84_d0.1_b_w17_seed1.txt,Set Covering,100,Restricted,500,false,min,13,0.03529,na,na,66096,71559,1000
set_covering_n100_m84_d0.1_b_w17_seed1.txt,Set Covering,100,Restricted,1000,false,min,13,0.06645,na,na,126927,138076,2000
set_covering_n100_m84_d0.1_b_w17_seed1.txt,Set Covering,100,Restricted,2000,false,min,12,0.14107,na,na,245805,268599,4000
set_covering_n100_m84_d0.1_b_w17_seed1.txt,Set Covering,100,Restricted,5000,false,min,12,0.43573,na,na,586136,644505,10000
set_covering_n100_m84_d0.1_b_w17_seed1.txt,Set Covering,100,Restricted,10000,false,min,12,1.09448,na,na,1117011,1238542,20000
set_covering_n100_m84_d0.1_b_w17_seed1.txt,Set Covering,100,Relaxed,500,false,min,4,0.04366,na,na,65978,99025,1001
set_covering_n100_m84_d0.1_b_w17_seed1.txt,Set Covering,100,Restricted,20000,false,min,12,2.67627,na,na,2154893,2418469,39979
set_covering_n100_m84_d0.1_b_w17_seed1.txt,Set Covering,100,Relaxed,1000,false,min,4,0.08644,na,na,127086,191071,2001
set_covering_n100_m84_d0.1_b_w17_seed1.txt,Set Covering,100,Relaxed,2000,false,min,4,0.18645,na,na,245861,370503,4001
set_covering_n100_m84_d0.1_b_w17_seed1.txt,Set Covering,100,Relaxed,5000,false,min,4,0.58068,na,na,586320,885475,10001
set_covering_n100_m84_d0.1_b_w17_seed1.txt,Set Covering,100,Relaxed,10000,false,min,5,1.39589,na,na,1117425,1695488,20001
set_covering_n100_m84_d0.1_b_w17_seed2.txt,Set Covering,100,Restricted,500,false,min,14,0.03353,na,na,61949,65552,1000
set_covering_n100_m84_d0.1_b_w17_seed1.txt,Set Covering,100,Relaxed,20000,false,min,5,3.42661,na,na,2154494,3294425,39978
set_covering_n100_m84_d0.1_b_w17_seed2.txt,Set Covering,100,Restricted,1000,false,min,13,0.06367,na,na,120045,128585,2000
set_covering_n100_m84_d0.1_b_w17_seed2.txt,Set Covering,100,Restricted,2000,false,min,13,0.13105,na,na,232359,250527,4000
set_covering_n100_m84_d0.1_b_w17_seed2.txt,Set Covering,100,Restricted,5000,false,min,13,0.42699,na,na,553020,601479,10000
set_covering_n100_m84_d0.1_b_w17_seed2.txt,Set Covering,100,Restricted,10000,false,min,13,1.09812,na,na,1057482,1163308,19999
set_covering_n100_m84_d0.1_b_w17_seed2.txt,Set Covering,100,Relaxed,500,false,min,2,0.04231,na,na,62390,93050,1001
set_covering_n100_m84_d0.1_b_w17_seed2.txt,Set Covering,100,Restricted,20000,false,min,12,2.76232,na,na,2029974,2268469,39992
set_covering_n100_m84_d0.1_b_w17_seed2.txt,Set Covering,100,Relaxed,1000,false,min,3,0.08149,na,na,120137,179788,2001
set_covering_n100_m84_d0.1_b_w17_seed2.txt,Set Covering,100,Relaxed,2000,false,min,3,0.17829,na,na,232606,348950,4001
set_covering_n100_m84_d0.1_b_w17_seed2.txt,Set Covering,100,Relaxed,5000,false,min,3,0.64690,na,na,552435,832808,10001
set_covering_n100_m84_d0.1_b_w17_seed2.txt,Set Covering,100,Relaxed,10000,false,min,4,1.42165,na,na,1058117,1604424,20000
set_covering_n100_m84_d0.1_b_w17_seed3.txt,Set Covering,100,Restricted,500,false,min,14,0.03505,na,na,64026,69502,1000
set_covering_n100_m84_d0.1_b_w17_seed2.txt,Set Covering,100,Relaxed,20000,false,min,4,3.49269,na,na,2031018,3109176,39995
set_covering_n100_m84_d0.1_b_w17_seed3.txt,Set Covering,100,Restricted,1000,false,min,14,0.06665,na,na,123819,134372,2000
set_covering_n100_m84_d0.1_b_w17_seed3.txt,Set Covering,100,Restricted,2000,false,min,14,0.14255,na,na,241551,262943,3992
set_covering_n100_m84_d0.1_b_w17_seed3.txt,Set Covering,100,Restricted,5000,false,min,14,0.46624,na,na,578812,635456,9972
set_covering_n100_m84_d0.1_b_w17_seed3.txt,Set Covering,100,Restricted,10000,false,min,13,1.16746,na,na,1123282,1254593,19941
set_covering_n100_m84_d0.1_b_w17_seed3.txt,Set Covering,100,Relaxed,500,false,min,2,0.04505,na,na,65009,98252,1001
set_covering_n100_m84_d0.1_b_w17_seed3.txt,Set Covering,100,Restricted,20000,false,min,13,2.87219,na,na,2168744,2440578,39771
set_covering_n100_m84_d0.1_b_w17_seed3.txt,Set Covering,100,Relaxed,1000,false,min,3,0.08661,na,na,124019,186682,1999
set_covering_n100_m84_d0.1_b_w17_seed3.txt,Set Covering,100,Relaxed,2000,false,min,3,0.18483,na,na,241949,363292,3992
set_covering_n100_m84_d0.1_b_w17_seed3.txt,Set Covering,100,Relaxed,5000,false,min,3,0.57104,na,na,579259,873338,9970
set_covering_n100_m84_d0.1_b_w17_seed3.txt,Set Covering,100,Relaxed,10000,false,min,4,1.43034,na,na,1122582,1710976,19941
set_covering_n100_m84_d0.1_b_w17_seed3.txt,Set Covering,100,Relaxed,20000,false,min,4,3.63998,na,na,2168563,3317164,39764
set_covering_n100_m84_d0.1_b_w17_seed4.txt,Set Covering,100,Restricted,500,false,min,14,0.03362,na,na,63447,66557,1000
set_covering_n100_m84_d0.1_b_w17_seed4.txt,Set Covering,100,Restricted,1000,false,min,14,0.06494,na,na,123215,129320,2000
set_covering_n100_m84_d0.1_b_w17_seed4.txt,Set Covering,100,Restricted,2000,false,min,14,0.13848,na,na,237890,251020,4000
set_covering_n100_m84_d0.1_b_w17_seed4.txt,Set Covering,100,Restricted,5000,false,min,14,0.45605,na,na,569171,605336,10000
set_covering_n100_m84_d0.1_b_w17_seed4.txt,Set Covering,100,Restricted,10000,false,min,13,1.14560,na,na,1103629,1181380,20000
set_covering_n100_m84_d0.1_b_w17_seed4.txt,Set Covering,100,Restricted,20000,false,min,13,3.03207,na,na,2133300,2311256,39899
set_covering_n100_m84_d0.1_b_w17_seed4.txt,Set Covering,100,Relaxed,500,false,min,2,0.04329,na,na,63573,94444,1001
set_covering_n100_m84_d0.1_b_w17_seed4.txt,Set Covering,100,Relaxed,1000,false,min,3,0.08322,na,na,123153,182333,2001
set_covering_n100_m84_d0.1_b_w17_seed4.txt,Set Covering,100,Relaxed,2000,false,min,3,0.17929,na,na,237859,353208,4001
set_covering_n100_m84_d0.1_b_w17_seed4.txt,Set Covering,100,Relaxed,5000,false,min,3,0.57385,na,na,569334,848819,10001
set_covering_n100_m84_d0.1_b_w17_seed4.txt,Set Covering,100,Relaxed,10000,false,min,3,1.46828,na,na,1104071,1652217,20001
set_covering_n100_m84_d0.1_b_w17_seed4.txt,Set Covering,100,Relaxed,20000,false,min,4,3.62839,na,na,2134050,3217349,39925
set_covering_n100_m84_d0.2_b_w17_seed1.txt,Set Covering,100,Exact,99999,false,min,5,0.01332,na,na,18173,35324,289
set_covering_n100_m84_d0.2_b_w17_seed1.txt,Set Covering,100,Restricted,500,false,min,5,0.01351,na,na,18173,35324,289
set_covering_n100_m84_d0.2_b_w17_seed1.txt,Set Covering,100,Restricted,1000,false,min,5,0.01344,na,na,18173,35324,289
set_covering_n100_m84_d0.2_b_w17_seed1.txt,Set Covering,100,Restricted,2000,false,min,5,0.01339,na,na,18173,35324,289
set_covering_n100_m84_d0.2_b_w17_seed1.txt,Set Covering,100,Restricted,5000,false,min,5,0.01346,na,na,18173,35324,289
set_covering_n100_m84_d0.2_b_w17_seed1.txt,Set Covering,100,Restricted,10000,false,min,5,0.01405,na,na,18173,35324,289
set_covering_n100_m84_d0.2_b_w17_seed1.txt,Set Covering,100,Restricted,20000,false,min,5,0.01387,na,na,18173,35324,289
set_covering_n100_m84_d0.2_b_w17_seed1.txt,Set Covering,100,Relaxed,500,false,min,5,0.01335,na,na,18173,35324,289
set_covering_n100_m84_d0.2_b_w17_seed1.txt,Set Covering,100,Relaxed,1000,false,min,5,0.01338,na,na,18173,35324,289
set_covering_n100_m84_d0.2_b_w17_seed1.txt,Set Covering,100,Relaxed,2000,false,min,5,0.01348,na,na,18173,35324,289
set_covering_n100_m84_d0.2_b_w17_seed1.txt,Set Covering,100,Relaxed,5000,false,min,5,0.01340,na,na,18173,35324,289
set_covering_n100_m84_d0.2_b_w17_seed1.txt,Set Covering,100,Relaxed,10000,false,min,5,0.01342,na,na,18173,35324,289
set_covering_n100_m84_d0.2_b_w17_seed1.txt,Set Covering,100,Relaxed,20000,false,min,5,0.01344,na,na,18173,35324,289
set_covering_n100_m84_d0.2_b_w17_seed2.txt,Set Covering,100,Exact,99999,false,min,5,0.01350,na,na,18173,35324,289
set_covering_n100_m84_d0.2_b_w17_seed2.txt,Set Covering,100,Restricted,500,false,min,5,0.01334,na,na,18173,35324,289
set_covering_n100_m84_d0.2_b_w17_seed2.txt,Set Covering,100,Restricted,1000,false,min,5,0.01342,na,na,18173,35324,289
set_covering_n100_m84_d0.2_b_w17_seed2.txt,Set Covering,100,Restricted,2000,false,min,5,0.01339,na,na,18173,35324,289
set_covering_n100_m84_d0.2_b_w17_seed2.txt,Set Covering,100,Restricted,5000,false,min,5,0.01345,na,na,18173,35324,289
set_covering_n100_m84_d0.2_b_w17_seed2.txt,Set Covering,100,Restricted,10000,false,min,5,0.01335,na,na,18173,35324,289
set_covering_n100_m84_d0.2_b_w17_seed2.txt,Set Covering,100,Restricted,20000,false,min,5,0.01342,na,na,18173,35324,289
set_covering_n100_m84_d0.2_b_w17_seed2.txt,Set Covering,100,Relaxed,500,false,min,5,0.01351,na,na,18173,35324,289
set_covering_n100_m84_d0.2_b_w17_seed2.txt,Set Covering,100,Relaxed,1000,false,min,5,0.01348,na,na,18173,35324,289
set_covering_n100_m84_d0.2_b_w17_seed2.txt,Set Covering,100,Relaxed,2000,false,min,5,0.01347,na,na,18173,35324,289
set_covering_n100_m84_d0.2_b_w17_seed2.txt,Set Covering,100,Relaxed,5000,false,min,5,0.01349,na,na,18173,35324,289
set_covering_n100_m84_d0.2_b_w17_seed2.txt,Set Covering,100,Relaxed,10000,false,min,5,0.01362,na,na,18173,35324,289
set_covering_n100_m84_d0.2_b_w17_seed2.txt,Set Covering,100,Relaxed,20000,false,min,5,0.01350,na,na,18173,35324,289
set_covering_n100_m84_d0.2_b_w17_seed3.txt,Set Covering,100,Exact,99999,false,min,5,0.01342,na,na,18173,35324,289
set_covering_n100_m84_d0.2_b_w17_seed3.txt,Set Covering,100,Restricted,500,false,min,5,0.01338,na,na,18173,35324,289
set_covering_n100_m84_d0.2_b_w17_seed3.txt,Set Covering,100,Restricted,1000,false,min,5,0.01348,na,na,18173,35324,289
set_covering_n100_m84_d0.2_b_w17_seed3.txt,Set Covering,100,Restricted,2000,false,min,5,0.01348,na,na,18173,35324,289
set_covering_n100_m84_d0.2_b_w17_seed3.txt,Set Covering,100,Restricted,5000,false,min,5,0.01495,na,na,18173,35324,289
set_covering_n100_m84_d0.2_b_w17_seed3.txt,Set Covering,100,Restricted,10000,false,min,5,0.01353,na,na,18173,35324,289
set_covering_n100_m84_d0.2_b_w17_seed3.txt,Set Covering,100,Restricted,20000,false,min,5,0.01340,na,na,18173,35324,289
set_covering_n100_m84_d0.2_b_w17_seed3.txt,Set Covering,100,Relaxed,500,false,min,5,0.01362,na,na,18173,35324,289
set_covering_n100_m84_d0.2_b_w17_seed3.txt,Set Covering,100,Relaxed,1000,false,min,5,0.01360,na,na,18173,35324,289
set_covering_n100_m84_d0.2_b_w17_seed3.txt,Set Covering,100,Relaxed,2000,false,min,5,0.01342,na,na,18173,35324,289
set_covering_n100_m84_d0.2_b_w17_seed3.txt,Set Covering,100,Relaxed,5000,false,min,5,0.01345,na,na,18173,35324,289
set_covering_n100_m84_d0.2_b_w17_seed3.txt,Set Covering,100,Relaxed,10000,false,min,5,0.01352,na,na,18173,35324,289
set_covering_n100_m84_d0.2_b_w17_seed3.txt,Set Covering,100,Relaxed,20000,false,min,5,0.01391,na,na,18173,35324,289
set_covering_n100_m84_d0.2_b_w17_seed4.txt,Set Covering,100,Exact,99999,false,min,5,0.01348,na,na,18173,35324,289
set_covering_n100_m84_d0.2_b_w17_seed4.txt,Set Covering,100,Restricted,500,false,min,5,0.01364,na,na,18173,35324,289
set_covering_n100_m84_d0.2_b_w17_seed4.txt,Set Covering,100,Restricted,1000,false,min,5,0.01349,na,na,18173,35324,289
set_covering_n100_m84_d0.2_b_w17_seed4.txt,Set Covering,100,Restricted,2000,false,min,5,0.01345,na,na,18173,35324,289
set_covering_n100_m84_d0.2_b_w17_seed4.txt,Set Covering,100,Restricted,5000,false,min,5,0.01344,na,na,18173,35324,289
set_covering_n100_m84_d0.2_b_w17_seed4.txt,Set Covering,100,Restricted,10000,false,min,5,0.01365,na,na,18173,35324,289
set_covering_n100_m84_d0.2_b_w17_seed4.txt,Set Covering,100,Restricted,20000,false,min,5,0.01356,na,na,18173,35324,289
set_covering_n100_m84_d0.2_b_w17_seed4.txt,Set Covering,100,Relaxed,500,false,min,5,0.01350,na,na,18173,35324,289
set_covering_n100_m84_d0.2_b_w17_seed4.txt,Set Covering,100,Relaxed,1000,false,min,5,0.01343,na,na,18173,35324,289
set_covering_n100_m84_d0.2_b_w17_seed4.txt,Set Covering,100,Relaxed,2000,false,min,5,0.01342,na,na,18173,35324,289
set_covering_n100_m84_d0.2_b_w17_seed4.txt,Set Covering,100,Relaxed,5000,false,min,5,0.01339,na,na,18173,35324,289
set_covering_n100_m84_d0.2_b_w17_seed4.txt,Set Covering,100,Relaxed,10000,false,min,5,0.01346,na,na,18173,35324,289
set_covering_n100_m84_d0.2_b_w17_seed4.txt,Set Covering,100,Relaxed,20000,false,min,5,0.01348,na,na,18173,35324,289
set_covering_n100_m84_d0.3_b_w17_seed1.txt,Set Covering,100,Exact,99999,false,min,5,0.01346,na,na,18173,35324,289
set_covering_n100_m84_d0.3_b_w17_seed1.txt,Set Covering,100,Restricted,500,false,min,5,0.01353,na,na,18173,35324,289
set_covering_n100_m84_d0.3_b_w17_seed1.txt,Set Covering,100,Restricted,1000,false,min,5,0.01346,na,na,18173,35324,289
set_covering_n100_m84_d0.3_b_w17_seed1.txt,Set Covering,100,Restricted,2000,false,min,5,0.01353,na,na,18173,35324,289
set_covering_n100_m84_d0.3_b_w17_seed1.txt,Set Covering,100,Restricted,5000,false,min,5,0.01346,na,na,18173,35324,289
set_covering_n100_m84_d0.3_b_w17_seed1.txt,Set Covering,100,Restricted,10000,false,min,5,0.01368,na,na,18173,35324,289
set_covering_n100_m84_d0.3_b_w17_seed1.txt,Set Covering,100,Restricted,20000,false,min,5,0.01333,na,na,18173,35324,289
set_covering_n100_m84_d0.3_b_w17_seed1.txt,Set Covering,100,Relaxed,500,false,min,5,0.01335,na,na,18173,35324,289
set_covering_n100_m84_d0.3_b_w17_seed1.txt,Set Covering,100,Relaxed,1000,false,min,5,0.01336,na,na,18173,35324,289
set_covering_n100_m84_d0.3_b_w17_seed1.txt,Set Covering,100,Relaxed,2000,false,min,5,0.01335,na,na,18173,35324,289
set_covering_n100_m84_d0.3_b_w17_seed1.txt,Set Covering,100,Relaxed,5000,false,min,5,0.01335,na,na,18173,35324,289
set_covering_n100_m84_d0.3_b_w17_seed1.txt,Set Covering,100,Relaxed,10000,false,min,5,0.01324,na,na,18173,35324,289
set_covering_n100_m84_d0.3_b_w17_seed1.txt,Set Covering,100,Relaxed,20000,false,min,5,0.01333,na,na,18173,35324,289
set_covering_n100_m84_d0.3_b_w17_seed2.txt,Set Covering,100,Exact,99999,false,min,5,0.01355,na,na,18173,35324,289
set_covering_n100_m84_d0.3_b_w17_seed2.txt,Set Covering,100,Restricted,500,false,min,5,0.01352,na,na,18173,35324,289
set_covering_n100_m84_d0.3_b_w17_seed2.txt,Set Covering,100,Restricted,1000,false,min,5,0.01329,na,na,18173,35324,289
set_covering_n100_m84_d0.3_b_w17_seed2.txt,Set Covering,100,Restricted,2000,false,min,5,0.01334,na,na,18173,35324,289
set_covering_n100_m84_d0.3_b_w17_seed2.txt,Set Covering,100,Restricted,5000,false,min,5,0.01322,na,na,18173,35324,289
set_covering_n100_m84_d0.3_b_w17_seed2.txt,Set Covering,100,Restricted,10000,false,min,5,0.01327,na,na,18173,35324,289
set_covering_n100_m84_d0.3_b_w17_seed2.txt,Set Covering,100,Restricted,20000,false,min,5,0.01354,na,na,18173,35324,289
set_covering_n100_m84_d0.3_b_w17_seed2.txt,Set Covering,100,Relaxed,500,false,min,5,0.01336,na,na,18173,35324,289
set_covering_n100_m84_d0.3_b_w17_seed2.txt,Set Covering,100,Relaxed,1000,false,min,5,0.01398,na,na,18173,35324,289
set_covering_n100_m84_d0.3_b_w17_seed2.txt,Set Covering,100,Relaxed,2000,false,min,5,0.01348,na,na,18173,35324,289
set_covering_n100_m84_d0.3_b_w17_seed2.txt,Set Covering,100,Relaxed,5000,false,min,5,0.01347,na,na,18173,35324,289
set_covering_n100_m84_d0.3_b_w17_seed2.txt,Set Covering,100,Relaxed,10000,false,min,5,0.01364,na,na,18173,35324,289
set_covering_n100_m84_d0.3_b_w17_seed2.txt,Set Covering,100,Relaxed,20000,false,min,5,0.01361,na,na,18173,35324,289
set_covering_n100_m84_d0.3_b_w17_seed3.txt,Set Covering,100,Exact,99999,false,min,5,0.01440,na,na,18173,35324,289
set_covering_n100_m84_d0.3_b_w17_seed3.txt,Set Covering,100,Restricted,500,false,min,5,0.01350,na,na,18173,35324,289
set_covering_n100_m84_d0.3_b_w17_seed3.txt,Set Covering,100,Restricted,1000,false,min,5,0.01353,na,na,18173,35324,289
set_covering_n100_m84_d0.3_b_w17_seed3.txt,Set Covering,100,Restricted,2000,false,min,5,0.01367,na,na,18173,35324,289
set_covering_n100_m84_d0.3_b_w17_seed3.txt,Set Covering,100,Restricted,5000,false,min,5,0.01361,na,na,18173,35324,289
set_covering_n100_m84_d0.3_b_w17_seed3.txt,Set Covering,100,Restricted,10000,false,min,5,0.01358,na,na,18173,35324,289
set_covering_n100_m84_d0.3_b_w17_seed3.txt,Set Covering,100,Restricted,20000,false,min,5,0.01346,na,na,18173,35324,289
set_covering_n100_m84_d0.3_b_w17_seed3.txt,Set Covering,100,Relaxed,500,false,min,5,0.01344,na,na,18173,35324,289
set_covering_n100_m84_d0.3_b_w17_seed3.txt,Set Covering,100,Relaxed,1000,false,min,5,0.01321,na,na,18173,35324,289
set_covering_n100_m84_d0.3_b_w17_seed3.txt,Set Covering,100,Relaxed,2000,false,min,5,0.01350,na,na,18173,35324,289
set_covering_n100_m84_d0.3_b_w17_seed3.txt,Set Covering,100,Relaxed,5000,false,min,5,0.01339,na,na,18173,35324,289
set_covering_n100_m84_d0.3_b_w17_seed3.txt,Set Covering,100,Relaxed,10000,false,min,5,0.01321,na,na,18173,35324,289
set_covering_n100_m84_d0.3_b_w17_seed3.txt,Set Covering,100,Relaxed,20000,false,min,5,0.01317,na,na,18173,35324,289
set_covering_n100_m84_d0.3_b_w17_seed4.txt,Set Covering,100,Exact,99999,false,min,5,0.01314,na,na,18173,35324,289
set_covering_n100_m84_d0.3_b_w17_seed4.txt,Set Covering,100,Restricted,500,false,min,5,0.01317,na,na,18173,35324,289
set_covering_n100_m84_d0.3_b_w17_seed4.txt,Set Covering,100,Restricted,1000,false,min,5,0.01313,na,na,18173,35324,289
set_covering_n100_m84_d0.3_b_w17_seed4.txt,Set Covering,100,Restricted,2000,false,min,5,0.01335,na,na,18173,35324,289
set_covering_n100_m84_d0.3_b_w17_seed4.txt,Set Covering,100,Restricted,5000,false,min,5,0.01328,na,na,18173,35324,289
set_covering_n100_m84_d0.3_b_w17_seed4.txt,Set Covering,100,Restricted,10000,false,min,5,0.01362,na,na,18173,35324,289
set_covering_n100_m84_d0.3_b_w17_seed4.txt,Set Covering,100,Restricted,20000,false,min,5,0.01325,na,na,18173,35324,289
set_covering_n100_m84_d0.3_b_w17_seed4.txt,Set Covering,100,Relaxed,500,false,min,5,0.01389,na,na,18173,35324,289
set_covering_n100_m84_d0.3_b_w17_seed4.txt,Set Covering,100,Relaxed,1000,false,min,5,0.01337,na,na,18173,35324,289
set_covering_n100_m84_d0.3_b_w17_seed4.txt,Set Covering,100,Relaxed,2000,false,min,5,0.01344,na,na,18173,35324,289
set_covering_n100_m84_d0.3_b_w17_seed4.txt,Set Covering,100,Relaxed,5000,false,min,5,0.01295,na,na,18173,35324,289
set_covering_n100_m84_d0.3_b_w17_seed4.txt,Set Covering,100,Relaxed,10000,false,min,5,0.01322,na,na,18173,35324,289
set_covering_n100_m84_d0.3_b_w17_seed4.txt,Set Covering,100,Relaxed,20000,false,min,5,0.01302,na,na,18173,35324,289
set_covering_n100_m84_d0.4_b_w17_seed1.txt,Set Covering,100,Exact,99999,false,min,5,0.01355,na,na,18173,35324,289
set_covering_n100_m84_d0.4_b_w17_seed1.txt,Set Covering,100,Restricted,500,false,min,5,0.01325,na,na,18173,35324,289
set_covering_n100_m84_d0.4_b_w17_seed1.txt,Set Covering,100,Restricted,1000,false,min,5,0.01332,na,na,18173,35324,289
set_covering_n100_m84_d0.4_b_w17_seed1.txt,Set Covering,100,Restricted,2000,false,min,5,0.01427,na,na,18173,35324,289
set_covering_n100_m84_d0.4_b_w17_seed1.txt,Set Covering,100,Restricted,5000,false,min,5,0.01343,na,na,18173,35324,289
set_covering_n100_m84_d0.4_b_w17_seed1.txt,Set Covering,100,Restricted,10000,false,min,5,0.01324,na,na,18173,35324,289
set_covering_n100_m84_d0.4_b_w17_seed1.txt,Set Covering,100,Restricted,20000,false,min,5,0.01323,na,na,18173,35324,289
set_covering_n100_m84_d0.4_b_w17_seed1.txt,Set Covering,100,Relaxed,500,false,min,5,0.01316,na,na,18173,35324,289
set_covering_n100_m84_d0.4_b_w17_seed1.txt,Set Covering,100,Relaxed,1000,false,min,5,0.01308,na,na,18173,35324,289
set_covering_n100_m84_d0.4_b_w17_seed1.txt,Set Covering,100,Relaxed,2000,false,min,5,0.01340,na,na,18173,35324,289
set_covering_n100_m84_d0.4_b_w17_seed1.txt,Set Covering,100,Relaxed,5000,false,min,5,0.01304,na,na,18173,35324,289
set_covering_n100_m84_d0.4_b_w17_seed1.txt,Set Covering,100,Relaxed,10000,false,min,5,0.01304,na,na,18173,35324,289
set_covering_n100_m84_d0.4_b_w17_seed1.txt,Set Covering,100,Relaxed,20000,false,min,5,0.01307,na,na,18173,35324,289
set_covering_n100_m84_d0.4_b_w17_seed2.txt,Set Covering,100,Exact,99999,false,min,5,0.01321,na,na,18173,35324,289
set_covering_n100_m84_d0.4_b_w17_seed2.txt,Set Covering,100,Restricted,500,false,min,5,0.01303,na,na,18173,35324,289
set_covering_n100_m84_d0.4_b_w17_seed2.txt,Set Covering,100,Restricted,1000,false,min,5,0.01270,na,na,18173,35324,289
set_covering_n100_m84_d0.4_b_w17_seed2.txt,Set Covering,100,Restricted,2000,false,min,5,0.01320,na,na,18173,35324,289
set_covering_n100_m84_d0.4_b_w17_seed2.txt,Set Covering,100,Restricted,5000,false,min,5,0.01349,na,na,18173,35324,289
set_covering_n100_m84_d0.4_b_w17_seed2.txt,Set Covering,100,Restricted,10000,false,min,5,0.01283,na,na,18173,35324,289
set_covering_n100_m84_d0.4_b_w17_seed2.txt,Set Covering,100,Restricted,20000,false,min,5,0.01283,na,na,18173,35324,289
set_covering_n100_m84_d0.4_b_w17_seed2.txt,Set Covering,100,Relaxed,500,false,min,5,0.01265,na,na,18173,35324,289
set_covering_n100_m84_d0.4_b_w17_seed2.txt,Set Covering,100,Relaxed,1000,false,min,5,0.01262,na,na,18173,35324,289
set_covering_n100_m84_d0.4_b_w17_seed2.txt,Set Covering,100,Relaxed,2000,false,min,5,0.01263,na,na,18173,35324,289
set_covering_n100_m84_d0.4_b_w17_seed2.txt,Set Covering,100,Relaxed,5000,false,min,5,0.01303,na,na,18173,35324,289
set_covering_n100_m84_d0.4_b_w17_seed2.txt,Set Covering,100,Relaxed,10000,false,min,5,0.01298,na,na,18173,35324,289
set_covering_n100_m84_d0.4_b_w17_seed2.txt,Set Covering,100,Relaxed,20000,false,min,5,0.01277,na,na,18173,35324,289
set_covering_n100_m84_d0.4_b_w17_seed3.txt,Set Covering,100,Exact,99999,false,min,5,0.01309,na,na,18173,35324,289
set_covering_n100_m84_d0.4_b_w17_seed3.txt,Set Covering,100,Restricted,500,false,min,5,0.01286,na,na,18173,35324,289
set_covering_n100_m84_d0.4_b_w17_seed3.txt,Set Covering,100,Restricted,1000,false,min,5,0.01281,na,na,18173,35324,289
set_covering_n100_m84_d0.4_b_w17_seed3.txt,Set Covering,100,Restricted,2000,false,min,5,0.01271,na,na,18173,35324,289
set_covering_n100_m84_d0.4_b_w17_seed3.txt,Set Covering,100,Restricted,5000,false,min,5,0.01266,na,na,18173,35324,289
set_covering_n100_m84_d0.4_b_w17_seed3.txt,Set Covering,100,Restricted,10000,false,min,5,0.01272,na,na,18173,35324,289
set_covering_n100_m84_d0.4_b_w17_seed3.txt,Set Covering,100,Restricted,20000,false,min,5,0.01246,na,na,18173,35324,289
set_covering_n100_m84_d0.4_b_w17_seed3.txt,Set Covering,100,Relaxed,500,false,min,5,0.01246,na,na,18173,35324,289
set_covering_n100_m84_d0.4_b_w17_seed3.txt,Set Covering,100,Relaxed,1000,false,min,5,0.01270,na,na,18173,35324,289
set_covering_n100_m84_d0.4_b_w17_seed3.txt,Set Covering,100,Relaxed,2000,false,min,5,0.01260,na,na,18173,35324,289
set_covering_n100_m84_d0.4_b_w17_seed3.txt,Set Covering,100,Relaxed,5000,false,min,5,0.01250,na,na,18173,35324,289
set_covering_n100_m84_d0.4_b_w17_seed3.txt,Set Covering,100,Relaxed,10000,false,min,5,0.01250,na,na,18173,35324,289
set_covering_n100_m84_d0.4_b_w17_seed3.txt,Set Covering,100,Relaxed,20000,false,min,5,0.01229,na,na,18173,35324,289
set_covering_n100_m84_d0.4_b_w17_seed4.txt,Set Covering,100,Exact,99999,false,min,5,0.01258,na,na,18173,35324,289
set_covering_n100_m84_d0.4_b_w17_seed4.txt,Set Covering,100,Restricted,500,false,min,5,0.01188,na,na,18173,35324,289
set_covering_n100_m84_d0.4_b_w17_seed4.txt,Set Covering,100,Restricted,1000,false,min,5,0.01237,na,na,18173,35324,289
set_covering_n100_m84_d0.4_b_w17_seed4.txt,Set Covering,100,Restricted,2000,false,min,5,0.01243,na,na,18173,35324,289
set_covering_n100_m84_d0.4_b_w17_seed4.txt,Set Covering,100,Restricted,5000,false,min,5,0.01218,na,na,18173,35324,289
set_covering_n100_m84_d0.4_b_w17_seed4.txt,Set Covering,100,Restricted,10000,false,min,5,0.01231,na,na,18173,35324,289
set_covering_n100_m84_d0.4_b_w17_seed4.txt,Set Covering,100,Restricted,20000,false,min,5,0.01229,na,na,18173,35324,289
set_covering_n100_m84_d0.4_b_w17_seed4.txt,Set Covering,100,Relaxed,500,false,min,5,0.01252,na,na,18173,35324,289
set_covering_n100_m84_d0.4_b_w17_seed4.txt,Set Covering,100,Relaxed,1000,false,min,5,0.01253,na,na,18173,35324,289
set_covering_n100_m84_d0.4_b_w17_seed4.txt,Set Covering,100,Relaxed,2000,false,min,5,0.01250,na,na,18173,35324,289
set_covering_n100_m84_d0.4_b_w17_seed4.txt,Set Covering,100,Relaxed,5000,false,min,5,0.01219,na,na,18173,35324,289
set_covering_n100_m84_d0.4_b_w17_seed4.txt,Set Covering,100,Relaxed,10000,false,min,5,0.01225,na,na,18173,35324,289
set_covering_n100_m84_d0.4_b_w17_seed4.txt,Set Covering,100,Relaxed,20000,false,min,5,0.01243,na,na,18173,35324,289
set_covering_n100_m84_d0.05_b_w17_seed1.txt,Set Covering,100,Restricted,500,false,min,27,0.02482,na,na,51178,54262,1000
set_covering_n100_m84_d0.05_b_w17_seed1.txt,Set Covering,100,Restricted,1000,false,min,26,0.04980,na,na,104298,111720,2000
set_covering_n100_m84_d0.05_b_w17_seed1.txt,Set Covering,100,Restricted,2000,false,min,25,0.10317,na,na,201462,214743,4000
set_covering_n100_m84_d0.05_b_w17_seed1.txt,Set Covering,100,Restricted,5000,false,min,24,0.33595,na,na,475796,504651,10000
set_covering_n100_m84_d0.05_b_w17_seed1.txt,Set Covering,100,Restricted,10000,false,min,24,0.88905,na,na,934657,993309,19998
set_covering_n100_m84_d0.05_b_w17_seed1.txt,Set Covering,100,Relaxed,500,false,min,6,0.03068,na,na,47061,73146,1001
set_covering_n100_m84_d0.05_b_w17_seed1.txt,Set Covering,100,Relaxed,1000,false,min,6,0.06423,na,na,99513,147742,2001
set_covering_n100_m84_d0.05_b_w17_seed1.txt,Set Covering,100,Restricted,20000,false,min,23,2.39005,na,na,1810951,1931117,39997
set_covering_n100_m84_d0.05_b_w17_seed1.txt,Set Covering,100,Relaxed,2000,false,min,6,0.14007,na,na,201428,288404,4001
set_covering_n100_m84_d0.05_b_w17_seed1.txt,Set Covering,100,Relaxed,5000,false,min,7,0.44759,na,na,472297,678187,10001
set_covering_n100_m84_d0.05_b_w17_seed1.txt,Set Covering,100,Relaxed,10000,false,min,7,1.11701,na,na,934624,1339151,19998
set_covering_n100_m84_d0.5_b_w17_seed1.txt,Set Covering,100,Exact,99999,false,min,5,0.01276,na,na,18173,35324,289
set_covering_n100_m84_d0.05_b_w17_seed1.txt,Set Covering,100,Relaxed,20000,false,min,8,2.69818,na,na,1810112,2598695,39998
set_covering_n100_m84_d0.5_b_w17_seed1.txt,Set Covering,100,Restricted,500,false,min,5,0.01234,na,na,18173,35324,289
set_covering_n100_m84_d0.5_b_w17_seed1.txt,Set Covering,100,Restricted,1000,false,min,5,0.01221,na,na,18173,35324,289
set_covering_n100_m84_d0.5_b_w17_seed1.txt,Set Covering,100,Restricted,2000,false,min,5,0.01273,na,na,18173,35324,289
set_covering_n100_m84_d0.5_b_w17_seed1.txt,Set Covering,100,Restricted,5000,false,min,5,0.01262,na,na,18173,35324,289
set_covering_n100_m84_d0.5_b_w17_seed1.txt,Set Covering,100,Restricted,10000,false,min,5,0.01214,na,na,18173,35324,289
set_covering_n100_m84_d0.5_b_w17_seed1.txt,Set Covering,100,Restricted,20000,false,min,5,0.01220,na,na,18173,35324,289
set_covering_n100_m84_d0.5_b_w17_seed1.txt,Set Covering,100,Relaxed,500,false,min,5,0.01226,na,na,18173,35324,289
set_covering_n100_m84_d0.5_b_w17_seed1.txt,Set Covering,100,Relaxed,1000,false,min,5,0.01233,na,na,18173,35324,289
set_covering_n100_m84_d0.5_b_w17_seed1.txt,Set Covering,100,Relaxed,2000,false,min,5,0.01253,na,na,18173,35324,289
set_covering_n100_m84_d0.5_b_w17_seed1.txt,Set Covering,100,Relaxed,5000,false,min,5,0.01253,na,na,18173,35324,289
set_covering_n100_m84_d0.5_b_w17_seed1.txt,Set Covering,100,Relaxed,10000,false,min,5,0.01232,na,na,18173,35324,289
set_covering_n100_m84_d0.5_b_w17_seed1.txt,Set Covering,100,Relaxed,20000,false,min,5,0.01241,na,na,18173,35324,289
set_covering_n100_m84_d0.05_b_w17_seed2.txt,Set Covering,100,Restricted,500,false,min,25,0.02790,na,na,55770,60699,1000
set_covering_n100_m84_d0.05_b_w17_seed2.txt,Set Covering,100,Restricted,1000,false,min,25,0.05352,na,na,106327,116439,2000
set_covering_n100_m84_d0.05_b_w17_seed2.txt,Set Covering,100,Restricted,2000,false,min,24,0.10893,na,na,203606,224418,4000
set_covering_n100_m84_d0.05_b_w17_seed2.txt,Set Covering,100,Restricted,5000,false,min,23,0.35159,na,na,495383,548813,10000
set_covering_n100_m84_d0.05_b_w17_seed2.txt,Set Covering,100,Restricted,10000,false,min,23,0.88723,na,na,940904,1046861,20000
set_covering_n100_m84_d0.05_b_w17_seed2.txt,Set Covering,100,Relaxed,500,false,min,5,0.03485,na,na,54998,81648,1001
set_covering_n100_m84_d0.05_b_w17_seed2.txt,Set Covering,100,Restricted,20000,false,min,23,2.15568,na,na,1803588,2016238,40000
set_covering_n100_m84_d0.05_b_w17_seed2.txt,Set Covering,100,Relaxed,1000,false,min,5,0.06937,na,na,106424,156323,2001
set_covering_n100_m84_d0.05_b_w17_seed2.txt,Set Covering,100,Relaxed,2000,false,min,6,0.14502,na,na,205398,298834,4001
set_covering_n100_m84_d0.05_b_w17_seed2.txt,Set Covering,100,Relaxed,5000,false,min,6,0.44783,na,na,496383,721952,10001
set_covering_n100_m84_d0.05_b_w17_seed2.txt,Set Covering,100,Relaxed,10000,false,min,6,1.12249,na,na,941405,1368668,20001
set_covering_n100_m84_d0.5_b_w17_seed2.txt,Set Covering,100,Exact,99999,false,min,5,0.01284,na,na,18173,35324,289
set_covering_n100_m84_d0.05_b_w17_seed2.txt,Set Covering,100,Relaxed,20000,false,min,7,2.70581,na,na,1798465,2621333,40001
set_covering_n100_m84_d0.5_b_w17_seed2.txt,Set Covering,100,Restricted,500,false,min,5,0.01277,na,na,18173,35324,289
set_covering_n100_m84_d0.5_b_w17_seed2.txt,Set Covering,100,Restricted,1000,false,min,5,0.01251,na,na,18173,35324,289
set_covering_n100_m84_d0.5_b_w17_seed2.txt,Set Covering,100,Restricted,2000,false,min,5,0.01259,na,na,18173,35324,289
set_covering_n100_m84_d0.5_b_w17_seed2.txt,Set Covering,100,Restricted,5000,false,min,5,0.01260,na,na,18173,35324,289
set_covering_n100_m84_d0.5_b_w17_seed2.txt,Set Covering,100,Restricted,10000,false,min,5,0.01244,na,na,18173,35324,289
set_covering_n100_m84_d0.5_b_w17_seed2.txt,Set Covering,100,Restricted,20000,false,min,5,0.01252,na,na,18173,35324,289
set_covering_n100_m84_d0.5_b_w17_seed2.txt,Set Covering,100,Relaxed,500,false,min,5,0.01252,na,na,18173,35324,289
set_covering_n100_m84_d0.5_b_w17_seed2.txt,Set Covering,100,Relaxed,1000,false,min,5,0.01254,na,na,18173,35324,289
set_covering_n100_m84_d0.5_b_w17_seed2.txt,Set Covering,100,Relaxed,2000,false,min,5,0.01250,na,na,18173,35324,289
set_covering_n100_m84_d0.5_b_w17_seed2.txt,Set Covering,100,Relaxed,5000,false,min,5,0.01257,na,na,18173,35324,289
set_covering_n100_m84_d0.5_b_w17_seed2.txt,Set Covering,100,Relaxed,10000,false,min,5,0.01248,na,na,18173,35324,289
set_covering_n100_m84_d0.5_b_w17_seed2.txt,Set Covering,100,Relaxed,20000,false,min,5,0.01285,na,na,18173,35324,289
set_covering_n100_m84_d0.05_b_w17_seed3.txt,Set Covering,100,Restricted,500,false,min,27,0.02762,na,na,55768,60435,1000
set_covering_n100_m84_d0.05_b_w17_seed3.txt,Set Covering,100,Restricted,1000,false,min,26,0.05375,na,na,109740,119489,2000
set_covering_n100_m84_d0.05_b_w17_seed3.txt,Set Covering,100,Restricted,2000,false,min,26,0.11391,na,na,213908,233340,4000
set_covering_n100_m84_d0.05_b_w17_seed3.txt,Set Covering,100,Restricted,5000,false,min,25,0.36342,na,na,505713,553694,10000
set_covering_n100_m84_d0.05_b_w17_seed3.txt,Set Covering,100,Restricted,10000,false,min,25,0.94896,na,na,997181,1096046,20000
set_covering_n100_m84_d0.05_b_w17_seed3.txt,Set Covering,100,Relaxed,500,false,min,5,0.03354,na,na,52434,77524,1001
set_covering_n100_m84_d0.05_b_w17_seed3.txt,Set Covering,100,Restricted,20000,false,min,25,2.39317,na,na,1909643,2094671,40000
set_covering_n100_m84_d0.05_b_w17_seed3.txt,Set Covering,100,Relaxed,1000,false,min,5,0.06336,na,na,98287,147110,2001
set_covering_n100_m84_d0.05_b_w17_seed3.txt,Set Covering,100,Relaxed,2000,false,min,5,0.14101,na,na,199120,293118,4001
set_covering_n100_m84_d0.05_b_w17_seed3.txt,Set Covering,100,Relaxed,5000,false,min,6,0.46954,na,na,498439,725911,10001
set_covering_n100_m84_d0.05_b_w17_seed3.txt,Set Covering,100,Relaxed,10000,false,min,6,1.21704,na,na,994492,1446464,20001
set_covering_n100_m84_d0.5_b_w17_seed3.txt,Set Covering,100,Exact,99999,false,min,5,0.01310,na,na,18173,35324,289
set_covering_n100_m84_d0.05_b_w17_seed3.txt,Set Covering,100,Relaxed,20000,false,min,6,2.93152,na,na,1910365,2765468,40001
set_covering_n100_m84_d0.5_b_w17_seed3.txt,Set Covering,100,Restricted,500,false,min,5,0.01258,na,na,18173,35324,289
set_covering_n100_m84_d0.5_b_w17_seed3.txt,Set Covering,100,Restricted,1000,false,min,5,0.01262,na,na,18173,35324,289
set_covering_n100_m84_d0.5_b_w17_seed3.txt,Set Covering,100,Restricted,2000,false,min,5,0.01269,na,na,18173,35324,289
set_covering_n100_m84_d0.5_b_w17_seed3.txt,Set Covering,100,Restricted,5000,false,min,5,0.01264,na,na,18173,35324,289
set_covering_n100_m84_d0.5_b_w17_seed3.txt,Set Covering,100,Restricted,10000,false,min,5,0.01265,na,na,18173,35324,289
set_covering_n100_m84_d0.5_b_w17_seed3.txt,Set Covering,100,Restricted,20000,false,min,5,0.01248,na,na,18173,35324,289
set_covering_n100_m84_d0.5_b_w17_seed3.txt,Set Covering,100,Relaxed,500,false,min,5,0.01305,na,na,18173,35324,289
set_covering_n100_m84_d0.5_b_w17_seed3.txt,Set Covering,100,Relaxed,1000,false,min,5,0.01260,na,na,18173,35324,289
set_covering_n100_m84_d0.5_b_w17_seed3.txt,Set Covering,100,Relaxed,2000,false,min,5,0.01259,na,na,18173,35324,289
set_covering_n100_m84_d0.5_b_w17_seed3.txt,Set Covering,100,Relaxed,5000,false,min,5,0.01264,na,na,18173,35324,289
set_covering_n100_m84_d0.5_b_w17_seed3.txt,Set Covering,100,Relaxed,10000,false,min,5,0.01256,na,na,18173,35324,289
set_covering_n100_m84_d0.5_b_w17_seed3.txt,Set Covering,100,Relaxed,20000,false,min,5,0.01262,na,na,18173,35324,289
set_covering_n100_m84_d0.05_b_w17_seed4.txt,Set Covering,100,Restricted,500,false,min,25,0.02753,na,na,55036,59989,1000
set_covering_n100_m84_d0.05_b_w17_seed4.txt,Set Covering,100,Restricted,1000,false,min,25,0.05315,na,na,107064,116191,2000
set_covering_n100_m84_d0.05_b_w17_seed4.txt,Set Covering,100,Restricted,2000,false,min,25,0.11276,na,na,209211,226364,4000
set_covering_n100_m84_d0.05_b_w17_seed4.txt,Set Covering,100,Restricted,5000,false,min,24,0.35325,na,na,503477,544502,10000
set_covering_n100_m84_d0.05_b_w17_seed4.txt,Set Covering,100,Restricted,10000,false,min,24,0.90470,na,na,978488,1059320,20000
set_covering_n100_m84_d0.05_b_w17_seed4.txt,Set Covering,100,Restricted,20000,false,min,24,2.22765,na,na,1897824,2052462,40000
set_covering_n100_m84_d0.05_b_w17_seed4.txt,Set Covering,100,Relaxed,500,false,min,5,0.03318,na,na,51636,80332,1001
set_covering_n100_m84_d0.05_b_w17_seed4.txt,Set Covering,100,Relaxed,1000,false,min,5,0.06930,na,na,104981,155445,2001
set_covering_n100_m84_d0.05_b_w17_seed4.txt,Set Covering,100,Relaxed,2000,false,min,5,0.14722,na,na,208967,301737,4001
set_covering_n100_m84_d0.05_b_w17_seed4.txt,Set Covering,100,Relaxed,5000,false,min,6,0.46711,na,na,499364,724042,10001
set_covering_n100_m84_d0.05_b_w17_seed4.txt,Set Covering,100,Relaxed,10000,false,min,6,1.11646,na,na,977934,1411721,20001
set_covering_n100_m84_d0.05_b_w17_seed4.txt,Set Covering,100,Relaxed,20000,false,min,6,2.88598,na,na,1897598,2737794,40001
set_covering_n100_m84_d0.5_b_w17_seed4.txt,Set Covering,100,Exact,99999,false,min,5,0.01284,na,na,18173,35324,289
set_covering_n100_m84_d0.5_b_w17_seed4.txt,Set Covering,100,Restricted,500,false,min,5,0.01260,na,na,18173,35324,289
set_covering_n100_m84_d0.5_b_w17_seed4.txt,Set Covering,100,Restricted,1000,false,min,5,0.01258,na,na,18173,35324,289
set_covering_n100_m84_d0.5_b_w17_seed4.txt,Set Covering,100,Restricted,2000,false,min,5,0.01251,na,na,18173,35324,289
set_covering_n100_m84_d0.5_b_w17_seed4.txt,Set Covering,100,Restricted,5000,false,min,5,0.01261,na,na,18173,35324,289
set_covering_n100_m84_d0.5_b_w17_seed4.txt,Set Covering,100,Restricted,10000,false,min,5,0.01260,na,na,18173,35324,289
set_covering_n100_m84_d0.5_b_w17_seed4.txt,Set Covering,100,Restricted,20000,false,min,5,0.01259,na,na,18173,35324,289
set_covering_n100_m84_d0.5_b_w17_seed4.txt,Set Covering,100,Relaxed,500,false,min,5,0.01325,na,na,18173,35324,289
set_covering_n100_m84_d0.5_b_w17_seed4.txt,Set Covering,100,Relaxed,1000,false,min,5,0.01330,na,na,18173,35324,289
set_covering_n100_m84_d0.5_b_w17_seed4.txt,Set Covering,100,Relaxed,2000,false,min,5,0.01336,na,na,18173,35324,289
set_covering_n100_m84_d0.5_b_w17_seed4.txt,Set Covering,100,Relaxed,5000,false,min,5,0.01346,na,na,18173,35324,289
set_covering_n100_m84_d0.5_b_w17_seed4.txt,Set Covering,100,Relaxed,10000,false,min,5,0.01335,na,na,18173,35324,289
set_covering_n100_m84_d0.5_b_w17_seed4.txt,Set Covering,100,Relaxed,20000,false,min,5,0.01338,na,na,18173,35324,289
set_covering_n100_m84_d0.15_b_w17_seed1.txt,Set Covering,100,Restricted,500,false,min,9,0.03329,na,na,61241,68442,997
set_covering_n100_m84_d0.15_b_w17_seed1.txt,Set Covering,100,Restricted,1000,false,min,8,0.06223,na,na,114173,130780,1971
set_covering_n100_m84_d0.15_b_w17_seed1.txt,Set Covering,100,Restricted,2000,false,min,7,0.12682,na,na,216344,252304,3903
set_covering_n100_m84_d0.15_b_w17_seed1.txt,Set Covering,100,Restricted,5000,false,min,7,0.40006,na,na,486274,586857,9732
set_covering_n100_m84_d0.15_b_w17_seed1.txt,Set Covering,100,Exact,99999,false,min,6,135.17867,na,na,73159369,137164488,4037338
set_covering_n100_m84_d0.15_b_w17_seed1.txt,Set Covering,100,Restricted,10000,false,min,7,0.93864,na,na,883434,1096511,18897
set_covering_n100_m84_d0.15_b_w17_seed1.txt,Set Covering,100,Restricted,20000,false,min,7,2.11604,na,na,1596401,2037203,37231
set_covering_n100_m84_d0.15_b_w17_seed1.txt,Set Covering,100,Relaxed,500,false,min,2,0.04287,na,na,61439,95612,994
set_covering_n100_m84_d0.15_b_w17_seed1.txt,Set Covering,100,Relaxed,1000,false,min,2,0.08134,na,na,114123,180243,1972
set_covering_n100_m84_d0.15_b_w17_seed1.txt,Set Covering,100,Relaxed,2000,false,min,3,0.16869,na,na,216380,344950,3906
set_covering_n100_m84_d0.15_b_w17_seed1.txt,Set Covering,100,Relaxed,5000,false,min,3,0.50091,na,na,486333,789479,9729
set_covering_n100_m84_d0.15_b_w17_seed1.txt,Set Covering,100,Relaxed,10000,false,min,3,1.13713,na,na,883645,1462409,18915
set_covering_n100_m84_d0.15_b_w17_seed1.txt,Set Covering,100,Relaxed,20000,false,min,4,2.65345,na,na,1596925,2683145,37231
set_covering_n100_m84_d0.15_b_w17_seed2.txt,Set Covering,100,Restricted,500,false,min,8,0.03044,na,na,56531,64039,1000
set_covering_n100_m84_d0.15_b_w17_seed2.txt,Set Covering,100,Restricted,1000,false,min,8,0.05730,na,na,105034,119991,1990
set_covering_n100_m84_d0.15_b_w17_seed2.txt,Set Covering,100,Restricted,2000,false,min,8,0.11706,na,na,197069,230143,3948
set_covering_n100_m84_d0.15_b_w17_seed2.txt,Set Covering,100,Restricted,5000,false,min,8,0.34626,na,na,452732,548771,9812
set_covering_n100_m84_d0.15_b_w17_seed2.txt,Set Covering,100,Restricted,10000,false,min,8,0.79930,na,na,829186,1030728,19013
set_covering_n100_m84_d0.15_b_w17_seed2.txt,Set Covering,100,Restricted,20000,false,min,8,1.96702,na,na,1513933,1939427,37736
set_covering_n100_m84_d0.15_b_w17_seed2.txt,Set Covering,100,Relaxed,500,false,min,2,0.03958,na,na,56520,87964,1001
set_covering_n100_m84_d0.15_b_w17_seed2.txt,Set Covering,100,Relaxed,1000,false,min,2,0.07424,na,na,104985,165033,1991
set_covering_n100_m84_d0.15_b_w17_seed2.txt,Set Covering,100,Relaxed,2000,false,min,3,0.15374,na,na,197178,314539,3948
set_covering_n100_m84_d0.15_b_w17_seed2.txt,Set Covering,100,Relaxed,5000,false,min,3,0.45490,na,na,452666,737710,9813
set_covering_n100_m84_d0.15_b_w17_seed2.txt,Set Covering,100,Relaxed,10000,false,min,3,1.04273,na,na,828988,1374966,19011
set_covering_n100_m84_d0.15_b_w17_seed2.txt,Set Covering,100,Relaxed,20000,false,min,4,2.44176,na,na,1514273,2548884,37740
set_covering_n100_m84_d0.15_b_w17_seed3.txt,Set Covering,100,Restricted,500,false,min,8,0.03144,na,na,57329,64218,1000
set_covering_n100_m84_d0.15_b_w17_seed3.txt,Set Covering,100,Restricted,1000,false,min,8,0.06001,na,na,107970,123831,1982
set_covering_n100_m84_d0.15_b_w17_seed3.txt,Set Covering,100,Restricted,2000,false,min,7,0.12031,na,na,201052,237974,3946
set_covering_n100_m84_d0.15_b_w17_seed3.txt,Set Covering,100,Restricted,5000,false,min,7,0.35210,na,na,451510,551695,9875
set_covering_n100_m84_d0.15_b_w17_seed3.txt,Set Covering,100,Restricted,10000,false,min,7,0.88382,na,na,812382,1034118,19272
set_covering_n100_m84_d0.15_b_w17_seed3.txt,Set Covering,100,Restricted,20000,false,min,7,1.94602,na,na,1462847,1931703,37816
set_covering_n100_m84_d0.15_b_w17_seed3.txt,Set Covering,100,Relaxed,500,false,min,2,0.03973,na,na,57477,89934,1001
set_covering_n100_m84_d0.15_b_w17_seed3.txt,Set Covering,100,Relaxed,1000,false,min,2,0.07863,na,na,108000,171060,1979
set_covering_n100_m84_d0.15_b_w17_seed3.txt,Set Covering,100,Relaxed,2000,false,min,3,0.15500,na,na,201126,323666,3944
set_covering_n100_m84_d0.15_b_w17_seed3.txt,Set Covering,100,Relaxed,5000,false,min,3,0.44527,na,na,451518,741591,9872
set_covering_n100_m84_d0.15_b_w17_seed3.txt,Set Covering,100,Relaxed,10000,false,min,3,1.00474,na,na,812436,1369980,19262
set_covering_n100_m84_d0.15_b_w17_seed3.txt,Set Covering,100,Relaxed,20000,false,min,3,2.28000,na,na,1463213,2512889,37815
set_covering_n100_m84_d0.15_b_w17_seed4.txt,Set Covering,100,Restricted,500,false,min,8,0.03049,na,na,56137,62136,1000
set_covering_n100_m84_d0.15_b_w17_seed4.txt,Set Covering,100,Restricted,1000,false,min,8,0.05905,na,na,106651,118719,1996
set_covering_n100_m84_d0.15_b_w17_seed4.txt,Set Covering,100,Restricted,2000,false,min,7,0.11997,na,na,201489,228132,3991
set_covering_n100_m84_d0.15_b_w17_seed4.txt,Set Covering,100,Restricted,5000,false,min,7,0.36135,na,na,466420,544651,9953
set_covering_n100_m84_d0.15_b_w17_seed4.txt,Set Covering,100,Restricted,10000,false,min,7,0.85377,na,na,867399,1047221,19809
set_covering_n100_m84_d0.15_b_w17_seed4.txt,Set Covering,100,Restricted,20000,false,min,7,2.08344,na,na,1605524,2005712,39514
set_covering_n100_m84_d0.15_b_w17_seed4.txt,Set Covering,100,Relaxed,500,false,min,3,0.03843,na,na,56230,87572,1001
set_covering_n100_m84_d0.15_b_w17_seed4.txt,Set Covering,100,Relaxed,1000,false,min,3,0.07551,na,na,106724,166733,1991
set_covering_n100_m84_d0.15_b_w17_seed4.txt,Set Covering,100,Relaxed,2000,false,min,4,0.15921,na,na,201395,318057,3983
set_covering_n100_m84_d0.15_b_w17_seed4.txt,Set Covering,100,Relaxed,5000,false,min,4,0.50057,na,na,466423,750948,9940
set_covering_n100_m84_d0.15_b_w17_seed4.txt,Set Covering,100,Relaxed,10000,false,min,4,1.14819,na,na,867502,1425723,19808
set_covering_n100_m84_d0.15_b_w17_seed4.txt,Set Covering,100,Relaxed,20000,false,min,4,2.78676,na,na,1605664,2681624,39517
set_covering_n100_m84_d0.25_b_w17_seed1.txt,Set Covering,100,Exact,99999,false,min,5,0.01351,na,na,18173,35324,289
set_covering_n100_m84_d0.25_b_w17_seed1.txt,Set Covering,100,Restricted,500,false,min,5,0.01345,na,na,18173,35324,289
set_covering_n100_m84_d0.25_b_w17_seed1.txt,Set Covering,100,Restricted,1000,false,min,5,0.01329,na,na,18173,35324,289
set_covering_n100_m84_d0.25_b_w17_seed1.txt,Set Covering,100,Restricted,2000,false,min,5,0.01332,na,na,18173,35324,289
set_covering_n100_m84_d0.25_b_w17_seed1.txt,Set Covering,100,Restricted,5000,false,min,5,0.01314,na,na,18173,35324,289
set_covering_n100_m84_d0.25_b_w17_seed1.txt,Set Covering,100,Restricted,10000,false,min,5,0.01339,na,na,18173,35324,289
set_covering_n100_m84_d0.25_b_w17_seed1.txt,Set Covering,100,Restricted,20000,false,min,5,0.01338,na,na,18173,35324,289
set_covering_n100_m84_d0.25_b_w17_seed1.txt,Set Covering,100,Relaxed,500,false,min,5,0.01326,na,na,18173,35324,289
set_covering_n100_m84_d0.25_b_w17_seed1.txt,Set Covering,100,Relaxed,1000,false,min,5,0.01292,na,na,18173,35324,289
set_covering_n100_m84_d0.25_b_w17_seed1.txt,Set Covering,100,Relaxed,2000,false,min,5,0.01327,na,na,18173,35324,289
set_covering_n100_m84_d0.25_b_w17_seed1.txt,Set Covering,100,Relaxed,5000,false,min,5,0.01327,na,na,18173,35324,289
set_covering_n100_m84_d0.25_b_w17_seed1.txt,Set Covering,100,Relaxed,10000,false,min,5,0.01323,na,na,18173,35324,289
set_covering_n100_m84_d0.25_b_w17_seed1.txt,Set Covering,100,Relaxed,20000,false,min,5,0.01324,na,na,18173,35324,289
set_covering_n100_m84_d0.25_b_w17_seed2.txt,Set Covering,100,Exact,99999,false,min,5,0.01328,na,na,18173,35324,289
set_covering_n100_m84_d0.25_b_w17_seed2.txt,Set Covering,100,Restricted,500,false,min,5,0.01316,na,na,18173,35324,289
set_covering_n100_m84_d0.25_b_w17_seed2.txt,Set Covering,100,Restricted,1000,false,min,5,0.01331,na,na,18173,35324,289
set_covering_n100_m84_d0.25_b_w17_seed2.txt,Set Covering,100,Restricted,2000,false,min,5,0.01333,na,na,18173,35324,289
set_covering_n100_m84_d0.25_b_w17_seed2.txt,Set Covering,100,Restricted,5000,false,min,5,0.01324,na,na,18173,35324,289
set_covering_n100_m84_d0.25_b_w17_seed2.txt,Set Covering,100,Restricted,10000,false,min,5,0.01316,na,na,18173,35324,289
set_covering_n100_m84_d0.25_b_w17_seed2.txt,Set Covering,100,Restricted,20000,false,min,5,0.01327,na,na,18173,35324,289
set_covering_n100_m84_d0.25_b_w17_seed2.txt,Set Covering,100,Relaxed,500,false,min,5,0.01324,na,na,18173,35324,289
set_covering_n100_m84_d0.25_b_w17_seed2.txt,Set Covering,100,Relaxed,1000,false,min,5,0.01320,na,na,18173,35324,289
set_covering_n100_m84_d0.25_b_w17_seed2.txt,Set Covering,100,Relaxed,2000,false,min,5,0.01327,na,na,18173,35324,289
set_covering_n100_m84_d0.25_b_w17_seed2.txt,Set Covering,100,Relaxed,5000,false,min,5,0.01321,na,na,18173,35324,289
set_covering_n100_m84_d0.25_b_w17_seed2.txt,Set Covering,100,Relaxed,10000,false,min,5,0.01324,na,na,18173,35324,289
set_covering_n100_m84_d0.25_b_w17_seed2.txt,Set Covering,100,Relaxed,20000,false,min,5,0.01330,na,na,18173,35324,289
set_covering_n100_m84_d0.25_b_w17_seed3.txt,Set Covering,100,Exact,99999,false,min,5,0.01324,na,na,18173,35324,289
set_covering_n100_m84_d0.25_b_w17_seed3.txt,Set Covering,100,Restricted,500,false,min,5,0.01334,na,na,18173,35324,289
set_covering_n100_m84_d0.25_b_w17_seed3.txt,Set Covering,100,Restricted,1000,false,min,5,0.01328,na,na,18173,35324,289
set_covering_n100_m84_d0.25_b_w17_seed3.txt,Set Covering,100,Restricted,2000,false,min,5,0.01334,na,na,18173,35324,289
set_covering_n100_m84_d0.25_b_w17_seed3.txt,Set Covering,100,Restricted,5000,false,min,5,0.01390,na,na,18173,35324,289
set_covering_n100_m84_d0.25_b_w17_seed3.txt,Set Covering,100,Restricted,10000,false,min,5,0.01332,na,na,18173,35324,289
set_covering_n100_m84_d0.25_b_w17_seed3.txt,Set Covering,100,Restricted,20000,false,min,5,0.01328,na,na,18173,35324,289
set_covering_n100_m84_d0.25_b_w17_seed3.txt,Set Covering,100,Relaxed,500,false,min,5,0.01323,na,na,18173,35324,289
set_covering_n100_m84_d0.25_b_w17_seed3.txt,Set Covering,100,Relaxed,1000,false,min,5,0.01318,na,na,18173,35324,289
set_covering_n100_m84_d0.25_b_w17_seed3.txt,Set Covering,100,Relaxed,2000,false,min,5,0.01326,na,na,18173,35324,289
set_covering_n100_m84_d0.25_b_w17_seed3.txt,Set Covering,100,Relaxed,5000,false,min,5,0.01328,na,na,18173,35324,289
set_covering_n100_m84_d0.15_b_w17_seed3.txt,Set Covering,100,Exact,99999,false,min,7,121.03461,na,na,68896768,128482684,5113301
set_covering_n100_m84_d0.25_b_w17_seed3.txt,Set Covering,100,Relaxed,10000,false,min,5,0.01343,na,na,18173,35324,289
set_covering_n100_m84_d0.25_b_w17_seed3.txt,Set Covering,100,Relaxed,20000,false,min,5,0.01327,na,na,18173,35324,289
set_covering_n100_m84_d0.25_b_w17_seed4.txt,Set Covering,100,Exact,99999,false,min,5,0.01328,na,na,18173,35324,289
set_covering_n100_m84_d0.25_b_w17_seed4.txt,Set Covering,100,Restricted,500,false,min,5,0.01318,na,na,18173,35324,289
set_covering_n100_m84_d0.25_b_w17_seed4.txt,Set Covering,100,Restricted,1000,false,min,5,0.01311,na,na,18173,35324,289
set_covering_n100_m84_d0.25_b_w17_seed4.txt,Set Covering,100,Restricted,2000,false,min,5,0.01293,na,na,18173,35324,289
set_covering_n100_m84_d0.25_b_w17_seed4.txt,Set Covering,100,Restricted,5000,false,min,5,0.01317,na,na,18173,35324,289
set_covering_n100_m84_d0.25_b_w17_seed4.txt,Set Covering,100,Restricted,10000,false,min,5,0.01314,na,na,18173,35324,289
set_covering_n100_m84_d0.25_b_w17_seed4.txt,Set Covering,100,Restricted,20000,false,min,5,0.01322,na,na,18173,35324,289
set_covering_n100_m84_d0.25_b_w17_seed4.txt,Set Covering,100,Relaxed,500,false,min,5,0.01344,na,na,18173,35324,289
set_covering_n100_m84_d0.25_b_w17_seed4.txt,Set Covering,100,Relaxed,1000,false,min,5,0.01335,na,na,18173,35324,289
set_covering_n100_m84_d0.25_b_w17_seed4.txt,Set Covering,100,Relaxed,2000,false,min,5,0.01334,na,na,18173,35324,289
set_covering_n100_m84_d0.25_b_w17_seed4.txt,Set Covering,100,Relaxed,5000,false,min,5,0.01343,na,na,18173,35324,289
set_covering_n100_m84_d0.25_b_w17_seed4.txt,Set Covering,100,Relaxed,10000,false,min,5,0.01334,na,na,18173,35324,289
set_covering_n100_m84_d0.25_b_w17_seed4.txt,Set Covering,100,Relaxed,20000,false,min,5,0.01330,na,na,18173,35324,289
set_covering_n100_m84_d0.35_b_w17_seed1.txt,Set Covering,100,Exact,99999,false,min,5,0.01321,na,na,18173,35324,289
set_covering_n100_m84_d0.35_b_w17_seed1.txt,Set Covering,100,Restricted,500,false,min,5,0.01331,na,na,18173,35324,289
set_covering_n100_m84_d0.35_b_w17_seed1.txt,Set Covering,100,Restricted,1000,false,min,5,0.01320,na,na,18173,35324,289
set_covering_n100_m84_d0.35_b_w17_seed1.txt,Set Covering,100,Restricted,2000,false,min,5,0.01331,na,na,18173,35324,289
set_covering_n100_m84_d0.35_b_w17_seed1.txt,Set Covering,100,Restricted,5000,false,min,5,0.01322,na,na,18173,35324,289
set_covering_n100_m84_d0.35_b_w17_seed1.txt,Set Covering,100,Restricted,10000,false,min,5,0.01326,na,na,18173,35324,289
set_covering_n100_m84_d0.35_b_w17_seed1.txt,Set Covering,100,Restricted,20000,false,min,5,0.01342,na,na,18173,35324,289
set_covering_n100_m84_d0.35_b_w17_seed1.txt,Set Covering,100,Relaxed,500,false,min,5,0.01345,na,na,18173,35324,289
set_covering_n100_m84_d0.35_b_w17_seed1.txt,Set Covering,100,Relaxed,1000,false,min,5,0.01333,na,na,18173,35324,289
set_covering_n100_m84_d0.35_b_w17_seed1.txt,Set Covering,100,Relaxed,2000,false,min,5,0.01330,na,na,18173,35324,289
set_covering_n100_m84_d0.35_b_w17_seed1.txt,Set Covering,100,Relaxed,5000,false,min,5,0.01317,na,na,18173,35324,289
set_covering_n100_m84_d0.35_b_w17_seed1.txt,Set Covering,100,Relaxed,10000,false,min,5,0.01331,na,na,18173,35324,289
set_covering_n100_m84_d0.35_b_w17_seed1.txt,Set Covering,100,Relaxed,20000,false,min,5,0.01324,na,na,18173,35324,289
set_covering_n100_m84_d0.35_b_w17_seed2.txt,Set Covering,100,Exact,99999,false,min,5,0.01323,na,na,18173,35324,289
set_covering_n100_m84_d0.35_b_w17_seed2.txt,Set Covering,100,Restricted,500,false,min,5,0.01330,na,na,18173,35324,289
set_covering_n100_m84_d0.35_b_w17_seed2.txt,Set Covering,100,Restricted,1000,false,min,5,0.01323,na,na,18173,35324,289
set_covering_n100_m84_d0.35_b_w17_seed2.txt,Set Covering,100,Restricted,2000,false,min,5,0.01317,na,na,18173,35324,289
set_covering_n100_m84_d0.15_b_w17_seed2.txt,Set Covering,100,Exact,99999,false,min,6,191.76028,na,na,112215171,209188473,11374114
set_covering_n100_m84_d0.35_b_w17_seed2.txt,Set Covering,100,Restricted,5000,false,min,5,0.01325,na,na,18173,35324,289
set_covering_n100_m84_d0.35_b_w17_seed2.txt,Set Covering,100,Restricted,10000,false,min,5,0.01320,na,na,18173,35324,289
set_covering_n100_m84_d0.35_b_w17_seed2.txt,Set Covering,100,Restricted,20000,false,min,5,0.01320,na,na,18173,35324,289
set_covering_n100_m84_d0.35_b_w17_seed2.txt,Set Covering,100,Relaxed,500,false,min,5,0.01347,na,na,18173,35324,289
set_covering_n100_m84_d0.35_b_w17_seed2.txt,Set Covering,100,Relaxed,1000,false,min,5,0.01327,na,na,18173,35324,289
set_covering_n100_m84_d0.35_b_w17_seed2.txt,Set Covering,100,Relaxed,2000,false,min,5,0.01333,na,na,18173,35324,289
set_covering_n100_m84_d0.35_b_w17_seed2.txt,Set Covering,100,Relaxed,5000,false,min,5,0.01307,na,na,18173,35324,289
set_covering_n100_m84_d0.35_b_w17_seed2.txt,Set Covering,100,Relaxed,10000,false,min,5,0.01262,na,na,18173,35324,289
set_covering_n100_m84_d0.35_b_w17_seed2.txt,Set Covering,100,Relaxed,20000,false,min,5,0.01260,na,na,18173,35324,289
set_covering_n100_m84_d0.35_b_w17_seed3.txt,Set Covering,100,Exact,99999,false,min,5,0.01324,na,na,18173,35324,289
set_covering_n100_m84_d0.35_b_w17_seed3.txt,Set Covering,100,Restricted,500,false,min,5,0.01335,na,na,18173,35324,289
set_covering_n100_m84_d0.35_b_w17_seed3.txt,Set Covering,100,Restricted,1000,false,min,5,0.01341,na,na,18173,35324,289
set_covering_n100_m84_d0.35_b_w17_seed3.txt,Set Covering,100,Restricted,2000,false,min,5,0.01333,na,na,18173,35324,289
set_covering_n100_m84_d0.35_b_w17_seed3.txt,Set Covering,100,Restricted,5000,false,min,5,0.01413,na,na,18173,35324,289
set_covering_n100_m84_d0.35_b_w17_seed3.txt,Set Covering,100,Restricted,10000,false,min,5,0.01327,na,na,18173,35324,289
set_covering_n100_m84_d0.35_b_w17_seed3.txt,Set Covering,100,Restricted,20000,false,min,5,0.01334,na,na,18173,35324,289
set_covering_n100_m84_d0.35_b_w17_seed3.txt,Set Covering,100,Relaxed,500,false,min,5,0.01298,na,na,18173,35324,289
set_covering_n100_m84_d0.35_b_w17_seed3.txt,Set Covering,100,Relaxed,1000,false,min,5,0.01299,na,na,18173,35324,289
set_covering_n100_m84_d0.35_b_w17_seed3.txt,Set Covering,100,Relaxed,2000,false,min,5,0.01294,na,na,18173,35324,289
set_covering_n100_m84_d0.35_b_w17_seed3.txt,Set Covering,100,Relaxed,5000,false,min,5,0.01319,na,na,18173,35324,289
set_covering_n100_m84_d0.35_b_w17_seed3.txt,Set Covering,100,Relaxed,10000,false,min,5,0.01283,na,na,18173,35324,289
set_covering_n100_m84_d0.35_b_w17_seed3.txt,Set Covering,100,Relaxed,20000,false,min,5,0.01301,na,na,18173,35324,289
set_covering_n100_m84_d0.35_b_w17_seed4.txt,Set Covering,100,Exact,99999,false,min,5,0.01334,na,na,18173,35324,289
set_covering_n100_m84_d0.35_b_w17_seed4.txt,Set Covering,100,Restricted,500,false,min,5,0.01265,na,na,18173,35324,289
set_covering_n100_m84_d0.35_b_w17_seed4.txt,Set Covering,100,Restricted,1000,false,min,5,0.01268,na,na,18173,35324,289
set_covering_n100_m84_d0.35_b_w17_seed4.txt,Set Covering,100,Restricted,2000,false,min,5,0.01287,na,na,18173,35324,289
set_covering_n100_m84_d0.35_b_w17_seed4.txt,Set Covering,100,Restricted,5000,false,min,5,0.01270,na,na,18173,35324,289
set_covering_n100_m84_d0.35_b_w17_seed4.txt,Set Covering,100,Restricted,10000,false,min,5,0.01273,na,na,18173,35324,289
set_covering_n100_m84_d0.35_b_w17_seed4.txt,Set Covering,100,Restricted,20000,false,min,5,0.01280,na,na,18173,35324,289
set_covering_n100_m84_d0.35_b_w17_seed4.txt,Set Covering,100,Relaxed,500,false,min,5,0.01279,na,na,18173,35324,289
set_covering_n100_m84_d0.35_b_w17_seed4.txt,Set Covering,100,Relaxed,1000,false,min,5,0.01264,na,na,18173,35324,289
set_covering_n100_m84_d0.35_b_w17_seed4.txt,Set Covering,100,Relaxed,2000,false,min,5,0.01269,na,na,18173,35324,289
set_covering_n100_m84_d0.35_b_w17_seed4.txt,Set Covering,100,Relaxed,5000,false,min,5,0.01279,na,na,18173,35324,289
set_covering_n100_m84_d0.35_b_w17_seed4.txt,Set Covering,100,Relaxed,10000,false,min,5,0.01257,na,na,18173,35324,289
set_covering_n100_m84_d0.35_b_w17_seed4.txt,Set Covering,100,Relaxed,20000,false,min,5,0.01311,na,na,18173,35324,289
set_covering_n100_m84_d0.45_b_w17_seed1.txt,Set Covering,100,Exact,99999,false,min,5,0.01262,na,na,18173,35324,289
set_covering_n100_m84_d0.45_b_w17_seed1.txt,Set Covering,100,Restricted,500,false,min,5,0.01262,na,na,18173,35324,289
set_covering_n100_m84_d0.45_b_w17_seed1.txt,Set Covering,100,Restricted,1000,false,min,5,0.01251,na,na,18173,35324,289
set_covering_n100_m84_d0.45_b_w17_seed1.txt,Set Covering,100,Restricted,2000,false,min,5,0.01241,na,na,18173,35324,289
set_covering_n100_m84_d0.45_b_w17_seed1.txt,Set Covering,100,Restricted,5000,false,min,5,0.01310,na,na,18173,35324,289
set_covering_n100_m84_d0.45_b_w17_seed1.txt,Set Covering,100,Restricted,10000,false,min,5,0.01274,na,na,18173,35324,289
set_covering_n100_m84_d0.45_b_w17_seed1.txt,Set Covering,100,Restricted,20000,false,min,5,0.01261,na,na,18173,35324,289
set_covering_n100_m84_d0.45_b_w17_seed1.txt,Set Covering,100,Relaxed,500,false,min,5,0.01341,na,na,18173,35324,289
set_covering_n100_m84_d0.45_b_w17_seed1.txt,Set Covering,100,Relaxed,1000,false,min,5,0.01315,na,na,18173,35324,289
set_covering_n100_m84_d0.45_b_w17_seed1.txt,Set Covering,100,Relaxed,2000,false,min,5,0.01285,na,na,18173,35324,289
set_covering_n100_m84_d0.45_b_w17_seed1.txt,Set Covering,100,Relaxed,5000,false,min,5,0.01260,na,na,18173,35324,289
set_covering_n100_m84_d0.45_b_w17_seed1.txt,Set Covering,100,Relaxed,10000,false,min,5,0.01258,na,na,18173,35324,289
set_covering_n100_m84_d0.45_b_w17_seed1.txt,Set Covering,100,Relaxed,20000,false,min,5,0.01287,na,na,18173,35324,289
set_covering_n100_m84_d0.45_b_w17_seed2.txt,Set Covering,100,Exact,99999,false,min,5,0.01297,na,na,18173,35324,289
set_covering_n100_m84_d0.45_b_w17_seed2.txt,Set Covering,100,Restricted,500,false,min,5,0.01317,na,na,18173,35324,289
set_covering_n100_m84_d0.45_b_w17_seed2.txt,Set Covering,100,Restricted,1000,false,min,5,0.01255,na,na,18173,35324,289
set_covering_n100_m84_d0.45_b_w17_seed2.txt,Set Covering,100,Restricted,2000,false,min,5,0.01253,na,na,18173,35324,289
set_covering_n100_m84_d0.45_b_w17_seed2.txt,Set Covering,100,Restricted,5000,false,min,5,0.01242,na,na,18173,35324,289
set_covering_n100_m84_d0.45_b_w17_seed2.txt,Set Covering,100,Restricted,10000,false,min,5,0.01311,na,na,18173,35324,289
set_covering_n100_m84_d0.45_b_w17_seed2.txt,Set Covering,100,Restricted,20000,false,min,5,0.01303,na,na,18173,35324,289
set_covering_n100_m84_d0.45_b_w17_seed2.txt,Set Covering,100,Relaxed,500,false,min,5,0.01325,na,na,18173,35324,289
set_covering_n100_m84_d0.45_b_w17_seed2.txt,Set Covering,100,Relaxed,1000,false,min,5,0.01246,na,na,18173,35324,289
set_covering_n100_m84_d0.45_b_w17_seed2.txt,Set Covering,100,Relaxed,2000,false,min,5,0.01266,na,na,18173,35324,289
set_covering_n100_m84_d0.45_b_w17_seed2.txt,Set Covering,100,Relaxed,5000,false,min,5,0.01241,na,na,18173,35324,289
set_covering_n100_m84_d0.45_b_w17_seed2.txt,Set Covering,100,Relaxed,10000,false,min,5,0.01285,na,na,18173,35324,289
set_covering_n100_m84_d0.45_b_w17_seed2.txt,Set Covering,100,Relaxed,20000,false,min,5,0.01258,na,na,18173,35324,289
set_covering_n100_m84_d0.45_b_w17_seed3.txt,Set Covering,100,Exact,99999,false,min,5,0.01303,na,na,18173,35324,289
set_covering_n100_m84_d0.45_b_w17_seed3.txt,Set Covering,100,Restricted,500,false,min,5,0.01285,na,na,18173,35324,289
set_covering_n100_m84_d0.45_b_w17_seed3.txt,Set Covering,100,Restricted,1000,false,min,5,0.01264,na,na,18173,35324,289
set_covering_n100_m84_d0.45_b_w17_seed3.txt,Set Covering,100,Restricted,2000,false,min,5,0.01313,na,na,18173,35324,289
set_covering_n100_m84_d0.45_b_w17_seed3.txt,Set Covering,100,Restricted,5000,false,min,5,0.01254,na,na,18173,35324,289
set_covering_n100_m84_d0.45_b_w17_seed3.txt,Set Covering,100,Restricted,10000,false,min,5,0.01265,na,na,18173,35324,289
set_covering_n100_m84_d0.45_b_w17_seed3.txt,Set Covering,100,Restricted,20000,false,min,5,0.01274,na,na,18173,35324,289
set_covering_n100_m84_d0.45_b_w17_seed3.txt,Set Covering,100,Relaxed,500,false,min,5,0.01328,na,na,18173,35324,289
set_covering_n100_m84_d0.45_b_w17_seed3.txt,Set Covering,100,Relaxed,1000,false,min,5,0.01301,na,na,18173,35324,289
set_covering_n100_m84_d0.45_b_w17_seed3.txt,Set Covering,100,Relaxed,2000,false,min,5,0.01254,na,na,18173,35324,289
set_covering_n100_m84_d0.45_b_w17_seed3.txt,Set Covering,100,Relaxed,5000,false,min,5,0.01280,na,na,18173,35324,289
set_covering_n100_m84_d0.45_b_w17_seed3.txt,Set Covering,100,Relaxed,10000,false,min,5,0.01317,na,na,18173,35324,289
set_covering_n100_m84_d0.45_b_w17_seed3.txt,Set Covering,100,Relaxed,20000,false,min,5,0.01280,na,na,18173,35324,289
set_covering_n100_m84_d0.45_b_w17_seed4.txt,Set Covering,100,Exact,99999,false,min,5,0.01323,na,na,18173,35324,289
set_covering_n100_m84_d0.45_b_w17_seed4.txt,Set Covering,100,Restricted,500,false,min,5,0.01358,na,na,18173,35324,289
set_covering_n100_m84_d0.45_b_w17_seed4.txt,Set Covering,100,Restricted,1000,false,min,5,0.01317,na,na,18173,35324,289
set_covering_n100_m84_d0.45_b_w17_seed4.txt,Set Covering,100,Restricted,2000,false,min,5,0.01317,na,na,18173,35324,289
set_covering_n100_m84_d0.45_b_w17_seed4.txt,Set Covering,100,Restricted,5000,false,min,5,0.01303,na,na,18173,35324,289
set_covering_n100_m84_d0.45_b_w17_seed4.txt,Set Covering,100,Restricted,10000,false,min,5,0.01312,na,na,18173,35324,289
set_covering_n100_m84_d0.45_b_w17_seed4.txt,Set Covering,100,Restricted,20000,false,min,5,0.01301,na,na,18173,35324,289
set_covering_n100_m84_d0.45_b_w17_seed4.txt,Set Covering,100,Relaxed,500,false,min,5,0.01348,na,na,18173,35324,289
set_covering_n100_m84_d0.45_b_w17_seed4.txt,Set Covering,100,Relaxed,1000,false,min,5,0.01320,na,na,18173,35324,289
set_covering_n100_m84_d0.45_b_w17_seed4.txt,Set Covering,100,Relaxed,2000,false,min,5,0.01344,na,na,18173,35324,289
set_covering_n100_m84_d0.45_b_w17_seed4.txt,Set Covering,100,Relaxed,5000,false,min,5,0.01313,na,na,18173,35324,289
set_covering_n100_m84_d0.45_b_w17_seed4.txt,Set Covering,100,Relaxed,10000,false,min,5,0.01309,na,na,18173,35324,289
set_covering_n100_m84_d0.45_b_w17_seed4.txt,Set Covering,100,Relaxed,20000,false,min,5,0.01318,na,na,18173,35324,289
set_covering_n250_m86_d0.3_b_w165_seed1.txt,Set Covering,250,Restricted,500,false,min,5,0.09262,na,na,198368,213417,1000
set_covering_n250_m86_d0.3_b_w165_seed1.txt,Set Covering,250,Restricted,1000,false,min,5,0.18975,na,na,390471,420538,2000
set_covering_n250_m86_d0.3_b_w165_seed1.txt,Set Covering,250,Restricted,2000,false,min,5,0.37429,na,na,768183,829150,4000
set_covering_n250_m86_d0.3_b_w165_seed1.txt,Set Covering,250,Restricted,5000,false,min,5,1.20315,na,na,1860859,2032652,10000
set_covering_n250_m86_d0.3_b_w165_seed1.txt,Set Covering,250,Restricted,10000,false,min,5,3.16774,na,na,3604190,3996138,20000
set_covering_n250_m86_d0.3_b_w165_seed1.txt,Set Covering,250,Relaxed,500,false,min,2,0.12197,na,na,198136,304455,999
set_covering_n250_m86_d0.3_b_w165_seed1.txt,Set Covering,250,Relaxed,1000,false,min,2,0.23882,na,na,391189,601798,1999
set_covering_n250_m86_d0.3_b_w165_seed1.txt,Set Covering,250,Relaxed,2000,false,min,2,0.53806,na,na,767816,1182057,3999
set_covering_n250_m86_d0.3_b_w165_seed1.txt,Set Covering,250,Relaxed,5000,false,min,2,1.81083,na,na,1861206,2885287,9999
set_covering_n250_m86_d0.3_b_w165_seed1.txt,Set Covering,250,Restricted,20000,false,min,4,8.20297,na,na,6748293,7796364,39394
set_covering_n250_m86_d0.3_b_w165_seed1.txt,Set Covering,250,Relaxed,10000,false,min,2,4.24877,na,na,3604966,5627079,19999
set_covering_n250_m86_d0.3_b_w165_seed2.txt,Set Covering,250,Restricted,500,false,min,6,0.09212,na,na,198460,214912,1000
set_covering_n250_m86_d0.3_b_w165_seed2.txt,Set Covering,250,Restricted,1000,false,min,6,0.17920,na,na,391127,425656,2000
set_covering_n250_m86_d0.3_b_w165_seed2.txt,Set Covering,250,Restricted,2000,false,min,6,0.39119,na,na,766066,840537,4000
set_covering_n250_m86_d0.3_b_w165_seed1.txt,Set Covering,250,Relaxed,20000,false,min,3,9.96791,na,na,6750365,10724429,39380
set_covering_n250_m86_d0.3_b_w165_seed2.txt,Set Covering,250,Restricted,5000,false,min,5,1.25715,na,na,1850600,2063525,10000
set_covering_n250_m86_d0.3_b_w165_seed2.txt,Set Covering,250,Restricted,10000,false,min,5,3.25279,na,na,3578080,4061276,20000
set_covering_n250_m86_d0.3_b_w165_seed2.txt,Set Covering,250,Relaxed,500,false,min,2,0.12055,na,na,198274,305659,999
set_covering_n250_m86_d0.3_b_w165_seed2.txt,Set Covering,250,Relaxed,1000,false,min,2,0.24234,na,na,391104,604439,1999
set_covering_n250_m86_d0.3_b_w165_seed2.txt,Set Covering,250,Restricted,20000,false,min,4,7.73121,na,na,6646462,7856480,39070
set_covering_n250_m86_d0.3_b_w165_seed2.txt,Set Covering,250,Relaxed,2000,false,min,2,0.53108,na,na,764862,1187169,3999
set_covering_n250_m86_d0.3_b_w165_seed2.txt,Set Covering,250,Relaxed,5000,false,min,2,1.69048,na,na,1849849,2899753,9999
set_covering_n250_m86_d0.3_b_w165_seed2.txt,Set Covering,250,Relaxed,10000,false,min,2,4.15934,na,na,3579080,5658253,19999
set_covering_n250_m86_d0.3_b_w165_seed3.txt,Set Covering,250,Restricted,500,false,min,6,0.09209,na,na,197592,215190,1000
set_covering_n250_m86_d0.3_b_w165_seed3.txt,Set Covering,250,Restricted,1000,false,min,6,0.18072,na,na,390049,425335,2000
set_covering_n250_m86_d0.3_b_w165_seed3.txt,Set Covering,250,Restricted,2000,false,min,6,0.40165,na,na,766114,841206,4000
set_covering_n250_m86_d0.3_b_w165_seed2.txt,Set Covering,250,Relaxed,20000,false,min,3,10.12888,na,na,6647091,10678548,39070
set_covering_n250_m86_d0.3_b_w165_seed3.txt,Set Covering,250,Restricted,5000,false,min,6,1.30233,na,na,1863265,2074973,10000
set_covering_n250_m86_d0.3_b_w165_seed3.txt,Set Covering,250,Restricted,10000,false,min,6,3.43475,na,na,3603050,4072835,20000
set_covering_n250_m86_d0.3_b_w165_seed3.txt,Set Covering,250,Relaxed,500,false,min,2,0.12125,na,na,197419,304596,999
set_covering_n250_m86_d0.3_b_w165_seed3.txt,Set Covering,250,Relaxed,1000,false,min,2,0.24237,na,na,389521,601540,1999
set_covering_n250_m86_d0.3_b_w165_seed3.txt,Set Covering,250,Relaxed,2000,false,min,2,0.54594,na,na,765614,1187766,3999
set_covering_n250_m86_d0.3_b_w165_seed3.txt,Set Covering,250,Restricted,20000,false,min,4,8.29424,na,na,6691899,7854487,39135
set_covering_n250_m86_d0.3_b_w165_seed3.txt,Set Covering,250,Relaxed,5000,false,min,2,1.79117,na,na,1861940,2912715,9999
set_covering_n250_m86_d0.3_b_w165_seed3.txt,Set Covering,250,Relaxed,10000,false,min,2,4.45094,na,na,3602748,5676608,19999
set_covering_n250_m86_d0.3_b_w165_seed3.txt,Set Covering,250,Relaxed,20000,false,min,3,10.39666,na,na,6692741,10717026,39131
set_covering_n250_m86_d0.3_b_w165_seed4.txt,Set Covering,250,Restricted,500,false,min,5,0.09292,na,na,196470,212725,1000
set_covering_n250_m86_d0.3_b_w165_seed4.txt,Set Covering,250,Restricted,1000,false,min,5,0.18084,na,na,389838,423271,2000
set_covering_n250_m86_d0.3_b_w165_seed4.txt,Set Covering,250,Restricted,2000,false,min,5,0.39844,na,na,764870,836330,4000
set_covering_n250_m86_d0.3_b_w165_seed4.txt,Set Covering,250,Restricted,5000,false,min,5,1.34005,na,na,1856542,2051602,10000
set_covering_n250_m86_d0.3_b_w165_seed4.txt,Set Covering,250,Restricted,10000,false,min,5,3.26341,na,na,3607854,4032524,20000
set_covering_n250_m86_d0.3_b_w165_seed4.txt,Set Covering,250,Restricted,20000,false,min,4,8.00683,na,na,6816671,7899247,39154
set_covering_n250_m86_d0.3_b_w165_seed4.txt,Set Covering,250,Relaxed,500,false,min,2,0.11920,na,na,196237,302161,999
set_covering_n250_m86_d0.3_b_w165_seed4.txt,Set Covering,250,Relaxed,1000,false,min,2,0.24100,na,na,389873,601566,1999
set_covering_n250_m86_d0.3_b_w165_seed4.txt,Set Covering,250,Relaxed,2000,false,min,2,0.53377,na,na,764636,1184962,3999
set_covering_n250_m86_d0.3_b_w165_seed4.txt,Set Covering,250,Relaxed,5000,false,min,2,1.64580,na,na,1856843,2897395,9999
set_covering_n250_m86_d0.3_b_w165_seed4.txt,Set Covering,250,Relaxed,10000,false,min,2,4.08592,na,na,3607827,5664262,19999
set_covering_n250_m86_d0.3_b_w165_seed4.txt,Set Covering,250,Relaxed,20000,false,min,3,10.08366,na,na,6815395,10855315,39149
set_covering_n500_m336_d0.15_b_w165_seed1.txt,Set Covering,500,Restricted,500,false,min,13,0.38080,na,na,414197,440697,1000
set_covering_n500_m336_d0.15_b_w165_seed1.txt,Set Covering,500,Restricted,1000,false,min,13,0.78123,na,na,834568,893545,2000
set_covering_n500_m336_d0.15_b_w165_seed1.txt,Set Covering,500,Restricted,2000,false,min,12,1.77092,na,na,1657603,1768115,4000
set_covering_n500_m336_d0.15_b_w165_seed1.txt,Set Covering,500,Restricted,5000,false,min,12,5.72715,na,na,4011082,4324349,10000
set_covering_n500_m336_d0.15_b_w165_seed1.txt,Set Covering,500,Restricted,10000,false,min,13,15.44571,na,na,8185118,8707275,20000
set_covering_n500_m336_d0.15_b_w165_seed1.txt,Set Covering,500,Relaxed,500,false,min,2,0.42689,na,na,388633,641861,1001
set_covering_n500_m336_d0.15_b_w165_seed1.txt,Set Covering,500,Relaxed,1000,false,min,2,0.83967,na,na,737872,1236735,2001
set_covering_n500_m336_d0.15_b_w165_seed1.txt,Set Covering,500,Relaxed,2000,false,min,2,2.16841,na,na,1659137,2538878,4001
set_covering_n500_m336_d0.15_b_w165_seed1.txt,Set Covering,500,Relaxed,5000,false,min,2,6.81982,na,na,4011453,6157877,10001
set_covering_n500_m336_d0.15_b_w165_seed1.txt,Set Covering,500,Restricted,20000,false,min,13,37.99601,na,na,16301667,17281878,40000
set_covering_n500_m336_d0.15_b_w165_seed1.txt,Set Covering,500,Relaxed,10000,false,min,2,17.80352,na,na,8184844,12462464,20001
set_covering_n500_m336_d0.15_b_w165_seed2.txt,Set Covering,500,Restricted,500,false,min,15,0.38213,na,na,414701,443059,1000
set_covering_n500_m336_d0.15_b_w165_seed2.txt,Set Covering,500,Restricted,1000,false,min,14,0.76537,na,na,818612,877839,2000
set_covering_n500_m336_d0.15_b_w165_seed2.txt,Set Covering,500,Restricted,2000,false,min,14,1.75440,na,na,1642520,1776006,4000
set_covering_n500_m336_d0.15_b_w165_seed2.txt,Set Covering,500,Restricted,5000,false,min,14,5.77813,na,na,4093877,4359534,10000
set_covering_n500_m336_d0.15_b_w165_seed2.txt,Set Covering,500,Restricted,10000,false,min,13,15.10064,na,na,8081424,8658054,20000
set_covering_n500_m336_d0.15_b_w165_seed1.txt,Set Covering,500,Relaxed,20000,false,min,2,44.70318,na,na,16303814,24789543,40001
set_covering_n500_m336_d0.15_b_w165_seed2.txt,Set Covering,500,Relaxed,500,false,min,2,0.39012,na,na,347772,570592,1001
set_covering_n500_m336_d0.15_b_w165_seed2.txt,Set Covering,500,Relaxed,1000,false,min,2,0.89759,na,na,807222,1240701,2001
set_covering_n500_m336_d0.15_b_w165_seed2.txt,Set Covering,500,Relaxed,2000,false,min,2,2.11866,na,na,1641723,2525550,4001
set_covering_n500_m336_d0.15_b_w165_seed2.txt,Set Covering,500,Relaxed,5000,false,min,2,7.06081,na,na,4092141,6251184,10001
set_covering_n500_m336_d0.15_b_w165_seed2.txt,Set Covering,500,Restricted,20000,false,min,13,37.79505,na,na,16181778,17380116,40000
set_covering_n500_m336_d0.15_b_w165_seed2.txt,Set Covering,500,Relaxed,10000,false,min,2,18.11010,na,na,8087502,12395044,20001
set_covering_n500_m336_d0.15_b_w165_seed3.txt,Set Covering,500,Restricted,500,false,min,14,0.37763,na,na,400589,437116,1000
set_covering_n500_m336_d0.15_b_w165_seed3.txt,Set Covering,500,Restricted,1000,false,min,14,0.78684,na,na,816019,882381,2000
set_covering_n500_m336_d0.15_b_w165_seed3.txt,Set Covering,500,Restricted,2000,false,min,13,1.71176,na,na,1601481,1728852,4000
set_covering_n500_m336_d0.15_b_w165_seed3.txt,Set Covering,500,Restricted,5000,false,min,13,5.83116,na,na,4080777,4355272,10000
set_covering_n500_m336_d0.15_b_w165_seed3.txt,Set Covering,500,Restricted,10000,false,min,13,15.27581,na,na,8082625,8642488,20000
set_covering_n500_m336_d0.15_b_w165_seed2.txt,Set Covering,500,Relaxed,20000,false,min,2,44.65329,na,na,16171612,24817794,40001
set_covering_n500_m336_d0.15_b_w165_seed3.txt,Set Covering,500,Relaxed,500,false,min,2,0.40680,na,na,368368,603476,1001
set_covering_n500_m336_d0.15_b_w165_seed3.txt,Set Covering,500,Relaxed,1000,false,min,2,0.87374,na,na,753902,1196157,2001
set_covering_n500_m336_d0.15_b_w165_seed3.txt,Set Covering,500,Relaxed,2000,false,min,2,2.03598,na,na,1599462,2457767,4001
set_covering_n500_m336_d0.15_b_w165_seed3.txt,Set Covering,500,Relaxed,5000,false,min,2,6.85053,na,na,4076683,6243321,10001
set_covering_n500_m336_d0.15_b_w165_seed3.txt,Set Covering,500,Restricted,20000,false,min,13,37.14795,na,na,16117090,17208155,40000
set_covering_n500_m336_d0.15_b_w165_seed3.txt,Set Covering,500,Relaxed,10000,false,min,2,17.58253,na,na,8056688,12331456,20001
set_covering_n500_m336_d0.15_b_w165_seed4.txt,Set Covering,500,Restricted,500,false,min,15,0.39217,na,na,419711,454109,1000
set_covering_n500_m336_d0.15_b_w165_seed4.txt,Set Covering,500,Restricted,1000,false,min,14,0.78246,na,na,849450,889367,2000
set_covering_n500_m336_d0.15_b_w165_seed4.txt,Set Covering,500,Restricted,2000,false,min,14,1.75640,na,na,1693290,1795872,4000
set_covering_n500_m336_d0.15_b_w165_seed4.txt,Set Covering,500,Restricted,5000,false,min,14,5.59290,na,na,4051832,4318597,10000
set_covering_n500_m336_d0.15_b_w165_seed3.txt,Set Covering,500,Relaxed,20000,false,min,2,43.13063,na,na,16104601,24598349,40001
set_covering_n500_m336_d0.15_b_w165_seed4.txt,Set Covering,500,Restricted,10000,false,min,14,14.95071,na,na,8183377,8685093,20000
set_covering_n500_m336_d0.15_b_w165_seed4.txt,Set Covering,500,Relaxed,500,false,min,2,0.42769,na,na,382886,623955,1001
set_covering_n500_m336_d0.15_b_w165_seed4.txt,Set Covering,500,Relaxed,1000,false,min,2,0.83641,na,na,719172,1178105,2001
set_covering_n500_m336_d0.15_b_w165_seed4.txt,Set Covering,500,Relaxed,2000,false,min,2,2.17258,na,na,1685511,2568700,4001
set_covering_n500_m336_d0.15_b_w165_seed4.txt,Set Covering,500,Relaxed,5000,false,min,2,6.66237,na,na,4002852,6141057,10001
set_covering_n500_m336_d0.15_b_w165_seed4.txt,Set Covering,500,Relaxed,10000,false,min,2,18.13626,na,na,8182534,12457365,20001
set_covering_n500_m336_d0.15_b_w165_seed4.txt,Set Covering,500,Restricted,20000,false,min,14,38.24414,na,na,16314488,17271572,40000
set_covering_n500_m336_d0.15_b_w165_seed4.txt,Set Covering,500,Relaxed,20000,false,min,2,45.03556,na,na,16315706,24812525,40001
set_covering_n750_m586_d0.1_b_w165_seed1.txt,Set Covering,750,Restricted,500,false,min,24,0.99369,na,na,647328,684349,1000
set_covering_n750_m586_d0.1_b_w165_seed1.txt,Set Covering,750,Restricted,1000,false,min,23,1.97145,na,na,1278669,1338114,2000
set_covering_n750_m586_d0.1_b_w165_seed1.txt,Set Covering,750,Restricted,2000,false,min,23,4.47878,na,na,2598100,2710629,4000
set_covering_n750_m586_d0.1_b_w165_seed1.txt,Set Covering,750,Restricted,5000,false,min,24,13.35879,na,na,6364233,6682958,10000
set_covering_n750_m586_d0.1_b_w165_seed1.txt,Set Covering,750,Restricted,10000,false,min,24,33.80709,na,na,12819765,13352734,20000
set_covering_n750_m586_d0.1_b_w165_seed1.txt,Set Covering,750,Relaxed,500,false,min,2,1.05791,na,na,613320,988621,1001
set_covering_n750_m586_d0.1_b_w165_seed1.txt,Set Covering,750,Relaxed,1000,false,min,2,2.17984,na,na,1211826,1942299,2001
set_covering_n750_m586_d0.1_b_w165_seed1.txt,Set Covering,750,Relaxed,2000,false,min,2,4.83567,na,na,2409779,3860510,4001
set_covering_n750_m586_d0.1_b_w165_seed1.txt,Set Covering,750,Relaxed,5000,false,min,2,14.88930,na,na,6232967,9632143,10001
set_covering_n750_m586_d0.1_b_w165_seed1.txt,Set Covering,750,Relaxed,10000,false,min,2,38.65668,na,na,12800743,19393936,20001
set_covering_n750_m586_d0.1_b_w165_seed1.txt,Set Covering,750,Restricted,20000,false,min,22,79.43674,na,na,25581562,26791409,40000
set_covering_n750_m586_d0.1_b_w165_seed2.txt,Set Covering,750,Restricted,500,false,min,27,1.00710,na,na,662716,689957,1000
set_covering_n750_m586_d0.1_b_w165_seed2.txt,Set Covering,750,Restricted,1000,false,min,25,2.05318,na,na,1318432,1367852,2000
set_covering_n750_m586_d0.1_b_w165_seed2.txt,Set Covering,750,Restricted,2000,false,min,24,4.48771,na,na,2603455,2713347,4000
set_covering_n750_m586_d0.1_b_w165_seed2.txt,Set Covering,750,Restricted,5000,false,min,24,13.65866,na,na,6455486,6741135,10000
set_covering_n750_m586_d0.1_b_w165_seed2.txt,Set Covering,750,Restricted,10000,false,min,24,33.96592,na,na,12849499,13461445,20000
set_covering_n750_m586_d0.1_b_w165_seed2.txt,Set Covering,750,Relaxed,500,false,min,2,1.10531,na,na,652636,1018114,1001
set_covering_n750_m586_d0.1_b_w165_seed1.txt,Set Covering,750,Relaxed,20000,false,min,2,91.13126,na,na,25590899,38794623,40001
set_covering_n750_m586_d0.1_b_w165_seed2.txt,Set Covering,750,Relaxed,1000,false,min,2,2.24365,na,na,1240444,1959577,2001
set_covering_n750_m586_d0.1_b_w165_seed2.txt,Set Covering,750,Relaxed,2000,false,min,2,4.95121,na,na,2445409,3867515,4001
set_covering_n750_m586_d0.1_b_w165_seed2.txt,Set Covering,750,Relaxed,5000,false,min,2,14.19780,na,na,5941441,9262872,10001
set_covering_n750_m586_d0.1_b_w165_seed2.txt,Set Covering,750,Relaxed,10000,false,min,2,35.14792,na,na,11694648,18217284,20001
set_covering_n750_m586_d0.1_b_w165_seed2.txt,Set Covering,750,Restricted,20000,false,min,24,80.15684,na,na,25712893,26809023,40000
set_covering_n750_m586_d0.1_b_w165_seed3.txt,Set Covering,750,Restricted,500,false,min,25,0.98746,na,na,650182,676375,1000
set_covering_n750_m586_d0.1_b_w165_seed3.txt,Set Covering,750,Restricted,1000,false,min,25,1.94105,na,na,1248570,1309931,2000
set_covering_n750_m586_d0.1_b_w165_seed3.txt,Set Covering,750,Restricted,2000,false,min,25,4.29264,na,na,2522518,2643309,4000
set_covering_n750_m586_d0.1_b_w165_seed3.txt,Set Covering,750,Restricted,5000,false,min,24,13.92329,na,na,6504355,6790168,10000
set_covering_n750_m586_d0.1_b_w165_seed3.txt,Set Covering,750,Restricted,10000,false,min,23,34.07352,na,na,12885816,13512753,20000
set_covering_n750_m586_d0.1_b_w165_seed3.txt,Set Covering,750,Relaxed,500,false,min,2,1.06398,na,na,628447,993380,1001
set_covering_n750_m586_d0.1_b_w165_seed3.txt,Set Covering,750,Relaxed,1000,false,min,2,2.20252,na,na,1265470,1984723,2001
set_covering_n750_m586_d0.1_b_w165_seed3.txt,Set Covering,750,Relaxed,2000,false,min,2,4.85716,na,na,2474997,3894679,4001
set_covering_n750_m586_d0.1_b_w165_seed2.txt,Set Covering,750,Relaxed,20000,false,min,2,90.47002,na,na,25473318,38756543,40001
set_covering_n750_m586_d0.1_b_w165_seed3.txt,Set Covering,750,Relaxed,5000,false,min,2,14.80343,na,na,6379110,9735204,10001
set_covering_n750_m586_d0.1_b_w165_seed3.txt,Set Covering,750,Restricted,20000,false,min,23,78.57587,na,na,25437077,26653597,40000
set_covering_n750_m586_d0.1_b_w165_seed3.txt,Set Covering,750,Relaxed,10000,false,min,2,37.43369,na,na,12697438,19755360,20001
set_covering_n750_m586_d0.1_b_w165_seed4.txt,Set Covering,750,Restricted,500,false,min,25,0.98554,na,na,648459,679032,1000
set_covering_n750_m586_d0.1_b_w165_seed4.txt,Set Covering,750,Restricted,1000,false,min,25,1.98682,na,na,1279222,1337427,2000
set_covering_n750_m586_d0.1_b_w165_seed4.txt,Set Covering,750,Restricted,2000,false,min,24,4.50111,na,na,2602459,2724893,4000
set_covering_n750_m586_d0.1_b_w165_seed4.txt,Set Covering,750,Restricted,5000,false,min,24,13.56258,na,na,6517808,6804567,10000
set_covering_n750_m586_d0.1_b_w165_seed3.txt,Set Covering,750,Relaxed,20000,false,min,2,90.22645,na,na,26067657,40377130,40001
set_covering_n750_m586_d0.1_b_w165_seed4.txt,Set Covering,750,Restricted,10000,false,min,23,34.33591,na,na,13009719,13509721,20000
set_covering_n750_m586_d0.1_b_w165_seed4.txt,Set Covering,750,Relaxed,500,false,min,2,1.10198,na,na,652802,1035463,1001
set_covering_n750_m586_d0.1_b_w165_seed4.txt,Set Covering,750,Relaxed,1000,false,min,2,2.22833,na,na,1272704,2017413,2001
set_covering_n750_m586_d0.1_b_w165_seed4.txt,Set Covering,750,Relaxed,2000,false,min,2,4.91784,na,na,2478292,3959480,4001
set_covering_n750_m586_d0.1_b_w165_seed4.txt,Set Covering,750,Relaxed,5000,false,min,2,14.50158,na,na,5989890,9512957,10001
set_covering_n750_m586_d0.1_b_w165_seed4.txt,Set Covering,750,Relaxed,10000,false,min,2,39.36224,na,na,13143996,19847114,20001
set_covering_n750_m586_d0.1_b_w165_seed4.txt,Set Covering,750,Restricted,20000,false,min,24,81.33251,na,na,26067811,27065901,40000
set_covering_n1000_m836_d0.07_b_w165_seed1.txt,Set Covering,1000,Restricted,500,false,min,37,1.91786,na,na,915435,939746,1000
set_covering_n1000_m836_d0.07_b_w165_seed1.txt,Set Covering,1000,Restricted,1000,false,min,37,3.86927,na,na,1810378,1866261,2000
set_covering_n1000_m836_d0.07_b_w165_seed1.txt,Set Covering,1000,Restricted,2000,false,min,35,8.57035,na,na,3638971,3729709,4000
set_covering_n750_m586_d0.1_b_w165_seed4.txt,Set Covering,750,Relaxed,20000,false,min,2,91.73895,na,na,26054219,39370018,40001
set_covering_n1000_m836_d0.07_b_w165_seed1.txt,Set Covering,1000,Restricted,5000,false,min,35,25.65941,na,na,9056286,9307786,10000
set_covering_n1000_m836_d0.07_b_w165_seed1.txt,Set Covering,1000,Relaxed,500,false,min,1,1.93682,na,na,834047,1317755,1001
set_covering_n1000_m836_d0.07_b_w165_seed1.txt,Set Covering,1000,Relaxed,1000,false,min,2,4.21502,na,na,1771240,2775596,2001
set_covering_n1000_m836_d0.07_b_w165_seed1.txt,Set Covering,1000,Relaxed,2000,false,min,2,9.30509,na,na,3486084,5466150,4001
set_covering_n1000_m836_d0.07_b_w165_seed1.txt,Set Covering,1000,Restricted,10000,false,min,35,60.13135,na,na,17988257,18524833,20000
set_covering_n1000_m836_d0.07_b_w165_seed1.txt,Set Covering,1000,Relaxed,5000,false,min,2,26.81776,na,na,8636940,13569060,10001
set_covering_n1000_m836_d0.07_b_w165_seed1.txt,Set Covering,1000,Relaxed,10000,false,min,2,65.92259,na,na,17447443,26930515,20001
set_covering_n1000_m836_d0.07_b_w165_seed1.txt,Set Covering,1000,Restricted,20000,false,min,35,136.72377,na,na,35862243,36950864,40000
set_covering_n1000_m836_d0.07_b_w165_seed2.txt,Set Covering,1000,Restricted,500,false,min,38,1.89835,na,na,897094,925714,1000
set_covering_n1000_m836_d0.07_b_w165_seed2.txt,Set Covering,1000,Restricted,1000,false,min,37,3.85103,na,na,1788252,1848407,2000
set_covering_n1000_m836_d0.07_b_w165_seed2.txt,Set Covering,1000,Restricted,2000,false,min,36,8.46933,na,na,3550321,3680628,4000
set_covering_n1000_m836_d0.07_b_w165_seed2.txt,Set Covering,1000,Restricted,5000,false,min,35,24.99285,na,na,8822157,9173650,10000
set_covering_n1000_m836_d0.07_b_w165_seed2.txt,Set Covering,1000,Restricted,10000,false,min,36,59.20659,na,na,17587153,18230120,20000
set_covering_n1000_m836_d0.07_b_w165_seed1.txt,Set Covering,1000,Relaxed,20000,false,min,2,149.88661,na,na,35049769,54009703,40001
set_covering_n1000_m836_d0.07_b_w165_seed2.txt,Set Covering,1000,Relaxed,500,false,min,1,1.98323,na,na,849623,1326253,1001
set_covering_n1000_m836_d0.07_b_w165_seed2.txt,Set Covering,1000,Relaxed,1000,false,min,2,4.29640,na,na,1785443,2763631,2001
set_covering_n1000_m836_d0.07_b_w165_seed2.txt,Set Covering,1000,Relaxed,2000,false,min,2,9.44016,na,na,3525201,5469187,4001
set_covering_n1000_m836_d0.07_b_w165_seed2.txt,Set Covering,1000,Relaxed,5000,false,min,2,26.75911,na,na,8513099,13348378,10001
set_covering_n1000_m836_d0.07_b_w165_seed2.txt,Set Covering,1000,Relaxed,10000,false,min,2,62.94319,na,na,16476318,25652199,20001
set_covering_n1000_m836_d0.07_b_w165_seed3.txt,Set Covering,1000,Restricted,500,false,min,37,1.87670,na,na,878962,927283,1000
set_covering_n1000_m836_d0.07_b_w165_seed2.txt,Set Covering,1000,Restricted,20000,false,min,36,133.31419,na,na,35137398,36423427,40000
set_covering_n1000_m836_d0.07_b_w165_seed3.txt,Set Covering,1000,Restricted,1000,false,min,37,3.84670,na,na,1742934,1856488,2000
set_covering_n1000_m836_d0.07_b_w165_seed3.txt,Set Covering,1000,Restricted,2000,false,min,35,8.42466,na,na,3522953,3672453,4000
set_covering_n1000_m836_d0.07_b_w165_seed3.txt,Set Covering,1000,Restricted,5000,false,min,35,24.54118,na,na,8759043,9155053,10000
set_covering_n1000_m836_d0.07_b_w165_seed3.txt,Set Covering,1000,Restricted,10000,false,min,35,57.98327,na,na,17421857,18246616,20000
set_covering_n1000_m836_d0.07_b_w165_seed2.txt,Set Covering,1000,Relaxed,20000,false,min,2,150.72430,na,na,35463234,53705781,40001
set_covering_n1000_m836_d0.07_b_w165_seed3.txt,Set Covering,1000,Relaxed,500,false,min,1,1.96548,na,na,842853,1323701,1001
set_covering_n1000_m836_d0.07_b_w165_seed3.txt,Set Covering,1000,Relaxed,1000,false,min,2,4.13094,na,na,1723618,2695773,2001
set_covering_n1000_m836_d0.07_b_w165_seed3.txt,Set Covering,1000,Relaxed,2000,false,min,2,9.05092,na,na,3423591,5352766,4001
set_covering_n1000_m836_d0.07_b_w165_seed3.txt,Set Covering,1000,Relaxed,5000,false,min,2,23.51155,na,na,7487791,11428459,10001
set_covering_n1000_m836_d0.07_b_w165_seed3.txt,Set Covering,1000,Relaxed,10000,false,min,2,65.14668,na,na,17359320,26394715,20001
set_covering_n1000_m836_d0.07_b_w165_seed3.txt,Set Covering,1000,Restricted,20000,false,min,34,132.58463,na,na,34794443,36345339,40000
set_covering_n1000_m836_d0.07_b_w165_seed4.txt,Set Covering,1000,Restricted,500,false,min,36,1.88840,na,na,899573,930334,1000
set_covering_n1000_m836_d0.07_b_w165_seed4.txt,Set Covering,1000,Restricted,1000,false,min,36,3.90392,na,na,1787648,1844677,2000
set_covering_n1000_m836_d0.07_b_w165_seed4.txt,Set Covering,1000,Restricted,2000,false,min,35,8.43509,na,na,3537811,3655917,4000
set_covering_n1000_m836_d0.07_b_w165_seed4.txt,Set Covering,1000,Restricted,5000,false,min,35,24.76825,na,na,8857874,9124910,10000
set_covering_n1000_m836_d0.07_b_w165_seed4.txt,Set Covering,1000,Restricted,10000,false,min,35,58.64334,na,na,17662454,18294052,20000
set_covering_n1000_m836_d0.07_b_w165_seed4.txt,Set Covering,1000,Relaxed,500,false,min,1,2.01888,na,na,899723,1368244,1001
set_covering_n1000_m836_d0.07_b_w165_seed3.txt,Set Covering,1000,Relaxed,20000,false,min,2,148.70454,na,na,34767283,52689658,40001
set_covering_n1000_m836_d0.07_b_w165_seed4.txt,Set Covering,1000,Relaxed,1000,false,min,2,4.15103,na,na,1704209,2683118,2001
set_covering_n1000_m836_d0.07_b_w165_seed4.txt,Set Covering,1000,Relaxed,2000,false,min,2,8.97091,na,na,3344996,5296911,4001
set_covering_n1000_m836_d0.07_b_w165_seed4.txt,Set Covering,1000,Relaxed,5000,false,min,2,26.50215,na,na,8244895,13081121,10001
set_covering_n1000_m836_d0.07_b_w165_seed4.txt,Set Covering,1000,Relaxed,10000,false,min,2,63.35172,na,na,16629402,25739859,20001
set_covering_n1250_m1086_d0.06_b_w165_seed1.txt,Set Covering,1250,Restricted,500,false,min,49,3.10710,na,na,1160604,1179974,1000
set_covering_n1250_m1086_d0.06_b_w165_seed1.txt,Set Covering,1250,Restricted,1000,false,min,49,6.37943,na,na,2312116,2358087,2000
set_covering_n1000_m836_d0.07_b_w165_seed4.txt,Set Covering,1000,Restricted,20000,false,min,35,136.62206,na,na,35536880,36542167,40000
set_covering_n1250_m1086_d0.06_b_w165_seed1.txt,Set Covering,1250,Restricted,2000,false,min,48,13.83576,na,na,4575251,4688408,4000
set_covering_n1250_m1086_d0.06_b_w165_seed1.txt,Set Covering,1250,Restricted,5000,false,min,47,39.18990,na,na,11477928,11721114,10000
set_covering_n1000_m836_d0.07_b_w165_seed4.txt,Set Covering,1000,Relaxed,20000,false,min,2,142.92416,na,na,33197444,50978238,40001
set_covering_n1250_m1086_d0.06_b_w165_seed1.txt,Set Covering,1250,Relaxed,500,false,min,1,3.14490,na,na,1062108,1665660,1001
set_covering_n1250_m1086_d0.06_b_w165_seed1.txt,Set Covering,1250,Relaxed,1000,false,min,2,6.45352,na,na,2112778,3309770,2001
set_covering_n1250_m1086_d0.06_b_w165_seed1.txt,Set Covering,1250,Relaxed,2000,false,min,2,13.97378,na,na,4249913,6625823,4001
set_covering_n1250_m1086_d0.06_b_w165_seed1.txt,Set Covering,1250,Restricted,10000,false,min,46,89.77587,na,na,22720860,23361466,20000
set_covering_n1250_m1086_d0.06_b_w165_seed1.txt,Set Covering,1250,Relaxed,5000,false,min,2,39.54341,na,na,10552336,16359576,10001
set_covering_n1250_m1086_d0.06_b_w165_seed1.txt,Set Covering,1250,Relaxed,10000,false,min,2,96.06710,na,na,22491642,34260999,20001
set_covering_n1250_m1086_d0.06_b_w165_seed2.txt,Set Covering,1250,Restricted,500,false,min,48,3.06920,na,na,1138861,1169179,1000
set_covering_n1250_m1086_d0.06_b_w165_seed2.txt,Set Covering,1250,Restricted,1000,false,min,48,6.24196,na,na,2272537,2338858,2000
set_covering_n1250_m1086_d0.06_b_w165_seed2.txt,Set Covering,1250,Restricted,2000,false,min,48,13.56124,na,na,4530967,4657402,4000
set_covering_n1250_m1086_d0.06_b_w165_seed1.txt,Set Covering,1250,Restricted,20000,false,min,46,199.91064,na,na,45502002,46722791,40000
set_covering_n1250_m1086_d0.06_b_w165_seed2.txt,Set Covering,1250,Restricted,5000,false,min,47,38.28908,na,na,11375161,11669920,10000
set_covering_n1250_m1086_d0.06_b_w165_seed2.txt,Set Covering,1250,Relaxed,500,false,min,1,3.18402,na,na,1081023,1686163,1001
set_covering_n1250_m1086_d0.06_b_w165_seed2.txt,Set Covering,1250,Relaxed,1000,false,min,2,6.61259,na,na,2186112,3409755,2001
set_covering_n1250_m1086_d0.06_b_w165_seed2.txt,Set Covering,1250,Relaxed,2000,false,min,2,14.41964,na,na,4377975,6813229,4001
set_covering_n1250_m1086_d0.06_b_w165_seed1.txt,Set Covering,1250,Relaxed,20000,false,min,2,207.27773,na,na,42368389,65692258,40001
set_covering_n1250_m1086_d0.06_b_w165_seed2.txt,Set Covering,1250,Restricted,10000,false,min,47,88.63160,na,na,22499347,23219333,20000
set_covering_n1250_m1086_d0.06_b_w165_seed2.txt,Set Covering,1250,Relaxed,5000,false,min,2,41.21139,na,na,10723780,16644833,10001
set_covering_n1250_m1086_d0.06_b_w165_seed2.txt,Set Covering,1250,Relaxed,10000,false,min,2,93.73891,na,na,21251556,32790318,20001
set_covering_n1250_m1086_d0.06_b_w165_seed3.txt,Set Covering,1250,Restricted,500,false,min,49,3.00020,na,na,1110679,1150585,1000
set_covering_n1250_m1086_d0.06_b_w165_seed3.txt,Set Covering,1250,Restricted,1000,false,min,48,6.25872,na,na,2285061,2340542,2000
set_covering_n1250_m1086_d0.06_b_w165_seed3.txt,Set Covering,1250,Restricted,2000,false,min,49,13.43487,na,na,4496062,4620920,4000
set_covering_n1250_m1086_d0.06_b_w165_seed2.txt,Set Covering,1250,Restricted,20000,false,min,45,196.31284,na,na,44564951,45864917,40000
set_covering_n1250_m1086_d0.06_b_w165_seed3.txt,Set Covering,1250,Restricted,5000,false,min,47,37.57122,na,na,11176035,11511311,10000
set_covering_n1250_m1086_d0.06_b_w165_seed3.txt,Set Covering,1250,Relaxed,500,false,min,1,3.27154,na,na,1129142,1750148,1001
set_covering_n1250_m1086_d0.06_b_w165_seed3.txt,Set Covering,1250,Relaxed,1000,false,min,2,6.71108,na,na,2242489,3495077,2001
set_covering_n1250_m1086_d0.06_b_w165_seed3.txt,Set Covering,1250,Relaxed,2000,false,min,2,14.50813,na,na,4459111,6961997,4001
set_covering_n1250_m1086_d0.06_b_w165_seed3.txt,Set Covering,1250,Restricted,10000,false,min,47,85.72903,na,na,22374973,22964201,20000
set_covering_n1250_m1086_d0.06_b_w165_seed2.txt,Set Covering,1250,Relaxed,20000,false,min,2,203.28062,na,na,41444636,63308430,40001
set_covering_n1250_m1086_d0.06_b_w165_seed3.txt,Set Covering,1250,Relaxed,5000,false,min,2,40.72419,na,na,11096453,17388624,10001
set_covering_n1250_m1086_d0.06_b_w165_seed3.txt,Set Covering,1250,Relaxed,10000,false,min,2,93.86564,na,na,21819995,34099831,20001
set_covering_n1250_m1086_d0.06_b_w165_seed4.txt,Set Covering,1250,Restricted,500,false,min,49,3.00963,na,na,1126396,1154783,1000
set_covering_n1250_m1086_d0.06_b_w165_seed4.txt,Set Covering,1250,Restricted,1000,false,min,48,6.18824,na,na,2253602,2314025,2000
set_covering_n1250_m1086_d0.06_b_w165_seed3.txt,Set Covering,1250,Restricted,20000,false,min,46,194.18344,na,na,44758485,45897968,40000
set_covering_n1250_m1086_d0.06_b_w165_seed4.txt,Set Covering,1250,Restricted,2000,false,min,48,13.49385,na,na,4532239,4689666,4000
set_covering_n1250_m1086_d0.06_b_w165_seed4.txt,Set Covering,1250,Restricted,5000,false,min,46,37.49865,na,na,11364754,11785473,10000
set_covering_n1250_m1086_d0.06_b_w165_seed4.txt,Set Covering,1250,Relaxed,500,false,min,1,3.01533,na,na,1045767,1627436,1001
set_covering_n1250_m1086_d0.06_b_w165_seed4.txt,Set Covering,1250,Relaxed,1000,false,min,2,6.56349,na,na,2209030,3437912,2001
set_covering_n1250_m1086_d0.06_b_w165_seed4.txt,Set Covering,1250,Relaxed,2000,false,min,2,14.27419,na,na,4396136,6854283,4001
set_covering_n1250_m1086_d0.06_b_w165_seed4.txt,Set Covering,1250,Restricted,10000,false,min,46,87.13962,na,na,22566975,23342083,20000
set_covering_n1250_m1086_d0.06_b_w165_seed4.txt,Set Covering,1250,Relaxed,5000,false,min,2,40.23915,na,na,10923643,17087637,10001
set_covering_n1250_m1086_d0.06_b_w165_seed3.txt,Set Covering,1250,Relaxed,20000,false,min,2,215.15948,na,na,44517381,67221001,40001
set_covering_n1250_m1086_d0.06_b_w165_seed4.txt,Set Covering,1250,Relaxed,10000,false,min,2,88.23727,na,na,20751537,31955429,20001
set_covering_n1500_m1336_d0.05_b_w165_seed1.txt,Set Covering,1500,Restricted,500,false,min,61,4.50648,na,na,1376442,1403853,1000
set_covering_n1250_m1086_d0.06_b_w165_seed4.txt,Set Covering,1250,Restricted,20000,false,min,45,194.25023,na,na,44830016,46418623,40000
set_covering_n1500_m1336_d0.05_b_w165_seed1.txt,Set Covering,1500,Restricted,1000,false,min,60,9.29338,na,na,2722166,2792421,2000
set_covering_n1500_m1336_d0.05_b_w165_seed1.txt,Set Covering,1500,Restricted,2000,false,min,59,20.06951,na,na,5529684,5633465,4000
set_covering_n1500_m1336_d0.05_b_w165_seed1.txt,Set Covering,1500,Restricted,5000,false,min,58,55.34475,na,na,13817583,14043807,10000
set_covering_n1500_m1336_d0.05_b_w165_seed1.txt,Set Covering,1500,Relaxed,500,false,min,1,4.53000,na,na,1286781,2004205,1001
set_covering_n1500_m1336_d0.05_b_w165_seed1.txt,Set Covering,1500,Relaxed,1000,false,min,1,9.58800,na,na,2611331,4060430,2001
set_covering_n1500_m1336_d0.05_b_w165_seed1.txt,Set Covering,1500,Relaxed,2000,false,min,2,21.33686,na,na,5429667,8415195,4001
set_covering_n1250_m1086_d0.06_b_w165_seed4.txt,Set Covering,1250,Relaxed,20000,false,min,2,200.73778,na,na,41625788,64198400,40001
set_covering_n1500_m1336_d0.05_b_w165_seed1.txt,Set Covering,1500,Restricted,10000,false,min,58,124.73486,na,na,27576941,28046789,20000
set_covering_n1500_m1336_d0.05_b_w165_seed1.txt,Set Covering,1500,Relaxed,5000,false,min,2,59.82483,na,na,13500917,20958723,10001
set_covering_n1500_m1336_d0.05_b_w165_seed2.txt,Set Covering,1500,Restricted,500,false,min,61,4.62297,na,na,1384605,1424984,1000
set_covering_n1500_m1336_d0.05_b_w165_seed2.txt,Set Covering,1500,Restricted,1000,false,min,60,9.31643,na,na,2737601,2819144,2000
set_covering_n1500_m1336_d0.05_b_w165_seed1.txt,Set Covering,1500,Relaxed,10000,false,min,2,135.25136,na,na,27160719,42093835,20001
set_covering_n1500_m1336_d0.05_b_w165_seed2.txt,Set Covering,1500,Restricted,2000,false,min,58,19.99345,na,na,5412092,5569820,4000
set_covering_n1500_m1336_d0.05_b_w165_seed1.txt,Set Covering,1500,Restricted,20000,false,min,57,277.23563,na,na,55082601,56216750,40000
set_covering_n1500_m1336_d0.05_b_w165_seed2.txt,Set Covering,1500,Restricted,5000,false,min,59,55.92057,na,na,13650754,13898659,10000
set_covering_n1500_m1336_d0.05_b_w165_seed2.txt,Set Covering,1500,Relaxed,500,false,min,1,4.64736,na,na,1310682,2046465,1001
set_covering_n1500_m1336_d0.05_b_w165_seed2.txt,Set Covering,1500,Relaxed,1000,false,min,1,9.82121,na,na,2628391,4045578,2001
set_covering_n1500_m1336_d0.05_b_w165_seed2.txt,Set Covering,1500,Relaxed,2000,false,min,2,21.24504,na,na,5346150,8302990,4001
set_covering_n1500_m1336_d0.05_b_w165_seed2.txt,Set Covering,1500,Restricted,10000,false,min,58,125.86449,na,na,27217859,27948962,20000
set_covering_n1500_m1336_d0.05_b_w165_seed2.txt,Set Covering,1500,Relaxed,5000,false,min,2,60.49160,na,na,13467997,20919667,10001
set_covering_n1500_m1336_d0.05_b_w165_seed1.txt,Set Covering,1500,Relaxed,20000,false,min,2,299.46603,na,na,53433890,82725758,40001
set_covering_n1500_m1336_d0.05_b_w165_seed3.txt,Set Covering,1500,Restricted,500,false,min,62,4.49741,na,na,1354193,1401251,1000
set_covering_n1500_m1336_d0.05_b_w165_seed3.txt,Set Covering,1500,Restricted,1000,false,min,62,9.30765,na,na,2700489,2785594,2000
set_covering_n1500_m1336_d0.05_b_w165_seed3.txt,Set Covering,1500,Restricted,2000,false,min,58,19.91010,na,na,5367353,5562627,4000
set_covering_n1500_m1336_d0.05_b_w165_seed2.txt,Set Covering,1500,Relaxed,10000,false,min,2,136.91812,na,na,26995572,41820687,20001
set_covering_n1500_m1336_d0.05_b_w165_seed3.txt,Set Covering,1500,Restricted,5000,false,min,58,55.56454,na,na,13485788,13844484,10000
set_covering_n1500_m1336_d0.05_b_w165_seed2.txt,Set Covering,1500,Restricted,20000,false,min,58,276.90948,na,na,54507333,55770097,40000
set_covering_n1500_m1336_d0.05_b_w165_seed3.txt,Set Covering,1500,Relaxed,500,false,min,1,4.81881,na,na,1376098,2125723,1001
set_covering_n1500_m1336_d0.05_b_w165_seed3.txt,Set Covering,1500,Relaxed,1000,false,min,1,9.92422,na,na,2729535,4233574,2001
set_covering_n1500_m1336_d0.05_b_w165_seed3.txt,Set Covering,1500,Relaxed,2000,false,min,2,21.33293,na,na,5370757,8353849,4001
set_covering_n1500_m1336_d0.05_b_w165_seed3.txt,Set Covering,1500,Restricted,10000,false,min,58,124.95495,na,na,26911399,27722907,20000
set_covering_n1500_m1336_d0.05_b_w165_seed3.txt,Set Covering,1500,Relaxed,5000,false,min,2,59.17568,na,na,13380133,20870991,10001
set_covering_n1500_m1336_d0.05_b_w165_seed2.txt,Set Covering,1500,Relaxed,20000,false,min,2,297.60471,na,na,53048972,80760380,40001
set_covering_n1500_m1336_d0.05_b_w165_seed4.txt,Set Covering,1500,Restricted,500,false,min,61,4.58192,na,na,1368431,1402015,1000
set_covering_n1500_m1336_d0.05_b_w165_seed4.txt,Set Covering,1500,Restricted,1000,false,min,57,9.40275,na,na,2730618,2797982,2000
set_covering_n1500_m1336_d0.05_b_w165_seed4.txt,Set Covering,1500,Restricted,2000,false,min,58,20.09705,na,na,5449842,5586021,4000
set_covering_n1500_m1336_d0.05_b_w165_seed3.txt,Set Covering,1500,Relaxed,10000,false,min,2,138.18481,na,na,26888827,41740004,20001
set_covering_n1500_m1336_d0.05_b_w165_seed4.txt,Set Covering,1500,Restricted,5000,false,min,56,56.11864,na,na,13585786,13907019,10000
set_covering_n1500_m1336_d0.05_b_w165_seed3.txt,Set Covering,1500,Restricted,20000,false,min,58,275.18201,na,na,53658632,55255320,40000
set_covering_n1500_m1336_d0.05_b_w165_seed4.txt,Set Covering,1500,Relaxed,500,false,min,1,4.71548,na,na,1309534,2047843,1001
set_covering_n1500_m1336_d0.05_b_w165_seed4.txt,Set Covering,1500,Relaxed,1000,false,min,1,9.93696,na,na,2639750,4108582,2001
set_covering_n1500_m1336_d0.05_b_w165_seed4.txt,Set Covering,1500,Relaxed,2000,false,min,2,21.36734,na,na,5301492,8273452,4001
set_covering_n1500_m1336_d0.05_b_w165_seed4.txt,Set Covering,1500,Restricted,10000,false,min,56,126.65800,na,na,27095960,27718440,20000
set_covering_n1500_m1336_d0.05_b_w165_seed4.txt,Set Covering,1500,Relaxed,5000,false,min,2,60.77718,na,na,13302905,20755996,10001
set_covering_n1500_m1336_d0.05_b_w165_seed3.txt,Set Covering,1500,Relaxed,20000,false,min,2,293.11935,na,na,51973415,79380400,40001
set_covering_n1750_m1586_d0.04_b_w165_seed1.txt,Set Covering,1750,Restricted,500,false,min,71,6.29454,na,na,1625470,1661137,1000
set_covering_n1750_m1586_d0.04_b_w165_seed1.txt,Set Covering,1750,Restricted,1000,false,min,71,13.09637,na,na,3251564,3323289,2000
set_covering_n1500_m1336_d0.05_b_w165_seed4.txt,Set Covering,1500,Relaxed,10000,false,min,2,136.83922,na,na,26900993,41464653,20001
set_covering_n1750_m1586_d0.04_b_w165_seed1.txt,Set Covering,1750,Restricted,2000,false,min,71,28.00996,na,na,6530286,6639713,4000
set_covering_n1500_m1336_d0.05_b_w165_seed4.txt,Set Covering,1500,Restricted,20000,false,min,55,277.31445,na,na,54010858,55290596,40000
set_covering_n1750_m1586_d0.04_b_w165_seed1.txt,Set Covering,1750,Restricted,5000,false,min,71,77.22642,na,na,16260481,16571772,10000
set_covering_n1750_m1586_d0.04_b_w165_seed1.txt,Set Covering,1750,Relaxed,500,false,min,1,6.00919,na,na,1445162,2203266,1001
set_covering_n1750_m1586_d0.04_b_w165_seed1.txt,Set Covering,1750,Relaxed,1000,false,min,1,13.47132,na,na,3098514,4789860,2001
set_covering_n1750_m1586_d0.04_b_w165_seed1.txt,Set Covering,1750,Relaxed,2000,false,min,2,28.70951,na,na,6296808,9772532,4001
set_covering_n1500_m1336_d0.05_b_w165_seed4.txt,Set Covering,1500,Relaxed,20000,false,min,2,289.50546,na,na,51578392,79106552,40001
set_covering_n1750_m1586_d0.04_b_w165_seed1.txt,Set Covering,1750,Restricted,10000,false,min,69,170.79208,na,na,32483002,33130806,20000
set_covering_n1750_m1586_d0.04_b_w165_seed1.txt,Set Covering,1750,Relaxed,5000,false,min,2,80.62898,na,na,15890627,24581702,10001
set_covering_n1750_m1586_d0.04_b_w165_seed2.txt,Set Covering,1750,Restricted,500,false,min,73,6.11643,na,na,1594335,1630533,1000
set_covering_n1750_m1586_d0.04_b_w165_seed2.txt,Set Covering,1750,Restricted,1000,false,min,73,12.89347,na,na,3211650,3295504,2000
set_covering_n1750_m1586_d0.04_b_w165_seed2.txt,Set Covering,1750,Restricted,2000,false,min,73,27.66954,na,na,6437756,6582812,4000
set_covering_n1750_m1586_d0.04_b_w165_seed2.txt,Set Covering,1750,Restricted,5000,false,min,72,74.70092,na,na,15891033,16233840,10000
set_covering_n1750_m1586_d0.04_b_w165_seed1.txt,Set Covering,1750,Relaxed,10000,false,min,2,182.93393,na,na,31797138,49265483,20001
set_covering_n1750_m1586_d0.04_b_w165_seed2.txt,Set Covering,1750,Relaxed,500,false,min,1,6.48240,na,na,1559998,2424565,1001
set_covering_n1750_m1586_d0.04_b_w165_seed2.txt,Set Covering,1750,Relaxed,1000,false,min,1,13.47603,na,na,3146190,4844755,2001
set_covering_n1750_m1586_d0.04_b_w165_seed2.txt,Set Covering,1750,Relaxed,2000,false,min,2,28.95443,na,na,6370548,9831464,4001
set_covering_n1750_m1586_d0.04_b_w165_seed2.txt,Set Covering,1750,Relaxed,5000,false,min,2,80.44025,na,na,15960800,24601546,10001
set_covering_n1750_m1586_d0.04_b_w165_seed2.txt,Set Covering,1750,Restricted,10000,false,min,70,166.99754,na,na,32097485,32880133,20000
set_covering_n1750_m1586_d0.04_b_w165_seed3.txt,Set Covering,1750,Restricted,500,false,min,73,6.20747,na,na,1620711,1648823,1000
set_covering_n1750_m1586_d0.04_b_w165_seed3.txt,Set Covering,1750,Restricted,1000,false,min,72,12.92537,na,na,3238372,3320558,2000
set_covering_n1750_m1586_d0.04_b_w165_seed3.txt,Set Covering,1750,Restricted,2000,false,min,72,27.23325,na,na,6394738,6585832,4000
set_covering_n1750_m1586_d0.04_b_w165_seed3.txt,Set Covering,1750,Restricted,5000,false,min,70,74.36317,na,na,15936141,16445709,10000
set_covering_n1750_m1586_d0.04_b_w165_seed2.txt,Set Covering,1750,Relaxed,10000,false,min,2,178.26447,na,na,31259110,48100371,20001
set_covering_n1750_m1586_d0.04_b_w165_seed3.txt,Set Covering,1750,Relaxed,500,false,min,1,6.43617,na,na,1578051,2440212,1001
set_covering_n1750_m1586_d0.04_b_w165_seed3.txt,Set Covering,1750,Relaxed,1000,false,min,1,13.33677,na,na,3116526,4833509,2001
set_covering_n1750_m1586_d0.04_b_w165_seed3.txt,Set Covering,1750,Relaxed,2000,false,min,2,28.67995,na,na,6292955,9744413,4001
set_covering_n1750_m1586_d0.04_b_w165_seed3.txt,Set Covering,1750,Relaxed,5000,false,min,2,77.53975,na,na,15790847,24378729,10001
set_covering_n1750_m1586_d0.04_b_w165_seed3.txt,Set Covering,1750,Restricted,10000,false,min,69,163.23325,na,na,31847747,32895154,20000
set_covering_n1750_m1586_d0.04_b_w165_seed4.txt,Set Covering,1750,Restricted,500,false,min,76,6.20970,na,na,1623930,1655625,1000
set_covering_n1750_m1586_d0.04_b_w165_seed4.txt,Set Covering,1750,Restricted,1000,false,min,70,12.77906,na,na,3216319,3300171,2000
set_covering_n1750_m1586_d0.04_b_w165_seed4.txt,Set Covering,1750,Restricted,2000,false,min,69,26.90794,na,na,6425902,6575249,4000
set_covering_n1750_m1586_d0.04_b_w165_seed4.txt,Set Covering,1750,Restricted,5000,false,min,70,73.70842,na,na,16101506,16436948,10000
set_covering_n1750_m1586_d0.04_b_w165_seed3.txt,Set Covering,1750,Relaxed,10000,false,min,2,173.17712,na,na,31397536,48433125,20001
set_covering_n1750_m1586_d0.04_b_w165_seed4.txt,Set Covering,1750,Relaxed,500,false,min,1,6.30533,na,na,1546878,2398319,1001
set_covering_n1750_m1586_d0.04_b_w165_seed4.txt,Set Covering,1750,Relaxed,1000,false,min,1,13.20826,na,na,3143339,4839655,2001
set_covering_n1750_m1586_d0.04_b_w165_seed4.txt,Set Covering,1750,Relaxed,2000,false,min,2,27.86863,na,na,6229342,9619416,4001
set_covering_n1750_m1586_d0.04_b_w165_seed4.txt,Set Covering,1750,Relaxed,5000,false,min,2,75.74017,na,na,15500691,23888949,10001
set_covering_n1750_m1586_d0.04_b_w165_seed4.txt,Set Covering,1750,Restricted,10000,false,min,69,160.60793,na,na,31991885,32737495,20000
set_covering_n2000_m1836_d0.04_b_w165_seed1.txt,Set Covering,2000,Restricted,500,false,min,84,8.22320,na,na,1873588,1909732,1000
set_covering_n2000_m1836_d0.04_b_w165_seed1.txt,Set Covering,2000,Restricted,1000,false,min,83,16.93075,na,na,3767400,3820527,2000
set_covering_n2000_m1836_d0.04_b_w165_seed1.txt,Set Covering,2000,Restricted,2000,false,min,84,35.64001,na,na,7521140,7623459,4000
set_covering_n1750_m1586_d0.04_b_w165_seed4.txt,Set Covering,1750,Relaxed,10000,false,min,2,172.36591,na,na,31759422,48617253,20001
set_covering_n2000_m1836_d0.04_b_w165_seed1.txt,Set Covering,2000,Restricted,5000,false,min,82,97.26736,na,na,18720760,18983223,10000
set_covering_n2000_m1836_d0.04_b_w165_seed1.txt,Set Covering,2000,Relaxed,500,false,min,1,8.43051,na,na,1777945,2763321,1001
set_covering_n2000_m1836_d0.04_b_w165_seed1.txt,Set Covering,2000,Relaxed,1000,false,min,1,17.77913,na,na,3542301,5484317,2001
set_covering_n2000_m1836_d0.04_b_w165_seed1.txt,Set Covering,2000,Relaxed,2000,false,min,2,37.31301,na,na,7215448,11189353,4001
set_covering_n2000_m1836_d0.04_b_w165_seed1.txt,Set Covering,2000,Relaxed,5000,false,min,2,103.37002,na,na,18242185,28169372,10001
set_covering_n2000_m1836_d0.04_b_w165_seed1.txt,Set Covering,2000,Restricted,10000,false,min,82,216.46809,na,na,37321730,37879328,20000
set_covering_n2000_m1836_d0.04_b_w165_seed2.txt,Set Covering,2000,Restricted,500,false,min,85,8.27548,na,na,1854079,1893546,1000
set_covering_n2000_m1836_d0.04_b_w165_seed2.txt,Set Covering,2000,Restricted,1000,false,min,85,17.31919,na,na,3708896,3783771,2000
set_covering_n2000_m1836_d0.04_b_w165_seed2.txt,Set Covering,2000,Restricted,2000,false,min,85,36.45792,na,na,7442864,7560097,4000
set_covering_n2000_m1836_d0.04_b_w165_seed1.txt,Set Covering,2000,Relaxed,10000,false,min,2,229.13487,na,na,36357147,56225672,20001
set_covering_n2000_m1836_d0.04_b_w165_seed2.txt,Set Covering,2000,Restricted,5000,false,min,84,98.13332,na,na,18468576,18765241,10000
set_covering_n2000_m1836_d0.04_b_w165_seed2.txt,Set Covering,2000,Relaxed,500,false,min,1,8.82153,na,na,1792043,2775450,1001
set_covering_n2000_m1836_d0.04_b_w165_seed2.txt,Set Covering,2000,Relaxed,1000,false,min,1,17.96864,na,na,3612366,5592132,2001
set_covering_n2000_m1836_d0.04_b_w165_seed2.txt,Set Covering,2000,Relaxed,2000,false,min,2,38.34178,na,na,7285152,11251333,4001
set_covering_n2000_m1836_d0.04_b_w165_seed2.txt,Set Covering,2000,Restricted,10000,false,min,83,215.43605,na,na,36679395,37454626,20000
set_covering_n2000_m1836_d0.04_b_w165_seed2.txt,Set Covering,2000,Relaxed,5000,false,min,2,102.84920,na,na,18206998,28123222,10001
set_covering_n2000_m1836_d0.04_b_w165_seed3.txt,Set Covering,2000,Restricted,500,false,min,87,8.47447,na,na,1860319,1911838,1000
set_covering_n2000_m1836_d0.04_b_w165_seed3.txt,Set Covering,2000,Restricted,1000,false,min,87,17.41181,na,na,3709116,3813594,2000
set_covering_n2000_m1836_d0.04_b_w165_seed3.txt,Set Covering,2000,Restricted,2000,false,min,85,36.62386,na,na,7413216,7599881,4000
set_covering_n2000_m1836_d0.04_b_w165_seed2.txt,Set Covering,2000,Relaxed,10000,false,min,2,231.07257,na,na,36461465,56162088,20001
set_covering_n2000_m1836_d0.04_b_w165_seed3.txt,Set Covering,2000,Restricted,5000,false,min,85,97.49932,na,na,18269502,18779218,10000
set_covering_n2000_m1836_d0.04_b_w165_seed3.txt,Set Covering,2000,Relaxed,500,false,min,1,8.67031,na,na,1833334,2831254,1001
set_covering_n2000_m1836_d0.04_b_w165_seed3.txt,Set Covering,2000,Relaxed,1000,false,min,1,18.00700,na,na,3655698,5652560,2001
set_covering_n2000_m1836_d0.04_b_w165_seed3.txt,Set Covering,2000,Relaxed,2000,false,min,2,38.25883,na,na,7281073,11261152,4001
set_covering_n2000_m1836_d0.04_b_w165_seed3.txt,Set Covering,2000,Restricted,10000,false,min,82,215.77925,na,na,36647147,37647055,20000
set_covering_n2000_m1836_d0.04_b_w165_seed3.txt,Set Covering,2000,Relaxed,5000,false,min,2,104.84929,na,na,18201587,28160924,10001
set_covering_n2000_m1836_d0.04_b_w165_seed4.txt,Set Covering,2000,Restricted,500,false,min,84,8.49657,na,na,1869843,1903637,1000
set_covering_n2000_m1836_d0.04_b_w165_seed4.txt,Set Covering,2000,Restricted,1000,false,min,84,17.37686,na,na,3720360,3792690,2000
set_covering_n2000_m1836_d0.04_b_w165_seed4.txt,Set Covering,2000,Restricted,2000,false,min,83,36.81448,na,na,7407744,7558995,4000
set_covering_n2000_m1836_d0.04_b_w165_seed3.txt,Set Covering,2000,Relaxed,10000,false,min,2,234.19495,na,na,36468229,56325811,20001
set_covering_n2000_m1836_d0.04_b_w165_seed4.txt,Set Covering,2000,Restricted,5000,false,min,81,97.16417,na,na,18519126,18900911,10000
set_covering_n2000_m1836_d0.04_b_w165_seed4.txt,Set Covering,2000,Relaxed,500,false,min,1,8.55896,na,na,1787553,2776700,1001
set_covering_n2000_m1836_d0.04_b_w165_seed4.txt,Set Covering,2000,Relaxed,1000,false,min,1,17.71932,na,na,3550459,5477285,2001
set_covering_n2000_m1836_d0.04_b_w165_seed4.txt,Set Covering,2000,Relaxed,2000,false,min,2,37.69900,na,na,7236264,11236621,4001
set_covering_n2000_m1836_d0.04_b_w165_seed4.txt,Set Covering,2000,Restricted,10000,false,min,81,216.34131,na,na,37063300,37864026,20000
set_covering_n2000_m1836_d0.04_b_w165_seed4.txt,Set Covering,2000,Relaxed,5000,false,min,2,104.67748,na,na,18243772,28276682,10001
set_covering_n2250_m2086_d0.03_b_w165_seed1.txt,Set Covering,2250,Restricted,500,false,min,96,10.96692,na,na,2117189,2152263,1000
set_covering_n2250_m2086_d0.03_b_w165_seed1.txt,Set Covering,2250,Restricted,1000,false,min,96,22.68635,na,na,4243931,4320349,2000
set_covering_n2250_m2086_d0.03_b_w165_seed1.txt,Set Covering,2250,Restricted,2000,false,min,96,47.37659,na,na,8459508,8616519,4000
set_covering_n2000_m1836_d0.04_b_w165_seed4.txt,Set Covering,2000,Relaxed,10000,false,min,2,234.15849,na,na,36559011,56629683,20001
set_covering_n2250_m2086_d0.03_b_w165_seed1.txt,Set Covering,2250,Restricted,5000,false,min,94,126.99299,na,na,21183215,21553158,10000
set_covering_n2250_m2086_d0.03_b_w165_seed1.txt,Set Covering,2250,Relaxed,500,false,min,1,11.02330,na,na,2021845,3141970,1001
set_covering_n2250_m2086_d0.03_b_w165_seed1.txt,Set Covering,2250,Relaxed,1000,false,min,1,22.84128,na,na,4053814,6264828,2001
set_covering_n2250_m2086_d0.03_b_w165_seed1.txt,Set Covering,2250,Relaxed,2000,false,min,2,48.10096,na,na,8194106,12671145,4001
set_covering_n2250_m2086_d0.03_b_w165_seed1.txt,Set Covering,2250,Restricted,10000,false,min,94,279.29755,na,na,42147298,42848559,20000
set_covering_n2250_m2086_d0.03_b_w165_seed1.txt,Set Covering,2250,Relaxed,5000,false,min,2,133.55780,na,na,20732322,31899223,10001
set_covering_n2250_m2086_d0.03_b_w165_seed2.txt,Set Covering,2250,Restricted,500,false,min,98,10.71733,na,na,2104395,2150350,1000
set_covering_n2250_m2086_d0.03_b_w165_seed2.txt,Set Covering,2250,Restricted,1000,false,min,95,22.73214,na,na,4189029,4293060,2000
set_covering_n2250_m2086_d0.03_b_w165_seed2.txt,Set Covering,2250,Restricted,2000,false,min,96,47.61543,na,na,8406358,8579781,4000
set_covering_n2250_m2086_d0.03_b_w165_seed1.txt,Set Covering,2250,Relaxed,10000,false,min,2,295.68347,na,na,41453742,63899363,20001
set_covering_n2250_m2086_d0.03_b_w165_seed2.txt,Set Covering,2250,Restricted,5000,false,min,96,127.94540,na,na,20992128,21428792,10000
set_covering_n2250_m2086_d0.03_b_w165_seed2.txt,Set Covering,2250,Relaxed,500,false,min,1,11.06620,na,na,2030584,3147204,1001
set_covering_n2250_m2086_d0.03_b_w165_seed2.txt,Set Covering,2250,Relaxed,1000,false,min,1,22.81673,na,na,4053248,6263968,2001
set_covering_n2250_m2086_d0.03_b_w165_seed2.txt,Set Covering,2250,Relaxed,2000,false,min,2,49.04501,na,na,8225167,12702487,4001
set_covering_n2250_m2086_d0.03_b_w165_seed2.txt,Set Covering,2250,Relaxed,5000,false,min,2,131.40974,na,na,20618618,31839797,10001
set_covering_n2250_m2086_d0.03_b_w165_seed2.txt,Set Covering,2250,Restricted,10000,false,min,95,277.87506,na,na,41910167,42787102,20000
set_covering_n2250_m2086_d0.03_b_w165_seed3.txt,Set Covering,2250,Restricted,500,false,min,100,10.75639,na,na,2115158,2147570,1000
set_covering_n2250_m2086_d0.03_b_w165_seed3.txt,Set Covering,2250,Restricted,1000,false,min,98,22.41868,na,na,4208490,4288295,2000
set_covering_n2250_m2086_d0.03_b_w165_seed3.txt,Set Covering,2250,Restricted,2000,false,min,97,47.23995,na,na,8385464,8575677,4000
set_covering_n2250_m2086_d0.03_b_w165_seed2.txt,Set Covering,2250,Relaxed,10000,false,min,2,293.97333,na,na,41440011,63811873,20001
set_covering_n2250_m2086_d0.03_b_w165_seed3.txt,Set Covering,2250,Restricted,5000,false,min,96,125.54894,na,na,20856317,21356825,10000
set_covering_n2250_m2086_d0.03_b_w165_seed3.txt,Set Covering,2250,Relaxed,500,false,min,1,11.12723,na,na,2078116,3202845,1001
set_covering_n2250_m2086_d0.03_b_w165_seed3.txt,Set Covering,2250,Relaxed,1000,false,min,1,22.85471,na,na,4131352,6372926,2001
set_covering_n2250_m2086_d0.03_b_w165_seed3.txt,Set Covering,2250,Relaxed,2000,false,min,2,48.42909,na,na,8218455,12705677,4001
set_covering_n2250_m2086_d0.03_b_w165_seed3.txt,Set Covering,2250,Restricted,10000,false,min,95,273.99603,na,na,41518592,42609956,20000
set_covering_n2250_m2086_d0.03_b_w165_seed3.txt,Set Covering,2250,Relaxed,5000,false,min,2,132.73419,na,na,20608119,31868714,10001
set_covering_n2250_m2086_d0.03_b_w165_seed4.txt,Set Covering,2250,Restricted,500,false,min,95,10.93549,na,na,2102044,2137634,1000
set_covering_n2250_m2086_d0.03_b_w165_seed4.txt,Set Covering,2250,Restricted,1000,false,min,96,22.55223,na,na,4192143,4264527,2000
set_covering_n2250_m2086_d0.03_b_w165_seed4.txt,Set Covering,2250,Restricted,2000,false,min,95,47.62429,na,na,8406434,8532036,4000
set_covering_n2250_m2086_d0.03_b_w165_seed3.txt,Set Covering,2250,Relaxed,10000,false,min,2,296.02777,na,na,41252051,63737335,20001
set_covering_n2250_m2086_d0.03_b_w165_seed4.txt,Set Covering,2250,Relaxed,500,false,min,1,10.93536,na,na,2002742,3114325,1001
set_covering_n2250_m2086_d0.03_b_w165_seed4.txt,Set Covering,2250,Restricted,5000,false,min,94,127.19786,na,na,20926986,21269345,10000
set_covering_n2250_m2086_d0.03_b_w165_seed4.txt,Set Covering,2250,Relaxed,1000,false,min,1,22.86821,na,na,4010322,6178989,2001
set_covering_n2250_m2086_d0.03_b_w165_seed4.txt,Set Covering,2250,Relaxed,2000,false,min,2,48.03209,na,na,8083510,12552312,4001
set_covering_n2250_m2086_d0.03_b_w165_seed4.txt,Set Covering,2250,Relaxed,5000,false,min,2,130.79964,na,na,20346742,31540093,10001
set_covering_n2250_m2086_d0.03_b_w165_seed4.txt,Set Covering,2250,Restricted,10000,false,min,95,279.75986,na,na,41831524,42596741,20000
set_covering_n2500_m2336_d0.03_b_w165_seed1.txt,Set Covering,2500,Restricted,500,false,min,108,13.45870,na,na,2340989,2374223,1000
set_covering_n2500_m2336_d0.03_b_w165_seed1.txt,Set Covering,2500,Restricted,1000,false,min,105,27.81102,na,na,4687393,4762332,2000
set_covering_n2500_m2336_d0.03_b_w165_seed1.txt,Set Covering,2500,Restricted,2000,false,min,106,58.37168,na,na,9360026,9460205,4000
set_covering_n2250_m2086_d0.03_b_w165_seed4.txt,Set Covering,2250,Relaxed,10000,false,min,2,292.21222,na,na,40877872,63157575,20001
set_covering_n2500_m2336_d0.03_b_w165_seed1.txt,Set Covering,2500,Relaxed,500,false,min,1,13.76956,na,na,2267525,3519516,1001
set_covering_n2500_m2336_d0.03_b_w165_seed1.txt,Set Covering,2500,Relaxed,1000,false,min,1,28.56756,na,na,4522280,6976714,2001
set_covering_n2500_m2336_d0.03_b_w165_seed1.txt,Set Covering,2500,Restricted,5000,false,min,105,156.44830,na,na,23334395,23601570,10000
set_covering_n2500_m2336_d0.03_b_w165_seed1.txt,Set Covering,2500,Relaxed,2000,false,min,2,61.17561,na,na,9253322,14217935,4001
set_covering_n2500_m2336_d0.03_b_w165_seed1.txt,Set Covering,2500,Relaxed,5000,false,min,2,167.26436,na,na,23113579,35589143,10001
set_covering_n2500_m2336_d0.03_b_w165_seed2.txt,Set Covering,2500,Restricted,500,false,min,110,13.64945,na,na,2356722,2385013,1000
set_covering_n2500_m2336_d0.03_b_w165_seed2.txt,Set Covering,2500,Restricted,1000,false,min,107,28.55997,na,na,4705902,4770286,2000
set_covering_n2500_m2336_d0.03_b_w165_seed2.txt,Set Covering,2500,Restricted,2000,false,min,109,60.32056,na,na,9402188,9535294,4000
set_covering_n2500_m2336_d0.03_b_w165_seed2.txt,Set Covering,2500,Relaxed,500,false,min,1,13.91087,na,na,2264053,3498628,1001
set_covering_n2500_m2336_d0.03_b_w165_seed2.txt,Set Covering,2500,Restricted,5000,false,min,108,160.76421,na,na,23529026,23779505,10000
set_covering_n2500_m2336_d0.03_b_w165_seed2.txt,Set Covering,2500,Relaxed,1000,false,min,1,28.51515,na,na,4513792,6955568,2001
set_covering_n2500_m2336_d0.03_b_w165_seed2.txt,Set Covering,2500,Relaxed,2000,false,min,2,59.59156,na,na,9026558,13913202,4001
set_covering_n2500_m2336_d0.03_b_w165_seed2.txt,Set Covering,2500,Relaxed,5000,false,min,2,163.39957,na,na,22742749,34959212,10001
set_covering_n2500_m2336_d0.03_b_w165_seed3.txt,Set Covering,2500,Restricted,500,false,min,111,13.38718,na,na,2351596,2390223,1000
set_covering_n2500_m2336_d0.03_b_w165_seed3.txt,Set Covering,2500,Restricted,1000,false,min,110,27.81586,na,na,4734183,4794290,2000
set_covering_n2500_m2336_d0.03_b_w165_seed3.txt,Set Covering,2500,Restricted,2000,false,min,109,58.84993,na,na,9384629,9546707,4000
set_covering_n2500_m2336_d0.03_b_w165_seed3.txt,Set Covering,2500,Relaxed,500,false,min,1,13.81675,na,na,2303595,3546130,1001
set_covering_n2500_m2336_d0.03_b_w165_seed3.txt,Set Covering,2500,Restricted,5000,false,min,107,156.82176,na,na,23293548,23656383,10000
set_covering_n2500_m2336_d0.03_b_w165_seed3.txt,Set Covering,2500,Relaxed,1000,false,min,1,28.91231,na,na,4620064,7100597,2001
set_covering_n2500_m2336_d0.03_b_w165_seed3.txt,Set Covering,2500,Relaxed,2000,false,min,2,60.42340,na,na,9139390,14099756,4001
set_covering_n2500_m2336_d0.03_b_w165_seed3.txt,Set Covering,2500,Relaxed,5000,false,min,2,168.73715,na,na,23026958,35473134,10001
set_covering_n2500_m2336_d0.03_b_w165_seed4.txt,Set Covering,2500,Restricted,500,false,min,104,13.71175,na,na,2346856,2386242,1000
set_covering_n2500_m2336_d0.03_b_w165_seed4.txt,Set Covering,2500,Restricted,1000,false,min,106,28.75376,na,na,4673905,4756402,2000
set_covering_n2500_m2336_d0.03_b_w165_seed4.txt,Set Covering,2500,Restricted,2000,false,min,106,60.27236,na,na,9339547,9461712,4000
set_covering_n2500_m2336_d0.03_b_w165_seed4.txt,Set Covering,2500,Relaxed,500,false,min,1,13.81010,na,na,2264417,3500174,1001
set_covering_n2500_m2336_d0.03_b_w165_seed4.txt,Set Covering,2500,Restricted,5000,false,min,106,162.49547,na,na,23485511,23795566,10000
set_covering_n2500_m2336_d0.03_b_w165_seed4.txt,Set Covering,2500,Relaxed,1000,false,min,1,28.62897,na,na,4500162,6937035,2001
set_covering_n2500_m2336_d0.03_b_w165_seed4.txt,Set Covering,2500,Relaxed,2000,false,min,2,59.92285,na,na,9015875,13986333,4001
set_covering_n2500_m2336_d0.03_b_w165_seed4.txt,Set Covering,2500,Relaxed,5000,false,min,2,159.99748,na,na,22686885,35138762,10001
set_covering_n2750_m2586_d0.03_b_w165_seed1.txt,Set Covering,2750,Restricted,500,false,min,120,16.68988,na,na,2600171,2638640,1000
set_covering_n2750_m2586_d0.03_b_w165_seed1.txt,Set Covering,2750,Restricted,1000,false,min,120,33.83002,na,na,5152572,5224824,2000
set_covering_n2750_m2586_d0.03_b_w165_seed1.txt,Set Covering,2750,Restricted,2000,false,min,120,69.59637,na,na,10344932,10504646,4000
set_covering_n2750_m2586_d0.03_b_w165_seed1.txt,Set Covering,2750,Relaxed,500,false,min,1,16.02054,na,na,2508820,3893697,1001
set_covering_n2750_m2586_d0.03_b_w165_seed1.txt,Set Covering,2750,Relaxed,1000,false,min,1,33.87606,na,na,5070921,7808243,2001
set_covering_n2750_m2586_d0.03_b_w165_seed1.txt,Set Covering,2750,Restricted,5000,false,min,119,180.54120,na,na,25861317,26163719,10000
set_covering_n2750_m2586_d0.03_b_w165_seed1.txt,Set Covering,2750,Relaxed,2000,false,min,1,70.42256,na,na,10024066,15448781,4001
set_covering_n2750_m2586_d0.03_b_w165_seed1.txt,Set Covering,2750,Relaxed,5000,false,min,2,189.51561,na,na,25308230,39111270,10001
set_covering_n2750_m2586_d0.03_b_w165_seed2.txt,Set Covering,2750,Restricted,500,false,min,121,15.93620,na,na,2575006,2615271,1000
set_covering_n2750_m2586_d0.03_b_w165_seed2.txt,Set Covering,2750,Restricted,1000,false,min,121,34.27508,na,na,5151833,5230413,2000
set_covering_n2750_m2586_d0.03_b_w165_seed2.txt,Set Covering,2750,Restricted,2000,false,min,121,72.56229,na,na,10361054,10498393,4000
set_covering_n2750_m2586_d0.03_b_w165_seed2.txt,Set Covering,2750,Relaxed,500,false,min,1,17.19602,na,na,2545800,3919221,1001
set_covering_n2750_m2586_d0.03_b_w165_seed2.txt,Set Covering,2750,Relaxed,1000,false,min,1,36.13729,na,na,5045705,7766464,2001
set_covering_n2750_m2586_d0.03_b_w165_seed2.txt,Set Covering,2750,Restricted,5000,false,min,119,196.34265,na,na,25692376,26171951,10000
set_covering_n2750_m2586_d0.03_b_w165_seed2.txt,Set Covering,2750,Relaxed,2000,false,min,1,75.72932,na,na,10022582,15406499,4001
set_covering_n2750_m2586_d0.03_b_w165_seed2.txt,Set Covering,2750,Relaxed,5000,false,min,2,208.16225,na,na,25542473,39227904,10001
set_covering_n2750_m2586_d0.03_b_w165_seed3.txt,Set Covering,2750,Restricted,500,false,min,120,16.84067,na,na,2567519,2614344,1000
set_covering_n2750_m2586_d0.03_b_w165_seed3.txt,Set Covering,2750,Restricted,1000,false,min,118,34.75198,na,na,5138853,5227619,2000
set_covering_n2750_m2586_d0.03_b_w165_seed3.txt,Set Covering,2750,Restricted,2000,false,min,118,74.48768,na,na,10276686,10447311,4000
set_covering_n2750_m2586_d0.03_b_w165_seed3.txt,Set Covering,2750,Relaxed,500,false,min,1,16.64232,na,na,2482052,3845964,1001
set_covering_n2750_m2586_d0.03_b_w165_seed3.txt,Set Covering,2750,Relaxed,1000,false,min,1,35.49671,na,na,5122286,7877520,2001
set_covering_n2750_m2586_d0.03_b_w165_seed3.txt,Set Covering,2750,Restricted,5000,false,min,118,194.25708,na,na,25574688,26093916,10000
set_covering_n2750_m2586_d0.03_b_w165_seed3.txt,Set Covering,2750,Relaxed,2000,false,min,1,75.44850,na,na,10178027,15703139,4001
set_covering_n2750_m2586_d0.03_b_w165_seed4.txt,Set Covering,2750,Restricted,500,false,min,116,16.89746,na,na,2593597,2627164,1000
set_covering_n2750_m2586_d0.03_b_w165_seed3.txt,Set Covering,2750,Relaxed,5000,false,min,2,204.91512,na,na,25466623,39260129,10001
set_covering_n2750_m2586_d0.03_b_w165_seed4.txt,Set Covering,2750,Restricted,1000,false,min,121,34.57038,na,na,5191763,5242769,2000
set_covering_n2750_m2586_d0.03_b_w165_seed4.txt,Set Covering,2750,Restricted,2000,false,min,118,72.93694,na,na,10357705,10474612,4000
set_covering_n2750_m2586_d0.03_b_w165_seed4.txt,Set Covering,2750,Relaxed,500,false,min,1,16.91954,na,na,2484345,3847194,1001
set_covering_n2750_m2586_d0.03_b_w165_seed4.txt,Set Covering,2750,Relaxed,1000,false,min,1,34.97356,na,na,5013275,7721026,2001
set_covering_n2750_m2586_d0.03_b_w165_seed4.txt,Set Covering,2750,Restricted,5000,false,min,115,195.92365,na,na,25729073,26085371,10000
set_covering_n2750_m2586_d0.03_b_w165_seed4.txt,Set Covering,2750,Relaxed,2000,false,min,1,73.38641,na,na,9877223,15142604,4001
set_covering_n3000_m2836_d0.03_b_w165_seed1.txt,Set Covering,3000,Restricted,500,false,min,131,20.60656,na,na,2847839,2878299,1000
set_covering_n2750_m2586_d0.03_b_w165_seed4.txt,Set Covering,2750,Relaxed,5000,false,min,2,204.90598,na,na,25201756,38915493,10001
set_covering_n3000_m2836_d0.03_b_w165_seed1.txt,Set Covering,3000,Restricted,1000,false,min,130,42.49482,na,na,5688732,5749625,2000
set_covering_n3000_m2836_d0.03_b_w165_seed1.txt,Set Covering,3000,Restricted,2000,false,min,132,87.49309,na,na,11357022,11482287,4000
set_covering_n3000_m2836_d0.03_b_w165_seed1.txt,Set Covering,3000,Relaxed,500,false,min,1,20.00768,na,na,2713172,4216837,1001
set_covering_n3000_m2836_d0.03_b_w165_seed1.txt,Set Covering,3000,Relaxed,1000,false,min,1,42.39088,na,na,5535496,8522092,2001
set_covering_n3000_m2836_d0.03_b_w165_seed1.txt,Set Covering,3000,Restricted,5000,false,min,130,234.35207,na,na,28384429,28688198,10000
set_covering_n3000_m2836_d0.03_b_w165_seed1.txt,Set Covering,3000,Relaxed,2000,false,min,1,88.65655,na,na,11088276,17076727,4001
set_covering_n3000_m2836_d0.03_b_w165_seed2.txt,Set Covering,3000,Restricted,500,false,min,132,19.90647,na,na,2838148,2871704,1000
set_covering_n3000_m2836_d0.03_b_w165_seed2.txt,Set Covering,3000,Restricted,1000,false,min,132,41.09002,na,na,5654504,5726387,2000
set_covering_n3000_m2836_d0.03_b_w165_seed1.txt,Set Covering,3000,Relaxed,5000,false,min,2,239.13058,na,na,27661211,42726112,10001
set_covering_n3000_m2836_d0.03_b_w165_seed2.txt,Set Covering,3000,Restricted,2000,false,min,132,86.65677,na,na,11329686,11490340,4000
set_covering_n3000_m2836_d0.03_b_w165_seed2.txt,Set Covering,3000,Relaxed,500,false,min,1,19.32808,na,na,2676329,4156624,1001
set_covering_n3000_m2836_d0.03_b_w165_seed2.txt,Set Covering,3000,Relaxed,1000,false,min,1,41.73949,na,na,5504258,8482530,2001
set_covering_n3000_m2836_d0.03_b_w165_seed2.txt,Set Covering,3000,Restricted,5000,false,min,131,229.56343,na,na,28043428,28475489,10000
set_covering_n3000_m2836_d0.03_b_w165_seed2.txt,Set Covering,3000,Relaxed,2000,false,min,1,88.57710,na,na,11056212,17018415,4001
set_covering_n3000_m2836_d0.03_b_w165_seed3.txt,Set Covering,3000,Restricted,500,false,min,131,19.99969,na,na,2829730,2884108,1000
set_covering_n3000_m2836_d0.03_b_w165_seed2.txt,Set Covering,3000,Relaxed,5000,false,min,2,241.31764,na,na,27855427,42723447,10001
set_covering_n3000_m2836_d0.03_b_w165_seed3.txt,Set Covering,3000,Restricted,1000,false,min,132,41.78159,na,na,5645990,5757144,2000
set_covering_n3000_m2836_d0.03_b_w165_seed3.txt,Set Covering,3000,Restricted,2000,false,min,130,86.05415,na,na,11280256,11521674,4000
set_covering_n3000_m2836_d0.03_b_w165_seed3.txt,Set Covering,3000,Relaxed,500,false,min,1,19.95751,na,na,2764316,4262998,1001
set_covering_n3000_m2836_d0.03_b_w165_seed3.txt,Set Covering,3000,Relaxed,1000,false,min,1,41.34200,na,na,5529305,8530275,2001
set_covering_n3000_m2836_d0.03_b_w165_seed3.txt,Set Covering,3000,Restricted,5000,false,min,129,231.45427,na,na,28156882,28734048,10000
set_covering_n3000_m2836_d0.03_b_w165_seed3.txt,Set Covering,3000,Relaxed,2000,false,min,1,88.41998,na,na,11104152,17058150,4001
set_covering_n3000_m2836_d0.03_b_w165_seed4.txt,Set Covering,3000,Restricted,500,false,min,128,19.29466,na,na,2845078,2874735,1000
set_covering_n3000_m2836_d0.03_b_w165_seed3.txt,Set Covering,3000,Relaxed,5000,false,min,2,236.87621,na,na,27613071,42527020,10001
set_covering_n3000_m2836_d0.03_b_w165_seed4.txt,Set Covering,3000,Restricted,1000,false,min,127,39.48367,na,na,5667073,5730494,2000
set_covering_n3000_m2836_d0.03_b_w165_seed4.txt,Set Covering,3000,Restricted,2000,false,min,130,82.95443,na,na,11332788,11444421,4000
set_covering_n3000_m2836_d0.03_b_w165_seed4.txt,Set Covering,3000,Relaxed,500,false,min,1,18.77478,na,na,2700052,4188510,1001
set_covering_n3000_m2836_d0.03_b_w165_seed4.txt,Set Covering,3000,Relaxed,1000,false,min,1,39.48381,na,na,5472352,8428148,2001
set_covering_n3000_m2836_d0.03_b_w165_seed4.txt,Set Covering,3000,Restricted,5000,false,min,128,222.88660,na,na,28205384,28545653,10000
set_covering_n3000_m2836_d0.03_b_w165_seed4.txt,Set Covering,3000,Relaxed,2000,false,min,1,84.20181,na,na,10771833,16483375,4001
set_covering_n3250_m3086_d0.02_b_w165_seed1.txt,Set Covering,3250,Restricted,500,false,min,144,23.23417,na,na,3081223,3119284,1000
set_covering_n3000_m2836_d0.03_b_w165_seed4.txt,Set Covering,3000,Relaxed,5000,false,min,2,233.08145,na,na,27719536,42715790,10001
set_covering_n3250_m3086_d0.02_b_w165_seed1.txt,Set Covering,3250,Restricted,1000,false,min,144,47.23726,na,na,6189209,6254230,2000
set_covering_n3250_m3086_d0.02_b_w165_seed1.txt,Set Covering,3250,Restricted,2000,false,min,143,99.06207,na,na,12355480,12501453,4000
set_covering_n3250_m3086_d0.02_b_w165_seed1.txt,Set Covering,3250,Relaxed,500,false,min,1,22.56071,na,na,2968066,4603287,1001
set_covering_n3250_m3086_d0.02_b_w165_seed1.txt,Set Covering,3250,Relaxed,1000,false,min,1,47.02737,na,na,5998877,9227918,2001
set_covering_n3250_m3086_d0.02_b_w165_seed1.txt,Set Covering,3250,Restricted,5000,false,min,142,266.20465,na,na,30847611,31207768,10000
set_covering_n3250_m3086_d0.02_b_w165_seed1.txt,Set Covering,3250,Relaxed,2000,false,min,1,98.70206,na,na,11941574,18352746,4001
set_covering_n3250_m3086_d0.02_b_w165_seed2.txt,Set Covering,3250,Restricted,500,false,min,144,22.56741,na,na,3075159,3114812,1000
set_covering_n3250_m3086_d0.02_b_w165_seed2.txt,Set Covering,3250,Restricted,1000,false,min,143,46.31883,na,na,6139786,6220851,2000
set_covering_n3250_m3086_d0.02_b_w165_seed1.txt,Set Covering,3250,Relaxed,5000,false,min,2,270.95804,na,na,30011181,46219096,10001
set_covering_n3250_m3086_d0.02_b_w165_seed2.txt,Set Covering,3250,Restricted,2000,false,min,143,98.36789,na,na,12262655,12426451,4000
set_covering_n3250_m3086_d0.02_b_w165_seed2.txt,Set Covering,3250,Relaxed,500,false,min,1,22.24532,na,na,2958208,4584023,1001
set_covering_n3250_m3086_d0.02_b_w165_seed2.txt,Set Covering,3250,Relaxed,1000,false,min,1,47.11723,na,na,5993533,9213842,2001
set_covering_n3250_m3086_d0.02_b_w165_seed2.txt,Set Covering,3250,Relaxed,2000,false,min,1,100.54802,na,na,11882551,18232977,4001
set_covering_n3250_m3086_d0.02_b_w165_seed2.txt,Set Covering,3250,Restricted,5000,false,min,142,266.30438,na,na,30585287,31009728,10000
set_covering_n3250_m3086_d0.02_b_w165_seed3.txt,Set Covering,3250,Restricted,500,false,min,144,23.00829,na,na,3072787,3126011,1000
set_covering_n3250_m3086_d0.02_b_w165_seed2.txt,Set Covering,3250,Relaxed,5000,false,min,2,274.74335,na,na,30027583,46205619,10001
set_covering_n3250_m3086_d0.02_b_w165_seed3.txt,Set Covering,3250,Restricted,1000,false,min,144,47.13583,na,na,6149983,6218720,2000
set_covering_n3250_m3086_d0.02_b_w165_seed3.txt,Set Covering,3250,Restricted,2000,false,min,144,97.38361,na,na,12240818,12443271,4000
set_covering_n3250_m3086_d0.02_b_w165_seed3.txt,Set Covering,3250,Relaxed,500,false,min,1,22.30872,na,na,2938587,4567059,1001
set_covering_n3250_m3086_d0.02_b_w165_seed3.txt,Set Covering,3250,Relaxed,1000,false,min,1,47.42784,na,na,6011632,9241510,2001
set_covering_n3250_m3086_d0.02_b_w165_seed3.txt,Set Covering,3250,Restricted,5000,false,min,139,266.71030,na,na,30573760,31104659,10000
set_covering_n3250_m3086_d0.02_b_w165_seed3.txt,Set Covering,3250,Relaxed,2000,false,min,1,100.03532,na,na,12055720,18534293,4001
set_covering_n3250_m3086_d0.02_b_w165_seed4.txt,Set Covering,3250,Restricted,500,false,min,143,22.76360,na,na,3085519,3112455,1000
set_covering_n3250_m3086_d0.02_b_w165_seed4.txt,Set Covering,3250,Restricted,1000,false,min,140,47.14971,na,na,6164179,6223796,2000
set_covering_n3250_m3086_d0.02_b_w165_seed3.txt,Set Covering,3250,Relaxed,5000,false,min,2,275.45938,na,na,30205426,46451682,10001
set_covering_n3250_m3086_d0.02_b_w165_seed4.txt,Set Covering,3250,Restricted,2000,false,min,142,98.80662,na,na,12346396,12442611,4000
set_covering_n3250_m3086_d0.02_b_w165_seed4.txt,Set Covering,3250,Relaxed,500,false,min,1,22.61812,na,na,2967915,4585885,1001
set_covering_n3250_m3086_d0.02_b_w165_seed4.txt,Set Covering,3250,Relaxed,1000,false,min,1,47.06638,na,na,5962730,9163713,2001
set_covering_n3250_m3086_d0.02_b_w165_seed4.txt,Set Covering,3250,Restricted,5000,false,min,141,266.87509,na,na,30782516,31040174,10000
set_covering_n3250_m3086_d0.02_b_w165_seed4.txt,Set Covering,3250,Relaxed,2000,false,min,1,97.12643,na,na,11685902,17850507,4001
set_covering_n3500_m3336_d0.02_b_w165_seed1.txt,Set Covering,3500,Restricted,500,false,min,155,25.50828,na,na,3332343,3368091,1000
set_covering_n3250_m3086_d0.02_b_w165_seed4.txt,Set Covering,3250,Relaxed,5000,false,min,2,264.42572,na,na,29717312,45899486,10001
set_covering_n3500_m3336_d0.02_b_w165_seed1.txt,Set Covering,3500,Restricted,1000,false,min,156,52.65945,na,na,6659510,6736507,2000
set_covering_n3500_m3336_d0.02_b_w165_seed1.txt,Set Covering,3500,Restricted,2000,false,min,155,114.92033,na,na,13260208,13412561,4000
set_covering_n3500_m3336_d0.02_b_w165_seed1.txt,Set Covering,3500,Relaxed,500,false,min,1,26.04128,na,na,3199314,4961456,1001
set_covering_n3500_m3336_d0.02_b_w165_seed1.txt,Set Covering,3500,Relaxed,1000,false,min,1,55.47765,na,na,6492038,9976660,2001
set_covering_n3500_m3336_d0.02_b_w165_seed1.txt,Set Covering,3500,Relaxed,2000,false,min,1,117.06188,na,na,12966869,19865624,4001
set_covering_n3500_m3336_d0.02_b_w165_seed2.txt,Set Covering,3500,Restricted,500,false,min,156,26.22796,na,na,3325425,3365477,1000
set_covering_n3500_m3336_d0.02_b_w165_seed2.txt,Set Covering,3500,Restricted,1000,false,min,156,54.48725,na,na,6639397,6717142,2000
set_covering_n3500_m3336_d0.02_b_w165_seed2.txt,Set Covering,3500,Restricted,2000,false,min,155,114.51379,na,na,13248358,13413279,4000
set_covering_n3500_m3336_d0.02_b_w165_seed2.txt,Set Covering,3500,Relaxed,500,false,min,1,25.65378,na,na,3173974,4912570,1001
set_covering_n3500_m3336_d0.02_b_w165_seed2.txt,Set Covering,3500,Relaxed,1000,false,min,1,54.12922,na,na,6446032,9909808,2001
set_covering_n3500_m3336_d0.02_b_w165_seed2.txt,Set Covering,3500,Relaxed,2000,false,min,1,115.00607,na,na,13038209,19981019,4001
set_covering_n3500_m3336_d0.02_b_w165_seed3.txt,Set Covering,3500,Restricted,500,false,min,159,26.44750,na,na,3323835,3355987,1000
set_covering_n3500_m3336_d0.02_b_w165_seed3.txt,Set Covering,3500,Restricted,1000,false,min,158,54.25494,na,na,6619158,6700369,2000
set_covering_n3500_m3336_d0.02_b_w165_seed3.txt,Set Covering,3500,Restricted,2000,false,min,156,110.97556,na,na,13235392,13419332,4000
set_covering_n3500_m3336_d0.02_b_w165_seed3.txt,Set Covering,3500,Relaxed,500,false,min,1,24.48474,na,na,3191240,4943801,1001
set_covering_n3500_m3336_d0.02_b_w165_seed3.txt,Set Covering,3500,Relaxed,1000,false,min,1,54.33078,na,na,6535582,10039489,2001
set_covering_n3500_m3336_d0.02_b_w165_seed3.txt,Set Covering,3500,Relaxed,2000,false,min,1,116.54965,na,na,13059887,20029840,4001
set_covering_n3500_m3336_d0.02_b_w165_seed4.txt,Set Covering,3500,Restricted,500,false,min,155,26.38725,na,na,3329662,3355423,1000
set_covering_n3500_m3336_d0.02_b_w165_seed4.txt,Set Covering,3500,Restricted,1000,false,min,155,55.20912,na,na,6644922,6706966,2000
set_covering_n3500_m3336_d0.02_b_w165_seed4.txt,Set Covering,3500,Restricted,2000,false,min,154,114.15998,na,na,13293972,13404915,4000
set_covering_n3500_m3336_d0.02_b_w165_seed4.txt,Set Covering,3500,Relaxed,500,false,min,1,25.79447,na,na,3168628,4915296,1001
set_covering_n3500_m3336_d0.02_b_w165_seed4.txt,Set Covering,3500,Relaxed,1000,false,min,1,54.34591,na,na,6445369,9930389,2001
set_covering_n3500_m3336_d0.02_b_w165_seed4.txt,Set Covering,3500,Relaxed,2000,false,min,1,112.73366,na,na,12846441,19732381,4001
set_covering_n3750_m3586_d0.02_b_w165_seed1.txt,Set Covering,3750,Restricted,500,false,min,167,30.55000,na,na,3565016,3598555,1000
set_covering_n3750_m3586_d0.02_b_w165_seed1.txt,Set Covering,3750,Restricted,1000,false,min,167,63.50323,na,na,7151178,7232334,2000
set_covering_n3750_m3586_d0.02_b_w165_seed1.txt,Set Covering,3750,Restricted,2000,false,min,167,132.96666,na,na,14284728,14450032,4000
set_covering_n3750_m3586_d0.02_b_w165_seed1.txt,Set Covering,3750,Relaxed,500,false,min,1,29.48894,na,na,3393124,5270255,1001
set_covering_n3750_m3586_d0.02_b_w165_seed1.txt,Set Covering,3750,Relaxed,1000,false,min,1,62.50706,na,na,6867144,10595902,2001
set_covering_n3750_m3586_d0.02_b_w165_seed1.txt,Set Covering,3750,Relaxed,2000,false,min,1,131.89265,na,na,13868323,21339967,4001
set_covering_n3750_m3586_d0.02_b_w165_seed2.txt,Set Covering,3750,Restricted,500,false,min,168,29.70400,na,na,3572870,3603714,1000
set_covering_n3750_m3586_d0.02_b_w165_seed2.txt,Set Covering,3750,Restricted,1000,false,min,168,61.28370,na,na,7118480,7198784,2000
set_covering_n3750_m3586_d0.02_b_w165_seed2.txt,Set Covering,3750,Restricted,2000,false,min,168,124.53400,na,na,14245328,14390954,4000
set_covering_n3750_m3586_d0.02_b_w165_seed2.txt,Set Covering,3750,Relaxed,500,false,min,1,28.19947,na,na,3407669,5274364,1001
set_covering_n3750_m3586_d0.02_b_w165_seed2.txt,Set Covering,3750,Relaxed,1000,false,min,1,61.73558,na,na,6936072,10643268,2001
set_covering_n3750_m3586_d0.02_b_w165_seed2.txt,Set Covering,3750,Relaxed,2000,false,min,1,132.26773,na,na,13922926,21353848,4001
set_covering_n3750_m3586_d0.02_b_w165_seed3.txt,Set Covering,3750,Restricted,500,false,min,169,30.28391,na,na,3554500,3613141,1000
set_covering_n3750_m3586_d0.02_b_w165_seed3.txt,Set Covering,3750,Restricted,1000,false,min,169,62.53258,na,na,7135976,7230359,2000
set_covering_n3750_m3586_d0.02_b_w165_seed3.txt,Set Covering,3750,Restricted,2000,false,min,168,131.10890,na,na,14229848,14428865,4000
set_covering_n3750_m3586_d0.02_b_w165_seed3.txt,Set Covering,3750,Relaxed,500,false,min,1,29.99504,na,na,3425547,5308760,1001
set_covering_n3750_m3586_d0.02_b_w165_seed3.txt,Set Covering,3750,Relaxed,1000,false,min,1,63.50273,na,na,6985759,10723491,2001
set_covering_n3750_m3586_d0.02_b_w165_seed3.txt,Set Covering,3750,Relaxed,2000,false,min,1,133.71750,na,na,14004276,21471272,4001
set_covering_n3750_m3586_d0.02_b_w165_seed4.txt,Set Covering,3750,Restricted,500,false,min,166,30.35801,na,na,3540702,3578850,1000
set_covering_n3750_m3586_d0.02_b_w165_seed4.txt,Set Covering,3750,Restricted,1000,false,min,164,63.01738,na,na,7106160,7184026,2000
set_covering_n3750_m3586_d0.02_b_w165_seed4.txt,Set Covering,3750,Restricted,2000,false,min,167,128.19807,na,na,14247057,14367068,4000
set_covering_n3750_m3586_d0.02_b_w165_seed4.txt,Set Covering,3750,Relaxed,500,false,min,1,27.61101,na,na,3368318,5245726,1001
set_covering_n3750_m3586_d0.02_b_w165_seed4.txt,Set Covering,3750,Relaxed,1000,false,min,1,59.77911,na,na,6926325,10657249,2001
set_covering_n3750_m3586_d0.02_b_w165_seed4.txt,Set Covering,3750,Relaxed,2000,false,min,1,127.05327,na,na,13647370,20850705,4001
set_covering_n4000_m3836_d0.02_b_w165_seed1.txt,Set Covering,4000,Exact,99999,false,min,4000,0.01930,na,na,4001,4000,1
set_covering_n4000_m3836_d0.02_b_w165_seed1.txt,Set Covering,4000,Restricted,500,false,min,4000,0.01964,na,na,4001,4000,1
set_covering_n4000_m3836_d0.02_b_w165_seed1.txt,Set Covering,4000,Restricted,1000,false,min,4000,0.01967,na,na,4001,4000,1
set_covering_n4000_m3836_d0.02_b_w165_seed1.txt,Set Covering,4000,Restricted,2000,false,min,4000,0.01907,na,na,4001,4000,1
set_covering_n4000_m3836_d0.02_b_w165_seed1.txt,Set Covering,4000,Restricted,5000,false,min,4000,0.01970,na,na,4001,4000,1
set_covering_n4000_m3836_d0.02_b_w165_seed1.txt,Set Covering,4000,Restricted,10000,false,min,4000,0.01917,na,na,4001,4000,1
set_covering_n4000_m3836_d0.02_b_w165_seed1.txt,Set Covering,4000,Restricted,20000,false,min,4000,0.01953,na,na,4001,4000,1
set_covering_n4000_m3836_d0.02_b_w165_seed1.txt,Set Covering,4000,Relaxed,500,false,min,4000,0.01958,na,na,4001,4000,1
set_covering_n4000_m3836_d0.02_b_w165_seed1.txt,Set Covering,4000,Relaxed,1000,false,min,4000,0.01957,na,na,4001,4000,1
set_covering_n4000_m3836_d0.02_b_w165_seed1.txt,Set Covering,4000,Relaxed,2000,false,min,4000,0.01969,na,na,4001,4000,1
set_covering_n4000_m3836_d0.02_b_w165_seed1.txt,Set Covering,4000,Relaxed,5000,false,min,4000,0.01946,na,na,4001,4000,1
set_covering_n4000_m3836_d0.02_b_w165_seed1.txt,Set Covering,4000,Relaxed,10000,false,min,4000,0.01971,na,na,4001,4000,1
set_covering_n4000_m3836_d0.02_b_w165_seed1.txt,Set Covering,4000,Relaxed,20000,false,min,4000,0.01872,na,na,4001,4000,1
set_covering_n4000_m3836_d0.02_b_w165_seed2.txt,Set Covering,4000,Restricted,500,false,min,182,34.81719,na,na,3831689,3872388,1000
set_covering_n4000_m3836_d0.02_b_w165_seed2.txt,Set Covering,4000,Restricted,1000,false,min,181,72.11499,na,na,7666966,7729335,2000
set_covering_n4000_m3836_d0.02_b_w165_seed2.txt,Set Covering,4000,Restricted,2000,false,min,180,149.93678,na,na,15239911,15429500,4000
set_covering_n4000_m3836_d0.02_b_w165_seed2.txt,Set Covering,4000,Relaxed,500,false,min,1,33.55857,na,na,3610352,5609837,1001
set_covering_n4000_m3836_d0.02_b_w165_seed2.txt,Set Covering,4000,Relaxed,1000,false,min,1,71.67996,na,na,7392743,11382866,2001
set_covering_n4000_m3836_d0.02_b_w165_seed2.txt,Set Covering,4000,Relaxed,2000,false,min,1,150.95206,na,na,14888999,22863325,4001
set_covering_n4000_m3836_d0.02_b_w165_seed3.txt,Set Covering,4000,Restricted,500,false,min,183,34.65299,na,na,3824110,3858663,1000
set_covering_n4000_m3836_d0.02_b_w165_seed3.txt,Set Covering,4000,Restricted,1000,false,min,182,71.43946,na,na,7625705,7712003,2000
set_covering_n4000_m3836_d0.02_b_w165_seed3.txt,Set Covering,4000,Restricted,2000,false,min,179,149.29495,na,na,15256055,15428863,4000
set_covering_n4000_m3836_d0.02_b_w165_seed3.txt,Set Covering,4000,Relaxed,500,false,min,1,33.78485,na,na,3658378,5661977,1001
set_covering_n4000_m3836_d0.02_b_w165_seed3.txt,Set Covering,4000,Relaxed,1000,false,min,1,71.48478,na,na,7433496,11409792,2001
set_covering_n4000_m3836_d0.02_b_w165_seed3.txt,Set Covering,4000,Relaxed,2000,false,min,1,150.19583,na,na,14903238,22844867,4001
set_covering_n4000_m3836_d0.02_b_w165_seed4.txt,Set Covering,4000,Restricted,500,false,min,178,33.97726,na,na,3797507,3828439,1000
set_covering_n4000_m3836_d0.02_b_w165_seed4.txt,Set Covering,4000,Restricted,1000,false,min,179,69.54947,na,na,7590047,7645536,2000
set_covering_n4000_m3836_d0.02_b_w165_seed4.txt,Set Covering,4000,Restricted,2000,false,min,179,143.44785,na,na,15176081,15305323,4000
set_covering_n4000_m3836_d0.02_b_w165_seed4.txt,Set Covering,4000,Relaxed,500,false,min,1,33.14653,na,na,3595571,5605283,1001
set_covering_n4000_m3836_d0.02_b_w165_seed4.txt,Set Covering,4000,Relaxed,1000,false,min,1,70.94165,na,na,7309347,11304342,2001
set_covering_n4000_m3836_d0.02_b_w165_seed4.txt,Set Covering,4000,Relaxed,2000,false,min,1,151.22380,na,na,14803950,22744287,4001
knapsack_n100m10o1b5_0.txt,SOCKnapsack,23,Exact,99999,false,max,1004,0.24941,na,na,267225,421262,67752
knapsack_n100m10o1b5_0.txt,SOCKnapsack,23,Restricted,500,false,max,1004,0.00282,na,na,9315,10455,902
knapsack_n100m10o1b5_0.txt,SOCKnapsack,23,Restricted,1000,false,max,1004,0.00514,na,na,16866,19182,1804
knapsack_n100m10o1b5_0.txt,SOCKnapsack,23,Restricted,2000,false,max,1004,0.00961,na,na,29896,34826,3519
knapsack_n100m10o1b5_0.txt,SOCKnapsack,23,Restricted,5000,false,max,1004,0.02381,na,na,61942,75031,8424
knapsack_n100m10o1b5_0.txt,SOCKnapsack,23,Restricted,10000,false,max,1004,0.04208,na,na,102295,129111,15913
knapsack_n100m10o1b5_0.txt,SOCKnapsack,23,Restricted,20000,false,max,1004,0.08633,na,na,161522,214836,31262
knapsack_n100m10o1b5_0.txt,SOCKnapsack,23,Relaxed,500,false,max,1004,0.00347,na,na,9310,13334,901
knapsack_n100m10o1b5_0.txt,SOCKnapsack,23,Relaxed,1000,false,max,1004,0.00656,na,na,16865,24310,1803
knapsack_n100m10o1b5_0.txt,SOCKnapsack,23,Relaxed,2000,false,max,1004,0.01277,na,na,29892,43515,3518
knapsack_n100m10o1b5_0.txt,SOCKnapsack,23,Relaxed,5000,false,max,1004,0.03213,na,na,61941,91392,8425
knapsack_n100m10o1b5_0.txt,SOCKnapsack,23,Relaxed,10000,false,max,1004,0.06420,na,na,102294,152719,15913
knapsack_n100m10o1b5_0.txt,SOCKnapsack,23,Relaxed,20000,false,max,1004,0.11977,na,na,161520,244752,31261
knapsack_n100m10o1b5_1.txt,SOCKnapsack,17,Exact,99999,false,max,638,0.00242,na,na,6498,11234,1445
knapsack_n100m10o1b5_1.txt,SOCKnapsack,17,Restricted,500,false,max,638,0.00150,na,na,4228,6280,707
knapsack_n100m10o1b5_1.txt,SOCKnapsack,17,Restricted,1000,false,max,638,0.00201,na,na,5949,9613,1341
knapsack_n100m10o1b5_1.txt,SOCKnapsack,17,Restricted,2000,false,max,638,0.00240,na,na,6498,11234,1445
knapsack_n100m10o1b5_1.txt,SOCKnapsack,17,Restricted,5000,false,max,638,0.00233,na,na,6498,11234,1445
knapsack_n100m10o1b5_1.txt,SOCKnapsack,17,Restricted,10000,false,max,638,0.00243,na,na,6498,11234,1445
knapsack_n100m10o1b5_1.txt,SOCKnapsack,17,Restricted,20000,false,max,638,0.00241,na,na,6498,11234,1445
knapsack_n100m10o1b5_1.txt,SOCKnapsack,17,Relaxed,500,false,max,638,0.00174,na,na,4227,6892,707
knapsack_n100m10o1b5_1.txt,SOCKnapsack,17,Relaxed,1000,false,max,638,0.00238,na,na,5948,10032,1340
knapsack_n100m10o1b5_1.txt,SOCKnapsack,17,Relaxed,2000,false,max,638,0.00240,na,na,6498,11234,1445
knapsack_n100m10o1b5_1.txt,SOCKnapsack,17,Relaxed,5000,false,max,638,0.00240,na,na,6498,11234,1445
knapsack_n100m10o1b5_1.txt,SOCKnapsack,17,Relaxed,10000,false,max,638,0.00238,na,na,6498,11234,1445
knapsack_n100m10o1b5_1.txt,SOCKnapsack,17,Relaxed,20000,false,max,638,0.00236,na,na,6498,11234,1445
knapsack_n100m10o1b5_2.txt,SOCKnapsack,20,Exact,99999,false,max,796,0.02173,na,na,42764,67911,10152
knapsack_n100m10o1b5_2.txt,SOCKnapsack,20,Restricted,500,false,max,796,0.00229,na,na,7258,8643,823
knapsack_n100m10o1b5_2.txt,SOCKnapsack,20,Restricted,1000,false,max,796,0.00413,na,na,12649,15729,1628
knapsack_n100m10o1b5_2.txt,SOCKnapsack,20,Restricted,2000,false,max,796,0.00772,na,na,20868,27955,3142
knapsack_n100m10o1b5_2.txt,SOCKnapsack,20,Restricted,5000,false,max,796,0.01408,na,na,34546,49608,7217
knapsack_n100m10o1b5_2.txt,SOCKnapsack,20,Restricted,10000,false,max,796,0.01850,na,na,42764,67722,10152
knapsack_n100m10o1b5_2.txt,SOCKnapsack,20,Restricted,20000,false,max,796,0.02192,na,na,42764,67911,10152
knapsack_n100m10o1b5_2.txt,SOCKnapsack,20,Relaxed,500,false,max,796,0.00283,na,na,7252,10479,822
knapsack_n100m10o1b5_2.txt,SOCKnapsack,20,Relaxed,1000,false,max,796,0.00518,na,na,12649,18697,1627
knapsack_n100m10o1b5_2.txt,SOCKnapsack,20,Relaxed,2000,false,max,796,0.00910,na,na,20868,31888,3141
knapsack_n100m10o1b5_2.txt,SOCKnapsack,20,Relaxed,5000,false,max,796,0.01806,na,na,34545,53734,7216
knapsack_n100m10o1b5_2.txt,SOCKnapsack,20,Relaxed,10000,false,max,796,0.02178,na,na,42765,67876,10153
knapsack_n100m10o1b5_2.txt,SOCKnapsack,20,Relaxed,20000,false,max,796,0.02125,na,na,42764,67911,10152
knapsack_n100m10o1b5_3.txt,SOCKnapsack,25,Exact,99999,false,max,877,0.67581,na,na,642245,1092650,122819
knapsack_n100m10o1b5_3.txt,SOCKnapsack,25,Restricted,500,false,max,877,0.00344,na,na,11152,12760,920
knapsack_n100m10o1b5_3.txt,SOCKnapsack,25,Restricted,1000,false,max,877,0.00671,na,na,20678,24058,1837
knapsack_n100m10o1b5_3.txt,SOCKnapsack,25,Restricted,2000,false,max,877,0.01273,na,na,37795,44969,3518
knapsack_n100m10o1b5_3.txt,SOCKnapsack,25,Restricted,5000,false,max,877,0.03278,na,na,82004,101223,8896
knapsack_n100m10o1b5_3.txt,SOCKnapsack,25,Restricted,10000,false,max,877,0.07088,na,na,142844,183199,16748
knapsack_n100m10o1b5_3.txt,SOCKnapsack,25,Restricted,20000,false,max,877,0.15185,na,na,240687,324412,30165
knapsack_n100m10o1b5_3.txt,SOCKnapsack,25,Relaxed,500,false,max,883,0.00418,na,na,11135,16106,919
knapsack_n100m10o1b5_3.txt,SOCKnapsack,25,Relaxed,1000,false,max,877,0.00826,na,na,20672,30200,1836
knapsack_n100m10o1b5_3.txt,SOCKnapsack,25,Relaxed,2000,false,max,877,0.01691,na,na,37788,55889,3518
knapsack_n100m10o1b5_3.txt,SOCKnapsack,25,Relaxed,5000,false,max,877,0.04687,na,na,82000,123346,8895
knapsack_n100m10o1b5_3.txt,SOCKnapsack,25,Relaxed,10000,false,max,877,0.09928,na,na,142841,218221,16747
knapsack_n100m10o1b5_3.txt,SOCKnapsack,25,Relaxed,20000,false,max,877,0.20178,na,na,240686,374747,30165
knapsack_n100m10o1b5_4.txt,SOCKnapsack,19,Exact,99999,false,max,712,0.00329,na,na,9172,15112,1732
knapsack_n100m10o1b5_4.txt,SOCKnapsack,19,Restricted,500,false,max,712,0.00163,na,na,4799,6636,762
knapsack_n100m10o1b5_4.txt,SOCKnapsack,19,Restricted,1000,false,max,712,0.00238,na,na,7337,10985,1339
knapsack_n100m10o1b5_4.txt,SOCKnapsack,19,Restricted,2000,false,max,712,0.00338,na,na,9172,15112,1732
knapsack_n100m10o1b5_4.txt,SOCKnapsack,19,Restricted,5000,false,max,712,0.00335,na,na,9172,15112,1732
knapsack_n100m10o1b5_4.txt,SOCKnapsack,19,Restricted,10000,false,max,712,0.00336,na,na,9172,15112,1732
knapsack_n100m10o1b5_4.txt,SOCKnapsack,19,Restricted,20000,false,max,712,0.00334,na,na,9172,15112,1732
knapsack_n100m10o1b5_4.txt,SOCKnapsack,19,Relaxed,500,false,max,712,0.00184,na,na,4796,7370,761
knapsack_n100m10o1b5_4.txt,SOCKnapsack,19,Relaxed,1000,false,max,712,0.00294,na,na,7336,11631,1339
knapsack_n100m10o1b5_4.txt,SOCKnapsack,19,Relaxed,2000,false,max,712,0.00332,na,na,9172,15112,1732
knapsack_n100m10o1b5_4.txt,SOCKnapsack,19,Relaxed,5000,false,max,712,0.00334,na,na,9172,15112,1732
knapsack_n100m10o1b5_4.txt,SOCKnapsack,19,Relaxed,10000,false,max,712,0.00340,na,na,9172,15112,1732
knapsack_n100m10o1b5_4.txt,SOCKnapsack,19,Relaxed,20000,false,max,712,0.00332,na,na,9172,15112,1732
knapsack_n100m10o3b5_0.txt,SOCKnapsack,23,Exact,99999,false,max,1031,0.20202,na,na,225259,353701,59835
knapsack_n100m10o3b5_0.txt,SOCKnapsack,23,Restricted,500,false,max,1031,0.00298,na,na,9421,10678,882
knapsack_n100m10o3b5_0.txt,SOCKnapsack,23,Restricted,1000,false,max,1031,0.00536,na,na,16909,19528,1796
knapsack_n100m10o3b5_0.txt,SOCKnapsack,23,Restricted,2000,false,max,1031,0.00994,na,na,29672,35136,3364
knapsack_n100m10o3b5_0.txt,SOCKnapsack,23,Restricted,5000,false,max,1031,0.02455,na,na,60086,73790,8258
knapsack_n100m10o3b5_0.txt,SOCKnapsack,23,Restricted,10000,false,max,1031,0.05123,na,na,99312,126277,16555
knapsack_n100m10o3b5_0.txt,SOCKnapsack,23,Restricted,20000,false,max,1031,0.09371,na,na,151159,203312,30394
knapsack_n100m10o3b5_0.txt,SOCKnapsack,23,Relaxed,500,false,max,1031,0.00354,na,na,9416,13669,881
knapsack_n100m10o3b5_0.txt,SOCKnapsack,23,Relaxed,1000,false,max,1031,0.00645,na,na,16904,24726,1795
knapsack_n100m10o3b5_0.txt,SOCKnapsack,23,Relaxed,2000,false,max,1031,0.01256,na,na,29667,43735,3363
knapsack_n100m10o3b5_0.txt,SOCKnapsack,23,Relaxed,5000,false,max,1031,0.03191,na,na,60084,89482,8258
knapsack_n100m10o3b5_0.txt,SOCKnapsack,23,Relaxed,10000,false,max,1031,0.06575,na,na,99311,149306,16555
knapsack_n100m10o3b5_0.txt,SOCKnapsack,23,Relaxed,20000,false,max,1031,0.11944,na,na,151158,230235,30393
knapsack_n100m10o3b5_1.txt,SOCKnapsack,17,Exact,99999,false,max,641,0.00201,na,na,5092,8652,1060
knapsack_n100m10o3b5_1.txt,SOCKnapsack,17,Restricted,500,false,max,641,0.00140,na,na,3832,5778,786
knapsack_n100m10o3b5_1.txt,SOCKnapsack,17,Restricted,1000,false,max,641,0.00173,na,na,5032,8441,1060
knapsack_n100m10o3b5_1.txt,SOCKnapsack,17,Restricted,2000,false,max,641,0.00192,na,na,5092,8652,1060
knapsack_n100m10o3b5_1.txt,SOCKnapsack,17,Restricted,5000,false,max,641,0.00198,na,na,5092,8652,1060
knapsack_n100m10o3b5_1.txt,SOCKnapsack,17,Restricted,10000,false,max,641,0.00192,na,na,5092,8652,1060
knapsack_n100m10o3b5_1.txt,SOCKnapsack,17,Restricted,20000,false,max,641,0.00196,na,na,5092,8652,1060
knapsack_n100m10o3b5_1.txt,SOCKnapsack,17,Relaxed,500,false,max,641,0.00157,na,na,3832,6228,787
knapsack_n100m10o3b5_1.txt,SOCKnapsack,17,Relaxed,1000,false,max,641,0.00206,na,na,5032,8501,1061
knapsack_n100m10o3b5_1.txt,SOCKnapsack,17,Relaxed,2000,false,max,641,0.00192,na,na,5092,8652,1060
knapsack_n100m10o3b5_1.txt,SOCKnapsack,17,Relaxed,5000,false,max,641,0.00198,na,na,5092,8652,1060
knapsack_n100m10o3b5_1.txt,SOCKnapsack,17,Relaxed,10000,false,max,641,0.00197,na,na,5092,8652,1060
knapsack_n100m10o3b5_1.txt,SOCKnapsack,17,Relaxed,20000,false,max,641,0.00192,na,na,5092,8652,1060
knapsack_n100m10o3b5_2.txt,SOCKnapsack,20,Exact,99999,false,max,808,0.01720,na,na,35670,55856,8437
knapsack_n100m10o3b5_2.txt,SOCKnapsack,20,Restricted,500,false,max,808,0.00248,na,na,7014,8429,896
knapsack_n100m10o3b5_2.txt,SOCKnapsack,20,Restricted,1000,false,max,808,0.00396,na,na,12085,15115,1651
knapsack_n100m10o3b5_2.txt,SOCKnapsack,20,Restricted,2000,false,max,808,0.00666,na,na,19629,26348,3135
knapsack_n100m10o3b5_2.txt,SOCKnapsack,20,Restricted,5000,false,max,808,0.01078,na,na,30753,44475,6694
knapsack_n100m10o3b5_2.txt,SOCKnapsack,20,Restricted,10000,false,max,808,0.01623,na,na,35670,55856,8437
knapsack_n100m10o3b5_2.txt,SOCKnapsack,20,Restricted,20000,false,max,808,0.01655,na,na,35670,55856,8437
knapsack_n100m10o3b5_2.txt,SOCKnapsack,20,Relaxed,500,false,max,808,0.00266,na,na,7011,10192,895
knapsack_n100m10o3b5_2.txt,SOCKnapsack,20,Relaxed,1000,false,max,808,0.00493,na,na,12081,17869,1650
knapsack_n100m10o3b5_2.txt,SOCKnapsack,20,Relaxed,2000,false,max,808,0.00847,na,na,19626,29829,3134
knapsack_n100m10o3b5_2.txt,SOCKnapsack,20,Relaxed,5000,false,max,808,0.01518,na,na,30752,47476,6693
knapsack_n100m10o3b5_2.txt,SOCKnapsack,20,Relaxed,10000,false,max,808,0.01694,na,na,35670,55856,8437
knapsack_n100m10o3b5_2.txt,SOCKnapsack,20,Relaxed,20000,false,max,808,0.01621,na,na,35670,55856,8437
knapsack_n100m10o3b5_3.txt,SOCKnapsack,25,Exact,99999,false,max,877,0.52956,na,na,517050,870367,90516
knapsack_n100m10o3b5_3.txt,SOCKnapsack,25,Restricted,500,false,max,877,0.00358,na,na,11230,13030,912
knapsack_n100m10o3b5_3.txt,SOCKnapsack,25,Restricted,1000,false,max,877,0.00655,na,na,20603,24287,1814
knapsack_n100m10o3b5_3.txt,SOCKnapsack,25,Restricted,2000,false,max,877,0.01267,na,na,37390,45162,3637
knapsack_n100m10o3b5_3.txt,SOCKnapsack,25,Restricted,5000,false,max,877,0.03173,na,na,80711,101184,8644
knapsack_n100m10o3b5_3.txt,SOCKnapsack,25,Restricted,10000,false,max,877,0.07689,na,na,140471,183154,16091
knapsack_n100m10o3b5_3.txt,SOCKnapsack,25,Restricted,20000,false,max,877,0.15787,na,na,236394,324463,29764
knapsack_n100m10o3b5_3.txt,SOCKnapsack,25,Relaxed,500,false,max,879,0.00436,na,na,11225,16423,911
knapsack_n100m10o3b5_3.txt,SOCKnapsack,25,Relaxed,1000,false,max,877,0.00838,na,na,20599,30287,1813
knapsack_n100m10o3b5_3.txt,SOCKnapsack,25,Relaxed,2000,false,max,877,0.01730,na,na,37386,55527,3636
knapsack_n100m10o3b5_3.txt,SOCKnapsack,25,Relaxed,5000,false,max,877,0.04635,na,na,80709,121584,8645
knapsack_n100m10o3b5_3.txt,SOCKnapsack,25,Relaxed,10000,false,max,877,0.10178,na,na,140468,214708,16090
knapsack_n100m10o3b5_3.txt,SOCKnapsack,25,Relaxed,20000,false,max,877,0.21146,na,na,236393,368565,29764
knapsack_n100m10o3b5_4.txt,SOCKnapsack,19,Exact,99999,false,max,693,0.00320,na,na,8570,13623,2430
knapsack_n100m10o3b5_4.txt,SOCKnapsack,19,Restricted,500,false,max,693,0.00153,na,na,4521,5859,806
knapsack_n100m10o3b5_4.txt,SOCKnapsack,19,Restricted,1000,false,max,693,0.00223,na,na,6573,9023,1618
knapsack_n100m10o3b5_4.txt,SOCKnapsack,19,Restricted,2000,false,max,693,0.00269,na,na,8362,12727,2430
knapsack_n100m10o3b5_4.txt,SOCKnapsack,19,Restricted,5000,false,max,693,0.00304,na,na,8570,13623,2430
knapsack_n100m10o3b5_4.txt,SOCKnapsack,19,Restricted,10000,false,max,693,0.00308,na,na,8570,13623,2430
knapsack_n100m10o3b5_4.txt,SOCKnapsack,19,Restricted,20000,false,max,693,0.00307,na,na,8570,13623,2430
knapsack_n100m10o3b5_4.txt,SOCKnapsack,19,Relaxed,500,false,max,693,0.00184,na,na,4519,6835,805
knapsack_n100m10o3b5_4.txt,SOCKnapsack,19,Relaxed,1000,false,max,693,0.00260,na,na,6573,10095,1617
knapsack_n100m10o3b5_4.txt,SOCKnapsack,19,Relaxed,2000,false,max,693,0.00337,na,na,8363,13161,2431
knapsack_n100m10o3b5_4.txt,SOCKnapsack,19,Relaxed,5000,false,max,693,0.00313,na,na,8570,13623,2430
knapsack_n100m10o3b5_4.txt,SOCKnapsack,19,Relaxed,10000,false,max,693,0.00313,na,na,8570,13623,2430
knapsack_n100m10o3b5_4.txt,SOCKnapsack,19,Relaxed,20000,false,max,693,0.00336,na,na,8570,13623,2430
knapsack_n100m10o5b5_0.txt,SOCKnapsack,23,Exact,99999,false,max,1054,0.13462,na,na,164851,257955,43044
knapsack_n100m10o5b5_0.txt,SOCKnapsack,23,Restricted,500,false,max,1054,0.00287,na,na,9089,10517,870
knapsack_n100m10o5b5_0.txt,SOCKnapsack,23,Restricted,1000,false,max,1054,0.00528,na,na,16263,19200,1681
knapsack_n100m10o5b5_0.txt,SOCKnapsack,23,Restricted,2000,false,max,1054,0.00929,na,na,28167,34041,3320
knapsack_n100m10o5b5_0.txt,SOCKnapsack,23,Restricted,5000,false,max,1054,0.02133,na,na,55775,70114,8365
knapsack_n100m10o5b5_0.txt,SOCKnapsack,23,Restricted,10000,false,max,1054,0.04446,na,na,88405,115640,15664
knapsack_n100m10o5b5_0.txt,SOCKnapsack,23,Restricted,20000,false,max,1054,0.08720,na,na,132424,184108,29402
knapsack_n100m10o5b5_0.txt,SOCKnapsack,23,Relaxed,500,false,max,1054,0.00352,na,na,9084,13288,869
knapsack_n100m10o5b5_0.txt,SOCKnapsack,23,Relaxed,1000,false,max,1054,0.00656,na,na,16258,23952,1681
knapsack_n100m10o5b5_0.txt,SOCKnapsack,23,Relaxed,2000,false,max,1054,0.01204,na,na,28163,41808,3319
knapsack_n100m10o5b5_0.txt,SOCKnapsack,23,Relaxed,5000,false,max,1054,0.03196,na,na,55772,83634,8364
knapsack_n100m10o5b5_0.txt,SOCKnapsack,23,Relaxed,10000,false,max,1054,0.05492,na,na,88404,133652,15663
knapsack_n100m10o5b5_0.txt,SOCKnapsack,23,Relaxed,20000,false,max,1054,0.10609,na,na,132424,202858,29403
knapsack_n100m10o5b5_1.txt,SOCKnapsack,17,Exact,99999,false,max,644,0.00143,na,na,3702,6312,742
knapsack_n100m10o5b5_1.txt,SOCKnapsack,17,Restricted,500,false,max,644,0.00126,na,na,3274,5242,627
knapsack_n100m10o5b5_1.txt,SOCKnapsack,17,Restricted,1000,false,max,644,0.00142,na,na,3702,6312,742
knapsack_n100m10o5b5_1.txt,SOCKnapsack,17,Restricted,2000,false,max,644,0.00137,na,na,3702,6312,742
knapsack_n100m10o5b5_1.txt,SOCKnapsack,17,Restricted,5000,false,max,644,0.00140,na,na,3702,6312,742
knapsack_n100m10o5b5_1.txt,SOCKnapsack,17,Restricted,10000,false,max,644,0.00149,na,na,3702,6312,742
knapsack_n100m10o5b5_1.txt,SOCKnapsack,17,Restricted,20000,false,max,644,0.00145,na,na,3702,6312,742
knapsack_n100m10o5b5_1.txt,SOCKnapsack,17,Relaxed,500,false,max,644,0.00141,na,na,3273,5451,626
knapsack_n100m10o5b5_1.txt,SOCKnapsack,17,Relaxed,1000,false,max,644,0.00149,na,na,3702,6312,742
knapsack_n100m10o5b5_1.txt,SOCKnapsack,17,Relaxed,2000,false,max,644,0.00142,na,na,3702,6312,742
knapsack_n100m10o5b5_1.txt,SOCKnapsack,17,Relaxed,5000,false,max,644,0.00145,na,na,3702,6312,742
knapsack_n100m10o5b5_1.txt,SOCKnapsack,17,Relaxed,10000,false,max,644,0.00146,na,na,3702,6312,742
knapsack_n100m10o5b5_1.txt,SOCKnapsack,17,Relaxed,20000,false,max,644,0.00146,na,na,3702,6312,742
knapsack_n100m10o5b5_2.txt,SOCKnapsack,20,Exact,99999,false,max,818,0.01848,na,na,39218,60239,12325
knapsack_n100m10o5b5_2.txt,SOCKnapsack,20,Restricted,500,false,max,818,0.00215,na,na,7048,8279,854
knapsack_n100m10o5b5_2.txt,SOCKnapsack,20,Restricted,1000,false,max,818,0.00370,na,na,11858,14345,1708
knapsack_n100m10o5b5_2.txt,SOCKnapsack,20,Restricted,2000,false,max,818,0.00582,na,na,18792,23674,3416
knapsack_n100m10o5b5_2.txt,SOCKnapsack,20,Restricted,5000,false,max,818,0.01150,na,na,31051,41259,7999
knapsack_n100m10o5b5_2.txt,SOCKnapsack,20,Restricted,10000,false,max,818,0.01531,na,na,38097,55862,12325
knapsack_n100m10o5b5_2.txt,SOCKnapsack,20,Restricted,20000,false,max,818,0.01959,na,na,39218,60239,12325
knapsack_n100m10o5b5_2.txt,SOCKnapsack,20,Relaxed,500,false,max,818,0.00257,na,na,7045,10340,854
knapsack_n100m10o5b5_2.txt,SOCKnapsack,20,Relaxed,1000,false,max,818,0.00450,na,na,11857,17609,1708
knapsack_n100m10o5b5_2.txt,SOCKnapsack,20,Relaxed,2000,false,max,818,0.00770,na,na,18790,28254,3415
knapsack_n100m10o5b5_2.txt,SOCKnapsack,20,Relaxed,5000,false,max,818,0.01590,na,na,31050,46966,8000
knapsack_n100m10o5b5_2.txt,SOCKnapsack,20,Relaxed,10000,false,max,818,0.02146,na,na,38097,58187,12326
knapsack_n100m10o5b5_2.txt,SOCKnapsack,20,Relaxed,20000,false,max,818,0.01966,na,na,39218,60239,12325
knapsack_n100m10o5b5_3.txt,SOCKnapsack,25,Exact,99999,false,max,884,0.47924,na,na,474348,832265,102707
knapsack_n100m10o5b5_3.txt,SOCKnapsack,25,Restricted,500,false,max,884,0.00331,na,na,11134,13187,899
knapsack_n100m10o5b5_3.txt,SOCKnapsack,25,Restricted,1000,false,max,884,0.00625,na,na,20339,24692,1798
knapsack_n100m10o5b5_3.txt,SOCKnapsack,25,Restricted,2000,false,max,884,0.01170,na,na,36589,45635,3618
knapsack_n100m10o5b5_3.txt,SOCKnapsack,25,Restricted,5000,false,max,884,0.03187,na,na,77024,99574,8707
knapsack_n100m10o5b5_3.txt,SOCKnapsack,25,Restricted,10000,false,max,884,0.06181,na,na,133752,178951,17257
knapsack_n100m10o5b5_3.txt,SOCKnapsack,25,Restricted,20000,false,max,884,0.14127,na,na,221491,310905,34271
knapsack_n100m10o5b5_3.txt,SOCKnapsack,25,Relaxed,500,false,max,884,0.00415,na,na,11130,16668,898
knapsack_n100m10o5b5_3.txt,SOCKnapsack,25,Relaxed,1000,false,max,884,0.00790,na,na,20333,30813,1797
knapsack_n100m10o5b5_3.txt,SOCKnapsack,25,Relaxed,2000,false,max,884,0.01646,na,na,36585,56047,3619
knapsack_n100m10o5b5_3.txt,SOCKnapsack,25,Relaxed,5000,false,max,884,0.04279,na,na,77021,119316,8707
knapsack_n100m10o5b5_3.txt,SOCKnapsack,25,Relaxed,10000,false,max,884,0.08918,na,na,133749,209965,17256
knapsack_n100m10o5b5_3.txt,SOCKnapsack,25,Relaxed,20000,false,max,884,0.18471,na,na,221489,354954,34271
knapsack_n100m10o5b5_4.txt,SOCKnapsack,19,Exact,99999,false,max,689,0.00219,na,na,6377,10162,1726
knapsack_n100m10o5b5_4.txt,SOCKnapsack,19,Restricted,500,false,max,689,0.00146,na,na,4070,5456,841
knapsack_n100m10o5b5_4.txt,SOCKnapsack,19,Restricted,1000,false,max,689,0.00187,na,na,5624,8139,1353
knapsack_n100m10o5b5_4.txt,SOCKnapsack,19,Restricted,2000,false,max,689,0.00218,na,na,6377,10162,1726
knapsack_n100m10o5b5_4.txt,SOCKnapsack,19,Restricted,5000,false,max,689,0.00217,na,na,6377,10162,1726
knapsack_n100m10o5b5_4.txt,SOCKnapsack,19,Restricted,10000,false,max,689,0.00218,na,na,6377,10162,1726
knapsack_n100m10o5b5_4.txt,SOCKnapsack,19,Restricted,20000,false,max,689,0.00210,na,na,6377,10162,1726
knapsack_n100m10o5b5_4.txt,SOCKnapsack,19,Relaxed,500,false,max,689,0.00154,na,na,4068,6209,840
knapsack_n100m10o5b5_4.txt,SOCKnapsack,19,Relaxed,1000,false,max,689,0.00256,na,na,5624,8765,1354
knapsack_n100m10o5b5_4.txt,SOCKnapsack,19,Relaxed,2000,false,max,689,0.00218,na,na,6377,10162,1726
knapsack_n100m10o5b5_4.txt,SOCKnapsack,19,Relaxed,5000,false,max,689,0.00220,na,na,6377,10162,1726
knapsack_n100m10o5b5_4.txt,SOCKnapsack,19,Relaxed,10000,false,max,689,0.00219,na,na,6377,10162,1726
knapsack_n100m10o5b5_4.txt,SOCKnapsack,19,Relaxed,20000,false,max,689,0.00218,na,na,6377,10162,1726
knapsack_n100m20o1b5_0.txt,SOCKnapsack,18,Exact,99999,false,max,728,0.00283,na,na,8218,13752,1465
knapsack_n100m20o1b5_0.txt,SOCKnapsack,18,Restricted,500,false,max,728,0.00167,na,na,4713,6803,751
knapsack_n100m20o1b5_0.txt,SOCKnapsack,18,Restricted,1000,false,max,728,0.00238,na,na,7065,11089,1305
knapsack_n100m20o1b5_0.txt,SOCKnapsack,18,Restricted,2000,false,max,728,0.00282,na,na,8218,13752,1465
knapsack_n100m20o1b5_0.txt,SOCKnapsack,18,Restricted,5000,false,max,728,0.00293,na,na,8218,13752,1465
knapsack_n100m20o1b5_0.txt,SOCKnapsack,18,Restricted,10000,false,max,728,0.00291,na,na,8218,13752,1465
knapsack_n100m20o1b5_0.txt,SOCKnapsack,18,Restricted,20000,false,max,728,0.00286,na,na,8218,13752,1465
knapsack_n100m20o1b5_0.txt,SOCKnapsack,18,Relaxed,500,false,max,728,0.00185,na,na,4711,7456,750
knapsack_n100m20o1b5_0.txt,SOCKnapsack,18,Relaxed,1000,false,max,728,0.00290,na,na,7067,11540,1306
knapsack_n100m20o1b5_0.txt,SOCKnapsack,18,Relaxed,2000,false,max,728,0.00285,na,na,8218,13752,1465
knapsack_n100m20o1b5_0.txt,SOCKnapsack,18,Relaxed,5000,false,max,728,0.00297,na,na,8218,13752,1465
knapsack_n100m20o1b5_0.txt,SOCKnapsack,18,Relaxed,10000,false,max,728,0.00288,na,na,8218,13752,1465
knapsack_n100m20o1b5_0.txt,SOCKnapsack,18,Relaxed,20000,false,max,728,0.00288,na,na,8218,13752,1465
knapsack_n100m20o1b5_1.txt,SOCKnapsack,24,Exact,99999,false,max,678,0.38452,na,na,393729,679930,70910
knapsack_n100m20o1b5_1.txt,SOCKnapsack,24,Restricted,500,false,max,678,0.00294,na,na,9931,11893,894
knapsack_n100m20o1b5_1.txt,SOCKnapsack,24,Restricted,1000,false,max,678,0.00572,na,na,18518,22552,1833
knapsack_n100m20o1b5_1.txt,SOCKnapsack,24,Restricted,2000,false,max,678,0.01061,na,na,33636,41916,3513
knapsack_n100m20o1b5_1.txt,SOCKnapsack,24,Restricted,5000,false,max,678,0.02846,na,na,72297,93940,8805
knapsack_n100m20o1b5_1.txt,SOCKnapsack,24,Restricted,10000,false,max,678,0.05736,na,na,123090,167526,16674
knapsack_n100m20o1b5_1.txt,SOCKnapsack,24,Restricted,20000,false,max,678,0.12957,na,na,201229,290366,31986
knapsack_n100m20o1b5_1.txt,SOCKnapsack,24,Relaxed,500,false,max,690,0.00367,na,na,9925,14498,894
knapsack_n100m20o1b5_1.txt,SOCKnapsack,24,Relaxed,1000,false,max,678,0.00743,na,na,18510,27505,1832
knapsack_n100m20o1b5_1.txt,SOCKnapsack,24,Relaxed,2000,false,max,678,0.01504,na,na,33629,50614,3512
knapsack_n100m20o1b5_1.txt,SOCKnapsack,24,Relaxed,5000,false,max,678,0.03913,na,na,72294,111250,8805
knapsack_n100m20o1b5_1.txt,SOCKnapsack,24,Relaxed,10000,false,max,678,0.08263,na,na,123089,193225,16673
knapsack_n100m20o1b5_1.txt,SOCKnapsack,24,Relaxed,20000,false,max,678,0.16999,na,na,201227,323179,31985
knapsack_n100m20o1b5_2.txt,SOCKnapsack,16,Exact,99999,false,max,571,0.00161,na,na,4199,7818,1001
knapsack_n100m20o1b5_2.txt,SOCKnapsack,16,Restricted,500,false,max,571,0.00127,na,na,3385,5545,700
knapsack_n100m20o1b5_2.txt,SOCKnapsack,16,Restricted,1000,false,max,571,0.00150,na,na,4199,7816,1001
knapsack_n100m20o1b5_2.txt,SOCKnapsack,16,Restricted,2000,false,max,571,0.00163,na,na,4199,7818,1001
knapsack_n100m20o1b5_2.txt,SOCKnapsack,16,Restricted,5000,false,max,571,0.00160,na,na,4199,7818,1001
knapsack_n100m20o1b5_2.txt,SOCKnapsack,16,Restricted,10000,false,max,571,0.00162,na,na,4199,7818,1001
knapsack_n100m20o1b5_2.txt,SOCKnapsack,16,Restricted,20000,false,max,571,0.00160,na,na,4199,7818,1001
knapsack_n100m20o1b5_2.txt,SOCKnapsack,16,Relaxed,500,false,max,571,0.00142,na,na,3386,5929,700
knapsack_n100m20o1b5_2.txt,SOCKnapsack,16,Relaxed,1000,false,max,571,0.00170,na,na,4200,7818,1002
knapsack_n100m20o1b5_2.txt,SOCKnapsack,16,Relaxed,2000,false,max,571,0.00159,na,na,4199,7818,1001
knapsack_n100m20o1b5_2.txt,SOCKnapsack,16,Relaxed,5000,false,max,571,0.00160,na,na,4199,7818,1001
knapsack_n100m20o1b5_2.txt,SOCKnapsack,16,Relaxed,10000,false,max,571,0.00162,na,na,4199,7818,1001
knapsack_n100m20o1b5_2.txt,SOCKnapsack,16,Relaxed,20000,false,max,571,0.00163,na,na,4199,7818,1001
knapsack_n100m20o1b5_3.txt,SOCKnapsack,19,Exact,99999,false,max,767,0.00484,na,na,13521,22415,2361
knapsack_n100m20o1b5_3.txt,SOCKnapsack,19,Restricted,500,false,max,767,0.00179,na,na,5539,7586,788
knapsack_n100m20o1b5_3.txt,SOCKnapsack,19,Restricted,1000,false,max,767,0.00286,na,na,8737,12832,1396
knapsack_n100m20o1b5_3.txt,SOCKnapsack,19,Restricted,2000,false,max,767,0.00413,na,na,12653,20408,2256
knapsack_n100m20o1b5_3.txt,SOCKnapsack,19,Restricted,5000,false,max,767,0.00481,na,na,13521,22415,2361
knapsack_n100m20o1b5_3.txt,SOCKnapsack,19,Restricted,10000,false,max,767,0.00495,na,na,13521,22415,2361
knapsack_n100m20o1b5_3.txt,SOCKnapsack,19,Restricted,20000,false,max,767,0.00477,na,na,13521,22415,2361
knapsack_n100m20o1b5_3.txt,SOCKnapsack,19,Relaxed,500,false,max,767,0.00208,na,na,5538,8545,788
knapsack_n100m20o1b5_3.txt,SOCKnapsack,19,Relaxed,1000,false,max,767,0.00347,na,na,8737,13841,1396
knapsack_n100m20o1b5_3.txt,SOCKnapsack,19,Relaxed,2000,false,max,767,0.00544,na,na,12654,20765,2257
knapsack_n100m20o1b5_3.txt,SOCKnapsack,19,Relaxed,5000,false,max,767,0.00501,na,na,13521,22415,2361
knapsack_n100m20o1b5_3.txt,SOCKnapsack,19,Relaxed,10000,false,max,767,0.00494,na,na,13521,22415,2361
knapsack_n100m20o1b5_3.txt,SOCKnapsack,19,Relaxed,20000,false,max,767,0.00492,na,na,13521,22415,2361
knapsack_n100m20o1b5_4.txt,SOCKnapsack,22,Exact,99999,false,max,781,0.09022,na,na,118131,217989,25255
knapsack_n100m20o1b5_4.txt,SOCKnapsack,22,Restricted,500,false,max,781,0.00257,na,na,8605,11038,854
knapsack_n100m20o1b5_4.txt,SOCKnapsack,22,Restricted,1000,false,max,781,0.00487,na,na,15511,20484,1710
knapsack_n100m20o1b5_4.txt,SOCKnapsack,22,Restricted,2000,false,max,781,0.00889,na,na,27064,37326,3205
knapsack_n100m20o1b5_4.txt,SOCKnapsack,22,Restricted,5000,false,max,781,0.02091,na,na,52656,77497,7754
knapsack_n100m20o1b5_4.txt,SOCKnapsack,22,Restricted,10000,false,max,781,0.03897,na,na,81084,128402,14105
knapsack_n100m20o1b5_4.txt,SOCKnapsack,22,Restricted,20000,false,max,781,0.06590,na,na,111492,196179,23155
knapsack_n100m20o1b5_4.txt,SOCKnapsack,22,Relaxed,500,false,max,783,0.00328,na,na,8599,13303,853
knapsack_n100m20o1b5_4.txt,SOCKnapsack,22,Relaxed,1000,false,max,781,0.00633,na,na,15509,24402,1709
knapsack_n100m20o1b5_4.txt,SOCKnapsack,22,Relaxed,2000,false,max,781,0.01190,na,na,27061,43630,3204
knapsack_n100m20o1b5_4.txt,SOCKnapsack,22,Relaxed,5000,false,max,781,0.03036,na,na,52656,87606,7755
knapsack_n100m20o1b5_4.txt,SOCKnapsack,22,Relaxed,10000,false,max,781,0.05559,na,na,81084,139452,14105
knapsack_n100m20o1b5_4.txt,SOCKnapsack,22,Relaxed,20000,false,max,781,0.09208,na,na,111492,201229,23155
knapsack_n100m20o3b5_0.txt,SOCKnapsack,18,Exact,99999,false,max,681,0.00206,na,na,5940,9761,989
knapsack_n100m20o3b5_0.txt,SOCKnapsack,18,Restricted,500,false,max,681,0.00143,na,na,4324,6440,693
knapsack_n100m20o3b5_0.txt,SOCKnapsack,18,Restricted,1000,false,max,681,0.00205,na,na,5940,9761,989
knapsack_n100m20o3b5_0.txt,SOCKnapsack,18,Restricted,2000,false,max,681,0.00210,na,na,5940,9761,989
knapsack_n100m20o3b5_0.txt,SOCKnapsack,18,Restricted,5000,false,max,681,0.00209,na,na,5940,9761,989
knapsack_n100m20o3b5_0.txt,SOCKnapsack,18,Restricted,10000,false,max,681,0.00206,na,na,5940,9761,989
knapsack_n100m20o3b5_0.txt,SOCKnapsack,18,Restricted,20000,false,max,681,0.00204,na,na,5940,9761,989
knapsack_n100m20o3b5_0.txt,SOCKnapsack,18,Relaxed,500,false,max,681,0.00168,na,na,4323,6850,694
knapsack_n100m20o3b5_0.txt,SOCKnapsack,18,Relaxed,1000,false,max,681,0.00213,na,na,5940,9761,989
knapsack_n100m20o3b5_0.txt,SOCKnapsack,18,Relaxed,2000,false,max,681,0.00206,na,na,5940,9761,989
knapsack_n100m20o3b5_0.txt,SOCKnapsack,18,Relaxed,5000,false,max,681,0.00212,na,na,5940,9761,989
knapsack_n100m20o3b5_0.txt,SOCKnapsack,18,Relaxed,10000,false,max,681,0.00202,na,na,5940,9761,989
knapsack_n100m20o3b5_0.txt,SOCKnapsack,18,Relaxed,20000,false,max,681,0.00206,na,na,5940,9761,989
knapsack_n100m20o3b5_1.txt,SOCKnapsack,24,Exact,99999,false,max,664,0.28854,na,na,309433,527157,51754
knapsack_n100m20o3b5_1.txt,SOCKnapsack,24,Restricted,500,false,max,664,0.00310,na,na,10063,11993,917
knapsack_n100m20o3b5_1.txt,SOCKnapsack,24,Restricted,1000,false,max,664,0.00565,na,na,18452,22498,1835
knapsack_n100m20o3b5_1.txt,SOCKnapsack,24,Restricted,2000,false,max,664,0.01100,na,na,33293,41687,3490
knapsack_n100m20o3b5_1.txt,SOCKnapsack,24,Restricted,5000,false,max,664,0.03024,na,na,70368,92502,8221
knapsack_n100m20o3b5_1.txt,SOCKnapsack,24,Restricted,10000,false,max,664,0.05825,na,na,119111,164706,15596
knapsack_n100m20o3b5_1.txt,SOCKnapsack,24,Restricted,20000,false,max,664,0.11502,na,na,193342,286287,30158
knapsack_n100m20o3b5_1.txt,SOCKnapsack,24,Relaxed,500,false,max,669,0.00370,na,na,10057,14696,917
knapsack_n100m20o3b5_1.txt,SOCKnapsack,24,Relaxed,1000,false,max,664,0.00734,na,na,18447,27302,1834
knapsack_n100m20o3b5_1.txt,SOCKnapsack,24,Relaxed,2000,false,max,664,0.01474,na,na,33288,49933,3489
knapsack_n100m20o3b5_1.txt,SOCKnapsack,24,Relaxed,5000,false,max,664,0.03901,na,na,70363,107890,8220
knapsack_n100m20o3b5_1.txt,SOCKnapsack,24,Relaxed,10000,false,max,664,0.08580,na,na,119109,186385,15595
knapsack_n100m20o3b5_1.txt,SOCKnapsack,24,Relaxed,20000,false,max,664,0.16110,na,na,193339,311028,30159
knapsack_n100m20o3b5_2.txt,SOCKnapsack,16,Exact,99999,false,max,568,0.00129,na,na,3249,5915,739
knapsack_n100m20o3b5_2.txt,SOCKnapsack,16,Restricted,500,false,max,568,0.00113,na,na,2953,4961,675
knapsack_n100m20o3b5_2.txt,SOCKnapsack,16,Restricted,1000,false,max,568,0.00128,na,na,3249,5915,739
knapsack_n100m20o3b5_2.txt,SOCKnapsack,16,Restricted,2000,false,max,568,0.00126,na,na,3249,5915,739
knapsack_n100m20o3b5_2.txt,SOCKnapsack,16,Restricted,5000,false,max,568,0.00126,na,na,3249,5915,739
knapsack_n100m20o3b5_2.txt,SOCKnapsack,16,Restricted,10000,false,max,568,0.00130,na,na,3249,5915,739
knapsack_n100m20o3b5_2.txt,SOCKnapsack,16,Restricted,20000,false,max,568,0.00129,na,na,3249,5915,739
knapsack_n100m20o3b5_2.txt,SOCKnapsack,16,Relaxed,500,false,max,568,0.00131,na,na,2953,5178,675
knapsack_n100m20o3b5_2.txt,SOCKnapsack,16,Relaxed,1000,false,max,568,0.00129,na,na,3249,5915,739
knapsack_n100m20o3b5_2.txt,SOCKnapsack,16,Relaxed,2000,false,max,568,0.00128,na,na,3249,5915,739
knapsack_n100m20o3b5_2.txt,SOCKnapsack,16,Relaxed,5000,false,max,568,0.00133,na,na,3249,5915,739
knapsack_n100m20o3b5_2.txt,SOCKnapsack,16,Relaxed,10000,false,max,568,0.00130,na,na,3249,5915,739
knapsack_n100m20o3b5_2.txt,SOCKnapsack,16,Relaxed,20000,false,max,568,0.00127,na,na,3249,5915,739
knapsack_n100m20o3b5_3.txt,SOCKnapsack,19,Exact,99999,false,max,750,0.00343,na,na,9909,16273,1657
knapsack_n100m20o3b5_3.txt,SOCKnapsack,19,Restricted,500,false,max,750,0.00165,na,na,5092,7226,771
knapsack_n100m20o3b5_3.txt,SOCKnapsack,19,Restricted,1000,false,max,750,0.00243,na,na,7809,11919,1348
knapsack_n100m20o3b5_3.txt,SOCKnapsack,19,Restricted,2000,false,max,750,0.00353,na,na,9909,16273,1657
knapsack_n100m20o3b5_3.txt,SOCKnapsack,19,Restricted,5000,false,max,750,0.00340,na,na,9909,16273,1657
knapsack_n100m20o3b5_3.txt,SOCKnapsack,19,Restricted,10000,false,max,750,0.00335,na,na,9909,16273,1657
knapsack_n100m20o3b5_3.txt,SOCKnapsack,19,Restricted,20000,false,max,750,0.00329,na,na,9909,16273,1657
knapsack_n100m20o3b5_3.txt,SOCKnapsack,19,Relaxed,500,false,max,750,0.00187,na,na,5092,7937,771
knapsack_n100m20o3b5_3.txt,SOCKnapsack,19,Relaxed,1000,false,max,750,0.00297,na,na,7810,12491,1349
knapsack_n100m20o3b5_3.txt,SOCKnapsack,19,Relaxed,2000,false,max,750,0.00340,na,na,9909,16273,1657
knapsack_n100m20o3b5_3.txt,SOCKnapsack,19,Relaxed,5000,false,max,750,0.00337,na,na,9909,16273,1657
knapsack_n100m20o3b5_3.txt,SOCKnapsack,19,Relaxed,10000,false,max,750,0.00341,na,na,9909,16273,1657
knapsack_n100m20o3b5_3.txt,SOCKnapsack,19,Relaxed,20000,false,max,750,0.00328,na,na,9909,16273,1657
knapsack_n100m20o3b5_4.txt,SOCKnapsack,22,Exact,99999,false,max,744,0.05786,na,na,89637,163225,18388
knapsack_n100m20o3b5_4.txt,SOCKnapsack,22,Restricted,500,false,max,744,0.00259,na,na,8312,10615,795
knapsack_n100m20o3b5_4.txt,SOCKnapsack,22,Restricted,1000,false,max,744,0.00457,na,na,14927,19821,1662
knapsack_n100m20o3b5_4.txt,SOCKnapsack,22,Restricted,2000,false,max,744,0.00816,na,na,25391,35306,3396
knapsack_n100m20o3b5_4.txt,SOCKnapsack,22,Restricted,5000,false,max,744,0.01888,na,na,48173,72357,7945
knapsack_n100m20o3b5_4.txt,SOCKnapsack,22,Restricted,10000,false,max,744,0.02934,na,na,71265,116428,13615
knapsack_n100m20o3b5_4.txt,SOCKnapsack,22,Restricted,20000,false,max,744,0.05780,na,na,89637,163225,18388
knapsack_n100m20o3b5_4.txt,SOCKnapsack,22,Relaxed,500,false,max,744,0.00314,na,na,8308,12691,795
knapsack_n100m20o3b5_4.txt,SOCKnapsack,22,Relaxed,1000,false,max,744,0.00585,na,na,14924,23371,1661
knapsack_n100m20o3b5_4.txt,SOCKnapsack,22,Relaxed,2000,false,max,744,0.01088,na,na,25389,40809,3396
knapsack_n100m20o3b5_4.txt,SOCKnapsack,22,Relaxed,5000,false,max,744,0.02580,na,na,48171,80387,7944
knapsack_n100m20o3b5_4.txt,SOCKnapsack,22,Relaxed,10000,false,max,744,0.04709,na,na,71265,123483,13616
knapsack_n100m20o3b5_4.txt,SOCKnapsack,22,Relaxed,20000,false,max,744,0.06602,na,na,89637,163225,18388
knapsack_n100m20o5b5_0.txt,SOCKnapsack,18,Exact,99999,false,max,666,0.00158,na,na,4453,7260,700
knapsack_n100m20o5b5_0.txt,SOCKnapsack,18,Restricted,500,false,max,666,0.00131,na,na,3846,5955,643
knapsack_n100m20o5b5_0.txt,SOCKnapsack,18,Restricted,1000,false,max,666,0.00158,na,na,4453,7260,700
knapsack_n100m20o5b5_0.txt,SOCKnapsack,18,Restricted,2000,false,max,666,0.00190,na,na,4453,7260,700
knapsack_n100m20o5b5_0.txt,SOCKnapsack,18,Restricted,5000,false,max,666,0.00154,na,na,4453,7260,700
knapsack_n100m20o5b5_0.txt,SOCKnapsack,18,Restricted,10000,false,max,666,0.00155,na,na,4453,7260,700
knapsack_n100m20o5b5_0.txt,SOCKnapsack,18,Restricted,20000,false,max,666,0.00158,na,na,4453,7260,700
knapsack_n100m20o5b5_0.txt,SOCKnapsack,18,Relaxed,500,false,max,666,0.00152,na,na,3844,6139,642
knapsack_n100m20o5b5_0.txt,SOCKnapsack,18,Relaxed,1000,false,max,666,0.00156,na,na,4453,7260,700
knapsack_n100m20o5b5_0.txt,SOCKnapsack,18,Relaxed,2000,false,max,666,0.00160,na,na,4453,7260,700
knapsack_n100m20o5b5_0.txt,SOCKnapsack,18,Relaxed,5000,false,max,666,0.00163,na,na,4453,7260,700
knapsack_n100m20o5b5_0.txt,SOCKnapsack,18,Relaxed,10000,false,max,666,0.00160,na,na,4453,7260,700
knapsack_n100m20o5b5_0.txt,SOCKnapsack,18,Relaxed,20000,false,max,666,0.00161,na,na,4453,7260,700
knapsack_n100m20o5b5_1.txt,SOCKnapsack,24,Exact,99999,false,max,676,0.21292,na,na,247532,415154,38504
knapsack_n100m20o5b5_1.txt,SOCKnapsack,24,Restricted,500,false,max,676,0.00302,na,na,9871,11839,903
knapsack_n100m20o5b5_1.txt,SOCKnapsack,24,Restricted,1000,false,max,676,0.00551,na,na,17967,22097,1822
knapsack_n100m20o5b5_1.txt,SOCKnapsack,24,Restricted,2000,false,max,676,0.01068,na,na,32235,40663,3617
knapsack_n100m20o5b5_1.txt,SOCKnapsack,24,Restricted,5000,false,max,676,0.02690,na,na,66781,88819,8415
knapsack_n100m20o5b5_1.txt,SOCKnapsack,24,Restricted,10000,false,max,676,0.05413,na,na,112658,158123,17098
knapsack_n100m20o5b5_1.txt,SOCKnapsack,24,Restricted,20000,false,max,676,0.10337,na,na,181211,274910,29850
knapsack_n100m20o5b5_1.txt,SOCKnapsack,24,Relaxed,500,false,max,676,0.00359,na,na,9864,14463,902
knapsack_n100m20o5b5_1.txt,SOCKnapsack,24,Relaxed,1000,false,max,676,0.00695,na,na,17961,26694,1821
knapsack_n100m20o5b5_1.txt,SOCKnapsack,24,Relaxed,2000,false,max,676,0.01390,na,na,32230,48406,3617
knapsack_n100m20o5b5_1.txt,SOCKnapsack,24,Relaxed,5000,false,max,676,0.03283,na,na,66778,102323,8414
knapsack_n100m20o5b5_1.txt,SOCKnapsack,24,Relaxed,10000,false,max,676,0.07280,na,na,112658,176039,17097
knapsack_n100m20o5b5_1.txt,SOCKnapsack,24,Relaxed,20000,false,max,676,0.15365,na,na,181211,291482,29849
knapsack_n100m20o5b5_2.txt,SOCKnapsack,16,Exact,99999,false,max,568,0.00103,na,na,2451,4533,541
knapsack_n100m20o5b5_2.txt,SOCKnapsack,16,Restricted,500,false,max,568,0.00096,na,na,2410,4372,541
knapsack_n100m20o5b5_2.txt,SOCKnapsack,16,Restricted,1000,false,max,568,0.00105,na,na,2451,4533,541
knapsack_n100m20o5b5_2.txt,SOCKnapsack,16,Restricted,2000,false,max,568,0.00106,na,na,2451,4533,541
knapsack_n100m20o5b5_2.txt,SOCKnapsack,16,Restricted,5000,false,max,568,0.00103,na,na,2451,4533,541
knapsack_n100m20o5b5_2.txt,SOCKnapsack,16,Restricted,10000,false,max,568,0.00102,na,na,2451,4533,541
knapsack_n100m20o5b5_2.txt,SOCKnapsack,16,Restricted,20000,false,max,568,0.00104,na,na,2451,4533,541
knapsack_n100m20o5b5_2.txt,SOCKnapsack,16,Relaxed,500,false,max,568,0.00108,na,na,2411,4414,542
knapsack_n100m20o5b5_2.txt,SOCKnapsack,16,Relaxed,1000,false,max,568,0.00104,na,na,2451,4533,541
knapsack_n100m20o5b5_2.txt,SOCKnapsack,16,Relaxed,2000,false,max,568,0.00108,na,na,2451,4533,541
knapsack_n100m20o5b5_2.txt,SOCKnapsack,16,Relaxed,5000,false,max,568,0.00104,na,na,2451,4533,541
knapsack_n100m20o5b5_2.txt,SOCKnapsack,16,Relaxed,10000,false,max,568,0.00103,na,na,2451,4533,541
knapsack_n100m20o5b5_2.txt,SOCKnapsack,16,Relaxed,20000,false,max,568,0.00106,na,na,2451,4533,541
knapsack_n100m20o5b5_3.txt,SOCKnapsack,19,Exact,99999,false,max,732,0.00264,na,na,7623,12548,1216
knapsack_n100m20o5b5_3.txt,SOCKnapsack,19,Restricted,500,false,max,732,0.00158,na,na,4806,7090,738
knapsack_n100m20o5b5_3.txt,SOCKnapsack,19,Restricted,1000,false,max,732,0.00235,na,na,7059,11314,1121
knapsack_n100m20o5b5_3.txt,SOCKnapsack,19,Restricted,2000,false,max,732,0.00276,na,na,7623,12548,1216
knapsack_n100m20o5b5_3.txt,SOCKnapsack,19,Restricted,5000,false,max,732,0.00261,na,na,7623,12548,1216
knapsack_n100m20o5b5_3.txt,SOCKnapsack,19,Restricted,10000,false,max,732,0.00259,na,na,7623,12548,1216
knapsack_n100m20o5b5_3.txt,SOCKnapsack,19,Restricted,20000,false,max,732,0.00263,na,na,7623,12548,1216
knapsack_n100m20o5b5_3.txt,SOCKnapsack,19,Relaxed,500,false,max,732,0.00187,na,na,4806,7612,738
knapsack_n100m20o5b5_3.txt,SOCKnapsack,19,Relaxed,1000,false,max,732,0.00280,na,na,7059,11516,1121
knapsack_n100m20o5b5_3.txt,SOCKnapsack,19,Relaxed,2000,false,max,732,0.00259,na,na,7623,12548,1216
knapsack_n100m20o5b5_3.txt,SOCKnapsack,19,Relaxed,5000,false,max,732,0.00258,na,na,7623,12548,1216
knapsack_n100m20o5b5_3.txt,SOCKnapsack,19,Relaxed,10000,false,max,732,0.00261,na,na,7623,12548,1216
knapsack_n100m20o5b5_3.txt,SOCKnapsack,19,Relaxed,20000,false,max,732,0.00248,na,na,7623,12548,1216
knapsack_n100m20o5b5_4.txt,SOCKnapsack,22,Exact,99999,false,max,742,0.03575,na,na,67229,121812,13646
knapsack_n100m20o5b5_4.txt,SOCKnapsack,22,Restricted,500,false,max,742,0.00246,na,na,8076,10500,788
knapsack_n100m20o5b5_4.txt,SOCKnapsack,22,Restricted,1000,false,max,742,0.00426,na,na,14104,19084,1638
knapsack_n100m20o5b5_4.txt,SOCKnapsack,22,Restricted,2000,false,max,742,0.00766,na,na,23652,33558,3148
knapsack_n100m20o5b5_4.txt,SOCKnapsack,22,Restricted,5000,false,max,742,0.01614,na,na,43285,66954,7864
knapsack_n100m20o5b5_4.txt,SOCKnapsack,22,Restricted,10000,false,max,742,0.02589,na,na,61703,105296,11716
knapsack_n100m20o5b5_4.txt,SOCKnapsack,22,Restricted,20000,false,max,742,0.03590,na,na,67229,121812,13646
knapsack_n100m20o5b5_4.txt,SOCKnapsack,22,Relaxed,500,false,max,742,0.00311,na,na,8073,12417,787
knapsack_n100m20o5b5_4.txt,SOCKnapsack,22,Relaxed,1000,false,max,742,0.00521,na,na,14099,22268,1637
knapsack_n100m20o5b5_4.txt,SOCKnapsack,22,Relaxed,2000,false,max,742,0.01109,na,na,23651,38298,3147
knapsack_n100m20o5b5_4.txt,SOCKnapsack,22,Relaxed,5000,false,max,742,0.02388,na,na,43284,73018,7863
knapsack_n100m20o5b5_4.txt,SOCKnapsack,22,Relaxed,10000,false,max,742,0.04013,na,na,61703,108719,11716
knapsack_n100m20o5b5_4.txt,SOCKnapsack,22,Relaxed,20000,false,max,742,0.03441,na,na,67229,121812,13646
knapsack_n125m10o1b5_0.txt,SOCKnapsack,16,Exact,99999,false,max,444,0.00180,na,na,4666,8095,1110
knapsack_n125m10o1b5_0.txt,SOCKnapsack,16,Restricted,500,false,max,444,0.00133,na,na,3496,5163,702
knapsack_n125m10o1b5_0.txt,SOCKnapsack,16,Restricted,1000,false,max,444,0.00170,na,na,4583,7754,1110
knapsack_n125m10o1b5_0.txt,SOCKnapsack,16,Restricted,2000,false,max,444,0.00183,na,na,4666,8095,1110
knapsack_n125m10o1b5_0.txt,SOCKnapsack,16,Restricted,5000,false,max,444,0.00183,na,na,4666,8095,1110
knapsack_n125m10o1b5_0.txt,SOCKnapsack,16,Restricted,10000,false,max,444,0.00176,na,na,4666,8095,1110
knapsack_n125m10o1b5_0.txt,SOCKnapsack,16,Restricted,20000,false,max,444,0.00174,na,na,4666,8095,1110
knapsack_n125m10o1b5_0.txt,SOCKnapsack,16,Relaxed,500,false,max,444,0.00146,na,na,3497,5636,703
knapsack_n125m10o1b5_0.txt,SOCKnapsack,16,Relaxed,1000,false,max,444,0.00185,na,na,4583,7863,1111
knapsack_n125m10o1b5_0.txt,SOCKnapsack,16,Relaxed,2000,false,max,444,0.00174,na,na,4666,8095,1110
knapsack_n125m10o1b5_0.txt,SOCKnapsack,16,Relaxed,5000,false,max,444,0.00180,na,na,4666,8095,1110
knapsack_n125m10o1b5_0.txt,SOCKnapsack,16,Relaxed,10000,false,max,444,0.00181,na,na,4666,8095,1110
knapsack_n125m10o1b5_0.txt,SOCKnapsack,16,Relaxed,20000,false,max,444,0.00175,na,na,4666,8095,1110
knapsack_n125m10o1b5_1.txt,SOCKnapsack,25,Exact,99999,false,max,1067,0.55186,na,na,584030,917834,131526
knapsack_n125m10o1b5_1.txt,SOCKnapsack,25,Restricted,500,false,max,1067,0.00303,na,na,10424,11434,966
knapsack_n125m10o1b5_1.txt,SOCKnapsack,25,Restricted,1000,false,max,1067,0.00613,na,na,19444,21587,1796
knapsack_n125m10o1b5_1.txt,SOCKnapsack,25,Restricted,2000,false,max,1067,0.01157,na,na,35748,40491,3654
knapsack_n125m10o1b5_1.txt,SOCKnapsack,25,Restricted,5000,false,max,1067,0.02957,na,na,77783,91043,8687
knapsack_n125m10o1b5_1.txt,SOCKnapsack,25,Restricted,10000,false,max,1067,0.06336,na,na,136128,165385,16145
knapsack_n125m10o1b5_1.txt,SOCKnapsack,25,Restricted,20000,false,max,1067,0.12911,na,na,227049,289012,29421
knapsack_n125m10o1b5_1.txt,SOCKnapsack,25,Relaxed,500,false,max,1103,0.00354,na,na,10423,14320,966
knapsack_n125m10o1b5_1.txt,SOCKnapsack,25,Relaxed,1000,false,max,1068,0.00715,na,na,19439,26986,1797
knapsack_n125m10o1b5_1.txt,SOCKnapsack,25,Relaxed,2000,false,max,1067,0.01410,na,na,35746,50472,3654
knapsack_n125m10o1b5_1.txt,SOCKnapsack,25,Relaxed,5000,false,max,1067,0.03880,na,na,77775,111407,8686
knapsack_n125m10o1b5_1.txt,SOCKnapsack,25,Relaxed,10000,false,max,1067,0.08922,na,na,136126,198350,16146
knapsack_n125m10o1b5_1.txt,SOCKnapsack,25,Relaxed,20000,false,max,1067,0.18579,na,na,227046,336596,29420
knapsack_n125m10o1b5_2.txt,SOCKnapsack,22,Exact,99999,false,max,815,0.10015,na,na,146464,255042,28018
knapsack_n125m10o1b5_2.txt,SOCKnapsack,22,Restricted,500,false,max,815,0.00272,na,na,8849,10864,898
knapsack_n125m10o1b5_2.txt,SOCKnapsack,22,Restricted,1000,false,max,815,0.00488,na,na,15928,20146,1684
knapsack_n125m10o1b5_2.txt,SOCKnapsack,22,Restricted,2000,false,max,815,0.00877,na,na,28096,36700,3257
knapsack_n125m10o1b5_2.txt,SOCKnapsack,22,Restricted,5000,false,max,815,0.02409,na,na,56513,78688,7806
knapsack_n125m10o1b5_2.txt,SOCKnapsack,22,Restricted,10000,false,max,815,0.04150,na,na,90347,134101,15151
knapsack_n125m10o1b5_2.txt,SOCKnapsack,22,Restricted,20000,false,max,815,0.08517,na,na,131481,214096,27966
knapsack_n125m10o1b5_2.txt,SOCKnapsack,22,Relaxed,500,false,max,815,0.00351,na,na,8845,13273,897
knapsack_n125m10o1b5_2.txt,SOCKnapsack,22,Relaxed,1000,false,max,815,0.00582,na,na,15925,24236,1684
knapsack_n125m10o1b5_2.txt,SOCKnapsack,22,Relaxed,2000,false,max,815,0.01284,na,na,28095,43394,3256
knapsack_n125m10o1b5_2.txt,SOCKnapsack,22,Relaxed,5000,false,max,815,0.02861,na,na,56514,89804,7806
knapsack_n125m10o1b5_2.txt,SOCKnapsack,22,Relaxed,10000,false,max,815,0.06247,na,na,90346,147476,15150
knapsack_n125m10o1b5_2.txt,SOCKnapsack,22,Relaxed,20000,false,max,815,0.10733,na,na,131482,222871,27967
knapsack_n125m10o1b5_3.txt,SOCKnapsack,18,Exact,99999,false,max,772,0.00327,na,na,9331,15301,2122
knapsack_n125m10o1b5_3.txt,SOCKnapsack,18,Restricted,500,false,max,772,0.00158,na,na,4729,6370,774
knapsack_n125m10o1b5_3.txt,SOCKnapsack,18,Restricted,1000,false,max,772,0.00223,na,na,7172,10420,1504
knapsack_n125m10o1b5_3.txt,SOCKnapsack,18,Restricted,2000,false,max,772,0.00299,na,na,9169,14853,2122
knapsack_n125m10o1b5_3.txt,SOCKnapsack,18,Restricted,5000,false,max,772,0.00330,na,na,9331,15301,2122
knapsack_n125m10o1b5_3.txt,SOCKnapsack,18,Restricted,10000,false,max,772,0.00333,na,na,9331,15301,2122
knapsack_n125m10o1b5_3.txt,SOCKnapsack,18,Restricted,20000,false,max,772,0.00324,na,na,9331,15301,2122
knapsack_n125m10o1b5_3.txt,SOCKnapsack,18,Relaxed,500,false,max,772,0.00183,na,na,4728,7243,775
knapsack_n125m10o1b5_3.txt,SOCKnapsack,18,Relaxed,1000,false,max,772,0.00263,na,na,7170,11321,1504
knapsack_n125m10o1b5_3.txt,SOCKnapsack,18,Relaxed,2000,false,max,772,0.00341,na,na,9169,14976,2123
knapsack_n125m10o1b5_3.txt,SOCKnapsack,18,Relaxed,5000,false,max,772,0.00328,na,na,9331,15301,2122
knapsack_n125m10o1b5_3.txt,SOCKnapsack,18,Relaxed,10000,false,max,772,0.00316,na,na,9331,15301,2122
knapsack_n125m10o1b5_3.txt,SOCKnapsack,18,Relaxed,20000,false,max,772,0.00327,na,na,9331,15301,2122
knapsack_n125m10o1b5_4.txt,SOCKnapsack,21,Exact,99999,false,max,742,0.07971,na,na,118388,194423,28029
knapsack_n125m10o1b5_4.txt,SOCKnapsack,21,Restricted,500,false,max,687,0.00225,na,na,7690,8891,952
knapsack_n125m10o1b5_4.txt,SOCKnapsack,21,Restricted,1000,false,max,734,0.00407,na,na,13896,16333,1760
knapsack_n125m10o1b5_4.txt,SOCKnapsack,21,Restricted,2000,false,max,742,0.00712,na,na,24506,29600,3329
knapsack_n125m10o1b5_4.txt,SOCKnapsack,21,Restricted,5000,false,max,742,0.01898,na,na,49001,63021,8453
knapsack_n125m10o1b5_4.txt,SOCKnapsack,21,Restricted,10000,false,max,742,0.03543,na,na,75801,104361,15455
knapsack_n125m10o1b5_4.txt,SOCKnapsack,21,Restricted,20000,false,max,742,0.06818,na,na,107256,163970,26962
knapsack_n125m10o1b5_4.txt,SOCKnapsack,21,Relaxed,500,false,max,804,0.00281,na,na,7685,10892,953
knapsack_n125m10o1b5_4.txt,SOCKnapsack,21,Relaxed,1000,false,max,768,0.00524,na,na,13891,19930,1761
knapsack_n125m10o1b5_4.txt,SOCKnapsack,21,Relaxed,2000,false,max,742,0.01003,na,na,24502,35675,3328
knapsack_n125m10o1b5_4.txt,SOCKnapsack,21,Relaxed,5000,false,max,742,0.02560,na,na,48998,73646,8454
knapsack_n125m10o1b5_4.txt,SOCKnapsack,21,Relaxed,10000,false,max,742,0.05238,na,na,75800,116886,15455
knapsack_n125m10o1b5_4.txt,SOCKnapsack,21,Relaxed,20000,false,max,742,0.08424,na,na,107255,171804,26961
knapsack_n125m10o3b5_0.txt,SOCKnapsack,16,Exact,99999,false,max,437,0.00162,na,na,4035,6772,954
knapsack_n125m10o3b5_0.txt,SOCKnapsack,16,Restricted,500,false,max,437,0.00121,na,na,3336,4954,714
knapsack_n125m10o3b5_0.txt,SOCKnapsack,16,Restricted,1000,false,max,437,0.00154,na,na,4035,6772,954
knapsack_n125m10o3b5_0.txt,SOCKnapsack,16,Restricted,2000,false,max,437,0.00152,na,na,4035,6772,954
knapsack_n125m10o3b5_0.txt,SOCKnapsack,16,Restricted,5000,false,max,437,0.00148,na,na,4035,6772,954
knapsack_n125m10o3b5_0.txt,SOCKnapsack,16,Restricted,10000,false,max,437,0.00149,na,na,4035,6772,954
knapsack_n125m10o3b5_0.txt,SOCKnapsack,16,Restricted,20000,false,max,437,0.00147,na,na,4035,6772,954
knapsack_n125m10o3b5_0.txt,SOCKnapsack,16,Relaxed,500,false,max,437,0.00138,na,na,3336,5331,714
knapsack_n125m10o3b5_0.txt,SOCKnapsack,16,Relaxed,1000,false,max,437,0.00147,na,na,4035,6772,954
knapsack_n125m10o3b5_0.txt,SOCKnapsack,16,Relaxed,2000,false,max,437,0.00145,na,na,4035,6772,954
knapsack_n125m10o3b5_0.txt,SOCKnapsack,16,Relaxed,5000,false,max,437,0.00151,na,na,4035,6772,954
knapsack_n125m10o3b5_0.txt,SOCKnapsack,16,Relaxed,10000,false,max,437,0.00146,na,na,4035,6772,954
knapsack_n125m10o3b5_0.txt,SOCKnapsack,16,Relaxed,20000,false,max,437,0.00145,na,na,4035,6772,954
knapsack_n125m10o3b5_1.txt,SOCKnapsack,25,Exact,99999,false,max,1037,0.48912,na,na,504839,787484,117389
knapsack_n125m10o3b5_1.txt,SOCKnapsack,25,Restricted,500,false,max,1030,0.00286,na,na,10604,11661,884
knapsack_n125m10o3b5_1.txt,SOCKnapsack,25,Restricted,1000,false,max,1037,0.00567,na,na,19651,21919,1788
knapsack_n125m10o3b5_1.txt,SOCKnapsack,25,Restricted,2000,false,max,1037,0.01114,na,na,35788,40569,3559
knapsack_n125m10o3b5_1.txt,SOCKnapsack,25,Restricted,5000,false,max,1037,0.02985,na,na,77706,91075,8945
knapsack_n125m10o3b5_1.txt,SOCKnapsack,25,Restricted,10000,false,max,1037,0.06060,na,na,135382,164996,14607
knapsack_n125m10o3b5_1.txt,SOCKnapsack,25,Restricted,20000,false,max,1037,0.11839,na,na,226559,289733,29331
knapsack_n125m10o3b5_1.txt,SOCKnapsack,25,Relaxed,500,false,max,1084,0.00342,na,na,10602,14686,885
knapsack_n125m10o3b5_1.txt,SOCKnapsack,25,Relaxed,1000,false,max,1049,0.00718,na,na,19647,27495,1787
knapsack_n125m10o3b5_1.txt,SOCKnapsack,25,Relaxed,2000,false,max,1037,0.01549,na,na,35783,50413,3558
knapsack_n125m10o3b5_1.txt,SOCKnapsack,25,Relaxed,5000,false,max,1037,0.04137,na,na,77699,111246,8944
knapsack_n125m10o3b5_1.txt,SOCKnapsack,25,Relaxed,10000,false,max,1037,0.09298,na,na,135382,197030,14607
knapsack_n125m10o3b5_1.txt,SOCKnapsack,25,Relaxed,20000,false,max,1037,0.19402,na,na,226559,336375,29331
knapsack_n125m10o3b5_2.txt,SOCKnapsack,22,Exact,99999,false,max,788,0.10078,na,na,121640,215083,29797
knapsack_n125m10o3b5_2.txt,SOCKnapsack,22,Restricted,500,false,max,788,0.00249,na,na,8644,10609,848
knapsack_n125m10o3b5_2.txt,SOCKnapsack,22,Restricted,1000,false,max,788,0.00473,na,na,15450,19471,1682
knapsack_n125m10o3b5_2.txt,SOCKnapsack,22,Restricted,2000,false,max,788,0.00883,na,na,27064,35229,3311
knapsack_n125m10o3b5_2.txt,SOCKnapsack,22,Restricted,5000,false,max,788,0.02060,na,na,52817,73323,8055
knapsack_n125m10o3b5_2.txt,SOCKnapsack,22,Restricted,10000,false,max,788,0.04086,na,na,81939,120725,16162
knapsack_n125m10o3b5_2.txt,SOCKnapsack,22,Restricted,20000,false,max,788,0.06698,na,na,114510,185781,29315
knapsack_n125m10o3b5_2.txt,SOCKnapsack,22,Relaxed,500,false,max,788,0.00313,na,na,8639,13024,847
knapsack_n125m10o3b5_2.txt,SOCKnapsack,22,Relaxed,1000,false,max,788,0.00572,na,na,15448,23616,1681
knapsack_n125m10o3b5_2.txt,SOCKnapsack,22,Relaxed,2000,false,max,788,0.01136,na,na,27060,42007,3310
knapsack_n125m10o3b5_2.txt,SOCKnapsack,22,Relaxed,5000,false,max,788,0.02845,na,na,52816,84406,8055
knapsack_n125m10o3b5_2.txt,SOCKnapsack,22,Relaxed,10000,false,max,788,0.05651,na,na,81938,134407,16162
knapsack_n125m10o3b5_2.txt,SOCKnapsack,22,Relaxed,20000,false,max,788,0.09043,na,na,114509,195552,29314
knapsack_n125m10o3b5_3.txt,SOCKnapsack,18,Exact,99999,false,max,747,0.00244,na,na,7047,11345,1448
knapsack_n125m10o3b5_3.txt,SOCKnapsack,18,Restricted,500,false,max,747,0.00142,na,na,4273,5897,825
knapsack_n125m10o3b5_3.txt,SOCKnapsack,18,Restricted,1000,false,max,747,0.00186,na,na,6063,9122,1404
knapsack_n125m10o3b5_3.txt,SOCKnapsack,18,Restricted,2000,false,max,747,0.00249,na,na,7047,11345,1448
knapsack_n125m10o3b5_3.txt,SOCKnapsack,18,Restricted,5000,false,max,747,0.00237,na,na,7047,11345,1448
knapsack_n125m10o3b5_3.txt,SOCKnapsack,18,Restricted,10000,false,max,747,0.00237,na,na,7047,11345,1448
knapsack_n125m10o3b5_3.txt,SOCKnapsack,18,Restricted,20000,false,max,747,0.00231,na,na,7047,11345,1448
knapsack_n125m10o3b5_3.txt,SOCKnapsack,18,Relaxed,500,false,max,747,0.00163,na,na,4270,6565,824
knapsack_n125m10o3b5_3.txt,SOCKnapsack,18,Relaxed,1000,false,max,747,0.00233,na,na,6063,9562,1405
knapsack_n125m10o3b5_3.txt,SOCKnapsack,18,Relaxed,2000,false,max,747,0.00233,na,na,7047,11345,1448
knapsack_n125m10o3b5_3.txt,SOCKnapsack,18,Relaxed,5000,false,max,747,0.00242,na,na,7047,11345,1448
knapsack_n125m10o3b5_3.txt,SOCKnapsack,18,Relaxed,10000,false,max,747,0.00245,na,na,7047,11345,1448
knapsack_n125m10o3b5_3.txt,SOCKnapsack,18,Relaxed,20000,false,max,747,0.00248,na,na,7047,11345,1448
knapsack_n125m10o3b5_4.txt,SOCKnapsack,21,Exact,99999,false,max,742,0.06993,na,na,100635,160624,20932
knapsack_n125m10o3b5_4.txt,SOCKnapsack,21,Restricted,500,false,max,742,0.00215,na,na,7520,8705,867
knapsack_n125m10o3b5_4.txt,SOCKnapsack,21,Restricted,1000,false,max,742,0.00390,na,na,13455,15904,1794
knapsack_n125m10o3b5_4.txt,SOCKnapsack,21,Restricted,2000,false,max,742,0.00714,na,na,23360,28585,3354
knapsack_n125m10o3b5_4.txt,SOCKnapsack,21,Restricted,5000,false,max,742,0.01711,na,na,46206,60058,8369
knapsack_n125m10o3b5_4.txt,SOCKnapsack,21,Restricted,10000,false,max,742,0.03402,na,na,70852,99428,14067
knapsack_n125m10o3b5_4.txt,SOCKnapsack,21,Restricted,20000,false,max,742,0.05832,na,na,99433,157184,20932
knapsack_n125m10o3b5_4.txt,SOCKnapsack,21,Relaxed,500,false,max,789,0.00251,na,na,7517,10637,868
knapsack_n125m10o3b5_4.txt,SOCKnapsack,21,Relaxed,1000,false,max,757,0.00499,na,na,13449,19216,1793
knapsack_n125m10o3b5_4.txt,SOCKnapsack,21,Relaxed,2000,false,max,742,0.00911,na,na,23356,33956,3353
knapsack_n125m10o3b5_4.txt,SOCKnapsack,21,Relaxed,5000,false,max,742,0.02309,na,na,46203,68817,8368
knapsack_n125m10o3b5_4.txt,SOCKnapsack,21,Relaxed,10000,false,max,742,0.04398,na,na,70851,108052,14068
knapsack_n125m10o3b5_4.txt,SOCKnapsack,21,Relaxed,20000,false,max,742,0.07918,na,na,99432,158116,20933
knapsack_n125m10o5b5_0.txt,SOCKnapsack,16,Exact,99999,false,max,437,0.00130,na,na,3254,5411,697
knapsack_n125m10o5b5_0.txt,SOCKnapsack,16,Restricted,500,false,max,437,0.00112,na,na,2888,4488,673
knapsack_n125m10o5b5_0.txt,SOCKnapsack,16,Restricted,1000,false,max,437,0.00133,na,na,3254,5411,697
knapsack_n125m10o5b5_0.txt,SOCKnapsack,16,Restricted,2000,false,max,437,0.00121,na,na,3254,5411,697
knapsack_n125m10o5b5_0.txt,SOCKnapsack,16,Restricted,5000,false,max,437,0.00125,na,na,3254,5411,697
knapsack_n125m10o5b5_0.txt,SOCKnapsack,16,Restricted,10000,false,max,437,0.00127,na,na,3254,5411,697
knapsack_n125m10o5b5_0.txt,SOCKnapsack,16,Restricted,20000,false,max,437,0.00129,na,na,3254,5411,697
knapsack_n125m10o5b5_0.txt,SOCKnapsack,16,Relaxed,500,false,max,437,0.00127,na,na,2889,4688,674
knapsack_n125m10o5b5_0.txt,SOCKnapsack,16,Relaxed,1000,false,max,437,0.00130,na,na,3254,5411,697
knapsack_n125m10o5b5_0.txt,SOCKnapsack,16,Relaxed,2000,false,max,437,0.00124,na,na,3254,5411,697
knapsack_n125m10o5b5_0.txt,SOCKnapsack,16,Relaxed,5000,false,max,437,0.00125,na,na,3254,5411,697
knapsack_n125m10o5b5_0.txt,SOCKnapsack,16,Relaxed,10000,false,max,437,0.00126,na,na,3254,5411,697
knapsack_n125m10o5b5_0.txt,SOCKnapsack,16,Relaxed,20000,false,max,437,0.00127,na,na,3254,5411,697
knapsack_n125m10o5b5_1.txt,SOCKnapsack,25,Exact,99999,false,max,1039,0.39381,na,na,423329,652585,89153
knapsack_n125m10o5b5_1.txt,SOCKnapsack,25,Restricted,500,false,max,1039,0.00298,na,na,10494,11628,894
knapsack_n125m10o5b5_1.txt,SOCKnapsack,25,Restricted,1000,false,max,1039,0.00546,na,na,19266,21647,1806
knapsack_n125m10o5b5_1.txt,SOCKnapsack,25,Restricted,2000,false,max,1039,0.01064,na,na,34895,39966,3531
knapsack_n125m10o5b5_1.txt,SOCKnapsack,25,Restricted,5000,false,max,1039,0.02640,na,na,74831,88671,8911
knapsack_n125m10o5b5_1.txt,SOCKnapsack,25,Restricted,10000,false,max,1039,0.06491,na,na,127968,157057,18008
knapsack_n125m10o5b5_1.txt,SOCKnapsack,25,Restricted,20000,false,max,1039,0.14438,na,na,211682,273393,32314
knapsack_n125m10o5b5_1.txt,SOCKnapsack,25,Relaxed,500,false,max,1052,0.00372,na,na,10485,14643,893
knapsack_n125m10o5b5_1.txt,SOCKnapsack,25,Relaxed,1000,false,max,1039,0.00747,na,na,19259,27093,1805
knapsack_n125m10o5b5_1.txt,SOCKnapsack,25,Relaxed,2000,false,max,1039,0.01394,na,na,34889,49503,3530
knapsack_n125m10o5b5_1.txt,SOCKnapsack,25,Relaxed,5000,false,max,1039,0.04065,na,na,74827,107669,8910
knapsack_n125m10o5b5_1.txt,SOCKnapsack,25,Relaxed,10000,false,max,1039,0.08494,na,na,127964,186184,18007
knapsack_n125m10o5b5_1.txt,SOCKnapsack,25,Relaxed,20000,false,max,1039,0.17758,na,na,211678,312427,32313
knapsack_n125m10o5b5_2.txt,SOCKnapsack,22,Exact,99999,false,max,777,0.09003,na,na,122191,211998,35645
knapsack_n125m10o5b5_2.txt,SOCKnapsack,22,Restricted,500,false,max,777,0.00267,na,na,8711,10443,872
knapsack_n125m10o5b5_2.txt,SOCKnapsack,22,Restricted,1000,false,max,777,0.00455,na,na,15408,18996,1716
knapsack_n125m10o5b5_2.txt,SOCKnapsack,22,Restricted,2000,false,max,777,0.00837,na,na,26570,33813,3439
knapsack_n125m10o5b5_2.txt,SOCKnapsack,22,Restricted,5000,false,max,777,0.02079,na,na,51891,69515,8577
knapsack_n125m10o5b5_2.txt,SOCKnapsack,22,Restricted,10000,false,max,777,0.03874,na,na,78408,110375,17117
knapsack_n125m10o5b5_2.txt,SOCKnapsack,22,Restricted,20000,false,max,777,0.06858,na,na,106952,164120,30925
knapsack_n125m10o5b5_2.txt,SOCKnapsack,22,Relaxed,500,false,max,777,0.00328,na,na,8707,13039,871
knapsack_n125m10o5b5_2.txt,SOCKnapsack,22,Relaxed,1000,false,max,777,0.00579,na,na,15405,23416,1715
knapsack_n125m10o5b5_2.txt,SOCKnapsack,22,Relaxed,2000,false,max,777,0.01164,na,na,26569,40968,3439
knapsack_n125m10o5b5_2.txt,SOCKnapsack,22,Relaxed,5000,false,max,777,0.02764,na,na,51889,82016,8576
knapsack_n125m10o5b5_2.txt,SOCKnapsack,22,Relaxed,10000,false,max,777,0.04655,na,na,78408,126637,17117
knapsack_n125m10o5b5_2.txt,SOCKnapsack,22,Relaxed,20000,false,max,777,0.08122,na,na,106952,178321,30924
knapsack_n125m10o5b5_3.txt,SOCKnapsack,18,Exact,99999,false,max,747,0.00190,na,na,5419,8614,1299
knapsack_n125m10o5b5_3.txt,SOCKnapsack,18,Restricted,500,false,max,747,0.00137,na,na,3869,5372,780
knapsack_n125m10o5b5_3.txt,SOCKnapsack,18,Restricted,1000,false,max,747,0.00172,na,na,5326,8066,1285
knapsack_n125m10o5b5_3.txt,SOCKnapsack,18,Restricted,2000,false,max,747,0.00191,na,na,5419,8614,1299
knapsack_n125m10o5b5_3.txt,SOCKnapsack,18,Restricted,5000,false,max,747,0.00193,na,na,5419,8614,1299
knapsack_n125m10o5b5_3.txt,SOCKnapsack,18,Restricted,10000,false,max,747,0.00200,na,na,5419,8614,1299
knapsack_n125m10o5b5_3.txt,SOCKnapsack,18,Restricted,20000,false,max,747,0.00191,na,na,5419,8614,1299
knapsack_n125m10o5b5_3.txt,SOCKnapsack,18,Relaxed,500,false,max,747,0.00154,na,na,3869,5944,779
knapsack_n125m10o5b5_3.txt,SOCKnapsack,18,Relaxed,1000,false,max,747,0.00232,na,na,5327,8366,1285
knapsack_n125m10o5b5_3.txt,SOCKnapsack,18,Relaxed,2000,false,max,747,0.00186,na,na,5419,8614,1299
knapsack_n125m10o5b5_3.txt,SOCKnapsack,18,Relaxed,5000,false,max,747,0.00198,na,na,5419,8614,1299
knapsack_n125m10o5b5_3.txt,SOCKnapsack,18,Relaxed,10000,false,max,747,0.00186,na,na,5419,8614,1299
knapsack_n125m10o5b5_3.txt,SOCKnapsack,18,Relaxed,20000,false,max,747,0.00195,na,na,5419,8614,1299
knapsack_n125m10o5b5_4.txt,SOCKnapsack,21,Exact,99999,false,max,753,0.07609,na,na,106808,165475,28680
knapsack_n125m10o5b5_4.txt,SOCKnapsack,21,Restricted,500,false,max,742,0.00226,na,na,7710,8677,905
knapsack_n125m10o5b5_4.txt,SOCKnapsack,21,Restricted,1000,false,max,753,0.00413,na,na,13727,15737,1795
knapsack_n125m10o5b5_4.txt,SOCKnapsack,21,Restricted,2000,false,max,753,0.00741,na,na,23770,28005,3408
knapsack_n125m10o5b5_4.txt,SOCKnapsack,21,Restricted,5000,false,max,753,0.01687,na,na,46540,57380,8677
knapsack_n125m10o5b5_4.txt,SOCKnapsack,21,Restricted,10000,false,max,753,0.03399,na,na,71397,93392,17379
knapsack_n125m10o5b5_4.txt,SOCKnapsack,21,Restricted,20000,false,max,753,0.05110,na,na,97225,139797,27318
knapsack_n125m10o5b5_4.txt,SOCKnapsack,21,Relaxed,500,false,max,780,0.00284,na,na,7701,10891,904
knapsack_n125m10o5b5_4.txt,SOCKnapsack,21,Relaxed,1000,false,max,753,0.00502,na,na,13722,19596,1794
knapsack_n125m10o5b5_4.txt,SOCKnapsack,21,Relaxed,2000,false,max,753,0.00983,na,na,23768,34313,3408
knapsack_n125m10o5b5_4.txt,SOCKnapsack,21,Relaxed,5000,false,max,753,0.02326,na,na,46538,68406,8676
knapsack_n125m10o5b5_4.txt,SOCKnapsack,21,Relaxed,10000,false,max,753,0.04705,na,na,71397,106771,17378
knapsack_n125m10o5b5_4.txt,SOCKnapsack,21,Relaxed,20000,false,max,753,0.07728,na,na,97226,148152,27319
knapsack_n125m20o1b5_0.txt,SOCKnapsack,29,Restricted,500,false,max,953,0.00423,na,na,14079,15719,929
knapsack_n125m20o1b5_0.txt,SOCKnapsack,29,Exact,99999,false,max,996,2.06430,na,na,1593283,2742768,252395
knapsack_n125m20o1b5_0.txt,SOCKnapsack,29,Restricted,1000,false,max,984,0.00806,na,na,26770,30249,1859
knapsack_n125m20o1b5_0.txt,SOCKnapsack,29,Restricted,2000,false,max,996,0.01614,na,na,50244,57808,3603
knapsack_n125m20o1b5_0.txt,SOCKnapsack,29,Restricted,5000,false,max,996,0.04364,na,na,113833,135187,9155
knapsack_n125m20o1b5_0.txt,SOCKnapsack,29,Restricted,10000,false,max,996,0.10202,na,na,207611,254425,17232
knapsack_n125m20o1b5_0.txt,SOCKnapsack,29,Restricted,20000,false,max,996,0.24270,na,na,367185,468530,31368
knapsack_n125m20o1b5_0.txt,SOCKnapsack,29,Relaxed,500,false,max,1044,0.00537,na,na,14075,19886,928
knapsack_n125m20o1b5_0.txt,SOCKnapsack,29,Relaxed,1000,false,max,1017,0.01120,na,na,26753,38155,1858
knapsack_n125m20o1b5_0.txt,SOCKnapsack,29,Relaxed,2000,false,max,996,0.02360,na,na,50236,72501,3602
knapsack_n125m20o1b5_0.txt,SOCKnapsack,29,Relaxed,5000,false,max,996,0.06309,na,na,113835,167317,9155
knapsack_n125m20o1b5_0.txt,SOCKnapsack,29,Relaxed,10000,false,max,996,0.14831,na,na,207606,309675,17231
knapsack_n125m20o1b5_0.txt,SOCKnapsack,29,Relaxed,20000,false,max,996,0.31085,na,na,367183,556909,31368
knapsack_n125m20o1b5_1.txt,SOCKnapsack,20,Exact,99999,false,max,828,0.01089,na,na,26582,41153,5173
knapsack_n125m20o1b5_1.txt,SOCKnapsack,20,Restricted,500,false,max,828,0.00196,na,na,6455,7953,864
knapsack_n125m20o1b5_1.txt,SOCKnapsack,20,Restricted,1000,false,max,828,0.00335,na,na,10850,14079,1573
knapsack_n125m20o1b5_1.txt,SOCKnapsack,20,Restricted,2000,false,max,828,0.00548,na,na,17142,23682,2637
knapsack_n125m20o1b5_1.txt,SOCKnapsack,20,Restricted,5000,false,max,828,0.00881,na,na,26313,40513,5173
knapsack_n125m20o1b5_1.txt,SOCKnapsack,20,Restricted,10000,false,max,828,0.01050,na,na,26582,41153,5173
knapsack_n125m20o1b5_1.txt,SOCKnapsack,20,Restricted,20000,false,max,828,0.01131,na,na,26582,41153,5173
knapsack_n125m20o1b5_1.txt,SOCKnapsack,20,Relaxed,500,false,max,828,0.00236,na,na,6453,9351,863
knapsack_n125m20o1b5_1.txt,SOCKnapsack,20,Relaxed,1000,false,max,828,0.00411,na,na,10848,16039,1574
knapsack_n125m20o1b5_1.txt,SOCKnapsack,20,Relaxed,2000,false,max,828,0.00711,na,na,17143,25831,2637
knapsack_n125m20o1b5_1.txt,SOCKnapsack,20,Relaxed,5000,false,max,828,0.01225,na,na,26312,40686,5174
knapsack_n125m20o1b5_1.txt,SOCKnapsack,20,Relaxed,10000,false,max,828,0.01034,na,na,26582,41153,5173
knapsack_n125m20o1b5_1.txt,SOCKnapsack,20,Relaxed,20000,false,max,828,0.01103,na,na,26582,41153,5173
knapsack_n125m20o1b5_2.txt,SOCKnapsack,15,Exact,99999,false,max,570,0.00120,na,na,3071,4930,787
knapsack_n125m20o1b5_2.txt,SOCKnapsack,15,Restricted,500,false,max,570,0.00094,na,na,2727,4017,708
knapsack_n125m20o1b5_2.txt,SOCKnapsack,15,Restricted,1000,false,max,570,0.00114,na,na,3071,4930,787
knapsack_n125m20o1b5_2.txt,SOCKnapsack,15,Restricted,2000,false,max,570,0.00113,na,na,3071,4930,787
knapsack_n125m20o1b5_2.txt,SOCKnapsack,15,Restricted,5000,false,max,570,0.00119,na,na,3071,4930,787
knapsack_n125m20o1b5_2.txt,SOCKnapsack,15,Restricted,10000,false,max,570,0.00116,na,na,3071,4930,787
knapsack_n125m20o1b5_2.txt,SOCKnapsack,15,Restricted,20000,false,max,570,0.00122,na,na,3071,4930,787
knapsack_n125m20o1b5_2.txt,SOCKnapsack,15,Relaxed,500,false,max,570,0.00106,na,na,2727,4278,708
knapsack_n125m20o1b5_2.txt,SOCKnapsack,15,Relaxed,1000,false,max,570,0.00116,na,na,3071,4930,787
knapsack_n125m20o1b5_2.txt,SOCKnapsack,15,Relaxed,2000,false,max,570,0.00116,na,na,3071,4930,787
knapsack_n125m20o1b5_2.txt,SOCKnapsack,15,Relaxed,5000,false,max,570,0.00119,na,na,3071,4930,787
knapsack_n125m20o1b5_2.txt,SOCKnapsack,15,Relaxed,10000,false,max,570,0.00116,na,na,3071,4930,787
knapsack_n125m20o1b5_2.txt,SOCKnapsack,15,Relaxed,20000,false,max,570,0.00115,na,na,3071,4930,787
knapsack_n125m20o1b5_3.txt,SOCKnapsack,19,Exact,99999,false,max,614,0.00918,na,na,22732,36285,5114
knapsack_n125m20o1b5_3.txt,SOCKnapsack,19,Restricted,500,false,max,614,0.00195,na,na,6262,7833,776
knapsack_n125m20o1b5_3.txt,SOCKnapsack,19,Restricted,1000,false,max,614,0.00351,na,na,10450,14025,1451
knapsack_n125m20o1b5_3.txt,SOCKnapsack,19,Restricted,2000,false,max,614,0.00540,na,na,16165,22830,2917
knapsack_n125m20o1b5_3.txt,SOCKnapsack,19,Restricted,5000,false,max,614,0.00780,na,na,22732,36145,5114
knapsack_n125m20o1b5_3.txt,SOCKnapsack,19,Restricted,10000,false,max,614,0.00941,na,na,22732,36285,5114
knapsack_n125m20o1b5_3.txt,SOCKnapsack,19,Restricted,20000,false,max,614,0.00903,na,na,22732,36285,5114
knapsack_n125m20o1b5_3.txt,SOCKnapsack,19,Relaxed,500,false,max,614,0.00234,na,na,6262,9225,775
knapsack_n125m20o1b5_3.txt,SOCKnapsack,19,Relaxed,1000,false,max,614,0.00429,na,na,10446,15940,1450
knapsack_n125m20o1b5_3.txt,SOCKnapsack,19,Relaxed,2000,false,max,614,0.00685,na,na,16165,25027,2917
knapsack_n125m20o1b5_3.txt,SOCKnapsack,19,Relaxed,5000,false,max,614,0.01055,na,na,22733,36261,5115
knapsack_n125m20o1b5_3.txt,SOCKnapsack,19,Relaxed,10000,false,max,614,0.00916,na,na,22732,36285,5114
knapsack_n125m20o1b5_3.txt,SOCKnapsack,19,Relaxed,20000,false,max,614,0.00980,na,na,22732,36285,5114
knapsack_n125m20o1b5_4.txt,SOCKnapsack,36,Restricted,500,false,max,1288,0.00532,na,na,18431,20692,992
knapsack_n125m20o1b5_4.txt,SOCKnapsack,36,Restricted,1000,false,max,1361,0.01091,na,na,35597,40192,1967
knapsack_n125m20o1b5_4.txt,SOCKnapsack,36,Restricted,2000,false,max,1417,0.02172,na,na,68897,78294,3819
knapsack_n125m20o1b5_4.txt,SOCKnapsack,36,Restricted,5000,false,max,1426,0.06025,na,na,163830,188277,9461
knapsack_n125m20o1b5_4.txt,SOCKnapsack,36,Restricted,10000,false,max,1426,0.16860,na,na,314745,364943,19241
knapsack_n125m20o1b5_4.txt,SOCKnapsack,36,Restricted,20000,false,max,1436,0.40646,na,na,601283,706508,37369
knapsack_n125m20o1b5_4.txt,SOCKnapsack,36,Relaxed,500,false,max,1632,0.00707,na,na,18802,26729,993
knapsack_n125m20o1b5_4.txt,SOCKnapsack,36,Relaxed,1000,false,max,1607,0.01435,na,na,36026,51256,1967
knapsack_n125m20o1b5_4.txt,SOCKnapsack,36,Relaxed,2000,false,max,1575,0.03133,na,na,69337,99200,3819
knapsack_n125m20o1b5_4.txt,SOCKnapsack,36,Relaxed,5000,false,max,1516,0.08556,na,na,163923,235043,9461
knapsack_n125m20o1b5_4.txt,SOCKnapsack,36,Relaxed,10000,false,max,1474,0.19283,na,na,314734,455055,19240
knapsack_n125m20o1b5_4.txt,SOCKnapsack,36,Relaxed,20000,false,max,1437,0.45811,na,na,601278,879647,37368
knapsack_n125m20o3b5_0.txt,SOCKnapsack,29,Restricted,500,false,max,986,0.00428,na,na,14157,15884,870
knapsack_n125m20o3b5_0.txt,SOCKnapsack,29,Exact,99999,false,max,1005,1.82615,na,na,1452055,2475432,274661
knapsack_n125m20o3b5_0.txt,SOCKnapsack,29,Restricted,1000,false,max,1005,0.00806,na,na,26740,30467,1744
knapsack_n125m20o1b5_4.txt,SOCKnapsack,36,Exact,99999,false,max,1436,20.42138,na,na,12835299,23722260,1467363
knapsack_n125m20o3b5_0.txt,SOCKnapsack,29,Restricted,2000,false,max,1005,0.01581,na,na,49838,57707,3610
knapsack_n125m20o3b5_0.txt,SOCKnapsack,29,Restricted,5000,false,max,1005,0.04401,na,na,111764,132731,8485
knapsack_n125m20o3b5_0.txt,SOCKnapsack,29,Restricted,10000,false,max,1005,0.10419,na,na,201022,245408,16725
knapsack_n125m20o3b5_0.txt,SOCKnapsack,29,Restricted,20000,false,max,1005,0.24483,na,na,352492,447802,33059
knapsack_n125m20o3b5_0.txt,SOCKnapsack,29,Relaxed,500,false,max,1019,0.00500,na,na,14145,20198,871
knapsack_n125m20o3b5_0.txt,SOCKnapsack,29,Relaxed,1000,false,max,1005,0.01019,na,na,26730,38572,1743
knapsack_n125m20o3b5_0.txt,SOCKnapsack,29,Relaxed,2000,false,max,1005,0.02240,na,na,49832,72633,3609
knapsack_n125m20o3b5_0.txt,SOCKnapsack,29,Relaxed,5000,false,max,1005,0.05872,na,na,111754,164989,8486
knapsack_n125m20o3b5_0.txt,SOCKnapsack,29,Relaxed,10000,false,max,1005,0.13802,na,na,201015,300306,16725
knapsack_n125m20o3b5_0.txt,SOCKnapsack,29,Relaxed,20000,false,max,1005,0.30482,na,na,352484,535359,33058
knapsack_n125m20o3b5_1.txt,SOCKnapsack,20,Exact,99999,false,max,828,0.00685,na,na,19984,30588,3507
knapsack_n125m20o3b5_1.txt,SOCKnapsack,20,Restricted,500,false,max,828,0.00185,na,na,6136,7786,840
knapsack_n125m20o3b5_1.txt,SOCKnapsack,20,Restricted,1000,false,max,828,0.00299,na,na,10031,13370,1695
knapsack_n125m20o3b5_1.txt,SOCKnapsack,20,Restricted,2000,false,max,828,0.00489,na,na,15637,22309,2552
knapsack_n125m20o3b5_1.txt,SOCKnapsack,20,Restricted,5000,false,max,828,0.00725,na,na,19984,30588,3507
knapsack_n125m20o3b5_1.txt,SOCKnapsack,20,Restricted,10000,false,max,828,0.00689,na,na,19984,30588,3507
knapsack_n125m20o3b5_1.txt,SOCKnapsack,20,Restricted,20000,false,max,828,0.00723,na,na,19984,30588,3507
knapsack_n125m20o3b5_1.txt,SOCKnapsack,20,Relaxed,500,false,max,828,0.00228,na,na,6132,9010,841
knapsack_n125m20o3b5_1.txt,SOCKnapsack,20,Relaxed,1000,false,max,828,0.00380,na,na,10031,14888,1694
knapsack_n125m20o3b5_1.txt,SOCKnapsack,20,Relaxed,2000,false,max,828,0.00637,na,na,15635,23547,2551
knapsack_n125m20o3b5_1.txt,SOCKnapsack,20,Relaxed,5000,false,max,828,0.00702,na,na,19984,30588,3507
knapsack_n125m20o3b5_1.txt,SOCKnapsack,20,Relaxed,10000,false,max,828,0.00761,na,na,19984,30588,3507
knapsack_n125m20o3b5_1.txt,SOCKnapsack,20,Relaxed,20000,false,max,828,0.00721,na,na,19984,30588,3507
knapsack_n125m20o3b5_2.txt,SOCKnapsack,15,Exact,99999,false,max,542,0.00086,na,na,2114,3384,518
knapsack_n125m20o3b5_2.txt,SOCKnapsack,15,Restricted,500,false,max,542,0.00077,na,na,2097,3329,518
knapsack_n125m20o3b5_2.txt,SOCKnapsack,15,Restricted,1000,false,max,542,0.00086,na,na,2114,3384,518
knapsack_n125m20o3b5_2.txt,SOCKnapsack,15,Restricted,2000,false,max,542,0.00083,na,na,2114,3384,518
knapsack_n125m20o3b5_2.txt,SOCKnapsack,15,Restricted,5000,false,max,542,0.00079,na,na,2114,3384,518
knapsack_n125m20o3b5_2.txt,SOCKnapsack,15,Restricted,10000,false,max,542,0.00084,na,na,2114,3384,518
knapsack_n125m20o3b5_2.txt,SOCKnapsack,15,Restricted,20000,false,max,542,0.00082,na,na,2114,3384,518
knapsack_n125m20o3b5_2.txt,SOCKnapsack,15,Relaxed,500,false,max,542,0.00086,na,na,2097,3348,519
knapsack_n125m20o3b5_2.txt,SOCKnapsack,15,Relaxed,1000,false,max,542,0.00081,na,na,2114,3384,518
knapsack_n125m20o3b5_2.txt,SOCKnapsack,15,Relaxed,2000,false,max,542,0.00082,na,na,2114,3384,518
knapsack_n125m20o3b5_2.txt,SOCKnapsack,15,Relaxed,5000,false,max,542,0.00086,na,na,2114,3384,518
knapsack_n125m20o3b5_2.txt,SOCKnapsack,15,Relaxed,10000,false,max,542,0.00081,na,na,2114,3384,518
knapsack_n125m20o3b5_2.txt,SOCKnapsack,15,Relaxed,20000,false,max,542,0.00081,na,na,2114,3384,518
knapsack_n125m20o3b5_3.txt,SOCKnapsack,19,Exact,99999,false,max,613,0.00592,na,na,16421,26025,3554
knapsack_n125m20o3b5_3.txt,SOCKnapsack,19,Restricted,500,false,max,613,0.00189,na,na,5879,7625,760
knapsack_n125m20o3b5_3.txt,SOCKnapsack,19,Restricted,1000,false,max,613,0.00311,na,na,9457,12930,1458
knapsack_n125m20o3b5_3.txt,SOCKnapsack,19,Restricted,2000,false,max,613,0.00449,na,na,13783,20116,2585
knapsack_n125m20o3b5_3.txt,SOCKnapsack,19,Restricted,5000,false,max,613,0.00635,na,na,16421,26025,3554
knapsack_n125m20o3b5_3.txt,SOCKnapsack,19,Restricted,10000,false,max,613,0.00587,na,na,16421,26025,3554
knapsack_n125m20o3b5_3.txt,SOCKnapsack,19,Restricted,20000,false,max,613,0.00596,na,na,16421,26025,3554
knapsack_n125m20o3b5_3.txt,SOCKnapsack,19,Relaxed,500,false,max,613,0.00223,na,na,5879,8784,761
knapsack_n125m20o3b5_3.txt,SOCKnapsack,19,Relaxed,1000,false,max,613,0.00372,na,na,9456,14407,1458
knapsack_n125m20o3b5_3.txt,SOCKnapsack,19,Relaxed,2000,false,max,613,0.00583,na,na,13784,21410,2585
knapsack_n125m20o3b5_3.txt,SOCKnapsack,19,Relaxed,5000,false,max,613,0.00580,na,na,16421,26025,3554
knapsack_n125m20o3b5_3.txt,SOCKnapsack,19,Relaxed,10000,false,max,613,0.00581,na,na,16421,26025,3554
knapsack_n125m20o3b5_3.txt,SOCKnapsack,19,Relaxed,20000,false,max,613,0.00574,na,na,16421,26025,3554
knapsack_n125m20o3b5_4.txt,SOCKnapsack,36,Restricted,500,false,max,1330,0.00514,na,na,18307,20568,958
knapsack_n125m20o3b5_4.txt,SOCKnapsack,36,Restricted,1000,false,max,1330,0.01052,na,na,35325,39720,1859
knapsack_n125m20o3b5_4.txt,SOCKnapsack,36,Restricted,2000,false,max,1372,0.02132,na,na,68849,78035,3667
knapsack_n125m20o3b5_4.txt,SOCKnapsack,36,Restricted,5000,false,max,1383,0.07525,na,na,163615,186984,9116
knapsack_n125m20o3b5_4.txt,SOCKnapsack,36,Restricted,10000,false,max,1390,0.17777,na,na,315025,363203,17774
knapsack_n125m20o3b5_4.txt,SOCKnapsack,36,Restricted,20000,false,max,1415,0.42713,na,na,600604,702519,36110
knapsack_n125m20o3b5_4.txt,SOCKnapsack,36,Relaxed,500,false,max,1601,0.00685,na,na,19017,27216,959
knapsack_n125m20o3b5_4.txt,SOCKnapsack,36,Relaxed,1000,false,max,1556,0.01427,na,na,35716,50621,1859
knapsack_n125m20o3b5_4.txt,SOCKnapsack,36,Relaxed,2000,false,max,1523,0.03045,na,na,69158,98330,3667
knapsack_n125m20o3b5_4.txt,SOCKnapsack,36,Relaxed,5000,false,max,1470,0.08296,na,na,163625,233893,9116
knapsack_n125m20o3b5_4.txt,SOCKnapsack,36,Relaxed,10000,false,max,1441,0.21437,na,na,315015,455425,17773
knapsack_n125m20o3b5_4.txt,SOCKnapsack,36,Relaxed,20000,false,max,1415,0.50388,na,na,600594,879907,36109
knapsack_n125m20o3b5_4.txt,SOCKnapsack,36,Exact,99999,false,max,1415,16.82716,na,na,10627429,19500169,1174202
knapsack_n125m20o5b5_0.txt,SOCKnapsack,29,Exact,99999,false,max,1008,1.50500,na,na,1249880,2128547,226353
knapsack_n125m20o5b5_0.txt,SOCKnapsack,29,Restricted,500,false,max,1008,0.00384,na,na,13942,15798,918
knapsack_n125m20o5b5_0.txt,SOCKnapsack,29,Restricted,1000,false,max,1008,0.00764,na,na,26058,29934,1820
knapsack_n125m20o5b5_0.txt,SOCKnapsack,29,Restricted,2000,false,max,1008,0.01471,na,na,48433,56454,3433
knapsack_n125m20o5b5_0.txt,SOCKnapsack,29,Restricted,5000,false,max,1008,0.04027,na,na,108080,129360,8624
knapsack_n125m20o5b5_0.txt,SOCKnapsack,29,Restricted,10000,false,max,1008,0.10477,na,na,192935,236480,17205
knapsack_n125m20o5b5_0.txt,SOCKnapsack,29,Restricted,20000,false,max,1008,0.23283,na,na,333789,421721,34031
knapsack_n125m20o5b5_0.txt,SOCKnapsack,29,Relaxed,500,false,max,1008,0.00512,na,na,13931,20076,917
knapsack_n125m20o5b5_0.txt,SOCKnapsack,29,Relaxed,1000,false,max,1008,0.01018,na,na,26051,37808,1819
knapsack_n125m20o5b5_0.txt,SOCKnapsack,29,Relaxed,2000,false,max,1008,0.02065,na,na,48427,70802,3432
knapsack_n125m20o5b5_0.txt,SOCKnapsack,29,Relaxed,5000,false,max,1008,0.05980,na,na,108072,160061,8624
knapsack_n125m20o5b5_0.txt,SOCKnapsack,29,Relaxed,10000,false,max,1008,0.13084,na,na,192930,288813,17204
knapsack_n125m20o5b5_0.txt,SOCKnapsack,29,Relaxed,20000,false,max,1008,0.27517,na,na,333787,506803,34031
knapsack_n125m20o5b5_1.txt,SOCKnapsack,20,Exact,99999,false,max,828,0.00524,na,na,15552,23673,3050
knapsack_n125m20o5b5_1.txt,SOCKnapsack,20,Restricted,500,false,max,828,0.00164,na,na,5529,7038,878
knapsack_n125m20o5b5_1.txt,SOCKnapsack,20,Restricted,1000,false,max,828,0.00257,na,na,8952,11964,1571
knapsack_n125m20o5b5_1.txt,SOCKnapsack,20,Restricted,2000,false,max,828,0.00382,na,na,13430,19198,3050
knapsack_n125m20o5b5_1.txt,SOCKnapsack,20,Restricted,5000,false,max,828,0.00492,na,na,15552,23673,3050
knapsack_n125m20o5b5_1.txt,SOCKnapsack,20,Restricted,10000,false,max,828,0.00538,na,na,15552,23673,3050
knapsack_n125m20o5b5_1.txt,SOCKnapsack,20,Restricted,20000,false,max,828,0.00600,na,na,15552,23673,3050
knapsack_n125m20o5b5_1.txt,SOCKnapsack,20,Relaxed,500,false,max,828,0.00194,na,na,5524,8144,877
knapsack_n125m20o5b5_1.txt,SOCKnapsack,20,Relaxed,1000,false,max,828,0.00330,na,na,8948,13308,1570
knapsack_n125m20o5b5_1.txt,SOCKnapsack,20,Relaxed,2000,false,max,828,0.00498,na,na,13431,20250,3051
knapsack_n125m20o5b5_1.txt,SOCKnapsack,20,Relaxed,5000,false,max,828,0.00519,na,na,15552,23673,3050
knapsack_n125m20o5b5_1.txt,SOCKnapsack,20,Relaxed,10000,false,max,828,0.00608,na,na,15552,23673,3050
knapsack_n125m20o5b5_1.txt,SOCKnapsack,20,Relaxed,20000,false,max,828,0.00556,na,na,15552,23673,3050
knapsack_n125m20o5b5_2.txt,SOCKnapsack,15,Exact,99999,false,max,542,0.00066,na,na,1560,2474,371
knapsack_n125m20o5b5_2.txt,SOCKnapsack,15,Restricted,500,false,max,542,0.00065,na,na,1560,2474,371
knapsack_n125m20o5b5_2.txt,SOCKnapsack,15,Restricted,1000,false,max,542,0.00066,na,na,1560,2474,371
knapsack_n125m20o5b5_2.txt,SOCKnapsack,15,Restricted,2000,false,max,542,0.00063,na,na,1560,2474,371
knapsack_n125m20o5b5_2.txt,SOCKnapsack,15,Restricted,5000,false,max,542,0.00066,na,na,1560,2474,371
knapsack_n125m20o5b5_2.txt,SOCKnapsack,15,Restricted,10000,false,max,542,0.00064,na,na,1560,2474,371
knapsack_n125m20o5b5_2.txt,SOCKnapsack,15,Restricted,20000,false,max,542,0.00066,na,na,1560,2474,371
knapsack_n125m20o5b5_2.txt,SOCKnapsack,15,Relaxed,500,false,max,542,0.00067,na,na,1560,2474,371
knapsack_n125m20o5b5_2.txt,SOCKnapsack,15,Relaxed,1000,false,max,542,0.00065,na,na,1560,2474,371
knapsack_n125m20o5b5_2.txt,SOCKnapsack,15,Relaxed,2000,false,max,542,0.00066,na,na,1560,2474,371
knapsack_n125m20o5b5_2.txt,SOCKnapsack,15,Relaxed,5000,false,max,542,0.00065,na,na,1560,2474,371
knapsack_n125m20o5b5_2.txt,SOCKnapsack,15,Relaxed,10000,false,max,542,0.00066,na,na,1560,2474,371
knapsack_n125m20o5b5_2.txt,SOCKnapsack,15,Relaxed,20000,false,max,542,0.00066,na,na,1560,2474,371
knapsack_n125m20o5b5_3.txt,SOCKnapsack,19,Exact,99999,false,max,615,0.00474,na,na,12825,20141,2595
knapsack_n125m20o5b5_3.txt,SOCKnapsack,19,Restricted,500,false,max,615,0.00177,na,na,5420,7137,827
knapsack_n125m20o5b5_3.txt,SOCKnapsack,19,Restricted,1000,false,max,615,0.00271,na,na,8562,11937,1546
knapsack_n125m20o5b5_3.txt,SOCKnapsack,19,Restricted,2000,false,max,615,0.00373,na,na,12174,18378,2536
knapsack_n125m20o5b5_3.txt,SOCKnapsack,19,Restricted,5000,false,max,615,0.00437,na,na,12825,20141,2595
knapsack_n125m20o5b5_3.txt,SOCKnapsack,19,Restricted,10000,false,max,615,0.00446,na,na,12825,20141,2595
knapsack_n125m20o5b5_3.txt,SOCKnapsack,19,Restricted,20000,false,max,615,0.00442,na,na,12825,20141,2595
knapsack_n125m20o5b5_3.txt,SOCKnapsack,19,Relaxed,500,false,max,615,0.00203,na,na,5419,8135,827
knapsack_n125m20o5b5_3.txt,SOCKnapsack,19,Relaxed,1000,false,max,615,0.00332,na,na,8563,13069,1547
knapsack_n125m20o5b5_3.txt,SOCKnapsack,19,Relaxed,2000,false,max,615,0.00456,na,na,12173,18959,2535
knapsack_n125m20o5b5_3.txt,SOCKnapsack,19,Relaxed,5000,false,max,615,0.00442,na,na,12825,20141,2595
knapsack_n125m20o5b5_3.txt,SOCKnapsack,19,Relaxed,10000,false,max,615,0.00435,na,na,12825,20141,2595
knapsack_n125m20o5b5_3.txt,SOCKnapsack,19,Relaxed,20000,false,max,615,0.00448,na,na,12825,20141,2595
knapsack_n125m20o5b5_4.txt,SOCKnapsack,36,Restricted,500,false,max,1245,0.00508,na,na,18031,20151,913
knapsack_n125m20o5b5_4.txt,SOCKnapsack,36,Restricted,1000,false,max,1360,0.01062,na,na,35525,40189,1777
knapsack_n125m20o5b5_4.txt,SOCKnapsack,36,Restricted,2000,false,max,1360,0.02103,na,na,68941,78304,3483
knapsack_n125m20o5b5_4.txt,SOCKnapsack,36,Restricted,5000,false,max,1392,0.06332,na,na,164354,188267,8943
knapsack_n125m20o5b5_4.txt,SOCKnapsack,36,Restricted,10000,false,max,1392,0.16802,na,na,315165,364440,18072
knapsack_n125m20o5b5_4.txt,SOCKnapsack,36,Restricted,20000,false,max,1395,0.42783,na,na,595196,699137,34963
knapsack_n125m20o5b5_4.txt,SOCKnapsack,36,Relaxed,500,false,max,1580,0.00716,na,na,18676,26644,914
knapsack_n125m20o5b5_4.txt,SOCKnapsack,36,Relaxed,1000,false,max,1523,0.01492,na,na,35907,51292,1777
knapsack_n125m20o5b5_4.txt,SOCKnapsack,36,Relaxed,2000,false,max,1484,0.02882,na,na,69025,98370,3483
knapsack_n125m20o5b5_4.txt,SOCKnapsack,36,Relaxed,5000,false,max,1442,0.08824,na,na,164401,236629,8942
knapsack_n125m20o5b5_4.txt,SOCKnapsack,36,Exact,99999,false,max,1395,14.66160,na,na,9296800,17090485,945898
knapsack_n125m20o5b5_4.txt,SOCKnapsack,36,Relaxed,10000,false,max,1404,0.21596,na,na,315156,458616,18071
knapsack_n125m20o5b5_4.txt,SOCKnapsack,36,Relaxed,20000,false,max,1395,0.52046,na,na,595192,876631,34962
knapsack_n150m10o1b5_0.txt,SOCKnapsack,18,Exact,99999,false,max,723,0.00302,na,na,8457,13908,1664
knapsack_n150m10o1b5_0.txt,SOCKnapsack,18,Restricted,500,false,max,723,0.00157,na,na,4704,6658,786
knapsack_n150m10o1b5_0.txt,SOCKnapsack,18,Restricted,1000,false,max,723,0.00226,na,na,6977,10586,1289
knapsack_n150m10o1b5_0.txt,SOCKnapsack,18,Restricted,2000,false,max,723,0.00294,na,na,8457,13908,1664
knapsack_n150m10o1b5_0.txt,SOCKnapsack,18,Restricted,5000,false,max,723,0.00296,na,na,8457,13908,1664
knapsack_n150m10o1b5_0.txt,SOCKnapsack,18,Restricted,10000,false,max,723,0.00294,na,na,8457,13908,1664
knapsack_n150m10o1b5_0.txt,SOCKnapsack,18,Restricted,20000,false,max,723,0.00306,na,na,8457,13908,1664
knapsack_n150m10o1b5_0.txt,SOCKnapsack,18,Relaxed,500,false,max,723,0.00186,na,na,4704,7338,786
knapsack_n150m10o1b5_0.txt,SOCKnapsack,18,Relaxed,1000,false,max,723,0.00288,na,na,6977,11160,1290
knapsack_n150m10o1b5_0.txt,SOCKnapsack,18,Relaxed,2000,false,max,723,0.00295,na,na,8457,13908,1664
knapsack_n150m10o1b5_0.txt,SOCKnapsack,18,Relaxed,5000,false,max,723,0.00308,na,na,8457,13908,1664
knapsack_n150m10o1b5_0.txt,SOCKnapsack,18,Relaxed,10000,false,max,723,0.00295,na,na,8457,13908,1664
knapsack_n150m10o1b5_0.txt,SOCKnapsack,18,Relaxed,20000,false,max,723,0.00292,na,na,8457,13908,1664
knapsack_n150m10o1b5_1.txt,SOCKnapsack,30,Restricted,500,false,max,1111,0.00410,na,na,14573,15880,991
knapsack_n150m10o1b5_1.txt,SOCKnapsack,30,Restricted,1000,false,max,1131,0.00823,na,na,27906,30547,1953
knapsack_n150m10o1b5_1.txt,SOCKnapsack,30,Restricted,2000,false,max,1148,0.01628,na,na,53078,58586,3825
knapsack_n150m10o1b5_1.txt,SOCKnapsack,30,Restricted,5000,false,max,1193,0.04774,na,na,122484,136699,9601
knapsack_n150m10o1b5_1.txt,SOCKnapsack,30,Restricted,10000,false,max,1210,0.11838,na,na,229093,258618,18538
knapsack_n150m10o1b5_1.txt,SOCKnapsack,30,Restricted,20000,false,max,1210,0.27687,na,na,424041,486624,37081
knapsack_n150m10o1b5_1.txt,SOCKnapsack,30,Exact,99999,false,max,1210,8.40247,na,na,5806256,10166674,902763
knapsack_n150m10o1b5_1.txt,SOCKnapsack,30,Relaxed,500,false,max,1300,0.00515,na,na,14585,20238,990
knapsack_n150m10o1b5_1.txt,SOCKnapsack,30,Relaxed,1000,false,max,1261,0.01038,na,na,27899,38895,1953
knapsack_n150m10o1b5_1.txt,SOCKnapsack,30,Relaxed,2000,false,max,1240,0.02310,na,na,53073,74671,3825
knapsack_n150m10o1b5_1.txt,SOCKnapsack,30,Relaxed,5000,false,max,1213,0.06340,na,na,122474,173853,9600
knapsack_n150m10o1b5_1.txt,SOCKnapsack,30,Relaxed,10000,false,max,1210,0.14378,na,na,229087,327811,18537
knapsack_n150m10o1b5_1.txt,SOCKnapsack,30,Relaxed,20000,false,max,1210,0.34573,na,na,424032,612787,37080
knapsack_n150m10o1b5_2.txt,SOCKnapsack,26,Restricted,500,false,max,918,0.00342,na,na,11627,12964,956
knapsack_n150m10o1b5_2.txt,SOCKnapsack,26,Exact,99999,false,max,978,1.63789,na,na,1378166,2303206,272688
knapsack_n150m10o1b5_2.txt,SOCKnapsack,26,Restricted,1000,false,max,978,0.00657,na,na,21953,24797,1869
knapsack_n150m10o1b5_2.txt,SOCKnapsack,26,Restricted,2000,false,max,978,0.01270,na,na,40698,46586,3686
knapsack_n150m10o1b5_2.txt,SOCKnapsack,26,Restricted,5000,false,max,978,0.03453,na,na,90588,106036,9052
knapsack_n150m10o1b5_2.txt,SOCKnapsack,26,Restricted,10000,false,max,978,0.08363,na,na,163355,195973,17761
knapsack_n150m10o1b5_2.txt,SOCKnapsack,26,Restricted,20000,false,max,978,0.18677,na,na,287637,356824,33593
knapsack_n150m10o1b5_2.txt,SOCKnapsack,26,Relaxed,500,false,max,1037,0.00398,na,na,11645,16376,957
knapsack_n150m10o1b5_2.txt,SOCKnapsack,26,Relaxed,1000,false,max,1005,0.00854,na,na,21946,31230,1868
knapsack_n150m10o1b5_2.txt,SOCKnapsack,26,Relaxed,2000,false,max,978,0.01693,na,na,40693,58345,3686
knapsack_n150m10o1b5_2.txt,SOCKnapsack,26,Relaxed,5000,false,max,978,0.04611,na,na,90581,131720,9051
knapsack_n150m10o1b5_2.txt,SOCKnapsack,26,Relaxed,10000,false,max,978,0.10600,na,na,163352,240471,17761
knapsack_n150m10o1b5_2.txt,SOCKnapsack,26,Relaxed,20000,false,max,978,0.24401,na,na,287636,429815,33593
knapsack_n150m10o1b5_3.txt,SOCKnapsack,18,Exact,99999,false,max,558,0.00267,na,na,7697,11756,1627
knapsack_n150m10o1b5_3.txt,SOCKnapsack,18,Restricted,500,false,max,558,0.00144,na,na,4443,5788,741
knapsack_n150m10o1b5_3.txt,SOCKnapsack,18,Restricted,1000,false,max,558,0.00207,na,na,6579,9326,1385
knapsack_n150m10o1b5_3.txt,SOCKnapsack,18,Restricted,2000,false,max,558,0.00260,na,na,7697,11756,1627
knapsack_n150m10o1b5_3.txt,SOCKnapsack,18,Restricted,5000,false,max,558,0.00266,na,na,7697,11756,1627
knapsack_n150m10o1b5_3.txt,SOCKnapsack,18,Restricted,10000,false,max,558,0.00258,na,na,7697,11756,1627
knapsack_n150m10o1b5_3.txt,SOCKnapsack,18,Restricted,20000,false,max,558,0.00263,na,na,7697,11756,1627
knapsack_n150m10o1b5_3.txt,SOCKnapsack,18,Relaxed,500,false,max,558,0.00169,na,na,4443,6476,742
knapsack_n150m10o1b5_3.txt,SOCKnapsack,18,Relaxed,1000,false,max,558,0.00256,na,na,6579,9890,1386
knapsack_n150m10o1b5_3.txt,SOCKnapsack,18,Relaxed,2000,false,max,558,0.00255,na,na,7697,11756,1627
knapsack_n150m10o1b5_3.txt,SOCKnapsack,18,Relaxed,5000,false,max,558,0.00258,na,na,7697,11756,1627
knapsack_n150m10o1b5_3.txt,SOCKnapsack,18,Relaxed,10000,false,max,558,0.00264,na,na,7697,11756,1627
knapsack_n150m10o1b5_3.txt,SOCKnapsack,18,Relaxed,20000,false,max,558,0.00247,na,na,7697,11756,1627
knapsack_n150m10o1b5_4.txt,SOCKnapsack,24,Exact,99999,false,max,1045,0.09032,na,na,131282,217632,23799
knapsack_n150m10o1b5_4.txt,SOCKnapsack,24,Restricted,500,false,max,1045,0.00267,na,na,9387,11624,862
knapsack_n150m10o1b5_4.txt,SOCKnapsack,24,Restricted,1000,false,max,1045,0.00492,na,na,16761,21486,1702
knapsack_n150m10o1b5_4.txt,SOCKnapsack,24,Restricted,2000,false,max,1045,0.00878,na,na,28743,38085,3233
knapsack_n150m10o1b5_4.txt,SOCKnapsack,24,Restricted,5000,false,max,1045,0.02156,na,na,56805,79580,7531
knapsack_n150m10o1b5_4.txt,SOCKnapsack,24,Restricted,10000,false,max,1045,0.04275,na,na,89294,132264,14369
knapsack_n150m10o1b5_4.txt,SOCKnapsack,24,Restricted,20000,false,max,1045,0.07880,na,na,125910,202942,23799
knapsack_n150m10o1b5_4.txt,SOCKnapsack,24,Relaxed,500,false,max,1045,0.00355,na,na,9367,13975,861
knapsack_n150m10o1b5_4.txt,SOCKnapsack,24,Relaxed,1000,false,max,1045,0.00620,na,na,16757,25442,1701
knapsack_n150m10o1b5_4.txt,SOCKnapsack,24,Relaxed,2000,false,max,1045,0.01211,na,na,28738,44146,3233
knapsack_n150m10o1b5_4.txt,SOCKnapsack,24,Relaxed,5000,false,max,1045,0.03054,na,na,56801,89037,7531
knapsack_n150m10o1b5_4.txt,SOCKnapsack,24,Relaxed,10000,false,max,1045,0.06269,na,na,89291,142571,14369
knapsack_n150m10o1b5_4.txt,SOCKnapsack,24,Relaxed,20000,false,max,1045,0.10798,na,na,125911,206753,23800
knapsack_n150m10o3b5_0.txt,SOCKnapsack,18,Exact,99999,false,max,712,0.00239,na,na,7010,11290,1582
knapsack_n150m10o3b5_0.txt,SOCKnapsack,18,Restricted,500,false,max,712,0.00143,na,na,4429,6078,835
knapsack_n150m10o3b5_0.txt,SOCKnapsack,18,Restricted,1000,false,max,712,0.00203,na,na,6397,9563,1306
knapsack_n150m10o3b5_0.txt,SOCKnapsack,18,Restricted,2000,false,max,712,0.00239,na,na,7010,11290,1582
knapsack_n150m10o3b5_0.txt,SOCKnapsack,18,Restricted,5000,false,max,712,0.00233,na,na,7010,11290,1582
knapsack_n150m10o3b5_0.txt,SOCKnapsack,18,Restricted,10000,false,max,712,0.00230,na,na,7010,11290,1582
knapsack_n150m10o3b5_0.txt,SOCKnapsack,18,Restricted,20000,false,max,712,0.00226,na,na,7010,11290,1582
knapsack_n150m10o3b5_0.txt,SOCKnapsack,18,Relaxed,500,false,max,712,0.00168,na,na,4427,6773,834
knapsack_n150m10o3b5_0.txt,SOCKnapsack,18,Relaxed,1000,false,max,712,0.00251,na,na,6398,10076,1306
knapsack_n150m10o3b5_0.txt,SOCKnapsack,18,Relaxed,2000,false,max,712,0.00239,na,na,7010,11290,1582
knapsack_n150m10o3b5_0.txt,SOCKnapsack,18,Relaxed,5000,false,max,712,0.00243,na,na,7010,11290,1582
knapsack_n150m10o3b5_0.txt,SOCKnapsack,18,Relaxed,10000,false,max,712,0.00246,na,na,7010,11290,1582
knapsack_n150m10o3b5_0.txt,SOCKnapsack,18,Relaxed,20000,false,max,712,0.00241,na,na,7010,11290,1582
knapsack_n150m10o3b5_1.txt,SOCKnapsack,30,Restricted,500,false,max,1115,0.00423,na,na,14676,16031,991
knapsack_n150m10o3b5_1.txt,SOCKnapsack,30,Restricted,1000,false,max,1175,0.00827,na,na,27956,30805,1963
knapsack_n150m10o3b5_1.txt,SOCKnapsack,30,Restricted,2000,false,max,1175,0.01698,na,na,53018,58755,3793
knapsack_n150m10o3b5_1.txt,SOCKnapsack,30,Restricted,5000,false,max,1175,0.04876,na,na,122161,137125,9534
knapsack_n150m10o3b5_1.txt,SOCKnapsack,30,Restricted,10000,false,max,1175,0.10930,na,na,229062,260591,17917
knapsack_n150m10o3b5_1.txt,SOCKnapsack,30,Restricted,20000,false,max,1175,0.26889,na,na,423830,492307,36962
knapsack_n150m10o3b5_1.txt,SOCKnapsack,30,Exact,99999,false,max,1175,8.27214,na,na,5620732,9722154,933132
knapsack_n150m10o3b5_1.txt,SOCKnapsack,30,Relaxed,500,false,max,1265,0.00513,na,na,14681,20318,992
knapsack_n150m10o3b5_1.txt,SOCKnapsack,30,Relaxed,1000,false,max,1244,0.01042,na,na,27974,38911,1964
knapsack_n150m10o3b5_1.txt,SOCKnapsack,30,Relaxed,2000,false,max,1222,0.02216,na,na,53008,73992,3793
knapsack_n150m10o3b5_1.txt,SOCKnapsack,30,Relaxed,5000,false,max,1185,0.05972,na,na,122154,172079,9534
knapsack_n150m10o3b5_1.txt,SOCKnapsack,30,Relaxed,10000,false,max,1175,0.15251,na,na,229058,325882,17916
knapsack_n150m10o3b5_1.txt,SOCKnapsack,30,Relaxed,20000,false,max,1175,0.32490,na,na,423823,609930,36961
knapsack_n150m10o3b5_2.txt,SOCKnapsack,26,Restricted,500,false,max,952,0.00337,na,na,11446,12734,906
knapsack_n150m10o3b5_2.txt,SOCKnapsack,26,Exact,99999,false,max,952,1.27482,na,na,1137136,1872165,255540
knapsack_n150m10o3b5_2.txt,SOCKnapsack,26,Restricted,1000,false,max,952,0.00653,na,na,21338,24053,1838
knapsack_n150m10o3b5_2.txt,SOCKnapsack,26,Restricted,2000,false,max,952,0.01269,na,na,39519,44961,3600
knapsack_n150m10o3b5_2.txt,SOCKnapsack,26,Restricted,5000,false,max,952,0.03435,na,na,87852,102272,8883
knapsack_n150m10o3b5_2.txt,SOCKnapsack,26,Restricted,10000,false,max,952,0.07470,na,na,157438,187898,16882
knapsack_n150m10o3b5_2.txt,SOCKnapsack,26,Restricted,20000,false,max,952,0.18095,na,na,273540,337701,33195
knapsack_n150m10o3b5_2.txt,SOCKnapsack,26,Relaxed,500,false,max,1020,0.00401,na,na,11441,16055,906
knapsack_n150m10o3b5_2.txt,SOCKnapsack,26,Relaxed,1000,false,max,986,0.00825,na,na,21331,30205,1837
knapsack_n150m10o3b5_2.txt,SOCKnapsack,26,Relaxed,2000,false,max,952,0.01750,na,na,39510,56328,3599
knapsack_n150m10o3b5_2.txt,SOCKnapsack,26,Relaxed,5000,false,max,952,0.04829,na,na,87848,126982,8882
knapsack_n150m10o3b5_2.txt,SOCKnapsack,26,Relaxed,10000,false,max,952,0.11185,na,na,157432,230502,16883
knapsack_n150m10o3b5_2.txt,SOCKnapsack,26,Relaxed,20000,false,max,952,0.24666,na,na,273537,406795,33194
knapsack_n150m10o3b5_3.txt,SOCKnapsack,18,Exact,99999,false,max,557,0.00196,na,na,5808,8801,1228
knapsack_n150m10o3b5_3.txt,SOCKnapsack,18,Restricted,500,false,max,557,0.00130,na,na,3928,5231,797
knapsack_n150m10o3b5_3.txt,SOCKnapsack,18,Restricted,1000,false,max,557,0.00163,na,na,5378,7855,1228
knapsack_n150m10o3b5_3.txt,SOCKnapsack,18,Restricted,2000,false,max,557,0.00192,na,na,5808,8801,1228
knapsack_n150m10o3b5_3.txt,SOCKnapsack,18,Restricted,5000,false,max,557,0.00192,na,na,5808,8801,1228
knapsack_n150m10o3b5_3.txt,SOCKnapsack,18,Restricted,10000,false,max,557,0.00194,na,na,5808,8801,1228
knapsack_n150m10o3b5_3.txt,SOCKnapsack,18,Restricted,20000,false,max,557,0.00191,na,na,5808,8801,1228
knapsack_n150m10o3b5_3.txt,SOCKnapsack,18,Relaxed,500,false,max,557,0.00146,na,na,3925,5789,797
knapsack_n150m10o3b5_3.txt,SOCKnapsack,18,Relaxed,1000,false,max,557,0.00182,na,na,5376,8080,1229
knapsack_n150m10o3b5_3.txt,SOCKnapsack,18,Relaxed,2000,false,max,557,0.00189,na,na,5808,8801,1228
knapsack_n150m10o3b5_3.txt,SOCKnapsack,18,Relaxed,5000,false,max,557,0.00193,na,na,5808,8801,1228
knapsack_n150m10o3b5_3.txt,SOCKnapsack,18,Relaxed,10000,false,max,557,0.00196,na,na,5808,8801,1228
knapsack_n150m10o3b5_3.txt,SOCKnapsack,18,Relaxed,20000,false,max,557,0.00192,na,na,5808,8801,1228
knapsack_n150m10o3b5_4.txt,SOCKnapsack,24,Exact,99999,false,max,1066,0.05126,na,na,88471,145441,15156
knapsack_n150m10o3b5_4.txt,SOCKnapsack,24,Restricted,500,false,max,1066,0.00275,na,na,8830,11359,861
knapsack_n150m10o3b5_4.txt,SOCKnapsack,24,Restricted,1000,false,max,1066,0.00492,na,na,15462,20401,1697
knapsack_n150m10o3b5_4.txt,SOCKnapsack,24,Restricted,2000,false,max,1066,0.00854,na,na,26244,35764,3248
knapsack_n150m10o3b5_4.txt,SOCKnapsack,24,Restricted,5000,false,max,1066,0.02013,na,na,50001,72236,8122
knapsack_n150m10o3b5_4.txt,SOCKnapsack,24,Restricted,10000,false,max,1066,0.03596,na,na,75820,117648,12294
knapsack_n150m10o3b5_4.txt,SOCKnapsack,24,Restricted,20000,false,max,1066,0.06178,na,na,88471,145441,15156
knapsack_n150m10o3b5_4.txt,SOCKnapsack,24,Relaxed,500,false,max,1066,0.00336,na,na,8821,13453,860
knapsack_n150m10o3b5_4.txt,SOCKnapsack,24,Relaxed,1000,false,max,1066,0.00607,na,na,15458,23764,1697
knapsack_n150m10o3b5_4.txt,SOCKnapsack,24,Relaxed,2000,false,max,1066,0.01182,na,na,26242,40741,3248
knapsack_n150m10o3b5_4.txt,SOCKnapsack,24,Relaxed,5000,false,max,1066,0.02830,na,na,49998,78951,8121
knapsack_n150m10o3b5_4.txt,SOCKnapsack,24,Relaxed,10000,false,max,1066,0.05103,na,na,75815,122204,12293
knapsack_n150m10o3b5_4.txt,SOCKnapsack,24,Relaxed,20000,false,max,1066,0.05426,na,na,88471,145441,15156
knapsack_n150m10o5b5_0.txt,SOCKnapsack,18,Exact,99999,false,max,721,0.00185,na,na,5514,8812,1177
knapsack_n150m10o5b5_0.txt,SOCKnapsack,18,Restricted,500,false,max,721,0.00128,na,na,3900,5495,760
knapsack_n150m10o5b5_0.txt,SOCKnapsack,18,Restricted,1000,false,max,721,0.00176,na,na,5425,8424,1176
knapsack_n150m10o5b5_0.txt,SOCKnapsack,18,Restricted,2000,false,max,721,0.00190,na,na,5514,8812,1177
knapsack_n150m10o5b5_0.txt,SOCKnapsack,18,Restricted,5000,false,max,721,0.00190,na,na,5514,8812,1177
knapsack_n150m10o5b5_0.txt,SOCKnapsack,18,Restricted,10000,false,max,721,0.00192,na,na,5514,8812,1177
knapsack_n150m10o5b5_0.txt,SOCKnapsack,18,Restricted,20000,false,max,721,0.00188,na,na,5514,8812,1177
knapsack_n150m10o5b5_0.txt,SOCKnapsack,18,Relaxed,500,false,max,721,0.00147,na,na,3897,6012,759
knapsack_n150m10o5b5_0.txt,SOCKnapsack,18,Relaxed,1000,false,max,721,0.00204,na,na,5426,8603,1176
knapsack_n150m10o5b5_0.txt,SOCKnapsack,18,Relaxed,2000,false,max,721,0.00195,na,na,5514,8812,1177
knapsack_n150m10o5b5_0.txt,SOCKnapsack,18,Relaxed,5000,false,max,721,0.00199,na,na,5514,8812,1177
knapsack_n150m10o5b5_0.txt,SOCKnapsack,18,Relaxed,10000,false,max,721,0.00193,na,na,5514,8812,1177
knapsack_n150m10o5b5_0.txt,SOCKnapsack,18,Relaxed,20000,false,max,721,0.00199,na,na,5514,8812,1177
knapsack_n150m10o5b5_1.txt,SOCKnapsack,30,Restricted,500,false,max,1099,0.00409,na,na,14527,15887,975
knapsack_n150m10o5b5_1.txt,SOCKnapsack,30,Restricted,1000,false,max,1150,0.00828,na,na,27767,30600,1880
knapsack_n150m10o5b5_1.txt,SOCKnapsack,30,Restricted,2000,false,max,1150,0.01626,na,na,52751,58490,3720
knapsack_n150m10o5b5_1.txt,SOCKnapsack,30,Restricted,5000,false,max,1150,0.04478,na,na,121077,136167,8943
knapsack_n150m10o5b5_1.txt,SOCKnapsack,30,Exact,99999,false,max,1150,6.95110,na,na,4965016,8449239,822991
knapsack_n150m10o5b5_1.txt,SOCKnapsack,30,Restricted,10000,false,max,1150,0.11145,na,na,225548,257720,18535
knapsack_n150m10o5b5_1.txt,SOCKnapsack,30,Restricted,20000,false,max,1150,0.26154,na,na,413777,482532,37174
knapsack_n150m10o5b5_1.txt,SOCKnapsack,30,Relaxed,500,false,max,1259,0.00507,na,na,14550,20056,976
knapsack_n150m10o5b5_1.txt,SOCKnapsack,30,Relaxed,1000,false,max,1228,0.01039,na,na,27782,38554,1881
knapsack_n150m10o5b5_1.txt,SOCKnapsack,30,Relaxed,2000,false,max,1198,0.02177,na,na,52756,73598,3720
knapsack_n150m10o5b5_1.txt,SOCKnapsack,30,Relaxed,5000,false,max,1151,0.05766,na,na,121072,170343,8943
knapsack_n150m10o5b5_1.txt,SOCKnapsack,30,Relaxed,10000,false,max,1150,0.14005,na,na,225540,320474,18534
knapsack_n150m10o5b5_1.txt,SOCKnapsack,30,Relaxed,20000,false,max,1150,0.29044,na,na,413769,593624,37173
knapsack_n150m10o5b5_2.txt,SOCKnapsack,26,Exact,99999,false,max,933,0.96919,na,na,903436,1472243,195868
knapsack_n150m10o5b5_2.txt,SOCKnapsack,26,Restricted,500,false,max,933,0.00315,na,na,11214,12523,861
knapsack_n150m10o5b5_2.txt,SOCKnapsack,26,Restricted,1000,false,max,933,0.00701,na,na,21003,23706,1815
knapsack_n150m10o5b5_2.txt,SOCKnapsack,26,Restricted,2000,false,max,933,0.01183,na,na,38689,44234,3551
knapsack_n150m10o5b5_2.txt,SOCKnapsack,26,Restricted,5000,false,max,933,0.02908,na,na,84805,99585,8585
knapsack_n150m10o5b5_2.txt,SOCKnapsack,26,Restricted,10000,false,max,933,0.06289,na,na,149497,180669,17226
knapsack_n150m10o5b5_2.txt,SOCKnapsack,26,Restricted,20000,false,max,933,0.14689,na,na,257662,322171,34967
knapsack_n150m10o5b5_2.txt,SOCKnapsack,26,Relaxed,500,false,max,995,0.00385,na,na,11217,15687,861
knapsack_n150m10o5b5_2.txt,SOCKnapsack,26,Relaxed,1000,false,max,960,0.00809,na,na,20993,29684,1814
knapsack_n150m10o5b5_2.txt,SOCKnapsack,26,Relaxed,2000,false,max,933,0.01516,na,na,38683,55273,3550
knapsack_n150m10o5b5_2.txt,SOCKnapsack,26,Relaxed,5000,false,max,933,0.04397,na,na,84797,122985,8584
knapsack_n150m10o5b5_2.txt,SOCKnapsack,26,Relaxed,10000,false,max,933,0.07993,na,na,149493,219641,17226
knapsack_n150m10o5b5_2.txt,SOCKnapsack,26,Relaxed,20000,false,max,933,0.20473,na,na,257658,383582,34967
knapsack_n150m10o5b5_3.txt,SOCKnapsack,18,Exact,99999,false,max,555,0.00167,na,na,4893,7335,1144
knapsack_n150m10o5b5_3.txt,SOCKnapsack,18,Restricted,500,false,max,555,0.00127,na,na,3690,4959,741
knapsack_n150m10o5b5_3.txt,SOCKnapsack,18,Restricted,1000,false,max,555,0.00158,na,na,4861,7134,1144
knapsack_n150m10o5b5_3.txt,SOCKnapsack,18,Restricted,2000,false,max,555,0.00166,na,na,4893,7335,1144
knapsack_n150m10o5b5_3.txt,SOCKnapsack,18,Restricted,5000,false,max,555,0.00166,na,na,4893,7335,1144
knapsack_n150m10o5b5_3.txt,SOCKnapsack,18,Restricted,10000,false,max,555,0.00169,na,na,4893,7335,1144
knapsack_n150m10o5b5_3.txt,SOCKnapsack,18,Restricted,20000,false,max,555,0.00175,na,na,4893,7335,1144
knapsack_n150m10o5b5_3.txt,SOCKnapsack,18,Relaxed,500,false,max,555,0.00142,na,na,3688,5430,741
knapsack_n150m10o5b5_3.txt,SOCKnapsack,18,Relaxed,1000,false,max,555,0.00186,na,na,4862,7280,1145
knapsack_n150m10o5b5_3.txt,SOCKnapsack,18,Relaxed,2000,false,max,555,0.00165,na,na,4893,7335,1144
knapsack_n150m10o5b5_3.txt,SOCKnapsack,18,Relaxed,5000,false,max,555,0.00167,na,na,4893,7335,1144
knapsack_n150m10o5b5_3.txt,SOCKnapsack,18,Relaxed,10000,false,max,555,0.00168,na,na,4893,7335,1144
knapsack_n150m10o5b5_3.txt,SOCKnapsack,18,Relaxed,20000,false,max,555,0.00168,na,na,4893,7335,1144
knapsack_n150m10o5b5_4.txt,SOCKnapsack,24,Exact,99999,false,max,1081,0.03082,na,na,60795,99837,10303
knapsack_n150m10o5b5_4.txt,SOCKnapsack,24,Restricted,500,false,max,1081,0.00257,na,na,8384,10970,862
knapsack_n150m10o5b5_4.txt,SOCKnapsack,24,Restricted,1000,false,max,1081,0.00443,na,na,14297,19327,1615
knapsack_n150m10o5b5_4.txt,SOCKnapsack,24,Restricted,2000,false,max,1081,0.00752,na,na,24179,33835,3251
knapsack_n150m10o5b5_4.txt,SOCKnapsack,24,Restricted,5000,false,max,1081,0.01576,na,na,43692,65428,7493
knapsack_n150m10o5b5_4.txt,SOCKnapsack,24,Restricted,10000,false,max,1081,0.02450,na,na,60370,98673,10303
knapsack_n150m10o5b5_4.txt,SOCKnapsack,24,Restricted,20000,false,max,1081,0.03089,na,na,60795,99837,10303
knapsack_n150m10o5b5_4.txt,SOCKnapsack,24,Relaxed,500,false,max,1081,0.00312,na,na,8378,12860,861
knapsack_n150m10o5b5_4.txt,SOCKnapsack,24,Relaxed,1000,false,max,1081,0.00579,na,na,14291,22151,1614
knapsack_n150m10o5b5_4.txt,SOCKnapsack,24,Relaxed,2000,false,max,1081,0.01051,na,na,24175,37860,3250
knapsack_n150m10o5b5_4.txt,SOCKnapsack,24,Relaxed,5000,false,max,1081,0.02246,na,na,43691,69688,7494
knapsack_n150m10o5b5_4.txt,SOCKnapsack,24,Relaxed,10000,false,max,1081,0.03306,na,na,60371,98978,10304
knapsack_n150m10o5b5_4.txt,SOCKnapsack,24,Relaxed,20000,false,max,1081,0.02950,na,na,60795,99837,10303
knapsack_n150m20o1b5_0.txt,SOCKnapsack,28,Exact,99999,false,max,1178,1.36051,na,na,1207306,2151918,168286
knapsack_n150m20o1b5_0.txt,SOCKnapsack,28,Restricted,500,false,max,1176,0.00377,na,na,12912,15645,991
knapsack_n150m20o1b5_0.txt,SOCKnapsack,28,Restricted,1000,false,max,1178,0.00745,na,na,24348,30023,1945
knapsack_n150m20o1b5_0.txt,SOCKnapsack,28,Restricted,2000,false,max,1178,0.01438,na,na,45724,57205,3712
knapsack_n150m20o1b5_0.txt,SOCKnapsack,28,Restricted,5000,false,max,1178,0.03964,na,na,102662,132613,8748
knapsack_n150m20o1b5_0.txt,SOCKnapsack,28,Restricted,10000,false,max,1178,0.09325,na,na,185794,248340,16646
knapsack_n150m20o1b5_0.txt,SOCKnapsack,28,Restricted,20000,false,max,1178,0.22409,na,na,328386,456051,34606
knapsack_n150m20o1b5_0.txt,SOCKnapsack,28,Relaxed,500,false,max,1208,0.00474,na,na,12905,19061,991
knapsack_n150m20o1b5_0.txt,SOCKnapsack,28,Relaxed,1000,false,max,1178,0.00900,na,na,24345,36371,1945
knapsack_n150m20o1b5_0.txt,SOCKnapsack,28,Relaxed,2000,false,max,1178,0.01966,na,na,45720,69037,3713
knapsack_n150m20o1b5_0.txt,SOCKnapsack,28,Relaxed,5000,false,max,1178,0.05285,na,na,102656,157822,8747
knapsack_n150m20o1b5_0.txt,SOCKnapsack,28,Relaxed,10000,false,max,1178,0.12228,na,na,185788,290823,16645
knapsack_n150m20o1b5_0.txt,SOCKnapsack,28,Relaxed,20000,false,max,1178,0.26347,na,na,328381,524143,34605
knapsack_n150m20o1b5_1.txt,SOCKnapsack,23,Exact,99999,false,max,750,0.18999,na,na,247125,384065,52749
knapsack_n150m20o1b5_1.txt,SOCKnapsack,23,Restricted,500,false,max,750,0.00276,na,na,9754,11118,901
knapsack_n150m20o1b5_1.txt,SOCKnapsack,23,Restricted,1000,false,max,750,0.00513,na,na,17572,20483,1705
knapsack_n150m20o1b5_1.txt,SOCKnapsack,23,Restricted,2000,false,max,750,0.00960,na,na,31206,37386,3362
knapsack_n150m20o1b5_1.txt,SOCKnapsack,23,Restricted,5000,false,max,750,0.02284,na,na,63660,79253,8483
knapsack_n150m20o1b5_1.txt,SOCKnapsack,23,Restricted,10000,false,max,750,0.04659,na,na,105493,136798,16603
knapsack_n150m20o1b5_1.txt,SOCKnapsack,23,Restricted,20000,false,max,750,0.09260,na,na,163954,224752,30637
knapsack_n150m20o1b5_1.txt,SOCKnapsack,23,Relaxed,500,false,max,750,0.00348,na,na,9751,13985,901
knapsack_n150m20o1b5_1.txt,SOCKnapsack,23,Relaxed,1000,false,max,750,0.00637,na,na,17567,25458,1704
knapsack_n150m20o1b5_1.txt,SOCKnapsack,23,Relaxed,2000,false,max,750,0.01207,na,na,31200,45726,3362
knapsack_n150m20o1b5_1.txt,SOCKnapsack,23,Relaxed,5000,false,max,750,0.02884,na,na,63656,94379,8482
knapsack_n150m20o1b5_1.txt,SOCKnapsack,23,Relaxed,10000,false,max,750,0.05859,na,na,105491,158077,16602
knapsack_n150m20o1b5_1.txt,SOCKnapsack,23,Relaxed,20000,false,max,750,0.12488,na,na,163953,248519,30637
knapsack_n150m20o1b5_2.txt,SOCKnapsack,16,Exact,99999,false,max,598,0.00047,na,na,1121,1901,172
knapsack_n150m20o1b5_2.txt,SOCKnapsack,16,Restricted,500,false,max,598,0.00047,na,na,1121,1901,172
knapsack_n150m20o1b5_2.txt,SOCKnapsack,16,Restricted,1000,false,max,598,0.00047,na,na,1121,1901,172
knapsack_n150m20o1b5_2.txt,SOCKnapsack,16,Restricted,2000,false,max,598,0.00051,na,na,1121,1901,172
knapsack_n150m20o1b5_2.txt,SOCKnapsack,16,Restricted,5000,false,max,598,0.00047,na,na,1121,1901,172
knapsack_n150m20o1b5_2.txt,SOCKnapsack,16,Restricted,10000,false,max,598,0.00047,na,na,1121,1901,172
knapsack_n150m20o1b5_2.txt,SOCKnapsack,16,Restricted,20000,false,max,598,0.00047,na,na,1121,1901,172
knapsack_n150m20o1b5_2.txt,SOCKnapsack,16,Relaxed,500,false,max,598,0.00049,na,na,1121,1901,172
knapsack_n150m20o1b5_2.txt,SOCKnapsack,16,Relaxed,1000,false,max,598,0.00050,na,na,1121,1901,172
knapsack_n150m20o1b5_2.txt,SOCKnapsack,16,Relaxed,2000,false,max,598,0.00047,na,na,1121,1901,172
knapsack_n150m20o1b5_2.txt,SOCKnapsack,16,Relaxed,5000,false,max,598,0.00049,na,na,1121,1901,172
knapsack_n150m20o1b5_2.txt,SOCKnapsack,16,Relaxed,10000,false,max,598,0.00048,na,na,1121,1901,172
knapsack_n150m20o1b5_2.txt,SOCKnapsack,16,Relaxed,20000,false,max,598,0.00050,na,na,1121,1901,172
knapsack_n150m20o1b5_3.txt,SOCKnapsack,22,Exact,99999,false,max,917,0.12957,na,na,162043,263306,32917
knapsack_n150m20o1b5_3.txt,SOCKnapsack,22,Restricted,500,false,max,912,0.00300,na,na,8785,10306,907
knapsack_n150m20o1b5_3.txt,SOCKnapsack,22,Restricted,1000,false,max,917,0.00491,na,na,15850,18995,1685
knapsack_n150m20o1b5_3.txt,SOCKnapsack,22,Restricted,2000,false,max,917,0.00902,na,na,28119,34737,3455
knapsack_n150m20o1b5_3.txt,SOCKnapsack,22,Restricted,5000,false,max,917,0.02150,na,na,56375,73492,7879
knapsack_n150m20o1b5_3.txt,SOCKnapsack,22,Restricted,10000,false,max,917,0.04217,na,na,91329,126406,14618
knapsack_n150m20o1b5_3.txt,SOCKnapsack,22,Restricted,20000,false,max,917,0.08473,na,na,135889,203724,27908
knapsack_n150m20o1b5_3.txt,SOCKnapsack,22,Relaxed,500,false,max,926,0.00328,na,na,8775,12634,906
knapsack_n150m20o1b5_3.txt,SOCKnapsack,22,Relaxed,1000,false,max,917,0.00605,na,na,15846,23064,1684
knapsack_n150m20o1b5_3.txt,SOCKnapsack,22,Relaxed,2000,false,max,917,0.01164,na,na,28117,41608,3455
knapsack_n150m20o1b5_3.txt,SOCKnapsack,22,Relaxed,5000,false,max,917,0.03050,na,na,56373,85037,7878
knapsack_n150m20o1b5_3.txt,SOCKnapsack,22,Relaxed,10000,false,max,917,0.05670,na,na,91327,140833,14617
knapsack_n150m20o1b5_3.txt,SOCKnapsack,22,Relaxed,20000,false,max,917,0.10998,na,na,135889,215326,27908
knapsack_n150m20o1b5_4.txt,SOCKnapsack,34,Restricted,500,false,max,1204,0.00473,na,na,16528,18694,998
knapsack_n150m20o1b5_4.txt,SOCKnapsack,34,Restricted,1000,false,max,1271,0.00956,na,na,31811,36172,1991
knapsack_n150m20o1b5_4.txt,SOCKnapsack,34,Restricted,2000,false,max,1296,0.01934,na,na,61128,69998,3940
knapsack_n150m20o1b5_4.txt,SOCKnapsack,34,Restricted,5000,false,max,1308,0.05253,na,na,143859,166504,9619
knapsack_n150m20o1b5_4.txt,SOCKnapsack,34,Restricted,10000,false,max,1330,0.12849,na,na,274169,320244,18625
knapsack_n150m20o1b5_4.txt,SOCKnapsack,34,Restricted,20000,false,max,1330,0.35806,na,na,518996,613647,36987
knapsack_n150m20o1b5_4.txt,SOCKnapsack,34,Relaxed,500,false,max,1606,0.00605,na,na,16762,23370,999
knapsack_n150m20o1b5_4.txt,SOCKnapsack,34,Relaxed,1000,false,max,1572,0.01222,na,na,31997,45033,1991
knapsack_n150m20o1b5_4.txt,SOCKnapsack,34,Relaxed,2000,false,max,1525,0.02543,na,na,61276,86063,3939
knapsack_n150m20o1b5_4.txt,SOCKnapsack,34,Relaxed,5000,false,max,1464,0.07002,na,na,143921,202768,9619
knapsack_n150m20o1b5_4.txt,SOCKnapsack,34,Relaxed,10000,false,max,1419,0.17595,na,na,274186,390100,18624
knapsack_n150m20o1b5_4.txt,SOCKnapsack,34,Exact,99999,false,max,1342,16.29916,na,na,11069126,19464939,1578408
knapsack_n150m20o1b5_4.txt,SOCKnapsack,34,Relaxed,20000,false,max,1387,0.42885,na,na,518990,747521,36986
knapsack_n150m20o3b5_0.txt,SOCKnapsack,28,Restricted,500,false,max,1140,0.00374,na,na,12649,15394,942
knapsack_n150m20o3b5_0.txt,SOCKnapsack,28,Exact,99999,false,max,1140,1.17955,na,na,1044390,1817618,155197
knapsack_n150m20o3b5_0.txt,SOCKnapsack,28,Restricted,1000,false,max,1140,0.00744,na,na,23828,29384,1761
knapsack_n150m20o3b5_0.txt,SOCKnapsack,28,Restricted,2000,false,max,1140,0.01426,na,na,44586,55878,3410
knapsack_n150m20o3b5_0.txt,SOCKnapsack,28,Restricted,5000,false,max,1140,0.03760,na,na,99944,129338,8865
knapsack_n150m20o3b5_0.txt,SOCKnapsack,28,Restricted,10000,false,max,1140,0.08314,na,na,179586,240200,17318
knapsack_n150m20o3b5_0.txt,SOCKnapsack,28,Restricted,20000,false,max,1140,0.18043,na,na,311323,433375,32999
knapsack_n150m20o3b5_0.txt,SOCKnapsack,28,Relaxed,500,false,max,1167,0.00458,na,na,12648,18626,943
knapsack_n150m20o3b5_0.txt,SOCKnapsack,28,Relaxed,1000,false,max,1140,0.00917,na,na,23822,35412,1762
knapsack_n150m20o3b5_0.txt,SOCKnapsack,28,Relaxed,2000,false,max,1140,0.01964,na,na,44581,67088,3409
knapsack_n150m20o3b5_0.txt,SOCKnapsack,28,Relaxed,5000,false,max,1140,0.04895,na,na,99937,153259,8864
knapsack_n150m20o3b5_0.txt,SOCKnapsack,28,Relaxed,10000,false,max,1140,0.11163,na,na,179579,280150,17317
knapsack_n150m20o3b5_0.txt,SOCKnapsack,28,Relaxed,20000,false,max,1140,0.26082,na,na,311322,494389,32999
knapsack_n150m20o3b5_1.txt,SOCKnapsack,23,Exact,99999,false,max,761,0.23726,na,na,265704,418000,66475
knapsack_n150m20o3b5_1.txt,SOCKnapsack,23,Restricted,500,false,max,761,0.00284,na,na,9971,11274,877
knapsack_n150m20o3b5_1.txt,SOCKnapsack,23,Restricted,1000,false,max,761,0.00530,na,na,18024,20715,1784
knapsack_n150m20o3b5_1.txt,SOCKnapsack,23,Restricted,2000,false,max,761,0.00974,na,na,31516,36920,3535
knapsack_n150m20o3b5_1.txt,SOCKnapsack,23,Restricted,5000,false,max,761,0.02222,na,na,64593,78130,8423
knapsack_n150m20o3b5_1.txt,SOCKnapsack,23,Restricted,10000,false,max,761,0.04445,na,na,106236,132796,16587
knapsack_n150m20o3b5_1.txt,SOCKnapsack,23,Restricted,20000,false,max,761,0.08696,na,na,168433,220404,32922
knapsack_n150m20o3b5_1.txt,SOCKnapsack,23,Relaxed,500,false,max,761,0.00371,na,na,9965,14448,876
knapsack_n150m20o3b5_1.txt,SOCKnapsack,23,Relaxed,1000,false,max,761,0.00676,na,na,18018,26361,1783
knapsack_n150m20o3b5_1.txt,SOCKnapsack,23,Relaxed,2000,false,max,761,0.01300,na,na,31514,46422,3535
knapsack_n150m20o3b5_1.txt,SOCKnapsack,23,Relaxed,5000,false,max,761,0.03254,na,na,64592,96131,8422
knapsack_n150m20o3b5_1.txt,SOCKnapsack,23,Relaxed,10000,false,max,761,0.06232,na,na,106233,159211,16586
knapsack_n150m20o3b5_1.txt,SOCKnapsack,23,Relaxed,20000,false,max,761,0.13381,na,na,168432,255190,32921
knapsack_n150m20o3b5_2.txt,SOCKnapsack,16,Exact,99999,false,max,601,0.00036,na,na,880,1422,122
knapsack_n150m20o3b5_2.txt,SOCKnapsack,16,Restricted,500,false,max,601,0.00035,na,na,880,1422,122
knapsack_n150m20o3b5_2.txt,SOCKnapsack,16,Restricted,1000,false,max,601,0.00036,na,na,880,1422,122
knapsack_n150m20o3b5_2.txt,SOCKnapsack,16,Restricted,2000,false,max,601,0.00035,na,na,880,1422,122
knapsack_n150m20o3b5_2.txt,SOCKnapsack,16,Restricted,5000,false,max,601,0.00035,na,na,880,1422,122
knapsack_n150m20o3b5_2.txt,SOCKnapsack,16,Restricted,10000,false,max,601,0.00035,na,na,880,1422,122
knapsack_n150m20o3b5_2.txt,SOCKnapsack,16,Restricted,20000,false,max,601,0.00036,na,na,880,1422,122
knapsack_n150m20o3b5_2.txt,SOCKnapsack,16,Relaxed,500,false,max,601,0.00036,na,na,880,1422,122
knapsack_n150m20o3b5_2.txt,SOCKnapsack,16,Relaxed,1000,false,max,601,0.00035,na,na,880,1422,122
knapsack_n150m20o3b5_2.txt,SOCKnapsack,16,Relaxed,2000,false,max,601,0.00037,na,na,880,1422,122
knapsack_n150m20o3b5_2.txt,SOCKnapsack,16,Relaxed,5000,false,max,601,0.00036,na,na,880,1422,122
knapsack_n150m20o3b5_2.txt,SOCKnapsack,16,Relaxed,10000,false,max,601,0.00035,na,na,880,1422,122
knapsack_n150m20o3b5_2.txt,SOCKnapsack,16,Relaxed,20000,false,max,601,0.00038,na,na,880,1422,122
knapsack_n150m20o3b5_3.txt,SOCKnapsack,22,Exact,99999,false,max,887,0.11343,na,na,146159,233096,33151
knapsack_n150m20o3b5_3.txt,SOCKnapsack,22,Restricted,500,false,max,887,0.00252,na,na,8625,9881,892
knapsack_n150m20o3b5_3.txt,SOCKnapsack,22,Restricted,1000,false,max,887,0.00462,na,na,15544,18252,1643
knapsack_n150m20o3b5_3.txt,SOCKnapsack,22,Restricted,2000,false,max,887,0.00867,na,na,27577,33440,3358
knapsack_n150m20o3b5_3.txt,SOCKnapsack,22,Restricted,5000,false,max,887,0.01925,na,na,54332,69371,8180
knapsack_n150m20o3b5_3.txt,SOCKnapsack,22,Restricted,10000,false,max,887,0.03423,na,na,85950,115866,16355
knapsack_n150m20o3b5_3.txt,SOCKnapsack,22,Restricted,20000,false,max,887,0.05987,na,na,123777,179711,32366
knapsack_n150m20o3b5_3.txt,SOCKnapsack,22,Relaxed,500,false,max,918,0.00304,na,na,8621,12217,891
knapsack_n150m20o3b5_3.txt,SOCKnapsack,22,Relaxed,1000,false,max,887,0.00567,na,na,15540,22357,1643
knapsack_n150m20o3b5_3.txt,SOCKnapsack,22,Relaxed,2000,false,max,887,0.01109,na,na,27572,40431,3357
knapsack_n150m20o3b5_3.txt,SOCKnapsack,22,Relaxed,5000,false,max,887,0.02503,na,na,54328,81402,8179
knapsack_n150m20o3b5_3.txt,SOCKnapsack,22,Relaxed,10000,false,max,887,0.05090,na,na,85949,131349,16354
knapsack_n150m20o3b5_3.txt,SOCKnapsack,22,Relaxed,20000,false,max,887,0.09319,na,na,123777,193044,32366
knapsack_n150m20o3b5_4.txt,SOCKnapsack,34,Restricted,500,false,max,1224,0.00562,na,na,16497,18535,987
knapsack_n150m20o3b5_4.txt,SOCKnapsack,34,Restricted,1000,false,max,1248,0.00976,na,na,31922,36118,1934
knapsack_n150m20o3b5_4.txt,SOCKnapsack,34,Restricted,2000,false,max,1289,0.01946,na,na,61294,69785,3742
knapsack_n150m20o3b5_4.txt,SOCKnapsack,34,Restricted,5000,false,max,1321,0.05383,na,na,144351,166372,9629
knapsack_n150m20o3b5_4.txt,SOCKnapsack,34,Restricted,10000,false,max,1344,0.12673,na,na,275230,321622,17864
knapsack_n150m20o3b5_4.txt,SOCKnapsack,34,Restricted,20000,false,max,1344,0.33158,na,na,519822,618107,36193
knapsack_n150m20o3b5_4.txt,SOCKnapsack,34,Relaxed,500,false,max,1582,0.00619,na,na,16952,24334,988
knapsack_n150m20o3b5_4.txt,SOCKnapsack,34,Relaxed,1000,false,max,1532,0.01198,na,na,31846,45106,1935
knapsack_n150m20o3b5_4.txt,SOCKnapsack,34,Relaxed,2000,false,max,1493,0.02535,na,na,61266,86021,3743
knapsack_n150m20o3b5_4.txt,SOCKnapsack,34,Relaxed,5000,false,max,1431,0.07015,na,na,144346,204720,9629
knapsack_n150m20o3b5_4.txt,SOCKnapsack,34,Exact,99999,false,max,1344,12.90707,na,na,9062096,15785235,1199533
knapsack_n150m20o3b5_4.txt,SOCKnapsack,34,Relaxed,10000,false,max,1377,0.14800,na,na,275214,395732,17863
knapsack_n150m20o3b5_4.txt,SOCKnapsack,34,Relaxed,20000,false,max,1344,0.35383,na,na,519815,757640,36192
knapsack_n150m20o5b5_0.txt,SOCKnapsack,28,Exact,99999,false,max,1114,1.00450,na,na,941329,1597415,174953
knapsack_n150m20o5b5_0.txt,SOCKnapsack,28,Restricted,500,false,max,1101,0.00367,na,na,12327,14971,870
knapsack_n150m20o5b5_0.txt,SOCKnapsack,28,Restricted,1000,false,max,1114,0.00691,na,na,23129,28474,1710
knapsack_n150m20o5b5_0.txt,SOCKnapsack,28,Restricted,2000,false,max,1114,0.01344,na,na,42953,53836,3475
knapsack_n150m20o5b5_0.txt,SOCKnapsack,28,Restricted,5000,false,max,1114,0.03597,na,na,95052,123201,8841
knapsack_n150m20o5b5_0.txt,SOCKnapsack,28,Restricted,10000,false,max,1114,0.08305,na,na,168786,225623,17811
knapsack_n150m20o5b5_0.txt,SOCKnapsack,28,Restricted,20000,false,max,1114,0.19793,na,na,289358,401425,35835
knapsack_n150m20o5b5_0.txt,SOCKnapsack,28,Relaxed,500,false,max,1134,0.00456,na,na,12314,18103,870
knapsack_n150m20o5b5_0.txt,SOCKnapsack,28,Relaxed,1000,false,max,1114,0.00882,na,na,23127,34394,1709
knapsack_n150m20o5b5_0.txt,SOCKnapsack,28,Relaxed,2000,false,max,1114,0.01905,na,na,42944,64574,3474
knapsack_n150m20o5b5_0.txt,SOCKnapsack,28,Relaxed,5000,false,max,1114,0.05264,na,na,95043,145732,8841
knapsack_n150m20o5b5_0.txt,SOCKnapsack,28,Relaxed,10000,false,max,1114,0.11281,na,na,168780,262795,17810
knapsack_n150m20o5b5_0.txt,SOCKnapsack,28,Relaxed,20000,false,max,1114,0.23870,na,na,289353,457989,35835
knapsack_n150m20o5b5_1.txt,SOCKnapsack,23,Exact,99999,false,max,763,0.15899,na,na,203918,318653,48414
knapsack_n150m20o5b5_1.txt,SOCKnapsack,23,Restricted,500,false,max,763,0.00283,na,na,9695,11126,885
knapsack_n150m20o5b5_1.txt,SOCKnapsack,23,Restricted,1000,false,max,763,0.00513,na,na,17193,19980,1786
knapsack_n150m20o5b5_1.txt,SOCKnapsack,23,Restricted,2000,false,max,763,0.00954,na,na,30006,35502,3593
knapsack_n150m20o5b5_1.txt,SOCKnapsack,23,Restricted,5000,false,max,763,0.02212,na,na,60513,74013,8714
knapsack_n150m20o5b5_1.txt,SOCKnapsack,23,Restricted,10000,false,max,763,0.04096,na,na,98230,124989,17419
knapsack_n150m20o5b5_1.txt,SOCKnapsack,23,Restricted,20000,false,max,763,0.08872,na,na,148494,201785,32448
knapsack_n150m20o5b5_1.txt,SOCKnapsack,23,Relaxed,500,false,max,763,0.00345,na,na,9690,14184,884
knapsack_n150m20o5b5_1.txt,SOCKnapsack,23,Relaxed,1000,false,max,763,0.00649,na,na,17188,25279,1785
knapsack_n150m20o5b5_1.txt,SOCKnapsack,23,Relaxed,2000,false,max,763,0.01290,na,na,30002,44352,3592
knapsack_n150m20o5b5_1.txt,SOCKnapsack,23,Relaxed,5000,false,max,763,0.03343,na,na,60509,90126,8713
knapsack_n150m20o5b5_1.txt,SOCKnapsack,23,Relaxed,10000,false,max,763,0.06315,na,na,98230,147675,17419
knapsack_n150m20o5b5_1.txt,SOCKnapsack,23,Relaxed,20000,false,max,763,0.10161,na,na,148495,226394,32448
knapsack_n150m20o5b5_2.txt,SOCKnapsack,16,Exact,99999,false,max,601,0.00031,na,na,704,1135,124
knapsack_n150m20o5b5_2.txt,SOCKnapsack,16,Restricted,500,false,max,601,0.00034,na,na,704,1135,124
knapsack_n150m20o5b5_2.txt,SOCKnapsack,16,Restricted,1000,false,max,601,0.00033,na,na,704,1135,124
knapsack_n150m20o5b5_2.txt,SOCKnapsack,16,Restricted,2000,false,max,601,0.00031,na,na,704,1135,124
knapsack_n150m20o5b5_2.txt,SOCKnapsack,16,Restricted,5000,false,max,601,0.00032,na,na,704,1135,124
knapsack_n150m20o5b5_2.txt,SOCKnapsack,16,Restricted,10000,false,max,601,0.00033,na,na,704,1135,124
knapsack_n150m20o5b5_2.txt,SOCKnapsack,16,Restricted,20000,false,max,601,0.00035,na,na,704,1135,124
knapsack_n150m20o5b5_2.txt,SOCKnapsack,16,Relaxed,500,false,max,601,0.00032,na,na,704,1135,124
knapsack_n150m20o5b5_2.txt,SOCKnapsack,16,Relaxed,1000,false,max,601,0.00031,na,na,704,1135,124
knapsack_n150m20o5b5_2.txt,SOCKnapsack,16,Relaxed,2000,false,max,601,0.00031,na,na,704,1135,124
knapsack_n150m20o5b5_2.txt,SOCKnapsack,16,Relaxed,5000,false,max,601,0.00031,na,na,704,1135,124
knapsack_n150m20o5b5_2.txt,SOCKnapsack,16,Relaxed,10000,false,max,601,0.00031,na,na,704,1135,124
knapsack_n150m20o5b5_2.txt,SOCKnapsack,16,Relaxed,20000,false,max,601,0.00031,na,na,704,1135,124
knapsack_n150m20o5b5_3.txt,SOCKnapsack,22,Exact,99999,false,max,877,0.10116,na,na,145246,228444,43251
knapsack_n150m20o5b5_3.txt,SOCKnapsack,22,Restricted,500,false,max,867,0.00266,na,na,8879,10029,865
knapsack_n150m20o5b5_3.txt,SOCKnapsack,22,Restricted,1000,false,max,877,0.00487,na,na,16051,18539,1813
knapsack_n150m20o5b5_3.txt,SOCKnapsack,22,Restricted,2000,false,max,877,0.00910,na,na,28247,33640,3245
knapsack_n150m20o5b5_3.txt,SOCKnapsack,22,Restricted,5000,false,max,877,0.02180,na,na,55836,69830,8107
knapsack_n150m20o5b5_3.txt,SOCKnapsack,22,Restricted,10000,false,max,877,0.03644,na,na,87612,114284,16168
knapsack_n150m20o5b5_3.txt,SOCKnapsack,22,Restricted,20000,false,max,877,0.06830,na,na,122724,170820,27075
knapsack_n150m20o5b5_3.txt,SOCKnapsack,22,Relaxed,500,false,max,891,0.00365,na,na,8874,12606,865
knapsack_n150m20o5b5_3.txt,SOCKnapsack,22,Relaxed,1000,false,max,877,0.00636,na,na,16046,23100,1812
knapsack_n150m20o5b5_3.txt,SOCKnapsack,22,Relaxed,2000,false,max,877,0.01137,na,na,28243,41285,3244
knapsack_n150m20o5b5_3.txt,SOCKnapsack,22,Relaxed,5000,false,max,877,0.03022,na,na,55837,83492,8107
knapsack_n150m20o5b5_3.txt,SOCKnapsack,22,Relaxed,10000,false,max,877,0.06443,na,na,87611,133135,16168
knapsack_n150m20o5b5_3.txt,SOCKnapsack,22,Relaxed,20000,false,max,877,0.10096,na,na,122725,189295,27075
knapsack_n150m20o5b5_4.txt,SOCKnapsack,34,Restricted,500,false,max,1216,0.00489,na,na,16818,18940,905
knapsack_n150m20o5b5_4.txt,SOCKnapsack,34,Restricted,1000,false,max,1266,0.00982,na,na,32705,37153,1820
knapsack_n150m20o5b5_4.txt,SOCKnapsack,34,Restricted,2000,false,max,1295,0.01939,na,na,62726,71903,3780
knapsack_n150m20o5b5_4.txt,SOCKnapsack,34,Restricted,5000,false,max,1333,0.05364,na,na,146907,171360,9602
knapsack_n150m20o5b5_4.txt,SOCKnapsack,34,Restricted,10000,false,max,1356,0.11778,na,na,278411,329805,18311
knapsack_n150m20o5b5_4.txt,SOCKnapsack,34,Restricted,20000,false,max,1378,0.29001,na,na,521959,634098,36987
knapsack_n150m20o5b5_4.txt,SOCKnapsack,34,Relaxed,500,false,max,1551,0.00609,na,na,16958,24337,905
knapsack_n150m20o5b5_4.txt,SOCKnapsack,34,Exact,99999,false,max,1378,10.56085,na,na,7613198,13253071,1132442
knapsack_n150m20o5b5_4.txt,SOCKnapsack,34,Relaxed,1000,false,max,1508,0.01217,na,na,32737,46354,1820
knapsack_n150m20o5b5_4.txt,SOCKnapsack,34,Relaxed,2000,false,max,1474,0.02511,na,na,62686,89167,3780
knapsack_n150m20o5b5_4.txt,SOCKnapsack,34,Relaxed,5000,false,max,1421,0.07265,na,na,146896,211533,9601
knapsack_n150m20o5b5_4.txt,SOCKnapsack,34,Relaxed,10000,false,max,1380,0.15839,na,na,278403,405362,18310
knapsack_n150m20o5b5_4.txt,SOCKnapsack,34,Relaxed,20000,false,max,1378,0.34976,na,na,521946,771436,36986
sequencing_atsp_br17_n16_seed1.txt,Sequencing,16,Restricted,500,false,min,4616,0.01266,na,na,20289,48528,3107
sequencing_atsp_br17_n16_seed1.txt,Sequencing,16,Exact,99999,false,min,4616,1.59833,na,na,524289,3932176,102960
sequencing_atsp_br17_n16_seed1.txt,Sequencing,16,Restricted,1000,false,min,4616,0.02629,na,na,37260,93078,5564
sequencing_atsp_br17_n16_seed1.txt,Sequencing,16,Restricted,2000,false,min,4616,0.05666,na,na,66751,177620,9660
sequencing_atsp_br17_n16_seed1.txt,Sequencing,16,Restricted,5000,false,min,4616,0.15218,na,na,135188,400342,19965
sequencing_atsp_br17_n16_seed1.txt,Sequencing,16,Restricted,10000,false,min,4616,0.31941,na,na,220033,733438,35398
sequencing_atsp_br17_n16_seed1.txt,Sequencing,16,Restricted,20000,false,min,4616,0.60163,na,na,335152,1323176,58040
sequencing_atsp_br17_n16_seed1.txt,Sequencing,16,Relaxed,500,false,min,4616,0.01800,na,na,22674,81991,3111
sequencing_atsp_br17_n16_seed1.txt,Sequencing,16,Relaxed,1000,false,min,4616,0.04531,na,na,42488,155281,5581
sequencing_atsp_br17_n16_seed1.txt,Sequencing,16,Relaxed,2000,false,min,4616,0.09124,na,na,76328,291260,9665
sequencing_atsp_br17_n16_seed1.txt,Sequencing,16,Relaxed,5000,false,min,4616,0.23242,na,na,157344,642759,19982
sequencing_atsp_br17_n16_seed1.txt,Sequencing,16,Relaxed,10000,false,min,4616,0.46836,na,na,242164,1075853,35415
sequencing_atsp_br17_n16_seed1.txt,Sequencing,16,Relaxed,20000,false,min,4616,0.89591,na,na,405128,1990723,58057
sequencing_atsp_br17_n16_seed2.txt,Sequencing,16,Restricted,500,false,min,4495,0.01172,na,na,22291,48388,3315
sequencing_atsp_br17_n16_seed2.txt,Sequencing,16,Exact,99999,false,min,4495,1.63492,na,na,524289,3932176,102960
sequencing_atsp_br17_n16_seed2.txt,Sequencing,16,Restricted,1000,false,min,4495,0.02452,na,na,39177,93082,5564
sequencing_atsp_br17_n16_seed2.txt,Sequencing,16,Restricted,2000,false,min,4495,0.05166,na,na,66229,177276,10296
sequencing_atsp_br17_n16_seed2.txt,Sequencing,16,Restricted,5000,false,min,4495,0.14699,na,na,129396,398306,20735
sequencing_atsp_br17_n16_seed2.txt,Sequencing,16,Restricted,10000,false,min,4495,0.33735,na,na,210158,729828,36410
sequencing_atsp_br17_n16_seed2.txt,Sequencing,16,Restricted,20000,false,min,4495,0.67066,na,na,322604,1316642,59800
sequencing_atsp_br17_n16_seed2.txt,Sequencing,16,Relaxed,500,false,min,4495,0.01998,na,na,24363,82745,3319
sequencing_atsp_br17_n16_seed2.txt,Sequencing,16,Relaxed,1000,false,min,4495,0.04212,na,na,41255,151194,5581
sequencing_atsp_br17_n16_seed2.txt,Sequencing,16,Relaxed,2000,false,min,4495,0.09622,na,na,75560,297319,10301
sequencing_atsp_br17_n16_seed2.txt,Sequencing,16,Relaxed,5000,false,min,4495,0.24054,na,na,138703,604618,20741
sequencing_atsp_br17_n16_seed2.txt,Sequencing,16,Relaxed,10000,false,min,4495,0.48066,na,na,241317,1126270,36427
sequencing_atsp_br17_n16_seed2.txt,Sequencing,16,Relaxed,20000,false,min,4495,0.85797,na,na,353745,1843626,59807
sequencing_atsp_br17_n16_seed3.txt,Sequencing,16,Exact,99999,false,min,4050,1.52119,na,na,524289,3932176,102960
sequencing_atsp_br17_n16_seed3.txt,Sequencing,16,Restricted,500,false,min,4050,0.01277,na,na,23040,48496,3146
sequencing_atsp_br17_n16_seed3.txt,Sequencing,16,Restricted,1000,false,min,4050,0.02578,na,na,40271,93052,5486
sequencing_atsp_br17_n16_seed3.txt,Sequencing,16,Restricted,2000,false,min,4050,0.05269,na,na,67948,177078,9816
sequencing_atsp_br17_n16_seed3.txt,Sequencing,16,Restricted,5000,false,min,4050,0.13608,na,na,131441,399448,20394
sequencing_atsp_br17_n16_seed3.txt,Sequencing,16,Restricted,10000,false,min,4050,0.29302,na,na,208102,730912,34309
sequencing_atsp_br17_n16_seed3.txt,Sequencing,16,Restricted,20000,false,min,4050,0.56803,na,na,314196,1318228,56210
sequencing_atsp_br17_n16_seed3.txt,Sequencing,16,Relaxed,500,false,min,4050,0.01835,na,na,25106,82459,3150
sequencing_atsp_br17_n16_seed3.txt,Sequencing,16,Relaxed,1000,false,min,4050,0.04093,na,na,45334,156135,5503
sequencing_atsp_br17_n16_seed3.txt,Sequencing,16,Relaxed,2000,false,min,4050,0.08785,na,na,77274,296125,9833
sequencing_atsp_br17_n16_seed3.txt,Sequencing,16,Relaxed,5000,false,min,4050,0.24063,na,na,153566,641523,20400
sequencing_atsp_br17_n16_seed3.txt,Sequencing,16,Relaxed,10000,false,min,4050,0.48274,na,na,239253,1124321,34326
sequencing_atsp_br17_n16_seed3.txt,Sequencing,16,Relaxed,20000,false,min,4050,0.99981,na,na,384173,1981165,56227
sequencing_atsp_br17_n16_seed4.txt,Sequencing,16,Restricted,500,false,min,4335,0.01197,na,na,22876,48716,3081
sequencing_atsp_br17_n16_seed4.txt,Sequencing,16,Exact,99999,false,min,4335,1.67119,na,na,524289,3932176,102960
sequencing_atsp_br17_n16_seed4.txt,Sequencing,16,Restricted,1000,false,min,4335,0.02502,na,na,39740,93182,5486
sequencing_atsp_br17_n16_seed4.txt,Sequencing,16,Restricted,2000,false,min,4335,0.05360,na,na,67820,177698,9876
sequencing_atsp_br17_n16_seed4.txt,Sequencing,16,Restricted,5000,false,min,4335,0.14580,na,na,133279,399714,20350
sequencing_atsp_br17_n16_seed4.txt,Sequencing,16,Restricted,10000,false,min,4335,0.31191,na,na,208652,732436,33880
sequencing_atsp_br17_n16_seed4.txt,Sequencing,16,Restricted,20000,false,min,4335,0.58598,na,na,312033,1318180,54790
sequencing_atsp_br17_n16_seed4.txt,Sequencing,16,Relaxed,500,false,min,4335,0.01983,na,na,26446,85177,3085
sequencing_atsp_br17_n16_seed4.txt,Sequencing,16,Relaxed,1000,false,min,4335,0.04132,na,na,47253,160791,5939
sequencing_atsp_br17_n16_seed4.txt,Sequencing,16,Relaxed,2000,false,min,4335,0.09233,na,na,80591,302804,9893
sequencing_atsp_br17_n16_seed4.txt,Sequencing,16,Relaxed,5000,false,min,4335,0.25658,na,na,152235,637293,20356
sequencing_atsp_br17_n16_seed4.txt,Sequencing,16,Relaxed,10000,false,min,4335,0.51751,na,na,254713,1171607,33897
sequencing_atsp_br17_n16_seed4.txt,Sequencing,16,Relaxed,20000,false,min,4335,0.92882,na,na,399676,2026099,58560
sequencing_atsp_br17_n16_seed5.txt,Sequencing,16,Restricted,500,false,min,4821,0.01187,na,na,23642,48658,3263
sequencing_atsp_br17_n16_seed5.txt,Sequencing,16,Exact,99999,false,min,4805,1.64482,na,na,524289,3932176,102960
sequencing_atsp_br17_n16_seed5.txt,Sequencing,16,Restricted,1000,false,min,4821,0.02427,na,na,40370,93280,5532
sequencing_atsp_br17_n16_seed5.txt,Sequencing,16,Restricted,2000,false,min,4821,0.04920,na,na,67043,177796,9852
sequencing_atsp_br17_n16_seed5.txt,Sequencing,16,Restricted,5000,false,min,4805,0.13479,na,na,128464,399754,19954
sequencing_atsp_br17_n16_seed5.txt,Sequencing,16,Restricted,10000,false,min,4805,0.31025,na,na,204903,729724,34133
sequencing_atsp_br17_n16_seed5.txt,Sequencing,16,Restricted,20000,false,min,4805,0.60725,na,na,312051,1317040,55090
sequencing_atsp_br17_n16_seed5.txt,Sequencing,16,Relaxed,500,false,min,4821,0.01922,na,na,25913,83551,3267
sequencing_atsp_br17_n16_seed5.txt,Sequencing,16,Relaxed,1000,false,min,4821,0.04245,na,na,42639,152095,5549
sequencing_atsp_br17_n16_seed5.txt,Sequencing,16,Relaxed,2000,false,min,4821,0.08841,na,na,70695,279338,9857
sequencing_atsp_br17_n16_seed5.txt,Sequencing,16,Relaxed,5000,false,min,4805,0.23899,na,na,143169,622860,19960
sequencing_atsp_br17_n16_seed5.txt,Sequencing,16,Relaxed,10000,false,min,4805,0.48637,na,na,260826,1196847,35678
sequencing_atsp_br17_n16_seed5.txt,Sequencing,16,Relaxed,20000,false,min,4805,0.88345,na,na,365270,1925951,55107
sequencing_atsp_ftv33_n33_seed1.txt,Sequencing,33,Restricted,500,false,min,92606,0.08088,na,na,190304,248749,11745
sequencing_atsp_ftv33_n33_seed1.txt,Sequencing,33,Restricted,1000,false,min,92329,0.20818,na,na,362261,496041,22464
sequencing_atsp_ftv33_n33_seed1.txt,Sequencing,33,Restricted,2000,false,min,91921,0.52597,na,na,675885,960991,41440
sequencing_atsp_ftv33_n33_seed1.txt,Sequencing,33,Restricted,5000,false,min,90645,1.94693,na,na,1568360,2349565,92016
sequencing_atsp_ftv33_n33_seed1.txt,Sequencing,33,Relaxed,500,false,min,92606,0.15571,na,na,198952,479461,11757
sequencing_atsp_ftv33_n33_seed1.txt,Sequencing,33,Restricted,10000,false,min,90645,4.58548,na,na,2978047,4659533,175756
sequencing_atsp_ftv33_n33_seed1.txt,Sequencing,33,Relaxed,1000,false,min,92329,0.37309,na,na,377788,954834,22476
sequencing_atsp_ftv33_n33_seed1.txt,Sequencing,33,Relaxed,2000,false,min,91921,1.02334,na,na,693985,1826181,41446
sequencing_atsp_ftv33_n33_seed1.txt,Sequencing,33,Relaxed,5000,false,min,90645,3.04411,na,na,1586589,4378922,92050
sequencing_atsp_ftv33_n33_seed1.txt,Sequencing,33,Restricted,20000,false,min,90645,10.91231,na,na,5608928,9161989,337750
sequencing_atsp_ftv33_n33_seed2.txt,Sequencing,33,Restricted,500,false,min,85683,0.08499,na,na,184496,248749,11286
sequencing_atsp_ftv33_n33_seed1.txt,Sequencing,33,Relaxed,10000,false,min,90645,6.94535,na,na,3124767,8892168,175762
sequencing_atsp_ftv33_n33_seed2.txt,Sequencing,33,Restricted,1000,false,min,85569,0.22059,na,na,352288,496187,21168
sequencing_atsp_ftv33_n33_seed2.txt,Sequencing,33,Restricted,2000,false,min,85569,0.58705,na,na,663088,960963,40339
sequencing_atsp_ftv33_n33_seed2.txt,Sequencing,33,Restricted,5000,false,min,84987,1.96461,na,na,1537468,2349393,94851
sequencing_atsp_ftv33_n33_seed2.txt,Sequencing,33,Restricted,10000,false,min,84987,4.58572,na,na,2902774,4661665,178360
sequencing_atsp_ftv33_n33_seed1.txt,Sequencing,33,Relaxed,20000,false,min,90645,15.52491,na,na,5790677,17247547,337759
sequencing_atsp_ftv33_n33_seed2.txt,Sequencing,33,Relaxed,500,false,min,85683,0.14002,na,na,187813,471574,11298
sequencing_atsp_ftv33_n33_seed2.txt,Sequencing,33,Relaxed,1000,false,min,85569,0.37623,na,na,369158,954305,21180
sequencing_atsp_ftv33_n33_seed2.txt,Sequencing,33,Relaxed,2000,false,min,85569,0.91105,na,na,682256,1819525,40344
sequencing_atsp_ftv33_n33_seed2.txt,Sequencing,33,Restricted,20000,false,min,84987,10.36844,na,na,5436385,9163047,340227
sequencing_atsp_ftv33_n33_seed2.txt,Sequencing,33,Relaxed,5000,false,min,84987,2.81736,na,na,1556164,4356208,94858
sequencing_atsp_ftv33_n33_seed2.txt,Sequencing,33,Relaxed,10000,false,min,84987,6.80445,na,na,3049551,8842987,178394
sequencing_atsp_ftv33_n33_seed3.txt,Sequencing,33,Restricted,500,false,min,121486,0.08317,na,na,185351,248815,11583
sequencing_atsp_ftv33_n33_seed3.txt,Sequencing,33,Restricted,1000,false,min,120548,0.21303,na,na,352857,496393,21700
sequencing_atsp_ftv33_n33_seed3.txt,Sequencing,33,Restricted,2000,false,min,120548,0.50546,na,na,656864,961259,41093
sequencing_atsp_ftv33_n33_seed3.txt,Sequencing,33,Restricted,5000,false,min,120548,1.83618,na,na,1515131,2349785,94136
sequencing_atsp_ftv33_n33_seed2.txt,Sequencing,33,Relaxed,20000,false,min,84987,15.14751,na,na,5618579,17129499,340234
sequencing_atsp_ftv33_n33_seed3.txt,Sequencing,33,Restricted,10000,false,min,120548,4.24364,na,na,2859898,4662561,175896
sequencing_atsp_ftv33_n33_seed3.txt,Sequencing,33,Relaxed,500,false,min,121486,0.14892,na,na,187031,468011,11590
sequencing_atsp_ftv33_n33_seed3.txt,Sequencing,33,Relaxed,1000,false,min,120548,0.37465,na,na,354656,927520,21706
sequencing_atsp_ftv33_n33_seed3.txt,Sequencing,33,Relaxed,2000,false,min,120548,0.91534,na,na,674972,1812887,41098
sequencing_atsp_ftv33_n33_seed3.txt,Sequencing,33,Restricted,20000,false,min,120548,10.03869,na,na,5349222,9166787,330512
sequencing_atsp_ftv33_n33_seed3.txt,Sequencing,33,Relaxed,5000,false,min,120548,2.90617,na,na,1533283,4340663,94142
sequencing_atsp_ftv33_n33_seed3.txt,Sequencing,33,Relaxed,10000,false,min,120548,6.36702,na,na,2878024,8513411,175930
sequencing_atsp_ftv33_n33_seed3.txt,Sequencing,33,Relaxed,20000,false,min,120548,14.64587,na,na,5530964,17062322,330520
sequencing_atsp_ftv33_n33_seed4.txt,Sequencing,33,Restricted,500,false,min,88834,0.09150,na,na,187295,248769,11388
sequencing_atsp_ftv33_n33_seed4.txt,Sequencing,33,Restricted,1000,false,min,88834,0.23779,na,na,356988,496005,21560
sequencing_atsp_ftv33_n33_seed4.txt,Sequencing,33,Restricted,2000,false,min,88834,0.62724,na,na,672492,960961,40542
sequencing_atsp_ftv33_n33_seed4.txt,Sequencing,33,Restricted,5000,false,min,88834,2.01909,na,na,1561890,2349919,94164
sequencing_atsp_ftv33_n33_seed4.txt,Sequencing,33,Restricted,10000,false,min,88834,4.76613,na,na,2953782,4662365,177120
sequencing_atsp_ftv33_n33_seed4.txt,Sequencing,33,Restricted,20000,false,min,88834,10.86745,na,na,5559624,9167159,341025
sequencing_atsp_ftv33_n33_seed4.txt,Sequencing,33,Relaxed,500,false,min,88834,0.16162,na,na,196727,480641,11406
sequencing_atsp_ftv33_n33_seed4.txt,Sequencing,33,Relaxed,1000,false,min,88834,0.38039,na,na,379572,960631,21566
sequencing_atsp_ftv33_n33_seed4.txt,Sequencing,33,Relaxed,2000,false,min,88834,1.01778,na,na,705921,1843436,40547
sequencing_atsp_ftv33_n33_seed4.txt,Sequencing,33,Relaxed,5000,false,min,88834,3.14065,na,na,1610527,4422239,94170
sequencing_atsp_ftv33_n33_seed4.txt,Sequencing,33,Relaxed,10000,false,min,88834,7.04280,na,na,3134676,8916708,177154
sequencing_atsp_ftv33_n33_seed4.txt,Sequencing,33,Relaxed,20000,false,min,88834,15.68948,na,na,5829371,17302580,341041
sequencing_atsp_ftv33_n33_seed5.txt,Sequencing,33,Restricted,500,false,min,117712,0.08442,na,na,185519,248509,11691
sequencing_atsp_ftv33_n33_seed5.txt,Sequencing,33,Restricted,1000,false,min,117712,0.21421,na,na,353312,495627,21654
sequencing_atsp_ftv33_n33_seed5.txt,Sequencing,33,Restricted,2000,false,min,117712,0.57504,na,na,659906,960491,40488
sequencing_atsp_ftv33_n33_seed5.txt,Sequencing,33,Restricted,5000,false,min,117712,1.90208,na,na,1540273,2347763,93798
sequencing_atsp_ftv33_n33_seed5.txt,Sequencing,33,Restricted,10000,false,min,117712,4.36600,na,na,2920107,4655517,178646
sequencing_atsp_ftv33_n33_seed5.txt,Sequencing,33,Relaxed,500,false,min,117712,0.15594,na,na,195818,479893,11698
sequencing_atsp_ftv33_n33_seed5.txt,Sequencing,33,Relaxed,1000,false,min,117712,0.40229,na,na,370018,950589,21661
sequencing_atsp_ftv33_n33_seed5.txt,Sequencing,33,Relaxed,2000,false,min,117712,0.93008,na,na,677962,1811056,40494
sequencing_atsp_ftv33_n33_seed5.txt,Sequencing,33,Restricted,20000,false,min,117712,10.30071,na,na,5481584,9156047,342300
sequencing_atsp_ftv33_n33_seed5.txt,Sequencing,33,Relaxed,5000,false,min,117712,3.10047,na,na,1640294,4501027,93832
sequencing_atsp_ftv33_n33_seed5.txt,Sequencing,33,Relaxed,10000,false,min,117712,6.58885,na,na,3070813,8814926,178654
sequencing_atsp_ftv35_n35_seed1.txt,Sequencing,35,Restricted,500,false,min,102124,0.10087,na,na,221963,281147,13050
sequencing_atsp_ftv35_n35_seed1.txt,Sequencing,35,Restricted,1000,false,min,102124,0.26509,na,na,421752,560889,24998
sequencing_atsp_ftv33_n33_seed5.txt,Sequencing,33,Relaxed,20000,false,min,117712,14.72041,na,na,5663347,17082351,342309
sequencing_atsp_ftv35_n35_seed1.txt,Sequencing,35,Restricted,2000,false,min,102124,0.67796,na,na,795662,1093459,46980
sequencing_atsp_ftv35_n35_seed1.txt,Sequencing,35,Restricted,5000,false,min,102124,2.37160,na,na,1850248,2671455,106710
sequencing_atsp_ftv35_n35_seed1.txt,Sequencing,35,Restricted,10000,false,min,102124,5.66152,na,na,3517622,5295053,200850
sequencing_atsp_ftv35_n35_seed1.txt,Sequencing,35,Relaxed,500,false,min,102124,0.20531,na,na,232196,545388,13057
sequencing_atsp_ftv35_n35_seed1.txt,Sequencing,35,Relaxed,1000,false,min,102124,0.46390,na,na,440169,1083014,25005
sequencing_atsp_ftv35_n35_seed1.txt,Sequencing,35,Relaxed,2000,false,min,102124,1.20396,na,na,817229,2088590,46986
sequencing_atsp_ftv35_n35_seed1.txt,Sequencing,35,Restricted,20000,false,min,102124,12.98605,na,na,6667148,10526077,384076
sequencing_atsp_ftv35_n35_seed1.txt,Sequencing,35,Relaxed,5000,false,min,102124,3.57322,na,na,1871755,5006294,106716
sequencing_atsp_ftv35_n35_seed1.txt,Sequencing,35,Relaxed,10000,false,min,102124,8.13424,na,na,3691398,10151724,200886
sequencing_atsp_ftv35_n35_seed2.txt,Sequencing,35,Restricted,500,false,min,123321,0.09027,na,na,218168,281395,12870
sequencing_atsp_ftv35_n35_seed2.txt,Sequencing,35,Restricted,1000,false,min,123321,0.24384,na,na,415733,561239,24614
sequencing_atsp_ftv35_n35_seed2.txt,Sequencing,35,Restricted,2000,false,min,123321,0.65244,na,na,783948,1093329,46230
sequencing_atsp_ftv35_n35_seed1.txt,Sequencing,35,Relaxed,20000,false,min,102124,18.14180,na,na,6897994,20009534,384083
sequencing_atsp_ftv35_n35_seed2.txt,Sequencing,35,Restricted,5000,false,min,123321,2.24245,na,na,1823258,2670325,107700
sequencing_atsp_ftv35_n35_seed2.txt,Sequencing,35,Restricted,10000,false,min,123321,5.48563,na,na,3458446,5293703,201600
sequencing_atsp_ftv35_n35_seed2.txt,Sequencing,35,Relaxed,500,false,min,123321,0.17396,na,na,220014,533131,12876
sequencing_atsp_ftv35_n35_seed2.txt,Sequencing,35,Relaxed,1000,false,min,123321,0.42687,na,na,433899,1082527,24619
sequencing_atsp_ftv35_n35_seed2.txt,Sequencing,35,Relaxed,2000,false,min,123321,1.20116,na,na,805608,2083600,46236
sequencing_atsp_ftv35_n35_seed2.txt,Sequencing,35,Restricted,20000,false,min,123321,12.57770,na,na,6556689,10521435,387904
sequencing_atsp_ftv35_n35_seed2.txt,Sequencing,35,Relaxed,5000,false,min,123321,3.45148,na,na,1844788,4988788,107736
sequencing_atsp_ftv35_n35_seed2.txt,Sequencing,35,Relaxed,10000,false,min,123321,7.93859,na,na,3632752,10119670,201636
sequencing_atsp_ftv35_n35_seed2.txt,Sequencing,35,Relaxed,20000,false,min,123321,17.84221,na,na,6787654,19935072,387911
sequencing_atsp_ftv35_n35_seed3.txt,Sequencing,35,Restricted,500,false,min,124863,0.09793,na,na,217718,281427,12750
sequencing_atsp_ftv35_n35_seed3.txt,Sequencing,35,Restricted,1000,false,min,124412,0.24021,na,na,414545,561281,24521
sequencing_atsp_ftv35_n35_seed3.txt,Sequencing,35,Restricted,2000,false,min,124412,0.65182,na,na,783238,1093941,46864
sequencing_atsp_ftv35_n35_seed3.txt,Sequencing,35,Restricted,5000,false,min,123496,2.28535,na,na,1822101,2671491,108330
sequencing_atsp_ftv35_n35_seed3.txt,Sequencing,35,Restricted,10000,false,min,123246,5.25757,na,na,3455089,5299793,203870
sequencing_atsp_ftv35_n35_seed3.txt,Sequencing,35,Restricted,20000,false,min,123246,12.07958,na,na,6541193,10533213,387846
sequencing_atsp_ftv35_n35_seed3.txt,Sequencing,35,Relaxed,500,false,min,124863,0.17804,na,na,219597,533483,12756
sequencing_atsp_ftv35_n35_seed3.txt,Sequencing,35,Relaxed,1000,false,min,124412,0.45180,na,na,431959,1082061,24526
sequencing_atsp_ftv35_n35_seed3.txt,Sequencing,35,Relaxed,2000,false,min,124412,1.11275,na,na,804749,2088004,46871
sequencing_atsp_ftv35_n35_seed3.txt,Sequencing,35,Relaxed,5000,false,min,123496,3.55445,na,na,1843648,5001814,108336
sequencing_atsp_ftv35_n35_seed3.txt,Sequencing,35,Relaxed,10000,false,min,123246,7.79488,na,na,3476496,9826479,203877
sequencing_atsp_ftv35_n35_seed3.txt,Sequencing,35,Relaxed,20000,false,min,123246,17.57459,na,na,6771881,19997212,387882
sequencing_atsp_ftv35_n35_seed4.txt,Sequencing,35,Restricted,500,false,min,157589,0.09754,na,na,214476,281479,12238
sequencing_atsp_ftv35_n35_seed4.txt,Sequencing,35,Restricted,1000,false,min,155535,0.23710,na,na,410262,561427,23640
sequencing_atsp_ftv35_n35_seed4.txt,Sequencing,35,Restricted,2000,false,min,154858,0.62493,na,na,781557,1094173,45229
sequencing_atsp_ftv35_n35_seed4.txt,Sequencing,35,Restricted,5000,false,min,154858,2.20794,na,na,1833339,2671997,105780
sequencing_atsp_ftv35_n35_seed4.txt,Sequencing,35,Restricted,10000,false,min,154858,5.26625,na,na,3491376,5300249,200400
sequencing_atsp_ftv35_n35_seed4.txt,Sequencing,35,Restricted,20000,false,min,154858,11.79412,na,na,6618024,10542877,383699
sequencing_atsp_ftv35_n35_seed4.txt,Sequencing,35,Relaxed,500,false,min,156848,0.18686,na,na,233958,563318,12255
sequencing_atsp_ftv35_n35_seed4.txt,Sequencing,35,Relaxed,1000,false,min,155535,0.46594,na,na,443133,1104298,23646
sequencing_atsp_ftv35_n35_seed4.txt,Sequencing,35,Relaxed,2000,false,min,154858,1.12837,na,na,826180,2121018,45234
sequencing_atsp_ftv35_n35_seed4.txt,Sequencing,35,Relaxed,5000,false,min,154858,3.25973,na,na,1881387,5061153,105786
sequencing_atsp_ftv35_n35_seed4.txt,Sequencing,35,Relaxed,10000,false,min,154858,7.75973,na,na,3583688,9989693,200436
sequencing_atsp_ftv35_n35_seed4.txt,Sequencing,35,Relaxed,20000,false,min,154858,17.27030,na,na,6983461,20203304,383706
sequencing_atsp_ftv35_n35_seed5.txt,Sequencing,35,Restricted,500,false,min,113413,0.10197,na,na,215180,281011,12210
sequencing_atsp_ftv35_n35_seed5.txt,Sequencing,35,Restricted,1000,false,min,113252,0.27542,na,na,412172,560693,24118
sequencing_atsp_ftv35_n35_seed5.txt,Sequencing,35,Restricted,2000,false,min,113252,0.71455,na,na,778133,1092791,45260
sequencing_atsp_ftv35_n35_seed5.txt,Sequencing,35,Restricted,5000,false,min,112733,2.32722,na,na,1820315,2667867,108300
sequencing_atsp_ftv35_n35_seed5.txt,Sequencing,35,Restricted,10000,false,min,112733,5.57981,na,na,3451078,5289671,204204
sequencing_atsp_ftv35_n35_seed5.txt,Sequencing,35,Restricted,20000,false,min,112733,12.52538,na,na,6513079,10516543,388658
sequencing_atsp_ftv35_n35_seed5.txt,Sequencing,35,Relaxed,500,false,min,113413,0.18620,na,na,226417,545204,12216
sequencing_atsp_ftv35_n35_seed5.txt,Sequencing,35,Relaxed,1000,false,min,113252,0.47973,na,na,431155,1080460,24123
sequencing_atsp_ftv35_n35_seed5.txt,Sequencing,35,Relaxed,2000,false,min,113252,1.18654,na,na,799692,2079258,45296
sequencing_atsp_ftv35_n35_seed5.txt,Sequencing,35,Relaxed,5000,false,min,112733,3.67027,na,na,1930356,5159996,108306
sequencing_atsp_ftv35_n35_seed5.txt,Sequencing,35,Relaxed,10000,false,min,112733,8.19982,na,na,3627230,10112485,204240
sequencing_atsp_ftv35_n35_seed5.txt,Sequencing,35,Relaxed,20000,false,min,112733,18.36991,na,na,6743838,19928953,388694
sequencing_atsp_ftv38_n38_seed1.txt,Sequencing,38,Restricted,500,false,min,144000,0.12189,na,na,252745,334154,13299
sequencing_atsp_ftv38_n38_seed1.txt,Sequencing,38,Restricted,1000,false,min,144000,0.31979,na,na,486648,666478,25696
sequencing_atsp_ftv38_n38_seed1.txt,Sequencing,38,Restricted,2000,false,min,143562,0.83725,na,na,919487,1309284,50193
sequencing_atsp_ftv38_n38_seed1.txt,Sequencing,38,Restricted,5000,false,min,143168,2.72246,na,na,2143609,3192382,113289
sequencing_atsp_ftv38_n38_seed1.txt,Sequencing,38,Restricted,10000,false,min,143168,6.59196,na,na,4087664,6328052,217600
sequencing_atsp_ftv38_n38_seed1.txt,Sequencing,38,Relaxed,500,false,min,144000,0.21207,na,na,254952,633860,13305
sequencing_atsp_ftv38_n38_seed1.txt,Sequencing,38,Relaxed,1000,false,min,144000,0.56295,na,na,507293,1284601,25709
sequencing_atsp_ftv38_n38_seed1.txt,Sequencing,38,Relaxed,2000,false,min,143562,1.38380,na,na,946992,2506677,50199
sequencing_atsp_ftv38_n38_seed1.txt,Sequencing,38,Relaxed,5000,false,min,143168,4.14510,na,na,2171254,5994817,113328
sequencing_atsp_ftv38_n38_seed1.txt,Sequencing,38,Restricted,20000,false,min,143168,15.25956,na,na,7779820,12590890,411488
sequencing_atsp_ftv38_n38_seed1.txt,Sequencing,38,Relaxed,10000,false,min,143168,9.83201,na,na,4300962,12133033,217607
sequencing_atsp_ftv38_n38_seed1.txt,Sequencing,38,Relaxed,20000,false,min,143168,22.10728,na,na,8084437,23942153,411527
sequencing_atsp_ftv38_n38_seed2.txt,Sequencing,38,Restricted,500,false,min,137142,0.11876,na,na,252450,334114,13140
sequencing_atsp_ftv38_n38_seed2.txt,Sequencing,38,Restricted,1000,false,min,136000,0.32224,na,na,480840,666376,25690
sequencing_atsp_ftv38_n38_seed2.txt,Sequencing,38,Restricted,2000,false,min,135184,0.84007,na,na,910617,1308858,49028
sequencing_atsp_ftv38_n38_seed2.txt,Sequencing,38,Restricted,5000,false,min,134736,2.79732,na,na,2145180,3191808,112846
sequencing_atsp_ftv38_n38_seed2.txt,Sequencing,38,Restricted,10000,false,min,134736,6.79663,na,na,4097305,6326338,218880
sequencing_atsp_ftv38_n38_seed2.txt,Sequencing,38,Relaxed,500,false,min,137142,0.21872,na,na,254762,635321,13179
sequencing_atsp_ftv38_n38_seed2.txt,Sequencing,38,Relaxed,1000,false,min,136000,0.57419,na,na,501474,1285964,25694
sequencing_atsp_ftv38_n38_seed2.txt,Sequencing,38,Relaxed,2000,false,min,135184,1.42536,na,na,938183,2506676,49033
sequencing_atsp_ftv38_n38_seed2.txt,Sequencing,38,Relaxed,5000,false,min,134736,4.26114,na,na,2172770,5996368,112851
sequencing_atsp_ftv38_n38_seed2.txt,Sequencing,38,Restricted,20000,false,min,134736,15.91856,na,na,7802998,12587572,418624
sequencing_atsp_ftv38_n38_seed2.txt,Sequencing,38,Relaxed,10000,false,min,134736,9.88161,na,na,4304700,12139837,218919
sequencing_atsp_ftv38_n38_seed2.txt,Sequencing,38,Relaxed,20000,false,min,134736,22.46378,na,na,8105876,23951823,418632
sequencing_atsp_ftv38_n38_seed3.txt,Sequencing,38,Restricted,500,false,min,155390,0.11801,na,na,250342,334158,13176
sequencing_atsp_ftv38_n38_seed3.txt,Sequencing,38,Restricted,1000,false,min,155316,0.31196,na,na,486236,666570,25340
sequencing_atsp_ftv38_n38_seed3.txt,Sequencing,38,Restricted,2000,false,min,155316,0.84486,na,na,922612,1309492,47974
sequencing_atsp_ftv38_n38_seed3.txt,Sequencing,38,Restricted,5000,false,min,154106,2.81188,na,na,2153399,3193392,111282
sequencing_atsp_ftv38_n38_seed3.txt,Sequencing,38,Restricted,10000,false,min,154106,6.54487,na,na,4107463,6332018,213568
sequencing_atsp_ftv38_n38_seed3.txt,Sequencing,38,Restricted,20000,false,min,154049,15.35289,na,na,7837266,12599130,404768
sequencing_atsp_ftv38_n38_seed3.txt,Sequencing,38,Relaxed,500,false,min,155390,0.20932,na,na,253273,634814,13179
sequencing_atsp_ftv38_n38_seed3.txt,Sequencing,38,Relaxed,1000,false,min,155316,0.55400,na,na,506849,1285512,25344
sequencing_atsp_ftv38_n38_seed3.txt,Sequencing,38,Relaxed,2000,false,min,155316,1.39882,na,na,950398,2509048,47979
sequencing_atsp_ftv38_n38_seed3.txt,Sequencing,38,Relaxed,5000,false,min,154106,4.16285,na,na,2180963,5997847,111287
sequencing_atsp_ftv38_n38_seed3.txt,Sequencing,38,Relaxed,10000,false,min,154106,9.76425,na,na,4306709,12090731,213575
sequencing_atsp_ftv38_n38_seed3.txt,Sequencing,38,Relaxed,20000,false,min,154049,22.31866,na,na,8134722,23953245,404807
sequencing_atsp_ftv38_n38_seed4.txt,Sequencing,38,Restricted,500,false,min,114574,0.11586,na,na,244935,333774,13176
sequencing_atsp_ftv38_n38_seed4.txt,Sequencing,38,Restricted,1000,false,min,114574,0.31211,na,na,469421,665852,25905
sequencing_atsp_ftv38_n38_seed4.txt,Sequencing,38,Restricted,2000,false,min,114574,0.81760,na,na,889802,1308414,49170
sequencing_atsp_ftv38_n38_seed4.txt,Sequencing,38,Restricted,5000,false,min,114574,2.73371,na,na,2071675,3190598,112064
sequencing_atsp_ftv38_n38_seed4.txt,Sequencing,38,Restricted,10000,false,min,114574,6.56177,na,na,3952509,6320074,215721
sequencing_atsp_ftv38_n38_seed4.txt,Sequencing,38,Restricted,20000,false,min,114574,15.53163,na,na,7532450,12577118,406528
sequencing_atsp_ftv38_n38_seed4.txt,Sequencing,38,Relaxed,500,false,min,114574,0.21452,na,na,258101,646995,13215
sequencing_atsp_ftv38_n38_seed4.txt,Sequencing,38,Relaxed,1000,false,min,114574,0.55252,na,na,491926,1281415,25911
sequencing_atsp_ftv38_n38_seed4.txt,Sequencing,38,Relaxed,2000,false,min,114574,1.38231,na,na,917348,2494066,49176
sequencing_atsp_ftv38_n38_seed4.txt,Sequencing,38,Relaxed,5000,false,min,114574,4.28729,na,na,2204372,6165686,112103
sequencing_atsp_ftv38_n38_seed4.txt,Sequencing,38,Relaxed,10000,false,min,114574,9.75195,na,na,4163690,12066544,215760
sequencing_atsp_ftv38_n38_seed4.txt,Sequencing,38,Relaxed,20000,false,min,114574,21.70418,na,na,7837978,23795145,406567
sequencing_atsp_ftv38_n38_seed5.txt,Sequencing,38,Restricted,500,false,min,153928,0.11862,na,na,252596,334158,13332
sequencing_atsp_ftv38_n38_seed5.txt,Sequencing,38,Restricted,1000,false,min,151898,0.30017,na,na,484003,666710,25942
sequencing_atsp_ftv38_n38_seed5.txt,Sequencing,38,Restricted,2000,false,min,151898,0.84829,na,na,918540,1309898,48992
sequencing_atsp_ftv38_n38_seed5.txt,Sequencing,38,Restricted,5000,false,min,151898,2.75985,na,na,2135534,3193366,114345
sequencing_atsp_ftv38_n38_seed5.txt,Sequencing,38,Restricted,10000,false,min,151898,6.62413,na,na,4065035,6331332,217344
sequencing_atsp_ftv38_n38_seed5.txt,Sequencing,38,Restricted,20000,false,min,151898,15.32268,na,na,7740622,12603818,415904
sequencing_atsp_ftv38_n38_seed5.txt,Sequencing,38,Relaxed,500,false,min,153928,0.22691,na,na,263976,649689,13338
sequencing_atsp_ftv38_n38_seed5.txt,Sequencing,38,Relaxed,1000,false,min,151898,0.54078,na,na,493954,1270742,25947
sequencing_atsp_ftv38_n38_seed5.txt,Sequencing,38,Relaxed,2000,false,min,151898,1.37290,na,na,951140,2518628,49031
sequencing_atsp_ftv38_n38_seed5.txt,Sequencing,38,Relaxed,5000,false,min,151898,4.10112,na,na,2166619,6003548,114351
sequencing_atsp_ftv38_n38_seed5.txt,Sequencing,38,Relaxed,10000,false,min,151898,9.40001,na,na,4095178,11783370,217351
sequencing_atsp_ftv38_n38_seed5.txt,Sequencing,38,Relaxed,20000,false,min,151898,22.52305,na,na,8038947,23957870,415911
sequencing_atsp_ftv44_n44_seed1.txt,Sequencing,44,Restricted,500,false,min,202261,0.19034,na,na,350446,453052,15840
sequencing_atsp_ftv44_n44_seed1.txt,Sequencing,44,Restricted,1000,false,min,200893,0.52752,na,na,676968,903988,30000
sequencing_atsp_ftv44_n44_seed1.txt,Sequencing,44,Restricted,2000,false,min,197360,1.31007,na,na,1319335,1800382,56160
sequencing_atsp_ftv44_n44_seed1.txt,Sequencing,44,Restricted,5000,false,min,197360,4.17598,na,na,3110993,4377472,137496
sequencing_atsp_ftv44_n44_seed1.txt,Sequencing,44,Restricted,10000,false,min,197360,9.88062,na,na,5970951,8670712,268668
sequencing_atsp_ftv44_n44_seed1.txt,Sequencing,44,Relaxed,500,false,min,202261,0.32130,na,na,363729,883723,15885
sequencing_atsp_ftv44_n44_seed1.txt,Sequencing,44,Relaxed,1000,false,min,200893,0.85798,na,na,702254,1757919,30005
sequencing_atsp_ftv44_n44_seed1.txt,Sequencing,44,Relaxed,2000,false,min,197360,2.11757,na,na,1361226,3497692,56165
sequencing_atsp_ftv44_n44_seed1.txt,Sequencing,44,Restricted,20000,false,min,197360,23.46233,na,na,11535927,17244950,528780
sequencing_atsp_ftv44_n44_seed1.txt,Sequencing,44,Relaxed,5000,false,min,197360,6.27962,na,na,3153734,8361380,137507
sequencing_atsp_ftv44_n44_seed1.txt,Sequencing,44,Relaxed,10000,false,min,197360,14.47415,na,na,6013697,16400432,268679
sequencing_atsp_ftv44_n44_seed1.txt,Sequencing,44,Relaxed,20000,false,min,197360,33.15672,na,na,11971945,33225791,528790
sequencing_atsp_ftv44_n44_seed2.txt,Sequencing,44,Restricted,500,false,min,183622,0.17324,na,na,355036,452850,15920
sequencing_atsp_ftv44_n44_seed2.txt,Sequencing,44,Restricted,1000,false,min,183622,0.46464,na,na,683457,903190,29930
sequencing_atsp_ftv44_n44_seed2.txt,Sequencing,44,Restricted,2000,false,min,183622,1.27379,na,na,1315251,1798834,56727
sequencing_atsp_ftv44_n44_seed2.txt,Sequencing,44,Restricted,5000,false,min,183138,4.15714,na,na,3106876,4368286,138584
sequencing_atsp_ftv44_n44_seed2.txt,Sequencing,44,Restricted,10000,false,min,183138,9.88741,na,na,6003579,8656886,271388
sequencing_atsp_ftv44_n44_seed2.txt,Sequencing,44,Relaxed,500,false,min,183622,0.32732,na,na,369774,885648,15925
sequencing_atsp_ftv44_n44_seed2.txt,Sequencing,44,Relaxed,1000,false,min,183622,0.83531,na,na,711887,1759839,29975
sequencing_atsp_ftv44_n44_seed2.txt,Sequencing,44,Relaxed,2000,false,min,183622,2.05910,na,na,1401600,3582292,56739
sequencing_atsp_ftv44_n44_seed2.txt,Sequencing,44,Relaxed,5000,false,min,183138,6.39609,na,na,3279121,8581676,138595
sequencing_atsp_ftv44_n44_seed2.txt,Sequencing,44,Restricted,20000,false,min,183138,23.21658,na,na,11623498,17223918,531522
sequencing_atsp_ftv44_n44_seed2.txt,Sequencing,44,Relaxed,10000,false,min,183138,14.73254,na,na,6281989,16781157,271399
sequencing_atsp_ftv44_n44_seed2.txt,Sequencing,44,Relaxed,20000,false,min,183138,33.49602,na,na,12068044,33125389,531533
sequencing_atsp_ftv44_n44_seed3.txt,Sequencing,44,Restricted,500,false,min,181492,0.16914,na,na,347777,452898,16072
sequencing_atsp_ftv44_n44_seed3.txt,Sequencing,44,Restricted,1000,false,min,180865,0.46195,na,na,669194,903406,29561
sequencing_atsp_ftv44_n44_seed3.txt,Sequencing,44,Restricted,2000,false,min,180865,1.23789,na,na,1292599,1799912,55309
sequencing_atsp_ftv44_n44_seed3.txt,Sequencing,44,Restricted,5000,false,min,180865,4.21381,na,na,3066452,4373442,131988
sequencing_atsp_ftv44_n44_seed3.txt,Sequencing,44,Restricted,10000,false,min,180104,9.81401,na,na,5927984,8661716,260505
sequencing_atsp_ftv44_n44_seed3.txt,Sequencing,44,Relaxed,500,false,min,181492,0.31913,na,na,362201,884653,16117
sequencing_atsp_ftv44_n44_seed3.txt,Sequencing,44,Relaxed,1000,false,min,180865,0.83654,na,na,695761,1758023,29565
sequencing_atsp_ftv44_n44_seed3.txt,Sequencing,44,Relaxed,2000,false,min,180865,2.10604,na,na,1334775,3491258,55313
sequencing_atsp_ftv44_n44_seed3.txt,Sequencing,44,Restricted,20000,false,min,179491,24.18123,na,na,11472800,17229564,510720
sequencing_atsp_ftv44_n44_seed3.txt,Sequencing,44,Relaxed,5000,false,min,180865,6.34750,na,na,3238753,8593124,131999
sequencing_atsp_ftv44_n44_seed3.txt,Sequencing,44,Relaxed,10000,false,min,180104,14.63684,na,na,6202423,16808554,260515
sequencing_atsp_ftv44_n44_seed3.txt,Sequencing,44,Relaxed,20000,false,min,179491,33.67469,na,na,11931169,33158984,510730
sequencing_atsp_ftv44_n44_seed4.txt,Sequencing,44,Restricted,500,false,min,185440,0.19606,na,na,355230,453166,15867
sequencing_atsp_ftv44_n44_seed4.txt,Sequencing,44,Restricted,1000,false,min,184439,0.52331,na,na,681213,904150,29397
sequencing_atsp_ftv44_n44_seed4.txt,Sequencing,44,Restricted,2000,false,min,184439,1.37062,na,na,1311833,1801090,54899
sequencing_atsp_ftv44_n44_seed4.txt,Sequencing,44,Restricted,5000,false,min,183426,4.35958,na,na,3079959,4377978,133110
sequencing_atsp_ftv44_n44_seed4.txt,Sequencing,44,Restricted,10000,false,min,183426,10.04694,na,na,5957045,8671218,262430
sequencing_atsp_ftv44_n44_seed4.txt,Sequencing,44,Relaxed,500,false,min,185440,0.32809,na,na,359901,873592,15871
sequencing_atsp_ftv44_n44_seed4.txt,Sequencing,44,Relaxed,1000,false,min,184439,0.88899,na,na,707279,1761131,29442
sequencing_atsp_ftv44_n44_seed4.txt,Sequencing,44,Relaxed,2000,false,min,184439,2.20524,na,na,1353626,3495944,54944
sequencing_atsp_ftv44_n44_seed4.txt,Sequencing,44,Restricted,20000,false,min,183426,24.37975,na,na,11522586,17249238,515830
sequencing_atsp_ftv44_n44_seed4.txt,Sequencing,44,Relaxed,5000,false,min,183426,6.69284,na,na,3124177,8357670,133197
sequencing_atsp_ftv44_n44_seed4.txt,Sequencing,44,Relaxed,10000,false,min,183426,14.88627,na,na,6001079,16395450,262447
sequencing_atsp_ftv44_n44_seed4.txt,Sequencing,44,Relaxed,20000,false,min,183426,33.76704,na,na,11957417,33224590,515891
sequencing_atsp_ftv44_n44_seed5.txt,Sequencing,44,Restricted,500,false,min,218822,0.18454,na,na,356957,453144,15908
sequencing_atsp_ftv44_n44_seed5.txt,Sequencing,44,Restricted,1000,false,min,217420,0.48717,na,na,690101,904110,29192
sequencing_atsp_ftv44_n44_seed5.txt,Sequencing,44,Restricted,2000,false,min,218822,1.23240,na,na,1323544,1800786,55840
sequencing_atsp_ftv44_n44_seed5.txt,Sequencing,44,Restricted,5000,false,min,217420,4.32088,na,na,3135382,4378676,136653
sequencing_atsp_ftv44_n44_seed5.txt,Sequencing,44,Restricted,10000,false,min,217420,10.29716,na,na,6100256,8672268,266574
sequencing_atsp_ftv44_n44_seed5.txt,Sequencing,44,Relaxed,500,false,min,218822,0.31903,na,na,360132,870873,15953
sequencing_atsp_ftv44_n44_seed5.txt,Sequencing,44,Relaxed,1000,false,min,217420,0.86549,na,na,714238,1757815,29237
sequencing_atsp_ftv44_n44_seed5.txt,Sequencing,44,Relaxed,2000,false,min,218822,2.05851,na,na,1364796,3495136,55853
sequencing_atsp_ftv44_n44_seed5.txt,Sequencing,44,Relaxed,5000,false,min,217420,6.45176,na,na,3178179,8366254,136665
sequencing_atsp_ftv44_n44_seed5.txt,Sequencing,44,Restricted,20000,false,min,216452,23.40395,na,na,11824313,17257886,524076
sequencing_atsp_ftv44_n44_seed5.txt,Sequencing,44,Relaxed,10000,false,min,217420,14.48417,na,na,6143026,16440209,266586
sequencing_atsp_ftv44_n44_seed5.txt,Sequencing,44,Relaxed,20000,false,min,216452,33.08881,na,na,11867296,32513326,524087
sequencing_atsp_ftv47_n47_seed1.txt,Sequencing,47,Restricted,500,false,min,213016,0.24137,na,na,449121,519385,18120
sequencing_atsp_ftv47_n47_seed1.txt,Sequencing,47,Restricted,1000,false,min,206346,0.66487,na,na,876657,1035987,34998
sequencing_atsp_ftv47_n47_seed1.txt,Sequencing,47,Restricted,2000,false,min,206346,1.73157,na,na,1692458,2068917,68921
sequencing_atsp_ftv47_n47_seed1.txt,Sequencing,47,Restricted,5000,false,min,206346,5.67139,na,na,4007286,5038979,167388
sequencing_atsp_ftv47_n47_seed1.txt,Sequencing,47,Restricted,10000,false,min,206346,13.34345,na,na,7732642,9970343,324520
sequencing_atsp_ftv47_n47_seed1.txt,Sequencing,47,Relaxed,500,false,min,213016,0.42305,na,na,452342,1006421,18128
sequencing_atsp_ftv47_n47_seed1.txt,Sequencing,47,Relaxed,1000,false,min,206346,1.22046,na,na,905289,2034857,35008
sequencing_atsp_ftv47_n47_seed1.txt,Sequencing,47,Relaxed,2000,false,min,206346,2.71164,na,na,1740281,4052920,68928
sequencing_atsp_ftv47_n47_seed1.txt,Sequencing,47,Relaxed,5000,false,min,206346,8.36302,na,na,4198158,10018102,167397
sequencing_atsp_ftv47_n47_seed1.txt,Sequencing,47,Restricted,20000,false,min,206346,31.21896,na,na,14849045,19825911,626145
sequencing_atsp_ftv47_n47_seed1.txt,Sequencing,47,Relaxed,10000,false,min,206346,19.33322,na,na,8040091,19585523,324568
sequencing_atsp_ftv47_n47_seed1.txt,Sequencing,47,Relaxed,20000,false,min,206346,44.02243,na,na,15322318,38636265,626154
sequencing_atsp_ftv47_n47_seed2.txt,Sequencing,47,Restricted,500,false,min,202238,0.25614,na,na,443882,519419,18174
sequencing_atsp_ftv47_n47_seed2.txt,Sequencing,47,Restricted,1000,false,min,200143,0.69390,na,na,869287,1036019,36000
sequencing_atsp_ftv47_n47_seed2.txt,Sequencing,47,Restricted,2000,false,min,197913,1.78891,na,na,1671733,2069413,70280
sequencing_atsp_ftv47_n47_seed2.txt,Sequencing,47,Restricted,5000,false,min,195417,5.79039,na,na,3965121,5039615,167690
sequencing_atsp_ftv47_n47_seed2.txt,Sequencing,47,Restricted,10000,false,min,194880,13.84793,na,na,7630454,9970787,321809
sequencing_atsp_ftv47_n47_seed2.txt,Sequencing,47,Relaxed,500,false,min,202238,0.41242,na,na,447345,1006508,18183
sequencing_atsp_ftv47_n47_seed2.txt,Sequencing,47,Relaxed,1000,false,min,200143,1.12662,na,na,896833,2034902,36008
sequencing_atsp_ftv47_n47_seed2.txt,Sequencing,47,Relaxed,2000,false,min,197913,2.79481,na,na,1721135,4054120,70328
sequencing_atsp_ftv47_n47_seed2.txt,Sequencing,47,Relaxed,5000,false,min,195417,8.45604,na,na,4017262,9732638,167697
sequencing_atsp_ftv47_n47_seed2.txt,Sequencing,47,Restricted,20000,false,min,194095,31.99022,na,na,14659143,19831559,620960
sequencing_atsp_ftv47_n47_seed2.txt,Sequencing,47,Relaxed,10000,false,min,194880,19.77297,na,na,7939450,19580120,321857
sequencing_atsp_ftv47_n47_seed2.txt,Sequencing,47,Relaxed,20000,false,min,194095,44.79057,na,na,15173938,38637086,620968
sequencing_atsp_ftv47_n47_seed3.txt,Sequencing,47,Restricted,500,false,min,221066,0.23258,na,na,437884,519111,18090
sequencing_atsp_ftv47_n47_seed3.txt,Sequencing,47,Restricted,1000,false,min,209432,0.66251,na,na,853310,1036213,34983
sequencing_atsp_ftv47_n47_seed3.txt,Sequencing,47,Restricted,2000,false,min,203884,1.70049,na,na,1657173,2069303,68450
sequencing_atsp_ftv47_n47_seed3.txt,Sequencing,47,Restricted,5000,false,min,203558,5.55715,na,na,3928359,5039631,167271
sequencing_atsp_ftv47_n47_seed3.txt,Sequencing,47,Restricted,10000,false,min,203558,13.52532,na,na,7557576,9974305,326534
sequencing_atsp_ftv47_n47_seed3.txt,Sequencing,47,Relaxed,500,false,min,221066,0.43104,na,na,453486,1022389,18138
sequencing_atsp_ftv47_n47_seed3.txt,Sequencing,47,Relaxed,1000,false,min,209432,1.17434,na,na,880675,2023907,35031
sequencing_atsp_ftv47_n47_seed3.txt,Sequencing,47,Relaxed,2000,false,min,203884,2.79283,na,na,1706386,4036008,68475
sequencing_atsp_ftv47_n47_seed3.txt,Sequencing,47,Relaxed,5000,false,min,203558,8.27773,na,na,3980276,9694348,167280
sequencing_atsp_ftv47_n47_seed3.txt,Sequencing,47,Restricted,20000,false,min,203558,31.72128,na,na,14516539,19837885,633308
sequencing_atsp_ftv47_n47_seed3.txt,Sequencing,47,Relaxed,10000,false,min,203558,19.40485,na,na,7876693,19510485,326544
sequencing_atsp_ftv47_n47_seed4.txt,Sequencing,47,Restricted,500,false,min,178271,0.25310,na,na,445302,519269,18240
sequencing_atsp_ftv47_n47_seed4.txt,Sequencing,47,Restricted,1000,false,min,178271,0.71899,na,na,871073,1036019,35880
sequencing_atsp_ftv47_n47_seed4.txt,Sequencing,47,Restricted,2000,false,min,178271,1.81124,na,na,1689365,2068835,70629
sequencing_atsp_ftv47_n47_seed3.txt,Sequencing,47,Relaxed,20000,false,min,203558,43.98701,na,na,15010564,38502496,633326
sequencing_atsp_ftv47_n47_seed4.txt,Sequencing,47,Restricted,5000,false,min,178271,5.96639,na,na,4005190,5037691,170480
sequencing_atsp_ftv47_n47_seed4.txt,Sequencing,47,Restricted,10000,false,min,177552,14.18293,na,na,7746453,9971655,331227
sequencing_atsp_ftv47_n47_seed4.txt,Sequencing,47,Relaxed,500,false,min,178271,0.46339,na,na,460393,1020553,18250
sequencing_atsp_ftv47_n47_seed4.txt,Sequencing,47,Relaxed,1000,false,min,178271,1.19612,na,na,901228,2028799,35896
sequencing_atsp_ftv47_n47_seed4.txt,Sequencing,47,Relaxed,2000,false,min,178271,2.89156,na,na,1738254,4043450,70638
sequencing_atsp_ftv47_n47_seed4.txt,Sequencing,47,Relaxed,5000,false,min,178271,8.87272,na,na,4196858,9992238,170488
sequencing_atsp_ftv47_n47_seed4.txt,Sequencing,47,Restricted,20000,false,min,177552,32.94487,na,na,14840625,19833061,639912
sequencing_atsp_ftv47_n47_seed4.txt,Sequencing,47,Relaxed,10000,false,min,177552,20.13167,na,na,8061536,19542026,331236
sequencing_atsp_ftv47_n47_seed4.txt,Sequencing,47,Relaxed,20000,false,min,177552,45.50653,na,na,15336780,38555326,639921
sequencing_atsp_ftv47_n47_seed5.txt,Sequencing,47,Restricted,500,false,min,173835,0.24577,na,na,425133,519375,18040
sequencing_atsp_ftv47_n47_seed5.txt,Sequencing,47,Restricted,1000,false,min,172370,0.67294,na,na,835218,1036033,35160
sequencing_atsp_ftv47_n47_seed5.txt,Sequencing,47,Restricted,2000,false,min,170181,1.76733,na,na,1644580,2068991,69840
sequencing_atsp_ftv47_n47_seed5.txt,Sequencing,47,Restricted,5000,false,min,170181,5.84478,na,na,3920211,5039165,167813
sequencing_atsp_ftv47_n47_seed5.txt,Sequencing,47,Restricted,10000,false,min,170181,14.36922,na,na,7592736,9974767,322842
sequencing_atsp_ftv47_n47_seed5.txt,Sequencing,47,Relaxed,500,false,min,173835,0.44911,na,na,440075,1015512,18088
sequencing_atsp_ftv47_n47_seed5.txt,Sequencing,47,Relaxed,1000,false,min,172370,1.16518,na,na,864391,2026348,35168
sequencing_atsp_ftv47_n47_seed5.txt,Sequencing,47,Relaxed,2000,false,min,170181,2.84454,na,na,1693409,4042149,69888
sequencing_atsp_ftv47_n47_seed5.txt,Sequencing,47,Relaxed,5000,false,min,170181,8.72961,na,na,3972523,9707497,167861
sequencing_atsp_ftv47_n47_seed5.txt,Sequencing,47,Restricted,20000,false,min,170181,33.61164,na,na,14637307,19830945,627237
sequencing_atsp_ftv47_n47_seed5.txt,Sequencing,47,Relaxed,10000,false,min,170181,20.42405,na,na,7906798,19564178,322851
sequencing_atsp_ftv47_n47_seed5.txt,Sequencing,47,Relaxed,20000,false,min,170181,46.09807,na,na,15137417,38596269,627285
sequencing_atsp_p43_n42_seed1.txt,Sequencing,42,Restricted,500,false,min,59265,0.13782,na,na,229444,411356,14400
sequencing_atsp_p43_n42_seed1.txt,Sequencing,42,Restricted,1000,false,min,58747,0.34324,na,na,438532,820536,24141
sequencing_atsp_p43_n42_seed1.txt,Sequencing,42,Restricted,2000,false,min,58141,0.86240,na,na,835088,1627360,46566
sequencing_atsp_p43_n42_seed1.txt,Sequencing,42,Restricted,5000,false,min,57947,2.71966,na,na,1883558,3960964,104481
sequencing_atsp_p43_n42_seed1.txt,Sequencing,42,Restricted,10000,false,min,57489,6.31696,na,na,3519088,7849624,189306
sequencing_atsp_p43_n42_seed1.txt,Sequencing,42,Relaxed,500,false,min,44287,0.43812,na,na,432913,1378105,14403
sequencing_atsp_p43_n42_seed1.txt,Sequencing,42,Relaxed,1000,false,min,45914,1.08031,na,na,796064,2705168,24145
sequencing_atsp_p43_n42_seed1.txt,Sequencing,42,Restricted,20000,false,min,56933,14.17494,na,na,6477580,15611482,331170
sequencing_atsp_p43_n42_seed1.txt,Sequencing,42,Relaxed,2000,false,min,47329,2.47066,na,na,1436692,5265783,46570
sequencing_atsp_p43_n42_seed1.txt,Sequencing,42,Relaxed,5000,false,min,49671,6.79471,na,na,3030228,12380945,104485
sequencing_atsp_p43_n42_seed1.txt,Sequencing,42,Relaxed,10000,false,min,50684,14.68653,na,na,5464341,23818243,189310
sequencing_atsp_p43_n42_seed1.txt,Sequencing,42,Relaxed,20000,false,min,51452,29.93339,na,na,9583150,43475760,331213
sequencing_atsp_p43_n42_seed2.txt,Sequencing,42,Restricted,500,false,min,52003,0.12955,na,na,212941,411256,14560
sequencing_atsp_p43_n42_seed2.txt,Sequencing,42,Restricted,1000,false,min,51626,0.32666,na,na,399679,820240,25350
sequencing_atsp_p43_n42_seed2.txt,Sequencing,42,Restricted,2000,false,min,51590,0.81307,na,na,746459,1627100,47775
sequencing_atsp_p43_n42_seed2.txt,Sequencing,42,Restricted,5000,false,min,51111,2.54449,na,na,1704750,3960710,104949
sequencing_atsp_p43_n42_seed2.txt,Sequencing,42,Restricted,10000,false,min,51111,5.96440,na,na,3208506,7848066,189969
sequencing_atsp_p43_n42_seed2.txt,Sequencing,42,Relaxed,500,false,min,45433,0.27331,na,na,261447,957963,14563
sequencing_atsp_p43_n42_seed2.txt,Sequencing,42,Relaxed,1000,false,min,45920,0.67585,na,na,505291,1910032,25393
sequencing_atsp_p43_n42_seed2.txt,Sequencing,42,Restricted,20000,false,min,50979,13.32439,na,na,6019046,15607234,329840
sequencing_atsp_p43_n42_seed2.txt,Sequencing,42,Relaxed,2000,false,min,42092,2.26571,na,na,1303632,5005150,47779
sequencing_atsp_p43_n42_seed2.txt,Sequencing,42,Relaxed,5000,false,min,42965,6.32712,na,na,2880077,11586585,104953
sequencing_atsp_p43_n42_seed2.txt,Sequencing,42,Relaxed,10000,false,min,45833,10.69637,na,na,3954775,18214766,190012
sequencing_atsp_p43_n42_seed2.txt,Sequencing,42,Relaxed,20000,false,min,46549,23.47473,na,na,7528804,36016625,329883
sequencing_atsp_p43_n42_seed3.txt,Sequencing,42,Restricted,500,false,min,61124,0.14847,na,na,241797,411298,14520
sequencing_atsp_p43_n42_seed3.txt,Sequencing,42,Restricted,1000,false,min,61103,0.37895,na,na,452202,820512,25818
sequencing_atsp_p43_n42_seed3.txt,Sequencing,42,Restricted,2000,false,min,61103,0.94143,na,na,831817,1627328,48594
sequencing_atsp_p43_n42_seed3.txt,Sequencing,42,Restricted,5000,false,min,61078,2.82887,na,na,1854933,3960646,105495
sequencing_atsp_p43_n42_seed3.txt,Sequencing,42,Restricted,10000,false,min,61078,6.44577,na,na,3442717,7848254,190788
sequencing_atsp_p43_n42_seed3.txt,Sequencing,42,Restricted,20000,false,min,61017,14.34150,na,na,6359390,15607906,340556
sequencing_atsp_p43_n42_seed3.txt,Sequencing,42,Relaxed,500,false,min,59666,0.32005,na,na,301461,1017725,14563
sequencing_atsp_p43_n42_seed3.txt,Sequencing,42,Relaxed,1000,false,min,61435,0.82407,na,na,596324,1995469,25822
sequencing_atsp_p43_n42_seed3.txt,Sequencing,42,Relaxed,2000,false,min,62014,1.87001,na,na,1089096,3884425,48637
sequencing_atsp_p43_n42_seed3.txt,Sequencing,42,Relaxed,5000,false,min,60410,5.28582,na,na,2261505,9254232,105499
sequencing_atsp_p43_n42_seed3.txt,Sequencing,42,Relaxed,10000,false,min,62505,12.13842,na,na,4482782,18394381,190792
sequencing_atsp_p43_n42_seed3.txt,Sequencing,42,Relaxed,20000,false,min,62750,25.54787,na,na,8203602,36147131,340599
sequencing_atsp_p43_n42_seed4.txt,Sequencing,42,Restricted,500,false,min,66053,0.13887,na,na,240310,411370,14640
sequencing_atsp_p43_n42_seed4.txt,Sequencing,42,Restricted,1000,false,min,65300,0.34116,na,na,442750,820566,25896
sequencing_atsp_p43_n42_seed4.txt,Sequencing,42,Restricted,2000,false,min,65300,0.87097,na,na,845630,1627344,49179
sequencing_atsp_p43_n42_seed4.txt,Sequencing,42,Restricted,5000,false,min,65267,2.73517,na,na,1934257,3960420,105222
sequencing_atsp_p43_n42_seed4.txt,Sequencing,42,Restricted,10000,false,min,65257,6.49748,na,na,3679810,7848416,198588
sequencing_atsp_p43_n42_seed4.txt,Sequencing,42,Restricted,20000,false,min,65087,14.98281,na,na,6933808,15616868,354122
sequencing_atsp_p43_n42_seed4.txt,Sequencing,42,Relaxed,500,false,min,61973,0.48441,na,na,465928,1317534,14643
sequencing_atsp_p43_n42_seed4.txt,Sequencing,42,Relaxed,1000,false,min,61140,0.95738,na,na,710105,2189719,25900
sequencing_atsp_p43_n42_seed4.txt,Sequencing,42,Relaxed,2000,false,min,61738,2.06127,na,na,1239903,4090707,49183
sequencing_atsp_p43_n42_seed4.txt,Sequencing,42,Relaxed,5000,false,min,62048,5.79721,na,na,2695984,9580826,105227
sequencing_atsp_p43_n42_seed4.txt,Sequencing,42,Relaxed,10000,false,min,62428,12.79681,na,na,5014090,18666268,198631
sequencing_atsp_p43_n42_seed4.txt,Sequencing,42,Relaxed,20000,false,min,62720,27.53327,na,na,9315823,36686795,354127
sequencing_atsp_p43_n42_seed5.txt,Sequencing,42,Restricted,500,false,min,45681,0.12830,na,na,212056,411222,14280
sequencing_atsp_p43_n42_seed5.txt,Sequencing,42,Restricted,1000,false,min,45172,0.33293,na,na,403232,820508,26130
sequencing_atsp_p43_n42_seed5.txt,Sequencing,42,Restricted,2000,false,min,44962,0.83324,na,na,757334,1627424,48360
sequencing_atsp_p43_n42_seed5.txt,Sequencing,42,Restricted,5000,false,min,44644,2.61384,na,na,1712185,3960616,102144
sequencing_atsp_p43_n42_seed5.txt,Sequencing,42,Restricted,10000,false,min,44367,5.99779,na,na,3232078,7845096,190827
sequencing_atsp_p43_n42_seed5.txt,Sequencing,42,Restricted,20000,false,min,44003,13.53973,na,na,6068427,15606990,342000
sequencing_atsp_p43_n42_seed5.txt,Sequencing,42,Relaxed,500,false,min,45681,0.24134,na,na,238761,819438,14323
sequencing_atsp_p43_n42_seed5.txt,Sequencing,42,Relaxed,1000,false,min,45172,0.58383,na,na,452184,1630203,26496
sequencing_atsp_p43_n42_seed5.txt,Sequencing,42,Relaxed,2000,false,min,44962,1.40512,na,na,838270,3188496,51460
sequencing_atsp_p43_n42_seed5.txt,Sequencing,42,Relaxed,5000,false,min,44644,4.24832,na,na,1901019,7907700,102187
sequencing_atsp_p43_n42_seed5.txt,Sequencing,42,Relaxed,10000,false,min,44367,9.44964,na,na,3650037,15498559,219630
sequencing_atsp_p43_n42_seed5.txt,Sequencing,42,Relaxed,20000,false,min,44003,20.83730,na,na,6805510,30810650,342043
sequencing_atsp_ry48p_n47_seed1.txt,Sequencing,47,Restricted,500,false,min,1401688,0.16924,na,na,342704,519369,15800
sequencing_atsp_ry48p_n47_seed1.txt,Sequencing,47,Restricted,1000,false,min,1401688,0.42030,na,na,651007,1036341,30912
sequencing_atsp_ry48p_n47_seed1.txt,Sequencing,47,Restricted,2000,false,min,1401688,1.04445,na,na,1233608,2069585,58380
sequencing_atsp_ry48p_n47_seed1.txt,Sequencing,47,Restricted,5000,false,min,1399470,3.10091,na,na,2820742,5039943,135030
sequencing_atsp_ry48p_n47_seed1.txt,Sequencing,47,Restricted,10000,false,min,1399470,7.08132,na,na,5323412,9977667,249060
sequencing_atsp_ry48p_n47_seed1.txt,Sequencing,47,Restricted,20000,false,min,1399470,16.41292,na,na,10101709,19848377,457842
sequencing_atsp_ry48p_n47_seed1.txt,Sequencing,47,Relaxed,500,false,min,1401688,0.32830,na,na,346452,995022,15840
sequencing_atsp_ry48p_n47_seed1.txt,Sequencing,47,Relaxed,1000,false,min,1401688,0.77946,na,na,678392,2009692,30918
sequencing_atsp_ry48p_n47_seed1.txt,Sequencing,47,Relaxed,2000,false,min,1401688,1.87675,na,na,1279120,4001551,58386
sequencing_atsp_ry48p_n47_seed1.txt,Sequencing,47,Relaxed,5000,false,min,1399470,5.37310,na,na,2872810,9591742,135036
sequencing_atsp_ry48p_n47_seed1.txt,Sequencing,47,Relaxed,10000,false,min,1399470,11.73706,na,na,5375792,18809866,249066
sequencing_atsp_ry48p_n47_seed1.txt,Sequencing,47,Relaxed,20000,false,min,1399470,26.75704,na,na,10548117,38091794,457848
sequencing_atsp_ry48p_n47_seed2.txt,Sequencing,47,Restricted,500,false,min,1566713,0.16497,na,na,340619,519321,15867
sequencing_atsp_ry48p_n47_seed2.txt,Sequencing,47,Restricted,1000,false,min,1566713,0.41088,na,na,649474,1035965,30828
sequencing_atsp_ry48p_n47_seed2.txt,Sequencing,47,Restricted,2000,false,min,1566713,1.02453,na,na,1233691,2069041,58674
sequencing_atsp_ry48p_n47_seed2.txt,Sequencing,47,Restricted,5000,false,min,1543418,3.29015,na,na,2808058,5037693,136038
sequencing_atsp_ry48p_n47_seed2.txt,Sequencing,47,Restricted,10000,false,min,1538835,6.96646,na,na,5287623,9969903,249354
sequencing_atsp_ry48p_n47_seed2.txt,Sequencing,47,Restricted,20000,false,min,1538835,16.05790,na,na,10034366,19828957,459228
sequencing_atsp_ry48p_n47_seed2.txt,Sequencing,47,Relaxed,500,false,min,1566713,0.32007,na,na,354031,1008756,15874
sequencing_atsp_ry48p_n47_seed2.txt,Sequencing,47,Relaxed,1000,false,min,1566713,0.77909,na,na,676023,2006938,30876
sequencing_atsp_ry48p_n47_seed2.txt,Sequencing,47,Relaxed,2000,false,min,1566713,1.89165,na,na,1280266,3998467,58680
sequencing_atsp_ry48p_n47_seed2.txt,Sequencing,47,Relaxed,5000,false,min,1543418,5.52502,na,na,2979373,9866810,136044
sequencing_atsp_ry48p_n47_seed2.txt,Sequencing,47,Relaxed,10000,false,min,1538835,11.85144,na,na,5562273,19270635,249360
sequencing_atsp_ry48p_n47_seed2.txt,Sequencing,47,Relaxed,20000,false,min,1538835,26.37223,na,na,10473894,38004403,459234
sequencing_atsp_ry48p_n47_seed3.txt,Sequencing,47,Restricted,500,false,min,1769577,0.16170,na,na,336589,519379,15876
sequencing_atsp_ry48p_n47_seed3.txt,Sequencing,47,Restricted,1000,false,min,1766764,0.41257,na,na,643866,1035949,30744
sequencing_atsp_ry48p_n47_seed3.txt,Sequencing,47,Restricted,2000,false,min,1766764,1.02091,na,na,1228208,2069137,58758
sequencing_atsp_ry48p_n47_seed3.txt,Sequencing,47,Restricted,5000,false,min,1766764,3.02159,na,na,2824310,5039637,136584
sequencing_atsp_ry48p_n47_seed3.txt,Sequencing,47,Restricted,10000,false,min,1766764,6.97889,na,na,5319627,9976341,248934
sequencing_atsp_ry48p_n47_seed3.txt,Sequencing,47,Restricted,20000,false,min,1766764,15.92684,na,na,10096892,19836863,456498
sequencing_atsp_ry48p_n47_seed3.txt,Sequencing,47,Relaxed,500,false,min,1769577,0.31176,na,na,345869,1035366,15885
sequencing_atsp_ry48p_n47_seed3.txt,Sequencing,47,Relaxed,1000,false,min,1766764,0.75173,na,na,674574,2055320,30754
sequencing_atsp_ry48p_n47_seed3.txt,Sequencing,47,Relaxed,2000,false,min,1766764,1.86193,na,na,1283695,4051396,58852
sequencing_atsp_ry48p_n47_seed3.txt,Sequencing,47,Relaxed,5000,false,min,1766764,5.47411,na,na,2883213,9649355,136590
sequencing_atsp_ry48p_n47_seed3.txt,Sequencing,47,Relaxed,10000,false,min,1766764,12.05103,na,na,5603623,19367350,248982
sequencing_atsp_ry48p_n47_seed3.txt,Sequencing,47,Relaxed,20000,false,min,1766764,26.44473,na,na,10646653,38127418,497321
sequencing_atsp_ry48p_n47_seed4.txt,Sequencing,47,Restricted,500,false,min,1453457,0.16248,na,na,341309,519187,15960
sequencing_atsp_ry48p_n47_seed4.txt,Sequencing,47,Restricted,1000,false,min,1451370,0.39765,na,na,649245,1035641,31038
sequencing_atsp_ry48p_n47_seed4.txt,Sequencing,47,Restricted,2000,false,min,1451370,0.99010,na,na,1228673,2068627,58590
sequencing_atsp_ry48p_n47_seed4.txt,Sequencing,47,Restricted,5000,false,min,1450931,3.05924,na,na,2823832,5036769,135492
sequencing_atsp_ry48p_n47_seed4.txt,Sequencing,47,Restricted,10000,false,min,1450931,7.12301,na,na,5279438,9967501,246834
sequencing_atsp_ry48p_n47_seed4.txt,Sequencing,47,Restricted,20000,false,min,1450931,16.36652,na,na,10080908,19825629,458094
sequencing_atsp_ry48p_n47_seed4.txt,Sequencing,47,Relaxed,500,false,min,1453457,0.32388,na,na,358613,1018352,15966
sequencing_atsp_ry48p_n47_seed4.txt,Sequencing,47,Relaxed,1000,false,min,1451370,0.79027,na,na,676578,2013397,31044
sequencing_atsp_ry48p_n47_seed4.txt,Sequencing,47,Relaxed,2000,false,min,1451370,1.91877,na,na,1275824,4004206,58638
sequencing_atsp_ry48p_n47_seed4.txt,Sequencing,47,Relaxed,5000,false,min,1450931,5.57946,na,na,3001769,9889109,135498
sequencing_atsp_ry48p_n47_seed4.txt,Sequencing,47,Relaxed,10000,false,min,1450931,12.15248,na,na,5541696,19294522,246882
sequencing_atsp_ry48p_n47_seed4.txt,Sequencing,47,Relaxed,20000,false,min,1450931,26.99605,na,na,10561537,38052856,458142
sequencing_atsp_ry48p_n47_seed5.txt,Sequencing,47,Restricted,500,false,min,1623741,0.16759,na,na,348389,519435,15662
sequencing_atsp_ry48p_n47_seed5.txt,Sequencing,47,Restricted,1000,false,min,1619564,0.41227,na,na,662393,1036483,30534
sequencing_atsp_ry48p_n47_seed5.txt,Sequencing,47,Restricted,2000,false,min,1619564,1.04253,na,na,1260603,2070265,58296
sequencing_atsp_ry48p_n47_seed5.txt,Sequencing,47,Restricted,5000,false,min,1619564,3.15984,na,na,2896197,5042159,133945
sequencing_atsp_ry48p_n47_seed5.txt,Sequencing,47,Restricted,10000,false,min,1619564,7.05304,na,na,5455415,9980805,245280
sequencing_atsp_ry48p_n47_seed5.txt,Sequencing,47,Relaxed,500,false,min,1623741,0.32519,na,na,353458,1011558,15710
sequencing_atsp_ry48p_n47_seed5.txt,Sequencing,47,Restricted,20000,false,min,1590876,16.44863,na,na,10166792,19843169,453138
sequencing_atsp_ry48p_n47_seed5.txt,Sequencing,47,Relaxed,1000,false,min,1619564,0.80174,na,na,688516,2009052,30540
sequencing_atsp_ry48p_n47_seed5.txt,Sequencing,47,Relaxed,2000,false,min,1619564,1.89578,na,na,1304379,4006054,58344
sequencing_atsp_ry48p_n47_seed5.txt,Sequencing,47,Relaxed,5000,false,min,1619564,5.59806,na,na,2948454,9626832,133950
sequencing_atsp_ry48p_n47_seed5.txt,Sequencing,47,Relaxed,10000,false,min,1619564,11.79254,na,na,5507761,18881192,245328
sequencing_atsp_ry48p_n47_seed5.txt,Sequencing,47,Relaxed,20000,false,min,1590876,26.62395,na,na,10725616,38047272,506473
