File_name,Problem type,Variables number,DD Type,Max Width,Is Reduced,Objective Type,Optimization Value,Construction Time,Reduce Time,Solution Time,Number Node,Number Arcs,Actual Max Width
f1_l-d_kp_10_269,Knapsack,10,Exact,99999,false,max,295,0.00021,na,na,726,926,196
f1_l-d_kp_10_269,Knapsack,10,Restricted,500,false,max,295,0.00020,na,na,726,926,196
f1_l-d_kp_10_269,Knapsack,10,Restricted,1000,false,max,295,0.00021,na,na,726,926,196
f1_l-d_kp_10_269,Knapsack,10,Restricted,2000,false,max,295,0.00021,na,na,726,926,196
f1_l-d_kp_10_269,Knapsack,10,Restricted,5000,false,max,295,0.00021,na,na,726,926,196
f1_l-d_kp_10_269,Knapsack,10,Restricted,10000,false,max,295,0.00021,na,na,726,926,196
f1_l-d_kp_10_269,Knapsack,10,Restricted,20000,false,max,295,0.00021,na,na,726,926,196
f1_l-d_kp_10_269,Knapsack,10,Relaxed,500,false,max,295,0.00022,na,na,726,926,196
f1_l-d_kp_10_269,Knapsack,10,Relaxed,1000,false,max,295,0.00021,na,na,726,926,196
f1_l-d_kp_10_269,Knapsack,10,Relaxed,2000,false,max,295,0.00021,na,na,726,926,196
f1_l-d_kp_10_269,Knapsack,10,Relaxed,5000,false,max,295,0.00021,na,na,726,926,196
f1_l-d_kp_10_269,Knapsack,10,Relaxed,10000,false,max,295,0.00021,na,na,726,926,196
f1_l-d_kp_10_269,Knapsack,10,Relaxed,20000,false,max,295,0.00021,na,na,726,926,196
f2_l-d_kp_20_878,Knapsack,20,Exact,99999,false,max,1024,0.00232,na,na,8435,14984,852
f2_l-d_kp_20_878,Knapsack,20,Restricted,500,false,max,1024,0.00171,na,na,6467,11062,586
f2_l-d_kp_20_878,Knapsack,20,Restricted,1000,false,max,1024,0.00232,na,na,8435,14984,852
f2_l-d_kp_20_878,Knapsack,20,Restricted,2000,false,max,1024,0.00233,na,na,8435,14984,852
f2_l-d_kp_20_878,Knapsack,20,Restricted,5000,false,max,1024,0.00233,na,na,8435,14984,852
f2_l-d_kp_20_878,Knapsack,20,Restricted,10000,false,max,1024,0.00233,na,na,8435,14984,852
f2_l-d_kp_20_878,Knapsack,20,Restricted,20000,false,max,1024,0.00235,na,na,8435,14984,852
f2_l-d_kp_20_878,Knapsack,20,Relaxed,500,false,max,1024,0.00206,na,na,6493,11474,588
f2_l-d_kp_20_878,Knapsack,20,Relaxed,1000,false,max,1024,0.00232,na,na,8435,14984,852
f2_l-d_kp_20_878,Knapsack,20,Relaxed,2000,false,max,1024,0.00234,na,na,8435,14984,852
f2_l-d_kp_20_878,Knapsack,20,Relaxed,5000,false,max,1024,0.00232,na,na,8435,14984,852
f2_l-d_kp_20_878,Knapsack,20,Relaxed,10000,false,max,1024,0.00234,na,na,8435,14984,852
f2_l-d_kp_20_878,Knapsack,20,Relaxed,20000,false,max,1024,0.00232,na,na,8435,14984,852
f3_l-d_kp_4_20,Knapsack,4,Exact,99999,false,max,35,0.00001,na,na,28,27,13
f3_l-d_kp_4_20,Knapsack,4,Restricted,500,false,max,35,0.00001,na,na,28,27,13
f3_l-d_kp_4_20,Knapsack,4,Restricted,1000,false,max,35,0.00002,na,na,28,27,13
f3_l-d_kp_4_20,Knapsack,4,Restricted,2000,false,max,35,0.00001,na,na,28,27,13
f3_l-d_kp_4_20,Knapsack,4,Restricted,5000,false,max,35,0.00001,na,na,28,27,13
f3_l-d_kp_4_20,Knapsack,4,Restricted,10000,false,max,35,0.00002,na,na,28,27,13
f3_l-d_kp_4_20,Knapsack,4,Restricted,20000,false,max,35,0.00001,na,na,28,27,13
f3_l-d_kp_4_20,Knapsack,4,Relaxed,500,false,max,35,0.00001,na,na,28,27,13
f3_l-d_kp_4_20,Knapsack,4,Relaxed,1000,false,max,35,0.00001,na,na,28,27,13
f3_l-d_kp_4_20,Knapsack,4,Relaxed,2000,false,max,35,0.00002,na,na,28,27,13
f3_l-d_kp_4_20,Knapsack,4,Relaxed,5000,false,max,35,0.00002,na,na,28,27,13
f3_l-d_kp_4_20,Knapsack,4,Relaxed,10000,false,max,35,0.00001,na,na,28,27,13
f3_l-d_kp_4_20,Knapsack,4,Relaxed,20000,false,max,35,0.00001,na,na,28,27,13
f4_l-d_kp_4_11,Knapsack,4,Exact,99999,false,max,23,0.00001,na,na,22,22,9
f4_l-d_kp_4_11,Knapsack,4,Restricted,500,false,max,23,0.00001,na,na,22,22,9
f4_l-d_kp_4_11,Knapsack,4,Restricted,1000,false,max,23,0.00001,na,na,22,22,9
f4_l-d_kp_4_11,Knapsack,4,Restricted,2000,false,max,23,0.00001,na,na,22,22,9
f4_l-d_kp_4_11,Knapsack,4,Restricted,5000,false,max,23,0.00001,na,na,22,22,9
f4_l-d_kp_4_11,Knapsack,4,Restricted,10000,false,max,23,0.00001,na,na,22,22,9
f4_l-d_kp_4_11,Knapsack,4,Restricted,20000,false,max,23,0.00002,na,na,22,22,9
f4_l-d_kp_4_11,Knapsack,4,Relaxed,500,false,max,23,0.00002,na,na,22,22,9
f4_l-d_kp_4_11,Knapsack,4,Relaxed,1000,false,max,23,0.00001,na,na,22,22,9
f4_l-d_kp_4_11,Knapsack,4,Relaxed,2000,false,max,23,0.00001,na,na,22,22,9
f4_l-d_kp_4_11,Knapsack,4,Relaxed,5000,false,max,23,0.00001,na,na,22,22,9
f4_l-d_kp_4_11,Knapsack,4,Relaxed,10000,false,max,23,0.00001,na,na,22,22,9
f4_l-d_kp_4_11,Knapsack,4,Relaxed,20000,false,max,23,0.00001,na,na,22,22,9
f6_l-d_kp_10_60,Knapsack,10,Exact,99999,false,max,52,0.00010,na,na,277,415,60
f6_l-d_kp_10_60,Knapsack,10,Restricted,500,false,max,52,0.00010,na,na,277,415,60
f6_l-d_kp_10_60,Knapsack,10,Restricted,1000,false,max,52,0.00010,na,na,277,415,60
f6_l-d_kp_10_60,Knapsack,10,Restricted,2000,false,max,52,0.00010,na,na,277,415,60
f6_l-d_kp_10_60,Knapsack,10,Restricted,5000,false,max,52,0.00011,na,na,277,415,60
f6_l-d_kp_10_60,Knapsack,10,Restricted,10000,false,max,52,0.00010,na,na,277,415,60
f6_l-d_kp_10_60,Knapsack,10,Restricted,20000,false,max,52,0.00010,na,na,277,415,60
f6_l-d_kp_10_60,Knapsack,10,Relaxed,500,false,max,52,0.00010,na,na,277,415,60
f6_l-d_kp_10_60,Knapsack,10,Relaxed,1000,false,max,52,0.00010,na,na,277,415,60
f6_l-d_kp_10_60,Knapsack,10,Relaxed,2000,false,max,52,0.00010,na,na,277,415,60
f6_l-d_kp_10_60,Knapsack,10,Relaxed,5000,false,max,52,0.00011,na,na,277,415,60
f6_l-d_kp_10_60,Knapsack,10,Relaxed,10000,false,max,52,0.00011,na,na,277,415,60
f6_l-d_kp_10_60,Knapsack,10,Relaxed,20000,false,max,52,0.00010,na,na,277,415,60
f7_l-d_kp_7_50,Knapsack,7,Exact,99999,false,max,107,0.00004,na,na,121,146,42
f7_l-d_kp_7_50,Knapsack,7,Restricted,500,false,max,107,0.00005,na,na,121,146,42
f7_l-d_kp_7_50,Knapsack,7,Restricted,1000,false,max,107,0.00004,na,na,121,146,42
f7_l-d_kp_7_50,Knapsack,7,Restricted,2000,false,max,107,0.00004,na,na,121,146,42
f7_l-d_kp_7_50,Knapsack,7,Restricted,5000,false,max,107,0.00004,na,na,121,146,42
f7_l-d_kp_7_50,Knapsack,7,Restricted,10000,false,max,107,0.00005,na,na,121,146,42
f7_l-d_kp_7_50,Knapsack,7,Restricted,20000,false,max,107,0.00004,na,na,121,146,42
f7_l-d_kp_7_50,Knapsack,7,Relaxed,500,false,max,107,0.00004,na,na,121,146,42
f7_l-d_kp_7_50,Knapsack,7,Relaxed,1000,false,max,107,0.00004,na,na,121,146,42
f7_l-d_kp_7_50,Knapsack,7,Relaxed,2000,false,max,107,0.00004,na,na,121,146,42
f7_l-d_kp_7_50,Knapsack,7,Relaxed,5000,false,max,107,0.00004,na,na,121,146,42
f7_l-d_kp_7_50,Knapsack,7,Relaxed,10000,false,max,107,0.00004,na,na,121,146,42
f7_l-d_kp_7_50,Knapsack,7,Relaxed,20000,false,max,107,0.00004,na,na,121,146,42
f8_l-d_kp_23_10000,Knapsack,23,Exact,99999,false,max,9767,0.00376,na,na,13672,22667,1783
f8_l-d_kp_23_10000,Knapsack,23,Restricted,500,false,max,9767,0.00190,na,na,7639,12198,586
f8_l-d_kp_23_10000,Knapsack,23,Restricted,1000,false,max,9767,0.00288,na,na,11833,19445,1138
f8_l-d_kp_23_10000,Knapsack,23,Restricted,2000,false,max,9767,0.00373,na,na,13672,22667,1783
f8_l-d_kp_23_10000,Knapsack,23,Restricted,5000,false,max,9767,0.00383,na,na,13672,22667,1783
f8_l-d_kp_23_10000,Knapsack,23,Restricted,10000,false,max,9767,0.00387,na,na,13672,22667,1783
f8_l-d_kp_23_10000,Knapsack,23,Restricted,20000,false,max,9767,0.00383,na,na,13672,22667,1783
f8_l-d_kp_23_10000,Knapsack,23,Relaxed,500,false,max,11497,0.00226,na,na,7710,12804,588
f8_l-d_kp_23_10000,Knapsack,23,Relaxed,1000,false,max,9767,0.00353,na,na,11842,19983,1140
f8_l-d_kp_23_10000,Knapsack,23,Relaxed,2000,false,max,9767,0.00383,na,na,13672,22667,1783
f8_l-d_kp_23_10000,Knapsack,23,Relaxed,5000,false,max,9767,0.00382,na,na,13672,22667,1783
f8_l-d_kp_23_10000,Knapsack,23,Relaxed,10000,false,max,9767,0.00376,na,na,13672,22667,1783
f8_l-d_kp_23_10000,Knapsack,23,Relaxed,20000,false,max,9767,0.00382,na,na,13672,22667,1783
f9_l-d_kp_5_80,Knapsack,5,Exact,99999,false,max,130,0.00002,na,na,61,60,30
f9_l-d_kp_5_80,Knapsack,5,Restricted,500,false,max,130,0.00002,na,na,61,60,30
f9_l-d_kp_5_80,Knapsack,5,Restricted,1000,false,max,130,0.00002,na,na,61,60,30
f9_l-d_kp_5_80,Knapsack,5,Restricted,2000,false,max,130,0.00002,na,na,61,60,30
f9_l-d_kp_5_80,Knapsack,5,Restricted,5000,false,max,130,0.00002,na,na,61,60,30
f9_l-d_kp_5_80,Knapsack,5,Restricted,10000,false,max,130,0.00002,na,na,61,60,30
f9_l-d_kp_5_80,Knapsack,5,Restricted,20000,false,max,130,0.00002,na,na,61,60,30
f9_l-d_kp_5_80,Knapsack,5,Relaxed,500,false,max,130,0.00002,na,na,61,60,30
f9_l-d_kp_5_80,Knapsack,5,Relaxed,1000,false,max,130,0.00002,na,na,61,60,30
f9_l-d_kp_5_80,Knapsack,5,Relaxed,2000,false,max,130,0.00002,na,na,61,60,30
f9_l-d_kp_5_80,Knapsack,5,Relaxed,5000,false,max,130,0.00002,na,na,61,60,30
f9_l-d_kp_5_80,Knapsack,5,Relaxed,10000,false,max,130,0.00002,na,na,61,60,30
f9_l-d_kp_5_80,Knapsack,5,Relaxed,20000,false,max,130,0.00002,na,na,61,60,30
f10_l-d_kp_20_879,Knapsack,20,Exact,99999,false,max,1025,0.00223,na,na,8146,14395,853
f10_l-d_kp_20_879,Knapsack,20,Restricted,500,false,max,1025,0.00171,na,na,6392,10905,586
f10_l-d_kp_20_879,Knapsack,20,Restricted,1000,false,max,1025,0.00226,na,na,8146,14395,853
f10_l-d_kp_20_879,Knapsack,20,Restricted,2000,false,max,1025,0.00225,na,na,8146,14395,853
f10_l-d_kp_20_879,Knapsack,20,Restricted,5000,false,max,1025,0.00227,na,na,8146,14395,853
f10_l-d_kp_20_879,Knapsack,20,Restricted,10000,false,max,1025,0.00224,na,na,8146,14395,853
f10_l-d_kp_20_879,Knapsack,20,Restricted,20000,false,max,1025,0.00227,na,na,8146,14395,853
f10_l-d_kp_20_879,Knapsack,20,Relaxed,500,false,max,1025,0.00204,na,na,6413,11315,588
f10_l-d_kp_20_879,Knapsack,20,Relaxed,1000,false,max,1025,0.00226,na,na,8146,14395,853
f10_l-d_kp_20_879,Knapsack,20,Relaxed,2000,false,max,1025,0.00225,na,na,8146,14395,853
f10_l-d_kp_20_879,Knapsack,20,Relaxed,5000,false,max,1025,0.00225,na,na,8146,14395,853
f10_l-d_kp_20_879,Knapsack,20,Relaxed,10000,false,max,1025,0.00226,na,na,8146,14395,853
f10_l-d_kp_20_879,Knapsack,20,Relaxed,20000,false,max,1025,0.00221,na,na,8146,14395,853
knapPI_1_100_1000_1,Knapsack,100,Exact,99999,false,max,9147,0.01760,na,na,69924,97670,901
knapPI_1_100_1000_1,Knapsack,100,Restricted,500,false,max,9147,0.00836,na,na,43037,52914,568
knapPI_1_100_1000_1,Knapsack,100,Restricted,1000,false,max,9147,0.01696,na,na,69924,97670,901
knapPI_1_100_1000_1,Knapsack,100,Restricted,2000,false,max,9147,0.01777,na,na,69924,97670,901
knapPI_1_100_1000_1,Knapsack,100,Restricted,5000,false,max,9147,0.01779,na,na,69924,97670,901
knapPI_1_100_1000_1,Knapsack,100,Restricted,10000,false,max,9147,0.01697,na,na,69924,97670,901
knapPI_1_100_1000_1,Knapsack,100,Restricted,20000,false,max,9147,0.01752,na,na,69924,97670,901
knapPI_1_100_1000_1,Knapsack,100,Relaxed,500,false,max,9590,0.01062,na,na,43365,53991,569
knapPI_1_100_1000_1,Knapsack,100,Relaxed,1000,false,max,9147,0.01812,na,na,69924,97670,901
knapPI_1_100_1000_1,Knapsack,100,Relaxed,2000,false,max,9147,0.01681,na,na,69924,97670,901
knapPI_1_100_1000_1,Knapsack,100,Relaxed,5000,false,max,9147,0.01744,na,na,69924,97670,901
knapPI_1_100_1000_1,Knapsack,100,Relaxed,10000,false,max,9147,0.01691,na,na,69924,97670,901
knapPI_1_100_1000_1,Knapsack,100,Relaxed,20000,false,max,9147,0.01723,na,na,69924,97670,901
knapPI_1_200_1000_1,Knapsack,200,Exact,99999,false,max,11238,0.04252,na,na,166220,238701,969
knapPI_1_200_1000_1,Knapsack,200,Restricted,500,false,max,11238,0.01692,na,na,93217,115475,577
knapPI_1_200_1000_1,Knapsack,200,Restricted,1000,false,max,11238,0.04023,na,na,166220,238701,969
knapPI_1_200_1000_1,Knapsack,200,Restricted,2000,false,max,11238,0.04009,na,na,166220,238701,969
knapPI_1_200_1000_1,Knapsack,200,Restricted,5000,false,max,11238,0.03881,na,na,166220,238701,969
knapPI_1_200_1000_1,Knapsack,200,Restricted,10000,false,max,11238,0.04044,na,na,166220,238701,969
knapPI_1_200_1000_1,Knapsack,200,Restricted,20000,false,max,11238,0.04144,na,na,166220,238701,969
knapPI_1_200_1000_1,Knapsack,200,Relaxed,500,false,max,14876,0.02226,na,na,94216,117777,578
knapPI_1_200_1000_1,Knapsack,200,Relaxed,1000,false,max,11238,0.04013,na,na,166220,238701,969
knapPI_1_200_1000_1,Knapsack,200,Relaxed,2000,false,max,11238,0.04004,na,na,166220,238701,969
knapPI_1_200_1000_1,Knapsack,200,Relaxed,5000,false,max,11238,0.04062,na,na,166220,238701,969
knapPI_1_200_1000_1,Knapsack,200,Relaxed,10000,false,max,11238,0.03956,na,na,166220,238701,969
knapPI_1_200_1000_1,Knapsack,200,Relaxed,20000,false,max,11238,0.04096,na,na,166220,238701,969
knapPI_1_500_1000_1,Knapsack,500,Exact,99999,false,max,28857,0.41239,na,na,1213594,2170114,2536
knapPI_1_500_1000_1,Knapsack,500,Restricted,500,false,max,22287,0.04221,na,na,247960,305311,828
knapPI_1_500_1000_1,Knapsack,500,Restricted,1000,false,max,25935,0.08928,na,na,492557,728965,1330
knapPI_1_500_1000_1,Knapsack,500,Restricted,2000,false,max,28857,0.19035,na,na,977676,1698570,2112
knapPI_1_500_1000_1,Knapsack,500,Restricted,5000,false,max,28857,0.41085,na,na,1213594,2170114,2536
knapPI_1_500_1000_1,Knapsack,500,Restricted,10000,false,max,28857,0.41388,na,na,1213594,2170114,2536
knapPI_1_500_1000_1,Knapsack,500,Restricted,20000,false,max,28857,0.41350,na,na,1213594,2170114,2536
knapPI_1_500_1000_1,Knapsack,500,Relaxed,500,false,max,107082,0.06961,na,na,278450,366578,830
knapPI_1_500_1000_1,Knapsack,500,Relaxed,1000,false,max,85447,0.14905,na,na,512216,758312,1332
knapPI_1_500_1000_1,Knapsack,500,Relaxed,2000,false,max,37859,0.34627,na,na,980922,1702264,2113
knapPI_1_500_1000_1,Knapsack,500,Relaxed,5000,false,max,28857,0.40797,na,na,1213594,2170114,2536
knapPI_1_500_1000_1,Knapsack,500,Relaxed,10000,false,max,28857,0.40914,na,na,1213594,2170114,2536
knapPI_1_500_1000_1,Knapsack,500,Relaxed,20000,false,max,28857,0.41357,na,na,1213594,2170114,2536
knapPI_1_1000_1000_1,Knapsack,1000,Restricted,500,false,max,31769,0.08151,na,na,500539,617918,898
knapPI_1_1000_1000_1,Knapsack,1000,Exact,99999,false,max,54503,2.01079,na,na,4913799,9318236,4999
knapPI_1_1000_1000_1,Knapsack,1000,Restricted,1000,false,max,38746,0.17447,na,na,996612,1483926,1705
knapPI_1_1000_1000_1,Knapsack,1000,Restricted,2000,false,max,46141,0.37738,na,na,1985187,3459652,2772
knapPI_1_1000_1000_1,Knapsack,1000,Restricted,5000,false,max,54503,2.02310,na,na,4913799,9318236,4999
knapPI_1_1000_1000_1,Knapsack,1000,Restricted,10000,false,max,54503,2.08277,na,na,4913799,9318236,4999
knapPI_1_1000_1000_1,Knapsack,1000,Relaxed,500,false,max,352782,0.17042,na,na,665591,932021,922
knapPI_1_1000_1000_1,Knapsack,1000,Restricted,20000,false,max,54503,2.09246,na,na,4913799,9318236,4999
knapPI_1_1000_1000_1,Knapsack,1000,Relaxed,1000,false,max,328930,0.34937,na,na,1182695,1765051,1706
knapPI_1_1000_1000_1,Knapsack,1000,Relaxed,2000,false,max,279224,0.79881,na,na,2107040,3589501,2775
knapPI_1_1000_1000_1,Knapsack,1000,Relaxed,5000,false,max,54503,2.04393,na,na,4913799,9318236,4999
knapPI_1_1000_1000_1,Knapsack,1000,Relaxed,10000,false,max,54503,2.09932,na,na,4913799,9318236,4999
knapPI_1_1000_1000_1,Knapsack,1000,Relaxed,20000,false,max,54503,2.09390,na,na,4913799,9318236,4999
knapPI_1_2000_1000_1,Knapsack,2000,Restricted,500,false,max,45673,0.15704,na,na,1004623,1243158,949
knapPI_1_2000_1000_1,Knapsack,2000,Restricted,1000,false,max,55484,0.33916,na,na,2003467,2983077,1773
knapPI_1_2000_1000_1,Knapsack,2000,Restricted,2000,false,max,69293,0.74525,na,na,3993701,6958756,3073
knapPI_1_2000_1000_1,Knapsack,2000,Restricted,5000,false,max,91486,2.76946,na,na,9948893,18876521,5985
knapPI_1_2000_1000_1,Knapsack,2000,Exact,99999,false,max,110625,9.59592,na,na,19848776,38676979,10012
knapPI_1_2000_1000_1,Knapsack,2000,Relaxed,500,false,max,888429,0.38921,na,na,1549131,2278394,995
knapPI_1_2000_1000_1,Knapsack,2000,Relaxed,1000,false,max,870779,0.79374,na,na,2814418,4318575,1874
knapPI_1_2000_1000_1,Knapsack,2000,Restricted,10000,false,max,110625,6.93753,na,na,19834913,38649257,10004
knapPI_1_2000_1000_1,Knapsack,2000,Relaxed,2000,false,max,842963,1.75991,na,na,4939426,8283441,3346
knapPI_1_2000_1000_1,Knapsack,2000,Restricted,20000,false,max,110625,10.35062,na,na,19848776,38676979,10012
knapPI_1_2000_1000_1,Knapsack,2000,Relaxed,5000,false,max,728542,5.20341,na,na,10562223,19524838,5987
knapPI_1_5000_1000_1,Knapsack,5000,Restricted,500,false,max,74514,0.38519,na,na,2517564,3114087,956
knapPI_1_5000_1000_1,Knapsack,5000,Restricted,1000,false,max,90027,0.84063,na,na,5024932,7482536,1780
knapPI_1_5000_1000_1,Knapsack,5000,Restricted,2000,false,max,111101,1.88788,na,na,10019959,17458272,3077
knapPI_1_2000_1000_1,Knapsack,2000,Relaxed,10000,false,max,110625,11.74714,na,na,19834936,38649290,10005
knapPI_1_2000_1000_1,Knapsack,2000,Relaxed,20000,false,max,110625,10.76305,na,na,19848776,38676979,10012
knapPI_1_5000_1000_1,Knapsack,5000,Relaxed,500,false,max,2433861,1.09397,na,na,4319213,6559032,997
knapPI_1_5000_1000_1,Knapsack,5000,Restricted,5000,false,max,155082,7.33309,na,na,24966118,47375737,5996
knapPI_1_5000_1000_1,Knapsack,5000,Relaxed,1000,false,max,2426242,2.25106,na,na,7934685,12482384,1920
knapPI_1_5000_1000_1,Knapsack,5000,Relaxed,2000,false,max,2413326,4.87633,na,na,13651059,23113962,3542
knapPI_1_5000_1000_1,Knapsack,5000,Restricted,10000,false,max,202678,18.77595,na,na,49868762,97185091,10995
knapPI_1_5000_1000_1,Knapsack,5000,Relaxed,5000,false,max,2357632,14.05107,na,na,27613398,51598217,6374
knapPI_1_5000_1000_1,Knapsack,5000,Restricted,20000,false,max,263245,44.61966,na,na,99533416,196514729,20923
knapPI_1_5000_1000_1,Knapsack,5000,Relaxed,10000,false,max,2272156,32.30349,na,na,54342890,102117305,12714
knapPI_1_10000_1000_1,Knapsack,10000,Restricted,500,false,max,109855,0.76791,na,na,5036257,6245496,969
knapPI_1_10000_1000_1,Knapsack,10000,Restricted,1000,false,max,131907,1.68299,na,na,10054840,14996191,1787
knapPI_1_10000_1000_1,Knapsack,10000,Restricted,2000,false,max,162448,3.81445,na,na,20055733,34971877,3083
knapPI_1_10000_1000_1,Knapsack,10000,Restricted,5000,false,max,225392,15.00334,na,na,49991914,94889596,5996
knapPI_1_5000_1000_1,Knapsack,5000,Exact,99999,false,max,276457,83.09064,na,na,124350394,246149231,25017
knapPI_1_10000_1000_1,Knapsack,10000,Relaxed,500,false,max,4960878,2.34565,na,na,9032393,13797437,997
knapPI_1_5000_1000_1,Knapsack,5000,Relaxed,20000,false,max,1838650,65.42261,na,na,101064487,198127720,21131
knapPI_1_10000_1000_1,Knapsack,10000,Relaxed,1000,false,max,4956307,4.87588,na,na,16837639,26424525,1952
knapPI_1_10000_1000_1,Knapsack,10000,Restricted,10000,false,max,300851,37.49198,na,na,99893735,194698945,10995
knapPI_1_10000_1000_1,Knapsack,10000,Relaxed,2000,false,max,4949203,10.46942,na,na,28795478,48358683,3609
knapPI_1_10000_1000_1,Knapsack,10000,Relaxed,5000,false,max,4923965,29.21914,na,na,55985148,105116658,6849
knapPI_2_100_1000_1,Knapsack,100,Exact,99999,false,max,1514,0.01797,na,na,69924,97670,901
knapPI_2_100_1000_1,Knapsack,100,Restricted,500,false,max,1493,0.00855,na,na,42886,52855,564
knapPI_2_100_1000_1,Knapsack,100,Restricted,1000,false,max,1514,0.01797,na,na,69924,97670,901
knapPI_2_100_1000_1,Knapsack,100,Restricted,2000,false,max,1514,0.01873,na,na,69924,97670,901
knapPI_2_100_1000_1,Knapsack,100,Restricted,5000,false,max,1514,0.01868,na,na,69924,97670,901
knapPI_2_100_1000_1,Knapsack,100,Restricted,10000,false,max,1514,0.01871,na,na,69924,97670,901
knapPI_2_100_1000_1,Knapsack,100,Restricted,20000,false,max,1514,0.01807,na,na,69924,97670,901
knapPI_2_100_1000_1,Knapsack,100,Relaxed,500,false,max,2649,0.01083,na,na,43301,53896,565
knapPI_2_100_1000_1,Knapsack,100,Relaxed,1000,false,max,1514,0.01835,na,na,69924,97670,901
knapPI_2_100_1000_1,Knapsack,100,Relaxed,2000,false,max,1514,0.01871,na,na,69924,97670,901
knapPI_2_100_1000_1,Knapsack,100,Relaxed,5000,false,max,1514,0.01811,na,na,69924,97670,901
knapPI_2_100_1000_1,Knapsack,100,Relaxed,10000,false,max,1514,0.01855,na,na,69924,97670,901
knapPI_2_100_1000_1,Knapsack,100,Relaxed,20000,false,max,1514,0.01899,na,na,69924,97670,901
knapPI_2_200_1000_1,Knapsack,200,Exact,99999,false,max,1634,0.04496,na,na,166220,238701,969
knapPI_2_200_1000_1,Knapsack,200,Restricted,500,false,max,1556,0.01706,na,na,93065,115411,577
knapPI_2_200_1000_1,Knapsack,200,Restricted,1000,false,max,1634,0.04472,na,na,166220,238701,969
knapPI_2_200_1000_1,Knapsack,200,Restricted,2000,false,max,1634,0.04535,na,na,166220,238701,969
knapPI_1_10000_1000_1,Knapsack,10000,Restricted,20000,false,max,401922,85.57582,na,na,199558178,394028570,20992
knapPI_2_200_1000_1,Knapsack,200,Restricted,5000,false,max,1634,0.04552,na,na,166220,238701,969
knapPI_2_200_1000_1,Knapsack,200,Restricted,10000,false,max,1634,0.04509,na,na,166220,238701,969
knapPI_1_10000_1000_1,Knapsack,10000,Relaxed,10000,false,max,4813067,62.09687,na,na,106104382,204206975,11960
knapPI_2_200_1000_1,Knapsack,200,Restricted,20000,false,max,1634,0.04510,na,na,166220,238701,969
knapPI_2_200_1000_1,Knapsack,200,Relaxed,500,false,max,4440,0.02388,na,na,94116,117557,578
knapPI_2_200_1000_1,Knapsack,200,Relaxed,1000,false,max,1634,0.04286,na,na,166220,238701,969
knapPI_2_200_1000_1,Knapsack,200,Relaxed,2000,false,max,1634,0.04401,na,na,166220,238701,969
knapPI_2_200_1000_1,Knapsack,200,Relaxed,5000,false,max,1634,0.04401,na,na,166220,238701,969
knapPI_2_200_1000_1,Knapsack,200,Relaxed,10000,false,max,1634,0.04358,na,na,166220,238701,969
knapPI_2_200_1000_1,Knapsack,200,Relaxed,20000,false,max,1634,0.04486,na,na,166220,238701,969
knapPI_2_500_1000_1,Knapsack,500,Exact,99999,false,max,4566,0.42529,na,na,1213594,2170114,2536
knapPI_2_500_1000_1,Knapsack,500,Restricted,500,false,max,3827,0.04320,na,na,247077,304535,814
knapPI_2_500_1000_1,Knapsack,500,Restricted,1000,false,max,4039,0.08940,na,na,491757,728451,1311
knapPI_2_500_1000_1,Knapsack,500,Restricted,2000,false,max,4472,0.19113,na,na,977490,1698570,2112
knapPI_2_500_1000_1,Knapsack,500,Restricted,5000,false,max,4566,0.42261,na,na,1213594,2170114,2536
knapPI_2_500_1000_1,Knapsack,500,Restricted,10000,false,max,4566,0.42348,na,na,1213594,2170114,2536
knapPI_2_500_1000_1,Knapsack,500,Restricted,20000,false,max,4566,0.42406,na,na,1213594,2170114,2536
knapPI_2_500_1000_1,Knapsack,500,Relaxed,500,false,max,77483,0.07318,na,na,276641,362645,815
knapPI_2_500_1000_1,Knapsack,500,Relaxed,1000,false,max,52498,0.15586,na,na,511071,756664,1312
knapPI_2_500_1000_1,Knapsack,500,Relaxed,2000,false,max,11451,0.35876,na,na,980681,1702101,2113
knapPI_2_500_1000_1,Knapsack,500,Relaxed,5000,false,max,4566,0.42586,na,na,1213594,2170114,2536
knapPI_2_500_1000_1,Knapsack,500,Relaxed,10000,false,max,4566,0.42647,na,na,1213594,2170114,2536
knapPI_2_500_1000_1,Knapsack,500,Relaxed,20000,false,max,4566,0.42574,na,na,1213594,2170114,2536
knapPI_2_1000_1000_1,Knapsack,1000,Restricted,500,false,max,6554,0.08164,na,na,498452,616484,917
knapPI_2_1000_1000_1,Knapsack,1000,Exact,99999,false,max,9052,2.18185,na,na,4913799,9318236,4999
knapPI_2_1000_1000_1,Knapsack,1000,Restricted,1000,false,max,7009,0.17249,na,na,994139,1482665,1714
knapPI_2_1000_1000_1,Knapsack,1000,Restricted,2000,false,max,7864,0.37554,na,na,1983169,3459506,2626
knapPI_2_1000_1000_1,Knapsack,1000,Restricted,5000,false,max,9052,2.18605,na,na,4913799,9318236,4999
knapPI_2_1000_1000_1,Knapsack,1000,Restricted,10000,false,max,9052,2.21905,na,na,4913799,9318236,4999
knapPI_2_1000_1000_1,Knapsack,1000,Restricted,20000,false,max,9052,2.17726,na,na,4913799,9318236,4999
knapPI_2_1000_1000_1,Knapsack,1000,Relaxed,500,false,max,339049,0.16310,na,na,650981,907634,969
knapPI_2_1000_1000_1,Knapsack,1000,Relaxed,1000,false,max,301350,0.33351,na,na,1190408,1803523,1799
knapPI_2_1000_1000_1,Knapsack,1000,Relaxed,2000,false,max,230055,0.74317,na,na,2140462,3649004,2700
knapPI_2_1000_1000_1,Knapsack,1000,Relaxed,5000,false,max,9052,2.17603,na,na,4913799,9318236,4999
knapPI_2_1000_1000_1,Knapsack,1000,Relaxed,10000,false,max,9052,2.19571,na,na,4913799,9318236,4999
knapPI_2_1000_1000_1,Knapsack,1000,Relaxed,20000,false,max,9052,2.18050,na,na,4913799,9318236,4999
knapPI_2_2000_1000_1,Knapsack,2000,Restricted,500,false,max,11828,0.15674,na,na,1001520,1241224,985
knapPI_2_2000_1000_1,Knapsack,2000,Restricted,1000,false,max,12642,0.33898,na,na,1998694,2981347,1857
knapPI_2_2000_1000_1,Knapsack,2000,Restricted,2000,false,max,13774,0.75017,na,na,3988145,6958321,2980
knapPI_2_2000_1000_1,Knapsack,2000,Restricted,5000,false,max,16132,2.94258,na,na,9947816,18876509,5980
knapPI_2_2000_1000_1,Knapsack,2000,Exact,99999,false,max,18051,10.77737,na,na,19848776,38676979,10012
knapPI_2_2000_1000_1,Knapsack,2000,Relaxed,500,false,max,899478,0.38205,na,na,1506862,2246044,1001
knapPI_2_2000_1000_1,Knapsack,2000,Restricted,10000,false,max,18051,7.44674,na,na,19834917,38649257,10004
knapPI_2_2000_1000_1,Knapsack,2000,Relaxed,1000,false,max,870083,0.77162,na,na,2711516,4306488,1921
knapPI_2_2000_1000_1,Knapsack,2000,Relaxed,2000,false,max,801365,1.60272,na,na,4774176,8298940,3274
knapPI_2_2000_1000_1,Knapsack,2000,Restricted,20000,false,max,18051,10.74389,na,na,19848776,38676979,10012
knapPI_2_2000_1000_1,Knapsack,2000,Relaxed,5000,false,max,638405,4.99068,na,na,10691068,19709290,6279
knapPI_1_10000_1000_1,Knapsack,10000,Relaxed,20000,false,max,4761269,135.78177,na,na,212053718,408166321,24101
knapPI_2_2000_1000_1,Knapsack,2000,Relaxed,10000,false,max,18051,12.09267,na,na,19834942,38649296,10005
knapPI_2_5000_1000_1,Knapsack,5000,Restricted,500,false,max,28213,0.38984,na,na,2512604,3111738,1000
knapPI_2_2000_1000_1,Knapsack,2000,Relaxed,20000,false,max,18051,10.98639,na,na,19848776,38676979,10012
knapPI_2_5000_1000_1,Knapsack,5000,Restricted,1000,false,max,29368,0.84481,na,na,5013550,7480372,1954
knapPI_2_5000_1000_1,Knapsack,5000,Restricted,2000,false,max,31116,1.89277,na,na,10003131,17457347,2995
knapPI_2_5000_1000_1,Knapsack,5000,Restricted,5000,false,max,34651,7.49037,na,na,24962789,47375535,5995
knapPI_2_5000_1000_1,Knapsack,5000,Relaxed,500,false,max,2480701,1.06023,na,na,4178417,6451507,1001
knapPI_2_5000_1000_1,Knapsack,5000,Relaxed,1000,false,max,2457032,2.13266,na,na,7432770,12081376,1972
knapPI_2_5000_1000_1,Knapsack,5000,Restricted,10000,false,max,38578,18.95503,na,na,49867807,97185091,10995
knapPI_2_5000_1000_1,Knapsack,5000,Relaxed,2000,false,max,2397914,4.36567,na,na,12479629,22078648,3342
knapPI_2_5000_1000_1,Knapsack,5000,Relaxed,5000,false,max,2255595,13.68881,na,na,28402232,52355446,7399
knapPI_2_5000_1000_1,Knapsack,5000,Restricted,20000,false,max,43153,43.68305,na,na,99533004,196514729,20923
knapPI_2_5000_1000_1,Knapsack,5000,Relaxed,10000,false,max,2190871,31.54212,na,na,54808936,102947982,12939
knapPI_2_10000_1000_1,Knapsack,10000,Restricted,500,false,max,54467,0.76887,na,na,5031018,6243583,1000
knapPI_2_10000_1000_1,Knapsack,10000,Restricted,1000,false,max,56139,1.67848,na,na,10038327,14994173,1974
knapPI_2_5000_1000_1,Knapsack,5000,Exact,99999,false,max,44356,81.94894,na,na,124350394,246149231,25017
knapPI_2_10000_1000_1,Knapsack,10000,Restricted,2000,false,max,58770,3.78836,na,na,20027997,34971188,2995
knapPI_2_10000_1000_1,Knapsack,10000,Restricted,5000,false,max,63992,15.05841,na,na,49987646,94889376,5995
knapPI_2_10000_1000_1,Knapsack,10000,Relaxed,500,false,max,5034810,2.29685,na,na,8848674,13658232,1001
knapPI_2_10000_1000_1,Knapsack,10000,Relaxed,1000,false,max,5011714,4.46090,na,na,15580353,25278544,2001
knapPI_2_5000_1000_1,Knapsack,5000,Relaxed,20000,false,max,1593889,61.90965,na,na,101395304,198575805,21278
knapPI_2_10000_1000_1,Knapsack,10000,Relaxed,2000,false,max,4953133,8.94101,na,na,25437187,45065244,3835
knapPI_2_10000_1000_1,Knapsack,10000,Restricted,10000,false,max,70006,38.10178,na,na,99892668,194698932,10995
knapPI_2_10000_1000_1,Knapsack,10000,Relaxed,5000,false,max,4773203,23.80071,na,na,56360661,105440034,7133
knapPI_3_100_1000_1,Knapsack,100,Exact,99999,false,max,2397,0.01660,na,na,64024,86759,921
knapPI_3_100_1000_1,Knapsack,100,Restricted,500,false,max,2396,0.00813,na,na,41577,50737,603
knapPI_3_100_1000_1,Knapsack,100,Restricted,1000,false,max,2397,0.01619,na,na,64024,86759,921
knapPI_3_100_1000_1,Knapsack,100,Restricted,2000,false,max,2397,0.01698,na,na,64024,86759,921
knapPI_3_100_1000_1,Knapsack,100,Restricted,5000,false,max,2397,0.01628,na,na,64024,86759,921
knapPI_3_100_1000_1,Knapsack,100,Restricted,10000,false,max,2397,0.01611,na,na,64024,86759,921
knapPI_3_100_1000_1,Knapsack,100,Restricted,20000,false,max,2397,0.01623,na,na,64024,86759,921
knapPI_3_100_1000_1,Knapsack,100,Relaxed,500,false,max,3547,0.01087,na,na,41989,51671,603
knapPI_3_100_1000_1,Knapsack,100,Relaxed,1000,false,max,2397,0.01685,na,na,64024,86759,921
knapPI_3_100_1000_1,Knapsack,100,Relaxed,2000,false,max,2397,0.01675,na,na,64024,86759,921
knapPI_3_100_1000_1,Knapsack,100,Relaxed,5000,false,max,2397,0.01605,na,na,64024,86759,921
knapPI_3_100_1000_1,Knapsack,100,Relaxed,10000,false,max,2397,0.01593,na,na,64024,86759,921
knapPI_3_100_1000_1,Knapsack,100,Relaxed,20000,false,max,2397,0.01679,na,na,64024,86759,921
knapPI_3_200_1000_1,Knapsack,200,Exact,99999,false,max,2697,0.04283,na,na,158390,227151,956
knapPI_2_10000_1000_1,Knapsack,10000,Restricted,20000,false,max,78130,86.54375,na,na,199557866,394028570,20992
knapPI_3_200_1000_1,Knapsack,200,Restricted,500,false,max,2696,0.01711,na,na,91593,113270,603
knapPI_3_200_1000_1,Knapsack,200,Restricted,1000,false,max,2697,0.04285,na,na,158390,227151,956
knapPI_3_200_1000_1,Knapsack,200,Restricted,2000,false,max,2697,0.04247,na,na,158390,227151,956
knapPI_3_200_1000_1,Knapsack,200,Restricted,5000,false,max,2697,0.04278,na,na,158390,227151,956
knapPI_3_200_1000_1,Knapsack,200,Restricted,10000,false,max,2697,0.04262,na,na,158390,227151,956
knapPI_3_200_1000_1,Knapsack,200,Restricted,20000,false,max,2697,0.04241,na,na,158390,227151,956
knapPI_2_10000_1000_1,Knapsack,10000,Relaxed,10000,false,max,4717325,60.56479,na,na,110467734,208872248,13232
knapPI_3_200_1000_1,Knapsack,200,Relaxed,500,false,max,5972,0.02364,na,na,92563,115461,603
knapPI_3_200_1000_1,Knapsack,200,Relaxed,1000,false,max,2697,0.04142,na,na,158390,227151,956
knapPI_3_200_1000_1,Knapsack,200,Relaxed,2000,false,max,2697,0.04239,na,na,158390,227151,956
knapPI_3_200_1000_1,Knapsack,200,Relaxed,5000,false,max,2697,0.04079,na,na,158390,227151,956
knapPI_3_200_1000_1,Knapsack,200,Relaxed,10000,false,max,2697,0.04180,na,na,158390,227151,956
knapPI_3_200_1000_1,Knapsack,200,Relaxed,20000,false,max,2697,0.04221,na,na,158390,227151,956
knapPI_3_500_1000_1,Knapsack,500,Exact,99999,false,max,7117,0.41811,na,na,1195815,2137391,2513
knapPI_3_500_1000_1,Knapsack,500,Restricted,500,false,max,5417,0.04227,na,na,246777,306821,726
knapPI_3_500_1000_1,Knapsack,500,Restricted,1000,false,max,6117,0.08964,na,na,491037,729974,1205
knapPI_3_500_1000_1,Knapsack,500,Restricted,2000,false,max,7017,0.19375,na,na,974730,1695821,2088
knapPI_3_500_1000_1,Knapsack,500,Restricted,5000,false,max,7117,0.41674,na,na,1195815,2137391,2513
knapPI_3_500_1000_1,Knapsack,500,Restricted,10000,false,max,7117,0.42096,na,na,1195815,2137391,2513
knapPI_3_500_1000_1,Knapsack,500,Restricted,20000,false,max,7117,0.41803,na,na,1195815,2137391,2513
knapPI_3_500_1000_1,Knapsack,500,Relaxed,500,false,max,92654,0.07316,na,na,276560,363975,829
knapPI_3_500_1000_1,Knapsack,500,Relaxed,1000,false,max,64487,0.15491,na,na,510693,758648,1246
knapPI_3_500_1000_1,Knapsack,500,Relaxed,2000,false,max,15991,0.35255,na,na,977887,1699308,2090
knapPI_3_500_1000_1,Knapsack,500,Relaxed,5000,false,max,7117,0.41477,na,na,1195815,2137391,2513
knapPI_3_500_1000_1,Knapsack,500,Relaxed,10000,false,max,7117,0.41391,na,na,1195815,2137391,2513
knapPI_3_500_1000_1,Knapsack,500,Relaxed,20000,false,max,7117,0.41585,na,na,1195815,2137391,2513
knapPI_3_1000_1000_1,Knapsack,1000,Restricted,500,false,max,9490,0.08120,na,na,498202,621284,971
knapPI_3_1000_1000_1,Knapsack,1000,Exact,99999,false,max,14390,2.16912,na,na,4896965,9286039,4988
knapPI_3_1000_1000_1,Knapsack,1000,Restricted,1000,false,max,10490,0.17316,na,na,993625,1483417,1547
knapPI_3_1000_1000_1,Knapsack,1000,Restricted,2000,false,max,11890,0.37905,na,na,1982410,3459401,2836
knapPI_3_1000_1000_1,Knapsack,1000,Restricted,5000,false,max,14390,2.18052,na,na,4896965,9286039,4988
knapPI_3_1000_1000_1,Knapsack,1000,Restricted,10000,false,max,14390,2.20698,na,na,4896965,9286039,4988
knapPI_3_1000_1000_1,Knapsack,1000,Restricted,20000,false,max,14390,2.21553,na,na,4896965,9286039,4988
knapPI_3_1000_1000_1,Knapsack,1000,Relaxed,500,false,max,395420,0.16260,na,na,649731,909854,984
knapPI_3_1000_1000_1,Knapsack,1000,Relaxed,1000,false,max,356317,0.33111,na,na,1191105,1808493,1788
knapPI_3_1000_1000_1,Knapsack,1000,Relaxed,2000,false,max,274783,0.72902,na,na,2144913,3660174,2837
knapPI_3_1000_1000_1,Knapsack,1000,Relaxed,5000,false,max,14390,2.17004,na,na,4896965,9286039,4988
knapPI_3_1000_1000_1,Knapsack,1000,Relaxed,10000,false,max,14390,2.18515,na,na,4896965,9286039,4988
knapPI_3_1000_1000_1,Knapsack,1000,Relaxed,20000,false,max,14390,2.20569,na,na,4896965,9286039,4988
knapPI_3_2000_1000_1,Knapsack,2000,Restricted,500,false,max,16219,0.15654,na,na,1001274,1249712,990
knapPI_3_2000_1000_1,Knapsack,2000,Restricted,1000,false,max,18019,0.33888,na,na,1998069,2999859,1849
knapPI_3_2000_1000_1,Knapsack,2000,Restricted,2000,false,max,20319,0.75741,na,na,3987246,6975990,2978
knapPI_3_2000_1000_1,Knapsack,2000,Restricted,5000,false,max,24819,2.92923,na,na,9945119,18891102,5978
knapPI_3_2000_1000_1,Knapsack,2000,Exact,99999,false,max,28919,10.59598,na,na,19463457,37925918,9820
knapPI_3_2000_1000_1,Knapsack,2000,Relaxed,500,false,max,1042402,0.37923,na,na,1505043,2251402,997
knapPI_3_2000_1000_1,Knapsack,2000,Relaxed,1000,false,max,1007065,0.76276,na,na,2700922,4308378,1932
knapPI_3_2000_1000_1,Knapsack,2000,Restricted,10000,false,max,28919,10.72998,na,na,19463457,37925918,9820
knapPI_3_2000_1000_1,Knapsack,2000,Relaxed,2000,false,max,928319,1.57309,na,na,4767969,8308271,3188
knapPI_3_2000_1000_1,Knapsack,2000,Restricted,20000,false,max,28919,10.81228,na,na,19463457,37925918,9820
knapPI_2_10000_1000_1,Knapsack,10000,Relaxed,20000,false,max,4617114,132.82632,na,na,213195895,410044235,24904
knapPI_3_2000_1000_1,Knapsack,2000,Relaxed,5000,false,max,745697,4.86582,na,na,10669458,19698094,6241
knapPI_3_2000_1000_1,Knapsack,2000,Relaxed,10000,false,max,28919,10.71235,na,na,19463457,37925918,9820
knapPI_3_5000_1000_1,Knapsack,5000,Restricted,500,false,max,36205,0.39225,na,na,2511956,3125540,1000
knapPI_3_2000_1000_1,Knapsack,2000,Relaxed,20000,false,max,28919,10.75828,na,na,19463457,37925918,9820
knapPI_3_5000_1000_1,Knapsack,5000,Restricted,1000,false,max,38905,0.84927,na,na,5012803,7500810,1933
knapPI_3_5000_1000_1,Knapsack,5000,Restricted,2000,false,max,42705,1.90142,na,na,10002222,17476978,2994
knapPI_3_5000_1000_1,Knapsack,5000,Restricted,5000,false,max,50105,7.41701,na,na,24960104,47392090,5994
knapPI_3_5000_1000_1,Knapsack,5000,Relaxed,500,false,max,2912329,1.03806,na,na,4143779,6415464,1001
knapPI_3_5000_1000_1,Knapsack,5000,Relaxed,1000,false,max,2881589,2.07135,na,na,7320980,11964896,1960
knapPI_3_5000_1000_1,Knapsack,5000,Restricted,10000,false,max,58405,18.97457,na,na,49863750,97198724,10994
knapPI_3_5000_1000_1,Knapsack,5000,Relaxed,2000,false,max,2796100,4.09220,na,na,12334123,21911175,3278
knapPI_3_5000_1000_1,Knapsack,5000,Relaxed,5000,false,max,2685785,13.17696,na,na,28834774,52755058,7397
knapPI_3_5000_1000_1,Knapsack,5000,Restricted,20000,false,max,69305,44.85035,na,na,99536220,196543084,20700
knapPI_3_5000_1000_1,Knapsack,5000,Relaxed,10000,false,max,2631692,30.98273,na,na,55384429,103451467,13639
knapPI_3_10000_1000_1,Knapsack,10000,Restricted,500,false,max,69519,0.76976,na,na,5029424,6265252,1000
knapPI_3_10000_1000_1,Knapsack,10000,Restricted,1000,false,max,73019,1.68951,na,na,10037385,15029318,1964
knapPI_3_5000_1000_1,Knapsack,5000,Exact,99999,false,max,72505,80.92160,na,na,123330014,244130048,24806
knapPI_3_10000_1000_1,Knapsack,10000,Restricted,2000,false,max,78319,3.77505,na,na,20026923,35005536,2997
knapPI_3_10000_1000_1,Knapsack,10000,Restricted,5000,false,max,89419,15.08262,na,na,49984797,94920648,5997
knapPI_3_10000_1000_1,Knapsack,10000,Relaxed,500,false,max,5931097,2.15763,na,na,8583569,13380535,1001
knapPI_3_5000_1000_1,Knapsack,5000,Relaxed,20000,false,max,1856655,60.27046,na,na,101345859,198552291,21200
knapPI_3_10000_1000_1,Knapsack,10000,Relaxed,1000,false,max,5897777,4.22804,na,na,14907653,24590089,1988
knapPI_3_10000_1000_1,Knapsack,10000,Relaxed,2000,false,max,5805661,8.08397,na,na,24850509,44444082,3274
knapPI_3_10000_1000_1,Knapsack,10000,Restricted,10000,false,max,101519,38.14422,na,na,99888461,194727282,10997
knapPI_3_10000_1000_1,Knapsack,10000,Relaxed,5000,false,max,5665946,24.09601,na,na,57351331,106365535,7075
MANN_a9.clq,IndependentSet,45,Exact,99999,false,max,16,0.00499,na,na,14462,20555,704
MANN_a9.clq,IndependentSet,45,Restricted,500,false,max,16,0.00420,na,na,11594,15560,681
MANN_a9.clq,IndependentSet,45,Restricted,1000,false,max,16,0.00524,na,na,14462,20555,704
MANN_a9.clq,IndependentSet,45,Restricted,2000,false,max,16,0.00498,na,na,14462,20555,704
MANN_a9.clq,IndependentSet,45,Restricted,5000,false,max,16,0.00505,na,na,14462,20555,704
MANN_a9.clq,IndependentSet,45,Restricted,10000,false,max,16,0.00501,na,na,14462,20555,704
MANN_a9.clq,IndependentSet,45,Restricted,20000,false,max,16,0.00505,na,na,14462,20555,704
MANN_a9.clq,IndependentSet,45,Relaxed,500,false,max,16,0.00473,na,na,11620,15988,682
MANN_a9.clq,IndependentSet,45,Relaxed,1000,false,max,16,0.00500,na,na,14462,20555,704
MANN_a9.clq,IndependentSet,45,Relaxed,2000,false,max,16,0.00547,na,na,14462,20555,704
MANN_a9.clq,IndependentSet,45,Relaxed,5000,false,max,16,0.00503,na,na,14462,20555,704
MANN_a9.clq,IndependentSet,45,Relaxed,10000,false,max,16,0.00505,na,na,14462,20555,704
MANN_a9.clq,IndependentSet,45,Relaxed,20000,false,max,16,0.00509,na,na,14462,20555,704
knapPI_3_10000_1000_1,Knapsack,10000,Relaxed,10000,false,max,5533521,57.46814,na,na,110087175,208493204,12838
MANN_a27.clq,IndependentSet,378,Restricted,500,false,max,61,0.06708,na,na,181532,194995,1000
knapPI_3_10000_1000_1,Knapsack,10000,Restricted,20000,false,max,118519,88.09399,na,na,199560934,394071642,20997
MANN_a27.clq,IndependentSet,378,Restricted,1000,false,max,61,0.13653,na,na,362068,393941,2000
MANN_a27.clq,IndependentSet,378,Restricted,2000,false,max,61,0.28663,na,na,725252,794499,4000
MANN_a27.clq,IndependentSet,378,Restricted,5000,false,max,70,0.80029,na,na,1771676,1966690,10000
MANN_a27.clq,IndependentSet,378,Restricted,10000,false,max,70,1.73952,na,na,3532852,3966984,20000
MANN_a27.clq,IndependentSet,378,Relaxed,500,false,max,141,0.08531,na,na,181048,206596,1001
MANN_a27.clq,IndependentSet,378,Restricted,20000,false,max,70,4.39529,na,na,7056085,7978611,40000
MANN_a27.clq,IndependentSet,378,Relaxed,1000,false,max,141,0.17293,na,na,359814,411620,2001
MANN_a27.clq,IndependentSet,378,Relaxed,2000,false,max,141,0.36154,na,na,723449,827172,4001
MANN_a27.clq,IndependentSet,378,Relaxed,5000,false,max,140,0.96133,na,na,1769506,2040766,10001
MANN_a27.clq,IndependentSet,378,Relaxed,10000,false,max,140,2.07121,na,na,3531705,4105791,20001
MANN_a27.clq,IndependentSet,378,Relaxed,20000,false,max,140,5.10698,na,na,7055065,8234085,40001
MANN_a45.clq,IndependentSet,1035,Restricted,500,false,max,86,0.25917,na,na,516306,537222,1000
MANN_a45.clq,IndependentSet,1035,Restricted,1000,false,max,86,0.53028,na,na,1031395,1074315,2000
MANN_a45.clq,IndependentSet,1035,Restricted,2000,false,max,106,1.12485,na,na,2035981,2140936,4000
MANN_a45.clq,IndependentSet,1035,Restricted,5000,false,max,106,3.13001,na,na,5086292,5384785,10000
MANN_a45.clq,IndependentSet,1035,Restricted,10000,false,max,106,6.72399,na,na,10190920,10813220,20000
MANN_a45.clq,IndependentSet,1035,Restricted,20000,false,max,124,15.13446,na,na,20173628,21519955,40000
MANN_a45.clq,IndependentSet,1035,Relaxed,500,false,max,373,0.33932,na,na,508600,558363,1001
knapPI_3_10000_1000_1,Knapsack,10000,Relaxed,20000,false,max,5457314,130.05487,na,na,212955844,409855927,24372
MANN_a45.clq,IndependentSet,1035,Relaxed,1000,false,max,373,0.63529,na,na,1030244,1109139,2001
MANN_a45.clq,IndependentSet,1035,Relaxed,2000,false,max,372,1.37674,na,na,2029667,2218271,4001
MANN_a45.clq,IndependentSet,1035,Relaxed,5000,false,max,372,3.70145,na,na,5077310,5550267,10001
MANN_a45.clq,IndependentSet,1035,Relaxed,10000,false,max,372,7.81956,na,na,10184403,11130189,20001
MANN_a45.clq,IndependentSet,1035,Relaxed,20000,false,max,371,16.99846,na,na,20172726,22145803,40001
brock200_1.clq,IndependentSet,200,Restricted,500,false,max,16,0.02860,na,na,71579,73867,654
brock200_1.clq,IndependentSet,200,Restricted,1000,false,max,17,0.06330,na,na,142324,147056,1317
brock200_1.clq,IndependentSet,200,Restricted,2000,false,max,17,0.13797,na,na,276642,286678,2488
brock200_1.clq,IndependentSet,200,Restricted,5000,false,max,17,0.37527,na,na,661500,686110,6350
brock200_1.clq,IndependentSet,200,Restricted,10000,false,max,17,0.82210,na,na,1260099,1309625,12641
brock200_1.clq,IndependentSet,200,Restricted,20000,false,max,18,1.89899,na,na,2429023,2529294,24004
brock200_1.clq,IndependentSet,200,Relaxed,500,false,max,65,0.06515,na,na,105640,127601,951
brock200_1.clq,IndependentSet,200,Relaxed,1000,false,max,60,0.13070,na,na,201499,240025,1741
brock200_1.clq,IndependentSet,200,Relaxed,2000,false,max,56,0.26618,na,na,382689,449859,3336
brock200_1.clq,IndependentSet,200,Relaxed,5000,false,max,51,0.73624,na,na,895618,1040889,8251
brock200_1.clq,IndependentSet,200,Relaxed,10000,false,max,48,1.61994,na,na,1708181,1965384,17180
brock200_1.clq,IndependentSet,200,Relaxed,20000,false,max,45,3.71168,na,na,3264336,3716191,27580
brock200_2.clq,IndependentSet,200,Exact,99999,false,max,12,4.99021,na,na,9402342,10341770,152442
brock200_2.clq,IndependentSet,200,Restricted,500,false,max,9,0.03218,na,na,74950,77252,570
brock200_2.clq,IndependentSet,200,Restricted,1000,false,max,10,0.05948,na,na,139708,144219,1141
brock200_2.clq,IndependentSet,200,Restricted,2000,false,max,12,0.13656,na,na,262045,271076,2193
brock200_2.clq,IndependentSet,200,Restricted,5000,false,max,12,0.31721,na,na,594797,617319,5391
brock200_2.clq,IndependentSet,200,Restricted,10000,false,max,12,0.66532,na,na,1077073,1122486,10783
brock200_2.clq,IndependentSet,200,Restricted,20000,false,max,12,1.27821,na,na,1893443,1985065,20873
brock200_2.clq,IndependentSet,200,Relaxed,500,false,max,31,0.05956,na,na,92328,103672,706
brock200_2.clq,IndependentSet,200,Relaxed,1000,false,max,27,0.11783,na,na,172927,192155,1286
brock200_2.clq,IndependentSet,200,Relaxed,2000,false,max,23,0.23170,na,na,322649,356519,2335
brock200_2.clq,IndependentSet,200,Relaxed,5000,false,max,19,0.53284,na,na,723169,787171,5685
brock200_2.clq,IndependentSet,200,Relaxed,10000,false,max,17,1.06104,na,na,1303097,1407225,11012
brock200_2.clq,IndependentSet,200,Relaxed,20000,false,max,14,2.13899,na,na,2300872,2485412,20956
brock200_3.clq,IndependentSet,200,Restricted,500,false,max,15,0.02867,na,na,71693,73929,582
brock200_3.clq,IndependentSet,200,Restricted,1000,false,max,15,0.06449,na,na,139208,143749,1157
brock200_3.clq,IndependentSet,200,Restricted,2000,false,max,15,0.12624,na,na,257633,266739,2313
brock200_3.clq,IndependentSet,200,Restricted,5000,false,max,15,0.32228,na,na,587289,609727,6001
brock200_3.clq,IndependentSet,200,Restricted,10000,false,max,15,0.66946,na,na,1096188,1140169,11537
brock200_3.clq,IndependentSet,200,Restricted,20000,false,max,15,1.42697,na,na,2032919,2122980,22764
brock200_3.clq,IndependentSet,200,Relaxed,500,false,max,43,0.05880,na,na,96094,110675,771
brock200_3.clq,IndependentSet,200,Relaxed,1000,false,max,37,0.12068,na,na,181894,206922,1392
brock200_3.clq,IndependentSet,200,Relaxed,2000,false,max,33,0.23391,na,na,339087,381397,2805
brock200_3.clq,IndependentSet,200,Relaxed,5000,false,max,29,0.62383,na,na,779277,864756,6003
brock200_3.clq,IndependentSet,200,Relaxed,10000,false,max,26,1.34796,na,na,1456033,1604403,11540
brock200_3.clq,IndependentSet,200,Relaxed,20000,false,max,23,2.85960,na,na,2702005,2965775,23296
brock200_3.clq,IndependentSet,200,Exact,99999,false,max,15,64.14362,na,na,90255188,101349268,1693454
brock200_4.clq,IndependentSet,200,Restricted,500,false,max,14,0.03026,na,na,73245,75387,669
brock200_4.clq,IndependentSet,200,Restricted,1000,false,max,14,0.06498,na,na,142502,146787,1436
brock200_4.clq,IndependentSet,200,Restricted,2000,false,max,14,0.14519,na,na,272415,280925,2451
brock200_4.clq,IndependentSet,200,Restricted,5000,false,max,14,0.39529,na,na,654598,676669,5872
brock200_4.clq,IndependentSet,200,Restricted,10000,false,max,14,0.80966,na,na,1238607,1282109,11336
brock200_4.clq,IndependentSet,200,Restricted,20000,false,max,14,1.77188,na,na,2321810,2408395,22604
brock200_4.clq,IndependentSet,200,Relaxed,500,false,max,51,0.06096,na,na,99341,116537,855
brock200_4.clq,IndependentSet,200,Relaxed,1000,false,max,46,0.12456,na,na,188757,218735,1550
brock200_4.clq,IndependentSet,200,Relaxed,2000,false,max,42,0.25982,na,na,358277,410980,2902
brock200_4.clq,IndependentSet,200,Relaxed,5000,false,max,36,0.69490,na,na,834214,944203,6585
brock200_4.clq,IndependentSet,200,Relaxed,10000,false,max,32,1.43793,na,na,1577794,1762150,13000
brock200_4.clq,IndependentSet,200,Relaxed,20000,false,max,29,3.24958,na,na,2972392,3307743,23518
brock400_1.clq,IndependentSet,400,Restricted,500,false,max,20,0.07128,na,na,167591,170079,722
brock400_1.clq,IndependentSet,400,Restricted,1000,false,max,20,0.15809,na,na,322187,327275,1358
brock400_1.clq,IndependentSet,400,Restricted,2000,false,max,20,0.38377,na,na,622709,632540,2887
brock400_1.clq,IndependentSet,400,Restricted,5000,false,max,20,1.10994,na,na,1514398,1538410,6486
brock400_1.clq,IndependentSet,400,Restricted,10000,false,max,21,2.52921,na,na,2963583,3011571,12157
brock400_1.clq,IndependentSet,400,Restricted,20000,false,max,21,5.60390,na,na,5779809,5875507,24197
brock400_1.clq,IndependentSet,400,Relaxed,500,false,max,135,0.16829,na,na,229301,274204,998
brock400_1.clq,IndependentSet,400,Relaxed,1000,false,max,123,0.35113,na,na,444211,524117,1992
brock400_1.clq,IndependentSet,400,Relaxed,2000,false,max,115,0.72542,na,na,863231,1006786,3776
brock400_1.clq,IndependentSet,400,Relaxed,5000,false,max,102,2.09914,na,na,2068072,2375163,8611
brock400_1.clq,IndependentSet,400,Relaxed,10000,false,max,94,4.67172,na,na,4023939,4571318,17185
brock400_1.clq,IndependentSet,400,Relaxed,20000,false,max,87,11.07288,na,na,7834563,8831763,33645
brock400_2.clq,IndependentSet,400,Restricted,500,false,max,19,1.59192,na,na,155305,157687,791
brock400_2.clq,IndependentSet,400,Restricted,1000,false,max,19,2.26439,na,na,302869,307542,1526
brock400_2.clq,IndependentSet,400,Restricted,2000,false,max,20,5.04297,na,na,613972,623547,2890
brock400_2.clq,IndependentSet,400,Restricted,5000,false,max,20,6.93966,na,na,1507410,1532033,7307
brock400_2.clq,IndependentSet,400,Restricted,10000,false,max,20,2.63519,na,na,2977584,3026306,14841
brock400_2.clq,IndependentSet,400,Restricted,20000,false,max,21,6.09074,na,na,5857684,5954867,29507
brock400_2.clq,IndependentSet,400,Relaxed,500,false,max,132,0.18524,na,na,229145,274805,997
brock400_2.clq,IndependentSet,400,Relaxed,1000,false,max,121,0.35212,na,na,443103,523600,1975
brock400_2.clq,IndependentSet,400,Relaxed,2000,false,max,112,0.81991,na,na,862201,1009308,3929
brock400_2.clq,IndependentSet,400,Relaxed,5000,false,max,101,2.13004,na,na,2071224,2384503,8903
brock400_2.clq,IndependentSet,400,Relaxed,10000,false,max,94,5.09756,na,na,4032898,4608386,17291
brock400_2.clq,IndependentSet,400,Relaxed,20000,false,max,87,11.59545,na,na,7852437,8890966,31953
brock400_3.clq,IndependentSet,400,Restricted,500,false,max,19,0.07293,na,na,163143,165623,638
brock400_3.clq,IndependentSet,400,Restricted,1000,false,max,20,0.15818,na,na,312495,317381,1294
brock400_3.clq,IndependentSet,400,Restricted,2000,false,max,20,0.33626,na,na,605556,615315,2557
brock400_3.clq,IndependentSet,400,Restricted,5000,false,max,20,0.97200,na,na,1461155,1485396,6219
brock400_3.clq,IndependentSet,400,Restricted,10000,false,max,20,2.24593,na,na,2855716,2905236,12482
brock400_3.clq,IndependentSet,400,Restricted,20000,false,max,21,4.96847,na,na,5465121,5565424,25147
brock400_3.clq,IndependentSet,400,Relaxed,500,false,max,130,0.16957,na,na,229244,275296,998
brock400_3.clq,IndependentSet,400,Relaxed,1000,false,max,120,0.33940,na,na,444354,526221,1895
brock400_3.clq,IndependentSet,400,Relaxed,2000,false,max,111,0.74970,na,na,861677,1009422,3805
brock400_3.clq,IndependentSet,400,Relaxed,5000,false,max,100,2.07771,na,na,2063960,2375395,8596
brock400_3.clq,IndependentSet,400,Relaxed,10000,false,max,92,4.63363,na,na,4010056,4576511,17527
brock400_3.clq,IndependentSet,400,Relaxed,20000,false,max,85,10.68980,na,na,7769221,8783083,33987
brock400_4.clq,IndependentSet,400,Restricted,500,false,max,19,0.06960,na,na,155633,157857,828
brock400_4.clq,IndependentSet,400,Restricted,1000,false,max,19,0.14842,na,na,312876,317583,1626
brock400_4.clq,IndependentSet,400,Restricted,2000,false,max,20,0.31725,na,na,600211,610179,3097
brock400_4.clq,IndependentSet,400,Restricted,5000,false,max,20,1.01366,na,na,1468789,1493469,7818
brock400_4.clq,IndependentSet,400,Restricted,10000,false,max,20,2.30642,na,na,2863753,2913325,12916
brock400_4.clq,IndependentSet,400,Restricted,20000,false,max,21,5.62862,na,na,5648083,5747028,25771
brock400_4.clq,IndependentSet,400,Relaxed,500,false,max,132,0.16112,na,na,228994,275129,963
brock400_4.clq,IndependentSet,400,Relaxed,1000,false,max,121,0.33769,na,na,441809,522726,1857
brock400_4.clq,IndependentSet,400,Relaxed,2000,false,max,112,0.71630,na,na,856390,1001112,3697
brock400_4.clq,IndependentSet,400,Relaxed,5000,false,max,101,2.08948,na,na,2061414,2375045,9242
brock400_4.clq,IndependentSet,400,Relaxed,10000,false,max,93,4.65140,na,na,4006504,4562491,18314
brock400_4.clq,IndependentSet,400,Relaxed,20000,false,max,87,10.85105,na,na,7793502,8778005,31359
brock800_1.clq,IndependentSet,800,Restricted,500,false,max,17,0.14805,na,na,305043,307043,652
brock800_1.clq,IndependentSet,800,Restricted,1000,false,max,17,0.33283,na,na,611070,615495,1291
brock800_1.clq,IndependentSet,800,Restricted,2000,false,max,17,0.81208,na,na,1217019,1226188,2401
brock800_1.clq,IndependentSet,800,Restricted,5000,false,max,17,2.49868,na,na,3031195,3055174,6002
brock800_1.clq,IndependentSet,800,Restricted,10000,false,max,17,5.84737,na,na,5920641,5968738,12601
brock800_1.clq,IndependentSet,800,Restricted,20000,false,max,18,14.23992,na,na,11706120,11802943,22812
brock800_1.clq,IndependentSet,800,Relaxed,500,false,max,200,0.42679,na,na,453086,522271,926
brock800_1.clq,IndependentSet,800,Relaxed,1000,false,max,181,0.94062,na,na,881936,1002405,1676
brock800_1.clq,IndependentSet,800,Relaxed,2000,false,max,164,1.93565,na,na,1724459,1938181,3232
brock800_1.clq,IndependentSet,800,Relaxed,5000,false,max,144,5.61363,na,na,4189069,4647922,7366
brock800_1.clq,IndependentSet,800,Relaxed,10000,false,max,131,12.69573,na,na,8198942,9019544,14970
brock800_1.clq,IndependentSet,800,Relaxed,20000,false,max,118,39.06049,na,na,16047419,17491391,27861
brock800_2.clq,IndependentSet,800,Restricted,500,false,max,17,0.17930,na,na,312667,314812,705
brock800_2.clq,IndependentSet,800,Restricted,1000,false,max,17,0.37455,na,na,610958,615363,1345
brock800_2.clq,IndependentSet,800,Restricted,2000,false,max,17,0.95228,na,na,1227008,1236268,2617
brock800_2.clq,IndependentSet,800,Restricted,5000,false,max,17,2.70321,na,na,3000981,3024471,6408
brock800_2.clq,IndependentSet,800,Restricted,10000,false,max,18,6.31678,na,na,5935521,5982726,13101
brock800_2.clq,IndependentSet,800,Relaxed,500,false,max,203,0.44230,na,na,451564,521247,903
brock800_2.clq,IndependentSet,800,Relaxed,1000,false,max,184,0.89845,na,na,880616,1004438,1707
brock800_2.clq,IndependentSet,800,Relaxed,2000,false,max,166,1.94713,na,na,1715435,1933366,3073
brock800_2.clq,IndependentSet,800,Restricted,20000,false,max,18,14.17806,na,na,11663644,11759169,26602
brock800_2.clq,IndependentSet,800,Relaxed,5000,false,max,148,5.85229,na,na,4165935,4635684,7292
brock800_2.clq,IndependentSet,800,Relaxed,10000,false,max,133,13.16042,na,na,8151146,8986055,14061
brock800_2.clq,IndependentSet,800,Relaxed,20000,false,max,120,30.79864,na,na,15962227,17445009,26604
brock800_3.clq,IndependentSet,800,Restricted,500,false,max,16,0.13707,na,na,321904,324270,694
brock800_3.clq,IndependentSet,800,Restricted,1000,false,max,17,0.31233,na,na,632874,637508,1405
brock800_3.clq,IndependentSet,800,Restricted,2000,false,max,17,0.69974,na,na,1241386,1250959,2471
brock800_3.clq,IndependentSet,800,Restricted,5000,false,max,18,2.40733,na,na,2975460,2999021,5754
brock800_3.clq,IndependentSet,800,Restricted,10000,false,max,18,6.06421,na,na,5922481,5969626,11723
brock800_3.clq,IndependentSet,800,Relaxed,500,false,max,200,0.42645,na,na,451445,519350,826
brock800_3.clq,IndependentSet,800,Relaxed,1000,false,max,180,0.89897,na,na,880239,999245,1610
brock800_3.clq,IndependentSet,800,Relaxed,2000,false,max,163,1.92937,na,na,1722076,1934218,3074
brock800_3.clq,IndependentSet,800,Restricted,20000,false,max,18,14.57565,na,na,11708839,11804023,24576
brock800_3.clq,IndependentSet,800,Relaxed,5000,false,max,143,5.51107,na,na,4184282,4639223,7263
brock800_3.clq,IndependentSet,800,Relaxed,10000,false,max,128,12.57552,na,na,8195967,9007873,14899
brock800_3.clq,IndependentSet,800,Relaxed,20000,false,max,116,29.65606,na,na,16047804,17483914,28999
brock800_4.clq,IndependentSet,800,Restricted,500,false,max,17,0.15473,na,na,332444,334484,677
brock800_4.clq,IndependentSet,800,Restricted,1000,false,max,17,0.34839,na,na,653459,657994,1308
brock800_4.clq,IndependentSet,800,Restricted,2000,false,max,17,0.81187,na,na,1271890,1281085,2595
brock800_4.clq,IndependentSet,800,Restricted,5000,false,max,18,2.62813,na,na,3115179,3138707,6168
brock800_4.clq,IndependentSet,800,Restricted,10000,false,max,18,6.14244,na,na,6137644,6185532,12916
brock800_4.clq,IndependentSet,800,Restricted,20000,false,max,18,14.75015,na,na,12043532,12140146,23629
brock800_4.clq,IndependentSet,800,Relaxed,500,false,max,197,0.44369,na,na,451917,521010,839
brock800_4.clq,IndependentSet,800,Relaxed,1000,false,max,178,0.91514,na,na,878637,998925,1668
brock800_4.clq,IndependentSet,800,Relaxed,2000,false,max,161,2.00092,na,na,1713122,1924687,3263
brock800_4.clq,IndependentSet,800,Relaxed,5000,false,max,142,5.66683,na,na,4161625,4623583,7559
brock800_4.clq,IndependentSet,800,Relaxed,10000,false,max,129,13.03725,na,na,8143491,8959725,14607
c-fat200-1.clq,IndependentSet,200,Exact,99999,false,max,12,0.00142,na,na,5145,6034,40
c-fat200-1.clq,IndependentSet,200,Restricted,500,false,max,12,0.00155,na,na,5145,6034,40
c-fat200-1.clq,IndependentSet,200,Restricted,1000,false,max,12,0.00154,na,na,5145,6034,40
c-fat200-1.clq,IndependentSet,200,Restricted,2000,false,max,12,0.00166,na,na,5145,6034,40
c-fat200-1.clq,IndependentSet,200,Restricted,5000,false,max,12,0.00142,na,na,5145,6034,40
c-fat200-1.clq,IndependentSet,200,Restricted,10000,false,max,12,0.00143,na,na,5145,6034,40
c-fat200-1.clq,IndependentSet,200,Restricted,20000,false,max,12,0.00146,na,na,5145,6034,40
c-fat200-1.clq,IndependentSet,200,Relaxed,500,false,max,12,0.00144,na,na,5145,6034,40
c-fat200-1.clq,IndependentSet,200,Relaxed,1000,false,max,12,0.00153,na,na,5145,6034,40
c-fat200-1.clq,IndependentSet,200,Relaxed,2000,false,max,12,0.00152,na,na,5145,6034,40
brock800_4.clq,IndependentSet,800,Relaxed,20000,false,max,116,30.17594,na,na,15982806,17436196,28491
c-fat200-1.clq,IndependentSet,200,Relaxed,5000,false,max,12,0.00146,na,na,5145,6034,40
c-fat200-1.clq,IndependentSet,200,Relaxed,10000,false,max,12,0.00143,na,na,5145,6034,40
c-fat200-1.clq,IndependentSet,200,Relaxed,20000,false,max,12,0.00143,na,na,5145,6034,40
c-fat200-2.clq,IndependentSet,200,Exact,99999,false,max,24,0.00129,na,na,4170,5083,28
c-fat200-2.clq,IndependentSet,200,Restricted,500,false,max,24,0.00129,na,na,4170,5083,28
c-fat200-2.clq,IndependentSet,200,Restricted,1000,false,max,24,0.00130,na,na,4170,5083,28
c-fat200-2.clq,IndependentSet,200,Restricted,2000,false,max,24,0.00128,na,na,4170,5083,28
c-fat200-2.clq,IndependentSet,200,Restricted,5000,false,max,24,0.00132,na,na,4170,5083,28
c-fat200-2.clq,IndependentSet,200,Restricted,10000,false,max,24,0.00129,na,na,4170,5083,28
c-fat200-2.clq,IndependentSet,200,Restricted,20000,false,max,24,0.00131,na,na,4170,5083,28
c-fat200-2.clq,IndependentSet,200,Relaxed,500,false,max,24,0.00129,na,na,4170,5083,28
c-fat200-2.clq,IndependentSet,200,Relaxed,1000,false,max,24,0.00132,na,na,4170,5083,28
c-fat200-2.clq,IndependentSet,200,Relaxed,2000,false,max,24,0.00134,na,na,4170,5083,28
c-fat200-2.clq,IndependentSet,200,Relaxed,5000,false,max,24,0.00137,na,na,4170,5083,28
c-fat200-2.clq,IndependentSet,200,Relaxed,10000,false,max,24,0.00130,na,na,4170,5083,28
c-fat200-2.clq,IndependentSet,200,Relaxed,20000,false,max,24,0.00140,na,na,4170,5083,28
c-fat200-5.clq,IndependentSet,200,Exact,99999,false,max,58,0.00037,na,na,959,1519,6
c-fat200-5.clq,IndependentSet,200,Restricted,500,false,max,58,0.00033,na,na,959,1519,6
c-fat200-5.clq,IndependentSet,200,Restricted,1000,false,max,58,0.00036,na,na,959,1519,6
c-fat200-5.clq,IndependentSet,200,Restricted,2000,false,max,58,0.00037,na,na,959,1519,6
c-fat200-5.clq,IndependentSet,200,Restricted,5000,false,max,58,0.00037,na,na,959,1519,6
c-fat200-5.clq,IndependentSet,200,Restricted,10000,false,max,58,0.00037,na,na,959,1519,6
c-fat200-5.clq,IndependentSet,200,Restricted,20000,false,max,58,0.00033,na,na,959,1519,6
c-fat200-5.clq,IndependentSet,200,Relaxed,500,false,max,58,0.00033,na,na,959,1519,6
c-fat200-5.clq,IndependentSet,200,Relaxed,1000,false,max,58,0.00033,na,na,959,1519,6
c-fat200-5.clq,IndependentSet,200,Relaxed,2000,false,max,58,0.00033,na,na,959,1519,6
c-fat200-5.clq,IndependentSet,200,Relaxed,5000,false,max,58,0.00033,na,na,959,1519,6
c-fat200-5.clq,IndependentSet,200,Relaxed,10000,false,max,58,0.00033,na,na,959,1519,6
c-fat200-5.clq,IndependentSet,200,Relaxed,20000,false,max,58,0.00033,na,na,959,1519,6
c-fat500-1.clq,IndependentSet,500,Exact,99999,false,max,14,0.01213,na,na,37936,40345,116
c-fat500-1.clq,IndependentSet,500,Restricted,500,false,max,14,0.01248,na,na,37936,40345,116
c-fat500-1.clq,IndependentSet,500,Restricted,1000,false,max,14,0.01250,na,na,37936,40345,116
c-fat500-1.clq,IndependentSet,500,Restricted,2000,false,max,14,0.01218,na,na,37936,40345,116
c-fat500-1.clq,IndependentSet,500,Restricted,5000,false,max,14,0.01244,na,na,37936,40345,116
c-fat500-1.clq,IndependentSet,500,Restricted,10000,false,max,14,0.01213,na,na,37936,40345,116
c-fat500-1.clq,IndependentSet,500,Restricted,20000,false,max,14,0.01232,na,na,37936,40345,116
c-fat500-1.clq,IndependentSet,500,Relaxed,500,false,max,14,0.01280,na,na,37936,40345,116
c-fat500-1.clq,IndependentSet,500,Relaxed,1000,false,max,14,0.01256,na,na,37936,40345,116
c-fat500-1.clq,IndependentSet,500,Relaxed,2000,false,max,14,0.01209,na,na,37936,40345,116
c-fat500-1.clq,IndependentSet,500,Relaxed,5000,false,max,14,0.01225,na,na,37936,40345,116
c-fat500-1.clq,IndependentSet,500,Relaxed,10000,false,max,14,0.01251,na,na,37936,40345,116
c-fat500-1.clq,IndependentSet,500,Relaxed,20000,false,max,14,0.01263,na,na,37936,40345,116
c-fat500-2.clq,IndependentSet,500,Exact,99999,false,max,26,0.00557,na,na,15484,18001,37
c-fat500-2.clq,IndependentSet,500,Restricted,500,false,max,26,0.00549,na,na,15484,18001,37
c-fat500-2.clq,IndependentSet,500,Restricted,1000,false,max,26,0.00545,na,na,15484,18001,37
c-fat500-2.clq,IndependentSet,500,Restricted,2000,false,max,26,0.00544,na,na,15484,18001,37
c-fat500-2.clq,IndependentSet,500,Restricted,5000,false,max,26,0.00549,na,na,15484,18001,37
c-fat500-2.clq,IndependentSet,500,Restricted,10000,false,max,26,0.00547,na,na,15484,18001,37
c-fat500-2.clq,IndependentSet,500,Restricted,20000,false,max,26,0.00551,na,na,15484,18001,37
c-fat500-2.clq,IndependentSet,500,Relaxed,500,false,max,26,0.00548,na,na,15484,18001,37
c-fat500-2.clq,IndependentSet,500,Relaxed,1000,false,max,26,0.00562,na,na,15484,18001,37
c-fat500-2.clq,IndependentSet,500,Relaxed,2000,false,max,26,0.00551,na,na,15484,18001,37
c-fat500-2.clq,IndependentSet,500,Relaxed,5000,false,max,26,0.00546,na,na,15484,18001,37
c-fat500-2.clq,IndependentSet,500,Relaxed,10000,false,max,26,0.00552,na,na,15484,18001,37
c-fat500-2.clq,IndependentSet,500,Relaxed,20000,false,max,26,0.00551,na,na,15484,18001,37
c-fat500-5.clq,IndependentSet,500,Exact,99999,false,max,64,0.00309,na,na,7022,9205,20
c-fat500-5.clq,IndependentSet,500,Restricted,500,false,max,64,0.00304,na,na,7022,9205,20
c-fat500-5.clq,IndependentSet,500,Restricted,1000,false,max,64,0.00307,na,na,7022,9205,20
c-fat500-5.clq,IndependentSet,500,Restricted,2000,false,max,64,0.00306,na,na,7022,9205,20
c-fat500-5.clq,IndependentSet,500,Restricted,5000,false,max,64,0.00310,na,na,7022,9205,20
c-fat500-5.clq,IndependentSet,500,Restricted,10000,false,max,64,0.00306,na,na,7022,9205,20
c-fat500-5.clq,IndependentSet,500,Restricted,20000,false,max,64,0.00305,na,na,7022,9205,20
c-fat500-5.clq,IndependentSet,500,Relaxed,500,false,max,64,0.00304,na,na,7022,9205,20
c-fat500-5.clq,IndependentSet,500,Relaxed,1000,false,max,64,0.00304,na,na,7022,9205,20
c-fat500-5.clq,IndependentSet,500,Relaxed,2000,false,max,64,0.00302,na,na,7022,9205,20
c-fat500-5.clq,IndependentSet,500,Relaxed,5000,false,max,64,0.00301,na,na,7022,9205,20
c-fat500-5.clq,IndependentSet,500,Relaxed,10000,false,max,64,0.00301,na,na,7022,9205,20
c-fat500-5.clq,IndependentSet,500,Relaxed,20000,false,max,64,0.00304,na,na,7022,9205,20
c-fat500-10.clq,IndependentSet,500,Exact,99999,false,max,126,0.00154,na,na,2486,3973,6
c-fat500-10.clq,IndependentSet,500,Restricted,500,false,max,126,0.00154,na,na,2486,3973,6
c-fat500-10.clq,IndependentSet,500,Restricted,1000,false,max,126,0.00153,na,na,2486,3973,6
c-fat500-10.clq,IndependentSet,500,Restricted,2000,false,max,126,0.00154,na,na,2486,3973,6
c-fat500-10.clq,IndependentSet,500,Restricted,5000,false,max,126,0.00152,na,na,2486,3973,6
c-fat500-10.clq,IndependentSet,500,Restricted,10000,false,max,126,0.00154,na,na,2486,3973,6
c-fat500-10.clq,IndependentSet,500,Restricted,20000,false,max,126,0.00154,na,na,2486,3973,6
c-fat500-10.clq,IndependentSet,500,Relaxed,500,false,max,126,0.00153,na,na,2486,3973,6
c-fat500-10.clq,IndependentSet,500,Relaxed,1000,false,max,126,0.00154,na,na,2486,3973,6
c-fat500-10.clq,IndependentSet,500,Relaxed,2000,false,max,126,0.00155,na,na,2486,3973,6
c-fat500-10.clq,IndependentSet,500,Relaxed,5000,false,max,126,0.00154,na,na,2486,3973,6
c-fat500-10.clq,IndependentSet,500,Relaxed,10000,false,max,126,0.00161,na,na,2486,3973,6
c-fat500-10.clq,IndependentSet,500,Relaxed,20000,false,max,126,0.00152,na,na,2486,3973,6
hamming6-2.clq,IndependentSet,64,Restricted,500,false,max,32,0.01051,na,na,24786,30715,835
hamming6-2.clq,IndependentSet,64,Restricted,1000,false,max,32,0.02014,na,na,46138,57553,1525
hamming6-2.clq,IndependentSet,64,Restricted,2000,false,max,32,0.04536,na,na,84892,106062,3058
hamming6-2.clq,IndependentSet,64,Exact,99999,false,max,32,4.47022,na,na,4035162,5854315,254475
hamming6-2.clq,IndependentSet,64,Restricted,5000,false,max,32,0.11544,na,na,189555,237384,7515
hamming6-2.clq,IndependentSet,64,Restricted,10000,false,max,32,0.24127,na,na,350769,448992,15325
hamming6-2.clq,IndependentSet,64,Restricted,20000,false,max,32,0.49110,na,na,630287,811647,29012
hamming6-2.clq,IndependentSet,64,Relaxed,500,false,max,32,0.01511,na,na,26367,35915,836
hamming6-2.clq,IndependentSet,64,Relaxed,1000,false,max,32,0.03082,na,na,48608,66853,1525
hamming6-2.clq,IndependentSet,64,Relaxed,2000,false,max,32,0.05781,na,na,88310,121170,3061
hamming6-2.clq,IndependentSet,64,Relaxed,5000,false,max,32,0.14916,na,na,192030,263148,7515
hamming6-2.clq,IndependentSet,64,Relaxed,10000,false,max,32,0.30157,na,na,353387,490656,15326
hamming6-2.clq,IndependentSet,64,Relaxed,20000,false,max,32,0.60393,na,na,633504,877383,29017
hamming6-4.clq,IndependentSet,64,Exact,99999,false,max,4,0.00144,na,na,5402,6414,238
hamming6-4.clq,IndependentSet,64,Restricted,500,false,max,4,0.00142,na,na,5402,6414,238
hamming6-4.clq,IndependentSet,64,Restricted,1000,false,max,4,0.00139,na,na,5402,6414,238
hamming6-4.clq,IndependentSet,64,Restricted,2000,false,max,4,0.00138,na,na,5402,6414,238
hamming6-4.clq,IndependentSet,64,Restricted,5000,false,max,4,0.00144,na,na,5402,6414,238
hamming6-4.clq,IndependentSet,64,Restricted,10000,false,max,4,0.00143,na,na,5402,6414,238
hamming6-4.clq,IndependentSet,64,Restricted,20000,false,max,4,0.00141,na,na,5402,6414,238
hamming6-4.clq,IndependentSet,64,Relaxed,500,false,max,4,0.00146,na,na,5402,6414,238
hamming6-4.clq,IndependentSet,64,Relaxed,1000,false,max,4,0.00141,na,na,5402,6414,238
hamming6-4.clq,IndependentSet,64,Relaxed,2000,false,max,4,0.00144,na,na,5402,6414,238
hamming6-4.clq,IndependentSet,64,Relaxed,5000,false,max,4,0.00143,na,na,5402,6414,238
hamming6-4.clq,IndependentSet,64,Relaxed,10000,false,max,4,0.00141,na,na,5402,6414,238
hamming6-4.clq,IndependentSet,64,Relaxed,20000,false,max,4,0.00141,na,na,5402,6414,238
hamming8-2.clq,IndependentSet,256,Restricted,500,false,max,128,0.10183,na,na,136540,163896,835
hamming8-2.clq,IndependentSet,256,Restricted,1000,false,max,128,0.21160,na,na,267301,320221,1647
hamming8-2.clq,IndependentSet,256,Restricted,2000,false,max,128,0.44850,na,na,518749,618458,3075
hamming8-2.clq,IndependentSet,256,Restricted,5000,false,max,128,1.22856,na,na,1217333,1439836,8047
hamming8-2.clq,IndependentSet,256,Restricted,10000,false,max,128,2.87281,na,na,2480860,2959802,15708
hamming8-2.clq,IndependentSet,256,Relaxed,500,false,max,128,0.13441,na,na,152846,202525,836
hamming8-2.clq,IndependentSet,256,Relaxed,1000,false,max,128,0.29800,na,na,301420,400889,1652
hamming8-2.clq,IndependentSet,256,Relaxed,2000,false,max,128,0.65996,na,na,595085,790916,3088
hamming8-2.clq,IndependentSet,256,Restricted,20000,false,max,128,6.74300,na,na,4929909,5889663,30538
hamming8-2.clq,IndependentSet,256,Relaxed,5000,false,max,128,1.80072,na,na,1430597,1898870,8047
hamming8-2.clq,IndependentSet,256,Relaxed,10000,false,max,128,4.12522,na,na,2785340,3726440,15677
hamming8-4.clq,IndependentSet,256,Restricted,500,false,max,16,0.04327,na,na,99605,103202,544
hamming8-4.clq,IndependentSet,256,Restricted,1000,false,max,16,0.09388,na,na,192234,198419,1185
hamming8-4.clq,IndependentSet,256,Restricted,2000,false,max,16,0.20347,na,na,364909,375379,2532
hamming8-2.clq,IndependentSet,256,Relaxed,20000,false,max,128,9.95663,na,na,5453978,7298481,30538
hamming8-4.clq,IndependentSet,256,Restricted,5000,false,max,16,0.53850,na,na,839115,863771,5454
hamming8-4.clq,IndependentSet,256,Restricted,10000,false,max,16,1.13334,na,na,1597809,1653972,10888
hamming8-4.clq,IndependentSet,256,Relaxed,500,false,max,20,0.06417,na,na,108443,117289,886
hamming8-4.clq,IndependentSet,256,Restricted,20000,false,max,16,2.56936,na,na,3042149,3149873,22493
hamming8-4.clq,IndependentSet,256,Relaxed,1000,false,max,18,0.13040,na,na,206973,223504,1678
hamming8-4.clq,IndependentSet,256,Relaxed,2000,false,max,17,0.25409,na,na,386303,417679,2533
hamming8-4.clq,IndependentSet,256,Relaxed,5000,false,max,16,0.67181,na,na,879454,945310,5842
hamming8-4.clq,IndependentSet,256,Relaxed,10000,false,max,16,1.43101,na,na,1666380,1786828,11330
hamming8-4.clq,IndependentSet,256,Relaxed,20000,false,max,16,3.10615,na,na,3011347,3218852,22804
hamming10-2.clq,IndependentSet,1024,Restricted,500,false,max,512,1.10618,na,na,552545,652448,835
hamming10-2.clq,IndependentSet,1024,Restricted,1000,false,max,512,2.42674,na,na,1121107,1330941,1647
hamming10-2.clq,IndependentSet,1024,Restricted,2000,false,max,512,5.65535,na,na,2325983,2778634,3164
hamming10-2.clq,IndependentSet,1024,Restricted,5000,false,max,512,16.96157,na,na,5793088,6917589,9007
hamming10-2.clq,IndependentSet,1024,Restricted,10000,false,max,512,37.33358,na,na,11540649,13769684,15708
hamming10-2.clq,IndependentSet,1024,Relaxed,500,false,max,512,1.32881,na,na,676306,879365,858
hamming10-2.clq,IndependentSet,1024,Relaxed,1000,false,max,512,3.04999,na,na,1333336,1744664,1819
hamming10-2.clq,IndependentSet,1024,Relaxed,2000,false,max,512,6.75210,na,na,2658375,3496826,3573
hamming10-2.clq,IndependentSet,1024,Relaxed,5000,false,max,512,22.07940,na,na,6496811,8630771,8755
hamming10-2.clq,IndependentSet,1024,Restricted,20000,false,max,512,79.40483,na,na,22374437,26573254,31805
hamming10-2.clq,IndependentSet,1024,Relaxed,10000,false,max,512,50.80754,na,na,13026290,17411901,18002
hamming10-2.clq,IndependentSet,1024,Relaxed,20000,false,max,512,117.63302,na,na,25888006,34428643,34765
hamming10-4.clq,IndependentSet,1024,Restricted,500,false,max,31,0.36912,na,na,490552,493481,698
hamming10-4.clq,IndependentSet,1024,Restricted,1000,false,max,31,0.80158,na,na,966119,971533,1436
hamming10-4.clq,IndependentSet,1024,Restricted,2000,false,max,31,2.03416,na,na,1922568,1932197,2839
hamming10-4.clq,IndependentSet,1024,Restricted,5000,false,max,31,6.39054,na,na,4743904,4772247,7043
hamming8-4.clq,IndependentSet,256,Exact,99999,false,max,16,282.38797,na,na,400806438,443987361,9865584
hamming10-4.clq,IndependentSet,1024,Restricted,10000,false,max,31,16.00086,na,na,9384393,9443551,13440
hamming10-4.clq,IndependentSet,1024,Relaxed,500,false,max,85,0.75922,na,na,519341,555687,1001
hamming10-4.clq,IndependentSet,1024,Relaxed,1000,false,max,79,1.59786,na,na,1025533,1093753,2001
hamming10-4.clq,IndependentSet,1024,Relaxed,2000,false,max,74,3.33345,na,na,2018416,2146067,3973
hamming10-4.clq,IndependentSet,1024,Relaxed,5000,false,max,71,9.23853,na,na,4946608,5252520,9975
hamming10-4.clq,IndependentSet,1024,Relaxed,10000,false,max,68,20.67403,na,na,9757721,10331429,19847
hamming10-4.clq,IndependentSet,1024,Restricted,20000,false,max,31,40.00605,na,na,18641534,18745094,25556
johnson8-2-4.clq,IndependentSet,28,Exact,99999,false,max,4,0.00015,na,na,713,968,64
johnson8-2-4.clq,IndependentSet,28,Restricted,500,false,max,4,0.00016,na,na,713,968,64
johnson8-2-4.clq,IndependentSet,28,Restricted,1000,false,max,4,0.00017,na,na,713,968,64
johnson8-2-4.clq,IndependentSet,28,Restricted,2000,false,max,4,0.00015,na,na,713,968,64
johnson8-2-4.clq,IndependentSet,28,Restricted,5000,false,max,4,0.00016,na,na,713,968,64
johnson8-2-4.clq,IndependentSet,28,Restricted,10000,false,max,4,0.00016,na,na,713,968,64
johnson8-2-4.clq,IndependentSet,28,Restricted,20000,false,max,4,0.00016,na,na,713,968,64
johnson8-2-4.clq,IndependentSet,28,Relaxed,500,false,max,4,0.00016,na,na,713,968,64
johnson8-2-4.clq,IndependentSet,28,Relaxed,1000,false,max,4,0.00016,na,na,713,968,64
johnson8-2-4.clq,IndependentSet,28,Relaxed,2000,false,max,4,0.00016,na,na,713,968,64
johnson8-2-4.clq,IndependentSet,28,Relaxed,5000,false,max,4,0.00016,na,na,713,968,64
johnson8-2-4.clq,IndependentSet,28,Relaxed,10000,false,max,4,0.00016,na,na,713,968,64
johnson8-2-4.clq,IndependentSet,28,Relaxed,20000,false,max,4,0.00016,na,na,713,968,64
johnson8-4-4.clq,IndependentSet,70,Exact,99999,false,max,14,0.29622,na,na,526481,667221,40047
johnson8-4-4.clq,IndependentSet,70,Restricted,500,false,max,14,0.00964,na,na,22641,24922,625
johnson8-4-4.clq,IndependentSet,70,Restricted,1000,false,max,14,0.01843,na,na,40871,45016,1326
johnson8-4-4.clq,IndependentSet,70,Restricted,2000,false,max,14,0.03342,na,na,72144,79842,2596
johnson8-4-4.clq,IndependentSet,70,Restricted,5000,false,max,14,0.07517,na,na,147502,166113,7624
johnson8-4-4.clq,IndependentSet,70,Restricted,10000,false,max,14,0.12821,na,na,233883,268044,12554
johnson8-4-4.clq,IndependentSet,70,Restricted,20000,false,max,14,0.23143,na,na,378496,450136,23685
johnson8-4-4.clq,IndependentSet,70,Relaxed,500,false,max,14,0.01179,na,na,23959,28520,631
johnson8-4-4.clq,IndependentSet,70,Relaxed,1000,false,max,14,0.02206,na,na,42289,50170,1342
johnson8-4-4.clq,IndependentSet,70,Relaxed,2000,false,max,14,0.04216,na,na,73573,86960,2596
hamming10-4.clq,IndependentSet,1024,Relaxed,20000,false,max,66,46.76173,na,na,19229054,20305809,37420
johnson8-4-4.clq,IndependentSet,70,Relaxed,5000,false,max,14,0.09103,na,na,148075,177006,7625
johnson8-4-4.clq,IndependentSet,70,Relaxed,10000,false,max,14,0.15968,na,na,234482,282802,12558
johnson8-4-4.clq,IndependentSet,70,Relaxed,20000,false,max,14,0.27691,na,na,378637,465462,23687
johnson16-2-4.clq,IndependentSet,120,Exact,99999,false,max,8,0.21602,na,na,442385,573456,16384
johnson16-2-4.clq,IndependentSet,120,Restricted,500,false,max,8,0.01777,na,na,41574,49489,745
johnson16-2-4.clq,IndependentSet,120,Restricted,1000,false,max,8,0.03241,na,na,73413,88533,1489
johnson16-2-4.clq,IndependentSet,120,Restricted,2000,false,max,8,0.06158,na,na,127246,155979,2978
johnson16-2-4.clq,IndependentSet,120,Restricted,5000,false,max,8,0.10979,na,na,239815,299632,6751
johnson16-2-4.clq,IndependentSet,120,Restricted,10000,false,max,8,0.18460,na,na,356548,451262,12288
johnson16-2-4.clq,IndependentSet,120,Restricted,20000,false,max,8,0.22567,na,na,442385,573456,16384
johnson16-2-4.clq,IndependentSet,120,Relaxed,500,false,max,9,0.02230,na,na,41414,49838,818
johnson16-2-4.clq,IndependentSet,120,Relaxed,1000,false,max,8,0.04136,na,na,73301,90508,1491
johnson16-2-4.clq,IndependentSet,120,Relaxed,2000,false,max,8,0.07489,na,na,127022,159054,2980
johnson16-2-4.clq,IndependentSet,120,Relaxed,5000,false,max,8,0.15216,na,na,240564,304970,6769
johnson16-2-4.clq,IndependentSet,120,Relaxed,10000,false,max,8,0.24012,na,na,356706,455225,12289
johnson16-2-4.clq,IndependentSet,120,Relaxed,20000,false,max,8,0.22200,na,na,442385,573456,16384
johnson32-2-4.clq,IndependentSet,496,Restricted,500,false,max,16,0.16581,na,na,231542,256835,745
johnson32-2-4.clq,IndependentSet,496,Restricted,1000,false,max,16,0.34490,na,na,452339,505422,1515
johnson32-2-4.clq,IndependentSet,496,Restricted,2000,false,max,16,0.76371,na,na,885161,998482,2978
johnson32-2-4.clq,IndependentSet,496,Restricted,5000,false,max,16,2.22549,na,na,2129610,2425805,6940
johnson32-2-4.clq,IndependentSet,496,Relaxed,500,false,max,33,0.25454,na,na,234830,259796,932
johnson32-2-4.clq,IndependentSet,496,Restricted,10000,false,max,16,5.23900,na,na,4119675,4723475,13352
johnson32-2-4.clq,IndependentSet,496,Relaxed,1000,false,max,30,0.51580,na,na,457240,504742,1881
johnson32-2-4.clq,IndependentSet,496,Relaxed,2000,false,max,28,1.05271,na,na,888589,978623,3800
johnson32-2-4.clq,IndependentSet,496,Relaxed,5000,false,max,25,2.97205,na,na,2135121,2360110,9246
johnson32-2-4.clq,IndependentSet,496,Restricted,20000,false,max,16,12.92701,na,na,7984042,9208233,26779
johnson32-2-4.clq,IndependentSet,496,Relaxed,10000,false,max,23,6.71972,na,na,4136261,4608147,18239
keller4.clq,IndependentSet,171,Restricted,500,false,max,10,0.02634,na,na,57638,60776,567
keller4.clq,IndependentSet,171,Exact,99999,false,max,11,4.10211,na,na,6721492,7756355,140850
keller4.clq,IndependentSet,171,Restricted,1000,false,max,11,0.05059,na,na,104392,110171,1147
keller4.clq,IndependentSet,171,Restricted,2000,false,max,11,0.08883,na,na,185805,197329,2300
keller4.clq,IndependentSet,171,Restricted,5000,false,max,11,0.20424,na,na,392328,418407,5719
keller4.clq,IndependentSet,171,Restricted,10000,false,max,11,0.47084,na,na,769619,830029,11174
johnson32-2-4.clq,IndependentSet,496,Relaxed,20000,false,max,22,15.37525,na,na,7987848,8877634,35950
keller4.clq,IndependentSet,171,Restricted,20000,false,max,11,1.04086,na,na,1482255,1608858,21014
keller4.clq,IndependentSet,171,Relaxed,500,false,max,24,0.03885,na,na,68829,79621,644
keller4.clq,IndependentSet,171,Relaxed,1000,false,max,20,0.07408,na,na,126993,145959,1334
keller4.clq,IndependentSet,171,Relaxed,2000,false,max,18,0.14811,na,na,236686,270210,2474
keller4.clq,IndependentSet,171,Relaxed,5000,false,max,16,0.37883,na,na,540739,609464,5956
keller4.clq,IndependentSet,171,Relaxed,10000,false,max,15,0.78459,na,na,997379,1121676,11175
keller4.clq,IndependentSet,171,Relaxed,20000,false,max,13,1.64177,na,na,1818767,2041848,21705
keller5.clq,IndependentSet,776,Restricted,500,false,max,20,0.24782,na,na,357893,362192,597
keller5.clq,IndependentSet,776,Restricted,1000,false,max,21,0.49036,na,na,666785,675161,1187
keller5.clq,IndependentSet,776,Restricted,2000,false,max,22,1.15149,na,na,1301052,1317916,3036
keller5.clq,IndependentSet,776,Restricted,5000,false,max,22,3.30497,na,na,3190521,3248557,7159
keller5.clq,IndependentSet,776,Restricted,10000,false,max,22,7.69133,na,na,6218550,6341199,13115
keller5.clq,IndependentSet,776,Relaxed,500,false,max,136,0.43427,na,na,412749,467782,1000
keller5.clq,IndependentSet,776,Relaxed,1000,false,max,124,0.89308,na,na,802850,901576,2000
keller5.clq,IndependentSet,776,Relaxed,2000,false,max,115,1.94179,na,na,1574822,1757794,3814
keller5.clq,IndependentSet,776,Restricted,20000,false,max,22,19.15041,na,na,12072658,12293577,23491
keller5.clq,IndependentSet,776,Relaxed,5000,false,max,104,5.29184,na,na,3797383,4208497,9266
keller5.clq,IndependentSet,776,Relaxed,10000,false,max,98,12.22121,na,na,7380788,8146601,14929
p_hat300-1.clq,IndependentSet,300,Exact,99999,false,max,8,0.45118,na,na,1318695,1417033,15782
p_hat300-1.clq,IndependentSet,300,Restricted,500,false,max,7,0.03945,na,na,99254,101447,516
p_hat300-1.clq,IndependentSet,300,Restricted,1000,false,max,7,0.07441,na,na,177113,181875,1040
p_hat300-1.clq,IndependentSet,300,Restricted,2000,false,max,7,0.12691,na,na,305590,314983,2067
p_hat300-1.clq,IndependentSet,300,Restricted,5000,false,max,8,0.27357,na,na,606376,631749,5138
p_hat300-1.clq,IndependentSet,300,Restricted,10000,false,max,8,0.41791,na,na,976344,1030456,10215
p_hat300-1.clq,IndependentSet,300,Restricted,20000,false,max,8,0.45574,na,na,1318695,1417033,15782
p_hat300-1.clq,IndependentSet,300,Relaxed,500,false,max,20,0.06880,na,na,115001,123568,577
p_hat300-1.clq,IndependentSet,300,Relaxed,1000,false,max,17,0.12802,na,na,204011,218814,1118
p_hat300-1.clq,IndependentSet,300,Relaxed,2000,false,max,14,0.22550,na,na,351802,376732,2196
keller5.clq,IndependentSet,776,Relaxed,20000,false,max,93,28.70055,na,na,14463174,15917565,29422
p_hat300-1.clq,IndependentSet,300,Relaxed,5000,false,max,11,0.45304,na,na,680256,726221,5187
p_hat300-1.clq,IndependentSet,300,Relaxed,10000,false,max,10,0.58906,na,na,1030041,1097503,10217
p_hat300-1.clq,IndependentSet,300,Relaxed,20000,false,max,8,0.46551,na,na,1318695,1417033,15782
p_hat300-2.clq,IndependentSet,300,Restricted,500,false,max,14,0.06001,na,na,113198,115531,540
p_hat300-2.clq,IndependentSet,300,Restricted,1000,false,max,14,0.11032,na,na,206833,211111,1085
p_hat300-2.clq,IndependentSet,300,Restricted,2000,false,max,15,0.21691,na,na,385680,394577,2138
p_hat300-2.clq,IndependentSet,300,Restricted,5000,false,max,16,0.55674,na,na,870871,894869,5387
p_hat300-2.clq,IndependentSet,300,Restricted,10000,false,max,17,1.23485,na,na,1591720,1639139,10785
p_hat300-2.clq,IndependentSet,300,Relaxed,500,false,max,62,0.08317,na,na,131784,150580,902
p_hat300-2.clq,IndependentSet,300,Restricted,20000,false,max,18,2.77778,na,na,2852671,2945378,21444
p_hat300-2.clq,IndependentSet,300,Relaxed,1000,false,max,56,0.15932,na,na,243512,277377,1784
p_hat300-2.clq,IndependentSet,300,Relaxed,2000,false,max,51,0.31670,na,na,447871,506716,3312
p_hat300-2.clq,IndependentSet,300,Relaxed,5000,false,max,46,0.82747,na,na,988747,1106208,7391
p_hat300-2.clq,IndependentSet,300,Relaxed,10000,false,max,43,1.78731,na,na,1799755,2000406,14777
p_hat300-2.clq,IndependentSet,300,Relaxed,20000,false,max,40,4.03055,na,na,3238641,3588664,26517
p_hat300-3.clq,IndependentSet,300,Restricted,500,false,max,22,0.06166,na,na,126768,129196,602
p_hat300-3.clq,IndependentSet,300,Restricted,1000,false,max,22,0.13369,na,na,252457,258069,1204
p_hat300-3.clq,IndependentSet,300,Restricted,2000,false,max,22,0.28688,na,na,488310,499046,2330
p_hat300-3.clq,IndependentSet,300,Restricted,5000,false,max,23,0.79426,na,na,1166404,1193314,5793
p_hat300-3.clq,IndependentSet,300,Restricted,10000,false,max,24,1.90231,na,na,2262284,2317174,11946
p_hat300-3.clq,IndependentSet,300,Restricted,20000,false,max,24,4.77649,na,na,4365143,4475455,22638
p_hat300-3.clq,IndependentSet,300,Relaxed,500,false,max,111,0.10993,na,na,162798,198652,995
p_hat300-3.clq,IndependentSet,300,Relaxed,1000,false,max,104,0.22525,na,na,310157,374499,1992
p_hat300-3.clq,IndependentSet,300,Relaxed,2000,false,max,96,0.46389,na,na,593355,710000,3946
p_hat300-3.clq,IndependentSet,300,Relaxed,5000,false,max,88,1.30357,na,na,1394654,1646212,9892
p_hat300-3.clq,IndependentSet,300,Relaxed,10000,false,max,82,2.95932,na,na,2666613,3119730,19010
p_hat300-3.clq,IndependentSet,300,Relaxed,20000,false,max,77,7.07962,na,na,5094665,5889289,35028
p_hat500-1.clq,IndependentSet,500,Exact,99999,false,max,9,8.94986,na,na,17341128,18305153,144037
p_hat500-1.clq,IndependentSet,500,Restricted,500,false,max,7,0.09603,na,na,185944,187970,523
p_hat500-1.clq,IndependentSet,500,Restricted,1000,false,max,8,0.19211,na,na,343918,348087,1027
p_hat500-1.clq,IndependentSet,500,Restricted,2000,false,max,8,0.37007,na,na,632179,640829,2044
p_hat500-1.clq,IndependentSet,500,Restricted,5000,false,max,8,0.95668,na,na,1361578,1383837,5146
p_hat500-1.clq,IndependentSet,500,Restricted,10000,false,max,9,1.86918,na,na,2383219,2428700,10254
p_hat500-1.clq,IndependentSet,500,Restricted,20000,false,max,9,3.58552,na,na,4122326,4215964,20438
p_hat500-1.clq,IndependentSet,500,Relaxed,500,false,max,37,0.16315,na,na,216092,230959,585
p_hat500-1.clq,IndependentSet,500,Relaxed,1000,false,max,31,0.30424,na,na,400214,426001,1168
p_hat500-1.clq,IndependentSet,500,Relaxed,2000,false,max,26,0.61387,na,na,727349,771099,2257
p_hat500-1.clq,IndependentSet,500,Relaxed,5000,false,max,20,1.50736,na,na,1571488,1658896,5344
p_hat500-1.clq,IndependentSet,500,Relaxed,10000,false,max,17,2.92038,na,na,2736175,2859644,10586
p_hat500-1.clq,IndependentSet,500,Relaxed,20000,false,max,14,5.56036,na,na,4817336,5041790,20887
p_hat500-2.clq,IndependentSet,500,Restricted,500,false,max,17,0.12150,na,na,204818,207397,531
p_hat500-2.clq,IndependentSet,500,Restricted,1000,false,max,17,0.25015,na,na,389679,394661,1057
p_hat500-2.clq,IndependentSet,500,Restricted,2000,false,max,17,0.54861,na,na,734204,744263,2091
p_hat500-2.clq,IndependentSet,500,Restricted,5000,false,max,19,1.41988,na,na,1688986,1714164,5183
p_hat500-2.clq,IndependentSet,500,Restricted,10000,false,max,19,3.18690,na,na,3162550,3210887,10567
p_hat500-2.clq,IndependentSet,500,Restricted,20000,false,max,20,7.46027,na,na,5887718,5985707,21068
p_hat500-2.clq,IndependentSet,500,Relaxed,500,false,max,115,0.18409,na,na,242743,281155,1000
p_hat500-2.clq,IndependentSet,500,Relaxed,1000,false,max,107,0.36822,na,na,457392,525626,2001
p_hat500-2.clq,IndependentSet,500,Relaxed,2000,false,max,100,0.74827,na,na,858180,979946,4001
p_hat500-2.clq,IndependentSet,500,Relaxed,5000,false,max,90,2.02926,na,na,1954618,2212993,10001
p_hat500-2.clq,IndependentSet,500,Relaxed,10000,false,max,84,4.41361,na,na,3636644,4090461,19925
p_hat500-2.clq,IndependentSet,500,Relaxed,20000,false,max,78,10.34724,na,na,6792375,7594211,39047
p_hat500-3.clq,IndependentSet,500,Restricted,500,false,max,28,0.11649,na,na,223884,227506,665
p_hat500-3.clq,IndependentSet,500,Restricted,1000,false,max,28,0.26545,na,na,442158,449221,1134
p_hat500-3.clq,IndependentSet,500,Restricted,2000,false,max,28,0.61316,na,na,860770,873774,2238
p_hat500-3.clq,IndependentSet,500,Restricted,5000,false,max,28,1.78664,na,na,2104058,2135922,5688
p_hat500-3.clq,IndependentSet,500,Restricted,10000,false,max,28,4.30342,na,na,4125467,4188018,11365
p_hat500-3.clq,IndependentSet,500,Restricted,20000,false,max,28,10.28373,na,na,8025322,8149653,23041
p_hat500-3.clq,IndependentSet,500,Relaxed,500,false,max,197,0.22934,na,na,287134,354477,1001
p_hat500-3.clq,IndependentSet,500,Relaxed,1000,false,max,183,0.47375,na,na,554767,676413,2001
p_hat500-3.clq,IndependentSet,500,Relaxed,2000,false,max,174,1.01384,na,na,1073261,1292910,4001
p_hat500-3.clq,IndependentSet,500,Relaxed,5000,false,max,160,2.91436,na,na,2569273,3043196,10001
p_hat500-3.clq,IndependentSet,500,Relaxed,10000,false,max,152,6.73964,na,na,4983749,5859957,19993
p_hat500-3.clq,IndependentSet,500,Relaxed,20000,false,max,144,16.98311,na,na,9689384,11287009,40001
p_hat700-1.clq,IndependentSet,700,Restricted,500,false,max,9,0.16526,na,na,274134,276250,510
p_hat700-1.clq,IndependentSet,700,Restricted,1000,false,max,9,0.33990,na,na,515514,520084,1019
p_hat700-1.clq,IndependentSet,700,Restricted,2000,false,max,9,0.75210,na,na,968463,977984,2054
p_hat700-1.clq,IndependentSet,700,Restricted,5000,false,max,9,1.93842,na,na,2174850,2199439,5101
p_hat700-1.clq,IndependentSet,700,Restricted,10000,false,max,9,3.98066,na,na,3944083,3993521,10191
p_hat700-1.clq,IndependentSet,700,Relaxed,500,false,max,49,0.26471,na,na,312812,332089,642
p_hat700-1.clq,IndependentSet,700,Relaxed,1000,false,max,41,0.53484,na,na,586590,619949,1171
p_hat700-1.clq,IndependentSet,700,Relaxed,2000,false,max,35,1.08560,na,na,1092515,1150807,2275
p_hat700-1.clq,IndependentSet,700,Restricted,20000,false,max,9,8.18165,na,na,7041318,7142214,20348
p_hat700-1.clq,IndependentSet,700,Relaxed,5000,false,max,28,2.82934,na,na,2451239,2572149,5539
p_hat700-1.clq,IndependentSet,700,Relaxed,10000,false,max,23,5.73197,na,na,4424655,4611382,10787
p_hat700-1.clq,IndependentSet,700,Relaxed,20000,false,max,19,12.26088,na,na,7986863,8297729,21149
p_hat700-1.clq,IndependentSet,700,Exact,99999,false,max,11,49.13583,na,na,90036711,94192731,599375
p_hat700-2.clq,IndependentSet,700,Restricted,500,false,max,18,0.19925,na,na,291886,294253,549
p_hat700-2.clq,IndependentSet,700,Restricted,1000,false,max,19,0.43562,na,na,555096,560093,1049
p_hat700-2.clq,IndependentSet,700,Restricted,2000,false,max,18,0.94806,na,na,1069299,1079839,2077
p_hat700-2.clq,IndependentSet,700,Restricted,5000,false,max,21,2.59566,na,na,2510286,2537652,5225
p_hat700-2.clq,IndependentSet,700,Restricted,10000,false,max,22,5.71153,na,na,4772850,4827123,10390
p_hat700-2.clq,IndependentSet,700,Relaxed,500,false,max,157,0.30412,na,na,346256,400339,1001
p_hat700-2.clq,IndependentSet,700,Relaxed,1000,false,max,146,0.64475,na,na,658424,755566,1996
p_hat700-2.clq,IndependentSet,700,Relaxed,2000,false,max,135,1.32094,na,na,1247849,1426225,3987
p_hat700-2.clq,IndependentSet,700,Restricted,20000,false,max,22,13.39289,na,na,9084445,9193500,20734
p_hat700-2.clq,IndependentSet,700,Relaxed,5000,false,max,124,3.58637,na,na,2879492,3258713,9732
p_hat700-2.clq,IndependentSet,700,Relaxed,10000,false,max,116,7.96954,na,na,5439654,6129212,19707
p_hat700-2.clq,IndependentSet,700,Relaxed,20000,false,max,109,18.32280,na,na,10299943,11515595,39377
p_hat700-3.clq,IndependentSet,700,Restricted,500,false,max,25,0.18250,na,na,300566,303734,597
p_hat700-3.clq,IndependentSet,700,Restricted,1000,false,max,25,0.38490,na,na,605334,611590,1153
p_hat700-3.clq,IndependentSet,700,Restricted,2000,false,max,28,0.97648,na,na,1220430,1233002,2312
p_hat700-3.clq,IndependentSet,700,Restricted,5000,false,max,29,3.13374,na,na,3060020,3092116,5625
p_hat700-3.clq,IndependentSet,700,Restricted,10000,false,max,29,7.47299,na,na,6000410,6062874,11819
p_hat700-3.clq,IndependentSet,700,Relaxed,500,false,max,272,0.39179,na,na,411686,507283,1001
p_hat700-3.clq,IndependentSet,700,Relaxed,1000,false,max,257,0.82264,na,na,798432,971965,2001
p_hat700-3.clq,IndependentSet,700,Relaxed,2000,false,max,242,1.76627,na,na,1553730,1871108,4001
p_hat700-3.clq,IndependentSet,700,Relaxed,5000,false,max,224,5.24336,na,na,3752647,4457534,10001
p_hat700-3.clq,IndependentSet,700,Restricted,20000,false,max,29,18.66159,na,na,11865045,11989687,21715
p_hat700-3.clq,IndependentSet,700,Relaxed,10000,false,max,212,12.49832,na,na,7327657,8625706,20001
p_hat700-3.clq,IndependentSet,700,Relaxed,20000,false,max,200,29.75139,na,na,14309577,16714088,39901
p_hat1000-1.clq,IndependentSet,1000,Restricted,500,false,max,9,0.27162,na,na,412070,414177,512
p_hat1000-1.clq,IndependentSet,1000,Restricted,1000,false,max,9,0.62797,na,na,786795,791341,1027
p_hat1000-1.clq,IndependentSet,1000,Restricted,2000,false,max,9,1.38710,na,na,1491819,1501444,2029
p_hat1000-1.clq,IndependentSet,1000,Restricted,5000,false,max,9,3.81907,na,na,3413281,3437913,5109
p_hat1000-1.clq,IndependentSet,1000,Restricted,10000,false,max,9,8.47494,na,na,6306085,6355511,10171
p_hat1000-1.clq,IndependentSet,1000,Restricted,20000,false,max,9,18.43715,na,na,11494302,11593818,20294
p_hat1000-1.clq,IndependentSet,1000,Relaxed,500,false,max,69,0.49961,na,na,469556,496202,678
p_hat1000-1.clq,IndependentSet,1000,Relaxed,1000,false,max,58,1.02517,na,na,891647,936508,1292
p_hat1000-1.clq,IndependentSet,1000,Relaxed,2000,false,max,49,2.14848,na,na,1680776,1757897,2344
p_hat1000-1.clq,IndependentSet,1000,Relaxed,5000,false,max,40,5.83939,na,na,3852341,4013485,5570
p_hat1000-1.clq,IndependentSet,1000,Relaxed,10000,false,max,33,13.14314,na,na,7173144,7462656,10896
p_hat1000-1.clq,IndependentSet,1000,Relaxed,20000,false,max,27,28.33008,na,na,13156123,13605332,21364
p_hat1000-2.clq,IndependentSet,1000,Restricted,500,false,max,18,0.32692,na,na,429615,432110,551
p_hat1000-2.clq,IndependentSet,1000,Restricted,1000,false,max,18,0.78592,na,na,843459,848668,1040
p_hat1000-2.clq,IndependentSet,1000,Restricted,2000,false,max,19,1.74513,na,na,1633827,1643954,2070
p_hat1000-2.clq,IndependentSet,1000,Restricted,5000,false,max,20,5.03417,na,na,3847766,3873448,5157
p_hat1000-2.clq,IndependentSet,1000,Restricted,10000,false,max,21,11.73732,na,na,7420143,7473977,10309
p_hat1000-2.clq,IndependentSet,1000,Restricted,20000,false,max,21,27.83589,na,na,14121167,14225061,20675
p_hat1000-2.clq,IndependentSet,1000,Relaxed,500,false,max,219,0.56192,na,na,517235,591622,1001
p_hat1000-2.clq,IndependentSet,1000,Relaxed,1000,false,max,203,1.20974,na,na,991667,1125226,2000
p_hat1000-2.clq,IndependentSet,1000,Relaxed,2000,false,max,188,2.52326,na,na,1892226,2132110,3938
p_hat1000-2.clq,IndependentSet,1000,Relaxed,5000,false,max,170,7.17762,na,na,4430672,4960461,9619
p_hat1000-2.clq,IndependentSet,1000,Relaxed,10000,false,max,158,16.67593,na,na,8431815,9395190,19189
p_hat1000-2.clq,IndependentSet,1000,Relaxed,20000,false,max,147,38.18927,na,na,16056882,17775674,38658
p_hat1000-3.clq,IndependentSet,1000,Restricted,500,false,max,27,0.28984,na,na,452082,454876,592
p_hat1000-3.clq,IndependentSet,1000,Restricted,1000,false,max,30,0.66006,na,na,902124,908095,1251
p_hat1000-3.clq,IndependentSet,1000,Restricted,2000,false,max,30,1.73234,na,na,1782333,1794466,2333
p_hat1000-3.clq,IndependentSet,1000,Restricted,5000,false,max,30,5.68388,na,na,4384967,4415760,5472
p_hat1000-3.clq,IndependentSet,1000,Restricted,10000,false,max,30,13.63105,na,na,8739635,8802852,11211
p_hat1000-3.clq,IndependentSet,1000,Relaxed,500,false,max,380,0.70821,na,na,603893,740070,1001
p_hat1000-3.clq,IndependentSet,1000,Relaxed,1000,false,max,359,1.48383,na,na,1174677,1421806,2001
p_hat1000-3.clq,IndependentSet,1000,Relaxed,2000,false,max,336,3.21969,na,na,2290237,2739782,4001
p_hat1000-3.clq,IndependentSet,1000,Relaxed,5000,false,max,313,9.38845,na,na,5559399,6567708,10001
p_hat1000-3.clq,IndependentSet,1000,Restricted,20000,false,max,30,33.76217,na,na,17280199,17406612,22610
p_hat1000-3.clq,IndependentSet,1000,Relaxed,10000,false,max,294,22.31087,na,na,10854028,12689550,20001
p_hat1500-1.clq,IndependentSet,1500,Restricted,500,false,max,8,0.51518,na,na,630640,632452,511
p_hat1500-1.clq,IndependentSet,1500,Restricted,1000,false,max,8,1.26337,na,na,1221797,1225648,1020
p_hat1500-1.clq,IndependentSet,1500,Restricted,2000,false,max,9,2.74016,na,na,2299028,2306803,2038
p_hat1500-1.clq,IndependentSet,1500,Restricted,5000,false,max,9,8.35735,na,na,5452974,5473290,5064
p_hat1000-3.clq,IndependentSet,1000,Relaxed,20000,false,max,279,53.12405,na,na,21255415,24635250,40001
p_hat1500-1.clq,IndependentSet,1500,Restricted,10000,false,max,9,18.90584,na,na,10291671,10333652,10138
p_hat1500-1.clq,IndependentSet,1500,Relaxed,500,false,max,110,1.00727,na,na,728711,769906,693
p_hat1500-1.clq,IndependentSet,1500,Relaxed,1000,false,max,93,2.10924,na,na,1401330,1471283,1282
p_hat1500-1.clq,IndependentSet,1500,Relaxed,2000,false,max,79,4.49246,na,na,2683676,2804253,2456
p_hat1500-1.clq,IndependentSet,1500,Relaxed,5000,false,max,64,12.32329,na,na,6282823,6539517,5837
p_hat1500-1.clq,IndependentSet,1500,Restricted,20000,false,max,9,41.69664,na,na,19265678,19351346,20224
p_hat1500-1.clq,IndependentSet,1500,Relaxed,10000,false,max,54,28.73396,na,na,11873694,12332284,11209
p_hat1500-2.clq,IndependentSet,1500,Restricted,500,false,max,20,0.63363,na,na,672650,675465,555
p_hat1500-2.clq,IndependentSet,1500,Restricted,1000,false,max,21,1.57019,na,na,1314229,1320180,1049
p_hat1500-2.clq,IndependentSet,1500,Restricted,2000,false,max,22,3.78766,na,na,2548145,2559830,2067
p_hat1500-2.clq,IndependentSet,1500,Restricted,5000,false,max,22,11.15988,na,na,6059271,6087549,5266
p_hat1500-1.clq,IndependentSet,1500,Relaxed,20000,false,max,46,63.01287,na,na,22288041,23064899,21577
p_hat1500-2.clq,IndependentSet,1500,Restricted,10000,false,max,24,26.01446,na,na,11803449,11860128,10227
p_hat1500-2.clq,IndependentSet,1500,Relaxed,500,false,max,352,1.17917,na,na,810405,936064,1001
p_hat1500-2.clq,IndependentSet,1500,Relaxed,1000,false,max,325,2.47526,na,na,1561515,1787896,2001
p_hat1500-2.clq,IndependentSet,1500,Relaxed,2000,false,max,303,5.34557,na,na,3013927,3425429,4001
p_hat1500-2.clq,IndependentSet,1500,Relaxed,5000,false,max,278,15.91671,na,na,7171151,8094859,10001
p_hat1500-2.clq,IndependentSet,1500,Restricted,20000,false,max,24,60.18230,na,na,22801422,22917157,20462
p_hat1500-2.clq,IndependentSet,1500,Relaxed,10000,false,max,260,36.38400,na,na,13762999,15455576,20001
p_hat1500-3.clq,IndependentSet,1500,Restricted,500,false,max,29,0.48159,na,na,686673,689887,637
p_hat1500-3.clq,IndependentSet,1500,Restricted,1000,false,max,30,1.15807,na,na,1285651,1291283,1268
p_hat1500-3.clq,IndependentSet,1500,Restricted,2000,false,max,30,2.96786,na,na,2646577,2659307,2361
p_hat1500-3.clq,IndependentSet,1500,Restricted,5000,false,max,30,10.07623,na,na,6594105,6626353,5759
p_hat1500-3.clq,IndependentSet,1500,Restricted,10000,false,max,32,26.65357,na,na,13242779,13306774,11259
p_hat1500-2.clq,IndependentSet,1500,Relaxed,20000,false,max,243,81.41669,na,na,26401026,29507808,40001
p_hat1500-3.clq,IndependentSet,1500,Relaxed,500,false,max,594,1.51167,na,na,935920,1159398,1001
p_hat1500-3.clq,IndependentSet,1500,Relaxed,1000,false,max,561,3.21489,na,na,1827142,2236170,2001
p_hat1500-3.clq,IndependentSet,1500,Relaxed,2000,false,max,530,7.00674,na,na,3573440,4328002,4001
p_hat1500-3.clq,IndependentSet,1500,Relaxed,5000,false,max,494,20.54360,na,na,8706385,10423843,10001
p_hat1500-3.clq,IndependentSet,1500,Restricted,20000,false,max,33,67.01505,na,na,26662084,26797801,22053
p_hat1500-3.clq,IndependentSet,1500,Relaxed,10000,false,max,470,47.56335,na,na,17080213,20270579,20001
san200_0.7_1.clq,IndependentSet,200,Restricted,500,false,max,16,0.02154,na,na,57850,65334,976
san200_0.7_1.clq,IndependentSet,200,Restricted,1000,false,max,16,0.04735,na,na,114352,131348,1918
san200_0.7_1.clq,IndependentSet,200,Restricted,2000,false,max,16,0.10847,na,na,225443,261192,3666
san200_0.7_1.clq,IndependentSet,200,Restricted,5000,false,max,17,0.31560,na,na,531896,622960,8636
san200_0.7_1.clq,IndependentSet,200,Restricted,10000,false,max,17,0.69086,na,na,1004899,1187044,16575
san200_0.7_1.clq,IndependentSet,200,Restricted,20000,false,max,18,1.77881,na,na,1921883,2300080,31977
san200_0.7_1.clq,IndependentSet,200,Relaxed,500,false,max,81,0.07226,na,na,108211,144284,998
san200_0.7_1.clq,IndependentSet,200,Relaxed,1000,false,max,75,0.14341,na,na,203579,270344,1979
san200_0.7_1.clq,IndependentSet,200,Relaxed,2000,false,max,67,0.29589,na,na,388365,514951,3932
san200_0.7_1.clq,IndependentSet,200,Relaxed,5000,false,max,58,0.79121,na,na,886910,1172667,9283
san200_0.7_1.clq,IndependentSet,200,Relaxed,10000,false,max,53,1.81220,na,na,1703687,2248845,19007
san200_0.7_1.clq,IndependentSet,200,Relaxed,20000,false,max,48,4.18007,na,na,3278645,4306374,32835
san200_0.7_2.clq,IndependentSet,200,Restricted,500,false,max,11,0.02456,na,na,63245,66805,782
san200_0.7_2.clq,IndependentSet,200,Restricted,1000,false,max,11,0.04763,na,na,121508,128726,1324
san200_0.7_2.clq,IndependentSet,200,Restricted,2000,false,max,12,0.09421,na,na,226442,241643,2593
san200_0.7_2.clq,IndependentSet,200,Restricted,5000,false,max,12,0.23964,na,na,511569,551719,5537
san200_0.7_2.clq,IndependentSet,200,Restricted,10000,false,max,12,0.47535,na,na,905463,985673,11424
san200_0.7_2.clq,IndependentSet,200,Restricted,20000,false,max,12,0.99895,na,na,1670911,1826008,22682
san200_0.7_2.clq,IndependentSet,200,Relaxed,500,false,max,70,0.06865,na,na,101160,135600,1001
san200_0.7_2.clq,IndependentSet,200,Relaxed,1000,false,max,60,0.13391,na,na,189091,253514,2001
san200_0.7_2.clq,IndependentSet,200,Relaxed,2000,false,max,51,0.26398,na,na,356670,470091,3881
san200_0.7_2.clq,IndependentSet,200,Relaxed,5000,false,max,40,0.70452,na,na,826234,1054907,9123
san200_0.7_2.clq,IndependentSet,200,Relaxed,10000,false,max,32,1.47846,na,na,1539392,1941032,16005
san200_0.7_2.clq,IndependentSet,200,Exact,99999,false,max,18,28.58237,na,na,44382484,49804154,539583
san200_0.7_2.clq,IndependentSet,200,Relaxed,20000,false,max,27,2.88437,na,na,2927507,3519281,26875
san200_0.9_1.clq,IndependentSet,200,Restricted,500,false,max,29,0.02581,na,na,56666,59804,1000
san200_0.9_1.clq,IndependentSet,200,Restricted,1000,false,max,29,0.05284,na,na,109408,116207,2000
san200_0.9_1.clq,IndependentSet,200,Restricted,2000,false,max,29,0.10732,na,na,199487,213970,4000
san200_0.9_1.clq,IndependentSet,200,Restricted,5000,false,max,30,0.31542,na,na,528188,566410,9970
san200_0.9_1.clq,IndependentSet,200,Restricted,10000,false,max,31,0.73207,na,na,1018691,1098813,19871
p_hat1500-3.clq,IndependentSet,1500,Relaxed,20000,false,max,447,108.71950,na,na,33529642,39485284,40001
san200_0.9_1.clq,IndependentSet,200,Restricted,20000,false,max,32,1.72420,na,na,1904872,2074467,39860
san200_0.9_1.clq,IndependentSet,200,Relaxed,500,false,max,143,0.09470,na,na,128138,183140,1001
san200_0.9_1.clq,IndependentSet,200,Relaxed,1000,false,max,139,0.19390,na,na,249260,355909,2001
san200_0.9_1.clq,IndependentSet,200,Relaxed,2000,false,max,136,0.42970,na,na,484534,686532,4001
san200_0.9_1.clq,IndependentSet,200,Relaxed,5000,false,max,131,1.23574,na,na,1163000,1643566,10001
san200_0.9_1.clq,IndependentSet,200,Relaxed,10000,false,max,128,2.88157,na,na,2257066,3174095,20001
san200_0.9_1.clq,IndependentSet,200,Relaxed,20000,false,max,124,6.76662,na,na,4353032,6105144,40001
san200_0.9_2.clq,IndependentSet,200,Restricted,500,false,max,29,0.03620,na,na,84130,87311,1000
san200_0.9_2.clq,IndependentSet,200,Restricted,1000,false,max,29,0.07979,na,na,162378,169741,2000
san200_0.9_2.clq,IndependentSet,200,Restricted,2000,false,max,29,0.16039,na,na,314208,330287,4000
san200_0.9_2.clq,IndependentSet,200,Restricted,5000,false,max,30,0.45458,na,na,762899,802397,9829
san200_0.9_2.clq,IndependentSet,200,Restricted,10000,false,max,31,1.05061,na,na,1477571,1563313,19079
san200_0.9_2.clq,IndependentSet,200,Restricted,20000,false,max,31,2.44554,na,na,2851372,3034065,38923
san200_0.9_2.clq,IndependentSet,200,Relaxed,500,false,max,113,0.08290,na,na,120254,160411,1001
san200_0.9_2.clq,IndependentSet,200,Relaxed,1000,false,max,109,0.17523,na,na,231680,307302,2001
san200_0.9_2.clq,IndependentSet,200,Relaxed,2000,false,max,105,0.36605,na,na,451751,596378,4001
san200_0.9_2.clq,IndependentSet,200,Relaxed,5000,false,max,101,1.03636,na,na,1076979,1406122,10001
san200_0.9_2.clq,IndependentSet,200,Relaxed,10000,false,max,98,2.32457,na,na,2088006,2712494,19858
san200_0.9_2.clq,IndependentSet,200,Relaxed,20000,false,max,95,5.49253,na,na,4013348,5159841,38955
san200_0.9_3.clq,IndependentSet,200,Restricted,500,false,max,26,0.03385,na,na,80296,83278,998
san200_0.9_3.clq,IndependentSet,200,Restricted,1000,false,max,27,0.07066,na,na,156526,162620,1976
san200_0.9_3.clq,IndependentSet,200,Restricted,2000,false,max,29,0.16271,na,na,310264,323387,3874
san200_0.9_3.clq,IndependentSet,200,Restricted,5000,false,max,30,0.46496,na,na,739981,774412,9536
san200_0.9_3.clq,IndependentSet,200,Restricted,10000,false,max,30,1.07841,na,na,1414510,1483575,19251
san200_0.9_3.clq,IndependentSet,200,Restricted,20000,false,max,30,2.77406,na,na,2782240,2930754,38497
san200_0.9_3.clq,IndependentSet,200,Relaxed,500,false,max,109,0.08432,na,na,121220,160049,1001
san200_0.9_3.clq,IndependentSet,200,Relaxed,1000,false,max,105,0.17197,na,na,233897,305446,2001
san200_0.9_3.clq,IndependentSet,200,Relaxed,2000,false,max,101,0.37269,na,na,449409,582992,4001
san200_0.9_3.clq,IndependentSet,200,Relaxed,5000,false,max,97,1.08481,na,na,1069146,1374016,10001
san200_0.9_3.clq,IndependentSet,200,Relaxed,10000,false,max,93,2.49875,na,na,2054938,2613050,19985
san200_0.9_3.clq,IndependentSet,200,Relaxed,20000,false,max,90,5.66530,na,na,3916337,4939037,39997
san400_0.5_1.clq,IndependentSet,400,Exact,99999,false,max,13,6.60115,na,na,9837378,12172614,87611
san400_0.5_1.clq,IndependentSet,400,Restricted,500,false,max,7,0.05616,na,na,95113,117086,550
san400_0.5_1.clq,IndependentSet,400,Restricted,1000,false,max,8,0.13188,na,na,180204,226473,1071
san400_0.5_1.clq,IndependentSet,400,Restricted,2000,false,max,8,0.30069,na,na,340015,436450,2097
san400_0.5_1.clq,IndependentSet,400,Restricted,5000,false,max,9,0.81979,na,na,790535,1046415,5192
san400_0.5_1.clq,IndependentSet,400,Restricted,10000,false,max,13,1.68178,na,na,1486152,1999516,10347
san400_0.5_1.clq,IndependentSet,400,Restricted,20000,false,max,13,3.12095,na,na,2674779,3614135,20618
san400_0.5_1.clq,IndependentSet,400,Relaxed,500,false,max,48,0.14767,na,na,190203,267666,652
san400_0.5_1.clq,IndependentSet,400,Relaxed,1000,false,max,37,0.29453,na,na,363977,501867,1367
san400_0.5_1.clq,IndependentSet,400,Relaxed,2000,false,max,29,0.57910,na,na,687663,924289,2404
san400_0.5_1.clq,IndependentSet,400,Relaxed,5000,false,max,22,1.50486,na,na,1604182,2101236,5606
san400_0.5_1.clq,IndependentSet,400,Relaxed,10000,false,max,17,3.08792,na,na,2994741,3816457,10651
san400_0.5_1.clq,IndependentSet,400,Relaxed,20000,false,max,14,3.97939,na,na,3983840,5063368,20997
san400_0.7_1.clq,IndependentSet,400,Restricted,500,false,max,20,0.06499,na,na,172673,184832,1000
san400_0.7_1.clq,IndependentSet,400,Restricted,1000,false,max,21,0.13653,na,na,337933,363386,1991
san400_0.7_1.clq,IndependentSet,400,Restricted,2000,false,max,21,0.29806,na,na,665564,722931,3975
san400_0.7_1.clq,IndependentSet,400,Restricted,5000,false,max,21,0.85420,na,na,1619347,1775537,9801
san400_0.7_1.clq,IndependentSet,400,Restricted,10000,false,max,21,1.94829,na,na,3168747,3500697,19670
san400_0.7_1.clq,IndependentSet,400,Restricted,20000,false,max,21,5.13805,na,na,6259040,6951016,38412
san400_0.7_1.clq,IndependentSet,400,Relaxed,500,false,max,146,0.18203,na,na,234231,294814,1001
san400_0.7_1.clq,IndependentSet,400,Relaxed,1000,false,max,136,0.37844,na,na,451581,565457,1998
san400_0.7_1.clq,IndependentSet,400,Relaxed,2000,false,max,127,0.79052,na,na,876841,1096522,3957
san400_0.7_1.clq,IndependentSet,400,Relaxed,5000,false,max,116,2.28893,na,na,2069611,2568127,9754
san400_0.7_1.clq,IndependentSet,400,Relaxed,10000,false,max,109,5.21585,na,na,4003288,4925699,19355
san400_0.7_1.clq,IndependentSet,400,Relaxed,20000,false,max,98,12.16257,na,na,7721356,9443879,38543
san400_0.7_2.clq,IndependentSet,400,Restricted,500,false,max,16,0.05677,na,na,151107,165772,972
san400_0.7_2.clq,IndependentSet,400,Restricted,1000,false,max,16,0.12140,na,na,292455,319865,1895
san400_0.7_2.clq,IndependentSet,400,Restricted,2000,false,max,16,0.25434,na,na,571721,632574,3760
san400_0.7_2.clq,IndependentSet,400,Restricted,5000,false,max,17,0.78323,na,na,1408543,1558268,8821
san400_0.7_2.clq,IndependentSet,400,Restricted,10000,false,max,17,1.90581,na,na,2761223,3063332,16929
san400_0.7_2.clq,IndependentSet,400,Restricted,20000,false,max,17,4.72372,na,na,5428232,6053257,32168
san400_0.7_2.clq,IndependentSet,400,Relaxed,500,false,max,142,0.17926,na,na,230325,291823,964
san400_0.7_2.clq,IndependentSet,400,Relaxed,1000,false,max,131,0.36604,na,na,444702,560125,1951
san400_0.7_2.clq,IndependentSet,400,Relaxed,2000,false,max,118,0.78452,na,na,857791,1073350,3905
san400_0.7_2.clq,IndependentSet,400,Relaxed,5000,false,max,103,2.24782,na,na,2066095,2564946,8778
san400_0.7_2.clq,IndependentSet,400,Relaxed,10000,false,max,94,5.05975,na,na,3989922,4930102,17040
san400_0.7_2.clq,IndependentSet,400,Relaxed,20000,false,max,85,11.96957,na,na,7726811,9568178,33094
san400_0.7_3.clq,IndependentSet,400,Restricted,500,false,max,13,0.04752,na,na,111690,122956,904
san400_0.7_3.clq,IndependentSet,400,Restricted,1000,false,max,14,0.10551,na,na,222358,245916,1701
san400_0.7_3.clq,IndependentSet,400,Restricted,2000,false,max,14,0.25893,na,na,442369,491728,3379
san400_0.7_3.clq,IndependentSet,400,Restricted,5000,false,max,14,0.84444,na,na,1096155,1227025,8697
san400_0.7_3.clq,IndependentSet,400,Restricted,10000,false,max,14,1.94074,na,na,2188650,2459797,12378
san400_0.7_3.clq,IndependentSet,400,Restricted,20000,false,max,14,4.98611,na,na,4350663,4903719,26189
san400_0.7_3.clq,IndependentSet,400,Relaxed,500,false,max,137,0.17402,na,na,222323,295079,1001
san400_0.7_3.clq,IndependentSet,400,Relaxed,1000,false,max,121,0.37981,na,na,424831,559895,2001
san400_0.7_3.clq,IndependentSet,400,Relaxed,2000,false,max,106,0.75162,na,na,802476,1054690,3841
san400_0.7_3.clq,IndependentSet,400,Relaxed,5000,false,max,94,2.19439,na,na,1939306,2529555,8752
san400_0.7_3.clq,IndependentSet,400,Relaxed,10000,false,max,82,4.87556,na,na,3708378,4810561,17313
san400_0.7_3.clq,IndependentSet,400,Relaxed,20000,false,max,73,11.58158,na,na,7389325,9452525,33362
san400_0.9_1.clq,IndependentSet,400,Restricted,500,false,max,50,0.08372,na,na,177782,181222,1000
san400_0.9_1.clq,IndependentSet,400,Restricted,1000,false,max,51,0.18096,na,na,336481,343101,2000
san400_0.9_1.clq,IndependentSet,400,Restricted,2000,false,max,51,0.38954,na,na,679878,695645,4000
san400_0.9_1.clq,IndependentSet,400,Restricted,5000,false,max,51,1.10378,na,na,1657553,1702730,10000
san400_0.9_1.clq,IndependentSet,400,Restricted,10000,false,max,51,2.68964,na,na,3190186,3283111,20000
san400_0.9_1.clq,IndependentSet,400,Restricted,20000,false,max,52,6.54942,na,na,6158629,6349148,39995
san400_0.9_1.clq,IndependentSet,400,Relaxed,500,false,max,227,0.21627,na,na,265008,350359,1001
san400_0.9_1.clq,IndependentSet,400,Relaxed,1000,false,max,217,0.45762,na,na,513898,673397,2001
san400_0.9_1.clq,IndependentSet,400,Relaxed,2000,false,max,209,0.99716,na,na,1000397,1304600,4000
san400_0.9_1.clq,IndependentSet,400,Relaxed,5000,false,max,198,2.99161,na,na,2429693,3155396,10001
san400_0.9_1.clq,IndependentSet,400,Relaxed,10000,false,max,193,6.97741,na,na,4746861,6143722,20001
san400_0.9_1.clq,IndependentSet,400,Relaxed,20000,false,max,188,17.09678,na,na,9307371,12051906,39802
san1000.clq,IndependentSet,1000,Restricted,500,false,max,9,0.17106,na,na,257466,303204,554
san1000.clq,IndependentSet,1000,Restricted,1000,false,max,9,0.41206,na,na,502054,595745,1079
san1000.clq,IndependentSet,1000,Restricted,2000,false,max,9,1.01226,na,na,964184,1165569,2201
san1000.clq,IndependentSet,1000,Restricted,5000,false,max,9,3.59344,na,na,2314842,2862303,5330
san1000.clq,IndependentSet,1000,Restricted,10000,false,max,9,10.29116,na,na,4497228,5703573,10563
san1000.clq,IndependentSet,1000,Restricted,20000,false,max,9,26.24327,na,na,8818032,11453092,20558
san1000.clq,IndependentSet,1000,Relaxed,500,false,max,141,0.64460,na,na,501957,728407,925
san1000.clq,IndependentSet,1000,Relaxed,1000,false,max,109,1.33999,na,na,980338,1414633,1702
san1000.clq,IndependentSet,1000,Relaxed,2000,false,max,91,3.01044,na,na,1897943,2721466,2913
san1000.clq,IndependentSet,1000,Relaxed,5000,false,max,64,8.08758,na,na,4550686,6273364,6218
san1000.clq,IndependentSet,1000,Relaxed,10000,false,max,52,18.45076,na,na,8919345,12029528,11355
san1000.clq,IndependentSet,1000,Relaxed,20000,false,max,42,43.30098,na,na,17704996,23855378,21633
sanr200_0.7.clq,IndependentSet,200,Restricted,500,false,max,14,0.02986,na,na,74490,76748,689
sanr200_0.7.clq,IndependentSet,200,Restricted,1000,false,max,15,0.06666,na,na,142787,147402,1308
sanr200_0.7.clq,IndependentSet,200,Restricted,2000,false,max,15,0.14422,na,na,276769,285951,2698
sanr200_0.7.clq,IndependentSet,200,Restricted,5000,false,max,15,0.38456,na,na,647566,670188,6350
sanr200_0.7.clq,IndependentSet,200,Restricted,10000,false,max,16,0.82475,na,na,1220820,1265193,12098
sanr200_0.7.clq,IndependentSet,200,Restricted,20000,false,max,16,1.92995,na,na,2358331,2452101,25396
sanr200_0.7.clq,IndependentSet,200,Relaxed,500,false,max,58,0.06418,na,na,101056,120103,912
sanr200_0.7.clq,IndependentSet,200,Relaxed,1000,false,max,52,0.12643,na,na,192203,225333,1543
sanr200_0.7.clq,IndependentSet,200,Relaxed,2000,false,max,48,0.26010,na,na,366879,425246,3132
sanr200_0.7.clq,IndependentSet,200,Relaxed,5000,false,max,43,0.71388,na,na,860945,983953,7228
sanr200_0.7.clq,IndependentSet,200,Relaxed,10000,false,max,39,1.58520,na,na,1637452,1851257,13237
sanr200_0.7.clq,IndependentSet,200,Relaxed,20000,false,max,36,3.73180,na,na,3079918,3454749,25673
sanr200_0.9.clq,IndependentSet,200,Restricted,500,false,max,31,0.03812,na,na,86431,89955,960
sanr200_0.9.clq,IndependentSet,200,Restricted,1000,false,max,33,0.08024,na,na,166072,173169,1904
sanr200_0.9.clq,IndependentSet,200,Restricted,2000,false,max,33,0.18194,na,na,327210,340645,3783
sanr200_0.9.clq,IndependentSet,200,Restricted,5000,false,max,34,0.52503,na,na,801465,836857,9001
sanr200_0.9.clq,IndependentSet,200,Restricted,10000,false,max,34,1.28908,na,na,1567171,1636913,17093
sanr200_0.9.clq,IndependentSet,200,Restricted,20000,false,max,35,3.26092,na,na,3073312,3213990,33515
sanr200_0.9.clq,IndependentSet,200,Relaxed,500,false,max,104,0.08406,na,na,116454,153036,1001
sanr200_0.9.clq,IndependentSet,200,Relaxed,1000,false,max,100,0.16245,na,na,224445,291110,1995
sanr200_0.9.clq,IndependentSet,200,Relaxed,2000,false,max,98,0.34544,na,na,434370,559033,3988
sanr200_0.9.clq,IndependentSet,200,Relaxed,5000,false,max,93,0.97370,na,na,1028113,1311401,9959
sanr200_0.9.clq,IndependentSet,200,Relaxed,10000,false,max,90,2.27054,na,na,1975806,2504713,19755
sanr200_0.9.clq,IndependentSet,200,Relaxed,20000,false,max,86,5.55496,na,na,3816264,4798512,39391
sanr400_0.5.clq,IndependentSet,400,Restricted,500,false,max,11,0.06382,na,na,153003,154838,556
sanr400_0.5.clq,IndependentSet,400,Restricted,1000,false,max,11,0.13878,na,na,294672,298566,1128
sanr400_0.5.clq,IndependentSet,400,Restricted,2000,false,max,11,0.30285,na,na,590741,599268,2215
sanr400_0.5.clq,IndependentSet,400,Restricted,5000,false,max,12,0.86641,na,na,1414898,1437706,5465
sanr400_0.5.clq,IndependentSet,400,Restricted,10000,false,max,12,1.98097,na,na,2724304,2771509,10806
sanr400_0.5.clq,IndependentSet,400,Restricted,20000,false,max,12,4.63927,na,na,5196219,5293160,22054
sanr400_0.5.clq,IndependentSet,400,Relaxed,500,false,max,65,0.14033,na,na,203517,227276,697
sanr400_0.5.clq,IndependentSet,400,Relaxed,1000,false,max,57,0.28528,na,na,392238,432982,1385
sanr400_0.5.clq,IndependentSet,400,Relaxed,2000,false,max,49,0.59994,na,na,756682,828833,2645
sanr400_0.5.clq,IndependentSet,400,Relaxed,5000,false,max,40,1.64655,na,na,1780183,1924608,6641
sanr400_0.5.clq,IndependentSet,400,Relaxed,10000,false,max,36,3.74406,na,na,3404479,3653099,11900
sanr400_0.5.clq,IndependentSet,400,Relaxed,20000,false,max,31,8.58845,na,na,6491390,6903122,23146
sanr400_0.7.clq,IndependentSet,400,Restricted,500,false,max,17,0.07031,na,na,154799,157041,621
sanr400_0.7.clq,IndependentSet,400,Restricted,1000,false,max,17,0.15244,na,na,303305,307801,1269
sanr400_0.7.clq,IndependentSet,400,Restricted,2000,false,max,17,0.32893,na,na,597757,606736,2642
sanr400_0.7.clq,IndependentSet,400,Restricted,5000,false,max,17,0.97361,na,na,1448226,1471154,5937
sanr400_0.7.clq,IndependentSet,400,Restricted,10000,false,max,19,2.20085,na,na,2780455,2826154,11831
sanr400_0.7.clq,IndependentSet,400,Restricted,20000,false,max,19,5.34186,na,na,5373436,5466441,23334
sanr400_0.7.clq,IndependentSet,400,Relaxed,500,false,max,117,0.15840,na,na,223815,264164,915
sanr400_0.7.clq,IndependentSet,400,Relaxed,1000,false,max,106,0.32689,na,na,432844,504319,1740
sanr400_0.7.clq,IndependentSet,400,Relaxed,2000,false,max,97,0.68817,na,na,836782,963227,3295
sanr400_0.7.clq,IndependentSet,400,Relaxed,5000,false,max,86,1.99256,na,na,2005112,2274886,8202
sanr400_0.7.clq,IndependentSet,400,Relaxed,10000,false,max,79,4.57972,na,na,3884165,4366902,16265
sanr400_0.7.clq,IndependentSet,400,Relaxed,20000,false,max,72,10.94794,na,na,7535397,8400288,29566
set_covering_n100_m63_d0.1_b_w38_seed1.txt,Set Covering,100,Restricted,500,false,min,14,0.02236,na,na,61191,65379,1000
set_covering_n100_m63_d0.1_b_w38_seed1.txt,Set Covering,100,Restricted,1000,false,min,14,0.04385,na,na,119600,127980,2000
set_covering_n100_m63_d0.1_b_w38_seed1.txt,Set Covering,100,Restricted,2000,false,min,14,0.09475,na,na,233397,250324,4000
set_covering_n100_m63_d0.1_b_w38_seed1.txt,Set Covering,100,Restricted,5000,false,min,12,0.27087,na,na,559477,602718,9999
set_covering_n100_m63_d0.1_b_w38_seed1.txt,Set Covering,100,Restricted,10000,false,min,11,0.61774,na,na,1076869,1170657,19989
set_covering_n100_m63_d0.1_b_w38_seed1.txt,Set Covering,100,Restricted,20000,false,min,11,1.76297,na,na,2087417,2271099,39914
set_covering_n100_m63_d0.1_b_w38_seed1.txt,Set Covering,100,Relaxed,500,false,min,3,0.02966,na,na,61062,90122,1001
set_covering_n100_m63_d0.1_b_w38_seed1.txt,Set Covering,100,Relaxed,1000,false,min,3,0.06002,na,na,119252,176526,2001
set_covering_n100_m63_d0.1_b_w38_seed1.txt,Set Covering,100,Relaxed,2000,false,min,3,0.12871,na,na,233268,345510,4001
set_covering_n100_m63_d0.1_b_w38_seed1.txt,Set Covering,100,Relaxed,5000,false,min,4,0.39045,na,na,559427,832285,9998
set_covering_n100_m63_d0.1_b_w38_seed1.txt,Set Covering,100,Relaxed,10000,false,min,4,0.97300,na,na,1076664,1613657,19989
set_covering_n100_m63_d0.1_b_w38_seed1.txt,Set Covering,100,Relaxed,20000,false,min,4,2.26197,na,na,2086820,3135009,39917
set_covering_n100_m63_d0.1_b_w38_seed2.txt,Set Covering,100,Restricted,500,false,min,14,0.02321,na,na,61970,67911,1000
set_covering_n100_m63_d0.1_b_w38_seed2.txt,Set Covering,100,Restricted,1000,false,min,13,0.04571,na,na,120490,130770,2000
set_covering_n100_m63_d0.1_b_w38_seed2.txt,Set Covering,100,Restricted,2000,false,min,13,0.09525,na,na,236375,258947,4000
set_covering_n100_m63_d0.1_b_w38_seed2.txt,Set Covering,100,Restricted,5000,false,min,13,0.28875,na,na,562395,620250,9994
set_covering_n100_m63_d0.1_b_w38_seed2.txt,Set Covering,100,Restricted,10000,false,min,12,0.71320,na,na,1097496,1215397,19970
set_covering_n100_m63_d0.1_b_w38_seed2.txt,Set Covering,100,Restricted,20000,false,min,11,1.90508,na,na,2107215,2346889,39904
set_covering_n100_m63_d0.1_b_w38_seed2.txt,Set Covering,100,Relaxed,500,false,min,2,0.03062,na,na,61704,92153,1001
set_covering_n100_m63_d0.1_b_w38_seed2.txt,Set Covering,100,Relaxed,1000,false,min,3,0.06186,na,na,120357,179156,2001
set_covering_n100_m63_d0.1_b_w38_seed2.txt,Set Covering,100,Relaxed,2000,false,min,3,0.13111,na,na,236039,353062,4001
set_covering_n100_m63_d0.1_b_w38_seed2.txt,Set Covering,100,Relaxed,5000,false,min,3,0.38437,na,na,562904,845218,9993
set_covering_n100_m63_d0.1_b_w38_seed2.txt,Set Covering,100,Relaxed,10000,false,min,4,0.93165,na,na,1096730,1657114,19970
set_covering_n100_m63_d0.1_b_w38_seed2.txt,Set Covering,100,Relaxed,20000,false,min,4,2.35877,na,na,2106855,3189848,39902
set_covering_n100_m63_d0.1_b_w38_seed3.txt,Set Covering,100,Restricted,500,false,min,14,0.02340,na,na,61979,65874,1000
set_covering_n100_m63_d0.1_b_w38_seed3.txt,Set Covering,100,Restricted,1000,false,min,14,0.04569,na,na,122051,130624,2000
set_covering_n100_m63_d0.1_b_w38_seed3.txt,Set Covering,100,Restricted,2000,false,min,14,0.09669,na,na,240193,257891,4000
set_covering_n100_m63_d0.1_b_w38_seed3.txt,Set Covering,100,Restricted,5000,false,min,12,0.28725,na,na,576074,625137,9998
set_covering_n100_m63_d0.1_b_w38_seed3.txt,Set Covering,100,Restricted,10000,false,min,12,0.67280,na,na,1118273,1224025,19979
set_covering_n100_m63_d0.1_b_w38_seed3.txt,Set Covering,100,Restricted,20000,false,min,12,1.83353,na,na,2162018,2400538,39931
set_covering_n100_m63_d0.1_b_w38_seed3.txt,Set Covering,100,Relaxed,500,false,min,3,0.02997,na,na,61978,91977,1001
set_covering_n100_m63_d0.1_b_w38_seed3.txt,Set Covering,100,Relaxed,1000,false,min,3,0.06045,na,na,121588,180378,2001
set_covering_n100_m63_d0.1_b_w38_seed3.txt,Set Covering,100,Relaxed,2000,false,min,3,0.13427,na,na,240067,357172,4001
set_covering_n100_m63_d0.1_b_w38_seed3.txt,Set Covering,100,Relaxed,5000,false,min,4,0.38515,na,na,576152,862971,9997
set_covering_n100_m63_d0.1_b_w38_seed3.txt,Set Covering,100,Relaxed,10000,false,min,4,0.92739,na,na,1118275,1683069,19978
set_covering_n100_m63_d0.1_b_w38_seed3.txt,Set Covering,100,Relaxed,20000,false,min,4,2.37537,na,na,2162848,3283793,39928
set_covering_n100_m63_d0.1_b_w38_seed4.txt,Set Covering,100,Restricted,500,false,min,13,0.02362,na,na,59777,64259,1000
set_covering_n100_m63_d0.1_b_w38_seed4.txt,Set Covering,100,Restricted,1000,false,min,13,0.04589,na,na,117956,128372,2000
set_covering_n100_m63_d0.1_b_w38_seed4.txt,Set Covering,100,Restricted,2000,false,min,13,0.09547,na,na,231218,251260,4000
set_covering_n100_m63_d0.1_b_w38_seed4.txt,Set Covering,100,Restricted,5000,false,min,11,0.27484,na,na,548791,603397,9993
set_covering_n100_m63_d0.1_b_w38_seed4.txt,Set Covering,100,Restricted,10000,false,min,11,0.62645,na,na,1075444,1192330,19977
set_covering_n100_m63_d0.1_b_w38_seed4.txt,Set Covering,100,Restricted,20000,false,min,11,1.68712,na,na,2096962,2329376,39907
set_covering_n100_m63_d0.1_b_w38_seed4.txt,Set Covering,100,Relaxed,500,false,min,3,0.03069,na,na,59652,88961,1001
set_covering_n100_m63_d0.1_b_w38_seed4.txt,Set Covering,100,Relaxed,1000,false,min,3,0.06210,na,na,118546,177395,2001
set_covering_n100_m63_d0.1_b_w38_seed4.txt,Set Covering,100,Relaxed,2000,false,min,3,0.12798,na,na,231844,345869,4000
set_covering_n100_m63_d0.1_b_w38_seed4.txt,Set Covering,100,Relaxed,5000,false,min,4,0.36177,na,na,547287,823391,9992
set_covering_n100_m63_d0.1_b_w38_seed4.txt,Set Covering,100,Relaxed,10000,false,min,4,0.87964,na,na,1076160,1627691,19978
set_covering_n100_m63_d0.1_b_w38_seed4.txt,Set Covering,100,Relaxed,20000,false,min,4,2.20736,na,na,2097120,3174622,39907
set_covering_n100_m63_d0.2_b_w38_seed1.txt,Set Covering,100,Restricted,500,false,min,6,0.02469,na,na,63341,72593,1000
set_covering_n100_m63_d0.2_b_w38_seed1.txt,Set Covering,100,Restricted,1000,false,min,5,0.04725,na,na,120076,141377,1993
set_covering_n100_m63_d0.2_b_w38_seed1.txt,Set Covering,100,Restricted,2000,false,min,5,0.09421,na,na,227110,273478,3949
set_covering_n100_m63_d0.2_b_w38_seed1.txt,Set Covering,100,Restricted,5000,false,min,5,0.26491,na,na,523164,645978,9785
set_covering_n100_m63_d0.2_b_w38_seed1.txt,Set Covering,100,Restricted,10000,false,min,5,0.61157,na,na,957792,1222994,19030
set_covering_n100_m63_d0.2_b_w38_seed1.txt,Set Covering,100,Restricted,20000,false,min,5,1.51957,na,na,1710199,2303998,36462
set_covering_n100_m63_d0.2_b_w38_seed1.txt,Set Covering,100,Relaxed,500,false,min,2,0.03205,na,na,63285,99519,999
set_covering_n100_m63_d0.2_b_w38_seed1.txt,Set Covering,100,Relaxed,1000,false,min,3,0.06420,na,na,119726,190711,1991
set_covering_n100_m63_d0.2_b_w38_seed1.txt,Set Covering,100,Relaxed,2000,false,min,3,0.13397,na,na,227569,366479,3948
set_covering_n100_m63_d0.2_b_w38_seed1.txt,Set Covering,100,Relaxed,5000,false,min,3,0.37470,na,na,522900,856317,9785
set_covering_n100_m63_d0.2_b_w38_seed1.txt,Set Covering,100,Relaxed,10000,false,min,3,0.84912,na,na,957963,1602232,19027
set_covering_n100_m63_d0.2_b_w38_seed1.txt,Set Covering,100,Exact,99999,false,min,5,70.61359,na,na,50104342,95518925,2180224
set_covering_n100_m63_d0.2_b_w38_seed1.txt,Set Covering,100,Relaxed,20000,false,min,4,1.92872,na,na,1710008,2938950,36452
set_covering_n100_m63_d0.2_b_w38_seed2.txt,Set Covering,100,Restricted,500,false,min,6,0.02591,na,na,66855,75546,1000
set_covering_n100_m63_d0.2_b_w38_seed2.txt,Set Covering,100,Restricted,1000,false,min,6,0.04913,na,na,127245,147810,1992
set_covering_n100_m63_d0.2_b_w38_seed2.txt,Set Covering,100,Restricted,2000,false,min,6,0.10120,na,na,244747,288814,3974
set_covering_n100_m63_d0.2_b_w38_seed2.txt,Set Covering,100,Restricted,5000,false,min,6,0.28275,na,na,566661,688859,9853
set_covering_n100_m63_d0.2_b_w38_seed2.txt,Set Covering,100,Restricted,10000,false,min,6,0.63673,na,na,1041206,1310105,19155
set_covering_n100_m63_d0.2_b_w38_seed2.txt,Set Covering,100,Restricted,20000,false,min,6,1.60988,na,na,1875236,2459926,36468
set_covering_n100_m63_d0.2_b_w38_seed2.txt,Set Covering,100,Relaxed,500,false,min,2,0.03408,na,na,66844,103886,999
set_covering_n100_m63_d0.2_b_w38_seed2.txt,Set Covering,100,Relaxed,1000,false,min,3,0.06879,na,na,126119,199083,1990
set_covering_n100_m63_d0.2_b_w38_seed2.txt,Set Covering,100,Relaxed,2000,false,min,3,0.14196,na,na,244609,390358,3973
set_covering_n100_m63_d0.2_b_w38_seed2.txt,Set Covering,100,Relaxed,5000,false,min,3,0.40688,na,na,566426,920290,9851
set_covering_n100_m63_d0.2_b_w38_seed2.txt,Set Covering,100,Relaxed,10000,false,min,4,0.94960,na,na,1041162,1727071,19150
set_covering_n100_m63_d0.2_b_w38_seed2.txt,Set Covering,100,Relaxed,20000,false,min,4,2.22299,na,na,1875078,3193966,36445
set_covering_n100_m63_d0.2_b_w38_seed3.txt,Set Covering,100,Exact,99999,false,min,5,42.89553,na,na,31444544,59448385,1368522
set_covering_n100_m63_d0.2_b_w38_seed3.txt,Set Covering,100,Restricted,500,false,min,7,0.02591,na,na,65384,73255,1000
set_covering_n100_m63_d0.2_b_w38_seed3.txt,Set Covering,100,Restricted,1000,false,min,6,0.04652,na,na,123470,142902,1992
set_covering_n100_m63_d0.2_b_w38_seed3.txt,Set Covering,100,Restricted,2000,false,min,6,0.09852,na,na,232612,277399,3963
set_covering_n100_m63_d0.2_b_w38_seed3.txt,Set Covering,100,Restricted,5000,false,min,6,0.25683,na,na,525733,646741,9784
set_covering_n100_m63_d0.2_b_w38_seed2.txt,Set Covering,100,Exact,99999,false,min,5,86.76289,na,na,62396020,119057428,2382514
set_covering_n100_m63_d0.2_b_w38_seed3.txt,Set Covering,100,Restricted,10000,false,min,6,0.55607,na,na,962785,1215601,19121
set_covering_n100_m63_d0.2_b_w38_seed3.txt,Set Covering,100,Restricted,20000,false,min,5,1.25319,na,na,1700449,2292700,36042
set_covering_n100_m63_d0.2_b_w38_seed3.txt,Set Covering,100,Relaxed,500,false,min,2,0.03064,na,na,65350,101530,999
set_covering_n100_m63_d0.2_b_w38_seed3.txt,Set Covering,100,Relaxed,1000,false,min,3,0.06129,na,na,123391,194629,1991
set_covering_n100_m63_d0.2_b_w38_seed3.txt,Set Covering,100,Relaxed,2000,false,min,3,0.13488,na,na,232843,372943,3962
set_covering_n100_m63_d0.2_b_w38_seed3.txt,Set Covering,100,Relaxed,5000,false,min,3,0.35498,na,na,525316,859482,9783
set_covering_n100_m63_d0.2_b_w38_seed3.txt,Set Covering,100,Relaxed,10000,false,min,3,0.77549,na,na,962716,1603150,19126
set_covering_n100_m63_d0.2_b_w38_seed3.txt,Set Covering,100,Relaxed,20000,false,min,4,1.75894,na,na,1700134,2930410,36029
set_covering_n100_m63_d0.2_b_w38_seed4.txt,Set Covering,100,Restricted,500,false,min,6,0.02431,na,na,63553,72179,1000
set_covering_n100_m63_d0.2_b_w38_seed4.txt,Set Covering,100,Restricted,1000,false,min,5,0.04821,na,na,120346,140173,1995
set_covering_n100_m63_d0.2_b_w38_seed4.txt,Set Covering,100,Restricted,2000,false,min,5,0.09507,na,na,229798,271936,3970
set_covering_n100_m63_d0.2_b_w38_seed4.txt,Set Covering,100,Restricted,5000,false,min,5,0.25685,na,na,528320,645949,9874
set_covering_n100_m63_d0.2_b_w38_seed4.txt,Set Covering,100,Restricted,10000,false,min,5,0.57626,na,na,982985,1233505,19396
set_covering_n100_m63_d0.2_b_w38_seed4.txt,Set Covering,100,Relaxed,500,false,min,2,0.03221,na,na,63599,98868,999
set_covering_n100_m63_d0.2_b_w38_seed4.txt,Set Covering,100,Restricted,20000,false,min,5,1.42592,na,na,1756555,2338160,36529
set_covering_n100_m63_d0.2_b_w38_seed4.txt,Set Covering,100,Relaxed,1000,false,min,3,0.06786,na,na,120126,189184,1993
set_covering_n100_m63_d0.2_b_w38_seed4.txt,Set Covering,100,Relaxed,2000,false,min,3,0.13327,na,na,229870,365593,3971
set_covering_n100_m63_d0.2_b_w38_seed4.txt,Set Covering,100,Relaxed,5000,false,min,3,0.36718,na,na,528324,854373,9874
set_covering_n100_m63_d0.2_b_w38_seed4.txt,Set Covering,100,Relaxed,10000,false,min,3,0.78300,na,na,983086,1614988,19394
set_covering_n100_m63_d0.3_b_w38_seed1.txt,Set Covering,100,Exact,99999,false,min,4,0.50861,na,na,771685,1492313,23849
set_covering_n100_m63_d0.2_b_w38_seed4.txt,Set Covering,100,Relaxed,20000,false,min,4,1.90468,na,na,1756257,2982873,36521
set_covering_n100_m63_d0.3_b_w38_seed1.txt,Set Covering,100,Restricted,500,false,min,4,0.02264,na,na,52668,75010,931
set_covering_n100_m63_d0.3_b_w38_seed1.txt,Set Covering,100,Restricted,1000,false,min,4,0.03823,na,na,90540,139550,1618
set_covering_n100_m63_d0.3_b_w38_seed1.txt,Set Covering,100,Restricted,2000,false,min,4,0.06856,na,na,155486,255891,2955
set_covering_n100_m63_d0.3_b_w38_seed1.txt,Set Covering,100,Restricted,5000,false,min,4,0.15676,na,na,312657,547567,6555
set_covering_n100_m63_d0.3_b_w38_seed1.txt,Set Covering,100,Restricted,10000,false,min,4,0.26480,na,na,485874,898574,11598
set_covering_n100_m63_d0.3_b_w38_seed1.txt,Set Covering,100,Restricted,20000,false,min,4,0.40878,na,na,737556,1417428,21375
set_covering_n100_m63_d0.3_b_w38_seed1.txt,Set Covering,100,Relaxed,500,false,min,2,0.02888,na,na,52675,94910,928
set_covering_n100_m63_d0.3_b_w38_seed1.txt,Set Covering,100,Relaxed,1000,false,min,3,0.05486,na,na,90667,168928,1617
set_covering_n100_m63_d0.3_b_w38_seed1.txt,Set Covering,100,Relaxed,2000,false,min,3,0.10229,na,na,155404,298954,2953
set_covering_n100_m63_d0.3_b_w38_seed1.txt,Set Covering,100,Relaxed,5000,false,min,3,0.23412,na,na,313086,613297,6555
set_covering_n100_m63_d0.3_b_w38_seed1.txt,Set Covering,100,Relaxed,10000,false,min,4,0.39175,na,na,485874,939879,11598
set_covering_n100_m63_d0.3_b_w38_seed1.txt,Set Covering,100,Relaxed,20000,false,min,4,0.60891,na,na,737556,1424884,21375
set_covering_n100_m63_d0.3_b_w38_seed2.txt,Set Covering,100,Exact,99999,false,min,4,0.65104,na,na,999105,1941011,30537
set_covering_n100_m63_d0.3_b_w38_seed2.txt,Set Covering,100,Restricted,500,false,min,4,0.02279,na,na,54074,74332,950
set_covering_n100_m63_d0.3_b_w38_seed2.txt,Set Covering,100,Restricted,1000,false,min,4,0.03875,na,na,93038,138435,1644
set_covering_n100_m63_d0.3_b_w38_seed2.txt,Set Covering,100,Restricted,2000,false,min,4,0.07028,na,na,160602,256385,3018
set_covering_n100_m63_d0.3_b_w38_seed2.txt,Set Covering,100,Restricted,5000,false,min,4,0.16598,na,na,330653,566079,6786
set_covering_n100_m63_d0.3_b_w38_seed2.txt,Set Covering,100,Restricted,10000,false,min,4,0.28550,na,na,533786,975520,11719
set_covering_n100_m63_d0.3_b_w38_seed2.txt,Set Covering,100,Restricted,20000,false,min,4,0.48221,na,na,823481,1572742,21593
set_covering_n100_m63_d0.3_b_w38_seed2.txt,Set Covering,100,Relaxed,500,false,min,2,0.02922,na,na,53985,95027,948
set_covering_n100_m63_d0.3_b_w38_seed2.txt,Set Covering,100,Relaxed,1000,false,min,3,0.05465,na,na,92890,169245,1641
set_covering_n100_m63_d0.3_b_w38_seed2.txt,Set Covering,100,Relaxed,2000,false,min,3,0.10309,na,na,160560,304643,3017
set_covering_n100_m63_d0.3_b_w38_seed2.txt,Set Covering,100,Relaxed,5000,false,min,3,0.24156,na,na,330426,644034,6786
set_covering_n100_m63_d0.3_b_w38_seed2.txt,Set Covering,100,Relaxed,10000,false,min,4,0.43269,na,na,533786,1035429,11719
set_covering_n100_m63_d0.3_b_w38_seed2.txt,Set Covering,100,Relaxed,20000,false,min,4,0.72292,na,na,823481,1598508,21593
set_covering_n100_m63_d0.3_b_w38_seed3.txt,Set Covering,100,Exact,99999,false,min,4,0.47854,na,na,749446,1447484,23231
set_covering_n100_m63_d0.3_b_w38_seed3.txt,Set Covering,100,Restricted,500,false,min,4,0.02168,na,na,51550,71750,956
set_covering_n100_m63_d0.3_b_w38_seed3.txt,Set Covering,100,Restricted,1000,false,min,4,0.03797,na,na,89071,133116,1699
set_covering_n100_m63_d0.3_b_w38_seed3.txt,Set Covering,100,Restricted,2000,false,min,4,0.06592,na,na,149367,242673,3006
set_covering_n100_m63_d0.3_b_w38_seed3.txt,Set Covering,100,Restricted,5000,false,min,4,0.14506,na,na,293759,510017,7027
set_covering_n100_m63_d0.3_b_w38_seed3.txt,Set Covering,100,Restricted,10000,false,min,4,0.25289,na,na,468322,860419,12334
set_covering_n100_m63_d0.3_b_w38_seed3.txt,Set Covering,100,Restricted,20000,false,min,4,0.40447,na,na,709407,1359492,21197
set_covering_n100_m63_d0.3_b_w38_seed3.txt,Set Covering,100,Relaxed,500,false,min,2,0.02797,na,na,51463,91761,956
set_covering_n100_m63_d0.3_b_w38_seed3.txt,Set Covering,100,Relaxed,1000,false,min,3,0.05194,na,na,88897,162671,1701
set_covering_n100_m63_d0.3_b_w38_seed3.txt,Set Covering,100,Relaxed,2000,false,min,3,0.09496,na,na,149274,282964,3008
set_covering_n100_m63_d0.3_b_w38_seed3.txt,Set Covering,100,Relaxed,5000,false,min,3,0.21593,na,na,293755,564843,7018
set_covering_n100_m63_d0.3_b_w38_seed3.txt,Set Covering,100,Relaxed,10000,false,min,4,0.37374,na,na,468322,900368,12334
set_covering_n100_m63_d0.2_b_w38_seed4.txt,Set Covering,100,Exact,99999,false,min,5,78.19946,na,na,57833185,109694763,2936623
set_covering_n100_m63_d0.3_b_w38_seed3.txt,Set Covering,100,Relaxed,20000,false,min,4,0.61201,na,na,709407,1367872,21197
set_covering_n100_m63_d0.3_b_w38_seed4.txt,Set Covering,100,Exact,99999,false,min,4,0.63716,na,na,950919,1843663,32199
set_covering_n100_m63_d0.3_b_w38_seed4.txt,Set Covering,100,Restricted,500,false,min,4,0.02090,na,na,50579,70109,942
set_covering_n100_m63_d0.3_b_w38_seed4.txt,Set Covering,100,Restricted,1000,false,min,4,0.03800,na,na,90004,133372,1727
set_covering_n100_m63_d0.3_b_w38_seed4.txt,Set Covering,100,Restricted,2000,false,min,4,0.06594,na,na,150578,241350,2969
set_covering_n100_m63_d0.3_b_w38_seed4.txt,Set Covering,100,Restricted,5000,false,min,4,0.14424,na,na,289110,496164,7064
set_covering_n100_m63_d0.3_b_w38_seed4.txt,Set Covering,100,Restricted,10000,false,min,4,0.27225,na,na,486935,876577,12947
set_covering_n100_m63_d0.3_b_w38_seed4.txt,Set Covering,100,Restricted,20000,false,min,4,0.41264,na,na,744622,1413797,22946
set_covering_n100_m63_d0.3_b_w38_seed4.txt,Set Covering,100,Relaxed,500,false,min,2,0.02713,na,na,50784,89548,939
set_covering_n100_m63_d0.3_b_w38_seed4.txt,Set Covering,100,Relaxed,1000,false,min,3,0.05300,na,na,89844,162420,1724
set_covering_n100_m63_d0.3_b_w38_seed4.txt,Set Covering,100,Relaxed,2000,false,min,3,0.09665,na,na,150527,282210,2966
set_covering_n100_m63_d0.3_b_w38_seed4.txt,Set Covering,100,Relaxed,5000,false,min,3,0.21184,na,na,288657,553596,7064
set_covering_n100_m63_d0.3_b_w38_seed4.txt,Set Covering,100,Relaxed,10000,false,min,3,0.39574,na,na,486822,938566,12948
set_covering_n100_m63_d0.3_b_w38_seed4.txt,Set Covering,100,Relaxed,20000,false,min,4,0.61048,na,na,744622,1436475,22946
set_covering_n100_m63_d0.4_b_w38_seed1.txt,Set Covering,100,Exact,99999,false,min,2,0.01001,na,na,20657,40949,363
set_covering_n100_m63_d0.4_b_w38_seed1.txt,Set Covering,100,Restricted,500,false,min,2,0.00986,na,na,20657,40949,363
set_covering_n100_m63_d0.4_b_w38_seed1.txt,Set Covering,100,Restricted,1000,false,min,2,0.00996,na,na,20657,40949,363
set_covering_n100_m63_d0.4_b_w38_seed1.txt,Set Covering,100,Restricted,2000,false,min,2,0.00995,na,na,20657,40949,363
set_covering_n100_m63_d0.4_b_w38_seed1.txt,Set Covering,100,Restricted,5000,false,min,2,0.00996,na,na,20657,40949,363
set_covering_n100_m63_d0.4_b_w38_seed1.txt,Set Covering,100,Restricted,10000,false,min,2,0.01008,na,na,20657,40949,363
set_covering_n100_m63_d0.4_b_w38_seed1.txt,Set Covering,100,Restricted,20000,false,min,2,0.01003,na,na,20657,40949,363
set_covering_n100_m63_d0.4_b_w38_seed1.txt,Set Covering,100,Relaxed,500,false,min,2,0.01001,na,na,20657,40949,363
set_covering_n100_m63_d0.4_b_w38_seed1.txt,Set Covering,100,Relaxed,1000,false,min,2,0.01018,na,na,20657,40949,363
set_covering_n100_m63_d0.4_b_w38_seed1.txt,Set Covering,100,Relaxed,2000,false,min,2,0.00999,na,na,20657,40949,363
set_covering_n100_m63_d0.4_b_w38_seed1.txt,Set Covering,100,Relaxed,5000,false,min,2,0.01002,na,na,20657,40949,363
set_covering_n100_m63_d0.4_b_w38_seed1.txt,Set Covering,100,Relaxed,10000,false,min,2,0.00995,na,na,20657,40949,363
set_covering_n100_m63_d0.4_b_w38_seed1.txt,Set Covering,100,Relaxed,20000,false,min,2,0.00998,na,na,20657,40949,363
set_covering_n100_m63_d0.4_b_w38_seed2.txt,Set Covering,100,Exact,99999,false,min,2,0.00996,na,na,20657,40949,363
set_covering_n100_m63_d0.4_b_w38_seed2.txt,Set Covering,100,Restricted,500,false,min,2,0.00987,na,na,20657,40949,363
set_covering_n100_m63_d0.4_b_w38_seed2.txt,Set Covering,100,Restricted,1000,false,min,2,0.00989,na,na,20657,40949,363
set_covering_n100_m63_d0.4_b_w38_seed2.txt,Set Covering,100,Restricted,2000,false,min,2,0.00988,na,na,20657,40949,363
set_covering_n100_m63_d0.4_b_w38_seed2.txt,Set Covering,100,Restricted,5000,false,min,2,0.00979,na,na,20657,40949,363
set_covering_n100_m63_d0.4_b_w38_seed2.txt,Set Covering,100,Restricted,10000,false,min,2,0.00979,na,na,20657,40949,363
set_covering_n100_m63_d0.4_b_w38_seed2.txt,Set Covering,100,Restricted,20000,false,min,2,0.00979,na,na,20657,40949,363
set_covering_n100_m63_d0.4_b_w38_seed2.txt,Set Covering,100,Relaxed,500,false,min,2,0.00989,na,na,20657,40949,363
set_covering_n100_m63_d0.4_b_w38_seed2.txt,Set Covering,100,Relaxed,1000,false,min,2,0.00978,na,na,20657,40949,363
set_covering_n100_m63_d0.4_b_w38_seed2.txt,Set Covering,100,Relaxed,2000,false,min,2,0.00987,na,na,20657,40949,363
set_covering_n100_m63_d0.4_b_w38_seed2.txt,Set Covering,100,Relaxed,5000,false,min,2,0.00978,na,na,20657,40949,363
set_covering_n100_m63_d0.4_b_w38_seed2.txt,Set Covering,100,Relaxed,10000,false,min,2,0.00978,na,na,20657,40949,363
set_covering_n100_m63_d0.4_b_w38_seed2.txt,Set Covering,100,Relaxed,20000,false,min,2,0.00990,na,na,20657,40949,363
set_covering_n100_m63_d0.4_b_w38_seed3.txt,Set Covering,100,Exact,99999,false,min,2,0.00993,na,na,20657,40949,363
set_covering_n100_m63_d0.4_b_w38_seed3.txt,Set Covering,100,Restricted,500,false,min,2,0.00987,na,na,20657,40949,363
set_covering_n100_m63_d0.4_b_w38_seed3.txt,Set Covering,100,Restricted,1000,false,min,2,0.00982,na,na,20657,40949,363
set_covering_n100_m63_d0.4_b_w38_seed3.txt,Set Covering,100,Restricted,2000,false,min,2,0.00993,na,na,20657,40949,363
set_covering_n100_m63_d0.4_b_w38_seed3.txt,Set Covering,100,Restricted,5000,false,min,2,0.00987,na,na,20657,40949,363
set_covering_n100_m63_d0.4_b_w38_seed3.txt,Set Covering,100,Restricted,10000,false,min,2,0.00987,na,na,20657,40949,363
set_covering_n100_m63_d0.4_b_w38_seed3.txt,Set Covering,100,Restricted,20000,false,min,2,0.00994,na,na,20657,40949,363
set_covering_n100_m63_d0.4_b_w38_seed3.txt,Set Covering,100,Relaxed,500,false,min,2,0.00988,na,na,20657,40949,363
set_covering_n100_m63_d0.4_b_w38_seed3.txt,Set Covering,100,Relaxed,1000,false,min,2,0.00992,na,na,20657,40949,363
set_covering_n100_m63_d0.4_b_w38_seed3.txt,Set Covering,100,Relaxed,2000,false,min,2,0.00982,na,na,20657,40949,363
set_covering_n100_m63_d0.4_b_w38_seed3.txt,Set Covering,100,Relaxed,5000,false,min,2,0.00988,na,na,20657,40949,363
set_covering_n100_m63_d0.4_b_w38_seed3.txt,Set Covering,100,Relaxed,10000,false,min,2,0.00982,na,na,20657,40949,363
set_covering_n100_m63_d0.4_b_w38_seed3.txt,Set Covering,100,Relaxed,20000,false,min,2,0.00994,na,na,20657,40949,363
set_covering_n100_m63_d0.4_b_w38_seed4.txt,Set Covering,100,Exact,99999,false,min,2,0.00971,na,na,20657,40949,363
set_covering_n100_m63_d0.4_b_w38_seed4.txt,Set Covering,100,Restricted,500,false,min,2,0.00976,na,na,20657,40949,363
set_covering_n100_m63_d0.4_b_w38_seed4.txt,Set Covering,100,Restricted,1000,false,min,2,0.00967,na,na,20657,40949,363
set_covering_n100_m63_d0.4_b_w38_seed4.txt,Set Covering,100,Restricted,2000,false,min,2,0.00968,na,na,20657,40949,363
set_covering_n100_m63_d0.4_b_w38_seed4.txt,Set Covering,100,Restricted,5000,false,min,2,0.00968,na,na,20657,40949,363
set_covering_n100_m63_d0.4_b_w38_seed4.txt,Set Covering,100,Restricted,10000,false,min,2,0.00966,na,na,20657,40949,363
set_covering_n100_m63_d0.4_b_w38_seed4.txt,Set Covering,100,Restricted,20000,false,min,2,0.01015,na,na,20657,40949,363
set_covering_n100_m63_d0.4_b_w38_seed4.txt,Set Covering,100,Relaxed,500,false,min,2,0.00964,na,na,20657,40949,363
set_covering_n100_m63_d0.4_b_w38_seed4.txt,Set Covering,100,Relaxed,1000,false,min,2,0.00997,na,na,20657,40949,363
set_covering_n100_m63_d0.4_b_w38_seed4.txt,Set Covering,100,Relaxed,2000,false,min,2,0.00998,na,na,20657,40949,363
set_covering_n100_m63_d0.4_b_w38_seed4.txt,Set Covering,100,Relaxed,5000,false,min,2,0.00975,na,na,20657,40949,363
set_covering_n100_m63_d0.4_b_w38_seed4.txt,Set Covering,100,Relaxed,10000,false,min,2,0.00979,na,na,20657,40949,363
set_covering_n100_m63_d0.4_b_w38_seed4.txt,Set Covering,100,Relaxed,20000,false,min,2,0.00974,na,na,20657,40949,363
set_covering_n100_m63_d0.05_b_w38_seed1.txt,Set Covering,100,Restricted,500,false,min,22,0.01952,na,na,53281,58877,1000
set_covering_n100_m63_d0.05_b_w38_seed1.txt,Set Covering,100,Restricted,1000,false,min,22,0.03721,na,na,100290,111970,2000
set_covering_n100_m63_d0.05_b_w38_seed1.txt,Set Covering,100,Restricted,2000,false,min,22,0.07690,na,na,194836,217941,4000
set_covering_n100_m63_d0.05_b_w38_seed1.txt,Set Covering,100,Restricted,5000,false,min,20,0.21966,na,na,458772,514613,10000
set_covering_n100_m63_d0.05_b_w38_seed1.txt,Set Covering,100,Restricted,10000,false,min,20,0.52517,na,na,884493,993414,20000
set_covering_n100_m63_d0.05_b_w38_seed1.txt,Set Covering,100,Relaxed,500,false,min,5,0.02568,na,na,53182,77765,1001
set_covering_n100_m63_d0.05_b_w38_seed1.txt,Set Covering,100,Restricted,20000,false,min,20,1.36554,na,na,1689799,1906456,40000
set_covering_n100_m63_d0.05_b_w38_seed1.txt,Set Covering,100,Relaxed,1000,false,min,6,0.04907,na,na,99790,147254,2001
set_covering_n100_m63_d0.05_b_w38_seed1.txt,Set Covering,100,Relaxed,2000,false,min,6,0.10223,na,na,193948,284699,4001
set_covering_n100_m63_d0.05_b_w38_seed1.txt,Set Covering,100,Relaxed,5000,false,min,6,0.29431,na,na,458626,676822,10001
set_covering_n100_m63_d0.05_b_w38_seed1.txt,Set Covering,100,Relaxed,10000,false,min,6,0.69608,na,na,884515,1305804,20001
set_covering_n100_m63_d0.5_b_w38_seed1.txt,Set Covering,100,Exact,99999,false,min,2,0.01015,na,na,20657,40949,363
set_covering_n100_m63_d0.05_b_w38_seed1.txt,Set Covering,100,Relaxed,20000,false,min,7,1.70385,na,na,1688002,2491182,40001
set_covering_n100_m63_d0.5_b_w38_seed1.txt,Set Covering,100,Restricted,500,false,min,2,0.01006,na,na,20657,40949,363
set_covering_n100_m63_d0.5_b_w38_seed1.txt,Set Covering,100,Restricted,1000,false,min,2,0.00990,na,na,20657,40949,363
set_covering_n100_m63_d0.5_b_w38_seed1.txt,Set Covering,100,Restricted,2000,false,min,2,0.00998,na,na,20657,40949,363
set_covering_n100_m63_d0.5_b_w38_seed1.txt,Set Covering,100,Restricted,5000,false,min,2,0.01028,na,na,20657,40949,363
set_covering_n100_m63_d0.5_b_w38_seed1.txt,Set Covering,100,Restricted,10000,false,min,2,0.01029,na,na,20657,40949,363
set_covering_n100_m63_d0.5_b_w38_seed1.txt,Set Covering,100,Restricted,20000,false,min,2,0.01010,na,na,20657,40949,363
set_covering_n100_m63_d0.5_b_w38_seed1.txt,Set Covering,100,Relaxed,500,false,min,2,0.00994,na,na,20657,40949,363
set_covering_n100_m63_d0.5_b_w38_seed1.txt,Set Covering,100,Relaxed,1000,false,min,2,0.00996,na,na,20657,40949,363
set_covering_n100_m63_d0.5_b_w38_seed1.txt,Set Covering,100,Relaxed,2000,false,min,2,0.01007,na,na,20657,40949,363
set_covering_n100_m63_d0.5_b_w38_seed1.txt,Set Covering,100,Relaxed,5000,false,min,2,0.01001,na,na,20657,40949,363
set_covering_n100_m63_d0.5_b_w38_seed1.txt,Set Covering,100,Relaxed,10000,false,min,2,0.01006,na,na,20657,40949,363
set_covering_n100_m63_d0.5_b_w38_seed1.txt,Set Covering,100,Relaxed,20000,false,min,2,0.01010,na,na,20657,40949,363
set_covering_n100_m63_d0.05_b_w38_seed2.txt,Set Covering,100,Restricted,500,false,min,20,0.01999,na,na,51777,58788,1000
set_covering_n100_m63_d0.05_b_w38_seed2.txt,Set Covering,100,Restricted,1000,false,min,20,0.03814,na,na,98654,112935,2000
set_covering_n100_m63_d0.05_b_w38_seed2.txt,Set Covering,100,Restricted,2000,false,min,20,0.07769,na,na,190717,219147,4000
set_covering_n100_m63_d0.05_b_w38_seed2.txt,Set Covering,100,Restricted,5000,false,min,19,0.21481,na,na,441886,505978,10000
set_covering_n100_m63_d0.05_b_w38_seed2.txt,Set Covering,100,Restricted,10000,false,min,19,0.50649,na,na,839118,966024,20000
set_covering_n100_m63_d0.05_b_w38_seed2.txt,Set Covering,100,Restricted,20000,false,min,18,1.29314,na,na,1593325,1845326,39984
set_covering_n100_m63_d0.05_b_w38_seed2.txt,Set Covering,100,Relaxed,500,false,min,7,0.02591,na,na,50690,76030,1001
set_covering_n100_m63_d0.05_b_w38_seed2.txt,Set Covering,100,Relaxed,1000,false,min,7,0.05227,na,na,97412,145329,2001
set_covering_n100_m63_d0.05_b_w38_seed2.txt,Set Covering,100,Relaxed,2000,false,min,7,0.10984,na,na,189189,279929,4001
set_covering_n100_m63_d0.05_b_w38_seed2.txt,Set Covering,100,Relaxed,5000,false,min,7,0.29649,na,na,442169,650142,10001
set_covering_n100_m63_d0.05_b_w38_seed2.txt,Set Covering,100,Relaxed,10000,false,min,8,0.66454,na,na,838343,1238166,20001
set_covering_n100_m63_d0.5_b_w38_seed2.txt,Set Covering,100,Exact,99999,false,min,2,0.01003,na,na,20657,40949,363
set_covering_n100_m63_d0.05_b_w38_seed2.txt,Set Covering,100,Relaxed,20000,false,min,8,1.63319,na,na,1592741,2362472,39986
set_covering_n100_m63_d0.5_b_w38_seed2.txt,Set Covering,100,Restricted,500,false,min,2,0.01008,na,na,20657,40949,363
set_covering_n100_m63_d0.5_b_w38_seed2.txt,Set Covering,100,Restricted,1000,false,min,2,0.00999,na,na,20657,40949,363
set_covering_n100_m63_d0.5_b_w38_seed2.txt,Set Covering,100,Restricted,2000,false,min,2,0.00999,na,na,20657,40949,363
set_covering_n100_m63_d0.5_b_w38_seed2.txt,Set Covering,100,Restricted,5000,false,min,2,0.00998,na,na,20657,40949,363
set_covering_n100_m63_d0.5_b_w38_seed2.txt,Set Covering,100,Restricted,10000,false,min,2,0.01004,na,na,20657,40949,363
set_covering_n100_m63_d0.5_b_w38_seed2.txt,Set Covering,100,Restricted,20000,false,min,2,0.01023,na,na,20657,40949,363
set_covering_n100_m63_d0.5_b_w38_seed2.txt,Set Covering,100,Relaxed,500,false,min,2,0.01003,na,na,20657,40949,363
set_covering_n100_m63_d0.5_b_w38_seed2.txt,Set Covering,100,Relaxed,1000,false,min,2,0.01003,na,na,20657,40949,363
set_covering_n100_m63_d0.5_b_w38_seed2.txt,Set Covering,100,Relaxed,2000,false,min,2,0.01000,na,na,20657,40949,363
set_covering_n100_m63_d0.5_b_w38_seed2.txt,Set Covering,100,Relaxed,5000,false,min,2,0.01006,na,na,20657,40949,363
set_covering_n100_m63_d0.5_b_w38_seed2.txt,Set Covering,100,Relaxed,10000,false,min,2,0.00993,na,na,20657,40949,363
set_covering_n100_m63_d0.5_b_w38_seed2.txt,Set Covering,100,Relaxed,20000,false,min,2,0.00995,na,na,20657,40949,363
set_covering_n100_m63_d0.05_b_w38_seed3.txt,Set Covering,100,Restricted,500,false,min,20,0.02032,na,na,50666,59138,1000
set_covering_n100_m63_d0.05_b_w38_seed3.txt,Set Covering,100,Restricted,1000,false,min,20,0.03767,na,na,96984,113790,2000
set_covering_n100_m63_d0.05_b_w38_seed3.txt,Set Covering,100,Restricted,2000,false,min,20,0.07441,na,na,183549,215163,4000
set_covering_n100_m63_d0.05_b_w38_seed3.txt,Set Covering,100,Restricted,5000,false,min,19,0.21287,na,na,432040,505817,10000
set_covering_n100_m63_d0.05_b_w38_seed3.txt,Set Covering,100,Restricted,10000,false,min,19,0.49726,na,na,821129,961511,19999
set_covering_n100_m63_d0.05_b_w38_seed3.txt,Set Covering,100,Restricted,20000,false,min,19,1.30399,na,na,1556523,1820891,39997
set_covering_n100_m63_d0.05_b_w38_seed3.txt,Set Covering,100,Relaxed,500,false,min,7,0.01927,na,na,39609,60884,1001
set_covering_n100_m63_d0.05_b_w38_seed3.txt,Set Covering,100,Relaxed,1000,false,min,8,0.04984,na,na,95555,144625,2001
set_covering_n100_m63_d0.05_b_w38_seed3.txt,Set Covering,100,Relaxed,2000,false,min,8,0.10177,na,na,182954,274718,4001
set_covering_n100_m63_d0.05_b_w38_seed3.txt,Set Covering,100,Relaxed,5000,false,min,8,0.28050,na,na,430569,646785,10001
set_covering_n100_m63_d0.05_b_w38_seed3.txt,Set Covering,100,Relaxed,10000,false,min,8,0.68772,na,na,821323,1231014,20000
set_covering_n100_m63_d0.5_b_w38_seed3.txt,Set Covering,100,Exact,99999,false,min,2,0.01064,na,na,20657,40949,363
set_covering_n100_m63_d0.05_b_w38_seed3.txt,Set Covering,100,Relaxed,20000,false,min,8,1.59465,na,na,1556482,2338957,39998
set_covering_n100_m63_d0.5_b_w38_seed3.txt,Set Covering,100,Restricted,500,false,min,2,0.00990,na,na,20657,40949,363
set_covering_n100_m63_d0.5_b_w38_seed3.txt,Set Covering,100,Restricted,1000,false,min,2,0.01025,na,na,20657,40949,363
set_covering_n100_m63_d0.5_b_w38_seed3.txt,Set Covering,100,Restricted,2000,false,min,2,0.01004,na,na,20657,40949,363
set_covering_n100_m63_d0.5_b_w38_seed3.txt,Set Covering,100,Restricted,5000,false,min,2,0.01059,na,na,20657,40949,363
set_covering_n100_m63_d0.5_b_w38_seed3.txt,Set Covering,100,Restricted,10000,false,min,2,0.01003,na,na,20657,40949,363
set_covering_n100_m63_d0.5_b_w38_seed3.txt,Set Covering,100,Restricted,20000,false,min,2,0.01020,na,na,20657,40949,363
set_covering_n100_m63_d0.5_b_w38_seed3.txt,Set Covering,100,Relaxed,500,false,min,2,0.01004,na,na,20657,40949,363
set_covering_n100_m63_d0.5_b_w38_seed3.txt,Set Covering,100,Relaxed,1000,false,min,2,0.01038,na,na,20657,40949,363
set_covering_n100_m63_d0.5_b_w38_seed3.txt,Set Covering,100,Relaxed,2000,false,min,2,0.01003,na,na,20657,40949,363
set_covering_n100_m63_d0.5_b_w38_seed3.txt,Set Covering,100,Relaxed,5000,false,min,2,0.01040,na,na,20657,40949,363
set_covering_n100_m63_d0.5_b_w38_seed3.txt,Set Covering,100,Relaxed,10000,false,min,2,0.01020,na,na,20657,40949,363
set_covering_n100_m63_d0.5_b_w38_seed3.txt,Set Covering,100,Relaxed,20000,false,min,2,0.01021,na,na,20657,40949,363
set_covering_n100_m63_d0.05_b_w38_seed4.txt,Set Covering,100,Restricted,500,false,min,19,0.01856,na,na,47463,52739,1000
set_covering_n100_m63_d0.05_b_w38_seed4.txt,Set Covering,100,Restricted,1000,false,min,19,0.03715,na,na,90907,101170,2000
set_covering_n100_m63_d0.05_b_w38_seed4.txt,Set Covering,100,Restricted,2000,false,min,18,0.07399,na,na,175672,197946,4000
set_covering_n100_m63_d0.05_b_w38_seed4.txt,Set Covering,100,Restricted,5000,false,min,18,0.21139,na,na,423594,478703,10000
set_covering_n100_m63_d0.05_b_w38_seed4.txt,Set Covering,100,Restricted,10000,false,min,18,0.49690,na,na,817625,925013,19964
set_covering_n100_m63_d0.05_b_w38_seed4.txt,Set Covering,100,Restricted,20000,false,min,18,1.35135,na,na,1560095,1784582,39798
set_covering_n100_m63_d0.05_b_w38_seed4.txt,Set Covering,100,Relaxed,500,false,min,6,0.02265,na,na,44923,67267,1001
set_covering_n100_m63_d0.05_b_w38_seed4.txt,Set Covering,100,Relaxed,1000,false,min,6,0.04624,na,na,90572,132325,2001
set_covering_n100_m63_d0.05_b_w38_seed4.txt,Set Covering,100,Relaxed,2000,false,min,6,0.09840,na,na,175012,257490,4001
set_covering_n100_m63_d0.05_b_w38_seed4.txt,Set Covering,100,Relaxed,5000,false,min,7,0.29903,na,na,423360,620722,10001
set_covering_n100_m63_d0.05_b_w38_seed4.txt,Set Covering,100,Relaxed,10000,false,min,7,0.71382,na,na,818038,1200196,19965
set_covering_n100_m63_d0.05_b_w38_seed4.txt,Set Covering,100,Relaxed,20000,false,min,7,1.79745,na,na,1559088,2302722,39795
set_covering_n100_m63_d0.5_b_w38_seed4.txt,Set Covering,100,Exact,99999,false,min,2,0.01030,na,na,20657,40949,363
set_covering_n100_m63_d0.5_b_w38_seed4.txt,Set Covering,100,Restricted,500,false,min,2,0.01031,na,na,20657,40949,363
set_covering_n100_m63_d0.5_b_w38_seed4.txt,Set Covering,100,Restricted,1000,false,min,2,0.01048,na,na,20657,40949,363
set_covering_n100_m63_d0.5_b_w38_seed4.txt,Set Covering,100,Restricted,2000,false,min,2,0.01057,na,na,20657,40949,363
set_covering_n100_m63_d0.5_b_w38_seed4.txt,Set Covering,100,Restricted,5000,false,min,2,0.01036,na,na,20657,40949,363
set_covering_n100_m63_d0.5_b_w38_seed4.txt,Set Covering,100,Restricted,10000,false,min,2,0.01032,na,na,20657,40949,363
set_covering_n100_m63_d0.5_b_w38_seed4.txt,Set Covering,100,Restricted,20000,false,min,2,0.01055,na,na,20657,40949,363
set_covering_n100_m63_d0.5_b_w38_seed4.txt,Set Covering,100,Relaxed,500,false,min,2,0.01033,na,na,20657,40949,363
set_covering_n100_m63_d0.5_b_w38_seed4.txt,Set Covering,100,Relaxed,1000,false,min,2,0.01035,na,na,20657,40949,363
set_covering_n100_m63_d0.5_b_w38_seed4.txt,Set Covering,100,Relaxed,2000,false,min,2,0.01048,na,na,20657,40949,363
set_covering_n100_m63_d0.5_b_w38_seed4.txt,Set Covering,100,Relaxed,5000,false,min,2,0.01060,na,na,20657,40949,363
set_covering_n100_m63_d0.5_b_w38_seed4.txt,Set Covering,100,Relaxed,10000,false,min,2,0.01052,na,na,20657,40949,363
set_covering_n100_m63_d0.5_b_w38_seed4.txt,Set Covering,100,Relaxed,20000,false,min,2,0.01033,na,na,20657,40949,363
set_covering_n100_m63_d0.15_b_w38_seed1.txt,Set Covering,100,Restricted,500,false,min,9,0.02457,na,na,63247,68976,1000
set_covering_n100_m63_d0.15_b_w38_seed1.txt,Set Covering,100,Restricted,1000,false,min,9,0.04849,na,na,123658,137278,2000
set_covering_n100_m63_d0.15_b_w38_seed1.txt,Set Covering,100,Restricted,2000,false,min,9,0.10277,na,na,242513,269909,3998
set_covering_n100_m63_d0.15_b_w38_seed1.txt,Set Covering,100,Restricted,5000,false,min,8,0.28379,na,na,577506,648029,9976
set_covering_n100_m63_d0.15_b_w38_seed1.txt,Set Covering,100,Restricted,10000,false,min,8,0.66083,na,na,1102562,1261785,19855
set_covering_n100_m63_d0.15_b_w38_seed1.txt,Set Covering,100,Restricted,20000,false,min,8,1.70548,na,na,2095189,2447305,39390
set_covering_n100_m63_d0.15_b_w38_seed1.txt,Set Covering,100,Relaxed,500,false,min,2,0.03181,na,na,63231,95757,1001
set_covering_n100_m63_d0.15_b_w38_seed1.txt,Set Covering,100,Relaxed,1000,false,min,3,0.06264,na,na,123632,189122,2001
set_covering_n100_m63_d0.15_b_w38_seed1.txt,Set Covering,100,Relaxed,2000,false,min,3,0.13709,na,na,242127,370837,3997
set_covering_n100_m63_d0.15_b_w38_seed1.txt,Set Covering,100,Relaxed,5000,false,min,3,0.39734,na,na,577547,888547,9976
set_covering_n100_m63_d0.15_b_w38_seed1.txt,Set Covering,100,Relaxed,10000,false,min,4,0.88766,na,na,1103000,1716663,19855
set_covering_n100_m63_d0.15_b_w38_seed1.txt,Set Covering,100,Relaxed,20000,false,min,4,2.27010,na,na,2094984,3298244,39393
set_covering_n100_m63_d0.15_b_w38_seed2.txt,Set Covering,100,Restricted,500,false,min,10,0.02678,na,na,69137,73988,1000
set_covering_n100_m63_d0.15_b_w38_seed2.txt,Set Covering,100,Restricted,1000,false,min,8,0.04970,na,na,129674,145580,2000
set_covering_n100_m63_d0.15_b_w38_seed2.txt,Set Covering,100,Restricted,2000,false,min,8,0.10557,na,na,256012,285125,3997
set_covering_n100_m63_d0.15_b_w38_seed2.txt,Set Covering,100,Restricted,5000,false,min,8,0.30183,na,na,615598,689524,9989
set_covering_n100_m63_d0.15_b_w38_seed2.txt,Set Covering,100,Restricted,10000,false,min,8,0.73550,na,na,1176413,1337976,19879
set_covering_n100_m63_d0.15_b_w38_seed2.txt,Set Covering,100,Restricted,20000,false,min,7,1.87944,na,na,2197764,2594443,39498
set_covering_n100_m63_d0.15_b_w38_seed2.txt,Set Covering,100,Relaxed,500,false,min,2,0.03311,na,na,69107,104374,1001
set_covering_n100_m63_d0.15_b_w38_seed2.txt,Set Covering,100,Relaxed,1000,false,min,3,0.06832,na,na,129230,198874,1999
set_covering_n100_m63_d0.15_b_w38_seed2.txt,Set Covering,100,Relaxed,2000,false,min,3,0.14752,na,na,256173,394148,3996
set_covering_n100_m63_d0.15_b_w38_seed2.txt,Set Covering,100,Relaxed,5000,false,min,3,0.41935,na,na,615272,949882,9988
set_covering_n100_m63_d0.15_b_w38_seed2.txt,Set Covering,100,Relaxed,10000,false,min,3,0.99507,na,na,1176323,1827833,19874
set_covering_n100_m63_d0.15_b_w38_seed2.txt,Set Covering,100,Relaxed,20000,false,min,4,2.46127,na,na,2197355,3483116,39488
set_covering_n100_m63_d0.15_b_w38_seed3.txt,Set Covering,100,Restricted,500,false,min,9,0.02465,na,na,64151,71389,1000
set_covering_n100_m63_d0.15_b_w38_seed3.txt,Set Covering,100,Restricted,1000,false,min,7,0.04911,na,na,125224,141326,2000
set_covering_n100_m63_d0.15_b_w38_seed3.txt,Set Covering,100,Restricted,2000,false,min,7,0.09969,na,na,243541,277023,3994
set_covering_n100_m63_d0.15_b_w38_seed3.txt,Set Covering,100,Restricted,5000,false,min,7,0.29459,na,na,576008,661076,9956
set_covering_n100_m63_d0.15_b_w38_seed3.txt,Set Covering,100,Restricted,10000,false,min,7,0.62776,na,na,1074382,1268681,19772
set_covering_n100_m63_d0.15_b_w38_seed3.txt,Set Covering,100,Restricted,20000,false,min,7,1.66297,na,na,2016668,2431117,39246
set_covering_n100_m63_d0.15_b_w38_seed3.txt,Set Covering,100,Relaxed,500,false,min,2,0.03291,na,na,64033,97813,999
set_covering_n100_m63_d0.15_b_w38_seed3.txt,Set Covering,100,Relaxed,1000,false,min,3,0.06555,na,na,125342,192578,1999
set_covering_n100_m63_d0.15_b_w38_seed3.txt,Set Covering,100,Relaxed,2000,false,min,3,0.14128,na,na,242895,376009,3994
set_covering_n100_m63_d0.15_b_w38_seed3.txt,Set Covering,100,Relaxed,5000,false,min,3,0.40568,na,na,576093,897202,9954
set_covering_n100_m63_d0.15_b_w38_seed3.txt,Set Covering,100,Relaxed,10000,false,min,4,0.89115,na,na,1074819,1697792,19774
set_covering_n100_m63_d0.15_b_w38_seed3.txt,Set Covering,100,Relaxed,20000,false,min,4,2.14573,na,na,2018648,3228590,39257
set_covering_n100_m63_d0.15_b_w38_seed4.txt,Set Covering,100,Restricted,500,false,min,9,0.02497,na,na,64530,71167,1000
set_covering_n100_m63_d0.15_b_w38_seed4.txt,Set Covering,100,Restricted,1000,false,min,9,0.05122,na,na,124287,138298,2000
set_covering_n100_m63_d0.15_b_w38_seed4.txt,Set Covering,100,Restricted,2000,false,min,9,0.10264,na,na,243651,273060,3998
set_covering_n100_m63_d0.15_b_w38_seed4.txt,Set Covering,100,Restricted,5000,false,min,8,0.28195,na,na,578715,653312,9982
set_covering_n100_m63_d0.15_b_w38_seed4.txt,Set Covering,100,Restricted,10000,false,min,8,0.63522,na,na,1096672,1257052,19944
set_covering_n100_m63_d0.15_b_w38_seed4.txt,Set Covering,100,Restricted,20000,false,min,8,1.57220,na,na,2059606,2429689,39618
set_covering_n100_m63_d0.15_b_w38_seed4.txt,Set Covering,100,Relaxed,500,false,min,2,0.03126,na,na,64346,97647,999
set_covering_n100_m63_d0.15_b_w38_seed4.txt,Set Covering,100,Relaxed,1000,false,min,3,0.06322,na,na,124122,189344,1998
set_covering_n100_m63_d0.15_b_w38_seed4.txt,Set Covering,100,Relaxed,2000,false,min,3,0.14103,na,na,244939,374705,3997
set_covering_n100_m63_d0.15_b_w38_seed4.txt,Set Covering,100,Relaxed,5000,false,min,3,0.39136,na,na,579167,892328,9981
set_covering_n100_m63_d0.15_b_w38_seed4.txt,Set Covering,100,Relaxed,10000,false,min,3,0.92305,na,na,1097812,1705678,19943
set_covering_n100_m63_d0.15_b_w38_seed4.txt,Set Covering,100,Relaxed,20000,false,min,4,2.20046,na,na,2059284,3256993,39611
set_covering_n100_m63_d0.25_b_w38_seed1.txt,Set Covering,100,Exact,99999,false,min,4,8.14853,na,na,7517763,14446252,269055
set_covering_n100_m63_d0.25_b_w38_seed1.txt,Set Covering,100,Restricted,500,false,min,5,0.02618,na,na,63513,75738,994
set_covering_n100_m63_d0.25_b_w38_seed1.txt,Set Covering,100,Restricted,1000,false,min,4,0.04689,na,na,115121,145492,1915
set_covering_n100_m63_d0.25_b_w38_seed1.txt,Set Covering,100,Restricted,2000,false,min,4,0.08818,na,na,210149,279257,3705
set_covering_n100_m63_d0.25_b_w38_seed1.txt,Set Covering,100,Restricted,5000,false,min,4,0.24780,na,na,463706,658346,8950
set_covering_n100_m63_d0.25_b_w38_seed1.txt,Set Covering,100,Restricted,10000,false,min,4,0.54962,na,na,824172,1238074,17259
set_covering_n100_m63_d0.25_b_w38_seed1.txt,Set Covering,100,Restricted,20000,false,min,4,1.09928,na,na,1378491,2242076,29290
set_covering_n100_m63_d0.25_b_w38_seed1.txt,Set Covering,100,Relaxed,500,false,min,2,0.03317,na,na,63438,102627,993
set_covering_n100_m63_d0.25_b_w38_seed1.txt,Set Covering,100,Relaxed,1000,false,min,3,0.06210,na,na,115106,191636,1911
set_covering_n100_m63_d0.25_b_w38_seed1.txt,Set Covering,100,Relaxed,2000,false,min,3,0.12495,na,na,209856,360132,3703
set_covering_n100_m63_d0.25_b_w38_seed1.txt,Set Covering,100,Relaxed,5000,false,min,3,0.34280,na,na,463494,820989,8948
set_covering_n100_m63_d0.25_b_w38_seed1.txt,Set Covering,100,Relaxed,10000,false,min,3,0.73869,na,na,824238,1494980,17258
set_covering_n100_m63_d0.25_b_w38_seed1.txt,Set Covering,100,Relaxed,20000,false,min,4,1.51507,na,na,1378491,2567989,29290
set_covering_n100_m63_d0.25_b_w38_seed2.txt,Set Covering,100,Restricted,500,false,min,5,0.02465,na,na,63063,75383,996
set_covering_n100_m63_d0.25_b_w38_seed2.txt,Set Covering,100,Restricted,1000,false,min,5,0.04819,na,na,116117,145225,1942
set_covering_n100_m63_d0.25_b_w38_seed2.txt,Set Covering,100,Restricted,2000,false,min,4,0.08818,na,na,211121,276127,3725
set_covering_n100_m63_d0.25_b_w38_seed2.txt,Set Covering,100,Exact,99999,false,min,4,8.58638,na,na,7586926,14549277,336533
set_covering_n100_m63_d0.25_b_w38_seed2.txt,Set Covering,100,Restricted,5000,false,min,4,0.23742,na,na,452885,622063,9036
set_covering_n100_m63_d0.25_b_w38_seed2.txt,Set Covering,100,Restricted,10000,false,min,4,0.49344,na,na,789999,1147499,16179
set_covering_n100_m63_d0.25_b_w38_seed2.txt,Set Covering,100,Restricted,20000,false,min,4,1.01654,na,na,1323187,2103339,29405
set_covering_n100_m63_d0.25_b_w38_seed2.txt,Set Covering,100,Relaxed,500,false,min,2,0.03199,na,na,63097,101931,996
set_covering_n100_m63_d0.25_b_w38_seed2.txt,Set Covering,100,Relaxed,1000,false,min,3,0.06320,na,na,115999,191660,1938
set_covering_n100_m63_d0.25_b_w38_seed2.txt,Set Covering,100,Relaxed,2000,false,min,3,0.12633,na,na,210961,358213,3724
set_covering_n100_m63_d0.25_b_w38_seed2.txt,Set Covering,100,Relaxed,5000,false,min,3,0.32873,na,na,453049,793503,9033
set_covering_n100_m63_d0.25_b_w38_seed2.txt,Set Covering,100,Relaxed,10000,false,min,3,0.68595,na,na,790093,1419599,16175
set_covering_n100_m63_d0.25_b_w38_seed2.txt,Set Covering,100,Relaxed,20000,false,min,4,1.40886,na,na,1323187,2459827,29405
set_covering_n100_m63_d0.25_b_w38_seed3.txt,Set Covering,100,Restricted,500,false,min,5,0.02450,na,na,61638,74351,990
set_covering_n100_m63_d0.25_b_w38_seed3.txt,Set Covering,100,Restricted,1000,false,min,4,0.04563,na,na,112134,142454,1923
set_covering_n100_m63_d0.25_b_w38_seed3.txt,Set Covering,100,Exact,99999,false,min,4,6.01787,na,na,5606678,10707136,228537
set_covering_n100_m63_d0.25_b_w38_seed3.txt,Set Covering,100,Restricted,2000,false,min,4,0.09000,na,na,201490,271703,3715
set_covering_n100_m63_d0.25_b_w38_seed3.txt,Set Covering,100,Restricted,5000,false,min,4,0.21968,na,na,429136,614433,8861
set_covering_n100_m63_d0.25_b_w38_seed3.txt,Set Covering,100,Restricted,10000,false,min,4,0.46573,na,na,753973,1121613,17064
set_covering_n100_m63_d0.25_b_w38_seed3.txt,Set Covering,100,Restricted,20000,false,min,4,1.02501,na,na,1266638,2042216,29757
set_covering_n100_m63_d0.25_b_w38_seed3.txt,Set Covering,100,Relaxed,500,false,min,2,0.03327,na,na,61584,100256,989
set_covering_n100_m63_d0.25_b_w38_seed3.txt,Set Covering,100,Relaxed,1000,false,min,3,0.06115,na,na,112137,187369,1917
set_covering_n100_m63_d0.25_b_w38_seed3.txt,Set Covering,100,Relaxed,2000,false,min,3,0.12281,na,na,201231,345551,3720
set_covering_n100_m63_d0.25_b_w38_seed3.txt,Set Covering,100,Relaxed,5000,false,min,3,0.31089,na,na,428697,757667,8860
set_covering_n100_m63_d0.25_b_w38_seed3.txt,Set Covering,100,Relaxed,10000,false,min,3,0.64623,na,na,754092,1359890,17063
set_covering_n100_m63_d0.25_b_w38_seed3.txt,Set Covering,100,Relaxed,20000,false,min,4,1.38357,na,na,1266638,2344528,29757
set_covering_n100_m63_d0.25_b_w38_seed4.txt,Set Covering,100,Restricted,500,false,min,5,0.02440,na,na,62010,74468,996
set_covering_n100_m63_d0.25_b_w38_seed4.txt,Set Covering,100,Restricted,1000,false,min,5,0.04750,na,na,113990,142363,1952
set_covering_n100_m63_d0.25_b_w38_seed4.txt,Set Covering,100,Restricted,2000,false,min,4,0.08860,na,na,201989,270466,3729
set_covering_n100_m63_d0.25_b_w38_seed4.txt,Set Covering,100,Exact,99999,false,min,4,7.07019,na,na,6532817,12560180,275717
set_covering_n100_m63_d0.25_b_w38_seed4.txt,Set Covering,100,Restricted,5000,false,min,4,0.22094,na,na,427646,613654,9135
set_covering_n100_m63_d0.25_b_w38_seed4.txt,Set Covering,100,Restricted,10000,false,min,4,0.45110,na,na,751120,1130915,17526
set_covering_n100_m63_d0.25_b_w38_seed4.txt,Set Covering,100,Restricted,20000,false,min,4,0.97540,na,na,1265659,2042279,29755
set_covering_n100_m63_d0.25_b_w38_seed4.txt,Set Covering,100,Relaxed,500,false,min,2,0.03436,na,na,61882,100271,994
set_covering_n100_m63_d0.25_b_w38_seed4.txt,Set Covering,100,Relaxed,1000,false,min,2,0.06377,na,na,113920,188608,1951
set_covering_n100_m63_d0.25_b_w38_seed4.txt,Set Covering,100,Relaxed,2000,false,min,3,0.13127,na,na,201948,345046,3738
set_covering_n100_m63_d0.25_b_w38_seed4.txt,Set Covering,100,Relaxed,5000,false,min,3,0.31101,na,na,427679,754710,9131
set_covering_n100_m63_d0.25_b_w38_seed4.txt,Set Covering,100,Relaxed,10000,false,min,3,0.63572,na,na,751175,1360012,17529
set_covering_n100_m63_d0.35_b_w38_seed1.txt,Set Covering,100,Exact,99999,false,min,2,0.06026,na,na,111404,218140,2648
set_covering_n100_m63_d0.25_b_w38_seed4.txt,Set Covering,100,Relaxed,20000,false,min,4,1.30376,na,na,1265814,2351870,29754
set_covering_n100_m63_d0.35_b_w38_seed1.txt,Set Covering,100,Restricted,500,false,min,2,0.01718,na,na,37159,65653,728
set_covering_n100_m63_d0.35_b_w38_seed1.txt,Set Covering,100,Restricted,1000,false,min,2,0.02792,na,na,61188,114863,1137
set_covering_n100_m63_d0.35_b_w38_seed1.txt,Set Covering,100,Restricted,2000,false,min,2,0.04257,na,na,97758,189549,2138
set_covering_n100_m63_d0.35_b_w38_seed1.txt,Set Covering,100,Restricted,5000,false,min,2,0.06032,na,na,111404,218140,2648
set_covering_n100_m63_d0.35_b_w38_seed1.txt,Set Covering,100,Restricted,10000,false,min,2,0.05930,na,na,111404,218140,2648
set_covering_n100_m63_d0.35_b_w38_seed1.txt,Set Covering,100,Restricted,20000,false,min,2,0.05950,na,na,111404,218140,2648
set_covering_n100_m63_d0.35_b_w38_seed1.txt,Set Covering,100,Relaxed,500,false,min,2,0.02219,na,na,37145,73994,730
set_covering_n100_m63_d0.35_b_w38_seed1.txt,Set Covering,100,Relaxed,1000,false,min,2,0.03725,na,na,61188,120157,1137
set_covering_n100_m63_d0.35_b_w38_seed1.txt,Set Covering,100,Relaxed,2000,false,min,2,0.06338,na,na,97758,191280,2138
set_covering_n100_m63_d0.35_b_w38_seed1.txt,Set Covering,100,Relaxed,5000,false,min,2,0.05943,na,na,111404,218140,2648
set_covering_n100_m63_d0.35_b_w38_seed1.txt,Set Covering,100,Relaxed,10000,false,min,2,0.06074,na,na,111404,218140,2648
set_covering_n100_m63_d0.35_b_w38_seed1.txt,Set Covering,100,Relaxed,20000,false,min,2,0.06139,na,na,111404,218140,2648
set_covering_n100_m63_d0.35_b_w38_seed2.txt,Set Covering,100,Exact,99999,false,min,2,0.06164,na,na,113595,222652,2662
set_covering_n100_m63_d0.35_b_w38_seed2.txt,Set Covering,100,Restricted,500,false,min,2,0.01754,na,na,36643,65276,668
set_covering_n100_m63_d0.35_b_w38_seed2.txt,Set Covering,100,Restricted,1000,false,min,2,0.02887,na,na,61603,115998,1197
set_covering_n100_m63_d0.35_b_w38_seed2.txt,Set Covering,100,Restricted,2000,false,min,2,0.04651,na,na,100029,194254,2156
set_covering_n100_m63_d0.35_b_w38_seed2.txt,Set Covering,100,Restricted,5000,false,min,2,0.06138,na,na,113595,222652,2662
set_covering_n100_m63_d0.35_b_w38_seed2.txt,Set Covering,100,Restricted,10000,false,min,2,0.06130,na,na,113595,222652,2662
set_covering_n100_m63_d0.35_b_w38_seed2.txt,Set Covering,100,Restricted,20000,false,min,2,0.06038,na,na,113595,222652,2662
set_covering_n100_m63_d0.35_b_w38_seed2.txt,Set Covering,100,Relaxed,500,false,min,2,0.02215,na,na,36642,72582,668
set_covering_n100_m63_d0.35_b_w38_seed2.txt,Set Covering,100,Relaxed,1000,false,min,2,0.03745,na,na,61603,120581,1197
set_covering_n100_m63_d0.35_b_w38_seed2.txt,Set Covering,100,Relaxed,2000,false,min,2,0.06454,na,na,100029,195957,2156
set_covering_n100_m63_d0.35_b_w38_seed2.txt,Set Covering,100,Relaxed,5000,false,min,2,0.05942,na,na,113595,222652,2662
set_covering_n100_m63_d0.35_b_w38_seed2.txt,Set Covering,100,Relaxed,10000,false,min,2,0.06045,na,na,113595,222652,2662
set_covering_n100_m63_d0.35_b_w38_seed2.txt,Set Covering,100,Relaxed,20000,false,min,2,0.06048,na,na,113595,222652,2662
set_covering_n100_m63_d0.35_b_w38_seed3.txt,Set Covering,100,Exact,99999,false,min,3,0.06078,na,na,114401,224517,2768
set_covering_n100_m63_d0.35_b_w38_seed3.txt,Set Covering,100,Restricted,500,false,min,3,0.01651,na,na,35550,63133,681
set_covering_n100_m63_d0.35_b_w38_seed3.txt,Set Covering,100,Restricted,1000,false,min,3,0.02636,na,na,59460,111635,1229
set_covering_n100_m63_d0.35_b_w38_seed3.txt,Set Covering,100,Restricted,2000,false,min,3,0.04139,na,na,95793,186236,2321
set_covering_n100_m63_d0.35_b_w38_seed3.txt,Set Covering,100,Restricted,5000,false,min,3,0.05986,na,na,114401,224517,2768
set_covering_n100_m63_d0.35_b_w38_seed3.txt,Set Covering,100,Restricted,10000,false,min,3,0.06102,na,na,114401,224517,2768
set_covering_n100_m63_d0.35_b_w38_seed3.txt,Set Covering,100,Restricted,20000,false,min,3,0.06039,na,na,114401,224517,2768
set_covering_n100_m63_d0.35_b_w38_seed3.txt,Set Covering,100,Relaxed,500,false,min,2,0.02085,na,na,35537,71305,680
set_covering_n100_m63_d0.35_b_w38_seed3.txt,Set Covering,100,Relaxed,1000,false,min,3,0.03530,na,na,59460,117034,1229
set_covering_n100_m63_d0.35_b_w38_seed3.txt,Set Covering,100,Relaxed,2000,false,min,3,0.06013,na,na,95793,187581,2321
set_covering_n100_m63_d0.35_b_w38_seed3.txt,Set Covering,100,Relaxed,5000,false,min,3,0.06071,na,na,114401,224517,2768
set_covering_n100_m63_d0.35_b_w38_seed3.txt,Set Covering,100,Relaxed,10000,false,min,3,0.06056,na,na,114401,224517,2768
set_covering_n100_m63_d0.35_b_w38_seed3.txt,Set Covering,100,Relaxed,20000,false,min,3,0.06064,na,na,114401,224517,2768
set_covering_n100_m63_d0.35_b_w38_seed4.txt,Set Covering,100,Exact,99999,false,min,2,0.05393,na,na,98116,192360,2442
set_covering_n100_m63_d0.35_b_w38_seed4.txt,Set Covering,100,Restricted,500,false,min,2,0.01707,na,na,35651,64191,681
set_covering_n100_m63_d0.35_b_w38_seed4.txt,Set Covering,100,Restricted,1000,false,min,2,0.02586,na,na,57141,108473,1146
set_covering_n100_m63_d0.35_b_w38_seed4.txt,Set Covering,100,Restricted,2000,false,min,2,0.04057,na,na,89646,174722,2125
set_covering_n100_m63_d0.35_b_w38_seed4.txt,Set Covering,100,Restricted,5000,false,min,2,0.05349,na,na,98116,192360,2442
set_covering_n100_m63_d0.35_b_w38_seed4.txt,Set Covering,100,Restricted,10000,false,min,2,0.05300,na,na,98116,192360,2442
set_covering_n100_m63_d0.35_b_w38_seed4.txt,Set Covering,100,Restricted,20000,false,min,2,0.05314,na,na,98116,192360,2442
set_covering_n100_m63_d0.35_b_w38_seed4.txt,Set Covering,100,Relaxed,500,false,min,2,0.02120,na,na,35651,71184,681
set_covering_n100_m63_d0.35_b_w38_seed4.txt,Set Covering,100,Relaxed,1000,false,min,2,0.03471,na,na,57141,112112,1146
set_covering_n100_m63_d0.35_b_w38_seed4.txt,Set Covering,100,Relaxed,2000,false,min,2,0.05810,na,na,89647,175711,2125
set_covering_n100_m63_d0.35_b_w38_seed4.txt,Set Covering,100,Relaxed,5000,false,min,2,0.05158,na,na,98116,192360,2442
set_covering_n100_m63_d0.35_b_w38_seed4.txt,Set Covering,100,Relaxed,10000,false,min,2,0.05221,na,na,98116,192360,2442
set_covering_n100_m63_d0.35_b_w38_seed4.txt,Set Covering,100,Relaxed,20000,false,min,2,0.05233,na,na,98116,192360,2442
set_covering_n100_m63_d0.45_b_w38_seed1.txt,Set Covering,100,Exact,99999,false,min,2,0.00991,na,na,20657,40949,363
set_covering_n100_m63_d0.45_b_w38_seed1.txt,Set Covering,100,Restricted,500,false,min,2,0.01012,na,na,20657,40949,363
set_covering_n100_m63_d0.45_b_w38_seed1.txt,Set Covering,100,Restricted,1000,false,min,2,0.01005,na,na,20657,40949,363
set_covering_n100_m63_d0.45_b_w38_seed1.txt,Set Covering,100,Restricted,2000,false,min,2,0.01048,na,na,20657,40949,363
set_covering_n100_m63_d0.45_b_w38_seed1.txt,Set Covering,100,Restricted,5000,false,min,2,0.00992,na,na,20657,40949,363
set_covering_n100_m63_d0.45_b_w38_seed1.txt,Set Covering,100,Restricted,10000,false,min,2,0.00998,na,na,20657,40949,363
set_covering_n100_m63_d0.45_b_w38_seed1.txt,Set Covering,100,Restricted,20000,false,min,2,0.00991,na,na,20657,40949,363
set_covering_n100_m63_d0.45_b_w38_seed1.txt,Set Covering,100,Relaxed,500,false,min,2,0.01000,na,na,20657,40949,363
set_covering_n100_m63_d0.45_b_w38_seed1.txt,Set Covering,100,Relaxed,1000,false,min,2,0.00996,na,na,20657,40949,363
set_covering_n100_m63_d0.45_b_w38_seed1.txt,Set Covering,100,Relaxed,2000,false,min,2,0.01012,na,na,20657,40949,363
set_covering_n100_m63_d0.45_b_w38_seed1.txt,Set Covering,100,Relaxed,5000,false,min,2,0.01000,na,na,20657,40949,363
set_covering_n100_m63_d0.45_b_w38_seed1.txt,Set Covering,100,Relaxed,10000,false,min,2,0.00997,na,na,20657,40949,363
set_covering_n100_m63_d0.45_b_w38_seed1.txt,Set Covering,100,Relaxed,20000,false,min,2,0.00998,na,na,20657,40949,363
set_covering_n100_m63_d0.45_b_w38_seed2.txt,Set Covering,100,Exact,99999,false,min,2,0.01021,na,na,20657,40949,363
set_covering_n100_m63_d0.45_b_w38_seed2.txt,Set Covering,100,Restricted,500,false,min,2,0.00998,na,na,20657,40949,363
set_covering_n100_m63_d0.45_b_w38_seed2.txt,Set Covering,100,Restricted,1000,false,min,2,0.00998,na,na,20657,40949,363
set_covering_n100_m63_d0.45_b_w38_seed2.txt,Set Covering,100,Restricted,2000,false,min,2,0.00999,na,na,20657,40949,363
set_covering_n100_m63_d0.45_b_w38_seed2.txt,Set Covering,100,Restricted,5000,false,min,2,0.01005,na,na,20657,40949,363
set_covering_n100_m63_d0.45_b_w38_seed2.txt,Set Covering,100,Restricted,10000,false,min,2,0.01001,na,na,20657,40949,363
set_covering_n100_m63_d0.45_b_w38_seed2.txt,Set Covering,100,Restricted,20000,false,min,2,0.00996,na,na,20657,40949,363
set_covering_n100_m63_d0.45_b_w38_seed2.txt,Set Covering,100,Relaxed,500,false,min,2,0.01000,na,na,20657,40949,363
set_covering_n100_m63_d0.45_b_w38_seed2.txt,Set Covering,100,Relaxed,1000,false,min,2,0.01013,na,na,20657,40949,363
set_covering_n100_m63_d0.45_b_w38_seed2.txt,Set Covering,100,Relaxed,2000,false,min,2,0.01026,na,na,20657,40949,363
set_covering_n100_m63_d0.45_b_w38_seed2.txt,Set Covering,100,Relaxed,5000,false,min,2,0.01002,na,na,20657,40949,363
set_covering_n100_m63_d0.45_b_w38_seed2.txt,Set Covering,100,Relaxed,10000,false,min,2,0.01004,na,na,20657,40949,363
set_covering_n100_m63_d0.45_b_w38_seed2.txt,Set Covering,100,Relaxed,20000,false,min,2,0.01001,na,na,20657,40949,363
set_covering_n100_m63_d0.45_b_w38_seed3.txt,Set Covering,100,Exact,99999,false,min,2,0.01005,na,na,20657,40949,363
set_covering_n100_m63_d0.45_b_w38_seed3.txt,Set Covering,100,Restricted,500,false,min,2,0.01006,na,na,20657,40949,363
set_covering_n100_m63_d0.45_b_w38_seed3.txt,Set Covering,100,Restricted,1000,false,min,2,0.01007,na,na,20657,40949,363
set_covering_n100_m63_d0.45_b_w38_seed3.txt,Set Covering,100,Restricted,2000,false,min,2,0.01015,na,na,20657,40949,363
set_covering_n100_m63_d0.45_b_w38_seed3.txt,Set Covering,100,Restricted,5000,false,min,2,0.01002,na,na,20657,40949,363
set_covering_n100_m63_d0.45_b_w38_seed3.txt,Set Covering,100,Restricted,10000,false,min,2,0.01005,na,na,20657,40949,363
set_covering_n100_m63_d0.45_b_w38_seed3.txt,Set Covering,100,Restricted,20000,false,min,2,0.01008,na,na,20657,40949,363
set_covering_n100_m63_d0.45_b_w38_seed3.txt,Set Covering,100,Relaxed,500,false,min,2,0.01008,na,na,20657,40949,363
set_covering_n100_m63_d0.45_b_w38_seed3.txt,Set Covering,100,Relaxed,1000,false,min,2,0.01007,na,na,20657,40949,363
set_covering_n100_m63_d0.45_b_w38_seed3.txt,Set Covering,100,Relaxed,2000,false,min,2,0.00997,na,na,20657,40949,363
set_covering_n100_m63_d0.45_b_w38_seed3.txt,Set Covering,100,Relaxed,5000,false,min,2,0.01006,na,na,20657,40949,363
set_covering_n100_m63_d0.45_b_w38_seed3.txt,Set Covering,100,Relaxed,10000,false,min,2,0.01004,na,na,20657,40949,363
set_covering_n100_m63_d0.45_b_w38_seed3.txt,Set Covering,100,Relaxed,20000,false,min,2,0.01014,na,na,20657,40949,363
set_covering_n100_m63_d0.45_b_w38_seed4.txt,Set Covering,100,Exact,99999,false,min,2,0.01001,na,na,20657,40949,363
set_covering_n100_m63_d0.45_b_w38_seed4.txt,Set Covering,100,Restricted,500,false,min,2,0.01005,na,na,20657,40949,363
set_covering_n100_m63_d0.45_b_w38_seed4.txt,Set Covering,100,Restricted,1000,false,min,2,0.01011,na,na,20657,40949,363
set_covering_n100_m63_d0.45_b_w38_seed4.txt,Set Covering,100,Restricted,2000,false,min,2,0.01013,na,na,20657,40949,363
set_covering_n100_m63_d0.45_b_w38_seed4.txt,Set Covering,100,Restricted,5000,false,min,2,0.01006,na,na,20657,40949,363
set_covering_n100_m63_d0.45_b_w38_seed4.txt,Set Covering,100,Restricted,10000,false,min,2,0.01001,na,na,20657,40949,363
set_covering_n100_m63_d0.45_b_w38_seed4.txt,Set Covering,100,Restricted,20000,false,min,2,0.01012,na,na,20657,40949,363
set_covering_n100_m63_d0.45_b_w38_seed4.txt,Set Covering,100,Relaxed,500,false,min,2,0.01005,na,na,20657,40949,363
set_covering_n100_m63_d0.45_b_w38_seed4.txt,Set Covering,100,Relaxed,1000,false,min,2,0.01006,na,na,20657,40949,363
set_covering_n100_m63_d0.45_b_w38_seed4.txt,Set Covering,100,Relaxed,2000,false,min,2,0.01008,na,na,20657,40949,363
set_covering_n100_m63_d0.45_b_w38_seed4.txt,Set Covering,100,Relaxed,5000,false,min,2,0.01002,na,na,20657,40949,363
set_covering_n100_m63_d0.45_b_w38_seed4.txt,Set Covering,100,Relaxed,10000,false,min,2,0.01029,na,na,20657,40949,363
set_covering_n100_m63_d0.45_b_w38_seed4.txt,Set Covering,100,Relaxed,20000,false,min,2,0.00997,na,na,20657,40949,363
set_covering_n100_m66_d0.1_b_w35_seed1.txt,Set Covering,100,Restricted,500,false,min,12,0.02407,na,na,60083,66943,1000
set_covering_n100_m66_d0.1_b_w35_seed1.txt,Set Covering,100,Restricted,1000,false,min,12,0.04807,na,na,119744,131769,2000
set_covering_n100_m66_d0.1_b_w35_seed1.txt,Set Covering,100,Restricted,2000,false,min,12,0.09888,na,na,232732,258391,4000
set_covering_n100_m66_d0.1_b_w35_seed1.txt,Set Covering,100,Restricted,5000,false,min,11,0.29359,na,na,561150,628872,9998
set_covering_n100_m66_d0.1_b_w35_seed1.txt,Set Covering,100,Restricted,10000,false,min,11,0.69003,na,na,1097152,1231527,19983
set_covering_n100_m66_d0.1_b_w35_seed1.txt,Set Covering,100,Relaxed,500,false,min,3,0.03133,na,na,60245,90872,1001
set_covering_n100_m66_d0.1_b_w35_seed1.txt,Set Covering,100,Restricted,20000,false,min,11,1.77217,na,na,2118454,2399139,39940
set_covering_n100_m66_d0.1_b_w35_seed1.txt,Set Covering,100,Relaxed,1000,false,min,3,0.06318,na,na,119594,179508,2001
set_covering_n100_m66_d0.1_b_w35_seed1.txt,Set Covering,100,Relaxed,2000,false,min,3,0.13417,na,na,232829,350965,4001
set_covering_n100_m66_d0.1_b_w35_seed1.txt,Set Covering,100,Relaxed,5000,false,min,4,0.40147,na,na,561454,851502,9996
set_covering_n100_m66_d0.1_b_w35_seed1.txt,Set Covering,100,Relaxed,10000,false,min,4,0.93100,na,na,1096956,1666341,19979
set_covering_n100_m66_d0.1_b_w35_seed2.txt,Set Covering,100,Restricted,500,false,min,14,0.02611,na,na,64125,69222,1000
set_covering_n100_m66_d0.1_b_w35_seed1.txt,Set Covering,100,Relaxed,20000,false,min,4,2.35897,na,na,2120320,3232192,39939
set_covering_n100_m66_d0.1_b_w35_seed2.txt,Set Covering,100,Restricted,1000,false,min,12,0.05170,na,na,126295,137332,2000
set_covering_n100_m66_d0.1_b_w35_seed2.txt,Set Covering,100,Restricted,2000,false,min,12,0.10475,na,na,243704,265832,4000
set_covering_n100_m66_d0.1_b_w35_seed2.txt,Set Covering,100,Restricted,5000,false,min,12,0.30385,na,na,582848,634727,10000
set_covering_n100_m66_d0.1_b_w35_seed2.txt,Set Covering,100,Restricted,10000,false,min,12,0.72635,na,na,1127272,1237893,19995
set_covering_n100_m66_d0.1_b_w35_seed2.txt,Set Covering,100,Restricted,20000,false,min,11,1.84007,na,na,2166561,2391930,39979
set_covering_n100_m66_d0.1_b_w35_seed2.txt,Set Covering,100,Relaxed,500,false,min,2,0.03224,na,na,63990,95251,1001
set_covering_n100_m66_d0.1_b_w35_seed2.txt,Set Covering,100,Relaxed,1000,false,min,3,0.06456,na,na,125327,188259,2001
set_covering_n100_m66_d0.1_b_w35_seed2.txt,Set Covering,100,Relaxed,2000,false,min,3,0.13945,na,na,243725,365100,4001
set_covering_n100_m66_d0.1_b_w35_seed2.txt,Set Covering,100,Relaxed,5000,false,min,3,0.40120,na,na,582996,873697,9999
set_covering_n100_m66_d0.1_b_w35_seed2.txt,Set Covering,100,Relaxed,10000,false,min,4,0.95778,na,na,1127397,1698484,19993
set_covering_n100_m66_d0.1_b_w35_seed2.txt,Set Covering,100,Relaxed,20000,false,min,4,2.41201,na,na,2166918,3276193,39980
set_covering_n100_m66_d0.1_b_w35_seed3.txt,Set Covering,100,Restricted,500,false,min,14,0.02567,na,na,64220,69804,1000
set_covering_n100_m66_d0.1_b_w35_seed3.txt,Set Covering,100,Restricted,1000,false,min,14,0.04985,na,na,122407,133400,2000
set_covering_n100_m66_d0.1_b_w35_seed3.txt,Set Covering,100,Restricted,2000,false,min,13,0.10378,na,na,235986,259956,4000
set_covering_n100_m66_d0.1_b_w35_seed3.txt,Set Covering,100,Restricted,5000,false,min,13,0.28730,na,na,556075,613678,9998
set_covering_n100_m66_d0.1_b_w35_seed3.txt,Set Covering,100,Restricted,10000,false,min,12,0.67132,na,na,1064041,1169919,19985
set_covering_n100_m66_d0.1_b_w35_seed3.txt,Set Covering,100,Relaxed,500,false,min,2,0.03563,na,na,64009,96031,1001
set_covering_n100_m66_d0.1_b_w35_seed3.txt,Set Covering,100,Restricted,20000,false,min,12,1.77489,na,na,2019270,2245991,39909
set_covering_n100_m66_d0.1_b_w35_seed3.txt,Set Covering,100,Relaxed,1000,false,min,3,0.06350,na,na,122257,182945,2001
set_covering_n100_m66_d0.1_b_w35_seed3.txt,Set Covering,100,Relaxed,2000,false,min,3,0.13784,na,na,235940,354568,4000
set_covering_n100_m66_d0.1_b_w35_seed3.txt,Set Covering,100,Relaxed,5000,false,min,3,0.38324,na,na,555808,834731,9997
set_covering_n100_m66_d0.1_b_w35_seed3.txt,Set Covering,100,Relaxed,10000,false,min,3,0.88615,na,na,1063295,1597037,19984
set_covering_n100_m66_d0.1_b_w35_seed3.txt,Set Covering,100,Relaxed,20000,false,min,4,2.16763,na,na,2019746,3060370,39910
set_covering_n100_m66_d0.1_b_w35_seed4.txt,Set Covering,100,Restricted,500,false,min,13,0.02479,na,na,59070,64652,1000
set_covering_n100_m66_d0.1_b_w35_seed4.txt,Set Covering,100,Restricted,1000,false,min,13,0.04738,na,na,115645,127339,2000
set_covering_n100_m66_d0.1_b_w35_seed4.txt,Set Covering,100,Restricted,2000,false,min,13,0.10001,na,na,224805,246899,4000
set_covering_n100_m66_d0.1_b_w35_seed4.txt,Set Covering,100,Restricted,5000,false,min,13,0.28603,na,na,540552,589291,9999
set_covering_n100_m66_d0.1_b_w35_seed4.txt,Set Covering,100,Restricted,10000,false,min,13,0.65868,na,na,1046487,1157328,19997
set_covering_n100_m66_d0.1_b_w35_seed4.txt,Set Covering,100,Restricted,20000,false,min,12,1.74316,na,na,2015383,2239365,39986
set_covering_n100_m66_d0.1_b_w35_seed4.txt,Set Covering,100,Relaxed,500,false,min,2,0.03147,na,na,59389,88090,1001
set_covering_n100_m66_d0.1_b_w35_seed4.txt,Set Covering,100,Relaxed,1000,false,min,3,0.06335,na,na,115455,172255,2001
set_covering_n100_m66_d0.1_b_w35_seed4.txt,Set Covering,100,Relaxed,2000,false,min,3,0.13057,na,na,225354,335326,4001
set_covering_n100_m66_d0.1_b_w35_seed4.txt,Set Covering,100,Relaxed,5000,false,min,3,0.38404,na,na,540310,802668,9999
set_covering_n100_m66_d0.1_b_w35_seed4.txt,Set Covering,100,Relaxed,10000,false,min,4,0.90124,na,na,1045930,1567213,19995
set_covering_n100_m66_d0.1_b_w35_seed4.txt,Set Covering,100,Relaxed,20000,false,min,4,2.14178,na,na,2015734,3032530,39983
set_covering_n100_m66_d0.2_b_w35_seed1.txt,Set Covering,100,Exact,99999,false,min,5,39.77668,na,na,28285744,53317864,1708613
set_covering_n100_m66_d0.2_b_w35_seed1.txt,Set Covering,100,Restricted,500,false,min,6,0.02813,na,na,64667,74414,999
set_covering_n100_m66_d0.2_b_w35_seed1.txt,Set Covering,100,Restricted,1000,false,min,5,0.05419,na,na,120872,143838,1975
set_covering_n100_m66_d0.2_b_w35_seed1.txt,Set Covering,100,Restricted,2000,false,min,5,0.10129,na,na,227428,278724,3939
set_covering_n100_m66_d0.2_b_w35_seed1.txt,Set Covering,100,Restricted,5000,false,min,5,0.29269,na,na,520853,663109,9736
set_covering_n100_m66_d0.2_b_w35_seed1.txt,Set Covering,100,Restricted,10000,false,min,5,0.63192,na,na,934974,1247329,18665
set_covering_n100_m66_d0.2_b_w35_seed1.txt,Set Covering,100,Restricted,20000,false,min,5,1.41134,na,na,1665062,2316686,35116
set_covering_n100_m66_d0.2_b_w35_seed1.txt,Set Covering,100,Relaxed,500,false,min,2,0.03723,na,na,64582,101627,998
set_covering_n100_m66_d0.2_b_w35_seed1.txt,Set Covering,100,Relaxed,1000,false,min,3,0.07167,na,na,120947,193970,1977
set_covering_n100_m66_d0.2_b_w35_seed1.txt,Set Covering,100,Relaxed,2000,false,min,3,0.14447,na,na,227391,370311,3938
set_covering_n100_m66_d0.2_b_w35_seed1.txt,Set Covering,100,Relaxed,5000,false,min,3,0.38471,na,na,520711,865778,9729
set_covering_n100_m66_d0.2_b_w35_seed1.txt,Set Covering,100,Relaxed,10000,false,min,4,0.83894,na,na,934824,1593340,18675
set_covering_n100_m66_d0.2_b_w35_seed1.txt,Set Covering,100,Relaxed,20000,false,min,4,1.80726,na,na,1667019,2908385,35117
set_covering_n100_m66_d0.2_b_w35_seed2.txt,Set Covering,100,Exact,99999,false,min,5,40.96471,na,na,29723780,56283905,1109778
set_covering_n100_m66_d0.2_b_w35_seed2.txt,Set Covering,100,Restricted,500,false,min,6,0.02777,na,na,65283,74603,1000
set_covering_n100_m66_d0.2_b_w35_seed2.txt,Set Covering,100,Restricted,1000,false,min,5,0.05367,na,na,122947,144626,1991
set_covering_n100_m66_d0.2_b_w35_seed2.txt,Set Covering,100,Restricted,2000,false,min,5,0.10606,na,na,230815,279732,3957
set_covering_n100_m66_d0.2_b_w35_seed2.txt,Set Covering,100,Restricted,5000,false,min,5,0.28749,na,na,519634,655371,9810
set_covering_n100_m66_d0.2_b_w35_seed2.txt,Set Covering,100,Restricted,10000,false,min,5,0.61204,na,na,950985,1240420,19383
set_covering_n100_m66_d0.2_b_w35_seed2.txt,Set Covering,100,Restricted,20000,false,min,5,1.40756,na,na,1675882,2322550,36460
set_covering_n100_m66_d0.2_b_w35_seed2.txt,Set Covering,100,Relaxed,500,false,min,2,0.03644,na,na,65141,102648,999
set_covering_n100_m66_d0.2_b_w35_seed2.txt,Set Covering,100,Relaxed,1000,false,min,3,0.07039,na,na,123041,195974,1991
set_covering_n100_m66_d0.2_b_w35_seed2.txt,Set Covering,100,Relaxed,2000,false,min,3,0.14855,na,na,230509,373235,3958
set_covering_n100_m66_d0.2_b_w35_seed2.txt,Set Covering,100,Relaxed,5000,false,min,3,0.39458,na,na,519870,862871,9801
set_covering_n100_m66_d0.2_b_w35_seed2.txt,Set Covering,100,Relaxed,10000,false,min,3,0.85596,na,na,950908,1613766,19379
set_covering_n100_m66_d0.2_b_w35_seed2.txt,Set Covering,100,Relaxed,20000,false,min,4,1.83205,na,na,1675432,2921849,36455
set_covering_n100_m66_d0.2_b_w35_seed3.txt,Set Covering,100,Exact,99999,false,min,5,33.15425,na,na,24694740,46718065,1130921
set_covering_n100_m66_d0.2_b_w35_seed3.txt,Set Covering,100,Restricted,500,false,min,6,0.02717,na,na,63193,71499,1000
set_covering_n100_m66_d0.2_b_w35_seed3.txt,Set Covering,100,Restricted,1000,false,min,5,0.05097,na,na,118982,139379,1990
set_covering_n100_m66_d0.2_b_w35_seed3.txt,Set Covering,100,Restricted,2000,false,min,5,0.10513,na,na,224028,270909,3958
set_covering_n100_m66_d0.2_b_w35_seed3.txt,Set Covering,100,Restricted,5000,false,min,5,0.29608,na,na,510448,642190,9817
set_covering_n100_m66_d0.2_b_w35_seed3.txt,Set Covering,100,Restricted,10000,false,min,5,0.66741,na,na,935966,1216992,18605
set_covering_n100_m66_d0.2_b_w35_seed3.txt,Set Covering,100,Restricted,20000,false,min,5,1.54424,na,na,1658751,2268796,35474
set_covering_n100_m66_d0.2_b_w35_seed3.txt,Set Covering,100,Relaxed,500,false,min,2,0.03518,na,na,63134,98636,999
set_covering_n100_m66_d0.2_b_w35_seed3.txt,Set Covering,100,Relaxed,1000,false,min,3,0.06855,na,na,118236,187899,1989
set_covering_n100_m66_d0.2_b_w35_seed3.txt,Set Covering,100,Relaxed,2000,false,min,3,0.14369,na,na,223831,362933,3957
set_covering_n100_m66_d0.2_b_w35_seed3.txt,Set Covering,100,Relaxed,5000,false,min,3,0.39632,na,na,510199,849529,9817
set_covering_n100_m66_d0.2_b_w35_seed3.txt,Set Covering,100,Relaxed,10000,false,min,3,0.87331,na,na,935718,1591122,18605
set_covering_n100_m66_d0.2_b_w35_seed3.txt,Set Covering,100,Relaxed,20000,false,min,4,1.92169,na,na,1659029,2896613,35456
set_covering_n100_m66_d0.2_b_w35_seed4.txt,Set Covering,100,Restricted,500,false,min,7,0.02836,na,na,63616,73000,999
set_covering_n100_m66_d0.2_b_w35_seed4.txt,Set Covering,100,Restricted,1000,false,min,6,0.05166,na,na,119046,140620,1987
set_covering_n100_m66_d0.2_b_w35_seed4.txt,Set Covering,100,Restricted,2000,false,min,6,0.10161,na,na,220309,269302,3964
set_covering_n100_m66_d0.2_b_w35_seed4.txt,Set Covering,100,Restricted,5000,false,min,6,0.27368,na,na,494489,622253,9838
set_covering_n100_m66_d0.2_b_w35_seed4.txt,Set Covering,100,Restricted,10000,false,min,5,0.60274,na,na,888584,1159266,19035
set_covering_n100_m66_d0.2_b_w35_seed4.txt,Set Covering,100,Restricted,20000,false,min,5,1.34821,na,na,1557711,2155400,36135
set_covering_n100_m66_d0.2_b_w35_seed4.txt,Set Covering,100,Relaxed,500,false,min,2,0.03522,na,na,63608,99738,998
set_covering_n100_m66_d0.2_b_w35_seed4.txt,Set Covering,100,Relaxed,1000,false,min,3,0.06541,na,na,118991,189006,1985
set_covering_n100_m66_d0.2_b_w35_seed4.txt,Set Covering,100,Relaxed,2000,false,min,3,0.13560,na,na,219975,355043,3962
set_covering_n100_m66_d0.2_b_w35_seed4.txt,Set Covering,100,Relaxed,5000,false,min,3,0.36438,na,na,494613,814224,9833
set_covering_n100_m66_d0.2_b_w35_seed4.txt,Set Covering,100,Relaxed,10000,false,min,4,0.80636,na,na,888982,1497627,19023
set_covering_n100_m66_d0.2_b_w35_seed4.txt,Set Covering,100,Relaxed,20000,false,min,4,1.77269,na,na,1556766,2698989,36125
set_covering_n100_m66_d0.3_b_w35_seed1.txt,Set Covering,100,Exact,99999,false,min,4,0.20980,na,na,359613,699335,10854
set_covering_n100_m66_d0.3_b_w35_seed1.txt,Set Covering,100,Restricted,500,false,min,4,0.02170,na,na,44651,67286,897
set_covering_n100_m66_d0.3_b_w35_seed1.txt,Set Covering,100,Restricted,1000,false,min,4,0.03748,na,na,76433,124918,1492
set_covering_n100_m66_d0.3_b_w35_seed1.txt,Set Covering,100,Restricted,2000,false,min,4,0.06186,na,na,127506,222287,2693
set_covering_n100_m66_d0.3_b_w35_seed1.txt,Set Covering,100,Restricted,5000,false,min,4,0.12683,na,na,240873,448432,6157
set_covering_n100_m66_d0.3_b_w35_seed1.txt,Set Covering,100,Restricted,10000,false,min,4,0.16187,na,na,350638,680275,10766
set_covering_n100_m66_d0.3_b_w35_seed1.txt,Set Covering,100,Restricted,20000,false,min,4,0.21300,na,na,359613,699335,10854
set_covering_n100_m66_d0.2_b_w35_seed4.txt,Set Covering,100,Exact,99999,false,min,5,35.93513,na,na,26580206,50230066,1271093
set_covering_n100_m66_d0.3_b_w35_seed1.txt,Set Covering,100,Relaxed,500,false,min,2,0.02719,na,na,44631,84824,896
set_covering_n100_m66_d0.3_b_w35_seed1.txt,Set Covering,100,Relaxed,1000,false,min,3,0.04774,na,na,76417,148611,1493
set_covering_n100_m66_d0.3_b_w35_seed1.txt,Set Covering,100,Relaxed,2000,false,min,3,0.08703,na,na,127447,250182,2689
set_covering_n100_m66_d0.3_b_w35_seed1.txt,Set Covering,100,Relaxed,5000,false,min,4,0.18417,na,na,240873,472053,6157
set_covering_n100_m66_d0.3_b_w35_seed1.txt,Set Covering,100,Relaxed,10000,false,min,4,0.25179,na,na,350638,681446,10766
set_covering_n100_m66_d0.3_b_w35_seed1.txt,Set Covering,100,Relaxed,20000,false,min,4,0.21177,na,na,359613,699335,10854
set_covering_n100_m66_d0.3_b_w35_seed2.txt,Set Covering,100,Exact,99999,false,min,3,0.23428,na,na,395221,766497,13224
set_covering_n100_m66_d0.3_b_w35_seed2.txt,Set Covering,100,Restricted,500,false,min,3,0.02155,na,na,45628,69852,860
set_covering_n100_m66_d0.3_b_w35_seed2.txt,Set Covering,100,Restricted,1000,false,min,3,0.03723,na,na,77520,125299,1550
set_covering_n100_m66_d0.3_b_w35_seed2.txt,Set Covering,100,Restricted,2000,false,min,3,0.06320,na,na,129848,224475,2765
set_covering_n100_m66_d0.3_b_w35_seed2.txt,Set Covering,100,Restricted,5000,false,min,3,0.12313,na,na,250022,461450,6544
set_covering_n100_m66_d0.3_b_w35_seed2.txt,Set Covering,100,Restricted,10000,false,min,3,0.17378,na,na,355103,681905,11482
set_covering_n100_m66_d0.3_b_w35_seed2.txt,Set Covering,100,Restricted,20000,false,min,3,0.23403,na,na,395221,766497,13224
set_covering_n100_m66_d0.3_b_w35_seed2.txt,Set Covering,100,Relaxed,500,false,min,2,0.02727,na,na,45641,85585,862
set_covering_n100_m66_d0.3_b_w35_seed2.txt,Set Covering,100,Relaxed,1000,false,min,3,0.04929,na,na,77397,147854,1551
set_covering_n100_m66_d0.3_b_w35_seed2.txt,Set Covering,100,Relaxed,2000,false,min,3,0.08808,na,na,129840,251378,2763
set_covering_n100_m66_d0.3_b_w35_seed2.txt,Set Covering,100,Relaxed,5000,false,min,3,0.18300,na,na,249890,484802,6541
set_covering_n100_m66_d0.3_b_w35_seed2.txt,Set Covering,100,Relaxed,10000,false,min,3,0.26134,na,na,355103,687591,11482
set_covering_n100_m66_d0.3_b_w35_seed2.txt,Set Covering,100,Relaxed,20000,false,min,3,0.23335,na,na,395221,766497,13224
set_covering_n100_m66_d0.3_b_w35_seed3.txt,Set Covering,100,Exact,99999,false,min,3,0.23530,na,na,407226,791122,12621
set_covering_n100_m66_d0.3_b_w35_seed3.txt,Set Covering,100,Restricted,500,false,min,3,0.02123,na,na,45376,69400,881
set_covering_n100_m66_d0.3_b_w35_seed3.txt,Set Covering,100,Restricted,1000,false,min,3,0.03647,na,na,77366,126248,1529
set_covering_n100_m66_d0.3_b_w35_seed3.txt,Set Covering,100,Restricted,2000,false,min,3,0.06057,na,na,128777,223667,2720
set_covering_n100_m66_d0.3_b_w35_seed3.txt,Set Covering,100,Restricted,5000,false,min,3,0.12635,na,na,245544,453279,6008
set_covering_n100_m66_d0.3_b_w35_seed3.txt,Set Covering,100,Restricted,10000,false,min,3,0.18112,na,na,367637,708419,10670
set_covering_n100_m66_d0.3_b_w35_seed3.txt,Set Covering,100,Restricted,20000,false,min,3,0.23985,na,na,407226,791122,12621
set_covering_n100_m66_d0.3_b_w35_seed3.txt,Set Covering,100,Relaxed,500,false,min,2,0.02652,na,na,45433,85346,880
set_covering_n100_m66_d0.3_b_w35_seed3.txt,Set Covering,100,Relaxed,1000,false,min,3,0.04859,na,na,77510,149005,1525
set_covering_n100_m66_d0.3_b_w35_seed3.txt,Set Covering,100,Relaxed,2000,false,min,3,0.08699,na,na,128691,251348,2719
set_covering_n100_m66_d0.3_b_w35_seed3.txt,Set Covering,100,Relaxed,5000,false,min,3,0.18364,na,na,245557,481094,6008
set_covering_n100_m66_d0.3_b_w35_seed3.txt,Set Covering,100,Relaxed,10000,false,min,3,0.27075,na,na,367637,712723,10670
set_covering_n100_m66_d0.3_b_w35_seed3.txt,Set Covering,100,Relaxed,20000,false,min,3,0.23753,na,na,407226,791122,12621
set_covering_n100_m66_d0.3_b_w35_seed4.txt,Set Covering,100,Exact,99999,false,min,4,0.17667,na,na,304989,592414,8844
set_covering_n100_m66_d0.3_b_w35_seed4.txt,Set Covering,100,Restricted,500,false,min,4,0.02207,na,na,45336,71181,857
set_covering_n100_m66_d0.3_b_w35_seed4.txt,Set Covering,100,Restricted,1000,false,min,4,0.03617,na,na,76978,129202,1516
set_covering_n100_m66_d0.3_b_w35_seed4.txt,Set Covering,100,Restricted,2000,false,min,4,0.06016,na,na,128190,228443,2725
set_covering_n100_m66_d0.3_b_w35_seed4.txt,Set Covering,100,Restricted,5000,false,min,4,0.11462,na,na,233974,443101,5837
set_covering_n100_m66_d0.3_b_w35_seed4.txt,Set Covering,100,Restricted,10000,false,min,4,0.17736,na,na,304989,592414,8844
set_covering_n100_m66_d0.3_b_w35_seed4.txt,Set Covering,100,Restricted,20000,false,min,4,0.17792,na,na,304989,592414,8844
set_covering_n100_m66_d0.3_b_w35_seed4.txt,Set Covering,100,Relaxed,500,false,min,2,0.02747,na,na,45339,86079,857
set_covering_n100_m66_d0.3_b_w35_seed4.txt,Set Covering,100,Relaxed,1000,false,min,3,0.04909,na,na,77040,149047,1517
set_covering_n100_m66_d0.3_b_w35_seed4.txt,Set Covering,100,Relaxed,2000,false,min,3,0.08748,na,na,128059,251001,2721
set_covering_n100_m66_d0.3_b_w35_seed4.txt,Set Covering,100,Relaxed,5000,false,min,4,0.17191,na,na,233974,456343,5837
set_covering_n100_m66_d0.3_b_w35_seed4.txt,Set Covering,100,Relaxed,10000,false,min,4,0.17822,na,na,304989,592414,8844
set_covering_n100_m66_d0.3_b_w35_seed4.txt,Set Covering,100,Relaxed,20000,false,min,4,0.17852,na,na,304989,592414,8844
set_covering_n100_m66_d0.4_b_w35_seed1.txt,Set Covering,100,Exact,99999,false,min,2,0.01288,na,na,25564,50595,531
set_covering_n100_m66_d0.4_b_w35_seed1.txt,Set Covering,100,Restricted,500,false,min,2,0.01119,na,na,24867,49162,529
set_covering_n100_m66_d0.4_b_w35_seed1.txt,Set Covering,100,Restricted,1000,false,min,2,0.01293,na,na,25564,50595,531
set_covering_n100_m66_d0.4_b_w35_seed1.txt,Set Covering,100,Restricted,2000,false,min,2,0.01289,na,na,25564,50595,531
set_covering_n100_m66_d0.4_b_w35_seed1.txt,Set Covering,100,Restricted,5000,false,min,2,0.01290,na,na,25564,50595,531
set_covering_n100_m66_d0.4_b_w35_seed1.txt,Set Covering,100,Restricted,10000,false,min,2,0.01288,na,na,25564,50595,531
set_covering_n100_m66_d0.4_b_w35_seed1.txt,Set Covering,100,Restricted,20000,false,min,2,0.01275,na,na,25564,50595,531
set_covering_n100_m66_d0.4_b_w35_seed1.txt,Set Covering,100,Relaxed,500,false,min,2,0.01350,na,na,24867,49200,529
set_covering_n100_m66_d0.4_b_w35_seed1.txt,Set Covering,100,Relaxed,1000,false,min,2,0.01283,na,na,25564,50595,531
set_covering_n100_m66_d0.4_b_w35_seed1.txt,Set Covering,100,Relaxed,2000,false,min,2,0.01278,na,na,25564,50595,531
set_covering_n100_m66_d0.4_b_w35_seed1.txt,Set Covering,100,Relaxed,5000,false,min,2,0.01286,na,na,25564,50595,531
set_covering_n100_m66_d0.4_b_w35_seed1.txt,Set Covering,100,Relaxed,10000,false,min,2,0.01281,na,na,25564,50595,531
set_covering_n100_m66_d0.4_b_w35_seed1.txt,Set Covering,100,Relaxed,20000,false,min,2,0.01291,na,na,25564,50595,531
set_covering_n100_m66_d0.4_b_w35_seed2.txt,Set Covering,100,Exact,99999,false,min,2,0.01285,na,na,25564,50595,531
set_covering_n100_m66_d0.4_b_w35_seed2.txt,Set Covering,100,Restricted,500,false,min,2,0.01109,na,na,24867,49162,529
set_covering_n100_m66_d0.4_b_w35_seed2.txt,Set Covering,100,Restricted,1000,false,min,2,0.01287,na,na,25564,50595,531
set_covering_n100_m66_d0.4_b_w35_seed2.txt,Set Covering,100,Restricted,2000,false,min,2,0.01287,na,na,25564,50595,531
set_covering_n100_m66_d0.4_b_w35_seed2.txt,Set Covering,100,Restricted,5000,false,min,2,0.01286,na,na,25564,50595,531
set_covering_n100_m66_d0.4_b_w35_seed2.txt,Set Covering,100,Restricted,10000,false,min,2,0.01292,na,na,25564,50595,531
set_covering_n100_m66_d0.4_b_w35_seed2.txt,Set Covering,100,Restricted,20000,false,min,2,0.01316,na,na,25564,50595,531
set_covering_n100_m66_d0.4_b_w35_seed2.txt,Set Covering,100,Relaxed,500,false,min,2,0.01362,na,na,24867,49200,529
set_covering_n100_m66_d0.4_b_w35_seed2.txt,Set Covering,100,Relaxed,1000,false,min,2,0.01287,na,na,25564,50595,531
set_covering_n100_m66_d0.4_b_w35_seed2.txt,Set Covering,100,Relaxed,2000,false,min,2,0.01296,na,na,25564,50595,531
set_covering_n100_m66_d0.4_b_w35_seed2.txt,Set Covering,100,Relaxed,5000,false,min,2,0.01288,na,na,25564,50595,531
set_covering_n100_m66_d0.4_b_w35_seed2.txt,Set Covering,100,Relaxed,10000,false,min,2,0.01272,na,na,25564,50595,531
set_covering_n100_m66_d0.4_b_w35_seed2.txt,Set Covering,100,Relaxed,20000,false,min,2,0.01282,na,na,25564,50595,531
set_covering_n100_m66_d0.4_b_w35_seed3.txt,Set Covering,100,Exact,99999,false,min,2,0.01293,na,na,25564,50595,531
set_covering_n100_m66_d0.4_b_w35_seed3.txt,Set Covering,100,Restricted,500,false,min,2,0.01110,na,na,24867,49162,529
set_covering_n100_m66_d0.4_b_w35_seed3.txt,Set Covering,100,Restricted,1000,false,min,2,0.01281,na,na,25564,50595,531
set_covering_n100_m66_d0.4_b_w35_seed3.txt,Set Covering,100,Restricted,2000,false,min,2,0.01281,na,na,25564,50595,531
set_covering_n100_m66_d0.4_b_w35_seed3.txt,Set Covering,100,Restricted,5000,false,min,2,0.01278,na,na,25564,50595,531
set_covering_n100_m66_d0.4_b_w35_seed3.txt,Set Covering,100,Restricted,10000,false,min,2,0.01276,na,na,25564,50595,531
set_covering_n100_m66_d0.4_b_w35_seed3.txt,Set Covering,100,Restricted,20000,false,min,2,0.01283,na,na,25564,50595,531
set_covering_n100_m66_d0.4_b_w35_seed3.txt,Set Covering,100,Relaxed,500,false,min,2,0.01337,na,na,24867,49200,529
set_covering_n100_m66_d0.4_b_w35_seed3.txt,Set Covering,100,Relaxed,1000,false,min,2,0.01277,na,na,25564,50595,531
set_covering_n100_m66_d0.4_b_w35_seed3.txt,Set Covering,100,Relaxed,2000,false,min,2,0.01278,na,na,25564,50595,531
set_covering_n100_m66_d0.4_b_w35_seed3.txt,Set Covering,100,Relaxed,5000,false,min,2,0.01278,na,na,25564,50595,531
set_covering_n100_m66_d0.4_b_w35_seed3.txt,Set Covering,100,Relaxed,10000,false,min,2,0.01280,na,na,25564,50595,531
set_covering_n100_m66_d0.4_b_w35_seed3.txt,Set Covering,100,Relaxed,20000,false,min,2,0.01269,na,na,25564,50595,531
set_covering_n100_m66_d0.4_b_w35_seed4.txt,Set Covering,100,Exact,99999,false,min,2,0.01278,na,na,25564,50595,531
set_covering_n100_m66_d0.4_b_w35_seed4.txt,Set Covering,100,Restricted,500,false,min,2,0.01110,na,na,24867,49162,529
set_covering_n100_m66_d0.4_b_w35_seed4.txt,Set Covering,100,Restricted,1000,false,min,2,0.01280,na,na,25564,50595,531
set_covering_n100_m66_d0.4_b_w35_seed4.txt,Set Covering,100,Restricted,2000,false,min,2,0.01278,na,na,25564,50595,531
set_covering_n100_m66_d0.4_b_w35_seed4.txt,Set Covering,100,Restricted,5000,false,min,2,0.01289,na,na,25564,50595,531
set_covering_n100_m66_d0.4_b_w35_seed4.txt,Set Covering,100,Restricted,10000,false,min,2,0.01287,na,na,25564,50595,531
set_covering_n100_m66_d0.4_b_w35_seed4.txt,Set Covering,100,Restricted,20000,false,min,2,0.01276,na,na,25564,50595,531
set_covering_n100_m66_d0.4_b_w35_seed4.txt,Set Covering,100,Relaxed,500,false,min,2,0.01344,na,na,24867,49200,529
set_covering_n100_m66_d0.4_b_w35_seed4.txt,Set Covering,100,Relaxed,1000,false,min,2,0.01290,na,na,25564,50595,531
set_covering_n100_m66_d0.4_b_w35_seed4.txt,Set Covering,100,Relaxed,2000,false,min,2,0.01282,na,na,25564,50595,531
set_covering_n100_m66_d0.4_b_w35_seed4.txt,Set Covering,100,Relaxed,5000,false,min,2,0.01279,na,na,25564,50595,531
set_covering_n100_m66_d0.4_b_w35_seed4.txt,Set Covering,100,Relaxed,10000,false,min,2,0.01289,na,na,25564,50595,531
set_covering_n100_m66_d0.4_b_w35_seed4.txt,Set Covering,100,Relaxed,20000,false,min,2,0.01280,na,na,25564,50595,531
set_covering_n100_m66_d0.05_b_w35_seed1.txt,Set Covering,100,Restricted,500,false,min,24,0.02132,na,na,52328,57015,1000
set_covering_n100_m66_d0.05_b_w35_seed1.txt,Set Covering,100,Restricted,1000,false,min,24,0.04001,na,na,101072,110752,2000
set_covering_n100_m66_d0.05_b_w35_seed1.txt,Set Covering,100,Restricted,2000,false,min,23,0.08364,na,na,196940,217883,4000
set_covering_n100_m66_d0.05_b_w35_seed1.txt,Set Covering,100,Restricted,5000,false,min,22,0.24587,na,na,473193,525762,10000
set_covering_n100_m66_d0.05_b_w35_seed1.txt,Set Covering,100,Restricted,10000,false,min,22,0.58727,na,na,922351,1031045,20000
set_covering_n100_m66_d0.05_b_w35_seed1.txt,Set Covering,100,Relaxed,500,false,min,5,0.02279,na,na,44584,71447,1001
set_covering_n100_m66_d0.05_b_w35_seed1.txt,Set Covering,100,Restricted,20000,false,min,22,1.51594,na,na,1779635,1996362,40000
set_covering_n100_m66_d0.05_b_w35_seed1.txt,Set Covering,100,Relaxed,1000,false,min,5,0.04948,na,na,93313,140278,2001
set_covering_n100_m66_d0.05_b_w35_seed1.txt,Set Covering,100,Relaxed,2000,false,min,5,0.11259,na,na,193144,286683,4001
set_covering_n100_m66_d0.05_b_w35_seed1.txt,Set Covering,100,Relaxed,5000,false,min,6,0.32700,na,na,474140,695683,10001
set_covering_n100_m66_d0.05_b_w35_seed1.txt,Set Covering,100,Relaxed,10000,false,min,6,0.76490,na,na,921287,1353897,20001
set_covering_n100_m66_d0.5_b_w35_seed1.txt,Set Covering,100,Exact,99999,false,min,2,0.01297,na,na,25564,50595,531
set_covering_n100_m66_d0.05_b_w35_seed1.txt,Set Covering,100,Relaxed,20000,false,min,6,1.82932,na,na,1778961,2614985,40001
set_covering_n100_m66_d0.5_b_w35_seed1.txt,Set Covering,100,Restricted,500,false,min,2,0.01110,na,na,24867,49162,529
set_covering_n100_m66_d0.5_b_w35_seed1.txt,Set Covering,100,Restricted,1000,false,min,2,0.01272,na,na,25564,50595,531
set_covering_n100_m66_d0.5_b_w35_seed1.txt,Set Covering,100,Restricted,2000,false,min,2,0.01276,na,na,25564,50595,531
set_covering_n100_m66_d0.5_b_w35_seed1.txt,Set Covering,100,Restricted,5000,false,min,2,0.01281,na,na,25564,50595,531
set_covering_n100_m66_d0.5_b_w35_seed1.txt,Set Covering,100,Restricted,10000,false,min,2,0.01297,na,na,25564,50595,531
set_covering_n100_m66_d0.5_b_w35_seed1.txt,Set Covering,100,Restricted,20000,false,min,2,0.01281,na,na,25564,50595,531
set_covering_n100_m66_d0.5_b_w35_seed1.txt,Set Covering,100,Relaxed,500,false,min,2,0.01360,na,na,24867,49200,529
set_covering_n100_m66_d0.5_b_w35_seed1.txt,Set Covering,100,Relaxed,1000,false,min,2,0.01286,na,na,25564,50595,531
set_covering_n100_m66_d0.5_b_w35_seed1.txt,Set Covering,100,Relaxed,2000,false,min,2,0.01283,na,na,25564,50595,531
set_covering_n100_m66_d0.5_b_w35_seed1.txt,Set Covering,100,Relaxed,5000,false,min,2,0.01286,na,na,25564,50595,531
set_covering_n100_m66_d0.5_b_w35_seed1.txt,Set Covering,100,Relaxed,10000,false,min,2,0.01275,na,na,25564,50595,531
set_covering_n100_m66_d0.5_b_w35_seed1.txt,Set Covering,100,Relaxed,20000,false,min,2,0.01288,na,na,25564,50595,531
set_covering_n100_m66_d0.05_b_w35_seed2.txt,Set Covering,100,Restricted,500,false,min,23,0.02023,na,na,49450,56862,1000
set_covering_n100_m66_d0.05_b_w35_seed2.txt,Set Covering,100,Restricted,1000,false,min,23,0.03832,na,na,94446,109209,2000
set_covering_n100_m66_d0.05_b_w35_seed2.txt,Set Covering,100,Restricted,2000,false,min,21,0.08019,na,na,184090,211191,4000
set_covering_n100_m66_d0.05_b_w35_seed2.txt,Set Covering,100,Restricted,5000,false,min,21,0.22028,na,na,430737,490668,10000
set_covering_n100_m66_d0.05_b_w35_seed2.txt,Set Covering,100,Restricted,10000,false,min,21,0.48543,na,na,811488,921796,20000
set_covering_n100_m66_d0.05_b_w35_seed2.txt,Set Covering,100,Restricted,20000,false,min,20,1.17239,na,na,1539663,1743343,40000
set_covering_n100_m66_d0.05_b_w35_seed2.txt,Set Covering,100,Relaxed,500,false,min,6,0.02434,na,na,46934,72370,1001
set_covering_n100_m66_d0.05_b_w35_seed2.txt,Set Covering,100,Relaxed,1000,false,min,6,0.04899,na,na,93890,138791,2001
set_covering_n100_m66_d0.05_b_w35_seed2.txt,Set Covering,100,Relaxed,2000,false,min,6,0.10393,na,na,183051,270624,4001
set_covering_n100_m66_d0.05_b_w35_seed2.txt,Set Covering,100,Relaxed,5000,false,min,7,0.29305,na,na,430159,630651,10001
set_covering_n100_m66_d0.05_b_w35_seed2.txt,Set Covering,100,Relaxed,10000,false,min,7,0.64538,na,na,811239,1183645,20001
set_covering_n100_m66_d0.5_b_w35_seed2.txt,Set Covering,100,Exact,99999,false,min,2,0.01304,na,na,25564,50595,531
set_covering_n100_m66_d0.05_b_w35_seed2.txt,Set Covering,100,Relaxed,20000,false,min,7,1.51270,na,na,1539265,2245574,40001
set_covering_n100_m66_d0.5_b_w35_seed2.txt,Set Covering,100,Restricted,500,false,min,2,0.01102,na,na,24867,49162,529
set_covering_n100_m66_d0.5_b_w35_seed2.txt,Set Covering,100,Restricted,1000,false,min,2,0.01323,na,na,25564,50595,531
set_covering_n100_m66_d0.5_b_w35_seed2.txt,Set Covering,100,Restricted,2000,false,min,2,0.01275,na,na,25564,50595,531
set_covering_n100_m66_d0.5_b_w35_seed2.txt,Set Covering,100,Restricted,5000,false,min,2,0.01274,na,na,25564,50595,531
set_covering_n100_m66_d0.5_b_w35_seed2.txt,Set Covering,100,Restricted,10000,false,min,2,0.01294,na,na,25564,50595,531
set_covering_n100_m66_d0.5_b_w35_seed2.txt,Set Covering,100,Restricted,20000,false,min,2,0.01278,na,na,25564,50595,531
set_covering_n100_m66_d0.5_b_w35_seed2.txt,Set Covering,100,Relaxed,500,false,min,2,0.01363,na,na,24867,49200,529
set_covering_n100_m66_d0.5_b_w35_seed2.txt,Set Covering,100,Relaxed,1000,false,min,2,0.01277,na,na,25564,50595,531
set_covering_n100_m66_d0.5_b_w35_seed2.txt,Set Covering,100,Relaxed,2000,false,min,2,0.01274,na,na,25564,50595,531
set_covering_n100_m66_d0.5_b_w35_seed2.txt,Set Covering,100,Relaxed,5000,false,min,2,0.01278,na,na,25564,50595,531
set_covering_n100_m66_d0.5_b_w35_seed2.txt,Set Covering,100,Relaxed,10000,false,min,2,0.01273,na,na,25564,50595,531
set_covering_n100_m66_d0.5_b_w35_seed2.txt,Set Covering,100,Relaxed,20000,false,min,2,0.01290,na,na,25564,50595,531
set_covering_n100_m66_d0.05_b_w35_seed3.txt,Set Covering,100,Restricted,500,false,min,23,0.02060,na,na,50542,56477,1000
set_covering_n100_m66_d0.05_b_w35_seed3.txt,Set Covering,100,Restricted,1000,false,min,23,0.03974,na,na,96672,108896,2000
set_covering_n100_m66_d0.05_b_w35_seed3.txt,Set Covering,100,Restricted,2000,false,min,22,0.08006,na,na,186408,210235,4000
set_covering_n100_m66_d0.05_b_w35_seed3.txt,Set Covering,100,Restricted,5000,false,min,21,0.23016,na,na,445829,514139,10000
set_covering_n100_m66_d0.05_b_w35_seed3.txt,Set Covering,100,Restricted,10000,false,min,20,0.53538,na,na,857448,992338,20000
set_covering_n100_m66_d0.05_b_w35_seed3.txt,Set Covering,100,Restricted,20000,false,min,19,1.28723,na,na,1639292,1914631,40000
set_covering_n100_m66_d0.05_b_w35_seed3.txt,Set Covering,100,Relaxed,500,false,min,5,0.02524,na,na,49754,74040,1001
set_covering_n100_m66_d0.05_b_w35_seed3.txt,Set Covering,100,Relaxed,1000,false,min,6,0.05207,na,na,96660,142588,2001
set_covering_n100_m66_d0.05_b_w35_seed3.txt,Set Covering,100,Relaxed,2000,false,min,6,0.10709,na,na,186250,273557,4001
set_covering_n100_m66_d0.05_b_w35_seed3.txt,Set Covering,100,Relaxed,5000,false,min,6,0.30789,na,na,445572,661072,10001
set_covering_n100_m66_d0.05_b_w35_seed3.txt,Set Covering,100,Relaxed,10000,false,min,7,0.70820,na,na,857016,1269394,20001
set_covering_n100_m66_d0.5_b_w35_seed3.txt,Set Covering,100,Exact,99999,false,min,2,0.01291,na,na,25564,50595,531
set_covering_n100_m66_d0.05_b_w35_seed3.txt,Set Covering,100,Relaxed,20000,false,min,7,1.67545,na,na,1639227,2432960,40001
set_covering_n100_m66_d0.5_b_w35_seed3.txt,Set Covering,100,Restricted,500,false,min,2,0.01109,na,na,24867,49162,529
set_covering_n100_m66_d0.5_b_w35_seed3.txt,Set Covering,100,Restricted,1000,false,min,2,0.01288,na,na,25564,50595,531
set_covering_n100_m66_d0.5_b_w35_seed3.txt,Set Covering,100,Restricted,2000,false,min,2,0.01283,na,na,25564,50595,531
set_covering_n100_m66_d0.5_b_w35_seed3.txt,Set Covering,100,Restricted,5000,false,min,2,0.01289,na,na,25564,50595,531
set_covering_n100_m66_d0.5_b_w35_seed3.txt,Set Covering,100,Restricted,10000,false,min,2,0.01288,na,na,25564,50595,531
set_covering_n100_m66_d0.5_b_w35_seed3.txt,Set Covering,100,Restricted,20000,false,min,2,0.01284,na,na,25564,50595,531
set_covering_n100_m66_d0.5_b_w35_seed3.txt,Set Covering,100,Relaxed,500,false,min,2,0.01357,na,na,24867,49200,529
set_covering_n100_m66_d0.5_b_w35_seed3.txt,Set Covering,100,Relaxed,1000,false,min,2,0.01285,na,na,25564,50595,531
set_covering_n100_m66_d0.5_b_w35_seed3.txt,Set Covering,100,Relaxed,2000,false,min,2,0.01287,na,na,25564,50595,531
set_covering_n100_m66_d0.5_b_w35_seed3.txt,Set Covering,100,Relaxed,5000,false,min,2,0.01282,na,na,25564,50595,531
set_covering_n100_m66_d0.5_b_w35_seed3.txt,Set Covering,100,Relaxed,10000,false,min,2,0.01322,na,na,25564,50595,531
set_covering_n100_m66_d0.5_b_w35_seed3.txt,Set Covering,100,Relaxed,20000,false,min,2,0.01279,na,na,25564,50595,531
set_covering_n100_m66_d0.05_b_w35_seed4.txt,Set Covering,100,Restricted,500,false,min,22,0.02001,na,na,48982,53262,1000
set_covering_n100_m66_d0.05_b_w35_seed4.txt,Set Covering,100,Restricted,1000,false,min,23,0.04097,na,na,94259,102878,2000
set_covering_n100_m66_d0.05_b_w35_seed4.txt,Set Covering,100,Restricted,2000,false,min,22,0.08330,na,na,185149,203773,4000
set_covering_n100_m66_d0.05_b_w35_seed4.txt,Set Covering,100,Restricted,5000,false,min,21,0.23577,na,na,444389,488238,10000
set_covering_n100_m66_d0.05_b_w35_seed4.txt,Set Covering,100,Restricted,10000,false,min,21,0.57232,na,na,854462,955291,19999
set_covering_n100_m66_d0.05_b_w35_seed4.txt,Set Covering,100,Restricted,20000,false,min,20,1.41291,na,na,1651564,1867962,39994
set_covering_n100_m66_d0.05_b_w35_seed4.txt,Set Covering,100,Relaxed,500,false,min,4,0.02486,na,na,47505,70484,1001
set_covering_n100_m66_d0.05_b_w35_seed4.txt,Set Covering,100,Relaxed,1000,false,min,4,0.04867,na,na,94019,136544,2001
set_covering_n100_m66_d0.05_b_w35_seed4.txt,Set Covering,100,Relaxed,2000,false,min,5,0.10836,na,na,184478,268623,4001
set_covering_n100_m66_d0.05_b_w35_seed4.txt,Set Covering,100,Relaxed,5000,false,min,5,0.30635,na,na,444006,642106,10001
set_covering_n100_m66_d0.05_b_w35_seed4.txt,Set Covering,100,Relaxed,10000,false,min,5,0.75743,na,na,854585,1246559,20001
set_covering_n100_m66_d0.05_b_w35_seed4.txt,Set Covering,100,Relaxed,20000,false,min,6,1.76827,na,na,1652013,2426761,39995
set_covering_n100_m66_d0.5_b_w35_seed4.txt,Set Covering,100,Exact,99999,false,min,2,0.01350,na,na,25564,50595,531
set_covering_n100_m66_d0.5_b_w35_seed4.txt,Set Covering,100,Restricted,500,false,min,2,0.01154,na,na,24867,49162,529
set_covering_n100_m66_d0.5_b_w35_seed4.txt,Set Covering,100,Restricted,1000,false,min,2,0.01364,na,na,25564,50595,531
set_covering_n100_m66_d0.5_b_w35_seed4.txt,Set Covering,100,Restricted,2000,false,min,2,0.01338,na,na,25564,50595,531
set_covering_n100_m66_d0.5_b_w35_seed4.txt,Set Covering,100,Restricted,5000,false,min,2,0.01329,na,na,25564,50595,531
set_covering_n100_m66_d0.5_b_w35_seed4.txt,Set Covering,100,Restricted,10000,false,min,2,0.01359,na,na,25564,50595,531
set_covering_n100_m66_d0.5_b_w35_seed4.txt,Set Covering,100,Restricted,20000,false,min,2,0.01371,na,na,25564,50595,531
set_covering_n100_m66_d0.5_b_w35_seed4.txt,Set Covering,100,Relaxed,500,false,min,2,0.01372,na,na,24867,49200,529
set_covering_n100_m66_d0.5_b_w35_seed4.txt,Set Covering,100,Relaxed,1000,false,min,2,0.01343,na,na,25564,50595,531
set_covering_n100_m66_d0.5_b_w35_seed4.txt,Set Covering,100,Relaxed,2000,false,min,2,0.01344,na,na,25564,50595,531
set_covering_n100_m66_d0.5_b_w35_seed4.txt,Set Covering,100,Relaxed,5000,false,min,2,0.01378,na,na,25564,50595,531
set_covering_n100_m66_d0.5_b_w35_seed4.txt,Set Covering,100,Relaxed,10000,false,min,2,0.01382,na,na,25564,50595,531
set_covering_n100_m66_d0.5_b_w35_seed4.txt,Set Covering,100,Relaxed,20000,false,min,2,0.01335,na,na,25564,50595,531
set_covering_n100_m66_d0.15_b_w35_seed1.txt,Set Covering,100,Restricted,500,false,min,8,0.02559,na,na,61596,71161,1000
set_covering_n100_m66_d0.15_b_w35_seed1.txt,Set Covering,100,Restricted,1000,false,min,7,0.04982,na,na,121325,141218,2000
set_covering_n100_m66_d0.15_b_w35_seed1.txt,Set Covering,100,Restricted,2000,false,min,7,0.10484,na,na,235490,273571,3997
set_covering_n100_m66_d0.15_b_w35_seed1.txt,Set Covering,100,Restricted,5000,false,min,7,0.29495,na,na,544977,654546,9858
set_covering_n100_m66_d0.15_b_w35_seed1.txt,Set Covering,100,Restricted,10000,false,min,7,0.67759,na,na,1036419,1271641,19554
set_covering_n100_m66_d0.15_b_w35_seed1.txt,Set Covering,100,Restricted,20000,false,min,7,1.71091,na,na,1965110,2455851,38842
set_covering_n100_m66_d0.15_b_w35_seed1.txt,Set Covering,100,Relaxed,500,false,min,3,0.03250,na,na,61497,95704,998
set_covering_n100_m66_d0.15_b_w35_seed1.txt,Set Covering,100,Relaxed,1000,false,min,3,0.06559,na,na,121080,189291,1998
set_covering_n100_m66_d0.15_b_w35_seed1.txt,Set Covering,100,Relaxed,2000,false,min,3,0.14172,na,na,235298,367617,3995
set_covering_n100_m66_d0.15_b_w35_seed1.txt,Set Covering,100,Relaxed,5000,false,min,4,0.40143,na,na,545067,867134,9856
set_covering_n100_m66_d0.15_b_w35_seed1.txt,Set Covering,100,Relaxed,10000,false,min,4,0.93420,na,na,1035985,1670718,19561
set_covering_n100_m66_d0.15_b_w35_seed1.txt,Set Covering,100,Relaxed,20000,false,min,4,2.20832,na,na,1965072,3201758,38830
set_covering_n100_m66_d0.15_b_w35_seed2.txt,Set Covering,100,Restricted,500,false,min,9,0.02767,na,na,66393,71534,1000
set_covering_n100_m66_d0.15_b_w35_seed2.txt,Set Covering,100,Restricted,1000,false,min,8,0.05149,na,na,124333,137595,2000
set_covering_n100_m66_d0.15_b_w35_seed2.txt,Set Covering,100,Restricted,2000,false,min,8,0.10685,na,na,241021,268805,4000
set_covering_n100_m66_d0.15_b_w35_seed2.txt,Set Covering,100,Restricted,5000,false,min,8,0.31409,na,na,572342,644486,9987
set_covering_n100_m66_d0.15_b_w35_seed2.txt,Set Covering,100,Restricted,10000,false,min,8,0.69953,na,na,1096009,1244607,19904
set_covering_n100_m66_d0.15_b_w35_seed2.txt,Set Covering,100,Restricted,20000,false,min,8,1.78008,na,na,2066979,2404600,39619
set_covering_n100_m66_d0.15_b_w35_seed2.txt,Set Covering,100,Relaxed,500,false,min,2,0.03345,na,na,66385,100123,1001
set_covering_n100_m66_d0.15_b_w35_seed2.txt,Set Covering,100,Relaxed,1000,false,min,3,0.06746,na,na,124857,191049,2001
set_covering_n100_m66_d0.15_b_w35_seed2.txt,Set Covering,100,Relaxed,2000,false,min,3,0.14128,na,na,241229,370776,4001
set_covering_n100_m66_d0.15_b_w35_seed2.txt,Set Covering,100,Relaxed,5000,false,min,3,0.41052,na,na,572925,886513,9988
set_covering_n100_m66_d0.15_b_w35_seed2.txt,Set Covering,100,Relaxed,10000,false,min,3,0.98500,na,na,1096307,1705470,19900
set_covering_n100_m66_d0.15_b_w35_seed2.txt,Set Covering,100,Relaxed,20000,false,min,4,2.32122,na,na,2066026,3263249,39622
set_covering_n100_m66_d0.15_b_w35_seed3.txt,Set Covering,100,Restricted,500,false,min,10,0.02919,na,na,69660,75423,1000
set_covering_n100_m66_d0.15_b_w35_seed3.txt,Set Covering,100,Restricted,1000,false,min,10,0.05498,na,na,132995,146844,2000
set_covering_n100_m66_d0.15_b_w35_seed3.txt,Set Covering,100,Restricted,2000,false,min,8,0.11133,na,na,253780,287703,4000
set_covering_n100_m66_d0.15_b_w35_seed3.txt,Set Covering,100,Restricted,5000,false,min,8,0.32723,na,na,603860,697963,9993
set_covering_n100_m66_d0.15_b_w35_seed3.txt,Set Covering,100,Restricted,10000,false,min,8,0.76048,na,na,1135319,1343207,19949
set_covering_n100_m66_d0.15_b_w35_seed3.txt,Set Covering,100,Restricted,20000,false,min,7,1.80050,na,na,2089952,2525976,39667
set_covering_n100_m66_d0.15_b_w35_seed3.txt,Set Covering,100,Relaxed,500,false,min,2,0.03688,na,na,69527,105573,1000
set_covering_n100_m66_d0.15_b_w35_seed3.txt,Set Covering,100,Relaxed,1000,false,min,2,0.07242,na,na,133043,203394,1999
set_covering_n100_m66_d0.15_b_w35_seed3.txt,Set Covering,100,Relaxed,2000,false,min,3,0.15343,na,na,254004,393375,3999
set_covering_n100_m66_d0.15_b_w35_seed3.txt,Set Covering,100,Relaxed,5000,false,min,3,0.45464,na,na,603545,944391,9994
set_covering_n100_m66_d0.15_b_w35_seed3.txt,Set Covering,100,Relaxed,10000,false,min,3,1.04393,na,na,1134562,1791050,19949
set_covering_n100_m66_d0.15_b_w35_seed3.txt,Set Covering,100,Relaxed,20000,false,min,4,2.45923,na,na,2088271,3325301,39666
set_covering_n100_m66_d0.15_b_w35_seed4.txt,Set Covering,100,Restricted,500,false,min,9,0.02816,na,na,64026,72163,1000
set_covering_n100_m66_d0.15_b_w35_seed4.txt,Set Covering,100,Restricted,1000,false,min,8,0.05166,na,na,122118,138592,2000
set_covering_n100_m66_d0.15_b_w35_seed4.txt,Set Covering,100,Restricted,2000,false,min,8,0.10621,na,na,237606,273460,4000
set_covering_n100_m66_d0.15_b_w35_seed4.txt,Set Covering,100,Restricted,5000,false,min,8,0.30915,na,na,561939,653649,9995
set_covering_n100_m66_d0.15_b_w35_seed4.txt,Set Covering,100,Restricted,10000,false,min,8,0.74071,na,na,1045515,1238969,19923
set_covering_n100_m66_d0.15_b_w35_seed4.txt,Set Covering,100,Restricted,20000,false,min,7,1.80657,na,na,1936394,2348757,39671
set_covering_n100_m66_d0.15_b_w35_seed4.txt,Set Covering,100,Relaxed,500,false,min,2,0.03579,na,na,63530,97408,1001
set_covering_n100_m66_d0.15_b_w35_seed4.txt,Set Covering,100,Relaxed,1000,false,min,3,0.07049,na,na,121941,188040,2001
set_covering_n100_m66_d0.15_b_w35_seed4.txt,Set Covering,100,Relaxed,2000,false,min,3,0.15041,na,na,237893,369289,4000
set_covering_n100_m66_d0.15_b_w35_seed4.txt,Set Covering,100,Relaxed,5000,false,min,3,0.42326,na,na,562696,878412,9991
set_covering_n100_m66_d0.15_b_w35_seed4.txt,Set Covering,100,Relaxed,10000,false,min,4,0.99200,na,na,1045412,1649012,19912
set_covering_n100_m66_d0.15_b_w35_seed4.txt,Set Covering,100,Relaxed,20000,false,min,4,2.26168,na,na,1937075,3098407,39650
set_covering_n100_m66_d0.25_b_w35_seed1.txt,Set Covering,100,Exact,99999,false,min,4,3.78464,na,na,3643835,6960005,169124
set_covering_n100_m66_d0.25_b_w35_seed1.txt,Set Covering,100,Restricted,500,false,min,5,0.02689,na,na,57741,72658,983
set_covering_n100_m66_d0.25_b_w35_seed1.txt,Set Covering,100,Restricted,1000,false,min,4,0.04774,na,na,101613,137358,1809
set_covering_n100_m66_d0.25_b_w35_seed1.txt,Set Covering,100,Restricted,2000,false,min,4,0.08714,na,na,181793,255106,3530
set_covering_n100_m66_d0.25_b_w35_seed1.txt,Set Covering,100,Restricted,5000,false,min,4,0.22622,na,na,392228,576391,8386
set_covering_n100_m66_d0.25_b_w35_seed1.txt,Set Covering,100,Restricted,10000,false,min,4,0.43803,na,na,664116,1040714,15271
set_covering_n100_m66_d0.25_b_w35_seed1.txt,Set Covering,100,Restricted,20000,false,min,4,0.90342,na,na,1103073,1847078,27853
set_covering_n100_m66_d0.25_b_w35_seed1.txt,Set Covering,100,Relaxed,500,false,min,2,0.03429,na,na,57624,97014,982
set_covering_n100_m66_d0.25_b_w35_seed1.txt,Set Covering,100,Relaxed,1000,false,min,3,0.06573,na,na,101718,176860,1811
set_covering_n100_m66_d0.25_b_w35_seed1.txt,Set Covering,100,Relaxed,2000,false,min,3,0.11691,na,na,182181,324559,3534
set_covering_n100_m66_d0.25_b_w35_seed1.txt,Set Covering,100,Relaxed,5000,false,min,3,0.30142,na,na,392686,717724,8389
set_covering_n100_m66_d0.25_b_w35_seed1.txt,Set Covering,100,Relaxed,10000,false,min,4,0.61697,na,na,664116,1237655,15271
set_covering_n100_m66_d0.25_b_w35_seed1.txt,Set Covering,100,Relaxed,20000,false,min,4,1.23930,na,na,1103073,2081893,27853
set_covering_n100_m66_d0.25_b_w35_seed2.txt,Set Covering,100,Restricted,500,false,min,5,0.02532,na,na,57724,71948,995
set_covering_n100_m66_d0.25_b_w35_seed2.txt,Set Covering,100,Exact,99999,false,min,4,3.27823,na,na,3250155,6213828,128870
set_covering_n100_m66_d0.25_b_w35_seed2.txt,Set Covering,100,Restricted,1000,false,min,4,0.04525,na,na,104117,134792,1935
set_covering_n100_m66_d0.25_b_w35_seed2.txt,Set Covering,100,Restricted,2000,false,min,4,0.08620,na,na,182540,252273,3703
set_covering_n100_m66_d0.25_b_w35_seed2.txt,Set Covering,100,Restricted,5000,false,min,4,0.21162,na,na,385081,572301,8838
set_covering_n100_m66_d0.25_b_w35_seed2.txt,Set Covering,100,Restricted,10000,false,min,4,0.43701,na,na,673234,1053942,16414
set_covering_n100_m66_d0.25_b_w35_seed2.txt,Set Covering,100,Restricted,20000,false,min,4,0.89620,na,na,1116747,1874762,28544
set_covering_n100_m66_d0.25_b_w35_seed2.txt,Set Covering,100,Relaxed,500,false,min,2,0.03141,na,na,57787,95854,993
set_covering_n100_m66_d0.25_b_w35_seed2.txt,Set Covering,100,Relaxed,1000,false,min,3,0.05944,na,na,104080,176965,1935
set_covering_n100_m66_d0.25_b_w35_seed2.txt,Set Covering,100,Relaxed,2000,false,min,3,0.11752,na,na,182171,320094,3699
set_covering_n100_m66_d0.25_b_w35_seed2.txt,Set Covering,100,Relaxed,5000,false,min,3,0.29793,na,na,384846,701377,8831
set_covering_n100_m66_d0.25_b_w35_seed2.txt,Set Covering,100,Relaxed,10000,false,min,3,0.61470,na,na,673112,1257280,16414
set_covering_n100_m66_d0.25_b_w35_seed2.txt,Set Covering,100,Relaxed,20000,false,min,4,1.22578,na,na,1116747,2124274,28544
set_covering_n100_m66_d0.25_b_w35_seed3.txt,Set Covering,100,Restricted,500,false,min,4,0.02673,na,na,58336,74502,989
set_covering_n100_m66_d0.25_b_w35_seed3.txt,Set Covering,100,Exact,99999,false,min,4,3.14504,na,na,3288212,6301361,105217
set_covering_n100_m66_d0.25_b_w35_seed3.txt,Set Covering,100,Restricted,1000,false,min,4,0.04856,na,na,105829,140812,1860
set_covering_n100_m66_d0.25_b_w35_seed3.txt,Set Covering,100,Restricted,2000,false,min,4,0.08906,na,na,188117,265417,3570
set_covering_n100_m66_d0.25_b_w35_seed3.txt,Set Covering,100,Restricted,5000,false,min,4,0.22494,na,na,405250,612152,8563
set_covering_n100_m66_d0.25_b_w35_seed3.txt,Set Covering,100,Restricted,10000,false,min,4,0.46216,na,na,713131,1131278,15333
set_covering_n100_m66_d0.25_b_w35_seed3.txt,Set Covering,100,Restricted,20000,false,min,4,0.93574,na,na,1202264,2052031,27317
set_covering_n100_m66_d0.25_b_w35_seed3.txt,Set Covering,100,Relaxed,500,false,min,2,0.03219,na,na,58228,97532,988
set_covering_n100_m66_d0.25_b_w35_seed3.txt,Set Covering,100,Relaxed,1000,false,min,3,0.06206,na,na,105863,182072,1865
set_covering_n100_m66_d0.25_b_w35_seed3.txt,Set Covering,100,Relaxed,2000,false,min,3,0.12276,na,na,188367,333950,3570
set_covering_n100_m66_d0.25_b_w35_seed3.txt,Set Covering,100,Relaxed,5000,false,min,3,0.31409,na,na,405370,744195,8561
set_covering_n100_m66_d0.25_b_w35_seed3.txt,Set Covering,100,Relaxed,10000,false,min,4,0.64943,na,na,713186,1341095,15326
set_covering_n100_m66_d0.25_b_w35_seed3.txt,Set Covering,100,Relaxed,20000,false,min,4,1.26066,na,na,1202212,2306200,27308
set_covering_n100_m66_d0.25_b_w35_seed4.txt,Set Covering,100,Restricted,500,false,min,5,0.02571,na,na,58079,73902,979
set_covering_n100_m66_d0.25_b_w35_seed4.txt,Set Covering,100,Exact,99999,false,min,4,2.32269,na,na,2424002,4636974,108930
set_covering_n100_m66_d0.25_b_w35_seed4.txt,Set Covering,100,Restricted,1000,false,min,4,0.04546,na,na,102619,138665,1889
set_covering_n100_m66_d0.25_b_w35_seed4.txt,Set Covering,100,Restricted,2000,false,min,4,0.08466,na,na,181837,259592,3581
set_covering_n100_m66_d0.25_b_w35_seed4.txt,Set Covering,100,Restricted,5000,false,min,4,0.21017,na,na,383654,586185,8609
set_covering_n100_m66_d0.25_b_w35_seed4.txt,Set Covering,100,Restricted,10000,false,min,4,0.41600,na,na,654048,1065964,15631
set_covering_n100_m66_d0.25_b_w35_seed4.txt,Set Covering,100,Restricted,20000,false,min,4,0.75609,na,na,1046684,1817096,27876
set_covering_n100_m66_d0.25_b_w35_seed4.txt,Set Covering,100,Relaxed,500,false,min,2,0.03305,na,na,58039,97851,978
set_covering_n100_m66_d0.25_b_w35_seed4.txt,Set Covering,100,Relaxed,1000,false,min,3,0.06589,na,na,102620,178152,1888
set_covering_n100_m66_d0.25_b_w35_seed4.txt,Set Covering,100,Relaxed,2000,false,min,3,0.11859,na,na,181671,323414,3566
set_covering_n100_m66_d0.25_b_w35_seed4.txt,Set Covering,100,Relaxed,5000,false,min,3,0.30805,na,na,383805,702093,8607
set_covering_n100_m66_d0.25_b_w35_seed4.txt,Set Covering,100,Relaxed,10000,false,min,4,0.57863,na,na,654048,1222415,15631
set_covering_n100_m66_d0.25_b_w35_seed4.txt,Set Covering,100,Relaxed,20000,false,min,4,1.07071,na,na,1046684,1977694,27876
set_covering_n100_m66_d0.35_b_w35_seed1.txt,Set Covering,100,Exact,99999,false,min,2,0.01282,na,na,25564,50595,531
set_covering_n100_m66_d0.35_b_w35_seed1.txt,Set Covering,100,Restricted,500,false,min,2,0.01094,na,na,24867,49162,529
set_covering_n100_m66_d0.35_b_w35_seed1.txt,Set Covering,100,Restricted,1000,false,min,2,0.01272,na,na,25564,50595,531
set_covering_n100_m66_d0.35_b_w35_seed1.txt,Set Covering,100,Restricted,2000,false,min,2,0.01286,na,na,25564,50595,531
set_covering_n100_m66_d0.35_b_w35_seed1.txt,Set Covering,100,Restricted,5000,false,min,2,0.01284,na,na,25564,50595,531
set_covering_n100_m66_d0.35_b_w35_seed1.txt,Set Covering,100,Restricted,10000,false,min,2,0.01276,na,na,25564,50595,531
set_covering_n100_m66_d0.35_b_w35_seed1.txt,Set Covering,100,Restricted,20000,false,min,2,0.01287,na,na,25564,50595,531
set_covering_n100_m66_d0.35_b_w35_seed1.txt,Set Covering,100,Relaxed,500,false,min,2,0.01340,na,na,24867,49200,529
set_covering_n100_m66_d0.35_b_w35_seed1.txt,Set Covering,100,Relaxed,1000,false,min,2,0.01307,na,na,25564,50595,531
set_covering_n100_m66_d0.35_b_w35_seed1.txt,Set Covering,100,Relaxed,2000,false,min,2,0.01287,na,na,25564,50595,531
set_covering_n100_m66_d0.35_b_w35_seed1.txt,Set Covering,100,Relaxed,5000,false,min,2,0.01285,na,na,25564,50595,531
set_covering_n100_m66_d0.35_b_w35_seed1.txt,Set Covering,100,Relaxed,10000,false,min,2,0.01314,na,na,25564,50595,531
set_covering_n100_m66_d0.35_b_w35_seed1.txt,Set Covering,100,Relaxed,20000,false,min,2,0.01312,na,na,25564,50595,531
set_covering_n100_m66_d0.35_b_w35_seed2.txt,Set Covering,100,Exact,99999,false,min,2,0.01293,na,na,25564,50595,531
set_covering_n100_m66_d0.35_b_w35_seed2.txt,Set Covering,100,Restricted,500,false,min,2,0.01112,na,na,24867,49162,529
set_covering_n100_m66_d0.35_b_w35_seed2.txt,Set Covering,100,Restricted,1000,false,min,2,0.01293,na,na,25564,50595,531
set_covering_n100_m66_d0.35_b_w35_seed2.txt,Set Covering,100,Restricted,2000,false,min,2,0.01301,na,na,25564,50595,531
set_covering_n100_m66_d0.35_b_w35_seed2.txt,Set Covering,100,Restricted,5000,false,min,2,0.01291,na,na,25564,50595,531
set_covering_n100_m66_d0.35_b_w35_seed2.txt,Set Covering,100,Restricted,10000,false,min,2,0.01281,na,na,25564,50595,531
set_covering_n100_m66_d0.35_b_w35_seed2.txt,Set Covering,100,Restricted,20000,false,min,2,0.01297,na,na,25564,50595,531
set_covering_n100_m66_d0.35_b_w35_seed2.txt,Set Covering,100,Relaxed,500,false,min,2,0.01359,na,na,24867,49200,529
set_covering_n100_m66_d0.35_b_w35_seed2.txt,Set Covering,100,Relaxed,1000,false,min,2,0.01317,na,na,25564,50595,531
set_covering_n100_m66_d0.35_b_w35_seed2.txt,Set Covering,100,Relaxed,2000,false,min,2,0.01289,na,na,25564,50595,531
set_covering_n100_m66_d0.35_b_w35_seed2.txt,Set Covering,100,Relaxed,5000,false,min,2,0.01292,na,na,25564,50595,531
set_covering_n100_m66_d0.35_b_w35_seed2.txt,Set Covering,100,Relaxed,10000,false,min,2,0.01288,na,na,25564,50595,531
set_covering_n100_m66_d0.35_b_w35_seed2.txt,Set Covering,100,Relaxed,20000,false,min,2,0.01357,na,na,25564,50595,531
set_covering_n100_m66_d0.35_b_w35_seed3.txt,Set Covering,100,Exact,99999,false,min,2,0.01297,na,na,25564,50595,531
set_covering_n100_m66_d0.35_b_w35_seed3.txt,Set Covering,100,Restricted,500,false,min,2,0.01119,na,na,24867,49162,529
set_covering_n100_m66_d0.35_b_w35_seed3.txt,Set Covering,100,Restricted,1000,false,min,2,0.01286,na,na,25564,50595,531
set_covering_n100_m66_d0.35_b_w35_seed3.txt,Set Covering,100,Restricted,2000,false,min,2,0.01274,na,na,25564,50595,531
set_covering_n100_m66_d0.35_b_w35_seed3.txt,Set Covering,100,Restricted,5000,false,min,2,0.01260,na,na,25564,50595,531
set_covering_n100_m66_d0.35_b_w35_seed3.txt,Set Covering,100,Restricted,10000,false,min,2,0.01272,na,na,25564,50595,531
set_covering_n100_m66_d0.35_b_w35_seed3.txt,Set Covering,100,Restricted,20000,false,min,2,0.01269,na,na,25564,50595,531
set_covering_n100_m66_d0.35_b_w35_seed3.txt,Set Covering,100,Relaxed,500,false,min,2,0.01341,na,na,24867,49200,529
set_covering_n100_m66_d0.35_b_w35_seed3.txt,Set Covering,100,Relaxed,1000,false,min,2,0.01274,na,na,25564,50595,531
set_covering_n100_m66_d0.35_b_w35_seed3.txt,Set Covering,100,Relaxed,2000,false,min,2,0.01295,na,na,25564,50595,531
set_covering_n100_m66_d0.35_b_w35_seed3.txt,Set Covering,100,Relaxed,5000,false,min,2,0.01285,na,na,25564,50595,531
set_covering_n100_m66_d0.35_b_w35_seed3.txt,Set Covering,100,Relaxed,10000,false,min,2,0.01289,na,na,25564,50595,531
set_covering_n100_m66_d0.35_b_w35_seed3.txt,Set Covering,100,Relaxed,20000,false,min,2,0.01380,na,na,25564,50595,531
set_covering_n100_m66_d0.35_b_w35_seed4.txt,Set Covering,100,Exact,99999,false,min,2,0.01265,na,na,25564,50595,531
set_covering_n100_m66_d0.35_b_w35_seed4.txt,Set Covering,100,Restricted,500,false,min,2,0.01113,na,na,24867,49162,529
set_covering_n100_m66_d0.35_b_w35_seed4.txt,Set Covering,100,Restricted,1000,false,min,2,0.01287,na,na,25564,50595,531
set_covering_n100_m66_d0.35_b_w35_seed4.txt,Set Covering,100,Restricted,2000,false,min,2,0.01284,na,na,25564,50595,531
set_covering_n100_m66_d0.35_b_w35_seed4.txt,Set Covering,100,Restricted,5000,false,min,2,0.01282,na,na,25564,50595,531
set_covering_n100_m66_d0.35_b_w35_seed4.txt,Set Covering,100,Restricted,10000,false,min,2,0.01273,na,na,25564,50595,531
set_covering_n100_m66_d0.35_b_w35_seed4.txt,Set Covering,100,Restricted,20000,false,min,2,0.01283,na,na,25564,50595,531
set_covering_n100_m66_d0.35_b_w35_seed4.txt,Set Covering,100,Relaxed,500,false,min,2,0.01364,na,na,24867,49200,529
set_covering_n100_m66_d0.35_b_w35_seed4.txt,Set Covering,100,Relaxed,1000,false,min,2,0.01285,na,na,25564,50595,531
set_covering_n100_m66_d0.35_b_w35_seed4.txt,Set Covering,100,Relaxed,2000,false,min,2,0.01278,na,na,25564,50595,531
set_covering_n100_m66_d0.35_b_w35_seed4.txt,Set Covering,100,Relaxed,5000,false,min,2,0.01286,na,na,25564,50595,531
set_covering_n100_m66_d0.35_b_w35_seed4.txt,Set Covering,100,Relaxed,10000,false,min,2,0.01273,na,na,25564,50595,531
set_covering_n100_m66_d0.35_b_w35_seed4.txt,Set Covering,100,Relaxed,20000,false,min,2,0.01281,na,na,25564,50595,531
set_covering_n100_m66_d0.45_b_w35_seed1.txt,Set Covering,100,Exact,99999,false,min,2,0.01285,na,na,25564,50595,531
set_covering_n100_m66_d0.45_b_w35_seed1.txt,Set Covering,100,Restricted,500,false,min,2,0.01142,na,na,24867,49162,529
set_covering_n100_m66_d0.45_b_w35_seed1.txt,Set Covering,100,Restricted,1000,false,min,2,0.01343,na,na,25564,50595,531
set_covering_n100_m66_d0.45_b_w35_seed1.txt,Set Covering,100,Restricted,2000,false,min,2,0.01283,na,na,25564,50595,531
set_covering_n100_m66_d0.45_b_w35_seed1.txt,Set Covering,100,Restricted,5000,false,min,2,0.01290,na,na,25564,50595,531
set_covering_n100_m66_d0.45_b_w35_seed1.txt,Set Covering,100,Restricted,10000,false,min,2,0.01275,na,na,25564,50595,531
set_covering_n100_m66_d0.45_b_w35_seed1.txt,Set Covering,100,Restricted,20000,false,min,2,0.01289,na,na,25564,50595,531
set_covering_n100_m66_d0.45_b_w35_seed1.txt,Set Covering,100,Relaxed,500,false,min,2,0.01349,na,na,24867,49200,529
set_covering_n100_m66_d0.45_b_w35_seed1.txt,Set Covering,100,Relaxed,1000,false,min,2,0.01280,na,na,25564,50595,531
set_covering_n100_m66_d0.45_b_w35_seed1.txt,Set Covering,100,Relaxed,2000,false,min,2,0.01292,na,na,25564,50595,531
set_covering_n100_m66_d0.45_b_w35_seed1.txt,Set Covering,100,Relaxed,5000,false,min,2,0.01304,na,na,25564,50595,531
set_covering_n100_m66_d0.45_b_w35_seed1.txt,Set Covering,100,Relaxed,10000,false,min,2,0.01292,na,na,25564,50595,531
set_covering_n100_m66_d0.45_b_w35_seed1.txt,Set Covering,100,Relaxed,20000,false,min,2,0.01281,na,na,25564,50595,531
set_covering_n100_m66_d0.45_b_w35_seed2.txt,Set Covering,100,Exact,99999,false,min,2,0.01370,na,na,25564,50595,531
set_covering_n100_m66_d0.45_b_w35_seed2.txt,Set Covering,100,Restricted,500,false,min,2,0.01110,na,na,24867,49162,529
set_covering_n100_m66_d0.45_b_w35_seed2.txt,Set Covering,100,Restricted,1000,false,min,2,0.01277,na,na,25564,50595,531
set_covering_n100_m66_d0.45_b_w35_seed2.txt,Set Covering,100,Restricted,2000,false,min,2,0.01275,na,na,25564,50595,531
set_covering_n100_m66_d0.45_b_w35_seed2.txt,Set Covering,100,Restricted,5000,false,min,2,0.01292,na,na,25564,50595,531
set_covering_n100_m66_d0.45_b_w35_seed2.txt,Set Covering,100,Restricted,10000,false,min,2,0.01281,na,na,25564,50595,531
set_covering_n100_m66_d0.45_b_w35_seed2.txt,Set Covering,100,Restricted,20000,false,min,2,0.01286,na,na,25564,50595,531
set_covering_n100_m66_d0.45_b_w35_seed2.txt,Set Covering,100,Relaxed,500,false,min,2,0.01335,na,na,24867,49200,529
set_covering_n100_m66_d0.45_b_w35_seed2.txt,Set Covering,100,Relaxed,1000,false,min,2,0.01274,na,na,25564,50595,531
set_covering_n100_m66_d0.45_b_w35_seed2.txt,Set Covering,100,Relaxed,2000,false,min,2,0.01322,na,na,25564,50595,531
set_covering_n100_m66_d0.45_b_w35_seed2.txt,Set Covering,100,Relaxed,5000,false,min,2,0.01279,na,na,25564,50595,531
set_covering_n100_m66_d0.45_b_w35_seed2.txt,Set Covering,100,Relaxed,10000,false,min,2,0.01271,na,na,25564,50595,531
set_covering_n100_m66_d0.45_b_w35_seed2.txt,Set Covering,100,Relaxed,20000,false,min,2,0.01277,na,na,25564,50595,531
set_covering_n100_m66_d0.45_b_w35_seed3.txt,Set Covering,100,Exact,99999,false,min,2,0.01285,na,na,25564,50595,531
set_covering_n100_m66_d0.45_b_w35_seed3.txt,Set Covering,100,Restricted,500,false,min,2,0.01117,na,na,24867,49162,529
set_covering_n100_m66_d0.45_b_w35_seed3.txt,Set Covering,100,Restricted,1000,false,min,2,0.01295,na,na,25564,50595,531
set_covering_n100_m66_d0.45_b_w35_seed3.txt,Set Covering,100,Restricted,2000,false,min,2,0.01300,na,na,25564,50595,531
set_covering_n100_m66_d0.45_b_w35_seed3.txt,Set Covering,100,Restricted,5000,false,min,2,0.01284,na,na,25564,50595,531
set_covering_n100_m66_d0.45_b_w35_seed3.txt,Set Covering,100,Restricted,10000,false,min,2,0.01267,na,na,25564,50595,531
set_covering_n100_m66_d0.45_b_w35_seed3.txt,Set Covering,100,Restricted,20000,false,min,2,0.01262,na,na,25564,50595,531
set_covering_n100_m66_d0.45_b_w35_seed3.txt,Set Covering,100,Relaxed,500,false,min,2,0.01331,na,na,24867,49200,529
set_covering_n100_m66_d0.45_b_w35_seed3.txt,Set Covering,100,Relaxed,1000,false,min,2,0.01263,na,na,25564,50595,531
set_covering_n100_m66_d0.45_b_w35_seed3.txt,Set Covering,100,Relaxed,2000,false,min,2,0.01267,na,na,25564,50595,531
set_covering_n100_m66_d0.45_b_w35_seed3.txt,Set Covering,100,Relaxed,5000,false,min,2,0.01263,na,na,25564,50595,531
set_covering_n100_m66_d0.45_b_w35_seed3.txt,Set Covering,100,Relaxed,10000,false,min,2,0.01269,na,na,25564,50595,531
set_covering_n100_m66_d0.45_b_w35_seed3.txt,Set Covering,100,Relaxed,20000,false,min,2,0.01283,na,na,25564,50595,531
set_covering_n100_m66_d0.45_b_w35_seed4.txt,Set Covering,100,Exact,99999,false,min,2,0.01286,na,na,25564,50595,531
set_covering_n100_m66_d0.45_b_w35_seed4.txt,Set Covering,100,Restricted,500,false,min,2,0.01099,na,na,24867,49162,529
set_covering_n100_m66_d0.45_b_w35_seed4.txt,Set Covering,100,Restricted,1000,false,min,2,0.01293,na,na,25564,50595,531
set_covering_n100_m66_d0.45_b_w35_seed4.txt,Set Covering,100,Restricted,2000,false,min,2,0.01292,na,na,25564,50595,531
set_covering_n100_m66_d0.45_b_w35_seed4.txt,Set Covering,100,Restricted,5000,false,min,2,0.01279,na,na,25564,50595,531
set_covering_n100_m66_d0.45_b_w35_seed4.txt,Set Covering,100,Restricted,10000,false,min,2,0.01261,na,na,25564,50595,531
set_covering_n100_m66_d0.45_b_w35_seed4.txt,Set Covering,100,Restricted,20000,false,min,2,0.01270,na,na,25564,50595,531
set_covering_n100_m66_d0.45_b_w35_seed4.txt,Set Covering,100,Relaxed,500,false,min,2,0.01326,na,na,24867,49200,529
set_covering_n100_m66_d0.45_b_w35_seed4.txt,Set Covering,100,Relaxed,1000,false,min,2,0.01309,na,na,25564,50595,531
set_covering_n100_m66_d0.45_b_w35_seed4.txt,Set Covering,100,Relaxed,2000,false,min,2,0.01285,na,na,25564,50595,531
set_covering_n100_m66_d0.45_b_w35_seed4.txt,Set Covering,100,Relaxed,5000,false,min,2,0.01270,na,na,25564,50595,531
set_covering_n100_m66_d0.45_b_w35_seed4.txt,Set Covering,100,Relaxed,10000,false,min,2,0.01273,na,na,25564,50595,531
set_covering_n100_m66_d0.45_b_w35_seed4.txt,Set Covering,100,Relaxed,20000,false,min,2,0.01259,na,na,25564,50595,531
set_covering_n100_m69_d0.1_b_w32_seed1.txt,Set Covering,100,Restricted,500,false,min,15,0.02537,na,na,61706,65005,1000
set_covering_n100_m69_d0.1_b_w32_seed1.txt,Set Covering,100,Restricted,1000,false,min,14,0.04726,na,na,120238,127658,2000
set_covering_n100_m69_d0.1_b_w32_seed1.txt,Set Covering,100,Restricted,2000,false,min,14,0.09940,na,na,234412,248551,4000
set_covering_n100_m69_d0.1_b_w32_seed1.txt,Set Covering,100,Restricted,5000,false,min,13,0.28933,na,na,562036,599320,10000
set_covering_n100_m69_d0.1_b_w32_seed1.txt,Set Covering,100,Restricted,10000,false,min,12,0.65891,na,na,1086059,1181712,20000
set_covering_n100_m69_d0.1_b_w32_seed1.txt,Set Covering,100,Relaxed,500,false,min,2,0.03039,na,na,61632,90694,1001
set_covering_n100_m69_d0.1_b_w32_seed1.txt,Set Covering,100,Restricted,20000,false,min,12,1.51116,na,na,2098733,2306158,39992
set_covering_n100_m69_d0.1_b_w32_seed1.txt,Set Covering,100,Relaxed,1000,false,min,3,0.06321,na,na,119845,177957,2001
set_covering_n100_m69_d0.1_b_w32_seed1.txt,Set Covering,100,Relaxed,2000,false,min,3,0.13450,na,na,234256,346556,4001
set_covering_n100_m69_d0.1_b_w32_seed1.txt,Set Covering,100,Relaxed,5000,false,min,3,0.37683,na,na,562085,833110,9998
set_covering_n100_m69_d0.1_b_w32_seed1.txt,Set Covering,100,Relaxed,10000,false,min,4,0.83054,na,na,1086085,1629473,19998
set_covering_n100_m69_d0.1_b_w32_seed1.txt,Set Covering,100,Relaxed,20000,false,min,4,1.98515,na,na,2098437,3167694,39989
set_covering_n100_m69_d0.1_b_w32_seed2.txt,Set Covering,100,Restricted,500,false,min,14,0.02517,na,na,61510,66568,1000
set_covering_n100_m69_d0.1_b_w32_seed2.txt,Set Covering,100,Restricted,1000,false,min,14,0.04876,na,na,117874,127310,2000
set_covering_n100_m69_d0.1_b_w32_seed2.txt,Set Covering,100,Restricted,2000,false,min,13,0.10158,na,na,233586,253077,4000
set_covering_n100_m69_d0.1_b_w32_seed2.txt,Set Covering,100,Restricted,5000,false,min,13,0.28378,na,na,558129,606130,10000
set_covering_n100_m69_d0.1_b_w32_seed2.txt,Set Covering,100,Restricted,10000,false,min,13,0.62611,na,na,1079262,1179747,19993
set_covering_n100_m69_d0.1_b_w32_seed2.txt,Set Covering,100,Relaxed,500,false,min,2,0.03160,na,na,61272,91335,1001
set_covering_n100_m69_d0.1_b_w32_seed2.txt,Set Covering,100,Restricted,20000,false,min,12,1.56101,na,na,2066913,2299627,39969
set_covering_n100_m69_d0.1_b_w32_seed2.txt,Set Covering,100,Relaxed,1000,false,min,3,0.06183,na,na,117525,174929,2001
set_covering_n100_m69_d0.1_b_w32_seed2.txt,Set Covering,100,Relaxed,2000,false,min,3,0.13109,na,na,233419,348339,4001
set_covering_n100_m69_d0.1_b_w32_seed2.txt,Set Covering,100,Relaxed,5000,false,min,3,0.37670,na,na,558254,833836,10001
set_covering_n100_m69_d0.1_b_w32_seed2.txt,Set Covering,100,Relaxed,10000,false,min,3,0.82578,na,na,1079827,1617961,19992
set_covering_n100_m69_d0.1_b_w32_seed2.txt,Set Covering,100,Relaxed,20000,false,min,4,2.13924,na,na,2066747,3127560,39970
set_covering_n100_m69_d0.1_b_w32_seed3.txt,Set Covering,100,Restricted,500,false,min,13,0.02714,na,na,62420,67669,1000
set_covering_n100_m69_d0.1_b_w32_seed3.txt,Set Covering,100,Restricted,1000,false,min,13,0.04880,na,na,121310,132034,2000
set_covering_n100_m69_d0.1_b_w32_seed3.txt,Set Covering,100,Restricted,2000,false,min,13,0.10096,na,na,234531,255366,4000
set_covering_n100_m69_d0.1_b_w32_seed3.txt,Set Covering,100,Restricted,5000,false,min,13,0.29193,na,na,570467,629459,10000
set_covering_n100_m69_d0.1_b_w32_seed3.txt,Set Covering,100,Restricted,10000,false,min,11,0.65659,na,na,1100760,1232086,19995
set_covering_n100_m69_d0.1_b_w32_seed3.txt,Set Covering,100,Relaxed,500,false,min,3,0.03360,na,na,62060,93113,1001
set_covering_n100_m69_d0.1_b_w32_seed3.txt,Set Covering,100,Restricted,20000,false,min,11,1.69610,na,na,2112546,2376630,39981
set_covering_n100_m69_d0.1_b_w32_seed3.txt,Set Covering,100,Relaxed,1000,false,min,3,0.06643,na,na,121167,181119,2001
set_covering_n100_m69_d0.1_b_w32_seed3.txt,Set Covering,100,Relaxed,2000,false,min,3,0.13559,na,na,234027,350338,4001
set_covering_n100_m69_d0.1_b_w32_seed3.txt,Set Covering,100,Relaxed,5000,false,min,3,0.40354,na,na,570664,859871,9998
set_covering_n100_m69_d0.1_b_w32_seed3.txt,Set Covering,100,Relaxed,10000,false,min,4,0.90566,na,na,1100835,1672931,19993
set_covering_n100_m69_d0.1_b_w32_seed3.txt,Set Covering,100,Relaxed,20000,false,min,4,2.21420,na,na,2112259,3223783,39979
set_covering_n100_m69_d0.1_b_w32_seed4.txt,Set Covering,100,Restricted,500,false,min,14,0.02554,na,na,61377,65916,1000
set_covering_n100_m69_d0.1_b_w32_seed4.txt,Set Covering,100,Restricted,1000,false,min,13,0.04868,na,na,117182,126854,2000
set_covering_n100_m69_d0.1_b_w32_seed4.txt,Set Covering,100,Restricted,2000,false,min,13,0.10114,na,na,230253,248800,4000
set_covering_n100_m69_d0.1_b_w32_seed4.txt,Set Covering,100,Restricted,5000,false,min,13,0.29180,na,na,559384,608877,10000
set_covering_n100_m69_d0.1_b_w32_seed4.txt,Set Covering,100,Restricted,10000,false,min,13,0.66407,na,na,1078982,1180050,19992
set_covering_n100_m69_d0.1_b_w32_seed4.txt,Set Covering,100,Restricted,20000,false,min,12,1.71095,na,na,2070751,2282000,39974
set_covering_n100_m69_d0.1_b_w32_seed4.txt,Set Covering,100,Relaxed,500,false,min,2,0.03107,na,na,61276,91050,1001
set_covering_n100_m69_d0.1_b_w32_seed4.txt,Set Covering,100,Relaxed,1000,false,min,3,0.06251,na,na,118096,176200,2001
set_covering_n100_m69_d0.1_b_w32_seed4.txt,Set Covering,100,Relaxed,2000,false,min,3,0.13372,na,na,230156,343592,3999
set_covering_n100_m69_d0.1_b_w32_seed4.txt,Set Covering,100,Relaxed,5000,false,min,3,0.38447,na,na,558463,836245,9999
set_covering_n100_m69_d0.1_b_w32_seed4.txt,Set Covering,100,Relaxed,10000,false,min,4,0.88640,na,na,1078909,1615052,19991
set_covering_n100_m69_d0.1_b_w32_seed4.txt,Set Covering,100,Relaxed,20000,false,min,4,2.18151,na,na,2069274,3115876,39968
set_covering_n100_m69_d0.2_b_w32_seed1.txt,Set Covering,100,Exact,99999,false,min,5,25.90363,na,na,18214043,34064181,977803
set_covering_n100_m69_d0.2_b_w32_seed1.txt,Set Covering,100,Restricted,500,false,min,6,0.02594,na,na,63198,74368,1000
set_covering_n100_m69_d0.2_b_w32_seed1.txt,Set Covering,100,Restricted,1000,false,min,6,0.04952,na,na,118049,143639,1989
set_covering_n100_m69_d0.2_b_w32_seed1.txt,Set Covering,100,Restricted,2000,false,min,6,0.09988,na,na,221667,277474,3945
set_covering_n100_m69_d0.2_b_w32_seed1.txt,Set Covering,100,Restricted,5000,false,min,6,0.26805,na,na,495926,643237,9695
set_covering_n100_m69_d0.2_b_w32_seed1.txt,Set Covering,100,Restricted,10000,false,min,6,0.56632,na,na,892836,1201254,18826
set_covering_n100_m69_d0.2_b_w32_seed1.txt,Set Covering,100,Restricted,20000,false,min,6,1.25985,na,na,1564631,2215331,36310
set_covering_n100_m69_d0.2_b_w32_seed1.txt,Set Covering,100,Relaxed,500,false,min,2,0.03420,na,na,63102,100992,999
set_covering_n100_m69_d0.2_b_w32_seed1.txt,Set Covering,100,Relaxed,1000,false,min,3,0.06830,na,na,117820,192181,1986
set_covering_n100_m69_d0.2_b_w32_seed1.txt,Set Covering,100,Relaxed,2000,false,min,3,0.14043,na,na,221560,365863,3940
set_covering_n100_m69_d0.2_b_w32_seed1.txt,Set Covering,100,Relaxed,5000,false,min,3,0.37366,na,na,495803,837832,9698
set_covering_n100_m69_d0.2_b_w32_seed1.txt,Set Covering,100,Relaxed,10000,false,min,3,0.80966,na,na,892861,1543875,18821
set_covering_n100_m69_d0.2_b_w32_seed1.txt,Set Covering,100,Relaxed,20000,false,min,4,1.72625,na,na,1564806,2764576,36324
set_covering_n100_m69_d0.2_b_w32_seed2.txt,Set Covering,100,Exact,99999,false,min,5,40.84813,na,na,28603177,53005427,2135156
set_covering_n100_m69_d0.2_b_w32_seed2.txt,Set Covering,100,Restricted,500,false,min,5,0.02981,na,na,64266,75976,998
set_covering_n100_m69_d0.2_b_w32_seed2.txt,Set Covering,100,Restricted,1000,false,min,5,0.05541,na,na,120358,148382,1969
set_covering_n100_m69_d0.2_b_w32_seed2.txt,Set Covering,100,Restricted,2000,false,min,5,0.10544,na,na,227614,287314,3909
set_covering_n100_m69_d0.2_b_w32_seed2.txt,Set Covering,100,Restricted,5000,false,min,5,0.30218,na,na,517344,672223,9672
set_covering_n100_m69_d0.2_b_w32_seed2.txt,Set Covering,100,Restricted,10000,false,min,5,0.64636,na,na,916828,1218287,18874
set_covering_n100_m69_d0.2_b_w32_seed2.txt,Set Covering,100,Restricted,20000,false,min,5,1.41739,na,na,1600927,2197709,36960
set_covering_n100_m69_d0.2_b_w32_seed2.txt,Set Covering,100,Relaxed,500,false,min,2,0.03572,na,na,64090,102023,999
set_covering_n100_m69_d0.2_b_w32_seed2.txt,Set Covering,100,Relaxed,1000,false,min,3,0.07196,na,na,120170,195406,1970
set_covering_n100_m69_d0.2_b_w32_seed2.txt,Set Covering,100,Relaxed,2000,false,min,3,0.14570,na,na,227381,374711,3905
set_covering_n100_m69_d0.2_b_w32_seed2.txt,Set Covering,100,Relaxed,5000,false,min,3,0.41440,na,na,517021,866297,9672
set_covering_n100_m69_d0.2_b_w32_seed2.txt,Set Covering,100,Relaxed,10000,false,min,3,0.88340,na,na,916607,1552026,18867
set_covering_n100_m69_d0.2_b_w32_seed2.txt,Set Covering,100,Relaxed,20000,false,min,4,1.90557,na,na,1600740,2758880,36947
set_covering_n100_m69_d0.2_b_w32_seed3.txt,Set Covering,100,Exact,99999,false,min,5,42.23935,na,na,28455871,53405966,1835822
set_covering_n100_m69_d0.2_b_w32_seed3.txt,Set Covering,100,Restricted,500,false,min,7,0.02700,na,na,65386,75526,1000
set_covering_n100_m69_d0.2_b_w32_seed3.txt,Set Covering,100,Restricted,1000,false,min,7,0.05577,na,na,123580,146365,1995
set_covering_n100_m69_d0.2_b_w32_seed3.txt,Set Covering,100,Restricted,2000,false,min,6,0.10171,na,na,230074,281392,3959
set_covering_n100_m69_d0.2_b_w32_seed3.txt,Set Covering,100,Restricted,5000,false,min,6,0.27697,na,na,518095,656279,9781
set_covering_n100_m69_d0.2_b_w32_seed3.txt,Set Covering,100,Restricted,10000,false,min,6,0.60686,na,na,923566,1186041,19215
set_covering_n100_m69_d0.2_b_w32_seed3.txt,Set Covering,100,Restricted,20000,false,min,6,1.38948,na,na,1602600,2137422,36549
set_covering_n100_m69_d0.2_b_w32_seed3.txt,Set Covering,100,Relaxed,500,false,min,2,0.03487,na,na,65307,102675,999
set_covering_n100_m69_d0.2_b_w32_seed3.txt,Set Covering,100,Relaxed,1000,false,min,3,0.06789,na,na,123144,195403,1992
set_covering_n100_m69_d0.2_b_w32_seed3.txt,Set Covering,100,Relaxed,2000,false,min,3,0.14341,na,na,230211,371619,3956
set_covering_n100_m69_d0.2_b_w32_seed3.txt,Set Covering,100,Relaxed,5000,false,min,3,0.38444,na,na,518026,854555,9778
set_covering_n100_m69_d0.2_b_w32_seed3.txt,Set Covering,100,Relaxed,10000,false,min,3,0.87325,na,na,924377,1543809,19212
set_covering_n100_m69_d0.2_b_w32_seed3.txt,Set Covering,100,Relaxed,20000,false,min,4,1.90458,na,na,1601885,2744641,36555
set_covering_n100_m69_d0.2_b_w32_seed4.txt,Set Covering,100,Restricted,500,false,min,6,0.02826,na,na,65195,75243,1000
set_covering_n100_m69_d0.2_b_w32_seed4.txt,Set Covering,100,Restricted,1000,false,min,6,0.05337,na,na,121667,144679,1993
set_covering_n100_m69_d0.2_b_w32_seed4.txt,Set Covering,100,Restricted,2000,false,min,6,0.10886,na,na,226651,278866,3956
set_covering_n100_m69_d0.2_b_w32_seed4.txt,Set Covering,100,Restricted,5000,false,min,5,0.28870,na,na,506812,650588,9726
set_covering_n100_m69_d0.2_b_w32_seed4.txt,Set Covering,100,Restricted,10000,false,min,5,0.66060,na,na,910215,1209165,18906
set_covering_n100_m69_d0.2_b_w32_seed4.txt,Set Covering,100,Restricted,20000,false,min,5,1.49776,na,na,1588203,2216700,35375
set_covering_n100_m69_d0.2_b_w32_seed4.txt,Set Covering,100,Relaxed,500,false,min,2,0.03642,na,na,65008,102512,999
set_covering_n100_m69_d0.2_b_w32_seed4.txt,Set Covering,100,Relaxed,1000,false,min,3,0.07473,na,na,121642,194771,1992
set_covering_n100_m69_d0.2_b_w32_seed4.txt,Set Covering,100,Relaxed,2000,false,min,3,0.14358,na,na,226383,369632,3951
set_covering_n100_m69_d0.2_b_w32_seed4.txt,Set Covering,100,Exact,99999,false,min,5,26.94039,na,na,18881379,35541625,1267055
set_covering_n100_m69_d0.2_b_w32_seed4.txt,Set Covering,100,Relaxed,5000,false,min,3,0.39529,na,na,506141,847462,9722
set_covering_n100_m69_d0.2_b_w32_seed4.txt,Set Covering,100,Relaxed,10000,false,min,3,0.86523,na,na,910299,1555021,18900
set_covering_n100_m69_d0.2_b_w32_seed4.txt,Set Covering,100,Relaxed,20000,false,min,4,1.88900,na,na,1588277,2779131,35371
set_covering_n100_m69_d0.3_b_w32_seed1.txt,Set Covering,100,Exact,99999,false,min,3,0.05134,na,na,90574,176170,2257
set_covering_n100_m69_d0.3_b_w32_seed1.txt,Set Covering,100,Restricted,500,false,min,3,0.01717,na,na,34196,61141,706
set_covering_n100_m69_d0.3_b_w32_seed1.txt,Set Covering,100,Restricted,1000,false,min,3,0.02664,na,na,54769,102778,1271
set_covering_n100_m69_d0.3_b_w32_seed1.txt,Set Covering,100,Restricted,2000,false,min,3,0.04008,na,na,84629,163974,2067
set_covering_n100_m69_d0.3_b_w32_seed1.txt,Set Covering,100,Restricted,5000,false,min,3,0.05159,na,na,90574,176170,2257
set_covering_n100_m69_d0.3_b_w32_seed1.txt,Set Covering,100,Restricted,10000,false,min,3,0.05105,na,na,90574,176170,2257
set_covering_n100_m69_d0.3_b_w32_seed1.txt,Set Covering,100,Restricted,20000,false,min,3,0.05157,na,na,90574,176170,2257
set_covering_n100_m69_d0.3_b_w32_seed1.txt,Set Covering,100,Relaxed,500,false,min,2,0.02127,na,na,34220,68058,705
set_covering_n100_m69_d0.3_b_w32_seed1.txt,Set Covering,100,Relaxed,1000,false,min,3,0.03602,na,na,54770,107017,1271
set_covering_n100_m69_d0.3_b_w32_seed1.txt,Set Covering,100,Relaxed,2000,false,min,3,0.05761,na,na,84629,164658,2067
set_covering_n100_m69_d0.3_b_w32_seed1.txt,Set Covering,100,Relaxed,5000,false,min,3,0.05088,na,na,90574,176170,2257
set_covering_n100_m69_d0.3_b_w32_seed1.txt,Set Covering,100,Relaxed,10000,false,min,3,0.05147,na,na,90574,176170,2257
set_covering_n100_m69_d0.3_b_w32_seed1.txt,Set Covering,100,Relaxed,20000,false,min,3,0.05030,na,na,90574,176170,2257
set_covering_n100_m69_d0.3_b_w32_seed2.txt,Set Covering,100,Exact,99999,false,min,3,0.05731,na,na,102364,199333,2967
set_covering_n100_m69_d0.3_b_w32_seed2.txt,Set Covering,100,Restricted,500,false,min,3,0.01707,na,na,35195,59969,758
set_covering_n100_m69_d0.3_b_w32_seed2.txt,Set Covering,100,Restricted,1000,false,min,3,0.02772,na,na,57092,104027,1284
set_covering_n100_m69_d0.3_b_w32_seed2.txt,Set Covering,100,Restricted,2000,false,min,3,0.04152,na,na,88804,170523,2296
set_covering_n100_m69_d0.3_b_w32_seed2.txt,Set Covering,100,Restricted,5000,false,min,3,0.05774,na,na,102364,199333,2967
set_covering_n100_m69_d0.3_b_w32_seed2.txt,Set Covering,100,Restricted,10000,false,min,3,0.05760,na,na,102364,199333,2967
set_covering_n100_m69_d0.3_b_w32_seed2.txt,Set Covering,100,Restricted,20000,false,min,3,0.05771,na,na,102364,199333,2967
set_covering_n100_m69_d0.3_b_w32_seed2.txt,Set Covering,100,Relaxed,500,false,min,2,0.02128,na,na,35113,69207,760
set_covering_n100_m69_d0.3_b_w32_seed2.txt,Set Covering,100,Relaxed,1000,false,min,3,0.03667,na,na,57058,112378,1282
set_covering_n100_m69_d0.3_b_w32_seed2.txt,Set Covering,100,Relaxed,2000,false,min,3,0.05949,na,na,88866,173605,2295
set_covering_n100_m69_d0.3_b_w32_seed2.txt,Set Covering,100,Relaxed,5000,false,min,3,0.05760,na,na,102364,199333,2967
set_covering_n100_m69_d0.3_b_w32_seed2.txt,Set Covering,100,Relaxed,10000,false,min,3,0.05842,na,na,102364,199333,2967
set_covering_n100_m69_d0.3_b_w32_seed2.txt,Set Covering,100,Relaxed,20000,false,min,3,0.05671,na,na,102364,199333,2967
set_covering_n100_m69_d0.3_b_w32_seed3.txt,Set Covering,100,Exact,99999,false,min,3,0.06082,na,na,107920,209935,3538
set_covering_n100_m69_d0.3_b_w32_seed3.txt,Set Covering,100,Restricted,500,false,min,3,0.01783,na,na,36175,61670,773
set_covering_n100_m69_d0.3_b_w32_seed3.txt,Set Covering,100,Restricted,1000,false,min,3,0.02845,na,na,58422,106361,1287
set_covering_n100_m69_d0.3_b_w32_seed3.txt,Set Covering,100,Restricted,2000,false,min,3,0.04085,na,na,84908,161309,2345
set_covering_n100_m69_d0.3_b_w32_seed3.txt,Set Covering,100,Restricted,5000,false,min,3,0.06022,na,na,107920,209935,3538
set_covering_n100_m69_d0.3_b_w32_seed3.txt,Set Covering,100,Restricted,10000,false,min,3,0.05977,na,na,107920,209935,3538
set_covering_n100_m69_d0.3_b_w32_seed3.txt,Set Covering,100,Restricted,20000,false,min,3,0.05989,na,na,107920,209935,3538
set_covering_n100_m69_d0.3_b_w32_seed3.txt,Set Covering,100,Relaxed,500,false,min,2,0.02236,na,na,36205,69967,773
set_covering_n100_m69_d0.3_b_w32_seed3.txt,Set Covering,100,Relaxed,1000,false,min,3,0.03710,na,na,58422,113680,1287
set_covering_n100_m69_d0.3_b_w32_seed3.txt,Set Covering,100,Relaxed,2000,false,min,3,0.05682,na,na,84908,165148,2345
set_covering_n100_m69_d0.3_b_w32_seed3.txt,Set Covering,100,Relaxed,5000,false,min,3,0.06090,na,na,107920,209935,3538
set_covering_n100_m69_d0.3_b_w32_seed3.txt,Set Covering,100,Relaxed,10000,false,min,3,0.06149,na,na,107920,209935,3538
set_covering_n100_m69_d0.3_b_w32_seed3.txt,Set Covering,100,Relaxed,20000,false,min,3,0.06093,na,na,107920,209935,3538
set_covering_n100_m69_d0.3_b_w32_seed4.txt,Set Covering,100,Exact,99999,false,min,3,0.05399,na,na,96163,187252,2780
set_covering_n100_m69_d0.3_b_w32_seed4.txt,Set Covering,100,Restricted,500,false,min,3,0.01715,na,na,34840,60111,816
set_covering_n100_m69_d0.3_b_w32_seed4.txt,Set Covering,100,Restricted,1000,false,min,3,0.02687,na,na,55879,102481,1352
set_covering_n100_m69_d0.3_b_w32_seed4.txt,Set Covering,100,Restricted,2000,false,min,3,0.03929,na,na,85867,165064,2272
set_covering_n100_m69_d0.3_b_w32_seed4.txt,Set Covering,100,Restricted,5000,false,min,3,0.05402,na,na,96163,187252,2780
set_covering_n100_m69_d0.3_b_w32_seed4.txt,Set Covering,100,Restricted,10000,false,min,3,0.05508,na,na,96163,187252,2780
set_covering_n100_m69_d0.3_b_w32_seed4.txt,Set Covering,100,Restricted,20000,false,min,3,0.05345,na,na,96163,187252,2780
set_covering_n100_m69_d0.3_b_w32_seed4.txt,Set Covering,100,Relaxed,500,false,min,2,0.02110,na,na,34890,68346,817
set_covering_n100_m69_d0.3_b_w32_seed4.txt,Set Covering,100,Relaxed,1000,false,min,3,0.03553,na,na,55840,109337,1354
set_covering_n100_m69_d0.3_b_w32_seed4.txt,Set Covering,100,Relaxed,2000,false,min,3,0.05528,na,na,85834,167250,2272
set_covering_n100_m69_d0.3_b_w32_seed4.txt,Set Covering,100,Relaxed,5000,false,min,3,0.05435,na,na,96163,187252,2780
set_covering_n100_m69_d0.3_b_w32_seed4.txt,Set Covering,100,Relaxed,10000,false,min,3,0.05331,na,na,96163,187252,2780
set_covering_n100_m69_d0.3_b_w32_seed4.txt,Set Covering,100,Relaxed,20000,false,min,3,0.05362,na,na,96163,187252,2780
set_covering_n100_m69_d0.4_b_w32_seed1.txt,Set Covering,100,Exact,99999,false,min,3,0.01470,na,na,28528,56334,699
set_covering_n100_m69_d0.4_b_w32_seed1.txt,Set Covering,100,Restricted,500,false,min,3,0.01178,na,na,24904,48834,531
set_covering_n100_m69_d0.4_b_w32_seed1.txt,Set Covering,100,Restricted,1000,false,min,3,0.01467,na,na,28528,56334,699
set_covering_n100_m69_d0.4_b_w32_seed1.txt,Set Covering,100,Restricted,2000,false,min,3,0.01475,na,na,28528,56334,699
set_covering_n100_m69_d0.4_b_w32_seed1.txt,Set Covering,100,Restricted,5000,false,min,3,0.01483,na,na,28528,56334,699
set_covering_n100_m69_d0.4_b_w32_seed1.txt,Set Covering,100,Restricted,10000,false,min,3,0.01476,na,na,28528,56334,699
set_covering_n100_m69_d0.4_b_w32_seed1.txt,Set Covering,100,Restricted,20000,false,min,3,0.01494,na,na,28528,56334,699
set_covering_n100_m69_d0.4_b_w32_seed1.txt,Set Covering,100,Relaxed,500,false,min,2,0.01401,na,na,24827,49408,532
set_covering_n100_m69_d0.4_b_w32_seed1.txt,Set Covering,100,Relaxed,1000,false,min,3,0.01484,na,na,28528,56334,699
set_covering_n100_m69_d0.4_b_w32_seed1.txt,Set Covering,100,Relaxed,2000,false,min,3,0.01480,na,na,28528,56334,699
set_covering_n100_m69_d0.4_b_w32_seed1.txt,Set Covering,100,Relaxed,5000,false,min,3,0.01470,na,na,28528,56334,699
set_covering_n100_m69_d0.4_b_w32_seed1.txt,Set Covering,100,Relaxed,10000,false,min,3,0.01477,na,na,28528,56334,699
set_covering_n100_m69_d0.4_b_w32_seed1.txt,Set Covering,100,Relaxed,20000,false,min,3,0.01484,na,na,28528,56334,699
set_covering_n100_m69_d0.4_b_w32_seed2.txt,Set Covering,100,Exact,99999,false,min,3,0.01474,na,na,28528,56334,699
set_covering_n100_m69_d0.4_b_w32_seed2.txt,Set Covering,100,Restricted,500,false,min,3,0.01203,na,na,24904,48834,531
set_covering_n100_m69_d0.4_b_w32_seed2.txt,Set Covering,100,Restricted,1000,false,min,3,0.01480,na,na,28528,56334,699
set_covering_n100_m69_d0.4_b_w32_seed2.txt,Set Covering,100,Restricted,2000,false,min,3,0.01476,na,na,28528,56334,699
set_covering_n100_m69_d0.4_b_w32_seed2.txt,Set Covering,100,Restricted,5000,false,min,3,0.01473,na,na,28528,56334,699
set_covering_n100_m69_d0.4_b_w32_seed2.txt,Set Covering,100,Restricted,10000,false,min,3,0.01474,na,na,28528,56334,699
set_covering_n100_m69_d0.4_b_w32_seed2.txt,Set Covering,100,Restricted,20000,false,min,3,0.01478,na,na,28528,56334,699
set_covering_n100_m69_d0.4_b_w32_seed2.txt,Set Covering,100,Relaxed,500,false,min,2,0.01399,na,na,24827,49408,532
set_covering_n100_m69_d0.4_b_w32_seed2.txt,Set Covering,100,Relaxed,1000,false,min,3,0.01477,na,na,28528,56334,699
set_covering_n100_m69_d0.4_b_w32_seed2.txt,Set Covering,100,Relaxed,2000,false,min,3,0.01473,na,na,28528,56334,699
set_covering_n100_m69_d0.4_b_w32_seed2.txt,Set Covering,100,Relaxed,5000,false,min,3,0.01475,na,na,28528,56334,699
set_covering_n100_m69_d0.4_b_w32_seed2.txt,Set Covering,100,Relaxed,10000,false,min,3,0.01465,na,na,28528,56334,699
set_covering_n100_m69_d0.4_b_w32_seed2.txt,Set Covering,100,Relaxed,20000,false,min,3,0.01471,na,na,28528,56334,699
set_covering_n100_m69_d0.4_b_w32_seed3.txt,Set Covering,100,Exact,99999,false,min,3,0.01473,na,na,28528,56334,699
set_covering_n100_m69_d0.4_b_w32_seed3.txt,Set Covering,100,Restricted,500,false,min,3,0.01185,na,na,24904,48834,531
set_covering_n100_m69_d0.4_b_w32_seed3.txt,Set Covering,100,Restricted,1000,false,min,3,0.01479,na,na,28528,56334,699
set_covering_n100_m69_d0.4_b_w32_seed3.txt,Set Covering,100,Restricted,2000,false,min,3,0.01478,na,na,28528,56334,699
set_covering_n100_m69_d0.4_b_w32_seed3.txt,Set Covering,100,Restricted,5000,false,min,3,0.01473,na,na,28528,56334,699
set_covering_n100_m69_d0.4_b_w32_seed3.txt,Set Covering,100,Restricted,10000,false,min,3,0.01476,na,na,28528,56334,699
set_covering_n100_m69_d0.4_b_w32_seed3.txt,Set Covering,100,Restricted,20000,false,min,3,0.01479,na,na,28528,56334,699
set_covering_n100_m69_d0.4_b_w32_seed3.txt,Set Covering,100,Relaxed,500,false,min,2,0.01399,na,na,24827,49408,532
set_covering_n100_m69_d0.4_b_w32_seed3.txt,Set Covering,100,Relaxed,1000,false,min,3,0.01473,na,na,28528,56334,699
set_covering_n100_m69_d0.4_b_w32_seed3.txt,Set Covering,100,Relaxed,2000,false,min,3,0.01462,na,na,28528,56334,699
set_covering_n100_m69_d0.4_b_w32_seed3.txt,Set Covering,100,Relaxed,5000,false,min,3,0.01471,na,na,28528,56334,699
set_covering_n100_m69_d0.4_b_w32_seed3.txt,Set Covering,100,Relaxed,10000,false,min,3,0.01466,na,na,28528,56334,699
set_covering_n100_m69_d0.4_b_w32_seed3.txt,Set Covering,100,Relaxed,20000,false,min,3,0.01472,na,na,28528,56334,699
set_covering_n100_m69_d0.4_b_w32_seed4.txt,Set Covering,100,Exact,99999,false,min,3,0.01493,na,na,28528,56334,699
set_covering_n100_m69_d0.4_b_w32_seed4.txt,Set Covering,100,Restricted,500,false,min,3,0.01184,na,na,24904,48834,531
set_covering_n100_m69_d0.4_b_w32_seed4.txt,Set Covering,100,Restricted,1000,false,min,3,0.01470,na,na,28528,56334,699
set_covering_n100_m69_d0.4_b_w32_seed4.txt,Set Covering,100,Restricted,2000,false,min,3,0.01476,na,na,28528,56334,699
set_covering_n100_m69_d0.4_b_w32_seed4.txt,Set Covering,100,Restricted,5000,false,min,3,0.01479,na,na,28528,56334,699
set_covering_n100_m69_d0.4_b_w32_seed4.txt,Set Covering,100,Restricted,10000,false,min,3,0.01481,na,na,28528,56334,699
set_covering_n100_m69_d0.4_b_w32_seed4.txt,Set Covering,100,Restricted,20000,false,min,3,0.01490,na,na,28528,56334,699
set_covering_n100_m69_d0.4_b_w32_seed4.txt,Set Covering,100,Relaxed,500,false,min,2,0.01427,na,na,24827,49408,532
set_covering_n100_m69_d0.4_b_w32_seed4.txt,Set Covering,100,Relaxed,1000,false,min,3,0.01498,na,na,28528,56334,699
set_covering_n100_m69_d0.4_b_w32_seed4.txt,Set Covering,100,Relaxed,2000,false,min,3,0.01497,na,na,28528,56334,699
set_covering_n100_m69_d0.4_b_w32_seed4.txt,Set Covering,100,Relaxed,5000,false,min,3,0.01502,na,na,28528,56334,699
set_covering_n100_m69_d0.4_b_w32_seed4.txt,Set Covering,100,Relaxed,10000,false,min,3,0.01477,na,na,28528,56334,699
set_covering_n100_m69_d0.4_b_w32_seed4.txt,Set Covering,100,Relaxed,20000,false,min,3,0.01519,na,na,28528,56334,699
set_covering_n100_m69_d0.05_b_w32_seed1.txt,Set Covering,100,Restricted,500,false,min,22,0.01980,na,na,50978,55081,1000
set_covering_n100_m69_d0.05_b_w32_seed1.txt,Set Covering,100,Restricted,1000,false,min,21,0.03791,na,na,94427,101323,2000
set_covering_n100_m69_d0.05_b_w32_seed1.txt,Set Covering,100,Restricted,2000,false,min,21,0.07941,na,na,184182,197107,4000
set_covering_n100_m69_d0.05_b_w32_seed1.txt,Set Covering,100,Restricted,5000,false,min,21,0.22468,na,na,442143,471529,10000
set_covering_n100_m69_d0.05_b_w32_seed1.txt,Set Covering,100,Restricted,10000,false,min,21,0.51649,na,na,855627,914007,20000
set_covering_n100_m69_d0.05_b_w32_seed1.txt,Set Covering,100,Restricted,20000,false,min,21,1.32604,na,na,1663750,1783648,39979
set_covering_n100_m69_d0.05_b_w32_seed1.txt,Set Covering,100,Relaxed,500,false,min,7,0.02378,na,na,46196,69467,1001
set_covering_n100_m69_d0.05_b_w32_seed1.txt,Set Covering,100,Relaxed,1000,false,min,7,0.04739,na,na,90172,137910,2001
set_covering_n100_m69_d0.05_b_w32_seed1.txt,Set Covering,100,Relaxed,2000,false,min,7,0.09901,na,na,175051,260575,4001
set_covering_n100_m69_d0.05_b_w32_seed1.txt,Set Covering,100,Relaxed,5000,false,min,7,0.30175,na,na,441926,641642,10001
set_covering_n100_m69_d0.05_b_w32_seed1.txt,Set Covering,100,Relaxed,10000,false,min,7,0.69908,na,na,853919,1245046,20001
set_covering_n100_m69_d0.5_b_w32_seed1.txt,Set Covering,100,Exact,99999,false,min,3,0.01499,na,na,28528,56334,699
set_covering_n100_m69_d0.05_b_w32_seed1.txt,Set Covering,100,Relaxed,20000,false,min,8,1.68209,na,na,1664390,2428499,39976
set_covering_n100_m69_d0.5_b_w32_seed1.txt,Set Covering,100,Restricted,500,false,min,3,0.01184,na,na,24904,48834,531
set_covering_n100_m69_d0.5_b_w32_seed1.txt,Set Covering,100,Restricted,1000,false,min,3,0.01508,na,na,28528,56334,699
set_covering_n100_m69_d0.5_b_w32_seed1.txt,Set Covering,100,Restricted,2000,false,min,3,0.01466,na,na,28528,56334,699
set_covering_n100_m69_d0.5_b_w32_seed1.txt,Set Covering,100,Restricted,5000,false,min,3,0.01479,na,na,28528,56334,699
set_covering_n100_m69_d0.5_b_w32_seed1.txt,Set Covering,100,Restricted,10000,false,min,3,0.01478,na,na,28528,56334,699
set_covering_n100_m69_d0.5_b_w32_seed1.txt,Set Covering,100,Restricted,20000,false,min,3,0.01462,na,na,28528,56334,699
set_covering_n100_m69_d0.5_b_w32_seed1.txt,Set Covering,100,Relaxed,500,false,min,2,0.01394,na,na,24827,49408,532
set_covering_n100_m69_d0.5_b_w32_seed1.txt,Set Covering,100,Relaxed,1000,false,min,3,0.01461,na,na,28528,56334,699
set_covering_n100_m69_d0.5_b_w32_seed1.txt,Set Covering,100,Relaxed,2000,false,min,3,0.01462,na,na,28528,56334,699
set_covering_n100_m69_d0.5_b_w32_seed1.txt,Set Covering,100,Relaxed,5000,false,min,3,0.01483,na,na,28528,56334,699
set_covering_n100_m69_d0.5_b_w32_seed1.txt,Set Covering,100,Relaxed,10000,false,min,3,0.01471,na,na,28528,56334,699
set_covering_n100_m69_d0.5_b_w32_seed1.txt,Set Covering,100,Relaxed,20000,false,min,3,0.01485,na,na,28528,56334,699
set_covering_n100_m69_d0.05_b_w32_seed2.txt,Set Covering,100,Restricted,500,false,min,23,0.02160,na,na,51479,55009,1000
set_covering_n100_m69_d0.05_b_w32_seed2.txt,Set Covering,100,Restricted,1000,false,min,22,0.04043,na,na,100205,108483,2000
set_covering_n100_m69_d0.05_b_w32_seed2.txt,Set Covering,100,Restricted,2000,false,min,22,0.08429,na,na,196085,212165,4000
set_covering_n100_m69_d0.05_b_w32_seed2.txt,Set Covering,100,Restricted,5000,false,min,22,0.23904,na,na,467743,510940,9999
set_covering_n100_m69_d0.05_b_w32_seed2.txt,Set Covering,100,Restricted,10000,false,min,22,0.54018,na,na,901800,991887,19994
set_covering_n100_m69_d0.05_b_w32_seed2.txt,Set Covering,100,Restricted,20000,false,min,20,1.34628,na,na,1747063,1941639,39968
set_covering_n100_m69_d0.05_b_w32_seed2.txt,Set Covering,100,Relaxed,500,false,min,6,0.02562,na,na,50683,74151,1001
set_covering_n100_m69_d0.05_b_w32_seed2.txt,Set Covering,100,Relaxed,1000,false,min,7,0.05079,na,na,91689,138847,2001
set_covering_n100_m69_d0.05_b_w32_seed2.txt,Set Covering,100,Relaxed,2000,false,min,7,0.11197,na,na,194111,282955,4001
set_covering_n100_m69_d0.05_b_w32_seed2.txt,Set Covering,100,Relaxed,5000,false,min,7,0.31548,na,na,466334,679610,10000
set_covering_n100_m69_d0.05_b_w32_seed2.txt,Set Covering,100,Relaxed,10000,false,min,7,0.73189,na,na,901643,1316524,19993
set_covering_n100_m69_d0.5_b_w32_seed2.txt,Set Covering,100,Exact,99999,false,min,3,0.01488,na,na,28528,56334,699
set_covering_n100_m69_d0.05_b_w32_seed2.txt,Set Covering,100,Relaxed,20000,false,min,8,1.73817,na,na,1745719,2566151,39963
set_covering_n100_m69_d0.5_b_w32_seed2.txt,Set Covering,100,Restricted,500,false,min,3,0.01161,na,na,24904,48834,531
set_covering_n100_m69_d0.5_b_w32_seed2.txt,Set Covering,100,Restricted,1000,false,min,3,0.01461,na,na,28528,56334,699
set_covering_n100_m69_d0.5_b_w32_seed2.txt,Set Covering,100,Restricted,2000,false,min,3,0.01477,na,na,28528,56334,699
set_covering_n100_m69_d0.5_b_w32_seed2.txt,Set Covering,100,Restricted,5000,false,min,3,0.01484,na,na,28528,56334,699
set_covering_n100_m69_d0.5_b_w32_seed2.txt,Set Covering,100,Restricted,10000,false,min,3,0.01486,na,na,28528,56334,699
set_covering_n100_m69_d0.5_b_w32_seed2.txt,Set Covering,100,Restricted,20000,false,min,3,0.01490,na,na,28528,56334,699
set_covering_n100_m69_d0.5_b_w32_seed2.txt,Set Covering,100,Relaxed,500,false,min,2,0.01394,na,na,24827,49408,532
set_covering_n100_m69_d0.5_b_w32_seed2.txt,Set Covering,100,Relaxed,1000,false,min,3,0.01491,na,na,28528,56334,699
set_covering_n100_m69_d0.5_b_w32_seed2.txt,Set Covering,100,Relaxed,2000,false,min,3,0.01495,na,na,28528,56334,699
set_covering_n100_m69_d0.5_b_w32_seed2.txt,Set Covering,100,Relaxed,5000,false,min,3,0.01449,na,na,28528,56334,699
set_covering_n100_m69_d0.5_b_w32_seed2.txt,Set Covering,100,Relaxed,10000,false,min,3,0.01456,na,na,28528,56334,699
set_covering_n100_m69_d0.5_b_w32_seed2.txt,Set Covering,100,Relaxed,20000,false,min,3,0.01455,na,na,28528,56334,699
set_covering_n100_m69_d0.05_b_w32_seed3.txt,Set Covering,100,Restricted,500,false,min,22,0.02073,na,na,50457,56409,1000
set_covering_n100_m69_d0.05_b_w32_seed3.txt,Set Covering,100,Restricted,1000,false,min,22,0.04152,na,na,98160,110236,2000
set_covering_n100_m69_d0.05_b_w32_seed3.txt,Set Covering,100,Restricted,2000,false,min,22,0.08424,na,na,188437,213660,4000
set_covering_n100_m69_d0.05_b_w32_seed3.txt,Set Covering,100,Restricted,5000,false,min,20,0.24348,na,na,453749,521831,10000
set_covering_n100_m69_d0.05_b_w32_seed3.txt,Set Covering,100,Restricted,10000,false,min,20,0.54920,na,na,863443,1007042,20000
set_covering_n100_m69_d0.05_b_w32_seed3.txt,Set Covering,100,Restricted,20000,false,min,20,1.37030,na,na,1649184,1943986,39996
set_covering_n100_m69_d0.05_b_w32_seed3.txt,Set Covering,100,Relaxed,500,false,min,5,0.02574,na,na,49817,73821,1001
set_covering_n100_m69_d0.05_b_w32_seed3.txt,Set Covering,100,Relaxed,1000,false,min,6,0.04997,na,na,92049,140000,2001
set_covering_n100_m69_d0.05_b_w32_seed3.txt,Set Covering,100,Relaxed,2000,false,min,6,0.10966,na,na,188147,277785,4001
set_covering_n100_m69_d0.05_b_w32_seed3.txt,Set Covering,100,Relaxed,5000,false,min,6,0.31521,na,na,453113,673055,10001
set_covering_n100_m69_d0.05_b_w32_seed3.txt,Set Covering,100,Relaxed,10000,false,min,7,0.71320,na,na,863266,1287249,20001
set_covering_n100_m69_d0.5_b_w32_seed3.txt,Set Covering,100,Exact,99999,false,min,3,0.01476,na,na,28528,56334,699
set_covering_n100_m69_d0.05_b_w32_seed3.txt,Set Covering,100,Relaxed,20000,false,min,7,1.71113,na,na,1648714,2466059,39997
set_covering_n100_m69_d0.5_b_w32_seed3.txt,Set Covering,100,Restricted,500,false,min,3,0.01188,na,na,24904,48834,531
set_covering_n100_m69_d0.5_b_w32_seed3.txt,Set Covering,100,Restricted,1000,false,min,3,0.01470,na,na,28528,56334,699
set_covering_n100_m69_d0.5_b_w32_seed3.txt,Set Covering,100,Restricted,2000,false,min,3,0.01486,na,na,28528,56334,699
set_covering_n100_m69_d0.5_b_w32_seed3.txt,Set Covering,100,Restricted,5000,false,min,3,0.01477,na,na,28528,56334,699
set_covering_n100_m69_d0.5_b_w32_seed3.txt,Set Covering,100,Restricted,10000,false,min,3,0.01465,na,na,28528,56334,699
set_covering_n100_m69_d0.5_b_w32_seed3.txt,Set Covering,100,Restricted,20000,false,min,3,0.01530,na,na,28528,56334,699
set_covering_n100_m69_d0.5_b_w32_seed3.txt,Set Covering,100,Relaxed,500,false,min,2,0.01446,na,na,24827,49408,532
set_covering_n100_m69_d0.5_b_w32_seed3.txt,Set Covering,100,Relaxed,1000,false,min,3,0.01482,na,na,28528,56334,699
set_covering_n100_m69_d0.5_b_w32_seed3.txt,Set Covering,100,Relaxed,2000,false,min,3,0.01472,na,na,28528,56334,699
set_covering_n100_m69_d0.5_b_w32_seed3.txt,Set Covering,100,Relaxed,5000,false,min,3,0.01474,na,na,28528,56334,699
set_covering_n100_m69_d0.5_b_w32_seed3.txt,Set Covering,100,Relaxed,10000,false,min,3,0.01469,na,na,28528,56334,699
set_covering_n100_m69_d0.5_b_w32_seed3.txt,Set Covering,100,Relaxed,20000,false,min,3,0.01469,na,na,28528,56334,699
set_covering_n100_m69_d0.05_b_w32_seed4.txt,Set Covering,100,Restricted,500,false,min,25,0.02172,na,na,52044,58304,1000
set_covering_n100_m69_d0.05_b_w32_seed4.txt,Set Covering,100,Restricted,1000,false,min,22,0.04230,na,na,101816,115064,2000
set_covering_n100_m69_d0.05_b_w32_seed4.txt,Set Covering,100,Restricted,2000,false,min,22,0.08723,na,na,197515,222903,4000
set_covering_n100_m69_d0.05_b_w32_seed4.txt,Set Covering,100,Restricted,5000,false,min,22,0.24380,na,na,465454,533564,10000
set_covering_n100_m69_d0.05_b_w32_seed4.txt,Set Covering,100,Restricted,10000,false,min,21,0.56450,na,na,910443,1045748,19996
set_covering_n100_m69_d0.05_b_w32_seed4.txt,Set Covering,100,Restricted,20000,false,min,21,1.37580,na,na,1725319,1991521,39964
set_covering_n100_m69_d0.05_b_w32_seed4.txt,Set Covering,100,Relaxed,500,false,min,7,0.02598,na,na,50744,75735,1001
set_covering_n100_m69_d0.05_b_w32_seed4.txt,Set Covering,100,Relaxed,1000,false,min,7,0.05481,na,na,97415,146029,2001
set_covering_n100_m69_d0.05_b_w32_seed4.txt,Set Covering,100,Relaxed,2000,false,min,7,0.11289,na,na,196602,286835,4001
set_covering_n100_m69_d0.05_b_w32_seed4.txt,Set Covering,100,Relaxed,5000,false,min,8,0.31826,na,na,465072,682516,10001
set_covering_n100_m69_d0.05_b_w32_seed4.txt,Set Covering,100,Relaxed,10000,false,min,8,0.74488,na,na,908786,1338992,19997
set_covering_n100_m69_d0.05_b_w32_seed4.txt,Set Covering,100,Relaxed,20000,false,min,8,1.80882,na,na,1726963,2551754,39960
set_covering_n100_m69_d0.5_b_w32_seed4.txt,Set Covering,100,Exact,99999,false,min,3,0.01475,na,na,28528,56334,699
set_covering_n100_m69_d0.5_b_w32_seed4.txt,Set Covering,100,Restricted,500,false,min,3,0.01200,na,na,24904,48834,531
set_covering_n100_m69_d0.5_b_w32_seed4.txt,Set Covering,100,Restricted,1000,false,min,3,0.01548,na,na,28528,56334,699
set_covering_n100_m69_d0.5_b_w32_seed4.txt,Set Covering,100,Restricted,2000,false,min,3,0.01602,na,na,28528,56334,699
set_covering_n100_m69_d0.5_b_w32_seed4.txt,Set Covering,100,Restricted,5000,false,min,3,0.01524,na,na,28528,56334,699
set_covering_n100_m69_d0.5_b_w32_seed4.txt,Set Covering,100,Restricted,10000,false,min,3,0.01490,na,na,28528,56334,699
set_covering_n100_m69_d0.5_b_w32_seed4.txt,Set Covering,100,Restricted,20000,false,min,3,0.01568,na,na,28528,56334,699
set_covering_n100_m69_d0.5_b_w32_seed4.txt,Set Covering,100,Relaxed,500,false,min,2,0.01437,na,na,24827,49408,532
set_covering_n100_m69_d0.5_b_w32_seed4.txt,Set Covering,100,Relaxed,1000,false,min,3,0.01578,na,na,28528,56334,699
set_covering_n100_m69_d0.5_b_w32_seed4.txt,Set Covering,100,Relaxed,2000,false,min,3,0.01518,na,na,28528,56334,699
set_covering_n100_m69_d0.5_b_w32_seed4.txt,Set Covering,100,Relaxed,5000,false,min,3,0.01507,na,na,28528,56334,699
set_covering_n100_m69_d0.5_b_w32_seed4.txt,Set Covering,100,Relaxed,10000,false,min,3,0.01570,na,na,28528,56334,699
set_covering_n100_m69_d0.5_b_w32_seed4.txt,Set Covering,100,Relaxed,20000,false,min,3,0.01531,na,na,28528,56334,699
set_covering_n100_m69_d0.15_b_w32_seed1.txt,Set Covering,100,Restricted,500,false,min,8,0.02680,na,na,65683,72081,1000
set_covering_n100_m69_d0.15_b_w32_seed1.txt,Set Covering,100,Restricted,1000,false,min,8,0.05261,na,na,125793,141970,2000
set_covering_n100_m69_d0.15_b_w32_seed1.txt,Set Covering,100,Restricted,2000,false,min,8,0.10749,na,na,243561,276753,3998
set_covering_n100_m69_d0.15_b_w32_seed1.txt,Set Covering,100,Restricted,5000,false,min,8,0.30000,na,na,575154,664937,9987
set_covering_n100_m69_d0.15_b_w32_seed1.txt,Set Covering,100,Restricted,10000,false,min,8,0.68273,na,na,1084911,1275724,19880
set_covering_n100_m69_d0.15_b_w32_seed1.txt,Set Covering,100,Restricted,20000,false,min,7,1.61372,na,na,2024358,2441351,39409
set_covering_n100_m69_d0.15_b_w32_seed1.txt,Set Covering,100,Relaxed,500,false,min,2,0.03459,na,na,65438,100044,1001
set_covering_n100_m69_d0.15_b_w32_seed1.txt,Set Covering,100,Relaxed,1000,false,min,3,0.06930,na,na,125485,194561,2000
set_covering_n100_m69_d0.15_b_w32_seed1.txt,Set Covering,100,Relaxed,2000,false,min,3,0.14839,na,na,242916,377721,3998
set_covering_n100_m69_d0.15_b_w32_seed1.txt,Set Covering,100,Relaxed,5000,false,min,3,0.41397,na,na,574067,901432,9985
set_covering_n100_m69_d0.15_b_w32_seed1.txt,Set Covering,100,Relaxed,10000,false,min,3,0.94747,na,na,1084824,1716937,19881
set_covering_n100_m69_d0.15_b_w32_seed1.txt,Set Covering,100,Relaxed,20000,false,min,4,2.20698,na,na,2026599,3257740,39399
set_covering_n100_m69_d0.15_b_w32_seed2.txt,Set Covering,100,Restricted,500,false,min,10,0.02789,na,na,64368,71412,1000
set_covering_n100_m69_d0.15_b_w32_seed2.txt,Set Covering,100,Restricted,1000,false,min,9,0.05404,na,na,123586,138791,2000
set_covering_n100_m69_d0.15_b_w32_seed2.txt,Set Covering,100,Restricted,2000,false,min,8,0.10377,na,na,232951,266178,3999
set_covering_n100_m69_d0.15_b_w32_seed2.txt,Set Covering,100,Restricted,5000,false,min,8,0.28689,na,na,548837,631722,9989
set_covering_n100_m69_d0.15_b_w32_seed2.txt,Set Covering,100,Restricted,10000,false,min,8,0.62891,na,na,1031248,1195035,19913
set_covering_n100_m69_d0.15_b_w32_seed2.txt,Set Covering,100,Restricted,20000,false,min,7,1.57346,na,na,1918282,2245119,39547
set_covering_n100_m69_d0.15_b_w32_seed2.txt,Set Covering,100,Relaxed,500,false,min,2,0.03350,na,na,64648,98983,1001
set_covering_n100_m69_d0.15_b_w32_seed2.txt,Set Covering,100,Relaxed,1000,false,min,2,0.06544,na,na,123583,190090,1999
set_covering_n100_m69_d0.15_b_w32_seed2.txt,Set Covering,100,Relaxed,2000,false,min,3,0.14265,na,na,232988,360786,3998
set_covering_n100_m69_d0.15_b_w32_seed2.txt,Set Covering,100,Relaxed,5000,false,min,3,0.38621,na,na,548797,854832,9990
set_covering_n100_m69_d0.15_b_w32_seed2.txt,Set Covering,100,Relaxed,10000,false,min,3,0.88982,na,na,1031448,1611874,19910
set_covering_n100_m69_d0.15_b_w32_seed2.txt,Set Covering,100,Relaxed,20000,false,min,4,2.18512,na,na,1918071,3010048,39544
set_covering_n100_m69_d0.15_b_w32_seed3.txt,Set Covering,100,Restricted,500,false,min,9,0.02789,na,na,65326,72662,1000
set_covering_n100_m69_d0.15_b_w32_seed3.txt,Set Covering,100,Restricted,1000,false,min,9,0.05379,na,na,125205,141488,2000
set_covering_n100_m69_d0.15_b_w32_seed3.txt,Set Covering,100,Restricted,2000,false,min,8,0.10900,na,na,242284,276509,4000
set_covering_n100_m69_d0.15_b_w32_seed3.txt,Set Covering,100,Restricted,5000,false,min,8,0.32325,na,na,573736,655176,9976
set_covering_n100_m69_d0.15_b_w32_seed3.txt,Set Covering,100,Restricted,10000,false,min,8,0.77999,na,na,1085289,1246188,19908
set_covering_n100_m69_d0.15_b_w32_seed3.txt,Set Covering,100,Restricted,20000,false,min,7,1.94021,na,na,2006470,2346594,39348
set_covering_n100_m69_d0.15_b_w32_seed3.txt,Set Covering,100,Relaxed,500,false,min,2,0.03561,na,na,65227,99492,1000
set_covering_n100_m69_d0.15_b_w32_seed3.txt,Set Covering,100,Relaxed,1000,false,min,3,0.07214,na,na,125101,191795,1999
set_covering_n100_m69_d0.15_b_w32_seed3.txt,Set Covering,100,Relaxed,2000,false,min,3,0.15093,na,na,242540,374702,3999
set_covering_n100_m69_d0.15_b_w32_seed3.txt,Set Covering,100,Relaxed,5000,false,min,3,0.43631,na,na,573440,887561,9972
set_covering_n100_m69_d0.15_b_w32_seed3.txt,Set Covering,100,Relaxed,10000,false,min,3,1.05160,na,na,1085027,1685496,19913
set_covering_n100_m69_d0.15_b_w32_seed3.txt,Set Covering,100,Relaxed,20000,false,min,4,2.47466,na,na,2006770,3161189,39346
set_covering_n100_m69_d0.15_b_w32_seed4.txt,Set Covering,100,Restricted,500,false,min,9,0.02807,na,na,65734,72527,1000
set_covering_n100_m69_d0.15_b_w32_seed4.txt,Set Covering,100,Restricted,1000,false,min,7,0.05429,na,na,124620,138691,2000
set_covering_n100_m69_d0.15_b_w32_seed4.txt,Set Covering,100,Restricted,2000,false,min,7,0.11018,na,na,240829,269576,4000
set_covering_n100_m69_d0.15_b_w32_seed4.txt,Set Covering,100,Restricted,5000,false,min,7,0.30339,na,na,561837,634352,9989
set_covering_n100_m69_d0.15_b_w32_seed4.txt,Set Covering,100,Restricted,10000,false,min,7,0.69939,na,na,1060220,1206521,19854
set_covering_n100_m69_d0.15_b_w32_seed4.txt,Set Covering,100,Restricted,20000,false,min,7,1.74803,na,na,1992256,2296992,39432
set_covering_n100_m69_d0.15_b_w32_seed4.txt,Set Covering,100,Relaxed,500,false,min,2,0.03592,na,na,66033,100352,1001
set_covering_n100_m69_d0.15_b_w32_seed4.txt,Set Covering,100,Relaxed,1000,false,min,3,0.07111,na,na,124597,190043,1998
set_covering_n100_m69_d0.15_b_w32_seed4.txt,Set Covering,100,Relaxed,2000,false,min,3,0.14526,na,na,240348,368723,3998
set_covering_n100_m69_d0.15_b_w32_seed4.txt,Set Covering,100,Relaxed,5000,false,min,3,0.42216,na,na,561118,866660,9988
set_covering_n100_m69_d0.15_b_w32_seed4.txt,Set Covering,100,Relaxed,10000,false,min,3,0.94215,na,na,1060136,1646494,19853
set_covering_n100_m69_d0.15_b_w32_seed4.txt,Set Covering,100,Relaxed,20000,false,min,4,2.28886,na,na,1992798,3123720,39440
set_covering_n100_m69_d0.25_b_w32_seed1.txt,Set Covering,100,Exact,99999,false,min,4,1.05817,na,na,1302738,2485876,46501
set_covering_n100_m69_d0.25_b_w32_seed1.txt,Set Covering,100,Restricted,500,false,min,4,0.02373,na,na,53120,71637,961
set_covering_n100_m69_d0.25_b_w32_seed1.txt,Set Covering,100,Restricted,1000,false,min,4,0.04475,na,na,94999,134467,1855
set_covering_n100_m69_d0.25_b_w32_seed1.txt,Set Covering,100,Restricted,2000,false,min,4,0.07812,na,na,163422,243633,3562
set_covering_n100_m69_d0.25_b_w32_seed1.txt,Set Covering,100,Restricted,5000,false,min,4,0.18572,na,na,331542,531268,7852
set_covering_n100_m69_d0.25_b_w32_seed1.txt,Set Covering,100,Restricted,10000,false,min,4,0.34486,na,na,543770,922480,14238
set_covering_n100_m69_d0.25_b_w32_seed1.txt,Set Covering,100,Restricted,20000,false,min,4,0.63376,na,na,860664,1547207,25610
set_covering_n100_m69_d0.25_b_w32_seed1.txt,Set Covering,100,Relaxed,500,false,min,2,0.03133,na,na,53186,92206,963
set_covering_n100_m69_d0.25_b_w32_seed1.txt,Set Covering,100,Relaxed,1000,false,min,3,0.06030,na,na,94965,169785,1850
set_covering_n100_m69_d0.25_b_w32_seed1.txt,Set Covering,100,Relaxed,2000,false,min,3,0.11219,na,na,163241,298678,3560
set_covering_n100_m69_d0.25_b_w32_seed1.txt,Set Covering,100,Relaxed,5000,false,min,3,0.26421,na,na,331317,627420,7857
set_covering_n100_m69_d0.25_b_w32_seed1.txt,Set Covering,100,Relaxed,10000,false,min,4,0.49872,na,na,543529,1041801,14234
set_covering_n100_m69_d0.25_b_w32_seed1.txt,Set Covering,100,Relaxed,20000,false,min,4,0.89685,na,na,860644,1646421,25612
set_covering_n100_m69_d0.25_b_w32_seed2.txt,Set Covering,100,Restricted,500,false,min,4,0.02442,na,na,53505,71650,978
set_covering_n100_m69_d0.25_b_w32_seed2.txt,Set Covering,100,Exact,99999,false,min,4,1.39232,na,na,1527109,2900523,96130
set_covering_n100_m69_d0.25_b_w32_seed2.txt,Set Covering,100,Restricted,1000,false,min,4,0.04422,na,na,95350,133417,1853
set_covering_n100_m69_d0.25_b_w32_seed2.txt,Set Covering,100,Restricted,2000,false,min,4,0.07974,na,na,167386,246170,3546
set_covering_n100_m69_d0.25_b_w32_seed2.txt,Set Covering,100,Restricted,5000,false,min,4,0.19787,na,na,346770,546070,8472
set_covering_n100_m69_d0.25_b_w32_seed2.txt,Set Covering,100,Restricted,10000,false,min,4,0.39110,na,na,574342,955634,15360
set_covering_n100_m69_d0.25_b_w32_seed2.txt,Set Covering,100,Restricted,20000,false,min,4,0.61402,na,na,843461,1477444,27835
set_covering_n100_m69_d0.25_b_w32_seed2.txt,Set Covering,100,Relaxed,500,false,min,2,0.03094,na,na,53378,91628,978
set_covering_n100_m69_d0.25_b_w32_seed2.txt,Set Covering,100,Relaxed,1000,false,min,3,0.05947,na,na,95462,168620,1848
set_covering_n100_m69_d0.25_b_w32_seed2.txt,Set Covering,100,Relaxed,2000,false,min,3,0.11274,na,na,167678,303896,3544
set_covering_n100_m69_d0.25_b_w32_seed2.txt,Set Covering,100,Relaxed,5000,false,min,3,0.27758,na,na,347028,644484,8473
set_covering_n100_m69_d0.25_b_w32_seed2.txt,Set Covering,100,Relaxed,10000,false,min,3,0.52866,na,na,574281,1078354,15348
set_covering_n100_m69_d0.25_b_w32_seed2.txt,Set Covering,100,Relaxed,20000,false,min,4,0.84179,na,na,843461,1600004,27835
set_covering_n100_m69_d0.25_b_w32_seed3.txt,Set Covering,100,Exact,99999,false,min,4,1.18417,na,na,1350595,2577955,66177
set_covering_n100_m69_d0.25_b_w32_seed3.txt,Set Covering,100,Restricted,500,false,min,4,0.02349,na,na,52157,68545,995
set_covering_n100_m69_d0.25_b_w32_seed3.txt,Set Covering,100,Restricted,1000,false,min,4,0.04314,na,na,95015,130098,1887
set_covering_n100_m69_d0.25_b_w32_seed3.txt,Set Covering,100,Restricted,2000,false,min,4,0.08041,na,na,167656,243494,3517
set_covering_n100_m69_d0.25_b_w32_seed3.txt,Set Covering,100,Restricted,5000,false,min,4,0.20074,na,na,345846,544315,8094
set_covering_n100_m69_d0.25_b_w32_seed3.txt,Set Covering,100,Restricted,10000,false,min,4,0.39217,na,na,573659,961746,14671
set_covering_n100_m69_d0.25_b_w32_seed3.txt,Set Covering,100,Restricted,20000,false,min,4,0.61383,na,na,828919,1473110,25956
set_covering_n100_m69_d0.25_b_w32_seed3.txt,Set Covering,100,Relaxed,500,false,min,2,0.03024,na,na,51463,87897,993
set_covering_n100_m69_d0.25_b_w32_seed3.txt,Set Covering,100,Relaxed,1000,false,min,3,0.05795,na,na,94977,166452,1886
set_covering_n100_m69_d0.25_b_w32_seed3.txt,Set Covering,100,Relaxed,2000,false,min,3,0.11322,na,na,167675,302520,3516
set_covering_n100_m69_d0.25_b_w32_seed3.txt,Set Covering,100,Relaxed,5000,false,min,3,0.27895,na,na,345703,640938,8107
set_covering_n100_m69_d0.25_b_w32_seed3.txt,Set Covering,100,Relaxed,10000,false,min,3,0.53818,na,na,573578,1083066,14672
set_covering_n100_m69_d0.25_b_w32_seed3.txt,Set Covering,100,Relaxed,20000,false,min,4,0.82816,na,na,828919,1580268,25956
set_covering_n100_m69_d0.25_b_w32_seed4.txt,Set Covering,100,Exact,99999,false,min,4,1.25392,na,na,1418444,2715744,73944
set_covering_n100_m69_d0.25_b_w32_seed4.txt,Set Covering,100,Restricted,500,false,min,4,0.02538,na,na,53318,69348,988
set_covering_n100_m69_d0.25_b_w32_seed4.txt,Set Covering,100,Restricted,1000,false,min,4,0.04389,na,na,96625,132913,1902
set_covering_n100_m69_d0.25_b_w32_seed4.txt,Set Covering,100,Restricted,2000,false,min,4,0.08230,na,na,174214,254906,3665
set_covering_n100_m69_d0.25_b_w32_seed4.txt,Set Covering,100,Restricted,5000,false,min,4,0.19813,na,na,356871,564991,8674
set_covering_n100_m69_d0.25_b_w32_seed4.txt,Set Covering,100,Restricted,10000,false,min,4,0.35491,na,na,568805,951206,15827
set_covering_n100_m69_d0.25_b_w32_seed4.txt,Set Covering,100,Restricted,20000,false,min,4,0.59188,na,na,809845,1417877,28285
set_covering_n100_m69_d0.25_b_w32_seed4.txt,Set Covering,100,Relaxed,500,false,min,2,0.02987,na,na,53378,90696,987
set_covering_n100_m69_d0.25_b_w32_seed4.txt,Set Covering,100,Relaxed,1000,false,min,3,0.05802,na,na,96462,169208,1902
set_covering_n100_m69_d0.25_b_w32_seed4.txt,Set Covering,100,Relaxed,2000,false,min,3,0.11569,na,na,173817,313596,3663
set_covering_n100_m69_d0.25_b_w32_seed4.txt,Set Covering,100,Relaxed,5000,false,min,3,0.27870,na,na,356982,661243,8677
set_covering_n100_m69_d0.25_b_w32_seed4.txt,Set Covering,100,Relaxed,10000,false,min,3,0.49702,na,na,568784,1073351,15832
set_covering_n100_m69_d0.25_b_w32_seed4.txt,Set Covering,100,Relaxed,20000,false,min,4,0.81095,na,na,809845,1547820,28285
set_covering_n100_m69_d0.35_b_w32_seed1.txt,Set Covering,100,Exact,99999,false,min,3,0.01483,na,na,28528,56334,699
set_covering_n100_m69_d0.35_b_w32_seed1.txt,Set Covering,100,Restricted,500,false,min,3,0.01197,na,na,24904,48834,531
set_covering_n100_m69_d0.35_b_w32_seed1.txt,Set Covering,100,Restricted,1000,false,min,3,0.01484,na,na,28528,56334,699
set_covering_n100_m69_d0.35_b_w32_seed1.txt,Set Covering,100,Restricted,2000,false,min,3,0.01468,na,na,28528,56334,699
set_covering_n100_m69_d0.35_b_w32_seed1.txt,Set Covering,100,Restricted,5000,false,min,3,0.01494,na,na,28528,56334,699
set_covering_n100_m69_d0.35_b_w32_seed1.txt,Set Covering,100,Restricted,10000,false,min,3,0.01484,na,na,28528,56334,699
set_covering_n100_m69_d0.35_b_w32_seed1.txt,Set Covering,100,Restricted,20000,false,min,3,0.01488,na,na,28528,56334,699
set_covering_n100_m69_d0.35_b_w32_seed1.txt,Set Covering,100,Relaxed,500,false,min,2,0.01419,na,na,24827,49408,532
set_covering_n100_m69_d0.35_b_w32_seed1.txt,Set Covering,100,Relaxed,1000,false,min,3,0.01494,na,na,28528,56334,699
set_covering_n100_m69_d0.35_b_w32_seed1.txt,Set Covering,100,Relaxed,2000,false,min,3,0.01492,na,na,28528,56334,699
set_covering_n100_m69_d0.35_b_w32_seed1.txt,Set Covering,100,Relaxed,5000,false,min,3,0.01503,na,na,28528,56334,699
set_covering_n100_m69_d0.35_b_w32_seed1.txt,Set Covering,100,Relaxed,10000,false,min,3,0.01549,na,na,28528,56334,699
set_covering_n100_m69_d0.35_b_w32_seed1.txt,Set Covering,100,Relaxed,20000,false,min,3,0.01488,na,na,28528,56334,699
set_covering_n100_m69_d0.35_b_w32_seed2.txt,Set Covering,100,Exact,99999,false,min,3,0.01492,na,na,28528,56334,699
set_covering_n100_m69_d0.35_b_w32_seed2.txt,Set Covering,100,Restricted,500,false,min,3,0.01188,na,na,24904,48834,531
set_covering_n100_m69_d0.35_b_w32_seed2.txt,Set Covering,100,Restricted,1000,false,min,3,0.01487,na,na,28528,56334,699
set_covering_n100_m69_d0.35_b_w32_seed2.txt,Set Covering,100,Restricted,2000,false,min,3,0.01494,na,na,28528,56334,699
set_covering_n100_m69_d0.35_b_w32_seed2.txt,Set Covering,100,Restricted,5000,false,min,3,0.01485,na,na,28528,56334,699
set_covering_n100_m69_d0.35_b_w32_seed2.txt,Set Covering,100,Restricted,10000,false,min,3,0.01490,na,na,28528,56334,699
set_covering_n100_m69_d0.35_b_w32_seed2.txt,Set Covering,100,Restricted,20000,false,min,3,0.01496,na,na,28528,56334,699
set_covering_n100_m69_d0.35_b_w32_seed2.txt,Set Covering,100,Relaxed,500,false,min,2,0.01401,na,na,24827,49408,532
set_covering_n100_m69_d0.35_b_w32_seed2.txt,Set Covering,100,Relaxed,1000,false,min,3,0.01514,na,na,28528,56334,699
set_covering_n100_m69_d0.35_b_w32_seed2.txt,Set Covering,100,Relaxed,2000,false,min,3,0.01490,na,na,28528,56334,699
set_covering_n100_m69_d0.35_b_w32_seed2.txt,Set Covering,100,Relaxed,5000,false,min,3,0.01503,na,na,28528,56334,699
set_covering_n100_m69_d0.35_b_w32_seed2.txt,Set Covering,100,Relaxed,10000,false,min,3,0.01475,na,na,28528,56334,699
set_covering_n100_m69_d0.35_b_w32_seed2.txt,Set Covering,100,Relaxed,20000,false,min,3,0.01485,na,na,28528,56334,699
set_covering_n100_m69_d0.35_b_w32_seed3.txt,Set Covering,100,Exact,99999,false,min,3,0.01485,na,na,28528,56334,699
set_covering_n100_m69_d0.35_b_w32_seed3.txt,Set Covering,100,Restricted,500,false,min,3,0.01184,na,na,24904,48834,531
set_covering_n100_m69_d0.35_b_w32_seed3.txt,Set Covering,100,Restricted,1000,false,min,3,0.01485,na,na,28528,56334,699
set_covering_n100_m69_d0.35_b_w32_seed3.txt,Set Covering,100,Restricted,2000,false,min,3,0.01491,na,na,28528,56334,699
set_covering_n100_m69_d0.35_b_w32_seed3.txt,Set Covering,100,Restricted,5000,false,min,3,0.01482,na,na,28528,56334,699
set_covering_n100_m69_d0.35_b_w32_seed3.txt,Set Covering,100,Restricted,10000,false,min,3,0.01485,na,na,28528,56334,699
set_covering_n100_m69_d0.35_b_w32_seed3.txt,Set Covering,100,Restricted,20000,false,min,3,0.01498,na,na,28528,56334,699
set_covering_n100_m69_d0.35_b_w32_seed3.txt,Set Covering,100,Relaxed,500,false,min,2,0.01427,na,na,24827,49408,532
set_covering_n100_m69_d0.35_b_w32_seed3.txt,Set Covering,100,Relaxed,1000,false,min,3,0.01486,na,na,28528,56334,699
set_covering_n100_m69_d0.35_b_w32_seed3.txt,Set Covering,100,Relaxed,2000,false,min,3,0.01493,na,na,28528,56334,699
set_covering_n100_m69_d0.35_b_w32_seed3.txt,Set Covering,100,Relaxed,5000,false,min,3,0.01481,na,na,28528,56334,699
set_covering_n100_m69_d0.35_b_w32_seed3.txt,Set Covering,100,Relaxed,10000,false,min,3,0.01484,na,na,28528,56334,699
set_covering_n100_m69_d0.35_b_w32_seed3.txt,Set Covering,100,Relaxed,20000,false,min,3,0.01490,na,na,28528,56334,699
set_covering_n100_m69_d0.35_b_w32_seed4.txt,Set Covering,100,Exact,99999,false,min,3,0.01499,na,na,28528,56334,699
set_covering_n100_m69_d0.35_b_w32_seed4.txt,Set Covering,100,Restricted,500,false,min,3,0.01201,na,na,24904,48834,531
set_covering_n100_m69_d0.35_b_w32_seed4.txt,Set Covering,100,Restricted,1000,false,min,3,0.01511,na,na,28528,56334,699
set_covering_n100_m69_d0.35_b_w32_seed4.txt,Set Covering,100,Restricted,2000,false,min,3,0.01624,na,na,28528,56334,699
set_covering_n100_m69_d0.35_b_w32_seed4.txt,Set Covering,100,Restricted,5000,false,min,3,0.01489,na,na,28528,56334,699
set_covering_n100_m69_d0.35_b_w32_seed4.txt,Set Covering,100,Restricted,10000,false,min,3,0.01476,na,na,28528,56334,699
set_covering_n100_m69_d0.35_b_w32_seed4.txt,Set Covering,100,Restricted,20000,false,min,3,0.01487,na,na,28528,56334,699
set_covering_n100_m69_d0.35_b_w32_seed4.txt,Set Covering,100,Relaxed,500,false,min,2,0.01425,na,na,24827,49408,532
set_covering_n100_m69_d0.35_b_w32_seed4.txt,Set Covering,100,Relaxed,1000,false,min,3,0.01529,na,na,28528,56334,699
set_covering_n100_m69_d0.35_b_w32_seed4.txt,Set Covering,100,Relaxed,2000,false,min,3,0.01476,na,na,28528,56334,699
set_covering_n100_m69_d0.35_b_w32_seed4.txt,Set Covering,100,Relaxed,5000,false,min,3,0.01486,na,na,28528,56334,699
set_covering_n100_m69_d0.35_b_w32_seed4.txt,Set Covering,100,Relaxed,10000,false,min,3,0.01481,na,na,28528,56334,699
set_covering_n100_m69_d0.35_b_w32_seed4.txt,Set Covering,100,Relaxed,20000,false,min,3,0.01494,na,na,28528,56334,699
set_covering_n100_m69_d0.45_b_w32_seed1.txt,Set Covering,100,Exact,99999,false,min,3,0.01487,na,na,28528,56334,699
set_covering_n100_m69_d0.45_b_w32_seed1.txt,Set Covering,100,Restricted,500,false,min,3,0.01189,na,na,24904,48834,531
set_covering_n100_m69_d0.45_b_w32_seed1.txt,Set Covering,100,Restricted,1000,false,min,3,0.01651,na,na,28528,56334,699
set_covering_n100_m69_d0.45_b_w32_seed1.txt,Set Covering,100,Restricted,2000,false,min,3,0.01482,na,na,28528,56334,699
set_covering_n100_m69_d0.45_b_w32_seed1.txt,Set Covering,100,Restricted,5000,false,min,3,0.01479,na,na,28528,56334,699
set_covering_n100_m69_d0.45_b_w32_seed1.txt,Set Covering,100,Restricted,10000,false,min,3,0.01501,na,na,28528,56334,699
set_covering_n100_m69_d0.45_b_w32_seed1.txt,Set Covering,100,Restricted,20000,false,min,3,0.01494,na,na,28528,56334,699
set_covering_n100_m69_d0.45_b_w32_seed1.txt,Set Covering,100,Relaxed,500,false,min,2,0.01405,na,na,24827,49408,532
set_covering_n100_m69_d0.45_b_w32_seed1.txt,Set Covering,100,Relaxed,1000,false,min,3,0.01485,na,na,28528,56334,699
set_covering_n100_m69_d0.45_b_w32_seed1.txt,Set Covering,100,Relaxed,2000,false,min,3,0.01490,na,na,28528,56334,699
set_covering_n100_m69_d0.45_b_w32_seed1.txt,Set Covering,100,Relaxed,5000,false,min,3,0.01479,na,na,28528,56334,699
set_covering_n100_m69_d0.45_b_w32_seed1.txt,Set Covering,100,Relaxed,10000,false,min,3,0.01465,na,na,28528,56334,699
set_covering_n100_m69_d0.45_b_w32_seed1.txt,Set Covering,100,Relaxed,20000,false,min,3,0.01495,na,na,28528,56334,699
set_covering_n100_m69_d0.45_b_w32_seed2.txt,Set Covering,100,Exact,99999,false,min,3,0.01481,na,na,28528,56334,699
set_covering_n100_m69_d0.45_b_w32_seed2.txt,Set Covering,100,Restricted,500,false,min,3,0.01186,na,na,24904,48834,531
set_covering_n100_m69_d0.45_b_w32_seed2.txt,Set Covering,100,Restricted,1000,false,min,3,0.01487,na,na,28528,56334,699
set_covering_n100_m69_d0.45_b_w32_seed2.txt,Set Covering,100,Restricted,2000,false,min,3,0.01469,na,na,28528,56334,699
set_covering_n100_m69_d0.45_b_w32_seed2.txt,Set Covering,100,Restricted,5000,false,min,3,0.01492,na,na,28528,56334,699
set_covering_n100_m69_d0.45_b_w32_seed2.txt,Set Covering,100,Restricted,10000,false,min,3,0.01483,na,na,28528,56334,699
set_covering_n100_m69_d0.45_b_w32_seed2.txt,Set Covering,100,Restricted,20000,false,min,3,0.01498,na,na,28528,56334,699
set_covering_n100_m69_d0.45_b_w32_seed2.txt,Set Covering,100,Relaxed,500,false,min,2,0.01415,na,na,24827,49408,532
set_covering_n100_m69_d0.45_b_w32_seed2.txt,Set Covering,100,Relaxed,1000,false,min,3,0.01493,na,na,28528,56334,699
set_covering_n100_m69_d0.45_b_w32_seed2.txt,Set Covering,100,Relaxed,2000,false,min,3,0.01496,na,na,28528,56334,699
set_covering_n100_m69_d0.45_b_w32_seed2.txt,Set Covering,100,Relaxed,5000,false,min,3,0.01498,na,na,28528,56334,699
set_covering_n100_m69_d0.45_b_w32_seed2.txt,Set Covering,100,Relaxed,10000,false,min,3,0.01497,na,na,28528,56334,699
set_covering_n100_m69_d0.45_b_w32_seed2.txt,Set Covering,100,Relaxed,20000,false,min,3,0.01494,na,na,28528,56334,699
set_covering_n100_m69_d0.45_b_w32_seed3.txt,Set Covering,100,Exact,99999,false,min,3,0.01492,na,na,28528,56334,699
set_covering_n100_m69_d0.45_b_w32_seed3.txt,Set Covering,100,Restricted,500,false,min,3,0.01197,na,na,24904,48834,531
set_covering_n100_m69_d0.45_b_w32_seed3.txt,Set Covering,100,Restricted,1000,false,min,3,0.01482,na,na,28528,56334,699
set_covering_n100_m69_d0.45_b_w32_seed3.txt,Set Covering,100,Restricted,2000,false,min,3,0.01499,na,na,28528,56334,699
set_covering_n100_m69_d0.45_b_w32_seed3.txt,Set Covering,100,Restricted,5000,false,min,3,0.01492,na,na,28528,56334,699
set_covering_n100_m69_d0.45_b_w32_seed3.txt,Set Covering,100,Restricted,10000,false,min,3,0.01485,na,na,28528,56334,699
set_covering_n100_m69_d0.45_b_w32_seed3.txt,Set Covering,100,Restricted,20000,false,min,3,0.01520,na,na,28528,56334,699
set_covering_n100_m69_d0.45_b_w32_seed3.txt,Set Covering,100,Relaxed,500,false,min,2,0.01437,na,na,24827,49408,532
set_covering_n100_m69_d0.45_b_w32_seed3.txt,Set Covering,100,Relaxed,1000,false,min,3,0.01512,na,na,28528,56334,699
set_covering_n100_m69_d0.45_b_w32_seed3.txt,Set Covering,100,Relaxed,2000,false,min,3,0.01486,na,na,28528,56334,699
set_covering_n100_m69_d0.45_b_w32_seed3.txt,Set Covering,100,Relaxed,5000,false,min,3,0.01604,na,na,28528,56334,699
set_covering_n100_m69_d0.45_b_w32_seed3.txt,Set Covering,100,Relaxed,10000,false,min,3,0.01476,na,na,28528,56334,699
set_covering_n100_m69_d0.45_b_w32_seed3.txt,Set Covering,100,Relaxed,20000,false,min,3,0.01479,na,na,28528,56334,699
set_covering_n100_m69_d0.45_b_w32_seed4.txt,Set Covering,100,Exact,99999,false,min,3,0.01490,na,na,28528,56334,699
set_covering_n100_m69_d0.45_b_w32_seed4.txt,Set Covering,100,Restricted,500,false,min,3,0.01193,na,na,24904,48834,531
set_covering_n100_m69_d0.45_b_w32_seed4.txt,Set Covering,100,Restricted,1000,false,min,3,0.01485,na,na,28528,56334,699
set_covering_n100_m69_d0.45_b_w32_seed4.txt,Set Covering,100,Restricted,2000,false,min,3,0.01476,na,na,28528,56334,699
set_covering_n100_m69_d0.45_b_w32_seed4.txt,Set Covering,100,Restricted,5000,false,min,3,0.01497,na,na,28528,56334,699
set_covering_n100_m69_d0.45_b_w32_seed4.txt,Set Covering,100,Restricted,10000,false,min,3,0.01563,na,na,28528,56334,699
set_covering_n100_m69_d0.45_b_w32_seed4.txt,Set Covering,100,Restricted,20000,false,min,3,0.01485,na,na,28528,56334,699
set_covering_n100_m69_d0.45_b_w32_seed4.txt,Set Covering,100,Relaxed,500,false,min,2,0.01397,na,na,24827,49408,532
set_covering_n100_m69_d0.45_b_w32_seed4.txt,Set Covering,100,Relaxed,1000,false,min,3,0.01497,na,na,28528,56334,699
set_covering_n100_m69_d0.45_b_w32_seed4.txt,Set Covering,100,Relaxed,2000,false,min,3,0.01495,na,na,28528,56334,699
set_covering_n100_m69_d0.45_b_w32_seed4.txt,Set Covering,100,Relaxed,5000,false,min,3,0.01478,na,na,28528,56334,699
set_covering_n100_m69_d0.45_b_w32_seed4.txt,Set Covering,100,Relaxed,10000,false,min,3,0.01516,na,na,28528,56334,699
set_covering_n100_m69_d0.45_b_w32_seed4.txt,Set Covering,100,Relaxed,20000,false,min,3,0.01491,na,na,28528,56334,699
set_covering_n100_m72_d0.1_b_w29_seed1.txt,Set Covering,100,Restricted,500,false,min,15,0.02786,na,na,63604,67244,1000
set_covering_n100_m72_d0.1_b_w29_seed1.txt,Set Covering,100,Restricted,1000,false,min,15,0.05185,na,na,125406,133596,2000
set_covering_n100_m72_d0.1_b_w29_seed1.txt,Set Covering,100,Restricted,2000,false,min,15,0.10818,na,na,243590,261134,4000
set_covering_n100_m72_d0.1_b_w29_seed1.txt,Set Covering,100,Restricted,5000,false,min,14,0.30504,na,na,582952,632598,10000
set_covering_n100_m72_d0.1_b_w29_seed1.txt,Set Covering,100,Restricted,10000,false,min,13,0.71152,na,na,1123767,1241114,19999
set_covering_n100_m72_d0.1_b_w29_seed1.txt,Set Covering,100,Relaxed,500,false,min,3,0.03271,na,na,63504,93728,1001
set_covering_n100_m72_d0.1_b_w29_seed1.txt,Set Covering,100,Restricted,20000,false,min,13,1.77840,na,na,2165159,2412897,39993
set_covering_n100_m72_d0.1_b_w29_seed1.txt,Set Covering,100,Relaxed,1000,false,min,3,0.06591,na,na,124795,185275,2000
set_covering_n100_m72_d0.1_b_w29_seed1.txt,Set Covering,100,Relaxed,2000,false,min,3,0.14204,na,na,243369,361671,4001
set_covering_n100_m72_d0.1_b_w29_seed1.txt,Set Covering,100,Relaxed,5000,false,min,4,0.40420,na,na,582863,872343,10000
set_covering_n100_m72_d0.1_b_w29_seed1.txt,Set Covering,100,Relaxed,10000,false,min,4,0.92719,na,na,1123823,1698655,20000
set_covering_n100_m72_d0.1_b_w29_seed2.txt,Set Covering,100,Restricted,500,false,min,13,0.02630,na,na,61449,69193,1000
set_covering_n100_m72_d0.1_b_w29_seed1.txt,Set Covering,100,Relaxed,20000,false,min,4,2.24650,na,na,2165469,3289482,39990
set_covering_n100_m72_d0.1_b_w29_seed2.txt,Set Covering,100,Restricted,1000,false,min,13,0.04984,na,na,121695,135137,2000
set_covering_n100_m72_d0.1_b_w29_seed2.txt,Set Covering,100,Restricted,2000,false,min,13,0.10699,na,na,240208,264067,4000
set_covering_n100_m72_d0.1_b_w29_seed2.txt,Set Covering,100,Restricted,5000,false,min,13,0.29935,na,na,573144,637801,10000
set_covering_n100_m72_d0.1_b_w29_seed2.txt,Set Covering,100,Restricted,10000,false,min,13,0.66901,na,na,1095839,1230711,20000
set_covering_n100_m72_d0.1_b_w29_seed2.txt,Set Covering,100,Relaxed,500,false,min,3,0.03258,na,na,61260,92652,1001
set_covering_n100_m72_d0.1_b_w29_seed2.txt,Set Covering,100,Restricted,20000,false,min,12,1.63860,na,na,2097213,2386153,39994
set_covering_n100_m72_d0.1_b_w29_seed2.txt,Set Covering,100,Relaxed,1000,false,min,4,0.06592,na,na,122027,183845,2001
set_covering_n100_m72_d0.1_b_w29_seed2.txt,Set Covering,100,Relaxed,2000,false,min,4,0.14200,na,na,239979,360991,4001
set_covering_n100_m72_d0.1_b_w29_seed2.txt,Set Covering,100,Relaxed,5000,false,min,4,0.39972,na,na,573585,863659,10001
set_covering_n100_m72_d0.1_b_w29_seed2.txt,Set Covering,100,Relaxed,10000,false,min,4,0.90158,na,na,1096163,1654106,20001
set_covering_n100_m72_d0.1_b_w29_seed2.txt,Set Covering,100,Relaxed,20000,false,min,5,2.19988,na,na,2096961,3186600,39994
set_covering_n100_m72_d0.1_b_w29_seed3.txt,Set Covering,100,Restricted,500,false,min,14,0.02600,na,na,64165,71235,1000
set_covering_n100_m72_d0.1_b_w29_seed3.txt,Set Covering,100,Restricted,1000,false,min,13,0.05393,na,na,125428,140034,2000
set_covering_n100_m72_d0.1_b_w29_seed3.txt,Set Covering,100,Restricted,2000,false,min,13,0.10557,na,na,245832,272196,4000
set_covering_n100_m72_d0.1_b_w29_seed3.txt,Set Covering,100,Restricted,5000,false,min,13,0.30348,na,na,582848,648824,10000
set_covering_n100_m72_d0.1_b_w29_seed3.txt,Set Covering,100,Restricted,10000,false,min,12,0.67756,na,na,1116913,1247618,19998
set_covering_n100_m72_d0.1_b_w29_seed3.txt,Set Covering,100,Relaxed,500,false,min,3,0.03271,na,na,62756,95100,1001
set_covering_n100_m72_d0.1_b_w29_seed3.txt,Set Covering,100,Restricted,20000,false,min,12,1.71109,na,na,2127343,2388072,39989
set_covering_n100_m72_d0.1_b_w29_seed3.txt,Set Covering,100,Relaxed,1000,false,min,3,0.06554,na,na,125485,189387,2001
set_covering_n100_m72_d0.1_b_w29_seed3.txt,Set Covering,100,Relaxed,2000,false,min,3,0.14305,na,na,245483,369296,4001
set_covering_n100_m72_d0.1_b_w29_seed3.txt,Set Covering,100,Relaxed,5000,false,min,4,0.40193,na,na,582842,877975,9999
set_covering_n100_m72_d0.1_b_w29_seed3.txt,Set Covering,100,Relaxed,10000,false,min,4,0.94602,na,na,1118421,1688922,19996
set_covering_n100_m72_d0.1_b_w29_seed3.txt,Set Covering,100,Relaxed,20000,false,min,4,2.23899,na,na,2127120,3226294,39987
set_covering_n100_m72_d0.1_b_w29_seed4.txt,Set Covering,100,Restricted,500,false,min,13,0.02577,na,na,63160,68022,1000
set_covering_n100_m72_d0.1_b_w29_seed4.txt,Set Covering,100,Restricted,1000,false,min,13,0.05000,na,na,122478,131884,2000
set_covering_n100_m72_d0.1_b_w29_seed4.txt,Set Covering,100,Restricted,2000,false,min,13,0.10499,na,na,238550,258464,4000
set_covering_n100_m72_d0.1_b_w29_seed4.txt,Set Covering,100,Restricted,5000,false,min,12,0.30141,na,na,569438,624851,10000
set_covering_n100_m72_d0.1_b_w29_seed4.txt,Set Covering,100,Restricted,10000,false,min,12,0.69238,na,na,1103905,1215702,19997
set_covering_n100_m72_d0.1_b_w29_seed4.txt,Set Covering,100,Restricted,20000,false,min,12,1.70758,na,na,2110842,2346520,39962
set_covering_n100_m72_d0.1_b_w29_seed4.txt,Set Covering,100,Relaxed,500,false,min,3,0.03247,na,na,62714,94080,1001
set_covering_n100_m72_d0.1_b_w29_seed4.txt,Set Covering,100,Relaxed,1000,false,min,3,0.06429,na,na,122024,182570,2001
set_covering_n100_m72_d0.1_b_w29_seed4.txt,Set Covering,100,Relaxed,2000,false,min,3,0.14113,na,na,238434,357023,4001
set_covering_n100_m72_d0.1_b_w29_seed4.txt,Set Covering,100,Relaxed,5000,false,min,4,0.39465,na,na,570252,859632,10001
set_covering_n100_m72_d0.1_b_w29_seed4.txt,Set Covering,100,Relaxed,10000,false,min,4,0.89229,na,na,1103800,1669189,19995
set_covering_n100_m72_d0.1_b_w29_seed4.txt,Set Covering,100,Relaxed,20000,false,min,4,2.27089,na,na,2111722,3210428,39961
set_covering_n100_m72_d0.2_b_w29_seed1.txt,Set Covering,100,Exact,99999,false,min,5,13.13757,na,na,9961144,18499086,937723
set_covering_n100_m72_d0.2_b_w29_seed1.txt,Set Covering,100,Restricted,500,false,min,7,0.02718,na,na,61869,73640,998
set_covering_n100_m72_d0.2_b_w29_seed1.txt,Set Covering,100,Restricted,1000,false,min,6,0.05374,na,na,114620,141857,1994
set_covering_n100_m72_d0.2_b_w29_seed1.txt,Set Covering,100,Restricted,2000,false,min,6,0.10015,na,na,211125,274113,3949
set_covering_n100_m72_d0.2_b_w29_seed1.txt,Set Covering,100,Restricted,5000,false,min,6,0.25984,na,na,471583,646678,9691
set_covering_n100_m72_d0.2_b_w29_seed1.txt,Set Covering,100,Restricted,10000,false,min,6,0.52907,na,na,837322,1205447,18879
set_covering_n100_m72_d0.2_b_w29_seed1.txt,Set Covering,100,Restricted,20000,false,min,5,1.08384,na,na,1427829,2149533,36111
set_covering_n100_m72_d0.2_b_w29_seed1.txt,Set Covering,100,Relaxed,500,false,min,2,0.03576,na,na,61838,99748,996
set_covering_n100_m72_d0.2_b_w29_seed1.txt,Set Covering,100,Relaxed,1000,false,min,3,0.06813,na,na,114430,187513,1992
set_covering_n100_m72_d0.2_b_w29_seed1.txt,Set Covering,100,Relaxed,2000,false,min,3,0.13952,na,na,210992,353828,3949
set_covering_n100_m72_d0.2_b_w29_seed1.txt,Set Covering,100,Relaxed,5000,false,min,3,0.37259,na,na,471511,810957,9691
set_covering_n100_m72_d0.2_b_w29_seed1.txt,Set Covering,100,Relaxed,10000,false,min,3,0.76175,na,na,837484,1469239,18878
set_covering_n100_m72_d0.2_b_w29_seed1.txt,Set Covering,100,Relaxed,20000,false,min,4,1.56369,na,na,1427928,2541301,36110
set_covering_n100_m72_d0.2_b_w29_seed2.txt,Set Covering,100,Exact,99999,false,min,5,17.32097,na,na,12920895,24075578,913491
set_covering_n100_m72_d0.2_b_w29_seed2.txt,Set Covering,100,Restricted,500,false,min,6,0.02709,na,na,59884,70753,998
set_covering_n100_m72_d0.2_b_w29_seed2.txt,Set Covering,100,Restricted,1000,false,min,6,0.05064,na,na,112545,136127,1984
set_covering_n100_m72_d0.2_b_w29_seed2.txt,Set Covering,100,Restricted,2000,false,min,6,0.10107,na,na,209069,261658,3969
set_covering_n100_m72_d0.2_b_w29_seed2.txt,Set Covering,100,Restricted,5000,false,min,5,0.25722,na,na,456090,593824,9682
set_covering_n100_m72_d0.2_b_w29_seed2.txt,Set Covering,100,Restricted,10000,false,min,5,0.56750,na,na,812927,1092571,18620
set_covering_n100_m72_d0.2_b_w29_seed2.txt,Set Covering,100,Restricted,20000,false,min,5,1.31702,na,na,1431312,2018406,35695
set_covering_n100_m72_d0.2_b_w29_seed2.txt,Set Covering,100,Relaxed,500,false,min,2,0.03417,na,na,59873,95724,997
set_covering_n100_m72_d0.2_b_w29_seed2.txt,Set Covering,100,Relaxed,1000,false,min,3,0.06846,na,na,112414,182225,1980
set_covering_n100_m72_d0.2_b_w29_seed2.txt,Set Covering,100,Relaxed,2000,false,min,3,0.13639,na,na,208857,343737,3966
set_covering_n100_m72_d0.2_b_w29_seed2.txt,Set Covering,100,Relaxed,5000,false,min,3,0.35192,na,na,455496,766213,9681
set_covering_n100_m72_d0.2_b_w29_seed2.txt,Set Covering,100,Relaxed,10000,false,min,3,0.76900,na,na,813682,1399616,18604
set_covering_n100_m72_d0.2_b_w29_seed2.txt,Set Covering,100,Relaxed,20000,false,min,4,1.67946,na,na,1431390,2523164,35670
set_covering_n100_m72_d0.2_b_w29_seed3.txt,Set Covering,100,Exact,99999,false,min,5,31.51167,na,na,21543641,40098970,2032187
set_covering_n100_m72_d0.2_b_w29_seed3.txt,Set Covering,100,Restricted,500,false,min,7,0.02700,na,na,61076,71222,999
set_covering_n100_m72_d0.2_b_w29_seed3.txt,Set Covering,100,Restricted,1000,false,min,7,0.05019,na,na,114079,135916,1989
set_covering_n100_m72_d0.2_b_w29_seed3.txt,Set Covering,100,Restricted,2000,false,min,6,0.09894,na,na,214577,266506,3939
set_covering_n100_m72_d0.2_b_w29_seed3.txt,Set Covering,100,Restricted,5000,false,min,6,0.25999,na,na,476696,617592,9717
set_covering_n100_m72_d0.2_b_w29_seed3.txt,Set Covering,100,Restricted,10000,false,min,6,0.54773,na,na,836744,1116572,19193
set_covering_n100_m72_d0.2_b_w29_seed3.txt,Set Covering,100,Restricted,20000,false,min,6,1.21303,na,na,1428101,1974225,36390
set_covering_n100_m72_d0.2_b_w29_seed3.txt,Set Covering,100,Relaxed,500,false,min,2,0.03341,na,na,61006,96255,999
set_covering_n100_m72_d0.2_b_w29_seed3.txt,Set Covering,100,Relaxed,1000,false,min,2,0.06511,na,na,114145,182140,1988
set_covering_n100_m72_d0.2_b_w29_seed3.txt,Set Covering,100,Relaxed,2000,false,min,3,0.13691,na,na,214510,350077,3937
set_covering_n100_m72_d0.2_b_w29_seed3.txt,Set Covering,100,Relaxed,5000,false,min,3,0.35021,na,na,476667,795907,9723
set_covering_n100_m72_d0.2_b_w29_seed3.txt,Set Covering,100,Relaxed,10000,false,min,3,0.74826,na,na,836884,1420881,19192
set_covering_n100_m72_d0.2_b_w29_seed3.txt,Set Covering,100,Relaxed,20000,false,min,3,1.58227,na,na,1427690,2464465,36357
set_covering_n100_m72_d0.2_b_w29_seed4.txt,Set Covering,100,Exact,99999,false,min,5,19.59293,na,na,14236713,26498033,1232617
set_covering_n100_m72_d0.2_b_w29_seed4.txt,Set Covering,100,Restricted,500,false,min,6,0.02633,na,na,61856,74767,1000
set_covering_n100_m72_d0.2_b_w29_seed4.txt,Set Covering,100,Restricted,1000,false,min,6,0.04895,na,na,114859,140971,1985
set_covering_n100_m72_d0.2_b_w29_seed4.txt,Set Covering,100,Restricted,2000,false,min,6,0.09624,na,na,210346,267739,3959
set_covering_n100_m72_d0.2_b_w29_seed4.txt,Set Covering,100,Restricted,5000,false,min,6,0.24677,na,na,459893,609358,9697
set_covering_n100_m72_d0.2_b_w29_seed4.txt,Set Covering,100,Restricted,10000,false,min,6,0.51698,na,na,807079,1105786,18997
set_covering_n100_m72_d0.2_b_w29_seed4.txt,Set Covering,100,Restricted,20000,false,min,5,1.10027,na,na,1354083,1920441,35866
set_covering_n100_m72_d0.2_b_w29_seed4.txt,Set Covering,100,Relaxed,500,false,min,2,0.03386,na,na,61812,99080,998
set_covering_n100_m72_d0.2_b_w29_seed4.txt,Set Covering,100,Relaxed,1000,false,min,2,0.06575,na,na,114975,186155,1984
set_covering_n100_m72_d0.2_b_w29_seed4.txt,Set Covering,100,Relaxed,2000,false,min,3,0.13296,na,na,210240,346091,3957
set_covering_n100_m72_d0.2_b_w29_seed4.txt,Set Covering,100,Relaxed,5000,false,min,3,0.34649,na,na,459785,772030,9694
set_covering_n100_m72_d0.2_b_w29_seed4.txt,Set Covering,100,Relaxed,10000,false,min,3,0.73265,na,na,807218,1383363,18990
set_covering_n100_m72_d0.2_b_w29_seed4.txt,Set Covering,100,Relaxed,20000,false,min,4,1.47501,na,na,1353449,2364990,35863
set_covering_n100_m72_d0.3_b_w29_seed1.txt,Set Covering,100,Exact,99999,false,min,3,0.01554,na,na,29319,57766,750
set_covering_n100_m72_d0.3_b_w29_seed1.txt,Set Covering,100,Restricted,500,false,min,3,0.01187,na,na,23086,44949,526
set_covering_n100_m72_d0.3_b_w29_seed1.txt,Set Covering,100,Restricted,1000,false,min,3,0.01573,na,na,29319,57766,750
set_covering_n100_m72_d0.3_b_w29_seed1.txt,Set Covering,100,Restricted,2000,false,min,3,0.01548,na,na,29319,57766,750
set_covering_n100_m72_d0.3_b_w29_seed1.txt,Set Covering,100,Restricted,5000,false,min,3,0.01631,na,na,29319,57766,750
set_covering_n100_m72_d0.3_b_w29_seed1.txt,Set Covering,100,Restricted,10000,false,min,3,0.01554,na,na,29319,57766,750
set_covering_n100_m72_d0.3_b_w29_seed1.txt,Set Covering,100,Restricted,20000,false,min,3,0.01557,na,na,29319,57766,750
set_covering_n100_m72_d0.3_b_w29_seed1.txt,Set Covering,100,Relaxed,500,false,min,2,0.01367,na,na,22954,47353,527
set_covering_n100_m72_d0.3_b_w29_seed1.txt,Set Covering,100,Relaxed,1000,false,min,3,0.01565,na,na,29319,57766,750
set_covering_n100_m72_d0.3_b_w29_seed1.txt,Set Covering,100,Relaxed,2000,false,min,3,0.01568,na,na,29319,57766,750
set_covering_n100_m72_d0.3_b_w29_seed1.txt,Set Covering,100,Relaxed,5000,false,min,3,0.01581,na,na,29319,57766,750
set_covering_n100_m72_d0.3_b_w29_seed1.txt,Set Covering,100,Relaxed,10000,false,min,3,0.01581,na,na,29319,57766,750
set_covering_n100_m72_d0.3_b_w29_seed1.txt,Set Covering,100,Relaxed,20000,false,min,3,0.01573,na,na,29319,57766,750
set_covering_n100_m72_d0.3_b_w29_seed2.txt,Set Covering,100,Exact,99999,false,min,3,0.01555,na,na,29319,57766,750
set_covering_n100_m72_d0.3_b_w29_seed2.txt,Set Covering,100,Restricted,500,false,min,3,0.01183,na,na,23086,44949,526
set_covering_n100_m72_d0.3_b_w29_seed2.txt,Set Covering,100,Restricted,1000,false,min,3,0.01554,na,na,29319,57766,750
set_covering_n100_m72_d0.3_b_w29_seed2.txt,Set Covering,100,Restricted,2000,false,min,3,0.01548,na,na,29319,57766,750
set_covering_n100_m72_d0.3_b_w29_seed2.txt,Set Covering,100,Restricted,5000,false,min,3,0.01575,na,na,29319,57766,750
set_covering_n100_m72_d0.3_b_w29_seed2.txt,Set Covering,100,Restricted,10000,false,min,3,0.01549,na,na,29319,57766,750
set_covering_n100_m72_d0.3_b_w29_seed2.txt,Set Covering,100,Restricted,20000,false,min,3,0.01542,na,na,29319,57766,750
set_covering_n100_m72_d0.3_b_w29_seed2.txt,Set Covering,100,Relaxed,500,false,min,2,0.01350,na,na,22954,47353,527
set_covering_n100_m72_d0.3_b_w29_seed2.txt,Set Covering,100,Relaxed,1000,false,min,3,0.01546,na,na,29319,57766,750
set_covering_n100_m72_d0.3_b_w29_seed2.txt,Set Covering,100,Relaxed,2000,false,min,3,0.01551,na,na,29319,57766,750
set_covering_n100_m72_d0.3_b_w29_seed2.txt,Set Covering,100,Relaxed,5000,false,min,3,0.01560,na,na,29319,57766,750
set_covering_n100_m72_d0.3_b_w29_seed2.txt,Set Covering,100,Relaxed,10000,false,min,3,0.01559,na,na,29319,57766,750
set_covering_n100_m72_d0.3_b_w29_seed2.txt,Set Covering,100,Relaxed,20000,false,min,3,0.01673,na,na,29319,57766,750
set_covering_n100_m72_d0.3_b_w29_seed3.txt,Set Covering,100,Exact,99999,false,min,3,0.01557,na,na,29319,57766,750
set_covering_n100_m72_d0.3_b_w29_seed3.txt,Set Covering,100,Restricted,500,false,min,3,0.01164,na,na,23086,44949,526
set_covering_n100_m72_d0.3_b_w29_seed3.txt,Set Covering,100,Restricted,1000,false,min,3,0.01542,na,na,29319,57766,750
set_covering_n100_m72_d0.3_b_w29_seed3.txt,Set Covering,100,Restricted,2000,false,min,3,0.01545,na,na,29319,57766,750
set_covering_n100_m72_d0.3_b_w29_seed3.txt,Set Covering,100,Restricted,5000,false,min,3,0.01548,na,na,29319,57766,750
set_covering_n100_m72_d0.3_b_w29_seed3.txt,Set Covering,100,Restricted,10000,false,min,3,0.01544,na,na,29319,57766,750
set_covering_n100_m72_d0.3_b_w29_seed3.txt,Set Covering,100,Restricted,20000,false,min,3,0.01551,na,na,29319,57766,750
set_covering_n100_m72_d0.3_b_w29_seed3.txt,Set Covering,100,Relaxed,500,false,min,2,0.01387,na,na,22954,47353,527
set_covering_n100_m72_d0.3_b_w29_seed3.txt,Set Covering,100,Relaxed,1000,false,min,3,0.01589,na,na,29319,57766,750
set_covering_n100_m72_d0.3_b_w29_seed3.txt,Set Covering,100,Relaxed,2000,false,min,3,0.01544,na,na,29319,57766,750
set_covering_n100_m72_d0.3_b_w29_seed3.txt,Set Covering,100,Relaxed,5000,false,min,3,0.01550,na,na,29319,57766,750
set_covering_n100_m72_d0.3_b_w29_seed3.txt,Set Covering,100,Relaxed,10000,false,min,3,0.01543,na,na,29319,57766,750
set_covering_n100_m72_d0.3_b_w29_seed3.txt,Set Covering,100,Relaxed,20000,false,min,3,0.01590,na,na,29319,57766,750
set_covering_n100_m72_d0.3_b_w29_seed4.txt,Set Covering,100,Exact,99999,false,min,3,0.01533,na,na,29319,57766,750
set_covering_n100_m72_d0.3_b_w29_seed4.txt,Set Covering,100,Restricted,500,false,min,3,0.01159,na,na,23086,44949,526
set_covering_n100_m72_d0.3_b_w29_seed4.txt,Set Covering,100,Restricted,1000,false,min,3,0.01549,na,na,29319,57766,750
set_covering_n100_m72_d0.3_b_w29_seed4.txt,Set Covering,100,Restricted,2000,false,min,3,0.01538,na,na,29319,57766,750
set_covering_n100_m72_d0.3_b_w29_seed4.txt,Set Covering,100,Restricted,5000,false,min,3,0.01537,na,na,29319,57766,750
set_covering_n100_m72_d0.3_b_w29_seed4.txt,Set Covering,100,Restricted,10000,false,min,3,0.01535,na,na,29319,57766,750
set_covering_n100_m72_d0.3_b_w29_seed4.txt,Set Covering,100,Restricted,20000,false,min,3,0.01543,na,na,29319,57766,750
set_covering_n100_m72_d0.3_b_w29_seed4.txt,Set Covering,100,Relaxed,500,false,min,2,0.01382,na,na,22954,47353,527
set_covering_n100_m72_d0.3_b_w29_seed4.txt,Set Covering,100,Relaxed,1000,false,min,3,0.01554,na,na,29319,57766,750
set_covering_n100_m72_d0.3_b_w29_seed4.txt,Set Covering,100,Relaxed,2000,false,min,3,0.01550,na,na,29319,57766,750
set_covering_n100_m72_d0.3_b_w29_seed4.txt,Set Covering,100,Relaxed,5000,false,min,3,0.01541,na,na,29319,57766,750
set_covering_n100_m72_d0.3_b_w29_seed4.txt,Set Covering,100,Relaxed,10000,false,min,3,0.01538,na,na,29319,57766,750
set_covering_n100_m72_d0.3_b_w29_seed4.txt,Set Covering,100,Relaxed,20000,false,min,3,0.01557,na,na,29319,57766,750
set_covering_n100_m72_d0.4_b_w29_seed1.txt,Set Covering,100,Exact,99999,false,min,3,0.01550,na,na,29319,57766,750
set_covering_n100_m72_d0.4_b_w29_seed1.txt,Set Covering,100,Restricted,500,false,min,3,0.01151,na,na,23086,44949,526
set_covering_n100_m72_d0.4_b_w29_seed1.txt,Set Covering,100,Restricted,1000,false,min,3,0.01550,na,na,29319,57766,750
set_covering_n100_m72_d0.4_b_w29_seed1.txt,Set Covering,100,Restricted,2000,false,min,3,0.01540,na,na,29319,57766,750
set_covering_n100_m72_d0.4_b_w29_seed1.txt,Set Covering,100,Restricted,5000,false,min,3,0.01591,na,na,29319,57766,750
set_covering_n100_m72_d0.4_b_w29_seed1.txt,Set Covering,100,Restricted,10000,false,min,3,0.01572,na,na,29319,57766,750
set_covering_n100_m72_d0.4_b_w29_seed1.txt,Set Covering,100,Restricted,20000,false,min,3,0.01565,na,na,29319,57766,750
set_covering_n100_m72_d0.4_b_w29_seed1.txt,Set Covering,100,Relaxed,500,false,min,2,0.01390,na,na,22954,47353,527
set_covering_n100_m72_d0.4_b_w29_seed1.txt,Set Covering,100,Relaxed,1000,false,min,3,0.01574,na,na,29319,57766,750
set_covering_n100_m72_d0.4_b_w29_seed1.txt,Set Covering,100,Relaxed,2000,false,min,3,0.01567,na,na,29319,57766,750
set_covering_n100_m72_d0.4_b_w29_seed1.txt,Set Covering,100,Relaxed,5000,false,min,3,0.01559,na,na,29319,57766,750
set_covering_n100_m72_d0.4_b_w29_seed1.txt,Set Covering,100,Relaxed,10000,false,min,3,0.01573,na,na,29319,57766,750
set_covering_n100_m72_d0.4_b_w29_seed1.txt,Set Covering,100,Relaxed,20000,false,min,3,0.01571,na,na,29319,57766,750
set_covering_n100_m72_d0.4_b_w29_seed2.txt,Set Covering,100,Exact,99999,false,min,3,0.01578,na,na,29319,57766,750
set_covering_n100_m72_d0.4_b_w29_seed2.txt,Set Covering,100,Restricted,500,false,min,3,0.01170,na,na,23086,44949,526
set_covering_n100_m72_d0.4_b_w29_seed2.txt,Set Covering,100,Restricted,1000,false,min,3,0.01575,na,na,29319,57766,750
set_covering_n100_m72_d0.4_b_w29_seed2.txt,Set Covering,100,Restricted,2000,false,min,3,0.01557,na,na,29319,57766,750
set_covering_n100_m72_d0.4_b_w29_seed2.txt,Set Covering,100,Restricted,5000,false,min,3,0.01550,na,na,29319,57766,750
set_covering_n100_m72_d0.4_b_w29_seed2.txt,Set Covering,100,Restricted,10000,false,min,3,0.01567,na,na,29319,57766,750
set_covering_n100_m72_d0.4_b_w29_seed2.txt,Set Covering,100,Restricted,20000,false,min,3,0.01611,na,na,29319,57766,750
set_covering_n100_m72_d0.4_b_w29_seed2.txt,Set Covering,100,Relaxed,500,false,min,2,0.01369,na,na,22954,47353,527
set_covering_n100_m72_d0.4_b_w29_seed2.txt,Set Covering,100,Relaxed,1000,false,min,3,0.01564,na,na,29319,57766,750
set_covering_n100_m72_d0.4_b_w29_seed2.txt,Set Covering,100,Relaxed,2000,false,min,3,0.01567,na,na,29319,57766,750
set_covering_n100_m72_d0.4_b_w29_seed2.txt,Set Covering,100,Relaxed,5000,false,min,3,0.01561,na,na,29319,57766,750
set_covering_n100_m72_d0.4_b_w29_seed2.txt,Set Covering,100,Relaxed,10000,false,min,3,0.01562,na,na,29319,57766,750
set_covering_n100_m72_d0.4_b_w29_seed2.txt,Set Covering,100,Relaxed,20000,false,min,3,0.01567,na,na,29319,57766,750
set_covering_n100_m72_d0.4_b_w29_seed3.txt,Set Covering,100,Exact,99999,false,min,3,0.01576,na,na,29319,57766,750
set_covering_n100_m72_d0.4_b_w29_seed3.txt,Set Covering,100,Restricted,500,false,min,3,0.01167,na,na,23086,44949,526
set_covering_n100_m72_d0.4_b_w29_seed3.txt,Set Covering,100,Restricted,1000,false,min,3,0.01564,na,na,29319,57766,750
set_covering_n100_m72_d0.4_b_w29_seed3.txt,Set Covering,100,Restricted,2000,false,min,3,0.01569,na,na,29319,57766,750
set_covering_n100_m72_d0.4_b_w29_seed3.txt,Set Covering,100,Restricted,5000,false,min,3,0.01563,na,na,29319,57766,750
set_covering_n100_m72_d0.4_b_w29_seed3.txt,Set Covering,100,Restricted,10000,false,min,3,0.01557,na,na,29319,57766,750
set_covering_n100_m72_d0.4_b_w29_seed3.txt,Set Covering,100,Restricted,20000,false,min,3,0.01560,na,na,29319,57766,750
set_covering_n100_m72_d0.4_b_w29_seed3.txt,Set Covering,100,Relaxed,500,false,min,2,0.01386,na,na,22954,47353,527
set_covering_n100_m72_d0.4_b_w29_seed3.txt,Set Covering,100,Relaxed,1000,false,min,3,0.01555,na,na,29319,57766,750
set_covering_n100_m72_d0.4_b_w29_seed3.txt,Set Covering,100,Relaxed,2000,false,min,3,0.01547,na,na,29319,57766,750
set_covering_n100_m72_d0.4_b_w29_seed3.txt,Set Covering,100,Relaxed,5000,false,min,3,0.01552,na,na,29319,57766,750
set_covering_n100_m72_d0.4_b_w29_seed3.txt,Set Covering,100,Relaxed,10000,false,min,3,0.01548,na,na,29319,57766,750
set_covering_n100_m72_d0.4_b_w29_seed3.txt,Set Covering,100,Relaxed,20000,false,min,3,0.01563,na,na,29319,57766,750
set_covering_n100_m72_d0.4_b_w29_seed4.txt,Set Covering,100,Exact,99999,false,min,3,0.01560,na,na,29319,57766,750
set_covering_n100_m72_d0.4_b_w29_seed4.txt,Set Covering,100,Restricted,500,false,min,3,0.01158,na,na,23086,44949,526
set_covering_n100_m72_d0.4_b_w29_seed4.txt,Set Covering,100,Restricted,1000,false,min,3,0.01556,na,na,29319,57766,750
set_covering_n100_m72_d0.4_b_w29_seed4.txt,Set Covering,100,Restricted,2000,false,min,3,0.01556,na,na,29319,57766,750
set_covering_n100_m72_d0.4_b_w29_seed4.txt,Set Covering,100,Restricted,5000,false,min,3,0.01559,na,na,29319,57766,750
set_covering_n100_m72_d0.4_b_w29_seed4.txt,Set Covering,100,Restricted,10000,false,min,3,0.01551,na,na,29319,57766,750
set_covering_n100_m72_d0.4_b_w29_seed4.txt,Set Covering,100,Restricted,20000,false,min,3,0.01561,na,na,29319,57766,750
set_covering_n100_m72_d0.4_b_w29_seed4.txt,Set Covering,100,Relaxed,500,false,min,2,0.01375,na,na,22954,47353,527
set_covering_n100_m72_d0.4_b_w29_seed4.txt,Set Covering,100,Relaxed,1000,false,min,3,0.01535,na,na,29319,57766,750
set_covering_n100_m72_d0.4_b_w29_seed4.txt,Set Covering,100,Relaxed,2000,false,min,3,0.01557,na,na,29319,57766,750
set_covering_n100_m72_d0.4_b_w29_seed4.txt,Set Covering,100,Relaxed,5000,false,min,3,0.01554,na,na,29319,57766,750
set_covering_n100_m72_d0.4_b_w29_seed4.txt,Set Covering,100,Relaxed,10000,false,min,3,0.01545,na,na,29319,57766,750
set_covering_n100_m72_d0.4_b_w29_seed4.txt,Set Covering,100,Relaxed,20000,false,min,3,0.01559,na,na,29319,57766,750
set_covering_n100_m72_d0.05_b_w29_seed1.txt,Set Covering,100,Restricted,500,false,min,23,0.01957,na,na,48272,52974,1000
set_covering_n100_m72_d0.05_b_w29_seed1.txt,Set Covering,100,Restricted,1000,false,min,23,0.03812,na,na,94596,103129,2000
set_covering_n100_m72_d0.05_b_w29_seed1.txt,Set Covering,100,Restricted,2000,false,min,23,0.07850,na,na,182274,199862,4000
set_covering_n100_m72_d0.05_b_w29_seed1.txt,Set Covering,100,Restricted,5000,false,min,23,0.22160,na,na,437101,477805,10000
set_covering_n100_m72_d0.05_b_w29_seed1.txt,Set Covering,100,Restricted,10000,false,min,22,0.51163,na,na,844632,925678,20000
set_covering_n100_m72_d0.05_b_w29_seed1.txt,Set Covering,100,Relaxed,500,false,min,6,0.02468,na,na,47704,69356,1001
set_covering_n100_m72_d0.05_b_w29_seed1.txt,Set Covering,100,Restricted,20000,false,min,21,1.28095,na,na,1641190,1822505,40000
set_covering_n100_m72_d0.05_b_w29_seed1.txt,Set Covering,100,Relaxed,1000,false,min,6,0.04948,na,na,93608,135326,2001
set_covering_n100_m72_d0.05_b_w29_seed1.txt,Set Covering,100,Relaxed,2000,false,min,7,0.10174,na,na,181899,262155,4001
set_covering_n100_m72_d0.05_b_w29_seed1.txt,Set Covering,100,Relaxed,5000,false,min,7,0.29095,na,na,437089,627986,10001
set_covering_n100_m72_d0.05_b_w29_seed1.txt,Set Covering,100,Relaxed,10000,false,min,7,0.66148,na,na,844070,1213708,20001
set_covering_n100_m72_d0.05_b_w29_seed1.txt,Set Covering,100,Relaxed,20000,false,min,8,1.65726,na,na,1640402,2379166,40001
set_covering_n100_m72_d0.5_b_w29_seed1.txt,Set Covering,100,Exact,99999,false,min,3,0.01561,na,na,29319,57766,750
set_covering_n100_m72_d0.5_b_w29_seed1.txt,Set Covering,100,Restricted,500,false,min,3,0.01184,na,na,23086,44949,526
set_covering_n100_m72_d0.5_b_w29_seed1.txt,Set Covering,100,Restricted,1000,false,min,3,0.01568,na,na,29319,57766,750
set_covering_n100_m72_d0.5_b_w29_seed1.txt,Set Covering,100,Restricted,2000,false,min,3,0.01561,na,na,29319,57766,750
set_covering_n100_m72_d0.5_b_w29_seed1.txt,Set Covering,100,Restricted,5000,false,min,3,0.01580,na,na,29319,57766,750
set_covering_n100_m72_d0.5_b_w29_seed1.txt,Set Covering,100,Restricted,10000,false,min,3,0.01572,na,na,29319,57766,750
set_covering_n100_m72_d0.5_b_w29_seed1.txt,Set Covering,100,Restricted,20000,false,min,3,0.01555,na,na,29319,57766,750
set_covering_n100_m72_d0.5_b_w29_seed1.txt,Set Covering,100,Relaxed,500,false,min,2,0.01350,na,na,22954,47353,527
set_covering_n100_m72_d0.5_b_w29_seed1.txt,Set Covering,100,Relaxed,1000,false,min,3,0.01556,na,na,29319,57766,750
set_covering_n100_m72_d0.5_b_w29_seed1.txt,Set Covering,100,Relaxed,2000,false,min,3,0.01556,na,na,29319,57766,750
set_covering_n100_m72_d0.5_b_w29_seed1.txt,Set Covering,100,Relaxed,5000,false,min,3,0.01539,na,na,29319,57766,750
set_covering_n100_m72_d0.5_b_w29_seed1.txt,Set Covering,100,Relaxed,10000,false,min,3,0.01568,na,na,29319,57766,750
set_covering_n100_m72_d0.5_b_w29_seed1.txt,Set Covering,100,Relaxed,20000,false,min,3,0.01556,na,na,29319,57766,750
set_covering_n100_m72_d0.05_b_w29_seed2.txt,Set Covering,100,Restricted,500,false,min,23,0.02163,na,na,52728,57518,1000
set_covering_n100_m72_d0.05_b_w29_seed2.txt,Set Covering,100,Restricted,1000,false,min,23,0.04133,na,na,101763,111259,2000
set_covering_n100_m72_d0.05_b_w29_seed2.txt,Set Covering,100,Restricted,2000,false,min,23,0.08605,na,na,199316,218249,4000
set_covering_n100_m72_d0.05_b_w29_seed2.txt,Set Covering,100,Restricted,5000,false,min,23,0.24775,na,na,479736,525941,10000
set_covering_n100_m72_d0.05_b_w29_seed2.txt,Set Covering,100,Restricted,10000,false,min,22,0.54860,na,na,927096,1022341,20000
set_covering_n100_m72_d0.05_b_w29_seed2.txt,Set Covering,100,Relaxed,500,false,min,5,0.02508,na,na,48159,73678,1001
set_covering_n100_m72_d0.05_b_w29_seed2.txt,Set Covering,100,Restricted,20000,false,min,21,1.38937,na,na,1785873,1973834,40000
set_covering_n100_m72_d0.05_b_w29_seed2.txt,Set Covering,100,Relaxed,1000,false,min,5,0.05268,na,na,101788,147914,2001
set_covering_n100_m72_d0.05_b_w29_seed2.txt,Set Covering,100,Relaxed,2000,false,min,6,0.11426,na,na,198840,287659,4001
set_covering_n100_m72_d0.05_b_w29_seed2.txt,Set Covering,100,Relaxed,5000,false,min,6,0.32617,na,na,479336,691809,10001
set_covering_n100_m72_d0.05_b_w29_seed2.txt,Set Covering,100,Relaxed,10000,false,min,6,0.78304,na,na,925261,1338123,20001
set_covering_n100_m72_d0.5_b_w29_seed2.txt,Set Covering,100,Exact,99999,false,min,3,0.01563,na,na,29319,57766,750
set_covering_n100_m72_d0.05_b_w29_seed2.txt,Set Covering,100,Relaxed,20000,false,min,7,1.80806,na,na,1780139,2582330,40001
set_covering_n100_m72_d0.5_b_w29_seed2.txt,Set Covering,100,Restricted,500,false,min,3,0.01144,na,na,23086,44949,526
set_covering_n100_m72_d0.5_b_w29_seed2.txt,Set Covering,100,Restricted,1000,false,min,3,0.01539,na,na,29319,57766,750
set_covering_n100_m72_d0.5_b_w29_seed2.txt,Set Covering,100,Restricted,2000,false,min,3,0.01549,na,na,29319,57766,750
set_covering_n100_m72_d0.5_b_w29_seed2.txt,Set Covering,100,Restricted,5000,false,min,3,0.01571,na,na,29319,57766,750
set_covering_n100_m72_d0.5_b_w29_seed2.txt,Set Covering,100,Restricted,10000,false,min,3,0.01571,na,na,29319,57766,750
set_covering_n100_m72_d0.5_b_w29_seed2.txt,Set Covering,100,Restricted,20000,false,min,3,0.01540,na,na,29319,57766,750
set_covering_n100_m72_d0.5_b_w29_seed2.txt,Set Covering,100,Relaxed,500,false,min,2,0.01355,na,na,22954,47353,527
set_covering_n100_m72_d0.5_b_w29_seed2.txt,Set Covering,100,Relaxed,1000,false,min,3,0.01545,na,na,29319,57766,750
set_covering_n100_m72_d0.5_b_w29_seed2.txt,Set Covering,100,Relaxed,2000,false,min,3,0.01563,na,na,29319,57766,750
set_covering_n100_m72_d0.5_b_w29_seed2.txt,Set Covering,100,Relaxed,5000,false,min,3,0.01532,na,na,29319,57766,750
set_covering_n100_m72_d0.5_b_w29_seed2.txt,Set Covering,100,Relaxed,10000,false,min,3,0.01526,na,na,29319,57766,750
set_covering_n100_m72_d0.5_b_w29_seed2.txt,Set Covering,100,Relaxed,20000,false,min,3,0.01515,na,na,29319,57766,750
set_covering_n100_m72_d0.05_b_w29_seed3.txt,Set Covering,100,Restricted,500,false,min,24,0.02200,na,na,51911,57313,1000
set_covering_n100_m72_d0.05_b_w29_seed3.txt,Set Covering,100,Restricted,1000,false,min,24,0.04266,na,na,101796,112097,2000
set_covering_n100_m72_d0.05_b_w29_seed3.txt,Set Covering,100,Restricted,2000,false,min,23,0.08668,na,na,195178,216068,4000
set_covering_n100_m72_d0.05_b_w29_seed3.txt,Set Covering,100,Restricted,5000,false,min,23,0.24786,na,na,465693,511648,10000
set_covering_n100_m72_d0.05_b_w29_seed3.txt,Set Covering,100,Restricted,10000,false,min,22,0.59450,na,na,903265,1001997,20000
set_covering_n100_m72_d0.05_b_w29_seed3.txt,Set Covering,100,Restricted,20000,false,min,22,1.47592,na,na,1744629,1945108,40000
set_covering_n100_m72_d0.05_b_w29_seed3.txt,Set Covering,100,Relaxed,500,false,min,4,0.02693,na,na,51491,76664,1001
set_covering_n100_m72_d0.05_b_w29_seed3.txt,Set Covering,100,Relaxed,1000,false,min,4,0.05410,na,na,101185,147578,2001
set_covering_n100_m72_d0.05_b_w29_seed3.txt,Set Covering,100,Relaxed,2000,false,min,5,0.11315,na,na,194862,284256,4001
set_covering_n100_m72_d0.05_b_w29_seed3.txt,Set Covering,100,Relaxed,5000,false,min,5,0.32167,na,na,467520,680059,10001
set_covering_n100_m72_d0.05_b_w29_seed3.txt,Set Covering,100,Relaxed,10000,false,min,5,0.76940,na,na,903337,1317241,20001
set_covering_n100_m72_d0.5_b_w29_seed3.txt,Set Covering,100,Exact,99999,false,min,3,0.01647,na,na,29319,57766,750
set_covering_n100_m72_d0.05_b_w29_seed3.txt,Set Covering,100,Relaxed,20000,false,min,5,1.84876,na,na,1744135,2548326,40001
set_covering_n100_m72_d0.5_b_w29_seed3.txt,Set Covering,100,Restricted,500,false,min,3,0.01161,na,na,23086,44949,526
set_covering_n100_m72_d0.5_b_w29_seed3.txt,Set Covering,100,Restricted,1000,false,min,3,0.01559,na,na,29319,57766,750
set_covering_n100_m72_d0.5_b_w29_seed3.txt,Set Covering,100,Restricted,2000,false,min,3,0.01521,na,na,29319,57766,750
set_covering_n100_m72_d0.5_b_w29_seed3.txt,Set Covering,100,Restricted,5000,false,min,3,0.01592,na,na,29319,57766,750
set_covering_n100_m72_d0.5_b_w29_seed3.txt,Set Covering,100,Restricted,10000,false,min,3,0.01535,na,na,29319,57766,750
set_covering_n100_m72_d0.5_b_w29_seed3.txt,Set Covering,100,Restricted,20000,false,min,3,0.01552,na,na,29319,57766,750
set_covering_n100_m72_d0.5_b_w29_seed3.txt,Set Covering,100,Relaxed,500,false,min,2,0.01374,na,na,22954,47353,527
set_covering_n100_m72_d0.5_b_w29_seed3.txt,Set Covering,100,Relaxed,1000,false,min,3,0.01565,na,na,29319,57766,750
set_covering_n100_m72_d0.5_b_w29_seed3.txt,Set Covering,100,Relaxed,2000,false,min,3,0.01562,na,na,29319,57766,750
set_covering_n100_m72_d0.5_b_w29_seed3.txt,Set Covering,100,Relaxed,5000,false,min,3,0.01561,na,na,29319,57766,750
set_covering_n100_m72_d0.5_b_w29_seed3.txt,Set Covering,100,Relaxed,10000,false,min,3,0.01540,na,na,29319,57766,750
set_covering_n100_m72_d0.5_b_w29_seed3.txt,Set Covering,100,Relaxed,20000,false,min,3,0.01573,na,na,29319,57766,750
set_covering_n100_m72_d0.05_b_w29_seed4.txt,Set Covering,100,Restricted,500,false,min,25,0.02193,na,na,52357,55936,1000
set_covering_n100_m72_d0.05_b_w29_seed4.txt,Set Covering,100,Restricted,1000,false,min,25,0.04142,na,na,102568,109591,2000
set_covering_n100_m72_d0.05_b_w29_seed4.txt,Set Covering,100,Restricted,2000,false,min,24,0.09001,na,na,200428,215623,4000
set_covering_n100_m72_d0.05_b_w29_seed4.txt,Set Covering,100,Restricted,5000,false,min,23,0.25868,na,na,483250,525768,10000
set_covering_n100_m72_d0.05_b_w29_seed4.txt,Set Covering,100,Restricted,10000,false,min,23,0.58916,na,na,939300,1022487,20000
set_covering_n100_m72_d0.05_b_w29_seed4.txt,Set Covering,100,Restricted,20000,false,min,22,1.42390,na,na,1801806,1980036,39988
set_covering_n100_m72_d0.05_b_w29_seed4.txt,Set Covering,100,Relaxed,500,false,min,6,0.02714,na,na,51288,83067,1001
set_covering_n100_m72_d0.05_b_w29_seed4.txt,Set Covering,100,Relaxed,1000,false,min,7,0.05204,na,na,97431,153387,2001
set_covering_n100_m72_d0.05_b_w29_seed4.txt,Set Covering,100,Relaxed,2000,false,min,8,0.10609,na,na,183395,286258,4001
set_covering_n100_m72_d0.05_b_w29_seed4.txt,Set Covering,100,Relaxed,5000,false,min,8,0.33688,na,na,482691,715242,10001
set_covering_n100_m72_d0.05_b_w29_seed4.txt,Set Covering,100,Relaxed,10000,false,min,8,0.78151,na,na,939166,1378139,20001
set_covering_n100_m72_d0.05_b_w29_seed4.txt,Set Covering,100,Relaxed,20000,false,min,8,1.83321,na,na,1801326,2628329,39988
set_covering_n100_m72_d0.5_b_w29_seed4.txt,Set Covering,100,Exact,99999,false,min,3,0.01593,na,na,29319,57766,750
set_covering_n100_m72_d0.5_b_w29_seed4.txt,Set Covering,100,Restricted,500,false,min,3,0.01243,na,na,23086,44949,526
set_covering_n100_m72_d0.5_b_w29_seed4.txt,Set Covering,100,Restricted,1000,false,min,3,0.01575,na,na,29319,57766,750
set_covering_n100_m72_d0.5_b_w29_seed4.txt,Set Covering,100,Restricted,2000,false,min,3,0.01645,na,na,29319,57766,750
set_covering_n100_m72_d0.5_b_w29_seed4.txt,Set Covering,100,Restricted,5000,false,min,3,0.01591,na,na,29319,57766,750
set_covering_n100_m72_d0.5_b_w29_seed4.txt,Set Covering,100,Restricted,10000,false,min,3,0.01561,na,na,29319,57766,750
set_covering_n100_m72_d0.5_b_w29_seed4.txt,Set Covering,100,Restricted,20000,false,min,3,0.01566,na,na,29319,57766,750
set_covering_n100_m72_d0.5_b_w29_seed4.txt,Set Covering,100,Relaxed,500,false,min,2,0.01369,na,na,22954,47353,527
set_covering_n100_m72_d0.5_b_w29_seed4.txt,Set Covering,100,Relaxed,1000,false,min,3,0.01580,na,na,29319,57766,750
set_covering_n100_m72_d0.5_b_w29_seed4.txt,Set Covering,100,Relaxed,2000,false,min,3,0.01595,na,na,29319,57766,750
set_covering_n100_m72_d0.5_b_w29_seed4.txt,Set Covering,100,Relaxed,5000,false,min,3,0.01552,na,na,29319,57766,750
set_covering_n100_m72_d0.5_b_w29_seed4.txt,Set Covering,100,Relaxed,10000,false,min,3,0.01590,na,na,29319,57766,750
set_covering_n100_m72_d0.5_b_w29_seed4.txt,Set Covering,100,Relaxed,20000,false,min,3,0.01614,na,na,29319,57766,750
set_covering_n100_m72_d0.15_b_w29_seed1.txt,Set Covering,100,Restricted,500,false,min,9,0.02901,na,na,67153,74227,1000
set_covering_n100_m72_d0.15_b_w29_seed1.txt,Set Covering,100,Restricted,1000,false,min,9,0.05548,na,na,129078,146565,2000
set_covering_n100_m72_d0.15_b_w29_seed1.txt,Set Covering,100,Restricted,2000,false,min,8,0.11314,na,na,246752,283447,4000
set_covering_n100_m72_d0.15_b_w29_seed1.txt,Set Covering,100,Restricted,5000,false,min,8,0.31957,na,na,573994,665581,9989
set_covering_n100_m72_d0.15_b_w29_seed1.txt,Set Covering,100,Restricted,10000,false,min,8,0.73894,na,na,1071385,1265193,19857
set_covering_n100_m72_d0.15_b_w29_seed1.txt,Set Covering,100,Restricted,20000,false,min,8,1.78736,na,na,1992682,2420215,39576
set_covering_n100_m72_d0.15_b_w29_seed1.txt,Set Covering,100,Relaxed,500,false,min,2,0.03547,na,na,67014,102273,1000
set_covering_n100_m72_d0.15_b_w29_seed1.txt,Set Covering,100,Relaxed,1000,false,min,3,0.07141,na,na,129010,199598,1998
set_covering_n100_m72_d0.15_b_w29_seed1.txt,Set Covering,100,Relaxed,2000,false,min,3,0.14809,na,na,245852,381603,3999
set_covering_n100_m72_d0.15_b_w29_seed1.txt,Set Covering,100,Relaxed,5000,false,min,3,0.42281,na,na,574074,896021,9989
set_covering_n100_m72_d0.15_b_w29_seed1.txt,Set Covering,100,Relaxed,10000,false,min,4,0.97173,na,na,1071595,1691091,19854
set_covering_n100_m72_d0.15_b_w29_seed1.txt,Set Covering,100,Relaxed,20000,false,min,4,2.23144,na,na,1992659,3192020,39571
set_covering_n100_m72_d0.15_b_w29_seed2.txt,Set Covering,100,Restricted,500,false,min,9,0.02891,na,na,67744,76128,1000
set_covering_n100_m72_d0.15_b_w29_seed2.txt,Set Covering,100,Restricted,1000,false,min,8,0.05487,na,na,130233,148552,2000
set_covering_n100_m72_d0.15_b_w29_seed2.txt,Set Covering,100,Restricted,2000,false,min,8,0.11375,na,na,249210,288162,4000
set_covering_n100_m72_d0.15_b_w29_seed2.txt,Set Covering,100,Restricted,5000,false,min,8,0.32137,na,na,581735,680908,9956
set_covering_n100_m72_d0.15_b_w29_seed2.txt,Set Covering,100,Restricted,10000,false,min,8,0.72428,na,na,1078725,1284387,19871
set_covering_n100_m72_d0.15_b_w29_seed2.txt,Set Covering,100,Restricted,20000,false,min,8,1.76284,na,na,2002646,2442273,39580
set_covering_n100_m72_d0.15_b_w29_seed2.txt,Set Covering,100,Relaxed,500,false,min,3,0.03618,na,na,67707,104543,1001
set_covering_n100_m72_d0.15_b_w29_seed2.txt,Set Covering,100,Relaxed,1000,false,min,3,0.07152,na,na,130344,202440,1999
set_covering_n100_m72_d0.15_b_w29_seed2.txt,Set Covering,100,Relaxed,2000,false,min,3,0.15062,na,na,249347,389283,3999
set_covering_n100_m72_d0.15_b_w29_seed2.txt,Set Covering,100,Relaxed,5000,false,min,3,0.43008,na,na,581842,915911,9958
set_covering_n100_m72_d0.15_b_w29_seed2.txt,Set Covering,100,Relaxed,10000,false,min,4,1.01569,na,na,1079453,1719118,19874
set_covering_n100_m72_d0.15_b_w29_seed2.txt,Set Covering,100,Relaxed,20000,false,min,4,2.33599,na,na,2004023,3235086,39589
set_covering_n100_m72_d0.15_b_w29_seed3.txt,Set Covering,100,Restricted,500,false,min,10,0.02798,na,na,63780,70646,1000
set_covering_n100_m72_d0.15_b_w29_seed3.txt,Set Covering,100,Restricted,1000,false,min,9,0.05397,na,na,124754,139894,2000
set_covering_n100_m72_d0.15_b_w29_seed3.txt,Set Covering,100,Restricted,2000,false,min,9,0.10740,na,na,238665,271870,3999
set_covering_n100_m72_d0.15_b_w29_seed3.txt,Set Covering,100,Restricted,5000,false,min,9,0.28715,na,na,549347,636268,9990
set_covering_n100_m72_d0.15_b_w29_seed3.txt,Set Covering,100,Restricted,10000,false,min,8,0.66683,na,na,1029064,1225976,19914
set_covering_n100_m72_d0.15_b_w29_seed3.txt,Set Covering,100,Restricted,20000,false,min,8,1.59748,na,na,1909058,2304398,39715
set_covering_n100_m72_d0.15_b_w29_seed3.txt,Set Covering,100,Relaxed,500,false,min,2,0.03460,na,na,63666,97199,1001
set_covering_n100_m72_d0.15_b_w29_seed3.txt,Set Covering,100,Relaxed,1000,false,min,3,0.06750,na,na,124439,191916,2001
set_covering_n100_m72_d0.15_b_w29_seed3.txt,Set Covering,100,Relaxed,2000,false,min,3,0.14548,na,na,238604,369612,4000
set_covering_n100_m72_d0.15_b_w29_seed3.txt,Set Covering,100,Relaxed,5000,false,min,3,0.40824,na,na,549397,857081,9988
set_covering_n100_m72_d0.15_b_w29_seed3.txt,Set Covering,100,Relaxed,10000,false,min,4,0.89880,na,na,1029717,1629936,19914
set_covering_n100_m72_d0.15_b_w29_seed3.txt,Set Covering,100,Relaxed,20000,false,min,4,2.06228,na,na,1908005,3042300,39713
set_covering_n100_m72_d0.15_b_w29_seed4.txt,Set Covering,100,Restricted,500,false,min,9,0.02865,na,na,66563,74809,1000
set_covering_n100_m72_d0.15_b_w29_seed4.txt,Set Covering,100,Restricted,1000,false,min,9,0.05694,na,na,128041,145066,2000
set_covering_n100_m72_d0.15_b_w29_seed4.txt,Set Covering,100,Restricted,2000,false,min,8,0.11003,na,na,242883,278714,4000
set_covering_n100_m72_d0.15_b_w29_seed4.txt,Set Covering,100,Restricted,5000,false,min,8,0.31587,na,na,567316,663884,9993
set_covering_n100_m72_d0.15_b_w29_seed4.txt,Set Covering,100,Restricted,10000,false,min,8,0.74951,na,na,1057793,1259082,19917
set_covering_n100_m72_d0.15_b_w29_seed4.txt,Set Covering,100,Restricted,20000,false,min,7,1.82956,na,na,1958025,2385148,39744
set_covering_n100_m72_d0.15_b_w29_seed4.txt,Set Covering,100,Relaxed,500,false,min,2,0.03943,na,na,66467,102325,1001
set_covering_n100_m72_d0.15_b_w29_seed4.txt,Set Covering,100,Relaxed,1000,false,min,3,0.07434,na,na,127708,197437,2000
set_covering_n100_m72_d0.15_b_w29_seed4.txt,Set Covering,100,Relaxed,2000,false,min,3,0.15504,na,na,242574,376818,3997
set_covering_n100_m72_d0.15_b_w29_seed4.txt,Set Covering,100,Relaxed,5000,false,min,3,0.44248,na,na,567189,892097,9991
set_covering_n100_m72_d0.15_b_w29_seed4.txt,Set Covering,100,Relaxed,10000,false,min,3,1.03274,na,na,1057687,1676435,19915
set_covering_n100_m72_d0.15_b_w29_seed4.txt,Set Covering,100,Relaxed,20000,false,min,4,2.35291,na,na,1957735,3133681,39743
set_covering_n100_m72_d0.25_b_w29_seed1.txt,Set Covering,100,Exact,99999,false,min,4,0.42707,na,na,564261,1066540,35281
set_covering_n100_m72_d0.25_b_w29_seed1.txt,Set Covering,100,Restricted,500,false,min,4,0.02485,na,na,50315,70863,956
set_covering_n100_m72_d0.25_b_w29_seed1.txt,Set Covering,100,Restricted,1000,false,min,4,0.04346,na,na,86981,129968,1813
set_covering_n100_m72_d0.25_b_w29_seed1.txt,Set Covering,100,Restricted,2000,false,min,4,0.07400,na,na,146428,231935,3512
set_covering_n100_m72_d0.25_b_w29_seed1.txt,Set Covering,100,Restricted,5000,false,min,4,0.15179,na,na,272158,462320,7678
set_covering_n100_m72_d0.25_b_w29_seed1.txt,Set Covering,100,Restricted,10000,false,min,4,0.22783,na,na,390326,687256,14405
set_covering_n100_m72_d0.25_b_w29_seed1.txt,Set Covering,100,Restricted,20000,false,min,4,0.33311,na,na,501018,915778,24687
set_covering_n100_m72_d0.25_b_w29_seed1.txt,Set Covering,100,Relaxed,500,false,min,2,0.03191,na,na,50344,89980,952
set_covering_n100_m72_d0.25_b_w29_seed1.txt,Set Covering,100,Relaxed,1000,false,min,2,0.05818,na,na,86747,159148,1814
set_covering_n100_m72_d0.25_b_w29_seed1.txt,Set Covering,100,Relaxed,2000,false,min,3,0.10184,na,na,146389,273398,3514
set_covering_n100_m72_d0.25_b_w29_seed1.txt,Set Covering,100,Relaxed,5000,false,min,3,0.21183,na,na,272361,513784,7679
set_covering_n100_m72_d0.25_b_w29_seed1.txt,Set Covering,100,Relaxed,10000,false,min,4,0.33158,na,na,390318,739350,14406
set_covering_n100_m72_d0.25_b_w29_seed1.txt,Set Covering,100,Relaxed,20000,false,min,4,0.44981,na,na,501018,952912,24687
set_covering_n100_m72_d0.25_b_w29_seed2.txt,Set Covering,100,Exact,99999,false,min,4,0.43089,na,na,567824,1079191,35736
set_covering_n100_m72_d0.25_b_w29_seed2.txt,Set Covering,100,Restricted,500,false,min,4,0.02325,na,na,48939,70331,916
set_covering_n100_m72_d0.25_b_w29_seed2.txt,Set Covering,100,Restricted,1000,false,min,4,0.03930,na,na,83413,128191,1785
set_covering_n100_m72_d0.25_b_w29_seed2.txt,Set Covering,100,Restricted,2000,false,min,4,0.06735,na,na,139101,226383,3451
set_covering_n100_m72_d0.25_b_w29_seed2.txt,Set Covering,100,Restricted,5000,false,min,4,0.13341,na,na,255587,437224,7656
set_covering_n100_m72_d0.25_b_w29_seed2.txt,Set Covering,100,Restricted,10000,false,min,4,0.20948,na,na,366644,650141,13577
set_covering_n100_m72_d0.25_b_w29_seed2.txt,Set Covering,100,Restricted,20000,false,min,4,0.32346,na,na,485529,889411,24087
set_covering_n100_m72_d0.25_b_w29_seed2.txt,Set Covering,100,Relaxed,500,false,min,2,0.02982,na,na,48879,88051,914
set_covering_n100_m72_d0.25_b_w29_seed2.txt,Set Covering,100,Relaxed,1000,false,min,3,0.05317,na,na,83352,153050,1786
set_covering_n100_m72_d0.25_b_w29_seed2.txt,Set Covering,100,Relaxed,2000,false,min,3,0.09390,na,na,138885,260053,3453
set_covering_n100_m72_d0.25_b_w29_seed2.txt,Set Covering,100,Relaxed,5000,false,min,3,0.19275,na,na,255553,482862,7656
set_covering_n100_m72_d0.25_b_w29_seed2.txt,Set Covering,100,Relaxed,10000,false,min,4,0.30028,na,na,366644,694282,13577
set_covering_n100_m72_d0.25_b_w29_seed2.txt,Set Covering,100,Relaxed,20000,false,min,4,0.45252,na,na,485529,923470,24087
set_covering_n100_m72_d0.25_b_w29_seed3.txt,Set Covering,100,Exact,99999,false,min,4,0.54445,na,na,690767,1310240,51202
set_covering_n100_m72_d0.25_b_w29_seed3.txt,Set Covering,100,Restricted,500,false,min,4,0.02201,na,na,47528,67625,942
set_covering_n100_m72_d0.25_b_w29_seed3.txt,Set Covering,100,Restricted,1000,false,min,4,0.03787,na,na,78192,115705,1827
set_covering_n100_m72_d0.25_b_w29_seed3.txt,Set Covering,100,Restricted,2000,false,min,4,0.06464,na,na,133519,208232,3454
set_covering_n100_m72_d0.25_b_w29_seed3.txt,Set Covering,100,Restricted,5000,false,min,4,0.14019,na,na,256701,423941,8028
set_covering_n100_m72_d0.25_b_w29_seed3.txt,Set Covering,100,Restricted,10000,false,min,4,0.23617,na,na,395297,684070,14400
set_covering_n100_m72_d0.25_b_w29_seed3.txt,Set Covering,100,Restricted,20000,false,min,4,0.37854,na,na,545117,982971,26532
set_covering_n100_m72_d0.25_b_w29_seed3.txt,Set Covering,100,Relaxed,500,false,min,2,0.02739,na,na,47483,84248,941
set_covering_n100_m72_d0.25_b_w29_seed3.txt,Set Covering,100,Relaxed,1000,false,min,3,0.04917,na,na,78229,142050,1828
set_covering_n100_m72_d0.25_b_w29_seed3.txt,Set Covering,100,Relaxed,2000,false,min,3,0.08821,na,na,133431,247312,3447
set_covering_n100_m72_d0.25_b_w29_seed3.txt,Set Covering,100,Relaxed,5000,false,min,3,0.19358,na,na,256498,484684,8022
set_covering_n100_m72_d0.25_b_w29_seed3.txt,Set Covering,100,Relaxed,10000,false,min,4,0.33211,na,na,395297,751195,14400
set_covering_n100_m72_d0.25_b_w29_seed3.txt,Set Covering,100,Relaxed,20000,false,min,4,0.52719,na,na,545117,1036570,26532
set_covering_n100_m72_d0.25_b_w29_seed4.txt,Set Covering,100,Exact,99999,false,min,4,0.61543,na,na,750378,1423035,55131
set_covering_n100_m72_d0.25_b_w29_seed4.txt,Set Covering,100,Restricted,500,false,min,4,0.02125,na,na,46135,65485,938
set_covering_n100_m72_d0.25_b_w29_seed4.txt,Set Covering,100,Restricted,1000,false,min,4,0.03684,na,na,78566,116288,1733
set_covering_n100_m72_d0.25_b_w29_seed4.txt,Set Covering,100,Restricted,2000,false,min,4,0.06341,na,na,131541,202422,3296
set_covering_n100_m72_d0.25_b_w29_seed4.txt,Set Covering,100,Restricted,5000,false,min,4,0.13418,na,na,249041,401276,8073
set_covering_n100_m72_d0.25_b_w29_seed4.txt,Set Covering,100,Restricted,10000,false,min,4,0.24610,na,na,401232,687239,14712
set_covering_n100_m72_d0.25_b_w29_seed4.txt,Set Covering,100,Restricted,20000,false,min,4,0.38889,na,na,561319,1001340,27290
set_covering_n100_m72_d0.25_b_w29_seed4.txt,Set Covering,100,Relaxed,500,false,min,2,0.02658,na,na,46103,81716,936
set_covering_n100_m72_d0.25_b_w29_seed4.txt,Set Covering,100,Relaxed,1000,false,min,3,0.04847,na,na,78392,142632,1731
set_covering_n100_m72_d0.25_b_w29_seed4.txt,Set Covering,100,Relaxed,2000,false,min,3,0.08707,na,na,131585,242807,3291
set_covering_n100_m72_d0.25_b_w29_seed4.txt,Set Covering,100,Relaxed,5000,false,min,3,0.19068,na,na,249033,466736,8077
set_covering_n100_m72_d0.25_b_w29_seed4.txt,Set Covering,100,Relaxed,10000,false,min,4,0.35295,na,na,401232,759529,14712
set_covering_n100_m72_d0.25_b_w29_seed4.txt,Set Covering,100,Relaxed,20000,false,min,4,0.55097,na,na,561319,1066100,27290
set_covering_n100_m72_d0.35_b_w29_seed1.txt,Set Covering,100,Exact,99999,false,min,3,0.01575,na,na,29319,57766,750
set_covering_n100_m72_d0.35_b_w29_seed1.txt,Set Covering,100,Restricted,500,false,min,3,0.01198,na,na,23086,44949,526
set_covering_n100_m72_d0.35_b_w29_seed1.txt,Set Covering,100,Restricted,1000,false,min,3,0.01561,na,na,29319,57766,750
set_covering_n100_m72_d0.35_b_w29_seed1.txt,Set Covering,100,Restricted,2000,false,min,3,0.01726,na,na,29319,57766,750
set_covering_n100_m72_d0.35_b_w29_seed1.txt,Set Covering,100,Restricted,5000,false,min,3,0.01564,na,na,29319,57766,750
set_covering_n100_m72_d0.35_b_w29_seed1.txt,Set Covering,100,Restricted,10000,false,min,3,0.01560,na,na,29319,57766,750
set_covering_n100_m72_d0.35_b_w29_seed1.txt,Set Covering,100,Restricted,20000,false,min,3,0.01565,na,na,29319,57766,750
set_covering_n100_m72_d0.35_b_w29_seed1.txt,Set Covering,100,Relaxed,500,false,min,2,0.01382,na,na,22954,47353,527
set_covering_n100_m72_d0.35_b_w29_seed1.txt,Set Covering,100,Relaxed,1000,false,min,3,0.01582,na,na,29319,57766,750
set_covering_n100_m72_d0.35_b_w29_seed1.txt,Set Covering,100,Relaxed,2000,false,min,3,0.01570,na,na,29319,57766,750
set_covering_n100_m72_d0.35_b_w29_seed1.txt,Set Covering,100,Relaxed,5000,false,min,3,0.01573,na,na,29319,57766,750
set_covering_n100_m72_d0.35_b_w29_seed1.txt,Set Covering,100,Relaxed,10000,false,min,3,0.01557,na,na,29319,57766,750
set_covering_n100_m72_d0.35_b_w29_seed1.txt,Set Covering,100,Relaxed,20000,false,min,3,0.01565,na,na,29319,57766,750
set_covering_n100_m72_d0.35_b_w29_seed2.txt,Set Covering,100,Exact,99999,false,min,3,0.01580,na,na,29319,57766,750
set_covering_n100_m72_d0.35_b_w29_seed2.txt,Set Covering,100,Restricted,500,false,min,3,0.01246,na,na,23086,44949,526
set_covering_n100_m72_d0.35_b_w29_seed2.txt,Set Covering,100,Restricted,1000,false,min,3,0.01581,na,na,29319,57766,750
set_covering_n100_m72_d0.35_b_w29_seed2.txt,Set Covering,100,Restricted,2000,false,min,3,0.01561,na,na,29319,57766,750
set_covering_n100_m72_d0.35_b_w29_seed2.txt,Set Covering,100,Restricted,5000,false,min,3,0.01572,na,na,29319,57766,750
set_covering_n100_m72_d0.35_b_w29_seed2.txt,Set Covering,100,Restricted,10000,false,min,3,0.01545,na,na,29319,57766,750
set_covering_n100_m72_d0.35_b_w29_seed2.txt,Set Covering,100,Restricted,20000,false,min,3,0.01570,na,na,29319,57766,750
set_covering_n100_m72_d0.35_b_w29_seed2.txt,Set Covering,100,Relaxed,500,false,min,2,0.01373,na,na,22954,47353,527
set_covering_n100_m72_d0.35_b_w29_seed2.txt,Set Covering,100,Relaxed,1000,false,min,3,0.01565,na,na,29319,57766,750
set_covering_n100_m72_d0.35_b_w29_seed2.txt,Set Covering,100,Relaxed,2000,false,min,3,0.01617,na,na,29319,57766,750
set_covering_n100_m72_d0.35_b_w29_seed2.txt,Set Covering,100,Relaxed,5000,false,min,3,0.01559,na,na,29319,57766,750
set_covering_n100_m72_d0.35_b_w29_seed2.txt,Set Covering,100,Relaxed,10000,false,min,3,0.01573,na,na,29319,57766,750
set_covering_n100_m72_d0.35_b_w29_seed2.txt,Set Covering,100,Relaxed,20000,false,min,3,0.01629,na,na,29319,57766,750
set_covering_n100_m72_d0.35_b_w29_seed3.txt,Set Covering,100,Exact,99999,false,min,3,0.01569,na,na,29319,57766,750
set_covering_n100_m72_d0.35_b_w29_seed3.txt,Set Covering,100,Restricted,500,false,min,3,0.01166,na,na,23086,44949,526
set_covering_n100_m72_d0.35_b_w29_seed3.txt,Set Covering,100,Restricted,1000,false,min,3,0.01567,na,na,29319,57766,750
set_covering_n100_m72_d0.35_b_w29_seed3.txt,Set Covering,100,Restricted,2000,false,min,3,0.01559,na,na,29319,57766,750
set_covering_n100_m72_d0.35_b_w29_seed3.txt,Set Covering,100,Restricted,5000,false,min,3,0.01551,na,na,29319,57766,750
set_covering_n100_m72_d0.35_b_w29_seed3.txt,Set Covering,100,Restricted,10000,false,min,3,0.01562,na,na,29319,57766,750
set_covering_n100_m72_d0.35_b_w29_seed3.txt,Set Covering,100,Restricted,20000,false,min,3,0.01559,na,na,29319,57766,750
set_covering_n100_m72_d0.35_b_w29_seed3.txt,Set Covering,100,Relaxed,500,false,min,2,0.01380,na,na,22954,47353,527
set_covering_n100_m72_d0.35_b_w29_seed3.txt,Set Covering,100,Relaxed,1000,false,min,3,0.01561,na,na,29319,57766,750
set_covering_n100_m72_d0.35_b_w29_seed3.txt,Set Covering,100,Relaxed,2000,false,min,3,0.01564,na,na,29319,57766,750
set_covering_n100_m72_d0.35_b_w29_seed3.txt,Set Covering,100,Relaxed,5000,false,min,3,0.01555,na,na,29319,57766,750
set_covering_n100_m72_d0.35_b_w29_seed3.txt,Set Covering,100,Relaxed,10000,false,min,3,0.01569,na,na,29319,57766,750
set_covering_n100_m72_d0.35_b_w29_seed3.txt,Set Covering,100,Relaxed,20000,false,min,3,0.01569,na,na,29319,57766,750
set_covering_n100_m72_d0.35_b_w29_seed4.txt,Set Covering,100,Exact,99999,false,min,3,0.01579,na,na,29319,57766,750
set_covering_n100_m72_d0.35_b_w29_seed4.txt,Set Covering,100,Restricted,500,false,min,3,0.01196,na,na,23086,44949,526
set_covering_n100_m72_d0.35_b_w29_seed4.txt,Set Covering,100,Restricted,1000,false,min,3,0.01629,na,na,29319,57766,750
set_covering_n100_m72_d0.35_b_w29_seed4.txt,Set Covering,100,Restricted,2000,false,min,3,0.01571,na,na,29319,57766,750
set_covering_n100_m72_d0.35_b_w29_seed4.txt,Set Covering,100,Restricted,5000,false,min,3,0.01565,na,na,29319,57766,750
set_covering_n100_m72_d0.35_b_w29_seed4.txt,Set Covering,100,Restricted,10000,false,min,3,0.01577,na,na,29319,57766,750
set_covering_n100_m72_d0.35_b_w29_seed4.txt,Set Covering,100,Restricted,20000,false,min,3,0.01574,na,na,29319,57766,750
set_covering_n100_m72_d0.35_b_w29_seed4.txt,Set Covering,100,Relaxed,500,false,min,2,0.01380,na,na,22954,47353,527
set_covering_n100_m72_d0.35_b_w29_seed4.txt,Set Covering,100,Relaxed,1000,false,min,3,0.01572,na,na,29319,57766,750
set_covering_n100_m72_d0.35_b_w29_seed4.txt,Set Covering,100,Relaxed,2000,false,min,3,0.01562,na,na,29319,57766,750
set_covering_n100_m72_d0.35_b_w29_seed4.txt,Set Covering,100,Relaxed,5000,false,min,3,0.01567,na,na,29319,57766,750
set_covering_n100_m72_d0.35_b_w29_seed4.txt,Set Covering,100,Relaxed,10000,false,min,3,0.01575,na,na,29319,57766,750
set_covering_n100_m72_d0.35_b_w29_seed4.txt,Set Covering,100,Relaxed,20000,false,min,3,0.01582,na,na,29319,57766,750
set_covering_n100_m72_d0.45_b_w29_seed1.txt,Set Covering,100,Exact,99999,false,min,3,0.01565,na,na,29319,57766,750
set_covering_n100_m72_d0.45_b_w29_seed1.txt,Set Covering,100,Restricted,500,false,min,3,0.01170,na,na,23086,44949,526
set_covering_n100_m72_d0.45_b_w29_seed1.txt,Set Covering,100,Restricted,1000,false,min,3,0.01585,na,na,29319,57766,750
set_covering_n100_m72_d0.45_b_w29_seed1.txt,Set Covering,100,Restricted,2000,false,min,3,0.01583,na,na,29319,57766,750
set_covering_n100_m72_d0.45_b_w29_seed1.txt,Set Covering,100,Restricted,5000,false,min,3,0.01584,na,na,29319,57766,750
set_covering_n100_m72_d0.45_b_w29_seed1.txt,Set Covering,100,Restricted,10000,false,min,3,0.01575,na,na,29319,57766,750
set_covering_n100_m72_d0.45_b_w29_seed1.txt,Set Covering,100,Restricted,20000,false,min,3,0.01574,na,na,29319,57766,750
set_covering_n100_m72_d0.45_b_w29_seed1.txt,Set Covering,100,Relaxed,500,false,min,2,0.01393,na,na,22954,47353,527
set_covering_n100_m72_d0.45_b_w29_seed1.txt,Set Covering,100,Relaxed,1000,false,min,3,0.01636,na,na,29319,57766,750
set_covering_n100_m72_d0.45_b_w29_seed1.txt,Set Covering,100,Relaxed,2000,false,min,3,0.01654,na,na,29319,57766,750
set_covering_n100_m72_d0.45_b_w29_seed1.txt,Set Covering,100,Relaxed,5000,false,min,3,0.01575,na,na,29319,57766,750
set_covering_n100_m72_d0.45_b_w29_seed1.txt,Set Covering,100,Relaxed,10000,false,min,3,0.01593,na,na,29319,57766,750
set_covering_n100_m72_d0.45_b_w29_seed1.txt,Set Covering,100,Relaxed,20000,false,min,3,0.01608,na,na,29319,57766,750
set_covering_n100_m72_d0.45_b_w29_seed2.txt,Set Covering,100,Exact,99999,false,min,3,0.01582,na,na,29319,57766,750
set_covering_n100_m72_d0.45_b_w29_seed2.txt,Set Covering,100,Restricted,500,false,min,3,0.01176,na,na,23086,44949,526
set_covering_n100_m72_d0.45_b_w29_seed2.txt,Set Covering,100,Restricted,1000,false,min,3,0.01567,na,na,29319,57766,750
set_covering_n100_m72_d0.45_b_w29_seed2.txt,Set Covering,100,Restricted,2000,false,min,3,0.01598,na,na,29319,57766,750
set_covering_n100_m72_d0.45_b_w29_seed2.txt,Set Covering,100,Restricted,5000,false,min,3,0.01572,na,na,29319,57766,750
set_covering_n100_m72_d0.45_b_w29_seed2.txt,Set Covering,100,Restricted,10000,false,min,3,0.01558,na,na,29319,57766,750
set_covering_n100_m72_d0.45_b_w29_seed2.txt,Set Covering,100,Restricted,20000,false,min,3,0.01574,na,na,29319,57766,750
set_covering_n100_m72_d0.45_b_w29_seed2.txt,Set Covering,100,Relaxed,500,false,min,2,0.01374,na,na,22954,47353,527
set_covering_n100_m72_d0.45_b_w29_seed2.txt,Set Covering,100,Relaxed,1000,false,min,3,0.01560,na,na,29319,57766,750
set_covering_n100_m72_d0.45_b_w29_seed2.txt,Set Covering,100,Relaxed,2000,false,min,3,0.01575,na,na,29319,57766,750
set_covering_n100_m72_d0.45_b_w29_seed2.txt,Set Covering,100,Relaxed,5000,false,min,3,0.01560,na,na,29319,57766,750
set_covering_n100_m72_d0.45_b_w29_seed2.txt,Set Covering,100,Relaxed,10000,false,min,3,0.01563,na,na,29319,57766,750
set_covering_n100_m72_d0.45_b_w29_seed2.txt,Set Covering,100,Relaxed,20000,false,min,3,0.01559,na,na,29319,57766,750
set_covering_n100_m72_d0.45_b_w29_seed3.txt,Set Covering,100,Exact,99999,false,min,3,0.01602,na,na,29319,57766,750
set_covering_n100_m72_d0.45_b_w29_seed3.txt,Set Covering,100,Restricted,500,false,min,3,0.01175,na,na,23086,44949,526
set_covering_n100_m72_d0.45_b_w29_seed3.txt,Set Covering,100,Restricted,1000,false,min,3,0.01580,na,na,29319,57766,750
set_covering_n100_m72_d0.45_b_w29_seed3.txt,Set Covering,100,Restricted,2000,false,min,3,0.01602,na,na,29319,57766,750
set_covering_n100_m72_d0.45_b_w29_seed3.txt,Set Covering,100,Restricted,5000,false,min,3,0.01569,na,na,29319,57766,750
set_covering_n100_m72_d0.45_b_w29_seed3.txt,Set Covering,100,Restricted,10000,false,min,3,0.01566,na,na,29319,57766,750
set_covering_n100_m72_d0.45_b_w29_seed3.txt,Set Covering,100,Restricted,20000,false,min,3,0.01556,na,na,29319,57766,750
set_covering_n100_m72_d0.45_b_w29_seed3.txt,Set Covering,100,Relaxed,500,false,min,2,0.01370,na,na,22954,47353,527
set_covering_n100_m72_d0.45_b_w29_seed3.txt,Set Covering,100,Relaxed,1000,false,min,3,0.01584,na,na,29319,57766,750
set_covering_n100_m72_d0.45_b_w29_seed3.txt,Set Covering,100,Relaxed,2000,false,min,3,0.01592,na,na,29319,57766,750
set_covering_n100_m72_d0.45_b_w29_seed3.txt,Set Covering,100,Relaxed,5000,false,min,3,0.01557,na,na,29319,57766,750
set_covering_n100_m72_d0.45_b_w29_seed3.txt,Set Covering,100,Relaxed,10000,false,min,3,0.01555,na,na,29319,57766,750
set_covering_n100_m72_d0.45_b_w29_seed3.txt,Set Covering,100,Relaxed,20000,false,min,3,0.01567,na,na,29319,57766,750
set_covering_n100_m72_d0.45_b_w29_seed4.txt,Set Covering,100,Exact,99999,false,min,3,0.01555,na,na,29319,57766,750
set_covering_n100_m72_d0.45_b_w29_seed4.txt,Set Covering,100,Restricted,500,false,min,3,0.01168,na,na,23086,44949,526
set_covering_n100_m72_d0.45_b_w29_seed4.txt,Set Covering,100,Restricted,1000,false,min,3,0.01568,na,na,29319,57766,750
set_covering_n100_m72_d0.45_b_w29_seed4.txt,Set Covering,100,Restricted,2000,false,min,3,0.01722,na,na,29319,57766,750
set_covering_n100_m72_d0.45_b_w29_seed4.txt,Set Covering,100,Restricted,5000,false,min,3,0.01568,na,na,29319,57766,750
set_covering_n100_m72_d0.45_b_w29_seed4.txt,Set Covering,100,Restricted,10000,false,min,3,0.01576,na,na,29319,57766,750
set_covering_n100_m72_d0.45_b_w29_seed4.txt,Set Covering,100,Restricted,20000,false,min,3,0.01566,na,na,29319,57766,750
set_covering_n100_m72_d0.45_b_w29_seed4.txt,Set Covering,100,Relaxed,500,false,min,2,0.01397,na,na,22954,47353,527
set_covering_n100_m72_d0.45_b_w29_seed4.txt,Set Covering,100,Relaxed,1000,false,min,3,0.01571,na,na,29319,57766,750
set_covering_n100_m72_d0.45_b_w29_seed4.txt,Set Covering,100,Relaxed,2000,false,min,3,0.01558,na,na,29319,57766,750
set_covering_n100_m72_d0.45_b_w29_seed4.txt,Set Covering,100,Relaxed,5000,false,min,3,0.01578,na,na,29319,57766,750
set_covering_n100_m72_d0.45_b_w29_seed4.txt,Set Covering,100,Relaxed,10000,false,min,3,0.01578,na,na,29319,57766,750
set_covering_n100_m72_d0.45_b_w29_seed4.txt,Set Covering,100,Relaxed,20000,false,min,3,0.01569,na,na,29319,57766,750
set_covering_n100_m75_d0.1_b_w26_seed1.txt,Set Covering,100,Restricted,500,false,min,15,0.02688,na,na,65022,71315,1000
set_covering_n100_m75_d0.1_b_w26_seed1.txt,Set Covering,100,Restricted,1000,false,min,14,0.05249,na,na,125001,137988,2000
set_covering_n100_m75_d0.1_b_w26_seed1.txt,Set Covering,100,Restricted,2000,false,min,14,0.10473,na,na,240289,263359,4000
set_covering_n100_m75_d0.1_b_w26_seed1.txt,Set Covering,100,Restricted,5000,false,min,14,0.29606,na,na,569494,618560,10000
set_covering_n100_m75_d0.1_b_w26_seed1.txt,Set Covering,100,Restricted,10000,false,min,14,0.65609,na,na,1089557,1176082,19991
set_covering_n100_m75_d0.1_b_w26_seed1.txt,Set Covering,100,Restricted,20000,false,min,13,1.53455,na,na,2085539,2258532,39990
set_covering_n100_m75_d0.1_b_w26_seed1.txt,Set Covering,100,Relaxed,500,false,min,2,0.03225,na,na,64478,96460,1001
set_covering_n100_m75_d0.1_b_w26_seed1.txt,Set Covering,100,Relaxed,1000,false,min,3,0.06466,na,na,125346,187710,2001
set_covering_n100_m75_d0.1_b_w26_seed1.txt,Set Covering,100,Relaxed,2000,false,min,3,0.13818,na,na,240617,359157,4001
set_covering_n100_m75_d0.1_b_w26_seed1.txt,Set Covering,100,Relaxed,5000,false,min,3,0.38587,na,na,569407,848640,9999
set_covering_n100_m75_d0.1_b_w26_seed1.txt,Set Covering,100,Relaxed,10000,false,min,4,0.84501,na,na,1089698,1621470,19988
set_covering_n100_m75_d0.1_b_w26_seed1.txt,Set Covering,100,Relaxed,20000,false,min,4,2.06504,na,na,2085959,3117801,39989
set_covering_n100_m75_d0.1_b_w26_seed2.txt,Set Covering,100,Restricted,500,false,min,14,0.02563,na,na,62558,68060,1000
set_covering_n100_m75_d0.1_b_w26_seed2.txt,Set Covering,100,Restricted,1000,false,min,13,0.04924,na,na,120720,131922,2000
set_covering_n100_m75_d0.1_b_w26_seed2.txt,Set Covering,100,Restricted,2000,false,min,13,0.10113,na,na,231387,253368,4000
set_covering_n100_m75_d0.1_b_w26_seed2.txt,Set Covering,100,Restricted,5000,false,min,12,0.29429,na,na,562601,619648,9999
set_covering_n100_m75_d0.1_b_w26_seed2.txt,Set Covering,100,Restricted,10000,false,min,12,0.65547,na,na,1076976,1186017,19993
set_covering_n100_m75_d0.1_b_w26_seed2.txt,Set Covering,100,Relaxed,500,false,min,2,0.03290,na,na,62500,93302,1001
set_covering_n100_m75_d0.1_b_w26_seed2.txt,Set Covering,100,Restricted,20000,false,min,12,1.57680,na,na,2063220,2265869,39970
set_covering_n100_m75_d0.1_b_w26_seed2.txt,Set Covering,100,Relaxed,1000,false,min,3,0.06381,na,na,120278,179881,2000
set_covering_n100_m75_d0.1_b_w26_seed2.txt,Set Covering,100,Relaxed,2000,false,min,3,0.13225,na,na,231565,346403,4000
set_covering_n100_m75_d0.1_b_w26_seed2.txt,Set Covering,100,Relaxed,5000,false,min,3,0.40601,na,na,562940,844115,9998
set_covering_n100_m75_d0.1_b_w26_seed2.txt,Set Covering,100,Relaxed,10000,false,min,4,0.91637,na,na,1077174,1616089,19992
set_covering_n100_m75_d0.1_b_w26_seed2.txt,Set Covering,100,Relaxed,20000,false,min,4,2.15601,na,na,2064030,3095353,39970
set_covering_n100_m75_d0.1_b_w26_seed3.txt,Set Covering,100,Restricted,500,false,min,16,0.02620,na,na,63806,68534,1000
set_covering_n100_m75_d0.1_b_w26_seed3.txt,Set Covering,100,Restricted,1000,false,min,15,0.05000,na,na,124196,133509,2000
set_covering_n100_m75_d0.1_b_w26_seed3.txt,Set Covering,100,Restricted,2000,false,min,15,0.10746,na,na,240641,261098,4000
set_covering_n100_m75_d0.1_b_w26_seed3.txt,Set Covering,100,Restricted,5000,false,min,14,0.29371,na,na,569768,617594,10000
set_covering_n100_m75_d0.1_b_w26_seed3.txt,Set Covering,100,Restricted,10000,false,min,14,0.68052,na,na,1106443,1208042,19997
set_covering_n100_m75_d0.1_b_w26_seed3.txt,Set Covering,100,Relaxed,500,false,min,2,0.03380,na,na,63702,94520,1001
set_covering_n100_m75_d0.1_b_w26_seed3.txt,Set Covering,100,Restricted,20000,false,min,13,1.73068,na,na,2135517,2350278,39981
set_covering_n100_m75_d0.1_b_w26_seed3.txt,Set Covering,100,Relaxed,1000,false,min,3,0.06792,na,na,124020,183933,2001
set_covering_n100_m75_d0.1_b_w26_seed3.txt,Set Covering,100,Relaxed,2000,false,min,3,0.13788,na,na,240407,357545,4001
set_covering_n100_m75_d0.1_b_w26_seed3.txt,Set Covering,100,Relaxed,5000,false,min,3,0.41309,na,na,568770,846807,10001
set_covering_n100_m75_d0.1_b_w26_seed3.txt,Set Covering,100,Relaxed,10000,false,min,4,0.97717,na,na,1105799,1654445,19996
set_covering_n100_m75_d0.1_b_w26_seed3.txt,Set Covering,100,Relaxed,20000,false,min,4,2.38318,na,na,2135591,3211037,39980
set_covering_n100_m75_d0.1_b_w26_seed4.txt,Set Covering,100,Restricted,500,false,min,12,0.02701,na,na,62894,68799,1000
set_covering_n100_m75_d0.1_b_w26_seed4.txt,Set Covering,100,Restricted,1000,false,min,12,0.05285,na,na,121637,133128,2000
set_covering_n100_m75_d0.1_b_w26_seed4.txt,Set Covering,100,Restricted,2000,false,min,12,0.11025,na,na,235555,257396,4000
set_covering_n100_m75_d0.1_b_w26_seed4.txt,Set Covering,100,Restricted,5000,false,min,12,0.32343,na,na,566750,622499,10000
set_covering_n100_m75_d0.1_b_w26_seed4.txt,Set Covering,100,Restricted,10000,false,min,12,0.78421,na,na,1098788,1215733,19997
set_covering_n100_m75_d0.1_b_w26_seed4.txt,Set Covering,100,Restricted,20000,false,min,12,1.93619,na,na,2113288,2354439,39970
set_covering_n100_m75_d0.1_b_w26_seed4.txt,Set Covering,100,Relaxed,500,false,min,3,0.03329,na,na,62604,94311,1001
set_covering_n100_m75_d0.1_b_w26_seed4.txt,Set Covering,100,Relaxed,1000,false,min,4,0.06676,na,na,121057,182196,2001
set_covering_n100_m75_d0.1_b_w26_seed4.txt,Set Covering,100,Relaxed,2000,false,min,4,0.13935,na,na,235482,353360,4001
set_covering_n100_m75_d0.1_b_w26_seed4.txt,Set Covering,100,Relaxed,5000,false,min,4,0.41282,na,na,566821,853675,9999
set_covering_n100_m75_d0.1_b_w26_seed4.txt,Set Covering,100,Relaxed,10000,false,min,4,1.01038,na,na,1098762,1664003,19999
set_covering_n100_m75_d0.1_b_w26_seed4.txt,Set Covering,100,Relaxed,20000,false,min,4,2.59930,na,na,2113616,3213399,39971
set_covering_n100_m75_d0.2_b_w26_seed1.txt,Set Covering,100,Exact,99999,false,min,5,17.40359,na,na,12898666,24296656,1035854
set_covering_n100_m75_d0.2_b_w26_seed1.txt,Set Covering,100,Restricted,500,false,min,6,0.02597,na,na,59247,73197,997
set_covering_n100_m75_d0.2_b_w26_seed1.txt,Set Covering,100,Restricted,1000,false,min,6,0.04917,na,na,108425,137695,1985
set_covering_n100_m75_d0.2_b_w26_seed1.txt,Set Covering,100,Restricted,2000,false,min,6,0.09440,na,na,199333,259944,3945
set_covering_n100_m75_d0.2_b_w26_seed1.txt,Set Covering,100,Restricted,5000,false,min,6,0.23330,na,na,415200,550914,9643
set_covering_n100_m75_d0.2_b_w26_seed1.txt,Set Covering,100,Restricted,10000,false,min,5,0.48300,na,na,700407,951264,18739
set_covering_n100_m75_d0.2_b_w26_seed1.txt,Set Covering,100,Restricted,20000,false,min,5,1.02536,na,na,1201411,1675391,36011
set_covering_n100_m75_d0.2_b_w26_seed1.txt,Set Covering,100,Relaxed,500,false,min,2,0.03247,na,na,59148,95911,996
set_covering_n100_m75_d0.2_b_w26_seed1.txt,Set Covering,100,Relaxed,1000,false,min,3,0.06329,na,na,108272,178822,1984
set_covering_n100_m75_d0.2_b_w26_seed1.txt,Set Covering,100,Relaxed,2000,false,min,3,0.12758,na,na,199265,333271,3942
set_covering_n100_m75_d0.2_b_w26_seed1.txt,Set Covering,100,Relaxed,5000,false,min,3,0.31284,na,na,415025,703609,9646
set_covering_n100_m75_d0.2_b_w26_seed1.txt,Set Covering,100,Relaxed,10000,false,min,3,0.63352,na,na,700385,1212169,18732
set_covering_n100_m75_d0.2_b_w26_seed1.txt,Set Covering,100,Relaxed,20000,false,min,4,1.33292,na,na,1201579,2115308,35999
set_covering_n100_m75_d0.2_b_w26_seed2.txt,Set Covering,100,Exact,99999,false,min,5,28.69027,na,na,19628472,36838734,1713426
set_covering_n100_m75_d0.2_b_w26_seed2.txt,Set Covering,100,Restricted,500,false,min,7,0.02724,na,na,58638,70750,1000
set_covering_n100_m75_d0.2_b_w26_seed2.txt,Set Covering,100,Restricted,1000,false,min,7,0.04841,na,na,107205,132934,1998
set_covering_n100_m75_d0.2_b_w26_seed2.txt,Set Covering,100,Restricted,2000,false,min,6,0.09292,na,na,195353,250282,3980
set_covering_n100_m75_d0.2_b_w26_seed2.txt,Set Covering,100,Restricted,5000,false,min,6,0.22636,na,na,412754,540702,9764
set_covering_n100_m75_d0.2_b_w26_seed2.txt,Set Covering,100,Restricted,10000,false,min,6,0.47935,na,na,714108,951468,19334
set_covering_n100_m75_d0.2_b_w26_seed2.txt,Set Covering,100,Restricted,20000,false,min,5,1.06054,na,na,1218781,1666834,37668
set_covering_n100_m75_d0.2_b_w26_seed2.txt,Set Covering,100,Relaxed,500,false,min,2,0.03435,na,na,58603,94439,999
set_covering_n100_m75_d0.2_b_w26_seed2.txt,Set Covering,100,Relaxed,1000,false,min,2,0.06943,na,na,107248,174920,1997
set_covering_n100_m75_d0.2_b_w26_seed2.txt,Set Covering,100,Relaxed,2000,false,min,3,0.13174,na,na,194976,323706,3981
set_covering_n100_m75_d0.2_b_w26_seed2.txt,Set Covering,100,Relaxed,5000,false,min,3,0.31783,na,na,412482,695416,9760
set_covering_n100_m75_d0.2_b_w26_seed2.txt,Set Covering,100,Relaxed,10000,false,min,3,0.64680,na,na,714208,1217398,19331
set_covering_n100_m75_d0.2_b_w26_seed2.txt,Set Covering,100,Relaxed,20000,false,min,4,1.37942,na,na,1218409,2106019,37675
set_covering_n100_m75_d0.2_b_w26_seed3.txt,Set Covering,100,Exact,99999,false,min,5,14.39573,na,na,10588423,19958533,700469
set_covering_n100_m75_d0.2_b_w26_seed3.txt,Set Covering,100,Restricted,500,false,min,6,0.02587,na,na,58494,71157,999
set_covering_n100_m75_d0.2_b_w26_seed3.txt,Set Covering,100,Restricted,1000,false,min,6,0.04819,na,na,109627,136579,1980
set_covering_n100_m75_d0.2_b_w26_seed3.txt,Set Covering,100,Restricted,2000,false,min,5,0.09216,na,na,200435,255820,3907
set_covering_n100_m75_d0.2_b_w26_seed3.txt,Set Covering,100,Restricted,5000,false,min,5,0.22660,na,na,421706,548685,9597
set_covering_n100_m75_d0.2_b_w26_seed3.txt,Set Covering,100,Restricted,10000,false,min,5,0.48322,na,na,722621,966174,18775
set_covering_n100_m75_d0.2_b_w26_seed3.txt,Set Covering,100,Restricted,20000,false,min,5,1.09392,na,na,1237063,1733971,36814
set_covering_n100_m75_d0.2_b_w26_seed3.txt,Set Covering,100,Relaxed,500,false,min,2,0.03461,na,na,58421,94547,998
set_covering_n100_m75_d0.2_b_w26_seed3.txt,Set Covering,100,Relaxed,1000,false,min,2,0.06536,na,na,109432,179977,1980
set_covering_n100_m75_d0.2_b_w26_seed3.txt,Set Covering,100,Relaxed,2000,false,min,3,0.12964,na,na,200435,332147,3904
set_covering_n100_m75_d0.2_b_w26_seed3.txt,Set Covering,100,Relaxed,5000,false,min,3,0.32025,na,na,421208,712377,9603
set_covering_n100_m75_d0.2_b_w26_seed3.txt,Set Covering,100,Relaxed,10000,false,min,3,0.68679,na,na,722924,1252257,18771
set_covering_n100_m75_d0.2_b_w26_seed3.txt,Set Covering,100,Relaxed,20000,false,min,4,1.46730,na,na,1236984,2195818,36818
set_covering_n100_m75_d0.2_b_w26_seed4.txt,Set Covering,100,Exact,99999,false,min,5,31.05306,na,na,21428844,40269040,1967106
set_covering_n100_m75_d0.2_b_w26_seed4.txt,Set Covering,100,Restricted,500,false,min,6,0.02637,na,na,58002,69916,999
set_covering_n100_m75_d0.2_b_w26_seed4.txt,Set Covering,100,Restricted,1000,false,min,6,0.04966,na,na,106957,132172,1987
set_covering_n100_m75_d0.2_b_w26_seed4.txt,Set Covering,100,Restricted,2000,false,min,6,0.09587,na,na,197501,251135,3931
set_covering_n100_m75_d0.2_b_w26_seed4.txt,Set Covering,100,Restricted,5000,false,min,6,0.24243,na,na,421382,551470,9728
set_covering_n100_m75_d0.2_b_w26_seed4.txt,Set Covering,100,Restricted,10000,false,min,6,0.51169,na,na,727101,972534,18804
set_covering_n100_m75_d0.2_b_w26_seed4.txt,Set Covering,100,Restricted,20000,false,min,5,1.12468,na,na,1243574,1714079,36152
set_covering_n100_m75_d0.2_b_w26_seed4.txt,Set Covering,100,Relaxed,500,false,min,3,0.03305,na,na,57987,93522,997
set_covering_n100_m75_d0.2_b_w26_seed4.txt,Set Covering,100,Relaxed,1000,false,min,3,0.06342,na,na,106941,174518,1985
set_covering_n100_m75_d0.2_b_w26_seed4.txt,Set Covering,100,Relaxed,2000,false,min,3,0.12762,na,na,197695,327546,3932
set_covering_n100_m75_d0.2_b_w26_seed4.txt,Set Covering,100,Relaxed,5000,false,min,3,0.33103,na,na,421681,712009,9730
set_covering_n100_m75_d0.2_b_w26_seed4.txt,Set Covering,100,Relaxed,10000,false,min,3,0.69197,na,na,727321,1245901,18795
set_covering_n100_m75_d0.3_b_w26_seed1.txt,Set Covering,100,Exact,99999,false,min,3,0.01582,na,na,28301,55625,675
set_covering_n100_m75_d0.2_b_w26_seed4.txt,Set Covering,100,Relaxed,20000,false,min,4,1.41191,na,na,1243247,2164743,36173
set_covering_n100_m75_d0.3_b_w26_seed1.txt,Set Covering,100,Restricted,500,false,min,3,0.01196,na,na,22700,44212,518
set_covering_n100_m75_d0.3_b_w26_seed1.txt,Set Covering,100,Restricted,1000,false,min,3,0.01554,na,na,28301,55625,675
set_covering_n100_m75_d0.3_b_w26_seed1.txt,Set Covering,100,Restricted,2000,false,min,3,0.01534,na,na,28301,55625,675
set_covering_n100_m75_d0.3_b_w26_seed1.txt,Set Covering,100,Restricted,5000,false,min,3,0.01553,na,na,28301,55625,675
set_covering_n100_m75_d0.3_b_w26_seed1.txt,Set Covering,100,Restricted,10000,false,min,3,0.01548,na,na,28301,55625,675
set_covering_n100_m75_d0.3_b_w26_seed1.txt,Set Covering,100,Restricted,20000,false,min,3,0.01560,na,na,28301,55625,675
set_covering_n100_m75_d0.3_b_w26_seed1.txt,Set Covering,100,Relaxed,500,false,min,3,0.01465,na,na,22676,47656,518
set_covering_n100_m75_d0.3_b_w26_seed1.txt,Set Covering,100,Relaxed,1000,false,min,3,0.01555,na,na,28301,55625,675
set_covering_n100_m75_d0.3_b_w26_seed1.txt,Set Covering,100,Relaxed,2000,false,min,3,0.01566,na,na,28301,55625,675
set_covering_n100_m75_d0.3_b_w26_seed1.txt,Set Covering,100,Relaxed,5000,false,min,3,0.01709,na,na,28301,55625,675
set_covering_n100_m75_d0.3_b_w26_seed1.txt,Set Covering,100,Relaxed,10000,false,min,3,0.01561,na,na,28301,55625,675
set_covering_n100_m75_d0.3_b_w26_seed1.txt,Set Covering,100,Relaxed,20000,false,min,3,0.01556,na,na,28301,55625,675
set_covering_n100_m75_d0.3_b_w26_seed2.txt,Set Covering,100,Exact,99999,false,min,3,0.01558,na,na,28301,55625,675
set_covering_n100_m75_d0.3_b_w26_seed2.txt,Set Covering,100,Restricted,500,false,min,3,0.01208,na,na,22700,44212,518
set_covering_n100_m75_d0.3_b_w26_seed2.txt,Set Covering,100,Restricted,1000,false,min,3,0.01555,na,na,28301,55625,675
set_covering_n100_m75_d0.3_b_w26_seed2.txt,Set Covering,100,Restricted,2000,false,min,3,0.01545,na,na,28301,55625,675
set_covering_n100_m75_d0.3_b_w26_seed2.txt,Set Covering,100,Restricted,5000,false,min,3,0.01541,na,na,28301,55625,675
set_covering_n100_m75_d0.3_b_w26_seed2.txt,Set Covering,100,Restricted,10000,false,min,3,0.01541,na,na,28301,55625,675
set_covering_n100_m75_d0.3_b_w26_seed2.txt,Set Covering,100,Restricted,20000,false,min,3,0.01542,na,na,28301,55625,675
set_covering_n100_m75_d0.3_b_w26_seed2.txt,Set Covering,100,Relaxed,500,false,min,3,0.01455,na,na,22676,47656,518
set_covering_n100_m75_d0.3_b_w26_seed2.txt,Set Covering,100,Relaxed,1000,false,min,3,0.01549,na,na,28301,55625,675
set_covering_n100_m75_d0.3_b_w26_seed2.txt,Set Covering,100,Relaxed,2000,false,min,3,0.01544,na,na,28301,55625,675
set_covering_n100_m75_d0.3_b_w26_seed2.txt,Set Covering,100,Relaxed,5000,false,min,3,0.01527,na,na,28301,55625,675
set_covering_n100_m75_d0.3_b_w26_seed2.txt,Set Covering,100,Relaxed,10000,false,min,3,0.01525,na,na,28301,55625,675
set_covering_n100_m75_d0.3_b_w26_seed2.txt,Set Covering,100,Relaxed,20000,false,min,3,0.01536,na,na,28301,55625,675
set_covering_n100_m75_d0.3_b_w26_seed3.txt,Set Covering,100,Exact,99999,false,min,3,0.01528,na,na,28301,55625,675
set_covering_n100_m75_d0.3_b_w26_seed3.txt,Set Covering,100,Restricted,500,false,min,3,0.01215,na,na,22700,44212,518
set_covering_n100_m75_d0.3_b_w26_seed3.txt,Set Covering,100,Restricted,1000,false,min,3,0.01567,na,na,28301,55625,675
set_covering_n100_m75_d0.3_b_w26_seed3.txt,Set Covering,100,Restricted,2000,false,min,3,0.01567,na,na,28301,55625,675
set_covering_n100_m75_d0.3_b_w26_seed3.txt,Set Covering,100,Restricted,5000,false,min,3,0.01527,na,na,28301,55625,675
set_covering_n100_m75_d0.3_b_w26_seed3.txt,Set Covering,100,Restricted,10000,false,min,3,0.01556,na,na,28301,55625,675
set_covering_n100_m75_d0.3_b_w26_seed3.txt,Set Covering,100,Restricted,20000,false,min,3,0.01542,na,na,28301,55625,675
set_covering_n100_m75_d0.3_b_w26_seed3.txt,Set Covering,100,Relaxed,500,false,min,3,0.01434,na,na,22676,47656,518
set_covering_n100_m75_d0.3_b_w26_seed3.txt,Set Covering,100,Relaxed,1000,false,min,3,0.01517,na,na,28301,55625,675
set_covering_n100_m75_d0.3_b_w26_seed3.txt,Set Covering,100,Relaxed,2000,false,min,3,0.01517,na,na,28301,55625,675
set_covering_n100_m75_d0.3_b_w26_seed3.txt,Set Covering,100,Relaxed,5000,false,min,3,0.01521,na,na,28301,55625,675
set_covering_n100_m75_d0.3_b_w26_seed3.txt,Set Covering,100,Relaxed,10000,false,min,3,0.01533,na,na,28301,55625,675
set_covering_n100_m75_d0.3_b_w26_seed3.txt,Set Covering,100,Relaxed,20000,false,min,3,0.01513,na,na,28301,55625,675
set_covering_n100_m75_d0.3_b_w26_seed4.txt,Set Covering,100,Exact,99999,false,min,3,0.01526,na,na,28301,55625,675
set_covering_n100_m75_d0.3_b_w26_seed4.txt,Set Covering,100,Restricted,500,false,min,3,0.01198,na,na,22700,44212,518
set_covering_n100_m75_d0.3_b_w26_seed4.txt,Set Covering,100,Restricted,1000,false,min,3,0.01516,na,na,28301,55625,675
set_covering_n100_m75_d0.3_b_w26_seed4.txt,Set Covering,100,Restricted,2000,false,min,3,0.01514,na,na,28301,55625,675
set_covering_n100_m75_d0.3_b_w26_seed4.txt,Set Covering,100,Restricted,5000,false,min,3,0.01505,na,na,28301,55625,675
set_covering_n100_m75_d0.3_b_w26_seed4.txt,Set Covering,100,Restricted,10000,false,min,3,0.01510,na,na,28301,55625,675
set_covering_n100_m75_d0.3_b_w26_seed4.txt,Set Covering,100,Restricted,20000,false,min,3,0.01513,na,na,28301,55625,675
set_covering_n100_m75_d0.3_b_w26_seed4.txt,Set Covering,100,Relaxed,500,false,min,3,0.01447,na,na,22676,47656,518
set_covering_n100_m75_d0.3_b_w26_seed4.txt,Set Covering,100,Relaxed,1000,false,min,3,0.01546,na,na,28301,55625,675
set_covering_n100_m75_d0.3_b_w26_seed4.txt,Set Covering,100,Relaxed,2000,false,min,3,0.01538,na,na,28301,55625,675
set_covering_n100_m75_d0.3_b_w26_seed4.txt,Set Covering,100,Relaxed,5000,false,min,3,0.01540,na,na,28301,55625,675
set_covering_n100_m75_d0.3_b_w26_seed4.txt,Set Covering,100,Relaxed,10000,false,min,3,0.01512,na,na,28301,55625,675
set_covering_n100_m75_d0.3_b_w26_seed4.txt,Set Covering,100,Relaxed,20000,false,min,3,0.01520,na,na,28301,55625,675
set_covering_n100_m75_d0.4_b_w26_seed1.txt,Set Covering,100,Exact,99999,false,min,3,0.01514,na,na,28301,55625,675
set_covering_n100_m75_d0.4_b_w26_seed1.txt,Set Covering,100,Restricted,500,false,min,3,0.01194,na,na,22700,44212,518
set_covering_n100_m75_d0.4_b_w26_seed1.txt,Set Covering,100,Restricted,1000,false,min,3,0.01521,na,na,28301,55625,675
set_covering_n100_m75_d0.4_b_w26_seed1.txt,Set Covering,100,Restricted,2000,false,min,3,0.01518,na,na,28301,55625,675
set_covering_n100_m75_d0.4_b_w26_seed1.txt,Set Covering,100,Restricted,5000,false,min,3,0.01518,na,na,28301,55625,675
set_covering_n100_m75_d0.4_b_w26_seed1.txt,Set Covering,100,Restricted,10000,false,min,3,0.01529,na,na,28301,55625,675
set_covering_n100_m75_d0.4_b_w26_seed1.txt,Set Covering,100,Restricted,20000,false,min,3,0.01516,na,na,28301,55625,675
set_covering_n100_m75_d0.4_b_w26_seed1.txt,Set Covering,100,Relaxed,500,false,min,3,0.01425,na,na,22676,47656,518
set_covering_n100_m75_d0.4_b_w26_seed1.txt,Set Covering,100,Relaxed,1000,false,min,3,0.01529,na,na,28301,55625,675
set_covering_n100_m75_d0.4_b_w26_seed1.txt,Set Covering,100,Relaxed,2000,false,min,3,0.01531,na,na,28301,55625,675
set_covering_n100_m75_d0.4_b_w26_seed1.txt,Set Covering,100,Relaxed,5000,false,min,3,0.01538,na,na,28301,55625,675
set_covering_n100_m75_d0.4_b_w26_seed1.txt,Set Covering,100,Relaxed,10000,false,min,3,0.01533,na,na,28301,55625,675
set_covering_n100_m75_d0.4_b_w26_seed1.txt,Set Covering,100,Relaxed,20000,false,min,3,0.01532,na,na,28301,55625,675
set_covering_n100_m75_d0.4_b_w26_seed2.txt,Set Covering,100,Exact,99999,false,min,3,0.01531,na,na,28301,55625,675
set_covering_n100_m75_d0.4_b_w26_seed2.txt,Set Covering,100,Restricted,500,false,min,3,0.01193,na,na,22700,44212,518
set_covering_n100_m75_d0.4_b_w26_seed2.txt,Set Covering,100,Restricted,1000,false,min,3,0.01517,na,na,28301,55625,675
set_covering_n100_m75_d0.4_b_w26_seed2.txt,Set Covering,100,Restricted,2000,false,min,3,0.01532,na,na,28301,55625,675
set_covering_n100_m75_d0.4_b_w26_seed2.txt,Set Covering,100,Restricted,5000,false,min,3,0.01522,na,na,28301,55625,675
set_covering_n100_m75_d0.4_b_w26_seed2.txt,Set Covering,100,Restricted,10000,false,min,3,0.01505,na,na,28301,55625,675
set_covering_n100_m75_d0.4_b_w26_seed2.txt,Set Covering,100,Restricted,20000,false,min,3,0.01522,na,na,28301,55625,675
set_covering_n100_m75_d0.4_b_w26_seed2.txt,Set Covering,100,Relaxed,500,false,min,3,0.01430,na,na,22676,47656,518
set_covering_n100_m75_d0.4_b_w26_seed2.txt,Set Covering,100,Relaxed,1000,false,min,3,0.01512,na,na,28301,55625,675
set_covering_n100_m75_d0.4_b_w26_seed2.txt,Set Covering,100,Relaxed,2000,false,min,3,0.01541,na,na,28301,55625,675
set_covering_n100_m75_d0.4_b_w26_seed2.txt,Set Covering,100,Relaxed,5000,false,min,3,0.01566,na,na,28301,55625,675
set_covering_n100_m75_d0.4_b_w26_seed2.txt,Set Covering,100,Relaxed,10000,false,min,3,0.01517,na,na,28301,55625,675
set_covering_n100_m75_d0.4_b_w26_seed2.txt,Set Covering,100,Relaxed,20000,false,min,3,0.01515,na,na,28301,55625,675
set_covering_n100_m75_d0.4_b_w26_seed3.txt,Set Covering,100,Exact,99999,false,min,3,0.01505,na,na,28301,55625,675
set_covering_n100_m75_d0.4_b_w26_seed3.txt,Set Covering,100,Restricted,500,false,min,3,0.01198,na,na,22700,44212,518
set_covering_n100_m75_d0.4_b_w26_seed3.txt,Set Covering,100,Restricted,1000,false,min,3,0.01526,na,na,28301,55625,675
set_covering_n100_m75_d0.4_b_w26_seed3.txt,Set Covering,100,Restricted,2000,false,min,3,0.01497,na,na,28301,55625,675
set_covering_n100_m75_d0.4_b_w26_seed3.txt,Set Covering,100,Restricted,5000,false,min,3,0.01520,na,na,28301,55625,675
set_covering_n100_m75_d0.4_b_w26_seed3.txt,Set Covering,100,Restricted,10000,false,min,3,0.01500,na,na,28301,55625,675
set_covering_n100_m75_d0.4_b_w26_seed3.txt,Set Covering,100,Restricted,20000,false,min,3,0.01505,na,na,28301,55625,675
set_covering_n100_m75_d0.4_b_w26_seed3.txt,Set Covering,100,Relaxed,500,false,min,3,0.01423,na,na,22676,47656,518
set_covering_n100_m75_d0.4_b_w26_seed3.txt,Set Covering,100,Relaxed,1000,false,min,3,0.01505,na,na,28301,55625,675
set_covering_n100_m75_d0.4_b_w26_seed3.txt,Set Covering,100,Relaxed,2000,false,min,3,0.01526,na,na,28301,55625,675
set_covering_n100_m75_d0.4_b_w26_seed3.txt,Set Covering,100,Relaxed,5000,false,min,3,0.01516,na,na,28301,55625,675
set_covering_n100_m75_d0.4_b_w26_seed3.txt,Set Covering,100,Relaxed,10000,false,min,3,0.01558,na,na,28301,55625,675
set_covering_n100_m75_d0.4_b_w26_seed3.txt,Set Covering,100,Relaxed,20000,false,min,3,0.01510,na,na,28301,55625,675
set_covering_n100_m75_d0.4_b_w26_seed4.txt,Set Covering,100,Exact,99999,false,min,3,0.01504,na,na,28301,55625,675
set_covering_n100_m75_d0.4_b_w26_seed4.txt,Set Covering,100,Restricted,500,false,min,3,0.01199,na,na,22700,44212,518
set_covering_n100_m75_d0.4_b_w26_seed4.txt,Set Covering,100,Restricted,1000,false,min,3,0.01503,na,na,28301,55625,675
set_covering_n100_m75_d0.4_b_w26_seed4.txt,Set Covering,100,Restricted,2000,false,min,3,0.01522,na,na,28301,55625,675
set_covering_n100_m75_d0.4_b_w26_seed4.txt,Set Covering,100,Restricted,5000,false,min,3,0.01536,na,na,28301,55625,675
set_covering_n100_m75_d0.4_b_w26_seed4.txt,Set Covering,100,Restricted,10000,false,min,3,0.01537,na,na,28301,55625,675
set_covering_n100_m75_d0.4_b_w26_seed4.txt,Set Covering,100,Restricted,20000,false,min,3,0.01539,na,na,28301,55625,675
set_covering_n100_m75_d0.4_b_w26_seed4.txt,Set Covering,100,Relaxed,500,false,min,3,0.01449,na,na,22676,47656,518
set_covering_n100_m75_d0.4_b_w26_seed4.txt,Set Covering,100,Relaxed,1000,false,min,3,0.01533,na,na,28301,55625,675
set_covering_n100_m75_d0.4_b_w26_seed4.txt,Set Covering,100,Relaxed,2000,false,min,3,0.01541,na,na,28301,55625,675
set_covering_n100_m75_d0.4_b_w26_seed4.txt,Set Covering,100,Relaxed,5000,false,min,3,0.01534,na,na,28301,55625,675
set_covering_n100_m75_d0.4_b_w26_seed4.txt,Set Covering,100,Relaxed,10000,false,min,3,0.01544,na,na,28301,55625,675
set_covering_n100_m75_d0.4_b_w26_seed4.txt,Set Covering,100,Relaxed,20000,false,min,3,0.01535,na,na,28301,55625,675
set_covering_n100_m75_d0.05_b_w26_seed1.txt,Set Covering,100,Restricted,500,false,min,27,0.02136,na,na,50769,55067,1000
set_covering_n100_m75_d0.05_b_w26_seed1.txt,Set Covering,100,Restricted,1000,false,min,26,0.04226,na,na,101481,109213,2000
set_covering_n100_m75_d0.05_b_w26_seed1.txt,Set Covering,100,Restricted,2000,false,min,26,0.08489,na,na,195889,210186,4000
set_covering_n100_m75_d0.05_b_w26_seed1.txt,Set Covering,100,Restricted,5000,false,min,24,0.24286,na,na,469085,509480,10000
set_covering_n100_m75_d0.05_b_w26_seed1.txt,Set Covering,100,Restricted,10000,false,min,24,0.54957,na,na,921794,1001830,20000
set_covering_n100_m75_d0.05_b_w26_seed1.txt,Set Covering,100,Relaxed,500,false,min,4,0.02488,na,na,48162,72923,1001
set_covering_n100_m75_d0.05_b_w26_seed1.txt,Set Covering,100,Restricted,20000,false,min,24,1.37684,na,na,1783491,1943657,39996
set_covering_n100_m75_d0.05_b_w26_seed1.txt,Set Covering,100,Relaxed,1000,false,min,4,0.05295,na,na,99701,145065,2001
set_covering_n100_m75_d0.05_b_w26_seed1.txt,Set Covering,100,Relaxed,2000,false,min,4,0.10985,na,na,196397,280138,4001
set_covering_n100_m75_d0.05_b_w26_seed1.txt,Set Covering,100,Relaxed,5000,false,min,5,0.31783,na,na,468061,673322,10001
set_covering_n100_m75_d0.05_b_w26_seed1.txt,Set Covering,100,Relaxed,10000,false,min,5,0.74028,na,na,921391,1322128,20001
set_covering_n100_m75_d0.5_b_w26_seed1.txt,Set Covering,100,Exact,99999,false,min,3,0.01523,na,na,28301,55625,675
set_covering_n100_m75_d0.05_b_w26_seed1.txt,Set Covering,100,Relaxed,20000,false,min,5,1.78498,na,na,1783879,2562014,39997
set_covering_n100_m75_d0.5_b_w26_seed1.txt,Set Covering,100,Restricted,500,false,min,3,0.01200,na,na,22700,44212,518
set_covering_n100_m75_d0.5_b_w26_seed1.txt,Set Covering,100,Restricted,1000,false,min,3,0.01539,na,na,28301,55625,675
set_covering_n100_m75_d0.5_b_w26_seed1.txt,Set Covering,100,Restricted,2000,false,min,3,0.01525,na,na,28301,55625,675
set_covering_n100_m75_d0.5_b_w26_seed1.txt,Set Covering,100,Restricted,5000,false,min,3,0.01532,na,na,28301,55625,675
set_covering_n100_m75_d0.5_b_w26_seed1.txt,Set Covering,100,Restricted,10000,false,min,3,0.01516,na,na,28301,55625,675
set_covering_n100_m75_d0.5_b_w26_seed1.txt,Set Covering,100,Restricted,20000,false,min,3,0.01552,na,na,28301,55625,675
set_covering_n100_m75_d0.5_b_w26_seed1.txt,Set Covering,100,Relaxed,500,false,min,3,0.01428,na,na,22676,47656,518
set_covering_n100_m75_d0.5_b_w26_seed1.txt,Set Covering,100,Relaxed,1000,false,min,3,0.01535,na,na,28301,55625,675
set_covering_n100_m75_d0.5_b_w26_seed1.txt,Set Covering,100,Relaxed,2000,false,min,3,0.01525,na,na,28301,55625,675
set_covering_n100_m75_d0.5_b_w26_seed1.txt,Set Covering,100,Relaxed,5000,false,min,3,0.01499,na,na,28301,55625,675
set_covering_n100_m75_d0.5_b_w26_seed1.txt,Set Covering,100,Relaxed,10000,false,min,3,0.01519,na,na,28301,55625,675
set_covering_n100_m75_d0.5_b_w26_seed1.txt,Set Covering,100,Relaxed,20000,false,min,3,0.01501,na,na,28301,55625,675
set_covering_n100_m75_d0.05_b_w26_seed2.txt,Set Covering,100,Restricted,500,false,min,24,0.02160,na,na,51638,56684,1000
set_covering_n100_m75_d0.05_b_w26_seed2.txt,Set Covering,100,Restricted,1000,false,min,25,0.04113,na,na,99311,106344,2000
set_covering_n100_m75_d0.05_b_w26_seed2.txt,Set Covering,100,Restricted,2000,false,min,24,0.08181,na,na,191512,205250,4000
set_covering_n100_m75_d0.05_b_w26_seed2.txt,Set Covering,100,Restricted,5000,false,min,23,0.23629,na,na,452980,496194,10000
set_covering_n100_m75_d0.05_b_w26_seed2.txt,Set Covering,100,Restricted,10000,false,min,23,0.53631,na,na,888337,966201,20000
set_covering_n100_m75_d0.05_b_w26_seed2.txt,Set Covering,100,Relaxed,500,false,min,6,0.02256,na,na,42095,65873,1001
set_covering_n100_m75_d0.05_b_w26_seed2.txt,Set Covering,100,Restricted,20000,false,min,22,1.35315,na,na,1710504,1882192,39996
set_covering_n100_m75_d0.05_b_w26_seed2.txt,Set Covering,100,Relaxed,1000,false,min,6,0.05174,na,na,98560,141381,2001
set_covering_n100_m75_d0.05_b_w26_seed2.txt,Set Covering,100,Relaxed,2000,false,min,6,0.10933,na,na,191142,272032,4001
set_covering_n100_m75_d0.05_b_w26_seed2.txt,Set Covering,100,Relaxed,5000,false,min,7,0.31058,na,na,453568,651327,10001
set_covering_n100_m75_d0.05_b_w26_seed2.txt,Set Covering,100,Relaxed,10000,false,min,7,0.68735,na,na,888009,1272420,20001
set_covering_n100_m75_d0.5_b_w26_seed2.txt,Set Covering,100,Exact,99999,false,min,3,0.01545,na,na,28301,55625,675
set_covering_n100_m75_d0.05_b_w26_seed2.txt,Set Covering,100,Relaxed,20000,false,min,7,1.68619,na,na,1714923,2472521,39990
set_covering_n100_m75_d0.5_b_w26_seed2.txt,Set Covering,100,Restricted,500,false,min,3,0.01219,na,na,22700,44212,518
set_covering_n100_m75_d0.5_b_w26_seed2.txt,Set Covering,100,Restricted,1000,false,min,3,0.01533,na,na,28301,55625,675
set_covering_n100_m75_d0.5_b_w26_seed2.txt,Set Covering,100,Restricted,2000,false,min,3,0.01517,na,na,28301,55625,675
set_covering_n100_m75_d0.5_b_w26_seed2.txt,Set Covering,100,Restricted,5000,false,min,3,0.01607,na,na,28301,55625,675
set_covering_n100_m75_d0.5_b_w26_seed2.txt,Set Covering,100,Restricted,10000,false,min,3,0.01517,na,na,28301,55625,675
set_covering_n100_m75_d0.5_b_w26_seed2.txt,Set Covering,100,Restricted,20000,false,min,3,0.01543,na,na,28301,55625,675
set_covering_n100_m75_d0.5_b_w26_seed2.txt,Set Covering,100,Relaxed,500,false,min,3,0.01480,na,na,22676,47656,518
set_covering_n100_m75_d0.5_b_w26_seed2.txt,Set Covering,100,Relaxed,1000,false,min,3,0.01533,na,na,28301,55625,675
set_covering_n100_m75_d0.5_b_w26_seed2.txt,Set Covering,100,Relaxed,2000,false,min,3,0.01529,na,na,28301,55625,675
set_covering_n100_m75_d0.5_b_w26_seed2.txt,Set Covering,100,Relaxed,5000,false,min,3,0.01527,na,na,28301,55625,675
set_covering_n100_m75_d0.5_b_w26_seed2.txt,Set Covering,100,Relaxed,10000,false,min,3,0.01530,na,na,28301,55625,675
set_covering_n100_m75_d0.5_b_w26_seed2.txt,Set Covering,100,Relaxed,20000,false,min,3,0.01524,na,na,28301,55625,675
set_covering_n100_m75_d0.05_b_w26_seed3.txt,Set Covering,100,Restricted,500,false,min,25,0.02172,na,na,51884,56749,1000
set_covering_n100_m75_d0.05_b_w26_seed3.txt,Set Covering,100,Restricted,1000,false,min,24,0.04215,na,na,101579,111588,2000
set_covering_n100_m75_d0.05_b_w26_seed3.txt,Set Covering,100,Restricted,2000,false,min,24,0.08469,na,na,197133,216353,4000
set_covering_n100_m75_d0.05_b_w26_seed3.txt,Set Covering,100,Restricted,5000,false,min,22,0.24242,na,na,466183,515188,10000
set_covering_n100_m75_d0.05_b_w26_seed3.txt,Set Covering,100,Restricted,10000,false,min,22,0.57025,na,na,893745,987423,20000
set_covering_n100_m75_d0.05_b_w26_seed3.txt,Set Covering,100,Restricted,20000,false,min,21,1.30353,na,na,1710932,1901611,40000
set_covering_n100_m75_d0.05_b_w26_seed3.txt,Set Covering,100,Relaxed,500,false,min,6,0.02547,na,na,48393,73226,1001
set_covering_n100_m75_d0.05_b_w26_seed3.txt,Set Covering,100,Relaxed,1000,false,min,7,0.05346,na,na,100264,147676,2001
set_covering_n100_m75_d0.05_b_w26_seed3.txt,Set Covering,100,Relaxed,2000,false,min,7,0.11093,na,na,196357,285277,4001
set_covering_n100_m75_d0.05_b_w26_seed3.txt,Set Covering,100,Relaxed,5000,false,min,7,0.31313,na,na,465765,675653,10001
set_covering_n100_m75_d0.05_b_w26_seed3.txt,Set Covering,100,Relaxed,10000,false,min,7,0.69818,na,na,893874,1294467,20001
set_covering_n100_m75_d0.5_b_w26_seed3.txt,Set Covering,100,Exact,99999,false,min,3,0.01590,na,na,28301,55625,675
set_covering_n100_m75_d0.05_b_w26_seed3.txt,Set Covering,100,Relaxed,20000,false,min,8,1.68177,na,na,1709758,2485891,40001
set_covering_n100_m75_d0.5_b_w26_seed3.txt,Set Covering,100,Restricted,500,false,min,3,0.01202,na,na,22700,44212,518
set_covering_n100_m75_d0.5_b_w26_seed3.txt,Set Covering,100,Restricted,1000,false,min,3,0.01520,na,na,28301,55625,675
set_covering_n100_m75_d0.5_b_w26_seed3.txt,Set Covering,100,Restricted,2000,false,min,3,0.01522,na,na,28301,55625,675
set_covering_n100_m75_d0.5_b_w26_seed3.txt,Set Covering,100,Restricted,5000,false,min,3,0.01515,na,na,28301,55625,675
set_covering_n100_m75_d0.5_b_w26_seed3.txt,Set Covering,100,Restricted,10000,false,min,3,0.01645,na,na,28301,55625,675
set_covering_n100_m75_d0.5_b_w26_seed3.txt,Set Covering,100,Restricted,20000,false,min,3,0.01554,na,na,28301,55625,675
set_covering_n100_m75_d0.5_b_w26_seed3.txt,Set Covering,100,Relaxed,500,false,min,3,0.01469,na,na,22676,47656,518
set_covering_n100_m75_d0.5_b_w26_seed3.txt,Set Covering,100,Relaxed,1000,false,min,3,0.01528,na,na,28301,55625,675
set_covering_n100_m75_d0.5_b_w26_seed3.txt,Set Covering,100,Relaxed,2000,false,min,3,0.01576,na,na,28301,55625,675
set_covering_n100_m75_d0.5_b_w26_seed3.txt,Set Covering,100,Relaxed,5000,false,min,3,0.01524,na,na,28301,55625,675
set_covering_n100_m75_d0.5_b_w26_seed3.txt,Set Covering,100,Relaxed,10000,false,min,3,0.01530,na,na,28301,55625,675
set_covering_n100_m75_d0.5_b_w26_seed3.txt,Set Covering,100,Relaxed,20000,false,min,3,0.01530,na,na,28301,55625,675
set_covering_n100_m75_d0.05_b_w26_seed4.txt,Set Covering,100,Restricted,500,false,min,22,0.02174,na,na,51203,55015,1000
set_covering_n100_m75_d0.05_b_w26_seed4.txt,Set Covering,100,Restricted,1000,false,min,22,0.04134,na,na,100665,108317,2000
set_covering_n100_m75_d0.05_b_w26_seed4.txt,Set Covering,100,Restricted,2000,false,min,21,0.08852,na,na,196269,210576,4000
set_covering_n100_m75_d0.05_b_w26_seed4.txt,Set Covering,100,Restricted,5000,false,min,21,0.24911,na,na,478916,520435,10000
set_covering_n100_m75_d0.05_b_w26_seed4.txt,Set Covering,100,Restricted,10000,false,min,21,0.57582,na,na,919242,997272,20000
set_covering_n100_m75_d0.05_b_w26_seed4.txt,Set Covering,100,Restricted,20000,false,min,20,1.41867,na,na,1764060,1908217,40000
set_covering_n100_m75_d0.05_b_w26_seed4.txt,Set Covering,100,Relaxed,500,false,min,7,0.02544,na,na,47444,73859,1001
set_covering_n100_m75_d0.05_b_w26_seed4.txt,Set Covering,100,Relaxed,1000,false,min,7,0.05518,na,na,100017,145686,2001
set_covering_n100_m75_d0.05_b_w26_seed4.txt,Set Covering,100,Relaxed,2000,false,min,7,0.11320,na,na,194880,280008,4001
set_covering_n100_m75_d0.05_b_w26_seed4.txt,Set Covering,100,Relaxed,5000,false,min,7,0.33870,na,na,478768,689191,10001
set_covering_n100_m75_d0.05_b_w26_seed4.txt,Set Covering,100,Relaxed,10000,false,min,7,0.76768,na,na,919733,1319234,20001
set_covering_n100_m75_d0.05_b_w26_seed4.txt,Set Covering,100,Relaxed,20000,false,min,7,1.83885,na,na,1763522,2526920,40001
set_covering_n100_m75_d0.5_b_w26_seed4.txt,Set Covering,100,Exact,99999,false,min,3,0.01588,na,na,28301,55625,675
set_covering_n100_m75_d0.5_b_w26_seed4.txt,Set Covering,100,Restricted,500,false,min,3,0.01197,na,na,22700,44212,518
set_covering_n100_m75_d0.5_b_w26_seed4.txt,Set Covering,100,Restricted,1000,false,min,3,0.01595,na,na,28301,55625,675
set_covering_n100_m75_d0.5_b_w26_seed4.txt,Set Covering,100,Restricted,2000,false,min,3,0.01577,na,na,28301,55625,675
set_covering_n100_m75_d0.5_b_w26_seed4.txt,Set Covering,100,Restricted,5000,false,min,3,0.01566,na,na,28301,55625,675
set_covering_n100_m75_d0.5_b_w26_seed4.txt,Set Covering,100,Restricted,10000,false,min,3,0.01592,na,na,28301,55625,675
set_covering_n100_m75_d0.5_b_w26_seed4.txt,Set Covering,100,Restricted,20000,false,min,3,0.01584,na,na,28301,55625,675
set_covering_n100_m75_d0.5_b_w26_seed4.txt,Set Covering,100,Relaxed,500,false,min,3,0.01494,na,na,22676,47656,518
set_covering_n100_m75_d0.5_b_w26_seed4.txt,Set Covering,100,Relaxed,1000,false,min,3,0.01575,na,na,28301,55625,675
set_covering_n100_m75_d0.5_b_w26_seed4.txt,Set Covering,100,Relaxed,2000,false,min,3,0.01625,na,na,28301,55625,675
set_covering_n100_m75_d0.5_b_w26_seed4.txt,Set Covering,100,Relaxed,5000,false,min,3,0.01663,na,na,28301,55625,675
set_covering_n100_m75_d0.5_b_w26_seed4.txt,Set Covering,100,Relaxed,10000,false,min,3,0.01541,na,na,28301,55625,675
set_covering_n100_m75_d0.5_b_w26_seed4.txt,Set Covering,100,Relaxed,20000,false,min,3,0.01527,na,na,28301,55625,675
set_covering_n100_m75_d0.15_b_w26_seed1.txt,Set Covering,100,Restricted,500,false,min,9,0.02932,na,na,65954,74781,1000
set_covering_n100_m75_d0.15_b_w26_seed1.txt,Set Covering,100,Restricted,1000,false,min,9,0.05251,na,na,124562,140684,2000
set_covering_n100_m75_d0.15_b_w26_seed1.txt,Set Covering,100,Restricted,2000,false,min,9,0.10795,na,na,235904,269144,4000
set_covering_n100_m75_d0.15_b_w26_seed1.txt,Set Covering,100,Restricted,5000,false,min,8,0.30692,na,na,545981,632169,9989
set_covering_n100_m75_d0.15_b_w26_seed1.txt,Set Covering,100,Restricted,10000,false,min,8,0.69732,na,na,1013369,1188213,19894
set_covering_n100_m75_d0.15_b_w26_seed1.txt,Set Covering,100,Restricted,20000,false,min,8,1.76142,na,na,1845423,2185397,39686
set_covering_n100_m75_d0.15_b_w26_seed1.txt,Set Covering,100,Relaxed,500,false,min,2,0.03696,na,na,66045,101801,1000
set_covering_n100_m75_d0.15_b_w26_seed1.txt,Set Covering,100,Relaxed,1000,false,min,2,0.06939,na,na,124684,191930,1999
set_covering_n100_m75_d0.15_b_w26_seed1.txt,Set Covering,100,Relaxed,2000,false,min,3,0.14500,na,na,235757,364452,3999
set_covering_n100_m75_d0.15_b_w26_seed1.txt,Set Covering,100,Relaxed,5000,false,min,3,0.41979,na,na,545670,851044,9985
set_covering_n100_m75_d0.15_b_w26_seed1.txt,Set Covering,100,Relaxed,10000,false,min,3,0.94464,na,na,1013783,1597267,19895
set_covering_n100_m75_d0.15_b_w26_seed1.txt,Set Covering,100,Relaxed,20000,false,min,4,2.18532,na,na,1846125,2935426,39685
set_covering_n100_m75_d0.15_b_w26_seed2.txt,Set Covering,100,Restricted,500,false,min,10,0.02778,na,na,65922,72041,1000
set_covering_n100_m75_d0.15_b_w26_seed2.txt,Set Covering,100,Restricted,1000,false,min,9,0.05480,na,na,126270,140952,1999
set_covering_n100_m75_d0.15_b_w26_seed2.txt,Set Covering,100,Restricted,2000,false,min,9,0.10881,na,na,238776,269912,3991
set_covering_n100_m75_d0.15_b_w26_seed2.txt,Set Covering,100,Restricted,5000,false,min,8,0.31769,na,na,554615,637255,9974
set_covering_n100_m75_d0.15_b_w26_seed2.txt,Set Covering,100,Restricted,10000,false,min,8,0.74959,na,na,1041953,1223242,19894
set_covering_n100_m75_d0.15_b_w26_seed2.txt,Set Covering,100,Restricted,20000,false,min,8,1.83584,na,na,1950601,2351259,39430
set_covering_n100_m75_d0.15_b_w26_seed2.txt,Set Covering,100,Relaxed,500,false,min,2,0.03456,na,na,65969,100634,999
set_covering_n100_m75_d0.15_b_w26_seed2.txt,Set Covering,100,Relaxed,1000,false,min,3,0.06887,na,na,126295,194475,1995
set_covering_n100_m75_d0.15_b_w26_seed2.txt,Set Covering,100,Relaxed,2000,false,min,3,0.14407,na,na,239154,371283,3990
set_covering_n100_m75_d0.15_b_w26_seed2.txt,Set Covering,100,Relaxed,5000,false,min,3,0.41992,na,na,554601,868680,9971
set_covering_n100_m75_d0.15_b_w26_seed2.txt,Set Covering,100,Relaxed,10000,false,min,3,0.99022,na,na,1042243,1649940,19896
set_covering_n100_m75_d0.15_b_w26_seed2.txt,Set Covering,100,Relaxed,20000,false,min,4,2.33979,na,na,1950194,3119865,39430
set_covering_n100_m75_d0.15_b_w26_seed3.txt,Set Covering,100,Restricted,500,false,min,9,0.02714,na,na,64476,72774,1000
set_covering_n100_m75_d0.15_b_w26_seed3.txt,Set Covering,100,Restricted,1000,false,min,9,0.05337,na,na,124169,140568,2000
set_covering_n100_m75_d0.15_b_w26_seed3.txt,Set Covering,100,Restricted,2000,false,min,8,0.10712,na,na,237220,272628,3999
set_covering_n100_m75_d0.15_b_w26_seed3.txt,Set Covering,100,Restricted,5000,false,min,8,0.30575,na,na,549927,644039,9985
set_covering_n100_m75_d0.15_b_w26_seed3.txt,Set Covering,100,Restricted,10000,false,min,8,0.70564,na,na,1028134,1217696,19863
set_covering_n100_m75_d0.15_b_w26_seed3.txt,Set Covering,100,Restricted,20000,false,min,7,1.69930,na,na,1901523,2292224,39455
set_covering_n100_m75_d0.15_b_w26_seed3.txt,Set Covering,100,Relaxed,500,false,min,2,0.03492,na,na,64349,98957,1001
set_covering_n100_m75_d0.15_b_w26_seed3.txt,Set Covering,100,Relaxed,1000,false,min,2,0.06953,na,na,124027,191438,2000
set_covering_n100_m75_d0.15_b_w26_seed3.txt,Set Covering,100,Relaxed,2000,false,min,3,0.14569,na,na,237158,368005,3997
set_covering_n100_m75_d0.15_b_w26_seed3.txt,Set Covering,100,Relaxed,5000,false,min,3,0.40938,na,na,549661,860784,9983
set_covering_n100_m75_d0.15_b_w26_seed3.txt,Set Covering,100,Relaxed,10000,false,min,3,0.93405,na,na,1028300,1621435,19861
set_covering_n100_m75_d0.15_b_w26_seed3.txt,Set Covering,100,Relaxed,20000,false,min,4,2.16028,na,na,1901435,3027291,39449
set_covering_n100_m75_d0.15_b_w26_seed4.txt,Set Covering,100,Restricted,500,false,min,10,0.02632,na,na,63070,69896,1000
set_covering_n100_m75_d0.15_b_w26_seed4.txt,Set Covering,100,Restricted,1000,false,min,10,0.05135,na,na,122106,136553,2000
set_covering_n100_m75_d0.15_b_w26_seed4.txt,Set Covering,100,Restricted,2000,false,min,9,0.10609,na,na,239843,272049,3996
set_covering_n100_m75_d0.15_b_w26_seed4.txt,Set Covering,100,Restricted,5000,false,min,9,0.30906,na,na,566069,647336,9965
set_covering_n100_m75_d0.15_b_w26_seed4.txt,Set Covering,100,Restricted,10000,false,min,9,0.72141,na,na,1068561,1244940,19851
set_covering_n100_m75_d0.15_b_w26_seed4.txt,Set Covering,100,Restricted,20000,false,min,8,1.70293,na,na,1986775,2371696,39248
set_covering_n100_m75_d0.15_b_w26_seed4.txt,Set Covering,100,Relaxed,500,false,min,2,0.03320,na,na,62965,96130,1001
set_covering_n100_m75_d0.15_b_w26_seed4.txt,Set Covering,100,Relaxed,1000,false,min,2,0.06974,na,na,122071,187176,2001
set_covering_n100_m75_d0.15_b_w26_seed4.txt,Set Covering,100,Relaxed,2000,false,min,3,0.14483,na,na,239083,369793,3995
set_covering_n100_m75_d0.15_b_w26_seed4.txt,Set Covering,100,Relaxed,5000,false,min,3,0.42083,na,na,566105,881177,9965
set_covering_n100_m75_d0.15_b_w26_seed4.txt,Set Covering,100,Relaxed,10000,false,min,3,0.96364,na,na,1068503,1681826,19851
set_covering_n100_m75_d0.15_b_w26_seed4.txt,Set Covering,100,Relaxed,20000,false,min,4,2.30683,na,na,1986146,3169160,39241
set_covering_n100_m75_d0.25_b_w26_seed1.txt,Set Covering,100,Exact,99999,false,min,4,0.27270,na,na,376733,717875,27816
set_covering_n100_m75_d0.25_b_w26_seed1.txt,Set Covering,100,Restricted,500,false,min,4,0.01796,na,na,35683,52736,910
set_covering_n100_m75_d0.25_b_w26_seed1.txt,Set Covering,100,Restricted,1000,false,min,4,0.03021,na,na,59097,92880,1615
set_covering_n100_m75_d0.25_b_w26_seed1.txt,Set Covering,100,Restricted,2000,false,min,4,0.05196,na,na,98295,160139,3038
set_covering_n100_m75_d0.25_b_w26_seed1.txt,Set Covering,100,Restricted,5000,false,min,4,0.10098,na,na,175520,296727,7428
set_covering_n100_m75_d0.25_b_w26_seed1.txt,Set Covering,100,Restricted,10000,false,min,4,0.15783,na,na,260663,466495,13520
set_covering_n100_m75_d0.25_b_w26_seed1.txt,Set Covering,100,Restricted,20000,false,min,4,0.22766,na,na,343528,640517,24460
set_covering_n100_m75_d0.25_b_w26_seed1.txt,Set Covering,100,Relaxed,500,false,min,2,0.02275,na,na,35690,65317,912
set_covering_n100_m75_d0.25_b_w26_seed1.txt,Set Covering,100,Relaxed,1000,false,min,2,0.03925,na,na,59022,110662,1612
set_covering_n100_m75_d0.25_b_w26_seed1.txt,Set Covering,100,Relaxed,2000,false,min,3,0.07058,na,na,98266,183056,3037
set_covering_n100_m75_d0.25_b_w26_seed1.txt,Set Covering,100,Relaxed,5000,false,min,3,0.14142,na,na,175542,329979,7428
set_covering_n100_m75_d0.25_b_w26_seed1.txt,Set Covering,100,Relaxed,10000,false,min,4,0.22480,na,na,260663,494463,13520
set_covering_n100_m75_d0.25_b_w26_seed1.txt,Set Covering,100,Relaxed,20000,false,min,4,0.30829,na,na,343528,657579,24460
set_covering_n100_m75_d0.25_b_w26_seed2.txt,Set Covering,100,Exact,99999,false,min,4,0.20949,na,na,302508,573950,23203
set_covering_n100_m75_d0.25_b_w26_seed2.txt,Set Covering,100,Restricted,500,false,min,4,0.01652,na,na,34135,51301,879
set_covering_n100_m75_d0.25_b_w26_seed2.txt,Set Covering,100,Restricted,1000,false,min,4,0.02791,na,na,56356,89238,1599
set_covering_n100_m75_d0.25_b_w26_seed2.txt,Set Covering,100,Restricted,2000,false,min,4,0.04694,na,na,92089,151794,2999
set_covering_n100_m75_d0.25_b_w26_seed2.txt,Set Covering,100,Restricted,5000,false,min,4,0.09231,na,na,165029,284872,7260
set_covering_n100_m75_d0.25_b_w26_seed2.txt,Set Covering,100,Restricted,10000,false,min,4,0.13563,na,na,234642,427205,13574
set_covering_n100_m75_d0.25_b_w26_seed2.txt,Set Covering,100,Restricted,20000,false,min,4,0.16881,na,na,294272,554041,23203
set_covering_n100_m75_d0.25_b_w26_seed2.txt,Set Covering,100,Relaxed,500,false,min,2,0.02047,na,na,34164,63293,877
set_covering_n100_m75_d0.25_b_w26_seed2.txt,Set Covering,100,Relaxed,1000,false,min,2,0.03594,na,na,56383,106399,1600
set_covering_n100_m75_d0.25_b_w26_seed2.txt,Set Covering,100,Relaxed,2000,false,min,3,0.06348,na,na,92211,174819,2996
set_covering_n100_m75_d0.25_b_w26_seed2.txt,Set Covering,100,Relaxed,5000,false,min,3,0.13293,na,na,164975,312302,7253
set_covering_n100_m75_d0.25_b_w26_seed2.txt,Set Covering,100,Relaxed,10000,false,min,4,0.19108,na,na,234642,445196,13574
set_covering_n100_m75_d0.25_b_w26_seed2.txt,Set Covering,100,Relaxed,20000,false,min,4,0.24051,na,na,294272,558464,23203
set_covering_n100_m75_d0.25_b_w26_seed3.txt,Set Covering,100,Exact,99999,false,min,3,0.27304,na,na,385350,736034,28379
set_covering_n100_m75_d0.25_b_w26_seed3.txt,Set Covering,100,Restricted,500,false,min,3,0.01760,na,na,37132,53763,912
set_covering_n100_m75_d0.25_b_w26_seed3.txt,Set Covering,100,Restricted,1000,false,min,3,0.03006,na,na,61160,94328,1619
set_covering_n100_m75_d0.25_b_w26_seed3.txt,Set Covering,100,Restricted,2000,false,min,3,0.04874,na,na,99361,158036,3093
set_covering_n100_m75_d0.25_b_w26_seed3.txt,Set Covering,100,Restricted,5000,false,min,3,0.09868,na,na,176005,294610,7352
set_covering_n100_m75_d0.25_b_w26_seed3.txt,Set Covering,100,Restricted,10000,false,min,3,0.16841,na,na,265238,473017,13177
set_covering_n100_m75_d0.25_b_w26_seed3.txt,Set Covering,100,Restricted,20000,false,min,3,0.23404,na,na,353320,660557,23170
set_covering_n100_m75_d0.25_b_w26_seed3.txt,Set Covering,100,Relaxed,500,false,min,2,0.02175,na,na,37216,66958,911
set_covering_n100_m75_d0.25_b_w26_seed3.txt,Set Covering,100,Relaxed,1000,false,min,2,0.03958,na,na,61147,113013,1616
set_covering_n100_m75_d0.25_b_w26_seed3.txt,Set Covering,100,Relaxed,2000,false,min,3,0.06746,na,na,99364,184807,3098
set_covering_n100_m75_d0.25_b_w26_seed3.txt,Set Covering,100,Relaxed,5000,false,min,3,0.13934,na,na,176004,330323,7350
set_covering_n100_m75_d0.25_b_w26_seed3.txt,Set Covering,100,Relaxed,10000,false,min,3,0.23534,na,na,265238,503429,13177
set_covering_n100_m75_d0.25_b_w26_seed3.txt,Set Covering,100,Relaxed,20000,false,min,3,0.33159,na,na,353320,677337,23170
set_covering_n100_m75_d0.25_b_w26_seed4.txt,Set Covering,100,Exact,99999,false,min,3,0.22904,na,na,326065,623652,24997
set_covering_n100_m75_d0.25_b_w26_seed4.txt,Set Covering,100,Restricted,500,false,min,4,0.01907,na,na,39818,60610,907
set_covering_n100_m75_d0.25_b_w26_seed4.txt,Set Covering,100,Restricted,1000,false,min,4,0.03091,na,na,62404,100004,1630
set_covering_n100_m75_d0.25_b_w26_seed4.txt,Set Covering,100,Restricted,2000,false,min,3,0.04956,na,na,98818,162855,3043
set_covering_n100_m75_d0.25_b_w26_seed4.txt,Set Covering,100,Restricted,5000,false,min,3,0.09474,na,na,167865,285774,7334
set_covering_n100_m75_d0.25_b_w26_seed4.txt,Set Covering,100,Restricted,10000,false,min,3,0.15898,na,na,248768,450235,13352
set_covering_n100_m75_d0.25_b_w26_seed4.txt,Set Covering,100,Restricted,20000,false,min,3,0.20475,na,na,317567,600729,22548
set_covering_n100_m75_d0.25_b_w26_seed4.txt,Set Covering,100,Relaxed,500,false,min,2,0.02345,na,na,39839,73020,906
set_covering_n100_m75_d0.25_b_w26_seed4.txt,Set Covering,100,Relaxed,1000,false,min,2,0.03938,na,na,62469,117519,1632
set_covering_n100_m75_d0.25_b_w26_seed4.txt,Set Covering,100,Relaxed,2000,false,min,3,0.06831,na,na,98818,185021,3043
set_covering_n100_m75_d0.25_b_w26_seed4.txt,Set Covering,100,Relaxed,5000,false,min,3,0.13316,na,na,167865,318835,7334
set_covering_n100_m75_d0.25_b_w26_seed4.txt,Set Covering,100,Relaxed,10000,false,min,3,0.22313,na,na,248768,476713,13352
set_covering_n100_m75_d0.25_b_w26_seed4.txt,Set Covering,100,Relaxed,20000,false,min,3,0.28915,na,na,317567,611273,22548
set_covering_n100_m75_d0.35_b_w26_seed1.txt,Set Covering,100,Exact,99999,false,min,3,0.01553,na,na,28301,55625,675
set_covering_n100_m75_d0.35_b_w26_seed1.txt,Set Covering,100,Restricted,500,false,min,3,0.01229,na,na,22700,44212,518
set_covering_n100_m75_d0.35_b_w26_seed1.txt,Set Covering,100,Restricted,1000,false,min,3,0.01562,na,na,28301,55625,675
set_covering_n100_m75_d0.35_b_w26_seed1.txt,Set Covering,100,Restricted,2000,false,min,3,0.01554,na,na,28301,55625,675
set_covering_n100_m75_d0.35_b_w26_seed1.txt,Set Covering,100,Restricted,5000,false,min,3,0.01546,na,na,28301,55625,675
set_covering_n100_m75_d0.35_b_w26_seed1.txt,Set Covering,100,Restricted,10000,false,min,3,0.01548,na,na,28301,55625,675
set_covering_n100_m75_d0.35_b_w26_seed1.txt,Set Covering,100,Restricted,20000,false,min,3,0.01543,na,na,28301,55625,675
set_covering_n100_m75_d0.35_b_w26_seed1.txt,Set Covering,100,Relaxed,500,false,min,3,0.01463,na,na,22676,47656,518
set_covering_n100_m75_d0.35_b_w26_seed1.txt,Set Covering,100,Relaxed,1000,false,min,3,0.01545,na,na,28301,55625,675
set_covering_n100_m75_d0.35_b_w26_seed1.txt,Set Covering,100,Relaxed,2000,false,min,3,0.01541,na,na,28301,55625,675
set_covering_n100_m75_d0.35_b_w26_seed1.txt,Set Covering,100,Relaxed,5000,false,min,3,0.01573,na,na,28301,55625,675
set_covering_n100_m75_d0.35_b_w26_seed1.txt,Set Covering,100,Relaxed,10000,false,min,3,0.01542,na,na,28301,55625,675
set_covering_n100_m75_d0.35_b_w26_seed1.txt,Set Covering,100,Relaxed,20000,false,min,3,0.01553,na,na,28301,55625,675
set_covering_n100_m75_d0.35_b_w26_seed2.txt,Set Covering,100,Exact,99999,false,min,3,0.01556,na,na,28301,55625,675
set_covering_n100_m75_d0.35_b_w26_seed2.txt,Set Covering,100,Restricted,500,false,min,3,0.01200,na,na,22700,44212,518
set_covering_n100_m75_d0.35_b_w26_seed2.txt,Set Covering,100,Restricted,1000,false,min,3,0.01556,na,na,28301,55625,675
set_covering_n100_m75_d0.35_b_w26_seed2.txt,Set Covering,100,Restricted,2000,false,min,3,0.01545,na,na,28301,55625,675
set_covering_n100_m75_d0.35_b_w26_seed2.txt,Set Covering,100,Restricted,5000,false,min,3,0.01654,na,na,28301,55625,675
set_covering_n100_m75_d0.35_b_w26_seed2.txt,Set Covering,100,Restricted,10000,false,min,3,0.01561,na,na,28301,55625,675
set_covering_n100_m75_d0.35_b_w26_seed2.txt,Set Covering,100,Restricted,20000,false,min,3,0.01554,na,na,28301,55625,675
set_covering_n100_m75_d0.35_b_w26_seed2.txt,Set Covering,100,Relaxed,500,false,min,3,0.01462,na,na,22676,47656,518
set_covering_n100_m75_d0.35_b_w26_seed2.txt,Set Covering,100,Relaxed,1000,false,min,3,0.01538,na,na,28301,55625,675
set_covering_n100_m75_d0.35_b_w26_seed2.txt,Set Covering,100,Relaxed,2000,false,min,3,0.01564,na,na,28301,55625,675
set_covering_n100_m75_d0.35_b_w26_seed2.txt,Set Covering,100,Relaxed,5000,false,min,3,0.01550,na,na,28301,55625,675
set_covering_n100_m75_d0.35_b_w26_seed2.txt,Set Covering,100,Relaxed,10000,false,min,3,0.01541,na,na,28301,55625,675
set_covering_n100_m75_d0.35_b_w26_seed2.txt,Set Covering,100,Relaxed,20000,false,min,3,0.01578,na,na,28301,55625,675
set_covering_n100_m75_d0.35_b_w26_seed3.txt,Set Covering,100,Exact,99999,false,min,3,0.01542,na,na,28301,55625,675
set_covering_n100_m75_d0.35_b_w26_seed3.txt,Set Covering,100,Restricted,500,false,min,3,0.01214,na,na,22700,44212,518
set_covering_n100_m75_d0.35_b_w26_seed3.txt,Set Covering,100,Restricted,1000,false,min,3,0.01569,na,na,28301,55625,675
set_covering_n100_m75_d0.35_b_w26_seed3.txt,Set Covering,100,Restricted,2000,false,min,3,0.01542,na,na,28301,55625,675
set_covering_n100_m75_d0.35_b_w26_seed3.txt,Set Covering,100,Restricted,5000,false,min,3,0.01556,na,na,28301,55625,675
set_covering_n100_m75_d0.35_b_w26_seed3.txt,Set Covering,100,Restricted,10000,false,min,3,0.01550,na,na,28301,55625,675
set_covering_n100_m75_d0.35_b_w26_seed3.txt,Set Covering,100,Restricted,20000,false,min,3,0.01544,na,na,28301,55625,675
set_covering_n100_m75_d0.35_b_w26_seed3.txt,Set Covering,100,Relaxed,500,false,min,3,0.01445,na,na,22676,47656,518
set_covering_n100_m75_d0.35_b_w26_seed3.txt,Set Covering,100,Relaxed,1000,false,min,3,0.01538,na,na,28301,55625,675
set_covering_n100_m75_d0.35_b_w26_seed3.txt,Set Covering,100,Relaxed,2000,false,min,3,0.01565,na,na,28301,55625,675
set_covering_n100_m75_d0.35_b_w26_seed3.txt,Set Covering,100,Relaxed,5000,false,min,3,0.01561,na,na,28301,55625,675
set_covering_n100_m75_d0.35_b_w26_seed3.txt,Set Covering,100,Relaxed,10000,false,min,3,0.01542,na,na,28301,55625,675
set_covering_n100_m75_d0.35_b_w26_seed3.txt,Set Covering,100,Relaxed,20000,false,min,3,0.01552,na,na,28301,55625,675
set_covering_n100_m75_d0.35_b_w26_seed4.txt,Set Covering,100,Exact,99999,false,min,3,0.01551,na,na,28301,55625,675
set_covering_n100_m75_d0.35_b_w26_seed4.txt,Set Covering,100,Restricted,500,false,min,3,0.01203,na,na,22700,44212,518
set_covering_n100_m75_d0.35_b_w26_seed4.txt,Set Covering,100,Restricted,1000,false,min,3,0.01546,na,na,28301,55625,675
set_covering_n100_m75_d0.35_b_w26_seed4.txt,Set Covering,100,Restricted,2000,false,min,3,0.01545,na,na,28301,55625,675
set_covering_n100_m75_d0.35_b_w26_seed4.txt,Set Covering,100,Restricted,5000,false,min,3,0.01558,na,na,28301,55625,675
set_covering_n100_m75_d0.35_b_w26_seed4.txt,Set Covering,100,Restricted,10000,false,min,3,0.01558,na,na,28301,55625,675
set_covering_n100_m75_d0.35_b_w26_seed4.txt,Set Covering,100,Restricted,20000,false,min,3,0.01553,na,na,28301,55625,675
set_covering_n100_m75_d0.35_b_w26_seed4.txt,Set Covering,100,Relaxed,500,false,min,3,0.01447,na,na,22676,47656,518
set_covering_n100_m75_d0.35_b_w26_seed4.txt,Set Covering,100,Relaxed,1000,false,min,3,0.01593,na,na,28301,55625,675
set_covering_n100_m75_d0.35_b_w26_seed4.txt,Set Covering,100,Relaxed,2000,false,min,3,0.01553,na,na,28301,55625,675
set_covering_n100_m75_d0.35_b_w26_seed4.txt,Set Covering,100,Relaxed,5000,false,min,3,0.01566,na,na,28301,55625,675
set_covering_n100_m75_d0.35_b_w26_seed4.txt,Set Covering,100,Relaxed,10000,false,min,3,0.01540,na,na,28301,55625,675
set_covering_n100_m75_d0.35_b_w26_seed4.txt,Set Covering,100,Relaxed,20000,false,min,3,0.01567,na,na,28301,55625,675
set_covering_n100_m75_d0.45_b_w26_seed1.txt,Set Covering,100,Exact,99999,false,min,3,0.01573,na,na,28301,55625,675
set_covering_n100_m75_d0.45_b_w26_seed1.txt,Set Covering,100,Restricted,500,false,min,3,0.01199,na,na,22700,44212,518
set_covering_n100_m75_d0.45_b_w26_seed1.txt,Set Covering,100,Restricted,1000,false,min,3,0.01546,na,na,28301,55625,675
set_covering_n100_m75_d0.45_b_w26_seed1.txt,Set Covering,100,Restricted,2000,false,min,3,0.01555,na,na,28301,55625,675
set_covering_n100_m75_d0.45_b_w26_seed1.txt,Set Covering,100,Restricted,5000,false,min,3,0.01555,na,na,28301,55625,675
set_covering_n100_m75_d0.45_b_w26_seed1.txt,Set Covering,100,Restricted,10000,false,min,3,0.01566,na,na,28301,55625,675
set_covering_n100_m75_d0.45_b_w26_seed1.txt,Set Covering,100,Restricted,20000,false,min,3,0.01556,na,na,28301,55625,675
set_covering_n100_m75_d0.45_b_w26_seed1.txt,Set Covering,100,Relaxed,500,false,min,3,0.01459,na,na,22676,47656,518
set_covering_n100_m75_d0.45_b_w26_seed1.txt,Set Covering,100,Relaxed,1000,false,min,3,0.01560,na,na,28301,55625,675
set_covering_n100_m75_d0.45_b_w26_seed1.txt,Set Covering,100,Relaxed,2000,false,min,3,0.01554,na,na,28301,55625,675
set_covering_n100_m75_d0.45_b_w26_seed1.txt,Set Covering,100,Relaxed,5000,false,min,3,0.01545,na,na,28301,55625,675
set_covering_n100_m75_d0.45_b_w26_seed1.txt,Set Covering,100,Relaxed,10000,false,min,3,0.01559,na,na,28301,55625,675
set_covering_n100_m75_d0.45_b_w26_seed1.txt,Set Covering,100,Relaxed,20000,false,min,3,0.01543,na,na,28301,55625,675
set_covering_n100_m75_d0.45_b_w26_seed2.txt,Set Covering,100,Exact,99999,false,min,3,0.01540,na,na,28301,55625,675
set_covering_n100_m75_d0.45_b_w26_seed2.txt,Set Covering,100,Restricted,500,false,min,3,0.01202,na,na,22700,44212,518
set_covering_n100_m75_d0.45_b_w26_seed2.txt,Set Covering,100,Restricted,1000,false,min,3,0.01540,na,na,28301,55625,675
set_covering_n100_m75_d0.45_b_w26_seed2.txt,Set Covering,100,Restricted,2000,false,min,3,0.01533,na,na,28301,55625,675
set_covering_n100_m75_d0.45_b_w26_seed2.txt,Set Covering,100,Restricted,5000,false,min,3,0.01556,na,na,28301,55625,675
set_covering_n100_m75_d0.45_b_w26_seed2.txt,Set Covering,100,Restricted,10000,false,min,3,0.01543,na,na,28301,55625,675
set_covering_n100_m75_d0.45_b_w26_seed2.txt,Set Covering,100,Restricted,20000,false,min,3,0.01546,na,na,28301,55625,675
set_covering_n100_m75_d0.45_b_w26_seed2.txt,Set Covering,100,Relaxed,500,false,min,3,0.01450,na,na,22676,47656,518
set_covering_n100_m75_d0.45_b_w26_seed2.txt,Set Covering,100,Relaxed,1000,false,min,3,0.01613,na,na,28301,55625,675
set_covering_n100_m75_d0.45_b_w26_seed2.txt,Set Covering,100,Relaxed,2000,false,min,3,0.01547,na,na,28301,55625,675
set_covering_n100_m75_d0.45_b_w26_seed2.txt,Set Covering,100,Relaxed,5000,false,min,3,0.01541,na,na,28301,55625,675
set_covering_n100_m75_d0.45_b_w26_seed2.txt,Set Covering,100,Relaxed,10000,false,min,3,0.01549,na,na,28301,55625,675
set_covering_n100_m75_d0.45_b_w26_seed2.txt,Set Covering,100,Relaxed,20000,false,min,3,0.01543,na,na,28301,55625,675
set_covering_n100_m75_d0.45_b_w26_seed3.txt,Set Covering,100,Exact,99999,false,min,3,0.01539,na,na,28301,55625,675
set_covering_n100_m75_d0.45_b_w26_seed3.txt,Set Covering,100,Restricted,500,false,min,3,0.01199,na,na,22700,44212,518
set_covering_n100_m75_d0.45_b_w26_seed3.txt,Set Covering,100,Restricted,1000,false,min,3,0.01541,na,na,28301,55625,675
set_covering_n100_m75_d0.45_b_w26_seed3.txt,Set Covering,100,Restricted,2000,false,min,3,0.01538,na,na,28301,55625,675
set_covering_n100_m75_d0.45_b_w26_seed3.txt,Set Covering,100,Restricted,5000,false,min,3,0.01547,na,na,28301,55625,675
set_covering_n100_m75_d0.45_b_w26_seed3.txt,Set Covering,100,Restricted,10000,false,min,3,0.01563,na,na,28301,55625,675
set_covering_n100_m75_d0.45_b_w26_seed3.txt,Set Covering,100,Restricted,20000,false,min,3,0.01584,na,na,28301,55625,675
set_covering_n100_m75_d0.45_b_w26_seed3.txt,Set Covering,100,Relaxed,500,false,min,3,0.01514,na,na,22676,47656,518
set_covering_n100_m75_d0.45_b_w26_seed3.txt,Set Covering,100,Relaxed,1000,false,min,3,0.01602,na,na,28301,55625,675
set_covering_n100_m75_d0.45_b_w26_seed3.txt,Set Covering,100,Relaxed,2000,false,min,3,0.01549,na,na,28301,55625,675
set_covering_n100_m75_d0.45_b_w26_seed3.txt,Set Covering,100,Relaxed,5000,false,min,3,0.01550,na,na,28301,55625,675
set_covering_n100_m75_d0.45_b_w26_seed3.txt,Set Covering,100,Relaxed,10000,false,min,3,0.01550,na,na,28301,55625,675
set_covering_n100_m75_d0.45_b_w26_seed3.txt,Set Covering,100,Relaxed,20000,false,min,3,0.01546,na,na,28301,55625,675
set_covering_n100_m75_d0.45_b_w26_seed4.txt,Set Covering,100,Exact,99999,false,min,3,0.01531,na,na,28301,55625,675
set_covering_n100_m75_d0.45_b_w26_seed4.txt,Set Covering,100,Restricted,500,false,min,3,0.01224,na,na,22700,44212,518
set_covering_n100_m75_d0.45_b_w26_seed4.txt,Set Covering,100,Restricted,1000,false,min,3,0.01530,na,na,28301,55625,675
set_covering_n100_m75_d0.45_b_w26_seed4.txt,Set Covering,100,Restricted,2000,false,min,3,0.01522,na,na,28301,55625,675
set_covering_n100_m75_d0.45_b_w26_seed4.txt,Set Covering,100,Restricted,5000,false,min,3,0.01532,na,na,28301,55625,675
set_covering_n100_m75_d0.45_b_w26_seed4.txt,Set Covering,100,Restricted,10000,false,min,3,0.01529,na,na,28301,55625,675
set_covering_n100_m75_d0.45_b_w26_seed4.txt,Set Covering,100,Restricted,20000,false,min,3,0.01544,na,na,28301,55625,675
set_covering_n100_m75_d0.45_b_w26_seed4.txt,Set Covering,100,Relaxed,500,false,min,3,0.01436,na,na,22676,47656,518
set_covering_n100_m75_d0.45_b_w26_seed4.txt,Set Covering,100,Relaxed,1000,false,min,3,0.01543,na,na,28301,55625,675
set_covering_n100_m75_d0.45_b_w26_seed4.txt,Set Covering,100,Relaxed,2000,false,min,3,0.01540,na,na,28301,55625,675
set_covering_n100_m75_d0.45_b_w26_seed4.txt,Set Covering,100,Relaxed,5000,false,min,3,0.01537,na,na,28301,55625,675
set_covering_n100_m75_d0.45_b_w26_seed4.txt,Set Covering,100,Relaxed,10000,false,min,3,0.01574,na,na,28301,55625,675
set_covering_n100_m75_d0.45_b_w26_seed4.txt,Set Covering,100,Relaxed,20000,false,min,3,0.01534,na,na,28301,55625,675
set_covering_n100_m78_d0.1_b_w23_seed1.txt,Set Covering,100,Restricted,500,false,min,15,0.02668,na,na,60436,64779,1000
set_covering_n100_m78_d0.1_b_w23_seed1.txt,Set Covering,100,Restricted,1000,false,min,15,0.05052,na,na,117920,126937,2000
set_covering_n100_m78_d0.1_b_w23_seed1.txt,Set Covering,100,Restricted,2000,false,min,14,0.10450,na,na,227204,243594,4000
set_covering_n100_m78_d0.1_b_w23_seed1.txt,Set Covering,100,Restricted,5000,false,min,14,0.28897,na,na,538317,574280,10000
set_covering_n100_m78_d0.1_b_w23_seed1.txt,Set Covering,100,Restricted,10000,false,min,14,0.66308,na,na,1034331,1105366,20000
set_covering_n100_m78_d0.1_b_w23_seed1.txt,Set Covering,100,Restricted,20000,false,min,13,1.70567,na,na,1993013,2141755,40000
set_covering_n100_m78_d0.1_b_w23_seed1.txt,Set Covering,100,Relaxed,500,false,min,2,0.03166,na,na,60337,89399,1001
set_covering_n100_m78_d0.1_b_w23_seed1.txt,Set Covering,100,Relaxed,1000,false,min,3,0.06554,na,na,117827,174946,2001
set_covering_n100_m78_d0.1_b_w23_seed1.txt,Set Covering,100,Relaxed,2000,false,min,3,0.13482,na,na,227029,337338,4001
set_covering_n100_m78_d0.1_b_w23_seed1.txt,Set Covering,100,Relaxed,5000,false,min,3,0.37776,na,na,538113,798871,10001
set_covering_n100_m78_d0.1_b_w23_seed1.txt,Set Covering,100,Relaxed,10000,false,min,3,0.88070,na,na,1033541,1534896,20001
set_covering_n100_m78_d0.1_b_w23_seed2.txt,Set Covering,100,Restricted,500,false,min,14,0.02599,na,na,62271,66183,1000
set_covering_n100_m78_d0.1_b_w23_seed1.txt,Set Covering,100,Relaxed,20000,false,min,4,2.15417,na,na,1993080,2975586,40001
set_covering_n100_m78_d0.1_b_w23_seed2.txt,Set Covering,100,Restricted,1000,false,min,14,0.04966,na,na,119784,127157,2000
set_covering_n100_m78_d0.1_b_w23_seed2.txt,Set Covering,100,Restricted,2000,false,min,14,0.10255,na,na,233639,247706,4000
set_covering_n100_m78_d0.1_b_w23_seed2.txt,Set Covering,100,Restricted,5000,false,min,14,0.30416,na,na,562174,593640,10000
set_covering_n100_m78_d0.1_b_w23_seed2.txt,Set Covering,100,Restricted,10000,false,min,13,0.72200,na,na,1085765,1151341,20000
set_covering_n100_m78_d0.1_b_w23_seed2.txt,Set Covering,100,Relaxed,500,false,min,2,0.03273,na,na,62138,91728,1001
set_covering_n100_m78_d0.1_b_w23_seed2.txt,Set Covering,100,Restricted,20000,false,min,12,1.85039,na,na,2102334,2256691,39985
set_covering_n100_m78_d0.1_b_w23_seed2.txt,Set Covering,100,Relaxed,1000,false,min,3,0.06500,na,na,120039,177509,2001
set_covering_n100_m78_d0.1_b_w23_seed2.txt,Set Covering,100,Relaxed,2000,false,min,3,0.13603,na,na,233942,345954,4000
set_covering_n100_m78_d0.1_b_w23_seed2.txt,Set Covering,100,Relaxed,5000,false,min,3,0.39445,na,na,562017,831155,10000
set_covering_n100_m78_d0.1_b_w23_seed2.txt,Set Covering,100,Relaxed,10000,false,min,4,0.96426,na,na,1086252,1610710,19998
set_covering_n100_m78_d0.1_b_w23_seed2.txt,Set Covering,100,Relaxed,20000,false,min,4,2.46400,na,na,2102269,3137000,39983
set_covering_n100_m78_d0.1_b_w23_seed3.txt,Set Covering,100,Restricted,500,false,min,14,0.02628,na,na,62689,66708,1000
set_covering_n100_m78_d0.1_b_w23_seed3.txt,Set Covering,100,Restricted,1000,false,min,14,0.05091,na,na,123065,131090,2000
set_covering_n100_m78_d0.1_b_w23_seed3.txt,Set Covering,100,Restricted,2000,false,min,14,0.10682,na,na,237696,253662,4000
set_covering_n100_m78_d0.1_b_w23_seed3.txt,Set Covering,100,Restricted,5000,false,min,13,0.30112,na,na,563561,606772,10000
set_covering_n100_m78_d0.1_b_w23_seed3.txt,Set Covering,100,Restricted,10000,false,min,12,0.68752,na,na,1093773,1192298,19995
set_covering_n100_m78_d0.1_b_w23_seed3.txt,Set Covering,100,Relaxed,500,false,min,3,0.03520,na,na,62436,92960,1001
set_covering_n100_m78_d0.1_b_w23_seed3.txt,Set Covering,100,Restricted,20000,false,min,12,1.74727,na,na,2098583,2313608,39986
set_covering_n100_m78_d0.1_b_w23_seed3.txt,Set Covering,100,Relaxed,1000,false,min,3,0.06653,na,na,122568,182102,2001
set_covering_n100_m78_d0.1_b_w23_seed3.txt,Set Covering,100,Relaxed,2000,false,min,3,0.13972,na,na,237622,353165,4001
set_covering_n100_m78_d0.1_b_w23_seed3.txt,Set Covering,100,Relaxed,5000,false,min,4,0.40117,na,na,563407,842240,9999
set_covering_n100_m78_d0.1_b_w23_seed3.txt,Set Covering,100,Relaxed,10000,false,min,4,0.97601,na,na,1094458,1650313,19995
set_covering_n100_m78_d0.1_b_w23_seed3.txt,Set Covering,100,Relaxed,20000,false,min,4,2.30059,na,na,2098066,3187513,39987
set_covering_n100_m78_d0.1_b_w23_seed4.txt,Set Covering,100,Restricted,500,false,min,17,0.02806,na,na,66324,70556,1000
set_covering_n100_m78_d0.1_b_w23_seed4.txt,Set Covering,100,Restricted,1000,false,min,15,0.05549,na,na,127999,136392,2000
set_covering_n100_m78_d0.1_b_w23_seed4.txt,Set Covering,100,Restricted,2000,false,min,15,0.11490,na,na,246262,263733,4000
set_covering_n100_m78_d0.1_b_w23_seed4.txt,Set Covering,100,Restricted,5000,false,min,15,0.32008,na,na,583150,626062,10000
set_covering_n100_m78_d0.1_b_w23_seed4.txt,Set Covering,100,Restricted,10000,false,min,14,0.80106,na,na,1127401,1219232,20000
set_covering_n100_m78_d0.1_b_w23_seed4.txt,Set Covering,100,Restricted,20000,false,min,14,2.01433,na,na,2154307,2349173,39998
set_covering_n100_m78_d0.1_b_w23_seed4.txt,Set Covering,100,Relaxed,500,false,min,3,0.03644,na,na,66090,97848,1001
set_covering_n100_m78_d0.1_b_w23_seed4.txt,Set Covering,100,Relaxed,1000,false,min,4,0.07269,na,na,127879,189507,2001
set_covering_n100_m78_d0.1_b_w23_seed4.txt,Set Covering,100,Relaxed,2000,false,min,4,0.14912,na,na,245987,365659,4001
set_covering_n100_m78_d0.1_b_w23_seed4.txt,Set Covering,100,Relaxed,5000,false,min,4,0.42420,na,na,582494,865002,10001
set_covering_n100_m78_d0.1_b_w23_seed4.txt,Set Covering,100,Relaxed,10000,false,min,5,1.01104,na,na,1125997,1680273,20001
set_covering_n100_m78_d0.1_b_w23_seed4.txt,Set Covering,100,Relaxed,20000,false,min,5,2.44388,na,na,2154913,3231936,39996
set_covering_n100_m78_d0.2_b_w23_seed1.txt,Set Covering,100,Exact,99999,false,min,5,6.63785,na,na,5141187,9577227,581717
set_covering_n100_m78_d0.2_b_w23_seed1.txt,Set Covering,100,Restricted,500,false,min,5,0.02366,na,na,51495,66340,996
set_covering_n100_m78_d0.2_b_w23_seed1.txt,Set Covering,100,Restricted,1000,false,min,5,0.04297,na,na,91192,122274,1917
set_covering_n100_m78_d0.2_b_w23_seed1.txt,Set Covering,100,Restricted,2000,false,min,5,0.07576,na,na,154906,208338,3761
set_covering_n100_m78_d0.2_b_w23_seed1.txt,Set Covering,100,Restricted,5000,false,min,5,0.18060,na,na,311001,430259,9109
set_covering_n100_m78_d0.2_b_w23_seed1.txt,Set Covering,100,Restricted,10000,false,min,5,0.36891,na,na,530355,762029,17768
set_covering_n100_m78_d0.2_b_w23_seed1.txt,Set Covering,100,Restricted,20000,false,min,5,0.78355,na,na,896557,1346739,34380
set_covering_n100_m78_d0.2_b_w23_seed1.txt,Set Covering,100,Relaxed,500,false,min,2,0.02946,na,na,51462,85949,994
set_covering_n100_m78_d0.2_b_w23_seed1.txt,Set Covering,100,Relaxed,1000,false,min,2,0.05462,na,na,91148,155469,1916
set_covering_n100_m78_d0.2_b_w23_seed1.txt,Set Covering,100,Relaxed,2000,false,min,3,0.10110,na,na,154881,266789,3764
set_covering_n100_m78_d0.2_b_w23_seed1.txt,Set Covering,100,Relaxed,5000,false,min,3,0.25047,na,na,310986,547747,9111
set_covering_n100_m78_d0.2_b_w23_seed1.txt,Set Covering,100,Relaxed,10000,false,min,3,0.52484,na,na,530124,948721,17749
set_covering_n100_m78_d0.2_b_w23_seed1.txt,Set Covering,100,Relaxed,20000,false,min,4,1.02170,na,na,896504,1619778,34380
set_covering_n100_m78_d0.2_b_w23_seed2.txt,Set Covering,100,Exact,99999,false,min,5,9.08919,na,na,6920634,13138414,565172
set_covering_n100_m78_d0.2_b_w23_seed2.txt,Set Covering,100,Restricted,500,false,min,5,0.02355,na,na,54373,67802,996
set_covering_n100_m78_d0.2_b_w23_seed2.txt,Set Covering,100,Restricted,1000,false,min,5,0.04255,na,na,95231,120649,1917
set_covering_n100_m78_d0.2_b_w23_seed2.txt,Set Covering,100,Restricted,2000,false,min,5,0.08309,na,na,167048,210400,3785
set_covering_n100_m78_d0.2_b_w23_seed2.txt,Set Covering,100,Restricted,5000,false,min,5,0.20202,na,na,351915,459246,9239
set_covering_n100_m78_d0.2_b_w23_seed2.txt,Set Covering,100,Restricted,10000,false,min,5,0.40811,na,na,616270,848441,17882
set_covering_n100_m78_d0.2_b_w23_seed2.txt,Set Covering,100,Restricted,20000,false,min,5,0.89769,na,na,1060620,1555108,33960
set_covering_n100_m78_d0.2_b_w23_seed2.txt,Set Covering,100,Relaxed,500,false,min,2,0.03043,na,na,54293,89039,997
set_covering_n100_m78_d0.2_b_w23_seed2.txt,Set Covering,100,Relaxed,1000,false,min,2,0.05952,na,na,94960,158538,1916
set_covering_n100_m78_d0.2_b_w23_seed2.txt,Set Covering,100,Relaxed,2000,false,min,3,0.10993,na,na,167224,280955,3781
set_covering_n100_m78_d0.2_b_w23_seed2.txt,Set Covering,100,Relaxed,5000,false,min,3,0.26814,na,na,351668,610551,9240
set_covering_n100_m78_d0.2_b_w23_seed2.txt,Set Covering,100,Relaxed,10000,false,min,3,0.55145,na,na,616177,1099459,17878
set_covering_n100_m78_d0.2_b_w23_seed2.txt,Set Covering,100,Relaxed,20000,false,min,4,1.17711,na,na,1060455,1940771,33958
set_covering_n100_m78_d0.2_b_w23_seed3.txt,Set Covering,100,Exact,99999,false,min,5,4.79105,na,na,4021174,7586670,263575
set_covering_n100_m78_d0.2_b_w23_seed3.txt,Set Covering,100,Restricted,500,false,min,6,0.02503,na,na,52664,65006,981
set_covering_n100_m78_d0.2_b_w23_seed3.txt,Set Covering,100,Restricted,1000,false,min,6,0.04250,na,na,93317,119050,1873
set_covering_n100_m78_d0.2_b_w23_seed3.txt,Set Covering,100,Restricted,2000,false,min,6,0.08083,na,na,165896,218467,3626
set_covering_n100_m78_d0.2_b_w23_seed3.txt,Set Covering,100,Restricted,5000,false,min,5,0.20361,na,na,343768,478436,8723
set_covering_n100_m78_d0.2_b_w23_seed3.txt,Set Covering,100,Restricted,10000,false,min,5,0.39895,na,na,586582,863860,16789
set_covering_n100_m78_d0.2_b_w23_seed3.txt,Set Covering,100,Restricted,20000,false,min,5,0.82822,na,na,973178,1503231,31519
set_covering_n100_m78_d0.2_b_w23_seed3.txt,Set Covering,100,Relaxed,500,false,min,2,0.02904,na,na,52696,86891,981
set_covering_n100_m78_d0.2_b_w23_seed3.txt,Set Covering,100,Relaxed,1000,false,min,2,0.05469,na,na,93160,157551,1876
set_covering_n100_m78_d0.2_b_w23_seed3.txt,Set Covering,100,Relaxed,2000,false,min,3,0.11116,na,na,165703,285044,3621
set_covering_n100_m78_d0.2_b_w23_seed3.txt,Set Covering,100,Relaxed,5000,false,min,3,0.26965,na,na,343779,610465,8725
set_covering_n100_m78_d0.2_b_w23_seed3.txt,Set Covering,100,Relaxed,10000,false,min,3,0.54077,na,na,586513,1062922,16783
set_covering_n100_m78_d0.2_b_w23_seed3.txt,Set Covering,100,Relaxed,20000,false,min,4,1.05482,na,na,973137,1791910,31541
set_covering_n100_m78_d0.2_b_w23_seed4.txt,Set Covering,100,Exact,99999,false,min,5,7.66482,na,na,6104134,11539777,424921
set_covering_n100_m78_d0.2_b_w23_seed4.txt,Set Covering,100,Restricted,500,false,min,6,0.02577,na,na,54287,67168,1000
set_covering_n100_m78_d0.2_b_w23_seed4.txt,Set Covering,100,Restricted,1000,false,min,6,0.04610,na,na,97010,125004,1976
set_covering_n100_m78_d0.2_b_w23_seed4.txt,Set Covering,100,Restricted,2000,false,min,5,0.08488,na,na,172138,228424,3928
set_covering_n100_m78_d0.2_b_w23_seed4.txt,Set Covering,100,Restricted,5000,false,min,5,0.19854,na,na,349733,472523,9454
set_covering_n100_m78_d0.2_b_w23_seed4.txt,Set Covering,100,Restricted,10000,false,min,5,0.42799,na,na,596596,835984,17653
set_covering_n100_m78_d0.2_b_w23_seed4.txt,Set Covering,100,Restricted,20000,false,min,5,0.95598,na,na,1020447,1511852,33225
set_covering_n100_m78_d0.2_b_w23_seed4.txt,Set Covering,100,Relaxed,500,false,min,2,0.03278,na,na,54280,89165,996
set_covering_n100_m78_d0.2_b_w23_seed4.txt,Set Covering,100,Relaxed,1000,false,min,2,0.06358,na,na,96966,162958,1975
set_covering_n100_m78_d0.2_b_w23_seed4.txt,Set Covering,100,Relaxed,2000,false,min,3,0.11844,na,na,172075,294534,3927
set_covering_n100_m78_d0.2_b_w23_seed4.txt,Set Covering,100,Relaxed,5000,false,min,3,0.27873,na,na,349554,609608,9439
set_covering_n100_m78_d0.2_b_w23_seed4.txt,Set Covering,100,Relaxed,10000,false,min,3,0.59515,na,na,596585,1064200,17653
set_covering_n100_m78_d0.2_b_w23_seed4.txt,Set Covering,100,Relaxed,20000,false,min,4,1.25966,na,na,1020354,1852166,33220
set_covering_n100_m78_d0.3_b_w23_seed1.txt,Set Covering,100,Exact,99999,false,min,4,0.01470,na,na,25852,50667,529
set_covering_n100_m78_d0.3_b_w23_seed1.txt,Set Covering,100,Restricted,500,false,min,4,0.01357,na,na,24962,48842,507
set_covering_n100_m78_d0.3_b_w23_seed1.txt,Set Covering,100,Restricted,1000,false,min,4,0.01476,na,na,25852,50667,529
set_covering_n100_m78_d0.3_b_w23_seed1.txt,Set Covering,100,Restricted,2000,false,min,4,0.01528,na,na,25852,50667,529
set_covering_n100_m78_d0.3_b_w23_seed1.txt,Set Covering,100,Restricted,5000,false,min,4,0.01458,na,na,25852,50667,529
set_covering_n100_m78_d0.3_b_w23_seed1.txt,Set Covering,100,Restricted,10000,false,min,4,0.01466,na,na,25852,50667,529
set_covering_n100_m78_d0.3_b_w23_seed1.txt,Set Covering,100,Restricted,20000,false,min,4,0.01527,na,na,25852,50667,529
set_covering_n100_m78_d0.3_b_w23_seed1.txt,Set Covering,100,Relaxed,500,false,min,4,0.01679,na,na,24963,49379,507
set_covering_n100_m78_d0.3_b_w23_seed1.txt,Set Covering,100,Relaxed,1000,false,min,4,0.01500,na,na,25852,50667,529
set_covering_n100_m78_d0.3_b_w23_seed1.txt,Set Covering,100,Relaxed,2000,false,min,4,0.01503,na,na,25852,50667,529
set_covering_n100_m78_d0.3_b_w23_seed1.txt,Set Covering,100,Relaxed,5000,false,min,4,0.01500,na,na,25852,50667,529
set_covering_n100_m78_d0.3_b_w23_seed1.txt,Set Covering,100,Relaxed,10000,false,min,4,0.01515,na,na,25852,50667,529
set_covering_n100_m78_d0.3_b_w23_seed1.txt,Set Covering,100,Relaxed,20000,false,min,4,0.01503,na,na,25852,50667,529
set_covering_n100_m78_d0.3_b_w23_seed2.txt,Set Covering,100,Exact,99999,false,min,4,0.01507,na,na,25852,50667,529
set_covering_n100_m78_d0.3_b_w23_seed2.txt,Set Covering,100,Restricted,500,false,min,4,0.01365,na,na,24962,48842,507
set_covering_n100_m78_d0.3_b_w23_seed2.txt,Set Covering,100,Restricted,1000,false,min,4,0.01506,na,na,25852,50667,529
set_covering_n100_m78_d0.3_b_w23_seed2.txt,Set Covering,100,Restricted,2000,false,min,4,0.01495,na,na,25852,50667,529
set_covering_n100_m78_d0.3_b_w23_seed2.txt,Set Covering,100,Restricted,5000,false,min,4,0.01507,na,na,25852,50667,529
set_covering_n100_m78_d0.3_b_w23_seed2.txt,Set Covering,100,Restricted,10000,false,min,4,0.01507,na,na,25852,50667,529
set_covering_n100_m78_d0.3_b_w23_seed2.txt,Set Covering,100,Restricted,20000,false,min,4,0.01498,na,na,25852,50667,529
set_covering_n100_m78_d0.3_b_w23_seed2.txt,Set Covering,100,Relaxed,500,false,min,4,0.01685,na,na,24963,49379,507
set_covering_n100_m78_d0.3_b_w23_seed2.txt,Set Covering,100,Relaxed,1000,false,min,4,0.01509,na,na,25852,50667,529
set_covering_n100_m78_d0.3_b_w23_seed2.txt,Set Covering,100,Relaxed,2000,false,min,4,0.01533,na,na,25852,50667,529
set_covering_n100_m78_d0.3_b_w23_seed2.txt,Set Covering,100,Relaxed,5000,false,min,4,0.01538,na,na,25852,50667,529
set_covering_n100_m78_d0.3_b_w23_seed2.txt,Set Covering,100,Relaxed,10000,false,min,4,0.01501,na,na,25852,50667,529
set_covering_n100_m78_d0.3_b_w23_seed2.txt,Set Covering,100,Relaxed,20000,false,min,4,0.01494,na,na,25852,50667,529
set_covering_n100_m78_d0.3_b_w23_seed3.txt,Set Covering,100,Exact,99999,false,min,4,0.01452,na,na,25852,50667,529
set_covering_n100_m78_d0.3_b_w23_seed3.txt,Set Covering,100,Restricted,500,false,min,4,0.01374,na,na,24962,48842,507
set_covering_n100_m78_d0.3_b_w23_seed3.txt,Set Covering,100,Restricted,1000,false,min,4,0.01467,na,na,25852,50667,529
set_covering_n100_m78_d0.3_b_w23_seed3.txt,Set Covering,100,Restricted,2000,false,min,4,0.01446,na,na,25852,50667,529
set_covering_n100_m78_d0.3_b_w23_seed3.txt,Set Covering,100,Restricted,5000,false,min,4,0.01454,na,na,25852,50667,529
set_covering_n100_m78_d0.3_b_w23_seed3.txt,Set Covering,100,Restricted,10000,false,min,4,0.01450,na,na,25852,50667,529
set_covering_n100_m78_d0.3_b_w23_seed3.txt,Set Covering,100,Restricted,20000,false,min,4,0.01439,na,na,25852,50667,529
set_covering_n100_m78_d0.3_b_w23_seed3.txt,Set Covering,100,Relaxed,500,false,min,4,0.01695,na,na,24963,49379,507
set_covering_n100_m78_d0.3_b_w23_seed3.txt,Set Covering,100,Relaxed,1000,false,min,4,0.01424,na,na,25852,50667,529
set_covering_n100_m78_d0.3_b_w23_seed3.txt,Set Covering,100,Relaxed,2000,false,min,4,0.01428,na,na,25852,50667,529
set_covering_n100_m78_d0.3_b_w23_seed3.txt,Set Covering,100,Relaxed,5000,false,min,4,0.01416,na,na,25852,50667,529
set_covering_n100_m78_d0.3_b_w23_seed3.txt,Set Covering,100,Relaxed,10000,false,min,4,0.01446,na,na,25852,50667,529
set_covering_n100_m78_d0.3_b_w23_seed3.txt,Set Covering,100,Relaxed,20000,false,min,4,0.01449,na,na,25852,50667,529
set_covering_n100_m78_d0.3_b_w23_seed4.txt,Set Covering,100,Exact,99999,false,min,4,0.01488,na,na,25852,50667,529
set_covering_n100_m78_d0.3_b_w23_seed4.txt,Set Covering,100,Restricted,500,false,min,4,0.01371,na,na,24962,48842,507
set_covering_n100_m78_d0.3_b_w23_seed4.txt,Set Covering,100,Restricted,1000,false,min,4,0.01433,na,na,25852,50667,529
set_covering_n100_m78_d0.3_b_w23_seed4.txt,Set Covering,100,Restricted,2000,false,min,4,0.01428,na,na,25852,50667,529
set_covering_n100_m78_d0.3_b_w23_seed4.txt,Set Covering,100,Restricted,5000,false,min,4,0.01444,na,na,25852,50667,529
set_covering_n100_m78_d0.3_b_w23_seed4.txt,Set Covering,100,Restricted,10000,false,min,4,0.01433,na,na,25852,50667,529
set_covering_n100_m78_d0.3_b_w23_seed4.txt,Set Covering,100,Restricted,20000,false,min,4,0.01421,na,na,25852,50667,529
set_covering_n100_m78_d0.3_b_w23_seed4.txt,Set Covering,100,Relaxed,500,false,min,4,0.01578,na,na,24963,49379,507
set_covering_n100_m78_d0.3_b_w23_seed4.txt,Set Covering,100,Relaxed,1000,false,min,4,0.01415,na,na,25852,50667,529
set_covering_n100_m78_d0.3_b_w23_seed4.txt,Set Covering,100,Relaxed,2000,false,min,4,0.01432,na,na,25852,50667,529
set_covering_n100_m78_d0.3_b_w23_seed4.txt,Set Covering,100,Relaxed,5000,false,min,4,0.01431,na,na,25852,50667,529
set_covering_n100_m78_d0.3_b_w23_seed4.txt,Set Covering,100,Relaxed,10000,false,min,4,0.01431,na,na,25852,50667,529
set_covering_n100_m78_d0.3_b_w23_seed4.txt,Set Covering,100,Relaxed,20000,false,min,4,0.01455,na,na,25852,50667,529
set_covering_n100_m78_d0.4_b_w23_seed1.txt,Set Covering,100,Exact,99999,false,min,4,0.01415,na,na,25852,50667,529
set_covering_n100_m78_d0.4_b_w23_seed1.txt,Set Covering,100,Restricted,500,false,min,4,0.01331,na,na,24962,48842,507
set_covering_n100_m78_d0.4_b_w23_seed1.txt,Set Covering,100,Restricted,1000,false,min,4,0.01435,na,na,25852,50667,529
set_covering_n100_m78_d0.4_b_w23_seed1.txt,Set Covering,100,Restricted,2000,false,min,4,0.01438,na,na,25852,50667,529
set_covering_n100_m78_d0.4_b_w23_seed1.txt,Set Covering,100,Restricted,5000,false,min,4,0.01438,na,na,25852,50667,529
set_covering_n100_m78_d0.4_b_w23_seed1.txt,Set Covering,100,Restricted,10000,false,min,4,0.01436,na,na,25852,50667,529
set_covering_n100_m78_d0.4_b_w23_seed1.txt,Set Covering,100,Restricted,20000,false,min,4,0.01427,na,na,25852,50667,529
set_covering_n100_m78_d0.4_b_w23_seed1.txt,Set Covering,100,Relaxed,500,false,min,4,0.01575,na,na,24963,49379,507
set_covering_n100_m78_d0.4_b_w23_seed1.txt,Set Covering,100,Relaxed,1000,false,min,4,0.01452,na,na,25852,50667,529
set_covering_n100_m78_d0.4_b_w23_seed1.txt,Set Covering,100,Relaxed,2000,false,min,4,0.01431,na,na,25852,50667,529
set_covering_n100_m78_d0.4_b_w23_seed1.txt,Set Covering,100,Relaxed,5000,false,min,4,0.01436,na,na,25852,50667,529
set_covering_n100_m78_d0.4_b_w23_seed1.txt,Set Covering,100,Relaxed,10000,false,min,4,0.01504,na,na,25852,50667,529
set_covering_n100_m78_d0.4_b_w23_seed1.txt,Set Covering,100,Relaxed,20000,false,min,4,0.01440,na,na,25852,50667,529
set_covering_n100_m78_d0.4_b_w23_seed2.txt,Set Covering,100,Exact,99999,false,min,4,0.01426,na,na,25852,50667,529
set_covering_n100_m78_d0.4_b_w23_seed2.txt,Set Covering,100,Restricted,500,false,min,4,0.01346,na,na,24962,48842,507
set_covering_n100_m78_d0.4_b_w23_seed2.txt,Set Covering,100,Restricted,1000,false,min,4,0.01432,na,na,25852,50667,529
set_covering_n100_m78_d0.4_b_w23_seed2.txt,Set Covering,100,Restricted,2000,false,min,4,0.01442,na,na,25852,50667,529
set_covering_n100_m78_d0.4_b_w23_seed2.txt,Set Covering,100,Restricted,5000,false,min,4,0.01432,na,na,25852,50667,529
set_covering_n100_m78_d0.4_b_w23_seed2.txt,Set Covering,100,Restricted,10000,false,min,4,0.01428,na,na,25852,50667,529
set_covering_n100_m78_d0.4_b_w23_seed2.txt,Set Covering,100,Restricted,20000,false,min,4,0.01428,na,na,25852,50667,529
set_covering_n100_m78_d0.4_b_w23_seed2.txt,Set Covering,100,Relaxed,500,false,min,4,0.01576,na,na,24963,49379,507
set_covering_n100_m78_d0.4_b_w23_seed2.txt,Set Covering,100,Relaxed,1000,false,min,4,0.01413,na,na,25852,50667,529
set_covering_n100_m78_d0.4_b_w23_seed2.txt,Set Covering,100,Relaxed,2000,false,min,4,0.01417,na,na,25852,50667,529
set_covering_n100_m78_d0.4_b_w23_seed2.txt,Set Covering,100,Relaxed,5000,false,min,4,0.01441,na,na,25852,50667,529
set_covering_n100_m78_d0.4_b_w23_seed2.txt,Set Covering,100,Relaxed,10000,false,min,4,0.01462,na,na,25852,50667,529
set_covering_n100_m78_d0.4_b_w23_seed2.txt,Set Covering,100,Relaxed,20000,false,min,4,0.01420,na,na,25852,50667,529
set_covering_n100_m78_d0.4_b_w23_seed3.txt,Set Covering,100,Exact,99999,false,min,4,0.01421,na,na,25852,50667,529
set_covering_n100_m78_d0.4_b_w23_seed3.txt,Set Covering,100,Restricted,500,false,min,4,0.01333,na,na,24962,48842,507
set_covering_n100_m78_d0.4_b_w23_seed3.txt,Set Covering,100,Restricted,1000,false,min,4,0.01415,na,na,25852,50667,529
set_covering_n100_m78_d0.4_b_w23_seed3.txt,Set Covering,100,Restricted,2000,false,min,4,0.01449,na,na,25852,50667,529
set_covering_n100_m78_d0.4_b_w23_seed3.txt,Set Covering,100,Restricted,5000,false,min,4,0.01423,na,na,25852,50667,529
set_covering_n100_m78_d0.4_b_w23_seed3.txt,Set Covering,100,Restricted,10000,false,min,4,0.01428,na,na,25852,50667,529
set_covering_n100_m78_d0.4_b_w23_seed3.txt,Set Covering,100,Restricted,20000,false,min,4,0.01426,na,na,25852,50667,529
set_covering_n100_m78_d0.4_b_w23_seed3.txt,Set Covering,100,Relaxed,500,false,min,4,0.01586,na,na,24963,49379,507
set_covering_n100_m78_d0.4_b_w23_seed3.txt,Set Covering,100,Relaxed,1000,false,min,4,0.01415,na,na,25852,50667,529
set_covering_n100_m78_d0.4_b_w23_seed3.txt,Set Covering,100,Relaxed,2000,false,min,4,0.01433,na,na,25852,50667,529
set_covering_n100_m78_d0.4_b_w23_seed3.txt,Set Covering,100,Relaxed,5000,false,min,4,0.01440,na,na,25852,50667,529
set_covering_n100_m78_d0.4_b_w23_seed3.txt,Set Covering,100,Relaxed,10000,false,min,4,0.01427,na,na,25852,50667,529
set_covering_n100_m78_d0.4_b_w23_seed3.txt,Set Covering,100,Relaxed,20000,false,min,4,0.01429,na,na,25852,50667,529
set_covering_n100_m78_d0.4_b_w23_seed4.txt,Set Covering,100,Exact,99999,false,min,4,0.01444,na,na,25852,50667,529
set_covering_n100_m78_d0.4_b_w23_seed4.txt,Set Covering,100,Restricted,500,false,min,4,0.01344,na,na,24962,48842,507
set_covering_n100_m78_d0.4_b_w23_seed4.txt,Set Covering,100,Restricted,1000,false,min,4,0.01426,na,na,25852,50667,529
set_covering_n100_m78_d0.4_b_w23_seed4.txt,Set Covering,100,Restricted,2000,false,min,4,0.01432,na,na,25852,50667,529
set_covering_n100_m78_d0.4_b_w23_seed4.txt,Set Covering,100,Restricted,5000,false,min,4,0.01416,na,na,25852,50667,529
set_covering_n100_m78_d0.4_b_w23_seed4.txt,Set Covering,100,Restricted,10000,false,min,4,0.01417,na,na,25852,50667,529
set_covering_n100_m78_d0.4_b_w23_seed4.txt,Set Covering,100,Restricted,20000,false,min,4,0.01430,na,na,25852,50667,529
set_covering_n100_m78_d0.4_b_w23_seed4.txt,Set Covering,100,Relaxed,500,false,min,4,0.01596,na,na,24963,49379,507
set_covering_n100_m78_d0.4_b_w23_seed4.txt,Set Covering,100,Relaxed,1000,false,min,4,0.01421,na,na,25852,50667,529
set_covering_n100_m78_d0.4_b_w23_seed4.txt,Set Covering,100,Relaxed,2000,false,min,4,0.01442,na,na,25852,50667,529
set_covering_n100_m78_d0.4_b_w23_seed4.txt,Set Covering,100,Relaxed,5000,false,min,4,0.01440,na,na,25852,50667,529
set_covering_n100_m78_d0.4_b_w23_seed4.txt,Set Covering,100,Relaxed,10000,false,min,4,0.01432,na,na,25852,50667,529
set_covering_n100_m78_d0.4_b_w23_seed4.txt,Set Covering,100,Relaxed,20000,false,min,4,0.01435,na,na,25852,50667,529
set_covering_n100_m78_d0.05_b_w23_seed1.txt,Set Covering,100,Restricted,500,false,min,24,0.02117,na,na,51682,56098,1000
set_covering_n100_m78_d0.05_b_w23_seed1.txt,Set Covering,100,Restricted,1000,false,min,24,0.04238,na,na,99938,108576,2000
set_covering_n100_m78_d0.05_b_w23_seed1.txt,Set Covering,100,Restricted,2000,false,min,24,0.08435,na,na,193460,210499,4000
set_covering_n100_m78_d0.05_b_w23_seed1.txt,Set Covering,100,Restricted,5000,false,min,22,0.25290,na,na,463922,508395,10000
set_covering_n100_m78_d0.05_b_w23_seed1.txt,Set Covering,100,Restricted,10000,false,min,22,0.59728,na,na,898510,984377,20000
set_covering_n100_m78_d0.05_b_w23_seed1.txt,Set Covering,100,Relaxed,500,false,min,6,0.02583,na,na,49014,77730,1001
set_covering_n100_m78_d0.05_b_w23_seed1.txt,Set Covering,100,Restricted,20000,false,min,22,1.42705,na,na,1709005,1872050,40000
set_covering_n100_m78_d0.05_b_w23_seed1.txt,Set Covering,100,Relaxed,1000,false,min,8,0.05185,na,na,95063,144252,2001
set_covering_n100_m78_d0.05_b_w23_seed1.txt,Set Covering,100,Relaxed,2000,false,min,8,0.11302,na,na,192231,282913,4001
set_covering_n100_m78_d0.05_b_w23_seed1.txt,Set Covering,100,Relaxed,5000,false,min,8,0.32176,na,na,464669,677670,10001
set_covering_n100_m78_d0.05_b_w23_seed1.txt,Set Covering,100,Relaxed,10000,false,min,8,0.77167,na,na,899982,1300931,20001
set_covering_n100_m78_d0.05_b_w23_seed1.txt,Set Covering,100,Relaxed,20000,false,min,8,1.81188,na,na,1712423,2476164,39998
set_covering_n100_m78_d0.5_b_w23_seed1.txt,Set Covering,100,Exact,99999,false,min,4,0.01432,na,na,25852,50667,529
set_covering_n100_m78_d0.5_b_w23_seed1.txt,Set Covering,100,Restricted,500,false,min,4,0.01339,na,na,24962,48842,507
set_covering_n100_m78_d0.5_b_w23_seed1.txt,Set Covering,100,Restricted,1000,false,min,4,0.01461,na,na,25852,50667,529
set_covering_n100_m78_d0.5_b_w23_seed1.txt,Set Covering,100,Restricted,2000,false,min,4,0.01423,na,na,25852,50667,529
set_covering_n100_m78_d0.5_b_w23_seed1.txt,Set Covering,100,Restricted,5000,false,min,4,0.01437,na,na,25852,50667,529
set_covering_n100_m78_d0.5_b_w23_seed1.txt,Set Covering,100,Restricted,10000,false,min,4,0.01460,na,na,25852,50667,529
set_covering_n100_m78_d0.5_b_w23_seed1.txt,Set Covering,100,Restricted,20000,false,min,4,0.01453,na,na,25852,50667,529
set_covering_n100_m78_d0.5_b_w23_seed1.txt,Set Covering,100,Relaxed,500,false,min,4,0.01599,na,na,24963,49379,507
set_covering_n100_m78_d0.5_b_w23_seed1.txt,Set Covering,100,Relaxed,1000,false,min,4,0.01448,na,na,25852,50667,529
set_covering_n100_m78_d0.5_b_w23_seed1.txt,Set Covering,100,Relaxed,2000,false,min,4,0.01459,na,na,25852,50667,529
set_covering_n100_m78_d0.5_b_w23_seed1.txt,Set Covering,100,Relaxed,5000,false,min,4,0.01453,na,na,25852,50667,529
set_covering_n100_m78_d0.5_b_w23_seed1.txt,Set Covering,100,Relaxed,10000,false,min,4,0.01463,na,na,25852,50667,529
set_covering_n100_m78_d0.5_b_w23_seed1.txt,Set Covering,100,Relaxed,20000,false,min,4,0.01447,na,na,25852,50667,529
set_covering_n100_m78_d0.05_b_w23_seed2.txt,Set Covering,100,Restricted,500,false,min,25,0.02234,na,na,54245,58746,1000
set_covering_n100_m78_d0.05_b_w23_seed2.txt,Set Covering,100,Restricted,1000,false,min,24,0.04486,na,na,105442,114117,2000
set_covering_n100_m78_d0.05_b_w23_seed2.txt,Set Covering,100,Restricted,2000,false,min,24,0.09095,na,na,202915,219332,4000
set_covering_n100_m78_d0.05_b_w23_seed2.txt,Set Covering,100,Restricted,5000,false,min,24,0.25896,na,na,483317,524773,10000
set_covering_n100_m78_d0.05_b_w23_seed2.txt,Set Covering,100,Restricted,10000,false,min,23,0.60872,na,na,935201,1021931,20000
set_covering_n100_m78_d0.05_b_w23_seed2.txt,Set Covering,100,Relaxed,500,false,min,6,0.02793,na,na,52263,77385,1001
set_covering_n100_m78_d0.05_b_w23_seed2.txt,Set Covering,100,Restricted,20000,false,min,23,1.55600,na,na,1787831,1954715,40000
set_covering_n100_m78_d0.05_b_w23_seed2.txt,Set Covering,100,Relaxed,1000,false,min,6,0.05433,na,na,105123,151459,2001
set_covering_n100_m78_d0.05_b_w23_seed2.txt,Set Covering,100,Relaxed,2000,false,min,7,0.11949,na,na,201953,291677,4001
set_covering_n100_m78_d0.05_b_w23_seed2.txt,Set Covering,100,Relaxed,5000,false,min,7,0.34712,na,na,483362,695653,10001
set_covering_n100_m78_d0.05_b_w23_seed2.txt,Set Covering,100,Relaxed,10000,false,min,7,0.81611,na,na,936388,1352576,20001
set_covering_n100_m78_d0.5_b_w23_seed2.txt,Set Covering,100,Exact,99999,false,min,4,0.01463,na,na,25852,50667,529
set_covering_n100_m78_d0.05_b_w23_seed2.txt,Set Covering,100,Relaxed,20000,false,min,8,1.97463,na,na,1789373,2584246,40001
set_covering_n100_m78_d0.5_b_w23_seed2.txt,Set Covering,100,Restricted,500,false,min,4,0.01361,na,na,24962,48842,507
set_covering_n100_m78_d0.5_b_w23_seed2.txt,Set Covering,100,Restricted,1000,false,min,4,0.01456,na,na,25852,50667,529
set_covering_n100_m78_d0.5_b_w23_seed2.txt,Set Covering,100,Restricted,2000,false,min,4,0.01462,na,na,25852,50667,529
set_covering_n100_m78_d0.5_b_w23_seed2.txt,Set Covering,100,Restricted,5000,false,min,4,0.01419,na,na,25852,50667,529
set_covering_n100_m78_d0.5_b_w23_seed2.txt,Set Covering,100,Restricted,10000,false,min,4,0.01462,na,na,25852,50667,529
set_covering_n100_m78_d0.5_b_w23_seed2.txt,Set Covering,100,Restricted,20000,false,min,4,0.01465,na,na,25852,50667,529
set_covering_n100_m78_d0.5_b_w23_seed2.txt,Set Covering,100,Relaxed,500,false,min,4,0.01644,na,na,24963,49379,507
set_covering_n100_m78_d0.5_b_w23_seed2.txt,Set Covering,100,Relaxed,1000,false,min,4,0.01456,na,na,25852,50667,529
set_covering_n100_m78_d0.5_b_w23_seed2.txt,Set Covering,100,Relaxed,2000,false,min,4,0.01453,na,na,25852,50667,529
set_covering_n100_m78_d0.5_b_w23_seed2.txt,Set Covering,100,Relaxed,5000,false,min,4,0.01465,na,na,25852,50667,529
set_covering_n100_m78_d0.5_b_w23_seed2.txt,Set Covering,100,Relaxed,10000,false,min,4,0.01500,na,na,25852,50667,529
set_covering_n100_m78_d0.5_b_w23_seed2.txt,Set Covering,100,Relaxed,20000,false,min,4,0.01539,na,na,25852,50667,529
set_covering_n100_m78_d0.05_b_w23_seed3.txt,Set Covering,100,Restricted,500,false,min,24,0.02368,na,na,54775,57955,1000
set_covering_n100_m78_d0.05_b_w23_seed3.txt,Set Covering,100,Restricted,1000,false,min,23,0.04317,na,na,106887,113599,2000
set_covering_n100_m78_d0.05_b_w23_seed3.txt,Set Covering,100,Restricted,2000,false,min,23,0.09174,na,na,207519,222680,4000
set_covering_n100_m78_d0.05_b_w23_seed3.txt,Set Covering,100,Restricted,5000,false,min,24,0.27166,na,na,504077,539129,10000
set_covering_n100_m78_d0.05_b_w23_seed3.txt,Set Covering,100,Restricted,10000,false,min,23,0.68435,na,na,973435,1046869,20000
set_covering_n100_m78_d0.05_b_w23_seed3.txt,Set Covering,100,Relaxed,500,false,min,5,0.02785,na,na,52696,81996,1001
set_covering_n100_m78_d0.05_b_w23_seed3.txt,Set Covering,100,Restricted,20000,false,min,23,1.74568,na,na,1834887,1990161,40000
set_covering_n100_m78_d0.05_b_w23_seed3.txt,Set Covering,100,Relaxed,1000,false,min,5,0.05606,na,na,105628,152904,2001
set_covering_n100_m78_d0.05_b_w23_seed3.txt,Set Covering,100,Relaxed,2000,false,min,6,0.12319,na,na,207452,305974,4001
set_covering_n100_m78_d0.05_b_w23_seed3.txt,Set Covering,100,Relaxed,5000,false,min,6,0.35673,na,na,503559,721365,10001
set_covering_n100_m78_d0.05_b_w23_seed3.txt,Set Covering,100,Relaxed,10000,false,min,6,0.87902,na,na,976319,1407028,20001
set_covering_n100_m78_d0.05_b_w23_seed3.txt,Set Covering,100,Relaxed,20000,false,min,6,2.07693,na,na,1835125,2650353,40001
set_covering_n100_m78_d0.5_b_w23_seed3.txt,Set Covering,100,Exact,99999,false,min,4,0.01493,na,na,25852,50667,529
set_covering_n100_m78_d0.5_b_w23_seed3.txt,Set Covering,100,Restricted,500,false,min,4,0.01370,na,na,24962,48842,507
set_covering_n100_m78_d0.5_b_w23_seed3.txt,Set Covering,100,Restricted,1000,false,min,4,0.01420,na,na,25852,50667,529
set_covering_n100_m78_d0.5_b_w23_seed3.txt,Set Covering,100,Restricted,2000,false,min,4,0.01457,na,na,25852,50667,529
set_covering_n100_m78_d0.5_b_w23_seed3.txt,Set Covering,100,Restricted,5000,false,min,4,0.01431,na,na,25852,50667,529
set_covering_n100_m78_d0.5_b_w23_seed3.txt,Set Covering,100,Restricted,10000,false,min,4,0.01486,na,na,25852,50667,529
set_covering_n100_m78_d0.5_b_w23_seed3.txt,Set Covering,100,Restricted,20000,false,min,4,0.01436,na,na,25852,50667,529
set_covering_n100_m78_d0.5_b_w23_seed3.txt,Set Covering,100,Relaxed,500,false,min,4,0.01625,na,na,24963,49379,507
set_covering_n100_m78_d0.5_b_w23_seed3.txt,Set Covering,100,Relaxed,1000,false,min,4,0.01431,na,na,25852,50667,529
set_covering_n100_m78_d0.5_b_w23_seed3.txt,Set Covering,100,Relaxed,2000,false,min,4,0.01458,na,na,25852,50667,529
set_covering_n100_m78_d0.5_b_w23_seed3.txt,Set Covering,100,Relaxed,5000,false,min,4,0.01426,na,na,25852,50667,529
set_covering_n100_m78_d0.5_b_w23_seed3.txt,Set Covering,100,Relaxed,10000,false,min,4,0.01460,na,na,25852,50667,529
set_covering_n100_m78_d0.5_b_w23_seed3.txt,Set Covering,100,Relaxed,20000,false,min,4,0.01424,na,na,25852,50667,529
set_covering_n100_m78_d0.05_b_w23_seed4.txt,Set Covering,100,Restricted,500,false,min,26,0.02276,na,na,55380,59404,1000
set_covering_n100_m78_d0.05_b_w23_seed4.txt,Set Covering,100,Restricted,1000,false,min,26,0.04290,na,na,107135,115745,2000
set_covering_n100_m78_d0.05_b_w23_seed4.txt,Set Covering,100,Restricted,2000,false,min,23,0.09446,na,na,210381,229369,4000
set_covering_n100_m78_d0.05_b_w23_seed4.txt,Set Covering,100,Restricted,5000,false,min,23,0.27177,na,na,502637,549635,10000
set_covering_n100_m78_d0.05_b_w23_seed4.txt,Set Covering,100,Restricted,10000,false,min,23,0.65669,na,na,970724,1065615,20000
set_covering_n100_m78_d0.05_b_w23_seed4.txt,Set Covering,100,Restricted,20000,false,min,23,1.72695,na,na,1916362,2115462,40000
set_covering_n100_m78_d0.05_b_w23_seed4.txt,Set Covering,100,Relaxed,500,false,min,6,0.02837,na,na,54094,80414,1001
set_covering_n100_m78_d0.05_b_w23_seed4.txt,Set Covering,100,Relaxed,1000,false,min,6,0.05795,na,na,106809,154302,2001
set_covering_n100_m78_d0.05_b_w23_seed4.txt,Set Covering,100,Relaxed,2000,false,min,7,0.12395,na,na,209618,308025,4001
set_covering_n100_m78_d0.05_b_w23_seed4.txt,Set Covering,100,Relaxed,5000,false,min,7,0.36252,na,na,502488,733302,10001
set_covering_n100_m78_d0.05_b_w23_seed4.txt,Set Covering,100,Relaxed,10000,false,min,7,0.87694,na,na,970952,1414593,20001
set_covering_n100_m78_d0.05_b_w23_seed4.txt,Set Covering,100,Relaxed,20000,false,min,8,2.19409,na,na,1916005,2806280,40001
set_covering_n100_m78_d0.5_b_w23_seed4.txt,Set Covering,100,Exact,99999,false,min,4,0.01495,na,na,25852,50667,529
set_covering_n100_m78_d0.5_b_w23_seed4.txt,Set Covering,100,Restricted,500,false,min,4,0.01378,na,na,24962,48842,507
set_covering_n100_m78_d0.5_b_w23_seed4.txt,Set Covering,100,Restricted,1000,false,min,4,0.01474,na,na,25852,50667,529
set_covering_n100_m78_d0.5_b_w23_seed4.txt,Set Covering,100,Restricted,2000,false,min,4,0.01471,na,na,25852,50667,529
set_covering_n100_m78_d0.5_b_w23_seed4.txt,Set Covering,100,Restricted,5000,false,min,4,0.01458,na,na,25852,50667,529
set_covering_n100_m78_d0.5_b_w23_seed4.txt,Set Covering,100,Restricted,10000,false,min,4,0.01534,na,na,25852,50667,529
set_covering_n100_m78_d0.5_b_w23_seed4.txt,Set Covering,100,Restricted,20000,false,min,4,0.01460,na,na,25852,50667,529
set_covering_n100_m78_d0.5_b_w23_seed4.txt,Set Covering,100,Relaxed,500,false,min,4,0.01630,na,na,24963,49379,507
set_covering_n100_m78_d0.5_b_w23_seed4.txt,Set Covering,100,Relaxed,1000,false,min,4,0.01476,na,na,25852,50667,529
set_covering_n100_m78_d0.5_b_w23_seed4.txt,Set Covering,100,Relaxed,2000,false,min,4,0.01479,na,na,25852,50667,529
set_covering_n100_m78_d0.5_b_w23_seed4.txt,Set Covering,100,Relaxed,5000,false,min,4,0.01456,na,na,25852,50667,529
set_covering_n100_m78_d0.5_b_w23_seed4.txt,Set Covering,100,Relaxed,10000,false,min,4,0.01457,na,na,25852,50667,529
set_covering_n100_m78_d0.5_b_w23_seed4.txt,Set Covering,100,Relaxed,20000,false,min,4,0.01459,na,na,25852,50667,529
set_covering_n100_m78_d0.15_b_w23_seed1.txt,Set Covering,100,Restricted,500,false,min,9,0.02761,na,na,62333,71324,1000
set_covering_n100_m78_d0.15_b_w23_seed1.txt,Set Covering,100,Restricted,1000,false,min,9,0.05249,na,na,117838,136578,2000
set_covering_n100_m78_d0.15_b_w23_seed1.txt,Set Covering,100,Restricted,2000,false,min,8,0.09930,na,na,217472,252141,3999
set_covering_n100_m78_d0.15_b_w23_seed1.txt,Set Covering,100,Restricted,5000,false,min,8,0.27965,na,na,489614,568571,9960
set_covering_n100_m78_d0.15_b_w23_seed1.txt,Set Covering,100,Restricted,10000,false,min,8,0.62066,na,na,910361,1063841,19842
set_covering_n100_m78_d0.15_b_w23_seed1.txt,Set Covering,100,Restricted,20000,false,min,7,1.45233,na,na,1668391,1959677,39352
set_covering_n100_m78_d0.15_b_w23_seed1.txt,Set Covering,100,Relaxed,500,false,min,2,0.03576,na,na,62355,96844,1001
set_covering_n100_m78_d0.15_b_w23_seed1.txt,Set Covering,100,Relaxed,1000,false,min,2,0.07050,na,na,117464,183226,2001
set_covering_n100_m78_d0.15_b_w23_seed1.txt,Set Covering,100,Relaxed,2000,false,min,3,0.13810,na,na,217833,341243,4000
set_covering_n100_m78_d0.15_b_w23_seed1.txt,Set Covering,100,Relaxed,5000,false,min,3,0.36680,na,na,489184,770113,9959
set_covering_n100_m78_d0.15_b_w23_seed1.txt,Set Covering,100,Relaxed,10000,false,min,3,0.83512,na,na,910769,1441000,19840
set_covering_n100_m78_d0.15_b_w23_seed1.txt,Set Covering,100,Relaxed,20000,false,min,4,1.87414,na,na,1668832,2658225,39351
set_covering_n100_m78_d0.15_b_w23_seed2.txt,Set Covering,100,Restricted,500,false,min,9,0.02646,na,na,63297,70605,1000
set_covering_n100_m78_d0.15_b_w23_seed2.txt,Set Covering,100,Restricted,1000,false,min,9,0.05318,na,na,120260,134383,2000
set_covering_n100_m78_d0.15_b_w23_seed2.txt,Set Covering,100,Restricted,2000,false,min,9,0.10474,na,na,230590,261717,3999
set_covering_n100_m78_d0.15_b_w23_seed2.txt,Set Covering,100,Restricted,5000,false,min,8,0.28707,na,na,527204,607478,9994
set_covering_n100_m78_d0.15_b_w23_seed2.txt,Set Covering,100,Restricted,10000,false,min,8,0.61590,na,na,966574,1115030,19846
set_covering_n100_m78_d0.15_b_w23_seed2.txt,Set Covering,100,Restricted,20000,false,min,8,1.50364,na,na,1772188,2066196,39507
set_covering_n100_m78_d0.15_b_w23_seed2.txt,Set Covering,100,Relaxed,500,false,min,2,0.03395,na,na,63102,96650,1001
set_covering_n100_m78_d0.15_b_w23_seed2.txt,Set Covering,100,Relaxed,1000,false,min,2,0.06725,na,na,120377,184726,2001
set_covering_n100_m78_d0.15_b_w23_seed2.txt,Set Covering,100,Relaxed,2000,false,min,3,0.14344,na,na,231154,357474,3997
set_covering_n100_m78_d0.15_b_w23_seed2.txt,Set Covering,100,Relaxed,5000,false,min,3,0.38781,na,na,526970,823865,9989
set_covering_n100_m78_d0.15_b_w23_seed2.txt,Set Covering,100,Relaxed,10000,false,min,3,0.85092,na,na,966593,1522433,19853
set_covering_n100_m78_d0.15_b_w23_seed2.txt,Set Covering,100,Relaxed,20000,false,min,4,1.97051,na,na,1772545,2827902,39518
set_covering_n100_m78_d0.15_b_w23_seed3.txt,Set Covering,100,Restricted,500,false,min,9,0.02626,na,na,60332,69640,1000
set_covering_n100_m78_d0.15_b_w23_seed3.txt,Set Covering,100,Restricted,1000,false,min,8,0.05281,na,na,115086,135447,2000
set_covering_n100_m78_d0.15_b_w23_seed3.txt,Set Covering,100,Restricted,2000,false,min,8,0.10421,na,na,216916,259552,4000
set_covering_n100_m78_d0.15_b_w23_seed3.txt,Set Covering,100,Restricted,5000,false,min,8,0.26950,na,na,486564,591045,9987
set_covering_n100_m78_d0.15_b_w23_seed3.txt,Set Covering,100,Restricted,10000,false,min,8,0.56255,na,na,880296,1073777,19880
set_covering_n100_m78_d0.15_b_w23_seed3.txt,Set Covering,100,Restricted,20000,false,min,8,1.30118,na,na,1602244,1973084,39536
set_covering_n100_m78_d0.15_b_w23_seed3.txt,Set Covering,100,Relaxed,500,false,min,3,0.03369,na,na,60223,94369,1001
set_covering_n100_m78_d0.15_b_w23_seed3.txt,Set Covering,100,Relaxed,1000,false,min,3,0.06886,na,na,114797,181192,2001
set_covering_n100_m78_d0.15_b_w23_seed3.txt,Set Covering,100,Relaxed,2000,false,min,3,0.14085,na,na,216881,345456,3996
set_covering_n100_m78_d0.15_b_w23_seed3.txt,Set Covering,100,Relaxed,5000,false,min,3,0.35661,na,na,486546,781217,9986
set_covering_n100_m78_d0.15_b_w23_seed3.txt,Set Covering,100,Relaxed,10000,false,min,3,0.76018,na,na,879989,1418283,19877
set_covering_n100_m78_d0.15_b_w23_seed3.txt,Set Covering,100,Relaxed,20000,false,min,4,1.74291,na,na,1601027,2593535,39542
set_covering_n100_m78_d0.15_b_w23_seed4.txt,Set Covering,100,Restricted,500,false,min,9,0.02837,na,na,64101,70668,1000
set_covering_n100_m78_d0.15_b_w23_seed4.txt,Set Covering,100,Restricted,1000,false,min,9,0.05304,na,na,122660,135805,2000
set_covering_n100_m78_d0.15_b_w23_seed4.txt,Set Covering,100,Restricted,2000,false,min,8,0.11231,na,na,234486,264117,4000
set_covering_n100_m78_d0.15_b_w23_seed4.txt,Set Covering,100,Restricted,5000,false,min,8,0.30473,na,na,542525,617878,9978
set_covering_n100_m78_d0.15_b_w23_seed4.txt,Set Covering,100,Restricted,10000,false,min,8,0.66006,na,na,1003347,1162784,19885
set_covering_n100_m78_d0.15_b_w23_seed4.txt,Set Covering,100,Restricted,20000,false,min,8,1.60704,na,na,1853848,2219480,39337
set_covering_n100_m78_d0.15_b_w23_seed4.txt,Set Covering,100,Relaxed,500,false,min,2,0.03479,na,na,64080,97870,999
set_covering_n100_m78_d0.15_b_w23_seed4.txt,Set Covering,100,Relaxed,1000,false,min,2,0.07050,na,na,122558,188165,1999
set_covering_n100_m78_d0.15_b_w23_seed4.txt,Set Covering,100,Relaxed,2000,false,min,3,0.14351,na,na,234380,363072,3996
set_covering_n100_m78_d0.15_b_w23_seed4.txt,Set Covering,100,Relaxed,5000,false,min,3,0.39570,na,na,542478,847248,9976
set_covering_n100_m78_d0.15_b_w23_seed4.txt,Set Covering,100,Relaxed,10000,false,min,3,0.86968,na,na,1003246,1588746,19880
set_covering_n100_m78_d0.15_b_w23_seed4.txt,Set Covering,100,Relaxed,20000,false,min,4,2.05127,na,na,1854544,2994146,39337
set_covering_n100_m78_d0.25_b_w23_seed1.txt,Set Covering,100,Exact,99999,false,min,4,0.01498,na,na,25852,50667,529
set_covering_n100_m78_d0.25_b_w23_seed1.txt,Set Covering,100,Restricted,500,false,min,4,0.01391,na,na,24962,48842,507
set_covering_n100_m78_d0.25_b_w23_seed1.txt,Set Covering,100,Restricted,1000,false,min,4,0.01496,na,na,25852,50667,529
set_covering_n100_m78_d0.25_b_w23_seed1.txt,Set Covering,100,Restricted,2000,false,min,4,0.01483,na,na,25852,50667,529
set_covering_n100_m78_d0.25_b_w23_seed1.txt,Set Covering,100,Restricted,5000,false,min,4,0.01504,na,na,25852,50667,529
set_covering_n100_m78_d0.25_b_w23_seed1.txt,Set Covering,100,Restricted,10000,false,min,4,0.01533,na,na,25852,50667,529
set_covering_n100_m78_d0.25_b_w23_seed1.txt,Set Covering,100,Restricted,20000,false,min,4,0.01495,na,na,25852,50667,529
set_covering_n100_m78_d0.25_b_w23_seed1.txt,Set Covering,100,Relaxed,500,false,min,4,0.01666,na,na,24963,49379,507
set_covering_n100_m78_d0.25_b_w23_seed1.txt,Set Covering,100,Relaxed,1000,false,min,4,0.01422,na,na,25852,50667,529
set_covering_n100_m78_d0.25_b_w23_seed1.txt,Set Covering,100,Relaxed,2000,false,min,4,0.01415,na,na,25852,50667,529
set_covering_n100_m78_d0.25_b_w23_seed1.txt,Set Covering,100,Relaxed,5000,false,min,4,0.01433,na,na,25852,50667,529
set_covering_n100_m78_d0.25_b_w23_seed1.txt,Set Covering,100,Relaxed,10000,false,min,4,0.01426,na,na,25852,50667,529
set_covering_n100_m78_d0.25_b_w23_seed1.txt,Set Covering,100,Relaxed,20000,false,min,4,0.01533,na,na,25852,50667,529
set_covering_n100_m78_d0.25_b_w23_seed2.txt,Set Covering,100,Exact,99999,false,min,4,0.01422,na,na,25852,50667,529
set_covering_n100_m78_d0.25_b_w23_seed2.txt,Set Covering,100,Restricted,500,false,min,4,0.01333,na,na,24962,48842,507
set_covering_n100_m78_d0.25_b_w23_seed2.txt,Set Covering,100,Restricted,1000,false,min,4,0.01414,na,na,25852,50667,529
set_covering_n100_m78_d0.25_b_w23_seed2.txt,Set Covering,100,Restricted,2000,false,min,4,0.01407,na,na,25852,50667,529
set_covering_n100_m78_d0.25_b_w23_seed2.txt,Set Covering,100,Restricted,5000,false,min,4,0.01413,na,na,25852,50667,529
set_covering_n100_m78_d0.25_b_w23_seed2.txt,Set Covering,100,Restricted,10000,false,min,4,0.01413,na,na,25852,50667,529
set_covering_n100_m78_d0.25_b_w23_seed2.txt,Set Covering,100,Restricted,20000,false,min,4,0.01475,na,na,25852,50667,529
set_covering_n100_m78_d0.25_b_w23_seed2.txt,Set Covering,100,Relaxed,500,false,min,4,0.01629,na,na,24963,49379,507
set_covering_n100_m78_d0.25_b_w23_seed2.txt,Set Covering,100,Relaxed,1000,false,min,4,0.01431,na,na,25852,50667,529
set_covering_n100_m78_d0.25_b_w23_seed2.txt,Set Covering,100,Relaxed,2000,false,min,4,0.01431,na,na,25852,50667,529
set_covering_n100_m78_d0.25_b_w23_seed2.txt,Set Covering,100,Relaxed,5000,false,min,4,0.01427,na,na,25852,50667,529
set_covering_n100_m78_d0.25_b_w23_seed2.txt,Set Covering,100,Relaxed,10000,false,min,4,0.01447,na,na,25852,50667,529
set_covering_n100_m78_d0.25_b_w23_seed2.txt,Set Covering,100,Relaxed,20000,false,min,4,0.01421,na,na,25852,50667,529
set_covering_n100_m78_d0.25_b_w23_seed3.txt,Set Covering,100,Exact,99999,false,min,4,0.01412,na,na,25852,50667,529
set_covering_n100_m78_d0.25_b_w23_seed3.txt,Set Covering,100,Restricted,500,false,min,4,0.01340,na,na,24962,48842,507
set_covering_n100_m78_d0.25_b_w23_seed3.txt,Set Covering,100,Restricted,1000,false,min,4,0.01409,na,na,25852,50667,529
set_covering_n100_m78_d0.25_b_w23_seed3.txt,Set Covering,100,Restricted,2000,false,min,4,0.01422,na,na,25852,50667,529
set_covering_n100_m78_d0.25_b_w23_seed3.txt,Set Covering,100,Restricted,5000,false,min,4,0.01445,na,na,25852,50667,529
set_covering_n100_m78_d0.25_b_w23_seed3.txt,Set Covering,100,Restricted,10000,false,min,4,0.01444,na,na,25852,50667,529
set_covering_n100_m78_d0.25_b_w23_seed3.txt,Set Covering,100,Restricted,20000,false,min,4,0.01413,na,na,25852,50667,529
set_covering_n100_m78_d0.25_b_w23_seed3.txt,Set Covering,100,Relaxed,500,false,min,4,0.01578,na,na,24963,49379,507
set_covering_n100_m78_d0.25_b_w23_seed3.txt,Set Covering,100,Relaxed,1000,false,min,4,0.01416,na,na,25852,50667,529
set_covering_n100_m78_d0.25_b_w23_seed3.txt,Set Covering,100,Relaxed,2000,false,min,4,0.01469,na,na,25852,50667,529
set_covering_n100_m78_d0.25_b_w23_seed3.txt,Set Covering,100,Relaxed,5000,false,min,4,0.01550,na,na,25852,50667,529
set_covering_n100_m78_d0.25_b_w23_seed3.txt,Set Covering,100,Relaxed,10000,false,min,4,0.01464,na,na,25852,50667,529
set_covering_n100_m78_d0.25_b_w23_seed3.txt,Set Covering,100,Relaxed,20000,false,min,4,0.01423,na,na,25852,50667,529
set_covering_n100_m78_d0.25_b_w23_seed4.txt,Set Covering,100,Exact,99999,false,min,4,0.01497,na,na,25852,50667,529
set_covering_n100_m78_d0.25_b_w23_seed4.txt,Set Covering,100,Restricted,500,false,min,4,0.01341,na,na,24962,48842,507
set_covering_n100_m78_d0.25_b_w23_seed4.txt,Set Covering,100,Restricted,1000,false,min,4,0.01421,na,na,25852,50667,529
set_covering_n100_m78_d0.25_b_w23_seed4.txt,Set Covering,100,Restricted,2000,false,min,4,0.01405,na,na,25852,50667,529
set_covering_n100_m78_d0.25_b_w23_seed4.txt,Set Covering,100,Restricted,5000,false,min,4,0.01417,na,na,25852,50667,529
set_covering_n100_m78_d0.25_b_w23_seed4.txt,Set Covering,100,Restricted,10000,false,min,4,0.01423,na,na,25852,50667,529
set_covering_n100_m78_d0.25_b_w23_seed4.txt,Set Covering,100,Restricted,20000,false,min,4,0.01418,na,na,25852,50667,529
set_covering_n100_m78_d0.25_b_w23_seed4.txt,Set Covering,100,Relaxed,500,false,min,4,0.01574,na,na,24963,49379,507
set_covering_n100_m78_d0.25_b_w23_seed4.txt,Set Covering,100,Relaxed,1000,false,min,4,0.01416,na,na,25852,50667,529
set_covering_n100_m78_d0.25_b_w23_seed4.txt,Set Covering,100,Relaxed,2000,false,min,4,0.01405,na,na,25852,50667,529
set_covering_n100_m78_d0.25_b_w23_seed4.txt,Set Covering,100,Relaxed,5000,false,min,4,0.01435,na,na,25852,50667,529
set_covering_n100_m78_d0.25_b_w23_seed4.txt,Set Covering,100,Relaxed,10000,false,min,4,0.01427,na,na,25852,50667,529
set_covering_n100_m78_d0.25_b_w23_seed4.txt,Set Covering,100,Relaxed,20000,false,min,4,0.01494,na,na,25852,50667,529
set_covering_n100_m78_d0.35_b_w23_seed1.txt,Set Covering,100,Exact,99999,false,min,4,0.01412,na,na,25852,50667,529
set_covering_n100_m78_d0.35_b_w23_seed1.txt,Set Covering,100,Restricted,500,false,min,4,0.01362,na,na,24962,48842,507
set_covering_n100_m78_d0.35_b_w23_seed1.txt,Set Covering,100,Restricted,1000,false,min,4,0.01417,na,na,25852,50667,529
set_covering_n100_m78_d0.35_b_w23_seed1.txt,Set Covering,100,Restricted,2000,false,min,4,0.01419,na,na,25852,50667,529
set_covering_n100_m78_d0.35_b_w23_seed1.txt,Set Covering,100,Restricted,5000,false,min,4,0.01415,na,na,25852,50667,529
set_covering_n100_m78_d0.35_b_w23_seed1.txt,Set Covering,100,Restricted,10000,false,min,4,0.01423,na,na,25852,50667,529
set_covering_n100_m78_d0.35_b_w23_seed1.txt,Set Covering,100,Restricted,20000,false,min,4,0.01412,na,na,25852,50667,529
set_covering_n100_m78_d0.35_b_w23_seed1.txt,Set Covering,100,Relaxed,500,false,min,4,0.01581,na,na,24963,49379,507
set_covering_n100_m78_d0.35_b_w23_seed1.txt,Set Covering,100,Relaxed,1000,false,min,4,0.01421,na,na,25852,50667,529
set_covering_n100_m78_d0.35_b_w23_seed1.txt,Set Covering,100,Relaxed,2000,false,min,4,0.01441,na,na,25852,50667,529
set_covering_n100_m78_d0.35_b_w23_seed1.txt,Set Covering,100,Relaxed,5000,false,min,4,0.01457,na,na,25852,50667,529
set_covering_n100_m78_d0.35_b_w23_seed1.txt,Set Covering,100,Relaxed,10000,false,min,4,0.01451,na,na,25852,50667,529
set_covering_n100_m78_d0.35_b_w23_seed1.txt,Set Covering,100,Relaxed,20000,false,min,4,0.01441,na,na,25852,50667,529
set_covering_n100_m78_d0.35_b_w23_seed2.txt,Set Covering,100,Exact,99999,false,min,4,0.01477,na,na,25852,50667,529
set_covering_n100_m78_d0.35_b_w23_seed2.txt,Set Covering,100,Restricted,500,false,min,4,0.01388,na,na,24962,48842,507
set_covering_n100_m78_d0.35_b_w23_seed2.txt,Set Covering,100,Restricted,1000,false,min,4,0.01472,na,na,25852,50667,529
set_covering_n100_m78_d0.35_b_w23_seed2.txt,Set Covering,100,Restricted,2000,false,min,4,0.01448,na,na,25852,50667,529
set_covering_n100_m78_d0.35_b_w23_seed2.txt,Set Covering,100,Restricted,5000,false,min,4,0.01457,na,na,25852,50667,529
set_covering_n100_m78_d0.35_b_w23_seed2.txt,Set Covering,100,Restricted,10000,false,min,4,0.01442,na,na,25852,50667,529
set_covering_n100_m78_d0.35_b_w23_seed2.txt,Set Covering,100,Restricted,20000,false,min,4,0.01444,na,na,25852,50667,529
set_covering_n100_m78_d0.35_b_w23_seed2.txt,Set Covering,100,Relaxed,500,false,min,4,0.01614,na,na,24963,49379,507
set_covering_n100_m78_d0.35_b_w23_seed2.txt,Set Covering,100,Relaxed,1000,false,min,4,0.01459,na,na,25852,50667,529
set_covering_n100_m78_d0.35_b_w23_seed2.txt,Set Covering,100,Relaxed,2000,false,min,4,0.01431,na,na,25852,50667,529
set_covering_n100_m78_d0.35_b_w23_seed2.txt,Set Covering,100,Relaxed,5000,false,min,4,0.01432,na,na,25852,50667,529
set_covering_n100_m78_d0.35_b_w23_seed2.txt,Set Covering,100,Relaxed,10000,false,min,4,0.01460,na,na,25852,50667,529
set_covering_n100_m78_d0.35_b_w23_seed2.txt,Set Covering,100,Relaxed,20000,false,min,4,0.01439,na,na,25852,50667,529
set_covering_n100_m78_d0.35_b_w23_seed3.txt,Set Covering,100,Exact,99999,false,min,4,0.01446,na,na,25852,50667,529
set_covering_n100_m78_d0.35_b_w23_seed3.txt,Set Covering,100,Restricted,500,false,min,4,0.01369,na,na,24962,48842,507
set_covering_n100_m78_d0.35_b_w23_seed3.txt,Set Covering,100,Restricted,1000,false,min,4,0.01485,na,na,25852,50667,529
set_covering_n100_m78_d0.35_b_w23_seed3.txt,Set Covering,100,Restricted,2000,false,min,4,0.01562,na,na,25852,50667,529
set_covering_n100_m78_d0.35_b_w23_seed3.txt,Set Covering,100,Restricted,5000,false,min,4,0.01460,na,na,25852,50667,529
set_covering_n100_m78_d0.35_b_w23_seed3.txt,Set Covering,100,Restricted,10000,false,min,4,0.01551,na,na,25852,50667,529
set_covering_n100_m78_d0.35_b_w23_seed3.txt,Set Covering,100,Restricted,20000,false,min,4,0.01533,na,na,25852,50667,529
set_covering_n100_m78_d0.35_b_w23_seed3.txt,Set Covering,100,Relaxed,500,false,min,4,0.01625,na,na,24963,49379,507
set_covering_n100_m78_d0.35_b_w23_seed3.txt,Set Covering,100,Relaxed,1000,false,min,4,0.01446,na,na,25852,50667,529
set_covering_n100_m78_d0.35_b_w23_seed3.txt,Set Covering,100,Relaxed,2000,false,min,4,0.01464,na,na,25852,50667,529
set_covering_n100_m78_d0.35_b_w23_seed3.txt,Set Covering,100,Relaxed,5000,false,min,4,0.01443,na,na,25852,50667,529
set_covering_n100_m78_d0.35_b_w23_seed3.txt,Set Covering,100,Relaxed,10000,false,min,4,0.01461,na,na,25852,50667,529
set_covering_n100_m78_d0.35_b_w23_seed3.txt,Set Covering,100,Relaxed,20000,false,min,4,0.01444,na,na,25852,50667,529
set_covering_n100_m78_d0.35_b_w23_seed4.txt,Set Covering,100,Exact,99999,false,min,4,0.01427,na,na,25852,50667,529
set_covering_n100_m78_d0.35_b_w23_seed4.txt,Set Covering,100,Restricted,500,false,min,4,0.01336,na,na,24962,48842,507
set_covering_n100_m78_d0.35_b_w23_seed4.txt,Set Covering,100,Restricted,1000,false,min,4,0.01448,na,na,25852,50667,529
set_covering_n100_m78_d0.35_b_w23_seed4.txt,Set Covering,100,Restricted,2000,false,min,4,0.01602,na,na,25852,50667,529
set_covering_n100_m78_d0.35_b_w23_seed4.txt,Set Covering,100,Restricted,5000,false,min,4,0.01469,na,na,25852,50667,529
set_covering_n100_m78_d0.35_b_w23_seed4.txt,Set Covering,100,Restricted,10000,false,min,4,0.01452,na,na,25852,50667,529
set_covering_n100_m78_d0.35_b_w23_seed4.txt,Set Covering,100,Restricted,20000,false,min,4,0.01439,na,na,25852,50667,529
set_covering_n100_m78_d0.35_b_w23_seed4.txt,Set Covering,100,Relaxed,500,false,min,4,0.01607,na,na,24963,49379,507
set_covering_n100_m78_d0.35_b_w23_seed4.txt,Set Covering,100,Relaxed,1000,false,min,4,0.01454,na,na,25852,50667,529
set_covering_n100_m78_d0.35_b_w23_seed4.txt,Set Covering,100,Relaxed,2000,false,min,4,0.01441,na,na,25852,50667,529
set_covering_n100_m78_d0.35_b_w23_seed4.txt,Set Covering,100,Relaxed,5000,false,min,4,0.01461,na,na,25852,50667,529
set_covering_n100_m78_d0.35_b_w23_seed4.txt,Set Covering,100,Relaxed,10000,false,min,4,0.01466,na,na,25852,50667,529
set_covering_n100_m78_d0.35_b_w23_seed4.txt,Set Covering,100,Relaxed,20000,false,min,4,0.01446,na,na,25852,50667,529
set_covering_n100_m78_d0.45_b_w23_seed1.txt,Set Covering,100,Exact,99999,false,min,4,0.01438,na,na,25852,50667,529
set_covering_n100_m78_d0.45_b_w23_seed1.txt,Set Covering,100,Restricted,500,false,min,4,0.01354,na,na,24962,48842,507
set_covering_n100_m78_d0.45_b_w23_seed1.txt,Set Covering,100,Restricted,1000,false,min,4,0.01469,na,na,25852,50667,529
set_covering_n100_m78_d0.45_b_w23_seed1.txt,Set Covering,100,Restricted,2000,false,min,4,0.01527,na,na,25852,50667,529
set_covering_n100_m78_d0.45_b_w23_seed1.txt,Set Covering,100,Restricted,5000,false,min,4,0.01443,na,na,25852,50667,529
set_covering_n100_m78_d0.45_b_w23_seed1.txt,Set Covering,100,Restricted,10000,false,min,4,0.01446,na,na,25852,50667,529
set_covering_n100_m78_d0.45_b_w23_seed1.txt,Set Covering,100,Restricted,20000,false,min,4,0.01430,na,na,25852,50667,529
set_covering_n100_m78_d0.45_b_w23_seed1.txt,Set Covering,100,Relaxed,500,false,min,4,0.01622,na,na,24963,49379,507
set_covering_n100_m78_d0.45_b_w23_seed1.txt,Set Covering,100,Relaxed,1000,false,min,4,0.01462,na,na,25852,50667,529
set_covering_n100_m78_d0.45_b_w23_seed1.txt,Set Covering,100,Relaxed,2000,false,min,4,0.01474,na,na,25852,50667,529
set_covering_n100_m78_d0.45_b_w23_seed1.txt,Set Covering,100,Relaxed,5000,false,min,4,0.01433,na,na,25852,50667,529
set_covering_n100_m78_d0.45_b_w23_seed1.txt,Set Covering,100,Relaxed,10000,false,min,4,0.01430,na,na,25852,50667,529
set_covering_n100_m78_d0.45_b_w23_seed1.txt,Set Covering,100,Relaxed,20000,false,min,4,0.01476,na,na,25852,50667,529
set_covering_n100_m78_d0.45_b_w23_seed2.txt,Set Covering,100,Exact,99999,false,min,4,0.01437,na,na,25852,50667,529
set_covering_n100_m78_d0.45_b_w23_seed2.txt,Set Covering,100,Restricted,500,false,min,4,0.01328,na,na,24962,48842,507
set_covering_n100_m78_d0.45_b_w23_seed2.txt,Set Covering,100,Restricted,1000,false,min,4,0.01443,na,na,25852,50667,529
set_covering_n100_m78_d0.45_b_w23_seed2.txt,Set Covering,100,Restricted,2000,false,min,4,0.01434,na,na,25852,50667,529
set_covering_n100_m78_d0.45_b_w23_seed2.txt,Set Covering,100,Restricted,5000,false,min,4,0.01432,na,na,25852,50667,529
set_covering_n100_m78_d0.45_b_w23_seed2.txt,Set Covering,100,Restricted,10000,false,min,4,0.01442,na,na,25852,50667,529
set_covering_n100_m78_d0.45_b_w23_seed2.txt,Set Covering,100,Restricted,20000,false,min,4,0.01437,na,na,25852,50667,529
set_covering_n100_m78_d0.45_b_w23_seed2.txt,Set Covering,100,Relaxed,500,false,min,4,0.01604,na,na,24963,49379,507
set_covering_n100_m78_d0.45_b_w23_seed2.txt,Set Covering,100,Relaxed,1000,false,min,4,0.01436,na,na,25852,50667,529
set_covering_n100_m78_d0.45_b_w23_seed2.txt,Set Covering,100,Relaxed,2000,false,min,4,0.01444,na,na,25852,50667,529
set_covering_n100_m78_d0.45_b_w23_seed2.txt,Set Covering,100,Relaxed,5000,false,min,4,0.01435,na,na,25852,50667,529
set_covering_n100_m78_d0.45_b_w23_seed2.txt,Set Covering,100,Relaxed,10000,false,min,4,0.01429,na,na,25852,50667,529
set_covering_n100_m78_d0.45_b_w23_seed2.txt,Set Covering,100,Relaxed,20000,false,min,4,0.01436,na,na,25852,50667,529
set_covering_n100_m78_d0.45_b_w23_seed3.txt,Set Covering,100,Exact,99999,false,min,4,0.01444,na,na,25852,50667,529
set_covering_n100_m78_d0.45_b_w23_seed3.txt,Set Covering,100,Restricted,500,false,min,4,0.01345,na,na,24962,48842,507
set_covering_n100_m78_d0.45_b_w23_seed3.txt,Set Covering,100,Restricted,1000,false,min,4,0.01439,na,na,25852,50667,529
set_covering_n100_m78_d0.45_b_w23_seed3.txt,Set Covering,100,Restricted,2000,false,min,4,0.01447,na,na,25852,50667,529
set_covering_n100_m78_d0.45_b_w23_seed3.txt,Set Covering,100,Restricted,5000,false,min,4,0.01449,na,na,25852,50667,529
set_covering_n100_m78_d0.45_b_w23_seed3.txt,Set Covering,100,Restricted,10000,false,min,4,0.01445,na,na,25852,50667,529
set_covering_n100_m78_d0.45_b_w23_seed3.txt,Set Covering,100,Restricted,20000,false,min,4,0.01440,na,na,25852,50667,529
set_covering_n100_m78_d0.45_b_w23_seed3.txt,Set Covering,100,Relaxed,500,false,min,4,0.01601,na,na,24963,49379,507
set_covering_n100_m78_d0.45_b_w23_seed3.txt,Set Covering,100,Relaxed,1000,false,min,4,0.01436,na,na,25852,50667,529
set_covering_n100_m78_d0.45_b_w23_seed3.txt,Set Covering,100,Relaxed,2000,false,min,4,0.01440,na,na,25852,50667,529
set_covering_n100_m78_d0.45_b_w23_seed3.txt,Set Covering,100,Relaxed,5000,false,min,4,0.01412,na,na,25852,50667,529
set_covering_n100_m78_d0.45_b_w23_seed3.txt,Set Covering,100,Relaxed,10000,false,min,4,0.01442,na,na,25852,50667,529
set_covering_n100_m78_d0.45_b_w23_seed3.txt,Set Covering,100,Relaxed,20000,false,min,4,0.01434,na,na,25852,50667,529
set_covering_n100_m78_d0.45_b_w23_seed4.txt,Set Covering,100,Exact,99999,false,min,4,0.01427,na,na,25852,50667,529
set_covering_n100_m78_d0.45_b_w23_seed4.txt,Set Covering,100,Restricted,500,false,min,4,0.01342,na,na,24962,48842,507
set_covering_n100_m78_d0.45_b_w23_seed4.txt,Set Covering,100,Restricted,1000,false,min,4,0.01454,na,na,25852,50667,529
set_covering_n100_m78_d0.45_b_w23_seed4.txt,Set Covering,100,Restricted,2000,false,min,4,0.01435,na,na,25852,50667,529
set_covering_n100_m78_d0.45_b_w23_seed4.txt,Set Covering,100,Restricted,5000,false,min,4,0.01437,na,na,25852,50667,529
set_covering_n100_m78_d0.45_b_w23_seed4.txt,Set Covering,100,Restricted,10000,false,min,4,0.01438,na,na,25852,50667,529
set_covering_n100_m78_d0.45_b_w23_seed4.txt,Set Covering,100,Restricted,20000,false,min,4,0.01447,na,na,25852,50667,529
set_covering_n100_m78_d0.45_b_w23_seed4.txt,Set Covering,100,Relaxed,500,false,min,4,0.01595,na,na,24963,49379,507
set_covering_n100_m78_d0.45_b_w23_seed4.txt,Set Covering,100,Relaxed,1000,false,min,4,0.01425,na,na,25852,50667,529
set_covering_n100_m78_d0.45_b_w23_seed4.txt,Set Covering,100,Relaxed,2000,false,min,4,0.01427,na,na,25852,50667,529
set_covering_n100_m78_d0.45_b_w23_seed4.txt,Set Covering,100,Relaxed,5000,false,min,4,0.01421,na,na,25852,50667,529
set_covering_n100_m78_d0.45_b_w23_seed4.txt,Set Covering,100,Relaxed,10000,false,min,4,0.01434,na,na,25852,50667,529
set_covering_n100_m78_d0.45_b_w23_seed4.txt,Set Covering,100,Relaxed,20000,false,min,4,0.01407,na,na,25852,50667,529
set_covering_n100_m81_d0.1_b_w20_seed1.txt,Set Covering,100,Restricted,500,false,min,15,0.02703,na,na,65408,70017,1000
set_covering_n100_m81_d0.1_b_w20_seed1.txt,Set Covering,100,Restricted,1000,false,min,15,0.05150,na,na,124652,132551,2000
set_covering_n100_m81_d0.1_b_w20_seed1.txt,Set Covering,100,Restricted,2000,false,min,14,0.10780,na,na,240255,254956,4000
set_covering_n100_m81_d0.1_b_w20_seed1.txt,Set Covering,100,Restricted,5000,false,min,14,0.31165,na,na,570552,604547,9999
set_covering_n100_m81_d0.1_b_w20_seed1.txt,Set Covering,100,Restricted,10000,false,min,14,0.73371,na,na,1096743,1166297,19994
set_covering_n100_m81_d0.1_b_w20_seed1.txt,Set Covering,100,Relaxed,500,false,min,3,0.03563,na,na,65434,96994,1001
set_covering_n100_m81_d0.1_b_w20_seed1.txt,Set Covering,100,Restricted,20000,false,min,13,1.90737,na,na,2105574,2269161,39986
set_covering_n100_m81_d0.1_b_w20_seed1.txt,Set Covering,100,Relaxed,1000,false,min,3,0.06808,na,na,124620,184589,2001
set_covering_n100_m81_d0.1_b_w20_seed1.txt,Set Covering,100,Relaxed,2000,false,min,3,0.14122,na,na,240342,356337,4001
set_covering_n100_m81_d0.1_b_w20_seed1.txt,Set Covering,100,Relaxed,5000,false,min,3,0.41010,na,na,570814,847314,9997
set_covering_n100_m81_d0.1_b_w20_seed1.txt,Set Covering,100,Relaxed,10000,false,min,4,0.98227,na,na,1096812,1633105,19994
set_covering_n100_m81_d0.1_b_w20_seed1.txt,Set Covering,100,Relaxed,20000,false,min,4,2.42118,na,na,2105154,3158251,39985
set_covering_n100_m81_d0.1_b_w20_seed2.txt,Set Covering,100,Restricted,500,false,min,15,0.02735,na,na,63842,70164,1000
set_covering_n100_m81_d0.1_b_w20_seed2.txt,Set Covering,100,Restricted,1000,false,min,13,0.05451,na,na,127860,139432,2000
set_covering_n100_m81_d0.1_b_w20_seed2.txt,Set Covering,100,Restricted,2000,false,min,13,0.11045,na,na,246410,268412,4000
set_covering_n100_m81_d0.1_b_w20_seed2.txt,Set Covering,100,Restricted,5000,false,min,12,0.31398,na,na,578348,628413,10000
set_covering_n100_m81_d0.1_b_w20_seed2.txt,Set Covering,100,Restricted,10000,false,min,12,0.75768,na,na,1104232,1201242,20000
set_covering_n100_m81_d0.1_b_w20_seed2.txt,Set Covering,100,Relaxed,500,false,min,3,0.03373,na,na,63036,94262,1001
set_covering_n100_m81_d0.1_b_w20_seed2.txt,Set Covering,100,Restricted,20000,false,min,13,1.91253,na,na,2127301,2331514,40000
set_covering_n100_m81_d0.1_b_w20_seed2.txt,Set Covering,100,Relaxed,1000,false,min,3,0.06920,na,na,127265,191739,2001
set_covering_n100_m81_d0.1_b_w20_seed2.txt,Set Covering,100,Relaxed,2000,false,min,3,0.14483,na,na,245862,369265,4001
set_covering_n100_m81_d0.1_b_w20_seed2.txt,Set Covering,100,Relaxed,5000,false,min,3,0.41759,na,na,578404,866775,9999
set_covering_n100_m81_d0.1_b_w20_seed2.txt,Set Covering,100,Relaxed,10000,false,min,4,0.99099,na,na,1104607,1662350,19998
set_covering_n100_m81_d0.1_b_w20_seed2.txt,Set Covering,100,Relaxed,20000,false,min,4,2.42088,na,na,2127028,3218019,39996
set_covering_n100_m81_d0.1_b_w20_seed3.txt,Set Covering,100,Restricted,500,false,min,15,0.02712,na,na,64849,68726,1000
set_covering_n100_m81_d0.1_b_w20_seed3.txt,Set Covering,100,Restricted,1000,false,min,15,0.05557,na,na,125951,133916,2000
set_covering_n100_m81_d0.1_b_w20_seed3.txt,Set Covering,100,Restricted,2000,false,min,14,0.10866,na,na,242035,258885,4000
set_covering_n100_m81_d0.1_b_w20_seed3.txt,Set Covering,100,Restricted,5000,false,min,14,0.32241,na,na,579889,617212,9992
set_covering_n100_m81_d0.1_b_w20_seed3.txt,Set Covering,100,Restricted,10000,false,min,14,0.74653,na,na,1116796,1197743,19985
set_covering_n100_m81_d0.1_b_w20_seed3.txt,Set Covering,100,Relaxed,500,false,min,3,0.03512,na,na,64851,95538,1001
set_covering_n100_m81_d0.1_b_w20_seed3.txt,Set Covering,100,Restricted,20000,false,min,13,1.99391,na,na,2135026,2324409,39913
set_covering_n100_m81_d0.1_b_w20_seed3.txt,Set Covering,100,Relaxed,1000,false,min,4,0.08039,na,na,125891,187390,2000
set_covering_n100_m81_d0.1_b_w20_seed3.txt,Set Covering,100,Relaxed,2000,false,min,4,0.14775,na,na,241826,357844,4000
set_covering_n100_m81_d0.1_b_w20_seed3.txt,Set Covering,100,Relaxed,5000,false,min,4,0.45431,na,na,580157,856914,9991
set_covering_n100_m81_d0.1_b_w20_seed3.txt,Set Covering,100,Relaxed,10000,false,min,4,1.06161,na,na,1116858,1657548,19983
set_covering_n100_m81_d0.1_b_w20_seed3.txt,Set Covering,100,Relaxed,20000,false,min,5,2.55459,na,na,2135565,3198782,39900
set_covering_n100_m81_d0.1_b_w20_seed4.txt,Set Covering,100,Restricted,500,false,min,15,0.02734,na,na,63917,69310,1000
set_covering_n100_m81_d0.1_b_w20_seed4.txt,Set Covering,100,Restricted,1000,false,min,15,0.05129,na,na,122587,132930,2000
set_covering_n100_m81_d0.1_b_w20_seed4.txt,Set Covering,100,Restricted,2000,false,min,14,0.10673,na,na,235799,256971,4000
set_covering_n100_m81_d0.1_b_w20_seed4.txt,Set Covering,100,Restricted,5000,false,min,14,0.31711,na,na,560465,616278,9999
set_covering_n100_m81_d0.1_b_w20_seed4.txt,Set Covering,100,Restricted,10000,false,min,14,0.77299,na,na,1067040,1185313,19994
set_covering_n100_m81_d0.1_b_w20_seed4.txt,Set Covering,100,Restricted,20000,false,min,12,2.01794,na,na,2048712,2299583,39959
set_covering_n100_m81_d0.1_b_w20_seed4.txt,Set Covering,100,Relaxed,500,false,min,3,0.03559,na,na,63564,94693,1001
set_covering_n100_m81_d0.1_b_w20_seed4.txt,Set Covering,100,Relaxed,1000,false,min,4,0.07122,na,na,122611,182701,2001
set_covering_n100_m81_d0.1_b_w20_seed4.txt,Set Covering,100,Relaxed,2000,false,min,4,0.14874,na,na,235962,352688,4000
set_covering_n100_m81_d0.1_b_w20_seed4.txt,Set Covering,100,Relaxed,5000,false,min,4,0.43185,na,na,560034,841177,9998
set_covering_n100_m81_d0.1_b_w20_seed4.txt,Set Covering,100,Relaxed,10000,false,min,4,1.02175,na,na,1067099,1610066,19994
set_covering_n100_m81_d0.1_b_w20_seed4.txt,Set Covering,100,Relaxed,20000,false,min,5,2.46653,na,na,2047729,3109111,39957
set_covering_n100_m81_d0.2_b_w20_seed1.txt,Set Covering,100,Exact,99999,false,min,5,0.01296,na,na,22350,43648,400
set_covering_n100_m81_d0.2_b_w20_seed1.txt,Set Covering,100,Restricted,500,false,min,5,0.01273,na,na,22350,43648,400
set_covering_n100_m81_d0.2_b_w20_seed1.txt,Set Covering,100,Restricted,1000,false,min,5,0.01288,na,na,22350,43648,400
set_covering_n100_m81_d0.2_b_w20_seed1.txt,Set Covering,100,Restricted,2000,false,min,5,0.01282,na,na,22350,43648,400
set_covering_n100_m81_d0.2_b_w20_seed1.txt,Set Covering,100,Restricted,5000,false,min,5,0.01315,na,na,22350,43648,400
set_covering_n100_m81_d0.2_b_w20_seed1.txt,Set Covering,100,Restricted,10000,false,min,5,0.01285,na,na,22350,43648,400
set_covering_n100_m81_d0.2_b_w20_seed1.txt,Set Covering,100,Restricted,20000,false,min,5,0.01302,na,na,22350,43648,400
set_covering_n100_m81_d0.2_b_w20_seed1.txt,Set Covering,100,Relaxed,500,false,min,5,0.01282,na,na,22350,43648,400
set_covering_n100_m81_d0.2_b_w20_seed1.txt,Set Covering,100,Relaxed,1000,false,min,5,0.01288,na,na,22350,43648,400
set_covering_n100_m81_d0.2_b_w20_seed1.txt,Set Covering,100,Relaxed,2000,false,min,5,0.01280,na,na,22350,43648,400
set_covering_n100_m81_d0.2_b_w20_seed1.txt,Set Covering,100,Relaxed,5000,false,min,5,0.01287,na,na,22350,43648,400
set_covering_n100_m81_d0.2_b_w20_seed1.txt,Set Covering,100,Relaxed,10000,false,min,5,0.01282,na,na,22350,43648,400
set_covering_n100_m81_d0.2_b_w20_seed1.txt,Set Covering,100,Relaxed,20000,false,min,5,0.01287,na,na,22350,43648,400
set_covering_n100_m81_d0.2_b_w20_seed2.txt,Set Covering,100,Exact,99999,false,min,5,0.01280,na,na,22350,43648,400
set_covering_n100_m81_d0.2_b_w20_seed2.txt,Set Covering,100,Restricted,500,false,min,5,0.01296,na,na,22350,43648,400
set_covering_n100_m81_d0.2_b_w20_seed2.txt,Set Covering,100,Restricted,1000,false,min,5,0.01281,na,na,22350,43648,400
set_covering_n100_m81_d0.2_b_w20_seed2.txt,Set Covering,100,Restricted,2000,false,min,5,0.01288,na,na,22350,43648,400
set_covering_n100_m81_d0.2_b_w20_seed2.txt,Set Covering,100,Restricted,5000,false,min,5,0.01282,na,na,22350,43648,400
set_covering_n100_m81_d0.2_b_w20_seed2.txt,Set Covering,100,Restricted,10000,false,min,5,0.01409,na,na,22350,43648,400
set_covering_n100_m81_d0.2_b_w20_seed2.txt,Set Covering,100,Restricted,20000,false,min,5,0.01350,na,na,22350,43648,400
set_covering_n100_m81_d0.2_b_w20_seed2.txt,Set Covering,100,Relaxed,500,false,min,5,0.01309,na,na,22350,43648,400
set_covering_n100_m81_d0.2_b_w20_seed2.txt,Set Covering,100,Relaxed,1000,false,min,5,0.01290,na,na,22350,43648,400
set_covering_n100_m81_d0.2_b_w20_seed2.txt,Set Covering,100,Relaxed,2000,false,min,5,0.01278,na,na,22350,43648,400
set_covering_n100_m81_d0.2_b_w20_seed2.txt,Set Covering,100,Relaxed,5000,false,min,5,0.01298,na,na,22350,43648,400
set_covering_n100_m81_d0.2_b_w20_seed2.txt,Set Covering,100,Relaxed,10000,false,min,5,0.01321,na,na,22350,43648,400
set_covering_n100_m81_d0.2_b_w20_seed2.txt,Set Covering,100,Relaxed,20000,false,min,5,0.01292,na,na,22350,43648,400
set_covering_n100_m81_d0.2_b_w20_seed3.txt,Set Covering,100,Exact,99999,false,min,5,0.01286,na,na,22350,43648,400
set_covering_n100_m81_d0.2_b_w20_seed3.txt,Set Covering,100,Restricted,500,false,min,5,0.01299,na,na,22350,43648,400
set_covering_n100_m81_d0.2_b_w20_seed3.txt,Set Covering,100,Restricted,1000,false,min,5,0.01285,na,na,22350,43648,400
set_covering_n100_m81_d0.2_b_w20_seed3.txt,Set Covering,100,Restricted,2000,false,min,5,0.01299,na,na,22350,43648,400
set_covering_n100_m81_d0.2_b_w20_seed3.txt,Set Covering,100,Restricted,5000,false,min,5,0.01288,na,na,22350,43648,400
set_covering_n100_m81_d0.2_b_w20_seed3.txt,Set Covering,100,Restricted,10000,false,min,5,0.01297,na,na,22350,43648,400
set_covering_n100_m81_d0.2_b_w20_seed3.txt,Set Covering,100,Restricted,20000,false,min,5,0.01288,na,na,22350,43648,400
set_covering_n100_m81_d0.2_b_w20_seed3.txt,Set Covering,100,Relaxed,500,false,min,5,0.01333,na,na,22350,43648,400
set_covering_n100_m81_d0.2_b_w20_seed3.txt,Set Covering,100,Relaxed,1000,false,min,5,0.01302,na,na,22350,43648,400
set_covering_n100_m81_d0.2_b_w20_seed3.txt,Set Covering,100,Relaxed,2000,false,min,5,0.01286,na,na,22350,43648,400
set_covering_n100_m81_d0.2_b_w20_seed3.txt,Set Covering,100,Relaxed,5000,false,min,5,0.01290,na,na,22350,43648,400
set_covering_n100_m81_d0.2_b_w20_seed3.txt,Set Covering,100,Relaxed,10000,false,min,5,0.01340,na,na,22350,43648,400
set_covering_n100_m81_d0.2_b_w20_seed3.txt,Set Covering,100,Relaxed,20000,false,min,5,0.01283,na,na,22350,43648,400
set_covering_n100_m81_d0.2_b_w20_seed4.txt,Set Covering,100,Exact,99999,false,min,5,0.01308,na,na,22350,43648,400
set_covering_n100_m81_d0.2_b_w20_seed4.txt,Set Covering,100,Restricted,500,false,min,5,0.01337,na,na,22350,43648,400
set_covering_n100_m81_d0.2_b_w20_seed4.txt,Set Covering,100,Restricted,1000,false,min,5,0.01327,na,na,22350,43648,400
set_covering_n100_m81_d0.2_b_w20_seed4.txt,Set Covering,100,Restricted,2000,false,min,5,0.01310,na,na,22350,43648,400
set_covering_n100_m81_d0.2_b_w20_seed4.txt,Set Covering,100,Restricted,5000,false,min,5,0.01291,na,na,22350,43648,400
set_covering_n100_m81_d0.2_b_w20_seed4.txt,Set Covering,100,Restricted,10000,false,min,5,0.01324,na,na,22350,43648,400
set_covering_n100_m81_d0.2_b_w20_seed4.txt,Set Covering,100,Restricted,20000,false,min,5,0.01339,na,na,22350,43648,400
set_covering_n100_m81_d0.2_b_w20_seed4.txt,Set Covering,100,Relaxed,500,false,min,5,0.01298,na,na,22350,43648,400
set_covering_n100_m81_d0.2_b_w20_seed4.txt,Set Covering,100,Relaxed,1000,false,min,5,0.01283,na,na,22350,43648,400
set_covering_n100_m81_d0.2_b_w20_seed4.txt,Set Covering,100,Relaxed,2000,false,min,5,0.01312,na,na,22350,43648,400
set_covering_n100_m81_d0.2_b_w20_seed4.txt,Set Covering,100,Relaxed,5000,false,min,5,0.01305,na,na,22350,43648,400
set_covering_n100_m81_d0.2_b_w20_seed4.txt,Set Covering,100,Relaxed,10000,false,min,5,0.01367,na,na,22350,43648,400
set_covering_n100_m81_d0.2_b_w20_seed4.txt,Set Covering,100,Relaxed,20000,false,min,5,0.01287,na,na,22350,43648,400
set_covering_n100_m81_d0.3_b_w20_seed1.txt,Set Covering,100,Exact,99999,false,min,5,0.01348,na,na,22350,43648,400
set_covering_n100_m81_d0.3_b_w20_seed1.txt,Set Covering,100,Restricted,500,false,min,5,0.01327,na,na,22350,43648,400
set_covering_n100_m81_d0.3_b_w20_seed1.txt,Set Covering,100,Restricted,1000,false,min,5,0.01286,na,na,22350,43648,400
set_covering_n100_m81_d0.3_b_w20_seed1.txt,Set Covering,100,Restricted,2000,false,min,5,0.01322,na,na,22350,43648,400
set_covering_n100_m81_d0.3_b_w20_seed1.txt,Set Covering,100,Restricted,5000,false,min,5,0.01300,na,na,22350,43648,400
set_covering_n100_m81_d0.3_b_w20_seed1.txt,Set Covering,100,Restricted,10000,false,min,5,0.01294,na,na,22350,43648,400
set_covering_n100_m81_d0.3_b_w20_seed1.txt,Set Covering,100,Restricted,20000,false,min,5,0.01291,na,na,22350,43648,400
set_covering_n100_m81_d0.3_b_w20_seed1.txt,Set Covering,100,Relaxed,500,false,min,5,0.01289,na,na,22350,43648,400
set_covering_n100_m81_d0.3_b_w20_seed1.txt,Set Covering,100,Relaxed,1000,false,min,5,0.01352,na,na,22350,43648,400
set_covering_n100_m81_d0.3_b_w20_seed1.txt,Set Covering,100,Relaxed,2000,false,min,5,0.01338,na,na,22350,43648,400
set_covering_n100_m81_d0.3_b_w20_seed1.txt,Set Covering,100,Relaxed,5000,false,min,5,0.01373,na,na,22350,43648,400
set_covering_n100_m81_d0.3_b_w20_seed1.txt,Set Covering,100,Relaxed,10000,false,min,5,0.01356,na,na,22350,43648,400
set_covering_n100_m81_d0.3_b_w20_seed1.txt,Set Covering,100,Relaxed,20000,false,min,5,0.01345,na,na,22350,43648,400
set_covering_n100_m81_d0.3_b_w20_seed2.txt,Set Covering,100,Exact,99999,false,min,5,0.01325,na,na,22350,43648,400
set_covering_n100_m81_d0.3_b_w20_seed2.txt,Set Covering,100,Restricted,500,false,min,5,0.01283,na,na,22350,43648,400
set_covering_n100_m81_d0.3_b_w20_seed2.txt,Set Covering,100,Restricted,1000,false,min,5,0.01278,na,na,22350,43648,400
set_covering_n100_m81_d0.3_b_w20_seed2.txt,Set Covering,100,Restricted,2000,false,min,5,0.01331,na,na,22350,43648,400
set_covering_n100_m81_d0.3_b_w20_seed2.txt,Set Covering,100,Restricted,5000,false,min,5,0.01309,na,na,22350,43648,400
set_covering_n100_m81_d0.3_b_w20_seed2.txt,Set Covering,100,Restricted,10000,false,min,5,0.01344,na,na,22350,43648,400
set_covering_n100_m81_d0.3_b_w20_seed2.txt,Set Covering,100,Restricted,20000,false,min,5,0.01382,na,na,22350,43648,400
set_covering_n100_m81_d0.3_b_w20_seed2.txt,Set Covering,100,Relaxed,500,false,min,5,0.01285,na,na,22350,43648,400
set_covering_n100_m81_d0.3_b_w20_seed2.txt,Set Covering,100,Relaxed,1000,false,min,5,0.01336,na,na,22350,43648,400
set_covering_n100_m81_d0.3_b_w20_seed2.txt,Set Covering,100,Relaxed,2000,false,min,5,0.01326,na,na,22350,43648,400
set_covering_n100_m81_d0.3_b_w20_seed2.txt,Set Covering,100,Relaxed,5000,false,min,5,0.01305,na,na,22350,43648,400
set_covering_n100_m81_d0.3_b_w20_seed2.txt,Set Covering,100,Relaxed,10000,false,min,5,0.01288,na,na,22350,43648,400
set_covering_n100_m81_d0.3_b_w20_seed2.txt,Set Covering,100,Relaxed,20000,false,min,5,0.01355,na,na,22350,43648,400
set_covering_n100_m81_d0.3_b_w20_seed3.txt,Set Covering,100,Exact,99999,false,min,5,0.01318,na,na,22350,43648,400
set_covering_n100_m81_d0.3_b_w20_seed3.txt,Set Covering,100,Restricted,500,false,min,5,0.01283,na,na,22350,43648,400
set_covering_n100_m81_d0.3_b_w20_seed3.txt,Set Covering,100,Restricted,1000,false,min,5,0.01286,na,na,22350,43648,400
set_covering_n100_m81_d0.3_b_w20_seed3.txt,Set Covering,100,Restricted,2000,false,min,5,0.01295,na,na,22350,43648,400
set_covering_n100_m81_d0.3_b_w20_seed3.txt,Set Covering,100,Restricted,5000,false,min,5,0.01361,na,na,22350,43648,400
set_covering_n100_m81_d0.3_b_w20_seed3.txt,Set Covering,100,Restricted,10000,false,min,5,0.01280,na,na,22350,43648,400
set_covering_n100_m81_d0.3_b_w20_seed3.txt,Set Covering,100,Restricted,20000,false,min,5,0.01321,na,na,22350,43648,400
set_covering_n100_m81_d0.3_b_w20_seed3.txt,Set Covering,100,Relaxed,500,false,min,5,0.01323,na,na,22350,43648,400
set_covering_n100_m81_d0.3_b_w20_seed3.txt,Set Covering,100,Relaxed,1000,false,min,5,0.01315,na,na,22350,43648,400
set_covering_n100_m81_d0.3_b_w20_seed3.txt,Set Covering,100,Relaxed,2000,false,min,5,0.01370,na,na,22350,43648,400
set_covering_n100_m81_d0.3_b_w20_seed3.txt,Set Covering,100,Relaxed,5000,false,min,5,0.01352,na,na,22350,43648,400
set_covering_n100_m81_d0.3_b_w20_seed3.txt,Set Covering,100,Relaxed,10000,false,min,5,0.01286,na,na,22350,43648,400
set_covering_n100_m81_d0.3_b_w20_seed3.txt,Set Covering,100,Relaxed,20000,false,min,5,0.01337,na,na,22350,43648,400
set_covering_n100_m81_d0.3_b_w20_seed4.txt,Set Covering,100,Exact,99999,false,min,5,0.01321,na,na,22350,43648,400
set_covering_n100_m81_d0.3_b_w20_seed4.txt,Set Covering,100,Restricted,500,false,min,5,0.01323,na,na,22350,43648,400
set_covering_n100_m81_d0.3_b_w20_seed4.txt,Set Covering,100,Restricted,1000,false,min,5,0.01329,na,na,22350,43648,400
set_covering_n100_m81_d0.3_b_w20_seed4.txt,Set Covering,100,Restricted,2000,false,min,5,0.01403,na,na,22350,43648,400
set_covering_n100_m81_d0.3_b_w20_seed4.txt,Set Covering,100,Restricted,5000,false,min,5,0.01282,na,na,22350,43648,400
set_covering_n100_m81_d0.3_b_w20_seed4.txt,Set Covering,100,Restricted,10000,false,min,5,0.01329,na,na,22350,43648,400
set_covering_n100_m81_d0.3_b_w20_seed4.txt,Set Covering,100,Restricted,20000,false,min,5,0.01322,na,na,22350,43648,400
set_covering_n100_m81_d0.3_b_w20_seed4.txt,Set Covering,100,Relaxed,500,false,min,5,0.01330,na,na,22350,43648,400
set_covering_n100_m81_d0.3_b_w20_seed4.txt,Set Covering,100,Relaxed,1000,false,min,5,0.01352,na,na,22350,43648,400
set_covering_n100_m81_d0.3_b_w20_seed4.txt,Set Covering,100,Relaxed,2000,false,min,5,0.01268,na,na,22350,43648,400
set_covering_n100_m81_d0.3_b_w20_seed4.txt,Set Covering,100,Relaxed,5000,false,min,5,0.01291,na,na,22350,43648,400
set_covering_n100_m81_d0.3_b_w20_seed4.txt,Set Covering,100,Relaxed,10000,false,min,5,0.01297,na,na,22350,43648,400
set_covering_n100_m81_d0.3_b_w20_seed4.txt,Set Covering,100,Relaxed,20000,false,min,5,0.01282,na,na,22350,43648,400
set_covering_n100_m81_d0.4_b_w20_seed1.txt,Set Covering,100,Exact,99999,false,min,5,0.01275,na,na,22350,43648,400
set_covering_n100_m81_d0.4_b_w20_seed1.txt,Set Covering,100,Restricted,500,false,min,5,0.01350,na,na,22350,43648,400
set_covering_n100_m81_d0.4_b_w20_seed1.txt,Set Covering,100,Restricted,1000,false,min,5,0.01269,na,na,22350,43648,400
set_covering_n100_m81_d0.4_b_w20_seed1.txt,Set Covering,100,Restricted,2000,false,min,5,0.01328,na,na,22350,43648,400
set_covering_n100_m81_d0.4_b_w20_seed1.txt,Set Covering,100,Restricted,5000,false,min,5,0.01256,na,na,22350,43648,400
set_covering_n100_m81_d0.4_b_w20_seed1.txt,Set Covering,100,Restricted,10000,false,min,5,0.01280,na,na,22350,43648,400
set_covering_n100_m81_d0.4_b_w20_seed1.txt,Set Covering,100,Restricted,20000,false,min,5,0.01301,na,na,22350,43648,400
set_covering_n100_m81_d0.4_b_w20_seed1.txt,Set Covering,100,Relaxed,500,false,min,5,0.01260,na,na,22350,43648,400
set_covering_n100_m81_d0.4_b_w20_seed1.txt,Set Covering,100,Relaxed,1000,false,min,5,0.01261,na,na,22350,43648,400
set_covering_n100_m81_d0.4_b_w20_seed1.txt,Set Covering,100,Relaxed,2000,false,min,5,0.01255,na,na,22350,43648,400
set_covering_n100_m81_d0.4_b_w20_seed1.txt,Set Covering,100,Relaxed,5000,false,min,5,0.01248,na,na,22350,43648,400
set_covering_n100_m81_d0.4_b_w20_seed1.txt,Set Covering,100,Relaxed,10000,false,min,5,0.01262,na,na,22350,43648,400
set_covering_n100_m81_d0.4_b_w20_seed1.txt,Set Covering,100,Relaxed,20000,false,min,5,0.01268,na,na,22350,43648,400
set_covering_n100_m81_d0.4_b_w20_seed2.txt,Set Covering,100,Exact,99999,false,min,5,0.01255,na,na,22350,43648,400
set_covering_n100_m81_d0.4_b_w20_seed2.txt,Set Covering,100,Restricted,500,false,min,5,0.01268,na,na,22350,43648,400
set_covering_n100_m81_d0.4_b_w20_seed2.txt,Set Covering,100,Restricted,1000,false,min,5,0.01261,na,na,22350,43648,400
set_covering_n100_m81_d0.4_b_w20_seed2.txt,Set Covering,100,Restricted,2000,false,min,5,0.01283,na,na,22350,43648,400
set_covering_n100_m81_d0.4_b_w20_seed2.txt,Set Covering,100,Restricted,5000,false,min,5,0.01249,na,na,22350,43648,400
set_covering_n100_m81_d0.4_b_w20_seed2.txt,Set Covering,100,Restricted,10000,false,min,5,0.01253,na,na,22350,43648,400
set_covering_n100_m81_d0.4_b_w20_seed2.txt,Set Covering,100,Restricted,20000,false,min,5,0.01269,na,na,22350,43648,400
set_covering_n100_m81_d0.4_b_w20_seed2.txt,Set Covering,100,Relaxed,500,false,min,5,0.01248,na,na,22350,43648,400
set_covering_n100_m81_d0.4_b_w20_seed2.txt,Set Covering,100,Relaxed,1000,false,min,5,0.01241,na,na,22350,43648,400
set_covering_n100_m81_d0.4_b_w20_seed2.txt,Set Covering,100,Relaxed,2000,false,min,5,0.01262,na,na,22350,43648,400
set_covering_n100_m81_d0.4_b_w20_seed2.txt,Set Covering,100,Relaxed,5000,false,min,5,0.01256,na,na,22350,43648,400
set_covering_n100_m81_d0.4_b_w20_seed2.txt,Set Covering,100,Relaxed,10000,false,min,5,0.01257,na,na,22350,43648,400
set_covering_n100_m81_d0.4_b_w20_seed2.txt,Set Covering,100,Relaxed,20000,false,min,5,0.01250,na,na,22350,43648,400
set_covering_n100_m81_d0.4_b_w20_seed3.txt,Set Covering,100,Exact,99999,false,min,5,0.01242,na,na,22350,43648,400
set_covering_n100_m81_d0.4_b_w20_seed3.txt,Set Covering,100,Restricted,500,false,min,5,0.01247,na,na,22350,43648,400
set_covering_n100_m81_d0.4_b_w20_seed3.txt,Set Covering,100,Restricted,1000,false,min,5,0.01258,na,na,22350,43648,400
set_covering_n100_m81_d0.4_b_w20_seed3.txt,Set Covering,100,Restricted,2000,false,min,5,0.01246,na,na,22350,43648,400
set_covering_n100_m81_d0.4_b_w20_seed3.txt,Set Covering,100,Restricted,5000,false,min,5,0.01250,na,na,22350,43648,400
set_covering_n100_m81_d0.4_b_w20_seed3.txt,Set Covering,100,Restricted,10000,false,min,5,0.01261,na,na,22350,43648,400
set_covering_n100_m81_d0.4_b_w20_seed3.txt,Set Covering,100,Restricted,20000,false,min,5,0.01262,na,na,22350,43648,400
set_covering_n100_m81_d0.4_b_w20_seed3.txt,Set Covering,100,Relaxed,500,false,min,5,0.01262,na,na,22350,43648,400
set_covering_n100_m81_d0.4_b_w20_seed3.txt,Set Covering,100,Relaxed,1000,false,min,5,0.01259,na,na,22350,43648,400
set_covering_n100_m81_d0.4_b_w20_seed3.txt,Set Covering,100,Relaxed,2000,false,min,5,0.01265,na,na,22350,43648,400
set_covering_n100_m81_d0.4_b_w20_seed3.txt,Set Covering,100,Relaxed,5000,false,min,5,0.01258,na,na,22350,43648,400
set_covering_n100_m81_d0.4_b_w20_seed3.txt,Set Covering,100,Relaxed,10000,false,min,5,0.01238,na,na,22350,43648,400
set_covering_n100_m81_d0.4_b_w20_seed3.txt,Set Covering,100,Relaxed,20000,false,min,5,0.01253,na,na,22350,43648,400
set_covering_n100_m81_d0.4_b_w20_seed4.txt,Set Covering,100,Exact,99999,false,min,5,0.01242,na,na,22350,43648,400
set_covering_n100_m81_d0.4_b_w20_seed4.txt,Set Covering,100,Restricted,500,false,min,5,0.01265,na,na,22350,43648,400
set_covering_n100_m81_d0.4_b_w20_seed4.txt,Set Covering,100,Restricted,1000,false,min,5,0.01247,na,na,22350,43648,400
set_covering_n100_m81_d0.4_b_w20_seed4.txt,Set Covering,100,Restricted,2000,false,min,5,0.01244,na,na,22350,43648,400
set_covering_n100_m81_d0.4_b_w20_seed4.txt,Set Covering,100,Restricted,5000,false,min,5,0.01238,na,na,22350,43648,400
set_covering_n100_m81_d0.4_b_w20_seed4.txt,Set Covering,100,Restricted,10000,false,min,5,0.01262,na,na,22350,43648,400
set_covering_n100_m81_d0.4_b_w20_seed4.txt,Set Covering,100,Restricted,20000,false,min,5,0.01249,na,na,22350,43648,400
set_covering_n100_m81_d0.4_b_w20_seed4.txt,Set Covering,100,Relaxed,500,false,min,5,0.01263,na,na,22350,43648,400
set_covering_n100_m81_d0.4_b_w20_seed4.txt,Set Covering,100,Relaxed,1000,false,min,5,0.01252,na,na,22350,43648,400
set_covering_n100_m81_d0.4_b_w20_seed4.txt,Set Covering,100,Relaxed,2000,false,min,5,0.01269,na,na,22350,43648,400
set_covering_n100_m81_d0.4_b_w20_seed4.txt,Set Covering,100,Relaxed,5000,false,min,5,0.01253,na,na,22350,43648,400
set_covering_n100_m81_d0.4_b_w20_seed4.txt,Set Covering,100,Relaxed,10000,false,min,5,0.01251,na,na,22350,43648,400
set_covering_n100_m81_d0.4_b_w20_seed4.txt,Set Covering,100,Relaxed,20000,false,min,5,0.01243,na,na,22350,43648,400
set_covering_n100_m81_d0.05_b_w20_seed1.txt,Set Covering,100,Restricted,500,false,min,27,0.02210,na,na,54626,57982,1000
set_covering_n100_m81_d0.05_b_w20_seed1.txt,Set Covering,100,Restricted,1000,false,min,26,0.04457,na,na,107680,115234,2000
set_covering_n100_m81_d0.05_b_w20_seed1.txt,Set Covering,100,Restricted,2000,false,min,26,0.09104,na,na,208149,222968,4000
set_covering_n100_m81_d0.05_b_w20_seed1.txt,Set Covering,100,Restricted,5000,false,min,26,0.25727,na,na,499025,535407,10000
set_covering_n100_m81_d0.05_b_w20_seed1.txt,Set Covering,100,Restricted,10000,false,min,25,0.57756,na,na,968954,1046258,20000
set_covering_n100_m81_d0.05_b_w20_seed1.txt,Set Covering,100,Relaxed,500,false,min,4,0.02664,na,na,51512,77267,1001
set_covering_n100_m81_d0.05_b_w20_seed1.txt,Set Covering,100,Restricted,20000,false,min,24,1.42917,na,na,1884534,2040623,40000
set_covering_n100_m81_d0.05_b_w20_seed1.txt,Set Covering,100,Relaxed,1000,false,min,5,0.06001,na,na,103248,151935,2001
set_covering_n100_m81_d0.05_b_w20_seed1.txt,Set Covering,100,Relaxed,2000,false,min,5,0.12241,na,na,207645,300316,4001
set_covering_n100_m81_d0.05_b_w20_seed1.txt,Set Covering,100,Relaxed,5000,false,min,5,0.34294,na,na,499040,716340,10001
set_covering_n100_m81_d0.05_b_w20_seed1.txt,Set Covering,100,Relaxed,10000,false,min,6,0.75753,na,na,969173,1394774,20001
set_covering_n100_m81_d0.05_b_w20_seed1.txt,Set Covering,100,Relaxed,20000,false,min,6,1.85726,na,na,1885231,2717590,40001
set_covering_n100_m81_d0.5_b_w20_seed1.txt,Set Covering,100,Exact,99999,false,min,5,0.01279,na,na,22350,43648,400
set_covering_n100_m81_d0.5_b_w20_seed1.txt,Set Covering,100,Restricted,500,false,min,5,0.01288,na,na,22350,43648,400
set_covering_n100_m81_d0.5_b_w20_seed1.txt,Set Covering,100,Restricted,1000,false,min,5,0.01253,na,na,22350,43648,400
set_covering_n100_m81_d0.5_b_w20_seed1.txt,Set Covering,100,Restricted,2000,false,min,5,0.01258,na,na,22350,43648,400
set_covering_n100_m81_d0.5_b_w20_seed1.txt,Set Covering,100,Restricted,5000,false,min,5,0.01256,na,na,22350,43648,400
set_covering_n100_m81_d0.5_b_w20_seed1.txt,Set Covering,100,Restricted,10000,false,min,5,0.01246,na,na,22350,43648,400
set_covering_n100_m81_d0.5_b_w20_seed1.txt,Set Covering,100,Restricted,20000,false,min,5,0.01256,na,na,22350,43648,400
set_covering_n100_m81_d0.5_b_w20_seed1.txt,Set Covering,100,Relaxed,500,false,min,5,0.01271,na,na,22350,43648,400
set_covering_n100_m81_d0.5_b_w20_seed1.txt,Set Covering,100,Relaxed,1000,false,min,5,0.01251,na,na,22350,43648,400
set_covering_n100_m81_d0.5_b_w20_seed1.txt,Set Covering,100,Relaxed,2000,false,min,5,0.01254,na,na,22350,43648,400
set_covering_n100_m81_d0.5_b_w20_seed1.txt,Set Covering,100,Relaxed,5000,false,min,5,0.01251,na,na,22350,43648,400
set_covering_n100_m81_d0.5_b_w20_seed1.txt,Set Covering,100,Relaxed,10000,false,min,5,0.01244,na,na,22350,43648,400
set_covering_n100_m81_d0.5_b_w20_seed1.txt,Set Covering,100,Relaxed,20000,false,min,5,0.01247,na,na,22350,43648,400
set_covering_n100_m81_d0.05_b_w20_seed2.txt,Set Covering,100,Restricted,500,false,min,25,0.02069,na,na,50163,53631,1000
set_covering_n100_m81_d0.05_b_w20_seed2.txt,Set Covering,100,Restricted,1000,false,min,25,0.04127,na,na,98327,104954,2000
set_covering_n100_m81_d0.05_b_w20_seed2.txt,Set Covering,100,Restricted,2000,false,min,24,0.08563,na,na,193654,206134,4000
set_covering_n100_m81_d0.05_b_w20_seed2.txt,Set Covering,100,Restricted,5000,false,min,24,0.24445,na,na,465856,497883,10000
set_covering_n100_m81_d0.05_b_w20_seed2.txt,Set Covering,100,Restricted,10000,false,min,23,0.56899,na,na,904016,966568,20000
set_covering_n100_m81_d0.05_b_w20_seed2.txt,Set Covering,100,Relaxed,500,false,min,7,0.02375,na,na,44343,67671,1001
set_covering_n100_m81_d0.05_b_w20_seed2.txt,Set Covering,100,Restricted,20000,false,min,23,1.41034,na,na,1765395,1888595,40000
set_covering_n100_m81_d0.05_b_w20_seed2.txt,Set Covering,100,Relaxed,1000,false,min,7,0.05260,na,na,97094,142598,2001
set_covering_n100_m81_d0.05_b_w20_seed2.txt,Set Covering,100,Relaxed,2000,false,min,8,0.11304,na,na,191686,277219,4001
set_covering_n100_m81_d0.05_b_w20_seed2.txt,Set Covering,100,Relaxed,5000,false,min,8,0.31641,na,na,465464,667131,10001
set_covering_n100_m81_d0.05_b_w20_seed2.txt,Set Covering,100,Relaxed,10000,false,min,8,0.72573,na,na,903946,1294812,20001
set_covering_n100_m81_d0.5_b_w20_seed2.txt,Set Covering,100,Exact,99999,false,min,5,0.01258,na,na,22350,43648,400
set_covering_n100_m81_d0.05_b_w20_seed2.txt,Set Covering,100,Relaxed,20000,false,min,9,1.74973,na,na,1769896,2547587,40001
set_covering_n100_m81_d0.5_b_w20_seed2.txt,Set Covering,100,Restricted,500,false,min,5,0.01246,na,na,22350,43648,400
set_covering_n100_m81_d0.5_b_w20_seed2.txt,Set Covering,100,Restricted,1000,false,min,5,0.01249,na,na,22350,43648,400
set_covering_n100_m81_d0.5_b_w20_seed2.txt,Set Covering,100,Restricted,2000,false,min,5,0.01256,na,na,22350,43648,400
set_covering_n100_m81_d0.5_b_w20_seed2.txt,Set Covering,100,Restricted,5000,false,min,5,0.01243,na,na,22350,43648,400
set_covering_n100_m81_d0.5_b_w20_seed2.txt,Set Covering,100,Restricted,10000,false,min,5,0.01273,na,na,22350,43648,400
set_covering_n100_m81_d0.5_b_w20_seed2.txt,Set Covering,100,Restricted,20000,false,min,5,0.01255,na,na,22350,43648,400
set_covering_n100_m81_d0.5_b_w20_seed2.txt,Set Covering,100,Relaxed,500,false,min,5,0.01249,na,na,22350,43648,400
set_covering_n100_m81_d0.5_b_w20_seed2.txt,Set Covering,100,Relaxed,1000,false,min,5,0.01240,na,na,22350,43648,400
set_covering_n100_m81_d0.5_b_w20_seed2.txt,Set Covering,100,Relaxed,2000,false,min,5,0.01245,na,na,22350,43648,400
set_covering_n100_m81_d0.5_b_w20_seed2.txt,Set Covering,100,Relaxed,5000,false,min,5,0.01261,na,na,22350,43648,400
set_covering_n100_m81_d0.5_b_w20_seed2.txt,Set Covering,100,Relaxed,10000,false,min,5,0.01248,na,na,22350,43648,400
set_covering_n100_m81_d0.5_b_w20_seed2.txt,Set Covering,100,Relaxed,20000,false,min,5,0.01247,na,na,22350,43648,400
set_covering_n100_m81_d0.05_b_w20_seed3.txt,Set Covering,100,Restricted,500,false,min,25,0.02186,na,na,52518,57401,1000
set_covering_n100_m81_d0.05_b_w20_seed3.txt,Set Covering,100,Restricted,1000,false,min,25,0.04284,na,na,103919,112825,2000
set_covering_n100_m81_d0.05_b_w20_seed3.txt,Set Covering,100,Restricted,2000,false,min,25,0.09417,na,na,202205,219893,4000
set_covering_n100_m81_d0.05_b_w20_seed3.txt,Set Covering,100,Restricted,5000,false,min,25,0.25241,na,na,481819,529075,10000
set_covering_n100_m81_d0.05_b_w20_seed3.txt,Set Covering,100,Restricted,10000,false,min,24,0.60874,na,na,924931,1023540,20000
set_covering_n100_m81_d0.05_b_w20_seed3.txt,Set Covering,100,Restricted,20000,false,min,23,1.48821,na,na,1774686,1979486,40000
set_covering_n100_m81_d0.05_b_w20_seed3.txt,Set Covering,100,Relaxed,500,false,min,6,0.02118,na,na,40643,63320,1001
set_covering_n100_m81_d0.05_b_w20_seed3.txt,Set Covering,100,Relaxed,1000,false,min,6,0.05613,na,na,101570,150347,2001
set_covering_n100_m81_d0.05_b_w20_seed3.txt,Set Covering,100,Relaxed,2000,false,min,7,0.11714,na,na,198351,292889,4001
set_covering_n100_m81_d0.05_b_w20_seed3.txt,Set Covering,100,Relaxed,5000,false,min,7,0.34189,na,na,481257,699490,10001
set_covering_n100_m81_d0.05_b_w20_seed3.txt,Set Covering,100,Relaxed,10000,false,min,7,0.81555,na,na,924138,1346645,20001
set_covering_n100_m81_d0.5_b_w20_seed3.txt,Set Covering,100,Exact,99999,false,min,5,0.01269,na,na,22350,43648,400
set_covering_n100_m81_d0.05_b_w20_seed3.txt,Set Covering,100,Relaxed,20000,false,min,7,1.85241,na,na,1775515,2597076,40001
set_covering_n100_m81_d0.5_b_w20_seed3.txt,Set Covering,100,Restricted,500,false,min,5,0.01255,na,na,22350,43648,400
set_covering_n100_m81_d0.5_b_w20_seed3.txt,Set Covering,100,Restricted,1000,false,min,5,0.01241,na,na,22350,43648,400
set_covering_n100_m81_d0.5_b_w20_seed3.txt,Set Covering,100,Restricted,2000,false,min,5,0.01282,na,na,22350,43648,400
set_covering_n100_m81_d0.5_b_w20_seed3.txt,Set Covering,100,Restricted,5000,false,min,5,0.01249,na,na,22350,43648,400
set_covering_n100_m81_d0.5_b_w20_seed3.txt,Set Covering,100,Restricted,10000,false,min,5,0.01255,na,na,22350,43648,400
set_covering_n100_m81_d0.5_b_w20_seed3.txt,Set Covering,100,Restricted,20000,false,min,5,0.01246,na,na,22350,43648,400
set_covering_n100_m81_d0.5_b_w20_seed3.txt,Set Covering,100,Relaxed,500,false,min,5,0.01277,na,na,22350,43648,400
set_covering_n100_m81_d0.5_b_w20_seed3.txt,Set Covering,100,Relaxed,1000,false,min,5,0.01251,na,na,22350,43648,400
set_covering_n100_m81_d0.5_b_w20_seed3.txt,Set Covering,100,Relaxed,2000,false,min,5,0.01272,na,na,22350,43648,400
set_covering_n100_m81_d0.5_b_w20_seed3.txt,Set Covering,100,Relaxed,5000,false,min,5,0.01246,na,na,22350,43648,400
set_covering_n100_m81_d0.5_b_w20_seed3.txt,Set Covering,100,Relaxed,10000,false,min,5,0.01249,na,na,22350,43648,400
set_covering_n100_m81_d0.5_b_w20_seed3.txt,Set Covering,100,Relaxed,20000,false,min,5,0.01272,na,na,22350,43648,400
set_covering_n100_m81_d0.05_b_w20_seed4.txt,Set Covering,100,Restricted,500,false,min,25,0.02291,na,na,52713,58200,1000
set_covering_n100_m81_d0.05_b_w20_seed4.txt,Set Covering,100,Restricted,1000,false,min,24,0.04333,na,na,101586,112292,2000
set_covering_n100_m81_d0.05_b_w20_seed4.txt,Set Covering,100,Restricted,2000,false,min,24,0.08620,na,na,194403,213813,4000
set_covering_n100_m81_d0.05_b_w20_seed4.txt,Set Covering,100,Restricted,5000,false,min,23,0.26162,na,na,471114,521753,10000
set_covering_n100_m81_d0.05_b_w20_seed4.txt,Set Covering,100,Restricted,10000,false,min,23,0.60735,na,na,898957,996148,20000
set_covering_n100_m81_d0.05_b_w20_seed4.txt,Set Covering,100,Restricted,20000,false,min,23,1.56450,na,na,1730154,1911161,39997
set_covering_n100_m81_d0.05_b_w20_seed4.txt,Set Covering,100,Relaxed,500,false,min,4,0.02439,na,na,45246,69860,1001
set_covering_n100_m81_d0.05_b_w20_seed4.txt,Set Covering,100,Relaxed,1000,false,min,4,0.05536,na,na,99022,146214,2001
set_covering_n100_m81_d0.05_b_w20_seed4.txt,Set Covering,100,Relaxed,2000,false,min,4,0.11874,na,na,194340,282968,4001
set_covering_n100_m81_d0.05_b_w20_seed4.txt,Set Covering,100,Relaxed,5000,false,min,5,0.34312,na,na,468833,682555,10001
set_covering_n100_m81_d0.05_b_w20_seed4.txt,Set Covering,100,Relaxed,10000,false,min,5,0.78622,na,na,897504,1305395,20000
set_covering_n100_m81_d0.05_b_w20_seed4.txt,Set Covering,100,Relaxed,20000,false,min,5,2.00545,na,na,1729827,2517074,39998
set_covering_n100_m81_d0.5_b_w20_seed4.txt,Set Covering,100,Exact,99999,false,min,5,0.01263,na,na,22350,43648,400
set_covering_n100_m81_d0.5_b_w20_seed4.txt,Set Covering,100,Restricted,500,false,min,5,0.01261,na,na,22350,43648,400
set_covering_n100_m81_d0.5_b_w20_seed4.txt,Set Covering,100,Restricted,1000,false,min,5,0.01285,na,na,22350,43648,400
set_covering_n100_m81_d0.5_b_w20_seed4.txt,Set Covering,100,Restricted,2000,false,min,5,0.01268,na,na,22350,43648,400
set_covering_n100_m81_d0.5_b_w20_seed4.txt,Set Covering,100,Restricted,5000,false,min,5,0.01292,na,na,22350,43648,400
set_covering_n100_m81_d0.5_b_w20_seed4.txt,Set Covering,100,Restricted,10000,false,min,5,0.01290,na,na,22350,43648,400
set_covering_n100_m81_d0.5_b_w20_seed4.txt,Set Covering,100,Restricted,20000,false,min,5,0.01294,na,na,22350,43648,400
set_covering_n100_m81_d0.5_b_w20_seed4.txt,Set Covering,100,Relaxed,500,false,min,5,0.01282,na,na,22350,43648,400
set_covering_n100_m81_d0.5_b_w20_seed4.txt,Set Covering,100,Relaxed,1000,false,min,5,0.01356,na,na,22350,43648,400
set_covering_n100_m81_d0.5_b_w20_seed4.txt,Set Covering,100,Relaxed,2000,false,min,5,0.01297,na,na,22350,43648,400
set_covering_n100_m81_d0.5_b_w20_seed4.txt,Set Covering,100,Relaxed,5000,false,min,5,0.01270,na,na,22350,43648,400
set_covering_n100_m81_d0.5_b_w20_seed4.txt,Set Covering,100,Relaxed,10000,false,min,5,0.01339,na,na,22350,43648,400
set_covering_n100_m81_d0.5_b_w20_seed4.txt,Set Covering,100,Relaxed,20000,false,min,5,0.01270,na,na,22350,43648,400
set_covering_n100_m81_d0.15_b_w20_seed1.txt,Set Covering,100,Restricted,500,false,min,8,0.02550,na,na,58298,65401,1000
set_covering_n100_m81_d0.15_b_w20_seed1.txt,Set Covering,100,Restricted,1000,false,min,8,0.04797,na,na,108755,121273,1999
set_covering_n100_m81_d0.15_b_w20_seed1.txt,Set Covering,100,Restricted,2000,false,min,8,0.09987,na,na,210691,239050,3998
set_covering_n100_m81_d0.15_b_w20_seed1.txt,Set Covering,100,Restricted,5000,false,min,8,0.28351,na,na,480427,552440,9962
set_covering_n100_m81_d0.15_b_w20_seed1.txt,Set Covering,100,Restricted,10000,false,min,8,0.67776,na,na,889985,1047690,19792
set_covering_n100_m81_d0.15_b_w20_seed1.txt,Set Covering,100,Restricted,20000,false,min,8,1.65865,na,na,1649586,1991867,39245
set_covering_n100_m81_d0.15_b_w20_seed1.txt,Set Covering,100,Relaxed,500,false,min,2,0.03179,na,na,58379,89592,998
set_covering_n100_m81_d0.15_b_w20_seed1.txt,Set Covering,100,Relaxed,1000,false,min,2,0.06052,na,na,108495,166782,1999
set_covering_n100_m81_d0.15_b_w20_seed1.txt,Set Covering,100,Relaxed,2000,false,min,3,0.13276,na,na,210822,327507,3996
set_covering_n100_m81_d0.15_b_w20_seed1.txt,Set Covering,100,Relaxed,5000,false,min,3,0.37541,na,na,480374,757404,9957
set_covering_n100_m81_d0.15_b_w20_seed1.txt,Set Covering,100,Relaxed,10000,false,min,3,0.88787,na,na,889860,1422953,19785
set_covering_n100_m81_d0.15_b_w20_seed1.txt,Set Covering,100,Relaxed,20000,false,min,4,2.05629,na,na,1649682,2670344,39238
set_covering_n100_m81_d0.15_b_w20_seed2.txt,Set Covering,100,Restricted,500,false,min,9,0.02707,na,na,61560,69793,1000
set_covering_n100_m81_d0.15_b_w20_seed2.txt,Set Covering,100,Restricted,1000,false,min,9,0.05007,na,na,113531,128369,2000
set_covering_n100_m81_d0.15_b_w20_seed2.txt,Set Covering,100,Restricted,2000,false,min,8,0.10017,na,na,215903,245206,3984
set_covering_n100_m81_d0.15_b_w20_seed2.txt,Set Covering,100,Restricted,5000,false,min,8,0.27559,na,na,489282,560170,9866
set_covering_n100_m81_d0.15_b_w20_seed2.txt,Set Covering,100,Restricted,10000,false,min,8,0.64827,na,na,909487,1048698,19642
set_covering_n100_m81_d0.15_b_w20_seed2.txt,Set Covering,100,Restricted,20000,false,min,8,1.58165,na,na,1680022,1980282,38778
set_covering_n100_m81_d0.15_b_w20_seed2.txt,Set Covering,100,Relaxed,500,false,min,2,0.03332,na,na,61669,96102,999
set_covering_n100_m81_d0.15_b_w20_seed2.txt,Set Covering,100,Relaxed,1000,false,min,2,0.06586,na,na,114521,179528,1997
set_covering_n100_m81_d0.15_b_w20_seed2.txt,Set Covering,100,Relaxed,2000,false,min,3,0.13392,na,na,215649,338892,3982
set_covering_n100_m81_d0.15_b_w20_seed2.txt,Set Covering,100,Relaxed,5000,false,min,3,0.36772,na,na,489054,775416,9864
set_covering_n100_m81_d0.15_b_w20_seed2.txt,Set Covering,100,Relaxed,10000,false,min,3,0.88084,na,na,909501,1454408,19644
set_covering_n100_m81_d0.15_b_w20_seed2.txt,Set Covering,100,Relaxed,20000,false,min,4,2.05166,na,na,1680109,2726429,38776
set_covering_n100_m81_d0.15_b_w20_seed3.txt,Set Covering,100,Restricted,500,false,min,10,0.02644,na,na,61057,68611,1000
set_covering_n100_m81_d0.15_b_w20_seed3.txt,Set Covering,100,Restricted,1000,false,min,10,0.05001,na,na,114733,130114,2000
set_covering_n100_m81_d0.15_b_w20_seed3.txt,Set Covering,100,Restricted,2000,false,min,9,0.10421,na,na,217767,249944,3998
set_covering_n100_m81_d0.15_b_w20_seed3.txt,Set Covering,100,Restricted,5000,false,min,9,0.29573,na,na,498118,586129,9938
set_covering_n100_m81_d0.15_b_w20_seed3.txt,Set Covering,100,Restricted,10000,false,min,8,0.64286,na,na,928175,1119422,19727
set_covering_n100_m81_d0.15_b_w20_seed3.txt,Set Covering,100,Restricted,20000,false,min,8,1.56941,na,na,1712726,2135818,39307
set_covering_n100_m81_d0.15_b_w20_seed3.txt,Set Covering,100,Relaxed,500,false,min,2,0.03486,na,na,60973,94440,998
set_covering_n100_m81_d0.15_b_w20_seed3.txt,Set Covering,100,Relaxed,1000,false,min,2,0.06657,na,na,114566,178183,1999
set_covering_n100_m81_d0.15_b_w20_seed3.txt,Set Covering,100,Relaxed,2000,false,min,3,0.13843,na,na,217750,342837,3997
set_covering_n100_m81_d0.15_b_w20_seed3.txt,Set Covering,100,Relaxed,5000,false,min,3,0.38763,na,na,497976,794394,9938
set_covering_n100_m81_d0.15_b_w20_seed3.txt,Set Covering,100,Relaxed,10000,false,min,3,0.88752,na,na,927916,1499946,19726
set_covering_n100_m81_d0.15_b_w20_seed3.txt,Set Covering,100,Relaxed,20000,false,min,4,2.13507,na,na,1712906,2807375,39303
set_covering_n100_m81_d0.15_b_w20_seed4.txt,Set Covering,100,Restricted,500,false,min,9,0.02662,na,na,61175,68925,1000
set_covering_n100_m81_d0.15_b_w20_seed4.txt,Set Covering,100,Restricted,1000,false,min,9,0.05197,na,na,113826,129090,1998
set_covering_n100_m81_d0.15_b_w20_seed4.txt,Set Covering,100,Restricted,2000,false,min,9,0.10484,na,na,217153,248475,3994
set_covering_n100_m81_d0.15_b_w20_seed4.txt,Set Covering,100,Restricted,5000,false,min,9,0.28382,na,na,490497,571287,9950
set_covering_n100_m81_d0.15_b_w20_seed4.txt,Set Covering,100,Restricted,10000,false,min,8,0.68591,na,na,900906,1076515,19818
set_covering_n100_m81_d0.15_b_w20_seed4.txt,Set Covering,100,Restricted,20000,false,min,8,1.61663,na,na,1656175,2012627,39380
set_covering_n100_m81_d0.15_b_w20_seed4.txt,Set Covering,100,Relaxed,500,false,min,2,0.03310,na,na,61154,95064,999
set_covering_n100_m81_d0.15_b_w20_seed4.txt,Set Covering,100,Relaxed,1000,false,min,2,0.06579,na,na,113805,178103,1997
set_covering_n100_m81_d0.15_b_w20_seed4.txt,Set Covering,100,Relaxed,2000,false,min,3,0.13968,na,na,216715,341615,3993
set_covering_n100_m81_d0.15_b_w20_seed4.txt,Set Covering,100,Relaxed,5000,false,min,3,0.39420,na,na,490411,782119,9947
set_covering_n100_m81_d0.15_b_w20_seed4.txt,Set Covering,100,Relaxed,10000,false,min,3,0.90715,na,na,901106,1454526,19818
set_covering_n100_m81_d0.15_b_w20_seed4.txt,Set Covering,100,Relaxed,20000,false,min,4,2.05693,na,na,1656600,2689520,39382
set_covering_n100_m81_d0.25_b_w20_seed1.txt,Set Covering,100,Exact,99999,false,min,5,0.01324,na,na,22350,43648,400
set_covering_n100_m81_d0.25_b_w20_seed1.txt,Set Covering,100,Restricted,500,false,min,5,0.01279,na,na,22350,43648,400
set_covering_n100_m81_d0.25_b_w20_seed1.txt,Set Covering,100,Restricted,1000,false,min,5,0.01330,na,na,22350,43648,400
set_covering_n100_m81_d0.25_b_w20_seed1.txt,Set Covering,100,Restricted,2000,false,min,5,0.01342,na,na,22350,43648,400
set_covering_n100_m81_d0.25_b_w20_seed1.txt,Set Covering,100,Restricted,5000,false,min,5,0.01366,na,na,22350,43648,400
set_covering_n100_m81_d0.25_b_w20_seed1.txt,Set Covering,100,Restricted,10000,false,min,5,0.01328,na,na,22350,43648,400
set_covering_n100_m81_d0.25_b_w20_seed1.txt,Set Covering,100,Restricted,20000,false,min,5,0.01328,na,na,22350,43648,400
set_covering_n100_m81_d0.25_b_w20_seed1.txt,Set Covering,100,Relaxed,500,false,min,5,0.01315,na,na,22350,43648,400
set_covering_n100_m81_d0.25_b_w20_seed1.txt,Set Covering,100,Relaxed,1000,false,min,5,0.01329,na,na,22350,43648,400
set_covering_n100_m81_d0.25_b_w20_seed1.txt,Set Covering,100,Relaxed,2000,false,min,5,0.01340,na,na,22350,43648,400
set_covering_n100_m81_d0.25_b_w20_seed1.txt,Set Covering,100,Relaxed,5000,false,min,5,0.01336,na,na,22350,43648,400
set_covering_n100_m81_d0.25_b_w20_seed1.txt,Set Covering,100,Relaxed,10000,false,min,5,0.01336,na,na,22350,43648,400
set_covering_n100_m81_d0.25_b_w20_seed1.txt,Set Covering,100,Relaxed,20000,false,min,5,0.01332,na,na,22350,43648,400
set_covering_n100_m81_d0.25_b_w20_seed2.txt,Set Covering,100,Exact,99999,false,min,5,0.01431,na,na,22350,43648,400
set_covering_n100_m81_d0.25_b_w20_seed2.txt,Set Covering,100,Restricted,500,false,min,5,0.01261,na,na,22350,43648,400
set_covering_n100_m81_d0.25_b_w20_seed2.txt,Set Covering,100,Restricted,1000,false,min,5,0.01273,na,na,22350,43648,400
set_covering_n100_m81_d0.25_b_w20_seed2.txt,Set Covering,100,Restricted,2000,false,min,5,0.01266,na,na,22350,43648,400
set_covering_n100_m81_d0.25_b_w20_seed2.txt,Set Covering,100,Restricted,5000,false,min,5,0.01268,na,na,22350,43648,400
set_covering_n100_m81_d0.25_b_w20_seed2.txt,Set Covering,100,Restricted,10000,false,min,5,0.01279,na,na,22350,43648,400
set_covering_n100_m81_d0.25_b_w20_seed2.txt,Set Covering,100,Restricted,20000,false,min,5,0.01270,na,na,22350,43648,400
set_covering_n100_m81_d0.25_b_w20_seed2.txt,Set Covering,100,Relaxed,500,false,min,5,0.01266,na,na,22350,43648,400
set_covering_n100_m81_d0.25_b_w20_seed2.txt,Set Covering,100,Relaxed,1000,false,min,5,0.01274,na,na,22350,43648,400
set_covering_n100_m81_d0.25_b_w20_seed2.txt,Set Covering,100,Relaxed,2000,false,min,5,0.01265,na,na,22350,43648,400
set_covering_n100_m81_d0.25_b_w20_seed2.txt,Set Covering,100,Relaxed,5000,false,min,5,0.01296,na,na,22350,43648,400
set_covering_n100_m81_d0.25_b_w20_seed2.txt,Set Covering,100,Relaxed,10000,false,min,5,0.01335,na,na,22350,43648,400
set_covering_n100_m81_d0.25_b_w20_seed2.txt,Set Covering,100,Relaxed,20000,false,min,5,0.01287,na,na,22350,43648,400
set_covering_n100_m81_d0.25_b_w20_seed3.txt,Set Covering,100,Exact,99999,false,min,5,0.01293,na,na,22350,43648,400
set_covering_n100_m81_d0.25_b_w20_seed3.txt,Set Covering,100,Restricted,500,false,min,5,0.01278,na,na,22350,43648,400
set_covering_n100_m81_d0.25_b_w20_seed3.txt,Set Covering,100,Restricted,1000,false,min,5,0.01270,na,na,22350,43648,400
set_covering_n100_m81_d0.25_b_w20_seed3.txt,Set Covering,100,Restricted,2000,false,min,5,0.01269,na,na,22350,43648,400
set_covering_n100_m81_d0.25_b_w20_seed3.txt,Set Covering,100,Restricted,5000,false,min,5,0.01266,na,na,22350,43648,400
set_covering_n100_m81_d0.25_b_w20_seed3.txt,Set Covering,100,Restricted,10000,false,min,5,0.01287,na,na,22350,43648,400
set_covering_n100_m81_d0.25_b_w20_seed3.txt,Set Covering,100,Restricted,20000,false,min,5,0.01253,na,na,22350,43648,400
set_covering_n100_m81_d0.25_b_w20_seed3.txt,Set Covering,100,Relaxed,500,false,min,5,0.01303,na,na,22350,43648,400
set_covering_n100_m81_d0.25_b_w20_seed3.txt,Set Covering,100,Relaxed,1000,false,min,5,0.01288,na,na,22350,43648,400
set_covering_n100_m81_d0.25_b_w20_seed3.txt,Set Covering,100,Relaxed,2000,false,min,5,0.01346,na,na,22350,43648,400
set_covering_n100_m81_d0.25_b_w20_seed3.txt,Set Covering,100,Relaxed,5000,false,min,5,0.01275,na,na,22350,43648,400
set_covering_n100_m81_d0.25_b_w20_seed3.txt,Set Covering,100,Relaxed,10000,false,min,5,0.01263,na,na,22350,43648,400
set_covering_n100_m81_d0.25_b_w20_seed3.txt,Set Covering,100,Relaxed,20000,false,min,5,0.01263,na,na,22350,43648,400
set_covering_n100_m81_d0.25_b_w20_seed4.txt,Set Covering,100,Exact,99999,false,min,5,0.01258,na,na,22350,43648,400
set_covering_n100_m81_d0.25_b_w20_seed4.txt,Set Covering,100,Restricted,500,false,min,5,0.01276,na,na,22350,43648,400
set_covering_n100_m81_d0.25_b_w20_seed4.txt,Set Covering,100,Restricted,1000,false,min,5,0.01253,na,na,22350,43648,400
set_covering_n100_m81_d0.25_b_w20_seed4.txt,Set Covering,100,Restricted,2000,false,min,5,0.01267,na,na,22350,43648,400
set_covering_n100_m81_d0.25_b_w20_seed4.txt,Set Covering,100,Restricted,5000,false,min,5,0.01273,na,na,22350,43648,400
set_covering_n100_m81_d0.25_b_w20_seed4.txt,Set Covering,100,Restricted,10000,false,min,5,0.01265,na,na,22350,43648,400
set_covering_n100_m81_d0.25_b_w20_seed4.txt,Set Covering,100,Restricted,20000,false,min,5,0.01303,na,na,22350,43648,400
set_covering_n100_m81_d0.25_b_w20_seed4.txt,Set Covering,100,Relaxed,500,false,min,5,0.01264,na,na,22350,43648,400
set_covering_n100_m81_d0.25_b_w20_seed4.txt,Set Covering,100,Relaxed,1000,false,min,5,0.01279,na,na,22350,43648,400
set_covering_n100_m81_d0.25_b_w20_seed4.txt,Set Covering,100,Relaxed,2000,false,min,5,0.01275,na,na,22350,43648,400
set_covering_n100_m81_d0.25_b_w20_seed4.txt,Set Covering,100,Relaxed,5000,false,min,5,0.01266,na,na,22350,43648,400
set_covering_n100_m81_d0.25_b_w20_seed4.txt,Set Covering,100,Relaxed,10000,false,min,5,0.01267,na,na,22350,43648,400
set_covering_n100_m81_d0.25_b_w20_seed4.txt,Set Covering,100,Relaxed,20000,false,min,5,0.01277,na,na,22350,43648,400
set_covering_n100_m81_d0.35_b_w20_seed1.txt,Set Covering,100,Exact,99999,false,min,5,0.01248,na,na,22350,43648,400
set_covering_n100_m81_d0.35_b_w20_seed1.txt,Set Covering,100,Restricted,500,false,min,5,0.01291,na,na,22350,43648,400
set_covering_n100_m81_d0.35_b_w20_seed1.txt,Set Covering,100,Restricted,1000,false,min,5,0.01264,na,na,22350,43648,400
set_covering_n100_m81_d0.35_b_w20_seed1.txt,Set Covering,100,Restricted,2000,false,min,5,0.01260,na,na,22350,43648,400
set_covering_n100_m81_d0.35_b_w20_seed1.txt,Set Covering,100,Restricted,5000,false,min,5,0.01317,na,na,22350,43648,400
set_covering_n100_m81_d0.35_b_w20_seed1.txt,Set Covering,100,Restricted,10000,false,min,5,0.01255,na,na,22350,43648,400
set_covering_n100_m81_d0.35_b_w20_seed1.txt,Set Covering,100,Restricted,20000,false,min,5,0.01291,na,na,22350,43648,400
set_covering_n100_m81_d0.35_b_w20_seed1.txt,Set Covering,100,Relaxed,500,false,min,5,0.01263,na,na,22350,43648,400
set_covering_n100_m81_d0.35_b_w20_seed1.txt,Set Covering,100,Relaxed,1000,false,min,5,0.01267,na,na,22350,43648,400
set_covering_n100_m81_d0.35_b_w20_seed1.txt,Set Covering,100,Relaxed,2000,false,min,5,0.01355,na,na,22350,43648,400
set_covering_n100_m81_d0.35_b_w20_seed1.txt,Set Covering,100,Relaxed,5000,false,min,5,0.01282,na,na,22350,43648,400
set_covering_n100_m81_d0.35_b_w20_seed1.txt,Set Covering,100,Relaxed,10000,false,min,5,0.01298,na,na,22350,43648,400
set_covering_n100_m81_d0.35_b_w20_seed1.txt,Set Covering,100,Relaxed,20000,false,min,5,0.01267,na,na,22350,43648,400
set_covering_n100_m81_d0.35_b_w20_seed2.txt,Set Covering,100,Exact,99999,false,min,5,0.01282,na,na,22350,43648,400
set_covering_n100_m81_d0.35_b_w20_seed2.txt,Set Covering,100,Restricted,500,false,min,5,0.01270,na,na,22350,43648,400
set_covering_n100_m81_d0.35_b_w20_seed2.txt,Set Covering,100,Restricted,1000,false,min,5,0.01265,na,na,22350,43648,400
set_covering_n100_m81_d0.35_b_w20_seed2.txt,Set Covering,100,Restricted,2000,false,min,5,0.01339,na,na,22350,43648,400
set_covering_n100_m81_d0.35_b_w20_seed2.txt,Set Covering,100,Restricted,5000,false,min,5,0.01254,na,na,22350,43648,400
set_covering_n100_m81_d0.35_b_w20_seed2.txt,Set Covering,100,Restricted,10000,false,min,5,0.01270,na,na,22350,43648,400
set_covering_n100_m81_d0.35_b_w20_seed2.txt,Set Covering,100,Restricted,20000,false,min,5,0.01269,na,na,22350,43648,400
set_covering_n100_m81_d0.35_b_w20_seed2.txt,Set Covering,100,Relaxed,500,false,min,5,0.01266,na,na,22350,43648,400
set_covering_n100_m81_d0.35_b_w20_seed2.txt,Set Covering,100,Relaxed,1000,false,min,5,0.01290,na,na,22350,43648,400
set_covering_n100_m81_d0.35_b_w20_seed2.txt,Set Covering,100,Relaxed,2000,false,min,5,0.01254,na,na,22350,43648,400
set_covering_n100_m81_d0.35_b_w20_seed2.txt,Set Covering,100,Relaxed,5000,false,min,5,0.01275,na,na,22350,43648,400
set_covering_n100_m81_d0.35_b_w20_seed2.txt,Set Covering,100,Relaxed,10000,false,min,5,0.01271,na,na,22350,43648,400
set_covering_n100_m81_d0.35_b_w20_seed2.txt,Set Covering,100,Relaxed,20000,false,min,5,0.01397,na,na,22350,43648,400
set_covering_n100_m81_d0.35_b_w20_seed3.txt,Set Covering,100,Exact,99999,false,min,5,0.01261,na,na,22350,43648,400
set_covering_n100_m81_d0.35_b_w20_seed3.txt,Set Covering,100,Restricted,500,false,min,5,0.01276,na,na,22350,43648,400
set_covering_n100_m81_d0.35_b_w20_seed3.txt,Set Covering,100,Restricted,1000,false,min,5,0.01293,na,na,22350,43648,400
set_covering_n100_m81_d0.35_b_w20_seed3.txt,Set Covering,100,Restricted,2000,false,min,5,0.01313,na,na,22350,43648,400
set_covering_n100_m81_d0.35_b_w20_seed3.txt,Set Covering,100,Restricted,5000,false,min,5,0.01294,na,na,22350,43648,400
set_covering_n100_m81_d0.35_b_w20_seed3.txt,Set Covering,100,Restricted,10000,false,min,5,0.01258,na,na,22350,43648,400
set_covering_n100_m81_d0.15_b_w20_seed2.txt,Set Covering,100,Exact,99999,false,min,7,254.43115,na,na,150871313,279681275,11420838
set_covering_n100_m81_d0.35_b_w20_seed3.txt,Set Covering,100,Restricted,20000,false,min,5,0.01287,na,na,22350,43648,400
set_covering_n100_m81_d0.35_b_w20_seed3.txt,Set Covering,100,Relaxed,500,false,min,5,0.01273,na,na,22350,43648,400
set_covering_n100_m81_d0.35_b_w20_seed3.txt,Set Covering,100,Relaxed,1000,false,min,5,0.01274,na,na,22350,43648,400
set_covering_n100_m81_d0.35_b_w20_seed3.txt,Set Covering,100,Relaxed,2000,false,min,5,0.01268,na,na,22350,43648,400
set_covering_n100_m81_d0.35_b_w20_seed3.txt,Set Covering,100,Relaxed,5000,false,min,5,0.01256,na,na,22350,43648,400
set_covering_n100_m81_d0.35_b_w20_seed3.txt,Set Covering,100,Relaxed,10000,false,min,5,0.01276,na,na,22350,43648,400
set_covering_n100_m81_d0.35_b_w20_seed3.txt,Set Covering,100,Relaxed,20000,false,min,5,0.01272,na,na,22350,43648,400
set_covering_n100_m81_d0.35_b_w20_seed4.txt,Set Covering,100,Exact,99999,false,min,5,0.01259,na,na,22350,43648,400
set_covering_n100_m81_d0.35_b_w20_seed4.txt,Set Covering,100,Restricted,500,false,min,5,0.01261,na,na,22350,43648,400
set_covering_n100_m81_d0.35_b_w20_seed4.txt,Set Covering,100,Restricted,1000,false,min,5,0.01254,na,na,22350,43648,400
set_covering_n100_m81_d0.35_b_w20_seed4.txt,Set Covering,100,Restricted,2000,false,min,5,0.01262,na,na,22350,43648,400
set_covering_n100_m81_d0.35_b_w20_seed4.txt,Set Covering,100,Restricted,5000,false,min,5,0.01297,na,na,22350,43648,400
set_covering_n100_m81_d0.35_b_w20_seed4.txt,Set Covering,100,Restricted,10000,false,min,5,0.01280,na,na,22350,43648,400
set_covering_n100_m81_d0.35_b_w20_seed4.txt,Set Covering,100,Restricted,20000,false,min,5,0.01283,na,na,22350,43648,400
set_covering_n100_m81_d0.35_b_w20_seed4.txt,Set Covering,100,Relaxed,500,false,min,5,0.01268,na,na,22350,43648,400
set_covering_n100_m81_d0.35_b_w20_seed4.txt,Set Covering,100,Relaxed,1000,false,min,5,0.01269,na,na,22350,43648,400
set_covering_n100_m81_d0.35_b_w20_seed4.txt,Set Covering,100,Relaxed,2000,false,min,5,0.01272,na,na,22350,43648,400
set_covering_n100_m81_d0.35_b_w20_seed4.txt,Set Covering,100,Relaxed,5000,false,min,5,0.01278,na,na,22350,43648,400
set_covering_n100_m81_d0.35_b_w20_seed4.txt,Set Covering,100,Relaxed,10000,false,min,5,0.01274,na,na,22350,43648,400
set_covering_n100_m81_d0.35_b_w20_seed4.txt,Set Covering,100,Relaxed,20000,false,min,5,0.01276,na,na,22350,43648,400
set_covering_n100_m81_d0.45_b_w20_seed1.txt,Set Covering,100,Exact,99999,false,min,5,0.01271,na,na,22350,43648,400
set_covering_n100_m81_d0.45_b_w20_seed1.txt,Set Covering,100,Restricted,500,false,min,5,0.01282,na,na,22350,43648,400
set_covering_n100_m81_d0.45_b_w20_seed1.txt,Set Covering,100,Restricted,1000,false,min,5,0.01263,na,na,22350,43648,400
set_covering_n100_m81_d0.45_b_w20_seed1.txt,Set Covering,100,Restricted,2000,false,min,5,0.01275,na,na,22350,43648,400
set_covering_n100_m81_d0.45_b_w20_seed1.txt,Set Covering,100,Restricted,5000,false,min,5,0.01297,na,na,22350,43648,400
set_covering_n100_m81_d0.45_b_w20_seed1.txt,Set Covering,100,Restricted,10000,false,min,5,0.01279,na,na,22350,43648,400
set_covering_n100_m81_d0.45_b_w20_seed1.txt,Set Covering,100,Restricted,20000,false,min,5,0.01292,na,na,22350,43648,400
set_covering_n100_m81_d0.45_b_w20_seed1.txt,Set Covering,100,Relaxed,500,false,min,5,0.01265,na,na,22350,43648,400
set_covering_n100_m81_d0.45_b_w20_seed1.txt,Set Covering,100,Relaxed,1000,false,min,5,0.01274,na,na,22350,43648,400
set_covering_n100_m81_d0.45_b_w20_seed1.txt,Set Covering,100,Relaxed,2000,false,min,5,0.01276,na,na,22350,43648,400
set_covering_n100_m81_d0.45_b_w20_seed1.txt,Set Covering,100,Relaxed,5000,false,min,5,0.01274,na,na,22350,43648,400
set_covering_n100_m81_d0.45_b_w20_seed1.txt,Set Covering,100,Relaxed,10000,false,min,5,0.01263,na,na,22350,43648,400
set_covering_n100_m81_d0.45_b_w20_seed1.txt,Set Covering,100,Relaxed,20000,false,min,5,0.01273,na,na,22350,43648,400
set_covering_n100_m81_d0.45_b_w20_seed2.txt,Set Covering,100,Exact,99999,false,min,5,0.01262,na,na,22350,43648,400
set_covering_n100_m81_d0.45_b_w20_seed2.txt,Set Covering,100,Restricted,500,false,min,5,0.01272,na,na,22350,43648,400
set_covering_n100_m81_d0.45_b_w20_seed2.txt,Set Covering,100,Restricted,1000,false,min,5,0.01272,na,na,22350,43648,400
set_covering_n100_m81_d0.45_b_w20_seed2.txt,Set Covering,100,Restricted,2000,false,min,5,0.01272,na,na,22350,43648,400
set_covering_n100_m81_d0.45_b_w20_seed2.txt,Set Covering,100,Restricted,5000,false,min,5,0.01269,na,na,22350,43648,400
set_covering_n100_m81_d0.45_b_w20_seed2.txt,Set Covering,100,Restricted,10000,false,min,5,0.01261,na,na,22350,43648,400
set_covering_n100_m81_d0.45_b_w20_seed2.txt,Set Covering,100,Restricted,20000,false,min,5,0.01256,na,na,22350,43648,400
set_covering_n100_m81_d0.45_b_w20_seed2.txt,Set Covering,100,Relaxed,500,false,min,5,0.01272,na,na,22350,43648,400
set_covering_n100_m81_d0.45_b_w20_seed2.txt,Set Covering,100,Relaxed,1000,false,min,5,0.01273,na,na,22350,43648,400
set_covering_n100_m81_d0.45_b_w20_seed2.txt,Set Covering,100,Relaxed,2000,false,min,5,0.01278,na,na,22350,43648,400
set_covering_n100_m81_d0.45_b_w20_seed2.txt,Set Covering,100,Relaxed,5000,false,min,5,0.01278,na,na,22350,43648,400
set_covering_n100_m81_d0.45_b_w20_seed2.txt,Set Covering,100,Relaxed,10000,false,min,5,0.01278,na,na,22350,43648,400
set_covering_n100_m81_d0.45_b_w20_seed2.txt,Set Covering,100,Relaxed,20000,false,min,5,0.01284,na,na,22350,43648,400
set_covering_n100_m81_d0.45_b_w20_seed3.txt,Set Covering,100,Exact,99999,false,min,5,0.01296,na,na,22350,43648,400
set_covering_n100_m81_d0.45_b_w20_seed3.txt,Set Covering,100,Restricted,500,false,min,5,0.01270,na,na,22350,43648,400
set_covering_n100_m81_d0.45_b_w20_seed3.txt,Set Covering,100,Restricted,1000,false,min,5,0.01273,na,na,22350,43648,400
set_covering_n100_m81_d0.45_b_w20_seed3.txt,Set Covering,100,Restricted,2000,false,min,5,0.01271,na,na,22350,43648,400
set_covering_n100_m81_d0.45_b_w20_seed3.txt,Set Covering,100,Restricted,5000,false,min,5,0.01266,na,na,22350,43648,400
set_covering_n100_m81_d0.45_b_w20_seed3.txt,Set Covering,100,Restricted,10000,false,min,5,0.01257,na,na,22350,43648,400
set_covering_n100_m81_d0.45_b_w20_seed3.txt,Set Covering,100,Restricted,20000,false,min,5,0.01263,na,na,22350,43648,400
set_covering_n100_m81_d0.45_b_w20_seed3.txt,Set Covering,100,Relaxed,500,false,min,5,0.01261,na,na,22350,43648,400
set_covering_n100_m81_d0.45_b_w20_seed3.txt,Set Covering,100,Relaxed,1000,false,min,5,0.01267,na,na,22350,43648,400
set_covering_n100_m81_d0.45_b_w20_seed3.txt,Set Covering,100,Relaxed,2000,false,min,5,0.01268,na,na,22350,43648,400
set_covering_n100_m81_d0.45_b_w20_seed3.txt,Set Covering,100,Relaxed,5000,false,min,5,0.01281,na,na,22350,43648,400
set_covering_n100_m81_d0.45_b_w20_seed3.txt,Set Covering,100,Relaxed,10000,false,min,5,0.01272,na,na,22350,43648,400
set_covering_n100_m81_d0.45_b_w20_seed3.txt,Set Covering,100,Relaxed,20000,false,min,5,0.01369,na,na,22350,43648,400
set_covering_n100_m81_d0.45_b_w20_seed4.txt,Set Covering,100,Exact,99999,false,min,5,0.01280,na,na,22350,43648,400
set_covering_n100_m81_d0.45_b_w20_seed4.txt,Set Covering,100,Restricted,500,false,min,5,0.01270,na,na,22350,43648,400
set_covering_n100_m81_d0.45_b_w20_seed4.txt,Set Covering,100,Restricted,1000,false,min,5,0.01275,na,na,22350,43648,400
set_covering_n100_m81_d0.45_b_w20_seed4.txt,Set Covering,100,Restricted,2000,false,min,5,0.01279,na,na,22350,43648,400
set_covering_n100_m81_d0.45_b_w20_seed4.txt,Set Covering,100,Restricted,5000,false,min,5,0.01267,na,na,22350,43648,400
set_covering_n100_m81_d0.45_b_w20_seed4.txt,Set Covering,100,Restricted,10000,false,min,5,0.01262,na,na,22350,43648,400
set_covering_n100_m81_d0.45_b_w20_seed4.txt,Set Covering,100,Restricted,20000,false,min,5,0.01279,na,na,22350,43648,400
set_covering_n100_m81_d0.45_b_w20_seed4.txt,Set Covering,100,Relaxed,500,false,min,5,0.01279,na,na,22350,43648,400
set_covering_n100_m81_d0.45_b_w20_seed4.txt,Set Covering,100,Relaxed,1000,false,min,5,0.01281,na,na,22350,43648,400
set_covering_n100_m81_d0.45_b_w20_seed4.txt,Set Covering,100,Relaxed,2000,false,min,5,0.01262,na,na,22350,43648,400
set_covering_n100_m81_d0.45_b_w20_seed4.txt,Set Covering,100,Relaxed,5000,false,min,5,0.01265,na,na,22350,43648,400
set_covering_n100_m81_d0.45_b_w20_seed4.txt,Set Covering,100,Relaxed,10000,false,min,5,0.01252,na,na,22350,43648,400
set_covering_n100_m81_d0.45_b_w20_seed4.txt,Set Covering,100,Relaxed,20000,false,min,5,0.01251,na,na,22350,43648,400
set_covering_n100_m84_d0.1_b_w17_seed1.txt,Set Covering,100,Restricted,500,false,min,13,0.02832,na,na,66096,71559,1000
set_covering_n100_m84_d0.1_b_w17_seed1.txt,Set Covering,100,Restricted,1000,false,min,13,0.05403,na,na,126927,138076,2000
set_covering_n100_m84_d0.1_b_w17_seed1.txt,Set Covering,100,Restricted,2000,false,min,12,0.11181,na,na,245805,268599,4000
set_covering_n100_m84_d0.1_b_w17_seed1.txt,Set Covering,100,Restricted,5000,false,min,12,0.30940,na,na,586136,644505,10000
set_covering_n100_m84_d0.1_b_w17_seed1.txt,Set Covering,100,Restricted,10000,false,min,12,0.68427,na,na,1117011,1238542,20000
set_covering_n100_m84_d0.1_b_w17_seed1.txt,Set Covering,100,Relaxed,500,false,min,4,0.03503,na,na,65978,99025,1001
set_covering_n100_m84_d0.1_b_w17_seed1.txt,Set Covering,100,Restricted,20000,false,min,12,1.66466,na,na,2154893,2418469,39979
set_covering_n100_m84_d0.1_b_w17_seed1.txt,Set Covering,100,Relaxed,1000,false,min,4,0.07141,na,na,127086,191071,2001
set_covering_n100_m84_d0.1_b_w17_seed1.txt,Set Covering,100,Relaxed,2000,false,min,4,0.14609,na,na,245861,370503,4001
set_covering_n100_m84_d0.1_b_w17_seed1.txt,Set Covering,100,Relaxed,5000,false,min,4,0.40802,na,na,586320,885475,10001
set_covering_n100_m84_d0.1_b_w17_seed1.txt,Set Covering,100,Relaxed,10000,false,min,5,0.91409,na,na,1117425,1695488,20001
set_covering_n100_m84_d0.1_b_w17_seed1.txt,Set Covering,100,Relaxed,20000,false,min,5,2.26663,na,na,2154494,3294425,39978
set_covering_n100_m84_d0.1_b_w17_seed2.txt,Set Covering,100,Restricted,500,false,min,14,0.02686,na,na,61949,65552,1000
set_covering_n100_m84_d0.1_b_w17_seed2.txt,Set Covering,100,Restricted,1000,false,min,13,0.05250,na,na,120045,128585,2000
set_covering_n100_m84_d0.1_b_w17_seed2.txt,Set Covering,100,Restricted,2000,false,min,13,0.10838,na,na,232359,250527,4000
set_covering_n100_m84_d0.1_b_w17_seed2.txt,Set Covering,100,Restricted,5000,false,min,13,0.29515,na,na,553020,601479,10000
set_covering_n100_m84_d0.1_b_w17_seed2.txt,Set Covering,100,Restricted,10000,false,min,13,0.66886,na,na,1057482,1163308,19999
set_covering_n100_m84_d0.1_b_w17_seed2.txt,Set Covering,100,Relaxed,500,false,min,2,0.03364,na,na,62390,93050,1001
set_covering_n100_m84_d0.1_b_w17_seed2.txt,Set Covering,100,Restricted,20000,false,min,12,1.55551,na,na,2029974,2268469,39992
set_covering_n100_m84_d0.1_b_w17_seed2.txt,Set Covering,100,Relaxed,1000,false,min,3,0.06668,na,na,120137,179788,2001
set_covering_n100_m84_d0.1_b_w17_seed2.txt,Set Covering,100,Relaxed,2000,false,min,3,0.13863,na,na,232606,348950,4001
set_covering_n100_m84_d0.1_b_w17_seed2.txt,Set Covering,100,Relaxed,5000,false,min,3,0.38455,na,na,552435,832808,10001
set_covering_n100_m84_d0.1_b_w17_seed2.txt,Set Covering,100,Relaxed,10000,false,min,4,0.87491,na,na,1058117,1604424,20000
set_covering_n100_m84_d0.1_b_w17_seed2.txt,Set Covering,100,Relaxed,20000,false,min,4,2.12593,na,na,2031018,3109176,39995
set_covering_n100_m84_d0.1_b_w17_seed3.txt,Set Covering,100,Restricted,500,false,min,14,0.02841,na,na,64026,69502,1000
set_covering_n100_m84_d0.1_b_w17_seed3.txt,Set Covering,100,Restricted,1000,false,min,14,0.05322,na,na,123819,134372,2000
set_covering_n100_m84_d0.1_b_w17_seed3.txt,Set Covering,100,Restricted,2000,false,min,14,0.10998,na,na,241551,262943,3992
set_covering_n100_m84_d0.1_b_w17_seed3.txt,Set Covering,100,Restricted,5000,false,min,14,0.31666,na,na,578812,635456,9972
set_covering_n100_m84_d0.1_b_w17_seed3.txt,Set Covering,100,Restricted,10000,false,min,13,0.80775,na,na,1123282,1254593,19941
set_covering_n100_m84_d0.1_b_w17_seed3.txt,Set Covering,100,Relaxed,500,false,min,2,0.03705,na,na,65009,98252,1001
set_covering_n100_m84_d0.1_b_w17_seed3.txt,Set Covering,100,Restricted,20000,false,min,13,1.88837,na,na,2168744,2440578,39771
set_covering_n100_m84_d0.1_b_w17_seed3.txt,Set Covering,100,Relaxed,1000,false,min,3,0.06652,na,na,124019,186682,1999
set_covering_n100_m84_d0.1_b_w17_seed3.txt,Set Covering,100,Relaxed,2000,false,min,3,0.14759,na,na,241949,363292,3992
set_covering_n100_m84_d0.1_b_w17_seed3.txt,Set Covering,100,Relaxed,5000,false,min,3,0.43270,na,na,579259,873338,9970
set_covering_n100_m84_d0.1_b_w17_seed3.txt,Set Covering,100,Relaxed,10000,false,min,4,0.99272,na,na,1122582,1710976,19941
set_covering_n100_m84_d0.1_b_w17_seed3.txt,Set Covering,100,Relaxed,20000,false,min,4,2.44235,na,na,2168563,3317164,39764
set_covering_n100_m84_d0.1_b_w17_seed4.txt,Set Covering,100,Restricted,500,false,min,14,0.02754,na,na,63447,66557,1000
set_covering_n100_m84_d0.1_b_w17_seed4.txt,Set Covering,100,Restricted,1000,false,min,14,0.05390,na,na,123215,129320,2000
set_covering_n100_m84_d0.1_b_w17_seed4.txt,Set Covering,100,Restricted,2000,false,min,14,0.10998,na,na,237890,251020,4000
set_covering_n100_m84_d0.1_b_w17_seed4.txt,Set Covering,100,Restricted,5000,false,min,14,0.32774,na,na,569171,605336,10000
set_covering_n100_m84_d0.1_b_w17_seed4.txt,Set Covering,100,Restricted,10000,false,min,13,0.82255,na,na,1103629,1181380,20000
set_covering_n100_m84_d0.1_b_w17_seed4.txt,Set Covering,100,Restricted,20000,false,min,13,2.11954,na,na,2133300,2311256,39899
set_covering_n100_m84_d0.1_b_w17_seed4.txt,Set Covering,100,Relaxed,500,false,min,2,0.03418,na,na,63573,94444,1001
set_covering_n100_m84_d0.1_b_w17_seed4.txt,Set Covering,100,Relaxed,1000,false,min,3,0.06744,na,na,123153,182333,2001
set_covering_n100_m84_d0.1_b_w17_seed4.txt,Set Covering,100,Relaxed,2000,false,min,3,0.14318,na,na,237859,353208,4001
set_covering_n100_m84_d0.1_b_w17_seed4.txt,Set Covering,100,Relaxed,5000,false,min,3,0.43405,na,na,569334,848819,10001
set_covering_n100_m84_d0.1_b_w17_seed4.txt,Set Covering,100,Relaxed,10000,false,min,3,1.04273,na,na,1104071,1652217,20001
set_covering_n100_m84_d0.1_b_w17_seed4.txt,Set Covering,100,Relaxed,20000,false,min,4,2.58691,na,na,2134050,3217349,39925
set_covering_n100_m84_d0.2_b_w17_seed1.txt,Set Covering,100,Exact,99999,false,min,5,0.01112,na,na,18173,35324,289
set_covering_n100_m84_d0.2_b_w17_seed1.txt,Set Covering,100,Restricted,500,false,min,5,0.01096,na,na,18173,35324,289
set_covering_n100_m84_d0.2_b_w17_seed1.txt,Set Covering,100,Restricted,1000,false,min,5,0.01110,na,na,18173,35324,289
set_covering_n100_m84_d0.2_b_w17_seed1.txt,Set Covering,100,Restricted,2000,false,min,5,0.01122,na,na,18173,35324,289
set_covering_n100_m84_d0.2_b_w17_seed1.txt,Set Covering,100,Restricted,5000,false,min,5,0.01106,na,na,18173,35324,289
set_covering_n100_m84_d0.2_b_w17_seed1.txt,Set Covering,100,Restricted,10000,false,min,5,0.01098,na,na,18173,35324,289
set_covering_n100_m84_d0.2_b_w17_seed1.txt,Set Covering,100,Restricted,20000,false,min,5,0.01107,na,na,18173,35324,289
set_covering_n100_m84_d0.2_b_w17_seed1.txt,Set Covering,100,Relaxed,500,false,min,5,0.01126,na,na,18173,35324,289
set_covering_n100_m84_d0.2_b_w17_seed1.txt,Set Covering,100,Relaxed,1000,false,min,5,0.01092,na,na,18173,35324,289
set_covering_n100_m84_d0.2_b_w17_seed1.txt,Set Covering,100,Relaxed,2000,false,min,5,0.01168,na,na,18173,35324,289
set_covering_n100_m84_d0.2_b_w17_seed1.txt,Set Covering,100,Relaxed,5000,false,min,5,0.01117,na,na,18173,35324,289
set_covering_n100_m84_d0.2_b_w17_seed1.txt,Set Covering,100,Relaxed,10000,false,min,5,0.01108,na,na,18173,35324,289
set_covering_n100_m84_d0.2_b_w17_seed1.txt,Set Covering,100,Relaxed,20000,false,min,5,0.01118,na,na,18173,35324,289
set_covering_n100_m84_d0.2_b_w17_seed2.txt,Set Covering,100,Exact,99999,false,min,5,0.01110,na,na,18173,35324,289
set_covering_n100_m84_d0.2_b_w17_seed2.txt,Set Covering,100,Restricted,500,false,min,5,0.01162,na,na,18173,35324,289
set_covering_n100_m84_d0.2_b_w17_seed2.txt,Set Covering,100,Restricted,1000,false,min,5,0.01171,na,na,18173,35324,289
set_covering_n100_m84_d0.2_b_w17_seed2.txt,Set Covering,100,Restricted,2000,false,min,5,0.01118,na,na,18173,35324,289
set_covering_n100_m84_d0.2_b_w17_seed2.txt,Set Covering,100,Restricted,5000,false,min,5,0.01100,na,na,18173,35324,289
set_covering_n100_m84_d0.2_b_w17_seed2.txt,Set Covering,100,Restricted,10000,false,min,5,0.01099,na,na,18173,35324,289
set_covering_n100_m84_d0.2_b_w17_seed2.txt,Set Covering,100,Restricted,20000,false,min,5,0.01107,na,na,18173,35324,289
set_covering_n100_m84_d0.2_b_w17_seed2.txt,Set Covering,100,Relaxed,500,false,min,5,0.01104,na,na,18173,35324,289
set_covering_n100_m84_d0.2_b_w17_seed2.txt,Set Covering,100,Relaxed,1000,false,min,5,0.01108,na,na,18173,35324,289
set_covering_n100_m84_d0.2_b_w17_seed2.txt,Set Covering,100,Relaxed,2000,false,min,5,0.01118,na,na,18173,35324,289
set_covering_n100_m84_d0.2_b_w17_seed2.txt,Set Covering,100,Relaxed,5000,false,min,5,0.01121,na,na,18173,35324,289
set_covering_n100_m84_d0.2_b_w17_seed2.txt,Set Covering,100,Relaxed,10000,false,min,5,0.01098,na,na,18173,35324,289
set_covering_n100_m84_d0.2_b_w17_seed2.txt,Set Covering,100,Relaxed,20000,false,min,5,0.01110,na,na,18173,35324,289
set_covering_n100_m84_d0.2_b_w17_seed3.txt,Set Covering,100,Exact,99999,false,min,5,0.01106,na,na,18173,35324,289
set_covering_n100_m84_d0.2_b_w17_seed3.txt,Set Covering,100,Restricted,500,false,min,5,0.01056,na,na,18173,35324,289
set_covering_n100_m84_d0.2_b_w17_seed3.txt,Set Covering,100,Restricted,1000,false,min,5,0.01110,na,na,18173,35324,289
set_covering_n100_m84_d0.2_b_w17_seed3.txt,Set Covering,100,Restricted,2000,false,min,5,0.01117,na,na,18173,35324,289
set_covering_n100_m84_d0.2_b_w17_seed3.txt,Set Covering,100,Restricted,5000,false,min,5,0.01120,na,na,18173,35324,289
set_covering_n100_m84_d0.2_b_w17_seed3.txt,Set Covering,100,Restricted,10000,false,min,5,0.01112,na,na,18173,35324,289
set_covering_n100_m84_d0.2_b_w17_seed3.txt,Set Covering,100,Restricted,20000,false,min,5,0.01113,na,na,18173,35324,289
set_covering_n100_m84_d0.2_b_w17_seed3.txt,Set Covering,100,Relaxed,500,false,min,5,0.01120,na,na,18173,35324,289
set_covering_n100_m84_d0.2_b_w17_seed3.txt,Set Covering,100,Relaxed,1000,false,min,5,0.01110,na,na,18173,35324,289
set_covering_n100_m84_d0.2_b_w17_seed3.txt,Set Covering,100,Relaxed,2000,false,min,5,0.01110,na,na,18173,35324,289
set_covering_n100_m84_d0.2_b_w17_seed3.txt,Set Covering,100,Relaxed,5000,false,min,5,0.01102,na,na,18173,35324,289
set_covering_n100_m84_d0.2_b_w17_seed3.txt,Set Covering,100,Relaxed,10000,false,min,5,0.01103,na,na,18173,35324,289
set_covering_n100_m84_d0.2_b_w17_seed3.txt,Set Covering,100,Relaxed,20000,false,min,5,0.01104,na,na,18173,35324,289
set_covering_n100_m84_d0.2_b_w17_seed4.txt,Set Covering,100,Exact,99999,false,min,5,0.01163,na,na,18173,35324,289
set_covering_n100_m84_d0.2_b_w17_seed4.txt,Set Covering,100,Restricted,500,false,min,5,0.01058,na,na,18173,35324,289
set_covering_n100_m84_d0.2_b_w17_seed4.txt,Set Covering,100,Restricted,1000,false,min,5,0.01051,na,na,18173,35324,289
set_covering_n100_m84_d0.2_b_w17_seed4.txt,Set Covering,100,Restricted,2000,false,min,5,0.01077,na,na,18173,35324,289
set_covering_n100_m84_d0.2_b_w17_seed4.txt,Set Covering,100,Restricted,5000,false,min,5,0.01065,na,na,18173,35324,289
set_covering_n100_m84_d0.2_b_w17_seed4.txt,Set Covering,100,Restricted,10000,false,min,5,0.01175,na,na,18173,35324,289
set_covering_n100_m84_d0.2_b_w17_seed4.txt,Set Covering,100,Restricted,20000,false,min,5,0.01060,na,na,18173,35324,289
set_covering_n100_m84_d0.2_b_w17_seed4.txt,Set Covering,100,Relaxed,500,false,min,5,0.01098,na,na,18173,35324,289
set_covering_n100_m84_d0.2_b_w17_seed4.txt,Set Covering,100,Relaxed,1000,false,min,5,0.01076,na,na,18173,35324,289
set_covering_n100_m84_d0.2_b_w17_seed4.txt,Set Covering,100,Relaxed,2000,false,min,5,0.01052,na,na,18173,35324,289
set_covering_n100_m84_d0.2_b_w17_seed4.txt,Set Covering,100,Relaxed,5000,false,min,5,0.01053,na,na,18173,35324,289
set_covering_n100_m84_d0.2_b_w17_seed4.txt,Set Covering,100,Relaxed,10000,false,min,5,0.01057,na,na,18173,35324,289
set_covering_n100_m84_d0.2_b_w17_seed4.txt,Set Covering,100,Relaxed,20000,false,min,5,0.01088,na,na,18173,35324,289
set_covering_n100_m84_d0.3_b_w17_seed1.txt,Set Covering,100,Exact,99999,false,min,5,0.01079,na,na,18173,35324,289
set_covering_n100_m84_d0.3_b_w17_seed1.txt,Set Covering,100,Restricted,500,false,min,5,0.01155,na,na,18173,35324,289
set_covering_n100_m84_d0.3_b_w17_seed1.txt,Set Covering,100,Restricted,1000,false,min,5,0.01058,na,na,18173,35324,289
set_covering_n100_m84_d0.3_b_w17_seed1.txt,Set Covering,100,Restricted,2000,false,min,5,0.01059,na,na,18173,35324,289
set_covering_n100_m84_d0.3_b_w17_seed1.txt,Set Covering,100,Restricted,5000,false,min,5,0.01109,na,na,18173,35324,289
set_covering_n100_m84_d0.3_b_w17_seed1.txt,Set Covering,100,Restricted,10000,false,min,5,0.01078,na,na,18173,35324,289
set_covering_n100_m84_d0.3_b_w17_seed1.txt,Set Covering,100,Restricted,20000,false,min,5,0.01061,na,na,18173,35324,289
set_covering_n100_m84_d0.3_b_w17_seed1.txt,Set Covering,100,Relaxed,500,false,min,5,0.01060,na,na,18173,35324,289
set_covering_n100_m84_d0.3_b_w17_seed1.txt,Set Covering,100,Relaxed,1000,false,min,5,0.01106,na,na,18173,35324,289
set_covering_n100_m84_d0.3_b_w17_seed1.txt,Set Covering,100,Relaxed,2000,false,min,5,0.01057,na,na,18173,35324,289
set_covering_n100_m84_d0.3_b_w17_seed1.txt,Set Covering,100,Relaxed,5000,false,min,5,0.01105,na,na,18173,35324,289
set_covering_n100_m84_d0.3_b_w17_seed1.txt,Set Covering,100,Relaxed,10000,false,min,5,0.01096,na,na,18173,35324,289
set_covering_n100_m84_d0.3_b_w17_seed1.txt,Set Covering,100,Relaxed,20000,false,min,5,0.01151,na,na,18173,35324,289
set_covering_n100_m84_d0.3_b_w17_seed2.txt,Set Covering,100,Exact,99999,false,min,5,0.01117,na,na,18173,35324,289
set_covering_n100_m84_d0.3_b_w17_seed2.txt,Set Covering,100,Restricted,500,false,min,5,0.01114,na,na,18173,35324,289
set_covering_n100_m84_d0.3_b_w17_seed2.txt,Set Covering,100,Restricted,1000,false,min,5,0.01115,na,na,18173,35324,289
set_covering_n100_m84_d0.3_b_w17_seed2.txt,Set Covering,100,Restricted,2000,false,min,5,0.01114,na,na,18173,35324,289
set_covering_n100_m84_d0.3_b_w17_seed2.txt,Set Covering,100,Restricted,5000,false,min,5,0.01103,na,na,18173,35324,289
set_covering_n100_m84_d0.3_b_w17_seed2.txt,Set Covering,100,Restricted,10000,false,min,5,0.01098,na,na,18173,35324,289
set_covering_n100_m84_d0.3_b_w17_seed2.txt,Set Covering,100,Restricted,20000,false,min,5,0.01123,na,na,18173,35324,289
set_covering_n100_m84_d0.3_b_w17_seed2.txt,Set Covering,100,Relaxed,500,false,min,5,0.01106,na,na,18173,35324,289
set_covering_n100_m84_d0.3_b_w17_seed2.txt,Set Covering,100,Relaxed,1000,false,min,5,0.01110,na,na,18173,35324,289
set_covering_n100_m84_d0.3_b_w17_seed2.txt,Set Covering,100,Relaxed,2000,false,min,5,0.01093,na,na,18173,35324,289
set_covering_n100_m84_d0.3_b_w17_seed2.txt,Set Covering,100,Relaxed,5000,false,min,5,0.01135,na,na,18173,35324,289
set_covering_n100_m84_d0.3_b_w17_seed2.txt,Set Covering,100,Relaxed,10000,false,min,5,0.01097,na,na,18173,35324,289
set_covering_n100_m84_d0.3_b_w17_seed2.txt,Set Covering,100,Relaxed,20000,false,min,5,0.01115,na,na,18173,35324,289
set_covering_n100_m84_d0.3_b_w17_seed3.txt,Set Covering,100,Exact,99999,false,min,5,0.01122,na,na,18173,35324,289
set_covering_n100_m84_d0.3_b_w17_seed3.txt,Set Covering,100,Restricted,500,false,min,5,0.01106,na,na,18173,35324,289
set_covering_n100_m84_d0.3_b_w17_seed3.txt,Set Covering,100,Restricted,1000,false,min,5,0.01113,na,na,18173,35324,289
set_covering_n100_m84_d0.3_b_w17_seed3.txt,Set Covering,100,Restricted,2000,false,min,5,0.01097,na,na,18173,35324,289
set_covering_n100_m84_d0.3_b_w17_seed3.txt,Set Covering,100,Restricted,5000,false,min,5,0.01105,na,na,18173,35324,289
set_covering_n100_m84_d0.3_b_w17_seed3.txt,Set Covering,100,Restricted,10000,false,min,5,0.01108,na,na,18173,35324,289
set_covering_n100_m84_d0.3_b_w17_seed3.txt,Set Covering,100,Restricted,20000,false,min,5,0.01104,na,na,18173,35324,289
set_covering_n100_m84_d0.3_b_w17_seed3.txt,Set Covering,100,Relaxed,500,false,min,5,0.01119,na,na,18173,35324,289
set_covering_n100_m84_d0.3_b_w17_seed3.txt,Set Covering,100,Relaxed,1000,false,min,5,0.01112,na,na,18173,35324,289
set_covering_n100_m84_d0.3_b_w17_seed3.txt,Set Covering,100,Relaxed,2000,false,min,5,0.01110,na,na,18173,35324,289
set_covering_n100_m84_d0.3_b_w17_seed3.txt,Set Covering,100,Relaxed,5000,false,min,5,0.01100,na,na,18173,35324,289
set_covering_n100_m84_d0.3_b_w17_seed3.txt,Set Covering,100,Relaxed,10000,false,min,5,0.01101,na,na,18173,35324,289
set_covering_n100_m84_d0.3_b_w17_seed3.txt,Set Covering,100,Relaxed,20000,false,min,5,0.01101,na,na,18173,35324,289
set_covering_n100_m84_d0.3_b_w17_seed4.txt,Set Covering,100,Exact,99999,false,min,5,0.01100,na,na,18173,35324,289
set_covering_n100_m84_d0.3_b_w17_seed4.txt,Set Covering,100,Restricted,500,false,min,5,0.01104,na,na,18173,35324,289
set_covering_n100_m84_d0.3_b_w17_seed4.txt,Set Covering,100,Restricted,1000,false,min,5,0.01106,na,na,18173,35324,289
set_covering_n100_m84_d0.3_b_w17_seed4.txt,Set Covering,100,Restricted,2000,false,min,5,0.01093,na,na,18173,35324,289
set_covering_n100_m84_d0.3_b_w17_seed4.txt,Set Covering,100,Restricted,5000,false,min,5,0.01110,na,na,18173,35324,289
set_covering_n100_m84_d0.3_b_w17_seed4.txt,Set Covering,100,Restricted,10000,false,min,5,0.01140,na,na,18173,35324,289
set_covering_n100_m84_d0.3_b_w17_seed4.txt,Set Covering,100,Restricted,20000,false,min,5,0.01110,na,na,18173,35324,289
set_covering_n100_m84_d0.3_b_w17_seed4.txt,Set Covering,100,Relaxed,500,false,min,5,0.01112,na,na,18173,35324,289
set_covering_n100_m84_d0.3_b_w17_seed4.txt,Set Covering,100,Relaxed,1000,false,min,5,0.01073,na,na,18173,35324,289
set_covering_n100_m84_d0.3_b_w17_seed4.txt,Set Covering,100,Relaxed,2000,false,min,5,0.01062,na,na,18173,35324,289
set_covering_n100_m84_d0.3_b_w17_seed4.txt,Set Covering,100,Relaxed,5000,false,min,5,0.01122,na,na,18173,35324,289
set_covering_n100_m84_d0.3_b_w17_seed4.txt,Set Covering,100,Relaxed,10000,false,min,5,0.01075,na,na,18173,35324,289
set_covering_n100_m84_d0.3_b_w17_seed4.txt,Set Covering,100,Relaxed,20000,false,min,5,0.01080,na,na,18173,35324,289
set_covering_n100_m84_d0.4_b_w17_seed1.txt,Set Covering,100,Exact,99999,false,min,5,0.01108,na,na,18173,35324,289
set_covering_n100_m84_d0.4_b_w17_seed1.txt,Set Covering,100,Restricted,500,false,min,5,0.01078,na,na,18173,35324,289
set_covering_n100_m84_d0.4_b_w17_seed1.txt,Set Covering,100,Restricted,1000,false,min,5,0.01062,na,na,18173,35324,289
set_covering_n100_m84_d0.4_b_w17_seed1.txt,Set Covering,100,Restricted,2000,false,min,5,0.01079,na,na,18173,35324,289
set_covering_n100_m84_d0.4_b_w17_seed1.txt,Set Covering,100,Restricted,5000,false,min,5,0.01067,na,na,18173,35324,289
set_covering_n100_m84_d0.4_b_w17_seed1.txt,Set Covering,100,Restricted,10000,false,min,5,0.01071,na,na,18173,35324,289
set_covering_n100_m84_d0.4_b_w17_seed1.txt,Set Covering,100,Restricted,20000,false,min,5,0.01057,na,na,18173,35324,289
set_covering_n100_m84_d0.4_b_w17_seed1.txt,Set Covering,100,Relaxed,500,false,min,5,0.01056,na,na,18173,35324,289
set_covering_n100_m84_d0.4_b_w17_seed1.txt,Set Covering,100,Relaxed,1000,false,min,5,0.01046,na,na,18173,35324,289
set_covering_n100_m84_d0.4_b_w17_seed1.txt,Set Covering,100,Relaxed,2000,false,min,5,0.01053,na,na,18173,35324,289
set_covering_n100_m84_d0.4_b_w17_seed1.txt,Set Covering,100,Relaxed,5000,false,min,5,0.01057,na,na,18173,35324,289
set_covering_n100_m84_d0.4_b_w17_seed1.txt,Set Covering,100,Relaxed,10000,false,min,5,0.01044,na,na,18173,35324,289
set_covering_n100_m84_d0.4_b_w17_seed1.txt,Set Covering,100,Relaxed,20000,false,min,5,0.01040,na,na,18173,35324,289
set_covering_n100_m84_d0.4_b_w17_seed2.txt,Set Covering,100,Exact,99999,false,min,5,0.01056,na,na,18173,35324,289
set_covering_n100_m84_d0.4_b_w17_seed2.txt,Set Covering,100,Restricted,500,false,min,5,0.01047,na,na,18173,35324,289
set_covering_n100_m84_d0.4_b_w17_seed2.txt,Set Covering,100,Restricted,1000,false,min,5,0.01041,na,na,18173,35324,289
set_covering_n100_m84_d0.4_b_w17_seed2.txt,Set Covering,100,Restricted,2000,false,min,5,0.01049,na,na,18173,35324,289
set_covering_n100_m84_d0.4_b_w17_seed2.txt,Set Covering,100,Restricted,5000,false,min,5,0.01044,na,na,18173,35324,289
set_covering_n100_m84_d0.4_b_w17_seed2.txt,Set Covering,100,Restricted,10000,false,min,5,0.01051,na,na,18173,35324,289
set_covering_n100_m84_d0.4_b_w17_seed2.txt,Set Covering,100,Restricted,20000,false,min,5,0.01048,na,na,18173,35324,289
set_covering_n100_m84_d0.4_b_w17_seed2.txt,Set Covering,100,Relaxed,500,false,min,5,0.01063,na,na,18173,35324,289
set_covering_n100_m84_d0.4_b_w17_seed2.txt,Set Covering,100,Relaxed,1000,false,min,5,0.01058,na,na,18173,35324,289
set_covering_n100_m84_d0.4_b_w17_seed2.txt,Set Covering,100,Relaxed,2000,false,min,5,0.01071,na,na,18173,35324,289
set_covering_n100_m84_d0.4_b_w17_seed2.txt,Set Covering,100,Relaxed,5000,false,min,5,0.01064,na,na,18173,35324,289
set_covering_n100_m84_d0.4_b_w17_seed2.txt,Set Covering,100,Relaxed,10000,false,min,5,0.01051,na,na,18173,35324,289
set_covering_n100_m84_d0.4_b_w17_seed2.txt,Set Covering,100,Relaxed,20000,false,min,5,0.01053,na,na,18173,35324,289
set_covering_n100_m84_d0.4_b_w17_seed3.txt,Set Covering,100,Exact,99999,false,min,5,0.01056,na,na,18173,35324,289
set_covering_n100_m84_d0.4_b_w17_seed3.txt,Set Covering,100,Restricted,500,false,min,5,0.01055,na,na,18173,35324,289
set_covering_n100_m84_d0.4_b_w17_seed3.txt,Set Covering,100,Restricted,1000,false,min,5,0.01051,na,na,18173,35324,289
set_covering_n100_m84_d0.4_b_w17_seed3.txt,Set Covering,100,Restricted,2000,false,min,5,0.01062,na,na,18173,35324,289
set_covering_n100_m84_d0.4_b_w17_seed3.txt,Set Covering,100,Restricted,5000,false,min,5,0.01064,na,na,18173,35324,289
set_covering_n100_m84_d0.4_b_w17_seed3.txt,Set Covering,100,Restricted,10000,false,min,5,0.01058,na,na,18173,35324,289
set_covering_n100_m84_d0.4_b_w17_seed3.txt,Set Covering,100,Restricted,20000,false,min,5,0.01055,na,na,18173,35324,289
set_covering_n100_m84_d0.4_b_w17_seed3.txt,Set Covering,100,Relaxed,500,false,min,5,0.01047,na,na,18173,35324,289
set_covering_n100_m84_d0.4_b_w17_seed3.txt,Set Covering,100,Relaxed,1000,false,min,5,0.01035,na,na,18173,35324,289
set_covering_n100_m84_d0.4_b_w17_seed3.txt,Set Covering,100,Relaxed,2000,false,min,5,0.01036,na,na,18173,35324,289
set_covering_n100_m84_d0.4_b_w17_seed3.txt,Set Covering,100,Relaxed,5000,false,min,5,0.01032,na,na,18173,35324,289
set_covering_n100_m84_d0.4_b_w17_seed3.txt,Set Covering,100,Relaxed,10000,false,min,5,0.01042,na,na,18173,35324,289
set_covering_n100_m84_d0.4_b_w17_seed3.txt,Set Covering,100,Relaxed,20000,false,min,5,0.01040,na,na,18173,35324,289
set_covering_n100_m84_d0.4_b_w17_seed4.txt,Set Covering,100,Exact,99999,false,min,5,0.01035,na,na,18173,35324,289
set_covering_n100_m84_d0.4_b_w17_seed4.txt,Set Covering,100,Restricted,500,false,min,5,0.01053,na,na,18173,35324,289
set_covering_n100_m84_d0.4_b_w17_seed4.txt,Set Covering,100,Restricted,1000,false,min,5,0.01045,na,na,18173,35324,289
set_covering_n100_m84_d0.4_b_w17_seed4.txt,Set Covering,100,Restricted,2000,false,min,5,0.01038,na,na,18173,35324,289
set_covering_n100_m84_d0.4_b_w17_seed4.txt,Set Covering,100,Restricted,5000,false,min,5,0.01034,na,na,18173,35324,289
set_covering_n100_m84_d0.4_b_w17_seed4.txt,Set Covering,100,Restricted,10000,false,min,5,0.01041,na,na,18173,35324,289
set_covering_n100_m84_d0.4_b_w17_seed4.txt,Set Covering,100,Restricted,20000,false,min,5,0.01063,na,na,18173,35324,289
set_covering_n100_m84_d0.4_b_w17_seed4.txt,Set Covering,100,Relaxed,500,false,min,5,0.01044,na,na,18173,35324,289
set_covering_n100_m84_d0.4_b_w17_seed4.txt,Set Covering,100,Relaxed,1000,false,min,5,0.01044,na,na,18173,35324,289
set_covering_n100_m84_d0.4_b_w17_seed4.txt,Set Covering,100,Relaxed,2000,false,min,5,0.01054,na,na,18173,35324,289
set_covering_n100_m84_d0.4_b_w17_seed4.txt,Set Covering,100,Relaxed,5000,false,min,5,0.01047,na,na,18173,35324,289
set_covering_n100_m84_d0.4_b_w17_seed4.txt,Set Covering,100,Relaxed,10000,false,min,5,0.01054,na,na,18173,35324,289
set_covering_n100_m84_d0.4_b_w17_seed4.txt,Set Covering,100,Relaxed,20000,false,min,5,0.01060,na,na,18173,35324,289
set_covering_n100_m84_d0.05_b_w17_seed1.txt,Set Covering,100,Restricted,500,false,min,27,0.02124,na,na,51178,54262,1000
set_covering_n100_m84_d0.05_b_w17_seed1.txt,Set Covering,100,Restricted,1000,false,min,26,0.04284,na,na,104298,111720,2000
set_covering_n100_m84_d0.05_b_w17_seed1.txt,Set Covering,100,Restricted,2000,false,min,25,0.09137,na,na,201462,214743,4000
set_covering_n100_m84_d0.05_b_w17_seed1.txt,Set Covering,100,Restricted,5000,false,min,24,0.26039,na,na,475796,504651,10000
set_covering_n100_m84_d0.05_b_w17_seed1.txt,Set Covering,100,Restricted,10000,false,min,24,0.62303,na,na,934657,993309,19998
set_covering_n100_m84_d0.05_b_w17_seed1.txt,Set Covering,100,Restricted,20000,false,min,23,1.58669,na,na,1810951,1931117,39997
set_covering_n100_m84_d0.05_b_w17_seed1.txt,Set Covering,100,Relaxed,500,false,min,6,0.02502,na,na,47061,73146,1001
set_covering_n100_m84_d0.05_b_w17_seed1.txt,Set Covering,100,Relaxed,1000,false,min,6,0.05309,na,na,99513,147742,2001
set_covering_n100_m84_d0.05_b_w17_seed1.txt,Set Covering,100,Relaxed,2000,false,min,6,0.11655,na,na,201428,288404,4001
set_covering_n100_m84_d0.05_b_w17_seed1.txt,Set Covering,100,Relaxed,5000,false,min,7,0.32961,na,na,472297,678187,10001
set_covering_n100_m84_d0.05_b_w17_seed1.txt,Set Covering,100,Relaxed,10000,false,min,7,0.80694,na,na,934624,1339151,19998
set_covering_n100_m84_d0.5_b_w17_seed1.txt,Set Covering,100,Exact,99999,false,min,5,0.01069,na,na,18173,35324,289
set_covering_n100_m84_d0.05_b_w17_seed1.txt,Set Covering,100,Relaxed,20000,false,min,8,1.94880,na,na,1810112,2598695,39998
set_covering_n100_m84_d0.5_b_w17_seed1.txt,Set Covering,100,Restricted,500,false,min,5,0.01057,na,na,18173,35324,289
set_covering_n100_m84_d0.5_b_w17_seed1.txt,Set Covering,100,Restricted,1000,false,min,5,0.01060,na,na,18173,35324,289
set_covering_n100_m84_d0.5_b_w17_seed1.txt,Set Covering,100,Restricted,2000,false,min,5,0.01041,na,na,18173,35324,289
set_covering_n100_m84_d0.5_b_w17_seed1.txt,Set Covering,100,Restricted,5000,false,min,5,0.01071,na,na,18173,35324,289
set_covering_n100_m84_d0.5_b_w17_seed1.txt,Set Covering,100,Restricted,10000,false,min,5,0.01058,na,na,18173,35324,289
set_covering_n100_m84_d0.5_b_w17_seed1.txt,Set Covering,100,Restricted,20000,false,min,5,0.01054,na,na,18173,35324,289
set_covering_n100_m84_d0.5_b_w17_seed1.txt,Set Covering,100,Relaxed,500,false,min,5,0.01053,na,na,18173,35324,289
set_covering_n100_m84_d0.5_b_w17_seed1.txt,Set Covering,100,Relaxed,1000,false,min,5,0.01053,na,na,18173,35324,289
set_covering_n100_m84_d0.5_b_w17_seed1.txt,Set Covering,100,Relaxed,2000,false,min,5,0.01059,na,na,18173,35324,289
set_covering_n100_m84_d0.5_b_w17_seed1.txt,Set Covering,100,Relaxed,5000,false,min,5,0.01078,na,na,18173,35324,289
set_covering_n100_m84_d0.5_b_w17_seed1.txt,Set Covering,100,Relaxed,10000,false,min,5,0.01056,na,na,18173,35324,289
set_covering_n100_m84_d0.5_b_w17_seed1.txt,Set Covering,100,Relaxed,20000,false,min,5,0.01053,na,na,18173,35324,289
set_covering_n100_m84_d0.05_b_w17_seed2.txt,Set Covering,100,Restricted,500,false,min,25,0.02357,na,na,55770,60699,1000
set_covering_n100_m84_d0.05_b_w17_seed2.txt,Set Covering,100,Restricted,1000,false,min,25,0.04469,na,na,106327,116439,2000
set_covering_n100_m84_d0.05_b_w17_seed2.txt,Set Covering,100,Restricted,2000,false,min,24,0.09385,na,na,203606,224418,4000
set_covering_n100_m84_d0.05_b_w17_seed2.txt,Set Covering,100,Restricted,5000,false,min,23,0.26804,na,na,495383,548813,10000
set_covering_n100_m84_d0.05_b_w17_seed2.txt,Set Covering,100,Restricted,10000,false,min,23,0.62402,na,na,940904,1046861,20000
set_covering_n100_m84_d0.05_b_w17_seed2.txt,Set Covering,100,Relaxed,500,false,min,5,0.02966,na,na,54998,81648,1001
set_covering_n100_m84_d0.05_b_w17_seed2.txt,Set Covering,100,Restricted,20000,false,min,23,1.52338,na,na,1803588,2016238,40000
set_covering_n100_m84_d0.05_b_w17_seed2.txt,Set Covering,100,Relaxed,1000,false,min,5,0.05937,na,na,106424,156323,2001
set_covering_n100_m84_d0.05_b_w17_seed2.txt,Set Covering,100,Relaxed,2000,false,min,6,0.12439,na,na,205398,298834,4001
set_covering_n100_m84_d0.05_b_w17_seed2.txt,Set Covering,100,Relaxed,5000,false,min,6,0.35306,na,na,496383,721952,10001
set_covering_n100_m84_d0.05_b_w17_seed2.txt,Set Covering,100,Relaxed,10000,false,min,6,0.80967,na,na,941405,1368668,20001
set_covering_n100_m84_d0.5_b_w17_seed2.txt,Set Covering,100,Exact,99999,false,min,5,0.01054,na,na,18173,35324,289
set_covering_n100_m84_d0.05_b_w17_seed2.txt,Set Covering,100,Relaxed,20000,false,min,7,1.89773,na,na,1798465,2621333,40001
set_covering_n100_m84_d0.5_b_w17_seed2.txt,Set Covering,100,Restricted,500,false,min,5,0.01051,na,na,18173,35324,289
set_covering_n100_m84_d0.5_b_w17_seed2.txt,Set Covering,100,Restricted,1000,false,min,5,0.01096,na,na,18173,35324,289
set_covering_n100_m84_d0.5_b_w17_seed2.txt,Set Covering,100,Restricted,2000,false,min,5,0.01055,na,na,18173,35324,289
set_covering_n100_m84_d0.5_b_w17_seed2.txt,Set Covering,100,Restricted,5000,false,min,5,0.01052,na,na,18173,35324,289
set_covering_n100_m84_d0.5_b_w17_seed2.txt,Set Covering,100,Restricted,10000,false,min,5,0.01070,na,na,18173,35324,289
set_covering_n100_m84_d0.5_b_w17_seed2.txt,Set Covering,100,Restricted,20000,false,min,5,0.01088,na,na,18173,35324,289
set_covering_n100_m84_d0.5_b_w17_seed2.txt,Set Covering,100,Relaxed,500,false,min,5,0.01072,na,na,18173,35324,289
set_covering_n100_m84_d0.5_b_w17_seed2.txt,Set Covering,100,Relaxed,1000,false,min,5,0.01064,na,na,18173,35324,289
set_covering_n100_m84_d0.5_b_w17_seed2.txt,Set Covering,100,Relaxed,2000,false,min,5,0.01065,na,na,18173,35324,289
set_covering_n100_m84_d0.5_b_w17_seed2.txt,Set Covering,100,Relaxed,5000,false,min,5,0.01064,na,na,18173,35324,289
set_covering_n100_m84_d0.5_b_w17_seed2.txt,Set Covering,100,Relaxed,10000,false,min,5,0.01057,na,na,18173,35324,289
set_covering_n100_m84_d0.5_b_w17_seed2.txt,Set Covering,100,Relaxed,20000,false,min,5,0.01064,na,na,18173,35324,289
set_covering_n100_m84_d0.05_b_w17_seed3.txt,Set Covering,100,Restricted,500,false,min,27,0.02353,na,na,55768,60435,1000
set_covering_n100_m84_d0.05_b_w17_seed3.txt,Set Covering,100,Restricted,1000,false,min,26,0.04654,na,na,109740,119489,2000
set_covering_n100_m84_d0.05_b_w17_seed3.txt,Set Covering,100,Restricted,2000,false,min,26,0.09561,na,na,213908,233340,4000
set_covering_n100_m84_d0.05_b_w17_seed3.txt,Set Covering,100,Restricted,5000,false,min,25,0.27650,na,na,505713,553694,10000
set_covering_n100_m84_d0.05_b_w17_seed3.txt,Set Covering,100,Restricted,10000,false,min,25,0.66655,na,na,997181,1096046,20000
set_covering_n100_m84_d0.05_b_w17_seed3.txt,Set Covering,100,Restricted,20000,false,min,25,1.68888,na,na,1909643,2094671,40000
set_covering_n100_m84_d0.05_b_w17_seed3.txt,Set Covering,100,Relaxed,500,false,min,5,0.02767,na,na,52434,77524,1001
set_covering_n100_m84_d0.05_b_w17_seed3.txt,Set Covering,100,Relaxed,1000,false,min,5,0.05364,na,na,98287,147110,2001
set_covering_n100_m84_d0.05_b_w17_seed3.txt,Set Covering,100,Relaxed,2000,false,min,5,0.11778,na,na,199120,293118,4001
set_covering_n100_m84_d0.05_b_w17_seed3.txt,Set Covering,100,Relaxed,5000,false,min,6,0.35650,na,na,498439,725911,10001
set_covering_n100_m84_d0.05_b_w17_seed3.txt,Set Covering,100,Relaxed,10000,false,min,6,0.86799,na,na,994492,1446464,20001
set_covering_n100_m84_d0.05_b_w17_seed3.txt,Set Covering,100,Relaxed,20000,false,min,6,2.09129,na,na,1910365,2765468,40001
set_covering_n100_m84_d0.5_b_w17_seed3.txt,Set Covering,100,Exact,99999,false,min,5,0.01101,na,na,18173,35324,289
set_covering_n100_m84_d0.5_b_w17_seed3.txt,Set Covering,100,Restricted,500,false,min,5,0.01071,na,na,18173,35324,289
set_covering_n100_m84_d0.5_b_w17_seed3.txt,Set Covering,100,Restricted,1000,false,min,5,0.01092,na,na,18173,35324,289
set_covering_n100_m84_d0.5_b_w17_seed3.txt,Set Covering,100,Restricted,2000,false,min,5,0.01075,na,na,18173,35324,289
set_covering_n100_m84_d0.5_b_w17_seed3.txt,Set Covering,100,Restricted,5000,false,min,5,0.01097,na,na,18173,35324,289
set_covering_n100_m84_d0.5_b_w17_seed3.txt,Set Covering,100,Restricted,10000,false,min,5,0.01102,na,na,18173,35324,289
set_covering_n100_m84_d0.5_b_w17_seed3.txt,Set Covering,100,Restricted,20000,false,min,5,0.01070,na,na,18173,35324,289
set_covering_n100_m84_d0.5_b_w17_seed3.txt,Set Covering,100,Relaxed,500,false,min,5,0.01060,na,na,18173,35324,289
set_covering_n100_m84_d0.5_b_w17_seed3.txt,Set Covering,100,Relaxed,1000,false,min,5,0.01084,na,na,18173,35324,289
set_covering_n100_m84_d0.5_b_w17_seed3.txt,Set Covering,100,Relaxed,2000,false,min,5,0.01087,na,na,18173,35324,289
set_covering_n100_m84_d0.5_b_w17_seed3.txt,Set Covering,100,Relaxed,5000,false,min,5,0.01068,na,na,18173,35324,289
set_covering_n100_m84_d0.5_b_w17_seed3.txt,Set Covering,100,Relaxed,10000,false,min,5,0.01071,na,na,18173,35324,289
set_covering_n100_m84_d0.5_b_w17_seed3.txt,Set Covering,100,Relaxed,20000,false,min,5,0.01068,na,na,18173,35324,289
set_covering_n100_m84_d0.05_b_w17_seed4.txt,Set Covering,100,Restricted,500,false,min,25,0.02450,na,na,55036,59989,1000
set_covering_n100_m84_d0.05_b_w17_seed4.txt,Set Covering,100,Restricted,1000,false,min,25,0.04755,na,na,107064,116191,2000
set_covering_n100_m84_d0.05_b_w17_seed4.txt,Set Covering,100,Restricted,2000,false,min,25,0.09871,na,na,209211,226364,4000
set_covering_n100_m84_d0.05_b_w17_seed4.txt,Set Covering,100,Restricted,5000,false,min,24,0.28715,na,na,503477,544502,10000
set_covering_n100_m84_d0.05_b_w17_seed4.txt,Set Covering,100,Restricted,10000,false,min,24,0.69999,na,na,978488,1059320,20000
set_covering_n100_m84_d0.05_b_w17_seed4.txt,Set Covering,100,Restricted,20000,false,min,24,1.72329,na,na,1897824,2052462,40000
set_covering_n100_m84_d0.05_b_w17_seed4.txt,Set Covering,100,Relaxed,500,false,min,5,0.02873,na,na,51636,80332,1001
set_covering_n100_m84_d0.05_b_w17_seed4.txt,Set Covering,100,Relaxed,1000,false,min,5,0.06146,na,na,104981,155445,2001
set_covering_n100_m84_d0.05_b_w17_seed4.txt,Set Covering,100,Relaxed,2000,false,min,5,0.12608,na,na,208967,301737,4001
set_covering_n100_m84_d0.05_b_w17_seed4.txt,Set Covering,100,Relaxed,5000,false,min,6,0.36522,na,na,499364,724042,10001
set_covering_n100_m84_d0.05_b_w17_seed4.txt,Set Covering,100,Relaxed,10000,false,min,6,0.86092,na,na,977934,1411721,20001
set_covering_n100_m84_d0.05_b_w17_seed4.txt,Set Covering,100,Relaxed,20000,false,min,6,2.12859,na,na,1897598,2737794,40001
set_covering_n100_m84_d0.5_b_w17_seed4.txt,Set Covering,100,Exact,99999,false,min,5,0.01143,na,na,18173,35324,289
set_covering_n100_m84_d0.5_b_w17_seed4.txt,Set Covering,100,Restricted,500,false,min,5,0.01118,na,na,18173,35324,289
set_covering_n100_m84_d0.5_b_w17_seed4.txt,Set Covering,100,Restricted,1000,false,min,5,0.01095,na,na,18173,35324,289
set_covering_n100_m84_d0.5_b_w17_seed4.txt,Set Covering,100,Restricted,2000,false,min,5,0.01135,na,na,18173,35324,289
set_covering_n100_m84_d0.5_b_w17_seed4.txt,Set Covering,100,Restricted,5000,false,min,5,0.01062,na,na,18173,35324,289
set_covering_n100_m84_d0.5_b_w17_seed4.txt,Set Covering,100,Restricted,10000,false,min,5,0.01109,na,na,18173,35324,289
set_covering_n100_m84_d0.5_b_w17_seed4.txt,Set Covering,100,Restricted,20000,false,min,5,0.01064,na,na,18173,35324,289
set_covering_n100_m84_d0.5_b_w17_seed4.txt,Set Covering,100,Relaxed,500,false,min,5,0.01079,na,na,18173,35324,289
set_covering_n100_m84_d0.5_b_w17_seed4.txt,Set Covering,100,Relaxed,1000,false,min,5,0.01149,na,na,18173,35324,289
set_covering_n100_m84_d0.5_b_w17_seed4.txt,Set Covering,100,Relaxed,2000,false,min,5,0.01138,na,na,18173,35324,289
set_covering_n100_m84_d0.5_b_w17_seed4.txt,Set Covering,100,Relaxed,5000,false,min,5,0.01163,na,na,18173,35324,289
set_covering_n100_m84_d0.5_b_w17_seed4.txt,Set Covering,100,Relaxed,10000,false,min,5,0.01138,na,na,18173,35324,289
set_covering_n100_m84_d0.5_b_w17_seed4.txt,Set Covering,100,Relaxed,20000,false,min,5,0.01150,na,na,18173,35324,289
set_covering_n100_m84_d0.15_b_w17_seed1.txt,Set Covering,100,Exact,99999,false,min,6,115.32662,na,na,73159369,137164488,4037338
set_covering_n100_m84_d0.15_b_w17_seed1.txt,Set Covering,100,Restricted,500,false,min,9,0.02882,na,na,61241,68442,997
set_covering_n100_m84_d0.15_b_w17_seed1.txt,Set Covering,100,Restricted,1000,false,min,8,0.05197,na,na,114173,130780,1971
set_covering_n100_m84_d0.15_b_w17_seed1.txt,Set Covering,100,Restricted,2000,false,min,7,0.10430,na,na,216344,252304,3903
set_covering_n100_m84_d0.15_b_w17_seed1.txt,Set Covering,100,Restricted,5000,false,min,7,0.27387,na,na,486274,586857,9732
set_covering_n100_m84_d0.15_b_w17_seed1.txt,Set Covering,100,Restricted,10000,false,min,7,0.59744,na,na,883434,1096511,18897
set_covering_n100_m84_d0.15_b_w17_seed1.txt,Set Covering,100,Relaxed,500,false,min,2,0.03510,na,na,61439,95612,994
set_covering_n100_m84_d0.15_b_w17_seed1.txt,Set Covering,100,Restricted,20000,false,min,7,1.34901,na,na,1596401,2037203,37231
set_covering_n100_m84_d0.15_b_w17_seed1.txt,Set Covering,100,Relaxed,1000,false,min,2,0.06506,na,na,114123,180243,1972
set_covering_n100_m84_d0.15_b_w17_seed1.txt,Set Covering,100,Relaxed,2000,false,min,3,0.13466,na,na,216380,344950,3906
set_covering_n100_m84_d0.15_b_w17_seed1.txt,Set Covering,100,Relaxed,5000,false,min,3,0.36423,na,na,486333,789479,9729
set_covering_n100_m84_d0.15_b_w17_seed1.txt,Set Covering,100,Relaxed,10000,false,min,3,0.76910,na,na,883645,1462409,18915
set_covering_n100_m84_d0.15_b_w17_seed1.txt,Set Covering,100,Relaxed,20000,false,min,4,1.81030,na,na,1596925,2683145,37231
set_covering_n100_m84_d0.15_b_w17_seed2.txt,Set Covering,100,Restricted,500,false,min,8,0.02590,na,na,56531,64039,1000
set_covering_n100_m84_d0.15_b_w17_seed2.txt,Set Covering,100,Restricted,1000,false,min,8,0.04855,na,na,105034,119991,1990
set_covering_n100_m84_d0.15_b_w17_seed2.txt,Set Covering,100,Restricted,2000,false,min,8,0.09558,na,na,197069,230143,3948
set_covering_n100_m84_d0.15_b_w17_seed2.txt,Set Covering,100,Restricted,5000,false,min,8,0.25672,na,na,452732,548771,9812
set_covering_n100_m84_d0.15_b_w17_seed2.txt,Set Covering,100,Restricted,10000,false,min,8,0.56416,na,na,829186,1030728,19013
set_covering_n100_m84_d0.15_b_w17_seed2.txt,Set Covering,100,Restricted,20000,false,min,8,1.34195,na,na,1513933,1939427,37736
set_covering_n100_m84_d0.15_b_w17_seed2.txt,Set Covering,100,Relaxed,500,false,min,2,0.03153,na,na,56520,87964,1001
set_covering_n100_m84_d0.15_b_w17_seed2.txt,Set Covering,100,Relaxed,1000,false,min,2,0.06164,na,na,104985,165033,1991
set_covering_n100_m84_d0.15_b_w17_seed2.txt,Set Covering,100,Relaxed,2000,false,min,3,0.12700,na,na,197178,314539,3948
set_covering_n100_m84_d0.15_b_w17_seed2.txt,Set Covering,100,Relaxed,5000,false,min,3,0.35123,na,na,452666,737710,9813
set_covering_n100_m84_d0.15_b_w17_seed2.txt,Set Covering,100,Relaxed,10000,false,min,3,0.72932,na,na,828988,1374966,19011
set_covering_n100_m84_d0.15_b_w17_seed2.txt,Set Covering,100,Relaxed,20000,false,min,4,1.70737,na,na,1514273,2548884,37740
set_covering_n100_m84_d0.15_b_w17_seed3.txt,Set Covering,100,Restricted,500,false,min,8,0.02630,na,na,57329,64218,1000
set_covering_n100_m84_d0.15_b_w17_seed3.txt,Set Covering,100,Restricted,1000,false,min,8,0.05199,na,na,107970,123831,1982
set_covering_n100_m84_d0.15_b_w17_seed3.txt,Set Covering,100,Restricted,2000,false,min,7,0.09983,na,na,201052,237974,3946
set_covering_n100_m84_d0.15_b_w17_seed3.txt,Set Covering,100,Restricted,5000,false,min,7,0.25948,na,na,451510,551695,9875
set_covering_n100_m84_d0.15_b_w17_seed3.txt,Set Covering,100,Restricted,10000,false,min,7,0.55312,na,na,812382,1034118,19272
set_covering_n100_m84_d0.15_b_w17_seed3.txt,Set Covering,100,Restricted,20000,false,min,7,1.24514,na,na,1462847,1931703,37816
set_covering_n100_m84_d0.15_b_w17_seed3.txt,Set Covering,100,Relaxed,500,false,min,2,0.03197,na,na,57477,89934,1001
set_covering_n100_m84_d0.15_b_w17_seed3.txt,Set Covering,100,Relaxed,1000,false,min,2,0.06425,na,na,108000,171060,1979
set_covering_n100_m84_d0.15_b_w17_seed3.txt,Set Covering,100,Relaxed,2000,false,min,3,0.13003,na,na,201126,323666,3944
set_covering_n100_m84_d0.15_b_w17_seed3.txt,Set Covering,100,Relaxed,5000,false,min,3,0.34658,na,na,451518,741591,9872
set_covering_n100_m84_d0.15_b_w17_seed3.txt,Set Covering,100,Relaxed,10000,false,min,3,0.73733,na,na,812436,1369980,19262
set_covering_n100_m84_d0.15_b_w17_seed3.txt,Set Covering,100,Relaxed,20000,false,min,3,1.66794,na,na,1463213,2512889,37815
set_covering_n100_m84_d0.15_b_w17_seed4.txt,Set Covering,100,Restricted,500,false,min,8,0.02563,na,na,56137,62136,1000
set_covering_n100_m84_d0.15_b_w17_seed4.txt,Set Covering,100,Restricted,1000,false,min,8,0.04925,na,na,106651,118719,1996
set_covering_n100_m84_d0.15_b_w17_seed4.txt,Set Covering,100,Restricted,2000,false,min,7,0.09808,na,na,201489,228132,3991
set_covering_n100_m84_d0.15_b_w17_seed4.txt,Set Covering,100,Restricted,5000,false,min,7,0.26970,na,na,466420,544651,9953
set_covering_n100_m84_d0.15_b_w17_seed4.txt,Set Covering,100,Restricted,10000,false,min,7,0.58586,na,na,867399,1047221,19809
set_covering_n100_m84_d0.15_b_w17_seed4.txt,Set Covering,100,Restricted,20000,false,min,7,1.41793,na,na,1605524,2005712,39514
set_covering_n100_m84_d0.15_b_w17_seed4.txt,Set Covering,100,Relaxed,500,false,min,3,0.03205,na,na,56230,87572,1001
set_covering_n100_m84_d0.15_b_w17_seed4.txt,Set Covering,100,Relaxed,1000,false,min,3,0.06215,na,na,106724,166733,1991
set_covering_n100_m84_d0.15_b_w17_seed4.txt,Set Covering,100,Relaxed,2000,false,min,4,0.12684,na,na,201395,318057,3983
set_covering_n100_m84_d0.15_b_w17_seed4.txt,Set Covering,100,Relaxed,5000,false,min,4,0.35160,na,na,466423,750948,9940
set_covering_n100_m84_d0.15_b_w17_seed4.txt,Set Covering,100,Relaxed,10000,false,min,4,0.77545,na,na,867502,1425723,19808
set_covering_n100_m84_d0.15_b_w17_seed4.txt,Set Covering,100,Relaxed,20000,false,min,4,1.81759,na,na,1605664,2681624,39517
set_covering_n100_m84_d0.25_b_w17_seed1.txt,Set Covering,100,Exact,99999,false,min,5,0.01078,na,na,18173,35324,289
set_covering_n100_m84_d0.25_b_w17_seed1.txt,Set Covering,100,Restricted,500,false,min,5,0.01077,na,na,18173,35324,289
set_covering_n100_m84_d0.25_b_w17_seed1.txt,Set Covering,100,Restricted,1000,false,min,5,0.01076,na,na,18173,35324,289
set_covering_n100_m84_d0.25_b_w17_seed1.txt,Set Covering,100,Restricted,2000,false,min,5,0.01077,na,na,18173,35324,289
set_covering_n100_m84_d0.25_b_w17_seed1.txt,Set Covering,100,Restricted,5000,false,min,5,0.01083,na,na,18173,35324,289
set_covering_n100_m84_d0.25_b_w17_seed1.txt,Set Covering,100,Restricted,10000,false,min,5,0.01082,na,na,18173,35324,289
set_covering_n100_m84_d0.25_b_w17_seed1.txt,Set Covering,100,Restricted,20000,false,min,5,0.01072,na,na,18173,35324,289
set_covering_n100_m84_d0.25_b_w17_seed1.txt,Set Covering,100,Relaxed,500,false,min,5,0.01056,na,na,18173,35324,289
set_covering_n100_m84_d0.25_b_w17_seed1.txt,Set Covering,100,Relaxed,1000,false,min,5,0.01063,na,na,18173,35324,289
set_covering_n100_m84_d0.25_b_w17_seed1.txt,Set Covering,100,Relaxed,2000,false,min,5,0.01054,na,na,18173,35324,289
set_covering_n100_m84_d0.25_b_w17_seed1.txt,Set Covering,100,Relaxed,5000,false,min,5,0.01058,na,na,18173,35324,289
set_covering_n100_m84_d0.25_b_w17_seed1.txt,Set Covering,100,Relaxed,10000,false,min,5,0.01041,na,na,18173,35324,289
set_covering_n100_m84_d0.25_b_w17_seed1.txt,Set Covering,100,Relaxed,20000,false,min,5,0.01063,na,na,18173,35324,289
set_covering_n100_m84_d0.25_b_w17_seed2.txt,Set Covering,100,Exact,99999,false,min,5,0.01052,na,na,18173,35324,289
set_covering_n100_m84_d0.25_b_w17_seed2.txt,Set Covering,100,Restricted,500,false,min,5,0.01072,na,na,18173,35324,289
set_covering_n100_m84_d0.25_b_w17_seed2.txt,Set Covering,100,Restricted,1000,false,min,5,0.01050,na,na,18173,35324,289
set_covering_n100_m84_d0.25_b_w17_seed2.txt,Set Covering,100,Restricted,2000,false,min,5,0.01052,na,na,18173,35324,289
set_covering_n100_m84_d0.25_b_w17_seed2.txt,Set Covering,100,Restricted,5000,false,min,5,0.01059,na,na,18173,35324,289
set_covering_n100_m84_d0.25_b_w17_seed2.txt,Set Covering,100,Restricted,10000,false,min,5,0.01050,na,na,18173,35324,289
set_covering_n100_m84_d0.25_b_w17_seed2.txt,Set Covering,100,Restricted,20000,false,min,5,0.01055,na,na,18173,35324,289
set_covering_n100_m84_d0.25_b_w17_seed2.txt,Set Covering,100,Relaxed,500,false,min,5,0.01041,na,na,18173,35324,289
set_covering_n100_m84_d0.25_b_w17_seed2.txt,Set Covering,100,Relaxed,1000,false,min,5,0.01048,na,na,18173,35324,289
set_covering_n100_m84_d0.25_b_w17_seed2.txt,Set Covering,100,Relaxed,2000,false,min,5,0.01053,na,na,18173,35324,289
set_covering_n100_m84_d0.25_b_w17_seed2.txt,Set Covering,100,Relaxed,5000,false,min,5,0.01052,na,na,18173,35324,289
set_covering_n100_m84_d0.25_b_w17_seed2.txt,Set Covering,100,Relaxed,10000,false,min,5,0.01056,na,na,18173,35324,289
set_covering_n100_m84_d0.25_b_w17_seed2.txt,Set Covering,100,Relaxed,20000,false,min,5,0.01048,na,na,18173,35324,289
set_covering_n100_m84_d0.25_b_w17_seed3.txt,Set Covering,100,Exact,99999,false,min,5,0.01057,na,na,18173,35324,289
set_covering_n100_m84_d0.15_b_w17_seed3.txt,Set Covering,100,Exact,99999,false,min,7,106.00591,na,na,68896768,128482684,5113301
set_covering_n100_m84_d0.25_b_w17_seed3.txt,Set Covering,100,Restricted,500,false,min,5,0.01051,na,na,18173,35324,289
set_covering_n100_m84_d0.25_b_w17_seed3.txt,Set Covering,100,Restricted,1000,false,min,5,0.01057,na,na,18173,35324,289
set_covering_n100_m84_d0.25_b_w17_seed3.txt,Set Covering,100,Restricted,2000,false,min,5,0.01041,na,na,18173,35324,289
set_covering_n100_m84_d0.25_b_w17_seed3.txt,Set Covering,100,Restricted,5000,false,min,5,0.01052,na,na,18173,35324,289
set_covering_n100_m84_d0.25_b_w17_seed3.txt,Set Covering,100,Restricted,10000,false,min,5,0.01033,na,na,18173,35324,289
set_covering_n100_m84_d0.25_b_w17_seed3.txt,Set Covering,100,Restricted,20000,false,min,5,0.01039,na,na,18173,35324,289
set_covering_n100_m84_d0.25_b_w17_seed3.txt,Set Covering,100,Relaxed,500,false,min,5,0.01058,na,na,18173,35324,289
set_covering_n100_m84_d0.25_b_w17_seed3.txt,Set Covering,100,Relaxed,1000,false,min,5,0.01034,na,na,18173,35324,289
set_covering_n100_m84_d0.25_b_w17_seed3.txt,Set Covering,100,Relaxed,2000,false,min,5,0.01040,na,na,18173,35324,289
set_covering_n100_m84_d0.25_b_w17_seed3.txt,Set Covering,100,Relaxed,5000,false,min,5,0.01036,na,na,18173,35324,289
set_covering_n100_m84_d0.25_b_w17_seed3.txt,Set Covering,100,Relaxed,10000,false,min,5,0.01052,na,na,18173,35324,289
set_covering_n100_m84_d0.25_b_w17_seed3.txt,Set Covering,100,Relaxed,20000,false,min,5,0.01057,na,na,18173,35324,289
set_covering_n100_m84_d0.25_b_w17_seed4.txt,Set Covering,100,Exact,99999,false,min,5,0.01073,na,na,18173,35324,289
set_covering_n100_m84_d0.25_b_w17_seed4.txt,Set Covering,100,Restricted,500,false,min,5,0.01057,na,na,18173,35324,289
set_covering_n100_m84_d0.25_b_w17_seed4.txt,Set Covering,100,Restricted,1000,false,min,5,0.01044,na,na,18173,35324,289
set_covering_n100_m84_d0.25_b_w17_seed4.txt,Set Covering,100,Restricted,2000,false,min,5,0.01049,na,na,18173,35324,289
set_covering_n100_m84_d0.25_b_w17_seed4.txt,Set Covering,100,Restricted,5000,false,min,5,0.01066,na,na,18173,35324,289
set_covering_n100_m84_d0.25_b_w17_seed4.txt,Set Covering,100,Restricted,10000,false,min,5,0.01063,na,na,18173,35324,289
set_covering_n100_m84_d0.25_b_w17_seed4.txt,Set Covering,100,Restricted,20000,false,min,5,0.01056,na,na,18173,35324,289
set_covering_n100_m84_d0.25_b_w17_seed4.txt,Set Covering,100,Relaxed,500,false,min,5,0.01033,na,na,18173,35324,289
set_covering_n100_m84_d0.25_b_w17_seed4.txt,Set Covering,100,Relaxed,1000,false,min,5,0.01036,na,na,18173,35324,289
set_covering_n100_m84_d0.25_b_w17_seed4.txt,Set Covering,100,Relaxed,2000,false,min,5,0.01046,na,na,18173,35324,289
set_covering_n100_m84_d0.25_b_w17_seed4.txt,Set Covering,100,Relaxed,5000,false,min,5,0.01055,na,na,18173,35324,289
set_covering_n100_m84_d0.25_b_w17_seed4.txt,Set Covering,100,Relaxed,10000,false,min,5,0.01066,na,na,18173,35324,289
set_covering_n100_m84_d0.25_b_w17_seed4.txt,Set Covering,100,Relaxed,20000,false,min,5,0.01058,na,na,18173,35324,289
set_covering_n100_m84_d0.35_b_w17_seed1.txt,Set Covering,100,Exact,99999,false,min,5,0.01064,na,na,18173,35324,289
set_covering_n100_m84_d0.35_b_w17_seed1.txt,Set Covering,100,Restricted,500,false,min,5,0.01050,na,na,18173,35324,289
set_covering_n100_m84_d0.35_b_w17_seed1.txt,Set Covering,100,Restricted,1000,false,min,5,0.01044,na,na,18173,35324,289
set_covering_n100_m84_d0.15_b_w17_seed2.txt,Set Covering,100,Exact,99999,false,min,6,174.14816,na,na,112215171,209188473,11374114
set_covering_n100_m84_d0.35_b_w17_seed1.txt,Set Covering,100,Restricted,2000,false,min,5,0.01048,na,na,18173,35324,289
set_covering_n100_m84_d0.35_b_w17_seed1.txt,Set Covering,100,Restricted,5000,false,min,5,0.01049,na,na,18173,35324,289
set_covering_n100_m84_d0.35_b_w17_seed1.txt,Set Covering,100,Restricted,10000,false,min,5,0.01046,na,na,18173,35324,289
set_covering_n100_m84_d0.35_b_w17_seed1.txt,Set Covering,100,Restricted,20000,false,min,5,0.01043,na,na,18173,35324,289
set_covering_n100_m84_d0.35_b_w17_seed1.txt,Set Covering,100,Relaxed,500,false,min,5,0.01041,na,na,18173,35324,289
set_covering_n100_m84_d0.35_b_w17_seed1.txt,Set Covering,100,Relaxed,1000,false,min,5,0.01044,na,na,18173,35324,289
set_covering_n100_m84_d0.35_b_w17_seed1.txt,Set Covering,100,Relaxed,2000,false,min,5,0.01104,na,na,18173,35324,289
set_covering_n100_m84_d0.35_b_w17_seed1.txt,Set Covering,100,Relaxed,5000,false,min,5,0.01049,na,na,18173,35324,289
set_covering_n100_m84_d0.35_b_w17_seed1.txt,Set Covering,100,Relaxed,10000,false,min,5,0.01043,na,na,18173,35324,289
set_covering_n100_m84_d0.35_b_w17_seed1.txt,Set Covering,100,Relaxed,20000,false,min,5,0.01043,na,na,18173,35324,289
set_covering_n100_m84_d0.35_b_w17_seed2.txt,Set Covering,100,Exact,99999,false,min,5,0.01046,na,na,18173,35324,289
set_covering_n100_m84_d0.35_b_w17_seed2.txt,Set Covering,100,Restricted,500,false,min,5,0.01040,na,na,18173,35324,289
set_covering_n100_m84_d0.35_b_w17_seed2.txt,Set Covering,100,Restricted,1000,false,min,5,0.01043,na,na,18173,35324,289
set_covering_n100_m84_d0.35_b_w17_seed2.txt,Set Covering,100,Restricted,2000,false,min,5,0.01042,na,na,18173,35324,289
set_covering_n100_m84_d0.35_b_w17_seed2.txt,Set Covering,100,Restricted,5000,false,min,5,0.01037,na,na,18173,35324,289
set_covering_n100_m84_d0.35_b_w17_seed2.txt,Set Covering,100,Restricted,10000,false,min,5,0.01035,na,na,18173,35324,289
set_covering_n100_m84_d0.35_b_w17_seed2.txt,Set Covering,100,Restricted,20000,false,min,5,0.01037,na,na,18173,35324,289
set_covering_n100_m84_d0.35_b_w17_seed2.txt,Set Covering,100,Relaxed,500,false,min,5,0.01042,na,na,18173,35324,289
set_covering_n100_m84_d0.35_b_w17_seed2.txt,Set Covering,100,Relaxed,1000,false,min,5,0.01036,na,na,18173,35324,289
set_covering_n100_m84_d0.35_b_w17_seed2.txt,Set Covering,100,Relaxed,2000,false,min,5,0.01044,na,na,18173,35324,289
set_covering_n100_m84_d0.35_b_w17_seed2.txt,Set Covering,100,Relaxed,5000,false,min,5,0.01037,na,na,18173,35324,289
set_covering_n100_m84_d0.35_b_w17_seed2.txt,Set Covering,100,Relaxed,10000,false,min,5,0.01036,na,na,18173,35324,289
set_covering_n100_m84_d0.35_b_w17_seed2.txt,Set Covering,100,Relaxed,20000,false,min,5,0.01048,na,na,18173,35324,289
set_covering_n100_m84_d0.35_b_w17_seed3.txt,Set Covering,100,Exact,99999,false,min,5,0.01028,na,na,18173,35324,289
set_covering_n100_m84_d0.35_b_w17_seed3.txt,Set Covering,100,Restricted,500,false,min,5,0.01031,na,na,18173,35324,289
set_covering_n100_m84_d0.35_b_w17_seed3.txt,Set Covering,100,Restricted,1000,false,min,5,0.01033,na,na,18173,35324,289
set_covering_n100_m84_d0.35_b_w17_seed3.txt,Set Covering,100,Restricted,2000,false,min,5,0.01027,na,na,18173,35324,289
set_covering_n100_m84_d0.35_b_w17_seed3.txt,Set Covering,100,Restricted,5000,false,min,5,0.01030,na,na,18173,35324,289
set_covering_n100_m84_d0.35_b_w17_seed3.txt,Set Covering,100,Restricted,10000,false,min,5,0.01025,na,na,18173,35324,289
set_covering_n100_m84_d0.35_b_w17_seed3.txt,Set Covering,100,Restricted,20000,false,min,5,0.01026,na,na,18173,35324,289
set_covering_n100_m84_d0.35_b_w17_seed3.txt,Set Covering,100,Relaxed,500,false,min,5,0.01035,na,na,18173,35324,289
set_covering_n100_m84_d0.35_b_w17_seed3.txt,Set Covering,100,Relaxed,1000,false,min,5,0.01031,na,na,18173,35324,289
set_covering_n100_m84_d0.35_b_w17_seed3.txt,Set Covering,100,Relaxed,2000,false,min,5,0.01027,na,na,18173,35324,289
set_covering_n100_m84_d0.35_b_w17_seed3.txt,Set Covering,100,Relaxed,5000,false,min,5,0.01024,na,na,18173,35324,289
set_covering_n100_m84_d0.35_b_w17_seed3.txt,Set Covering,100,Relaxed,10000,false,min,5,0.01028,na,na,18173,35324,289
set_covering_n100_m84_d0.35_b_w17_seed3.txt,Set Covering,100,Relaxed,20000,false,min,5,0.01028,na,na,18173,35324,289
set_covering_n100_m84_d0.35_b_w17_seed4.txt,Set Covering,100,Exact,99999,false,min,5,0.01032,na,na,18173,35324,289
set_covering_n100_m84_d0.35_b_w17_seed4.txt,Set Covering,100,Restricted,500,false,min,5,0.01032,na,na,18173,35324,289
set_covering_n100_m84_d0.35_b_w17_seed4.txt,Set Covering,100,Restricted,1000,false,min,5,0.01042,na,na,18173,35324,289
set_covering_n100_m84_d0.35_b_w17_seed4.txt,Set Covering,100,Restricted,2000,false,min,5,0.01030,na,na,18173,35324,289
set_covering_n100_m84_d0.35_b_w17_seed4.txt,Set Covering,100,Restricted,5000,false,min,5,0.01032,na,na,18173,35324,289
set_covering_n100_m84_d0.35_b_w17_seed4.txt,Set Covering,100,Restricted,10000,false,min,5,0.01022,na,na,18173,35324,289
set_covering_n100_m84_d0.35_b_w17_seed4.txt,Set Covering,100,Restricted,20000,false,min,5,0.01044,na,na,18173,35324,289
set_covering_n100_m84_d0.35_b_w17_seed4.txt,Set Covering,100,Relaxed,500,false,min,5,0.01040,na,na,18173,35324,289
set_covering_n100_m84_d0.35_b_w17_seed4.txt,Set Covering,100,Relaxed,1000,false,min,5,0.01037,na,na,18173,35324,289
set_covering_n100_m84_d0.35_b_w17_seed4.txt,Set Covering,100,Relaxed,2000,false,min,5,0.01039,na,na,18173,35324,289
set_covering_n100_m84_d0.35_b_w17_seed4.txt,Set Covering,100,Relaxed,5000,false,min,5,0.01039,na,na,18173,35324,289
set_covering_n100_m84_d0.35_b_w17_seed4.txt,Set Covering,100,Relaxed,10000,false,min,5,0.01039,na,na,18173,35324,289
set_covering_n100_m84_d0.35_b_w17_seed4.txt,Set Covering,100,Relaxed,20000,false,min,5,0.01049,na,na,18173,35324,289
set_covering_n100_m84_d0.45_b_w17_seed1.txt,Set Covering,100,Exact,99999,false,min,5,0.01045,na,na,18173,35324,289
set_covering_n100_m84_d0.45_b_w17_seed1.txt,Set Covering,100,Restricted,500,false,min,5,0.01048,na,na,18173,35324,289
set_covering_n100_m84_d0.45_b_w17_seed1.txt,Set Covering,100,Restricted,1000,false,min,5,0.01046,na,na,18173,35324,289
set_covering_n100_m84_d0.45_b_w17_seed1.txt,Set Covering,100,Restricted,2000,false,min,5,0.01040,na,na,18173,35324,289
set_covering_n100_m84_d0.45_b_w17_seed1.txt,Set Covering,100,Restricted,5000,false,min,5,0.01043,na,na,18173,35324,289
set_covering_n100_m84_d0.45_b_w17_seed1.txt,Set Covering,100,Restricted,10000,false,min,5,0.01038,na,na,18173,35324,289
set_covering_n100_m84_d0.45_b_w17_seed1.txt,Set Covering,100,Restricted,20000,false,min,5,0.01046,na,na,18173,35324,289
set_covering_n100_m84_d0.45_b_w17_seed1.txt,Set Covering,100,Relaxed,500,false,min,5,0.01040,na,na,18173,35324,289
set_covering_n100_m84_d0.45_b_w17_seed1.txt,Set Covering,100,Relaxed,1000,false,min,5,0.01037,na,na,18173,35324,289
set_covering_n100_m84_d0.45_b_w17_seed1.txt,Set Covering,100,Relaxed,2000,false,min,5,0.01056,na,na,18173,35324,289
set_covering_n100_m84_d0.45_b_w17_seed1.txt,Set Covering,100,Relaxed,5000,false,min,5,0.01036,na,na,18173,35324,289
set_covering_n100_m84_d0.45_b_w17_seed1.txt,Set Covering,100,Relaxed,10000,false,min,5,0.01042,na,na,18173,35324,289
set_covering_n100_m84_d0.45_b_w17_seed1.txt,Set Covering,100,Relaxed,20000,false,min,5,0.01057,na,na,18173,35324,289
set_covering_n100_m84_d0.45_b_w17_seed2.txt,Set Covering,100,Exact,99999,false,min,5,0.01053,na,na,18173,35324,289
set_covering_n100_m84_d0.45_b_w17_seed2.txt,Set Covering,100,Restricted,500,false,min,5,0.01039,na,na,18173,35324,289
set_covering_n100_m84_d0.45_b_w17_seed2.txt,Set Covering,100,Restricted,1000,false,min,5,0.01034,na,na,18173,35324,289
set_covering_n100_m84_d0.45_b_w17_seed2.txt,Set Covering,100,Restricted,2000,false,min,5,0.01041,na,na,18173,35324,289
set_covering_n100_m84_d0.45_b_w17_seed2.txt,Set Covering,100,Restricted,5000,false,min,5,0.01036,na,na,18173,35324,289
set_covering_n100_m84_d0.45_b_w17_seed2.txt,Set Covering,100,Restricted,10000,false,min,5,0.01053,na,na,18173,35324,289
set_covering_n100_m84_d0.45_b_w17_seed2.txt,Set Covering,100,Restricted,20000,false,min,5,0.01060,na,na,18173,35324,289
set_covering_n100_m84_d0.45_b_w17_seed2.txt,Set Covering,100,Relaxed,500,false,min,5,0.01081,na,na,18173,35324,289
set_covering_n100_m84_d0.45_b_w17_seed2.txt,Set Covering,100,Relaxed,1000,false,min,5,0.01037,na,na,18173,35324,289
set_covering_n100_m84_d0.45_b_w17_seed2.txt,Set Covering,100,Relaxed,2000,false,min,5,0.01028,na,na,18173,35324,289
set_covering_n100_m84_d0.45_b_w17_seed2.txt,Set Covering,100,Relaxed,5000,false,min,5,0.01048,na,na,18173,35324,289
set_covering_n100_m84_d0.45_b_w17_seed2.txt,Set Covering,100,Relaxed,10000,false,min,5,0.01025,na,na,18173,35324,289
set_covering_n100_m84_d0.45_b_w17_seed2.txt,Set Covering,100,Relaxed,20000,false,min,5,0.01042,na,na,18173,35324,289
set_covering_n100_m84_d0.45_b_w17_seed3.txt,Set Covering,100,Exact,99999,false,min,5,0.01060,na,na,18173,35324,289
set_covering_n100_m84_d0.45_b_w17_seed3.txt,Set Covering,100,Restricted,500,false,min,5,0.01033,na,na,18173,35324,289
set_covering_n100_m84_d0.45_b_w17_seed3.txt,Set Covering,100,Restricted,1000,false,min,5,0.01048,na,na,18173,35324,289
set_covering_n100_m84_d0.45_b_w17_seed3.txt,Set Covering,100,Restricted,2000,false,min,5,0.01065,na,na,18173,35324,289
set_covering_n100_m84_d0.45_b_w17_seed3.txt,Set Covering,100,Restricted,5000,false,min,5,0.01061,na,na,18173,35324,289
set_covering_n100_m84_d0.45_b_w17_seed3.txt,Set Covering,100,Restricted,10000,false,min,5,0.01073,na,na,18173,35324,289
set_covering_n100_m84_d0.45_b_w17_seed3.txt,Set Covering,100,Restricted,20000,false,min,5,0.01084,na,na,18173,35324,289
set_covering_n100_m84_d0.45_b_w17_seed3.txt,Set Covering,100,Relaxed,500,false,min,5,0.01048,na,na,18173,35324,289
set_covering_n100_m84_d0.45_b_w17_seed3.txt,Set Covering,100,Relaxed,1000,false,min,5,0.01047,na,na,18173,35324,289
set_covering_n100_m84_d0.45_b_w17_seed3.txt,Set Covering,100,Relaxed,2000,false,min,5,0.01057,na,na,18173,35324,289
set_covering_n100_m84_d0.45_b_w17_seed3.txt,Set Covering,100,Relaxed,5000,false,min,5,0.01047,na,na,18173,35324,289
set_covering_n100_m84_d0.45_b_w17_seed3.txt,Set Covering,100,Relaxed,10000,false,min,5,0.01046,na,na,18173,35324,289
set_covering_n100_m84_d0.45_b_w17_seed3.txt,Set Covering,100,Relaxed,20000,false,min,5,0.01048,na,na,18173,35324,289
set_covering_n100_m84_d0.45_b_w17_seed4.txt,Set Covering,100,Exact,99999,false,min,5,0.01050,na,na,18173,35324,289
set_covering_n100_m84_d0.45_b_w17_seed4.txt,Set Covering,100,Restricted,500,false,min,5,0.01042,na,na,18173,35324,289
set_covering_n100_m84_d0.45_b_w17_seed4.txt,Set Covering,100,Restricted,1000,false,min,5,0.01050,na,na,18173,35324,289
set_covering_n100_m84_d0.45_b_w17_seed4.txt,Set Covering,100,Restricted,2000,false,min,5,0.01054,na,na,18173,35324,289
set_covering_n100_m84_d0.45_b_w17_seed4.txt,Set Covering,100,Restricted,5000,false,min,5,0.01050,na,na,18173,35324,289
set_covering_n100_m84_d0.45_b_w17_seed4.txt,Set Covering,100,Restricted,10000,false,min,5,0.01041,na,na,18173,35324,289
set_covering_n100_m84_d0.45_b_w17_seed4.txt,Set Covering,100,Restricted,20000,false,min,5,0.01044,na,na,18173,35324,289
set_covering_n100_m84_d0.45_b_w17_seed4.txt,Set Covering,100,Relaxed,500,false,min,5,0.01044,na,na,18173,35324,289
set_covering_n100_m84_d0.45_b_w17_seed4.txt,Set Covering,100,Relaxed,1000,false,min,5,0.01070,na,na,18173,35324,289
set_covering_n100_m84_d0.45_b_w17_seed4.txt,Set Covering,100,Relaxed,2000,false,min,5,0.01053,na,na,18173,35324,289
set_covering_n100_m84_d0.45_b_w17_seed4.txt,Set Covering,100,Relaxed,5000,false,min,5,0.01056,na,na,18173,35324,289
set_covering_n100_m84_d0.45_b_w17_seed4.txt,Set Covering,100,Relaxed,10000,false,min,5,0.01050,na,na,18173,35324,289
set_covering_n100_m84_d0.45_b_w17_seed4.txt,Set Covering,100,Relaxed,20000,false,min,5,0.01041,na,na,18173,35324,289
set_covering_n250_m86_d0.3_b_w165_seed1.txt,Set Covering,250,Restricted,500,false,min,5,0.07579,na,na,198368,213417,1000
set_covering_n250_m86_d0.3_b_w165_seed1.txt,Set Covering,250,Restricted,1000,false,min,5,0.14684,na,na,390471,420538,2000
set_covering_n250_m86_d0.3_b_w165_seed1.txt,Set Covering,250,Restricted,2000,false,min,5,0.32321,na,na,768183,829150,4000
set_covering_n250_m86_d0.3_b_w165_seed1.txt,Set Covering,250,Restricted,5000,false,min,5,0.98423,na,na,1860859,2032652,10000
set_covering_n250_m86_d0.3_b_w165_seed1.txt,Set Covering,250,Restricted,10000,false,min,5,2.45736,na,na,3604190,3996138,20000
set_covering_n250_m86_d0.3_b_w165_seed1.txt,Set Covering,250,Relaxed,500,false,min,2,0.10051,na,na,198136,304455,999
set_covering_n250_m86_d0.3_b_w165_seed1.txt,Set Covering,250,Relaxed,1000,false,min,2,0.20129,na,na,391189,601798,1999
set_covering_n250_m86_d0.3_b_w165_seed1.txt,Set Covering,250,Relaxed,2000,false,min,2,0.44736,na,na,767816,1182057,3999
set_covering_n250_m86_d0.3_b_w165_seed1.txt,Set Covering,250,Restricted,20000,false,min,4,5.84970,na,na,6748293,7796364,39394
set_covering_n250_m86_d0.3_b_w165_seed1.txt,Set Covering,250,Relaxed,5000,false,min,2,1.35387,na,na,1861206,2885287,9999
set_covering_n250_m86_d0.3_b_w165_seed1.txt,Set Covering,250,Relaxed,10000,false,min,2,3.33139,na,na,3604966,5627079,19999
set_covering_n100_m84_d0.15_b_w17_seed4.txt,Set Covering,100,Exact,99999,false,min,6,272.49356,na,na,170463096,319807057,15047423
set_covering_n250_m86_d0.3_b_w165_seed2.txt,Set Covering,250,Restricted,500,false,min,6,0.07820,na,na,198460,214912,1000
set_covering_n250_m86_d0.3_b_w165_seed2.txt,Set Covering,250,Restricted,1000,false,min,6,0.14948,na,na,391127,425656,2000
set_covering_n250_m86_d0.3_b_w165_seed2.txt,Set Covering,250,Restricted,2000,false,min,6,0.33255,na,na,766066,840537,4000
set_covering_n250_m86_d0.3_b_w165_seed1.txt,Set Covering,250,Relaxed,20000,false,min,3,7.77711,na,na,6750365,10724429,39380
set_covering_n250_m86_d0.3_b_w165_seed2.txt,Set Covering,250,Restricted,5000,false,min,5,1.00521,na,na,1850600,2063525,10000
set_covering_n250_m86_d0.3_b_w165_seed2.txt,Set Covering,250,Restricted,10000,false,min,5,2.44404,na,na,3578080,4061276,20000
set_covering_n250_m86_d0.3_b_w165_seed2.txt,Set Covering,250,Relaxed,500,false,min,2,0.10017,na,na,198274,305659,999
set_covering_n250_m86_d0.3_b_w165_seed2.txt,Set Covering,250,Relaxed,1000,false,min,2,0.20279,na,na,391104,604439,1999
set_covering_n250_m86_d0.3_b_w165_seed2.txt,Set Covering,250,Restricted,20000,false,min,4,5.68667,na,na,6646462,7856480,39070
set_covering_n250_m86_d0.3_b_w165_seed2.txt,Set Covering,250,Relaxed,2000,false,min,2,0.45010,na,na,764862,1187169,3999
set_covering_n250_m86_d0.3_b_w165_seed2.txt,Set Covering,250,Relaxed,5000,false,min,2,1.35516,na,na,1849849,2899753,9999
set_covering_n250_m86_d0.3_b_w165_seed2.txt,Set Covering,250,Relaxed,10000,false,min,2,3.23279,na,na,3579080,5658253,19999
set_covering_n250_m86_d0.3_b_w165_seed3.txt,Set Covering,250,Restricted,500,false,min,6,0.07482,na,na,197592,215190,1000
set_covering_n250_m86_d0.3_b_w165_seed3.txt,Set Covering,250,Restricted,1000,false,min,6,0.14591,na,na,390049,425335,2000
set_covering_n250_m86_d0.3_b_w165_seed2.txt,Set Covering,250,Relaxed,20000,false,min,3,7.44010,na,na,6647091,10678548,39070
set_covering_n250_m86_d0.3_b_w165_seed3.txt,Set Covering,250,Restricted,2000,false,min,6,0.32508,na,na,766114,841206,4000
set_covering_n250_m86_d0.3_b_w165_seed3.txt,Set Covering,250,Restricted,5000,false,min,6,0.98662,na,na,1863265,2074973,10000
set_covering_n250_m86_d0.3_b_w165_seed3.txt,Set Covering,250,Restricted,10000,false,min,6,2.41442,na,na,3603050,4072835,20000
set_covering_n250_m86_d0.3_b_w165_seed3.txt,Set Covering,250,Relaxed,500,false,min,2,0.10065,na,na,197419,304596,999
set_covering_n250_m86_d0.3_b_w165_seed3.txt,Set Covering,250,Relaxed,1000,false,min,2,0.20175,na,na,389521,601540,1999
set_covering_n250_m86_d0.3_b_w165_seed3.txt,Set Covering,250,Restricted,20000,false,min,4,5.82462,na,na,6691899,7854487,39135
set_covering_n250_m86_d0.3_b_w165_seed3.txt,Set Covering,250,Relaxed,2000,false,min,2,0.44685,na,na,765614,1187766,3999
set_covering_n250_m86_d0.3_b_w165_seed3.txt,Set Covering,250,Relaxed,5000,false,min,2,1.34946,na,na,1861940,2912715,9999
set_covering_n250_m86_d0.3_b_w165_seed3.txt,Set Covering,250,Relaxed,10000,false,min,2,3.37181,na,na,3602748,5676608,19999
set_covering_n250_m86_d0.3_b_w165_seed3.txt,Set Covering,250,Relaxed,20000,false,min,3,7.83359,na,na,6692741,10717026,39131
set_covering_n250_m86_d0.3_b_w165_seed4.txt,Set Covering,250,Restricted,500,false,min,5,0.07557,na,na,196470,212725,1000
set_covering_n250_m86_d0.3_b_w165_seed4.txt,Set Covering,250,Restricted,1000,false,min,5,0.14800,na,na,389838,423271,2000
set_covering_n250_m86_d0.3_b_w165_seed4.txt,Set Covering,250,Restricted,2000,false,min,5,0.32612,na,na,764870,836330,4000
set_covering_n250_m86_d0.3_b_w165_seed4.txt,Set Covering,250,Restricted,5000,false,min,5,1.01048,na,na,1856542,2051602,10000
set_covering_n250_m86_d0.3_b_w165_seed4.txt,Set Covering,250,Restricted,10000,false,min,5,2.47889,na,na,3607854,4032524,20000
set_covering_n250_m86_d0.3_b_w165_seed4.txt,Set Covering,250,Restricted,20000,false,min,4,6.24307,na,na,6816671,7899247,39154
set_covering_n250_m86_d0.3_b_w165_seed4.txt,Set Covering,250,Relaxed,500,false,min,2,0.10120,na,na,196237,302161,999
set_covering_n250_m86_d0.3_b_w165_seed4.txt,Set Covering,250,Relaxed,1000,false,min,2,0.20477,na,na,389873,601566,1999
set_covering_n250_m86_d0.3_b_w165_seed4.txt,Set Covering,250,Relaxed,2000,false,min,2,0.45632,na,na,764636,1184962,3999
set_covering_n250_m86_d0.3_b_w165_seed4.txt,Set Covering,250,Relaxed,5000,false,min,2,1.38957,na,na,1856843,2897395,9999
set_covering_n250_m86_d0.3_b_w165_seed4.txt,Set Covering,250,Relaxed,10000,false,min,2,3.34207,na,na,3607827,5664262,19999
set_covering_n250_m86_d0.3_b_w165_seed4.txt,Set Covering,250,Relaxed,20000,false,min,3,7.76728,na,na,6815395,10855315,39149
set_covering_n500_m336_d0.15_b_w165_seed1.txt,Set Covering,500,Restricted,500,false,min,13,0.32102,na,na,414197,440697,1000
set_covering_n500_m336_d0.15_b_w165_seed1.txt,Set Covering,500,Restricted,1000,false,min,13,0.65068,na,na,834568,893545,2000
set_covering_n500_m336_d0.15_b_w165_seed1.txt,Set Covering,500,Restricted,2000,false,min,12,1.34598,na,na,1657603,1768115,4000
set_covering_n500_m336_d0.15_b_w165_seed1.txt,Set Covering,500,Restricted,5000,false,min,12,4.08119,na,na,4011082,4324349,10000
set_covering_n500_m336_d0.15_b_w165_seed1.txt,Set Covering,500,Restricted,10000,false,min,13,10.48487,na,na,8185118,8707275,20000
set_covering_n500_m336_d0.15_b_w165_seed1.txt,Set Covering,500,Relaxed,500,false,min,2,0.35173,na,na,388633,641861,1001
set_covering_n500_m336_d0.15_b_w165_seed1.txt,Set Covering,500,Relaxed,1000,false,min,2,0.69191,na,na,737872,1236735,2001
set_covering_n500_m336_d0.15_b_w165_seed1.txt,Set Covering,500,Relaxed,2000,false,min,2,1.64974,na,na,1659137,2538878,4001
set_covering_n500_m336_d0.15_b_w165_seed1.txt,Set Covering,500,Relaxed,5000,false,min,2,5.02921,na,na,4011453,6157877,10001
set_covering_n500_m336_d0.15_b_w165_seed1.txt,Set Covering,500,Restricted,20000,false,min,13,27.67082,na,na,16301667,17281878,40000
set_covering_n500_m336_d0.15_b_w165_seed1.txt,Set Covering,500,Relaxed,10000,false,min,2,12.49720,na,na,8184844,12462464,20001
set_covering_n500_m336_d0.15_b_w165_seed2.txt,Set Covering,500,Restricted,500,false,min,15,0.31485,na,na,414701,443059,1000
set_covering_n500_m336_d0.15_b_w165_seed2.txt,Set Covering,500,Restricted,1000,false,min,14,0.63568,na,na,818612,877839,2000
set_covering_n500_m336_d0.15_b_w165_seed2.txt,Set Covering,500,Restricted,2000,false,min,14,1.37637,na,na,1642520,1776006,4000
set_covering_n500_m336_d0.15_b_w165_seed2.txt,Set Covering,500,Restricted,5000,false,min,14,4.24318,na,na,4093877,4359534,10000
set_covering_n500_m336_d0.15_b_w165_seed1.txt,Set Covering,500,Relaxed,20000,false,min,2,31.78405,na,na,16303814,24789543,40001
set_covering_n500_m336_d0.15_b_w165_seed2.txt,Set Covering,500,Relaxed,500,false,min,2,0.32047,na,na,347772,570592,1001
set_covering_n500_m336_d0.15_b_w165_seed2.txt,Set Covering,500,Restricted,10000,false,min,13,10.13611,na,na,8081424,8658054,20000
set_covering_n500_m336_d0.15_b_w165_seed2.txt,Set Covering,500,Relaxed,1000,false,min,2,0.72856,na,na,807222,1240701,2001
set_covering_n500_m336_d0.15_b_w165_seed2.txt,Set Covering,500,Relaxed,2000,false,min,2,1.63741,na,na,1641723,2525550,4001
set_covering_n500_m336_d0.15_b_w165_seed2.txt,Set Covering,500,Relaxed,5000,false,min,2,5.04516,na,na,4092141,6251184,10001
set_covering_n500_m336_d0.15_b_w165_seed2.txt,Set Covering,500,Relaxed,10000,false,min,2,12.02724,na,na,8087502,12395044,20001
set_covering_n500_m336_d0.15_b_w165_seed2.txt,Set Covering,500,Restricted,20000,false,min,13,26.65290,na,na,16181778,17380116,40000
set_covering_n500_m336_d0.15_b_w165_seed3.txt,Set Covering,500,Restricted,500,false,min,14,0.31403,na,na,400589,437116,1000
set_covering_n500_m336_d0.15_b_w165_seed3.txt,Set Covering,500,Restricted,1000,false,min,14,0.63038,na,na,816019,882381,2000
set_covering_n500_m336_d0.15_b_w165_seed3.txt,Set Covering,500,Restricted,2000,false,min,13,1.33194,na,na,1601481,1728852,4000
set_covering_n500_m336_d0.15_b_w165_seed3.txt,Set Covering,500,Restricted,5000,false,min,13,4.17491,na,na,4080777,4355272,10000
set_covering_n500_m336_d0.15_b_w165_seed2.txt,Set Covering,500,Relaxed,20000,false,min,2,30.74615,na,na,16171612,24817794,40001
set_covering_n500_m336_d0.15_b_w165_seed3.txt,Set Covering,500,Relaxed,500,false,min,2,0.33852,na,na,368368,603476,1001
set_covering_n500_m336_d0.15_b_w165_seed3.txt,Set Covering,500,Restricted,10000,false,min,13,10.15262,na,na,8082625,8642488,20000
set_covering_n500_m336_d0.15_b_w165_seed3.txt,Set Covering,500,Relaxed,1000,false,min,2,0.70039,na,na,753902,1196157,2001
set_covering_n500_m336_d0.15_b_w165_seed3.txt,Set Covering,500,Relaxed,2000,false,min,2,1.60100,na,na,1599462,2457767,4001
set_covering_n500_m336_d0.15_b_w165_seed3.txt,Set Covering,500,Relaxed,5000,false,min,2,5.01734,na,na,4076683,6243321,10001
set_covering_n500_m336_d0.15_b_w165_seed3.txt,Set Covering,500,Relaxed,10000,false,min,2,12.15530,na,na,8056688,12331456,20001
set_covering_n500_m336_d0.15_b_w165_seed3.txt,Set Covering,500,Restricted,20000,false,min,13,26.45945,na,na,16117090,17208155,40000
set_covering_n500_m336_d0.15_b_w165_seed4.txt,Set Covering,500,Restricted,500,false,min,15,0.31521,na,na,419711,454109,1000
set_covering_n500_m336_d0.15_b_w165_seed4.txt,Set Covering,500,Restricted,1000,false,min,14,0.63458,na,na,849450,889367,2000
set_covering_n500_m336_d0.15_b_w165_seed4.txt,Set Covering,500,Restricted,2000,false,min,14,1.41556,na,na,1693290,1795872,4000
set_covering_n500_m336_d0.15_b_w165_seed4.txt,Set Covering,500,Restricted,5000,false,min,14,4.13748,na,na,4051832,4318597,10000
set_covering_n500_m336_d0.15_b_w165_seed3.txt,Set Covering,500,Relaxed,20000,false,min,2,31.01339,na,na,16104601,24598349,40001
set_covering_n500_m336_d0.15_b_w165_seed4.txt,Set Covering,500,Restricted,10000,false,min,14,10.05788,na,na,8183377,8685093,20000
set_covering_n500_m336_d0.15_b_w165_seed4.txt,Set Covering,500,Relaxed,500,false,min,2,0.34827,na,na,382886,623955,1001
set_covering_n500_m336_d0.15_b_w165_seed4.txt,Set Covering,500,Relaxed,1000,false,min,2,0.68713,na,na,719172,1178105,2001
set_covering_n500_m336_d0.15_b_w165_seed4.txt,Set Covering,500,Relaxed,2000,false,min,2,1.70309,na,na,1685511,2568700,4001
set_covering_n500_m336_d0.15_b_w165_seed4.txt,Set Covering,500,Relaxed,5000,false,min,2,5.02536,na,na,4002852,6141057,10001
set_covering_n500_m336_d0.15_b_w165_seed4.txt,Set Covering,500,Restricted,20000,false,min,14,26.45372,na,na,16314488,17271572,40000
set_covering_n500_m336_d0.15_b_w165_seed4.txt,Set Covering,500,Relaxed,10000,false,min,2,12.44240,na,na,8182534,12457365,20001
set_covering_n500_m336_d0.15_b_w165_seed4.txt,Set Covering,500,Relaxed,20000,false,min,2,32.05170,na,na,16315706,24812525,40001
set_covering_n750_m586_d0.1_b_w165_seed1.txt,Set Covering,750,Restricted,500,false,min,24,0.77705,na,na,647328,684349,1000
set_covering_n750_m586_d0.1_b_w165_seed1.txt,Set Covering,750,Restricted,1000,false,min,23,1.55909,na,na,1278669,1338114,2000
set_covering_n750_m586_d0.1_b_w165_seed1.txt,Set Covering,750,Restricted,2000,false,min,23,3.37063,na,na,2598100,2710629,4000
set_covering_n750_m586_d0.1_b_w165_seed1.txt,Set Covering,750,Restricted,5000,false,min,24,9.50214,na,na,6364233,6682958,10000
set_covering_n750_m586_d0.1_b_w165_seed1.txt,Set Covering,750,Restricted,10000,false,min,24,21.95583,na,na,12819765,13352734,20000
set_covering_n750_m586_d0.1_b_w165_seed1.txt,Set Covering,750,Restricted,20000,false,min,22,55.34240,na,na,25581562,26791409,40000
set_covering_n750_m586_d0.1_b_w165_seed1.txt,Set Covering,750,Relaxed,500,false,min,2,0.86003,na,na,613320,988621,1001
set_covering_n750_m586_d0.1_b_w165_seed1.txt,Set Covering,750,Relaxed,1000,false,min,2,1.70375,na,na,1211826,1942299,2001
set_covering_n750_m586_d0.1_b_w165_seed1.txt,Set Covering,750,Relaxed,2000,false,min,2,3.60066,na,na,2409779,3860510,4001
set_covering_n750_m586_d0.1_b_w165_seed1.txt,Set Covering,750,Relaxed,5000,false,min,2,10.69862,na,na,6232967,9632143,10001
set_covering_n750_m586_d0.1_b_w165_seed1.txt,Set Covering,750,Relaxed,10000,false,min,2,26.17770,na,na,12800743,19393936,20001
set_covering_n750_m586_d0.1_b_w165_seed2.txt,Set Covering,750,Restricted,500,false,min,27,0.79179,na,na,662716,689957,1000
set_covering_n750_m586_d0.1_b_w165_seed2.txt,Set Covering,750,Restricted,1000,false,min,25,1.60780,na,na,1318432,1367852,2000
set_covering_n750_m586_d0.1_b_w165_seed2.txt,Set Covering,750,Restricted,2000,false,min,24,3.41294,na,na,2603455,2713347,4000
set_covering_n750_m586_d0.1_b_w165_seed2.txt,Set Covering,750,Restricted,5000,false,min,24,10.03162,na,na,6455486,6741135,10000
set_covering_n750_m586_d0.1_b_w165_seed1.txt,Set Covering,750,Relaxed,20000,false,min,2,68.09466,na,na,25590899,38794623,40001
set_covering_n750_m586_d0.1_b_w165_seed2.txt,Set Covering,750,Restricted,10000,false,min,24,23.62125,na,na,12849499,13461445,20000
set_covering_n750_m586_d0.1_b_w165_seed2.txt,Set Covering,750,Relaxed,500,false,min,2,0.86358,na,na,652636,1018114,1001
set_covering_n750_m586_d0.1_b_w165_seed2.txt,Set Covering,750,Relaxed,1000,false,min,2,1.71547,na,na,1240444,1959577,2001
set_covering_n750_m586_d0.1_b_w165_seed2.txt,Set Covering,750,Relaxed,2000,false,min,2,3.69319,na,na,2445409,3867515,4001
set_covering_n750_m586_d0.1_b_w165_seed2.txt,Set Covering,750,Relaxed,5000,false,min,2,10.43673,na,na,5941441,9262872,10001
set_covering_n750_m586_d0.1_b_w165_seed2.txt,Set Covering,750,Relaxed,10000,false,min,2,24.26147,na,na,11694648,18217284,20001
set_covering_n750_m586_d0.1_b_w165_seed2.txt,Set Covering,750,Restricted,20000,false,min,24,59.38437,na,na,25712893,26809023,40000
set_covering_n750_m586_d0.1_b_w165_seed3.txt,Set Covering,750,Restricted,500,false,min,25,0.79339,na,na,650182,676375,1000
set_covering_n750_m586_d0.1_b_w165_seed3.txt,Set Covering,750,Restricted,1000,false,min,25,1.53175,na,na,1248570,1309931,2000
set_covering_n750_m586_d0.1_b_w165_seed3.txt,Set Covering,750,Restricted,2000,false,min,25,3.27994,na,na,2522518,2643309,4000
set_covering_n750_m586_d0.1_b_w165_seed3.txt,Set Covering,750,Restricted,5000,false,min,24,9.88092,na,na,6504355,6790168,10000
set_covering_n750_m586_d0.1_b_w165_seed2.txt,Set Covering,750,Relaxed,20000,false,min,2,66.37681,na,na,25473318,38756543,40001
set_covering_n750_m586_d0.1_b_w165_seed3.txt,Set Covering,750,Restricted,10000,false,min,23,23.84103,na,na,12885816,13512753,20000
set_covering_n750_m586_d0.1_b_w165_seed3.txt,Set Covering,750,Relaxed,500,false,min,2,0.84413,na,na,628447,993380,1001
set_covering_n750_m586_d0.1_b_w165_seed3.txt,Set Covering,750,Relaxed,1000,false,min,2,1.73339,na,na,1265470,1984723,2001
set_covering_n750_m586_d0.1_b_w165_seed3.txt,Set Covering,750,Relaxed,2000,false,min,2,3.69782,na,na,2474997,3894679,4001
set_covering_n750_m586_d0.1_b_w165_seed3.txt,Set Covering,750,Relaxed,5000,false,min,2,11.30803,na,na,6379110,9735204,10001
set_covering_n750_m586_d0.1_b_w165_seed3.txt,Set Covering,750,Relaxed,10000,false,min,2,26.18332,na,na,12697438,19755360,20001
set_covering_n750_m586_d0.1_b_w165_seed3.txt,Set Covering,750,Restricted,20000,false,min,23,57.91740,na,na,25437077,26653597,40000
set_covering_n750_m586_d0.1_b_w165_seed4.txt,Set Covering,750,Restricted,500,false,min,25,0.81363,na,na,648459,679032,1000
set_covering_n750_m586_d0.1_b_w165_seed4.txt,Set Covering,750,Restricted,1000,false,min,25,1.62475,na,na,1279222,1337427,2000
set_covering_n750_m586_d0.1_b_w165_seed4.txt,Set Covering,750,Restricted,2000,false,min,24,3.53642,na,na,2602459,2724893,4000
set_covering_n750_m586_d0.1_b_w165_seed4.txt,Set Covering,750,Restricted,5000,false,min,24,10.46143,na,na,6517808,6804567,10000
set_covering_n750_m586_d0.1_b_w165_seed3.txt,Set Covering,750,Relaxed,20000,false,min,2,68.33591,na,na,26067657,40377130,40001
set_covering_n750_m586_d0.1_b_w165_seed4.txt,Set Covering,750,Restricted,10000,false,min,23,24.68694,na,na,13009719,13509721,20000
set_covering_n750_m586_d0.1_b_w165_seed4.txt,Set Covering,750,Relaxed,500,false,min,2,0.89783,na,na,652802,1035463,1001
set_covering_n750_m586_d0.1_b_w165_seed4.txt,Set Covering,750,Relaxed,1000,false,min,2,1.74599,na,na,1272704,2017413,2001
set_covering_n750_m586_d0.1_b_w165_seed4.txt,Set Covering,750,Relaxed,2000,false,min,2,3.70582,na,na,2478292,3959480,4001
set_covering_n750_m586_d0.1_b_w165_seed4.txt,Set Covering,750,Relaxed,5000,false,min,2,10.92044,na,na,5989890,9512957,10001
set_covering_n750_m586_d0.1_b_w165_seed4.txt,Set Covering,750,Relaxed,10000,false,min,2,27.67066,na,na,13143996,19847114,20001
set_covering_n750_m586_d0.1_b_w165_seed4.txt,Set Covering,750,Restricted,20000,false,min,24,60.34632,na,na,26067811,27065901,40000
set_covering_n1000_m836_d0.07_b_w165_seed1.txt,Set Covering,1000,Restricted,500,false,min,37,1.52683,na,na,915435,939746,1000
set_covering_n1000_m836_d0.07_b_w165_seed1.txt,Set Covering,1000,Restricted,1000,false,min,37,3.07547,na,na,1810378,1866261,2000
set_covering_n1000_m836_d0.07_b_w165_seed1.txt,Set Covering,1000,Restricted,2000,false,min,35,6.52974,na,na,3638971,3729709,4000
set_covering_n1000_m836_d0.07_b_w165_seed1.txt,Set Covering,1000,Restricted,5000,false,min,35,18.84292,na,na,9056286,9307786,10000
set_covering_n750_m586_d0.1_b_w165_seed4.txt,Set Covering,750,Relaxed,20000,false,min,2,68.44471,na,na,26054219,39370018,40001
set_covering_n1000_m836_d0.07_b_w165_seed1.txt,Set Covering,1000,Restricted,10000,false,min,35,43.41424,na,na,17988257,18524833,20000
set_covering_n1000_m836_d0.07_b_w165_seed1.txt,Set Covering,1000,Relaxed,500,false,min,1,1.56344,na,na,834047,1317755,1001
set_covering_n1000_m836_d0.07_b_w165_seed1.txt,Set Covering,1000,Relaxed,1000,false,min,2,3.28646,na,na,1771240,2775596,2001
set_covering_n1000_m836_d0.07_b_w165_seed1.txt,Set Covering,1000,Relaxed,2000,false,min,2,7.01559,na,na,3486084,5466150,4001
set_covering_n1000_m836_d0.07_b_w165_seed1.txt,Set Covering,1000,Relaxed,5000,false,min,2,20.27772,na,na,8636940,13569060,10001
set_covering_n1000_m836_d0.07_b_w165_seed1.txt,Set Covering,1000,Relaxed,10000,false,min,2,46.70747,na,na,17447443,26930515,20001
set_covering_n1000_m836_d0.07_b_w165_seed1.txt,Set Covering,1000,Restricted,20000,false,min,35,102.48772,na,na,35862243,36950864,40000
set_covering_n1000_m836_d0.07_b_w165_seed2.txt,Set Covering,1000,Restricted,500,false,min,38,1.48154,na,na,897094,925714,1000
set_covering_n1000_m836_d0.07_b_w165_seed2.txt,Set Covering,1000,Restricted,1000,false,min,37,2.98989,na,na,1788252,1848407,2000
set_covering_n1000_m836_d0.07_b_w165_seed2.txt,Set Covering,1000,Restricted,2000,false,min,36,6.34732,na,na,3550321,3680628,4000
set_covering_n1000_m836_d0.07_b_w165_seed2.txt,Set Covering,1000,Restricted,5000,false,min,35,17.99093,na,na,8822157,9173650,10000
set_covering_n1000_m836_d0.07_b_w165_seed1.txt,Set Covering,1000,Relaxed,20000,false,min,2,110.43017,na,na,35049769,54009703,40001
set_covering_n1000_m836_d0.07_b_w165_seed2.txt,Set Covering,1000,Restricted,10000,false,min,36,41.30825,na,na,17587153,18230120,20000
set_covering_n1000_m836_d0.07_b_w165_seed2.txt,Set Covering,1000,Relaxed,500,false,min,1,1.56169,na,na,849623,1326253,1001
set_covering_n1000_m836_d0.07_b_w165_seed2.txt,Set Covering,1000,Relaxed,1000,false,min,2,3.33746,na,na,1785443,2763631,2001
set_covering_n1000_m836_d0.07_b_w165_seed2.txt,Set Covering,1000,Relaxed,2000,false,min,2,7.12125,na,na,3525201,5469187,4001
set_covering_n1000_m836_d0.07_b_w165_seed2.txt,Set Covering,1000,Relaxed,5000,false,min,2,20.30597,na,na,8513099,13348378,10001
set_covering_n1000_m836_d0.07_b_w165_seed2.txt,Set Covering,1000,Relaxed,10000,false,min,2,42.79860,na,na,16476318,25652199,20001
set_covering_n1000_m836_d0.07_b_w165_seed3.txt,Set Covering,1000,Restricted,500,false,min,37,1.49456,na,na,878962,927283,1000
set_covering_n1000_m836_d0.07_b_w165_seed2.txt,Set Covering,1000,Restricted,20000,false,min,36,96.77489,na,na,35137398,36423427,40000
set_covering_n1000_m836_d0.07_b_w165_seed3.txt,Set Covering,1000,Restricted,1000,false,min,37,3.04266,na,na,1742934,1856488,2000
set_covering_n1000_m836_d0.07_b_w165_seed3.txt,Set Covering,1000,Restricted,2000,false,min,35,6.41749,na,na,3522953,3672453,4000
set_covering_n1000_m836_d0.07_b_w165_seed3.txt,Set Covering,1000,Restricted,5000,false,min,35,18.17757,na,na,8759043,9155053,10000
set_covering_n1000_m836_d0.07_b_w165_seed3.txt,Set Covering,1000,Restricted,10000,false,min,35,41.05693,na,na,17421857,18246616,20000
set_covering_n1000_m836_d0.07_b_w165_seed3.txt,Set Covering,1000,Relaxed,500,false,min,1,1.55472,na,na,842853,1323701,1001
set_covering_n1000_m836_d0.07_b_w165_seed3.txt,Set Covering,1000,Relaxed,1000,false,min,2,3.23142,na,na,1723618,2695773,2001
set_covering_n1000_m836_d0.07_b_w165_seed2.txt,Set Covering,1000,Relaxed,20000,false,min,2,109.77909,na,na,35463234,53705781,40001
set_covering_n1000_m836_d0.07_b_w165_seed3.txt,Set Covering,1000,Relaxed,2000,false,min,2,7.05109,na,na,3423591,5352766,4001
set_covering_n1000_m836_d0.07_b_w165_seed3.txt,Set Covering,1000,Relaxed,5000,false,min,2,17.88102,na,na,7487791,11428459,10001
set_covering_n1000_m836_d0.07_b_w165_seed3.txt,Set Covering,1000,Relaxed,10000,false,min,2,46.48970,na,na,17359320,26394715,20001
set_covering_n1000_m836_d0.07_b_w165_seed3.txt,Set Covering,1000,Restricted,20000,false,min,34,99.15771,na,na,34794443,36345339,40000
set_covering_n1000_m836_d0.07_b_w165_seed4.txt,Set Covering,1000,Restricted,500,false,min,36,1.50660,na,na,899573,930334,1000
set_covering_n1000_m836_d0.07_b_w165_seed4.txt,Set Covering,1000,Restricted,1000,false,min,36,3.14101,na,na,1787648,1844677,2000
set_covering_n1000_m836_d0.07_b_w165_seed4.txt,Set Covering,1000,Restricted,2000,false,min,35,6.51928,na,na,3537811,3655917,4000
set_covering_n1000_m836_d0.07_b_w165_seed4.txt,Set Covering,1000,Restricted,5000,false,min,35,18.69651,na,na,8857874,9124910,10000
set_covering_n1000_m836_d0.07_b_w165_seed4.txt,Set Covering,1000,Restricted,10000,false,min,35,42.46256,na,na,17662454,18294052,20000
set_covering_n1000_m836_d0.07_b_w165_seed4.txt,Set Covering,1000,Relaxed,500,false,min,1,1.61169,na,na,899723,1368244,1001
set_covering_n1000_m836_d0.07_b_w165_seed4.txt,Set Covering,1000,Relaxed,1000,false,min,2,3.26312,na,na,1704209,2683118,2001
set_covering_n1000_m836_d0.07_b_w165_seed3.txt,Set Covering,1000,Relaxed,20000,false,min,2,112.56841,na,na,34767283,52689658,40001
set_covering_n1000_m836_d0.07_b_w165_seed4.txt,Set Covering,1000,Relaxed,2000,false,min,2,6.86523,na,na,3344996,5296911,4001
set_covering_n1000_m836_d0.07_b_w165_seed4.txt,Set Covering,1000,Relaxed,5000,false,min,2,20.02824,na,na,8244895,13081121,10001
set_covering_n1000_m836_d0.07_b_w165_seed4.txt,Set Covering,1000,Relaxed,10000,false,min,2,45.50722,na,na,16629402,25739859,20001
set_covering_n1000_m836_d0.07_b_w165_seed4.txt,Set Covering,1000,Restricted,20000,false,min,35,103.00882,na,na,35536880,36542167,40000
set_covering_n1250_m1086_d0.06_b_w165_seed1.txt,Set Covering,1250,Restricted,500,false,min,49,2.49200,na,na,1160604,1179974,1000
set_covering_n1250_m1086_d0.06_b_w165_seed1.txt,Set Covering,1250,Restricted,1000,false,min,49,5.04835,na,na,2312116,2358087,2000
set_covering_n1250_m1086_d0.06_b_w165_seed1.txt,Set Covering,1250,Restricted,2000,false,min,48,10.71385,na,na,4575251,4688408,4000
set_covering_n1250_m1086_d0.06_b_w165_seed1.txt,Set Covering,1250,Restricted,5000,false,min,47,29.56152,na,na,11477928,11721114,10000
set_covering_n1000_m836_d0.07_b_w165_seed4.txt,Set Covering,1000,Relaxed,20000,false,min,2,106.84867,na,na,33197444,50978238,40001
set_covering_n1250_m1086_d0.06_b_w165_seed1.txt,Set Covering,1250,Relaxed,500,false,min,1,2.51244,na,na,1062108,1665660,1001
set_covering_n1250_m1086_d0.06_b_w165_seed1.txt,Set Covering,1250,Relaxed,1000,false,min,2,5.20768,na,na,2112778,3309770,2001
set_covering_n1250_m1086_d0.06_b_w165_seed1.txt,Set Covering,1250,Restricted,10000,false,min,46,65.65189,na,na,22720860,23361466,20000
set_covering_n1250_m1086_d0.06_b_w165_seed1.txt,Set Covering,1250,Relaxed,2000,false,min,2,11.05425,na,na,4249913,6625823,4001
set_covering_n1250_m1086_d0.06_b_w165_seed1.txt,Set Covering,1250,Relaxed,5000,false,min,2,30.88154,na,na,10552336,16359576,10001
set_covering_n1250_m1086_d0.06_b_w165_seed1.txt,Set Covering,1250,Relaxed,10000,false,min,2,71.75785,na,na,22491642,34260999,20001
set_covering_n1250_m1086_d0.06_b_w165_seed2.txt,Set Covering,1250,Restricted,500,false,min,48,2.48407,na,na,1138861,1169179,1000
set_covering_n1250_m1086_d0.06_b_w165_seed2.txt,Set Covering,1250,Restricted,1000,false,min,48,4.96782,na,na,2272537,2338858,2000
set_covering_n1250_m1086_d0.06_b_w165_seed2.txt,Set Covering,1250,Restricted,2000,false,min,48,10.46028,na,na,4530967,4657402,4000
set_covering_n1250_m1086_d0.06_b_w165_seed1.txt,Set Covering,1250,Restricted,20000,false,min,46,153.20760,na,na,45502002,46722791,40000
set_covering_n1250_m1086_d0.06_b_w165_seed2.txt,Set Covering,1250,Restricted,5000,false,min,47,29.10978,na,na,11375161,11669920,10000
set_covering_n1250_m1086_d0.06_b_w165_seed2.txt,Set Covering,1250,Restricted,10000,false,min,47,63.65132,na,na,22499347,23219333,20000
set_covering_n1250_m1086_d0.06_b_w165_seed2.txt,Set Covering,1250,Relaxed,500,false,min,1,2.54518,na,na,1081023,1686163,1001
set_covering_n1250_m1086_d0.06_b_w165_seed1.txt,Set Covering,1250,Relaxed,20000,false,min,2,157.82635,na,na,42368389,65692258,40001
set_covering_n1250_m1086_d0.06_b_w165_seed2.txt,Set Covering,1250,Relaxed,1000,false,min,2,5.24236,na,na,2186112,3409755,2001
set_covering_n1250_m1086_d0.06_b_w165_seed2.txt,Set Covering,1250,Relaxed,2000,false,min,2,11.06383,na,na,4377975,6813229,4001
set_covering_n1250_m1086_d0.06_b_w165_seed2.txt,Set Covering,1250,Relaxed,5000,false,min,2,30.75137,na,na,10723780,16644833,10001
set_covering_n1250_m1086_d0.06_b_w165_seed2.txt,Set Covering,1250,Relaxed,10000,false,min,2,66.45039,na,na,21251556,32790318,20001
set_covering_n1250_m1086_d0.06_b_w165_seed3.txt,Set Covering,1250,Restricted,500,false,min,49,2.39379,na,na,1110679,1150585,1000
set_covering_n1250_m1086_d0.06_b_w165_seed3.txt,Set Covering,1250,Restricted,1000,false,min,48,4.96075,na,na,2285061,2340542,2000
set_covering_n1250_m1086_d0.06_b_w165_seed2.txt,Set Covering,1250,Restricted,20000,false,min,45,144.91104,na,na,44564951,45864917,40000
set_covering_n1250_m1086_d0.06_b_w165_seed3.txt,Set Covering,1250,Restricted,2000,false,min,49,10.31145,na,na,4496062,4620920,4000
set_covering_n1250_m1086_d0.06_b_w165_seed3.txt,Set Covering,1250,Restricted,5000,false,min,47,28.68960,na,na,11176035,11511311,10000
set_covering_n1250_m1086_d0.06_b_w165_seed3.txt,Set Covering,1250,Restricted,10000,false,min,47,63.85522,na,na,22374973,22964201,20000
set_covering_n1250_m1086_d0.06_b_w165_seed2.txt,Set Covering,1250,Relaxed,20000,false,min,2,153.04509,na,na,41444636,63308430,40001
set_covering_n1250_m1086_d0.06_b_w165_seed3.txt,Set Covering,1250,Relaxed,500,false,min,1,2.55966,na,na,1129142,1750148,1001
set_covering_n1250_m1086_d0.06_b_w165_seed3.txt,Set Covering,1250,Relaxed,1000,false,min,2,5.31336,na,na,2242489,3495077,2001
set_covering_n1250_m1086_d0.06_b_w165_seed3.txt,Set Covering,1250,Relaxed,2000,false,min,2,11.21434,na,na,4459111,6961997,4001
set_covering_n1250_m1086_d0.06_b_w165_seed3.txt,Set Covering,1250,Relaxed,5000,false,min,2,31.78065,na,na,11096453,17388624,10001
set_covering_n1250_m1086_d0.06_b_w165_seed3.txt,Set Covering,1250,Relaxed,10000,false,min,2,69.97086,na,na,21819995,34099831,20001
set_covering_n1250_m1086_d0.06_b_w165_seed4.txt,Set Covering,1250,Restricted,500,false,min,49,2.40480,na,na,1126396,1154783,1000
set_covering_n1250_m1086_d0.06_b_w165_seed4.txt,Set Covering,1250,Restricted,1000,false,min,48,4.89835,na,na,2253602,2314025,2000
set_covering_n1250_m1086_d0.06_b_w165_seed4.txt,Set Covering,1250,Restricted,2000,false,min,48,10.45271,na,na,4532239,4689666,4000
set_covering_n1250_m1086_d0.06_b_w165_seed3.txt,Set Covering,1250,Restricted,20000,false,min,46,149.80872,na,na,44758485,45897968,40000
set_covering_n1250_m1086_d0.06_b_w165_seed4.txt,Set Covering,1250,Restricted,5000,false,min,46,29.53141,na,na,11364754,11785473,10000
set_covering_n1250_m1086_d0.06_b_w165_seed4.txt,Set Covering,1250,Relaxed,500,false,min,1,2.40733,na,na,1045767,1627436,1001
set_covering_n1250_m1086_d0.06_b_w165_seed4.txt,Set Covering,1250,Restricted,10000,false,min,46,65.99760,na,na,22566975,23342083,20000
set_covering_n1250_m1086_d0.06_b_w165_seed4.txt,Set Covering,1250,Relaxed,1000,false,min,2,5.20487,na,na,2209030,3437912,2001
set_covering_n1250_m1086_d0.06_b_w165_seed3.txt,Set Covering,1250,Relaxed,20000,false,min,2,167.59015,na,na,44517381,67221001,40001
set_covering_n1250_m1086_d0.06_b_w165_seed4.txt,Set Covering,1250,Relaxed,2000,false,min,2,11.12917,na,na,4396136,6854283,4001
set_covering_n1250_m1086_d0.06_b_w165_seed4.txt,Set Covering,1250,Relaxed,5000,false,min,2,31.16373,na,na,10923643,17087637,10001
set_covering_n1250_m1086_d0.06_b_w165_seed4.txt,Set Covering,1250,Relaxed,10000,false,min,2,66.79472,na,na,20751537,31955429,20001
set_covering_n1500_m1336_d0.05_b_w165_seed1.txt,Set Covering,1500,Restricted,500,false,min,61,3.56873,na,na,1376442,1403853,1000
set_covering_n1500_m1336_d0.05_b_w165_seed1.txt,Set Covering,1500,Restricted,1000,false,min,60,7.32906,na,na,2722166,2792421,2000
set_covering_n1250_m1086_d0.06_b_w165_seed4.txt,Set Covering,1250,Restricted,20000,false,min,45,151.88477,na,na,44830016,46418623,40000
set_covering_n1500_m1336_d0.05_b_w165_seed1.txt,Set Covering,1500,Restricted,2000,false,min,59,15.63604,na,na,5529684,5633465,4000
set_covering_n1500_m1336_d0.05_b_w165_seed1.txt,Set Covering,1500,Restricted,5000,false,min,58,42.73661,na,na,13817583,14043807,10000
set_covering_n1500_m1336_d0.05_b_w165_seed1.txt,Set Covering,1500,Relaxed,500,false,min,1,3.70473,na,na,1286781,2004205,1001
set_covering_n1250_m1086_d0.06_b_w165_seed4.txt,Set Covering,1250,Relaxed,20000,false,min,2,158.70964,na,na,41625788,64198400,40001
set_covering_n1500_m1336_d0.05_b_w165_seed1.txt,Set Covering,1500,Relaxed,1000,false,min,1,7.73960,na,na,2611331,4060430,2001
set_covering_n1500_m1336_d0.05_b_w165_seed1.txt,Set Covering,1500,Relaxed,2000,false,min,2,16.83143,na,na,5429667,8415195,4001
set_covering_n1500_m1336_d0.05_b_w165_seed1.txt,Set Covering,1500,Restricted,10000,false,min,58,93.96027,na,na,27576941,28046789,20000
set_covering_n1500_m1336_d0.05_b_w165_seed1.txt,Set Covering,1500,Relaxed,5000,false,min,2,46.24886,na,na,13500917,20958723,10001
set_covering_n1500_m1336_d0.05_b_w165_seed1.txt,Set Covering,1500,Relaxed,10000,false,min,2,101.32598,na,na,27160719,42093835,20001
set_covering_n1500_m1336_d0.05_b_w165_seed2.txt,Set Covering,1500,Restricted,500,false,min,61,3.74810,na,na,1384605,1424984,1000
set_covering_n1500_m1336_d0.05_b_w165_seed2.txt,Set Covering,1500,Restricted,1000,false,min,60,7.56670,na,na,2737601,2819144,2000
set_covering_n1500_m1336_d0.05_b_w165_seed2.txt,Set Covering,1500,Restricted,2000,false,min,58,15.13915,na,na,5412092,5569820,4000
set_covering_n1500_m1336_d0.05_b_w165_seed1.txt,Set Covering,1500,Restricted,20000,false,min,57,211.52686,na,na,55082601,56216750,40000
set_covering_n1500_m1336_d0.05_b_w165_seed2.txt,Set Covering,1500,Restricted,5000,false,min,59,41.06271,na,na,13650754,13898659,10000
set_covering_n1500_m1336_d0.05_b_w165_seed2.txt,Set Covering,1500,Relaxed,500,false,min,1,3.75720,na,na,1310682,2046465,1001
set_covering_n1500_m1336_d0.05_b_w165_seed2.txt,Set Covering,1500,Relaxed,1000,false,min,1,7.61927,na,na,2628391,4045578,2001
set_covering_n1500_m1336_d0.05_b_w165_seed2.txt,Set Covering,1500,Relaxed,2000,false,min,2,16.22935,na,na,5346150,8302990,4001
set_covering_n1500_m1336_d0.05_b_w165_seed2.txt,Set Covering,1500,Restricted,10000,false,min,58,90.22360,na,na,27217859,27948962,20000
set_covering_n1500_m1336_d0.05_b_w165_seed1.txt,Set Covering,1500,Relaxed,20000,false,min,2,225.80396,na,na,53433890,82725758,40001
set_covering_n1500_m1336_d0.05_b_w165_seed2.txt,Set Covering,1500,Relaxed,5000,false,min,2,45.88872,na,na,13467997,20919667,10001
set_covering_n1500_m1336_d0.05_b_w165_seed3.txt,Set Covering,1500,Restricted,500,false,min,62,3.62477,na,na,1354193,1401251,1000
set_covering_n1500_m1336_d0.05_b_w165_seed2.txt,Set Covering,1500,Relaxed,10000,false,min,2,100.47895,na,na,26995572,41820687,20001
set_covering_n1500_m1336_d0.05_b_w165_seed3.txt,Set Covering,1500,Restricted,1000,false,min,62,7.32433,na,na,2700489,2785594,2000
set_covering_n1500_m1336_d0.05_b_w165_seed3.txt,Set Covering,1500,Restricted,2000,false,min,58,15.39483,na,na,5367353,5562627,4000
set_covering_n1500_m1336_d0.05_b_w165_seed3.txt,Set Covering,1500,Restricted,5000,false,min,58,41.84392,na,na,13485788,13844484,10000
set_covering_n1500_m1336_d0.05_b_w165_seed2.txt,Set Covering,1500,Restricted,20000,false,min,58,210.17262,na,na,54507333,55770097,40000
set_covering_n1500_m1336_d0.05_b_w165_seed3.txt,Set Covering,1500,Relaxed,500,false,min,1,3.75841,na,na,1376098,2125723,1001
set_covering_n1500_m1336_d0.05_b_w165_seed3.txt,Set Covering,1500,Relaxed,1000,false,min,1,7.73045,na,na,2729535,4233574,2001
set_covering_n1500_m1336_d0.05_b_w165_seed3.txt,Set Covering,1500,Relaxed,2000,false,min,2,16.40723,na,na,5370757,8353849,4001
set_covering_n1500_m1336_d0.05_b_w165_seed3.txt,Set Covering,1500,Restricted,10000,false,min,58,91.43905,na,na,26911399,27722907,20000
set_covering_n1500_m1336_d0.05_b_w165_seed2.txt,Set Covering,1500,Relaxed,20000,false,min,2,227.15347,na,na,53048972,80760380,40001
set_covering_n1500_m1336_d0.05_b_w165_seed3.txt,Set Covering,1500,Relaxed,5000,false,min,2,45.53131,na,na,13380133,20870991,10001
set_covering_n1500_m1336_d0.05_b_w165_seed3.txt,Set Covering,1500,Relaxed,10000,false,min,2,101.10557,na,na,26888827,41740004,20001
set_covering_n1500_m1336_d0.05_b_w165_seed4.txt,Set Covering,1500,Restricted,500,false,min,61,3.54840,na,na,1368431,1402015,1000
set_covering_n1500_m1336_d0.05_b_w165_seed4.txt,Set Covering,1500,Restricted,1000,false,min,57,7.28003,na,na,2730618,2797982,2000
set_covering_n1500_m1336_d0.05_b_w165_seed4.txt,Set Covering,1500,Restricted,2000,false,min,58,15.39940,na,na,5449842,5586021,4000
set_covering_n1500_m1336_d0.05_b_w165_seed3.txt,Set Covering,1500,Restricted,20000,false,min,58,210.38383,na,na,53658632,55255320,40000
set_covering_n1500_m1336_d0.05_b_w165_seed4.txt,Set Covering,1500,Restricted,5000,false,min,56,42.39912,na,na,13585786,13907019,10000
set_covering_n1500_m1336_d0.05_b_w165_seed4.txt,Set Covering,1500,Relaxed,500,false,min,1,3.74924,na,na,1309534,2047843,1001
set_covering_n1500_m1336_d0.05_b_w165_seed4.txt,Set Covering,1500,Relaxed,1000,false,min,1,7.74644,na,na,2639750,4108582,2001
set_covering_n1500_m1336_d0.05_b_w165_seed4.txt,Set Covering,1500,Relaxed,2000,false,min,2,16.40527,na,na,5301492,8273452,4001
set_covering_n1500_m1336_d0.05_b_w165_seed4.txt,Set Covering,1500,Restricted,10000,false,min,56,92.10089,na,na,27095960,27718440,20000
set_covering_n1500_m1336_d0.05_b_w165_seed4.txt,Set Covering,1500,Relaxed,5000,false,min,2,45.40265,na,na,13302905,20755996,10001
set_covering_n1500_m1336_d0.05_b_w165_seed3.txt,Set Covering,1500,Relaxed,20000,false,min,2,223.80609,na,na,51973415,79380400,40001
set_covering_n1500_m1336_d0.05_b_w165_seed4.txt,Set Covering,1500,Relaxed,10000,false,min,2,99.29241,na,na,26900993,41464653,20001
set_covering_n1750_m1586_d0.04_b_w165_seed1.txt,Set Covering,1750,Restricted,500,false,min,71,4.96105,na,na,1625470,1661137,1000
set_covering_n1750_m1586_d0.04_b_w165_seed1.txt,Set Covering,1750,Restricted,1000,false,min,71,10.20005,na,na,3251564,3323289,2000
set_covering_n1750_m1586_d0.04_b_w165_seed1.txt,Set Covering,1750,Restricted,2000,false,min,71,21.14420,na,na,6530286,6639713,4000
set_covering_n1500_m1336_d0.05_b_w165_seed4.txt,Set Covering,1500,Restricted,20000,false,min,55,208.09950,na,na,54010858,55290596,40000
set_covering_n1750_m1586_d0.04_b_w165_seed1.txt,Set Covering,1750,Restricted,5000,false,min,71,57.22786,na,na,16260481,16571772,10000
set_covering_n1750_m1586_d0.04_b_w165_seed1.txt,Set Covering,1750,Relaxed,500,false,min,1,4.70175,na,na,1445162,2203266,1001
set_covering_n1750_m1586_d0.04_b_w165_seed1.txt,Set Covering,1750,Relaxed,1000,false,min,1,10.39894,na,na,3098514,4789860,2001
set_covering_n1750_m1586_d0.04_b_w165_seed1.txt,Set Covering,1750,Relaxed,2000,false,min,2,22.48782,na,na,6296808,9772532,4001
set_covering_n1500_m1336_d0.05_b_w165_seed4.txt,Set Covering,1500,Relaxed,20000,false,min,2,217.00409,na,na,51578392,79106552,40001
set_covering_n1750_m1586_d0.04_b_w165_seed1.txt,Set Covering,1750,Restricted,10000,false,min,69,127.07121,na,na,32483002,33130806,20000
set_covering_n1750_m1586_d0.04_b_w165_seed1.txt,Set Covering,1750,Relaxed,5000,false,min,2,62.73130,na,na,15890627,24581702,10001
set_covering_n1750_m1586_d0.04_b_w165_seed2.txt,Set Covering,1750,Restricted,500,false,min,73,4.86142,na,na,1594335,1630533,1000
set_covering_n1750_m1586_d0.04_b_w165_seed2.txt,Set Covering,1750,Restricted,1000,false,min,73,10.09340,na,na,3211650,3295504,2000
set_covering_n1750_m1586_d0.04_b_w165_seed2.txt,Set Covering,1750,Restricted,2000,false,min,73,21.31442,na,na,6437756,6582812,4000
set_covering_n1750_m1586_d0.04_b_w165_seed1.txt,Set Covering,1750,Relaxed,10000,false,min,2,134.04768,na,na,31797138,49265483,20001
set_covering_n1750_m1586_d0.04_b_w165_seed1.txt,Set Covering,1750,Restricted,20000,false,min,68,285.20084,na,na,64660547,66171720,40000
set_covering_n1750_m1586_d0.04_b_w165_seed2.txt,Set Covering,1750,Restricted,5000,false,min,72,58.05668,na,na,15891033,16233840,10000
set_covering_n1750_m1586_d0.04_b_w165_seed2.txt,Set Covering,1750,Relaxed,500,false,min,1,5.18779,na,na,1559998,2424565,1001
set_covering_n1750_m1586_d0.04_b_w165_seed2.txt,Set Covering,1750,Relaxed,1000,false,min,1,10.64936,na,na,3146190,4844755,2001
set_covering_n1750_m1586_d0.04_b_w165_seed2.txt,Set Covering,1750,Relaxed,2000,false,min,2,22.75202,na,na,6370548,9831464,4001
set_covering_n1750_m1586_d0.04_b_w165_seed2.txt,Set Covering,1750,Restricted,10000,false,min,70,126.42248,na,na,32097485,32880133,20000
set_covering_n1750_m1586_d0.04_b_w165_seed2.txt,Set Covering,1750,Relaxed,5000,false,min,2,63.15353,na,na,15960800,24601546,10001
set_covering_n1750_m1586_d0.04_b_w165_seed3.txt,Set Covering,1750,Restricted,500,false,min,73,4.89879,na,na,1620711,1648823,1000
set_covering_n1750_m1586_d0.04_b_w165_seed3.txt,Set Covering,1750,Restricted,1000,false,min,72,10.18062,na,na,3238372,3320558,2000
set_covering_n1750_m1586_d0.04_b_w165_seed3.txt,Set Covering,1750,Restricted,2000,false,min,72,21.22465,na,na,6394738,6585832,4000
set_covering_n1750_m1586_d0.04_b_w165_seed2.txt,Set Covering,1750,Relaxed,10000,false,min,2,134.18646,na,na,31259110,48100371,20001
set_covering_n1750_m1586_d0.04_b_w165_seed3.txt,Set Covering,1750,Restricted,5000,false,min,70,57.99823,na,na,15936141,16445709,10000
set_covering_n1750_m1586_d0.04_b_w165_seed2.txt,Set Covering,1750,Restricted,20000,false,min,70,287.23569,na,na,64423906,65729619,40000
set_covering_n1750_m1586_d0.04_b_w165_seed3.txt,Set Covering,1750,Relaxed,500,false,min,1,5.10300,na,na,1578051,2440212,1001
set_covering_n1750_m1586_d0.04_b_w165_seed3.txt,Set Covering,1750,Relaxed,1000,false,min,1,10.71957,na,na,3116526,4833509,2001
set_covering_n1750_m1586_d0.04_b_w165_seed3.txt,Set Covering,1750,Relaxed,2000,false,min,2,22.57561,na,na,6292955,9744413,4001
set_covering_n1750_m1586_d0.04_b_w165_seed3.txt,Set Covering,1750,Restricted,10000,false,min,69,123.91549,na,na,31847747,32895154,20000
set_covering_n1750_m1586_d0.04_b_w165_seed3.txt,Set Covering,1750,Relaxed,5000,false,min,2,60.26550,na,na,15790847,24378729,10001
set_covering_n1750_m1586_d0.04_b_w165_seed2.txt,Set Covering,1750,Relaxed,20000,false,min,2,296.39502,na,na,61230460,93968616,40001
set_covering_n1750_m1586_d0.04_b_w165_seed4.txt,Set Covering,1750,Restricted,500,false,min,76,4.89542,na,na,1623930,1655625,1000
set_covering_n1750_m1586_d0.04_b_w165_seed4.txt,Set Covering,1750,Restricted,1000,false,min,70,10.06759,na,na,3216319,3300171,2000
set_covering_n1750_m1586_d0.04_b_w165_seed4.txt,Set Covering,1750,Restricted,2000,false,min,69,21.39313,na,na,6425902,6575249,4000
set_covering_n1750_m1586_d0.04_b_w165_seed3.txt,Set Covering,1750,Relaxed,10000,false,min,2,133.13733,na,na,31397536,48433125,20001
set_covering_n1750_m1586_d0.04_b_w165_seed4.txt,Set Covering,1750,Restricted,5000,false,min,70,57.46564,na,na,16101506,16436948,10000
set_covering_n1750_m1586_d0.04_b_w165_seed3.txt,Set Covering,1750,Restricted,20000,false,min,69,278.00995,na,na,63573135,65644536,40000
set_covering_n1750_m1586_d0.04_b_w165_seed4.txt,Set Covering,1750,Relaxed,500,false,min,1,5.07464,na,na,1546878,2398319,1001
set_covering_n1750_m1586_d0.04_b_w165_seed4.txt,Set Covering,1750,Relaxed,1000,false,min,1,10.60051,na,na,3143339,4839655,2001
set_covering_n1750_m1586_d0.04_b_w165_seed4.txt,Set Covering,1750,Relaxed,2000,false,min,2,22.59522,na,na,6229342,9619416,4001
set_covering_n1750_m1586_d0.04_b_w165_seed4.txt,Set Covering,1750,Restricted,10000,false,min,69,124.82243,na,na,31991885,32737495,20000
set_covering_n1750_m1586_d0.04_b_w165_seed4.txt,Set Covering,1750,Relaxed,5000,false,min,2,61.88495,na,na,15500691,23888949,10001
set_covering_n1750_m1586_d0.04_b_w165_seed3.txt,Set Covering,1750,Relaxed,20000,false,min,2,299.14474,na,na,60776165,92991383,40001
set_covering_n2000_m1836_d0.04_b_w165_seed1.txt,Set Covering,2000,Restricted,500,false,min,84,6.63550,na,na,1873588,1909732,1000
set_covering_n2000_m1836_d0.04_b_w165_seed1.txt,Set Covering,2000,Restricted,1000,false,min,83,13.77565,na,na,3767400,3820527,2000
set_covering_n1750_m1586_d0.04_b_w165_seed4.txt,Set Covering,1750,Relaxed,10000,false,min,2,136.09355,na,na,31759422,48617253,20001
set_covering_n2000_m1836_d0.04_b_w165_seed1.txt,Set Covering,2000,Restricted,2000,false,min,84,28.79647,na,na,7521140,7623459,4000
set_covering_n1750_m1586_d0.04_b_w165_seed4.txt,Set Covering,1750,Restricted,20000,false,min,69,286.33511,na,na,64401221,65836660,40000
set_covering_n2000_m1836_d0.04_b_w165_seed1.txt,Set Covering,2000,Restricted,5000,false,min,82,76.38975,na,na,18720760,18983223,10000
set_covering_n2000_m1836_d0.04_b_w165_seed1.txt,Set Covering,2000,Relaxed,500,false,min,1,6.76987,na,na,1777945,2763321,1001
set_covering_n2000_m1836_d0.04_b_w165_seed1.txt,Set Covering,2000,Relaxed,1000,false,min,1,13.69103,na,na,3542301,5484317,2001
set_covering_n2000_m1836_d0.04_b_w165_seed1.txt,Set Covering,2000,Relaxed,2000,false,min,2,29.35494,na,na,7215448,11189353,4001
set_covering_n2000_m1836_d0.04_b_w165_seed1.txt,Set Covering,2000,Restricted,10000,false,min,82,164.74710,na,na,37321730,37879328,20000
set_covering_n2000_m1836_d0.04_b_w165_seed1.txt,Set Covering,2000,Relaxed,5000,false,min,2,80.22452,na,na,18242185,28169372,10001
set_covering_n2000_m1836_d0.04_b_w165_seed2.txt,Set Covering,2000,Restricted,500,false,min,85,6.48700,na,na,1854079,1893546,1000
set_covering_n2000_m1836_d0.04_b_w165_seed2.txt,Set Covering,2000,Restricted,1000,false,min,85,13.40987,na,na,3708896,3783771,2000
set_covering_n2000_m1836_d0.04_b_w165_seed2.txt,Set Covering,2000,Restricted,2000,false,min,85,28.43271,na,na,7442864,7560097,4000
set_covering_n2000_m1836_d0.04_b_w165_seed1.txt,Set Covering,2000,Relaxed,10000,false,min,2,172.78067,na,na,36357147,56225672,20001
set_covering_n2000_m1836_d0.04_b_w165_seed2.txt,Set Covering,2000,Restricted,5000,false,min,84,76.84154,na,na,18468576,18765241,10000
set_covering_n2000_m1836_d0.04_b_w165_seed2.txt,Set Covering,2000,Relaxed,500,false,min,1,6.71175,na,na,1792043,2775450,1001
set_covering_n2000_m1836_d0.04_b_w165_seed2.txt,Set Covering,2000,Relaxed,1000,false,min,1,13.88950,na,na,3612366,5592132,2001
set_covering_n2000_m1836_d0.04_b_w165_seed2.txt,Set Covering,2000,Relaxed,2000,false,min,2,29.35344,na,na,7285152,11251333,4001
set_covering_n2000_m1836_d0.04_b_w165_seed2.txt,Set Covering,2000,Relaxed,5000,false,min,2,80.55736,na,na,18206998,28123222,10001
set_covering_n2000_m1836_d0.04_b_w165_seed2.txt,Set Covering,2000,Restricted,10000,false,min,83,162.59200,na,na,36679395,37454626,20000
set_covering_n2000_m1836_d0.04_b_w165_seed3.txt,Set Covering,2000,Restricted,500,false,min,87,6.67622,na,na,1860319,1911838,1000
set_covering_n2000_m1836_d0.04_b_w165_seed3.txt,Set Covering,2000,Restricted,1000,false,min,87,13.74579,na,na,3709116,3813594,2000
set_covering_n2000_m1836_d0.04_b_w165_seed3.txt,Set Covering,2000,Restricted,2000,false,min,85,28.83733,na,na,7413216,7599881,4000
set_covering_n2000_m1836_d0.04_b_w165_seed3.txt,Set Covering,2000,Restricted,5000,false,min,85,76.38288,na,na,18269502,18779218,10000
set_covering_n2000_m1836_d0.04_b_w165_seed2.txt,Set Covering,2000,Relaxed,10000,false,min,2,179.62169,na,na,36461465,56162088,20001
set_covering_n2000_m1836_d0.04_b_w165_seed3.txt,Set Covering,2000,Relaxed,500,false,min,1,7.03973,na,na,1833334,2831254,1001
set_covering_n2000_m1836_d0.04_b_w165_seed3.txt,Set Covering,2000,Relaxed,1000,false,min,1,14.43099,na,na,3655698,5652560,2001
set_covering_n2000_m1836_d0.04_b_w165_seed3.txt,Set Covering,2000,Relaxed,2000,false,min,2,30.38318,na,na,7281073,11261152,4001
set_covering_n2000_m1836_d0.04_b_w165_seed3.txt,Set Covering,2000,Relaxed,5000,false,min,2,80.68542,na,na,18201587,28160924,10001
set_covering_n2000_m1836_d0.04_b_w165_seed3.txt,Set Covering,2000,Restricted,10000,false,min,82,164.62318,na,na,36647147,37647055,20000
set_covering_n2000_m1836_d0.04_b_w165_seed4.txt,Set Covering,2000,Restricted,500,false,min,84,6.57750,na,na,1869843,1903637,1000
set_covering_n2000_m1836_d0.04_b_w165_seed4.txt,Set Covering,2000,Restricted,1000,false,min,84,13.46441,na,na,3720360,3792690,2000
set_covering_n2000_m1836_d0.04_b_w165_seed4.txt,Set Covering,2000,Restricted,2000,false,min,83,28.33442,na,na,7407744,7558995,4000
set_covering_n2000_m1836_d0.04_b_w165_seed4.txt,Set Covering,2000,Restricted,5000,false,min,81,75.58012,na,na,18519126,18900911,10000
set_covering_n2000_m1836_d0.04_b_w165_seed3.txt,Set Covering,2000,Relaxed,10000,false,min,2,171.62227,na,na,36468229,56325811,20001
set_covering_n2000_m1836_d0.04_b_w165_seed4.txt,Set Covering,2000,Relaxed,500,false,min,1,6.75941,na,na,1787553,2776700,1001
set_covering_n2000_m1836_d0.04_b_w165_seed4.txt,Set Covering,2000,Relaxed,1000,false,min,1,13.77584,na,na,3550459,5477285,2001
set_covering_n2000_m1836_d0.04_b_w165_seed4.txt,Set Covering,2000,Relaxed,2000,false,min,2,29.50027,na,na,7236264,11236621,4001
set_covering_n2000_m1836_d0.04_b_w165_seed4.txt,Set Covering,2000,Relaxed,5000,false,min,2,81.23726,na,na,18243772,28276682,10001
set_covering_n2000_m1836_d0.04_b_w165_seed4.txt,Set Covering,2000,Restricted,10000,false,min,81,165.08711,na,na,37063300,37864026,20000
set_covering_n2250_m2086_d0.03_b_w165_seed1.txt,Set Covering,2250,Restricted,500,false,min,96,8.43507,na,na,2117189,2152263,1000
set_covering_n2250_m2086_d0.03_b_w165_seed1.txt,Set Covering,2250,Restricted,1000,false,min,96,17.34904,na,na,4243931,4320349,2000
set_covering_n2250_m2086_d0.03_b_w165_seed1.txt,Set Covering,2250,Restricted,2000,false,min,96,36.62418,na,na,8459508,8616519,4000
set_covering_n2000_m1836_d0.04_b_w165_seed4.txt,Set Covering,2000,Relaxed,10000,false,min,2,176.09435,na,na,36559011,56629683,20001
set_covering_n2250_m2086_d0.03_b_w165_seed1.txt,Set Covering,2250,Restricted,5000,false,min,94,98.94993,na,na,21183215,21553158,10000
set_covering_n2250_m2086_d0.03_b_w165_seed1.txt,Set Covering,2250,Relaxed,500,false,min,1,8.69227,na,na,2021845,3141970,1001
set_covering_n2250_m2086_d0.03_b_w165_seed1.txt,Set Covering,2250,Relaxed,1000,false,min,1,17.90360,na,na,4053814,6264828,2001
set_covering_n2250_m2086_d0.03_b_w165_seed1.txt,Set Covering,2250,Relaxed,2000,false,min,2,37.94088,na,na,8194106,12671145,4001
set_covering_n2250_m2086_d0.03_b_w165_seed1.txt,Set Covering,2250,Restricted,10000,false,min,94,213.88719,na,na,42147298,42848559,20000
set_covering_n2250_m2086_d0.03_b_w165_seed1.txt,Set Covering,2250,Relaxed,5000,false,min,2,103.67649,na,na,20732322,31899223,10001
set_covering_n2250_m2086_d0.03_b_w165_seed2.txt,Set Covering,2250,Restricted,500,false,min,98,8.37489,na,na,2104395,2150350,1000
set_covering_n2250_m2086_d0.03_b_w165_seed2.txt,Set Covering,2250,Restricted,1000,false,min,95,17.49026,na,na,4189029,4293060,2000
set_covering_n2250_m2086_d0.03_b_w165_seed2.txt,Set Covering,2250,Restricted,2000,false,min,96,36.47444,na,na,8406358,8579781,4000
set_covering_n2250_m2086_d0.03_b_w165_seed1.txt,Set Covering,2250,Relaxed,10000,false,min,2,219.22365,na,na,41453742,63899363,20001
set_covering_n2250_m2086_d0.03_b_w165_seed2.txt,Set Covering,2250,Restricted,5000,false,min,96,96.99966,na,na,20992128,21428792,10000
set_covering_n2250_m2086_d0.03_b_w165_seed2.txt,Set Covering,2250,Relaxed,500,false,min,1,8.62607,na,na,2030584,3147204,1001
set_covering_n2250_m2086_d0.03_b_w165_seed2.txt,Set Covering,2250,Relaxed,1000,false,min,1,17.82900,na,na,4053248,6263968,2001
set_covering_n2250_m2086_d0.03_b_w165_seed2.txt,Set Covering,2250,Relaxed,2000,false,min,2,37.82698,na,na,8225167,12702487,4001
set_covering_n2250_m2086_d0.03_b_w165_seed2.txt,Set Covering,2250,Restricted,10000,false,min,95,209.35062,na,na,41910167,42787102,20000
set_covering_n2250_m2086_d0.03_b_w165_seed2.txt,Set Covering,2250,Relaxed,5000,false,min,2,101.19134,na,na,20618618,31839797,10001
set_covering_n2250_m2086_d0.03_b_w165_seed3.txt,Set Covering,2250,Restricted,500,false,min,100,8.42070,na,na,2115158,2147570,1000
set_covering_n2250_m2086_d0.03_b_w165_seed3.txt,Set Covering,2250,Restricted,1000,false,min,98,17.28098,na,na,4208490,4288295,2000
set_covering_n2250_m2086_d0.03_b_w165_seed3.txt,Set Covering,2250,Restricted,2000,false,min,97,36.81592,na,na,8385464,8575677,4000
set_covering_n2250_m2086_d0.03_b_w165_seed2.txt,Set Covering,2250,Relaxed,10000,false,min,2,223.75072,na,na,41440011,63811873,20001
set_covering_n2250_m2086_d0.03_b_w165_seed3.txt,Set Covering,2250,Restricted,5000,false,min,96,97.54829,na,na,20856317,21356825,10000
set_covering_n2250_m2086_d0.03_b_w165_seed3.txt,Set Covering,2250,Relaxed,500,false,min,1,8.63868,na,na,2078116,3202845,1001
set_covering_n2250_m2086_d0.03_b_w165_seed3.txt,Set Covering,2250,Relaxed,1000,false,min,1,17.87738,na,na,4131352,6372926,2001
set_covering_n2250_m2086_d0.03_b_w165_seed3.txt,Set Covering,2250,Relaxed,2000,false,min,2,37.82191,na,na,8218455,12705677,4001
set_covering_n2250_m2086_d0.03_b_w165_seed3.txt,Set Covering,2250,Restricted,10000,false,min,95,208.49643,na,na,41518592,42609956,20000
set_covering_n2250_m2086_d0.03_b_w165_seed3.txt,Set Covering,2250,Relaxed,5000,false,min,2,99.96925,na,na,20608119,31868714,10001
set_covering_n2250_m2086_d0.03_b_w165_seed4.txt,Set Covering,2250,Restricted,500,false,min,95,8.26866,na,na,2102044,2137634,1000
set_covering_n2250_m2086_d0.03_b_w165_seed4.txt,Set Covering,2250,Restricted,1000,false,min,96,16.73327,na,na,4192143,4264527,2000
set_covering_n2250_m2086_d0.03_b_w165_seed4.txt,Set Covering,2250,Restricted,2000,false,min,95,34.53202,na,na,8406434,8532036,4000
set_covering_n2250_m2086_d0.03_b_w165_seed3.txt,Set Covering,2250,Relaxed,10000,false,min,2,207.14404,na,na,41252051,63737335,20001
set_covering_n2250_m2086_d0.03_b_w165_seed4.txt,Set Covering,2250,Restricted,5000,false,min,94,90.20876,na,na,20926986,21269345,10000
set_covering_n2250_m2086_d0.03_b_w165_seed4.txt,Set Covering,2250,Relaxed,500,false,min,1,8.28273,na,na,2002742,3114325,1001
set_covering_n2250_m2086_d0.03_b_w165_seed4.txt,Set Covering,2250,Relaxed,1000,false,min,1,16.83719,na,na,4010322,6178989,2001
set_covering_n2250_m2086_d0.03_b_w165_seed4.txt,Set Covering,2250,Relaxed,2000,false,min,2,34.96361,na,na,8083510,12552312,4001
set_covering_n2250_m2086_d0.03_b_w165_seed4.txt,Set Covering,2250,Restricted,10000,false,min,95,188.92340,na,na,41831524,42596741,20000
set_covering_n2250_m2086_d0.03_b_w165_seed4.txt,Set Covering,2250,Relaxed,5000,false,min,2,93.13431,na,na,20346742,31540093,10001
set_covering_n2500_m2336_d0.03_b_w165_seed1.txt,Set Covering,2500,Restricted,500,false,min,108,10.20827,na,na,2340989,2374223,1000
set_covering_n2500_m2336_d0.03_b_w165_seed1.txt,Set Covering,2500,Restricted,1000,false,min,105,20.93934,na,na,4687393,4762332,2000
set_covering_n2500_m2336_d0.03_b_w165_seed1.txt,Set Covering,2500,Restricted,2000,false,min,106,42.67243,na,na,9360026,9460205,4000
set_covering_n2250_m2086_d0.03_b_w165_seed4.txt,Set Covering,2250,Relaxed,10000,false,min,2,196.95389,na,na,40877872,63157575,20001
set_covering_n2500_m2336_d0.03_b_w165_seed1.txt,Set Covering,2500,Restricted,5000,false,min,105,111.03508,na,na,23334395,23601570,10000
set_covering_n2500_m2336_d0.03_b_w165_seed1.txt,Set Covering,2500,Relaxed,500,false,min,1,10.30151,na,na,2267525,3519516,1001
set_covering_n2500_m2336_d0.03_b_w165_seed1.txt,Set Covering,2500,Relaxed,1000,false,min,1,21.19170,na,na,4522280,6976714,2001
set_covering_n2500_m2336_d0.03_b_w165_seed1.txt,Set Covering,2500,Relaxed,2000,false,min,2,44.61462,na,na,9253322,14217935,4001
set_covering_n2500_m2336_d0.03_b_w165_seed1.txt,Set Covering,2500,Restricted,10000,false,min,105,232.56265,na,na,46566263,47121011,20000
set_covering_n2500_m2336_d0.03_b_w165_seed1.txt,Set Covering,2500,Relaxed,5000,false,min,2,117.28475,na,na,23113579,35589143,10001
set_covering_n2500_m2336_d0.03_b_w165_seed2.txt,Set Covering,2500,Restricted,500,false,min,110,10.34508,na,na,2356722,2385013,1000
set_covering_n2500_m2336_d0.03_b_w165_seed2.txt,Set Covering,2500,Restricted,1000,false,min,107,21.06871,na,na,4705902,4770286,2000
set_covering_n2500_m2336_d0.03_b_w165_seed2.txt,Set Covering,2500,Restricted,2000,false,min,109,43.23243,na,na,9402188,9535294,4000
set_covering_n2500_m2336_d0.03_b_w165_seed1.txt,Set Covering,2500,Relaxed,10000,false,min,2,246.32256,na,na,46455219,71475905,20001
set_covering_n2500_m2336_d0.03_b_w165_seed2.txt,Set Covering,2500,Restricted,5000,false,min,108,112.39221,na,na,23529026,23779505,10000
set_covering_n2500_m2336_d0.03_b_w165_seed2.txt,Set Covering,2500,Relaxed,500,false,min,1,10.38750,na,na,2264053,3498628,1001
set_covering_n2500_m2336_d0.03_b_w165_seed2.txt,Set Covering,2500,Relaxed,1000,false,min,1,21.16452,na,na,4513792,6955568,2001
set_covering_n2500_m2336_d0.03_b_w165_seed2.txt,Set Covering,2500,Relaxed,2000,false,min,2,43.71163,na,na,9026558,13913202,4001
set_covering_n2500_m2336_d0.03_b_w165_seed2.txt,Set Covering,2500,Restricted,10000,false,min,107,234.88696,na,na,47026066,47559278,20000
set_covering_n2500_m2336_d0.03_b_w165_seed2.txt,Set Covering,2500,Relaxed,5000,false,min,2,115.79406,na,na,22742749,34959212,10001
set_covering_n2500_m2336_d0.03_b_w165_seed3.txt,Set Covering,2500,Restricted,500,false,min,111,10.25875,na,na,2351596,2390223,1000
set_covering_n2500_m2336_d0.03_b_w165_seed3.txt,Set Covering,2500,Restricted,1000,false,min,110,21.10285,na,na,4734183,4794290,2000
set_covering_n2500_m2336_d0.03_b_w165_seed3.txt,Set Covering,2500,Restricted,2000,false,min,109,43.24793,na,na,9384629,9546707,4000
set_covering_n2500_m2336_d0.03_b_w165_seed2.txt,Set Covering,2500,Relaxed,10000,false,min,2,245.91458,na,na,45998915,70546006,20001
set_covering_n2500_m2336_d0.03_b_w165_seed3.txt,Set Covering,2500,Restricted,5000,false,min,107,112.03803,na,na,23293548,23656383,10000
set_covering_n2500_m2336_d0.03_b_w165_seed3.txt,Set Covering,2500,Relaxed,500,false,min,1,10.39739,na,na,2303595,3546130,1001
set_covering_n2500_m2336_d0.03_b_w165_seed3.txt,Set Covering,2500,Relaxed,1000,false,min,1,21.33856,na,na,4620064,7100597,2001
set_covering_n2500_m2336_d0.03_b_w165_seed3.txt,Set Covering,2500,Relaxed,2000,false,min,2,43.77094,na,na,9139390,14099756,4001
set_covering_n2500_m2336_d0.03_b_w165_seed3.txt,Set Covering,2500,Restricted,10000,false,min,108,234.08467,na,na,46658100,47616848,20000
set_covering_n2500_m2336_d0.03_b_w165_seed3.txt,Set Covering,2500,Relaxed,5000,false,min,2,116.03892,na,na,23026958,35473134,10001
set_covering_n2500_m2336_d0.03_b_w165_seed4.txt,Set Covering,2500,Restricted,500,false,min,104,10.22779,na,na,2346856,2386242,1000
set_covering_n2500_m2336_d0.03_b_w165_seed4.txt,Set Covering,2500,Restricted,1000,false,min,106,20.84237,na,na,4673905,4756402,2000
set_covering_n2500_m2336_d0.03_b_w165_seed4.txt,Set Covering,2500,Restricted,2000,false,min,106,42.57808,na,na,9339547,9461712,4000
set_covering_n2500_m2336_d0.03_b_w165_seed3.txt,Set Covering,2500,Relaxed,10000,false,min,2,244.75899,na,na,46042158,70918895,20001
set_covering_n2500_m2336_d0.03_b_w165_seed4.txt,Set Covering,2500,Restricted,5000,false,min,106,111.71400,na,na,23485511,23795566,10000
set_covering_n2500_m2336_d0.03_b_w165_seed4.txt,Set Covering,2500,Relaxed,500,false,min,1,10.21515,na,na,2264417,3500174,1001
set_covering_n2500_m2336_d0.03_b_w165_seed4.txt,Set Covering,2500,Relaxed,1000,false,min,1,20.89717,na,na,4500162,6937035,2001
set_covering_n2500_m2336_d0.03_b_w165_seed4.txt,Set Covering,2500,Relaxed,2000,false,min,2,42.93139,na,na,9015875,13986333,4001
set_covering_n2500_m2336_d0.03_b_w165_seed4.txt,Set Covering,2500,Restricted,10000,false,min,104,234.51709,na,na,46913592,47576144,20000
set_covering_n2500_m2336_d0.03_b_w165_seed4.txt,Set Covering,2500,Relaxed,5000,false,min,2,114.77602,na,na,22686885,35138762,10001
set_covering_n2750_m2586_d0.03_b_w165_seed1.txt,Set Covering,2750,Restricted,500,false,min,120,12.57065,na,na,2600171,2638640,1000
set_covering_n2750_m2586_d0.03_b_w165_seed1.txt,Set Covering,2750,Restricted,1000,false,min,120,25.43295,na,na,5152572,5224824,2000
set_covering_n2750_m2586_d0.03_b_w165_seed1.txt,Set Covering,2750,Restricted,2000,false,min,120,52.44157,na,na,10344932,10504646,4000
set_covering_n2500_m2336_d0.03_b_w165_seed4.txt,Set Covering,2500,Relaxed,10000,false,min,2,243.21866,na,na,45593564,70464482,20001
set_covering_n2750_m2586_d0.03_b_w165_seed1.txt,Set Covering,2750,Restricted,5000,false,min,119,136.08160,na,na,25861317,26163719,10000
set_covering_n2750_m2586_d0.03_b_w165_seed1.txt,Set Covering,2750,Relaxed,500,false,min,1,12.60754,na,na,2508820,3893697,1001
set_covering_n2750_m2586_d0.03_b_w165_seed1.txt,Set Covering,2750,Relaxed,1000,false,min,1,26.25669,na,na,5070921,7808243,2001
set_covering_n2750_m2586_d0.03_b_w165_seed1.txt,Set Covering,2750,Relaxed,2000,false,min,1,53.84918,na,na,10024066,15448781,4001
set_covering_n2750_m2586_d0.03_b_w165_seed1.txt,Set Covering,2750,Restricted,10000,false,min,117,283.97244,na,na,51483088,52289004,20000
set_covering_n2750_m2586_d0.03_b_w165_seed1.txt,Set Covering,2750,Relaxed,5000,false,min,2,140.89014,na,na,25308230,39111270,10001
set_covering_n2750_m2586_d0.03_b_w165_seed2.txt,Set Covering,2750,Restricted,500,false,min,121,12.50655,na,na,2575006,2615271,1000
set_covering_n2750_m2586_d0.03_b_w165_seed2.txt,Set Covering,2750,Restricted,1000,false,min,121,25.38985,na,na,5151833,5230413,2000
set_covering_n2750_m2586_d0.03_b_w165_seed2.txt,Set Covering,2750,Restricted,2000,false,min,121,52.41876,na,na,10361054,10498393,4000
set_covering_n2750_m2586_d0.03_b_w165_seed1.txt,Set Covering,2750,Relaxed,10000,false,min,2,295.35703,na,na,50815832,78328521,20001
set_covering_n2750_m2586_d0.03_b_w165_seed2.txt,Set Covering,2750,Restricted,5000,false,min,119,135.23103,na,na,25692376,26171951,10000
set_covering_n2750_m2586_d0.03_b_w165_seed2.txt,Set Covering,2750,Relaxed,500,false,min,1,12.68710,na,na,2545800,3919221,1001
set_covering_n2750_m2586_d0.03_b_w165_seed2.txt,Set Covering,2750,Relaxed,1000,false,min,1,25.90606,na,na,5045705,7766464,2001
set_covering_n2750_m2586_d0.03_b_w165_seed2.txt,Set Covering,2750,Relaxed,2000,false,min,1,53.20978,na,na,10022582,15406499,4001
set_covering_n2750_m2586_d0.03_b_w165_seed2.txt,Set Covering,2750,Relaxed,5000,false,min,2,140.66014,na,na,25542473,39227904,10001
set_covering_n2750_m2586_d0.03_b_w165_seed2.txt,Set Covering,2750,Restricted,10000,false,min,119,282.70038,na,na,51203094,52082018,20000
set_covering_n2750_m2586_d0.03_b_w165_seed3.txt,Set Covering,2750,Restricted,500,false,min,120,12.39823,na,na,2567519,2614344,1000
set_covering_n2750_m2586_d0.03_b_w165_seed3.txt,Set Covering,2750,Restricted,1000,false,min,118,25.37880,na,na,5138853,5227619,2000
set_covering_n2750_m2586_d0.03_b_w165_seed3.txt,Set Covering,2750,Restricted,2000,false,min,118,52.26678,na,na,10276686,10447311,4000
set_covering_n2750_m2586_d0.03_b_w165_seed2.txt,Set Covering,2750,Relaxed,10000,false,min,2,296.47589,na,na,51071901,78507623,20001
set_covering_n2750_m2586_d0.03_b_w165_seed3.txt,Set Covering,2750,Relaxed,500,false,min,1,12.45452,na,na,2482052,3845964,1001
set_covering_n2750_m2586_d0.03_b_w165_seed3.txt,Set Covering,2750,Restricted,5000,false,min,118,135.63560,na,na,25574688,26093916,10000
set_covering_n2750_m2586_d0.03_b_w165_seed3.txt,Set Covering,2750,Relaxed,1000,false,min,1,26.05524,na,na,5122286,7877520,2001
set_covering_n2750_m2586_d0.03_b_w165_seed3.txt,Set Covering,2750,Relaxed,2000,false,min,1,53.76223,na,na,10178027,15703139,4001
set_covering_n2750_m2586_d0.03_b_w165_seed3.txt,Set Covering,2750,Restricted,10000,false,min,117,282.92780,na,na,50971980,52048408,20000
set_covering_n2750_m2586_d0.03_b_w165_seed3.txt,Set Covering,2750,Relaxed,5000,false,min,2,141.97635,na,na,25466623,39260129,10001
set_covering_n2750_m2586_d0.03_b_w165_seed4.txt,Set Covering,2750,Restricted,500,false,min,116,12.63439,na,na,2593597,2627164,1000
set_covering_n2750_m2586_d0.03_b_w165_seed4.txt,Set Covering,2750,Restricted,1000,false,min,121,25.51728,na,na,5191763,5242769,2000
set_covering_n2750_m2586_d0.03_b_w165_seed4.txt,Set Covering,2750,Restricted,2000,false,min,118,52.44057,na,na,10357705,10474612,4000
set_covering_n2750_m2586_d0.03_b_w165_seed3.txt,Set Covering,2750,Relaxed,10000,false,min,2,298.33218,na,na,50974175,78530706,20001
set_covering_n2750_m2586_d0.03_b_w165_seed4.txt,Set Covering,2750,Relaxed,500,false,min,1,12.43732,na,na,2484345,3847194,1001
set_covering_n2750_m2586_d0.03_b_w165_seed4.txt,Set Covering,2750,Restricted,5000,false,min,115,135.18628,na,na,25729073,26085371,10000
set_covering_n2750_m2586_d0.03_b_w165_seed4.txt,Set Covering,2750,Relaxed,1000,false,min,1,25.58928,na,na,5013275,7721026,2001
set_covering_n2750_m2586_d0.03_b_w165_seed4.txt,Set Covering,2750,Relaxed,2000,false,min,1,52.11813,na,na,9877223,15142604,4001
set_covering_n2750_m2586_d0.03_b_w165_seed4.txt,Set Covering,2750,Relaxed,5000,false,min,2,138.82426,na,na,25201756,38915493,10001
set_covering_n2750_m2586_d0.03_b_w165_seed4.txt,Set Covering,2750,Restricted,10000,false,min,114,284.32855,na,na,51744004,52444138,20000
set_covering_n3000_m2836_d0.03_b_w165_seed1.txt,Set Covering,3000,Restricted,500,false,min,131,15.05999,na,na,2847839,2878299,1000
set_covering_n3000_m2836_d0.03_b_w165_seed1.txt,Set Covering,3000,Restricted,1000,false,min,130,30.56216,na,na,5688732,5749625,2000
set_covering_n3000_m2836_d0.03_b_w165_seed1.txt,Set Covering,3000,Restricted,2000,false,min,132,62.78192,na,na,11357022,11482287,4000
set_covering_n2750_m2586_d0.03_b_w165_seed4.txt,Set Covering,2750,Relaxed,10000,false,min,2,294.06628,na,na,50683239,78061170,20001
set_covering_n3000_m2836_d0.03_b_w165_seed1.txt,Set Covering,3000,Relaxed,500,false,min,1,14.80201,na,na,2713172,4216837,1001
set_covering_n3000_m2836_d0.03_b_w165_seed1.txt,Set Covering,3000,Relaxed,1000,false,min,1,31.14434,na,na,5535496,8522092,2001
set_covering_n3000_m2836_d0.03_b_w165_seed1.txt,Set Covering,3000,Restricted,5000,false,min,130,163.04855,na,na,28384429,28688198,10000
set_covering_n3000_m2836_d0.03_b_w165_seed1.txt,Set Covering,3000,Relaxed,2000,false,min,1,64.45441,na,na,11088276,17076727,4001
set_covering_n3000_m2836_d0.03_b_w165_seed1.txt,Set Covering,3000,Relaxed,5000,false,min,2,167.30383,na,na,27661211,42726112,10001
set_covering_n3000_m2836_d0.03_b_w165_seed2.txt,Set Covering,3000,Restricted,500,false,min,132,14.99075,na,na,2838148,2871704,1000
set_covering_n3000_m2836_d0.03_b_w165_seed2.txt,Set Covering,3000,Restricted,1000,false,min,132,30.51017,na,na,5654504,5726387,2000
set_covering_n3000_m2836_d0.03_b_w165_seed2.txt,Set Covering,3000,Restricted,2000,false,min,132,62.56063,na,na,11329686,11490340,4000
set_covering_n3000_m2836_d0.03_b_w165_seed2.txt,Set Covering,3000,Relaxed,500,false,min,1,14.63591,na,na,2676329,4156624,1001
set_covering_n3000_m2836_d0.03_b_w165_seed2.txt,Set Covering,3000,Restricted,5000,false,min,131,160.85359,na,na,28043428,28475489,10000
set_covering_n3000_m2836_d0.03_b_w165_seed2.txt,Set Covering,3000,Relaxed,1000,false,min,1,30.94157,na,na,5504258,8482530,2001
set_covering_n3000_m2836_d0.03_b_w165_seed2.txt,Set Covering,3000,Relaxed,2000,false,min,1,64.01049,na,na,11056212,17018415,4001
set_covering_n3000_m2836_d0.03_b_w165_seed2.txt,Set Covering,3000,Relaxed,5000,false,min,2,167.45628,na,na,27855427,42723447,10001
set_covering_n3000_m2836_d0.03_b_w165_seed3.txt,Set Covering,3000,Restricted,500,false,min,131,14.96204,na,na,2829730,2884108,1000
set_covering_n3000_m2836_d0.03_b_w165_seed3.txt,Set Covering,3000,Restricted,1000,false,min,132,30.58968,na,na,5645990,5757144,2000
set_covering_n3000_m2836_d0.03_b_w165_seed3.txt,Set Covering,3000,Restricted,2000,false,min,130,62.67541,na,na,11280256,11521674,4000
set_covering_n3000_m2836_d0.03_b_w165_seed3.txt,Set Covering,3000,Relaxed,500,false,min,1,14.98390,na,na,2764316,4262998,1001
set_covering_n3000_m2836_d0.03_b_w165_seed3.txt,Set Covering,3000,Restricted,5000,false,min,129,161.84576,na,na,28156882,28734048,10000
set_covering_n3000_m2836_d0.03_b_w165_seed3.txt,Set Covering,3000,Relaxed,1000,false,min,1,30.80006,na,na,5529305,8530275,2001
set_covering_n3000_m2836_d0.03_b_w165_seed3.txt,Set Covering,3000,Relaxed,2000,false,min,1,63.56101,na,na,11104152,17058150,4001
set_covering_n3000_m2836_d0.03_b_w165_seed3.txt,Set Covering,3000,Relaxed,5000,false,min,2,166.70798,na,na,27613071,42527020,10001
set_covering_n3000_m2836_d0.03_b_w165_seed4.txt,Set Covering,3000,Restricted,500,false,min,128,15.06345,na,na,2845078,2874735,1000
set_covering_n3000_m2836_d0.03_b_w165_seed4.txt,Set Covering,3000,Restricted,1000,false,min,127,30.48215,na,na,5667073,5730494,2000
set_covering_n3000_m2836_d0.03_b_w165_seed4.txt,Set Covering,3000,Restricted,2000,false,min,130,62.59483,na,na,11332788,11444421,4000
set_covering_n3000_m2836_d0.03_b_w165_seed4.txt,Set Covering,3000,Relaxed,500,false,min,1,14.70977,na,na,2700052,4188510,1001
set_covering_n3000_m2836_d0.03_b_w165_seed4.txt,Set Covering,3000,Restricted,5000,false,min,128,161.73947,na,na,28205384,28545653,10000
set_covering_n3000_m2836_d0.03_b_w165_seed4.txt,Set Covering,3000,Relaxed,1000,false,min,1,30.39015,na,na,5472352,8428148,2001
set_covering_n3000_m2836_d0.03_b_w165_seed4.txt,Set Covering,3000,Relaxed,2000,false,min,1,61.99962,na,na,10771833,16483375,4001
set_covering_n3000_m2836_d0.03_b_w165_seed4.txt,Set Covering,3000,Relaxed,5000,false,min,2,165.75784,na,na,27719536,42715790,10001
set_covering_n3250_m3086_d0.02_b_w165_seed1.txt,Set Covering,3250,Restricted,500,false,min,144,17.77150,na,na,3081223,3119284,1000
set_covering_n3250_m3086_d0.02_b_w165_seed1.txt,Set Covering,3250,Restricted,1000,false,min,144,35.99847,na,na,6189209,6254230,2000
set_covering_n3250_m3086_d0.02_b_w165_seed1.txt,Set Covering,3250,Restricted,2000,false,min,143,73.91032,na,na,12355480,12501453,4000
set_covering_n3250_m3086_d0.02_b_w165_seed1.txt,Set Covering,3250,Relaxed,500,false,min,1,17.45980,na,na,2968066,4603287,1001
set_covering_n3250_m3086_d0.02_b_w165_seed1.txt,Set Covering,3250,Relaxed,1000,false,min,1,36.27440,na,na,5998877,9227918,2001
set_covering_n3250_m3086_d0.02_b_w165_seed1.txt,Set Covering,3250,Restricted,5000,false,min,142,190.83395,na,na,30847611,31207768,10000
set_covering_n3250_m3086_d0.02_b_w165_seed1.txt,Set Covering,3250,Relaxed,2000,false,min,1,74.78756,na,na,11941574,18352746,4001
set_covering_n3250_m3086_d0.02_b_w165_seed1.txt,Set Covering,3250,Relaxed,5000,false,min,2,195.75400,na,na,30011181,46219096,10001
set_covering_n3250_m3086_d0.02_b_w165_seed2.txt,Set Covering,3250,Restricted,500,false,min,144,17.70784,na,na,3075159,3114812,1000
set_covering_n3250_m3086_d0.02_b_w165_seed2.txt,Set Covering,3250,Restricted,1000,false,min,143,35.95985,na,na,6139786,6220851,2000
set_covering_n3250_m3086_d0.02_b_w165_seed2.txt,Set Covering,3250,Restricted,2000,false,min,143,73.63463,na,na,12262655,12426451,4000
set_covering_n3250_m3086_d0.02_b_w165_seed2.txt,Set Covering,3250,Relaxed,500,false,min,1,17.40461,na,na,2958208,4584023,1001
set_covering_n3250_m3086_d0.02_b_w165_seed2.txt,Set Covering,3250,Relaxed,1000,false,min,1,36.11480,na,na,5993533,9213842,2001
set_covering_n3250_m3086_d0.02_b_w165_seed2.txt,Set Covering,3250,Restricted,5000,false,min,142,190.30247,na,na,30585287,31009728,10000
set_covering_n3250_m3086_d0.02_b_w165_seed2.txt,Set Covering,3250,Relaxed,2000,false,min,1,74.43108,na,na,11882551,18232977,4001
set_covering_n3250_m3086_d0.02_b_w165_seed2.txt,Set Covering,3250,Relaxed,5000,false,min,2,195.24525,na,na,30027583,46205619,10001
set_covering_n3250_m3086_d0.02_b_w165_seed3.txt,Set Covering,3250,Restricted,500,false,min,144,17.78213,na,na,3072787,3126011,1000
set_covering_n3250_m3086_d0.02_b_w165_seed3.txt,Set Covering,3250,Restricted,1000,false,min,144,35.84885,na,na,6149983,6218720,2000
set_covering_n3250_m3086_d0.02_b_w165_seed3.txt,Set Covering,3250,Restricted,2000,false,min,144,73.39374,na,na,12240818,12443271,4000
set_covering_n3250_m3086_d0.02_b_w165_seed3.txt,Set Covering,3250,Relaxed,500,false,min,1,17.37651,na,na,2938587,4567059,1001
set_covering_n3250_m3086_d0.02_b_w165_seed3.txt,Set Covering,3250,Relaxed,1000,false,min,1,36.08189,na,na,6011632,9241510,2001
set_covering_n3250_m3086_d0.02_b_w165_seed3.txt,Set Covering,3250,Restricted,5000,false,min,139,190.08998,na,na,30573760,31104659,10000
set_covering_n3250_m3086_d0.02_b_w165_seed3.txt,Set Covering,3250,Relaxed,2000,false,min,1,74.81066,na,na,12055720,18534293,4001
set_covering_n3250_m3086_d0.02_b_w165_seed3.txt,Set Covering,3250,Relaxed,5000,false,min,2,196.02637,na,na,30205426,46451682,10001
set_covering_n3250_m3086_d0.02_b_w165_seed4.txt,Set Covering,3250,Restricted,500,false,min,143,17.69378,na,na,3085519,3112455,1000
set_covering_n3250_m3086_d0.02_b_w165_seed4.txt,Set Covering,3250,Restricted,1000,false,min,140,35.95102,na,na,6164179,6223796,2000
set_covering_n3250_m3086_d0.02_b_w165_seed4.txt,Set Covering,3250,Restricted,2000,false,min,142,73.48541,na,na,12346396,12442611,4000
set_covering_n3250_m3086_d0.02_b_w165_seed4.txt,Set Covering,3250,Relaxed,500,false,min,1,17.54116,na,na,2967915,4585885,1001
set_covering_n3250_m3086_d0.02_b_w165_seed4.txt,Set Covering,3250,Relaxed,1000,false,min,1,35.85632,na,na,5962730,9163713,2001
set_covering_n3250_m3086_d0.02_b_w165_seed4.txt,Set Covering,3250,Restricted,5000,false,min,141,190.76596,na,na,30782516,31040174,10000
set_covering_n3250_m3086_d0.02_b_w165_seed4.txt,Set Covering,3250,Relaxed,2000,false,min,1,72.71429,na,na,11685902,17850507,4001
set_covering_n3250_m3086_d0.02_b_w165_seed4.txt,Set Covering,3250,Relaxed,5000,false,min,2,193.22525,na,na,29717312,45899486,10001
set_covering_n3500_m3336_d0.02_b_w165_seed1.txt,Set Covering,3500,Restricted,500,false,min,155,20.65109,na,na,3332343,3368091,1000
set_covering_n3500_m3336_d0.02_b_w165_seed1.txt,Set Covering,3500,Restricted,1000,false,min,156,42.07766,na,na,6659510,6736507,2000
set_covering_n3500_m3336_d0.02_b_w165_seed1.txt,Set Covering,3500,Restricted,2000,false,min,155,85.79446,na,na,13260208,13412561,4000
set_covering_n3500_m3336_d0.02_b_w165_seed1.txt,Set Covering,3500,Relaxed,500,false,min,1,20.19444,na,na,3199314,4961456,1001
set_covering_n3500_m3336_d0.02_b_w165_seed1.txt,Set Covering,3500,Relaxed,1000,false,min,1,42.20587,na,na,6492038,9976660,2001
set_covering_n3500_m3336_d0.02_b_w165_seed1.txt,Set Covering,3500,Restricted,5000,false,min,155,222.68695,na,na,33156422,33449419,10000
set_covering_n3500_m3336_d0.02_b_w165_seed1.txt,Set Covering,3500,Relaxed,2000,false,min,1,87.14079,na,na,12966869,19865624,4001
set_covering_n3500_m3336_d0.02_b_w165_seed2.txt,Set Covering,3500,Restricted,500,false,min,156,20.47954,na,na,3325425,3365477,1000
set_covering_n3500_m3336_d0.02_b_w165_seed1.txt,Set Covering,3500,Relaxed,5000,false,min,2,226.96442,na,na,32413405,49889033,10001
set_covering_n3500_m3336_d0.02_b_w165_seed2.txt,Set Covering,3500,Restricted,1000,false,min,156,41.69044,na,na,6639397,6717142,2000
set_covering_n3500_m3336_d0.02_b_w165_seed2.txt,Set Covering,3500,Restricted,2000,false,min,155,85.29198,na,na,13248358,13413279,4000
set_covering_n3500_m3336_d0.02_b_w165_seed2.txt,Set Covering,3500,Relaxed,500,false,min,1,20.24519,na,na,3173974,4912570,1001
set_covering_n3500_m3336_d0.02_b_w165_seed2.txt,Set Covering,3500,Relaxed,1000,false,min,1,41.94551,na,na,6446032,9909808,2001
set_covering_n3500_m3336_d0.02_b_w165_seed2.txt,Set Covering,3500,Restricted,5000,false,min,154,221.46434,na,na,32987093,33377891,10000
set_covering_n3500_m3336_d0.02_b_w165_seed2.txt,Set Covering,3500,Relaxed,2000,false,min,1,87.11925,na,na,13038209,19981019,4001
set_covering_n3500_m3336_d0.02_b_w165_seed3.txt,Set Covering,3500,Restricted,500,false,min,159,20.58017,na,na,3323835,3355987,1000
set_covering_n3500_m3336_d0.02_b_w165_seed2.txt,Set Covering,3500,Relaxed,5000,false,min,2,227.85220,na,na,32481578,49871041,10001
set_covering_n3500_m3336_d0.02_b_w165_seed3.txt,Set Covering,3500,Restricted,1000,false,min,158,41.90780,na,na,6619158,6700369,2000
set_covering_n3500_m3336_d0.02_b_w165_seed3.txt,Set Covering,3500,Restricted,2000,false,min,156,85.79978,na,na,13235392,13419332,4000
set_covering_n3500_m3336_d0.02_b_w165_seed3.txt,Set Covering,3500,Relaxed,500,false,min,1,20.14525,na,na,3191240,4943801,1001
set_covering_n3500_m3336_d0.02_b_w165_seed3.txt,Set Covering,3500,Relaxed,1000,false,min,1,42.08282,na,na,6535582,10039489,2001
set_covering_n3500_m3336_d0.02_b_w165_seed3.txt,Set Covering,3500,Restricted,5000,false,min,154,222.31487,na,na,33083047,33603912,10000
set_covering_n3500_m3336_d0.02_b_w165_seed3.txt,Set Covering,3500,Relaxed,2000,false,min,1,86.97370,na,na,13059887,20029840,4001
set_covering_n3500_m3336_d0.02_b_w165_seed4.txt,Set Covering,3500,Restricted,500,false,min,155,20.52025,na,na,3329662,3355423,1000
set_covering_n3500_m3336_d0.02_b_w165_seed4.txt,Set Covering,3500,Restricted,1000,false,min,155,41.66433,na,na,6644922,6706966,2000
set_covering_n3500_m3336_d0.02_b_w165_seed3.txt,Set Covering,3500,Relaxed,5000,false,min,2,227.72185,na,na,32641522,50153166,10001
set_covering_n3500_m3336_d0.02_b_w165_seed4.txt,Set Covering,3500,Restricted,2000,false,min,154,85.52426,na,na,13293972,13404915,4000
set_covering_n3500_m3336_d0.02_b_w165_seed4.txt,Set Covering,3500,Relaxed,500,false,min,1,20.00926,na,na,3168628,4915296,1001
set_covering_n3500_m3336_d0.02_b_w165_seed4.txt,Set Covering,3500,Relaxed,1000,false,min,1,41.91126,na,na,6445369,9930389,2001
set_covering_n3500_m3336_d0.02_b_w165_seed4.txt,Set Covering,3500,Restricted,5000,false,min,152,221.96638,na,na,33188780,33481816,10000
set_covering_n3500_m3336_d0.02_b_w165_seed4.txt,Set Covering,3500,Relaxed,2000,false,min,1,86.24158,na,na,12846441,19732381,4001
set_covering_n3750_m3586_d0.02_b_w165_seed1.txt,Set Covering,3750,Restricted,500,false,min,167,23.63341,na,na,3565016,3598555,1000
set_covering_n3500_m3336_d0.02_b_w165_seed4.txt,Set Covering,3500,Relaxed,5000,false,min,2,224.87221,na,na,32243866,49657133,10001
set_covering_n3750_m3586_d0.02_b_w165_seed1.txt,Set Covering,3750,Restricted,1000,false,min,167,47.99240,na,na,7151178,7232334,2000
set_covering_n3750_m3586_d0.02_b_w165_seed1.txt,Set Covering,3750,Restricted,2000,false,min,167,98.68240,na,na,14284728,14450032,4000
set_covering_n3750_m3586_d0.02_b_w165_seed1.txt,Set Covering,3750,Relaxed,500,false,min,1,22.89529,na,na,3393124,5270255,1001
set_covering_n3750_m3586_d0.02_b_w165_seed1.txt,Set Covering,3750,Relaxed,1000,false,min,1,47.75098,na,na,6867144,10595902,2001
set_covering_n3750_m3586_d0.02_b_w165_seed1.txt,Set Covering,3750,Restricted,5000,false,min,166,256.82755,na,na,35568574,35912568,10000
set_covering_n3750_m3586_d0.02_b_w165_seed1.txt,Set Covering,3750,Relaxed,2000,false,min,1,100.15104,na,na,13868323,21339967,4001
set_covering_n3750_m3586_d0.02_b_w165_seed2.txt,Set Covering,3750,Restricted,500,false,min,168,23.66809,na,na,3572870,3603714,1000
set_covering_n3750_m3586_d0.02_b_w165_seed2.txt,Set Covering,3750,Restricted,1000,false,min,168,47.88700,na,na,7118480,7198784,2000
set_covering_n3750_m3586_d0.02_b_w165_seed1.txt,Set Covering,3750,Relaxed,5000,false,min,2,261.22614,na,na,34796888,53553034,10001
set_covering_n3750_m3586_d0.02_b_w165_seed2.txt,Set Covering,3750,Restricted,2000,false,min,168,98.64633,na,na,14245328,14390954,4000
set_covering_n3750_m3586_d0.02_b_w165_seed2.txt,Set Covering,3750,Relaxed,500,false,min,1,23.12832,na,na,3407669,5274364,1001
set_covering_n3750_m3586_d0.02_b_w165_seed2.txt,Set Covering,3750,Relaxed,1000,false,min,1,48.15767,na,na,6936072,10643268,2001
set_covering_n3750_m3586_d0.02_b_w165_seed2.txt,Set Covering,3750,Restricted,5000,false,min,166,256.41721,na,na,35524469,35926635,10000
set_covering_n3750_m3586_d0.02_b_w165_seed2.txt,Set Covering,3750,Relaxed,2000,false,min,1,100.03529,na,na,13922926,21353848,4001
set_covering_n3750_m3586_d0.02_b_w165_seed3.txt,Set Covering,3750,Restricted,500,false,min,169,23.63484,na,na,3554500,3613141,1000
set_covering_n3750_m3586_d0.02_b_w165_seed2.txt,Set Covering,3750,Relaxed,5000,false,min,2,260.83725,na,na,34687949,53248938,10001
set_covering_n3750_m3586_d0.02_b_w165_seed3.txt,Set Covering,3750,Restricted,1000,false,min,169,48.01080,na,na,7135976,7230359,2000
set_covering_n3750_m3586_d0.02_b_w165_seed3.txt,Set Covering,3750,Restricted,2000,false,min,168,98.86926,na,na,14229848,14428865,4000
set_covering_n3750_m3586_d0.02_b_w165_seed3.txt,Set Covering,3750,Relaxed,500,false,min,1,23.24385,na,na,3425547,5308760,1001
set_covering_n3750_m3586_d0.02_b_w165_seed3.txt,Set Covering,3750,Relaxed,1000,false,min,1,48.18047,na,na,6985759,10723491,2001
set_covering_n3750_m3586_d0.02_b_w165_seed3.txt,Set Covering,3750,Restricted,5000,false,min,166,257.10062,na,na,35589050,36066040,10000
set_covering_n3750_m3586_d0.02_b_w165_seed3.txt,Set Covering,3750,Relaxed,2000,false,min,1,99.47527,na,na,14004276,21471272,4001
set_covering_n3750_m3586_d0.02_b_w165_seed4.txt,Set Covering,3750,Restricted,500,false,min,166,23.60616,na,na,3540702,3578850,1000
set_covering_n3750_m3586_d0.02_b_w165_seed3.txt,Set Covering,3750,Relaxed,5000,false,min,2,260.81949,na,na,34920247,53639895,10001
set_covering_n3750_m3586_d0.02_b_w165_seed4.txt,Set Covering,3750,Restricted,1000,false,min,164,47.90801,na,na,7106160,7184026,2000
set_covering_n3750_m3586_d0.02_b_w165_seed4.txt,Set Covering,3750,Restricted,2000,false,min,167,98.47801,na,na,14247057,14367068,4000
set_covering_n3750_m3586_d0.02_b_w165_seed4.txt,Set Covering,3750,Relaxed,500,false,min,1,22.63506,na,na,3368318,5245726,1001
set_covering_n3750_m3586_d0.02_b_w165_seed4.txt,Set Covering,3750,Relaxed,1000,false,min,1,47.82583,na,na,6926325,10657249,2001
set_covering_n3750_m3586_d0.02_b_w165_seed4.txt,Set Covering,3750,Restricted,5000,false,min,164,255.89618,na,na,35311056,35727592,10000
set_covering_n3750_m3586_d0.02_b_w165_seed4.txt,Set Covering,3750,Relaxed,2000,false,min,1,97.39378,na,na,13647370,20850705,4001
set_covering_n4000_m3836_d0.02_b_w165_seed1.txt,Set Covering,4000,Exact,99999,false,min,4000,0.01532,na,na,4001,4000,1
set_covering_n4000_m3836_d0.02_b_w165_seed1.txt,Set Covering,4000,Restricted,500,false,min,4000,0.01531,na,na,4001,4000,1
set_covering_n4000_m3836_d0.02_b_w165_seed1.txt,Set Covering,4000,Restricted,1000,false,min,4000,0.01530,na,na,4001,4000,1
set_covering_n4000_m3836_d0.02_b_w165_seed1.txt,Set Covering,4000,Restricted,2000,false,min,4000,0.01529,na,na,4001,4000,1
set_covering_n4000_m3836_d0.02_b_w165_seed1.txt,Set Covering,4000,Restricted,5000,false,min,4000,0.01531,na,na,4001,4000,1
set_covering_n4000_m3836_d0.02_b_w165_seed1.txt,Set Covering,4000,Restricted,10000,false,min,4000,0.01532,na,na,4001,4000,1
set_covering_n4000_m3836_d0.02_b_w165_seed1.txt,Set Covering,4000,Restricted,20000,false,min,4000,0.01531,na,na,4001,4000,1
set_covering_n4000_m3836_d0.02_b_w165_seed1.txt,Set Covering,4000,Relaxed,500,false,min,4000,0.01534,na,na,4001,4000,1
set_covering_n4000_m3836_d0.02_b_w165_seed1.txt,Set Covering,4000,Relaxed,1000,false,min,4000,0.01530,na,na,4001,4000,1
set_covering_n4000_m3836_d0.02_b_w165_seed1.txt,Set Covering,4000,Relaxed,2000,false,min,4000,0.01528,na,na,4001,4000,1
set_covering_n4000_m3836_d0.02_b_w165_seed1.txt,Set Covering,4000,Relaxed,5000,false,min,4000,0.01533,na,na,4001,4000,1
set_covering_n4000_m3836_d0.02_b_w165_seed1.txt,Set Covering,4000,Relaxed,10000,false,min,4000,0.01533,na,na,4001,4000,1
set_covering_n4000_m3836_d0.02_b_w165_seed1.txt,Set Covering,4000,Relaxed,20000,false,min,4000,0.01534,na,na,4001,4000,1
set_covering_n4000_m3836_d0.02_b_w165_seed2.txt,Set Covering,4000,Restricted,500,false,min,182,27.08188,na,na,3831689,3872388,1000
set_covering_n3750_m3586_d0.02_b_w165_seed4.txt,Set Covering,3750,Relaxed,5000,false,min,2,257.38278,na,na,34671774,53341656,10001
set_covering_n4000_m3836_d0.02_b_w165_seed2.txt,Set Covering,4000,Restricted,1000,false,min,181,55.02976,na,na,7666966,7729335,2000
set_covering_n4000_m3836_d0.02_b_w165_seed2.txt,Set Covering,4000,Restricted,2000,false,min,180,112.50935,na,na,15239911,15429500,4000
set_covering_n4000_m3836_d0.02_b_w165_seed2.txt,Set Covering,4000,Relaxed,500,false,min,1,26.07204,na,na,3610352,5609837,1001
set_covering_n4000_m3836_d0.02_b_w165_seed2.txt,Set Covering,4000,Relaxed,1000,false,min,1,54.41270,na,na,7392743,11382866,2001
set_covering_n4000_m3836_d0.02_b_w165_seed2.txt,Set Covering,4000,Restricted,5000,false,min,179,292.86282,na,na,38053293,38452558,10000
set_covering_n4000_m3836_d0.02_b_w165_seed2.txt,Set Covering,4000,Relaxed,2000,false,min,1,112.30349,na,na,14888999,22863325,4001
set_covering_n4000_m3836_d0.02_b_w165_seed3.txt,Set Covering,4000,Restricted,500,false,min,183,27.06797,na,na,3824110,3858663,1000
set_covering_n4000_m3836_d0.02_b_w165_seed3.txt,Set Covering,4000,Restricted,1000,false,min,182,54.80478,na,na,7625705,7712003,2000
set_covering_n4000_m3836_d0.02_b_w165_seed2.txt,Set Covering,4000,Relaxed,5000,false,min,2,294.99567,na,na,37081627,57054512,10001
set_covering_n4000_m3836_d0.02_b_w165_seed3.txt,Set Covering,4000,Restricted,2000,false,min,179,112.23135,na,na,15256055,15428863,4000
set_covering_n4000_m3836_d0.02_b_w165_seed3.txt,Set Covering,4000,Relaxed,500,false,min,1,26.40479,na,na,3658378,5661977,1001
set_covering_n4000_m3836_d0.02_b_w165_seed3.txt,Set Covering,4000,Relaxed,1000,false,min,1,54.94199,na,na,7433496,11409792,2001
set_covering_n4000_m3836_d0.02_b_w165_seed3.txt,Set Covering,4000,Relaxed,2000,false,min,1,112.91486,na,na,14903238,22844867,4001
set_covering_n4000_m3836_d0.02_b_w165_seed3.txt,Set Covering,4000,Restricted,5000,false,min,176,292.69913,na,na,38108042,38550891,10000
set_covering_n4000_m3836_d0.02_b_w165_seed4.txt,Set Covering,4000,Restricted,500,false,min,178,26.91071,na,na,3797507,3828439,1000
set_covering_n4000_m3836_d0.02_b_w165_seed4.txt,Set Covering,4000,Restricted,1000,false,min,179,54.63615,na,na,7590047,7645536,2000
set_covering_n4000_m3836_d0.02_b_w165_seed3.txt,Set Covering,4000,Relaxed,5000,false,min,2,298.27765,na,na,37427773,57358254,10001
set_covering_n4000_m3836_d0.02_b_w165_seed4.txt,Set Covering,4000,Restricted,2000,false,min,179,112.05856,na,na,15176081,15305323,4000
set_covering_n4000_m3836_d0.02_b_w165_seed4.txt,Set Covering,4000,Relaxed,500,false,min,1,25.79471,na,na,3595571,5605283,1001
set_covering_n4000_m3836_d0.02_b_w165_seed4.txt,Set Covering,4000,Relaxed,1000,false,min,1,53.67585,na,na,7309347,11304342,2001
set_covering_n4000_m3836_d0.02_b_w165_seed4.txt,Set Covering,4000,Restricted,5000,false,min,178,289.59473,na,na,37886785,38236889,10000
set_covering_n4000_m3836_d0.02_b_w165_seed4.txt,Set Covering,4000,Relaxed,2000,false,min,1,111.54594,na,na,14803950,22744287,4001
knapsack_n100m10o1b5_0.txt,SOCKnapsack,23,Exact,99999,false,max,1004,0.12670,na,na,267225,421262,67752
knapsack_n100m10o1b5_0.txt,SOCKnapsack,23,Restricted,500,false,max,1004,0.00231,na,na,9315,10455,902
knapsack_n100m10o1b5_0.txt,SOCKnapsack,23,Restricted,1000,false,max,1004,0.00429,na,na,16866,19182,1804
knapsack_n100m10o1b5_0.txt,SOCKnapsack,23,Restricted,2000,false,max,1004,0.00789,na,na,29896,34826,3519
knapsack_n100m10o1b5_0.txt,SOCKnapsack,23,Restricted,5000,false,max,1004,0.01867,na,na,61942,75031,8424
knapsack_n100m10o1b5_0.txt,SOCKnapsack,23,Restricted,10000,false,max,1004,0.03258,na,na,102295,129111,15913
knapsack_n100m10o1b5_0.txt,SOCKnapsack,23,Restricted,20000,false,max,1004,0.05642,na,na,161522,214836,31262
knapsack_n100m10o1b5_0.txt,SOCKnapsack,23,Relaxed,500,false,max,1004,0.00280,na,na,9310,13334,901
knapsack_n100m10o1b5_0.txt,SOCKnapsack,23,Relaxed,1000,false,max,1004,0.00525,na,na,16865,24310,1803
knapsack_n100m10o1b5_0.txt,SOCKnapsack,23,Relaxed,2000,false,max,1004,0.00964,na,na,29892,43515,3518
knapsack_n100m10o1b5_0.txt,SOCKnapsack,23,Relaxed,5000,false,max,1004,0.02227,na,na,61941,91392,8425
knapsack_n100m10o1b5_0.txt,SOCKnapsack,23,Relaxed,10000,false,max,1004,0.04181,na,na,102294,152719,15913
knapsack_n100m10o1b5_0.txt,SOCKnapsack,23,Relaxed,20000,false,max,1004,0.07157,na,na,161520,244752,31261
knapsack_n100m10o1b5_1.txt,SOCKnapsack,17,Exact,99999,false,max,638,0.00194,na,na,6498,11234,1445
knapsack_n100m10o1b5_1.txt,SOCKnapsack,17,Restricted,500,false,max,638,0.00125,na,na,4228,6280,707
knapsack_n100m10o1b5_1.txt,SOCKnapsack,17,Restricted,1000,false,max,638,0.00167,na,na,5949,9613,1341
knapsack_n100m10o1b5_1.txt,SOCKnapsack,17,Restricted,2000,false,max,638,0.00191,na,na,6498,11234,1445
knapsack_n100m10o1b5_1.txt,SOCKnapsack,17,Restricted,5000,false,max,638,0.00192,na,na,6498,11234,1445
knapsack_n100m10o1b5_1.txt,SOCKnapsack,17,Restricted,10000,false,max,638,0.00193,na,na,6498,11234,1445
knapsack_n100m10o1b5_1.txt,SOCKnapsack,17,Restricted,20000,false,max,638,0.00193,na,na,6498,11234,1445
knapsack_n100m10o1b5_1.txt,SOCKnapsack,17,Relaxed,500,false,max,638,0.00141,na,na,4227,6892,707
knapsack_n100m10o1b5_1.txt,SOCKnapsack,17,Relaxed,1000,false,max,638,0.00194,na,na,5948,10032,1340
knapsack_n100m10o1b5_1.txt,SOCKnapsack,17,Relaxed,2000,false,max,638,0.00192,na,na,6498,11234,1445
knapsack_n100m10o1b5_1.txt,SOCKnapsack,17,Relaxed,5000,false,max,638,0.00193,na,na,6498,11234,1445
knapsack_n100m10o1b5_1.txt,SOCKnapsack,17,Relaxed,10000,false,max,638,0.00193,na,na,6498,11234,1445
knapsack_n100m10o1b5_1.txt,SOCKnapsack,17,Relaxed,20000,false,max,638,0.00194,na,na,6498,11234,1445
knapsack_n100m10o1b5_2.txt,SOCKnapsack,20,Exact,99999,false,max,796,0.01408,na,na,42764,67911,10152
knapsack_n100m10o1b5_2.txt,SOCKnapsack,20,Restricted,500,false,max,796,0.00187,na,na,7258,8643,823
knapsack_n100m10o1b5_2.txt,SOCKnapsack,20,Restricted,1000,false,max,796,0.00335,na,na,12649,15729,1628
knapsack_n100m10o1b5_2.txt,SOCKnapsack,20,Restricted,2000,false,max,796,0.00594,na,na,20868,27955,3142
knapsack_n100m10o1b5_2.txt,SOCKnapsack,20,Restricted,5000,false,max,796,0.01099,na,na,34546,49608,7217
knapsack_n100m10o1b5_2.txt,SOCKnapsack,20,Restricted,10000,false,max,796,0.01365,na,na,42764,67722,10152
knapsack_n100m10o1b5_2.txt,SOCKnapsack,20,Restricted,20000,false,max,796,0.01403,na,na,42764,67911,10152
knapsack_n100m10o1b5_2.txt,SOCKnapsack,20,Relaxed,500,false,max,796,0.00227,na,na,7252,10479,822
knapsack_n100m10o1b5_2.txt,SOCKnapsack,20,Relaxed,1000,false,max,796,0.00407,na,na,12649,18697,1627
knapsack_n100m10o1b5_2.txt,SOCKnapsack,20,Relaxed,2000,false,max,796,0.00704,na,na,20868,31888,3141
knapsack_n100m10o1b5_2.txt,SOCKnapsack,20,Relaxed,5000,false,max,796,0.01261,na,na,34545,53734,7216
knapsack_n100m10o1b5_2.txt,SOCKnapsack,20,Relaxed,10000,false,max,796,0.01620,na,na,42765,67876,10153
knapsack_n100m10o1b5_2.txt,SOCKnapsack,20,Relaxed,20000,false,max,796,0.01408,na,na,42764,67911,10152
knapsack_n100m10o1b5_3.txt,SOCKnapsack,25,Exact,99999,false,max,877,0.43564,na,na,642245,1092650,122819
knapsack_n100m10o1b5_3.txt,SOCKnapsack,25,Restricted,500,false,max,877,0.00282,na,na,11152,12760,920
knapsack_n100m10o1b5_3.txt,SOCKnapsack,25,Restricted,1000,false,max,877,0.00532,na,na,20678,24058,1837
knapsack_n100m10o1b5_3.txt,SOCKnapsack,25,Restricted,2000,false,max,877,0.01042,na,na,37795,44969,3518
knapsack_n100m10o1b5_3.txt,SOCKnapsack,25,Restricted,5000,false,max,877,0.02579,na,na,82004,101223,8896
knapsack_n100m10o1b5_3.txt,SOCKnapsack,25,Restricted,10000,false,max,877,0.04625,na,na,142844,183199,16748
knapsack_n100m10o1b5_3.txt,SOCKnapsack,25,Restricted,20000,false,max,877,0.08291,na,na,240687,324412,30165
knapsack_n100m10o1b5_3.txt,SOCKnapsack,25,Relaxed,500,false,max,883,0.00337,na,na,11135,16106,919
knapsack_n100m10o1b5_3.txt,SOCKnapsack,25,Relaxed,1000,false,max,877,0.00659,na,na,20672,30200,1836
knapsack_n100m10o1b5_3.txt,SOCKnapsack,25,Relaxed,2000,false,max,877,0.01290,na,na,37788,55889,3518
knapsack_n100m10o1b5_3.txt,SOCKnapsack,25,Relaxed,5000,false,max,877,0.03160,na,na,82000,123346,8895
knapsack_n100m10o1b5_3.txt,SOCKnapsack,25,Relaxed,10000,false,max,877,0.06033,na,na,142841,218221,16747
knapsack_n100m10o1b5_3.txt,SOCKnapsack,25,Relaxed,20000,false,max,877,0.11553,na,na,240686,374747,30165
knapsack_n100m10o1b5_4.txt,SOCKnapsack,19,Exact,99999,false,max,712,0.00267,na,na,9172,15112,1732
knapsack_n100m10o1b5_4.txt,SOCKnapsack,19,Restricted,500,false,max,712,0.00132,na,na,4799,6636,762
knapsack_n100m10o1b5_4.txt,SOCKnapsack,19,Restricted,1000,false,max,712,0.00199,na,na,7337,10985,1339
knapsack_n100m10o1b5_4.txt,SOCKnapsack,19,Restricted,2000,false,max,712,0.00273,na,na,9172,15112,1732
knapsack_n100m10o1b5_4.txt,SOCKnapsack,19,Restricted,5000,false,max,712,0.00268,na,na,9172,15112,1732
knapsack_n100m10o1b5_4.txt,SOCKnapsack,19,Restricted,10000,false,max,712,0.00267,na,na,9172,15112,1732
knapsack_n100m10o1b5_4.txt,SOCKnapsack,19,Restricted,20000,false,max,712,0.00273,na,na,9172,15112,1732
knapsack_n100m10o1b5_4.txt,SOCKnapsack,19,Relaxed,500,false,max,712,0.00152,na,na,4796,7370,761
knapsack_n100m10o1b5_4.txt,SOCKnapsack,19,Relaxed,1000,false,max,712,0.00238,na,na,7336,11631,1339
knapsack_n100m10o1b5_4.txt,SOCKnapsack,19,Relaxed,2000,false,max,712,0.00274,na,na,9172,15112,1732
knapsack_n100m10o1b5_4.txt,SOCKnapsack,19,Relaxed,5000,false,max,712,0.00278,na,na,9172,15112,1732
knapsack_n100m10o1b5_4.txt,SOCKnapsack,19,Relaxed,10000,false,max,712,0.00272,na,na,9172,15112,1732
set_covering_n4000_m3836_d0.02_b_w165_seed4.txt,Set Covering,4000,Relaxed,5000,false,min,2,290.48343,na,na,36893417,56836598,10001
knapsack_n100m10o1b5_4.txt,SOCKnapsack,19,Relaxed,20000,false,max,712,0.00276,na,na,9172,15112,1732
knapsack_n100m10o3b5_0.txt,SOCKnapsack,23,Exact,99999,false,max,1031,0.10348,na,na,225259,353701,59835
knapsack_n100m10o3b5_0.txt,SOCKnapsack,23,Restricted,500,false,max,1031,0.00245,na,na,9421,10678,882
knapsack_n100m10o3b5_0.txt,SOCKnapsack,23,Restricted,1000,false,max,1031,0.00443,na,na,16909,19528,1796
knapsack_n100m10o3b5_0.txt,SOCKnapsack,23,Restricted,2000,false,max,1031,0.00816,na,na,29672,35136,3364
knapsack_n100m10o3b5_0.txt,SOCKnapsack,23,Restricted,5000,false,max,1031,0.01870,na,na,60086,73790,8258
knapsack_n100m10o3b5_0.txt,SOCKnapsack,23,Restricted,10000,false,max,1031,0.03172,na,na,99312,126277,16555
knapsack_n100m10o3b5_0.txt,SOCKnapsack,23,Restricted,20000,false,max,1031,0.05245,na,na,151159,203312,30394
knapsack_n100m10o3b5_0.txt,SOCKnapsack,23,Relaxed,500,false,max,1031,0.00284,na,na,9416,13669,881
knapsack_n100m10o3b5_0.txt,SOCKnapsack,23,Relaxed,1000,false,max,1031,0.00540,na,na,16904,24726,1795
knapsack_n100m10o3b5_0.txt,SOCKnapsack,23,Relaxed,2000,false,max,1031,0.00971,na,na,29667,43735,3363
knapsack_n100m10o3b5_0.txt,SOCKnapsack,23,Relaxed,5000,false,max,1031,0.02203,na,na,60084,89482,8258
knapsack_n100m10o3b5_0.txt,SOCKnapsack,23,Relaxed,10000,false,max,1031,0.04003,na,na,99311,149306,16555
knapsack_n100m10o3b5_0.txt,SOCKnapsack,23,Relaxed,20000,false,max,1031,0.06544,na,na,151158,230235,30393
knapsack_n100m10o3b5_1.txt,SOCKnapsack,17,Exact,99999,false,max,641,0.00156,na,na,5092,8652,1060
knapsack_n100m10o3b5_1.txt,SOCKnapsack,17,Restricted,500,false,max,641,0.00114,na,na,3832,5778,786
knapsack_n100m10o3b5_1.txt,SOCKnapsack,17,Restricted,1000,false,max,641,0.00147,na,na,5032,8441,1060
knapsack_n100m10o3b5_1.txt,SOCKnapsack,17,Restricted,2000,false,max,641,0.00158,na,na,5092,8652,1060
knapsack_n100m10o3b5_1.txt,SOCKnapsack,17,Restricted,5000,false,max,641,0.00158,na,na,5092,8652,1060
knapsack_n100m10o3b5_1.txt,SOCKnapsack,17,Restricted,10000,false,max,641,0.00159,na,na,5092,8652,1060
knapsack_n100m10o3b5_1.txt,SOCKnapsack,17,Restricted,20000,false,max,641,0.00160,na,na,5092,8652,1060
knapsack_n100m10o3b5_1.txt,SOCKnapsack,17,Relaxed,500,false,max,641,0.00132,na,na,3832,6228,787
knapsack_n100m10o3b5_1.txt,SOCKnapsack,17,Relaxed,1000,false,max,641,0.00168,na,na,5032,8501,1061
knapsack_n100m10o3b5_1.txt,SOCKnapsack,17,Relaxed,2000,false,max,641,0.00158,na,na,5092,8652,1060
knapsack_n100m10o3b5_1.txt,SOCKnapsack,17,Relaxed,5000,false,max,641,0.00158,na,na,5092,8652,1060
knapsack_n100m10o3b5_1.txt,SOCKnapsack,17,Relaxed,10000,false,max,641,0.00159,na,na,5092,8652,1060
knapsack_n100m10o3b5_1.txt,SOCKnapsack,17,Relaxed,20000,false,max,641,0.00159,na,na,5092,8652,1060
knapsack_n100m10o3b5_2.txt,SOCKnapsack,20,Exact,99999,false,max,808,0.01182,na,na,35670,55856,8437
knapsack_n100m10o3b5_2.txt,SOCKnapsack,20,Restricted,500,false,max,808,0.00191,na,na,7014,8429,896
knapsack_n100m10o3b5_2.txt,SOCKnapsack,20,Restricted,1000,false,max,808,0.00387,na,na,12085,15115,1651
knapsack_n100m10o3b5_2.txt,SOCKnapsack,20,Restricted,2000,false,max,808,0.00540,na,na,19629,26348,3135
knapsack_n100m10o3b5_2.txt,SOCKnapsack,20,Restricted,5000,false,max,808,0.00896,na,na,30753,44475,6694
knapsack_n100m10o3b5_2.txt,SOCKnapsack,20,Restricted,10000,false,max,808,0.01161,na,na,35670,55856,8437
knapsack_n100m10o3b5_2.txt,SOCKnapsack,20,Restricted,20000,false,max,808,0.01166,na,na,35670,55856,8437
knapsack_n100m10o3b5_2.txt,SOCKnapsack,20,Relaxed,500,false,max,808,0.00213,na,na,7011,10192,895
knapsack_n100m10o3b5_2.txt,SOCKnapsack,20,Relaxed,1000,false,max,808,0.00388,na,na,12081,17869,1650
knapsack_n100m10o3b5_2.txt,SOCKnapsack,20,Relaxed,2000,false,max,808,0.00651,na,na,19626,29829,3134
knapsack_n100m10o3b5_2.txt,SOCKnapsack,20,Relaxed,5000,false,max,808,0.01069,na,na,30752,47476,6693
knapsack_n100m10o3b5_2.txt,SOCKnapsack,20,Relaxed,10000,false,max,808,0.01167,na,na,35670,55856,8437
knapsack_n100m10o3b5_2.txt,SOCKnapsack,20,Relaxed,20000,false,max,808,0.01201,na,na,35670,55856,8437
knapsack_n100m10o3b5_3.txt,SOCKnapsack,25,Exact,99999,false,max,877,0.30209,na,na,517050,870367,90516
knapsack_n100m10o3b5_3.txt,SOCKnapsack,25,Restricted,500,false,max,877,0.00287,na,na,11230,13030,912
knapsack_n100m10o3b5_3.txt,SOCKnapsack,25,Restricted,1000,false,max,877,0.00541,na,na,20603,24287,1814
knapsack_n100m10o3b5_3.txt,SOCKnapsack,25,Restricted,2000,false,max,877,0.01037,na,na,37390,45162,3637
knapsack_n100m10o3b5_3.txt,SOCKnapsack,25,Restricted,5000,false,max,877,0.02518,na,na,80711,101184,8644
knapsack_n100m10o3b5_3.txt,SOCKnapsack,25,Restricted,10000,false,max,877,0.04672,na,na,140471,183154,16091
knapsack_n100m10o3b5_3.txt,SOCKnapsack,25,Restricted,20000,false,max,877,0.08184,na,na,236394,324463,29764
knapsack_n100m10o3b5_3.txt,SOCKnapsack,25,Relaxed,500,false,max,879,0.00349,na,na,11225,16423,911
knapsack_n100m10o3b5_3.txt,SOCKnapsack,25,Relaxed,1000,false,max,877,0.00660,na,na,20599,30287,1813
knapsack_n100m10o3b5_3.txt,SOCKnapsack,25,Relaxed,2000,false,max,877,0.01253,na,na,37386,55527,3636
knapsack_n100m10o3b5_3.txt,SOCKnapsack,25,Relaxed,5000,false,max,877,0.03053,na,na,80709,121584,8645
knapsack_n100m10o3b5_3.txt,SOCKnapsack,25,Relaxed,10000,false,max,877,0.05953,na,na,140468,214708,16090
knapsack_n100m10o3b5_3.txt,SOCKnapsack,25,Relaxed,20000,false,max,877,0.11356,na,na,236393,368565,29764
knapsack_n100m10o3b5_4.txt,SOCKnapsack,19,Exact,99999,false,max,693,0.00253,na,na,8570,13623,2430
knapsack_n100m10o3b5_4.txt,SOCKnapsack,19,Restricted,500,false,max,693,0.00129,na,na,4521,5859,806
knapsack_n100m10o3b5_4.txt,SOCKnapsack,19,Restricted,1000,false,max,693,0.00178,na,na,6573,9023,1618
knapsack_n100m10o3b5_4.txt,SOCKnapsack,19,Restricted,2000,false,max,693,0.00236,na,na,8362,12727,2430
knapsack_n100m10o3b5_4.txt,SOCKnapsack,19,Restricted,5000,false,max,693,0.00260,na,na,8570,13623,2430
knapsack_n100m10o3b5_4.txt,SOCKnapsack,19,Restricted,10000,false,max,693,0.00259,na,na,8570,13623,2430
knapsack_n100m10o3b5_4.txt,SOCKnapsack,19,Restricted,20000,false,max,693,0.00256,na,na,8570,13623,2430
knapsack_n100m10o3b5_4.txt,SOCKnapsack,19,Relaxed,500,false,max,693,0.00147,na,na,4519,6835,805
knapsack_n100m10o3b5_4.txt,SOCKnapsack,19,Relaxed,1000,false,max,693,0.00210,na,na,6573,10095,1617
knapsack_n100m10o3b5_4.txt,SOCKnapsack,19,Relaxed,2000,false,max,693,0.00273,na,na,8363,13161,2431
knapsack_n100m10o3b5_4.txt,SOCKnapsack,19,Relaxed,5000,false,max,693,0.00262,na,na,8570,13623,2430
knapsack_n100m10o3b5_4.txt,SOCKnapsack,19,Relaxed,10000,false,max,693,0.00256,na,na,8570,13623,2430
knapsack_n100m10o3b5_4.txt,SOCKnapsack,19,Relaxed,20000,false,max,693,0.00257,na,na,8570,13623,2430
knapsack_n100m10o5b5_0.txt,SOCKnapsack,23,Exact,99999,false,max,1054,0.07367,na,na,164851,257955,43044
knapsack_n100m10o5b5_0.txt,SOCKnapsack,23,Restricted,500,false,max,1054,0.00235,na,na,9089,10517,870
knapsack_n100m10o5b5_0.txt,SOCKnapsack,23,Restricted,1000,false,max,1054,0.00423,na,na,16263,19200,1681
knapsack_n100m10o5b5_0.txt,SOCKnapsack,23,Restricted,2000,false,max,1054,0.00764,na,na,28167,34041,3320
knapsack_n100m10o5b5_0.txt,SOCKnapsack,23,Restricted,5000,false,max,1054,0.01720,na,na,55775,70114,8365
knapsack_n100m10o5b5_0.txt,SOCKnapsack,23,Restricted,10000,false,max,1054,0.02864,na,na,88405,115640,15664
knapsack_n100m10o5b5_0.txt,SOCKnapsack,23,Restricted,20000,false,max,1054,0.04482,na,na,132424,184108,29402
knapsack_n100m10o5b5_0.txt,SOCKnapsack,23,Relaxed,500,false,max,1054,0.00279,na,na,9084,13288,869
knapsack_n100m10o5b5_0.txt,SOCKnapsack,23,Relaxed,1000,false,max,1054,0.00506,na,na,16258,23952,1681
knapsack_n100m10o5b5_0.txt,SOCKnapsack,23,Relaxed,2000,false,max,1054,0.00917,na,na,28163,41808,3319
knapsack_n100m10o5b5_0.txt,SOCKnapsack,23,Relaxed,5000,false,max,1054,0.02007,na,na,55772,83634,8364
knapsack_n100m10o5b5_0.txt,SOCKnapsack,23,Relaxed,10000,false,max,1054,0.03556,na,na,88404,133652,15663
knapsack_n100m10o5b5_0.txt,SOCKnapsack,23,Relaxed,20000,false,max,1054,0.05482,na,na,132424,202858,29403
knapsack_n100m10o5b5_1.txt,SOCKnapsack,17,Exact,99999,false,max,644,0.00118,na,na,3702,6312,742
knapsack_n100m10o5b5_1.txt,SOCKnapsack,17,Restricted,500,false,max,644,0.00107,na,na,3274,5242,627
knapsack_n100m10o5b5_1.txt,SOCKnapsack,17,Restricted,1000,false,max,644,0.00120,na,na,3702,6312,742
knapsack_n100m10o5b5_1.txt,SOCKnapsack,17,Restricted,2000,false,max,644,0.00120,na,na,3702,6312,742
knapsack_n100m10o5b5_1.txt,SOCKnapsack,17,Restricted,5000,false,max,644,0.00121,na,na,3702,6312,742
knapsack_n100m10o5b5_1.txt,SOCKnapsack,17,Restricted,10000,false,max,644,0.00119,na,na,3702,6312,742
knapsack_n100m10o5b5_1.txt,SOCKnapsack,17,Restricted,20000,false,max,644,0.00120,na,na,3702,6312,742
knapsack_n100m10o5b5_1.txt,SOCKnapsack,17,Relaxed,500,false,max,644,0.00121,na,na,3273,5451,626
knapsack_n100m10o5b5_1.txt,SOCKnapsack,17,Relaxed,1000,false,max,644,0.00121,na,na,3702,6312,742
knapsack_n100m10o5b5_1.txt,SOCKnapsack,17,Relaxed,2000,false,max,644,0.00122,na,na,3702,6312,742
knapsack_n100m10o5b5_1.txt,SOCKnapsack,17,Relaxed,5000,false,max,644,0.00113,na,na,3702,6312,742
knapsack_n100m10o5b5_1.txt,SOCKnapsack,17,Relaxed,10000,false,max,644,0.00107,na,na,3702,6312,742
knapsack_n100m10o5b5_1.txt,SOCKnapsack,17,Relaxed,20000,false,max,644,0.00116,na,na,3702,6312,742
knapsack_n100m10o5b5_2.txt,SOCKnapsack,20,Exact,99999,false,max,818,0.01226,na,na,39218,60239,12325
knapsack_n100m10o5b5_2.txt,SOCKnapsack,20,Restricted,500,false,max,818,0.00171,na,na,7048,8279,854
knapsack_n100m10o5b5_2.txt,SOCKnapsack,20,Restricted,1000,false,max,818,0.00274,na,na,11858,14345,1708
knapsack_n100m10o5b5_2.txt,SOCKnapsack,20,Restricted,2000,false,max,818,0.00490,na,na,18792,23674,3416
knapsack_n100m10o5b5_2.txt,SOCKnapsack,20,Restricted,5000,false,max,818,0.00843,na,na,31051,41259,7999
knapsack_n100m10o5b5_2.txt,SOCKnapsack,20,Restricted,10000,false,max,818,0.01113,na,na,38097,55862,12325
knapsack_n100m10o5b5_2.txt,SOCKnapsack,20,Restricted,20000,false,max,818,0.01248,na,na,39218,60239,12325
knapsack_n100m10o5b5_2.txt,SOCKnapsack,20,Relaxed,500,false,max,818,0.00192,na,na,7045,10340,854
knapsack_n100m10o5b5_2.txt,SOCKnapsack,20,Relaxed,1000,false,max,818,0.00365,na,na,11857,17609,1708
knapsack_n100m10o5b5_2.txt,SOCKnapsack,20,Relaxed,2000,false,max,818,0.00593,na,na,18790,28254,3415
knapsack_n100m10o5b5_2.txt,SOCKnapsack,20,Relaxed,5000,false,max,818,0.01067,na,na,31050,46966,8000
knapsack_n100m10o5b5_2.txt,SOCKnapsack,20,Relaxed,10000,false,max,818,0.01409,na,na,38097,58187,12326
knapsack_n100m10o5b5_2.txt,SOCKnapsack,20,Relaxed,20000,false,max,818,0.01254,na,na,39218,60239,12325
knapsack_n100m10o5b5_3.txt,SOCKnapsack,25,Exact,99999,false,max,884,0.23910,na,na,474348,832265,102707
knapsack_n100m10o5b5_3.txt,SOCKnapsack,25,Restricted,500,false,max,884,0.00283,na,na,11134,13187,899
knapsack_n100m10o5b5_3.txt,SOCKnapsack,25,Restricted,1000,false,max,884,0.00531,na,na,20339,24692,1798
knapsack_n100m10o5b5_3.txt,SOCKnapsack,25,Restricted,2000,false,max,884,0.00969,na,na,36589,45635,3618
knapsack_n100m10o5b5_3.txt,SOCKnapsack,25,Restricted,5000,false,max,884,0.02237,na,na,77024,99574,8707
knapsack_n100m10o5b5_3.txt,SOCKnapsack,25,Restricted,10000,false,max,884,0.04168,na,na,133752,178951,17257
knapsack_n100m10o5b5_3.txt,SOCKnapsack,25,Restricted,20000,false,max,884,0.07131,na,na,221491,310905,34271
knapsack_n100m10o5b5_3.txt,SOCKnapsack,25,Relaxed,500,false,max,884,0.00320,na,na,11130,16668,898
knapsack_n100m10o5b5_3.txt,SOCKnapsack,25,Relaxed,1000,false,max,884,0.00634,na,na,20333,30813,1797
knapsack_n100m10o5b5_3.txt,SOCKnapsack,25,Relaxed,2000,false,max,884,0.01169,na,na,36585,56047,3619
knapsack_n100m10o5b5_3.txt,SOCKnapsack,25,Relaxed,5000,false,max,884,0.02627,na,na,77021,119316,8707
knapsack_n100m10o5b5_3.txt,SOCKnapsack,25,Relaxed,10000,false,max,884,0.05266,na,na,133749,209965,17256
knapsack_n100m10o5b5_3.txt,SOCKnapsack,25,Relaxed,20000,false,max,884,0.09518,na,na,221489,354954,34271
knapsack_n100m10o5b5_4.txt,SOCKnapsack,19,Exact,99999,false,max,689,0.00178,na,na,6377,10162,1726
knapsack_n100m10o5b5_4.txt,SOCKnapsack,19,Restricted,500,false,max,689,0.00114,na,na,4070,5456,841
knapsack_n100m10o5b5_4.txt,SOCKnapsack,19,Restricted,1000,false,max,689,0.00148,na,na,5624,8139,1353
knapsack_n100m10o5b5_4.txt,SOCKnapsack,19,Restricted,2000,false,max,689,0.00171,na,na,6377,10162,1726
knapsack_n100m10o5b5_4.txt,SOCKnapsack,19,Restricted,5000,false,max,689,0.00168,na,na,6377,10162,1726
knapsack_n100m10o5b5_4.txt,SOCKnapsack,19,Restricted,10000,false,max,689,0.00163,na,na,6377,10162,1726
knapsack_n100m10o5b5_4.txt,SOCKnapsack,19,Restricted,20000,false,max,689,0.00159,na,na,6377,10162,1726
knapsack_n100m10o5b5_4.txt,SOCKnapsack,19,Relaxed,500,false,max,689,0.00123,na,na,4068,6209,840
knapsack_n100m10o5b5_4.txt,SOCKnapsack,19,Relaxed,1000,false,max,689,0.00174,na,na,5624,8765,1354
knapsack_n100m10o5b5_4.txt,SOCKnapsack,19,Relaxed,2000,false,max,689,0.00178,na,na,6377,10162,1726
knapsack_n100m10o5b5_4.txt,SOCKnapsack,19,Relaxed,5000,false,max,689,0.00170,na,na,6377,10162,1726
knapsack_n100m10o5b5_4.txt,SOCKnapsack,19,Relaxed,10000,false,max,689,0.00180,na,na,6377,10162,1726
knapsack_n100m10o5b5_4.txt,SOCKnapsack,19,Relaxed,20000,false,max,689,0.00173,na,na,6377,10162,1726
knapsack_n100m20o1b5_0.txt,SOCKnapsack,18,Exact,99999,false,max,728,0.00224,na,na,8218,13752,1465
knapsack_n100m20o1b5_0.txt,SOCKnapsack,18,Restricted,500,false,max,728,0.00116,na,na,4713,6803,751
knapsack_n100m20o1b5_0.txt,SOCKnapsack,18,Restricted,1000,false,max,728,0.00182,na,na,7065,11089,1305
knapsack_n100m20o1b5_0.txt,SOCKnapsack,18,Restricted,2000,false,max,728,0.00213,na,na,8218,13752,1465
knapsack_n100m20o1b5_0.txt,SOCKnapsack,18,Restricted,5000,false,max,728,0.00215,na,na,8218,13752,1465
knapsack_n100m20o1b5_0.txt,SOCKnapsack,18,Restricted,10000,false,max,728,0.00211,na,na,8218,13752,1465
knapsack_n100m20o1b5_0.txt,SOCKnapsack,18,Restricted,20000,false,max,728,0.00204,na,na,8218,13752,1465
knapsack_n100m20o1b5_0.txt,SOCKnapsack,18,Relaxed,500,false,max,728,0.00146,na,na,4711,7456,750
knapsack_n100m20o1b5_0.txt,SOCKnapsack,18,Relaxed,1000,false,max,728,0.00219,na,na,7067,11540,1306
knapsack_n100m20o1b5_0.txt,SOCKnapsack,18,Relaxed,2000,false,max,728,0.00250,na,na,8218,13752,1465
knapsack_n100m20o1b5_0.txt,SOCKnapsack,18,Relaxed,5000,false,max,728,0.00208,na,na,8218,13752,1465
knapsack_n100m20o1b5_0.txt,SOCKnapsack,18,Relaxed,10000,false,max,728,0.00241,na,na,8218,13752,1465
knapsack_n100m20o1b5_0.txt,SOCKnapsack,18,Relaxed,20000,false,max,728,0.00226,na,na,8218,13752,1465
knapsack_n100m20o1b5_1.txt,SOCKnapsack,24,Exact,99999,false,max,678,0.17828,na,na,393729,679930,70910
knapsack_n100m20o1b5_1.txt,SOCKnapsack,24,Restricted,500,false,max,678,0.00248,na,na,9931,11893,894
knapsack_n100m20o1b5_1.txt,SOCKnapsack,24,Restricted,1000,false,max,678,0.00468,na,na,18518,22552,1833
knapsack_n100m20o1b5_1.txt,SOCKnapsack,24,Restricted,2000,false,max,678,0.00901,na,na,33636,41916,3513
knapsack_n100m20o1b5_1.txt,SOCKnapsack,24,Restricted,5000,false,max,678,0.02312,na,na,72297,93940,8805
knapsack_n100m20o1b5_1.txt,SOCKnapsack,24,Restricted,10000,false,max,678,0.03845,na,na,123090,167526,16674
knapsack_n100m20o1b5_1.txt,SOCKnapsack,24,Restricted,20000,false,max,678,0.07007,na,na,201229,290366,31986
knapsack_n100m20o1b5_1.txt,SOCKnapsack,24,Relaxed,500,false,max,690,0.00295,na,na,9925,14498,894
knapsack_n100m20o1b5_1.txt,SOCKnapsack,24,Relaxed,1000,false,max,678,0.00601,na,na,18510,27505,1832
knapsack_n100m20o1b5_1.txt,SOCKnapsack,24,Relaxed,2000,false,max,678,0.01161,na,na,33629,50614,3512
knapsack_n100m20o1b5_1.txt,SOCKnapsack,24,Relaxed,5000,false,max,678,0.02721,na,na,72294,111250,8805
knapsack_n100m20o1b5_1.txt,SOCKnapsack,24,Relaxed,10000,false,max,678,0.04915,na,na,123089,193225,16673
knapsack_n100m20o1b5_1.txt,SOCKnapsack,24,Relaxed,20000,false,max,678,0.09113,na,na,201227,323179,31985
knapsack_n100m20o1b5_2.txt,SOCKnapsack,16,Exact,99999,false,max,571,0.00141,na,na,4199,7818,1001
knapsack_n100m20o1b5_2.txt,SOCKnapsack,16,Restricted,500,false,max,571,0.00108,na,na,3385,5545,700
knapsack_n100m20o1b5_2.txt,SOCKnapsack,16,Restricted,1000,false,max,571,0.00125,na,na,4199,7816,1001
knapsack_n100m20o1b5_2.txt,SOCKnapsack,16,Restricted,2000,false,max,571,0.00125,na,na,4199,7818,1001
knapsack_n100m20o1b5_2.txt,SOCKnapsack,16,Restricted,5000,false,max,571,0.00130,na,na,4199,7818,1001
knapsack_n100m20o1b5_2.txt,SOCKnapsack,16,Restricted,10000,false,max,571,0.00129,na,na,4199,7818,1001
knapsack_n100m20o1b5_2.txt,SOCKnapsack,16,Restricted,20000,false,max,571,0.00126,na,na,4199,7818,1001
knapsack_n100m20o1b5_2.txt,SOCKnapsack,16,Relaxed,500,false,max,571,0.00109,na,na,3386,5929,700
knapsack_n100m20o1b5_2.txt,SOCKnapsack,16,Relaxed,1000,false,max,571,0.00143,na,na,4200,7818,1002
knapsack_n100m20o1b5_2.txt,SOCKnapsack,16,Relaxed,2000,false,max,571,0.00123,na,na,4199,7818,1001
knapsack_n100m20o1b5_2.txt,SOCKnapsack,16,Relaxed,5000,false,max,571,0.00127,na,na,4199,7818,1001
knapsack_n100m20o1b5_2.txt,SOCKnapsack,16,Relaxed,10000,false,max,571,0.00128,na,na,4199,7818,1001
knapsack_n100m20o1b5_2.txt,SOCKnapsack,16,Relaxed,20000,false,max,571,0.00133,na,na,4199,7818,1001
knapsack_n100m20o1b5_3.txt,SOCKnapsack,19,Exact,99999,false,max,767,0.00398,na,na,13521,22415,2361
knapsack_n100m20o1b5_3.txt,SOCKnapsack,19,Restricted,500,false,max,767,0.00139,na,na,5539,7586,788
knapsack_n100m20o1b5_3.txt,SOCKnapsack,19,Restricted,1000,false,max,767,0.00222,na,na,8737,12832,1396
knapsack_n100m20o1b5_3.txt,SOCKnapsack,19,Restricted,2000,false,max,767,0.00350,na,na,12653,20408,2256
knapsack_n100m20o1b5_3.txt,SOCKnapsack,19,Restricted,5000,false,max,767,0.00355,na,na,13521,22415,2361
knapsack_n100m20o1b5_3.txt,SOCKnapsack,19,Restricted,10000,false,max,767,0.00403,na,na,13521,22415,2361
knapsack_n100m20o1b5_3.txt,SOCKnapsack,19,Restricted,20000,false,max,767,0.00404,na,na,13521,22415,2361
knapsack_n100m20o1b5_3.txt,SOCKnapsack,19,Relaxed,500,false,max,767,0.00161,na,na,5538,8545,788
knapsack_n100m20o1b5_3.txt,SOCKnapsack,19,Relaxed,1000,false,max,767,0.00275,na,na,8737,13841,1396
knapsack_n100m20o1b5_3.txt,SOCKnapsack,19,Relaxed,2000,false,max,767,0.00382,na,na,12654,20765,2257
knapsack_n100m20o1b5_3.txt,SOCKnapsack,19,Relaxed,5000,false,max,767,0.00391,na,na,13521,22415,2361
knapsack_n100m20o1b5_3.txt,SOCKnapsack,19,Relaxed,10000,false,max,767,0.00415,na,na,13521,22415,2361
knapsack_n100m20o1b5_3.txt,SOCKnapsack,19,Relaxed,20000,false,max,767,0.00400,na,na,13521,22415,2361
knapsack_n100m20o1b5_4.txt,SOCKnapsack,22,Exact,99999,false,max,781,0.04769,na,na,118131,217989,25255
knapsack_n100m20o1b5_4.txt,SOCKnapsack,22,Restricted,500,false,max,781,0.00221,na,na,8605,11038,854
knapsack_n100m20o1b5_4.txt,SOCKnapsack,22,Restricted,1000,false,max,781,0.00397,na,na,15511,20484,1710
knapsack_n100m20o1b5_4.txt,SOCKnapsack,22,Restricted,2000,false,max,781,0.00752,na,na,27064,37326,3205
knapsack_n100m20o1b5_4.txt,SOCKnapsack,22,Restricted,5000,false,max,781,0.01685,na,na,52656,77497,7754
knapsack_n100m20o1b5_4.txt,SOCKnapsack,22,Restricted,10000,false,max,781,0.02628,na,na,81084,128402,14105
knapsack_n100m20o1b5_4.txt,SOCKnapsack,22,Restricted,20000,false,max,781,0.03825,na,na,111492,196179,23155
knapsack_n100m20o1b5_4.txt,SOCKnapsack,22,Relaxed,500,false,max,783,0.00255,na,na,8599,13303,853
knapsack_n100m20o1b5_4.txt,SOCKnapsack,22,Relaxed,1000,false,max,781,0.00495,na,na,15509,24402,1709
knapsack_n100m20o1b5_4.txt,SOCKnapsack,22,Relaxed,2000,false,max,781,0.00903,na,na,27061,43630,3204
knapsack_n100m20o1b5_4.txt,SOCKnapsack,22,Relaxed,5000,false,max,781,0.01988,na,na,52656,87606,7755
knapsack_n100m20o1b5_4.txt,SOCKnapsack,22,Relaxed,10000,false,max,781,0.03747,na,na,81084,139452,14105
knapsack_n100m20o1b5_4.txt,SOCKnapsack,22,Relaxed,20000,false,max,781,0.05275,na,na,111492,201229,23155
knapsack_n100m20o3b5_0.txt,SOCKnapsack,18,Exact,99999,false,max,681,0.00174,na,na,5940,9761,989
knapsack_n100m20o3b5_0.txt,SOCKnapsack,18,Restricted,500,false,max,681,0.00120,na,na,4324,6440,693
knapsack_n100m20o3b5_0.txt,SOCKnapsack,18,Restricted,1000,false,max,681,0.00173,na,na,5940,9761,989
knapsack_n100m20o3b5_0.txt,SOCKnapsack,18,Restricted,2000,false,max,681,0.00170,na,na,5940,9761,989
knapsack_n100m20o3b5_0.txt,SOCKnapsack,18,Restricted,5000,false,max,681,0.00157,na,na,5940,9761,989
knapsack_n100m20o3b5_0.txt,SOCKnapsack,18,Restricted,10000,false,max,681,0.00159,na,na,5940,9761,989
knapsack_n100m20o3b5_0.txt,SOCKnapsack,18,Restricted,20000,false,max,681,0.00165,na,na,5940,9761,989
knapsack_n100m20o3b5_0.txt,SOCKnapsack,18,Relaxed,500,false,max,681,0.00131,na,na,4323,6850,694
knapsack_n100m20o3b5_0.txt,SOCKnapsack,18,Relaxed,1000,false,max,681,0.00168,na,na,5940,9761,989
knapsack_n100m20o3b5_0.txt,SOCKnapsack,18,Relaxed,2000,false,max,681,0.00172,na,na,5940,9761,989
knapsack_n100m20o3b5_0.txt,SOCKnapsack,18,Relaxed,5000,false,max,681,0.00166,na,na,5940,9761,989
knapsack_n100m20o3b5_0.txt,SOCKnapsack,18,Relaxed,10000,false,max,681,0.00157,na,na,5940,9761,989
knapsack_n100m20o3b5_0.txt,SOCKnapsack,18,Relaxed,20000,false,max,681,0.00165,na,na,5940,9761,989
knapsack_n100m20o3b5_1.txt,SOCKnapsack,24,Exact,99999,false,max,664,0.13555,na,na,309433,527157,51754
knapsack_n100m20o3b5_1.txt,SOCKnapsack,24,Restricted,500,false,max,664,0.00255,na,na,10063,11993,917
knapsack_n100m20o3b5_1.txt,SOCKnapsack,24,Restricted,1000,false,max,664,0.00477,na,na,18452,22498,1835
knapsack_n100m20o3b5_1.txt,SOCKnapsack,24,Restricted,2000,false,max,664,0.00865,na,na,33293,41687,3490
knapsack_n100m20o3b5_1.txt,SOCKnapsack,24,Restricted,5000,false,max,664,0.02089,na,na,70368,92502,8221
knapsack_n100m20o3b5_1.txt,SOCKnapsack,24,Restricted,10000,false,max,664,0.03699,na,na,119111,164706,15596
knapsack_n100m20o3b5_1.txt,SOCKnapsack,24,Restricted,20000,false,max,664,0.06303,na,na,193342,286287,30158
knapsack_n100m20o3b5_1.txt,SOCKnapsack,24,Relaxed,500,false,max,669,0.00281,na,na,10057,14696,917
knapsack_n100m20o3b5_1.txt,SOCKnapsack,24,Relaxed,1000,false,max,664,0.00523,na,na,18447,27302,1834
knapsack_n100m20o3b5_1.txt,SOCKnapsack,24,Relaxed,2000,false,max,664,0.01035,na,na,33288,49933,3489
knapsack_n100m20o3b5_1.txt,SOCKnapsack,24,Relaxed,5000,false,max,664,0.02432,na,na,70363,107890,8220
knapsack_n100m20o3b5_1.txt,SOCKnapsack,24,Relaxed,10000,false,max,664,0.04586,na,na,119109,186385,15595
knapsack_n100m20o3b5_1.txt,SOCKnapsack,24,Relaxed,20000,false,max,664,0.08442,na,na,193339,311028,30159
knapsack_n100m20o3b5_2.txt,SOCKnapsack,16,Exact,99999,false,max,568,0.00103,na,na,3249,5915,739
knapsack_n100m20o3b5_2.txt,SOCKnapsack,16,Restricted,500,false,max,568,0.00091,na,na,2953,4961,675
knapsack_n100m20o3b5_2.txt,SOCKnapsack,16,Restricted,1000,false,max,568,0.00098,na,na,3249,5915,739
knapsack_n100m20o3b5_2.txt,SOCKnapsack,16,Restricted,2000,false,max,568,0.00096,na,na,3249,5915,739
knapsack_n100m20o3b5_2.txt,SOCKnapsack,16,Restricted,5000,false,max,568,0.00105,na,na,3249,5915,739
knapsack_n100m20o3b5_2.txt,SOCKnapsack,16,Restricted,10000,false,max,568,0.00096,na,na,3249,5915,739
knapsack_n100m20o3b5_2.txt,SOCKnapsack,16,Restricted,20000,false,max,568,0.00099,na,na,3249,5915,739
knapsack_n100m20o3b5_2.txt,SOCKnapsack,16,Relaxed,500,false,max,568,0.00096,na,na,2953,5178,675
knapsack_n100m20o3b5_2.txt,SOCKnapsack,16,Relaxed,1000,false,max,568,0.00103,na,na,3249,5915,739
knapsack_n100m20o3b5_2.txt,SOCKnapsack,16,Relaxed,2000,false,max,568,0.00102,na,na,3249,5915,739
knapsack_n100m20o3b5_2.txt,SOCKnapsack,16,Relaxed,5000,false,max,568,0.00104,na,na,3249,5915,739
knapsack_n100m20o3b5_2.txt,SOCKnapsack,16,Relaxed,10000,false,max,568,0.00099,na,na,3249,5915,739
knapsack_n100m20o3b5_2.txt,SOCKnapsack,16,Relaxed,20000,false,max,568,0.00107,na,na,3249,5915,739
knapsack_n100m20o3b5_3.txt,SOCKnapsack,19,Exact,99999,false,max,750,0.00288,na,na,9909,16273,1657
knapsack_n100m20o3b5_3.txt,SOCKnapsack,19,Restricted,500,false,max,750,0.00144,na,na,5092,7226,771
knapsack_n100m20o3b5_3.txt,SOCKnapsack,19,Restricted,1000,false,max,750,0.00205,na,na,7809,11919,1348
knapsack_n100m20o3b5_3.txt,SOCKnapsack,19,Restricted,2000,false,max,750,0.00294,na,na,9909,16273,1657
knapsack_n100m20o3b5_3.txt,SOCKnapsack,19,Restricted,5000,false,max,750,0.00295,na,na,9909,16273,1657
knapsack_n100m20o3b5_3.txt,SOCKnapsack,19,Restricted,10000,false,max,750,0.00289,na,na,9909,16273,1657
knapsack_n100m20o3b5_3.txt,SOCKnapsack,19,Restricted,20000,false,max,750,0.00293,na,na,9909,16273,1657
knapsack_n100m20o3b5_3.txt,SOCKnapsack,19,Relaxed,500,false,max,750,0.00154,na,na,5092,7937,771
knapsack_n100m20o3b5_3.txt,SOCKnapsack,19,Relaxed,1000,false,max,750,0.00243,na,na,7810,12491,1349
knapsack_n100m20o3b5_3.txt,SOCKnapsack,19,Relaxed,2000,false,max,750,0.00275,na,na,9909,16273,1657
knapsack_n100m20o3b5_3.txt,SOCKnapsack,19,Relaxed,5000,false,max,750,0.00277,na,na,9909,16273,1657
knapsack_n100m20o3b5_3.txt,SOCKnapsack,19,Relaxed,10000,false,max,750,0.00265,na,na,9909,16273,1657
knapsack_n100m20o3b5_3.txt,SOCKnapsack,19,Relaxed,20000,false,max,750,0.00266,na,na,9909,16273,1657
knapsack_n100m20o3b5_4.txt,SOCKnapsack,22,Exact,99999,false,max,744,0.03533,na,na,89637,163225,18388
knapsack_n100m20o3b5_4.txt,SOCKnapsack,22,Restricted,500,false,max,744,0.00225,na,na,8312,10615,795
knapsack_n100m20o3b5_4.txt,SOCKnapsack,22,Restricted,1000,false,max,744,0.00396,na,na,14927,19821,1662
knapsack_n100m20o3b5_4.txt,SOCKnapsack,22,Restricted,2000,false,max,744,0.00723,na,na,25391,35306,3396
knapsack_n100m20o3b5_4.txt,SOCKnapsack,22,Restricted,5000,false,max,744,0.01571,na,na,48173,72357,7945
knapsack_n100m20o3b5_4.txt,SOCKnapsack,22,Restricted,10000,false,max,744,0.02259,na,na,71265,116428,13615
knapsack_n100m20o3b5_4.txt,SOCKnapsack,22,Restricted,20000,false,max,744,0.03310,na,na,89637,163225,18388
knapsack_n100m20o3b5_4.txt,SOCKnapsack,22,Relaxed,500,false,max,744,0.00260,na,na,8308,12691,795
knapsack_n100m20o3b5_4.txt,SOCKnapsack,22,Relaxed,1000,false,max,744,0.00461,na,na,14924,23371,1661
knapsack_n100m20o3b5_4.txt,SOCKnapsack,22,Relaxed,2000,false,max,744,0.00836,na,na,25389,40809,3396
knapsack_n100m20o3b5_4.txt,SOCKnapsack,22,Relaxed,5000,false,max,744,0.01866,na,na,48171,80387,7944
knapsack_n100m20o3b5_4.txt,SOCKnapsack,22,Relaxed,10000,false,max,744,0.02860,na,na,71265,123483,13616
knapsack_n100m20o3b5_4.txt,SOCKnapsack,22,Relaxed,20000,false,max,744,0.03323,na,na,89637,163225,18388
knapsack_n100m20o5b5_0.txt,SOCKnapsack,18,Exact,99999,false,max,666,0.00133,na,na,4453,7260,700
knapsack_n100m20o5b5_0.txt,SOCKnapsack,18,Restricted,500,false,max,666,0.00105,na,na,3846,5955,643
knapsack_n100m20o5b5_0.txt,SOCKnapsack,18,Restricted,1000,false,max,666,0.00134,na,na,4453,7260,700
knapsack_n100m20o5b5_0.txt,SOCKnapsack,18,Restricted,2000,false,max,666,0.00129,na,na,4453,7260,700
knapsack_n100m20o5b5_0.txt,SOCKnapsack,18,Restricted,5000,false,max,666,0.00118,na,na,4453,7260,700
knapsack_n100m20o5b5_0.txt,SOCKnapsack,18,Restricted,10000,false,max,666,0.00127,na,na,4453,7260,700
knapsack_n100m20o5b5_0.txt,SOCKnapsack,18,Restricted,20000,false,max,666,0.00139,na,na,4453,7260,700
knapsack_n100m20o5b5_0.txt,SOCKnapsack,18,Relaxed,500,false,max,666,0.00121,na,na,3844,6139,642
knapsack_n100m20o5b5_0.txt,SOCKnapsack,18,Relaxed,1000,false,max,666,0.00134,na,na,4453,7260,700
knapsack_n100m20o5b5_0.txt,SOCKnapsack,18,Relaxed,2000,false,max,666,0.00123,na,na,4453,7260,700
knapsack_n100m20o5b5_0.txt,SOCKnapsack,18,Relaxed,5000,false,max,666,0.00121,na,na,4453,7260,700
knapsack_n100m20o5b5_0.txt,SOCKnapsack,18,Relaxed,10000,false,max,666,0.00122,na,na,4453,7260,700
knapsack_n100m20o5b5_0.txt,SOCKnapsack,18,Relaxed,20000,false,max,666,0.00133,na,na,4453,7260,700
knapsack_n100m20o5b5_1.txt,SOCKnapsack,24,Exact,99999,false,max,676,0.10046,na,na,247532,415154,38504
knapsack_n100m20o5b5_1.txt,SOCKnapsack,24,Restricted,500,false,max,676,0.00252,na,na,9871,11839,903
knapsack_n100m20o5b5_1.txt,SOCKnapsack,24,Restricted,1000,false,max,676,0.00475,na,na,17967,22097,1822
knapsack_n100m20o5b5_1.txt,SOCKnapsack,24,Restricted,2000,false,max,676,0.00868,na,na,32235,40663,3617
knapsack_n100m20o5b5_1.txt,SOCKnapsack,24,Restricted,5000,false,max,676,0.02082,na,na,66781,88819,8415
knapsack_n100m20o5b5_1.txt,SOCKnapsack,24,Restricted,10000,false,max,676,0.03749,na,na,112658,158123,17098
knapsack_n100m20o5b5_1.txt,SOCKnapsack,24,Restricted,20000,false,max,676,0.06094,na,na,181211,274910,29850
knapsack_n100m20o5b5_1.txt,SOCKnapsack,24,Relaxed,500,false,max,676,0.00300,na,na,9864,14463,902
knapsack_n100m20o5b5_1.txt,SOCKnapsack,24,Relaxed,1000,false,max,676,0.00572,na,na,17961,26694,1821
knapsack_n100m20o5b5_1.txt,SOCKnapsack,24,Relaxed,2000,false,max,676,0.01057,na,na,32230,48406,3617
knapsack_n100m20o5b5_1.txt,SOCKnapsack,24,Relaxed,5000,false,max,676,0.02483,na,na,66778,102323,8414
knapsack_n100m20o5b5_1.txt,SOCKnapsack,24,Relaxed,10000,false,max,676,0.04462,na,na,112658,176039,17097
knapsack_n100m20o5b5_1.txt,SOCKnapsack,24,Relaxed,20000,false,max,676,0.08223,na,na,181211,291482,29849
knapsack_n100m20o5b5_2.txt,SOCKnapsack,16,Exact,99999,false,max,568,0.00087,na,na,2451,4533,541
knapsack_n100m20o5b5_2.txt,SOCKnapsack,16,Restricted,500,false,max,568,0.00075,na,na,2410,4372,541
knapsack_n100m20o5b5_2.txt,SOCKnapsack,16,Restricted,1000,false,max,568,0.00078,na,na,2451,4533,541
knapsack_n100m20o5b5_2.txt,SOCKnapsack,16,Restricted,2000,false,max,568,0.00076,na,na,2451,4533,541
knapsack_n100m20o5b5_2.txt,SOCKnapsack,16,Restricted,5000,false,max,568,0.00087,na,na,2451,4533,541
knapsack_n100m20o5b5_2.txt,SOCKnapsack,16,Restricted,10000,false,max,568,0.00078,na,na,2451,4533,541
knapsack_n100m20o5b5_2.txt,SOCKnapsack,16,Restricted,20000,false,max,568,0.00080,na,na,2451,4533,541
knapsack_n100m20o5b5_2.txt,SOCKnapsack,16,Relaxed,500,false,max,568,0.00086,na,na,2411,4414,542
knapsack_n100m20o5b5_2.txt,SOCKnapsack,16,Relaxed,1000,false,max,568,0.00082,na,na,2451,4533,541
knapsack_n100m20o5b5_2.txt,SOCKnapsack,16,Relaxed,2000,false,max,568,0.00087,na,na,2451,4533,541
knapsack_n100m20o5b5_2.txt,SOCKnapsack,16,Relaxed,5000,false,max,568,0.00089,na,na,2451,4533,541
knapsack_n100m20o5b5_2.txt,SOCKnapsack,16,Relaxed,10000,false,max,568,0.00082,na,na,2451,4533,541
knapsack_n100m20o5b5_2.txt,SOCKnapsack,16,Relaxed,20000,false,max,568,0.00077,na,na,2451,4533,541
knapsack_n100m20o5b5_3.txt,SOCKnapsack,19,Exact,99999,false,max,732,0.00211,na,na,7623,12548,1216
knapsack_n100m20o5b5_3.txt,SOCKnapsack,19,Restricted,500,false,max,732,0.00139,na,na,4806,7090,738
knapsack_n100m20o5b5_3.txt,SOCKnapsack,19,Restricted,1000,false,max,732,0.00248,na,na,7059,11314,1121
knapsack_n100m20o5b5_3.txt,SOCKnapsack,19,Restricted,2000,false,max,732,0.00203,na,na,7623,12548,1216
knapsack_n100m20o5b5_3.txt,SOCKnapsack,19,Restricted,5000,false,max,732,0.00222,na,na,7623,12548,1216
knapsack_n100m20o5b5_3.txt,SOCKnapsack,19,Restricted,10000,false,max,732,0.00210,na,na,7623,12548,1216
knapsack_n100m20o5b5_3.txt,SOCKnapsack,19,Restricted,20000,false,max,732,0.00196,na,na,7623,12548,1216
knapsack_n100m20o5b5_3.txt,SOCKnapsack,19,Relaxed,500,false,max,732,0.00146,na,na,4806,7612,738
knapsack_n100m20o5b5_3.txt,SOCKnapsack,19,Relaxed,1000,false,max,732,0.00230,na,na,7059,11516,1121
knapsack_n100m20o5b5_3.txt,SOCKnapsack,19,Relaxed,2000,false,max,732,0.00201,na,na,7623,12548,1216
knapsack_n100m20o5b5_3.txt,SOCKnapsack,19,Relaxed,5000,false,max,732,0.00214,na,na,7623,12548,1216
knapsack_n100m20o5b5_3.txt,SOCKnapsack,19,Relaxed,10000,false,max,732,0.00192,na,na,7623,12548,1216
knapsack_n100m20o5b5_3.txt,SOCKnapsack,19,Relaxed,20000,false,max,732,0.00218,na,na,7623,12548,1216
knapsack_n100m20o5b5_4.txt,SOCKnapsack,22,Exact,99999,false,max,742,0.02435,na,na,67229,121812,13646
knapsack_n100m20o5b5_4.txt,SOCKnapsack,22,Restricted,500,false,max,742,0.00206,na,na,8076,10500,788
knapsack_n100m20o5b5_4.txt,SOCKnapsack,22,Restricted,1000,false,max,742,0.00375,na,na,14104,19084,1638
knapsack_n100m20o5b5_4.txt,SOCKnapsack,22,Restricted,2000,false,max,742,0.00614,na,na,23652,33558,3148
knapsack_n100m20o5b5_4.txt,SOCKnapsack,22,Restricted,5000,false,max,742,0.01324,na,na,43285,66954,7864
knapsack_n100m20o5b5_4.txt,SOCKnapsack,22,Restricted,10000,false,max,742,0.01991,na,na,61703,105296,11716
knapsack_n100m20o5b5_4.txt,SOCKnapsack,22,Restricted,20000,false,max,742,0.02229,na,na,67229,121812,13646
knapsack_n100m20o5b5_4.txt,SOCKnapsack,22,Relaxed,500,false,max,742,0.00231,na,na,8073,12417,787
knapsack_n100m20o5b5_4.txt,SOCKnapsack,22,Relaxed,1000,false,max,742,0.00422,na,na,14099,22268,1637
knapsack_n100m20o5b5_4.txt,SOCKnapsack,22,Relaxed,2000,false,max,742,0.00796,na,na,23651,38298,3147
knapsack_n100m20o5b5_4.txt,SOCKnapsack,22,Relaxed,5000,false,max,742,0.01627,na,na,43284,73018,7863
knapsack_n100m20o5b5_4.txt,SOCKnapsack,22,Relaxed,10000,false,max,742,0.02404,na,na,61703,108719,11716
knapsack_n100m20o5b5_4.txt,SOCKnapsack,22,Relaxed,20000,false,max,742,0.02393,na,na,67229,121812,13646
knapsack_n125m10o1b5_0.txt,SOCKnapsack,16,Exact,99999,false,max,444,0.00145,na,na,4666,8095,1110
knapsack_n125m10o1b5_0.txt,SOCKnapsack,16,Restricted,500,false,max,444,0.00094,na,na,3496,5163,702
knapsack_n125m10o1b5_0.txt,SOCKnapsack,16,Restricted,1000,false,max,444,0.00136,na,na,4583,7754,1110
knapsack_n125m10o1b5_0.txt,SOCKnapsack,16,Restricted,2000,false,max,444,0.00140,na,na,4666,8095,1110
knapsack_n125m10o1b5_0.txt,SOCKnapsack,16,Restricted,5000,false,max,444,0.00132,na,na,4666,8095,1110
knapsack_n125m10o1b5_0.txt,SOCKnapsack,16,Restricted,10000,false,max,444,0.00132,na,na,4666,8095,1110
knapsack_n125m10o1b5_0.txt,SOCKnapsack,16,Restricted,20000,false,max,444,0.00132,na,na,4666,8095,1110
knapsack_n125m10o1b5_0.txt,SOCKnapsack,16,Relaxed,500,false,max,444,0.00119,na,na,3497,5636,703
knapsack_n125m10o1b5_0.txt,SOCKnapsack,16,Relaxed,1000,false,max,444,0.00150,na,na,4583,7863,1111
knapsack_n125m10o1b5_0.txt,SOCKnapsack,16,Relaxed,2000,false,max,444,0.00132,na,na,4666,8095,1110
knapsack_n125m10o1b5_0.txt,SOCKnapsack,16,Relaxed,5000,false,max,444,0.00139,na,na,4666,8095,1110
knapsack_n125m10o1b5_0.txt,SOCKnapsack,16,Relaxed,10000,false,max,444,0.00135,na,na,4666,8095,1110
knapsack_n125m10o1b5_0.txt,SOCKnapsack,16,Relaxed,20000,false,max,444,0.00148,na,na,4666,8095,1110
knapsack_n125m10o1b5_1.txt,SOCKnapsack,25,Exact,99999,false,max,1067,0.29114,na,na,584030,917834,131526
knapsack_n125m10o1b5_1.txt,SOCKnapsack,25,Restricted,500,false,max,1067,0.00258,na,na,10424,11434,966
knapsack_n125m10o1b5_1.txt,SOCKnapsack,25,Restricted,1000,false,max,1067,0.00485,na,na,19444,21587,1796
knapsack_n125m10o1b5_1.txt,SOCKnapsack,25,Restricted,2000,false,max,1067,0.00938,na,na,35748,40491,3654
knapsack_n125m10o1b5_1.txt,SOCKnapsack,25,Restricted,5000,false,max,1067,0.02297,na,na,77783,91043,8687
knapsack_n125m10o1b5_1.txt,SOCKnapsack,25,Restricted,10000,false,max,1067,0.04291,na,na,136128,165385,16145
knapsack_n125m10o1b5_1.txt,SOCKnapsack,25,Restricted,20000,false,max,1067,0.07530,na,na,227049,289012,29421
knapsack_n125m10o1b5_1.txt,SOCKnapsack,25,Relaxed,500,false,max,1103,0.00303,na,na,10423,14320,966
knapsack_n125m10o1b5_1.txt,SOCKnapsack,25,Relaxed,1000,false,max,1068,0.00559,na,na,19439,26986,1797
knapsack_n125m10o1b5_1.txt,SOCKnapsack,25,Relaxed,2000,false,max,1067,0.01088,na,na,35746,50472,3654
knapsack_n125m10o1b5_1.txt,SOCKnapsack,25,Relaxed,5000,false,max,1067,0.02732,na,na,77775,111407,8686
knapsack_n125m10o1b5_1.txt,SOCKnapsack,25,Relaxed,10000,false,max,1067,0.05297,na,na,136126,198350,16146
knapsack_n125m10o1b5_1.txt,SOCKnapsack,25,Relaxed,20000,false,max,1067,0.09655,na,na,227046,336596,29420
knapsack_n125m10o1b5_2.txt,SOCKnapsack,22,Exact,99999,false,max,815,0.05450,na,na,146464,255042,28018
knapsack_n125m10o1b5_2.txt,SOCKnapsack,22,Restricted,500,false,max,815,0.00231,na,na,8849,10864,898
knapsack_n125m10o1b5_2.txt,SOCKnapsack,22,Restricted,1000,false,max,815,0.00391,na,na,15928,20146,1684
knapsack_n125m10o1b5_2.txt,SOCKnapsack,22,Restricted,2000,false,max,815,0.00733,na,na,28096,36700,3257
knapsack_n125m10o1b5_2.txt,SOCKnapsack,22,Restricted,5000,false,max,815,0.01767,na,na,56513,78688,7806
knapsack_n125m10o1b5_2.txt,SOCKnapsack,22,Restricted,10000,false,max,815,0.03033,na,na,90347,134101,15151
knapsack_n125m10o1b5_2.txt,SOCKnapsack,22,Restricted,20000,false,max,815,0.04418,na,na,131481,214096,27966
knapsack_n125m10o1b5_2.txt,SOCKnapsack,22,Relaxed,500,false,max,815,0.00260,na,na,8845,13273,897
knapsack_n125m10o1b5_2.txt,SOCKnapsack,22,Relaxed,1000,false,max,815,0.00500,na,na,15925,24236,1684
knapsack_n125m10o1b5_2.txt,SOCKnapsack,22,Relaxed,2000,false,max,815,0.00892,na,na,28095,43394,3256
knapsack_n125m10o1b5_2.txt,SOCKnapsack,22,Relaxed,5000,false,max,815,0.01998,na,na,56514,89804,7806
knapsack_n125m10o1b5_2.txt,SOCKnapsack,22,Relaxed,10000,false,max,815,0.03816,na,na,90346,147476,15150
knapsack_n125m10o1b5_2.txt,SOCKnapsack,22,Relaxed,20000,false,max,815,0.05386,na,na,131482,222871,27967
knapsack_n125m10o1b5_3.txt,SOCKnapsack,18,Exact,99999,false,max,772,0.00256,na,na,9331,15301,2122
knapsack_n125m10o1b5_3.txt,SOCKnapsack,18,Restricted,500,false,max,772,0.00127,na,na,4729,6370,774
knapsack_n125m10o1b5_3.txt,SOCKnapsack,18,Restricted,1000,false,max,772,0.00176,na,na,7172,10420,1504
knapsack_n125m10o1b5_3.txt,SOCKnapsack,18,Restricted,2000,false,max,772,0.00244,na,na,9169,14853,2122
knapsack_n125m10o1b5_3.txt,SOCKnapsack,18,Restricted,5000,false,max,772,0.00256,na,na,9331,15301,2122
knapsack_n125m10o1b5_3.txt,SOCKnapsack,18,Restricted,10000,false,max,772,0.00238,na,na,9331,15301,2122
knapsack_n125m10o1b5_3.txt,SOCKnapsack,18,Restricted,20000,false,max,772,0.00236,na,na,9331,15301,2122
knapsack_n125m10o1b5_3.txt,SOCKnapsack,18,Relaxed,500,false,max,772,0.00143,na,na,4728,7243,775
knapsack_n125m10o1b5_3.txt,SOCKnapsack,18,Relaxed,1000,false,max,772,0.00210,na,na,7170,11321,1504
knapsack_n125m10o1b5_3.txt,SOCKnapsack,18,Relaxed,2000,false,max,772,0.00261,na,na,9169,14976,2123
knapsack_n125m10o1b5_3.txt,SOCKnapsack,18,Relaxed,5000,false,max,772,0.00233,na,na,9331,15301,2122
knapsack_n125m10o1b5_3.txt,SOCKnapsack,18,Relaxed,10000,false,max,772,0.00244,na,na,9331,15301,2122
knapsack_n125m10o1b5_3.txt,SOCKnapsack,18,Relaxed,20000,false,max,772,0.00265,na,na,9331,15301,2122
knapsack_n125m10o1b5_4.txt,SOCKnapsack,21,Exact,99999,false,max,742,0.04140,na,na,118388,194423,28029
knapsack_n125m10o1b5_4.txt,SOCKnapsack,21,Restricted,500,false,max,687,0.00188,na,na,7690,8891,952
knapsack_n125m10o1b5_4.txt,SOCKnapsack,21,Restricted,1000,false,max,734,0.00345,na,na,13896,16333,1760
knapsack_n125m10o1b5_4.txt,SOCKnapsack,21,Restricted,2000,false,max,742,0.00612,na,na,24506,29600,3329
knapsack_n125m10o1b5_4.txt,SOCKnapsack,21,Restricted,5000,false,max,742,0.01404,na,na,49001,63021,8453
knapsack_n125m10o1b5_4.txt,SOCKnapsack,21,Restricted,10000,false,max,742,0.02396,na,na,75801,104361,15455
knapsack_n125m10o1b5_4.txt,SOCKnapsack,21,Restricted,20000,false,max,742,0.03497,na,na,107256,163970,26962
knapsack_n125m10o1b5_4.txt,SOCKnapsack,21,Relaxed,500,false,max,804,0.00232,na,na,7685,10892,953
knapsack_n125m10o1b5_4.txt,SOCKnapsack,21,Relaxed,1000,false,max,768,0.00397,na,na,13891,19930,1761
knapsack_n125m10o1b5_4.txt,SOCKnapsack,21,Relaxed,2000,false,max,742,0.00765,na,na,24502,35675,3328
knapsack_n125m10o1b5_4.txt,SOCKnapsack,21,Relaxed,5000,false,max,742,0.01777,na,na,48998,73646,8454
knapsack_n125m10o1b5_4.txt,SOCKnapsack,21,Relaxed,10000,false,max,742,0.02788,na,na,75800,116886,15455
knapsack_n125m10o1b5_4.txt,SOCKnapsack,21,Relaxed,20000,false,max,742,0.04501,na,na,107255,171804,26961
knapsack_n125m10o3b5_0.txt,SOCKnapsack,16,Exact,99999,false,max,437,0.00121,na,na,4035,6772,954
knapsack_n125m10o3b5_0.txt,SOCKnapsack,16,Restricted,500,false,max,437,0.00104,na,na,3336,4954,714
knapsack_n125m10o3b5_0.txt,SOCKnapsack,16,Restricted,1000,false,max,437,0.00120,na,na,4035,6772,954
knapsack_n125m10o3b5_0.txt,SOCKnapsack,16,Restricted,2000,false,max,437,0.00108,na,na,4035,6772,954
knapsack_n125m10o3b5_0.txt,SOCKnapsack,16,Restricted,5000,false,max,437,0.00120,na,na,4035,6772,954
knapsack_n125m10o3b5_0.txt,SOCKnapsack,16,Restricted,10000,false,max,437,0.00110,na,na,4035,6772,954
knapsack_n125m10o3b5_0.txt,SOCKnapsack,16,Restricted,20000,false,max,437,0.00119,na,na,4035,6772,954
knapsack_n125m10o3b5_0.txt,SOCKnapsack,16,Relaxed,500,false,max,437,0.00110,na,na,3336,5331,714
knapsack_n125m10o3b5_0.txt,SOCKnapsack,16,Relaxed,1000,false,max,437,0.00124,na,na,4035,6772,954
knapsack_n125m10o3b5_0.txt,SOCKnapsack,16,Relaxed,2000,false,max,437,0.00113,na,na,4035,6772,954
knapsack_n125m10o3b5_0.txt,SOCKnapsack,16,Relaxed,5000,false,max,437,0.00116,na,na,4035,6772,954
knapsack_n125m10o3b5_0.txt,SOCKnapsack,16,Relaxed,10000,false,max,437,0.00113,na,na,4035,6772,954
knapsack_n125m10o3b5_0.txt,SOCKnapsack,16,Relaxed,20000,false,max,437,0.00109,na,na,4035,6772,954
knapsack_n125m10o3b5_1.txt,SOCKnapsack,25,Exact,99999,false,max,1037,0.24502,na,na,504839,787484,117389
knapsack_n125m10o3b5_1.txt,SOCKnapsack,25,Restricted,500,false,max,1030,0.00254,na,na,10604,11661,884
knapsack_n125m10o3b5_1.txt,SOCKnapsack,25,Restricted,1000,false,max,1037,0.00475,na,na,19651,21919,1788
knapsack_n125m10o3b5_1.txt,SOCKnapsack,25,Restricted,2000,false,max,1037,0.00942,na,na,35788,40569,3559
knapsack_n125m10o3b5_1.txt,SOCKnapsack,25,Restricted,5000,false,max,1037,0.02256,na,na,77706,91075,8945
knapsack_n125m10o3b5_1.txt,SOCKnapsack,25,Restricted,10000,false,max,1037,0.04269,na,na,135382,164996,14607
knapsack_n125m10o3b5_1.txt,SOCKnapsack,25,Restricted,20000,false,max,1037,0.07286,na,na,226559,289733,29331
knapsack_n125m10o3b5_1.txt,SOCKnapsack,25,Relaxed,500,false,max,1084,0.00292,na,na,10602,14686,885
knapsack_n125m10o3b5_1.txt,SOCKnapsack,25,Relaxed,1000,false,max,1049,0.00642,na,na,19647,27495,1787
knapsack_n125m10o3b5_1.txt,SOCKnapsack,25,Relaxed,2000,false,max,1037,0.01164,na,na,35783,50413,3558
knapsack_n125m10o3b5_1.txt,SOCKnapsack,25,Relaxed,5000,false,max,1037,0.02818,na,na,77699,111246,8944
knapsack_n125m10o3b5_1.txt,SOCKnapsack,25,Relaxed,10000,false,max,1037,0.05204,na,na,135382,197030,14607
knapsack_n125m10o3b5_1.txt,SOCKnapsack,25,Relaxed,20000,false,max,1037,0.09845,na,na,226559,336375,29331
knapsack_n125m10o3b5_2.txt,SOCKnapsack,22,Exact,99999,false,max,788,0.04438,na,na,121640,215083,29797
knapsack_n125m10o3b5_2.txt,SOCKnapsack,22,Restricted,500,false,max,788,0.00213,na,na,8644,10609,848
knapsack_n125m10o3b5_2.txt,SOCKnapsack,22,Restricted,1000,false,max,788,0.00371,na,na,15450,19471,1682
knapsack_n125m10o3b5_2.txt,SOCKnapsack,22,Restricted,2000,false,max,788,0.00704,na,na,27064,35229,3311
knapsack_n125m10o3b5_2.txt,SOCKnapsack,22,Restricted,5000,false,max,788,0.01621,na,na,52817,73323,8055
knapsack_n125m10o3b5_2.txt,SOCKnapsack,22,Restricted,10000,false,max,788,0.02637,na,na,81939,120725,16162
knapsack_n125m10o3b5_2.txt,SOCKnapsack,22,Restricted,20000,false,max,788,0.03813,na,na,114510,185781,29315
knapsack_n125m10o3b5_2.txt,SOCKnapsack,22,Relaxed,500,false,max,788,0.00248,na,na,8639,13024,847
knapsack_n125m10o3b5_2.txt,SOCKnapsack,22,Relaxed,1000,false,max,788,0.00482,na,na,15448,23616,1681
knapsack_n125m10o3b5_2.txt,SOCKnapsack,22,Relaxed,2000,false,max,788,0.00858,na,na,27060,42007,3310
knapsack_n125m10o3b5_2.txt,SOCKnapsack,22,Relaxed,5000,false,max,788,0.01907,na,na,52816,84406,8055
knapsack_n125m10o3b5_2.txt,SOCKnapsack,22,Relaxed,10000,false,max,788,0.03081,na,na,81938,134407,16162
knapsack_n125m10o3b5_2.txt,SOCKnapsack,22,Relaxed,20000,false,max,788,0.04615,na,na,114509,195552,29314
knapsack_n125m10o3b5_3.txt,SOCKnapsack,18,Exact,99999,false,max,747,0.00202,na,na,7047,11345,1448
knapsack_n125m10o3b5_3.txt,SOCKnapsack,18,Restricted,500,false,max,747,0.00116,na,na,4273,5897,825
knapsack_n125m10o3b5_3.txt,SOCKnapsack,18,Restricted,1000,false,max,747,0.00158,na,na,6063,9122,1404
knapsack_n125m10o3b5_3.txt,SOCKnapsack,18,Restricted,2000,false,max,747,0.00200,na,na,7047,11345,1448
knapsack_n125m10o3b5_3.txt,SOCKnapsack,18,Restricted,5000,false,max,747,0.00193,na,na,7047,11345,1448
knapsack_n125m10o3b5_3.txt,SOCKnapsack,18,Restricted,10000,false,max,747,0.00185,na,na,7047,11345,1448
knapsack_n125m10o3b5_3.txt,SOCKnapsack,18,Restricted,20000,false,max,747,0.00196,na,na,7047,11345,1448
knapsack_n125m10o3b5_3.txt,SOCKnapsack,18,Relaxed,500,false,max,747,0.00134,na,na,4270,6565,824
knapsack_n125m10o3b5_3.txt,SOCKnapsack,18,Relaxed,1000,false,max,747,0.00182,na,na,6063,9562,1405
knapsack_n125m10o3b5_3.txt,SOCKnapsack,18,Relaxed,2000,false,max,747,0.00181,na,na,7047,11345,1448
knapsack_n125m10o3b5_3.txt,SOCKnapsack,18,Relaxed,5000,false,max,747,0.00172,na,na,7047,11345,1448
knapsack_n125m10o3b5_3.txt,SOCKnapsack,18,Relaxed,10000,false,max,747,0.00173,na,na,7047,11345,1448
knapsack_n125m10o3b5_3.txt,SOCKnapsack,18,Relaxed,20000,false,max,747,0.00181,na,na,7047,11345,1448
knapsack_n125m10o3b5_4.txt,SOCKnapsack,21,Exact,99999,false,max,742,0.03429,na,na,100635,160624,20932
knapsack_n125m10o3b5_4.txt,SOCKnapsack,21,Restricted,500,false,max,742,0.00183,na,na,7520,8705,867
knapsack_n125m10o3b5_4.txt,SOCKnapsack,21,Restricted,1000,false,max,742,0.00335,na,na,13455,15904,1794
knapsack_n125m10o3b5_4.txt,SOCKnapsack,21,Restricted,2000,false,max,742,0.00578,na,na,23360,28585,3354
knapsack_n125m10o3b5_4.txt,SOCKnapsack,21,Restricted,5000,false,max,742,0.01295,na,na,46206,60058,8369
knapsack_n125m10o3b5_4.txt,SOCKnapsack,21,Restricted,10000,false,max,742,0.02174,na,na,70852,99428,14067
knapsack_n125m10o3b5_4.txt,SOCKnapsack,21,Restricted,20000,false,max,742,0.03013,na,na,99433,157184,20932
knapsack_n125m10o3b5_4.txt,SOCKnapsack,21,Relaxed,500,false,max,789,0.00220,na,na,7517,10637,868
knapsack_n125m10o3b5_4.txt,SOCKnapsack,21,Relaxed,1000,false,max,757,0.00402,na,na,13449,19216,1793
knapsack_n125m10o3b5_4.txt,SOCKnapsack,21,Relaxed,2000,false,max,742,0.00720,na,na,23356,33956,3353
knapsack_n125m10o3b5_4.txt,SOCKnapsack,21,Relaxed,5000,false,max,742,0.01608,na,na,46203,68817,8368
knapsack_n125m10o3b5_4.txt,SOCKnapsack,21,Relaxed,10000,false,max,742,0.02703,na,na,70851,108052,14068
knapsack_n125m10o3b5_4.txt,SOCKnapsack,21,Relaxed,20000,false,max,742,0.03824,na,na,99432,158116,20933
knapsack_n125m10o5b5_0.txt,SOCKnapsack,16,Exact,99999,false,max,437,0.00108,na,na,3254,5411,697
knapsack_n125m10o5b5_0.txt,SOCKnapsack,16,Restricted,500,false,max,437,0.00091,na,na,2888,4488,673
knapsack_n125m10o5b5_0.txt,SOCKnapsack,16,Restricted,1000,false,max,437,0.00098,na,na,3254,5411,697
knapsack_n125m10o5b5_0.txt,SOCKnapsack,16,Restricted,2000,false,max,437,0.00094,na,na,3254,5411,697
knapsack_n125m10o5b5_0.txt,SOCKnapsack,16,Restricted,5000,false,max,437,0.00098,na,na,3254,5411,697
knapsack_n125m10o5b5_0.txt,SOCKnapsack,16,Restricted,10000,false,max,437,0.00106,na,na,3254,5411,697
knapsack_n125m10o5b5_0.txt,SOCKnapsack,16,Restricted,20000,false,max,437,0.00095,na,na,3254,5411,697
knapsack_n125m10o5b5_0.txt,SOCKnapsack,16,Relaxed,500,false,max,437,0.00104,na,na,2889,4688,674
knapsack_n125m10o5b5_0.txt,SOCKnapsack,16,Relaxed,1000,false,max,437,0.00102,na,na,3254,5411,697
knapsack_n125m10o5b5_0.txt,SOCKnapsack,16,Relaxed,2000,false,max,437,0.00103,na,na,3254,5411,697
knapsack_n125m10o5b5_0.txt,SOCKnapsack,16,Relaxed,5000,false,max,437,0.00099,na,na,3254,5411,697
knapsack_n125m10o5b5_0.txt,SOCKnapsack,16,Relaxed,10000,false,max,437,0.00091,na,na,3254,5411,697
knapsack_n125m10o5b5_0.txt,SOCKnapsack,16,Relaxed,20000,false,max,437,0.00102,na,na,3254,5411,697
knapsack_n125m10o5b5_1.txt,SOCKnapsack,25,Exact,99999,false,max,1039,0.18448,na,na,423329,652585,89153
knapsack_n125m10o5b5_1.txt,SOCKnapsack,25,Restricted,500,false,max,1039,0.00250,na,na,10494,11628,894
knapsack_n125m10o5b5_1.txt,SOCKnapsack,25,Restricted,1000,false,max,1039,0.00451,na,na,19266,21647,1806
knapsack_n125m10o5b5_1.txt,SOCKnapsack,25,Restricted,2000,false,max,1039,0.00857,na,na,34895,39966,3531
knapsack_n125m10o5b5_1.txt,SOCKnapsack,25,Restricted,5000,false,max,1039,0.02064,na,na,74831,88671,8911
knapsack_n125m10o5b5_1.txt,SOCKnapsack,25,Restricted,10000,false,max,1039,0.03972,na,na,127968,157057,18008
knapsack_n125m10o5b5_1.txt,SOCKnapsack,25,Restricted,20000,false,max,1039,0.06841,na,na,211682,273393,32314
knapsack_n125m10o5b5_1.txt,SOCKnapsack,25,Relaxed,500,false,max,1052,0.00300,na,na,10485,14643,893
knapsack_n125m10o5b5_1.txt,SOCKnapsack,25,Relaxed,1000,false,max,1039,0.00536,na,na,19259,27093,1805
knapsack_n125m10o5b5_1.txt,SOCKnapsack,25,Relaxed,2000,false,max,1039,0.01116,na,na,34889,49503,3530
knapsack_n125m10o5b5_1.txt,SOCKnapsack,25,Relaxed,5000,false,max,1039,0.02489,na,na,74827,107669,8910
knapsack_n125m10o5b5_1.txt,SOCKnapsack,25,Relaxed,10000,false,max,1039,0.04826,na,na,127964,186184,18007
knapsack_n125m10o5b5_1.txt,SOCKnapsack,25,Relaxed,20000,false,max,1039,0.08936,na,na,211678,312427,32313
knapsack_n125m10o5b5_2.txt,SOCKnapsack,22,Exact,99999,false,max,777,0.04528,na,na,122191,211998,35645
knapsack_n125m10o5b5_2.txt,SOCKnapsack,22,Restricted,500,false,max,777,0.00223,na,na,8711,10443,872
knapsack_n125m10o5b5_2.txt,SOCKnapsack,22,Restricted,1000,false,max,777,0.00373,na,na,15408,18996,1716
knapsack_n125m10o5b5_2.txt,SOCKnapsack,22,Restricted,2000,false,max,777,0.00665,na,na,26570,33813,3439
knapsack_n125m10o5b5_2.txt,SOCKnapsack,22,Restricted,5000,false,max,777,0.01472,na,na,51891,69515,8577
knapsack_n125m10o5b5_2.txt,SOCKnapsack,22,Restricted,10000,false,max,777,0.02380,na,na,78408,110375,17117
knapsack_n125m10o5b5_2.txt,SOCKnapsack,22,Restricted,20000,false,max,777,0.03680,na,na,106952,164120,30925
knapsack_n125m10o5b5_2.txt,SOCKnapsack,22,Relaxed,500,false,max,777,0.00244,na,na,8707,13039,871
knapsack_n125m10o5b5_2.txt,SOCKnapsack,22,Relaxed,1000,false,max,777,0.00436,na,na,15405,23416,1715
knapsack_n125m10o5b5_2.txt,SOCKnapsack,22,Relaxed,2000,false,max,777,0.00798,na,na,26569,40968,3439
knapsack_n125m10o5b5_2.txt,SOCKnapsack,22,Relaxed,5000,false,max,777,0.01902,na,na,51889,82016,8576
knapsack_n125m10o5b5_2.txt,SOCKnapsack,22,Relaxed,10000,false,max,777,0.03019,na,na,78408,126637,17117
knapsack_n125m10o5b5_2.txt,SOCKnapsack,22,Relaxed,20000,false,max,777,0.04398,na,na,106952,178321,30924
knapsack_n125m10o5b5_3.txt,SOCKnapsack,18,Exact,99999,false,max,747,0.00157,na,na,5419,8614,1299
knapsack_n125m10o5b5_3.txt,SOCKnapsack,18,Restricted,500,false,max,747,0.00110,na,na,3869,5372,780
knapsack_n125m10o5b5_3.txt,SOCKnapsack,18,Restricted,1000,false,max,747,0.00145,na,na,5326,8066,1285
knapsack_n125m10o5b5_3.txt,SOCKnapsack,18,Restricted,2000,false,max,747,0.00146,na,na,5419,8614,1299
knapsack_n125m10o5b5_3.txt,SOCKnapsack,18,Restricted,5000,false,max,747,0.00148,na,na,5419,8614,1299
knapsack_n125m10o5b5_3.txt,SOCKnapsack,18,Restricted,10000,false,max,747,0.00146,na,na,5419,8614,1299
knapsack_n125m10o5b5_3.txt,SOCKnapsack,18,Restricted,20000,false,max,747,0.00139,na,na,5419,8614,1299
knapsack_n125m10o5b5_3.txt,SOCKnapsack,18,Relaxed,500,false,max,747,0.00111,na,na,3869,5944,779
knapsack_n125m10o5b5_3.txt,SOCKnapsack,18,Relaxed,1000,false,max,747,0.00154,na,na,5327,8366,1285
knapsack_n125m10o5b5_3.txt,SOCKnapsack,18,Relaxed,2000,false,max,747,0.00138,na,na,5419,8614,1299
knapsack_n125m10o5b5_3.txt,SOCKnapsack,18,Relaxed,5000,false,max,747,0.00145,na,na,5419,8614,1299
knapsack_n125m10o5b5_3.txt,SOCKnapsack,18,Relaxed,10000,false,max,747,0.00141,na,na,5419,8614,1299
knapsack_n125m10o5b5_3.txt,SOCKnapsack,18,Relaxed,20000,false,max,747,0.00137,na,na,5419,8614,1299
knapsack_n125m10o5b5_4.txt,SOCKnapsack,21,Exact,99999,false,max,753,0.03720,na,na,106808,165475,28680
knapsack_n125m10o5b5_4.txt,SOCKnapsack,21,Restricted,500,false,max,742,0.00177,na,na,7710,8677,905
knapsack_n125m10o5b5_4.txt,SOCKnapsack,21,Restricted,1000,false,max,753,0.00348,na,na,13727,15737,1795
knapsack_n125m10o5b5_4.txt,SOCKnapsack,21,Restricted,2000,false,max,753,0.00584,na,na,23770,28005,3408
knapsack_n125m10o5b5_4.txt,SOCKnapsack,21,Restricted,5000,false,max,753,0.01356,na,na,46540,57380,8677
knapsack_n125m10o5b5_4.txt,SOCKnapsack,21,Restricted,10000,false,max,753,0.02208,na,na,71397,93392,17379
knapsack_n125m10o5b5_4.txt,SOCKnapsack,21,Restricted,20000,false,max,753,0.03030,na,na,97225,139797,27318
knapsack_n125m10o5b5_4.txt,SOCKnapsack,21,Relaxed,500,false,max,780,0.00212,na,na,7701,10891,904
knapsack_n125m10o5b5_4.txt,SOCKnapsack,21,Relaxed,1000,false,max,753,0.00412,na,na,13722,19596,1794
knapsack_n125m10o5b5_4.txt,SOCKnapsack,21,Relaxed,2000,false,max,753,0.00720,na,na,23768,34313,3408
knapsack_n125m10o5b5_4.txt,SOCKnapsack,21,Relaxed,5000,false,max,753,0.01646,na,na,46538,68406,8676
knapsack_n125m10o5b5_4.txt,SOCKnapsack,21,Relaxed,10000,false,max,753,0.02606,na,na,71397,106771,17378
knapsack_n125m10o5b5_4.txt,SOCKnapsack,21,Relaxed,20000,false,max,753,0.03908,na,na,97226,148152,27319
knapsack_n125m20o1b5_0.txt,SOCKnapsack,29,Restricted,500,false,max,953,0.00343,na,na,14079,15719,929
knapsack_n125m20o1b5_0.txt,SOCKnapsack,29,Exact,99999,false,max,996,1.25077,na,na,1593283,2742768,252395
knapsack_n125m20o1b5_0.txt,SOCKnapsack,29,Restricted,1000,false,max,984,0.00666,na,na,26770,30249,1859
knapsack_n125m20o1b5_0.txt,SOCKnapsack,29,Restricted,2000,false,max,996,0.01368,na,na,50244,57808,3603
knapsack_n125m20o1b5_0.txt,SOCKnapsack,29,Restricted,5000,false,max,996,0.03317,na,na,113833,135187,9155
knapsack_n125m20o1b5_0.txt,SOCKnapsack,29,Restricted,10000,false,max,996,0.06416,na,na,207611,254425,17232
knapsack_n125m20o1b5_0.txt,SOCKnapsack,29,Restricted,20000,false,max,996,0.12045,na,na,367185,468530,31368
knapsack_n125m20o1b5_0.txt,SOCKnapsack,29,Relaxed,500,false,max,1044,0.00418,na,na,14075,19886,928
knapsack_n125m20o1b5_0.txt,SOCKnapsack,29,Relaxed,1000,false,max,1017,0.00823,na,na,26753,38155,1858
knapsack_n125m20o1b5_0.txt,SOCKnapsack,29,Relaxed,2000,false,max,996,0.01608,na,na,50236,72501,3602
knapsack_n125m20o1b5_0.txt,SOCKnapsack,29,Relaxed,5000,false,max,996,0.03924,na,na,113835,167317,9155
knapsack_n125m20o1b5_0.txt,SOCKnapsack,29,Relaxed,10000,false,max,996,0.08258,na,na,207606,309675,17231
knapsack_n125m20o1b5_0.txt,SOCKnapsack,29,Relaxed,20000,false,max,996,0.16512,na,na,367183,556909,31368
knapsack_n125m20o1b5_1.txt,SOCKnapsack,20,Exact,99999,false,max,828,0.00805,na,na,26582,41153,5173
knapsack_n125m20o1b5_1.txt,SOCKnapsack,20,Restricted,500,false,max,828,0.00160,na,na,6455,7953,864
knapsack_n125m20o1b5_1.txt,SOCKnapsack,20,Restricted,1000,false,max,828,0.00277,na,na,10850,14079,1573
knapsack_n125m20o1b5_1.txt,SOCKnapsack,20,Restricted,2000,false,max,828,0.00429,na,na,17142,23682,2637
knapsack_n125m20o1b5_1.txt,SOCKnapsack,20,Restricted,5000,false,max,828,0.00694,na,na,26313,40513,5173
knapsack_n125m20o1b5_1.txt,SOCKnapsack,20,Restricted,10000,false,max,828,0.00706,na,na,26582,41153,5173
knapsack_n125m20o1b5_1.txt,SOCKnapsack,20,Restricted,20000,false,max,828,0.00797,na,na,26582,41153,5173
knapsack_n125m20o1b5_1.txt,SOCKnapsack,20,Relaxed,500,false,max,828,0.00195,na,na,6453,9351,863
knapsack_n125m20o1b5_1.txt,SOCKnapsack,20,Relaxed,1000,false,max,828,0.00333,na,na,10848,16039,1574
knapsack_n125m20o1b5_1.txt,SOCKnapsack,20,Relaxed,2000,false,max,828,0.00536,na,na,17143,25831,2637
knapsack_n125m20o1b5_1.txt,SOCKnapsack,20,Relaxed,5000,false,max,828,0.00864,na,na,26312,40686,5174
knapsack_n125m20o1b5_1.txt,SOCKnapsack,20,Relaxed,10000,false,max,828,0.00779,na,na,26582,41153,5173
knapsack_n125m20o1b5_1.txt,SOCKnapsack,20,Relaxed,20000,false,max,828,0.00798,na,na,26582,41153,5173
knapsack_n125m20o1b5_2.txt,SOCKnapsack,15,Exact,99999,false,max,570,0.00099,na,na,3071,4930,787
knapsack_n125m20o1b5_2.txt,SOCKnapsack,15,Restricted,500,false,max,570,0.00072,na,na,2727,4017,708
knapsack_n125m20o1b5_2.txt,SOCKnapsack,15,Restricted,1000,false,max,570,0.00086,na,na,3071,4930,787
knapsack_n125m20o1b5_2.txt,SOCKnapsack,15,Restricted,2000,false,max,570,0.00084,na,na,3071,4930,787
knapsack_n125m20o1b5_2.txt,SOCKnapsack,15,Restricted,5000,false,max,570,0.00085,na,na,3071,4930,787
knapsack_n125m20o1b5_2.txt,SOCKnapsack,15,Restricted,10000,false,max,570,0.00092,na,na,3071,4930,787
knapsack_n125m20o1b5_2.txt,SOCKnapsack,15,Restricted,20000,false,max,570,0.00092,na,na,3071,4930,787
knapsack_n125m20o1b5_2.txt,SOCKnapsack,15,Relaxed,500,false,max,570,0.00085,na,na,2727,4278,708
knapsack_n125m20o1b5_2.txt,SOCKnapsack,15,Relaxed,1000,false,max,570,0.00094,na,na,3071,4930,787
knapsack_n125m20o1b5_2.txt,SOCKnapsack,15,Relaxed,2000,false,max,570,0.00090,na,na,3071,4930,787
knapsack_n125m20o1b5_2.txt,SOCKnapsack,15,Relaxed,5000,false,max,570,0.00091,na,na,3071,4930,787
knapsack_n125m20o1b5_2.txt,SOCKnapsack,15,Relaxed,10000,false,max,570,0.00095,na,na,3071,4930,787
knapsack_n125m20o1b5_2.txt,SOCKnapsack,15,Relaxed,20000,false,max,570,0.00092,na,na,3071,4930,787
knapsack_n125m20o1b5_3.txt,SOCKnapsack,19,Exact,99999,false,max,614,0.00688,na,na,22732,36285,5114
knapsack_n125m20o1b5_3.txt,SOCKnapsack,19,Restricted,500,false,max,614,0.00157,na,na,6262,7833,776
knapsack_n125m20o1b5_3.txt,SOCKnapsack,19,Restricted,1000,false,max,614,0.00275,na,na,10450,14025,1451
knapsack_n125m20o1b5_3.txt,SOCKnapsack,19,Restricted,2000,false,max,614,0.00428,na,na,16165,22830,2917
knapsack_n125m20o1b5_3.txt,SOCKnapsack,19,Restricted,5000,false,max,614,0.00638,na,na,22732,36145,5114
knapsack_n125m20o1b5_3.txt,SOCKnapsack,19,Restricted,10000,false,max,614,0.00675,na,na,22732,36285,5114
knapsack_n125m20o1b5_3.txt,SOCKnapsack,19,Restricted,20000,false,max,614,0.00687,na,na,22732,36285,5114
knapsack_n125m20o1b5_3.txt,SOCKnapsack,19,Relaxed,500,false,max,614,0.00191,na,na,6262,9225,775
knapsack_n125m20o1b5_3.txt,SOCKnapsack,19,Relaxed,1000,false,max,614,0.00324,na,na,10446,15940,1450
knapsack_n125m20o1b5_3.txt,SOCKnapsack,19,Relaxed,2000,false,max,614,0.00532,na,na,16165,25027,2917
knapsack_n125m20o1b5_3.txt,SOCKnapsack,19,Relaxed,5000,false,max,614,0.00779,na,na,22733,36261,5115
knapsack_n125m20o1b5_3.txt,SOCKnapsack,19,Relaxed,10000,false,max,614,0.00692,na,na,22732,36285,5114
knapsack_n125m20o1b5_3.txt,SOCKnapsack,19,Relaxed,20000,false,max,614,0.00602,na,na,22732,36285,5114
knapsack_n125m20o1b5_4.txt,SOCKnapsack,36,Restricted,500,false,max,1288,0.00454,na,na,18431,20692,992
knapsack_n125m20o1b5_4.txt,SOCKnapsack,36,Restricted,1000,false,max,1361,0.00912,na,na,35597,40192,1967
knapsack_n125m20o1b5_4.txt,SOCKnapsack,36,Restricted,2000,false,max,1417,0.01871,na,na,68897,78294,3819
knapsack_n125m20o1b5_4.txt,SOCKnapsack,36,Restricted,5000,false,max,1426,0.04830,na,na,163830,188277,9461
knapsack_n125m20o1b5_4.txt,SOCKnapsack,36,Restricted,10000,false,max,1426,0.09698,na,na,314745,364943,19241
knapsack_n125m20o1b5_4.txt,SOCKnapsack,36,Restricted,20000,false,max,1436,0.19535,na,na,601283,706508,37369
knapsack_n125m20o1b5_4.txt,SOCKnapsack,36,Relaxed,500,false,max,1632,0.00557,na,na,18802,26729,993
knapsack_n125m20o1b5_4.txt,SOCKnapsack,36,Relaxed,1000,false,max,1607,0.01096,na,na,36026,51256,1967
knapsack_n125m20o1b5_4.txt,SOCKnapsack,36,Relaxed,2000,false,max,1575,0.02305,na,na,69337,99200,3819
knapsack_n125m20o1b5_4.txt,SOCKnapsack,36,Relaxed,5000,false,max,1516,0.05803,na,na,163923,235043,9461
knapsack_n125m20o1b5_4.txt,SOCKnapsack,36,Relaxed,10000,false,max,1474,0.12704,na,na,314734,455055,19240
knapsack_n125m20o1b5_4.txt,SOCKnapsack,36,Relaxed,20000,false,max,1437,0.26994,na,na,601278,879647,37368
knapsack_n125m20o1b5_4.txt,SOCKnapsack,36,Exact,99999,false,max,1436,15.24078,na,na,12835299,23722260,1467363
knapsack_n125m20o3b5_0.txt,SOCKnapsack,29,Restricted,500,false,max,986,0.00341,na,na,14157,15884,870
knapsack_n125m20o3b5_0.txt,SOCKnapsack,29,Exact,99999,false,max,1005,1.10928,na,na,1452055,2475432,274661
knapsack_n125m20o3b5_0.txt,SOCKnapsack,29,Restricted,1000,false,max,1005,0.00648,na,na,26740,30467,1744
knapsack_n125m20o3b5_0.txt,SOCKnapsack,29,Restricted,2000,false,max,1005,0.01247,na,na,49838,57707,3610
knapsack_n125m20o3b5_0.txt,SOCKnapsack,29,Restricted,5000,false,max,1005,0.03058,na,na,111764,132731,8485
knapsack_n125m20o3b5_0.txt,SOCKnapsack,29,Restricted,10000,false,max,1005,0.05897,na,na,201022,245408,16725
knapsack_n125m20o3b5_0.txt,SOCKnapsack,29,Restricted,20000,false,max,1005,0.11324,na,na,352492,447802,33059
knapsack_n125m20o3b5_0.txt,SOCKnapsack,29,Relaxed,500,false,max,1019,0.00391,na,na,14145,20198,871
knapsack_n125m20o3b5_0.txt,SOCKnapsack,29,Relaxed,1000,false,max,1005,0.00808,na,na,26730,38572,1743
knapsack_n125m20o3b5_0.txt,SOCKnapsack,29,Relaxed,2000,false,max,1005,0.01543,na,na,49832,72633,3609
knapsack_n125m20o3b5_0.txt,SOCKnapsack,29,Relaxed,5000,false,max,1005,0.04017,na,na,111754,164989,8486
knapsack_n125m20o3b5_0.txt,SOCKnapsack,29,Relaxed,10000,false,max,1005,0.07908,na,na,201015,300306,16725
knapsack_n125m20o3b5_0.txt,SOCKnapsack,29,Relaxed,20000,false,max,1005,0.15900,na,na,352484,535359,33058
knapsack_n125m20o3b5_1.txt,SOCKnapsack,20,Exact,99999,false,max,828,0.00560,na,na,19984,30588,3507
knapsack_n125m20o3b5_1.txt,SOCKnapsack,20,Restricted,500,false,max,828,0.00152,na,na,6136,7786,840
knapsack_n125m20o3b5_1.txt,SOCKnapsack,20,Restricted,1000,false,max,828,0.00260,na,na,10031,13370,1695
knapsack_n125m20o3b5_1.txt,SOCKnapsack,20,Restricted,2000,false,max,828,0.00419,na,na,15637,22309,2552
knapsack_n125m20o3b5_1.txt,SOCKnapsack,20,Restricted,5000,false,max,828,0.00529,na,na,19984,30588,3507
knapsack_n125m20o3b5_1.txt,SOCKnapsack,20,Restricted,10000,false,max,828,0.00497,na,na,19984,30588,3507
knapsack_n125m20o3b5_1.txt,SOCKnapsack,20,Restricted,20000,false,max,828,0.00559,na,na,19984,30588,3507
knapsack_n125m20o3b5_1.txt,SOCKnapsack,20,Relaxed,500,false,max,828,0.00178,na,na,6132,9010,841
knapsack_n125m20o3b5_1.txt,SOCKnapsack,20,Relaxed,1000,false,max,828,0.00302,na,na,10031,14888,1694
knapsack_n125m20o3b5_1.txt,SOCKnapsack,20,Relaxed,2000,false,max,828,0.00480,na,na,15635,23547,2551
knapsack_n125m20o3b5_1.txt,SOCKnapsack,20,Relaxed,5000,false,max,828,0.00545,na,na,19984,30588,3507
knapsack_n125m20o3b5_1.txt,SOCKnapsack,20,Relaxed,10000,false,max,828,0.00513,na,na,19984,30588,3507
knapsack_n125m20o3b5_1.txt,SOCKnapsack,20,Relaxed,20000,false,max,828,0.00492,na,na,19984,30588,3507
knapsack_n125m20o3b5_2.txt,SOCKnapsack,15,Exact,99999,false,max,542,0.00068,na,na,2114,3384,518
knapsack_n125m20o3b5_2.txt,SOCKnapsack,15,Restricted,500,false,max,542,0.00061,na,na,2097,3329,518
knapsack_n125m20o3b5_2.txt,SOCKnapsack,15,Restricted,1000,false,max,542,0.00068,na,na,2114,3384,518
knapsack_n125m20o3b5_2.txt,SOCKnapsack,15,Restricted,2000,false,max,542,0.00062,na,na,2114,3384,518
knapsack_n125m20o3b5_2.txt,SOCKnapsack,15,Restricted,5000,false,max,542,0.00063,na,na,2114,3384,518
knapsack_n125m20o3b5_2.txt,SOCKnapsack,15,Restricted,10000,false,max,542,0.00063,na,na,2114,3384,518
knapsack_n125m20o3b5_2.txt,SOCKnapsack,15,Restricted,20000,false,max,542,0.00061,na,na,2114,3384,518
knapsack_n125m20o3b5_2.txt,SOCKnapsack,15,Relaxed,500,false,max,542,0.00065,na,na,2097,3348,519
knapsack_n125m20o3b5_2.txt,SOCKnapsack,15,Relaxed,1000,false,max,542,0.00068,na,na,2114,3384,518
knapsack_n125m20o3b5_2.txt,SOCKnapsack,15,Relaxed,2000,false,max,542,0.00065,na,na,2114,3384,518
knapsack_n125m20o3b5_2.txt,SOCKnapsack,15,Relaxed,5000,false,max,542,0.00060,na,na,2114,3384,518
knapsack_n125m20o3b5_2.txt,SOCKnapsack,15,Relaxed,10000,false,max,542,0.00058,na,na,2114,3384,518
knapsack_n125m20o3b5_2.txt,SOCKnapsack,15,Relaxed,20000,false,max,542,0.00063,na,na,2114,3384,518
knapsack_n125m20o3b5_3.txt,SOCKnapsack,19,Exact,99999,false,max,613,0.00480,na,na,16421,26025,3554
knapsack_n125m20o3b5_3.txt,SOCKnapsack,19,Restricted,500,false,max,613,0.00145,na,na,5879,7625,760
knapsack_n125m20o3b5_3.txt,SOCKnapsack,19,Restricted,1000,false,max,613,0.00254,na,na,9457,12930,1458
knapsack_n125m20o3b5_3.txt,SOCKnapsack,19,Restricted,2000,false,max,613,0.00361,na,na,13783,20116,2585
knapsack_n125m20o3b5_3.txt,SOCKnapsack,19,Restricted,5000,false,max,613,0.00459,na,na,16421,26025,3554
knapsack_n125m20o3b5_3.txt,SOCKnapsack,19,Restricted,10000,false,max,613,0.00456,na,na,16421,26025,3554
knapsack_n125m20o3b5_3.txt,SOCKnapsack,19,Restricted,20000,false,max,613,0.00483,na,na,16421,26025,3554
knapsack_n125m20o3b5_3.txt,SOCKnapsack,19,Relaxed,500,false,max,613,0.00177,na,na,5879,8784,761
knapsack_n125m20o3b5_3.txt,SOCKnapsack,19,Relaxed,1000,false,max,613,0.00282,na,na,9456,14407,1458
knapsack_n125m20o3b5_3.txt,SOCKnapsack,19,Relaxed,2000,false,max,613,0.00419,na,na,13784,21410,2585
knapsack_n125m20o3b5_3.txt,SOCKnapsack,19,Relaxed,5000,false,max,613,0.00446,na,na,16421,26025,3554
knapsack_n125m20o3b5_3.txt,SOCKnapsack,19,Relaxed,10000,false,max,613,0.00481,na,na,16421,26025,3554
knapsack_n125m20o3b5_3.txt,SOCKnapsack,19,Relaxed,20000,false,max,613,0.00416,na,na,16421,26025,3554
knapsack_n125m20o3b5_4.txt,SOCKnapsack,36,Restricted,500,false,max,1330,0.00446,na,na,18307,20568,958
knapsack_n125m20o3b5_4.txt,SOCKnapsack,36,Restricted,1000,false,max,1330,0.00887,na,na,35325,39720,1859
knapsack_n125m20o3b5_4.txt,SOCKnapsack,36,Restricted,2000,false,max,1372,0.01845,na,na,68849,78035,3667
knapsack_n125m20o3b5_4.txt,SOCKnapsack,36,Restricted,5000,false,max,1383,0.04697,na,na,163615,186984,9116
knapsack_n125m20o3b5_4.txt,SOCKnapsack,36,Restricted,10000,false,max,1390,0.09676,na,na,315025,363203,17774
knapsack_n125m20o3b5_4.txt,SOCKnapsack,36,Restricted,20000,false,max,1415,0.20197,na,na,600604,702519,36110
knapsack_n125m20o3b5_4.txt,SOCKnapsack,36,Relaxed,500,false,max,1601,0.00552,na,na,19017,27216,959
knapsack_n125m20o3b5_4.txt,SOCKnapsack,36,Relaxed,1000,false,max,1556,0.01087,na,na,35716,50621,1859
knapsack_n125m20o3b5_4.txt,SOCKnapsack,36,Relaxed,2000,false,max,1523,0.02255,na,na,69158,98330,3667
knapsack_n125m20o3b5_4.txt,SOCKnapsack,36,Exact,99999,false,max,1415,12.15747,na,na,10627429,19500169,1174202
knapsack_n125m20o3b5_4.txt,SOCKnapsack,36,Relaxed,5000,false,max,1470,0.05637,na,na,163625,233893,9116
knapsack_n125m20o3b5_4.txt,SOCKnapsack,36,Relaxed,10000,false,max,1441,0.12231,na,na,315015,455425,17773
knapsack_n125m20o3b5_4.txt,SOCKnapsack,36,Relaxed,20000,false,max,1415,0.25935,na,na,600594,879907,36109
knapsack_n125m20o5b5_0.txt,SOCKnapsack,29,Exact,99999,false,max,1008,0.88270,na,na,1249880,2128547,226353
knapsack_n125m20o5b5_0.txt,SOCKnapsack,29,Restricted,500,false,max,1008,0.00336,na,na,13942,15798,918
knapsack_n125m20o5b5_0.txt,SOCKnapsack,29,Restricted,1000,false,max,1008,0.00627,na,na,26058,29934,1820
knapsack_n125m20o5b5_0.txt,SOCKnapsack,29,Restricted,2000,false,max,1008,0.01217,na,na,48433,56454,3433
knapsack_n125m20o5b5_0.txt,SOCKnapsack,29,Restricted,5000,false,max,1008,0.03113,na,na,108080,129360,8624
knapsack_n125m20o5b5_0.txt,SOCKnapsack,29,Restricted,10000,false,max,1008,0.05849,na,na,192935,236480,17205
knapsack_n125m20o5b5_0.txt,SOCKnapsack,29,Restricted,20000,false,max,1008,0.10413,na,na,333789,421721,34031
knapsack_n125m20o5b5_0.txt,SOCKnapsack,29,Relaxed,500,false,max,1008,0.00414,na,na,13931,20076,917
knapsack_n125m20o5b5_0.txt,SOCKnapsack,29,Relaxed,1000,false,max,1008,0.00777,na,na,26051,37808,1819
knapsack_n125m20o5b5_0.txt,SOCKnapsack,29,Relaxed,2000,false,max,1008,0.01537,na,na,48427,70802,3432
knapsack_n125m20o5b5_0.txt,SOCKnapsack,29,Relaxed,5000,false,max,1008,0.03729,na,na,108072,160061,8624
knapsack_n125m20o5b5_0.txt,SOCKnapsack,29,Relaxed,10000,false,max,1008,0.07313,na,na,192930,288813,17204
knapsack_n125m20o5b5_0.txt,SOCKnapsack,29,Relaxed,20000,false,max,1008,0.14138,na,na,333787,506803,34031
knapsack_n125m20o5b5_1.txt,SOCKnapsack,20,Exact,99999,false,max,828,0.00425,na,na,15552,23673,3050
knapsack_n125m20o5b5_1.txt,SOCKnapsack,20,Restricted,500,false,max,828,0.00126,na,na,5529,7038,878
knapsack_n125m20o5b5_1.txt,SOCKnapsack,20,Restricted,1000,false,max,828,0.00225,na,na,8952,11964,1571
knapsack_n125m20o5b5_1.txt,SOCKnapsack,20,Restricted,2000,false,max,828,0.00336,na,na,13430,19198,3050
knapsack_n125m20o5b5_1.txt,SOCKnapsack,20,Restricted,5000,false,max,828,0.00424,na,na,15552,23673,3050
knapsack_n125m20o5b5_1.txt,SOCKnapsack,20,Restricted,10000,false,max,828,0.00386,na,na,15552,23673,3050
knapsack_n125m20o5b5_1.txt,SOCKnapsack,20,Restricted,20000,false,max,828,0.00433,na,na,15552,23673,3050
knapsack_n125m20o5b5_1.txt,SOCKnapsack,20,Relaxed,500,false,max,828,0.00156,na,na,5524,8144,877
knapsack_n125m20o5b5_1.txt,SOCKnapsack,20,Relaxed,1000,false,max,828,0.00261,na,na,8948,13308,1570
knapsack_n125m20o5b5_1.txt,SOCKnapsack,20,Relaxed,2000,false,max,828,0.00369,na,na,13431,20250,3051
knapsack_n125m20o5b5_1.txt,SOCKnapsack,20,Relaxed,5000,false,max,828,0.00392,na,na,15552,23673,3050
knapsack_n125m20o5b5_1.txt,SOCKnapsack,20,Relaxed,10000,false,max,828,0.00387,na,na,15552,23673,3050
knapsack_n125m20o5b5_1.txt,SOCKnapsack,20,Relaxed,20000,false,max,828,0.00388,na,na,15552,23673,3050
knapsack_n125m20o5b5_2.txt,SOCKnapsack,15,Exact,99999,false,max,542,0.00048,na,na,1560,2474,371
knapsack_n125m20o5b5_2.txt,SOCKnapsack,15,Restricted,500,false,max,542,0.00050,na,na,1560,2474,371
knapsack_n125m20o5b5_2.txt,SOCKnapsack,15,Restricted,1000,false,max,542,0.00049,na,na,1560,2474,371
knapsack_n125m20o5b5_2.txt,SOCKnapsack,15,Restricted,2000,false,max,542,0.00048,na,na,1560,2474,371
knapsack_n125m20o5b5_2.txt,SOCKnapsack,15,Restricted,5000,false,max,542,0.00054,na,na,1560,2474,371
knapsack_n125m20o5b5_2.txt,SOCKnapsack,15,Restricted,10000,false,max,542,0.00050,na,na,1560,2474,371
knapsack_n125m20o5b5_2.txt,SOCKnapsack,15,Restricted,20000,false,max,542,0.00047,na,na,1560,2474,371
knapsack_n125m20o5b5_2.txt,SOCKnapsack,15,Relaxed,500,false,max,542,0.00049,na,na,1560,2474,371
knapsack_n125m20o5b5_2.txt,SOCKnapsack,15,Relaxed,1000,false,max,542,0.00049,na,na,1560,2474,371
knapsack_n125m20o5b5_2.txt,SOCKnapsack,15,Relaxed,2000,false,max,542,0.00052,na,na,1560,2474,371
knapsack_n125m20o5b5_2.txt,SOCKnapsack,15,Relaxed,5000,false,max,542,0.00050,na,na,1560,2474,371
knapsack_n125m20o5b5_2.txt,SOCKnapsack,15,Relaxed,10000,false,max,542,0.00047,na,na,1560,2474,371
knapsack_n125m20o5b5_2.txt,SOCKnapsack,15,Relaxed,20000,false,max,542,0.00054,na,na,1560,2474,371
knapsack_n125m20o5b5_3.txt,SOCKnapsack,19,Exact,99999,false,max,615,0.00354,na,na,12825,20141,2595
knapsack_n125m20o5b5_3.txt,SOCKnapsack,19,Restricted,500,false,max,615,0.00145,na,na,5420,7137,827
knapsack_n125m20o5b5_3.txt,SOCKnapsack,19,Restricted,1000,false,max,615,0.00235,na,na,8562,11937,1546
knapsack_n125m20o5b5_3.txt,SOCKnapsack,19,Restricted,2000,false,max,615,0.00317,na,na,12174,18378,2536
knapsack_n125m20o5b5_3.txt,SOCKnapsack,19,Restricted,5000,false,max,615,0.00398,na,na,12825,20141,2595
knapsack_n125m20o5b5_3.txt,SOCKnapsack,19,Restricted,10000,false,max,615,0.00330,na,na,12825,20141,2595
knapsack_n125m20o5b5_3.txt,SOCKnapsack,19,Restricted,20000,false,max,615,0.00330,na,na,12825,20141,2595
knapsack_n125m20o5b5_3.txt,SOCKnapsack,19,Relaxed,500,false,max,615,0.00151,na,na,5419,8135,827
knapsack_n125m20o5b5_3.txt,SOCKnapsack,19,Relaxed,1000,false,max,615,0.00243,na,na,8563,13069,1547
knapsack_n125m20o5b5_3.txt,SOCKnapsack,19,Relaxed,2000,false,max,615,0.00376,na,na,12173,18959,2535
knapsack_n125m20o5b5_3.txt,SOCKnapsack,19,Relaxed,5000,false,max,615,0.00346,na,na,12825,20141,2595
knapsack_n125m20o5b5_3.txt,SOCKnapsack,19,Relaxed,10000,false,max,615,0.00337,na,na,12825,20141,2595
knapsack_n125m20o5b5_3.txt,SOCKnapsack,19,Relaxed,20000,false,max,615,0.00350,na,na,12825,20141,2595
knapsack_n125m20o5b5_4.txt,SOCKnapsack,36,Restricted,500,false,max,1245,0.00443,na,na,18031,20151,913
knapsack_n125m20o5b5_4.txt,SOCKnapsack,36,Restricted,1000,false,max,1360,0.00923,na,na,35525,40189,1777
knapsack_n125m20o5b5_4.txt,SOCKnapsack,36,Restricted,2000,false,max,1360,0.01749,na,na,68941,78304,3483
knapsack_n125m20o5b5_4.txt,SOCKnapsack,36,Restricted,5000,false,max,1392,0.04766,na,na,164354,188267,8943
knapsack_n125m20o5b5_4.txt,SOCKnapsack,36,Restricted,10000,false,max,1392,0.09694,na,na,315165,364440,18072
knapsack_n125m20o5b5_4.txt,SOCKnapsack,36,Restricted,20000,false,max,1395,0.19721,na,na,595196,699137,34963
knapsack_n125m20o5b5_4.txt,SOCKnapsack,36,Relaxed,500,false,max,1580,0.00541,na,na,18676,26644,914
knapsack_n125m20o5b5_4.txt,SOCKnapsack,36,Relaxed,1000,false,max,1523,0.01080,na,na,35907,51292,1777
knapsack_n125m20o5b5_4.txt,SOCKnapsack,36,Exact,99999,false,max,1395,11.25029,na,na,9296800,17090485,945898
knapsack_n125m20o5b5_4.txt,SOCKnapsack,36,Relaxed,2000,false,max,1484,0.02160,na,na,69025,98370,3483
knapsack_n125m20o5b5_4.txt,SOCKnapsack,36,Relaxed,5000,false,max,1442,0.05660,na,na,164401,236629,8942
knapsack_n125m20o5b5_4.txt,SOCKnapsack,36,Relaxed,10000,false,max,1404,0.12398,na,na,315156,458616,18071
knapsack_n125m20o5b5_4.txt,SOCKnapsack,36,Relaxed,20000,false,max,1395,0.26085,na,na,595192,876631,34962
knapsack_n150m10o1b5_0.txt,SOCKnapsack,18,Exact,99999,false,max,723,0.00244,na,na,8457,13908,1664
knapsack_n150m10o1b5_0.txt,SOCKnapsack,18,Restricted,500,false,max,723,0.00133,na,na,4704,6658,786
knapsack_n150m10o1b5_0.txt,SOCKnapsack,18,Restricted,1000,false,max,723,0.00189,na,na,6977,10586,1289
knapsack_n150m10o1b5_0.txt,SOCKnapsack,18,Restricted,2000,false,max,723,0.00235,na,na,8457,13908,1664
knapsack_n150m10o1b5_0.txt,SOCKnapsack,18,Restricted,5000,false,max,723,0.00216,na,na,8457,13908,1664
knapsack_n150m10o1b5_0.txt,SOCKnapsack,18,Restricted,10000,false,max,723,0.00236,na,na,8457,13908,1664
knapsack_n150m10o1b5_0.txt,SOCKnapsack,18,Restricted,20000,false,max,723,0.00224,na,na,8457,13908,1664
knapsack_n150m10o1b5_0.txt,SOCKnapsack,18,Relaxed,500,false,max,723,0.00141,na,na,4704,7338,786
knapsack_n150m10o1b5_0.txt,SOCKnapsack,18,Relaxed,1000,false,max,723,0.00220,na,na,6977,11160,1290
knapsack_n150m10o1b5_0.txt,SOCKnapsack,18,Relaxed,2000,false,max,723,0.00243,na,na,8457,13908,1664
knapsack_n150m10o1b5_0.txt,SOCKnapsack,18,Relaxed,5000,false,max,723,0.00235,na,na,8457,13908,1664
knapsack_n150m10o1b5_0.txt,SOCKnapsack,18,Relaxed,10000,false,max,723,0.00235,na,na,8457,13908,1664
knapsack_n150m10o1b5_0.txt,SOCKnapsack,18,Relaxed,20000,false,max,723,0.00243,na,na,8457,13908,1664
knapsack_n150m10o1b5_1.txt,SOCKnapsack,30,Restricted,500,false,max,1111,0.00353,na,na,14573,15880,991
knapsack_n150m10o1b5_1.txt,SOCKnapsack,30,Restricted,1000,false,max,1131,0.00698,na,na,27906,30547,1953
knapsack_n150m10o1b5_1.txt,SOCKnapsack,30,Restricted,2000,false,max,1148,0.01415,na,na,53078,58586,3825
knapsack_n150m10o1b5_1.txt,SOCKnapsack,30,Restricted,5000,false,max,1193,0.03535,na,na,122484,136699,9601
knapsack_n150m10o1b5_1.txt,SOCKnapsack,30,Exact,99999,false,max,1210,6.22061,na,na,5806256,10166674,902763
knapsack_n150m10o1b5_1.txt,SOCKnapsack,30,Restricted,10000,false,max,1210,0.06945,na,na,229093,258618,18538
knapsack_n150m10o1b5_1.txt,SOCKnapsack,30,Restricted,20000,false,max,1210,0.13205,na,na,424041,486624,37081
knapsack_n150m10o1b5_1.txt,SOCKnapsack,30,Relaxed,500,false,max,1300,0.00420,na,na,14585,20238,990
knapsack_n150m10o1b5_1.txt,SOCKnapsack,30,Relaxed,1000,false,max,1261,0.00801,na,na,27899,38895,1953
knapsack_n150m10o1b5_1.txt,SOCKnapsack,30,Relaxed,2000,false,max,1240,0.01635,na,na,53073,74671,3825
knapsack_n150m10o1b5_1.txt,SOCKnapsack,30,Relaxed,5000,false,max,1213,0.04096,na,na,122474,173853,9600
knapsack_n150m10o1b5_1.txt,SOCKnapsack,30,Relaxed,10000,false,max,1210,0.08404,na,na,229087,327811,18537
knapsack_n150m10o1b5_1.txt,SOCKnapsack,30,Relaxed,20000,false,max,1210,0.17778,na,na,424032,612787,37080
knapsack_n150m10o1b5_2.txt,SOCKnapsack,26,Exact,99999,false,max,978,1.03633,na,na,1378166,2303206,272688
knapsack_n150m10o1b5_2.txt,SOCKnapsack,26,Restricted,500,false,max,918,0.00282,na,na,11627,12964,956
knapsack_n150m10o1b5_2.txt,SOCKnapsack,26,Restricted,1000,false,max,978,0.00518,na,na,21953,24797,1869
knapsack_n150m10o1b5_2.txt,SOCKnapsack,26,Restricted,2000,false,max,978,0.01034,na,na,40698,46586,3686
knapsack_n150m10o1b5_2.txt,SOCKnapsack,26,Restricted,5000,false,max,978,0.02682,na,na,90588,106036,9052
knapsack_n150m10o1b5_2.txt,SOCKnapsack,26,Restricted,10000,false,max,978,0.04992,na,na,163355,195973,17761
knapsack_n150m10o1b5_2.txt,SOCKnapsack,26,Restricted,20000,false,max,978,0.09274,na,na,287637,356824,33593
knapsack_n150m10o1b5_2.txt,SOCKnapsack,26,Relaxed,500,false,max,1037,0.00342,na,na,11645,16376,957
knapsack_n150m10o1b5_2.txt,SOCKnapsack,26,Relaxed,1000,false,max,1005,0.00627,na,na,21946,31230,1868
knapsack_n150m10o1b5_2.txt,SOCKnapsack,26,Relaxed,2000,false,max,978,0.01311,na,na,40693,58345,3686
knapsack_n150m10o1b5_2.txt,SOCKnapsack,26,Relaxed,5000,false,max,978,0.03240,na,na,90581,131720,9051
knapsack_n150m10o1b5_2.txt,SOCKnapsack,26,Relaxed,10000,false,max,978,0.06219,na,na,163352,240471,17761
knapsack_n150m10o1b5_2.txt,SOCKnapsack,26,Relaxed,20000,false,max,978,0.12626,na,na,287636,429815,33593
knapsack_n150m10o1b5_3.txt,SOCKnapsack,18,Exact,99999,false,max,558,0.00216,na,na,7697,11756,1627
knapsack_n150m10o1b5_3.txt,SOCKnapsack,18,Restricted,500,false,max,558,0.00125,na,na,4443,5788,741
knapsack_n150m10o1b5_3.txt,SOCKnapsack,18,Restricted,1000,false,max,558,0.00164,na,na,6579,9326,1385
knapsack_n150m10o1b5_3.txt,SOCKnapsack,18,Restricted,2000,false,max,558,0.00211,na,na,7697,11756,1627
knapsack_n150m10o1b5_3.txt,SOCKnapsack,18,Restricted,5000,false,max,558,0.00199,na,na,7697,11756,1627
knapsack_n150m10o1b5_3.txt,SOCKnapsack,18,Restricted,10000,false,max,558,0.00219,na,na,7697,11756,1627
knapsack_n150m10o1b5_3.txt,SOCKnapsack,18,Restricted,20000,false,max,558,0.00189,na,na,7697,11756,1627
knapsack_n150m10o1b5_3.txt,SOCKnapsack,18,Relaxed,500,false,max,558,0.00131,na,na,4443,6476,742
knapsack_n150m10o1b5_3.txt,SOCKnapsack,18,Relaxed,1000,false,max,558,0.00203,na,na,6579,9890,1386
knapsack_n150m10o1b5_3.txt,SOCKnapsack,18,Relaxed,2000,false,max,558,0.00206,na,na,7697,11756,1627
knapsack_n150m10o1b5_3.txt,SOCKnapsack,18,Relaxed,5000,false,max,558,0.00208,na,na,7697,11756,1627
knapsack_n150m10o1b5_3.txt,SOCKnapsack,18,Relaxed,10000,false,max,558,0.00217,na,na,7697,11756,1627
knapsack_n150m10o1b5_3.txt,SOCKnapsack,18,Relaxed,20000,false,max,558,0.00217,na,na,7697,11756,1627
knapsack_n150m10o1b5_4.txt,SOCKnapsack,24,Exact,99999,false,max,1045,0.04839,na,na,131282,217632,23799
knapsack_n150m10o1b5_4.txt,SOCKnapsack,24,Restricted,500,false,max,1045,0.00230,na,na,9387,11624,862
knapsack_n150m10o1b5_4.txt,SOCKnapsack,24,Restricted,1000,false,max,1045,0.00433,na,na,16761,21486,1702
knapsack_n150m10o1b5_4.txt,SOCKnapsack,24,Restricted,2000,false,max,1045,0.00758,na,na,28743,38085,3233
knapsack_n150m10o1b5_4.txt,SOCKnapsack,24,Restricted,5000,false,max,1045,0.01725,na,na,56805,79580,7531
knapsack_n150m10o1b5_4.txt,SOCKnapsack,24,Restricted,10000,false,max,1045,0.02789,na,na,89294,132264,14369
knapsack_n150m10o1b5_4.txt,SOCKnapsack,24,Restricted,20000,false,max,1045,0.03805,na,na,125910,202942,23799
knapsack_n150m10o1b5_4.txt,SOCKnapsack,24,Relaxed,500,false,max,1045,0.00275,na,na,9367,13975,861
knapsack_n150m10o1b5_4.txt,SOCKnapsack,24,Relaxed,1000,false,max,1045,0.00524,na,na,16757,25442,1701
knapsack_n150m10o1b5_4.txt,SOCKnapsack,24,Relaxed,2000,false,max,1045,0.00941,na,na,28738,44146,3233
knapsack_n150m10o1b5_4.txt,SOCKnapsack,24,Relaxed,5000,false,max,1045,0.02039,na,na,56801,89037,7531
knapsack_n150m10o1b5_4.txt,SOCKnapsack,24,Relaxed,10000,false,max,1045,0.03622,na,na,89291,142571,14369
knapsack_n150m10o1b5_4.txt,SOCKnapsack,24,Relaxed,20000,false,max,1045,0.05345,na,na,125911,206753,23800
knapsack_n150m10o3b5_0.txt,SOCKnapsack,18,Exact,99999,false,max,712,0.00209,na,na,7010,11290,1582
knapsack_n150m10o3b5_0.txt,SOCKnapsack,18,Restricted,500,false,max,712,0.00117,na,na,4429,6078,835
knapsack_n150m10o3b5_0.txt,SOCKnapsack,18,Restricted,1000,false,max,712,0.00160,na,na,6397,9563,1306
knapsack_n150m10o3b5_0.txt,SOCKnapsack,18,Restricted,2000,false,max,712,0.00198,na,na,7010,11290,1582
knapsack_n150m10o3b5_0.txt,SOCKnapsack,18,Restricted,5000,false,max,712,0.00178,na,na,7010,11290,1582
knapsack_n150m10o3b5_0.txt,SOCKnapsack,18,Restricted,10000,false,max,712,0.00201,na,na,7010,11290,1582
knapsack_n150m10o3b5_0.txt,SOCKnapsack,18,Restricted,20000,false,max,712,0.00187,na,na,7010,11290,1582
knapsack_n150m10o3b5_0.txt,SOCKnapsack,18,Relaxed,500,false,max,712,0.00130,na,na,4427,6773,834
knapsack_n150m10o3b5_0.txt,SOCKnapsack,18,Relaxed,1000,false,max,712,0.00182,na,na,6398,10076,1306
knapsack_n150m10o3b5_0.txt,SOCKnapsack,18,Relaxed,2000,false,max,712,0.00180,na,na,7010,11290,1582
knapsack_n150m10o3b5_0.txt,SOCKnapsack,18,Relaxed,5000,false,max,712,0.00196,na,na,7010,11290,1582
knapsack_n150m10o3b5_0.txt,SOCKnapsack,18,Relaxed,10000,false,max,712,0.00194,na,na,7010,11290,1582
knapsack_n150m10o3b5_0.txt,SOCKnapsack,18,Relaxed,20000,false,max,712,0.00192,na,na,7010,11290,1582
knapsack_n150m10o3b5_1.txt,SOCKnapsack,30,Restricted,500,false,max,1115,0.00362,na,na,14676,16031,991
knapsack_n150m10o3b5_1.txt,SOCKnapsack,30,Restricted,1000,false,max,1175,0.00707,na,na,27956,30805,1963
knapsack_n150m10o3b5_1.txt,SOCKnapsack,30,Restricted,2000,false,max,1175,0.01421,na,na,53018,58755,3793
knapsack_n150m10o3b5_1.txt,SOCKnapsack,30,Restricted,5000,false,max,1175,0.03498,na,na,122161,137125,9534
knapsack_n150m10o3b5_1.txt,SOCKnapsack,30,Exact,99999,false,max,1175,6.31391,na,na,5620732,9722154,933132
knapsack_n150m10o3b5_1.txt,SOCKnapsack,30,Restricted,10000,false,max,1175,0.07133,na,na,229062,260591,17917
knapsack_n150m10o3b5_1.txt,SOCKnapsack,30,Restricted,20000,false,max,1175,0.13507,na,na,423830,492307,36962
knapsack_n150m10o3b5_1.txt,SOCKnapsack,30,Relaxed,500,false,max,1265,0.00420,na,na,14681,20318,992
knapsack_n150m10o3b5_1.txt,SOCKnapsack,30,Relaxed,1000,false,max,1244,0.00854,na,na,27974,38911,1964
knapsack_n150m10o3b5_1.txt,SOCKnapsack,30,Relaxed,2000,false,max,1222,0.01627,na,na,53008,73992,3793
knapsack_n150m10o3b5_1.txt,SOCKnapsack,30,Relaxed,5000,false,max,1185,0.04312,na,na,122154,172079,9534
knapsack_n150m10o3b5_1.txt,SOCKnapsack,30,Relaxed,10000,false,max,1175,0.08740,na,na,229058,325882,17916
knapsack_n150m10o3b5_1.txt,SOCKnapsack,30,Relaxed,20000,false,max,1175,0.18410,na,na,423823,609930,36961
knapsack_n150m10o3b5_2.txt,SOCKnapsack,26,Exact,99999,false,max,952,0.81895,na,na,1137136,1872165,255540
knapsack_n150m10o3b5_2.txt,SOCKnapsack,26,Restricted,500,false,max,952,0.00280,na,na,11446,12734,906
knapsack_n150m10o3b5_2.txt,SOCKnapsack,26,Restricted,1000,false,max,952,0.00514,na,na,21338,24053,1838
knapsack_n150m10o3b5_2.txt,SOCKnapsack,26,Restricted,2000,false,max,952,0.01036,na,na,39519,44961,3600
knapsack_n150m10o3b5_2.txt,SOCKnapsack,26,Restricted,5000,false,max,952,0.02537,na,na,87852,102272,8883
knapsack_n150m10o3b5_2.txt,SOCKnapsack,26,Restricted,10000,false,max,952,0.04801,na,na,157438,187898,16882
knapsack_n150m10o3b5_2.txt,SOCKnapsack,26,Restricted,20000,false,max,952,0.08820,na,na,273540,337701,33195
knapsack_n150m10o3b5_2.txt,SOCKnapsack,26,Relaxed,500,false,max,1020,0.00340,na,na,11441,16055,906
knapsack_n150m10o3b5_2.txt,SOCKnapsack,26,Relaxed,1000,false,max,986,0.00634,na,na,21331,30205,1837
knapsack_n150m10o3b5_2.txt,SOCKnapsack,26,Relaxed,2000,false,max,952,0.01249,na,na,39510,56328,3599
knapsack_n150m10o3b5_2.txt,SOCKnapsack,26,Relaxed,5000,false,max,952,0.03111,na,na,87848,126982,8882
knapsack_n150m10o3b5_2.txt,SOCKnapsack,26,Relaxed,10000,false,max,952,0.06092,na,na,157432,230502,16883
knapsack_n150m10o3b5_2.txt,SOCKnapsack,26,Relaxed,20000,false,max,952,0.11622,na,na,273537,406795,33194
knapsack_n150m10o3b5_3.txt,SOCKnapsack,18,Exact,99999,false,max,557,0.00159,na,na,5808,8801,1228
knapsack_n150m10o3b5_3.txt,SOCKnapsack,18,Restricted,500,false,max,557,0.00108,na,na,3928,5231,797
knapsack_n150m10o3b5_3.txt,SOCKnapsack,18,Restricted,1000,false,max,557,0.00133,na,na,5378,7855,1228
knapsack_n150m10o3b5_3.txt,SOCKnapsack,18,Restricted,2000,false,max,557,0.00162,na,na,5808,8801,1228
knapsack_n150m10o3b5_3.txt,SOCKnapsack,18,Restricted,5000,false,max,557,0.00146,na,na,5808,8801,1228
knapsack_n150m10o3b5_3.txt,SOCKnapsack,18,Restricted,10000,false,max,557,0.00147,na,na,5808,8801,1228
knapsack_n150m10o3b5_3.txt,SOCKnapsack,18,Restricted,20000,false,max,557,0.00156,na,na,5808,8801,1228
knapsack_n150m10o3b5_3.txt,SOCKnapsack,18,Relaxed,500,false,max,557,0.00114,na,na,3925,5789,797
knapsack_n150m10o3b5_3.txt,SOCKnapsack,18,Relaxed,1000,false,max,557,0.00158,na,na,5376,8080,1229
knapsack_n150m10o3b5_3.txt,SOCKnapsack,18,Relaxed,2000,false,max,557,0.00159,na,na,5808,8801,1228
knapsack_n150m10o3b5_3.txt,SOCKnapsack,18,Relaxed,5000,false,max,557,0.00156,na,na,5808,8801,1228
knapsack_n150m10o3b5_3.txt,SOCKnapsack,18,Relaxed,10000,false,max,557,0.00155,na,na,5808,8801,1228
knapsack_n150m10o3b5_3.txt,SOCKnapsack,18,Relaxed,20000,false,max,557,0.00156,na,na,5808,8801,1228
knapsack_n150m10o3b5_4.txt,SOCKnapsack,24,Exact,99999,false,max,1066,0.03098,na,na,88471,145441,15156
knapsack_n150m10o3b5_4.txt,SOCKnapsack,24,Restricted,500,false,max,1066,0.00219,na,na,8830,11359,861
knapsack_n150m10o3b5_4.txt,SOCKnapsack,24,Restricted,1000,false,max,1066,0.00400,na,na,15462,20401,1697
knapsack_n150m10o3b5_4.txt,SOCKnapsack,24,Restricted,2000,false,max,1066,0.00691,na,na,26244,35764,3248
knapsack_n150m10o3b5_4.txt,SOCKnapsack,24,Restricted,5000,false,max,1066,0.01490,na,na,50001,72236,8122
knapsack_n150m10o3b5_4.txt,SOCKnapsack,24,Restricted,10000,false,max,1066,0.02362,na,na,75820,117648,12294
knapsack_n150m10o3b5_4.txt,SOCKnapsack,24,Restricted,20000,false,max,1066,0.02998,na,na,88471,145441,15156
knapsack_n150m10o3b5_4.txt,SOCKnapsack,24,Relaxed,500,false,max,1066,0.00273,na,na,8821,13453,860
knapsack_n150m10o3b5_4.txt,SOCKnapsack,24,Relaxed,1000,false,max,1066,0.00463,na,na,15458,23764,1697
knapsack_n150m10o3b5_4.txt,SOCKnapsack,24,Relaxed,2000,false,max,1066,0.00845,na,na,26242,40741,3248
knapsack_n150m10o3b5_4.txt,SOCKnapsack,24,Relaxed,5000,false,max,1066,0.01774,na,na,49998,78951,8121
knapsack_n150m10o3b5_4.txt,SOCKnapsack,24,Relaxed,10000,false,max,1066,0.02854,na,na,75815,122204,12293
knapsack_n150m10o3b5_4.txt,SOCKnapsack,24,Relaxed,20000,false,max,1066,0.03071,na,na,88471,145441,15156
knapsack_n150m10o5b5_0.txt,SOCKnapsack,18,Exact,99999,false,max,721,0.00154,na,na,5514,8812,1177
knapsack_n150m10o5b5_0.txt,SOCKnapsack,18,Restricted,500,false,max,721,0.00105,na,na,3900,5495,760
knapsack_n150m10o5b5_0.txt,SOCKnapsack,18,Restricted,1000,false,max,721,0.00157,na,na,5425,8424,1176
knapsack_n150m10o5b5_0.txt,SOCKnapsack,18,Restricted,2000,false,max,721,0.00152,na,na,5514,8812,1177
knapsack_n150m10o5b5_0.txt,SOCKnapsack,18,Restricted,5000,false,max,721,0.00164,na,na,5514,8812,1177
knapsack_n150m10o5b5_0.txt,SOCKnapsack,18,Restricted,10000,false,max,721,0.00161,na,na,5514,8812,1177
knapsack_n150m10o5b5_0.txt,SOCKnapsack,18,Restricted,20000,false,max,721,0.00164,na,na,5514,8812,1177
knapsack_n150m10o5b5_0.txt,SOCKnapsack,18,Relaxed,500,false,max,721,0.00123,na,na,3897,6012,759
knapsack_n150m10o5b5_0.txt,SOCKnapsack,18,Relaxed,1000,false,max,721,0.00168,na,na,5426,8603,1176
knapsack_n150m10o5b5_0.txt,SOCKnapsack,18,Relaxed,2000,false,max,721,0.00148,na,na,5514,8812,1177
knapsack_n150m10o5b5_0.txt,SOCKnapsack,18,Relaxed,5000,false,max,721,0.00154,na,na,5514,8812,1177
knapsack_n150m10o5b5_0.txt,SOCKnapsack,18,Relaxed,10000,false,max,721,0.00151,na,na,5514,8812,1177
knapsack_n150m10o5b5_0.txt,SOCKnapsack,18,Relaxed,20000,false,max,721,0.00142,na,na,5514,8812,1177
knapsack_n150m10o5b5_1.txt,SOCKnapsack,30,Restricted,500,false,max,1099,0.00353,na,na,14527,15887,975
knapsack_n150m10o5b5_1.txt,SOCKnapsack,30,Restricted,1000,false,max,1150,0.00681,na,na,27767,30600,1880
knapsack_n150m10o5b5_1.txt,SOCKnapsack,30,Restricted,2000,false,max,1150,0.01352,na,na,52751,58490,3720
knapsack_n150m10o5b5_1.txt,SOCKnapsack,30,Exact,99999,false,max,1150,5.21340,na,na,4965016,8449239,822991
knapsack_n150m10o5b5_1.txt,SOCKnapsack,30,Restricted,5000,false,max,1150,0.03557,na,na,121077,136167,8943
knapsack_n150m10o5b5_1.txt,SOCKnapsack,30,Restricted,10000,false,max,1150,0.06754,na,na,225548,257720,18535
knapsack_n150m10o5b5_1.txt,SOCKnapsack,30,Restricted,20000,false,max,1150,0.13168,na,na,413777,482532,37174
knapsack_n150m10o5b5_1.txt,SOCKnapsack,30,Relaxed,500,false,max,1259,0.00432,na,na,14550,20056,976
knapsack_n150m10o5b5_1.txt,SOCKnapsack,30,Relaxed,1000,false,max,1228,0.00847,na,na,27782,38554,1881
knapsack_n150m10o5b5_1.txt,SOCKnapsack,30,Relaxed,2000,false,max,1198,0.01635,na,na,52756,73598,3720
knapsack_n150m10o5b5_1.txt,SOCKnapsack,30,Relaxed,5000,false,max,1151,0.04170,na,na,121072,170343,8943
knapsack_n150m10o5b5_1.txt,SOCKnapsack,30,Relaxed,10000,false,max,1150,0.08450,na,na,225540,320474,18534
knapsack_n150m10o5b5_1.txt,SOCKnapsack,30,Relaxed,20000,false,max,1150,0.17940,na,na,413769,593624,37173
knapsack_n150m10o5b5_2.txt,SOCKnapsack,26,Exact,99999,false,max,933,0.57852,na,na,903436,1472243,195868
knapsack_n150m10o5b5_2.txt,SOCKnapsack,26,Restricted,500,false,max,933,0.00276,na,na,11214,12523,861
knapsack_n150m10o5b5_2.txt,SOCKnapsack,26,Restricted,1000,false,max,933,0.00522,na,na,21003,23706,1815
knapsack_n150m10o5b5_2.txt,SOCKnapsack,26,Restricted,2000,false,max,933,0.01013,na,na,38689,44234,3551
knapsack_n150m10o5b5_2.txt,SOCKnapsack,26,Restricted,5000,false,max,933,0.02497,na,na,84805,99585,8585
knapsack_n150m10o5b5_2.txt,SOCKnapsack,26,Restricted,10000,false,max,933,0.04559,na,na,149497,180669,17226
knapsack_n150m10o5b5_2.txt,SOCKnapsack,26,Restricted,20000,false,max,933,0.08275,na,na,257662,322171,34967
knapsack_n150m10o5b5_2.txt,SOCKnapsack,26,Relaxed,500,false,max,995,0.00328,na,na,11217,15687,861
knapsack_n150m10o5b5_2.txt,SOCKnapsack,26,Relaxed,1000,false,max,960,0.00614,na,na,20993,29684,1814
knapsack_n150m10o5b5_2.txt,SOCKnapsack,26,Relaxed,2000,false,max,933,0.01243,na,na,38683,55273,3550
knapsack_n150m10o5b5_2.txt,SOCKnapsack,26,Relaxed,5000,false,max,933,0.02929,na,na,84797,122985,8584
knapsack_n150m10o5b5_2.txt,SOCKnapsack,26,Relaxed,10000,false,max,933,0.05799,na,na,149493,219641,17226
knapsack_n150m10o5b5_2.txt,SOCKnapsack,26,Relaxed,20000,false,max,933,0.11069,na,na,257658,383582,34967
knapsack_n150m10o5b5_3.txt,SOCKnapsack,18,Exact,99999,false,max,555,0.00138,na,na,4893,7335,1144
knapsack_n150m10o5b5_3.txt,SOCKnapsack,18,Restricted,500,false,max,555,0.00101,na,na,3690,4959,741
knapsack_n150m10o5b5_3.txt,SOCKnapsack,18,Restricted,1000,false,max,555,0.00122,na,na,4861,7134,1144
knapsack_n150m10o5b5_3.txt,SOCKnapsack,18,Restricted,2000,false,max,555,0.00127,na,na,4893,7335,1144
knapsack_n150m10o5b5_3.txt,SOCKnapsack,18,Restricted,5000,false,max,555,0.00121,na,na,4893,7335,1144
knapsack_n150m10o5b5_3.txt,SOCKnapsack,18,Restricted,10000,false,max,555,0.00126,na,na,4893,7335,1144
knapsack_n150m10o5b5_3.txt,SOCKnapsack,18,Restricted,20000,false,max,555,0.00138,na,na,4893,7335,1144
knapsack_n150m10o5b5_3.txt,SOCKnapsack,18,Relaxed,500,false,max,555,0.00107,na,na,3688,5430,741
knapsack_n150m10o5b5_3.txt,SOCKnapsack,18,Relaxed,1000,false,max,555,0.00146,na,na,4862,7280,1145
knapsack_n150m10o5b5_3.txt,SOCKnapsack,18,Relaxed,2000,false,max,555,0.00129,na,na,4893,7335,1144
knapsack_n150m10o5b5_3.txt,SOCKnapsack,18,Relaxed,5000,false,max,555,0.00132,na,na,4893,7335,1144
knapsack_n150m10o5b5_3.txt,SOCKnapsack,18,Relaxed,10000,false,max,555,0.00135,na,na,4893,7335,1144
knapsack_n150m10o5b5_3.txt,SOCKnapsack,18,Relaxed,20000,false,max,555,0.00124,na,na,4893,7335,1144
knapsack_n150m10o5b5_4.txt,SOCKnapsack,24,Exact,99999,false,max,1081,0.02106,na,na,60795,99837,10303
knapsack_n150m10o5b5_4.txt,SOCKnapsack,24,Restricted,500,false,max,1081,0.00201,na,na,8384,10970,862
knapsack_n150m10o5b5_4.txt,SOCKnapsack,24,Restricted,1000,false,max,1081,0.00371,na,na,14297,19327,1615
knapsack_n150m10o5b5_4.txt,SOCKnapsack,24,Restricted,2000,false,max,1081,0.00629,na,na,24179,33835,3251
knapsack_n150m10o5b5_4.txt,SOCKnapsack,24,Restricted,5000,false,max,1081,0.01307,na,na,43692,65428,7493
knapsack_n150m10o5b5_4.txt,SOCKnapsack,24,Restricted,10000,false,max,1081,0.01855,na,na,60370,98673,10303
knapsack_n150m10o5b5_4.txt,SOCKnapsack,24,Restricted,20000,false,max,1081,0.02000,na,na,60795,99837,10303
knapsack_n150m10o5b5_4.txt,SOCKnapsack,24,Relaxed,500,false,max,1081,0.00256,na,na,8378,12860,861
knapsack_n150m10o5b5_4.txt,SOCKnapsack,24,Relaxed,1000,false,max,1081,0.00457,na,na,14291,22151,1614
knapsack_n150m10o5b5_4.txt,SOCKnapsack,24,Relaxed,2000,false,max,1081,0.00757,na,na,24175,37860,3250
knapsack_n150m10o5b5_4.txt,SOCKnapsack,24,Relaxed,5000,false,max,1081,0.01545,na,na,43691,69688,7494
knapsack_n150m10o5b5_4.txt,SOCKnapsack,24,Relaxed,10000,false,max,1081,0.02189,na,na,60371,98978,10304
knapsack_n150m10o5b5_4.txt,SOCKnapsack,24,Relaxed,20000,false,max,1081,0.02074,na,na,60795,99837,10303
knapsack_n150m20o1b5_0.txt,SOCKnapsack,28,Exact,99999,false,max,1178,0.85811,na,na,1207306,2151918,168286
knapsack_n150m20o1b5_0.txt,SOCKnapsack,28,Restricted,500,false,max,1176,0.00321,na,na,12912,15645,991
knapsack_n150m20o1b5_0.txt,SOCKnapsack,28,Restricted,1000,false,max,1178,0.00616,na,na,24348,30023,1945
knapsack_n150m20o1b5_0.txt,SOCKnapsack,28,Restricted,2000,false,max,1178,0.01198,na,na,45724,57205,3712
knapsack_n150m20o1b5_0.txt,SOCKnapsack,28,Restricted,5000,false,max,1178,0.03106,na,na,102662,132613,8748
knapsack_n150m20o1b5_0.txt,SOCKnapsack,28,Restricted,10000,false,max,1178,0.05795,na,na,185794,248340,16646
knapsack_n150m20o1b5_0.txt,SOCKnapsack,28,Restricted,20000,false,max,1178,0.11163,na,na,328386,456051,34606
knapsack_n150m20o1b5_0.txt,SOCKnapsack,28,Relaxed,500,false,max,1208,0.00395,na,na,12905,19061,991
knapsack_n150m20o1b5_0.txt,SOCKnapsack,28,Relaxed,1000,false,max,1178,0.00758,na,na,24345,36371,1945
knapsack_n150m20o1b5_0.txt,SOCKnapsack,28,Relaxed,2000,false,max,1178,0.01500,na,na,45720,69037,3713
knapsack_n150m20o1b5_0.txt,SOCKnapsack,28,Relaxed,5000,false,max,1178,0.03860,na,na,102656,157822,8747
knapsack_n150m20o1b5_0.txt,SOCKnapsack,28,Relaxed,10000,false,max,1178,0.07549,na,na,185788,290823,16645
knapsack_n150m20o1b5_0.txt,SOCKnapsack,28,Relaxed,20000,false,max,1178,0.15305,na,na,328381,524143,34605
knapsack_n150m20o1b5_1.txt,SOCKnapsack,23,Exact,99999,false,max,750,0.09758,na,na,247125,384065,52749
knapsack_n150m20o1b5_1.txt,SOCKnapsack,23,Restricted,500,false,max,750,0.00239,na,na,9754,11118,901
knapsack_n150m20o1b5_1.txt,SOCKnapsack,23,Restricted,1000,false,max,750,0.00420,na,na,17572,20483,1705
knapsack_n150m20o1b5_1.txt,SOCKnapsack,23,Restricted,2000,false,max,750,0.00787,na,na,31206,37386,3362
knapsack_n150m20o1b5_1.txt,SOCKnapsack,23,Restricted,5000,false,max,750,0.01853,na,na,63660,79253,8483
knapsack_n150m20o1b5_1.txt,SOCKnapsack,23,Restricted,10000,false,max,750,0.03360,na,na,105493,136798,16603
knapsack_n150m20o1b5_1.txt,SOCKnapsack,23,Restricted,20000,false,max,750,0.05412,na,na,163954,224752,30637
knapsack_n150m20o1b5_1.txt,SOCKnapsack,23,Relaxed,500,false,max,750,0.00272,na,na,9751,13985,901
knapsack_n150m20o1b5_1.txt,SOCKnapsack,23,Relaxed,1000,false,max,750,0.00546,na,na,17567,25458,1704
knapsack_n150m20o1b5_1.txt,SOCKnapsack,23,Relaxed,2000,false,max,750,0.01003,na,na,31200,45726,3362
knapsack_n150m20o1b5_1.txt,SOCKnapsack,23,Relaxed,5000,false,max,750,0.02390,na,na,63656,94379,8482
knapsack_n150m20o1b5_1.txt,SOCKnapsack,23,Relaxed,10000,false,max,750,0.04225,na,na,105491,158077,16602
knapsack_n150m20o1b5_1.txt,SOCKnapsack,23,Relaxed,20000,false,max,750,0.06943,na,na,163953,248519,30637
knapsack_n150m20o1b5_2.txt,SOCKnapsack,16,Exact,99999,false,max,598,0.00041,na,na,1121,1901,172
knapsack_n150m20o1b5_2.txt,SOCKnapsack,16,Restricted,500,false,max,598,0.00036,na,na,1121,1901,172
knapsack_n150m20o1b5_2.txt,SOCKnapsack,16,Restricted,1000,false,max,598,0.00036,na,na,1121,1901,172
knapsack_n150m20o1b5_2.txt,SOCKnapsack,16,Restricted,2000,false,max,598,0.00042,na,na,1121,1901,172
knapsack_n150m20o1b5_2.txt,SOCKnapsack,16,Restricted,5000,false,max,598,0.00037,na,na,1121,1901,172
knapsack_n150m20o1b5_2.txt,SOCKnapsack,16,Restricted,10000,false,max,598,0.00040,na,na,1121,1901,172
knapsack_n150m20o1b5_2.txt,SOCKnapsack,16,Restricted,20000,false,max,598,0.00036,na,na,1121,1901,172
knapsack_n150m20o1b5_2.txt,SOCKnapsack,16,Relaxed,500,false,max,598,0.00039,na,na,1121,1901,172
knapsack_n150m20o1b5_2.txt,SOCKnapsack,16,Relaxed,1000,false,max,598,0.00038,na,na,1121,1901,172
knapsack_n150m20o1b5_2.txt,SOCKnapsack,16,Relaxed,2000,false,max,598,0.00038,na,na,1121,1901,172
knapsack_n150m20o1b5_2.txt,SOCKnapsack,16,Relaxed,5000,false,max,598,0.00039,na,na,1121,1901,172
knapsack_n150m20o1b5_2.txt,SOCKnapsack,16,Relaxed,10000,false,max,598,0.00040,na,na,1121,1901,172
knapsack_n150m20o1b5_2.txt,SOCKnapsack,16,Relaxed,20000,false,max,598,0.00041,na,na,1121,1901,172
knapsack_n150m20o1b5_3.txt,SOCKnapsack,22,Exact,99999,false,max,917,0.06256,na,na,162043,263306,32917
knapsack_n150m20o1b5_3.txt,SOCKnapsack,22,Restricted,500,false,max,912,0.00217,na,na,8785,10306,907
knapsack_n150m20o1b5_3.txt,SOCKnapsack,22,Restricted,1000,false,max,917,0.00393,na,na,15850,18995,1685
knapsack_n150m20o1b5_3.txt,SOCKnapsack,22,Restricted,2000,false,max,917,0.00746,na,na,28119,34737,3455
knapsack_n150m20o1b5_3.txt,SOCKnapsack,22,Restricted,5000,false,max,917,0.01694,na,na,56375,73492,7879
knapsack_n150m20o1b5_3.txt,SOCKnapsack,22,Restricted,10000,false,max,917,0.02889,na,na,91329,126406,14618
knapsack_n150m20o1b5_3.txt,SOCKnapsack,22,Restricted,20000,false,max,917,0.04504,na,na,135889,203724,27908
knapsack_n150m20o1b5_3.txt,SOCKnapsack,22,Relaxed,500,false,max,926,0.00263,na,na,8775,12634,906
knapsack_n150m20o1b5_3.txt,SOCKnapsack,22,Relaxed,1000,false,max,917,0.00474,na,na,15846,23064,1684
knapsack_n150m20o1b5_3.txt,SOCKnapsack,22,Relaxed,2000,false,max,917,0.00900,na,na,28117,41608,3455
knapsack_n150m20o1b5_3.txt,SOCKnapsack,22,Relaxed,5000,false,max,917,0.02047,na,na,56373,85037,7878
knapsack_n150m20o1b5_3.txt,SOCKnapsack,22,Relaxed,10000,false,max,917,0.03892,na,na,91327,140833,14617
knapsack_n150m20o1b5_3.txt,SOCKnapsack,22,Relaxed,20000,false,max,917,0.05739,na,na,135889,215326,27908
knapsack_n150m20o1b5_4.txt,SOCKnapsack,34,Restricted,500,false,max,1204,0.00400,na,na,16528,18694,998
knapsack_n150m20o1b5_4.txt,SOCKnapsack,34,Restricted,1000,false,max,1271,0.00804,na,na,31811,36172,1991
knapsack_n150m20o1b5_4.txt,SOCKnapsack,34,Restricted,2000,false,max,1296,0.01662,na,na,61128,69998,3940
knapsack_n150m20o1b5_4.txt,SOCKnapsack,34,Restricted,5000,false,max,1308,0.04239,na,na,143859,166504,9619
knapsack_n150m20o1b5_4.txt,SOCKnapsack,34,Restricted,10000,false,max,1330,0.08525,na,na,274169,320244,18625
knapsack_n150m20o1b5_4.txt,SOCKnapsack,34,Restricted,20000,false,max,1330,0.16810,na,na,518996,613647,36987
knapsack_n150m20o1b5_4.txt,SOCKnapsack,34,Relaxed,500,false,max,1606,0.00499,na,na,16762,23370,999
knapsack_n150m20o1b5_4.txt,SOCKnapsack,34,Relaxed,1000,false,max,1572,0.00967,na,na,31997,45033,1991
knapsack_n150m20o1b5_4.txt,SOCKnapsack,34,Relaxed,2000,false,max,1525,0.01989,na,na,61276,86063,3939
knapsack_n150m20o1b5_4.txt,SOCKnapsack,34,Exact,99999,false,max,1342,12.31674,na,na,11069126,19464939,1578408
knapsack_n150m20o1b5_4.txt,SOCKnapsack,34,Relaxed,5000,false,max,1464,0.05072,na,na,143921,202768,9619
knapsack_n150m20o1b5_4.txt,SOCKnapsack,34,Relaxed,10000,false,max,1419,0.10446,na,na,274186,390100,18624
knapsack_n150m20o1b5_4.txt,SOCKnapsack,34,Relaxed,20000,false,max,1387,0.22141,na,na,518990,747521,36986
knapsack_n150m20o3b5_0.txt,SOCKnapsack,28,Exact,99999,false,max,1140,0.62454,na,na,1044390,1817618,155197
knapsack_n150m20o3b5_0.txt,SOCKnapsack,28,Restricted,500,false,max,1140,0.00308,na,na,12649,15394,942
knapsack_n150m20o3b5_0.txt,SOCKnapsack,28,Restricted,1000,false,max,1140,0.00597,na,na,23828,29384,1761
knapsack_n150m20o3b5_0.txt,SOCKnapsack,28,Restricted,2000,false,max,1140,0.01170,na,na,44586,55878,3410
knapsack_n150m20o3b5_0.txt,SOCKnapsack,28,Restricted,5000,false,max,1140,0.02916,na,na,99944,129338,8865
knapsack_n150m20o3b5_0.txt,SOCKnapsack,28,Restricted,10000,false,max,1140,0.05433,na,na,179586,240200,17318
knapsack_n150m20o3b5_0.txt,SOCKnapsack,28,Restricted,20000,false,max,1140,0.09922,na,na,311323,433375,32999
knapsack_n150m20o3b5_0.txt,SOCKnapsack,28,Relaxed,500,false,max,1167,0.00365,na,na,12648,18626,943
knapsack_n150m20o3b5_0.txt,SOCKnapsack,28,Relaxed,1000,false,max,1140,0.00679,na,na,23822,35412,1762
knapsack_n150m20o3b5_0.txt,SOCKnapsack,28,Relaxed,2000,false,max,1140,0.01428,na,na,44581,67088,3409
knapsack_n150m20o3b5_0.txt,SOCKnapsack,28,Relaxed,5000,false,max,1140,0.03637,na,na,99937,153259,8864
knapsack_n150m20o3b5_0.txt,SOCKnapsack,28,Relaxed,10000,false,max,1140,0.07054,na,na,179579,280150,17317
knapsack_n150m20o3b5_0.txt,SOCKnapsack,28,Relaxed,20000,false,max,1140,0.14073,na,na,311322,494389,32999
knapsack_n150m20o3b5_1.txt,SOCKnapsack,23,Exact,99999,false,max,761,0.11519,na,na,265704,418000,66475
knapsack_n150m20o3b5_1.txt,SOCKnapsack,23,Restricted,500,false,max,761,0.00245,na,na,9971,11274,877
knapsack_n150m20o3b5_1.txt,SOCKnapsack,23,Restricted,1000,false,max,761,0.00423,na,na,18024,20715,1784
knapsack_n150m20o3b5_1.txt,SOCKnapsack,23,Restricted,2000,false,max,761,0.00864,na,na,31516,36920,3535
knapsack_n150m20o3b5_1.txt,SOCKnapsack,23,Restricted,5000,false,max,761,0.01944,na,na,64593,78130,8423
knapsack_n150m20o3b5_1.txt,SOCKnapsack,23,Restricted,10000,false,max,761,0.03225,na,na,106236,132796,16587
knapsack_n150m20o3b5_1.txt,SOCKnapsack,23,Restricted,20000,false,max,761,0.05529,na,na,168433,220404,32922
knapsack_n150m20o3b5_1.txt,SOCKnapsack,23,Relaxed,500,false,max,761,0.00298,na,na,9965,14448,876
knapsack_n150m20o3b5_1.txt,SOCKnapsack,23,Relaxed,1000,false,max,761,0.00550,na,na,18018,26361,1783
knapsack_n150m20o3b5_1.txt,SOCKnapsack,23,Relaxed,2000,false,max,761,0.01003,na,na,31514,46422,3535
knapsack_n150m20o3b5_1.txt,SOCKnapsack,23,Relaxed,5000,false,max,761,0.02404,na,na,64592,96131,8422
knapsack_n150m20o3b5_1.txt,SOCKnapsack,23,Relaxed,10000,false,max,761,0.04249,na,na,106233,159211,16586
knapsack_n150m20o3b5_1.txt,SOCKnapsack,23,Relaxed,20000,false,max,761,0.07299,na,na,168432,255190,32921
knapsack_n150m20o3b5_2.txt,SOCKnapsack,16,Exact,99999,false,max,601,0.00030,na,na,880,1422,122
knapsack_n150m20o3b5_2.txt,SOCKnapsack,16,Restricted,500,false,max,601,0.00030,na,na,880,1422,122
knapsack_n150m20o3b5_2.txt,SOCKnapsack,16,Restricted,1000,false,max,601,0.00029,na,na,880,1422,122
knapsack_n150m20o3b5_2.txt,SOCKnapsack,16,Restricted,2000,false,max,601,0.00026,na,na,880,1422,122
knapsack_n150m20o3b5_2.txt,SOCKnapsack,16,Restricted,5000,false,max,601,0.00030,na,na,880,1422,122
knapsack_n150m20o3b5_2.txt,SOCKnapsack,16,Restricted,10000,false,max,601,0.00027,na,na,880,1422,122
knapsack_n150m20o3b5_2.txt,SOCKnapsack,16,Restricted,20000,false,max,601,0.00029,na,na,880,1422,122
knapsack_n150m20o3b5_2.txt,SOCKnapsack,16,Relaxed,500,false,max,601,0.00027,na,na,880,1422,122
knapsack_n150m20o3b5_2.txt,SOCKnapsack,16,Relaxed,1000,false,max,601,0.00028,na,na,880,1422,122
knapsack_n150m20o3b5_2.txt,SOCKnapsack,16,Relaxed,2000,false,max,601,0.00028,na,na,880,1422,122
knapsack_n150m20o3b5_2.txt,SOCKnapsack,16,Relaxed,5000,false,max,601,0.00029,na,na,880,1422,122
knapsack_n150m20o3b5_2.txt,SOCKnapsack,16,Relaxed,10000,false,max,601,0.00029,na,na,880,1422,122
knapsack_n150m20o3b5_2.txt,SOCKnapsack,16,Relaxed,20000,false,max,601,0.00029,na,na,880,1422,122
knapsack_n150m20o3b5_3.txt,SOCKnapsack,22,Exact,99999,false,max,887,0.05389,na,na,146159,233096,33151
knapsack_n150m20o3b5_3.txt,SOCKnapsack,22,Restricted,500,false,max,887,0.00214,na,na,8625,9881,892
knapsack_n150m20o3b5_3.txt,SOCKnapsack,22,Restricted,1000,false,max,887,0.00389,na,na,15544,18252,1643
knapsack_n150m20o3b5_3.txt,SOCKnapsack,22,Restricted,2000,false,max,887,0.00738,na,na,27577,33440,3358
knapsack_n150m20o3b5_3.txt,SOCKnapsack,22,Restricted,5000,false,max,887,0.01587,na,na,54332,69371,8180
knapsack_n150m20o3b5_3.txt,SOCKnapsack,22,Restricted,10000,false,max,887,0.02705,na,na,85950,115866,16355
knapsack_n150m20o3b5_3.txt,SOCKnapsack,22,Restricted,20000,false,max,887,0.04109,na,na,123777,179711,32366
knapsack_n150m20o3b5_3.txt,SOCKnapsack,22,Relaxed,500,false,max,918,0.00256,na,na,8621,12217,891
knapsack_n150m20o3b5_3.txt,SOCKnapsack,22,Relaxed,1000,false,max,887,0.00448,na,na,15540,22357,1643
knapsack_n150m20o3b5_3.txt,SOCKnapsack,22,Relaxed,2000,false,max,887,0.00829,na,na,27572,40431,3357
knapsack_n150m20o3b5_3.txt,SOCKnapsack,22,Relaxed,5000,false,max,887,0.01868,na,na,54328,81402,8179
knapsack_n150m20o3b5_3.txt,SOCKnapsack,22,Relaxed,10000,false,max,887,0.03223,na,na,85949,131349,16354
knapsack_n150m20o3b5_3.txt,SOCKnapsack,22,Relaxed,20000,false,max,887,0.05201,na,na,123777,193044,32366
knapsack_n150m20o3b5_4.txt,SOCKnapsack,34,Restricted,500,false,max,1224,0.00413,na,na,16497,18535,987
knapsack_n150m20o3b5_4.txt,SOCKnapsack,34,Restricted,1000,false,max,1248,0.00811,na,na,31922,36118,1934
knapsack_n150m20o3b5_4.txt,SOCKnapsack,34,Restricted,2000,false,max,1289,0.01640,na,na,61294,69785,3742
knapsack_n150m20o3b5_4.txt,SOCKnapsack,34,Restricted,5000,false,max,1321,0.04352,na,na,144351,166372,9629
knapsack_n150m20o3b5_4.txt,SOCKnapsack,34,Restricted,10000,false,max,1344,0.08564,na,na,275230,321622,17864
knapsack_n150m20o3b5_4.txt,SOCKnapsack,34,Restricted,20000,false,max,1344,0.17352,na,na,519822,618107,36193
knapsack_n150m20o3b5_4.txt,SOCKnapsack,34,Relaxed,500,false,max,1582,0.00495,na,na,16952,24334,988
knapsack_n150m20o3b5_4.txt,SOCKnapsack,34,Exact,99999,false,max,1344,9.98958,na,na,9062096,15785235,1199533
knapsack_n150m20o3b5_4.txt,SOCKnapsack,34,Relaxed,1000,false,max,1532,0.00942,na,na,31846,45106,1935
knapsack_n150m20o3b5_4.txt,SOCKnapsack,34,Relaxed,2000,false,max,1493,0.01873,na,na,61266,86021,3743
knapsack_n150m20o3b5_4.txt,SOCKnapsack,34,Relaxed,5000,false,max,1431,0.05128,na,na,144346,204720,9629
knapsack_n150m20o3b5_4.txt,SOCKnapsack,34,Relaxed,10000,false,max,1377,0.10807,na,na,275214,395732,17863
knapsack_n150m20o3b5_4.txt,SOCKnapsack,34,Relaxed,20000,false,max,1344,0.22847,na,na,519815,757640,36192
knapsack_n150m20o5b5_0.txt,SOCKnapsack,28,Exact,99999,false,max,1114,0.57301,na,na,941329,1597415,174953
knapsack_n150m20o5b5_0.txt,SOCKnapsack,28,Restricted,500,false,max,1101,0.00303,na,na,12327,14971,870
knapsack_n150m20o5b5_0.txt,SOCKnapsack,28,Restricted,1000,false,max,1114,0.00562,na,na,23129,28474,1710
knapsack_n150m20o5b5_0.txt,SOCKnapsack,28,Restricted,2000,false,max,1114,0.01055,na,na,42953,53836,3475
knapsack_n150m20o5b5_0.txt,SOCKnapsack,28,Restricted,5000,false,max,1114,0.02699,na,na,95052,123201,8841
knapsack_n150m20o5b5_0.txt,SOCKnapsack,28,Restricted,10000,false,max,1114,0.05229,na,na,168786,225623,17811
knapsack_n150m20o5b5_0.txt,SOCKnapsack,28,Restricted,20000,false,max,1114,0.09291,na,na,289358,401425,35835
knapsack_n150m20o5b5_0.txt,SOCKnapsack,28,Relaxed,500,false,max,1134,0.00344,na,na,12314,18103,870
knapsack_n150m20o5b5_0.txt,SOCKnapsack,28,Relaxed,1000,false,max,1114,0.00650,na,na,23127,34394,1709
knapsack_n150m20o5b5_0.txt,SOCKnapsack,28,Relaxed,2000,false,max,1114,0.01305,na,na,42944,64574,3474
knapsack_n150m20o5b5_0.txt,SOCKnapsack,28,Relaxed,5000,false,max,1114,0.03520,na,na,95043,145732,8841
knapsack_n150m20o5b5_0.txt,SOCKnapsack,28,Relaxed,10000,false,max,1114,0.06634,na,na,168780,262795,17810
knapsack_n150m20o5b5_0.txt,SOCKnapsack,28,Relaxed,20000,false,max,1114,0.12977,na,na,289353,457989,35835
knapsack_n150m20o5b5_1.txt,SOCKnapsack,23,Exact,99999,false,max,763,0.08285,na,na,203918,318653,48414
knapsack_n150m20o5b5_1.txt,SOCKnapsack,23,Restricted,500,false,max,763,0.00242,na,na,9695,11126,885
knapsack_n150m20o5b5_1.txt,SOCKnapsack,23,Restricted,1000,false,max,763,0.00423,na,na,17193,19980,1786
knapsack_n150m20o5b5_1.txt,SOCKnapsack,23,Restricted,2000,false,max,763,0.00764,na,na,30006,35502,3593
knapsack_n150m20o5b5_1.txt,SOCKnapsack,23,Restricted,5000,false,max,763,0.01794,na,na,60513,74013,8714
knapsack_n150m20o5b5_1.txt,SOCKnapsack,23,Restricted,10000,false,max,763,0.03140,na,na,98230,124989,17419
knapsack_n150m20o5b5_1.txt,SOCKnapsack,23,Restricted,20000,false,max,763,0.04906,na,na,148494,201785,32448
knapsack_n150m20o5b5_1.txt,SOCKnapsack,23,Relaxed,500,false,max,763,0.00292,na,na,9690,14184,884
knapsack_n150m20o5b5_1.txt,SOCKnapsack,23,Relaxed,1000,false,max,763,0.00521,na,na,17188,25279,1785
knapsack_n150m20o5b5_1.txt,SOCKnapsack,23,Relaxed,2000,false,max,763,0.00915,na,na,30002,44352,3592
knapsack_n150m20o5b5_1.txt,SOCKnapsack,23,Relaxed,5000,false,max,763,0.02184,na,na,60509,90126,8713
knapsack_n150m20o5b5_1.txt,SOCKnapsack,23,Relaxed,10000,false,max,763,0.03727,na,na,98230,147675,17419
knapsack_n150m20o5b5_1.txt,SOCKnapsack,23,Relaxed,20000,false,max,763,0.06115,na,na,148495,226394,32448
knapsack_n150m20o5b5_2.txt,SOCKnapsack,16,Exact,99999,false,max,601,0.00027,na,na,704,1135,124
knapsack_n150m20o5b5_2.txt,SOCKnapsack,16,Restricted,500,false,max,601,0.00026,na,na,704,1135,124
knapsack_n150m20o5b5_2.txt,SOCKnapsack,16,Restricted,1000,false,max,601,0.00024,na,na,704,1135,124
knapsack_n150m20o5b5_2.txt,SOCKnapsack,16,Restricted,2000,false,max,601,0.00026,na,na,704,1135,124
knapsack_n150m20o5b5_2.txt,SOCKnapsack,16,Restricted,5000,false,max,601,0.00024,na,na,704,1135,124
knapsack_n150m20o5b5_2.txt,SOCKnapsack,16,Restricted,10000,false,max,601,0.00024,na,na,704,1135,124
knapsack_n150m20o5b5_2.txt,SOCKnapsack,16,Restricted,20000,false,max,601,0.00026,na,na,704,1135,124
knapsack_n150m20o5b5_2.txt,SOCKnapsack,16,Relaxed,500,false,max,601,0.00023,na,na,704,1135,124
knapsack_n150m20o5b5_2.txt,SOCKnapsack,16,Relaxed,1000,false,max,601,0.00024,na,na,704,1135,124
knapsack_n150m20o5b5_2.txt,SOCKnapsack,16,Relaxed,2000,false,max,601,0.00024,na,na,704,1135,124
knapsack_n150m20o5b5_2.txt,SOCKnapsack,16,Relaxed,5000,false,max,601,0.00026,na,na,704,1135,124
knapsack_n150m20o5b5_2.txt,SOCKnapsack,16,Relaxed,10000,false,max,601,0.00026,na,na,704,1135,124
knapsack_n150m20o5b5_2.txt,SOCKnapsack,16,Relaxed,20000,false,max,601,0.00027,na,na,704,1135,124
knapsack_n150m20o5b5_3.txt,SOCKnapsack,22,Exact,99999,false,max,877,0.05488,na,na,145246,228444,43251
knapsack_n150m20o5b5_3.txt,SOCKnapsack,22,Restricted,500,false,max,867,0.00225,na,na,8879,10029,865
knapsack_n150m20o5b5_3.txt,SOCKnapsack,22,Restricted,1000,false,max,877,0.00397,na,na,16051,18539,1813
knapsack_n150m20o5b5_3.txt,SOCKnapsack,22,Restricted,2000,false,max,877,0.00755,na,na,28247,33640,3245
knapsack_n150m20o5b5_3.txt,SOCKnapsack,22,Restricted,5000,false,max,877,0.01632,na,na,55836,69830,8107
knapsack_n150m20o5b5_3.txt,SOCKnapsack,22,Restricted,10000,false,max,877,0.02723,na,na,87612,114284,16168
knapsack_n150m20o5b5_3.txt,SOCKnapsack,22,Restricted,20000,false,max,877,0.03983,na,na,122724,170820,27075
knapsack_n150m20o5b5_3.txt,SOCKnapsack,22,Relaxed,500,false,max,891,0.00266,na,na,8874,12606,865
knapsack_n150m20o5b5_3.txt,SOCKnapsack,22,Relaxed,1000,false,max,877,0.00474,na,na,16046,23100,1812
knapsack_n150m20o5b5_3.txt,SOCKnapsack,22,Relaxed,2000,false,max,877,0.00889,na,na,28243,41285,3244
knapsack_n150m20o5b5_3.txt,SOCKnapsack,22,Relaxed,5000,false,max,877,0.01987,na,na,55837,83492,8107
knapsack_n150m20o5b5_3.txt,SOCKnapsack,22,Relaxed,10000,false,max,877,0.03411,na,na,87611,133135,16168
knapsack_n150m20o5b5_3.txt,SOCKnapsack,22,Relaxed,20000,false,max,877,0.04897,na,na,122725,189295,27075
knapsack_n150m20o5b5_4.txt,SOCKnapsack,34,Restricted,500,false,max,1216,0.00409,na,na,16818,18940,905
knapsack_n150m20o5b5_4.txt,SOCKnapsack,34,Restricted,1000,false,max,1266,0.00813,na,na,32705,37153,1820
knapsack_n150m20o5b5_4.txt,SOCKnapsack,34,Restricted,2000,false,max,1295,0.01665,na,na,62726,71903,3780
knapsack_n150m20o5b5_4.txt,SOCKnapsack,34,Restricted,5000,false,max,1333,0.04262,na,na,146907,171360,9602
knapsack_n150m20o5b5_4.txt,SOCKnapsack,34,Restricted,10000,false,max,1356,0.08722,na,na,278411,329805,18311
knapsack_n150m20o5b5_4.txt,SOCKnapsack,34,Exact,99999,false,max,1378,8.03306,na,na,7613198,13253071,1132442
knapsack_n150m20o5b5_4.txt,SOCKnapsack,34,Restricted,20000,false,max,1378,0.17071,na,na,521959,634098,36987
knapsack_n150m20o5b5_4.txt,SOCKnapsack,34,Relaxed,500,false,max,1551,0.00468,na,na,16958,24337,905
knapsack_n150m20o5b5_4.txt,SOCKnapsack,34,Relaxed,1000,false,max,1508,0.00944,na,na,32737,46354,1820
knapsack_n150m20o5b5_4.txt,SOCKnapsack,34,Relaxed,2000,false,max,1474,0.02049,na,na,62686,89167,3780
knapsack_n150m20o5b5_4.txt,SOCKnapsack,34,Relaxed,5000,false,max,1421,0.05570,na,na,146896,211533,9601
knapsack_n150m20o5b5_4.txt,SOCKnapsack,34,Relaxed,10000,false,max,1380,0.11190,na,na,278403,405362,18310
knapsack_n150m20o5b5_4.txt,SOCKnapsack,34,Relaxed,20000,false,max,1378,0.23135,na,na,521946,771436,36986
scheduler_n5_s025_seed1.txt,Scheduler,5,Exact,99999,false,min,374,0.00006,na,na,81,165,30
scheduler_n5_s025_seed1.txt,Scheduler,5,Restricted,500,false,min,374,0.00006,na,na,81,165,30
scheduler_n5_s025_seed1.txt,Scheduler,5,Restricted,1000,false,min,374,0.00006,na,na,81,165,30
scheduler_n5_s025_seed1.txt,Scheduler,5,Restricted,2000,false,min,374,0.00006,na,na,81,165,30
scheduler_n5_s025_seed1.txt,Scheduler,5,Restricted,5000,false,min,374,0.00006,na,na,81,165,30
scheduler_n5_s025_seed1.txt,Scheduler,5,Restricted,10000,false,min,374,0.00006,na,na,81,165,30
scheduler_n5_s025_seed1.txt,Scheduler,5,Restricted,20000,false,min,374,0.00006,na,na,81,165,30
scheduler_n5_s025_seed1.txt,Scheduler,5,Relaxed,500,false,min,374,0.00006,na,na,81,165,30
scheduler_n5_s025_seed1.txt,Scheduler,5,Relaxed,1000,false,min,374,0.00006,na,na,81,165,30
scheduler_n5_s025_seed1.txt,Scheduler,5,Relaxed,2000,false,min,374,0.00007,na,na,81,165,30
scheduler_n5_s025_seed1.txt,Scheduler,5,Relaxed,5000,false,min,374,0.00006,na,na,81,165,30
scheduler_n5_s025_seed1.txt,Scheduler,5,Relaxed,10000,false,min,374,0.00006,na,na,81,165,30
scheduler_n5_s025_seed1.txt,Scheduler,5,Relaxed,20000,false,min,374,0.00007,na,na,81,165,30
scheduler_n5_s025_seed2.txt,Scheduler,5,Exact,99999,false,min,224,0.00006,na,na,81,165,30
scheduler_n5_s025_seed2.txt,Scheduler,5,Restricted,500,false,min,224,0.00006,na,na,81,165,30
scheduler_n5_s025_seed2.txt,Scheduler,5,Restricted,1000,false,min,224,0.00007,na,na,81,165,30
scheduler_n5_s025_seed2.txt,Scheduler,5,Restricted,2000,false,min,224,0.00007,na,na,81,165,30
scheduler_n5_s025_seed2.txt,Scheduler,5,Restricted,5000,false,min,224,0.00007,na,na,81,165,30
scheduler_n5_s025_seed2.txt,Scheduler,5,Restricted,10000,false,min,224,0.00006,na,na,81,165,30
scheduler_n5_s025_seed2.txt,Scheduler,5,Restricted,20000,false,min,224,0.00006,na,na,81,165,30
scheduler_n5_s025_seed2.txt,Scheduler,5,Relaxed,500,false,min,224,0.00006,na,na,81,165,30
scheduler_n5_s025_seed2.txt,Scheduler,5,Relaxed,1000,false,min,224,0.00006,na,na,81,165,30
scheduler_n5_s025_seed2.txt,Scheduler,5,Relaxed,2000,false,min,224,0.00007,na,na,81,165,30
scheduler_n5_s025_seed2.txt,Scheduler,5,Relaxed,5000,false,min,224,0.00006,na,na,81,165,30
scheduler_n5_s025_seed2.txt,Scheduler,5,Relaxed,10000,false,min,224,0.00006,na,na,81,165,30
scheduler_n5_s025_seed2.txt,Scheduler,5,Relaxed,20000,false,min,224,0.00006,na,na,81,165,30
scheduler_n5_s025_seed3.txt,Scheduler,5,Exact,99999,false,min,688,0.00007,na,na,81,165,30
scheduler_n5_s025_seed3.txt,Scheduler,5,Restricted,500,false,min,688,0.00006,na,na,81,165,30
scheduler_n5_s025_seed3.txt,Scheduler,5,Restricted,1000,false,min,688,0.00006,na,na,81,165,30
scheduler_n5_s025_seed3.txt,Scheduler,5,Restricted,2000,false,min,688,0.00006,na,na,81,165,30
scheduler_n5_s025_seed3.txt,Scheduler,5,Restricted,5000,false,min,688,0.00007,na,na,81,165,30
scheduler_n5_s025_seed3.txt,Scheduler,5,Restricted,10000,false,min,688,0.00006,na,na,81,165,30
scheduler_n5_s025_seed3.txt,Scheduler,5,Restricted,20000,false,min,688,0.00006,na,na,81,165,30
scheduler_n5_s025_seed3.txt,Scheduler,5,Relaxed,500,false,min,688,0.00006,na,na,81,165,30
scheduler_n5_s025_seed3.txt,Scheduler,5,Relaxed,1000,false,min,688,0.00006,na,na,81,165,30
scheduler_n5_s025_seed3.txt,Scheduler,5,Relaxed,2000,false,min,688,0.00006,na,na,81,165,30
scheduler_n5_s025_seed3.txt,Scheduler,5,Relaxed,5000,false,min,688,0.00006,na,na,81,165,30
scheduler_n5_s025_seed3.txt,Scheduler,5,Relaxed,10000,false,min,688,0.00007,na,na,81,165,30
scheduler_n5_s025_seed3.txt,Scheduler,5,Relaxed,20000,false,min,688,0.00006,na,na,81,165,30
scheduler_n5_s025_seed4.txt,Scheduler,5,Exact,99999,false,min,194,0.00007,na,na,81,165,30
scheduler_n5_s025_seed4.txt,Scheduler,5,Restricted,500,false,min,194,0.00006,na,na,81,165,30
scheduler_n5_s025_seed4.txt,Scheduler,5,Restricted,1000,false,min,194,0.00007,na,na,81,165,30
scheduler_n5_s025_seed4.txt,Scheduler,5,Restricted,2000,false,min,194,0.00006,na,na,81,165,30
scheduler_n5_s025_seed4.txt,Scheduler,5,Restricted,5000,false,min,194,0.00006,na,na,81,165,30
scheduler_n5_s025_seed4.txt,Scheduler,5,Restricted,10000,false,min,194,0.00006,na,na,81,165,30
scheduler_n5_s025_seed4.txt,Scheduler,5,Restricted,20000,false,min,194,0.00006,na,na,81,165,30
scheduler_n5_s025_seed4.txt,Scheduler,5,Relaxed,500,false,min,194,0.00006,na,na,81,165,30
scheduler_n5_s025_seed4.txt,Scheduler,5,Relaxed,1000,false,min,194,0.00006,na,na,81,165,30
scheduler_n5_s025_seed4.txt,Scheduler,5,Relaxed,2000,false,min,194,0.00006,na,na,81,165,30
scheduler_n5_s025_seed4.txt,Scheduler,5,Relaxed,5000,false,min,194,0.00006,na,na,81,165,30
scheduler_n5_s025_seed4.txt,Scheduler,5,Relaxed,10000,false,min,194,0.00006,na,na,81,165,30
scheduler_n5_s025_seed4.txt,Scheduler,5,Relaxed,20000,false,min,194,0.00006,na,na,81,165,30
scheduler_n5_s025_seed5.txt,Scheduler,5,Exact,99999,false,min,296,0.00006,na,na,81,165,30
scheduler_n5_s025_seed5.txt,Scheduler,5,Restricted,500,false,min,296,0.00006,na,na,81,165,30
scheduler_n5_s025_seed5.txt,Scheduler,5,Restricted,1000,false,min,296,0.00006,na,na,81,165,30
scheduler_n5_s025_seed5.txt,Scheduler,5,Restricted,2000,false,min,296,0.00006,na,na,81,165,30
scheduler_n5_s025_seed5.txt,Scheduler,5,Restricted,5000,false,min,296,0.00006,na,na,81,165,30
scheduler_n5_s025_seed5.txt,Scheduler,5,Restricted,10000,false,min,296,0.00006,na,na,81,165,30
scheduler_n5_s025_seed5.txt,Scheduler,5,Restricted,20000,false,min,296,0.00006,na,na,81,165,30
scheduler_n5_s025_seed5.txt,Scheduler,5,Relaxed,500,false,min,296,0.00006,na,na,81,165,30
scheduler_n5_s025_seed5.txt,Scheduler,5,Relaxed,1000,false,min,296,0.00006,na,na,81,165,30
scheduler_n5_s025_seed5.txt,Scheduler,5,Relaxed,2000,false,min,296,0.00006,na,na,81,165,30
scheduler_n5_s025_seed5.txt,Scheduler,5,Relaxed,5000,false,min,296,0.00007,na,na,81,165,30
scheduler_n5_s025_seed5.txt,Scheduler,5,Relaxed,10000,false,min,296,0.00006,na,na,81,165,30
scheduler_n5_s025_seed5.txt,Scheduler,5,Relaxed,20000,false,min,296,0.00006,na,na,81,165,30
scheduler_n5_s050_seed1.txt,Scheduler,5,Exact,99999,false,min,378,0.00006,na,na,81,165,30
scheduler_n5_s050_seed1.txt,Scheduler,5,Restricted,500,false,min,378,0.00008,na,na,81,165,30
scheduler_n5_s050_seed1.txt,Scheduler,5,Restricted,1000,false,min,378,0.00006,na,na,81,165,30
scheduler_n5_s050_seed1.txt,Scheduler,5,Restricted,2000,false,min,378,0.00007,na,na,81,165,30
scheduler_n5_s050_seed1.txt,Scheduler,5,Restricted,5000,false,min,378,0.00006,na,na,81,165,30
scheduler_n5_s050_seed1.txt,Scheduler,5,Restricted,10000,false,min,378,0.00007,na,na,81,165,30
scheduler_n5_s050_seed1.txt,Scheduler,5,Restricted,20000,false,min,378,0.00008,na,na,81,165,30
scheduler_n5_s050_seed1.txt,Scheduler,5,Relaxed,500,false,min,378,0.00007,na,na,81,165,30
scheduler_n5_s050_seed1.txt,Scheduler,5,Relaxed,1000,false,min,378,0.00007,na,na,81,165,30
scheduler_n5_s050_seed1.txt,Scheduler,5,Relaxed,2000,false,min,378,0.00007,na,na,81,165,30
scheduler_n5_s050_seed1.txt,Scheduler,5,Relaxed,5000,false,min,378,0.00006,na,na,81,165,30
scheduler_n5_s050_seed1.txt,Scheduler,5,Relaxed,10000,false,min,378,0.00006,na,na,81,165,30
scheduler_n5_s050_seed1.txt,Scheduler,5,Relaxed,20000,false,min,378,0.00006,na,na,81,165,30
scheduler_n5_s050_seed2.txt,Scheduler,5,Exact,99999,false,min,243,0.00007,na,na,81,165,30
scheduler_n5_s050_seed2.txt,Scheduler,5,Restricted,500,false,min,243,0.00006,na,na,81,165,30
scheduler_n5_s050_seed2.txt,Scheduler,5,Restricted,1000,false,min,243,0.00006,na,na,81,165,30
scheduler_n5_s050_seed2.txt,Scheduler,5,Restricted,2000,false,min,243,0.00007,na,na,81,165,30
scheduler_n5_s050_seed2.txt,Scheduler,5,Restricted,5000,false,min,243,0.00006,na,na,81,165,30
scheduler_n5_s050_seed2.txt,Scheduler,5,Restricted,10000,false,min,243,0.00007,na,na,81,165,30
scheduler_n5_s050_seed2.txt,Scheduler,5,Restricted,20000,false,min,243,0.00006,na,na,81,165,30
scheduler_n5_s050_seed2.txt,Scheduler,5,Relaxed,500,false,min,243,0.00006,na,na,81,165,30
scheduler_n5_s050_seed2.txt,Scheduler,5,Relaxed,1000,false,min,243,0.00006,na,na,81,165,30
scheduler_n5_s050_seed2.txt,Scheduler,5,Relaxed,2000,false,min,243,0.00007,na,na,81,165,30
scheduler_n5_s050_seed2.txt,Scheduler,5,Relaxed,5000,false,min,243,0.00006,na,na,81,165,30
scheduler_n5_s050_seed2.txt,Scheduler,5,Relaxed,10000,false,min,243,0.00006,na,na,81,165,30
scheduler_n5_s050_seed2.txt,Scheduler,5,Relaxed,20000,false,min,243,0.00007,na,na,81,165,30
scheduler_n5_s050_seed3.txt,Scheduler,5,Exact,99999,false,min,748,0.00007,na,na,81,165,30
scheduler_n5_s050_seed3.txt,Scheduler,5,Restricted,500,false,min,748,0.00006,na,na,81,165,30
scheduler_n5_s050_seed3.txt,Scheduler,5,Restricted,1000,false,min,748,0.00006,na,na,81,165,30
scheduler_n5_s050_seed3.txt,Scheduler,5,Restricted,2000,false,min,748,0.00006,na,na,81,165,30
scheduler_n5_s050_seed3.txt,Scheduler,5,Restricted,5000,false,min,748,0.00006,na,na,81,165,30
scheduler_n5_s050_seed3.txt,Scheduler,5,Restricted,10000,false,min,748,0.00006,na,na,81,165,30
scheduler_n5_s050_seed3.txt,Scheduler,5,Restricted,20000,false,min,748,0.00006,na,na,81,165,30
scheduler_n5_s050_seed3.txt,Scheduler,5,Relaxed,500,false,min,748,0.00006,na,na,81,165,30
scheduler_n5_s050_seed3.txt,Scheduler,5,Relaxed,1000,false,min,748,0.00006,na,na,81,165,30
scheduler_n5_s050_seed3.txt,Scheduler,5,Relaxed,2000,false,min,748,0.00006,na,na,81,165,30
scheduler_n5_s050_seed3.txt,Scheduler,5,Relaxed,5000,false,min,748,0.00006,na,na,81,165,30
scheduler_n5_s050_seed3.txt,Scheduler,5,Relaxed,10000,false,min,748,0.00006,na,na,81,165,30
scheduler_n5_s050_seed3.txt,Scheduler,5,Relaxed,20000,false,min,748,0.00006,na,na,81,165,30
scheduler_n5_s050_seed4.txt,Scheduler,5,Exact,99999,false,min,227,0.00006,na,na,81,165,30
scheduler_n5_s050_seed4.txt,Scheduler,5,Restricted,500,false,min,227,0.00006,na,na,81,165,30
scheduler_n5_s050_seed4.txt,Scheduler,5,Restricted,1000,false,min,227,0.00007,na,na,81,165,30
scheduler_n5_s050_seed4.txt,Scheduler,5,Restricted,2000,false,min,227,0.00006,na,na,81,165,30
scheduler_n5_s050_seed4.txt,Scheduler,5,Restricted,5000,false,min,227,0.00007,na,na,81,165,30
scheduler_n5_s050_seed4.txt,Scheduler,5,Restricted,10000,false,min,227,0.00006,na,na,81,165,30
scheduler_n5_s050_seed4.txt,Scheduler,5,Restricted,20000,false,min,227,0.00007,na,na,81,165,30
scheduler_n5_s050_seed4.txt,Scheduler,5,Relaxed,500,false,min,227,0.00006,na,na,81,165,30
scheduler_n5_s050_seed4.txt,Scheduler,5,Relaxed,1000,false,min,227,0.00007,na,na,81,165,30
scheduler_n5_s050_seed4.txt,Scheduler,5,Relaxed,2000,false,min,227,0.00006,na,na,81,165,30
scheduler_n5_s050_seed4.txt,Scheduler,5,Relaxed,5000,false,min,227,0.00006,na,na,81,165,30
scheduler_n5_s050_seed4.txt,Scheduler,5,Relaxed,10000,false,min,227,0.00006,na,na,81,165,30
scheduler_n5_s050_seed4.txt,Scheduler,5,Relaxed,20000,false,min,227,0.00007,na,na,81,165,30
scheduler_n5_s050_seed5.txt,Scheduler,5,Exact,99999,false,min,319,0.00006,na,na,81,165,30
scheduler_n5_s050_seed5.txt,Scheduler,5,Restricted,500,false,min,319,0.00006,na,na,81,165,30
scheduler_n5_s050_seed5.txt,Scheduler,5,Restricted,1000,false,min,319,0.00006,na,na,81,165,30
scheduler_n5_s050_seed5.txt,Scheduler,5,Restricted,2000,false,min,319,0.00006,na,na,81,165,30
scheduler_n5_s050_seed5.txt,Scheduler,5,Restricted,5000,false,min,319,0.00006,na,na,81,165,30
scheduler_n5_s050_seed5.txt,Scheduler,5,Restricted,10000,false,min,319,0.00006,na,na,81,165,30
scheduler_n5_s050_seed5.txt,Scheduler,5,Restricted,20000,false,min,319,0.00006,na,na,81,165,30
scheduler_n5_s050_seed5.txt,Scheduler,5,Relaxed,500,false,min,319,0.00007,na,na,81,165,30
scheduler_n5_s050_seed5.txt,Scheduler,5,Relaxed,1000,false,min,319,0.00006,na,na,81,165,30
scheduler_n5_s050_seed5.txt,Scheduler,5,Relaxed,2000,false,min,319,0.00006,na,na,81,165,30
scheduler_n5_s050_seed5.txt,Scheduler,5,Relaxed,5000,false,min,319,0.00006,na,na,81,165,30
scheduler_n5_s050_seed5.txt,Scheduler,5,Relaxed,10000,false,min,319,0.00007,na,na,81,165,30
scheduler_n5_s050_seed5.txt,Scheduler,5,Relaxed,20000,false,min,319,0.00006,na,na,81,165,30
scheduler_n5_s100_seed1.txt,Scheduler,5,Exact,99999,false,min,398,0.00007,na,na,81,165,30
scheduler_n5_s100_seed1.txt,Scheduler,5,Restricted,500,false,min,398,0.00006,na,na,81,165,30
scheduler_n5_s100_seed1.txt,Scheduler,5,Restricted,1000,false,min,398,0.00007,na,na,81,165,30
scheduler_n5_s100_seed1.txt,Scheduler,5,Restricted,2000,false,min,398,0.00006,na,na,81,165,30
scheduler_n5_s100_seed1.txt,Scheduler,5,Restricted,5000,false,min,398,0.00007,na,na,81,165,30
scheduler_n5_s100_seed1.txt,Scheduler,5,Restricted,10000,false,min,398,0.00006,na,na,81,165,30
scheduler_n5_s100_seed1.txt,Scheduler,5,Restricted,20000,false,min,398,0.00006,na,na,81,165,30
scheduler_n5_s100_seed1.txt,Scheduler,5,Relaxed,500,false,min,398,0.00006,na,na,81,165,30
scheduler_n5_s100_seed1.txt,Scheduler,5,Relaxed,1000,false,min,398,0.00006,na,na,81,165,30
scheduler_n5_s100_seed1.txt,Scheduler,5,Relaxed,2000,false,min,398,0.00006,na,na,81,165,30
scheduler_n5_s100_seed1.txt,Scheduler,5,Relaxed,5000,false,min,398,0.00006,na,na,81,165,30
scheduler_n5_s100_seed1.txt,Scheduler,5,Relaxed,10000,false,min,398,0.00006,na,na,81,165,30
scheduler_n5_s100_seed1.txt,Scheduler,5,Relaxed,20000,false,min,398,0.00006,na,na,81,165,30
scheduler_n5_s100_seed2.txt,Scheduler,5,Exact,99999,false,min,256,0.00006,na,na,81,165,30
scheduler_n5_s100_seed2.txt,Scheduler,5,Restricted,500,false,min,256,0.00006,na,na,81,165,30
scheduler_n5_s100_seed2.txt,Scheduler,5,Restricted,1000,false,min,256,0.00006,na,na,81,165,30
scheduler_n5_s100_seed2.txt,Scheduler,5,Restricted,2000,false,min,256,0.00006,na,na,81,165,30
scheduler_n5_s100_seed2.txt,Scheduler,5,Restricted,5000,false,min,256,0.00006,na,na,81,165,30
scheduler_n5_s100_seed2.txt,Scheduler,5,Restricted,10000,false,min,256,0.00006,na,na,81,165,30
scheduler_n5_s100_seed2.txt,Scheduler,5,Restricted,20000,false,min,256,0.00006,na,na,81,165,30
scheduler_n5_s100_seed2.txt,Scheduler,5,Relaxed,500,false,min,256,0.00006,na,na,81,165,30
scheduler_n5_s100_seed2.txt,Scheduler,5,Relaxed,1000,false,min,256,0.00006,na,na,81,165,30
scheduler_n5_s100_seed2.txt,Scheduler,5,Relaxed,2000,false,min,256,0.00006,na,na,81,165,30
scheduler_n5_s100_seed2.txt,Scheduler,5,Relaxed,5000,false,min,256,0.00006,na,na,81,165,30
scheduler_n5_s100_seed2.txt,Scheduler,5,Relaxed,10000,false,min,256,0.00006,na,na,81,165,30
scheduler_n5_s100_seed2.txt,Scheduler,5,Relaxed,20000,false,min,256,0.00006,na,na,81,165,30
scheduler_n5_s100_seed3.txt,Scheduler,5,Exact,99999,false,min,858,0.00006,na,na,81,165,30
scheduler_n5_s100_seed3.txt,Scheduler,5,Restricted,500,false,min,858,0.00006,na,na,81,165,30
scheduler_n5_s100_seed3.txt,Scheduler,5,Restricted,1000,false,min,858,0.00007,na,na,81,165,30
scheduler_n5_s100_seed3.txt,Scheduler,5,Restricted,2000,false,min,858,0.00006,na,na,81,165,30
scheduler_n5_s100_seed3.txt,Scheduler,5,Restricted,5000,false,min,858,0.00006,na,na,81,165,30
scheduler_n5_s100_seed3.txt,Scheduler,5,Restricted,10000,false,min,858,0.00006,na,na,81,165,30
scheduler_n5_s100_seed3.txt,Scheduler,5,Restricted,20000,false,min,858,0.00006,na,na,81,165,30
scheduler_n5_s100_seed3.txt,Scheduler,5,Relaxed,500,false,min,858,0.00006,na,na,81,165,30
scheduler_n5_s100_seed3.txt,Scheduler,5,Relaxed,1000,false,min,858,0.00006,na,na,81,165,30
scheduler_n5_s100_seed3.txt,Scheduler,5,Relaxed,2000,false,min,858,0.00006,na,na,81,165,30
scheduler_n5_s100_seed3.txt,Scheduler,5,Relaxed,5000,false,min,858,0.00006,na,na,81,165,30
scheduler_n5_s100_seed3.txt,Scheduler,5,Relaxed,10000,false,min,858,0.00006,na,na,81,165,30
scheduler_n5_s100_seed3.txt,Scheduler,5,Relaxed,20000,false,min,858,0.00006,na,na,81,165,30
scheduler_n5_s100_seed4.txt,Scheduler,5,Exact,99999,false,min,194,0.00006,na,na,81,165,30
scheduler_n5_s100_seed4.txt,Scheduler,5,Restricted,500,false,min,194,0.00006,na,na,81,165,30
scheduler_n5_s100_seed4.txt,Scheduler,5,Restricted,1000,false,min,194,0.00007,na,na,81,165,30
scheduler_n5_s100_seed4.txt,Scheduler,5,Restricted,2000,false,min,194,0.00006,na,na,81,165,30
scheduler_n5_s100_seed4.txt,Scheduler,5,Restricted,5000,false,min,194,0.00007,na,na,81,165,30
scheduler_n5_s100_seed4.txt,Scheduler,5,Restricted,10000,false,min,194,0.00006,na,na,81,165,30
scheduler_n5_s100_seed4.txt,Scheduler,5,Restricted,20000,false,min,194,0.00007,na,na,81,165,30
scheduler_n5_s100_seed4.txt,Scheduler,5,Relaxed,500,false,min,194,0.00006,na,na,81,165,30
scheduler_n5_s100_seed4.txt,Scheduler,5,Relaxed,1000,false,min,194,0.00006,na,na,81,165,30
scheduler_n5_s100_seed4.txt,Scheduler,5,Relaxed,2000,false,min,194,0.00007,na,na,81,165,30
scheduler_n5_s100_seed4.txt,Scheduler,5,Relaxed,5000,false,min,194,0.00006,na,na,81,165,30
scheduler_n5_s100_seed4.txt,Scheduler,5,Relaxed,10000,false,min,194,0.00006,na,na,81,165,30
scheduler_n5_s100_seed4.txt,Scheduler,5,Relaxed,20000,false,min,194,0.00007,na,na,81,165,30
scheduler_n5_s100_seed5.txt,Scheduler,5,Exact,99999,false,min,370,0.00006,na,na,81,165,30
scheduler_n5_s100_seed5.txt,Scheduler,5,Restricted,500,false,min,370,0.00006,na,na,81,165,30
scheduler_n5_s100_seed5.txt,Scheduler,5,Restricted,1000,false,min,370,0.00007,na,na,81,165,30
scheduler_n5_s100_seed5.txt,Scheduler,5,Restricted,2000,false,min,370,0.00006,na,na,81,165,30
scheduler_n5_s100_seed5.txt,Scheduler,5,Restricted,5000,false,min,370,0.00006,na,na,81,165,30
scheduler_n5_s100_seed5.txt,Scheduler,5,Restricted,10000,false,min,370,0.00006,na,na,81,165,30
scheduler_n5_s100_seed5.txt,Scheduler,5,Restricted,20000,false,min,370,0.00006,na,na,81,165,30
scheduler_n5_s100_seed5.txt,Scheduler,5,Relaxed,500,false,min,370,0.00006,na,na,81,165,30
scheduler_n5_s100_seed5.txt,Scheduler,5,Relaxed,1000,false,min,370,0.00007,na,na,81,165,30
scheduler_n5_s100_seed5.txt,Scheduler,5,Relaxed,2000,false,min,370,0.00006,na,na,81,165,30
scheduler_n5_s100_seed5.txt,Scheduler,5,Relaxed,5000,false,min,370,0.00006,na,na,81,165,30
scheduler_n5_s100_seed5.txt,Scheduler,5,Relaxed,10000,false,min,370,0.00006,na,na,81,165,30
scheduler_n5_s100_seed5.txt,Scheduler,5,Relaxed,20000,false,min,370,0.00006,na,na,81,165,30
scheduler_n10_s025_seed1.txt,Scheduler,10,Exact,99999,false,min,1312,0.00456,na,na,5121,23050,1260
scheduler_n10_s025_seed1.txt,Scheduler,10,Restricted,500,false,min,1312,0.00260,na,na,3755,13064,888
scheduler_n10_s025_seed1.txt,Scheduler,10,Restricted,1000,false,min,1312,0.00383,na,na,4923,20506,1260
scheduler_n10_s025_seed1.txt,Scheduler,10,Restricted,2000,false,min,1312,0.00444,na,na,5121,23050,1260
scheduler_n10_s025_seed1.txt,Scheduler,10,Restricted,5000,false,min,1312,0.00440,na,na,5121,23050,1260
scheduler_n10_s025_seed1.txt,Scheduler,10,Restricted,10000,false,min,1312,0.00446,na,na,5121,23050,1260
scheduler_n10_s025_seed1.txt,Scheduler,10,Restricted,20000,false,min,1312,0.00442,na,na,5121,23050,1260
scheduler_n10_s025_seed1.txt,Scheduler,10,Relaxed,500,false,min,1312,0.00392,na,na,5627,19151,1306
scheduler_n10_s025_seed1.txt,Scheduler,10,Relaxed,1000,false,min,1312,0.00627,na,na,7673,29099,1690
scheduler_n10_s025_seed1.txt,Scheduler,10,Relaxed,2000,false,min,1312,0.00441,na,na,5121,23050,1260
scheduler_n10_s025_seed1.txt,Scheduler,10,Relaxed,5000,false,min,1312,0.00440,na,na,5121,23050,1260
scheduler_n10_s025_seed1.txt,Scheduler,10,Relaxed,10000,false,min,1312,0.00462,na,na,5121,23050,1260
scheduler_n10_s025_seed1.txt,Scheduler,10,Relaxed,20000,false,min,1312,0.00442,na,na,5121,23050,1260
scheduler_n10_s025_seed2.txt,Scheduler,10,Exact,99999,false,min,1609,0.00465,na,na,5121,23050,1260
scheduler_n10_s025_seed2.txt,Scheduler,10,Restricted,500,false,min,1609,0.00255,na,na,3640,12976,840
scheduler_n10_s025_seed2.txt,Scheduler,10,Restricted,1000,false,min,1609,0.00372,na,na,4840,20362,1260
scheduler_n10_s025_seed2.txt,Scheduler,10,Restricted,2000,false,min,1609,0.00445,na,na,5121,23050,1260
scheduler_n10_s025_seed2.txt,Scheduler,10,Restricted,5000,false,min,1609,0.00452,na,na,5121,23050,1260
scheduler_n10_s025_seed2.txt,Scheduler,10,Restricted,10000,false,min,1609,0.00451,na,na,5121,23050,1260
scheduler_n10_s025_seed2.txt,Scheduler,10,Restricted,20000,false,min,1609,0.00450,na,na,5121,23050,1260
scheduler_n10_s025_seed2.txt,Scheduler,10,Relaxed,500,false,min,1609,0.00400,na,na,5537,20168,966
scheduler_n10_s025_seed2.txt,Scheduler,10,Relaxed,1000,false,min,1609,0.00510,na,na,6152,25088,1261
scheduler_n10_s025_seed2.txt,Scheduler,10,Relaxed,2000,false,min,1609,0.00463,na,na,5121,23050,1260
scheduler_n10_s025_seed2.txt,Scheduler,10,Relaxed,5000,false,min,1609,0.00441,na,na,5121,23050,1260
scheduler_n10_s025_seed2.txt,Scheduler,10,Relaxed,10000,false,min,1609,0.00450,na,na,5121,23050,1260
scheduler_n10_s025_seed2.txt,Scheduler,10,Relaxed,20000,false,min,1609,0.00465,na,na,5121,23050,1260
scheduler_n10_s025_seed3.txt,Scheduler,10,Exact,99999,false,min,1957,0.00474,na,na,5121,23050,1260
scheduler_n10_s025_seed3.txt,Scheduler,10,Restricted,500,false,min,1957,0.00254,na,na,3716,12998,864
scheduler_n10_s025_seed3.txt,Scheduler,10,Restricted,1000,false,min,1957,0.00374,na,na,4815,20350,1260
scheduler_n10_s025_seed3.txt,Scheduler,10,Restricted,2000,false,min,1957,0.00437,na,na,5121,23050,1260
scheduler_n10_s025_seed3.txt,Scheduler,10,Restricted,5000,false,min,1957,0.00462,na,na,5121,23050,1260
scheduler_n10_s025_seed3.txt,Scheduler,10,Restricted,10000,false,min,1957,0.00455,na,na,5121,23050,1260
scheduler_n10_s025_seed3.txt,Scheduler,10,Restricted,20000,false,min,1957,0.00455,na,na,5121,23050,1260
scheduler_n10_s025_seed3.txt,Scheduler,10,Relaxed,500,false,min,1957,0.00406,na,na,5755,20011,1065
scheduler_n10_s025_seed3.txt,Scheduler,10,Relaxed,1000,false,min,1957,0.00520,na,na,6122,24939,1261
scheduler_n10_s025_seed3.txt,Scheduler,10,Relaxed,2000,false,min,1957,0.00446,na,na,5121,23050,1260
scheduler_n10_s025_seed3.txt,Scheduler,10,Relaxed,5000,false,min,1957,0.00441,na,na,5121,23050,1260
scheduler_n10_s025_seed3.txt,Scheduler,10,Relaxed,10000,false,min,1957,0.00442,na,na,5121,23050,1260
scheduler_n10_s025_seed3.txt,Scheduler,10,Relaxed,20000,false,min,1957,0.00448,na,na,5121,23050,1260
scheduler_n10_s025_seed4.txt,Scheduler,10,Exact,99999,false,min,897,0.00445,na,na,5121,23050,1260
scheduler_n10_s025_seed4.txt,Scheduler,10,Restricted,500,false,min,897,0.00261,na,na,3764,13060,888
scheduler_n10_s025_seed4.txt,Scheduler,10,Restricted,1000,false,min,897,0.00386,na,na,4934,20494,1260
scheduler_n10_s025_seed4.txt,Scheduler,10,Restricted,2000,false,min,897,0.00445,na,na,5121,23050,1260
scheduler_n10_s025_seed4.txt,Scheduler,10,Restricted,5000,false,min,897,0.00443,na,na,5121,23050,1260
scheduler_n10_s025_seed4.txt,Scheduler,10,Restricted,10000,false,min,897,0.00444,na,na,5121,23050,1260
scheduler_n10_s025_seed4.txt,Scheduler,10,Restricted,20000,false,min,897,0.00443,na,na,5121,23050,1260
scheduler_n10_s025_seed4.txt,Scheduler,10,Relaxed,500,false,min,897,0.00400,na,na,5640,19215,1265
scheduler_n10_s025_seed4.txt,Scheduler,10,Relaxed,1000,false,min,897,0.00548,na,na,6246,25333,1261
scheduler_n10_s025_seed4.txt,Scheduler,10,Relaxed,2000,false,min,897,0.00441,na,na,5121,23050,1260
scheduler_n10_s025_seed4.txt,Scheduler,10,Relaxed,5000,false,min,897,0.00445,na,na,5121,23050,1260
scheduler_n10_s025_seed4.txt,Scheduler,10,Relaxed,10000,false,min,897,0.00446,na,na,5121,23050,1260
scheduler_n10_s025_seed4.txt,Scheduler,10,Relaxed,20000,false,min,897,0.00440,na,na,5121,23050,1260
scheduler_n10_s025_seed5.txt,Scheduler,10,Exact,99999,false,min,932,0.00441,na,na,5121,23050,1260
scheduler_n10_s025_seed5.txt,Scheduler,10,Restricted,500,false,min,932,0.00263,na,na,3722,12900,900
scheduler_n10_s025_seed5.txt,Scheduler,10,Restricted,1000,false,min,932,0.00377,na,na,4862,20416,1260
scheduler_n10_s025_seed5.txt,Scheduler,10,Restricted,2000,false,min,932,0.00438,na,na,5121,23050,1260
scheduler_n10_s025_seed5.txt,Scheduler,10,Restricted,5000,false,min,932,0.00444,na,na,5121,23050,1260
scheduler_n10_s025_seed5.txt,Scheduler,10,Restricted,10000,false,min,932,0.00439,na,na,5121,23050,1260
scheduler_n10_s025_seed5.txt,Scheduler,10,Restricted,20000,false,min,932,0.00446,na,na,5121,23050,1260
scheduler_n10_s025_seed5.txt,Scheduler,10,Relaxed,500,false,min,932,0.00407,na,na,5792,20609,1028
scheduler_n10_s025_seed5.txt,Scheduler,10,Relaxed,1000,false,min,932,0.00551,na,na,7011,27210,1354
scheduler_n10_s025_seed5.txt,Scheduler,10,Relaxed,2000,false,min,932,0.00455,na,na,5121,23050,1260
scheduler_n10_s025_seed5.txt,Scheduler,10,Relaxed,5000,false,min,932,0.00447,na,na,5121,23050,1260
scheduler_n10_s025_seed5.txt,Scheduler,10,Relaxed,10000,false,min,932,0.00439,na,na,5121,23050,1260
scheduler_n10_s025_seed5.txt,Scheduler,10,Relaxed,20000,false,min,932,0.00436,na,na,5121,23050,1260
scheduler_n10_s050_seed1.txt,Scheduler,10,Exact,99999,false,min,1341,0.00444,na,na,5121,23050,1260
scheduler_n10_s050_seed1.txt,Scheduler,10,Restricted,500,false,min,1341,0.00264,na,na,3779,12958,906
scheduler_n10_s050_seed1.txt,Scheduler,10,Restricted,1000,false,min,1341,0.00387,na,na,4936,20470,1260
scheduler_n10_s050_seed1.txt,Scheduler,10,Restricted,2000,false,min,1341,0.00447,na,na,5121,23050,1260
scheduler_n10_s050_seed1.txt,Scheduler,10,Restricted,5000,false,min,1341,0.00439,na,na,5121,23050,1260
scheduler_n10_s050_seed1.txt,Scheduler,10,Restricted,10000,false,min,1341,0.00455,na,na,5121,23050,1260
scheduler_n10_s050_seed1.txt,Scheduler,10,Restricted,20000,false,min,1341,0.00450,na,na,5121,23050,1260
scheduler_n10_s050_seed1.txt,Scheduler,10,Relaxed,500,false,min,1341,0.00404,na,na,5726,19475,1209
scheduler_n10_s050_seed1.txt,Scheduler,10,Relaxed,1000,false,min,1341,0.00524,na,na,6248,25312,1261
scheduler_n10_s050_seed1.txt,Scheduler,10,Relaxed,2000,false,min,1341,0.00439,na,na,5121,23050,1260
scheduler_n10_s050_seed1.txt,Scheduler,10,Relaxed,5000,false,min,1341,0.00442,na,na,5121,23050,1260
scheduler_n10_s050_seed1.txt,Scheduler,10,Relaxed,10000,false,min,1341,0.00461,na,na,5121,23050,1260
scheduler_n10_s050_seed1.txt,Scheduler,10,Relaxed,20000,false,min,1341,0.00447,na,na,5121,23050,1260
scheduler_n10_s050_seed2.txt,Scheduler,10,Exact,99999,false,min,1693,0.00443,na,na,5121,23050,1260
scheduler_n10_s050_seed2.txt,Scheduler,10,Restricted,500,false,min,1693,0.00254,na,na,3682,12994,840
scheduler_n10_s050_seed2.txt,Scheduler,10,Restricted,1000,false,min,1693,0.00374,na,na,4848,20386,1260
scheduler_n10_s050_seed2.txt,Scheduler,10,Restricted,2000,false,min,1693,0.00436,na,na,5121,23050,1260
scheduler_n10_s050_seed2.txt,Scheduler,10,Restricted,5000,false,min,1693,0.00445,na,na,5121,23050,1260
scheduler_n10_s050_seed2.txt,Scheduler,10,Restricted,10000,false,min,1693,0.00442,na,na,5121,23050,1260
scheduler_n10_s050_seed2.txt,Scheduler,10,Restricted,20000,false,min,1693,0.00445,na,na,5121,23050,1260
scheduler_n10_s050_seed2.txt,Scheduler,10,Relaxed,500,false,min,1693,0.00389,na,na,5498,20022,1020
scheduler_n10_s050_seed2.txt,Scheduler,10,Relaxed,1000,false,min,1693,0.00505,na,na,6160,25129,1261
scheduler_n10_s050_seed2.txt,Scheduler,10,Relaxed,2000,false,min,1693,0.00446,na,na,5121,23050,1260
scheduler_n10_s050_seed2.txt,Scheduler,10,Relaxed,5000,false,min,1693,0.00440,na,na,5121,23050,1260
scheduler_n10_s050_seed2.txt,Scheduler,10,Relaxed,10000,false,min,1693,0.00457,na,na,5121,23050,1260
scheduler_n10_s050_seed2.txt,Scheduler,10,Relaxed,20000,false,min,1693,0.00450,na,na,5121,23050,1260
scheduler_n10_s050_seed3.txt,Scheduler,10,Exact,99999,false,min,2111,0.00442,na,na,5121,23050,1260
scheduler_n10_s050_seed3.txt,Scheduler,10,Restricted,500,false,min,2111,0.00254,na,na,3758,12940,900
scheduler_n10_s050_seed3.txt,Scheduler,10,Restricted,1000,false,min,2111,0.00373,na,na,4854,20386,1260
scheduler_n10_s050_seed3.txt,Scheduler,10,Restricted,2000,false,min,2111,0.00448,na,na,5121,23050,1260
scheduler_n10_s050_seed3.txt,Scheduler,10,Restricted,5000,false,min,2111,0.00471,na,na,5121,23050,1260
scheduler_n10_s050_seed3.txt,Scheduler,10,Restricted,10000,false,min,2111,0.00444,na,na,5121,23050,1260
scheduler_n10_s050_seed3.txt,Scheduler,10,Restricted,20000,false,min,2111,0.00447,na,na,5121,23050,1260
scheduler_n10_s050_seed3.txt,Scheduler,10,Relaxed,500,false,min,2111,0.00400,na,na,5622,20051,1057
scheduler_n10_s050_seed3.txt,Scheduler,10,Relaxed,1000,false,min,2111,0.00546,na,na,6996,27149,1354
scheduler_n10_s050_seed3.txt,Scheduler,10,Relaxed,2000,false,min,2111,0.00446,na,na,5121,23050,1260
scheduler_n10_s050_seed3.txt,Scheduler,10,Relaxed,5000,false,min,2111,0.00467,na,na,5121,23050,1260
scheduler_n10_s050_seed3.txt,Scheduler,10,Relaxed,10000,false,min,2111,0.00444,na,na,5121,23050,1260
scheduler_n10_s050_seed3.txt,Scheduler,10,Relaxed,20000,false,min,2111,0.00448,na,na,5121,23050,1260
scheduler_n10_s050_seed4.txt,Scheduler,10,Exact,99999,false,min,962,0.00464,na,na,5121,23050,1260
scheduler_n10_s050_seed4.txt,Scheduler,10,Restricted,500,false,min,962,0.00270,na,na,3829,12970,936
scheduler_n10_s050_seed4.txt,Scheduler,10,Restricted,1000,false,min,962,0.00382,na,na,4947,20518,1260
scheduler_n10_s050_seed4.txt,Scheduler,10,Restricted,2000,false,min,962,0.00440,na,na,5121,23050,1260
scheduler_n10_s050_seed4.txt,Scheduler,10,Restricted,5000,false,min,962,0.00444,na,na,5121,23050,1260
scheduler_n10_s050_seed4.txt,Scheduler,10,Restricted,10000,false,min,962,0.00448,na,na,5121,23050,1260
scheduler_n10_s050_seed4.txt,Scheduler,10,Restricted,20000,false,min,962,0.00441,na,na,5121,23050,1260
scheduler_n10_s050_seed4.txt,Scheduler,10,Relaxed,500,false,min,962,0.00395,na,na,5668,20102,1038
scheduler_n10_s050_seed4.txt,Scheduler,10,Relaxed,1000,false,min,962,0.00525,na,na,6259,25283,1261
scheduler_n10_s050_seed4.txt,Scheduler,10,Relaxed,2000,false,min,962,0.00448,na,na,5121,23050,1260
scheduler_n10_s050_seed4.txt,Scheduler,10,Relaxed,5000,false,min,962,0.00442,na,na,5121,23050,1260
scheduler_n10_s050_seed4.txt,Scheduler,10,Relaxed,10000,false,min,962,0.00442,na,na,5121,23050,1260
scheduler_n10_s050_seed4.txt,Scheduler,10,Relaxed,20000,false,min,962,0.00443,na,na,5121,23050,1260
scheduler_n10_s050_seed5.txt,Scheduler,10,Exact,99999,false,min,1024,0.00455,na,na,5121,23050,1260
scheduler_n10_s050_seed5.txt,Scheduler,10,Restricted,500,false,min,1024,0.00256,na,na,3681,12952,858
scheduler_n10_s050_seed5.txt,Scheduler,10,Restricted,1000,false,min,1024,0.00379,na,na,4857,20416,1260
scheduler_n10_s050_seed5.txt,Scheduler,10,Restricted,2000,false,min,1024,0.00450,na,na,5121,23050,1260
scheduler_n10_s050_seed5.txt,Scheduler,10,Restricted,5000,false,min,1024,0.00449,na,na,5121,23050,1260
scheduler_n10_s050_seed5.txt,Scheduler,10,Restricted,10000,false,min,1024,0.00444,na,na,5121,23050,1260
scheduler_n10_s050_seed5.txt,Scheduler,10,Restricted,20000,false,min,1024,0.00457,na,na,5121,23050,1260
scheduler_n10_s050_seed5.txt,Scheduler,10,Relaxed,500,false,min,1024,0.00391,na,na,5500,19934,1023
scheduler_n10_s050_seed5.txt,Scheduler,10,Relaxed,1000,false,min,1024,0.00543,na,na,7006,27201,1354
scheduler_n10_s050_seed5.txt,Scheduler,10,Relaxed,2000,false,min,1024,0.00438,na,na,5121,23050,1260
scheduler_n10_s050_seed5.txt,Scheduler,10,Relaxed,5000,false,min,1024,0.00444,na,na,5121,23050,1260
scheduler_n10_s050_seed5.txt,Scheduler,10,Relaxed,10000,false,min,1024,0.00441,na,na,5121,23050,1260
scheduler_n10_s050_seed5.txt,Scheduler,10,Relaxed,20000,false,min,1024,0.00457,na,na,5121,23050,1260
scheduler_n10_s100_seed1.txt,Scheduler,10,Exact,99999,false,min,1416,0.00443,na,na,5121,23050,1260
scheduler_n10_s100_seed1.txt,Scheduler,10,Restricted,500,false,min,1416,0.00267,na,na,3886,13054,936
scheduler_n10_s100_seed1.txt,Scheduler,10,Restricted,1000,false,min,1416,0.00382,na,na,4977,20518,1260
scheduler_n10_s100_seed1.txt,Scheduler,10,Restricted,2000,false,min,1416,0.00446,na,na,5121,23050,1260
scheduler_n10_s100_seed1.txt,Scheduler,10,Restricted,5000,false,min,1416,0.00444,na,na,5121,23050,1260
scheduler_n10_s100_seed1.txt,Scheduler,10,Restricted,10000,false,min,1416,0.00444,na,na,5121,23050,1260
scheduler_n10_s100_seed1.txt,Scheduler,10,Restricted,20000,false,min,1416,0.00449,na,na,5121,23050,1260
scheduler_n10_s100_seed1.txt,Scheduler,10,Relaxed,500,false,min,1416,0.00389,na,na,5546,18785,1202
scheduler_n10_s100_seed1.txt,Scheduler,10,Relaxed,1000,false,min,1416,0.00563,na,na,7121,27445,1354
scheduler_n10_s100_seed1.txt,Scheduler,10,Relaxed,2000,false,min,1416,0.00446,na,na,5121,23050,1260
scheduler_n10_s100_seed1.txt,Scheduler,10,Relaxed,5000,false,min,1416,0.00447,na,na,5121,23050,1260
scheduler_n10_s100_seed1.txt,Scheduler,10,Relaxed,10000,false,min,1416,0.00453,na,na,5121,23050,1260
scheduler_n10_s100_seed1.txt,Scheduler,10,Relaxed,20000,false,min,1416,0.00444,na,na,5121,23050,1260
scheduler_n10_s100_seed2.txt,Scheduler,10,Exact,99999,false,min,1918,0.00443,na,na,5121,23050,1260
scheduler_n10_s100_seed2.txt,Scheduler,10,Restricted,500,false,min,1918,0.00263,na,na,3784,12976,906
scheduler_n10_s100_seed2.txt,Scheduler,10,Restricted,1000,false,min,1918,0.00374,na,na,4871,20410,1260
scheduler_n10_s100_seed2.txt,Scheduler,10,Restricted,2000,false,min,1918,0.00444,na,na,5121,23050,1260
scheduler_n10_s100_seed2.txt,Scheduler,10,Restricted,5000,false,min,1918,0.00440,na,na,5121,23050,1260
scheduler_n10_s100_seed2.txt,Scheduler,10,Restricted,10000,false,min,1918,0.00456,na,na,5121,23050,1260
scheduler_n10_s100_seed2.txt,Scheduler,10,Restricted,20000,false,min,1918,0.00443,na,na,5121,23050,1260
scheduler_n10_s100_seed2.txt,Scheduler,10,Relaxed,500,false,min,1918,0.00401,na,na,5601,20126,1025
scheduler_n10_s100_seed2.txt,Scheduler,10,Relaxed,1000,false,min,1918,0.00516,na,na,6183,25136,1261
scheduler_n10_s100_seed2.txt,Scheduler,10,Relaxed,2000,false,min,1918,0.00439,na,na,5121,23050,1260
scheduler_n10_s100_seed2.txt,Scheduler,10,Relaxed,5000,false,min,1918,0.00441,na,na,5121,23050,1260
scheduler_n10_s100_seed2.txt,Scheduler,10,Relaxed,10000,false,min,1918,0.00446,na,na,5121,23050,1260
scheduler_n10_s100_seed2.txt,Scheduler,10,Relaxed,20000,false,min,1918,0.00451,na,na,5121,23050,1260
scheduler_n10_s100_seed3.txt,Scheduler,10,Exact,99999,false,min,2398,0.00445,na,na,5121,23050,1260
scheduler_n10_s100_seed3.txt,Scheduler,10,Restricted,500,false,min,2398,0.00269,na,na,3963,13040,948
scheduler_n10_s100_seed3.txt,Scheduler,10,Restricted,1000,false,min,2398,0.00378,na,na,4955,20500,1260
scheduler_n10_s100_seed3.txt,Scheduler,10,Restricted,2000,false,min,2398,0.00455,na,na,5121,23050,1260
scheduler_n10_s100_seed3.txt,Scheduler,10,Restricted,5000,false,min,2398,0.00443,na,na,5121,23050,1260
scheduler_n10_s100_seed3.txt,Scheduler,10,Restricted,10000,false,min,2398,0.00440,na,na,5121,23050,1260
scheduler_n10_s100_seed3.txt,Scheduler,10,Restricted,20000,false,min,2398,0.00445,na,na,5121,23050,1260
scheduler_n10_s100_seed3.txt,Scheduler,10,Relaxed,500,false,min,2398,0.00352,na,na,4790,17326,953
scheduler_n10_s100_seed3.txt,Scheduler,10,Relaxed,1000,false,min,2398,0.00521,na,na,6267,25324,1261
scheduler_n10_s100_seed3.txt,Scheduler,10,Relaxed,2000,false,min,2398,0.00453,na,na,5121,23050,1260
scheduler_n10_s100_seed3.txt,Scheduler,10,Relaxed,5000,false,min,2398,0.00441,na,na,5121,23050,1260
scheduler_n10_s100_seed3.txt,Scheduler,10,Relaxed,10000,false,min,2398,0.00453,na,na,5121,23050,1260
scheduler_n10_s100_seed3.txt,Scheduler,10,Relaxed,20000,false,min,2398,0.00448,na,na,5121,23050,1260
scheduler_n10_s100_seed4.txt,Scheduler,10,Exact,99999,false,min,1106,0.00447,na,na,5121,23050,1260
scheduler_n10_s100_seed4.txt,Scheduler,10,Restricted,500,false,min,1106,0.00283,na,na,3913,13072,936
scheduler_n10_s100_seed4.txt,Scheduler,10,Restricted,1000,false,min,1106,0.00387,na,na,4993,20566,1260
scheduler_n10_s100_seed4.txt,Scheduler,10,Restricted,2000,false,min,1106,0.00444,na,na,5121,23050,1260
scheduler_n10_s100_seed4.txt,Scheduler,10,Restricted,5000,false,min,1106,0.00443,na,na,5121,23050,1260
scheduler_n10_s100_seed4.txt,Scheduler,10,Restricted,10000,false,min,1106,0.00440,na,na,5121,23050,1260
scheduler_n10_s100_seed4.txt,Scheduler,10,Restricted,20000,false,min,1106,0.00440,na,na,5121,23050,1260
scheduler_n10_s100_seed4.txt,Scheduler,10,Relaxed,500,false,min,1106,0.00373,na,na,5164,18067,947
scheduler_n10_s100_seed4.txt,Scheduler,10,Relaxed,1000,false,min,1106,0.00538,na,na,6305,25489,1261
scheduler_n10_s100_seed4.txt,Scheduler,10,Relaxed,2000,false,min,1106,0.00447,na,na,5121,23050,1260
scheduler_n10_s100_seed4.txt,Scheduler,10,Relaxed,5000,false,min,1106,0.00450,na,na,5121,23050,1260
scheduler_n10_s100_seed4.txt,Scheduler,10,Relaxed,10000,false,min,1106,0.00443,na,na,5121,23050,1260
scheduler_n10_s100_seed4.txt,Scheduler,10,Relaxed,20000,false,min,1106,0.00436,na,na,5121,23050,1260
scheduler_n10_s100_seed5.txt,Scheduler,10,Exact,99999,false,min,1061,0.00449,na,na,5121,23050,1260
scheduler_n10_s100_seed5.txt,Scheduler,10,Restricted,500,false,min,1061,0.00261,na,na,3855,13028,924
scheduler_n10_s100_seed5.txt,Scheduler,10,Restricted,1000,false,min,1061,0.00376,na,na,4898,20422,1260
scheduler_n10_s100_seed5.txt,Scheduler,10,Restricted,2000,false,min,1061,0.00442,na,na,5121,23050,1260
scheduler_n10_s100_seed5.txt,Scheduler,10,Restricted,5000,false,min,1061,0.00442,na,na,5121,23050,1260
scheduler_n10_s100_seed5.txt,Scheduler,10,Restricted,10000,false,min,1061,0.00446,na,na,5121,23050,1260
scheduler_n10_s100_seed5.txt,Scheduler,10,Restricted,20000,false,min,1061,0.00450,na,na,5121,23050,1260
scheduler_n10_s100_seed5.txt,Scheduler,10,Relaxed,500,false,min,1061,0.00396,na,na,5693,19117,1284
scheduler_n10_s100_seed5.txt,Scheduler,10,Relaxed,1000,false,min,1061,0.00512,na,na,6210,25173,1261
scheduler_n10_s100_seed5.txt,Scheduler,10,Relaxed,2000,false,min,1061,0.00441,na,na,5121,23050,1260
scheduler_n10_s100_seed5.txt,Scheduler,10,Relaxed,5000,false,min,1061,0.00444,na,na,5121,23050,1260
scheduler_n10_s100_seed5.txt,Scheduler,10,Relaxed,10000,false,min,1061,0.00438,na,na,5121,23050,1260
scheduler_n10_s100_seed5.txt,Scheduler,10,Relaxed,20000,false,min,1061,0.00439,na,na,5121,23050,1260
scheduler_n15_s025_seed1.txt,Scheduler,15,Exact,99999,false,min,1793,0.48802,na,na,245761,1720335,51480
scheduler_n15_s025_seed1.txt,Scheduler,15,Restricted,500,false,min,1793,0.00985,na,na,14242,41297,2340
scheduler_n15_s025_seed1.txt,Scheduler,15,Restricted,1000,false,min,1793,0.01975,na,na,24526,79257,4368
scheduler_n15_s025_seed1.txt,Scheduler,15,Restricted,2000,false,min,1793,0.03817,na,na,40282,145883,6633
scheduler_n15_s025_seed1.txt,Scheduler,15,Restricted,5000,false,min,1793,0.08759,na,na,76779,329301,14212
scheduler_n15_s025_seed1.txt,Scheduler,15,Restricted,10000,false,min,1793,0.16870,na,na,118829,576739,22510
scheduler_n15_s025_seed1.txt,Scheduler,15,Restricted,20000,false,min,1793,0.26328,na,na,177951,993653,34425
scheduler_n15_s025_seed1.txt,Scheduler,15,Relaxed,500,false,min,1793,0.01413,na,na,17433,67889,2433
scheduler_n15_s025_seed1.txt,Scheduler,15,Relaxed,1000,false,min,1793,0.02593,na,na,29790,125938,4372
scheduler_n15_s025_seed1.txt,Scheduler,15,Relaxed,2000,false,min,1793,0.05531,na,na,50393,232029,7358
scheduler_n15_s025_seed1.txt,Scheduler,15,Relaxed,5000,false,min,1793,0.14451,na,na,101983,527306,14228
scheduler_n15_s025_seed1.txt,Scheduler,15,Relaxed,10000,false,min,1793,0.27891,na,na,166546,893595,26074
scheduler_n15_s025_seed1.txt,Scheduler,15,Relaxed,20000,false,min,1793,0.56813,na,na,279474,1624217,42411
scheduler_n15_s025_seed2.txt,Scheduler,15,Exact,99999,false,min,2240,0.49905,na,na,245761,1720335,51480
scheduler_n15_s025_seed2.txt,Scheduler,15,Restricted,500,false,min,2240,0.00858,na,na,13491,41341,2436
scheduler_n15_s025_seed2.txt,Scheduler,15,Restricted,1000,false,min,2240,0.01685,na,na,23320,79201,4320
scheduler_n15_s025_seed2.txt,Scheduler,15,Restricted,2000,false,min,2240,0.03264,na,na,38479,146061,6600
scheduler_n15_s025_seed2.txt,Scheduler,15,Restricted,5000,false,min,2240,0.07786,na,na,75097,331365,14135
scheduler_n15_s025_seed2.txt,Scheduler,15,Restricted,10000,false,min,2240,0.14228,na,na,116685,579157,22060
scheduler_n15_s025_seed2.txt,Scheduler,15,Restricted,20000,false,min,2240,0.25469,na,na,175283,993213,33624
scheduler_n15_s025_seed2.txt,Scheduler,15,Relaxed,500,false,min,2240,0.01356,na,na,17436,68281,2452
scheduler_n15_s025_seed2.txt,Scheduler,15,Relaxed,1000,false,min,2240,0.02595,na,na,30475,128170,4336
scheduler_n15_s025_seed2.txt,Scheduler,15,Relaxed,2000,false,min,2240,0.05537,na,na,53633,244541,6666
scheduler_n15_s025_seed2.txt,Scheduler,15,Relaxed,5000,false,min,2240,0.15700,na,na,111798,570125,14151
scheduler_n15_s025_seed2.txt,Scheduler,15,Relaxed,10000,false,min,2240,0.30047,na,na,180497,972217,27960
scheduler_n15_s025_seed2.txt,Scheduler,15,Relaxed,20000,false,min,2240,0.52785,na,na,270569,1588004,40024
scheduler_n15_s025_seed3.txt,Scheduler,15,Exact,99999,false,min,3154,0.46363,na,na,245761,1720335,51480
scheduler_n15_s025_seed3.txt,Scheduler,15,Restricted,500,false,min,3154,0.00896,na,na,13952,41225,2340
scheduler_n15_s025_seed3.txt,Scheduler,15,Restricted,1000,false,min,3154,0.01795,na,na,24232,79009,4320
scheduler_n15_s025_seed3.txt,Scheduler,15,Restricted,2000,false,min,3154,0.03465,na,na,38717,144959,6556
scheduler_n15_s025_seed3.txt,Scheduler,15,Restricted,5000,false,min,3154,0.07968,na,na,75336,328797,14168
scheduler_n15_s025_seed3.txt,Scheduler,15,Restricted,10000,false,min,3154,0.14834,na,na,117028,576083,22350
scheduler_n15_s025_seed3.txt,Scheduler,15,Restricted,20000,false,min,3154,0.24996,na,na,174426,989281,33660
scheduler_n15_s025_seed3.txt,Scheduler,15,Relaxed,500,false,min,3154,0.01371,na,na,17159,67356,2469
scheduler_n15_s025_seed3.txt,Scheduler,15,Relaxed,1000,false,min,3154,0.02783,na,na,31752,131613,4324
scheduler_n15_s025_seed3.txt,Scheduler,15,Relaxed,2000,false,min,3154,0.05892,na,na,51279,235775,7582
scheduler_n15_s025_seed3.txt,Scheduler,15,Relaxed,5000,false,min,3154,0.15201,na,na,109097,563269,14726
scheduler_n15_s025_seed3.txt,Scheduler,15,Relaxed,10000,false,min,3154,0.29103,na,na,169033,912671,25934
scheduler_n15_s025_seed3.txt,Scheduler,15,Relaxed,20000,false,min,3154,0.56870,na,na,281886,1659867,43276
scheduler_n15_s025_seed4.txt,Scheduler,15,Exact,99999,false,min,1544,0.46369,na,na,245761,1720335,51480
scheduler_n15_s025_seed4.txt,Scheduler,15,Restricted,500,false,min,1544,0.00929,na,na,13937,41257,2424
scheduler_n15_s025_seed4.txt,Scheduler,15,Restricted,1000,false,min,1544,0.01850,na,na,23904,78963,4284
scheduler_n15_s025_seed4.txt,Scheduler,15,Restricted,2000,false,min,1544,0.03534,na,na,39120,146129,6545
scheduler_n15_s025_seed4.txt,Scheduler,15,Restricted,5000,false,min,1544,0.08378,na,na,76009,330221,14201
scheduler_n15_s025_seed4.txt,Scheduler,15,Restricted,10000,false,min,1544,0.15314,na,na,117299,578729,22230
scheduler_n15_s025_seed4.txt,Scheduler,15,Restricted,20000,false,min,1544,0.26634,na,na,175036,992743,33552
scheduler_n15_s025_seed4.txt,Scheduler,15,Relaxed,500,false,min,1544,0.01433,na,na,18086,68847,2440
scheduler_n15_s025_seed4.txt,Scheduler,15,Relaxed,1000,false,min,1544,0.02927,na,na,31676,131815,4300
scheduler_n15_s025_seed4.txt,Scheduler,15,Relaxed,2000,false,min,1544,0.05808,na,na,54259,244323,6561
scheduler_n15_s025_seed4.txt,Scheduler,15,Relaxed,5000,false,min,1544,0.15665,na,na,110198,559101,14206
scheduler_n15_s025_seed4.txt,Scheduler,15,Relaxed,10000,false,min,1544,0.31368,na,na,183460,979125,28161
scheduler_n15_s025_seed4.txt,Scheduler,15,Relaxed,20000,false,min,1544,0.56603,na,na,278539,1658395,40636
scheduler_n15_s025_seed5.txt,Scheduler,15,Exact,99999,false,min,2240,0.47970,na,na,245761,1720335,51480
scheduler_n15_s025_seed5.txt,Scheduler,15,Restricted,500,false,min,2240,0.00924,na,na,14118,41325,2280
scheduler_n15_s025_seed5.txt,Scheduler,15,Restricted,1000,false,min,2240,0.01857,na,na,24363,79351,4392
scheduler_n15_s025_seed5.txt,Scheduler,15,Restricted,2000,false,min,2240,0.03589,na,na,40197,146289,6600
scheduler_n15_s025_seed5.txt,Scheduler,15,Restricted,5000,false,min,2240,0.08614,na,na,77721,332323,14245
scheduler_n15_s025_seed5.txt,Scheduler,15,Restricted,10000,false,min,2240,0.15745,na,na,120048,579165,22490
scheduler_n15_s025_seed5.txt,Scheduler,15,Restricted,20000,false,min,2240,0.26380,na,na,177532,995487,33975
scheduler_n15_s025_seed5.txt,Scheduler,15,Relaxed,500,false,min,2240,0.01322,na,na,17254,67097,2422
scheduler_n15_s025_seed5.txt,Scheduler,15,Relaxed,1000,false,min,2240,0.02741,na,na,28531,122454,4396
scheduler_n15_s025_seed5.txt,Scheduler,15,Relaxed,2000,false,min,2240,0.05424,na,na,50786,231674,7542
scheduler_n15_s025_seed5.txt,Scheduler,15,Relaxed,5000,false,min,2240,0.14474,na,na,106057,520632,16595
scheduler_n15_s025_seed5.txt,Scheduler,15,Relaxed,10000,false,min,2240,0.28644,na,na,166166,885947,26696
scheduler_n15_s025_seed5.txt,Scheduler,15,Relaxed,20000,false,min,2240,0.53332,na,na,255919,1497827,40988
scheduler_n15_s050_seed1.txt,Scheduler,15,Exact,99999,false,min,2009,0.47142,na,na,245761,1720335,51480
scheduler_n15_s050_seed1.txt,Scheduler,15,Restricted,500,false,min,2009,0.00965,na,na,15131,41259,2532
scheduler_n15_s050_seed1.txt,Scheduler,15,Restricted,1000,false,min,2009,0.01983,na,na,26039,79313,4500
scheduler_n15_s050_seed1.txt,Scheduler,15,Restricted,2000,false,min,2009,0.03721,na,na,42141,146017,7073
scheduler_n15_s050_seed1.txt,Scheduler,15,Restricted,5000,false,min,2009,0.08874,na,na,80340,331153,14432
scheduler_n15_s050_seed1.txt,Scheduler,15,Restricted,10000,false,min,2009,0.15318,na,na,122802,578519,23260
scheduler_n15_s050_seed1.txt,Scheduler,15,Restricted,20000,false,min,2009,0.27625,na,na,181193,996801,35334
scheduler_n15_s050_seed1.txt,Scheduler,15,Relaxed,500,false,min,2009,0.01409,na,na,18293,68487,2548
scheduler_n15_s050_seed1.txt,Scheduler,15,Relaxed,1000,false,min,2009,0.02863,na,na,32657,128647,5113
scheduler_n15_s050_seed1.txt,Scheduler,15,Relaxed,2000,false,min,2009,0.05546,na,na,54262,238130,8020
scheduler_n15_s050_seed1.txt,Scheduler,15,Relaxed,5000,false,min,2009,0.16297,na,na,111972,558478,15275
scheduler_n15_s050_seed1.txt,Scheduler,15,Relaxed,10000,false,min,2009,0.28618,na,na,174474,913791,27996
scheduler_n15_s050_seed1.txt,Scheduler,15,Relaxed,20000,false,min,2009,0.56445,na,na,284283,1636013,43942
scheduler_n15_s050_seed2.txt,Scheduler,15,Exact,99999,false,min,2279,0.47339,na,na,245761,1720335,51480
scheduler_n15_s050_seed2.txt,Scheduler,15,Restricted,500,false,min,2279,0.00878,na,na,14473,41251,2544
scheduler_n15_s050_seed2.txt,Scheduler,15,Restricted,1000,false,min,2279,0.01755,na,na,25065,79179,4344
scheduler_n15_s050_seed2.txt,Scheduler,15,Restricted,2000,false,min,2279,0.03455,na,na,40944,146091,6919
scheduler_n15_s050_seed2.txt,Scheduler,15,Restricted,5000,false,min,2279,0.08186,na,na,78447,332233,14245
scheduler_n15_s050_seed2.txt,Scheduler,15,Restricted,10000,false,min,2279,0.14424,na,na,121020,579517,22960
scheduler_n15_s050_seed2.txt,Scheduler,15,Restricted,20000,false,min,2279,0.26043,na,na,178832,995909,34560
scheduler_n15_s050_seed2.txt,Scheduler,15,Relaxed,500,false,min,2279,0.01337,na,na,18291,67899,2686
scheduler_n15_s050_seed2.txt,Scheduler,15,Relaxed,1000,false,min,2279,0.02811,na,na,32270,132280,4360
scheduler_n15_s050_seed2.txt,Scheduler,15,Relaxed,2000,false,min,2279,0.05602,na,na,54951,240717,8016
scheduler_n15_s050_seed2.txt,Scheduler,15,Relaxed,5000,false,min,2279,0.15313,na,na,114075,563437,15273
scheduler_n15_s050_seed2.txt,Scheduler,15,Relaxed,10000,false,min,2279,0.27436,na,na,169676,896167,26869
scheduler_n15_s050_seed2.txt,Scheduler,15,Relaxed,20000,false,min,2279,0.51537,na,na,268987,1551885,42431
scheduler_n15_s050_seed3.txt,Scheduler,15,Exact,99999,false,min,3086,0.50135,na,na,245761,1720335,51480
scheduler_n15_s050_seed3.txt,Scheduler,15,Restricted,500,false,min,3086,0.00975,na,na,15630,41223,2448
scheduler_n15_s050_seed3.txt,Scheduler,15,Restricted,1000,false,min,3086,0.01923,na,na,26699,78937,4476
scheduler_n15_s050_seed3.txt,Scheduler,15,Restricted,2000,false,min,3086,0.03558,na,na,42510,145263,7194
scheduler_n15_s050_seed3.txt,Scheduler,15,Restricted,5000,false,min,3086,0.08366,na,na,79731,327633,14443
scheduler_n15_s050_seed3.txt,Scheduler,15,Restricted,10000,false,min,3086,0.15067,na,na,122598,576365,23340
scheduler_n15_s050_seed3.txt,Scheduler,15,Restricted,20000,false,min,3086,0.26315,na,na,178832,988391,34983
scheduler_n15_s050_seed3.txt,Scheduler,15,Relaxed,500,false,min,3086,0.01448,na,na,18960,69071,2491
scheduler_n15_s050_seed3.txt,Scheduler,15,Relaxed,1000,false,min,3086,0.02961,na,na,34014,136199,4480
scheduler_n15_s050_seed3.txt,Scheduler,15,Relaxed,2000,false,min,3086,0.05480,na,na,55707,239654,8250
scheduler_n15_s050_seed3.txt,Scheduler,15,Relaxed,5000,false,min,3086,0.15811,na,na,115035,566709,15867
scheduler_n15_s050_seed3.txt,Scheduler,15,Relaxed,10000,false,min,3086,0.28662,na,na,178516,929083,28033
scheduler_n15_s050_seed3.txt,Scheduler,15,Relaxed,20000,false,min,3086,0.53517,na,na,277234,1591560,43132
scheduler_n15_s050_seed4.txt,Scheduler,15,Exact,99999,false,min,1694,0.47349,na,na,245761,1720335,51480
scheduler_n15_s050_seed4.txt,Scheduler,15,Restricted,500,false,min,1694,0.00949,na,na,14512,41225,2532
scheduler_n15_s050_seed4.txt,Scheduler,15,Restricted,1000,false,min,1694,0.01873,na,na,24547,78965,4368
scheduler_n15_s050_seed4.txt,Scheduler,15,Restricted,2000,false,min,1694,0.03611,na,na,40048,145901,6930
scheduler_n15_s050_seed4.txt,Scheduler,15,Restricted,5000,false,min,1694,0.08476,na,na,77373,330537,14234
scheduler_n15_s050_seed4.txt,Scheduler,15,Restricted,10000,false,min,1694,0.15040,na,na,119492,578833,22890
scheduler_n15_s050_seed4.txt,Scheduler,15,Restricted,20000,false,min,1694,0.25723,na,na,176441,992519,34155
scheduler_n15_s050_seed4.txt,Scheduler,15,Relaxed,500,false,min,1694,0.01522,na,na,19172,70164,2536
scheduler_n15_s050_seed4.txt,Scheduler,15,Relaxed,1000,false,min,1694,0.02960,na,na,32211,132048,4384
scheduler_n15_s050_seed4.txt,Scheduler,15,Relaxed,2000,false,min,1694,0.06320,na,na,56343,245897,6946
scheduler_n15_s050_seed4.txt,Scheduler,15,Relaxed,5000,false,min,1694,0.16645,na,na,114878,567113,15257
scheduler_n15_s050_seed4.txt,Scheduler,15,Relaxed,10000,false,min,1694,0.31366,na,na,186651,981270,28600
scheduler_n15_s050_seed4.txt,Scheduler,15,Relaxed,20000,false,min,1694,0.55840,na,na,280971,1659865,41458
scheduler_n15_s050_seed5.txt,Scheduler,15,Exact,99999,false,min,2274,0.48358,na,na,245761,1720335,51480
scheduler_n15_s050_seed5.txt,Scheduler,15,Restricted,500,false,min,2274,0.00927,na,na,14588,41259,2460
scheduler_n15_s050_seed5.txt,Scheduler,15,Restricted,1000,false,min,2274,0.01863,na,na,24934,79217,4416
scheduler_n15_s050_seed5.txt,Scheduler,15,Restricted,2000,false,min,2274,0.03612,na,na,41333,146259,6864
scheduler_n15_s050_seed5.txt,Scheduler,15,Restricted,5000,false,min,2274,0.08598,na,na,79189,332387,14278
scheduler_n15_s050_seed5.txt,Scheduler,15,Restricted,10000,false,min,2274,0.15181,na,na,121283,579507,22800
scheduler_n15_s050_seed5.txt,Scheduler,15,Restricted,20000,false,min,2274,0.27017,na,na,179410,997313,34632
scheduler_n15_s050_seed5.txt,Scheduler,15,Relaxed,500,false,min,2274,0.01419,na,na,18060,67753,2579
scheduler_n15_s050_seed5.txt,Scheduler,15,Relaxed,1000,false,min,2274,0.02874,na,na,32239,134296,4432
scheduler_n15_s050_seed5.txt,Scheduler,15,Relaxed,2000,false,min,2274,0.05929,na,na,53449,236245,8005
scheduler_n15_s050_seed5.txt,Scheduler,15,Relaxed,5000,false,min,2274,0.15597,na,na,112489,538874,17254
scheduler_n15_s050_seed5.txt,Scheduler,15,Relaxed,10000,false,min,2274,0.27925,na,na,169758,896614,27868
scheduler_n15_s050_seed5.txt,Scheduler,15,Relaxed,20000,false,min,2274,0.54855,na,na,269568,1557288,42420
scheduler_n15_s100_seed1.txt,Scheduler,15,Exact,99999,false,min,2401,0.47488,na,na,245761,1720335,51480
scheduler_n15_s100_seed1.txt,Scheduler,15,Restricted,500,false,min,2401,0.00998,na,na,16244,41371,2880
scheduler_n15_s100_seed1.txt,Scheduler,15,Restricted,1000,false,min,2401,0.01974,na,na,27333,79335,4680
scheduler_n15_s100_seed1.txt,Scheduler,15,Restricted,2000,false,min,2401,0.03808,na,na,44676,146579,7722
scheduler_n15_s100_seed1.txt,Scheduler,15,Restricted,5000,false,min,2401,0.09157,na,na,84515,332063,14586
scheduler_n15_s100_seed1.txt,Scheduler,15,Restricted,10000,false,min,2401,0.16610,na,na,128594,580981,24250
scheduler_n15_s100_seed1.txt,Scheduler,15,Restricted,20000,false,min,2401,0.26668,na,na,186735,1001973,36648
scheduler_n15_s100_seed1.txt,Scheduler,15,Relaxed,500,false,min,2401,0.01459,na,na,19356,68347,2884
scheduler_n15_s100_seed1.txt,Scheduler,15,Relaxed,1000,false,min,2401,0.02830,na,na,30460,122608,4696
scheduler_n15_s100_seed1.txt,Scheduler,15,Relaxed,2000,false,min,2401,0.06097,na,na,57530,238620,8759
scheduler_n15_s100_seed1.txt,Scheduler,15,Relaxed,5000,false,min,2401,0.14573,na,na,105188,501407,15485
scheduler_n15_s100_seed1.txt,Scheduler,15,Relaxed,10000,false,min,2401,0.28792,na,na,177073,896373,29077
scheduler_n15_s100_seed1.txt,Scheduler,15,Relaxed,20000,false,min,2401,0.55429,na,na,267203,1513942,43066
scheduler_n15_s100_seed2.txt,Scheduler,15,Exact,99999,false,min,2783,0.48480,na,na,245761,1720335,51480
scheduler_n15_s100_seed2.txt,Scheduler,15,Restricted,500,false,min,2783,0.00924,na,na,15681,41249,2640
scheduler_n15_s100_seed2.txt,Scheduler,15,Restricted,1000,false,min,2783,0.01844,na,na,26198,79265,4524
scheduler_n15_s100_seed2.txt,Scheduler,15,Restricted,2000,false,min,2783,0.03553,na,na,42385,146251,7227
scheduler_n15_s100_seed2.txt,Scheduler,15,Restricted,5000,false,min,2783,0.08401,na,na,80308,332367,14454
scheduler_n15_s100_seed2.txt,Scheduler,15,Restricted,10000,false,min,2783,0.14842,na,na,122925,579801,23220
scheduler_n15_s100_seed2.txt,Scheduler,15,Restricted,20000,false,min,2783,0.25152,na,na,180126,997801,34875
scheduler_n15_s100_seed2.txt,Scheduler,15,Relaxed,500,false,min,2783,0.01429,na,na,19460,68730,2776
scheduler_n15_s100_seed2.txt,Scheduler,15,Relaxed,1000,false,min,2783,0.02861,na,na,34461,133958,4582
scheduler_n15_s100_seed2.txt,Scheduler,15,Relaxed,2000,false,min,2783,0.05424,na,na,54806,236670,8331
scheduler_n15_s100_seed2.txt,Scheduler,15,Relaxed,5000,false,min,2783,0.14608,na,na,108013,516689,17842
scheduler_n15_s100_seed2.txt,Scheduler,15,Relaxed,10000,false,min,2783,0.27639,na,na,166719,875141,27477
scheduler_n15_s100_seed2.txt,Scheduler,15,Relaxed,20000,false,min,2783,0.55633,na,na,271076,1557020,43212
scheduler_n15_s100_seed3.txt,Scheduler,15,Exact,99999,false,min,3654,0.49966,na,na,245761,1720335,51480
scheduler_n15_s100_seed3.txt,Scheduler,15,Restricted,500,false,min,3701,0.01000,na,na,16990,41281,2856
scheduler_n15_s100_seed3.txt,Scheduler,15,Restricted,1000,false,min,3654,0.01998,na,na,28177,79199,4716
scheduler_n15_s100_seed3.txt,Scheduler,15,Restricted,2000,false,min,3654,0.03789,na,na,44867,146105,7777
scheduler_n15_s100_seed3.txt,Scheduler,15,Restricted,5000,false,min,3654,0.08873,na,na,83599,331687,14586
scheduler_n15_s100_seed3.txt,Scheduler,15,Restricted,10000,false,min,3654,0.15683,na,na,126402,579011,23910
scheduler_n15_s100_seed3.txt,Scheduler,15,Restricted,20000,false,min,3654,0.26155,na,na,183450,997255,36054
scheduler_n15_s100_seed3.txt,Scheduler,15,Relaxed,500,false,min,3701,0.01444,na,na,20089,69052,2872
scheduler_n15_s100_seed3.txt,Scheduler,15,Relaxed,1000,false,min,3654,0.02692,na,na,31255,122907,4732
scheduler_n15_s100_seed3.txt,Scheduler,15,Relaxed,2000,false,min,3654,0.06020,na,na,56085,235173,8171
scheduler_n15_s100_seed3.txt,Scheduler,15,Relaxed,5000,false,min,3654,0.14717,na,na,108475,509368,18095
scheduler_n15_s100_seed3.txt,Scheduler,15,Relaxed,10000,false,min,3654,0.28080,na,na,170484,877971,27749
scheduler_n15_s100_seed3.txt,Scheduler,15,Relaxed,20000,false,min,3654,0.50389,na,na,263508,1506221,42650
scheduler_n15_s100_seed4.txt,Scheduler,15,Exact,99999,false,min,1824,0.47097,na,na,245761,1720335,51480
scheduler_n15_s100_seed4.txt,Scheduler,15,Restricted,500,false,min,1824,0.01003,na,na,15772,41233,2760
scheduler_n15_s100_seed4.txt,Scheduler,15,Restricted,1000,false,min,1824,0.02006,na,na,26461,79131,4548
scheduler_n15_s100_seed4.txt,Scheduler,15,Restricted,2000,false,min,1824,0.03925,na,na,42489,145943,7238
scheduler_n15_s100_seed4.txt,Scheduler,15,Restricted,5000,false,min,1824,0.08710,na,na,80194,331223,14388
scheduler_n15_s100_seed4.txt,Scheduler,15,Restricted,10000,false,min,1824,0.15644,na,na,122637,578935,23290
scheduler_n15_s100_seed4.txt,Scheduler,15,Restricted,20000,false,min,1824,0.26803,na,na,179453,994849,34902
scheduler_n15_s100_seed4.txt,Scheduler,15,Relaxed,500,false,min,1824,0.01546,na,na,20865,70750,2776
scheduler_n15_s100_seed4.txt,Scheduler,15,Relaxed,1000,false,min,1824,0.03145,na,na,35225,133559,4564
scheduler_n15_s100_seed4.txt,Scheduler,15,Relaxed,2000,false,min,1824,0.06441,na,na,59571,250129,8599
scheduler_n15_s100_seed4.txt,Scheduler,15,Relaxed,5000,false,min,1824,0.16945,na,na,118320,567291,15635
scheduler_n15_s100_seed4.txt,Scheduler,15,Relaxed,10000,false,min,1824,0.30352,na,na,183251,946827,28667
scheduler_n15_s100_seed4.txt,Scheduler,15,Relaxed,20000,false,min,1824,0.59164,na,na,282716,1624991,44118
scheduler_n15_s100_seed5.txt,Scheduler,15,Exact,99999,false,min,2436,0.46481,na,na,245761,1720335,51480
scheduler_n15_s100_seed5.txt,Scheduler,15,Restricted,500,false,min,2436,0.00980,na,na,16050,41271,2760
scheduler_n15_s100_seed5.txt,Scheduler,15,Restricted,1000,false,min,2436,0.01958,na,na,27457,79159,4668
scheduler_n15_s100_seed5.txt,Scheduler,15,Restricted,2000,false,min,2436,0.03744,na,na,44096,146163,7480
scheduler_n15_s100_seed5.txt,Scheduler,15,Restricted,5000,false,min,2436,0.08821,na,na,82855,331449,14586
scheduler_n15_s100_seed5.txt,Scheduler,15,Restricted,10000,false,min,2436,0.15384,na,na,125731,579189,23720
scheduler_n15_s100_seed5.txt,Scheduler,15,Restricted,20000,false,min,2436,0.25999,na,na,182614,996011,35820
scheduler_n15_s100_seed5.txt,Scheduler,15,Relaxed,500,false,min,2436,0.01434,na,na,19662,68382,2776
scheduler_n15_s100_seed5.txt,Scheduler,15,Relaxed,1000,false,min,2436,0.02926,na,na,36062,132594,5175
scheduler_n15_s100_seed5.txt,Scheduler,15,Relaxed,2000,false,min,2436,0.05706,na,na,58284,241139,8993
scheduler_n15_s100_seed5.txt,Scheduler,15,Relaxed,5000,false,min,2436,0.17118,na,na,120821,571155,17404
scheduler_n15_s100_seed5.txt,Scheduler,15,Relaxed,10000,false,min,2436,0.29296,na,na,178970,912089,29558
scheduler_n15_s100_seed5.txt,Scheduler,15,Relaxed,20000,false,min,2436,0.57007,na,na,287913,1631505,46152
scheduler_n20_s025_seed1.txt,Scheduler,20,Restricted,500,false,min,3147,0.02227,na,na,30139,82982,3604
scheduler_n20_s025_seed1.txt,Scheduler,20,Restricted,1000,false,min,3147,0.04541,na,na,52231,158538,6681
scheduler_n20_s025_seed1.txt,Scheduler,20,Restricted,2000,false,min,3147,0.09556,na,na,92316,308230,12563
scheduler_n20_s025_seed1.txt,Scheduler,20,Restricted,5000,false,min,3147,0.24440,na,na,192128,727758,24160
scheduler_n20_s025_seed1.txt,Scheduler,20,Restricted,10000,false,min,3147,0.50448,na,na,332674,1377602,45152
scheduler_n20_s025_seed1.txt,Scheduler,20,Relaxed,500,false,min,3147,0.03631,na,na,39310,153929,4023
scheduler_n20_s025_seed1.txt,Scheduler,20,Restricted,20000,false,min,3147,1.13391,na,na,581595,2658562,77520
scheduler_n20_s025_seed1.txt,Scheduler,20,Relaxed,1000,false,min,3147,0.07006,na,na,62265,272166,6702
scheduler_n20_s025_seed1.txt,Scheduler,20,Relaxed,2000,false,min,3147,0.15609,na,na,118208,552113,12584
scheduler_n20_s025_seed1.txt,Scheduler,20,Relaxed,5000,false,min,3147,0.41056,na,na,242069,1241638,28616
scheduler_n20_s025_seed1.txt,Scheduler,20,Relaxed,10000,false,min,3147,0.94001,na,na,445533,2447288,48305
scheduler_n20_s025_seed1.txt,Scheduler,20,Relaxed,20000,false,min,3147,2.06493,na,na,790763,4638326,91299
scheduler_n20_s025_seed2.txt,Scheduler,20,Restricted,500,false,min,3620,0.02160,na,na,29835,82996,3570
scheduler_n20_s025_seed2.txt,Scheduler,20,Restricted,1000,false,min,3608,0.04379,na,na,52438,158316,6919
scheduler_n20_s025_seed2.txt,Scheduler,20,Restricted,2000,false,min,3608,0.09299,na,na,92828,308004,12512
scheduler_n20_s025_seed2.txt,Scheduler,20,Restricted,5000,false,min,3608,0.25241,na,na,193415,728314,24400
scheduler_n20_s025_seed2.txt,Scheduler,20,Restricted,10000,false,min,3608,0.52905,na,na,334468,1380200,45264
scheduler_n20_s025_seed2.txt,Scheduler,20,Relaxed,500,false,min,3620,0.03641,na,na,37757,150837,3841
scheduler_n20_s025_seed2.txt,Scheduler,20,Restricted,20000,false,min,3608,1.18504,na,na,585544,2664324,77520
scheduler_n20_s025_seed2.txt,Scheduler,20,Relaxed,1000,false,min,3608,0.07318,na,na,66036,284705,6940
scheduler_n20_s025_seed2.txt,Scheduler,20,Relaxed,2000,false,min,3608,0.15581,na,na,117668,547546,12533
scheduler_n20_s025_seed2.txt,Scheduler,20,Relaxed,5000,false,min,3608,0.40747,na,na,234926,1205765,27889
scheduler_n20_s025_seed2.txt,Scheduler,20,Relaxed,10000,false,min,3608,0.94277,na,na,436181,2419001,45285
scheduler_n20_s025_seed2.txt,Scheduler,20,Relaxed,20000,false,min,3608,2.16027,na,na,790909,4647974,89425
scheduler_n20_s025_seed3.txt,Scheduler,20,Restricted,500,false,min,5510,0.02392,na,na,32229,83042,3502
scheduler_n20_s025_seed3.txt,Scheduler,20,Restricted,1000,false,min,5497,0.04844,na,na,55447,158404,6630
scheduler_n20_s025_seed3.txt,Scheduler,20,Restricted,2000,false,min,5497,0.10108,na,na,96229,307662,12954
scheduler_n20_s025_seed3.txt,Scheduler,20,Restricted,5000,false,min,5497,0.27377,na,na,201474,727744,24608
scheduler_n20_s025_seed3.txt,Scheduler,20,Restricted,10000,false,min,5497,0.56573,na,na,349985,1383690,44528
scheduler_n20_s025_seed3.txt,Scheduler,20,Relaxed,500,false,min,5510,0.03793,na,na,40217,153149,3763
scheduler_n20_s025_seed3.txt,Scheduler,20,Restricted,20000,false,min,5497,1.21802,na,na,609856,2667086,77520
scheduler_n20_s025_seed3.txt,Scheduler,20,Relaxed,1000,false,min,5497,0.07521,na,na,65129,272727,6634
scheduler_n20_s025_seed3.txt,Scheduler,20,Relaxed,2000,false,min,5497,0.15678,na,na,114460,526648,12958
scheduler_n20_s025_seed1.txt,Scheduler,20,Exact,99999,false,min,3147,51.49253,na,na,10485761,99614740,1847560
scheduler_n20_s025_seed3.txt,Scheduler,20,Relaxed,5000,false,min,5497,0.42015,na,na,237855,1194485,27897
scheduler_n20_s025_seed3.txt,Scheduler,20,Relaxed,10000,false,min,5497,0.88332,na,na,418445,2284791,44533
scheduler_n20_s025_seed3.txt,Scheduler,20,Relaxed,20000,false,min,5497,1.97553,na,na,739889,4305390,87434
scheduler_n20_s025_seed4.txt,Scheduler,20,Restricted,500,false,min,3320,0.02219,na,na,29417,83028,3757
scheduler_n20_s025_seed4.txt,Scheduler,20,Restricted,1000,false,min,3320,0.04534,na,na,50657,158432,6647
scheduler_n20_s025_seed4.txt,Scheduler,20,Restricted,2000,false,min,3320,0.09609,na,na,89988,308206,12478
scheduler_n20_s025_seed4.txt,Scheduler,20,Restricted,5000,false,min,3320,0.25118,na,na,187722,729654,24048
scheduler_n20_s025_seed4.txt,Scheduler,20,Restricted,10000,false,min,3320,0.53141,na,na,327925,1386992,44992
scheduler_n20_s025_seed4.txt,Scheduler,20,Relaxed,500,false,min,3369,0.04624,na,na,48123,191604,3778
scheduler_n20_s025_seed4.txt,Scheduler,20,Restricted,20000,false,min,3320,1.14411,na,na,578526,2676596,77520
scheduler_n20_s025_seed4.txt,Scheduler,20,Relaxed,1000,false,min,3320,0.08908,na,na,75636,324742,6668
scheduler_n20_s025_seed2.txt,Scheduler,20,Exact,99999,false,min,3608,52.01683,na,na,10485761,99614740,1847560
scheduler_n20_s025_seed4.txt,Scheduler,20,Relaxed,2000,false,min,3320,0.17659,na,na,123465,571665,12499
scheduler_n20_s025_seed4.txt,Scheduler,20,Relaxed,5000,false,min,3320,0.46770,na,na,253461,1287756,24069
scheduler_n20_s025_seed4.txt,Scheduler,20,Relaxed,10000,false,min,3320,0.99746,na,na,447241,2411462,45013
scheduler_n20_s025_seed4.txt,Scheduler,20,Relaxed,20000,false,min,3320,2.20685,na,na,809646,4692563,77521
scheduler_n20_s025_seed5.txt,Scheduler,20,Restricted,500,false,min,2649,0.02286,na,na,30105,82976,3553
scheduler_n20_s025_seed5.txt,Scheduler,20,Restricted,1000,false,min,2649,0.04723,na,na,52388,158292,6715
scheduler_n20_s025_seed5.txt,Scheduler,20,Restricted,2000,false,min,2649,0.09856,na,na,91529,307546,12495
scheduler_n20_s025_seed5.txt,Scheduler,20,Restricted,5000,false,min,2649,0.25882,na,na,190374,725094,24128
scheduler_n20_s025_seed5.txt,Scheduler,20,Restricted,10000,false,min,2649,0.55124,na,na,328908,1375544,44752
scheduler_n20_s025_seed5.txt,Scheduler,20,Relaxed,500,false,min,2649,0.03995,na,na,40960,156400,3557
scheduler_n20_s025_seed5.txt,Scheduler,20,Restricted,20000,false,min,2649,1.17957,na,na,580130,2662800,77520
scheduler_n20_s025_seed3.txt,Scheduler,20,Exact,99999,false,min,5497,52.69560,na,na,10485761,99614740,1847560
scheduler_n20_s025_seed5.txt,Scheduler,20,Relaxed,1000,false,min,2649,0.07903,na,na,68405,284496,6736
scheduler_n20_s025_seed5.txt,Scheduler,20,Relaxed,2000,false,min,2649,0.17240,na,na,120177,552480,12516
scheduler_n20_s025_seed5.txt,Scheduler,20,Relaxed,5000,false,min,2649,0.47106,na,na,255258,1307028,24149
scheduler_n20_s025_seed5.txt,Scheduler,20,Relaxed,10000,false,min,2649,1.02748,na,na,456358,2470719,44773
scheduler_n20_s025_seed5.txt,Scheduler,20,Relaxed,20000,false,min,2649,2.30746,na,na,822991,4772962,82762
scheduler_n20_s050_seed1.txt,Scheduler,20,Restricted,500,false,min,3154,0.02420,na,na,33028,83026,3961
scheduler_n20_s050_seed1.txt,Scheduler,20,Restricted,1000,false,min,3134,0.04974,na,na,56685,158596,7123
scheduler_n20_s050_seed1.txt,Scheduler,20,Restricted,2000,false,min,3134,0.10547,na,na,100104,308334,13107
scheduler_n20_s050_seed1.txt,Scheduler,20,Restricted,5000,false,min,3118,0.27979,na,na,206318,728160,25776
scheduler_n20_s050_seed1.txt,Scheduler,20,Restricted,10000,false,min,3118,0.56526,na,na,352539,1378486,47040
scheduler_n20_s050_seed1.txt,Scheduler,20,Relaxed,500,false,min,3154,0.03817,na,na,38427,146486,3982
scheduler_n20_s050_seed1.txt,Scheduler,20,Restricted,20000,false,min,3118,1.22109,na,na,608810,2659074,78660
scheduler_n20_s050_seed1.txt,Scheduler,20,Relaxed,1000,false,min,3134,0.07584,na,na,66761,272532,7699
scheduler_n20_s025_seed4.txt,Scheduler,20,Exact,99999,false,min,3320,52.92881,na,na,10485761,99614740,1847560
scheduler_n20_s050_seed1.txt,Scheduler,20,Relaxed,2000,false,min,3134,0.16830,na,na,119834,535705,13128
scheduler_n20_s050_seed1.txt,Scheduler,20,Relaxed,5000,false,min,3118,0.44080,na,na,240919,1200911,27323
scheduler_n20_s050_seed1.txt,Scheduler,20,Relaxed,10000,false,min,3118,0.99388,na,na,458076,2449826,48719
scheduler_n20_s050_seed1.txt,Scheduler,20,Relaxed,20000,false,min,3118,2.17582,na,na,806813,4638807,89277
scheduler_n20_s050_seed2.txt,Scheduler,20,Restricted,500,false,min,4046,0.02274,na,na,31306,83042,3791
scheduler_n20_s050_seed2.txt,Scheduler,20,Restricted,1000,false,min,4042,0.04567,na,na,54504,158542,7089
scheduler_n20_s050_seed2.txt,Scheduler,20,Restricted,2000,false,min,4042,0.09897,na,na,96410,307996,12937
scheduler_n20_s050_seed2.txt,Scheduler,20,Restricted,5000,false,min,3996,0.25899,na,na,200729,728986,25360
scheduler_n20_s050_seed2.txt,Scheduler,20,Restricted,10000,false,min,3996,0.59699,na,na,346104,1380874,46752
scheduler_n20_s050_seed2.txt,Scheduler,20,Relaxed,500,false,min,4046,0.03637,na,na,37929,146014,3879
scheduler_n20_s050_seed2.txt,Scheduler,20,Restricted,20000,false,min,3996,1.30458,na,na,605194,2668174,77520
scheduler_n20_s025_seed5.txt,Scheduler,20,Exact,99999,false,min,2649,52.74112,na,na,10485761,99614740,1847560
scheduler_n20_s050_seed2.txt,Scheduler,20,Relaxed,1000,false,min,4042,0.07572,na,na,66085,272334,7529
scheduler_n20_s050_seed2.txt,Scheduler,20,Relaxed,2000,false,min,4042,0.16837,na,na,117306,532879,12958
scheduler_n20_s050_seed2.txt,Scheduler,20,Relaxed,5000,false,min,3996,0.44971,na,na,240822,1202801,29426
scheduler_n20_s050_seed2.txt,Scheduler,20,Relaxed,10000,false,min,3996,1.01554,na,na,436425,2372826,47761
scheduler_n20_s050_seed2.txt,Scheduler,20,Relaxed,20000,false,min,3996,2.22468,na,na,786879,4534123,90344
scheduler_n20_s050_seed3.txt,Scheduler,20,Restricted,500,false,min,5701,0.02501,na,na,35738,82972,4029
scheduler_n20_s050_seed3.txt,Scheduler,20,Restricted,1000,false,min,5701,0.05165,na,na,61298,158462,7242
scheduler_n20_s050_seed3.txt,Scheduler,20,Restricted,2000,false,min,5682,0.10865,na,na,106438,308040,13549
scheduler_n20_s050_seed3.txt,Scheduler,20,Restricted,5000,false,min,5673,0.30778,na,na,220163,728574,26800
scheduler_n20_s050_seed3.txt,Scheduler,20,Restricted,10000,false,min,5673,0.65286,na,na,381016,1385340,47056
scheduler_n20_s050_seed3.txt,Scheduler,20,Relaxed,500,false,min,5701,0.03926,na,na,42187,148655,4140
scheduler_n20_s050_seed3.txt,Scheduler,20,Restricted,20000,false,min,5630,1.35889,na,na,658982,2670184,79890
scheduler_n20_s050_seed3.txt,Scheduler,20,Relaxed,1000,false,min,5701,0.08184,na,na,71905,274507,8093
scheduler_n20_s050_seed1.txt,Scheduler,20,Exact,99999,false,min,3118,53.42981,na,na,10485761,99614740,1847560
scheduler_n20_s050_seed3.txt,Scheduler,20,Relaxed,2000,false,min,5682,0.17316,na,na,127138,539016,13570
scheduler_n20_s050_seed3.txt,Scheduler,20,Relaxed,5000,false,min,5673,0.45492,na,na,261949,1217153,31012
scheduler_n20_s050_seed3.txt,Scheduler,20,Relaxed,10000,false,min,5673,1.08489,na,na,489789,2463149,52305
scheduler_n20_s050_seed3.txt,Scheduler,20,Relaxed,20000,false,min,5630,2.30532,na,na,828479,4511615,95947
scheduler_n20_s050_seed4.txt,Scheduler,20,Restricted,500,false,min,3473,0.02354,na,na,32278,83078,4097
scheduler_n20_s050_seed4.txt,Scheduler,20,Restricted,1000,false,min,3473,0.04812,na,na,55379,158628,7242
scheduler_n20_s050_seed4.txt,Scheduler,20,Restricted,2000,false,min,3473,0.10175,na,na,97787,308556,13073
scheduler_n20_s050_seed4.txt,Scheduler,20,Restricted,5000,false,min,3473,0.26363,na,na,200490,729338,26064
scheduler_n20_s050_seed4.txt,Scheduler,20,Restricted,10000,false,min,3473,0.56733,na,na,345597,1385832,47024
scheduler_n20_s050_seed4.txt,Scheduler,20,Relaxed,500,false,min,3486,0.04337,na,na,45311,165393,4118
scheduler_n20_s050_seed4.txt,Scheduler,20,Restricted,20000,false,min,3473,1.22094,na,na,601959,2675034,78015
scheduler_n20_s050_seed4.txt,Scheduler,20,Relaxed,1000,false,min,3473,0.08363,na,na,72830,288889,7263
scheduler_n20_s050_seed2.txt,Scheduler,20,Exact,99999,false,min,3996,53.42570,na,na,10485761,99614740,1847560
scheduler_n20_s050_seed4.txt,Scheduler,20,Relaxed,2000,false,min,3473,0.17385,na,na,124336,542696,13094
scheduler_n20_s050_seed4.txt,Scheduler,20,Relaxed,5000,false,min,3473,0.46713,na,na,258498,1252388,26069
scheduler_n20_s050_seed4.txt,Scheduler,20,Relaxed,10000,false,min,3473,1.04637,na,na,459203,2397776,47029
scheduler_n20_s050_seed4.txt,Scheduler,20,Relaxed,20000,false,min,3473,2.32178,na,na,839063,4696340,79396
scheduler_n20_s050_seed5.txt,Scheduler,20,Restricted,500,false,min,2934,0.02376,na,na,31454,83078,3774
scheduler_n20_s050_seed5.txt,Scheduler,20,Restricted,1000,false,min,2934,0.04923,na,na,54223,158444,7225
scheduler_n20_s050_seed5.txt,Scheduler,20,Restricted,2000,false,min,2934,0.10460,na,na,96176,307822,12665
scheduler_n20_s050_seed5.txt,Scheduler,20,Restricted,5000,false,min,2934,0.26956,na,na,198776,727470,25632
scheduler_n20_s050_seed5.txt,Scheduler,20,Restricted,10000,false,min,2934,0.57698,na,na,344244,1377674,46752
scheduler_n20_s050_seed5.txt,Scheduler,20,Relaxed,500,false,min,2934,0.03707,na,na,38821,149670,3834
scheduler_n20_s050_seed5.txt,Scheduler,20,Restricted,20000,false,min,2934,1.26768,na,na,600125,2663214,77520
scheduler_n20_s050_seed5.txt,Scheduler,20,Relaxed,1000,false,min,2934,0.07711,na,na,66906,276049,7703
scheduler_n20_s050_seed3.txt,Scheduler,20,Exact,99999,false,min,5630,53.60308,na,na,10485761,99614740,1847560
scheduler_n20_s050_seed5.txt,Scheduler,20,Relaxed,2000,false,min,2934,0.17558,na,na,122929,552603,12856
scheduler_n20_s050_seed5.txt,Scheduler,20,Relaxed,5000,false,min,2934,0.48731,na,na,264508,1304949,25653
scheduler_n20_s050_seed5.txt,Scheduler,20,Relaxed,10000,false,min,2934,1.01361,na,na,461446,2455785,47807
scheduler_n20_s050_seed5.txt,Scheduler,20,Relaxed,20000,false,min,2934,2.27543,na,na,812668,4649995,90290
scheduler_n20_s100_seed1.txt,Scheduler,20,Restricted,500,false,min,3256,0.02578,na,na,36627,83008,4539
scheduler_n20_s100_seed1.txt,Scheduler,20,Restricted,1000,false,min,3256,0.05323,na,na,64284,158514,8109
scheduler_n20_s100_seed1.txt,Scheduler,20,Restricted,2000,false,min,3256,0.11349,na,na,112822,308084,13804
scheduler_n20_s100_seed1.txt,Scheduler,20,Restricted,5000,false,min,3256,0.30101,na,na,227977,727776,28880
scheduler_n20_s100_seed1.txt,Scheduler,20,Restricted,10000,false,min,3256,0.63217,na,na,388313,1376612,51152
scheduler_n20_s100_seed1.txt,Scheduler,20,Relaxed,500,false,min,3256,0.03772,na,na,42173,147218,4543
scheduler_n20_s100_seed1.txt,Scheduler,20,Restricted,20000,false,min,3256,1.34734,na,na,664481,2659146,87495
scheduler_n20_s050_seed4.txt,Scheduler,20,Exact,99999,false,min,3473,52.70036,na,na,10485761,99614740,1847560
scheduler_n20_s100_seed1.txt,Scheduler,20,Relaxed,1000,false,min,3256,0.08221,na,na,76082,277734,8627
scheduler_n20_s100_seed1.txt,Scheduler,20,Relaxed,2000,false,min,3256,0.17795,na,na,135288,544249,14914
scheduler_n20_s100_seed1.txt,Scheduler,20,Relaxed,5000,false,min,3256,0.46931,na,na,270880,1222386,32621
scheduler_n20_s100_seed1.txt,Scheduler,20,Relaxed,10000,false,min,3256,1.07735,na,na,502402,2469719,56881
scheduler_n20_s100_seed1.txt,Scheduler,20,Relaxed,20000,false,min,3256,2.20445,na,na,835380,4468022,100928
scheduler_n20_s100_seed2.txt,Scheduler,20,Restricted,500,false,min,4132,0.02497,na,na,36442,82978,4505
scheduler_n20_s100_seed2.txt,Scheduler,20,Restricted,1000,false,min,4132,0.05239,na,na,63314,158230,8279
scheduler_n20_s100_seed2.txt,Scheduler,20,Restricted,2000,false,min,4110,0.11054,na,na,111485,308086,13940
scheduler_n20_s100_seed2.txt,Scheduler,20,Restricted,5000,false,min,4110,0.29781,na,na,229528,728736,28976
scheduler_n20_s100_seed2.txt,Scheduler,20,Restricted,10000,false,min,4110,0.62329,na,na,391846,1382660,50656
scheduler_n20_s100_seed2.txt,Scheduler,20,Relaxed,500,false,min,4132,0.03899,na,na,42436,146791,4509
scheduler_n20_s100_seed2.txt,Scheduler,20,Restricted,20000,false,min,4110,1.37010,na,na,669593,2664330,87645
scheduler_n20_s050_seed5.txt,Scheduler,20,Exact,99999,false,min,2934,52.86262,na,na,10485761,99614740,1847560
scheduler_n20_s100_seed2.txt,Scheduler,20,Relaxed,1000,false,min,4132,0.08220,na,na,77464,287321,8300
scheduler_n20_s100_seed2.txt,Scheduler,20,Relaxed,2000,false,min,4110,0.18264,na,na,136666,551854,14624
scheduler_n20_s100_seed2.txt,Scheduler,20,Relaxed,5000,false,min,4110,0.47136,na,na,272231,1227245,32059
scheduler_n20_s100_seed2.txt,Scheduler,20,Relaxed,10000,false,min,4110,1.06592,na,na,488399,2412452,54056
scheduler_n20_s100_seed2.txt,Scheduler,20,Relaxed,20000,false,min,4110,2.22433,na,na,840211,4491370,100550
scheduler_n20_s100_seed3.txt,Scheduler,20,Restricted,500,false,min,5863,0.02661,na,na,40264,83098,4692
scheduler_n20_s100_seed3.txt,Scheduler,20,Restricted,1000,false,min,5863,0.05574,na,na,69363,158544,8228
scheduler_n20_s100_seed3.txt,Scheduler,20,Restricted,2000,false,min,5863,0.11744,na,na,121180,309188,14467
scheduler_n20_s100_seed3.txt,Scheduler,20,Restricted,5000,false,min,5863,0.31942,na,na,249170,729622,30512
scheduler_n20_s100_seed3.txt,Scheduler,20,Restricted,10000,false,min,5863,0.68164,na,na,424165,1387104,53088
scheduler_n20_s100_seed3.txt,Scheduler,20,Relaxed,500,false,min,5863,0.03960,na,na,46447,149767,4713
scheduler_n20_s100_seed3.txt,Scheduler,20,Restricted,20000,false,min,5863,1.48211,na,na,724849,2675210,91680
scheduler_n20_s100_seed1.txt,Scheduler,20,Exact,99999,false,min,3256,52.74795,na,na,10485761,99614740,1847560
scheduler_n20_s100_seed3.txt,Scheduler,20,Relaxed,1000,false,min,5863,0.08263,na,na,77683,275821,8232
scheduler_n20_s100_seed3.txt,Scheduler,20,Relaxed,2000,false,min,5863,0.19195,na,na,143619,549960,14488
scheduler_n20_s100_seed3.txt,Scheduler,20,Relaxed,5000,false,min,5863,0.49915,na,na,293420,1241071,33635
scheduler_n20_s100_seed3.txt,Scheduler,20,Relaxed,10000,false,min,5863,1.08457,na,na,500099,2289509,59942
scheduler_n20_s100_seed3.txt,Scheduler,20,Relaxed,20000,false,min,5863,2.26902,na,na,857618,4385504,94058
scheduler_n20_s100_seed4.txt,Scheduler,20,Restricted,500,false,min,3692,0.02451,na,na,34568,83088,4216
scheduler_n20_s100_seed4.txt,Scheduler,20,Restricted,1000,false,min,3692,0.05068,na,na,60192,158624,7650
scheduler_n20_s100_seed4.txt,Scheduler,20,Restricted,2000,false,min,3692,0.10705,na,na,105050,309166,13583
scheduler_n20_s100_seed4.txt,Scheduler,20,Restricted,5000,false,min,3692,0.28751,na,na,213173,729826,27040
scheduler_n20_s100_seed4.txt,Scheduler,20,Restricted,10000,false,min,3692,0.60022,na,na,369714,1389120,49104
scheduler_n20_s100_seed4.txt,Scheduler,20,Relaxed,500,false,min,3692,0.04290,na,na,46603,159941,4220
scheduler_n20_s100_seed4.txt,Scheduler,20,Restricted,20000,false,min,3692,1.29283,na,na,640245,2678380,81900
scheduler_n20_s100_seed4.txt,Scheduler,20,Relaxed,1000,false,min,3692,0.08808,na,na,79378,290337,7671
scheduler_n20_s100_seed2.txt,Scheduler,20,Exact,99999,false,min,4110,52.96954,na,na,10485761,99614740,1847560
scheduler_n20_s100_seed4.txt,Scheduler,20,Relaxed,2000,false,min,3692,0.17780,na,na,134102,541907,13604
scheduler_n20_s100_seed4.txt,Scheduler,20,Relaxed,5000,false,min,3692,0.48194,na,na,278073,1260556,27225
scheduler_n20_s100_seed4.txt,Scheduler,20,Relaxed,10000,false,min,3692,1.07169,na,na,491823,2369965,49300
scheduler_n20_s100_seed4.txt,Scheduler,20,Relaxed,20000,false,min,3692,2.38263,na,na,884744,4698114,87750
scheduler_n20_s100_seed5.txt,Scheduler,20,Restricted,500,false,min,3201,0.02540,na,na,35882,82994,4369
scheduler_n20_s100_seed5.txt,Scheduler,20,Restricted,1000,false,min,3201,0.05438,na,na,63528,158644,7752
scheduler_n20_s100_seed5.txt,Scheduler,20,Restricted,2000,false,min,3201,0.11285,na,na,110165,308458,13719
scheduler_n20_s100_seed5.txt,Scheduler,20,Restricted,5000,false,min,3201,0.29857,na,na,223158,727494,27584
scheduler_n20_s100_seed5.txt,Scheduler,20,Restricted,10000,false,min,3201,0.62404,na,na,384988,1380866,49440
scheduler_n20_s100_seed5.txt,Scheduler,20,Relaxed,500,false,min,3201,0.03875,na,na,43103,148221,4373
scheduler_n20_s100_seed5.txt,Scheduler,20,Restricted,20000,false,min,3201,1.33946,na,na,664427,2667932,83865
scheduler_n20_s100_seed5.txt,Scheduler,20,Relaxed,1000,false,min,3201,0.08202,na,na,74583,273936,8251
scheduler_n20_s100_seed3.txt,Scheduler,20,Exact,99999,false,min,5863,53.31707,na,na,10485761,99614740,1847560
scheduler_n20_s100_seed5.txt,Scheduler,20,Relaxed,2000,false,min,3201,0.18696,na,na,137791,552925,14487
scheduler_n20_s100_seed5.txt,Scheduler,20,Relaxed,5000,false,min,3201,0.47749,na,na,274571,1243341,30667
scheduler_n20_s100_seed5.txt,Scheduler,20,Relaxed,10000,false,min,3201,1.11773,na,na,504284,2448475,52582
scheduler_n20_s100_seed5.txt,Scheduler,20,Relaxed,20000,false,min,3201,2.37855,na,na,877375,4656452,97163
scheduler_n20_s100_seed4.txt,Scheduler,20,Exact,99999,false,min,3692,52.35437,na,na,10485761,99614740,1847560
scheduler_n20_s100_seed5.txt,Scheduler,20,Exact,99999,false,min,3201,50.98125,na,na,10485761,99614740,1847560
