File_name,Problem type,Variables number,DD Type,Max Width,Is Reduced,Objective Type,Optimization Value,Construction Time,Reduce Time,Solution Time,Number Node,Number Arcs,Actual Max Width,Sort
scheduler_n5_s025_seed1.txt,Scheduler,5,Exact,2147483646,true,min,394.000000,0.000269,0.000044,0.000005,32,80,10,true
scheduler_n5_s025_seed1.txt,Scheduler,5,Exact,2147483646,false,min,374.000000,0.000259,na,0.000010,148,259,68,true
scheduler_n5_s025_seed1.txt,Scheduler,5,Restricted,500,true,min,394.000000,0.000289,0.000054,0.000006,32,80,10,true
scheduler_n5_s025_seed1.txt,Scheduler,5,Restricted,1000,true,min,394.000000,0.000281,0.000052,0.000005,32,80,10,true
scheduler_n5_s025_seed1.txt,Scheduler,5,Restricted,2000,true,min,394.000000,0.000279,0.000044,0.000005,32,80,10,true
scheduler_n5_s025_seed1.txt,Scheduler,5,Restricted,5000,true,min,394.000000,0.000254,0.000048,0.000005,32,80,10,true
scheduler_n5_s025_seed1.txt,Scheduler,5,Restricted,10000,true,min,394.000000,0.000257,0.000052,0.000005,32,80,10,true
scheduler_n5_s025_seed1.txt,Scheduler,5,Restricted,1000,false,min,374.000000,0.000365,na,0.000011,148,259,68,true
scheduler_n5_s025_seed1.txt,Scheduler,5,Restricted,20000,true,min,394.000000,0.000282,0.000052,0.000005,32,80,10,true
scheduler_n5_s025_seed1.txt,Scheduler,5,Restricted,500,false,min,374.000000,0.000294,na,0.000009,148,259,68,true
scheduler_n5_s025_seed1.txt,Scheduler,5,Restricted,2000,false,min,374.000000,0.000301,na,0.000015,148,259,68,true
scheduler_n5_s025_seed1.txt,Scheduler,5,Restricted,5000,false,min,374.000000,0.000287,na,0.000009,148,259,68,true
scheduler_n5_s025_seed1.txt,Scheduler,5,Restricted,10000,false,min,374.000000,0.000289,na,0.000009,148,259,68,true
scheduler_n5_s025_seed1.txt,Scheduler,5,Restricted,20000,false,min,374.000000,0.000286,na,0.000009,148,259,68,true
scheduler_n5_s025_seed1.txt,Scheduler,5,RelaxPriority,500,true,min,394.000000,0.000318,0.000052,0.000005,32,80,10,true
scheduler_n5_s025_seed1.txt,Scheduler,5,RelaxPriority,1000,true,min,394.000000,0.000307,0.000065,0.000005,32,80,10,true
scheduler_n5_s025_seed1.txt,Scheduler,5,RelaxPriority,2000,true,min,394.000000,0.000288,0.000051,0.000005,32,80,10,true
scheduler_n5_s025_seed1.txt,Scheduler,5,RelaxPriority,5000,true,min,394.000000,0.000291,0.000059,0.000023,32,80,10,true
scheduler_n5_s025_seed1.txt,Scheduler,5,RelaxPriority,10000,true,min,394.000000,0.000280,0.000049,0.000005,32,80,10,true
scheduler_n5_s025_seed1.txt,Scheduler,5,RelaxPriority,20000,true,min,394.000000,0.000284,0.000053,0.000005,32,80,10,true
scheduler_n5_s025_seed1.txt,Scheduler,5,RelaxPriority,500,false,min,374.000000,0.000259,na,0.000011,148,259,68,true
scheduler_n5_s025_seed1.txt,Scheduler,5,RelaxPriority,1000,false,min,374.000000,0.000283,na,0.000010,148,259,68,true
scheduler_n5_s025_seed1.txt,Scheduler,5,RelaxPriority,2000,false,min,374.000000,0.000314,na,0.000010,148,259,68,true
scheduler_n5_s025_seed1.txt,Scheduler,5,RelaxPriority,10000,false,min,374.000000,0.000317,na,0.000010,148,259,68,true
scheduler_n5_s025_seed1.txt,Scheduler,5,RelaxPriority,5000,false,min,374.000000,0.000281,na,0.000009,148,259,68,true
scheduler_n5_s025_seed1.txt,Scheduler,5,RelaxPriority,20000,false,min,374.000000,0.000275,na,0.000009,148,259,68,true
scheduler_n5_s025_seed1.txt,Scheduler,5,RelaxGrouping,500,true,min,394.000000,0.000280,0.000044,0.000004,32,80,10,true
scheduler_n5_s025_seed1.txt,Scheduler,5,RelaxGrouping,1000,true,min,394.000000,0.000291,0.000056,0.000005,32,80,10,true
scheduler_n5_s025_seed1.txt,Scheduler,5,RelaxGrouping,2000,true,min,394.000000,0.000285,0.000055,0.000005,32,80,10,true
scheduler_n5_s025_seed1.txt,Scheduler,5,RelaxGrouping,5000,true,min,394.000000,0.000289,0.000049,0.000005,32,80,10,true
scheduler_n5_s025_seed1.txt,Scheduler,5,RelaxGrouping,20000,true,min,394.000000,0.000301,0.000053,0.000005,32,80,10,true
scheduler_n5_s025_seed1.txt,Scheduler,5,RelaxGrouping,10000,true,min,394.000000,0.000295,0.000051,0.000005,32,80,10,true
scheduler_n5_s025_seed1.txt,Scheduler,5,RelaxGrouping,1000,false,min,374.000000,0.000311,na,0.000009,148,259,68,true
scheduler_n5_s025_seed1.txt,Scheduler,5,RelaxGrouping,500,false,min,374.000000,0.000287,na,0.000010,148,259,68,true
scheduler_n5_s025_seed1.txt,Scheduler,5,RelaxGrouping,2000,false,min,374.000000,0.000312,na,0.000010,148,259,68,true
scheduler_n5_s025_seed1.txt,Scheduler,5,RelaxGrouping,5000,false,min,374.000000,0.000306,na,0.000009,148,259,68,true
scheduler_n5_s025_seed1.txt,Scheduler,5,RelaxGrouping,10000,false,min,374.000000,0.000286,na,0.000010,148,259,68,true
scheduler_n5_s025_seed1.txt,Scheduler,5,RelaxGrouping,20000,false,min,374.000000,0.000277,na,0.000011,148,259,68,true
scheduler_n5_s025_seed2.txt,Scheduler,5,Exact,2147483646,true,min,224.000000,0.000282,0.000050,0.000005,32,80,10,true
scheduler_n5_s025_seed2.txt,Scheduler,5,Exact,2147483646,false,min,224.000000,0.000259,na,0.000009,143,255,62,true
scheduler_n5_s025_seed2.txt,Scheduler,5,Restricted,500,true,min,224.000000,0.000299,0.000048,0.000005,32,80,10,true
scheduler_n5_s025_seed2.txt,Scheduler,5,Restricted,1000,true,min,224.000000,0.000284,0.000048,0.000005,32,80,10,true
scheduler_n5_s025_seed2.txt,Scheduler,5,Restricted,2000,true,min,224.000000,0.000282,0.000049,0.000005,32,80,10,true
scheduler_n5_s025_seed2.txt,Scheduler,5,Restricted,10000,true,min,224.000000,0.000280,0.000052,0.000005,32,80,10,true
scheduler_n5_s025_seed2.txt,Scheduler,5,Restricted,5000,true,min,224.000000,0.000286,0.000049,0.000005,32,80,10,true
scheduler_n5_s025_seed2.txt,Scheduler,5,Restricted,500,false,min,224.000000,0.000310,na,0.000011,143,255,62,true
scheduler_n5_s025_seed2.txt,Scheduler,5,Restricted,1000,false,min,224.000000,0.000290,na,0.000011,143,255,62,true
scheduler_n5_s025_seed2.txt,Scheduler,5,Restricted,2000,false,min,224.000000,0.000317,na,0.000009,143,255,62,true
scheduler_n5_s025_seed2.txt,Scheduler,5,Restricted,5000,false,min,224.000000,0.000310,na,0.000026,143,255,62,true
scheduler_n5_s025_seed2.txt,Scheduler,5,Restricted,20000,true,min,224.000000,0.000294,0.000054,0.000005,32,80,10,true
scheduler_n5_s025_seed2.txt,Scheduler,5,Restricted,10000,false,min,224.000000,0.000300,na,0.000010,143,255,62,true
scheduler_n5_s025_seed2.txt,Scheduler,5,Restricted,20000,false,min,224.000000,0.000294,na,0.000010,143,255,62,true
scheduler_n5_s025_seed2.txt,Scheduler,5,RelaxPriority,1000,true,min,224.000000,0.000302,0.000050,0.000005,32,80,10,true
scheduler_n5_s025_seed2.txt,Scheduler,5,RelaxPriority,2000,true,min,224.000000,0.000280,0.000047,0.000005,32,80,10,true
scheduler_n5_s025_seed2.txt,Scheduler,5,RelaxPriority,500,true,min,224.000000,0.000317,0.000050,0.000005,32,80,10,true
scheduler_n5_s025_seed2.txt,Scheduler,5,RelaxPriority,1000,false,min,224.000000,0.000303,na,0.000011,143,255,62,true
scheduler_n5_s025_seed2.txt,Scheduler,5,RelaxPriority,5000,true,min,224.000000,0.000323,0.000050,0.000005,32,80,10,true
scheduler_n5_s025_seed2.txt,Scheduler,5,RelaxPriority,500,false,min,224.000000,0.000288,na,0.000010,143,255,62,true
scheduler_n5_s025_seed2.txt,Scheduler,5,RelaxPriority,10000,true,min,224.000000,0.000303,0.000047,0.000005,32,80,10,true
scheduler_n5_s025_seed2.txt,Scheduler,5,RelaxPriority,20000,true,min,224.000000,0.000283,0.000054,0.000005,32,80,10,true
scheduler_n5_s025_seed2.txt,Scheduler,5,RelaxPriority,2000,false,min,224.000000,0.000331,na,0.000010,143,255,62,true
scheduler_n5_s025_seed2.txt,Scheduler,5,RelaxPriority,20000,false,min,224.000000,0.000300,na,0.000009,143,255,62,true
scheduler_n5_s025_seed2.txt,Scheduler,5,RelaxPriority,10000,false,min,224.000000,0.000285,na,0.000009,143,255,62,true
scheduler_n5_s025_seed2.txt,Scheduler,5,RelaxPriority,5000,false,min,224.000000,0.000296,na,0.000010,143,255,62,true
scheduler_n5_s025_seed2.txt,Scheduler,5,RelaxGrouping,500,true,min,224.000000,0.000301,0.000050,0.000005,32,80,10,true
scheduler_n5_s025_seed2.txt,Scheduler,5,RelaxGrouping,2000,true,min,224.000000,0.000289,0.000048,0.000006,32,80,10,true
scheduler_n5_s025_seed2.txt,Scheduler,5,RelaxGrouping,5000,true,min,224.000000,0.000317,0.000066,0.000005,32,80,10,true
scheduler_n5_s025_seed2.txt,Scheduler,5,RelaxGrouping,1000,true,min,224.000000,0.000280,0.000048,0.000005,32,80,10,true
scheduler_n5_s025_seed2.txt,Scheduler,5,RelaxGrouping,20000,true,min,224.000000,0.000278,0.000049,0.000009,32,80,10,true
scheduler_n5_s025_seed2.txt,Scheduler,5,RelaxGrouping,10000,true,min,224.000000,0.000319,0.000051,0.000008,32,80,10,true
scheduler_n5_s025_seed2.txt,Scheduler,5,RelaxGrouping,500,false,min,224.000000,0.000283,na,0.000011,143,255,62,true
scheduler_n5_s025_seed2.txt,Scheduler,5,RelaxGrouping,1000,false,min,224.000000,0.000305,na,0.000010,143,255,62,true
scheduler_n5_s025_seed2.txt,Scheduler,5,RelaxGrouping,2000,false,min,224.000000,0.000304,na,0.000009,143,255,62,true
scheduler_n5_s025_seed2.txt,Scheduler,5,RelaxGrouping,5000,false,min,224.000000,0.000324,na,0.000010,143,255,62,true
scheduler_n5_s025_seed2.txt,Scheduler,5,RelaxGrouping,10000,false,min,224.000000,0.000345,na,0.000010,143,255,62,true
scheduler_n5_s025_seed2.txt,Scheduler,5,RelaxGrouping,20000,false,min,224.000000,0.000287,na,0.000010,143,255,62,true
scheduler_n5_s025_seed3.txt,Scheduler,5,Exact,2147483646,true,min,688.000000,0.000307,0.000053,0.000005,32,80,10,true
scheduler_n5_s025_seed3.txt,Scheduler,5,Exact,2147483646,false,min,688.000000,0.000286,na,0.000009,163,277,80,true
scheduler_n5_s025_seed3.txt,Scheduler,5,Restricted,500,true,min,688.000000,0.000278,0.000051,0.000005,32,80,10,true
scheduler_n5_s025_seed3.txt,Scheduler,5,Restricted,1000,true,min,688.000000,0.000283,0.000061,0.000005,32,80,10,true
scheduler_n5_s025_seed3.txt,Scheduler,5,Restricted,2000,true,min,688.000000,0.000314,0.000057,0.000005,32,80,10,true
scheduler_n5_s025_seed3.txt,Scheduler,5,Restricted,5000,true,min,688.000000,0.000336,0.000056,0.000005,32,80,10,true
scheduler_n5_s025_seed3.txt,Scheduler,5,Restricted,10000,true,min,688.000000,0.000319,0.000060,0.000005,32,80,10,true
scheduler_n5_s025_seed3.txt,Scheduler,5,Restricted,20000,true,min,688.000000,0.000326,0.000056,0.000005,32,80,10,true
scheduler_n5_s025_seed3.txt,Scheduler,5,Restricted,500,false,min,688.000000,0.000322,na,0.000010,163,277,80,true
scheduler_n5_s025_seed3.txt,Scheduler,5,Restricted,2000,false,min,688.000000,0.000303,na,0.000010,163,277,80,true
scheduler_n5_s025_seed3.txt,Scheduler,5,Restricted,1000,false,min,688.000000,0.000303,na,0.000010,163,277,80,true
scheduler_n5_s025_seed3.txt,Scheduler,5,Restricted,5000,false,min,688.000000,0.000298,na,0.000010,163,277,80,true
scheduler_n5_s025_seed3.txt,Scheduler,5,Restricted,10000,false,min,688.000000,0.000302,na,0.000010,163,277,80,true
scheduler_n5_s025_seed3.txt,Scheduler,5,Restricted,20000,false,min,688.000000,0.000271,na,0.000020,163,277,80,true
scheduler_n5_s025_seed3.txt,Scheduler,5,RelaxPriority,500,true,min,688.000000,0.000333,0.000061,0.000011,32,80,10,true
scheduler_n5_s025_seed3.txt,Scheduler,5,RelaxPriority,1000,true,min,688.000000,0.000296,0.000073,0.000005,32,80,10,true
scheduler_n5_s025_seed3.txt,Scheduler,5,RelaxPriority,2000,true,min,688.000000,0.000320,0.000059,0.000005,32,80,10,true
scheduler_n5_s025_seed3.txt,Scheduler,5,RelaxPriority,5000,true,min,688.000000,0.000333,0.000076,0.000006,32,80,10,true
scheduler_n5_s025_seed3.txt,Scheduler,5,RelaxPriority,10000,true,min,688.000000,0.000301,0.000057,0.000005,32,80,10,true
scheduler_n5_s025_seed3.txt,Scheduler,5,RelaxPriority,1000,false,min,688.000000,0.000305,na,0.000011,163,277,80,true
scheduler_n5_s025_seed3.txt,Scheduler,5,RelaxPriority,500,false,min,688.000000,0.000292,na,0.000010,163,277,80,true
scheduler_n5_s025_seed3.txt,Scheduler,5,RelaxPriority,20000,true,min,688.000000,0.000319,0.000057,0.000005,32,80,10,true
scheduler_n5_s025_seed3.txt,Scheduler,5,RelaxPriority,2000,false,min,688.000000,0.000304,na,0.000010,163,277,80,true
scheduler_n5_s025_seed3.txt,Scheduler,5,RelaxPriority,5000,false,min,688.000000,0.000318,na,0.000020,163,277,80,true
scheduler_n5_s025_seed3.txt,Scheduler,5,RelaxPriority,20000,false,min,688.000000,0.000295,na,0.000010,163,277,80,true
scheduler_n5_s025_seed3.txt,Scheduler,5,RelaxPriority,10000,false,min,688.000000,0.000352,na,0.000012,163,277,80,true
scheduler_n5_s025_seed3.txt,Scheduler,5,RelaxGrouping,500,true,min,688.000000,0.000311,0.000068,0.000005,32,80,10,true
scheduler_n5_s025_seed3.txt,Scheduler,5,RelaxGrouping,1000,true,min,688.000000,0.000304,0.000056,0.000005,32,80,10,true
scheduler_n5_s025_seed3.txt,Scheduler,5,RelaxGrouping,2000,true,min,688.000000,0.000324,0.000058,0.000005,32,80,10,true
scheduler_n5_s025_seed3.txt,Scheduler,5,RelaxGrouping,5000,true,min,688.000000,0.000326,0.000056,0.000006,32,80,10,true
scheduler_n5_s025_seed3.txt,Scheduler,5,RelaxGrouping,20000,true,min,688.000000,0.000303,0.000059,0.000005,32,80,10,true
scheduler_n5_s025_seed3.txt,Scheduler,5,RelaxGrouping,10000,true,min,688.000000,0.000360,0.000078,0.000005,32,80,10,true
scheduler_n5_s025_seed3.txt,Scheduler,5,RelaxGrouping,500,false,min,688.000000,0.000305,na,0.000009,163,277,80,true
scheduler_n5_s025_seed3.txt,Scheduler,5,RelaxGrouping,1000,false,min,688.000000,0.000317,na,0.000010,163,277,80,true
scheduler_n5_s025_seed3.txt,Scheduler,5,RelaxGrouping,2000,false,min,688.000000,0.000310,na,0.000011,163,277,80,true
scheduler_n5_s025_seed3.txt,Scheduler,5,RelaxGrouping,5000,false,min,688.000000,0.000300,na,0.000009,163,277,80,true
scheduler_n5_s025_seed3.txt,Scheduler,5,RelaxGrouping,10000,false,min,688.000000,0.000318,na,0.000009,163,277,80,true
scheduler_n5_s025_seed3.txt,Scheduler,5,RelaxGrouping,20000,false,min,688.000000,0.000330,na,0.000010,163,277,80,true
scheduler_n5_s025_seed4.txt,Scheduler,5,Exact,2147483646,true,min,194.000000,0.000296,0.000057,0.000005,32,80,10,true
scheduler_n5_s025_seed4.txt,Scheduler,5,Exact,2147483646,false,min,194.000000,0.000290,na,0.000010,155,266,75,true
scheduler_n5_s025_seed4.txt,Scheduler,5,Restricted,1000,true,min,194.000000,0.000337,0.000056,0.000007,32,80,10,true
scheduler_n5_s025_seed4.txt,Scheduler,5,Restricted,500,true,min,194.000000,0.000333,0.000066,0.000006,32,80,10,true
scheduler_n5_s025_seed4.txt,Scheduler,5,Restricted,2000,true,min,194.000000,0.000283,0.000053,0.000005,32,80,10,true
scheduler_n5_s025_seed4.txt,Scheduler,5,Restricted,5000,true,min,194.000000,0.000312,0.000058,0.000008,32,80,10,true
scheduler_n5_s025_seed4.txt,Scheduler,5,Restricted,10000,true,min,194.000000,0.000290,0.000054,0.000005,32,80,10,true
scheduler_n5_s025_seed4.txt,Scheduler,5,Restricted,500,false,min,194.000000,0.000296,na,0.000011,155,266,75,true
scheduler_n5_s025_seed4.txt,Scheduler,5,Restricted,20000,true,min,194.000000,0.000325,0.000053,0.000005,32,80,10,true
scheduler_n5_s025_seed4.txt,Scheduler,5,Restricted,2000,false,min,194.000000,0.000311,na,0.000010,155,266,75,true
scheduler_n5_s025_seed4.txt,Scheduler,5,Restricted,1000,false,min,194.000000,0.000283,na,0.000009,155,266,75,true
scheduler_n5_s025_seed4.txt,Scheduler,5,Restricted,5000,false,min,194.000000,0.000284,na,0.000009,155,266,75,true
scheduler_n5_s025_seed4.txt,Scheduler,5,Restricted,20000,false,min,194.000000,0.000308,na,0.000010,155,266,75,true
scheduler_n5_s025_seed4.txt,Scheduler,5,Restricted,10000,false,min,194.000000,0.000331,na,0.000010,155,266,75,true
scheduler_n5_s025_seed4.txt,Scheduler,5,RelaxPriority,500,true,min,194.000000,0.000301,0.000054,0.000005,32,80,10,true
scheduler_n5_s025_seed4.txt,Scheduler,5,RelaxPriority,1000,true,min,194.000000,0.000303,0.000054,0.000005,32,80,10,true
scheduler_n5_s025_seed4.txt,Scheduler,5,RelaxPriority,2000,true,min,194.000000,0.000297,0.000050,0.000005,32,80,10,true
scheduler_n5_s025_seed4.txt,Scheduler,5,RelaxPriority,500,false,min,194.000000,0.000290,na,0.000010,155,266,75,true
scheduler_n5_s025_seed4.txt,Scheduler,5,RelaxPriority,5000,true,min,194.000000,0.000309,0.000054,0.000005,32,80,10,true
scheduler_n5_s025_seed4.txt,Scheduler,5,RelaxPriority,10000,true,min,194.000000,0.000298,0.000058,0.000006,32,80,10,true
scheduler_n5_s025_seed4.txt,Scheduler,5,RelaxPriority,20000,true,min,194.000000,0.000297,0.000054,0.000005,32,80,10,true
scheduler_n5_s025_seed4.txt,Scheduler,5,RelaxPriority,1000,false,min,194.000000,0.000300,na,0.000010,155,266,75,true
scheduler_n5_s025_seed4.txt,Scheduler,5,RelaxPriority,2000,false,min,194.000000,0.000294,na,0.000016,155,266,75,true
scheduler_n5_s025_seed4.txt,Scheduler,5,RelaxPriority,10000,false,min,194.000000,0.000315,na,0.000010,155,266,75,true
scheduler_n5_s025_seed4.txt,Scheduler,5,RelaxPriority,5000,false,min,194.000000,0.000303,na,0.000010,155,266,75,true
scheduler_n5_s025_seed4.txt,Scheduler,5,RelaxPriority,20000,false,min,194.000000,0.000290,na,0.000010,155,266,75,true
scheduler_n5_s025_seed4.txt,Scheduler,5,RelaxGrouping,500,true,min,194.000000,0.000273,0.000054,0.000005,32,80,10,true
scheduler_n5_s025_seed4.txt,Scheduler,5,RelaxGrouping,2000,true,min,194.000000,0.000298,0.000055,0.000006,32,80,10,true
scheduler_n5_s025_seed4.txt,Scheduler,5,RelaxGrouping,10000,true,min,194.000000,0.000296,0.000053,0.000005,32,80,10,true
scheduler_n5_s025_seed4.txt,Scheduler,5,RelaxGrouping,5000,true,min,194.000000,0.000289,0.000056,0.000005,32,80,10,true
scheduler_n5_s025_seed4.txt,Scheduler,5,RelaxGrouping,1000,true,min,194.000000,0.000298,0.000057,0.000005,32,80,10,true
scheduler_n5_s025_seed4.txt,Scheduler,5,RelaxGrouping,20000,true,min,194.000000,0.000266,0.000051,0.000005,32,80,10,true
scheduler_n5_s025_seed4.txt,Scheduler,5,RelaxGrouping,1000,false,min,194.000000,0.000311,na,0.000011,155,266,75,true
scheduler_n5_s025_seed4.txt,Scheduler,5,RelaxGrouping,500,false,min,194.000000,0.000264,na,0.000010,155,266,75,true
scheduler_n5_s025_seed4.txt,Scheduler,5,RelaxGrouping,2000,false,min,194.000000,0.000290,na,0.000009,155,266,75,true
scheduler_n5_s025_seed4.txt,Scheduler,5,RelaxGrouping,5000,false,min,194.000000,0.000313,na,0.000009,155,266,75,true
scheduler_n5_s025_seed4.txt,Scheduler,5,RelaxGrouping,10000,false,min,194.000000,0.000296,na,0.000009,155,266,75,true
scheduler_n5_s025_seed4.txt,Scheduler,5,RelaxGrouping,20000,false,min,194.000000,0.000294,na,0.000011,155,266,75,true
scheduler_n5_s025_seed5.txt,Scheduler,5,Exact,2147483646,true,min,302.000000,0.000320,0.000056,0.000005,32,80,10,true
scheduler_n5_s025_seed5.txt,Scheduler,5,Exact,2147483646,false,min,296.000000,0.000301,na,0.000012,166,281,82,true
scheduler_n5_s025_seed5.txt,Scheduler,5,Restricted,500,true,min,302.000000,0.000302,0.000057,0.000005,32,80,10,true
scheduler_n5_s025_seed5.txt,Scheduler,5,Restricted,1000,true,min,302.000000,0.000337,0.000060,0.000005,32,80,10,true
scheduler_n5_s025_seed5.txt,Scheduler,5,Restricted,2000,true,min,302.000000,0.000350,0.000059,0.000005,32,80,10,true
scheduler_n5_s025_seed5.txt,Scheduler,5,Restricted,10000,true,min,302.000000,0.000305,0.000077,0.000008,32,80,10,true
scheduler_n5_s025_seed5.txt,Scheduler,5,Restricted,5000,true,min,302.000000,0.000321,0.000057,0.000009,32,80,10,true
scheduler_n5_s025_seed5.txt,Scheduler,5,Restricted,20000,true,min,302.000000,0.000305,0.000057,0.000005,32,80,10,true
scheduler_n5_s025_seed5.txt,Scheduler,5,Restricted,500,false,min,296.000000,0.000314,na,0.000014,166,281,82,true
scheduler_n5_s025_seed5.txt,Scheduler,5,Restricted,5000,false,min,296.000000,0.000345,na,0.000012,166,281,82,true
scheduler_n5_s025_seed5.txt,Scheduler,5,Restricted,1000,false,min,296.000000,0.000340,na,0.000013,166,281,82,true
scheduler_n5_s025_seed5.txt,Scheduler,5,Restricted,2000,false,min,296.000000,0.000315,na,0.000012,166,281,82,true
scheduler_n5_s025_seed5.txt,Scheduler,5,Restricted,10000,false,min,296.000000,0.000308,na,0.000012,166,281,82,true
scheduler_n5_s025_seed5.txt,Scheduler,5,Restricted,20000,false,min,296.000000,0.000334,na,0.000016,166,281,82,true
scheduler_n5_s025_seed5.txt,Scheduler,5,RelaxPriority,500,true,min,302.000000,0.000310,0.000057,0.000022,32,80,10,true
scheduler_n5_s025_seed5.txt,Scheduler,5,RelaxPriority,1000,true,min,302.000000,0.000319,0.000070,0.000005,32,80,10,true
scheduler_n5_s025_seed5.txt,Scheduler,5,RelaxPriority,2000,true,min,302.000000,0.000312,0.000058,0.000009,32,80,10,true
scheduler_n5_s025_seed5.txt,Scheduler,5,RelaxPriority,5000,true,min,302.000000,0.000332,0.000064,0.000006,32,80,10,true
scheduler_n5_s025_seed5.txt,Scheduler,5,RelaxPriority,500,false,min,296.000000,0.000316,na,0.000014,166,281,82,true
scheduler_n5_s025_seed5.txt,Scheduler,5,RelaxPriority,10000,true,min,302.000000,0.000321,0.000059,0.000005,32,80,10,true
scheduler_n5_s025_seed5.txt,Scheduler,5,RelaxPriority,1000,false,min,296.000000,0.000325,na,0.000012,166,281,82,true
scheduler_n5_s025_seed5.txt,Scheduler,5,RelaxPriority,20000,true,min,302.000000,0.000321,0.000060,0.000005,32,80,10,true
scheduler_n5_s025_seed5.txt,Scheduler,5,RelaxPriority,2000,false,min,296.000000,0.000319,na,0.000011,166,281,82,true
scheduler_n5_s025_seed5.txt,Scheduler,5,RelaxPriority,5000,false,min,296.000000,0.000317,na,0.000015,166,281,82,true
scheduler_n5_s025_seed5.txt,Scheduler,5,RelaxPriority,10000,false,min,296.000000,0.000306,na,0.000013,166,281,82,true
scheduler_n5_s025_seed5.txt,Scheduler,5,RelaxPriority,20000,false,min,296.000000,0.000306,na,0.000011,166,281,82,true
scheduler_n5_s025_seed5.txt,Scheduler,5,RelaxGrouping,500,true,min,302.000000,0.000316,0.000057,0.000005,32,80,10,true
scheduler_n5_s025_seed5.txt,Scheduler,5,RelaxGrouping,1000,true,min,302.000000,0.000314,0.000073,0.000005,32,80,10,true
scheduler_n5_s025_seed5.txt,Scheduler,5,RelaxGrouping,5000,true,min,302.000000,0.000355,0.000057,0.000006,32,80,10,true
scheduler_n5_s025_seed5.txt,Scheduler,5,RelaxGrouping,2000,true,min,302.000000,0.000349,0.000057,0.000005,32,80,10,true
scheduler_n5_s025_seed5.txt,Scheduler,5,RelaxGrouping,20000,true,min,302.000000,0.000305,0.000056,0.000005,32,80,10,true
scheduler_n5_s025_seed5.txt,Scheduler,5,RelaxGrouping,10000,true,min,302.000000,0.000309,0.000057,0.000005,32,80,10,true
scheduler_n5_s025_seed5.txt,Scheduler,5,RelaxGrouping,500,false,min,296.000000,0.000284,na,0.000013,166,281,82,true
scheduler_n5_s025_seed5.txt,Scheduler,5,RelaxGrouping,1000,false,min,296.000000,0.000312,na,0.000012,166,281,82,true
scheduler_n5_s025_seed5.txt,Scheduler,5,RelaxGrouping,5000,false,min,296.000000,0.000313,na,0.000012,166,281,82,true
scheduler_n5_s025_seed5.txt,Scheduler,5,RelaxGrouping,2000,false,min,296.000000,0.000327,na,0.000012,166,281,82,true
scheduler_n5_s025_seed5.txt,Scheduler,5,RelaxGrouping,10000,false,min,296.000000,0.000354,na,0.000012,166,281,82,true
scheduler_n5_s025_seed5.txt,Scheduler,5,RelaxGrouping,20000,false,min,296.000000,0.000309,na,0.000013,166,281,82,true
scheduler_n5_s050_seed1.txt,Scheduler,5,Exact,2147483646,true,min,378.000000,0.000337,0.000060,0.000005,32,80,10,true
scheduler_n5_s050_seed1.txt,Scheduler,5,Exact,2147483646,false,min,378.000000,0.000331,na,0.000013,186,303,100,true
scheduler_n5_s050_seed1.txt,Scheduler,5,Restricted,500,true,min,378.000000,0.000337,0.000064,0.000006,32,80,10,true
scheduler_n5_s050_seed1.txt,Scheduler,5,Restricted,1000,true,min,378.000000,0.000349,0.000056,0.000005,32,80,10,true
scheduler_n5_s050_seed1.txt,Scheduler,5,Restricted,5000,true,min,378.000000,0.000353,0.000062,0.000006,32,80,10,true
scheduler_n5_s050_seed1.txt,Scheduler,5,Restricted,2000,true,min,378.000000,0.000349,0.000064,0.000005,32,80,10,true
scheduler_n5_s050_seed1.txt,Scheduler,5,Restricted,10000,true,min,378.000000,0.000317,0.000061,0.000005,32,80,10,true
scheduler_n5_s050_seed1.txt,Scheduler,5,Restricted,500,false,min,378.000000,0.000328,na,0.000014,186,303,100,true
scheduler_n5_s050_seed1.txt,Scheduler,5,Restricted,20000,true,min,378.000000,0.000322,0.000058,0.000004,32,80,10,true
scheduler_n5_s050_seed1.txt,Scheduler,5,Restricted,1000,false,min,378.000000,0.000324,na,0.000015,186,303,100,true
scheduler_n5_s050_seed1.txt,Scheduler,5,Restricted,5000,false,min,378.000000,0.000354,na,0.000012,186,303,100,true
scheduler_n5_s050_seed1.txt,Scheduler,5,Restricted,2000,false,min,378.000000,0.000335,na,0.000013,186,303,100,true
scheduler_n5_s050_seed1.txt,Scheduler,5,Restricted,20000,false,min,378.000000,0.000312,na,0.000012,186,303,100,true
scheduler_n5_s050_seed1.txt,Scheduler,5,Restricted,10000,false,min,378.000000,0.000290,na,0.000011,186,303,100,true
scheduler_n5_s050_seed1.txt,Scheduler,5,RelaxPriority,500,true,min,378.000000,0.000329,0.000063,0.000005,32,80,10,true
scheduler_n5_s050_seed1.txt,Scheduler,5,RelaxPriority,1000,true,min,378.000000,0.000303,0.000061,0.000005,32,80,10,true
scheduler_n5_s050_seed1.txt,Scheduler,5,RelaxPriority,2000,true,min,378.000000,0.000346,0.000062,0.000005,32,80,10,true
scheduler_n5_s050_seed1.txt,Scheduler,5,RelaxPriority,10000,true,min,378.000000,0.000327,0.000064,0.000005,32,80,10,true
scheduler_n5_s050_seed1.txt,Scheduler,5,RelaxPriority,5000,true,min,378.000000,0.000328,0.000062,0.000005,32,80,10,true
scheduler_n5_s050_seed1.txt,Scheduler,5,RelaxPriority,500,false,min,378.000000,0.000352,na,0.000013,186,303,100,true
scheduler_n5_s050_seed1.txt,Scheduler,5,RelaxPriority,1000,false,min,378.000000,0.000319,na,0.000012,186,303,100,true
scheduler_n5_s050_seed1.txt,Scheduler,5,RelaxPriority,20000,true,min,378.000000,0.000319,0.000065,0.000005,32,80,10,true
scheduler_n5_s050_seed1.txt,Scheduler,5,RelaxPriority,2000,false,min,378.000000,0.000320,na,0.000012,186,303,100,true
scheduler_n5_s050_seed1.txt,Scheduler,5,RelaxPriority,5000,false,min,378.000000,0.000298,na,0.000012,186,303,100,true
scheduler_n5_s050_seed1.txt,Scheduler,5,RelaxPriority,20000,false,min,378.000000,0.000329,na,0.000014,186,303,100,true
scheduler_n5_s050_seed1.txt,Scheduler,5,RelaxPriority,10000,false,min,378.000000,0.000321,na,0.000012,186,303,100,true
scheduler_n5_s050_seed1.txt,Scheduler,5,RelaxGrouping,500,true,min,378.000000,0.000321,0.000067,0.000006,32,80,10,true
scheduler_n5_s050_seed1.txt,Scheduler,5,RelaxGrouping,1000,true,min,378.000000,0.000331,0.000062,0.000005,32,80,10,true
scheduler_n5_s050_seed1.txt,Scheduler,5,RelaxGrouping,2000,true,min,378.000000,0.000329,0.000064,0.000005,32,80,10,true
scheduler_n5_s050_seed1.txt,Scheduler,5,RelaxGrouping,5000,true,min,378.000000,0.000364,0.000062,0.000005,32,80,10,true
scheduler_n5_s050_seed1.txt,Scheduler,5,RelaxGrouping,10000,true,min,378.000000,0.000343,0.000064,0.000005,32,80,10,true
scheduler_n5_s050_seed1.txt,Scheduler,5,RelaxGrouping,20000,true,min,378.000000,0.000319,0.000062,0.000005,32,80,10,true
scheduler_n5_s050_seed1.txt,Scheduler,5,RelaxGrouping,500,false,min,378.000000,0.000291,na,0.000012,186,303,100,true
scheduler_n5_s050_seed1.txt,Scheduler,5,RelaxGrouping,1000,false,min,378.000000,0.000320,na,0.000014,186,303,100,true
scheduler_n5_s050_seed1.txt,Scheduler,5,RelaxGrouping,2000,false,min,378.000000,0.000327,na,0.000013,186,303,100,true
scheduler_n5_s050_seed1.txt,Scheduler,5,RelaxGrouping,5000,false,min,378.000000,0.000316,na,0.000012,186,303,100,true
scheduler_n5_s050_seed1.txt,Scheduler,5,RelaxGrouping,10000,false,min,378.000000,0.000337,na,0.000012,186,303,100,true
scheduler_n5_s050_seed1.txt,Scheduler,5,RelaxGrouping,20000,false,min,378.000000,0.000329,na,0.000013,186,303,100,true
scheduler_n5_s050_seed2.txt,Scheduler,5,Exact,2147483646,true,min,243.000000,0.000288,0.000055,0.000005,32,80,10,true
scheduler_n5_s050_seed2.txt,Scheduler,5,Exact,2147483646,false,min,243.000000,0.000301,na,0.000011,160,272,79,true
scheduler_n5_s050_seed2.txt,Scheduler,5,Restricted,500,true,min,243.000000,0.000327,0.000060,0.000006,32,80,10,true
scheduler_n5_s050_seed2.txt,Scheduler,5,Restricted,2000,true,min,243.000000,0.000296,0.000058,0.000005,32,80,10,true
scheduler_n5_s050_seed2.txt,Scheduler,5,Restricted,1000,true,min,243.000000,0.000312,0.000054,0.000004,32,80,10,true
scheduler_n5_s050_seed2.txt,Scheduler,5,Restricted,5000,true,min,243.000000,0.000286,0.000055,0.000005,32,80,10,true
scheduler_n5_s050_seed2.txt,Scheduler,5,Restricted,10000,true,min,243.000000,0.000306,0.000058,0.000005,32,80,10,true
scheduler_n5_s050_seed2.txt,Scheduler,5,Restricted,500,false,min,243.000000,0.000288,na,0.000014,160,272,79,true
scheduler_n5_s050_seed2.txt,Scheduler,5,Restricted,1000,false,min,243.000000,0.000296,na,0.000012,160,272,79,true
scheduler_n5_s050_seed2.txt,Scheduler,5,Restricted,2000,false,min,243.000000,0.000296,na,0.000012,160,272,79,true
scheduler_n5_s050_seed2.txt,Scheduler,5,Restricted,20000,true,min,243.000000,0.000297,0.000062,0.000005,32,80,10,true
scheduler_n5_s050_seed2.txt,Scheduler,5,Restricted,5000,false,min,243.000000,0.000306,na,0.000011,160,272,79,true
scheduler_n5_s050_seed2.txt,Scheduler,5,Restricted,10000,false,min,243.000000,0.000309,na,0.000012,160,272,79,true
scheduler_n5_s050_seed2.txt,Scheduler,5,Restricted,20000,false,min,243.000000,0.000290,na,0.000011,160,272,79,true
scheduler_n5_s050_seed2.txt,Scheduler,5,RelaxPriority,500,true,min,243.000000,0.000290,0.000055,0.000005,32,80,10,true
scheduler_n5_s050_seed2.txt,Scheduler,5,RelaxPriority,1000,true,min,243.000000,0.000322,0.000055,0.000005,32,80,10,true
scheduler_n5_s050_seed2.txt,Scheduler,5,RelaxPriority,2000,true,min,243.000000,0.000295,0.000056,0.000004,32,80,10,true
scheduler_n5_s050_seed2.txt,Scheduler,5,RelaxPriority,500,false,min,243.000000,0.000319,na,0.000012,160,272,79,true
scheduler_n5_s050_seed2.txt,Scheduler,5,RelaxPriority,5000,true,min,243.000000,0.000308,0.000057,0.000005,32,80,10,true
scheduler_n5_s050_seed2.txt,Scheduler,5,RelaxPriority,10000,true,min,243.000000,0.000290,0.000073,0.000005,32,80,10,true
scheduler_n5_s050_seed2.txt,Scheduler,5,RelaxPriority,20000,true,min,243.000000,0.000301,0.000055,0.000005,32,80,10,true
scheduler_n5_s050_seed2.txt,Scheduler,5,RelaxPriority,1000,false,min,243.000000,0.000304,na,0.000012,160,272,79,true
scheduler_n5_s050_seed2.txt,Scheduler,5,RelaxPriority,5000,false,min,243.000000,0.000297,na,0.000012,160,272,79,true
scheduler_n5_s050_seed2.txt,Scheduler,5,RelaxPriority,10000,false,min,243.000000,0.000295,na,0.000012,160,272,79,true
scheduler_n5_s050_seed2.txt,Scheduler,5,RelaxPriority,2000,false,min,243.000000,0.000288,na,0.000012,160,272,79,true
scheduler_n5_s050_seed2.txt,Scheduler,5,RelaxPriority,20000,false,min,243.000000,0.000291,na,0.000012,160,272,79,true
scheduler_n5_s050_seed2.txt,Scheduler,5,RelaxGrouping,500,true,min,243.000000,0.000276,0.000051,0.000005,32,80,10,true
scheduler_n5_s050_seed2.txt,Scheduler,5,RelaxGrouping,1000,true,min,243.000000,0.000329,0.000055,0.000006,32,80,10,true
scheduler_n5_s050_seed2.txt,Scheduler,5,RelaxGrouping,2000,true,min,243.000000,0.000312,0.000056,0.000005,32,80,10,true
scheduler_n5_s050_seed2.txt,Scheduler,5,RelaxGrouping,5000,true,min,243.000000,0.000299,0.000057,0.000004,32,80,10,true
scheduler_n5_s050_seed2.txt,Scheduler,5,RelaxGrouping,10000,true,min,243.000000,0.000334,0.000055,0.000005,32,80,10,true
scheduler_n5_s050_seed2.txt,Scheduler,5,RelaxGrouping,20000,true,min,243.000000,0.000273,0.000072,0.000006,32,80,10,true
scheduler_n5_s050_seed2.txt,Scheduler,5,RelaxGrouping,500,false,min,243.000000,0.000297,na,0.000012,160,272,79,true
scheduler_n5_s050_seed2.txt,Scheduler,5,RelaxGrouping,1000,false,min,243.000000,0.000291,na,0.000012,160,272,79,true
scheduler_n5_s050_seed2.txt,Scheduler,5,RelaxGrouping,2000,false,min,243.000000,0.000326,na,0.000011,160,272,79,true
scheduler_n5_s050_seed2.txt,Scheduler,5,RelaxGrouping,5000,false,min,243.000000,0.000294,na,0.000012,160,272,79,true
scheduler_n5_s050_seed2.txt,Scheduler,5,RelaxGrouping,10000,false,min,243.000000,0.000276,na,0.000012,160,272,79,true
scheduler_n5_s050_seed2.txt,Scheduler,5,RelaxGrouping,20000,false,min,243.000000,0.000272,na,0.000012,160,272,79,true
scheduler_n5_s050_seed3.txt,Scheduler,5,Exact,2147483646,true,min,748.000000,0.000306,0.000061,0.000005,32,80,10,true
scheduler_n5_s050_seed3.txt,Scheduler,5,Exact,2147483646,false,min,748.000000,0.000276,na,0.000010,175,287,94,true
scheduler_n5_s050_seed3.txt,Scheduler,5,Restricted,500,true,min,748.000000,0.000286,0.000057,0.000005,32,80,10,true
scheduler_n5_s050_seed3.txt,Scheduler,5,Restricted,1000,true,min,748.000000,0.000324,0.000061,0.000005,32,80,10,true
scheduler_n5_s050_seed3.txt,Scheduler,5,Restricted,2000,true,min,748.000000,0.000351,0.000063,0.000005,32,80,10,true
scheduler_n5_s050_seed3.txt,Scheduler,5,Restricted,5000,true,min,748.000000,0.000301,0.000060,0.000004,32,80,10,true
scheduler_n5_s050_seed3.txt,Scheduler,5,Restricted,10000,true,min,748.000000,0.000325,0.000061,0.000005,32,80,10,true
scheduler_n5_s050_seed3.txt,Scheduler,5,Restricted,20000,true,min,748.000000,0.000321,0.000053,0.000005,32,80,10,true
scheduler_n5_s050_seed3.txt,Scheduler,5,Restricted,500,false,min,748.000000,0.000360,na,0.000011,175,287,94,true
scheduler_n5_s050_seed3.txt,Scheduler,5,Restricted,1000,false,min,748.000000,0.000326,na,0.000009,175,287,94,true
scheduler_n5_s050_seed3.txt,Scheduler,5,Restricted,2000,false,min,748.000000,0.000313,na,0.000009,175,287,94,true
scheduler_n5_s050_seed3.txt,Scheduler,5,Restricted,5000,false,min,748.000000,0.000321,na,0.000009,175,287,94,true
scheduler_n5_s050_seed3.txt,Scheduler,5,Restricted,10000,false,min,748.000000,0.000277,na,0.000009,175,287,94,true
scheduler_n5_s050_seed3.txt,Scheduler,5,Restricted,20000,false,min,748.000000,0.000310,na,0.000010,175,287,94,true
scheduler_n5_s050_seed3.txt,Scheduler,5,RelaxPriority,500,true,min,748.000000,0.000307,0.000063,0.000005,32,80,10,true
scheduler_n5_s050_seed3.txt,Scheduler,5,RelaxPriority,2000,true,min,748.000000,0.000306,0.000063,0.000004,32,80,10,true
scheduler_n5_s050_seed3.txt,Scheduler,5,RelaxPriority,1000,true,min,748.000000,0.000325,0.000061,0.000006,32,80,10,true
scheduler_n5_s050_seed3.txt,Scheduler,5,RelaxPriority,5000,true,min,748.000000,0.000284,0.000075,0.000006,32,80,10,true
scheduler_n5_s050_seed3.txt,Scheduler,5,RelaxPriority,500,false,min,748.000000,0.000303,na,0.000009,175,287,94,true
scheduler_n5_s050_seed3.txt,Scheduler,5,RelaxPriority,1000,false,min,748.000000,0.000306,na,0.000009,175,287,94,true
scheduler_n5_s050_seed3.txt,Scheduler,5,RelaxPriority,10000,true,min,748.000000,0.000351,0.000061,0.000005,32,80,10,true
scheduler_n5_s050_seed3.txt,Scheduler,5,RelaxPriority,20000,true,min,748.000000,0.000332,0.000059,0.000004,32,80,10,true
scheduler_n5_s050_seed3.txt,Scheduler,5,RelaxPriority,2000,false,min,748.000000,0.000298,na,0.000009,175,287,94,true
scheduler_n5_s050_seed3.txt,Scheduler,5,RelaxPriority,20000,false,min,748.000000,0.000310,na,0.000010,175,287,94,true
scheduler_n5_s050_seed3.txt,Scheduler,5,RelaxPriority,5000,false,min,748.000000,0.000304,na,0.000010,175,287,94,true
scheduler_n5_s050_seed3.txt,Scheduler,5,RelaxPriority,10000,false,min,748.000000,0.000307,na,0.000010,175,287,94,true
scheduler_n5_s050_seed3.txt,Scheduler,5,RelaxGrouping,500,true,min,748.000000,0.000305,0.000062,0.000005,32,80,10,true
scheduler_n5_s050_seed3.txt,Scheduler,5,RelaxGrouping,1000,true,min,748.000000,0.000314,0.000056,0.000005,32,80,10,true
scheduler_n5_s050_seed3.txt,Scheduler,5,RelaxGrouping,2000,true,min,748.000000,0.000341,0.000060,0.000005,32,80,10,true
scheduler_n5_s050_seed3.txt,Scheduler,5,RelaxGrouping,5000,true,min,748.000000,0.000309,0.000071,0.000005,32,80,10,true
scheduler_n5_s050_seed3.txt,Scheduler,5,RelaxGrouping,20000,true,min,748.000000,0.000316,0.000064,0.000005,32,80,10,true
scheduler_n5_s050_seed3.txt,Scheduler,5,RelaxGrouping,10000,true,min,748.000000,0.000314,0.000065,0.000005,32,80,10,true
scheduler_n5_s050_seed3.txt,Scheduler,5,RelaxGrouping,500,false,min,748.000000,0.000321,na,0.000010,175,287,94,true
scheduler_n5_s050_seed3.txt,Scheduler,5,RelaxGrouping,2000,false,min,748.000000,0.000350,na,0.000009,175,287,94,true
scheduler_n5_s050_seed3.txt,Scheduler,5,RelaxGrouping,1000,false,min,748.000000,0.000306,na,0.000010,175,287,94,true
scheduler_n5_s050_seed3.txt,Scheduler,5,RelaxGrouping,10000,false,min,748.000000,0.000302,na,0.000010,175,287,94,true
scheduler_n5_s050_seed3.txt,Scheduler,5,RelaxGrouping,5000,false,min,748.000000,0.000370,na,0.000010,175,287,94,true
scheduler_n5_s050_seed3.txt,Scheduler,5,RelaxGrouping,20000,false,min,748.000000,0.000298,na,0.000010,175,287,94,true
scheduler_n5_s050_seed4.txt,Scheduler,5,Exact,2147483646,true,min,227.000000,0.000272,0.000056,0.000007,32,80,10,true
scheduler_n5_s050_seed4.txt,Scheduler,5,Exact,2147483646,false,min,227.000000,0.000308,na,0.000012,157,269,76,true
scheduler_n5_s050_seed4.txt,Scheduler,5,Restricted,1000,true,min,227.000000,0.000280,0.000056,0.000006,32,80,10,true
scheduler_n5_s050_seed4.txt,Scheduler,5,Restricted,500,true,min,227.000000,0.000265,0.000054,0.000004,32,80,10,true
scheduler_n5_s050_seed4.txt,Scheduler,5,Restricted,5000,true,min,227.000000,0.000293,0.000054,0.000005,32,80,10,true
scheduler_n5_s050_seed4.txt,Scheduler,5,Restricted,2000,true,min,227.000000,0.000292,0.000054,0.000005,32,80,10,true
scheduler_n5_s050_seed4.txt,Scheduler,5,Restricted,10000,true,min,227.000000,0.000334,0.000055,0.000005,32,80,10,true
scheduler_n5_s050_seed4.txt,Scheduler,5,Restricted,500,false,min,227.000000,0.000286,na,0.000011,157,269,76,true
scheduler_n5_s050_seed4.txt,Scheduler,5,Restricted,20000,true,min,227.000000,0.000266,0.000049,0.000005,32,80,10,true
scheduler_n5_s050_seed4.txt,Scheduler,5,Restricted,1000,false,min,227.000000,0.000310,na,0.000010,157,269,76,true
scheduler_n5_s050_seed4.txt,Scheduler,5,Restricted,2000,false,min,227.000000,0.000289,na,0.000010,157,269,76,true
scheduler_n5_s050_seed4.txt,Scheduler,5,Restricted,5000,false,min,227.000000,0.000304,na,0.000009,157,269,76,true
scheduler_n5_s050_seed4.txt,Scheduler,5,Restricted,20000,false,min,227.000000,0.000288,na,0.000009,157,269,76,true
scheduler_n5_s050_seed4.txt,Scheduler,5,Restricted,10000,false,min,227.000000,0.000324,na,0.000011,157,269,76,true
scheduler_n5_s050_seed4.txt,Scheduler,5,RelaxPriority,500,true,min,227.000000,0.000298,0.000054,0.000005,32,80,10,true
scheduler_n5_s050_seed4.txt,Scheduler,5,RelaxPriority,1000,true,min,227.000000,0.000306,0.000060,0.000005,32,80,10,true
scheduler_n5_s050_seed4.txt,Scheduler,5,RelaxPriority,2000,true,min,227.000000,0.000301,0.000056,0.000005,32,80,10,true
scheduler_n5_s050_seed4.txt,Scheduler,5,RelaxPriority,10000,true,min,227.000000,0.000280,0.000049,0.000005,32,80,10,true
scheduler_n5_s050_seed4.txt,Scheduler,5,RelaxPriority,5000,true,min,227.000000,0.000265,0.000057,0.000005,32,80,10,true
scheduler_n5_s050_seed4.txt,Scheduler,5,RelaxPriority,500,false,min,227.000000,0.000290,na,0.000009,157,269,76,true
scheduler_n5_s050_seed4.txt,Scheduler,5,RelaxPriority,1000,false,min,227.000000,0.000292,na,0.000009,157,269,76,true
scheduler_n5_s050_seed4.txt,Scheduler,5,RelaxPriority,20000,true,min,227.000000,0.000295,0.000054,0.000005,32,80,10,true
scheduler_n5_s050_seed4.txt,Scheduler,5,RelaxPriority,2000,false,min,227.000000,0.000288,na,0.000009,157,269,76,true
scheduler_n5_s050_seed4.txt,Scheduler,5,RelaxPriority,5000,false,min,227.000000,0.000318,na,0.000012,157,269,76,true
scheduler_n5_s050_seed4.txt,Scheduler,5,RelaxPriority,20000,false,min,227.000000,0.000315,na,0.000010,157,269,76,true
scheduler_n5_s050_seed4.txt,Scheduler,5,RelaxPriority,10000,false,min,227.000000,0.000288,na,0.000009,157,269,76,true
scheduler_n5_s050_seed4.txt,Scheduler,5,RelaxGrouping,500,true,min,227.000000,0.000294,0.000058,0.000005,32,80,10,true
scheduler_n5_s050_seed4.txt,Scheduler,5,RelaxGrouping,1000,true,min,227.000000,0.000301,0.000055,0.000006,32,80,10,true
scheduler_n5_s050_seed4.txt,Scheduler,5,RelaxGrouping,2000,true,min,227.000000,0.000298,0.000056,0.000005,32,80,10,true
scheduler_n5_s050_seed4.txt,Scheduler,5,RelaxGrouping,5000,true,min,227.000000,0.000295,0.000060,0.000005,32,80,10,true
scheduler_n5_s050_seed4.txt,Scheduler,5,RelaxGrouping,10000,true,min,227.000000,0.000293,0.000054,0.000005,32,80,10,true
scheduler_n5_s050_seed4.txt,Scheduler,5,RelaxGrouping,20000,true,min,227.000000,0.000295,0.000053,0.000005,32,80,10,true
scheduler_n5_s050_seed4.txt,Scheduler,5,RelaxGrouping,500,false,min,227.000000,0.000277,na,0.000011,157,269,76,true
scheduler_n5_s050_seed4.txt,Scheduler,5,RelaxGrouping,1000,false,min,227.000000,0.000297,na,0.000010,157,269,76,true
scheduler_n5_s050_seed4.txt,Scheduler,5,RelaxGrouping,2000,false,min,227.000000,0.000300,na,0.000013,157,269,76,true
scheduler_n5_s050_seed4.txt,Scheduler,5,RelaxGrouping,5000,false,min,227.000000,0.000292,na,0.000008,157,269,76,true
scheduler_n5_s050_seed4.txt,Scheduler,5,RelaxGrouping,10000,false,min,227.000000,0.000296,na,0.000009,157,269,76,true
scheduler_n5_s050_seed4.txt,Scheduler,5,RelaxGrouping,20000,false,min,227.000000,0.000302,na,0.000013,157,269,76,true
scheduler_n5_s050_seed5.txt,Scheduler,5,Exact,2147483646,true,min,319.000000,0.000312,0.000062,0.000005,32,80,10,true
scheduler_n5_s050_seed5.txt,Scheduler,5,Exact,2147483646,false,min,319.000000,0.000317,na,0.000012,181,297,96,true
scheduler_n5_s050_seed5.txt,Scheduler,5,Restricted,500,true,min,319.000000,0.000348,0.000061,0.000005,32,80,10,true
scheduler_n5_s050_seed5.txt,Scheduler,5,Restricted,1000,true,min,319.000000,0.000325,0.000063,0.000005,32,80,10,true
scheduler_n5_s050_seed5.txt,Scheduler,5,Restricted,5000,true,min,319.000000,0.000321,0.000066,0.000005,32,80,10,true
scheduler_n5_s050_seed5.txt,Scheduler,5,Restricted,2000,true,min,319.000000,0.000309,0.000063,0.000005,32,80,10,true
scheduler_n5_s050_seed5.txt,Scheduler,5,Restricted,10000,true,min,319.000000,0.000329,0.000055,0.000005,32,80,10,true
scheduler_n5_s050_seed5.txt,Scheduler,5,Restricted,500,false,min,319.000000,0.000318,na,0.000013,181,297,96,true
scheduler_n5_s050_seed5.txt,Scheduler,5,Restricted,1000,false,min,319.000000,0.000316,na,0.000011,181,297,96,true
scheduler_n5_s050_seed5.txt,Scheduler,5,Restricted,20000,true,min,319.000000,0.000329,0.000062,0.000005,32,80,10,true
scheduler_n5_s050_seed5.txt,Scheduler,5,Restricted,2000,false,min,319.000000,0.000343,na,0.000016,181,297,96,true
scheduler_n5_s050_seed5.txt,Scheduler,5,Restricted,5000,false,min,319.000000,0.000305,na,0.000011,181,297,96,true
scheduler_n5_s050_seed5.txt,Scheduler,5,Restricted,10000,false,min,319.000000,0.000324,na,0.000013,181,297,96,true
scheduler_n5_s050_seed5.txt,Scheduler,5,Restricted,20000,false,min,319.000000,0.000309,na,0.000013,181,297,96,true
scheduler_n5_s050_seed5.txt,Scheduler,5,RelaxPriority,500,true,min,319.000000,0.000314,0.000078,0.000005,32,80,10,true
scheduler_n5_s050_seed5.txt,Scheduler,5,RelaxPriority,1000,true,min,319.000000,0.000312,0.000063,0.000005,32,80,10,true
scheduler_n5_s050_seed5.txt,Scheduler,5,RelaxPriority,2000,true,min,319.000000,0.000284,0.000058,0.000005,32,80,10,true
scheduler_n5_s050_seed5.txt,Scheduler,5,RelaxPriority,500,false,min,319.000000,0.000312,na,0.000013,181,297,96,true
scheduler_n5_s050_seed5.txt,Scheduler,5,RelaxPriority,5000,true,min,319.000000,0.000321,0.000066,0.000005,32,80,10,true
scheduler_n5_s050_seed5.txt,Scheduler,5,RelaxPriority,10000,true,min,319.000000,0.000342,0.000061,0.000005,32,80,10,true
scheduler_n5_s050_seed5.txt,Scheduler,5,RelaxPriority,20000,true,min,319.000000,0.000326,0.000063,0.000005,32,80,10,true
scheduler_n5_s050_seed5.txt,Scheduler,5,RelaxPriority,1000,false,min,319.000000,0.000327,na,0.000013,181,297,96,true
scheduler_n5_s050_seed5.txt,Scheduler,5,RelaxPriority,2000,false,min,319.000000,0.000404,na,0.000014,181,297,96,true
scheduler_n5_s050_seed5.txt,Scheduler,5,RelaxPriority,5000,false,min,319.000000,0.000337,na,0.000012,181,297,96,true
scheduler_n5_s050_seed5.txt,Scheduler,5,RelaxPriority,10000,false,min,319.000000,0.000325,na,0.000012,181,297,96,true
scheduler_n5_s050_seed5.txt,Scheduler,5,RelaxPriority,20000,false,min,319.000000,0.000317,na,0.000012,181,297,96,true
scheduler_n5_s050_seed5.txt,Scheduler,5,RelaxGrouping,500,true,min,319.000000,0.000292,0.000075,0.000007,32,80,10,true
scheduler_n5_s050_seed5.txt,Scheduler,5,RelaxGrouping,1000,true,min,319.000000,0.000322,0.000063,0.000006,32,80,10,true
scheduler_n5_s050_seed5.txt,Scheduler,5,RelaxGrouping,2000,true,min,319.000000,0.000321,0.000061,0.000005,32,80,10,true
scheduler_n5_s050_seed5.txt,Scheduler,5,RelaxGrouping,5000,true,min,319.000000,0.000316,0.000066,0.000005,32,80,10,true
scheduler_n5_s050_seed5.txt,Scheduler,5,RelaxGrouping,10000,true,min,319.000000,0.000322,0.000080,0.000005,32,80,10,true
scheduler_n5_s050_seed5.txt,Scheduler,5,RelaxGrouping,20000,true,min,319.000000,0.000318,0.000058,0.000005,32,80,10,true
scheduler_n5_s050_seed5.txt,Scheduler,5,RelaxGrouping,1000,false,min,319.000000,0.000355,na,0.000031,181,297,96,true
scheduler_n5_s050_seed5.txt,Scheduler,5,RelaxGrouping,500,false,min,319.000000,0.000320,na,0.000013,181,297,96,true
scheduler_n5_s050_seed5.txt,Scheduler,5,RelaxGrouping,2000,false,min,319.000000,0.000354,na,0.000012,181,297,96,true
scheduler_n5_s050_seed5.txt,Scheduler,5,RelaxGrouping,5000,false,min,319.000000,0.000357,na,0.000013,181,297,96,true
scheduler_n5_s050_seed5.txt,Scheduler,5,RelaxGrouping,10000,false,min,319.000000,0.000354,na,0.000015,181,297,96,true
scheduler_n5_s050_seed5.txt,Scheduler,5,RelaxGrouping,20000,false,min,319.000000,0.000345,na,0.000013,181,297,96,true
scheduler_n5_s100_seed1.txt,Scheduler,5,Exact,2147483646,true,min,445.000000,0.000287,0.000060,0.000006,32,80,10,true
scheduler_n5_s100_seed1.txt,Scheduler,5,Exact,2147483646,false,min,398.000000,0.000286,na,0.000011,175,290,91,true
scheduler_n5_s100_seed1.txt,Scheduler,5,Restricted,500,true,min,445.000000,0.000323,0.000079,0.000007,32,80,10,true
scheduler_n5_s100_seed1.txt,Scheduler,5,Restricted,1000,true,min,445.000000,0.000345,0.000066,0.000006,32,80,10,true
scheduler_n5_s100_seed1.txt,Scheduler,5,Restricted,5000,true,min,445.000000,0.000311,0.000062,0.000005,32,80,10,true
scheduler_n5_s100_seed1.txt,Scheduler,5,Restricted,10000,true,min,445.000000,0.000319,0.000063,0.000005,32,80,10,true
scheduler_n5_s100_seed1.txt,Scheduler,5,Restricted,2000,true,min,445.000000,0.000318,0.000059,0.000005,32,80,10,true
scheduler_n5_s100_seed1.txt,Scheduler,5,Restricted,20000,true,min,445.000000,0.000309,0.000060,0.000005,32,80,10,true
scheduler_n5_s100_seed1.txt,Scheduler,5,Restricted,500,false,min,398.000000,0.000318,na,0.000013,175,290,91,true
scheduler_n5_s100_seed1.txt,Scheduler,5,Restricted,1000,false,min,398.000000,0.000304,na,0.000012,175,290,91,true
scheduler_n5_s100_seed1.txt,Scheduler,5,Restricted,5000,false,min,398.000000,0.000325,na,0.000012,175,290,91,true
scheduler_n5_s100_seed1.txt,Scheduler,5,Restricted,2000,false,min,398.000000,0.000309,na,0.000012,175,290,91,true
scheduler_n5_s100_seed1.txt,Scheduler,5,Restricted,10000,false,min,398.000000,0.000284,na,0.000013,175,290,91,true
scheduler_n5_s100_seed1.txt,Scheduler,5,Restricted,20000,false,min,398.000000,0.000382,na,0.000013,175,290,91,true
scheduler_n5_s100_seed1.txt,Scheduler,5,RelaxPriority,500,true,min,445.000000,0.000321,0.000060,0.000005,32,80,10,true
scheduler_n5_s100_seed1.txt,Scheduler,5,RelaxPriority,1000,true,min,445.000000,0.000308,0.000058,0.000005,32,80,10,true
scheduler_n5_s100_seed1.txt,Scheduler,5,RelaxPriority,2000,true,min,445.000000,0.000345,0.000063,0.000005,32,80,10,true
scheduler_n5_s100_seed1.txt,Scheduler,5,RelaxPriority,5000,true,min,445.000000,0.000318,0.000055,0.000005,32,80,10,true
scheduler_n5_s100_seed1.txt,Scheduler,5,RelaxPriority,1000,false,min,398.000000,0.000306,na,0.000012,175,290,91,true
scheduler_n5_s100_seed1.txt,Scheduler,5,RelaxPriority,10000,true,min,445.000000,0.000328,0.000062,0.000005,32,80,10,true
scheduler_n5_s100_seed1.txt,Scheduler,5,RelaxPriority,20000,true,min,445.000000,0.000308,0.000062,0.000005,32,80,10,true
scheduler_n5_s100_seed1.txt,Scheduler,5,RelaxPriority,500,false,min,398.000000,0.000312,na,0.000012,175,290,91,true
scheduler_n5_s100_seed1.txt,Scheduler,5,RelaxPriority,2000,false,min,398.000000,0.000311,na,0.000014,175,290,91,true
scheduler_n5_s100_seed1.txt,Scheduler,5,RelaxPriority,5000,false,min,398.000000,0.000353,na,0.000013,175,290,91,true
scheduler_n5_s100_seed1.txt,Scheduler,5,RelaxPriority,10000,false,min,398.000000,0.000329,na,0.000013,175,290,91,true
scheduler_n5_s100_seed1.txt,Scheduler,5,RelaxPriority,20000,false,min,398.000000,0.000308,na,0.000012,175,290,91,true
scheduler_n5_s100_seed1.txt,Scheduler,5,RelaxGrouping,500,true,min,445.000000,0.000316,0.000060,0.000009,32,80,10,true
scheduler_n5_s100_seed1.txt,Scheduler,5,RelaxGrouping,1000,true,min,445.000000,0.000335,0.000057,0.000005,32,80,10,true
scheduler_n5_s100_seed1.txt,Scheduler,5,RelaxGrouping,2000,true,min,445.000000,0.000325,0.000061,0.000005,32,80,10,true
scheduler_n5_s100_seed1.txt,Scheduler,5,RelaxGrouping,10000,true,min,445.000000,0.000322,0.000065,0.000005,32,80,10,true
scheduler_n5_s100_seed1.txt,Scheduler,5,RelaxGrouping,5000,true,min,445.000000,0.000309,0.000062,0.000005,32,80,10,true
scheduler_n5_s100_seed1.txt,Scheduler,5,RelaxGrouping,20000,true,min,445.000000,0.000312,0.000059,0.000005,32,80,10,true
scheduler_n5_s100_seed1.txt,Scheduler,5,RelaxGrouping,500,false,min,398.000000,0.000325,na,0.000012,175,290,91,true
scheduler_n5_s100_seed1.txt,Scheduler,5,RelaxGrouping,2000,false,min,398.000000,0.000313,na,0.000012,175,290,91,true
scheduler_n5_s100_seed1.txt,Scheduler,5,RelaxGrouping,1000,false,min,398.000000,0.000303,na,0.000012,175,290,91,true
scheduler_n5_s100_seed1.txt,Scheduler,5,RelaxGrouping,5000,false,min,398.000000,0.000316,na,0.000013,175,290,91,true
scheduler_n5_s100_seed1.txt,Scheduler,5,RelaxGrouping,10000,false,min,398.000000,0.000315,na,0.000012,175,290,91,true
scheduler_n5_s100_seed1.txt,Scheduler,5,RelaxGrouping,20000,false,min,398.000000,0.000314,na,0.000013,175,290,91,true
scheduler_n5_s100_seed2.txt,Scheduler,5,Exact,2147483646,true,min,256.000000,0.000280,0.000052,0.000005,32,80,10,true
scheduler_n5_s100_seed2.txt,Scheduler,5,Exact,2147483646,false,min,256.000000,0.000279,na,0.000014,167,280,85,true
scheduler_n5_s100_seed2.txt,Scheduler,5,Restricted,500,true,min,256.000000,0.000299,0.000052,0.000005,32,80,10,true
scheduler_n5_s100_seed2.txt,Scheduler,5,Restricted,1000,true,min,256.000000,0.000319,0.000051,0.000005,32,80,10,true
scheduler_n5_s100_seed2.txt,Scheduler,5,Restricted,2000,true,min,256.000000,0.000308,0.000051,0.000006,32,80,10,true
scheduler_n5_s100_seed2.txt,Scheduler,5,Restricted,5000,true,min,256.000000,0.000293,0.000059,0.000005,32,80,10,true
scheduler_n5_s100_seed2.txt,Scheduler,5,Restricted,10000,true,min,256.000000,0.000299,0.000058,0.000005,32,80,10,true
scheduler_n5_s100_seed2.txt,Scheduler,5,Restricted,20000,true,min,256.000000,0.000305,0.000057,0.000005,32,80,10,true
scheduler_n5_s100_seed2.txt,Scheduler,5,Restricted,500,false,min,256.000000,0.000316,na,0.000012,167,280,85,true
scheduler_n5_s100_seed2.txt,Scheduler,5,Restricted,1000,false,min,256.000000,0.000297,na,0.000012,167,280,85,true
scheduler_n5_s100_seed2.txt,Scheduler,5,Restricted,2000,false,min,256.000000,0.000337,na,0.000013,167,280,85,true
scheduler_n5_s100_seed2.txt,Scheduler,5,Restricted,5000,false,min,256.000000,0.000316,na,0.000013,167,280,85,true
scheduler_n5_s100_seed2.txt,Scheduler,5,Restricted,10000,false,min,256.000000,0.000306,na,0.000013,167,280,85,true
scheduler_n5_s100_seed2.txt,Scheduler,5,Restricted,20000,false,min,256.000000,0.000279,na,0.000012,167,280,85,true
scheduler_n5_s100_seed2.txt,Scheduler,5,RelaxPriority,1000,true,min,256.000000,0.000346,0.000057,0.000005,32,80,10,true
scheduler_n5_s100_seed2.txt,Scheduler,5,RelaxPriority,500,true,min,256.000000,0.000339,0.000057,0.000005,32,80,10,true
scheduler_n5_s100_seed2.txt,Scheduler,5,RelaxPriority,2000,true,min,256.000000,0.000302,0.000060,0.000005,32,80,10,true
scheduler_n5_s100_seed2.txt,Scheduler,5,RelaxPriority,10000,true,min,256.000000,0.000285,0.000074,0.000007,32,80,10,true
scheduler_n5_s100_seed2.txt,Scheduler,5,RelaxPriority,5000,true,min,256.000000,0.000312,0.000054,0.000005,32,80,10,true
scheduler_n5_s100_seed2.txt,Scheduler,5,RelaxPriority,500,false,min,256.000000,0.000304,na,0.000017,167,280,85,true
scheduler_n5_s100_seed2.txt,Scheduler,5,RelaxPriority,1000,false,min,256.000000,0.000301,na,0.000012,167,280,85,true
scheduler_n5_s100_seed2.txt,Scheduler,5,RelaxPriority,20000,true,min,256.000000,0.000311,0.000057,0.000007,32,80,10,true
scheduler_n5_s100_seed2.txt,Scheduler,5,RelaxPriority,5000,false,min,256.000000,0.000275,na,0.000012,167,280,85,true
scheduler_n5_s100_seed2.txt,Scheduler,5,RelaxPriority,2000,false,min,256.000000,0.000302,na,0.000013,167,280,85,true
scheduler_n5_s100_seed2.txt,Scheduler,5,RelaxPriority,20000,false,min,256.000000,0.000317,na,0.000014,167,280,85,true
scheduler_n5_s100_seed2.txt,Scheduler,5,RelaxPriority,10000,false,min,256.000000,0.000300,na,0.000012,167,280,85,true
scheduler_n5_s100_seed2.txt,Scheduler,5,RelaxGrouping,500,true,min,256.000000,0.000309,0.000058,0.000005,32,80,10,true
scheduler_n5_s100_seed2.txt,Scheduler,5,RelaxGrouping,2000,true,min,256.000000,0.000279,0.000059,0.000006,32,80,10,true
scheduler_n5_s100_seed2.txt,Scheduler,5,RelaxGrouping,1000,true,min,256.000000,0.000302,0.000058,0.000009,32,80,10,true
scheduler_n5_s100_seed2.txt,Scheduler,5,RelaxGrouping,10000,true,min,256.000000,0.000346,0.000060,0.000005,32,80,10,true
scheduler_n5_s100_seed2.txt,Scheduler,5,RelaxGrouping,5000,true,min,256.000000,0.000304,0.000056,0.000005,32,80,10,true
scheduler_n5_s100_seed2.txt,Scheduler,5,RelaxGrouping,20000,true,min,256.000000,0.000302,0.000060,0.000005,32,80,10,true
scheduler_n5_s100_seed2.txt,Scheduler,5,RelaxGrouping,500,false,min,256.000000,0.000309,na,0.000012,167,280,85,true
scheduler_n5_s100_seed2.txt,Scheduler,5,RelaxGrouping,1000,false,min,256.000000,0.000316,na,0.000012,167,280,85,true
scheduler_n5_s100_seed2.txt,Scheduler,5,RelaxGrouping,5000,false,min,256.000000,0.000299,na,0.000015,167,280,85,true
scheduler_n5_s100_seed2.txt,Scheduler,5,RelaxGrouping,2000,false,min,256.000000,0.000318,na,0.000011,167,280,85,true
scheduler_n5_s100_seed2.txt,Scheduler,5,RelaxGrouping,10000,false,min,256.000000,0.000309,na,0.000012,167,280,85,true
scheduler_n5_s100_seed2.txt,Scheduler,5,RelaxGrouping,20000,false,min,256.000000,0.000310,na,0.000012,167,280,85,true
scheduler_n5_s100_seed3.txt,Scheduler,5,Exact,2147483646,true,min,858.000000,0.000336,0.000064,0.000005,32,80,10,true
scheduler_n5_s100_seed3.txt,Scheduler,5,Exact,2147483646,false,min,858.000000,0.000293,na,0.000012,185,301,100,true
scheduler_n5_s100_seed3.txt,Scheduler,5,Restricted,500,true,min,858.000000,0.000319,0.000067,0.000006,32,80,10,true
scheduler_n5_s100_seed3.txt,Scheduler,5,Restricted,5000,true,min,858.000000,0.000317,0.000062,0.000005,32,80,10,true
scheduler_n5_s100_seed3.txt,Scheduler,5,Restricted,2000,true,min,858.000000,0.000314,0.000061,0.000005,32,80,10,true
scheduler_n5_s100_seed3.txt,Scheduler,5,Restricted,1000,true,min,858.000000,0.000323,0.000066,0.000006,32,80,10,true
scheduler_n5_s100_seed3.txt,Scheduler,5,Restricted,10000,true,min,858.000000,0.000334,0.000062,0.000007,32,80,10,true
scheduler_n5_s100_seed3.txt,Scheduler,5,Restricted,500,false,min,858.000000,0.000321,na,0.000012,185,301,100,true
scheduler_n5_s100_seed3.txt,Scheduler,5,Restricted,1000,false,min,858.000000,0.000330,na,0.000014,185,301,100,true
scheduler_n5_s100_seed3.txt,Scheduler,5,Restricted,2000,false,min,858.000000,0.000319,na,0.000012,185,301,100,true
scheduler_n5_s100_seed3.txt,Scheduler,5,Restricted,20000,true,min,858.000000,0.000317,0.000068,0.000005,32,80,10,true
scheduler_n5_s100_seed3.txt,Scheduler,5,Restricted,5000,false,min,858.000000,0.000294,na,0.000011,185,301,100,true
scheduler_n5_s100_seed3.txt,Scheduler,5,Restricted,10000,false,min,858.000000,0.000337,na,0.000013,185,301,100,true
scheduler_n5_s100_seed3.txt,Scheduler,5,Restricted,20000,false,min,858.000000,0.000320,na,0.000013,185,301,100,true
scheduler_n5_s100_seed3.txt,Scheduler,5,RelaxPriority,1000,true,min,858.000000,0.000335,0.000062,0.000005,32,80,10,true
scheduler_n5_s100_seed3.txt,Scheduler,5,RelaxPriority,500,true,min,858.000000,0.000354,0.000062,0.000005,32,80,10,true
scheduler_n5_s100_seed3.txt,Scheduler,5,RelaxPriority,2000,true,min,858.000000,0.000290,0.000056,0.000006,32,80,10,true
scheduler_n5_s100_seed3.txt,Scheduler,5,RelaxPriority,500,false,min,858.000000,0.000335,na,0.000014,185,301,100,true
scheduler_n5_s100_seed3.txt,Scheduler,5,RelaxPriority,10000,true,min,858.000000,0.000332,0.000065,0.000005,32,80,10,true
scheduler_n5_s100_seed3.txt,Scheduler,5,RelaxPriority,20000,true,min,858.000000,0.000337,0.000062,0.000005,32,80,10,true
scheduler_n5_s100_seed3.txt,Scheduler,5,RelaxPriority,5000,true,min,858.000000,0.000322,0.000069,0.000005,32,80,10,true
scheduler_n5_s100_seed3.txt,Scheduler,5,RelaxPriority,1000,false,min,858.000000,0.000325,na,0.000011,185,301,100,true
scheduler_n5_s100_seed3.txt,Scheduler,5,RelaxPriority,5000,false,min,858.000000,0.000327,na,0.000015,185,301,100,true
scheduler_n5_s100_seed3.txt,Scheduler,5,RelaxPriority,20000,false,min,858.000000,0.000315,na,0.000012,185,301,100,true
scheduler_n5_s100_seed3.txt,Scheduler,5,RelaxPriority,2000,false,min,858.000000,0.000320,na,0.000012,185,301,100,true
scheduler_n5_s100_seed3.txt,Scheduler,5,RelaxPriority,10000,false,min,858.000000,0.000316,na,0.000012,185,301,100,true
scheduler_n5_s100_seed3.txt,Scheduler,5,RelaxGrouping,500,true,min,858.000000,0.000329,0.000062,0.000005,32,80,10,true
scheduler_n5_s100_seed3.txt,Scheduler,5,RelaxGrouping,2000,true,min,858.000000,0.000341,0.000064,0.000006,32,80,10,true
scheduler_n5_s100_seed3.txt,Scheduler,5,RelaxGrouping,1000,true,min,858.000000,0.000389,0.000064,0.000005,32,80,10,true
scheduler_n5_s100_seed3.txt,Scheduler,5,RelaxGrouping,5000,true,min,858.000000,0.000326,0.000063,0.000005,32,80,10,true
scheduler_n5_s100_seed3.txt,Scheduler,5,RelaxGrouping,10000,true,min,858.000000,0.000321,0.000061,0.000005,32,80,10,true
scheduler_n5_s100_seed3.txt,Scheduler,5,RelaxGrouping,20000,true,min,858.000000,0.000299,0.000054,0.000005,32,80,10,true
scheduler_n5_s100_seed3.txt,Scheduler,5,RelaxGrouping,500,false,min,858.000000,0.000336,na,0.000015,185,301,100,true
scheduler_n5_s100_seed3.txt,Scheduler,5,RelaxGrouping,1000,false,min,858.000000,0.000318,na,0.000012,185,301,100,true
scheduler_n5_s100_seed3.txt,Scheduler,5,RelaxGrouping,2000,false,min,858.000000,0.000321,na,0.000012,185,301,100,true
scheduler_n5_s100_seed3.txt,Scheduler,5,RelaxGrouping,5000,false,min,858.000000,0.000358,na,0.000012,185,301,100,true
scheduler_n5_s100_seed3.txt,Scheduler,5,RelaxGrouping,10000,false,min,858.000000,0.000327,na,0.000013,185,301,100,true
scheduler_n5_s100_seed3.txt,Scheduler,5,RelaxGrouping,20000,false,min,858.000000,0.000335,na,0.000013,185,301,100,true
scheduler_n5_s100_seed4.txt,Scheduler,5,Exact,2147483646,true,min,194.000000,0.000322,0.000063,0.000005,32,80,10,true
scheduler_n5_s100_seed4.txt,Scheduler,5,Exact,2147483646,false,min,194.000000,0.000318,na,0.000010,188,303,104,true
scheduler_n5_s100_seed4.txt,Scheduler,5,Restricted,500,true,min,194.000000,0.000292,0.000057,0.000005,32,80,10,true
scheduler_n5_s100_seed4.txt,Scheduler,5,Restricted,5000,true,min,194.000000,0.000358,0.000069,0.000005,32,80,10,true
scheduler_n5_s100_seed4.txt,Scheduler,5,Restricted,2000,true,min,194.000000,0.000327,0.000062,0.000006,32,80,10,true
scheduler_n5_s100_seed4.txt,Scheduler,5,Restricted,1000,true,min,194.000000,0.000297,0.000064,0.000005,32,80,10,true
scheduler_n5_s100_seed4.txt,Scheduler,5,Restricted,10000,true,min,194.000000,0.000326,0.000062,0.000005,32,80,10,true
scheduler_n5_s100_seed4.txt,Scheduler,5,Restricted,20000,true,min,194.000000,0.000293,0.000057,0.000005,32,80,10,true
scheduler_n5_s100_seed4.txt,Scheduler,5,Restricted,1000,false,min,194.000000,0.000341,na,0.000011,188,303,104,true
scheduler_n5_s100_seed4.txt,Scheduler,5,Restricted,500,false,min,194.000000,0.000324,na,0.000010,188,303,104,true
scheduler_n5_s100_seed4.txt,Scheduler,5,Restricted,2000,false,min,194.000000,0.000310,na,0.000009,188,303,104,true
scheduler_n5_s100_seed4.txt,Scheduler,5,Restricted,5000,false,min,194.000000,0.000323,na,0.000010,188,303,104,true
scheduler_n5_s100_seed4.txt,Scheduler,5,Restricted,10000,false,min,194.000000,0.000328,na,0.000027,188,303,104,true
scheduler_n5_s100_seed4.txt,Scheduler,5,Restricted,20000,false,min,194.000000,0.000322,na,0.000011,188,303,104,true
scheduler_n5_s100_seed4.txt,Scheduler,5,RelaxPriority,500,true,min,194.000000,0.000341,0.000083,0.000005,32,80,10,true
scheduler_n5_s100_seed4.txt,Scheduler,5,RelaxPriority,1000,true,min,194.000000,0.000319,0.000064,0.000005,32,80,10,true
scheduler_n5_s100_seed4.txt,Scheduler,5,RelaxPriority,2000,true,min,194.000000,0.000329,0.000065,0.000005,32,80,10,true
scheduler_n5_s100_seed4.txt,Scheduler,5,RelaxPriority,5000,true,min,194.000000,0.000336,0.000056,0.000005,32,80,10,true
scheduler_n5_s100_seed4.txt,Scheduler,5,RelaxPriority,10000,true,min,194.000000,0.000326,0.000064,0.000006,32,80,10,true
scheduler_n5_s100_seed4.txt,Scheduler,5,RelaxPriority,500,false,min,194.000000,0.000376,na,0.000010,188,303,104,true
scheduler_n5_s100_seed4.txt,Scheduler,5,RelaxPriority,1000,false,min,194.000000,0.000315,na,0.000010,188,303,104,true
scheduler_n5_s100_seed4.txt,Scheduler,5,RelaxPriority,20000,true,min,194.000000,0.000319,0.000071,0.000005,32,80,10,true
scheduler_n5_s100_seed4.txt,Scheduler,5,RelaxPriority,2000,false,min,194.000000,0.000296,na,0.000010,188,303,104,true
scheduler_n5_s100_seed4.txt,Scheduler,5,RelaxPriority,10000,false,min,194.000000,0.000361,na,0.000010,188,303,104,true
scheduler_n5_s100_seed4.txt,Scheduler,5,RelaxPriority,5000,false,min,194.000000,0.000323,na,0.000010,188,303,104,true
scheduler_n5_s100_seed4.txt,Scheduler,5,RelaxPriority,20000,false,min,194.000000,0.000331,na,0.000009,188,303,104,true
scheduler_n5_s100_seed4.txt,Scheduler,5,RelaxGrouping,500,true,min,194.000000,0.000408,0.000067,0.000005,32,80,10,true
scheduler_n5_s100_seed4.txt,Scheduler,5,RelaxGrouping,1000,true,min,194.000000,0.000295,0.000059,0.000006,32,80,10,true
scheduler_n5_s100_seed4.txt,Scheduler,5,RelaxGrouping,5000,true,min,194.000000,0.000330,0.000067,0.000005,32,80,10,true
scheduler_n5_s100_seed4.txt,Scheduler,5,RelaxGrouping,2000,true,min,194.000000,0.000326,0.000064,0.000005,32,80,10,true
scheduler_n5_s100_seed4.txt,Scheduler,5,RelaxGrouping,10000,true,min,194.000000,0.000339,0.000062,0.000005,32,80,10,true
scheduler_n5_s100_seed4.txt,Scheduler,5,RelaxGrouping,20000,true,min,194.000000,0.000324,0.000068,0.000006,32,80,10,true
scheduler_n5_s100_seed4.txt,Scheduler,5,RelaxGrouping,500,false,min,194.000000,0.000304,na,0.000010,188,303,104,true
scheduler_n5_s100_seed4.txt,Scheduler,5,RelaxGrouping,1000,false,min,194.000000,0.000324,na,0.000011,188,303,104,true
scheduler_n5_s100_seed4.txt,Scheduler,5,RelaxGrouping,10000,false,min,194.000000,0.000319,na,0.000010,188,303,104,true
scheduler_n5_s100_seed4.txt,Scheduler,5,RelaxGrouping,2000,false,min,194.000000,0.000318,na,0.000009,188,303,104,true
scheduler_n5_s100_seed4.txt,Scheduler,5,RelaxGrouping,5000,false,min,194.000000,0.000364,na,0.000010,188,303,104,true
scheduler_n5_s100_seed4.txt,Scheduler,5,RelaxGrouping,20000,false,min,194.000000,0.000305,na,0.000010,188,303,104,true
scheduler_n5_s100_seed5.txt,Scheduler,5,Exact,2147483646,true,min,374.000000,0.000289,0.000055,0.000005,32,80,10,true
scheduler_n5_s100_seed5.txt,Scheduler,5,Exact,2147483646,false,min,370.000000,0.000286,na,0.000013,180,295,96,true
scheduler_n5_s100_seed5.txt,Scheduler,5,Restricted,1000,true,min,374.000000,0.000281,0.000057,0.000005,32,80,10,true
scheduler_n5_s100_seed5.txt,Scheduler,5,Restricted,500,true,min,374.000000,0.000323,0.000063,0.000006,32,80,10,true
scheduler_n5_s100_seed5.txt,Scheduler,5,Restricted,2000,true,min,374.000000,0.000337,0.000078,0.000005,32,80,10,true
scheduler_n5_s100_seed5.txt,Scheduler,5,Restricted,5000,true,min,374.000000,0.000315,0.000063,0.000005,32,80,10,true
scheduler_n5_s100_seed5.txt,Scheduler,5,Restricted,10000,true,min,374.000000,0.000316,0.000065,0.000005,32,80,10,true
scheduler_n5_s100_seed5.txt,Scheduler,5,Restricted,500,false,min,370.000000,0.000284,na,0.000014,180,295,96,true
scheduler_n5_s100_seed5.txt,Scheduler,5,Restricted,20000,true,min,374.000000,0.000293,0.000061,0.000005,32,80,10,true
scheduler_n5_s100_seed5.txt,Scheduler,5,Restricted,1000,false,min,370.000000,0.000330,na,0.000013,180,295,96,true
scheduler_n5_s100_seed5.txt,Scheduler,5,Restricted,2000,false,min,370.000000,0.000352,na,0.000012,180,295,96,true
scheduler_n5_s100_seed5.txt,Scheduler,5,Restricted,5000,false,min,370.000000,0.000330,na,0.000012,180,295,96,true
scheduler_n5_s100_seed5.txt,Scheduler,5,Restricted,10000,false,min,370.000000,0.000317,na,0.000013,180,295,96,true
scheduler_n5_s100_seed5.txt,Scheduler,5,Restricted,20000,false,min,370.000000,0.000315,na,0.000014,180,295,96,true
scheduler_n5_s100_seed5.txt,Scheduler,5,RelaxPriority,500,true,min,374.000000,0.000314,0.000062,0.000005,32,80,10,true
scheduler_n5_s100_seed5.txt,Scheduler,5,RelaxPriority,2000,true,min,374.000000,0.000316,0.000060,0.000005,32,80,10,true
scheduler_n5_s100_seed5.txt,Scheduler,5,RelaxPriority,1000,true,min,374.000000,0.000313,0.000059,0.000004,32,80,10,true
scheduler_n5_s100_seed5.txt,Scheduler,5,RelaxPriority,5000,true,min,374.000000,0.000287,0.000055,0.000005,32,80,10,true
scheduler_n5_s100_seed5.txt,Scheduler,5,RelaxPriority,10000,true,min,374.000000,0.000280,0.000060,0.000005,32,80,10,true
scheduler_n5_s100_seed5.txt,Scheduler,5,RelaxPriority,500,false,min,370.000000,0.000308,na,0.000013,180,295,96,true
scheduler_n5_s100_seed5.txt,Scheduler,5,RelaxPriority,1000,false,min,370.000000,0.000314,na,0.000012,180,295,96,true
scheduler_n5_s100_seed5.txt,Scheduler,5,RelaxPriority,20000,true,min,374.000000,0.000322,0.000080,0.000005,32,80,10,true
scheduler_n5_s100_seed5.txt,Scheduler,5,RelaxPriority,2000,false,min,370.000000,0.000317,na,0.000013,180,295,96,true
scheduler_n5_s100_seed5.txt,Scheduler,5,RelaxPriority,5000,false,min,370.000000,0.000314,na,0.000012,180,295,96,true
scheduler_n5_s100_seed5.txt,Scheduler,5,RelaxPriority,10000,false,min,370.000000,0.000345,na,0.000013,180,295,96,true
scheduler_n5_s100_seed5.txt,Scheduler,5,RelaxPriority,20000,false,min,370.000000,0.000314,na,0.000012,180,295,96,true
scheduler_n5_s100_seed5.txt,Scheduler,5,RelaxGrouping,500,true,min,374.000000,0.000330,0.000067,0.000005,32,80,10,true
scheduler_n5_s100_seed5.txt,Scheduler,5,RelaxGrouping,1000,true,min,374.000000,0.000324,0.000065,0.000005,32,80,10,true
scheduler_n5_s100_seed5.txt,Scheduler,5,RelaxGrouping,2000,true,min,374.000000,0.000341,0.000063,0.000005,32,80,10,true
scheduler_n5_s100_seed5.txt,Scheduler,5,RelaxGrouping,5000,true,min,374.000000,0.000366,0.000061,0.000005,32,80,10,true
scheduler_n5_s100_seed5.txt,Scheduler,5,RelaxGrouping,20000,true,min,374.000000,0.000339,0.000063,0.000005,32,80,10,true
scheduler_n5_s100_seed5.txt,Scheduler,5,RelaxGrouping,10000,true,min,374.000000,0.000319,0.000061,0.000005,32,80,10,true
scheduler_n5_s100_seed5.txt,Scheduler,5,RelaxGrouping,1000,false,min,370.000000,0.000334,na,0.000014,180,295,96,true
scheduler_n5_s100_seed5.txt,Scheduler,5,RelaxGrouping,500,false,min,370.000000,0.000343,na,0.000013,180,295,96,true
scheduler_n5_s100_seed5.txt,Scheduler,5,RelaxGrouping,2000,false,min,370.000000,0.000322,na,0.000027,180,295,96,true
scheduler_n5_s100_seed5.txt,Scheduler,5,RelaxGrouping,10000,false,min,370.000000,0.000329,na,0.000012,180,295,96,true
scheduler_n5_s100_seed5.txt,Scheduler,5,RelaxGrouping,5000,false,min,370.000000,0.000313,na,0.000011,180,295,96,true
scheduler_n5_s100_seed5.txt,Scheduler,5,RelaxGrouping,20000,false,min,370.000000,0.000327,na,0.000013,180,295,96,true
scheduler_n10_s025_seed1.txt,Scheduler,10,Exact,2147483646,true,min,1312.000000,0.219125,0.067713,0.000271,1024,5120,252,true
scheduler_n10_s025_seed1.txt,Scheduler,10,Exact,2147483646,false,min,1312.000000,0.217041,na,0.013401,42847,162536,12356,true
scheduler_n10_s025_seed1.txt,Scheduler,10,Restricted,500,true,min,1338.000000,0.021759,0.002452,0.000135,1371,3573,369,true
scheduler_n10_s025_seed1.txt,Scheduler,10,Restricted,1000,true,min,1316.000000,0.038972,0.004943,0.000237,2268,6590,760,true
scheduler_n10_s025_seed1.txt,Scheduler,10,Restricted,2000,true,min,1312.000000,0.075682,0.011055,0.000433,3592,11558,1351,true
scheduler_n10_s025_seed1.txt,Scheduler,10,Restricted,5000,true,min,1312.000000,0.145465,0.030423,0.000603,4068,17292,2101,true
scheduler_n10_s025_seed1.txt,Scheduler,10,Restricted,10000,true,min,1312.000000,0.206108,0.060740,0.000725,3809,19636,1802,true
scheduler_n10_s025_seed1.txt,Scheduler,10,Restricted,500,false,min,1338.000000,0.021175,na,0.000318,3092,7075,500,true
scheduler_n10_s025_seed1.txt,Scheduler,10,Restricted,1000,false,min,1316.000000,0.038602,na,0.000673,5948,14989,1000,true
scheduler_n10_s025_seed1.txt,Scheduler,10,Restricted,2000,false,min,1312.000000,0.071552,na,0.001413,10956,30413,2000,true
scheduler_n10_s025_seed1.txt,Scheduler,10,Restricted,20000,true,min,1312.000000,0.237914,0.072382,0.000296,1024,5120,252,true
scheduler_n10_s025_seed1.txt,Scheduler,10,Restricted,5000,false,min,1312.000000,0.128501,na,0.003446,23703,76548,5000,true
scheduler_n10_s025_seed1.txt,Scheduler,10,RelaxPriority,500,true,min,305.000000,0.055868,0.003489,0.000544,2362,14464,442,true
scheduler_n10_s025_seed1.txt,Scheduler,10,RelaxPriority,1000,true,min,351.000000,0.088287,0.007690,0.000952,4423,25199,921,true
scheduler_n10_s025_seed1.txt,Scheduler,10,Restricted,10000,false,min,1312.000000,0.223367,na,0.010861,37888,138534,10000,true
scheduler_n10_s025_seed1.txt,Scheduler,10,Restricted,20000,false,min,1312.000000,0.240387,na,0.014679,42847,162536,12356,true
scheduler_n10_s025_seed1.txt,Scheduler,10,RelaxPriority,2000,true,min,414.000000,0.137658,0.012694,0.001462,8533,45095,1762,true
scheduler_n10_s025_seed1.txt,Scheduler,10,RelaxPriority,500,false,min,305.000000,0.054821,na,0.000713,3602,20950,500,true
scheduler_n10_s025_seed1.txt,Scheduler,10,RelaxPriority,20000,true,min,1312.000000,0.242530,0.095937,0.000413,1024,5120,252,true
scheduler_n10_s025_seed1.txt,Scheduler,10,RelaxPriority,10000,true,min,948.000000,0.259994,0.098687,0.001469,5140,28382,2001,true
scheduler_n10_s025_seed1.txt,Scheduler,10,RelaxPriority,5000,true,min,531.000000,0.308779,0.063367,0.006358,18157,90073,4639,true
scheduler_n10_s025_seed1.txt,Scheduler,10,RelaxPriority,1000,false,min,351.000000,0.081195,na,0.001117,6753,36253,1000,true
scheduler_n10_s025_seed1.txt,Scheduler,10,RelaxPriority,2000,false,min,414.000000,0.154783,na,0.003265,12752,62474,2000,true
scheduler_n10_s025_seed1.txt,Scheduler,10,RelaxPriority,20000,false,min,1312.000000,0.242920,na,0.015365,42847,162536,12356,true
scheduler_n10_s025_seed1.txt,Scheduler,10,RelaxPriority,10000,false,min,948.000000,0.264298,na,0.015914,45809,174836,10000,true
scheduler_n10_s025_seed1.txt,Scheduler,10,RelaxPriority,5000,false,min,531.000000,0.313916,na,0.012049,29007,131783,5000,true
scheduler_n10_s025_seed1.txt,Scheduler,10,RelaxGrouping,5000,true,min,287.000000,0.179287,0.048150,0.002810,9357,51791,3290,true
scheduler_n10_s025_seed1.txt,Scheduler,10,RelaxGrouping,10000,true,min,503.000000,0.249250,0.089697,0.001219,4562,26085,2027,true
scheduler_n10_s025_seed1.txt,Scheduler,10,RelaxGrouping,20000,true,min,1312.000000,0.252283,0.097460,0.000361,1024,5120,252,true
scheduler_n10_s025_seed1.txt,Scheduler,10,RelaxGrouping,5000,false,min,285.000000,0.163586,na,0.007607,27955,122617,4988,true
scheduler_n10_s025_seed1.txt,Scheduler,10,RelaxGrouping,10000,false,min,497.000000,0.224129,na,0.013083,41772,173610,9552,true
scheduler_n10_s025_seed1.txt,Scheduler,10,RelaxGrouping,20000,false,min,1312.000000,0.233286,na,0.015903,42847,162536,12356,true
scheduler_n10_s025_seed2.txt,Scheduler,10,Exact,2147483646,true,min,1616.000000,0.190350,0.073675,0.000333,1024,5120,252,true
scheduler_n10_s025_seed2.txt,Scheduler,10,Exact,2147483646,false,min,1609.000000,0.178754,na,0.010171,36289,139128,10346,true
scheduler_n10_s025_seed2.txt,Scheduler,10,Restricted,500,true,min,1616.000000,0.019541,0.002199,0.000112,1243,3541,394,true
scheduler_n10_s025_seed2.txt,Scheduler,10,Restricted,1000,true,min,1616.000000,0.035449,0.004915,0.000223,1931,6223,709,true
scheduler_n10_s025_seed2.txt,Scheduler,10,Restricted,2000,true,min,1616.000000,0.067472,0.011944,0.000369,2808,10099,1203,true
scheduler_n10_s025_seed2.txt,Scheduler,10,Restricted,5000,true,min,1616.000000,0.123565,0.032755,0.000573,3665,16519,1819,true
scheduler_n10_s025_seed2.txt,Scheduler,10,Restricted,500,false,min,1616.000000,0.018611,na,0.000319,3122,7725,500,true
scheduler_n10_s025_seed2.txt,Scheduler,10,Restricted,20000,true,min,1616.000000,0.186656,0.069813,0.000346,1024,5120,252,true
scheduler_n10_s025_seed2.txt,Scheduler,10,Restricted,10000,true,min,1616.000000,0.188319,0.069954,0.000473,1878,10130,602,true
scheduler_n10_s025_seed2.txt,Scheduler,10,Restricted,1000,false,min,1616.000000,0.033277,na,0.000598,5960,15987,1000,true
scheduler_n10_s025_seed2.txt,Scheduler,10,Restricted,2000,false,min,1609.000000,0.063261,na,0.001521,10900,32099,2000,true
scheduler_n10_s025_seed2.txt,Scheduler,10,Restricted,5000,false,min,1609.000000,0.130154,na,0.004612,22896,77261,5000,true
scheduler_n10_s025_seed2.txt,Scheduler,10,Restricted,10000,false,min,1609.000000,0.197575,na,0.010431,35570,135762,10000,true
scheduler_n10_s025_seed2.txt,Scheduler,10,Restricted,20000,false,min,1609.000000,0.183471,na,0.009814,36289,139128,10346,true
scheduler_n10_s025_seed2.txt,Scheduler,10,RelaxPriority,500,true,min,547.000000,0.050698,0.003308,0.000562,2293,13861,459,true
scheduler_n10_s025_seed2.txt,Scheduler,10,RelaxPriority,1000,true,min,836.000000,0.079401,0.006841,0.000824,4260,24389,887,true
scheduler_n10_s025_seed2.txt,Scheduler,10,RelaxPriority,2000,true,min,1049.000000,0.117102,0.014483,0.001393,7512,38177,1751,true
scheduler_n10_s025_seed2.txt,Scheduler,10,RelaxPriority,5000,true,min,1205.000000,0.228060,0.042808,0.004452,16739,82061,4576,true
scheduler_n10_s025_seed2.txt,Scheduler,10,RelaxPriority,500,false,min,547.000000,0.047049,na,0.000736,3600,20435,500,true
scheduler_n10_s025_seed2.txt,Scheduler,10,RelaxPriority,20000,true,min,1616.000000,0.189776,0.072115,0.000331,1024,5120,252,true
scheduler_n10_s025_seed2.txt,Scheduler,10,RelaxPriority,10000,true,min,1616.000000,0.195849,0.073975,0.000585,2124,11629,628,true
scheduler_n10_s025_seed2.txt,Scheduler,10,RelaxPriority,1000,false,min,836.000000,0.077025,na,0.001211,6736,36016,1000,true
scheduler_n10_s025_seed2.txt,Scheduler,10,RelaxPriority,2000,false,min,1049.000000,0.118675,na,0.003057,12735,58891,2000,true
scheduler_n10_s025_seed2.txt,Scheduler,10,RelaxPriority,10000,false,min,1609.000000,0.196636,na,0.011102,36419,139995,10000,true
scheduler_n10_s025_seed2.txt,Scheduler,10,RelaxPriority,5000,false,min,1205.000000,0.256368,na,0.009364,28747,124675,5000,true
scheduler_n10_s025_seed2.txt,Scheduler,10,RelaxPriority,20000,false,min,1609.000000,0.183679,na,0.009817,36289,139128,10346,true
scheduler_n10_s025_seed2.txt,Scheduler,10,RelaxGrouping,10000,true,min,865.000000,0.212526,0.088237,0.000783,2259,12746,665,true
scheduler_n10_s025_seed2.txt,Scheduler,10,RelaxGrouping,20000,true,min,1616.000000,0.216506,0.082424,0.000403,1024,5120,252,true
scheduler_n10_s025_seed2.txt,Scheduler,10,RelaxGrouping,10000,false,min,865.000000,0.217542,na,0.015133,38012,153101,9923,true
scheduler_n10_s025_seed2.txt,Scheduler,10,RelaxGrouping,20000,false,min,1609.000000,0.215292,na,0.014490,36289,139128,10346,true
scheduler_n10_s025_seed3.txt,Scheduler,10,Exact,2147483646,true,min,1993.000000,0.220323,0.094945,0.000428,1024,5120,252,true
scheduler_n10_s025_seed3.txt,Scheduler,10,Exact,2147483646,false,min,1957.000000,0.230176,na,0.015605,38677,147533,11080,true
scheduler_n10_s025_seed3.txt,Scheduler,10,Restricted,500,true,min,1989.000000,0.020628,0.002246,0.000148,1406,3955,378,true
scheduler_n10_s025_seed3.txt,Scheduler,10,Restricted,1000,true,min,1957.000000,0.036587,0.006402,0.000347,2207,6750,704,true
scheduler_n10_s025_seed3.txt,Scheduler,10,Restricted,2000,true,min,1957.000000,0.068550,0.016280,0.000618,3493,11975,1314,true
scheduler_n10_s025_seed3.txt,Scheduler,10,Restricted,5000,true,min,1993.000000,0.140488,0.046870,0.000705,3709,16561,1834,true
scheduler_n10_s025_seed3.txt,Scheduler,10,Restricted,10000,true,min,1993.000000,0.214894,0.085342,0.000768,2642,14236,1051,true
scheduler_n10_s025_seed3.txt,Scheduler,10,Restricted,20000,true,min,1993.000000,0.213362,0.082238,0.000406,1024,5120,252,true
scheduler_n10_s025_seed3.txt,Scheduler,10,Restricted,500,false,min,1989.000000,0.019387,na,0.000300,3150,7667,500,true
scheduler_n10_s025_seed3.txt,Scheduler,10,Restricted,1000,false,min,1957.000000,0.036364,na,0.000898,5952,15672,1000,true
scheduler_n10_s025_seed3.txt,Scheduler,10,Restricted,2000,false,min,1957.000000,0.064589,na,0.001902,10925,31340,2000,true
scheduler_n10_s025_seed3.txt,Scheduler,10,Restricted,5000,false,min,1957.000000,0.139740,na,0.006722,23207,77157,5000,true
scheduler_n10_s025_seed3.txt,Scheduler,10,Restricted,10000,false,min,1957.000000,0.214687,na,0.013707,36564,137108,10000,true
scheduler_n10_s025_seed3.txt,Scheduler,10,Restricted,20000,false,min,1957.000000,0.213457,na,0.013917,38677,147533,11080,true
scheduler_n10_s025_seed3.txt,Scheduler,10,RelaxPriority,500,true,min,701.000000,0.052142,0.003965,0.000633,2311,13797,424,true
scheduler_n10_s025_seed3.txt,Scheduler,10,RelaxPriority,1000,true,min,879.000000,0.084200,0.008626,0.000950,3965,22656,866,true
scheduler_n10_s025_seed3.txt,Scheduler,10,RelaxPriority,2000,true,min,1045.000000,0.149872,0.021654,0.002232,7550,41329,1674,true
scheduler_n10_s025_seed3.txt,Scheduler,10,RelaxPriority,5000,true,min,1174.000000,0.242929,0.055771,0.007029,16704,79656,4469,true
scheduler_n10_s025_seed3.txt,Scheduler,10,RelaxPriority,10000,true,min,1936.000000,0.226125,0.088739,0.001139,3498,19275,1192,true
scheduler_n10_s025_seed3.txt,Scheduler,10,RelaxPriority,20000,true,min,1993.000000,0.212112,0.084812,0.000395,1024,5120,252,true
scheduler_n10_s025_seed3.txt,Scheduler,10,RelaxPriority,500,false,min,701.000000,0.050054,na,0.000851,3602,20441,500,true
scheduler_n10_s025_seed3.txt,Scheduler,10,RelaxPriority,1000,false,min,879.000000,0.081749,na,0.001583,6741,35600,1000,true
scheduler_n10_s025_seed3.txt,Scheduler,10,RelaxPriority,2000,false,min,1045.000000,0.149328,na,0.004205,12741,64318,2000,true
scheduler_n10_s025_seed3.txt,Scheduler,10,RelaxPriority,5000,false,min,1174.000000,0.242565,na,0.012238,28832,120136,5000,true
scheduler_n10_s025_seed3.txt,Scheduler,10,RelaxPriority,10000,false,min,1936.000000,0.232728,na,0.014481,40068,153725,10000,true
scheduler_n10_s025_seed3.txt,Scheduler,10,RelaxPriority,20000,false,min,1957.000000,0.222431,na,0.014204,38677,147533,11080,true
scheduler_n10_s025_seed3.txt,Scheduler,10,RelaxGrouping,10000,true,min,1202.000000,0.242293,0.097791,0.001519,4352,24819,1614,true
scheduler_n10_s025_seed3.txt,Scheduler,10,RelaxGrouping,20000,true,min,1993.000000,0.236253,0.096084,0.000463,1024,5120,252,true
scheduler_n10_s025_seed3.txt,Scheduler,10,RelaxGrouping,10000,false,min,1202.000000,0.216487,na,0.013534,39322,156482,9927,true
scheduler_n10_s025_seed3.txt,Scheduler,10,RelaxGrouping,20000,false,min,1957.000000,0.207860,na,0.014161,38677,147533,11080,true
scheduler_n10_s025_seed4.txt,Scheduler,10,Exact,2147483646,true,min,903.000000,0.203984,0.086618,0.000358,1024,5120,252,true
scheduler_n10_s025_seed4.txt,Scheduler,10,Exact,2147483646,false,min,897.000000,0.193574,na,0.012399,37484,143730,10706,true
scheduler_n10_s025_seed4.txt,Scheduler,10,Restricted,500,true,min,903.000000,0.020326,0.002395,0.000128,1378,3876,419,true
scheduler_n10_s025_seed4.txt,Scheduler,10,Restricted,1000,true,min,903.000000,0.034392,0.004783,0.000266,2361,7316,791,true
scheduler_n10_s025_seed4.txt,Scheduler,10,Restricted,2000,true,min,903.000000,0.065414,0.012520,0.000490,3347,11730,1368,true
scheduler_n10_s025_seed4.txt,Scheduler,10,Restricted,5000,true,min,903.000000,0.133109,0.039116,0.000729,4069,17921,2068,true
scheduler_n10_s025_seed4.txt,Scheduler,10,Restricted,10000,true,min,903.000000,0.203997,0.076994,0.000615,2360,12656,859,true
scheduler_n10_s025_seed4.txt,Scheduler,10,Restricted,20000,true,min,903.000000,0.203814,0.078548,0.000364,1024,5120,252,true
scheduler_n10_s025_seed4.txt,Scheduler,10,Restricted,500,false,min,899.000000,0.020301,na,0.000365,3193,7893,500,true
scheduler_n10_s025_seed4.txt,Scheduler,10,Restricted,1000,false,min,899.000000,0.035649,na,0.000752,6004,16198,1000,true
scheduler_n10_s025_seed4.txt,Scheduler,10,Restricted,2000,false,min,897.000000,0.067747,na,0.001961,10948,32375,2000,true
scheduler_n10_s025_seed4.txt,Scheduler,10,Restricted,5000,false,min,897.000000,0.146964,na,0.007440,22924,77448,5000,true
scheduler_n10_s025_seed4.txt,Scheduler,10,Restricted,10000,false,min,897.000000,0.208907,na,0.014594,36055,136970,10000,true
scheduler_n10_s025_seed4.txt,Scheduler,10,Restricted,20000,false,min,897.000000,0.218856,na,0.015258,37484,143730,10706,true
scheduler_n10_s025_seed4.txt,Scheduler,10,RelaxPriority,500,true,min,314.000000,0.047129,0.003964,0.000677,2391,14582,429,true
scheduler_n10_s025_seed4.txt,Scheduler,10,RelaxPriority,1000,true,min,349.000000,0.090970,0.008871,0.001087,4528,26498,899,true
scheduler_n10_s025_seed4.txt,Scheduler,10,RelaxPriority,2000,true,min,397.000000,0.126986,0.019299,0.002485,8029,41049,1763,true
scheduler_n10_s025_seed4.txt,Scheduler,10,RelaxPriority,5000,true,min,464.000000,0.320047,0.065283,0.009491,18645,92099,4703,true
scheduler_n10_s025_seed4.txt,Scheduler,10,RelaxPriority,10000,true,min,903.000000,0.237541,0.103351,0.001550,4208,22818,1145,true
scheduler_n10_s025_seed4.txt,Scheduler,10,RelaxPriority,20000,true,min,903.000000,0.204170,0.087550,0.000390,1024,5120,252,true
scheduler_n10_s025_seed4.txt,Scheduler,10,RelaxPriority,500,false,min,314.000000,0.048134,na,0.000915,3601,20669,500,true
scheduler_n10_s025_seed4.txt,Scheduler,10,RelaxPriority,1000,false,min,349.000000,0.091783,na,0.001733,6751,37039,1000,true
scheduler_n10_s025_seed4.txt,Scheduler,10,RelaxPriority,2000,false,min,387.000000,0.129675,na,0.003836,12749,59609,2000,true
scheduler_n10_s025_seed4.txt,Scheduler,10,RelaxPriority,5000,false,min,464.000000,0.304814,na,0.014548,28858,129529,5000,true
scheduler_n10_s025_seed4.txt,Scheduler,10,RelaxPriority,10000,false,min,897.000000,0.243038,na,0.018207,45397,177707,10000,true
scheduler_n10_s025_seed4.txt,Scheduler,10,RelaxPriority,20000,false,min,897.000000,0.205999,na,0.014278,37484,143730,10706,true
scheduler_n10_s025_seed4.txt,Scheduler,10,RelaxGrouping,500,true,min,126.000000,0.031043,0.002759,0.000460,2224,13127,474,true
scheduler_n10_s025_seed4.txt,Scheduler,10,RelaxGrouping,10000,true,min,448.000000,0.219073,0.099165,0.001109,2975,17095,996,true
scheduler_n10_s025_seed4.txt,Scheduler,10,RelaxGrouping,20000,true,min,903.000000,0.210152,0.094284,0.000463,1024,5120,252,true
scheduler_n10_s025_seed4.txt,Scheduler,10,RelaxGrouping,500,false,min,126.000000,0.031983,na,0.000728,3160,18086,488,true
scheduler_n10_s025_seed4.txt,Scheduler,10,RelaxGrouping,10000,false,min,448.000000,0.237109,na,0.015743,39018,158286,9990,true
scheduler_n10_s025_seed4.txt,Scheduler,10,RelaxGrouping,20000,false,min,897.000000,0.230461,na,0.015420,37484,143730,10706,true
scheduler_n10_s025_seed5.txt,Scheduler,10,Exact,2147483646,true,min,932.000000,0.237739,0.102216,0.000438,1024,5120,252,true
scheduler_n10_s025_seed5.txt,Scheduler,10,Exact,2147483646,false,min,932.000000,0.239029,na,0.016503,38941,149444,11168,true
scheduler_n10_s025_seed5.txt,Scheduler,10,Restricted,500,true,min,932.000000,0.020744,0.002432,0.000124,1238,3399,366,true
scheduler_n10_s025_seed5.txt,Scheduler,10,Restricted,1000,true,min,932.000000,0.038989,0.006556,0.000254,1935,5941,694,true
scheduler_n10_s025_seed5.txt,Scheduler,10,Restricted,2000,true,min,932.000000,0.075387,0.016063,0.000513,3193,10876,1317,true
scheduler_n10_s025_seed5.txt,Scheduler,10,Restricted,5000,true,min,932.000000,0.145937,0.047200,0.000664,3690,16104,1888,true
scheduler_n10_s025_seed5.txt,Scheduler,10,Restricted,10000,true,min,932.000000,0.218546,0.081907,0.000766,2833,15274,1184,true
scheduler_n10_s025_seed5.txt,Scheduler,10,Restricted,500,false,min,932.000000,0.019465,na,0.000327,3138,7552,500,true
scheduler_n10_s025_seed5.txt,Scheduler,10,Restricted,20000,true,min,932.000000,0.213175,0.085091,0.000383,1024,5120,252,true
scheduler_n10_s025_seed5.txt,Scheduler,10,Restricted,1000,false,min,932.000000,0.035164,na,0.000830,6004,15748,1000,true
scheduler_n10_s025_seed5.txt,Scheduler,10,Restricted,2000,false,min,932.000000,0.067799,na,0.002128,10951,31667,2000,true
scheduler_n10_s025_seed5.txt,Scheduler,10,Restricted,5000,false,min,932.000000,0.146789,na,0.006940,23128,77241,5000,true
scheduler_n10_s025_seed5.txt,Scheduler,10,Restricted,10000,false,min,932.000000,0.222960,na,0.013684,36676,137981,10000,true
scheduler_n10_s025_seed5.txt,Scheduler,10,RelaxPriority,500,true,min,307.000000,0.044002,0.003994,0.000580,2066,12170,405,true
scheduler_n10_s025_seed5.txt,Scheduler,10,Restricted,20000,false,min,932.000000,0.214689,na,0.014627,38941,149444,11168,true
scheduler_n10_s025_seed5.txt,Scheduler,10,RelaxPriority,1000,true,min,325.000000,0.092367,0.009119,0.001106,4098,23307,825,true
scheduler_n10_s025_seed5.txt,Scheduler,10,RelaxPriority,2000,true,min,413.000000,0.163708,0.021064,0.002575,7852,43279,1667,true
scheduler_n10_s025_seed5.txt,Scheduler,10,RelaxPriority,10000,true,min,932.000000,0.256235,0.111676,0.002256,5456,30999,1562,true
scheduler_n10_s025_seed5.txt,Scheduler,10,RelaxPriority,5000,true,min,489.000000,0.303556,0.069977,0.008516,16936,84403,4550,true
scheduler_n10_s025_seed5.txt,Scheduler,10,RelaxPriority,500,false,min,307.000000,0.046293,na,0.000925,3601,19696,500,true
scheduler_n10_s025_seed5.txt,Scheduler,10,RelaxPriority,20000,true,min,932.000000,0.222476,0.084796,0.000369,1024,5120,252,true
scheduler_n10_s025_seed5.txt,Scheduler,10,RelaxPriority,1000,false,min,325.000000,0.089020,na,0.001782,6761,35862,1000,true
scheduler_n10_s025_seed5.txt,Scheduler,10,RelaxPriority,2000,false,min,413.000000,0.158968,na,0.004500,12762,64791,2000,true
scheduler_n10_s025_seed5.txt,Scheduler,10,RelaxPriority,10000,false,min,932.000000,0.264395,na,0.018668,47684,198745,10000,true
scheduler_n10_s025_seed5.txt,Scheduler,10,RelaxPriority,5000,false,min,489.000000,0.317290,na,0.014481,28969,129546,5000,true
scheduler_n10_s025_seed5.txt,Scheduler,10,RelaxPriority,20000,false,min,932.000000,0.219354,na,0.014474,38941,149444,11168,true
scheduler_n10_s025_seed5.txt,Scheduler,10,RelaxGrouping,10000,true,min,502.000000,0.238101,0.107360,0.001337,3460,19828,1249,true
scheduler_n10_s025_seed5.txt,Scheduler,10,RelaxGrouping,20000,true,min,932.000000,0.235044,0.101010,0.000462,1024,5120,252,true
scheduler_n10_s025_seed5.txt,Scheduler,10,RelaxGrouping,10000,false,min,498.000000,0.238590,na,0.017319,40808,168669,9965,true
scheduler_n10_s025_seed5.txt,Scheduler,10,RelaxGrouping,20000,false,min,932.000000,0.220873,na,0.015357,38941,149444,11168,true
scheduler_n10_s050_seed1.txt,Scheduler,10,Exact,2147483646,true,min,1341.000000,0.314889,0.141120,0.000435,1024,5120,252,true
scheduler_n10_s050_seed1.txt,Scheduler,10,Exact,2147483646,false,min,1341.000000,0.308093,na,0.022120,55091,205906,16109,true
scheduler_n10_s050_seed1.txt,Scheduler,10,Restricted,500,true,min,1386.000000,0.021067,0.002130,0.000127,1399,3310,373,true
scheduler_n10_s050_seed1.txt,Scheduler,10,Restricted,1000,true,min,1356.000000,0.039350,0.005664,0.000273,2565,6765,774,true
scheduler_n10_s050_seed1.txt,Scheduler,10,Restricted,2000,true,min,1355.000000,0.074579,0.015196,0.000471,3605,10956,1249,true
scheduler_n10_s050_seed1.txt,Scheduler,10,Restricted,5000,true,min,1365.000000,0.173009,0.047153,0.001163,5855,21791,2461,true
scheduler_n10_s050_seed1.txt,Scheduler,10,Restricted,10000,true,min,1361.000000,0.278584,0.102788,0.001243,5201,24769,2701,true
scheduler_n10_s050_seed1.txt,Scheduler,10,Restricted,20000,true,min,1341.000000,0.329091,0.144862,0.000492,1024,5120,252,true
scheduler_n10_s050_seed1.txt,Scheduler,10,Restricted,500,false,min,1382.000000,0.020382,na,0.000394,2971,6335,500,true
scheduler_n10_s050_seed1.txt,Scheduler,10,Restricted,1000,false,min,1356.000000,0.037910,na,0.000735,5772,13567,1000,true
scheduler_n10_s050_seed1.txt,Scheduler,10,Restricted,2000,false,min,1352.000000,0.075587,na,0.002240,10961,28569,2000,true
scheduler_n10_s050_seed1.txt,Scheduler,10,Restricted,5000,false,min,1341.000000,0.170264,na,0.007937,23755,72751,5000,true
scheduler_n10_s050_seed1.txt,Scheduler,10,Restricted,10000,false,min,1341.000000,0.271836,na,0.016650,41000,141131,10000,true
scheduler_n10_s050_seed1.txt,Scheduler,10,Restricted,20000,false,min,1341.000000,0.314939,na,0.023233,55091,205906,16109,true
scheduler_n10_s050_seed1.txt,Scheduler,10,RelaxPriority,500,true,min,338.000000,0.050993,0.003832,0.000610,2386,14160,423,true
scheduler_n10_s050_seed1.txt,Scheduler,10,RelaxPriority,1000,true,min,369.000000,0.084296,0.008365,0.000976,4242,23198,832,true
scheduler_n10_s050_seed1.txt,Scheduler,10,RelaxPriority,2000,true,min,409.000000,0.157380,0.022778,0.002778,8460,44698,1741,true
scheduler_n10_s050_seed1.txt,Scheduler,10,RelaxPriority,5000,true,min,465.000000,0.342462,0.065301,0.009344,18278,89666,4677,true
scheduler_n10_s050_seed1.txt,Scheduler,10,RelaxPriority,10000,true,min,677.000000,0.474101,0.138511,0.015569,28981,138131,9382,true
scheduler_n10_s050_seed1.txt,Scheduler,10,RelaxPriority,20000,true,min,1341.000000,0.315221,0.138955,0.000408,1024,5120,252,true
scheduler_n10_s050_seed1.txt,Scheduler,10,RelaxPriority,500,false,min,338.000000,0.051234,na,0.000826,3600,20167,500,true
scheduler_n10_s050_seed1.txt,Scheduler,10,RelaxPriority,1000,false,min,369.000000,0.083933,na,0.001765,6772,34703,1000,true
scheduler_n10_s050_seed1.txt,Scheduler,10,RelaxPriority,2000,false,min,409.000000,0.157298,na,0.004648,12769,63264,2000,true
scheduler_n10_s050_seed1.txt,Scheduler,10,RelaxPriority,5000,false,min,465.000000,0.346961,na,0.014870,29446,131182,5000,true
scheduler_n10_s050_seed1.txt,Scheduler,10,RelaxPriority,10000,false,min,677.000000,0.467000,na,0.027434,54445,222332,10000,true
scheduler_n10_s050_seed1.txt,Scheduler,10,RelaxPriority,20000,false,min,1341.000000,0.310444,na,0.022436,55091,205906,16109,true
scheduler_n10_s050_seed1.txt,Scheduler,10,RelaxGrouping,5000,true,min,280.000000,0.192826,0.052412,0.003175,9659,54069,3929,true
scheduler_n10_s050_seed1.txt,Scheduler,10,RelaxGrouping,10000,true,min,447.000000,0.286823,0.113683,0.001789,6160,35560,3067,true
scheduler_n10_s050_seed1.txt,Scheduler,10,RelaxGrouping,20000,true,min,1341.000000,0.319746,0.137876,0.000460,1024,5120,252,true
scheduler_n10_s050_seed1.txt,Scheduler,10,RelaxGrouping,5000,false,min,280.000000,0.200505,na,0.010859,28259,123570,4932,true
scheduler_n10_s050_seed1.txt,Scheduler,10,RelaxGrouping,10000,false,min,432.000000,0.306067,na,0.020451,48084,207868,9592,true
scheduler_n10_s050_seed1.txt,Scheduler,10,RelaxGrouping,20000,false,min,1341.000000,0.341154,na,0.024705,55091,205906,16109,true
scheduler_n10_s050_seed2.txt,Scheduler,10,Exact,2147483646,true,min,1693.000000,0.285468,0.129871,0.000461,1024,5120,252,true
scheduler_n10_s050_seed2.txt,Scheduler,10,Exact,2147483646,false,min,1693.000000,0.284216,na,0.020577,47838,180492,13834,true
scheduler_n10_s050_seed2.txt,Scheduler,10,Restricted,500,true,min,1693.000000,0.020717,0.002321,0.000122,1281,3373,365,true
scheduler_n10_s050_seed2.txt,Scheduler,10,Restricted,1000,true,min,1693.000000,0.038061,0.005711,0.000276,2272,6572,724,true
scheduler_n10_s050_seed2.txt,Scheduler,10,Restricted,2000,true,min,1693.000000,0.070120,0.015337,0.000444,3025,9898,1250,true
scheduler_n10_s050_seed2.txt,Scheduler,10,Restricted,5000,true,min,1693.000000,0.168093,0.054539,0.000973,4398,17672,2173,true
scheduler_n10_s050_seed2.txt,Scheduler,10,Restricted,10000,true,min,1693.000000,0.258137,0.104020,0.001245,4381,21912,2148,true
scheduler_n10_s050_seed2.txt,Scheduler,10,Restricted,20000,true,min,1693.000000,0.288816,0.123347,0.000461,1024,5120,252,true
scheduler_n10_s050_seed2.txt,Scheduler,10,Restricted,500,false,min,1693.000000,0.020255,na,0.000280,3032,7100,500,true
scheduler_n10_s050_seed2.txt,Scheduler,10,Restricted,1000,false,min,1693.000000,0.035743,na,0.000715,5858,14773,1000,true
scheduler_n10_s050_seed2.txt,Scheduler,10,Restricted,2000,false,min,1693.000000,0.067863,na,0.001886,11104,30627,2000,true
scheduler_n10_s050_seed2.txt,Scheduler,10,Restricted,5000,false,min,1693.000000,0.160029,na,0.007155,24128,76576,5000,true
scheduler_n10_s050_seed2.txt,Scheduler,10,Restricted,10000,false,min,1693.000000,0.259550,na,0.015502,39523,141153,10000,true
scheduler_n10_s050_seed2.txt,Scheduler,10,Restricted,20000,false,min,1693.000000,0.265966,na,0.019300,47838,180492,13834,true
scheduler_n10_s050_seed2.txt,Scheduler,10,RelaxPriority,500,true,min,652.000000,0.047495,0.003772,0.000611,2413,14632,453,true
scheduler_n10_s050_seed2.txt,Scheduler,10,RelaxPriority,1000,true,min,845.000000,0.090488,0.009047,0.001012,4279,23781,860,true
scheduler_n10_s050_seed2.txt,Scheduler,10,RelaxPriority,2000,true,min,871.000000,0.172021,0.022591,0.002411,7693,42775,1736,true
scheduler_n10_s050_seed2.txt,Scheduler,10,RelaxPriority,5000,true,min,1128.000000,0.284195,0.059373,0.007905,17583,86126,4818,true
scheduler_n10_s050_seed2.txt,Scheduler,10,RelaxPriority,20000,true,min,1693.000000,0.275832,0.126871,0.000426,1024,5120,252,true
scheduler_n10_s050_seed2.txt,Scheduler,10,RelaxPriority,10000,true,min,1630.000000,0.315345,0.131282,0.002192,6354,34903,2566,true
scheduler_n10_s050_seed2.txt,Scheduler,10,RelaxPriority,500,false,min,652.000000,0.048475,na,0.000835,3602,20737,500,true
scheduler_n10_s050_seed2.txt,Scheduler,10,RelaxPriority,1000,false,min,845.000000,0.088683,na,0.001646,6766,35180,1000,true
scheduler_n10_s050_seed2.txt,Scheduler,10,RelaxPriority,2000,false,min,871.000000,0.168946,na,0.004483,12767,65382,2000,true
scheduler_n10_s050_seed2.txt,Scheduler,10,RelaxPriority,5000,false,min,1128.000000,0.284354,na,0.013084,29253,130611,5000,true
scheduler_n10_s050_seed2.txt,Scheduler,10,RelaxPriority,20000,false,min,1693.000000,0.261673,na,0.017757,47838,180492,13834,true
scheduler_n10_s050_seed2.txt,Scheduler,10,RelaxPriority,10000,false,min,1630.000000,0.298705,na,0.019366,51667,194012,10000,true
scheduler_n10_s050_seed2.txt,Scheduler,10,RelaxGrouping,5000,true,min,423.000000,0.193296,0.057456,0.002885,8636,48752,3377,true
scheduler_n10_s050_seed2.txt,Scheduler,10,RelaxGrouping,10000,true,min,956.000000,0.288136,0.122495,0.001803,5069,29104,2288,true
scheduler_n10_s050_seed2.txt,Scheduler,10,RelaxGrouping,20000,true,min,1693.000000,0.296733,0.124011,0.000454,1024,5120,252,true
scheduler_n10_s050_seed2.txt,Scheduler,10,RelaxGrouping,5000,false,min,423.000000,0.173668,na,0.008857,27644,122062,4976,true
scheduler_n10_s050_seed2.txt,Scheduler,10,RelaxGrouping,10000,false,min,955.000000,0.257856,na,0.016438,45906,194184,9728,true
scheduler_n10_s050_seed2.txt,Scheduler,10,RelaxGrouping,20000,false,min,1693.000000,0.264588,na,0.018673,47838,180492,13834,true
scheduler_n10_s050_seed3.txt,Scheduler,10,Exact,2147483646,true,min,2112.000000,0.392821,0.176393,0.000429,1024,5120,252,true
scheduler_n10_s050_seed3.txt,Scheduler,10,Exact,2147483646,false,min,2111.000000,0.387278,na,0.029808,69157,255118,20685,true
scheduler_n10_s050_seed3.txt,Scheduler,10,Restricted,500,true,min,2160.000000,0.020620,0.001751,0.000095,1230,2710,307,true
scheduler_n10_s050_seed3.txt,Scheduler,10,Restricted,1000,true,min,2138.000000,0.040183,0.004808,0.000216,2118,5227,624,true
scheduler_n10_s050_seed3.txt,Scheduler,10,Restricted,2000,true,min,2112.000000,0.078227,0.013161,0.000405,3471,9521,1187,true
scheduler_n10_s050_seed3.txt,Scheduler,10,Restricted,5000,true,min,2112.000000,0.174427,0.046316,0.001196,6422,21377,2410,true
scheduler_n10_s050_seed3.txt,Scheduler,10,Restricted,10000,true,min,2112.000000,0.292307,0.114969,0.001347,5879,25548,3087,true
scheduler_n10_s050_seed3.txt,Scheduler,10,Restricted,20000,true,min,2112.000000,0.408688,0.193183,0.000782,1988,10409,627,true
scheduler_n10_s050_seed3.txt,Scheduler,10,Restricted,500,false,min,2160.000000,0.021029,na,0.000238,2723,5458,500,true
scheduler_n10_s050_seed3.txt,Scheduler,10,Restricted,1000,false,min,2138.000000,0.038542,na,0.000635,5521,12388,1000,true
scheduler_n10_s050_seed3.txt,Scheduler,10,Restricted,2000,false,min,2112.000000,0.074109,na,0.001607,10706,26253,2000,true
scheduler_n10_s050_seed3.txt,Scheduler,10,Restricted,5000,false,min,2111.000000,0.171406,na,0.006318,23600,67876,5000,true
scheduler_n10_s050_seed3.txt,Scheduler,10,Restricted,10000,false,min,2111.000000,0.293580,na,0.015940,42967,140386,10000,true
scheduler_n10_s050_seed3.txt,Scheduler,10,Restricted,20000,false,min,2111.000000,0.414532,na,0.030365,67645,248773,20000,true
scheduler_n10_s050_seed3.txt,Scheduler,10,RelaxPriority,500,true,min,841.000000,0.055858,0.003755,0.000568,2342,13285,397,true
scheduler_n10_s050_seed3.txt,Scheduler,10,RelaxPriority,1000,true,min,962.000000,0.102422,0.008959,0.001040,4513,24856,812,true
scheduler_n10_s050_seed3.txt,Scheduler,10,RelaxPriority,2000,true,min,1027.000000,0.150763,0.019748,0.002537,8350,41806,1887,true
scheduler_n10_s050_seed3.txt,Scheduler,10,RelaxPriority,5000,true,min,1145.000000,0.401036,0.072051,0.009281,17021,83245,4338,true
scheduler_n10_s050_seed3.txt,Scheduler,10,RelaxPriority,10000,true,min,1124.000000,0.563114,0.156699,0.017743,29246,139806,9265,true
scheduler_n10_s050_seed3.txt,Scheduler,10,RelaxPriority,20000,true,min,2112.000000,0.446328,0.216494,0.001732,3624,18888,801,true
scheduler_n10_s050_seed3.txt,Scheduler,10,RelaxPriority,500,false,min,841.000000,0.054052,na,0.000859,3602,19620,500,true
scheduler_n10_s050_seed3.txt,Scheduler,10,RelaxPriority,1000,false,min,962.000000,0.100441,na,0.001535,6785,35353,1000,true
scheduler_n10_s050_seed3.txt,Scheduler,10,RelaxPriority,2000,false,min,1027.000000,0.151256,na,0.003707,12784,60116,2000,true
scheduler_n10_s050_seed3.txt,Scheduler,10,RelaxPriority,5000,false,min,1145.000000,0.410132,na,0.014949,29765,129306,5000,true
scheduler_n10_s050_seed3.txt,Scheduler,10,RelaxPriority,10000,false,min,1124.000000,0.559697,na,0.030282,54765,221417,10000,true
scheduler_n10_s050_seed3.txt,Scheduler,10,RelaxPriority,20000,false,min,2111.000000,0.442206,na,0.032820,77929,286765,20000,true
scheduler_n10_s050_seed3.txt,Scheduler,10,RelaxGrouping,5000,true,min,875.000000,0.226191,0.063815,0.003744,9580,53052,4063,true
scheduler_n10_s050_seed3.txt,Scheduler,10,RelaxGrouping,20000,true,min,1364.000000,0.415474,0.194630,0.001231,3143,17730,890,true
scheduler_n10_s050_seed3.txt,Scheduler,10,RelaxGrouping,5000,false,min,875.000000,0.208203,na,0.010846,27865,121957,4822,true
scheduler_n10_s050_seed3.txt,Scheduler,10,RelaxGrouping,20000,false,min,1364.000000,0.438008,na,0.032627,70492,268439,19736,true
scheduler_n10_s050_seed4.txt,Scheduler,10,Exact,2147483646,true,min,962.000000,0.306681,0.141062,0.000494,1024,5120,252,true
scheduler_n10_s050_seed4.txt,Scheduler,10,Exact,2147483646,false,min,962.000000,0.289350,na,0.022211,50308,188043,14565,true
scheduler_n10_s050_seed4.txt,Scheduler,10,Restricted,500,true,min,962.000000,0.020951,0.002199,0.000143,1463,3500,388,true
scheduler_n10_s050_seed4.txt,Scheduler,10,Restricted,1000,true,min,962.000000,0.037862,0.005906,0.000273,2218,5986,711,true
scheduler_n10_s050_seed4.txt,Scheduler,10,Restricted,2000,true,min,962.000000,0.080227,0.016249,0.000577,3576,10949,1284,true
scheduler_n10_s050_seed4.txt,Scheduler,10,Restricted,5000,true,min,962.000000,0.169386,0.051802,0.001252,5734,21663,2498,true
scheduler_n10_s050_seed4.txt,Scheduler,10,Restricted,10000,true,min,962.000000,0.269374,0.108002,0.001354,5050,24340,2565,true
scheduler_n10_s050_seed4.txt,Scheduler,10,Restricted,20000,true,min,962.000000,0.299189,0.138140,0.000500,1024,5120,252,true
scheduler_n10_s050_seed4.txt,Scheduler,10,Restricted,500,false,min,962.000000,0.021430,na,0.000304,3056,6615,500,true
scheduler_n10_s050_seed4.txt,Scheduler,10,Restricted,1000,false,min,962.000000,0.038549,na,0.000688,5857,14029,1000,true
scheduler_n10_s050_seed4.txt,Scheduler,10,Restricted,2000,false,min,962.000000,0.077097,na,0.001975,10877,28682,2000,true
scheduler_n10_s050_seed4.txt,Scheduler,10,Restricted,5000,false,min,962.000000,0.163347,na,0.007778,23741,73825,5000,true
scheduler_n10_s050_seed4.txt,Scheduler,10,Restricted,10000,false,min,962.000000,0.269357,na,0.016296,40066,140403,10000,true
scheduler_n10_s050_seed4.txt,Scheduler,10,Restricted,20000,false,min,962.000000,0.291049,na,0.020956,50308,188043,14565,true
scheduler_n10_s050_seed4.txt,Scheduler,10,RelaxPriority,500,true,min,291.000000,0.048440,0.004112,0.000702,2428,14038,462,true
scheduler_n10_s050_seed4.txt,Scheduler,10,RelaxPriority,1000,true,min,376.000000,0.081536,0.008125,0.000958,4269,23019,871,true
scheduler_n10_s050_seed4.txt,Scheduler,10,RelaxPriority,2000,true,min,361.000000,0.164194,0.023570,0.002903,8165,43883,1757,true
scheduler_n10_s050_seed4.txt,Scheduler,10,RelaxPriority,5000,true,min,418.000000,0.366797,0.070540,0.009700,18370,90320,4746,true
scheduler_n10_s050_seed4.txt,Scheduler,10,RelaxPriority,10000,true,min,606.000000,0.349013,0.124500,0.006374,15429,76985,5347,true
scheduler_n10_s050_seed4.txt,Scheduler,10,RelaxPriority,20000,true,min,962.000000,0.277038,0.120378,0.000401,1024,5120,252,true
scheduler_n10_s050_seed4.txt,Scheduler,10,RelaxPriority,500,false,min,291.000000,0.048718,na,0.000918,3602,19830,500,true
scheduler_n10_s050_seed4.txt,Scheduler,10,RelaxPriority,1000,false,min,376.000000,0.079715,na,0.001546,6754,33810,1000,true
scheduler_n10_s050_seed4.txt,Scheduler,10,RelaxPriority,2000,false,min,361.000000,0.164727,na,0.005435,12754,63512,2000,true
scheduler_n10_s050_seed4.txt,Scheduler,10,RelaxPriority,5000,false,min,418.000000,0.357736,na,0.014195,29219,129903,5000,true
scheduler_n10_s050_seed4.txt,Scheduler,10,RelaxPriority,10000,false,min,606.000000,0.368331,na,0.021836,53556,204414,10000,true
scheduler_n10_s050_seed4.txt,Scheduler,10,RelaxPriority,20000,false,min,962.000000,0.286831,na,0.019861,50308,188043,14565,true
scheduler_n10_s050_seed4.txt,Scheduler,10,RelaxGrouping,10000,true,min,544.000000,0.280619,0.125632,0.002149,5843,33515,2692,true
scheduler_n10_s050_seed4.txt,Scheduler,10,RelaxGrouping,20000,true,min,962.000000,0.295164,0.133063,0.000480,1024,5120,252,true
scheduler_n10_s050_seed4.txt,Scheduler,10,RelaxGrouping,10000,false,min,516.000000,0.268069,na,0.017755,46027,196021,9938,true
scheduler_n10_s050_seed4.txt,Scheduler,10,RelaxGrouping,20000,false,min,962.000000,0.284471,na,0.020525,50308,188043,14565,true
scheduler_n10_s050_seed5.txt,Scheduler,10,Exact,2147483646,true,min,1024.000000,0.282480,0.124321,0.000424,1024,5120,252,true
scheduler_n10_s050_seed5.txt,Scheduler,10,Exact,2147483646,false,min,1024.000000,0.282833,na,0.020554,51720,193696,15020,true
scheduler_n10_s050_seed5.txt,Scheduler,10,Restricted,500,true,min,1024.000000,0.020698,0.002114,0.000116,1358,3374,405,true
scheduler_n10_s050_seed5.txt,Scheduler,10,Restricted,1000,true,min,1024.000000,0.036230,0.004970,0.000233,2294,6262,748,true
scheduler_n10_s050_seed5.txt,Scheduler,10,Restricted,2000,true,min,1024.000000,0.070245,0.013973,0.000437,3352,10246,1276,true
scheduler_n10_s050_seed5.txt,Scheduler,10,Restricted,5000,true,min,1024.000000,0.155540,0.044694,0.000864,4852,18693,2331,true
scheduler_n10_s050_seed5.txt,Scheduler,10,Restricted,10000,true,min,1024.000000,0.259316,0.097703,0.001073,4870,23512,2516,true
scheduler_n10_s050_seed5.txt,Scheduler,10,Restricted,20000,true,min,1024.000000,0.289893,0.122208,0.000401,1024,5120,252,true
scheduler_n10_s050_seed5.txt,Scheduler,10,Restricted,500,false,min,1024.000000,0.020280,na,0.000289,3073,6913,500,true
scheduler_n10_s050_seed5.txt,Scheduler,10,Restricted,1000,false,min,1024.000000,0.036856,na,0.000630,5874,14380,1000,true
scheduler_n10_s050_seed5.txt,Scheduler,10,Restricted,2000,false,min,1024.000000,0.068858,na,0.001735,11013,29416,2000,true
scheduler_n10_s050_seed5.txt,Scheduler,10,Restricted,5000,false,min,1024.000000,0.155749,na,0.006601,24021,74552,5000,true
scheduler_n10_s050_seed5.txt,Scheduler,10,Restricted,10000,false,min,1024.000000,0.258922,na,0.015413,40581,141382,10000,true
scheduler_n10_s050_seed5.txt,Scheduler,10,Restricted,20000,false,min,1024.000000,0.286897,na,0.020221,51720,193696,15020,true
scheduler_n10_s050_seed5.txt,Scheduler,10,RelaxPriority,500,true,min,390.000000,0.052728,0.003920,0.000602,2199,12984,443,true
scheduler_n10_s050_seed5.txt,Scheduler,10,RelaxPriority,1000,true,min,439.000000,0.089179,0.008345,0.000979,4040,23220,904,true
scheduler_n10_s050_seed5.txt,Scheduler,10,RelaxPriority,2000,true,min,397.000000,0.158576,0.020503,0.002418,8049,43421,1769,true
scheduler_n10_s050_seed5.txt,Scheduler,10,RelaxPriority,5000,true,min,591.000000,0.242485,0.051275,0.006512,16024,76442,4748,true
scheduler_n10_s050_seed5.txt,Scheduler,10,RelaxPriority,10000,true,min,693.000000,0.472151,0.133024,0.014902,29256,137311,9113,true
scheduler_n10_s050_seed5.txt,Scheduler,10,RelaxPriority,20000,true,min,1024.000000,0.311693,0.125651,0.000401,1024,5120,252,true
scheduler_n10_s050_seed5.txt,Scheduler,10,RelaxPriority,500,false,min,390.000000,0.055173,na,0.000858,3602,19680,500,true
scheduler_n10_s050_seed5.txt,Scheduler,10,RelaxPriority,1000,false,min,439.000000,0.103289,na,0.001591,6767,35523,1000,true
scheduler_n10_s050_seed5.txt,Scheduler,10,RelaxPriority,2000,false,min,397.000000,0.159978,na,0.004465,12765,63846,2000,true
scheduler_n10_s050_seed5.txt,Scheduler,10,RelaxPriority,5000,false,min,591.000000,0.262963,na,0.012126,29324,120014,5000,true
scheduler_n10_s050_seed5.txt,Scheduler,10,RelaxPriority,10000,false,min,693.000000,0.472017,na,0.026585,54325,217164,10000,true
scheduler_n10_s050_seed5.txt,Scheduler,10,RelaxPriority,20000,false,min,1024.000000,0.310831,na,0.020875,51720,193696,15020,true
scheduler_n10_s050_seed5.txt,Scheduler,10,RelaxGrouping,500,true,min,174.000000,0.034792,0.002713,0.000468,2268,13397,472,true
scheduler_n10_s050_seed5.txt,Scheduler,10,RelaxGrouping,20000,true,min,1024.000000,0.303685,0.139556,0.000458,1024,5120,252,true
scheduler_n10_s050_seed5.txt,Scheduler,10,RelaxGrouping,500,false,min,174.000000,0.033096,na,0.000740,3131,18482,486,true
scheduler_n10_s050_seed5.txt,Scheduler,10,RelaxGrouping,20000,false,min,1024.000000,0.308675,na,0.023291,51720,193696,15020,true
scheduler_n10_s100_seed1.txt,Scheduler,10,Exact,2147483646,true,min,1416.000000,0.526795,0.285639,0.000565,1024,5120,252,true
scheduler_n10_s100_seed1.txt,Scheduler,10,Exact,2147483646,false,min,1416.000000,0.527722,na,0.041329,86686,313050,26168,true
scheduler_n10_s100_seed1.txt,Scheduler,10,Restricted,500,true,min,1467.000000,0.022712,0.001855,0.000077,1006,1947,258,true
scheduler_n10_s100_seed1.txt,Scheduler,10,Restricted,1000,true,min,1416.000000,0.042147,0.004808,0.000186,1969,4300,560,true
scheduler_n10_s100_seed1.txt,Scheduler,10,Restricted,2000,true,min,1416.000000,0.088817,0.014537,0.000440,3664,9081,1197,true
scheduler_n10_s100_seed1.txt,Scheduler,10,Restricted,5000,true,min,1416.000000,0.205846,0.053008,0.001337,6195,19459,2688,true
scheduler_n10_s100_seed1.txt,Scheduler,10,Restricted,10000,true,min,1416.000000,0.347372,0.124783,0.003323,9573,36040,4511,true
scheduler_n10_s100_seed1.txt,Scheduler,10,Restricted,20000,true,min,1416.000000,0.493558,0.235044,0.001878,5194,25097,2439,true
scheduler_n10_s100_seed1.txt,Scheduler,10,Restricted,500,false,min,1467.000000,0.022600,na,0.000244,2409,4299,500,true
scheduler_n10_s100_seed1.txt,Scheduler,10,Restricted,1000,false,min,1416.000000,0.044067,na,0.000586,4845,9573,1000,true
scheduler_n10_s100_seed1.txt,Scheduler,10,Restricted,2000,false,min,1416.000000,0.092841,na,0.001656,9834,21813,2000,true
scheduler_n10_s100_seed1.txt,Scheduler,10,Restricted,5000,false,min,1416.000000,0.199684,na,0.006651,22862,60223,5000,true
scheduler_n10_s100_seed1.txt,Scheduler,10,Restricted,10000,false,min,1416.000000,0.341811,na,0.017087,42074,128437,10000,true
scheduler_n10_s100_seed1.txt,Scheduler,10,Restricted,20000,false,min,1416.000000,0.500075,na,0.033863,72278,252701,20000,true
scheduler_n10_s100_seed1.txt,Scheduler,10,RelaxPriority,500,true,min,397.000000,0.057809,0.004413,0.000709,2519,14259,414,true
scheduler_n10_s100_seed1.txt,Scheduler,10,RelaxPriority,1000,true,min,435.000000,0.106256,0.009146,0.001146,4440,23522,780,true
scheduler_n10_s100_seed1.txt,Scheduler,10,RelaxPriority,2000,true,min,457.000000,0.189938,0.023570,0.002924,7680,37553,1555,true
scheduler_n10_s100_seed1.txt,Scheduler,10,RelaxPriority,5000,true,min,509.000000,0.396702,0.071223,0.010374,17180,82586,4751,true
scheduler_n10_s100_seed1.txt,Scheduler,10,RelaxPriority,10000,true,min,600.000000,0.702154,0.178460,0.024292,32553,153435,9414,true
scheduler_n10_s100_seed1.txt,Scheduler,10,RelaxPriority,20000,true,min,1030.000000,0.687997,0.321908,0.013366,21924,112562,7880,true
scheduler_n10_s100_seed1.txt,Scheduler,10,RelaxPriority,500,false,min,397.000000,0.060076,na,0.001277,3602,19386,500,true
scheduler_n10_s100_seed1.txt,Scheduler,10,RelaxPriority,1000,false,min,435.000000,0.107185,na,0.001691,6791,33790,1000,true
scheduler_n10_s100_seed1.txt,Scheduler,10,RelaxPriority,2000,false,min,457.000000,0.190388,na,0.004623,12791,55814,2000,true
scheduler_n10_s100_seed1.txt,Scheduler,10,RelaxPriority,5000,false,min,509.000000,0.389516,na,0.014468,29940,131417,5000,true
scheduler_n10_s100_seed1.txt,Scheduler,10,RelaxPriority,10000,false,min,600.000000,0.695202,na,0.034809,54940,227483,10000,true
scheduler_n10_s100_seed1.txt,Scheduler,10,RelaxPriority,20000,false,min,1030.000000,0.682372,na,0.047921,95198,394297,20000,true
scheduler_n10_s100_seed1.txt,Scheduler,10,RelaxGrouping,20000,true,min,607.000000,0.539432,0.264421,0.002958,6367,36085,2732,true
scheduler_n10_s100_seed1.txt,Scheduler,10,RelaxGrouping,20000,false,min,607.000000,0.526778,na,0.038974,79907,319741,19177,true
scheduler_n10_s100_seed2.txt,Scheduler,10,Exact,2147483646,true,min,1918.000000,0.385890,0.202864,0.000528,1024,5120,252,true
scheduler_n10_s100_seed2.txt,Scheduler,10,Exact,2147483646,false,min,1918.000000,0.388610,na,0.029642,65570,242038,19473,true
scheduler_n10_s100_seed2.txt,Scheduler,10,Restricted,500,true,min,1950.000000,0.022618,0.002318,0.000110,1261,2901,384,true
scheduler_n10_s100_seed2.txt,Scheduler,10,Restricted,1000,true,min,1950.000000,0.041995,0.005946,0.000247,2151,5628,721,true
scheduler_n10_s100_seed2.txt,Scheduler,10,Restricted,2000,true,min,1918.000000,0.083857,0.016672,0.000497,3274,9605,1228,true
scheduler_n10_s100_seed2.txt,Scheduler,10,Restricted,5000,true,min,1918.000000,0.186668,0.053262,0.001464,6225,21579,2639,true
scheduler_n10_s100_seed2.txt,Scheduler,10,Restricted,10000,true,min,1918.000000,0.313333,0.131829,0.002000,6021,25301,2958,true
scheduler_n10_s100_seed2.txt,Scheduler,10,Restricted,20000,true,min,1918.000000,0.404751,0.204819,0.000541,1024,5120,252,true
scheduler_n10_s100_seed2.txt,Scheduler,10,Restricted,500,false,min,1937.000000,0.021736,na,0.000431,2889,5967,500,true
scheduler_n10_s100_seed2.txt,Scheduler,10,Restricted,1000,false,min,1937.000000,0.040842,na,0.000724,5608,12827,1000,true
scheduler_n10_s100_seed2.txt,Scheduler,10,Restricted,2000,false,min,1918.000000,0.084663,na,0.002105,10696,26834,2000,true
scheduler_n10_s100_seed2.txt,Scheduler,10,Restricted,5000,false,min,1918.000000,0.187836,na,0.007667,23237,67971,5000,true
scheduler_n10_s100_seed2.txt,Scheduler,10,Restricted,10000,false,min,1918.000000,0.315592,na,0.017594,42387,140216,10000,true
scheduler_n10_s100_seed2.txt,Scheduler,10,Restricted,20000,false,min,1918.000000,0.402688,na,0.030215,65570,242038,19473,true
scheduler_n10_s100_seed2.txt,Scheduler,10,RelaxPriority,500,true,min,622.000000,0.054046,0.003957,0.000703,2465,14169,455,true
scheduler_n10_s100_seed2.txt,Scheduler,10,RelaxPriority,1000,true,min,682.000000,0.096127,0.009150,0.001223,4336,23099,864,true
scheduler_n10_s100_seed2.txt,Scheduler,10,RelaxPriority,2000,true,min,739.000000,0.195468,0.026296,0.003658,8465,44953,1842,true
scheduler_n10_s100_seed2.txt,Scheduler,10,RelaxPriority,5000,true,min,830.000000,0.418628,0.083065,0.011410,17992,88269,4787,true
scheduler_n10_s100_seed2.txt,Scheduler,10,RelaxPriority,20000,true,min,1918.000000,0.401927,0.205759,0.000543,1024,5120,252,true
scheduler_n10_s100_seed2.txt,Scheduler,10,RelaxPriority,10000,true,min,1324.000000,0.593765,0.177325,0.020540,31336,150691,9451,true
scheduler_n10_s100_seed2.txt,Scheduler,10,RelaxPriority,500,false,min,622.000000,0.054337,na,0.001011,3602,19660,500,true
scheduler_n10_s100_seed2.txt,Scheduler,10,RelaxPriority,1000,false,min,682.000000,0.097511,na,0.001777,6776,33841,1000,true
scheduler_n10_s100_seed2.txt,Scheduler,10,RelaxPriority,2000,false,min,739.000000,0.197642,na,0.005495,12776,63515,2000,true
scheduler_n10_s100_seed2.txt,Scheduler,10,RelaxPriority,5000,false,min,830.000000,0.415347,na,0.016683,29648,133126,5000,true
scheduler_n10_s100_seed2.txt,Scheduler,10,RelaxPriority,20000,false,min,1918.000000,0.424957,na,0.030236,65570,242038,19473,true
scheduler_n10_s100_seed2.txt,Scheduler,10,RelaxPriority,10000,false,min,1324.000000,0.621261,na,0.032977,54648,233529,10000,true
scheduler_n10_s100_seed2.txt,Scheduler,10,RelaxGrouping,5000,true,min,641.000000,0.197983,0.052922,0.003283,10051,55459,4184,true
scheduler_n10_s100_seed2.txt,Scheduler,10,RelaxGrouping,20000,true,min,1918.000000,0.393876,0.203657,0.000529,1024,5120,252,true
scheduler_n10_s100_seed2.txt,Scheduler,10,RelaxGrouping,5000,false,min,641.000000,0.222105,na,0.010556,27396,120587,4919,true
scheduler_n10_s100_seed2.txt,Scheduler,10,RelaxGrouping,20000,false,min,1918.000000,0.374282,na,0.028164,65570,242038,19473,true
scheduler_n10_s100_seed3.txt,Scheduler,10,Exact,2147483646,true,min,2467.000000,0.600929,0.313589,0.000639,1024,5120,252,true
scheduler_n10_s100_seed3.txt,Scheduler,10,Exact,2147483646,false,min,2398.000000,0.591452,na,0.045304,101800,362260,30939,true
scheduler_n10_s100_seed3.txt,Scheduler,10,Restricted,500,true,min,2398.000000,0.024381,0.002106,0.000081,980,1826,253,true
scheduler_n10_s100_seed3.txt,Scheduler,10,Restricted,1000,true,min,2398.000000,0.046267,0.004217,0.000151,1861,3855,496,true
scheduler_n10_s100_seed3.txt,Scheduler,10,Restricted,2000,true,min,2398.000000,0.092528,0.012736,0.000382,3587,8401,1071,true
scheduler_n10_s100_seed3.txt,Scheduler,10,Restricted,5000,true,min,2449.000000,0.216963,0.048511,0.000917,6399,19137,2696,true
scheduler_n10_s100_seed3.txt,Scheduler,10,Restricted,10000,true,min,2433.000000,0.360992,0.111918,0.002543,10090,36527,4853,true
scheduler_n10_s100_seed3.txt,Scheduler,10,Restricted,20000,true,min,2467.000000,0.553065,0.227813,0.001908,6328,29786,3189,true
scheduler_n10_s100_seed3.txt,Scheduler,10,Restricted,500,false,min,2398.000000,0.024334,na,0.000569,2335,3821,500,true
scheduler_n10_s100_seed3.txt,Scheduler,10,Restricted,1000,false,min,2398.000000,0.047829,na,0.000486,4774,8530,1000,true
scheduler_n10_s100_seed3.txt,Scheduler,10,Restricted,2000,false,min,2398.000000,0.090083,na,0.001647,9652,19501,2000,true
scheduler_n10_s100_seed3.txt,Scheduler,10,Restricted,5000,false,min,2398.000000,0.210817,na,0.006259,23670,58509,5000,true
scheduler_n10_s100_seed3.txt,Scheduler,10,Restricted,10000,false,min,2398.000000,0.360916,na,0.015319,42744,123438,10000,true
scheduler_n10_s100_seed3.txt,Scheduler,10,Restricted,20000,false,min,2398.000000,0.558616,na,0.033601,76111,254869,20000,true
scheduler_n10_s100_seed3.txt,Scheduler,10,RelaxPriority,500,true,min,1064.000000,0.065010,0.003802,0.000693,2631,14833,419,true
scheduler_n10_s100_seed3.txt,Scheduler,10,RelaxPriority,1000,true,min,1074.000000,0.118291,0.008337,0.001002,4540,23808,799,true
scheduler_n10_s100_seed3.txt,Scheduler,10,RelaxPriority,2000,true,min,937.000000,0.204465,0.021442,0.002169,7646,37743,1605,true
scheduler_n10_s100_seed3.txt,Scheduler,10,RelaxPriority,5000,true,min,1303.000000,0.491011,0.074450,0.010003,16573,77952,4341,true
scheduler_n10_s100_seed3.txt,Scheduler,10,RelaxPriority,10000,true,min,1720.000000,0.595692,0.152079,0.014820,22836,109879,7869,true
scheduler_n10_s100_seed3.txt,Scheduler,10,RelaxPriority,20000,true,min,1824.000000,0.996826,0.327767,0.025691,39948,190588,14154,true
scheduler_n10_s100_seed3.txt,Scheduler,10,RelaxPriority,500,false,min,1064.000000,0.066168,na,0.000791,3602,19545,500,true
scheduler_n10_s100_seed3.txt,Scheduler,10,RelaxPriority,1000,false,min,1074.000000,0.114584,na,0.001515,6803,33201,1000,true
scheduler_n10_s100_seed3.txt,Scheduler,10,RelaxPriority,2000,false,min,937.000000,0.195304,na,0.003628,12803,56969,2000,true
scheduler_n10_s100_seed3.txt,Scheduler,10,RelaxPriority,5000,false,min,1303.000000,0.491304,na,0.014171,30130,124689,5000,true
scheduler_n10_s100_seed3.txt,Scheduler,10,RelaxPriority,10000,false,min,1720.000000,0.592311,na,0.027817,55131,209407,10000,true
scheduler_n10_s100_seed3.txt,Scheduler,10,RelaxPriority,20000,false,min,1824.000000,0.983928,na,0.052999,102092,396483,20000,true
scheduler_n10_s100_seed3.txt,Scheduler,10,RelaxGrouping,20000,true,min,1343.000000,0.578831,0.268256,0.003293,8088,45631,3381,true
scheduler_n10_s100_seed3.txt,Scheduler,10,RelaxGrouping,20000,false,min,1343.000000,0.615112,na,0.038698,87285,351822,19997,true
scheduler_n10_s100_seed4.txt,Scheduler,10,Exact,2147483646,true,min,1132.000000,0.436646,0.219474,0.000543,1024,5120,252,true
scheduler_n10_s100_seed4.txt,Scheduler,10,Exact,2147483646,false,min,1106.000000,0.433834,na,0.031803,70756,259769,21063,true
scheduler_n10_s100_seed4.txt,Scheduler,10,Restricted,500,true,min,1118.000000,0.022502,0.002361,0.000134,1429,3207,372,true
scheduler_n10_s100_seed4.txt,Scheduler,10,Restricted,1000,true,min,1109.000000,0.042710,0.005866,0.000334,2492,6174,751,true
scheduler_n10_s100_seed4.txt,Scheduler,10,Restricted,2000,true,min,1109.000000,0.089341,0.016796,0.000546,3999,11240,1483,true
scheduler_n10_s100_seed4.txt,Scheduler,10,Restricted,5000,true,min,1109.000000,0.189801,0.055059,0.001743,7086,24020,3069,true
scheduler_n10_s100_seed4.txt,Scheduler,10,Restricted,10000,true,min,1132.000000,0.319443,0.124214,0.002519,7552,31369,3359,true
scheduler_n10_s100_seed4.txt,Scheduler,10,Restricted,20000,true,min,1132.000000,0.444494,0.210287,0.000973,2291,11855,757,true
scheduler_n10_s100_seed4.txt,Scheduler,10,Restricted,500,false,min,1116.000000,0.022334,na,0.000394,2940,5817,500,true
scheduler_n10_s100_seed4.txt,Scheduler,10,Restricted,1000,false,min,1106.000000,0.038792,na,0.000680,5642,12376,1000,true
scheduler_n10_s100_seed4.txt,Scheduler,10,Restricted,2000,false,min,1106.000000,0.075911,na,0.001634,10784,26478,2000,true
scheduler_n10_s100_seed4.txt,Scheduler,10,Restricted,5000,false,min,1106.000000,0.176967,na,0.006643,23657,67734,5000,true
scheduler_n10_s100_seed4.txt,Scheduler,10,Restricted,10000,false,min,1106.000000,0.300745,na,0.016449,42559,139608,10000,true
scheduler_n10_s100_seed4.txt,Scheduler,10,Restricted,20000,false,min,1106.000000,0.418070,na,0.029614,68359,250082,20000,true
scheduler_n10_s100_seed4.txt,Scheduler,10,RelaxPriority,500,true,min,430.000000,0.057028,0.003843,0.000627,2526,15182,445,true
scheduler_n10_s100_seed4.txt,Scheduler,10,RelaxPriority,1000,true,min,420.000000,0.098586,0.008294,0.001135,4671,25603,876,true
scheduler_n10_s100_seed4.txt,Scheduler,10,RelaxPriority,2000,true,min,395.000000,0.170382,0.020698,0.002994,9032,45286,1878,true
scheduler_n10_s100_seed4.txt,Scheduler,10,RelaxPriority,5000,true,min,433.000000,0.332812,0.062668,0.009178,17347,82383,4723,true
scheduler_n10_s100_seed4.txt,Scheduler,10,RelaxPriority,10000,true,min,572.000000,0.702160,0.229917,0.032686,33262,158473,9552,true
scheduler_n10_s100_seed4.txt,Scheduler,10,RelaxPriority,20000,true,min,1132.000000,0.538901,0.307092,0.002086,3465,18415,902,true
scheduler_n10_s100_seed4.txt,Scheduler,10,RelaxPriority,500,false,min,430.000000,0.057362,na,0.000934,3602,20607,500,true
scheduler_n10_s100_seed4.txt,Scheduler,10,RelaxPriority,1000,false,min,420.000000,0.101130,na,0.001970,6785,35396,1000,true
scheduler_n10_s100_seed4.txt,Scheduler,10,RelaxPriority,2000,false,min,395.000000,0.169443,na,0.004775,12786,60588,2000,true
scheduler_n10_s100_seed4.txt,Scheduler,10,RelaxPriority,5000,false,min,433.000000,0.355763,na,0.015785,29755,125509,5000,true
scheduler_n10_s100_seed4.txt,Scheduler,10,RelaxPriority,10000,false,min,572.000000,0.631384,na,0.032203,54755,232794,10000,true
scheduler_n10_s100_seed4.txt,Scheduler,10,RelaxPriority,20000,false,min,1106.000000,0.471444,na,0.034589,75884,278117,20000,true
scheduler_n10_s100_seed4.txt,Scheduler,10,RelaxGrouping,1000,true,min,206.000000,0.056455,0.006407,0.001226,4351,23158,947,true
scheduler_n10_s100_seed4.txt,Scheduler,10,RelaxGrouping,10000,true,min,349.000000,0.350442,0.147083,0.002981,7347,42219,3721,true
scheduler_n10_s100_seed4.txt,Scheduler,10,RelaxGrouping,20000,true,min,590.000000,0.442752,0.220352,0.001477,3406,19403,1122,true
scheduler_n10_s100_seed4.txt,Scheduler,10,RelaxGrouping,1000,false,min,206.000000,0.059391,na,0.001403,6097,29495,947,true
scheduler_n10_s100_seed4.txt,Scheduler,10,RelaxGrouping,10000,false,min,348.000000,0.340368,na,0.021219,50406,217923,9998,true
scheduler_n10_s100_seed4.txt,Scheduler,10,RelaxGrouping,20000,false,min,590.000000,0.452082,na,0.032910,72083,277504,19743,true
scheduler_n10_s100_seed5.txt,Scheduler,10,Exact,2147483646,true,min,1061.000000,0.415375,0.220675,0.000525,1024,5120,252,true
scheduler_n10_s100_seed5.txt,Scheduler,10,Exact,2147483646,false,min,1061.000000,0.419280,na,0.031955,69455,255981,20767,true
scheduler_n10_s100_seed5.txt,Scheduler,10,Restricted,500,true,min,1061.000000,0.022005,0.002371,0.000095,1243,2773,323,true
scheduler_n10_s100_seed5.txt,Scheduler,10,Restricted,1000,true,min,1061.000000,0.044993,0.005780,0.000261,2281,5644,681,true
scheduler_n10_s100_seed5.txt,Scheduler,10,Restricted,2000,true,min,1061.000000,0.085021,0.015919,0.000491,3658,10250,1269,true
scheduler_n10_s100_seed5.txt,Scheduler,10,Restricted,5000,true,min,1061.000000,0.192777,0.051299,0.001335,6338,21334,2505,true
scheduler_n10_s100_seed5.txt,Scheduler,10,Restricted,10000,true,min,1061.000000,0.320499,0.122426,0.002206,7192,29899,3328,true
scheduler_n10_s100_seed5.txt,Scheduler,10,Restricted,20000,true,min,1061.000000,0.439395,0.208244,0.000904,2167,11439,706,true
scheduler_n10_s100_seed5.txt,Scheduler,10,Restricted,500,false,min,1061.000000,0.023076,na,0.000415,2882,5738,500,true
scheduler_n10_s100_seed5.txt,Scheduler,10,Restricted,1000,false,min,1061.000000,0.041558,na,0.000665,5611,12384,1000,true
scheduler_n10_s100_seed5.txt,Scheduler,10,Restricted,2000,false,min,1061.000000,0.083803,na,0.002491,10847,26567,2000,true
scheduler_n10_s100_seed5.txt,Scheduler,10,Restricted,5000,false,min,1061.000000,0.187702,na,0.007354,23864,67880,5000,true
scheduler_n10_s100_seed5.txt,Scheduler,10,Restricted,10000,false,min,1061.000000,0.316995,na,0.017129,42925,139427,10000,true
scheduler_n10_s100_seed5.txt,Scheduler,10,Restricted,20000,false,min,1061.000000,0.430986,na,0.030789,67964,249437,20000,true
scheduler_n10_s100_seed5.txt,Scheduler,10,RelaxPriority,500,true,min,465.000000,0.057721,0.003796,0.000610,2247,13133,401,true
scheduler_n10_s100_seed5.txt,Scheduler,10,RelaxPriority,1000,true,min,349.000000,0.093847,0.008840,0.000944,4035,21577,792,true
scheduler_n10_s100_seed5.txt,Scheduler,10,RelaxPriority,2000,true,min,443.000000,0.192043,0.022457,0.002631,7683,40910,1616,true
scheduler_n10_s100_seed5.txt,Scheduler,10,RelaxPriority,5000,true,min,545.000000,0.375538,0.064414,0.009090,18436,90043,4704,true
scheduler_n10_s100_seed5.txt,Scheduler,10,RelaxPriority,10000,true,min,655.000000,0.549078,0.139475,0.018666,31855,149564,9357,true
scheduler_n10_s100_seed5.txt,Scheduler,10,RelaxPriority,20000,true,min,1061.000000,0.450308,0.208729,0.001714,3819,20109,918,true
scheduler_n10_s100_seed5.txt,Scheduler,10,RelaxPriority,500,false,min,465.000000,0.053694,na,0.000836,3602,19717,500,true
scheduler_n10_s100_seed5.txt,Scheduler,10,RelaxPriority,1000,false,min,349.000000,0.086479,na,0.002137,6782,33402,1000,true
scheduler_n10_s100_seed5.txt,Scheduler,10,RelaxPriority,2000,false,min,443.000000,0.187804,na,0.004476,12782,62252,2000,true
scheduler_n10_s100_seed5.txt,Scheduler,10,RelaxPriority,5000,false,min,545.000000,0.373504,na,0.014645,29753,134838,5000,true
scheduler_n10_s100_seed5.txt,Scheduler,10,RelaxPriority,10000,false,min,655.000000,0.553299,na,0.029055,54754,223157,10000,true
scheduler_n10_s100_seed5.txt,Scheduler,10,RelaxPriority,20000,false,min,1061.000000,0.452410,na,0.032080,79156,291114,20000,true
scheduler_n10_s100_seed5.txt,Scheduler,10,RelaxGrouping,20000,true,min,651.000000,0.440181,0.219054,0.001308,2852,16185,871,true
scheduler_n10_s100_seed5.txt,Scheduler,10,RelaxGrouping,20000,false,min,651.000000,0.439393,na,0.032273,71447,274696,19899,true
scheduler_n15_s025_seed1.txt,Scheduler,15,Restricted,500,true,min,1946.000000,0.069653,0.004431,0.000353,2937,7591,415,true
scheduler_n15_s025_seed1.txt,Scheduler,15,Restricted,1000,true,min,1915.000000,0.140219,0.012088,0.000927,5728,16518,795,true
scheduler_n15_s025_seed1.txt,Scheduler,15,Restricted,2000,true,min,1844.000000,0.352320,0.041435,0.003600,11566,37252,1696,true
scheduler_n15_s025_seed1.txt,Scheduler,15,Restricted,5000,true,min,1822.000000,0.823903,0.122792,0.011163,27524,98932,4236,true
scheduler_n15_s025_seed1.txt,Scheduler,15,Restricted,10000,true,min,1822.000000,1.730835,0.315120,0.028541,51037,196732,8640,true
scheduler_n15_s025_seed1.txt,Scheduler,15,Restricted,500,false,min,1946.000000,0.065624,na,0.000756,4689,11076,500,true
scheduler_n15_s025_seed1.txt,Scheduler,15,Restricted,20000,true,min,1793.000000,3.412317,0.728941,0.065090,95636,402537,17673,true
scheduler_n15_s025_seed1.txt,Scheduler,15,Restricted,1000,false,min,1915.000000,0.134382,na,0.002080,9635,25369,1000,true
scheduler_n15_s025_seed1.txt,Scheduler,15,Restricted,2000,false,min,1844.000000,0.348982,na,0.006556,19444,56957,2000,true
scheduler_n15_s025_seed1.txt,Scheduler,15,Restricted,5000,false,min,1822.000000,0.855550,na,0.021704,48561,159302,5000,true
scheduler_n15_s025_seed1.txt,Scheduler,15,Exact,2147483646,true,min,1793.000000,43.447190,26.920947,0.073925,32768,245760,6435,true
scheduler_n15_s025_seed1.txt,Scheduler,15,RelaxPriority,500,true,min,400.000000,0.204923,0.013876,0.002290,4263,47389,451,true
scheduler_n15_s025_seed1.txt,Scheduler,15,Restricted,10000,false,min,1822.000000,1.647492,na,0.046436,94938,335053,10000,true
scheduler_n15_s025_seed1.txt,Scheduler,15,RelaxPriority,1000,true,min,432.000000,0.460589,0.039778,0.005910,8294,88148,935,true
scheduler_n15_s025_seed1.txt,Scheduler,15,RelaxPriority,2000,true,min,464.000000,1.099298,0.102556,0.016129,15664,160178,1779,true
scheduler_n15_s025_seed1.txt,Scheduler,15,Restricted,20000,false,min,1793.000000,3.360203,na,0.104143,179093,692334,20000,true
scheduler_n15_s025_seed1.txt,Scheduler,15,RelaxPriority,5000,true,min,498.000000,2.927339,0.314875,0.050259,39811,390062,4553,true
scheduler_n15_s025_seed1.txt,Scheduler,15,RelaxPriority,500,false,min,400.000000,0.205635,na,0.003663,6227,66853,500,true
scheduler_n15_s025_seed1.txt,Scheduler,15,RelaxPriority,1000,false,min,432.000000,0.465017,na,0.009215,12225,125789,1000,true
scheduler_n15_s025_seed1.txt,Scheduler,15,RelaxPriority,10000,true,min,499.000000,6.897129,0.682749,0.096122,75751,716393,8938,true
scheduler_n15_s025_seed1.txt,Scheduler,15,RelaxPriority,2000,false,min,464.000000,1.148647,na,0.024386,24226,239932,2000,true
scheduler_n15_s025_seed1.txt,Scheduler,15,Exact,2147483646,false,min,1793.000000,42.401510,na,3.051073,3530516,22542041,763283,true
scheduler_n15_s025_seed1.txt,Scheduler,15,RelaxPriority,5000,false,min,498.000000,2.998200,na,0.073807,57682,545727,5000,true
scheduler_n15_s025_seed1.txt,Scheduler,15,RelaxPriority,20000,true,min,540.000000,16.227044,1.403145,0.180302,140813,1238624,17330,true
scheduler_n15_s025_seed1.txt,Scheduler,15,RelaxPriority,10000,false,min,499.000000,7.269870,na,0.134011,112683,1025055,10000,true
scheduler_n15_s025_seed1.txt,Scheduler,15,RelaxPriority,20000,false,min,540.000000,16.557286,na,0.264608,222682,1878282,20000,true
scheduler_n15_s025_seed2.txt,Scheduler,15,Exact,2147483646,false,min,2240.000000,46.008882,na,3.277681,3575244,22876385,769827,true
scheduler_n15_s025_seed2.txt,Scheduler,15,Restricted,500,true,min,2287.000000,0.064997,0.005712,0.000503,3306,8798,426,true
scheduler_n15_s025_seed2.txt,Scheduler,15,Restricted,1000,true,min,2240.000000,0.158068,0.017208,0.001476,6167,18157,860,true
scheduler_n15_s025_seed2.txt,Scheduler,15,Restricted,2000,true,min,2240.000000,0.374629,0.045666,0.004100,11952,39020,1795,true
scheduler_n15_s025_seed2.txt,Scheduler,15,Restricted,5000,true,min,2245.000000,0.902037,0.160863,0.014781,27963,103144,4590,true
scheduler_n15_s025_seed2.txt,Scheduler,15,Exact,2147483646,true,min,2240.000000,45.672680,28.114630,0.056570,32768,245760,6435,true
scheduler_n15_s025_seed2.txt,Scheduler,15,Restricted,10000,true,min,2240.000000,1.787308,0.343158,0.031292,51652,205527,9292,true
scheduler_n15_s025_seed2.txt,Scheduler,15,Restricted,500,false,min,2276.000000,0.065678,na,0.000865,5393,13327,500,true
scheduler_n15_s025_seed2.txt,Scheduler,15,Restricted,1000,false,min,2240.000000,0.166504,na,0.002720,10763,29166,1000,true
scheduler_n15_s025_seed2.txt,Scheduler,15,Restricted,20000,true,min,2240.000000,3.572192,0.778180,0.061611,91804,397401,18799,true
scheduler_n15_s025_seed2.txt,Scheduler,15,Restricted,2000,false,min,2240.000000,0.369382,na,0.008519,21000,62535,2000,true
scheduler_n15_s025_seed2.txt,Scheduler,15,Restricted,5000,false,min,2240.000000,0.877554,na,0.023795,50027,167258,5000,true
scheduler_n15_s025_seed2.txt,Scheduler,15,Restricted,10000,false,min,2240.000000,1.874647,na,0.052672,95803,345537,10000,true
scheduler_n15_s025_seed2.txt,Scheduler,15,RelaxPriority,500,true,min,668.000000,0.228084,0.016187,0.003298,4501,48604,449,true
scheduler_n15_s025_seed2.txt,Scheduler,15,Restricted,20000,false,min,2240.000000,3.519077,na,0.111387,180752,708721,20000,true
scheduler_n15_s025_seed2.txt,Scheduler,15,RelaxPriority,1000,true,min,668.000000,0.508275,0.043449,0.007755,8566,89369,916,true
scheduler_n15_s025_seed2.txt,Scheduler,15,RelaxPriority,2000,true,min,625.000000,1.303797,0.117097,0.020236,17416,176728,1859,true
scheduler_n15_s025_seed2.txt,Scheduler,15,RelaxPriority,5000,true,min,658.000000,4.117574,0.336005,0.055840,42167,413682,4568,true
scheduler_n15_s025_seed2.txt,Scheduler,15,RelaxPriority,10000,true,min,666.000000,10.594185,0.726717,0.107354,82121,778714,8969,true
scheduler_n15_s025_seed2.txt,Scheduler,15,RelaxPriority,500,false,min,668.000000,0.228193,na,0.004249,6227,65360,500,true
scheduler_n15_s025_seed2.txt,Scheduler,15,RelaxPriority,1000,false,min,668.000000,0.513527,na,0.010853,12225,123398,1000,true
scheduler_n15_s025_seed2.txt,Scheduler,15,RelaxPriority,2000,false,min,625.000000,1.308926,na,0.027267,24224,239384,2000,true
scheduler_n15_s025_seed2.txt,Scheduler,15,RelaxPriority,5000,false,min,658.000000,4.015680,na,0.072071,57736,550824,5000,true
scheduler_n15_s025_seed2.txt,Scheduler,15,RelaxPriority,20000,true,min,666.000000,22.373988,1.428326,0.200902,154593,1406574,18610,true
scheduler_n15_s025_seed2.txt,Scheduler,15,RelaxPriority,10000,false,min,666.000000,10.387260,na,0.146302,112737,1038769,10000,true
scheduler_n15_s025_seed2.txt,Scheduler,15,RelaxPriority,20000,false,min,666.000000,22.438136,na,0.300749,222737,1964973,20000,true
scheduler_n15_s025_seed3.txt,Scheduler,15,Exact,2147483646,true,min,3266.000000,43.655447,26.860657,0.045836,32768,245760,6435,true
scheduler_n15_s025_seed3.txt,Scheduler,15,Exact,2147483646,false,min,3154.000000,42.808945,na,3.093575,3445630,21964324,745800,true
scheduler_n15_s025_seed3.txt,Scheduler,15,Restricted,500,true,min,3204.000000,0.067163,0.003611,0.000241,2316,5391,355,true
scheduler_n15_s025_seed3.txt,Scheduler,15,Restricted,1000,true,min,3166.000000,0.151882,0.013247,0.000908,5154,14042,710,true
scheduler_n15_s025_seed3.txt,Scheduler,15,Restricted,2000,true,min,3174.000000,0.371634,0.040095,0.003388,11086,34559,1603,true
scheduler_n15_s025_seed3.txt,Scheduler,15,Restricted,5000,true,min,3202.000000,0.908774,0.146571,0.013292,27176,96886,4134,true
scheduler_n15_s025_seed3.txt,Scheduler,15,Restricted,10000,true,min,3194.000000,1.844876,0.349679,0.032686,50584,196297,8501,true
scheduler_n15_s025_seed3.txt,Scheduler,15,Restricted,20000,true,min,3164.000000,3.639757,0.754880,0.067256,94310,399400,17556,true
scheduler_n15_s025_seed3.txt,Scheduler,15,Restricted,500,false,min,3204.000000,0.068374,na,0.000752,3794,8116,500,true
scheduler_n15_s025_seed3.txt,Scheduler,15,Restricted,1000,false,min,3166.000000,0.154455,na,0.002509,8879,21956,1000,true
scheduler_n15_s025_seed3.txt,Scheduler,15,Restricted,2000,false,min,3166.000000,0.405277,na,0.008535,19050,53552,2000,true
scheduler_n15_s025_seed3.txt,Scheduler,15,Restricted,5000,false,min,3166.000000,0.974176,na,0.025481,47979,154623,5000,true
scheduler_n15_s025_seed3.txt,Scheduler,15,Restricted,10000,false,min,3164.000000,1.924992,na,0.055643,94709,332363,10000,true
scheduler_n15_s025_seed3.txt,Scheduler,15,RelaxPriority,500,true,min,834.000000,0.248791,0.018327,0.003416,4247,46712,430,true
scheduler_n15_s025_seed3.txt,Scheduler,15,RelaxPriority,1000,true,min,834.000000,0.594834,0.048955,0.008346,8170,87139,839,true
scheduler_n15_s025_seed3.txt,Scheduler,15,Restricted,20000,false,min,3154.000000,3.652242,na,0.109784,180188,691044,20000,true
scheduler_n15_s025_seed3.txt,Scheduler,15,RelaxPriority,2000,true,min,870.000000,1.435824,0.136210,0.020603,16272,171992,1777,true
scheduler_n15_s025_seed3.txt,Scheduler,15,RelaxPriority,5000,true,min,864.000000,4.340709,0.371511,0.051696,37259,368771,4286,true
scheduler_n15_s025_seed3.txt,Scheduler,15,RelaxPriority,500,false,min,834.000000,0.239093,na,0.004636,6227,66415,500,true
scheduler_n15_s025_seed3.txt,Scheduler,15,RelaxPriority,1000,false,min,834.000000,0.582190,na,0.011845,12227,125904,1000,true
scheduler_n15_s025_seed3.txt,Scheduler,15,RelaxPriority,2000,false,min,870.000000,1.462958,na,0.029904,24225,247819,2000,true
scheduler_n15_s025_seed3.txt,Scheduler,15,RelaxPriority,10000,true,min,897.000000,10.253721,0.799609,0.100490,72749,692905,8721,true
scheduler_n15_s025_seed3.txt,Scheduler,15,RelaxPriority,5000,false,min,864.000000,4.299836,na,0.074066,57682,547565,5000,true
scheduler_n15_s025_seed3.txt,Scheduler,15,RelaxPriority,10000,false,min,897.000000,10.277740,na,0.149728,112681,1028929,10000,true
scheduler_n15_s025_seed3.txt,Scheduler,15,RelaxPriority,20000,true,min,937.000000,22.691346,1.600668,0.199109,144140,1342905,17759,true
scheduler_n15_s025_seed3.txt,Scheduler,15,RelaxPriority,20000,false,min,937.000000,22.927815,na,0.307555,222681,1998238,20000,true
scheduler_n15_s025_seed4.txt,Scheduler,15,Exact,2147483646,true,min,1560.000000,44.789966,27.276609,0.045376,32768,245760,6435,true
scheduler_n15_s025_seed4.txt,Scheduler,15,Restricted,1000,true,min,1569.000000,0.136842,0.016494,0.001297,6370,18695,895,true
scheduler_n15_s025_seed4.txt,Scheduler,15,Restricted,500,true,min,1565.000000,0.065167,0.005100,0.000432,3330,8918,433,true
scheduler_n15_s025_seed4.txt,Scheduler,15,Restricted,2000,true,min,1560.000000,0.347646,0.037695,0.003358,12298,39317,1851,true
scheduler_n15_s025_seed4.txt,Scheduler,15,Restricted,5000,true,min,1544.000000,0.852916,0.124218,0.012349,28966,103021,4687,true
scheduler_n15_s025_seed4.txt,Scheduler,15,Restricted,10000,true,min,1544.000000,1.715420,0.309856,0.031065,52549,202774,9496,true
scheduler_n15_s025_seed4.txt,Scheduler,15,Restricted,500,false,min,1565.000000,0.063823,na,0.001089,5117,12607,500,true
scheduler_n15_s025_seed4.txt,Scheduler,15,Restricted,20000,true,min,1560.000000,3.399960,0.686794,0.063044,96490,406100,18961,true
scheduler_n15_s025_seed4.txt,Scheduler,15,Restricted,1000,false,min,1565.000000,0.137055,na,0.001942,10491,28239,1000,true
scheduler_n15_s025_seed4.txt,Scheduler,15,Restricted,2000,false,min,1560.000000,0.317674,na,0.005782,20479,60090,2000,true
scheduler_n15_s025_seed4.txt,Scheduler,15,Restricted,5000,false,min,1544.000000,0.829073,na,0.021593,49046,161060,5000,true
scheduler_n15_s025_seed4.txt,Scheduler,15,Restricted,10000,false,min,1544.000000,1.751223,na,0.049564,94922,338277,10000,true
scheduler_n15_s025_seed4.txt,Scheduler,15,Exact,2147483646,false,min,1544.000000,42.244689,na,3.077397,3527812,22514092,764081,true
scheduler_n15_s025_seed4.txt,Scheduler,15,RelaxPriority,500,true,min,399.000000,0.221693,0.014792,0.003132,4870,52511,477,true
scheduler_n15_s025_seed4.txt,Scheduler,15,Restricted,20000,false,min,1544.000000,3.444031,na,0.105471,178871,695112,20000,true
scheduler_n15_s025_seed4.txt,Scheduler,15,RelaxPriority,1000,true,min,334.000000,0.491247,0.033853,0.006654,9078,94189,883,true
scheduler_n15_s025_seed4.txt,Scheduler,15,RelaxPriority,2000,true,min,439.000000,1.164415,0.102327,0.018599,17715,177703,1859,true
scheduler_n15_s025_seed4.txt,Scheduler,15,RelaxPriority,5000,true,min,456.000000,3.126706,0.286356,0.052853,42510,411222,4730,true
scheduler_n15_s025_seed4.txt,Scheduler,15,RelaxPriority,500,false,min,399.000000,0.215206,na,0.003744,6226,65868,500,true
scheduler_n15_s025_seed4.txt,Scheduler,15,RelaxPriority,1000,false,min,334.000000,0.499014,na,0.009425,12226,123644,1000,true
scheduler_n15_s025_seed4.txt,Scheduler,15,RelaxPriority,10000,true,min,516.000000,7.697439,0.649826,0.105966,81962,762854,9233,true
scheduler_n15_s025_seed4.txt,Scheduler,15,RelaxPriority,2000,false,min,439.000000,1.185940,na,0.024362,24226,237685,2000,true
scheduler_n15_s025_seed4.txt,Scheduler,15,RelaxPriority,5000,false,min,456.000000,3.319104,na,0.068326,57673,542381,5000,true
scheduler_n15_s025_seed4.txt,Scheduler,15,RelaxPriority,10000,false,min,516.000000,7.870561,na,0.138691,112672,1019660,10000,true
scheduler_n15_s025_seed4.txt,Scheduler,15,RelaxPriority,20000,true,min,589.000000,20.560120,1.381984,0.212387,162246,1478396,18893,true
scheduler_n15_s025_seed4.txt,Scheduler,15,RelaxPriority,20000,false,min,589.000000,20.960021,na,0.290895,222673,1974711,20000,true
scheduler_n15_s025_seed5.txt,Scheduler,15,Exact,2147483646,true,min,2271.000000,40.706071,25.583308,0.064005,32768,245760,6435,true
scheduler_n15_s025_seed5.txt,Scheduler,15,Exact,2147483646,false,min,2240.000000,40.943520,na,2.950681,3314896,21147516,715065,true
scheduler_n15_s025_seed5.txt,Scheduler,15,Restricted,500,true,min,2242.000000,0.065536,0.004641,0.000356,2864,7702,383,true
scheduler_n15_s025_seed5.txt,Scheduler,15,Restricted,1000,true,min,2254.000000,0.141875,0.013054,0.001046,5859,17327,819,true
scheduler_n15_s025_seed5.txt,Scheduler,15,Restricted,2000,true,min,2254.000000,0.354970,0.038515,0.003530,11854,38555,1732,true
scheduler_n15_s025_seed5.txt,Scheduler,15,Restricted,5000,true,min,2254.000000,0.889308,0.152024,0.013108,26746,96030,4332,true
scheduler_n15_s025_seed5.txt,Scheduler,15,Restricted,10000,true,min,2251.000000,1.788555,0.346906,0.029909,50732,198212,9103,true
scheduler_n15_s025_seed5.txt,Scheduler,15,Restricted,20000,true,min,2251.000000,3.521258,0.732563,0.065167,95026,405051,18151,true
scheduler_n15_s025_seed5.txt,Scheduler,15,Restricted,500,false,min,2242.000000,0.065446,na,0.000928,4991,12201,500,true
scheduler_n15_s025_seed5.txt,Scheduler,15,Restricted,1000,false,min,2242.000000,0.159837,na,0.002763,9964,26847,1000,true
scheduler_n15_s025_seed5.txt,Scheduler,15,Restricted,2000,false,min,2242.000000,0.390474,na,0.007758,19880,58525,2000,true
scheduler_n15_s025_seed5.txt,Scheduler,15,Restricted,5000,false,min,2240.000000,0.938516,na,0.024862,48992,160854,5000,true
scheduler_n15_s025_seed5.txt,Scheduler,15,Restricted,10000,false,min,2240.000000,1.858698,na,0.052729,94485,337362,10000,true
scheduler_n15_s025_seed5.txt,Scheduler,15,RelaxPriority,500,true,min,826.000000,0.232747,0.017389,0.003247,4472,49142,453,true
scheduler_n15_s025_seed5.txt,Scheduler,15,RelaxPriority,1000,true,min,847.000000,0.590592,0.047913,0.008722,8505,91771,889,true
scheduler_n15_s025_seed5.txt,Scheduler,15,RelaxPriority,2000,true,min,884.000000,1.417974,0.133518,0.020619,16354,168521,1729,true
scheduler_n15_s025_seed5.txt,Scheduler,15,Restricted,20000,false,min,2240.000000,3.627486,na,0.109674,178261,692905,20000,true
scheduler_n15_s025_seed5.txt,Scheduler,15,RelaxPriority,5000,true,min,824.000000,3.838104,0.370093,0.053864,38999,381034,4330,true
scheduler_n15_s025_seed5.txt,Scheduler,15,RelaxPriority,500,false,min,826.000000,0.238109,na,0.004270,6227,66415,500,true
scheduler_n15_s025_seed5.txt,Scheduler,15,RelaxPriority,1000,false,min,847.000000,0.580507,na,0.012064,12226,128109,1000,true
scheduler_n15_s025_seed5.txt,Scheduler,15,RelaxPriority,10000,true,min,840.000000,10.236331,0.769274,0.101039,74757,711552,8627,true
scheduler_n15_s025_seed5.txt,Scheduler,15,RelaxPriority,2000,false,min,884.000000,1.407544,na,0.029023,24224,242610,2000,true
scheduler_n15_s025_seed5.txt,Scheduler,15,RelaxPriority,5000,false,min,824.000000,3.834401,na,0.073662,57658,543122,5000,true
scheduler_n15_s025_seed5.txt,Scheduler,15,RelaxPriority,20000,true,min,827.000000,22.334044,1.618935,0.204734,148444,1379766,17601,true
scheduler_n15_s025_seed5.txt,Scheduler,15,RelaxPriority,10000,false,min,840.000000,10.236707,na,0.147511,112659,1030029,10000,true
scheduler_n15_s025_seed5.txt,Scheduler,15,RelaxPriority,20000,false,min,827.000000,22.210097,na,0.315141,222657,1999902,20000,true
scheduler_n15_s050_seed1.txt,Scheduler,15,Exact,2147483646,true,min,2009.000000,61.040293,38.140445,0.106480,32768,245760,6435,true
scheduler_n15_s050_seed1.txt,Scheduler,15,Restricted,500,true,min,2097.000000,0.078751,0.004125,0.000301,2447,5405,387,true
scheduler_n15_s050_seed1.txt,Scheduler,15,Restricted,1000,true,min,2052.000000,0.157182,0.012024,0.000724,4981,12048,841,true
scheduler_n15_s050_seed1.txt,Scheduler,15,Restricted,2000,true,min,2052.000000,0.379972,0.031753,0.002023,10005,26973,1651,true
scheduler_n15_s050_seed1.txt,Scheduler,15,Restricted,5000,true,min,2025.000000,0.932891,0.127114,0.010722,26547,82103,4302,true
scheduler_n15_s050_seed1.txt,Scheduler,15,Restricted,10000,true,min,2018.000000,1.892411,0.290139,0.025534,50308,168822,8431,true
scheduler_n15_s050_seed1.txt,Scheduler,15,Restricted,500,false,min,2097.000000,0.069031,na,0.000677,4028,8326,500,true
scheduler_n15_s050_seed1.txt,Scheduler,15,Restricted,1000,false,min,2052.000000,0.143274,na,0.001616,8385,19136,1000,true
scheduler_n15_s050_seed1.txt,Scheduler,15,Restricted,20000,true,min,2018.000000,3.715261,0.680092,0.056757,95829,354068,17731,true
scheduler_n15_s050_seed1.txt,Scheduler,15,Restricted,2000,false,min,2052.000000,0.323272,na,0.005074,17630,44364,2000,true
scheduler_n15_s050_seed1.txt,Scheduler,15,Restricted,5000,false,min,2025.000000,0.860645,na,0.019728,45523,130849,5000,true
scheduler_n15_s050_seed1.txt,Scheduler,15,Restricted,10000,false,min,2016.000000,1.820745,na,0.045747,89886,283225,10000,true
scheduler_n15_s050_seed1.txt,Scheduler,15,RelaxPriority,500,true,min,443.000000,0.226729,0.012496,0.001889,4712,50654,456,true
scheduler_n15_s050_seed1.txt,Scheduler,15,Restricted,20000,false,min,2016.000000,3.687925,na,0.099859,177264,615527,20000,true
scheduler_n15_s050_seed1.txt,Scheduler,15,RelaxPriority,1000,true,min,467.000000,0.507778,0.033791,0.005695,8945,94176,911,true
scheduler_n15_s050_seed1.txt,Scheduler,15,RelaxPriority,2000,true,min,483.000000,1.418494,0.104423,0.017951,17560,182877,1837,true
scheduler_n15_s050_seed1.txt,Scheduler,15,RelaxPriority,5000,true,min,450.000000,3.758676,0.315733,0.058545,41419,413427,4557,true
scheduler_n15_s050_seed1.txt,Scheduler,15,RelaxPriority,10000,true,min,521.000000,8.771020,0.683924,0.118215,81059,786034,9421,true
scheduler_n15_s050_seed1.txt,Scheduler,15,RelaxPriority,500,false,min,443.000000,0.226833,na,0.003305,6226,65089,500,true
scheduler_n15_s050_seed1.txt,Scheduler,15,RelaxPriority,1000,false,min,467.000000,0.515427,na,0.008913,12226,125042,1000,true
scheduler_n15_s050_seed1.txt,Scheduler,15,RelaxPriority,2000,false,min,483.000000,1.412898,na,0.023246,24227,244981,2000,true
scheduler_n15_s050_seed1.txt,Scheduler,15,RelaxPriority,5000,false,min,450.000000,3.768723,na,0.074275,57770,555300,5000,true
scheduler_n15_s050_seed1.txt,Scheduler,15,RelaxPriority,20000,true,min,563.000000,21.078727,1.497578,0.199405,152860,1391476,17786,true
scheduler_n15_s050_seed1.txt,Scheduler,15,Exact,2147483646,false,min,2009.000000,57.591520,na,4.327330,4827270,30613292,1052766,true
scheduler_n15_s050_seed1.txt,Scheduler,15,RelaxPriority,10000,false,min,521.000000,9.384828,na,0.153263,112771,1053051,10000,true
scheduler_n15_s050_seed1.txt,Scheduler,15,RelaxPriority,20000,false,min,563.000000,21.716787,na,0.291778,222771,1961757,20000,true
scheduler_n15_s050_seed2.txt,Scheduler,15,Exact,2147483646,true,min,2342.000000,58.607682,35.863257,0.048596,32768,245760,6435,true
scheduler_n15_s050_seed2.txt,Scheduler,15,Restricted,500,true,min,2329.000000,0.068821,0.004659,0.000374,3239,7850,428,true
scheduler_n15_s050_seed2.txt,Scheduler,15,Restricted,1000,true,min,2308.000000,0.157945,0.013944,0.001242,6525,17459,892,true
scheduler_n15_s050_seed2.txt,Scheduler,15,Restricted,2000,true,min,2279.000000,0.390006,0.043767,0.003731,12143,35668,1818,true
scheduler_n15_s050_seed2.txt,Scheduler,15,Restricted,5000,true,min,2279.000000,0.983762,0.139983,0.015702,28469,93156,4688,true
scheduler_n15_s050_seed2.txt,Scheduler,15,Restricted,10000,true,min,2342.000000,2.001456,0.349319,0.032635,52999,188221,9434,true
scheduler_n15_s050_seed2.txt,Scheduler,15,Restricted,500,false,min,2329.000000,0.067695,na,0.000796,5193,11770,500,true
scheduler_n15_s050_seed2.txt,Scheduler,15,Restricted,20000,true,min,2342.000000,3.868111,0.764887,0.064399,95852,369994,18926,true
scheduler_n15_s050_seed2.txt,Scheduler,15,Restricted,1000,false,min,2308.000000,0.151442,na,0.002364,10379,25803,1000,true
scheduler_n15_s050_seed2.txt,Scheduler,15,Restricted,2000,false,min,2279.000000,0.388955,na,0.007991,20579,56186,2000,true
scheduler_n15_s050_seed2.txt,Scheduler,15,Restricted,5000,false,min,2279.000000,0.973616,na,0.023333,48932,149268,5000,true
scheduler_n15_s050_seed2.txt,Scheduler,15,Restricted,10000,false,min,2279.000000,1.970531,na,0.053746,94933,315094,10000,true
scheduler_n15_s050_seed2.txt,Scheduler,15,RelaxPriority,500,true,min,727.000000,0.241434,0.013178,0.002487,4924,53060,472,true
scheduler_n15_s050_seed2.txt,Scheduler,15,Restricted,20000,false,min,2279.000000,3.766462,na,0.106371,182179,656188,20000,true
scheduler_n15_s050_seed2.txt,Scheduler,15,RelaxPriority,1000,true,min,727.000000,0.508357,0.040052,0.007020,8846,91431,900,true
scheduler_n15_s050_seed2.txt,Scheduler,15,RelaxPriority,2000,true,min,686.000000,1.290090,0.102746,0.018262,17394,174573,1892,true
scheduler_n15_s050_seed2.txt,Scheduler,15,RelaxPriority,5000,true,min,686.000000,3.754706,0.324558,0.056094,43747,423852,4752,true
scheduler_n15_s050_seed2.txt,Scheduler,15,Exact,2147483646,false,min,2279.000000,55.630600,na,4.168150,4577232,28992302,998461,true
scheduler_n15_s050_seed2.txt,Scheduler,15,RelaxPriority,10000,true,min,737.000000,10.590077,0.691626,0.110702,82817,775534,9393,true
scheduler_n15_s050_seed2.txt,Scheduler,15,RelaxPriority,500,false,min,727.000000,0.238137,na,0.003833,6226,65691,500,true
scheduler_n15_s050_seed2.txt,Scheduler,15,RelaxPriority,1000,false,min,727.000000,0.525402,na,0.009829,12227,122912,1000,true
scheduler_n15_s050_seed2.txt,Scheduler,15,RelaxPriority,2000,false,min,686.000000,1.279112,na,0.023440,24227,236525,2000,true
scheduler_n15_s050_seed2.txt,Scheduler,15,RelaxPriority,5000,false,min,686.000000,3.759794,na,0.072739,57713,545478,5000,true
scheduler_n15_s050_seed2.txt,Scheduler,15,RelaxPriority,20000,true,min,756.000000,21.209458,1.393435,0.208241,162679,1433078,18832,true
scheduler_n15_s050_seed2.txt,Scheduler,15,RelaxPriority,10000,false,min,737.000000,10.397487,na,0.144792,112713,1021644,10000,true
scheduler_n15_s050_seed2.txt,Scheduler,15,RelaxPriority,20000,false,min,756.000000,21.365791,na,0.285806,222711,1908387,20000,true
scheduler_n15_s050_seed3.txt,Scheduler,15,Restricted,500,true,min,3206.000000,0.072216,0.003082,0.000192,1987,4027,338,true
scheduler_n15_s050_seed3.txt,Scheduler,15,Restricted,1000,true,min,3178.000000,0.157800,0.015450,0.001727,4402,10119,704,true
scheduler_n15_s050_seed3.txt,Scheduler,15,Restricted,2000,true,min,3186.000000,0.369343,0.039211,0.001983,8964,23407,1505,true
scheduler_n15_s050_seed3.txt,Scheduler,15,Restricted,5000,true,min,3121.000000,1.030707,0.116824,0.011288,23929,72119,4141,true
scheduler_n15_s050_seed3.txt,Scheduler,15,Exact,2147483646,true,min,3204.000000,75.264314,47.210854,0.112390,32768,245760,6435,true
scheduler_n15_s050_seed3.txt,Scheduler,15,Restricted,10000,true,min,3110.000000,2.064632,0.304142,0.025194,49064,161388,8564,true
scheduler_n15_s050_seed3.txt,Scheduler,15,Restricted,500,false,min,3206.000000,0.076779,na,0.000639,3366,6380,500,true
scheduler_n15_s050_seed3.txt,Scheduler,15,Restricted,20000,true,min,3125.000000,4.130615,0.680756,0.056735,92434,331070,17238,true
scheduler_n15_s050_seed3.txt,Scheduler,15,Restricted,1000,false,min,3178.000000,0.150353,na,0.001599,7418,15865,1000,true
scheduler_n15_s050_seed3.txt,Scheduler,15,Restricted,2000,false,min,3178.000000,0.399375,na,0.010184,15965,38654,2000,true
scheduler_n15_s050_seed3.txt,Scheduler,15,Restricted,5000,false,min,3121.000000,1.006311,na,0.021295,42509,118079,5000,true
scheduler_n15_s050_seed3.txt,Scheduler,15,Restricted,10000,false,min,3086.000000,2.036520,na,0.045650,86597,263530,10000,true
scheduler_n15_s050_seed3.txt,Scheduler,15,RelaxPriority,500,true,min,949.000000,0.263985,0.013927,0.002341,4559,49475,424,true
scheduler_n15_s050_seed3.txt,Scheduler,15,Restricted,20000,false,min,3086.000000,4.103516,na,0.098705,172590,575511,20000,true
scheduler_n15_s050_seed3.txt,Scheduler,15,RelaxPriority,1000,true,min,893.000000,0.597506,0.040655,0.007232,8704,91595,865,true
scheduler_n15_s050_seed3.txt,Scheduler,15,RelaxPriority,2000,true,min,932.000000,1.494029,0.124527,0.020553,16525,168682,1711,true
scheduler_n15_s050_seed3.txt,Scheduler,15,RelaxPriority,5000,true,min,988.000000,4.142208,0.351077,0.050798,38398,377383,4292,true
scheduler_n15_s050_seed3.txt,Scheduler,15,RelaxPriority,10000,true,min,1030.000000,10.911722,0.735692,0.107815,74324,708182,8891,true
scheduler_n15_s050_seed3.txt,Scheduler,15,RelaxPriority,500,false,min,949.000000,0.265539,na,0.005410,6226,65963,500,true
scheduler_n15_s050_seed3.txt,Scheduler,15,RelaxPriority,1000,false,min,893.000000,0.605364,na,0.009728,12226,125351,1000,true
scheduler_n15_s050_seed3.txt,Scheduler,15,RelaxPriority,2000,false,min,932.000000,1.518580,na,0.025340,24227,240665,2000,true
scheduler_n15_s050_seed3.txt,Scheduler,15,RelaxPriority,5000,false,min,988.000000,4.102304,na,0.072405,57793,548704,5000,true
scheduler_n15_s050_seed3.txt,Scheduler,15,RelaxPriority,20000,true,min,1020.000000,24.320821,1.625082,0.192751,140376,1275972,17428,true
scheduler_n15_s050_seed3.txt,Scheduler,15,Exact,2147483646,false,min,3086.000000,72.720276,na,5.466475,5904964,37357821,1291896,true
scheduler_n15_s050_seed3.txt,Scheduler,15,RelaxPriority,10000,false,min,1030.000000,11.435690,na,0.148859,112794,1031720,10000,true
scheduler_n15_s050_seed3.txt,Scheduler,15,RelaxPriority,20000,false,min,1020.000000,24.775832,na,0.294065,222791,1935767,20000,true
scheduler_n15_s050_seed4.txt,Scheduler,15,Exact,2147483646,true,min,1694.000000,60.534782,38.879794,0.062882,32768,245760,6435,true
scheduler_n15_s050_seed4.txt,Scheduler,15,Restricted,500,true,min,1711.000000,0.073469,0.004528,0.000336,2762,6540,410,true
scheduler_n15_s050_seed4.txt,Scheduler,15,Restricted,1000,true,min,1702.000000,0.156595,0.014575,0.001055,5885,15457,825,true
scheduler_n15_s050_seed4.txt,Scheduler,15,Restricted,2000,true,min,1702.000000,0.404100,0.043364,0.003275,11213,32363,1765,true
scheduler_n15_s050_seed4.txt,Scheduler,15,Restricted,5000,true,min,1694.000000,1.013714,0.135095,0.015104,27250,87472,4330,true
scheduler_n15_s050_seed4.txt,Scheduler,15,Restricted,10000,true,min,1704.000000,2.018345,0.319517,0.032080,52505,184411,8979,true
scheduler_n15_s050_seed4.txt,Scheduler,15,Restricted,500,false,min,1706.000000,0.075534,na,0.000764,4610,10119,500,true
scheduler_n15_s050_seed4.txt,Scheduler,15,Restricted,1000,false,min,1702.000000,0.168748,na,0.002295,9854,23820,1000,true
scheduler_n15_s050_seed4.txt,Scheduler,15,Restricted,20000,true,min,1704.000000,3.906687,0.735608,0.060475,92239,351411,18048,true
scheduler_n15_s050_seed4.txt,Scheduler,15,Restricted,2000,false,min,1702.000000,0.397460,na,0.008648,19733,52426,2000,true
scheduler_n15_s050_seed4.txt,Scheduler,15,Restricted,5000,false,min,1694.000000,0.983824,na,0.022144,47876,141342,5000,true
scheduler_n15_s050_seed4.txt,Scheduler,15,Restricted,10000,false,min,1694.000000,1.940696,na,0.049053,93038,301915,10000,true
scheduler_n15_s050_seed4.txt,Scheduler,15,RelaxPriority,500,true,min,484.000000,0.254017,0.016120,0.002736,4602,49466,442,true
scheduler_n15_s050_seed4.txt,Scheduler,15,Restricted,20000,false,min,1694.000000,3.859052,na,0.101965,179171,633468,20000,true
scheduler_n15_s050_seed4.txt,Scheduler,15,RelaxPriority,1000,true,min,484.000000,0.586323,0.042161,0.006926,8644,89345,866,true
scheduler_n15_s050_seed4.txt,Scheduler,15,RelaxPriority,2000,true,min,554.000000,1.593687,0.118918,0.020433,17318,177741,1762,true
scheduler_n15_s050_seed4.txt,Scheduler,15,RelaxPriority,5000,true,min,505.000000,4.275206,0.354952,0.053236,39982,386563,4430,true
scheduler_n15_s050_seed4.txt,Scheduler,15,RelaxPriority,10000,true,min,513.000000,10.543792,0.754568,0.104008,77678,734667,9130,true
scheduler_n15_s050_seed4.txt,Scheduler,15,RelaxPriority,500,false,min,484.000000,0.249407,na,0.003790,6226,65237,500,true
scheduler_n15_s050_seed4.txt,Scheduler,15,RelaxPriority,1000,false,min,484.000000,0.556627,na,0.011215,12226,122724,1000,true
scheduler_n15_s050_seed4.txt,Scheduler,15,RelaxPriority,2000,false,min,554.000000,1.486222,na,0.026185,24227,242352,2000,true
scheduler_n15_s050_seed4.txt,Scheduler,15,RelaxPriority,5000,false,min,505.000000,4.277271,na,0.072038,57767,540153,5000,true
scheduler_n15_s050_seed4.txt,Scheduler,15,RelaxPriority,20000,true,min,576.000000,24.521723,1.557116,0.197156,147870,1346473,18556,true
scheduler_n15_s050_seed4.txt,Scheduler,15,Exact,2147483646,false,min,1694.000000,60.354326,na,4.514669,4863572,30833502,1059857,true
scheduler_n15_s050_seed4.txt,Scheduler,15,RelaxPriority,10000,false,min,513.000000,10.750589,na,0.146662,112766,1029086,10000,true
scheduler_n15_s050_seed4.txt,Scheduler,15,RelaxPriority,20000,false,min,576.000000,24.821806,na,0.296649,222767,1961797,20000,true
scheduler_n15_s050_seed5.txt,Scheduler,15,Exact,2147483646,true,min,2330.000000,56.270146,36.278123,0.062073,32768,245760,6435,true
scheduler_n15_s050_seed5.txt,Scheduler,15,Restricted,500,true,min,2274.000000,0.073419,0.003445,0.000184,2106,4450,344,true
scheduler_n15_s050_seed5.txt,Scheduler,15,Restricted,1000,true,min,2274.000000,0.153511,0.011554,0.000570,4787,11422,782,true
scheduler_n15_s050_seed5.txt,Scheduler,15,Restricted,2000,true,min,2274.000000,0.383012,0.042309,0.002314,9925,26272,1627,true
scheduler_n15_s050_seed5.txt,Scheduler,15,Restricted,5000,true,min,2274.000000,1.003749,0.127304,0.013391,26395,80186,4292,true
scheduler_n15_s050_seed5.txt,Scheduler,15,Restricted,10000,true,min,2274.000000,1.944609,0.287769,0.029204,50237,168108,8636,true
scheduler_n15_s050_seed5.txt,Scheduler,15,Restricted,500,false,min,2274.000000,0.072603,na,0.000648,3666,7250,500,true
scheduler_n15_s050_seed5.txt,Scheduler,15,Restricted,1000,false,min,2274.000000,0.156921,na,0.001718,8379,18620,1000,true
scheduler_n15_s050_seed5.txt,Scheduler,15,Restricted,20000,true,min,2330.000000,3.834142,0.702316,0.056781,93005,343320,18007,true
scheduler_n15_s050_seed5.txt,Scheduler,15,Restricted,2000,false,min,2274.000000,0.379947,na,0.010280,17893,44002,2000,true
scheduler_n15_s050_seed5.txt,Scheduler,15,Restricted,5000,false,min,2274.000000,0.962395,na,0.024190,45683,128783,5000,true
scheduler_n15_s050_seed5.txt,Scheduler,15,Restricted,10000,false,min,2274.000000,1.939056,na,0.048088,90015,280450,10000,true
scheduler_n15_s050_seed5.txt,Scheduler,15,RelaxPriority,500,true,min,876.000000,0.247685,0.014897,0.002536,4565,49223,452,true
scheduler_n15_s050_seed5.txt,Scheduler,15,Restricted,20000,false,min,2274.000000,3.920576,na,0.101019,178364,615118,20000,true
scheduler_n15_s050_seed5.txt,Scheduler,15,RelaxPriority,1000,true,min,865.000000,0.532148,0.040493,0.007365,8640,91241,918,true
scheduler_n15_s050_seed5.txt,Scheduler,15,RelaxPriority,2000,true,min,856.000000,1.356352,0.107307,0.020012,17553,180360,1746,true
scheduler_n15_s050_seed5.txt,Scheduler,15,RelaxPriority,5000,true,min,856.000000,3.758785,0.339257,0.058834,40974,399679,4195,true
scheduler_n15_s050_seed5.txt,Scheduler,15,RelaxPriority,10000,true,min,906.000000,10.401499,0.731000,0.109197,80117,771956,8890,true
scheduler_n15_s050_seed5.txt,Scheduler,15,RelaxPriority,500,false,min,876.000000,0.243927,na,0.004431,6226,65302,500,true
scheduler_n15_s050_seed5.txt,Scheduler,15,RelaxPriority,1000,false,min,865.000000,0.591413,na,0.010006,12226,124994,1000,true
scheduler_n15_s050_seed5.txt,Scheduler,15,RelaxPriority,2000,false,min,856.000000,1.455729,na,0.025420,24226,243250,2000,true
scheduler_n15_s050_seed5.txt,Scheduler,15,Exact,2147483646,false,min,2274.000000,57.609795,na,4.269937,4625422,29289867,1008690,true
scheduler_n15_s050_seed5.txt,Scheduler,15,RelaxPriority,5000,false,min,856.000000,3.749554,na,0.071327,57748,546401,5000,true
scheduler_n15_s050_seed5.txt,Scheduler,15,RelaxPriority,20000,true,min,906.000000,22.700122,1.500337,0.194669,148538,1344607,18072,true
scheduler_n15_s050_seed5.txt,Scheduler,15,RelaxPriority,10000,false,min,906.000000,10.578303,na,0.154466,112747,1049340,10000,true
scheduler_n15_s050_seed5.txt,Scheduler,15,RelaxPriority,20000,false,min,906.000000,22.646036,na,0.293921,222747,1946864,20000,true
scheduler_n15_s100_seed1.txt,Scheduler,15,Restricted,500,true,min,2520.000000,0.083436,0.003944,0.000172,2002,3823,302,true
scheduler_n15_s100_seed1.txt,Scheduler,15,Restricted,1000,true,min,2514.000000,0.201407,0.012275,0.000636,4570,9553,678,true
scheduler_n15_s100_seed1.txt,Scheduler,15,Restricted,2000,true,min,2496.000000,0.530141,0.051765,0.002664,9334,21203,1475,true
scheduler_n15_s100_seed1.txt,Scheduler,15,Restricted,5000,true,min,2437.000000,1.312685,0.142396,0.012616,22587,56803,3807,true
scheduler_n15_s100_seed1.txt,Scheduler,15,Restricted,10000,true,min,2437.000000,2.556847,0.338420,0.026996,45062,124069,8106,true
scheduler_n15_s100_seed1.txt,Scheduler,15,Restricted,20000,true,min,2437.000000,4.967627,0.690894,0.056198,88497,266880,16956,true
scheduler_n15_s100_seed1.txt,Scheduler,15,Restricted,500,false,min,2520.000000,0.074580,na,0.000669,3533,6407,500,true
scheduler_n15_s100_seed1.txt,Scheduler,15,Restricted,1000,false,min,2514.000000,0.170822,na,0.001708,7751,15293,1000,true
scheduler_n15_s100_seed1.txt,Scheduler,15,Restricted,2000,false,min,2496.000000,0.443597,na,0.011932,16271,35440,2000,true
scheduler_n15_s100_seed1.txt,Scheduler,15,Restricted,5000,false,min,2437.000000,1.141032,na,0.020592,41577,100222,5000,true
scheduler_n15_s100_seed1.txt,Scheduler,15,Restricted,10000,false,min,2437.000000,2.339106,na,0.072974,81465,214984,10000,true
scheduler_n15_s100_seed1.txt,Scheduler,15,Restricted,20000,false,min,2421.000000,4.610210,na,0.090803,161132,469665,20000,true
scheduler_n15_s100_seed1.txt,Scheduler,15,RelaxPriority,500,true,min,497.000000,0.268061,0.013833,0.002418,4786,49318,431,true
scheduler_n15_s100_seed1.txt,Scheduler,15,RelaxPriority,1000,true,min,491.000000,0.708925,0.041057,0.007693,9264,93903,869,true
scheduler_n15_s100_seed1.txt,Scheduler,15,RelaxPriority,2000,true,min,562.000000,1.644603,0.110355,0.019450,17558,170931,1768,true
scheduler_n15_s100_seed1.txt,Scheduler,15,RelaxPriority,5000,true,min,548.000000,4.971274,0.337665,0.055969,41996,399115,4310,true
scheduler_n15_s100_seed1.txt,Scheduler,15,Exact,2147483646,true,min,2412.000000,103.829401,69.860912,0.093971,32768,245760,6435,true
scheduler_n15_s100_seed1.txt,Scheduler,15,RelaxPriority,10000,true,min,544.000000,11.797379,0.698642,0.103355,79650,714159,8978,true
scheduler_n15_s100_seed1.txt,Scheduler,15,RelaxPriority,500,false,min,497.000000,0.267167,na,0.003272,6227,62728,500,true
scheduler_n15_s100_seed1.txt,Scheduler,15,RelaxPriority,1000,false,min,491.000000,0.676344,na,0.009210,12226,121398,1000,true
scheduler_n15_s100_seed1.txt,Scheduler,15,RelaxPriority,2000,false,min,562.000000,1.599220,na,0.026118,24227,231523,2000,true
scheduler_n15_s100_seed1.txt,Scheduler,15,RelaxPriority,5000,false,min,548.000000,4.803675,na,0.071452,57845,534578,5000,true
scheduler_n15_s100_seed1.txt,Scheduler,15,RelaxPriority,20000,true,min,605.000000,26.163749,1.450036,0.199831,153636,1311540,16927,true
scheduler_n15_s100_seed1.txt,Scheduler,15,RelaxPriority,10000,false,min,544.000000,11.660920,na,0.145083,112844,983684,10000,true
scheduler_n15_s100_seed1.txt,Scheduler,15,Exact,2147483646,false,min,2401.000000,103.920872,na,8.286578,8262910,51953763,1823470,true
scheduler_n15_s100_seed1.txt,Scheduler,15,RelaxPriority,20000,false,min,605.000000,26.605519,na,0.276423,222845,1857869,20000,true
scheduler_n15_s100_seed2.txt,Scheduler,15,Restricted,500,true,min,2843.000000,0.078885,0.004369,0.000226,2567,5156,365,true
scheduler_n15_s100_seed2.txt,Scheduler,15,Restricted,1000,true,min,2783.000000,0.162944,0.011238,0.000636,5150,11150,772,true
scheduler_n15_s100_seed2.txt,Scheduler,15,Restricted,2000,true,min,2792.000000,0.421013,0.037244,0.002138,10504,24855,1645,true
scheduler_n15_s100_seed2.txt,Scheduler,15,Restricted,5000,true,min,2792.000000,1.122741,0.122584,0.010924,24477,65213,4260,true
scheduler_n15_s100_seed2.txt,Scheduler,15,Restricted,10000,true,min,2792.000000,2.289854,0.306285,0.026994,49036,143445,8771,true
scheduler_n15_s100_seed2.txt,Scheduler,15,Restricted,20000,true,min,2792.000000,4.575866,0.663538,0.057761,93374,297952,18242,true
scheduler_n15_s100_seed2.txt,Scheduler,15,Restricted,500,false,min,2843.000000,0.075666,na,0.001389,4251,8009,500,true
scheduler_n15_s100_seed2.txt,Scheduler,15,Restricted,1000,false,min,2783.000000,0.156780,na,0.001583,8539,17311,1000,true
scheduler_n15_s100_seed2.txt,Scheduler,15,Restricted,2000,false,min,2783.000000,0.400701,na,0.009564,17486,38658,2000,true
scheduler_n15_s100_seed2.txt,Scheduler,15,Restricted,5000,false,min,2783.000000,1.079258,na,0.019089,44028,111054,5000,true
scheduler_n15_s100_seed2.txt,Scheduler,15,Restricted,10000,false,min,2783.000000,2.215302,na,0.062879,86410,238924,10000,true
scheduler_n15_s100_seed2.txt,Scheduler,15,Restricted,20000,false,min,2783.000000,4.431659,na,0.091688,168004,511960,20000,true
scheduler_n15_s100_seed2.txt,Scheduler,15,RelaxPriority,500,true,min,757.000000,0.260177,0.014966,0.002920,4830,50985,448,true
scheduler_n15_s100_seed2.txt,Scheduler,15,RelaxPriority,1000,true,min,757.000000,0.664796,0.039365,0.006991,9204,93039,887,true
scheduler_n15_s100_seed2.txt,Scheduler,15,RelaxPriority,2000,true,min,726.000000,1.696156,0.111381,0.020349,18098,180561,1749,true
scheduler_n15_s100_seed2.txt,Scheduler,15,RelaxPriority,5000,true,min,716.000000,4.549612,0.328469,0.052719,41017,390849,4447,true
scheduler_n15_s100_seed2.txt,Scheduler,15,RelaxPriority,10000,true,min,775.000000,9.857510,0.677552,0.091003,75027,639216,8967,true
scheduler_n15_s100_seed2.txt,Scheduler,15,RelaxPriority,20000,true,min,748.000000,28.411015,1.495200,0.207215,154234,1360261,18251,true
scheduler_n15_s100_seed2.txt,Scheduler,15,Exact,2147483646,false,min,2783.000000,102.050279,na,8.144941,8151514,51315882,1801321,true
scheduler_n15_s100_seed2.txt,Scheduler,15,RelaxPriority,500,false,min,757.000000,0.290021,na,0.004147,6227,64073,500,true
scheduler_n15_s100_seed2.txt,Scheduler,15,RelaxPriority,1000,false,min,757.000000,0.707333,na,0.010721,12227,120419,1000,true
scheduler_n15_s100_seed2.txt,Scheduler,15,RelaxPriority,2000,false,min,726.000000,1.764348,na,0.027995,24225,236180,2000,true
scheduler_n15_s100_seed2.txt,Scheduler,15,Exact,2147483646,true,min,2816.000000,105.390103,67.689944,0.161381,32768,245760,6435,true
scheduler_n15_s100_seed2.txt,Scheduler,15,RelaxPriority,5000,false,min,716.000000,4.821713,na,0.071223,57821,532010,5000,true
scheduler_n15_s100_seed2.txt,Scheduler,15,RelaxPriority,10000,false,min,775.000000,10.414221,na,0.139295,112820,935375,10000,true
scheduler_n15_s100_seed2.txt,Scheduler,15,RelaxPriority,20000,false,min,748.000000,29.105012,na,0.295917,222820,1899649,20000,true
scheduler_n15_s100_seed3.txt,Scheduler,15,Restricted,500,true,min,3804.000000,0.087849,0.003228,0.000117,1633,2824,287,true
scheduler_n15_s100_seed3.txt,Scheduler,15,Restricted,1000,true,min,3806.000000,0.189990,0.010367,0.000387,3577,6846,645,true
scheduler_n15_s100_seed3.txt,Scheduler,15,Restricted,2000,true,min,3762.000000,0.480944,0.039595,0.001530,7874,16410,1463,true
scheduler_n15_s100_seed3.txt,Scheduler,15,Restricted,5000,true,min,3655.000000,1.247844,0.129399,0.009108,18555,43005,3428,true
scheduler_n15_s100_seed3.txt,Scheduler,15,Restricted,10000,true,min,3655.000000,2.568901,0.322773,0.021273,38752,98009,7555,true
scheduler_n15_s100_seed3.txt,Scheduler,15,Restricted,20000,true,min,3655.000000,4.986712,0.635646,0.049084,80259,224187,16370,true
scheduler_n15_s100_seed3.txt,Scheduler,15,Restricted,500,false,min,3804.000000,0.077558,na,0.000610,3061,5074,500,true
scheduler_n15_s100_seed3.txt,Scheduler,15,Restricted,1000,false,min,3804.000000,0.179500,na,0.001477,6532,12055,1000,true
scheduler_n15_s100_seed3.txt,Scheduler,15,Restricted,2000,false,min,3762.000000,0.483414,na,0.012958,14156,28818,2000,true
scheduler_n15_s100_seed3.txt,Scheduler,15,Restricted,5000,false,min,3654.000000,1.280377,na,0.021245,37035,84095,5000,true
scheduler_n15_s100_seed3.txt,Scheduler,15,Restricted,10000,false,min,3654.000000,2.571156,na,0.078885,75075,186171,10000,true
scheduler_n15_s100_seed3.txt,Scheduler,15,Restricted,20000,false,min,3654.000000,4.961934,na,0.082447,151167,414575,20000,true
scheduler_n15_s100_seed3.txt,Scheduler,15,RelaxPriority,500,true,min,998.000000,0.302421,0.015141,0.002634,4842,50326,426,true
scheduler_n15_s100_seed3.txt,Scheduler,15,RelaxPriority,1000,true,min,954.000000,0.722541,0.051687,0.010470,9013,89207,826,true
scheduler_n15_s100_seed3.txt,Scheduler,15,RelaxPriority,2000,true,min,985.000000,1.825694,0.119677,0.021250,17458,170192,1608,true
scheduler_n15_s100_seed3.txt,Scheduler,15,RelaxPriority,5000,true,min,1054.000000,4.928292,0.346103,0.048603,37793,339360,3714,true
scheduler_n15_s100_seed3.txt,Scheduler,15,RelaxPriority,10000,true,min,1093.000000,13.131758,0.723110,0.099108,77342,674888,8411,true
scheduler_n15_s100_seed3.txt,Scheduler,15,Exact,2147483646,true,min,3702.000000,123.680515,80.362404,0.103511,32768,245760,6435,true
scheduler_n15_s100_seed3.txt,Scheduler,15,Exact,2147483646,false,min,3654.000000,119.290499,na,9.577214,9494165,59485497,2105299,true
scheduler_n15_s100_seed3.txt,Scheduler,15,RelaxPriority,500,false,min,998.000000,0.308053,na,0.004268,6223,63407,500,true
scheduler_n15_s100_seed3.txt,Scheduler,15,RelaxPriority,1000,false,min,954.000000,0.747306,na,0.010198,12226,118381,1000,true
scheduler_n15_s100_seed3.txt,Scheduler,15,RelaxPriority,20000,true,min,1067.000000,30.829689,1.563719,0.200243,148943,1309691,17212,true
scheduler_n15_s100_seed3.txt,Scheduler,15,RelaxPriority,2000,false,min,985.000000,1.884556,na,0.026790,24226,231912,2000,true
scheduler_n15_s100_seed3.txt,Scheduler,15,RelaxPriority,5000,false,min,1054.000000,4.763163,na,0.067625,57854,502153,5000,true
scheduler_n15_s100_seed3.txt,Scheduler,15,RelaxPriority,10000,false,min,1093.000000,13.036675,na,0.141830,112855,960283,10000,true
scheduler_n15_s100_seed3.txt,Scheduler,15,RelaxPriority,20000,false,min,1067.000000,30.436694,na,0.297782,222854,1904024,20000,true
scheduler_n15_s100_seed4.txt,Scheduler,15,Restricted,500,true,min,1845.000000,0.077897,0.003401,0.000166,2133,4262,345,true
scheduler_n15_s100_seed4.txt,Scheduler,15,Restricted,1000,true,min,1845.000000,0.172568,0.010050,0.000466,4443,9623,752,true
scheduler_n15_s100_seed4.txt,Scheduler,15,Restricted,2000,true,min,1828.000000,0.458720,0.040235,0.001960,9211,21561,1545,true
scheduler_n15_s100_seed4.txt,Scheduler,15,Restricted,5000,true,min,1828.000000,1.140859,0.126216,0.011543,24284,64458,4222,true
scheduler_n15_s100_seed4.txt,Scheduler,15,Restricted,10000,true,min,1824.000000,2.203214,0.302453,0.026210,48521,140382,8819,true
scheduler_n15_s100_seed4.txt,Scheduler,15,Restricted,20000,true,min,1828.000000,4.348916,0.638520,0.055052,93560,296992,18096,true
scheduler_n15_s100_seed4.txt,Scheduler,15,Restricted,500,false,min,1845.000000,0.072353,na,0.000649,3687,7010,500,true
scheduler_n15_s100_seed4.txt,Scheduler,15,Restricted,1000,false,min,1841.000000,0.157263,na,0.001635,7798,16083,1000,true
scheduler_n15_s100_seed4.txt,Scheduler,15,Restricted,2000,false,min,1828.000000,0.418643,na,0.010895,16260,36234,2000,true
scheduler_n15_s100_seed4.txt,Scheduler,15,Restricted,5000,false,min,1828.000000,1.083775,na,0.021660,43026,108755,5000,true
scheduler_n15_s100_seed4.txt,Scheduler,15,Restricted,10000,false,min,1824.000000,2.196720,na,0.063174,85396,236911,10000,true
scheduler_n15_s100_seed4.txt,Scheduler,15,Restricted,20000,false,min,1824.000000,4.294716,na,0.090719,168091,515818,20000,true
scheduler_n15_s100_seed4.txt,Scheduler,15,RelaxPriority,500,true,min,398.000000,0.262295,0.012931,0.002702,5146,53004,468,true
scheduler_n15_s100_seed4.txt,Scheduler,15,RelaxPriority,1000,true,min,440.000000,0.676717,0.041995,0.008634,9584,96397,914,true
scheduler_n15_s100_seed4.txt,Scheduler,15,RelaxPriority,2000,true,min,604.000000,1.557505,0.103155,0.019519,18143,175092,1727,true
scheduler_n15_s100_seed4.txt,Scheduler,15,RelaxPriority,5000,true,min,488.000000,4.451776,0.304726,0.055397,44260,415636,4671,true
scheduler_n15_s100_seed4.txt,Scheduler,15,RelaxPriority,10000,true,min,710.000000,11.072003,0.664018,0.108089,84316,767455,9328,true
scheduler_n15_s100_seed4.txt,Scheduler,15,Exact,2147483646,false,min,1824.000000,88.510759,na,6.887602,7156898,45041223,1576218,true
scheduler_n15_s100_seed4.txt,Scheduler,15,RelaxPriority,20000,true,min,693.000000,24.590036,1.374534,0.214282,166343,1438438,18744,true
scheduler_n15_s100_seed4.txt,Scheduler,15,RelaxPriority,500,false,min,398.000000,0.266944,na,0.003744,6227,63059,500,true
scheduler_n15_s100_seed4.txt,Scheduler,15,RelaxPriority,1000,false,min,440.000000,0.665557,na,0.009698,12225,120214,1000,true
scheduler_n15_s100_seed4.txt,Scheduler,15,RelaxPriority,2000,false,min,604.000000,1.601348,na,0.026275,24226,229683,2000,true
scheduler_n15_s100_seed4.txt,Scheduler,15,Exact,2147483646,true,min,1829.000000,90.687161,57.575227,0.075158,32768,245760,6435,true
scheduler_n15_s100_seed4.txt,Scheduler,15,RelaxPriority,5000,false,min,488.000000,4.655236,na,0.070030,57800,529949,5000,true
scheduler_n15_s100_seed4.txt,Scheduler,15,RelaxPriority,10000,false,min,710.000000,11.292165,na,0.143504,112801,997118,10000,true
scheduler_n15_s100_seed4.txt,Scheduler,15,RelaxPriority,20000,false,min,693.000000,24.699815,na,0.290746,222801,1884681,20000,true
scheduler_n15_s100_seed5.txt,Scheduler,15,Restricted,500,true,min,2439.000000,0.074420,0.004448,0.000177,2248,4198,299,true
scheduler_n15_s100_seed5.txt,Scheduler,15,Restricted,1000,true,min,2439.000000,0.171927,0.010225,0.000519,4507,8953,672,true
scheduler_n15_s100_seed5.txt,Scheduler,15,Restricted,2000,true,min,2436.000000,0.451039,0.041769,0.002135,9419,20246,1484,true
scheduler_n15_s100_seed5.txt,Scheduler,15,Restricted,5000,true,min,2436.000000,1.209538,0.137478,0.011812,23206,56760,3770,true
scheduler_n15_s100_seed5.txt,Scheduler,15,Restricted,10000,true,min,2436.000000,2.409104,0.325402,0.026932,47377,128455,8266,true
scheduler_n15_s100_seed5.txt,Scheduler,15,Restricted,20000,true,min,2436.000000,4.717736,0.681478,0.057453,92739,276400,17222,true
scheduler_n15_s100_seed5.txt,Scheduler,15,Restricted,500,false,min,2439.000000,0.077010,na,0.001718,3859,6708,500,true
scheduler_n15_s100_seed5.txt,Scheduler,15,Restricted,1000,false,min,2439.000000,0.178321,na,0.001853,7742,14531,1000,true
scheduler_n15_s100_seed5.txt,Scheduler,15,Restricted,2000,false,min,2436.000000,0.447651,na,0.012738,16007,32804,2000,true
scheduler_n15_s100_seed5.txt,Scheduler,15,Restricted,5000,false,min,2436.000000,1.226441,na,0.022660,42345,99206,5000,true
scheduler_n15_s100_seed5.txt,Scheduler,15,Restricted,10000,false,min,2436.000000,2.382506,na,0.069879,84062,217269,10000,true
scheduler_n15_s100_seed5.txt,Scheduler,15,Restricted,20000,false,min,2436.000000,4.728431,na,0.090857,165430,474099,20000,true
scheduler_n15_s100_seed5.txt,Scheduler,15,RelaxPriority,500,true,min,879.000000,0.268408,0.014114,0.002823,4946,51374,451,true
scheduler_n15_s100_seed5.txt,Scheduler,15,RelaxPriority,1000,true,min,842.000000,0.657857,0.043027,0.008201,9103,91113,875,true
scheduler_n15_s100_seed5.txt,Scheduler,15,RelaxPriority,2000,true,min,842.000000,1.649608,0.109538,0.021307,18175,175002,1817,true
scheduler_n15_s100_seed5.txt,Scheduler,15,Exact,2147483646,true,min,2452.000000,106.408418,69.360616,0.081537,32768,245760,6435,true
scheduler_n15_s100_seed5.txt,Scheduler,15,RelaxPriority,5000,true,min,887.000000,4.773632,0.327252,0.055964,42434,401346,4331,true
scheduler_n15_s100_seed5.txt,Scheduler,15,RelaxPriority,10000,true,min,898.000000,11.811429,0.713225,0.104205,78779,721275,8799,true
scheduler_n15_s100_seed5.txt,Scheduler,15,RelaxPriority,500,false,min,879.000000,0.263722,na,0.003648,6226,63589,500,true
scheduler_n15_s100_seed5.txt,Scheduler,15,RelaxPriority,1000,false,min,842.000000,0.642189,na,0.009750,12226,119681,1000,true
scheduler_n15_s100_seed5.txt,Scheduler,15,RelaxPriority,2000,false,min,842.000000,1.579583,na,0.025714,24224,229082,2000,true
scheduler_n15_s100_seed5.txt,Scheduler,15,RelaxPriority,5000,false,min,887.000000,4.762433,na,0.070574,57858,532942,5000,true
scheduler_n15_s100_seed5.txt,Scheduler,15,RelaxPriority,20000,true,min,881.000000,27.077882,1.497172,0.204332,154898,1365553,18223,true
scheduler_n15_s100_seed5.txt,Scheduler,15,RelaxPriority,10000,false,min,898.000000,12.165081,na,0.145587,112861,999307,10000,true
scheduler_n15_s100_seed5.txt,Scheduler,15,Exact,2147483646,false,min,2436.000000,103.788249,na,8.358879,8402836,52849947,1854116,true
scheduler_n15_s100_seed5.txt,Scheduler,15,RelaxPriority,20000,false,min,881.000000,27.855194,na,0.294195,222860,1900474,20000,true
scheduler_n20_s025_seed1.txt,Scheduler,20,Restricted,500,true,min,3418.000000,0.155345,0.008135,0.000568,3973,9555,422,true
scheduler_n20_s025_seed1.txt,Scheduler,20,Restricted,1000,true,min,3330.000000,0.383913,0.025063,0.002225,8468,23012,810,true
scheduler_n20_s025_seed1.txt,Scheduler,20,Restricted,2000,true,min,3244.000000,0.941171,0.082362,0.007080,17016,50038,1727,true
scheduler_n20_s025_seed1.txt,Scheduler,20,Restricted,5000,true,min,3227.000000,2.608347,0.224942,0.030126,46697,163405,4416,true
scheduler_n20_s025_seed1.txt,Scheduler,20,Restricted,10000,true,min,3227.000000,4.918241,0.521379,0.060723,91575,348338,9132,true
scheduler_n20_s025_seed1.txt,Scheduler,20,Restricted,20000,true,min,3186.000000,9.611342,1.129011,0.131980,183264,751525,18378,true
scheduler_n20_s025_seed1.txt,Scheduler,20,Restricted,500,false,min,3418.000000,0.147123,na,0.001333,5779,12833,500,true
scheduler_n20_s025_seed1.txt,Scheduler,20,Restricted,1000,false,min,3330.000000,0.331346,na,0.004344,12789,32137,1000,true
scheduler_n20_s025_seed1.txt,Scheduler,20,Restricted,2000,false,min,3244.000000,0.837197,na,0.024468,25416,69519,2000,true
scheduler_n20_s025_seed1.txt,Scheduler,20,Restricted,5000,false,min,3223.000000,2.419114,na,0.041776,68892,222768,5000,true
scheduler_n20_s025_seed1.txt,Scheduler,20,Restricted,10000,false,min,3223.000000,4.723699,na,0.084199,139527,492305,10000,true
scheduler_n20_s025_seed1.txt,Scheduler,20,Restricted,20000,false,min,3185.000000,9.189894,na,0.178577,274628,1046769,20000,true
scheduler_n20_s025_seed1.txt,Scheduler,20,RelaxPriority,500,true,min,708.000000,0.569702,0.036807,0.008460,7069,111443,467,true
scheduler_n20_s025_seed1.txt,Scheduler,20,RelaxPriority,1000,true,min,692.000000,1.516883,0.095728,0.019370,13643,208034,909,true
scheduler_n20_s025_seed1.txt,Scheduler,20,RelaxPriority,2000,true,min,737.000000,3.370665,0.218812,0.044077,25999,393252,1853,true
scheduler_n20_s025_seed1.txt,Scheduler,20,RelaxPriority,5000,true,min,750.000000,12.147568,0.675457,0.117261,63794,934948,4682,true
scheduler_n20_s025_seed1.txt,Scheduler,20,RelaxPriority,10000,true,min,865.000000,31.056904,1.491241,0.223892,120140,1713577,9363,true
scheduler_n20_s025_seed1.txt,Scheduler,20,RelaxPriority,20000,true,min,798.000000,65.976988,3.137280,0.469742,244322,3416523,18952,true
scheduler_n20_s025_seed1.txt,Scheduler,20,RelaxPriority,500,false,min,708.000000,0.577988,na,0.010016,8899,138537,500,true
scheduler_n20_s025_seed1.txt,Scheduler,20,RelaxPriority,1000,false,min,692.000000,1.564047,na,0.025508,17400,261238,1000,true
scheduler_n20_s025_seed1.txt,Scheduler,20,RelaxPriority,2000,false,min,737.000000,3.526505,na,0.057228,34398,511106,2000,true
scheduler_n20_s025_seed1.txt,Scheduler,20,RelaxPriority,5000,false,min,750.000000,12.174978,na,0.153582,85400,1232166,5000,true
scheduler_n20_s025_seed1.txt,Scheduler,20,RelaxPriority,10000,false,min,805.000000,30.475465,na,0.303706,166599,2322963,10000,true
scheduler_n20_s025_seed1.txt,Scheduler,20,RelaxPriority,20000,false,min,798.000000,67.913636,na,0.642701,326601,4470613,20000,true
scheduler_n20_s025_seed2.txt,Scheduler,20,Restricted,500,true,min,3773.000000,0.147559,0.006715,0.000579,4487,11013,398,true
scheduler_n20_s025_seed2.txt,Scheduler,20,Restricted,1000,true,min,3686.000000,0.353970,0.023924,0.002255,9269,26067,786,true
scheduler_n20_s025_seed2.txt,Scheduler,20,Restricted,2000,true,min,3686.000000,0.861480,0.076749,0.009304,19463,61422,1678,true
scheduler_n20_s025_seed2.txt,Scheduler,20,Restricted,5000,true,min,3645.000000,2.420938,0.215844,0.030072,49697,179507,4398,true
scheduler_n20_s025_seed2.txt,Scheduler,20,Restricted,10000,true,min,3645.000000,4.622997,0.483476,0.063496,97598,381492,9068,true
scheduler_n20_s025_seed2.txt,Scheduler,20,Restricted,20000,true,min,3645.000000,9.026092,1.115914,0.134936,188815,789634,18529,true
scheduler_n20_s025_seed2.txt,Scheduler,20,Restricted,500,false,min,3773.000000,0.150744,na,0.001550,6435,14643,500,true
scheduler_n20_s025_seed2.txt,Scheduler,20,Restricted,1000,false,min,3686.000000,0.344741,na,0.004729,13628,35432,1000,true
scheduler_n20_s025_seed2.txt,Scheduler,20,Restricted,2000,false,min,3686.000000,0.851148,na,0.020024,28035,81611,2000,true
scheduler_n20_s025_seed2.txt,Scheduler,20,Restricted,5000,false,min,3645.000000,2.410829,na,0.041741,71965,240491,5000,true
scheduler_n20_s025_seed2.txt,Scheduler,20,Restricted,10000,false,min,3645.000000,4.658986,na,0.086741,142820,516929,10000,true
scheduler_n20_s025_seed2.txt,Scheduler,20,Restricted,20000,false,min,3645.000000,9.040381,na,0.183244,278966,1085059,20000,true
scheduler_n20_s025_seed2.txt,Scheduler,20,RelaxPriority,500,true,min,683.000000,0.621773,0.036869,0.008800,7004,111451,462,true
scheduler_n20_s025_seed2.txt,Scheduler,20,RelaxPriority,1000,true,min,698.000000,1.591601,0.099274,0.020785,13268,206979,941,true
scheduler_n20_s025_seed2.txt,Scheduler,20,RelaxPriority,2000,true,min,750.000000,3.532098,0.239224,0.044389,25519,387111,1880,true
scheduler_n20_s025_seed2.txt,Scheduler,20,RelaxPriority,5000,true,min,771.000000,13.752195,0.728003,0.118492,62137,912607,4474,true
scheduler_n20_s025_seed2.txt,Scheduler,20,RelaxPriority,10000,true,min,871.000000,30.631229,1.468217,0.235773,120587,1725616,9376,true
scheduler_n20_s025_seed2.txt,Scheduler,20,RelaxPriority,20000,true,min,903.000000,67.697548,3.165935,0.477676,240306,3363099,18095,true
scheduler_n20_s025_seed2.txt,Scheduler,20,RelaxPriority,500,false,min,683.000000,0.679025,na,0.010740,8901,139343,500,true
scheduler_n20_s025_seed2.txt,Scheduler,20,RelaxPriority,1000,false,min,698.000000,1.724616,na,0.025622,17400,266031,1000,true
scheduler_n20_s025_seed2.txt,Scheduler,20,RelaxPriority,2000,false,min,750.000000,3.628620,na,0.056750,34401,511499,2000,true
scheduler_n20_s025_seed2.txt,Scheduler,20,RelaxPriority,5000,false,min,771.000000,13.728184,na,0.155541,85400,1230943,5000,true
scheduler_n20_s025_seed2.txt,Scheduler,20,RelaxPriority,10000,false,min,871.000000,30.125626,na,0.305045,166554,2338236,10000,true
scheduler_n20_s025_seed2.txt,Scheduler,20,RelaxPriority,20000,false,min,903.000000,66.966175,na,0.635819,326556,4480734,20000,true
scheduler_n20_s025_seed3.txt,Scheduler,20,Restricted,500,true,min,5868.000000,0.167587,0.005051,0.000300,3129,6361,369,true
scheduler_n20_s025_seed3.txt,Scheduler,20,Restricted,1000,true,min,5704.000000,0.390339,0.019097,0.001084,6769,15596,820,true
scheduler_n20_s025_seed3.txt,Scheduler,20,Restricted,2000,true,min,5639.000000,0.947970,0.075711,0.004291,13743,35358,1572,true
scheduler_n20_s025_seed3.txt,Scheduler,20,Restricted,5000,true,min,5599.000000,2.668264,0.185912,0.021973,37944,116601,4241,true
scheduler_n20_s025_seed3.txt,Scheduler,20,Restricted,10000,true,min,5599.000000,5.035246,0.441186,0.048637,74758,259111,8618,true
scheduler_n20_s025_seed3.txt,Scheduler,20,Restricted,20000,true,min,5599.000000,9.983051,1.033936,0.114016,160217,630569,17608,true
scheduler_n20_s025_seed3.txt,Scheduler,20,Restricted,500,false,min,5868.000000,0.167231,na,0.001066,4669,9105,500,true
scheduler_n20_s025_seed3.txt,Scheduler,20,Restricted,1000,false,min,5704.000000,0.377237,na,0.003936,10123,22199,1000,true
scheduler_n20_s025_seed3.txt,Scheduler,20,Restricted,2000,false,min,5639.000000,0.936083,na,0.033618,20814,50496,2000,true
scheduler_n20_s025_seed3.txt,Scheduler,20,Restricted,5000,false,min,5599.000000,2.642481,na,0.034713,56676,162389,5000,true
scheduler_n20_s025_seed3.txt,Scheduler,20,Restricted,10000,false,min,5599.000000,5.006518,na,0.068193,116088,374689,10000,true
scheduler_n20_s025_seed3.txt,Scheduler,20,Restricted,20000,false,min,5599.000000,9.367658,na,0.161061,244429,892828,20000,true
scheduler_n20_s025_seed3.txt,Scheduler,20,RelaxPriority,500,true,min,853.000000,0.588122,0.035612,0.007891,6738,106933,474,true
scheduler_n20_s025_seed3.txt,Scheduler,20,RelaxPriority,1000,true,min,800.000000,1.414160,0.096404,0.018999,12778,198728,932,true
scheduler_n20_s025_seed3.txt,Scheduler,20,RelaxPriority,2000,true,min,872.000000,3.347857,0.228148,0.044589,25743,387968,1835,true
scheduler_n20_s025_seed3.txt,Scheduler,20,RelaxPriority,5000,true,min,933.000000,12.822650,0.729010,0.112734,59587,877390,4326,true
scheduler_n20_s025_seed3.txt,Scheduler,20,RelaxPriority,10000,true,min,985.000000,29.016739,1.472081,0.228143,119932,1724118,9019,true
scheduler_n20_s025_seed3.txt,Scheduler,20,RelaxPriority,20000,true,min,1024.000000,62.232338,3.163636,0.431392,221279,3091953,18811,true
scheduler_n20_s025_seed3.txt,Scheduler,20,RelaxPriority,500,false,min,853.000000,0.584319,na,0.010071,8901,138537,500,true
scheduler_n20_s025_seed3.txt,Scheduler,20,RelaxPriority,1000,false,min,800.000000,1.420277,na,0.025381,17400,264654,1000,true
scheduler_n20_s025_seed3.txt,Scheduler,20,RelaxPriority,2000,false,min,872.000000,3.354210,na,0.056512,34400,509615,2000,true
scheduler_n20_s025_seed3.txt,Scheduler,20,RelaxPriority,5000,false,min,933.000000,12.925132,na,0.151625,85402,1232194,5000,true
scheduler_n20_s025_seed3.txt,Scheduler,20,RelaxPriority,10000,false,min,985.000000,29.311112,na,0.306964,166548,2345855,10000,true
scheduler_n20_s025_seed3.txt,Scheduler,20,RelaxPriority,20000,false,min,1024.000000,62.835946,na,0.625219,326547,4439693,20000,true
scheduler_n20_s025_seed4.txt,Scheduler,20,Restricted,500,true,min,3379.000000,0.154944,0.007098,0.000706,5277,13252,426,true
scheduler_n20_s025_seed4.txt,Scheduler,20,Restricted,1000,true,min,3379.000000,0.365083,0.023417,0.002587,10491,29598,882,true
scheduler_n20_s025_seed4.txt,Scheduler,20,Restricted,2000,true,min,3379.000000,0.887969,0.074820,0.008413,20942,64715,1805,true
scheduler_n20_s025_seed4.txt,Scheduler,20,Restricted,5000,true,min,3352.000000,2.525550,0.209574,0.030396,51361,176727,4666,true
scheduler_n20_s025_seed4.txt,Scheduler,20,Restricted,10000,true,min,3325.000000,4.754607,0.473142,0.066959,99532,372198,9479,true
scheduler_n20_s025_seed4.txt,Scheduler,20,Restricted,20000,true,min,3325.000000,9.320252,1.124129,0.138552,190887,771820,19095,true
scheduler_n20_s025_seed4.txt,Scheduler,20,Restricted,500,false,min,3378.000000,0.156598,na,0.001503,7339,17267,500,true
scheduler_n20_s025_seed4.txt,Scheduler,20,Restricted,1000,false,min,3369.000000,0.356596,na,0.004278,15065,39674,1000,true
scheduler_n20_s025_seed4.txt,Scheduler,20,Restricted,2000,false,min,3369.000000,0.868038,na,0.014757,29790,85922,2000,true
scheduler_n20_s025_seed4.txt,Scheduler,20,Restricted,5000,false,min,3352.000000,2.511536,na,0.040437,72763,234366,5000,true
scheduler_n20_s025_seed4.txt,Scheduler,20,Restricted,10000,false,min,3320.000000,4.772245,na,0.085323,142802,500854,10000,true
scheduler_n20_s025_seed4.txt,Scheduler,20,Restricted,20000,false,min,3320.000000,9.436138,na,0.191224,279897,1061935,20000,true
scheduler_n20_s025_seed4.txt,Scheduler,20,RelaxPriority,500,true,min,544.000000,0.637172,0.038545,0.009134,7289,114781,459,true
scheduler_n20_s025_seed4.txt,Scheduler,20,RelaxPriority,1000,true,min,538.000000,1.729533,0.093698,0.023169,15233,236979,952,true
scheduler_n20_s025_seed4.txt,Scheduler,20,RelaxPriority,2000,true,min,565.000000,4.105701,0.219025,0.049327,29635,452859,1918,true
scheduler_n20_s025_seed4.txt,Scheduler,20,RelaxPriority,5000,true,min,862.000000,13.174185,0.701585,0.125849,66367,964961,4794,true
scheduler_n20_s025_seed4.txt,Scheduler,20,RelaxPriority,10000,true,min,932.000000,32.532176,1.417509,0.239851,127643,1801956,8836,true
scheduler_n20_s025_seed4.txt,Scheduler,20,RelaxPriority,20000,true,min,772.000000,72.535227,2.952206,0.502998,250545,3509338,19164,true
scheduler_n20_s025_seed4.txt,Scheduler,20,RelaxPriority,500,false,min,544.000000,0.618207,na,0.010555,8902,138456,500,true
scheduler_n20_s025_seed4.txt,Scheduler,20,RelaxPriority,1000,false,min,538.000000,1.681283,na,0.026258,17401,268769,1000,true
scheduler_n20_s025_seed4.txt,Scheduler,20,RelaxPriority,2000,false,min,565.000000,4.054086,na,0.060161,34399,521754,2000,true
scheduler_n20_s025_seed4.txt,Scheduler,20,RelaxPriority,5000,false,min,862.000000,13.035438,na,0.156164,85399,1223103,5000,true
scheduler_n20_s025_seed4.txt,Scheduler,20,RelaxPriority,10000,false,min,932.000000,32.080320,na,0.312196,166576,2314653,10000,true
scheduler_n20_s025_seed4.txt,Scheduler,20,RelaxPriority,20000,false,min,772.000000,72.779045,na,0.646601,326578,4490285,20000,true
scheduler_n20_s025_seed5.txt,Scheduler,20,Restricted,500,true,min,2796.000000,0.145690,0.006569,0.000590,4550,11581,418,true
scheduler_n20_s025_seed5.txt,Scheduler,20,Restricted,1000,true,min,2736.000000,0.337947,0.022135,0.002127,9427,27205,868,true
scheduler_n20_s025_seed5.txt,Scheduler,20,Restricted,2000,true,min,2736.000000,0.844000,0.065380,0.007661,18934,59149,1797,true
scheduler_n20_s025_seed5.txt,Scheduler,20,Restricted,5000,true,min,2718.000000,2.392085,0.217496,0.030173,49389,176978,4618,true
scheduler_n20_s025_seed5.txt,Scheduler,20,Restricted,10000,true,min,2697.000000,4.612770,0.473309,0.059581,95381,368951,9348,true
scheduler_n20_s025_seed5.txt,Scheduler,20,Restricted,20000,true,min,2649.000000,8.989708,1.062902,0.128706,185355,764643,18930,true
scheduler_n20_s025_seed5.txt,Scheduler,20,Restricted,500,false,min,2796.000000,0.143526,na,0.001307,6608,15514,500,true
scheduler_n20_s025_seed5.txt,Scheduler,20,Restricted,1000,false,min,2736.000000,0.333593,na,0.004241,14068,37457,1000,true
scheduler_n20_s025_seed5.txt,Scheduler,20,Restricted,2000,false,min,2726.000000,0.831768,na,0.017356,27949,80639,2000,true
scheduler_n20_s025_seed5.txt,Scheduler,20,Restricted,5000,false,min,2718.000000,2.377143,na,0.041771,71633,236980,5000,true
scheduler_n20_s025_seed5.txt,Scheduler,20,Restricted,10000,false,min,2697.000000,4.610940,na,0.084334,142882,511537,10000,true
scheduler_n20_s025_seed5.txt,Scheduler,20,Restricted,20000,false,min,2649.000000,8.952489,na,0.180800,277132,1061159,20000,true
scheduler_n20_s025_seed5.txt,Scheduler,20,RelaxPriority,500,true,min,800.000000,0.567721,0.034120,0.008158,7066,111232,453,true
scheduler_n20_s025_seed5.txt,Scheduler,20,RelaxPriority,1000,true,min,800.000000,1.434297,0.094161,0.020700,13955,215526,898,true
scheduler_n20_s025_seed5.txt,Scheduler,20,RelaxPriority,2000,true,min,783.000000,3.442378,0.219622,0.044519,26661,401452,1793,true
scheduler_n20_s025_seed5.txt,Scheduler,20,RelaxPriority,5000,true,min,795.000000,13.107167,0.649683,0.123422,65885,970693,4620,true
scheduler_n20_s025_seed5.txt,Scheduler,20,RelaxPriority,10000,true,min,787.000000,29.681328,1.473502,0.232622,122656,1730399,9264,true
scheduler_n20_s025_seed5.txt,Scheduler,20,RelaxPriority,20000,true,min,873.000000,72.344174,2.906955,0.495367,252167,3587995,18767,true
scheduler_n20_s025_seed5.txt,Scheduler,20,RelaxPriority,500,false,min,800.000000,0.569636,na,0.010493,8901,138972,500,true
scheduler_n20_s025_seed5.txt,Scheduler,20,RelaxPriority,1000,false,min,800.000000,1.429608,na,0.024729,17398,265878,1000,true
scheduler_n20_s025_seed5.txt,Scheduler,20,RelaxPriority,2000,false,min,783.000000,3.449396,na,0.056362,34400,511684,2000,true
scheduler_n20_s025_seed5.txt,Scheduler,20,RelaxPriority,5000,false,min,795.000000,13.306590,na,0.154399,85401,1244014,5000,true
scheduler_n20_s025_seed5.txt,Scheduler,20,RelaxPriority,10000,false,min,787.000000,28.722845,na,0.304620,166594,2311362,10000,true
scheduler_n20_s025_seed5.txt,Scheduler,20,RelaxPriority,20000,false,min,873.000000,73.363960,na,0.659641,326596,4583176,20000,true
scheduler_n20_s050_seed1.txt,Scheduler,20,Restricted,500,true,min,3468.000000,0.169417,0.005849,0.000316,2948,5973,372,true
scheduler_n20_s050_seed1.txt,Scheduler,20,Restricted,1000,true,min,3416.000000,0.417336,0.021279,0.001422,7058,16327,827,true
scheduler_n20_s050_seed1.txt,Scheduler,20,Restricted,2000,true,min,3362.000000,1.019040,0.079919,0.005292,14483,36556,1597,true
scheduler_n20_s050_seed1.txt,Scheduler,20,Restricted,5000,true,min,3258.000000,2.800210,0.201558,0.025538,41480,124104,4310,true
scheduler_n20_s050_seed1.txt,Scheduler,20,Restricted,10000,true,min,3245.000000,5.211094,0.454115,0.052205,85888,281843,9007,true
scheduler_n20_s050_seed1.txt,Scheduler,20,Restricted,20000,true,min,3211.000000,10.143270,1.056651,0.116513,172507,622636,18499,true
scheduler_n20_s050_seed1.txt,Scheduler,20,Restricted,500,false,min,3468.000000,0.177392,na,0.001221,4574,8810,500,true
scheduler_n20_s050_seed1.txt,Scheduler,20,Restricted,1000,false,min,3416.000000,0.430004,na,0.004813,10666,23353,1000,true
scheduler_n20_s050_seed1.txt,Scheduler,20,Restricted,2000,false,min,3362.000000,1.038258,na,0.031001,22502,53806,2000,true
scheduler_n20_s050_seed1.txt,Scheduler,20,Restricted,5000,false,min,3258.000000,2.799175,na,0.037443,62084,174482,5000,true
scheduler_n20_s050_seed1.txt,Scheduler,20,Restricted,10000,false,min,3245.000000,5.241444,na,0.078830,128349,395485,10000,true
scheduler_n20_s050_seed1.txt,Scheduler,20,Restricted,20000,false,min,3211.000000,10.163534,na,0.167973,261792,890339,20000,true
scheduler_n20_s050_seed1.txt,Scheduler,20,RelaxPriority,500,true,min,842.000000,0.686435,0.040982,0.009618,7221,112455,465,true
scheduler_n20_s050_seed1.txt,Scheduler,20,RelaxPriority,1000,true,min,736.000000,1.672729,0.094998,0.021101,13721,207535,934,true
scheduler_n20_s050_seed1.txt,Scheduler,20,RelaxPriority,2000,true,min,739.000000,3.940683,0.232857,0.049084,26592,394892,1798,true
scheduler_n20_s050_seed1.txt,Scheduler,20,RelaxPriority,5000,true,min,853.000000,16.353819,0.716103,0.124452,64184,929614,4678,true
scheduler_n20_s050_seed1.txt,Scheduler,20,RelaxPriority,10000,true,min,905.000000,37.905038,1.441811,0.251486,130355,1877237,9436,true
scheduler_n20_s050_seed1.txt,Scheduler,20,RelaxPriority,20000,true,min,780.000000,71.117274,3.042352,0.471724,242619,3326050,18533,true
scheduler_n20_s050_seed1.txt,Scheduler,20,RelaxPriority,500,false,min,842.000000,0.702858,na,0.010636,8902,137093,500,true
scheduler_n20_s050_seed1.txt,Scheduler,20,RelaxPriority,1000,false,min,736.000000,1.681954,na,0.026106,17400,259565,1000,true
scheduler_n20_s050_seed1.txt,Scheduler,20,RelaxPriority,2000,false,min,739.000000,3.951969,na,0.056756,34401,502706,2000,true
scheduler_n20_s050_seed1.txt,Scheduler,20,RelaxPriority,5000,false,min,853.000000,16.077131,na,0.154888,85400,1218568,5000,true
scheduler_n20_s050_seed1.txt,Scheduler,20,RelaxPriority,10000,false,min,905.000000,35.998834,na,0.315040,166750,2367270,10000,true
scheduler_n20_s050_seed1.txt,Scheduler,20,RelaxPriority,20000,false,min,780.000000,70.340814,na,0.631379,326750,4402200,20000,true
scheduler_n20_s050_seed2.txt,Scheduler,20,Restricted,500,true,min,4147.000000,0.152954,0.005337,0.000330,3165,6683,361,true
scheduler_n20_s050_seed2.txt,Scheduler,20,Restricted,1000,true,min,4147.000000,0.363868,0.019193,0.001171,6842,16138,769,true
scheduler_n20_s050_seed2.txt,Scheduler,20,Restricted,2000,true,min,4100.000000,0.930041,0.076057,0.004522,15193,39755,1586,true
scheduler_n20_s050_seed2.txt,Scheduler,20,Restricted,5000,true,min,4046.000000,2.701849,0.195817,0.022286,40487,119052,4239,true
scheduler_n20_s050_seed2.txt,Scheduler,20,Restricted,10000,true,min,4046.000000,5.094544,0.434715,0.050794,85457,278740,8881,true
scheduler_n20_s050_seed2.txt,Scheduler,20,Restricted,20000,true,min,4050.000000,9.996412,1.042010,0.114763,171216,610652,18307,true
scheduler_n20_s050_seed2.txt,Scheduler,20,Restricted,500,false,min,4144.000000,0.155595,na,0.001017,4829,9638,500,true
scheduler_n20_s050_seed2.txt,Scheduler,20,Restricted,1000,false,min,4144.000000,0.363430,na,0.003552,10668,23935,1000,true
scheduler_n20_s050_seed2.txt,Scheduler,20,Restricted,2000,false,min,4100.000000,0.922161,na,0.026461,23415,57786,2000,true
scheduler_n20_s050_seed2.txt,Scheduler,20,Restricted,5000,false,min,4046.000000,2.682194,na,0.036570,61145,169935,5000,true
scheduler_n20_s050_seed2.txt,Scheduler,20,Restricted,10000,false,min,4046.000000,5.164739,na,0.073034,127854,394226,10000,true
scheduler_n20_s050_seed2.txt,Scheduler,20,Restricted,20000,false,min,4046.000000,9.983859,na,0.163467,258892,872480,20000,true
scheduler_n20_s050_seed2.txt,Scheduler,20,RelaxPriority,500,true,min,769.000000,0.613353,0.036298,0.008109,6885,108561,450,true
scheduler_n20_s050_seed2.txt,Scheduler,20,RelaxPriority,1000,true,min,803.000000,1.524291,0.093804,0.018745,12913,198940,900,true
scheduler_n20_s050_seed2.txt,Scheduler,20,RelaxPriority,2000,true,min,791.000000,3.532953,0.221001,0.042179,26169,389648,1785,true
scheduler_n20_s050_seed2.txt,Scheduler,20,RelaxPriority,5000,true,min,896.000000,14.063478,0.702780,0.119231,63088,932606,4676,true
scheduler_n20_s050_seed2.txt,Scheduler,20,RelaxPriority,10000,true,min,848.000000,31.050150,1.428201,0.233659,124611,1754496,8760,true
scheduler_n20_s050_seed2.txt,Scheduler,20,RelaxPriority,20000,true,min,879.000000,72.382924,3.081808,0.468112,238779,3318940,18705,true
scheduler_n20_s050_seed2.txt,Scheduler,20,RelaxPriority,500,false,min,769.000000,0.602167,na,0.009561,8902,138222,500,true
scheduler_n20_s050_seed2.txt,Scheduler,20,RelaxPriority,1000,false,min,803.000000,1.526316,na,0.024141,17398,263103,1000,true
scheduler_n20_s050_seed2.txt,Scheduler,20,RelaxPriority,2000,false,min,791.000000,3.555709,na,0.054453,34402,505319,2000,true
scheduler_n20_s050_seed2.txt,Scheduler,20,RelaxPriority,5000,false,min,896.000000,14.306308,na,0.157567,85401,1242021,5000,true
scheduler_n20_s050_seed2.txt,Scheduler,20,RelaxPriority,10000,false,min,848.000000,30.560013,na,0.304611,166748,2310487,10000,true
scheduler_n20_s050_seed2.txt,Scheduler,20,RelaxPriority,20000,false,min,879.000000,73.498029,na,0.646093,326748,4450413,20000,true
scheduler_n20_s050_seed3.txt,Scheduler,20,Restricted,500,true,min,6062.000000,0.167823,0.004536,0.000225,2086,3817,327,true
scheduler_n20_s050_seed3.txt,Scheduler,20,Restricted,1000,true,min,6062.000000,0.442792,0.016381,0.000657,4545,8912,681,true
scheduler_n20_s050_seed3.txt,Scheduler,20,Restricted,2000,true,min,6019.000000,1.107632,0.076309,0.002328,9053,19118,1455,true
scheduler_n20_s050_seed3.txt,Scheduler,20,Restricted,5000,true,min,5884.000000,3.195679,0.160721,0.012922,24360,57261,3842,true
scheduler_n20_s050_seed3.txt,Scheduler,20,Restricted,10000,true,min,5797.000000,5.931185,0.346619,0.031037,54772,141558,7975,true
scheduler_n20_s050_seed3.txt,Scheduler,20,Restricted,20000,true,min,5797.000000,11.345420,0.855043,0.073369,118632,344847,17421,true
scheduler_n20_s050_seed3.txt,Scheduler,20,Restricted,500,false,min,6062.000000,0.169064,na,0.000736,3428,6005,500,true
scheduler_n20_s050_seed3.txt,Scheduler,20,Restricted,1000,false,min,6062.000000,0.433086,na,0.002263,7439,14122,1000,true
scheduler_n20_s050_seed3.txt,Scheduler,20,Restricted,2000,false,min,6017.000000,1.101128,na,0.034396,15069,31210,2000,true
scheduler_n20_s050_seed3.txt,Scheduler,20,Restricted,5000,false,min,5884.000000,3.159548,na,0.025943,40967,95278,5000,true
scheduler_n20_s050_seed3.txt,Scheduler,20,Restricted,10000,false,min,5797.000000,5.933055,na,0.050697,88241,225623,10000,true
scheduler_n20_s050_seed3.txt,Scheduler,20,Restricted,20000,false,min,5797.000000,11.400844,na,0.118046,195039,560804,20000,true
scheduler_n20_s050_seed3.txt,Scheduler,20,RelaxPriority,500,true,min,925.000000,0.695562,0.037308,0.007847,6699,102801,425,true
scheduler_n20_s050_seed3.txt,Scheduler,20,RelaxPriority,1000,true,min,1039.000000,1.763326,0.098544,0.019619,13018,194571,844,true
scheduler_n20_s050_seed3.txt,Scheduler,20,RelaxPriority,2000,true,min,1069.000000,3.963952,0.246586,0.043805,24847,366357,1776,true
scheduler_n20_s050_seed3.txt,Scheduler,20,RelaxPriority,5000,true,min,1146.000000,15.419698,0.735478,0.116948,61849,885339,4505,true
scheduler_n20_s050_seed3.txt,Scheduler,20,RelaxPriority,10000,true,min,1186.000000,35.821530,1.552335,0.224077,117265,1641440,8459,true
scheduler_n20_s050_seed3.txt,Scheduler,20,RelaxPriority,20000,true,min,1158.000000,74.148884,3.216407,0.422869,220871,2975964,16671,true
scheduler_n20_s050_seed3.txt,Scheduler,20,RelaxPriority,500,false,min,925.000000,0.684213,na,0.009589,8902,134753,500,true
scheduler_n20_s050_seed3.txt,Scheduler,20,RelaxPriority,1000,false,min,1039.000000,1.704908,na,0.023619,17400,256593,1000,true
scheduler_n20_s050_seed3.txt,Scheduler,20,RelaxPriority,2000,false,min,1069.000000,3.807292,na,0.054298,34398,497185,2000,true
scheduler_n20_s050_seed3.txt,Scheduler,20,RelaxPriority,5000,false,min,1146.000000,13.375261,na,0.152496,85401,1204129,5000,true
scheduler_n20_s050_seed3.txt,Scheduler,20,RelaxPriority,10000,false,min,1186.000000,34.975218,na,0.314826,166849,2296383,10000,true
scheduler_n20_s050_seed3.txt,Scheduler,20,RelaxPriority,20000,false,min,1158.000000,73.093778,na,0.623128,326848,4305564,20000,true
scheduler_n20_s050_seed4.txt,Scheduler,20,Restricted,500,true,min,3486.000000,0.166064,0.007102,0.000441,3850,8234,390,true
scheduler_n20_s050_seed4.txt,Scheduler,20,Restricted,1000,true,min,3486.000000,0.410621,0.021717,0.001583,8096,19063,790,true
scheduler_n20_s050_seed4.txt,Scheduler,20,Restricted,2000,true,min,3486.000000,1.013942,0.070150,0.005960,16912,44290,1687,true
scheduler_n20_s050_seed4.txt,Scheduler,20,Restricted,5000,true,min,3520.000000,2.848444,0.200320,0.029101,43534,127884,4470,true
scheduler_n20_s050_seed4.txt,Scheduler,20,Restricted,10000,true,min,3485.000000,5.318530,0.436624,0.052033,87492,279357,9178,true
scheduler_n20_s050_seed4.txt,Scheduler,20,Restricted,20000,true,min,3519.000000,10.547924,1.019607,0.119296,172439,594851,18773,true
scheduler_n20_s050_seed4.txt,Scheduler,20,Restricted,500,false,min,3486.000000,0.170710,na,0.001382,5682,11573,500,true
scheduler_n20_s050_seed4.txt,Scheduler,20,Restricted,1000,false,min,3486.000000,0.439917,na,0.005027,11991,26870,1000,true
scheduler_n20_s050_seed4.txt,Scheduler,20,Restricted,2000,false,min,3486.000000,1.081762,na,0.023727,25197,62467,2000,true
scheduler_n20_s050_seed4.txt,Scheduler,20,Restricted,5000,false,min,3486.000000,2.902647,na,0.038926,64782,180551,5000,true
scheduler_n20_s050_seed4.txt,Scheduler,20,Restricted,10000,false,min,3485.000000,5.386351,na,0.077092,129914,394648,10000,true
scheduler_n20_s050_seed4.txt,Scheduler,20,Restricted,20000,false,min,3485.000000,10.555810,na,0.161019,258239,851003,20000,true
scheduler_n20_s050_seed4.txt,Scheduler,20,RelaxPriority,500,true,min,733.000000,0.766299,0.034904,0.007926,7599,116715,481,true
scheduler_n20_s050_seed4.txt,Scheduler,20,RelaxPriority,1000,true,min,879.000000,1.759268,0.097131,0.021148,14319,213482,964,true
scheduler_n20_s050_seed4.txt,Scheduler,20,RelaxPriority,2000,true,min,999.000000,4.207983,0.230572,0.049122,28333,413345,1896,true
scheduler_n20_s050_seed4.txt,Scheduler,20,RelaxPriority,5000,true,min,1010.000000,16.924931,0.676963,0.130505,68890,981716,4747,true
scheduler_n20_s050_seed4.txt,Scheduler,20,RelaxPriority,10000,true,min,1063.000000,35.269521,1.385596,0.242756,131294,1812931,9633,true
scheduler_n20_s050_seed4.txt,Scheduler,20,RelaxPriority,20000,true,min,1076.000000,69.953427,2.919410,0.478155,250302,3376464,18760,true
scheduler_n20_s050_seed4.txt,Scheduler,20,RelaxPriority,500,false,min,733.000000,0.758642,na,0.011026,8899,135332,500,true
scheduler_n20_s050_seed4.txt,Scheduler,20,RelaxPriority,1000,false,min,879.000000,1.751960,na,0.025683,17400,256002,1000,true
scheduler_n20_s050_seed4.txt,Scheduler,20,RelaxPriority,2000,false,min,999.000000,4.152868,na,0.065029,34401,495359,2000,true
scheduler_n20_s050_seed4.txt,Scheduler,20,RelaxPriority,5000,false,min,1010.000000,14.091397,na,0.152495,85401,1204860,5000,true
scheduler_n20_s050_seed4.txt,Scheduler,20,RelaxPriority,10000,false,min,1063.000000,31.673007,na,0.303124,166778,2270222,10000,true
scheduler_n20_s050_seed4.txt,Scheduler,20,RelaxPriority,20000,false,min,1076.000000,68.372333,na,0.630142,326777,4331160,20000,true
scheduler_n20_s050_seed5.txt,Scheduler,20,Restricted,500,true,min,3097.000000,0.155602,0.006083,0.000626,3784,8139,410,true
scheduler_n20_s050_seed5.txt,Scheduler,20,Restricted,1000,true,min,3097.000000,0.385244,0.020567,0.001637,8164,19346,846,true
scheduler_n20_s050_seed5.txt,Scheduler,20,Restricted,2000,true,min,2974.000000,0.946355,0.075197,0.005848,17212,45393,1746,true
scheduler_n20_s050_seed5.txt,Scheduler,20,Restricted,5000,true,min,2976.000000,2.678899,0.203138,0.026326,46386,141146,4434,true
scheduler_n20_s050_seed5.txt,Scheduler,20,Restricted,10000,true,min,2934.000000,5.023548,0.440015,0.057153,94938,319468,9152,true
scheduler_n20_s050_seed5.txt,Scheduler,20,Restricted,20000,true,min,2934.000000,9.824644,1.062110,0.118622,181042,660900,18668,true
scheduler_n20_s050_seed5.txt,Scheduler,20,Restricted,500,false,min,3092.000000,0.157151,na,0.001234,5580,11440,500,true
scheduler_n20_s050_seed5.txt,Scheduler,20,Restricted,1000,false,min,3092.000000,0.380327,na,0.005244,12065,27133,1000,true
scheduler_n20_s050_seed5.txt,Scheduler,20,Restricted,2000,false,min,2974.000000,0.961651,na,0.023660,26096,64692,2000,true
scheduler_n20_s050_seed5.txt,Scheduler,20,Restricted,5000,false,min,2974.000000,2.670448,na,0.042360,67479,193017,5000,true
scheduler_n20_s050_seed5.txt,Scheduler,20,Restricted,10000,false,min,2934.000000,5.100603,na,0.082727,137246,434365,10000,true
scheduler_n20_s050_seed5.txt,Scheduler,20,Restricted,20000,false,min,2934.000000,9.789070,na,0.172189,272665,936593,20000,true
scheduler_n20_s050_seed5.txt,Scheduler,20,RelaxPriority,500,true,min,826.000000,0.693865,0.038252,0.009293,7476,116599,474,true
scheduler_n20_s050_seed5.txt,Scheduler,20,RelaxPriority,1000,true,min,826.000000,1.695188,0.092625,0.021239,14511,222953,956,true
scheduler_n20_s050_seed5.txt,Scheduler,20,RelaxPriority,2000,true,min,891.000000,3.954705,0.217805,0.048226,27890,418603,1907,true
scheduler_n20_s050_seed5.txt,Scheduler,20,RelaxPriority,5000,true,min,938.000000,14.018650,0.636446,0.123856,66908,965279,4678,true
scheduler_n20_s050_seed5.txt,Scheduler,20,RelaxPriority,10000,true,min,857.000000,36.585184,1.379293,0.248468,130609,1855182,9246,true
scheduler_n20_s050_seed5.txt,Scheduler,20,RelaxPriority,20000,true,min,901.000000,78.055106,2.948056,0.507666,261456,3657286,19009,true
scheduler_n20_s050_seed5.txt,Scheduler,20,RelaxPriority,500,false,min,826.000000,0.701226,na,0.010250,8902,137957,500,true
scheduler_n20_s050_seed5.txt,Scheduler,20,RelaxPriority,1000,false,min,826.000000,1.691570,na,0.025495,17400,264487,1000,true
scheduler_n20_s050_seed5.txt,Scheduler,20,RelaxPriority,2000,false,min,891.000000,3.992360,na,0.058720,34401,509746,2000,true
scheduler_n20_s050_seed5.txt,Scheduler,20,RelaxPriority,5000,false,min,938.000000,14.707067,na,0.151573,85400,1220479,5000,true
scheduler_n20_s050_seed5.txt,Scheduler,20,RelaxPriority,10000,false,min,857.000000,33.689010,na,0.313344,166674,2335805,10000,true
scheduler_n20_s050_seed5.txt,Scheduler,20,RelaxPriority,20000,false,min,901.000000,78.570860,na,0.652355,326674,4514208,20000,true
scheduler_n20_s100_seed1.txt,Scheduler,20,Restricted,500,true,min,3536.000000,0.180099,0.004942,0.000173,2152,3693,337,true
scheduler_n20_s100_seed1.txt,Scheduler,20,Restricted,1000,true,min,3442.000000,0.458602,0.016430,0.000717,4596,8513,664,true
scheduler_n20_s100_seed1.txt,Scheduler,20,Restricted,2000,true,min,3442.000000,1.213754,0.077758,0.002329,9850,19767,1432,true
scheduler_n20_s100_seed1.txt,Scheduler,20,Restricted,5000,true,min,3389.000000,3.432815,0.180479,0.014331,26799,59749,3642,true
scheduler_n20_s100_seed1.txt,Scheduler,20,Restricted,10000,true,min,3348.000000,6.473594,0.385914,0.033390,58329,141685,7880,true
scheduler_n20_s100_seed1.txt,Scheduler,20,Restricted,20000,true,min,3348.000000,12.624094,0.872813,0.074648,123731,321373,16752,true
scheduler_n20_s100_seed1.txt,Scheduler,20,Restricted,500,false,min,3536.000000,0.185075,na,0.000870,3601,5992,500,true
scheduler_n20_s100_seed1.txt,Scheduler,20,Restricted,1000,false,min,3442.000000,0.464555,na,0.003004,7571,13634,1000,true
scheduler_n20_s100_seed1.txt,Scheduler,20,Restricted,2000,false,min,3442.000000,1.251487,na,0.035354,16222,31917,2000,true
scheduler_n20_s100_seed1.txt,Scheduler,20,Restricted,5000,false,min,3389.000000,3.386427,na,0.029048,45635,100805,5000,true
scheduler_n20_s100_seed1.txt,Scheduler,20,Restricted,10000,false,min,3348.000000,6.424188,na,0.053245,95172,228496,10000,true
scheduler_n20_s100_seed1.txt,Scheduler,20,Restricted,20000,false,min,3348.000000,12.496644,na,0.118892,198534,512837,20000,true
scheduler_n20_s100_seed1.txt,Scheduler,20,RelaxPriority,500,true,min,697.000000,0.775910,0.035678,0.008372,7131,107535,475,true
scheduler_n20_s100_seed1.txt,Scheduler,20,RelaxPriority,1000,true,min,811.000000,1.982842,0.102757,0.019835,13475,197375,868,true
scheduler_n20_s100_seed1.txt,Scheduler,20,RelaxPriority,2000,true,min,786.000000,4.533827,0.283536,0.050263,26699,385691,1837,true
scheduler_n20_s100_seed1.txt,Scheduler,20,RelaxPriority,5000,true,min,958.000000,17.445345,0.733956,0.109529,59628,825502,4373,true
scheduler_n20_s100_seed1.txt,Scheduler,20,RelaxPriority,10000,true,min,857.000000,44.143741,1.504095,0.229558,121181,1672762,9100,true
scheduler_n20_s100_seed1.txt,Scheduler,20,RelaxPriority,500,false,min,697.000000,0.765798,na,0.009683,8901,131966,500,true
scheduler_n20_s100_seed1.txt,Scheduler,20,RelaxPriority,1000,false,min,811.000000,1.890592,na,0.024085,17400,249659,1000,true
scheduler_n20_s100_seed1.txt,Scheduler,20,RelaxPriority,2000,false,min,786.000000,4.335992,na,0.055317,34399,487973,2000,true
scheduler_n20_s100_seed1.txt,Scheduler,20,RelaxPriority,20000,true,min,887.000000,90.878208,3.110830,0.471081,245077,3307212,18528,true
scheduler_n20_s100_seed1.txt,Scheduler,20,RelaxPriority,5000,false,min,958.000000,14.990407,na,0.150281,85402,1160991,5000,true
scheduler_n20_s100_seed1.txt,Scheduler,20,RelaxPriority,10000,false,min,857.000000,43.020434,na,0.316934,166963,2259309,10000,true
scheduler_n20_s100_seed1.txt,Scheduler,20,RelaxPriority,20000,false,min,887.000000,90.233665,na,0.633108,326964,4337373,20000,true
scheduler_n20_s100_seed2.txt,Scheduler,20,Restricted,500,true,min,4294.000000,0.165382,0.004308,0.000217,2471,4510,335,true
scheduler_n20_s100_seed2.txt,Scheduler,20,Restricted,1000,true,min,4201.000000,0.370588,0.013821,0.000746,5732,11567,772,true
scheduler_n20_s100_seed2.txt,Scheduler,20,Restricted,2000,true,min,4173.000000,0.995280,0.063216,0.002360,12379,27083,1606,true
scheduler_n20_s100_seed2.txt,Scheduler,20,Restricted,5000,true,min,4173.000000,3.105383,0.172400,0.014236,31427,75321,3982,true
scheduler_n20_s100_seed2.txt,Scheduler,20,Restricted,10000,true,min,4170.000000,6.027687,0.401469,0.035953,69331,181071,8451,true
scheduler_n20_s100_seed2.txt,Scheduler,20,Restricted,20000,true,min,4170.000000,12.164976,0.870257,0.087551,143429,404120,18228,true
scheduler_n20_s100_seed2.txt,Scheduler,20,Restricted,500,false,min,4292.000000,0.176797,na,0.000782,4053,7029,500,true
scheduler_n20_s100_seed2.txt,Scheduler,20,Restricted,1000,false,min,4201.000000,0.382593,na,0.002394,8925,17127,1000,true
scheduler_n20_s100_seed2.txt,Scheduler,20,Restricted,2000,false,min,4172.000000,1.020051,na,0.024190,19115,40115,2000,true
scheduler_n20_s100_seed2.txt,Scheduler,20,Restricted,5000,false,min,4172.000000,3.178848,na,0.031149,50526,117505,5000,true
scheduler_n20_s100_seed2.txt,Scheduler,20,Restricted,10000,false,min,4169.000000,6.208535,na,0.070471,107171,270528,10000,true
scheduler_n20_s100_seed2.txt,Scheduler,20,Restricted,20000,false,min,4169.000000,12.469085,na,0.130185,217165,591518,20000,true
scheduler_n20_s100_seed2.txt,Scheduler,20,RelaxPriority,500,true,min,944.000000,0.730773,0.033366,0.006863,6828,103803,447,true
scheduler_n20_s100_seed2.txt,Scheduler,20,RelaxPriority,1000,true,min,1000.000000,1.714174,0.092453,0.017209,13083,191957,864,true
scheduler_n20_s100_seed2.txt,Scheduler,20,RelaxPriority,2000,true,min,925.000000,4.209255,0.237676,0.043261,25368,368110,1711,true
scheduler_n20_s100_seed2.txt,Scheduler,20,RelaxPriority,5000,true,min,1038.000000,14.277342,0.700962,0.114431,61916,876529,4283,true
scheduler_n20_s100_seed2.txt,Scheduler,20,RelaxPriority,10000,true,min,1088.000000,36.981533,1.573185,0.225293,115329,1590948,8269,true
scheduler_n20_s100_seed2.txt,Scheduler,20,RelaxPriority,20000,true,min,1086.000000,80.212385,3.028128,0.446847,236225,3138063,17044,true
scheduler_n20_s100_seed2.txt,Scheduler,20,RelaxPriority,500,false,min,944.000000,0.732653,na,0.008655,8902,132670,500,true
scheduler_n20_s100_seed2.txt,Scheduler,20,RelaxPriority,1000,false,min,1000.000000,1.625747,na,0.022442,17402,251182,1000,true
scheduler_n20_s100_seed2.txt,Scheduler,20,RelaxPriority,2000,false,min,925.000000,4.112576,na,0.054452,34400,489827,2000,true
scheduler_n20_s100_seed2.txt,Scheduler,20,RelaxPriority,5000,false,min,1038.000000,14.257160,na,0.155549,85400,1187250,5000,true
scheduler_n20_s100_seed2.txt,Scheduler,20,RelaxPriority,10000,false,min,1149.000000,38.770642,na,0.308156,166967,2249666,10000,true
scheduler_n20_s100_seed2.txt,Scheduler,20,RelaxPriority,20000,false,min,1086.000000,82.723772,na,0.628449,326969,4261232,20000,true
scheduler_n20_s100_seed3.txt,Scheduler,20,Restricted,500,true,min,6201.000000,0.197774,0.003966,0.000136,1658,2468,272,true
scheduler_n20_s100_seed3.txt,Scheduler,20,Restricted,1000,true,min,6089.000000,0.531507,0.025688,0.000388,3116,4742,526,true
scheduler_n20_s100_seed3.txt,Scheduler,20,Restricted,2000,true,min,6089.000000,1.357634,0.079667,0.001344,7003,11401,1076,true
scheduler_n20_s100_seed3.txt,Scheduler,20,Restricted,5000,true,min,5987.000000,3.787114,0.268862,0.007497,19097,34515,3114,true
scheduler_n20_s100_seed3.txt,Scheduler,20,Restricted,10000,true,min,5987.000000,7.138811,0.377640,0.021210,39582,78313,6340,true
scheduler_n20_s100_seed3.txt,Scheduler,20,Restricted,20000,true,min,5881.000000,13.747515,0.785186,0.052577,92190,202622,14528,true
scheduler_n20_s100_seed3.txt,Scheduler,20,Restricted,500,false,min,6201.000000,0.193151,na,0.000811,2761,3964,500,true
scheduler_n20_s100_seed3.txt,Scheduler,20,Restricted,1000,false,min,6089.000000,0.519479,na,0.014831,5701,8605,1000,true
scheduler_n20_s100_seed3.txt,Scheduler,20,Restricted,2000,false,min,6089.000000,1.337221,na,0.037561,12577,20296,2000,true
scheduler_n20_s100_seed3.txt,Scheduler,20,Restricted,5000,false,min,5987.000000,3.768162,na,0.115729,33674,62419,5000,true
scheduler_n20_s100_seed3.txt,Scheduler,20,Restricted,10000,false,min,5987.000000,7.122667,na,0.040885,72880,150207,10000,true
scheduler_n20_s100_seed3.txt,Scheduler,20,Restricted,20000,false,min,5881.000000,13.561514,na,0.088399,156692,356599,20000,true
scheduler_n20_s100_seed3.txt,Scheduler,20,RelaxPriority,500,true,min,966.000000,0.781469,0.038450,0.008188,6783,102406,428,true
scheduler_n20_s100_seed3.txt,Scheduler,20,RelaxPriority,1000,true,min,1144.000000,1.971875,0.115327,0.019833,13155,197186,863,true
scheduler_n20_s100_seed3.txt,Scheduler,20,RelaxPriority,2000,true,min,1016.000000,4.800694,0.248353,0.047411,25987,378650,1716,true
scheduler_n20_s100_seed3.txt,Scheduler,20,RelaxPriority,5000,true,min,1111.000000,19.549548,0.772090,0.114897,60748,852307,4179,true
scheduler_n20_s100_seed3.txt,Scheduler,20,RelaxPriority,10000,true,min,1143.000000,43.064478,1.626338,0.218736,116574,1577289,8534,true
scheduler_n20_s100_seed3.txt,Scheduler,20,RelaxPriority,500,false,min,966.000000,0.727283,na,0.009025,8900,132300,500,true
scheduler_n20_s100_seed3.txt,Scheduler,20,RelaxPriority,1000,false,min,1144.000000,1.871518,na,0.024838,17401,256435,1000,true
scheduler_n20_s100_seed3.txt,Scheduler,20,RelaxPriority,2000,false,min,1016.000000,4.451270,na,0.056579,34401,492928,2000,true
scheduler_n20_s100_seed3.txt,Scheduler,20,RelaxPriority,20000,true,min,1252.000000,91.927117,3.194732,0.421953,224756,2985584,16795,true
scheduler_n20_s100_seed3.txt,Scheduler,20,RelaxPriority,5000,false,min,1110.000000,15.397539,na,0.155788,85400,1181850,5000,true
scheduler_n20_s100_seed3.txt,Scheduler,20,RelaxPriority,10000,false,min,1143.000000,39.592158,na,0.309339,166977,2228538,10000,true
scheduler_n20_s100_seed3.txt,Scheduler,20,RelaxPriority,20000,false,min,1252.000000,94.032530,na,0.639151,326976,4265779,20000,true
scheduler_n20_s100_seed4.txt,Scheduler,20,Restricted,500,true,min,3692.000000,0.169082,0.005722,0.000290,3143,5647,326,true
scheduler_n20_s100_seed4.txt,Scheduler,20,Restricted,1000,true,min,3700.000000,0.442021,0.019959,0.001142,6750,13261,737,true
scheduler_n20_s100_seed4.txt,Scheduler,20,Restricted,2000,true,min,3700.000000,1.143149,0.072775,0.004377,14436,31047,1589,true
scheduler_n20_s100_seed4.txt,Scheduler,20,Restricted,5000,true,min,3700.000000,3.157029,0.194025,0.020361,37745,90680,3983,true
scheduler_n20_s100_seed4.txt,Scheduler,20,Restricted,10000,true,min,3714.000000,6.001686,0.421772,0.044032,80607,211929,8386,true
scheduler_n20_s100_seed4.txt,Scheduler,20,Restricted,20000,true,min,3700.000000,11.580263,0.956595,0.107359,171590,501742,18020,true
scheduler_n20_s100_seed4.txt,Scheduler,20,Restricted,500,false,min,3692.000000,0.183854,na,0.001169,4808,8223,500,true
scheduler_n20_s100_seed4.txt,Scheduler,20,Restricted,1000,false,min,3692.000000,0.473937,na,0.003996,10108,19077,1000,true
scheduler_n20_s100_seed4.txt,Scheduler,20,Restricted,2000,false,min,3692.000000,1.155494,na,0.030758,21460,44281,2000,true
scheduler_n20_s100_seed4.txt,Scheduler,20,Restricted,5000,false,min,3692.000000,3.231921,na,0.035154,57928,134206,5000,true
scheduler_n20_s100_seed4.txt,Scheduler,20,Restricted,10000,false,min,3692.000000,6.023482,na,0.068751,119910,302947,10000,true
scheduler_n20_s100_seed4.txt,Scheduler,20,Restricted,20000,false,min,3692.000000,11.822645,na,0.148173,247749,697770,20000,true
scheduler_n20_s100_seed4.txt,Scheduler,20,RelaxPriority,500,true,min,861.000000,0.773447,0.038631,0.009199,7421,114264,470,true
scheduler_n20_s100_seed4.txt,Scheduler,20,RelaxPriority,1000,true,min,1004.000000,1.934214,0.104007,0.022532,14477,218356,958,true
scheduler_n20_s100_seed4.txt,Scheduler,20,RelaxPriority,2000,true,min,1242.000000,4.500112,0.229192,0.047390,28003,405337,1892,true
scheduler_n20_s100_seed4.txt,Scheduler,20,RelaxPriority,5000,true,min,756.000000,18.001019,0.682723,0.127524,68357,976019,4707,true
scheduler_n20_s100_seed4.txt,Scheduler,20,RelaxPriority,10000,true,min,1374.000000,41.138124,1.435822,0.245967,130468,1813362,9199,true
scheduler_n20_s100_seed4.txt,Scheduler,20,RelaxPriority,500,false,min,861.000000,0.705845,na,0.008448,8900,135512,500,true
scheduler_n20_s100_seed4.txt,Scheduler,20,RelaxPriority,1000,false,min,1249.000000,1.771988,na,0.022772,17402,259306,1000,true
scheduler_n20_s100_seed4.txt,Scheduler,20,RelaxPriority,2000,false,min,1242.000000,4.211827,na,0.062074,34400,492060,2000,true
scheduler_n20_s100_seed4.txt,Scheduler,20,RelaxPriority,20000,true,min,1211.000000,85.244390,2.891754,0.485982,254377,3430861,18721,true
scheduler_n20_s100_seed4.txt,Scheduler,20,RelaxPriority,5000,false,min,756.000000,14.892642,na,0.155224,85400,1206867,5000,true
scheduler_n20_s100_seed4.txt,Scheduler,20,RelaxPriority,10000,false,min,1374.000000,39.458365,na,0.316989,166890,2286111,10000,true
scheduler_n20_s100_seed4.txt,Scheduler,20,RelaxPriority,20000,false,min,1211.000000,83.820172,na,0.635359,326891,4354027,20000,true
scheduler_n20_s100_seed5.txt,Scheduler,20,Restricted,500,true,min,3274.000000,0.163065,0.004474,0.000225,2750,4808,306,true
scheduler_n20_s100_seed5.txt,Scheduler,20,Restricted,1000,true,min,3274.000000,0.388984,0.021789,0.000833,5868,11087,676,true
scheduler_n20_s100_seed5.txt,Scheduler,20,Restricted,2000,true,min,3256.000000,1.036949,0.065878,0.002781,12982,26999,1519,true
scheduler_n20_s100_seed5.txt,Scheduler,20,Restricted,5000,true,min,3222.000000,3.150397,0.224761,0.016340,32786,74809,3967,true
scheduler_n20_s100_seed5.txt,Scheduler,20,Restricted,10000,true,min,3209.000000,6.198734,0.406273,0.037518,68802,169548,8231,true
scheduler_n20_s100_seed5.txt,Scheduler,20,Restricted,20000,true,min,3209.000000,12.104339,0.887057,0.086146,147192,401088,17387,true
scheduler_n20_s100_seed5.txt,Scheduler,20,Restricted,500,false,min,3265.000000,0.168023,na,0.000852,4379,7291,500,true
scheduler_n20_s100_seed5.txt,Scheduler,20,Restricted,1000,false,min,3265.000000,0.406614,na,0.008798,9251,16790,1000,true
scheduler_n20_s100_seed5.txt,Scheduler,20,Restricted,2000,false,min,3256.000000,1.092991,na,0.026033,20046,39897,2000,true
scheduler_n20_s100_seed5.txt,Scheduler,20,Restricted,5000,false,min,3222.000000,3.249727,na,0.081183,52489,116381,5000,true
scheduler_n20_s100_seed5.txt,Scheduler,20,Restricted,10000,false,min,3201.000000,6.153341,na,0.063584,109200,261118,10000,true
scheduler_n20_s100_seed5.txt,Scheduler,20,Restricted,20000,false,min,3201.000000,12.174281,na,0.130245,225597,594855,20000,true
scheduler_n20_s100_seed5.txt,Scheduler,20,RelaxPriority,500,true,min,971.000000,0.711383,0.035626,0.007023,6855,103435,465,true
scheduler_n20_s100_seed5.txt,Scheduler,20,RelaxPriority,1000,true,min,971.000000,1.834024,0.090938,0.019243,13916,206206,896,true
scheduler_n20_s100_seed5.txt,Scheduler,20,RelaxPriority,2000,true,min,971.000000,4.221996,0.220038,0.043602,27010,390026,1798,true
scheduler_n20_s100_seed5.txt,Scheduler,20,RelaxPriority,5000,true,min,971.000000,15.690419,0.672675,0.120457,66170,932025,4445,true
scheduler_n20_s100_seed5.txt,Scheduler,20,RelaxPriority,10000,true,min,1010.000000,40.000271,1.459502,0.238875,127415,1741582,8887,true
scheduler_n20_s100_seed5.txt,Scheduler,20,RelaxPriority,500,false,min,971.000000,0.721407,na,0.008900,8901,132345,500,true
scheduler_n20_s100_seed5.txt,Scheduler,20,RelaxPriority,20000,true,min,1010.000000,87.621106,3.060352,0.474017,248312,3345703,18032,true
scheduler_n20_s100_seed5.txt,Scheduler,20,RelaxPriority,1000,false,min,971.000000,1.848198,na,0.024589,17399,254445,1000,true
scheduler_n20_s100_seed5.txt,Scheduler,20,RelaxPriority,2000,false,min,971.000000,4.209179,na,0.059809,34401,491411,2000,true
scheduler_n20_s100_seed5.txt,Scheduler,20,RelaxPriority,5000,false,min,971.000000,14.850052,na,0.152323,85400,1189133,5000,true
scheduler_n20_s100_seed5.txt,Scheduler,20,RelaxPriority,10000,false,min,1010.000000,43.261920,na,0.336937,166958,2258417,10000,true
scheduler_n20_s100_seed5.txt,Scheduler,20,RelaxPriority,20000,false,min,1010.000000,92.807904,na,0.650349,326960,4341705,20000,true
