File_name,Problem type,Variables number,DD Type,Max Width,Is Reduced,Objective Type,Optimization Value,Construction Time,Reduce Time,Solution Time,Number Node,Number Arcs,Actual Max Width,Sort
f1_l-d_kp_10_269.txt,Knapsack,9,RelaxGrouping,500,true,max,253.000000,0.000235,0.000120,0.006492,52,97,12,true
f1_l-d_kp_10_269.txt,Knapsack,9,RelaxGrouping,1000,true,max,253.000000,0.000235,0.000100,0.007123,52,97,12,true
f1_l-d_kp_10_269.txt,Knapsack,9,RelaxGrouping,2000,true,max,253.000000,0.000209,0.000099,0.006552,52,97,12,true
f1_l-d_kp_10_269.txt,Knapsack,9,RelaxGrouping,5000,true,max,253.000000,0.000213,0.000099,0.006473,52,97,12,true
f1_l-d_kp_10_269.txt,Knapsack,9,RelaxGrouping,10000,true,max,253.000000,0.000218,0.000103,0.007442,52,97,12,true
f1_l-d_kp_10_269.txt,Knapsack,9,RelaxGrouping,500,false,max,253.000000,0.000215,na,0.007899,352,614,143,true
f1_l-d_kp_10_269.txt,Knapsack,9,RelaxGrouping,1000,false,max,253.000000,0.000225,na,0.007384,352,614,143,true
f1_l-d_kp_10_269.txt,Knapsack,9,RelaxGrouping,5000,false,max,253.000000,0.000224,na,0.007483,352,614,143,true
f1_l-d_kp_10_269.txt,Knapsack,9,RelaxGrouping,2000,false,max,253.000000,0.000213,na,0.008482,352,614,143,true
f1_l-d_kp_10_269.txt,Knapsack,9,RelaxGrouping,20000,true,max,253.000000,0.000218,0.000102,0.009651,52,97,12,true
f1_l-d_kp_10_269.txt,Knapsack,9,RelaxGrouping,10000,false,max,253.000000,0.000231,na,0.010097,352,614,143,true
f1_l-d_kp_10_269.txt,Knapsack,9,RelaxGrouping,20000,false,max,253.000000,0.000212,na,0.007515,352,614,143,true
f2_l-d_kp_20_878.txt,Knapsack,19,RelaxGrouping,500,true,max,990.000000,0.003515,0.001655,0.003118,190,368,20,true
f2_l-d_kp_20_878.txt,Knapsack,19,RelaxGrouping,1000,true,max,990.000000,0.004163,0.002605,0.003701,314,616,36,true
f2_l-d_kp_20_878.txt,Knapsack,19,RelaxGrouping,2000,true,max,990.000000,0.004139,0.002548,0.003331,314,616,36,true
f2_l-d_kp_20_878.txt,Knapsack,19,RelaxGrouping,500,false,max,990.000000,0.003650,na,0.007022,4002,7960,500,true
f2_l-d_kp_20_878.txt,Knapsack,19,RelaxGrouping,1000,false,max,990.000000,0.004431,na,0.005399,6732,13338,846,true
f2_l-d_kp_20_878.txt,Knapsack,19,RelaxGrouping,10000,true,max,990.000000,0.004403,0.003252,0.006993,314,616,36,true
f2_l-d_kp_20_878.txt,Knapsack,19,RelaxGrouping,5000,true,max,990.000000,0.004428,0.003348,0.007103,314,616,36,true
f2_l-d_kp_20_878.txt,Knapsack,19,RelaxGrouping,20000,true,max,990.000000,0.004404,0.003275,0.007687,314,616,36,true
f2_l-d_kp_20_878.txt,Knapsack,19,RelaxGrouping,2000,false,max,990.000000,0.004266,na,0.006154,6732,13338,846,true
f2_l-d_kp_20_878.txt,Knapsack,19,RelaxGrouping,5000,false,max,990.000000,0.004291,na,0.007712,6732,13338,846,true
f2_l-d_kp_20_878.txt,Knapsack,19,RelaxGrouping,20000,false,max,990.000000,0.004320,na,0.009522,6732,13338,846,true
f2_l-d_kp_20_878.txt,Knapsack,19,RelaxGrouping,10000,false,max,990.000000,0.004291,na,0.008502,6732,13338,846,true
f3_l-d_kp_4_20.txt,Knapsack,3,RelaxGrouping,500,true,max,33.000000,0.000016,0.000007,0.004949,4,6,1,true
f3_l-d_kp_4_20.txt,Knapsack,3,RelaxGrouping,1000,true,max,33.000000,0.000034,0.000006,0.009694,4,6,1,true
f3_l-d_kp_4_20.txt,Knapsack,3,RelaxGrouping,10000,true,max,33.000000,0.000018,0.000006,0.007357,4,6,1,true
f3_l-d_kp_4_20.txt,Knapsack,3,RelaxGrouping,5000,true,max,33.000000,0.000019,0.000006,0.011659,4,6,1,true
f3_l-d_kp_4_20.txt,Knapsack,3,RelaxGrouping,2000,true,max,33.000000,0.000020,0.000007,0.010973,4,6,1,true
f3_l-d_kp_4_20.txt,Knapsack,3,RelaxGrouping,20000,true,max,33.000000,0.000019,0.000006,0.008538,4,6,1,true
f3_l-d_kp_4_20.txt,Knapsack,3,RelaxGrouping,500,false,max,33.000000,0.000024,na,0.004683,8,14,4,true
f3_l-d_kp_4_20.txt,Knapsack,3,RelaxGrouping,1000,false,max,33.000000,0.000020,na,0.006954,8,14,4,true
f3_l-d_kp_4_20.txt,Knapsack,3,RelaxGrouping,5000,false,max,33.000000,0.000019,na,0.006604,8,14,4,true
f3_l-d_kp_4_20.txt,Knapsack,3,RelaxGrouping,2000,false,max,33.000000,0.000020,na,0.005653,8,14,4,true
f3_l-d_kp_4_20.txt,Knapsack,3,RelaxGrouping,10000,false,max,33.000000,0.000020,na,0.006411,8,14,4,true
f3_l-d_kp_4_20.txt,Knapsack,3,RelaxGrouping,20000,false,max,33.000000,0.000024,na,0.009580,8,14,4,true
f4_l-d_kp_4_11.txt,Knapsack,3,RelaxGrouping,500,true,max,22.000000,0.000022,0.000009,0.004996,6,9,2,true
f4_l-d_kp_4_11.txt,Knapsack,3,RelaxGrouping,1000,true,max,22.000000,0.000023,0.000008,0.005863,6,9,2,true
f4_l-d_kp_4_11.txt,Knapsack,3,RelaxGrouping,2000,true,max,22.000000,0.000022,0.000007,0.006809,6,9,2,true
f4_l-d_kp_4_11.txt,Knapsack,3,RelaxGrouping,5000,true,max,22.000000,0.000023,0.000008,0.007012,6,9,2,true
f4_l-d_kp_4_11.txt,Knapsack,3,RelaxGrouping,10000,true,max,22.000000,0.000022,0.000006,0.008604,6,9,2,true
f4_l-d_kp_4_11.txt,Knapsack,3,RelaxGrouping,500,false,max,22.000000,0.000018,na,0.008527,8,13,4,true
f4_l-d_kp_4_11.txt,Knapsack,3,RelaxGrouping,1000,false,max,22.000000,0.000019,na,0.007624,8,13,4,true
f4_l-d_kp_4_11.txt,Knapsack,3,RelaxGrouping,2000,false,max,22.000000,0.000022,na,0.006822,8,13,4,true
f4_l-d_kp_4_11.txt,Knapsack,3,RelaxGrouping,20000,true,max,22.000000,0.000048,0.000007,0.006213,6,9,2,true
f4_l-d_kp_4_11.txt,Knapsack,3,RelaxGrouping,5000,false,max,22.000000,0.000022,na,0.003858,8,13,4,true
f4_l-d_kp_4_11.txt,Knapsack,3,RelaxGrouping,10000,false,max,22.000000,0.000020,na,0.009033,8,13,4,true
f4_l-d_kp_4_11.txt,Knapsack,3,RelaxGrouping,20000,false,max,22.000000,0.000019,na,0.009402,8,13,4,true
f6_l-d_kp_10_60.txt,Knapsack,9,RelaxGrouping,1000,true,max,52.000000,0.000111,0.000056,0.002738,47,74,9,true
f6_l-d_kp_10_60.txt,Knapsack,9,RelaxGrouping,500,true,max,52.000000,0.000120,0.000055,0.003809,47,74,9,true
f6_l-d_kp_10_60.txt,Knapsack,9,RelaxGrouping,500,false,max,52.000000,0.000115,na,0.006027,161,302,49,true
f6_l-d_kp_10_60.txt,Knapsack,9,RelaxGrouping,2000,true,max,52.000000,0.000125,0.000067,0.005119,47,74,9,true
f6_l-d_kp_10_60.txt,Knapsack,9,RelaxGrouping,5000,true,max,52.000000,0.000120,0.000057,0.005246,47,74,9,true
f6_l-d_kp_10_60.txt,Knapsack,9,RelaxGrouping,10000,true,max,52.000000,0.000130,0.000069,0.006208,47,74,9,true
f6_l-d_kp_10_60.txt,Knapsack,9,RelaxGrouping,20000,true,max,52.000000,0.000121,0.000055,0.005083,47,74,9,true
f6_l-d_kp_10_60.txt,Knapsack,9,RelaxGrouping,1000,false,max,52.000000,0.000120,na,0.006631,161,302,49,true
f6_l-d_kp_10_60.txt,Knapsack,9,RelaxGrouping,2000,false,max,52.000000,0.000118,na,0.007330,161,302,49,true
f6_l-d_kp_10_60.txt,Knapsack,9,RelaxGrouping,5000,false,max,52.000000,0.000112,na,0.007819,161,302,49,true
f6_l-d_kp_10_60.txt,Knapsack,9,RelaxGrouping,10000,false,max,52.000000,0.000114,na,0.006113,161,302,49,true
f6_l-d_kp_10_60.txt,Knapsack,9,RelaxGrouping,20000,false,max,52.000000,0.000121,na,0.006145,161,302,49,true
f7_l-d_kp_7_50.txt,Knapsack,6,RelaxGrouping,500,true,max,107.000000,0.000046,0.000019,0.008288,15,23,4,true
f7_l-d_kp_7_50.txt,Knapsack,6,RelaxGrouping,1000,true,max,107.000000,0.000044,0.000018,0.008363,15,23,4,true
f7_l-d_kp_7_50.txt,Knapsack,6,RelaxGrouping,2000,true,max,107.000000,0.000045,0.000018,0.004842,15,23,4,true
f7_l-d_kp_7_50.txt,Knapsack,6,RelaxGrouping,5000,true,max,107.000000,0.000041,0.000018,0.005000,15,23,4,true
f7_l-d_kp_7_50.txt,Knapsack,6,RelaxGrouping,10000,true,max,107.000000,0.000041,0.000018,0.005997,15,23,4,true
f7_l-d_kp_7_50.txt,Knapsack,6,RelaxGrouping,20000,true,max,107.000000,0.000046,0.000021,0.002081,15,23,4,true
f7_l-d_kp_7_50.txt,Knapsack,6,RelaxGrouping,500,false,max,107.000000,0.000043,na,0.001802,45,81,20,true
f7_l-d_kp_7_50.txt,Knapsack,6,RelaxGrouping,2000,false,max,107.000000,0.000046,na,0.008076,45,81,20,true
f7_l-d_kp_7_50.txt,Knapsack,6,RelaxGrouping,1000,false,max,107.000000,0.000047,na,0.006626,45,81,20,true
f7_l-d_kp_7_50.txt,Knapsack,6,RelaxGrouping,5000,false,max,107.000000,0.000045,na,0.005789,45,81,20,true
f7_l-d_kp_7_50.txt,Knapsack,6,RelaxGrouping,10000,false,max,107.000000,0.000045,na,0.006205,45,81,20,true
f7_l-d_kp_7_50.txt,Knapsack,6,RelaxGrouping,20000,false,max,107.000000,0.000044,na,0.007630,45,81,20,true
f8_l-d_kp_23_10000.txt,Knapsack,22,RelaxGrouping,500,true,max,9767.000000,0.006021,0.002468,0.001936,214,412,19,true
f8_l-d_kp_23_10000.txt,Knapsack,22,RelaxGrouping,1000,true,max,9767.000000,0.007534,0.003743,0.003119,214,412,19,true
f8_l-d_kp_23_10000.txt,Knapsack,22,RelaxGrouping,2000,true,max,9767.000000,0.006324,0.003970,0.005180,214,412,19,true
f8_l-d_kp_23_10000.txt,Knapsack,22,RelaxGrouping,500,false,max,9767.000000,0.006129,na,0.007090,5874,11503,499,true
f8_l-d_kp_23_10000.txt,Knapsack,22,RelaxGrouping,1000,false,max,9767.000000,0.007676,na,0.007139,9139,17956,974,true
f8_l-d_kp_23_10000.txt,Knapsack,22,RelaxGrouping,5000,true,max,9767.000000,0.006622,0.004050,0.007565,214,412,19,true
f8_l-d_kp_23_10000.txt,Knapsack,22,RelaxGrouping,10000,true,max,9767.000000,0.006568,0.004000,0.009887,214,412,19,true
f8_l-d_kp_23_10000.txt,Knapsack,22,RelaxGrouping,20000,true,max,9767.000000,0.006550,0.004033,0.008658,214,412,19,true
f8_l-d_kp_23_10000.txt,Knapsack,22,RelaxGrouping,2000,false,max,9767.000000,0.006697,na,0.010127,10249,19613,1462,true
f8_l-d_kp_23_10000.txt,Knapsack,22,RelaxGrouping,5000,false,max,9767.000000,0.006751,na,0.016929,10249,19613,1462,true
f8_l-d_kp_23_10000.txt,Knapsack,22,RelaxGrouping,20000,false,max,9767.000000,0.006780,na,0.016549,10249,19613,1462,true
f8_l-d_kp_23_10000.txt,Knapsack,22,RelaxGrouping,10000,false,max,9767.000000,0.006660,na,0.027009,10249,19613,1462,true
f9_l-d_kp_5_80.txt,Knapsack,4,RelaxGrouping,500,true,max,130.000000,0.000025,0.000015,0.004310,5,8,1,true
f9_l-d_kp_5_80.txt,Knapsack,4,RelaxGrouping,1000,true,max,130.000000,0.000030,0.000013,0.009948,5,8,1,true
f9_l-d_kp_5_80.txt,Knapsack,4,RelaxGrouping,2000,true,max,130.000000,0.000024,0.000012,0.009425,5,8,1,true
f9_l-d_kp_5_80.txt,Knapsack,4,RelaxGrouping,5000,true,max,130.000000,0.000034,0.000014,0.006824,5,8,1,true
f9_l-d_kp_5_80.txt,Knapsack,4,RelaxGrouping,10000,true,max,130.000000,0.000027,0.000011,0.007833,5,8,1,true
f9_l-d_kp_5_80.txt,Knapsack,4,RelaxGrouping,20000,true,max,130.000000,0.000028,0.000013,0.007860,5,8,1,true
f9_l-d_kp_5_80.txt,Knapsack,4,RelaxGrouping,500,false,max,130.000000,0.000027,na,0.006692,16,30,8,true
f9_l-d_kp_5_80.txt,Knapsack,4,RelaxGrouping,1000,false,max,130.000000,0.000025,na,0.012137,16,30,8,true
f9_l-d_kp_5_80.txt,Knapsack,4,RelaxGrouping,2000,false,max,130.000000,0.000025,na,0.010669,16,30,8,true
f9_l-d_kp_5_80.txt,Knapsack,4,RelaxGrouping,10000,false,max,130.000000,0.000023,na,0.008411,16,30,8,true
f9_l-d_kp_5_80.txt,Knapsack,4,RelaxGrouping,5000,false,max,130.000000,0.000026,na,0.008354,16,30,8,true
f9_l-d_kp_5_80.txt,Knapsack,4,RelaxGrouping,20000,false,max,130.000000,0.000027,na,0.009700,16,30,8,true
f10_l-d_kp_20_879.txt,Knapsack,19,RelaxGrouping,500,true,max,1010.000000,0.003391,0.002202,0.005654,145,284,14,true
f10_l-d_kp_20_879.txt,Knapsack,19,RelaxGrouping,1000,true,max,1010.000000,0.004239,0.003363,0.009695,217,429,23,true
f10_l-d_kp_20_879.txt,Knapsack,19,RelaxGrouping,2000,true,max,1010.000000,0.004341,0.003223,0.014075,217,429,23,true
f10_l-d_kp_20_879.txt,Knapsack,19,RelaxGrouping,5000,true,max,1010.000000,0.004267,0.003138,0.011299,217,429,23,true
f10_l-d_kp_20_879.txt,Knapsack,19,RelaxGrouping,500,false,max,1010.000000,0.003308,na,0.006899,3677,7324,499,true
f10_l-d_kp_20_879.txt,Knapsack,19,RelaxGrouping,1000,false,max,1010.000000,0.004124,na,0.008098,6441,12781,852,true
f10_l-d_kp_20_879.txt,Knapsack,19,RelaxGrouping,2000,false,max,1010.000000,0.004137,na,0.009621,6441,12781,852,true
f10_l-d_kp_20_879.txt,Knapsack,19,RelaxGrouping,10000,true,max,1010.000000,0.004104,0.002472,0.009020,217,429,23,true
f10_l-d_kp_20_879.txt,Knapsack,19,RelaxGrouping,20000,true,max,1010.000000,0.004124,0.002444,0.010045,217,429,23,true
f10_l-d_kp_20_879.txt,Knapsack,19,RelaxGrouping,5000,false,max,1010.000000,0.004176,na,0.033634,6441,12781,852,true
f10_l-d_kp_20_879.txt,Knapsack,19,RelaxGrouping,20000,false,max,1010.000000,0.004078,na,0.004586,6441,12781,852,true
f10_l-d_kp_20_879.txt,Knapsack,19,RelaxGrouping,10000,false,max,1010.000000,0.004229,na,0.003818,6441,12781,852,true
knapPI_1_100_1000_1.txt,Knapsack,100,RelaxGrouping,500,true,max,14264.000000,0.038123,0.021703,0.016071,4996,8442,82,true
knapPI_1_100_1000_1.txt,Knapsack,100,RelaxGrouping,1000,true,max,9147.000000,0.042733,0.032663,0.010591,29462,46417,607,true
knapPI_1_100_1000_1.txt,Knapsack,100,RelaxGrouping,500,false,max,14264.000000,0.039161,na,0.011562,36887,55778,500,true
knapPI_1_100_1000_1.txt,Knapsack,100,RelaxGrouping,2000,true,max,9147.000000,0.045403,0.032957,0.008326,29462,46417,607,true
knapPI_1_100_1000_1.txt,Knapsack,100,RelaxGrouping,5000,true,max,9147.000000,0.045126,0.032682,0.009044,29462,46417,607,true
knapPI_1_100_1000_1.txt,Knapsack,100,RelaxGrouping,20000,true,max,9147.000000,0.045331,0.032888,0.012160,29462,46417,607,true
knapPI_1_100_1000_1.txt,Knapsack,100,RelaxGrouping,10000,true,max,9147.000000,0.045529,0.032924,0.013742,29462,46417,607,true
knapPI_1_100_1000_1.txt,Knapsack,100,RelaxGrouping,1000,false,max,9147.000000,0.043929,na,0.013715,69024,97670,901,true
knapPI_1_100_1000_1.txt,Knapsack,100,RelaxGrouping,2000,false,max,9147.000000,0.043951,na,0.014945,69024,97670,901,true
knapPI_1_100_1000_1.txt,Knapsack,100,RelaxGrouping,5000,false,max,9147.000000,0.044436,na,0.015995,69024,97670,901,true
knapPI_1_100_1000_1.txt,Knapsack,100,RelaxGrouping,10000,false,max,9147.000000,0.044491,na,0.015420,69024,97670,901,true
knapPI_1_100_1000_1.txt,Knapsack,100,RelaxGrouping,20000,false,max,9147.000000,0.044329,na,0.015068,69024,97670,901,true
knapPI_1_200_1000_1.txt,Knapsack,200,RelaxGrouping,500,true,max,25414.000000,0.091395,0.048481,0.006043,11008,19216,101,true
knapPI_1_200_1000_1.txt,Knapsack,200,RelaxGrouping,1000,true,max,11238.000000,0.111857,0.082975,0.029352,115018,175226,812,true
knapPI_1_200_1000_1.txt,Knapsack,200,RelaxGrouping,2000,true,max,11238.000000,0.111843,0.083404,0.029720,115018,175226,812,true
knapPI_1_200_1000_1.txt,Knapsack,200,RelaxGrouping,10000,true,max,11238.000000,0.111665,0.083027,0.030185,115018,175226,812,true
knapPI_1_200_1000_1.txt,Knapsack,200,RelaxGrouping,5000,true,max,11238.000000,0.114924,0.083264,0.030993,115018,175226,812,true
knapPI_1_200_1000_1.txt,Knapsack,200,RelaxGrouping,500,false,max,25414.000000,0.091528,na,0.020803,79105,123276,500,true
knapPI_1_200_1000_1.txt,Knapsack,200,RelaxGrouping,1000,false,max,11238.000000,0.113074,na,0.031155,165252,238701,969,true
knapPI_1_200_1000_1.txt,Knapsack,200,RelaxGrouping,2000,false,max,11238.000000,0.112922,na,0.032502,165252,238701,969,true
knapPI_1_200_1000_1.txt,Knapsack,200,RelaxGrouping,5000,false,max,11238.000000,0.112643,na,0.031943,165252,238701,969,true
knapPI_1_200_1000_1.txt,Knapsack,200,RelaxGrouping,20000,true,max,11238.000000,0.112894,0.086043,0.029899,115018,175226,812,true
knapPI_1_200_1000_1.txt,Knapsack,200,RelaxGrouping,10000,false,max,11238.000000,0.110043,na,0.030591,165252,238701,969,true
knapPI_1_200_1000_1.txt,Knapsack,200,RelaxGrouping,20000,false,max,11238.000000,0.109698,na,0.030514,165252,238701,969,true
knapPI_1_500_1000_1.txt,Knapsack,500,RelaxGrouping,500,true,max,33834.000000,0.454333,0.202855,0.076914,208086,392656,471,true
knapPI_1_500_1000_1.txt,Knapsack,500,RelaxGrouping,1000,true,max,90446.000000,0.641942,0.346944,0.061151,128747,225578,404,true
knapPI_1_500_1000_1.txt,Knapsack,500,RelaxGrouping,2000,true,max,195190.000000,0.663643,0.417313,0.018597,28324,55640,329,true
knapPI_1_500_1000_1.txt,Knapsack,500,RelaxGrouping,500,false,max,33834.000000,0.464759,na,0.065310,245346,449565,500,true
knapPI_1_500_1000_1.txt,Knapsack,500,RelaxGrouping,1000,false,max,90446.000000,0.658359,na,0.110346,446630,814616,1000,true
knapPI_1_500_1000_1.txt,Knapsack,500,RelaxGrouping,5000,true,max,28857.000000,0.943889,1.195479,0.241911,1157326,2088653,2501,true
knapPI_1_500_1000_1.txt,Knapsack,500,RelaxGrouping,10000,true,max,28857.000000,0.953374,1.204936,0.244973,1157326,2088653,2501,true
knapPI_1_500_1000_1.txt,Knapsack,500,RelaxGrouping,20000,true,max,28857.000000,0.975072,1.079488,0.243778,1157326,2088653,2501,true
knapPI_1_500_1000_1.txt,Knapsack,500,RelaxGrouping,2000,false,max,195190.000000,0.642213,na,0.122262,559927,1070610,2000,true
knapPI_1_500_1000_1.txt,Knapsack,500,RelaxGrouping,10000,false,max,28857.000000,0.944262,na,0.239814,1211059,2170114,2536,true
knapPI_1_500_1000_1.txt,Knapsack,500,RelaxGrouping,5000,false,max,28857.000000,0.948740,na,0.240118,1211059,2170114,2536,true
knapPI_1_500_1000_1.txt,Knapsack,500,RelaxGrouping,20000,false,max,28857.000000,0.952063,na,0.240728,1211059,2170114,2536,true
knapPI_1_1000_1000_1.txt,Knapsack,1000,RelaxGrouping,500,true,max,64996.000000,1.208551,0.425430,0.152174,462968,894490,493,true
knapPI_1_1000_1000_1.txt,Knapsack,1000,RelaxGrouping,1000,true,max,63078.000000,1.977563,1.019178,0.329171,904610,1755716,971,true
knapPI_1_1000_1000_1.txt,Knapsack,1000,RelaxGrouping,2000,true,max,297518.000000,2.822588,1.729020,0.316482,662325,1255084,1004,true
knapPI_1_1000_1000_1.txt,Knapsack,1000,RelaxGrouping,500,false,max,64996.000000,1.229759,na,0.130723,495846,944390,500,true
knapPI_1_1000_1000_1.txt,Knapsack,1000,RelaxGrouping,1000,false,max,63078.000000,1.955593,na,0.278956,989964,1894590,1000,true
knapPI_1_1000_1000_1.txt,Knapsack,1000,RelaxGrouping,10000,true,max,54503.000000,4.412818,5.419741,1.129960,4814265,9166545,4989,true
knapPI_1_1000_1000_1.txt,Knapsack,1000,RelaxGrouping,5000,true,max,54503.000000,4.473710,5.548550,1.112980,4814265,9166545,4989,true
knapPI_1_1000_1000_1.txt,Knapsack,1000,RelaxGrouping,2000,false,max,297518.000000,2.851418,na,0.451147,1777059,3393853,2000,true
knapPI_1_1000_1000_1.txt,Knapsack,1000,RelaxGrouping,20000,true,max,54503.000000,4.433102,5.651507,1.112763,4814265,9166545,4989,true
knapPI_1_1000_1000_1.txt,Knapsack,1000,RelaxGrouping,5000,false,max,54503.000000,4.395633,na,1.082895,4908801,9318236,4999,true
knapPI_1_2000_1000_1.txt,Knapsack,2000,RelaxGrouping,500,true,max,152312.000000,3.641125,1.054913,0.302688,957333,1880025,499,true
knapPI_1_1000_1000_1.txt,Knapsack,1000,RelaxGrouping,20000,false,max,54503.000000,4.406500,na,1.098768,4908801,9318236,4999,true
knapPI_1_1000_1000_1.txt,Knapsack,1000,RelaxGrouping,10000,false,max,54503.000000,4.424279,na,1.106086,4908801,9318236,4999,true
knapPI_1_2000_1000_1.txt,Knapsack,2000,RelaxGrouping,1000,true,max,132923.000000,5.231379,2.088073,0.609178,1900824,3738437,989,true
knapPI_1_2000_1000_1.txt,Knapsack,2000,RelaxGrouping,500,false,max,152312.000000,3.653321,na,0.267263,995875,1943519,500,true
knapPI_1_2000_1000_1.txt,Knapsack,2000,RelaxGrouping,2000,true,max,124347.000000,8.700348,5.454310,1.381150,3746089,7383956,1958,true
knapPI_1_2000_1000_1.txt,Knapsack,2000,RelaxGrouping,1000,false,max,132923.000000,5.225243,na,0.558875,1990625,3886139,1000,true
knapPI_1_2000_1000_1.txt,Knapsack,2000,RelaxGrouping,5000,true,max,947570.000000,10.836119,7.825367,0.472287,763249,1489853,935,true
knapPI_1_2000_1000_1.txt,Knapsack,2000,RelaxGrouping,2000,false,max,124347.000000,8.752260,na,1.118996,3977149,7782758,2000,true
knapPI_1_2000_1000_1.txt,Knapsack,2000,RelaxGrouping,5000,false,max,947570.000000,10.905209,na,1.720131,7406949,14482614,5000,true
knapPI_1_2000_1000_1.txt,Knapsack,2000,RelaxGrouping,10000,false,max,336943.000000,18.945662,na,4.719923,18216820,35555022,10000,true
knapPI_1_2000_1000_1.txt,Knapsack,2000,RelaxGrouping,10000,true,max,336943.000000,18.791518,29.439913,4.773267,16301006,31966473,9969,true
knapPI_1_2000_1000_1.txt,Knapsack,2000,RelaxGrouping,20000,true,max,110625.000000,20.674385,30.601347,5.555929,19654017,38355155,10008,true
knapPI_1_5000_1000_1.txt,Knapsack,5000,RelaxGrouping,500,true,max,509590.000000,17.165211,2.915055,0.725016,2430930,4823692,500,true
knapPI_1_2000_1000_1.txt,Knapsack,2000,RelaxGrouping,20000,false,max,110625.000000,20.446976,na,5.500087,19838765,38676979,10012,true
knapPI_1_5000_1000_1.txt,Knapsack,5000,RelaxGrouping,1000,true,max,403955.000000,21.894340,6.007409,1.503916,4853624,9636709,998,true
knapPI_1_5000_1000_1.txt,Knapsack,5000,RelaxGrouping,2000,true,max,345833.000000,32.102170,13.701947,3.240242,9666446,19201602,1984,true
knapPI_1_5000_1000_1.txt,Knapsack,5000,RelaxGrouping,500,false,max,509590.000000,17.099480,na,0.653835,2495863,4942764,500,true
knapPI_1_5000_1000_1.txt,Knapsack,5000,RelaxGrouping,1000,false,max,403955.000000,21.930630,na,1.326751,4990659,9884502,1000,true
knapPI_1_5000_1000_1.txt,Knapsack,5000,RelaxGrouping,2000,false,max,345833.000000,32.164571,na,2.759885,9978489,19768456,2000,true
knapPI_1_5000_1000_1.txt,Knapsack,5000,RelaxGrouping,5000,true,max,325774.000000,65.659905,51.356423,10.502253,23830567,47389728,4911,true
knapPI_1_5000_1000_1.txt,Knapsack,5000,RelaxGrouping,10000,true,max,2447132.000000,77.525627,62.913402,3.264481,5652852,11125769,2752,true
knapPI_1_5000_1000_1.txt,Knapsack,5000,RelaxGrouping,5000,false,max,325774.000000,67.763369,na,8.920559,24915733,49402462,5000,true
knapPI_1_5000_1000_1.txt,Knapsack,5000,RelaxGrouping,20000,true,max,2471702.000000,84.661666,96.267269,3.761003,8634127,17073319,5021,true
knapPI_1_5000_1000_1.txt,Knapsack,5000,RelaxGrouping,10000,false,max,2447132.000000,79.572944,na,11.582252,42575910,84366806,10000,true
knapPI_1_10000_1000_1.txt,Knapsack,10000,RelaxGrouping,500,true,max,1385858.000000,57.702351,6.112289,1.437189,4877032,9713101,500,true
knapPI_1_5000_1000_1.txt,Knapsack,5000,RelaxGrouping,20000,false,max,2471702.000000,83.975530,na,17.561199,63917842,126068126,20000,true
knapPI_1_10000_1000_1.txt,Knapsack,10000,RelaxGrouping,1000,true,max,1039751.000000,71.430720,12.024953,2.979511,9755892,19434446,1000,true
knapPI_1_10000_1000_1.txt,Knapsack,10000,RelaxGrouping,2000,true,max,823182.000000,95.093905,28.720831,6.258831,19485506,38827055,1998,true
knapPI_1_10000_1000_1.txt,Knapsack,10000,RelaxGrouping,500,false,max,1385858.000000,57.681070,na,1.320454,4995860,9942525,500,true
knapPI_1_10000_1000_1.txt,Knapsack,10000,RelaxGrouping,1000,false,max,1039751.000000,70.564021,na,2.648396,9990620,19883199,1000,true
knapPI_1_10000_1000_1.txt,Knapsack,10000,RelaxGrouping,2000,false,max,823182.000000,93.792101,na,5.442063,19978472,39763029,2000,true
knapPI_2_100_1000_1.txt,Knapsack,100,RelaxGrouping,500,true,max,4277.000000,0.039121,0.021231,0.003286,4996,8442,82,true
knapPI_2_100_1000_1.txt,Knapsack,100,RelaxGrouping,1000,true,max,1514.000000,0.044046,0.033851,0.010359,29462,46417,607,true
knapPI_2_100_1000_1.txt,Knapsack,100,RelaxGrouping,2000,true,max,1514.000000,0.044991,0.033549,0.010410,29462,46417,607,true
knapPI_2_100_1000_1.txt,Knapsack,100,RelaxGrouping,5000,true,max,1514.000000,0.043655,0.032195,0.008435,29462,46417,607,true
knapPI_2_100_1000_1.txt,Knapsack,100,RelaxGrouping,10000,true,max,1514.000000,0.042720,0.033833,0.011617,29462,46417,607,true
knapPI_2_100_1000_1.txt,Knapsack,100,RelaxGrouping,20000,true,max,1514.000000,0.044673,0.034307,0.010399,29462,46417,607,true
knapPI_2_100_1000_1.txt,Knapsack,100,RelaxGrouping,500,false,max,4277.000000,0.038248,na,0.008970,36887,55778,500,true
knapPI_2_100_1000_1.txt,Knapsack,100,RelaxGrouping,1000,false,max,1514.000000,0.043653,na,0.013654,69024,97670,901,true
knapPI_2_100_1000_1.txt,Knapsack,100,RelaxGrouping,2000,false,max,1514.000000,0.043184,na,0.011844,69024,97670,901,true
knapPI_2_100_1000_1.txt,Knapsack,100,RelaxGrouping,5000,false,max,1514.000000,0.043787,na,0.012114,69024,97670,901,true
knapPI_2_100_1000_1.txt,Knapsack,100,RelaxGrouping,10000,false,max,1514.000000,0.043786,na,0.013671,69024,97670,901,true
knapPI_2_100_1000_1.txt,Knapsack,100,RelaxGrouping,20000,false,max,1514.000000,0.041272,na,0.011900,69024,97670,901,true
knapPI_2_200_1000_1.txt,Knapsack,200,RelaxGrouping,500,true,max,9351.000000,0.088039,0.047388,0.007419,11008,19216,101,true
knapPI_2_200_1000_1.txt,Knapsack,200,RelaxGrouping,1000,true,max,1634.000000,0.107901,0.090324,0.029542,115018,175226,812,true
knapPI_2_200_1000_1.txt,Knapsack,200,RelaxGrouping,2000,true,max,1634.000000,0.105942,0.084109,0.029479,115018,175226,812,true
knapPI_2_200_1000_1.txt,Knapsack,200,RelaxGrouping,5000,true,max,1634.000000,0.109876,0.089844,0.029055,115018,175226,812,true
knapPI_2_200_1000_1.txt,Knapsack,200,RelaxGrouping,10000,true,max,1634.000000,0.105081,0.085387,0.031041,115018,175226,812,true
knapPI_2_200_1000_1.txt,Knapsack,200,RelaxGrouping,20000,true,max,1634.000000,0.105479,0.089576,0.030865,115018,175226,812,true
knapPI_2_200_1000_1.txt,Knapsack,200,RelaxGrouping,500,false,max,9351.000000,0.090582,na,0.019431,79105,123276,500,true
knapPI_2_200_1000_1.txt,Knapsack,200,RelaxGrouping,1000,false,max,1634.000000,0.108251,na,0.029081,165252,238701,969,true
knapPI_2_200_1000_1.txt,Knapsack,200,RelaxGrouping,2000,false,max,1634.000000,0.105594,na,0.029471,165252,238701,969,true
knapPI_2_200_1000_1.txt,Knapsack,200,RelaxGrouping,5000,false,max,1634.000000,0.107398,na,0.029835,165252,238701,969,true
knapPI_2_200_1000_1.txt,Knapsack,200,RelaxGrouping,10000,false,max,1634.000000,0.105020,na,0.028604,165252,238701,969,true
knapPI_2_200_1000_1.txt,Knapsack,200,RelaxGrouping,20000,false,max,1634.000000,0.104573,na,0.027446,165252,238701,969,true
knapPI_2_500_1000_1.txt,Knapsack,500,RelaxGrouping,500,true,max,6171.000000,0.454218,0.209136,0.074408,208086,392656,471,true
knapPI_2_500_1000_1.txt,Knapsack,500,RelaxGrouping,1000,true,max,42924.000000,0.653564,0.362549,0.066476,128747,225578,404,true
knapPI_2_500_1000_1.txt,Knapsack,500,RelaxGrouping,2000,true,max,163745.000000,0.654406,0.434520,0.020903,28324,55640,329,true
knapPI_2_500_1000_1.txt,Knapsack,500,RelaxGrouping,10000,true,max,4566.000000,0.951292,1.152484,0.233730,1157326,2088653,2501,true
knapPI_2_500_1000_1.txt,Knapsack,500,RelaxGrouping,5000,true,max,4566.000000,0.968243,1.152185,0.239386,1157326,2088653,2501,true
knapPI_2_500_1000_1.txt,Knapsack,500,RelaxGrouping,500,false,max,6171.000000,0.467406,na,0.063823,245346,449565,500,true
knapPI_2_500_1000_1.txt,Knapsack,500,RelaxGrouping,20000,true,max,4566.000000,0.961853,1.092610,0.235701,1157326,2088653,2501,true
knapPI_2_500_1000_1.txt,Knapsack,500,RelaxGrouping,1000,false,max,42924.000000,0.658596,na,0.107247,446630,814616,1000,true
knapPI_2_500_1000_1.txt,Knapsack,500,RelaxGrouping,2000,false,max,163745.000000,0.660582,na,0.119925,559927,1070610,2000,true
knapPI_2_500_1000_1.txt,Knapsack,500,RelaxGrouping,5000,false,max,4566.000000,0.940814,na,0.225352,1211059,2170114,2536,true
knapPI_2_500_1000_1.txt,Knapsack,500,RelaxGrouping,10000,false,max,4566.000000,0.938813,na,0.223745,1211059,2170114,2536,true
knapPI_2_500_1000_1.txt,Knapsack,500,RelaxGrouping,20000,false,max,4566.000000,0.970003,na,0.225526,1211059,2170114,2536,true
knapPI_2_1000_1000_1.txt,Knapsack,1000,RelaxGrouping,500,true,max,12305.000000,1.231377,0.472898,0.146166,462968,894490,493,true
knapPI_2_1000_1000_1.txt,Knapsack,1000,RelaxGrouping,1000,true,max,11879.000000,1.979867,1.030384,0.325786,904610,1755716,971,true
knapPI_2_1000_1000_1.txt,Knapsack,1000,RelaxGrouping,2000,true,max,216022.000000,2.853089,1.772056,0.317884,662325,1255084,1004,true
knapPI_2_1000_1000_1.txt,Knapsack,1000,RelaxGrouping,5000,true,max,9052.000000,4.339254,5.696595,1.078799,4814265,9166545,4989,true
knapPI_2_1000_1000_1.txt,Knapsack,1000,RelaxGrouping,10000,true,max,9052.000000,4.346347,5.730010,1.068236,4814265,9166545,4989,true
knapPI_2_1000_1000_1.txt,Knapsack,1000,RelaxGrouping,500,false,max,12305.000000,1.254349,na,0.130295,495846,944390,500,true
knapPI_2_1000_1000_1.txt,Knapsack,1000,RelaxGrouping,1000,false,max,11879.000000,1.970902,na,0.268649,989964,1894590,1000,true
knapPI_2_1000_1000_1.txt,Knapsack,1000,RelaxGrouping,20000,true,max,9052.000000,4.401770,5.606893,1.066158,4814265,9166545,4989,true
knapPI_1_10000_1000_1.txt,Knapsack,10000,RelaxGrouping,5000,false,max,693937.000000,177.224540,na,18.187929,49918432,99359809,5000,true
knapPI_2_1000_1000_1.txt,Knapsack,1000,RelaxGrouping,2000,false,max,216022.000000,2.758572,na,0.442869,1777059,3393853,2000,true
knapPI_2_1000_1000_1.txt,Knapsack,1000,RelaxGrouping,5000,false,max,9052.000000,4.228922,na,1.032533,4908801,9318236,4999,true
knapPI_2_1000_1000_1.txt,Knapsack,1000,RelaxGrouping,10000,false,max,9052.000000,4.334534,na,1.044960,4908801,9318236,4999,true
knapPI_2_1000_1000_1.txt,Knapsack,1000,RelaxGrouping,20000,false,max,9052.000000,4.328014,na,1.044329,4908801,9318236,4999,true
knapPI_2_2000_1000_1.txt,Knapsack,2000,RelaxGrouping,500,true,max,31374.000000,3.643894,0.973557,0.287331,957333,1880025,499,true
knapPI_2_2000_1000_1.txt,Knapsack,2000,RelaxGrouping,1000,true,max,24534.000000,5.159661,2.234892,0.608190,1900824,3738437,989,true
knapPI_2_2000_1000_1.txt,Knapsack,2000,RelaxGrouping,2000,true,max,23443.000000,8.645536,5.478507,1.385037,3746089,7383956,1958,true
knapPI_2_2000_1000_1.txt,Knapsack,2000,RelaxGrouping,5000,true,max,934626.000000,10.874092,7.708059,0.452179,763249,1489853,935,true
knapPI_2_2000_1000_1.txt,Knapsack,2000,RelaxGrouping,500,false,max,31374.000000,3.699643,na,0.275437,995875,1943519,500,true
knapPI_2_2000_1000_1.txt,Knapsack,2000,RelaxGrouping,1000,false,max,24534.000000,5.271521,na,0.541989,1990625,3886139,1000,true
knapPI_2_2000_1000_1.txt,Knapsack,2000,RelaxGrouping,2000,false,max,23443.000000,8.749779,na,1.103147,3977149,7782758,2000,true
knapPI_2_2000_1000_1.txt,Knapsack,2000,RelaxGrouping,10000,true,max,152001.000000,18.663337,28.869312,4.494124,16301006,31966473,9969,true
knapPI_2_2000_1000_1.txt,Knapsack,2000,RelaxGrouping,5000,false,max,934626.000000,11.144549,na,1.703584,7406949,14482614,5000,true
knapPI_2_2000_1000_1.txt,Knapsack,2000,RelaxGrouping,20000,true,max,18051.000000,20.461180,29.462615,5.495773,19654017,38355155,10008,true
knapPI_2_2000_1000_1.txt,Knapsack,2000,RelaxGrouping,10000,false,max,152001.000000,18.903144,na,4.782380,18216820,35555022,10000,true
knapPI_2_2000_1000_1.txt,Knapsack,2000,RelaxGrouping,20000,false,max,18051.000000,20.678626,na,5.211380,19838765,38676979,10012,true
knapPI_2_5000_1000_1.txt,Knapsack,5000,RelaxGrouping,500,true,max,132785.000000,17.382807,2.861303,0.725071,2430930,4823692,500,true
knapPI_2_5000_1000_1.txt,Knapsack,5000,RelaxGrouping,1000,true,max,86680.000000,22.098418,5.992114,1.513565,4853624,9636709,998,true
knapPI_2_5000_1000_1.txt,Knapsack,5000,RelaxGrouping,2000,true,max,65323.000000,32.171000,13.765305,3.279738,9666446,19201602,1984,true
knapPI_2_5000_1000_1.txt,Knapsack,5000,RelaxGrouping,500,false,max,132785.000000,17.319285,na,0.664228,2495863,4942764,500,true
knapPI_2_5000_1000_1.txt,Knapsack,5000,RelaxGrouping,1000,false,max,86680.000000,21.966192,na,1.325164,4990659,9884502,1000,true
knapPI_2_5000_1000_1.txt,Knapsack,5000,RelaxGrouping,2000,false,max,65323.000000,32.095388,na,2.765682,9978489,19768456,2000,true
knapPI_2_5000_1000_1.txt,Knapsack,5000,RelaxGrouping,5000,true,max,68612.000000,67.251414,51.506748,10.905233,23830567,47389728,4911,true
knapPI_2_5000_1000_1.txt,Knapsack,5000,RelaxGrouping,10000,true,max,2453005.000000,82.910423,63.785317,3.310736,5652852,11125769,2752,true
knapPI_2_5000_1000_1.txt,Knapsack,5000,RelaxGrouping,5000,false,max,68612.000000,69.172534,na,8.917288,24915733,49402462,5000,true
knapPI_2_5000_1000_1.txt,Knapsack,5000,RelaxGrouping,10000,false,max,2453005.000000,80.781212,na,11.841138,42575910,84366806,10000,true
knapPI_2_5000_1000_1.txt,Knapsack,5000,RelaxGrouping,20000,true,max,2523626.000000,84.576262,96.635773,3.748485,8634127,17073319,5021,true
knapPI_2_10000_1000_1.txt,Knapsack,10000,RelaxGrouping,500,true,max,463414.000000,57.469626,6.151320,1.428221,4877032,9713101,500,true
knapPI_2_5000_1000_1.txt,Knapsack,5000,RelaxGrouping,20000,false,max,2523626.000000,85.756685,na,17.843361,63917842,126068126,20000,true
knapPI_2_10000_1000_1.txt,Knapsack,10000,RelaxGrouping,1000,true,max,267342.000000,71.453796,12.109069,3.001401,9755892,19434446,1000,true
knapPI_2_10000_1000_1.txt,Knapsack,10000,RelaxGrouping,2000,true,max,176027.000000,95.161722,28.231109,6.171372,19485506,38827055,1998,true
knapPI_2_10000_1000_1.txt,Knapsack,10000,RelaxGrouping,500,false,max,463414.000000,57.401385,na,1.320459,4995860,9942525,500,true
knapPI_2_10000_1000_1.txt,Knapsack,10000,RelaxGrouping,1000,false,max,267342.000000,71.019513,na,2.622012,9990620,19883199,1000,true
knapPI_2_10000_1000_1.txt,Knapsack,10000,RelaxGrouping,2000,false,max,176027.000000,94.018341,na,5.506686,19978472,39763029,2000,true
knapPI_3_100_1000_1.txt,Knapsack,100,RelaxGrouping,500,true,max,5136.000000,0.036399,0.019498,0.003412,5488,8887,96,true
knapPI_3_100_1000_1.txt,Knapsack,100,RelaxGrouping,1000,true,max,2397.000000,0.038183,0.027505,0.007506,31904,46338,621,true
knapPI_3_100_1000_1.txt,Knapsack,100,RelaxGrouping,2000,true,max,2397.000000,0.040164,0.030077,0.010125,31904,46338,621,true
knapPI_3_100_1000_1.txt,Knapsack,100,RelaxGrouping,5000,true,max,2397.000000,0.041475,0.029937,0.010043,31904,46338,621,true
knapPI_3_100_1000_1.txt,Knapsack,100,RelaxGrouping,10000,true,max,2397.000000,0.041413,0.029983,0.009249,31904,46338,621,true
knapPI_3_100_1000_1.txt,Knapsack,100,RelaxGrouping,20000,true,max,2397.000000,0.038560,0.027763,0.008033,31904,46338,621,true
knapPI_3_100_1000_1.txt,Knapsack,100,RelaxGrouping,500,false,max,5136.000000,0.035069,na,0.009193,36370,52774,500,true
knapPI_3_100_1000_1.txt,Knapsack,100,RelaxGrouping,1000,false,max,2397.000000,0.038740,na,0.010784,63104,86759,921,true
knapPI_3_100_1000_1.txt,Knapsack,100,RelaxGrouping,2000,false,max,2397.000000,0.039382,na,0.011559,63104,86759,921,true
knapPI_3_100_1000_1.txt,Knapsack,100,RelaxGrouping,5000,false,max,2397.000000,0.039332,na,0.011965,63104,86759,921,true
knapPI_3_100_1000_1.txt,Knapsack,100,RelaxGrouping,10000,false,max,2397.000000,0.038967,na,0.011811,63104,86759,921,true
knapPI_3_100_1000_1.txt,Knapsack,100,RelaxGrouping,20000,false,max,2397.000000,0.038925,na,0.010392,63104,86759,921,true
knapPI_3_200_1000_1.txt,Knapsack,200,RelaxGrouping,500,true,max,11785.000000,0.089267,0.048655,0.007179,11836,20357,108,true
knapPI_3_200_1000_1.txt,Knapsack,200,RelaxGrouping,1000,true,max,2697.000000,0.102595,0.084623,0.028534,109743,165317,799,true
knapPI_3_200_1000_1.txt,Knapsack,200,RelaxGrouping,2000,true,max,2697.000000,0.103824,0.080862,0.027370,109743,165317,799,true
knapPI_3_200_1000_1.txt,Knapsack,200,RelaxGrouping,5000,true,max,2697.000000,0.104755,0.081339,0.029691,109743,165317,799,true
knapPI_3_200_1000_1.txt,Knapsack,200,RelaxGrouping,10000,true,max,2697.000000,0.106590,0.084546,0.029095,109743,165317,799,true
knapPI_3_200_1000_1.txt,Knapsack,200,RelaxGrouping,20000,true,max,2697.000000,0.105461,0.081682,0.029556,109743,165317,799,true
knapPI_3_200_1000_1.txt,Knapsack,200,RelaxGrouping,500,false,max,11785.000000,0.090100,na,0.018710,78788,122254,500,true
knapPI_3_200_1000_1.txt,Knapsack,200,RelaxGrouping,1000,false,max,2697.000000,0.105369,na,0.028259,157435,227151,956,true
knapPI_3_200_1000_1.txt,Knapsack,200,RelaxGrouping,2000,false,max,2697.000000,0.104356,na,0.029277,157435,227151,956,true
knapPI_3_200_1000_1.txt,Knapsack,200,RelaxGrouping,5000,false,max,2697.000000,0.104908,na,0.028500,157435,227151,956,true
knapPI_3_200_1000_1.txt,Knapsack,200,RelaxGrouping,10000,false,max,2697.000000,0.106474,na,0.029146,157435,227151,956,true
knapPI_3_200_1000_1.txt,Knapsack,200,RelaxGrouping,20000,false,max,2697.000000,0.106334,na,0.029759,157435,227151,956,true
knapPI_3_500_1000_1.txt,Knapsack,500,RelaxGrouping,500,true,max,8929.000000,0.450096,0.201018,0.073239,208494,393395,476,true
knapPI_3_500_1000_1.txt,Knapsack,500,RelaxGrouping,1000,true,max,53383.000000,0.648487,0.371045,0.065666,135492,240100,495,true
knapPI_3_500_1000_1.txt,Knapsack,500,RelaxGrouping,2000,true,max,184022.000000,0.657447,0.438482,0.023362,33191,65202,303,true
knapPI_3_500_1000_1.txt,Knapsack,500,RelaxGrouping,5000,true,max,7117.000000,0.918936,1.166970,0.224845,1142170,2060648,2489,true
knapPI_3_500_1000_1.txt,Knapsack,500,RelaxGrouping,10000,true,max,7117.000000,0.948286,1.180643,0.237139,1142170,2060648,2489,true
knapPI_3_500_1000_1.txt,Knapsack,500,RelaxGrouping,500,false,max,8929.000000,0.457722,na,0.061959,245285,449835,500,true
knapPI_3_500_1000_1.txt,Knapsack,500,RelaxGrouping,20000,true,max,7117.000000,0.939707,1.131534,0.238159,1142170,2060648,2489,true
knapPI_3_500_1000_1.txt,Knapsack,500,RelaxGrouping,1000,false,max,53383.000000,0.642013,na,0.101418,447994,817605,1000,true
knapPI_3_500_1000_1.txt,Knapsack,500,RelaxGrouping,2000,false,max,184022.000000,0.637890,na,0.118116,563256,1066206,2000,true
knapPI_3_500_1000_1.txt,Knapsack,500,RelaxGrouping,5000,false,max,7117.000000,0.908063,na,0.217506,1193303,2137391,2513,true
knapPI_3_500_1000_1.txt,Knapsack,500,RelaxGrouping,10000,false,max,7117.000000,0.924143,na,0.222016,1193303,2137391,2513,true
knapPI_3_500_1000_1.txt,Knapsack,500,RelaxGrouping,20000,false,max,7117.000000,0.922168,na,0.215748,1193303,2137391,2513,true
knapPI_3_1000_1000_1.txt,Knapsack,1000,RelaxGrouping,500,true,max,18880.000000,1.231960,0.463990,0.147566,463106,894924,494,true
knapPI_3_1000_1000_1.txt,Knapsack,1000,RelaxGrouping,1000,true,max,18082.000000,1.947092,0.993341,0.313371,904757,1755148,970,true
knapPI_3_1000_1000_1.txt,Knapsack,1000,RelaxGrouping,2000,true,max,251609.000000,2.844050,1.704710,0.331752,680610,1288107,1112,true
knapPI_3_1000_1000_1.txt,Knapsack,1000,RelaxGrouping,5000,true,max,14390.000000,4.280550,5.823653,1.075752,4805875,9145335,4982,true
knapPI_3_1000_1000_1.txt,Knapsack,1000,RelaxGrouping,10000,true,max,14390.000000,4.399275,5.607494,1.077226,4805875,9145335,4982,true
knapPI_3_1000_1000_1.txt,Knapsack,1000,RelaxGrouping,500,false,max,18880.000000,1.261190,na,0.127439,495718,944895,500,true
knapPI_3_1000_1000_1.txt,Knapsack,1000,RelaxGrouping,20000,true,max,14390.000000,4.358048,5.373273,1.057403,4805875,9145335,4982,true
knapPI_3_1000_1000_1.txt,Knapsack,1000,RelaxGrouping,1000,false,max,18082.000000,1.966323,na,0.272677,989664,1894488,1000,true
knapPI_3_1000_1000_1.txt,Knapsack,1000,RelaxGrouping,2000,false,max,251609.000000,2.849562,na,0.448034,1780570,3399473,2000,true
knapPI_3_1000_1000_1.txt,Knapsack,1000,RelaxGrouping,5000,false,max,14390.000000,4.405140,na,1.026508,4891978,9286039,4988,true
knapPI_2_10000_1000_1.txt,Knapsack,10000,RelaxGrouping,5000,false,max,138069.000000,176.306999,na,18.137054,49918432,99359809,5000,true
knapPI_3_1000_1000_1.txt,Knapsack,1000,RelaxGrouping,10000,false,max,14390.000000,4.233067,na,1.052585,4891978,9286039,4988,true
knapPI_3_1000_1000_1.txt,Knapsack,1000,RelaxGrouping,20000,false,max,14390.000000,4.311606,na,1.022045,4891978,9286039,4988,true
knapPI_3_2000_1000_1.txt,Knapsack,2000,RelaxGrouping,500,true,max,46592.000000,3.559439,1.030950,0.289649,955715,1876847,497,true
knapPI_3_2000_1000_1.txt,Knapsack,2000,RelaxGrouping,1000,true,max,37748.000000,5.122244,2.248836,0.606844,1900764,3736718,991,true
knapPI_3_2000_1000_1.txt,Knapsack,2000,RelaxGrouping,2000,true,max,36194.000000,8.624312,5.208063,1.355646,3747087,7386754,1960,true
knapPI_3_2000_1000_1.txt,Knapsack,2000,RelaxGrouping,5000,true,max,1089878.000000,10.529240,7.363895,0.429956,688522,1341718,1050,true
knapPI_3_2000_1000_1.txt,Knapsack,2000,RelaxGrouping,500,false,max,46592.000000,3.646574,na,0.269967,995734,1943291,500,true
knapPI_3_2000_1000_1.txt,Knapsack,2000,RelaxGrouping,1000,false,max,37748.000000,5.227658,na,0.552115,1990249,3885197,1000,true
knapPI_3_2000_1000_1.txt,Knapsack,2000,RelaxGrouping,10000,true,max,28919.000000,19.916843,28.983097,4.883188,19273031,37605251,9816,true
knapPI_3_2000_1000_1.txt,Knapsack,2000,RelaxGrouping,2000,false,max,36194.000000,8.678822,na,1.120645,3976457,7784551,2000,true
knapPI_3_2000_1000_1.txt,Knapsack,2000,RelaxGrouping,20000,true,max,28919.000000,20.048154,28.478884,5.146872,19273031,37605251,9816,true
knapPI_3_2000_1000_1.txt,Knapsack,2000,RelaxGrouping,5000,false,max,1089878.000000,10.628045,na,1.647233,7291891,14259000,5000,true
knapPI_3_2000_1000_1.txt,Knapsack,2000,RelaxGrouping,10000,false,max,28919.000000,19.676144,na,5.068770,19453638,37925918,9820,true
knapPI_3_5000_1000_1.txt,Knapsack,5000,RelaxGrouping,500,true,max,186370.000000,17.016938,2.887526,0.721791,2429408,4820197,500,true
knapPI_3_2000_1000_1.txt,Knapsack,2000,RelaxGrouping,20000,false,max,28919.000000,19.421476,na,5.082291,19453638,37925918,9820,true
knapPI_3_5000_1000_1.txt,Knapsack,5000,RelaxGrouping,1000,true,max,128863.000000,21.766415,5.933918,1.480372,4851148,9629846,999,true
knapPI_3_5000_1000_1.txt,Knapsack,5000,RelaxGrouping,500,false,max,186370.000000,17.034611,na,0.670064,2495730,4942283,500,true
knapPI_3_5000_1000_1.txt,Knapsack,5000,RelaxGrouping,2000,true,max,101147.000000,32.043768,14.017318,3.269206,9662123,19192821,1987,true
knapPI_3_5000_1000_1.txt,Knapsack,5000,RelaxGrouping,1000,false,max,128863.000000,21.916545,na,1.342102,4990266,9883448,1000,true
knapPI_3_5000_1000_1.txt,Knapsack,5000,RelaxGrouping,2000,false,max,101147.000000,32.101539,na,2.808830,9977809,19768465,2000,true
knapPI_3_5000_1000_1.txt,Knapsack,5000,RelaxGrouping,5000,true,max,101208.000000,66.108284,51.104036,10.584750,23841516,47409630,4916,true
knapPI_3_5000_1000_1.txt,Knapsack,5000,RelaxGrouping,10000,true,max,2880993.000000,77.290116,63.209696,3.045419,5086134,10007488,3083,true
knapPI_3_5000_1000_1.txt,Knapsack,5000,RelaxGrouping,5000,false,max,101208.000000,68.313371,na,8.953026,24909099,49392759,5000,true
knapPI_3_5000_1000_1.txt,Knapsack,5000,RelaxGrouping,10000,false,max,2880993.000000,78.754672,na,11.582549,42260395,83750708,10000,true
knapPI_3_5000_1000_1.txt,Knapsack,5000,RelaxGrouping,20000,true,max,2978850.000000,84.646351,95.413821,3.791556,8358639,16507227,4678,true
knapPI_3_10000_1000_1.txt,Knapsack,10000,RelaxGrouping,500,true,max,611118.000000,57.457966,6.692660,1.465179,4876293,9711426,500,true
knapPI_3_5000_1000_1.txt,Knapsack,5000,RelaxGrouping,20000,false,max,2978850.000000,84.456905,na,17.615139,63526591,125283827,20000,true
knapPI_3_10000_1000_1.txt,Knapsack,10000,RelaxGrouping,1000,true,max,377284.000000,70.961896,12.017777,2.970027,9750900,19424460,1000,true
knapPI_3_10000_1000_1.txt,Knapsack,10000,RelaxGrouping,2000,true,max,259889.000000,94.613694,29.989949,6.335805,19475858,38807912,2000,true
knapPI_3_10000_1000_1.txt,Knapsack,10000,RelaxGrouping,500,false,max,611118.000000,57.107029,na,1.342207,4995714,9942187,500,true
knapPI_3_10000_1000_1.txt,Knapsack,10000,RelaxGrouping,1000,false,max,377284.000000,70.688659,na,2.642951,9990309,19882692,1000,true
knapPI_3_10000_1000_1.txt,Knapsack,10000,RelaxGrouping,2000,false,max,259889.000000,93.916891,na,5.473895,19977852,39762083,2000,true
MANN_a9.txt,Independent Set,45,RelaxGrouping,500,true,max,20.000000,0.011031,0.002944,0.003104,9681,14214,476,true
MANN_a9.txt,Independent Set,45,RelaxGrouping,1000,true,max,16.000000,0.015288,0.004724,0.002967,14462,20555,704,true
MANN_a9.txt,Independent Set,45,RelaxGrouping,2000,true,max,16.000000,0.015615,0.004268,0.003962,14462,20555,704,true
MANN_a9.txt,Independent Set,45,RelaxGrouping,5000,true,max,16.000000,0.015927,0.004537,0.004108,14462,20555,704,true
MANN_a9.txt,Independent Set,45,RelaxGrouping,10000,true,max,16.000000,0.015572,0.005125,0.004153,14462,20555,704,true
MANN_a9.txt,Independent Set,45,RelaxGrouping,20000,true,max,16.000000,0.016293,0.006231,0.004605,14462,20555,704,true
MANN_a9.txt,Independent Set,45,RelaxGrouping,500,false,max,20.000000,0.011308,na,0.003055,9884,14561,476,true
MANN_a9.txt,Independent Set,45,RelaxGrouping,1000,false,max,16.000000,0.016324,na,0.003964,14462,20555,704,true
MANN_a9.txt,Independent Set,45,RelaxGrouping,2000,false,max,16.000000,0.015287,na,0.004042,14462,20555,704,true
MANN_a9.txt,Independent Set,45,RelaxGrouping,5000,false,max,16.000000,0.015567,na,0.003519,14462,20555,704,true
MANN_a9.txt,Independent Set,45,RelaxGrouping,10000,false,max,16.000000,0.014673,na,0.004297,14462,20555,704,true
MANN_a9.txt,Independent Set,45,RelaxGrouping,20000,false,max,16.000000,0.015588,na,0.005894,14462,20555,704,true
MANN_a27.txt,Independent Set,378,RelaxGrouping,500,true,max,144.000000,0.371970,0.091092,0.044696,134073,213038,489,true
MANN_a27.txt,Independent Set,378,RelaxGrouping,1000,true,max,143.000000,0.490464,0.124911,0.057009,174145,274687,627,true
MANN_a27.txt,Independent Set,378,RelaxGrouping,2000,true,max,143.000000,1.484753,0.381556,0.165272,517406,811681,1913,true
MANN_a27.txt,Independent Set,378,RelaxGrouping,5000,true,max,143.000000,4.492680,1.180355,0.509501,1375217,2155126,4936,true
MANN_a27.txt,Independent Set,378,RelaxGrouping,10000,true,max,143.000000,6.213783,1.562287,0.641486,1629624,2549617,5888,true
MANN_a27.txt,Independent Set,378,RelaxGrouping,500,false,max,144.000000,0.375429,na,0.043280,139567,224021,495,true
MANN_a27.txt,Independent Set,378,RelaxGrouping,1000,false,max,143.000000,0.486168,na,0.057532,183350,293097,956,true
MANN_a27.txt,Independent Set,378,RelaxGrouping,2000,false,max,143.000000,1.460312,na,0.161125,539715,856256,1995,true
MANN_a27.txt,Independent Set,378,RelaxGrouping,20000,true,max,143.000000,11.061678,2.689286,1.148854,2590255,4044299,9403,true
MANN_a27.txt,Independent Set,378,RelaxGrouping,5000,false,max,143.000000,4.563342,na,0.484256,1413024,2230740,4936,true
MANN_a27.txt,Independent Set,378,RelaxGrouping,10000,false,max,143.000000,6.160326,na,0.662747,1723211,2736791,9896,true
MANN_a45.txt,Independent Set,1035,RelaxGrouping,500,true,max,374.000000,2.189588,0.289158,0.124033,367639,589535,481,true
MANN_a27.txt,Independent Set,378,RelaxGrouping,20000,false,max,143.000000,11.409426,na,1.168040,2775005,4413799,19946,true
MANN_a45.txt,Independent Set,1035,RelaxGrouping,1000,true,max,374.000000,1.986139,0.283840,0.116323,344701,543815,433,true
MANN_a45.txt,Independent Set,1035,RelaxGrouping,2000,true,max,374.000000,7.628925,1.119137,0.472505,1360542,2155971,1697,true
knapPI_3_10000_1000_1.txt,Knapsack,10000,RelaxGrouping,5000,false,max,207932.000000,175.937634,na,17.829396,49912054,99347592,5000,true
MANN_a45.txt,Independent Set,1035,RelaxGrouping,10000,true,max,374.000000,10.634423,1.471769,0.426201,1168588,1853428,1457,true
MANN_a45.txt,Independent Set,1035,RelaxGrouping,500,false,max,374.000000,2.139186,na,0.121038,388045,630336,498,true
MANN_a45.txt,Independent Set,1035,RelaxGrouping,1000,false,max,374.000000,1.962612,na,0.125386,366318,586926,987,true
MANN_a45.txt,Independent Set,1035,RelaxGrouping,2000,false,max,374.000000,7.607957,na,0.460383,1393519,2221925,1995,true
MANN_a45.txt,Independent Set,1035,RelaxGrouping,20000,true,max,374.000000,110.309021,18.022798,8.807757,14592960,23157135,18415,true
MANN_a45.txt,Independent Set,1035,RelaxGrouping,10000,false,max,374.000000,10.868701,na,0.528233,1386733,2289718,9977,true
MANN_a45.txt,Independent Set,1035,RelaxGrouping,20000,false,max,374.000000,111.418441,na,9.038075,15116897,24204990,19957,true
brock200_1.txt,Independent Set,200,RelaxGrouping,10000,true,max,128.000000,8.783774,2.688538,0.748387,969418,1494776,9979,true
brock200_1.txt,Independent Set,200,RelaxGrouping,10000,false,max,128.000000,8.197763,na,0.673169,1522400,2331479,9988,true
brock200_2.txt,Independent Set,200,RelaxGrouping,2000,true,max,94.000000,0.849534,0.281435,0.107431,250961,352311,1980,true
brock200_2.txt,Independent Set,200,RelaxGrouping,10000,true,max,71.000000,4.481687,1.925349,0.592338,906180,1147375,9952,true
brock200_2.txt,Independent Set,200,RelaxGrouping,20000,true,max,63.000000,8.498428,3.863169,1.103303,1528494,1857113,19304,true
brock200_2.txt,Independent Set,200,RelaxGrouping,2000,false,max,94.000000,0.856361,na,0.084294,304993,418108,1999,true
brock200_2.txt,Independent Set,200,RelaxGrouping,10000,false,max,71.000000,4.435254,na,0.517896,1306111,1607669,9999,true
brock200_2.txt,Independent Set,200,RelaxGrouping,20000,false,max,63.000000,8.239767,na,1.029910,2342098,2764484,19994,true
brock200_3.txt,Independent Set,200,RelaxGrouping,20000,true,max,91.000000,12.069954,4.624373,1.314024,1684884,2262927,19628,true
brock200_3.txt,Independent Set,200,RelaxGrouping,20000,false,max,91.000000,12.428128,na,1.272410,2632845,3452853,19988,true
brock200_4.txt,Independent Set,200,RelaxGrouping,2000,true,max,121.000000,1.170751,0.331191,0.124068,249235,384734,1937,true
brock200_4.txt,Independent Set,200,RelaxGrouping,10000,true,max,106.000000,6.820119,2.315841,0.714788,973777,1401639,9624,true
brock200_4.txt,Independent Set,200,RelaxGrouping,20000,true,max,101.000000,14.195591,5.051417,1.396539,1786201,2495663,19938,true
brock200_4.txt,Independent Set,200,RelaxGrouping,2000,false,max,121.000000,1.173658,na,0.092744,318920,488487,1992,true
brock200_4.txt,Independent Set,200,RelaxGrouping,10000,false,max,106.000000,7.380557,na,0.693077,1471321,2080036,9986,true
brock200_4.txt,Independent Set,200,RelaxGrouping,20000,false,max,101.000000,14.319501,na,1.351660,2809398,3845628,19993,true
c-fat200-1.txt,Independent Set,200,RelaxGrouping,500,true,max,12.000000,0.005943,0.000912,0.001979,5145,6034,40,true
c-fat200-1.txt,Independent Set,200,RelaxGrouping,1000,true,max,12.000000,0.005736,0.001077,0.002107,5145,6034,40,true
c-fat200-1.txt,Independent Set,200,RelaxGrouping,2000,true,max,12.000000,0.005741,0.000900,0.001995,5145,6034,40,true
c-fat200-1.txt,Independent Set,200,RelaxGrouping,5000,true,max,12.000000,0.005820,0.001063,0.002164,5145,6034,40,true
c-fat200-1.txt,Independent Set,200,RelaxGrouping,10000,true,max,12.000000,0.005869,0.000921,0.001752,5145,6034,40,true
c-fat200-1.txt,Independent Set,200,RelaxGrouping,20000,true,max,12.000000,0.005695,0.000971,0.002117,5145,6034,40,true
c-fat200-1.txt,Independent Set,200,RelaxGrouping,500,false,max,12.000000,0.005669,na,0.001736,5145,6034,40,true
c-fat200-1.txt,Independent Set,200,RelaxGrouping,1000,false,max,12.000000,0.005852,na,0.001577,5145,6034,40,true
c-fat200-1.txt,Independent Set,200,RelaxGrouping,2000,false,max,12.000000,0.005950,na,0.002472,5145,6034,40,true
c-fat200-1.txt,Independent Set,200,RelaxGrouping,5000,false,max,12.000000,0.006046,na,0.002175,5145,6034,40,true
c-fat200-1.txt,Independent Set,200,RelaxGrouping,10000,false,max,12.000000,0.005749,na,0.002107,5145,6034,40,true
c-fat200-1.txt,Independent Set,200,RelaxGrouping,20000,false,max,12.000000,0.005700,na,0.001925,5145,6034,40,true
c-fat200-2.txt,Independent Set,200,RelaxGrouping,500,true,max,24.000000,0.004561,0.000751,0.002170,4170,5083,28,true
c-fat200-2.txt,Independent Set,200,RelaxGrouping,1000,true,max,24.000000,0.004797,0.000757,0.002044,4170,5083,28,true
c-fat200-2.txt,Independent Set,200,RelaxGrouping,2000,true,max,24.000000,0.004796,0.000793,0.002051,4170,5083,28,true
c-fat200-2.txt,Independent Set,200,RelaxGrouping,5000,true,max,24.000000,0.004741,0.000829,0.002787,4170,5083,28,true
c-fat200-2.txt,Independent Set,200,RelaxGrouping,10000,true,max,24.000000,0.004814,0.000797,0.002008,4170,5083,28,true
c-fat200-2.txt,Independent Set,200,RelaxGrouping,20000,true,max,24.000000,0.004955,0.000827,0.002072,4170,5083,28,true
c-fat200-2.txt,Independent Set,200,RelaxGrouping,500,false,max,24.000000,0.004827,na,0.001785,4170,5083,28,true
c-fat200-2.txt,Independent Set,200,RelaxGrouping,1000,false,max,24.000000,0.004820,na,0.002356,4170,5083,28,true
c-fat200-2.txt,Independent Set,200,RelaxGrouping,2000,false,max,24.000000,0.004747,na,0.001664,4170,5083,28,true
c-fat200-2.txt,Independent Set,200,RelaxGrouping,5000,false,max,24.000000,0.004752,na,0.002953,4170,5083,28,true
c-fat200-2.txt,Independent Set,200,RelaxGrouping,10000,false,max,24.000000,0.004812,na,0.002196,4170,5083,28,true
c-fat200-2.txt,Independent Set,200,RelaxGrouping,20000,false,max,24.000000,0.004752,na,0.001788,4170,5083,28,true
c-fat200-5.txt,Independent Set,200,RelaxGrouping,500,true,max,58.000000,0.001391,0.000167,0.001665,959,1519,6,true
c-fat200-5.txt,Independent Set,200,RelaxGrouping,1000,true,max,58.000000,0.001367,0.000189,0.001664,959,1519,6,true
c-fat200-5.txt,Independent Set,200,RelaxGrouping,2000,true,max,58.000000,0.001415,0.000190,0.001955,959,1519,6,true
c-fat200-5.txt,Independent Set,200,RelaxGrouping,5000,true,max,58.000000,0.001306,0.000177,0.001921,959,1519,6,true
c-fat200-5.txt,Independent Set,200,RelaxGrouping,10000,true,max,58.000000,0.001337,0.000181,0.001558,959,1519,6,true
c-fat200-5.txt,Independent Set,200,RelaxGrouping,20000,true,max,58.000000,0.001333,0.000193,0.001753,959,1519,6,true
c-fat200-5.txt,Independent Set,200,RelaxGrouping,500,false,max,58.000000,0.001395,na,0.001566,959,1519,6,true
c-fat200-5.txt,Independent Set,200,RelaxGrouping,1000,false,max,58.000000,0.001343,na,0.001602,959,1519,6,true
c-fat200-5.txt,Independent Set,200,RelaxGrouping,2000,false,max,58.000000,0.001442,na,0.001775,959,1519,6,true
c-fat200-5.txt,Independent Set,200,RelaxGrouping,5000,false,max,58.000000,0.001357,na,0.001680,959,1519,6,true
c-fat200-5.txt,Independent Set,200,RelaxGrouping,10000,false,max,58.000000,0.001388,na,0.001742,959,1519,6,true
c-fat200-5.txt,Independent Set,200,RelaxGrouping,20000,false,max,58.000000,0.001397,na,0.001409,959,1519,6,true
c-fat500-1.txt,Independent Set,500,RelaxGrouping,500,true,max,14.000000,0.066665,0.017920,0.010997,37936,40345,116,true
c-fat500-1.txt,Independent Set,500,RelaxGrouping,1000,true,max,14.000000,0.065957,0.018545,0.010818,37936,40345,116,true
c-fat500-1.txt,Independent Set,500,RelaxGrouping,2000,true,max,14.000000,0.065052,0.015910,0.009050,37936,40345,116,true
c-fat500-1.txt,Independent Set,500,RelaxGrouping,5000,true,max,14.000000,0.067816,0.018427,0.010735,37936,40345,116,true
c-fat500-1.txt,Independent Set,500,RelaxGrouping,10000,true,max,14.000000,0.065972,0.015334,0.008420,37936,40345,116,true
c-fat500-1.txt,Independent Set,500,RelaxGrouping,20000,true,max,14.000000,0.064721,0.016026,0.009024,37936,40345,116,true
c-fat500-1.txt,Independent Set,500,RelaxGrouping,500,false,max,14.000000,0.067640,na,0.010253,37936,40345,116,true
c-fat500-1.txt,Independent Set,500,RelaxGrouping,1000,false,max,14.000000,0.065988,na,0.010226,37936,40345,116,true
c-fat500-1.txt,Independent Set,500,RelaxGrouping,2000,false,max,14.000000,0.064891,na,0.009720,37936,40345,116,true
c-fat500-1.txt,Independent Set,500,RelaxGrouping,5000,false,max,14.000000,0.066424,na,0.010490,37936,40345,116,true
c-fat500-1.txt,Independent Set,500,RelaxGrouping,10000,false,max,14.000000,0.065258,na,0.010874,37936,40345,116,true
c-fat500-1.txt,Independent Set,500,RelaxGrouping,20000,false,max,14.000000,0.066793,na,0.011484,37936,40345,116,true
c-fat500-2.txt,Independent Set,500,RelaxGrouping,500,true,max,26.000000,0.027018,0.004972,0.004710,15484,18001,37,true
c-fat500-2.txt,Independent Set,500,RelaxGrouping,1000,true,max,26.000000,0.026989,0.004218,0.004625,15484,18001,37,true
c-fat500-2.txt,Independent Set,500,RelaxGrouping,2000,true,max,26.000000,0.026982,0.004457,0.003765,15484,18001,37,true
c-fat500-2.txt,Independent Set,500,RelaxGrouping,5000,true,max,26.000000,0.027099,0.004485,0.004371,15484,18001,37,true
c-fat500-2.txt,Independent Set,500,RelaxGrouping,10000,true,max,26.000000,0.027238,0.003801,0.004378,15484,18001,37,true
c-fat500-2.txt,Independent Set,500,RelaxGrouping,20000,true,max,26.000000,0.028226,0.004204,0.003409,15484,18001,37,true
c-fat500-2.txt,Independent Set,500,RelaxGrouping,500,false,max,26.000000,0.026330,na,0.004203,15484,18001,37,true
c-fat500-2.txt,Independent Set,500,RelaxGrouping,1000,false,max,26.000000,0.026951,na,0.003611,15484,18001,37,true
c-fat500-2.txt,Independent Set,500,RelaxGrouping,2000,false,max,26.000000,0.026165,na,0.004060,15484,18001,37,true
c-fat500-2.txt,Independent Set,500,RelaxGrouping,5000,false,max,26.000000,0.027076,na,0.004288,15484,18001,37,true
c-fat500-2.txt,Independent Set,500,RelaxGrouping,10000,false,max,26.000000,0.026306,na,0.003583,15484,18001,37,true
c-fat500-2.txt,Independent Set,500,RelaxGrouping,20000,false,max,26.000000,0.025684,na,0.003500,15484,18001,37,true
c-fat500-5.txt,Independent Set,500,RelaxGrouping,500,true,max,64.000000,0.012917,0.001356,0.002671,7022,9205,20,true
c-fat500-5.txt,Independent Set,500,RelaxGrouping,1000,true,max,64.000000,0.013393,0.001440,0.002438,7022,9205,20,true
c-fat500-5.txt,Independent Set,500,RelaxGrouping,2000,true,max,64.000000,0.013210,0.001389,0.002782,7022,9205,20,true
c-fat500-5.txt,Independent Set,500,RelaxGrouping,5000,true,max,64.000000,0.013395,0.001859,0.002926,7022,9205,20,true
c-fat500-5.txt,Independent Set,500,RelaxGrouping,10000,true,max,64.000000,0.012976,0.001750,0.002578,7022,9205,20,true
c-fat500-5.txt,Independent Set,500,RelaxGrouping,20000,true,max,64.000000,0.013188,0.001310,0.002563,7022,9205,20,true
c-fat500-5.txt,Independent Set,500,RelaxGrouping,500,false,max,64.000000,0.013721,na,0.002886,7022,9205,20,true
c-fat500-5.txt,Independent Set,500,RelaxGrouping,1000,false,max,64.000000,0.013383,na,0.003005,7022,9205,20,true
c-fat500-5.txt,Independent Set,500,RelaxGrouping,2000,false,max,64.000000,0.013092,na,0.002588,7022,9205,20,true
c-fat500-5.txt,Independent Set,500,RelaxGrouping,5000,false,max,64.000000,0.013240,na,0.003123,7022,9205,20,true
c-fat500-5.txt,Independent Set,500,RelaxGrouping,10000,false,max,64.000000,0.013173,na,0.005787,7022,9205,20,true
c-fat500-5.txt,Independent Set,500,RelaxGrouping,20000,false,max,64.000000,0.013511,na,0.003034,7022,9205,20,true
c-fat500-10.txt,Independent Set,500,RelaxGrouping,500,true,max,126.000000,0.005424,0.000569,0.002300,2486,3973,6,true
c-fat500-10.txt,Independent Set,500,RelaxGrouping,1000,true,max,126.000000,0.005681,0.000558,0.002239,2486,3973,6,true
c-fat500-10.txt,Independent Set,500,RelaxGrouping,2000,true,max,126.000000,0.005675,0.000571,0.002172,2486,3973,6,true
c-fat500-10.txt,Independent Set,500,RelaxGrouping,5000,true,max,126.000000,0.005625,0.000486,0.002120,2486,3973,6,true
c-fat500-10.txt,Independent Set,500,RelaxGrouping,10000,true,max,126.000000,0.005744,0.000560,0.002316,2486,3973,6,true
c-fat500-10.txt,Independent Set,500,RelaxGrouping,20000,true,max,126.000000,0.005665,0.000489,0.002236,2486,3973,6,true
c-fat500-10.txt,Independent Set,500,RelaxGrouping,500,false,max,126.000000,0.005334,na,0.002247,2486,3973,6,true
c-fat500-10.txt,Independent Set,500,RelaxGrouping,1000,false,max,126.000000,0.005473,na,0.002332,2486,3973,6,true
c-fat500-10.txt,Independent Set,500,RelaxGrouping,2000,false,max,126.000000,0.005841,na,0.002246,2486,3973,6,true
c-fat500-10.txt,Independent Set,500,RelaxGrouping,5000,false,max,126.000000,0.005596,na,0.002441,2486,3973,6,true
c-fat500-10.txt,Independent Set,500,RelaxGrouping,10000,false,max,126.000000,0.005638,na,0.002383,2486,3973,6,true
c-fat500-10.txt,Independent Set,500,RelaxGrouping,20000,false,max,126.000000,0.005439,na,0.002472,2486,3973,6,true
hamming6-2.txt,Independent Set,64,RelaxGrouping,500,true,max,34.000000,0.034292,0.008107,0.003592,13230,22719,402,true
hamming6-2.txt,Independent Set,64,RelaxGrouping,1000,true,max,34.000000,0.059955,0.017462,0.005853,22387,37409,963,true
hamming6-2.txt,Independent Set,64,RelaxGrouping,2000,true,max,35.000000,0.137822,0.048008,0.021518,56671,94882,1984,true
hamming6-2.txt,Independent Set,64,RelaxGrouping,5000,true,max,33.000000,0.322272,0.135964,0.045170,104005,170874,4257,true
hamming6-2.txt,Independent Set,64,RelaxGrouping,10000,true,max,32.000000,0.723812,0.287601,0.128631,234178,378877,9902,true
hamming6-2.txt,Independent Set,64,RelaxGrouping,500,false,max,34.000000,0.034677,na,0.004123,17880,29992,499,true
hamming6-2.txt,Independent Set,64,RelaxGrouping,20000,true,max,33.000000,1.550891,0.605169,0.222266,409854,654446,19277,true
hamming6-2.txt,Independent Set,64,RelaxGrouping,1000,false,max,34.000000,0.062999,na,0.007175,33664,55012,994,true
hamming6-2.txt,Independent Set,64,RelaxGrouping,2000,false,max,35.000000,0.140072,na,0.018049,69205,115786,1985,true
hamming6-2.txt,Independent Set,64,RelaxGrouping,5000,false,max,33.000000,0.310992,na,0.041849,146798,238871,4952,true
hamming6-2.txt,Independent Set,64,RelaxGrouping,10000,false,max,32.000000,0.702282,na,0.099295,286402,462122,9903,true
hamming6-4.txt,Independent Set,64,RelaxGrouping,500,true,max,4.000000,0.004625,0.001118,0.002374,5402,6414,238,true
hamming6-2.txt,Independent Set,64,RelaxGrouping,20000,false,max,33.000000,1.535961,na,0.220168,515262,806922,19568,true
hamming6-4.txt,Independent Set,64,RelaxGrouping,1000,true,max,4.000000,0.004756,0.001105,0.002278,5402,6414,238,true
hamming6-4.txt,Independent Set,64,RelaxGrouping,2000,true,max,4.000000,0.004628,0.001102,0.002171,5402,6414,238,true
hamming6-4.txt,Independent Set,64,RelaxGrouping,10000,true,max,4.000000,0.004722,0.001103,0.002238,5402,6414,238,true
hamming6-4.txt,Independent Set,64,RelaxGrouping,5000,true,max,4.000000,0.004677,0.001101,0.003293,5402,6414,238,true
hamming6-4.txt,Independent Set,64,RelaxGrouping,20000,true,max,4.000000,0.004715,0.001100,0.002439,5402,6414,238,true
hamming6-4.txt,Independent Set,64,RelaxGrouping,1000,false,max,4.000000,0.004836,na,0.002254,5402,6414,238,true
hamming6-4.txt,Independent Set,64,RelaxGrouping,500,false,max,4.000000,0.004634,na,0.003543,5402,6414,238,true
hamming6-4.txt,Independent Set,64,RelaxGrouping,2000,false,max,4.000000,0.004803,na,0.002409,5402,6414,238,true
hamming6-4.txt,Independent Set,64,RelaxGrouping,5000,false,max,4.000000,0.004843,na,0.002412,5402,6414,238,true
hamming6-4.txt,Independent Set,64,RelaxGrouping,10000,false,max,4.000000,0.004675,na,0.004081,5402,6414,238,true
hamming6-4.txt,Independent Set,64,RelaxGrouping,20000,false,max,4.000000,0.004851,na,0.002196,5402,6414,238,true
hamming8-2.txt,Independent Set,256,RelaxGrouping,1000,true,max,129.000000,0.868727,0.184468,0.062995,143261,270613,973,true
hamming8-2.txt,Independent Set,256,RelaxGrouping,10000,true,max,142.000000,13.776322,3.813670,0.842674,1016762,1871991,9533,true
hamming8-2.txt,Independent Set,256,RelaxGrouping,20000,true,max,135.000000,30.643175,8.541150,1.736247,1951175,3552283,18344,true
hamming8-2.txt,Independent Set,256,RelaxGrouping,1000,false,max,129.000000,0.854393,na,0.064280,204067,380480,999,true
hamming8-2.txt,Independent Set,256,RelaxGrouping,10000,false,max,142.000000,13.596860,na,1.047231,1866469,3355299,9984,true
hamming8-2.txt,Independent Set,256,RelaxGrouping,20000,false,max,135.000000,31.558669,na,2.361396,3753378,6792624,19983,true
johnson8-2-4.txt,Independent Set,28,RelaxGrouping,500,true,max,4.000000,0.000638,0.000128,0.001883,713,968,64,true
johnson8-2-4.txt,Independent Set,28,RelaxGrouping,1000,true,max,4.000000,0.000676,0.000145,0.005300,713,968,64,true
johnson8-2-4.txt,Independent Set,28,RelaxGrouping,2000,true,max,4.000000,0.000626,0.000136,0.001681,713,968,64,true
johnson8-2-4.txt,Independent Set,28,RelaxGrouping,5000,true,max,4.000000,0.000658,0.000114,0.002056,713,968,64,true
johnson8-2-4.txt,Independent Set,28,RelaxGrouping,10000,true,max,4.000000,0.000612,0.000130,0.001804,713,968,64,true
johnson8-2-4.txt,Independent Set,28,RelaxGrouping,20000,true,max,4.000000,0.000602,0.000131,0.002204,713,968,64,true
johnson8-2-4.txt,Independent Set,28,RelaxGrouping,500,false,max,4.000000,0.000695,na,0.001808,713,968,64,true
johnson8-2-4.txt,Independent Set,28,RelaxGrouping,1000,false,max,4.000000,0.000650,na,0.002191,713,968,64,true
johnson8-2-4.txt,Independent Set,28,RelaxGrouping,2000,false,max,4.000000,0.000651,na,0.002270,713,968,64,true
johnson8-2-4.txt,Independent Set,28,RelaxGrouping,5000,false,max,4.000000,0.000625,na,0.002000,713,968,64,true
johnson8-2-4.txt,Independent Set,28,RelaxGrouping,10000,false,max,4.000000,0.000629,na,0.001851,713,968,64,true
johnson8-2-4.txt,Independent Set,28,RelaxGrouping,20000,false,max,4.000000,0.000661,na,0.002364,713,968,64,true
johnson8-4-4.txt,Independent Set,70,RelaxGrouping,500,true,max,17.000000,0.040205,0.008858,0.005264,18465,28929,496,true
johnson8-4-4.txt,Independent Set,70,RelaxGrouping,1000,true,max,17.000000,0.066526,0.021990,0.011148,29120,43545,987,true
johnson8-4-4.txt,Independent Set,70,RelaxGrouping,5000,true,max,16.000000,0.271930,0.095160,0.042581,124369,174312,4958,true
johnson8-4-4.txt,Independent Set,70,RelaxGrouping,10000,true,max,18.000000,0.485600,0.185432,0.092491,203113,277681,9755,true
johnson8-4-4.txt,Independent Set,70,RelaxGrouping,20000,true,max,17.000000,0.818347,0.298123,0.149539,343455,452785,19727,true
johnson8-4-4.txt,Independent Set,70,RelaxGrouping,500,false,max,17.000000,0.041109,na,0.006578,20802,31992,499,true
johnson8-4-4.txt,Independent Set,70,RelaxGrouping,1000,false,max,17.000000,0.064702,na,0.009425,36187,52529,987,true
johnson8-4-4.txt,Independent Set,70,RelaxGrouping,5000,false,max,16.000000,0.264117,na,0.041741,136272,190242,4982,true
johnson8-4-4.txt,Independent Set,70,RelaxGrouping,10000,false,max,18.000000,0.489201,na,0.078508,222818,302822,9992,true
johnson8-4-4.txt,Independent Set,70,RelaxGrouping,20000,false,max,17.000000,0.898167,na,0.140670,360274,474484,19924,true
johnson16-2-4.txt,Independent Set,120,RelaxGrouping,500,true,max,13.000000,0.075853,0.021931,0.010908,25060,37135,442,true
johnson16-2-4.txt,Independent Set,120,RelaxGrouping,1000,true,max,12.000000,0.135031,0.042788,0.017055,49415,70240,870,true
johnson16-2-4.txt,Independent Set,120,RelaxGrouping,2000,true,max,9.000000,0.238452,0.077550,0.035310,91264,134345,1649,true
johnson16-2-4.txt,Independent Set,120,RelaxGrouping,5000,true,max,9.000000,0.466497,0.211713,0.077443,162496,226807,4147,true
johnson16-2-4.txt,Independent Set,120,RelaxGrouping,10000,true,max,15.000000,0.841394,0.332974,0.156141,309424,421780,9460,true
johnson16-2-4.txt,Independent Set,120,RelaxGrouping,20000,true,max,8.000000,0.811241,0.310193,0.158690,442385,573456,16384,true
johnson16-2-4.txt,Independent Set,120,RelaxGrouping,500,false,max,13.000000,0.077404,na,0.008077,33125,49902,497,true
johnson16-2-4.txt,Independent Set,120,RelaxGrouping,1000,false,max,12.000000,0.131707,na,0.018620,62097,89808,997,true
johnson16-2-4.txt,Independent Set,120,RelaxGrouping,2000,false,max,9.000000,0.243939,na,0.028141,107754,157017,1984,true
johnson16-2-4.txt,Independent Set,120,RelaxGrouping,5000,false,max,9.000000,0.477831,na,0.066213,209875,295743,4987,true
johnson16-2-4.txt,Independent Set,120,RelaxGrouping,10000,false,max,15.000000,0.797125,na,0.122661,340224,462344,9788,true
johnson16-2-4.txt,Independent Set,120,RelaxGrouping,20000,false,max,8.000000,0.796636,na,0.155262,442385,573456,16384,true
johnson32-2-4.txt,Independent Set,496,RelaxGrouping,1000,true,max,28.000000,2.441151,0.381918,0.149171,310092,538399,991,true
johnson32-2-4.txt,Independent Set,496,RelaxGrouping,2000,true,max,35.000000,5.211697,0.894692,0.330279,542564,933318,1961,true
johnson32-2-4.txt,Independent Set,496,RelaxGrouping,5000,true,max,33.000000,15.822530,2.920125,1.022772,1441720,2465346,4890,true
johnson32-2-4.txt,Independent Set,496,RelaxGrouping,10000,true,max,28.000000,30.610805,6.788996,2.039739,2620898,4281299,9794,true
johnson32-2-4.txt,Independent Set,496,RelaxGrouping,1000,false,max,28.000000,2.360384,na,0.125578,384567,651722,999,true
johnson32-2-4.txt,Independent Set,496,RelaxGrouping,2000,false,max,35.000000,4.895402,na,0.276633,748890,1250082,1997,true
johnson32-2-4.txt,Independent Set,496,RelaxGrouping,5000,false,max,33.000000,15.201994,na,0.973704,1887535,3130013,4999,true
johnson32-2-4.txt,Independent Set,496,RelaxGrouping,10000,false,max,28.000000,31.005635,na,2.084950,3567302,5781959,9998,true
keller4.txt,Independent Set,171,RelaxGrouping,5000,true,max,50.000000,1.505601,0.583238,0.223810,407825,575305,4883,true
keller4.txt,Independent Set,171,RelaxGrouping,20000,true,max,34.000000,6.239163,2.693695,0.884840,1351904,1741261,19910,true
keller4.txt,Independent Set,171,RelaxGrouping,5000,false,max,50.000000,1.566808,na,0.184132,533530,739586,4997,true
keller4.txt,Independent Set,171,RelaxGrouping,20000,false,max,34.000000,6.624458,na,0.822799,1842590,2302230,19998,true
p_hat300-1.txt,Independent Set,300,RelaxGrouping,5000,true,max,51.000000,1.560117,0.706950,0.257381,484791,553723,4913,true
p_hat300-1.txt,Independent Set,300,RelaxGrouping,20000,true,max,8.000000,2.964981,0.948304,0.517615,1318695,1417033,15782,true
p_hat300-1.txt,Independent Set,300,RelaxGrouping,5000,false,max,51.000000,1.532301,na,0.204152,682647,764113,4995,true
p_hat300-1.txt,Independent Set,300,RelaxGrouping,20000,false,max,8.000000,3.042160,na,0.536383,1318695,1417033,15782,true
p_hat300-2.txt,Independent Set,300,RelaxGrouping,10000,true,max,111.000000,8.227991,2.816761,0.653585,926366,1286009,9307,true
p_hat300-2.txt,Independent Set,300,RelaxGrouping,20000,true,max,107.000000,16.472642,5.774571,1.206428,1507196,2076688,17610,true
p_hat300-2.txt,Independent Set,300,RelaxGrouping,10000,false,max,111.000000,7.663058,na,0.704936,1617565,2202309,9993,true
p_hat300-2.txt,Independent Set,300,RelaxGrouping,20000,false,max,107.000000,15.705805,na,1.433656,2943079,3960279,19986,true
p_hat500-1.txt,Independent Set,500,RelaxGrouping,20000,true,max,89.000000,21.162859,8.305773,2.334584,3219227,3713949,19834,true
p_hat500-1.txt,Independent Set,500,RelaxGrouping,20000,false,max,89.000000,21.723524,na,2.596303,4852513,5455843,19992,true
p_hat500-3.txt,Independent Set,500,RelaxGrouping,20000,true,max,354.000000,85.370891,19.183516,4.899140,5012210,8105992,19603,true
p_hat500-3.txt,Independent Set,500,RelaxGrouping,20000,false,max,354.000000,84.462063,na,5.156157,8110806,13006752,19987,true
p_hat700-1.txt,Independent Set,700,RelaxGrouping,20000,true,max,141.000000,45.444772,14.127390,4.305897,5852304,7067697,19823,true
p_hat700-1.txt,Independent Set,700,RelaxGrouping,20000,false,max,141.000000,45.691564,na,4.226436,8008342,9361065,20000,true
san200_0.7_2.txt,Independent Set,200,RelaxGrouping,500,true,max,163.000000,0.303007,0.065454,0.024016,60770,109123,457,true
san200_0.7_2.txt,Independent Set,200,RelaxGrouping,5000,true,max,138.000000,3.254807,1.050326,0.295004,497662,836252,4590,true
san200_0.7_2.txt,Independent Set,200,RelaxGrouping,10000,true,max,133.000000,7.358527,2.666303,0.649417,931743,1520134,9448,true
san200_0.7_2.txt,Independent Set,200,RelaxGrouping,20000,true,max,116.000000,13.915242,5.177185,1.281270,1880708,2935783,19651,true
san200_0.7_2.txt,Independent Set,200,RelaxGrouping,500,false,max,163.000000,0.301363,na,0.024142,79545,142956,497,true
san200_0.7_2.txt,Independent Set,200,RelaxGrouping,5000,false,max,138.000000,3.291794,na,0.286049,756980,1248741,4987,true
san200_0.7_2.txt,Independent Set,200,RelaxGrouping,10000,false,max,133.000000,7.596837,na,0.627290,1498728,2368326,9997,true
san200_0.7_2.txt,Independent Set,200,RelaxGrouping,20000,false,max,116.000000,14.701534,na,1.378888,2930219,4396336,19995,true
san200_0.9_1.txt,Independent Set,200,RelaxGrouping,20000,true,max,180.000000,21.197423,6.857457,1.027621,1109596,2067895,18740,true
san200_0.9_1.txt,Independent Set,200,RelaxGrouping,20000,false,max,180.000000,21.007305,na,1.577856,2756151,5068624,19966,true
san200_0.9_2.txt,Independent Set,200,RelaxGrouping,10000,true,max,162.000000,10.638157,3.301093,0.668750,753121,1323641,9077,true
san200_0.9_2.txt,Independent Set,200,RelaxGrouping,20000,true,max,161.000000,22.446635,6.967116,1.333976,1396413,2431046,17082,true
san200_0.9_2.txt,Independent Set,200,RelaxGrouping,10000,false,max,162.000000,10.498462,na,0.794749,1529828,2688836,9986,true
san200_0.9_2.txt,Independent Set,200,RelaxGrouping,20000,false,max,161.000000,22.002425,na,1.636036,2954794,5124360,19991,true
san200_0.9_3.txt,Independent Set,200,RelaxGrouping,10000,true,max,162.000000,10.338385,3.134046,0.705349,809126,1425784,9663,true
san200_0.9_3.txt,Independent Set,200,RelaxGrouping,20000,true,max,158.000000,22.822176,7.033435,1.466047,1558608,2729185,19775,true
san200_0.9_3.txt,Independent Set,200,RelaxGrouping,10000,false,max,162.000000,10.240955,na,0.789493,1529164,2701703,9987,true
san200_0.9_3.txt,Independent Set,200,RelaxGrouping,20000,false,max,158.000000,22.438039,na,1.726067,2998657,5253290,19973,true
san400_0.5_1.txt,Independent Set,400,RelaxGrouping,10000,true,max,205.000000,15.166472,5.023351,1.486426,2494321,3843695,9992,true
san400_0.5_1.txt,Independent Set,400,RelaxGrouping,20000,true,max,146.000000,26.233613,10.054675,2.849051,4489082,6477536,19949,true
san400_0.5_1.txt,Independent Set,400,RelaxGrouping,10000,false,max,205.000000,15.385440,na,1.299492,3148877,4811104,9996,true
san400_0.5_1.txt,Independent Set,400,RelaxGrouping,20000,false,max,146.000000,26.158078,na,2.719079,5874637,8347896,19999,true
sanr200_0.7.txt,Independent Set,200,RelaxGrouping,10000,true,max,113.000000,7.360561,2.447439,0.719213,951663,1420650,9905,true
sanr200_0.7.txt,Independent Set,200,RelaxGrouping,20000,true,max,107.000000,15.471554,5.328807,1.499702,1777239,2580540,19948,true
sanr200_0.7.txt,Independent Set,200,RelaxGrouping,10000,false,max,113.000000,7.741789,na,0.690983,1489256,2194658,9985,true
sanr200_0.7.txt,Independent Set,200,RelaxGrouping,20000,false,max,107.000000,16.008414,na,1.425270,2865036,4093143,19989,true
set_cover_n100_m63_d0.1_b_w38_seed1.txt,Set Cover,100,RelaxGrouping,500,true,min,2.000000,0.083197,0.025487,0.005896,10001,17641,257,true
set_cover_n100_m63_d0.1_b_w38_seed1.txt,Set Cover,100,RelaxGrouping,1000,true,min,2.000000,0.163306,0.056951,0.007441,14683,26269,375,true
set_cover_n100_m63_d0.1_b_w38_seed1.txt,Set Cover,100,RelaxGrouping,2000,true,min,2.000000,0.349379,0.136111,0.015785,26079,46605,734,true
set_cover_n100_m63_d0.1_b_w38_seed1.txt,Set Cover,100,RelaxGrouping,5000,true,min,3.000000,0.941340,0.434047,0.041492,58675,106020,1257,true
set_cover_n100_m63_d0.1_b_w38_seed1.txt,Set Cover,100,RelaxGrouping,10000,true,min,3.000000,2.484978,1.181585,0.089665,111749,203482,2743,true
set_cover_n100_m63_d0.1_b_w38_seed1.txt,Set Cover,100,RelaxGrouping,20000,true,min,3.000000,5.868458,2.868103,0.163016,177463,328377,4294,true
set_cover_n100_m63_d0.1_b_w38_seed1.txt,Set Cover,100,RelaxGrouping,500,false,min,2.000000,0.083829,na,0.009436,31580,56012,496,true
set_cover_n100_m63_d0.1_b_w38_seed1.txt,Set Cover,100,RelaxGrouping,1000,false,min,2.000000,0.157594,na,0.017603,60738,107836,998,true
set_cover_n100_m63_d0.1_b_w38_seed1.txt,Set Cover,100,RelaxGrouping,2000,false,min,2.000000,0.337495,na,0.036661,118670,210697,1999,true
set_cover_n100_m63_d0.1_b_w38_seed1.txt,Set Cover,100,RelaxGrouping,5000,false,min,3.000000,1.037439,na,0.099086,287899,512514,4983,true
set_cover_n100_m63_d0.1_b_w38_seed1.txt,Set Cover,100,RelaxGrouping,10000,false,min,3.000000,2.505247,na,0.251424,563068,1002511,9984,true
set_cover_n100_m63_d0.1_b_w38_seed2.txt,Set Cover,100,RelaxGrouping,500,true,min,2.000000,0.080039,0.024468,0.004796,9200,16313,245,true
set_cover_n100_m63_d0.1_b_w38_seed1.txt,Set Cover,100,RelaxGrouping,20000,false,min,3.000000,5.996398,na,0.571872,1061908,1903323,19964,true
set_cover_n100_m63_d0.1_b_w38_seed2.txt,Set Cover,100,RelaxGrouping,1000,true,min,2.000000,0.152884,0.050800,0.009348,17544,31141,546,true
set_cover_n100_m63_d0.1_b_w38_seed2.txt,Set Cover,100,RelaxGrouping,2000,true,min,2.000000,0.308906,0.129439,0.016293,30014,53396,1028,true
set_cover_n100_m63_d0.1_b_w38_seed2.txt,Set Cover,100,RelaxGrouping,5000,true,min,2.000000,0.982550,0.459240,0.042570,64003,114497,2151,true
set_cover_n100_m63_d0.1_b_w38_seed2.txt,Set Cover,100,RelaxGrouping,10000,true,min,3.000000,2.471431,1.072129,0.085073,119479,213770,4290,true
set_cover_n100_m63_d0.1_b_w38_seed2.txt,Set Cover,100,RelaxGrouping,500,false,min,2.000000,0.079997,na,0.009285,30445,54107,499,true
set_cover_n100_m63_d0.1_b_w38_seed2.txt,Set Cover,100,RelaxGrouping,1000,false,min,2.000000,0.152951,na,0.019045,59398,105395,996,true
set_cover_n100_m63_d0.1_b_w38_seed2.txt,Set Cover,100,RelaxGrouping,2000,false,min,2.000000,0.335597,na,0.037957,118630,209834,1993,true
set_cover_n100_m63_d0.1_b_w38_seed2.txt,Set Cover,100,RelaxGrouping,20000,true,min,3.000000,5.414664,2.670328,0.195470,231122,413123,9277,true
set_cover_n100_m63_d0.1_b_w38_seed2.txt,Set Cover,100,RelaxGrouping,5000,false,min,2.000000,0.906369,na,0.091334,281027,497222,4994,true
set_cover_n100_m63_d0.1_b_w38_seed2.txt,Set Cover,100,RelaxGrouping,10000,false,min,3.000000,2.365659,na,0.236192,552892,976053,9988,true
set_cover_n100_m63_d0.1_b_w38_seed3.txt,Set Cover,100,RelaxGrouping,500,true,min,2.000000,0.081338,0.023300,0.004398,8462,14954,273,true
set_cover_n100_m63_d0.1_b_w38_seed3.txt,Set Cover,100,RelaxGrouping,1000,true,min,2.000000,0.172441,0.055877,0.008161,14492,25833,396,true
set_cover_n100_m63_d0.1_b_w38_seed2.txt,Set Cover,100,RelaxGrouping,20000,false,min,3.000000,5.389195,na,0.526098,1083117,1906864,19985,true
set_cover_n100_m63_d0.1_b_w38_seed3.txt,Set Cover,100,RelaxGrouping,2000,true,min,2.000000,0.359015,0.153227,0.017716,27307,49127,813,true
set_cover_n100_m63_d0.1_b_w38_seed3.txt,Set Cover,100,RelaxGrouping,5000,true,min,2.000000,1.069907,0.475696,0.042710,60510,108722,2246,true
set_cover_n100_m63_d0.1_b_w38_seed3.txt,Set Cover,100,RelaxGrouping,10000,true,min,3.000000,2.587768,1.269748,0.085559,109703,198052,3909,true
set_cover_n100_m63_d0.1_b_w38_seed3.txt,Set Cover,100,RelaxGrouping,500,false,min,2.000000,0.081335,na,0.009038,31377,55952,498,true
set_cover_n100_m63_d0.1_b_w38_seed3.txt,Set Cover,100,RelaxGrouping,1000,false,min,2.000000,0.163996,na,0.019548,62611,111707,996,true
set_cover_n100_m63_d0.1_b_w38_seed3.txt,Set Cover,100,RelaxGrouping,2000,false,min,2.000000,0.346473,na,0.036424,125870,223864,1991,true
set_cover_n100_m63_d0.1_b_w38_seed3.txt,Set Cover,100,RelaxGrouping,5000,false,min,2.000000,0.987437,na,0.103801,301101,534968,4997,true
set_cover_n100_m63_d0.1_b_w38_seed3.txt,Set Cover,100,RelaxGrouping,20000,true,min,3.000000,6.306934,3.146108,0.189764,207121,376329,7608,true
set_cover_n100_m63_d0.1_b_w38_seed3.txt,Set Cover,100,RelaxGrouping,10000,false,min,3.000000,2.638135,na,0.261738,588389,1043578,9965,true
set_cover_n100_m63_d0.1_b_w38_seed4.txt,Set Cover,100,RelaxGrouping,500,true,min,2.000000,0.079631,0.025364,0.004871,9775,17131,267,true
set_cover_n100_m63_d0.1_b_w38_seed4.txt,Set Cover,100,RelaxGrouping,1000,true,min,2.000000,0.160868,0.056115,0.009620,17259,30210,493,true
set_cover_n100_m63_d0.1_b_w38_seed4.txt,Set Cover,100,RelaxGrouping,2000,true,min,2.000000,0.333014,0.134992,0.016432,27093,47660,825,true
set_cover_n100_m63_d0.1_b_w38_seed4.txt,Set Cover,100,RelaxGrouping,5000,true,min,2.000000,0.938136,0.425400,0.039177,58818,104507,1704,true
set_cover_n100_m63_d0.1_b_w38_seed3.txt,Set Cover,100,RelaxGrouping,20000,false,min,3.000000,6.268557,na,0.567784,1147583,2046629,19991,true
set_cover_n100_m63_d0.1_b_w38_seed4.txt,Set Cover,100,RelaxGrouping,10000,true,min,2.000000,2.547176,1.252373,0.074291,107385,190260,3582,true
set_cover_n100_m63_d0.1_b_w38_seed4.txt,Set Cover,100,RelaxGrouping,500,false,min,2.000000,0.079927,na,0.009946,31934,56689,500,true
set_cover_n100_m63_d0.1_b_w38_seed4.txt,Set Cover,100,RelaxGrouping,1000,false,min,2.000000,0.161414,na,0.018270,62466,110265,989,true
set_cover_n100_m63_d0.1_b_w38_seed4.txt,Set Cover,100,RelaxGrouping,2000,false,min,2.000000,0.339689,na,0.034711,122689,217474,1999,true
set_cover_n100_m63_d0.1_b_w38_seed4.txt,Set Cover,100,RelaxGrouping,5000,false,min,2.000000,0.973887,na,0.105165,299968,531506,4986,true
set_cover_n100_m63_d0.1_b_w38_seed4.txt,Set Cover,100,RelaxGrouping,20000,true,min,3.000000,5.743531,2.751166,0.156675,190384,341882,6749,true
set_cover_n100_m63_d0.1_b_w38_seed4.txt,Set Cover,100,RelaxGrouping,10000,false,min,2.000000,2.407345,na,0.242760,577114,1024773,9981,true
set_cover_n100_m63_d0.2_b_w38_seed1.txt,Set Cover,100,RelaxGrouping,500,true,min,2.000000,0.081839,0.025942,0.005659,10771,20677,279,true
set_cover_n100_m63_d0.2_b_w38_seed1.txt,Set Cover,100,RelaxGrouping,1000,true,min,2.000000,0.159822,0.060679,0.010936,20152,38627,564,true
set_cover_n100_m63_d0.2_b_w38_seed1.txt,Set Cover,100,RelaxGrouping,2000,true,min,2.000000,0.326631,0.159524,0.022306,38494,73655,1018,true
set_cover_n100_m63_d0.2_b_w38_seed1.txt,Set Cover,100,RelaxGrouping,5000,true,min,2.000000,0.882956,0.481359,0.059486,94612,182149,2614,true
set_cover_n100_m63_d0.1_b_w38_seed4.txt,Set Cover,100,RelaxGrouping,20000,false,min,3.000000,5.775128,na,0.546483,1135536,2017266,19946,true
set_cover_n100_m63_d0.2_b_w38_seed1.txt,Set Cover,100,RelaxGrouping,10000,true,min,2.000000,1.931620,1.119739,0.132895,179306,346158,4649,true
set_cover_n100_m63_d0.2_b_w38_seed1.txt,Set Cover,100,RelaxGrouping,500,false,min,2.000000,0.083334,na,0.008825,35632,66347,493,true
set_cover_n100_m63_d0.2_b_w38_seed1.txt,Set Cover,100,RelaxGrouping,1000,false,min,2.000000,0.164200,na,0.019915,69868,130522,997,true
set_cover_n100_m63_d0.2_b_w38_seed1.txt,Set Cover,100,RelaxGrouping,2000,false,min,2.000000,0.321445,na,0.030450,135407,253781,1996,true
set_cover_n100_m63_d0.2_b_w38_seed1.txt,Set Cover,100,RelaxGrouping,5000,false,min,2.000000,0.882762,na,0.110562,320191,601827,4987,true
set_cover_n100_m63_d0.2_b_w38_seed1.txt,Set Cover,100,RelaxGrouping,20000,true,min,2.000000,4.649253,2.843367,0.290585,354137,686621,9664,true
set_cover_n100_m63_d0.2_b_w38_seed2.txt,Set Cover,100,RelaxGrouping,500,true,min,2.000000,0.086396,0.027830,0.005022,8916,16935,242,true
set_cover_n100_m63_d0.2_b_w38_seed1.txt,Set Cover,100,RelaxGrouping,10000,false,min,2.000000,2.166398,na,0.229143,599142,1131157,9941,true
set_cover_n100_m63_d0.2_b_w38_seed2.txt,Set Cover,100,RelaxGrouping,1000,true,min,2.000000,0.172450,0.064738,0.010073,15450,29503,408,true
set_cover_n100_m63_d0.2_b_w38_seed2.txt,Set Cover,100,RelaxGrouping,2000,true,min,2.000000,0.349962,0.160744,0.018635,31781,60897,950,true
set_cover_n100_m63_d0.2_b_w38_seed1.txt,Set Cover,100,RelaxGrouping,20000,false,min,2.000000,4.676694,na,0.534790,1131019,2139028,19982,true
set_cover_n100_m63_d0.2_b_w38_seed2.txt,Set Cover,100,RelaxGrouping,5000,true,min,2.000000,0.954292,0.508822,0.050522,73965,142674,2110,true
set_cover_n100_m63_d0.2_b_w38_seed2.txt,Set Cover,100,RelaxGrouping,500,false,min,2.000000,0.087172,na,0.010896,35565,66259,496,true
set_cover_n100_m63_d0.2_b_w38_seed2.txt,Set Cover,100,RelaxGrouping,1000,false,min,2.000000,0.163157,na,0.022003,68850,128584,991,true
set_cover_n100_m63_d0.2_b_w38_seed2.txt,Set Cover,100,RelaxGrouping,10000,true,min,2.000000,2.007229,1.254733,0.117180,151328,292095,4562,true
set_cover_n100_m63_d0.2_b_w38_seed2.txt,Set Cover,100,RelaxGrouping,2000,false,min,2.000000,0.351354,na,0.040993,137726,257356,1984,true
set_cover_n100_m63_d0.2_b_w38_seed2.txt,Set Cover,100,RelaxGrouping,5000,false,min,2.000000,0.964111,na,0.115689,334966,628372,4998,true
set_cover_n100_m63_d0.2_b_w38_seed3.txt,Set Cover,100,RelaxGrouping,500,true,min,2.000000,0.086602,0.027152,0.004961,10985,20810,336,true
set_cover_n100_m63_d0.2_b_w38_seed2.txt,Set Cover,100,RelaxGrouping,10000,false,min,2.000000,2.256323,na,0.271925,650706,1224529,9983,true
set_cover_n100_m63_d0.2_b_w38_seed2.txt,Set Cover,100,RelaxGrouping,20000,true,min,3.000000,4.970668,3.038080,0.258199,289760,559645,8455,true
set_cover_n100_m63_d0.2_b_w38_seed3.txt,Set Cover,100,RelaxGrouping,1000,true,min,2.000000,0.159743,0.060518,0.010915,19362,36819,621,true
set_cover_n100_m63_d0.2_b_w38_seed3.txt,Set Cover,100,RelaxGrouping,2000,true,min,2.000000,0.321977,0.148992,0.020297,35925,68524,997,true
set_cover_n100_m63_d0.2_b_w38_seed2.txt,Set Cover,100,RelaxGrouping,20000,false,min,3.000000,5.192872,na,0.595538,1217417,2298149,19973,true
set_cover_n100_m63_d0.2_b_w38_seed3.txt,Set Cover,100,RelaxGrouping,5000,true,min,2.000000,0.897566,0.446112,0.057173,85186,163991,2170,true
set_cover_n100_m63_d0.2_b_w38_seed3.txt,Set Cover,100,RelaxGrouping,500,false,min,2.000000,0.084227,na,0.008215,35224,65776,499,true
set_cover_n100_m63_d0.2_b_w38_seed3.txt,Set Cover,100,RelaxGrouping,10000,true,min,2.000000,2.079273,1.161161,0.123586,166558,322430,4610,true
set_cover_n100_m63_d0.2_b_w38_seed3.txt,Set Cover,100,RelaxGrouping,1000,false,min,2.000000,0.161701,na,0.020711,66977,124864,995,true
set_cover_n100_m63_d0.2_b_w38_seed3.txt,Set Cover,100,RelaxGrouping,2000,false,min,2.000000,0.311783,na,0.039099,130895,244998,1988,true
set_cover_n100_m63_d0.2_b_w38_seed3.txt,Set Cover,100,RelaxGrouping,5000,false,min,2.000000,0.830827,na,0.101350,311955,585503,4989,true
set_cover_n100_m63_d0.2_b_w38_seed3.txt,Set Cover,100,RelaxGrouping,10000,false,min,2.000000,1.802050,na,0.255426,588790,1106983,9977,true
set_cover_n100_m63_d0.2_b_w38_seed4.txt,Set Cover,100,RelaxGrouping,500,true,min,2.000000,0.084703,0.027240,0.006346,9169,17505,219,true
set_cover_n100_m63_d0.2_b_w38_seed3.txt,Set Cover,100,RelaxGrouping,20000,true,min,2.000000,4.344665,2.618553,0.284687,332254,645620,9811,true
set_cover_n100_m63_d0.2_b_w38_seed4.txt,Set Cover,100,RelaxGrouping,1000,true,min,2.000000,0.166245,0.061379,0.008986,17592,33709,405,true
set_cover_n100_m63_d0.2_b_w38_seed4.txt,Set Cover,100,RelaxGrouping,2000,true,min,2.000000,0.323809,0.143687,0.016549,29453,56689,685,true
set_cover_n100_m63_d0.2_b_w38_seed3.txt,Set Cover,100,RelaxGrouping,20000,false,min,2.000000,4.705084,na,0.503590,1113529,2096717,19954,true
set_cover_n100_m63_d0.2_b_w38_seed4.txt,Set Cover,100,RelaxGrouping,5000,true,min,2.000000,0.855427,0.432017,0.053889,78708,152039,1962,true
set_cover_n100_m63_d0.2_b_w38_seed4.txt,Set Cover,100,RelaxGrouping,500,false,min,2.000000,0.084460,na,0.009340,33409,62256,498,true
set_cover_n100_m63_d0.2_b_w38_seed4.txt,Set Cover,100,RelaxGrouping,1000,false,min,2.000000,0.167019,na,0.016560,66130,123384,990,true
set_cover_n100_m63_d0.2_b_w38_seed4.txt,Set Cover,100,RelaxGrouping,10000,true,min,2.000000,1.967925,1.034453,0.119096,149948,290513,3682,true
set_cover_n100_m63_d0.2_b_w38_seed4.txt,Set Cover,100,RelaxGrouping,2000,false,min,2.000000,0.319617,na,0.036574,127052,238226,1996,true
set_cover_n100_m63_d0.2_b_w38_seed4.txt,Set Cover,100,RelaxGrouping,5000,false,min,2.000000,0.864710,na,0.106287,313884,588517,4991,true
set_cover_n100_m63_d0.2_b_w38_seed4.txt,Set Cover,100,RelaxGrouping,20000,true,min,2.000000,4.436017,2.771744,0.249397,283116,551664,7026,true
set_cover_n100_m63_d0.3_b_w38_seed1.txt,Set Cover,100,RelaxGrouping,500,true,min,2.000000,0.073130,0.030141,0.007481,13273,25961,238,true
set_cover_n100_m63_d0.2_b_w38_seed4.txt,Set Cover,100,RelaxGrouping,10000,false,min,2.000000,2.005059,na,0.256717,588691,1108753,9983,true
set_cover_n100_m63_d0.3_b_w38_seed1.txt,Set Cover,100,RelaxGrouping,1000,true,min,2.000000,0.129172,0.054375,0.011686,24626,48300,495,true
set_cover_n100_m63_d0.3_b_w38_seed1.txt,Set Cover,100,RelaxGrouping,2000,true,min,2.000000,0.240094,0.128113,0.028854,56578,111327,1186,true
set_cover_n100_m63_d0.2_b_w38_seed4.txt,Set Cover,100,RelaxGrouping,20000,false,min,2.000000,4.557684,na,0.530466,1111220,2102079,19971,true
set_cover_n100_m63_d0.3_b_w38_seed1.txt,Set Cover,100,RelaxGrouping,5000,true,min,2.000000,0.549152,0.367301,0.077206,135697,267651,3184,true
set_cover_n100_m63_d0.3_b_w38_seed1.txt,Set Cover,100,RelaxGrouping,500,false,min,2.000000,0.074563,na,0.011567,36181,69439,496,true
set_cover_n100_m63_d0.3_b_w38_seed1.txt,Set Cover,100,RelaxGrouping,10000,true,min,2.000000,1.020927,0.729000,0.148098,250740,495958,6173,true
set_cover_n100_m63_d0.3_b_w38_seed1.txt,Set Cover,100,RelaxGrouping,1000,false,min,2.000000,0.133498,na,0.018888,69536,133847,994,true
set_cover_n100_m63_d0.3_b_w38_seed1.txt,Set Cover,100,RelaxGrouping,2000,false,min,2.000000,0.245405,na,0.032004,131556,253775,1996,true
set_cover_n100_m63_d0.3_b_w38_seed1.txt,Set Cover,100,RelaxGrouping,20000,true,min,3.000000,1.544994,1.217447,0.218960,413885,819920,11526,true
set_cover_n100_m63_d0.3_b_w38_seed1.txt,Set Cover,100,RelaxGrouping,5000,false,min,2.000000,0.527966,na,0.080451,280081,541752,4992,true
set_cover_n100_m63_d0.3_b_w38_seed2.txt,Set Cover,100,RelaxGrouping,500,true,min,2.000000,0.066115,0.024564,0.006655,13262,25791,356,true
set_cover_n100_m63_d0.3_b_w38_seed1.txt,Set Cover,100,RelaxGrouping,10000,false,min,2.000000,1.052954,na,0.148974,465790,902404,9956,true
set_cover_n100_m63_d0.3_b_w38_seed2.txt,Set Cover,100,RelaxGrouping,1000,true,min,2.000000,0.136282,0.060422,0.014759,27489,53835,638,true
set_cover_n100_m63_d0.3_b_w38_seed2.txt,Set Cover,100,RelaxGrouping,2000,true,min,2.000000,0.248178,0.136951,0.027988,50568,99294,1165,true
set_cover_n100_m63_d0.3_b_w38_seed1.txt,Set Cover,100,RelaxGrouping,20000,false,min,3.000000,1.616590,na,0.227478,721482,1395696,19963,true
set_cover_n100_m63_d0.3_b_w38_seed2.txt,Set Cover,100,RelaxGrouping,5000,true,min,2.000000,0.559068,0.325345,0.073912,136799,270367,3056,true
set_cover_n100_m63_d0.3_b_w38_seed2.txt,Set Cover,100,RelaxGrouping,500,false,min,2.000000,0.073007,na,0.010435,35663,68641,500,true
set_cover_n100_m63_d0.3_b_w38_seed2.txt,Set Cover,100,RelaxGrouping,1000,false,min,2.000000,0.126469,na,0.018176,68513,132558,991,true
set_cover_n100_m63_d0.3_b_w38_seed2.txt,Set Cover,100,RelaxGrouping,10000,true,min,2.000000,1.072056,0.795260,0.159547,264770,524822,5879,true
set_cover_n100_m63_d0.3_b_w38_seed2.txt,Set Cover,100,RelaxGrouping,2000,false,min,2.000000,0.239839,na,0.034161,127730,247953,1997,true
set_cover_n100_m63_d0.3_b_w38_seed2.txt,Set Cover,100,RelaxGrouping,5000,false,min,2.000000,0.556926,na,0.081773,285694,555947,4992,true
set_cover_n100_m63_d0.3_b_w38_seed2.txt,Set Cover,100,RelaxGrouping,20000,true,min,3.000000,1.743697,1.448159,0.263357,489099,969906,13274,true
set_cover_n100_m63_d0.3_b_w38_seed3.txt,Set Cover,100,RelaxGrouping,500,true,min,2.000000,0.067265,0.026369,0.006962,12541,24547,279,true
set_cover_n100_m63_d0.3_b_w38_seed3.txt,Set Cover,100,RelaxGrouping,1000,true,min,2.000000,0.129759,0.056395,0.012631,24796,48743,570,true
set_cover_n100_m63_d0.3_b_w38_seed2.txt,Set Cover,100,RelaxGrouping,10000,false,min,2.000000,1.073089,na,0.168981,502017,977389,9993,true
set_cover_n100_m63_d0.3_b_w38_seed2.txt,Set Cover,100,RelaxGrouping,20000,false,min,3.000000,1.793270,na,0.286645,822444,1599068,19918,true
set_cover_n100_m63_d0.3_b_w38_seed3.txt,Set Cover,100,RelaxGrouping,2000,true,min,2.000000,0.248030,0.125207,0.026083,50954,100359,1237,true
set_cover_n100_m63_d0.3_b_w38_seed3.txt,Set Cover,100,RelaxGrouping,5000,true,min,2.000000,0.553982,0.356788,0.069899,124672,246645,2750,true
set_cover_n100_m63_d0.3_b_w38_seed3.txt,Set Cover,100,RelaxGrouping,10000,true,min,2.000000,1.047678,0.675057,0.131923,229719,455060,5852,true
set_cover_n100_m63_d0.3_b_w38_seed3.txt,Set Cover,100,RelaxGrouping,500,false,min,2.000000,0.064288,na,0.008488,34600,66656,498,true
set_cover_n100_m63_d0.3_b_w38_seed3.txt,Set Cover,100,RelaxGrouping,20000,true,min,3.000000,1.572509,1.154432,0.216891,417077,826142,13990,true
set_cover_n100_m63_d0.3_b_w38_seed3.txt,Set Cover,100,RelaxGrouping,1000,false,min,2.000000,0.124002,na,0.018681,65289,126289,995,true
set_cover_n100_m63_d0.3_b_w38_seed3.txt,Set Cover,100,RelaxGrouping,2000,false,min,2.000000,0.225259,na,0.030986,122752,237817,1993,true
set_cover_n100_m63_d0.3_b_w38_seed3.txt,Set Cover,100,RelaxGrouping,5000,false,min,2.000000,0.515576,na,0.076723,261378,507204,4990,true
set_cover_n100_m63_d0.3_b_w38_seed3.txt,Set Cover,100,RelaxGrouping,10000,false,min,2.000000,0.933081,na,0.134496,442515,857715,9995,true
set_cover_n100_m63_d0.3_b_w38_seed4.txt,Set Cover,100,RelaxGrouping,500,true,min,2.000000,0.069763,0.026166,0.005707,13150,25535,346,true
set_cover_n100_m63_d0.3_b_w38_seed4.txt,Set Cover,100,RelaxGrouping,1000,true,min,2.000000,0.131878,0.057739,0.012721,25279,49329,669,true
set_cover_n100_m63_d0.3_b_w38_seed4.txt,Set Cover,100,RelaxGrouping,2000,true,min,2.000000,0.226507,0.121233,0.026932,48044,94236,1135,true
set_cover_n100_m63_d0.3_b_w38_seed3.txt,Set Cover,100,RelaxGrouping,20000,false,min,3.000000,1.383460,na,0.220786,695663,1343865,19995,true
set_cover_n100_m63_d0.3_b_w38_seed4.txt,Set Cover,100,RelaxGrouping,5000,true,min,2.000000,0.543065,0.314683,0.070387,124445,245484,2790,true
set_cover_n100_m63_d0.3_b_w38_seed4.txt,Set Cover,100,RelaxGrouping,500,false,min,2.000000,0.067366,na,0.009172,34966,67370,498,true
set_cover_n100_m63_d0.3_b_w38_seed4.txt,Set Cover,100,RelaxGrouping,10000,true,min,2.000000,0.963362,0.762118,0.137497,235113,465684,5857,true
set_cover_n100_m63_d0.3_b_w38_seed4.txt,Set Cover,100,RelaxGrouping,1000,false,min,2.000000,0.126740,na,0.020711,66782,129040,998,true
set_cover_n100_m63_d0.3_b_w38_seed4.txt,Set Cover,100,RelaxGrouping,2000,false,min,2.000000,0.229704,na,0.033772,122583,238013,1993,true
set_cover_n100_m63_d0.3_b_w38_seed4.txt,Set Cover,100,RelaxGrouping,20000,true,min,2.000000,1.765284,1.503058,0.224351,395880,785653,11039,true
set_cover_n100_m63_d0.3_b_w38_seed4.txt,Set Cover,100,RelaxGrouping,5000,false,min,2.000000,0.512538,na,0.075672,268128,521184,4986,true
set_cover_n100_m63_d0.4_b_w38_seed1.txt,Set Cover,100,RelaxGrouping,500,true,min,2.000000,0.027681,0.006978,0.005088,20657,40949,363,true
set_cover_n100_m63_d0.4_b_w38_seed1.txt,Set Cover,100,RelaxGrouping,1000,true,min,2.000000,0.027423,0.007011,0.005963,20657,40949,363,true
set_cover_n100_m63_d0.3_b_w38_seed4.txt,Set Cover,100,RelaxGrouping,10000,false,min,2.000000,0.930481,na,0.151748,465460,906212,9997,true
set_cover_n100_m63_d0.3_b_w38_seed4.txt,Set Cover,100,RelaxGrouping,20000,false,min,2.000000,1.637313,na,0.278223,768364,1494224,19919,true
set_cover_n100_m63_d0.4_b_w38_seed1.txt,Set Cover,100,RelaxGrouping,2000,true,min,2.000000,0.025928,0.007514,0.004952,20657,40949,363,true
set_cover_n100_m63_d0.4_b_w38_seed1.txt,Set Cover,100,RelaxGrouping,5000,true,min,2.000000,0.025858,0.008395,0.004844,20657,40949,363,true
set_cover_n100_m63_d0.4_b_w38_seed1.txt,Set Cover,100,RelaxGrouping,10000,true,min,2.000000,0.026096,0.008468,0.004763,20657,40949,363,true
set_cover_n100_m63_d0.4_b_w38_seed1.txt,Set Cover,100,RelaxGrouping,20000,true,min,2.000000,0.026285,0.009048,0.004879,20657,40949,363,true
set_cover_n100_m63_d0.4_b_w38_seed1.txt,Set Cover,100,RelaxGrouping,500,false,min,2.000000,0.025181,na,0.003557,20657,40949,363,true
set_cover_n100_m63_d0.4_b_w38_seed1.txt,Set Cover,100,RelaxGrouping,1000,false,min,2.000000,0.026395,na,0.004907,20657,40949,363,true
set_cover_n100_m63_d0.4_b_w38_seed1.txt,Set Cover,100,RelaxGrouping,2000,false,min,2.000000,0.026241,na,0.004731,20657,40949,363,true
set_cover_n100_m63_d0.4_b_w38_seed1.txt,Set Cover,100,RelaxGrouping,5000,false,min,2.000000,0.027942,na,0.004672,20657,40949,363,true
set_cover_n100_m63_d0.4_b_w38_seed1.txt,Set Cover,100,RelaxGrouping,10000,false,min,2.000000,0.027567,na,0.006835,20657,40949,363,true
set_cover_n100_m63_d0.4_b_w38_seed1.txt,Set Cover,100,RelaxGrouping,20000,false,min,2.000000,0.026583,na,0.005249,20657,40949,363,true
set_cover_n100_m63_d0.4_b_w38_seed2.txt,Set Cover,100,RelaxGrouping,500,true,min,2.000000,0.026768,0.007048,0.005388,20657,40949,363,true
set_cover_n100_m63_d0.4_b_w38_seed2.txt,Set Cover,100,RelaxGrouping,1000,true,min,2.000000,0.026220,0.007966,0.006254,20657,40949,363,true
set_cover_n100_m63_d0.4_b_w38_seed2.txt,Set Cover,100,RelaxGrouping,2000,true,min,2.000000,0.027552,0.007592,0.005250,20657,40949,363,true
set_cover_n100_m63_d0.4_b_w38_seed2.txt,Set Cover,100,RelaxGrouping,5000,true,min,2.000000,0.027661,0.008501,0.005552,20657,40949,363,true
set_cover_n100_m63_d0.4_b_w38_seed2.txt,Set Cover,100,RelaxGrouping,10000,true,min,2.000000,0.027413,0.009492,0.005285,20657,40949,363,true
set_cover_n100_m63_d0.4_b_w38_seed2.txt,Set Cover,100,RelaxGrouping,20000,true,min,2.000000,0.026490,0.009976,0.005779,20657,40949,363,true
set_cover_n100_m63_d0.4_b_w38_seed2.txt,Set Cover,100,RelaxGrouping,500,false,min,2.000000,0.025956,na,0.009141,20657,40949,363,true
set_cover_n100_m63_d0.4_b_w38_seed2.txt,Set Cover,100,RelaxGrouping,2000,false,min,2.000000,0.025890,na,0.005808,20657,40949,363,true
set_cover_n100_m63_d0.4_b_w38_seed2.txt,Set Cover,100,RelaxGrouping,1000,false,min,2.000000,0.027167,na,0.006358,20657,40949,363,true
set_cover_n100_m63_d0.4_b_w38_seed2.txt,Set Cover,100,RelaxGrouping,5000,false,min,2.000000,0.026990,na,0.005240,20657,40949,363,true
set_cover_n100_m63_d0.4_b_w38_seed2.txt,Set Cover,100,RelaxGrouping,10000,false,min,2.000000,0.027045,na,0.005568,20657,40949,363,true
set_cover_n100_m63_d0.4_b_w38_seed2.txt,Set Cover,100,RelaxGrouping,20000,false,min,2.000000,0.027557,na,0.006175,20657,40949,363,true
set_cover_n100_m63_d0.4_b_w38_seed3.txt,Set Cover,100,RelaxGrouping,500,true,min,2.000000,0.026247,0.008046,0.005368,20657,40949,363,true
set_cover_n100_m63_d0.4_b_w38_seed3.txt,Set Cover,100,RelaxGrouping,1000,true,min,2.000000,0.027753,0.008529,0.005320,20657,40949,363,true
set_cover_n100_m63_d0.4_b_w38_seed3.txt,Set Cover,100,RelaxGrouping,2000,true,min,2.000000,0.026834,0.007098,0.004569,20657,40949,363,true
set_cover_n100_m63_d0.4_b_w38_seed3.txt,Set Cover,100,RelaxGrouping,5000,true,min,2.000000,0.025762,0.007122,0.004849,20657,40949,363,true
set_cover_n100_m63_d0.4_b_w38_seed3.txt,Set Cover,100,RelaxGrouping,500,false,min,2.000000,0.028221,na,0.005498,20657,40949,363,true
set_cover_n100_m63_d0.4_b_w38_seed3.txt,Set Cover,100,RelaxGrouping,10000,true,min,2.000000,0.027417,0.007982,0.006445,20657,40949,363,true
set_cover_n100_m63_d0.4_b_w38_seed3.txt,Set Cover,100,RelaxGrouping,20000,true,min,2.000000,0.028201,0.008880,0.006888,20657,40949,363,true
set_cover_n100_m63_d0.4_b_w38_seed3.txt,Set Cover,100,RelaxGrouping,1000,false,min,2.000000,0.024964,na,0.005663,20657,40949,363,true
set_cover_n100_m63_d0.4_b_w38_seed3.txt,Set Cover,100,RelaxGrouping,2000,false,min,2.000000,0.025431,na,0.006649,20657,40949,363,true
set_cover_n100_m63_d0.4_b_w38_seed3.txt,Set Cover,100,RelaxGrouping,5000,false,min,2.000000,0.028253,na,0.009202,20657,40949,363,true
set_cover_n100_m63_d0.4_b_w38_seed3.txt,Set Cover,100,RelaxGrouping,10000,false,min,2.000000,0.027364,na,0.011275,20657,40949,363,true
set_cover_n100_m63_d0.4_b_w38_seed3.txt,Set Cover,100,RelaxGrouping,20000,false,min,2.000000,0.027187,na,0.009217,20657,40949,363,true
set_cover_n100_m63_d0.4_b_w38_seed4.txt,Set Cover,100,RelaxGrouping,500,true,min,2.000000,0.026637,0.008095,0.004708,20657,40949,363,true
set_cover_n100_m63_d0.4_b_w38_seed4.txt,Set Cover,100,RelaxGrouping,1000,true,min,2.000000,0.027760,0.008111,0.004642,20657,40949,363,true
set_cover_n100_m63_d0.4_b_w38_seed4.txt,Set Cover,100,RelaxGrouping,2000,true,min,2.000000,0.028093,0.009357,0.006485,20657,40949,363,true
set_cover_n100_m63_d0.4_b_w38_seed4.txt,Set Cover,100,RelaxGrouping,5000,true,min,2.000000,0.028039,0.009541,0.006715,20657,40949,363,true
set_cover_n100_m63_d0.4_b_w38_seed4.txt,Set Cover,100,RelaxGrouping,10000,true,min,2.000000,0.027667,0.009634,0.009941,20657,40949,363,true
set_cover_n100_m63_d0.4_b_w38_seed4.txt,Set Cover,100,RelaxGrouping,500,false,min,2.000000,0.025473,na,0.003971,20657,40949,363,true
set_cover_n100_m63_d0.4_b_w38_seed4.txt,Set Cover,100,RelaxGrouping,20000,true,min,2.000000,0.026559,0.006323,0.004156,20657,40949,363,true
set_cover_n100_m63_d0.4_b_w38_seed4.txt,Set Cover,100,RelaxGrouping,1000,false,min,2.000000,0.026602,na,0.004625,20657,40949,363,true
set_cover_n100_m63_d0.4_b_w38_seed4.txt,Set Cover,100,RelaxGrouping,2000,false,min,2.000000,0.026394,na,0.007377,20657,40949,363,true
set_cover_n100_m63_d0.4_b_w38_seed4.txt,Set Cover,100,RelaxGrouping,5000,false,min,2.000000,0.026166,na,0.009702,20657,40949,363,true
set_cover_n100_m63_d0.4_b_w38_seed4.txt,Set Cover,100,RelaxGrouping,10000,false,min,2.000000,0.025979,na,0.005345,20657,40949,363,true
set_cover_n100_m63_d0.4_b_w38_seed4.txt,Set Cover,100,RelaxGrouping,20000,false,min,2.000000,0.025817,na,0.005209,20657,40949,363,true
set_cover_n100_m63_d0.05_b_w38_seed1.txt,Set Cover,100,RelaxGrouping,500,true,min,3.000000,0.060142,0.018596,0.005347,11299,19161,415,true
set_cover_n100_m63_d0.05_b_w38_seed1.txt,Set Cover,100,RelaxGrouping,1000,true,min,3.000000,0.124769,0.042066,0.007408,21350,35705,788,true
set_cover_n100_m63_d0.05_b_w38_seed1.txt,Set Cover,100,RelaxGrouping,2000,true,min,3.000000,0.254403,0.103477,0.016925,33146,55886,1330,true
set_cover_n100_m63_d0.05_b_w38_seed1.txt,Set Cover,100,RelaxGrouping,5000,true,min,4.000000,0.682975,0.307259,0.045463,80946,134985,2687,true
set_cover_n100_m63_d0.05_b_w38_seed1.txt,Set Cover,100,RelaxGrouping,500,false,min,3.000000,0.065830,na,0.010398,28379,47984,498,true
set_cover_n100_m63_d0.05_b_w38_seed1.txt,Set Cover,100,RelaxGrouping,1000,false,min,3.000000,0.128021,na,0.016864,54440,91718,980,true
set_cover_n100_m63_d0.05_b_w38_seed1.txt,Set Cover,100,RelaxGrouping,10000,true,min,4.000000,1.645267,0.845429,0.081813,142908,236835,5684,true
set_cover_n100_m63_d0.05_b_w38_seed1.txt,Set Cover,100,RelaxGrouping,2000,false,min,3.000000,0.249650,na,0.026446,105969,179816,1983,true
set_cover_n100_m63_d0.05_b_w38_seed1.txt,Set Cover,100,RelaxGrouping,5000,false,min,4.000000,0.676708,na,0.081367,250542,418917,4947,true
set_cover_n100_m63_d0.05_b_w38_seed1.txt,Set Cover,100,RelaxGrouping,10000,false,min,4.000000,1.611162,na,0.190283,487850,822793,9959,true
set_cover_n100_m63_d0.5_b_w38_seed1.txt,Set Cover,100,RelaxGrouping,500,true,min,2.000000,0.027836,0.008853,0.005938,20657,40949,363,true
set_cover_n100_m63_d0.5_b_w38_seed1.txt,Set Cover,100,RelaxGrouping,1000,true,min,2.000000,0.025973,0.007328,0.004465,20657,40949,363,true
set_cover_n100_m63_d0.05_b_w38_seed1.txt,Set Cover,100,RelaxGrouping,20000,true,min,4.000000,4.012916,2.051191,0.195255,260306,432924,9812,true
set_cover_n100_m63_d0.5_b_w38_seed1.txt,Set Cover,100,RelaxGrouping,2000,true,min,2.000000,0.028517,0.009663,0.006203,20657,40949,363,true
set_cover_n100_m63_d0.5_b_w38_seed1.txt,Set Cover,100,RelaxGrouping,5000,true,min,2.000000,0.028976,0.009790,0.005421,20657,40949,363,true
set_cover_n100_m63_d0.5_b_w38_seed1.txt,Set Cover,100,RelaxGrouping,10000,true,min,2.000000,0.026327,0.007735,0.004418,20657,40949,363,true
set_cover_n100_m63_d0.05_b_w38_seed1.txt,Set Cover,100,RelaxGrouping,20000,false,min,4.000000,4.227033,na,0.435575,940716,1581273,19954,true
set_cover_n100_m63_d0.5_b_w38_seed1.txt,Set Cover,100,RelaxGrouping,500,false,min,2.000000,0.026885,na,0.005867,20657,40949,363,true
set_cover_n100_m63_d0.5_b_w38_seed1.txt,Set Cover,100,RelaxGrouping,1000,false,min,2.000000,0.028280,na,0.006624,20657,40949,363,true
set_cover_n100_m63_d0.5_b_w38_seed1.txt,Set Cover,100,RelaxGrouping,20000,true,min,2.000000,0.028182,0.009519,0.007599,20657,40949,363,true
set_cover_n100_m63_d0.5_b_w38_seed1.txt,Set Cover,100,RelaxGrouping,2000,false,min,2.000000,0.026276,na,0.006206,20657,40949,363,true
set_cover_n100_m63_d0.5_b_w38_seed1.txt,Set Cover,100,RelaxGrouping,5000,false,min,2.000000,0.027774,na,0.005301,20657,40949,363,true
set_cover_n100_m63_d0.5_b_w38_seed1.txt,Set Cover,100,RelaxGrouping,10000,false,min,2.000000,0.027940,na,0.006645,20657,40949,363,true
set_cover_n100_m63_d0.5_b_w38_seed1.txt,Set Cover,100,RelaxGrouping,20000,false,min,2.000000,0.028151,na,0.008333,20657,40949,363,true
set_cover_n100_m63_d0.05_b_w38_seed2.txt,Set Cover,100,RelaxGrouping,500,true,min,2.000000,0.060368,0.019879,0.006315,13439,22489,461,true
set_cover_n100_m63_d0.05_b_w38_seed2.txt,Set Cover,100,RelaxGrouping,1000,true,min,3.000000,0.114629,0.042204,0.008801,21138,35204,658,true
set_cover_n100_m63_d0.05_b_w38_seed2.txt,Set Cover,100,RelaxGrouping,2000,true,min,3.000000,0.241224,0.102597,0.019236,41612,68627,1592,true
set_cover_n100_m63_d0.05_b_w38_seed2.txt,Set Cover,100,RelaxGrouping,5000,true,min,3.000000,0.673974,0.283681,0.045861,87646,144115,2915,true
set_cover_n100_m63_d0.05_b_w38_seed2.txt,Set Cover,100,RelaxGrouping,500,false,min,2.000000,0.062886,na,0.009258,29527,49146,498,true
set_cover_n100_m63_d0.05_b_w38_seed2.txt,Set Cover,100,RelaxGrouping,1000,false,min,3.000000,0.120894,na,0.012494,54834,90732,997,true
set_cover_n100_m63_d0.05_b_w38_seed2.txt,Set Cover,100,RelaxGrouping,10000,true,min,4.000000,1.525001,0.736982,0.080310,141760,235274,4446,true
set_cover_n100_m63_d0.05_b_w38_seed2.txt,Set Cover,100,RelaxGrouping,2000,false,min,3.000000,0.243407,na,0.029034,106192,176966,1992,true
set_cover_n100_m63_d0.05_b_w38_seed2.txt,Set Cover,100,RelaxGrouping,5000,false,min,3.000000,0.629071,na,0.077309,242867,405091,4985,true
set_cover_n100_m63_d0.5_b_w38_seed2.txt,Set Cover,100,RelaxGrouping,500,true,min,2.000000,0.028049,0.009496,0.005744,20657,40949,363,true
set_cover_n100_m63_d0.5_b_w38_seed2.txt,Set Cover,100,RelaxGrouping,1000,true,min,2.000000,0.027783,0.009422,0.005530,20657,40949,363,true
set_cover_n100_m63_d0.05_b_w38_seed2.txt,Set Cover,100,RelaxGrouping,20000,true,min,4.000000,3.723244,1.859859,0.172466,246596,407241,9086,true
set_cover_n100_m63_d0.05_b_w38_seed2.txt,Set Cover,100,RelaxGrouping,10000,false,min,4.000000,1.576238,na,0.176613,451415,755480,9935,true
set_cover_n100_m63_d0.5_b_w38_seed2.txt,Set Cover,100,RelaxGrouping,5000,true,min,2.000000,0.026806,0.005801,0.004087,20657,40949,363,true
set_cover_n100_m63_d0.5_b_w38_seed2.txt,Set Cover,100,RelaxGrouping,2000,true,min,2.000000,0.025407,0.005803,0.004360,20657,40949,363,true
set_cover_n100_m63_d0.05_b_w38_seed2.txt,Set Cover,100,RelaxGrouping,20000,false,min,4.000000,3.585997,na,0.369258,861629,1449980,19986,true
set_cover_n100_m63_d0.5_b_w38_seed2.txt,Set Cover,100,RelaxGrouping,10000,true,min,2.000000,0.027430,0.007536,0.004771,20657,40949,363,true
set_cover_n100_m63_d0.5_b_w38_seed2.txt,Set Cover,100,RelaxGrouping,20000,true,min,2.000000,0.027890,0.007690,0.004951,20657,40949,363,true
set_cover_n100_m63_d0.5_b_w38_seed2.txt,Set Cover,100,RelaxGrouping,500,false,min,2.000000,0.024989,na,0.004192,20657,40949,363,true
set_cover_n100_m63_d0.5_b_w38_seed2.txt,Set Cover,100,RelaxGrouping,1000,false,min,2.000000,0.026199,na,0.004273,20657,40949,363,true
set_cover_n100_m63_d0.5_b_w38_seed2.txt,Set Cover,100,RelaxGrouping,2000,false,min,2.000000,0.027845,na,0.004190,20657,40949,363,true
set_cover_n100_m63_d0.5_b_w38_seed2.txt,Set Cover,100,RelaxGrouping,5000,false,min,2.000000,0.027655,na,0.005737,20657,40949,363,true
set_cover_n100_m63_d0.5_b_w38_seed2.txt,Set Cover,100,RelaxGrouping,10000,false,min,2.000000,0.027790,na,0.006634,20657,40949,363,true
set_cover_n100_m63_d0.5_b_w38_seed2.txt,Set Cover,100,RelaxGrouping,20000,false,min,2.000000,0.025999,na,0.005160,20657,40949,363,true
set_cover_n100_m63_d0.05_b_w38_seed3.txt,Set Cover,100,RelaxGrouping,500,true,min,3.000000,0.054382,0.013857,0.003833,9635,15995,257,true
set_cover_n100_m63_d0.05_b_w38_seed3.txt,Set Cover,100,RelaxGrouping,1000,true,min,3.000000,0.109383,0.040508,0.007707,18944,31350,517,true
set_cover_n100_m63_d0.05_b_w38_seed3.txt,Set Cover,100,RelaxGrouping,2000,true,min,4.000000,0.224022,0.094502,0.017361,35060,58352,1022,true
set_cover_n100_m63_d0.05_b_w38_seed3.txt,Set Cover,100,RelaxGrouping,5000,true,min,4.000000,0.579433,0.223842,0.027232,58226,98591,1458,true
set_cover_n100_m63_d0.05_b_w38_seed3.txt,Set Cover,100,RelaxGrouping,500,false,min,3.000000,0.056243,na,0.008134,25711,42993,500,true
set_cover_n100_m63_d0.05_b_w38_seed3.txt,Set Cover,100,RelaxGrouping,1000,false,min,3.000000,0.116506,na,0.015661,51133,85333,996,true
set_cover_n100_m63_d0.05_b_w38_seed3.txt,Set Cover,100,RelaxGrouping,10000,true,min,4.000000,1.290805,0.625041,0.095515,144071,242324,4355,true
set_cover_n100_m63_d0.05_b_w38_seed3.txt,Set Cover,100,RelaxGrouping,2000,false,min,4.000000,0.232916,na,0.026230,99473,165886,1977,true
set_cover_n100_m63_d0.05_b_w38_seed3.txt,Set Cover,100,RelaxGrouping,5000,false,min,4.000000,0.617685,na,0.068033,213188,360866,4972,true
set_cover_n100_m63_d0.5_b_w38_seed3.txt,Set Cover,100,RelaxGrouping,500,true,min,2.000000,0.025961,0.007423,0.004771,20657,40949,363,true
set_cover_n100_m63_d0.05_b_w38_seed3.txt,Set Cover,100,RelaxGrouping,20000,true,min,4.000000,2.928806,1.672307,0.162384,227617,381339,8843,true
set_cover_n100_m63_d0.05_b_w38_seed3.txt,Set Cover,100,RelaxGrouping,10000,false,min,4.000000,1.495387,na,0.163553,446098,747695,9969,true
set_cover_n100_m63_d0.5_b_w38_seed3.txt,Set Cover,100,RelaxGrouping,1000,true,min,2.000000,0.026220,0.008001,0.007295,20657,40949,363,true
set_cover_n100_m63_d0.5_b_w38_seed3.txt,Set Cover,100,RelaxGrouping,2000,true,min,2.000000,0.024725,0.005467,0.003759,20657,40949,363,true
set_cover_n100_m63_d0.5_b_w38_seed3.txt,Set Cover,100,RelaxGrouping,5000,true,min,2.000000,0.025377,0.006131,0.003698,20657,40949,363,true
set_cover_n100_m63_d0.5_b_w38_seed3.txt,Set Cover,100,RelaxGrouping,10000,true,min,2.000000,0.025308,0.006178,0.005274,20657,40949,363,true
set_cover_n100_m63_d0.5_b_w38_seed3.txt,Set Cover,100,RelaxGrouping,20000,true,min,2.000000,0.025249,0.006168,0.003863,20657,40949,363,true
set_cover_n100_m63_d0.05_b_w38_seed3.txt,Set Cover,100,RelaxGrouping,20000,false,min,4.000000,3.129751,na,0.328849,814328,1373161,19922,true
set_cover_n100_m63_d0.5_b_w38_seed3.txt,Set Cover,100,RelaxGrouping,500,false,min,2.000000,0.027156,na,0.004865,20657,40949,363,true
set_cover_n100_m63_d0.5_b_w38_seed3.txt,Set Cover,100,RelaxGrouping,1000,false,min,2.000000,0.027525,na,0.005837,20657,40949,363,true
set_cover_n100_m63_d0.5_b_w38_seed3.txt,Set Cover,100,RelaxGrouping,5000,false,min,2.000000,0.027903,na,0.006128,20657,40949,363,true
set_cover_n100_m63_d0.5_b_w38_seed3.txt,Set Cover,100,RelaxGrouping,2000,false,min,2.000000,0.027584,na,0.009376,20657,40949,363,true
set_cover_n100_m63_d0.5_b_w38_seed3.txt,Set Cover,100,RelaxGrouping,10000,false,min,2.000000,0.027595,na,0.005097,20657,40949,363,true
set_cover_n100_m63_d0.5_b_w38_seed3.txt,Set Cover,100,RelaxGrouping,20000,false,min,2.000000,0.027458,na,0.005482,20657,40949,363,true
set_cover_n100_m63_d0.05_b_w38_seed4.txt,Set Cover,100,RelaxGrouping,500,true,min,2.000000,0.054913,0.018557,0.006668,11050,18315,459,true
set_cover_n100_m63_d0.05_b_w38_seed4.txt,Set Cover,100,RelaxGrouping,1000,true,min,2.000000,0.114666,0.041568,0.008122,19952,32921,872,true
set_cover_n100_m63_d0.05_b_w38_seed4.txt,Set Cover,100,RelaxGrouping,2000,true,min,3.000000,0.233593,0.088719,0.016486,38019,62550,1647,true
set_cover_n100_m63_d0.05_b_w38_seed4.txt,Set Cover,100,RelaxGrouping,5000,true,min,3.000000,0.611898,0.264521,0.048614,92963,151884,4325,true
set_cover_n100_m63_d0.05_b_w38_seed4.txt,Set Cover,100,RelaxGrouping,500,false,min,2.000000,0.058646,na,0.008604,26238,43684,497,true
set_cover_n100_m63_d0.05_b_w38_seed4.txt,Set Cover,100,RelaxGrouping,1000,false,min,2.000000,0.111180,na,0.010494,52333,86501,993,true
set_cover_n100_m63_d0.05_b_w38_seed4.txt,Set Cover,100,RelaxGrouping,10000,true,min,4.000000,1.449860,0.645366,0.085470,154015,251911,7627,true
set_cover_n100_m63_d0.05_b_w38_seed4.txt,Set Cover,100,RelaxGrouping,2000,false,min,3.000000,0.226744,na,0.025927,100548,166205,1988,true
set_cover_n100_m63_d0.05_b_w38_seed4.txt,Set Cover,100,RelaxGrouping,5000,false,min,3.000000,0.649789,na,0.080785,244219,401601,4992,true
set_cover_n100_m63_d0.05_b_w38_seed4.txt,Set Cover,100,RelaxGrouping,10000,false,min,4.000000,1.511233,na,0.176360,459900,760419,9946,true
set_cover_n100_m63_d0.5_b_w38_seed4.txt,Set Cover,100,RelaxGrouping,500,true,min,2.000000,0.028801,0.009163,0.005037,20657,40949,363,true
set_cover_n100_m63_d0.5_b_w38_seed4.txt,Set Cover,100,RelaxGrouping,1000,true,min,2.000000,0.026781,0.006267,0.005040,20657,40949,363,true
set_cover_n100_m63_d0.05_b_w38_seed4.txt,Set Cover,100,RelaxGrouping,20000,true,min,4.000000,3.605667,1.825130,0.182746,273341,446634,13847,true
set_cover_n100_m63_d0.5_b_w38_seed4.txt,Set Cover,100,RelaxGrouping,2000,true,min,2.000000,0.027235,0.009592,0.006373,20657,40949,363,true
set_cover_n100_m63_d0.5_b_w38_seed4.txt,Set Cover,100,RelaxGrouping,5000,true,min,2.000000,0.027220,0.009653,0.006023,20657,40949,363,true
set_cover_n100_m63_d0.05_b_w38_seed4.txt,Set Cover,100,RelaxGrouping,20000,false,min,4.000000,3.526862,na,0.397872,883386,1454839,19916,true
set_cover_n100_m63_d0.5_b_w38_seed4.txt,Set Cover,100,RelaxGrouping,10000,true,min,2.000000,0.025365,0.007211,0.006085,20657,40949,363,true
set_cover_n100_m63_d0.5_b_w38_seed4.txt,Set Cover,100,RelaxGrouping,500,false,min,2.000000,0.025989,na,0.004533,20657,40949,363,true
set_cover_n100_m63_d0.5_b_w38_seed4.txt,Set Cover,100,RelaxGrouping,1000,false,min,2.000000,0.026100,na,0.004625,20657,40949,363,true
set_cover_n100_m63_d0.5_b_w38_seed4.txt,Set Cover,100,RelaxGrouping,20000,true,min,2.000000,0.025754,0.006582,0.004580,20657,40949,363,true
set_cover_n100_m63_d0.5_b_w38_seed4.txt,Set Cover,100,RelaxGrouping,2000,false,min,2.000000,0.024834,na,0.003661,20657,40949,363,true
set_cover_n100_m63_d0.5_b_w38_seed4.txt,Set Cover,100,RelaxGrouping,5000,false,min,2.000000,0.026198,na,0.003904,20657,40949,363,true
set_cover_n100_m63_d0.5_b_w38_seed4.txt,Set Cover,100,RelaxGrouping,10000,false,min,2.000000,0.027664,na,0.005431,20657,40949,363,true
set_cover_n100_m63_d0.5_b_w38_seed4.txt,Set Cover,100,RelaxGrouping,20000,false,min,2.000000,0.027868,na,0.005382,20657,40949,363,true
set_cover_n100_m63_d0.15_b_w38_seed1.txt,Set Cover,100,RelaxGrouping,500,true,min,2.000000,0.081422,0.023531,0.003484,9226,17100,212,true
set_cover_n100_m63_d0.15_b_w38_seed1.txt,Set Cover,100,RelaxGrouping,1000,true,min,2.000000,0.159467,0.058853,0.009736,17905,33457,416,true
set_cover_n100_m63_d0.15_b_w38_seed1.txt,Set Cover,100,RelaxGrouping,2000,true,min,2.000000,0.330551,0.146499,0.018206,33353,62640,707,true
set_cover_n100_m63_d0.15_b_w38_seed1.txt,Set Cover,100,RelaxGrouping,500,false,min,2.000000,0.086611,na,0.011130,33043,60205,499,true
set_cover_n100_m63_d0.15_b_w38_seed1.txt,Set Cover,100,RelaxGrouping,1000,false,min,2.000000,0.166129,na,0.019599,64940,118147,996,true
set_cover_n100_m63_d0.15_b_w38_seed1.txt,Set Cover,100,RelaxGrouping,5000,true,min,2.000000,0.988742,0.478667,0.050407,74433,140170,1939,true
set_cover_n100_m63_d0.15_b_w38_seed1.txt,Set Cover,100,RelaxGrouping,2000,false,min,2.000000,0.338694,na,0.037301,126320,230848,1979,true
set_cover_n100_m63_d0.15_b_w38_seed1.txt,Set Cover,100,RelaxGrouping,10000,true,min,3.000000,2.380997,1.142294,0.109633,139910,265324,3546,true
set_cover_n100_m63_d0.15_b_w38_seed1.txt,Set Cover,100,RelaxGrouping,5000,false,min,2.000000,0.975888,na,0.110197,306057,560823,4965,true
set_cover_n100_m63_d0.15_b_w38_seed2.txt,Set Cover,100,RelaxGrouping,500,true,min,2.000000,0.084504,0.023983,0.003904,8695,15997,234,true
set_cover_n100_m63_d0.15_b_w38_seed1.txt,Set Cover,100,RelaxGrouping,10000,false,min,3.000000,2.252095,na,0.242717,592243,1089176,9985,true
set_cover_n100_m63_d0.15_b_w38_seed2.txt,Set Cover,100,RelaxGrouping,1000,true,min,2.000000,0.174173,0.057923,0.008064,14327,26551,381,true
set_cover_n100_m63_d0.15_b_w38_seed2.txt,Set Cover,100,RelaxGrouping,2000,true,min,2.000000,0.373209,0.158936,0.017467,28626,53404,1044,true
set_cover_n100_m63_d0.15_b_w38_seed1.txt,Set Cover,100,RelaxGrouping,20000,true,min,3.000000,5.503142,2.980824,0.236077,266660,507741,6530,true
set_cover_n100_m63_d0.15_b_w38_seed2.txt,Set Cover,100,RelaxGrouping,5000,true,min,2.000000,1.015698,0.462157,0.045346,65860,123262,2512,true
set_cover_n100_m63_d0.15_b_w38_seed2.txt,Set Cover,100,RelaxGrouping,500,false,min,2.000000,0.085990,na,0.011309,34507,63272,497,true
set_cover_n100_m63_d0.15_b_w38_seed1.txt,Set Cover,100,RelaxGrouping,20000,false,min,3.000000,5.681673,na,0.584226,1158015,2133375,19966,true
set_cover_n100_m63_d0.15_b_w38_seed2.txt,Set Cover,100,RelaxGrouping,1000,false,min,2.000000,0.169233,na,0.017666,67800,124118,994,true
set_cover_n100_m63_d0.15_b_w38_seed2.txt,Set Cover,100,RelaxGrouping,10000,true,min,2.000000,2.376544,1.182760,0.079740,109604,206488,4830,true
set_cover_n100_m63_d0.15_b_w38_seed2.txt,Set Cover,100,RelaxGrouping,2000,false,min,2.000000,0.355756,na,0.036833,134862,247599,1986,true
set_cover_n100_m63_d0.15_b_w38_seed2.txt,Set Cover,100,RelaxGrouping,5000,false,min,2.000000,0.934804,na,0.113127,327855,601324,4985,true
set_cover_n100_m63_d0.15_b_w38_seed3.txt,Set Cover,100,RelaxGrouping,500,true,min,2.000000,0.088980,0.027727,0.006215,10748,20136,269,true
set_cover_n100_m63_d0.15_b_w38_seed2.txt,Set Cover,100,RelaxGrouping,10000,false,min,2.000000,2.380092,na,0.276585,628833,1159572,9974,true
set_cover_n100_m63_d0.15_b_w38_seed3.txt,Set Cover,100,RelaxGrouping,1000,true,min,2.000000,0.168807,0.064432,0.010683,18069,33880,450,true
set_cover_n100_m63_d0.15_b_w38_seed3.txt,Set Cover,100,RelaxGrouping,2000,true,min,2.000000,0.351034,0.153661,0.017136,34647,64851,920,true
set_cover_n100_m63_d0.15_b_w38_seed2.txt,Set Cover,100,RelaxGrouping,20000,true,min,2.000000,5.361654,3.016396,0.197641,241974,456592,10373,true
set_cover_n100_m63_d0.15_b_w38_seed3.txt,Set Cover,100,RelaxGrouping,500,false,min,2.000000,0.090481,na,0.010799,34736,63555,493,true
set_cover_n100_m63_d0.15_b_w38_seed3.txt,Set Cover,100,RelaxGrouping,5000,true,min,2.000000,0.998725,0.490598,0.057102,86047,161147,2488,true
set_cover_n100_m63_d0.15_b_w38_seed2.txt,Set Cover,100,RelaxGrouping,20000,false,min,2.000000,5.917519,na,0.625919,1254769,2310401,19957,true
set_cover_n100_m63_d0.15_b_w38_seed3.txt,Set Cover,100,RelaxGrouping,1000,false,min,2.000000,0.177570,na,0.017693,67117,123532,996,true
set_cover_n100_m63_d0.15_b_w38_seed3.txt,Set Cover,100,RelaxGrouping,2000,false,min,2.000000,0.370607,na,0.041091,132069,242128,1968,true
set_cover_n100_m63_d0.15_b_w38_seed3.txt,Set Cover,100,RelaxGrouping,10000,true,min,2.000000,2.434510,1.209997,0.119080,149767,282924,4076,true
set_cover_n100_m63_d0.15_b_w38_seed3.txt,Set Cover,100,RelaxGrouping,5000,false,min,2.000000,0.943553,na,0.113580,320821,588907,4959,true
set_cover_n100_m63_d0.15_b_w38_seed4.txt,Set Cover,100,RelaxGrouping,500,true,min,2.000000,0.089914,0.027365,0.005503,8854,16353,201,true
set_cover_n100_m63_d0.15_b_w38_seed3.txt,Set Cover,100,RelaxGrouping,10000,false,min,2.000000,2.337897,na,0.258424,601691,1108741,9990,true
set_cover_n100_m63_d0.15_b_w38_seed4.txt,Set Cover,100,RelaxGrouping,1000,true,min,2.000000,0.173486,0.064483,0.009668,15767,29402,342,true
set_cover_n100_m63_d0.15_b_w38_seed3.txt,Set Cover,100,RelaxGrouping,20000,true,min,3.000000,5.530665,2.984831,0.264981,282756,535470,8538,true
set_cover_n100_m63_d0.15_b_w38_seed4.txt,Set Cover,100,RelaxGrouping,2000,true,min,2.000000,0.366627,0.140269,0.016224,28123,52657,651,true
set_cover_n100_m63_d0.15_b_w38_seed4.txt,Set Cover,100,RelaxGrouping,500,false,min,2.000000,0.089589,na,0.009641,33930,61680,494,true
set_cover_n100_m63_d0.15_b_w38_seed4.txt,Set Cover,100,RelaxGrouping,5000,true,min,2.000000,0.966801,0.467907,0.044622,65563,122631,1620,true
set_cover_n100_m63_d0.15_b_w38_seed3.txt,Set Cover,100,RelaxGrouping,20000,false,min,3.000000,5.633345,na,0.576252,1159424,2144907,19972,true
set_cover_n100_m63_d0.15_b_w38_seed4.txt,Set Cover,100,RelaxGrouping,1000,false,min,2.000000,0.175988,na,0.019308,67150,121879,996,true
set_cover_n100_m63_d0.15_b_w38_seed4.txt,Set Cover,100,RelaxGrouping,2000,false,min,2.000000,0.361166,na,0.039941,130536,237913,1996,true
set_cover_n100_m63_d0.15_b_w38_seed4.txt,Set Cover,100,RelaxGrouping,10000,true,min,2.000000,2.428282,1.204433,0.100195,128667,240518,4115,true
set_cover_n100_m63_d0.15_b_w38_seed4.txt,Set Cover,100,RelaxGrouping,5000,false,min,2.000000,0.964085,na,0.109441,316257,578291,4991,true
set_cover_n100_m63_d0.25_b_w38_seed1.txt,Set Cover,100,RelaxGrouping,500,true,min,2.000000,0.079245,0.027657,0.005336,10849,20862,248,true
set_cover_n100_m63_d0.15_b_w38_seed4.txt,Set Cover,100,RelaxGrouping,10000,false,min,2.000000,2.223724,na,0.234320,599581,1098150,9968,true
set_cover_n100_m63_d0.15_b_w38_seed4.txt,Set Cover,100,RelaxGrouping,20000,true,min,2.000000,5.684140,2.648676,0.188700,223656,421107,7044,true
set_cover_n100_m63_d0.25_b_w38_seed1.txt,Set Cover,100,RelaxGrouping,1000,true,min,2.000000,0.153526,0.059025,0.008259,18966,36795,508,true
set_cover_n100_m63_d0.25_b_w38_seed1.txt,Set Cover,100,RelaxGrouping,2000,true,min,2.000000,0.296902,0.143784,0.019905,37149,72387,977,true
set_cover_n100_m63_d0.25_b_w38_seed1.txt,Set Cover,100,RelaxGrouping,500,false,min,2.000000,0.082464,na,0.010897,35389,67039,498,true
set_cover_n100_m63_d0.25_b_w38_seed1.txt,Set Cover,100,RelaxGrouping,5000,true,min,2.000000,0.770186,0.428470,0.068603,102774,201683,2520,true
set_cover_n100_m63_d0.15_b_w38_seed4.txt,Set Cover,100,RelaxGrouping,20000,false,min,2.000000,5.346636,na,0.554974,1137795,2094455,19965,true
set_cover_n100_m63_d0.25_b_w38_seed1.txt,Set Cover,100,RelaxGrouping,1000,false,min,2.000000,0.157885,na,0.021495,69086,131024,996,true
set_cover_n100_m63_d0.25_b_w38_seed1.txt,Set Cover,100,RelaxGrouping,2000,false,min,2.000000,0.303848,na,0.039145,134354,255889,1986,true
set_cover_n100_m63_d0.25_b_w38_seed1.txt,Set Cover,100,RelaxGrouping,10000,true,min,2.000000,1.759324,1.072080,0.148309,213294,418968,5654,true
set_cover_n100_m63_d0.25_b_w38_seed1.txt,Set Cover,100,RelaxGrouping,5000,false,min,2.000000,0.810655,na,0.109207,324300,620647,4987,true
set_cover_n100_m63_d0.25_b_w38_seed2.txt,Set Cover,100,RelaxGrouping,500,true,min,2.000000,0.082112,0.028728,0.004704,11079,21436,217,true
set_cover_n100_m63_d0.25_b_w38_seed1.txt,Set Cover,100,RelaxGrouping,10000,false,min,2.000000,1.801260,na,0.248361,615345,1179600,9989,true
set_cover_n100_m63_d0.25_b_w38_seed1.txt,Set Cover,100,RelaxGrouping,20000,true,min,2.000000,3.759591,2.589715,0.291802,367500,724236,8889,true
set_cover_n100_m63_d0.25_b_w38_seed2.txt,Set Cover,100,RelaxGrouping,1000,true,min,2.000000,0.150742,0.060087,0.008026,20345,39425,527,true
set_cover_n100_m63_d0.25_b_w38_seed2.txt,Set Cover,100,RelaxGrouping,2000,true,min,2.000000,0.295621,0.142134,0.020844,42096,81829,1132,true
set_cover_n100_m63_d0.25_b_w38_seed1.txt,Set Cover,100,RelaxGrouping,20000,false,min,2.000000,3.841527,na,0.470145,1111702,2138781,19978,true
set_cover_n100_m63_d0.25_b_w38_seed2.txt,Set Cover,100,RelaxGrouping,5000,true,min,2.000000,0.687783,0.385750,0.064208,105565,206580,2548,true
set_cover_n100_m63_d0.25_b_w38_seed2.txt,Set Cover,100,RelaxGrouping,500,false,min,2.000000,0.078368,na,0.008523,35313,66928,498,true
set_cover_n100_m63_d0.25_b_w38_seed2.txt,Set Cover,100,RelaxGrouping,1000,false,min,2.000000,0.153017,na,0.021585,69288,131805,1000,true
set_cover_n100_m63_d0.25_b_w38_seed2.txt,Set Cover,100,RelaxGrouping,2000,false,min,2.000000,0.307604,na,0.039430,133323,254222,1989,true
set_cover_n100_m63_d0.25_b_w38_seed2.txt,Set Cover,100,RelaxGrouping,10000,true,min,2.000000,1.510492,1.106711,0.159675,215212,423185,5002,true
set_cover_n100_m63_d0.25_b_w38_seed2.txt,Set Cover,100,RelaxGrouping,5000,false,min,2.000000,0.767682,na,0.099052,305338,585129,4984,true
set_cover_n100_m63_d0.25_b_w38_seed3.txt,Set Cover,100,RelaxGrouping,500,true,min,2.000000,0.078434,0.027944,0.005390,10312,19890,215,true
set_cover_n100_m63_d0.25_b_w38_seed3.txt,Set Cover,100,RelaxGrouping,1000,true,min,2.000000,0.148402,0.062330,0.010951,21082,40800,514,true
set_cover_n100_m63_d0.25_b_w38_seed2.txt,Set Cover,100,RelaxGrouping,10000,false,min,2.000000,1.683597,na,0.217695,566610,1089207,9981,true
set_cover_n100_m63_d0.25_b_w38_seed2.txt,Set Cover,100,RelaxGrouping,20000,true,min,2.000000,3.692581,2.456695,0.310498,383776,755342,10313,true
set_cover_n100_m63_d0.25_b_w38_seed3.txt,Set Cover,100,RelaxGrouping,2000,true,min,2.000000,0.290462,0.146314,0.021868,37757,73404,1015,true
set_cover_n100_m63_d0.25_b_w38_seed2.txt,Set Cover,100,RelaxGrouping,20000,false,min,2.000000,3.795330,na,0.455189,1034006,1992646,19987,true
set_cover_n100_m63_d0.25_b_w38_seed3.txt,Set Cover,100,RelaxGrouping,5000,true,min,2.000000,0.761438,0.408115,0.061424,98919,193532,2797,true
set_cover_n100_m63_d0.25_b_w38_seed3.txt,Set Cover,100,RelaxGrouping,500,false,min,2.000000,0.079811,na,0.010445,34445,65502,498,true
set_cover_n100_m63_d0.25_b_w38_seed3.txt,Set Cover,100,RelaxGrouping,1000,false,min,2.000000,0.147359,na,0.019671,68331,129617,995,true
set_cover_n100_m63_d0.25_b_w38_seed3.txt,Set Cover,100,RelaxGrouping,10000,true,min,2.000000,1.569438,1.064129,0.137973,194033,380832,5805,true
set_cover_n100_m63_d0.25_b_w38_seed3.txt,Set Cover,100,RelaxGrouping,2000,false,min,2.000000,0.294146,na,0.036811,131114,249847,1990,true
set_cover_n100_m63_d0.25_b_w38_seed3.txt,Set Cover,100,RelaxGrouping,5000,false,min,2.000000,0.697136,na,0.092116,307388,586743,4990,true
set_cover_n100_m63_d0.25_b_w38_seed4.txt,Set Cover,100,RelaxGrouping,500,true,min,2.000000,0.078681,0.026102,0.004883,11010,21125,296,true
set_cover_n100_m63_d0.25_b_w38_seed3.txt,Set Cover,100,RelaxGrouping,10000,false,min,2.000000,1.532381,na,0.213205,562071,1075765,9999,true
set_cover_n100_m63_d0.25_b_w38_seed4.txt,Set Cover,100,RelaxGrouping,1000,true,min,2.000000,0.145916,0.060917,0.010148,17869,34524,387,true
set_cover_n100_m63_d0.25_b_w38_seed3.txt,Set Cover,100,RelaxGrouping,20000,true,min,2.000000,3.471987,2.298576,0.306535,388899,766741,11173,true
set_cover_n100_m63_d0.25_b_w38_seed4.txt,Set Cover,100,RelaxGrouping,2000,true,min,2.000000,0.288774,0.138459,0.022200,36837,71327,930,true
set_cover_n100_m63_d0.25_b_w38_seed3.txt,Set Cover,100,RelaxGrouping,20000,false,min,2.000000,3.484808,na,0.452240,1024168,1964207,19930,true
set_cover_n100_m63_d0.25_b_w38_seed4.txt,Set Cover,100,RelaxGrouping,500,false,min,2.000000,0.080808,na,0.010028,34898,65997,495,true
set_cover_n100_m63_d0.25_b_w38_seed4.txt,Set Cover,100,RelaxGrouping,5000,true,min,2.000000,0.702373,0.420970,0.065814,100965,197153,2388,true
set_cover_n100_m63_d0.25_b_w38_seed4.txt,Set Cover,100,RelaxGrouping,10000,true,min,2.000000,1.561665,1.033394,0.132097,185526,363933,4239,true
set_cover_n100_m63_d0.25_b_w38_seed4.txt,Set Cover,100,RelaxGrouping,1000,false,min,2.000000,0.145138,na,0.021097,66027,125575,995,true
set_cover_n100_m63_d0.25_b_w38_seed4.txt,Set Cover,100,RelaxGrouping,2000,false,min,2.000000,0.281671,na,0.037972,128392,244708,1998,true
set_cover_n100_m63_d0.25_b_w38_seed4.txt,Set Cover,100,RelaxGrouping,5000,false,min,2.000000,0.733625,na,0.096169,301437,576675,4994,true
set_cover_n100_m63_d0.35_b_w38_seed1.txt,Set Cover,100,RelaxGrouping,500,true,min,2.000000,0.053908,0.023438,0.007746,18340,36243,359,true
set_cover_n100_m63_d0.25_b_w38_seed4.txt,Set Cover,100,RelaxGrouping,20000,true,min,2.000000,3.361561,2.300159,0.282273,373495,734966,9782,true
set_cover_n100_m63_d0.25_b_w38_seed4.txt,Set Cover,100,RelaxGrouping,10000,false,min,2.000000,1.573169,na,0.202266,551324,1059285,9994,true
set_cover_n100_m63_d0.35_b_w38_seed1.txt,Set Cover,100,RelaxGrouping,1000,true,min,2.000000,0.095976,0.046451,0.015741,39309,77952,813,true
set_cover_n100_m63_d0.35_b_w38_seed1.txt,Set Cover,100,RelaxGrouping,2000,true,min,2.000000,0.148426,0.076380,0.026168,68350,135797,1488,true
set_cover_n100_m63_d0.25_b_w38_seed4.txt,Set Cover,100,RelaxGrouping,20000,false,min,2.000000,3.374834,na,0.431145,1016711,1958041,19986,true
set_cover_n100_m63_d0.35_b_w38_seed1.txt,Set Cover,100,RelaxGrouping,500,false,min,2.000000,0.056168,na,0.007531,32562,63743,498,true
set_cover_n100_m63_d0.35_b_w38_seed1.txt,Set Cover,100,RelaxGrouping,5000,true,min,2.000000,0.160336,0.083895,0.028930,86175,171147,2031,true
set_cover_n100_m63_d0.35_b_w38_seed1.txt,Set Cover,100,RelaxGrouping,10000,true,min,2.000000,0.160751,0.083715,0.029140,86175,171147,2031,true
set_cover_n100_m63_d0.35_b_w38_seed1.txt,Set Cover,100,RelaxGrouping,20000,true,min,2.000000,0.166352,0.083585,0.029040,86175,171147,2031,true
set_cover_n100_m63_d0.35_b_w38_seed1.txt,Set Cover,100,RelaxGrouping,1000,false,min,2.000000,0.095642,na,0.015749,59948,117500,999,true
set_cover_n100_m63_d0.35_b_w38_seed1.txt,Set Cover,100,RelaxGrouping,2000,false,min,2.000000,0.147852,na,0.025652,96672,189387,1998,true
set_cover_n100_m63_d0.35_b_w38_seed1.txt,Set Cover,100,RelaxGrouping,5000,false,min,2.000000,0.163957,na,0.028798,111404,218140,2648,true
set_cover_n100_m63_d0.35_b_w38_seed1.txt,Set Cover,100,RelaxGrouping,10000,false,min,2.000000,0.163700,na,0.028234,111404,218140,2648,true
set_cover_n100_m63_d0.35_b_w38_seed1.txt,Set Cover,100,RelaxGrouping,20000,false,min,2.000000,0.157516,na,0.025871,111404,218140,2648,true
set_cover_n100_m63_d0.35_b_w38_seed2.txt,Set Cover,100,RelaxGrouping,500,true,min,2.000000,0.053515,0.023183,0.007578,18743,36950,365,true
set_cover_n100_m63_d0.35_b_w38_seed2.txt,Set Cover,100,RelaxGrouping,1000,true,min,2.000000,0.095605,0.044327,0.014875,37367,73983,700,true
set_cover_n100_m63_d0.35_b_w38_seed2.txt,Set Cover,100,RelaxGrouping,2000,true,min,2.000000,0.149525,0.076372,0.022605,72172,143270,1626,true
set_cover_n100_m63_d0.35_b_w38_seed2.txt,Set Cover,100,RelaxGrouping,5000,true,min,2.000000,0.172163,0.082493,0.024606,87707,173996,2153,true
set_cover_n100_m63_d0.35_b_w38_seed2.txt,Set Cover,100,RelaxGrouping,10000,true,min,2.000000,0.150282,0.078681,0.022690,87707,173996,2153,true
set_cover_n100_m63_d0.35_b_w38_seed2.txt,Set Cover,100,RelaxGrouping,500,false,min,2.000000,0.053792,na,0.008432,32696,64000,500,true
set_cover_n100_m63_d0.35_b_w38_seed2.txt,Set Cover,100,RelaxGrouping,1000,false,min,2.000000,0.093421,na,0.011041,59301,116254,998,true
set_cover_n100_m63_d0.35_b_w38_seed2.txt,Set Cover,100,RelaxGrouping,2000,false,min,2.000000,0.146846,na,0.024625,98629,193311,1989,true
set_cover_n100_m63_d0.35_b_w38_seed2.txt,Set Cover,100,RelaxGrouping,20000,true,min,2.000000,0.160345,0.082726,0.021348,87707,173996,2153,true
set_cover_n100_m63_d0.35_b_w38_seed2.txt,Set Cover,100,RelaxGrouping,5000,false,min,2.000000,0.156292,na,0.018093,113595,222652,2662,true
set_cover_n100_m63_d0.35_b_w38_seed3.txt,Set Cover,100,RelaxGrouping,500,true,min,2.000000,0.050964,0.021246,0.005667,18130,35732,369,true
set_cover_n100_m63_d0.35_b_w38_seed3.txt,Set Cover,100,RelaxGrouping,1000,true,min,2.000000,0.090771,0.038322,0.011824,37240,73733,758,true
set_cover_n100_m63_d0.35_b_w38_seed2.txt,Set Cover,100,RelaxGrouping,10000,false,min,2.000000,0.160223,na,0.025979,113595,222652,2662,true
set_cover_n100_m63_d0.35_b_w38_seed2.txt,Set Cover,100,RelaxGrouping,20000,false,min,2.000000,0.162174,na,0.025169,113595,222652,2662,true
set_cover_n100_m63_d0.35_b_w38_seed3.txt,Set Cover,100,RelaxGrouping,2000,true,min,2.000000,0.141796,0.071994,0.027279,73102,145010,1661,true
set_cover_n100_m63_d0.35_b_w38_seed3.txt,Set Cover,100,RelaxGrouping,500,false,min,2.000000,0.050540,na,0.007514,31326,61407,499,true
set_cover_n100_m63_d0.35_b_w38_seed3.txt,Set Cover,100,RelaxGrouping,20000,true,min,3.000000,0.167808,0.084960,0.029232,91836,182039,2312,true
set_cover_n100_m63_d0.35_b_w38_seed3.txt,Set Cover,100,RelaxGrouping,5000,true,min,3.000000,0.174435,0.085400,0.029479,91836,182039,2312,true
set_cover_n100_m63_d0.35_b_w38_seed3.txt,Set Cover,100,RelaxGrouping,10000,true,min,3.000000,0.173636,0.086243,0.029840,91836,182039,2312,true
set_cover_n100_m63_d0.35_b_w38_seed3.txt,Set Cover,100,RelaxGrouping,1000,false,min,2.000000,0.085683,na,0.012585,57330,112616,995,true
set_cover_n100_m63_d0.35_b_w38_seed3.txt,Set Cover,100,RelaxGrouping,2000,false,min,2.000000,0.150697,na,0.024653,96329,189096,1997,true
set_cover_n100_m63_d0.35_b_w38_seed3.txt,Set Cover,100,RelaxGrouping,10000,false,min,3.000000,0.167128,na,0.028883,114401,224517,2768,true
set_cover_n100_m63_d0.35_b_w38_seed3.txt,Set Cover,100,RelaxGrouping,5000,false,min,3.000000,0.166805,na,0.029004,114401,224517,2768,true
set_cover_n100_m63_d0.35_b_w38_seed3.txt,Set Cover,100,RelaxGrouping,20000,false,min,3.000000,0.173120,na,0.028116,114401,224517,2768,true
set_cover_n100_m63_d0.35_b_w38_seed4.txt,Set Cover,100,RelaxGrouping,500,true,min,2.000000,0.049308,0.022054,0.007420,19666,38809,388,true
set_cover_n100_m63_d0.35_b_w38_seed4.txt,Set Cover,100,RelaxGrouping,1000,true,min,2.000000,0.086768,0.041105,0.015352,39305,77759,817,true
set_cover_n100_m63_d0.35_b_w38_seed4.txt,Set Cover,100,RelaxGrouping,2000,true,min,2.000000,0.139374,0.068756,0.024431,68650,136082,1579,true
set_cover_n100_m63_d0.35_b_w38_seed4.txt,Set Cover,100,RelaxGrouping,5000,true,min,2.000000,0.143339,0.071383,0.024961,78165,154892,1882,true
set_cover_n100_m63_d0.35_b_w38_seed4.txt,Set Cover,100,RelaxGrouping,10000,true,min,2.000000,0.148346,0.070834,0.025174,78165,154892,1882,true
set_cover_n100_m63_d0.35_b_w38_seed4.txt,Set Cover,100,RelaxGrouping,20000,true,min,2.000000,0.134928,0.069525,0.024127,78165,154892,1882,true
set_cover_n100_m63_d0.35_b_w38_seed4.txt,Set Cover,100,RelaxGrouping,500,false,min,2.000000,0.050358,na,0.007894,31923,62559,498,true
set_cover_n100_m63_d0.35_b_w38_seed4.txt,Set Cover,100,RelaxGrouping,1000,false,min,2.000000,0.085246,na,0.013309,56284,110487,999,true
set_cover_n100_m63_d0.35_b_w38_seed4.txt,Set Cover,100,RelaxGrouping,2000,false,min,2.000000,0.139203,na,0.021663,89983,176501,1999,true
set_cover_n100_m63_d0.35_b_w38_seed4.txt,Set Cover,100,RelaxGrouping,5000,false,min,2.000000,0.140326,na,0.023446,98116,192360,2442,true
set_cover_n100_m63_d0.35_b_w38_seed4.txt,Set Cover,100,RelaxGrouping,10000,false,min,2.000000,0.130663,na,0.022195,98116,192360,2442,true
set_cover_n100_m63_d0.45_b_w38_seed1.txt,Set Cover,100,RelaxGrouping,500,true,min,2.000000,0.026863,0.006937,0.003845,20657,40949,363,true
set_cover_n100_m63_d0.45_b_w38_seed1.txt,Set Cover,100,RelaxGrouping,1000,true,min,2.000000,0.026020,0.007310,0.004400,20657,40949,363,true
set_cover_n100_m63_d0.45_b_w38_seed1.txt,Set Cover,100,RelaxGrouping,2000,true,min,2.000000,0.026044,0.007498,0.005502,20657,40949,363,true
set_cover_n100_m63_d0.35_b_w38_seed4.txt,Set Cover,100,RelaxGrouping,20000,false,min,2.000000,0.136427,na,0.016142,98116,192360,2442,true
set_cover_n100_m63_d0.45_b_w38_seed1.txt,Set Cover,100,RelaxGrouping,5000,true,min,2.000000,0.025354,0.005395,0.003385,20657,40949,363,true
set_cover_n100_m63_d0.45_b_w38_seed1.txt,Set Cover,100,RelaxGrouping,1000,false,min,2.000000,0.027945,na,0.004387,20657,40949,363,true
set_cover_n100_m63_d0.45_b_w38_seed1.txt,Set Cover,100,RelaxGrouping,500,false,min,2.000000,0.027966,na,0.004842,20657,40949,363,true
set_cover_n100_m63_d0.45_b_w38_seed1.txt,Set Cover,100,RelaxGrouping,10000,true,min,2.000000,0.026781,0.008050,0.005775,20657,40949,363,true
set_cover_n100_m63_d0.45_b_w38_seed1.txt,Set Cover,100,RelaxGrouping,20000,true,min,2.000000,0.027849,0.008220,0.004926,20657,40949,363,true
set_cover_n100_m63_d0.45_b_w38_seed1.txt,Set Cover,100,RelaxGrouping,2000,false,min,2.000000,0.026390,na,0.003589,20657,40949,363,true
set_cover_n100_m63_d0.45_b_w38_seed1.txt,Set Cover,100,RelaxGrouping,5000,false,min,2.000000,0.026276,na,0.004230,20657,40949,363,true
set_cover_n100_m63_d0.45_b_w38_seed1.txt,Set Cover,100,RelaxGrouping,10000,false,min,2.000000,0.026262,na,0.004778,20657,40949,363,true
set_cover_n100_m63_d0.45_b_w38_seed1.txt,Set Cover,100,RelaxGrouping,20000,false,min,2.000000,0.028230,na,0.006452,20657,40949,363,true
set_cover_n100_m63_d0.45_b_w38_seed2.txt,Set Cover,100,RelaxGrouping,500,true,min,2.000000,0.028081,0.009750,0.004885,20657,40949,363,true
set_cover_n100_m63_d0.45_b_w38_seed2.txt,Set Cover,100,RelaxGrouping,1000,true,min,2.000000,0.025555,0.006893,0.004624,20657,40949,363,true
set_cover_n100_m63_d0.45_b_w38_seed2.txt,Set Cover,100,RelaxGrouping,2000,true,min,2.000000,0.028412,0.008763,0.005274,20657,40949,363,true
set_cover_n100_m63_d0.45_b_w38_seed2.txt,Set Cover,100,RelaxGrouping,5000,true,min,2.000000,0.028314,0.008845,0.005511,20657,40949,363,true
set_cover_n100_m63_d0.45_b_w38_seed2.txt,Set Cover,100,RelaxGrouping,20000,true,min,2.000000,0.028547,0.008899,0.005410,20657,40949,363,true
set_cover_n100_m63_d0.45_b_w38_seed2.txt,Set Cover,100,RelaxGrouping,10000,true,min,2.000000,0.028158,0.009170,0.005877,20657,40949,363,true
set_cover_n100_m63_d0.45_b_w38_seed2.txt,Set Cover,100,RelaxGrouping,500,false,min,2.000000,0.025853,na,0.003879,20657,40949,363,true
set_cover_n100_m63_d0.45_b_w38_seed2.txt,Set Cover,100,RelaxGrouping,1000,false,min,2.000000,0.026899,na,0.005088,20657,40949,363,true
set_cover_n100_m63_d0.45_b_w38_seed2.txt,Set Cover,100,RelaxGrouping,2000,false,min,2.000000,0.028242,na,0.005576,20657,40949,363,true
set_cover_n100_m63_d0.45_b_w38_seed2.txt,Set Cover,100,RelaxGrouping,5000,false,min,2.000000,0.028171,na,0.006718,20657,40949,363,true
set_cover_n100_m63_d0.45_b_w38_seed2.txt,Set Cover,100,RelaxGrouping,10000,false,min,2.000000,0.028158,na,0.007938,20657,40949,363,true
set_cover_n100_m63_d0.45_b_w38_seed2.txt,Set Cover,100,RelaxGrouping,20000,false,min,2.000000,0.026658,na,0.004503,20657,40949,363,true
set_cover_n100_m63_d0.45_b_w38_seed3.txt,Set Cover,100,RelaxGrouping,500,true,min,2.000000,0.027309,0.008007,0.005148,20657,40949,363,true
set_cover_n100_m63_d0.45_b_w38_seed3.txt,Set Cover,100,RelaxGrouping,1000,true,min,2.000000,0.025967,0.008447,0.005034,20657,40949,363,true
set_cover_n100_m63_d0.45_b_w38_seed3.txt,Set Cover,100,RelaxGrouping,5000,true,min,2.000000,0.026537,0.009850,0.005400,20657,40949,363,true
set_cover_n100_m63_d0.45_b_w38_seed3.txt,Set Cover,100,RelaxGrouping,2000,true,min,2.000000,0.026364,0.009998,0.006348,20657,40949,363,true
set_cover_n100_m63_d0.45_b_w38_seed3.txt,Set Cover,100,RelaxGrouping,10000,true,min,2.000000,0.026135,0.008031,0.004705,20657,40949,363,true
set_cover_n100_m63_d0.45_b_w38_seed3.txt,Set Cover,100,RelaxGrouping,500,false,min,2.000000,0.025955,na,0.003817,20657,40949,363,true
set_cover_n100_m63_d0.45_b_w38_seed3.txt,Set Cover,100,RelaxGrouping,1000,false,min,2.000000,0.027218,na,0.003986,20657,40949,363,true
set_cover_n100_m63_d0.45_b_w38_seed3.txt,Set Cover,100,RelaxGrouping,2000,false,min,2.000000,0.026559,na,0.005306,20657,40949,363,true
set_cover_n100_m63_d0.45_b_w38_seed3.txt,Set Cover,100,RelaxGrouping,20000,true,min,2.000000,0.026099,0.007000,0.005198,20657,40949,363,true
set_cover_n100_m63_d0.45_b_w38_seed3.txt,Set Cover,100,RelaxGrouping,5000,false,min,2.000000,0.026464,na,0.005218,20657,40949,363,true
set_cover_n100_m63_d0.45_b_w38_seed3.txt,Set Cover,100,RelaxGrouping,10000,false,min,2.000000,0.028982,na,0.005747,20657,40949,363,true
set_cover_n100_m63_d0.45_b_w38_seed3.txt,Set Cover,100,RelaxGrouping,20000,false,min,2.000000,0.029188,na,0.008372,20657,40949,363,true
set_cover_n100_m63_d0.45_b_w38_seed4.txt,Set Cover,100,RelaxGrouping,500,true,min,2.000000,0.028898,0.009899,0.005813,20657,40949,363,true
set_cover_n100_m63_d0.45_b_w38_seed4.txt,Set Cover,100,RelaxGrouping,1000,true,min,2.000000,0.027678,0.009879,0.005965,20657,40949,363,true
set_cover_n100_m63_d0.45_b_w38_seed4.txt,Set Cover,100,RelaxGrouping,2000,true,min,2.000000,0.024961,0.005843,0.003082,20657,40949,363,true
set_cover_n100_m63_d0.45_b_w38_seed4.txt,Set Cover,100,RelaxGrouping,500,false,min,2.000000,0.026270,na,0.005690,20657,40949,363,true
set_cover_n100_m63_d0.45_b_w38_seed4.txt,Set Cover,100,RelaxGrouping,5000,true,min,2.000000,0.026777,0.008471,0.005482,20657,40949,363,true
set_cover_n100_m63_d0.45_b_w38_seed4.txt,Set Cover,100,RelaxGrouping,10000,true,min,2.000000,0.027526,0.008784,0.005666,20657,40949,363,true
set_cover_n100_m63_d0.45_b_w38_seed4.txt,Set Cover,100,RelaxGrouping,20000,true,min,2.000000,0.026320,0.008973,0.007043,20657,40949,363,true
set_cover_n100_m63_d0.45_b_w38_seed4.txt,Set Cover,100,RelaxGrouping,1000,false,min,2.000000,0.025253,na,0.005086,20657,40949,363,true
set_cover_n100_m63_d0.45_b_w38_seed4.txt,Set Cover,100,RelaxGrouping,2000,false,min,2.000000,0.027969,na,0.005248,20657,40949,363,true
set_cover_n100_m63_d0.45_b_w38_seed4.txt,Set Cover,100,RelaxGrouping,5000,false,min,2.000000,0.028168,na,0.007897,20657,40949,363,true
set_cover_n100_m63_d0.45_b_w38_seed4.txt,Set Cover,100,RelaxGrouping,10000,false,min,2.000000,0.026889,na,0.007080,20657,40949,363,true
set_cover_n100_m63_d0.45_b_w38_seed4.txt,Set Cover,100,RelaxGrouping,20000,false,min,2.000000,0.026824,na,0.008374,20657,40949,363,true
set_cover_n100_m66_d0.1_b_w35_seed1.txt,Set Cover,100,RelaxGrouping,500,true,min,2.000000,0.074738,0.016389,0.002331,8808,15855,225,true
set_cover_n100_m66_d0.1_b_w35_seed1.txt,Set Cover,100,RelaxGrouping,1000,true,min,2.000000,0.161244,0.055357,0.008534,16265,29638,420,true
set_cover_n100_m66_d0.1_b_w35_seed1.txt,Set Cover,100,RelaxGrouping,2000,true,min,2.000000,0.341277,0.143517,0.017803,28973,53010,676,true
set_cover_n100_m66_d0.1_b_w35_seed1.txt,Set Cover,100,RelaxGrouping,5000,true,min,3.000000,1.016690,0.417811,0.046762,63536,116741,1619,true
set_cover_n100_m66_d0.1_b_w35_seed1.txt,Set Cover,100,RelaxGrouping,500,false,min,2.000000,0.082527,na,0.009127,31227,56093,498,true
set_cover_n100_m66_d0.1_b_w35_seed1.txt,Set Cover,100,RelaxGrouping,1000,false,min,2.000000,0.160405,na,0.018460,61808,110592,991,true
set_cover_n100_m66_d0.1_b_w35_seed1.txt,Set Cover,100,RelaxGrouping,2000,false,min,2.000000,0.343043,na,0.037808,123818,222073,1993,true
set_cover_n100_m66_d0.1_b_w35_seed1.txt,Set Cover,100,RelaxGrouping,10000,true,min,3.000000,2.366827,1.145501,0.088054,116584,214477,2987,true
set_cover_n100_m66_d0.1_b_w35_seed1.txt,Set Cover,100,RelaxGrouping,5000,false,min,3.000000,1.014414,na,0.107711,299192,537551,4989,true
set_cover_n100_m66_d0.1_b_w35_seed2.txt,Set Cover,100,RelaxGrouping,500,true,min,2.000000,0.084696,0.026416,0.005147,9296,16309,298,true
set_cover_n100_m66_d0.1_b_w35_seed1.txt,Set Cover,100,RelaxGrouping,10000,false,min,3.000000,2.500542,na,0.232750,584344,1052087,9982,true
set_cover_n100_m66_d0.1_b_w35_seed2.txt,Set Cover,100,RelaxGrouping,1000,true,min,2.000000,0.169313,0.056688,0.007807,15805,27447,528,true
set_cover_n100_m66_d0.1_b_w35_seed2.txt,Set Cover,100,RelaxGrouping,2000,true,min,2.000000,0.355232,0.131810,0.014526,29187,51365,896,true
set_cover_n100_m66_d0.1_b_w35_seed1.txt,Set Cover,100,RelaxGrouping,20000,true,min,3.000000,5.865674,2.848372,0.196790,209865,387884,5696,true
set_cover_n100_m66_d0.1_b_w35_seed2.txt,Set Cover,100,RelaxGrouping,5000,true,min,2.000000,1.086154,0.469974,0.040059,57128,101629,1614,true
set_cover_n100_m66_d0.1_b_w35_seed1.txt,Set Cover,100,RelaxGrouping,20000,false,min,3.000000,6.122904,na,0.573900,1145441,2070716,19961,true
set_cover_n100_m66_d0.1_b_w35_seed2.txt,Set Cover,100,RelaxGrouping,500,false,min,2.000000,0.083785,na,0.009228,32606,57877,497,true
set_cover_n100_m66_d0.1_b_w35_seed2.txt,Set Cover,100,RelaxGrouping,1000,false,min,2.000000,0.174409,na,0.019576,63914,113256,990,true
set_cover_n100_m66_d0.1_b_w35_seed2.txt,Set Cover,100,RelaxGrouping,10000,true,min,3.000000,2.695455,1.135831,0.077853,106907,191463,2897,true
set_cover_n100_m66_d0.1_b_w35_seed2.txt,Set Cover,100,RelaxGrouping,2000,false,min,2.000000,0.352695,na,0.036765,123490,218444,1986,true
set_cover_n100_m66_d0.1_b_w35_seed2.txt,Set Cover,100,RelaxGrouping,5000,false,min,2.000000,1.011996,na,0.105045,294447,522431,4977,true
set_cover_n100_m66_d0.1_b_w35_seed3.txt,Set Cover,100,RelaxGrouping,500,true,min,2.000000,0.084465,0.024165,0.004564,9658,16903,376,true
set_cover_n100_m66_d0.1_b_w35_seed2.txt,Set Cover,100,RelaxGrouping,10000,false,min,3.000000,2.526065,na,0.238219,570307,1014886,9992,true
set_cover_n100_m66_d0.1_b_w35_seed3.txt,Set Cover,100,RelaxGrouping,1000,true,min,2.000000,0.159069,0.055304,0.008602,15271,26948,552,true
set_cover_n100_m66_d0.1_b_w35_seed2.txt,Set Cover,100,RelaxGrouping,20000,true,min,3.000000,6.081403,2.854984,0.151938,172401,312912,4778,true
set_cover_n100_m66_d0.1_b_w35_seed3.txt,Set Cover,100,RelaxGrouping,2000,true,min,2.000000,0.329520,0.136086,0.015440,29007,50961,936,true
set_cover_n100_m66_d0.1_b_w35_seed3.txt,Set Cover,100,RelaxGrouping,500,false,min,2.000000,0.083541,na,0.009421,32497,58386,499,true
set_cover_n100_m66_d0.1_b_w35_seed3.txt,Set Cover,100,RelaxGrouping,5000,true,min,2.000000,0.975472,0.435004,0.037792,57490,101482,1752,true
set_cover_n100_m66_d0.1_b_w35_seed2.txt,Set Cover,100,RelaxGrouping,20000,false,min,3.000000,5.920886,na,0.537302,1079555,1941901,19970,true
set_cover_n100_m66_d0.1_b_w35_seed3.txt,Set Cover,100,RelaxGrouping,1000,false,min,2.000000,0.160631,na,0.018390,60829,109279,991,true
set_cover_n100_m66_d0.1_b_w35_seed3.txt,Set Cover,100,RelaxGrouping,10000,true,min,2.000000,2.390790,1.028338,0.064539,92522,164315,2813,true
set_cover_n100_m66_d0.1_b_w35_seed3.txt,Set Cover,100,RelaxGrouping,2000,false,min,2.000000,0.342643,na,0.036614,120705,215788,1989,true
set_cover_n100_m66_d0.1_b_w35_seed4.txt,Set Cover,100,RelaxGrouping,500,true,min,2.000000,0.081294,0.024175,0.005034,9575,16796,218,true
set_cover_n100_m66_d0.1_b_w35_seed3.txt,Set Cover,100,RelaxGrouping,5000,false,min,2.000000,0.931251,na,0.101218,280529,503652,4992,true
set_cover_n100_m66_d0.1_b_w35_seed4.txt,Set Cover,100,RelaxGrouping,1000,true,min,2.000000,0.160508,0.054610,0.007246,16470,29113,404,true
set_cover_n100_m66_d0.1_b_w35_seed3.txt,Set Cover,100,RelaxGrouping,10000,false,min,2.000000,2.332218,na,0.229925,533578,961698,9981,true
set_cover_n100_m66_d0.1_b_w35_seed3.txt,Set Cover,100,RelaxGrouping,20000,true,min,2.000000,5.444843,2.607522,0.132876,170627,304517,4654,true
set_cover_n100_m66_d0.1_b_w35_seed4.txt,Set Cover,100,RelaxGrouping,2000,true,min,2.000000,0.327251,0.129990,0.016197,28946,50861,636,true
set_cover_n100_m66_d0.1_b_w35_seed4.txt,Set Cover,100,RelaxGrouping,500,false,min,2.000000,0.079569,na,0.008810,31756,56084,493,true
set_cover_n100_m66_d0.1_b_w35_seed4.txt,Set Cover,100,RelaxGrouping,5000,true,min,2.000000,0.885023,0.414857,0.033096,51708,91389,1254,true
set_cover_n100_m66_d0.1_b_w35_seed3.txt,Set Cover,100,RelaxGrouping,20000,false,min,2.000000,5.599793,na,0.479230,1031103,1852832,19888,true
set_cover_n100_m66_d0.1_b_w35_seed4.txt,Set Cover,100,RelaxGrouping,1000,false,min,2.000000,0.164142,na,0.018669,63612,111706,998,true
set_cover_n100_m66_d0.1_b_w35_seed4.txt,Set Cover,100,RelaxGrouping,2000,false,min,2.000000,0.328438,na,0.036352,123538,215648,1990,true
set_cover_n100_m66_d0.1_b_w35_seed4.txt,Set Cover,100,RelaxGrouping,10000,true,min,3.000000,2.197823,1.153746,0.073919,107202,190683,2737,true
set_cover_n100_m66_d0.1_b_w35_seed4.txt,Set Cover,100,RelaxGrouping,5000,false,min,2.000000,0.896373,na,0.100501,288973,510903,4995,true
set_cover_n100_m66_d0.2_b_w35_seed1.txt,Set Cover,100,RelaxGrouping,500,true,min,2.000000,0.083092,0.024855,0.003953,10463,19893,283,true
set_cover_n100_m66_d0.2_b_w35_seed1.txt,Set Cover,100,RelaxGrouping,1000,true,min,2.000000,0.157931,0.061854,0.009292,20518,39231,532,true
set_cover_n100_m66_d0.1_b_w35_seed4.txt,Set Cover,100,RelaxGrouping,10000,false,min,3.000000,2.216802,na,0.241835,577501,1015716,9995,true
set_cover_n100_m66_d0.2_b_w35_seed1.txt,Set Cover,100,RelaxGrouping,2000,true,min,2.000000,0.310141,0.150808,0.021914,39165,75597,810,true
set_cover_n100_m66_d0.1_b_w35_seed4.txt,Set Cover,100,RelaxGrouping,20000,true,min,3.000000,5.478931,2.681920,0.153361,189095,338307,5028,true
set_cover_n100_m66_d0.2_b_w35_seed1.txt,Set Cover,100,RelaxGrouping,5000,true,min,2.000000,0.828892,0.454162,0.063166,92561,179103,2150,true
set_cover_n100_m66_d0.1_b_w35_seed4.txt,Set Cover,100,RelaxGrouping,20000,false,min,3.000000,5.521004,na,0.538900,1096779,1935789,19995,true
set_cover_n100_m66_d0.2_b_w35_seed1.txt,Set Cover,100,RelaxGrouping,500,false,min,2.000000,0.083258,na,0.009607,35893,66866,494,true
set_cover_n100_m66_d0.2_b_w35_seed1.txt,Set Cover,100,RelaxGrouping,10000,true,min,2.000000,1.932882,1.034613,0.133953,181421,352045,4155,true
set_cover_n100_m66_d0.2_b_w35_seed1.txt,Set Cover,100,RelaxGrouping,1000,false,min,2.000000,0.161157,na,0.017895,69444,129560,1000,true
set_cover_n100_m66_d0.2_b_w35_seed1.txt,Set Cover,100,RelaxGrouping,2000,false,min,2.000000,0.319306,na,0.039332,133405,250450,1984,true
set_cover_n100_m66_d0.2_b_w35_seed1.txt,Set Cover,100,RelaxGrouping,5000,false,min,2.000000,0.833616,na,0.105001,313367,590616,4980,true
set_cover_n100_m66_d0.2_b_w35_seed2.txt,Set Cover,100,RelaxGrouping,500,true,min,2.000000,0.085784,0.028788,0.005033,8932,17042,214,true
set_cover_n100_m66_d0.2_b_w35_seed1.txt,Set Cover,100,RelaxGrouping,10000,false,min,2.000000,1.792919,na,0.240094,600050,1133555,9992,true
set_cover_n100_m66_d0.2_b_w35_seed2.txt,Set Cover,100,RelaxGrouping,1000,true,min,2.000000,0.158720,0.060985,0.008893,16544,31763,372,true
set_cover_n100_m66_d0.2_b_w35_seed1.txt,Set Cover,100,RelaxGrouping,20000,true,min,2.000000,4.194939,2.591051,0.323407,383507,747554,8403,true
set_cover_n100_m66_d0.2_b_w35_seed2.txt,Set Cover,100,RelaxGrouping,2000,true,min,2.000000,0.323301,0.149355,0.017720,32674,62776,895,true
set_cover_n100_m66_d0.2_b_w35_seed1.txt,Set Cover,100,RelaxGrouping,20000,false,min,2.000000,4.364542,na,0.493411,1122595,2125975,19988,true
set_cover_n100_m66_d0.2_b_w35_seed2.txt,Set Cover,100,RelaxGrouping,500,false,min,2.000000,0.084370,na,0.009706,34667,64725,495,true
set_cover_n100_m66_d0.2_b_w35_seed2.txt,Set Cover,100,RelaxGrouping,5000,true,min,2.000000,0.790115,0.463073,0.052742,82243,158944,2350,true
set_cover_n100_m66_d0.2_b_w35_seed2.txt,Set Cover,100,RelaxGrouping,1000,false,min,2.000000,0.167404,na,0.019354,68158,127439,996,true
set_cover_n100_m66_d0.2_b_w35_seed2.txt,Set Cover,100,RelaxGrouping,2000,false,min,2.000000,0.320918,na,0.036910,133181,249050,1994,true
set_cover_n100_m66_d0.2_b_w35_seed2.txt,Set Cover,100,RelaxGrouping,5000,false,min,2.000000,0.871038,na,0.104198,314934,591425,4971,true
set_cover_n100_m66_d0.2_b_w35_seed2.txt,Set Cover,100,RelaxGrouping,10000,true,min,2.000000,1.865518,1.165912,0.122346,173342,335001,5034,true
set_cover_n100_m66_d0.2_b_w35_seed3.txt,Set Cover,100,RelaxGrouping,500,true,min,2.000000,0.081198,0.027717,0.006049,9630,18242,216,true
set_cover_n100_m66_d0.2_b_w35_seed3.txt,Set Cover,100,RelaxGrouping,1000,true,min,2.000000,0.161803,0.057781,0.009274,18353,34915,426,true
set_cover_n100_m66_d0.2_b_w35_seed2.txt,Set Cover,100,RelaxGrouping,10000,false,min,2.000000,1.878156,na,0.240016,601860,1132705,9992,true
set_cover_n100_m66_d0.2_b_w35_seed2.txt,Set Cover,100,RelaxGrouping,20000,true,min,2.000000,4.298905,2.713984,0.272084,349916,680123,9487,true
set_cover_n100_m66_d0.2_b_w35_seed3.txt,Set Cover,100,RelaxGrouping,2000,true,min,2.000000,0.312695,0.144096,0.019423,32750,62478,765,true
set_cover_n100_m66_d0.2_b_w35_seed3.txt,Set Cover,100,RelaxGrouping,5000,true,min,2.000000,0.844182,0.468777,0.051911,79522,153079,1927,true
set_cover_n100_m66_d0.2_b_w35_seed2.txt,Set Cover,100,RelaxGrouping,20000,false,min,2.000000,4.420791,na,0.491222,1124144,2122087,19970,true
set_cover_n100_m66_d0.2_b_w35_seed3.txt,Set Cover,100,RelaxGrouping,500,false,min,2.000000,0.080852,na,0.010133,33551,62740,495,true
set_cover_n100_m66_d0.2_b_w35_seed3.txt,Set Cover,100,RelaxGrouping,1000,false,min,2.000000,0.151203,na,0.020496,65409,122300,987,true
set_cover_n100_m66_d0.2_b_w35_seed3.txt,Set Cover,100,RelaxGrouping,10000,true,min,2.000000,1.817868,1.089455,0.119915,158826,307540,3824,true
set_cover_n100_m66_d0.2_b_w35_seed3.txt,Set Cover,100,RelaxGrouping,2000,false,min,2.000000,0.308025,na,0.037438,125309,234848,1993,true
set_cover_n100_m66_d0.2_b_w35_seed3.txt,Set Cover,100,RelaxGrouping,5000,false,min,2.000000,0.803819,na,0.097185,295316,555224,4987,true
set_cover_n100_m66_d0.2_b_w35_seed4.txt,Set Cover,100,RelaxGrouping,500,true,min,2.000000,0.083123,0.028365,0.005021,9873,18610,279,true
set_cover_n100_m66_d0.2_b_w35_seed3.txt,Set Cover,100,RelaxGrouping,10000,false,min,2.000000,1.655889,na,0.216724,566306,1068850,9970,true
set_cover_n100_m66_d0.2_b_w35_seed4.txt,Set Cover,100,RelaxGrouping,1000,true,min,2.000000,0.165264,0.062748,0.010305,18541,35163,549,true
set_cover_n100_m66_d0.2_b_w35_seed4.txt,Set Cover,100,RelaxGrouping,2000,true,min,2.000000,0.305244,0.139579,0.018952,36669,69946,1125,true
set_cover_n100_m66_d0.2_b_w35_seed3.txt,Set Cover,100,RelaxGrouping,20000,true,min,2.000000,4.246785,2.461831,0.259491,308625,599838,8499,true
set_cover_n100_m66_d0.2_b_w35_seed4.txt,Set Cover,100,RelaxGrouping,5000,true,min,2.000000,0.816075,0.469712,0.059024,91704,175956,2872,true
set_cover_n100_m66_d0.2_b_w35_seed3.txt,Set Cover,100,RelaxGrouping,20000,false,min,2.000000,4.278745,na,0.504773,1073501,2028445,19969,true
set_cover_n100_m66_d0.2_b_w35_seed4.txt,Set Cover,100,RelaxGrouping,500,false,min,2.000000,0.083663,na,0.010088,34965,65264,497,true
set_cover_n100_m66_d0.2_b_w35_seed4.txt,Set Cover,100,RelaxGrouping,10000,true,min,2.000000,1.942394,1.100639,0.123692,169950,327112,5542,true
set_cover_n100_m66_d0.2_b_w35_seed4.txt,Set Cover,100,RelaxGrouping,1000,false,min,2.000000,0.159737,na,0.018821,68198,127428,991,true
set_cover_n100_m66_d0.2_b_w35_seed4.txt,Set Cover,100,RelaxGrouping,2000,false,min,2.000000,0.312116,na,0.037762,130638,245218,1997,true
set_cover_n100_m66_d0.2_b_w35_seed4.txt,Set Cover,100,RelaxGrouping,5000,false,min,2.000000,0.811224,na,0.103559,311452,586060,4999,true
set_cover_n100_m66_d0.3_b_w35_seed1.txt,Set Cover,100,RelaxGrouping,500,true,min,2.000000,0.057411,0.025670,0.006237,13452,26376,323,true
set_cover_n100_m66_d0.2_b_w35_seed4.txt,Set Cover,100,RelaxGrouping,10000,false,min,2.000000,1.975396,na,0.228776,575867,1086499,9985,true
set_cover_n100_m66_d0.3_b_w35_seed1.txt,Set Cover,100,RelaxGrouping,1000,true,min,2.000000,0.104352,0.046807,0.010791,29765,58674,624,true
set_cover_n100_m66_d0.2_b_w35_seed4.txt,Set Cover,100,RelaxGrouping,20000,true,min,2.000000,4.279680,2.599379,0.241727,303377,586215,10614,true
set_cover_n100_m66_d0.3_b_w35_seed1.txt,Set Cover,100,RelaxGrouping,2000,true,min,2.000000,0.194246,0.100597,0.025604,58418,115480,1298,true
set_cover_n100_m66_d0.2_b_w35_seed4.txt,Set Cover,100,RelaxGrouping,20000,false,min,2.000000,4.195218,na,0.478476,1059443,2008623,19904,true
set_cover_n100_m66_d0.3_b_w35_seed1.txt,Set Cover,100,RelaxGrouping,5000,true,min,2.000000,0.393425,0.239762,0.060193,137466,272438,3670,true
set_cover_n100_m66_d0.3_b_w35_seed1.txt,Set Cover,100,RelaxGrouping,500,false,min,2.000000,0.057490,na,0.009640,32393,62800,497,true
set_cover_n100_m66_d0.3_b_w35_seed1.txt,Set Cover,100,RelaxGrouping,20000,true,min,4.000000,0.607907,0.426983,0.107081,244448,484157,7288,true
set_cover_n100_m66_d0.3_b_w35_seed1.txt,Set Cover,100,RelaxGrouping,10000,true,min,3.000000,0.613184,0.428609,0.106303,231873,459298,6896,true
set_cover_n100_m66_d0.3_b_w35_seed1.txt,Set Cover,100,RelaxGrouping,1000,false,min,2.000000,0.104415,na,0.014630,60966,118589,994,true
set_cover_n100_m66_d0.3_b_w35_seed1.txt,Set Cover,100,RelaxGrouping,2000,false,min,2.000000,0.190981,na,0.027140,110361,215046,1992,true
set_cover_n100_m66_d0.3_b_w35_seed2.txt,Set Cover,100,RelaxGrouping,500,true,min,2.000000,0.058197,0.024076,0.012688,13822,27153,246,true
set_cover_n100_m66_d0.3_b_w35_seed1.txt,Set Cover,100,RelaxGrouping,5000,false,min,2.000000,0.396329,na,0.060336,228462,445196,4995,true
set_cover_n100_m66_d0.3_b_w35_seed1.txt,Set Cover,100,RelaxGrouping,10000,false,min,3.000000,0.613117,na,0.109436,351515,683708,9605,true
set_cover_n100_m66_d0.3_b_w35_seed1.txt,Set Cover,100,RelaxGrouping,20000,false,min,4.000000,0.629637,na,0.108882,359613,699335,10854,true
set_cover_n100_m66_d0.3_b_w35_seed2.txt,Set Cover,100,RelaxGrouping,1000,true,min,2.000000,0.096167,0.029989,0.004364,27212,53542,539,true
set_cover_n100_m66_d0.3_b_w35_seed2.txt,Set Cover,100,RelaxGrouping,2000,true,min,2.000000,0.193674,0.105370,0.026175,56560,111668,1112,true
set_cover_n100_m66_d0.3_b_w35_seed2.txt,Set Cover,100,RelaxGrouping,5000,true,min,2.000000,0.427272,0.257852,0.062107,142556,282295,3572,true
set_cover_n100_m66_d0.3_b_w35_seed2.txt,Set Cover,100,RelaxGrouping,500,false,min,2.000000,0.054994,na,0.006457,31868,61611,500,true
set_cover_n100_m66_d0.3_b_w35_seed2.txt,Set Cover,100,RelaxGrouping,1000,false,min,2.000000,0.106212,na,0.017245,60331,116964,998,true
set_cover_n100_m66_d0.3_b_w35_seed2.txt,Set Cover,100,RelaxGrouping,10000,true,min,3.000000,0.622741,0.426962,0.122597,251928,499047,7578,true
set_cover_n100_m66_d0.3_b_w35_seed2.txt,Set Cover,100,RelaxGrouping,20000,true,min,3.000000,0.664625,0.459206,0.131238,284646,563784,9623,true
set_cover_n100_m66_d0.3_b_w35_seed2.txt,Set Cover,100,RelaxGrouping,2000,false,min,2.000000,0.200962,na,0.030422,110469,214662,1996,true
set_cover_n100_m66_d0.3_b_w35_seed2.txt,Set Cover,100,RelaxGrouping,5000,false,min,2.000000,0.388530,na,0.050837,232912,453236,4992,true
set_cover_n100_m66_d0.3_b_w35_seed3.txt,Set Cover,100,RelaxGrouping,500,true,min,2.000000,0.060848,0.023172,0.005053,13804,27017,304,true
set_cover_n100_m66_d0.3_b_w35_seed3.txt,Set Cover,100,RelaxGrouping,1000,true,min,2.000000,0.111408,0.049963,0.010176,29949,58880,635,true
set_cover_n100_m66_d0.3_b_w35_seed2.txt,Set Cover,100,RelaxGrouping,10000,false,min,3.000000,0.636954,na,0.104771,363595,706021,9991,true
set_cover_n100_m66_d0.3_b_w35_seed2.txt,Set Cover,100,RelaxGrouping,20000,false,min,3.000000,0.673603,na,0.118558,395221,766497,13224,true
set_cover_n100_m66_d0.3_b_w35_seed3.txt,Set Cover,100,RelaxGrouping,2000,true,min,2.000000,0.187934,0.095579,0.017864,54440,107378,1219,true
set_cover_n100_m66_d0.3_b_w35_seed3.txt,Set Cover,100,RelaxGrouping,5000,true,min,2.000000,0.413546,0.279593,0.062455,135984,269233,3463,true
set_cover_n100_m66_d0.3_b_w35_seed3.txt,Set Cover,100,RelaxGrouping,500,false,min,2.000000,0.057302,na,0.007142,32609,63199,499,true
set_cover_n100_m66_d0.3_b_w35_seed3.txt,Set Cover,100,RelaxGrouping,1000,false,min,2.000000,0.112018,na,0.016306,61371,119173,996,true
set_cover_n100_m66_d0.3_b_w35_seed3.txt,Set Cover,100,RelaxGrouping,10000,true,min,3.000000,0.669286,0.445938,0.112172,243517,482940,7153,true
set_cover_n100_m66_d0.3_b_w35_seed3.txt,Set Cover,100,RelaxGrouping,20000,true,min,3.000000,0.761044,0.429943,0.124950,281705,558274,8445,true
set_cover_n100_m66_d0.3_b_w35_seed3.txt,Set Cover,100,RelaxGrouping,2000,false,min,2.000000,0.201308,na,0.029152,110353,214769,1996,true
set_cover_n100_m66_d0.3_b_w35_seed3.txt,Set Cover,100,RelaxGrouping,5000,false,min,2.000000,0.444399,na,0.060824,234027,456076,4992,true
set_cover_n100_m66_d0.3_b_w35_seed3.txt,Set Cover,100,RelaxGrouping,10000,false,min,3.000000,0.749766,na,0.108660,375696,730504,9997,true
set_cover_n100_m66_d0.3_b_w35_seed3.txt,Set Cover,100,RelaxGrouping,20000,false,min,3.000000,0.737366,na,0.120401,407226,791122,12621,true
set_cover_n100_m66_d0.3_b_w35_seed4.txt,Set Cover,100,RelaxGrouping,500,true,min,2.000000,0.058848,0.022367,0.004532,14093,27607,311,true
set_cover_n100_m66_d0.3_b_w35_seed4.txt,Set Cover,100,RelaxGrouping,1000,true,min,2.000000,0.101627,0.045699,0.012013,27991,54994,659,true
set_cover_n100_m66_d0.3_b_w35_seed4.txt,Set Cover,100,RelaxGrouping,2000,true,min,2.000000,0.184857,0.102503,0.026487,57945,114283,1375,true
set_cover_n100_m66_d0.3_b_w35_seed4.txt,Set Cover,100,RelaxGrouping,5000,true,min,2.000000,0.393461,0.224826,0.066089,156580,309979,3869,true
set_cover_n100_m66_d0.3_b_w35_seed4.txt,Set Cover,100,RelaxGrouping,20000,true,min,4.000000,0.498576,0.296614,0.088685,228991,453128,6822,true
set_cover_n100_m66_d0.3_b_w35_seed4.txt,Set Cover,100,RelaxGrouping,10000,true,min,4.000000,0.514965,0.297513,0.087340,228991,453128,6822,true
set_cover_n100_m66_d0.3_b_w35_seed4.txt,Set Cover,100,RelaxGrouping,500,false,min,2.000000,0.057564,na,0.009191,32588,62999,495,true
set_cover_n100_m66_d0.3_b_w35_seed4.txt,Set Cover,100,RelaxGrouping,1000,false,min,2.000000,0.107923,na,0.016720,61411,119008,999,true
set_cover_n100_m66_d0.3_b_w35_seed4.txt,Set Cover,100,RelaxGrouping,2000,false,min,2.000000,0.182127,na,0.023523,112023,217525,2000,true
set_cover_n100_m66_d0.4_b_w35_seed1.txt,Set Cover,100,RelaxGrouping,500,true,min,2.000000,0.032995,0.008839,0.004606,23700,46895,500,true
set_cover_n100_m66_d0.3_b_w35_seed4.txt,Set Cover,100,RelaxGrouping,5000,false,min,2.000000,0.391586,na,0.059060,232029,450877,4992,true
set_cover_n100_m66_d0.3_b_w35_seed4.txt,Set Cover,100,RelaxGrouping,10000,false,min,4.000000,0.482713,na,0.086666,304989,592414,8844,true
set_cover_n100_m66_d0.3_b_w35_seed4.txt,Set Cover,100,RelaxGrouping,20000,false,min,4.000000,0.500031,na,0.085600,304989,592414,8844,true
set_cover_n100_m66_d0.4_b_w35_seed1.txt,Set Cover,100,RelaxGrouping,1000,true,min,2.000000,0.032504,0.006516,0.004138,25564,50595,531,true
set_cover_n100_m66_d0.4_b_w35_seed1.txt,Set Cover,100,RelaxGrouping,2000,true,min,2.000000,0.035092,0.009777,0.005620,25564,50595,531,true
set_cover_n100_m66_d0.4_b_w35_seed1.txt,Set Cover,100,RelaxGrouping,5000,true,min,2.000000,0.033453,0.010485,0.005870,25564,50595,531,true
set_cover_n100_m66_d0.4_b_w35_seed1.txt,Set Cover,100,RelaxGrouping,10000,true,min,2.000000,0.035625,0.011305,0.007683,25564,50595,531,true
set_cover_n100_m66_d0.4_b_w35_seed1.txt,Set Cover,100,RelaxGrouping,20000,true,min,2.000000,0.035434,0.011506,0.007542,25564,50595,531,true
set_cover_n100_m66_d0.4_b_w35_seed1.txt,Set Cover,100,RelaxGrouping,500,false,min,2.000000,0.032323,na,0.004944,23817,47129,500,true
set_cover_n100_m66_d0.4_b_w35_seed1.txt,Set Cover,100,RelaxGrouping,2000,false,min,2.000000,0.033196,na,0.009155,25564,50595,531,true
set_cover_n100_m66_d0.4_b_w35_seed1.txt,Set Cover,100,RelaxGrouping,1000,false,min,2.000000,0.035231,na,0.009519,25564,50595,531,true
set_cover_n100_m66_d0.4_b_w35_seed1.txt,Set Cover,100,RelaxGrouping,5000,false,min,2.000000,0.035300,na,0.011344,25564,50595,531,true
set_cover_n100_m66_d0.4_b_w35_seed1.txt,Set Cover,100,RelaxGrouping,10000,false,min,2.000000,0.035523,na,0.011518,25564,50595,531,true
set_cover_n100_m66_d0.4_b_w35_seed1.txt,Set Cover,100,RelaxGrouping,20000,false,min,2.000000,0.031944,na,0.003652,25564,50595,531,true
set_cover_n100_m66_d0.4_b_w35_seed2.txt,Set Cover,100,RelaxGrouping,500,true,min,2.000000,0.031811,0.012058,0.006643,23700,46895,500,true
set_cover_n100_m66_d0.4_b_w35_seed2.txt,Set Cover,100,RelaxGrouping,1000,true,min,2.000000,0.033819,0.012712,0.006547,25564,50595,531,true
set_cover_n100_m66_d0.4_b_w35_seed2.txt,Set Cover,100,RelaxGrouping,2000,true,min,2.000000,0.035867,0.012606,0.006416,25564,50595,531,true
set_cover_n100_m66_d0.4_b_w35_seed2.txt,Set Cover,100,RelaxGrouping,5000,true,min,2.000000,0.034410,0.012850,0.010502,25564,50595,531,true
set_cover_n100_m66_d0.4_b_w35_seed2.txt,Set Cover,100,RelaxGrouping,10000,true,min,2.000000,0.031142,0.006614,0.003779,25564,50595,531,true
set_cover_n100_m66_d0.4_b_w35_seed2.txt,Set Cover,100,RelaxGrouping,500,false,min,2.000000,0.033615,na,0.006536,23817,47129,500,true
set_cover_n100_m66_d0.4_b_w35_seed2.txt,Set Cover,100,RelaxGrouping,1000,false,min,2.000000,0.034295,na,0.007958,25564,50595,531,true
set_cover_n100_m66_d0.4_b_w35_seed2.txt,Set Cover,100,RelaxGrouping,2000,false,min,2.000000,0.034413,na,0.006803,25564,50595,531,true
set_cover_n100_m66_d0.4_b_w35_seed2.txt,Set Cover,100,RelaxGrouping,20000,true,min,2.000000,0.034555,0.010864,0.008346,25564,50595,531,true
set_cover_n100_m66_d0.4_b_w35_seed2.txt,Set Cover,100,RelaxGrouping,5000,false,min,2.000000,0.035203,na,0.007539,25564,50595,531,true
set_cover_n100_m66_d0.4_b_w35_seed2.txt,Set Cover,100,RelaxGrouping,10000,false,min,2.000000,0.035209,na,0.007702,25564,50595,531,true
set_cover_n100_m66_d0.4_b_w35_seed2.txt,Set Cover,100,RelaxGrouping,20000,false,min,2.000000,0.033768,na,0.008777,25564,50595,531,true
set_cover_n100_m66_d0.4_b_w35_seed3.txt,Set Cover,100,RelaxGrouping,500,true,min,2.000000,0.033251,0.011647,0.006703,23700,46895,500,true
set_cover_n100_m66_d0.4_b_w35_seed3.txt,Set Cover,100,RelaxGrouping,1000,true,min,2.000000,0.035579,0.013142,0.007197,25564,50595,531,true
set_cover_n100_m66_d0.4_b_w35_seed3.txt,Set Cover,100,RelaxGrouping,2000,true,min,2.000000,0.032324,0.009394,0.006545,25564,50595,531,true
set_cover_n100_m66_d0.4_b_w35_seed3.txt,Set Cover,100,RelaxGrouping,500,false,min,2.000000,0.033766,na,0.008502,23817,47129,500,true
set_cover_n100_m66_d0.4_b_w35_seed3.txt,Set Cover,100,RelaxGrouping,10000,true,min,2.000000,0.036281,0.012188,0.006769,25564,50595,531,true
set_cover_n100_m66_d0.4_b_w35_seed3.txt,Set Cover,100,RelaxGrouping,5000,true,min,2.000000,0.034683,0.012237,0.007159,25564,50595,531,true
set_cover_n100_m66_d0.4_b_w35_seed3.txt,Set Cover,100,RelaxGrouping,20000,true,min,2.000000,0.034896,0.012128,0.007081,25564,50595,531,true
set_cover_n100_m66_d0.4_b_w35_seed3.txt,Set Cover,100,RelaxGrouping,1000,false,min,2.000000,0.033800,na,0.006042,25564,50595,531,true
set_cover_n100_m66_d0.4_b_w35_seed3.txt,Set Cover,100,RelaxGrouping,2000,false,min,2.000000,0.033864,na,0.005234,25564,50595,531,true
set_cover_n100_m66_d0.4_b_w35_seed3.txt,Set Cover,100,RelaxGrouping,5000,false,min,2.000000,0.034054,na,0.006497,25564,50595,531,true
set_cover_n100_m66_d0.4_b_w35_seed3.txt,Set Cover,100,RelaxGrouping,10000,false,min,2.000000,0.032828,na,0.008211,25564,50595,531,true
set_cover_n100_m66_d0.4_b_w35_seed3.txt,Set Cover,100,RelaxGrouping,20000,false,min,2.000000,0.034839,na,0.007235,25564,50595,531,true
set_cover_n100_m66_d0.4_b_w35_seed4.txt,Set Cover,100,RelaxGrouping,500,true,min,2.000000,0.031838,0.009511,0.005738,23700,46895,500,true
set_cover_n100_m66_d0.4_b_w35_seed4.txt,Set Cover,100,RelaxGrouping,1000,true,min,2.000000,0.036016,0.012844,0.007433,25564,50595,531,true
set_cover_n100_m66_d0.4_b_w35_seed4.txt,Set Cover,100,RelaxGrouping,2000,true,min,2.000000,0.034628,0.012852,0.007302,25564,50595,531,true
set_cover_n100_m66_d0.4_b_w35_seed4.txt,Set Cover,100,RelaxGrouping,5000,true,min,2.000000,0.034466,0.013287,0.007521,25564,50595,531,true
set_cover_n100_m66_d0.4_b_w35_seed4.txt,Set Cover,100,RelaxGrouping,10000,true,min,2.000000,0.034684,0.013350,0.007785,25564,50595,531,true
set_cover_n100_m66_d0.4_b_w35_seed4.txt,Set Cover,100,RelaxGrouping,20000,true,min,2.000000,0.032069,0.010234,0.006088,25564,50595,531,true
set_cover_n100_m66_d0.4_b_w35_seed4.txt,Set Cover,100,RelaxGrouping,1000,false,min,2.000000,0.033583,na,0.006837,25564,50595,531,true
set_cover_n100_m66_d0.4_b_w35_seed4.txt,Set Cover,100,RelaxGrouping,500,false,min,2.000000,0.032831,na,0.007555,23817,47129,500,true
set_cover_n100_m66_d0.4_b_w35_seed4.txt,Set Cover,100,RelaxGrouping,2000,false,min,2.000000,0.033636,na,0.007369,25564,50595,531,true
set_cover_n100_m66_d0.4_b_w35_seed4.txt,Set Cover,100,RelaxGrouping,5000,false,min,2.000000,0.033811,na,0.008022,25564,50595,531,true
set_cover_n100_m66_d0.4_b_w35_seed4.txt,Set Cover,100,RelaxGrouping,10000,false,min,2.000000,0.030643,na,0.003818,25564,50595,531,true
set_cover_n100_m66_d0.4_b_w35_seed4.txt,Set Cover,100,RelaxGrouping,20000,false,min,2.000000,0.032046,na,0.003864,25564,50595,531,true
set_cover_n100_m66_d0.05_b_w35_seed1.txt,Set Cover,100,RelaxGrouping,500,true,min,3.000000,0.063919,0.015401,0.003095,10602,17615,249,true
set_cover_n100_m66_d0.05_b_w35_seed1.txt,Set Cover,100,RelaxGrouping,1000,true,min,3.000000,0.126693,0.036226,0.004940,18068,30071,521,true
set_cover_n100_m66_d0.05_b_w35_seed1.txt,Set Cover,100,RelaxGrouping,2000,true,min,3.000000,0.254219,0.097355,0.011635,33002,54620,971,true
set_cover_n100_m66_d0.05_b_w35_seed1.txt,Set Cover,100,RelaxGrouping,5000,true,min,4.000000,0.705834,0.333359,0.038534,77112,127765,2305,true
set_cover_n100_m66_d0.05_b_w35_seed1.txt,Set Cover,100,RelaxGrouping,500,false,min,3.000000,0.069385,na,0.009903,28654,47683,497,true
set_cover_n100_m66_d0.05_b_w35_seed1.txt,Set Cover,100,RelaxGrouping,1000,false,min,3.000000,0.131390,na,0.015965,55553,92578,1000,true
set_cover_n100_m66_d0.05_b_w35_seed1.txt,Set Cover,100,RelaxGrouping,2000,false,min,3.000000,0.273321,na,0.031528,105948,177171,1985,true
set_cover_n100_m66_d0.05_b_w35_seed1.txt,Set Cover,100,RelaxGrouping,10000,true,min,4.000000,1.776214,0.880472,0.081682,122515,205346,3364,true
set_cover_n100_m66_d0.05_b_w35_seed1.txt,Set Cover,100,RelaxGrouping,5000,false,min,4.000000,0.805313,na,0.089156,267094,444576,4996,true
set_cover_n100_m66_d0.05_b_w35_seed1.txt,Set Cover,100,RelaxGrouping,10000,false,min,4.000000,1.992743,na,0.221147,490787,824115,9986,true
set_cover_n100_m66_d0.5_b_w35_seed1.txt,Set Cover,100,RelaxGrouping,500,true,min,2.000000,0.033274,0.010575,0.006198,23700,46895,500,true
set_cover_n100_m66_d0.5_b_w35_seed1.txt,Set Cover,100,RelaxGrouping,1000,true,min,2.000000,0.035953,0.011533,0.006496,25564,50595,531,true
set_cover_n100_m66_d0.5_b_w35_seed1.txt,Set Cover,100,RelaxGrouping,2000,true,min,2.000000,0.033069,0.010179,0.006613,25564,50595,531,true
set_cover_n100_m66_d0.05_b_w35_seed1.txt,Set Cover,100,RelaxGrouping,20000,true,min,4.000000,4.562308,2.015781,0.174834,237656,394820,9914,true
set_cover_n100_m66_d0.5_b_w35_seed1.txt,Set Cover,100,RelaxGrouping,10000,true,min,2.000000,0.034313,0.012360,0.006257,25564,50595,531,true
set_cover_n100_m66_d0.5_b_w35_seed1.txt,Set Cover,100,RelaxGrouping,5000,true,min,2.000000,0.034269,0.012286,0.005854,25564,50595,531,true
set_cover_n100_m66_d0.5_b_w35_seed1.txt,Set Cover,100,RelaxGrouping,500,false,min,2.000000,0.030183,na,0.004183,23817,47129,500,true
set_cover_n100_m66_d0.5_b_w35_seed1.txt,Set Cover,100,RelaxGrouping,20000,true,min,2.000000,0.033810,0.007709,0.003981,25564,50595,531,true
set_cover_n100_m66_d0.05_b_w35_seed1.txt,Set Cover,100,RelaxGrouping,20000,false,min,4.000000,4.229640,na,0.454867,992606,1659325,19934,true
set_cover_n100_m66_d0.5_b_w35_seed1.txt,Set Cover,100,RelaxGrouping,1000,false,min,2.000000,0.034340,na,0.007093,25564,50595,531,true
set_cover_n100_m66_d0.5_b_w35_seed1.txt,Set Cover,100,RelaxGrouping,2000,false,min,2.000000,0.034742,na,0.007292,25564,50595,531,true
set_cover_n100_m66_d0.5_b_w35_seed1.txt,Set Cover,100,RelaxGrouping,5000,false,min,2.000000,0.033371,na,0.005407,25564,50595,531,true
set_cover_n100_m66_d0.5_b_w35_seed1.txt,Set Cover,100,RelaxGrouping,10000,false,min,2.000000,0.034867,na,0.005866,25564,50595,531,true
set_cover_n100_m66_d0.5_b_w35_seed1.txt,Set Cover,100,RelaxGrouping,20000,false,min,2.000000,0.032631,na,0.004358,25564,50595,531,true
set_cover_n100_m66_d0.05_b_w35_seed2.txt,Set Cover,100,RelaxGrouping,500,true,min,2.000000,0.054318,0.014358,0.003321,11073,18261,312,true
set_cover_n100_m66_d0.05_b_w35_seed2.txt,Set Cover,100,RelaxGrouping,1000,true,min,3.000000,0.110076,0.040480,0.008858,19333,32049,514,true
set_cover_n100_m66_d0.05_b_w35_seed2.txt,Set Cover,100,RelaxGrouping,2000,true,min,3.000000,0.224760,0.089146,0.011504,29820,49911,769,true
set_cover_n100_m66_d0.05_b_w35_seed2.txt,Set Cover,100,RelaxGrouping,5000,true,min,3.000000,0.604944,0.254737,0.031393,64974,108503,1894,true
set_cover_n100_m66_d0.05_b_w35_seed2.txt,Set Cover,100,RelaxGrouping,500,false,min,2.000000,0.056751,na,0.007705,27161,45064,499,true
set_cover_n100_m66_d0.05_b_w35_seed2.txt,Set Cover,100,RelaxGrouping,1000,false,min,3.000000,0.107653,na,0.014022,51531,84936,1000,true
set_cover_n100_m66_d0.05_b_w35_seed2.txt,Set Cover,100,RelaxGrouping,10000,true,min,3.000000,1.427405,0.723915,0.079959,124313,206101,4033,true
set_cover_n100_m66_d0.05_b_w35_seed2.txt,Set Cover,100,RelaxGrouping,2000,false,min,3.000000,0.229659,na,0.026819,98872,162439,1999,true
set_cover_n100_m66_d0.05_b_w35_seed2.txt,Set Cover,100,RelaxGrouping,5000,false,min,3.000000,0.634802,na,0.071190,234494,384990,4979,true
set_cover_n100_m66_d0.5_b_w35_seed2.txt,Set Cover,100,RelaxGrouping,500,true,min,2.000000,0.033942,0.011311,0.006591,23700,46895,500,true
set_cover_n100_m66_d0.5_b_w35_seed2.txt,Set Cover,100,RelaxGrouping,1000,true,min,2.000000,0.034771,0.011909,0.006814,25564,50595,531,true
set_cover_n100_m66_d0.05_b_w35_seed2.txt,Set Cover,100,RelaxGrouping,10000,false,min,3.000000,1.524622,na,0.168196,459299,747460,9986,true
set_cover_n100_m66_d0.05_b_w35_seed2.txt,Set Cover,100,RelaxGrouping,20000,true,min,4.000000,3.544597,1.833869,0.166070,217102,360718,7276,true
set_cover_n100_m66_d0.5_b_w35_seed2.txt,Set Cover,100,RelaxGrouping,2000,true,min,2.000000,0.034351,0.008938,0.004552,25564,50595,531,true
set_cover_n100_m66_d0.5_b_w35_seed2.txt,Set Cover,100,RelaxGrouping,5000,true,min,2.000000,0.032476,0.008922,0.004789,25564,50595,531,true
set_cover_n100_m66_d0.5_b_w35_seed2.txt,Set Cover,100,RelaxGrouping,20000,true,min,2.000000,0.035771,0.012360,0.007005,25564,50595,531,true
set_cover_n100_m66_d0.5_b_w35_seed2.txt,Set Cover,100,RelaxGrouping,10000,true,min,2.000000,0.035832,0.012440,0.006783,25564,50595,531,true
set_cover_n100_m66_d0.05_b_w35_seed2.txt,Set Cover,100,RelaxGrouping,20000,false,min,4.000000,3.575076,na,0.375755,880384,1436503,19979,true
set_cover_n100_m66_d0.5_b_w35_seed2.txt,Set Cover,100,RelaxGrouping,500,false,min,2.000000,0.032843,na,0.006478,23817,47129,500,true
set_cover_n100_m66_d0.5_b_w35_seed2.txt,Set Cover,100,RelaxGrouping,1000,false,min,2.000000,0.035426,na,0.007166,25564,50595,531,true
set_cover_n100_m66_d0.5_b_w35_seed2.txt,Set Cover,100,RelaxGrouping,2000,false,min,2.000000,0.031677,na,0.003968,25564,50595,531,true
set_cover_n100_m66_d0.5_b_w35_seed2.txt,Set Cover,100,RelaxGrouping,5000,false,min,2.000000,0.033036,na,0.005216,25564,50595,531,true
set_cover_n100_m66_d0.5_b_w35_seed2.txt,Set Cover,100,RelaxGrouping,10000,false,min,2.000000,0.031072,na,0.003909,25564,50595,531,true
set_cover_n100_m66_d0.5_b_w35_seed2.txt,Set Cover,100,RelaxGrouping,20000,false,min,2.000000,0.031542,na,0.004068,25564,50595,531,true
set_cover_n100_m66_d0.05_b_w35_seed3.txt,Set Cover,100,RelaxGrouping,500,true,min,2.000000,0.056279,0.013670,0.003009,12547,20011,500,true
set_cover_n100_m66_d0.05_b_w35_seed3.txt,Set Cover,100,RelaxGrouping,1000,true,min,3.000000,0.110931,0.040599,0.009435,22119,35504,998,true
set_cover_n100_m66_d0.05_b_w35_seed3.txt,Set Cover,100,RelaxGrouping,2000,true,min,2.000000,0.231797,0.084239,0.019019,41112,66294,1956,true
set_cover_n100_m66_d0.05_b_w35_seed3.txt,Set Cover,100,RelaxGrouping,5000,true,min,4.000000,0.629667,0.256233,0.042563,87768,143130,4173,true
set_cover_n100_m66_d0.05_b_w35_seed3.txt,Set Cover,100,RelaxGrouping,500,false,min,2.000000,0.061174,na,0.005996,28928,47149,500,true
set_cover_n100_m66_d0.05_b_w35_seed3.txt,Set Cover,100,RelaxGrouping,1000,false,min,3.000000,0.114157,na,0.011557,53995,88791,999,true
set_cover_n100_m66_d0.05_b_w35_seed3.txt,Set Cover,100,RelaxGrouping,10000,true,min,4.000000,1.462742,0.658981,0.081748,142090,232630,5899,true
set_cover_n100_m66_d0.05_b_w35_seed3.txt,Set Cover,100,RelaxGrouping,2000,false,min,2.000000,0.252980,na,0.031203,104053,170644,1988,true
set_cover_n100_m66_d0.05_b_w35_seed3.txt,Set Cover,100,RelaxGrouping,5000,false,min,4.000000,0.702930,na,0.078349,247325,406550,4985,true
set_cover_n100_m66_d0.05_b_w35_seed3.txt,Set Cover,100,RelaxGrouping,10000,false,min,4.000000,1.639492,na,0.169933,450259,746970,9960,true
set_cover_n100_m66_d0.5_b_w35_seed3.txt,Set Cover,100,RelaxGrouping,500,true,min,2.000000,0.032571,0.008563,0.004558,23700,46895,500,true
set_cover_n100_m66_d0.05_b_w35_seed3.txt,Set Cover,100,RelaxGrouping,20000,true,min,4.000000,3.827050,1.843257,0.189013,278037,455676,9461,true
set_cover_n100_m66_d0.5_b_w35_seed3.txt,Set Cover,100,RelaxGrouping,1000,true,min,2.000000,0.034075,0.012517,0.006860,25564,50595,531,true
set_cover_n100_m66_d0.5_b_w35_seed3.txt,Set Cover,100,RelaxGrouping,2000,true,min,2.000000,0.035175,0.011471,0.006808,25564,50595,531,true
set_cover_n100_m66_d0.5_b_w35_seed3.txt,Set Cover,100,RelaxGrouping,5000,true,min,2.000000,0.035424,0.012418,0.006950,25564,50595,531,true
set_cover_n100_m66_d0.5_b_w35_seed3.txt,Set Cover,100,RelaxGrouping,10000,true,min,2.000000,0.033581,0.010532,0.006686,25564,50595,531,true
set_cover_n100_m66_d0.5_b_w35_seed3.txt,Set Cover,100,RelaxGrouping,20000,true,min,2.000000,0.033937,0.011286,0.007903,25564,50595,531,true
set_cover_n100_m66_d0.05_b_w35_seed3.txt,Set Cover,100,RelaxGrouping,20000,false,min,4.000000,3.825426,na,0.416553,907786,1494701,19941,true
set_cover_n100_m66_d0.5_b_w35_seed3.txt,Set Cover,100,RelaxGrouping,500,false,min,2.000000,0.030174,na,0.005902,23817,47129,500,true
set_cover_n100_m66_d0.5_b_w35_seed3.txt,Set Cover,100,RelaxGrouping,1000,false,min,2.000000,0.034307,na,0.005953,25564,50595,531,true
set_cover_n100_m66_d0.5_b_w35_seed3.txt,Set Cover,100,RelaxGrouping,2000,false,min,2.000000,0.035313,na,0.006562,25564,50595,531,true
set_cover_n100_m66_d0.5_b_w35_seed3.txt,Set Cover,100,RelaxGrouping,5000,false,min,2.000000,0.035618,na,0.006621,25564,50595,531,true
set_cover_n100_m66_d0.5_b_w35_seed3.txt,Set Cover,100,RelaxGrouping,10000,false,min,2.000000,0.035776,na,0.006775,25564,50595,531,true
set_cover_n100_m66_d0.5_b_w35_seed3.txt,Set Cover,100,RelaxGrouping,20000,false,min,2.000000,0.032547,na,0.004229,25564,50595,531,true
set_cover_n100_m66_d0.05_b_w35_seed4.txt,Set Cover,100,RelaxGrouping,500,true,min,2.000000,0.055314,0.016588,0.003964,8959,14727,374,true
set_cover_n100_m66_d0.05_b_w35_seed4.txt,Set Cover,100,RelaxGrouping,1000,true,min,3.000000,0.113746,0.040601,0.005423,16473,26705,486,true
set_cover_n100_m66_d0.05_b_w35_seed4.txt,Set Cover,100,RelaxGrouping,2000,true,min,3.000000,0.235434,0.094595,0.011346,29896,48653,1257,true
set_cover_n100_m66_d0.05_b_w35_seed4.txt,Set Cover,100,RelaxGrouping,5000,true,min,3.000000,0.653962,0.279838,0.036882,66706,108580,2538,true
set_cover_n100_m66_d0.05_b_w35_seed4.txt,Set Cover,100,RelaxGrouping,500,false,min,2.000000,0.057457,na,0.006855,26098,43677,498,true
set_cover_n100_m66_d0.05_b_w35_seed4.txt,Set Cover,100,RelaxGrouping,1000,false,min,3.000000,0.112853,na,0.009705,51209,85081,993,true
set_cover_n100_m66_d0.05_b_w35_seed4.txt,Set Cover,100,RelaxGrouping,10000,true,min,3.000000,1.461547,0.732502,0.089749,142580,232319,5294,true
set_cover_n100_m66_d0.05_b_w35_seed4.txt,Set Cover,100,RelaxGrouping,2000,false,min,3.000000,0.239854,na,0.030135,101748,169351,1994,true
set_cover_n100_m66_d0.05_b_w35_seed4.txt,Set Cover,100,RelaxGrouping,5000,false,min,3.000000,0.669228,na,0.076798,244154,404125,4990,true
set_cover_n100_m66_d0.5_b_w35_seed4.txt,Set Cover,100,RelaxGrouping,500,true,min,2.000000,0.032144,0.010897,0.006937,23700,46895,500,true
set_cover_n100_m66_d0.05_b_w35_seed4.txt,Set Cover,100,RelaxGrouping,10000,false,min,3.000000,1.730046,na,0.186571,493582,813675,9994,true
set_cover_n100_m66_d0.05_b_w35_seed4.txt,Set Cover,100,RelaxGrouping,20000,true,min,3.000000,3.665137,2.038933,0.162739,229864,377714,7976,true
set_cover_n100_m66_d0.5_b_w35_seed4.txt,Set Cover,100,RelaxGrouping,1000,true,min,2.000000,0.032857,0.010423,0.005408,25564,50595,531,true
set_cover_n100_m66_d0.5_b_w35_seed4.txt,Set Cover,100,RelaxGrouping,2000,true,min,2.000000,0.033547,0.010406,0.005549,25564,50595,531,true
set_cover_n100_m66_d0.5_b_w35_seed4.txt,Set Cover,100,RelaxGrouping,5000,true,min,2.000000,0.034554,0.010696,0.006602,25564,50595,531,true
set_cover_n100_m66_d0.5_b_w35_seed4.txt,Set Cover,100,RelaxGrouping,10000,true,min,2.000000,0.034745,0.010645,0.007011,25564,50595,531,true
set_cover_n100_m66_d0.05_b_w35_seed4.txt,Set Cover,100,RelaxGrouping,20000,false,min,3.000000,3.570877,na,0.420027,924549,1533609,19962,true
set_cover_n100_m66_d0.5_b_w35_seed4.txt,Set Cover,100,RelaxGrouping,500,false,min,2.000000,0.032886,na,0.006983,23817,47129,500,true
set_cover_n100_m66_d0.5_b_w35_seed4.txt,Set Cover,100,RelaxGrouping,20000,true,min,2.000000,0.033592,0.009773,0.005461,25564,50595,531,true
set_cover_n100_m66_d0.5_b_w35_seed4.txt,Set Cover,100,RelaxGrouping,1000,false,min,2.000000,0.033533,na,0.005439,25564,50595,531,true
set_cover_n100_m66_d0.5_b_w35_seed4.txt,Set Cover,100,RelaxGrouping,2000,false,min,2.000000,0.033408,na,0.005175,25564,50595,531,true
set_cover_n100_m66_d0.5_b_w35_seed4.txt,Set Cover,100,RelaxGrouping,10000,false,min,2.000000,0.032233,na,0.004639,25564,50595,531,true
set_cover_n100_m66_d0.5_b_w35_seed4.txt,Set Cover,100,RelaxGrouping,5000,false,min,2.000000,0.032341,na,0.005050,25564,50595,531,true
set_cover_n100_m66_d0.5_b_w35_seed4.txt,Set Cover,100,RelaxGrouping,20000,false,min,2.000000,0.034486,na,0.005551,25564,50595,531,true
set_cover_n100_m66_d0.15_b_w35_seed1.txt,Set Cover,100,RelaxGrouping,500,true,min,2.000000,0.079484,0.016645,0.002842,10147,19100,290,true
set_cover_n100_m66_d0.15_b_w35_seed1.txt,Set Cover,100,RelaxGrouping,1000,true,min,2.000000,0.166261,0.058930,0.009847,18930,35761,449,true
set_cover_n100_m66_d0.15_b_w35_seed1.txt,Set Cover,100,RelaxGrouping,2000,true,min,2.000000,0.328420,0.146151,0.016148,35410,67198,954,true
set_cover_n100_m66_d0.15_b_w35_seed1.txt,Set Cover,100,RelaxGrouping,500,false,min,2.000000,0.086322,na,0.009779,33901,62247,492,true
set_cover_n100_m66_d0.15_b_w35_seed1.txt,Set Cover,100,RelaxGrouping,5000,true,min,2.000000,0.886248,0.460640,0.054083,80629,153057,2030,true
set_cover_n100_m66_d0.15_b_w35_seed1.txt,Set Cover,100,RelaxGrouping,1000,false,min,2.000000,0.168256,na,0.021268,66768,122692,999,true
set_cover_n100_m66_d0.15_b_w35_seed1.txt,Set Cover,100,RelaxGrouping,10000,true,min,2.000000,2.189687,1.170560,0.114918,153900,294283,3745,true
set_cover_n100_m66_d0.15_b_w35_seed1.txt,Set Cover,100,RelaxGrouping,2000,false,min,2.000000,0.327739,na,0.038567,128136,236323,1996,true
set_cover_n100_m66_d0.15_b_w35_seed1.txt,Set Cover,100,RelaxGrouping,5000,false,min,2.000000,0.865930,na,0.105478,304643,563850,4978,true
set_cover_n100_m66_d0.15_b_w35_seed2.txt,Set Cover,100,RelaxGrouping,500,true,min,2.000000,0.084886,0.026036,0.004943,8941,16620,188,true
set_cover_n100_m66_d0.15_b_w35_seed1.txt,Set Cover,100,RelaxGrouping,10000,false,min,2.000000,2.022649,na,0.247268,592997,1103166,9982,true
set_cover_n100_m66_d0.15_b_w35_seed2.txt,Set Cover,100,RelaxGrouping,1000,true,min,2.000000,0.170258,0.055768,0.008014,16905,31355,444,true
set_cover_n100_m66_d0.15_b_w35_seed2.txt,Set Cover,100,RelaxGrouping,2000,true,min,2.000000,0.331777,0.142891,0.016427,28990,54093,697,true
set_cover_n100_m66_d0.15_b_w35_seed1.txt,Set Cover,100,RelaxGrouping,20000,true,min,2.000000,4.920517,2.499121,0.238847,277701,531030,6208,true
set_cover_n100_m66_d0.15_b_w35_seed2.txt,Set Cover,100,RelaxGrouping,5000,true,min,2.000000,0.920673,0.442710,0.043664,62561,117598,1446,true
set_cover_n100_m66_d0.15_b_w35_seed1.txt,Set Cover,100,RelaxGrouping,20000,false,min,2.000000,4.843899,na,0.519906,1129370,2098562,19970,true
set_cover_n100_m66_d0.15_b_w35_seed2.txt,Set Cover,100,RelaxGrouping,500,false,min,2.000000,0.088116,na,0.011716,33634,61016,500,true
set_cover_n100_m66_d0.15_b_w35_seed2.txt,Set Cover,100,RelaxGrouping,1000,false,min,2.000000,0.179461,na,0.022021,67259,122126,995,true
set_cover_n100_m66_d0.15_b_w35_seed2.txt,Set Cover,100,RelaxGrouping,10000,true,min,2.000000,2.293225,1.269514,0.087915,119855,226830,2920,true
set_cover_n100_m66_d0.15_b_w35_seed2.txt,Set Cover,100,RelaxGrouping,2000,false,min,2.000000,0.348507,na,0.035370,130089,236013,1995,true
set_cover_n100_m66_d0.15_b_w35_seed2.txt,Set Cover,100,RelaxGrouping,5000,false,min,2.000000,1.027932,na,0.108763,306112,558299,4994,true
set_cover_n100_m66_d0.15_b_w35_seed3.txt,Set Cover,100,RelaxGrouping,500,true,min,2.000000,0.091569,0.027982,0.005629,9804,18028,308,true
set_cover_n100_m66_d0.15_b_w35_seed2.txt,Set Cover,100,RelaxGrouping,10000,false,min,2.000000,2.457002,na,0.257945,604176,1103812,9987,true
set_cover_n100_m66_d0.15_b_w35_seed3.txt,Set Cover,100,RelaxGrouping,1000,true,min,2.000000,0.184984,0.062956,0.008103,16886,31044,414,true
set_cover_n100_m66_d0.15_b_w35_seed2.txt,Set Cover,100,RelaxGrouping,20000,true,min,2.000000,5.633052,2.978010,0.187093,213908,407319,5656,true
set_cover_n100_m66_d0.15_b_w35_seed3.txt,Set Cover,100,RelaxGrouping,2000,true,min,2.000000,0.365648,0.153092,0.021445,36267,67146,1139,true
set_cover_n100_m66_d0.15_b_w35_seed3.txt,Set Cover,100,RelaxGrouping,5000,true,min,2.000000,0.992969,0.492298,0.054061,85489,159014,2716,true
set_cover_n100_m66_d0.15_b_w35_seed2.txt,Set Cover,100,RelaxGrouping,20000,false,min,2.000000,5.596708,na,0.569796,1145462,2100993,19834,true
set_cover_n100_m66_d0.15_b_w35_seed3.txt,Set Cover,100,RelaxGrouping,500,false,min,2.000000,0.087991,na,0.009679,35588,65475,500,true
set_cover_n100_m66_d0.15_b_w35_seed3.txt,Set Cover,100,RelaxGrouping,1000,false,min,2.000000,0.183843,na,0.021553,69212,127177,990,true
set_cover_n100_m66_d0.15_b_w35_seed3.txt,Set Cover,100,RelaxGrouping,10000,true,min,2.000000,2.438274,1.250987,0.116497,167779,312286,5077,true
set_cover_n100_m66_d0.15_b_w35_seed3.txt,Set Cover,100,RelaxGrouping,2000,false,min,2.000000,0.361015,na,0.042971,139378,255183,1998,true
set_cover_n100_m66_d0.15_b_w35_seed3.txt,Set Cover,100,RelaxGrouping,5000,false,min,2.000000,0.957815,na,0.113938,331886,611024,4962,true
set_cover_n100_m66_d0.15_b_w35_seed4.txt,Set Cover,100,RelaxGrouping,500,true,min,2.000000,0.086405,0.029153,0.005364,10000,18511,250,true
set_cover_n100_m66_d0.15_b_w35_seed4.txt,Set Cover,100,RelaxGrouping,1000,true,min,2.000000,0.177721,0.065324,0.010873,19823,36861,503,true
set_cover_n100_m66_d0.15_b_w35_seed4.txt,Set Cover,100,RelaxGrouping,2000,true,min,2.000000,0.352833,0.148087,0.020842,38566,72392,906,true
set_cover_n100_m66_d0.15_b_w35_seed3.txt,Set Cover,100,RelaxGrouping,10000,false,min,2.000000,2.471563,na,0.254799,641953,1184870,9983,true
set_cover_n100_m66_d0.15_b_w35_seed3.txt,Set Cover,100,RelaxGrouping,20000,true,min,2.000000,5.392209,2.945798,0.232800,282333,526310,8618,true
set_cover_n100_m66_d0.15_b_w35_seed4.txt,Set Cover,100,RelaxGrouping,500,false,min,2.000000,0.085499,na,0.009241,34366,62860,497,true
set_cover_n100_m66_d0.15_b_w35_seed4.txt,Set Cover,100,RelaxGrouping,5000,true,min,2.000000,0.871468,0.460678,0.056584,87273,163283,2185,true
set_cover_n100_m66_d0.15_b_w35_seed3.txt,Set Cover,100,RelaxGrouping,20000,false,min,2.000000,5.468238,na,0.566403,1206437,2230973,19971,true
set_cover_n100_m66_d0.15_b_w35_seed4.txt,Set Cover,100,RelaxGrouping,1000,false,min,2.000000,0.167452,na,0.020421,68621,125187,999,true
set_cover_n100_m66_d0.15_b_w35_seed4.txt,Set Cover,100,RelaxGrouping,10000,true,min,2.000000,2.182516,1.127418,0.123505,170391,319917,4655,true
set_cover_n100_m66_d0.15_b_w35_seed4.txt,Set Cover,100,RelaxGrouping,2000,false,min,2.000000,0.339066,na,0.038835,135712,247309,1988,true
set_cover_n100_m66_d0.15_b_w35_seed4.txt,Set Cover,100,RelaxGrouping,5000,false,min,2.000000,0.891440,na,0.107028,321100,587299,4991,true
set_cover_n100_m66_d0.25_b_w35_seed1.txt,Set Cover,100,RelaxGrouping,500,true,min,2.000000,0.078878,0.028690,0.005274,10855,21039,231,true
set_cover_n100_m66_d0.15_b_w35_seed4.txt,Set Cover,100,RelaxGrouping,10000,false,min,2.000000,1.934581,na,0.252021,611153,1121013,9983,true
set_cover_n100_m66_d0.25_b_w35_seed1.txt,Set Cover,100,RelaxGrouping,1000,true,min,2.000000,0.139979,0.058874,0.012369,21129,41076,489,true
set_cover_n100_m66_d0.25_b_w35_seed1.txt,Set Cover,100,RelaxGrouping,2000,true,min,2.000000,0.270584,0.133548,0.023049,40216,78291,920,true
set_cover_n100_m66_d0.15_b_w35_seed4.txt,Set Cover,100,RelaxGrouping,20000,true,min,2.000000,4.929139,2.651090,0.254908,320824,605448,9501,true
set_cover_n100_m66_d0.25_b_w35_seed1.txt,Set Cover,100,RelaxGrouping,5000,true,min,2.000000,0.654462,0.345190,0.058846,95535,186957,2402,true
set_cover_n100_m66_d0.15_b_w35_seed4.txt,Set Cover,100,RelaxGrouping,20000,false,min,2.000000,4.894676,na,0.527427,1153135,2125899,19970,true
set_cover_n100_m66_d0.25_b_w35_seed1.txt,Set Cover,100,RelaxGrouping,500,false,min,2.000000,0.073612,na,0.008580,34755,66111,493,true
set_cover_n100_m66_d0.25_b_w35_seed1.txt,Set Cover,100,RelaxGrouping,10000,true,min,2.000000,1.373072,0.853419,0.128912,187312,368065,4951,true
set_cover_n100_m66_d0.25_b_w35_seed1.txt,Set Cover,100,RelaxGrouping,1000,false,min,2.000000,0.139079,na,0.019525,66484,126930,993,true
set_cover_n100_m66_d0.25_b_w35_seed1.txt,Set Cover,100,RelaxGrouping,2000,false,min,2.000000,0.262242,na,0.037570,124435,237884,1993,true
set_cover_n100_m66_d0.25_b_w35_seed1.txt,Set Cover,100,RelaxGrouping,5000,false,min,2.000000,0.633392,na,0.085176,278821,534492,4983,true
set_cover_n100_m66_d0.25_b_w35_seed1.txt,Set Cover,100,RelaxGrouping,20000,true,min,2.000000,2.843349,1.880514,0.254649,356652,703064,10024,true
set_cover_n100_m66_d0.25_b_w35_seed1.txt,Set Cover,100,RelaxGrouping,10000,false,min,2.000000,1.332526,na,0.181979,510690,980308,9980,true
set_cover_n100_m66_d0.25_b_w35_seed2.txt,Set Cover,100,RelaxGrouping,500,true,min,2.000000,0.072256,0.026480,0.005554,12082,23286,357,true
set_cover_n100_m66_d0.25_b_w35_seed2.txt,Set Cover,100,RelaxGrouping,1000,true,min,2.000000,0.130167,0.053203,0.008418,20803,40264,533,true
set_cover_n100_m66_d0.25_b_w35_seed2.txt,Set Cover,100,RelaxGrouping,2000,true,min,2.000000,0.248409,0.120714,0.020812,41330,80658,814,true
set_cover_n100_m66_d0.25_b_w35_seed1.txt,Set Cover,100,RelaxGrouping,20000,false,min,2.000000,2.748938,na,0.384071,923725,1774351,19989,true
set_cover_n100_m66_d0.25_b_w35_seed2.txt,Set Cover,100,RelaxGrouping,5000,true,min,2.000000,0.668523,0.350733,0.062669,98766,193665,2056,true
set_cover_n100_m66_d0.25_b_w35_seed2.txt,Set Cover,100,RelaxGrouping,500,false,min,2.000000,0.070322,na,0.007913,34639,65731,494,true
set_cover_n100_m66_d0.25_b_w35_seed2.txt,Set Cover,100,RelaxGrouping,1000,false,min,2.000000,0.125519,na,0.014693,63757,121580,997,true
set_cover_n100_m66_d0.25_b_w35_seed2.txt,Set Cover,100,RelaxGrouping,10000,true,min,2.000000,1.345610,0.809782,0.125287,201649,397187,4575,true
set_cover_n100_m66_d0.25_b_w35_seed2.txt,Set Cover,100,RelaxGrouping,2000,false,min,2.000000,0.250984,na,0.035960,120587,230680,1996,true
set_cover_n100_m66_d0.25_b_w35_seed2.txt,Set Cover,100,RelaxGrouping,5000,false,min,2.000000,0.630426,na,0.084151,275182,528168,4988,true
set_cover_n100_m66_d0.25_b_w35_seed3.txt,Set Cover,100,RelaxGrouping,500,true,min,2.000000,0.075687,0.028719,0.005810,10595,20505,246,true
set_cover_n100_m66_d0.25_b_w35_seed2.txt,Set Cover,100,RelaxGrouping,10000,false,min,2.000000,1.339903,na,0.182459,508804,979363,9992,true
set_cover_n100_m66_d0.25_b_w35_seed2.txt,Set Cover,100,RelaxGrouping,20000,true,min,2.000000,2.450340,2.017592,0.294254,414963,819046,10380,true
set_cover_n100_m66_d0.25_b_w35_seed3.txt,Set Cover,100,RelaxGrouping,1000,true,min,2.000000,0.140214,0.059439,0.010455,18701,36478,393,true
set_cover_n100_m66_d0.25_b_w35_seed2.txt,Set Cover,100,RelaxGrouping,20000,false,min,2.000000,2.913834,na,0.375470,932491,1795519,19973,true
set_cover_n100_m66_d0.25_b_w35_seed3.txt,Set Cover,100,RelaxGrouping,2000,true,min,2.000000,0.280017,0.128243,0.022514,38370,75026,924,true
set_cover_n100_m66_d0.25_b_w35_seed3.txt,Set Cover,100,RelaxGrouping,5000,true,min,2.000000,0.673478,0.411770,0.067453,105913,208198,2671,true
set_cover_n100_m66_d0.25_b_w35_seed3.txt,Set Cover,100,RelaxGrouping,500,false,min,2.000000,0.071556,na,0.007136,34039,64378,500,true
set_cover_n100_m66_d0.25_b_w35_seed3.txt,Set Cover,100,RelaxGrouping,1000,false,min,2.000000,0.137905,na,0.017498,66184,125707,999,true
set_cover_n100_m66_d0.25_b_w35_seed3.txt,Set Cover,100,RelaxGrouping,2000,false,min,2.000000,0.274648,na,0.036616,127772,243277,1990,true
set_cover_n100_m66_d0.25_b_w35_seed3.txt,Set Cover,100,RelaxGrouping,10000,true,min,2.000000,1.485478,0.937930,0.142279,218882,431418,5390,true
set_cover_n100_m66_d0.25_b_w35_seed3.txt,Set Cover,100,RelaxGrouping,5000,false,min,2.000000,0.664652,na,0.094803,301555,576290,4992,true
set_cover_n100_m66_d0.25_b_w35_seed4.txt,Set Cover,100,RelaxGrouping,500,true,min,2.000000,0.071527,0.024103,0.005998,11709,22739,253,true
set_cover_n100_m66_d0.25_b_w35_seed3.txt,Set Cover,100,RelaxGrouping,20000,true,min,2.000000,3.075868,2.097448,0.288842,407614,804808,9871,true
set_cover_n100_m66_d0.25_b_w35_seed3.txt,Set Cover,100,RelaxGrouping,10000,false,min,2.000000,1.435344,na,0.199118,559225,1071103,9988,true
set_cover_n100_m66_d0.25_b_w35_seed4.txt,Set Cover,100,RelaxGrouping,1000,true,min,2.000000,0.136201,0.055434,0.010028,23242,45330,535,true
set_cover_n100_m66_d0.25_b_w35_seed3.txt,Set Cover,100,RelaxGrouping,20000,false,min,2.000000,2.974167,na,0.391627,1017542,1953598,19997,true
set_cover_n100_m66_d0.25_b_w35_seed4.txt,Set Cover,100,RelaxGrouping,2000,true,min,2.000000,0.242706,0.121914,0.023167,46529,90854,1017,true
set_cover_n100_m66_d0.25_b_w35_seed4.txt,Set Cover,100,RelaxGrouping,5000,true,min,2.000000,0.621832,0.353172,0.064502,113017,221799,2709,true
set_cover_n100_m66_d0.25_b_w35_seed4.txt,Set Cover,100,RelaxGrouping,500,false,min,2.000000,0.068462,na,0.007839,33242,63575,496,true
set_cover_n100_m66_d0.25_b_w35_seed4.txt,Set Cover,100,RelaxGrouping,1000,false,min,2.000000,0.133759,na,0.018250,63766,122151,995,true
set_cover_n100_m66_d0.25_b_w35_seed4.txt,Set Cover,100,RelaxGrouping,10000,true,min,2.000000,1.320194,0.817110,0.147637,232010,457159,5700,true
set_cover_n100_m66_d0.25_b_w35_seed4.txt,Set Cover,100,RelaxGrouping,2000,false,min,2.000000,0.260393,na,0.036712,123758,237216,1993,true
set_cover_n100_m66_d0.25_b_w35_seed4.txt,Set Cover,100,RelaxGrouping,5000,false,min,2.000000,0.619040,na,0.087178,284235,545466,4990,true
set_cover_n100_m66_d0.25_b_w35_seed4.txt,Set Cover,100,RelaxGrouping,20000,true,min,2.000000,2.483164,1.711797,0.293620,435892,858511,11794,true
set_cover_n100_m66_d0.35_b_w35_seed1.txt,Set Cover,100,RelaxGrouping,500,true,min,2.000000,0.033535,0.012401,0.007014,23700,46895,500,true
set_cover_n100_m66_d0.35_b_w35_seed1.txt,Set Cover,100,RelaxGrouping,1000,true,min,2.000000,0.035896,0.012914,0.007536,25564,50595,531,true
set_cover_n100_m66_d0.25_b_w35_seed4.txt,Set Cover,100,RelaxGrouping,10000,false,min,2.000000,1.314401,na,0.177422,524489,1008598,9996,true
set_cover_n100_m66_d0.25_b_w35_seed4.txt,Set Cover,100,RelaxGrouping,20000,false,min,2.000000,2.570621,na,0.341550,916128,1762412,19990,true
set_cover_n100_m66_d0.35_b_w35_seed1.txt,Set Cover,100,RelaxGrouping,2000,true,min,2.000000,0.036211,0.010241,0.005322,25564,50595,531,true
set_cover_n100_m66_d0.35_b_w35_seed1.txt,Set Cover,100,RelaxGrouping,5000,true,min,2.000000,0.036654,0.010972,0.008143,25564,50595,531,true
set_cover_n100_m66_d0.35_b_w35_seed1.txt,Set Cover,100,RelaxGrouping,10000,true,min,2.000000,0.035180,0.010935,0.011008,25564,50595,531,true
set_cover_n100_m66_d0.35_b_w35_seed1.txt,Set Cover,100,RelaxGrouping,20000,true,min,2.000000,0.034798,0.011191,0.010159,25564,50595,531,true
set_cover_n100_m66_d0.35_b_w35_seed1.txt,Set Cover,100,RelaxGrouping,500,false,min,2.000000,0.032294,na,0.005963,23817,47129,500,true
set_cover_n100_m66_d0.35_b_w35_seed1.txt,Set Cover,100,RelaxGrouping,1000,false,min,2.000000,0.034604,na,0.006735,25564,50595,531,true
set_cover_n100_m66_d0.35_b_w35_seed1.txt,Set Cover,100,RelaxGrouping,2000,false,min,2.000000,0.036498,na,0.006950,25564,50595,531,true
set_cover_n100_m66_d0.35_b_w35_seed1.txt,Set Cover,100,RelaxGrouping,10000,false,min,2.000000,0.036691,na,0.008157,25564,50595,531,true
set_cover_n100_m66_d0.35_b_w35_seed1.txt,Set Cover,100,RelaxGrouping,5000,false,min,2.000000,0.035059,na,0.010139,25564,50595,531,true
set_cover_n100_m66_d0.35_b_w35_seed1.txt,Set Cover,100,RelaxGrouping,20000,false,min,2.000000,0.035743,na,0.011043,25564,50595,531,true
set_cover_n100_m66_d0.35_b_w35_seed2.txt,Set Cover,100,RelaxGrouping,500,true,min,2.000000,0.033288,0.009672,0.005139,23700,46895,500,true
set_cover_n100_m66_d0.35_b_w35_seed2.txt,Set Cover,100,RelaxGrouping,1000,true,min,2.000000,0.033931,0.010932,0.008961,25564,50595,531,true
set_cover_n100_m66_d0.35_b_w35_seed2.txt,Set Cover,100,RelaxGrouping,2000,true,min,2.000000,0.034348,0.011009,0.007998,25564,50595,531,true
set_cover_n100_m66_d0.35_b_w35_seed2.txt,Set Cover,100,RelaxGrouping,5000,true,min,2.000000,0.035699,0.011013,0.009070,25564,50595,531,true
set_cover_n100_m66_d0.35_b_w35_seed2.txt,Set Cover,100,RelaxGrouping,500,false,min,2.000000,0.033653,na,0.006015,23817,47129,500,true
set_cover_n100_m66_d0.35_b_w35_seed2.txt,Set Cover,100,RelaxGrouping,1000,false,min,2.000000,0.034741,na,0.006100,25564,50595,531,true
set_cover_n100_m66_d0.35_b_w35_seed2.txt,Set Cover,100,RelaxGrouping,2000,false,min,2.000000,0.036593,na,0.007172,25564,50595,531,true
set_cover_n100_m66_d0.35_b_w35_seed2.txt,Set Cover,100,RelaxGrouping,10000,true,min,2.000000,0.034084,0.010967,0.007480,25564,50595,531,true
set_cover_n100_m66_d0.35_b_w35_seed2.txt,Set Cover,100,RelaxGrouping,20000,true,min,2.000000,0.036170,0.011813,0.006684,25564,50595,531,true
set_cover_n100_m66_d0.35_b_w35_seed2.txt,Set Cover,100,RelaxGrouping,5000,false,min,2.000000,0.035215,na,0.007733,25564,50595,531,true
set_cover_n100_m66_d0.35_b_w35_seed2.txt,Set Cover,100,RelaxGrouping,10000,false,min,2.000000,0.037046,na,0.009058,25564,50595,531,true
set_cover_n100_m66_d0.35_b_w35_seed2.txt,Set Cover,100,RelaxGrouping,20000,false,min,2.000000,0.035534,na,0.008792,25564,50595,531,true
set_cover_n100_m66_d0.35_b_w35_seed3.txt,Set Cover,100,RelaxGrouping,500,true,min,2.000000,0.034769,0.012020,0.007042,23700,46895,500,true
set_cover_n100_m66_d0.35_b_w35_seed3.txt,Set Cover,100,RelaxGrouping,1000,true,min,2.000000,0.035692,0.013098,0.006735,25564,50595,531,true
set_cover_n100_m66_d0.35_b_w35_seed3.txt,Set Cover,100,RelaxGrouping,500,false,min,2.000000,0.033071,na,0.009129,23817,47129,500,true
set_cover_n100_m66_d0.35_b_w35_seed3.txt,Set Cover,100,RelaxGrouping,2000,true,min,2.000000,0.034762,0.011153,0.006518,25564,50595,531,true
set_cover_n100_m66_d0.35_b_w35_seed3.txt,Set Cover,100,RelaxGrouping,5000,true,min,2.000000,0.036949,0.010920,0.006646,25564,50595,531,true
set_cover_n100_m66_d0.35_b_w35_seed3.txt,Set Cover,100,RelaxGrouping,10000,true,min,2.000000,0.037001,0.011836,0.006737,25564,50595,531,true
set_cover_n100_m66_d0.35_b_w35_seed3.txt,Set Cover,100,RelaxGrouping,20000,true,min,2.000000,0.037178,0.012026,0.007199,25564,50595,531,true
set_cover_n100_m66_d0.35_b_w35_seed3.txt,Set Cover,100,RelaxGrouping,1000,false,min,2.000000,0.036739,na,0.007324,25564,50595,531,true
set_cover_n100_m66_d0.35_b_w35_seed3.txt,Set Cover,100,RelaxGrouping,2000,false,min,2.000000,0.034957,na,0.008446,25564,50595,531,true
set_cover_n100_m66_d0.35_b_w35_seed3.txt,Set Cover,100,RelaxGrouping,5000,false,min,2.000000,0.034691,na,0.007551,25564,50595,531,true
set_cover_n100_m66_d0.35_b_w35_seed3.txt,Set Cover,100,RelaxGrouping,10000,false,min,2.000000,0.036473,na,0.007876,25564,50595,531,true
set_cover_n100_m66_d0.35_b_w35_seed3.txt,Set Cover,100,RelaxGrouping,20000,false,min,2.000000,0.034907,na,0.008173,25564,50595,531,true
set_cover_n100_m66_d0.35_b_w35_seed4.txt,Set Cover,100,RelaxGrouping,500,true,min,2.000000,0.034400,0.011331,0.005935,23700,46895,500,true
set_cover_n100_m66_d0.35_b_w35_seed4.txt,Set Cover,100,RelaxGrouping,1000,true,min,2.000000,0.036915,0.011840,0.006748,25564,50595,531,true
set_cover_n100_m66_d0.35_b_w35_seed4.txt,Set Cover,100,RelaxGrouping,5000,true,min,2.000000,0.035384,0.012083,0.007162,25564,50595,531,true
set_cover_n100_m66_d0.35_b_w35_seed4.txt,Set Cover,100,RelaxGrouping,2000,true,min,2.000000,0.037247,0.012491,0.007394,25564,50595,531,true
set_cover_n100_m66_d0.35_b_w35_seed4.txt,Set Cover,100,RelaxGrouping,10000,true,min,2.000000,0.036943,0.012426,0.007923,25564,50595,531,true
set_cover_n100_m66_d0.35_b_w35_seed4.txt,Set Cover,100,RelaxGrouping,500,false,min,2.000000,0.032348,na,0.006568,23817,47129,500,true
set_cover_n100_m66_d0.35_b_w35_seed4.txt,Set Cover,100,RelaxGrouping,2000,false,min,2.000000,0.034768,na,0.007742,25564,50595,531,true
set_cover_n100_m66_d0.35_b_w35_seed4.txt,Set Cover,100,RelaxGrouping,1000,false,min,2.000000,0.036634,na,0.008631,25564,50595,531,true
set_cover_n100_m66_d0.35_b_w35_seed4.txt,Set Cover,100,RelaxGrouping,5000,false,min,2.000000,0.036429,na,0.007541,25564,50595,531,true
set_cover_n100_m66_d0.35_b_w35_seed4.txt,Set Cover,100,RelaxGrouping,20000,true,min,2.000000,0.036436,0.012840,0.007006,25564,50595,531,true
set_cover_n100_m66_d0.35_b_w35_seed4.txt,Set Cover,100,RelaxGrouping,10000,false,min,2.000000,0.037266,na,0.007031,25564,50595,531,true
set_cover_n100_m66_d0.35_b_w35_seed4.txt,Set Cover,100,RelaxGrouping,20000,false,min,2.000000,0.035410,na,0.007846,25564,50595,531,true
set_cover_n100_m66_d0.45_b_w35_seed1.txt,Set Cover,100,RelaxGrouping,500,true,min,2.000000,0.034693,0.011990,0.006398,23700,46895,500,true
set_cover_n100_m66_d0.45_b_w35_seed1.txt,Set Cover,100,RelaxGrouping,2000,true,min,2.000000,0.037119,0.012533,0.006449,25564,50595,531,true
set_cover_n100_m66_d0.45_b_w35_seed1.txt,Set Cover,100,RelaxGrouping,1000,true,min,2.000000,0.037252,0.012507,0.006517,25564,50595,531,true
set_cover_n100_m66_d0.45_b_w35_seed1.txt,Set Cover,100,RelaxGrouping,500,false,min,2.000000,0.035098,na,0.008469,23817,47129,500,true
set_cover_n100_m66_d0.45_b_w35_seed1.txt,Set Cover,100,RelaxGrouping,1000,false,min,2.000000,0.037391,na,0.009074,25564,50595,531,true
set_cover_n100_m66_d0.45_b_w35_seed1.txt,Set Cover,100,RelaxGrouping,5000,true,min,2.000000,0.037499,0.012602,0.008399,25564,50595,531,true
set_cover_n100_m66_d0.45_b_w35_seed1.txt,Set Cover,100,RelaxGrouping,20000,true,min,2.000000,0.035990,0.012761,0.007919,25564,50595,531,true
set_cover_n100_m66_d0.45_b_w35_seed1.txt,Set Cover,100,RelaxGrouping,10000,true,min,2.000000,0.036077,0.013362,0.008067,25564,50595,531,true
set_cover_n100_m66_d0.45_b_w35_seed1.txt,Set Cover,100,RelaxGrouping,2000,false,min,2.000000,0.036872,na,0.006457,25564,50595,531,true
set_cover_n100_m66_d0.45_b_w35_seed1.txt,Set Cover,100,RelaxGrouping,5000,false,min,2.000000,0.036806,na,0.008106,25564,50595,531,true
set_cover_n100_m66_d0.45_b_w35_seed1.txt,Set Cover,100,RelaxGrouping,10000,false,min,2.000000,0.036624,na,0.009398,25564,50595,531,true
set_cover_n100_m66_d0.45_b_w35_seed1.txt,Set Cover,100,RelaxGrouping,20000,false,min,2.000000,0.036690,na,0.007684,25564,50595,531,true
set_cover_n100_m66_d0.45_b_w35_seed2.txt,Set Cover,100,RelaxGrouping,500,true,min,2.000000,0.032999,0.011599,0.006431,23700,46895,500,true
set_cover_n100_m66_d0.45_b_w35_seed2.txt,Set Cover,100,RelaxGrouping,1000,true,min,2.000000,0.034869,0.010677,0.004816,25564,50595,531,true
set_cover_n100_m66_d0.45_b_w35_seed2.txt,Set Cover,100,RelaxGrouping,5000,true,min,2.000000,0.034459,0.010080,0.004975,25564,50595,531,true
set_cover_n100_m66_d0.45_b_w35_seed2.txt,Set Cover,100,RelaxGrouping,2000,true,min,2.000000,0.036384,0.010722,0.006692,25564,50595,531,true
set_cover_n100_m66_d0.45_b_w35_seed2.txt,Set Cover,100,RelaxGrouping,10000,true,min,2.000000,0.034657,0.010691,0.009125,25564,50595,531,true
set_cover_n100_m66_d0.45_b_w35_seed2.txt,Set Cover,100,RelaxGrouping,20000,true,min,2.000000,0.034569,0.010507,0.007370,25564,50595,531,true
set_cover_n100_m66_d0.45_b_w35_seed2.txt,Set Cover,100,RelaxGrouping,500,false,min,2.000000,0.031730,na,0.004243,23817,47129,500,true
set_cover_n100_m66_d0.45_b_w35_seed2.txt,Set Cover,100,RelaxGrouping,1000,false,min,2.000000,0.035925,na,0.005617,25564,50595,531,true
set_cover_n100_m66_d0.45_b_w35_seed2.txt,Set Cover,100,RelaxGrouping,2000,false,min,2.000000,0.035988,na,0.007210,25564,50595,531,true
set_cover_n100_m66_d0.45_b_w35_seed2.txt,Set Cover,100,RelaxGrouping,5000,false,min,2.000000,0.034637,na,0.007829,25564,50595,531,true
set_cover_n100_m66_d0.45_b_w35_seed2.txt,Set Cover,100,RelaxGrouping,10000,false,min,2.000000,0.034699,na,0.008471,25564,50595,531,true
set_cover_n100_m66_d0.45_b_w35_seed2.txt,Set Cover,100,RelaxGrouping,20000,false,min,2.000000,0.036648,na,0.008047,25564,50595,531,true
set_cover_n100_m66_d0.45_b_w35_seed3.txt,Set Cover,100,RelaxGrouping,500,true,min,2.000000,0.034250,0.010414,0.005518,23700,46895,500,true
set_cover_n100_m66_d0.45_b_w35_seed3.txt,Set Cover,100,RelaxGrouping,1000,true,min,2.000000,0.036336,0.011384,0.007172,25564,50595,531,true
set_cover_n100_m66_d0.45_b_w35_seed3.txt,Set Cover,100,RelaxGrouping,2000,true,min,2.000000,0.036374,0.011546,0.006373,25564,50595,531,true
set_cover_n100_m66_d0.45_b_w35_seed3.txt,Set Cover,100,RelaxGrouping,5000,true,min,2.000000,0.036215,0.011954,0.006797,25564,50595,531,true
set_cover_n100_m66_d0.45_b_w35_seed3.txt,Set Cover,100,RelaxGrouping,500,false,min,2.000000,0.033765,na,0.005917,23817,47129,500,true
set_cover_n100_m66_d0.45_b_w35_seed3.txt,Set Cover,100,RelaxGrouping,2000,false,min,2.000000,0.034497,na,0.006252,25564,50595,531,true
set_cover_n100_m66_d0.45_b_w35_seed3.txt,Set Cover,100,RelaxGrouping,1000,false,min,2.000000,0.036268,na,0.006746,25564,50595,531,true
set_cover_n100_m66_d0.45_b_w35_seed3.txt,Set Cover,100,RelaxGrouping,10000,true,min,2.000000,0.034612,0.010729,0.006593,25564,50595,531,true
set_cover_n100_m66_d0.45_b_w35_seed3.txt,Set Cover,100,RelaxGrouping,20000,true,min,2.000000,0.036282,0.011040,0.006061,25564,50595,531,true
set_cover_n100_m66_d0.45_b_w35_seed3.txt,Set Cover,100,RelaxGrouping,10000,false,min,2.000000,0.034557,na,0.006383,25564,50595,531,true
set_cover_n100_m66_d0.45_b_w35_seed3.txt,Set Cover,100,RelaxGrouping,5000,false,min,2.000000,0.034935,na,0.008239,25564,50595,531,true
set_cover_n100_m66_d0.45_b_w35_seed3.txt,Set Cover,100,RelaxGrouping,20000,false,min,2.000000,0.034834,na,0.009618,25564,50595,531,true
set_cover_n100_m66_d0.45_b_w35_seed4.txt,Set Cover,100,RelaxGrouping,500,true,min,2.000000,0.032751,0.011184,0.006045,23700,46895,500,true
set_cover_n100_m66_d0.45_b_w35_seed4.txt,Set Cover,100,RelaxGrouping,1000,true,min,2.000000,0.034716,0.012256,0.006293,25564,50595,531,true
set_cover_n100_m66_d0.45_b_w35_seed4.txt,Set Cover,100,RelaxGrouping,500,false,min,2.000000,0.031346,na,0.008919,23817,47129,500,true
set_cover_n100_m66_d0.45_b_w35_seed4.txt,Set Cover,100,RelaxGrouping,2000,true,min,2.000000,0.034629,0.009412,0.004912,25564,50595,531,true
set_cover_n100_m66_d0.45_b_w35_seed4.txt,Set Cover,100,RelaxGrouping,10000,true,min,2.000000,0.033446,0.009970,0.005730,25564,50595,531,true
set_cover_n100_m66_d0.45_b_w35_seed4.txt,Set Cover,100,RelaxGrouping,5000,true,min,2.000000,0.035436,0.010741,0.006257,25564,50595,531,true
set_cover_n100_m66_d0.45_b_w35_seed4.txt,Set Cover,100,RelaxGrouping,20000,true,min,2.000000,0.033893,0.011753,0.006142,25564,50595,531,true
set_cover_n100_m66_d0.45_b_w35_seed4.txt,Set Cover,100,RelaxGrouping,1000,false,min,2.000000,0.032663,na,0.005069,25564,50595,531,true
set_cover_n100_m66_d0.45_b_w35_seed4.txt,Set Cover,100,RelaxGrouping,2000,false,min,2.000000,0.032814,na,0.006034,25564,50595,531,true
set_cover_n100_m66_d0.45_b_w35_seed4.txt,Set Cover,100,RelaxGrouping,5000,false,min,2.000000,0.033017,na,0.007992,25564,50595,531,true
set_cover_n100_m66_d0.45_b_w35_seed4.txt,Set Cover,100,RelaxGrouping,10000,false,min,2.000000,0.033264,na,0.008069,25564,50595,531,true
set_cover_n100_m66_d0.45_b_w35_seed4.txt,Set Cover,100,RelaxGrouping,20000,false,min,2.000000,0.035317,na,0.006442,25564,50595,531,true
set_cover_n100_m69_d0.1_b_w32_seed1.txt,Set Cover,100,RelaxGrouping,500,true,min,2.000000,0.082318,0.025491,0.004336,8087,14351,176,true
set_cover_n100_m69_d0.1_b_w32_seed1.txt,Set Cover,100,RelaxGrouping,1000,true,min,2.000000,0.162484,0.053520,0.007051,15531,27695,390,true
set_cover_n100_m69_d0.1_b_w32_seed1.txt,Set Cover,100,RelaxGrouping,2000,true,min,2.000000,0.348741,0.129306,0.016783,26923,48684,705,true
set_cover_n100_m69_d0.1_b_w32_seed1.txt,Set Cover,100,RelaxGrouping,5000,true,min,3.000000,0.964061,0.387761,0.043032,58353,106271,1507,true
set_cover_n100_m69_d0.1_b_w32_seed1.txt,Set Cover,100,RelaxGrouping,500,false,min,2.000000,0.082037,na,0.008045,30996,55173,496,true
set_cover_n100_m69_d0.1_b_w32_seed1.txt,Set Cover,100,RelaxGrouping,1000,false,min,2.000000,0.162404,na,0.019503,60976,108032,996,true
set_cover_n100_m69_d0.1_b_w32_seed1.txt,Set Cover,100,RelaxGrouping,10000,true,min,3.000000,2.183624,1.017961,0.084299,110336,200909,3198,true
set_cover_n100_m69_d0.1_b_w32_seed1.txt,Set Cover,100,RelaxGrouping,2000,false,min,2.000000,0.329126,na,0.036309,117771,210122,1991,true
set_cover_n100_m69_d0.1_b_w32_seed1.txt,Set Cover,100,RelaxGrouping,5000,false,min,3.000000,0.988847,na,0.103572,285932,512440,4949,true
set_cover_n100_m69_d0.1_b_w32_seed2.txt,Set Cover,100,RelaxGrouping,500,true,min,1.000000,0.084077,0.026384,0.005224,9256,16124,226,true
set_cover_n100_m69_d0.1_b_w32_seed1.txt,Set Cover,100,RelaxGrouping,10000,false,min,3.000000,2.549078,na,0.238053,561402,1008087,9951,true
set_cover_n100_m69_d0.1_b_w32_seed2.txt,Set Cover,100,RelaxGrouping,1000,true,min,2.000000,0.169459,0.055323,0.007939,15425,27090,393,true
set_cover_n100_m69_d0.1_b_w32_seed2.txt,Set Cover,100,RelaxGrouping,2000,true,min,2.000000,0.335578,0.125986,0.013540,27825,49311,760,true
set_cover_n100_m69_d0.1_b_w32_seed1.txt,Set Cover,100,RelaxGrouping,20000,true,min,3.000000,5.684197,2.562802,0.203261,207007,378173,6008,true
set_cover_n100_m69_d0.1_b_w32_seed2.txt,Set Cover,100,RelaxGrouping,5000,true,min,2.000000,0.933420,0.444961,0.042914,64871,114107,1943,true
set_cover_n100_m69_d0.1_b_w32_seed1.txt,Set Cover,100,RelaxGrouping,20000,false,min,3.000000,5.696957,na,0.560031,1075107,1942075,19994,true
set_cover_n100_m69_d0.1_b_w32_seed2.txt,Set Cover,100,RelaxGrouping,500,false,min,1.000000,0.088023,na,0.009785,33101,58791,499,true
set_cover_n100_m69_d0.1_b_w32_seed2.txt,Set Cover,100,RelaxGrouping,1000,false,min,2.000000,0.171165,na,0.019860,62736,112080,996,true
set_cover_n100_m69_d0.1_b_w32_seed2.txt,Set Cover,100,RelaxGrouping,10000,true,min,2.000000,2.445797,1.089240,0.090318,118473,209584,3972,true
set_cover_n100_m69_d0.1_b_w32_seed2.txt,Set Cover,100,RelaxGrouping,2000,false,min,2.000000,0.334765,na,0.036094,121275,216008,1994,true
set_cover_n100_m69_d0.1_b_w32_seed2.txt,Set Cover,100,RelaxGrouping,5000,false,min,2.000000,0.955409,na,0.101352,292877,521027,4991,true
set_cover_n100_m69_d0.1_b_w32_seed3.txt,Set Cover,100,RelaxGrouping,500,true,min,2.000000,0.079750,0.025262,0.004486,8149,14469,178,true
set_cover_n100_m69_d0.1_b_w32_seed2.txt,Set Cover,100,RelaxGrouping,10000,false,min,2.000000,2.435089,na,0.228932,574680,1021124,9978,true
set_cover_n100_m69_d0.1_b_w32_seed2.txt,Set Cover,100,RelaxGrouping,20000,true,min,2.000000,5.606409,2.643258,0.185458,221676,394144,7414,true
set_cover_n100_m69_d0.1_b_w32_seed3.txt,Set Cover,100,RelaxGrouping,1000,true,min,2.000000,0.162481,0.056368,0.006684,14427,25835,322,true
set_cover_n100_m69_d0.1_b_w32_seed3.txt,Set Cover,100,RelaxGrouping,2000,true,min,2.000000,0.319466,0.132092,0.013830,24339,43605,577,true
set_cover_n100_m69_d0.1_b_w32_seed3.txt,Set Cover,100,RelaxGrouping,500,false,min,2.000000,0.080792,na,0.009836,32393,58070,488,true
set_cover_n100_m69_d0.1_b_w32_seed3.txt,Set Cover,100,RelaxGrouping,5000,true,min,2.000000,0.948720,0.457792,0.036987,54342,97765,1256,true
set_cover_n100_m69_d0.1_b_w32_seed2.txt,Set Cover,100,RelaxGrouping,20000,false,min,2.000000,5.523965,na,0.540182,1095801,1953113,19987,true
set_cover_n100_m69_d0.1_b_w32_seed3.txt,Set Cover,100,RelaxGrouping,1000,false,min,2.000000,0.162143,na,0.020366,65262,116325,993,true
set_cover_n100_m69_d0.1_b_w32_seed3.txt,Set Cover,100,RelaxGrouping,10000,true,min,2.000000,2.410498,1.039608,0.070700,96783,174190,2341,true
set_cover_n100_m69_d0.1_b_w32_seed3.txt,Set Cover,100,RelaxGrouping,2000,false,min,2.000000,0.339135,na,0.037695,125820,225108,1999,true
set_cover_n100_m69_d0.1_b_w32_seed3.txt,Set Cover,100,RelaxGrouping,5000,false,min,2.000000,0.903964,na,0.107728,306699,546115,4993,true
set_cover_n100_m69_d0.1_b_w32_seed4.txt,Set Cover,100,RelaxGrouping,500,true,min,2.000000,0.087585,0.027115,0.004248,7812,13619,194,true
set_cover_n100_m69_d0.1_b_w32_seed4.txt,Set Cover,100,RelaxGrouping,1000,true,min,2.000000,0.171528,0.056086,0.006433,12160,21647,384,true
set_cover_n100_m69_d0.1_b_w32_seed3.txt,Set Cover,100,RelaxGrouping,10000,false,min,2.000000,2.212815,na,0.226862,582466,1039791,9997,true
set_cover_n100_m69_d0.1_b_w32_seed4.txt,Set Cover,100,RelaxGrouping,2000,true,min,2.000000,0.352220,0.141359,0.013346,23203,41339,706,true
set_cover_n100_m69_d0.1_b_w32_seed3.txt,Set Cover,100,RelaxGrouping,20000,true,min,2.000000,5.652384,2.719100,0.157749,202600,366971,5638,true
set_cover_n100_m69_d0.1_b_w32_seed4.txt,Set Cover,100,RelaxGrouping,500,false,min,2.000000,0.085750,na,0.009543,32792,58406,500,true
set_cover_n100_m69_d0.1_b_w32_seed4.txt,Set Cover,100,RelaxGrouping,5000,true,min,2.000000,0.965027,0.442978,0.036470,54864,96915,1668,true
set_cover_n100_m69_d0.1_b_w32_seed3.txt,Set Cover,100,RelaxGrouping,20000,false,min,2.000000,5.249202,na,0.572054,1167620,2073619,19992,true
set_cover_n100_m69_d0.1_b_w32_seed4.txt,Set Cover,100,RelaxGrouping,1000,false,min,2.000000,0.165936,na,0.018299,62777,111810,997,true
set_cover_n100_m69_d0.1_b_w32_seed4.txt,Set Cover,100,RelaxGrouping,10000,true,min,2.000000,2.356183,1.127759,0.071491,97508,172983,3202,true
set_cover_n100_m69_d0.1_b_w32_seed4.txt,Set Cover,100,RelaxGrouping,2000,false,min,2.000000,0.356485,na,0.037808,124876,221905,1995,true
set_cover_n100_m69_d0.1_b_w32_seed4.txt,Set Cover,100,RelaxGrouping,5000,false,min,2.000000,0.911323,na,0.105169,298843,532607,4988,true
set_cover_n100_m69_d0.2_b_w32_seed1.txt,Set Cover,100,RelaxGrouping,500,true,min,2.000000,0.082711,0.030622,0.005956,10116,19462,226,true
set_cover_n100_m69_d0.2_b_w32_seed1.txt,Set Cover,100,RelaxGrouping,1000,true,min,2.000000,0.163939,0.062178,0.010464,19449,37610,380,true
set_cover_n100_m69_d0.2_b_w32_seed1.txt,Set Cover,100,RelaxGrouping,2000,true,min,2.000000,0.309077,0.145002,0.022033,39437,76365,827,true
set_cover_n100_m69_d0.1_b_w32_seed4.txt,Set Cover,100,RelaxGrouping,10000,false,min,2.000000,2.428714,na,0.248377,570135,1020968,9982,true
set_cover_n100_m69_d0.1_b_w32_seed4.txt,Set Cover,100,RelaxGrouping,20000,true,min,2.000000,5.628487,2.676336,0.144244,166158,299888,6176,true
set_cover_n100_m69_d0.2_b_w32_seed1.txt,Set Cover,100,RelaxGrouping,500,false,min,2.000000,0.084456,na,0.011775,35039,65772,494,true
set_cover_n100_m69_d0.2_b_w32_seed1.txt,Set Cover,100,RelaxGrouping,5000,true,min,2.000000,0.781308,0.461668,0.060876,94575,183063,2485,true
set_cover_n100_m69_d0.1_b_w32_seed4.txt,Set Cover,100,RelaxGrouping,20000,false,min,2.000000,5.749145,na,0.565131,1091049,1951318,19957,true
set_cover_n100_m69_d0.2_b_w32_seed1.txt,Set Cover,100,RelaxGrouping,10000,true,min,2.000000,1.708383,1.101869,0.124493,170969,332773,4316,true
set_cover_n100_m69_d0.2_b_w32_seed1.txt,Set Cover,100,RelaxGrouping,1000,false,min,2.000000,0.160106,na,0.016466,68987,129525,992,true
set_cover_n100_m69_d0.2_b_w32_seed1.txt,Set Cover,100,RelaxGrouping,2000,false,min,2.000000,0.294385,na,0.028984,133932,251652,1990,true
set_cover_n100_m69_d0.2_b_w32_seed2.txt,Set Cover,100,RelaxGrouping,500,true,min,2.000000,0.085973,0.028867,0.004527,10162,19366,226,true
set_cover_n100_m69_d0.2_b_w32_seed1.txt,Set Cover,100,RelaxGrouping,5000,false,min,2.000000,0.805827,na,0.099674,312475,588644,4994,true
set_cover_n100_m69_d0.2_b_w32_seed1.txt,Set Cover,100,RelaxGrouping,20000,true,min,2.000000,3.586641,2.369541,0.257956,329698,644109,7311,true
set_cover_n100_m69_d0.2_b_w32_seed1.txt,Set Cover,100,RelaxGrouping,10000,false,min,2.000000,1.827704,na,0.220511,573342,1084679,9978,true
set_cover_n100_m69_d0.2_b_w32_seed2.txt,Set Cover,100,RelaxGrouping,1000,true,min,2.000000,0.160775,0.063953,0.009307,18492,35446,446,true
set_cover_n100_m69_d0.2_b_w32_seed2.txt,Set Cover,100,RelaxGrouping,2000,true,min,2.000000,0.305668,0.144832,0.017231,34895,66994,825,true
set_cover_n100_m69_d0.2_b_w32_seed1.txt,Set Cover,100,RelaxGrouping,20000,false,min,2.000000,3.836342,na,0.462017,1070014,2026967,19982,true
set_cover_n100_m69_d0.2_b_w32_seed2.txt,Set Cover,100,RelaxGrouping,500,false,min,2.000000,0.086400,na,0.010261,35712,67232,496,true
set_cover_n100_m69_d0.2_b_w32_seed2.txt,Set Cover,100,RelaxGrouping,5000,true,min,2.000000,0.810793,0.437165,0.044859,66598,128152,1826,true
set_cover_n100_m69_d0.2_b_w32_seed2.txt,Set Cover,100,RelaxGrouping,10000,true,min,2.000000,1.840658,0.988131,0.099782,138727,268276,3646,true
set_cover_n100_m69_d0.2_b_w32_seed2.txt,Set Cover,100,RelaxGrouping,1000,false,min,2.000000,0.158042,na,0.015673,68509,129068,999,true
set_cover_n100_m69_d0.2_b_w32_seed2.txt,Set Cover,100,RelaxGrouping,2000,false,min,2.000000,0.307911,na,0.030765,128913,243820,1990,true
set_cover_n100_m69_d0.2_b_w32_seed2.txt,Set Cover,100,RelaxGrouping,5000,false,min,2.000000,0.780647,na,0.095223,284411,541530,4984,true
set_cover_n100_m69_d0.2_b_w32_seed3.txt,Set Cover,100,RelaxGrouping,500,true,min,2.000000,0.078786,0.024313,0.004650,11602,22269,330,true
set_cover_n100_m69_d0.2_b_w32_seed2.txt,Set Cover,100,RelaxGrouping,20000,true,min,2.000000,4.049771,2.191465,0.205428,269272,522227,7551,true
set_cover_n100_m69_d0.2_b_w32_seed3.txt,Set Cover,100,RelaxGrouping,1000,true,min,2.000000,0.150923,0.052232,0.008019,18514,35680,473,true
set_cover_n100_m69_d0.2_b_w32_seed2.txt,Set Cover,100,RelaxGrouping,10000,false,min,2.000000,1.568651,na,0.209424,534420,1016054,9969,true
set_cover_n100_m69_d0.2_b_w32_seed3.txt,Set Cover,100,RelaxGrouping,2000,true,min,2.000000,0.278512,0.129671,0.013241,27156,52394,623,true
set_cover_n100_m69_d0.2_b_w32_seed2.txt,Set Cover,100,RelaxGrouping,20000,false,min,2.000000,3.703855,na,0.458738,991187,1883124,19998,true
set_cover_n100_m69_d0.2_b_w32_seed3.txt,Set Cover,100,RelaxGrouping,500,false,min,2.000000,0.084636,na,0.010071,35061,66311,496,true
set_cover_n100_m69_d0.2_b_w32_seed3.txt,Set Cover,100,RelaxGrouping,5000,true,min,2.000000,0.735491,0.390829,0.036430,55716,108336,1445,true
set_cover_n100_m69_d0.2_b_w32_seed3.txt,Set Cover,100,RelaxGrouping,10000,true,min,2.000000,1.760021,0.809892,0.077604,110689,215182,2931,true
set_cover_n100_m69_d0.2_b_w32_seed3.txt,Set Cover,100,RelaxGrouping,1000,false,min,2.000000,0.155121,na,0.018312,63285,120189,992,true
set_cover_n100_m69_d0.2_b_w32_seed3.txt,Set Cover,100,RelaxGrouping,2000,false,min,2.000000,0.297635,na,0.035033,115531,220685,1989,true
set_cover_n100_m69_d0.2_b_w32_seed3.txt,Set Cover,100,RelaxGrouping,5000,false,min,2.000000,0.780938,na,0.087426,265005,507590,4968,true
set_cover_n100_m69_d0.2_b_w32_seed4.txt,Set Cover,100,RelaxGrouping,500,true,min,2.000000,0.074541,0.025139,0.005008,9127,17424,238,true
set_cover_n100_m69_d0.2_b_w32_seed3.txt,Set Cover,100,RelaxGrouping,10000,false,min,2.000000,1.629422,na,0.192788,512250,978672,9980,true
set_cover_n100_m69_d0.2_b_w32_seed4.txt,Set Cover,100,RelaxGrouping,1000,true,min,2.000000,0.144062,0.054078,0.007380,17226,33230,422,true
set_cover_n100_m69_d0.2_b_w32_seed3.txt,Set Cover,100,RelaxGrouping,20000,true,min,2.000000,3.632766,2.103926,0.172166,224295,437799,6545,true
set_cover_n100_m69_d0.2_b_w32_seed4.txt,Set Cover,100,RelaxGrouping,2000,true,min,2.000000,0.286098,0.130238,0.013798,30226,58646,811,true
set_cover_n100_m69_d0.2_b_w32_seed3.txt,Set Cover,100,RelaxGrouping,20000,false,min,2.000000,3.712993,na,0.448749,965926,1847661,19919,true
set_cover_n100_m69_d0.2_b_w32_seed4.txt,Set Cover,100,RelaxGrouping,500,false,min,2.000000,0.078871,na,0.009373,31422,59521,495,true
set_cover_n100_m69_d0.2_b_w32_seed4.txt,Set Cover,100,RelaxGrouping,5000,true,min,2.000000,0.754553,0.444959,0.046635,73129,142416,1873,true
set_cover_n100_m69_d0.2_b_w32_seed4.txt,Set Cover,100,RelaxGrouping,10000,true,min,2.000000,1.726614,1.021927,0.101430,137737,268518,4069,true
set_cover_n100_m69_d0.2_b_w32_seed4.txt,Set Cover,100,RelaxGrouping,1000,false,min,2.000000,0.141015,na,0.013929,61657,116931,999,true
set_cover_n100_m69_d0.2_b_w32_seed4.txt,Set Cover,100,RelaxGrouping,2000,false,min,2.000000,0.284295,na,0.030423,119114,226553,1989,true
set_cover_n100_m69_d0.2_b_w32_seed4.txt,Set Cover,100,RelaxGrouping,5000,false,min,2.000000,0.749534,na,0.093849,286129,544567,4999,true
set_cover_n100_m69_d0.3_b_w32_seed1.txt,Set Cover,100,RelaxGrouping,500,true,min,2.000000,0.042695,0.017423,0.006673,15106,29679,320,true
set_cover_n100_m69_d0.2_b_w32_seed4.txt,Set Cover,100,RelaxGrouping,10000,false,min,2.000000,1.794078,na,0.215554,552789,1053921,9990,true
set_cover_n100_m69_d0.3_b_w32_seed1.txt,Set Cover,100,RelaxGrouping,1000,true,min,2.000000,0.079191,0.034758,0.012371,31524,62129,690,true
set_cover_n100_m69_d0.3_b_w32_seed1.txt,Set Cover,100,RelaxGrouping,2000,true,min,3.000000,0.132459,0.063008,0.021245,65538,129432,1612,true
set_cover_n100_m69_d0.2_b_w32_seed4.txt,Set Cover,100,RelaxGrouping,20000,true,min,2.000000,3.875011,2.492811,0.249672,295472,577529,8915,true
set_cover_n100_m69_d0.3_b_w32_seed1.txt,Set Cover,100,RelaxGrouping,5000,true,min,3.000000,0.130606,0.063345,0.022304,71697,141516,1802,true
set_cover_n100_m69_d0.3_b_w32_seed1.txt,Set Cover,100,RelaxGrouping,20000,true,min,3.000000,0.129926,0.063026,0.022122,71697,141516,1802,true
set_cover_n100_m69_d0.3_b_w32_seed1.txt,Set Cover,100,RelaxGrouping,10000,true,min,3.000000,0.137383,0.064182,0.021969,71697,141516,1802,true
set_cover_n100_m69_d0.2_b_w32_seed4.txt,Set Cover,100,RelaxGrouping,20000,false,min,2.000000,3.933658,na,0.462575,1052339,2007177,19975,true
set_cover_n100_m69_d0.3_b_w32_seed1.txt,Set Cover,100,RelaxGrouping,500,false,min,2.000000,0.042600,na,0.006095,27767,54029,499,true
set_cover_n100_m69_d0.3_b_w32_seed1.txt,Set Cover,100,RelaxGrouping,1000,false,min,2.000000,0.079305,na,0.011944,50643,98630,996,true
set_cover_n100_m69_d0.3_b_w32_seed1.txt,Set Cover,100,RelaxGrouping,2000,false,min,3.000000,0.122457,na,0.018413,85389,166123,1989,true
set_cover_n100_m69_d0.3_b_w32_seed1.txt,Set Cover,100,RelaxGrouping,5000,false,min,3.000000,0.126818,na,0.018975,90574,176170,2257,true
set_cover_n100_m69_d0.3_b_w32_seed1.txt,Set Cover,100,RelaxGrouping,10000,false,min,3.000000,0.123101,na,0.018191,90574,176170,2257,true
set_cover_n100_m69_d0.3_b_w32_seed2.txt,Set Cover,100,RelaxGrouping,500,true,min,2.000000,0.042126,0.014750,0.003764,12462,24451,306,true
set_cover_n100_m69_d0.3_b_w32_seed2.txt,Set Cover,100,RelaxGrouping,1000,true,min,2.000000,0.079136,0.034589,0.011455,28038,55244,662,true
set_cover_n100_m69_d0.3_b_w32_seed1.txt,Set Cover,100,RelaxGrouping,20000,false,min,3.000000,0.131515,na,0.021801,90574,176170,2257,true
set_cover_n100_m69_d0.3_b_w32_seed2.txt,Set Cover,100,RelaxGrouping,2000,true,min,2.000000,0.134411,0.064445,0.019897,58625,115821,1485,true
set_cover_n100_m69_d0.3_b_w32_seed2.txt,Set Cover,100,RelaxGrouping,5000,true,min,3.000000,0.137387,0.072633,0.026244,79179,156435,2137,true
set_cover_n100_m69_d0.3_b_w32_seed2.txt,Set Cover,100,RelaxGrouping,500,false,min,2.000000,0.040947,na,0.005487,26003,50679,499,true
set_cover_n100_m69_d0.3_b_w32_seed2.txt,Set Cover,100,RelaxGrouping,1000,false,min,2.000000,0.077277,na,0.010638,48612,94846,995,true
set_cover_n100_m69_d0.3_b_w32_seed2.txt,Set Cover,100,RelaxGrouping,10000,true,min,3.000000,0.153277,0.074347,0.023808,79179,156435,2137,true
set_cover_n100_m69_d0.3_b_w32_seed2.txt,Set Cover,100,RelaxGrouping,20000,true,min,3.000000,0.153512,0.074933,0.023670,79179,156435,2137,true
set_cover_n100_m69_d0.3_b_w32_seed2.txt,Set Cover,100,RelaxGrouping,2000,false,min,2.000000,0.123631,na,0.019794,85324,166593,1997,true
set_cover_n100_m69_d0.3_b_w32_seed3.txt,Set Cover,100,RelaxGrouping,500,true,min,2.000000,0.048881,0.019341,0.006341,17719,34675,405,true
set_cover_n100_m69_d0.3_b_w32_seed2.txt,Set Cover,100,RelaxGrouping,5000,false,min,3.000000,0.148912,na,0.025382,102364,199333,2967,true
set_cover_n100_m69_d0.3_b_w32_seed2.txt,Set Cover,100,RelaxGrouping,20000,false,min,3.000000,0.149332,na,0.024903,102364,199333,2967,true
set_cover_n100_m69_d0.3_b_w32_seed2.txt,Set Cover,100,RelaxGrouping,10000,false,min,3.000000,0.149458,na,0.025218,102364,199333,2967,true
set_cover_n100_m69_d0.3_b_w32_seed3.txt,Set Cover,100,RelaxGrouping,1000,true,min,2.000000,0.079045,0.034991,0.012718,36119,70875,839,true
set_cover_n100_m69_d0.3_b_w32_seed3.txt,Set Cover,100,RelaxGrouping,2000,true,min,2.000000,0.130515,0.062249,0.020738,64639,127449,1624,true
set_cover_n100_m69_d0.3_b_w32_seed3.txt,Set Cover,100,RelaxGrouping,20000,true,min,3.000000,0.159102,0.077226,0.026616,86388,170554,2456,true
set_cover_n100_m69_d0.3_b_w32_seed3.txt,Set Cover,100,RelaxGrouping,5000,true,min,3.000000,0.164832,0.076985,0.026856,86388,170554,2456,true
set_cover_n100_m69_d0.3_b_w32_seed3.txt,Set Cover,100,RelaxGrouping,10000,true,min,3.000000,0.163654,0.076989,0.027027,86388,170554,2456,true
set_cover_n100_m69_d0.3_b_w32_seed3.txt,Set Cover,100,RelaxGrouping,500,false,min,2.000000,0.046329,na,0.005779,29694,57730,500,true
set_cover_n100_m69_d0.3_b_w32_seed3.txt,Set Cover,100,RelaxGrouping,1000,false,min,2.000000,0.078302,na,0.008850,52282,101784,993,true
set_cover_n100_m69_d0.3_b_w32_seed3.txt,Set Cover,100,RelaxGrouping,2000,false,min,2.000000,0.131429,na,0.019634,85956,167669,1992,true
set_cover_n100_m69_d0.3_b_w32_seed3.txt,Set Cover,100,RelaxGrouping,10000,false,min,3.000000,0.162230,na,0.024132,107920,209935,3538,true
set_cover_n100_m69_d0.3_b_w32_seed3.txt,Set Cover,100,RelaxGrouping,5000,false,min,3.000000,0.162711,na,0.024992,107920,209935,3538,true
set_cover_n100_m69_d0.3_b_w32_seed3.txt,Set Cover,100,RelaxGrouping,20000,false,min,3.000000,0.149323,na,0.024600,107920,209935,3538,true
set_cover_n100_m69_d0.3_b_w32_seed4.txt,Set Cover,100,RelaxGrouping,500,true,min,2.000000,0.043094,0.015171,0.004046,15329,30055,366,true
set_cover_n100_m69_d0.3_b_w32_seed4.txt,Set Cover,100,RelaxGrouping,1000,true,min,2.000000,0.075275,0.030349,0.009877,32505,63992,770,true
set_cover_n100_m69_d0.3_b_w32_seed4.txt,Set Cover,100,RelaxGrouping,2000,true,min,2.000000,0.132047,0.061528,0.020322,64504,127397,1691,true
set_cover_n100_m69_d0.3_b_w32_seed4.txt,Set Cover,100,RelaxGrouping,5000,true,min,3.000000,0.136663,0.065677,0.021476,77147,152459,2100,true
set_cover_n100_m69_d0.3_b_w32_seed4.txt,Set Cover,100,RelaxGrouping,10000,true,min,3.000000,0.128307,0.054040,0.013471,77147,152459,2100,true
set_cover_n100_m69_d0.3_b_w32_seed4.txt,Set Cover,100,RelaxGrouping,500,false,min,2.000000,0.041486,na,0.004688,27939,54398,499,true
set_cover_n100_m69_d0.3_b_w32_seed4.txt,Set Cover,100,RelaxGrouping,1000,false,min,2.000000,0.074349,na,0.009456,50483,98354,996,true
set_cover_n100_m69_d0.3_b_w32_seed4.txt,Set Cover,100,RelaxGrouping,2000,false,min,2.000000,0.126563,na,0.020914,86017,167798,1997,true
set_cover_n100_m69_d0.3_b_w32_seed4.txt,Set Cover,100,RelaxGrouping,20000,true,min,3.000000,0.135013,0.065648,0.019664,77147,152459,2100,true
set_cover_n100_m69_d0.3_b_w32_seed4.txt,Set Cover,100,RelaxGrouping,5000,false,min,3.000000,0.137229,na,0.018169,96163,187252,2780,true
set_cover_n100_m69_d0.4_b_w32_seed1.txt,Set Cover,100,RelaxGrouping,500,true,min,2.000000,0.027914,0.008554,0.004867,18882,37245,494,true
set_cover_n100_m69_d0.4_b_w32_seed1.txt,Set Cover,100,RelaxGrouping,1000,true,min,3.000000,0.040094,0.013176,0.006801,28528,56334,699,true
set_cover_n100_m69_d0.3_b_w32_seed4.txt,Set Cover,100,RelaxGrouping,10000,false,min,3.000000,0.139110,na,0.023680,96163,187252,2780,true
set_cover_n100_m69_d0.3_b_w32_seed4.txt,Set Cover,100,RelaxGrouping,20000,false,min,3.000000,0.139949,na,0.023157,96163,187252,2780,true
set_cover_n100_m69_d0.4_b_w32_seed1.txt,Set Cover,100,RelaxGrouping,2000,true,min,3.000000,0.036019,0.008490,0.004785,28528,56334,699,true
set_cover_n100_m69_d0.4_b_w32_seed1.txt,Set Cover,100,RelaxGrouping,500,false,min,2.000000,0.028098,na,0.003382,19891,39243,498,true
set_cover_n100_m69_d0.4_b_w32_seed1.txt,Set Cover,100,RelaxGrouping,5000,true,min,3.000000,0.038083,0.010823,0.006157,28528,56334,699,true
set_cover_n100_m69_d0.4_b_w32_seed1.txt,Set Cover,100,RelaxGrouping,10000,true,min,3.000000,0.038483,0.011307,0.006516,28528,56334,699,true
set_cover_n100_m69_d0.4_b_w32_seed1.txt,Set Cover,100,RelaxGrouping,20000,true,min,3.000000,0.040358,0.011635,0.006642,28528,56334,699,true
set_cover_n100_m69_d0.4_b_w32_seed1.txt,Set Cover,100,RelaxGrouping,1000,false,min,3.000000,0.038523,na,0.006884,28528,56334,699,true
set_cover_n100_m69_d0.4_b_w32_seed1.txt,Set Cover,100,RelaxGrouping,2000,false,min,3.000000,0.039293,na,0.007955,28528,56334,699,true
set_cover_n100_m69_d0.4_b_w32_seed1.txt,Set Cover,100,RelaxGrouping,5000,false,min,3.000000,0.039500,na,0.008682,28528,56334,699,true
set_cover_n100_m69_d0.4_b_w32_seed1.txt,Set Cover,100,RelaxGrouping,10000,false,min,3.000000,0.039698,na,0.010063,28528,56334,699,true
set_cover_n100_m69_d0.4_b_w32_seed1.txt,Set Cover,100,RelaxGrouping,20000,false,min,3.000000,0.039666,na,0.009269,28528,56334,699,true
set_cover_n100_m69_d0.4_b_w32_seed2.txt,Set Cover,100,RelaxGrouping,500,true,min,2.000000,0.025190,0.006537,0.004546,18882,37245,494,true
set_cover_n100_m69_d0.4_b_w32_seed2.txt,Set Cover,100,RelaxGrouping,1000,true,min,3.000000,0.039523,0.010411,0.004989,28528,56334,699,true
set_cover_n100_m69_d0.4_b_w32_seed2.txt,Set Cover,100,RelaxGrouping,5000,true,min,3.000000,0.037303,0.010497,0.005477,28528,56334,699,true
set_cover_n100_m69_d0.4_b_w32_seed2.txt,Set Cover,100,RelaxGrouping,2000,true,min,3.000000,0.039336,0.011207,0.007102,28528,56334,699,true
set_cover_n100_m69_d0.4_b_w32_seed2.txt,Set Cover,100,RelaxGrouping,10000,true,min,3.000000,0.037800,0.011213,0.008477,28528,56334,699,true
set_cover_n100_m69_d0.4_b_w32_seed2.txt,Set Cover,100,RelaxGrouping,20000,true,min,3.000000,0.036461,0.007376,0.004040,28528,56334,699,true
set_cover_n100_m69_d0.4_b_w32_seed2.txt,Set Cover,100,RelaxGrouping,500,false,min,2.000000,0.027829,na,0.003782,19891,39243,498,true
set_cover_n100_m69_d0.4_b_w32_seed2.txt,Set Cover,100,RelaxGrouping,1000,false,min,3.000000,0.039637,na,0.006823,28528,56334,699,true
set_cover_n100_m69_d0.4_b_w32_seed2.txt,Set Cover,100,RelaxGrouping,2000,false,min,3.000000,0.040218,na,0.006972,28528,56334,699,true
set_cover_n100_m69_d0.4_b_w32_seed2.txt,Set Cover,100,RelaxGrouping,5000,false,min,3.000000,0.040141,na,0.007231,28528,56334,699,true
set_cover_n100_m69_d0.4_b_w32_seed2.txt,Set Cover,100,RelaxGrouping,10000,false,min,3.000000,0.035071,na,0.003886,28528,56334,699,true
set_cover_n100_m69_d0.4_b_w32_seed3.txt,Set Cover,100,RelaxGrouping,500,true,min,2.000000,0.027120,0.005958,0.004369,18882,37245,494,true
set_cover_n100_m69_d0.4_b_w32_seed2.txt,Set Cover,100,RelaxGrouping,20000,false,min,3.000000,0.038447,na,0.007125,28528,56334,699,true
set_cover_n100_m69_d0.4_b_w32_seed3.txt,Set Cover,100,RelaxGrouping,1000,true,min,3.000000,0.036818,0.011590,0.005446,28528,56334,699,true
set_cover_n100_m69_d0.4_b_w32_seed3.txt,Set Cover,100,RelaxGrouping,2000,true,min,3.000000,0.038929,0.010843,0.005569,28528,56334,699,true
set_cover_n100_m69_d0.4_b_w32_seed3.txt,Set Cover,100,RelaxGrouping,5000,true,min,3.000000,0.037023,0.008918,0.003945,28528,56334,699,true
set_cover_n100_m69_d0.4_b_w32_seed3.txt,Set Cover,100,RelaxGrouping,500,false,min,2.000000,0.026819,na,0.003280,19891,39243,498,true
set_cover_n100_m69_d0.4_b_w32_seed3.txt,Set Cover,100,RelaxGrouping,1000,false,min,3.000000,0.037934,na,0.006155,28528,56334,699,true
set_cover_n100_m69_d0.4_b_w32_seed3.txt,Set Cover,100,RelaxGrouping,10000,true,min,3.000000,0.039619,0.011043,0.005481,28528,56334,699,true
set_cover_n100_m69_d0.4_b_w32_seed3.txt,Set Cover,100,RelaxGrouping,20000,true,min,3.000000,0.037832,0.011459,0.006103,28528,56334,699,true
set_cover_n100_m69_d0.4_b_w32_seed3.txt,Set Cover,100,RelaxGrouping,2000,false,min,3.000000,0.037729,na,0.004967,28528,56334,699,true
set_cover_n100_m69_d0.4_b_w32_seed3.txt,Set Cover,100,RelaxGrouping,5000,false,min,3.000000,0.039002,na,0.007540,28528,56334,699,true
set_cover_n100_m69_d0.4_b_w32_seed3.txt,Set Cover,100,RelaxGrouping,10000,false,min,3.000000,0.039025,na,0.007764,28528,56334,699,true
set_cover_n100_m69_d0.4_b_w32_seed4.txt,Set Cover,100,RelaxGrouping,500,true,min,2.000000,0.026640,0.009540,0.006654,18882,37245,494,true
set_cover_n100_m69_d0.4_b_w32_seed3.txt,Set Cover,100,RelaxGrouping,20000,false,min,3.000000,0.040509,na,0.009383,28528,56334,699,true
set_cover_n100_m69_d0.4_b_w32_seed4.txt,Set Cover,100,RelaxGrouping,1000,true,min,3.000000,0.036191,0.009141,0.004736,28528,56334,699,true
set_cover_n100_m69_d0.4_b_w32_seed4.txt,Set Cover,100,RelaxGrouping,5000,true,min,3.000000,0.036956,0.011230,0.005750,28528,56334,699,true
set_cover_n100_m69_d0.4_b_w32_seed4.txt,Set Cover,100,RelaxGrouping,2000,true,min,3.000000,0.039115,0.011420,0.005968,28528,56334,699,true
set_cover_n100_m69_d0.4_b_w32_seed4.txt,Set Cover,100,RelaxGrouping,10000,true,min,3.000000,0.039322,0.011832,0.006273,28528,56334,699,true
set_cover_n100_m69_d0.4_b_w32_seed4.txt,Set Cover,100,RelaxGrouping,20000,true,min,3.000000,0.039469,0.011987,0.007632,28528,56334,699,true
set_cover_n100_m69_d0.4_b_w32_seed4.txt,Set Cover,100,RelaxGrouping,500,false,min,2.000000,0.024573,na,0.003676,19891,39243,498,true
set_cover_n100_m69_d0.4_b_w32_seed4.txt,Set Cover,100,RelaxGrouping,1000,false,min,3.000000,0.038478,na,0.005953,28528,56334,699,true
set_cover_n100_m69_d0.4_b_w32_seed4.txt,Set Cover,100,RelaxGrouping,2000,false,min,3.000000,0.038209,na,0.005978,28528,56334,699,true
set_cover_n100_m69_d0.4_b_w32_seed4.txt,Set Cover,100,RelaxGrouping,5000,false,min,3.000000,0.038456,na,0.007241,28528,56334,699,true
set_cover_n100_m69_d0.4_b_w32_seed4.txt,Set Cover,100,RelaxGrouping,10000,false,min,3.000000,0.038416,na,0.007371,28528,56334,699,true
set_cover_n100_m69_d0.4_b_w32_seed4.txt,Set Cover,100,RelaxGrouping,20000,false,min,3.000000,0.036739,na,0.004069,28528,56334,699,true
set_cover_n100_m69_d0.05_b_w32_seed1.txt,Set Cover,100,RelaxGrouping,500,true,min,3.000000,0.060516,0.018449,0.003843,6950,11859,155,true
set_cover_n100_m69_d0.05_b_w32_seed1.txt,Set Cover,100,RelaxGrouping,1000,true,min,3.000000,0.117855,0.041573,0.006659,12539,21421,329,true
set_cover_n100_m69_d0.05_b_w32_seed1.txt,Set Cover,100,RelaxGrouping,2000,true,min,3.000000,0.244058,0.095094,0.010683,21037,35807,558,true
set_cover_n100_m69_d0.05_b_w32_seed1.txt,Set Cover,100,RelaxGrouping,5000,true,min,4.000000,0.678874,0.284015,0.027880,44623,75381,1313,true
set_cover_n100_m69_d0.05_b_w32_seed1.txt,Set Cover,100,RelaxGrouping,500,false,min,3.000000,0.058622,na,0.006239,24758,42850,495,true
set_cover_n100_m69_d0.05_b_w32_seed1.txt,Set Cover,100,RelaxGrouping,1000,false,min,3.000000,0.116603,na,0.013219,48283,81871,993,true
set_cover_n100_m69_d0.05_b_w32_seed1.txt,Set Cover,100,RelaxGrouping,2000,false,min,3.000000,0.237351,na,0.020517,94744,161302,1987,true
set_cover_n100_m69_d0.05_b_w32_seed1.txt,Set Cover,100,RelaxGrouping,10000,true,min,4.000000,1.546151,0.785109,0.054996,79117,135590,2258,true
set_cover_n100_m69_d0.05_b_w32_seed1.txt,Set Cover,100,RelaxGrouping,5000,false,min,4.000000,0.698231,na,0.077389,231602,393886,4992,true
set_cover_n100_m69_d0.5_b_w32_seed1.txt,Set Cover,100,RelaxGrouping,500,true,min,2.000000,0.026240,0.006976,0.003749,18882,37245,494,true
set_cover_n100_m69_d0.05_b_w32_seed1.txt,Set Cover,100,RelaxGrouping,10000,false,min,4.000000,1.749524,na,0.182838,442227,750944,9998,true
set_cover_n100_m69_d0.5_b_w32_seed1.txt,Set Cover,100,RelaxGrouping,2000,true,min,3.000000,0.037853,0.011515,0.005996,28528,56334,699,true
set_cover_n100_m69_d0.5_b_w32_seed1.txt,Set Cover,100,RelaxGrouping,1000,true,min,3.000000,0.039891,0.012064,0.006221,28528,56334,699,true
set_cover_n100_m69_d0.05_b_w32_seed1.txt,Set Cover,100,RelaxGrouping,20000,true,min,4.000000,4.246338,1.955171,0.131728,158393,270578,4924,true
set_cover_n100_m69_d0.5_b_w32_seed1.txt,Set Cover,100,RelaxGrouping,5000,true,min,3.000000,0.039668,0.010348,0.004542,28528,56334,699,true
set_cover_n100_m69_d0.5_b_w32_seed1.txt,Set Cover,100,RelaxGrouping,10000,true,min,3.000000,0.038221,0.012254,0.006089,28528,56334,699,true
set_cover_n100_m69_d0.5_b_w32_seed1.txt,Set Cover,100,RelaxGrouping,20000,true,min,3.000000,0.038356,0.012263,0.005945,28528,56334,699,true
set_cover_n100_m69_d0.05_b_w32_seed1.txt,Set Cover,100,RelaxGrouping,20000,false,min,4.000000,4.260583,na,0.453685,904970,1531199,19967,true
set_cover_n100_m69_d0.5_b_w32_seed1.txt,Set Cover,100,RelaxGrouping,500,false,min,2.000000,0.026648,na,0.004962,19891,39243,498,true
set_cover_n100_m69_d0.5_b_w32_seed1.txt,Set Cover,100,RelaxGrouping,1000,false,min,3.000000,0.038733,na,0.007530,28528,56334,699,true
set_cover_n100_m69_d0.5_b_w32_seed1.txt,Set Cover,100,RelaxGrouping,2000,false,min,3.000000,0.038101,na,0.005753,28528,56334,699,true
set_cover_n100_m69_d0.5_b_w32_seed1.txt,Set Cover,100,RelaxGrouping,5000,false,min,3.000000,0.038494,na,0.006463,28528,56334,699,true
set_cover_n100_m69_d0.5_b_w32_seed1.txt,Set Cover,100,RelaxGrouping,10000,false,min,3.000000,0.036441,na,0.006045,28528,56334,699,true
set_cover_n100_m69_d0.5_b_w32_seed1.txt,Set Cover,100,RelaxGrouping,20000,false,min,3.000000,0.038245,na,0.006955,28528,56334,699,true
set_cover_n100_m69_d0.05_b_w32_seed2.txt,Set Cover,100,RelaxGrouping,500,true,min,3.000000,0.060600,0.018580,0.003019,8469,14105,232,true
set_cover_n100_m69_d0.05_b_w32_seed2.txt,Set Cover,100,RelaxGrouping,1000,true,min,3.000000,0.130320,0.045975,0.007282,15271,25132,462,true
set_cover_n100_m69_d0.05_b_w32_seed2.txt,Set Cover,100,RelaxGrouping,2000,true,min,3.000000,0.260049,0.104629,0.013125,24415,41038,734,true
set_cover_n100_m69_d0.05_b_w32_seed2.txt,Set Cover,100,RelaxGrouping,5000,true,min,3.000000,0.698371,0.319136,0.034103,53184,89083,1859,true
set_cover_n100_m69_d0.05_b_w32_seed2.txt,Set Cover,100,RelaxGrouping,500,false,min,3.000000,0.066247,na,0.007804,27306,45475,494,true
set_cover_n100_m69_d0.05_b_w32_seed2.txt,Set Cover,100,RelaxGrouping,1000,false,min,3.000000,0.129846,na,0.016439,55088,90840,1000,true
set_cover_n100_m69_d0.05_b_w32_seed2.txt,Set Cover,100,RelaxGrouping,10000,true,min,4.000000,1.766173,0.794322,0.059561,92480,156681,2723,true
set_cover_n100_m69_d0.05_b_w32_seed2.txt,Set Cover,100,RelaxGrouping,2000,false,min,3.000000,0.254211,na,0.024647,103268,172132,1991,true
set_cover_n100_m69_d0.05_b_w32_seed2.txt,Set Cover,100,RelaxGrouping,5000,false,min,3.000000,0.682524,na,0.082863,250962,418602,4987,true
set_cover_n100_m69_d0.05_b_w32_seed2.txt,Set Cover,100,RelaxGrouping,10000,false,min,4.000000,1.666951,na,0.203190,481583,811926,9970,true
set_cover_n100_m69_d0.5_b_w32_seed2.txt,Set Cover,100,RelaxGrouping,500,true,min,2.000000,0.027566,0.008901,0.004459,18882,37245,494,true
set_cover_n100_m69_d0.05_b_w32_seed2.txt,Set Cover,100,RelaxGrouping,20000,true,min,4.000000,4.098173,2.039815,0.157629,194507,329590,7237,true
set_cover_n100_m69_d0.5_b_w32_seed2.txt,Set Cover,100,RelaxGrouping,1000,true,min,3.000000,0.038466,0.010013,0.005239,28528,56334,699,true
set_cover_n100_m69_d0.5_b_w32_seed2.txt,Set Cover,100,RelaxGrouping,2000,true,min,3.000000,0.036416,0.009569,0.004818,28528,56334,699,true
set_cover_n100_m69_d0.5_b_w32_seed2.txt,Set Cover,100,RelaxGrouping,5000,true,min,3.000000,0.036549,0.009657,0.005007,28528,56334,699,true
set_cover_n100_m69_d0.5_b_w32_seed2.txt,Set Cover,100,RelaxGrouping,10000,true,min,3.000000,0.037948,0.013045,0.005740,28528,56334,699,true
set_cover_n100_m69_d0.5_b_w32_seed2.txt,Set Cover,100,RelaxGrouping,20000,true,min,3.000000,0.038102,0.012977,0.005646,28528,56334,699,true
set_cover_n100_m69_d0.05_b_w32_seed2.txt,Set Cover,100,RelaxGrouping,20000,false,min,4.000000,4.257172,na,0.428896,923482,1558510,19911,true
set_cover_n100_m69_d0.5_b_w32_seed2.txt,Set Cover,100,RelaxGrouping,500,false,min,2.000000,0.027544,na,0.003835,19891,39243,498,true
set_cover_n100_m69_d0.5_b_w32_seed2.txt,Set Cover,100,RelaxGrouping,1000,false,min,3.000000,0.037322,na,0.006627,28528,56334,699,true
set_cover_n100_m69_d0.5_b_w32_seed2.txt,Set Cover,100,RelaxGrouping,5000,false,min,3.000000,0.037354,na,0.006803,28528,56334,699,true
set_cover_n100_m69_d0.5_b_w32_seed2.txt,Set Cover,100,RelaxGrouping,2000,false,min,3.000000,0.039050,na,0.007915,28528,56334,699,true
set_cover_n100_m69_d0.5_b_w32_seed2.txt,Set Cover,100,RelaxGrouping,10000,false,min,3.000000,0.037847,na,0.006414,28528,56334,699,true
set_cover_n100_m69_d0.5_b_w32_seed2.txt,Set Cover,100,RelaxGrouping,20000,false,min,3.000000,0.039801,na,0.006529,28528,56334,699,true
set_cover_n100_m69_d0.05_b_w32_seed3.txt,Set Cover,100,RelaxGrouping,500,true,min,3.000000,0.060560,0.019695,0.005497,10856,18241,358,true
set_cover_n100_m69_d0.05_b_w32_seed3.txt,Set Cover,100,RelaxGrouping,1000,true,min,3.000000,0.114332,0.030901,0.004550,19898,33225,861,true
set_cover_n100_m69_d0.05_b_w32_seed3.txt,Set Cover,100,RelaxGrouping,2000,true,min,3.000000,0.241015,0.100252,0.018176,39895,66656,1889,true
set_cover_n100_m69_d0.05_b_w32_seed3.txt,Set Cover,100,RelaxGrouping,5000,true,min,3.000000,0.678911,0.339239,0.047071,84799,143719,3258,true
set_cover_n100_m69_d0.05_b_w32_seed3.txt,Set Cover,100,RelaxGrouping,500,false,min,3.000000,0.063811,na,0.006442,27146,46049,497,true
set_cover_n100_m69_d0.05_b_w32_seed3.txt,Set Cover,100,RelaxGrouping,1000,false,min,3.000000,0.119981,na,0.015452,52299,88003,990,true
set_cover_n100_m69_d0.05_b_w32_seed3.txt,Set Cover,100,RelaxGrouping,10000,true,min,4.000000,1.758805,0.726584,0.095628,158528,269551,7324,true
set_cover_n100_m69_d0.05_b_w32_seed3.txt,Set Cover,100,RelaxGrouping,2000,false,min,3.000000,0.253996,na,0.030380,105253,177296,1993,true
set_cover_n100_m69_d0.05_b_w32_seed3.txt,Set Cover,100,RelaxGrouping,5000,false,min,3.000000,0.666737,na,0.079146,243004,411281,4957,true
set_cover_n100_m69_d0.05_b_w32_seed3.txt,Set Cover,100,RelaxGrouping,10000,false,min,4.000000,1.661830,na,0.181211,480495,812521,9994,true
set_cover_n100_m69_d0.5_b_w32_seed3.txt,Set Cover,100,RelaxGrouping,500,true,min,2.000000,0.026435,0.008385,0.004297,18882,37245,494,true
set_cover_n100_m69_d0.05_b_w32_seed3.txt,Set Cover,100,RelaxGrouping,20000,true,min,4.000000,3.787396,1.905224,0.209251,320698,542196,14759,true
set_cover_n100_m69_d0.5_b_w32_seed3.txt,Set Cover,100,RelaxGrouping,1000,true,min,3.000000,0.038958,0.012079,0.007504,28528,56334,699,true
set_cover_n100_m69_d0.5_b_w32_seed3.txt,Set Cover,100,RelaxGrouping,2000,true,min,3.000000,0.037700,0.012959,0.007824,28528,56334,699,true
set_cover_n100_m69_d0.5_b_w32_seed3.txt,Set Cover,100,RelaxGrouping,5000,true,min,3.000000,0.037663,0.013235,0.008539,28528,56334,699,true
set_cover_n100_m69_d0.05_b_w32_seed3.txt,Set Cover,100,RelaxGrouping,20000,false,min,4.000000,3.758431,na,0.427059,948808,1597411,19940,true
set_cover_n100_m69_d0.5_b_w32_seed3.txt,Set Cover,100,RelaxGrouping,10000,true,min,3.000000,0.037695,0.009760,0.006426,28528,56334,699,true
set_cover_n100_m69_d0.5_b_w32_seed3.txt,Set Cover,100,RelaxGrouping,20000,true,min,3.000000,0.037884,0.010196,0.007358,28528,56334,699,true
set_cover_n100_m69_d0.5_b_w32_seed3.txt,Set Cover,100,RelaxGrouping,500,false,min,2.000000,0.025895,na,0.003386,19891,39243,498,true
set_cover_n100_m69_d0.5_b_w32_seed3.txt,Set Cover,100,RelaxGrouping,1000,false,min,3.000000,0.038185,na,0.005312,28528,56334,699,true
set_cover_n100_m69_d0.5_b_w32_seed3.txt,Set Cover,100,RelaxGrouping,5000,false,min,3.000000,0.038069,na,0.009174,28528,56334,699,true
set_cover_n100_m69_d0.5_b_w32_seed3.txt,Set Cover,100,RelaxGrouping,2000,false,min,3.000000,0.040108,na,0.011056,28528,56334,699,true
set_cover_n100_m69_d0.5_b_w32_seed3.txt,Set Cover,100,RelaxGrouping,10000,false,min,3.000000,0.038502,na,0.008760,28528,56334,699,true
set_cover_n100_m69_d0.5_b_w32_seed3.txt,Set Cover,100,RelaxGrouping,20000,false,min,3.000000,0.040141,na,0.007831,28528,56334,699,true
set_cover_n100_m69_d0.05_b_w32_seed4.txt,Set Cover,100,RelaxGrouping,500,true,min,3.000000,0.061783,0.020431,0.005846,12476,19730,364,true
set_cover_n100_m69_d0.05_b_w32_seed4.txt,Set Cover,100,RelaxGrouping,1000,true,min,3.000000,0.116376,0.041022,0.008530,21806,34516,753,true
set_cover_n100_m69_d0.05_b_w32_seed4.txt,Set Cover,100,RelaxGrouping,2000,true,min,3.000000,0.237283,0.090907,0.015391,31285,49909,981,true
set_cover_n100_m69_d0.05_b_w32_seed4.txt,Set Cover,100,RelaxGrouping,5000,true,min,4.000000,0.643609,0.288739,0.045776,80040,129493,2472,true
set_cover_n100_m69_d0.05_b_w32_seed4.txt,Set Cover,100,RelaxGrouping,500,false,min,3.000000,0.059717,na,0.006079,29540,48137,498,true
set_cover_n100_m69_d0.05_b_w32_seed4.txt,Set Cover,100,RelaxGrouping,1000,false,min,3.000000,0.119428,na,0.016707,55997,91154,998,true
set_cover_n100_m69_d0.05_b_w32_seed4.txt,Set Cover,100,RelaxGrouping,10000,true,min,4.000000,1.510897,0.752952,0.080972,130382,211801,3850,true
set_cover_n100_m69_d0.05_b_w32_seed4.txt,Set Cover,100,RelaxGrouping,2000,false,min,3.000000,0.242426,na,0.026117,102602,169202,1993,true
set_cover_n100_m69_d0.05_b_w32_seed4.txt,Set Cover,100,RelaxGrouping,5000,false,min,4.000000,0.716019,na,0.079529,253289,413739,4981,true
set_cover_n100_m69_d0.5_b_w32_seed4.txt,Set Cover,100,RelaxGrouping,500,true,min,2.000000,0.027571,0.008864,0.005839,18882,37245,494,true
set_cover_n100_m69_d0.05_b_w32_seed4.txt,Set Cover,100,RelaxGrouping,10000,false,min,4.000000,1.772267,na,0.184143,486208,800499,9991,true
set_cover_n100_m69_d0.05_b_w32_seed4.txt,Set Cover,100,RelaxGrouping,20000,true,min,4.000000,3.870730,1.963518,0.188978,239351,393514,7944,true
set_cover_n100_m69_d0.5_b_w32_seed4.txt,Set Cover,100,RelaxGrouping,1000,true,min,3.000000,0.039696,0.010929,0.005863,28528,56334,699,true
set_cover_n100_m69_d0.5_b_w32_seed4.txt,Set Cover,100,RelaxGrouping,2000,true,min,3.000000,0.039512,0.011198,0.006189,28528,56334,699,true
set_cover_n100_m69_d0.5_b_w32_seed4.txt,Set Cover,100,RelaxGrouping,5000,true,min,3.000000,0.037755,0.011618,0.006619,28528,56334,699,true
set_cover_n100_m69_d0.5_b_w32_seed4.txt,Set Cover,100,RelaxGrouping,500,false,min,2.000000,0.026863,na,0.004157,19891,39243,498,true
set_cover_n100_m69_d0.5_b_w32_seed4.txt,Set Cover,100,RelaxGrouping,10000,true,min,3.000000,0.039905,0.012276,0.007285,28528,56334,699,true
set_cover_n100_m69_d0.5_b_w32_seed4.txt,Set Cover,100,RelaxGrouping,20000,true,min,3.000000,0.039865,0.012193,0.008001,28528,56334,699,true
set_cover_n100_m69_d0.05_b_w32_seed4.txt,Set Cover,100,RelaxGrouping,20000,false,min,4.000000,4.060158,na,0.417269,928714,1536560,19983,true
set_cover_n100_m69_d0.5_b_w32_seed4.txt,Set Cover,100,RelaxGrouping,1000,false,min,3.000000,0.035860,na,0.004777,28528,56334,699,true
set_cover_n100_m69_d0.5_b_w32_seed4.txt,Set Cover,100,RelaxGrouping,2000,false,min,3.000000,0.040373,na,0.008149,28528,56334,699,true
set_cover_n100_m69_d0.5_b_w32_seed4.txt,Set Cover,100,RelaxGrouping,5000,false,min,3.000000,0.038780,na,0.009113,28528,56334,699,true
set_cover_n100_m69_d0.5_b_w32_seed4.txt,Set Cover,100,RelaxGrouping,10000,false,min,3.000000,0.040505,na,0.010374,28528,56334,699,true
set_cover_n100_m69_d0.5_b_w32_seed4.txt,Set Cover,100,RelaxGrouping,20000,false,min,3.000000,0.039728,na,0.006731,28528,56334,699,true
set_cover_n100_m69_d0.15_b_w32_seed1.txt,Set Cover,100,RelaxGrouping,500,true,min,2.000000,0.083286,0.020653,0.003070,10093,18636,233,true
set_cover_n100_m69_d0.15_b_w32_seed1.txt,Set Cover,100,RelaxGrouping,1000,true,min,2.000000,0.169894,0.059592,0.008763,18089,33725,400,true
set_cover_n100_m69_d0.15_b_w32_seed1.txt,Set Cover,100,RelaxGrouping,2000,true,min,2.000000,0.326849,0.135529,0.014784,32484,60973,757,true
set_cover_n100_m69_d0.15_b_w32_seed1.txt,Set Cover,100,RelaxGrouping,5000,true,min,2.000000,0.852073,0.444490,0.040649,65913,124741,1544,true
set_cover_n100_m69_d0.15_b_w32_seed1.txt,Set Cover,100,RelaxGrouping,500,false,min,2.000000,0.084861,na,0.006964,35185,64296,498,true
set_cover_n100_m69_d0.15_b_w32_seed1.txt,Set Cover,100,RelaxGrouping,1000,false,min,2.000000,0.169554,na,0.015025,66854,122565,993,true
set_cover_n100_m69_d0.15_b_w32_seed1.txt,Set Cover,100,RelaxGrouping,2000,false,min,2.000000,0.340182,na,0.039260,128731,236163,1983,true
set_cover_n100_m69_d0.15_b_w32_seed1.txt,Set Cover,100,RelaxGrouping,10000,true,min,2.000000,1.971171,1.158533,0.094467,126845,242052,2758,true
set_cover_n100_m69_d0.15_b_w32_seed1.txt,Set Cover,100,RelaxGrouping,5000,false,min,2.000000,0.943111,na,0.109077,303980,559509,4994,true
set_cover_n100_m69_d0.15_b_w32_seed2.txt,Set Cover,100,RelaxGrouping,500,true,min,2.000000,0.084907,0.027427,0.004839,8874,16185,220,true
set_cover_n100_m69_d0.15_b_w32_seed1.txt,Set Cover,100,RelaxGrouping,10000,false,min,2.000000,2.358867,na,0.239933,589617,1087609,9987,true
set_cover_n100_m69_d0.15_b_w32_seed2.txt,Set Cover,100,RelaxGrouping,1000,true,min,2.000000,0.172172,0.056189,0.007374,17027,30958,476,true
set_cover_n100_m69_d0.15_b_w32_seed2.txt,Set Cover,100,RelaxGrouping,2000,true,min,2.000000,0.333426,0.138688,0.017580,31843,58006,932,true
set_cover_n100_m69_d0.15_b_w32_seed1.txt,Set Cover,100,RelaxGrouping,20000,true,min,2.000000,5.103480,2.699983,0.202780,230573,444135,5416,true
set_cover_n100_m69_d0.15_b_w32_seed2.txt,Set Cover,100,RelaxGrouping,5000,true,min,2.000000,0.882384,0.417966,0.042408,66812,121695,2121,true
set_cover_n100_m69_d0.15_b_w32_seed1.txt,Set Cover,100,RelaxGrouping,20000,false,min,2.000000,5.081040,na,0.546020,1127049,2087351,19977,true
set_cover_n100_m69_d0.15_b_w32_seed2.txt,Set Cover,100,RelaxGrouping,500,false,min,2.000000,0.084985,na,0.011373,34081,62960,497,true
set_cover_n100_m69_d0.15_b_w32_seed2.txt,Set Cover,100,RelaxGrouping,10000,true,min,2.000000,2.208873,0.968062,0.081479,118268,217986,3667,true
set_cover_n100_m69_d0.15_b_w32_seed2.txt,Set Cover,100,RelaxGrouping,1000,false,min,2.000000,0.165243,na,0.017566,66995,123511,998,true
set_cover_n100_m69_d0.15_b_w32_seed2.txt,Set Cover,100,RelaxGrouping,2000,false,min,2.000000,0.335473,na,0.038526,128475,237245,1985,true
set_cover_n100_m69_d0.15_b_w32_seed2.txt,Set Cover,100,RelaxGrouping,5000,false,min,2.000000,0.912364,na,0.107798,296921,549470,4995,true
set_cover_n100_m69_d0.15_b_w32_seed3.txt,Set Cover,100,RelaxGrouping,500,true,min,2.000000,0.078884,0.024310,0.004574,6820,12680,157,true
set_cover_n100_m69_d0.15_b_w32_seed3.txt,Set Cover,100,RelaxGrouping,1000,true,min,2.000000,0.158445,0.054194,0.007348,12722,23702,340,true
set_cover_n100_m69_d0.15_b_w32_seed2.txt,Set Cover,100,RelaxGrouping,10000,false,min,2.000000,2.224932,na,0.241819,554672,1028368,9984,true
set_cover_n100_m69_d0.15_b_w32_seed3.txt,Set Cover,100,RelaxGrouping,2000,true,min,2.000000,0.309644,0.126514,0.013289,21462,40398,553,true
set_cover_n100_m69_d0.15_b_w32_seed2.txt,Set Cover,100,RelaxGrouping,20000,true,min,2.000000,5.106555,2.565890,0.182025,227352,420934,7106,true
set_cover_n100_m69_d0.15_b_w32_seed3.txt,Set Cover,100,RelaxGrouping,5000,true,min,2.000000,0.918568,0.403883,0.033024,47541,89675,1507,true
set_cover_n100_m69_d0.15_b_w32_seed2.txt,Set Cover,100,RelaxGrouping,20000,false,min,2.000000,5.178691,na,0.511508,1052714,1956252,19946,true
set_cover_n100_m69_d0.15_b_w32_seed3.txt,Set Cover,100,RelaxGrouping,500,false,min,2.000000,0.076206,na,0.010465,29768,55068,497,true
set_cover_n100_m69_d0.15_b_w32_seed3.txt,Set Cover,100,RelaxGrouping,1000,false,min,2.000000,0.160061,na,0.017470,59253,109331,992,true
set_cover_n100_m69_d0.15_b_w32_seed3.txt,Set Cover,100,RelaxGrouping,10000,true,min,2.000000,2.242016,1.167353,0.059871,80328,151156,2560,true
set_cover_n100_m69_d0.15_b_w32_seed3.txt,Set Cover,100,RelaxGrouping,2000,false,min,2.000000,0.310622,na,0.026532,114006,210891,1992,true
set_cover_n100_m69_d0.15_b_w32_seed3.txt,Set Cover,100,RelaxGrouping,5000,false,min,2.000000,0.885547,na,0.097079,272926,505466,4983,true
set_cover_n100_m69_d0.15_b_w32_seed4.txt,Set Cover,100,RelaxGrouping,500,true,min,2.000000,0.082923,0.026342,0.004576,10606,19406,302,true
set_cover_n100_m69_d0.15_b_w32_seed3.txt,Set Cover,100,RelaxGrouping,10000,false,min,2.000000,2.186058,na,0.217451,531535,985047,9954,true
set_cover_n100_m69_d0.15_b_w32_seed4.txt,Set Cover,100,RelaxGrouping,1000,true,min,2.000000,0.160803,0.053660,0.009314,16487,30297,492,true
set_cover_n100_m69_d0.15_b_w32_seed3.txt,Set Cover,100,RelaxGrouping,20000,true,min,2.000000,4.973182,2.638180,0.128437,148987,281897,4619,true
set_cover_n100_m69_d0.15_b_w32_seed4.txt,Set Cover,100,RelaxGrouping,2000,true,min,2.000000,0.330452,0.137683,0.017291,29948,55452,891,true
set_cover_n100_m69_d0.15_b_w32_seed4.txt,Set Cover,100,RelaxGrouping,500,false,min,2.000000,0.082511,na,0.014741,33922,62312,499,true
set_cover_n100_m69_d0.15_b_w32_seed4.txt,Set Cover,100,RelaxGrouping,5000,true,min,2.000000,0.839036,0.361473,0.038112,59198,110740,1584,true
set_cover_n100_m69_d0.15_b_w32_seed3.txt,Set Cover,100,RelaxGrouping,20000,false,min,2.000000,5.160413,na,0.516424,1032548,1921537,19984,true
set_cover_n100_m69_d0.15_b_w32_seed4.txt,Set Cover,100,RelaxGrouping,1000,false,min,2.000000,0.158579,na,0.019871,63504,116802,996,true
set_cover_n100_m69_d0.15_b_w32_seed4.txt,Set Cover,100,RelaxGrouping,2000,false,min,2.000000,0.340010,na,0.038053,123394,227702,1995,true
set_cover_n100_m69_d0.15_b_w32_seed4.txt,Set Cover,100,RelaxGrouping,10000,true,min,2.000000,2.086671,1.009403,0.076695,108232,203807,3026,true
set_cover_n100_m69_d0.15_b_w32_seed4.txt,Set Cover,100,RelaxGrouping,5000,false,min,2.000000,0.817900,na,0.096656,286442,531487,4994,true
set_cover_n100_m69_d0.25_b_w32_seed1.txt,Set Cover,100,RelaxGrouping,500,true,min,2.000000,0.067546,0.025676,0.005397,12663,24567,300,true
set_cover_n100_m69_d0.25_b_w32_seed1.txt,Set Cover,100,RelaxGrouping,1000,true,min,2.000000,0.118765,0.052045,0.011733,24083,46947,525,true
set_cover_n100_m69_d0.15_b_w32_seed4.txt,Set Cover,100,RelaxGrouping,10000,false,min,2.000000,2.287233,na,0.232977,556370,1033191,9995,true
set_cover_n100_m69_d0.25_b_w32_seed1.txt,Set Cover,100,RelaxGrouping,2000,true,min,2.000000,0.221659,0.108587,0.022570,44144,86341,900,true
set_cover_n100_m69_d0.15_b_w32_seed4.txt,Set Cover,100,RelaxGrouping,20000,true,min,2.000000,4.869320,2.718195,0.165655,200537,380648,5939,true
set_cover_n100_m69_d0.25_b_w32_seed1.txt,Set Cover,100,RelaxGrouping,5000,true,min,2.000000,0.542726,0.355009,0.061347,106889,209722,2403,true
set_cover_n100_m69_d0.15_b_w32_seed4.txt,Set Cover,100,RelaxGrouping,20000,false,min,2.000000,5.181917,na,0.525122,1053729,1961261,19973,true
set_cover_n100_m69_d0.25_b_w32_seed1.txt,Set Cover,100,RelaxGrouping,10000,true,min,2.000000,1.102787,0.670433,0.125264,213794,420983,4895,true
set_cover_n100_m69_d0.25_b_w32_seed1.txt,Set Cover,100,RelaxGrouping,500,false,min,2.000000,0.067285,na,0.009510,33450,63737,496,true
set_cover_n100_m69_d0.25_b_w32_seed1.txt,Set Cover,100,RelaxGrouping,1000,false,min,2.000000,0.117726,na,0.016453,62227,118947,994,true
set_cover_n100_m69_d0.25_b_w32_seed1.txt,Set Cover,100,RelaxGrouping,2000,false,min,2.000000,0.227980,na,0.030462,113803,217865,1996,true
set_cover_n100_m69_d0.25_b_w32_seed1.txt,Set Cover,100,RelaxGrouping,20000,true,min,2.000000,1.862476,1.401721,0.241400,395311,780603,11123,true
set_cover_n100_m69_d0.25_b_w32_seed1.txt,Set Cover,100,RelaxGrouping,5000,false,min,2.000000,0.547233,na,0.077143,254228,487519,4987,true
set_cover_n100_m69_d0.25_b_w32_seed1.txt,Set Cover,100,RelaxGrouping,10000,false,min,2.000000,1.065873,na,0.152422,450411,864388,9984,true
set_cover_n100_m69_d0.25_b_w32_seed2.txt,Set Cover,100,RelaxGrouping,500,true,min,2.000000,0.063170,0.024829,0.005294,12985,25207,269,true
set_cover_n100_m69_d0.25_b_w32_seed1.txt,Set Cover,100,RelaxGrouping,20000,false,min,2.000000,1.770345,na,0.285558,772925,1484033,19973,true
set_cover_n100_m69_d0.25_b_w32_seed2.txt,Set Cover,100,RelaxGrouping,1000,true,min,2.000000,0.118388,0.051191,0.011408,22432,43617,451,true
set_cover_n100_m69_d0.25_b_w32_seed2.txt,Set Cover,100,RelaxGrouping,2000,true,min,2.000000,0.235561,0.115882,0.022798,44939,87646,933,true
set_cover_n100_m69_d0.25_b_w32_seed2.txt,Set Cover,100,RelaxGrouping,5000,true,min,2.000000,0.548914,0.305280,0.057296,98332,192413,2294,true
set_cover_n100_m69_d0.25_b_w32_seed2.txt,Set Cover,100,RelaxGrouping,500,false,min,2.000000,0.063805,na,0.008478,31566,60352,496,true
set_cover_n100_m69_d0.25_b_w32_seed2.txt,Set Cover,100,RelaxGrouping,1000,false,min,2.000000,0.123384,na,0.017087,59368,113821,997,true
set_cover_n100_m69_d0.25_b_w32_seed2.txt,Set Cover,100,RelaxGrouping,10000,true,min,2.000000,0.963987,0.759573,0.118275,198696,389261,5210,true
set_cover_n100_m69_d0.25_b_w32_seed2.txt,Set Cover,100,RelaxGrouping,2000,false,min,2.000000,0.225793,na,0.032438,113256,217285,1992,true
set_cover_n100_m69_d0.25_b_w32_seed2.txt,Set Cover,100,RelaxGrouping,5000,false,min,2.000000,0.533308,na,0.074638,253654,487989,5000,true
set_cover_n100_m69_d0.25_b_w32_seed3.txt,Set Cover,100,RelaxGrouping,500,true,min,2.000000,0.069679,0.025977,0.007436,13294,25664,292,true
set_cover_n100_m69_d0.25_b_w32_seed2.txt,Set Cover,100,RelaxGrouping,10000,false,min,2.000000,1.051119,na,0.163146,457380,879869,9977,true
set_cover_n100_m69_d0.25_b_w32_seed2.txt,Set Cover,100,RelaxGrouping,20000,true,min,2.000000,2.079703,1.470575,0.222265,365145,716050,10126,true
set_cover_n100_m69_d0.25_b_w32_seed3.txt,Set Cover,100,RelaxGrouping,1000,true,min,2.000000,0.125136,0.052816,0.012156,23892,46363,552,true
set_cover_n100_m69_d0.25_b_w32_seed2.txt,Set Cover,100,RelaxGrouping,20000,false,min,2.000000,1.974748,na,0.278373,754087,1450379,19988,true
set_cover_n100_m69_d0.25_b_w32_seed3.txt,Set Cover,100,RelaxGrouping,2000,true,min,2.000000,0.228727,0.114490,0.018980,44865,87439,1070,true
set_cover_n100_m69_d0.25_b_w32_seed3.txt,Set Cover,100,RelaxGrouping,5000,true,min,2.000000,0.541692,0.308120,0.062753,111565,218487,2781,true
set_cover_n100_m69_d0.25_b_w32_seed3.txt,Set Cover,100,RelaxGrouping,500,false,min,2.000000,0.067964,na,0.009685,33562,63964,497,true
set_cover_n100_m69_d0.25_b_w32_seed3.txt,Set Cover,100,RelaxGrouping,10000,true,min,2.000000,0.989922,0.680241,0.130071,227335,446557,6180,true
set_cover_n100_m69_d0.25_b_w32_seed3.txt,Set Cover,100,RelaxGrouping,1000,false,min,2.000000,0.125032,na,0.018600,62368,119206,992,true
set_cover_n100_m69_d0.25_b_w32_seed3.txt,Set Cover,100,RelaxGrouping,2000,false,min,2.000000,0.234403,na,0.033810,118861,227459,1996,true
set_cover_n100_m69_d0.25_b_w32_seed3.txt,Set Cover,100,RelaxGrouping,20000,true,min,3.000000,1.906435,1.474634,0.245832,400102,786359,12071,true
set_cover_n100_m69_d0.25_b_w32_seed3.txt,Set Cover,100,RelaxGrouping,5000,false,min,2.000000,0.543563,na,0.073810,266542,511347,4980,true
set_cover_n100_m69_d0.25_b_w32_seed4.txt,Set Cover,100,RelaxGrouping,500,true,min,2.000000,0.070183,0.027027,0.005897,11988,23258,267,true
set_cover_n100_m69_d0.25_b_w32_seed3.txt,Set Cover,100,RelaxGrouping,10000,false,min,2.000000,1.121245,na,0.155688,478340,919047,9966,true
set_cover_n100_m69_d0.25_b_w32_seed4.txt,Set Cover,100,RelaxGrouping,1000,true,min,2.000000,0.124421,0.055526,0.012029,21380,41567,510,true
set_cover_n100_m69_d0.25_b_w32_seed3.txt,Set Cover,100,RelaxGrouping,20000,false,min,3.000000,2.102665,na,0.328347,811492,1561477,19992,true
set_cover_n100_m69_d0.25_b_w32_seed4.txt,Set Cover,100,RelaxGrouping,2000,true,min,2.000000,0.239438,0.123114,0.019880,43692,85299,957,true
set_cover_n100_m69_d0.25_b_w32_seed4.txt,Set Cover,100,RelaxGrouping,5000,true,min,2.000000,0.600463,0.362886,0.065184,117810,230604,2878,true
set_cover_n100_m69_d0.25_b_w32_seed4.txt,Set Cover,100,RelaxGrouping,500,false,min,2.000000,0.064780,na,0.006431,33108,63402,500,true
set_cover_n100_m69_d0.25_b_w32_seed4.txt,Set Cover,100,RelaxGrouping,10000,true,min,2.000000,0.942797,0.630681,0.134694,230565,453090,6285,true
set_cover_n100_m69_d0.25_b_w32_seed4.txt,Set Cover,100,RelaxGrouping,1000,false,min,2.000000,0.125642,na,0.015451,62943,120659,993,true
set_cover_n100_m69_d0.25_b_w32_seed4.txt,Set Cover,100,RelaxGrouping,2000,false,min,2.000000,0.236078,na,0.031741,120316,231292,1995,true
set_cover_n100_m69_d0.25_b_w32_seed4.txt,Set Cover,100,RelaxGrouping,5000,false,min,2.000000,0.584878,na,0.079286,275105,529949,4992,true
set_cover_n100_m69_d0.35_b_w32_seed1.txt,Set Cover,100,RelaxGrouping,500,true,min,2.000000,0.026793,0.008664,0.011279,18882,37245,494,true
set_cover_n100_m69_d0.25_b_w32_seed4.txt,Set Cover,100,RelaxGrouping,20000,true,min,2.000000,1.968639,1.361459,0.236368,395249,778977,12277,true
set_cover_n100_m69_d0.25_b_w32_seed4.txt,Set Cover,100,RelaxGrouping,10000,false,min,2.000000,1.020556,na,0.160201,471523,910752,9972,true
set_cover_n100_m69_d0.35_b_w32_seed1.txt,Set Cover,100,RelaxGrouping,1000,true,min,3.000000,0.040310,0.013638,0.007978,28528,56334,699,true
set_cover_n100_m69_d0.35_b_w32_seed1.txt,Set Cover,100,RelaxGrouping,2000,true,min,3.000000,0.040559,0.013711,0.008032,28528,56334,699,true
set_cover_n100_m69_d0.25_b_w32_seed4.txt,Set Cover,100,RelaxGrouping,20000,false,min,2.000000,1.933883,na,0.289216,761119,1472630,19987,true
set_cover_n100_m69_d0.35_b_w32_seed1.txt,Set Cover,100,RelaxGrouping,10000,true,min,3.000000,0.039718,0.013447,0.007832,28528,56334,699,true
set_cover_n100_m69_d0.35_b_w32_seed1.txt,Set Cover,100,RelaxGrouping,5000,true,min,3.000000,0.038601,0.013783,0.008219,28528,56334,699,true
set_cover_n100_m69_d0.35_b_w32_seed1.txt,Set Cover,100,RelaxGrouping,500,false,min,2.000000,0.026909,na,0.004109,19891,39243,498,true
set_cover_n100_m69_d0.35_b_w32_seed1.txt,Set Cover,100,RelaxGrouping,1000,false,min,3.000000,0.039846,na,0.006136,28528,56334,699,true
set_cover_n100_m69_d0.35_b_w32_seed1.txt,Set Cover,100,RelaxGrouping,20000,true,min,3.000000,0.038108,0.011906,0.006461,28528,56334,699,true
set_cover_n100_m69_d0.35_b_w32_seed1.txt,Set Cover,100,RelaxGrouping,5000,false,min,3.000000,0.040205,na,0.007993,28528,56334,699,true
set_cover_n100_m69_d0.35_b_w32_seed1.txt,Set Cover,100,RelaxGrouping,2000,false,min,3.000000,0.040120,na,0.007970,28528,56334,699,true
set_cover_n100_m69_d0.35_b_w32_seed1.txt,Set Cover,100,RelaxGrouping,10000,false,min,3.000000,0.040530,na,0.007103,28528,56334,699,true
set_cover_n100_m69_d0.35_b_w32_seed1.txt,Set Cover,100,RelaxGrouping,20000,false,min,3.000000,0.040346,na,0.007399,28528,56334,699,true
set_cover_n100_m69_d0.35_b_w32_seed2.txt,Set Cover,100,RelaxGrouping,500,true,min,2.000000,0.028592,0.009650,0.005528,18882,37245,494,true
set_cover_n100_m69_d0.35_b_w32_seed2.txt,Set Cover,100,RelaxGrouping,1000,true,min,3.000000,0.040380,0.012782,0.007488,28528,56334,699,true
set_cover_n100_m69_d0.35_b_w32_seed2.txt,Set Cover,100,RelaxGrouping,2000,true,min,3.000000,0.040613,0.013061,0.008139,28528,56334,699,true
set_cover_n100_m69_d0.35_b_w32_seed2.txt,Set Cover,100,RelaxGrouping,5000,true,min,3.000000,0.036867,0.009776,0.005830,28528,56334,699,true
set_cover_n100_m69_d0.35_b_w32_seed2.txt,Set Cover,100,RelaxGrouping,10000,true,min,3.000000,0.037199,0.010153,0.007335,28528,56334,699,true
set_cover_n100_m69_d0.35_b_w32_seed2.txt,Set Cover,100,RelaxGrouping,20000,true,min,3.000000,0.037765,0.011017,0.008140,28528,56334,699,true
set_cover_n100_m69_d0.35_b_w32_seed2.txt,Set Cover,100,RelaxGrouping,500,false,min,2.000000,0.027243,na,0.003742,19891,39243,498,true
set_cover_n100_m69_d0.35_b_w32_seed2.txt,Set Cover,100,RelaxGrouping,1000,false,min,3.000000,0.037069,na,0.006672,28528,56334,699,true
set_cover_n100_m69_d0.35_b_w32_seed2.txt,Set Cover,100,RelaxGrouping,2000,false,min,3.000000,0.038429,na,0.007719,28528,56334,699,true
set_cover_n100_m69_d0.35_b_w32_seed2.txt,Set Cover,100,RelaxGrouping,5000,false,min,3.000000,0.038522,na,0.009001,28528,56334,699,true
set_cover_n100_m69_d0.35_b_w32_seed2.txt,Set Cover,100,RelaxGrouping,10000,false,min,3.000000,0.040384,na,0.009560,28528,56334,699,true
set_cover_n100_m69_d0.35_b_w32_seed3.txt,Set Cover,100,RelaxGrouping,500,true,min,2.000000,0.025847,0.008090,0.005578,18882,37245,494,true
set_cover_n100_m69_d0.35_b_w32_seed2.txt,Set Cover,100,RelaxGrouping,20000,false,min,3.000000,0.037730,na,0.006514,28528,56334,699,true
set_cover_n100_m69_d0.35_b_w32_seed3.txt,Set Cover,100,RelaxGrouping,2000,true,min,3.000000,0.036374,0.009467,0.004939,28528,56334,699,true
set_cover_n100_m69_d0.35_b_w32_seed3.txt,Set Cover,100,RelaxGrouping,1000,true,min,3.000000,0.038469,0.010095,0.005349,28528,56334,699,true
set_cover_n100_m69_d0.35_b_w32_seed3.txt,Set Cover,100,RelaxGrouping,5000,true,min,3.000000,0.036915,0.010276,0.006885,28528,56334,699,true
set_cover_n100_m69_d0.35_b_w32_seed3.txt,Set Cover,100,RelaxGrouping,10000,true,min,3.000000,0.038652,0.013810,0.006120,28528,56334,699,true
set_cover_n100_m69_d0.35_b_w32_seed3.txt,Set Cover,100,RelaxGrouping,20000,true,min,3.000000,0.040079,0.012948,0.005587,28528,56334,699,true
set_cover_n100_m69_d0.35_b_w32_seed3.txt,Set Cover,100,RelaxGrouping,500,false,min,2.000000,0.026963,na,0.004773,19891,39243,498,true
set_cover_n100_m69_d0.35_b_w32_seed3.txt,Set Cover,100,RelaxGrouping,1000,false,min,3.000000,0.037904,na,0.006087,28528,56334,699,true
set_cover_n100_m69_d0.35_b_w32_seed3.txt,Set Cover,100,RelaxGrouping,2000,false,min,3.000000,0.037868,na,0.006217,28528,56334,699,true
set_cover_n100_m69_d0.35_b_w32_seed3.txt,Set Cover,100,RelaxGrouping,5000,false,min,3.000000,0.035181,na,0.003745,28528,56334,699,true
set_cover_n100_m69_d0.35_b_w32_seed3.txt,Set Cover,100,RelaxGrouping,10000,false,min,3.000000,0.036921,na,0.004208,28528,56334,699,true
set_cover_n100_m69_d0.35_b_w32_seed4.txt,Set Cover,100,RelaxGrouping,500,true,min,2.000000,0.025748,0.008787,0.010297,18882,37245,494,true
set_cover_n100_m69_d0.35_b_w32_seed3.txt,Set Cover,100,RelaxGrouping,20000,false,min,3.000000,0.039914,na,0.010689,28528,56334,699,true
set_cover_n100_m69_d0.35_b_w32_seed4.txt,Set Cover,100,RelaxGrouping,1000,true,min,3.000000,0.037956,0.013451,0.006469,28528,56334,699,true
set_cover_n100_m69_d0.35_b_w32_seed4.txt,Set Cover,100,RelaxGrouping,2000,true,min,3.000000,0.036509,0.012324,0.006603,28528,56334,699,true
set_cover_n100_m69_d0.35_b_w32_seed4.txt,Set Cover,100,RelaxGrouping,5000,true,min,3.000000,0.036606,0.012411,0.006757,28528,56334,699,true
set_cover_n100_m69_d0.35_b_w32_seed4.txt,Set Cover,100,RelaxGrouping,500,false,min,2.000000,0.026509,na,0.004043,19891,39243,498,true
set_cover_n100_m69_d0.35_b_w32_seed4.txt,Set Cover,100,RelaxGrouping,20000,true,min,3.000000,0.039664,0.013180,0.007583,28528,56334,699,true
set_cover_n100_m69_d0.35_b_w32_seed4.txt,Set Cover,100,RelaxGrouping,10000,true,min,3.000000,0.038090,0.013405,0.007445,28528,56334,699,true
set_cover_n100_m69_d0.35_b_w32_seed4.txt,Set Cover,100,RelaxGrouping,1000,false,min,3.000000,0.039814,na,0.009807,28528,56334,699,true
set_cover_n100_m69_d0.35_b_w32_seed4.txt,Set Cover,100,RelaxGrouping,2000,false,min,3.000000,0.038151,na,0.009583,28528,56334,699,true
set_cover_n100_m69_d0.35_b_w32_seed4.txt,Set Cover,100,RelaxGrouping,5000,false,min,3.000000,0.040979,na,0.008357,28528,56334,699,true
set_cover_n100_m69_d0.35_b_w32_seed4.txt,Set Cover,100,RelaxGrouping,10000,false,min,3.000000,0.039806,na,0.009537,28528,56334,699,true
set_cover_n100_m69_d0.35_b_w32_seed4.txt,Set Cover,100,RelaxGrouping,20000,false,min,3.000000,0.039156,na,0.007955,28528,56334,699,true
set_cover_n100_m69_d0.45_b_w32_seed1.txt,Set Cover,100,RelaxGrouping,500,true,min,2.000000,0.027841,0.007828,0.004221,18882,37245,494,true
set_cover_n100_m69_d0.45_b_w32_seed1.txt,Set Cover,100,RelaxGrouping,1000,true,min,3.000000,0.038586,0.011234,0.006705,28528,56334,699,true
set_cover_n100_m69_d0.45_b_w32_seed1.txt,Set Cover,100,RelaxGrouping,5000,true,min,3.000000,0.035637,0.009931,0.005519,28528,56334,699,true
set_cover_n100_m69_d0.45_b_w32_seed1.txt,Set Cover,100,RelaxGrouping,2000,true,min,3.000000,0.037479,0.011472,0.006413,28528,56334,699,true
set_cover_n100_m69_d0.45_b_w32_seed1.txt,Set Cover,100,RelaxGrouping,10000,true,min,3.000000,0.036469,0.011891,0.006722,28528,56334,699,true
set_cover_n100_m69_d0.45_b_w32_seed1.txt,Set Cover,100,RelaxGrouping,500,false,min,2.000000,0.028026,na,0.004372,19891,39243,498,true
set_cover_n100_m69_d0.45_b_w32_seed1.txt,Set Cover,100,RelaxGrouping,20000,true,min,3.000000,0.037740,0.010989,0.006074,28528,56334,699,true
set_cover_n100_m69_d0.45_b_w32_seed1.txt,Set Cover,100,RelaxGrouping,1000,false,min,3.000000,0.038407,na,0.008209,28528,56334,699,true
set_cover_n100_m69_d0.45_b_w32_seed1.txt,Set Cover,100,RelaxGrouping,2000,false,min,3.000000,0.040104,na,0.011361,28528,56334,699,true
set_cover_n100_m69_d0.45_b_w32_seed1.txt,Set Cover,100,RelaxGrouping,5000,false,min,3.000000,0.040204,na,0.008346,28528,56334,699,true
set_cover_n100_m69_d0.45_b_w32_seed1.txt,Set Cover,100,RelaxGrouping,10000,false,min,3.000000,0.037141,na,0.006703,28528,56334,699,true
set_cover_n100_m69_d0.45_b_w32_seed1.txt,Set Cover,100,RelaxGrouping,20000,false,min,3.000000,0.037636,na,0.006889,28528,56334,699,true
set_cover_n100_m69_d0.45_b_w32_seed2.txt,Set Cover,100,RelaxGrouping,500,true,min,2.000000,0.027592,0.008477,0.004806,18882,37245,494,true
set_cover_n100_m69_d0.45_b_w32_seed2.txt,Set Cover,100,RelaxGrouping,2000,true,min,3.000000,0.038317,0.012882,0.006695,28528,56334,699,true
set_cover_n100_m69_d0.45_b_w32_seed2.txt,Set Cover,100,RelaxGrouping,1000,true,min,3.000000,0.039554,0.012743,0.006625,28528,56334,699,true
set_cover_n100_m69_d0.45_b_w32_seed2.txt,Set Cover,100,RelaxGrouping,5000,true,min,3.000000,0.038272,0.014089,0.007272,28528,56334,699,true
set_cover_n100_m69_d0.45_b_w32_seed2.txt,Set Cover,100,RelaxGrouping,10000,true,min,3.000000,0.038314,0.014187,0.007971,28528,56334,699,true
set_cover_n100_m69_d0.45_b_w32_seed2.txt,Set Cover,100,RelaxGrouping,500,false,min,2.000000,0.027066,na,0.004406,19891,39243,498,true
set_cover_n100_m69_d0.45_b_w32_seed2.txt,Set Cover,100,RelaxGrouping,1000,false,min,3.000000,0.039631,na,0.006537,28528,56334,699,true
set_cover_n100_m69_d0.45_b_w32_seed2.txt,Set Cover,100,RelaxGrouping,20000,true,min,3.000000,0.038041,0.012292,0.007115,28528,56334,699,true
set_cover_n100_m69_d0.45_b_w32_seed2.txt,Set Cover,100,RelaxGrouping,2000,false,min,3.000000,0.038921,na,0.007772,28528,56334,699,true
set_cover_n100_m69_d0.45_b_w32_seed2.txt,Set Cover,100,RelaxGrouping,5000,false,min,3.000000,0.038687,na,0.008058,28528,56334,699,true
set_cover_n100_m69_d0.45_b_w32_seed2.txt,Set Cover,100,RelaxGrouping,10000,false,min,3.000000,0.039603,na,0.008353,28528,56334,699,true
set_cover_n100_m69_d0.45_b_w32_seed2.txt,Set Cover,100,RelaxGrouping,20000,false,min,3.000000,0.039917,na,0.008410,28528,56334,699,true
set_cover_n100_m69_d0.45_b_w32_seed3.txt,Set Cover,100,RelaxGrouping,500,true,min,2.000000,0.028468,0.010905,0.006442,18882,37245,494,true
set_cover_n100_m69_d0.45_b_w32_seed3.txt,Set Cover,100,RelaxGrouping,1000,true,min,3.000000,0.037816,0.010427,0.005684,28528,56334,699,true
set_cover_n100_m69_d0.45_b_w32_seed3.txt,Set Cover,100,RelaxGrouping,2000,true,min,3.000000,0.036299,0.010983,0.010261,28528,56334,699,true
set_cover_n100_m69_d0.45_b_w32_seed3.txt,Set Cover,100,RelaxGrouping,5000,true,min,3.000000,0.037005,0.010060,0.005311,28528,56334,699,true
set_cover_n100_m69_d0.45_b_w32_seed3.txt,Set Cover,100,RelaxGrouping,10000,true,min,3.000000,0.036921,0.010463,0.005461,28528,56334,699,true
set_cover_n100_m69_d0.45_b_w32_seed3.txt,Set Cover,100,RelaxGrouping,20000,true,min,3.000000,0.038904,0.010358,0.005946,28528,56334,699,true
set_cover_n100_m69_d0.45_b_w32_seed3.txt,Set Cover,100,RelaxGrouping,500,false,min,2.000000,0.027180,na,0.005282,19891,39243,498,true
set_cover_n100_m69_d0.45_b_w32_seed3.txt,Set Cover,100,RelaxGrouping,1000,false,min,3.000000,0.037437,na,0.008776,28528,56334,699,true
set_cover_n100_m69_d0.45_b_w32_seed3.txt,Set Cover,100,RelaxGrouping,2000,false,min,3.000000,0.039345,na,0.007112,28528,56334,699,true
set_cover_n100_m69_d0.45_b_w32_seed3.txt,Set Cover,100,RelaxGrouping,5000,false,min,3.000000,0.040998,na,0.007446,28528,56334,699,true
set_cover_n100_m69_d0.45_b_w32_seed3.txt,Set Cover,100,RelaxGrouping,10000,false,min,3.000000,0.041142,na,0.008028,28528,56334,699,true
set_cover_n100_m69_d0.45_b_w32_seed3.txt,Set Cover,100,RelaxGrouping,20000,false,min,3.000000,0.036227,na,0.005001,28528,56334,699,true
set_cover_n100_m69_d0.45_b_w32_seed4.txt,Set Cover,100,RelaxGrouping,500,true,min,2.000000,0.027117,0.006087,0.003232,18882,37245,494,true
set_cover_n100_m69_d0.45_b_w32_seed4.txt,Set Cover,100,RelaxGrouping,2000,true,min,3.000000,0.035703,0.009160,0.004515,28528,56334,699,true
set_cover_n100_m69_d0.45_b_w32_seed4.txt,Set Cover,100,RelaxGrouping,5000,true,min,3.000000,0.037702,0.009151,0.004938,28528,56334,699,true
set_cover_n100_m69_d0.45_b_w32_seed4.txt,Set Cover,100,RelaxGrouping,1000,true,min,3.000000,0.037531,0.009238,0.006068,28528,56334,699,true
set_cover_n100_m69_d0.45_b_w32_seed4.txt,Set Cover,100,RelaxGrouping,10000,true,min,3.000000,0.038411,0.010928,0.004911,28528,56334,699,true
set_cover_n100_m69_d0.45_b_w32_seed4.txt,Set Cover,100,RelaxGrouping,20000,true,min,3.000000,0.038722,0.010997,0.004842,28528,56334,699,true
set_cover_n100_m69_d0.45_b_w32_seed4.txt,Set Cover,100,RelaxGrouping,500,false,min,2.000000,0.026093,na,0.004073,19891,39243,498,true
set_cover_n100_m69_d0.45_b_w32_seed4.txt,Set Cover,100,RelaxGrouping,1000,false,min,3.000000,0.036739,na,0.005271,28528,56334,699,true
set_cover_n100_m69_d0.45_b_w32_seed4.txt,Set Cover,100,RelaxGrouping,2000,false,min,3.000000,0.036958,na,0.005612,28528,56334,699,true
set_cover_n100_m69_d0.45_b_w32_seed4.txt,Set Cover,100,RelaxGrouping,5000,false,min,3.000000,0.037279,na,0.007393,28528,56334,699,true
set_cover_n100_m69_d0.45_b_w32_seed4.txt,Set Cover,100,RelaxGrouping,10000,false,min,3.000000,0.037816,na,0.007542,28528,56334,699,true
set_cover_n100_m69_d0.45_b_w32_seed4.txt,Set Cover,100,RelaxGrouping,20000,false,min,3.000000,0.038166,na,0.006435,28528,56334,699,true
set_cover_n100_m72_d0.1_b_w29_seed1.txt,Set Cover,100,RelaxGrouping,500,true,min,2.000000,0.087012,0.027958,0.005764,10698,19163,244,true
set_cover_n100_m72_d0.1_b_w29_seed1.txt,Set Cover,100,RelaxGrouping,1000,true,min,2.000000,0.165595,0.055086,0.007329,16940,30390,357,true
set_cover_n100_m72_d0.1_b_w29_seed1.txt,Set Cover,100,RelaxGrouping,2000,true,min,2.000000,0.330184,0.134546,0.018552,32996,59437,792,true
set_cover_n100_m72_d0.1_b_w29_seed1.txt,Set Cover,100,RelaxGrouping,500,false,min,2.000000,0.086913,na,0.008301,33452,59767,495,true
set_cover_n100_m72_d0.1_b_w29_seed1.txt,Set Cover,100,RelaxGrouping,5000,true,min,2.000000,0.901932,0.428714,0.043508,67897,122823,1614,true
set_cover_n100_m72_d0.1_b_w29_seed1.txt,Set Cover,100,RelaxGrouping,1000,false,min,2.000000,0.164014,na,0.018556,64213,115043,989,true
set_cover_n100_m72_d0.1_b_w29_seed1.txt,Set Cover,100,RelaxGrouping,2000,false,min,2.000000,0.346645,na,0.035053,125191,224188,1980,true
set_cover_n100_m72_d0.1_b_w29_seed1.txt,Set Cover,100,RelaxGrouping,5000,false,min,2.000000,0.941634,na,0.108174,299431,538127,4983,true
set_cover_n100_m72_d0.1_b_w29_seed1.txt,Set Cover,100,RelaxGrouping,10000,true,min,3.000000,2.090957,1.107262,0.091349,122481,221970,3155,true
set_cover_n100_m72_d0.1_b_w29_seed2.txt,Set Cover,100,RelaxGrouping,500,true,min,2.000000,0.086405,0.028254,0.005332,9765,17383,225,true
set_cover_n100_m72_d0.1_b_w29_seed2.txt,Set Cover,100,RelaxGrouping,1000,true,min,2.000000,0.172564,0.059589,0.008890,17362,30830,389,true
set_cover_n100_m72_d0.1_b_w29_seed1.txt,Set Cover,100,RelaxGrouping,10000,false,min,3.000000,2.316632,na,0.254824,581740,1044535,9990,true
set_cover_n100_m72_d0.1_b_w29_seed2.txt,Set Cover,100,RelaxGrouping,2000,true,min,2.000000,0.349771,0.138276,0.018684,32822,58577,922,true
set_cover_n100_m72_d0.1_b_w29_seed1.txt,Set Cover,100,RelaxGrouping,20000,true,min,3.000000,5.348795,2.840551,0.223117,245120,447440,6767,true
set_cover_n100_m72_d0.1_b_w29_seed2.txt,Set Cover,100,RelaxGrouping,5000,true,min,2.000000,0.966322,0.438403,0.050380,78586,140558,2625,true
set_cover_n100_m72_d0.1_b_w29_seed1.txt,Set Cover,100,RelaxGrouping,20000,false,min,3.000000,5.779833,na,0.561040,1140261,2049685,19959,true
set_cover_n100_m72_d0.1_b_w29_seed2.txt,Set Cover,100,RelaxGrouping,500,false,min,2.000000,0.088814,na,0.007580,33932,60382,495,true
set_cover_n100_m72_d0.1_b_w29_seed2.txt,Set Cover,100,RelaxGrouping,1000,false,min,2.000000,0.173053,na,0.020939,67117,119265,994,true
set_cover_n100_m72_d0.1_b_w29_seed2.txt,Set Cover,100,RelaxGrouping,10000,true,min,3.000000,2.438135,1.125867,0.099231,139576,248095,4572,true
set_cover_n100_m72_d0.1_b_w29_seed2.txt,Set Cover,100,RelaxGrouping,2000,false,min,2.000000,0.338524,na,0.037541,129862,230518,1993,true
set_cover_n100_m72_d0.1_b_w29_seed2.txt,Set Cover,100,RelaxGrouping,5000,false,min,2.000000,0.923403,na,0.104347,315366,559537,4983,true
set_cover_n100_m72_d0.1_b_w29_seed3.txt,Set Cover,100,RelaxGrouping,500,true,min,2.000000,0.086879,0.025507,0.005438,10954,19738,252,true
set_cover_n100_m72_d0.1_b_w29_seed3.txt,Set Cover,100,RelaxGrouping,1000,true,min,2.000000,0.168963,0.061966,0.012109,22733,41254,632,true
set_cover_n100_m72_d0.1_b_w29_seed2.txt,Set Cover,100,RelaxGrouping,10000,false,min,3.000000,2.462590,na,0.255564,617521,1092869,9983,true
set_cover_n100_m72_d0.1_b_w29_seed3.txt,Set Cover,100,RelaxGrouping,2000,true,min,2.000000,0.351726,0.137211,0.018813,37721,68223,965,true
set_cover_n100_m72_d0.1_b_w29_seed2.txt,Set Cover,100,RelaxGrouping,20000,true,min,3.000000,5.635404,2.738431,0.218246,267461,479038,9549,true
set_cover_n100_m72_d0.1_b_w29_seed3.txt,Set Cover,100,RelaxGrouping,5000,true,min,3.000000,0.952291,0.472658,0.055027,81864,149913,2011,true
set_cover_n100_m72_d0.1_b_w29_seed3.txt,Set Cover,100,RelaxGrouping,500,false,min,2.000000,0.084715,na,0.010859,34145,60921,499,true
set_cover_n100_m72_d0.1_b_w29_seed2.txt,Set Cover,100,RelaxGrouping,20000,false,min,3.000000,5.765768,na,0.605921,1204622,2128402,19984,true
set_cover_n100_m72_d0.1_b_w29_seed3.txt,Set Cover,100,RelaxGrouping,1000,false,min,2.000000,0.169893,na,0.018821,69088,123413,996,true
set_cover_n100_m72_d0.1_b_w29_seed3.txt,Set Cover,100,RelaxGrouping,2000,false,min,2.000000,0.334467,na,0.038147,132956,237378,1996,true
set_cover_n100_m72_d0.1_b_w29_seed3.txt,Set Cover,100,RelaxGrouping,10000,true,min,3.000000,2.502192,0.967297,0.092907,128662,234973,3377,true
set_cover_n100_m72_d0.1_b_w29_seed3.txt,Set Cover,100,RelaxGrouping,5000,false,min,3.000000,0.929831,na,0.114693,311175,555927,4992,true
set_cover_n100_m72_d0.1_b_w29_seed4.txt,Set Cover,100,RelaxGrouping,500,true,min,2.000000,0.084117,0.025620,0.005185,9480,16826,257,true
set_cover_n100_m72_d0.1_b_w29_seed3.txt,Set Cover,100,RelaxGrouping,10000,false,min,3.000000,2.300583,na,0.239672,593276,1062286,9978,true
set_cover_n100_m72_d0.1_b_w29_seed4.txt,Set Cover,100,RelaxGrouping,1000,true,min,2.000000,0.163040,0.054826,0.008544,16724,29946,418,true
set_cover_n100_m72_d0.1_b_w29_seed4.txt,Set Cover,100,RelaxGrouping,2000,true,min,2.000000,0.350011,0.140217,0.018467,31552,56398,693,true
set_cover_n100_m72_d0.1_b_w29_seed3.txt,Set Cover,100,RelaxGrouping,20000,true,min,3.000000,5.393235,2.560340,0.186474,216974,397219,6310,true
set_cover_n100_m72_d0.1_b_w29_seed4.txt,Set Cover,100,RelaxGrouping,500,false,min,2.000000,0.085534,na,0.010619,33026,59022,498,true
set_cover_n100_m72_d0.1_b_w29_seed4.txt,Set Cover,100,RelaxGrouping,5000,true,min,3.000000,0.924913,0.419394,0.047068,66062,118814,1719,true
set_cover_n100_m72_d0.1_b_w29_seed3.txt,Set Cover,100,RelaxGrouping,20000,false,min,3.000000,5.182421,na,0.556220,1109418,1992113,19955,true
set_cover_n100_m72_d0.1_b_w29_seed4.txt,Set Cover,100,RelaxGrouping,1000,false,min,2.000000,0.167483,na,0.020156,62897,112712,994,true
set_cover_n100_m72_d0.1_b_w29_seed4.txt,Set Cover,100,RelaxGrouping,2000,false,min,2.000000,0.348872,na,0.037909,125576,224855,1995,true
set_cover_n100_m72_d0.1_b_w29_seed4.txt,Set Cover,100,RelaxGrouping,10000,true,min,3.000000,2.461287,1.112034,0.088849,115929,209476,2719,true
set_cover_n100_m72_d0.2_b_w29_seed1.txt,Set Cover,100,RelaxGrouping,500,true,min,2.000000,0.077052,0.029475,0.006492,10237,19647,233,true
set_cover_n100_m72_d0.1_b_w29_seed4.txt,Set Cover,100,RelaxGrouping,5000,false,min,3.000000,1.009597,na,0.106767,296884,531774,4993,true
set_cover_n100_m72_d0.2_b_w29_seed1.txt,Set Cover,100,RelaxGrouping,1000,true,min,2.000000,0.150873,0.058673,0.010287,19825,38130,487,true
set_cover_n100_m72_d0.1_b_w29_seed4.txt,Set Cover,100,RelaxGrouping,10000,false,min,3.000000,2.309791,na,0.236407,571137,1028403,9988,true
set_cover_n100_m72_d0.1_b_w29_seed4.txt,Set Cover,100,RelaxGrouping,20000,true,min,3.000000,5.595795,2.565137,0.204338,223553,405339,6315,true
set_cover_n100_m72_d0.2_b_w29_seed1.txt,Set Cover,100,RelaxGrouping,2000,true,min,2.000000,0.291071,0.141236,0.021865,41535,80260,1010,true
set_cover_n100_m72_d0.2_b_w29_seed1.txt,Set Cover,100,RelaxGrouping,500,false,min,2.000000,0.076227,na,0.009055,34327,64573,496,true
set_cover_n100_m72_d0.2_b_w29_seed1.txt,Set Cover,100,RelaxGrouping,5000,true,min,2.000000,0.733192,0.404176,0.062016,103603,200853,2536,true
set_cover_n100_m72_d0.1_b_w29_seed4.txt,Set Cover,100,RelaxGrouping,20000,false,min,3.000000,5.748293,na,0.563709,1113460,2001868,19991,true
set_cover_n100_m72_d0.2_b_w29_seed1.txt,Set Cover,100,RelaxGrouping,1000,false,min,2.000000,0.155270,na,0.020860,69467,130551,996,true
set_cover_n100_m72_d0.2_b_w29_seed1.txt,Set Cover,100,RelaxGrouping,2000,false,min,2.000000,0.299545,na,0.037008,133131,250541,1992,true
set_cover_n100_m72_d0.2_b_w29_seed1.txt,Set Cover,100,RelaxGrouping,10000,true,min,2.000000,1.581051,1.013715,0.141713,208532,404563,5239,true
set_cover_n100_m72_d0.2_b_w29_seed1.txt,Set Cover,100,RelaxGrouping,5000,false,min,2.000000,0.723945,na,0.096656,312663,590524,4987,true
set_cover_n100_m72_d0.2_b_w29_seed2.txt,Set Cover,100,RelaxGrouping,500,true,min,2.000000,0.074098,0.026311,0.005690,9868,18781,266,true
set_cover_n100_m72_d0.2_b_w29_seed1.txt,Set Cover,100,RelaxGrouping,20000,true,min,2.000000,3.293562,1.884517,0.286583,381590,740426,10994,true
set_cover_n100_m72_d0.2_b_w29_seed1.txt,Set Cover,100,RelaxGrouping,10000,false,min,2.000000,1.710612,na,0.216914,590222,1117056,9991,true
set_cover_n100_m72_d0.2_b_w29_seed2.txt,Set Cover,100,RelaxGrouping,1000,true,min,2.000000,0.141221,0.052480,0.008615,17677,33815,465,true
set_cover_n100_m72_d0.2_b_w29_seed2.txt,Set Cover,100,RelaxGrouping,2000,true,min,2.000000,0.272991,0.117790,0.017009,33014,63380,916,true
set_cover_n100_m72_d0.2_b_w29_seed1.txt,Set Cover,100,RelaxGrouping,20000,false,min,2.000000,3.329009,na,0.411065,1032567,1959725,19980,true
set_cover_n100_m72_d0.2_b_w29_seed2.txt,Set Cover,100,RelaxGrouping,5000,true,min,2.000000,0.673325,0.342408,0.050935,79490,153808,2444,true
set_cover_n100_m72_d0.2_b_w29_seed2.txt,Set Cover,100,RelaxGrouping,500,false,min,2.000000,0.074035,na,0.010286,31823,60207,490,true
set_cover_n100_m72_d0.2_b_w29_seed2.txt,Set Cover,100,RelaxGrouping,1000,false,min,2.000000,0.138803,na,0.018001,59983,113675,999,true
set_cover_n100_m72_d0.2_b_w29_seed2.txt,Set Cover,100,RelaxGrouping,2000,false,min,2.000000,0.272625,na,0.033054,115903,219815,1991,true
set_cover_n100_m72_d0.2_b_w29_seed2.txt,Set Cover,100,RelaxGrouping,10000,true,min,2.000000,1.469931,0.905201,0.107727,152676,296317,4575,true
set_cover_n100_m72_d0.2_b_w29_seed2.txt,Set Cover,100,RelaxGrouping,5000,false,min,2.000000,0.656952,na,0.086651,267341,508288,4967,true
set_cover_n100_m72_d0.2_b_w29_seed3.txt,Set Cover,100,RelaxGrouping,500,true,min,2.000000,0.080479,0.027786,0.005054,11194,21127,274,true
set_cover_n100_m72_d0.2_b_w29_seed2.txt,Set Cover,100,RelaxGrouping,10000,false,min,2.000000,1.487685,na,0.202680,500539,951954,9994,true
set_cover_n100_m72_d0.2_b_w29_seed3.txt,Set Cover,100,RelaxGrouping,1000,true,min,2.000000,0.141143,0.050875,0.010770,20230,38269,546,true
set_cover_n100_m72_d0.2_b_w29_seed3.txt,Set Cover,100,RelaxGrouping,2000,true,min,2.000000,0.269373,0.119806,0.015496,33372,63311,775,true
set_cover_n100_m72_d0.2_b_w29_seed2.txt,Set Cover,100,RelaxGrouping,20000,true,min,2.000000,3.384864,2.077080,0.239478,293882,571409,9352,true
set_cover_n100_m72_d0.2_b_w29_seed2.txt,Set Cover,100,RelaxGrouping,20000,false,min,2.000000,3.443017,na,0.425315,939418,1790908,19948,true
set_cover_n100_m72_d0.2_b_w29_seed3.txt,Set Cover,100,RelaxGrouping,5000,true,min,2.000000,0.716200,0.346092,0.048886,80576,153825,2216,true
set_cover_n100_m72_d0.2_b_w29_seed3.txt,Set Cover,100,RelaxGrouping,500,false,min,2.000000,0.077203,na,0.009293,34407,64513,500,true
set_cover_n100_m72_d0.2_b_w29_seed3.txt,Set Cover,100,RelaxGrouping,1000,false,min,2.000000,0.139871,na,0.016454,64465,121135,990,true
set_cover_n100_m72_d0.2_b_w29_seed3.txt,Set Cover,100,RelaxGrouping,10000,true,min,2.000000,1.546617,0.896517,0.095419,140511,268665,3890,true
set_cover_n100_m72_d0.2_b_w29_seed3.txt,Set Cover,100,RelaxGrouping,2000,false,min,2.000000,0.276214,na,0.035590,119849,225844,1988,true
set_cover_n100_m72_d0.2_b_w29_seed3.txt,Set Cover,100,RelaxGrouping,5000,false,min,2.000000,0.718306,na,0.092732,280606,529653,4988,true
set_cover_n100_m72_d0.2_b_w29_seed4.txt,Set Cover,100,RelaxGrouping,500,true,min,2.000000,0.077202,0.027086,0.005300,11848,22522,291,true
set_cover_n100_m72_d0.2_b_w29_seed3.txt,Set Cover,100,RelaxGrouping,20000,true,min,2.000000,3.430550,1.969245,0.225460,280465,540090,9281,true
set_cover_n100_m72_d0.2_b_w29_seed3.txt,Set Cover,100,RelaxGrouping,10000,false,min,2.000000,1.524173,na,0.187305,519379,982558,9983,true
set_cover_n100_m72_d0.2_b_w29_seed4.txt,Set Cover,100,RelaxGrouping,1000,true,min,2.000000,0.144774,0.055931,0.010055,21860,41755,560,true
set_cover_n100_m72_d0.2_b_w29_seed4.txt,Set Cover,100,RelaxGrouping,2000,true,min,2.000000,0.260538,0.115780,0.020029,41807,80339,980,true
set_cover_n100_m72_d0.2_b_w29_seed3.txt,Set Cover,100,RelaxGrouping,20000,false,min,2.000000,3.326149,na,0.391604,945101,1792319,19921,true
set_cover_n100_m72_d0.2_b_w29_seed4.txt,Set Cover,100,RelaxGrouping,5000,true,min,2.000000,0.641855,0.348895,0.051872,88749,170227,2340,true
set_cover_n100_m72_d0.2_b_w29_seed4.txt,Set Cover,100,RelaxGrouping,500,false,min,2.000000,0.080432,na,0.010149,35806,67289,499,true
set_cover_n100_m72_d0.2_b_w29_seed4.txt,Set Cover,100,RelaxGrouping,10000,true,min,2.000000,1.343816,0.780722,0.108624,164811,318477,4544,true
set_cover_n100_m72_d0.2_b_w29_seed4.txt,Set Cover,100,RelaxGrouping,1000,false,min,2.000000,0.142178,na,0.018875,66742,126030,993,true
set_cover_n100_m72_d0.2_b_w29_seed4.txt,Set Cover,100,RelaxGrouping,2000,false,min,2.000000,0.259903,na,0.028125,121085,228894,1992,true
set_cover_n100_m72_d0.2_b_w29_seed4.txt,Set Cover,100,RelaxGrouping,5000,false,min,2.000000,0.621543,na,0.080998,263906,500888,4980,true
set_cover_n100_m72_d0.2_b_w29_seed4.txt,Set Cover,100,RelaxGrouping,20000,true,min,2.000000,2.977284,1.670718,0.218491,282748,549053,8921,true
set_cover_n100_m72_d0.3_b_w29_seed1.txt,Set Cover,100,RelaxGrouping,500,true,min,2.000000,0.028999,0.008720,0.004334,18130,35691,496,true
set_cover_n100_m72_d0.2_b_w29_seed4.txt,Set Cover,100,RelaxGrouping,10000,false,min,2.000000,1.394411,na,0.177618,481582,916549,9979,true
set_cover_n100_m72_d0.3_b_w29_seed1.txt,Set Cover,100,RelaxGrouping,1000,true,min,3.000000,0.039570,0.009089,0.004528,29319,57766,750,true
set_cover_n100_m72_d0.3_b_w29_seed1.txt,Set Cover,100,RelaxGrouping,2000,true,min,3.000000,0.041776,0.015442,0.008445,29319,57766,750,true
set_cover_n100_m72_d0.3_b_w29_seed1.txt,Set Cover,100,RelaxGrouping,5000,true,min,3.000000,0.043811,0.015238,0.008584,29319,57766,750,true
set_cover_n100_m72_d0.3_b_w29_seed1.txt,Set Cover,100,RelaxGrouping,10000,true,min,3.000000,0.043451,0.015167,0.008654,29319,57766,750,true
set_cover_n100_m72_d0.2_b_w29_seed4.txt,Set Cover,100,RelaxGrouping,20000,false,min,2.000000,2.943679,na,0.384778,863708,1650102,19954,true
set_cover_n100_m72_d0.3_b_w29_seed1.txt,Set Cover,100,RelaxGrouping,20000,true,min,3.000000,0.035455,0.007833,0.004173,29319,57766,750,true
set_cover_n100_m72_d0.3_b_w29_seed1.txt,Set Cover,100,RelaxGrouping,500,false,min,2.000000,0.027221,na,0.003944,19539,38433,498,true
set_cover_n100_m72_d0.3_b_w29_seed1.txt,Set Cover,100,RelaxGrouping,1000,false,min,3.000000,0.041270,na,0.006110,29319,57766,750,true
set_cover_n100_m72_d0.3_b_w29_seed1.txt,Set Cover,100,RelaxGrouping,5000,false,min,3.000000,0.041492,na,0.007344,29319,57766,750,true
set_cover_n100_m72_d0.3_b_w29_seed1.txt,Set Cover,100,RelaxGrouping,2000,false,min,3.000000,0.041602,na,0.007725,29319,57766,750,true
set_cover_n100_m72_d0.3_b_w29_seed1.txt,Set Cover,100,RelaxGrouping,10000,false,min,3.000000,0.040623,na,0.008121,29319,57766,750,true
set_cover_n100_m72_d0.3_b_w29_seed1.txt,Set Cover,100,RelaxGrouping,20000,false,min,3.000000,0.042145,na,0.007636,29319,57766,750,true
set_cover_n100_m72_d0.3_b_w29_seed2.txt,Set Cover,100,RelaxGrouping,500,true,min,2.000000,0.030021,0.010120,0.005598,18130,35691,496,true
set_cover_n100_m72_d0.3_b_w29_seed2.txt,Set Cover,100,RelaxGrouping,2000,true,min,3.000000,0.041768,0.014246,0.007652,29319,57766,750,true
set_cover_n100_m72_d0.3_b_w29_seed2.txt,Set Cover,100,RelaxGrouping,1000,true,min,3.000000,0.043617,0.015113,0.008046,29319,57766,750,true
set_cover_n100_m72_d0.3_b_w29_seed2.txt,Set Cover,100,RelaxGrouping,5000,true,min,3.000000,0.039065,0.014206,0.007858,29319,57766,750,true
set_cover_n100_m72_d0.3_b_w29_seed2.txt,Set Cover,100,RelaxGrouping,500,false,min,2.000000,0.029771,na,0.004941,19539,38433,498,true
set_cover_n100_m72_d0.3_b_w29_seed2.txt,Set Cover,100,RelaxGrouping,1000,false,min,3.000000,0.043985,na,0.008078,29319,57766,750,true
set_cover_n100_m72_d0.3_b_w29_seed2.txt,Set Cover,100,RelaxGrouping,10000,true,min,3.000000,0.042009,0.015495,0.007414,29319,57766,750,true
set_cover_n100_m72_d0.3_b_w29_seed2.txt,Set Cover,100,RelaxGrouping,20000,true,min,3.000000,0.043770,0.014853,0.007422,29319,57766,750,true
set_cover_n100_m72_d0.3_b_w29_seed2.txt,Set Cover,100,RelaxGrouping,2000,false,min,3.000000,0.040632,na,0.007044,29319,57766,750,true
set_cover_n100_m72_d0.3_b_w29_seed2.txt,Set Cover,100,RelaxGrouping,5000,false,min,3.000000,0.040498,na,0.008039,29319,57766,750,true
set_cover_n100_m72_d0.3_b_w29_seed3.txt,Set Cover,100,RelaxGrouping,500,true,min,2.000000,0.028424,0.008825,0.007213,18130,35691,496,true
set_cover_n100_m72_d0.3_b_w29_seed2.txt,Set Cover,100,RelaxGrouping,10000,false,min,3.000000,0.042755,na,0.008496,29319,57766,750,true
set_cover_n100_m72_d0.3_b_w29_seed2.txt,Set Cover,100,RelaxGrouping,20000,false,min,3.000000,0.042926,na,0.008958,29319,57766,750,true
set_cover_n100_m72_d0.3_b_w29_seed3.txt,Set Cover,100,RelaxGrouping,1000,true,min,3.000000,0.040145,0.010151,0.004339,29319,57766,750,true
set_cover_n100_m72_d0.3_b_w29_seed3.txt,Set Cover,100,RelaxGrouping,2000,true,min,3.000000,0.041589,0.012187,0.005793,29319,57766,750,true
set_cover_n100_m72_d0.3_b_w29_seed3.txt,Set Cover,100,RelaxGrouping,5000,true,min,3.000000,0.039441,0.012358,0.006073,29319,57766,750,true
set_cover_n100_m72_d0.3_b_w29_seed3.txt,Set Cover,100,RelaxGrouping,10000,true,min,3.000000,0.041713,0.012838,0.008625,29319,57766,750,true
set_cover_n100_m72_d0.3_b_w29_seed3.txt,Set Cover,100,RelaxGrouping,20000,true,min,3.000000,0.039640,0.012603,0.008837,29319,57766,750,true
set_cover_n100_m72_d0.3_b_w29_seed3.txt,Set Cover,100,RelaxGrouping,500,false,min,2.000000,0.026364,na,0.005269,19539,38433,498,true
set_cover_n100_m72_d0.3_b_w29_seed3.txt,Set Cover,100,RelaxGrouping,2000,false,min,3.000000,0.040703,na,0.007564,29319,57766,750,true
set_cover_n100_m72_d0.3_b_w29_seed3.txt,Set Cover,100,RelaxGrouping,1000,false,min,3.000000,0.040523,na,0.007324,29319,57766,750,true
set_cover_n100_m72_d0.3_b_w29_seed3.txt,Set Cover,100,RelaxGrouping,5000,false,min,3.000000,0.042238,na,0.008358,29319,57766,750,true
set_cover_n100_m72_d0.3_b_w29_seed3.txt,Set Cover,100,RelaxGrouping,10000,false,min,3.000000,0.040609,na,0.009308,29319,57766,750,true
set_cover_n100_m72_d0.3_b_w29_seed3.txt,Set Cover,100,RelaxGrouping,20000,false,min,3.000000,0.038926,na,0.004526,29319,57766,750,true
set_cover_n100_m72_d0.3_b_w29_seed4.txt,Set Cover,100,RelaxGrouping,500,true,min,2.000000,0.026979,0.006600,0.003197,18130,35691,496,true
set_cover_n100_m72_d0.3_b_w29_seed4.txt,Set Cover,100,RelaxGrouping,1000,true,min,3.000000,0.039255,0.012276,0.007733,29319,57766,750,true
set_cover_n100_m72_d0.3_b_w29_seed4.txt,Set Cover,100,RelaxGrouping,2000,true,min,3.000000,0.040885,0.013533,0.008679,29319,57766,750,true
set_cover_n100_m72_d0.3_b_w29_seed4.txt,Set Cover,100,RelaxGrouping,5000,true,min,3.000000,0.041053,0.014033,0.008341,29319,57766,750,true
set_cover_n100_m72_d0.3_b_w29_seed4.txt,Set Cover,100,RelaxGrouping,10000,true,min,3.000000,0.041602,0.011549,0.006882,29319,57766,750,true
set_cover_n100_m72_d0.3_b_w29_seed4.txt,Set Cover,100,RelaxGrouping,500,false,min,2.000000,0.026767,na,0.004450,19539,38433,498,true
set_cover_n100_m72_d0.3_b_w29_seed4.txt,Set Cover,100,RelaxGrouping,1000,false,min,3.000000,0.039677,na,0.007027,29319,57766,750,true
set_cover_n100_m72_d0.3_b_w29_seed4.txt,Set Cover,100,RelaxGrouping,2000,false,min,3.000000,0.041505,na,0.006599,29319,57766,750,true
set_cover_n100_m72_d0.3_b_w29_seed4.txt,Set Cover,100,RelaxGrouping,20000,true,min,3.000000,0.041330,0.013477,0.006923,29319,57766,750,true
set_cover_n100_m72_d0.3_b_w29_seed4.txt,Set Cover,100,RelaxGrouping,5000,false,min,3.000000,0.041852,na,0.007660,29319,57766,750,true
set_cover_n100_m72_d0.4_b_w29_seed1.txt,Set Cover,100,RelaxGrouping,500,true,min,2.000000,0.028047,0.009806,0.007689,18130,35691,496,true
set_cover_n100_m72_d0.3_b_w29_seed4.txt,Set Cover,100,RelaxGrouping,20000,false,min,3.000000,0.041449,na,0.008938,29319,57766,750,true
set_cover_n100_m72_d0.3_b_w29_seed4.txt,Set Cover,100,RelaxGrouping,10000,false,min,3.000000,0.043604,na,0.011160,29319,57766,750,true
set_cover_n100_m72_d0.4_b_w29_seed1.txt,Set Cover,100,RelaxGrouping,1000,true,min,3.000000,0.043360,0.015407,0.008592,29319,57766,750,true
set_cover_n100_m72_d0.4_b_w29_seed1.txt,Set Cover,100,RelaxGrouping,2000,true,min,3.000000,0.037393,0.008463,0.004020,29319,57766,750,true
set_cover_n100_m72_d0.4_b_w29_seed1.txt,Set Cover,100,RelaxGrouping,500,false,min,2.000000,0.028157,na,0.004767,19539,38433,498,true
set_cover_n100_m72_d0.4_b_w29_seed1.txt,Set Cover,100,RelaxGrouping,5000,true,min,3.000000,0.040397,0.012608,0.005748,29319,57766,750,true
set_cover_n100_m72_d0.4_b_w29_seed1.txt,Set Cover,100,RelaxGrouping,10000,true,min,3.000000,0.042695,0.012494,0.006486,29319,57766,750,true
set_cover_n100_m72_d0.4_b_w29_seed1.txt,Set Cover,100,RelaxGrouping,20000,true,min,3.000000,0.040602,0.012932,0.008026,29319,57766,750,true
set_cover_n100_m72_d0.4_b_w29_seed1.txt,Set Cover,100,RelaxGrouping,1000,false,min,3.000000,0.039361,na,0.007518,29319,57766,750,true
set_cover_n100_m72_d0.4_b_w29_seed1.txt,Set Cover,100,RelaxGrouping,2000,false,min,3.000000,0.039225,na,0.006782,29319,57766,750,true
set_cover_n100_m72_d0.4_b_w29_seed1.txt,Set Cover,100,RelaxGrouping,5000,false,min,3.000000,0.041302,na,0.007105,29319,57766,750,true
set_cover_n100_m72_d0.4_b_w29_seed1.txt,Set Cover,100,RelaxGrouping,20000,false,min,3.000000,0.039397,na,0.008309,29319,57766,750,true
set_cover_n100_m72_d0.4_b_w29_seed1.txt,Set Cover,100,RelaxGrouping,10000,false,min,3.000000,0.041380,na,0.009571,29319,57766,750,true
set_cover_n100_m72_d0.4_b_w29_seed2.txt,Set Cover,100,RelaxGrouping,500,true,min,2.000000,0.026070,0.005518,0.002994,18130,35691,496,true
set_cover_n100_m72_d0.4_b_w29_seed2.txt,Set Cover,100,RelaxGrouping,1000,true,min,3.000000,0.037741,0.010669,0.006108,29319,57766,750,true
set_cover_n100_m72_d0.4_b_w29_seed2.txt,Set Cover,100,RelaxGrouping,5000,true,min,3.000000,0.037967,0.011631,0.006432,29319,57766,750,true
set_cover_n100_m72_d0.4_b_w29_seed2.txt,Set Cover,100,RelaxGrouping,2000,true,min,3.000000,0.039831,0.012175,0.007320,29319,57766,750,true
set_cover_n100_m72_d0.4_b_w29_seed2.txt,Set Cover,100,RelaxGrouping,10000,true,min,3.000000,0.040370,0.012478,0.007648,29319,57766,750,true
set_cover_n100_m72_d0.4_b_w29_seed2.txt,Set Cover,100,RelaxGrouping,20000,true,min,3.000000,0.035966,0.007687,0.004173,29319,57766,750,true
set_cover_n100_m72_d0.4_b_w29_seed2.txt,Set Cover,100,RelaxGrouping,500,false,min,2.000000,0.027102,na,0.004507,19539,38433,498,true
set_cover_n100_m72_d0.4_b_w29_seed2.txt,Set Cover,100,RelaxGrouping,1000,false,min,3.000000,0.041874,na,0.007662,29319,57766,750,true
set_cover_n100_m72_d0.4_b_w29_seed2.txt,Set Cover,100,RelaxGrouping,5000,false,min,3.000000,0.040051,na,0.008788,29319,57766,750,true
set_cover_n100_m72_d0.4_b_w29_seed2.txt,Set Cover,100,RelaxGrouping,2000,false,min,3.000000,0.042249,na,0.009711,29319,57766,750,true
set_cover_n100_m72_d0.4_b_w29_seed2.txt,Set Cover,100,RelaxGrouping,10000,false,min,3.000000,0.038630,na,0.006320,29319,57766,750,true
set_cover_n100_m72_d0.4_b_w29_seed3.txt,Set Cover,100,RelaxGrouping,500,true,min,2.000000,0.027485,0.006387,0.003308,18130,35691,496,true
set_cover_n100_m72_d0.4_b_w29_seed2.txt,Set Cover,100,RelaxGrouping,20000,false,min,3.000000,0.038655,na,0.005994,29319,57766,750,true
set_cover_n100_m72_d0.4_b_w29_seed3.txt,Set Cover,100,RelaxGrouping,1000,true,min,3.000000,0.039334,0.012209,0.005962,29319,57766,750,true
set_cover_n100_m72_d0.4_b_w29_seed3.txt,Set Cover,100,RelaxGrouping,2000,true,min,3.000000,0.040972,0.011990,0.006495,29319,57766,750,true
set_cover_n100_m72_d0.4_b_w29_seed3.txt,Set Cover,100,RelaxGrouping,5000,true,min,3.000000,0.039193,0.012382,0.006414,29319,57766,750,true
set_cover_n100_m72_d0.4_b_w29_seed3.txt,Set Cover,100,RelaxGrouping,500,false,min,2.000000,0.027488,na,0.003244,19539,38433,498,true
set_cover_n100_m72_d0.4_b_w29_seed3.txt,Set Cover,100,RelaxGrouping,1000,false,min,3.000000,0.040737,na,0.005716,29319,57766,750,true
set_cover_n100_m72_d0.4_b_w29_seed3.txt,Set Cover,100,RelaxGrouping,10000,true,min,3.000000,0.038567,0.011216,0.005483,29319,57766,750,true
set_cover_n100_m72_d0.4_b_w29_seed3.txt,Set Cover,100,RelaxGrouping,20000,true,min,3.000000,0.040503,0.011459,0.006086,29319,57766,750,true
set_cover_n100_m72_d0.4_b_w29_seed3.txt,Set Cover,100,RelaxGrouping,2000,false,min,3.000000,0.037866,na,0.004416,29319,57766,750,true
set_cover_n100_m72_d0.4_b_w29_seed4.txt,Set Cover,100,RelaxGrouping,500,true,min,2.000000,0.027579,0.008312,0.007665,18130,35691,496,true
set_cover_n100_m72_d0.4_b_w29_seed3.txt,Set Cover,100,RelaxGrouping,5000,false,min,3.000000,0.042322,na,0.006697,29319,57766,750,true
set_cover_n100_m72_d0.4_b_w29_seed3.txt,Set Cover,100,RelaxGrouping,10000,false,min,3.000000,0.042741,na,0.009482,29319,57766,750,true
set_cover_n100_m72_d0.4_b_w29_seed3.txt,Set Cover,100,RelaxGrouping,20000,false,min,3.000000,0.042446,na,0.009536,29319,57766,750,true
set_cover_n100_m72_d0.4_b_w29_seed4.txt,Set Cover,100,RelaxGrouping,1000,true,min,3.000000,0.040952,0.013045,0.005452,29319,57766,750,true
set_cover_n100_m72_d0.4_b_w29_seed4.txt,Set Cover,100,RelaxGrouping,2000,true,min,3.000000,0.039800,0.011758,0.005248,29319,57766,750,true
set_cover_n100_m72_d0.4_b_w29_seed4.txt,Set Cover,100,RelaxGrouping,10000,true,min,3.000000,0.041644,0.011732,0.006536,29319,57766,750,true
set_cover_n100_m72_d0.4_b_w29_seed4.txt,Set Cover,100,RelaxGrouping,5000,true,min,3.000000,0.039566,0.011860,0.006195,29319,57766,750,true
set_cover_n100_m72_d0.4_b_w29_seed4.txt,Set Cover,100,RelaxGrouping,20000,true,min,3.000000,0.041464,0.012010,0.007381,29319,57766,750,true
set_cover_n100_m72_d0.4_b_w29_seed4.txt,Set Cover,100,RelaxGrouping,500,false,min,2.000000,0.026622,na,0.004996,19539,38433,498,true
set_cover_n100_m72_d0.4_b_w29_seed4.txt,Set Cover,100,RelaxGrouping,1000,false,min,3.000000,0.038705,na,0.005047,29319,57766,750,true
set_cover_n100_m72_d0.4_b_w29_seed4.txt,Set Cover,100,RelaxGrouping,2000,false,min,3.000000,0.038651,na,0.006064,29319,57766,750,true
set_cover_n100_m72_d0.4_b_w29_seed4.txt,Set Cover,100,RelaxGrouping,10000,false,min,3.000000,0.041113,na,0.007383,29319,57766,750,true
set_cover_n100_m72_d0.4_b_w29_seed4.txt,Set Cover,100,RelaxGrouping,5000,false,min,3.000000,0.041193,na,0.008712,29319,57766,750,true
set_cover_n100_m72_d0.4_b_w29_seed4.txt,Set Cover,100,RelaxGrouping,20000,false,min,3.000000,0.036520,na,0.004174,29319,57766,750,true
set_cover_n100_m72_d0.05_b_w29_seed1.txt,Set Cover,100,RelaxGrouping,500,true,min,2.000000,0.059002,0.017472,0.003454,9799,16055,251,true
set_cover_n100_m72_d0.05_b_w29_seed1.txt,Set Cover,100,RelaxGrouping,1000,true,min,3.000000,0.112735,0.037033,0.006862,17477,28385,477,true
set_cover_n100_m72_d0.05_b_w29_seed1.txt,Set Cover,100,RelaxGrouping,2000,true,min,3.000000,0.237227,0.090661,0.014680,29021,46979,840,true
set_cover_n100_m72_d0.05_b_w29_seed1.txt,Set Cover,100,RelaxGrouping,5000,true,min,3.000000,0.620567,0.261688,0.028809,60264,98745,1726,true
set_cover_n100_m72_d0.05_b_w29_seed1.txt,Set Cover,100,RelaxGrouping,500,false,min,2.000000,0.058701,na,0.006554,27098,44782,500,true
set_cover_n100_m72_d0.05_b_w29_seed1.txt,Set Cover,100,RelaxGrouping,1000,false,min,3.000000,0.120321,na,0.014424,52153,85891,988,true
set_cover_n100_m72_d0.05_b_w29_seed1.txt,Set Cover,100,RelaxGrouping,10000,true,min,4.000000,1.552132,0.642843,0.066596,103039,167255,3540,true
set_cover_n100_m72_d0.05_b_w29_seed1.txt,Set Cover,100,RelaxGrouping,2000,false,min,3.000000,0.239425,na,0.029801,97588,161718,1994,true
set_cover_n100_m72_d0.05_b_w29_seed1.txt,Set Cover,100,RelaxGrouping,5000,false,min,3.000000,0.615912,na,0.072188,228406,378954,4965,true
set_cover_n100_m72_d0.5_b_w29_seed1.txt,Set Cover,100,RelaxGrouping,500,true,min,2.000000,0.026919,0.008687,0.004830,18130,35691,496,true
set_cover_n100_m72_d0.05_b_w29_seed1.txt,Set Cover,100,RelaxGrouping,10000,false,min,4.000000,1.538300,na,0.173470,441684,732981,9922,true
set_cover_n100_m72_d0.5_b_w29_seed1.txt,Set Cover,100,RelaxGrouping,1000,true,min,3.000000,0.042325,0.013729,0.008151,29319,57766,750,true
set_cover_n100_m72_d0.5_b_w29_seed1.txt,Set Cover,100,RelaxGrouping,2000,true,min,3.000000,0.042241,0.013932,0.008454,29319,57766,750,true
set_cover_n100_m72_d0.05_b_w29_seed1.txt,Set Cover,100,RelaxGrouping,20000,true,min,4.000000,3.916508,1.866127,0.160929,197903,322826,6585,true
set_cover_n100_m72_d0.5_b_w29_seed1.txt,Set Cover,100,RelaxGrouping,5000,true,min,3.000000,0.039876,0.009543,0.005036,29319,57766,750,true
set_cover_n100_m72_d0.5_b_w29_seed1.txt,Set Cover,100,RelaxGrouping,10000,true,min,3.000000,0.037281,0.008617,0.004424,29319,57766,750,true
set_cover_n100_m72_d0.5_b_w29_seed1.txt,Set Cover,100,RelaxGrouping,20000,true,min,3.000000,0.037158,0.008517,0.004533,29319,57766,750,true
set_cover_n100_m72_d0.05_b_w29_seed1.txt,Set Cover,100,RelaxGrouping,20000,false,min,4.000000,3.859069,na,0.378271,874330,1444747,19945,true
set_cover_n100_m72_d0.5_b_w29_seed1.txt,Set Cover,100,RelaxGrouping,500,false,min,2.000000,0.025702,na,0.003441,19539,38433,498,true
set_cover_n100_m72_d0.5_b_w29_seed1.txt,Set Cover,100,RelaxGrouping,1000,false,min,3.000000,0.040107,na,0.005426,29319,57766,750,true
set_cover_n100_m72_d0.5_b_w29_seed1.txt,Set Cover,100,RelaxGrouping,2000,false,min,3.000000,0.038191,na,0.005874,29319,57766,750,true
set_cover_n100_m72_d0.5_b_w29_seed1.txt,Set Cover,100,RelaxGrouping,5000,false,min,3.000000,0.041986,na,0.007011,29319,57766,750,true
set_cover_n100_m72_d0.5_b_w29_seed1.txt,Set Cover,100,RelaxGrouping,10000,false,min,3.000000,0.040475,na,0.008119,29319,57766,750,true
set_cover_n100_m72_d0.5_b_w29_seed1.txt,Set Cover,100,RelaxGrouping,20000,false,min,3.000000,0.041668,na,0.006186,29319,57766,750,true
set_cover_n100_m72_d0.05_b_w29_seed2.txt,Set Cover,100,RelaxGrouping,500,true,min,2.000000,0.061529,0.017532,0.003481,10410,16465,304,true
set_cover_n100_m72_d0.05_b_w29_seed2.txt,Set Cover,100,RelaxGrouping,1000,true,min,3.000000,0.121275,0.037641,0.006470,18380,29249,531,true
set_cover_n100_m72_d0.05_b_w29_seed2.txt,Set Cover,100,RelaxGrouping,2000,true,min,3.000000,0.247526,0.097509,0.011969,28983,46162,917,true
set_cover_n100_m72_d0.05_b_w29_seed2.txt,Set Cover,100,RelaxGrouping,5000,true,min,3.000000,0.649288,0.275456,0.038481,65800,104655,2091,true
set_cover_n100_m72_d0.05_b_w29_seed2.txt,Set Cover,100,RelaxGrouping,500,false,min,2.000000,0.063851,na,0.008296,28404,46535,500,true
set_cover_n100_m72_d0.05_b_w29_seed2.txt,Set Cover,100,RelaxGrouping,1000,false,min,3.000000,0.127293,na,0.014032,54611,90020,998,true
set_cover_n100_m72_d0.05_b_w29_seed2.txt,Set Cover,100,RelaxGrouping,2000,false,min,3.000000,0.246428,na,0.027950,102812,169501,1994,true
set_cover_n100_m72_d0.05_b_w29_seed2.txt,Set Cover,100,RelaxGrouping,10000,true,min,3.000000,1.616931,0.796721,0.078584,122629,195850,3951,true
set_cover_n100_m72_d0.05_b_w29_seed2.txt,Set Cover,100,RelaxGrouping,5000,false,min,3.000000,0.657762,na,0.077109,241530,398808,4962,true
set_cover_n100_m72_d0.5_b_w29_seed2.txt,Set Cover,100,RelaxGrouping,500,true,min,2.000000,0.028789,0.008276,0.004597,18130,35691,496,true
set_cover_n100_m72_d0.05_b_w29_seed2.txt,Set Cover,100,RelaxGrouping,10000,false,min,3.000000,1.747256,na,0.184608,485941,801320,9967,true
set_cover_n100_m72_d0.05_b_w29_seed2.txt,Set Cover,100,RelaxGrouping,20000,true,min,3.000000,3.996994,1.981695,0.174142,235169,375283,8330,true
set_cover_n100_m72_d0.5_b_w29_seed2.txt,Set Cover,100,RelaxGrouping,1000,true,min,3.000000,0.041577,0.013504,0.006301,29319,57766,750,true
set_cover_n100_m72_d0.5_b_w29_seed2.txt,Set Cover,100,RelaxGrouping,2000,true,min,3.000000,0.043236,0.013138,0.006830,29319,57766,750,true
set_cover_n100_m72_d0.5_b_w29_seed2.txt,Set Cover,100,RelaxGrouping,5000,true,min,3.000000,0.039150,0.010912,0.005091,29319,57766,750,true
set_cover_n100_m72_d0.5_b_w29_seed2.txt,Set Cover,100,RelaxGrouping,500,false,min,2.000000,0.026855,na,0.004173,19539,38433,498,true
set_cover_n100_m72_d0.5_b_w29_seed2.txt,Set Cover,100,RelaxGrouping,10000,true,min,3.000000,0.040787,0.013352,0.007644,29319,57766,750,true
set_cover_n100_m72_d0.5_b_w29_seed2.txt,Set Cover,100,RelaxGrouping,20000,true,min,3.000000,0.040671,0.013483,0.007626,29319,57766,750,true
set_cover_n100_m72_d0.05_b_w29_seed2.txt,Set Cover,100,RelaxGrouping,20000,false,min,3.000000,3.974080,na,0.437340,936390,1539306,19820,true
set_cover_n100_m72_d0.5_b_w29_seed2.txt,Set Cover,100,RelaxGrouping,1000,false,min,3.000000,0.037787,na,0.006519,29319,57766,750,true
set_cover_n100_m72_d0.5_b_w29_seed2.txt,Set Cover,100,RelaxGrouping,2000,false,min,3.000000,0.039862,na,0.005211,29319,57766,750,true
set_cover_n100_m72_d0.5_b_w29_seed2.txt,Set Cover,100,RelaxGrouping,5000,false,min,3.000000,0.038067,na,0.005505,29319,57766,750,true
set_cover_n100_m72_d0.5_b_w29_seed2.txt,Set Cover,100,RelaxGrouping,10000,false,min,3.000000,0.038386,na,0.006185,29319,57766,750,true
set_cover_n100_m72_d0.5_b_w29_seed2.txt,Set Cover,100,RelaxGrouping,20000,false,min,3.000000,0.042177,na,0.006627,29319,57766,750,true
set_cover_n100_m72_d0.05_b_w29_seed3.txt,Set Cover,100,RelaxGrouping,500,true,min,3.000000,0.061854,0.014207,0.002828,11483,18568,437,true
set_cover_n100_m72_d0.05_b_w29_seed3.txt,Set Cover,100,RelaxGrouping,1000,true,min,3.000000,0.127599,0.043247,0.008862,19620,31913,616,true
set_cover_n100_m72_d0.05_b_w29_seed3.txt,Set Cover,100,RelaxGrouping,2000,true,min,3.000000,0.256445,0.103205,0.017306,36895,59879,1248,true
set_cover_n100_m72_d0.05_b_w29_seed3.txt,Set Cover,100,RelaxGrouping,5000,true,min,3.000000,0.715589,0.276422,0.043061,79769,131342,2815,true
set_cover_n100_m72_d0.05_b_w29_seed3.txt,Set Cover,100,RelaxGrouping,500,false,min,3.000000,0.064825,na,0.009304,28644,47775,499,true
set_cover_n100_m72_d0.05_b_w29_seed3.txt,Set Cover,100,RelaxGrouping,1000,false,min,3.000000,0.130574,na,0.016781,54385,90418,999,true
set_cover_n100_m72_d0.05_b_w29_seed3.txt,Set Cover,100,RelaxGrouping,2000,false,min,3.000000,0.256068,na,0.028182,104848,176399,1994,true
set_cover_n100_m72_d0.05_b_w29_seed3.txt,Set Cover,100,RelaxGrouping,10000,true,min,4.000000,1.673161,0.800023,0.093112,143456,236472,5381,true
set_cover_n100_m72_d0.05_b_w29_seed3.txt,Set Cover,100,RelaxGrouping,5000,false,min,3.000000,0.688478,na,0.083658,248678,418189,4990,true
set_cover_n100_m72_d0.5_b_w29_seed3.txt,Set Cover,100,RelaxGrouping,500,true,min,2.000000,0.027543,0.008066,0.003648,18130,35691,496,true
set_cover_n100_m72_d0.05_b_w29_seed3.txt,Set Cover,100,RelaxGrouping,10000,false,min,4.000000,1.747968,na,0.189857,481893,807602,9948,true
set_cover_n100_m72_d0.05_b_w29_seed3.txt,Set Cover,100,RelaxGrouping,20000,true,min,4.000000,4.177397,1.961063,0.182604,248569,410948,9312,true
set_cover_n100_m72_d0.5_b_w29_seed3.txt,Set Cover,100,RelaxGrouping,2000,true,min,3.000000,0.038609,0.010941,0.005473,29319,57766,750,true
set_cover_n100_m72_d0.5_b_w29_seed3.txt,Set Cover,100,RelaxGrouping,1000,true,min,3.000000,0.040620,0.011086,0.005608,29319,57766,750,true
set_cover_n100_m72_d0.5_b_w29_seed3.txt,Set Cover,100,RelaxGrouping,5000,true,min,3.000000,0.040081,0.010794,0.004650,29319,57766,750,true
set_cover_n100_m72_d0.5_b_w29_seed3.txt,Set Cover,100,RelaxGrouping,500,false,min,2.000000,0.027431,na,0.004998,19539,38433,498,true
set_cover_n100_m72_d0.5_b_w29_seed3.txt,Set Cover,100,RelaxGrouping,20000,true,min,3.000000,0.041567,0.013125,0.007349,29319,57766,750,true
set_cover_n100_m72_d0.5_b_w29_seed3.txt,Set Cover,100,RelaxGrouping,10000,true,min,3.000000,0.041761,0.013497,0.006952,29319,57766,750,true
set_cover_n100_m72_d0.05_b_w29_seed3.txt,Set Cover,100,RelaxGrouping,20000,false,min,4.000000,3.925535,na,0.419808,933427,1565256,19924,true
set_cover_n100_m72_d0.5_b_w29_seed3.txt,Set Cover,100,RelaxGrouping,1000,false,min,3.000000,0.036292,na,0.004450,29319,57766,750,true
set_cover_n100_m72_d0.5_b_w29_seed3.txt,Set Cover,100,RelaxGrouping,2000,false,min,3.000000,0.040765,na,0.006377,29319,57766,750,true
set_cover_n100_m72_d0.5_b_w29_seed3.txt,Set Cover,100,RelaxGrouping,5000,false,min,3.000000,0.041358,na,0.008318,29319,57766,750,true
set_cover_n100_m72_d0.5_b_w29_seed3.txt,Set Cover,100,RelaxGrouping,10000,false,min,3.000000,0.039400,na,0.009374,29319,57766,750,true
set_cover_n100_m72_d0.5_b_w29_seed3.txt,Set Cover,100,RelaxGrouping,20000,false,min,3.000000,0.042208,na,0.007988,29319,57766,750,true
set_cover_n100_m72_d0.05_b_w29_seed4.txt,Set Cover,100,RelaxGrouping,500,true,min,3.000000,0.057848,0.017725,0.003598,9682,15882,250,true
set_cover_n100_m72_d0.05_b_w29_seed4.txt,Set Cover,100,RelaxGrouping,1000,true,min,3.000000,0.121826,0.039863,0.006911,17187,28009,452,true
set_cover_n100_m72_d0.05_b_w29_seed4.txt,Set Cover,100,RelaxGrouping,2000,true,min,3.000000,0.256138,0.099918,0.017469,34562,55960,1079,true
set_cover_n100_m72_d0.05_b_w29_seed4.txt,Set Cover,100,RelaxGrouping,5000,true,min,3.000000,0.741446,0.309138,0.042900,70560,116390,2139,true
set_cover_n100_m72_d0.05_b_w29_seed4.txt,Set Cover,100,RelaxGrouping,500,false,min,3.000000,0.061066,na,0.005778,27937,46441,498,true
set_cover_n100_m72_d0.05_b_w29_seed4.txt,Set Cover,100,RelaxGrouping,1000,false,min,3.000000,0.124456,na,0.011050,53481,89037,992,true
set_cover_n100_m72_d0.05_b_w29_seed4.txt,Set Cover,100,RelaxGrouping,10000,true,min,3.000000,1.699239,0.728706,0.086652,132942,219368,4087,true
set_cover_n100_m72_d0.05_b_w29_seed4.txt,Set Cover,100,RelaxGrouping,2000,false,min,3.000000,0.254573,na,0.030667,107065,178172,1995,true
set_cover_n100_m72_d0.05_b_w29_seed4.txt,Set Cover,100,RelaxGrouping,5000,false,min,3.000000,0.760233,na,0.084790,250412,419965,4978,true
set_cover_n100_m72_d0.5_b_w29_seed4.txt,Set Cover,100,RelaxGrouping,500,true,min,2.000000,0.029107,0.009487,0.005660,18130,35691,496,true
set_cover_n100_m72_d0.05_b_w29_seed4.txt,Set Cover,100,RelaxGrouping,10000,false,min,3.000000,1.818093,na,0.198419,489139,823959,9962,true
set_cover_n100_m72_d0.5_b_w29_seed4.txt,Set Cover,100,RelaxGrouping,1000,true,min,3.000000,0.042859,0.014915,0.007498,29319,57766,750,true
set_cover_n100_m72_d0.5_b_w29_seed4.txt,Set Cover,100,RelaxGrouping,2000,true,min,3.000000,0.043095,0.014907,0.007592,29319,57766,750,true
set_cover_n100_m72_d0.05_b_w29_seed4.txt,Set Cover,100,RelaxGrouping,20000,true,min,4.000000,4.215797,2.037335,0.193643,238041,393541,8058,true
set_cover_n100_m72_d0.5_b_w29_seed4.txt,Set Cover,100,RelaxGrouping,5000,true,min,3.000000,0.040132,0.014651,0.006463,29319,57766,750,true
set_cover_n100_m72_d0.05_b_w29_seed4.txt,Set Cover,100,RelaxGrouping,20000,false,min,4.000000,4.303060,na,0.428921,931571,1579043,19872,true
set_cover_n100_m72_d0.5_b_w29_seed4.txt,Set Cover,100,RelaxGrouping,500,false,min,2.000000,0.029467,na,0.006524,19539,38433,498,true
set_cover_n100_m72_d0.5_b_w29_seed4.txt,Set Cover,100,RelaxGrouping,20000,true,min,3.000000,0.042125,0.015660,0.008292,29319,57766,750,true
set_cover_n100_m72_d0.5_b_w29_seed4.txt,Set Cover,100,RelaxGrouping,10000,true,min,3.000000,0.043779,0.015459,0.008106,29319,57766,750,true
set_cover_n100_m72_d0.5_b_w29_seed4.txt,Set Cover,100,RelaxGrouping,1000,false,min,3.000000,0.040894,na,0.006618,29319,57766,750,true
set_cover_n100_m72_d0.5_b_w29_seed4.txt,Set Cover,100,RelaxGrouping,5000,false,min,3.000000,0.041063,na,0.009833,29319,57766,750,true
set_cover_n100_m72_d0.5_b_w29_seed4.txt,Set Cover,100,RelaxGrouping,10000,false,min,3.000000,0.039358,na,0.011178,29319,57766,750,true
set_cover_n100_m72_d0.5_b_w29_seed4.txt,Set Cover,100,RelaxGrouping,2000,false,min,3.000000,0.041341,na,0.010307,29319,57766,750,true
set_cover_n100_m72_d0.5_b_w29_seed4.txt,Set Cover,100,RelaxGrouping,20000,false,min,3.000000,0.039265,na,0.005512,29319,57766,750,true
set_cover_n100_m72_d0.15_b_w29_seed1.txt,Set Cover,100,RelaxGrouping,500,true,min,2.000000,0.082445,0.025479,0.004996,9945,18649,259,true
set_cover_n100_m72_d0.15_b_w29_seed1.txt,Set Cover,100,RelaxGrouping,1000,true,min,2.000000,0.162197,0.055980,0.008339,16128,30474,342,true
set_cover_n100_m72_d0.15_b_w29_seed1.txt,Set Cover,100,RelaxGrouping,2000,true,min,2.000000,0.316251,0.134393,0.021332,32165,60767,765,true
set_cover_n100_m72_d0.15_b_w29_seed1.txt,Set Cover,100,RelaxGrouping,5000,true,min,2.000000,0.836769,0.429018,0.052218,78180,148226,2245,true
set_cover_n100_m72_d0.15_b_w29_seed1.txt,Set Cover,100,RelaxGrouping,500,false,min,2.000000,0.086739,na,0.007931,33985,62819,494,true
set_cover_n100_m72_d0.15_b_w29_seed1.txt,Set Cover,100,RelaxGrouping,1000,false,min,2.000000,0.162986,na,0.014833,65178,120721,994,true
set_cover_n100_m72_d0.15_b_w29_seed1.txt,Set Cover,100,RelaxGrouping,2000,false,min,2.000000,0.321242,na,0.038091,127405,236373,1998,true
set_cover_n100_m72_d0.15_b_w29_seed1.txt,Set Cover,100,RelaxGrouping,10000,true,min,2.000000,2.081199,0.995306,0.112694,146997,279736,3836,true
set_cover_n100_m72_d0.15_b_w29_seed1.txt,Set Cover,100,RelaxGrouping,5000,false,min,2.000000,0.913008,na,0.099775,299040,556363,4949,true
set_cover_n100_m72_d0.15_b_w29_seed2.txt,Set Cover,100,RelaxGrouping,500,true,min,2.000000,0.084379,0.026829,0.005669,10811,20061,314,true
set_cover_n100_m72_d0.15_b_w29_seed1.txt,Set Cover,100,RelaxGrouping,10000,false,min,2.000000,2.119287,na,0.243219,568431,1059644,9966,true
set_cover_n100_m72_d0.15_b_w29_seed2.txt,Set Cover,100,RelaxGrouping,1000,true,min,2.000000,0.164044,0.060220,0.009388,18732,34771,534,true
set_cover_n100_m72_d0.15_b_w29_seed1.txt,Set Cover,100,RelaxGrouping,20000,true,min,3.000000,4.833296,2.385148,0.245953,272483,520195,7600,true
set_cover_n100_m72_d0.15_b_w29_seed2.txt,Set Cover,100,RelaxGrouping,2000,true,min,2.000000,0.331521,0.138748,0.018778,33332,61935,868,true
set_cover_n100_m72_d0.15_b_w29_seed2.txt,Set Cover,100,RelaxGrouping,5000,true,min,2.000000,0.918195,0.434113,0.052073,78772,147404,2242,true
set_cover_n100_m72_d0.15_b_w29_seed2.txt,Set Cover,100,RelaxGrouping,500,false,min,2.000000,0.086437,na,0.010604,34710,64328,497,true
set_cover_n100_m72_d0.15_b_w29_seed1.txt,Set Cover,100,RelaxGrouping,20000,false,min,3.000000,4.888890,na,0.522058,1074199,2007900,19974,true
set_cover_n100_m72_d0.15_b_w29_seed2.txt,Set Cover,100,RelaxGrouping,1000,false,min,2.000000,0.163505,na,0.018038,69102,127457,996,true
set_cover_n100_m72_d0.15_b_w29_seed2.txt,Set Cover,100,RelaxGrouping,10000,true,min,2.000000,2.009245,1.091869,0.106870,139947,263654,4646,true
set_cover_n100_m72_d0.15_b_w29_seed2.txt,Set Cover,100,RelaxGrouping,2000,false,min,2.000000,0.330312,na,0.038382,130594,241265,1982,true
set_cover_n100_m72_d0.15_b_w29_seed2.txt,Set Cover,100,RelaxGrouping,5000,false,min,2.000000,0.909457,na,0.102528,308001,568220,4989,true
set_cover_n100_m72_d0.15_b_w29_seed3.txt,Set Cover,100,RelaxGrouping,500,true,min,2.000000,0.083227,0.027349,0.005460,11101,20781,217,true
set_cover_n100_m72_d0.15_b_w29_seed3.txt,Set Cover,100,RelaxGrouping,1000,true,min,2.000000,0.164919,0.059227,0.010219,21131,39844,463,true
set_cover_n100_m72_d0.15_b_w29_seed2.txt,Set Cover,100,RelaxGrouping,10000,false,min,2.000000,2.138325,na,0.244097,578727,1072905,9982,true
set_cover_n100_m72_d0.15_b_w29_seed3.txt,Set Cover,100,RelaxGrouping,2000,true,min,2.000000,0.325668,0.146918,0.021684,35679,67457,795,true
set_cover_n100_m72_d0.15_b_w29_seed2.txt,Set Cover,100,RelaxGrouping,20000,true,min,2.000000,4.757375,2.612841,0.227141,266898,504134,9435,true
set_cover_n100_m72_d0.15_b_w29_seed2.txt,Set Cover,100,RelaxGrouping,20000,false,min,2.000000,4.912020,na,0.516033,1099961,2042703,19901,true
set_cover_n100_m72_d0.15_b_w29_seed3.txt,Set Cover,100,RelaxGrouping,5000,true,min,2.000000,0.917241,0.422798,0.057450,92977,176723,2455,true
set_cover_n100_m72_d0.15_b_w29_seed3.txt,Set Cover,100,RelaxGrouping,500,false,min,2.000000,0.081874,na,0.010589,33212,61379,495,true
set_cover_n100_m72_d0.15_b_w29_seed3.txt,Set Cover,100,RelaxGrouping,10000,true,min,2.000000,2.126812,0.963918,0.118594,157504,299593,3660,true
set_cover_n100_m72_d0.15_b_w29_seed3.txt,Set Cover,100,RelaxGrouping,1000,false,min,2.000000,0.160669,na,0.018564,65101,120400,993,true
set_cover_n100_m72_d0.15_b_w29_seed3.txt,Set Cover,100,RelaxGrouping,2000,false,min,2.000000,0.325012,na,0.037984,125775,233732,1987,true
set_cover_n100_m72_d0.15_b_w29_seed3.txt,Set Cover,100,RelaxGrouping,5000,false,min,2.000000,0.885578,na,0.105969,303576,564859,4981,true
set_cover_n100_m72_d0.15_b_w29_seed4.txt,Set Cover,100,RelaxGrouping,500,true,min,2.000000,0.091818,0.030059,0.006995,10517,19576,255,true
set_cover_n100_m72_d0.15_b_w29_seed4.txt,Set Cover,100,RelaxGrouping,1000,true,min,2.000000,0.176297,0.061618,0.008996,19074,35759,521,true
set_cover_n100_m72_d0.15_b_w29_seed3.txt,Set Cover,100,RelaxGrouping,20000,true,min,3.000000,4.798500,2.660568,0.228462,273082,523527,6019,true
set_cover_n100_m72_d0.15_b_w29_seed3.txt,Set Cover,100,RelaxGrouping,10000,false,min,2.000000,2.318005,na,0.221534,567796,1059507,9972,true
set_cover_n100_m72_d0.15_b_w29_seed4.txt,Set Cover,100,RelaxGrouping,2000,true,min,2.000000,0.341068,0.150382,0.018143,34169,64537,958,true
set_cover_n100_m72_d0.15_b_w29_seed4.txt,Set Cover,100,RelaxGrouping,500,false,min,2.000000,0.091427,na,0.011116,36300,66888,498,true
set_cover_n100_m72_d0.15_b_w29_seed3.txt,Set Cover,100,RelaxGrouping,20000,false,min,3.000000,4.922790,na,0.472213,1042938,1947235,19975,true
set_cover_n100_m72_d0.15_b_w29_seed4.txt,Set Cover,100,RelaxGrouping,5000,true,min,2.000000,0.887963,0.417716,0.050052,76361,144256,2142,true
set_cover_n100_m72_d0.15_b_w29_seed4.txt,Set Cover,100,RelaxGrouping,1000,false,min,2.000000,0.176731,na,0.020914,69859,128874,999,true
set_cover_n100_m72_d0.15_b_w29_seed4.txt,Set Cover,100,RelaxGrouping,2000,false,min,2.000000,0.351630,na,0.041944,135031,249715,1984,true
set_cover_n100_m72_d0.15_b_w29_seed4.txt,Set Cover,100,RelaxGrouping,10000,true,min,2.000000,1.908202,1.036494,0.097702,147268,279440,4809,true
set_cover_n100_m72_d0.15_b_w29_seed4.txt,Set Cover,100,RelaxGrouping,5000,false,min,2.000000,0.863972,na,0.107461,312604,579569,4982,true
set_cover_n100_m72_d0.25_b_w29_seed1.txt,Set Cover,100,RelaxGrouping,500,true,min,2.000000,0.061762,0.025801,0.005290,9828,19093,219,true
set_cover_n100_m72_d0.25_b_w29_seed1.txt,Set Cover,100,RelaxGrouping,1000,true,min,2.000000,0.109601,0.048062,0.009214,19471,37977,493,true
set_cover_n100_m72_d0.15_b_w29_seed4.txt,Set Cover,100,RelaxGrouping,10000,false,min,2.000000,2.229411,na,0.230300,597362,1110015,9990,true
set_cover_n100_m72_d0.15_b_w29_seed4.txt,Set Cover,100,RelaxGrouping,20000,true,min,2.000000,4.714775,2.586336,0.206864,255180,486420,6891,true
set_cover_n100_m72_d0.25_b_w29_seed1.txt,Set Cover,100,RelaxGrouping,2000,true,min,2.000000,0.192729,0.097506,0.016553,40847,80062,955,true
set_cover_n100_m72_d0.25_b_w29_seed1.txt,Set Cover,100,RelaxGrouping,5000,true,min,2.000000,0.421977,0.260066,0.055416,105473,207102,2812,true
set_cover_n100_m72_d0.25_b_w29_seed1.txt,Set Cover,100,RelaxGrouping,500,false,min,2.000000,0.061905,na,0.008430,31681,60800,499,true
set_cover_n100_m72_d0.25_b_w29_seed1.txt,Set Cover,100,RelaxGrouping,10000,true,min,3.000000,0.695816,0.476686,0.095947,178846,351328,5572,true
set_cover_n100_m72_d0.15_b_w29_seed4.txt,Set Cover,100,RelaxGrouping,20000,false,min,2.000000,4.944159,na,0.530062,1108073,2065550,19950,true
set_cover_n100_m72_d0.25_b_w29_seed1.txt,Set Cover,100,RelaxGrouping,1000,false,min,2.000000,0.110843,na,0.014705,58488,112377,997,true
set_cover_n100_m72_d0.25_b_w29_seed1.txt,Set Cover,100,RelaxGrouping,20000,true,min,3.000000,1.047764,0.762394,0.136497,263031,516942,10299,true
set_cover_n100_m72_d0.25_b_w29_seed1.txt,Set Cover,100,RelaxGrouping,2000,false,min,2.000000,0.207643,na,0.030332,108691,208754,1993,true
set_cover_n100_m72_d0.25_b_w29_seed1.txt,Set Cover,100,RelaxGrouping,5000,false,min,2.000000,0.458971,na,0.064337,230199,441801,4993,true
set_cover_n100_m72_d0.25_b_w29_seed1.txt,Set Cover,100,RelaxGrouping,10000,false,min,3.000000,0.684919,na,0.105409,358272,686665,9901,true
set_cover_n100_m72_d0.25_b_w29_seed2.txt,Set Cover,100,RelaxGrouping,500,true,min,2.000000,0.059660,0.022861,0.005519,15173,29307,425,true
set_cover_n100_m72_d0.25_b_w29_seed2.txt,Set Cover,100,RelaxGrouping,1000,true,min,2.000000,0.100928,0.040911,0.009073,27802,53999,742,true
set_cover_n100_m72_d0.25_b_w29_seed2.txt,Set Cover,100,RelaxGrouping,2000,true,min,2.000000,0.188678,0.092326,0.023979,52532,102465,1264,true
set_cover_n100_m72_d0.25_b_w29_seed1.txt,Set Cover,100,RelaxGrouping,20000,false,min,3.000000,0.998194,na,0.154631,479010,913185,19718,true
set_cover_n100_m72_d0.25_b_w29_seed2.txt,Set Cover,100,RelaxGrouping,500,false,min,2.000000,0.058510,na,0.008618,31860,61173,497,true
set_cover_n100_m72_d0.25_b_w29_seed2.txt,Set Cover,100,RelaxGrouping,5000,true,min,2.000000,0.426894,0.234786,0.061255,115938,227318,3245,true
set_cover_n100_m72_d0.25_b_w29_seed2.txt,Set Cover,100,RelaxGrouping,1000,false,min,2.000000,0.100939,na,0.016232,57788,111154,995,true
set_cover_n100_m72_d0.25_b_w29_seed2.txt,Set Cover,100,RelaxGrouping,10000,true,min,3.000000,0.745191,0.414579,0.099694,188802,371079,6234,true
set_cover_n100_m72_d0.25_b_w29_seed2.txt,Set Cover,100,RelaxGrouping,20000,true,min,3.000000,1.125768,0.690762,0.128473,268222,527919,10920,true
set_cover_n100_m72_d0.25_b_w29_seed2.txt,Set Cover,100,RelaxGrouping,2000,false,min,2.000000,0.191070,na,0.028850,106352,204957,1996,true
set_cover_n100_m72_d0.25_b_w29_seed2.txt,Set Cover,100,RelaxGrouping,5000,false,min,2.000000,0.404775,na,0.059614,217344,419321,4980,true
set_cover_n100_m72_d0.25_b_w29_seed2.txt,Set Cover,100,RelaxGrouping,10000,false,min,3.000000,0.695597,na,0.097860,337129,649464,9981,true
set_cover_n100_m72_d0.25_b_w29_seed3.txt,Set Cover,100,RelaxGrouping,500,true,min,2.000000,0.053512,0.022000,0.006244,11008,21401,262,true
set_cover_n100_m72_d0.25_b_w29_seed2.txt,Set Cover,100,RelaxGrouping,20000,false,min,3.000000,0.989129,na,0.157941,469341,899799,19878,true
set_cover_n100_m72_d0.25_b_w29_seed3.txt,Set Cover,100,RelaxGrouping,1000,true,min,2.000000,0.101097,0.043923,0.009586,21293,41494,539,true
set_cover_n100_m72_d0.25_b_w29_seed3.txt,Set Cover,100,RelaxGrouping,2000,true,min,2.000000,0.183538,0.090408,0.018337,40860,79781,1141,true
set_cover_n100_m72_d0.25_b_w29_seed3.txt,Set Cover,100,RelaxGrouping,500,false,min,2.000000,0.055472,na,0.006137,28523,54927,495,true
set_cover_n100_m72_d0.25_b_w29_seed3.txt,Set Cover,100,RelaxGrouping,1000,false,min,2.000000,0.103150,na,0.011815,54605,105202,993,true
set_cover_n100_m72_d0.25_b_w29_seed3.txt,Set Cover,100,RelaxGrouping,5000,true,min,2.000000,0.391125,0.212661,0.048684,95029,186154,2926,true
set_cover_n100_m72_d0.25_b_w29_seed3.txt,Set Cover,100,RelaxGrouping,10000,true,min,3.000000,0.734435,0.471866,0.094059,172592,338551,5677,true
set_cover_n100_m72_d0.25_b_w29_seed3.txt,Set Cover,100,RelaxGrouping,20000,true,min,3.000000,1.236909,0.848674,0.131883,249405,490050,9157,true
set_cover_n100_m72_d0.25_b_w29_seed3.txt,Set Cover,100,RelaxGrouping,2000,false,min,2.000000,0.185618,na,0.024278,99835,192577,1997,true
set_cover_n100_m72_d0.25_b_w29_seed3.txt,Set Cover,100,RelaxGrouping,5000,false,min,2.000000,0.407442,na,0.058283,208042,401448,4993,true
set_cover_n100_m72_d0.25_b_w29_seed3.txt,Set Cover,100,RelaxGrouping,10000,false,min,3.000000,0.744934,na,0.109922,354559,684311,9976,true
set_cover_n100_m72_d0.25_b_w29_seed4.txt,Set Cover,100,RelaxGrouping,500,true,min,2.000000,0.056185,0.020013,0.006104,13263,25788,275,true
set_cover_n100_m72_d0.25_b_w29_seed4.txt,Set Cover,100,RelaxGrouping,1000,true,min,2.000000,0.102278,0.038696,0.007084,26163,50996,576,true
set_cover_n100_m72_d0.25_b_w29_seed4.txt,Set Cover,100,RelaxGrouping,2000,true,min,2.000000,0.183827,0.090349,0.020997,45744,89433,1013,true
set_cover_n100_m72_d0.25_b_w29_seed3.txt,Set Cover,100,RelaxGrouping,20000,false,min,3.000000,1.169147,na,0.175092,519454,1001367,19945,true
set_cover_n100_m72_d0.25_b_w29_seed4.txt,Set Cover,100,RelaxGrouping,5000,true,min,2.000000,0.401004,0.211829,0.052659,100164,196571,2661,true
set_cover_n100_m72_d0.25_b_w29_seed4.txt,Set Cover,100,RelaxGrouping,500,false,min,2.000000,0.052867,na,0.006584,29617,56886,495,true
set_cover_n100_m72_d0.25_b_w29_seed4.txt,Set Cover,100,RelaxGrouping,1000,false,min,2.000000,0.097789,na,0.011466,55551,106994,995,true
set_cover_n100_m72_d0.25_b_w29_seed4.txt,Set Cover,100,RelaxGrouping,2000,false,min,2.000000,0.179246,na,0.019208,97985,188778,1989,true
set_cover_n100_m72_d0.25_b_w29_seed4.txt,Set Cover,100,RelaxGrouping,10000,true,min,2.000000,0.737145,0.493973,0.096733,174653,343280,5786,true
set_cover_n100_m72_d0.25_b_w29_seed4.txt,Set Cover,100,RelaxGrouping,20000,true,min,3.000000,1.212546,0.845798,0.146440,263577,518137,10301,true
set_cover_n100_m72_d0.25_b_w29_seed4.txt,Set Cover,100,RelaxGrouping,5000,false,min,2.000000,0.404652,na,0.057992,203064,391662,4990,true
set_cover_n100_m72_d0.25_b_w29_seed4.txt,Set Cover,100,RelaxGrouping,10000,false,min,2.000000,0.797394,na,0.116798,346585,668428,9984,true
set_cover_n100_m72_d0.35_b_w29_seed1.txt,Set Cover,100,RelaxGrouping,500,true,min,2.000000,0.027058,0.006124,0.003236,18130,35691,496,true
set_cover_n100_m72_d0.35_b_w29_seed1.txt,Set Cover,100,RelaxGrouping,1000,true,min,3.000000,0.041762,0.012743,0.006983,29319,57766,750,true
set_cover_n100_m72_d0.35_b_w29_seed1.txt,Set Cover,100,RelaxGrouping,2000,true,min,3.000000,0.041695,0.012704,0.007616,29319,57766,750,true
set_cover_n100_m72_d0.25_b_w29_seed4.txt,Set Cover,100,RelaxGrouping,20000,false,min,3.000000,1.215716,na,0.183235,518496,996614,19907,true
set_cover_n100_m72_d0.35_b_w29_seed1.txt,Set Cover,100,RelaxGrouping,5000,true,min,3.000000,0.039240,0.012035,0.005697,29319,57766,750,true
set_cover_n100_m72_d0.35_b_w29_seed1.txt,Set Cover,100,RelaxGrouping,10000,true,min,3.000000,0.041345,0.011589,0.005614,29319,57766,750,true
set_cover_n100_m72_d0.35_b_w29_seed1.txt,Set Cover,100,RelaxGrouping,500,false,min,2.000000,0.028153,na,0.003721,19539,38433,498,true
set_cover_n100_m72_d0.35_b_w29_seed1.txt,Set Cover,100,RelaxGrouping,1000,false,min,3.000000,0.041955,na,0.006405,29319,57766,750,true
set_cover_n100_m72_d0.35_b_w29_seed1.txt,Set Cover,100,RelaxGrouping,20000,true,min,3.000000,0.042375,0.013126,0.007780,29319,57766,750,true
set_cover_n100_m72_d0.35_b_w29_seed1.txt,Set Cover,100,RelaxGrouping,5000,false,min,3.000000,0.041543,na,0.006532,29319,57766,750,true
set_cover_n100_m72_d0.35_b_w29_seed1.txt,Set Cover,100,RelaxGrouping,2000,false,min,3.000000,0.041329,na,0.007403,29319,57766,750,true
set_cover_n100_m72_d0.35_b_w29_seed1.txt,Set Cover,100,RelaxGrouping,10000,false,min,3.000000,0.040328,na,0.005211,29319,57766,750,true
set_cover_n100_m72_d0.35_b_w29_seed2.txt,Set Cover,100,RelaxGrouping,500,true,min,2.000000,0.027632,0.007426,0.005830,18130,35691,496,true
set_cover_n100_m72_d0.35_b_w29_seed1.txt,Set Cover,100,RelaxGrouping,20000,false,min,3.000000,0.040246,na,0.007023,29319,57766,750,true
set_cover_n100_m72_d0.35_b_w29_seed2.txt,Set Cover,100,RelaxGrouping,1000,true,min,3.000000,0.040084,0.015234,0.008607,29319,57766,750,true
set_cover_n100_m72_d0.35_b_w29_seed2.txt,Set Cover,100,RelaxGrouping,2000,true,min,3.000000,0.041767,0.015267,0.008715,29319,57766,750,true
set_cover_n100_m72_d0.35_b_w29_seed2.txt,Set Cover,100,RelaxGrouping,10000,true,min,3.000000,0.039690,0.013999,0.007754,29319,57766,750,true
set_cover_n100_m72_d0.35_b_w29_seed2.txt,Set Cover,100,RelaxGrouping,5000,true,min,3.000000,0.041764,0.014264,0.007765,29319,57766,750,true
set_cover_n100_m72_d0.35_b_w29_seed2.txt,Set Cover,100,RelaxGrouping,20000,true,min,3.000000,0.041607,0.014246,0.007532,29319,57766,750,true
set_cover_n100_m72_d0.35_b_w29_seed2.txt,Set Cover,100,RelaxGrouping,500,false,min,2.000000,0.025737,na,0.003518,19539,38433,498,true
set_cover_n100_m72_d0.35_b_w29_seed2.txt,Set Cover,100,RelaxGrouping,1000,false,min,3.000000,0.039512,na,0.004861,29319,57766,750,true
set_cover_n100_m72_d0.35_b_w29_seed2.txt,Set Cover,100,RelaxGrouping,2000,false,min,3.000000,0.039695,na,0.007200,29319,57766,750,true
set_cover_n100_m72_d0.35_b_w29_seed2.txt,Set Cover,100,RelaxGrouping,10000,false,min,3.000000,0.040147,na,0.009087,29319,57766,750,true
set_cover_n100_m72_d0.35_b_w29_seed2.txt,Set Cover,100,RelaxGrouping,5000,false,min,3.000000,0.039932,na,0.009795,29319,57766,750,true
set_cover_n100_m72_d0.35_b_w29_seed3.txt,Set Cover,100,RelaxGrouping,500,true,min,2.000000,0.026702,0.005604,0.004752,18130,35691,496,true
set_cover_n100_m72_d0.35_b_w29_seed2.txt,Set Cover,100,RelaxGrouping,20000,false,min,3.000000,0.036743,na,0.005120,29319,57766,750,true
set_cover_n100_m72_d0.35_b_w29_seed3.txt,Set Cover,100,RelaxGrouping,1000,true,min,3.000000,0.039708,0.010073,0.005668,29319,57766,750,true
set_cover_n100_m72_d0.35_b_w29_seed3.txt,Set Cover,100,RelaxGrouping,2000,true,min,3.000000,0.039920,0.010642,0.007416,29319,57766,750,true
set_cover_n100_m72_d0.35_b_w29_seed3.txt,Set Cover,100,RelaxGrouping,5000,true,min,3.000000,0.040222,0.010913,0.006882,29319,57766,750,true
set_cover_n100_m72_d0.35_b_w29_seed3.txt,Set Cover,100,RelaxGrouping,10000,true,min,3.000000,0.040058,0.013471,0.007840,29319,57766,750,true
set_cover_n100_m72_d0.35_b_w29_seed3.txt,Set Cover,100,RelaxGrouping,20000,true,min,3.000000,0.040891,0.012908,0.007711,29319,57766,750,true
set_cover_n100_m72_d0.35_b_w29_seed3.txt,Set Cover,100,RelaxGrouping,500,false,min,2.000000,0.027976,na,0.004515,19539,38433,498,true
set_cover_n100_m72_d0.35_b_w29_seed3.txt,Set Cover,100,RelaxGrouping,1000,false,min,3.000000,0.039660,na,0.007672,29319,57766,750,true
set_cover_n100_m72_d0.35_b_w29_seed3.txt,Set Cover,100,RelaxGrouping,2000,false,min,3.000000,0.039798,na,0.007541,29319,57766,750,true
set_cover_n100_m72_d0.35_b_w29_seed3.txt,Set Cover,100,RelaxGrouping,5000,false,min,3.000000,0.040655,na,0.007652,29319,57766,750,true
set_cover_n100_m72_d0.35_b_w29_seed3.txt,Set Cover,100,RelaxGrouping,10000,false,min,3.000000,0.040862,na,0.007935,29319,57766,750,true
set_cover_n100_m72_d0.35_b_w29_seed4.txt,Set Cover,100,RelaxGrouping,500,true,min,2.000000,0.026353,0.007908,0.004421,18130,35691,496,true
set_cover_n100_m72_d0.35_b_w29_seed3.txt,Set Cover,100,RelaxGrouping,20000,false,min,3.000000,0.039518,na,0.007925,29319,57766,750,true
set_cover_n100_m72_d0.35_b_w29_seed4.txt,Set Cover,100,RelaxGrouping,1000,true,min,3.000000,0.041752,0.015271,0.008782,29319,57766,750,true
set_cover_n100_m72_d0.35_b_w29_seed4.txt,Set Cover,100,RelaxGrouping,2000,true,min,3.000000,0.038619,0.014224,0.006111,29319,57766,750,true
set_cover_n100_m72_d0.35_b_w29_seed4.txt,Set Cover,100,RelaxGrouping,5000,true,min,3.000000,0.038725,0.014129,0.006712,29319,57766,750,true
set_cover_n100_m72_d0.35_b_w29_seed4.txt,Set Cover,100,RelaxGrouping,500,false,min,2.000000,0.028345,na,0.005597,19539,38433,498,true
set_cover_n100_m72_d0.35_b_w29_seed4.txt,Set Cover,100,RelaxGrouping,10000,true,min,3.000000,0.040445,0.013797,0.007457,29319,57766,750,true
set_cover_n100_m72_d0.35_b_w29_seed4.txt,Set Cover,100,RelaxGrouping,20000,true,min,3.000000,0.040393,0.013547,0.007458,29319,57766,750,true
set_cover_n100_m72_d0.35_b_w29_seed4.txt,Set Cover,100,RelaxGrouping,1000,false,min,3.000000,0.040002,na,0.006092,29319,57766,750,true
set_cover_n100_m72_d0.35_b_w29_seed4.txt,Set Cover,100,RelaxGrouping,2000,false,min,3.000000,0.039826,na,0.005896,29319,57766,750,true
set_cover_n100_m72_d0.35_b_w29_seed4.txt,Set Cover,100,RelaxGrouping,5000,false,min,3.000000,0.038964,na,0.007985,29319,57766,750,true
set_cover_n100_m72_d0.35_b_w29_seed4.txt,Set Cover,100,RelaxGrouping,10000,false,min,3.000000,0.041349,na,0.008795,29319,57766,750,true
set_cover_n100_m72_d0.35_b_w29_seed4.txt,Set Cover,100,RelaxGrouping,20000,false,min,3.000000,0.039646,na,0.009886,29319,57766,750,true
set_cover_n100_m72_d0.45_b_w29_seed1.txt,Set Cover,100,RelaxGrouping,500,true,min,2.000000,0.028096,0.009711,0.004869,18130,35691,496,true
set_cover_n100_m72_d0.45_b_w29_seed1.txt,Set Cover,100,RelaxGrouping,1000,true,min,3.000000,0.041824,0.013098,0.005705,29319,57766,750,true
set_cover_n100_m72_d0.45_b_w29_seed1.txt,Set Cover,100,RelaxGrouping,2000,true,min,3.000000,0.040239,0.012008,0.005381,29319,57766,750,true
set_cover_n100_m72_d0.45_b_w29_seed1.txt,Set Cover,100,RelaxGrouping,5000,true,min,3.000000,0.040172,0.012197,0.006050,29319,57766,750,true
set_cover_n100_m72_d0.45_b_w29_seed1.txt,Set Cover,100,RelaxGrouping,10000,true,min,3.000000,0.039872,0.011785,0.007635,29319,57766,750,true
set_cover_n100_m72_d0.45_b_w29_seed1.txt,Set Cover,100,RelaxGrouping,500,false,min,2.000000,0.027564,na,0.005060,19539,38433,498,true
set_cover_n100_m72_d0.45_b_w29_seed1.txt,Set Cover,100,RelaxGrouping,20000,true,min,3.000000,0.040774,0.012568,0.005835,29319,57766,750,true
set_cover_n100_m72_d0.45_b_w29_seed1.txt,Set Cover,100,RelaxGrouping,1000,false,min,3.000000,0.038852,na,0.005263,29319,57766,750,true
set_cover_n100_m72_d0.45_b_w29_seed1.txt,Set Cover,100,RelaxGrouping,2000,false,min,3.000000,0.040727,na,0.005644,29319,57766,750,true
set_cover_n100_m72_d0.45_b_w29_seed1.txt,Set Cover,100,RelaxGrouping,5000,false,min,3.000000,0.040817,na,0.007180,29319,57766,750,true
set_cover_n100_m72_d0.45_b_w29_seed1.txt,Set Cover,100,RelaxGrouping,10000,false,min,3.000000,0.036120,na,0.005047,29319,57766,750,true
set_cover_n100_m72_d0.45_b_w29_seed1.txt,Set Cover,100,RelaxGrouping,20000,false,min,3.000000,0.037662,na,0.004924,29319,57766,750,true
set_cover_n100_m72_d0.45_b_w29_seed2.txt,Set Cover,100,RelaxGrouping,500,true,min,2.000000,0.027632,0.005963,0.003830,18130,35691,496,true
set_cover_n100_m72_d0.45_b_w29_seed2.txt,Set Cover,100,RelaxGrouping,2000,true,min,3.000000,0.039827,0.009249,0.004707,29319,57766,750,true
set_cover_n100_m72_d0.45_b_w29_seed2.txt,Set Cover,100,RelaxGrouping,1000,true,min,3.000000,0.040227,0.009363,0.004907,29319,57766,750,true
set_cover_n100_m72_d0.45_b_w29_seed2.txt,Set Cover,100,RelaxGrouping,5000,true,min,3.000000,0.041557,0.015277,0.006383,29319,57766,750,true
set_cover_n100_m72_d0.45_b_w29_seed2.txt,Set Cover,100,RelaxGrouping,10000,true,min,3.000000,0.041799,0.014939,0.006423,29319,57766,750,true
set_cover_n100_m72_d0.45_b_w29_seed2.txt,Set Cover,100,RelaxGrouping,500,false,min,2.000000,0.026603,na,0.004517,19539,38433,498,true
set_cover_n100_m72_d0.45_b_w29_seed2.txt,Set Cover,100,RelaxGrouping,1000,false,min,3.000000,0.041504,na,0.006777,29319,57766,750,true
set_cover_n100_m72_d0.45_b_w29_seed2.txt,Set Cover,100,RelaxGrouping,20000,true,min,3.000000,0.039639,0.014155,0.006943,29319,57766,750,true
set_cover_n100_m72_d0.45_b_w29_seed2.txt,Set Cover,100,RelaxGrouping,5000,false,min,3.000000,0.040040,na,0.009105,29319,57766,750,true
set_cover_n100_m72_d0.45_b_w29_seed2.txt,Set Cover,100,RelaxGrouping,2000,false,min,3.000000,0.041862,na,0.009914,29319,57766,750,true
set_cover_n100_m72_d0.45_b_w29_seed3.txt,Set Cover,100,RelaxGrouping,500,true,min,2.000000,0.026690,0.006989,0.005647,18130,35691,496,true
set_cover_n100_m72_d0.45_b_w29_seed2.txt,Set Cover,100,RelaxGrouping,10000,false,min,3.000000,0.038712,na,0.006814,29319,57766,750,true
set_cover_n100_m72_d0.45_b_w29_seed2.txt,Set Cover,100,RelaxGrouping,20000,false,min,3.000000,0.038492,na,0.005969,29319,57766,750,true
set_cover_n100_m72_d0.45_b_w29_seed3.txt,Set Cover,100,RelaxGrouping,1000,true,min,3.000000,0.041668,0.015126,0.009527,29319,57766,750,true
set_cover_n100_m72_d0.45_b_w29_seed3.txt,Set Cover,100,RelaxGrouping,2000,true,min,3.000000,0.042835,0.014923,0.008770,29319,57766,750,true
set_cover_n100_m72_d0.45_b_w29_seed3.txt,Set Cover,100,RelaxGrouping,5000,true,min,3.000000,0.039815,0.014096,0.010396,29319,57766,750,true
set_cover_n100_m72_d0.45_b_w29_seed3.txt,Set Cover,100,RelaxGrouping,20000,true,min,3.000000,0.039743,0.014621,0.007984,29319,57766,750,true
set_cover_n100_m72_d0.45_b_w29_seed3.txt,Set Cover,100,RelaxGrouping,10000,true,min,3.000000,0.041402,0.015274,0.007979,29319,57766,750,true
set_cover_n100_m72_d0.45_b_w29_seed3.txt,Set Cover,100,RelaxGrouping,500,false,min,2.000000,0.027220,na,0.003429,19539,38433,498,true
set_cover_n100_m72_d0.45_b_w29_seed3.txt,Set Cover,100,RelaxGrouping,1000,false,min,3.000000,0.038419,na,0.005671,29319,57766,750,true
set_cover_n100_m72_d0.45_b_w29_seed3.txt,Set Cover,100,RelaxGrouping,2000,false,min,3.000000,0.040296,na,0.007621,29319,57766,750,true
set_cover_n100_m72_d0.45_b_w29_seed3.txt,Set Cover,100,RelaxGrouping,5000,false,min,3.000000,0.042222,na,0.008606,29319,57766,750,true
set_cover_n100_m72_d0.45_b_w29_seed3.txt,Set Cover,100,RelaxGrouping,10000,false,min,3.000000,0.040347,na,0.007493,29319,57766,750,true
set_cover_n100_m72_d0.45_b_w29_seed4.txt,Set Cover,100,RelaxGrouping,500,true,min,2.000000,0.026407,0.005666,0.004233,18130,35691,496,true
set_cover_n100_m72_d0.45_b_w29_seed3.txt,Set Cover,100,RelaxGrouping,20000,false,min,3.000000,0.036415,na,0.004957,29319,57766,750,true
set_cover_n100_m72_d0.45_b_w29_seed4.txt,Set Cover,100,RelaxGrouping,1000,true,min,3.000000,0.038786,0.009009,0.004678,29319,57766,750,true
set_cover_n100_m72_d0.45_b_w29_seed4.txt,Set Cover,100,RelaxGrouping,2000,true,min,3.000000,0.039384,0.009377,0.004860,29319,57766,750,true
set_cover_n100_m72_d0.45_b_w29_seed4.txt,Set Cover,100,RelaxGrouping,5000,true,min,3.000000,0.037743,0.009466,0.006768,29319,57766,750,true
set_cover_n100_m72_d0.45_b_w29_seed4.txt,Set Cover,100,RelaxGrouping,10000,true,min,3.000000,0.041451,0.012329,0.006573,29319,57766,750,true
set_cover_n100_m72_d0.45_b_w29_seed4.txt,Set Cover,100,RelaxGrouping,20000,true,min,3.000000,0.041513,0.012423,0.007139,29319,57766,750,true
set_cover_n100_m72_d0.45_b_w29_seed4.txt,Set Cover,100,RelaxGrouping,500,false,min,2.000000,0.026867,na,0.006445,19539,38433,498,true
set_cover_n100_m72_d0.45_b_w29_seed4.txt,Set Cover,100,RelaxGrouping,1000,false,min,3.000000,0.041354,na,0.006033,29319,57766,750,true
set_cover_n100_m72_d0.45_b_w29_seed4.txt,Set Cover,100,RelaxGrouping,2000,false,min,3.000000,0.041085,na,0.006332,29319,57766,750,true
set_cover_n100_m72_d0.45_b_w29_seed4.txt,Set Cover,100,RelaxGrouping,5000,false,min,3.000000,0.038701,na,0.005858,29319,57766,750,true
set_cover_n100_m72_d0.45_b_w29_seed4.txt,Set Cover,100,RelaxGrouping,10000,false,min,3.000000,0.039972,na,0.005728,29319,57766,750,true
set_cover_n100_m72_d0.45_b_w29_seed4.txt,Set Cover,100,RelaxGrouping,20000,false,min,3.000000,0.039512,na,0.007374,29319,57766,750,true
set_cover_n100_m75_d0.1_b_w26_seed1.txt,Set Cover,100,RelaxGrouping,500,true,min,2.000000,0.086454,0.026624,0.005539,10396,18591,315,true
set_cover_n100_m75_d0.1_b_w26_seed1.txt,Set Cover,100,RelaxGrouping,1000,true,min,2.000000,0.165986,0.046868,0.004754,17728,31698,433,true
set_cover_n100_m75_d0.1_b_w26_seed1.txt,Set Cover,100,RelaxGrouping,2000,true,min,2.000000,0.336140,0.138411,0.017925,28934,51809,760,true
set_cover_n100_m75_d0.1_b_w26_seed1.txt,Set Cover,100,RelaxGrouping,500,false,min,2.000000,0.084208,na,0.007849,34390,61781,498,true
set_cover_n100_m75_d0.1_b_w26_seed1.txt,Set Cover,100,RelaxGrouping,5000,true,min,2.000000,0.946368,0.417004,0.038675,60168,106773,1747,true
set_cover_n100_m75_d0.1_b_w26_seed1.txt,Set Cover,100,RelaxGrouping,1000,false,min,2.000000,0.164909,na,0.018600,66264,118802,994,true
set_cover_n100_m75_d0.1_b_w26_seed1.txt,Set Cover,100,RelaxGrouping,2000,false,min,2.000000,0.354435,na,0.037692,123712,221577,1987,true
set_cover_n100_m75_d0.1_b_w26_seed1.txt,Set Cover,100,RelaxGrouping,5000,false,min,2.000000,0.973397,na,0.105040,293060,526130,4988,true
set_cover_n100_m75_d0.1_b_w26_seed1.txt,Set Cover,100,RelaxGrouping,10000,true,min,3.000000,2.193522,1.049548,0.086615,116652,206754,3840,true
set_cover_n100_m75_d0.1_b_w26_seed2.txt,Set Cover,100,RelaxGrouping,500,true,min,2.000000,0.085799,0.025292,0.005353,10662,18907,253,true
set_cover_n100_m75_d0.1_b_w26_seed2.txt,Set Cover,100,RelaxGrouping,1000,true,min,2.000000,0.164091,0.056883,0.009230,19518,34900,452,true
set_cover_n100_m75_d0.1_b_w26_seed1.txt,Set Cover,100,RelaxGrouping,10000,false,min,3.000000,2.286536,na,0.251273,570591,1020653,9993,true
set_cover_n100_m75_d0.1_b_w26_seed2.txt,Set Cover,100,RelaxGrouping,2000,true,min,2.000000,0.329904,0.131114,0.018624,35654,63396,790,true
set_cover_n100_m75_d0.1_b_w26_seed1.txt,Set Cover,100,RelaxGrouping,20000,true,min,3.000000,5.474522,2.623945,0.162023,199765,349951,7777,true
set_cover_n100_m75_d0.1_b_w26_seed2.txt,Set Cover,100,RelaxGrouping,5000,true,min,2.000000,0.914415,0.419687,0.046602,72546,128469,1726,true
set_cover_n100_m75_d0.1_b_w26_seed2.txt,Set Cover,100,RelaxGrouping,500,false,min,2.000000,0.086421,na,0.010302,32832,58821,497,true
set_cover_n100_m75_d0.1_b_w26_seed1.txt,Set Cover,100,RelaxGrouping,20000,false,min,3.000000,5.875310,na,0.554047,1099460,1975247,20000,true
set_cover_n100_m75_d0.1_b_w26_seed2.txt,Set Cover,100,RelaxGrouping,1000,false,min,2.000000,0.169918,na,0.019770,63095,113018,997,true
set_cover_n100_m75_d0.1_b_w26_seed2.txt,Set Cover,100,RelaxGrouping,10000,true,min,3.000000,2.182165,1.105398,0.085409,118371,211690,2821,true
set_cover_n100_m75_d0.1_b_w26_seed2.txt,Set Cover,100,RelaxGrouping,2000,false,min,2.000000,0.331014,na,0.036050,123830,221734,1988,true
set_cover_n100_m75_d0.1_b_w26_seed2.txt,Set Cover,100,RelaxGrouping,5000,false,min,2.000000,0.889349,na,0.102351,295277,528456,4983,true
set_cover_n100_m75_d0.1_b_w26_seed3.txt,Set Cover,100,RelaxGrouping,500,true,min,2.000000,0.080403,0.021838,0.004014,8326,14759,241,true
set_cover_n100_m75_d0.1_b_w26_seed2.txt,Set Cover,100,RelaxGrouping,10000,false,min,3.000000,2.179779,na,0.227352,555138,997574,9970,true
set_cover_n100_m75_d0.1_b_w26_seed3.txt,Set Cover,100,RelaxGrouping,1000,true,min,2.000000,0.160765,0.050984,0.008389,15514,27672,405,true
set_cover_n100_m75_d0.1_b_w26_seed2.txt,Set Cover,100,RelaxGrouping,20000,true,min,3.000000,5.266775,2.434697,0.173235,205470,364817,5969,true
set_cover_n100_m75_d0.1_b_w26_seed3.txt,Set Cover,100,RelaxGrouping,2000,true,min,2.000000,0.340170,0.134959,0.015546,26802,48174,691,true
set_cover_n100_m75_d0.1_b_w26_seed3.txt,Set Cover,100,RelaxGrouping,5000,true,min,2.000000,0.958014,0.419722,0.039866,57071,103937,1374,true
set_cover_n100_m75_d0.1_b_w26_seed3.txt,Set Cover,100,RelaxGrouping,500,false,min,2.000000,0.084728,na,0.010620,32608,58249,495,true
set_cover_n100_m75_d0.1_b_w26_seed3.txt,Set Cover,100,RelaxGrouping,1000,false,min,2.000000,0.170832,na,0.019815,64542,114899,999,true
set_cover_n100_m75_d0.1_b_w26_seed2.txt,Set Cover,100,RelaxGrouping,20000,false,min,3.000000,5.254414,na,0.554337,1065216,1917345,19903,true
set_cover_n100_m75_d0.1_b_w26_seed3.txt,Set Cover,100,RelaxGrouping,10000,true,min,2.000000,2.450219,1.080939,0.074008,97649,178710,2809,true
set_cover_n100_m75_d0.1_b_w26_seed3.txt,Set Cover,100,RelaxGrouping,2000,false,min,2.000000,0.352408,na,0.036201,122819,219846,1994,true
set_cover_n100_m75_d0.1_b_w26_seed3.txt,Set Cover,100,RelaxGrouping,5000,false,min,2.000000,0.917427,na,0.098667,292904,525013,4982,true
set_cover_n100_m75_d0.1_b_w26_seed4.txt,Set Cover,100,RelaxGrouping,500,true,min,2.000000,0.086205,0.026331,0.004758,8600,15417,239,true
set_cover_n100_m75_d0.1_b_w26_seed4.txt,Set Cover,100,RelaxGrouping,1000,true,min,2.000000,0.163245,0.055756,0.008291,15485,27885,480,true
set_cover_n100_m75_d0.1_b_w26_seed3.txt,Set Cover,100,RelaxGrouping,10000,false,min,2.000000,2.562659,na,0.243889,571763,1028412,9941,true
set_cover_n100_m75_d0.1_b_w26_seed4.txt,Set Cover,100,RelaxGrouping,2000,true,min,2.000000,0.333665,0.129717,0.012820,25478,46185,842,true
set_cover_n100_m75_d0.1_b_w26_seed3.txt,Set Cover,100,RelaxGrouping,20000,true,min,3.000000,5.980892,2.790606,0.160742,189962,350800,5174,true
set_cover_n100_m75_d0.1_b_w26_seed4.txt,Set Cover,100,RelaxGrouping,5000,true,min,2.000000,0.895783,0.464077,0.037269,57340,103465,1895,true
set_cover_n100_m75_d0.1_b_w26_seed4.txt,Set Cover,100,RelaxGrouping,500,false,min,2.000000,0.087121,na,0.009890,32427,58036,496,true
set_cover_n100_m75_d0.1_b_w26_seed4.txt,Set Cover,100,RelaxGrouping,1000,false,min,2.000000,0.171258,na,0.015881,63209,112786,994,true
set_cover_n100_m75_d0.1_b_w26_seed3.txt,Set Cover,100,RelaxGrouping,20000,false,min,3.000000,5.914011,na,0.573119,1123505,2027729,19935,true
set_cover_n100_m75_d0.1_b_w26_seed4.txt,Set Cover,100,RelaxGrouping,10000,true,min,2.000000,2.334257,1.148650,0.075393,99206,180173,3379,true
set_cover_n100_m75_d0.1_b_w26_seed4.txt,Set Cover,100,RelaxGrouping,2000,false,min,2.000000,0.332942,na,0.037086,121635,217335,1992,true
set_cover_n100_m75_d0.1_b_w26_seed4.txt,Set Cover,100,RelaxGrouping,5000,false,min,2.000000,0.961814,na,0.103390,297317,532429,4977,true
set_cover_n100_m75_d0.2_b_w26_seed1.txt,Set Cover,100,RelaxGrouping,500,true,min,2.000000,0.070267,0.023680,0.006779,13668,26389,349,true
set_cover_n100_m75_d0.2_b_w26_seed1.txt,Set Cover,100,RelaxGrouping,1000,true,min,2.000000,0.130470,0.050428,0.011211,22829,44325,644,true
set_cover_n100_m75_d0.1_b_w26_seed4.txt,Set Cover,100,RelaxGrouping,10000,false,min,2.000000,2.302604,na,0.249851,578879,1037267,9992,true
set_cover_n100_m75_d0.1_b_w26_seed4.txt,Set Cover,100,RelaxGrouping,20000,true,min,3.000000,5.860229,2.660496,0.175777,186372,340335,6297,true
set_cover_n100_m75_d0.2_b_w26_seed1.txt,Set Cover,100,RelaxGrouping,2000,true,min,2.000000,0.243707,0.106909,0.016411,40083,77951,1225,true
set_cover_n100_m75_d0.2_b_w26_seed1.txt,Set Cover,100,RelaxGrouping,5000,true,min,2.000000,0.603291,0.317653,0.058472,91247,178629,2964,true
set_cover_n100_m75_d0.2_b_w26_seed1.txt,Set Cover,100,RelaxGrouping,500,false,min,2.000000,0.070173,na,0.009008,33119,63107,497,true
set_cover_n100_m75_d0.1_b_w26_seed4.txt,Set Cover,100,RelaxGrouping,20000,false,min,3.000000,5.521845,na,0.535832,1131797,2031621,19950,true
set_cover_n100_m75_d0.2_b_w26_seed1.txt,Set Cover,100,RelaxGrouping,10000,true,min,2.000000,1.280728,0.691531,0.109703,149327,292900,5361,true
set_cover_n100_m75_d0.2_b_w26_seed1.txt,Set Cover,100,RelaxGrouping,1000,false,min,2.000000,0.126999,na,0.015045,59163,113059,988,true
set_cover_n100_m75_d0.2_b_w26_seed1.txt,Set Cover,100,RelaxGrouping,2000,false,min,2.000000,0.254912,na,0.027236,111674,213947,1990,true
set_cover_n100_m75_d0.2_b_w26_seed2.txt,Set Cover,100,RelaxGrouping,500,true,min,2.000000,0.072907,0.025761,0.005696,11984,22505,382,true
set_cover_n100_m75_d0.2_b_w26_seed1.txt,Set Cover,100,RelaxGrouping,20000,true,min,3.000000,3.037829,1.615444,0.201773,253308,497552,10160,true
set_cover_n100_m75_d0.2_b_w26_seed1.txt,Set Cover,100,RelaxGrouping,5000,false,min,2.000000,0.649425,na,0.078753,243596,468614,4987,true
set_cover_n100_m75_d0.2_b_w26_seed1.txt,Set Cover,100,RelaxGrouping,10000,false,min,2.000000,1.468688,na,0.175806,434817,838943,9951,true
set_cover_n100_m75_d0.2_b_w26_seed2.txt,Set Cover,100,RelaxGrouping,1000,true,min,2.000000,0.124592,0.048790,0.009517,19002,36144,631,true
set_cover_n100_m75_d0.2_b_w26_seed1.txt,Set Cover,100,RelaxGrouping,20000,false,min,3.000000,3.035443,na,0.353084,784374,1515710,19985,true
set_cover_n100_m75_d0.2_b_w26_seed2.txt,Set Cover,100,RelaxGrouping,2000,true,min,2.000000,0.237210,0.105402,0.014172,29455,56492,732,true
set_cover_n100_m75_d0.2_b_w26_seed2.txt,Set Cover,100,RelaxGrouping,5000,true,min,2.000000,0.617213,0.298364,0.030222,58203,112575,1569,true
set_cover_n100_m75_d0.2_b_w26_seed2.txt,Set Cover,100,RelaxGrouping,500,false,min,2.000000,0.070207,na,0.007722,34182,64621,498,true
set_cover_n100_m75_d0.2_b_w26_seed2.txt,Set Cover,100,RelaxGrouping,1000,false,min,2.000000,0.131956,na,0.017195,60180,114363,993,true
set_cover_n100_m75_d0.2_b_w26_seed2.txt,Set Cover,100,RelaxGrouping,10000,true,min,2.000000,1.377698,0.680159,0.060858,93987,182083,2383,true
set_cover_n100_m75_d0.2_b_w26_seed2.txt,Set Cover,100,RelaxGrouping,2000,false,min,2.000000,0.234128,na,0.022418,106512,203567,1999,true
set_cover_n100_m75_d0.2_b_w26_seed2.txt,Set Cover,100,RelaxGrouping,5000,false,min,2.000000,0.628150,na,0.079773,240645,459707,4993,true
set_cover_n100_m75_d0.2_b_w26_seed3.txt,Set Cover,100,RelaxGrouping,500,true,min,2.000000,0.075318,0.028244,0.006601,10565,20292,278,true
set_cover_n100_m75_d0.2_b_w26_seed2.txt,Set Cover,100,RelaxGrouping,10000,false,min,2.000000,1.433623,na,0.172240,433876,830869,9963,true
set_cover_n100_m75_d0.2_b_w26_seed2.txt,Set Cover,100,RelaxGrouping,20000,true,min,2.000000,3.081563,1.846889,0.163144,202099,391861,6261,true
set_cover_n100_m75_d0.2_b_w26_seed3.txt,Set Cover,100,RelaxGrouping,1000,true,min,2.000000,0.141553,0.055014,0.011600,20651,39947,627,true
set_cover_n100_m75_d0.2_b_w26_seed3.txt,Set Cover,100,RelaxGrouping,2000,true,min,2.000000,0.266693,0.124516,0.021320,39570,76906,1003,true
set_cover_n100_m75_d0.2_b_w26_seed3.txt,Set Cover,100,RelaxGrouping,5000,true,min,2.000000,0.617410,0.324523,0.041383,76264,148172,2038,true
set_cover_n100_m75_d0.2_b_w26_seed2.txt,Set Cover,100,RelaxGrouping,20000,false,min,2.000000,3.012917,na,0.358146,800302,1528710,19973,true
set_cover_n100_m75_d0.2_b_w26_seed3.txt,Set Cover,100,RelaxGrouping,500,false,min,2.000000,0.071291,na,0.006676,34112,64653,497,true
set_cover_n100_m75_d0.2_b_w26_seed3.txt,Set Cover,100,RelaxGrouping,10000,true,min,2.000000,1.283484,0.756933,0.090686,134975,263019,4287,true
set_cover_n100_m75_d0.2_b_w26_seed3.txt,Set Cover,100,RelaxGrouping,1000,false,min,2.000000,0.145315,na,0.017717,66034,125527,997,true
set_cover_n100_m75_d0.2_b_w26_seed3.txt,Set Cover,100,RelaxGrouping,2000,false,min,2.000000,0.270512,na,0.032066,120941,230648,1990,true
set_cover_n100_m75_d0.2_b_w26_seed3.txt,Set Cover,100,RelaxGrouping,5000,false,min,2.000000,0.607169,na,0.080035,255036,487407,4981,true
set_cover_n100_m75_d0.2_b_w26_seed4.txt,Set Cover,100,RelaxGrouping,500,true,min,2.000000,0.070342,0.025993,0.005398,10239,19498,274,true
set_cover_n100_m75_d0.2_b_w26_seed3.txt,Set Cover,100,RelaxGrouping,20000,true,min,3.000000,2.955234,1.720615,0.190345,243073,474738,8686,true
set_cover_n100_m75_d0.2_b_w26_seed4.txt,Set Cover,100,RelaxGrouping,1000,true,min,2.000000,0.130866,0.049640,0.007348,18622,35637,563,true
set_cover_n100_m75_d0.2_b_w26_seed3.txt,Set Cover,100,RelaxGrouping,10000,false,min,2.000000,1.429532,na,0.180823,455210,871701,9976,true
set_cover_n100_m75_d0.2_b_w26_seed4.txt,Set Cover,100,RelaxGrouping,2000,true,min,2.000000,0.247324,0.111978,0.014883,29797,57128,760,true
set_cover_n100_m75_d0.2_b_w26_seed3.txt,Set Cover,100,RelaxGrouping,20000,false,min,3.000000,3.136227,na,0.375047,833685,1597889,19980,true
set_cover_n100_m75_d0.2_b_w26_seed4.txt,Set Cover,100,RelaxGrouping,5000,true,min,2.000000,0.653284,0.335239,0.045068,69231,134079,1742,true
set_cover_n100_m75_d0.2_b_w26_seed4.txt,Set Cover,100,RelaxGrouping,500,false,min,2.000000,0.070273,na,0.009187,32278,61361,494,true
set_cover_n100_m75_d0.2_b_w26_seed4.txt,Set Cover,100,RelaxGrouping,10000,true,min,2.000000,1.488790,0.783696,0.084718,124973,242520,3601,true
set_cover_n100_m75_d0.2_b_w26_seed4.txt,Set Cover,100,RelaxGrouping,1000,false,min,2.000000,0.130064,na,0.013558,60088,114475,989,true
set_cover_n100_m75_d0.2_b_w26_seed4.txt,Set Cover,100,RelaxGrouping,2000,false,min,2.000000,0.247206,na,0.024716,108064,206436,1976,true
set_cover_n100_m75_d0.2_b_w26_seed4.txt,Set Cover,100,RelaxGrouping,5000,false,min,2.000000,0.626336,na,0.079758,241290,460990,4985,true
set_cover_n100_m75_d0.2_b_w26_seed4.txt,Set Cover,100,RelaxGrouping,20000,true,min,3.000000,3.140694,1.560049,0.205086,240140,468737,7540,true
set_cover_n100_m75_d0.3_b_w26_seed1.txt,Set Cover,100,RelaxGrouping,500,true,min,2.000000,0.033109,0.010605,0.005664,21761,42750,499,true
set_cover_n100_m75_d0.3_b_w26_seed1.txt,Set Cover,100,RelaxGrouping,1000,true,min,3.000000,0.043963,0.013126,0.007582,28301,55625,675,true
set_cover_n100_m75_d0.2_b_w26_seed4.txt,Set Cover,100,RelaxGrouping,10000,false,min,2.000000,1.420147,na,0.179799,447095,855664,9988,true
set_cover_n100_m75_d0.3_b_w26_seed1.txt,Set Cover,100,RelaxGrouping,2000,true,min,3.000000,0.040528,0.014349,0.006702,28301,55625,675,true
set_cover_n100_m75_d0.3_b_w26_seed1.txt,Set Cover,100,RelaxGrouping,10000,true,min,3.000000,0.040869,0.014130,0.006468,28301,55625,675,true
set_cover_n100_m75_d0.3_b_w26_seed1.txt,Set Cover,100,RelaxGrouping,5000,true,min,3.000000,0.042696,0.014233,0.007937,28301,55625,675,true
set_cover_n100_m75_d0.3_b_w26_seed1.txt,Set Cover,100,RelaxGrouping,20000,true,min,3.000000,0.042742,0.014109,0.006882,28301,55625,675,true
set_cover_n100_m75_d0.2_b_w26_seed4.txt,Set Cover,100,RelaxGrouping,20000,false,min,3.000000,2.930153,na,0.358754,810991,1554690,19945,true
set_cover_n100_m75_d0.3_b_w26_seed1.txt,Set Cover,100,RelaxGrouping,500,false,min,2.000000,0.032161,na,0.004382,22327,43827,499,true
set_cover_n100_m75_d0.3_b_w26_seed1.txt,Set Cover,100,RelaxGrouping,1000,false,min,3.000000,0.039829,na,0.006773,28301,55625,675,true
set_cover_n100_m75_d0.3_b_w26_seed1.txt,Set Cover,100,RelaxGrouping,2000,false,min,3.000000,0.040244,na,0.006854,28301,55625,675,true
set_cover_n100_m75_d0.3_b_w26_seed1.txt,Set Cover,100,RelaxGrouping,5000,false,min,3.000000,0.040485,na,0.007172,28301,55625,675,true
set_cover_n100_m75_d0.3_b_w26_seed1.txt,Set Cover,100,RelaxGrouping,10000,false,min,3.000000,0.037328,na,0.005695,28301,55625,675,true
set_cover_n100_m75_d0.3_b_w26_seed1.txt,Set Cover,100,RelaxGrouping,20000,false,min,3.000000,0.041365,na,0.006626,28301,55625,675,true
set_cover_n100_m75_d0.3_b_w26_seed2.txt,Set Cover,100,RelaxGrouping,500,true,min,2.000000,0.032487,0.010513,0.006650,21761,42750,499,true
set_cover_n100_m75_d0.3_b_w26_seed2.txt,Set Cover,100,RelaxGrouping,1000,true,min,3.000000,0.041485,0.013025,0.006269,28301,55625,675,true
set_cover_n100_m75_d0.3_b_w26_seed2.txt,Set Cover,100,RelaxGrouping,2000,true,min,3.000000,0.041626,0.012946,0.007224,28301,55625,675,true
set_cover_n100_m75_d0.3_b_w26_seed2.txt,Set Cover,100,RelaxGrouping,5000,true,min,3.000000,0.039060,0.012138,0.007465,28301,55625,675,true
set_cover_n100_m75_d0.3_b_w26_seed2.txt,Set Cover,100,RelaxGrouping,500,false,min,2.000000,0.031233,na,0.005489,22327,43827,499,true
set_cover_n100_m75_d0.3_b_w26_seed2.txt,Set Cover,100,RelaxGrouping,1000,false,min,3.000000,0.040758,na,0.007048,28301,55625,675,true
set_cover_n100_m75_d0.3_b_w26_seed2.txt,Set Cover,100,RelaxGrouping,10000,true,min,3.000000,0.040605,0.013560,0.007923,28301,55625,675,true
set_cover_n100_m75_d0.3_b_w26_seed2.txt,Set Cover,100,RelaxGrouping,20000,true,min,3.000000,0.040575,0.013618,0.007719,28301,55625,675,true
set_cover_n100_m75_d0.3_b_w26_seed2.txt,Set Cover,100,RelaxGrouping,2000,false,min,3.000000,0.036352,na,0.004403,28301,55625,675,true
set_cover_n100_m75_d0.3_b_w26_seed2.txt,Set Cover,100,RelaxGrouping,5000,false,min,3.000000,0.040273,na,0.007619,28301,55625,675,true
set_cover_n100_m75_d0.3_b_w26_seed2.txt,Set Cover,100,RelaxGrouping,20000,false,min,3.000000,0.040002,na,0.007984,28301,55625,675,true
set_cover_n100_m75_d0.3_b_w26_seed2.txt,Set Cover,100,RelaxGrouping,10000,false,min,3.000000,0.041815,na,0.008080,28301,55625,675,true
set_cover_n100_m75_d0.3_b_w26_seed3.txt,Set Cover,100,RelaxGrouping,500,true,min,2.000000,0.034077,0.010858,0.005439,21761,42750,499,true
set_cover_n100_m75_d0.3_b_w26_seed3.txt,Set Cover,100,RelaxGrouping,1000,true,min,3.000000,0.038912,0.011226,0.006331,28301,55625,675,true
set_cover_n100_m75_d0.3_b_w26_seed3.txt,Set Cover,100,RelaxGrouping,5000,true,min,3.000000,0.039236,0.013355,0.007372,28301,55625,675,true
set_cover_n100_m75_d0.3_b_w26_seed3.txt,Set Cover,100,RelaxGrouping,2000,true,min,3.000000,0.039254,0.013406,0.007438,28301,55625,675,true
set_cover_n100_m75_d0.3_b_w26_seed3.txt,Set Cover,100,RelaxGrouping,20000,true,min,3.000000,0.039548,0.013495,0.007410,28301,55625,675,true
set_cover_n100_m75_d0.3_b_w26_seed3.txt,Set Cover,100,RelaxGrouping,10000,true,min,3.000000,0.041537,0.014091,0.007977,28301,55625,675,true
set_cover_n100_m75_d0.3_b_w26_seed3.txt,Set Cover,100,RelaxGrouping,500,false,min,2.000000,0.032156,na,0.004268,22327,43827,499,true
set_cover_n100_m75_d0.3_b_w26_seed3.txt,Set Cover,100,RelaxGrouping,1000,false,min,3.000000,0.037978,na,0.142167,28301,55625,675,true
set_cover_n100_m75_d0.3_b_w26_seed3.txt,Set Cover,100,RelaxGrouping,2000,false,min,3.000000,0.038288,na,0.044445,28301,55625,675,true
set_cover_n100_m75_d0.3_b_w26_seed3.txt,Set Cover,100,RelaxGrouping,5000,false,min,3.000000,0.038665,na,0.015058,28301,55625,675,true
set_cover_n100_m75_d0.3_b_w26_seed3.txt,Set Cover,100,RelaxGrouping,10000,false,min,3.000000,0.038638,na,0.013044,28301,55625,675,true
set_cover_n100_m75_d0.3_b_w26_seed3.txt,Set Cover,100,RelaxGrouping,20000,false,min,3.000000,0.036302,na,0.021813,28301,55625,675,true
set_cover_n100_m75_d0.3_b_w26_seed4.txt,Set Cover,100,RelaxGrouping,500,true,min,2.000000,0.032753,0.010405,0.006057,21761,42750,499,true
set_cover_n100_m75_d0.3_b_w26_seed4.txt,Set Cover,100,RelaxGrouping,1000,true,min,3.000000,0.039979,0.012108,0.006724,28301,55625,675,true
set_cover_n100_m75_d0.3_b_w26_seed4.txt,Set Cover,100,RelaxGrouping,2000,true,min,3.000000,0.039491,0.010258,0.005372,28301,55625,675,true
set_cover_n100_m75_d0.3_b_w26_seed4.txt,Set Cover,100,RelaxGrouping,5000,true,min,3.000000,0.040870,0.010331,0.006577,28301,55625,675,true
set_cover_n100_m75_d0.3_b_w26_seed4.txt,Set Cover,100,RelaxGrouping,10000,true,min,3.000000,0.036211,0.009375,0.006068,28301,55625,675,true
set_cover_n100_m75_d0.3_b_w26_seed4.txt,Set Cover,100,RelaxGrouping,500,false,min,2.000000,0.032613,na,0.006201,22327,43827,499,true
set_cover_n100_m75_d0.3_b_w26_seed4.txt,Set Cover,100,RelaxGrouping,1000,false,min,3.000000,0.038888,na,0.006808,28301,55625,675,true
set_cover_n100_m75_d0.3_b_w26_seed4.txt,Set Cover,100,RelaxGrouping,2000,false,min,3.000000,0.040797,na,0.006372,28301,55625,675,true
set_cover_n100_m75_d0.3_b_w26_seed4.txt,Set Cover,100,RelaxGrouping,20000,true,min,3.000000,0.040708,0.012416,0.006729,28301,55625,675,true
set_cover_n100_m75_d0.3_b_w26_seed4.txt,Set Cover,100,RelaxGrouping,5000,false,min,3.000000,0.036376,na,0.007346,28301,55625,675,true
set_cover_n100_m75_d0.3_b_w26_seed4.txt,Set Cover,100,RelaxGrouping,10000,false,min,3.000000,0.037370,na,0.005457,28301,55625,675,true
set_cover_n100_m75_d0.3_b_w26_seed4.txt,Set Cover,100,RelaxGrouping,20000,false,min,3.000000,0.039456,na,0.006637,28301,55625,675,true
set_cover_n100_m75_d0.4_b_w26_seed1.txt,Set Cover,100,RelaxGrouping,500,true,min,2.000000,0.031613,0.008418,0.007580,21761,42750,499,true
set_cover_n100_m75_d0.4_b_w26_seed1.txt,Set Cover,100,RelaxGrouping,1000,true,min,3.000000,0.037725,0.012109,0.006400,28301,55625,675,true
set_cover_n100_m75_d0.4_b_w26_seed1.txt,Set Cover,100,RelaxGrouping,2000,true,min,3.000000,0.036053,0.007204,0.004030,28301,55625,675,true
set_cover_n100_m75_d0.4_b_w26_seed1.txt,Set Cover,100,RelaxGrouping,500,false,min,2.000000,0.031711,na,0.005837,22327,43827,499,true
set_cover_n100_m75_d0.4_b_w26_seed1.txt,Set Cover,100,RelaxGrouping,5000,true,min,3.000000,0.041018,0.012263,0.006430,28301,55625,675,true
set_cover_n100_m75_d0.4_b_w26_seed1.txt,Set Cover,100,RelaxGrouping,10000,true,min,3.000000,0.039571,0.013050,0.006970,28301,55625,675,true
set_cover_n100_m75_d0.4_b_w26_seed1.txt,Set Cover,100,RelaxGrouping,20000,true,min,3.000000,0.039244,0.012983,0.008830,28301,55625,675,true
set_cover_n100_m75_d0.4_b_w26_seed1.txt,Set Cover,100,RelaxGrouping,1000,false,min,3.000000,0.039754,na,0.007801,28301,55625,675,true
set_cover_n100_m75_d0.4_b_w26_seed1.txt,Set Cover,100,RelaxGrouping,5000,false,min,3.000000,0.043163,na,0.008934,28301,55625,675,true
set_cover_n100_m75_d0.4_b_w26_seed1.txt,Set Cover,100,RelaxGrouping,2000,false,min,3.000000,0.041416,na,0.010000,28301,55625,675,true
set_cover_n100_m75_d0.4_b_w26_seed1.txt,Set Cover,100,RelaxGrouping,10000,false,min,3.000000,0.041290,na,0.009288,28301,55625,675,true
set_cover_n100_m75_d0.4_b_w26_seed1.txt,Set Cover,100,RelaxGrouping,20000,false,min,3.000000,0.041174,na,0.010738,28301,55625,675,true
set_cover_n100_m75_d0.4_b_w26_seed2.txt,Set Cover,100,RelaxGrouping,500,true,min,2.000000,0.030246,0.008682,0.005194,21761,42750,499,true
set_cover_n100_m75_d0.4_b_w26_seed2.txt,Set Cover,100,RelaxGrouping,1000,true,min,3.000000,0.039041,0.011917,0.007565,28301,55625,675,true
set_cover_n100_m75_d0.4_b_w26_seed2.txt,Set Cover,100,RelaxGrouping,5000,true,min,3.000000,0.039126,0.013016,0.008539,28301,55625,675,true
set_cover_n100_m75_d0.4_b_w26_seed2.txt,Set Cover,100,RelaxGrouping,2000,true,min,3.000000,0.039039,0.013323,0.008362,28301,55625,675,true
set_cover_n100_m75_d0.4_b_w26_seed2.txt,Set Cover,100,RelaxGrouping,10000,true,min,3.000000,0.040701,0.013875,0.008500,28301,55625,675,true
set_cover_n100_m75_d0.4_b_w26_seed2.txt,Set Cover,100,RelaxGrouping,20000,true,min,3.000000,0.039140,0.014132,0.007598,28301,55625,675,true
set_cover_n100_m75_d0.4_b_w26_seed2.txt,Set Cover,100,RelaxGrouping,500,false,min,2.000000,0.032322,na,0.005190,22327,43827,499,true
set_cover_n100_m75_d0.4_b_w26_seed2.txt,Set Cover,100,RelaxGrouping,1000,false,min,3.000000,0.037869,na,0.007557,28301,55625,675,true
set_cover_n100_m75_d0.4_b_w26_seed2.txt,Set Cover,100,RelaxGrouping,2000,false,min,3.000000,0.040182,na,0.007585,28301,55625,675,true
set_cover_n100_m75_d0.4_b_w26_seed2.txt,Set Cover,100,RelaxGrouping,5000,false,min,3.000000,0.040616,na,0.008071,28301,55625,675,true
set_cover_n100_m75_d0.4_b_w26_seed2.txt,Set Cover,100,RelaxGrouping,10000,false,min,3.000000,0.038463,na,0.005504,28301,55625,675,true
set_cover_n100_m75_d0.4_b_w26_seed2.txt,Set Cover,100,RelaxGrouping,20000,false,min,3.000000,0.040430,na,0.008680,28301,55625,675,true
set_cover_n100_m75_d0.4_b_w26_seed3.txt,Set Cover,100,RelaxGrouping,500,true,min,2.000000,0.032626,0.011345,0.008455,21761,42750,499,true
set_cover_n100_m75_d0.4_b_w26_seed3.txt,Set Cover,100,RelaxGrouping,1000,true,min,3.000000,0.040100,0.014931,0.009090,28301,55625,675,true
set_cover_n100_m75_d0.4_b_w26_seed3.txt,Set Cover,100,RelaxGrouping,2000,true,min,3.000000,0.040707,0.015029,0.009400,28301,55625,675,true
set_cover_n100_m75_d0.4_b_w26_seed3.txt,Set Cover,100,RelaxGrouping,5000,true,min,3.000000,0.039920,0.011899,0.007488,28301,55625,675,true
set_cover_n100_m75_d0.4_b_w26_seed3.txt,Set Cover,100,RelaxGrouping,500,false,min,2.000000,0.031963,na,0.006198,22327,43827,499,true
set_cover_n100_m75_d0.4_b_w26_seed3.txt,Set Cover,100,RelaxGrouping,1000,false,min,3.000000,0.041340,na,0.007276,28301,55625,675,true
set_cover_n100_m75_d0.4_b_w26_seed3.txt,Set Cover,100,RelaxGrouping,10000,true,min,3.000000,0.039739,0.013627,0.009147,28301,55625,675,true
set_cover_n100_m75_d0.4_b_w26_seed3.txt,Set Cover,100,RelaxGrouping,20000,true,min,3.000000,0.039654,0.014123,0.008803,28301,55625,675,true
set_cover_n100_m75_d0.4_b_w26_seed3.txt,Set Cover,100,RelaxGrouping,2000,false,min,3.000000,0.036698,na,0.005738,28301,55625,675,true
set_cover_n100_m75_d0.4_b_w26_seed3.txt,Set Cover,100,RelaxGrouping,5000,false,min,3.000000,0.038678,na,0.010391,28301,55625,675,true
set_cover_n100_m75_d0.4_b_w26_seed3.txt,Set Cover,100,RelaxGrouping,10000,false,min,3.000000,0.040722,na,0.011183,28301,55625,675,true
set_cover_n100_m75_d0.4_b_w26_seed3.txt,Set Cover,100,RelaxGrouping,20000,false,min,3.000000,0.039226,na,0.012105,28301,55625,675,true
set_cover_n100_m75_d0.4_b_w26_seed4.txt,Set Cover,100,RelaxGrouping,500,true,min,2.000000,0.032521,0.012231,0.008577,21761,42750,499,true
set_cover_n100_m75_d0.4_b_w26_seed4.txt,Set Cover,100,RelaxGrouping,1000,true,min,3.000000,0.036631,0.007603,0.004331,28301,55625,675,true
set_cover_n100_m75_d0.4_b_w26_seed4.txt,Set Cover,100,RelaxGrouping,2000,true,min,3.000000,0.039558,0.011732,0.006392,28301,55625,675,true
set_cover_n100_m75_d0.4_b_w26_seed4.txt,Set Cover,100,RelaxGrouping,10000,true,min,3.000000,0.037958,0.012943,0.007701,28301,55625,675,true
set_cover_n100_m75_d0.4_b_w26_seed4.txt,Set Cover,100,RelaxGrouping,5000,true,min,3.000000,0.039814,0.013828,0.008709,28301,55625,675,true
set_cover_n100_m75_d0.4_b_w26_seed4.txt,Set Cover,100,RelaxGrouping,20000,true,min,3.000000,0.038246,0.013648,0.008385,28301,55625,675,true
set_cover_n100_m75_d0.4_b_w26_seed4.txt,Set Cover,100,RelaxGrouping,500,false,min,2.000000,0.029094,na,0.004652,22327,43827,499,true
set_cover_n100_m75_d0.4_b_w26_seed4.txt,Set Cover,100,RelaxGrouping,1000,false,min,3.000000,0.041636,na,0.009782,28301,55625,675,true
set_cover_n100_m75_d0.4_b_w26_seed4.txt,Set Cover,100,RelaxGrouping,2000,false,min,3.000000,0.040001,na,0.010726,28301,55625,675,true
set_cover_n100_m75_d0.4_b_w26_seed4.txt,Set Cover,100,RelaxGrouping,5000,false,min,3.000000,0.041586,na,0.009370,28301,55625,675,true
set_cover_n100_m75_d0.4_b_w26_seed4.txt,Set Cover,100,RelaxGrouping,10000,false,min,3.000000,0.040005,na,0.009599,28301,55625,675,true
set_cover_n100_m75_d0.4_b_w26_seed4.txt,Set Cover,100,RelaxGrouping,20000,false,min,3.000000,0.037710,na,0.005924,28301,55625,675,true
set_cover_n100_m75_d0.05_b_w26_seed1.txt,Set Cover,100,RelaxGrouping,500,true,min,2.000000,0.060899,0.013864,0.003425,7032,11406,149,true
set_cover_n100_m75_d0.05_b_w26_seed1.txt,Set Cover,100,RelaxGrouping,1000,true,min,2.000000,0.122463,0.042915,0.006692,13110,20740,311,true
set_cover_n100_m75_d0.05_b_w26_seed1.txt,Set Cover,100,RelaxGrouping,2000,true,min,2.000000,0.261685,0.096456,0.009247,20523,32671,602,true
set_cover_n100_m75_d0.05_b_w26_seed1.txt,Set Cover,100,RelaxGrouping,5000,true,min,3.000000,0.679878,0.328916,0.028683,45620,71584,1583,true
set_cover_n100_m75_d0.05_b_w26_seed1.txt,Set Cover,100,RelaxGrouping,500,false,min,2.000000,0.064455,na,0.007362,28780,46960,499,true
set_cover_n100_m75_d0.05_b_w26_seed1.txt,Set Cover,100,RelaxGrouping,1000,false,min,2.000000,0.126470,na,0.016525,55155,91329,996,true
set_cover_n100_m75_d0.05_b_w26_seed1.txt,Set Cover,100,RelaxGrouping,2000,false,min,2.000000,0.270037,na,0.031021,108791,178288,1993,true
set_cover_n100_m75_d0.05_b_w26_seed1.txt,Set Cover,100,RelaxGrouping,10000,true,min,3.000000,1.780946,0.758027,0.058501,80003,126494,2931,true
set_cover_n100_m75_d0.05_b_w26_seed1.txt,Set Cover,100,RelaxGrouping,5000,false,min,3.000000,0.749719,na,0.084414,269001,436007,4982,true
set_cover_n100_m75_d0.5_b_w26_seed1.txt,Set Cover,100,RelaxGrouping,500,true,min,2.000000,0.032179,0.009756,0.006448,21761,42750,499,true
set_cover_n100_m75_d0.05_b_w26_seed1.txt,Set Cover,100,RelaxGrouping,10000,false,min,3.000000,1.815119,na,0.214181,521517,844268,9999,true
set_cover_n100_m75_d0.5_b_w26_seed1.txt,Set Cover,100,RelaxGrouping,1000,true,min,3.000000,0.040783,0.013034,0.006424,28301,55625,675,true
set_cover_n100_m75_d0.5_b_w26_seed1.txt,Set Cover,100,RelaxGrouping,2000,true,min,3.000000,0.040956,0.013055,0.006385,28301,55625,675,true
set_cover_n100_m75_d0.5_b_w26_seed1.txt,Set Cover,100,RelaxGrouping,5000,true,min,3.000000,0.041039,0.013261,0.007565,28301,55625,675,true
set_cover_n100_m75_d0.05_b_w26_seed1.txt,Set Cover,100,RelaxGrouping,20000,true,min,3.000000,4.591337,2.022133,0.098625,133810,212737,4959,true
set_cover_n100_m75_d0.5_b_w26_seed1.txt,Set Cover,100,RelaxGrouping,10000,true,min,3.000000,0.040715,0.013504,0.008090,28301,55625,675,true
set_cover_n100_m75_d0.5_b_w26_seed1.txt,Set Cover,100,RelaxGrouping,20000,true,min,3.000000,0.040607,0.013786,0.007859,28301,55625,675,true
set_cover_n100_m75_d0.05_b_w26_seed1.txt,Set Cover,100,RelaxGrouping,20000,false,min,3.000000,4.451108,na,0.448271,1022983,1659683,19898,true
set_cover_n100_m75_d0.5_b_w26_seed1.txt,Set Cover,100,RelaxGrouping,500,false,min,2.000000,0.030893,na,0.005679,22327,43827,499,true
set_cover_n100_m75_d0.5_b_w26_seed1.txt,Set Cover,100,RelaxGrouping,1000,false,min,3.000000,0.040153,na,0.005581,28301,55625,675,true
set_cover_n100_m75_d0.5_b_w26_seed1.txt,Set Cover,100,RelaxGrouping,2000,false,min,3.000000,0.035335,na,0.004897,28301,55625,675,true
set_cover_n100_m75_d0.5_b_w26_seed1.txt,Set Cover,100,RelaxGrouping,5000,false,min,3.000000,0.035439,na,0.005085,28301,55625,675,true
set_cover_n100_m75_d0.5_b_w26_seed1.txt,Set Cover,100,RelaxGrouping,10000,false,min,3.000000,0.037258,na,0.006913,28301,55625,675,true
set_cover_n100_m75_d0.5_b_w26_seed1.txt,Set Cover,100,RelaxGrouping,20000,false,min,3.000000,0.037416,na,0.007781,28301,55625,675,true
set_cover_n100_m75_d0.05_b_w26_seed2.txt,Set Cover,100,RelaxGrouping,500,true,min,2.000000,0.061320,0.020090,0.005452,10690,17270,326,true
set_cover_n100_m75_d0.05_b_w26_seed2.txt,Set Cover,100,RelaxGrouping,1000,true,min,2.000000,0.124782,0.042638,0.011188,17893,28905,618,true
set_cover_n100_m75_d0.05_b_w26_seed2.txt,Set Cover,100,RelaxGrouping,2000,true,min,2.000000,0.258920,0.105894,0.016634,31843,51877,1180,true
set_cover_n100_m75_d0.05_b_w26_seed2.txt,Set Cover,100,RelaxGrouping,5000,true,min,3.000000,0.701140,0.315976,0.041674,69349,112859,2890,true
set_cover_n100_m75_d0.05_b_w26_seed2.txt,Set Cover,100,RelaxGrouping,500,false,min,2.000000,0.063047,na,0.007457,28128,46264,499,true
set_cover_n100_m75_d0.05_b_w26_seed2.txt,Set Cover,100,RelaxGrouping,1000,false,min,2.000000,0.129165,na,0.015918,54863,90079,997,true
set_cover_n100_m75_d0.05_b_w26_seed2.txt,Set Cover,100,RelaxGrouping,10000,true,min,3.000000,1.647149,0.757956,0.064993,103981,171597,4345,true
set_cover_n100_m75_d0.05_b_w26_seed2.txt,Set Cover,100,RelaxGrouping,2000,false,min,2.000000,0.262612,na,0.030569,106488,174198,1991,true
set_cover_n100_m75_d0.05_b_w26_seed2.txt,Set Cover,100,RelaxGrouping,5000,false,min,3.000000,0.722173,na,0.087786,256873,416271,4998,true
set_cover_n100_m75_d0.05_b_w26_seed2.txt,Set Cover,100,RelaxGrouping,10000,false,min,3.000000,1.755933,na,0.191851,474958,776458,9935,true
set_cover_n100_m75_d0.5_b_w26_seed2.txt,Set Cover,100,RelaxGrouping,500,true,min,2.000000,0.032811,0.009140,0.005602,21761,42750,499,true
set_cover_n100_m75_d0.5_b_w26_seed2.txt,Set Cover,100,RelaxGrouping,1000,true,min,3.000000,0.037069,0.008799,0.004386,28301,55625,675,true
set_cover_n100_m75_d0.05_b_w26_seed2.txt,Set Cover,100,RelaxGrouping,20000,true,min,3.000000,4.289753,2.045514,0.134375,177710,298463,6278,true
set_cover_n100_m75_d0.5_b_w26_seed2.txt,Set Cover,100,RelaxGrouping,2000,true,min,3.000000,0.037521,0.009644,0.005680,28301,55625,675,true
set_cover_n100_m75_d0.5_b_w26_seed2.txt,Set Cover,100,RelaxGrouping,5000,true,min,3.000000,0.038105,0.010347,0.006402,28301,55625,675,true
set_cover_n100_m75_d0.5_b_w26_seed2.txt,Set Cover,100,RelaxGrouping,10000,true,min,3.000000,0.040891,0.014687,0.008857,28301,55625,675,true
set_cover_n100_m75_d0.5_b_w26_seed2.txt,Set Cover,100,RelaxGrouping,20000,true,min,3.000000,0.041008,0.015212,0.008852,28301,55625,675,true
set_cover_n100_m75_d0.05_b_w26_seed2.txt,Set Cover,100,RelaxGrouping,20000,false,min,3.000000,4.450061,na,0.445076,946147,1540083,19983,true
set_cover_n100_m75_d0.5_b_w26_seed2.txt,Set Cover,100,RelaxGrouping,500,false,min,2.000000,0.031278,na,0.005836,22327,43827,499,true
set_cover_n100_m75_d0.5_b_w26_seed2.txt,Set Cover,100,RelaxGrouping,1000,false,min,3.000000,0.038788,na,0.008131,28301,55625,675,true
set_cover_n100_m75_d0.5_b_w26_seed2.txt,Set Cover,100,RelaxGrouping,5000,false,min,3.000000,0.038502,na,0.007097,28301,55625,675,true
set_cover_n100_m75_d0.5_b_w26_seed2.txt,Set Cover,100,RelaxGrouping,2000,false,min,3.000000,0.039038,na,0.007321,28301,55625,675,true
set_cover_n100_m75_d0.5_b_w26_seed2.txt,Set Cover,100,RelaxGrouping,20000,false,min,3.000000,0.037916,na,0.006575,28301,55625,675,true
set_cover_n100_m75_d0.5_b_w26_seed2.txt,Set Cover,100,RelaxGrouping,10000,false,min,3.000000,0.037899,na,0.008171,28301,55625,675,true
set_cover_n100_m75_d0.05_b_w26_seed3.txt,Set Cover,100,RelaxGrouping,500,true,min,2.000000,0.063739,0.015720,0.004019,10392,16884,275,true
set_cover_n100_m75_d0.05_b_w26_seed3.txt,Set Cover,100,RelaxGrouping,1000,true,min,3.000000,0.118014,0.040935,0.008113,18646,30173,524,true
set_cover_n100_m75_d0.05_b_w26_seed3.txt,Set Cover,100,RelaxGrouping,2000,true,min,3.000000,0.254988,0.101486,0.014877,29948,48438,958,true
set_cover_n100_m75_d0.05_b_w26_seed3.txt,Set Cover,100,RelaxGrouping,5000,true,min,3.000000,0.732457,0.307816,0.038876,60424,99875,2111,true
set_cover_n100_m75_d0.05_b_w26_seed3.txt,Set Cover,100,RelaxGrouping,500,false,min,2.000000,0.067323,na,0.006906,28499,46907,496,true
set_cover_n100_m75_d0.05_b_w26_seed3.txt,Set Cover,100,RelaxGrouping,1000,false,min,3.000000,0.130510,na,0.015934,54284,88879,993,true
set_cover_n100_m75_d0.05_b_w26_seed3.txt,Set Cover,100,RelaxGrouping,10000,true,min,3.000000,1.748661,0.751667,0.063432,83670,140937,2439,true
set_cover_n100_m75_d0.05_b_w26_seed3.txt,Set Cover,100,RelaxGrouping,2000,false,min,3.000000,0.261875,na,0.028219,103258,170192,1984,true
set_cover_n100_m75_d0.05_b_w26_seed3.txt,Set Cover,100,RelaxGrouping,5000,false,min,3.000000,0.723682,na,0.084471,242506,400824,4986,true
set_cover_n100_m75_d0.05_b_w26_seed3.txt,Set Cover,100,RelaxGrouping,10000,false,min,3.000000,1.735160,na,0.179287,434306,730755,9978,true
set_cover_n100_m75_d0.5_b_w26_seed3.txt,Set Cover,100,RelaxGrouping,500,true,min,2.000000,0.033039,0.009595,0.006464,21761,42750,499,true
set_cover_n100_m75_d0.05_b_w26_seed3.txt,Set Cover,100,RelaxGrouping,20000,true,min,4.000000,4.193011,1.899421,0.148045,176266,294234,5080,true
set_cover_n100_m75_d0.5_b_w26_seed3.txt,Set Cover,100,RelaxGrouping,1000,true,min,3.000000,0.038453,0.012767,0.007992,28301,55625,675,true
set_cover_n100_m75_d0.5_b_w26_seed3.txt,Set Cover,100,RelaxGrouping,2000,true,min,3.000000,0.038833,0.011039,0.006362,28301,55625,675,true
set_cover_n100_m75_d0.5_b_w26_seed3.txt,Set Cover,100,RelaxGrouping,5000,true,min,3.000000,0.039137,0.011835,0.006826,28301,55625,675,true
set_cover_n100_m75_d0.5_b_w26_seed3.txt,Set Cover,100,RelaxGrouping,10000,true,min,3.000000,0.041263,0.013118,0.006368,28301,55625,675,true
set_cover_n100_m75_d0.5_b_w26_seed3.txt,Set Cover,100,RelaxGrouping,20000,true,min,3.000000,0.041192,0.012900,0.006946,28301,55625,675,true
set_cover_n100_m75_d0.05_b_w26_seed3.txt,Set Cover,100,RelaxGrouping,20000,false,min,4.000000,3.948070,na,0.409693,890146,1471777,19994,true
set_cover_n100_m75_d0.5_b_w26_seed3.txt,Set Cover,100,RelaxGrouping,500,false,min,2.000000,0.032643,na,0.005171,22327,43827,499,true
set_cover_n100_m75_d0.5_b_w26_seed3.txt,Set Cover,100,RelaxGrouping,1000,false,min,3.000000,0.038540,na,0.005654,28301,55625,675,true
set_cover_n100_m75_d0.5_b_w26_seed3.txt,Set Cover,100,RelaxGrouping,2000,false,min,3.000000,0.038475,na,0.006428,28301,55625,675,true
set_cover_n100_m75_d0.5_b_w26_seed3.txt,Set Cover,100,RelaxGrouping,5000,false,min,3.000000,0.036834,na,0.008406,28301,55625,675,true
set_cover_n100_m75_d0.5_b_w26_seed3.txt,Set Cover,100,RelaxGrouping,10000,false,min,3.000000,0.040157,na,0.008134,28301,55625,675,true
set_cover_n100_m75_d0.5_b_w26_seed3.txt,Set Cover,100,RelaxGrouping,20000,false,min,3.000000,0.038492,na,0.008886,28301,55625,675,true
set_cover_n100_m75_d0.05_b_w26_seed4.txt,Set Cover,100,RelaxGrouping,500,true,min,2.000000,0.061481,0.015765,0.004244,7026,11729,174,true
set_cover_n100_m75_d0.05_b_w26_seed4.txt,Set Cover,100,RelaxGrouping,1000,true,min,2.000000,0.122347,0.041340,0.005636,10939,18290,323,true
set_cover_n100_m75_d0.05_b_w26_seed4.txt,Set Cover,100,RelaxGrouping,2000,true,min,2.000000,0.258130,0.103910,0.012350,19532,32505,464,true
set_cover_n100_m75_d0.05_b_w26_seed4.txt,Set Cover,100,RelaxGrouping,5000,true,min,3.000000,0.742047,0.324608,0.030290,44572,73056,1290,true
set_cover_n100_m75_d0.05_b_w26_seed4.txt,Set Cover,100,RelaxGrouping,500,false,min,2.000000,0.062506,na,0.008300,26059,43683,496,true
set_cover_n100_m75_d0.05_b_w26_seed4.txt,Set Cover,100,RelaxGrouping,1000,false,min,2.000000,0.122055,na,0.013391,51070,85498,992,true
set_cover_n100_m75_d0.05_b_w26_seed4.txt,Set Cover,100,RelaxGrouping,10000,true,min,3.000000,1.755426,0.736075,0.049795,72625,121649,2058,true
set_cover_n100_m75_d0.05_b_w26_seed4.txt,Set Cover,100,RelaxGrouping,2000,false,min,2.000000,0.262297,na,0.028970,101722,168903,1986,true
set_cover_n100_m75_d0.05_b_w26_seed4.txt,Set Cover,100,RelaxGrouping,5000,false,min,3.000000,0.758229,na,0.086895,255437,419890,4990,true
set_cover_n100_m75_d0.05_b_w26_seed4.txt,Set Cover,100,RelaxGrouping,10000,false,min,3.000000,1.817874,na,0.202354,485719,800426,9875,true
set_cover_n100_m75_d0.5_b_w26_seed4.txt,Set Cover,100,RelaxGrouping,500,true,min,2.000000,0.033186,0.010719,0.005452,21761,42750,499,true
set_cover_n100_m75_d0.5_b_w26_seed4.txt,Set Cover,100,RelaxGrouping,1000,true,min,3.000000,0.038763,0.009181,0.004615,28301,55625,675,true
set_cover_n100_m75_d0.05_b_w26_seed4.txt,Set Cover,100,RelaxGrouping,20000,true,min,3.000000,4.330584,2.047675,0.096688,121728,207519,3228,true
set_cover_n100_m75_d0.5_b_w26_seed4.txt,Set Cover,100,RelaxGrouping,2000,true,min,3.000000,0.037582,0.011584,0.007138,28301,55625,675,true
set_cover_n100_m75_d0.5_b_w26_seed4.txt,Set Cover,100,RelaxGrouping,5000,true,min,3.000000,0.037397,0.011718,0.007426,28301,55625,675,true
set_cover_n100_m75_d0.5_b_w26_seed4.txt,Set Cover,100,RelaxGrouping,10000,true,min,3.000000,0.039669,0.009700,0.004884,28301,55625,675,true
set_cover_n100_m75_d0.5_b_w26_seed4.txt,Set Cover,100,RelaxGrouping,20000,true,min,3.000000,0.039555,0.009560,0.005008,28301,55625,675,true
set_cover_n100_m75_d0.05_b_w26_seed4.txt,Set Cover,100,RelaxGrouping,20000,false,min,3.000000,4.306933,na,0.427927,929270,1542800,19944,true
set_cover_n100_m75_d0.5_b_w26_seed4.txt,Set Cover,100,RelaxGrouping,500,false,min,2.000000,0.031695,na,0.005237,22327,43827,499,true
set_cover_n100_m75_d0.5_b_w26_seed4.txt,Set Cover,100,RelaxGrouping,1000,false,min,3.000000,0.039336,na,0.006855,28301,55625,675,true
set_cover_n100_m75_d0.5_b_w26_seed4.txt,Set Cover,100,RelaxGrouping,2000,false,min,3.000000,0.038217,na,0.006738,28301,55625,675,true
set_cover_n100_m75_d0.5_b_w26_seed4.txt,Set Cover,100,RelaxGrouping,5000,false,min,3.000000,0.039634,na,0.006768,28301,55625,675,true
set_cover_n100_m75_d0.5_b_w26_seed4.txt,Set Cover,100,RelaxGrouping,10000,false,min,3.000000,0.039155,na,0.006984,28301,55625,675,true
set_cover_n100_m75_d0.5_b_w26_seed4.txt,Set Cover,100,RelaxGrouping,20000,false,min,3.000000,0.039129,na,0.006844,28301,55625,675,true
set_cover_n100_m75_d0.15_b_w26_seed1.txt,Set Cover,100,RelaxGrouping,500,true,min,2.000000,0.081299,0.023104,0.006110,11247,21244,264,true
set_cover_n100_m75_d0.15_b_w26_seed1.txt,Set Cover,100,RelaxGrouping,1000,true,min,2.000000,0.156700,0.045633,0.007108,18501,35107,501,true
set_cover_n100_m75_d0.15_b_w26_seed1.txt,Set Cover,100,RelaxGrouping,2000,true,min,2.000000,0.302282,0.134483,0.017575,30189,57380,770,true
set_cover_n100_m75_d0.15_b_w26_seed1.txt,Set Cover,100,RelaxGrouping,500,false,min,2.000000,0.089253,na,0.011440,34248,63952,497,true
set_cover_n100_m75_d0.15_b_w26_seed1.txt,Set Cover,100,RelaxGrouping,1000,false,min,2.000000,0.168826,na,0.019617,63906,119835,999,true
set_cover_n100_m75_d0.15_b_w26_seed1.txt,Set Cover,100,RelaxGrouping,5000,true,min,2.000000,0.816393,0.387186,0.043041,63220,121058,1468,true
set_cover_n100_m75_d0.15_b_w26_seed1.txt,Set Cover,100,RelaxGrouping,10000,true,min,2.000000,1.960084,0.986983,0.071134,101868,195982,2669,true
set_cover_n100_m75_d0.15_b_w26_seed1.txt,Set Cover,100,RelaxGrouping,2000,false,min,2.000000,0.316340,na,0.033528,118855,222850,1987,true
set_cover_n100_m75_d0.15_b_w26_seed1.txt,Set Cover,100,RelaxGrouping,5000,false,min,2.000000,0.812368,na,0.097593,276316,520028,4963,true
set_cover_n100_m75_d0.15_b_w26_seed1.txt,Set Cover,100,RelaxGrouping,10000,false,min,2.000000,1.937398,na,0.227027,508715,960763,9978,true
set_cover_n100_m75_d0.15_b_w26_seed2.txt,Set Cover,100,RelaxGrouping,500,true,min,2.000000,0.082282,0.027256,0.004943,8596,16065,222,true
set_cover_n100_m75_d0.15_b_w26_seed2.txt,Set Cover,100,RelaxGrouping,1000,true,min,2.000000,0.149719,0.053832,0.008665,16291,30346,421,true
set_cover_n100_m75_d0.15_b_w26_seed1.txt,Set Cover,100,RelaxGrouping,20000,true,min,2.000000,4.636473,2.222781,0.159943,179070,345911,5288,true
set_cover_n100_m75_d0.15_b_w26_seed2.txt,Set Cover,100,RelaxGrouping,2000,true,min,2.000000,0.302040,0.127194,0.014691,24196,45398,657,true
set_cover_n100_m75_d0.15_b_w26_seed2.txt,Set Cover,100,RelaxGrouping,5000,true,min,2.000000,0.824850,0.391823,0.034086,52561,98588,1409,true
set_cover_n100_m75_d0.15_b_w26_seed2.txt,Set Cover,100,RelaxGrouping,500,false,min,2.000000,0.081804,na,0.009323,32635,60351,499,true
set_cover_n100_m75_d0.15_b_w26_seed1.txt,Set Cover,100,RelaxGrouping,20000,false,min,2.000000,4.562504,na,0.469164,959964,1816040,19993,true
set_cover_n100_m75_d0.15_b_w26_seed2.txt,Set Cover,100,RelaxGrouping,1000,false,min,2.000000,0.152725,na,0.019392,62522,116411,994,true
set_cover_n100_m75_d0.15_b_w26_seed2.txt,Set Cover,100,RelaxGrouping,10000,true,min,2.000000,2.095325,1.079327,0.082692,108105,203367,2991,true
set_cover_n100_m75_d0.15_b_w26_seed2.txt,Set Cover,100,RelaxGrouping,2000,false,min,2.000000,0.313463,na,0.035954,120590,224858,1991,true
set_cover_n100_m75_d0.15_b_w26_seed2.txt,Set Cover,100,RelaxGrouping,5000,false,min,2.000000,0.814599,na,0.101378,290225,540269,4986,true
set_cover_n100_m75_d0.15_b_w26_seed3.txt,Set Cover,100,RelaxGrouping,500,true,min,2.000000,0.085009,0.027807,0.005542,10576,19817,261,true
set_cover_n100_m75_d0.15_b_w26_seed2.txt,Set Cover,100,RelaxGrouping,10000,false,min,2.000000,2.077480,na,0.231649,561107,1045921,9982,true
set_cover_n100_m75_d0.15_b_w26_seed3.txt,Set Cover,100,RelaxGrouping,1000,true,min,2.000000,0.163142,0.057822,0.010441,16783,31687,405,true
set_cover_n100_m75_d0.15_b_w26_seed3.txt,Set Cover,100,RelaxGrouping,2000,true,min,2.000000,0.329217,0.140007,0.019835,29574,56001,671,true
set_cover_n100_m75_d0.15_b_w26_seed2.txt,Set Cover,100,RelaxGrouping,20000,true,min,2.000000,5.007830,2.542304,0.163915,186829,353032,5563,true
set_cover_n100_m75_d0.15_b_w26_seed3.txt,Set Cover,100,RelaxGrouping,500,false,min,2.000000,0.087103,na,0.009843,33608,62388,499,true
set_cover_n100_m75_d0.15_b_w26_seed2.txt,Set Cover,100,RelaxGrouping,20000,false,min,2.000000,4.827822,na,0.519345,1046961,1953648,19972,true
set_cover_n100_m75_d0.15_b_w26_seed3.txt,Set Cover,100,RelaxGrouping,5000,true,min,2.000000,0.862592,0.451721,0.043040,64486,122321,1960,true
set_cover_n100_m75_d0.15_b_w26_seed3.txt,Set Cover,100,RelaxGrouping,10000,true,min,2.000000,1.964029,0.966496,0.080109,108505,205417,3617,true
set_cover_n100_m75_d0.15_b_w26_seed3.txt,Set Cover,100,RelaxGrouping,1000,false,min,2.000000,0.163083,na,0.013725,63576,118222,996,true
set_cover_n100_m75_d0.15_b_w26_seed3.txt,Set Cover,100,RelaxGrouping,2000,false,min,2.000000,0.327106,na,0.034632,122946,229427,1992,true
set_cover_n100_m75_d0.15_b_w26_seed4.txt,Set Cover,100,RelaxGrouping,500,true,min,2.000000,0.085395,0.026118,0.004672,9850,17957,251,true
set_cover_n100_m75_d0.15_b_w26_seed3.txt,Set Cover,100,RelaxGrouping,5000,false,min,2.000000,0.863997,na,0.104268,294462,549680,4983,true
set_cover_n100_m75_d0.15_b_w26_seed3.txt,Set Cover,100,RelaxGrouping,20000,true,min,2.000000,4.653484,2.195364,0.175869,209055,399333,5932,true
set_cover_n100_m75_d0.15_b_w26_seed3.txt,Set Cover,100,RelaxGrouping,10000,false,min,2.000000,1.841804,na,0.220253,537323,1001899,9983,true
set_cover_n100_m75_d0.15_b_w26_seed4.txt,Set Cover,100,RelaxGrouping,1000,true,min,2.000000,0.157419,0.054078,0.007397,16591,30524,484,true
set_cover_n100_m75_d0.15_b_w26_seed4.txt,Set Cover,100,RelaxGrouping,2000,true,min,2.000000,0.322244,0.132803,0.018710,30263,55654,1013,true
set_cover_n100_m75_d0.15_b_w26_seed3.txt,Set Cover,100,RelaxGrouping,20000,false,min,2.000000,4.517904,na,0.475286,1019916,1902117,19989,true
set_cover_n100_m75_d0.15_b_w26_seed4.txt,Set Cover,100,RelaxGrouping,500,false,min,2.000000,0.082046,na,0.010919,32764,60730,498,true
set_cover_n100_m75_d0.15_b_w26_seed4.txt,Set Cover,100,RelaxGrouping,5000,true,min,2.000000,0.860614,0.406288,0.044685,66207,122481,1813,true
set_cover_n100_m75_d0.15_b_w26_seed4.txt,Set Cover,100,RelaxGrouping,10000,true,min,2.000000,2.089892,0.954001,0.088888,113945,211257,2818,true
set_cover_n100_m75_d0.15_b_w26_seed4.txt,Set Cover,100,RelaxGrouping,1000,false,min,2.000000,0.156783,na,0.018990,61874,115234,993,true
set_cover_n100_m75_d0.15_b_w26_seed4.txt,Set Cover,100,RelaxGrouping,2000,false,min,2.000000,0.316201,na,0.034027,123388,228628,1987,true
set_cover_n100_m75_d0.15_b_w26_seed4.txt,Set Cover,100,RelaxGrouping,5000,false,min,2.000000,0.802926,na,0.101113,290426,539795,4970,true
set_cover_n100_m75_d0.25_b_w26_seed1.txt,Set Cover,100,RelaxGrouping,500,true,min,2.000000,0.043541,0.015233,0.004480,10229,19881,223,true
set_cover_n100_m75_d0.25_b_w26_seed1.txt,Set Cover,100,RelaxGrouping,1000,true,min,2.000000,0.079010,0.032751,0.008563,16261,31704,438,true
set_cover_n100_m75_d0.15_b_w26_seed4.txt,Set Cover,100,RelaxGrouping,20000,true,min,2.000000,4.610229,2.416647,0.176283,206530,387149,5501,true
set_cover_n100_m75_d0.25_b_w26_seed1.txt,Set Cover,100,RelaxGrouping,2000,true,min,2.000000,0.154573,0.077733,0.015442,31763,62000,1087,true
set_cover_n100_m75_d0.15_b_w26_seed4.txt,Set Cover,100,RelaxGrouping,10000,false,min,2.000000,2.186602,na,0.243516,549786,1025194,9978,true
set_cover_n100_m75_d0.25_b_w26_seed1.txt,Set Cover,100,RelaxGrouping,5000,true,min,3.000000,0.311251,0.166851,0.030521,57557,112987,1939,true
set_cover_n100_m75_d0.25_b_w26_seed1.txt,Set Cover,100,RelaxGrouping,500,false,min,2.000000,0.043728,na,0.008222,23463,45552,496,true
set_cover_n100_m75_d0.25_b_w26_seed1.txt,Set Cover,100,RelaxGrouping,10000,true,min,3.000000,0.500154,0.323883,0.046436,79817,157026,3006,true
set_cover_n100_m75_d0.25_b_w26_seed1.txt,Set Cover,100,RelaxGrouping,1000,false,min,2.000000,0.080427,na,0.012153,41433,80499,996,true
set_cover_n100_m75_d0.15_b_w26_seed4.txt,Set Cover,100,RelaxGrouping,20000,false,min,2.000000,4.938535,na,0.531934,1044358,1950520,19969,true
set_cover_n100_m75_d0.25_b_w26_seed1.txt,Set Cover,100,RelaxGrouping,20000,true,min,3.000000,0.701321,0.577041,0.054676,114074,225435,4979,true
set_cover_n100_m75_d0.25_b_w26_seed1.txt,Set Cover,100,RelaxGrouping,2000,false,min,2.000000,0.148389,na,0.018637,79281,154065,1990,true
set_cover_n100_m75_d0.25_b_w26_seed1.txt,Set Cover,100,RelaxGrouping,5000,false,min,3.000000,0.302877,na,0.041335,149415,289077,4973,true
set_cover_n100_m75_d0.25_b_w26_seed1.txt,Set Cover,100,RelaxGrouping,10000,false,min,3.000000,0.487315,na,0.071790,233531,448285,9991,true
set_cover_n100_m75_d0.25_b_w26_seed1.txt,Set Cover,100,RelaxGrouping,20000,false,min,3.000000,0.738883,na,0.112064,326146,623830,19709,true
set_cover_n100_m75_d0.25_b_w26_seed2.txt,Set Cover,100,RelaxGrouping,500,true,min,2.000000,0.040702,0.010023,0.002973,10977,21401,215,true
set_cover_n100_m75_d0.25_b_w26_seed2.txt,Set Cover,100,RelaxGrouping,1000,true,min,2.000000,0.074892,0.028513,0.005412,18154,35542,439,true
set_cover_n100_m75_d0.25_b_w26_seed2.txt,Set Cover,100,RelaxGrouping,2000,true,min,2.000000,0.138426,0.067619,0.016202,34011,66499,1136,true
set_cover_n100_m75_d0.25_b_w26_seed2.txt,Set Cover,100,RelaxGrouping,5000,true,min,3.000000,0.271577,0.150373,0.032968,61355,120273,2140,true
set_cover_n100_m75_d0.25_b_w26_seed2.txt,Set Cover,100,RelaxGrouping,10000,true,min,3.000000,0.428484,0.270003,0.050151,93768,184158,4005,true
set_cover_n100_m75_d0.25_b_w26_seed2.txt,Set Cover,100,RelaxGrouping,20000,true,min,3.000000,0.566367,0.385516,0.057128,117991,232543,5156,true
set_cover_n100_m75_d0.25_b_w26_seed2.txt,Set Cover,100,RelaxGrouping,500,false,min,2.000000,0.042670,na,0.007025,23998,46571,495,true
set_cover_n100_m75_d0.25_b_w26_seed2.txt,Set Cover,100,RelaxGrouping,1000,false,min,2.000000,0.076892,na,0.012108,41242,80080,992,true
set_cover_n100_m75_d0.25_b_w26_seed2.txt,Set Cover,100,RelaxGrouping,2000,false,min,2.000000,0.148638,na,0.021225,75762,146920,1986,true
set_cover_n100_m75_d0.25_b_w26_seed3.txt,Set Cover,100,RelaxGrouping,500,true,min,2.000000,0.045289,0.017845,0.005521,10638,20825,250,true
set_cover_n100_m75_d0.25_b_w26_seed3.txt,Set Cover,100,RelaxGrouping,1000,true,min,2.000000,0.083128,0.034723,0.008729,16080,31519,463,true
set_cover_n100_m75_d0.25_b_w26_seed2.txt,Set Cover,100,RelaxGrouping,5000,false,min,3.000000,0.303800,na,0.037186,143112,276271,4995,true
set_cover_n100_m75_d0.25_b_w26_seed2.txt,Set Cover,100,RelaxGrouping,10000,false,min,3.000000,0.463254,na,0.062757,213507,408774,9996,true
set_cover_n100_m75_d0.25_b_w26_seed2.txt,Set Cover,100,RelaxGrouping,20000,false,min,3.000000,0.583210,na,0.086859,285650,543017,19244,true
set_cover_n100_m75_d0.25_b_w26_seed3.txt,Set Cover,100,RelaxGrouping,500,false,min,2.000000,0.047244,na,0.006618,23431,45460,495,true
set_cover_n100_m75_d0.25_b_w26_seed3.txt,Set Cover,100,RelaxGrouping,2000,true,min,2.000000,0.151197,0.076584,0.015470,30961,60565,915,true
set_cover_n100_m75_d0.25_b_w26_seed3.txt,Set Cover,100,RelaxGrouping,5000,true,min,3.000000,0.328840,0.173232,0.033276,59237,116294,2127,true
set_cover_n100_m75_d0.25_b_w26_seed3.txt,Set Cover,100,RelaxGrouping,10000,true,min,3.000000,0.525772,0.333033,0.050392,87399,172477,3517,true
set_cover_n100_m75_d0.25_b_w26_seed3.txt,Set Cover,100,RelaxGrouping,20000,true,min,3.000000,0.774210,0.535146,0.059960,127339,252172,5850,true
set_cover_n100_m75_d0.25_b_w26_seed3.txt,Set Cover,100,RelaxGrouping,1000,false,min,2.000000,0.076780,na,0.010608,41318,80214,991,true
set_cover_n100_m75_d0.25_b_w26_seed3.txt,Set Cover,100,RelaxGrouping,2000,false,min,2.000000,0.146450,na,0.012808,76765,148975,1989,true
set_cover_n100_m75_d0.25_b_w26_seed3.txt,Set Cover,100,RelaxGrouping,5000,false,min,3.000000,0.295437,na,0.042182,150394,291261,4988,true
set_cover_n100_m75_d0.25_b_w26_seed3.txt,Set Cover,100,RelaxGrouping,10000,false,min,3.000000,0.525549,na,0.072382,235906,454650,9948,true
set_cover_n100_m75_d0.25_b_w26_seed3.txt,Set Cover,100,RelaxGrouping,20000,false,min,3.000000,0.771327,na,0.108618,330905,635429,19910,true
set_cover_n100_m75_d0.25_b_w26_seed4.txt,Set Cover,100,RelaxGrouping,500,true,min,2.000000,0.044799,0.017423,0.005107,11359,22218,304,true
set_cover_n100_m75_d0.25_b_w26_seed4.txt,Set Cover,100,RelaxGrouping,1000,true,min,2.000000,0.078548,0.030951,0.006966,17385,34019,524,true
set_cover_n100_m75_d0.25_b_w26_seed4.txt,Set Cover,100,RelaxGrouping,2000,true,min,2.000000,0.158695,0.074086,0.014998,33956,66186,1167,true
set_cover_n100_m75_d0.25_b_w26_seed4.txt,Set Cover,100,RelaxGrouping,5000,true,min,3.000000,0.266455,0.134672,0.020521,54936,107579,1978,true
set_cover_n100_m75_d0.25_b_w26_seed4.txt,Set Cover,100,RelaxGrouping,500,false,min,2.000000,0.045371,na,0.008260,24128,46980,492,true
set_cover_n100_m75_d0.25_b_w26_seed4.txt,Set Cover,100,RelaxGrouping,1000,false,min,2.000000,0.079945,na,0.012741,42214,82356,995,true
set_cover_n100_m75_d0.25_b_w26_seed4.txt,Set Cover,100,RelaxGrouping,10000,true,min,3.000000,0.499326,0.319579,0.052028,83917,165362,3071,true
set_cover_n100_m75_d0.25_b_w26_seed4.txt,Set Cover,100,RelaxGrouping,2000,false,min,2.000000,0.153149,na,0.015221,80431,156780,1994,true
set_cover_n100_m75_d0.25_b_w26_seed4.txt,Set Cover,100,RelaxGrouping,20000,true,min,3.000000,0.696983,0.518754,0.074034,136463,270121,6190,true
set_cover_n100_m75_d0.25_b_w26_seed4.txt,Set Cover,100,RelaxGrouping,5000,false,min,3.000000,0.265082,na,0.039708,144504,281176,4979,true
set_cover_n100_m75_d0.25_b_w26_seed4.txt,Set Cover,100,RelaxGrouping,10000,false,min,3.000000,0.450032,na,0.070954,225164,438169,9980,true
set_cover_n100_m75_d0.35_b_w26_seed1.txt,Set Cover,100,RelaxGrouping,500,true,min,2.000000,0.030380,0.007351,0.004247,21761,42750,499,true
set_cover_n100_m75_d0.35_b_w26_seed1.txt,Set Cover,100,RelaxGrouping,1000,true,min,3.000000,0.039464,0.009825,0.005611,28301,55625,675,true
set_cover_n100_m75_d0.25_b_w26_seed4.txt,Set Cover,100,RelaxGrouping,20000,false,min,3.000000,0.635625,na,0.099024,310259,597528,19979,true
set_cover_n100_m75_d0.35_b_w26_seed1.txt,Set Cover,100,RelaxGrouping,5000,true,min,3.000000,0.038232,0.010036,0.005026,28301,55625,675,true
set_cover_n100_m75_d0.35_b_w26_seed1.txt,Set Cover,100,RelaxGrouping,2000,true,min,3.000000,0.038128,0.009668,0.005086,28301,55625,675,true
set_cover_n100_m75_d0.35_b_w26_seed1.txt,Set Cover,100,RelaxGrouping,10000,true,min,3.000000,0.038662,0.011340,0.007151,28301,55625,675,true
set_cover_n100_m75_d0.35_b_w26_seed1.txt,Set Cover,100,RelaxGrouping,20000,true,min,3.000000,0.038432,0.011626,0.008624,28301,55625,675,true
set_cover_n100_m75_d0.35_b_w26_seed1.txt,Set Cover,100,RelaxGrouping,500,false,min,2.000000,0.030553,na,0.004403,22327,43827,499,true
set_cover_n100_m75_d0.35_b_w26_seed1.txt,Set Cover,100,RelaxGrouping,1000,false,min,3.000000,0.037352,na,0.007673,28301,55625,675,true
set_cover_n100_m75_d0.35_b_w26_seed1.txt,Set Cover,100,RelaxGrouping,2000,false,min,3.000000,0.040520,na,0.007661,28301,55625,675,true
set_cover_n100_m75_d0.35_b_w26_seed1.txt,Set Cover,100,RelaxGrouping,5000,false,min,3.000000,0.039280,na,0.006802,28301,55625,675,true
set_cover_n100_m75_d0.35_b_w26_seed1.txt,Set Cover,100,RelaxGrouping,10000,false,min,3.000000,0.041114,na,0.006816,28301,55625,675,true
set_cover_n100_m75_d0.35_b_w26_seed1.txt,Set Cover,100,RelaxGrouping,20000,false,min,3.000000,0.039155,na,0.009089,28301,55625,675,true
set_cover_n100_m75_d0.35_b_w26_seed2.txt,Set Cover,100,RelaxGrouping,500,true,min,2.000000,0.033192,0.011238,0.008375,21761,42750,499,true
set_cover_n100_m75_d0.35_b_w26_seed2.txt,Set Cover,100,RelaxGrouping,1000,true,min,3.000000,0.040895,0.015033,0.008890,28301,55625,675,true
set_cover_n100_m75_d0.35_b_w26_seed2.txt,Set Cover,100,RelaxGrouping,2000,true,min,3.000000,0.039397,0.011192,0.005512,28301,55625,675,true
set_cover_n100_m75_d0.35_b_w26_seed2.txt,Set Cover,100,RelaxGrouping,5000,true,min,3.000000,0.037669,0.011245,0.005885,28301,55625,675,true
set_cover_n100_m75_d0.35_b_w26_seed2.txt,Set Cover,100,RelaxGrouping,500,false,min,2.000000,0.031448,na,0.004227,22327,43827,499,true
set_cover_n100_m75_d0.35_b_w26_seed2.txt,Set Cover,100,RelaxGrouping,10000,true,min,3.000000,0.037193,0.009439,0.005537,28301,55625,675,true
set_cover_n100_m75_d0.35_b_w26_seed2.txt,Set Cover,100,RelaxGrouping,20000,true,min,3.000000,0.038841,0.009704,0.005874,28301,55625,675,true
set_cover_n100_m75_d0.35_b_w26_seed2.txt,Set Cover,100,RelaxGrouping,1000,false,min,3.000000,0.035043,na,0.004663,28301,55625,675,true
set_cover_n100_m75_d0.35_b_w26_seed2.txt,Set Cover,100,RelaxGrouping,2000,false,min,3.000000,0.034991,na,0.004580,28301,55625,675,true
set_cover_n100_m75_d0.35_b_w26_seed2.txt,Set Cover,100,RelaxGrouping,5000,false,min,3.000000,0.039604,na,0.007424,28301,55625,675,true
set_cover_n100_m75_d0.35_b_w26_seed2.txt,Set Cover,100,RelaxGrouping,10000,false,min,3.000000,0.038023,na,0.008492,28301,55625,675,true
set_cover_n100_m75_d0.35_b_w26_seed2.txt,Set Cover,100,RelaxGrouping,20000,false,min,3.000000,0.039710,na,0.007470,28301,55625,675,true
set_cover_n100_m75_d0.35_b_w26_seed3.txt,Set Cover,100,RelaxGrouping,500,true,min,2.000000,0.030169,0.007310,0.006299,21761,42750,499,true
set_cover_n100_m75_d0.35_b_w26_seed3.txt,Set Cover,100,RelaxGrouping,1000,true,min,3.000000,0.038994,0.010460,0.004779,28301,55625,675,true
set_cover_n100_m75_d0.35_b_w26_seed3.txt,Set Cover,100,RelaxGrouping,2000,true,min,3.000000,0.038325,0.012327,0.006675,28301,55625,675,true
set_cover_n100_m75_d0.35_b_w26_seed3.txt,Set Cover,100,RelaxGrouping,5000,true,min,3.000000,0.039924,0.012497,0.006713,28301,55625,675,true
set_cover_n100_m75_d0.35_b_w26_seed3.txt,Set Cover,100,RelaxGrouping,10000,true,min,3.000000,0.038352,0.012916,0.006915,28301,55625,675,true
set_cover_n100_m75_d0.35_b_w26_seed3.txt,Set Cover,100,RelaxGrouping,500,false,min,2.000000,0.031875,na,0.006731,22327,43827,499,true
set_cover_n100_m75_d0.35_b_w26_seed3.txt,Set Cover,100,RelaxGrouping,20000,true,min,3.000000,0.039102,0.014383,0.007477,28301,55625,675,true
set_cover_n100_m75_d0.35_b_w26_seed3.txt,Set Cover,100,RelaxGrouping,2000,false,min,3.000000,0.038497,na,0.007314,28301,55625,675,true
set_cover_n100_m75_d0.35_b_w26_seed3.txt,Set Cover,100,RelaxGrouping,1000,false,min,3.000000,0.040469,na,0.007905,28301,55625,675,true
set_cover_n100_m75_d0.35_b_w26_seed3.txt,Set Cover,100,RelaxGrouping,5000,false,min,3.000000,0.038751,na,0.009320,28301,55625,675,true
set_cover_n100_m75_d0.35_b_w26_seed3.txt,Set Cover,100,RelaxGrouping,10000,false,min,3.000000,0.039578,na,0.006562,28301,55625,675,true
set_cover_n100_m75_d0.35_b_w26_seed3.txt,Set Cover,100,RelaxGrouping,20000,false,min,3.000000,0.037686,na,0.008359,28301,55625,675,true
set_cover_n100_m75_d0.35_b_w26_seed4.txt,Set Cover,100,RelaxGrouping,500,true,min,2.000000,0.033033,0.011072,0.006472,21761,42750,499,true
set_cover_n100_m75_d0.35_b_w26_seed4.txt,Set Cover,100,RelaxGrouping,1000,true,min,3.000000,0.041230,0.014473,0.008442,28301,55625,675,true
set_cover_n100_m75_d0.35_b_w26_seed4.txt,Set Cover,100,RelaxGrouping,2000,true,min,3.000000,0.039206,0.014146,0.008474,28301,55625,675,true
set_cover_n100_m75_d0.35_b_w26_seed4.txt,Set Cover,100,RelaxGrouping,5000,true,min,3.000000,0.036762,0.009000,0.005718,28301,55625,675,true
set_cover_n100_m75_d0.35_b_w26_seed4.txt,Set Cover,100,RelaxGrouping,10000,true,min,3.000000,0.036433,0.009858,0.006500,28301,55625,675,true
set_cover_n100_m75_d0.35_b_w26_seed4.txt,Set Cover,100,RelaxGrouping,500,false,min,2.000000,0.031304,na,0.004110,22327,43827,499,true
set_cover_n100_m75_d0.35_b_w26_seed4.txt,Set Cover,100,RelaxGrouping,1000,false,min,3.000000,0.038539,na,0.005448,28301,55625,675,true
set_cover_n100_m75_d0.35_b_w26_seed4.txt,Set Cover,100,RelaxGrouping,20000,true,min,3.000000,0.038716,0.010111,0.005831,28301,55625,675,true
set_cover_n100_m75_d0.35_b_w26_seed4.txt,Set Cover,100,RelaxGrouping,2000,false,min,3.000000,0.039087,na,0.008836,28301,55625,675,true
set_cover_n100_m75_d0.35_b_w26_seed4.txt,Set Cover,100,RelaxGrouping,5000,false,min,3.000000,0.037604,na,0.010393,28301,55625,675,true
set_cover_n100_m75_d0.35_b_w26_seed4.txt,Set Cover,100,RelaxGrouping,10000,false,min,3.000000,0.041669,na,0.009356,28301,55625,675,true
set_cover_n100_m75_d0.35_b_w26_seed4.txt,Set Cover,100,RelaxGrouping,20000,false,min,3.000000,0.039854,na,0.009663,28301,55625,675,true
set_cover_n100_m75_d0.45_b_w26_seed1.txt,Set Cover,100,RelaxGrouping,500,true,min,2.000000,0.032355,0.011705,0.006836,21761,42750,499,true
set_cover_n100_m75_d0.45_b_w26_seed1.txt,Set Cover,100,RelaxGrouping,1000,true,min,3.000000,0.038139,0.013516,0.006036,28301,55625,675,true
set_cover_n100_m75_d0.45_b_w26_seed1.txt,Set Cover,100,RelaxGrouping,2000,true,min,3.000000,0.040022,0.013922,0.006354,28301,55625,675,true
set_cover_n100_m75_d0.45_b_w26_seed1.txt,Set Cover,100,RelaxGrouping,5000,true,min,3.000000,0.038961,0.014452,0.008603,28301,55625,675,true
set_cover_n100_m75_d0.45_b_w26_seed1.txt,Set Cover,100,RelaxGrouping,10000,true,min,3.000000,0.039195,0.014612,0.008536,28301,55625,675,true
set_cover_n100_m75_d0.45_b_w26_seed1.txt,Set Cover,100,RelaxGrouping,20000,true,min,3.000000,0.041158,0.014237,0.008347,28301,55625,675,true
set_cover_n100_m75_d0.45_b_w26_seed1.txt,Set Cover,100,RelaxGrouping,500,false,min,2.000000,0.031803,na,0.006122,22327,43827,499,true
set_cover_n100_m75_d0.45_b_w26_seed1.txt,Set Cover,100,RelaxGrouping,1000,false,min,3.000000,0.039921,na,0.007843,28301,55625,675,true
set_cover_n100_m75_d0.45_b_w26_seed1.txt,Set Cover,100,RelaxGrouping,2000,false,min,3.000000,0.039477,na,0.008298,28301,55625,675,true
set_cover_n100_m75_d0.45_b_w26_seed1.txt,Set Cover,100,RelaxGrouping,5000,false,min,3.000000,0.041292,na,0.009116,28301,55625,675,true
set_cover_n100_m75_d0.45_b_w26_seed1.txt,Set Cover,100,RelaxGrouping,10000,false,min,3.000000,0.039696,na,0.010523,28301,55625,675,true
set_cover_n100_m75_d0.45_b_w26_seed1.txt,Set Cover,100,RelaxGrouping,20000,false,min,3.000000,0.037023,na,0.005105,28301,55625,675,true
set_cover_n100_m75_d0.45_b_w26_seed2.txt,Set Cover,100,RelaxGrouping,500,true,min,2.000000,0.031464,0.006935,0.003720,21761,42750,499,true
set_cover_n100_m75_d0.45_b_w26_seed2.txt,Set Cover,100,RelaxGrouping,1000,true,min,3.000000,0.039099,0.011437,0.005971,28301,55625,675,true
set_cover_n100_m75_d0.45_b_w26_seed2.txt,Set Cover,100,RelaxGrouping,2000,true,min,3.000000,0.039513,0.011769,0.006477,28301,55625,675,true
set_cover_n100_m75_d0.45_b_w26_seed2.txt,Set Cover,100,RelaxGrouping,5000,true,min,3.000000,0.039974,0.012050,0.008446,28301,55625,675,true
set_cover_n100_m75_d0.45_b_w26_seed2.txt,Set Cover,100,RelaxGrouping,10000,true,min,3.000000,0.038261,0.010354,0.004430,28301,55625,675,true
set_cover_n100_m75_d0.45_b_w26_seed2.txt,Set Cover,100,RelaxGrouping,20000,true,min,3.000000,0.039792,0.009573,0.004578,28301,55625,675,true
set_cover_n100_m75_d0.45_b_w26_seed2.txt,Set Cover,100,RelaxGrouping,500,false,min,2.000000,0.030944,na,0.005563,22327,43827,499,true
set_cover_n100_m75_d0.45_b_w26_seed2.txt,Set Cover,100,RelaxGrouping,1000,false,min,3.000000,0.040638,na,0.007591,28301,55625,675,true
set_cover_n100_m75_d0.45_b_w26_seed2.txt,Set Cover,100,RelaxGrouping,2000,false,min,3.000000,0.040972,na,0.007394,28301,55625,675,true
set_cover_n100_m75_d0.45_b_w26_seed2.txt,Set Cover,100,RelaxGrouping,5000,false,min,3.000000,0.038894,na,0.008369,28301,55625,675,true
set_cover_n100_m75_d0.45_b_w26_seed2.txt,Set Cover,100,RelaxGrouping,10000,false,min,3.000000,0.040594,na,0.008503,28301,55625,675,true
set_cover_n100_m75_d0.45_b_w26_seed2.txt,Set Cover,100,RelaxGrouping,20000,false,min,3.000000,0.038624,na,0.005747,28301,55625,675,true
set_cover_n100_m75_d0.45_b_w26_seed3.txt,Set Cover,100,RelaxGrouping,500,true,min,2.000000,0.032764,0.008920,0.005430,21761,42750,499,true
set_cover_n100_m75_d0.45_b_w26_seed3.txt,Set Cover,100,RelaxGrouping,1000,true,min,3.000000,0.038437,0.011934,0.006927,28301,55625,675,true
set_cover_n100_m75_d0.45_b_w26_seed3.txt,Set Cover,100,RelaxGrouping,2000,true,min,3.000000,0.037252,0.011906,0.006192,28301,55625,675,true
set_cover_n100_m75_d0.45_b_w26_seed3.txt,Set Cover,100,RelaxGrouping,5000,true,min,3.000000,0.039033,0.011906,0.006209,28301,55625,675,true
set_cover_n100_m75_d0.45_b_w26_seed3.txt,Set Cover,100,RelaxGrouping,500,false,min,2.000000,0.031202,na,0.006458,22327,43827,499,true
set_cover_n100_m75_d0.45_b_w26_seed3.txt,Set Cover,100,RelaxGrouping,10000,true,min,3.000000,0.040612,0.013706,0.006735,28301,55625,675,true
set_cover_n100_m75_d0.45_b_w26_seed3.txt,Set Cover,100,RelaxGrouping,20000,true,min,3.000000,0.041138,0.013756,0.006498,28301,55625,675,true
set_cover_n100_m75_d0.45_b_w26_seed3.txt,Set Cover,100,RelaxGrouping,1000,false,min,3.000000,0.040227,na,0.008281,28301,55625,675,true
set_cover_n100_m75_d0.45_b_w26_seed3.txt,Set Cover,100,RelaxGrouping,2000,false,min,3.000000,0.038847,na,0.008756,28301,55625,675,true
set_cover_n100_m75_d0.45_b_w26_seed3.txt,Set Cover,100,RelaxGrouping,5000,false,min,3.000000,0.038720,na,0.006954,28301,55625,675,true
set_cover_n100_m75_d0.45_b_w26_seed3.txt,Set Cover,100,RelaxGrouping,10000,false,min,3.000000,0.037129,na,0.009578,28301,55625,675,true
set_cover_n100_m75_d0.45_b_w26_seed3.txt,Set Cover,100,RelaxGrouping,20000,false,min,3.000000,0.037298,na,0.009039,28301,55625,675,true
set_cover_n100_m75_d0.45_b_w26_seed4.txt,Set Cover,100,RelaxGrouping,500,true,min,2.000000,0.030907,0.011415,0.006857,21761,42750,499,true
set_cover_n100_m75_d0.45_b_w26_seed4.txt,Set Cover,100,RelaxGrouping,1000,true,min,3.000000,0.038577,0.014135,0.008614,28301,55625,675,true
set_cover_n100_m75_d0.45_b_w26_seed4.txt,Set Cover,100,RelaxGrouping,2000,true,min,3.000000,0.041056,0.013916,0.007668,28301,55625,675,true
set_cover_n100_m75_d0.45_b_w26_seed4.txt,Set Cover,100,RelaxGrouping,10000,true,min,3.000000,0.039286,0.014448,0.008215,28301,55625,675,true
set_cover_n100_m75_d0.45_b_w26_seed4.txt,Set Cover,100,RelaxGrouping,5000,true,min,3.000000,0.039614,0.014169,0.008344,28301,55625,675,true
set_cover_n100_m75_d0.45_b_w26_seed4.txt,Set Cover,100,RelaxGrouping,500,false,min,2.000000,0.028780,na,0.003608,22327,43827,499,true
set_cover_n100_m75_d0.45_b_w26_seed4.txt,Set Cover,100,RelaxGrouping,20000,true,min,3.000000,0.037008,0.007839,0.003911,28301,55625,675,true
set_cover_n100_m75_d0.45_b_w26_seed4.txt,Set Cover,100,RelaxGrouping,1000,false,min,3.000000,0.038100,na,0.007109,28301,55625,675,true
set_cover_n100_m75_d0.45_b_w26_seed4.txt,Set Cover,100,RelaxGrouping,2000,false,min,3.000000,0.036442,na,0.009162,28301,55625,675,true
set_cover_n100_m75_d0.45_b_w26_seed4.txt,Set Cover,100,RelaxGrouping,5000,false,min,3.000000,0.038987,na,0.007397,28301,55625,675,true
set_cover_n100_m75_d0.45_b_w26_seed4.txt,Set Cover,100,RelaxGrouping,10000,false,min,3.000000,0.037859,na,0.004750,28301,55625,675,true
set_cover_n100_m75_d0.45_b_w26_seed4.txt,Set Cover,100,RelaxGrouping,20000,false,min,3.000000,0.038095,na,0.005586,28301,55625,675,true
set_cover_n100_m78_d0.1_b_w23_seed1.txt,Set Cover,100,RelaxGrouping,500,true,min,2.000000,0.079731,0.020321,0.003210,6941,12689,207,true
set_cover_n100_m78_d0.1_b_w23_seed1.txt,Set Cover,100,RelaxGrouping,1000,true,min,2.000000,0.153519,0.051479,0.008649,11749,21593,366,true
set_cover_n100_m78_d0.1_b_w23_seed1.txt,Set Cover,100,RelaxGrouping,2000,true,min,2.000000,0.310483,0.121991,0.010675,20007,36887,689,true
set_cover_n100_m78_d0.1_b_w23_seed1.txt,Set Cover,100,RelaxGrouping,500,false,min,2.000000,0.081508,na,0.010134,30506,55754,496,true
set_cover_n100_m78_d0.1_b_w23_seed1.txt,Set Cover,100,RelaxGrouping,1000,false,min,2.000000,0.159700,na,0.018670,57956,105991,996,true
set_cover_n100_m78_d0.1_b_w23_seed1.txt,Set Cover,100,RelaxGrouping,5000,true,min,2.000000,0.899548,0.407852,0.037747,51896,97549,1958,true
set_cover_n100_m78_d0.1_b_w23_seed1.txt,Set Cover,100,RelaxGrouping,10000,true,min,2.000000,2.214220,0.837593,0.064396,81027,152770,2922,true
set_cover_n100_m78_d0.1_b_w23_seed1.txt,Set Cover,100,RelaxGrouping,2000,false,min,2.000000,0.328921,na,0.031566,110107,202361,1990,true
set_cover_n100_m78_d0.1_b_w23_seed1.txt,Set Cover,100,RelaxGrouping,5000,false,min,2.000000,0.928620,na,0.098600,265647,488048,4970,true
set_cover_n100_m78_d0.1_b_w23_seed2.txt,Set Cover,100,RelaxGrouping,500,true,min,2.000000,0.084633,0.025789,0.005027,8685,15658,218,true
set_cover_n100_m78_d0.1_b_w23_seed1.txt,Set Cover,100,RelaxGrouping,10000,false,min,2.000000,2.317082,na,0.225597,508291,936426,9963,true
set_cover_n100_m78_d0.1_b_w23_seed2.txt,Set Cover,100,RelaxGrouping,1000,true,min,2.000000,0.157170,0.051811,0.006649,14190,25716,390,true
set_cover_n100_m78_d0.1_b_w23_seed2.txt,Set Cover,100,RelaxGrouping,2000,true,min,2.000000,0.326411,0.130153,0.013751,22904,41547,669,true
set_cover_n100_m78_d0.1_b_w23_seed1.txt,Set Cover,100,RelaxGrouping,20000,true,min,3.000000,5.415354,2.500221,0.139605,155440,294385,6883,true
set_cover_n100_m78_d0.1_b_w23_seed2.txt,Set Cover,100,RelaxGrouping,5000,true,min,2.000000,0.990654,0.408517,0.035555,50359,91544,1433,true
set_cover_n100_m78_d0.1_b_w23_seed1.txt,Set Cover,100,RelaxGrouping,20000,false,min,3.000000,5.423522,na,0.503579,989073,1823034,19990,true
set_cover_n100_m78_d0.1_b_w23_seed2.txt,Set Cover,100,RelaxGrouping,500,false,min,2.000000,0.082450,na,0.008288,30983,55978,500,true
set_cover_n100_m78_d0.1_b_w23_seed2.txt,Set Cover,100,RelaxGrouping,1000,false,min,2.000000,0.168845,na,0.018235,60058,108916,997,true
set_cover_n100_m78_d0.1_b_w23_seed2.txt,Set Cover,100,RelaxGrouping,10000,true,min,2.000000,2.444020,1.092720,0.076924,94423,173061,2697,true
set_cover_n100_m78_d0.1_b_w23_seed2.txt,Set Cover,100,RelaxGrouping,2000,false,min,2.000000,0.335333,na,0.037006,116296,211405,1984,true
set_cover_n100_m78_d0.1_b_w23_seed2.txt,Set Cover,100,RelaxGrouping,5000,false,min,2.000000,0.966831,na,0.105641,280550,510358,4980,true
set_cover_n100_m78_d0.1_b_w23_seed3.txt,Set Cover,100,RelaxGrouping,500,true,min,2.000000,0.087084,0.026385,0.007089,14539,26778,307,true
set_cover_n100_m78_d0.1_b_w23_seed2.txt,Set Cover,100,RelaxGrouping,10000,false,min,2.000000,2.544218,na,0.240503,554275,1006693,9971,true
set_cover_n100_m78_d0.1_b_w23_seed3.txt,Set Cover,100,RelaxGrouping,1000,true,min,2.000000,0.168476,0.055651,0.008719,21466,39144,443,true
set_cover_n100_m78_d0.1_b_w23_seed2.txt,Set Cover,100,RelaxGrouping,20000,true,min,2.000000,5.638746,2.599512,0.127444,146028,265492,4223,true
set_cover_n100_m78_d0.1_b_w23_seed3.txt,Set Cover,100,RelaxGrouping,2000,true,min,2.000000,0.339380,0.133605,0.016395,35234,64088,757,true
set_cover_n100_m78_d0.1_b_w23_seed3.txt,Set Cover,100,RelaxGrouping,500,false,min,2.000000,0.087251,na,0.008940,32994,59886,493,true
set_cover_n100_m78_d0.1_b_w23_seed3.txt,Set Cover,100,RelaxGrouping,5000,true,min,2.000000,0.970417,0.405509,0.046304,67051,123220,1553,true
set_cover_n100_m78_d0.1_b_w23_seed2.txt,Set Cover,100,RelaxGrouping,20000,false,min,2.000000,5.623105,na,0.530563,1064455,1943064,19957,true
set_cover_n100_m78_d0.1_b_w23_seed3.txt,Set Cover,100,RelaxGrouping,1000,false,min,2.000000,0.173580,na,0.018881,64133,116275,991,true
set_cover_n100_m78_d0.1_b_w23_seed3.txt,Set Cover,100,RelaxGrouping,10000,true,min,2.000000,2.284906,1.150915,0.092492,113801,209657,3178,true
set_cover_n100_m78_d0.1_b_w23_seed3.txt,Set Cover,100,RelaxGrouping,2000,false,min,2.000000,0.361317,na,0.038456,124142,226024,1989,true
set_cover_n100_m78_d0.1_b_w23_seed3.txt,Set Cover,100,RelaxGrouping,5000,false,min,2.000000,1.046034,na,0.108642,291639,534398,4980,true
set_cover_n100_m78_d0.1_b_w23_seed4.txt,Set Cover,100,RelaxGrouping,500,true,min,2.000000,0.091307,0.028306,0.005749,10668,19062,229,true
set_cover_n100_m78_d0.1_b_w23_seed3.txt,Set Cover,100,RelaxGrouping,10000,false,min,2.000000,2.451929,na,0.240944,553524,1024091,9983,true
set_cover_n100_m78_d0.1_b_w23_seed4.txt,Set Cover,100,RelaxGrouping,1000,true,min,2.000000,0.178515,0.058401,0.009589,18778,33888,420,true
set_cover_n100_m78_d0.1_b_w23_seed4.txt,Set Cover,100,RelaxGrouping,2000,true,min,2.000000,0.361658,0.138219,0.017612,31553,56947,704,true
set_cover_n100_m78_d0.1_b_w23_seed3.txt,Set Cover,100,RelaxGrouping,20000,true,min,2.000000,5.726221,2.674718,0.191706,192522,357101,5066,true
set_cover_n100_m78_d0.1_b_w23_seed3.txt,Set Cover,100,RelaxGrouping,20000,false,min,2.000000,5.639777,na,0.528654,1072837,1975273,19971,true
set_cover_n100_m78_d0.1_b_w23_seed4.txt,Set Cover,100,RelaxGrouping,500,false,min,2.000000,0.091463,na,0.011717,34406,62001,495,true
set_cover_n100_m78_d0.1_b_w23_seed4.txt,Set Cover,100,RelaxGrouping,5000,true,min,2.000000,0.882567,0.443961,0.042577,63124,115659,1643,true
set_cover_n100_m78_d0.1_b_w23_seed4.txt,Set Cover,100,RelaxGrouping,1000,false,min,2.000000,0.172978,na,0.019249,65645,118279,988,true
set_cover_n100_m78_d0.1_b_w23_seed4.txt,Set Cover,100,RelaxGrouping,10000,true,min,3.000000,2.391526,1.046895,0.073584,94436,176321,2723,true
set_cover_n100_m78_d0.1_b_w23_seed4.txt,Set Cover,100,RelaxGrouping,2000,false,min,2.000000,0.355176,na,0.032417,126955,228786,1985,true
set_cover_n100_m78_d0.1_b_w23_seed4.txt,Set Cover,100,RelaxGrouping,5000,false,min,2.000000,0.933278,na,0.100596,299180,540649,4972,true
set_cover_n100_m78_d0.2_b_w23_seed1.txt,Set Cover,100,RelaxGrouping,500,true,min,2.000000,0.065302,0.025213,0.007703,12890,24917,326,true
set_cover_n100_m78_d0.2_b_w23_seed1.txt,Set Cover,100,RelaxGrouping,1000,true,min,2.000000,0.113840,0.045335,0.010220,20308,39498,541,true
set_cover_n100_m78_d0.2_b_w23_seed1.txt,Set Cover,100,RelaxGrouping,2000,true,min,2.000000,0.202788,0.090807,0.014977,28077,54656,676,true
set_cover_n100_m78_d0.1_b_w23_seed4.txt,Set Cover,100,RelaxGrouping,10000,false,min,3.000000,2.307592,na,0.249723,571875,1039242,9981,true
set_cover_n100_m78_d0.1_b_w23_seed4.txt,Set Cover,100,RelaxGrouping,20000,true,min,3.000000,5.578557,2.539637,0.147891,156322,294315,5857,true
set_cover_n100_m78_d0.2_b_w23_seed1.txt,Set Cover,100,RelaxGrouping,5000,true,min,2.000000,0.520961,0.247073,0.038805,62736,121544,1885,true
set_cover_n100_m78_d0.2_b_w23_seed1.txt,Set Cover,100,RelaxGrouping,500,false,min,2.000000,0.064561,na,0.008203,31456,60486,498,true
set_cover_n100_m78_d0.2_b_w23_seed1.txt,Set Cover,100,RelaxGrouping,10000,true,min,2.000000,1.008941,0.608818,0.070167,99250,192058,3338,true
set_cover_n100_m78_d0.1_b_w23_seed4.txt,Set Cover,100,RelaxGrouping,20000,false,min,3.000000,5.448278,na,0.549191,1059473,1935130,19941,true
set_cover_n100_m78_d0.2_b_w23_seed1.txt,Set Cover,100,RelaxGrouping,1000,false,min,2.000000,0.115973,na,0.015197,54576,105405,987,true
set_cover_n100_m78_d0.2_b_w23_seed1.txt,Set Cover,100,RelaxGrouping,2000,false,min,2.000000,0.214278,na,0.023895,92567,179518,1984,true
set_cover_n100_m78_d0.2_b_w23_seed1.txt,Set Cover,100,RelaxGrouping,5000,false,min,2.000000,0.532885,na,0.066250,206712,399946,4966,true
set_cover_n100_m78_d0.2_b_w23_seed1.txt,Set Cover,100,RelaxGrouping,20000,true,min,3.000000,2.375104,1.288522,0.132286,173025,336250,6801,true
set_cover_n100_m78_d0.2_b_w23_seed2.txt,Set Cover,100,RelaxGrouping,500,true,min,2.000000,0.069445,0.024602,0.006845,13235,25635,336,true
set_cover_n100_m78_d0.2_b_w23_seed1.txt,Set Cover,100,RelaxGrouping,10000,false,min,2.000000,1.124081,na,0.141668,366869,709815,9919,true
set_cover_n100_m78_d0.2_b_w23_seed2.txt,Set Cover,100,RelaxGrouping,1000,true,min,2.000000,0.110298,0.034588,0.004936,16241,31610,439,true
set_cover_n100_m78_d0.2_b_w23_seed1.txt,Set Cover,100,RelaxGrouping,20000,false,min,3.000000,1.991904,na,0.279184,658848,1271330,19979,true
set_cover_n100_m78_d0.2_b_w23_seed2.txt,Set Cover,100,RelaxGrouping,2000,true,min,2.000000,0.220898,0.099381,0.014287,24375,47535,656,true
set_cover_n100_m78_d0.2_b_w23_seed2.txt,Set Cover,100,RelaxGrouping,5000,true,min,2.000000,0.589226,0.317682,0.035202,55910,108014,1625,true
set_cover_n100_m78_d0.2_b_w23_seed2.txt,Set Cover,100,RelaxGrouping,10000,true,min,3.000000,1.301920,0.731063,0.070516,100181,194070,3208,true
set_cover_n100_m78_d0.2_b_w23_seed2.txt,Set Cover,100,RelaxGrouping,500,false,min,2.000000,0.068680,na,0.007748,31518,60631,491,true
set_cover_n100_m78_d0.2_b_w23_seed2.txt,Set Cover,100,RelaxGrouping,1000,false,min,2.000000,0.114646,na,0.012852,52367,101217,989,true
set_cover_n100_m78_d0.2_b_w23_seed2.txt,Set Cover,100,RelaxGrouping,2000,false,min,2.000000,0.218477,na,0.030031,94540,182983,1989,true
set_cover_n100_m78_d0.2_b_w23_seed2.txt,Set Cover,100,RelaxGrouping,5000,false,min,2.000000,0.610377,na,0.075617,223020,429102,4992,true
set_cover_n100_m78_d0.2_b_w23_seed3.txt,Set Cover,100,RelaxGrouping,500,true,min,2.000000,0.058651,0.019596,0.005461,10946,21404,280,true
set_cover_n100_m78_d0.2_b_w23_seed2.txt,Set Cover,100,RelaxGrouping,20000,true,min,3.000000,2.851209,1.640991,0.149823,185011,360534,6636,true
set_cover_n100_m78_d0.2_b_w23_seed2.txt,Set Cover,100,RelaxGrouping,10000,false,min,3.000000,1.362247,na,0.167662,411587,792931,9990,true
set_cover_n100_m78_d0.2_b_w23_seed3.txt,Set Cover,100,RelaxGrouping,1000,true,min,2.000000,0.109311,0.042833,0.009166,17774,34835,506,true
set_cover_n100_m78_d0.2_b_w23_seed2.txt,Set Cover,100,RelaxGrouping,20000,false,min,3.000000,2.890313,na,0.326099,756134,1461637,19956,true
set_cover_n100_m78_d0.2_b_w23_seed3.txt,Set Cover,100,RelaxGrouping,2000,true,min,2.000000,0.206162,0.092564,0.016867,29463,57627,966,true
set_cover_n100_m78_d0.2_b_w23_seed3.txt,Set Cover,100,RelaxGrouping,5000,true,min,3.000000,0.587995,0.314049,0.037401,60254,118458,2025,true
set_cover_n100_m78_d0.2_b_w23_seed3.txt,Set Cover,100,RelaxGrouping,500,false,min,2.000000,0.062540,na,0.008475,28349,54590,492,true
set_cover_n100_m78_d0.2_b_w23_seed3.txt,Set Cover,100,RelaxGrouping,1000,false,min,2.000000,0.112048,na,0.014970,53390,102788,995,true
set_cover_n100_m78_d0.2_b_w23_seed3.txt,Set Cover,100,RelaxGrouping,10000,true,min,3.000000,1.311098,0.706102,0.067353,97440,191869,3685,true
set_cover_n100_m78_d0.2_b_w23_seed3.txt,Set Cover,100,RelaxGrouping,2000,false,min,2.000000,0.223210,na,0.029419,100329,192694,1987,true
set_cover_n100_m78_d0.2_b_w23_seed3.txt,Set Cover,100,RelaxGrouping,5000,false,min,3.000000,0.582120,na,0.074249,230682,442388,4986,true
set_cover_n100_m78_d0.2_b_w23_seed3.txt,Set Cover,100,RelaxGrouping,20000,true,min,3.000000,2.655765,1.498292,0.141060,183577,362043,7521,true
set_cover_n100_m78_d0.2_b_w23_seed3.txt,Set Cover,100,RelaxGrouping,10000,false,min,3.000000,1.292607,na,0.156922,423130,811639,9988,true
set_cover_n100_m78_d0.2_b_w23_seed4.txt,Set Cover,100,RelaxGrouping,500,true,min,2.000000,0.061955,0.022848,0.004731,11068,21327,226,true
set_cover_n100_m78_d0.2_b_w23_seed4.txt,Set Cover,100,RelaxGrouping,1000,true,min,2.000000,0.120878,0.045405,0.008201,16974,32772,339,true
set_cover_n100_m78_d0.2_b_w23_seed4.txt,Set Cover,100,RelaxGrouping,2000,true,min,2.000000,0.231812,0.110282,0.011658,25856,50057,567,true
set_cover_n100_m78_d0.2_b_w23_seed3.txt,Set Cover,100,RelaxGrouping,20000,false,min,3.000000,2.525680,na,0.314849,752696,1440163,19938,true
set_cover_n100_m78_d0.2_b_w23_seed4.txt,Set Cover,100,RelaxGrouping,5000,true,min,2.000000,0.564519,0.301758,0.034866,58269,113032,1632,true
set_cover_n100_m78_d0.2_b_w23_seed4.txt,Set Cover,100,RelaxGrouping,500,false,min,2.000000,0.064013,na,0.007486,30280,57942,489,true
set_cover_n100_m78_d0.2_b_w23_seed4.txt,Set Cover,100,RelaxGrouping,10000,true,min,3.000000,1.233742,0.655001,0.067597,100084,194949,2928,true
set_cover_n100_m78_d0.2_b_w23_seed4.txt,Set Cover,100,RelaxGrouping,1000,false,min,2.000000,0.117982,na,0.012014,55542,106421,994,true
set_cover_n100_m78_d0.2_b_w23_seed4.txt,Set Cover,100,RelaxGrouping,2000,false,min,2.000000,0.233477,na,0.026803,103909,199400,1990,true
set_cover_n100_m78_d0.2_b_w23_seed4.txt,Set Cover,100,RelaxGrouping,5000,false,min,2.000000,0.587336,na,0.078109,228849,440446,4993,true
set_cover_n100_m78_d0.2_b_w23_seed4.txt,Set Cover,100,RelaxGrouping,20000,true,min,3.000000,2.679982,1.533315,0.137643,171980,336792,5813,true
set_cover_n100_m78_d0.3_b_w23_seed1.txt,Set Cover,100,RelaxGrouping,500,true,min,4.000000,0.035987,0.010621,0.007716,25031,49062,499,true
set_cover_n100_m78_d0.2_b_w23_seed4.txt,Set Cover,100,RelaxGrouping,10000,false,min,3.000000,1.294158,na,0.160382,411913,792722,9987,true
set_cover_n100_m78_d0.3_b_w23_seed1.txt,Set Cover,100,RelaxGrouping,2000,true,min,4.000000,0.037632,0.011357,0.005968,25852,50667,529,true
set_cover_n100_m78_d0.3_b_w23_seed1.txt,Set Cover,100,RelaxGrouping,1000,true,min,4.000000,0.035723,0.011378,0.006386,25852,50667,529,true
set_cover_n100_m78_d0.2_b_w23_seed4.txt,Set Cover,100,RelaxGrouping,20000,false,min,3.000000,2.828451,na,0.327607,744536,1436042,19945,true
set_cover_n100_m78_d0.3_b_w23_seed1.txt,Set Cover,100,RelaxGrouping,5000,true,min,4.000000,0.037415,0.010513,0.005433,25852,50667,529,true
set_cover_n100_m78_d0.3_b_w23_seed1.txt,Set Cover,100,RelaxGrouping,10000,true,min,4.000000,0.036121,0.010737,0.006162,25852,50667,529,true
set_cover_n100_m78_d0.3_b_w23_seed1.txt,Set Cover,100,RelaxGrouping,500,false,min,4.000000,0.034224,na,0.005705,25091,49166,500,true
set_cover_n100_m78_d0.3_b_w23_seed1.txt,Set Cover,100,RelaxGrouping,20000,true,min,4.000000,0.036585,0.010067,0.006589,25852,50667,529,true
set_cover_n100_m78_d0.3_b_w23_seed1.txt,Set Cover,100,RelaxGrouping,2000,false,min,4.000000,0.036067,na,0.008228,25852,50667,529,true
set_cover_n100_m78_d0.3_b_w23_seed1.txt,Set Cover,100,RelaxGrouping,1000,false,min,4.000000,0.037811,na,0.007397,25852,50667,529,true
set_cover_n100_m78_d0.3_b_w23_seed1.txt,Set Cover,100,RelaxGrouping,5000,false,min,4.000000,0.036121,na,0.007012,25852,50667,529,true
set_cover_n100_m78_d0.3_b_w23_seed1.txt,Set Cover,100,RelaxGrouping,10000,false,min,4.000000,0.034500,na,0.003716,25852,50667,529,true
set_cover_n100_m78_d0.3_b_w23_seed1.txt,Set Cover,100,RelaxGrouping,20000,false,min,4.000000,0.033351,na,0.003929,25852,50667,529,true
set_cover_n100_m78_d0.3_b_w23_seed2.txt,Set Cover,100,RelaxGrouping,1000,true,min,4.000000,0.037275,0.011925,0.006914,25852,50667,529,true
set_cover_n100_m78_d0.3_b_w23_seed2.txt,Set Cover,100,RelaxGrouping,500,true,min,4.000000,0.036541,0.011821,0.006760,25031,49062,499,true
set_cover_n100_m78_d0.3_b_w23_seed2.txt,Set Cover,100,RelaxGrouping,2000,true,min,4.000000,0.037352,0.012016,0.007056,25852,50667,529,true
set_cover_n100_m78_d0.3_b_w23_seed2.txt,Set Cover,100,RelaxGrouping,10000,true,min,4.000000,0.035071,0.011627,0.004921,25852,50667,529,true
set_cover_n100_m78_d0.3_b_w23_seed2.txt,Set Cover,100,RelaxGrouping,5000,true,min,4.000000,0.036668,0.012173,0.005097,25852,50667,529,true
set_cover_n100_m78_d0.3_b_w23_seed2.txt,Set Cover,100,RelaxGrouping,500,false,min,4.000000,0.033566,na,0.006996,25091,49166,500,true
set_cover_n100_m78_d0.3_b_w23_seed2.txt,Set Cover,100,RelaxGrouping,1000,false,min,4.000000,0.036584,na,0.004948,25852,50667,529,true
set_cover_n100_m78_d0.3_b_w23_seed2.txt,Set Cover,100,RelaxGrouping,20000,true,min,4.000000,0.034216,0.009257,0.005603,25852,50667,529,true
set_cover_n100_m78_d0.3_b_w23_seed2.txt,Set Cover,100,RelaxGrouping,2000,false,min,4.000000,0.035804,na,0.005700,25852,50667,529,true
set_cover_n100_m78_d0.3_b_w23_seed2.txt,Set Cover,100,RelaxGrouping,5000,false,min,4.000000,0.036163,na,0.006834,25852,50667,529,true
set_cover_n100_m78_d0.3_b_w23_seed2.txt,Set Cover,100,RelaxGrouping,20000,false,min,4.000000,0.035984,na,0.005567,25852,50667,529,true
set_cover_n100_m78_d0.3_b_w23_seed2.txt,Set Cover,100,RelaxGrouping,10000,false,min,4.000000,0.036165,na,0.007605,25852,50667,529,true
set_cover_n100_m78_d0.3_b_w23_seed3.txt,Set Cover,100,RelaxGrouping,500,true,min,4.000000,0.033861,0.010910,0.005979,25031,49062,499,true
set_cover_n100_m78_d0.3_b_w23_seed3.txt,Set Cover,100,RelaxGrouping,1000,true,min,4.000000,0.038227,0.012007,0.006737,25852,50667,529,true
set_cover_n100_m78_d0.3_b_w23_seed3.txt,Set Cover,100,RelaxGrouping,2000,true,min,4.000000,0.038041,0.011666,0.006576,25852,50667,529,true
set_cover_n100_m78_d0.3_b_w23_seed3.txt,Set Cover,100,RelaxGrouping,5000,true,min,4.000000,0.037050,0.011773,0.006482,25852,50667,529,true
set_cover_n100_m78_d0.3_b_w23_seed3.txt,Set Cover,100,RelaxGrouping,20000,true,min,4.000000,0.035571,0.012177,0.006685,25852,50667,529,true
set_cover_n100_m78_d0.3_b_w23_seed3.txt,Set Cover,100,RelaxGrouping,10000,true,min,4.000000,0.037462,0.012561,0.008428,25852,50667,529,true
set_cover_n100_m78_d0.3_b_w23_seed3.txt,Set Cover,100,RelaxGrouping,500,false,min,4.000000,0.034989,na,0.007791,25091,49166,500,true
set_cover_n100_m78_d0.3_b_w23_seed3.txt,Set Cover,100,RelaxGrouping,1000,false,min,4.000000,0.037814,na,0.008015,25852,50667,529,true
set_cover_n100_m78_d0.3_b_w23_seed3.txt,Set Cover,100,RelaxGrouping,2000,false,min,4.000000,0.035134,na,0.005037,25852,50667,529,true
set_cover_n100_m78_d0.3_b_w23_seed3.txt,Set Cover,100,RelaxGrouping,5000,false,min,4.000000,0.035155,na,0.005508,25852,50667,529,true
set_cover_n100_m78_d0.3_b_w23_seed3.txt,Set Cover,100,RelaxGrouping,10000,false,min,4.000000,0.036830,na,0.005228,25852,50667,529,true
set_cover_n100_m78_d0.3_b_w23_seed3.txt,Set Cover,100,RelaxGrouping,20000,false,min,4.000000,0.033252,na,0.004247,25852,50667,529,true
set_cover_n100_m78_d0.3_b_w23_seed4.txt,Set Cover,100,RelaxGrouping,500,true,min,4.000000,0.032869,0.009224,0.004568,25031,49062,499,true
set_cover_n100_m78_d0.3_b_w23_seed4.txt,Set Cover,100,RelaxGrouping,2000,true,min,4.000000,0.035815,0.012005,0.006885,25852,50667,529,true
set_cover_n100_m78_d0.3_b_w23_seed4.txt,Set Cover,100,RelaxGrouping,1000,true,min,4.000000,0.037372,0.012350,0.006915,25852,50667,529,true
set_cover_n100_m78_d0.3_b_w23_seed4.txt,Set Cover,100,RelaxGrouping,5000,true,min,4.000000,0.037377,0.012762,0.006857,25852,50667,529,true
set_cover_n100_m78_d0.3_b_w23_seed4.txt,Set Cover,100,RelaxGrouping,10000,true,min,4.000000,0.035537,0.008801,0.004222,25852,50667,529,true
set_cover_n100_m78_d0.3_b_w23_seed4.txt,Set Cover,100,RelaxGrouping,20000,true,min,4.000000,0.035138,0.007944,0.004775,25852,50667,529,true
set_cover_n100_m78_d0.3_b_w23_seed4.txt,Set Cover,100,RelaxGrouping,500,false,min,4.000000,0.034631,na,0.005696,25091,49166,500,true
set_cover_n100_m78_d0.3_b_w23_seed4.txt,Set Cover,100,RelaxGrouping,1000,false,min,4.000000,0.035735,na,0.006545,25852,50667,529,true
set_cover_n100_m78_d0.3_b_w23_seed4.txt,Set Cover,100,RelaxGrouping,2000,false,min,4.000000,0.037905,na,0.007493,25852,50667,529,true
set_cover_n100_m78_d0.3_b_w23_seed4.txt,Set Cover,100,RelaxGrouping,5000,false,min,4.000000,0.035797,na,0.007322,25852,50667,529,true
set_cover_n100_m78_d0.3_b_w23_seed4.txt,Set Cover,100,RelaxGrouping,10000,false,min,4.000000,0.035866,na,0.007268,25852,50667,529,true
set_cover_n100_m78_d0.3_b_w23_seed4.txt,Set Cover,100,RelaxGrouping,20000,false,min,4.000000,0.035752,na,0.007252,25852,50667,529,true
set_cover_n100_m78_d0.4_b_w23_seed1.txt,Set Cover,100,RelaxGrouping,500,true,min,4.000000,0.035131,0.012275,0.006714,25031,49062,499,true
set_cover_n100_m78_d0.4_b_w23_seed1.txt,Set Cover,100,RelaxGrouping,1000,true,min,4.000000,0.037820,0.012698,0.006759,25852,50667,529,true
set_cover_n100_m78_d0.4_b_w23_seed1.txt,Set Cover,100,RelaxGrouping,2000,true,min,4.000000,0.037242,0.012311,0.007020,25852,50667,529,true
set_cover_n100_m78_d0.4_b_w23_seed1.txt,Set Cover,100,RelaxGrouping,5000,true,min,4.000000,0.035863,0.012361,0.006794,25852,50667,529,true
set_cover_n100_m78_d0.4_b_w23_seed1.txt,Set Cover,100,RelaxGrouping,500,false,min,4.000000,0.034533,na,0.005846,25091,49166,500,true
set_cover_n100_m78_d0.4_b_w23_seed1.txt,Set Cover,100,RelaxGrouping,20000,true,min,4.000000,0.036024,0.008982,0.004877,25852,50667,529,true
set_cover_n100_m78_d0.4_b_w23_seed1.txt,Set Cover,100,RelaxGrouping,10000,true,min,4.000000,0.036166,0.009022,0.005290,25852,50667,529,true
set_cover_n100_m78_d0.4_b_w23_seed1.txt,Set Cover,100,RelaxGrouping,1000,false,min,4.000000,0.036261,na,0.007550,25852,50667,529,true
set_cover_n100_m78_d0.4_b_w23_seed1.txt,Set Cover,100,RelaxGrouping,2000,false,min,4.000000,0.037677,na,0.007608,25852,50667,529,true
set_cover_n100_m78_d0.4_b_w23_seed1.txt,Set Cover,100,RelaxGrouping,5000,false,min,4.000000,0.035611,na,0.006295,25852,50667,529,true
set_cover_n100_m78_d0.4_b_w23_seed1.txt,Set Cover,100,RelaxGrouping,10000,false,min,4.000000,0.037327,na,0.006645,25852,50667,529,true
set_cover_n100_m78_d0.4_b_w23_seed1.txt,Set Cover,100,RelaxGrouping,20000,false,min,4.000000,0.037408,na,0.006541,25852,50667,529,true
set_cover_n100_m78_d0.4_b_w23_seed2.txt,Set Cover,100,RelaxGrouping,500,true,min,4.000000,0.035147,0.011228,0.006690,25031,49062,499,true
set_cover_n100_m78_d0.4_b_w23_seed2.txt,Set Cover,100,RelaxGrouping,1000,true,min,4.000000,0.036282,0.011740,0.007148,25852,50667,529,true
set_cover_n100_m78_d0.4_b_w23_seed2.txt,Set Cover,100,RelaxGrouping,2000,true,min,4.000000,0.035030,0.010351,0.004819,25852,50667,529,true
set_cover_n100_m78_d0.4_b_w23_seed2.txt,Set Cover,100,RelaxGrouping,10000,true,min,4.000000,0.036463,0.010250,0.005059,25852,50667,529,true
set_cover_n100_m78_d0.4_b_w23_seed2.txt,Set Cover,100,RelaxGrouping,5000,true,min,4.000000,0.036460,0.010146,0.005164,25852,50667,529,true
set_cover_n100_m78_d0.4_b_w23_seed2.txt,Set Cover,100,RelaxGrouping,500,false,min,4.000000,0.032643,na,0.005017,25091,49166,500,true
set_cover_n100_m78_d0.4_b_w23_seed2.txt,Set Cover,100,RelaxGrouping,20000,true,min,4.000000,0.035232,0.007821,0.003959,25852,50667,529,true
set_cover_n100_m78_d0.4_b_w23_seed2.txt,Set Cover,100,RelaxGrouping,2000,false,min,4.000000,0.036018,na,0.005490,25852,50667,529,true
set_cover_n100_m78_d0.4_b_w23_seed2.txt,Set Cover,100,RelaxGrouping,5000,false,min,4.000000,0.035821,na,0.005551,25852,50667,529,true
set_cover_n100_m78_d0.4_b_w23_seed2.txt,Set Cover,100,RelaxGrouping,1000,false,min,4.000000,0.037280,na,0.005473,25852,50667,529,true
set_cover_n100_m78_d0.4_b_w23_seed2.txt,Set Cover,100,RelaxGrouping,10000,false,min,4.000000,0.035290,na,0.004163,25852,50667,529,true
set_cover_n100_m78_d0.4_b_w23_seed2.txt,Set Cover,100,RelaxGrouping,20000,false,min,4.000000,0.035298,na,0.004141,25852,50667,529,true
set_cover_n100_m78_d0.4_b_w23_seed3.txt,Set Cover,100,RelaxGrouping,500,true,min,4.000000,0.036435,0.011729,0.006182,25031,49062,499,true
set_cover_n100_m78_d0.4_b_w23_seed3.txt,Set Cover,100,RelaxGrouping,1000,true,min,4.000000,0.037221,0.011911,0.007157,25852,50667,529,true
set_cover_n100_m78_d0.4_b_w23_seed3.txt,Set Cover,100,RelaxGrouping,2000,true,min,4.000000,0.035839,0.012590,0.008241,25852,50667,529,true
set_cover_n100_m78_d0.4_b_w23_seed3.txt,Set Cover,100,RelaxGrouping,5000,true,min,4.000000,0.035875,0.012664,0.006991,25852,50667,529,true
set_cover_n100_m78_d0.4_b_w23_seed3.txt,Set Cover,100,RelaxGrouping,10000,true,min,4.000000,0.037318,0.012471,0.007177,25852,50667,529,true
set_cover_n100_m78_d0.4_b_w23_seed3.txt,Set Cover,100,RelaxGrouping,1000,false,min,4.000000,0.037024,na,0.005934,25852,50667,529,true
set_cover_n100_m78_d0.4_b_w23_seed3.txt,Set Cover,100,RelaxGrouping,500,false,min,4.000000,0.036453,na,0.006640,25091,49166,500,true
set_cover_n100_m78_d0.4_b_w23_seed3.txt,Set Cover,100,RelaxGrouping,20000,true,min,4.000000,0.035629,0.010657,0.005911,25852,50667,529,true
set_cover_n100_m78_d0.4_b_w23_seed3.txt,Set Cover,100,RelaxGrouping,2000,false,min,4.000000,0.036808,na,0.005291,25852,50667,529,true
set_cover_n100_m78_d0.4_b_w23_seed3.txt,Set Cover,100,RelaxGrouping,5000,false,min,4.000000,0.036783,na,0.005784,25852,50667,529,true
set_cover_n100_m78_d0.4_b_w23_seed3.txt,Set Cover,100,RelaxGrouping,20000,false,min,4.000000,0.033789,na,0.005424,25852,50667,529,true
set_cover_n100_m78_d0.4_b_w23_seed3.txt,Set Cover,100,RelaxGrouping,10000,false,min,4.000000,0.033964,na,0.007954,25852,50667,529,true
set_cover_n100_m78_d0.4_b_w23_seed4.txt,Set Cover,100,RelaxGrouping,500,true,min,4.000000,0.033428,0.008567,0.004437,25031,49062,499,true
set_cover_n100_m78_d0.4_b_w23_seed4.txt,Set Cover,100,RelaxGrouping,1000,true,min,4.000000,0.035086,0.011984,0.004789,25852,50667,529,true
set_cover_n100_m78_d0.4_b_w23_seed4.txt,Set Cover,100,RelaxGrouping,2000,true,min,4.000000,0.036865,0.012273,0.005631,25852,50667,529,true
set_cover_n100_m78_d0.4_b_w23_seed4.txt,Set Cover,100,RelaxGrouping,5000,true,min,4.000000,0.033740,0.008471,0.004640,25852,50667,529,true
set_cover_n100_m78_d0.4_b_w23_seed4.txt,Set Cover,100,RelaxGrouping,10000,true,min,4.000000,0.033858,0.008544,0.004556,25852,50667,529,true
set_cover_n100_m78_d0.4_b_w23_seed4.txt,Set Cover,100,RelaxGrouping,20000,true,min,4.000000,0.032208,0.009126,0.005990,25852,50667,529,true
set_cover_n100_m78_d0.4_b_w23_seed4.txt,Set Cover,100,RelaxGrouping,500,false,min,4.000000,0.032280,na,0.004391,25091,49166,500,true
set_cover_n100_m78_d0.4_b_w23_seed4.txt,Set Cover,100,RelaxGrouping,1000,false,min,4.000000,0.034697,na,0.004724,25852,50667,529,true
set_cover_n100_m78_d0.4_b_w23_seed4.txt,Set Cover,100,RelaxGrouping,2000,false,min,4.000000,0.034903,na,0.005643,25852,50667,529,true
set_cover_n100_m78_d0.4_b_w23_seed4.txt,Set Cover,100,RelaxGrouping,10000,false,min,4.000000,0.035082,na,0.006843,25852,50667,529,true
set_cover_n100_m78_d0.4_b_w23_seed4.txt,Set Cover,100,RelaxGrouping,5000,false,min,4.000000,0.036723,na,0.008117,25852,50667,529,true
set_cover_n100_m78_d0.4_b_w23_seed4.txt,Set Cover,100,RelaxGrouping,20000,false,min,4.000000,0.034659,na,0.005660,25852,50667,529,true
set_cover_n100_m78_d0.05_b_w23_seed1.txt,Set Cover,100,RelaxGrouping,500,true,min,2.000000,0.057041,0.012913,0.002348,8721,14449,254,true
set_cover_n100_m78_d0.05_b_w23_seed1.txt,Set Cover,100,RelaxGrouping,1000,true,min,3.000000,0.126856,0.041646,0.005585,14877,24597,388,true
set_cover_n100_m78_d0.05_b_w23_seed1.txt,Set Cover,100,RelaxGrouping,2000,true,min,3.000000,0.258975,0.100091,0.011136,22162,37161,652,true
set_cover_n100_m78_d0.05_b_w23_seed1.txt,Set Cover,100,RelaxGrouping,5000,true,min,3.000000,0.695491,0.272025,0.025208,44549,74716,1235,true
set_cover_n100_m78_d0.05_b_w23_seed1.txt,Set Cover,100,RelaxGrouping,500,false,min,2.000000,0.061673,na,0.006087,26142,44368,495,true
set_cover_n100_m78_d0.05_b_w23_seed1.txt,Set Cover,100,RelaxGrouping,1000,false,min,3.000000,0.126685,na,0.015393,51458,86794,998,true
set_cover_n100_m78_d0.05_b_w23_seed1.txt,Set Cover,100,RelaxGrouping,10000,true,min,3.000000,1.560151,0.736961,0.059148,83673,139911,2666,true
set_cover_n100_m78_d0.05_b_w23_seed1.txt,Set Cover,100,RelaxGrouping,2000,false,min,3.000000,0.248434,na,0.021931,97316,165623,1993,true
set_cover_n100_m78_d0.05_b_w23_seed1.txt,Set Cover,100,RelaxGrouping,5000,false,min,3.000000,0.740713,na,0.079087,227166,386710,4975,true
set_cover_n100_m78_d0.5_b_w23_seed1.txt,Set Cover,100,RelaxGrouping,500,true,min,4.000000,0.035381,0.011273,0.006265,25031,49062,499,true
set_cover_n100_m78_d0.05_b_w23_seed1.txt,Set Cover,100,RelaxGrouping,10000,false,min,3.000000,1.857693,na,0.192350,458817,772865,9991,true
set_cover_n100_m78_d0.05_b_w23_seed1.txt,Set Cover,100,RelaxGrouping,20000,true,min,4.000000,4.111860,1.974927,0.116798,149054,256408,5316,true
set_cover_n100_m78_d0.5_b_w23_seed1.txt,Set Cover,100,RelaxGrouping,1000,true,min,4.000000,0.037154,0.010055,0.006316,25852,50667,529,true
set_cover_n100_m78_d0.5_b_w23_seed1.txt,Set Cover,100,RelaxGrouping,2000,true,min,4.000000,0.037178,0.011325,0.006926,25852,50667,529,true
set_cover_n100_m78_d0.5_b_w23_seed1.txt,Set Cover,100,RelaxGrouping,5000,true,min,4.000000,0.037021,0.011253,0.005247,25852,50667,529,true
set_cover_n100_m78_d0.5_b_w23_seed1.txt,Set Cover,100,RelaxGrouping,500,false,min,4.000000,0.038106,na,0.007228,25091,49166,500,true
set_cover_n100_m78_d0.5_b_w23_seed1.txt,Set Cover,100,RelaxGrouping,10000,true,min,4.000000,0.038543,0.012624,0.007504,25852,50667,529,true
set_cover_n100_m78_d0.5_b_w23_seed1.txt,Set Cover,100,RelaxGrouping,20000,true,min,4.000000,0.038444,0.012775,0.007521,25852,50667,529,true
set_cover_n100_m78_d0.05_b_w23_seed1.txt,Set Cover,100,RelaxGrouping,20000,false,min,4.000000,4.016549,na,0.415981,864308,1469878,19800,true
set_cover_n100_m78_d0.5_b_w23_seed1.txt,Set Cover,100,RelaxGrouping,1000,false,min,4.000000,0.034806,na,0.004219,25852,50667,529,true
set_cover_n100_m78_d0.5_b_w23_seed1.txt,Set Cover,100,RelaxGrouping,5000,false,min,4.000000,0.035354,na,0.007489,25852,50667,529,true
set_cover_n100_m78_d0.5_b_w23_seed1.txt,Set Cover,100,RelaxGrouping,2000,false,min,4.000000,0.037235,na,0.008214,25852,50667,529,true
set_cover_n100_m78_d0.5_b_w23_seed1.txt,Set Cover,100,RelaxGrouping,10000,false,min,4.000000,0.037233,na,0.007317,25852,50667,529,true
set_cover_n100_m78_d0.5_b_w23_seed1.txt,Set Cover,100,RelaxGrouping,20000,false,min,4.000000,0.036187,na,0.005847,25852,50667,529,true
set_cover_n100_m78_d0.05_b_w23_seed2.txt,Set Cover,100,RelaxGrouping,500,true,min,3.000000,0.070212,0.021803,0.003635,9948,15932,222,true
set_cover_n100_m78_d0.05_b_w23_seed2.txt,Set Cover,100,RelaxGrouping,1000,true,min,3.000000,0.139096,0.044644,0.009735,20019,31351,530,true
set_cover_n100_m78_d0.05_b_w23_seed2.txt,Set Cover,100,RelaxGrouping,2000,true,min,3.000000,0.274974,0.106761,0.018380,36917,57270,1199,true
set_cover_n100_m78_d0.05_b_w23_seed2.txt,Set Cover,100,RelaxGrouping,5000,true,min,3.000000,0.787975,0.327378,0.046254,75735,117572,2396,true
set_cover_n100_m78_d0.05_b_w23_seed2.txt,Set Cover,100,RelaxGrouping,500,false,min,3.000000,0.072074,na,0.007552,29385,49492,497,true
set_cover_n100_m78_d0.05_b_w23_seed2.txt,Set Cover,100,RelaxGrouping,1000,false,min,3.000000,0.143847,na,0.015323,58480,97777,994,true
set_cover_n100_m78_d0.05_b_w23_seed2.txt,Set Cover,100,RelaxGrouping,2000,false,min,3.000000,0.278276,na,0.030152,111336,186206,1995,true
set_cover_n100_m78_d0.05_b_w23_seed2.txt,Set Cover,100,RelaxGrouping,10000,true,min,4.000000,1.903203,0.896120,0.079639,111495,179169,2991,true
set_cover_n100_m78_d0.05_b_w23_seed2.txt,Set Cover,100,RelaxGrouping,5000,false,min,3.000000,0.829304,na,0.085737,266970,449734,4981,true
set_cover_n100_m78_d0.05_b_w23_seed2.txt,Set Cover,100,RelaxGrouping,10000,false,min,4.000000,1.884009,na,0.217233,512773,860791,9983,true
set_cover_n100_m78_d0.5_b_w23_seed2.txt,Set Cover,100,RelaxGrouping,500,true,min,4.000000,0.035876,0.011715,0.006383,25031,49062,499,true
set_cover_n100_m78_d0.5_b_w23_seed2.txt,Set Cover,100,RelaxGrouping,1000,true,min,4.000000,0.035470,0.012200,0.007252,25852,50667,529,true
set_cover_n100_m78_d0.05_b_w23_seed2.txt,Set Cover,100,RelaxGrouping,20000,true,min,4.000000,4.740516,2.137603,0.144987,175466,284397,5186,true
set_cover_n100_m78_d0.5_b_w23_seed2.txt,Set Cover,100,RelaxGrouping,2000,true,min,4.000000,0.037076,0.009715,0.005056,25852,50667,529,true
set_cover_n100_m78_d0.5_b_w23_seed2.txt,Set Cover,100,RelaxGrouping,5000,true,min,4.000000,0.035802,0.009846,0.005086,25852,50667,529,true
set_cover_n100_m78_d0.5_b_w23_seed2.txt,Set Cover,100,RelaxGrouping,10000,true,min,4.000000,0.035572,0.011565,0.006939,25852,50667,529,true
set_cover_n100_m78_d0.05_b_w23_seed2.txt,Set Cover,100,RelaxGrouping,20000,false,min,4.000000,4.515303,na,0.430568,946861,1602031,19813,true
set_cover_n100_m78_d0.5_b_w23_seed2.txt,Set Cover,100,RelaxGrouping,500,false,min,4.000000,0.038505,na,0.007851,25091,49166,500,true
set_cover_n100_m78_d0.5_b_w23_seed2.txt,Set Cover,100,RelaxGrouping,1000,false,min,4.000000,0.037497,na,0.008831,25852,50667,529,true
set_cover_n100_m78_d0.5_b_w23_seed2.txt,Set Cover,100,RelaxGrouping,20000,true,min,4.000000,0.037489,0.013586,0.007635,25852,50667,529,true
set_cover_n100_m78_d0.5_b_w23_seed2.txt,Set Cover,100,RelaxGrouping,2000,false,min,4.000000,0.037368,na,0.006914,25852,50667,529,true
set_cover_n100_m78_d0.5_b_w23_seed2.txt,Set Cover,100,RelaxGrouping,5000,false,min,4.000000,0.036238,na,0.006612,25852,50667,529,true
set_cover_n100_m78_d0.5_b_w23_seed2.txt,Set Cover,100,RelaxGrouping,10000,false,min,4.000000,0.036481,na,0.006976,25852,50667,529,true
set_cover_n100_m78_d0.5_b_w23_seed2.txt,Set Cover,100,RelaxGrouping,20000,false,min,4.000000,0.037793,na,0.006844,25852,50667,529,true
set_cover_n100_m78_d0.05_b_w23_seed3.txt,Set Cover,100,RelaxGrouping,500,true,min,2.000000,0.064413,0.013617,0.002510,8439,14068,199,true
set_cover_n100_m78_d0.05_b_w23_seed3.txt,Set Cover,100,RelaxGrouping,1000,true,min,3.000000,0.129791,0.037714,0.006934,14262,23779,377,true
set_cover_n100_m78_d0.05_b_w23_seed3.txt,Set Cover,100,RelaxGrouping,2000,true,min,3.000000,0.287651,0.106433,0.011572,25454,42840,690,true
set_cover_n100_m78_d0.05_b_w23_seed3.txt,Set Cover,100,RelaxGrouping,5000,true,min,3.000000,0.745325,0.305683,0.032853,58115,97172,1623,true
set_cover_n100_m78_d0.05_b_w23_seed3.txt,Set Cover,100,RelaxGrouping,500,false,min,2.000000,0.070190,na,0.005900,29973,49611,496,true
set_cover_n100_m78_d0.05_b_w23_seed3.txt,Set Cover,100,RelaxGrouping,1000,false,min,3.000000,0.134288,na,0.012781,58423,96302,996,true
set_cover_n100_m78_d0.05_b_w23_seed3.txt,Set Cover,100,RelaxGrouping,10000,true,min,3.000000,1.664214,0.726273,0.078813,106271,178222,3799,true
set_cover_n100_m78_d0.05_b_w23_seed3.txt,Set Cover,100,RelaxGrouping,2000,false,min,3.000000,0.292556,na,0.029817,113892,188052,1992,true
set_cover_n100_m78_d0.05_b_w23_seed3.txt,Set Cover,100,RelaxGrouping,5000,false,min,3.000000,0.771420,na,0.088552,269931,446636,4987,true
set_cover_n100_m78_d0.5_b_w23_seed3.txt,Set Cover,100,RelaxGrouping,500,true,min,4.000000,0.035065,0.009774,0.005176,25031,49062,499,true
set_cover_n100_m78_d0.5_b_w23_seed3.txt,Set Cover,100,RelaxGrouping,1000,true,min,4.000000,0.037609,0.012598,0.007779,25852,50667,529,true
set_cover_n100_m78_d0.05_b_w23_seed3.txt,Set Cover,100,RelaxGrouping,10000,false,min,3.000000,1.943194,na,0.216070,518889,856288,9841,true
set_cover_n100_m78_d0.5_b_w23_seed3.txt,Set Cover,100,RelaxGrouping,2000,true,min,4.000000,0.034699,0.008999,0.004967,25852,50667,529,true
set_cover_n100_m78_d0.05_b_w23_seed3.txt,Set Cover,100,RelaxGrouping,20000,true,min,4.000000,4.584228,2.128178,0.130195,155530,267169,3873,true
set_cover_n100_m78_d0.5_b_w23_seed3.txt,Set Cover,100,RelaxGrouping,5000,true,min,4.000000,0.037306,0.010736,0.005967,25852,50667,529,true
set_cover_n100_m78_d0.5_b_w23_seed3.txt,Set Cover,100,RelaxGrouping,10000,true,min,4.000000,0.037193,0.010662,0.006942,25852,50667,529,true
set_cover_n100_m78_d0.05_b_w23_seed3.txt,Set Cover,100,RelaxGrouping,20000,false,min,4.000000,4.736166,na,0.497453,1007145,1692222,19958,true
set_cover_n100_m78_d0.5_b_w23_seed3.txt,Set Cover,100,RelaxGrouping,20000,true,min,4.000000,0.036257,0.012070,0.007638,25852,50667,529,true
set_cover_n100_m78_d0.5_b_w23_seed3.txt,Set Cover,100,RelaxGrouping,1000,false,min,4.000000,0.034920,na,0.006426,25852,50667,529,true
set_cover_n100_m78_d0.5_b_w23_seed3.txt,Set Cover,100,RelaxGrouping,500,false,min,4.000000,0.033947,na,0.007025,25091,49166,500,true
set_cover_n100_m78_d0.5_b_w23_seed3.txt,Set Cover,100,RelaxGrouping,2000,false,min,4.000000,0.035039,na,0.006320,25852,50667,529,true
set_cover_n100_m78_d0.5_b_w23_seed3.txt,Set Cover,100,RelaxGrouping,5000,false,min,4.000000,0.035442,na,0.005001,25852,50667,529,true
set_cover_n100_m78_d0.5_b_w23_seed3.txt,Set Cover,100,RelaxGrouping,10000,false,min,4.000000,0.036678,na,0.005456,25852,50667,529,true
set_cover_n100_m78_d0.5_b_w23_seed3.txt,Set Cover,100,RelaxGrouping,20000,false,min,4.000000,0.036166,na,0.006814,25852,50667,529,true
set_cover_n100_m78_d0.05_b_w23_seed4.txt,Set Cover,100,RelaxGrouping,500,true,min,2.000000,0.069857,0.021227,0.003776,9350,15383,233,true
set_cover_n100_m78_d0.05_b_w23_seed4.txt,Set Cover,100,RelaxGrouping,1000,true,min,2.000000,0.132790,0.039704,0.006110,13257,22281,284,true
set_cover_n100_m78_d0.05_b_w23_seed4.txt,Set Cover,100,RelaxGrouping,2000,true,min,3.000000,0.276311,0.108259,0.011188,21999,37124,500,true
set_cover_n100_m78_d0.05_b_w23_seed4.txt,Set Cover,100,RelaxGrouping,5000,true,min,3.000000,0.738393,0.339663,0.026012,40473,69104,1114,true
set_cover_n100_m78_d0.05_b_w23_seed4.txt,Set Cover,100,RelaxGrouping,500,false,min,2.000000,0.066617,na,0.005715,29675,49659,495,true
set_cover_n100_m78_d0.05_b_w23_seed4.txt,Set Cover,100,RelaxGrouping,1000,false,min,2.000000,0.139559,na,0.015597,56576,94913,997,true
set_cover_n100_m78_d0.05_b_w23_seed4.txt,Set Cover,100,RelaxGrouping,2000,false,min,3.000000,0.291408,na,0.032985,111049,185024,1986,true
set_cover_n100_m78_d0.05_b_w23_seed4.txt,Set Cover,100,RelaxGrouping,10000,true,min,3.000000,1.764968,0.926597,0.064631,82913,142167,2348,true
set_cover_n100_m78_d0.05_b_w23_seed4.txt,Set Cover,100,RelaxGrouping,5000,false,min,3.000000,0.853981,na,0.089267,268125,445533,4983,true
set_cover_n100_m78_d0.5_b_w23_seed4.txt,Set Cover,100,RelaxGrouping,500,true,min,4.000000,0.034016,0.009086,0.004502,25031,49062,499,true
set_cover_n100_m78_d0.05_b_w23_seed4.txt,Set Cover,100,RelaxGrouping,10000,false,min,3.000000,1.881558,na,0.219126,524419,874320,9930,true
set_cover_n100_m78_d0.5_b_w23_seed4.txt,Set Cover,100,RelaxGrouping,1000,true,min,4.000000,0.036189,0.010073,0.005031,25852,50667,529,true
set_cover_n100_m78_d0.5_b_w23_seed4.txt,Set Cover,100,RelaxGrouping,2000,true,min,4.000000,0.034597,0.009306,0.004685,25852,50667,529,true
set_cover_n100_m78_d0.05_b_w23_seed4.txt,Set Cover,100,RelaxGrouping,20000,true,min,3.000000,4.905925,2.203527,0.105279,134869,233837,4129,true
set_cover_n100_m78_d0.5_b_w23_seed4.txt,Set Cover,100,RelaxGrouping,5000,true,min,4.000000,0.039342,0.013110,0.007293,25852,50667,529,true
set_cover_n100_m78_d0.5_b_w23_seed4.txt,Set Cover,100,RelaxGrouping,10000,true,min,4.000000,0.039217,0.013062,0.007211,25852,50667,529,true
set_cover_n100_m78_d0.5_b_w23_seed4.txt,Set Cover,100,RelaxGrouping,20000,true,min,4.000000,0.036102,0.010802,0.006927,25852,50667,529,true
set_cover_n100_m78_d0.05_b_w23_seed4.txt,Set Cover,100,RelaxGrouping,20000,false,min,3.000000,4.682762,na,0.514065,1045554,1743790,19938,true
set_cover_n100_m78_d0.5_b_w23_seed4.txt,Set Cover,100,RelaxGrouping,500,false,min,4.000000,0.036887,na,0.006387,25091,49166,500,true
set_cover_n100_m78_d0.5_b_w23_seed4.txt,Set Cover,100,RelaxGrouping,1000,false,min,4.000000,0.036303,na,0.007674,25852,50667,529,true
set_cover_n100_m78_d0.5_b_w23_seed4.txt,Set Cover,100,RelaxGrouping,2000,false,min,4.000000,0.037710,na,0.006173,25852,50667,529,true
set_cover_n100_m78_d0.5_b_w23_seed4.txt,Set Cover,100,RelaxGrouping,5000,false,min,4.000000,0.035039,na,0.005912,25852,50667,529,true
set_cover_n100_m78_d0.5_b_w23_seed4.txt,Set Cover,100,RelaxGrouping,10000,false,min,4.000000,0.038793,na,0.007525,25852,50667,529,true
set_cover_n100_m78_d0.5_b_w23_seed4.txt,Set Cover,100,RelaxGrouping,20000,false,min,4.000000,0.037183,na,0.008649,25852,50667,529,true
set_cover_n100_m78_d0.15_b_w23_seed1.txt,Set Cover,100,RelaxGrouping,500,true,min,2.000000,0.081201,0.020817,0.002979,9363,17790,228,true
set_cover_n100_m78_d0.15_b_w23_seed1.txt,Set Cover,100,RelaxGrouping,1000,true,min,2.000000,0.150741,0.052600,0.007370,17250,33036,439,true
set_cover_n100_m78_d0.15_b_w23_seed1.txt,Set Cover,100,RelaxGrouping,2000,true,min,2.000000,0.280475,0.120529,0.015670,27501,52948,787,true
set_cover_n100_m78_d0.15_b_w23_seed1.txt,Set Cover,100,RelaxGrouping,500,false,min,2.000000,0.082308,na,0.009226,34327,64626,498,true
set_cover_n100_m78_d0.15_b_w23_seed1.txt,Set Cover,100,RelaxGrouping,5000,true,min,2.000000,0.755010,0.346714,0.035801,52778,102007,1733,true
set_cover_n100_m78_d0.15_b_w23_seed1.txt,Set Cover,100,RelaxGrouping,1000,false,min,2.000000,0.148088,na,0.015100,61884,117045,994,true
set_cover_n100_m78_d0.15_b_w23_seed1.txt,Set Cover,100,RelaxGrouping,2000,false,min,2.000000,0.286454,na,0.027825,113433,214953,1989,true
set_cover_n100_m78_d0.15_b_w23_seed1.txt,Set Cover,100,RelaxGrouping,10000,true,min,2.000000,1.746142,0.876278,0.066241,94532,183326,3528,true
set_cover_n100_m78_d0.15_b_w23_seed1.txt,Set Cover,100,RelaxGrouping,5000,false,min,2.000000,0.762433,na,0.088827,257072,488398,4980,true
set_cover_n100_m78_d0.15_b_w23_seed2.txt,Set Cover,100,RelaxGrouping,500,true,min,2.000000,0.085528,0.026800,0.004902,9518,17773,268,true
set_cover_n100_m78_d0.15_b_w23_seed1.txt,Set Cover,100,RelaxGrouping,10000,false,min,2.000000,1.920178,na,0.204195,478394,910510,9942,true
set_cover_n100_m78_d0.15_b_w23_seed2.txt,Set Cover,100,RelaxGrouping,1000,true,min,2.000000,0.147784,0.048816,0.007784,15392,28948,561,true
set_cover_n100_m78_d0.15_b_w23_seed1.txt,Set Cover,100,RelaxGrouping,20000,true,min,2.000000,4.345880,2.177715,0.135488,161164,312623,6755,true
set_cover_n100_m78_d0.15_b_w23_seed2.txt,Set Cover,100,RelaxGrouping,2000,true,min,2.000000,0.288562,0.119453,0.013992,23720,44709,699,true
set_cover_n100_m78_d0.15_b_w23_seed2.txt,Set Cover,100,RelaxGrouping,500,false,min,2.000000,0.081589,na,0.011192,32052,60428,495,true
set_cover_n100_m78_d0.15_b_w23_seed2.txt,Set Cover,100,RelaxGrouping,5000,true,min,2.000000,0.792897,0.390964,0.033005,45647,86379,1506,true
set_cover_n100_m78_d0.15_b_w23_seed1.txt,Set Cover,100,RelaxGrouping,20000,false,min,2.000000,4.588762,na,0.448185,899179,1709897,19965,true
set_cover_n100_m78_d0.15_b_w23_seed2.txt,Set Cover,100,RelaxGrouping,1000,false,min,2.000000,0.150360,na,0.018000,58369,110206,987,true
set_cover_n100_m78_d0.15_b_w23_seed2.txt,Set Cover,100,RelaxGrouping,2000,false,min,2.000000,0.304637,na,0.033545,109489,208038,2000,true
set_cover_n100_m78_d0.15_b_w23_seed2.txt,Set Cover,100,RelaxGrouping,10000,true,min,2.000000,2.029721,1.054173,0.059254,80872,154529,3122,true
set_cover_n100_m78_d0.15_b_w23_seed2.txt,Set Cover,100,RelaxGrouping,5000,false,min,2.000000,0.846967,na,0.097521,256910,488619,4985,true
set_cover_n100_m78_d0.15_b_w23_seed3.txt,Set Cover,100,RelaxGrouping,500,true,min,2.000000,0.077632,0.024040,0.006146,11451,21681,235,true
set_cover_n100_m78_d0.15_b_w23_seed2.txt,Set Cover,100,RelaxGrouping,10000,false,min,2.000000,2.124535,na,0.210977,499181,950325,9980,true
set_cover_n100_m78_d0.15_b_w23_seed2.txt,Set Cover,100,RelaxGrouping,20000,true,min,2.000000,4.688828,2.404055,0.138529,156721,301394,6649,true
set_cover_n100_m78_d0.15_b_w23_seed3.txt,Set Cover,100,RelaxGrouping,1000,true,min,2.000000,0.143982,0.052683,0.010628,18815,35756,481,true
set_cover_n100_m78_d0.15_b_w23_seed3.txt,Set Cover,100,RelaxGrouping,2000,true,min,2.000000,0.293960,0.125579,0.014952,32949,62965,759,true
set_cover_n100_m78_d0.15_b_w23_seed2.txt,Set Cover,100,RelaxGrouping,20000,false,min,2.000000,4.631939,na,0.475262,947048,1804216,19950,true
set_cover_n100_m78_d0.15_b_w23_seed3.txt,Set Cover,100,RelaxGrouping,5000,true,min,2.000000,0.734622,0.354595,0.047388,69689,134275,2134,true
set_cover_n100_m78_d0.15_b_w23_seed3.txt,Set Cover,100,RelaxGrouping,500,false,min,2.000000,0.081064,na,0.009153,32903,61427,493,true
set_cover_n100_m78_d0.15_b_w23_seed3.txt,Set Cover,100,RelaxGrouping,1000,false,min,2.000000,0.145502,na,0.018470,62340,116953,998,true
set_cover_n100_m78_d0.15_b_w23_seed3.txt,Set Cover,100,RelaxGrouping,2000,false,min,2.000000,0.284733,na,0.027751,117082,220031,1989,true
set_cover_n100_m78_d0.15_b_w23_seed3.txt,Set Cover,100,RelaxGrouping,10000,true,min,3.000000,1.815719,0.814979,0.081931,117167,226447,3228,true
set_cover_n100_m78_d0.15_b_w23_seed3.txt,Set Cover,100,RelaxGrouping,5000,false,min,2.000000,0.759407,na,0.090448,262427,496134,4979,true
set_cover_n100_m78_d0.15_b_w23_seed4.txt,Set Cover,100,RelaxGrouping,500,true,min,2.000000,0.087744,0.027390,0.005101,9356,17457,218,true
set_cover_n100_m78_d0.15_b_w23_seed3.txt,Set Cover,100,RelaxGrouping,10000,false,min,3.000000,1.840027,na,0.197117,482551,912967,9965,true
set_cover_n100_m78_d0.15_b_w23_seed3.txt,Set Cover,100,RelaxGrouping,20000,true,min,3.000000,3.964319,2.178698,0.189144,220059,426885,7173,true
set_cover_n100_m78_d0.15_b_w23_seed4.txt,Set Cover,100,RelaxGrouping,1000,true,min,2.000000,0.159159,0.056474,0.010846,14619,27449,381,true
set_cover_n100_m78_d0.15_b_w23_seed4.txt,Set Cover,100,RelaxGrouping,2000,true,min,2.000000,0.320995,0.129637,0.015154,24528,46251,616,true
set_cover_n100_m78_d0.15_b_w23_seed3.txt,Set Cover,100,RelaxGrouping,20000,false,min,3.000000,3.998622,na,0.406309,883298,1673135,19778,true
set_cover_n100_m78_d0.15_b_w23_seed4.txt,Set Cover,100,RelaxGrouping,500,false,min,2.000000,0.085173,na,0.010031,32714,60868,497,true
set_cover_n100_m78_d0.15_b_w23_seed4.txt,Set Cover,100,RelaxGrouping,5000,true,min,2.000000,0.956548,0.468912,0.041158,56499,107074,1630,true
set_cover_n100_m78_d0.15_b_w23_seed4.txt,Set Cover,100,RelaxGrouping,10000,true,min,2.000000,2.247145,0.953131,0.081959,104848,200306,3256,true
set_cover_n100_m78_d0.15_b_w23_seed4.txt,Set Cover,100,RelaxGrouping,1000,false,min,2.000000,0.161158,na,0.017782,62039,116075,990,true
set_cover_n100_m78_d0.15_b_w23_seed4.txt,Set Cover,100,RelaxGrouping,2000,false,min,2.000000,0.322945,na,0.032270,119030,223880,1986,true
set_cover_n100_m78_d0.15_b_w23_seed4.txt,Set Cover,100,RelaxGrouping,5000,false,min,2.000000,0.878889,na,0.102889,286774,539104,4982,true
set_cover_n100_m78_d0.25_b_w23_seed1.txt,Set Cover,100,RelaxGrouping,500,true,min,4.000000,0.035923,0.012981,0.007512,25031,49062,499,true
set_cover_n100_m78_d0.25_b_w23_seed1.txt,Set Cover,100,RelaxGrouping,1000,true,min,4.000000,0.038631,0.011719,0.006411,25852,50667,529,true
set_cover_n100_m78_d0.25_b_w23_seed1.txt,Set Cover,100,RelaxGrouping,2000,true,min,4.000000,0.037795,0.010454,0.006516,25852,50667,529,true
set_cover_n100_m78_d0.15_b_w23_seed4.txt,Set Cover,100,RelaxGrouping,20000,true,min,2.000000,4.861123,2.495709,0.159618,181628,347252,5959,true
set_cover_n100_m78_d0.15_b_w23_seed4.txt,Set Cover,100,RelaxGrouping,10000,false,min,2.000000,2.105079,na,0.229760,539029,1016991,9977,true
set_cover_n100_m78_d0.25_b_w23_seed1.txt,Set Cover,100,RelaxGrouping,5000,true,min,4.000000,0.034859,0.009031,0.004711,25852,50667,529,true
set_cover_n100_m78_d0.25_b_w23_seed1.txt,Set Cover,100,RelaxGrouping,10000,true,min,4.000000,0.036408,0.012163,0.005595,25852,50667,529,true
set_cover_n100_m78_d0.25_b_w23_seed1.txt,Set Cover,100,RelaxGrouping,20000,true,min,4.000000,0.038462,0.012085,0.005497,25852,50667,529,true
set_cover_n100_m78_d0.15_b_w23_seed4.txt,Set Cover,100,RelaxGrouping,20000,false,min,2.000000,4.729837,na,0.468017,1029860,1948865,19972,true
set_cover_n100_m78_d0.25_b_w23_seed1.txt,Set Cover,100,RelaxGrouping,500,false,min,4.000000,0.036250,na,0.005684,25091,49166,500,true
set_cover_n100_m78_d0.25_b_w23_seed1.txt,Set Cover,100,RelaxGrouping,1000,false,min,4.000000,0.037060,na,0.006222,25852,50667,529,true
set_cover_n100_m78_d0.25_b_w23_seed1.txt,Set Cover,100,RelaxGrouping,2000,false,min,4.000000,0.035382,na,0.006495,25852,50667,529,true
set_cover_n100_m78_d0.25_b_w23_seed1.txt,Set Cover,100,RelaxGrouping,5000,false,min,4.000000,0.035544,na,0.007082,25852,50667,529,true
set_cover_n100_m78_d0.25_b_w23_seed1.txt,Set Cover,100,RelaxGrouping,10000,false,min,4.000000,0.033504,na,0.003990,25852,50667,529,true
set_cover_n100_m78_d0.25_b_w23_seed1.txt,Set Cover,100,RelaxGrouping,20000,false,min,4.000000,0.033782,na,0.004319,25852,50667,529,true
set_cover_n100_m78_d0.25_b_w23_seed2.txt,Set Cover,100,RelaxGrouping,500,true,min,4.000000,0.033873,0.007364,0.005588,25031,49062,499,true
set_cover_n100_m78_d0.25_b_w23_seed2.txt,Set Cover,100,RelaxGrouping,1000,true,min,4.000000,0.034917,0.007700,0.006414,25852,50667,529,true
set_cover_n100_m78_d0.25_b_w23_seed2.txt,Set Cover,100,RelaxGrouping,2000,true,min,4.000000,0.034847,0.007691,0.006606,25852,50667,529,true
set_cover_n100_m78_d0.25_b_w23_seed2.txt,Set Cover,100,RelaxGrouping,5000,true,min,4.000000,0.034896,0.010945,0.004919,25852,50667,529,true
set_cover_n100_m78_d0.25_b_w23_seed2.txt,Set Cover,100,RelaxGrouping,10000,true,min,4.000000,0.035121,0.010367,0.004934,25852,50667,529,true
set_cover_n100_m78_d0.25_b_w23_seed2.txt,Set Cover,100,RelaxGrouping,500,false,min,4.000000,0.035301,na,0.004323,25091,49166,500,true
set_cover_n100_m78_d0.25_b_w23_seed2.txt,Set Cover,100,RelaxGrouping,1000,false,min,4.000000,0.037428,na,0.005092,25852,50667,529,true
set_cover_n100_m78_d0.25_b_w23_seed2.txt,Set Cover,100,RelaxGrouping,20000,true,min,4.000000,0.034635,0.007711,0.004991,25852,50667,529,true
set_cover_n100_m78_d0.25_b_w23_seed2.txt,Set Cover,100,RelaxGrouping,2000,false,min,4.000000,0.035379,na,0.005156,25852,50667,529,true
set_cover_n100_m78_d0.25_b_w23_seed2.txt,Set Cover,100,RelaxGrouping,5000,false,min,4.000000,0.034895,na,0.005999,25852,50667,529,true
set_cover_n100_m78_d0.25_b_w23_seed2.txt,Set Cover,100,RelaxGrouping,10000,false,min,4.000000,0.037184,na,0.009474,25852,50667,529,true
set_cover_n100_m78_d0.25_b_w23_seed2.txt,Set Cover,100,RelaxGrouping,20000,false,min,4.000000,0.035567,na,0.010605,25852,50667,529,true
set_cover_n100_m78_d0.25_b_w23_seed3.txt,Set Cover,100,RelaxGrouping,500,true,min,4.000000,0.034887,0.012846,0.006629,25031,49062,499,true
set_cover_n100_m78_d0.25_b_w23_seed3.txt,Set Cover,100,RelaxGrouping,1000,true,min,4.000000,0.037627,0.012535,0.007331,25852,50667,529,true
set_cover_n100_m78_d0.25_b_w23_seed3.txt,Set Cover,100,RelaxGrouping,2000,true,min,4.000000,0.036022,0.012739,0.007246,25852,50667,529,true
set_cover_n100_m78_d0.25_b_w23_seed3.txt,Set Cover,100,RelaxGrouping,5000,true,min,4.000000,0.038586,0.012343,0.006888,25852,50667,529,true
set_cover_n100_m78_d0.25_b_w23_seed3.txt,Set Cover,100,RelaxGrouping,10000,true,min,4.000000,0.037191,0.012410,0.007122,25852,50667,529,true
set_cover_n100_m78_d0.25_b_w23_seed3.txt,Set Cover,100,RelaxGrouping,20000,true,min,4.000000,0.037270,0.012600,0.011547,25852,50667,529,true
set_cover_n100_m78_d0.25_b_w23_seed3.txt,Set Cover,100,RelaxGrouping,500,false,min,4.000000,0.035427,na,0.006656,25091,49166,500,true
set_cover_n100_m78_d0.25_b_w23_seed3.txt,Set Cover,100,RelaxGrouping,1000,false,min,4.000000,0.036374,na,0.006879,25852,50667,529,true
set_cover_n100_m78_d0.25_b_w23_seed3.txt,Set Cover,100,RelaxGrouping,2000,false,min,4.000000,0.038403,na,0.006975,25852,50667,529,true
set_cover_n100_m78_d0.25_b_w23_seed3.txt,Set Cover,100,RelaxGrouping,5000,false,min,4.000000,0.036446,na,0.007711,25852,50667,529,true
set_cover_n100_m78_d0.25_b_w23_seed3.txt,Set Cover,100,RelaxGrouping,10000,false,min,4.000000,0.037953,na,0.006369,25852,50667,529,true
set_cover_n100_m78_d0.25_b_w23_seed3.txt,Set Cover,100,RelaxGrouping,20000,false,min,4.000000,0.036683,na,0.006793,25852,50667,529,true
set_cover_n100_m78_d0.25_b_w23_seed4.txt,Set Cover,100,RelaxGrouping,500,true,min,4.000000,0.034397,0.009964,0.005530,25031,49062,499,true
set_cover_n100_m78_d0.25_b_w23_seed4.txt,Set Cover,100,RelaxGrouping,1000,true,min,4.000000,0.034190,0.007505,0.004660,25852,50667,529,true
set_cover_n100_m78_d0.25_b_w23_seed4.txt,Set Cover,100,RelaxGrouping,2000,true,min,4.000000,0.034030,0.007636,0.004941,25852,50667,529,true
set_cover_n100_m78_d0.25_b_w23_seed4.txt,Set Cover,100,RelaxGrouping,5000,true,min,4.000000,0.033878,0.007637,0.005837,25852,50667,529,true
set_cover_n100_m78_d0.25_b_w23_seed4.txt,Set Cover,100,RelaxGrouping,10000,true,min,4.000000,0.036636,0.012285,0.005196,25852,50667,529,true
set_cover_n100_m78_d0.25_b_w23_seed4.txt,Set Cover,100,RelaxGrouping,20000,true,min,4.000000,0.036838,0.011911,0.005533,25852,50667,529,true
set_cover_n100_m78_d0.25_b_w23_seed4.txt,Set Cover,100,RelaxGrouping,500,false,min,4.000000,0.034822,na,0.005319,25091,49166,500,true
set_cover_n100_m78_d0.25_b_w23_seed4.txt,Set Cover,100,RelaxGrouping,1000,false,min,4.000000,0.036911,na,0.006442,25852,50667,529,true
set_cover_n100_m78_d0.25_b_w23_seed4.txt,Set Cover,100,RelaxGrouping,2000,false,min,4.000000,0.035323,na,0.007210,25852,50667,529,true
set_cover_n100_m78_d0.25_b_w23_seed4.txt,Set Cover,100,RelaxGrouping,5000,false,min,4.000000,0.036113,na,0.006458,25852,50667,529,true
set_cover_n100_m78_d0.25_b_w23_seed4.txt,Set Cover,100,RelaxGrouping,10000,false,min,4.000000,0.035968,na,0.006045,25852,50667,529,true
set_cover_n100_m78_d0.25_b_w23_seed4.txt,Set Cover,100,RelaxGrouping,20000,false,min,4.000000,0.037606,na,0.008695,25852,50667,529,true
set_cover_n100_m78_d0.35_b_w23_seed1.txt,Set Cover,100,RelaxGrouping,500,true,min,4.000000,0.036750,0.012798,0.007531,25031,49062,499,true
set_cover_n100_m78_d0.35_b_w23_seed1.txt,Set Cover,100,RelaxGrouping,1000,true,min,4.000000,0.037716,0.013433,0.007848,25852,50667,529,true
set_cover_n100_m78_d0.35_b_w23_seed1.txt,Set Cover,100,RelaxGrouping,2000,true,min,4.000000,0.035483,0.008945,0.005266,25852,50667,529,true
set_cover_n100_m78_d0.35_b_w23_seed1.txt,Set Cover,100,RelaxGrouping,5000,true,min,4.000000,0.035133,0.008877,0.005074,25852,50667,529,true
set_cover_n100_m78_d0.35_b_w23_seed1.txt,Set Cover,100,RelaxGrouping,500,false,min,4.000000,0.036514,na,0.005922,25091,49166,500,true
set_cover_n100_m78_d0.35_b_w23_seed1.txt,Set Cover,100,RelaxGrouping,10000,true,min,4.000000,0.035806,0.010773,0.007110,25852,50667,529,true
set_cover_n100_m78_d0.35_b_w23_seed1.txt,Set Cover,100,RelaxGrouping,20000,true,min,4.000000,0.037353,0.010410,0.006068,25852,50667,529,true
set_cover_n100_m78_d0.35_b_w23_seed1.txt,Set Cover,100,RelaxGrouping,1000,false,min,4.000000,0.032747,na,0.003930,25852,50667,529,true
set_cover_n100_m78_d0.35_b_w23_seed1.txt,Set Cover,100,RelaxGrouping,2000,false,min,4.000000,0.032936,na,0.004035,25852,50667,529,true
set_cover_n100_m78_d0.35_b_w23_seed1.txt,Set Cover,100,RelaxGrouping,5000,false,min,4.000000,0.037933,na,0.008538,25852,50667,529,true
set_cover_n100_m78_d0.35_b_w23_seed1.txt,Set Cover,100,RelaxGrouping,10000,false,min,4.000000,0.036637,na,0.009399,25852,50667,529,true
set_cover_n100_m78_d0.35_b_w23_seed1.txt,Set Cover,100,RelaxGrouping,20000,false,min,4.000000,0.037604,na,0.006504,25852,50667,529,true
set_cover_n100_m78_d0.35_b_w23_seed2.txt,Set Cover,100,RelaxGrouping,500,true,min,4.000000,0.035535,0.009931,0.006668,25031,49062,499,true
set_cover_n100_m78_d0.35_b_w23_seed2.txt,Set Cover,100,RelaxGrouping,1000,true,min,4.000000,0.036412,0.010110,0.011376,25852,50667,529,true
set_cover_n100_m78_d0.35_b_w23_seed2.txt,Set Cover,100,RelaxGrouping,2000,true,min,4.000000,0.037639,0.012323,0.006219,25852,50667,529,true
set_cover_n100_m78_d0.35_b_w23_seed2.txt,Set Cover,100,RelaxGrouping,5000,true,min,4.000000,0.036147,0.012487,0.006466,25852,50667,529,true
set_cover_n100_m78_d0.35_b_w23_seed2.txt,Set Cover,100,RelaxGrouping,10000,true,min,4.000000,0.037544,0.011872,0.006398,25852,50667,529,true
set_cover_n100_m78_d0.35_b_w23_seed2.txt,Set Cover,100,RelaxGrouping,500,false,min,4.000000,0.033866,na,0.006845,25091,49166,500,true
set_cover_n100_m78_d0.35_b_w23_seed2.txt,Set Cover,100,RelaxGrouping,20000,true,min,4.000000,0.035021,0.010225,0.005848,25852,50667,529,true
set_cover_n100_m78_d0.35_b_w23_seed2.txt,Set Cover,100,RelaxGrouping,1000,false,min,4.000000,0.035669,na,0.005990,25852,50667,529,true
set_cover_n100_m78_d0.35_b_w23_seed2.txt,Set Cover,100,RelaxGrouping,5000,false,min,4.000000,0.037422,na,0.006605,25852,50667,529,true
set_cover_n100_m78_d0.35_b_w23_seed2.txt,Set Cover,100,RelaxGrouping,2000,false,min,4.000000,0.037408,na,0.008061,25852,50667,529,true
set_cover_n100_m78_d0.35_b_w23_seed2.txt,Set Cover,100,RelaxGrouping,10000,false,min,4.000000,0.036611,na,0.005844,25852,50667,529,true
set_cover_n100_m78_d0.35_b_w23_seed2.txt,Set Cover,100,RelaxGrouping,20000,false,min,4.000000,0.034776,na,0.005962,25852,50667,529,true
set_cover_n100_m78_d0.35_b_w23_seed3.txt,Set Cover,100,RelaxGrouping,500,true,min,4.000000,0.033891,0.009331,0.006181,25031,49062,499,true
set_cover_n100_m78_d0.35_b_w23_seed3.txt,Set Cover,100,RelaxGrouping,1000,true,min,4.000000,0.036023,0.010630,0.006827,25852,50667,529,true
set_cover_n100_m78_d0.35_b_w23_seed3.txt,Set Cover,100,RelaxGrouping,2000,true,min,4.000000,0.035947,0.010852,0.008601,25852,50667,529,true
set_cover_n100_m78_d0.35_b_w23_seed3.txt,Set Cover,100,RelaxGrouping,5000,true,min,4.000000,0.036697,0.009958,0.009520,25852,50667,529,true
set_cover_n100_m78_d0.35_b_w23_seed3.txt,Set Cover,100,RelaxGrouping,10000,true,min,4.000000,0.034779,0.010763,0.006696,25852,50667,529,true
set_cover_n100_m78_d0.35_b_w23_seed3.txt,Set Cover,100,RelaxGrouping,500,false,min,4.000000,0.035083,na,0.007252,25091,49166,500,true
set_cover_n100_m78_d0.35_b_w23_seed3.txt,Set Cover,100,RelaxGrouping,1000,false,min,4.000000,0.037844,na,0.009512,25852,50667,529,true
set_cover_n100_m78_d0.35_b_w23_seed3.txt,Set Cover,100,RelaxGrouping,20000,true,min,4.000000,0.037961,0.013175,0.008158,25852,50667,529,true
set_cover_n100_m78_d0.35_b_w23_seed3.txt,Set Cover,100,RelaxGrouping,5000,false,min,4.000000,0.035601,na,0.007292,25852,50667,529,true
set_cover_n100_m78_d0.35_b_w23_seed3.txt,Set Cover,100,RelaxGrouping,2000,false,min,4.000000,0.037416,na,0.007373,25852,50667,529,true
set_cover_n100_m78_d0.35_b_w23_seed3.txt,Set Cover,100,RelaxGrouping,20000,false,min,4.000000,0.035202,na,0.007024,25852,50667,529,true
set_cover_n100_m78_d0.35_b_w23_seed3.txt,Set Cover,100,RelaxGrouping,10000,false,min,4.000000,0.036990,na,0.009504,25852,50667,529,true
set_cover_n100_m78_d0.35_b_w23_seed4.txt,Set Cover,100,RelaxGrouping,500,true,min,4.000000,0.034867,0.012153,0.006436,25031,49062,499,true
set_cover_n100_m78_d0.35_b_w23_seed4.txt,Set Cover,100,RelaxGrouping,1000,true,min,4.000000,0.033193,0.007150,0.004938,25852,50667,529,true
set_cover_n100_m78_d0.35_b_w23_seed4.txt,Set Cover,100,RelaxGrouping,2000,true,min,4.000000,0.033202,0.007039,0.004522,25852,50667,529,true
set_cover_n100_m78_d0.35_b_w23_seed4.txt,Set Cover,100,RelaxGrouping,5000,true,min,4.000000,0.034430,0.009646,0.004613,25852,50667,529,true
set_cover_n100_m78_d0.35_b_w23_seed4.txt,Set Cover,100,RelaxGrouping,20000,true,min,4.000000,0.035927,0.010361,0.006641,25852,50667,529,true
set_cover_n100_m78_d0.35_b_w23_seed4.txt,Set Cover,100,RelaxGrouping,10000,true,min,4.000000,0.036427,0.011315,0.007004,25852,50667,529,true
set_cover_n100_m78_d0.35_b_w23_seed4.txt,Set Cover,100,RelaxGrouping,500,false,min,4.000000,0.034671,na,0.006208,25091,49166,500,true
set_cover_n100_m78_d0.35_b_w23_seed4.txt,Set Cover,100,RelaxGrouping,1000,false,min,4.000000,0.036741,na,0.006280,25852,50667,529,true
set_cover_n100_m78_d0.35_b_w23_seed4.txt,Set Cover,100,RelaxGrouping,2000,false,min,4.000000,0.036390,na,0.007423,25852,50667,529,true
set_cover_n100_m78_d0.35_b_w23_seed4.txt,Set Cover,100,RelaxGrouping,5000,false,min,4.000000,0.034955,na,0.008657,25852,50667,529,true
set_cover_n100_m78_d0.35_b_w23_seed4.txt,Set Cover,100,RelaxGrouping,10000,false,min,4.000000,0.034711,na,0.008804,25852,50667,529,true
set_cover_n100_m78_d0.35_b_w23_seed4.txt,Set Cover,100,RelaxGrouping,20000,false,min,4.000000,0.035581,na,0.006761,25852,50667,529,true
set_cover_n100_m78_d0.45_b_w23_seed1.txt,Set Cover,100,RelaxGrouping,500,true,min,4.000000,0.035063,0.010880,0.005321,25031,49062,499,true
set_cover_n100_m78_d0.45_b_w23_seed1.txt,Set Cover,100,RelaxGrouping,1000,true,min,4.000000,0.037814,0.011725,0.005025,25852,50667,529,true
set_cover_n100_m78_d0.45_b_w23_seed1.txt,Set Cover,100,RelaxGrouping,2000,true,min,4.000000,0.037662,0.011399,0.005456,25852,50667,529,true
set_cover_n100_m78_d0.45_b_w23_seed1.txt,Set Cover,100,RelaxGrouping,5000,true,min,4.000000,0.037826,0.010955,0.006762,25852,50667,529,true
set_cover_n100_m78_d0.45_b_w23_seed1.txt,Set Cover,100,RelaxGrouping,10000,true,min,4.000000,0.034554,0.010763,0.007217,25852,50667,529,true
set_cover_n100_m78_d0.45_b_w23_seed1.txt,Set Cover,100,RelaxGrouping,20000,true,min,4.000000,0.036066,0.011202,0.007310,25852,50667,529,true
set_cover_n100_m78_d0.45_b_w23_seed1.txt,Set Cover,100,RelaxGrouping,500,false,min,4.000000,0.034056,na,0.005739,25091,49166,500,true
set_cover_n100_m78_d0.45_b_w23_seed1.txt,Set Cover,100,RelaxGrouping,1000,false,min,4.000000,0.034907,na,0.006054,25852,50667,529,true
set_cover_n100_m78_d0.45_b_w23_seed1.txt,Set Cover,100,RelaxGrouping,2000,false,min,4.000000,0.035356,na,0.007707,25852,50667,529,true
set_cover_n100_m78_d0.45_b_w23_seed1.txt,Set Cover,100,RelaxGrouping,10000,false,min,4.000000,0.035602,na,0.008410,25852,50667,529,true
set_cover_n100_m78_d0.45_b_w23_seed1.txt,Set Cover,100,RelaxGrouping,5000,false,min,4.000000,0.037179,na,0.010292,25852,50667,529,true
set_cover_n100_m78_d0.45_b_w23_seed1.txt,Set Cover,100,RelaxGrouping,20000,false,min,4.000000,0.037915,na,0.009102,25852,50667,529,true
set_cover_n100_m78_d0.45_b_w23_seed2.txt,Set Cover,100,RelaxGrouping,500,true,min,4.000000,0.037211,0.012448,0.007555,25031,49062,499,true
set_cover_n100_m78_d0.45_b_w23_seed2.txt,Set Cover,100,RelaxGrouping,1000,true,min,4.000000,0.036058,0.013390,0.007979,25852,50667,529,true
set_cover_n100_m78_d0.45_b_w23_seed2.txt,Set Cover,100,RelaxGrouping,2000,true,min,4.000000,0.036048,0.011543,0.005711,25852,50667,529,true
set_cover_n100_m78_d0.45_b_w23_seed2.txt,Set Cover,100,RelaxGrouping,5000,true,min,4.000000,0.035742,0.011686,0.006413,25852,50667,529,true
set_cover_n100_m78_d0.45_b_w23_seed2.txt,Set Cover,100,RelaxGrouping,500,false,min,4.000000,0.034670,na,0.004731,25091,49166,500,true
set_cover_n100_m78_d0.45_b_w23_seed2.txt,Set Cover,100,RelaxGrouping,10000,true,min,4.000000,0.033527,0.007999,0.005103,25852,50667,529,true
set_cover_n100_m78_d0.45_b_w23_seed2.txt,Set Cover,100,RelaxGrouping,20000,true,min,4.000000,0.033648,0.008281,0.005351,25852,50667,529,true
set_cover_n100_m78_d0.45_b_w23_seed2.txt,Set Cover,100,RelaxGrouping,1000,false,min,4.000000,0.034639,na,0.006217,25852,50667,529,true
set_cover_n100_m78_d0.45_b_w23_seed2.txt,Set Cover,100,RelaxGrouping,2000,false,min,4.000000,0.033145,na,0.008739,25852,50667,529,true
set_cover_n100_m78_d0.45_b_w23_seed2.txt,Set Cover,100,RelaxGrouping,5000,false,min,4.000000,0.037350,na,0.006678,25852,50667,529,true
set_cover_n100_m78_d0.45_b_w23_seed2.txt,Set Cover,100,RelaxGrouping,10000,false,min,4.000000,0.037385,na,0.007494,25852,50667,529,true
set_cover_n100_m78_d0.45_b_w23_seed2.txt,Set Cover,100,RelaxGrouping,20000,false,min,4.000000,0.037353,na,0.007468,25852,50667,529,true
set_cover_n100_m78_d0.45_b_w23_seed3.txt,Set Cover,100,RelaxGrouping,500,true,min,4.000000,0.036055,0.009228,0.004561,25031,49062,499,true
set_cover_n100_m78_d0.45_b_w23_seed3.txt,Set Cover,100,RelaxGrouping,1000,true,min,4.000000,0.035383,0.009710,0.005292,25852,50667,529,true
set_cover_n100_m78_d0.45_b_w23_seed3.txt,Set Cover,100,RelaxGrouping,5000,true,min,4.000000,0.035276,0.010151,0.006375,25852,50667,529,true
set_cover_n100_m78_d0.45_b_w23_seed3.txt,Set Cover,100,RelaxGrouping,2000,true,min,4.000000,0.037046,0.011946,0.008421,25852,50667,529,true
set_cover_n100_m78_d0.45_b_w23_seed3.txt,Set Cover,100,RelaxGrouping,10000,true,min,4.000000,0.035566,0.011965,0.009619,25852,50667,529,true
set_cover_n100_m78_d0.45_b_w23_seed3.txt,Set Cover,100,RelaxGrouping,500,false,min,4.000000,0.037529,na,0.006793,25091,49166,500,true
set_cover_n100_m78_d0.45_b_w23_seed3.txt,Set Cover,100,RelaxGrouping,20000,true,min,4.000000,0.036679,0.012607,0.007096,25852,50667,529,true
set_cover_n100_m78_d0.45_b_w23_seed3.txt,Set Cover,100,RelaxGrouping,1000,false,min,4.000000,0.035655,na,0.007479,25852,50667,529,true
set_cover_n100_m78_d0.45_b_w23_seed3.txt,Set Cover,100,RelaxGrouping,2000,false,min,4.000000,0.037970,na,0.007727,25852,50667,529,true
set_cover_n100_m78_d0.45_b_w23_seed3.txt,Set Cover,100,RelaxGrouping,5000,false,min,4.000000,0.038064,na,0.008985,25852,50667,529,true
set_cover_n100_m78_d0.45_b_w23_seed3.txt,Set Cover,100,RelaxGrouping,10000,false,min,4.000000,0.038200,na,0.006035,25852,50667,529,true
set_cover_n100_m78_d0.45_b_w23_seed3.txt,Set Cover,100,RelaxGrouping,20000,false,min,4.000000,0.038324,na,0.006187,25852,50667,529,true
set_cover_n100_m78_d0.45_b_w23_seed4.txt,Set Cover,100,RelaxGrouping,500,true,min,4.000000,0.035896,0.008494,0.004403,25031,49062,499,true
set_cover_n100_m78_d0.45_b_w23_seed4.txt,Set Cover,100,RelaxGrouping,2000,true,min,4.000000,0.035262,0.008850,0.005865,25852,50667,529,true
set_cover_n100_m78_d0.45_b_w23_seed4.txt,Set Cover,100,RelaxGrouping,1000,true,min,4.000000,0.037096,0.009225,0.007414,25852,50667,529,true
set_cover_n100_m78_d0.45_b_w23_seed4.txt,Set Cover,100,RelaxGrouping,5000,true,min,4.000000,0.033777,0.008402,0.005670,25852,50667,529,true
set_cover_n100_m78_d0.45_b_w23_seed4.txt,Set Cover,100,RelaxGrouping,10000,true,min,4.000000,0.036109,0.009086,0.009861,25852,50667,529,true
set_cover_n100_m78_d0.45_b_w23_seed4.txt,Set Cover,100,RelaxGrouping,500,false,min,4.000000,0.037172,na,0.008600,25091,49166,500,true
set_cover_n100_m78_d0.45_b_w23_seed4.txt,Set Cover,100,RelaxGrouping,1000,false,min,4.000000,0.036349,na,0.009175,25852,50667,529,true
set_cover_n100_m78_d0.45_b_w23_seed4.txt,Set Cover,100,RelaxGrouping,20000,true,min,4.000000,0.037593,0.013277,0.006431,25852,50667,529,true
set_cover_n100_m78_d0.45_b_w23_seed4.txt,Set Cover,100,RelaxGrouping,2000,false,min,4.000000,0.036854,na,0.006337,25852,50667,529,true
set_cover_n100_m78_d0.45_b_w23_seed4.txt,Set Cover,100,RelaxGrouping,5000,false,min,4.000000,0.035286,na,0.007437,25852,50667,529,true
set_cover_n100_m78_d0.45_b_w23_seed4.txt,Set Cover,100,RelaxGrouping,10000,false,min,4.000000,0.037838,na,0.006073,25852,50667,529,true
set_cover_n100_m78_d0.45_b_w23_seed4.txt,Set Cover,100,RelaxGrouping,20000,false,min,4.000000,0.037955,na,0.006561,25852,50667,529,true
set_cover_n100_m81_d0.1_b_w20_seed1.txt,Set Cover,100,RelaxGrouping,500,true,min,2.000000,0.083188,0.025768,0.004609,8089,14530,189,true
set_cover_n100_m81_d0.1_b_w20_seed1.txt,Set Cover,100,RelaxGrouping,1000,true,min,2.000000,0.162812,0.054768,0.007527,14049,25229,344,true
set_cover_n100_m81_d0.1_b_w20_seed1.txt,Set Cover,100,RelaxGrouping,2000,true,min,2.000000,0.341384,0.112067,0.007674,22665,41313,643,true
set_cover_n100_m81_d0.1_b_w20_seed1.txt,Set Cover,100,RelaxGrouping,500,false,min,2.000000,0.088573,na,0.010579,33018,59720,497,true
set_cover_n100_m81_d0.1_b_w20_seed1.txt,Set Cover,100,RelaxGrouping,1000,false,min,2.000000,0.171219,na,0.019443,63114,114245,991,true
set_cover_n100_m81_d0.1_b_w20_seed1.txt,Set Cover,100,RelaxGrouping,5000,true,min,2.000000,0.921316,0.441357,0.026769,45079,83179,1345,true
set_cover_n100_m81_d0.1_b_w20_seed1.txt,Set Cover,100,RelaxGrouping,10000,true,min,2.000000,2.314553,1.139141,0.053246,68252,126506,2090,true
set_cover_n100_m81_d0.1_b_w20_seed1.txt,Set Cover,100,RelaxGrouping,2000,false,min,2.000000,0.358838,na,0.038746,122314,221364,1986,true
set_cover_n100_m81_d0.1_b_w20_seed1.txt,Set Cover,100,RelaxGrouping,5000,false,min,2.000000,1.034759,na,0.099761,289850,523865,4977,true
set_cover_n100_m81_d0.1_b_w20_seed2.txt,Set Cover,100,RelaxGrouping,500,true,min,2.000000,0.084660,0.026189,0.005413,8560,15307,200,true
set_cover_n100_m81_d0.1_b_w20_seed1.txt,Set Cover,100,RelaxGrouping,10000,false,min,2.000000,2.395286,na,0.237290,561643,1018924,9981,true
set_cover_n100_m81_d0.1_b_w20_seed2.txt,Set Cover,100,RelaxGrouping,1000,true,min,2.000000,0.160546,0.050878,0.006747,15223,27335,436,true
set_cover_n100_m81_d0.1_b_w20_seed2.txt,Set Cover,100,RelaxGrouping,2000,true,min,2.000000,0.328769,0.130930,0.015530,24720,44745,655,true
set_cover_n100_m81_d0.1_b_w20_seed1.txt,Set Cover,100,RelaxGrouping,20000,true,min,3.000000,5.868028,2.533230,0.126933,137250,255281,5206,true
set_cover_n100_m81_d0.1_b_w20_seed2.txt,Set Cover,100,RelaxGrouping,5000,true,min,3.000000,0.947861,0.395786,0.041120,58940,107431,1693,true
set_cover_n100_m81_d0.1_b_w20_seed2.txt,Set Cover,100,RelaxGrouping,500,false,min,2.000000,0.081041,na,0.010163,31738,57588,496,true
set_cover_n100_m81_d0.1_b_w20_seed1.txt,Set Cover,100,RelaxGrouping,20000,false,min,3.000000,5.830911,na,0.571007,1118741,2026729,19945,true
set_cover_n100_m81_d0.1_b_w20_seed2.txt,Set Cover,100,RelaxGrouping,1000,false,min,2.000000,0.166514,na,0.020275,60795,110611,997,true
set_cover_n100_m81_d0.1_b_w20_seed2.txt,Set Cover,100,RelaxGrouping,10000,true,min,3.000000,2.356666,1.103879,0.075595,98147,178597,3078,true
set_cover_n100_m81_d0.1_b_w20_seed2.txt,Set Cover,100,RelaxGrouping,2000,false,min,2.000000,0.332807,na,0.037344,118311,214851,1991,true
set_cover_n100_m81_d0.1_b_w20_seed2.txt,Set Cover,100,RelaxGrouping,5000,false,min,3.000000,0.985870,na,0.109376,289582,524099,4980,true
set_cover_n100_m81_d0.1_b_w20_seed3.txt,Set Cover,100,RelaxGrouping,500,true,min,2.000000,0.087146,0.028118,0.005167,8619,15725,210,true
set_cover_n100_m81_d0.1_b_w20_seed2.txt,Set Cover,100,RelaxGrouping,10000,false,min,3.000000,2.630080,na,0.248513,560603,1018324,9993,true
set_cover_n100_m81_d0.1_b_w20_seed3.txt,Set Cover,100,RelaxGrouping,1000,true,min,2.000000,0.168404,0.057641,0.007357,14089,25554,345,true
set_cover_n100_m81_d0.1_b_w20_seed3.txt,Set Cover,100,RelaxGrouping,2000,true,min,2.000000,0.356694,0.132135,0.011857,24559,43867,572,true
set_cover_n100_m81_d0.1_b_w20_seed2.txt,Set Cover,100,RelaxGrouping,20000,true,min,3.000000,6.066825,2.729414,0.148682,166601,303867,5434,true
set_cover_n100_m81_d0.1_b_w20_seed3.txt,Set Cover,100,RelaxGrouping,5000,true,min,2.000000,1.055647,0.440224,0.038483,55747,100599,1387,true
set_cover_n100_m81_d0.1_b_w20_seed3.txt,Set Cover,100,RelaxGrouping,500,false,min,2.000000,0.085983,na,0.009866,33146,59691,499,true
set_cover_n100_m81_d0.1_b_w20_seed2.txt,Set Cover,100,RelaxGrouping,20000,false,min,3.000000,6.117550,na,0.583056,1091717,1981813,19985,true
set_cover_n100_m81_d0.1_b_w20_seed3.txt,Set Cover,100,RelaxGrouping,1000,false,min,2.000000,0.162733,na,0.017939,63451,114205,993,true
set_cover_n100_m81_d0.1_b_w20_seed3.txt,Set Cover,100,RelaxGrouping,10000,true,min,2.000000,2.651515,1.034643,0.061413,88502,159052,2335,true
set_cover_n100_m81_d0.1_b_w20_seed3.txt,Set Cover,100,RelaxGrouping,2000,false,min,2.000000,0.332784,na,0.027616,125368,224945,1982,true
set_cover_n100_m81_d0.1_b_w20_seed4.txt,Set Cover,100,RelaxGrouping,500,true,min,2.000000,0.086863,0.028321,0.005646,10112,18415,316,true
set_cover_n100_m81_d0.1_b_w20_seed3.txt,Set Cover,100,RelaxGrouping,5000,false,min,2.000000,1.055025,na,0.116044,304312,543922,4986,true
set_cover_n100_m81_d0.1_b_w20_seed3.txt,Set Cover,100,RelaxGrouping,10000,false,min,2.000000,2.520395,na,0.265393,570519,1025458,9951,true
set_cover_n100_m81_d0.1_b_w20_seed3.txt,Set Cover,100,RelaxGrouping,20000,true,min,3.000000,5.532180,2.760694,0.124378,143744,261153,4381,true
set_cover_n100_m81_d0.1_b_w20_seed4.txt,Set Cover,100,RelaxGrouping,1000,true,min,2.000000,0.162931,0.051458,0.006812,16254,29979,493,true
set_cover_n100_m81_d0.1_b_w20_seed4.txt,Set Cover,100,RelaxGrouping,2000,true,min,2.000000,0.337545,0.130815,0.018626,28036,51632,791,true
set_cover_n100_m81_d0.1_b_w20_seed4.txt,Set Cover,100,RelaxGrouping,500,false,min,2.000000,0.084380,na,0.012981,32926,59425,495,true
set_cover_n100_m81_d0.1_b_w20_seed3.txt,Set Cover,100,RelaxGrouping,20000,false,min,3.000000,5.702554,na,0.521139,1101494,1971166,19976,true
set_cover_n100_m81_d0.1_b_w20_seed4.txt,Set Cover,100,RelaxGrouping,5000,true,min,2.000000,0.924819,0.393659,0.046992,66969,123596,2024,true
set_cover_n100_m81_d0.1_b_w20_seed4.txt,Set Cover,100,RelaxGrouping,1000,false,min,2.000000,0.162721,na,0.019239,62670,114043,994,true
set_cover_n100_m81_d0.1_b_w20_seed4.txt,Set Cover,100,RelaxGrouping,10000,true,min,2.000000,2.074680,0.936750,0.097379,127631,235728,4518,true
set_cover_n100_m81_d0.1_b_w20_seed4.txt,Set Cover,100,RelaxGrouping,2000,false,min,2.000000,0.331682,na,0.030699,120876,220175,1994,true
set_cover_n100_m81_d0.1_b_w20_seed4.txt,Set Cover,100,RelaxGrouping,5000,false,min,2.000000,0.891198,na,0.102024,285880,524251,4995,true
set_cover_n100_m81_d0.2_b_w20_seed1.txt,Set Cover,100,RelaxGrouping,500,true,min,5.000000,0.032367,0.009174,0.004928,22350,43648,400,true
set_cover_n100_m81_d0.2_b_w20_seed1.txt,Set Cover,100,RelaxGrouping,1000,true,min,5.000000,0.034300,0.011065,0.006275,22350,43648,400,true
set_cover_n100_m81_d0.1_b_w20_seed4.txt,Set Cover,100,RelaxGrouping,10000,false,min,2.000000,2.045979,na,0.238312,539529,988275,9977,true
set_cover_n100_m81_d0.2_b_w20_seed1.txt,Set Cover,100,RelaxGrouping,2000,true,min,5.000000,0.031337,0.009524,0.007243,22350,43648,400,true
set_cover_n100_m81_d0.1_b_w20_seed4.txt,Set Cover,100,RelaxGrouping,20000,true,min,3.000000,4.918049,2.410392,0.182209,198454,372454,7750,true
set_cover_n100_m81_d0.2_b_w20_seed1.txt,Set Cover,100,RelaxGrouping,5000,true,min,5.000000,0.032148,0.008488,0.004654,22350,43648,400,true
set_cover_n100_m81_d0.2_b_w20_seed1.txt,Set Cover,100,RelaxGrouping,10000,true,min,5.000000,0.032100,0.008460,0.004493,22350,43648,400,true
set_cover_n100_m81_d0.2_b_w20_seed1.txt,Set Cover,100,RelaxGrouping,500,false,min,5.000000,0.031206,na,0.004527,22350,43648,400,true
set_cover_n100_m81_d0.2_b_w20_seed1.txt,Set Cover,100,RelaxGrouping,20000,true,min,5.000000,0.031446,0.008215,0.005199,22350,43648,400,true
set_cover_n100_m81_d0.2_b_w20_seed1.txt,Set Cover,100,RelaxGrouping,1000,false,min,5.000000,0.030450,na,0.005520,22350,43648,400,true
set_cover_n100_m81_d0.2_b_w20_seed1.txt,Set Cover,100,RelaxGrouping,2000,false,min,5.000000,0.031580,na,0.005742,22350,43648,400,true
set_cover_n100_m81_d0.1_b_w20_seed4.txt,Set Cover,100,RelaxGrouping,20000,false,min,3.000000,4.910395,na,0.497850,1009837,1861698,19967,true
set_cover_n100_m81_d0.2_b_w20_seed1.txt,Set Cover,100,RelaxGrouping,5000,false,min,5.000000,0.028877,na,0.003691,22350,43648,400,true
set_cover_n100_m81_d0.2_b_w20_seed1.txt,Set Cover,100,RelaxGrouping,10000,false,min,5.000000,0.028909,na,0.004133,22350,43648,400,true
set_cover_n100_m81_d0.2_b_w20_seed1.txt,Set Cover,100,RelaxGrouping,20000,false,min,5.000000,0.030485,na,0.005737,22350,43648,400,true
set_cover_n100_m81_d0.2_b_w20_seed2.txt,Set Cover,100,RelaxGrouping,500,true,min,5.000000,0.028839,0.009562,0.006595,22350,43648,400,true
set_cover_n100_m81_d0.2_b_w20_seed2.txt,Set Cover,100,RelaxGrouping,1000,true,min,5.000000,0.030756,0.010000,0.006022,22350,43648,400,true
set_cover_n100_m81_d0.2_b_w20_seed2.txt,Set Cover,100,RelaxGrouping,2000,true,min,5.000000,0.030857,0.010490,0.005678,22350,43648,400,true
set_cover_n100_m81_d0.2_b_w20_seed2.txt,Set Cover,100,RelaxGrouping,5000,true,min,5.000000,0.030796,0.010896,0.006143,22350,43648,400,true
set_cover_n100_m81_d0.2_b_w20_seed2.txt,Set Cover,100,RelaxGrouping,10000,true,min,5.000000,0.030005,0.008263,0.004386,22350,43648,400,true
set_cover_n100_m81_d0.2_b_w20_seed2.txt,Set Cover,100,RelaxGrouping,20000,true,min,5.000000,0.031397,0.008227,0.004911,22350,43648,400,true
set_cover_n100_m81_d0.2_b_w20_seed2.txt,Set Cover,100,RelaxGrouping,500,false,min,5.000000,0.031553,na,0.004686,22350,43648,400,true
set_cover_n100_m81_d0.2_b_w20_seed2.txt,Set Cover,100,RelaxGrouping,2000,false,min,5.000000,0.031492,na,0.005598,22350,43648,400,true
set_cover_n100_m81_d0.2_b_w20_seed2.txt,Set Cover,100,RelaxGrouping,1000,false,min,5.000000,0.031495,na,0.006704,22350,43648,400,true
set_cover_n100_m81_d0.2_b_w20_seed2.txt,Set Cover,100,RelaxGrouping,5000,false,min,5.000000,0.030056,na,0.003691,22350,43648,400,true
set_cover_n100_m81_d0.2_b_w20_seed2.txt,Set Cover,100,RelaxGrouping,10000,false,min,5.000000,0.029786,na,0.003850,22350,43648,400,true
set_cover_n100_m81_d0.2_b_w20_seed2.txt,Set Cover,100,RelaxGrouping,20000,false,min,5.000000,0.032043,na,0.005527,22350,43648,400,true
set_cover_n100_m81_d0.2_b_w20_seed3.txt,Set Cover,100,RelaxGrouping,500,true,min,5.000000,0.031872,0.008954,0.005484,22350,43648,400,true
set_cover_n100_m81_d0.2_b_w20_seed3.txt,Set Cover,100,RelaxGrouping,1000,true,min,5.000000,0.032069,0.009115,0.006312,22350,43648,400,true
set_cover_n100_m81_d0.2_b_w20_seed3.txt,Set Cover,100,RelaxGrouping,2000,true,min,5.000000,0.032051,0.010649,0.006608,22350,43648,400,true
set_cover_n100_m81_d0.2_b_w20_seed3.txt,Set Cover,100,RelaxGrouping,5000,true,min,5.000000,0.032019,0.010404,0.006201,22350,43648,400,true
set_cover_n100_m81_d0.2_b_w20_seed3.txt,Set Cover,100,RelaxGrouping,500,false,min,5.000000,0.031373,na,0.007564,22350,43648,400,true
set_cover_n100_m81_d0.2_b_w20_seed3.txt,Set Cover,100,RelaxGrouping,10000,true,min,5.000000,0.031068,0.009282,0.006249,22350,43648,400,true
set_cover_n100_m81_d0.2_b_w20_seed3.txt,Set Cover,100,RelaxGrouping,20000,true,min,5.000000,0.031377,0.010141,0.005881,22350,43648,400,true
set_cover_n100_m81_d0.2_b_w20_seed3.txt,Set Cover,100,RelaxGrouping,1000,false,min,5.000000,0.029624,na,0.005225,22350,43648,400,true
set_cover_n100_m81_d0.2_b_w20_seed3.txt,Set Cover,100,RelaxGrouping,2000,false,min,5.000000,0.031148,na,0.005125,22350,43648,400,true
set_cover_n100_m81_d0.2_b_w20_seed3.txt,Set Cover,100,RelaxGrouping,5000,false,min,5.000000,0.030776,na,0.004475,22350,43648,400,true
set_cover_n100_m81_d0.2_b_w20_seed3.txt,Set Cover,100,RelaxGrouping,10000,false,min,5.000000,0.030728,na,0.005341,22350,43648,400,true
set_cover_n100_m81_d0.2_b_w20_seed3.txt,Set Cover,100,RelaxGrouping,20000,false,min,5.000000,0.030464,na,0.006369,22350,43648,400,true
set_cover_n100_m81_d0.2_b_w20_seed4.txt,Set Cover,100,RelaxGrouping,500,true,min,5.000000,0.028603,0.006156,0.003384,22350,43648,400,true
set_cover_n100_m81_d0.2_b_w20_seed4.txt,Set Cover,100,RelaxGrouping,1000,true,min,5.000000,0.028792,0.006325,0.003650,22350,43648,400,true
set_cover_n100_m81_d0.2_b_w20_seed4.txt,Set Cover,100,RelaxGrouping,2000,true,min,5.000000,0.030888,0.006364,0.003755,22350,43648,400,true
set_cover_n100_m81_d0.2_b_w20_seed4.txt,Set Cover,100,RelaxGrouping,5000,true,min,5.000000,0.030908,0.006242,0.003929,22350,43648,400,true
set_cover_n100_m81_d0.2_b_w20_seed4.txt,Set Cover,100,RelaxGrouping,10000,true,min,5.000000,0.029664,0.006534,0.005044,22350,43648,400,true
set_cover_n100_m81_d0.2_b_w20_seed4.txt,Set Cover,100,RelaxGrouping,500,false,min,5.000000,0.029769,na,0.003637,22350,43648,400,true
set_cover_n100_m81_d0.2_b_w20_seed4.txt,Set Cover,100,RelaxGrouping,20000,true,min,5.000000,0.029969,0.005634,0.003320,22350,43648,400,true
set_cover_n100_m81_d0.2_b_w20_seed4.txt,Set Cover,100,RelaxGrouping,1000,false,min,5.000000,0.030334,na,0.006246,22350,43648,400,true
set_cover_n100_m81_d0.2_b_w20_seed4.txt,Set Cover,100,RelaxGrouping,5000,false,min,5.000000,0.032059,na,0.006391,22350,43648,400,true
set_cover_n100_m81_d0.2_b_w20_seed4.txt,Set Cover,100,RelaxGrouping,2000,false,min,5.000000,0.032091,na,0.007470,22350,43648,400,true
set_cover_n100_m81_d0.2_b_w20_seed4.txt,Set Cover,100,RelaxGrouping,10000,false,min,5.000000,0.031176,na,0.005154,22350,43648,400,true
set_cover_n100_m81_d0.2_b_w20_seed4.txt,Set Cover,100,RelaxGrouping,20000,false,min,5.000000,0.031457,na,0.005380,22350,43648,400,true
set_cover_n100_m81_d0.3_b_w20_seed1.txt,Set Cover,100,RelaxGrouping,500,true,min,5.000000,0.032795,0.010454,0.006041,22350,43648,400,true
set_cover_n100_m81_d0.3_b_w20_seed1.txt,Set Cover,100,RelaxGrouping,1000,true,min,5.000000,0.031306,0.010510,0.006277,22350,43648,400,true
set_cover_n100_m81_d0.3_b_w20_seed1.txt,Set Cover,100,RelaxGrouping,2000,true,min,5.000000,0.031398,0.010700,0.006384,22350,43648,400,true
set_cover_n100_m81_d0.3_b_w20_seed1.txt,Set Cover,100,RelaxGrouping,5000,true,min,5.000000,0.029400,0.006821,0.003902,22350,43648,400,true
set_cover_n100_m81_d0.3_b_w20_seed1.txt,Set Cover,100,RelaxGrouping,10000,true,min,5.000000,0.030834,0.007194,0.004022,22350,43648,400,true
set_cover_n100_m81_d0.3_b_w20_seed1.txt,Set Cover,100,RelaxGrouping,500,false,min,5.000000,0.032522,na,0.007114,22350,43648,400,true
set_cover_n100_m81_d0.3_b_w20_seed1.txt,Set Cover,100,RelaxGrouping,1000,false,min,5.000000,0.032552,na,0.005278,22350,43648,400,true
set_cover_n100_m81_d0.3_b_w20_seed1.txt,Set Cover,100,RelaxGrouping,20000,true,min,5.000000,0.031135,0.008262,0.006359,22350,43648,400,true
set_cover_n100_m81_d0.3_b_w20_seed1.txt,Set Cover,100,RelaxGrouping,2000,false,min,5.000000,0.031103,na,0.005014,22350,43648,400,true
set_cover_n100_m81_d0.3_b_w20_seed1.txt,Set Cover,100,RelaxGrouping,5000,false,min,5.000000,0.029609,na,0.006069,22350,43648,400,true
set_cover_n100_m81_d0.3_b_w20_seed1.txt,Set Cover,100,RelaxGrouping,10000,false,min,5.000000,0.030237,na,0.004760,22350,43648,400,true
set_cover_n100_m81_d0.3_b_w20_seed1.txt,Set Cover,100,RelaxGrouping,20000,false,min,5.000000,0.031507,na,0.007062,22350,43648,400,true
set_cover_n100_m81_d0.3_b_w20_seed2.txt,Set Cover,100,RelaxGrouping,500,true,min,5.000000,0.030201,0.009526,0.004682,22350,43648,400,true
set_cover_n100_m81_d0.3_b_w20_seed2.txt,Set Cover,100,RelaxGrouping,1000,true,min,5.000000,0.031737,0.008893,0.005620,22350,43648,400,true
set_cover_n100_m81_d0.3_b_w20_seed2.txt,Set Cover,100,RelaxGrouping,2000,true,min,5.000000,0.032067,0.010118,0.006967,22350,43648,400,true
set_cover_n100_m81_d0.3_b_w20_seed2.txt,Set Cover,100,RelaxGrouping,5000,true,min,5.000000,0.030646,0.009369,0.006059,22350,43648,400,true
set_cover_n100_m81_d0.3_b_w20_seed2.txt,Set Cover,100,RelaxGrouping,20000,true,min,5.000000,0.032400,0.009910,0.006315,22350,43648,400,true
set_cover_n100_m81_d0.3_b_w20_seed2.txt,Set Cover,100,RelaxGrouping,10000,true,min,5.000000,0.031013,0.010312,0.006717,22350,43648,400,true
set_cover_n100_m81_d0.3_b_w20_seed2.txt,Set Cover,100,RelaxGrouping,500,false,min,5.000000,0.030212,na,0.004733,22350,43648,400,true
set_cover_n100_m81_d0.3_b_w20_seed2.txt,Set Cover,100,RelaxGrouping,1000,false,min,5.000000,0.030333,na,0.004640,22350,43648,400,true
set_cover_n100_m81_d0.3_b_w20_seed2.txt,Set Cover,100,RelaxGrouping,2000,false,min,5.000000,0.031675,na,0.005523,22350,43648,400,true
set_cover_n100_m81_d0.3_b_w20_seed2.txt,Set Cover,100,RelaxGrouping,5000,false,min,5.000000,0.032141,na,0.006554,22350,43648,400,true
set_cover_n100_m81_d0.3_b_w20_seed2.txt,Set Cover,100,RelaxGrouping,10000,false,min,5.000000,0.030772,na,0.007837,22350,43648,400,true
set_cover_n100_m81_d0.3_b_w20_seed2.txt,Set Cover,100,RelaxGrouping,20000,false,min,5.000000,0.029896,na,0.005889,22350,43648,400,true
set_cover_n100_m81_d0.3_b_w20_seed3.txt,Set Cover,100,RelaxGrouping,500,true,min,5.000000,0.031548,0.008902,0.006271,22350,43648,400,true
set_cover_n100_m81_d0.3_b_w20_seed3.txt,Set Cover,100,RelaxGrouping,1000,true,min,5.000000,0.031916,0.008969,0.005007,22350,43648,400,true
set_cover_n100_m81_d0.3_b_w20_seed3.txt,Set Cover,100,RelaxGrouping,2000,true,min,5.000000,0.030487,0.008797,0.004730,22350,43648,400,true
set_cover_n100_m81_d0.3_b_w20_seed3.txt,Set Cover,100,RelaxGrouping,5000,true,min,5.000000,0.032121,0.009112,0.005173,22350,43648,400,true
set_cover_n100_m81_d0.3_b_w20_seed3.txt,Set Cover,100,RelaxGrouping,10000,true,min,5.000000,0.030710,0.006725,0.003841,22350,43648,400,true
set_cover_n100_m81_d0.3_b_w20_seed3.txt,Set Cover,100,RelaxGrouping,20000,true,min,5.000000,0.030974,0.006757,0.003957,22350,43648,400,true
set_cover_n100_m81_d0.3_b_w20_seed3.txt,Set Cover,100,RelaxGrouping,500,false,min,5.000000,0.031562,na,0.005265,22350,43648,400,true
set_cover_n100_m81_d0.3_b_w20_seed3.txt,Set Cover,100,RelaxGrouping,1000,false,min,5.000000,0.031635,na,0.006118,22350,43648,400,true
set_cover_n100_m81_d0.3_b_w20_seed3.txt,Set Cover,100,RelaxGrouping,2000,false,min,5.000000,0.031493,na,0.008053,22350,43648,400,true
set_cover_n100_m81_d0.3_b_w20_seed3.txt,Set Cover,100,RelaxGrouping,10000,false,min,5.000000,0.030946,na,0.006565,22350,43648,400,true
set_cover_n100_m81_d0.3_b_w20_seed3.txt,Set Cover,100,RelaxGrouping,5000,false,min,5.000000,0.033043,na,0.006646,22350,43648,400,true
set_cover_n100_m81_d0.3_b_w20_seed3.txt,Set Cover,100,RelaxGrouping,20000,false,min,5.000000,0.031197,na,0.005468,22350,43648,400,true
set_cover_n100_m81_d0.3_b_w20_seed4.txt,Set Cover,100,RelaxGrouping,500,true,min,5.000000,0.032569,0.008843,0.005622,22350,43648,400,true
set_cover_n100_m81_d0.3_b_w20_seed4.txt,Set Cover,100,RelaxGrouping,1000,true,min,5.000000,0.031191,0.009211,0.006069,22350,43648,400,true
set_cover_n100_m81_d0.3_b_w20_seed4.txt,Set Cover,100,RelaxGrouping,2000,true,min,5.000000,0.029310,0.005738,0.004369,22350,43648,400,true
set_cover_n100_m81_d0.3_b_w20_seed4.txt,Set Cover,100,RelaxGrouping,5000,true,min,5.000000,0.028202,0.005830,0.005278,22350,43648,400,true
set_cover_n100_m81_d0.3_b_w20_seed4.txt,Set Cover,100,RelaxGrouping,500,false,min,5.000000,0.032802,na,0.006908,22350,43648,400,true
set_cover_n100_m81_d0.3_b_w20_seed4.txt,Set Cover,100,RelaxGrouping,10000,true,min,5.000000,0.031338,0.011173,0.007396,22350,43648,400,true
set_cover_n100_m81_d0.3_b_w20_seed4.txt,Set Cover,100,RelaxGrouping,20000,true,min,5.000000,0.032733,0.011115,0.006337,22350,43648,400,true
set_cover_n100_m81_d0.3_b_w20_seed4.txt,Set Cover,100,RelaxGrouping,2000,false,min,5.000000,0.031229,na,0.007282,22350,43648,400,true
set_cover_n100_m81_d0.3_b_w20_seed4.txt,Set Cover,100,RelaxGrouping,1000,false,min,5.000000,0.032358,na,0.009270,22350,43648,400,true
set_cover_n100_m81_d0.3_b_w20_seed4.txt,Set Cover,100,RelaxGrouping,5000,false,min,5.000000,0.031713,na,0.005433,22350,43648,400,true
set_cover_n100_m81_d0.3_b_w20_seed4.txt,Set Cover,100,RelaxGrouping,10000,false,min,5.000000,0.031854,na,0.005930,22350,43648,400,true
set_cover_n100_m81_d0.3_b_w20_seed4.txt,Set Cover,100,RelaxGrouping,20000,false,min,5.000000,0.031896,na,0.006198,22350,43648,400,true
set_cover_n100_m81_d0.4_b_w20_seed1.txt,Set Cover,100,RelaxGrouping,1000,true,min,5.000000,0.031765,0.009254,0.005687,22350,43648,400,true
set_cover_n100_m81_d0.4_b_w20_seed1.txt,Set Cover,100,RelaxGrouping,500,true,min,5.000000,0.031815,0.010379,0.006411,22350,43648,400,true
set_cover_n100_m81_d0.4_b_w20_seed1.txt,Set Cover,100,RelaxGrouping,2000,true,min,5.000000,0.032311,0.009853,0.006677,22350,43648,400,true
set_cover_n100_m81_d0.4_b_w20_seed1.txt,Set Cover,100,RelaxGrouping,5000,true,min,5.000000,0.031042,0.010399,0.006650,22350,43648,400,true
set_cover_n100_m81_d0.4_b_w20_seed1.txt,Set Cover,100,RelaxGrouping,10000,true,min,5.000000,0.030937,0.010929,0.006280,22350,43648,400,true
set_cover_n100_m81_d0.4_b_w20_seed1.txt,Set Cover,100,RelaxGrouping,500,false,min,5.000000,0.031217,na,0.008192,22350,43648,400,true
set_cover_n100_m81_d0.4_b_w20_seed1.txt,Set Cover,100,RelaxGrouping,20000,true,min,5.000000,0.032545,0.010535,0.005725,22350,43648,400,true
set_cover_n100_m81_d0.4_b_w20_seed1.txt,Set Cover,100,RelaxGrouping,1000,false,min,5.000000,0.031590,na,0.008242,22350,43648,400,true
set_cover_n100_m81_d0.4_b_w20_seed1.txt,Set Cover,100,RelaxGrouping,2000,false,min,5.000000,0.030112,na,0.009326,22350,43648,400,true
set_cover_n100_m81_d0.4_b_w20_seed1.txt,Set Cover,100,RelaxGrouping,5000,false,min,5.000000,0.031955,na,0.006631,22350,43648,400,true
set_cover_n100_m81_d0.4_b_w20_seed1.txt,Set Cover,100,RelaxGrouping,10000,false,min,5.000000,0.030446,na,0.003572,22350,43648,400,true
set_cover_n100_m81_d0.4_b_w20_seed1.txt,Set Cover,100,RelaxGrouping,20000,false,min,5.000000,0.030767,na,0.004177,22350,43648,400,true
set_cover_n100_m81_d0.4_b_w20_seed2.txt,Set Cover,100,RelaxGrouping,500,true,min,5.000000,0.032326,0.009816,0.006640,22350,43648,400,true
set_cover_n100_m81_d0.4_b_w20_seed2.txt,Set Cover,100,RelaxGrouping,1000,true,min,5.000000,0.030973,0.009841,0.007200,22350,43648,400,true
set_cover_n100_m81_d0.4_b_w20_seed2.txt,Set Cover,100,RelaxGrouping,2000,true,min,5.000000,0.030927,0.009923,0.008023,22350,43648,400,true
set_cover_n100_m81_d0.4_b_w20_seed2.txt,Set Cover,100,RelaxGrouping,10000,true,min,5.000000,0.031128,0.009933,0.005810,22350,43648,400,true
set_cover_n100_m81_d0.4_b_w20_seed2.txt,Set Cover,100,RelaxGrouping,5000,true,min,5.000000,0.032395,0.009628,0.005437,22350,43648,400,true
set_cover_n100_m81_d0.4_b_w20_seed2.txt,Set Cover,100,RelaxGrouping,500,false,min,5.000000,0.031877,na,0.005878,22350,43648,400,true
set_cover_n100_m81_d0.4_b_w20_seed2.txt,Set Cover,100,RelaxGrouping,1000,false,min,5.000000,0.030527,na,0.006493,22350,43648,400,true
set_cover_n100_m81_d0.4_b_w20_seed2.txt,Set Cover,100,RelaxGrouping,20000,true,min,5.000000,0.030653,0.009526,0.006192,22350,43648,400,true
set_cover_n100_m81_d0.4_b_w20_seed2.txt,Set Cover,100,RelaxGrouping,2000,false,min,5.000000,0.031042,na,0.003993,22350,43648,400,true
set_cover_n100_m81_d0.4_b_w20_seed2.txt,Set Cover,100,RelaxGrouping,5000,false,min,5.000000,0.031052,na,0.003997,22350,43648,400,true
set_cover_n100_m81_d0.4_b_w20_seed2.txt,Set Cover,100,RelaxGrouping,10000,false,min,5.000000,0.029276,na,0.003313,22350,43648,400,true
set_cover_n100_m81_d0.4_b_w20_seed2.txt,Set Cover,100,RelaxGrouping,20000,false,min,5.000000,0.030983,na,0.004313,22350,43648,400,true
set_cover_n100_m81_d0.4_b_w20_seed3.txt,Set Cover,100,RelaxGrouping,500,true,min,5.000000,0.030863,0.006403,0.003315,22350,43648,400,true
set_cover_n100_m81_d0.4_b_w20_seed3.txt,Set Cover,100,RelaxGrouping,1000,true,min,5.000000,0.031803,0.008210,0.003679,22350,43648,400,true
set_cover_n100_m81_d0.4_b_w20_seed3.txt,Set Cover,100,RelaxGrouping,2000,true,min,5.000000,0.032771,0.007573,0.003578,22350,43648,400,true
set_cover_n100_m81_d0.4_b_w20_seed3.txt,Set Cover,100,RelaxGrouping,5000,true,min,5.000000,0.031384,0.006642,0.003545,22350,43648,400,true
set_cover_n100_m81_d0.4_b_w20_seed3.txt,Set Cover,100,RelaxGrouping,10000,true,min,5.000000,0.031284,0.006766,0.004036,22350,43648,400,true
set_cover_n100_m81_d0.4_b_w20_seed3.txt,Set Cover,100,RelaxGrouping,20000,true,min,5.000000,0.031132,0.006783,0.004501,22350,43648,400,true
set_cover_n100_m81_d0.4_b_w20_seed3.txt,Set Cover,100,RelaxGrouping,500,false,min,5.000000,0.031515,na,0.004407,22350,43648,400,true
set_cover_n100_m81_d0.4_b_w20_seed3.txt,Set Cover,100,RelaxGrouping,1000,false,min,5.000000,0.031503,na,0.004803,22350,43648,400,true
set_cover_n100_m81_d0.4_b_w20_seed3.txt,Set Cover,100,RelaxGrouping,2000,false,min,5.000000,0.029801,na,0.004995,22350,43648,400,true
set_cover_n100_m81_d0.4_b_w20_seed3.txt,Set Cover,100,RelaxGrouping,5000,false,min,5.000000,0.030001,na,0.005836,22350,43648,400,true
set_cover_n100_m81_d0.4_b_w20_seed3.txt,Set Cover,100,RelaxGrouping,10000,false,min,5.000000,0.031910,na,0.006815,22350,43648,400,true
set_cover_n100_m81_d0.4_b_w20_seed3.txt,Set Cover,100,RelaxGrouping,20000,false,min,5.000000,0.031411,na,0.005762,22350,43648,400,true
set_cover_n100_m81_d0.4_b_w20_seed4.txt,Set Cover,100,RelaxGrouping,500,true,min,5.000000,0.029761,0.007583,0.004417,22350,43648,400,true
set_cover_n100_m81_d0.4_b_w20_seed4.txt,Set Cover,100,RelaxGrouping,1000,true,min,5.000000,0.031247,0.009742,0.005762,22350,43648,400,true
set_cover_n100_m81_d0.4_b_w20_seed4.txt,Set Cover,100,RelaxGrouping,2000,true,min,5.000000,0.031339,0.009879,0.005883,22350,43648,400,true
set_cover_n100_m81_d0.4_b_w20_seed4.txt,Set Cover,100,RelaxGrouping,5000,true,min,5.000000,0.031278,0.009894,0.006578,22350,43648,400,true
set_cover_n100_m81_d0.4_b_w20_seed4.txt,Set Cover,100,RelaxGrouping,10000,true,min,5.000000,0.032275,0.007223,0.003590,22350,43648,400,true
set_cover_n100_m81_d0.4_b_w20_seed4.txt,Set Cover,100,RelaxGrouping,20000,true,min,5.000000,0.030858,0.007316,0.003684,22350,43648,400,true
set_cover_n100_m81_d0.4_b_w20_seed4.txt,Set Cover,100,RelaxGrouping,500,false,min,5.000000,0.030159,na,0.004807,22350,43648,400,true
set_cover_n100_m81_d0.4_b_w20_seed4.txt,Set Cover,100,RelaxGrouping,1000,false,min,5.000000,0.030249,na,0.004723,22350,43648,400,true
set_cover_n100_m81_d0.4_b_w20_seed4.txt,Set Cover,100,RelaxGrouping,2000,false,min,5.000000,0.031769,na,0.005992,22350,43648,400,true
set_cover_n100_m81_d0.4_b_w20_seed4.txt,Set Cover,100,RelaxGrouping,5000,false,min,5.000000,0.030782,na,0.006137,22350,43648,400,true
set_cover_n100_m81_d0.4_b_w20_seed4.txt,Set Cover,100,RelaxGrouping,10000,false,min,5.000000,0.032338,na,0.006310,22350,43648,400,true
set_cover_n100_m81_d0.4_b_w20_seed4.txt,Set Cover,100,RelaxGrouping,20000,false,min,5.000000,0.030917,na,0.005227,22350,43648,400,true
set_cover_n100_m81_d0.05_b_w20_seed1.txt,Set Cover,100,RelaxGrouping,500,true,min,3.000000,0.067741,0.015562,0.002239,7949,13400,301,true
set_cover_n100_m81_d0.05_b_w20_seed1.txt,Set Cover,100,RelaxGrouping,1000,true,min,3.000000,0.135561,0.041453,0.005284,12936,21976,328,true
set_cover_n100_m81_d0.05_b_w20_seed1.txt,Set Cover,100,RelaxGrouping,2000,true,min,3.000000,0.265483,0.105082,0.010365,18340,31696,460,true
set_cover_n100_m81_d0.05_b_w20_seed1.txt,Set Cover,100,RelaxGrouping,5000,true,min,3.000000,0.748858,0.324410,0.021944,34634,59837,1005,true
set_cover_n100_m81_d0.05_b_w20_seed1.txt,Set Cover,100,RelaxGrouping,500,false,min,3.000000,0.069836,na,0.006695,28956,48917,497,true
set_cover_n100_m81_d0.05_b_w20_seed1.txt,Set Cover,100,RelaxGrouping,1000,false,min,3.000000,0.130265,na,0.013808,54904,92872,997,true
set_cover_n100_m81_d0.05_b_w20_seed1.txt,Set Cover,100,RelaxGrouping,2000,false,min,3.000000,0.276305,na,0.029283,101757,174060,1987,true
set_cover_n100_m81_d0.05_b_w20_seed1.txt,Set Cover,100,RelaxGrouping,10000,true,min,3.000000,1.764721,0.766913,0.038562,50692,88764,1598,true
set_cover_n100_m81_d0.05_b_w20_seed1.txt,Set Cover,100,RelaxGrouping,5000,false,min,3.000000,0.735982,na,0.083486,244015,414284,4939,true
set_cover_n100_m81_d0.5_b_w20_seed1.txt,Set Cover,100,RelaxGrouping,500,true,min,5.000000,0.032525,0.009614,0.006196,22350,43648,400,true
set_cover_n100_m81_d0.05_b_w20_seed1.txt,Set Cover,100,RelaxGrouping,10000,false,min,3.000000,1.901721,na,0.209968,470877,807303,9982,true
set_cover_n100_m81_d0.5_b_w20_seed1.txt,Set Cover,100,RelaxGrouping,1000,true,min,5.000000,0.030566,0.008407,0.004697,22350,43648,400,true
set_cover_n100_m81_d0.5_b_w20_seed1.txt,Set Cover,100,RelaxGrouping,2000,true,min,5.000000,0.029361,0.007237,0.003836,22350,43648,400,true
set_cover_n100_m81_d0.05_b_w20_seed1.txt,Set Cover,100,RelaxGrouping,20000,true,min,4.000000,4.675655,2.220636,0.076423,94303,164883,3147,true
set_cover_n100_m81_d0.5_b_w20_seed1.txt,Set Cover,100,RelaxGrouping,10000,true,min,5.000000,0.029814,0.006800,0.003655,22350,43648,400,true
set_cover_n100_m81_d0.5_b_w20_seed1.txt,Set Cover,100,RelaxGrouping,5000,true,min,5.000000,0.029932,0.006887,0.003827,22350,43648,400,true
set_cover_n100_m81_d0.5_b_w20_seed1.txt,Set Cover,100,RelaxGrouping,20000,true,min,5.000000,0.032356,0.010533,0.005743,22350,43648,400,true
set_cover_n100_m81_d0.05_b_w20_seed1.txt,Set Cover,100,RelaxGrouping,20000,false,min,4.000000,4.612437,na,0.468538,930317,1578148,19911,true
set_cover_n100_m81_d0.5_b_w20_seed1.txt,Set Cover,100,RelaxGrouping,500,false,min,5.000000,0.032182,na,0.005398,22350,43648,400,true
set_cover_n100_m81_d0.5_b_w20_seed1.txt,Set Cover,100,RelaxGrouping,1000,false,min,5.000000,0.030756,na,0.006427,22350,43648,400,true
set_cover_n100_m81_d0.5_b_w20_seed1.txt,Set Cover,100,RelaxGrouping,2000,false,min,5.000000,0.030814,na,0.005202,22350,43648,400,true
set_cover_n100_m81_d0.5_b_w20_seed1.txt,Set Cover,100,RelaxGrouping,5000,false,min,5.000000,0.031068,na,0.005753,22350,43648,400,true
set_cover_n100_m81_d0.5_b_w20_seed1.txt,Set Cover,100,RelaxGrouping,10000,false,min,5.000000,0.031846,na,0.004245,22350,43648,400,true
set_cover_n100_m81_d0.5_b_w20_seed1.txt,Set Cover,100,RelaxGrouping,20000,false,min,5.000000,0.031673,na,0.004136,22350,43648,400,true
set_cover_n100_m81_d0.05_b_w20_seed2.txt,Set Cover,100,RelaxGrouping,500,true,min,4.000000,0.062422,0.017437,0.003455,7070,12064,158,true
set_cover_n100_m81_d0.05_b_w20_seed2.txt,Set Cover,100,RelaxGrouping,1000,true,min,4.000000,0.124371,0.037949,0.003844,11601,19392,295,true
set_cover_n100_m81_d0.05_b_w20_seed2.txt,Set Cover,100,RelaxGrouping,2000,true,min,4.000000,0.254879,0.100060,0.011113,18378,30687,543,true
set_cover_n100_m81_d0.05_b_w20_seed2.txt,Set Cover,100,RelaxGrouping,500,false,min,4.000000,0.061692,na,0.007380,26395,44092,497,true
set_cover_n100_m81_d0.05_b_w20_seed2.txt,Set Cover,100,RelaxGrouping,5000,true,min,4.000000,0.729977,0.285286,0.020934,36847,61110,1289,true
set_cover_n100_m81_d0.05_b_w20_seed2.txt,Set Cover,100,RelaxGrouping,1000,false,min,4.000000,0.121947,na,0.011055,52699,87283,999,true
set_cover_n100_m81_d0.05_b_w20_seed2.txt,Set Cover,100,RelaxGrouping,2000,false,min,4.000000,0.255434,na,0.028361,99374,166607,1993,true
set_cover_n100_m81_d0.05_b_w20_seed2.txt,Set Cover,100,RelaxGrouping,10000,true,min,4.000000,1.687755,0.795645,0.044364,65163,107633,2242,true
set_cover_n100_m81_d0.05_b_w20_seed2.txt,Set Cover,100,RelaxGrouping,5000,false,min,4.000000,0.782326,na,0.078508,241769,404181,4977,true
set_cover_n100_m81_d0.5_b_w20_seed2.txt,Set Cover,100,RelaxGrouping,500,true,min,5.000000,0.031674,0.007256,0.003596,22350,43648,400,true
set_cover_n100_m81_d0.05_b_w20_seed2.txt,Set Cover,100,RelaxGrouping,10000,false,min,4.000000,1.848927,na,0.201761,490508,805183,9996,true
set_cover_n100_m81_d0.5_b_w20_seed2.txt,Set Cover,100,RelaxGrouping,1000,true,min,5.000000,0.033116,0.011025,0.006432,22350,43648,400,true
set_cover_n100_m81_d0.5_b_w20_seed2.txt,Set Cover,100,RelaxGrouping,2000,true,min,5.000000,0.031663,0.010955,0.006101,22350,43648,400,true
set_cover_n100_m81_d0.05_b_w20_seed2.txt,Set Cover,100,RelaxGrouping,20000,true,min,5.000000,4.324477,2.088785,0.103995,128267,208693,5452,true
set_cover_n100_m81_d0.5_b_w20_seed2.txt,Set Cover,100,RelaxGrouping,5000,true,min,5.000000,0.029712,0.008502,0.005476,22350,43648,400,true
set_cover_n100_m81_d0.5_b_w20_seed2.txt,Set Cover,100,RelaxGrouping,500,false,min,5.000000,0.030195,na,0.004944,22350,43648,400,true
set_cover_n100_m81_d0.5_b_w20_seed2.txt,Set Cover,100,RelaxGrouping,10000,true,min,5.000000,0.031686,0.007737,0.004974,22350,43648,400,true
set_cover_n100_m81_d0.5_b_w20_seed2.txt,Set Cover,100,RelaxGrouping,20000,true,min,5.000000,0.030059,0.007700,0.004538,22350,43648,400,true
set_cover_n100_m81_d0.05_b_w20_seed2.txt,Set Cover,100,RelaxGrouping,20000,false,min,5.000000,4.337966,na,0.406133,933238,1539177,19989,true
set_cover_n100_m81_d0.5_b_w20_seed2.txt,Set Cover,100,RelaxGrouping,1000,false,min,5.000000,0.030131,na,0.004584,22350,43648,400,true
set_cover_n100_m81_d0.5_b_w20_seed2.txt,Set Cover,100,RelaxGrouping,5000,false,min,5.000000,0.032216,na,0.006044,22350,43648,400,true
set_cover_n100_m81_d0.5_b_w20_seed2.txt,Set Cover,100,RelaxGrouping,2000,false,min,5.000000,0.031095,na,0.008795,22350,43648,400,true
set_cover_n100_m81_d0.5_b_w20_seed2.txt,Set Cover,100,RelaxGrouping,10000,false,min,5.000000,0.030957,na,0.007918,22350,43648,400,true
set_cover_n100_m81_d0.5_b_w20_seed2.txt,Set Cover,100,RelaxGrouping,20000,false,min,5.000000,0.029141,na,0.003334,22350,43648,400,true
set_cover_n100_m81_d0.05_b_w20_seed3.txt,Set Cover,100,RelaxGrouping,500,true,min,2.000000,0.062622,0.016054,0.003213,9790,15997,208,true
set_cover_n100_m81_d0.05_b_w20_seed3.txt,Set Cover,100,RelaxGrouping,1000,true,min,2.000000,0.132830,0.045274,0.009258,18636,30280,470,true
set_cover_n100_m81_d0.05_b_w20_seed3.txt,Set Cover,100,RelaxGrouping,2000,true,min,3.000000,0.271110,0.102455,0.013517,31820,51628,765,true
set_cover_n100_m81_d0.05_b_w20_seed3.txt,Set Cover,100,RelaxGrouping,5000,true,min,3.000000,0.769258,0.355572,0.048436,76394,121972,2067,true
set_cover_n100_m81_d0.05_b_w20_seed3.txt,Set Cover,100,RelaxGrouping,500,false,min,2.000000,0.061737,na,0.005429,28273,47865,499,true
set_cover_n100_m81_d0.05_b_w20_seed3.txt,Set Cover,100,RelaxGrouping,1000,false,min,2.000000,0.128345,na,0.016410,56386,94322,997,true
set_cover_n100_m81_d0.05_b_w20_seed3.txt,Set Cover,100,RelaxGrouping,2000,false,min,3.000000,0.257238,na,0.024890,107129,180351,1996,true
set_cover_n100_m81_d0.05_b_w20_seed3.txt,Set Cover,100,RelaxGrouping,10000,true,min,3.000000,1.705347,0.765835,0.086056,131613,211564,3639,true
set_cover_n100_m81_d0.05_b_w20_seed3.txt,Set Cover,100,RelaxGrouping,5000,false,min,3.000000,0.740100,na,0.087383,264386,441809,4991,true
set_cover_n100_m81_d0.5_b_w20_seed3.txt,Set Cover,100,RelaxGrouping,500,true,min,5.000000,0.031668,0.008095,0.004627,22350,43648,400,true
set_cover_n100_m81_d0.05_b_w20_seed3.txt,Set Cover,100,RelaxGrouping,10000,false,min,3.000000,1.858926,na,0.205042,514658,856342,9922,true
set_cover_n100_m81_d0.5_b_w20_seed3.txt,Set Cover,100,RelaxGrouping,1000,true,min,5.000000,0.032245,0.007871,0.003905,22350,43648,400,true
set_cover_n100_m81_d0.5_b_w20_seed3.txt,Set Cover,100,RelaxGrouping,2000,true,min,5.000000,0.032178,0.007761,0.004434,22350,43648,400,true
set_cover_n100_m81_d0.05_b_w20_seed3.txt,Set Cover,100,RelaxGrouping,20000,true,min,3.000000,4.298091,2.130905,0.205059,239941,386484,6671,true
set_cover_n100_m81_d0.5_b_w20_seed3.txt,Set Cover,100,RelaxGrouping,5000,true,min,5.000000,0.030091,0.007291,0.003565,22350,43648,400,true
set_cover_n100_m81_d0.5_b_w20_seed3.txt,Set Cover,100,RelaxGrouping,10000,true,min,5.000000,0.032893,0.011131,0.006647,22350,43648,400,true
set_cover_n100_m81_d0.5_b_w20_seed3.txt,Set Cover,100,RelaxGrouping,20000,true,min,5.000000,0.031592,0.011315,0.006332,22350,43648,400,true
set_cover_n100_m81_d0.05_b_w20_seed3.txt,Set Cover,100,RelaxGrouping,20000,false,min,3.000000,4.574927,na,0.423935,1005178,1661764,19976,true
set_cover_n100_m81_d0.5_b_w20_seed3.txt,Set Cover,100,RelaxGrouping,500,false,min,5.000000,0.029781,na,0.004450,22350,43648,400,true
set_cover_n100_m81_d0.5_b_w20_seed3.txt,Set Cover,100,RelaxGrouping,1000,false,min,5.000000,0.031102,na,0.004335,22350,43648,400,true
set_cover_n100_m81_d0.5_b_w20_seed3.txt,Set Cover,100,RelaxGrouping,2000,false,min,5.000000,0.032462,na,0.005531,22350,43648,400,true
set_cover_n100_m81_d0.5_b_w20_seed3.txt,Set Cover,100,RelaxGrouping,5000,false,min,5.000000,0.032914,na,0.005872,22350,43648,400,true
set_cover_n100_m81_d0.5_b_w20_seed3.txt,Set Cover,100,RelaxGrouping,10000,false,min,5.000000,0.030714,na,0.005409,22350,43648,400,true
set_cover_n100_m81_d0.5_b_w20_seed3.txt,Set Cover,100,RelaxGrouping,20000,false,min,5.000000,0.029355,na,0.006555,22350,43648,400,true
set_cover_n100_m81_d0.05_b_w20_seed4.txt,Set Cover,100,RelaxGrouping,500,true,min,2.000000,0.067372,0.019947,0.005630,11950,19295,349,true
set_cover_n100_m81_d0.05_b_w20_seed4.txt,Set Cover,100,RelaxGrouping,1000,true,min,3.000000,0.129909,0.041435,0.007287,21981,36085,789,true
set_cover_n100_m81_d0.05_b_w20_seed4.txt,Set Cover,100,RelaxGrouping,2000,true,min,3.000000,0.263738,0.101122,0.019068,41341,66467,1449,true
set_cover_n100_m81_d0.05_b_w20_seed4.txt,Set Cover,100,RelaxGrouping,5000,true,min,3.000000,0.709476,0.326503,0.044054,77346,124362,2651,true
set_cover_n100_m81_d0.05_b_w20_seed4.txt,Set Cover,100,RelaxGrouping,500,false,min,2.000000,0.074143,na,0.007741,30959,51802,496,true
set_cover_n100_m81_d0.05_b_w20_seed4.txt,Set Cover,100,RelaxGrouping,1000,false,min,3.000000,0.133734,na,0.013315,57456,95660,990,true
set_cover_n100_m81_d0.05_b_w20_seed4.txt,Set Cover,100,RelaxGrouping,10000,true,min,3.000000,1.813549,0.753554,0.077556,124885,203324,3880,true
set_cover_n100_m81_d0.05_b_w20_seed4.txt,Set Cover,100,RelaxGrouping,2000,false,min,3.000000,0.272155,na,0.027132,113855,188931,1993,true
set_cover_n100_m81_d0.05_b_w20_seed4.txt,Set Cover,100,RelaxGrouping,5000,false,min,3.000000,0.731858,na,0.088508,258653,428302,4967,true
set_cover_n100_m81_d0.05_b_w20_seed4.txt,Set Cover,100,RelaxGrouping,10000,false,min,3.000000,1.875491,na,0.206613,489953,813067,9934,true
set_cover_n100_m81_d0.5_b_w20_seed4.txt,Set Cover,100,RelaxGrouping,500,true,min,5.000000,0.031461,0.009847,0.005950,22350,43648,400,true
set_cover_n100_m81_d0.5_b_w20_seed4.txt,Set Cover,100,RelaxGrouping,1000,true,min,5.000000,0.031112,0.009170,0.004641,22350,43648,400,true
set_cover_n100_m81_d0.05_b_w20_seed4.txt,Set Cover,100,RelaxGrouping,20000,true,min,3.000000,4.175098,2.056580,0.175165,232877,374430,7785,true
set_cover_n100_m81_d0.5_b_w20_seed4.txt,Set Cover,100,RelaxGrouping,5000,true,min,5.000000,0.029804,0.007771,0.004765,22350,43648,400,true
set_cover_n100_m81_d0.5_b_w20_seed4.txt,Set Cover,100,RelaxGrouping,2000,true,min,5.000000,0.030874,0.007538,0.005280,22350,43648,400,true
set_cover_n100_m81_d0.5_b_w20_seed4.txt,Set Cover,100,RelaxGrouping,10000,true,min,5.000000,0.032387,0.010196,0.006294,22350,43648,400,true
set_cover_n100_m81_d0.5_b_w20_seed4.txt,Set Cover,100,RelaxGrouping,20000,true,min,5.000000,0.032343,0.010358,0.006239,22350,43648,400,true
set_cover_n100_m81_d0.05_b_w20_seed4.txt,Set Cover,100,RelaxGrouping,20000,false,min,3.000000,4.138310,na,0.431129,939511,1548158,19888,true
set_cover_n100_m81_d0.5_b_w20_seed4.txt,Set Cover,100,RelaxGrouping,500,false,min,5.000000,0.030953,na,0.004268,22350,43648,400,true
set_cover_n100_m81_d0.5_b_w20_seed4.txt,Set Cover,100,RelaxGrouping,1000,false,min,5.000000,0.030900,na,0.004533,22350,43648,400,true
set_cover_n100_m81_d0.5_b_w20_seed4.txt,Set Cover,100,RelaxGrouping,2000,false,min,5.000000,0.030084,na,0.004860,22350,43648,400,true
set_cover_n100_m81_d0.5_b_w20_seed4.txt,Set Cover,100,RelaxGrouping,5000,false,min,5.000000,0.030303,na,0.004898,22350,43648,400,true
set_cover_n100_m81_d0.5_b_w20_seed4.txt,Set Cover,100,RelaxGrouping,10000,false,min,5.000000,0.030284,na,0.004904,22350,43648,400,true
set_cover_n100_m81_d0.5_b_w20_seed4.txt,Set Cover,100,RelaxGrouping,20000,false,min,5.000000,0.031851,na,0.005886,22350,43648,400,true
set_cover_n100_m81_d0.15_b_w20_seed1.txt,Set Cover,100,RelaxGrouping,500,true,min,2.000000,0.072442,0.020979,0.003499,11401,21619,274,true
set_cover_n100_m81_d0.15_b_w20_seed1.txt,Set Cover,100,RelaxGrouping,1000,true,min,2.000000,0.143072,0.049689,0.007520,17822,33780,477,true
set_cover_n100_m81_d0.15_b_w20_seed1.txt,Set Cover,100,RelaxGrouping,2000,true,min,2.000000,0.277169,0.102649,0.015141,29553,56024,900,true
set_cover_n100_m81_d0.15_b_w20_seed1.txt,Set Cover,100,RelaxGrouping,500,false,min,2.000000,0.077733,na,0.007146,31022,58040,495,true
set_cover_n100_m81_d0.15_b_w20_seed1.txt,Set Cover,100,RelaxGrouping,1000,false,min,2.000000,0.152580,na,0.014459,58849,110136,990,true
set_cover_n100_m81_d0.15_b_w20_seed1.txt,Set Cover,100,RelaxGrouping,5000,true,min,2.000000,0.795557,0.395812,0.040769,59198,112501,1853,true
set_cover_n100_m81_d0.15_b_w20_seed1.txt,Set Cover,100,RelaxGrouping,10000,true,min,2.000000,1.957019,0.931309,0.081975,109507,209546,3633,true
set_cover_n100_m81_d0.15_b_w20_seed1.txt,Set Cover,100,RelaxGrouping,2000,false,min,2.000000,0.301003,na,0.030393,111603,209058,1985,true
set_cover_n100_m81_d0.15_b_w20_seed1.txt,Set Cover,100,RelaxGrouping,5000,false,min,2.000000,0.803223,na,0.091604,264357,495645,4982,true
set_cover_n100_m81_d0.15_b_w20_seed2.txt,Set Cover,100,RelaxGrouping,500,true,min,2.000000,0.076975,0.023510,0.004567,8645,16759,272,true
set_cover_n100_m81_d0.15_b_w20_seed1.txt,Set Cover,100,RelaxGrouping,10000,false,min,2.000000,2.049899,na,0.221882,507592,954469,9977,true
set_cover_n100_m81_d0.15_b_w20_seed2.txt,Set Cover,100,RelaxGrouping,1000,true,min,2.000000,0.142460,0.047990,0.005233,12620,24454,383,true
set_cover_n100_m81_d0.15_b_w20_seed1.txt,Set Cover,100,RelaxGrouping,20000,true,min,3.000000,4.571333,2.332697,0.175694,191944,368920,7399,true
set_cover_n100_m81_d0.15_b_w20_seed2.txt,Set Cover,100,RelaxGrouping,2000,true,min,2.000000,0.299831,0.118224,0.010215,20627,40089,699,true
set_cover_n100_m81_d0.15_b_w20_seed2.txt,Set Cover,100,RelaxGrouping,5000,true,min,2.000000,0.805426,0.388311,0.035518,51313,100236,1904,true
set_cover_n100_m81_d0.15_b_w20_seed2.txt,Set Cover,100,RelaxGrouping,500,false,min,2.000000,0.072638,na,0.007039,29202,55796,495,true
set_cover_n100_m81_d0.15_b_w20_seed1.txt,Set Cover,100,RelaxGrouping,20000,false,min,3.000000,4.564607,na,0.472088,975642,1835881,19976,true
set_cover_n100_m81_d0.15_b_w20_seed2.txt,Set Cover,100,RelaxGrouping,1000,false,min,2.000000,0.145449,na,0.014631,56174,107716,994,true
set_cover_n100_m81_d0.15_b_w20_seed2.txt,Set Cover,100,RelaxGrouping,10000,true,min,3.000000,1.950336,0.990779,0.071441,90801,177796,3610,true
set_cover_n100_m81_d0.15_b_w20_seed2.txt,Set Cover,100,RelaxGrouping,2000,false,min,2.000000,0.303085,na,0.031726,107771,206923,1982,true
set_cover_n100_m81_d0.15_b_w20_seed2.txt,Set Cover,100,RelaxGrouping,5000,false,min,2.000000,0.821504,na,0.089420,258489,494914,4983,true
set_cover_n100_m81_d0.15_b_w20_seed3.txt,Set Cover,100,RelaxGrouping,500,true,min,2.000000,0.075572,0.025149,0.005007,9980,18495,268,true
set_cover_n100_m81_d0.15_b_w20_seed2.txt,Set Cover,100,RelaxGrouping,10000,false,min,3.000000,2.018878,na,0.218575,492023,944287,9964,true
set_cover_n100_m81_d0.15_b_w20_seed3.txt,Set Cover,100,RelaxGrouping,1000,true,min,2.000000,0.147466,0.056845,0.007233,16595,30678,407,true
set_cover_n100_m81_d0.15_b_w20_seed3.txt,Set Cover,100,RelaxGrouping,2000,true,min,2.000000,0.298188,0.125952,0.014833,26158,48279,733,true
set_cover_n100_m81_d0.15_b_w20_seed2.txt,Set Cover,100,RelaxGrouping,20000,true,min,3.000000,4.767520,2.397131,0.146752,153663,300712,6233,true
set_cover_n100_m81_d0.15_b_w20_seed2.txt,Set Cover,100,RelaxGrouping,20000,false,min,3.000000,4.734047,na,0.481897,934926,1792011,19920,true
set_cover_n100_m81_d0.15_b_w20_seed3.txt,Set Cover,100,RelaxGrouping,500,false,min,2.000000,0.073753,na,0.008427,31403,58818,496,true
set_cover_n100_m81_d0.15_b_w20_seed3.txt,Set Cover,100,RelaxGrouping,5000,true,min,2.000000,0.821081,0.386601,0.037821,57512,107073,1807,true
set_cover_n100_m81_d0.15_b_w20_seed3.txt,Set Cover,100,RelaxGrouping,10000,true,min,2.000000,1.937786,0.987548,0.072884,96075,181112,2701,true
set_cover_n100_m81_d0.15_b_w20_seed3.txt,Set Cover,100,RelaxGrouping,1000,false,min,2.000000,0.150982,na,0.018644,63833,119083,995,true
set_cover_n100_m81_d0.15_b_w20_seed3.txt,Set Cover,100,RelaxGrouping,2000,false,min,2.000000,0.307892,na,0.036865,122930,228088,1985,true
set_cover_n100_m81_d0.15_b_w20_seed3.txt,Set Cover,100,RelaxGrouping,5000,false,min,2.000000,0.760818,na,0.095090,289046,536473,4993,true
set_cover_n100_m81_d0.15_b_w20_seed4.txt,Set Cover,100,RelaxGrouping,500,true,min,2.000000,0.079531,0.025518,0.004834,11640,22149,310,true
set_cover_n100_m81_d0.15_b_w20_seed3.txt,Set Cover,100,RelaxGrouping,10000,false,min,2.000000,1.785482,na,0.220099,546712,1016579,9975,true
set_cover_n100_m81_d0.15_b_w20_seed3.txt,Set Cover,100,RelaxGrouping,20000,true,min,3.000000,4.185332,2.213485,0.147300,172126,327692,5074,true
set_cover_n100_m81_d0.15_b_w20_seed4.txt,Set Cover,100,RelaxGrouping,1000,true,min,2.000000,0.149075,0.054615,0.009959,17589,33637,491,true
set_cover_n100_m81_d0.15_b_w20_seed4.txt,Set Cover,100,RelaxGrouping,2000,true,min,2.000000,0.304446,0.125905,0.014488,25317,48646,675,true
set_cover_n100_m81_d0.15_b_w20_seed4.txt,Set Cover,100,RelaxGrouping,500,false,min,2.000000,0.081097,na,0.011471,34525,65290,499,true
set_cover_n100_m81_d0.15_b_w20_seed3.txt,Set Cover,100,RelaxGrouping,20000,false,min,3.000000,4.329939,na,0.517614,1027905,1917056,19983,true
set_cover_n100_m81_d0.15_b_w20_seed4.txt,Set Cover,100,RelaxGrouping,5000,true,min,2.000000,0.881782,0.353469,0.040258,57242,109663,1608,true
set_cover_n100_m81_d0.15_b_w20_seed4.txt,Set Cover,100,RelaxGrouping,1000,false,min,2.000000,0.150119,na,0.019248,63007,119299,996,true
set_cover_n100_m81_d0.15_b_w20_seed4.txt,Set Cover,100,RelaxGrouping,10000,true,min,2.000000,1.979676,0.868548,0.068309,98758,188820,3203,true
set_cover_n100_m81_d0.15_b_w20_seed4.txt,Set Cover,100,RelaxGrouping,2000,false,min,2.000000,0.303463,na,0.035401,116404,220434,1994,true
set_cover_n100_m81_d0.15_b_w20_seed4.txt,Set Cover,100,RelaxGrouping,5000,false,min,2.000000,0.765152,na,0.095400,270342,511163,4991,true
set_cover_n100_m81_d0.25_b_w20_seed1.txt,Set Cover,100,RelaxGrouping,500,true,min,5.000000,0.032484,0.007605,0.004232,22350,43648,400,true
set_cover_n100_m81_d0.15_b_w20_seed4.txt,Set Cover,100,RelaxGrouping,10000,false,min,2.000000,1.785879,na,0.224142,504283,953247,9988,true
set_cover_n100_m81_d0.15_b_w20_seed4.txt,Set Cover,100,RelaxGrouping,20000,true,min,3.000000,4.274372,2.113136,0.145637,167923,321511,5938,true
set_cover_n100_m81_d0.25_b_w20_seed1.txt,Set Cover,100,RelaxGrouping,1000,true,min,5.000000,0.029650,0.006837,0.003995,22350,43648,400,true
set_cover_n100_m81_d0.25_b_w20_seed1.txt,Set Cover,100,RelaxGrouping,2000,true,min,5.000000,0.031340,0.007176,0.004235,22350,43648,400,true
set_cover_n100_m81_d0.25_b_w20_seed1.txt,Set Cover,100,RelaxGrouping,5000,true,min,5.000000,0.029210,0.006575,0.004451,22350,43648,400,true
set_cover_n100_m81_d0.25_b_w20_seed1.txt,Set Cover,100,RelaxGrouping,10000,true,min,5.000000,0.030729,0.006753,0.004193,22350,43648,400,true
set_cover_n100_m81_d0.25_b_w20_seed1.txt,Set Cover,100,RelaxGrouping,500,false,min,5.000000,0.031102,na,0.004136,22350,43648,400,true
set_cover_n100_m81_d0.25_b_w20_seed1.txt,Set Cover,100,RelaxGrouping,20000,true,min,5.000000,0.031306,0.007572,0.004151,22350,43648,400,true
set_cover_n100_m81_d0.15_b_w20_seed4.txt,Set Cover,100,RelaxGrouping,20000,false,min,3.000000,3.962668,na,0.422902,932145,1762525,19899,true
set_cover_n100_m81_d0.25_b_w20_seed1.txt,Set Cover,100,RelaxGrouping,1000,false,min,5.000000,0.029900,na,0.004060,22350,43648,400,true
set_cover_n100_m81_d0.25_b_w20_seed1.txt,Set Cover,100,RelaxGrouping,2000,false,min,5.000000,0.030894,na,0.004202,22350,43648,400,true
set_cover_n100_m81_d0.25_b_w20_seed1.txt,Set Cover,100,RelaxGrouping,5000,false,min,5.000000,0.030144,na,0.003815,22350,43648,400,true
set_cover_n100_m81_d0.25_b_w20_seed1.txt,Set Cover,100,RelaxGrouping,10000,false,min,5.000000,0.030145,na,0.003824,22350,43648,400,true
set_cover_n100_m81_d0.25_b_w20_seed1.txt,Set Cover,100,RelaxGrouping,20000,false,min,5.000000,0.030995,na,0.005943,22350,43648,400,true
set_cover_n100_m81_d0.25_b_w20_seed2.txt,Set Cover,100,RelaxGrouping,500,true,min,5.000000,0.031133,0.010521,0.005708,22350,43648,400,true
set_cover_n100_m81_d0.25_b_w20_seed2.txt,Set Cover,100,RelaxGrouping,1000,true,min,5.000000,0.031036,0.010406,0.005730,22350,43648,400,true
set_cover_n100_m81_d0.25_b_w20_seed2.txt,Set Cover,100,RelaxGrouping,2000,true,min,5.000000,0.030302,0.008616,0.004954,22350,43648,400,true
set_cover_n100_m81_d0.25_b_w20_seed2.txt,Set Cover,100,RelaxGrouping,5000,true,min,5.000000,0.028702,0.009839,0.005499,22350,43648,400,true
set_cover_n100_m81_d0.25_b_w20_seed2.txt,Set Cover,100,RelaxGrouping,500,false,min,5.000000,0.031487,na,0.008471,22350,43648,400,true
set_cover_n100_m81_d0.25_b_w20_seed2.txt,Set Cover,100,RelaxGrouping,10000,true,min,5.000000,0.031399,0.010736,0.006832,22350,43648,400,true
set_cover_n100_m81_d0.25_b_w20_seed2.txt,Set Cover,100,RelaxGrouping,20000,true,min,5.000000,0.032916,0.011009,0.007142,22350,43648,400,true
set_cover_n100_m81_d0.25_b_w20_seed2.txt,Set Cover,100,RelaxGrouping,1000,false,min,5.000000,0.029483,na,0.003487,22350,43648,400,true
set_cover_n100_m81_d0.25_b_w20_seed2.txt,Set Cover,100,RelaxGrouping,2000,false,min,5.000000,0.030923,na,0.003679,22350,43648,400,true
set_cover_n100_m81_d0.25_b_w20_seed2.txt,Set Cover,100,RelaxGrouping,5000,false,min,5.000000,0.030528,na,0.005629,22350,43648,400,true
set_cover_n100_m81_d0.25_b_w20_seed2.txt,Set Cover,100,RelaxGrouping,10000,false,min,5.000000,0.031855,na,0.007362,22350,43648,400,true
set_cover_n100_m81_d0.25_b_w20_seed2.txt,Set Cover,100,RelaxGrouping,20000,false,min,5.000000,0.030498,na,0.008594,22350,43648,400,true
set_cover_n100_m81_d0.25_b_w20_seed3.txt,Set Cover,100,RelaxGrouping,500,true,min,5.000000,0.031462,0.008214,0.005431,22350,43648,400,true
set_cover_n100_m81_d0.25_b_w20_seed3.txt,Set Cover,100,RelaxGrouping,1000,true,min,5.000000,0.029970,0.008280,0.006122,22350,43648,400,true
set_cover_n100_m81_d0.25_b_w20_seed3.txt,Set Cover,100,RelaxGrouping,2000,true,min,5.000000,0.030907,0.009793,0.005096,22350,43648,400,true
set_cover_n100_m81_d0.25_b_w20_seed3.txt,Set Cover,100,RelaxGrouping,5000,true,min,5.000000,0.030997,0.009775,0.005381,22350,43648,400,true
set_cover_n100_m81_d0.25_b_w20_seed3.txt,Set Cover,100,RelaxGrouping,10000,true,min,5.000000,0.032246,0.009724,0.005625,22350,43648,400,true
set_cover_n100_m81_d0.25_b_w20_seed3.txt,Set Cover,100,RelaxGrouping,500,false,min,5.000000,0.030569,na,0.007896,22350,43648,400,true
set_cover_n100_m81_d0.25_b_w20_seed3.txt,Set Cover,100,RelaxGrouping,20000,true,min,5.000000,0.031745,0.010240,0.005991,22350,43648,400,true
set_cover_n100_m81_d0.25_b_w20_seed3.txt,Set Cover,100,RelaxGrouping,1000,false,min,5.000000,0.032720,na,0.006017,22350,43648,400,true
set_cover_n100_m81_d0.25_b_w20_seed3.txt,Set Cover,100,RelaxGrouping,2000,false,min,5.000000,0.031231,na,0.006088,22350,43648,400,true
set_cover_n100_m81_d0.25_b_w20_seed3.txt,Set Cover,100,RelaxGrouping,5000,false,min,5.000000,0.032589,na,0.006114,22350,43648,400,true
set_cover_n100_m81_d0.25_b_w20_seed3.txt,Set Cover,100,RelaxGrouping,20000,false,min,5.000000,0.027556,na,0.003652,22350,43648,400,true
set_cover_n100_m81_d0.25_b_w20_seed3.txt,Set Cover,100,RelaxGrouping,10000,false,min,5.000000,0.029015,na,0.003926,22350,43648,400,true
set_cover_n100_m81_d0.25_b_w20_seed4.txt,Set Cover,100,RelaxGrouping,500,true,min,5.000000,0.030146,0.006198,0.003718,22350,43648,400,true
set_cover_n100_m81_d0.25_b_w20_seed4.txt,Set Cover,100,RelaxGrouping,1000,true,min,5.000000,0.030325,0.006284,0.003832,22350,43648,400,true
set_cover_n100_m81_d0.25_b_w20_seed4.txt,Set Cover,100,RelaxGrouping,2000,true,min,5.000000,0.030619,0.006710,0.004056,22350,43648,400,true
set_cover_n100_m81_d0.25_b_w20_seed4.txt,Set Cover,100,RelaxGrouping,5000,true,min,5.000000,0.031360,0.010267,0.006277,22350,43648,400,true
set_cover_n100_m81_d0.25_b_w20_seed4.txt,Set Cover,100,RelaxGrouping,10000,true,min,5.000000,0.030072,0.010298,0.006566,22350,43648,400,true
set_cover_n100_m81_d0.25_b_w20_seed4.txt,Set Cover,100,RelaxGrouping,500,false,min,5.000000,0.031502,na,0.005555,22350,43648,400,true
set_cover_n100_m81_d0.25_b_w20_seed4.txt,Set Cover,100,RelaxGrouping,1000,false,min,5.000000,0.029937,na,0.006036,22350,43648,400,true
set_cover_n100_m81_d0.25_b_w20_seed4.txt,Set Cover,100,RelaxGrouping,20000,true,min,5.000000,0.031427,0.007501,0.004882,22350,43648,400,true
set_cover_n100_m81_d0.25_b_w20_seed4.txt,Set Cover,100,RelaxGrouping,2000,false,min,5.000000,0.028505,na,0.003788,22350,43648,400,true
set_cover_n100_m81_d0.25_b_w20_seed4.txt,Set Cover,100,RelaxGrouping,5000,false,min,5.000000,0.029821,na,0.003742,22350,43648,400,true
set_cover_n100_m81_d0.25_b_w20_seed4.txt,Set Cover,100,RelaxGrouping,10000,false,min,5.000000,0.030651,na,0.003956,22350,43648,400,true
set_cover_n100_m81_d0.25_b_w20_seed4.txt,Set Cover,100,RelaxGrouping,20000,false,min,5.000000,0.030900,na,0.005883,22350,43648,400,true
set_cover_n100_m81_d0.35_b_w20_seed1.txt,Set Cover,100,RelaxGrouping,500,true,min,5.000000,0.031040,0.010080,0.005597,22350,43648,400,true
set_cover_n100_m81_d0.35_b_w20_seed1.txt,Set Cover,100,RelaxGrouping,1000,true,min,5.000000,0.032499,0.009970,0.009529,22350,43648,400,true
set_cover_n100_m81_d0.35_b_w20_seed1.txt,Set Cover,100,RelaxGrouping,2000,true,min,5.000000,0.031271,0.010419,0.006148,22350,43648,400,true
set_cover_n100_m81_d0.35_b_w20_seed1.txt,Set Cover,100,RelaxGrouping,10000,true,min,5.000000,0.031773,0.010975,0.006585,22350,43648,400,true
set_cover_n100_m81_d0.35_b_w20_seed1.txt,Set Cover,100,RelaxGrouping,5000,true,min,5.000000,0.033264,0.011039,0.006225,22350,43648,400,true
set_cover_n100_m81_d0.35_b_w20_seed1.txt,Set Cover,100,RelaxGrouping,20000,true,min,5.000000,0.033138,0.011198,0.006492,22350,43648,400,true
set_cover_n100_m81_d0.35_b_w20_seed1.txt,Set Cover,100,RelaxGrouping,500,false,min,5.000000,0.031508,na,0.006836,22350,43648,400,true
set_cover_n100_m81_d0.35_b_w20_seed1.txt,Set Cover,100,RelaxGrouping,1000,false,min,5.000000,0.031362,na,0.006936,22350,43648,400,true
set_cover_n100_m81_d0.35_b_w20_seed1.txt,Set Cover,100,RelaxGrouping,2000,false,min,5.000000,0.031399,na,0.004414,22350,43648,400,true
set_cover_n100_m81_d0.35_b_w20_seed1.txt,Set Cover,100,RelaxGrouping,5000,false,min,5.000000,0.031481,na,0.005415,22350,43648,400,true
set_cover_n100_m81_d0.35_b_w20_seed1.txt,Set Cover,100,RelaxGrouping,10000,false,min,5.000000,0.030192,na,0.005768,22350,43648,400,true
set_cover_n100_m81_d0.35_b_w20_seed1.txt,Set Cover,100,RelaxGrouping,20000,false,min,5.000000,0.030657,na,0.005228,22350,43648,400,true
set_cover_n100_m81_d0.35_b_w20_seed2.txt,Set Cover,100,RelaxGrouping,500,true,min,5.000000,0.030532,0.009385,0.005351,22350,43648,400,true
set_cover_n100_m81_d0.35_b_w20_seed2.txt,Set Cover,100,RelaxGrouping,1000,true,min,5.000000,0.031509,0.007163,0.003771,22350,43648,400,true
set_cover_n100_m81_d0.35_b_w20_seed2.txt,Set Cover,100,RelaxGrouping,2000,true,min,5.000000,0.031176,0.006735,0.003770,22350,43648,400,true
set_cover_n100_m81_d0.35_b_w20_seed2.txt,Set Cover,100,RelaxGrouping,5000,true,min,5.000000,0.030038,0.007074,0.004710,22350,43648,400,true
set_cover_n100_m81_d0.35_b_w20_seed2.txt,Set Cover,100,RelaxGrouping,10000,true,min,5.000000,0.030096,0.008063,0.005630,22350,43648,400,true
set_cover_n100_m81_d0.35_b_w20_seed2.txt,Set Cover,100,RelaxGrouping,20000,true,min,5.000000,0.030026,0.008454,0.005606,22350,43648,400,true
set_cover_n100_m81_d0.35_b_w20_seed2.txt,Set Cover,100,RelaxGrouping,500,false,min,5.000000,0.031134,na,0.005217,22350,43648,400,true
set_cover_n100_m81_d0.35_b_w20_seed2.txt,Set Cover,100,RelaxGrouping,1000,false,min,5.000000,0.032148,na,0.005684,22350,43648,400,true
set_cover_n100_m81_d0.35_b_w20_seed2.txt,Set Cover,100,RelaxGrouping,2000,false,min,5.000000,0.032227,na,0.006634,22350,43648,400,true
set_cover_n100_m81_d0.35_b_w20_seed2.txt,Set Cover,100,RelaxGrouping,5000,false,min,5.000000,0.030539,na,0.005970,22350,43648,400,true
set_cover_n100_m81_d0.35_b_w20_seed2.txt,Set Cover,100,RelaxGrouping,10000,false,min,5.000000,0.032346,na,0.005966,22350,43648,400,true
set_cover_n100_m81_d0.35_b_w20_seed2.txt,Set Cover,100,RelaxGrouping,20000,false,min,5.000000,0.030671,na,0.004477,22350,43648,400,true
set_cover_n100_m81_d0.35_b_w20_seed3.txt,Set Cover,100,RelaxGrouping,500,true,min,5.000000,0.030650,0.008918,0.005073,22350,43648,400,true
set_cover_n100_m81_d0.35_b_w20_seed3.txt,Set Cover,100,RelaxGrouping,1000,true,min,5.000000,0.031233,0.009650,0.005112,22350,43648,400,true
set_cover_n100_m81_d0.35_b_w20_seed3.txt,Set Cover,100,RelaxGrouping,2000,true,min,5.000000,0.030537,0.008428,0.005312,22350,43648,400,true
set_cover_n100_m81_d0.35_b_w20_seed3.txt,Set Cover,100,RelaxGrouping,5000,true,min,5.000000,0.031792,0.007754,0.005123,22350,43648,400,true
set_cover_n100_m81_d0.35_b_w20_seed3.txt,Set Cover,100,RelaxGrouping,500,false,min,5.000000,0.030991,na,0.004505,22350,43648,400,true
set_cover_n100_m81_d0.35_b_w20_seed3.txt,Set Cover,100,RelaxGrouping,10000,true,min,5.000000,0.031327,0.006988,0.004663,22350,43648,400,true
set_cover_n100_m81_d0.35_b_w20_seed3.txt,Set Cover,100,RelaxGrouping,20000,true,min,5.000000,0.029710,0.007128,0.004100,22350,43648,400,true
set_cover_n100_m81_d0.35_b_w20_seed3.txt,Set Cover,100,RelaxGrouping,1000,false,min,5.000000,0.032240,na,0.005843,22350,43648,400,true
set_cover_n100_m81_d0.35_b_w20_seed3.txt,Set Cover,100,RelaxGrouping,2000,false,min,5.000000,0.030888,na,0.005910,22350,43648,400,true
set_cover_n100_m81_d0.35_b_w20_seed3.txt,Set Cover,100,RelaxGrouping,10000,false,min,5.000000,0.029431,na,0.006053,22350,43648,400,true
set_cover_n100_m81_d0.35_b_w20_seed3.txt,Set Cover,100,RelaxGrouping,5000,false,min,5.000000,0.031156,na,0.005196,22350,43648,400,true
set_cover_n100_m81_d0.35_b_w20_seed3.txt,Set Cover,100,RelaxGrouping,20000,false,min,5.000000,0.030984,na,0.004533,22350,43648,400,true
set_cover_n100_m81_d0.35_b_w20_seed4.txt,Set Cover,100,RelaxGrouping,500,true,min,5.000000,0.030938,0.009833,0.005773,22350,43648,400,true
set_cover_n100_m81_d0.35_b_w20_seed4.txt,Set Cover,100,RelaxGrouping,1000,true,min,5.000000,0.030709,0.009779,0.005781,22350,43648,400,true
set_cover_n100_m81_d0.35_b_w20_seed4.txt,Set Cover,100,RelaxGrouping,2000,true,min,5.000000,0.031791,0.009020,0.005237,22350,43648,400,true
set_cover_n100_m81_d0.35_b_w20_seed4.txt,Set Cover,100,RelaxGrouping,5000,true,min,5.000000,0.032071,0.009689,0.005325,22350,43648,400,true
set_cover_n100_m81_d0.35_b_w20_seed4.txt,Set Cover,100,RelaxGrouping,10000,true,min,5.000000,0.032022,0.009572,0.006389,22350,43648,400,true
set_cover_n100_m81_d0.35_b_w20_seed4.txt,Set Cover,100,RelaxGrouping,500,false,min,5.000000,0.029719,na,0.005922,22350,43648,400,true
set_cover_n100_m81_d0.35_b_w20_seed4.txt,Set Cover,100,RelaxGrouping,20000,true,min,5.000000,0.029916,0.009293,0.005477,22350,43648,400,true
set_cover_n100_m81_d0.35_b_w20_seed4.txt,Set Cover,100,RelaxGrouping,1000,false,min,5.000000,0.029511,na,0.005437,22350,43648,400,true
set_cover_n100_m81_d0.35_b_w20_seed4.txt,Set Cover,100,RelaxGrouping,2000,false,min,5.000000,0.029292,na,0.005788,22350,43648,400,true
set_cover_n100_m81_d0.35_b_w20_seed4.txt,Set Cover,100,RelaxGrouping,5000,false,min,5.000000,0.029632,na,0.006942,22350,43648,400,true
set_cover_n100_m81_d0.35_b_w20_seed4.txt,Set Cover,100,RelaxGrouping,10000,false,min,5.000000,0.029877,na,0.004060,22350,43648,400,true
set_cover_n100_m81_d0.35_b_w20_seed4.txt,Set Cover,100,RelaxGrouping,20000,false,min,5.000000,0.029967,na,0.004126,22350,43648,400,true
set_cover_n100_m81_d0.45_b_w20_seed1.txt,Set Cover,100,RelaxGrouping,500,true,min,5.000000,0.030289,0.008410,0.005487,22350,43648,400,true
set_cover_n100_m81_d0.45_b_w20_seed1.txt,Set Cover,100,RelaxGrouping,1000,true,min,5.000000,0.031565,0.008115,0.006444,22350,43648,400,true
set_cover_n100_m81_d0.45_b_w20_seed1.txt,Set Cover,100,RelaxGrouping,2000,true,min,5.000000,0.031536,0.008603,0.006494,22350,43648,400,true
set_cover_n100_m81_d0.45_b_w20_seed1.txt,Set Cover,100,RelaxGrouping,5000,true,min,5.000000,0.032734,0.010202,0.005670,22350,43648,400,true
set_cover_n100_m81_d0.45_b_w20_seed1.txt,Set Cover,100,RelaxGrouping,10000,true,min,5.000000,0.031237,0.010122,0.006175,22350,43648,400,true
set_cover_n100_m81_d0.45_b_w20_seed1.txt,Set Cover,100,RelaxGrouping,1000,false,min,5.000000,0.031079,na,0.006474,22350,43648,400,true
set_cover_n100_m81_d0.45_b_w20_seed1.txt,Set Cover,100,RelaxGrouping,500,false,min,5.000000,0.032084,na,0.005438,22350,43648,400,true
set_cover_n100_m81_d0.45_b_w20_seed1.txt,Set Cover,100,RelaxGrouping,20000,true,min,5.000000,0.032141,0.009222,0.005825,22350,43648,400,true
set_cover_n100_m81_d0.45_b_w20_seed1.txt,Set Cover,100,RelaxGrouping,2000,false,min,5.000000,0.031586,na,0.006148,22350,43648,400,true
set_cover_n100_m81_d0.45_b_w20_seed1.txt,Set Cover,100,RelaxGrouping,5000,false,min,5.000000,0.030011,na,0.006256,22350,43648,400,true
set_cover_n100_m81_d0.45_b_w20_seed1.txt,Set Cover,100,RelaxGrouping,10000,false,min,5.000000,0.030646,na,0.004517,22350,43648,400,true
set_cover_n100_m81_d0.45_b_w20_seed1.txt,Set Cover,100,RelaxGrouping,20000,false,min,5.000000,0.030843,na,0.004465,22350,43648,400,true
set_cover_n100_m81_d0.45_b_w20_seed2.txt,Set Cover,100,RelaxGrouping,500,true,min,5.000000,0.030898,0.007361,0.004106,22350,43648,400,true
set_cover_n100_m81_d0.45_b_w20_seed2.txt,Set Cover,100,RelaxGrouping,1000,true,min,5.000000,0.030282,0.005790,0.003562,22350,43648,400,true
set_cover_n100_m81_d0.45_b_w20_seed2.txt,Set Cover,100,RelaxGrouping,2000,true,min,5.000000,0.028900,0.005819,0.003733,22350,43648,400,true
set_cover_n100_m81_d0.45_b_w20_seed2.txt,Set Cover,100,RelaxGrouping,5000,true,min,5.000000,0.029736,0.006459,0.003906,22350,43648,400,true
set_cover_n100_m81_d0.45_b_w20_seed2.txt,Set Cover,100,RelaxGrouping,10000,true,min,5.000000,0.029531,0.006359,0.003866,22350,43648,400,true
set_cover_n100_m81_d0.45_b_w20_seed2.txt,Set Cover,100,RelaxGrouping,20000,true,min,5.000000,0.031030,0.006426,0.004116,22350,43648,400,true
set_cover_n100_m81_d0.45_b_w20_seed2.txt,Set Cover,100,RelaxGrouping,500,false,min,5.000000,0.030141,na,0.003874,22350,43648,400,true
set_cover_n100_m81_d0.45_b_w20_seed2.txt,Set Cover,100,RelaxGrouping,1000,false,min,5.000000,0.029980,na,0.004019,22350,43648,400,true
set_cover_n100_m81_d0.45_b_w20_seed2.txt,Set Cover,100,RelaxGrouping,2000,false,min,5.000000,0.031960,na,0.005137,22350,43648,400,true
set_cover_n100_m81_d0.45_b_w20_seed2.txt,Set Cover,100,RelaxGrouping,5000,false,min,5.000000,0.031625,na,0.006560,22350,43648,400,true
set_cover_n100_m81_d0.45_b_w20_seed2.txt,Set Cover,100,RelaxGrouping,10000,false,min,5.000000,0.031253,na,0.007065,22350,43648,400,true
set_cover_n100_m81_d0.45_b_w20_seed2.txt,Set Cover,100,RelaxGrouping,20000,false,min,5.000000,0.030267,na,0.006273,22350,43648,400,true
set_cover_n100_m81_d0.45_b_w20_seed3.txt,Set Cover,100,RelaxGrouping,500,true,min,5.000000,0.031574,0.009316,0.005363,22350,43648,400,true
set_cover_n100_m81_d0.45_b_w20_seed3.txt,Set Cover,100,RelaxGrouping,1000,true,min,5.000000,0.031858,0.008432,0.005700,22350,43648,400,true
set_cover_n100_m81_d0.45_b_w20_seed3.txt,Set Cover,100,RelaxGrouping,2000,true,min,5.000000,0.032138,0.009224,0.006817,22350,43648,400,true
set_cover_n100_m81_d0.45_b_w20_seed3.txt,Set Cover,100,RelaxGrouping,5000,true,min,5.000000,0.030841,0.010154,0.007692,22350,43648,400,true
set_cover_n100_m81_d0.45_b_w20_seed3.txt,Set Cover,100,RelaxGrouping,10000,true,min,5.000000,0.032470,0.009443,0.005947,22350,43648,400,true
set_cover_n100_m81_d0.45_b_w20_seed3.txt,Set Cover,100,RelaxGrouping,20000,true,min,5.000000,0.032365,0.009945,0.006106,22350,43648,400,true
set_cover_n100_m81_d0.45_b_w20_seed3.txt,Set Cover,100,RelaxGrouping,500,false,min,5.000000,0.030623,na,0.005421,22350,43648,400,true
set_cover_n100_m81_d0.45_b_w20_seed3.txt,Set Cover,100,RelaxGrouping,1000,false,min,5.000000,0.030481,na,0.005482,22350,43648,400,true
set_cover_n100_m81_d0.45_b_w20_seed3.txt,Set Cover,100,RelaxGrouping,2000,false,min,5.000000,0.030470,na,0.008070,22350,43648,400,true
set_cover_n100_m81_d0.45_b_w20_seed3.txt,Set Cover,100,RelaxGrouping,5000,false,min,5.000000,0.031266,na,0.005759,22350,43648,400,true
set_cover_n100_m81_d0.45_b_w20_seed3.txt,Set Cover,100,RelaxGrouping,10000,false,min,5.000000,0.030052,na,0.006873,22350,43648,400,true
set_cover_n100_m81_d0.45_b_w20_seed3.txt,Set Cover,100,RelaxGrouping,20000,false,min,5.000000,0.028925,na,0.004019,22350,43648,400,true
set_cover_n100_m81_d0.45_b_w20_seed4.txt,Set Cover,100,RelaxGrouping,500,true,min,5.000000,0.030553,0.006741,0.003953,22350,43648,400,true
set_cover_n100_m81_d0.45_b_w20_seed4.txt,Set Cover,100,RelaxGrouping,1000,true,min,5.000000,0.029155,0.006753,0.003634,22350,43648,400,true
set_cover_n100_m81_d0.45_b_w20_seed4.txt,Set Cover,100,RelaxGrouping,2000,true,min,5.000000,0.029876,0.005778,0.005260,22350,43648,400,true
set_cover_n100_m81_d0.45_b_w20_seed4.txt,Set Cover,100,RelaxGrouping,5000,true,min,5.000000,0.029047,0.005893,0.005558,22350,43648,400,true
set_cover_n100_m81_d0.45_b_w20_seed4.txt,Set Cover,100,RelaxGrouping,500,false,min,5.000000,0.030583,na,0.003916,22350,43648,400,true
set_cover_n100_m81_d0.45_b_w20_seed4.txt,Set Cover,100,RelaxGrouping,10000,true,min,5.000000,0.029021,0.006738,0.006082,22350,43648,400,true
set_cover_n100_m81_d0.45_b_w20_seed4.txt,Set Cover,100,RelaxGrouping,20000,true,min,5.000000,0.030527,0.007002,0.005688,22350,43648,400,true
set_cover_n100_m81_d0.45_b_w20_seed4.txt,Set Cover,100,RelaxGrouping,1000,false,min,5.000000,0.031492,na,0.006120,22350,43648,400,true
set_cover_n100_m81_d0.45_b_w20_seed4.txt,Set Cover,100,RelaxGrouping,2000,false,min,5.000000,0.030000,na,0.007123,22350,43648,400,true
set_cover_n100_m81_d0.45_b_w20_seed4.txt,Set Cover,100,RelaxGrouping,5000,false,min,5.000000,0.031766,na,0.007805,22350,43648,400,true
set_cover_n100_m81_d0.45_b_w20_seed4.txt,Set Cover,100,RelaxGrouping,10000,false,min,5.000000,0.030339,na,0.007210,22350,43648,400,true
set_cover_n100_m81_d0.45_b_w20_seed4.txt,Set Cover,100,RelaxGrouping,20000,false,min,5.000000,0.030334,na,0.007282,22350,43648,400,true
set_cover_n100_m84_d0.1_b_w17_seed1.txt,Set Cover,100,RelaxGrouping,500,true,min,2.000000,0.084514,0.027521,0.004768,9997,17845,236,true
set_cover_n100_m84_d0.1_b_w17_seed1.txt,Set Cover,100,RelaxGrouping,1000,true,min,2.000000,0.172754,0.058024,0.006637,17355,30958,469,true
set_cover_n100_m84_d0.1_b_w17_seed1.txt,Set Cover,100,RelaxGrouping,2000,true,min,2.000000,0.354523,0.138811,0.016112,29117,51959,788,true
set_cover_n100_m84_d0.1_b_w17_seed1.txt,Set Cover,100,RelaxGrouping,500,false,min,2.000000,0.089252,na,0.011050,35039,63264,498,true
set_cover_n100_m84_d0.1_b_w17_seed1.txt,Set Cover,100,RelaxGrouping,5000,true,min,3.000000,0.977319,0.459580,0.040197,59819,107907,1518,true
set_cover_n100_m84_d0.1_b_w17_seed1.txt,Set Cover,100,RelaxGrouping,1000,false,min,2.000000,0.172889,na,0.020360,67287,121709,991,true
set_cover_n100_m84_d0.1_b_w17_seed1.txt,Set Cover,100,RelaxGrouping,10000,true,min,3.000000,2.496447,0.985310,0.076351,105538,191703,2896,true
set_cover_n100_m84_d0.1_b_w17_seed1.txt,Set Cover,100,RelaxGrouping,2000,false,min,2.000000,0.355160,na,0.038343,129552,233309,1995,true
set_cover_n100_m84_d0.1_b_w17_seed1.txt,Set Cover,100,RelaxGrouping,5000,false,min,3.000000,0.950986,na,0.110292,312041,561548,4990,true
set_cover_n100_m84_d0.1_b_w17_seed2.txt,Set Cover,100,RelaxGrouping,500,true,min,2.000000,0.081046,0.022942,0.004821,7795,14205,195,true
set_cover_n100_m84_d0.1_b_w17_seed2.txt,Set Cover,100,RelaxGrouping,1000,true,min,2.000000,0.165541,0.055874,0.007085,13247,24293,366,true
set_cover_n100_m84_d0.1_b_w17_seed1.txt,Set Cover,100,RelaxGrouping,10000,false,min,3.000000,2.338606,na,0.243748,589932,1067999,9991,true
set_cover_n100_m84_d0.1_b_w17_seed2.txt,Set Cover,100,RelaxGrouping,2000,true,min,2.000000,0.333769,0.132959,0.011941,21900,40267,655,true
set_cover_n100_m84_d0.1_b_w17_seed2.txt,Set Cover,100,RelaxGrouping,5000,true,min,2.000000,1.015245,0.429499,0.037774,48880,90060,1502,true
set_cover_n100_m84_d0.1_b_w17_seed1.txt,Set Cover,100,RelaxGrouping,20000,true,min,3.000000,5.875048,2.893944,0.164411,187478,343289,5676,true
set_cover_n100_m84_d0.1_b_w17_seed2.txt,Set Cover,100,RelaxGrouping,500,false,min,2.000000,0.083391,na,0.011265,31292,57020,498,true
set_cover_n100_m84_d0.1_b_w17_seed1.txt,Set Cover,100,RelaxGrouping,20000,false,min,3.000000,6.065533,na,0.583253,1149123,2081185,19972,true
set_cover_n100_m84_d0.1_b_w17_seed2.txt,Set Cover,100,RelaxGrouping,1000,false,min,2.000000,0.164502,na,0.016362,61596,112248,999,true
set_cover_n100_m84_d0.1_b_w17_seed2.txt,Set Cover,100,RelaxGrouping,10000,true,min,2.000000,2.479808,1.076125,0.078599,99987,185747,3139,true
set_cover_n100_m84_d0.1_b_w17_seed2.txt,Set Cover,100,RelaxGrouping,2000,false,min,2.000000,0.330221,na,0.030957,116870,213831,1993,true
set_cover_n100_m84_d0.1_b_w17_seed2.txt,Set Cover,100,RelaxGrouping,5000,false,min,2.000000,0.965304,na,0.107997,289325,530113,4985,true
set_cover_n100_m84_d0.1_b_w17_seed3.txt,Set Cover,100,RelaxGrouping,500,true,min,2.000000,0.087742,0.027660,0.005632,9118,16433,222,true
set_cover_n100_m84_d0.1_b_w17_seed2.txt,Set Cover,100,RelaxGrouping,10000,false,min,2.000000,2.447749,na,0.232208,558103,1021117,9961,true
set_cover_n100_m84_d0.1_b_w17_seed2.txt,Set Cover,100,RelaxGrouping,20000,true,min,2.000000,5.748324,2.685049,0.152534,171241,319047,5330,true
set_cover_n100_m84_d0.1_b_w17_seed3.txt,Set Cover,100,RelaxGrouping,1000,true,min,2.000000,0.170352,0.059252,0.007867,14506,26098,342,true
set_cover_n100_m84_d0.1_b_w17_seed3.txt,Set Cover,100,RelaxGrouping,2000,true,min,2.000000,0.354226,0.138049,0.013178,26229,47499,636,true
set_cover_n100_m84_d0.1_b_w17_seed3.txt,Set Cover,100,RelaxGrouping,500,false,min,2.000000,0.090477,na,0.011927,33611,60524,499,true
set_cover_n100_m84_d0.1_b_w17_seed2.txt,Set Cover,100,RelaxGrouping,20000,false,min,2.000000,5.805845,na,0.540607,1092876,2007816,19936,true
set_cover_n100_m84_d0.1_b_w17_seed3.txt,Set Cover,100,RelaxGrouping,5000,true,min,2.000000,1.055572,0.435848,0.038987,57000,104494,1399,true
set_cover_n100_m84_d0.1_b_w17_seed3.txt,Set Cover,100,RelaxGrouping,1000,false,min,2.000000,0.175189,na,0.020528,67023,119899,999,true
set_cover_n100_m84_d0.1_b_w17_seed3.txt,Set Cover,100,RelaxGrouping,2000,false,min,2.000000,0.356603,na,0.036673,129159,232233,1987,true
set_cover_n100_m84_d0.1_b_w17_seed3.txt,Set Cover,100,RelaxGrouping,10000,true,min,3.000000,2.449561,1.165117,0.070964,94194,172946,2627,true
set_cover_n100_m84_d0.1_b_w17_seed3.txt,Set Cover,100,RelaxGrouping,5000,false,min,2.000000,0.987585,na,0.110416,313079,565474,4992,true
set_cover_n100_m84_d0.1_b_w17_seed4.txt,Set Cover,100,RelaxGrouping,500,true,min,2.000000,0.082133,0.023671,0.004683,8568,15621,222,true
set_cover_n100_m84_d0.1_b_w17_seed3.txt,Set Cover,100,RelaxGrouping,10000,false,min,3.000000,2.436200,na,0.256475,607893,1096366,9954,true
set_cover_n100_m84_d0.1_b_w17_seed4.txt,Set Cover,100,RelaxGrouping,1000,true,min,2.000000,0.164570,0.054674,0.008148,15291,27396,385,true
set_cover_n100_m84_d0.1_b_w17_seed4.txt,Set Cover,100,RelaxGrouping,2000,true,min,2.000000,0.337155,0.134449,0.014630,23933,43433,670,true
set_cover_n100_m84_d0.1_b_w17_seed3.txt,Set Cover,100,RelaxGrouping,20000,true,min,3.000000,5.987452,2.713042,0.142801,164173,304209,4731,true
set_cover_n100_m84_d0.1_b_w17_seed4.txt,Set Cover,100,RelaxGrouping,5000,true,min,2.000000,0.969675,0.441954,0.033889,48143,87506,1489,true
set_cover_n100_m84_d0.1_b_w17_seed4.txt,Set Cover,100,RelaxGrouping,500,false,min,2.000000,0.083058,na,0.010588,31311,57715,498,true
set_cover_n100_m84_d0.1_b_w17_seed3.txt,Set Cover,100,RelaxGrouping,20000,false,min,3.000000,5.896487,na,0.578848,1146791,2082863,19963,true
set_cover_n100_m84_d0.1_b_w17_seed4.txt,Set Cover,100,RelaxGrouping,1000,false,min,2.000000,0.170542,na,0.019275,63311,115405,995,true
set_cover_n100_m84_d0.1_b_w17_seed4.txt,Set Cover,100,RelaxGrouping,10000,true,min,3.000000,2.514549,1.022276,0.063974,81654,150461,2737,true
set_cover_n100_m84_d0.1_b_w17_seed4.txt,Set Cover,100,RelaxGrouping,2000,false,min,2.000000,0.323307,na,0.026055,121102,220848,1985,true
set_cover_n100_m84_d0.2_b_w17_seed1.txt,Set Cover,100,RelaxGrouping,500,true,min,5.000000,0.027590,0.007925,0.006521,18173,35324,289,true
set_cover_n100_m84_d0.1_b_w17_seed4.txt,Set Cover,100,RelaxGrouping,5000,false,min,2.000000,0.999313,na,0.109029,293330,533732,4979,true
set_cover_n100_m84_d0.1_b_w17_seed4.txt,Set Cover,100,RelaxGrouping,10000,false,min,3.000000,2.337132,na,0.248133,566752,1034246,9963,true
set_cover_n100_m84_d0.1_b_w17_seed4.txt,Set Cover,100,RelaxGrouping,20000,true,min,3.000000,5.678516,2.619853,0.130852,143856,263833,4842,true
set_cover_n100_m84_d0.2_b_w17_seed1.txt,Set Cover,100,RelaxGrouping,1000,true,min,5.000000,0.025551,0.007972,0.005269,18173,35324,289,true
set_cover_n100_m84_d0.2_b_w17_seed1.txt,Set Cover,100,RelaxGrouping,2000,true,min,5.000000,0.027157,0.007911,0.005198,18173,35324,289,true
set_cover_n100_m84_d0.2_b_w17_seed1.txt,Set Cover,100,RelaxGrouping,500,false,min,5.000000,0.026162,na,0.005061,18173,35324,289,true
set_cover_n100_m84_d0.2_b_w17_seed1.txt,Set Cover,100,RelaxGrouping,5000,true,min,5.000000,0.026288,0.006894,0.004423,18173,35324,289,true
set_cover_n100_m84_d0.2_b_w17_seed1.txt,Set Cover,100,RelaxGrouping,10000,true,min,5.000000,0.027339,0.006848,0.005435,18173,35324,289,true
set_cover_n100_m84_d0.2_b_w17_seed1.txt,Set Cover,100,RelaxGrouping,20000,true,min,5.000000,0.026148,0.006983,0.005748,18173,35324,289,true
set_cover_n100_m84_d0.1_b_w17_seed4.txt,Set Cover,100,RelaxGrouping,20000,false,min,3.000000,5.616659,na,0.536308,1113747,2029055,19973,true
set_cover_n100_m84_d0.2_b_w17_seed1.txt,Set Cover,100,RelaxGrouping,1000,false,min,5.000000,0.025153,na,0.004204,18173,35324,289,true
set_cover_n100_m84_d0.2_b_w17_seed1.txt,Set Cover,100,RelaxGrouping,2000,false,min,5.000000,0.025354,na,0.005356,18173,35324,289,true
set_cover_n100_m84_d0.2_b_w17_seed1.txt,Set Cover,100,RelaxGrouping,10000,false,min,5.000000,0.024223,na,0.007914,18173,35324,289,true
set_cover_n100_m84_d0.2_b_w17_seed1.txt,Set Cover,100,RelaxGrouping,5000,false,min,5.000000,0.025731,na,0.006394,18173,35324,289,true
set_cover_n100_m84_d0.2_b_w17_seed1.txt,Set Cover,100,RelaxGrouping,20000,false,min,5.000000,0.023819,na,0.004558,18173,35324,289,true
set_cover_n100_m84_d0.2_b_w17_seed2.txt,Set Cover,100,RelaxGrouping,500,true,min,5.000000,0.025629,0.005250,0.006125,18173,35324,289,true
set_cover_n100_m84_d0.2_b_w17_seed2.txt,Set Cover,100,RelaxGrouping,1000,true,min,5.000000,0.024705,0.005431,0.007121,18173,35324,289,true
set_cover_n100_m84_d0.2_b_w17_seed2.txt,Set Cover,100,RelaxGrouping,2000,true,min,5.000000,0.024603,0.005627,0.006953,18173,35324,289,true
set_cover_n100_m84_d0.2_b_w17_seed2.txt,Set Cover,100,RelaxGrouping,5000,true,min,5.000000,0.024878,0.005704,0.009278,18173,35324,289,true
set_cover_n100_m84_d0.2_b_w17_seed2.txt,Set Cover,100,RelaxGrouping,10000,true,min,5.000000,0.023048,0.004515,0.003099,18173,35324,289,true
set_cover_n100_m84_d0.2_b_w17_seed2.txt,Set Cover,100,RelaxGrouping,500,false,min,5.000000,0.025226,na,0.006600,18173,35324,289,true
set_cover_n100_m84_d0.2_b_w17_seed2.txt,Set Cover,100,RelaxGrouping,2000,false,min,5.000000,0.024992,na,0.007265,18173,35324,289,true
set_cover_n100_m84_d0.2_b_w17_seed2.txt,Set Cover,100,RelaxGrouping,1000,false,min,5.000000,0.025028,na,0.008086,18173,35324,289,true
set_cover_n100_m84_d0.2_b_w17_seed2.txt,Set Cover,100,RelaxGrouping,20000,true,min,5.000000,0.025192,0.006327,0.008343,18173,35324,289,true
set_cover_n100_m84_d0.2_b_w17_seed2.txt,Set Cover,100,RelaxGrouping,5000,false,min,5.000000,0.023503,na,0.004534,18173,35324,289,true
set_cover_n100_m84_d0.2_b_w17_seed2.txt,Set Cover,100,RelaxGrouping,10000,false,min,5.000000,0.025287,na,0.005264,18173,35324,289,true
set_cover_n100_m84_d0.2_b_w17_seed2.txt,Set Cover,100,RelaxGrouping,20000,false,min,5.000000,0.026239,na,0.005366,18173,35324,289,true
set_cover_n100_m84_d0.2_b_w17_seed3.txt,Set Cover,100,RelaxGrouping,500,true,min,5.000000,0.026133,0.006994,0.003856,18173,35324,289,true
set_cover_n100_m84_d0.2_b_w17_seed3.txt,Set Cover,100,RelaxGrouping,1000,true,min,5.000000,0.026038,0.006812,0.004235,18173,35324,289,true
set_cover_n100_m84_d0.2_b_w17_seed3.txt,Set Cover,100,RelaxGrouping,2000,true,min,5.000000,0.025796,0.006690,0.004673,18173,35324,289,true
set_cover_n100_m84_d0.2_b_w17_seed3.txt,Set Cover,100,RelaxGrouping,500,false,min,5.000000,0.024692,na,0.007351,18173,35324,289,true
set_cover_n100_m84_d0.2_b_w17_seed3.txt,Set Cover,100,RelaxGrouping,5000,true,min,5.000000,0.024769,0.006871,0.007100,18173,35324,289,true
set_cover_n100_m84_d0.2_b_w17_seed3.txt,Set Cover,100,RelaxGrouping,10000,true,min,5.000000,0.026000,0.007088,0.005582,18173,35324,289,true
set_cover_n100_m84_d0.2_b_w17_seed3.txt,Set Cover,100,RelaxGrouping,20000,true,min,5.000000,0.024673,0.007267,0.006331,18173,35324,289,true
set_cover_n100_m84_d0.2_b_w17_seed3.txt,Set Cover,100,RelaxGrouping,1000,false,min,5.000000,0.023287,na,0.003800,18173,35324,289,true
set_cover_n100_m84_d0.2_b_w17_seed3.txt,Set Cover,100,RelaxGrouping,2000,false,min,5.000000,0.024082,na,0.003607,18173,35324,289,true
set_cover_n100_m84_d0.2_b_w17_seed3.txt,Set Cover,100,RelaxGrouping,5000,false,min,5.000000,0.024185,na,0.003870,18173,35324,289,true
set_cover_n100_m84_d0.2_b_w17_seed3.txt,Set Cover,100,RelaxGrouping,20000,false,min,5.000000,0.025558,na,0.004272,18173,35324,289,true
set_cover_n100_m84_d0.2_b_w17_seed3.txt,Set Cover,100,RelaxGrouping,10000,false,min,5.000000,0.025727,na,0.004044,18173,35324,289,true
set_cover_n100_m84_d0.2_b_w17_seed4.txt,Set Cover,100,RelaxGrouping,500,true,min,5.000000,0.023321,0.005786,0.007811,18173,35324,289,true
set_cover_n100_m84_d0.2_b_w17_seed4.txt,Set Cover,100,RelaxGrouping,1000,true,min,5.000000,0.024862,0.006558,0.004999,18173,35324,289,true
set_cover_n100_m84_d0.2_b_w17_seed4.txt,Set Cover,100,RelaxGrouping,2000,true,min,5.000000,0.025197,0.006542,0.006571,18173,35324,289,true
set_cover_n100_m84_d0.2_b_w17_seed4.txt,Set Cover,100,RelaxGrouping,5000,true,min,5.000000,0.026504,0.006449,0.006411,18173,35324,289,true
set_cover_n100_m84_d0.2_b_w17_seed4.txt,Set Cover,100,RelaxGrouping,10000,true,min,5.000000,0.025451,0.006284,0.008172,18173,35324,289,true
set_cover_n100_m84_d0.2_b_w17_seed4.txt,Set Cover,100,RelaxGrouping,20000,true,min,5.000000,0.023508,0.006769,0.005606,18173,35324,289,true
set_cover_n100_m84_d0.2_b_w17_seed4.txt,Set Cover,100,RelaxGrouping,500,false,min,5.000000,0.027621,na,0.005329,18173,35324,289,true
set_cover_n100_m84_d0.2_b_w17_seed4.txt,Set Cover,100,RelaxGrouping,1000,false,min,5.000000,0.026463,na,0.006602,18173,35324,289,true
set_cover_n100_m84_d0.2_b_w17_seed4.txt,Set Cover,100,RelaxGrouping,2000,false,min,5.000000,0.026248,na,0.007219,18173,35324,289,true
set_cover_n100_m84_d0.2_b_w17_seed4.txt,Set Cover,100,RelaxGrouping,5000,false,min,5.000000,0.027284,na,0.005775,18173,35324,289,true
set_cover_n100_m84_d0.2_b_w17_seed4.txt,Set Cover,100,RelaxGrouping,10000,false,min,5.000000,0.024879,na,0.003971,18173,35324,289,true
set_cover_n100_m84_d0.2_b_w17_seed4.txt,Set Cover,100,RelaxGrouping,20000,false,min,5.000000,0.026083,na,0.005719,18173,35324,289,true
set_cover_n100_m84_d0.3_b_w17_seed1.txt,Set Cover,100,RelaxGrouping,500,true,min,5.000000,0.025081,0.006630,0.003780,18173,35324,289,true
set_cover_n100_m84_d0.3_b_w17_seed1.txt,Set Cover,100,RelaxGrouping,1000,true,min,5.000000,0.026123,0.006168,0.003772,18173,35324,289,true
set_cover_n100_m84_d0.3_b_w17_seed1.txt,Set Cover,100,RelaxGrouping,2000,true,min,5.000000,0.026077,0.006069,0.003886,18173,35324,289,true
set_cover_n100_m84_d0.3_b_w17_seed1.txt,Set Cover,100,RelaxGrouping,5000,true,min,5.000000,0.024624,0.005968,0.004540,18173,35324,289,true
set_cover_n100_m84_d0.3_b_w17_seed1.txt,Set Cover,100,RelaxGrouping,500,false,min,5.000000,0.025239,na,0.006525,18173,35324,289,true
set_cover_n100_m84_d0.3_b_w17_seed1.txt,Set Cover,100,RelaxGrouping,1000,false,min,5.000000,0.024008,na,0.006411,18173,35324,289,true
set_cover_n100_m84_d0.3_b_w17_seed1.txt,Set Cover,100,RelaxGrouping,10000,true,min,5.000000,0.025355,0.005473,0.006759,18173,35324,289,true
set_cover_n100_m84_d0.3_b_w17_seed1.txt,Set Cover,100,RelaxGrouping,20000,true,min,5.000000,0.025252,0.005724,0.005804,18173,35324,289,true
set_cover_n100_m84_d0.3_b_w17_seed1.txt,Set Cover,100,RelaxGrouping,2000,false,min,5.000000,0.025529,na,0.004167,18173,35324,289,true
set_cover_n100_m84_d0.3_b_w17_seed1.txt,Set Cover,100,RelaxGrouping,5000,false,min,5.000000,0.026878,na,0.005759,18173,35324,289,true
set_cover_n100_m84_d0.3_b_w17_seed1.txt,Set Cover,100,RelaxGrouping,10000,false,min,5.000000,0.025812,na,0.005681,18173,35324,289,true
set_cover_n100_m84_d0.3_b_w17_seed1.txt,Set Cover,100,RelaxGrouping,20000,false,min,5.000000,0.026188,na,0.006499,18173,35324,289,true
set_cover_n100_m84_d0.3_b_w17_seed2.txt,Set Cover,100,RelaxGrouping,500,true,min,5.000000,0.026365,0.007651,0.004351,18173,35324,289,true
set_cover_n100_m84_d0.3_b_w17_seed2.txt,Set Cover,100,RelaxGrouping,1000,true,min,5.000000,0.025517,0.006979,0.004736,18173,35324,289,true
set_cover_n100_m84_d0.3_b_w17_seed2.txt,Set Cover,100,RelaxGrouping,2000,true,min,5.000000,0.024939,0.005112,0.004756,18173,35324,289,true
set_cover_n100_m84_d0.3_b_w17_seed2.txt,Set Cover,100,RelaxGrouping,5000,true,min,5.000000,0.023994,0.005285,0.007944,18173,35324,289,true
set_cover_n100_m84_d0.3_b_w17_seed2.txt,Set Cover,100,RelaxGrouping,20000,true,min,5.000000,0.024906,0.005056,0.006369,18173,35324,289,true
set_cover_n100_m84_d0.3_b_w17_seed2.txt,Set Cover,100,RelaxGrouping,10000,true,min,5.000000,0.023844,0.005472,0.007657,18173,35324,289,true
set_cover_n100_m84_d0.3_b_w17_seed2.txt,Set Cover,100,RelaxGrouping,500,false,min,5.000000,0.022785,na,0.004695,18173,35324,289,true
set_cover_n100_m84_d0.3_b_w17_seed2.txt,Set Cover,100,RelaxGrouping,1000,false,min,5.000000,0.025497,na,0.005603,18173,35324,289,true
set_cover_n100_m84_d0.3_b_w17_seed2.txt,Set Cover,100,RelaxGrouping,2000,false,min,5.000000,0.026614,na,0.006493,18173,35324,289,true
set_cover_n100_m84_d0.3_b_w17_seed2.txt,Set Cover,100,RelaxGrouping,5000,false,min,5.000000,0.026489,na,0.009569,18173,35324,289,true
set_cover_n100_m84_d0.3_b_w17_seed2.txt,Set Cover,100,RelaxGrouping,10000,false,min,5.000000,0.025375,na,0.010107,18173,35324,289,true
set_cover_n100_m84_d0.3_b_w17_seed2.txt,Set Cover,100,RelaxGrouping,20000,false,min,5.000000,0.022592,na,0.003486,18173,35324,289,true
set_cover_n100_m84_d0.3_b_w17_seed3.txt,Set Cover,100,RelaxGrouping,500,true,min,5.000000,0.023887,0.005509,0.005402,18173,35324,289,true
set_cover_n100_m84_d0.3_b_w17_seed3.txt,Set Cover,100,RelaxGrouping,1000,true,min,5.000000,0.024088,0.006497,0.005824,18173,35324,289,true
set_cover_n100_m84_d0.3_b_w17_seed3.txt,Set Cover,100,RelaxGrouping,2000,true,min,5.000000,0.024142,0.006309,0.006667,18173,35324,289,true
set_cover_n100_m84_d0.3_b_w17_seed3.txt,Set Cover,100,RelaxGrouping,5000,true,min,5.000000,0.025263,0.007930,0.006458,18173,35324,289,true
set_cover_n100_m84_d0.3_b_w17_seed3.txt,Set Cover,100,RelaxGrouping,10000,true,min,5.000000,0.023459,0.004695,0.003180,18173,35324,289,true
set_cover_n100_m84_d0.3_b_w17_seed3.txt,Set Cover,100,RelaxGrouping,500,false,min,5.000000,0.023999,na,0.005632,18173,35324,289,true
set_cover_n100_m84_d0.3_b_w17_seed3.txt,Set Cover,100,RelaxGrouping,2000,false,min,5.000000,0.025090,na,0.004426,18173,35324,289,true
set_cover_n100_m84_d0.3_b_w17_seed3.txt,Set Cover,100,RelaxGrouping,1000,false,min,5.000000,0.023788,na,0.007867,18173,35324,289,true
set_cover_n100_m84_d0.3_b_w17_seed3.txt,Set Cover,100,RelaxGrouping,20000,true,min,5.000000,0.025150,0.005187,0.005183,18173,35324,289,true
set_cover_n100_m84_d0.3_b_w17_seed3.txt,Set Cover,100,RelaxGrouping,5000,false,min,5.000000,0.024344,na,0.003935,18173,35324,289,true
set_cover_n100_m84_d0.3_b_w17_seed3.txt,Set Cover,100,RelaxGrouping,10000,false,min,5.000000,0.024216,na,0.004195,18173,35324,289,true
set_cover_n100_m84_d0.3_b_w17_seed3.txt,Set Cover,100,RelaxGrouping,20000,false,min,5.000000,0.024350,na,0.004821,18173,35324,289,true
set_cover_n100_m84_d0.3_b_w17_seed4.txt,Set Cover,100,RelaxGrouping,500,true,min,5.000000,0.025591,0.007314,0.005664,18173,35324,289,true
set_cover_n100_m84_d0.3_b_w17_seed4.txt,Set Cover,100,RelaxGrouping,1000,true,min,5.000000,0.026014,0.007422,0.005757,18173,35324,289,true
set_cover_n100_m84_d0.3_b_w17_seed4.txt,Set Cover,100,RelaxGrouping,2000,true,min,5.000000,0.024476,0.007095,0.005049,18173,35324,289,true
set_cover_n100_m84_d0.3_b_w17_seed4.txt,Set Cover,100,RelaxGrouping,500,false,min,5.000000,0.026794,na,0.009448,18173,35324,289,true
set_cover_n100_m84_d0.3_b_w17_seed4.txt,Set Cover,100,RelaxGrouping,5000,true,min,5.000000,0.026683,0.007967,0.008215,18173,35324,289,true
set_cover_n100_m84_d0.3_b_w17_seed4.txt,Set Cover,100,RelaxGrouping,10000,true,min,5.000000,0.025514,0.008393,0.006325,18173,35324,289,true
set_cover_n100_m84_d0.3_b_w17_seed4.txt,Set Cover,100,RelaxGrouping,20000,true,min,5.000000,0.026677,0.008404,0.007913,18173,35324,289,true
set_cover_n100_m84_d0.3_b_w17_seed4.txt,Set Cover,100,RelaxGrouping,1000,false,min,5.000000,0.024257,na,0.003553,18173,35324,289,true
set_cover_n100_m84_d0.3_b_w17_seed4.txt,Set Cover,100,RelaxGrouping,2000,false,min,5.000000,0.027319,na,0.005783,18173,35324,289,true
set_cover_n100_m84_d0.3_b_w17_seed4.txt,Set Cover,100,RelaxGrouping,5000,false,min,5.000000,0.027211,na,0.007560,18173,35324,289,true
set_cover_n100_m84_d0.3_b_w17_seed4.txt,Set Cover,100,RelaxGrouping,20000,false,min,5.000000,0.026787,na,0.010063,18173,35324,289,true
set_cover_n100_m84_d0.3_b_w17_seed4.txt,Set Cover,100,RelaxGrouping,10000,false,min,5.000000,0.026834,na,0.013362,18173,35324,289,true
set_cover_n100_m84_d0.4_b_w17_seed1.txt,Set Cover,100,RelaxGrouping,500,true,min,5.000000,0.026230,0.007113,0.003797,18173,35324,289,true
set_cover_n100_m84_d0.4_b_w17_seed1.txt,Set Cover,100,RelaxGrouping,1000,true,min,5.000000,0.025262,0.006505,0.003911,18173,35324,289,true
set_cover_n100_m84_d0.4_b_w17_seed1.txt,Set Cover,100,RelaxGrouping,2000,true,min,5.000000,0.025274,0.006838,0.004341,18173,35324,289,true
set_cover_n100_m84_d0.4_b_w17_seed1.txt,Set Cover,100,RelaxGrouping,5000,true,min,5.000000,0.025218,0.006694,0.005645,18173,35324,289,true
set_cover_n100_m84_d0.4_b_w17_seed1.txt,Set Cover,100,RelaxGrouping,10000,true,min,5.000000,0.026223,0.006618,0.005932,18173,35324,289,true
set_cover_n100_m84_d0.4_b_w17_seed1.txt,Set Cover,100,RelaxGrouping,20000,true,min,5.000000,0.023333,0.005236,0.003624,18173,35324,289,true
set_cover_n100_m84_d0.4_b_w17_seed1.txt,Set Cover,100,RelaxGrouping,500,false,min,5.000000,0.023913,na,0.005066,18173,35324,289,true
set_cover_n100_m84_d0.4_b_w17_seed1.txt,Set Cover,100,RelaxGrouping,1000,false,min,5.000000,0.023769,na,0.004792,18173,35324,289,true
set_cover_n100_m84_d0.4_b_w17_seed1.txt,Set Cover,100,RelaxGrouping,2000,false,min,5.000000,0.023932,na,0.007662,18173,35324,289,true
set_cover_n100_m84_d0.4_b_w17_seed1.txt,Set Cover,100,RelaxGrouping,5000,false,min,5.000000,0.025077,na,0.009643,18173,35324,289,true
set_cover_n100_m84_d0.4_b_w17_seed1.txt,Set Cover,100,RelaxGrouping,10000,false,min,5.000000,0.023861,na,0.004766,18173,35324,289,true
set_cover_n100_m84_d0.4_b_w17_seed1.txt,Set Cover,100,RelaxGrouping,20000,false,min,5.000000,0.024062,na,0.003188,18173,35324,289,true
set_cover_n100_m84_d0.4_b_w17_seed2.txt,Set Cover,100,RelaxGrouping,500,true,min,5.000000,0.024091,0.005222,0.003209,18173,35324,289,true
set_cover_n100_m84_d0.4_b_w17_seed2.txt,Set Cover,100,RelaxGrouping,1000,true,min,5.000000,0.025353,0.005363,0.004761,18173,35324,289,true
set_cover_n100_m84_d0.4_b_w17_seed2.txt,Set Cover,100,RelaxGrouping,2000,true,min,5.000000,0.025349,0.005123,0.003826,18173,35324,289,true
set_cover_n100_m84_d0.4_b_w17_seed2.txt,Set Cover,100,RelaxGrouping,5000,true,min,5.000000,0.023178,0.004902,0.003676,18173,35324,289,true
set_cover_n100_m84_d0.4_b_w17_seed2.txt,Set Cover,100,RelaxGrouping,1000,false,min,5.000000,0.026425,na,0.008570,18173,35324,289,true
set_cover_n100_m84_d0.4_b_w17_seed2.txt,Set Cover,100,RelaxGrouping,500,false,min,5.000000,0.026471,na,0.006672,18173,35324,289,true
set_cover_n100_m84_d0.4_b_w17_seed2.txt,Set Cover,100,RelaxGrouping,10000,true,min,5.000000,0.025333,0.007614,0.007542,18173,35324,289,true
set_cover_n100_m84_d0.4_b_w17_seed2.txt,Set Cover,100,RelaxGrouping,20000,true,min,5.000000,0.026379,0.007842,0.006009,18173,35324,289,true
set_cover_n100_m84_d0.4_b_w17_seed2.txt,Set Cover,100,RelaxGrouping,2000,false,min,5.000000,0.023069,na,0.002975,18173,35324,289,true
set_cover_n100_m84_d0.4_b_w17_seed2.txt,Set Cover,100,RelaxGrouping,5000,false,min,5.000000,0.026262,na,0.006919,18173,35324,289,true
set_cover_n100_m84_d0.4_b_w17_seed2.txt,Set Cover,100,RelaxGrouping,10000,false,min,5.000000,0.025013,na,0.007508,18173,35324,289,true
set_cover_n100_m84_d0.4_b_w17_seed2.txt,Set Cover,100,RelaxGrouping,20000,false,min,5.000000,0.025003,na,0.007754,18173,35324,289,true
set_cover_n100_m84_d0.4_b_w17_seed3.txt,Set Cover,100,RelaxGrouping,500,true,min,5.000000,0.024956,0.007709,0.004981,18173,35324,289,true
set_cover_n100_m84_d0.4_b_w17_seed3.txt,Set Cover,100,RelaxGrouping,1000,true,min,5.000000,0.025169,0.005793,0.004482,18173,35324,289,true
set_cover_n100_m84_d0.4_b_w17_seed3.txt,Set Cover,100,RelaxGrouping,2000,true,min,5.000000,0.025653,0.005927,0.004431,18173,35324,289,true
set_cover_n100_m84_d0.4_b_w17_seed3.txt,Set Cover,100,RelaxGrouping,5000,true,min,5.000000,0.025826,0.006940,0.004567,18173,35324,289,true
set_cover_n100_m84_d0.4_b_w17_seed3.txt,Set Cover,100,RelaxGrouping,10000,true,min,5.000000,0.024739,0.008016,0.004925,18173,35324,289,true
set_cover_n100_m84_d0.4_b_w17_seed3.txt,Set Cover,100,RelaxGrouping,20000,true,min,5.000000,0.026010,0.007753,0.006259,18173,35324,289,true
set_cover_n100_m84_d0.4_b_w17_seed3.txt,Set Cover,100,RelaxGrouping,500,false,min,5.000000,0.022899,na,0.003366,18173,35324,289,true
set_cover_n100_m84_d0.4_b_w17_seed3.txt,Set Cover,100,RelaxGrouping,1000,false,min,5.000000,0.026060,na,0.004890,18173,35324,289,true
set_cover_n100_m84_d0.4_b_w17_seed3.txt,Set Cover,100,RelaxGrouping,2000,false,min,5.000000,0.027085,na,0.004856,18173,35324,289,true
set_cover_n100_m84_d0.4_b_w17_seed3.txt,Set Cover,100,RelaxGrouping,5000,false,min,5.000000,0.025829,na,0.006976,18173,35324,289,true
set_cover_n100_m84_d0.4_b_w17_seed3.txt,Set Cover,100,RelaxGrouping,10000,false,min,5.000000,0.025712,na,0.007271,18173,35324,289,true
set_cover_n100_m84_d0.4_b_w17_seed3.txt,Set Cover,100,RelaxGrouping,20000,false,min,5.000000,0.025861,na,0.004989,18173,35324,289,true
set_cover_n100_m84_d0.4_b_w17_seed4.txt,Set Cover,100,RelaxGrouping,1000,true,min,5.000000,0.025589,0.007004,0.004486,18173,35324,289,true
set_cover_n100_m84_d0.4_b_w17_seed4.txt,Set Cover,100,RelaxGrouping,500,true,min,5.000000,0.025731,0.007030,0.004844,18173,35324,289,true
set_cover_n100_m84_d0.4_b_w17_seed4.txt,Set Cover,100,RelaxGrouping,2000,true,min,5.000000,0.027048,0.007047,0.004733,18173,35324,289,true
set_cover_n100_m84_d0.4_b_w17_seed4.txt,Set Cover,100,RelaxGrouping,5000,true,min,5.000000,0.025795,0.006996,0.005481,18173,35324,289,true
set_cover_n100_m84_d0.4_b_w17_seed4.txt,Set Cover,100,RelaxGrouping,10000,true,min,5.000000,0.024262,0.007190,0.005319,18173,35324,289,true
set_cover_n100_m84_d0.4_b_w17_seed4.txt,Set Cover,100,RelaxGrouping,500,false,min,5.000000,0.024406,na,0.006173,18173,35324,289,true
set_cover_n100_m84_d0.4_b_w17_seed4.txt,Set Cover,100,RelaxGrouping,1000,false,min,5.000000,0.024500,na,0.004999,18173,35324,289,true
set_cover_n100_m84_d0.4_b_w17_seed4.txt,Set Cover,100,RelaxGrouping,2000,false,min,5.000000,0.025676,na,0.006178,18173,35324,289,true
set_cover_n100_m84_d0.4_b_w17_seed4.txt,Set Cover,100,RelaxGrouping,20000,true,min,5.000000,0.025544,0.005319,0.004826,18173,35324,289,true
set_cover_n100_m84_d0.4_b_w17_seed4.txt,Set Cover,100,RelaxGrouping,5000,false,min,5.000000,0.023145,na,0.003620,18173,35324,289,true
set_cover_n100_m84_d0.4_b_w17_seed4.txt,Set Cover,100,RelaxGrouping,10000,false,min,5.000000,0.025576,na,0.004669,18173,35324,289,true
set_cover_n100_m84_d0.4_b_w17_seed4.txt,Set Cover,100,RelaxGrouping,20000,false,min,5.000000,0.026001,na,0.006322,18173,35324,289,true
set_cover_n100_m84_d0.05_b_w17_seed1.txt,Set Cover,100,RelaxGrouping,500,true,min,2.000000,0.069126,0.015238,0.003638,8857,14527,192,true
set_cover_n100_m84_d0.05_b_w17_seed1.txt,Set Cover,100,RelaxGrouping,1000,true,min,2.000000,0.130599,0.032686,0.005454,14658,23929,355,true
set_cover_n100_m84_d0.05_b_w17_seed1.txt,Set Cover,100,RelaxGrouping,2000,true,min,2.000000,0.267737,0.114375,0.013804,23752,39039,600,true
set_cover_n100_m84_d0.05_b_w17_seed1.txt,Set Cover,100,RelaxGrouping,500,false,min,2.000000,0.067001,na,0.007858,29829,49149,498,true
set_cover_n100_m84_d0.05_b_w17_seed1.txt,Set Cover,100,RelaxGrouping,5000,true,min,3.000000,0.772068,0.329633,0.033185,48749,81030,1170,true
set_cover_n100_m84_d0.05_b_w17_seed1.txt,Set Cover,100,RelaxGrouping,1000,false,min,2.000000,0.134225,na,0.017704,56464,93184,998,true
set_cover_n100_m84_d0.05_b_w17_seed1.txt,Set Cover,100,RelaxGrouping,2000,false,min,2.000000,0.268996,na,0.031517,110534,181525,1992,true
set_cover_n100_m84_d0.05_b_w17_seed1.txt,Set Cover,100,RelaxGrouping,10000,true,min,3.000000,1.961234,0.828185,0.058001,82624,137424,2337,true
set_cover_n100_m84_d0.05_b_w17_seed1.txt,Set Cover,100,RelaxGrouping,5000,false,min,3.000000,0.805787,na,0.090675,264019,433249,4974,true
set_cover_n100_m84_d0.5_b_w17_seed1.txt,Set Cover,100,RelaxGrouping,500,true,min,5.000000,0.026496,0.006729,0.004342,18173,35324,289,true
set_cover_n100_m84_d0.05_b_w17_seed1.txt,Set Cover,100,RelaxGrouping,10000,false,min,3.000000,2.046034,na,0.225800,511103,841010,9987,true
set_cover_n100_m84_d0.5_b_w17_seed1.txt,Set Cover,100,RelaxGrouping,1000,true,min,5.000000,0.026253,0.007330,0.005115,18173,35324,289,true
set_cover_n100_m84_d0.05_b_w17_seed1.txt,Set Cover,100,RelaxGrouping,20000,true,min,3.000000,4.812327,2.354615,0.122348,148920,249283,4860,true
set_cover_n100_m84_d0.5_b_w17_seed1.txt,Set Cover,100,RelaxGrouping,2000,true,min,5.000000,0.025432,0.007377,0.004825,18173,35324,289,true
set_cover_n100_m84_d0.5_b_w17_seed1.txt,Set Cover,100,RelaxGrouping,5000,true,min,5.000000,0.026644,0.007589,0.004921,18173,35324,289,true
set_cover_n100_m84_d0.5_b_w17_seed1.txt,Set Cover,100,RelaxGrouping,10000,true,min,5.000000,0.025831,0.006895,0.004137,18173,35324,289,true
set_cover_n100_m84_d0.5_b_w17_seed1.txt,Set Cover,100,RelaxGrouping,500,false,min,5.000000,0.025213,na,0.004481,18173,35324,289,true
set_cover_n100_m84_d0.5_b_w17_seed1.txt,Set Cover,100,RelaxGrouping,1000,false,min,5.000000,0.026225,na,0.004833,18173,35324,289,true
set_cover_n100_m84_d0.5_b_w17_seed1.txt,Set Cover,100,RelaxGrouping,20000,true,min,5.000000,0.025260,0.006324,0.005243,18173,35324,289,true
set_cover_n100_m84_d0.05_b_w17_seed1.txt,Set Cover,100,RelaxGrouping,20000,false,min,3.000000,4.847140,na,0.478515,1003803,1652871,19934,true
set_cover_n100_m84_d0.5_b_w17_seed1.txt,Set Cover,100,RelaxGrouping,2000,false,min,5.000000,0.024453,na,0.003233,18173,35324,289,true
set_cover_n100_m84_d0.5_b_w17_seed1.txt,Set Cover,100,RelaxGrouping,5000,false,min,5.000000,0.026067,na,0.005176,18173,35324,289,true
set_cover_n100_m84_d0.5_b_w17_seed1.txt,Set Cover,100,RelaxGrouping,10000,false,min,5.000000,0.026091,na,0.005158,18173,35324,289,true
set_cover_n100_m84_d0.5_b_w17_seed1.txt,Set Cover,100,RelaxGrouping,20000,false,min,5.000000,0.027399,na,0.006135,18173,35324,289,true
set_cover_n100_m84_d0.05_b_w17_seed2.txt,Set Cover,100,RelaxGrouping,500,true,min,2.000000,0.069033,0.021042,0.006344,11147,18014,306,true
set_cover_n100_m84_d0.05_b_w17_seed2.txt,Set Cover,100,RelaxGrouping,1000,true,min,2.000000,0.113726,0.039304,0.007577,18802,30255,426,true
set_cover_n100_m84_d0.05_b_w17_seed2.txt,Set Cover,100,RelaxGrouping,2000,true,min,3.000000,0.271328,0.106117,0.014800,30967,50268,755,true
set_cover_n100_m84_d0.05_b_w17_seed2.txt,Set Cover,100,RelaxGrouping,500,false,min,2.000000,0.065871,na,0.008026,29334,48346,495,true
set_cover_n100_m84_d0.05_b_w17_seed2.txt,Set Cover,100,RelaxGrouping,5000,true,min,3.000000,0.789105,0.341215,0.044633,74073,118980,1965,true
set_cover_n100_m84_d0.05_b_w17_seed2.txt,Set Cover,100,RelaxGrouping,1000,false,min,2.000000,0.129496,na,0.013949,55710,91677,992,true
set_cover_n100_m84_d0.05_b_w17_seed2.txt,Set Cover,100,RelaxGrouping,10000,true,min,3.000000,1.762477,0.777713,0.069960,106183,172085,2804,true
set_cover_n100_m84_d0.05_b_w17_seed2.txt,Set Cover,100,RelaxGrouping,2000,false,min,3.000000,0.252851,na,0.028176,107290,175676,1998,true
set_cover_n100_m84_d0.05_b_w17_seed2.txt,Set Cover,100,RelaxGrouping,5000,false,min,3.000000,0.758186,na,0.087899,267746,437895,4994,true
set_cover_n100_m84_d0.5_b_w17_seed2.txt,Set Cover,100,RelaxGrouping,500,true,min,5.000000,0.026421,0.006831,0.004665,18173,35324,289,true
set_cover_n100_m84_d0.05_b_w17_seed2.txt,Set Cover,100,RelaxGrouping,10000,false,min,3.000000,1.769213,na,0.187133,482774,796433,9942,true
set_cover_n100_m84_d0.5_b_w17_seed2.txt,Set Cover,100,RelaxGrouping,1000,true,min,5.000000,0.024876,0.005482,0.003093,18173,35324,289,true
set_cover_n100_m84_d0.05_b_w17_seed2.txt,Set Cover,100,RelaxGrouping,20000,true,min,3.000000,4.263079,2.078217,0.178262,215031,346488,6931,true
set_cover_n100_m84_d0.5_b_w17_seed2.txt,Set Cover,100,RelaxGrouping,2000,true,min,5.000000,0.024456,0.006198,0.004802,18173,35324,289,true
set_cover_n100_m84_d0.5_b_w17_seed2.txt,Set Cover,100,RelaxGrouping,10000,true,min,5.000000,0.025497,0.006614,0.005278,18173,35324,289,true
set_cover_n100_m84_d0.5_b_w17_seed2.txt,Set Cover,100,RelaxGrouping,5000,true,min,5.000000,0.026476,0.006700,0.005790,18173,35324,289,true
set_cover_n100_m84_d0.5_b_w17_seed2.txt,Set Cover,100,RelaxGrouping,20000,true,min,5.000000,0.026623,0.007043,0.005719,18173,35324,289,true
set_cover_n100_m84_d0.05_b_w17_seed2.txt,Set Cover,100,RelaxGrouping,20000,false,min,3.000000,4.260943,na,0.413232,960108,1574555,19835,true
set_cover_n100_m84_d0.5_b_w17_seed2.txt,Set Cover,100,RelaxGrouping,500,false,min,5.000000,0.024406,na,0.004412,18173,35324,289,true
set_cover_n100_m84_d0.5_b_w17_seed2.txt,Set Cover,100,RelaxGrouping,1000,false,min,5.000000,0.024616,na,0.003562,18173,35324,289,true
set_cover_n100_m84_d0.5_b_w17_seed2.txt,Set Cover,100,RelaxGrouping,2000,false,min,5.000000,0.024531,na,0.004383,18173,35324,289,true
set_cover_n100_m84_d0.5_b_w17_seed2.txt,Set Cover,100,RelaxGrouping,5000,false,min,5.000000,0.024602,na,0.005088,18173,35324,289,true
set_cover_n100_m84_d0.5_b_w17_seed2.txt,Set Cover,100,RelaxGrouping,10000,false,min,5.000000,0.025453,na,0.006147,18173,35324,289,true
set_cover_n100_m84_d0.5_b_w17_seed2.txt,Set Cover,100,RelaxGrouping,20000,false,min,5.000000,0.024591,na,0.007858,18173,35324,289,true
set_cover_n100_m84_d0.05_b_w17_seed3.txt,Set Cover,100,RelaxGrouping,500,true,min,2.000000,0.071574,0.021942,0.003961,9694,15405,317,true
set_cover_n100_m84_d0.05_b_w17_seed3.txt,Set Cover,100,RelaxGrouping,1000,true,min,3.000000,0.135435,0.046591,0.007609,15048,24357,486,true
set_cover_n100_m84_d0.05_b_w17_seed3.txt,Set Cover,100,RelaxGrouping,2000,true,min,4.000000,0.288295,0.115052,0.014576,27078,43718,761,true
set_cover_n100_m84_d0.05_b_w17_seed3.txt,Set Cover,100,RelaxGrouping,500,false,min,2.000000,0.074980,na,0.010078,31359,51972,497,true
set_cover_n100_m84_d0.05_b_w17_seed3.txt,Set Cover,100,RelaxGrouping,5000,true,min,3.000000,0.785649,0.351904,0.035786,54397,87855,1573,true
set_cover_n100_m84_d0.05_b_w17_seed3.txt,Set Cover,100,RelaxGrouping,1000,false,min,3.000000,0.147631,na,0.017566,57650,96071,998,true
set_cover_n100_m84_d0.05_b_w17_seed3.txt,Set Cover,100,RelaxGrouping,10000,true,min,4.000000,1.957416,0.835306,0.059087,92887,151110,3358,true
set_cover_n100_m84_d0.05_b_w17_seed3.txt,Set Cover,100,RelaxGrouping,2000,false,min,4.000000,0.288179,na,0.030252,112663,185698,1997,true
set_cover_n100_m84_d0.05_b_w17_seed3.txt,Set Cover,100,RelaxGrouping,5000,false,min,3.000000,0.765585,na,0.091045,268311,441524,4973,true
set_cover_n100_m84_d0.5_b_w17_seed3.txt,Set Cover,100,RelaxGrouping,500,true,min,5.000000,0.026193,0.007013,0.004595,18173,35324,289,true
set_cover_n100_m84_d0.05_b_w17_seed3.txt,Set Cover,100,RelaxGrouping,10000,false,min,4.000000,1.893642,na,0.217570,523610,855358,9992,true
set_cover_n100_m84_d0.5_b_w17_seed3.txt,Set Cover,100,RelaxGrouping,1000,true,min,5.000000,0.025912,0.006630,0.005207,18173,35324,289,true
set_cover_n100_m84_d0.5_b_w17_seed3.txt,Set Cover,100,RelaxGrouping,2000,true,min,5.000000,0.026385,0.006795,0.004223,18173,35324,289,true
set_cover_n100_m84_d0.5_b_w17_seed3.txt,Set Cover,100,RelaxGrouping,5000,true,min,5.000000,0.025007,0.006792,0.004492,18173,35324,289,true
set_cover_n100_m84_d0.05_b_w17_seed3.txt,Set Cover,100,RelaxGrouping,20000,true,min,4.000000,4.612508,2.269551,0.116062,160602,262568,6648,true
set_cover_n100_m84_d0.5_b_w17_seed3.txt,Set Cover,100,RelaxGrouping,10000,true,min,5.000000,0.025909,0.006275,0.003879,18173,35324,289,true
set_cover_n100_m84_d0.5_b_w17_seed3.txt,Set Cover,100,RelaxGrouping,500,false,min,5.000000,0.025248,na,0.005858,18173,35324,289,true
set_cover_n100_m84_d0.5_b_w17_seed3.txt,Set Cover,100,RelaxGrouping,1000,false,min,5.000000,0.025239,na,0.006694,18173,35324,289,true
set_cover_n100_m84_d0.5_b_w17_seed3.txt,Set Cover,100,RelaxGrouping,20000,true,min,5.000000,0.025324,0.007215,0.005712,18173,35324,289,true
set_cover_n100_m84_d0.05_b_w17_seed3.txt,Set Cover,100,RelaxGrouping,20000,false,min,4.000000,4.655017,na,0.444372,1001299,1656187,19898,true
set_cover_n100_m84_d0.5_b_w17_seed3.txt,Set Cover,100,RelaxGrouping,2000,false,min,5.000000,0.024308,na,0.004446,18173,35324,289,true
set_cover_n100_m84_d0.5_b_w17_seed3.txt,Set Cover,100,RelaxGrouping,5000,false,min,5.000000,0.026006,na,0.006329,18173,35324,289,true
set_cover_n100_m84_d0.5_b_w17_seed3.txt,Set Cover,100,RelaxGrouping,10000,false,min,5.000000,0.024881,na,0.007593,18173,35324,289,true
set_cover_n100_m84_d0.5_b_w17_seed3.txt,Set Cover,100,RelaxGrouping,20000,false,min,5.000000,0.025098,na,0.006498,18173,35324,289,true
set_cover_n100_m84_d0.05_b_w17_seed4.txt,Set Cover,100,RelaxGrouping,500,true,min,2.000000,0.068273,0.021426,0.005378,9163,15386,228,true
set_cover_n100_m84_d0.05_b_w17_seed4.txt,Set Cover,100,RelaxGrouping,1000,true,min,2.000000,0.134514,0.035308,0.003593,13417,22486,341,true
set_cover_n100_m84_d0.05_b_w17_seed4.txt,Set Cover,100,RelaxGrouping,2000,true,min,3.000000,0.288018,0.112972,0.014611,23579,40032,604,true
set_cover_n100_m84_d0.05_b_w17_seed4.txt,Set Cover,100,RelaxGrouping,500,false,min,2.000000,0.072723,na,0.006550,29736,50644,498,true
set_cover_n100_m84_d0.05_b_w17_seed4.txt,Set Cover,100,RelaxGrouping,5000,true,min,3.000000,0.845188,0.351903,0.031080,47270,80873,1218,true
set_cover_n100_m84_d0.05_b_w17_seed4.txt,Set Cover,100,RelaxGrouping,1000,false,min,2.000000,0.132946,na,0.016552,56813,96252,992,true
set_cover_n100_m84_d0.05_b_w17_seed4.txt,Set Cover,100,RelaxGrouping,10000,true,min,3.000000,1.960917,0.870819,0.068094,91811,155333,2724,true
set_cover_n100_m84_d0.05_b_w17_seed4.txt,Set Cover,100,RelaxGrouping,2000,false,min,3.000000,0.282929,na,0.033062,111349,187556,1997,true
set_cover_n100_m84_d0.05_b_w17_seed4.txt,Set Cover,100,RelaxGrouping,5000,false,min,3.000000,0.810406,na,0.089919,269894,456275,4973,true
set_cover_n100_m84_d0.5_b_w17_seed4.txt,Set Cover,100,RelaxGrouping,500,true,min,5.000000,0.025379,0.006805,0.005075,18173,35324,289,true
set_cover_n100_m84_d0.5_b_w17_seed4.txt,Set Cover,100,RelaxGrouping,1000,true,min,5.000000,0.025645,0.005804,0.004278,18173,35324,289,true
set_cover_n100_m84_d0.05_b_w17_seed4.txt,Set Cover,100,RelaxGrouping,10000,false,min,3.000000,2.054778,na,0.223205,523944,880663,9913,true
set_cover_n100_m84_d0.5_b_w17_seed4.txt,Set Cover,100,RelaxGrouping,2000,true,min,5.000000,0.025214,0.005382,0.004151,18173,35324,289,true
set_cover_n100_m84_d0.5_b_w17_seed4.txt,Set Cover,100,RelaxGrouping,5000,true,min,5.000000,0.025057,0.006618,0.003847,18173,35324,289,true
set_cover_n100_m84_d0.05_b_w17_seed4.txt,Set Cover,100,RelaxGrouping,20000,true,min,3.000000,5.054631,2.344968,0.131422,149917,257731,3976,true
set_cover_n100_m84_d0.5_b_w17_seed4.txt,Set Cover,100,RelaxGrouping,10000,true,min,5.000000,0.024864,0.005195,0.002856,18173,35324,289,true
set_cover_n100_m84_d0.5_b_w17_seed4.txt,Set Cover,100,RelaxGrouping,20000,true,min,5.000000,0.024755,0.005246,0.003212,18173,35324,289,true
set_cover_n100_m84_d0.5_b_w17_seed4.txt,Set Cover,100,RelaxGrouping,500,false,min,5.000000,0.026048,na,0.006126,18173,35324,289,true
set_cover_n100_m84_d0.5_b_w17_seed4.txt,Set Cover,100,RelaxGrouping,1000,false,min,5.000000,0.025060,na,0.007762,18173,35324,289,true
set_cover_n100_m84_d0.05_b_w17_seed4.txt,Set Cover,100,RelaxGrouping,20000,false,min,3.000000,5.129771,na,0.504180,1024802,1730285,19964,true
set_cover_n100_m84_d0.5_b_w17_seed4.txt,Set Cover,100,RelaxGrouping,5000,false,min,5.000000,0.025271,na,0.004771,18173,35324,289,true
set_cover_n100_m84_d0.5_b_w17_seed4.txt,Set Cover,100,RelaxGrouping,2000,false,min,5.000000,0.026213,na,0.004683,18173,35324,289,true
set_cover_n100_m84_d0.5_b_w17_seed4.txt,Set Cover,100,RelaxGrouping,10000,false,min,5.000000,0.025154,na,0.004183,18173,35324,289,true
set_cover_n100_m84_d0.5_b_w17_seed4.txt,Set Cover,100,RelaxGrouping,20000,false,min,5.000000,0.023947,na,0.004896,18173,35324,289,true
set_cover_n100_m84_d0.15_b_w17_seed1.txt,Set Cover,100,RelaxGrouping,500,true,min,2.000000,0.076849,0.026040,0.005282,12183,23232,292,true
set_cover_n100_m84_d0.15_b_w17_seed1.txt,Set Cover,100,RelaxGrouping,1000,true,min,2.000000,0.152246,0.051680,0.008095,15016,28633,396,true
set_cover_n100_m84_d0.15_b_w17_seed1.txt,Set Cover,100,RelaxGrouping,2000,true,min,2.000000,0.294834,0.120038,0.014333,23614,45508,797,true
set_cover_n100_m84_d0.15_b_w17_seed1.txt,Set Cover,100,RelaxGrouping,500,false,min,2.000000,0.080971,na,0.007432,32595,61683,497,true
set_cover_n100_m84_d0.15_b_w17_seed1.txt,Set Cover,100,RelaxGrouping,5000,true,min,3.000000,0.801323,0.381409,0.038975,52927,103079,1665,true
set_cover_n100_m84_d0.15_b_w17_seed1.txt,Set Cover,100,RelaxGrouping,1000,false,min,2.000000,0.157966,na,0.017882,60975,115404,992,true
set_cover_n100_m84_d0.15_b_w17_seed1.txt,Set Cover,100,RelaxGrouping,10000,true,min,3.000000,1.914898,0.978178,0.069549,93956,183994,2866,true
set_cover_n100_m84_d0.15_b_w17_seed1.txt,Set Cover,100,RelaxGrouping,2000,false,min,2.000000,0.304126,na,0.030250,116462,220867,1994,true
set_cover_n100_m84_d0.15_b_w17_seed1.txt,Set Cover,100,RelaxGrouping,5000,false,min,3.000000,0.809094,na,0.097178,277439,527364,4988,true
set_cover_n100_m84_d0.15_b_w17_seed1.txt,Set Cover,100,RelaxGrouping,10000,false,min,3.000000,1.911218,na,0.219636,525251,999109,9979,true
set_cover_n100_m84_d0.15_b_w17_seed2.txt,Set Cover,100,RelaxGrouping,500,true,min,2.000000,0.071155,0.020546,0.004937,9699,18690,253,true
set_cover_n100_m84_d0.15_b_w17_seed2.txt,Set Cover,100,RelaxGrouping,1000,true,min,2.000000,0.135719,0.049682,0.006493,14154,27234,385,true
set_cover_n100_m84_d0.15_b_w17_seed2.txt,Set Cover,100,RelaxGrouping,2000,true,min,2.000000,0.278810,0.116220,0.012306,21170,40893,789,true
set_cover_n100_m84_d0.15_b_w17_seed1.txt,Set Cover,100,RelaxGrouping,20000,true,min,3.000000,4.324282,2.348429,0.156464,178824,351313,5990,true
set_cover_n100_m84_d0.15_b_w17_seed2.txt,Set Cover,100,RelaxGrouping,5000,true,min,3.000000,0.779752,0.378510,0.028698,38050,73954,1324,true
set_cover_n100_m84_d0.15_b_w17_seed1.txt,Set Cover,100,RelaxGrouping,20000,false,min,3.000000,4.350501,na,0.482116,992940,1886509,19987,true
set_cover_n100_m84_d0.15_b_w17_seed2.txt,Set Cover,100,RelaxGrouping,500,false,min,2.000000,0.071095,na,0.009983,29138,55175,497,true
set_cover_n100_m84_d0.15_b_w17_seed2.txt,Set Cover,100,RelaxGrouping,10000,true,min,3.000000,1.893617,1.009899,0.054051,65167,127364,2480,true
set_cover_n100_m84_d0.15_b_w17_seed2.txt,Set Cover,100,RelaxGrouping,1000,false,min,2.000000,0.137172,na,0.016020,55931,106288,992,true
set_cover_n100_m84_d0.15_b_w17_seed2.txt,Set Cover,100,RelaxGrouping,2000,false,min,2.000000,0.274606,na,0.026731,105067,200261,1982,true
set_cover_n100_m84_d0.15_b_w17_seed2.txt,Set Cover,100,RelaxGrouping,5000,false,min,3.000000,0.762777,na,0.091117,251190,481720,4978,true
set_cover_n100_m84_d0.15_b_w17_seed3.txt,Set Cover,100,RelaxGrouping,500,true,min,2.000000,0.075937,0.024972,0.004942,10053,19331,220,true
set_cover_n100_m84_d0.15_b_w17_seed2.txt,Set Cover,100,RelaxGrouping,10000,false,min,3.000000,1.785044,na,0.207579,479668,920480,9983,true
set_cover_n100_m84_d0.15_b_w17_seed2.txt,Set Cover,100,RelaxGrouping,20000,true,min,3.000000,4.103118,2.103860,0.096469,108049,210860,4080,true
set_cover_n100_m84_d0.15_b_w17_seed3.txt,Set Cover,100,RelaxGrouping,1000,true,min,2.000000,0.138434,0.050810,0.008756,17103,32959,395,true
set_cover_n100_m84_d0.15_b_w17_seed3.txt,Set Cover,100,RelaxGrouping,2000,true,min,2.000000,0.281433,0.119975,0.015271,26676,51445,680,true
set_cover_n100_m84_d0.15_b_w17_seed2.txt,Set Cover,100,RelaxGrouping,20000,false,min,3.000000,4.198651,na,0.412682,905920,1737624,19970,true
set_cover_n100_m84_d0.15_b_w17_seed3.txt,Set Cover,100,RelaxGrouping,5000,true,min,3.000000,0.718550,0.345540,0.035132,54480,105971,1636,true
set_cover_n100_m84_d0.15_b_w17_seed3.txt,Set Cover,100,RelaxGrouping,500,false,min,2.000000,0.074109,na,0.007138,31206,59295,494,true
set_cover_n100_m84_d0.15_b_w17_seed3.txt,Set Cover,100,RelaxGrouping,10000,true,min,3.000000,1.629339,0.777058,0.064022,89378,174603,2846,true
set_cover_n100_m84_d0.15_b_w17_seed3.txt,Set Cover,100,RelaxGrouping,1000,false,min,2.000000,0.145335,na,0.013506,58858,111902,991,true
set_cover_n100_m84_d0.15_b_w17_seed3.txt,Set Cover,100,RelaxGrouping,2000,false,min,2.000000,0.290896,na,0.031369,111029,211230,1986,true
set_cover_n100_m84_d0.15_b_w17_seed3.txt,Set Cover,100,RelaxGrouping,5000,false,min,3.000000,0.738790,na,0.085662,253477,483089,4987,true
set_cover_n100_m84_d0.15_b_w17_seed4.txt,Set Cover,100,RelaxGrouping,500,true,min,2.000000,0.072587,0.023941,0.004623,8172,15775,200,true
set_cover_n100_m84_d0.15_b_w17_seed3.txt,Set Cover,100,RelaxGrouping,10000,false,min,3.000000,1.747974,na,0.195756,473128,904173,9968,true
set_cover_n100_m84_d0.15_b_w17_seed4.txt,Set Cover,100,RelaxGrouping,1000,true,min,2.000000,0.140183,0.049425,0.005767,15053,29141,392,true
set_cover_n100_m84_d0.15_b_w17_seed3.txt,Set Cover,100,RelaxGrouping,20000,true,min,3.000000,3.563790,2.123228,0.141870,161610,316147,6099,true
set_cover_n100_m84_d0.15_b_w17_seed4.txt,Set Cover,100,RelaxGrouping,2000,true,min,2.000000,0.284955,0.115120,0.014375,24515,47417,645,true
set_cover_n100_m84_d0.15_b_w17_seed3.txt,Set Cover,100,RelaxGrouping,20000,false,min,3.000000,3.679934,na,0.419369,890790,1706413,19986,true
set_cover_n100_m84_d0.15_b_w17_seed4.txt,Set Cover,100,RelaxGrouping,500,false,min,2.000000,0.075211,na,0.009008,28981,54936,499,true
set_cover_n100_m84_d0.15_b_w17_seed4.txt,Set Cover,100,RelaxGrouping,5000,true,min,3.000000,0.763953,0.368052,0.037785,49715,96585,1414,true
set_cover_n100_m84_d0.15_b_w17_seed4.txt,Set Cover,100,RelaxGrouping,10000,true,min,3.000000,1.920506,0.965637,0.062142,84137,164392,2576,true
set_cover_n100_m84_d0.15_b_w17_seed4.txt,Set Cover,100,RelaxGrouping,1000,false,min,2.000000,0.133531,na,0.011906,55014,104242,989,true
set_cover_n100_m84_d0.15_b_w17_seed4.txt,Set Cover,100,RelaxGrouping,2000,false,min,2.000000,0.293614,na,0.031563,108000,204405,1998,true
set_cover_n100_m84_d0.15_b_w17_seed4.txt,Set Cover,100,RelaxGrouping,5000,false,min,3.000000,0.760749,na,0.088993,257901,488379,4983,true
set_cover_n100_m84_d0.25_b_w17_seed1.txt,Set Cover,100,RelaxGrouping,500,true,min,5.000000,0.027072,0.007008,0.004598,18173,35324,289,true
set_cover_n100_m84_d0.15_b_w17_seed4.txt,Set Cover,100,RelaxGrouping,10000,false,min,3.000000,1.841106,na,0.222645,491321,932037,9974,true
set_cover_n100_m84_d0.25_b_w17_seed1.txt,Set Cover,100,RelaxGrouping,1000,true,min,5.000000,0.027265,0.007712,0.004690,18173,35324,289,true
set_cover_n100_m84_d0.25_b_w17_seed1.txt,Set Cover,100,RelaxGrouping,2000,true,min,5.000000,0.027244,0.007905,0.004842,18173,35324,289,true
set_cover_n100_m84_d0.15_b_w17_seed4.txt,Set Cover,100,RelaxGrouping,20000,true,min,3.000000,4.041160,2.295785,0.135466,130402,255579,4649,true
set_cover_n100_m84_d0.25_b_w17_seed1.txt,Set Cover,100,RelaxGrouping,500,false,min,5.000000,0.028196,na,0.004500,18173,35324,289,true
set_cover_n100_m84_d0.25_b_w17_seed1.txt,Set Cover,100,RelaxGrouping,5000,true,min,5.000000,0.026132,0.006862,0.004633,18173,35324,289,true
set_cover_n100_m84_d0.25_b_w17_seed1.txt,Set Cover,100,RelaxGrouping,10000,true,min,5.000000,0.026037,0.007176,0.006396,18173,35324,289,true
set_cover_n100_m84_d0.25_b_w17_seed1.txt,Set Cover,100,RelaxGrouping,20000,true,min,5.000000,0.027319,0.007079,0.005838,18173,35324,289,true
set_cover_n100_m84_d0.15_b_w17_seed4.txt,Set Cover,100,RelaxGrouping,20000,false,min,3.000000,4.124152,na,0.452328,935864,1781114,19913,true
set_cover_n100_m84_d0.25_b_w17_seed1.txt,Set Cover,100,RelaxGrouping,1000,false,min,5.000000,0.027507,na,0.004934,18173,35324,289,true
set_cover_n100_m84_d0.25_b_w17_seed1.txt,Set Cover,100,RelaxGrouping,2000,false,min,5.000000,0.027471,na,0.006021,18173,35324,289,true
set_cover_n100_m84_d0.25_b_w17_seed1.txt,Set Cover,100,RelaxGrouping,5000,false,min,5.000000,0.026432,na,0.007551,18173,35324,289,true
set_cover_n100_m84_d0.25_b_w17_seed1.txt,Set Cover,100,RelaxGrouping,10000,false,min,5.000000,0.026614,na,0.007525,18173,35324,289,true
set_cover_n100_m84_d0.25_b_w17_seed1.txt,Set Cover,100,RelaxGrouping,20000,false,min,5.000000,0.027125,na,0.004411,18173,35324,289,true
set_cover_n100_m84_d0.25_b_w17_seed2.txt,Set Cover,100,RelaxGrouping,1000,true,min,5.000000,0.025968,0.007735,0.004679,18173,35324,289,true
set_cover_n100_m84_d0.25_b_w17_seed2.txt,Set Cover,100,RelaxGrouping,500,true,min,5.000000,0.027343,0.007870,0.004743,18173,35324,289,true
set_cover_n100_m84_d0.25_b_w17_seed2.txt,Set Cover,100,RelaxGrouping,5000,true,min,5.000000,0.026573,0.007857,0.005544,18173,35324,289,true
set_cover_n100_m84_d0.25_b_w17_seed2.txt,Set Cover,100,RelaxGrouping,2000,true,min,5.000000,0.027328,0.008230,0.006025,18173,35324,289,true
set_cover_n100_m84_d0.25_b_w17_seed2.txt,Set Cover,100,RelaxGrouping,500,false,min,5.000000,0.025262,na,0.006867,18173,35324,289,true
set_cover_n100_m84_d0.25_b_w17_seed2.txt,Set Cover,100,RelaxGrouping,1000,false,min,5.000000,0.025326,na,0.007231,18173,35324,289,true
set_cover_n100_m84_d0.25_b_w17_seed2.txt,Set Cover,100,RelaxGrouping,2000,false,min,5.000000,0.026493,na,0.006249,18173,35324,289,true
set_cover_n100_m84_d0.25_b_w17_seed2.txt,Set Cover,100,RelaxGrouping,10000,true,min,5.000000,0.025501,0.007449,0.008018,18173,35324,289,true
set_cover_n100_m84_d0.25_b_w17_seed2.txt,Set Cover,100,RelaxGrouping,20000,true,min,5.000000,0.026487,0.007521,0.007300,18173,35324,289,true
set_cover_n100_m84_d0.25_b_w17_seed2.txt,Set Cover,100,RelaxGrouping,5000,false,min,5.000000,0.025801,na,0.005565,18173,35324,289,true
set_cover_n100_m84_d0.25_b_w17_seed2.txt,Set Cover,100,RelaxGrouping,10000,false,min,5.000000,0.024714,na,0.007300,18173,35324,289,true
set_cover_n100_m84_d0.25_b_w17_seed2.txt,Set Cover,100,RelaxGrouping,20000,false,min,5.000000,0.026775,na,0.005907,18173,35324,289,true
set_cover_n100_m84_d0.25_b_w17_seed3.txt,Set Cover,100,RelaxGrouping,500,true,min,5.000000,0.026951,0.007972,0.005238,18173,35324,289,true
set_cover_n100_m84_d0.25_b_w17_seed3.txt,Set Cover,100,RelaxGrouping,1000,true,min,5.000000,0.026929,0.007820,0.005335,18173,35324,289,true
set_cover_n100_m84_d0.25_b_w17_seed3.txt,Set Cover,100,RelaxGrouping,500,false,min,5.000000,0.026903,na,0.005622,18173,35324,289,true
set_cover_n100_m84_d0.25_b_w17_seed3.txt,Set Cover,100,RelaxGrouping,2000,true,min,5.000000,0.027253,0.006122,0.006550,18173,35324,289,true
set_cover_n100_m84_d0.25_b_w17_seed3.txt,Set Cover,100,RelaxGrouping,5000,true,min,5.000000,0.026115,0.006212,0.005821,18173,35324,289,true
set_cover_n100_m84_d0.25_b_w17_seed3.txt,Set Cover,100,RelaxGrouping,10000,true,min,5.000000,0.025970,0.006292,0.007075,18173,35324,289,true
set_cover_n100_m84_d0.25_b_w17_seed3.txt,Set Cover,100,RelaxGrouping,20000,true,min,5.000000,0.026983,0.006749,0.005416,18173,35324,289,true
set_cover_n100_m84_d0.25_b_w17_seed3.txt,Set Cover,100,RelaxGrouping,2000,false,min,5.000000,0.025052,na,0.005082,18173,35324,289,true
set_cover_n100_m84_d0.25_b_w17_seed3.txt,Set Cover,100,RelaxGrouping,1000,false,min,5.000000,0.027498,na,0.006984,18173,35324,289,true
set_cover_n100_m84_d0.25_b_w17_seed3.txt,Set Cover,100,RelaxGrouping,5000,false,min,5.000000,0.025196,na,0.006310,18173,35324,289,true
set_cover_n100_m84_d0.25_b_w17_seed3.txt,Set Cover,100,RelaxGrouping,10000,false,min,5.000000,0.026226,na,0.007646,18173,35324,289,true
set_cover_n100_m84_d0.25_b_w17_seed3.txt,Set Cover,100,RelaxGrouping,20000,false,min,5.000000,0.025141,na,0.007926,18173,35324,289,true
set_cover_n100_m84_d0.25_b_w17_seed4.txt,Set Cover,100,RelaxGrouping,500,true,min,5.000000,0.026968,0.006903,0.006498,18173,35324,289,true
set_cover_n100_m84_d0.25_b_w17_seed4.txt,Set Cover,100,RelaxGrouping,1000,true,min,5.000000,0.025600,0.007046,0.005755,18173,35324,289,true
set_cover_n100_m84_d0.25_b_w17_seed4.txt,Set Cover,100,RelaxGrouping,2000,true,min,5.000000,0.026868,0.007248,0.006659,18173,35324,289,true
set_cover_n100_m84_d0.25_b_w17_seed4.txt,Set Cover,100,RelaxGrouping,5000,true,min,5.000000,0.026796,0.007262,0.006193,18173,35324,289,true
set_cover_n100_m84_d0.25_b_w17_seed4.txt,Set Cover,100,RelaxGrouping,10000,true,min,5.000000,0.026764,0.008131,0.007357,18173,35324,289,true
set_cover_n100_m84_d0.25_b_w17_seed4.txt,Set Cover,100,RelaxGrouping,500,false,min,5.000000,0.026526,na,0.007747,18173,35324,289,true
set_cover_n100_m84_d0.25_b_w17_seed4.txt,Set Cover,100,RelaxGrouping,1000,false,min,5.000000,0.025251,na,0.008196,18173,35324,289,true
set_cover_n100_m84_d0.25_b_w17_seed4.txt,Set Cover,100,RelaxGrouping,5000,false,min,5.000000,0.025250,na,0.008155,18173,35324,289,true
set_cover_n100_m84_d0.25_b_w17_seed4.txt,Set Cover,100,RelaxGrouping,2000,false,min,5.000000,0.025211,na,0.007833,18173,35324,289,true
set_cover_n100_m84_d0.25_b_w17_seed4.txt,Set Cover,100,RelaxGrouping,20000,true,min,5.000000,0.026415,0.007400,0.007212,18173,35324,289,true
set_cover_n100_m84_d0.25_b_w17_seed4.txt,Set Cover,100,RelaxGrouping,10000,false,min,5.000000,0.024806,na,0.003616,18173,35324,289,true
set_cover_n100_m84_d0.25_b_w17_seed4.txt,Set Cover,100,RelaxGrouping,20000,false,min,5.000000,0.024746,na,0.003544,18173,35324,289,true
set_cover_n100_m84_d0.35_b_w17_seed1.txt,Set Cover,100,RelaxGrouping,1000,true,min,5.000000,0.025843,0.005815,0.003205,18173,35324,289,true
set_cover_n100_m84_d0.35_b_w17_seed1.txt,Set Cover,100,RelaxGrouping,500,true,min,5.000000,0.024708,0.005619,0.003464,18173,35324,289,true
set_cover_n100_m84_d0.35_b_w17_seed1.txt,Set Cover,100,RelaxGrouping,2000,true,min,5.000000,0.025934,0.005721,0.003564,18173,35324,289,true
set_cover_n100_m84_d0.35_b_w17_seed1.txt,Set Cover,100,RelaxGrouping,500,false,min,5.000000,0.026830,na,0.007754,18173,35324,289,true
set_cover_n100_m84_d0.35_b_w17_seed1.txt,Set Cover,100,RelaxGrouping,1000,false,min,5.000000,0.026898,na,0.007732,18173,35324,289,true
set_cover_n100_m84_d0.35_b_w17_seed1.txt,Set Cover,100,RelaxGrouping,5000,true,min,5.000000,0.026508,0.007122,0.006611,18173,35324,289,true
set_cover_n100_m84_d0.35_b_w17_seed1.txt,Set Cover,100,RelaxGrouping,10000,true,min,5.000000,0.025416,0.007814,0.005988,18173,35324,289,true
set_cover_n100_m84_d0.35_b_w17_seed1.txt,Set Cover,100,RelaxGrouping,20000,true,min,5.000000,0.025442,0.008541,0.007013,18173,35324,289,true
set_cover_n100_m84_d0.35_b_w17_seed1.txt,Set Cover,100,RelaxGrouping,2000,false,min,5.000000,0.026719,na,0.005934,18173,35324,289,true
set_cover_n100_m84_d0.35_b_w17_seed1.txt,Set Cover,100,RelaxGrouping,5000,false,min,5.000000,0.025326,na,0.007007,18173,35324,289,true
set_cover_n100_m84_d0.35_b_w17_seed1.txt,Set Cover,100,RelaxGrouping,10000,false,min,5.000000,0.026702,na,0.005851,18173,35324,289,true
set_cover_n100_m84_d0.35_b_w17_seed1.txt,Set Cover,100,RelaxGrouping,20000,false,min,5.000000,0.025567,na,0.007852,18173,35324,289,true
set_cover_n100_m84_d0.35_b_w17_seed2.txt,Set Cover,100,RelaxGrouping,500,true,min,5.000000,0.026934,0.007840,0.005126,18173,35324,289,true
set_cover_n100_m84_d0.35_b_w17_seed2.txt,Set Cover,100,RelaxGrouping,1000,true,min,5.000000,0.025387,0.006733,0.004884,18173,35324,289,true
set_cover_n100_m84_d0.35_b_w17_seed2.txt,Set Cover,100,RelaxGrouping,2000,true,min,5.000000,0.026617,0.006347,0.005877,18173,35324,289,true
set_cover_n100_m84_d0.35_b_w17_seed2.txt,Set Cover,100,RelaxGrouping,10000,true,min,5.000000,0.026707,0.006462,0.004306,18173,35324,289,true
set_cover_n100_m84_d0.35_b_w17_seed2.txt,Set Cover,100,RelaxGrouping,5000,true,min,5.000000,0.025614,0.007132,0.005636,18173,35324,289,true
set_cover_n100_m84_d0.35_b_w17_seed2.txt,Set Cover,100,RelaxGrouping,20000,true,min,5.000000,0.025623,0.007323,0.005938,18173,35324,289,true
set_cover_n100_m84_d0.35_b_w17_seed2.txt,Set Cover,100,RelaxGrouping,500,false,min,5.000000,0.025679,na,0.005036,18173,35324,289,true
set_cover_n100_m84_d0.35_b_w17_seed2.txt,Set Cover,100,RelaxGrouping,1000,false,min,5.000000,0.027018,na,0.005752,18173,35324,289,true
set_cover_n100_m84_d0.35_b_w17_seed2.txt,Set Cover,100,RelaxGrouping,2000,false,min,5.000000,0.025903,na,0.006283,18173,35324,289,true
set_cover_n100_m84_d0.35_b_w17_seed2.txt,Set Cover,100,RelaxGrouping,5000,false,min,5.000000,0.026222,na,0.006257,18173,35324,289,true
set_cover_n100_m84_d0.35_b_w17_seed2.txt,Set Cover,100,RelaxGrouping,10000,false,min,5.000000,0.026214,na,0.006782,18173,35324,289,true
set_cover_n100_m84_d0.35_b_w17_seed2.txt,Set Cover,100,RelaxGrouping,20000,false,min,5.000000,0.025850,na,0.005883,18173,35324,289,true
set_cover_n100_m84_d0.35_b_w17_seed3.txt,Set Cover,100,RelaxGrouping,500,true,min,5.000000,0.027027,0.007177,0.004875,18173,35324,289,true
set_cover_n100_m84_d0.35_b_w17_seed3.txt,Set Cover,100,RelaxGrouping,1000,true,min,5.000000,0.027095,0.007702,0.004837,18173,35324,289,true
set_cover_n100_m84_d0.35_b_w17_seed3.txt,Set Cover,100,RelaxGrouping,2000,true,min,5.000000,0.027079,0.007712,0.005949,18173,35324,289,true
set_cover_n100_m84_d0.35_b_w17_seed3.txt,Set Cover,100,RelaxGrouping,5000,true,min,5.000000,0.025938,0.008278,0.006227,18173,35324,289,true
set_cover_n100_m84_d0.35_b_w17_seed3.txt,Set Cover,100,RelaxGrouping,500,false,min,5.000000,0.026129,na,0.006352,18173,35324,289,true
set_cover_n100_m84_d0.35_b_w17_seed3.txt,Set Cover,100,RelaxGrouping,1000,false,min,5.000000,0.025130,na,0.006387,18173,35324,289,true
set_cover_n100_m84_d0.35_b_w17_seed3.txt,Set Cover,100,RelaxGrouping,2000,false,min,5.000000,0.025030,na,0.006270,18173,35324,289,true
set_cover_n100_m84_d0.35_b_w17_seed3.txt,Set Cover,100,RelaxGrouping,10000,true,min,5.000000,0.026164,0.005520,0.006874,18173,35324,289,true
set_cover_n100_m84_d0.35_b_w17_seed3.txt,Set Cover,100,RelaxGrouping,20000,true,min,5.000000,0.026065,0.005536,0.006577,18173,35324,289,true
set_cover_n100_m84_d0.35_b_w17_seed3.txt,Set Cover,100,RelaxGrouping,5000,false,min,5.000000,0.025857,na,0.004218,18173,35324,289,true
set_cover_n100_m84_d0.35_b_w17_seed3.txt,Set Cover,100,RelaxGrouping,10000,false,min,5.000000,0.025668,na,0.004471,18173,35324,289,true
set_cover_n100_m84_d0.35_b_w17_seed3.txt,Set Cover,100,RelaxGrouping,20000,false,min,5.000000,0.025716,na,0.006830,18173,35324,289,true
set_cover_n100_m84_d0.35_b_w17_seed4.txt,Set Cover,100,RelaxGrouping,1000,true,min,5.000000,0.025685,0.007695,0.004056,18173,35324,289,true
set_cover_n100_m84_d0.35_b_w17_seed4.txt,Set Cover,100,RelaxGrouping,500,true,min,5.000000,0.025713,0.007999,0.004570,18173,35324,289,true
set_cover_n100_m84_d0.35_b_w17_seed4.txt,Set Cover,100,RelaxGrouping,500,false,min,5.000000,0.026939,na,0.006419,18173,35324,289,true
set_cover_n100_m84_d0.35_b_w17_seed4.txt,Set Cover,100,RelaxGrouping,2000,true,min,5.000000,0.026795,0.007077,0.005690,18173,35324,289,true
set_cover_n100_m84_d0.35_b_w17_seed4.txt,Set Cover,100,RelaxGrouping,5000,true,min,5.000000,0.026819,0.007118,0.006568,18173,35324,289,true
set_cover_n100_m84_d0.35_b_w17_seed4.txt,Set Cover,100,RelaxGrouping,10000,true,min,5.000000,0.025690,0.007238,0.006699,18173,35324,289,true
set_cover_n100_m84_d0.35_b_w17_seed4.txt,Set Cover,100,RelaxGrouping,20000,true,min,5.000000,0.026970,0.007426,0.008387,18173,35324,289,true
set_cover_n100_m84_d0.35_b_w17_seed4.txt,Set Cover,100,RelaxGrouping,2000,false,min,5.000000,0.025232,na,0.003698,18173,35324,289,true
set_cover_n100_m84_d0.35_b_w17_seed4.txt,Set Cover,100,RelaxGrouping,1000,false,min,5.000000,0.026433,na,0.005490,18173,35324,289,true
set_cover_n100_m84_d0.35_b_w17_seed4.txt,Set Cover,100,RelaxGrouping,5000,false,min,5.000000,0.026208,na,0.006001,18173,35324,289,true
set_cover_n100_m84_d0.35_b_w17_seed4.txt,Set Cover,100,RelaxGrouping,10000,false,min,5.000000,0.026249,na,0.006283,18173,35324,289,true
set_cover_n100_m84_d0.35_b_w17_seed4.txt,Set Cover,100,RelaxGrouping,20000,false,min,5.000000,0.026169,na,0.008150,18173,35324,289,true
set_cover_n100_m84_d0.45_b_w17_seed1.txt,Set Cover,100,RelaxGrouping,500,true,min,5.000000,0.025219,0.005653,0.005987,18173,35324,289,true
set_cover_n100_m84_d0.45_b_w17_seed1.txt,Set Cover,100,RelaxGrouping,1000,true,min,5.000000,0.026380,0.006210,0.005037,18173,35324,289,true
set_cover_n100_m84_d0.45_b_w17_seed1.txt,Set Cover,100,RelaxGrouping,2000,true,min,5.000000,0.025411,0.006663,0.005938,18173,35324,289,true
set_cover_n100_m84_d0.45_b_w17_seed1.txt,Set Cover,100,RelaxGrouping,5000,true,min,5.000000,0.025388,0.007813,0.006969,18173,35324,289,true
set_cover_n100_m84_d0.45_b_w17_seed1.txt,Set Cover,100,RelaxGrouping,10000,true,min,5.000000,0.026737,0.007029,0.007947,18173,35324,289,true
set_cover_n100_m84_d0.45_b_w17_seed1.txt,Set Cover,100,RelaxGrouping,500,false,min,5.000000,0.026949,na,0.005479,18173,35324,289,true
set_cover_n100_m84_d0.45_b_w17_seed1.txt,Set Cover,100,RelaxGrouping,1000,false,min,5.000000,0.026863,na,0.006259,18173,35324,289,true
set_cover_n100_m84_d0.45_b_w17_seed1.txt,Set Cover,100,RelaxGrouping,5000,false,min,5.000000,0.027012,na,0.007633,18173,35324,289,true
set_cover_n100_m84_d0.45_b_w17_seed1.txt,Set Cover,100,RelaxGrouping,2000,false,min,5.000000,0.026786,na,0.006715,18173,35324,289,true
set_cover_n100_m84_d0.45_b_w17_seed1.txt,Set Cover,100,RelaxGrouping,20000,true,min,5.000000,0.026916,0.006668,0.007560,18173,35324,289,true
set_cover_n100_m84_d0.45_b_w17_seed1.txt,Set Cover,100,RelaxGrouping,10000,false,min,5.000000,0.027028,na,0.005115,18173,35324,289,true
set_cover_n100_m84_d0.45_b_w17_seed1.txt,Set Cover,100,RelaxGrouping,20000,false,min,5.000000,0.025694,na,0.006103,18173,35324,289,true
set_cover_n100_m84_d0.45_b_w17_seed2.txt,Set Cover,100,RelaxGrouping,500,true,min,5.000000,0.026917,0.006868,0.004284,18173,35324,289,true
set_cover_n100_m84_d0.45_b_w17_seed2.txt,Set Cover,100,RelaxGrouping,1000,true,min,5.000000,0.025753,0.007612,0.006036,18173,35324,289,true
set_cover_n100_m84_d0.45_b_w17_seed2.txt,Set Cover,100,RelaxGrouping,2000,true,min,5.000000,0.027044,0.007333,0.005262,18173,35324,289,true
set_cover_n100_m84_d0.45_b_w17_seed2.txt,Set Cover,100,RelaxGrouping,500,false,min,5.000000,0.026881,na,0.005003,18173,35324,289,true
set_cover_n100_m84_d0.45_b_w17_seed2.txt,Set Cover,100,RelaxGrouping,1000,false,min,5.000000,0.025791,na,0.005722,18173,35324,289,true
set_cover_n100_m84_d0.45_b_w17_seed2.txt,Set Cover,100,RelaxGrouping,5000,true,min,5.000000,0.026602,0.006552,0.004623,18173,35324,289,true
set_cover_n100_m84_d0.45_b_w17_seed2.txt,Set Cover,100,RelaxGrouping,10000,true,min,5.000000,0.026744,0.007047,0.005542,18173,35324,289,true
set_cover_n100_m84_d0.45_b_w17_seed2.txt,Set Cover,100,RelaxGrouping,20000,true,min,5.000000,0.026702,0.006972,0.007611,18173,35324,289,true
set_cover_n100_m84_d0.45_b_w17_seed2.txt,Set Cover,100,RelaxGrouping,2000,false,min,5.000000,0.026520,na,0.004768,18173,35324,289,true
set_cover_n100_m84_d0.45_b_w17_seed2.txt,Set Cover,100,RelaxGrouping,10000,false,min,5.000000,0.026606,na,0.007986,18173,35324,289,true
set_cover_n100_m84_d0.45_b_w17_seed2.txt,Set Cover,100,RelaxGrouping,5000,false,min,5.000000,0.025619,na,0.008392,18173,35324,289,true
set_cover_n100_m84_d0.45_b_w17_seed2.txt,Set Cover,100,RelaxGrouping,20000,false,min,5.000000,0.026169,na,0.009706,18173,35324,289,true
set_cover_n100_m84_d0.45_b_w17_seed3.txt,Set Cover,100,RelaxGrouping,500,true,min,5.000000,0.027059,0.008573,0.005011,18173,35324,289,true
set_cover_n100_m84_d0.45_b_w17_seed3.txt,Set Cover,100,RelaxGrouping,1000,true,min,5.000000,0.026340,0.007746,0.004864,18173,35324,289,true
set_cover_n100_m84_d0.45_b_w17_seed3.txt,Set Cover,100,RelaxGrouping,2000,true,min,5.000000,0.026320,0.007322,0.005932,18173,35324,289,true
set_cover_n100_m84_d0.45_b_w17_seed3.txt,Set Cover,100,RelaxGrouping,5000,true,min,5.000000,0.026405,0.007195,0.006704,18173,35324,289,true
set_cover_n100_m84_d0.45_b_w17_seed3.txt,Set Cover,100,RelaxGrouping,10000,true,min,5.000000,0.026373,0.007545,0.006348,18173,35324,289,true
set_cover_n100_m84_d0.45_b_w17_seed3.txt,Set Cover,100,RelaxGrouping,20000,true,min,5.000000,0.027316,0.007382,0.007975,18173,35324,289,true
set_cover_n100_m84_d0.45_b_w17_seed3.txt,Set Cover,100,RelaxGrouping,500,false,min,5.000000,0.025525,na,0.004147,18173,35324,289,true
set_cover_n100_m84_d0.45_b_w17_seed3.txt,Set Cover,100,RelaxGrouping,1000,false,min,5.000000,0.025637,na,0.005460,18173,35324,289,true
set_cover_n100_m84_d0.45_b_w17_seed3.txt,Set Cover,100,RelaxGrouping,2000,false,min,5.000000,0.025651,na,0.006341,18173,35324,289,true
set_cover_n100_m84_d0.45_b_w17_seed3.txt,Set Cover,100,RelaxGrouping,5000,false,min,5.000000,0.027016,na,0.008191,18173,35324,289,true
set_cover_n100_m84_d0.45_b_w17_seed3.txt,Set Cover,100,RelaxGrouping,10000,false,min,5.000000,0.025933,na,0.008338,18173,35324,289,true
set_cover_n100_m84_d0.45_b_w17_seed3.txt,Set Cover,100,RelaxGrouping,20000,false,min,5.000000,0.025755,na,0.004442,18173,35324,289,true
set_cover_n100_m84_d0.45_b_w17_seed4.txt,Set Cover,100,RelaxGrouping,500,true,min,5.000000,0.024560,0.007734,0.004825,18173,35324,289,true
set_cover_n100_m84_d0.45_b_w17_seed4.txt,Set Cover,100,RelaxGrouping,2000,true,min,5.000000,0.024631,0.007665,0.005149,18173,35324,289,true
set_cover_n100_m84_d0.45_b_w17_seed4.txt,Set Cover,100,RelaxGrouping,5000,true,min,5.000000,0.026109,0.007309,0.005589,18173,35324,289,true
set_cover_n100_m84_d0.45_b_w17_seed4.txt,Set Cover,100,RelaxGrouping,1000,true,min,5.000000,0.026049,0.007710,0.005583,18173,35324,289,true
set_cover_n100_m84_d0.45_b_w17_seed4.txt,Set Cover,100,RelaxGrouping,1000,false,min,5.000000,0.026015,na,0.005761,18173,35324,289,true
set_cover_n100_m84_d0.45_b_w17_seed4.txt,Set Cover,100,RelaxGrouping,500,false,min,5.000000,0.025828,na,0.006542,18173,35324,289,true
set_cover_n100_m84_d0.45_b_w17_seed4.txt,Set Cover,100,RelaxGrouping,2000,false,min,5.000000,0.025960,na,0.004872,18173,35324,289,true
set_cover_n100_m84_d0.45_b_w17_seed4.txt,Set Cover,100,RelaxGrouping,10000,true,min,5.000000,0.026087,0.007561,0.005691,18173,35324,289,true
set_cover_n100_m84_d0.45_b_w17_seed4.txt,Set Cover,100,RelaxGrouping,20000,true,min,5.000000,0.026012,0.007728,0.006549,18173,35324,289,true
set_cover_n100_m84_d0.45_b_w17_seed4.txt,Set Cover,100,RelaxGrouping,10000,false,min,5.000000,0.024729,na,0.004735,18173,35324,289,true
set_cover_n100_m84_d0.45_b_w17_seed4.txt,Set Cover,100,RelaxGrouping,5000,false,min,5.000000,0.024919,na,0.003474,18173,35324,289,true
set_cover_n100_m84_d0.45_b_w17_seed4.txt,Set Cover,100,RelaxGrouping,20000,false,min,5.000000,0.024621,na,0.006105,18173,35324,289,true
set_cover_n250_m86_d0.3_b_w165_seed1.txt,Set Cover,250,RelaxGrouping,500,true,min,1.000000,0.304692,0.080442,0.006013,14823,28642,193,true
set_cover_n250_m86_d0.3_b_w165_seed1.txt,Set Cover,250,RelaxGrouping,1000,true,min,1.000000,0.630148,0.189235,0.013482,24669,47692,381,true
set_cover_n250_m86_d0.3_b_w165_seed1.txt,Set Cover,250,RelaxGrouping,500,false,min,1.000000,0.324711,na,0.028596,95875,186077,494,true
set_cover_n250_m86_d0.3_b_w165_seed1.txt,Set Cover,250,RelaxGrouping,2000,true,min,1.000000,1.361934,0.503340,0.026595,42694,82425,653,true
set_cover_n250_m86_d0.3_b_w165_seed1.txt,Set Cover,250,RelaxGrouping,1000,false,min,1.000000,0.637727,na,0.058509,192252,373173,998,true
set_cover_n250_m86_d0.3_b_w165_seed1.txt,Set Cover,250,RelaxGrouping,5000,true,min,1.000000,4.052460,1.572332,0.074709,96642,186687,1588,true
set_cover_n250_m86_d0.3_b_w165_seed1.txt,Set Cover,250,RelaxGrouping,2000,false,min,1.000000,1.358409,na,0.121961,385187,748274,1995,true
set_cover_n250_m86_d0.3_b_w165_seed1.txt,Set Cover,250,RelaxGrouping,5000,false,min,1.000000,3.988045,na,0.386782,939685,1827292,4992,true
set_cover_n250_m86_d0.3_b_w165_seed2.txt,Set Cover,250,RelaxGrouping,500,true,min,1.000000,0.333140,0.090668,0.007583,14234,27147,330,true
set_cover_n250_m86_d0.3_b_w165_seed1.txt,Set Cover,250,RelaxGrouping,10000,true,min,2.000000,9.901250,4.512347,0.140656,175049,338385,3293,true
set_cover_n250_m86_d0.3_b_w165_seed2.txt,Set Cover,250,RelaxGrouping,1000,true,min,1.000000,0.629352,0.194308,0.012679,24124,46250,460,true
set_cover_n250_m86_d0.3_b_w165_seed1.txt,Set Cover,250,RelaxGrouping,10000,false,min,2.000000,10.290697,na,0.865983,1856021,3607697,9986,true
set_cover_n250_m86_d0.3_b_w165_seed2.txt,Set Cover,250,RelaxGrouping,2000,true,min,1.000000,1.360168,0.527500,0.028657,48004,91923,1280,true
set_cover_n250_m86_d0.3_b_w165_seed2.txt,Set Cover,250,RelaxGrouping,5000,true,min,1.000000,4.034828,1.669927,0.069708,94659,182188,2112,true
set_cover_n250_m86_d0.3_b_w165_seed2.txt,Set Cover,250,RelaxGrouping,500,false,min,1.000000,0.324239,na,0.031169,97427,189153,498,true
set_cover_n250_m86_d0.3_b_w165_seed2.txt,Set Cover,250,RelaxGrouping,1000,false,min,1.000000,0.652407,na,0.061969,195412,379574,998,true
set_cover_n250_m86_d0.3_b_w165_seed2.txt,Set Cover,250,RelaxGrouping,2000,false,min,1.000000,1.419008,na,0.122271,392544,762380,1996,true
set_cover_n250_m86_d0.3_b_w165_seed1.txt,Set Cover,250,RelaxGrouping,20000,true,min,2.000000,23.192132,11.132948,0.311728,355740,689504,5977,true
set_cover_n250_m86_d0.3_b_w165_seed1.txt,Set Cover,250,RelaxGrouping,20000,false,min,2.000000,23.819323,na,2.083654,3648254,7090136,19962,true
set_cover_n250_m86_d0.3_b_w165_seed2.txt,Set Cover,250,RelaxGrouping,10000,true,min,1.000000,10.229884,4.511135,0.138837,184208,354985,4604,true
set_cover_n250_m86_d0.3_b_w165_seed2.txt,Set Cover,250,RelaxGrouping,5000,false,min,1.000000,3.957654,na,0.385148,951782,1852254,4989,true
set_cover_n250_m86_d0.3_b_w165_seed3.txt,Set Cover,250,RelaxGrouping,500,true,min,1.000000,0.320476,0.087940,0.009472,15962,30683,277,true
set_cover_n250_m86_d0.3_b_w165_seed3.txt,Set Cover,250,RelaxGrouping,1000,true,min,1.000000,0.663234,0.201787,0.015643,29108,55888,607,true
set_cover_n250_m86_d0.3_b_w165_seed3.txt,Set Cover,250,RelaxGrouping,2000,true,min,1.000000,1.351789,0.530111,0.032239,55974,107003,1105,true
set_cover_n250_m86_d0.3_b_w165_seed2.txt,Set Cover,250,RelaxGrouping,10000,false,min,1.000000,10.194769,na,0.896344,1876760,3651440,9993,true
set_cover_n250_m86_d0.3_b_w165_seed3.txt,Set Cover,250,RelaxGrouping,5000,true,min,1.000000,4.137224,1.640612,0.083678,125133,239167,3066,true
set_cover_n250_m86_d0.3_b_w165_seed3.txt,Set Cover,250,RelaxGrouping,500,false,min,1.000000,0.326324,na,0.029752,99589,193422,499,true
set_cover_n250_m86_d0.3_b_w165_seed3.txt,Set Cover,250,RelaxGrouping,1000,false,min,1.000000,0.636473,na,0.057801,197216,384054,991,true
set_cover_n250_m86_d0.3_b_w165_seed2.txt,Set Cover,250,RelaxGrouping,20000,true,min,1.000000,24.277286,10.891670,0.291024,378603,729944,10524,true
set_cover_n250_m86_d0.3_b_w165_seed3.txt,Set Cover,250,RelaxGrouping,2000,false,min,1.000000,1.367388,na,0.119948,392670,764156,1996,true
set_cover_n250_m86_d0.3_b_w165_seed3.txt,Set Cover,250,RelaxGrouping,10000,true,min,1.000000,9.830304,4.308884,0.171128,241278,462157,5608,true
set_cover_n250_m86_d0.3_b_w165_seed2.txt,Set Cover,250,RelaxGrouping,20000,false,min,1.000000,23.825578,na,2.036860,3696424,7187244,19983,true
set_cover_n250_m86_d0.3_b_w165_seed3.txt,Set Cover,250,RelaxGrouping,5000,false,min,1.000000,3.875648,na,0.366582,968551,1882487,4995,true
set_cover_n250_m86_d0.3_b_w165_seed4.txt,Set Cover,250,RelaxGrouping,500,true,min,1.000000,0.331329,0.088407,0.008029,15054,28761,273,true
set_cover_n250_m86_d0.3_b_w165_seed4.txt,Set Cover,250,RelaxGrouping,1000,true,min,1.000000,0.658680,0.190168,0.013926,26161,50036,510,true
set_cover_n250_m86_d0.3_b_w165_seed3.txt,Set Cover,250,RelaxGrouping,10000,false,min,1.000000,9.812365,na,0.891503,1897059,3684487,9988,true
set_cover_n250_m86_d0.3_b_w165_seed4.txt,Set Cover,250,RelaxGrouping,2000,true,min,1.000000,1.344406,0.523462,0.027820,45229,86495,809,true
set_cover_n250_m86_d0.3_b_w165_seed4.txt,Set Cover,250,RelaxGrouping,5000,true,min,1.000000,4.246078,1.644515,0.073640,100720,193361,2047,true
set_cover_n250_m86_d0.3_b_w165_seed4.txt,Set Cover,250,RelaxGrouping,500,false,min,1.000000,0.321340,na,0.030165,97259,189216,498,true
set_cover_n250_m86_d0.3_b_w165_seed4.txt,Set Cover,250,RelaxGrouping,1000,false,min,1.000000,0.665241,na,0.059211,192872,375308,994,true
set_cover_n250_m86_d0.3_b_w165_seed3.txt,Set Cover,250,RelaxGrouping,20000,true,min,2.000000,23.143004,10.930645,0.328080,434253,831561,9073,true
set_cover_n250_m86_d0.3_b_w165_seed4.txt,Set Cover,250,RelaxGrouping,2000,false,min,1.000000,1.414778,na,0.120472,383195,746027,1998,true
set_cover_n250_m86_d0.3_b_w165_seed3.txt,Set Cover,250,RelaxGrouping,20000,false,min,2.000000,23.847539,na,2.031025,3694559,7181996,19980,true
set_cover_n250_m86_d0.3_b_w165_seed4.txt,Set Cover,250,RelaxGrouping,10000,true,min,1.000000,10.051526,4.460967,0.142672,190557,366388,3461,true
set_cover_n250_m86_d0.3_b_w165_seed4.txt,Set Cover,250,RelaxGrouping,5000,false,min,1.000000,3.981057,na,0.358555,942448,1834921,4989,true
set_cover_n500_m336_d0.15_b_w165_seed1.txt,Set Cover,500,RelaxGrouping,500,true,min,2.000000,1.260919,0.212581,0.028382,49685,97576,298,true
set_cover_n250_m86_d0.3_b_w165_seed4.txt,Set Cover,250,RelaxGrouping,10000,false,min,1.000000,9.986121,na,0.836506,1836511,3578790,9986,true
set_cover_n500_m336_d0.15_b_w165_seed1.txt,Set Cover,500,RelaxGrouping,1000,true,min,2.000000,2.569850,0.475800,0.053413,80482,157801,781,true
set_cover_n500_m336_d0.15_b_w165_seed1.txt,Set Cover,500,RelaxGrouping,2000,true,min,2.000000,5.778673,1.192998,0.099725,141958,278232,1111,true
set_cover_n250_m86_d0.3_b_w165_seed4.txt,Set Cover,250,RelaxGrouping,20000,true,min,1.000000,23.465800,10.393338,0.315325,380901,733635,6864,true
set_cover_n500_m336_d0.15_b_w165_seed1.txt,Set Cover,500,RelaxGrouping,500,false,min,2.000000,1.237056,na,0.067846,208432,406628,500,true
set_cover_n250_m86_d0.3_b_w165_seed4.txt,Set Cover,250,RelaxGrouping,20000,false,min,1.000000,23.235297,na,1.996276,3609622,7035459,19970,true
set_cover_n500_m336_d0.15_b_w165_seed1.txt,Set Cover,500,RelaxGrouping,1000,false,min,2.000000,2.545727,na,0.131368,412567,803745,1000,true
set_cover_n500_m336_d0.15_b_w165_seed1.txt,Set Cover,500,RelaxGrouping,5000,true,min,2.000000,18.220875,3.999084,0.288718,364729,712404,2333,true
set_cover_n500_m336_d0.15_b_w165_seed1.txt,Set Cover,500,RelaxGrouping,2000,false,min,2.000000,5.617182,na,0.305417,857451,1661145,1993,true
set_cover_n500_m336_d0.15_b_w165_seed1.txt,Set Cover,500,RelaxGrouping,5000,false,min,2.000000,17.451057,na,1.066020,2155363,4175563,4992,true
set_cover_n500_m336_d0.15_b_w165_seed2.txt,Set Cover,500,RelaxGrouping,500,true,min,2.000000,1.264141,0.214058,0.030102,55422,109220,378,true
set_cover_n500_m336_d0.15_b_w165_seed1.txt,Set Cover,500,RelaxGrouping,10000,true,min,2.000000,40.042017,10.645331,0.598838,676966,1324451,5406,true
set_cover_n500_m336_d0.15_b_w165_seed2.txt,Set Cover,500,RelaxGrouping,1000,true,min,2.000000,2.584895,0.473357,0.057405,89011,175488,842,true
set_cover_n500_m336_d0.15_b_w165_seed2.txt,Set Cover,500,RelaxGrouping,2000,true,min,2.000000,5.606385,1.146595,0.087282,122764,240583,944,true
set_cover_n500_m336_d0.15_b_w165_seed1.txt,Set Cover,500,RelaxGrouping,10000,false,min,2.000000,40.554245,na,2.499731,4299214,8312554,9997,true
set_cover_n500_m336_d0.15_b_w165_seed2.txt,Set Cover,500,RelaxGrouping,5000,true,min,2.000000,16.840976,4.084405,0.200185,248439,487548,1996,true
set_cover_n500_m336_d0.15_b_w165_seed2.txt,Set Cover,500,RelaxGrouping,500,false,min,2.000000,1.269091,na,0.072849,214478,419302,500,true
set_cover_n500_m336_d0.15_b_w165_seed2.txt,Set Cover,500,RelaxGrouping,1000,false,min,2.000000,2.605515,na,0.131275,417100,812784,998,true
set_cover_n500_m336_d0.15_b_w165_seed2.txt,Set Cover,500,RelaxGrouping,2000,false,min,2.000000,5.667136,na,0.301303,817770,1589720,1994,true
set_cover_n500_m336_d0.15_b_w165_seed2.txt,Set Cover,500,RelaxGrouping,10000,true,min,2.000000,39.657208,10.620276,0.473324,569012,1117916,6986,true
set_cover_n500_m336_d0.15_b_w165_seed2.txt,Set Cover,500,RelaxGrouping,5000,false,min,2.000000,17.370611,na,1.006935,2033251,3946588,4997,true
set_cover_n500_m336_d0.15_b_w165_seed1.txt,Set Cover,500,RelaxGrouping,20000,true,min,2.000000,86.377512,27.077812,1.240685,1132441,2222500,7669,true
set_cover_n500_m336_d0.15_b_w165_seed1.txt,Set Cover,500,RelaxGrouping,20000,false,min,2.000000,87.362752,na,5.559868,8528989,16483501,19986,true
set_cover_n500_m336_d0.15_b_w165_seed3.txt,Set Cover,500,RelaxGrouping,500,true,min,2.000000,1.224825,0.200513,0.026380,45835,89816,305,true
set_cover_n500_m336_d0.15_b_w165_seed3.txt,Set Cover,500,RelaxGrouping,1000,true,min,2.000000,2.575752,0.456775,0.049881,72345,141718,561,true
set_cover_n500_m336_d0.15_b_w165_seed3.txt,Set Cover,500,RelaxGrouping,2000,true,min,2.000000,5.437124,1.099007,0.094199,128324,250105,986,true
set_cover_n500_m336_d0.15_b_w165_seed2.txt,Set Cover,500,RelaxGrouping,10000,false,min,2.000000,39.411216,na,2.506264,4138946,8050391,9995,true
set_cover_n500_m336_d0.15_b_w165_seed3.txt,Set Cover,500,RelaxGrouping,5000,true,min,2.000000,17.473152,3.998603,0.237284,285699,559868,3067,true
set_cover_n500_m336_d0.15_b_w165_seed3.txt,Set Cover,500,RelaxGrouping,500,false,min,2.000000,1.252357,na,0.065911,202320,393320,499,true
set_cover_n500_m336_d0.15_b_w165_seed3.txt,Set Cover,500,RelaxGrouping,1000,false,min,2.000000,2.585126,na,0.126799,409161,793804,997,true
set_cover_n500_m336_d0.15_b_w165_seed3.txt,Set Cover,500,RelaxGrouping,2000,false,min,2.000000,5.495790,na,0.299028,789974,1535482,1999,true
set_cover_n500_m336_d0.15_b_w165_seed3.txt,Set Cover,500,RelaxGrouping,10000,true,min,2.000000,39.054902,10.480804,0.494960,591757,1163694,5656,true
set_cover_n500_m336_d0.15_b_w165_seed2.txt,Set Cover,500,RelaxGrouping,20000,true,min,2.000000,86.601490,27.665409,1.033928,967688,1901015,7832,true
set_cover_n500_m336_d0.15_b_w165_seed3.txt,Set Cover,500,RelaxGrouping,5000,false,min,2.000000,17.713096,na,1.044158,2083193,4033070,4995,true
set_cover_n500_m336_d0.15_b_w165_seed2.txt,Set Cover,500,RelaxGrouping,20000,false,min,2.000000,85.920035,na,5.374329,8277841,16081527,19995,true
set_cover_n500_m336_d0.15_b_w165_seed4.txt,Set Cover,500,RelaxGrouping,500,true,min,2.000000,1.316960,0.211576,0.027610,53719,104799,352,true
set_cover_n500_m336_d0.15_b_w165_seed4.txt,Set Cover,500,RelaxGrouping,1000,true,min,2.000000,2.694261,0.482541,0.051332,82020,160531,499,true
set_cover_n500_m336_d0.15_b_w165_seed4.txt,Set Cover,500,RelaxGrouping,2000,true,min,2.000000,5.937534,1.170408,0.114890,158079,309500,1033,true
set_cover_n500_m336_d0.15_b_w165_seed3.txt,Set Cover,500,RelaxGrouping,10000,false,min,2.000000,39.143125,na,2.452329,4071126,7874862,9996,true
set_cover_n500_m336_d0.15_b_w165_seed4.txt,Set Cover,500,RelaxGrouping,5000,true,min,2.000000,18.406143,4.015110,0.300658,382510,748048,3936,true
set_cover_n500_m336_d0.15_b_w165_seed4.txt,Set Cover,500,RelaxGrouping,500,false,min,2.000000,1.316837,na,0.070775,210440,409308,500,true
set_cover_n500_m336_d0.15_b_w165_seed4.txt,Set Cover,500,RelaxGrouping,1000,false,min,2.000000,2.724865,na,0.135752,417526,811871,995,true
set_cover_n500_m336_d0.15_b_w165_seed4.txt,Set Cover,500,RelaxGrouping,2000,false,min,2.000000,5.763707,na,0.313268,836715,1622463,1995,true
set_cover_n500_m336_d0.15_b_w165_seed3.txt,Set Cover,500,RelaxGrouping,20000,true,min,2.000000,85.766287,25.795482,1.234425,1232680,2421429,12265,true
set_cover_n500_m336_d0.15_b_w165_seed4.txt,Set Cover,500,RelaxGrouping,10000,true,min,2.000000,41.721707,10.998936,0.525431,587018,1146934,4667,true
set_cover_n500_m336_d0.15_b_w165_seed3.txt,Set Cover,500,RelaxGrouping,20000,false,min,2.000000,85.759040,na,5.399662,8285853,16021630,19978,true
set_cover_n500_m336_d0.15_b_w165_seed4.txt,Set Cover,500,RelaxGrouping,5000,false,min,2.000000,18.118604,na,1.051432,2085243,4043380,4992,true
set_cover_n750_m586_d0.1_b_w165_seed1.txt,Set Cover,750,RelaxGrouping,500,true,min,1.000000,2.864802,0.345484,0.029694,49524,95462,299,true
set_cover_n750_m586_d0.1_b_w165_seed1.txt,Set Cover,750,RelaxGrouping,1000,true,min,2.000000,6.169814,0.757768,0.090487,144425,282130,670,true
set_cover_n500_m336_d0.15_b_w165_seed4.txt,Set Cover,500,RelaxGrouping,10000,false,min,2.000000,41.660716,na,2.531211,4205472,8136971,10000,true
set_cover_n750_m586_d0.1_b_w165_seed1.txt,Set Cover,750,RelaxGrouping,2000,true,min,2.000000,13.531521,1.978140,0.195836,247181,480956,1394,true
set_cover_n750_m586_d0.1_b_w165_seed1.txt,Set Cover,750,RelaxGrouping,5000,true,min,2.000000,39.774287,6.748355,0.392024,449029,872835,3105,true
set_cover_n500_m336_d0.15_b_w165_seed4.txt,Set Cover,500,RelaxGrouping,20000,true,min,2.000000,89.597517,26.379036,1.216250,1103208,2159930,9979,true
set_cover_n750_m586_d0.1_b_w165_seed1.txt,Set Cover,750,RelaxGrouping,500,false,min,1.000000,2.858892,na,0.111373,323582,634871,500,true
set_cover_n750_m586_d0.1_b_w165_seed1.txt,Set Cover,750,RelaxGrouping,1000,false,min,2.000000,6.139630,na,0.234586,652130,1272886,1000,true
set_cover_n750_m586_d0.1_b_w165_seed1.txt,Set Cover,750,RelaxGrouping,2000,false,min,2.000000,13.558639,na,0.581558,1287386,2512561,1998,true
set_cover_n500_m336_d0.15_b_w165_seed4.txt,Set Cover,500,RelaxGrouping,20000,false,min,2.000000,89.672156,na,5.408350,8379587,16204775,19989,true
set_cover_n750_m586_d0.1_b_w165_seed1.txt,Set Cover,750,RelaxGrouping,5000,false,min,2.000000,39.656249,na,1.835377,3227308,6274136,4993,true
set_cover_n750_m586_d0.1_b_w165_seed2.txt,Set Cover,750,RelaxGrouping,500,true,min,1.000000,2.950942,0.342472,0.031214,56347,108092,438,true
set_cover_n750_m586_d0.1_b_w165_seed1.txt,Set Cover,750,RelaxGrouping,10000,true,min,2.000000,87.309853,17.394828,0.766689,827801,1609257,5564,true
set_cover_n750_m586_d0.1_b_w165_seed2.txt,Set Cover,750,RelaxGrouping,1000,true,min,2.000000,6.218425,0.781143,0.103698,162301,315345,886,true
set_cover_n750_m586_d0.1_b_w165_seed2.txt,Set Cover,750,RelaxGrouping,2000,true,min,2.000000,13.275790,1.894349,0.200837,276236,536116,1342,true
set_cover_n750_m586_d0.1_b_w165_seed1.txt,Set Cover,750,RelaxGrouping,10000,false,min,2.000000,86.622256,na,4.194334,6447024,12538274,9994,true
set_cover_n750_m586_d0.1_b_w165_seed2.txt,Set Cover,750,RelaxGrouping,5000,true,min,2.000000,39.651553,6.434323,0.419129,472567,920961,2481,true
set_cover_n750_m586_d0.1_b_w165_seed2.txt,Set Cover,750,RelaxGrouping,500,false,min,1.000000,2.947533,na,0.110599,332571,651328,500,true
set_cover_n750_m586_d0.1_b_w165_seed2.txt,Set Cover,750,RelaxGrouping,1000,false,min,2.000000,6.215744,na,0.231787,662033,1294460,998,true
set_cover_n750_m586_d0.1_b_w165_seed2.txt,Set Cover,750,RelaxGrouping,2000,false,min,2.000000,13.350564,na,0.562240,1290199,2521311,1997,true
set_cover_n750_m586_d0.1_b_w165_seed2.txt,Set Cover,750,RelaxGrouping,10000,true,min,2.000000,87.819532,18.162358,0.665860,693899,1347704,3494,true
set_cover_n750_m586_d0.1_b_w165_seed1.txt,Set Cover,750,RelaxGrouping,20000,true,min,2.000000,185.366776,43.684959,1.584183,1448644,2830805,8234,true
set_cover_n750_m586_d0.1_b_w165_seed2.txt,Set Cover,750,RelaxGrouping,5000,false,min,2.000000,40.130727,na,1.828549,3239750,6320774,4997,true
set_cover_n750_m586_d0.1_b_w165_seed3.txt,Set Cover,750,RelaxGrouping,500,true,min,1.000000,2.752187,0.314382,0.026788,44846,85566,363,true
set_cover_n750_m586_d0.1_b_w165_seed3.txt,Set Cover,750,RelaxGrouping,1000,true,min,2.000000,6.188982,0.767853,0.087857,128346,249458,626,true
set_cover_n750_m586_d0.1_b_w165_seed1.txt,Set Cover,750,RelaxGrouping,20000,false,min,2.000000,184.313301,na,8.959173,12875186,25033254,19993,true
set_cover_n750_m586_d0.1_b_w165_seed3.txt,Set Cover,750,RelaxGrouping,2000,true,min,2.000000,13.478044,1.900530,0.184221,237521,462447,1342,true
set_cover_n750_m586_d0.1_b_w165_seed3.txt,Set Cover,750,RelaxGrouping,5000,true,min,2.000000,39.320292,6.706929,0.414265,465357,907692,3042,true
set_cover_n750_m586_d0.1_b_w165_seed2.txt,Set Cover,750,RelaxGrouping,10000,false,min,2.000000,89.862485,na,4.300228,6545598,12710509,9999,true
set_cover_n750_m586_d0.1_b_w165_seed3.txt,Set Cover,750,RelaxGrouping,500,false,min,1.000000,2.769980,na,0.102854,307773,602290,500,true
set_cover_n750_m586_d0.1_b_w165_seed3.txt,Set Cover,750,RelaxGrouping,1000,false,min,2.000000,6.103446,na,0.227701,650993,1271967,996,true
set_cover_n750_m586_d0.1_b_w165_seed3.txt,Set Cover,750,RelaxGrouping,2000,false,min,2.000000,13.649310,na,0.560475,1297946,2533810,1998,true
set_cover_n750_m586_d0.1_b_w165_seed2.txt,Set Cover,750,RelaxGrouping,20000,true,min,2.000000,187.853070,43.048890,1.619046,1556095,3029738,15101,true
set_cover_n750_m586_d0.1_b_w165_seed3.txt,Set Cover,750,RelaxGrouping,10000,true,min,2.000000,86.413148,17.169121,0.800404,872137,1705518,5512,true
set_cover_n750_m586_d0.1_b_w165_seed3.txt,Set Cover,750,RelaxGrouping,5000,false,min,2.000000,39.728470,na,1.835080,3211628,6261303,4995,true
set_cover_n750_m586_d0.1_b_w165_seed4.txt,Set Cover,750,RelaxGrouping,500,true,min,1.000000,2.932025,0.328262,0.026086,45147,86209,390,true
set_cover_n750_m586_d0.1_b_w165_seed2.txt,Set Cover,750,RelaxGrouping,20000,false,min,2.000000,188.396063,na,9.172321,12965808,25248813,19992,true
set_cover_n750_m586_d0.1_b_w165_seed4.txt,Set Cover,750,RelaxGrouping,1000,true,min,2.000000,6.361258,0.811700,0.084579,124632,242221,600,true
set_cover_n750_m586_d0.1_b_w165_seed4.txt,Set Cover,750,RelaxGrouping,2000,true,min,2.000000,14.325595,2.004078,0.171168,212465,414352,1120,true
set_cover_n750_m586_d0.1_b_w165_seed3.txt,Set Cover,750,RelaxGrouping,10000,false,min,2.000000,87.148653,na,4.085162,6418287,12506192,9997,true
set_cover_n750_m586_d0.1_b_w165_seed4.txt,Set Cover,750,RelaxGrouping,5000,true,min,2.000000,42.088263,6.393259,0.409981,450353,878753,2423,true
set_cover_n750_m586_d0.1_b_w165_seed4.txt,Set Cover,750,RelaxGrouping,500,false,min,1.000000,2.869519,na,0.109408,323631,632827,499,true
set_cover_n750_m586_d0.1_b_w165_seed4.txt,Set Cover,750,RelaxGrouping,1000,false,min,2.000000,6.439838,na,0.235072,675145,1317388,996,true
set_cover_n750_m586_d0.1_b_w165_seed4.txt,Set Cover,750,RelaxGrouping,2000,false,min,2.000000,14.385035,na,0.601257,1352227,2632917,2000,true
set_cover_n750_m586_d0.1_b_w165_seed3.txt,Set Cover,750,RelaxGrouping,20000,true,min,2.000000,183.482562,41.585995,1.741428,1726470,3379569,15167,true
set_cover_n750_m586_d0.1_b_w165_seed4.txt,Set Cover,750,RelaxGrouping,10000,true,min,2.000000,92.790687,18.097285,0.787704,830552,1620756,3995,true
set_cover_n750_m586_d0.1_b_w165_seed4.txt,Set Cover,750,RelaxGrouping,5000,false,min,2.000000,42.579737,na,1.929316,3371513,6555443,4997,true
set_cover_n750_m586_d0.1_b_w165_seed3.txt,Set Cover,750,RelaxGrouping,20000,false,min,2.000000,183.327949,na,9.049625,12748521,24836207,19996,true
set_cover_n1000_m836_d0.07_b_w165_seed1.txt,Set Cover,1000,RelaxGrouping,1000,true,min,1.000000,11.315040,1.064923,0.113969,174710,335610,874,true
set_cover_n750_m586_d0.1_b_w165_seed4.txt,Set Cover,750,RelaxGrouping,10000,false,min,2.000000,92.436857,na,4.353747,6714075,13049187,9995,true
set_cover_n1000_m836_d0.07_b_w165_seed1.txt,Set Cover,1000,RelaxGrouping,2000,true,min,2.000000,25.107921,2.702360,0.327137,407397,790040,1700,true
set_cover_n750_m586_d0.1_b_w165_seed4.txt,Set Cover,750,RelaxGrouping,20000,true,min,2.000000,196.370862,44.900295,1.768590,1564609,3058660,7011,true
set_cover_n1000_m836_d0.07_b_w165_seed1.txt,Set Cover,1000,RelaxGrouping,5000,true,min,2.000000,73.070479,9.160181,0.700043,778088,1504467,4114,true
set_cover_n750_m586_d0.1_b_w165_seed4.txt,Set Cover,750,RelaxGrouping,20000,false,min,2.000000,194.103574,na,9.542580,13346225,25934058,19992,true
set_cover_n1000_m836_d0.07_b_w165_seed1.txt,Set Cover,1000,RelaxGrouping,1000,false,min,1.000000,11.495708,na,0.326211,903949,1768756,999,true
set_cover_n1000_m836_d0.07_b_w165_seed1.txt,Set Cover,1000,RelaxGrouping,10000,true,min,2.000000,155.799532,25.485171,1.158424,1218653,2337676,8642,true
set_cover_n1000_m836_d0.07_b_w165_seed1.txt,Set Cover,1000,RelaxGrouping,2000,false,min,2.000000,25.664727,na,0.846367,1806284,3524466,1998,true
set_cover_n1000_m836_d0.07_b_w165_seed1.txt,Set Cover,1000,RelaxGrouping,5000,false,min,2.000000,72.815608,na,2.679425,4493076,8763539,4997,true
set_cover_n1000_m836_d0.07_b_w165_seed1.txt,Set Cover,1000,RelaxGrouping,10000,false,min,2.000000,155.444474,na,6.033870,9044577,17644347,9998,true
set_cover_n1000_m836_d0.07_b_w165_seed2.txt,Set Cover,1000,RelaxGrouping,1000,true,min,1.000000,11.437372,1.078526,0.130003,203113,390494,840,true
set_cover_n1000_m836_d0.07_b_w165_seed2.txt,Set Cover,1000,RelaxGrouping,2000,true,min,2.000000,25.156782,2.750785,0.325196,401726,776004,1429,true
set_cover_n1000_m836_d0.07_b_w165_seed2.txt,Set Cover,1000,RelaxGrouping,5000,true,min,2.000000,72.214012,9.227477,0.655492,718886,1386459,3080,true
set_cover_n1000_m836_d0.07_b_w165_seed2.txt,Set Cover,1000,RelaxGrouping,1000,false,min,1.000000,11.317380,na,0.319650,893474,1749510,998,true
set_cover_n1000_m836_d0.07_b_w165_seed2.txt,Set Cover,1000,RelaxGrouping,10000,true,min,2.000000,150.885365,25.206339,1.115696,1197817,2321847,4363,true
set_cover_n1000_m836_d0.07_b_w165_seed2.txt,Set Cover,1000,RelaxGrouping,2000,false,min,2.000000,25.330399,na,0.831180,1797485,3512358,2000,true
set_cover_n1000_m836_d0.07_b_w165_seed2.txt,Set Cover,1000,RelaxGrouping,5000,false,min,2.000000,71.678495,na,2.640285,4471668,8728495,4997,true
set_cover_n1000_m836_d0.07_b_w165_seed3.txt,Set Cover,1000,RelaxGrouping,1000,true,min,1.000000,11.283790,1.072030,0.115999,178767,343745,792,true
set_cover_n1000_m836_d0.07_b_w165_seed2.txt,Set Cover,1000,RelaxGrouping,10000,false,min,2.000000,152.248562,na,5.830873,8876991,17307848,9997,true
set_cover_n1000_m836_d0.07_b_w165_seed3.txt,Set Cover,1000,RelaxGrouping,2000,true,min,2.000000,24.983151,2.715322,0.316636,372966,721904,1676,true
set_cover_n1000_m836_d0.07_b_w165_seed3.txt,Set Cover,1000,RelaxGrouping,5000,true,min,2.000000,72.098937,8.967400,0.623962,666639,1288843,3474,true
set_cover_n1000_m836_d0.07_b_w165_seed3.txt,Set Cover,1000,RelaxGrouping,1000,false,min,1.000000,11.388339,na,0.325860,897218,1752522,1000,true
set_cover_n1000_m836_d0.07_b_w165_seed3.txt,Set Cover,1000,RelaxGrouping,2000,false,min,2.000000,25.119635,na,0.825862,1777266,3471165,1997,true
set_cover_n1000_m836_d0.07_b_w165_seed3.txt,Set Cover,1000,RelaxGrouping,10000,true,min,2.000000,153.989784,25.676513,1.192870,1235873,2386190,6476,true
set_cover_n1000_m836_d0.07_b_w165_seed3.txt,Set Cover,1000,RelaxGrouping,5000,false,min,2.000000,72.168457,na,2.636490,4474796,8730113,4996,true
set_cover_n1000_m836_d0.07_b_w165_seed4.txt,Set Cover,1000,RelaxGrouping,1000,true,min,1.000000,11.023298,1.074020,0.095556,137489,263410,748,true
set_cover_n1000_m836_d0.07_b_w165_seed3.txt,Set Cover,1000,RelaxGrouping,10000,false,min,2.000000,153.768879,na,5.980927,8975043,17493484,9991,true
set_cover_n1000_m836_d0.07_b_w165_seed4.txt,Set Cover,1000,RelaxGrouping,2000,true,min,2.000000,25.445005,2.706579,0.265952,327393,632406,1650,true
set_cover_n1000_m836_d0.07_b_w165_seed4.txt,Set Cover,1000,RelaxGrouping,5000,true,min,2.000000,71.580260,9.030991,0.636368,724777,1401565,3734,true
set_cover_n1000_m836_d0.07_b_w165_seed4.txt,Set Cover,1000,RelaxGrouping,1000,false,min,1.000000,11.262924,na,0.319230,883425,1729308,999,true
set_cover_n1000_m836_d0.07_b_w165_seed4.txt,Set Cover,1000,RelaxGrouping,10000,true,min,2.000000,153.234858,24.907374,1.225183,1266043,2446343,8033,true
set_cover_n1000_m836_d0.07_b_w165_seed4.txt,Set Cover,1000,RelaxGrouping,2000,false,min,2.000000,24.930683,na,0.833090,1769431,3459423,2000,true
set_cover_n1000_m836_d0.07_b_w165_seed4.txt,Set Cover,1000,RelaxGrouping,5000,false,min,2.000000,72.283635,na,2.616158,4439772,8671536,5000,true
set_cover_n1250_m1086_d0.06_b_w165_seed1.txt,Set Cover,1250,RelaxGrouping,1000,true,min,1.000000,17.993069,1.387881,0.093572,142369,266992,886,true
set_cover_n1000_m836_d0.07_b_w165_seed4.txt,Set Cover,1000,RelaxGrouping,10000,false,min,2.000000,152.941768,na,5.873143,8854777,17295459,9996,true
set_cover_n1250_m1086_d0.06_b_w165_seed1.txt,Set Cover,1250,RelaxGrouping,2000,true,min,2.000000,41.628187,3.574940,0.487998,594381,1151791,1626,true
set_cover_n1250_m1086_d0.06_b_w165_seed1.txt,Set Cover,1250,RelaxGrouping,5000,true,min,2.000000,114.395852,11.912557,0.935502,1015927,1952733,4151,true
set_cover_n1250_m1086_d0.06_b_w165_seed1.txt,Set Cover,1250,RelaxGrouping,1000,false,min,1.000000,17.660538,na,0.419230,1131490,2218072,999,true
set_cover_n1250_m1086_d0.06_b_w165_seed1.txt,Set Cover,1250,RelaxGrouping,2000,false,min,2.000000,41.125661,na,1.125900,2293287,4481364,1997,true
set_cover_n1250_m1086_d0.06_b_w165_seed1.txt,Set Cover,1250,RelaxGrouping,10000,true,min,2.000000,242.528042,32.212229,1.660193,1768730,3389350,8645,true
set_cover_n1250_m1086_d0.06_b_w165_seed1.txt,Set Cover,1250,RelaxGrouping,5000,false,min,2.000000,115.196527,na,3.378174,5680176,11102960,4991,true
set_cover_n1250_m1086_d0.06_b_w165_seed2.txt,Set Cover,1250,RelaxGrouping,1000,true,min,1.000000,17.927796,1.368434,0.101366,157564,292607,852,true
set_cover_n1250_m1086_d0.06_b_w165_seed2.txt,Set Cover,1250,RelaxGrouping,2000,true,min,2.000000,40.882765,3.554396,0.441831,540197,1038948,1781,true
set_cover_n1250_m1086_d0.06_b_w165_seed1.txt,Set Cover,1250,RelaxGrouping,10000,false,min,2.000000,243.388140,na,7.727599,11419124,22314234,9994,true
set_cover_n1250_m1086_d0.06_b_w165_seed2.txt,Set Cover,1250,RelaxGrouping,5000,true,min,2.000000,112.511360,12.477081,0.958269,1044439,2002872,4173,true
set_cover_n1250_m1086_d0.06_b_w165_seed2.txt,Set Cover,1250,RelaxGrouping,1000,false,min,1.000000,17.391994,na,0.401405,1113173,2179266,996,true
set_cover_n1250_m1086_d0.06_b_w165_seed2.txt,Set Cover,1250,RelaxGrouping,2000,false,min,2.000000,40.880394,na,1.091177,2255227,4403566,1999,true
set_cover_n1250_m1086_d0.06_b_w165_seed2.txt,Set Cover,1250,RelaxGrouping,10000,true,min,2.000000,240.848237,32.134856,1.412785,1480774,2844738,8104,true
set_cover_n1250_m1086_d0.06_b_w165_seed2.txt,Set Cover,1250,RelaxGrouping,5000,false,min,2.000000,112.059282,na,3.392742,5674275,11068421,5000,true
set_cover_n1250_m1086_d0.06_b_w165_seed3.txt,Set Cover,1250,RelaxGrouping,1000,true,min,1.000000,17.978888,1.359296,0.108558,172617,323199,884,true
set_cover_n1250_m1086_d0.06_b_w165_seed3.txt,Set Cover,1250,RelaxGrouping,2000,true,min,2.000000,40.265826,3.559838,0.481477,580658,1120319,1802,true
set_cover_n1250_m1086_d0.06_b_w165_seed2.txt,Set Cover,1250,RelaxGrouping,10000,false,min,2.000000,240.448259,na,7.764545,11433778,22309800,10000,true
set_cover_n1250_m1086_d0.06_b_w165_seed3.txt,Set Cover,1250,RelaxGrouping,5000,true,min,2.000000,113.640510,11.743040,0.926502,993574,1907585,4086,true
set_cover_n1250_m1086_d0.06_b_w165_seed3.txt,Set Cover,1250,RelaxGrouping,1000,false,min,1.000000,17.729886,na,0.410463,1129018,2206749,998,true
set_cover_n1250_m1086_d0.06_b_w165_seed3.txt,Set Cover,1250,RelaxGrouping,2000,false,min,2.000000,40.234004,na,1.084978,2243743,4379006,1999,true
set_cover_n1250_m1086_d0.06_b_w165_seed3.txt,Set Cover,1250,RelaxGrouping,10000,true,min,2.000000,241.506881,32.001976,1.640819,1730559,3327535,7600,true
set_cover_n1250_m1086_d0.06_b_w165_seed3.txt,Set Cover,1250,RelaxGrouping,5000,false,min,2.000000,113.606052,na,3.366028,5656266,11032762,4992,true
set_cover_n1250_m1086_d0.06_b_w165_seed4.txt,Set Cover,1250,RelaxGrouping,1000,true,min,1.000000,18.064232,1.362922,0.084365,125057,231463,793,true
set_cover_n1250_m1086_d0.06_b_w165_seed4.txt,Set Cover,1250,RelaxGrouping,2000,true,min,2.000000,40.040182,3.495163,0.299644,363855,699687,1600,true
set_cover_n1250_m1086_d0.06_b_w165_seed3.txt,Set Cover,1250,RelaxGrouping,10000,false,min,2.000000,238.673734,na,7.727001,11445909,22312928,9998,true
set_cover_n1250_m1086_d0.06_b_w165_seed4.txt,Set Cover,1250,RelaxGrouping,5000,true,min,2.000000,111.939821,11.879040,0.759322,848679,1636293,3167,true
set_cover_n1250_m1086_d0.06_b_w165_seed4.txt,Set Cover,1250,RelaxGrouping,1000,false,min,1.000000,18.126383,na,0.418796,1126933,2205226,999,true
set_cover_n1250_m1086_d0.06_b_w165_seed4.txt,Set Cover,1250,RelaxGrouping,2000,false,min,2.000000,40.487738,na,1.081117,2237717,4376100,1998,true
set_cover_n1250_m1086_d0.06_b_w165_seed4.txt,Set Cover,1250,RelaxGrouping,10000,true,min,2.000000,236.144504,31.869419,1.352512,1409868,2724734,7016,true
set_cover_n1250_m1086_d0.06_b_w165_seed4.txt,Set Cover,1250,RelaxGrouping,5000,false,min,2.000000,113.550191,na,3.363357,5643439,11030208,4998,true
set_cover_n1500_m1336_d0.05_b_w165_seed1.txt,Set Cover,1500,RelaxGrouping,1000,true,min,1.000000,23.628117,1.576184,0.101217,149990,277722,876,true
set_cover_n1500_m1336_d0.05_b_w165_seed1.txt,Set Cover,1500,RelaxGrouping,2000,true,min,1.000000,59.074749,4.358615,0.501097,619089,1194339,1672,true
set_cover_n1250_m1086_d0.06_b_w165_seed4.txt,Set Cover,1250,RelaxGrouping,10000,false,min,2.000000,236.687244,na,7.718974,11223381,21921641,9994,true
set_cover_n1500_m1336_d0.05_b_w165_seed1.txt,Set Cover,1500,RelaxGrouping,5000,true,min,2.000000,159.834342,14.909533,1.207721,1273491,2437095,3829,true
set_cover_n1500_m1336_d0.05_b_w165_seed1.txt,Set Cover,1500,RelaxGrouping,1000,false,min,1.000000,23.576696,na,0.484959,1263329,2473361,1000,true
set_cover_n1500_m1336_d0.05_b_w165_seed1.txt,Set Cover,1500,RelaxGrouping,2000,false,min,1.000000,59.797304,na,1.389976,2748714,5377315,1997,true
set_cover_n1500_m1336_d0.05_b_w165_seed1.txt,Set Cover,1500,RelaxGrouping,5000,false,min,2.000000,161.046239,na,4.315098,6901868,13486154,4998,true
set_cover_n1500_m1336_d0.05_b_w165_seed2.txt,Set Cover,1500,RelaxGrouping,1000,true,min,1.000000,23.963993,1.610649,0.106329,155789,283218,862,true
set_cover_n1500_m1336_d0.05_b_w165_seed2.txt,Set Cover,1500,RelaxGrouping,2000,true,min,1.000000,59.418252,4.277416,0.518850,612272,1175803,1511,true
set_cover_n1500_m1336_d0.05_b_w165_seed2.txt,Set Cover,1500,RelaxGrouping,5000,true,min,2.000000,159.368177,14.855914,1.105094,1164912,2224504,3327,true
set_cover_n1500_m1336_d0.05_b_w165_seed2.txt,Set Cover,1500,RelaxGrouping,1000,false,min,1.000000,23.683687,na,0.473026,1264226,2473889,999,true
set_cover_n1500_m1336_d0.05_b_w165_seed2.txt,Set Cover,1500,RelaxGrouping,2000,false,min,1.000000,59.613230,na,1.391760,2778291,5426804,1996,true
set_cover_n1500_m1336_d0.05_b_w165_seed2.txt,Set Cover,1500,RelaxGrouping,5000,false,min,2.000000,161.340967,na,4.247353,6956820,13588385,5000,true
set_cover_n1500_m1336_d0.05_b_w165_seed3.txt,Set Cover,1500,RelaxGrouping,1000,true,min,1.000000,22.839275,1.524146,0.101012,151300,277656,874,true
set_cover_n1500_m1336_d0.05_b_w165_seed3.txt,Set Cover,1500,RelaxGrouping,2000,true,min,1.000000,57.508544,4.223578,0.621582,744574,1442301,1726,true
set_cover_n1500_m1336_d0.05_b_w165_seed3.txt,Set Cover,1500,RelaxGrouping,5000,true,min,2.000000,157.439765,14.610919,1.202394,1305835,2515311,4025,true
set_cover_n1500_m1336_d0.05_b_w165_seed3.txt,Set Cover,1500,RelaxGrouping,1000,false,min,1.000000,23.013499,na,0.470248,1243090,2428917,999,true
set_cover_n1500_m1336_d0.05_b_w165_seed3.txt,Set Cover,1500,RelaxGrouping,2000,false,min,1.000000,57.900983,na,1.354752,2718046,5311463,2000,true
set_cover_n1500_m1336_d0.05_b_w165_seed3.txt,Set Cover,1500,RelaxGrouping,5000,false,min,2.000000,158.577897,na,4.176881,6836529,13348297,5000,true
set_cover_n1500_m1336_d0.05_b_w165_seed4.txt,Set Cover,1500,RelaxGrouping,1000,true,min,1.000000,23.553864,1.573245,0.100387,143731,264253,776,true
set_cover_n1500_m1336_d0.05_b_w165_seed4.txt,Set Cover,1500,RelaxGrouping,2000,true,min,1.000000,58.499957,4.293965,0.414697,502340,960443,1583,true
set_cover_n1500_m1336_d0.05_b_w165_seed4.txt,Set Cover,1500,RelaxGrouping,5000,true,min,2.000000,160.534659,13.817343,0.905481,979845,1857811,3742,true
set_cover_n1500_m1336_d0.05_b_w165_seed4.txt,Set Cover,1500,RelaxGrouping,1000,false,min,1.000000,23.202828,na,0.473807,1264522,2476233,999,true
set_cover_n1500_m1336_d0.05_b_w165_seed4.txt,Set Cover,1500,RelaxGrouping,2000,false,min,1.000000,58.220602,na,1.396872,2760819,5401817,1998,true
set_cover_n1500_m1336_d0.05_b_w165_seed4.txt,Set Cover,1500,RelaxGrouping,5000,false,min,2.000000,158.672153,na,4.063463,6906979,13487338,4999,true
set_cover_n1750_m1586_d0.04_b_w165_seed1.txt,Set Cover,1750,RelaxGrouping,2000,true,min,1.000000,73.372402,4.958507,0.433418,544623,1038133,1728,true
set_cover_n1750_m1586_d0.04_b_w165_seed1.txt,Set Cover,1750,RelaxGrouping,5000,true,min,2.000000,215.502976,17.668369,1.541526,1594545,3080015,3842,true
set_cover_n1750_m1586_d0.04_b_w165_seed1.txt,Set Cover,1750,RelaxGrouping,2000,false,min,1.000000,78.800079,na,1.644180,3213297,6289595,1998,true
set_cover_n1750_m1586_d0.04_b_w165_seed1.txt,Set Cover,1750,RelaxGrouping,5000,false,min,2.000000,215.582348,na,5.087207,8085992,15814280,4998,true
set_cover_n1750_m1586_d0.04_b_w165_seed2.txt,Set Cover,1750,RelaxGrouping,2000,true,min,1.000000,78.948433,5.062552,0.429711,538469,1018381,1512,true
set_cover_n1750_m1586_d0.04_b_w165_seed2.txt,Set Cover,1750,RelaxGrouping,5000,true,min,2.000000,216.483093,18.805435,1.361551,1411064,2692826,3259,true
set_cover_n1750_m1586_d0.04_b_w165_seed2.txt,Set Cover,1750,RelaxGrouping,2000,false,min,1.000000,78.873309,na,1.623084,3219786,6301075,2000,true
set_cover_n1750_m1586_d0.04_b_w165_seed2.txt,Set Cover,1750,RelaxGrouping,5000,false,min,2.000000,216.349991,na,5.035340,8145471,15900901,5000,true
set_cover_n1750_m1586_d0.04_b_w165_seed3.txt,Set Cover,1750,RelaxGrouping,2000,true,min,1.000000,78.742728,5.132467,0.478164,599564,1149367,1757,true
set_cover_n1750_m1586_d0.04_b_w165_seed3.txt,Set Cover,1750,RelaxGrouping,5000,true,min,2.000000,210.873370,16.761489,1.445436,1534164,2972282,3992,true
set_cover_n1750_m1586_d0.04_b_w165_seed3.txt,Set Cover,1750,RelaxGrouping,2000,false,min,1.000000,78.382860,na,1.595027,3224827,6307168,1999,true
set_cover_n1750_m1586_d0.04_b_w165_seed3.txt,Set Cover,1750,RelaxGrouping,5000,false,min,2.000000,211.055571,na,4.964413,7942334,15527904,4998,true
set_cover_n1750_m1586_d0.04_b_w165_seed4.txt,Set Cover,1750,RelaxGrouping,2000,true,min,1.000000,79.300024,5.205924,0.381171,464423,883203,1458,true
set_cover_n1750_m1586_d0.04_b_w165_seed4.txt,Set Cover,1750,RelaxGrouping,5000,true,min,2.000000,216.982645,17.672416,1.233124,1275783,2454246,3541,true
set_cover_n1750_m1586_d0.04_b_w165_seed4.txt,Set Cover,1750,RelaxGrouping,2000,false,min,1.000000,79.725018,na,1.639410,3237488,6333507,2000,true
set_cover_n1750_m1586_d0.04_b_w165_seed4.txt,Set Cover,1750,RelaxGrouping,5000,false,min,2.000000,216.974164,na,4.991636,8152051,15924751,4997,true
set_cover_n2000_m1836_d0.04_b_w165_seed1.txt,Set Cover,2000,RelaxGrouping,2000,true,min,1.000000,99.892180,5.810654,0.355068,453355,841189,1776,true
set_cover_n2000_m1836_d0.04_b_w165_seed1.txt,Set Cover,2000,RelaxGrouping,5000,true,min,2.000000,276.759041,20.328554,1.892054,1975803,3809698,4547,true
set_cover_n2000_m1836_d0.04_b_w165_seed1.txt,Set Cover,2000,RelaxGrouping,2000,false,min,1.000000,99.268917,na,1.831559,3619094,7092117,2000,true
set_cover_n2000_m1836_d0.04_b_w165_seed1.txt,Set Cover,2000,RelaxGrouping,5000,false,min,2.000000,276.462411,na,5.793908,9254459,18107325,4999,true
set_cover_n2000_m1836_d0.04_b_w165_seed2.txt,Set Cover,2000,RelaxGrouping,2000,true,min,1.000000,99.876997,5.884683,0.429055,526882,984238,1584,true
set_cover_n2000_m1836_d0.04_b_w165_seed2.txt,Set Cover,2000,RelaxGrouping,5000,true,min,2.000000,276.725088,20.192930,1.582048,1667191,3191677,3613,true
set_cover_n2000_m1836_d0.04_b_w165_seed2.txt,Set Cover,2000,RelaxGrouping,2000,false,min,1.000000,100.424561,na,1.859641,3648759,7137865,1997,true
set_cover_n2000_m1836_d0.04_b_w165_seed2.txt,Set Cover,2000,RelaxGrouping,5000,false,min,2.000000,276.453782,na,5.819668,9283760,18149800,4997,true
set_cover_n2000_m1836_d0.04_b_w165_seed3.txt,Set Cover,2000,RelaxGrouping,2000,true,min,1.000000,99.272439,5.769620,0.401318,487063,922776,1755,true
set_cover_n2000_m1836_d0.04_b_w165_seed3.txt,Set Cover,2000,RelaxGrouping,2000,false,min,1.000000,99.410773,na,1.841123,3642323,7132561,1999,true
set_cover_n2000_m1836_d0.04_b_w165_seed3.txt,Set Cover,2000,RelaxGrouping,5000,false,min,2.000000,275.933652,na,5.666701,9336542,18257037,4999,true
set_cover_n2000_m1836_d0.04_b_w165_seed4.txt,Set Cover,2000,RelaxGrouping,2000,true,min,1.000000,99.985259,5.877051,0.392685,473577,885897,1563,true
set_cover_n2000_m1836_d0.04_b_w165_seed4.txt,Set Cover,2000,RelaxGrouping,2000,false,min,1.000000,100.805530,na,1.861326,3673543,7191363,2000,true
set_cover_n2000_m1836_d0.04_b_w165_seed4.txt,Set Cover,2000,RelaxGrouping,5000,false,min,2.000000,277.547021,na,5.838302,9359750,18295046,4997,true
set_cover_n2250_m2086_d0.03_b_w165_seed1.txt,Set Cover,2250,RelaxGrouping,2000,true,min,1.000000,117.563033,6.675013,0.377501,451028,831781,1798,true
set_cover_n2250_m2086_d0.03_b_w165_seed1.txt,Set Cover,2250,RelaxGrouping,2000,false,min,1.000000,117.635587,na,2.053872,4082706,7991000,1999,true
set_cover_n2250_m2086_d0.03_b_w165_seed2.txt,Set Cover,2250,RelaxGrouping,2000,true,min,1.000000,118.507026,6.602190,0.346145,435865,807733,1653,true
set_cover_n2250_m2086_d0.03_b_w165_seed2.txt,Set Cover,2250,RelaxGrouping,2000,false,min,1.000000,117.095204,na,2.044759,4089343,7999405,2000,true
set_cover_n2250_m2086_d0.03_b_w165_seed3.txt,Set Cover,2250,RelaxGrouping,2000,true,min,1.000000,118.186587,6.623779,0.350724,439629,823676,1523,true
set_cover_n2250_m2086_d0.03_b_w165_seed3.txt,Set Cover,2250,RelaxGrouping,2000,false,min,1.000000,117.076955,na,2.096480,4084092,7991817,1997,true
set_cover_n2250_m2086_d0.03_b_w165_seed4.txt,Set Cover,2250,RelaxGrouping,2000,true,min,1.000000,117.663217,6.615512,0.351494,441159,822513,1565,true
set_cover_n2250_m2086_d0.03_b_w165_seed4.txt,Set Cover,2250,RelaxGrouping,2000,false,min,1.000000,117.998468,na,2.053182,4061133,7951021,1999,true
set_cover_n2500_m2336_d0.03_b_w165_seed1.txt,Set Cover,2500,RelaxGrouping,2000,true,min,1.000000,135.059473,6.965675,0.309398,390514,713971,1627,true
set_cover_n2500_m2336_d0.03_b_w165_seed1.txt,Set Cover,2500,RelaxGrouping,2000,false,min,1.000000,135.939232,na,2.169431,4332971,8480674,2000,true
set_cover_n2500_m2336_d0.03_b_w165_seed2.txt,Set Cover,2500,RelaxGrouping,2000,true,min,1.000000,136.650403,7.146816,0.350006,425995,789352,1432,true
set_cover_n2500_m2336_d0.03_b_w165_seed2.txt,Set Cover,2500,RelaxGrouping,2000,false,min,1.000000,137.218557,na,2.225274,4398194,8608370,2000,true
set_cover_n2500_m2336_d0.03_b_w165_seed3.txt,Set Cover,2500,RelaxGrouping,2000,true,min,1.000000,135.560494,7.104280,0.333786,407879,751823,1573,true
set_cover_n2500_m2336_d0.03_b_w165_seed3.txt,Set Cover,2500,RelaxGrouping,2000,false,min,1.000000,135.482507,na,2.175802,4371154,8548947,2000,true
set_cover_n2500_m2336_d0.03_b_w165_seed4.txt,Set Cover,2500,RelaxGrouping,2000,true,min,1.000000,138.473764,7.214977,0.402967,497580,920646,1503,true
set_cover_n2500_m2336_d0.03_b_w165_seed4.txt,Set Cover,2500,RelaxGrouping,2000,false,min,1.000000,138.025871,na,2.206029,4409010,8625324,2000,true
set_cover_n2750_m2586_d0.03_b_w165_seed1.txt,Set Cover,2750,RelaxGrouping,2000,true,min,1.000000,152.493962,7.588963,0.370104,471427,863379,1559,true
set_cover_n2750_m2586_d0.03_b_w165_seed1.txt,Set Cover,2750,RelaxGrouping,2000,false,min,1.000000,152.953960,na,2.291089,4600340,8998981,1996,true
set_cover_n2750_m2586_d0.03_b_w165_seed2.txt,Set Cover,2750,RelaxGrouping,2000,true,min,1.000000,153.768241,7.432416,0.315018,384874,707520,1481,true
set_cover_n2750_m2586_d0.03_b_w165_seed2.txt,Set Cover,2750,RelaxGrouping,2000,false,min,1.000000,153.413177,na,2.263201,4580412,8958914,2000,true
set_cover_n2750_m2586_d0.03_b_w165_seed3.txt,Set Cover,2750,RelaxGrouping,2000,true,min,1.000000,149.877616,7.435118,0.383182,490634,912041,1614,true
set_cover_n2750_m2586_d0.03_b_w165_seed3.txt,Set Cover,2750,RelaxGrouping,2000,false,min,1.000000,150.677109,na,2.229937,4542575,8886970,1998,true
set_cover_n2750_m2586_d0.03_b_w165_seed4.txt,Set Cover,2750,RelaxGrouping,2000,true,min,1.000000,154.582716,7.556531,0.419065,521959,970462,1520,true
set_cover_n2750_m2586_d0.03_b_w165_seed4.txt,Set Cover,2750,RelaxGrouping,2000,false,min,1.000000,154.297603,na,2.264537,4618141,9032131,2000,true
set_cover_n3000_m2836_d0.03_b_w165_seed1.txt,Set Cover,3000,RelaxGrouping,2000,true,min,1.000000,198.073413,9.183628,0.482146,578840,1069969,1706,true
set_cover_n3000_m2836_d0.03_b_w165_seed1.txt,Set Cover,3000,RelaxGrouping,2000,false,min,1.000000,198.244143,na,2.728026,5318456,10422890,1998,true
set_cover_n3000_m2836_d0.03_b_w165_seed2.txt,Set Cover,3000,RelaxGrouping,2000,true,min,1.000000,204.070308,9.285511,0.416134,495289,909306,1464,true
set_cover_n3000_m2836_d0.03_b_w165_seed2.txt,Set Cover,3000,RelaxGrouping,2000,false,min,1.000000,204.215047,na,2.801520,5409167,10596695,2000,true
set_cover_n3000_m2836_d0.03_b_w165_seed3.txt,Set Cover,3000,RelaxGrouping,2000,true,min,1.000000,200.829003,9.339000,0.409453,483574,894109,1654,true
set_cover_n3000_m2836_d0.03_b_w165_seed3.txt,Set Cover,3000,RelaxGrouping,2000,false,min,1.000000,201.489131,na,2.817225,5370967,10521473,1999,true
set_cover_n3000_m2836_d0.03_b_w165_seed4.txt,Set Cover,3000,RelaxGrouping,2000,true,min,1.000000,202.467671,9.458829,0.529868,644520,1207405,1664,true
set_cover_n3000_m2836_d0.03_b_w165_seed4.txt,Set Cover,3000,RelaxGrouping,2000,false,min,1.000000,202.260844,na,2.783297,5368187,10521989,2000,true
knapsack_n100m20o1b5_0.txt,SOC Knapsack,18,RelaxGrouping,1000,false,max,752.000000,0.005453,na,0.003777,6399,11307,994,true
knapsack_n100m20o1b5_0.txt,SOC Knapsack,18,RelaxGrouping,500,false,max,810.000000,0.003976,na,0.004631,4057,7535,500,true
knapsack_n100m20o1b5_0.txt,SOC Knapsack,18,RelaxGrouping,2000,false,max,728.000000,0.005883,na,0.004120,8217,13752,1465,true
knapsack_n100m20o1b5_0.txt,SOC Knapsack,18,RelaxGrouping,10000,false,max,728.000000,0.006022,na,0.002647,8217,13752,1465,true
knapsack_n100m20o1b5_0.txt,SOC Knapsack,18,RelaxGrouping,20000,false,max,728.000000,0.005988,na,0.003500,8217,13752,1465,true
knapsack_n100m20o1b5_0.txt,SOC Knapsack,18,RelaxGrouping,5000,false,max,728.000000,0.005986,na,0.003845,8217,13752,1465,true
knapsack_n100m20o1b5_1.txt,SOC Knapsack,24,RelaxGrouping,500,true,max,736.000000,0.008082,0.002907,0.002071,2410,4643,358,true
knapsack_n100m20o1b5_1.txt,SOC Knapsack,24,RelaxGrouping,1000,true,max,724.000000,0.014340,0.005845,0.002345,3010,5814,620,true
knapsack_n100m20o1b5_1.txt,SOC Knapsack,24,RelaxGrouping,2000,true,max,737.000000,0.027934,0.012833,0.002422,3741,7264,786,true
knapsack_n100m20o1b5_1.txt,SOC Knapsack,24,RelaxGrouping,5000,true,max,731.000000,0.072079,0.050093,0.003174,4788,9330,983,true
knapsack_n100m20o1b5_1.txt,SOC Knapsack,24,RelaxGrouping,10000,true,max,731.000000,0.144567,0.115852,0.002972,6145,12010,1324,true
knapsack_n100m20o1b5_1.txt,SOC Knapsack,24,RelaxGrouping,20000,true,max,724.000000,0.320859,0.242502,0.003190,7832,15390,1658,true
knapsack_n100m20o1b5_1.txt,SOC Knapsack,24,RelaxGrouping,500,false,max,736.000000,0.008360,na,0.002453,7255,14088,500,true
knapsack_n100m20o1b5_1.txt,SOC Knapsack,24,RelaxGrouping,1000,false,max,724.000000,0.016070,na,0.003741,13474,26342,999,true
knapsack_n100m20o1b5_1.txt,SOC Knapsack,24,RelaxGrouping,2000,false,max,737.000000,0.029952,na,0.004956,24757,48542,2000,true
knapsack_n100m20o1b5_1.txt,SOC Knapsack,24,RelaxGrouping,5000,false,max,731.000000,0.079114,na,0.014400,54414,106473,4995,true
knapsack_n100m20o1b5_1.txt,SOC Knapsack,24,RelaxGrouping,10000,false,max,731.000000,0.169876,na,0.028662,97162,189516,9976,true
knapsack_n100m20o1b5_1.txt,SOC Knapsack,24,RelaxGrouping,20000,false,max,724.000000,0.364684,na,0.057884,168479,327132,19944,true
knapsack_n100m20o1b5_2.txt,SOC Knapsack,16,RelaxGrouping,500,true,max,626.000000,0.003082,0.001377,0.006881,559,1043,115,true
knapsack_n100m20o1b5_2.txt,SOC Knapsack,16,RelaxGrouping,1000,true,max,571.000000,0.003325,0.001818,0.005251,577,1074,114,true
knapsack_n100m20o1b5_2.txt,SOC Knapsack,16,RelaxGrouping,2000,true,max,571.000000,0.003179,0.001900,0.004380,513,956,101,true
knapsack_n100m20o1b5_2.txt,SOC Knapsack,16,RelaxGrouping,5000,true,max,571.000000,0.003193,0.001704,0.004576,513,956,101,true
knapsack_n100m20o1b5_2.txt,SOC Knapsack,16,RelaxGrouping,10000,true,max,571.000000,0.003214,0.001750,0.005433,513,956,101,true
knapsack_n100m20o1b5_2.txt,SOC Knapsack,16,RelaxGrouping,20000,true,max,571.000000,0.003205,0.001757,0.004639,513,956,101,true
knapsack_n100m20o1b5_2.txt,SOC Knapsack,16,RelaxGrouping,500,false,max,626.000000,0.003064,na,0.002404,2981,5736,500,true
knapsack_n100m20o1b5_2.txt,SOC Knapsack,16,RelaxGrouping,1000,false,max,571.000000,0.003424,na,0.003804,4153,7774,956,true
knapsack_n100m20o1b5_2.txt,SOC Knapsack,16,RelaxGrouping,2000,false,max,571.000000,0.003240,na,0.003838,4198,7818,1001,true
knapsack_n100m20o1b5_2.txt,SOC Knapsack,16,RelaxGrouping,5000,false,max,571.000000,0.003227,na,0.002599,4198,7818,1001,true
knapsack_n100m20o1b5_2.txt,SOC Knapsack,16,RelaxGrouping,10000,false,max,571.000000,0.003220,na,0.004928,4198,7818,1001,true
knapsack_n100m20o1b5_2.txt,SOC Knapsack,16,RelaxGrouping,20000,false,max,571.000000,0.003144,na,0.006007,4198,7818,1001,true
knapsack_n100m20o1b5_3.txt,SOC Knapsack,19,RelaxGrouping,500,true,max,816.000000,0.004307,0.002004,0.002288,919,1698,175,true
knapsack_n100m20o1b5_3.txt,SOC Knapsack,19,RelaxGrouping,1000,true,max,816.000000,0.007330,0.003807,0.004897,1049,1968,201,true
knapsack_n100m20o1b5_3.txt,SOC Knapsack,19,RelaxGrouping,2000,true,max,800.000000,0.010965,0.005674,0.002435,1241,2315,234,true
knapsack_n100m20o1b5_3.txt,SOC Knapsack,19,RelaxGrouping,5000,true,max,767.000000,0.010780,0.006263,0.002481,1236,2299,234,true
knapsack_n100m20o1b5_3.txt,SOC Knapsack,19,RelaxGrouping,10000,true,max,767.000000,0.010477,0.006417,0.003597,1236,2299,234,true
knapsack_n100m20o1b5_3.txt,SOC Knapsack,19,RelaxGrouping,20000,true,max,767.000000,0.010579,0.006874,0.003583,1236,2299,234,true
knapsack_n100m20o1b5_3.txt,SOC Knapsack,19,RelaxGrouping,500,false,max,816.000000,0.004372,na,0.002724,4519,8440,498,true
knapsack_n100m20o1b5_3.txt,SOC Knapsack,19,RelaxGrouping,1000,false,max,816.000000,0.007760,na,0.004058,7568,13865,1000,true
knapsack_n100m20o1b5_3.txt,SOC Knapsack,19,RelaxGrouping,2000,false,max,800.000000,0.012112,na,0.003822,12122,20838,1983,true
knapsack_n100m20o1b5_3.txt,SOC Knapsack,19,RelaxGrouping,5000,false,max,767.000000,0.010975,na,0.003822,13520,22415,2361,true
knapsack_n100m20o1b5_3.txt,SOC Knapsack,19,RelaxGrouping,10000,false,max,767.000000,0.011497,na,0.006935,13520,22415,2361,true
knapsack_n100m20o1b5_3.txt,SOC Knapsack,19,RelaxGrouping,20000,false,max,767.000000,0.010512,na,0.008125,13520,22415,2361,true
knapsack_n100m20o1b5_4.txt,SOC Knapsack,22,RelaxGrouping,500,true,max,871.000000,0.007355,0.004043,0.004034,1541,2931,288,true
knapsack_n100m20o1b5_4.txt,SOC Knapsack,22,RelaxGrouping,1000,true,max,887.000000,0.012554,0.005595,0.001924,1907,3648,406,true
knapsack_n100m20o1b5_4.txt,SOC Knapsack,22,RelaxGrouping,2000,true,max,870.000000,0.024593,0.015717,0.002024,2178,4161,467,true
knapsack_n100m20o1b5_4.txt,SOC Knapsack,22,RelaxGrouping,5000,true,max,835.000000,0.051387,0.029665,0.002245,2490,4755,522,true
knapsack_n100m20o1b5_4.txt,SOC Knapsack,22,RelaxGrouping,10000,true,max,830.000000,0.099506,0.071805,0.002297,2932,5637,606,true
knapsack_n100m20o1b5_4.txt,SOC Knapsack,22,RelaxGrouping,500,false,max,871.000000,0.006790,na,0.002273,6296,12290,499,true
knapsack_n100m20o1b5_4.txt,SOC Knapsack,22,RelaxGrouping,1000,false,max,887.000000,0.012390,na,0.003359,11493,22544,1000,true
knapsack_n100m20o1b5_4.txt,SOC Knapsack,22,RelaxGrouping,2000,false,max,870.000000,0.024442,na,0.004920,20402,39818,1996,true
knapsack_n100m20o1b5_4.txt,SOC Knapsack,22,RelaxGrouping,20000,true,max,802.000000,0.134726,0.103951,0.002267,3631,6951,706,true
knapsack_n100m20o3b5_0.txt,SOC Knapsack,18,RelaxGrouping,500,true,max,719.000000,0.003544,0.001915,0.001870,798,1436,169,true
knapsack_n100m20o1b5_4.txt,SOC Knapsack,22,RelaxGrouping,5000,false,max,835.000000,0.062778,na,0.012396,42264,82037,4984,true
knapsack_n100m20o1b5_4.txt,SOC Knapsack,22,RelaxGrouping,10000,false,max,830.000000,0.121657,na,0.013867,69454,133650,9967,true
knapsack_n100m20o1b5_4.txt,SOC Knapsack,22,RelaxGrouping,20000,false,max,802.000000,0.160601,na,0.027197,104374,197319,19816,true
knapsack_n100m20o3b5_0.txt,SOC Knapsack,18,RelaxGrouping,2000,true,max,681.000000,0.004412,0.002863,0.007297,945,1673,187,true
knapsack_n100m20o3b5_0.txt,SOC Knapsack,18,RelaxGrouping,1000,true,max,681.000000,0.004345,0.002503,0.005770,945,1673,187,true
knapsack_n100m20o3b5_0.txt,SOC Knapsack,18,RelaxGrouping,5000,true,max,681.000000,0.004354,0.002768,0.006580,945,1673,187,true
knapsack_n100m20o3b5_0.txt,SOC Knapsack,18,RelaxGrouping,10000,true,max,681.000000,0.004529,0.003473,0.005588,945,1673,187,true
knapsack_n100m20o3b5_0.txt,SOC Knapsack,18,RelaxGrouping,500,false,max,719.000000,0.003420,na,0.004210,3872,6835,497,true
knapsack_n100m20o3b5_0.txt,SOC Knapsack,18,RelaxGrouping,1000,false,max,681.000000,0.004414,na,0.005496,5939,9761,989,true
knapsack_n100m20o3b5_0.txt,SOC Knapsack,18,RelaxGrouping,2000,false,max,681.000000,0.004477,na,0.006668,5939,9761,989,true
knapsack_n100m20o3b5_0.txt,SOC Knapsack,18,RelaxGrouping,20000,true,max,681.000000,0.004308,0.002246,0.006411,945,1673,187,true
knapsack_n100m20o3b5_0.txt,SOC Knapsack,18,RelaxGrouping,5000,false,max,681.000000,0.004321,na,0.003825,5939,9761,989,true
knapsack_n100m20o3b5_0.txt,SOC Knapsack,18,RelaxGrouping,10000,false,max,681.000000,0.004481,na,0.004802,5939,9761,989,true
knapsack_n100m20o3b5_0.txt,SOC Knapsack,18,RelaxGrouping,20000,false,max,681.000000,0.004369,na,0.006314,5939,9761,989,true
knapsack_n100m20o3b5_1.txt,SOC Knapsack,24,RelaxGrouping,500,true,max,749.000000,0.009169,0.004334,0.002684,2629,5006,408,true
knapsack_n100m20o3b5_1.txt,SOC Knapsack,24,RelaxGrouping,1000,true,max,750.000000,0.017032,0.009041,0.002510,3304,6356,632,true
knapsack_n100m20o3b5_1.txt,SOC Knapsack,24,RelaxGrouping,2000,true,max,750.000000,0.033830,0.021729,0.002714,4186,8135,975,true
knapsack_n100m20o3b5_1.txt,SOC Knapsack,24,RelaxGrouping,5000,true,max,751.000000,0.073345,0.043744,0.002540,5454,10583,1319,true
knapsack_n100m20o3b5_1.txt,SOC Knapsack,24,RelaxGrouping,10000,true,max,737.000000,0.158414,0.109730,0.002760,6316,12294,1490,true
knapsack_n100m20o3b5_1.txt,SOC Knapsack,24,RelaxGrouping,500,false,max,749.000000,0.008477,na,0.002910,7289,14103,500,true
knapsack_n100m20o3b5_1.txt,SOC Knapsack,24,RelaxGrouping,1000,false,max,750.000000,0.015578,na,0.003540,13520,26370,1000,true
knapsack_n100m20o3b5_1.txt,SOC Knapsack,24,RelaxGrouping,2000,false,max,750.000000,0.032695,na,0.005731,24801,48683,2000,true
knapsack_n100m20o3b5_1.txt,SOC Knapsack,24,RelaxGrouping,20000,true,max,697.000000,0.249923,0.210646,0.002513,6025,11921,1314,true
knapsack_n100m20o3b5_2.txt,SOC Knapsack,16,RelaxGrouping,500,true,max,594.000000,0.002520,0.001162,0.002169,430,799,82,true
knapsack_n100m20o3b5_1.txt,SOC Knapsack,24,RelaxGrouping,5000,false,max,751.000000,0.073698,na,0.015686,54669,106223,4990,true
knapsack_n100m20o3b5_1.txt,SOC Knapsack,24,RelaxGrouping,10000,false,max,737.000000,0.173432,na,0.032808,96427,186014,9964,true
knapsack_n100m20o3b5_1.txt,SOC Knapsack,24,RelaxGrouping,20000,false,max,697.000000,0.346937,na,0.059221,167352,313321,19970,true
knapsack_n100m20o3b5_2.txt,SOC Knapsack,16,RelaxGrouping,1000,true,max,568.000000,0.002554,0.001473,0.003936,421,780,81,true
knapsack_n100m20o3b5_2.txt,SOC Knapsack,16,RelaxGrouping,2000,true,max,568.000000,0.002468,0.001335,0.005765,421,780,81,true
knapsack_n100m20o3b5_2.txt,SOC Knapsack,16,RelaxGrouping,5000,true,max,568.000000,0.002442,0.001491,0.006727,421,780,81,true
knapsack_n100m20o3b5_2.txt,SOC Knapsack,16,RelaxGrouping,10000,true,max,568.000000,0.002510,0.001725,0.006658,421,780,81,true
knapsack_n100m20o3b5_2.txt,SOC Knapsack,16,RelaxGrouping,500,false,max,594.000000,0.002409,na,0.004237,2695,5036,497,true
knapsack_n100m20o3b5_2.txt,SOC Knapsack,16,RelaxGrouping,20000,true,max,568.000000,0.002459,0.001270,0.003256,421,780,81,true
knapsack_n100m20o3b5_2.txt,SOC Knapsack,16,RelaxGrouping,1000,false,max,568.000000,0.002460,na,0.003827,3248,5915,739,true
knapsack_n100m20o3b5_2.txt,SOC Knapsack,16,RelaxGrouping,2000,false,max,568.000000,0.002429,na,0.003505,3248,5915,739,true
knapsack_n100m20o3b5_2.txt,SOC Knapsack,16,RelaxGrouping,10000,false,max,568.000000,0.002399,na,0.005217,3248,5915,739,true
knapsack_n100m20o3b5_2.txt,SOC Knapsack,16,RelaxGrouping,5000,false,max,568.000000,0.002468,na,0.004180,3248,5915,739,true
knapsack_n100m20o3b5_2.txt,SOC Knapsack,16,RelaxGrouping,20000,false,max,568.000000,0.002474,na,0.006337,3248,5915,739,true
knapsack_n100m20o3b5_3.txt,SOC Knapsack,19,RelaxGrouping,500,true,max,807.000000,0.004023,0.001736,0.002182,903,1676,180,true
knapsack_n100m20o3b5_3.txt,SOC Knapsack,19,RelaxGrouping,1000,true,max,800.000000,0.006705,0.002990,0.003456,1065,1997,203,true
knapsack_n100m20o3b5_3.txt,SOC Knapsack,19,RelaxGrouping,2000,true,max,750.000000,0.007284,0.004021,0.004432,1287,2353,247,true
knapsack_n100m20o3b5_3.txt,SOC Knapsack,19,RelaxGrouping,10000,true,max,750.000000,0.007188,0.003837,0.002506,1287,2353,247,true
knapsack_n100m20o3b5_3.txt,SOC Knapsack,19,RelaxGrouping,5000,true,max,750.000000,0.007496,0.004426,0.002803,1287,2353,247,true
knapsack_n100m20o3b5_3.txt,SOC Knapsack,19,RelaxGrouping,500,false,max,807.000000,0.004035,na,0.002333,4321,7928,500,true
knapsack_n100m20o3b5_3.txt,SOC Knapsack,19,RelaxGrouping,2000,false,max,750.000000,0.007522,na,0.004305,9908,16273,1657,true
knapsack_n100m20o3b5_3.txt,SOC Knapsack,19,RelaxGrouping,1000,false,max,800.000000,0.006791,na,0.005061,7115,12655,999,true
knapsack_n100m20o3b5_3.txt,SOC Knapsack,19,RelaxGrouping,20000,true,max,750.000000,0.007289,0.003893,0.004454,1287,2353,247,true
knapsack_n100m20o3b5_3.txt,SOC Knapsack,19,RelaxGrouping,5000,false,max,750.000000,0.007283,na,0.002988,9908,16273,1657,true
knapsack_n100m20o3b5_3.txt,SOC Knapsack,19,RelaxGrouping,10000,false,max,750.000000,0.007332,na,0.004310,9908,16273,1657,true
knapsack_n100m20o3b5_3.txt,SOC Knapsack,19,RelaxGrouping,20000,false,max,750.000000,0.007460,na,0.005401,9908,16273,1657,true
knapsack_n100m20o3b5_4.txt,SOC Knapsack,22,RelaxGrouping,500,true,max,873.000000,0.006504,0.003140,0.002147,1477,2771,283,true
knapsack_n100m20o3b5_4.txt,SOC Knapsack,22,RelaxGrouping,1000,true,max,853.000000,0.012147,0.006372,0.002299,1580,2955,346,true
knapsack_n100m20o3b5_4.txt,SOC Knapsack,22,RelaxGrouping,2000,true,max,824.000000,0.022416,0.013899,0.002422,1755,3268,363,true
knapsack_n100m20o3b5_4.txt,SOC Knapsack,22,RelaxGrouping,5000,true,max,793.000000,0.050017,0.035133,0.002105,1973,3800,372,true
knapsack_n100m20o3b5_4.txt,SOC Knapsack,22,RelaxGrouping,10000,true,max,781.000000,0.092151,0.059205,0.002059,2833,5403,499,true
knapsack_n100m20o3b5_4.txt,SOC Knapsack,22,RelaxGrouping,500,false,max,873.000000,0.006440,na,0.002705,6212,12092,500,true
knapsack_n100m20o3b5_4.txt,SOC Knapsack,22,RelaxGrouping,1000,false,max,853.000000,0.011464,na,0.003151,11232,21730,997,true
knapsack_n100m20o3b5_4.txt,SOC Knapsack,22,RelaxGrouping,2000,false,max,824.000000,0.022328,na,0.004860,19722,38263,1995,true
knapsack_n100m20o3b5_4.txt,SOC Knapsack,22,RelaxGrouping,5000,false,max,793.000000,0.050135,na,0.007674,39674,76497,4969,true
knapsack_n100m20o3b5_4.txt,SOC Knapsack,22,RelaxGrouping,20000,true,max,744.000000,0.099799,0.087142,0.002257,3476,6562,619,true
knapsack_n100m20o5b5_0.txt,SOC Knapsack,18,RelaxGrouping,500,true,max,682.000000,0.003296,0.001546,0.003987,850,1501,169,true
knapsack_n100m20o5b5_0.txt,SOC Knapsack,18,RelaxGrouping,1000,true,max,666.000000,0.003186,0.001728,0.004201,836,1470,165,true
knapsack_n100m20o5b5_0.txt,SOC Knapsack,18,RelaxGrouping,2000,true,max,666.000000,0.003201,0.001722,0.004989,836,1470,165,true
knapsack_n100m20o3b5_4.txt,SOC Knapsack,22,RelaxGrouping,10000,false,max,781.000000,0.092055,na,0.016666,63850,122200,9930,true
knapsack_n100m20o3b5_4.txt,SOC Knapsack,22,RelaxGrouping,20000,false,max,744.000000,0.103365,na,0.022023,89636,163225,18388,true
knapsack_n100m20o5b5_0.txt,SOC Knapsack,18,RelaxGrouping,500,false,max,682.000000,0.003253,na,0.007667,3623,6233,499,true
knapsack_n100m20o5b5_0.txt,SOC Knapsack,18,RelaxGrouping,1000,false,max,666.000000,0.003269,na,0.006743,4459,7269,700,true
knapsack_n100m20o5b5_0.txt,SOC Knapsack,18,RelaxGrouping,5000,true,max,666.000000,0.003194,0.001752,0.008302,836,1470,165,true
knapsack_n100m20o5b5_0.txt,SOC Knapsack,18,RelaxGrouping,10000,true,max,666.000000,0.003140,0.001764,0.007242,836,1470,165,true
knapsack_n100m20o5b5_0.txt,SOC Knapsack,18,RelaxGrouping,20000,true,max,666.000000,0.003167,0.001853,0.007790,836,1470,165,true
knapsack_n100m20o5b5_0.txt,SOC Knapsack,18,RelaxGrouping,2000,false,max,666.000000,0.003186,na,0.005992,4459,7269,700,true
knapsack_n100m20o5b5_0.txt,SOC Knapsack,18,RelaxGrouping,10000,false,max,666.000000,0.003211,na,0.006774,4459,7269,700,true
knapsack_n100m20o5b5_0.txt,SOC Knapsack,18,RelaxGrouping,5000,false,max,666.000000,0.003190,na,0.005986,4459,7269,700,true
knapsack_n100m20o5b5_0.txt,SOC Knapsack,18,RelaxGrouping,20000,false,max,666.000000,0.003213,na,0.006870,4459,7269,700,true
knapsack_n100m20o5b5_1.txt,SOC Knapsack,24,RelaxGrouping,500,true,max,749.000000,0.008643,0.003056,0.002198,2765,5260,425,true
knapsack_n100m20o5b5_1.txt,SOC Knapsack,24,RelaxGrouping,1000,true,max,737.000000,0.016170,0.008280,0.002254,3262,6252,643,true
knapsack_n100m20o5b5_1.txt,SOC Knapsack,24,RelaxGrouping,2000,true,max,749.000000,0.031018,0.015733,0.002413,4036,7777,894,true
knapsack_n100m20o5b5_1.txt,SOC Knapsack,24,RelaxGrouping,5000,true,max,751.000000,0.075928,0.046693,0.002826,5602,10923,1337,true
knapsack_n100m20o5b5_1.txt,SOC Knapsack,24,RelaxGrouping,10000,true,max,737.000000,0.141843,0.095371,0.002947,7086,13824,1582,true
knapsack_n100m20o5b5_1.txt,SOC Knapsack,24,RelaxGrouping,20000,true,max,711.000000,0.269327,0.187377,0.003428,6991,13758,1474,true
knapsack_n100m20o5b5_1.txt,SOC Knapsack,24,RelaxGrouping,500,false,max,749.000000,0.008427,na,0.003268,7161,13901,500,true
knapsack_n100m20o5b5_1.txt,SOC Knapsack,24,RelaxGrouping,1000,false,max,737.000000,0.016883,na,0.005345,13269,26055,1000,true
knapsack_n100m20o5b5_1.txt,SOC Knapsack,24,RelaxGrouping,2000,false,max,749.000000,0.030116,na,0.004925,24217,47625,2000,true
knapsack_n100m20o5b5_1.txt,SOC Knapsack,24,RelaxGrouping,5000,false,max,751.000000,0.071589,na,0.009216,52807,103860,4988,true
knapsack_n100m20o5b5_1.txt,SOC Knapsack,24,RelaxGrouping,10000,false,max,737.000000,0.136630,na,0.020837,93721,181426,9970,true
knapsack_n100m20o5b5_2.txt,SOC Knapsack,16,RelaxGrouping,1000,true,max,568.000000,0.001829,0.001064,0.003343,394,718,71,true
knapsack_n100m20o5b5_2.txt,SOC Knapsack,16,RelaxGrouping,500,true,max,578.000000,0.001940,0.001066,0.005241,393,717,71,true
knapsack_n100m20o5b5_2.txt,SOC Knapsack,16,RelaxGrouping,2000,true,max,568.000000,0.001890,0.001063,0.006164,394,718,71,true
knapsack_n100m20o5b5_2.txt,SOC Knapsack,16,RelaxGrouping,5000,true,max,568.000000,0.001807,0.000981,0.006576,394,718,71,true
knapsack_n100m20o5b5_1.txt,SOC Knapsack,24,RelaxGrouping,20000,false,max,711.000000,0.270537,na,0.046911,163348,303164,19974,true
knapsack_n100m20o5b5_2.txt,SOC Knapsack,16,RelaxGrouping,1000,false,max,568.000000,0.001841,na,0.006953,2450,4533,541,true
knapsack_n100m20o5b5_2.txt,SOC Knapsack,16,RelaxGrouping,500,false,max,578.000000,0.001952,na,0.008569,2354,4391,495,true
knapsack_n100m20o5b5_2.txt,SOC Knapsack,16,RelaxGrouping,2000,false,max,568.000000,0.001846,na,0.009666,2450,4533,541,true
knapsack_n100m20o5b5_2.txt,SOC Knapsack,16,RelaxGrouping,10000,true,max,568.000000,0.001839,0.000975,0.008983,394,718,71,true
knapsack_n100m20o5b5_2.txt,SOC Knapsack,16,RelaxGrouping,20000,true,max,568.000000,0.001824,0.000949,0.007470,394,718,71,true
knapsack_n100m20o5b5_2.txt,SOC Knapsack,16,RelaxGrouping,5000,false,max,568.000000,0.001867,na,0.005762,2450,4533,541,true
knapsack_n100m20o5b5_2.txt,SOC Knapsack,16,RelaxGrouping,10000,false,max,568.000000,0.001823,na,0.004431,2450,4533,541,true
knapsack_n100m20o5b5_2.txt,SOC Knapsack,16,RelaxGrouping,20000,false,max,568.000000,0.001831,na,0.005372,2450,4533,541,true
knapsack_n100m20o5b5_3.txt,SOC Knapsack,19,RelaxGrouping,500,true,max,786.000000,0.003700,0.001926,0.002143,837,1562,166,true
knapsack_n100m20o5b5_3.txt,SOC Knapsack,19,RelaxGrouping,1000,true,max,751.000000,0.006083,0.003166,0.002630,1225,2186,251,true
knapsack_n100m20o5b5_3.txt,SOC Knapsack,19,RelaxGrouping,500,false,max,786.000000,0.003633,na,0.006789,4200,7513,500,true
knapsack_n100m20o5b5_3.txt,SOC Knapsack,19,RelaxGrouping,2000,true,max,732.000000,0.005600,0.003194,0.007404,1234,2202,251,true
knapsack_n100m20o5b5_3.txt,SOC Knapsack,19,RelaxGrouping,5000,true,max,732.000000,0.005625,0.003419,0.007703,1234,2202,251,true
knapsack_n100m20o5b5_3.txt,SOC Knapsack,19,RelaxGrouping,10000,true,max,732.000000,0.005539,0.003102,0.007805,1234,2202,251,true
knapsack_n100m20o5b5_3.txt,SOC Knapsack,19,RelaxGrouping,20000,true,max,732.000000,0.005558,0.002983,0.007896,1234,2202,251,true
knapsack_n100m20o5b5_3.txt,SOC Knapsack,19,RelaxGrouping,1000,false,max,751.000000,0.006141,na,0.004751,6759,11581,998,true
knapsack_n100m20o5b5_3.txt,SOC Knapsack,19,RelaxGrouping,2000,false,max,732.000000,0.005624,na,0.007068,7622,12548,1216,true
knapsack_n100m20o5b5_3.txt,SOC Knapsack,19,RelaxGrouping,5000,false,max,732.000000,0.005661,na,0.009359,7622,12548,1216,true
knapsack_n100m20o5b5_3.txt,SOC Knapsack,19,RelaxGrouping,10000,false,max,732.000000,0.005704,na,0.010246,7622,12548,1216,true
knapsack_n100m20o5b5_3.txt,SOC Knapsack,19,RelaxGrouping,20000,false,max,732.000000,0.005723,na,0.011221,7622,12548,1216,true
knapsack_n100m20o5b5_4.txt,SOC Knapsack,22,RelaxGrouping,500,true,max,823.000000,0.006435,0.002847,0.002189,1374,2533,280,true
knapsack_n100m20o5b5_4.txt,SOC Knapsack,22,RelaxGrouping,1000,true,max,818.000000,0.011712,0.005490,0.002270,1382,2557,287,true
knapsack_n100m20o5b5_4.txt,SOC Knapsack,22,RelaxGrouping,2000,true,max,792.000000,0.022070,0.014525,0.002389,1496,2841,277,true
knapsack_n100m20o5b5_4.txt,SOC Knapsack,22,RelaxGrouping,5000,true,max,779.000000,0.051052,0.032856,0.002351,1882,3598,327,true
knapsack_n100m20o5b5_4.txt,SOC Knapsack,22,RelaxGrouping,10000,true,max,759.000000,0.081393,0.051860,0.002295,2914,5461,513,true
knapsack_n100m20o5b5_4.txt,SOC Knapsack,22,RelaxGrouping,500,false,max,823.000000,0.006365,na,0.002186,6101,11775,499,true
knapsack_n100m20o5b5_4.txt,SOC Knapsack,22,RelaxGrouping,1000,false,max,818.000000,0.011385,na,0.002809,10795,20896,999,true
knapsack_n100m20o5b5_4.txt,SOC Knapsack,22,RelaxGrouping,2000,false,max,792.000000,0.020642,na,0.004600,18755,36197,1998,true
knapsack_n100m20o5b5_4.txt,SOC Knapsack,22,RelaxGrouping,5000,false,max,779.000000,0.046419,na,0.006382,36902,70464,4947,true
knapsack_n100m20o5b5_4.txt,SOC Knapsack,22,RelaxGrouping,20000,true,max,742.000000,0.070397,0.051172,0.002488,3121,5832,549,true
knapsack_n125m10o1b5_0.txt,SOC Knapsack,16,RelaxGrouping,500,true,max,500.000000,0.003078,0.001285,0.004080,674,1279,168,true
knapsack_n125m10o1b5_0.txt,SOC Knapsack,16,RelaxGrouping,1000,true,max,467.000000,0.003644,0.001903,0.004230,559,1055,115,true
knapsack_n125m10o1b5_0.txt,SOC Knapsack,16,RelaxGrouping,2000,true,max,444.000000,0.003499,0.002173,0.004155,529,1000,107,true
knapsack_n100m20o5b5_4.txt,SOC Knapsack,22,RelaxGrouping,20000,false,max,742.000000,0.073038,na,0.019093,67228,121812,13646,true
knapsack_n100m20o5b5_4.txt,SOC Knapsack,22,RelaxGrouping,10000,false,max,759.000000,0.077147,na,0.016479,57836,108149,9943,true
knapsack_n125m10o1b5_0.txt,SOC Knapsack,16,RelaxGrouping,500,false,max,500.000000,0.002971,na,0.010496,3044,5799,500,true
knapsack_n125m10o1b5_0.txt,SOC Knapsack,16,RelaxGrouping,1000,false,max,467.000000,0.003542,na,0.009118,4420,7856,989,true
knapsack_n125m10o1b5_0.txt,SOC Knapsack,16,RelaxGrouping,5000,true,max,444.000000,0.003459,0.001805,0.009306,529,1000,107,true
knapsack_n125m10o1b5_0.txt,SOC Knapsack,16,RelaxGrouping,10000,true,max,444.000000,0.003436,0.001884,0.010019,529,1000,107,true
knapsack_n125m10o1b5_0.txt,SOC Knapsack,16,RelaxGrouping,20000,true,max,444.000000,0.003458,0.002137,0.009941,529,1000,107,true
knapsack_n125m10o1b5_0.txt,SOC Knapsack,16,RelaxGrouping,5000,false,max,444.000000,0.003306,na,0.005104,4665,8095,1110,true
knapsack_n125m10o1b5_0.txt,SOC Knapsack,16,RelaxGrouping,2000,false,max,444.000000,0.003341,na,0.008412,4665,8095,1110,true
knapsack_n125m10o1b5_0.txt,SOC Knapsack,16,RelaxGrouping,10000,false,max,444.000000,0.003311,na,0.009419,4665,8095,1110,true
knapsack_n125m10o1b5_0.txt,SOC Knapsack,16,RelaxGrouping,20000,false,max,444.000000,0.003401,na,0.008320,4665,8095,1110,true
knapsack_n125m10o1b5_1.txt,SOC Knapsack,25,RelaxGrouping,500,true,max,1172.000000,0.008541,0.004753,0.002907,2753,5256,369,true
knapsack_n125m10o1b5_1.txt,SOC Knapsack,25,RelaxGrouping,1000,true,max,1164.000000,0.016450,0.008003,0.002574,3241,6235,536,true
knapsack_n125m10o1b5_1.txt,SOC Knapsack,25,RelaxGrouping,2000,true,max,1167.000000,0.031716,0.017902,0.002555,3933,7582,808,true
knapsack_n125m10o1b5_1.txt,SOC Knapsack,25,RelaxGrouping,5000,true,max,1179.000000,0.078220,0.050407,0.002584,5496,10627,1177,true
knapsack_n125m10o1b5_1.txt,SOC Knapsack,25,RelaxGrouping,10000,true,max,1167.000000,0.163636,0.111323,0.002994,6886,13326,1356,true
knapsack_n125m10o1b5_1.txt,SOC Knapsack,25,RelaxGrouping,20000,true,max,1167.000000,0.365728,0.252054,0.002764,8262,15983,1519,true
knapsack_n125m10o1b5_1.txt,SOC Knapsack,25,RelaxGrouping,500,false,max,1172.000000,0.008986,na,0.003001,7638,14519,500,true
knapsack_n125m10o1b5_1.txt,SOC Knapsack,25,RelaxGrouping,1000,false,max,1164.000000,0.016327,na,0.004233,14269,27314,1000,true
knapsack_n125m10o1b5_1.txt,SOC Knapsack,25,RelaxGrouping,2000,false,max,1167.000000,0.033547,na,0.007253,26311,50284,2000,true
knapsack_n125m10o1b5_1.txt,SOC Knapsack,25,RelaxGrouping,5000,false,max,1179.000000,0.087063,na,0.016689,58302,111577,4999,true
knapsack_n125m10o1b5_1.txt,SOC Knapsack,25,RelaxGrouping,10000,false,max,1167.000000,0.200098,na,0.028909,105105,198266,9980,true
knapsack_n125m10o1b5_2.txt,SOC Knapsack,22,RelaxGrouping,500,true,max,900.000000,0.007211,0.002808,0.001941,1824,3475,319,true
knapsack_n125m10o1b5_2.txt,SOC Knapsack,22,RelaxGrouping,1000,true,max,880.000000,0.012910,0.006349,0.002320,2167,4153,456,true
knapsack_n125m10o1b5_2.txt,SOC Knapsack,22,RelaxGrouping,2000,true,max,871.000000,0.025382,0.014198,0.002354,2650,5103,555,true
knapsack_n125m10o1b5_2.txt,SOC Knapsack,22,RelaxGrouping,5000,true,max,873.000000,0.062423,0.036006,0.002813,3416,6593,709,true
knapsack_n125m10o1b5_1.txt,SOC Knapsack,25,RelaxGrouping,20000,false,max,1167.000000,0.354630,na,0.059780,182639,340581,19913,true
knapsack_n125m10o1b5_2.txt,SOC Knapsack,22,RelaxGrouping,500,false,max,900.000000,0.007129,na,0.003370,6418,12475,500,true
knapsack_n125m10o1b5_2.txt,SOC Knapsack,22,RelaxGrouping,1000,false,max,880.000000,0.013378,na,0.003272,11738,22987,1000,true
knapsack_n125m10o1b5_2.txt,SOC Knapsack,22,RelaxGrouping,2000,false,max,871.000000,0.026236,na,0.005391,21263,41633,2000,true
knapsack_n125m10o1b5_2.txt,SOC Knapsack,22,RelaxGrouping,10000,true,max,870.000000,0.126689,0.076312,0.002482,3828,7378,801,true
knapsack_n125m10o1b5_2.txt,SOC Knapsack,22,RelaxGrouping,20000,true,max,852.000000,0.178838,0.149879,0.002783,4088,7915,850,true
knapsack_n125m10o1b5_3.txt,SOC Knapsack,18,RelaxGrouping,500,true,max,797.000000,0.003950,0.001735,0.003097,962,1760,198,true
knapsack_n125m10o1b5_3.txt,SOC Knapsack,18,RelaxGrouping,1000,true,max,797.000000,0.006143,0.002884,0.002162,1100,2006,218,true
knapsack_n125m10o1b5_2.txt,SOC Knapsack,22,RelaxGrouping,5000,false,max,873.000000,0.059148,na,0.009202,44982,86915,4987,true
knapsack_n125m10o1b5_2.txt,SOC Knapsack,22,RelaxGrouping,10000,false,max,870.000000,0.120912,na,0.017078,76021,144923,9961,true
knapsack_n125m10o1b5_2.txt,SOC Knapsack,22,RelaxGrouping,20000,false,max,852.000000,0.191211,na,0.034294,120764,219644,19815,true
knapsack_n125m10o1b5_3.txt,SOC Knapsack,18,RelaxGrouping,500,false,max,797.000000,0.003802,na,0.006313,3890,7179,499,true
knapsack_n125m10o1b5_3.txt,SOC Knapsack,18,RelaxGrouping,2000,true,max,772.000000,0.007503,0.004249,0.006686,967,1776,177,true
knapsack_n125m10o1b5_3.txt,SOC Knapsack,18,RelaxGrouping,5000,true,max,772.000000,0.007109,0.004133,0.006514,974,1787,179,true
knapsack_n125m10o1b5_3.txt,SOC Knapsack,18,RelaxGrouping,20000,true,max,772.000000,0.007121,0.004196,0.006166,974,1787,179,true
knapsack_n125m10o1b5_3.txt,SOC Knapsack,18,RelaxGrouping,10000,true,max,772.000000,0.006959,0.004246,0.004625,974,1787,179,true
knapsack_n125m10o1b5_3.txt,SOC Knapsack,18,RelaxGrouping,1000,false,max,797.000000,0.005928,na,0.003345,6332,11381,997,true
knapsack_n125m10o1b5_3.txt,SOC Knapsack,18,RelaxGrouping,2000,false,max,772.000000,0.007060,na,0.004707,8931,14775,1989,true
knapsack_n125m10o1b5_3.txt,SOC Knapsack,18,RelaxGrouping,5000,false,max,772.000000,0.006634,na,0.007652,9330,15301,2122,true
knapsack_n125m10o1b5_3.txt,SOC Knapsack,18,RelaxGrouping,10000,false,max,772.000000,0.006548,na,0.007474,9330,15301,2122,true
knapsack_n125m10o1b5_3.txt,SOC Knapsack,18,RelaxGrouping,20000,false,max,772.000000,0.006595,na,0.006980,9330,15301,2122,true
knapsack_n125m10o1b5_4.txt,SOC Knapsack,21,RelaxGrouping,500,true,max,792.000000,0.006455,0.002731,0.002918,2095,4016,399,true
knapsack_n125m10o1b5_4.txt,SOC Knapsack,21,RelaxGrouping,1000,true,max,798.000000,0.011179,0.005548,0.004726,2540,4893,571,true
knapsack_n125m10o1b5_4.txt,SOC Knapsack,21,RelaxGrouping,2000,true,max,824.000000,0.021440,0.011806,0.003028,3298,6376,694,true
knapsack_n125m10o1b5_4.txt,SOC Knapsack,21,RelaxGrouping,5000,true,max,829.000000,0.048925,0.036969,0.002297,4368,8410,968,true
knapsack_n125m10o1b5_4.txt,SOC Knapsack,21,RelaxGrouping,10000,true,max,829.000000,0.103241,0.075834,0.002911,5270,10199,1221,true
knapsack_n125m10o1b5_4.txt,SOC Knapsack,21,RelaxGrouping,500,false,max,792.000000,0.006531,na,0.002621,5734,10824,500,true
knapsack_n125m10o1b5_4.txt,SOC Knapsack,21,RelaxGrouping,1000,false,max,798.000000,0.011492,na,0.003247,10384,19767,999,true
knapsack_n125m10o1b5_4.txt,SOC Knapsack,21,RelaxGrouping,2000,false,max,824.000000,0.022338,na,0.004787,18760,35876,1999,true
knapsack_n125m10o1b5_4.txt,SOC Knapsack,21,RelaxGrouping,5000,false,max,829.000000,0.052292,na,0.008555,38671,72796,5000,true
knapsack_n125m10o1b5_4.txt,SOC Knapsack,21,RelaxGrouping,20000,true,max,799.000000,0.155482,0.106381,0.002635,5094,9899,1100,true
knapsack_n125m10o3b5_0.txt,SOC Knapsack,16,RelaxGrouping,500,true,max,489.000000,0.002794,0.001187,0.004351,492,913,96,true
knapsack_n125m10o3b5_0.txt,SOC Knapsack,16,RelaxGrouping,1000,true,max,437.000000,0.002948,0.001488,0.004121,515,957,100,true
knapsack_n125m10o3b5_0.txt,SOC Knapsack,16,RelaxGrouping,2000,true,max,437.000000,0.002914,0.001519,0.005063,515,957,100,true
knapsack_n125m10o1b5_4.txt,SOC Knapsack,21,RelaxGrouping,10000,false,max,829.000000,0.087559,na,0.014235,63688,118892,9972,true
knapsack_n125m10o1b5_4.txt,SOC Knapsack,21,RelaxGrouping,20000,false,max,799.000000,0.134862,na,0.021299,98151,170172,19942,true
knapsack_n125m10o3b5_0.txt,SOC Knapsack,16,RelaxGrouping,500,false,max,489.000000,0.002585,na,0.010863,2948,5295,500,true
knapsack_n125m10o3b5_0.txt,SOC Knapsack,16,RelaxGrouping,1000,false,max,437.000000,0.002775,na,0.009111,4034,6772,954,true
knapsack_n125m10o3b5_0.txt,SOC Knapsack,16,RelaxGrouping,5000,true,max,437.000000,0.002999,0.001635,0.008810,515,957,100,true
knapsack_n125m10o3b5_0.txt,SOC Knapsack,16,RelaxGrouping,10000,true,max,437.000000,0.002931,0.001628,0.009645,515,957,100,true
knapsack_n125m10o3b5_0.txt,SOC Knapsack,16,RelaxGrouping,20000,true,max,437.000000,0.002776,0.001470,0.009748,515,957,100,true
knapsack_n125m10o3b5_0.txt,SOC Knapsack,16,RelaxGrouping,2000,false,max,437.000000,0.002882,na,0.005167,4034,6772,954,true
knapsack_n125m10o3b5_0.txt,SOC Knapsack,16,RelaxGrouping,5000,false,max,437.000000,0.002914,na,0.005962,4034,6772,954,true
knapsack_n125m10o3b5_0.txt,SOC Knapsack,16,RelaxGrouping,10000,false,max,437.000000,0.002886,na,0.006115,4034,6772,954,true
knapsack_n125m10o3b5_0.txt,SOC Knapsack,16,RelaxGrouping,20000,false,max,437.000000,0.002867,na,0.007182,4034,6772,954,true
knapsack_n125m10o3b5_1.txt,SOC Knapsack,25,RelaxGrouping,500,true,max,1229.000000,0.008673,0.003127,0.002408,3004,5670,408,true
knapsack_n125m10o3b5_1.txt,SOC Knapsack,25,RelaxGrouping,1000,true,max,1202.000000,0.016518,0.008397,0.002655,3701,7020,671,true
knapsack_n125m10o3b5_1.txt,SOC Knapsack,25,RelaxGrouping,2000,true,max,1226.000000,0.032228,0.020419,0.002704,4708,9053,1078,true
knapsack_n125m10o3b5_1.txt,SOC Knapsack,25,RelaxGrouping,5000,true,max,1229.000000,0.084042,0.059200,0.003150,6403,12388,1513,true
knapsack_n125m10o3b5_1.txt,SOC Knapsack,25,RelaxGrouping,10000,true,max,1151.000000,0.198576,0.124291,0.004216,7015,13674,1574,true
knapsack_n125m10o3b5_1.txt,SOC Knapsack,25,RelaxGrouping,20000,true,max,1124.000000,0.388173,0.238947,0.003108,6600,13025,1373,true
knapsack_n125m10o3b5_1.txt,SOC Knapsack,25,RelaxGrouping,500,false,max,1229.000000,0.009304,na,0.003138,7636,14434,500,true
knapsack_n125m10o3b5_1.txt,SOC Knapsack,25,RelaxGrouping,1000,false,max,1202.000000,0.017100,na,0.004706,14181,27128,1000,true
knapsack_n125m10o3b5_1.txt,SOC Knapsack,25,RelaxGrouping,2000,false,max,1226.000000,0.033186,na,0.005201,26076,50076,2000,true
knapsack_n125m10o3b5_1.txt,SOC Knapsack,25,RelaxGrouping,5000,false,max,1229.000000,0.081064,na,0.012944,57933,110824,4996,true
knapsack_n125m10o3b5_1.txt,SOC Knapsack,25,RelaxGrouping,10000,false,max,1151.000000,0.172435,na,0.029723,103634,194682,9971,true
knapsack_n125m10o3b5_2.txt,SOC Knapsack,22,RelaxGrouping,500,true,max,875.000000,0.007136,0.003514,0.002334,1751,3287,310,true
knapsack_n125m10o3b5_2.txt,SOC Knapsack,22,RelaxGrouping,1000,true,max,873.000000,0.013484,0.007298,0.002240,2092,3977,446,true
knapsack_n125m10o3b5_2.txt,SOC Knapsack,22,RelaxGrouping,2000,true,max,874.000000,0.025419,0.016167,0.003077,2209,4229,474,true
knapsack_n125m10o3b5_2.txt,SOC Knapsack,22,RelaxGrouping,5000,true,max,850.000000,0.061727,0.042813,0.002239,2259,4355,448,true
knapsack_n125m10o3b5_1.txt,SOC Knapsack,25,RelaxGrouping,20000,false,max,1124.000000,0.370817,na,0.062991,180637,330709,19939,true
knapsack_n125m10o3b5_2.txt,SOC Knapsack,22,RelaxGrouping,500,false,max,875.000000,0.006937,na,0.003068,6268,12240,499,true
knapsack_n125m10o3b5_2.txt,SOC Knapsack,22,RelaxGrouping,1000,false,max,873.000000,0.013109,na,0.004660,11446,22531,1000,true
knapsack_n125m10o3b5_2.txt,SOC Knapsack,22,RelaxGrouping,2000,false,max,874.000000,0.025232,na,0.006942,20493,40026,1996,true
knapsack_n125m10o3b5_2.txt,SOC Knapsack,22,RelaxGrouping,10000,true,max,821.000000,0.117676,0.084747,0.003194,2686,5234,521,true
knapsack_n125m10o3b5_2.txt,SOC Knapsack,22,RelaxGrouping,20000,true,max,815.000000,0.175585,0.103839,0.002599,3956,7565,772,true
knapsack_n125m10o3b5_3.txt,SOC Knapsack,18,RelaxGrouping,500,true,max,814.000000,0.003543,0.001520,0.001831,950,1670,200,true
knapsack_n125m10o3b5_3.txt,SOC Knapsack,18,RelaxGrouping,1000,true,max,797.000000,0.005127,0.002225,0.002333,896,1621,178,true
knapsack_n125m10o3b5_2.txt,SOC Knapsack,22,RelaxGrouping,5000,false,max,850.000000,0.055649,na,0.008855,42537,82287,4997,true
knapsack_n125m10o3b5_2.txt,SOC Knapsack,22,RelaxGrouping,10000,false,max,821.000000,0.109268,na,0.015137,67839,130668,9968,true
knapsack_n125m10o3b5_2.txt,SOC Knapsack,22,RelaxGrouping,20000,false,max,815.000000,0.154905,na,0.024115,102459,187562,19879,true
knapsack_n125m10o3b5_3.txt,SOC Knapsack,18,RelaxGrouping,500,false,max,814.000000,0.003563,na,0.008416,3526,6488,499,true
knapsack_n125m10o3b5_3.txt,SOC Knapsack,18,RelaxGrouping,2000,true,max,747.000000,0.005416,0.003580,0.007917,920,1647,172,true
knapsack_n125m10o3b5_3.txt,SOC Knapsack,18,RelaxGrouping,5000,true,max,747.000000,0.005361,0.003284,0.007172,920,1647,172,true
knapsack_n125m10o3b5_3.txt,SOC Knapsack,18,RelaxGrouping,10000,true,max,747.000000,0.005348,0.003568,0.008700,920,1647,172,true
knapsack_n125m10o3b5_3.txt,SOC Knapsack,18,RelaxGrouping,20000,true,max,747.000000,0.005377,0.003342,0.007741,920,1647,172,true
knapsack_n125m10o3b5_3.txt,SOC Knapsack,18,RelaxGrouping,1000,false,max,797.000000,0.005422,na,0.004219,5573,9661,989,true
knapsack_n125m10o3b5_3.txt,SOC Knapsack,18,RelaxGrouping,2000,false,max,747.000000,0.005665,na,0.004087,7645,12247,1886,true
knapsack_n125m10o3b5_3.txt,SOC Knapsack,18,RelaxGrouping,5000,false,max,747.000000,0.005521,na,0.006062,7645,12247,1886,true
knapsack_n125m10o3b5_3.txt,SOC Knapsack,18,RelaxGrouping,10000,false,max,747.000000,0.005604,na,0.005194,7645,12247,1886,true
knapsack_n125m10o3b5_3.txt,SOC Knapsack,18,RelaxGrouping,20000,false,max,747.000000,0.005598,na,0.004955,7645,12247,1886,true
knapsack_n125m10o3b5_4.txt,SOC Knapsack,21,RelaxGrouping,500,true,max,817.000000,0.006589,0.002693,0.004532,2349,4483,399,true
knapsack_n125m10o3b5_4.txt,SOC Knapsack,21,RelaxGrouping,1000,true,max,865.000000,0.011884,0.005028,0.002635,2916,5600,658,true
knapsack_n125m10o3b5_4.txt,SOC Knapsack,21,RelaxGrouping,2000,true,max,841.000000,0.021822,0.012625,0.002461,3442,6640,955,true
knapsack_n125m10o3b5_4.txt,SOC Knapsack,21,RelaxGrouping,5000,true,max,847.000000,0.049052,0.031453,0.002534,4798,9295,1147,true
knapsack_n125m10o3b5_4.txt,SOC Knapsack,21,RelaxGrouping,10000,true,max,847.000000,0.092829,0.055022,0.002546,5305,10342,1228,true
knapsack_n125m10o3b5_4.txt,SOC Knapsack,21,RelaxGrouping,500,false,max,817.000000,0.006597,na,0.002695,5661,10591,500,true
knapsack_n125m10o3b5_4.txt,SOC Knapsack,21,RelaxGrouping,1000,false,max,865.000000,0.011884,na,0.003911,10155,19194,1000,true
knapsack_n125m10o3b5_4.txt,SOC Knapsack,21,RelaxGrouping,2000,false,max,841.000000,0.022167,na,0.005161,17926,33921,1991,true
knapsack_n125m10o3b5_4.txt,SOC Knapsack,21,RelaxGrouping,5000,false,max,847.000000,0.051957,na,0.007311,37219,68909,4990,true
knapsack_n125m10o3b5_4.txt,SOC Knapsack,21,RelaxGrouping,20000,true,max,766.000000,0.122760,0.094425,0.002266,3308,6458,697,true
knapsack_n125m10o5b5_0.txt,SOC Knapsack,16,RelaxGrouping,500,true,max,481.000000,0.002277,0.001065,0.003008,504,920,94,true
knapsack_n125m10o5b5_0.txt,SOC Knapsack,16,RelaxGrouping,1000,true,max,437.000000,0.002267,0.001243,0.005184,457,841,89,true
knapsack_n125m10o5b5_0.txt,SOC Knapsack,16,RelaxGrouping,2000,true,max,437.000000,0.002331,0.001262,0.005344,457,841,89,true
knapsack_n125m10o3b5_4.txt,SOC Knapsack,21,RelaxGrouping,10000,false,max,847.000000,0.082338,na,0.012821,61744,112245,9936,true
knapsack_n125m10o3b5_4.txt,SOC Knapsack,21,RelaxGrouping,20000,false,max,766.000000,0.104825,na,0.025135,97471,157294,19823,true
knapsack_n125m10o5b5_0.txt,SOC Knapsack,16,RelaxGrouping,500,false,max,481.000000,0.002355,na,0.007530,2673,4695,498,true
knapsack_n125m10o5b5_0.txt,SOC Knapsack,16,RelaxGrouping,1000,false,max,437.000000,0.002322,na,0.007212,3253,5411,697,true
knapsack_n125m10o5b5_0.txt,SOC Knapsack,16,RelaxGrouping,5000,true,max,437.000000,0.002439,0.001734,0.008817,457,841,89,true
knapsack_n125m10o5b5_0.txt,SOC Knapsack,16,RelaxGrouping,20000,true,max,437.000000,0.002403,0.001393,0.009764,457,841,89,true
knapsack_n125m10o5b5_0.txt,SOC Knapsack,16,RelaxGrouping,10000,true,max,437.000000,0.002384,0.001384,0.011667,457,841,89,true
knapsack_n125m10o5b5_0.txt,SOC Knapsack,16,RelaxGrouping,5000,false,max,437.000000,0.002304,na,0.006553,3253,5411,697,true
knapsack_n125m10o5b5_0.txt,SOC Knapsack,16,RelaxGrouping,2000,false,max,437.000000,0.002315,na,0.006811,3253,5411,697,true
knapsack_n125m10o5b5_0.txt,SOC Knapsack,16,RelaxGrouping,10000,false,max,437.000000,0.002326,na,0.008174,3253,5411,697,true
knapsack_n125m10o5b5_0.txt,SOC Knapsack,16,RelaxGrouping,20000,false,max,437.000000,0.002409,na,0.008369,3253,5411,697,true
knapsack_n125m10o5b5_1.txt,SOC Knapsack,25,RelaxGrouping,500,true,max,1225.000000,0.009088,0.003146,0.003071,3144,5938,427,true
knapsack_n125m10o5b5_1.txt,SOC Knapsack,25,RelaxGrouping,1000,true,max,1244.000000,0.016127,0.006850,0.003332,3893,7416,734,true
knapsack_n125m10o5b5_1.txt,SOC Knapsack,25,RelaxGrouping,2000,true,max,1248.000000,0.032241,0.018156,0.002825,4585,8795,1011,true
knapsack_n125m10o5b5_1.txt,SOC Knapsack,25,RelaxGrouping,5000,true,max,1202.000000,0.079085,0.056597,0.003157,5686,11104,1418,true
knapsack_n125m10o5b5_1.txt,SOC Knapsack,25,RelaxGrouping,10000,true,max,1159.000000,0.174774,0.105114,0.003199,7241,14021,1621,true
knapsack_n125m10o5b5_1.txt,SOC Knapsack,25,RelaxGrouping,20000,true,max,1130.000000,0.373179,0.295258,0.004088,8422,16420,1700,true
knapsack_n125m10o5b5_1.txt,SOC Knapsack,25,RelaxGrouping,500,false,max,1225.000000,0.009050,na,0.004077,7508,14118,500,true
knapsack_n125m10o5b5_1.txt,SOC Knapsack,25,RelaxGrouping,1000,false,max,1244.000000,0.017025,na,0.007041,13944,26584,1000,true
knapsack_n125m10o5b5_1.txt,SOC Knapsack,25,RelaxGrouping,2000,false,max,1248.000000,0.032003,na,0.008604,25451,48628,1999,true
knapsack_n125m10o5b5_1.txt,SOC Knapsack,25,RelaxGrouping,5000,false,max,1202.000000,0.079892,na,0.012649,56347,106702,4997,true
knapsack_n125m10o5b5_1.txt,SOC Knapsack,25,RelaxGrouping,10000,false,max,1159.000000,0.174717,na,0.032750,99700,188270,9998,true
knapsack_n125m10o5b5_2.txt,SOC Knapsack,22,RelaxGrouping,500,true,max,858.000000,0.006988,0.002703,0.002410,1766,3305,335,true
knapsack_n125m10o5b5_2.txt,SOC Knapsack,22,RelaxGrouping,1000,true,max,860.000000,0.012329,0.006722,0.004279,2042,3821,455,true
knapsack_n125m10o5b5_2.txt,SOC Knapsack,22,RelaxGrouping,2000,true,max,835.000000,0.023302,0.012934,0.002404,2208,4188,493,true
knapsack_n125m10o5b5_2.txt,SOC Knapsack,22,RelaxGrouping,5000,true,max,798.000000,0.058332,0.038192,0.001912,1816,3543,348,true
knapsack_n125m10o5b5_1.txt,SOC Knapsack,25,RelaxGrouping,20000,false,max,1130.000000,0.357101,na,0.059277,173257,312287,19953,true
knapsack_n125m10o5b5_2.txt,SOC Knapsack,22,RelaxGrouping,500,false,max,858.000000,0.006891,na,0.002683,6137,11934,500,true
knapsack_n125m10o5b5_2.txt,SOC Knapsack,22,RelaxGrouping,1000,false,max,860.000000,0.012233,na,0.004310,11104,21735,999,true
knapsack_n125m10o5b5_2.txt,SOC Knapsack,22,RelaxGrouping,2000,false,max,835.000000,0.023351,na,0.005271,19453,38052,1994,true
knapsack_n125m10o5b5_2.txt,SOC Knapsack,22,RelaxGrouping,10000,true,max,795.000000,0.107012,0.059869,0.002063,2244,4350,438,true
knapsack_n125m10o5b5_2.txt,SOC Knapsack,22,RelaxGrouping,20000,true,max,795.000000,0.154471,0.107144,0.002178,2937,5610,549,true
knapsack_n125m10o5b5_3.txt,SOC Knapsack,18,RelaxGrouping,500,true,max,772.000000,0.003171,0.001347,0.002542,736,1305,144,true
knapsack_n125m10o5b5_3.txt,SOC Knapsack,18,RelaxGrouping,1000,true,max,747.000000,0.004193,0.002029,0.003492,738,1321,134,true
knapsack_n125m10o5b5_2.txt,SOC Knapsack,22,RelaxGrouping,5000,false,max,798.000000,0.055843,na,0.008416,40135,76841,4992,true
knapsack_n125m10o5b5_2.txt,SOC Knapsack,22,RelaxGrouping,10000,false,max,795.000000,0.102010,na,0.013788,64098,120349,9974,true
knapsack_n125m10o5b5_2.txt,SOC Knapsack,22,RelaxGrouping,20000,false,max,795.000000,0.160055,na,0.028285,90806,169960,19982,true
knapsack_n125m10o5b5_3.txt,SOC Knapsack,18,RelaxGrouping,500,false,max,772.000000,0.003127,na,0.007518,3185,5625,498,true
knapsack_n125m10o5b5_3.txt,SOC Knapsack,18,RelaxGrouping,2000,true,max,747.000000,0.003901,0.002449,0.006073,748,1334,132,true
knapsack_n125m10o5b5_3.txt,SOC Knapsack,18,RelaxGrouping,5000,true,max,747.000000,0.003873,0.002369,0.007596,748,1334,132,true
knapsack_n125m10o5b5_3.txt,SOC Knapsack,18,RelaxGrouping,10000,true,max,747.000000,0.003926,0.002369,0.008756,748,1334,132,true
knapsack_n125m10o5b5_3.txt,SOC Knapsack,18,RelaxGrouping,20000,true,max,747.000000,0.003860,0.002438,0.008630,748,1334,132,true
knapsack_n125m10o5b5_3.txt,SOC Knapsack,18,RelaxGrouping,1000,false,max,747.000000,0.004180,na,0.004324,4905,7938,997,true
knapsack_n125m10o5b5_3.txt,SOC Knapsack,18,RelaxGrouping,2000,false,max,747.000000,0.003799,na,0.005531,5418,8614,1299,true
knapsack_n125m10o5b5_3.txt,SOC Knapsack,18,RelaxGrouping,5000,false,max,747.000000,0.003789,na,0.007808,5418,8614,1299,true
knapsack_n125m10o5b5_3.txt,SOC Knapsack,18,RelaxGrouping,20000,false,max,747.000000,0.003790,na,0.007843,5418,8614,1299,true
knapsack_n125m10o5b5_3.txt,SOC Knapsack,18,RelaxGrouping,10000,false,max,747.000000,0.003804,na,0.008176,5418,8614,1299,true
knapsack_n125m10o5b5_4.txt,SOC Knapsack,21,RelaxGrouping,500,true,max,845.000000,0.006868,0.002221,0.002111,2421,4583,443,true
knapsack_n125m10o5b5_4.txt,SOC Knapsack,21,RelaxGrouping,1000,true,max,875.000000,0.011859,0.004539,0.003007,2959,5668,700,true
knapsack_n125m10o5b5_4.txt,SOC Knapsack,21,RelaxGrouping,2000,true,max,875.000000,0.020976,0.009573,0.002128,3225,6210,879,true
knapsack_n125m10o5b5_4.txt,SOC Knapsack,21,RelaxGrouping,5000,true,max,847.000000,0.045276,0.022313,0.002589,3968,7618,929,true
knapsack_n125m10o5b5_4.txt,SOC Knapsack,21,RelaxGrouping,10000,true,max,824.000000,0.077118,0.054014,0.002391,3800,7277,894,true
knapsack_n125m10o5b5_4.txt,SOC Knapsack,21,RelaxGrouping,500,false,max,845.000000,0.006515,na,0.002662,5542,10439,500,true
knapsack_n125m10o5b5_4.txt,SOC Knapsack,21,RelaxGrouping,1000,false,max,875.000000,0.011561,na,0.002639,9988,19080,1000,true
knapsack_n125m10o5b5_4.txt,SOC Knapsack,21,RelaxGrouping,2000,false,max,875.000000,0.021175,na,0.003999,17529,33245,1998,true
knapsack_n125m10o5b5_4.txt,SOC Knapsack,21,RelaxGrouping,5000,false,max,847.000000,0.047632,na,0.008101,35383,65790,4985,true
knapsack_n125m10o5b5_4.txt,SOC Knapsack,21,RelaxGrouping,20000,true,max,793.000000,0.115314,0.067975,0.003467,2761,5410,554,true
knapsack_n125m20o1b5_0.txt,SOC Knapsack,29,RelaxGrouping,500,true,max,1114.000000,0.011423,0.005367,0.003374,2965,5721,398,true
knapsack_n125m20o1b5_0.txt,SOC Knapsack,29,RelaxGrouping,1000,true,max,1088.000000,0.021554,0.010739,0.003222,3768,7288,662,true
knapsack_n125m20o1b5_0.txt,SOC Knapsack,29,RelaxGrouping,2000,true,max,1077.000000,0.041961,0.024060,0.003361,4684,9101,1004,true
knapsack_n125m10o5b5_4.txt,SOC Knapsack,21,RelaxGrouping,10000,false,max,824.000000,0.091588,na,0.019190,56444,100901,9989,true
knapsack_n125m10o5b5_4.txt,SOC Knapsack,21,RelaxGrouping,20000,false,max,793.000000,0.144381,na,0.021405,87347,143920,19974,true
knapsack_n125m20o1b5_0.txt,SOC Knapsack,29,RelaxGrouping,500,false,max,1114.000000,0.011503,na,0.003544,9802,18990,500,true
knapsack_n125m20o1b5_0.txt,SOC Knapsack,29,RelaxGrouping,1000,false,max,1088.000000,0.022019,na,0.005832,18423,35936,1000,true
knapsack_n125m20o1b5_0.txt,SOC Knapsack,29,RelaxGrouping,5000,true,max,1086.000000,0.110152,0.074257,0.003263,6684,13102,1386,true
knapsack_n125m20o1b5_0.txt,SOC Knapsack,29,RelaxGrouping,10000,true,max,1097.000000,0.247242,0.169760,0.003249,9114,17902,1865,true
knapsack_n125m20o1b5_0.txt,SOC Knapsack,29,RelaxGrouping,20000,true,max,1101.000000,0.583412,0.366710,0.003452,11972,23615,2683,true
knapsack_n125m20o1b5_0.txt,SOC Knapsack,29,RelaxGrouping,2000,false,max,1077.000000,0.043493,na,0.009582,34585,67649,2000,true
knapsack_n125m20o1b5_0.txt,SOC Knapsack,29,RelaxGrouping,5000,false,max,1086.000000,0.114718,na,0.020729,79026,154719,4991,true
knapsack_n125m20o1b5_0.txt,SOC Knapsack,29,RelaxGrouping,10000,false,max,1097.000000,0.280401,na,0.043119,149236,290067,9991,true
knapsack_n125m20o1b5_0.txt,SOC Knapsack,29,RelaxGrouping,20000,false,max,1101.000000,0.616769,na,0.093471,274953,531566,19935,true
knapsack_n125m20o1b5_1.txt,SOC Knapsack,20,RelaxGrouping,500,true,max,894.000000,0.005019,0.002170,0.002417,1293,2416,255,true
knapsack_n125m20o1b5_1.txt,SOC Knapsack,20,RelaxGrouping,1000,true,max,910.000000,0.008642,0.003829,0.001783,1416,2698,304,true
knapsack_n125m20o1b5_1.txt,SOC Knapsack,20,RelaxGrouping,2000,true,max,889.000000,0.014933,0.009277,0.002227,1633,3083,332,true
knapsack_n125m20o1b5_1.txt,SOC Knapsack,20,RelaxGrouping,5000,true,max,828.000000,0.021393,0.015625,0.002212,2057,3843,399,true
knapsack_n125m20o1b5_1.txt,SOC Knapsack,20,RelaxGrouping,10000,true,max,828.000000,0.020784,0.016788,0.002483,1983,3717,382,true
knapsack_n125m20o1b5_1.txt,SOC Knapsack,20,RelaxGrouping,20000,true,max,828.000000,0.020828,0.017013,0.002692,1983,3717,382,true
knapsack_n125m20o1b5_1.txt,SOC Knapsack,20,RelaxGrouping,500,false,max,894.000000,0.004988,na,0.002411,5016,9378,500,true
knapsack_n125m20o1b5_1.txt,SOC Knapsack,20,RelaxGrouping,1000,false,max,910.000000,0.008650,na,0.003354,8757,16173,998,true
knapsack_n125m20o1b5_1.txt,SOC Knapsack,20,RelaxGrouping,2000,false,max,889.000000,0.014599,na,0.003496,14762,26438,2000,true
knapsack_n125m20o1b5_1.txt,SOC Knapsack,20,RelaxGrouping,5000,false,max,828.000000,0.020146,na,0.005390,26034,40607,4986,true
knapsack_n125m20o1b5_1.txt,SOC Knapsack,20,RelaxGrouping,10000,false,max,828.000000,0.019023,na,0.006412,26581,41153,5173,true
knapsack_n125m20o1b5_2.txt,SOC Knapsack,15,RelaxGrouping,500,true,max,583.000000,0.002147,0.000881,0.003374,514,944,116,true
knapsack_n125m20o1b5_2.txt,SOC Knapsack,15,RelaxGrouping,1000,true,max,570.000000,0.002108,0.001026,0.003602,360,668,76,true
knapsack_n125m20o1b5_1.txt,SOC Knapsack,20,RelaxGrouping,20000,false,max,828.000000,0.019542,na,0.005685,26581,41153,5173,true
knapsack_n125m20o1b5_2.txt,SOC Knapsack,15,RelaxGrouping,5000,true,max,570.000000,0.002144,0.001051,0.004226,360,668,76,true
knapsack_n125m20o1b5_2.txt,SOC Knapsack,15,RelaxGrouping,2000,true,max,570.000000,0.002143,0.001024,0.003249,360,668,76,true
knapsack_n125m20o1b5_2.txt,SOC Knapsack,15,RelaxGrouping,500,false,max,583.000000,0.002084,na,0.005410,2416,4265,497,true
knapsack_n125m20o1b5_2.txt,SOC Knapsack,15,RelaxGrouping,10000,true,max,570.000000,0.002069,0.001056,0.004410,360,668,76,true
knapsack_n125m20o1b5_2.txt,SOC Knapsack,15,RelaxGrouping,20000,true,max,570.000000,0.002052,0.001042,0.004192,360,668,76,true
knapsack_n125m20o1b5_2.txt,SOC Knapsack,15,RelaxGrouping,1000,false,max,570.000000,0.002074,na,0.002377,3070,4930,787,true
knapsack_n125m20o1b5_2.txt,SOC Knapsack,15,RelaxGrouping,2000,false,max,570.000000,0.002025,na,0.003700,3070,4930,787,true
knapsack_n125m20o1b5_2.txt,SOC Knapsack,15,RelaxGrouping,10000,false,max,570.000000,0.002134,na,0.003670,3070,4930,787,true
knapsack_n125m20o1b5_2.txt,SOC Knapsack,15,RelaxGrouping,5000,false,max,570.000000,0.002144,na,0.005588,3070,4930,787,true
knapsack_n125m20o1b5_2.txt,SOC Knapsack,15,RelaxGrouping,20000,false,max,570.000000,0.002174,na,0.005880,3070,4930,787,true
knapsack_n125m20o1b5_3.txt,SOC Knapsack,19,RelaxGrouping,500,true,max,668.000000,0.004936,0.002052,0.003376,957,1800,208,true
knapsack_n125m20o1b5_3.txt,SOC Knapsack,19,RelaxGrouping,1000,true,max,668.000000,0.008922,0.004263,0.002481,1130,2124,243,true
knapsack_n125m20o1b5_3.txt,SOC Knapsack,19,RelaxGrouping,2000,true,max,626.000000,0.014637,0.007706,0.003696,1077,2020,209,true
knapsack_n125m20o1b5_3.txt,SOC Knapsack,19,RelaxGrouping,5000,true,max,614.000000,0.019527,0.011542,0.002065,1471,2749,277,true
knapsack_n125m20o1b5_3.txt,SOC Knapsack,19,RelaxGrouping,10000,true,max,614.000000,0.017697,0.011116,0.002984,1339,2514,248,true
knapsack_n125m20o1b5_3.txt,SOC Knapsack,19,RelaxGrouping,500,false,max,668.000000,0.004771,na,0.002684,4826,9115,499,true
knapsack_n125m20o1b5_3.txt,SOC Knapsack,19,RelaxGrouping,20000,true,max,614.000000,0.016347,0.009823,0.002166,1339,2514,248,true
knapsack_n125m20o1b5_3.txt,SOC Knapsack,19,RelaxGrouping,1000,false,max,668.000000,0.008456,na,0.002873,8446,15686,1000,true
knapsack_n125m20o1b5_3.txt,SOC Knapsack,19,RelaxGrouping,2000,false,max,626.000000,0.013854,na,0.003256,13802,24827,1994,true
knapsack_n125m20o1b5_3.txt,SOC Knapsack,19,RelaxGrouping,5000,false,max,614.000000,0.018000,na,0.003959,22343,35899,4992,true
knapsack_n125m20o1b5_3.txt,SOC Knapsack,19,RelaxGrouping,10000,false,max,614.000000,0.016315,na,0.003525,22729,36283,5114,true
knapsack_n125m20o1b5_3.txt,SOC Knapsack,19,RelaxGrouping,20000,false,max,614.000000,0.016285,na,0.003791,22729,36283,5114,true
knapsack_n125m20o1b5_4.txt,SOC Knapsack,36,RelaxGrouping,500,true,max,1568.000000,0.016622,0.006320,0.002568,4805,9305,390,true
knapsack_n125m20o1b5_4.txt,SOC Knapsack,36,RelaxGrouping,1000,true,max,1581.000000,0.030125,0.014485,0.002498,5807,11305,620,true
knapsack_n125m20o1b5_4.txt,SOC Knapsack,36,RelaxGrouping,10000,true,max,1581.000000,0.345906,0.244320,0.004137,13902,27456,2876,true
knapsack_n125m20o1b5_4.txt,SOC Knapsack,36,RelaxGrouping,500,false,max,1568.000000,0.015600,na,0.003327,13280,25894,500,true
knapsack_n125m20o1b5_4.txt,SOC Knapsack,36,RelaxGrouping,1000,false,max,1581.000000,0.030508,na,0.004887,25464,50059,1000,true
knapsack_n125m20o1b5_4.txt,SOC Knapsack,36,RelaxGrouping,20000,true,max,1578.000000,0.810624,0.645883,0.005475,19449,38478,4244,true
knapsack_n125m20o1b5_4.txt,SOC Knapsack,36,RelaxGrouping,10000,false,max,1581.000000,0.380800,na,0.072775,221096,438064,10000,true
knapsack_n125m20o1b5_4.txt,SOC Knapsack,36,RelaxGrouping,20000,false,max,1578.000000,0.811104,na,0.154142,422953,837732,19999,true
knapsack_n125m20o3b5_0.txt,SOC Knapsack,29,RelaxGrouping,500,true,max,1143.000000,0.011331,0.004321,0.002446,3069,5822,401,true
knapsack_n125m20o3b5_0.txt,SOC Knapsack,29,RelaxGrouping,1000,true,max,1152.000000,0.020610,0.009308,0.002651,3604,6875,625,true
knapsack_n125m20o3b5_0.txt,SOC Knapsack,29,RelaxGrouping,2000,true,max,1152.000000,0.043719,0.029579,0.002995,4913,9472,1076,true
knapsack_n125m20o3b5_0.txt,SOC Knapsack,29,RelaxGrouping,5000,true,max,1116.000000,0.106151,0.080707,0.003340,7039,13577,1681,true
knapsack_n125m20o3b5_0.txt,SOC Knapsack,29,RelaxGrouping,10000,true,max,1113.000000,0.222642,0.151889,0.003073,8788,17120,2127,true
knapsack_n125m20o3b5_0.txt,SOC Knapsack,29,RelaxGrouping,20000,true,max,1087.000000,0.516945,0.434169,0.004296,10190,20007,2410,true
knapsack_n125m20o3b5_0.txt,SOC Knapsack,29,RelaxGrouping,500,false,max,1143.000000,0.011053,na,0.002835,9794,18880,500,true
knapsack_n125m20o3b5_0.txt,SOC Knapsack,29,RelaxGrouping,1000,false,max,1152.000000,0.021480,na,0.004367,18408,35757,1000,true
knapsack_n125m20o3b5_0.txt,SOC Knapsack,29,RelaxGrouping,2000,false,max,1152.000000,0.042501,na,0.006293,34747,67611,2000,true
knapsack_n125m20o3b5_0.txt,SOC Knapsack,29,RelaxGrouping,5000,false,max,1116.000000,0.102941,na,0.018225,78848,152848,4992,true
knapsack_n125m20o3b5_0.txt,SOC Knapsack,29,RelaxGrouping,10000,false,max,1113.000000,0.265412,na,0.042014,147570,284980,9993,true
knapsack_n125m20o3b5_0.txt,SOC Knapsack,29,RelaxGrouping,20000,false,max,1087.000000,0.531562,na,0.091717,263073,504095,19968,true
knapsack_n125m20o3b5_1.txt,SOC Knapsack,20,RelaxGrouping,500,true,max,910.000000,0.004819,0.002012,0.002093,1280,2372,296,true
knapsack_n125m20o3b5_1.txt,SOC Knapsack,20,RelaxGrouping,1000,true,max,912.000000,0.008140,0.003479,0.001993,1546,2902,333,true
knapsack_n125m20o3b5_1.txt,SOC Knapsack,20,RelaxGrouping,2000,true,max,889.000000,0.013726,0.007624,0.001985,1724,3214,355,true
knapsack_n125m20o3b5_1.txt,SOC Knapsack,20,RelaxGrouping,5000,true,max,828.000000,0.014939,0.009424,0.002405,1784,3310,353,true
knapsack_n125m20o3b5_1.txt,SOC Knapsack,20,RelaxGrouping,10000,true,max,828.000000,0.014548,0.008728,0.002486,1784,3310,353,true
knapsack_n125m20o3b5_1.txt,SOC Knapsack,20,RelaxGrouping,20000,true,max,828.000000,0.014214,0.008340,0.002080,1784,3310,353,true
knapsack_n125m20o3b5_1.txt,SOC Knapsack,20,RelaxGrouping,500,false,max,910.000000,0.004770,na,0.002971,4771,8738,497,true
knapsack_n125m20o3b5_1.txt,SOC Knapsack,20,RelaxGrouping,1000,false,max,912.000000,0.007891,na,0.002710,8338,14741,995,true
knapsack_n125m20o3b5_1.txt,SOC Knapsack,20,RelaxGrouping,2000,false,max,889.000000,0.013673,na,0.003743,14160,23835,1999,true
knapsack_n125m20o3b5_1.txt,SOC Knapsack,20,RelaxGrouping,5000,false,max,828.000000,0.014971,na,0.004332,19983,30588,3507,true
knapsack_n125m20o3b5_1.txt,SOC Knapsack,20,RelaxGrouping,10000,false,max,828.000000,0.014915,na,0.004181,19983,30588,3507,true
knapsack_n125m20o3b5_1.txt,SOC Knapsack,20,RelaxGrouping,20000,false,max,828.000000,0.014575,na,0.004959,19983,30588,3507,true
knapsack_n125m20o3b5_2.txt,SOC Knapsack,15,RelaxGrouping,500,true,max,570.000000,0.001645,0.000740,0.002103,334,598,61,true
knapsack_n125m20o3b5_2.txt,SOC Knapsack,15,RelaxGrouping,1000,true,max,542.000000,0.001464,0.000785,0.002091,315,570,59,true
knapsack_n125m20o3b5_2.txt,SOC Knapsack,15,RelaxGrouping,2000,true,max,542.000000,0.001462,0.000695,0.001833,315,570,59,true
knapsack_n125m20o3b5_2.txt,SOC Knapsack,15,RelaxGrouping,5000,true,max,542.000000,0.001527,0.000761,0.001982,315,570,59,true
knapsack_n125m20o3b5_2.txt,SOC Knapsack,15,RelaxGrouping,10000,true,max,542.000000,0.001532,0.000776,0.002130,315,570,59,true
knapsack_n125m20o3b5_2.txt,SOC Knapsack,15,RelaxGrouping,20000,true,max,542.000000,0.001490,0.000812,0.002475,315,570,59,true
knapsack_n125m20o3b5_2.txt,SOC Knapsack,15,RelaxGrouping,500,false,max,570.000000,0.001630,na,0.002225,2074,3350,500,true
knapsack_n125m20o3b5_2.txt,SOC Knapsack,15,RelaxGrouping,1000,false,max,542.000000,0.001483,na,0.001984,2113,3384,518,true
knapsack_n125m20o3b5_2.txt,SOC Knapsack,15,RelaxGrouping,2000,false,max,542.000000,0.001464,na,0.002210,2113,3384,518,true
knapsack_n125m20o3b5_2.txt,SOC Knapsack,15,RelaxGrouping,5000,false,max,542.000000,0.001502,na,0.001736,2113,3384,518,true
knapsack_n125m20o3b5_2.txt,SOC Knapsack,15,RelaxGrouping,10000,false,max,542.000000,0.001474,na,0.002303,2113,3384,518,true
knapsack_n125m20o3b5_2.txt,SOC Knapsack,15,RelaxGrouping,20000,false,max,542.000000,0.001473,na,0.002062,2113,3384,518,true
knapsack_n125m20o3b5_3.txt,SOC Knapsack,19,RelaxGrouping,500,true,max,672.000000,0.004697,0.001901,0.002108,977,1818,208,true
knapsack_n125m20o3b5_3.txt,SOC Knapsack,19,RelaxGrouping,1000,true,max,644.000000,0.007925,0.003615,0.002076,827,1581,158,true
knapsack_n125m20o3b5_3.txt,SOC Knapsack,19,RelaxGrouping,2000,true,max,620.000000,0.012415,0.005773,0.001906,1181,2178,220,true
knapsack_n125m20o3b5_3.txt,SOC Knapsack,19,RelaxGrouping,5000,true,max,613.000000,0.012133,0.007222,0.001874,1234,2281,228,true
knapsack_n125m20o3b5_3.txt,SOC Knapsack,19,RelaxGrouping,10000,true,max,613.000000,0.012070,0.007298,0.002371,1234,2281,228,true
knapsack_n125m20o3b5_3.txt,SOC Knapsack,19,RelaxGrouping,20000,true,max,613.000000,0.012103,0.006893,0.001942,1234,2281,228,true
knapsack_n125m20o3b5_3.txt,SOC Knapsack,19,RelaxGrouping,500,false,max,672.000000,0.004709,na,0.002569,4698,8734,499,true
knapsack_n125m20o3b5_3.txt,SOC Knapsack,19,RelaxGrouping,1000,false,max,644.000000,0.008233,na,0.003519,7893,14295,991,true
knapsack_n125m20o3b5_3.txt,SOC Knapsack,19,RelaxGrouping,2000,false,max,620.000000,0.012761,na,0.003376,12327,21592,1995,true
knapsack_n125m20o3b5_3.txt,SOC Knapsack,19,RelaxGrouping,5000,false,max,613.000000,0.012960,na,0.003356,16420,26025,3554,true
knapsack_n125m20o3b5_3.txt,SOC Knapsack,19,RelaxGrouping,10000,false,max,613.000000,0.012060,na,0.002979,16420,26025,3554,true
knapsack_n125m20o3b5_3.txt,SOC Knapsack,19,RelaxGrouping,20000,false,max,613.000000,0.012021,na,0.003077,16420,26025,3554,true
knapsack_n125m20o3b5_4.txt,SOC Knapsack,36,RelaxGrouping,500,true,max,1596.000000,0.016794,0.005776,0.002282,5044,9776,432,true
knapsack_n125m20o3b5_4.txt,SOC Knapsack,36,RelaxGrouping,1000,true,max,1608.000000,0.029696,0.012867,0.002513,6603,12814,794,true
knapsack_n125m20o3b5_4.txt,SOC Knapsack,36,RelaxGrouping,2000,true,max,1615.000000,0.060081,0.037823,0.004394,8545,16667,1357,true
knapsack_n125m20o3b5_4.txt,SOC Knapsack,36,RelaxGrouping,5000,true,max,1627.000000,0.162174,0.111882,0.003981,11492,22545,2337,true
knapsack_n125m20o3b5_4.txt,SOC Knapsack,36,RelaxGrouping,500,false,max,1596.000000,0.017373,na,0.004328,13285,25953,500,true
knapsack_n125m20o3b5_4.txt,SOC Knapsack,36,RelaxGrouping,1000,false,max,1608.000000,0.031914,na,0.007491,25633,50331,1000,true
knapsack_n125m20o3b5_4.txt,SOC Knapsack,36,RelaxGrouping,2000,false,max,1615.000000,0.062113,na,0.013334,49309,97215,2000,true
knapsack_n125m20o3b5_4.txt,SOC Knapsack,36,RelaxGrouping,5000,false,max,1627.000000,0.198052,na,0.030958,115923,229111,5000,true
knapsack_n125m20o5b5_0.txt,SOC Knapsack,29,RelaxGrouping,500,true,max,1142.000000,0.011217,0.004954,0.002107,3066,5784,441,true
knapsack_n125m20o5b5_0.txt,SOC Knapsack,29,RelaxGrouping,1000,true,max,1142.000000,0.021909,0.011346,0.006478,3855,7339,769,true
knapsack_n125m20o5b5_0.txt,SOC Knapsack,29,RelaxGrouping,2000,true,max,1142.000000,0.044232,0.028820,0.006843,4663,8991,1059,true
knapsack_n125m20o5b5_0.txt,SOC Knapsack,29,RelaxGrouping,5000,true,max,1113.000000,0.110605,0.084385,0.005373,5761,11141,1218,true
knapsack_n125m20o5b5_0.txt,SOC Knapsack,29,RelaxGrouping,10000,true,max,1090.000000,0.264818,0.205504,0.003692,6951,13565,1352,true
knapsack_n125m20o5b5_0.txt,SOC Knapsack,29,RelaxGrouping,20000,true,max,1051.000000,0.600970,0.502716,0.004491,9864,19524,1931,true
knapsack_n125m20o5b5_0.txt,SOC Knapsack,29,RelaxGrouping,500,false,max,1142.000000,0.011209,na,0.003848,9616,18504,500,true
knapsack_n125m20o5b5_0.txt,SOC Knapsack,29,RelaxGrouping,1000,false,max,1142.000000,0.021217,na,0.005299,18115,35174,1000,true
knapsack_n125m20o5b5_0.txt,SOC Knapsack,29,RelaxGrouping,2000,false,max,1142.000000,0.042283,na,0.007386,34166,66617,1999,true
knapsack_n125m20o5b5_0.txt,SOC Knapsack,29,RelaxGrouping,5000,false,max,1113.000000,0.106634,na,0.020882,76713,148482,4994,true
knapsack_n125m20o5b5_0.txt,SOC Knapsack,29,RelaxGrouping,10000,false,max,1090.000000,0.274671,na,0.048543,143802,275204,9996,true
knapsack_n125m20o5b5_0.txt,SOC Knapsack,29,RelaxGrouping,20000,false,max,1051.000000,0.558705,na,0.092543,256075,486031,19959,true
knapsack_n125m20o5b5_1.txt,SOC Knapsack,20,RelaxGrouping,500,true,max,912.000000,0.004630,0.002141,0.002628,1181,2182,268,true
knapsack_n125m20o5b5_1.txt,SOC Knapsack,20,RelaxGrouping,1000,true,max,912.000000,0.007707,0.003376,0.001998,1369,2549,313,true
knapsack_n125m20o5b5_1.txt,SOC Knapsack,20,RelaxGrouping,2000,true,max,849.000000,0.010187,0.005540,0.002864,1265,2412,251,true
knapsack_n125m20o5b5_1.txt,SOC Knapsack,20,RelaxGrouping,5000,true,max,828.000000,0.011482,0.006933,0.002760,1574,2907,336,true
knapsack_n125m20o5b5_1.txt,SOC Knapsack,20,RelaxGrouping,10000,true,max,828.000000,0.011119,0.006549,0.002717,1574,2907,336,true
knapsack_n125m20o5b5_1.txt,SOC Knapsack,20,RelaxGrouping,20000,true,max,828.000000,0.011380,0.006505,0.002137,1574,2907,336,true
knapsack_n125m20o5b5_1.txt,SOC Knapsack,20,RelaxGrouping,500,false,max,912.000000,0.004563,na,0.002295,4492,8209,500,true
knapsack_n125m20o5b5_1.txt,SOC Knapsack,20,RelaxGrouping,1000,false,max,912.000000,0.007809,na,0.002424,7880,13970,997,true
knapsack_n125m20o5b5_1.txt,SOC Knapsack,20,RelaxGrouping,2000,false,max,849.000000,0.010398,na,0.003178,11848,19194,1970,true
knapsack_n125m20o5b5_1.txt,SOC Knapsack,20,RelaxGrouping,5000,false,max,828.000000,0.011237,na,0.003493,15551,23673,3050,true
knapsack_n125m20o5b5_1.txt,SOC Knapsack,20,RelaxGrouping,10000,false,max,828.000000,0.011563,na,0.004204,15551,23673,3050,true
knapsack_n125m20o5b5_1.txt,SOC Knapsack,20,RelaxGrouping,20000,false,max,828.000000,0.011945,na,0.003650,15551,23673,3050,true
knapsack_n125m20o5b5_2.txt,SOC Knapsack,15,RelaxGrouping,500,true,max,542.000000,0.001087,0.000505,0.002174,256,468,46,true
knapsack_n125m20o5b5_2.txt,SOC Knapsack,15,RelaxGrouping,1000,true,max,542.000000,0.001095,0.000558,0.001885,256,468,46,true
knapsack_n125m20o5b5_2.txt,SOC Knapsack,15,RelaxGrouping,2000,true,max,542.000000,0.001098,0.000541,0.002599,256,468,46,true
knapsack_n125m20o5b5_2.txt,SOC Knapsack,15,RelaxGrouping,5000,true,max,542.000000,0.001089,0.000523,0.002052,256,468,46,true
knapsack_n125m20o5b5_2.txt,SOC Knapsack,15,RelaxGrouping,10000,true,max,542.000000,0.001121,0.000551,0.002789,256,468,46,true
knapsack_n125m20o5b5_2.txt,SOC Knapsack,15,RelaxGrouping,20000,true,max,542.000000,0.001085,0.000556,0.002270,256,468,46,true
knapsack_n125m20o5b5_2.txt,SOC Knapsack,15,RelaxGrouping,500,false,max,542.000000,0.001088,na,0.003290,1559,2474,371,true
knapsack_n125m20o5b5_2.txt,SOC Knapsack,15,RelaxGrouping,1000,false,max,542.000000,0.001141,na,0.002746,1559,2474,371,true
knapsack_n125m20o5b5_2.txt,SOC Knapsack,15,RelaxGrouping,2000,false,max,542.000000,0.001120,na,0.002591,1559,2474,371,true
knapsack_n125m20o5b5_2.txt,SOC Knapsack,15,RelaxGrouping,5000,false,max,542.000000,0.001112,na,0.002172,1559,2474,371,true
knapsack_n125m20o5b5_2.txt,SOC Knapsack,15,RelaxGrouping,10000,false,max,542.000000,0.001100,na,0.001862,1559,2474,371,true
knapsack_n125m20o5b5_2.txt,SOC Knapsack,15,RelaxGrouping,20000,false,max,542.000000,0.001055,na,0.002619,1559,2474,371,true
knapsack_n125m20o5b5_3.txt,SOC Knapsack,19,RelaxGrouping,500,true,max,631.000000,0.004376,0.001868,0.002205,856,1552,172,true
knapsack_n125m20o5b5_3.txt,SOC Knapsack,19,RelaxGrouping,1000,true,max,626.000000,0.007382,0.003663,0.002848,926,1736,167,true
knapsack_n125m20o5b5_3.txt,SOC Knapsack,19,RelaxGrouping,2000,true,max,615.000000,0.009820,0.005233,0.002082,1203,2192,222,true
knapsack_n125m20o5b5_3.txt,SOC Knapsack,19,RelaxGrouping,5000,true,max,615.000000,0.009579,0.006298,0.002803,1069,1961,189,true
knapsack_n125m20o5b5_3.txt,SOC Knapsack,19,RelaxGrouping,10000,true,max,615.000000,0.009492,0.005736,0.001940,1069,1961,189,true
knapsack_n125m20o5b5_3.txt,SOC Knapsack,19,RelaxGrouping,20000,true,max,615.000000,0.009505,0.005310,0.001889,1069,1961,189,true
knapsack_n125m20o5b5_3.txt,SOC Knapsack,19,RelaxGrouping,500,false,max,631.000000,0.004549,na,0.005915,4335,8045,500,true
knapsack_n125m20o5b5_3.txt,SOC Knapsack,19,RelaxGrouping,1000,false,max,626.000000,0.007348,na,0.002919,7309,12996,989,true
knapsack_n125m20o5b5_3.txt,SOC Knapsack,19,RelaxGrouping,2000,false,max,615.000000,0.010168,na,0.002840,11550,18874,1987,true
knapsack_n125m20o5b5_3.txt,SOC Knapsack,19,RelaxGrouping,5000,false,max,615.000000,0.009680,na,0.003827,12824,20141,2595,true
knapsack_n125m20o5b5_3.txt,SOC Knapsack,19,RelaxGrouping,10000,false,max,615.000000,0.009669,na,0.004512,12824,20141,2595,true
knapsack_n125m20o5b5_3.txt,SOC Knapsack,19,RelaxGrouping,20000,false,max,615.000000,0.009218,na,0.003251,12824,20141,2595,true
knapsack_n125m20o5b5_4.txt,SOC Knapsack,36,RelaxGrouping,500,true,max,1591.000000,0.017171,0.007350,0.003076,5063,9789,446,true
knapsack_n125m20o5b5_4.txt,SOC Knapsack,36,RelaxGrouping,1000,true,max,1608.000000,0.031529,0.017104,0.003754,6727,13004,844,true
knapsack_n125m20o5b5_4.txt,SOC Knapsack,36,RelaxGrouping,2000,true,max,1620.000000,0.060335,0.040537,0.004237,8459,16439,1409,true
knapsack_n125m20o5b5_4.txt,SOC Knapsack,36,RelaxGrouping,10000,true,max,1666.000000,0.359742,0.285494,0.005440,16445,32292,3307,true
knapsack_n125m20o5b5_4.txt,SOC Knapsack,36,RelaxGrouping,20000,true,max,1620.000000,0.972005,0.719457,0.008060,22018,43348,4945,true
knapsack_n125m20o5b5_4.txt,SOC Knapsack,36,RelaxGrouping,500,false,max,1591.000000,0.017051,na,0.004126,13226,25815,500,true
knapsack_n125m20o5b5_4.txt,SOC Knapsack,36,RelaxGrouping,1000,false,max,1608.000000,0.031649,na,0.007134,25470,49952,1000,true
knapsack_n125m20o5b5_4.txt,SOC Knapsack,36,RelaxGrouping,2000,false,max,1620.000000,0.063034,na,0.011831,48534,95635,2000,true
knapsack_n125m20o5b5_4.txt,SOC Knapsack,36,RelaxGrouping,10000,false,max,1666.000000,0.441143,na,0.073692,219554,431832,9998,true
knapsack_n125m20o5b5_4.txt,SOC Knapsack,36,RelaxGrouping,20000,false,max,1620.000000,0.960489,na,0.156995,409426,804918,19999,true
knapsack_n150m10o1b5_0.txt,SOC Knapsack,18,RelaxGrouping,500,true,max,770.000000,0.003992,0.001797,0.001779,905,1627,185,true
knapsack_n150m10o1b5_0.txt,SOC Knapsack,18,RelaxGrouping,1000,true,max,743.000000,0.005733,0.002646,0.002554,877,1594,169,true
knapsack_n150m10o1b5_0.txt,SOC Knapsack,18,RelaxGrouping,2000,true,max,723.000000,0.006315,0.003478,0.002253,951,1714,181,true
knapsack_n150m10o1b5_0.txt,SOC Knapsack,18,RelaxGrouping,5000,true,max,723.000000,0.006347,0.003583,0.003125,951,1714,181,true
knapsack_n150m10o1b5_0.txt,SOC Knapsack,18,RelaxGrouping,10000,true,max,723.000000,0.006301,0.003390,0.002060,951,1714,181,true
knapsack_n150m10o1b5_0.txt,SOC Knapsack,18,RelaxGrouping,500,false,max,770.000000,0.003939,na,0.002248,4019,7437,500,true
knapsack_n150m10o1b5_0.txt,SOC Knapsack,18,RelaxGrouping,20000,true,max,723.000000,0.006289,0.003666,0.001970,951,1714,181,true
knapsack_n150m10o1b5_0.txt,SOC Knapsack,18,RelaxGrouping,1000,false,max,743.000000,0.005620,na,0.002806,6373,11346,997,true
knapsack_n150m10o1b5_0.txt,SOC Knapsack,18,RelaxGrouping,2000,false,max,723.000000,0.006359,na,0.002669,8456,13908,1664,true
knapsack_n150m10o1b5_0.txt,SOC Knapsack,18,RelaxGrouping,5000,false,max,723.000000,0.006352,na,0.004164,8456,13908,1664,true
knapsack_n150m10o1b5_0.txt,SOC Knapsack,18,RelaxGrouping,10000,false,max,723.000000,0.006275,na,0.002633,8456,13908,1664,true
knapsack_n150m10o1b5_0.txt,SOC Knapsack,18,RelaxGrouping,20000,false,max,723.000000,0.006471,na,0.002778,8456,13908,1664,true
knapsack_n150m10o1b5_1.txt,SOC Knapsack,30,RelaxGrouping,500,true,max,1279.000000,0.013145,0.005683,0.002731,4447,8624,439,true
knapsack_n150m10o1b5_1.txt,SOC Knapsack,30,RelaxGrouping,1000,true,max,1310.000000,0.024197,0.012961,0.003132,5438,10613,783,true
knapsack_n150m10o1b5_1.txt,SOC Knapsack,30,RelaxGrouping,2000,true,max,1283.000000,0.047287,0.030403,0.003728,7402,14542,1361,true
knapsack_n150m10o1b5_1.txt,SOC Knapsack,30,RelaxGrouping,5000,true,max,1320.000000,0.127430,0.085735,0.004570,10314,20326,2260,true
knapsack_n150m10o1b5_1.txt,SOC Knapsack,30,RelaxGrouping,10000,true,max,1306.000000,0.293646,0.207038,0.005256,13936,27583,3293,true
knapsack_n150m10o1b5_1.txt,SOC Knapsack,30,RelaxGrouping,500,false,max,1279.000000,0.013087,na,0.003953,10265,19880,500,true
knapsack_n150m10o1b5_1.txt,SOC Knapsack,30,RelaxGrouping,1000,false,max,1310.000000,0.023329,na,0.004612,19605,38222,1000,true
knapsack_n150m10o1b5_1.txt,SOC Knapsack,30,RelaxGrouping,20000,true,max,1346.000000,0.672512,0.530939,0.005322,18563,36773,4476,true
knapsack_n150m10o1b5_1.txt,SOC Knapsack,30,RelaxGrouping,2000,false,max,1283.000000,0.047446,na,0.010618,37274,72979,2000,true
knapsack_n150m10o1b5_1.txt,SOC Knapsack,30,RelaxGrouping,5000,false,max,1320.000000,0.125354,na,0.022085,85734,168089,5000,true
knapsack_n150m10o1b5_1.txt,SOC Knapsack,30,RelaxGrouping,10000,false,max,1306.000000,0.311450,na,0.049590,160995,315578,10000,true
knapsack_n150m10o1b5_1.txt,SOC Knapsack,30,RelaxGrouping,20000,false,max,1346.000000,0.681974,na,0.106615,299211,585555,19992,true
knapsack_n150m10o1b5_2.txt,SOC Knapsack,26,RelaxGrouping,500,true,max,1038.000000,0.009754,0.003603,0.002391,3003,5744,377,true
knapsack_n150m10o1b5_2.txt,SOC Knapsack,26,RelaxGrouping,1000,true,max,1050.000000,0.017737,0.007836,0.002547,3648,7046,635,true
knapsack_n150m10o1b5_2.txt,SOC Knapsack,26,RelaxGrouping,2000,true,max,1042.000000,0.036961,0.023512,0.003247,4631,9003,954,true
knapsack_n150m10o1b5_2.txt,SOC Knapsack,26,RelaxGrouping,5000,true,max,1062.000000,0.099149,0.067199,0.003287,6333,12392,1318,true
knapsack_n150m10o1b5_2.txt,SOC Knapsack,26,RelaxGrouping,10000,true,max,1073.000000,0.242437,0.159560,0.003751,8690,17044,1903,true
knapsack_n150m10o1b5_2.txt,SOC Knapsack,26,RelaxGrouping,500,false,max,1038.000000,0.010077,na,0.003844,8318,15995,500,true
knapsack_n150m10o1b5_2.txt,SOC Knapsack,26,RelaxGrouping,1000,false,max,1050.000000,0.018671,na,0.005348,15581,30275,1000,true
knapsack_n150m10o1b5_2.txt,SOC Knapsack,26,RelaxGrouping,20000,true,max,1058.000000,0.505847,0.414042,0.005092,10929,21496,2370,true
knapsack_n150m10o1b5_2.txt,SOC Knapsack,26,RelaxGrouping,2000,false,max,1042.000000,0.036819,na,0.007004,28932,56462,1999,true
knapsack_n150m10o1b5_2.txt,SOC Knapsack,26,RelaxGrouping,5000,false,max,1062.000000,0.094821,na,0.014285,65370,127807,4998,true
knapsack_n150m10o1b5_2.txt,SOC Knapsack,26,RelaxGrouping,10000,false,max,1073.000000,0.190657,na,0.035855,119402,232719,10000,true
knapsack_n150m10o1b5_3.txt,SOC Knapsack,18,RelaxGrouping,500,true,max,600.000000,0.003475,0.001546,0.001929,889,1647,174,true
knapsack_n150m10o1b5_2.txt,SOC Knapsack,26,RelaxGrouping,20000,false,max,1058.000000,0.518747,na,0.079415,214612,414397,19912,true
knapsack_n150m10o1b5_3.txt,SOC Knapsack,18,RelaxGrouping,1000,true,max,588.000000,0.005142,0.002687,0.002037,943,1722,174,true
knapsack_n150m10o1b5_3.txt,SOC Knapsack,18,RelaxGrouping,2000,true,max,558.000000,0.005556,0.002992,0.002712,888,1632,156,true
knapsack_n150m10o1b5_3.txt,SOC Knapsack,18,RelaxGrouping,5000,true,max,558.000000,0.005559,0.002965,0.002876,888,1632,156,true
knapsack_n150m10o1b5_3.txt,SOC Knapsack,18,RelaxGrouping,10000,true,max,558.000000,0.005437,0.002980,0.002081,888,1632,156,true
knapsack_n150m10o1b5_3.txt,SOC Knapsack,18,RelaxGrouping,500,false,max,600.000000,0.003437,na,0.003346,3689,6576,500,true
knapsack_n150m10o1b5_3.txt,SOC Knapsack,18,RelaxGrouping,20000,true,max,558.000000,0.005467,0.002975,0.002550,888,1632,156,true
knapsack_n150m10o1b5_3.txt,SOC Knapsack,18,RelaxGrouping,1000,false,max,588.000000,0.005219,na,0.002606,5873,9780,993,true
knapsack_n150m10o1b5_3.txt,SOC Knapsack,18,RelaxGrouping,2000,false,max,558.000000,0.005648,na,0.002715,7696,11756,1627,true
knapsack_n150m10o1b5_3.txt,SOC Knapsack,18,RelaxGrouping,5000,false,max,558.000000,0.005662,na,0.003819,7696,11756,1627,true
knapsack_n150m10o1b5_3.txt,SOC Knapsack,18,RelaxGrouping,10000,false,max,558.000000,0.005402,na,0.002187,7696,11756,1627,true
knapsack_n150m10o1b5_3.txt,SOC Knapsack,18,RelaxGrouping,20000,false,max,558.000000,0.005658,na,0.002570,7696,11756,1627,true
knapsack_n150m10o1b5_4.txt,SOC Knapsack,24,RelaxGrouping,500,true,max,1129.000000,0.008029,0.003890,0.001775,1435,2721,265,true
knapsack_n150m10o1b5_4.txt,SOC Knapsack,24,RelaxGrouping,1000,true,max,1130.000000,0.012175,0.005542,0.002624,1669,3161,334,true
knapsack_n150m10o1b5_4.txt,SOC Knapsack,24,RelaxGrouping,2000,true,max,1123.000000,0.026180,0.016495,0.002666,2002,3827,385,true
knapsack_n150m10o1b5_4.txt,SOC Knapsack,24,RelaxGrouping,5000,true,max,1097.000000,0.064705,0.043153,0.002001,2801,5394,563,true
knapsack_n150m10o1b5_4.txt,SOC Knapsack,24,RelaxGrouping,10000,true,max,1081.000000,0.110318,0.088070,0.002533,3298,6365,613,true
knapsack_n150m10o1b5_4.txt,SOC Knapsack,24,RelaxGrouping,500,false,max,1129.000000,0.007393,na,0.002664,6855,13294,500,true
knapsack_n150m10o1b5_4.txt,SOC Knapsack,24,RelaxGrouping,20000,true,max,1052.000000,0.161639,0.135897,0.002595,4216,7990,795,true
knapsack_n150m10o1b5_4.txt,SOC Knapsack,24,RelaxGrouping,1000,false,max,1130.000000,0.012787,na,0.003876,12501,23919,995,true
knapsack_n150m10o1b5_4.txt,SOC Knapsack,24,RelaxGrouping,2000,false,max,1123.000000,0.025212,na,0.004971,22058,42159,1989,true
knapsack_n150m10o1b5_4.txt,SOC Knapsack,24,RelaxGrouping,5000,false,max,1097.000000,0.063322,na,0.009960,46751,88187,4992,true
knapsack_n150m10o1b5_4.txt,SOC Knapsack,24,RelaxGrouping,10000,false,max,1081.000000,0.111068,na,0.022558,78300,141632,9900,true
knapsack_n150m10o3b5_0.txt,SOC Knapsack,18,RelaxGrouping,500,true,max,759.000000,0.003815,0.001570,0.002335,819,1486,170,true
knapsack_n150m10o1b5_4.txt,SOC Knapsack,24,RelaxGrouping,20000,false,max,1052.000000,0.148736,na,0.036527,119108,200688,19585,true
knapsack_n150m10o3b5_0.txt,SOC Knapsack,18,RelaxGrouping,1000,true,max,748.000000,0.005418,0.002321,0.001716,889,1601,172,true
knapsack_n150m10o3b5_0.txt,SOC Knapsack,18,RelaxGrouping,2000,true,max,712.000000,0.005172,0.002709,0.002312,921,1659,178,true
knapsack_n150m10o3b5_0.txt,SOC Knapsack,18,RelaxGrouping,5000,true,max,712.000000,0.005152,0.002691,0.003833,921,1659,178,true
knapsack_n150m10o3b5_0.txt,SOC Knapsack,18,RelaxGrouping,10000,true,max,712.000000,0.005175,0.002860,0.001850,921,1659,178,true
knapsack_n150m10o3b5_0.txt,SOC Knapsack,18,RelaxGrouping,500,false,max,759.000000,0.003871,na,0.005092,3703,6816,499,true
knapsack_n150m10o3b5_0.txt,SOC Knapsack,18,RelaxGrouping,20000,true,max,712.000000,0.005290,0.002825,0.002517,921,1659,178,true
knapsack_n150m10o3b5_0.txt,SOC Knapsack,18,RelaxGrouping,1000,false,max,748.000000,0.005340,na,0.002446,5716,9775,1000,true
knapsack_n150m10o3b5_0.txt,SOC Knapsack,18,RelaxGrouping,2000,false,max,712.000000,0.005187,na,0.002622,7009,11290,1582,true
knapsack_n150m10o3b5_0.txt,SOC Knapsack,18,RelaxGrouping,5000,false,max,712.000000,0.005181,na,0.004392,7009,11290,1582,true
knapsack_n150m10o3b5_0.txt,SOC Knapsack,18,RelaxGrouping,10000,false,max,712.000000,0.005185,na,0.002229,7009,11290,1582,true
knapsack_n150m10o3b5_0.txt,SOC Knapsack,18,RelaxGrouping,20000,false,max,712.000000,0.005129,na,0.002183,7009,11290,1582,true
knapsack_n150m10o3b5_1.txt,SOC Knapsack,30,RelaxGrouping,500,true,max,1376.000000,0.013818,0.004680,0.002288,4834,9371,471,true
knapsack_n150m10o3b5_1.txt,SOC Knapsack,30,RelaxGrouping,1000,true,max,1342.000000,0.024635,0.013929,0.003316,6284,12212,823,true
knapsack_n150m10o3b5_1.txt,SOC Knapsack,30,RelaxGrouping,2000,true,max,1334.000000,0.049999,0.031297,0.004758,8330,16309,1556,true
knapsack_n150m10o3b5_1.txt,SOC Knapsack,30,RelaxGrouping,5000,true,max,1362.000000,0.144312,0.098996,0.004232,11421,22439,2692,true
knapsack_n150m10o3b5_1.txt,SOC Knapsack,30,RelaxGrouping,10000,true,max,1367.000000,0.316288,0.218019,0.005245,15297,30176,3790,true
knapsack_n150m10o3b5_1.txt,SOC Knapsack,30,RelaxGrouping,500,false,max,1376.000000,0.014309,na,0.003560,10417,20119,500,true
knapsack_n150m10o3b5_1.txt,SOC Knapsack,30,RelaxGrouping,1000,false,max,1342.000000,0.024851,na,0.004696,19898,38567,1000,true
knapsack_n150m10o3b5_1.txt,SOC Knapsack,30,RelaxGrouping,20000,true,max,1349.000000,0.754901,0.645474,0.008724,20260,40085,4969,true
knapsack_n150m10o3b5_1.txt,SOC Knapsack,30,RelaxGrouping,2000,false,max,1334.000000,0.048370,na,0.008322,37730,73518,2000,true
knapsack_n150m10o3b5_1.txt,SOC Knapsack,30,RelaxGrouping,5000,false,max,1362.000000,0.121564,na,0.020884,86863,169489,5000,true
knapsack_n150m10o3b5_1.txt,SOC Knapsack,30,RelaxGrouping,10000,false,max,1367.000000,0.289462,na,0.055112,162767,317395,9996,true
knapsack_n150m10o3b5_1.txt,SOC Knapsack,30,RelaxGrouping,20000,false,max,1349.000000,0.704795,na,0.122710,305829,593960,19999,true
knapsack_n150m10o3b5_2.txt,SOC Knapsack,26,RelaxGrouping,500,true,max,1084.000000,0.009990,0.003757,0.002502,3303,6263,437,true
knapsack_n150m10o3b5_2.txt,SOC Knapsack,26,RelaxGrouping,1000,true,max,1071.000000,0.018084,0.008391,0.002188,4153,7971,725,true
knapsack_n150m10o3b5_2.txt,SOC Knapsack,26,RelaxGrouping,2000,true,max,1079.000000,0.036752,0.021753,0.003002,5162,9973,1095,true
knapsack_n150m10o3b5_2.txt,SOC Knapsack,26,RelaxGrouping,5000,true,max,1084.000000,0.093633,0.067176,0.002958,7492,14620,1774,true
knapsack_n150m10o3b5_2.txt,SOC Knapsack,26,RelaxGrouping,10000,true,max,1073.000000,0.223549,0.161376,0.003557,8731,17099,2010,true
knapsack_n150m10o3b5_2.txt,SOC Knapsack,26,RelaxGrouping,500,false,max,1084.000000,0.009957,na,0.003457,8259,15802,500,true
knapsack_n150m10o3b5_2.txt,SOC Knapsack,26,RelaxGrouping,1000,false,max,1071.000000,0.018241,na,0.004610,15365,29739,1000,true
knapsack_n150m10o3b5_2.txt,SOC Knapsack,26,RelaxGrouping,20000,true,max,1058.000000,0.492634,0.408820,0.003624,10437,20489,2487,true
knapsack_n150m10o3b5_2.txt,SOC Knapsack,26,RelaxGrouping,2000,false,max,1079.000000,0.035545,na,0.006415,28462,55314,2000,true
knapsack_n150m10o3b5_2.txt,SOC Knapsack,26,RelaxGrouping,5000,false,max,1084.000000,0.090505,na,0.016514,64016,124215,5000,true
knapsack_n150m10o3b5_2.txt,SOC Knapsack,26,RelaxGrouping,10000,false,max,1073.000000,0.200630,na,0.036959,116958,225228,9977,true
knapsack_n150m10o3b5_3.txt,SOC Knapsack,18,RelaxGrouping,500,true,max,596.000000,0.003260,0.001363,0.002106,866,1553,173,true
knapsack_n150m10o3b5_2.txt,SOC Knapsack,26,RelaxGrouping,20000,false,max,1058.000000,0.485791,na,0.079291,208443,397289,19963,true
knapsack_n150m10o3b5_3.txt,SOC Knapsack,18,RelaxGrouping,1000,true,max,576.000000,0.004043,0.002011,0.002303,902,1621,168,true
knapsack_n150m10o3b5_3.txt,SOC Knapsack,18,RelaxGrouping,2000,true,max,557.000000,0.003945,0.002093,0.002716,879,1572,158,true
knapsack_n150m10o3b5_3.txt,SOC Knapsack,18,RelaxGrouping,5000,true,max,557.000000,0.004036,0.002153,0.003765,879,1572,158,true
knapsack_n150m10o3b5_3.txt,SOC Knapsack,18,RelaxGrouping,10000,true,max,557.000000,0.004170,0.002148,0.001942,879,1572,158,true
knapsack_n150m10o3b5_3.txt,SOC Knapsack,18,RelaxGrouping,500,false,max,596.000000,0.003189,na,0.004622,3349,5800,499,true
knapsack_n150m10o3b5_3.txt,SOC Knapsack,18,RelaxGrouping,20000,true,max,557.000000,0.004083,0.002155,0.003642,879,1572,158,true
knapsack_n150m10o3b5_3.txt,SOC Knapsack,18,RelaxGrouping,1000,false,max,576.000000,0.003922,na,0.002266,5028,7957,986,true
knapsack_n150m10o3b5_3.txt,SOC Knapsack,18,RelaxGrouping,2000,false,max,557.000000,0.004087,na,0.002396,5807,8801,1228,true
knapsack_n150m10o3b5_3.txt,SOC Knapsack,18,RelaxGrouping,5000,false,max,557.000000,0.004098,na,0.003335,5807,8801,1228,true
knapsack_n150m10o3b5_3.txt,SOC Knapsack,18,RelaxGrouping,10000,false,max,557.000000,0.004140,na,0.002318,5807,8801,1228,true
knapsack_n150m10o3b5_3.txt,SOC Knapsack,18,RelaxGrouping,20000,false,max,557.000000,0.004085,na,0.002836,5807,8801,1228,true
knapsack_n150m10o3b5_4.txt,SOC Knapsack,24,RelaxGrouping,500,true,max,1135.000000,0.006757,0.003464,0.002743,1327,2478,241,true
knapsack_n150m10o3b5_4.txt,SOC Knapsack,24,RelaxGrouping,1000,true,max,1135.000000,0.012474,0.005529,0.002034,1508,2858,275,true
knapsack_n150m10o3b5_4.txt,SOC Knapsack,24,RelaxGrouping,2000,true,max,1113.000000,0.025399,0.015922,0.004642,1740,3400,301,true
knapsack_n150m10o3b5_4.txt,SOC Knapsack,24,RelaxGrouping,5000,true,max,1097.000000,0.056218,0.041029,0.002826,2487,4824,458,true
knapsack_n150m10o3b5_4.txt,SOC Knapsack,24,RelaxGrouping,10000,true,max,1097.000000,0.097253,0.070303,0.002164,3628,6823,698,true
knapsack_n150m10o3b5_4.txt,SOC Knapsack,24,RelaxGrouping,500,false,max,1135.000000,0.006763,na,0.002445,6698,12751,499,true
knapsack_n150m10o3b5_4.txt,SOC Knapsack,24,RelaxGrouping,20000,true,max,1066.000000,0.089713,0.087691,0.003350,3915,7303,739,true
knapsack_n150m10o3b5_4.txt,SOC Knapsack,24,RelaxGrouping,1000,false,max,1135.000000,0.012781,na,0.002855,12120,23052,999,true
knapsack_n150m10o3b5_4.txt,SOC Knapsack,24,RelaxGrouping,2000,false,max,1113.000000,0.024219,na,0.004727,21540,40643,1997,true
knapsack_n150m10o3b5_4.txt,SOC Knapsack,24,RelaxGrouping,5000,false,max,1097.000000,0.051857,na,0.012465,42608,77301,4985,true
knapsack_n150m10o3b5_4.txt,SOC Knapsack,24,RelaxGrouping,10000,false,max,1097.000000,0.081504,na,0.014458,70413,122062,9858,true
knapsack_n150m10o5b5_0.txt,SOC Knapsack,18,RelaxGrouping,500,true,max,748.000000,0.003218,0.001325,0.002726,719,1298,142,true
knapsack_n150m10o3b5_4.txt,SOC Knapsack,24,RelaxGrouping,20000,false,max,1066.000000,0.089165,na,0.022513,88470,145441,15156,true
knapsack_n150m10o5b5_0.txt,SOC Knapsack,18,RelaxGrouping,1000,true,max,721.000000,0.004117,0.001945,0.002455,804,1423,146,true
knapsack_n150m10o5b5_0.txt,SOC Knapsack,18,RelaxGrouping,5000,true,max,721.000000,0.003981,0.001989,0.002057,801,1421,146,true
knapsack_n150m10o5b5_0.txt,SOC Knapsack,18,RelaxGrouping,2000,true,max,721.000000,0.003877,0.002151,0.003329,801,1421,146,true
knapsack_n150m10o5b5_0.txt,SOC Knapsack,18,RelaxGrouping,10000,true,max,721.000000,0.004202,0.002035,0.002172,801,1421,146,true
knapsack_n150m10o5b5_0.txt,SOC Knapsack,18,RelaxGrouping,500,false,max,748.000000,0.003280,na,0.002838,3302,5876,500,true
knapsack_n150m10o5b5_0.txt,SOC Knapsack,18,RelaxGrouping,20000,true,max,721.000000,0.004055,0.002106,0.003132,801,1421,146,true
knapsack_n150m10o5b5_0.txt,SOC Knapsack,18,RelaxGrouping,1000,false,max,721.000000,0.004251,na,0.002328,5051,8266,992,true
knapsack_n150m10o5b5_0.txt,SOC Knapsack,18,RelaxGrouping,2000,false,max,721.000000,0.004045,na,0.002574,5513,8812,1177,true
knapsack_n150m10o5b5_0.txt,SOC Knapsack,18,RelaxGrouping,5000,false,max,721.000000,0.004224,na,0.003422,5513,8812,1177,true
knapsack_n150m10o5b5_0.txt,SOC Knapsack,18,RelaxGrouping,10000,false,max,721.000000,0.003906,na,0.002481,5513,8812,1177,true
knapsack_n150m10o5b5_0.txt,SOC Knapsack,18,RelaxGrouping,20000,false,max,721.000000,0.003726,na,0.002702,5513,8812,1177,true
knapsack_n150m10o5b5_1.txt,SOC Knapsack,30,RelaxGrouping,500,true,max,1385.000000,0.013186,0.004609,0.002496,5090,9860,457,true
knapsack_n150m10o5b5_1.txt,SOC Knapsack,30,RelaxGrouping,1000,true,max,1379.000000,0.024188,0.009368,0.003179,6696,12968,864,true
knapsack_n150m10o5b5_1.txt,SOC Knapsack,30,RelaxGrouping,2000,true,max,1374.000000,0.048439,0.029461,0.003173,8473,16513,1587,true
knapsack_n150m10o5b5_1.txt,SOC Knapsack,30,RelaxGrouping,5000,true,max,1381.000000,0.126108,0.096886,0.005604,11253,22026,2688,true
knapsack_n150m10o5b5_1.txt,SOC Knapsack,30,RelaxGrouping,10000,true,max,1362.000000,0.314225,0.207308,0.005410,15505,30508,3820,true
knapsack_n150m10o5b5_1.txt,SOC Knapsack,30,RelaxGrouping,500,false,max,1385.000000,0.014205,na,0.003288,10419,20007,500,true
knapsack_n150m10o5b5_1.txt,SOC Knapsack,30,RelaxGrouping,1000,false,max,1379.000000,0.024965,na,0.005593,19851,38363,1000,true
knapsack_n150m10o5b5_1.txt,SOC Knapsack,30,RelaxGrouping,20000,true,max,1360.000000,0.695376,0.592348,0.008521,20488,40350,4921,true
knapsack_n150m10o5b5_1.txt,SOC Knapsack,30,RelaxGrouping,2000,false,max,1374.000000,0.048252,na,0.007705,37612,73143,2000,true
knapsack_n150m10o5b5_1.txt,SOC Knapsack,30,RelaxGrouping,5000,false,max,1381.000000,0.129185,na,0.021307,86233,167436,5000,true
knapsack_n150m10o5b5_1.txt,SOC Knapsack,30,RelaxGrouping,10000,false,max,1362.000000,0.301311,na,0.051275,161877,313476,9999,true
knapsack_n150m10o5b5_1.txt,SOC Knapsack,30,RelaxGrouping,20000,false,max,1360.000000,0.700460,na,0.114734,299750,576002,19977,true
knapsack_n150m10o5b5_2.txt,SOC Knapsack,26,RelaxGrouping,500,true,max,1091.000000,0.009744,0.004328,0.002189,3434,6506,444,true
knapsack_n150m10o5b5_2.txt,SOC Knapsack,26,RelaxGrouping,1000,true,max,1066.000000,0.017960,0.009452,0.002741,4352,8312,824,true
knapsack_n150m10o5b5_2.txt,SOC Knapsack,26,RelaxGrouping,2000,true,max,1106.000000,0.033373,0.019275,0.002630,5376,10348,1210,true
knapsack_n150m10o5b5_2.txt,SOC Knapsack,26,RelaxGrouping,5000,true,max,1091.000000,0.090560,0.066750,0.002654,6752,13062,1615,true
knapsack_n150m10o5b5_2.txt,SOC Knapsack,26,RelaxGrouping,10000,true,max,1073.000000,0.228298,0.159624,0.002486,7942,15518,1825,true
knapsack_n150m10o5b5_2.txt,SOC Knapsack,26,RelaxGrouping,20000,true,max,1058.000000,0.480191,0.372921,0.003394,10907,21220,2485,true
knapsack_n150m10o5b5_2.txt,SOC Knapsack,26,RelaxGrouping,500,false,max,1091.000000,0.009512,na,0.002679,8120,15458,500,true
knapsack_n150m10o5b5_2.txt,SOC Knapsack,26,RelaxGrouping,1000,false,max,1066.000000,0.017591,na,0.003697,15163,29200,999,true
knapsack_n150m10o5b5_2.txt,SOC Knapsack,26,RelaxGrouping,2000,false,max,1106.000000,0.034062,na,0.005926,28072,54200,2000,true
knapsack_n150m10o5b5_2.txt,SOC Knapsack,26,RelaxGrouping,5000,false,max,1091.000000,0.086338,na,0.015596,62479,120388,4985,true
knapsack_n150m10o5b5_2.txt,SOC Knapsack,26,RelaxGrouping,10000,false,max,1073.000000,0.189851,na,0.033609,111744,214522,9976,true
knapsack_n150m10o5b5_3.txt,SOC Knapsack,18,RelaxGrouping,500,true,max,568.000000,0.002936,0.001164,0.002587,761,1353,154,true
knapsack_n150m10o5b5_2.txt,SOC Knapsack,26,RelaxGrouping,20000,false,max,1058.000000,0.429009,na,0.075263,198651,379900,19968,true
knapsack_n150m10o5b5_3.txt,SOC Knapsack,18,RelaxGrouping,1000,true,max,555.000000,0.003516,0.001679,0.002419,737,1320,139,true
knapsack_n150m10o5b5_3.txt,SOC Knapsack,18,RelaxGrouping,2000,true,max,555.000000,0.003274,0.001741,0.003367,799,1421,155,true
knapsack_n150m10o5b5_3.txt,SOC Knapsack,18,RelaxGrouping,5000,true,max,555.000000,0.003353,0.001697,0.001919,799,1421,155,true
knapsack_n150m10o5b5_3.txt,SOC Knapsack,18,RelaxGrouping,10000,true,max,555.000000,0.003339,0.001760,0.003026,799,1421,155,true
knapsack_n150m10o5b5_3.txt,SOC Knapsack,18,RelaxGrouping,500,false,max,568.000000,0.002861,na,0.002589,3089,5186,498,true
knapsack_n150m10o5b5_3.txt,SOC Knapsack,18,RelaxGrouping,20000,true,max,555.000000,0.003464,0.001878,0.003737,799,1421,155,true
knapsack_n150m10o5b5_3.txt,SOC Knapsack,18,RelaxGrouping,1000,false,max,555.000000,0.003549,na,0.002155,4591,6998,972,true
knapsack_n150m10o5b5_3.txt,SOC Knapsack,18,RelaxGrouping,2000,false,max,555.000000,0.003365,na,0.003195,4892,7335,1144,true
knapsack_n150m10o5b5_3.txt,SOC Knapsack,18,RelaxGrouping,5000,false,max,555.000000,0.003400,na,0.002598,4892,7335,1144,true
knapsack_n150m10o5b5_3.txt,SOC Knapsack,18,RelaxGrouping,10000,false,max,555.000000,0.003424,na,0.004672,4892,7335,1144,true
knapsack_n150m10o5b5_3.txt,SOC Knapsack,18,RelaxGrouping,20000,false,max,555.000000,0.003353,na,0.003244,4892,7335,1144,true
knapsack_n150m10o5b5_4.txt,SOC Knapsack,24,RelaxGrouping,500,true,max,1117.000000,0.006430,0.002989,0.001966,1240,2319,207,true
knapsack_n150m10o5b5_4.txt,SOC Knapsack,24,RelaxGrouping,1000,true,max,1115.000000,0.011432,0.005025,0.002753,1445,2801,275,true
knapsack_n150m10o5b5_4.txt,SOC Knapsack,24,RelaxGrouping,2000,true,max,1097.000000,0.021219,0.010705,0.002612,1769,3447,326,true
knapsack_n150m10o5b5_4.txt,SOC Knapsack,24,RelaxGrouping,5000,true,max,1097.000000,0.042399,0.031656,0.002699,2679,5090,496,true
knapsack_n150m10o5b5_4.txt,SOC Knapsack,24,RelaxGrouping,10000,true,max,1081.000000,0.058136,0.046931,0.002854,3377,6223,625,true
knapsack_n150m10o5b5_4.txt,SOC Knapsack,24,RelaxGrouping,500,false,max,1117.000000,0.006450,na,0.002878,6384,12127,499,true
knapsack_n150m10o5b5_4.txt,SOC Knapsack,24,RelaxGrouping,1000,false,max,1115.000000,0.012020,na,0.003625,11603,21848,1000,true
knapsack_n150m10o5b5_4.txt,SOC Knapsack,24,RelaxGrouping,20000,true,max,1081.000000,0.057017,0.049073,0.003177,3353,6181,623,true
knapsack_n150m10o5b5_4.txt,SOC Knapsack,24,RelaxGrouping,2000,false,max,1097.000000,0.021585,na,0.005399,20296,37632,1991,true
knapsack_n150m10o5b5_4.txt,SOC Knapsack,24,RelaxGrouping,5000,false,max,1097.000000,0.043843,na,0.010509,39043,69418,4913,true
knapsack_n150m20o1b5_0.txt,SOC Knapsack,28,RelaxGrouping,500,true,max,1245.000000,0.011446,0.004708,0.004183,3175,6089,374,true
knapsack_n150m10o5b5_4.txt,SOC Knapsack,24,RelaxGrouping,10000,false,max,1081.000000,0.059928,na,0.012473,59381,98426,9685,true
knapsack_n150m10o5b5_4.txt,SOC Knapsack,24,RelaxGrouping,20000,false,max,1081.000000,0.058762,na,0.015043,60794,99837,10303,true
knapsack_n150m20o1b5_0.txt,SOC Knapsack,28,RelaxGrouping,1000,true,max,1279.000000,0.021400,0.010159,0.002878,3910,7582,620,true
knapsack_n150m20o1b5_0.txt,SOC Knapsack,28,RelaxGrouping,2000,true,max,1256.000000,0.041942,0.026929,0.002872,4860,9461,953,true
knapsack_n150m20o1b5_0.txt,SOC Knapsack,28,RelaxGrouping,5000,true,max,1252.000000,0.108503,0.083324,0.002759,6788,13287,1328,true
knapsack_n150m20o1b5_0.txt,SOC Knapsack,28,RelaxGrouping,10000,true,max,1262.000000,0.278614,0.223571,0.003474,8342,16404,1636,true
knapsack_n150m20o1b5_0.txt,SOC Knapsack,28,RelaxGrouping,500,false,max,1245.000000,0.011340,na,0.003253,9382,18330,500,true
knapsack_n150m20o1b5_0.txt,SOC Knapsack,28,RelaxGrouping,1000,false,max,1279.000000,0.021262,na,0.005125,17838,35246,1000,true
knapsack_n150m20o1b5_0.txt,SOC Knapsack,28,RelaxGrouping,20000,true,max,1273.000000,0.664884,0.493848,0.005000,11594,22869,2192,true
knapsack_n150m20o1b5_0.txt,SOC Knapsack,28,RelaxGrouping,2000,false,max,1256.000000,0.040127,na,0.005936,33423,66275,2000,true
knapsack_n150m20o1b5_0.txt,SOC Knapsack,28,RelaxGrouping,5000,false,max,1252.000000,0.103761,na,0.017246,75874,150784,5000,true
knapsack_n150m20o1b5_1.txt,SOC Knapsack,23,RelaxGrouping,500,true,max,839.000000,0.007457,0.003320,0.002710,1784,3353,327,true
knapsack_n150m20o1b5_0.txt,SOC Knapsack,28,RelaxGrouping,10000,false,max,1262.000000,0.235412,na,0.042247,140792,279036,9998,true
knapsack_n150m20o1b5_0.txt,SOC Knapsack,28,RelaxGrouping,20000,false,max,1273.000000,0.606492,na,0.098849,258120,507859,19959,true
knapsack_n150m20o1b5_1.txt,SOC Knapsack,23,RelaxGrouping,1000,true,max,844.000000,0.013181,0.006143,0.002458,2149,4086,470,true
knapsack_n150m20o1b5_1.txt,SOC Knapsack,23,RelaxGrouping,2000,true,max,828.000000,0.025226,0.017487,0.003433,2456,4682,517,true
knapsack_n150m20o1b5_1.txt,SOC Knapsack,23,RelaxGrouping,5000,true,max,833.000000,0.064311,0.044942,0.002821,3033,5822,639,true
knapsack_n150m20o1b5_1.txt,SOC Knapsack,23,RelaxGrouping,10000,true,max,808.000000,0.147835,0.103181,0.002188,3571,6886,703,true
knapsack_n150m20o1b5_1.txt,SOC Knapsack,23,RelaxGrouping,500,false,max,839.000000,0.007522,na,0.002970,6838,12941,500,true
knapsack_n150m20o1b5_1.txt,SOC Knapsack,23,RelaxGrouping,1000,false,max,844.000000,0.013797,na,0.004856,12535,23895,1000,true
knapsack_n150m20o1b5_1.txt,SOC Knapsack,23,RelaxGrouping,20000,true,max,791.000000,0.287724,0.197070,0.002617,3851,7533,732,true
knapsack_n150m20o1b5_1.txt,SOC Knapsack,23,RelaxGrouping,2000,false,max,828.000000,0.025005,na,0.005012,22731,43033,1999,true
knapsack_n150m20o1b5_1.txt,SOC Knapsack,23,RelaxGrouping,5000,false,max,833.000000,0.060328,na,0.008599,47964,89901,4988,true
knapsack_n150m20o1b5_2.txt,SOC Knapsack,16,RelaxGrouping,500,true,max,598.000000,0.000790,0.000359,0.001865,308,517,51,true
knapsack_n150m20o1b5_1.txt,SOC Knapsack,23,RelaxGrouping,10000,false,max,808.000000,0.119290,na,0.021661,83388,153963,9981,true
knapsack_n150m20o1b5_1.txt,SOC Knapsack,23,RelaxGrouping,20000,false,max,791.000000,0.259254,na,0.042887,140108,251934,19931,true
knapsack_n150m20o1b5_2.txt,SOC Knapsack,16,RelaxGrouping,1000,true,max,598.000000,0.000800,0.000343,0.002738,308,517,51,true
knapsack_n150m20o1b5_2.txt,SOC Knapsack,16,RelaxGrouping,2000,true,max,598.000000,0.000813,0.000353,0.003649,308,517,51,true
knapsack_n150m20o1b5_2.txt,SOC Knapsack,16,RelaxGrouping,5000,true,max,598.000000,0.000795,0.000364,0.003727,308,517,51,true
knapsack_n150m20o1b5_2.txt,SOC Knapsack,16,RelaxGrouping,10000,true,max,598.000000,0.000806,0.000341,0.004860,308,517,51,true
knapsack_n150m20o1b5_2.txt,SOC Knapsack,16,RelaxGrouping,20000,true,max,598.000000,0.000791,0.000365,0.005941,308,517,51,true
knapsack_n150m20o1b5_2.txt,SOC Knapsack,16,RelaxGrouping,1000,false,max,598.000000,0.000801,na,0.004211,1120,1901,172,true
knapsack_n150m20o1b5_2.txt,SOC Knapsack,16,RelaxGrouping,500,false,max,598.000000,0.000824,na,0.003077,1120,1901,172,true
knapsack_n150m20o1b5_2.txt,SOC Knapsack,16,RelaxGrouping,2000,false,max,598.000000,0.000759,na,0.005408,1120,1901,172,true
knapsack_n150m20o1b5_2.txt,SOC Knapsack,16,RelaxGrouping,5000,false,max,598.000000,0.000809,na,0.004633,1120,1901,172,true
knapsack_n150m20o1b5_2.txt,SOC Knapsack,16,RelaxGrouping,10000,false,max,598.000000,0.000833,na,0.004845,1120,1901,172,true
knapsack_n150m20o1b5_2.txt,SOC Knapsack,16,RelaxGrouping,20000,false,max,598.000000,0.000787,na,0.001837,1120,1901,172,true
knapsack_n150m20o1b5_3.txt,SOC Knapsack,22,RelaxGrouping,500,true,max,973.000000,0.006781,0.002683,0.002120,1915,3632,379,true
knapsack_n150m20o1b5_3.txt,SOC Knapsack,22,RelaxGrouping,1000,true,max,981.000000,0.013403,0.006391,0.002322,2265,4330,484,true
knapsack_n150m20o1b5_3.txt,SOC Knapsack,22,RelaxGrouping,2000,true,max,983.000000,0.025294,0.015199,0.002809,3005,5751,664,true
knapsack_n150m20o1b5_3.txt,SOC Knapsack,22,RelaxGrouping,5000,true,max,999.000000,0.061376,0.044530,0.002411,4095,7862,914,true
knapsack_n150m20o1b5_3.txt,SOC Knapsack,22,RelaxGrouping,10000,true,max,971.000000,0.124587,0.094025,0.003131,4282,8260,905,true
knapsack_n150m20o1b5_3.txt,SOC Knapsack,22,RelaxGrouping,20000,true,max,956.000000,0.236246,0.171646,0.002856,4813,9330,994,true
knapsack_n150m20o1b5_3.txt,SOC Knapsack,22,RelaxGrouping,500,false,max,973.000000,0.006691,na,0.002542,6435,12275,500,true
knapsack_n150m20o1b5_3.txt,SOC Knapsack,22,RelaxGrouping,1000,false,max,981.000000,0.012624,na,0.003459,11736,22443,1000,true
knapsack_n150m20o1b5_3.txt,SOC Knapsack,22,RelaxGrouping,2000,false,max,983.000000,0.024202,na,0.005157,21207,40545,1999,true
knapsack_n150m20o1b5_3.txt,SOC Knapsack,22,RelaxGrouping,5000,false,max,999.000000,0.055952,na,0.010810,44585,84596,4995,true
knapsack_n150m20o1b5_3.txt,SOC Knapsack,22,RelaxGrouping,10000,false,max,971.000000,0.123214,na,0.022848,75905,140782,9996,true
knapsack_n150m20o1b5_4.txt,SOC Knapsack,34,RelaxGrouping,500,true,max,1523.000000,0.015757,0.006967,0.002657,4939,9586,429,true
knapsack_n150m20o1b5_4.txt,SOC Knapsack,34,RelaxGrouping,1000,true,max,1534.000000,0.029367,0.015947,0.002777,6140,11918,703,true
knapsack_n150m20o1b5_3.txt,SOC Knapsack,22,RelaxGrouping,20000,false,max,956.000000,0.209087,na,0.036923,122333,216266,19752,true
knapsack_n150m20o1b5_4.txt,SOC Knapsack,34,RelaxGrouping,2000,true,max,1541.000000,0.056053,0.036307,0.003526,7682,15037,1165,true
knapsack_n150m20o1b5_4.txt,SOC Knapsack,34,RelaxGrouping,5000,true,max,1562.000000,0.148661,0.106380,0.004856,10947,21550,2184,true
knapsack_n150m20o1b5_4.txt,SOC Knapsack,34,RelaxGrouping,500,false,max,1523.000000,0.015657,na,0.003551,12304,24062,500,true
knapsack_n150m20o1b5_4.txt,SOC Knapsack,34,RelaxGrouping,10000,true,max,1521.000000,0.358386,0.281541,0.006303,14514,28646,3027,true
knapsack_n150m20o1b5_4.txt,SOC Knapsack,34,RelaxGrouping,1000,false,max,1534.000000,0.029918,na,0.006448,23645,46554,1000,true
knapsack_n150m20o1b5_4.txt,SOC Knapsack,34,RelaxGrouping,2000,false,max,1541.000000,0.059330,na,0.010319,45468,89998,2000,true
knapsack_n150m20o1b5_4.txt,SOC Knapsack,34,RelaxGrouping,20000,true,max,1555.000000,0.892072,0.705782,0.006292,20733,41039,4533,true
knapsack_n150m20o1b5_4.txt,SOC Knapsack,34,RelaxGrouping,5000,false,max,1562.000000,0.146137,na,0.026036,106649,211742,5000,true
knapsack_n150m20o1b5_4.txt,SOC Knapsack,34,RelaxGrouping,10000,false,max,1521.000000,0.365894,na,0.065091,200778,398824,10000,true
knapsack_n150m20o3b5_0.txt,SOC Knapsack,28,RelaxGrouping,500,true,max,1311.000000,0.011313,0.004464,0.001913,3489,6644,422,true
knapsack_n150m20o3b5_0.txt,SOC Knapsack,28,RelaxGrouping,1000,true,max,1291.000000,0.021148,0.011110,0.002262,4365,8409,680,true
knapsack_n150m20o1b5_4.txt,SOC Knapsack,34,RelaxGrouping,20000,false,max,1555.000000,0.914204,na,0.143097,381553,757352,19999,true
knapsack_n150m20o3b5_0.txt,SOC Knapsack,28,RelaxGrouping,2000,true,max,1283.000000,0.042930,0.027135,0.002685,5351,10368,964,true
knapsack_n150m20o3b5_0.txt,SOC Knapsack,28,RelaxGrouping,5000,true,max,1291.000000,0.115596,0.079752,0.002787,7406,14454,1539,true
knapsack_n150m20o3b5_0.txt,SOC Knapsack,28,RelaxGrouping,10000,true,max,1268.000000,0.270718,0.202493,0.003843,9952,19393,2062,true
knapsack_n150m20o3b5_0.txt,SOC Knapsack,28,RelaxGrouping,20000,true,max,1252.000000,0.620130,0.451690,0.004173,12637,24744,2647,true
knapsack_n150m20o3b5_0.txt,SOC Knapsack,28,RelaxGrouping,500,false,max,1311.000000,0.011307,na,0.003082,9368,18255,500,true
knapsack_n150m20o3b5_0.txt,SOC Knapsack,28,RelaxGrouping,1000,false,max,1291.000000,0.021025,na,0.003940,17774,34976,1000,true
knapsack_n150m20o3b5_0.txt,SOC Knapsack,28,RelaxGrouping,2000,false,max,1283.000000,0.042174,na,0.006321,33417,66048,2000,true
knapsack_n150m20o3b5_0.txt,SOC Knapsack,28,RelaxGrouping,5000,false,max,1291.000000,0.102908,na,0.019426,75642,149382,4998,true
knapsack_n150m20o3b5_1.txt,SOC Knapsack,23,RelaxGrouping,500,true,max,849.000000,0.007543,0.003374,0.004325,1642,3065,281,true
knapsack_n150m20o3b5_1.txt,SOC Knapsack,23,RelaxGrouping,1000,true,max,844.000000,0.013163,0.006829,0.003827,1687,3161,364,true
knapsack_n150m20o3b5_0.txt,SOC Knapsack,28,RelaxGrouping,10000,false,max,1268.000000,0.280137,na,0.046969,138138,272666,9972,true
knapsack_n150m20o3b5_0.txt,SOC Knapsack,28,RelaxGrouping,20000,false,max,1252.000000,0.576785,na,0.084836,249834,493205,19927,true
knapsack_n150m20o3b5_1.txt,SOC Knapsack,23,RelaxGrouping,2000,true,max,844.000000,0.023544,0.011900,0.001713,2033,3810,446,true
knapsack_n150m20o3b5_1.txt,SOC Knapsack,23,RelaxGrouping,500,false,max,849.000000,0.007258,na,0.002431,6735,12744,500,true
knapsack_n150m20o3b5_1.txt,SOC Knapsack,23,RelaxGrouping,5000,true,max,833.000000,0.064973,0.042437,0.001893,2099,4063,400,true
knapsack_n150m20o3b5_1.txt,SOC Knapsack,23,RelaxGrouping,10000,true,max,828.000000,0.140024,0.076675,0.002461,2944,5737,542,true
knapsack_n150m20o3b5_1.txt,SOC Knapsack,23,RelaxGrouping,20000,true,max,793.000000,0.273978,0.162949,0.002311,3631,7000,719,true
knapsack_n150m20o3b5_1.txt,SOC Knapsack,23,RelaxGrouping,1000,false,max,844.000000,0.012216,na,0.003019,12185,22986,1000,true
knapsack_n150m20o3b5_1.txt,SOC Knapsack,23,RelaxGrouping,2000,false,max,844.000000,0.023966,na,0.004639,21528,40699,1986,true
knapsack_n150m20o3b5_1.txt,SOC Knapsack,23,RelaxGrouping,5000,false,max,833.000000,0.060448,na,0.012266,45466,84813,4982,true
knapsack_n150m20o3b5_1.txt,SOC Knapsack,23,RelaxGrouping,10000,false,max,828.000000,0.143264,na,0.022537,78742,145591,9959,true
knapsack_n150m20o3b5_1.txt,SOC Knapsack,23,RelaxGrouping,20000,false,max,793.000000,0.297807,na,0.043140,132609,236314,19956,true
knapsack_n150m20o3b5_2.txt,SOC Knapsack,16,RelaxGrouping,500,true,max,601.000000,0.000587,0.000216,0.002255,287,466,48,true
knapsack_n150m20o3b5_2.txt,SOC Knapsack,16,RelaxGrouping,1000,true,max,601.000000,0.000637,0.000245,0.003865,287,466,48,true
knapsack_n150m20o3b5_2.txt,SOC Knapsack,16,RelaxGrouping,2000,true,max,601.000000,0.000640,0.000253,0.004616,287,466,48,true
knapsack_n150m20o3b5_2.txt,SOC Knapsack,16,RelaxGrouping,5000,true,max,601.000000,0.000621,0.000235,0.004801,287,466,48,true
knapsack_n150m20o3b5_2.txt,SOC Knapsack,16,RelaxGrouping,10000,true,max,601.000000,0.000624,0.000248,0.005645,287,466,48,true
knapsack_n150m20o3b5_2.txt,SOC Knapsack,16,RelaxGrouping,20000,true,max,601.000000,0.000598,0.000227,0.002200,287,466,48,true
knapsack_n150m20o3b5_2.txt,SOC Knapsack,16,RelaxGrouping,500,false,max,601.000000,0.000628,na,0.006905,879,1422,122,true
knapsack_n150m20o3b5_2.txt,SOC Knapsack,16,RelaxGrouping,1000,false,max,601.000000,0.000612,na,0.005948,879,1422,122,true
knapsack_n150m20o3b5_2.txt,SOC Knapsack,16,RelaxGrouping,5000,false,max,601.000000,0.000592,na,0.005879,879,1422,122,true
knapsack_n150m20o3b5_2.txt,SOC Knapsack,16,RelaxGrouping,2000,false,max,601.000000,0.000579,na,0.006394,879,1422,122,true
knapsack_n150m20o3b5_2.txt,SOC Knapsack,16,RelaxGrouping,10000,false,max,601.000000,0.000588,na,0.001388,879,1422,122,true
knapsack_n150m20o3b5_2.txt,SOC Knapsack,16,RelaxGrouping,20000,false,max,601.000000,0.000673,na,0.001724,879,1422,122,true
knapsack_n150m20o3b5_3.txt,SOC Knapsack,22,RelaxGrouping,500,true,max,1014.000000,0.007107,0.002827,0.001811,1999,3736,400,true
knapsack_n150m20o3b5_3.txt,SOC Knapsack,22,RelaxGrouping,1000,true,max,1001.000000,0.012983,0.006514,0.002073,2255,4277,561,true
knapsack_n150m20o3b5_3.txt,SOC Knapsack,22,RelaxGrouping,2000,true,max,999.000000,0.024869,0.014584,0.001975,2488,4707,599,true
knapsack_n150m20o3b5_3.txt,SOC Knapsack,22,RelaxGrouping,5000,true,max,969.000000,0.054699,0.042961,0.002394,3014,5725,671,true
knapsack_n150m20o3b5_3.txt,SOC Knapsack,22,RelaxGrouping,500,false,max,1014.000000,0.006981,na,0.002663,6327,12045,500,true
knapsack_n150m20o3b5_3.txt,SOC Knapsack,22,RelaxGrouping,1000,false,max,1001.000000,0.012997,na,0.003113,11564,22142,1000,true
knapsack_n150m20o3b5_3.txt,SOC Knapsack,22,RelaxGrouping,10000,true,max,949.000000,0.123337,0.088180,0.002327,2784,5437,568,true
knapsack_n150m20o3b5_3.txt,SOC Knapsack,22,RelaxGrouping,20000,true,max,930.000000,0.211439,0.157995,0.002304,4530,8700,919,true
knapsack_n150m20o3b5_3.txt,SOC Knapsack,22,RelaxGrouping,2000,false,max,999.000000,0.023678,na,0.005174,20815,39459,1999,true
knapsack_n150m20o3b5_4.txt,SOC Knapsack,34,RelaxGrouping,500,true,max,1621.000000,0.016292,0.006836,0.002430,4983,9626,427,true
knapsack_n150m20o3b5_3.txt,SOC Knapsack,22,RelaxGrouping,5000,false,max,969.000000,0.060615,na,0.012043,42766,80303,4986,true
knapsack_n150m20o3b5_3.txt,SOC Knapsack,22,RelaxGrouping,10000,false,max,949.000000,0.123305,na,0.018131,68442,125009,9877,true
knapsack_n150m20o3b5_3.txt,SOC Knapsack,22,RelaxGrouping,20000,false,max,930.000000,0.210089,na,0.033647,110323,192024,19912,true
knapsack_n150m20o3b5_4.txt,SOC Knapsack,34,RelaxGrouping,1000,true,max,1629.000000,0.028374,0.013822,0.002535,6546,12656,776,true
knapsack_n150m20o3b5_4.txt,SOC Knapsack,34,RelaxGrouping,2000,true,max,1599.000000,0.058604,0.037036,0.003196,8354,16290,1302,true
knapsack_n150m20o3b5_4.txt,SOC Knapsack,34,RelaxGrouping,5000,true,max,1637.000000,0.163296,0.113948,0.004499,11499,22522,2285,true
knapsack_n150m20o3b5_4.txt,SOC Knapsack,34,RelaxGrouping,10000,true,max,1632.000000,0.396300,0.253370,0.005368,15261,29975,3674,true
knapsack_n150m20o3b5_4.txt,SOC Knapsack,34,RelaxGrouping,500,false,max,1621.000000,0.016130,na,0.003162,12376,24321,500,true
knapsack_n150m20o3b5_4.txt,SOC Knapsack,34,RelaxGrouping,20000,true,max,1632.000000,0.945559,0.699302,0.006545,20569,40632,4802,true
knapsack_n150m20o3b5_4.txt,SOC Knapsack,34,RelaxGrouping,1000,false,max,1629.000000,0.029603,na,0.005732,23643,46700,1000,true
knapsack_n150m20o3b5_4.txt,SOC Knapsack,34,RelaxGrouping,2000,false,max,1599.000000,0.057189,na,0.009088,44931,89220,2000,true
knapsack_n150m20o3b5_4.txt,SOC Knapsack,34,RelaxGrouping,5000,false,max,1637.000000,0.160961,na,0.028472,106082,211186,5000,true
knapsack_n150m20o3b5_4.txt,SOC Knapsack,34,RelaxGrouping,10000,false,max,1632.000000,0.340897,na,0.063175,199867,398463,10000,true
knapsack_n150m20o5b5_0.txt,SOC Knapsack,28,RelaxGrouping,500,true,max,1239.000000,0.011510,0.004807,0.003820,3658,6957,424,true
knapsack_n150m20o3b5_4.txt,SOC Knapsack,34,RelaxGrouping,20000,false,max,1632.000000,0.933400,na,0.146019,379380,755435,20000,true
knapsack_n150m20o5b5_0.txt,SOC Knapsack,28,RelaxGrouping,1000,true,max,1273.000000,0.021600,0.011929,0.002565,4558,8711,733,true
knapsack_n150m20o5b5_0.txt,SOC Knapsack,28,RelaxGrouping,2000,true,max,1277.000000,0.042449,0.025336,0.002402,5950,11533,1135,true
knapsack_n150m20o5b5_0.txt,SOC Knapsack,28,RelaxGrouping,5000,true,max,1250.000000,0.098029,0.069723,0.002859,7899,15257,1788,true
knapsack_n150m20o5b5_0.txt,SOC Knapsack,28,RelaxGrouping,500,false,max,1239.000000,0.011436,na,0.003062,9286,18008,500,true
knapsack_n150m20o5b5_0.txt,SOC Knapsack,28,RelaxGrouping,1000,false,max,1273.000000,0.021576,na,0.004476,17576,34516,1000,true
knapsack_n150m20o5b5_0.txt,SOC Knapsack,28,RelaxGrouping,10000,true,max,1229.000000,0.290846,0.218757,0.003160,9720,18990,2158,true
knapsack_n150m20o5b5_0.txt,SOC Knapsack,28,RelaxGrouping,20000,true,max,1216.000000,0.587399,0.410440,0.004211,14239,27562,2857,true
knapsack_n150m20o5b5_0.txt,SOC Knapsack,28,RelaxGrouping,2000,false,max,1277.000000,0.043833,na,0.009027,32866,64929,2000,true
knapsack_n150m20o5b5_0.txt,SOC Knapsack,28,RelaxGrouping,5000,false,max,1250.000000,0.119139,na,0.021132,74090,146130,5000,true
knapsack_n150m20o5b5_0.txt,SOC Knapsack,28,RelaxGrouping,10000,false,max,1229.000000,0.291899,na,0.047381,133839,261823,9982,true
knapsack_n150m20o5b5_0.txt,SOC Knapsack,28,RelaxGrouping,20000,false,max,1216.000000,0.601816,na,0.083496,236453,458307,19955,true
knapsack_n150m20o5b5_1.txt,SOC Knapsack,23,RelaxGrouping,500,true,max,844.000000,0.006953,0.003116,0.002191,1502,2753,280,true
knapsack_n150m20o5b5_1.txt,SOC Knapsack,23,RelaxGrouping,1000,true,max,844.000000,0.012972,0.006227,0.002450,1595,2968,321,true
knapsack_n150m20o5b5_1.txt,SOC Knapsack,23,RelaxGrouping,2000,true,max,839.000000,0.023254,0.014084,0.001906,1736,3211,356,true
knapsack_n150m20o5b5_1.txt,SOC Knapsack,23,RelaxGrouping,5000,true,max,833.000000,0.059787,0.041884,0.001735,1905,3723,351,true
knapsack_n150m20o5b5_1.txt,SOC Knapsack,23,RelaxGrouping,10000,true,max,828.000000,0.133723,0.078665,0.002138,2863,5537,573,true
knapsack_n150m20o5b5_1.txt,SOC Knapsack,23,RelaxGrouping,500,false,max,844.000000,0.006931,na,0.003578,6586,12319,500,true
knapsack_n150m20o5b5_1.txt,SOC Knapsack,23,RelaxGrouping,20000,true,max,803.000000,0.244166,0.165254,0.002432,3425,6625,665,true
knapsack_n150m20o5b5_1.txt,SOC Knapsack,23,RelaxGrouping,1000,false,max,844.000000,0.012558,na,0.002415,11845,22308,1000,true
knapsack_n150m20o5b5_1.txt,SOC Knapsack,23,RelaxGrouping,2000,false,max,839.000000,0.023619,na,0.003833,21006,39581,1999,true
knapsack_n150m20o5b5_1.txt,SOC Knapsack,23,RelaxGrouping,5000,false,max,833.000000,0.057988,na,0.007115,43321,80317,4984,true
knapsack_n150m20o5b5_1.txt,SOC Knapsack,23,RelaxGrouping,10000,false,max,828.000000,0.116804,na,0.023303,74587,136224,9995,true
knapsack_n150m20o5b5_1.txt,SOC Knapsack,23,RelaxGrouping,20000,false,max,803.000000,0.251070,na,0.045222,122754,216801,19793,true
knapsack_n150m20o5b5_2.txt,SOC Knapsack,16,RelaxGrouping,500,true,max,601.000000,0.000520,0.000197,0.002688,279,452,46,true
knapsack_n150m20o5b5_2.txt,SOC Knapsack,16,RelaxGrouping,1000,true,max,601.000000,0.000479,0.000178,0.003637,279,452,46,true
knapsack_n150m20o5b5_2.txt,SOC Knapsack,16,RelaxGrouping,2000,true,max,601.000000,0.000501,0.000175,0.004582,279,452,46,true
knapsack_n150m20o5b5_2.txt,SOC Knapsack,16,RelaxGrouping,5000,true,max,601.000000,0.000537,0.000179,0.003072,279,452,46,true
knapsack_n150m20o5b5_2.txt,SOC Knapsack,16,RelaxGrouping,10000,true,max,601.000000,0.000518,0.000181,0.002312,279,452,46,true
knapsack_n150m20o5b5_2.txt,SOC Knapsack,16,RelaxGrouping,500,false,max,601.000000,0.000513,na,0.003966,703,1135,124,true
knapsack_n150m20o5b5_2.txt,SOC Knapsack,16,RelaxGrouping,1000,false,max,601.000000,0.000521,na,0.004292,703,1135,124,true
knapsack_n150m20o5b5_2.txt,SOC Knapsack,16,RelaxGrouping,20000,true,max,601.000000,0.000521,0.000190,0.004280,279,452,46,true
knapsack_n150m20o5b5_2.txt,SOC Knapsack,16,RelaxGrouping,5000,false,max,601.000000,0.000490,na,0.003281,703,1135,124,true
knapsack_n150m20o5b5_2.txt,SOC Knapsack,16,RelaxGrouping,2000,false,max,601.000000,0.000527,na,0.005630,703,1135,124,true
knapsack_n150m20o5b5_2.txt,SOC Knapsack,16,RelaxGrouping,20000,false,max,601.000000,0.000514,na,0.002745,703,1135,124,true
knapsack_n150m20o5b5_2.txt,SOC Knapsack,16,RelaxGrouping,10000,false,max,601.000000,0.000506,na,0.003458,703,1135,124,true
knapsack_n150m20o5b5_3.txt,SOC Knapsack,22,RelaxGrouping,500,true,max,999.000000,0.007176,0.002654,0.001913,2004,3733,385,true
knapsack_n150m20o5b5_3.txt,SOC Knapsack,22,RelaxGrouping,1000,true,max,1010.000000,0.012354,0.005057,0.001708,2450,4579,583,true
knapsack_n150m20o5b5_3.txt,SOC Knapsack,22,RelaxGrouping,2000,true,max,997.000000,0.022814,0.010928,0.001700,2639,4985,659,true
knapsack_n150m20o5b5_3.txt,SOC Knapsack,22,RelaxGrouping,5000,true,max,930.000000,0.057896,0.036418,0.002060,2119,4116,429,true
knapsack_n150m20o5b5_3.txt,SOC Knapsack,22,RelaxGrouping,10000,true,max,910.000000,0.119746,0.086781,0.002653,3120,6022,649,true
knapsack_n150m20o5b5_3.txt,SOC Knapsack,22,RelaxGrouping,20000,true,max,906.000000,0.234704,0.158042,0.002723,4093,7743,765,true
knapsack_n150m20o5b5_3.txt,SOC Knapsack,22,RelaxGrouping,500,false,max,999.000000,0.006864,na,0.002604,6288,11934,500,true
knapsack_n150m20o5b5_3.txt,SOC Knapsack,22,RelaxGrouping,1000,false,max,1010.000000,0.012385,na,0.004229,11351,21747,999,true
knapsack_n150m20o5b5_3.txt,SOC Knapsack,22,RelaxGrouping,2000,false,max,997.000000,0.024010,na,0.005054,20298,38528,1996,true
knapsack_n150m20o5b5_3.txt,SOC Knapsack,22,RelaxGrouping,5000,false,max,930.000000,0.058574,na,0.007751,41631,76494,4961,true
knapsack_n150m20o5b5_3.txt,SOC Knapsack,22,RelaxGrouping,10000,false,max,910.000000,0.133965,na,0.023179,67929,122665,9867,true
knapsack_n150m20o5b5_4.txt,SOC Knapsack,34,RelaxGrouping,500,true,max,1618.000000,0.016231,0.006539,0.002427,5091,9779,434,true
knapsack_n150m20o5b5_3.txt,SOC Knapsack,22,RelaxGrouping,20000,false,max,906.000000,0.220477,na,0.037668,103437,180939,19907,true
knapsack_n150m20o5b5_4.txt,SOC Knapsack,34,RelaxGrouping,1000,true,max,1590.000000,0.029274,0.014985,0.003230,6742,13000,825,true
knapsack_n150m20o5b5_4.txt,SOC Knapsack,34,RelaxGrouping,2000,true,max,1612.000000,0.058358,0.037377,0.003517,8447,16382,1333,true
knapsack_n150m20o5b5_4.txt,SOC Knapsack,34,RelaxGrouping,5000,true,max,1641.000000,0.152830,0.104082,0.003460,11697,22876,2267,true
knapsack_n150m20o5b5_4.txt,SOC Knapsack,34,RelaxGrouping,10000,true,max,1641.000000,0.366206,0.279389,0.005561,15732,30901,3177,true
knapsack_n150m20o5b5_4.txt,SOC Knapsack,34,RelaxGrouping,500,false,max,1618.000000,0.016385,na,0.003159,12231,23960,500,true
knapsack_n150m20o5b5_4.txt,SOC Knapsack,34,RelaxGrouping,1000,false,max,1590.000000,0.029307,na,0.005449,23359,46080,1000,true
knapsack_n150m20o5b5_4.txt,SOC Knapsack,34,RelaxGrouping,2000,false,max,1612.000000,0.059126,na,0.009452,44602,88425,2000,true
knapsack_n150m20o5b5_4.txt,SOC Knapsack,34,RelaxGrouping,20000,true,max,1632.000000,0.952165,0.666121,0.009115,20510,40411,4145,true
knapsack_n150m20o5b5_4.txt,SOC Knapsack,34,RelaxGrouping,5000,false,max,1641.000000,0.151359,na,0.027358,104516,208116,4999,true
knapsack_n150m20o5b5_4.txt,SOC Knapsack,34,RelaxGrouping,10000,false,max,1641.000000,0.352741,na,0.072473,198550,395795,9995,true
knapsack_n150m20o5b5_4.txt,SOC Knapsack,34,RelaxGrouping,20000,false,max,1632.000000,0.874793,na,0.135260,376067,748475,19980,true
