230
20 86 51 43 41 97 114 47 134 51 127 117 75 36 109 64 123 99 34 98 117 162 45 76 24 80 72 121 159 147 52 63 33 66 1 40 12 133 102 102 74 27 78 17 83 136 47 40 18 16 67 53 97 21 153 109 112 151 170 79 15 22 59 126 87 146 172 6 92 49 29 144 48 62 117 81 74 67 14 68 146 131 76 46 19 7 5 17 32 8 104 90 87 162 79 68 30 30 64 95 111 45 74 8 32 2 136 153 150 55 33 28 142 115 49 57 65 167 39 11 15 161 63 52 101 171 104 160 123 165 92 64 23 12 122 25 104 143 53 107 82 136 23 127 163 111 118 4 18 66 111 39 147 7 84 50 100 45 40 108 120 127 3 54 154 93 87 122 7 19 51 59 24 35 60 61 132 148 134 90 91 28 34 38 122 131 153 124 62 120 41 41 34 34 13 61 150 10 94 44 20 62 16 37 58 122 132 109 156 59 18 18 40 98 126 133 24 141 165 155 136 28 91 14 48 130 37 94 123 59
x_1: [146, 217, 206, 196, 17, 66, 31, 127, 195, 116, 121, 167, 98, 202, 54, 25, 125, 8, 229, 214, 100, 111, 156, 197, 179, 115, 69, 185, 59, 152, 27, 82, 4, 9, 10, 19, 23, 26, 33, 41, 42, 49, 50, 53, 61, 64, 68, 72, 74, 79, 80, 84, 86, 89, 93, 95, 99, 102, 106, 107, 110, 114, 133, 134, 136, 141, 142, 143, 147, 151, 153, 155, 157, 159, 160, 161, 162, 165, 166, 171, 172, 175, 176, 178, 182, 184, 186, 187, 189, 194, 203, 204, 205, 208, 209, 210, 212, 215, 219, 221, 223, 226, 228]
x_2: [6, 7, 167, 139, 3, 226, 98, 176, 4, 8, 9, 12, 19, 21, 24, 35, 37, 38, 39, 40, 43, 46, 50, 51, 53, 54, 55, 59, 60, 61, 68, 69, 71, 72, 74, 78, 82, 84, 85, 87, 93, 94, 99, 100, 106, 110, 113, 116, 117, 118, 120, 121, 125, 127, 128, 129, 132, 142, 143, 144, 147, 150, 151, 153, 154, 156, 157, 158, 159, 162, 164, 165, 168, 172, 174, 177, 178, 179, 183, 185, 187, 192, 194, 197, 198, 199, 203, 204, 216, 220, 222, 224, 225, 229]
x_3: [2, 109, 186, 8, 136, 57, 196, 113, 127, 142, 60, 89, 174, 195, 118, 75, 6, 107, 215, 143, 165, 26, 48, 162, 221, 76, 31, 191, 86, 230, 185, 183, 129, 130, 213, 172, 49, 78, 73, 151, 226, 128, 217, 101, 219, 9, 123, 63, 205, 104, 5, 7, 11, 17, 18, 19, 21, 23, 29, 30, 32, 33, 36, 38, 44, 52, 53, 59, 61, 62, 67, 69, 70, 74, 82, 90, 93, 97, 99, 102, 105, 106, 110, 111, 114, 116, 117, 125, 132, 134, 135, 137, 139, 145, 152, 154, 155, 158, 163, 167, 168, 170, 175, 177, 180, 187, 192, 193, 197, 203, 206, 208, 209, 218, 223, 224, 225, 228, 229]
x_4: [171, 45, 94, 141, 226, 180, 199, 173, 189, 96, 23, 113, 170, 131, 28, 200, 42, 134, 216, 101, 95, 126, 188, 8, 121, 12, 79, 181, 218, 158, 152, 149, 166, 44, 129, 59, 198, 52, 139, 221, 60, 104, 132, 89, 217, 148, 91, 118, 69, 169, 156, 187, 2, 99, 201, 220, 211, 227, 190, 208, 34, 133, 144, 53, 110, 15, 124, 223, 146, 142, 130, 106, 125, 209, 92, 107, 1, 138, 160, 202, 157, 85, 154, 206, 163, 46, 150, 47, 24, 205, 5, 6, 9, 13, 25, 27, 29, 32, 36, 38, 49, 55, 57, 62, 76, 78, 81, 83, 90, 93, 98, 100, 105, 109, 112, 114, 115, 117, 119, 120, 122, 123, 128, 143, 151, 155, 167, 168, 174, 178, 185, 192, 194, 197, 204, 222, 224, 225, 229, 230]
x_5: [218, 210, 66, 9, 216, 173, 19, 22, 223, 116, 4, 194, 72, 64, 69, 29, 205, 160, 48, 89, 75, 18, 43, 41, 136, 44, 169, 70, 166, 183, 76, 117, 180, 83, 128, 122, 30, 7, 80, 99, 88, 108, 204, 49, 67, 28, 65, 187, 131, 54, 156, 111, 6, 58, 102, 38, 10, 185, 42, 115, 181, 130, 174, 110, 140, 214, 57, 162, 178, 133, 135, 167, 8, 148, 206, 16, 189, 77, 33, 55, 225, 13, 79, 220, 20, 191, 107, 145, 34, 3, 144, 152, 56, 146, 118, 212, 200, 97, 52, 26, 53, 147, 230, 50, 127, 27, 171, 100, 84, 157, 224, 103, 73, 208, 201, 35, 87, 25, 215, 98, 141, 226, 176, 137, 125, 197, 61, 17, 186, 11, 138, 195, 86, 154, 95, 155, 184, 228, 24, 36, 46, 47, 51, 59, 63, 71, 74, 85, 93, 112, 113, 114, 120, 121, 123, 132, 134, 150, 151, 158, 165, 172, 175, 179, 192, 199, 203, 209, 222, 229]
x_6: [2, 3, 5, 35, 149, 142, 198, 27, 83, 11, 105, 19, 98, 222, 202, 38, 213, 33, 88, 30, 158, 151, 201, 97, 20, 147, 141, 58, 145, 21, 69, 94, 229, 76, 137, 118, 230, 71, 28, 12, 212, 4, 172, 24, 106, 227, 203, 49, 62, 108, 42, 116, 43, 175, 41, 191, 217, 112, 207, 139, 210, 65, 183, 123, 81, 26, 54, 167, 82, 7, 186, 153, 101, 103, 17, 154, 117, 29, 56, 159, 200, 223, 177, 121, 170, 92, 67, 47, 79, 51, 64, 93, 72, 23, 193, 9, 10, 18, 22, 25, 31, 36, 39, 40, 45, 46, 53, 63, 73, 78, 86, 89, 90, 110, 113, 114, 115, 120, 125, 128, 136, 140, 143, 144, 146, 148, 152, 157, 162, 165, 168, 176, 178, 184, 185, 187, 189, 194, 195, 199, 204, 205, 208, 209, 211, 216, 219, 221, 224, 226]
x_7: [2, 5, 6, 24, 167, 148, 165, 87, 59, 100, 79, 11, 84, 48, 82, 203, 217, 149, 229, 78, 63, 86, 26, 140, 157, 207, 153, 57, 103, 19, 69, 142, 223, 187, 20, 163, 3, 75, 193, 92, 127, 121, 221, 220, 40, 129, 200, 204, 131, 171, 45, 46, 199, 39, 37, 211, 222, 28, 182, 132, 214, 155, 76, 33, 53, 185, 9, 81, 160, 206, 173, 216, 192, 177, 77, 111, 138, 41, 13, 183, 64, 65, 17, 175, 115, 141, 139, 113, 218, 8, 27, 32, 42, 43, 44, 47, 49, 52, 61, 67, 70, 71, 72, 83, 85, 90, 105, 106, 107, 110, 114, 117, 134, 143, 150, 152, 154, 159, 162, 166, 170, 176, 178, 180, 181, 184, 186, 189, 194, 195, 197, 209, 210, 213, 224, 226, 227, 228]
x_8: [1, 3, 4, 5, 102, 215, 87, 44, 67, 125, 7, 204, 166, 107, 147, 16, 178, 91, 149, 36, 152, 33, 213, 71, 145, 103, 45, 157, 23, 60, 2, 46, 136, 82, 129, 229, 167, 113, 176, 164, 188, 58, 62, 81, 127, 123, 183, 106, 144, 187, 168, 57, 13, 19, 196, 131, 225, 95, 41, 197, 203, 227, 53, 80, 77, 218, 142, 96, 43, 180, 189, 119, 153, 22, 220, 32, 230, 156, 132, 97, 40, 65, 110, 56, 146, 185, 194, 201, 14, 175, 101, 184, 90, 99, 217, 140, 11, 9, 12, 17, 21, 25, 28, 37, 38, 39, 51, 59, 68, 69, 70, 72, 73, 74, 75, 79, 84, 94, 98, 100, 111, 115, 116, 117, 118, 120, 122, 124, 141, 155, 158, 162, 165, 169, 171, 173, 174, 177, 179, 195, 205, 208, 209, 223, 226]
x_9: [3, 5, 7, 24, 207, 66, 161, 26, 69, 189, 22, 36, 199, 158, 216, 169, 176, 180, 21, 114, 218, 62, 98, 206, 111, 102, 43, 84, 113, 33, 160, 125, 55, 31, 154, 137, 105, 170, 76, 72, 64, 97, 192, 144, 2, 49, 136, 149, 6, 8, 156, 63, 214, 67, 53, 45, 73, 38, 139, 52, 70, 80, 150, 194, 65, 175, 115, 203, 221, 208, 219, 44, 140, 92, 126, 108, 220, 32, 197, 54, 147, 226, 99, 28, 146, 4, 173, 195, 186, 167, 35, 20, 129, 96, 112, 174, 83, 1, 184, 116, 90, 79, 103, 87, 201, 188, 127, 29, 166, 11, 14, 16, 27, 30, 34, 39, 42, 46, 48, 60, 71, 74, 77, 78, 85, 93, 100, 106, 107, 109, 110, 118, 120, 121, 122, 128, 132, 133, 134, 141, 142, 143, 151, 152, 153, 165, 187, 204, 209, 224, 225, 229, 230]
x_10: [5, 143, 1, 72, 163, 154, 185, 226, 190, 213, 187, 131, 51, 119, 214, 133, 105, 191, 183, 79, 180, 44, 116, 159, 172, 136, 93, 135, 174, 100, 149, 110, 104, 87, 221, 160, 150, 188, 230, 192, 18, 127, 64, 164, 167, 75, 162, 6, 13, 19, 23, 27, 28, 34, 36, 37, 41, 43, 46, 49, 52, 54, 59, 61, 63, 69, 71, 74, 76, 80, 84, 85, 89, 95, 96, 102, 106, 107, 112, 114, 117, 118, 120, 125, 126, 132, 134, 137, 141, 142, 147, 156, 157, 158, 165, 171, 179, 184, 186, 194, 199, 201, 203, 204, 206, 210, 211, 222, 223, 224, 227, 228]
x_11: [5, 6, 7, 8, 162, 40, 163, 200, 102, 201, 70, 217, 46, 197, 19, 209, 199, 155, 3, 90, 68, 205, 182, 106, 224, 176, 140, 78, 39, 119, 214, 67, 125, 44, 120, 131, 12, 26, 191, 152, 109, 18, 91, 169, 114, 43, 130, 42, 177, 24, 103, 71, 54, 136, 61, 227, 86, 69, 20, 179, 213, 134, 95, 143, 189, 13, 77, 168, 183, 92, 157, 190, 60, 101, 144, 45, 124, 203, 222, 85, 184, 57, 181, 63, 170, 219, 223, 160, 104, 82, 111, 195, 64, 202, 49, 161, 188, 149, 187, 38, 156, 118, 135, 36, 229, 113, 93, 80, 193, 62, 30, 53, 175, 79, 28, 59, 83, 127, 48, 15, 208, 153, 228, 56, 9, 186, 88, 215, 31, 178, 25, 14, 21, 23, 27, 32, 41, 51, 52, 72, 74, 84, 94, 98, 100, 112, 115, 121, 123, 126, 128, 132, 141, 146, 151, 154, 172, 192, 196, 204, 210, 211, 220, 225]
x_12: [4, 6, 11, 103, 60, 127, 116, 97, 193, 44, 61, 210, 73, 119, 141, 149, 100, 55, 184, 67, 85, 128, 152, 29, 21, 205, 2, 220, 123, 82, 228, 99, 218, 74, 51, 41, 226, 212, 195, 166, 39, 204, 8, 38, 225, 171, 139, 15, 145, 98, 66, 14, 17, 24, 27, 32, 34, 35, 36, 40, 42, 43, 45, 49, 52, 59, 62, 70, 72, 75, 76, 80, 84, 86, 90, 92, 107, 109, 110, 112, 113, 114, 117, 121, 125, 126, 133, 134, 136, 140, 142, 146, 150, 153, 155, 156, 159, 164, 165, 167, 168, 169, 172, 174, 187, 192, 194, 197, 203, 206, 208, 209, 214, 219, 223, 224, 230]
x_13: [5, 7, 8, 11, 21, 119, 167, 216, 78, 4, 10, 138, 16, 135, 34, 71, 200, 31, 111, 24, 49, 128, 164, 191, 72, 176, 210, 217, 50, 170, 115, 100, 85, 162, 17, 19, 27, 28, 32, 33, 35, 36, 41, 44, 52, 56, 69, 70, 73, 77, 82, 84, 86, 90, 93, 94, 98, 99, 109, 110, 113, 114, 117, 118, 121, 123, 125, 126, 127, 132, 133, 134, 139, 140, 141, 142, 144, 145, 150, 152, 153, 154, 155, 156, 158, 159, 161, 168, 172, 175, 181, 183, 184, 187, 189, 197, 198, 199, 206, 209, 214, 221, 223, 224]
x_14: [8, 67, 165, 163, 63, 16, 151, 202, 152, 45, 90, 110, 155, 179, 144, 164, 134, 91, 141, 106, 138, 52, 183, 226, 109, 170, 18, 69, 191, 157, 185, 193, 19, 65, 46, 25, 39, 53, 219, 12, 24, 209, 132, 121, 129, 95, 26, 81, 11, 33, 137, 9, 114, 171, 230, 102, 196, 182, 115, 21, 23, 27, 32, 34, 36, 37, 38, 40, 44, 47, 48, 50, 51, 54, 55, 56, 57, 59, 61, 64, 74, 76, 80, 82, 83, 84, 89, 96, 99, 101, 105, 107, 116, 120, 125, 126, 128, 136, 139, 142, 148, 153, 156, 159, 166, 167, 168, 172, 173, 175, 176, 181, 184, 189, 197, 198, 200, 201, 203, 206, 208, 210, 211, 214, 225, 227, 228, 229]
x_15: [4, 11, 12, 189, 135, 70, 24, 65, 205, 84, 16, 17, 20, 23, 25, 33, 34, 41, 42, 46, 47, 48, 61, 63, 67, 69, 71, 72, 74, 75, 80, 82, 83, 85, 89, 91, 93, 95, 96, 99, 100, 101, 102, 103, 106, 113, 114, 115, 116, 117, 126, 127, 130, 133, 136, 138, 142, 144, 151, 152, 154, 155, 164, 166, 168, 174, 175, 176, 179, 181, 185, 190, 191, 192, 199, 201, 202, 203, 204, 208, 212, 213, 215, 217, 219, 221, 223, 226]
x_16: [5, 8, 13, 14, 78, 9, 221, 99, 15, 188, 67, 81, 189, 34, 204, 98, 207, 30, 220, 174, 25, 109, 216, 63, 33, 35, 37, 38, 41, 42, 43, 45, 46, 54, 57, 61, 62, 64, 69, 70, 71, 79, 80, 82, 84, 85, 86, 95, 97, 100, 102, 103, 105, 106, 107, 110, 111, 113, 114, 116, 120, 125, 134, 136, 142, 143, 144, 146, 147, 150, 153, 155, 165, 166, 167, 168, 172, 175, 178, 179, 183, 184, 185, 186, 187, 193, 195, 199, 208, 209, 211, 213, 217, 222, 224, 226]
x_17: [1, 5, 6, 7, 143, 53, 85, 87, 131, 201, 101, 230, 150, 124, 27, 34, 168, 209, 115, 135, 144, 185, 217, 214, 149, 180, 134, 138, 8, 213, 75, 191, 41, 52, 95, 100, 84, 25, 105, 89, 33, 148, 12, 77, 205, 167, 137, 81, 107, 82, 91, 70, 192, 129, 3, 32, 39, 187, 147, 18, 116, 72, 123, 117, 94, 190, 98, 228, 21, 206, 15, 35, 13, 126, 219, 65, 63, 93, 165, 104, 79, 119, 154, 88, 130, 43, 38, 176, 57, 145, 29, 48, 197, 106, 159, 208, 26, 140, 175, 69, 183, 28, 19, 36, 37, 40, 42, 44, 45, 55, 56, 59, 60, 61, 62, 64, 78, 83, 92, 109, 111, 113, 114, 118, 120, 122, 125, 132, 136, 139, 152, 160, 164, 173, 174, 181, 186, 193, 199, 203, 210, 211, 222, 223, 225, 226]
x_18: [5, 10, 11, 14, 17, 162, 147, 135, 165, 21, 219, 19, 204, 218, 56, 215, 45, 131, 221, 111, 6, 152, 95, 217, 125, 182, 207, 73, 57, 229, 52, 154, 127, 222, 61, 109, 116, 173, 94, 140, 49, 205, 124, 186, 209, 216, 66, 105, 3, 192, 137, 198, 98, 132, 225, 20, 104, 158, 226, 149, 150, 91, 22, 33, 35, 36, 41, 42, 43, 44, 47, 48, 51, 55, 62, 67, 69, 70, 71, 81, 86, 90, 93, 96, 100, 106, 107, 110, 113, 115, 120, 123, 126, 133, 134, 142, 144, 151, 160, 168, 172, 174, 175, 176, 178, 179, 180, 181, 183, 185, 187, 188, 189, 193, 194, 196, 203, 206, 214, 224, 230]
x_19: [5, 6, 7, 8, 11, 14, 18, 118, 2, 49, 77, 179, 177, 165, 139, 31, 211, 78, 132, 228, 192, 81, 199, 140, 166, 147, 142, 73, 135, 106, 210, 133, 105, 155, 162, 149, 79, 116, 34, 130, 114, 151, 36, 141, 198, 42, 65, 163, 3, 109, 189, 170, 145, 10, 95, 108, 103, 169, 230, 193, 172, 24, 217, 99, 69, 119, 70, 204, 201, 96, 219, 124, 197, 87, 100, 117, 206, 30, 91, 38, 107, 45, 209, 67, 220, 33, 202, 74, 190, 71, 111, 86, 125, 56, 184, 213, 126, 17, 53, 39, 59, 187, 27, 40, 123, 26, 167, 186, 48, 214, 1, 23, 110, 157, 137, 89, 13, 174, 68, 176, 72, 46, 207, 181, 55, 222, 32, 115, 76, 175, 131, 128, 101, 156, 28, 158, 180, 52, 43, 134, 66, 191, 138, 223, 127, 208, 195, 160, 221, 194, 227, 182, 25, 44, 47, 51, 54, 61, 62, 64, 75, 80, 82, 85, 90, 98, 102, 146, 150, 152, 153, 159, 164, 178, 183, 185, 226]
x_20: [5, 6, 7, 9, 11, 18, 15, 139, 161, 113, 77, 195, 216, 26, 59, 131, 71, 70, 181, 64, 106, 38, 34, 66, 50, 105, 144, 162, 154, 137, 214, 156, 39, 72, 123, 179, 79, 69, 126, 55, 128, 95, 121, 62, 87, 46, 47, 190, 226, 149, 178, 116, 130, 84, 136, 177, 35, 166, 208, 229, 81, 160, 127, 21, 23, 24, 25, 27, 28, 44, 45, 48, 51, 54, 68, 73, 74, 78, 80, 86, 90, 93, 98, 107, 111, 114, 115, 117, 118, 122, 132, 133, 135, 140, 150, 157, 167, 172, 174, 176, 185, 191, 192, 194, 197, 203, 206, 210, 211, 215, 219, 221, 223, 225]
x_21: [6, 9, 12, 13, 17, 18, 85, 31, 33, 228, 36, 179, 66, 58, 23, 163, 138, 213, 180, 145, 45, 176, 30, 52, 129, 146, 169, 227, 79, 109, 84, 2, 199, 211, 158, 57, 22, 191, 72, 175, 161, 221, 88, 69, 154, 185, 133, 98, 32, 89, 65, 198, 37, 147, 11, 20, 24, 186, 27, 77, 82, 64, 136, 93, 8, 103, 96, 164, 177, 62, 25, 174, 71, 3, 132, 83, 29, 91, 206, 203, 165, 216, 156, 223, 70, 104, 148, 159, 122, 108, 101, 78, 230, 162, 141, 35, 14, 131, 46, 48, 49, 54, 56, 59, 61, 67, 68, 75, 76, 86, 87, 90, 99, 100, 105, 107, 114, 115, 116, 118, 120, 123, 125, 128, 134, 139, 143, 144, 150, 155, 157, 166, 167, 173, 184, 187, 188, 189, 192, 194, 197, 201, 204, 209, 210, 219, 220, 225]
x_22: [5, 8, 9, 21, 45, 62, 56, 230, 112, 71, 140, 6, 65, 138, 70, 136, 68, 122, 33, 104, 182, 27, 191, 96, 18, 168, 93, 143, 217, 206, 186, 24, 25, 28, 30, 36, 37, 43, 44, 46, 47, 52, 53, 59, 61, 64, 69, 76, 77, 78, 79, 80, 95, 99, 100, 105, 106, 107, 111, 115, 116, 118, 121, 126, 129, 132, 133, 134, 139, 141, 142, 147, 148, 152, 154, 155, 156, 162, 165, 166, 167, 170, 174, 175, 179, 187, 197, 199, 203, 204, 209, 214, 221, 223, 226, 227, 228]
x_23: [4, 6, 8, 19, 21, 176, 149, 159, 79, 115, 175, 34, 40, 20, 37, 174, 226, 212, 56, 124, 216, 206, 218, 197, 86, 94, 228, 75, 41, 204, 98, 214, 113, 104, 31, 154, 38, 70, 76, 171, 205, 164, 155, 3, 138, 209, 165, 192, 144, 26, 118, 200, 111, 109, 71, 95, 105, 156, 119, 14, 121, 10, 166, 181, 179, 1, 208, 11, 213, 29, 151, 36, 136, 131, 196, 92, 142, 201, 146, 168, 122, 210, 63, 207, 160, 62, 28, 224, 30, 199, 81, 187, 89, 65, 169, 161, 230, 198, 15, 158, 112, 107, 97, 194, 88, 24, 25, 33, 39, 42, 44, 45, 49, 52, 57, 59, 61, 66, 80, 82, 87, 90, 106, 110, 117, 126, 129, 139, 147, 150, 153, 178, 180, 184, 211, 217, 219, 222, 225, 229]
x_24: [4, 6, 7, 9, 11, 13, 14, 15, 19, 21, 180, 61, 163, 157, 133, 37, 88, 173, 30, 229, 132, 45, 140, 165, 161, 125, 194, 182, 32, 150, 123, 230, 54, 99, 162, 214, 102, 184, 59, 26, 64, 86, 85, 169, 63, 201, 174, 119, 191, 121, 95, 127, 167, 198, 170, 186, 50, 111, 113, 103, 139, 31, 147, 69, 215, 33, 39, 97, 107, 28, 205, 168, 20, 47, 118, 197, 171, 129, 209, 74, 40, 135, 212, 66, 5, 208, 181, 189, 203, 138, 179, 101, 2, 206, 109, 41, 46, 62, 199, 143, 42, 56, 110, 204, 49, 130, 177, 200, 120, 146, 100, 23, 144, 25, 12, 220, 80, 72, 43, 153, 35, 82, 137, 115, 142, 207, 52, 210, 93, 67, 217, 185, 160, 22, 188, 87, 65, 90, 27, 34, 48, 51, 53, 71, 73, 76, 77, 78, 81, 84, 92, 96, 106, 136, 148, 152, 154, 156, 166, 175, 176, 178, 187, 192, 222, 223, 224, 226]
x_25: [1, 5, 11, 14, 16, 17, 21, 24, 72, 145, 120, 4, 39, 34, 65, 58, 51, 19, 206, 149, 138, 159, 140, 110, 184, 224, 62, 148, 36, 142, 118, 101, 183, 22, 161, 20, 40, 202, 171, 15, 8, 192, 104, 98, 107, 175, 152, 153, 173, 218, 74, 52, 170, 185, 102, 92, 215, 46, 77, 182, 37, 90, 126, 75, 23, 132, 212, 54, 181, 119, 6, 205, 208, 160, 27, 158, 96, 194, 114, 66, 213, 201, 81, 41, 162, 211, 35, 38, 43, 47, 48, 49, 53, 59, 61, 63, 68, 70, 71, 79, 80, 84, 87, 89, 93, 99, 100, 106, 111, 112, 113, 115, 116, 117, 121, 134, 136, 139, 141, 147, 150, 151, 154, 163, 165, 166, 172, 179, 186, 187, 189, 193, 197, 199, 204, 222, 223, 225, 228, 229]
x_26: [3, 5, 6, 7, 9, 11, 14, 17, 19, 20, 23, 24, 29, 219, 112, 163, 151, 63, 191, 54, 130, 102, 32, 182, 55, 210, 99, 170, 133, 35, 209, 184, 149, 66, 186, 1, 31, 27, 28, 34, 38, 42, 45, 49, 51, 53, 64, 68, 72, 76, 80, 93, 94, 95, 100, 101, 105, 109, 110, 111, 113, 114, 115, 116, 118, 119, 121, 122, 125, 126, 128, 129, 132, 134, 136, 142, 143, 152, 153, 154, 156, 157, 160, 164, 165, 167, 172, 174, 183, 185, 187, 190, 192, 194, 197, 199, 201, 203, 204, 211, 213, 215, 221, 222, 223, 224, 225, 226, 229]
x_27: [1, 5, 6, 17, 19, 21, 22, 25, 52, 196, 145, 97, 170, 124, 140, 158, 60, 69, 10, 164, 43, 172, 142, 129, 219, 106, 71, 197, 108, 103, 70, 127, 26, 213, 214, 34, 48, 144, 117, 193, 12, 126, 55, 101, 211, 187, 138, 87, 63, 20, 174, 192, 11, 217, 109, 114, 49, 45, 153, 131, 99, 134, 93, 51, 169, 225, 151, 194, 199, 88, 14, 118, 157, 46, 229, 38, 74, 121, 150, 222, 102, 24, 204, 132, 216, 147, 166, 78, 91, 13, 224, 123, 110, 82, 39, 143, 218, 72, 156, 202, 203, 107, 7, 148, 149, 30, 136, 4, 86, 95, 9, 125, 230, 163, 139, 115, 208, 42, 84, 28, 104, 67, 183, 162, 64, 210, 68, 141, 73, 159, 182, 44, 31, 33, 37, 40, 41, 54, 57, 61, 76, 80, 90, 94, 96, 98, 105, 111, 112, 113, 119, 122, 137, 146, 155, 161, 165, 167, 168, 175, 176, 179, 184, 185, 189, 201, 205, 206, 209, 212, 215, 221, 223, 226, 227, 228]
x_28: [4, 5, 6, 7, 9, 11, 17, 19, 23, 24, 27, 106, 22, 33, 73, 142, 186, 165, 68, 61, 54, 26, 71, 185, 123, 13, 189, 132, 78, 202, 224, 208, 53, 211, 140, 20, 141, 81, 87, 76, 221, 133, 35, 10, 114, 209, 94, 205, 192, 8, 107, 42, 228, 143, 181, 151, 180, 170, 162, 135, 109, 48, 51, 60, 30, 34, 130, 32, 69, 118, 201, 37, 38, 40, 41, 43, 45, 49, 52, 57, 62, 63, 67, 70, 72, 75, 84, 86, 90, 93, 95, 97, 99, 105, 110, 111, 112, 113, 115, 117, 127, 131, 134, 136, 150, 152, 153, 154, 156, 157, 158, 164, 166, 167, 168, 172, 175, 183, 184, 187, 191, 193, 197, 200, 204, 212, 222, 223, 226, 227, 229]
x_29: [5, 6, 9, 12, 17, 21, 23, 26, 93, 117, 86, 158, 186, 91, 57, 163, 3, 4, 126, 43, 65, 142, 32, 33, 39, 40, 41, 42, 44, 45, 47, 50, 52, 54, 59, 61, 62, 63, 64, 69, 70, 71, 72, 74, 81, 84, 89, 90, 95, 100, 102, 106, 107, 109, 111, 113, 114, 116, 118, 120, 121, 125, 127, 128, 132, 133, 135, 136, 139, 143, 147, 150, 152, 153, 155, 165, 166, 167, 168, 172, 175, 176, 178, 180, 185, 187, 192, 193, 198, 203, 204, 206, 209, 210, 211, 215, 220, 221, 222, 223, 226]
x_30: [5, 6, 11, 16, 19, 21, 23, 24, 27, 28, 3, 59, 196, 228, 22, 135, 210, 45, 9, 136, 52, 33, 34, 36, 41, 42, 44, 48, 49, 51, 67, 69, 71, 74, 76, 78, 86, 87, 95, 99, 100, 105, 107, 110, 112, 116, 117, 119, 120, 121, 123, 125, 129, 130, 132, 142, 147, 154, 155, 156, 162, 164, 165, 166, 167, 172, 174, 177, 178, 179, 181, 184, 185, 186, 187, 188, 189, 192, 194, 197, 202, 211, 213, 214, 216, 218, 222, 224, 225, 226, 229]
x_31: [1, 3, 9, 11, 13, 19, 21, 23, 24, 26, 114, 74, 63, 126, 130, 96, 84, 101, 168, 50, 153, 47, 49, 176, 160, 77, 149, 110, 158, 122, 94, 6, 125, 27, 169, 161, 148, 171, 159, 217, 111, 212, 182, 150, 88, 87, 166, 108, 180, 132, 206, 127, 216, 214, 156, 145, 170, 141, 129, 219, 32, 34, 35, 37, 39, 41, 42, 44, 46, 55, 56, 61, 62, 68, 71, 75, 78, 89, 90, 93, 95, 99, 100, 102, 104, 109, 112, 113, 117, 121, 128, 134, 135, 139, 154, 157, 164, 165, 172, 178, 179, 181, 185, 189, 192, 194, 199, 203, 204, 209, 223, 224, 225, 228, 230]
x_32: [8, 9, 17, 19, 21, 24, 26, 28, 154, 175, 190, 148, 220, 197, 116, 155, 121, 43, 214, 69, 173, 210, 135, 78, 145, 196, 207, 102, 156, 139, 67, 66, 80, 4, 194, 12, 201, 118, 229, 92, 60, 131, 114, 54, 180, 122, 86, 179, 161, 38, 99, 221, 112, 14, 165, 29, 224, 3, 193, 79, 97, 84, 87, 151, 225, 202, 211, 223, 13, 184, 85, 31, 172, 166, 33, 200, 177, 76, 105, 88, 7, 47, 130, 192, 147, 94, 108, 119, 208, 222, 51, 11, 159, 62, 162, 58, 63, 183, 37, 41, 48, 49, 59, 61, 70, 72, 73, 75, 77, 90, 95, 100, 106, 109, 110, 111, 115, 123, 125, 126, 128, 133, 134, 136, 140, 141, 142, 143, 144, 150, 152, 157, 160, 164, 167, 168, 176, 182, 185, 186, 203, 215, 216, 217, 219, 226]
x_33: [5, 6, 7, 8, 9, 14, 17, 19, 21, 22, 24, 28, 32, 54, 160, 39, 185, 77, 191, 226, 93, 1, 183, 181, 176, 79, 114, 128, 44, 173, 38, 95, 112, 142, 88, 224, 206, 132, 126, 82, 155, 29, 150, 166, 75, 208, 141, 170, 71, 110, 3, 216, 80, 193, 23, 164, 30, 129, 57, 223, 156, 192, 165, 68, 96, 201, 60, 27, 153, 131, 42, 34, 13, 227, 18, 56, 16, 109, 188, 184, 219, 15, 138, 87, 86, 157, 144, 55, 121, 52, 69, 76, 149, 41, 43, 45, 49, 50, 53, 63, 64, 72, 74, 85, 89, 94, 99, 107, 113, 115, 117, 118, 120, 122, 123, 125, 139, 140, 152, 158, 168, 172, 174, 175, 179, 180, 186, 187, 189, 194, 196, 199, 203, 204, 210, 211, 213, 217, 221, 222, 225, 228]
x_34: [4, 5, 13, 16, 17, 19, 20, 23, 25, 27, 28, 33, 134, 65, 228, 60, 47, 54, 101, 62, 143, 180, 116, 10, 85, 84, 105, 31, 145, 48, 130, 164, 24, 195, 56, 58, 46, 78, 207, 26, 204, 81, 225, 186, 38, 214, 114, 39, 12, 192, 74, 89, 15, 151, 52, 59, 171, 14, 187, 30, 202, 208, 191, 57, 183, 135, 109, 224, 64, 185, 9, 196, 50, 90, 92, 117, 169, 223, 158, 98, 222, 174, 99, 110, 63, 213, 126, 88, 155, 167, 198, 205, 112, 227, 71, 137, 86, 194, 95, 94, 91, 102, 121, 131, 44, 146, 141, 43, 37, 40, 41, 42, 45, 55, 61, 66, 68, 69, 70, 73, 75, 77, 79, 83, 87, 96, 103, 107, 111, 120, 125, 127, 129, 132, 136, 140, 144, 148, 150, 152, 153, 154, 156, 157, 162, 166, 172, 177, 178, 179, 181, 206, 211, 216, 219, 229]
x_35: [5, 6, 9, 17, 20, 21, 24, 26, 28, 166, 161, 39, 42, 209, 157, 65, 61, 92, 81, 44, 71, 220, 122, 80, 110, 40, 141, 91, 227, 116, 217, 176, 18, 48, 123, 137, 12, 186, 50, 167, 189, 94, 130, 223, 218, 201, 129, 208, 171, 96, 88, 168, 31, 97, 70, 158, 183, 205, 54, 16, 64, 215, 78, 84, 145, 104, 63, 93, 198, 13, 60, 75, 179, 146, 2, 51, 25, 58, 95, 228, 69, 37, 59, 147, 131, 139, 154, 222, 203, 111, 221, 224, 113, 149, 132, 47, 36, 62, 68, 72, 82, 83, 89, 98, 100, 107, 121, 125, 134, 140, 150, 151, 152, 153, 159, 160, 162, 165, 174, 175, 178, 181, 182, 184, 187, 192, 197, 202, 204, 211, 213]
x_36: [8, 9, 11, 19, 21, 23, 25, 71, 53, 59, 196, 37, 35, 198, 54, 6, 42, 125, 93, 48, 13, 201, 22, 157, 61, 174, 179, 223, 55, 113, 165, 168, 51, 155, 88, 43, 148, 177, 215, 214, 172, 181, 5, 56, 81, 228, 123, 142, 10, 14, 219, 94, 128, 144, 90, 18, 131, 82, 171, 190, 146, 80, 147, 124, 87, 107, 218, 68, 17, 169, 166, 220, 83, 47, 84, 58, 210, 65, 79, 4, 76, 163, 75, 30, 111, 72, 92, 197, 185, 145, 127, 73, 156, 66, 173, 45, 91, 102, 134, 191, 224, 50, 116, 39, 63, 187, 164, 64, 133, 130, 121, 180, 204, 44, 182, 99, 186, 213, 152, 151, 96, 216, 95, 211, 170, 140, 78, 114, 195, 12, 207, 126, 3, 60, 227, 225, 41, 69, 70, 85, 103, 106, 112, 115, 117, 120, 122, 132, 153, 158, 178, 199, 208, 209, 221, 226, 230]
x_37: [7, 21, 23, 24, 25, 35, 36, 16, 114, 168, 42, 131, 54, 103, 120, 32, 81, 68, 44, 85, 34, 47, 207, 190, 159, 136, 79, 60, 142, 181, 110, 118, 80, 134, 158, 130, 152, 216, 202, 53, 73, 173, 40, 175, 2, 209, 88, 31, 109, 98, 183, 132, 189, 46, 228, 113, 116, 137, 94, 214, 14, 22, 185, 28, 138, 100, 102, 122, 115, 219, 10, 151, 50, 126, 75, 90, 199, 194, 45, 154, 70, 225, 8, 143, 205, 172, 17, 141, 59, 218, 82, 86, 191, 27, 192, 72, 105, 43, 139, 222, 227, 220, 123, 39, 38, 157, 58, 208, 56, 117, 167, 179, 48, 51, 61, 62, 64, 69, 71, 74, 77, 78, 101, 107, 119, 121, 125, 128, 140, 144, 147, 148, 155, 156, 160, 162, 165, 174, 180, 184, 186, 197, 203, 206, 211, 213, 217, 224, 226, 229]
x_38: [5, 6, 9, 11, 12, 17, 19, 20, 23, 27, 32, 33, 34, 37, 39, 96, 144, 83, 72, 102, 4, 100, 125, 184, 115, 78, 190, 183, 165, 149, 81, 218, 193, 75, 45, 26, 126, 47, 40, 118, 28, 138, 82, 211, 127, 174, 163, 88, 186, 152, 205, 119, 177, 101, 56, 43, 62, 52, 220, 153, 63, 14, 200, 159, 195, 16, 85, 108, 8, 89, 93, 154, 226, 170, 224, 105, 54, 202, 219, 74, 58, 179, 99, 172, 199, 3, 167, 90, 155, 201, 158, 215, 229, 57, 60, 157, 53, 182, 76, 25, 112, 2, 207, 41, 42, 44, 48, 49, 55, 59, 67, 69, 70, 71, 73, 80, 84, 86, 95, 106, 107, 109, 110, 114, 121, 122, 123, 129, 134, 135, 136, 140, 143, 147, 148, 160, 164, 168, 171, 175, 180, 181, 185, 189, 194, 197, 206, 208, 213, 214, 217, 222, 223]
x_39: [7, 11, 12, 14, 17, 19, 20, 24, 25, 27, 33, 34, 35, 36, 37, 38, 207, 105, 40, 29, 137, 203, 188, 210, 46, 193, 88, 97, 112, 84, 139, 224, 164, 180, 134, 71, 54, 50, 41, 43, 138, 42, 31, 114, 150, 111, 218, 86, 156, 204, 175, 82, 153, 6, 92, 200, 45, 58, 61, 178, 128, 152, 126, 9, 167, 23, 121, 145, 93, 182, 72, 229, 190, 90, 99, 122, 8, 136, 119, 228, 51, 185, 62, 53, 177, 205, 2, 179, 78, 47, 48, 49, 55, 59, 63, 64, 70, 74, 75, 76, 80, 87, 101, 102, 103, 107, 110, 115, 116, 118, 120, 125, 135, 148, 159, 160, 162, 165, 166, 168, 169, 172, 176, 187, 189, 192, 197, 198, 199, 208, 211, 212, 213, 223, 225, 226]
x_40: [7, 8, 11, 19, 23, 24, 25, 35, 37, 38, 39, 210, 133, 49, 205, 28, 209, 206, 198, 220, 29, 222, 103, 85, 27, 115, 184, 148, 134, 182, 167, 124, 171, 72, 111, 96, 166, 90, 193, 99, 106, 112, 95, 141, 53, 51, 17, 61, 62, 6, 172, 101, 117, 201, 158, 113, 146, 14, 45, 211, 135, 2, 12, 219, 202, 107, 34, 221, 178, 42, 43, 46, 48, 54, 56, 59, 64, 67, 69, 71, 75, 80, 82, 86, 87, 98, 100, 110, 116, 120, 125, 126, 128, 132, 136, 139, 142, 143, 147, 150, 152, 154, 164, 165, 168, 170, 174, 179, 181, 183, 185, 191, 192, 196, 197, 199, 200, 204, 208, 213, 224]
x_41: [5, 6, 7, 8, 12, 17, 23, 24, 25, 39, 96, 107, 200, 88, 150, 192, 13, 130, 117, 34, 177, 134, 94, 16, 90, 31, 216, 221, 63, 163, 164, 32, 112, 207, 74, 121, 124, 18, 193, 204, 151, 111, 140, 155, 129, 33, 138, 218, 173, 181, 101, 165, 105, 62, 98, 123, 214, 188, 82, 113, 30, 54, 152, 157, 222, 179, 95, 27, 91, 28, 227, 51, 29, 168, 1, 132, 61, 79, 125, 147, 110, 144, 77, 161, 11, 172, 153, 71, 159, 57, 69, 223, 83, 199, 114, 137, 15, 45, 191, 76, 47, 131, 169, 102, 195, 171, 178, 106, 176, 162, 38, 127, 211, 229, 212, 93, 67, 217, 215, 80, 203, 139, 226, 78, 36, 10, 115, 43, 49, 53, 55, 64, 68, 85, 92, 99, 103, 116, 118, 122, 135, 142, 143, 146, 148, 154, 160, 167, 174, 175, 184, 185, 186, 187, 196, 197, 206, 210, 213, 224, 225]
x_42: [4, 5, 6, 11, 19, 24, 27, 28, 33, 35, 36, 37, 39, 146, 84, 139, 96, 183, 138, 52, 198, 69, 160, 208, 17, 201, 119, 73, 166, 186, 129, 178, 145, 103, 29, 26, 176, 83, 155, 159, 164, 179, 177, 147, 228, 115, 157, 128, 136, 88, 151, 224, 174, 12, 49, 44, 15, 158, 30, 207, 31, 143, 79, 193, 137, 59, 222, 56, 23, 91, 230, 216, 112, 74, 148, 64, 18, 220, 153, 68, 111, 122, 109, 48, 55, 197, 9, 211, 194, 110, 218, 107, 131, 38, 46, 203, 58, 16, 94, 223, 209, 57, 66, 40, 229, 181, 134, 98, 123, 188, 1, 121, 80, 199, 204, 180, 75, 54, 205, 34, 163, 170, 202, 118, 7, 60, 127, 227, 76, 133, 86, 63, 126, 92, 43, 45, 47, 51, 53, 61, 67, 70, 72, 82, 89, 90, 93, 95, 100, 106, 113, 114, 116, 117, 150, 152, 156, 165, 167, 168, 171, 185, 206, 210, 219, 226]
x_43: [5, 6, 8, 9, 11, 17, 19, 24, 27, 29, 32, 34, 36, 37, 38, 39, 165, 153, 163, 229, 160, 111, 103, 142, 108, 215, 194, 7, 161, 223, 109, 33, 16, 75, 100, 158, 164, 25, 52, 154, 70, 123, 68, 131, 213, 197, 28, 84, 201, 40, 144, 183, 138, 67, 173, 174, 170, 188, 198, 95, 117, 193, 73, 206, 22, 105, 181, 98, 150, 185, 199, 101, 126, 216, 60, 97, 106, 64, 76, 157, 89, 18, 212, 12, 79, 91, 121, 159, 92, 218, 220, 44, 228, 225, 135, 155, 180, 56, 80, 83, 78, 151, 2, 169, 124, 65, 224, 59, 62, 221, 42, 209, 204, 219, 81, 99, 55, 41, 10, 115, 203, 230, 57, 45, 46, 48, 51, 54, 61, 63, 69, 72, 74, 93, 107, 110, 112, 113, 116, 118, 122, 125, 129, 132, 134, 136, 139, 143, 146, 147, 156, 167, 172, 179, 184, 189, 195, 202, 211]
x_44: [4, 5, 8, 9, 10, 11, 12, 27, 33, 34, 35, 36, 37, 42, 43, 204, 167, 115, 87, 22, 18, 19, 211, 60, 31, 135, 119, 183, 212, 143, 118, 3, 154, 111, 139, 29, 50, 63, 79, 55, 133, 156, 76, 68, 90, 69, 74, 13, 224, 161, 200, 219, 113, 53, 20, 81, 116, 170, 78, 30, 64, 173, 223, 163, 160, 153, 176, 227, 172, 7, 187, 144, 59, 213, 122, 45, 215, 137, 58, 17, 83, 148, 67, 102, 140, 72, 91, 99, 104, 136, 120, 23, 47, 195, 123, 145, 101, 159, 54, 14, 217, 82, 38, 57, 226, 105, 214, 152, 46, 48, 49, 51, 52, 70, 71, 80, 84, 93, 96, 98, 100, 107, 112, 114, 121, 125, 127, 129, 131, 134, 147, 157, 168, 178, 181, 185, 193, 197, 203, 206, 208, 209, 222, 225, 229]
x_45: [4, 7, 8, 9, 11, 14, 18, 19, 21, 22, 24, 27, 30, 36, 37, 38, 39, 40, 41, 44, 213, 129, 226, 201, 17, 205, 177, 34, 143, 106, 140, 100, 70, 152, 12, 56, 50, 78, 181, 98, 77, 133, 6, 146, 69, 49, 138, 134, 190, 137, 228, 42, 59, 23, 54, 123, 43, 169, 216, 104, 73, 206, 26, 215, 182, 151, 111, 122, 210, 145, 120, 208, 170, 28, 222, 224, 58, 33, 87, 130, 127, 132, 95, 220, 150, 64, 217, 114, 67, 92, 99, 97, 159, 47, 176, 223, 154, 162, 207, 89, 20, 108, 225, 16, 196, 118, 29, 161, 166, 60, 117, 90, 86, 46, 48, 51, 53, 55, 68, 75, 93, 94, 105, 107, 109, 110, 115, 116, 121, 125, 128, 135, 136, 139, 141, 147, 157, 165, 167, 168, 178, 183, 184, 188, 189, 192, 194, 195, 197, 202, 203, 209, 211, 218, 229, 230]
x_46: [4, 7, 8, 11, 14, 19, 20, 24, 25, 27, 34, 37, 39, 42, 10, 71, 216, 151, 135, 197, 158, 217, 86, 147, 43, 111, 176, 80, 184, 114, 187, 63, 126, 192, 99, 129, 66, 31, 74, 67, 145, 22, 84, 161, 132, 170, 47, 57, 76, 190, 21, 44, 117, 96, 103, 164, 209, 199, 116, 222, 207, 174, 121, 171, 214, 172, 9, 16, 5, 72, 69, 138, 123, 159, 175, 87, 224, 88, 61, 218, 58, 89, 189, 183, 15, 6, 113, 51, 101, 40, 60, 102, 45, 82, 2, 215, 109, 173, 133, 49, 155, 97, 106, 131, 110, 70, 188, 108, 230, 140, 200, 130, 160, 124, 182, 223, 142, 62, 92, 139, 208, 227, 181, 136, 48, 52, 56, 59, 64, 73, 79, 85, 90, 93, 94, 95, 98, 105, 112, 115, 122, 128, 143, 146, 148, 150, 152, 157, 162, 165, 168, 178, 179, 180, 186, 193, 194, 198, 201, 203, 204, 206, 211, 213, 219, 221, 225, 229]
x_47: [4, 6, 20, 24, 31, 32, 34, 35, 36, 37, 38, 41, 44, 45, 46, 68, 219, 169, 19, 182, 225, 100, 42, 198, 205, 151, 65, 126, 5, 211, 124, 29, 57, 39, 99, 15, 18, 25, 120, 141, 187, 168, 202, 7, 70, 14, 136, 121, 228, 190, 165, 54, 92, 153, 113, 87, 82, 224, 98, 75, 22, 59, 48, 53, 56, 61, 69, 74, 76, 79, 80, 83, 84, 85, 90, 93, 95, 102, 105, 106, 111, 114, 115, 117, 118, 123, 125, 128, 129, 132, 139, 140, 143, 152, 154, 159, 162, 164, 167, 170, 174, 177, 178, 180, 181, 184, 193, 194, 197, 203, 204, 206, 208, 209, 210, 213, 215, 221, 223, 226, 230]
x_48: [3, 5, 7, 11, 17, 19, 27, 28, 34, 35, 36, 42, 186, 113, 144, 90, 110, 111, 182, 187, 191, 112, 151, 69, 39, 220, 14, 85, 91, 97, 18, 162, 152, 204, 82, 148, 46, 38, 196, 185, 216, 161, 30, 137, 53, 123, 181, 60, 92, 158, 136, 183, 198, 77, 44, 218, 192, 166, 103, 109, 126, 200, 9, 20, 95, 64, 40, 55, 102, 114, 131, 70, 153, 87, 124, 88, 21, 157, 15, 199, 143, 121, 24, 47, 72, 50, 118, 139, 179, 221, 175, 68, 99, 223, 119, 62, 188, 81, 176, 155, 164, 75, 89, 169, 222, 178, 159, 150, 227, 202, 101, 195, 209, 115, 219, 177, 167, 25, 104, 189, 32, 145, 226, 105, 45, 37, 207, 74, 133, 180, 106, 211, 43, 146, 76, 208, 66, 190, 174, 83, 117, 54, 61, 73, 80, 84, 93, 116, 125, 140, 142, 165, 168, 171, 172, 184, 194, 205, 206, 210, 213, 224, 230]
x_49: [3, 5, 6, 9, 11, 13, 18, 19, 24, 27, 31, 40, 42, 45, 46, 143, 170, 33, 129, 230, 165, 21, 155, 151, 158, 101, 67, 126, 187, 206, 161, 190, 75, 41, 216, 163, 69, 100, 71, 32, 66, 214, 172, 204, 28, 120, 39, 62, 201, 61, 58, 209, 25, 10, 149, 169, 30, 12, 65, 107, 38, 89, 205, 160, 211, 138, 147, 225, 222, 44, 91, 213, 102, 212, 132, 203, 145, 84, 136, 220, 162, 207, 193, 4, 148, 77, 26, 116, 23, 1, 224, 72, 141, 79, 152, 195, 118, 99, 208, 166, 171, 200, 131, 227, 191, 7, 94, 182, 115, 111, 173, 96, 55, 85, 159, 51, 53, 56, 59, 63, 74, 76, 80, 82, 83, 90, 95, 97, 105, 106, 109, 113, 114, 117, 121, 122, 130, 134, 139, 142, 146, 150, 153, 154, 157, 168, 177, 178, 184, 194, 197, 202, 210, 219, 228, 229]
x_50: [5, 13, 20, 24, 31, 34, 35, 36, 37, 39, 44, 45, 48, 143, 58, 158, 2, 59, 182, 216, 124, 92, 165, 33, 105, 172, 88, 110, 160, 113, 29, 65, 14, 136, 76, 184, 132, 82, 51, 54, 215, 189, 62, 97, 89, 66, 224, 1, 126, 53, 55, 61, 68, 69, 75, 77, 87, 93, 94, 95, 99, 100, 106, 109, 115, 116, 121, 122, 125, 128, 129, 135, 142, 144, 148, 150, 152, 153, 154, 155, 157, 162, 167, 168, 174, 175, 180, 186, 187, 193, 194, 198, 199, 200, 203, 204, 208, 209, 210, 213, 221, 222, 223, 228, 229]
x_51: [6, 10, 12, 25, 27, 28, 32, 35, 36, 39, 40, 41, 46, 50, 130, 110, 196, 124, 24, 133, 205, 214, 71, 26, 57, 104, 37, 30, 171, 113, 211, 56, 42, 70, 94, 215, 181, 84, 89, 192, 65, 146, 194, 8, 66, 200, 153, 138, 5, 88, 45, 179, 52, 67, 165, 59, 19, 177, 95, 193, 209, 197, 49, 2, 101, 87, 147, 85, 176, 204, 106, 151, 203, 158, 198, 91, 20, 206, 217, 112, 58, 157, 121, 226, 73, 184, 136, 14, 44, 160, 218, 76, 109, 103, 18, 102, 188, 54, 216, 122, 172, 127, 105, 201, 166, 43, 183, 169, 168, 80, 143, 221, 77, 202, 132, 78, 86, 134, 83, 72, 11, 129, 148, 128, 68, 75, 230, 100, 173, 114, 228, 185, 227, 99, 150, 53, 82, 191, 64, 69, 74, 90, 93, 98, 115, 116, 117, 118, 125, 126, 135, 139, 141, 142, 155, 159, 167, 174, 186, 187, 189, 199, 210, 213, 222, 224, 225, 229]
x_52: [4, 5, 9, 14, 17, 18, 19, 21, 24, 25, 27, 30, 33, 34, 38, 42, 43, 51, 11, 107, 204, 28, 159, 161, 180, 83, 3, 89, 62, 160, 91, 133, 112, 183, 134, 22, 86, 168, 114, 7, 44, 229, 207, 226, 191, 72, 206, 172, 158, 213, 54, 219, 203, 110, 75, 162, 12, 10, 128, 100, 223, 139, 176, 169, 29, 98, 74, 13, 59, 108, 151, 148, 125, 154, 53, 149, 131, 173, 23, 87, 163, 104, 222, 46, 200, 61, 214, 67, 69, 71, 76, 77, 79, 80, 82, 84, 90, 94, 95, 96, 113, 117, 118, 119, 120, 121, 126, 129, 132, 135, 136, 140, 141, 147, 150, 152, 156, 164, 165, 167, 174, 175, 177, 179, 184, 187, 189, 192, 194, 195, 210, 211, 215, 224]
x_53: [4, 5, 7, 8, 9, 11, 14, 17, 19, 28, 36, 37, 38, 39, 40, 44, 48, 51, 52, 222, 206, 164, 108, 174, 102, 56, 66, 200, 1, 73, 67, 22, 47, 159, 65, 194, 115, 178, 112, 79, 26, 77, 202, 123, 45, 210, 141, 54, 33, 173, 103, 142, 3, 146, 129, 187, 98, 88, 25, 42, 154, 179, 180, 175, 148, 165, 97, 136, 185, 6, 57, 104, 172, 2, 107, 196, 158, 205, 198, 215, 190, 168, 49, 41, 24, 157, 116, 139, 140, 86, 219, 171, 50, 130, 153, 211, 100, 64, 75, 229, 183, 162, 69, 93, 149, 186, 71, 221, 55, 61, 62, 70, 78, 80, 81, 82, 84, 94, 95, 105, 110, 111, 113, 114, 118, 119, 122, 125, 133, 134, 135, 150, 152, 167, 169, 176, 181, 184, 188, 189, 192, 199, 208, 209, 213, 218, 228, 230]
x_54: [1, 5, 6, 9, 11, 24, 25, 26, 28, 32, 33, 34, 35, 36, 37, 38, 39, 41, 42, 44, 45, 47, 50, 51, 52, 53, 170, 27, 56, 71, 189, 83, 57, 168, 166, 156, 100, 68, 66, 55, 163, 67, 97, 197, 222, 40, 185, 128, 112, 78, 218, 94, 104, 200, 220, 92, 159, 74, 72, 205, 124, 201, 149, 16, 19, 20, 199, 127, 117, 79, 69, 87, 216, 2, 213, 177, 174, 158, 111, 209, 224, 109, 194, 125, 195, 190, 221, 101, 75, 228, 21, 187, 181, 146, 110, 98, 215, 14, 29, 59, 123, 99, 176, 178, 89, 130, 113, 208, 198, 43, 162, 145, 48, 10, 129, 62, 64, 76, 80, 81, 85, 90, 106, 107, 114, 115, 116, 119, 120, 131, 134, 135, 136, 139, 141, 142, 143, 150, 152, 154, 155, 157, 160, 165, 167, 169, 175, 179, 183, 184, 204, 206, 210, 219, 223, 226, 227, 229]
x_55: [5, 9, 12, 19, 20, 26, 27, 33, 36, 42, 43, 44, 48, 49, 54, 175, 64, 196, 34, 31, 71, 143, 4, 2, 96, 74, 213, 214, 14, 80, 169, 174, 38, 18, 184, 41, 151, 108, 69, 208, 50, 155, 107, 56, 201, 101, 139, 218, 126, 45, 17, 206, 128, 63, 53, 39, 57, 59, 62, 67, 72, 75, 76, 81, 82, 85, 89, 95, 99, 106, 110, 111, 112, 113, 115, 116, 117, 118, 120, 123, 125, 132, 133, 134, 136, 140, 141, 142, 147, 150, 156, 162, 165, 177, 178, 181, 185, 186, 192, 193, 195, 197, 203, 204, 205, 209, 211, 215, 216, 223, 226]
x_56: [5, 6, 8, 11, 18, 19, 22, 23, 24, 33, 34, 36, 37, 38, 42, 43, 45, 51, 53, 54, 55, 49, 157, 158, 180, 141, 67, 17, 198, 193, 219, 147, 96, 21, 92, 136, 72, 46, 169, 146, 121, 111, 201, 143, 148, 182, 144, 57, 142, 151, 31, 204, 227, 112, 190, 110, 95, 58, 114, 173, 101, 86, 172, 47, 14, 197, 13, 221, 159, 119, 170, 185, 120, 91, 40, 118, 61, 62, 64, 70, 78, 79, 80, 83, 90, 93, 99, 100, 102, 106, 107, 113, 115, 116, 122, 123, 127, 129, 132, 133, 134, 140, 150, 152, 154, 155, 160, 162, 164, 165, 166, 168, 171, 176, 178, 181, 183, 184, 192, 194, 202, 203, 206, 209, 210, 211, 212, 222, 225, 226, 228, 229, 230]
x_57: [3, 5, 7, 8, 11, 17, 18, 21, 29, 33, 34, 38, 41, 42, 43, 44, 46, 47, 51, 53, 54, 56, 140, 123, 138, 73, 154, 156, 28, 214, 171, 23, 168, 59, 217, 109, 132, 55, 172, 215, 77, 127, 184, 16, 97, 163, 179, 14, 80, 192, 160, 110, 4, 195, 117, 84, 108, 63, 166, 27, 130, 190, 98, 61, 62, 69, 70, 71, 74, 76, 78, 87, 91, 99, 100, 101, 104, 105, 111, 113, 115, 116, 118, 121, 122, 125, 135, 136, 147, 151, 152, 157, 158, 170, 174, 176, 178, 188, 189, 196, 200, 203, 204, 206, 208, 213, 216, 224, 226, 230]
x_58: [5, 6, 8, 21, 25, 32, 34, 35, 36, 37, 38, 39, 42, 44, 45, 46, 49, 50, 51, 56, 132, 127, 125, 95, 141, 61, 62, 64, 69, 71, 75, 76, 77, 80, 84, 87, 89, 90, 93, 98, 100, 107, 109, 112, 114, 116, 117, 119, 120, 122, 123, 126, 128, 129, 133, 134, 136, 139, 143, 146, 152, 153, 157, 158, 159, 160, 166, 167, 172, 180, 184, 186, 188, 189, 192, 194, 199, 200, 201, 203, 208, 210, 220, 221, 223, 229]
x_59: [1, 4, 7, 11, 19, 20, 24, 30, 34, 35, 36, 37, 42, 43, 44, 45, 47, 50, 51, 52, 54, 57, 110, 8, 166, 153, 171, 112, 100, 61, 133, 3, 144, 161, 12, 216, 168, 227, 215, 81, 10, 217, 113, 180, 46, 116, 38, 65, 130, 98, 178, 132, 32, 179, 99, 124, 94, 136, 105, 87, 165, 77, 123, 212, 206, 198, 157, 148, 207, 195, 55, 73, 146, 160, 23, 204, 167, 117, 139, 21, 185, 210, 140, 203, 183, 82, 191, 92, 192, 49, 229, 103, 119, 22, 220, 101, 150, 96, 214, 2, 25, 115, 104, 79, 189, 85, 86, 14, 5, 182, 154, 84, 69, 205, 152, 135, 228, 70, 17, 184, 164, 64, 226, 222, 193, 106, 89, 218, 128, 29, 108, 68, 39, 200, 122, 196, 90, 143, 223, 141, 40, 188, 156, 177, 225, 62, 74, 76, 80, 93, 118, 120, 126, 127, 134, 142, 163, 170, 173, 174, 175, 181, 187, 209, 211, 219]
x_60: [3, 4, 8, 11, 12, 27, 28, 32, 33, 34, 35, 36, 37, 38, 42, 43, 44, 45, 46, 48, 199, 9, 153, 72, 70, 91, 2, 180, 214, 17, 205, 117, 184, 111, 183, 102, 80, 176, 101, 110, 194, 93, 201, 115, 90, 75, 61, 67, 68, 69, 73, 74, 76, 78, 79, 82, 85, 86, 95, 99, 100, 105, 106, 113, 114, 116, 118, 120, 121, 122, 123, 125, 132, 135, 136, 141, 142, 146, 147, 155, 157, 158, 162, 166, 167, 168, 172, 175, 177, 178, 179, 181, 185, 186, 192, 200, 203, 204, 206, 208, 209, 211, 215, 222, 223, 225, 226, 228]
x_61: [5, 11, 12, 18, 24, 28, 35, 36, 39, 40, 41, 46, 49, 52, 59, 122, 48, 69, 3, 80, 178, 218, 14, 128, 16, 201, 2, 21, 153, 119, 1, 202, 164, 63, 34, 183, 101, 207, 189, 158, 100, 57, 152, 219, 217, 159, 71, 47, 186, 56, 42, 227, 85, 89, 23, 32, 206, 230, 143, 60, 53, 204, 144, 138, 115, 203, 199, 181, 22, 111, 147, 92, 229, 43, 27, 91, 220, 176, 224, 127, 157, 117, 17, 171, 163, 65, 215, 95, 149, 84, 133, 154, 167, 19, 106, 135, 31, 58, 78, 172, 174, 50, 72, 131, 216, 15, 170, 29, 151, 116, 146, 64, 120, 37, 93, 129, 75, 191, 97, 145, 112, 179, 110, 125, 137, 134, 62, 182, 107, 168, 221, 141, 205, 7, 140, 86, 188, 25, 66, 225, 223, 173, 118, 10, 81, 77, 190, 79, 68, 76, 88, 90, 94, 96, 113, 114, 121, 132, 136, 139, 148, 150, 155, 160, 162, 165, 166, 175, 180, 187, 193, 197, 208, 209, 210, 222, 226]
x_62: [6, 8, 9, 11, 20, 21, 22, 23, 24, 25, 32, 34, 38, 39, 40, 41, 43, 46, 48, 49, 50, 52, 61, 99, 124, 76, 173, 31, 150, 176, 167, 3, 183, 28, 109, 19, 54, 162, 63, 121, 55, 88, 74, 221, 120, 179, 143, 147, 131, 119, 97, 188, 78, 185, 160, 116, 53, 209, 107, 165, 156, 171, 102, 217, 219, 187, 57, 64, 127, 4, 75, 69, 122, 230, 91, 194, 29, 152, 178, 172, 193, 177, 115, 100, 56, 108, 16, 214, 195, 180, 175, 96, 135, 37, 205, 18, 132, 12, 199, 129, 140, 168, 80, 35, 182, 112, 149, 89, 94, 220, 197, 70, 148, 229, 73, 71, 223, 114, 17, 84, 174, 133, 211, 228, 215, 59, 82, 66, 106, 216, 110, 58, 155, 98, 204, 101, 190, 111, 72, 79, 83, 85, 93, 117, 128, 139, 144, 154, 157, 158, 159, 163, 202, 206, 210, 213, 224, 226, 227]
x_63: [3, 7, 9, 11, 14, 16, 17, 23, 24, 26, 27, 31, 32, 34, 35, 36, 38, 41, 42, 44, 46, 55, 57, 61, 62, 142, 170, 191, 175, 39, 25, 230, 198, 43, 133, 125, 209, 111, 29, 15, 92, 166, 82, 79, 10, 206, 116, 89, 73, 144, 161, 68, 192, 71, 74, 131, 87, 143, 210, 179, 33, 99, 83, 214, 121, 75, 194, 5, 140, 164, 157, 146, 6, 108, 139, 212, 119, 207, 159, 220, 216, 100, 28, 224, 148, 203, 128, 222, 91, 150, 105, 223, 49, 65, 162, 132, 107, 64, 69, 72, 77, 78, 80, 84, 90, 93, 96, 102, 106, 109, 110, 112, 115, 120, 122, 127, 129, 134, 147, 153, 154, 155, 165, 171, 172, 180, 184, 187, 208, 211, 225, 226, 227, 228, 229]
x_64: [5, 6, 7, 9, 10, 11, 20, 21, 24, 27, 34, 35, 36, 42, 43, 44, 45, 48, 53, 55, 59, 61, 62, 133, 76, 201, 14, 228, 109, 40, 90, 208, 199, 214, 51, 22, 117, 93, 29, 152, 156, 85, 205, 170, 26, 223, 155, 82, 41, 224, 198, 54, 192, 203, 143, 150, 17, 126, 145, 119, 209, 129, 114, 99, 94, 134, 164, 135, 122, 215, 174, 213, 37, 1, 79, 46, 167, 39, 220, 178, 63, 118, 125, 130, 141, 100, 101, 157, 140, 166, 175, 176, 112, 121, 72, 123, 33, 172, 97, 71, 113, 56, 161, 173, 16, 89, 182, 58, 171, 74, 146, 154, 163, 229, 186, 225, 211, 159, 216, 19, 69, 75, 80, 81, 86, 91, 95, 107, 128, 139, 144, 147, 151, 160, 183, 185, 187, 188, 189, 191, 195, 200, 202, 226]
x_65: [5, 6, 7, 8, 9, 14, 15, 17, 19, 21, 22, 23, 24, 25, 29, 34, 35, 36, 43, 47, 49, 50, 51, 53, 59, 61, 63, 220, 67, 69, 70, 73, 74, 76, 78, 79, 81, 84, 88, 89, 96, 99, 100, 106, 109, 111, 112, 114, 116, 117, 118, 119, 120, 121, 125, 126, 128, 129, 130, 134, 141, 146, 152, 153, 156, 157, 164, 166, 167, 168, 169, 174, 175, 176, 177, 181, 182, 184, 192, 194, 197, 199, 203, 204, 209, 210, 216, 222, 223, 224, 225, 226, 229, 230]
x_66: [1, 5, 9, 12, 18, 19, 20, 21, 24, 25, 26, 32, 36, 42, 46, 48, 49, 50, 51, 53, 54, 61, 62, 171, 210, 23, 225, 221, 34, 141, 69, 74, 75, 80, 83, 84, 90, 94, 100, 105, 106, 111, 112, 114, 115, 117, 118, 121, 123, 126, 133, 134, 135, 139, 143, 152, 156, 158, 165, 166, 167, 168, 174, 175, 176, 178, 181, 184, 187, 189, 191, 192, 193, 199, 200, 204, 212, 215, 216, 222, 224, 226, 229]
x_67: [5, 6, 8, 9, 11, 12, 14, 16, 19, 24, 27, 32, 41, 43, 44, 45, 46, 49, 51, 53, 54, 56, 220, 111, 87, 175, 72, 170, 91, 52, 212, 176, 105, 21, 30, 109, 116, 213, 86, 129, 3, 15, 38, 197, 154, 183, 55, 18, 223, 172, 42, 117, 228, 132, 7, 84, 180, 206, 159, 76, 169, 80, 202, 40, 74, 196, 160, 81, 217, 65, 28, 60, 69, 70, 71, 88, 89, 90, 95, 98, 107, 113, 120, 121, 122, 123, 133, 134, 136, 139, 140, 143, 150, 152, 155, 157, 158, 165, 174, 181, 184, 185, 186, 187, 189, 192, 199, 203, 208, 209, 210, 215, 216, 219, 221, 222, 225, 226, 227, 229]
x_68: [11, 19, 22, 27, 28, 33, 36, 37, 42, 43, 44, 47, 48, 51, 54, 59, 63, 201, 168, 218, 147, 127, 128, 50, 20, 34, 74, 8, 165, 216, 61, 41, 197, 174, 45, 152, 158, 118, 1, 209, 146, 94, 167, 164, 70, 25, 21, 77, 60, 97, 212, 207, 140, 35, 78, 137, 31, 134, 26, 198, 196, 113, 103, 193, 208, 102, 123, 2, 72, 76, 79, 85, 87, 90, 91, 93, 95, 96, 100, 107, 109, 110, 114, 117, 120, 126, 129, 132, 133, 135, 138, 139, 141, 142, 145, 156, 157, 162, 169, 171, 172, 173, 182, 183, 185, 186, 191, 192, 194, 195, 199, 203, 204, 206, 211, 213, 215, 220, 221, 222, 223, 227, 228, 229]
x_69: [1, 4, 5, 6, 7, 9, 11, 14, 17, 19, 20, 21, 24, 27, 28, 32, 33, 35, 41, 42, 44, 45, 46, 48, 49, 53, 54, 55, 59, 61, 62, 76, 178, 121, 95, 47, 123, 224, 141, 220, 52, 133, 189, 202, 137, 165, 58, 36, 111, 179, 230, 192, 51, 184, 94, 126, 13, 63, 213, 30, 93, 18, 85, 105, 116, 114, 210, 118, 226, 169, 153, 191, 158, 168, 115, 96, 175, 67, 34, 212, 195, 190, 227, 107, 215, 84, 214, 2, 223, 205, 99, 50, 78, 209, 80, 200, 60, 8, 174, 229, 64, 72, 79, 171, 180, 90, 187, 40, 145, 193, 100, 216, 117, 176, 29, 154, 16, 22, 110, 97, 103, 151, 91, 10, 219, 206, 218, 147, 74, 201, 3, 70, 15, 172, 131, 71, 82, 181, 149, 144, 132, 57, 66, 81, 157, 43, 108, 65, 156, 186, 211, 109, 38, 37, 106, 120, 130, 127, 75, 112, 113, 125, 139, 148, 150, 152, 167, 173, 177, 183, 185, 194, 203, 204, 208, 221, 225]
x_70: [5, 9, 11, 15, 17, 19, 20, 21, 22, 23, 27, 35, 37, 43, 45, 46, 47, 48, 51, 59, 60, 62, 68, 69, 12, 100, 28, 177, 208, 188, 76, 106, 119, 168, 137, 110, 222, 7, 221, 154, 16, 75, 67, 84, 130, 8, 36, 140, 56, 81, 190, 25, 42, 78, 191, 134, 200, 135, 127, 94, 161, 213, 39, 201, 118, 104, 157, 175, 73, 128, 143, 136, 162, 227, 53, 156, 153, 179, 123, 132, 38, 197, 220, 180, 34, 109, 195, 92, 164, 205, 80, 176, 65, 186, 93, 95, 105, 103, 122, 113, 160, 178, 148, 121, 155, 13, 207, 89, 115, 228, 166, 217, 225, 86, 18, 142, 145, 151, 44, 203, 108, 57, 158, 3, 125, 185, 101, 210, 83, 189, 98, 32, 29, 229, 87, 107, 111, 112, 114, 129, 133, 139, 144, 152, 159, 167, 172, 174, 184, 187, 192, 194, 204, 209, 216, 219]
x_71: [6, 8, 11, 13, 19, 20, 21, 22, 23, 27, 28, 33, 34, 35, 36, 39, 41, 46, 49, 51, 53, 54, 55, 61, 62, 63, 64, 69, 134, 205, 115, 222, 135, 40, 127, 216, 218, 16, 181, 103, 86, 165, 190, 67, 125, 75, 10, 112, 7, 148, 82, 104, 208, 77, 212, 111, 90, 114, 229, 84, 211, 175, 191, 72, 31, 173, 96, 9, 74, 186, 151, 155, 209, 188, 5, 29, 118, 76, 140, 37, 15, 97, 228, 81, 2, 120, 162, 44, 73, 89, 57, 166, 197, 180, 172, 158, 117, 204, 174, 119, 121, 94, 110, 109, 18, 58, 99, 184, 178, 128, 85, 52, 227, 153, 187, 215, 30, 182, 147, 207, 107, 24, 38, 98, 25, 95, 100, 106, 113, 116, 122, 129, 136, 139, 142, 144, 150, 157, 167, 168, 176, 179, 185, 192, 193, 199, 203, 210, 214, 223, 224, 225, 226]
x_72: [5, 6, 9, 10, 13, 17, 19, 20, 21, 24, 25, 27, 36, 37, 38, 39, 40, 44, 46, 48, 49, 51, 52, 54, 56, 60, 61, 64, 67, 69, 71, 1, 144, 174, 159, 29, 213, 26, 166, 85, 32, 150, 165, 96, 107, 175, 102, 106, 220, 211, 218, 116, 77, 191, 200, 112, 113, 160, 140, 156, 35, 118, 155, 123, 100, 221, 28, 86, 161, 68, 169, 12, 43, 188, 2, 226, 84, 87, 11, 42, 108, 111, 141, 145, 103, 224, 15, 8, 62, 130, 125, 167, 81, 33, 74, 157, 146, 219, 142, 195, 151, 186, 229, 214, 55, 126, 202, 94, 121, 163, 110, 136, 230, 182, 98, 7, 197, 135, 83, 207, 132, 212, 199, 210, 63, 73, 75, 80, 82, 89, 90, 92, 101, 105, 114, 115, 117, 120, 122, 127, 133, 134, 139, 148, 152, 153, 162, 168, 172, 176, 177, 178, 181, 184, 185, 189, 192, 194, 204, 215, 222, 227, 228]
x_73: [3, 5, 9, 12, 18, 19, 27, 28, 36, 37, 42, 43, 45, 51, 53, 57, 59, 62, 63, 70, 71, 34, 227, 134, 120, 146, 222, 196, 141, 95, 65, 230, 32, 225, 189, 192, 191, 24, 183, 90, 104, 114, 94, 108, 174, 130, 113, 128, 97, 138, 8, 216, 13, 212, 125, 218, 83, 60, 6, 20, 184, 46, 178, 122, 38, 118, 229, 190, 161, 72, 194, 48, 75, 167, 74, 84, 86, 101, 106, 109, 110, 112, 116, 119, 121, 123, 126, 129, 132, 133, 135, 142, 143, 144, 152, 153, 155, 156, 157, 158, 159, 162, 164, 165, 166, 168, 170, 176, 179, 181, 197, 201, 203, 205, 206, 208, 211, 215, 224, 228]
x_74: [12, 19, 24, 25, 27, 31, 34, 38, 41, 42, 44, 46, 48, 52, 54, 55, 62, 63, 64, 67, 68, 69, 71, 72, 142, 117, 153, 73, 211, 3, 78, 121, 39, 51, 47, 79, 66, 101, 161, 205, 225, 199, 151, 207, 210, 191, 197, 228, 102, 175, 230, 209, 202, 92, 155, 60, 1, 203, 214, 139, 159, 43, 160, 33, 99, 87, 88, 65, 37, 49, 2, 15, 166, 10, 220, 118, 57, 135, 193, 165, 29, 192, 20, 219, 8, 112, 113, 83, 14, 115, 129, 182, 149, 140, 158, 134, 30, 116, 126, 59, 132, 82, 172, 212, 164, 108, 5, 95, 84, 11, 9, 186, 75, 124, 185, 77, 80, 93, 100, 106, 125, 130, 143, 144, 150, 154, 157, 168, 173, 176, 179, 180, 181, 189, 206, 215, 217, 226]
x_75: [3, 5, 7, 10, 17, 23, 25, 33, 35, 36, 37, 38, 42, 43, 47, 48, 49, 51, 52, 53, 54, 60, 61, 62, 63, 70, 71, 73, 74, 166, 128, 87, 151, 45, 90, 184, 192, 202, 95, 93, 50, 119, 97, 115, 89, 158, 222, 21, 64, 188, 80, 134, 32, 213, 153, 143, 199, 227, 162, 208, 105, 55, 214, 112, 19, 98, 40, 147, 78, 66, 155, 131, 186, 228, 123, 220, 99, 31, 28, 169, 117, 124, 230, 102, 86, 39, 161, 69, 84, 164, 154, 12, 170, 104, 83, 207, 34, 96, 121, 145, 15, 182, 118, 194, 206, 72, 82, 58, 88, 81, 195, 219, 107, 108, 200, 132, 210, 137, 226, 100, 8, 101, 159, 77, 85, 106, 113, 114, 116, 127, 133, 136, 139, 141, 152, 157, 163, 165, 168, 175, 179, 181, 185, 187, 197, 201, 211, 215, 229]
x_76: [3, 5, 6, 7, 9, 19, 23, 28, 32, 33, 36, 38, 41, 42, 43, 44, 46, 48, 50, 51, 62, 64, 67, 69, 70, 71, 133, 102, 155, 188, 169, 24, 196, 176, 134, 60, 194, 52, 125, 122, 97, 198, 183, 82, 65, 143, 224, 136, 135, 216, 179, 189, 98, 190, 101, 157, 26, 105, 30, 181, 123, 104, 14, 21, 145, 57, 87, 99, 174, 213, 219, 88, 214, 92, 171, 193, 175, 103, 160, 187, 12, 49, 146, 54, 108, 132, 86, 221, 138, 184, 93, 90, 182, 112, 59, 199, 58, 217, 120, 161, 95, 119, 205, 200, 68, 118, 39, 178, 4, 201, 109, 61, 220, 206, 85, 113, 207, 195, 202, 94, 114, 10, 180, 172, 47, 100, 137, 91, 89, 170, 209, 142, 147, 78, 131, 22, 27, 191, 80, 208, 55, 110, 150, 204, 223, 84, 96, 107, 111, 121, 126, 128, 152, 162, 165, 166, 167, 168, 177, 185, 186, 192, 197, 203, 210, 211, 212, 222, 227, 230]
x_77: [5, 7, 8, 11, 17, 19, 20, 21, 25, 31, 33, 41, 45, 48, 49, 51, 53, 57, 59, 61, 68, 71, 72, 63, 24, 107, 101, 175, 130, 218, 74, 75, 155, 125, 209, 212, 106, 58, 180, 52, 124, 32, 132, 92, 217, 146, 193, 222, 140, 22, 9, 83, 221, 114, 50, 227, 113, 34, 176, 121, 204, 13, 37, 127, 177, 79, 82, 84, 86, 87, 89, 90, 93, 95, 96, 102, 110, 111, 115, 116, 118, 120, 128, 133, 134, 136, 139, 141, 142, 147, 148, 150, 152, 153, 154, 157, 161, 162, 164, 167, 168, 173, 174, 179, 181, 183, 189, 192, 199, 200, 206, 210, 213, 215, 219, 229]
x_78: [3, 7, 11, 13, 16, 19, 21, 27, 28, 32, 34, 35, 36, 38, 39, 41, 43, 44, 45, 51, 54, 61, 62, 68, 69, 70, 74, 75, 76, 112, 123, 156, 65, 140, 163, 31, 153, 229, 24, 219, 161, 137, 144, 213, 159, 94, 9, 60, 139, 171, 220, 6, 193, 98, 86, 172, 99, 143, 206, 212, 155, 200, 116, 79, 84, 53, 110, 124, 17, 195, 230, 214, 201, 2, 167, 170, 224, 188, 210, 57, 146, 148, 97, 4, 101, 20, 168, 151, 216, 63, 108, 221, 218, 135, 115, 142, 80, 130, 197, 37, 127, 125, 160, 95, 141, 30, 128, 81, 103, 114, 118, 152, 181, 102, 173, 22, 56, 87, 89, 91, 107, 111, 113, 117, 129, 147, 149, 150, 157, 162, 164, 166, 175, 178, 185, 192, 204, 211, 222, 223, 225]
x_79: [4, 5, 6, 7, 9, 10, 11, 17, 19, 20, 21, 23, 32, 33, 36, 37, 41, 42, 43, 44, 49, 53, 54, 59, 61, 63, 64, 69, 74, 78, 157, 173, 89, 111, 143, 196, 25, 22, 8, 200, 60, 220, 166, 85, 62, 186, 52, 136, 141, 131, 16, 77, 164, 65, 151, 228, 182, 175, 86, 222, 90, 109, 96, 197, 1, 149, 128, 34, 46, 98, 47, 68, 94, 211, 198, 56, 105, 169, 82, 84, 92, 97, 101, 106, 110, 116, 121, 122, 142, 144, 147, 150, 153, 154, 155, 156, 162, 163, 167, 168, 176, 177, 179, 180, 181, 183, 184, 187, 192, 202, 206, 208, 209, 223, 225, 226, 227, 229]
x_80: [5, 8, 9, 11, 24, 32, 33, 35, 36, 37, 41, 42, 43, 46, 51, 55, 57, 60, 61, 62, 67, 69, 70, 75, 76, 78, 63, 108, 229, 170, 151, 52, 107, 147, 98, 12, 44, 150, 214, 1, 210, 161, 54, 26, 15, 38, 141, 101, 157, 93, 48, 196, 171, 132, 128, 220, 166, 23, 115, 47, 203, 200, 74, 90, 114, 181, 188, 59, 167, 56, 219, 222, 207, 202, 208, 192, 211, 111, 213, 225, 189, 183, 72, 184, 216, 201, 228, 126, 226, 106, 118, 174, 136, 205, 81, 139, 40, 109, 140, 19, 195, 110, 154, 25, 204, 16, 180, 135, 215, 191, 131, 158, 155, 121, 193, 96, 164, 27, 97, 163, 95, 218, 64, 49, 20, 22, 66, 175, 190, 58, 127, 165, 221, 89, 103, 119, 53, 14, 39, 87, 169, 224, 149, 116, 173, 117, 85, 10, 199, 83, 84, 92, 99, 100, 102, 112, 113, 129, 133, 134, 142, 144, 152, 162, 168, 185, 187, 194, 209, 223]
x_81: [6, 7, 8, 14, 16, 17, 19, 20, 23, 25, 28, 34, 35, 36, 37, 38, 43, 44, 48, 59, 61, 67, 69, 70, 71, 72, 75, 78, 80, 64, 91, 226, 184, 129, 223, 115, 194, 103, 65, 4, 107, 222, 82, 18, 53, 99, 54, 158, 131, 142, 24, 174, 164, 120, 55, 29, 208, 98, 83, 84, 85, 86, 90, 92, 109, 110, 113, 114, 121, 122, 123, 128, 132, 133, 135, 136, 139, 147, 154, 155, 160, 162, 165, 169, 171, 172, 175, 176, 179, 180, 183, 185, 189, 193, 197, 199, 203, 204, 206, 209, 211, 213, 221, 224, 225, 229]
x_82: [1, 6, 7, 8, 11, 12, 17, 21, 24, 27, 33, 36, 37, 38, 39, 41, 44, 46, 47, 48, 50, 51, 59, 62, 63, 64, 69, 71, 74, 75, 76, 81, 198, 133, 151, 186, 214, 205, 222, 217, 195, 210, 120, 124, 140, 42, 194, 2, 91, 15, 145, 118, 35, 128, 99, 52, 218, 187, 49, 155, 16, 88, 123, 72, 191, 141, 130, 136, 107, 13, 40, 3, 215, 79, 108, 178, 19, 166, 97, 131, 230, 77, 60, 204, 207, 171, 208, 115, 160, 55, 180, 14, 53, 156, 84, 92, 169, 197, 173, 102, 23, 127, 85, 86, 94, 95, 98, 100, 101, 110, 111, 113, 114, 122, 129, 132, 134, 143, 150, 152, 154, 157, 158, 162, 168, 174, 175, 176, 177, 181, 192, 203, 206, 211, 212, 213, 216, 219, 223, 224, 226, 228]
x_83: [5, 6, 9, 11, 21, 36, 38, 41, 42, 43, 44, 48, 51, 52, 54, 63, 70, 72, 73, 74, 75, 77, 47, 178, 124, 119, 92, 89, 159, 132, 191, 139, 56, 200, 140, 35, 62, 107, 205, 172, 17, 66, 137, 86, 162, 114, 126, 181, 125, 34, 7, 109, 100, 144, 177, 97, 49, 224, 152, 173, 103, 206, 190, 179, 165, 226, 88, 93, 80, 221, 15, 133, 81, 14, 121, 219, 227, 157, 182, 212, 4, 123, 87, 95, 101, 110, 111, 112, 115, 116, 117, 118, 120, 134, 141, 145, 150, 151, 153, 160, 166, 169, 174, 175, 176, 180, 183, 184, 187, 193, 199, 202, 204, 208, 209, 211, 215, 222, 228]
x_84: [5, 7, 9, 15, 17, 20, 21, 27, 31, 32, 34, 35, 36, 39, 42, 43, 46, 49, 51, 57, 59, 61, 62, 67, 69, 70, 71, 72, 74, 75, 78, 82, 118, 210, 120, 197, 110, 63, 104, 73, 28, 53, 171, 127, 194, 204, 79, 29, 162, 81, 202, 80, 213, 151, 139, 87, 10, 77, 66, 119, 129, 186, 216, 136, 58, 1, 117, 91, 65, 11, 178, 180, 167, 130, 96, 201, 88, 103, 222, 200, 14, 154, 209, 123, 160, 140, 102, 195, 24, 157, 112, 126, 164, 190, 8, 143, 137, 147, 138, 12, 106, 207, 176, 225, 146, 90, 142, 86, 133, 94, 47, 128, 169, 191, 158, 217, 132, 198, 76, 124, 181, 173, 141, 13, 149, 134, 155, 152, 168, 44, 38, 175, 185, 111, 163, 182, 52, 156, 48, 227, 196, 100, 93, 215, 2, 16, 101, 95, 219, 98, 25, 89, 97, 99, 105, 114, 115, 116, 135, 165, 166, 172, 183, 187, 205, 208, 211, 224]
x_85: [4, 11, 12, 13, 17, 21, 24, 32, 34, 37, 38, 40, 48, 49, 51, 59, 61, 64, 69, 71, 72, 76, 79, 80, 144, 111, 218, 154, 151, 97, 5, 89, 132, 60, 102, 128, 104, 95, 216, 16, 105, 156, 110, 41, 177, 126, 106, 81, 194, 198, 2, 227, 94, 96, 93, 187, 201, 193, 99, 184, 166, 10, 224, 188, 68, 86, 33, 36, 62, 82, 54, 114, 152, 47, 118, 7, 147, 46, 161, 9, 192, 107, 169, 75, 55, 15, 230, 19, 155, 135, 199, 139, 182, 109, 178, 121, 98, 112, 113, 115, 116, 117, 120, 122, 133, 134, 140, 142, 157, 159, 162, 163, 164, 168, 171, 172, 176, 179, 185, 196, 202, 204, 206, 208, 209, 211, 220, 222, 226, 228]
x_86: [3, 5, 7, 11, 19, 23, 24, 27, 29, 32, 33, 34, 37, 39, 42, 45, 46, 51, 52, 53, 56, 59, 61, 67, 70, 71, 72, 75, 76, 78, 79, 83, 84, 85, 120, 166, 149, 159, 21, 145, 88, 28, 224, 77, 200, 12, 30, 168, 193, 101, 210, 228, 104, 163, 212, 60, 144, 165, 125, 177, 151, 40, 176, 190, 161, 194, 99, 114, 92, 172, 6, 155, 207, 124, 164, 198, 16, 64, 157, 230, 73, 130, 156, 121, 18, 192, 220, 82, 213, 179, 208, 134, 218, 173, 140, 81, 38, 129, 180, 171, 199, 158, 137, 1, 139, 93, 123, 13, 222, 135, 20, 118, 117, 146, 89, 95, 107, 109, 110, 111, 113, 115, 132, 133, 136, 148, 150, 174, 178, 183, 184, 187, 188, 189, 197, 203, 204, 219, 221, 223, 225, 226, 229]
x_87: [5, 7, 8, 9, 10, 17, 19, 20, 24, 27, 28, 31, 32, 33, 36, 44, 45, 46, 47, 48, 51, 52, 54, 59, 63, 67, 72, 74, 75, 76, 80, 84, 115, 21, 89, 194, 147, 2, 148, 102, 50, 146, 172, 58, 40, 125, 90, 135, 220, 173, 211, 126, 153, 185, 222, 160, 139, 175, 129, 25, 77, 23, 159, 30, 83, 138, 113, 190, 149, 130, 202, 137, 119, 151, 39, 78, 150, 70, 215, 212, 171, 223, 184, 34, 168, 198, 187, 68, 112, 57, 100, 88, 93, 95, 96, 98, 99, 101, 105, 107, 109, 111, 117, 121, 122, 128, 132, 134, 142, 152, 156, 157, 161, 162, 166, 169, 174, 178, 180, 181, 189, 191, 192, 193, 197, 199, 203, 204, 206, 209, 210, 216, 218, 224, 225]
x_88: [5, 6, 11, 17, 21, 23, 24, 27, 31, 32, 33, 34, 35, 36, 37, 38, 39, 41, 42, 46, 48, 50, 51, 53, 62, 74, 75, 76, 82, 83, 84, 86, 103, 173, 65, 175, 197, 61, 87, 67, 98, 125, 119, 90, 97, 100, 106, 109, 112, 120, 122, 123, 129, 136, 138, 139, 144, 147, 150, 153, 154, 156, 159, 162, 166, 168, 174, 180, 181, 183, 184, 185, 186, 187, 188, 189, 201, 203, 208, 209, 211, 212, 213, 215, 222, 224, 226, 229]
x_89: [3, 4, 5, 17, 19, 21, 23, 34, 38, 43, 45, 46, 48, 49, 50, 51, 52, 54, 59, 61, 62, 63, 64, 70, 71, 75, 76, 79, 80, 83, 85, 87, 199, 131, 150, 120, 10, 112, 101, 145, 147, 175, 198, 67, 158, 159, 194, 33, 35, 220, 217, 97, 15, 165, 215, 14, 113, 1, 132, 210, 115, 84, 206, 179, 171, 186, 160, 55, 170, 100, 182, 114, 72, 42, 77, 172, 197, 156, 141, 136, 123, 152, 140, 25, 128, 31, 116, 130, 29, 166, 134, 183, 201, 149, 58, 216, 196, 122, 65, 148, 78, 211, 6, 86, 155, 207, 90, 94, 95, 105, 107, 110, 117, 118, 133, 135, 142, 154, 157, 162, 167, 168, 169, 173, 174, 177, 178, 181, 184, 185, 189, 192, 202, 203, 204, 208, 209, 218, 219, 222, 223, 225, 227, 229]
x_90: [8, 9, 11, 14, 24, 25, 34, 36, 37, 38, 39, 40, 41, 44, 45, 48, 59, 60, 64, 69, 71, 73, 75, 76, 79, 80, 84, 87, 99, 63, 111, 129, 145, 115, 18, 122, 227, 66, 105, 190, 215, 202, 139, 148, 143, 181, 32, 31, 97, 219, 140, 89, 20, 101, 173, 121, 123, 192, 172, 166, 165, 103, 67, 102, 116, 4, 183, 174, 138, 19, 128, 104, 54, 28, 216, 198, 177, 184, 119, 51, 163, 112, 7, 205, 72, 6, 199, 12, 125, 108, 153, 46, 191, 49, 130, 212, 226, 21, 141, 106, 182, 120, 77, 167, 150, 158, 135, 23, 42, 200, 193, 180, 162, 127, 68, 209, 201, 13, 52, 88, 47, 81, 152, 147, 154, 98, 61, 189, 197, 27, 107, 142, 58, 3, 144, 204, 100, 224, 171, 56, 210, 29, 146, 185, 230, 91, 109, 110, 113, 117, 118, 134, 136, 151, 155, 160, 168, 179, 186, 187, 196, 203, 206, 211, 218, 223]
x_91: [4, 8, 11, 14, 17, 18, 19, 21, 27, 29, 34, 35, 36, 41, 42, 43, 44, 48, 49, 51, 52, 56, 60, 61, 62, 63, 67, 69, 76, 81, 82, 84, 90, 227, 151, 221, 164, 180, 68, 184, 220, 131, 168, 204, 157, 143, 57, 199, 211, 15, 119, 92, 222, 230, 159, 64, 78, 189, 109, 115, 127, 223, 192, 95, 96, 97, 98, 100, 101, 102, 103, 105, 106, 112, 113, 114, 118, 120, 122, 123, 129, 133, 134, 136, 140, 142, 144, 147, 150, 152, 158, 160, 172, 174, 175, 179, 181, 185, 193, 194, 198, 202, 203, 208, 212, 213, 224, 225, 226]
x_92: [4, 6, 7, 9, 11, 23, 25, 32, 34, 35, 36, 39, 42, 43, 45, 46, 47, 48, 50, 54, 56, 59, 61, 63, 70, 74, 76, 77, 82, 83, 86, 91, 144, 97, 208, 171, 175, 225, 128, 168, 186, 81, 79, 72, 41, 217, 136, 191, 187, 95, 211, 24, 194, 110, 209, 180, 94, 183, 17, 174, 137, 170, 169, 176, 80, 12, 146, 228, 96, 99, 100, 101, 106, 109, 113, 115, 117, 118, 120, 121, 123, 125, 127, 130, 132, 133, 142, 143, 154, 160, 163, 165, 166, 167, 179, 181, 184, 192, 195, 199, 203, 206, 213, 215, 224, 226]
x_93: [6, 10, 11, 17, 21, 22, 24, 27, 29, 33, 35, 36, 38, 39, 41, 53, 60, 61, 64, 69, 70, 75, 76, 80, 83, 84, 85, 86, 4, 99, 169, 25, 1, 212, 147, 46, 119, 28, 56, 96, 18, 132, 103, 48, 113, 218, 156, 181, 123, 207, 47, 31, 166, 20, 164, 102, 42, 58, 205, 74, 209, 219, 220, 13, 155, 2, 153, 179, 208, 163, 114, 178, 50, 158, 97, 77, 87, 159, 227, 157, 3, 109, 115, 185, 43, 129, 68, 120, 226, 154, 186, 203, 62, 184, 140, 134, 5, 51, 116, 9, 221, 26, 45, 106, 173, 125, 130, 59, 15, 44, 141, 171, 111, 210, 138, 63, 95, 101, 105, 107, 117, 118, 121, 128, 133, 136, 139, 146, 148, 150, 162, 167, 168, 172, 174, 175, 176, 177, 183, 187, 192, 193, 194, 206, 211, 215, 222, 223, 229, 230]
x_94: [4, 6, 17, 18, 23, 28, 31, 32, 34, 35, 36, 37, 41, 42, 49, 51, 54, 59, 62, 64, 68, 69, 70, 71, 72, 73, 76, 78, 79, 84, 85, 92, 89, 193, 196, 230, 163, 202, 154, 138, 52, 152, 61, 27, 140, 11, 143, 46, 190, 33, 106, 82, 211, 200, 166, 137, 8, 123, 13, 53, 103, 26, 113, 182, 162, 205, 104, 127, 142, 194, 115, 174, 164, 50, 214, 167, 45, 66, 155, 225, 2, 100, 102, 105, 110, 119, 120, 122, 124, 126, 133, 135, 147, 150, 156, 158, 165, 168, 172, 175, 178, 179, 180, 187, 192, 197, 199, 203, 204, 208, 209, 213, 215, 219, 221, 223, 224, 229]
x_95: [4, 5, 8, 11, 14, 17, 18, 19, 20, 23, 24, 27, 33, 34, 35, 36, 40, 41, 43, 45, 48, 51, 56, 58, 61, 69, 70, 73, 74, 75, 76, 78, 80, 84, 85, 92, 219, 171, 99, 207, 49, 130, 86, 71, 164, 145, 53, 197, 123, 144, 38, 116, 98, 131, 102, 103, 15, 16, 91, 60, 187, 118, 143, 121, 10, 141, 31, 83, 209, 183, 77, 110, 188, 208, 64, 216, 180, 190, 221, 228, 151, 176, 224, 150, 96, 28, 169, 177, 93, 109, 210, 26, 46, 133, 153, 159, 120, 22, 222, 193, 168, 175, 126, 147, 172, 173, 97, 139, 29, 152, 68, 158, 42, 101, 201, 55, 218, 89, 47, 30, 215, 226, 166, 198, 108, 149, 156, 32, 127, 52, 160, 204, 184, 213, 155, 50, 167, 229, 146, 181, 1, 225, 129, 104, 82, 87, 67, 113, 119, 114, 182, 100, 105, 106, 107, 112, 115, 117, 132, 134, 136, 142, 157, 189, 191, 194, 195, 211, 223]
x_96: [4, 8, 9, 19, 21, 22, 25, 31, 33, 35, 36, 38, 40, 41, 42, 46, 49, 55, 56, 59, 62, 69, 71, 72, 75, 79, 80, 84, 85, 93, 95, 221, 106, 209, 76, 191, 201, 77, 52, 92, 167, 180, 34, 172, 219, 216, 153, 193, 139, 224, 165, 27, 211, 204, 111, 68, 194, 137, 171, 162, 61, 228, 206, 145, 170, 18, 202, 87, 14, 190, 195, 115, 65, 164, 181, 15, 226, 155, 63, 10, 91, 220, 24, 44, 100, 103, 105, 107, 109, 110, 114, 117, 118, 120, 121, 122, 125, 129, 130, 132, 133, 134, 136, 140, 141, 147, 148, 150, 152, 154, 156, 158, 160, 166, 174, 175, 183, 184, 189, 197, 198, 199, 203, 205, 208, 213, 222, 223]
x_97: [5, 6, 8, 9, 12, 23, 24, 27, 32, 35, 39, 43, 45, 46, 48, 50, 53, 54, 57, 61, 62, 64, 68, 69, 71, 73, 75, 76, 78, 80, 82, 83, 85, 89, 90, 92, 93, 95, 49, 208, 211, 166, 157, 130, 219, 184, 161, 133, 225, 3, 174, 105, 127, 200, 16, 139, 226, 134, 170, 28, 209, 84, 110, 132, 159, 99, 79, 91, 118, 88, 113, 128, 122, 100, 101, 106, 107, 111, 115, 117, 121, 125, 126, 148, 150, 152, 156, 164, 167, 168, 169, 172, 175, 177, 178, 180, 181, 183, 185, 187, 188, 197, 199, 203, 206, 213, 217, 224, 229, 230]
x_98: [1, 2, 5, 6, 9, 12, 16, 17, 18, 21, 23, 25, 34, 37, 41, 42, 43, 45, 47, 52, 53, 54, 57, 59, 62, 70, 71, 72, 75, 76, 78, 79, 80, 81, 84, 88, 90, 95, 186, 168, 112, 174, 180, 135, 85, 67, 146, 13, 8, 99, 40, 122, 51, 100, 212, 140, 157, 187, 120, 46, 58, 132, 214, 158, 217, 106, 117, 192, 150, 165, 229, 185, 159, 102, 19, 181, 103, 203, 177, 218, 211, 87, 27, 82, 154, 20, 91, 179, 11, 166, 110, 152, 167, 130, 44, 35, 169, 4, 109, 111, 113, 119, 121, 123, 125, 129, 133, 134, 136, 143, 144, 155, 160, 176, 183, 188, 189, 197, 198, 201, 206, 208, 209, 210, 215, 219, 226, 228]
x_99: [4, 5, 8, 9, 12, 16, 19, 24, 26, 27, 32, 34, 36, 38, 39, 40, 43, 44, 45, 46, 47, 48, 49, 51, 54, 59, 62, 63, 64, 69, 71, 74, 75, 76, 78, 81, 82, 85, 86, 90, 93, 95, 97, 98, 1, 112, 56, 204, 57, 113, 25, 2, 41, 141, 133, 189, 119, 190, 215, 171, 207, 159, 147, 101, 50, 206, 182, 227, 221, 30, 166, 31, 144, 124, 14, 202, 143, 92, 230, 15, 28, 149, 84, 186, 33, 211, 80, 118, 13, 137, 218, 152, 21, 110, 111, 131, 22, 109, 151, 180, 148, 127, 128, 184, 167, 181, 214, 156, 130, 196, 107, 193, 120, 201, 138, 114, 115, 140, 136, 169, 105, 217, 55, 195, 108, 208, 65, 87, 199, 216, 60, 191, 3, 100, 117, 121, 123, 125, 126, 132, 134, 135, 142, 150, 154, 157, 160, 162, 164, 165, 168, 170, 172, 175, 177, 178, 179, 187, 192, 194, 197, 209, 210, 219, 222, 223, 224]
x_100: [1, 5, 7, 10, 12, 13, 17, 19, 24, 37, 38, 43, 45, 47, 49, 51, 52, 53, 54, 59, 61, 62, 63, 64, 69, 70, 72, 75, 76, 83, 84, 87, 89, 90, 98, 193, 192, 186, 60, 44, 162, 15, 29, 58, 160, 174, 8, 110, 152, 2, 133, 9, 176, 203, 154, 206, 138, 113, 189, 109, 94, 103, 219, 194, 173, 145, 127, 214, 184, 143, 163, 32, 129, 74, 135, 196, 16, 95, 92, 30, 172, 130, 116, 71, 182, 142, 197, 201, 126, 68, 195, 18, 105, 121, 42, 212, 158, 106, 118, 112, 57, 117, 199, 132, 21, 102, 228, 159, 35, 161, 91, 218, 205, 220, 175, 204, 25, 65, 82, 80, 226, 66, 167, 88, 181, 22, 191, 4, 179, 40, 153, 96, 209, 99, 140, 31, 50, 187, 11, 188, 185, 120, 213, 56, 183, 26, 97, 147, 107, 111, 114, 115, 122, 125, 136, 139, 151, 157, 164, 165, 202, 208, 210, 211, 215, 221, 222, 223, 225, 227]
x_101: [3, 4, 6, 8, 11, 17, 19, 21, 24, 25, 27, 31, 34, 38, 40, 41, 43, 44, 46, 48, 49, 51, 54, 55, 56, 59, 60, 61, 62, 64, 70, 74, 75, 76, 77, 78, 80, 84, 86, 89, 90, 95, 99, 175, 82, 153, 72, 150, 226, 93, 57, 189, 97, 37, 73, 91, 135, 152, 92, 14, 15, 220, 112, 227, 87, 212, 139, 79, 133, 221, 140, 83, 39, 138, 26, 170, 157, 169, 179, 106, 111, 113, 115, 117, 118, 120, 122, 123, 125, 126, 127, 129, 144, 147, 154, 158, 159, 166, 168, 174, 177, 181, 184, 187, 188, 194, 202, 203, 204, 206, 209, 210, 211, 213, 222, 228, 229, 230]
x_102: [5, 8, 9, 11, 14, 24, 25, 26, 27, 32, 34, 36, 37, 38, 41, 44, 46, 48, 49, 51, 53, 60, 62, 68, 72, 74, 75, 76, 78, 82, 84, 85, 87, 90, 93, 95, 98, 100, 112, 109, 129, 161, 223, 160, 208, 171, 165, 94, 80, 114, 115, 15, 117, 144, 106, 1, 148, 77, 158, 47, 19, 29, 170, 39, 210, 198, 172, 187, 207, 175, 126, 221, 141, 91, 10, 31, 128, 176, 131, 104, 16, 147, 188, 3, 162, 153, 118, 63, 201, 189, 56, 184, 111, 116, 119, 120, 123, 125, 132, 133, 139, 142, 152, 155, 157, 159, 166, 167, 168, 177, 178, 179, 183, 185, 186, 192, 197, 199, 202, 204, 206, 209, 212, 214, 216, 218, 219, 220, 222, 224, 225, 227, 228, 230]
x_103: [5, 6, 7, 8, 9, 11, 12, 19, 21, 24, 27, 37, 40, 42, 43, 46, 48, 51, 53, 59, 68, 69, 70, 71, 72, 76, 78, 80, 81, 83, 84, 88, 90, 93, 94, 95, 98, 100, 142, 149, 104, 34, 217, 178, 39, 41, 91, 173, 218, 216, 15, 96, 189, 175, 171, 128, 116, 177, 181, 115, 204, 36, 166, 197, 16, 106, 107, 113, 114, 117, 119, 120, 126, 127, 130, 132, 134, 135, 139, 140, 144, 150, 153, 154, 155, 158, 162, 165, 167, 170, 172, 194, 199, 203, 206, 212, 220, 221, 224, 225, 226, 228, 229, 230]
x_104: [3, 4, 10, 11, 17, 18, 21, 22, 23, 25, 27, 35, 44, 45, 48, 51, 52, 53, 54, 59, 70, 71, 73, 75, 76, 84, 85, 86, 90, 94, 95, 102, 103, 135, 57, 158, 185, 31, 195, 107, 109, 112, 114, 115, 116, 117, 120, 123, 127, 134, 136, 138, 140, 141, 146, 152, 154, 157, 159, 160, 161, 164, 174, 179, 181, 183, 184, 186, 189, 192, 197, 199, 204, 209, 210, 211, 214, 216, 217, 222, 223, 224, 225, 229, 230]
x_105: [6, 9, 10, 17, 18, 19, 20, 23, 32, 34, 37, 38, 39, 41, 43, 44, 48, 50, 51, 59, 63, 67, 69, 70, 75, 76, 79, 85, 90, 97, 99, 100, 152, 28, 123, 195, 66, 229, 224, 30, 143, 201, 209, 22, 174, 207, 60, 87, 113, 208, 145, 197, 183, 172, 3, 146, 188, 147, 141, 216, 4, 192, 140, 168, 193, 95, 230, 153, 144, 161, 126, 142, 93, 148, 202, 130, 220, 221, 94, 177, 196, 110, 128, 121, 89, 218, 26, 203, 211, 84, 53, 180, 204, 155, 151, 182, 16, 91, 57, 198, 194, 157, 107, 14, 111, 225, 186, 226, 72, 170, 149, 96, 179, 27, 46, 120, 187, 45, 108, 181, 212, 49, 7, 129, 222, 171, 165, 47, 21, 190, 106, 114, 115, 117, 118, 122, 133, 134, 136, 139, 150, 154, 156, 158, 160, 164, 166, 175, 178, 184, 185, 189, 199, 206, 210, 213, 214, 215, 219, 223, 227]
x_106: [4, 6, 8, 11, 14, 17, 19, 20, 27, 28, 40, 41, 43, 45, 46, 48, 51, 59, 61, 62, 69, 70, 72, 77, 80, 84, 85, 90, 93, 94, 96, 98, 100, 102, 157, 159, 7, 23, 49, 116, 219, 66, 16, 201, 103, 211, 108, 191, 228, 32, 18, 55, 54, 56, 162, 215, 126, 113, 173, 50, 24, 178, 133, 175, 118, 136, 174, 143, 177, 2, 92, 63, 109, 95, 156, 210, 119, 183, 185, 29, 223, 188, 142, 196, 10, 225, 164, 199, 88, 111, 65, 181, 172, 15, 25, 145, 38, 207, 22, 79, 114, 123, 42, 147, 1, 137, 153, 150, 131, 206, 168, 97, 171, 146, 73, 132, 214, 36, 138, 139, 221, 216, 187, 125, 184, 170, 9, 127, 176, 101, 149, 189, 47, 190, 144, 134, 197, 91, 179, 151, 107, 105, 152, 71, 60, 198, 222, 3, 205, 193, 75, 74, 129, 110, 112, 115, 120, 122, 128, 130, 154, 160, 161, 165, 166, 195, 203, 208, 209, 218, 224, 227, 230]
x_107: [3, 4, 5, 8, 17, 19, 23, 24, 25, 27, 28, 36, 40, 41, 42, 49, 52, 53, 55, 61, 62, 63, 69, 71, 72, 75, 77, 80, 81, 82, 83, 85, 90, 99, 105, 106, 214, 38, 225, 196, 120, 10, 204, 198, 70, 30, 185, 173, 14, 164, 167, 18, 128, 35, 125, 119, 158, 100, 58, 175, 44, 117, 12, 129, 168, 54, 161, 180, 33, 97, 193, 104, 157, 95, 93, 86, 220, 39, 137, 177, 87, 162, 16, 197, 222, 186, 7, 176, 209, 160, 135, 211, 213, 156, 29, 68, 133, 112, 203, 118, 56, 142, 1, 187, 210, 76, 108, 89, 150, 103, 229, 169, 34, 219, 115, 146, 178, 9, 136, 182, 170, 166, 141, 216, 37, 131, 165, 152, 153, 181, 183, 96, 22, 43, 78, 21, 191, 20, 116, 199, 67, 64, 45, 109, 139, 174, 110, 121, 122, 123, 130, 134, 144, 147, 159, 172, 179, 184, 194, 205, 206, 208, 215, 221, 228]
x_108: [5, 6, 9, 19, 21, 27, 31, 32, 38, 43, 45, 46, 52, 53, 55, 57, 59, 62, 63, 69, 70, 72, 73, 74, 75, 76, 78, 80, 82, 90, 95, 99, 105, 106, 107, 143, 191, 109, 112, 116, 121, 122, 126, 132, 137, 139, 142, 147, 154, 157, 158, 160, 162, 163, 165, 166, 167, 168, 171, 172, 174, 179, 181, 184, 186, 187, 189, 194, 195, 197, 198, 199, 200, 206, 209, 210, 213, 215, 221, 222, 227, 228]
x_109: [3, 11, 14, 16, 18, 19, 21, 23, 24, 27, 28, 33, 34, 37, 42, 43, 46, 48, 51, 54, 57, 62, 64, 67, 69, 70, 71, 76, 79, 80, 83, 85, 91, 93, 95, 99, 100, 102, 106, 107, 123, 50, 152, 202, 29, 182, 86, 220, 129, 191, 155, 193, 170, 195, 190, 149, 73, 219, 206, 125, 131, 130, 166, 157, 110, 13, 17, 223, 158, 108, 165, 96, 148, 181, 38, 213, 229, 143, 146, 113, 58, 142, 224, 201, 65, 87, 168, 45, 185, 26, 32, 186, 122, 180, 221, 90, 31, 81, 98, 134, 189, 137, 115, 188, 205, 128, 88, 145, 198, 63, 127, 12, 215, 4, 176, 160, 200, 192, 196, 162, 49, 9, 212, 197, 92, 112, 175, 68, 104, 116, 117, 118, 126, 132, 136, 138, 139, 154, 156, 163, 172, 178, 179, 184, 187, 194, 199, 204, 209, 210, 211, 214, 217, 218]
x_110: [4, 5, 8, 10, 14, 19, 24, 25, 27, 31, 33, 34, 35, 37, 41, 42, 46, 48, 50, 51, 52, 54, 56, 57, 59, 60, 61, 62, 69, 70, 71, 72, 76, 78, 80, 84, 85, 92, 95, 97, 98, 99, 100, 105, 109, 219, 135, 45, 212, 119, 158, 159, 196, 157, 198, 73, 145, 83, 174, 82, 139, 147, 160, 217, 208, 43, 230, 223, 9, 7, 112, 90, 218, 184, 115, 221, 38, 140, 189, 18, 68, 96, 86, 13, 133, 79, 176, 40, 185, 154, 124, 166, 120, 162, 199, 107, 209, 23, 3, 197, 12, 53, 116, 181, 77, 144, 213, 137, 187, 146, 182, 26, 81, 206, 161, 170, 128, 6, 123, 117, 89, 106, 32, 28, 225, 169, 130, 114, 1, 171, 194, 156, 203, 16, 122, 39, 153, 63, 30, 173, 138, 150, 227, 2, 136, 224, 163, 94, 186, 55, 111, 118, 126, 132, 142, 143, 155, 164, 167, 175, 178, 179, 180, 192, 201, 204, 205, 210, 211, 214, 215, 216, 222, 226, 229]
x_111: [1, 5, 7, 9, 11, 13, 18, 19, 23, 24, 31, 35, 36, 39, 40, 41, 42, 43, 44, 45, 46, 48, 49, 54, 56, 60, 61, 62, 63, 67, 69, 71, 72, 79, 80, 84, 85, 90, 93, 96, 99, 105, 106, 185, 110, 55, 116, 129, 197, 226, 34, 222, 208, 139, 160, 70, 165, 218, 219, 25, 102, 127, 154, 126, 29, 180, 65, 47, 16, 28, 137, 119, 87, 120, 193, 182, 125, 189, 66, 228, 177, 196, 77, 220, 124, 170, 78, 134, 8, 27, 190, 100, 20, 32, 76, 203, 26, 57, 176, 83, 140, 17, 115, 150, 112, 135, 121, 98, 122, 97, 86, 201, 161, 3, 210, 223, 22, 188, 130, 168, 192, 216, 136, 183, 186, 158, 53, 82, 199, 166, 101, 171, 146, 113, 118, 128, 132, 142, 143, 151, 152, 156, 157, 162, 163, 167, 169, 172, 175, 178, 184, 195, 206, 209, 213, 217, 221, 224, 225, 229]
x_112: [6, 9, 22, 23, 26, 32, 33, 34, 38, 39, 40, 41, 42, 48, 51, 52, 53, 54, 56, 59, 61, 62, 64, 71, 72, 74, 75, 76, 78, 84, 87, 89, 90, 98, 99, 100, 101, 102, 107, 109, 110, 111, 165, 143, 27, 44, 197, 104, 140, 202, 66, 127, 191, 36, 88, 186, 187, 141, 164, 153, 181, 166, 207, 5, 80, 10, 228, 170, 25, 69, 185, 106, 221, 65, 91, 83, 135, 152, 55, 220, 160, 159, 139, 28, 155, 31, 12, 176, 134, 193, 162, 150, 212, 196, 175, 174, 117, 189, 30, 144, 195, 46, 108, 154, 43, 11, 85, 177, 205, 4, 194, 182, 95, 219, 223, 183, 203, 213, 218, 226, 168, 151, 161, 63, 124, 73, 70, 133, 130, 184, 146, 129, 58, 225, 113, 115, 118, 120, 125, 126, 132, 136, 137, 142, 147, 157, 172, 173, 179, 188, 192, 201, 206, 210, 214, 222, 224, 227]
x_113: [3, 4, 7, 8, 9, 11, 20, 23, 24, 35, 36, 37, 40, 41, 44, 46, 47, 48, 50, 51, 54, 59, 64, 68, 70, 72, 73, 74, 76, 77, 87, 89, 93, 94, 95, 97, 99, 100, 105, 106, 109, 224, 194, 216, 42, 182, 17, 145, 117, 6, 179, 221, 25, 189, 15, 144, 212, 157, 128, 193, 119, 186, 127, 71, 188, 98, 123, 31, 80, 229, 162, 219, 112, 61, 135, 18, 178, 184, 75, 53, 204, 26, 90, 196, 69, 57, 92, 191, 27, 78, 209, 163, 86, 155, 225, 55, 176, 181, 118, 120, 85, 175, 200, 134, 5, 227, 131, 33, 43, 213, 180, 187, 111, 164, 28, 230, 56, 81, 199, 202, 82, 206, 101, 13, 52, 29, 103, 2, 91, 165, 124, 114, 174, 156, 149, 173, 122, 125, 16, 129, 60, 166, 116, 139, 217, 49, 154, 190, 205, 142, 67, 12, 146, 115, 121, 126, 130, 132, 133, 137, 140, 151, 152, 159, 170, 172, 185, 192, 198, 201, 203, 210, 211, 215, 226, 228]
x_114: [9, 11, 14, 19, 25, 27, 28, 31, 32, 33, 34, 36, 37, 39, 41, 45, 46, 48, 51, 52, 56, 62, 64, 69, 71, 73, 76, 77, 78, 80, 83, 85, 86, 89, 93, 95, 99, 102, 106, 110, 113, 10, 179, 122, 196, 125, 160, 132, 66, 182, 207, 68, 155, 42, 104, 128, 223, 228, 222, 220, 208, 143, 58, 61, 105, 154, 115, 20, 184, 100, 15, 1, 177, 49, 219, 91, 225, 121, 211, 172, 81, 214, 130, 53, 206, 135, 17, 147, 12, 212, 38, 218, 4, 194, 209, 203, 16, 152, 142, 192, 84, 149, 199, 215, 166, 195, 7, 21, 198, 190, 124, 119, 230, 44, 70, 133, 5, 217, 75, 150, 144, 47, 82, 26, 187, 148, 210, 145, 29, 72, 54, 139, 103, 202, 186, 96, 120, 65, 188, 6, 123, 178, 3, 141, 13, 60, 158, 117, 126, 129, 134, 137, 138, 140, 156, 157, 162, 165, 167, 170, 185, 213, 224, 226]
x_115: [1, 5, 7, 9, 13, 14, 17, 19, 23, 24, 27, 37, 38, 40, 41, 42, 43, 44, 48, 49, 53, 59, 60, 61, 62, 69, 70, 71, 74, 75, 78, 80, 81, 82, 87, 89, 90, 91, 93, 94, 96, 99, 102, 103, 107, 109, 110, 111, 114, 25, 72, 185, 226, 138, 191, 156, 123, 15, 106, 113, 184, 8, 4, 85, 161, 112, 77, 125, 162, 18, 157, 179, 139, 150, 181, 194, 136, 196, 83, 206, 158, 54, 56, 193, 21, 163, 6, 22, 117, 212, 146, 92, 135, 203, 143, 45, 47, 189, 20, 119, 28, 124, 198, 166, 104, 188, 36, 154, 100, 84, 200, 137, 26, 149, 176, 39, 66, 51, 126, 228, 11, 130, 225, 211, 219, 57, 221, 50, 215, 204, 127, 155, 128, 101, 32, 105, 134, 63, 97, 192, 186, 116, 182, 33, 174, 220, 197, 129, 95, 195, 86, 55, 46, 187, 144, 224, 210, 118, 120, 121, 132, 142, 147, 151, 153, 164, 167, 168, 172, 180, 183, 201, 208, 223, 227, 230]
x_116: [1, 5, 6, 9, 10, 12, 17, 18, 19, 20, 32, 34, 35, 36, 37, 44, 46, 49, 53, 59, 61, 62, 63, 67, 69, 72, 74, 78, 80, 89, 90, 93, 95, 100, 103, 106, 107, 110, 111, 113, 115, 177, 180, 121, 161, 176, 139, 50, 83, 168, 217, 191, 57, 230, 108, 71, 21, 143, 51, 29, 164, 200, 221, 178, 2, 137, 147, 58, 155, 128, 172, 85, 213, 8, 196, 77, 25, 109, 218, 205, 193, 211, 184, 16, 131, 22, 119, 41, 145, 149, 151, 54, 135, 75, 194, 175, 26, 142, 167, 65, 228, 42, 192, 153, 43, 102, 60, 144, 209, 56, 39, 181, 163, 210, 30, 79, 3, 104, 220, 15, 14, 120, 224, 150, 156, 207, 118, 73, 169, 132, 222, 208, 40, 133, 140, 141, 45, 124, 157, 48, 84, 55, 173, 206, 127, 134, 136, 138, 152, 154, 174, 179, 185, 195, 197, 199, 204, 223, 227, 229]
x_117: [5, 6, 17, 19, 27, 29, 34, 37, 40, 41, 43, 45, 46, 48, 54, 57, 59, 60, 61, 64, 67, 69, 71, 74, 75, 80, 84, 86, 98, 100, 102, 107, 110, 112, 113, 115, 189, 33, 12, 132, 208, 104, 118, 184, 68, 219, 183, 47, 30, 23, 10, 128, 13, 31, 162, 220, 155, 95, 205, 89, 62, 55, 66, 49, 42, 87, 72, 221, 222, 169, 83, 93, 20, 217, 101, 166, 159, 4, 119, 97, 90, 176, 228, 127, 215, 154, 3, 65, 192, 170, 218, 15, 105, 96, 181, 103, 78, 164, 51, 197, 158, 8, 109, 211, 2, 52, 140, 214, 122, 202, 213, 7, 178, 191, 58, 168, 36, 196, 180, 85, 201, 99, 120, 28, 156, 114, 200, 195, 145, 148, 92, 185, 25, 133, 134, 135, 136, 139, 147, 150, 151, 152, 157, 161, 163, 165, 167, 172, 173, 175, 179, 186, 194, 203, 206, 210, 216, 223, 224, 229, 230]
x_118: [3, 4, 5, 6, 11, 19, 23, 24, 25, 27, 28, 32, 37, 38, 42, 44, 45, 48, 49, 56, 61, 64, 68, 69, 70, 71, 72, 73, 74, 75, 76, 78, 80, 82, 84, 85, 86, 95, 97, 99, 100, 102, 106, 107, 113, 116, 117, 109, 91, 170, 59, 20, 208, 57, 162, 163, 223, 131, 154, 221, 92, 147, 174, 96, 180, 51, 90, 83, 229, 142, 141, 105, 189, 115, 187, 148, 209, 123, 2, 213, 13, 77, 33, 149, 225, 122, 172, 145, 210, 66, 183, 146, 158, 159, 138, 192, 119, 130, 217, 179, 89, 166, 39, 128, 195, 9, 101, 168, 178, 112, 227, 215, 53, 218, 176, 185, 111, 17, 47, 132, 55, 26, 188, 202, 93, 150, 171, 41, 205, 206, 60, 167, 222, 21, 52, 126, 196, 10, 110, 22, 190, 211, 152, 43, 198, 193, 29, 175, 8, 65, 137, 120, 136, 140, 157, 160, 165, 169, 184, 199, 203, 214, 216, 228]
x_119: [8, 10, 11, 12, 13, 17, 19, 23, 24, 25, 32, 38, 39, 42, 44, 48, 56, 59, 61, 62, 63, 64, 70, 71, 75, 76, 80, 83, 84, 87, 88, 90, 91, 93, 95, 99, 106, 107, 110, 111, 113, 114, 115, 116, 117, 118, 201, 27, 185, 230, 73, 52, 187, 58, 190, 200, 215, 120, 144, 164, 98, 154, 213, 148, 226, 103, 170, 102, 26, 94, 217, 211, 197, 227, 123, 125, 53, 165, 205, 37, 207, 30, 189, 4, 147, 184, 220, 65, 225, 54, 199, 179, 160, 141, 208, 169, 121, 122, 134, 136, 146, 151, 152, 155, 157, 161, 167, 168, 172, 175, 181, 183, 192, 196, 202, 204, 206, 209, 210, 212, 216, 219, 223, 228]
x_120: [11, 24, 25, 37, 44, 45, 47, 49, 56, 61, 62, 69, 71, 73, 76, 81, 82, 84, 86, 89, 90, 93, 95, 98, 99, 100, 105, 107, 110, 111, 113, 114, 116, 117, 119, 146, 200, 77, 134, 83, 217, 149, 143, 92, 40, 135, 118, 130, 59, 165, 54, 142, 223, 191, 85, 33, 140, 36, 102, 184, 214, 211, 209, 219, 10, 8, 183, 213, 9, 94, 218, 129, 186, 176, 163, 103, 104, 174, 193, 65, 125, 21, 6, 201, 39, 17, 168, 14, 16, 164, 60, 88, 2, 58, 55, 68, 121, 153, 199, 5, 115, 136, 192, 204, 160, 112, 169, 145, 208, 91, 226, 29, 96, 187, 167, 182, 161, 133, 180, 34, 63, 131, 101, 4, 67, 196, 72, 128, 30, 172, 106, 215, 138, 154, 52, 18, 144, 122, 123, 139, 141, 147, 157, 158, 166, 170, 175, 177, 179, 185, 188, 189, 194, 198, 203, 207, 222, 224, 227, 229, 230]
x_121: [1, 4, 6, 7, 14, 20, 23, 24, 27, 32, 33, 34, 36, 39, 41, 42, 43, 46, 47, 48, 51, 56, 62, 63, 64, 69, 70, 71, 72, 74, 75, 77, 80, 83, 85, 86, 90, 95, 100, 105, 111, 114, 116, 120, 73, 229, 191, 52, 99, 212, 198, 215, 44, 227, 93, 65, 140, 185, 57, 222, 171, 184, 225, 144, 130, 13, 98, 194, 87, 119, 25, 5, 38, 192, 155, 228, 35, 22, 131, 67, 76, 148, 211, 187, 190, 176, 183, 26, 149, 197, 167, 50, 135, 178, 113, 30, 49, 151, 208, 203, 143, 213, 221, 79, 162, 174, 107, 168, 141, 45, 210, 139, 154, 153, 12, 145, 31, 163, 170, 182, 29, 60, 108, 147, 37, 2, 126, 9, 128, 66, 200, 92, 156, 217, 61, 216, 96, 123, 127, 218, 196, 219, 175, 115, 199, 152, 11, 146, 81, 209, 124, 172, 180, 142, 136, 129, 97, 125, 132, 160, 164, 177, 189, 214, 223, 224]
x_122: [5, 21, 22, 23, 31, 32, 35, 37, 39, 42, 44, 45, 51, 59, 61, 62, 64, 70, 73, 76, 89, 90, 97, 98, 109, 110, 111, 113, 114, 117, 118, 216, 58, 88, 219, 79, 71, 147, 82, 148, 67, 63, 154, 158, 168, 127, 43, 211, 208, 197, 196, 96, 141, 172, 41, 139, 224, 123, 176, 94, 20, 210, 138, 133, 56, 57, 171, 178, 38, 91, 132, 140, 229, 163, 225, 195, 50, 151, 53, 9, 146, 107, 49, 106, 85, 175, 8, 81, 46, 33, 60, 230, 108, 142, 125, 131, 150, 26, 159, 120, 36, 179, 4, 105, 207, 209, 218, 72, 198, 126, 202, 119, 162, 27, 87, 17, 100, 101, 134, 136, 144, 156, 157, 164, 165, 166, 177, 180, 181, 184, 188, 192, 194, 204, 205, 206, 214, 220, 222, 223]
x_123: [3, 6, 8, 12, 17, 19, 20, 24, 27, 28, 35, 36, 37, 41, 42, 43, 44, 45, 46, 48, 53, 54, 57, 59, 64, 68, 69, 70, 72, 75, 76, 78, 82, 83, 84, 86, 89, 90, 93, 94, 95, 105, 106, 109, 110, 113, 114, 115, 118, 119, 121, 122, 18, 67, 167, 172, 38, 47, 159, 98, 221, 32, 104, 183, 136, 33, 102, 30, 158, 4, 55, 177, 194, 21, 146, 91, 99, 193, 56, 120, 66, 124, 58, 101, 5, 13, 60, 81, 219, 107, 210, 164, 11, 148, 92, 178, 139, 88, 127, 73, 185, 125, 128, 132, 134, 135, 143, 147, 151, 153, 157, 160, 162, 165, 170, 174, 180, 181, 184, 186, 187, 191, 197, 199, 202, 203, 204, 206, 208, 211, 215, 222, 225, 226, 227]
x_124: [4, 11, 17, 18, 19, 23, 27, 36, 40, 41, 43, 46, 47, 48, 50, 51, 54, 59, 62, 74, 75, 77, 78, 82, 83, 84, 86, 99, 110, 111, 112, 113, 114, 115, 116, 121, 123, 94, 221, 127, 8, 195, 154, 125, 128, 130, 132, 133, 140, 142, 144, 148, 151, 157, 158, 162, 164, 168, 172, 173, 177, 178, 179, 180, 181, 184, 192, 197, 199, 201, 203, 204, 206, 208, 211, 212, 213, 215, 219, 222, 223, 224, 227, 229]
x_125: [1, 4, 5, 8, 9, 11, 18, 19, 24, 27, 31, 36, 38, 41, 52, 54, 58, 61, 63, 64, 70, 71, 72, 73, 76, 77, 78, 83, 86, 87, 88, 90, 93, 106, 107, 109, 111, 113, 114, 115, 119, 120, 122, 60, 13, 144, 170, 140, 47, 209, 141, 50, 32, 48, 228, 146, 2, 34, 130, 230, 191, 14, 51, 44, 216, 211, 39, 224, 169, 137, 166, 184, 190, 147, 74, 133, 158, 185, 145, 97, 151, 171, 174, 150, 195, 33, 45, 99, 129, 40, 30, 136, 139, 227, 43, 124, 121, 17, 16, 128, 37, 219, 217, 197, 138, 102, 214, 101, 29, 204, 226, 157, 69, 160, 98, 10, 165, 21, 199, 222, 112, 55, 159, 192, 6, 220, 53, 173, 96, 100, 207, 200, 225, 189, 92, 167, 57, 229, 3, 148, 12, 163, 162, 65, 123, 155, 35, 26, 126, 132, 134, 142, 154, 156, 172, 175, 176, 177, 181, 183, 187, 188, 193, 203, 205, 206, 210, 212, 213, 215, 223]
x_126: [4, 9, 17, 19, 20, 25, 27, 29, 31, 33, 34, 36, 37, 38, 39, 42, 43, 46, 47, 48, 49, 50, 55, 64, 69, 72, 74, 80, 83, 84, 85, 87, 95, 100, 102, 105, 106, 111, 115, 118, 121, 122, 166, 114, 164, 18, 180, 226, 207, 110, 113, 14, 13, 170, 223, 40, 230, 215, 155, 101, 135, 26, 112, 201, 211, 208, 194, 149, 99, 73, 177, 108, 12, 65, 97, 128, 76, 23, 199, 203, 145, 22, 15, 109, 189, 11, 228, 32, 188, 125, 66, 52, 58, 190, 221, 94, 195, 179, 157, 103, 168, 185, 192, 175, 59, 68, 147, 141, 160, 51, 10, 129, 132, 133, 139, 143, 150, 152, 158, 162, 163, 172, 176, 178, 181, 187, 193, 197, 202, 206, 209, 214, 220, 222, 224, 227]
x_127: [1, 3, 5, 7, 8, 9, 10, 11, 12, 18, 19, 20, 24, 27, 31, 36, 38, 41, 42, 45, 51, 54, 57, 58, 61, 62, 68, 69, 70, 71, 77, 78, 80, 82, 84, 90, 91, 94, 95, 97, 99, 100, 106, 109, 111, 112, 113, 115, 116, 117, 121, 122, 123, 124, 165, 194, 160, 136, 171, 208, 193, 174, 207, 13, 164, 224, 168, 220, 197, 141, 63, 59, 166, 15, 135, 92, 192, 147, 104, 56, 177, 72, 44, 219, 167, 75, 230, 28, 2, 203, 150, 140, 103, 143, 101, 153, 146, 221, 151, 161, 223, 29, 34, 185, 163, 139, 152, 154, 156, 172, 175, 179, 180, 181, 183, 184, 189, 202, 204, 206, 213, 225, 226, 227, 229]
x_128: [3, 5, 12, 13, 19, 20, 33, 36, 39, 42, 51, 52, 54, 55, 59, 61, 63, 68, 70, 71, 73, 75, 78, 79, 80, 82, 84, 85, 89, 90, 92, 97, 99, 102, 103, 105, 107, 109, 110, 113, 114, 115, 116, 117, 118, 120, 121, 125, 126, 199, 206, 50, 163, 220, 162, 212, 219, 40, 175, 45, 222, 221, 146, 81, 148, 156, 32, 93, 65, 29, 46, 31, 14, 159, 229, 195, 179, 62, 77, 37, 140, 2, 177, 170, 9, 111, 4, 47, 21, 11, 202, 87, 123, 213, 201, 191, 124, 143, 217, 26, 131, 203, 144, 204, 157, 64, 58, 196, 142, 106, 6, 76, 184, 129, 135, 136, 138, 139, 150, 152, 153, 154, 155, 158, 161, 164, 166, 169, 180, 181, 185, 189, 197, 205, 208, 209, 210, 211, 214, 216, 224, 226]
x_129: [3, 4, 7, 8, 9, 14, 17, 21, 24, 27, 31, 33, 35, 41, 42, 45, 46, 49, 51, 53, 54, 61, 62, 64, 67, 74, 81, 84, 86, 87, 90, 93, 95, 100, 102, 105, 106, 107, 109, 111, 112, 113, 115, 120, 121, 125, 52, 186, 171, 101, 210, 38, 207, 82, 212, 56, 128, 178, 2, 26, 88, 190, 209, 208, 227, 132, 160, 203, 34, 158, 135, 188, 221, 219, 195, 215, 114, 44, 96, 199, 78, 68, 50, 204, 91, 30, 169, 179, 43, 189, 148, 71, 136, 146, 63, 58, 162, 168, 173, 65, 174, 70, 172, 126, 80, 154, 98, 194, 73, 180, 175, 147, 22, 23, 196, 47, 143, 151, 152, 155, 156, 157, 159, 165, 177, 181, 183, 187, 193, 197, 202, 211, 216, 225]
x_130: [3, 4, 5, 11, 17, 19, 20, 24, 26, 28, 31, 32, 34, 35, 36, 37, 41, 45, 46, 51, 53, 54, 57, 59, 64, 69, 70, 72, 73, 77, 78, 82, 84, 86, 87, 89, 90, 93, 95, 97, 98, 99, 100, 105, 109, 110, 111, 112, 114, 115, 118, 120, 121, 125, 216, 227, 15, 106, 107, 200, 141, 65, 113, 168, 208, 186, 137, 172, 181, 193, 195, 182, 147, 92, 149, 230, 163, 30, 199, 74, 202, 174, 124, 49, 203, 211, 96, 153, 192, 103, 133, 136, 139, 143, 150, 157, 159, 162, 166, 167, 169, 175, 177, 183, 184, 185, 191, 209, 210, 215, 217, 221, 222, 223, 224, 226]
x_131: [4, 5, 7, 8, 10, 11, 17, 18, 19, 20, 21, 23, 27, 32, 33, 34, 35, 36, 37, 41, 42, 43, 46, 48, 49, 52, 61, 62, 63, 69, 75, 76, 79, 80, 81, 82, 89, 91, 95, 99, 102, 106, 107, 109, 113, 116, 118, 120, 121, 122, 128, 44, 135, 28, 163, 160, 180, 54, 140, 143, 147, 152, 156, 157, 165, 166, 167, 168, 172, 174, 176, 179, 181, 183, 184, 187, 189, 191, 192, 194, 198, 203, 204, 206, 210, 211, 213, 214, 221, 223, 224, 226, 228, 230]
x_132: [4, 7, 8, 14, 18, 19, 21, 24, 25, 27, 28, 31, 33, 35, 37, 41, 45, 46, 49, 50, 51, 57, 58, 59, 62, 63, 67, 69, 70, 72, 74, 75, 76, 77, 80, 83, 84, 85, 89, 93, 97, 98, 100, 106, 114, 116, 117, 118, 122, 129, 125, 202, 81, 121, 212, 219, 221, 108, 154, 186, 216, 9, 199, 22, 2, 173, 191, 115, 160, 82, 155, 34, 207, 68, 163, 143, 20, 157, 103, 223, 165, 146, 11, 73, 206, 109, 5, 139, 142, 55, 36, 200, 170, 138, 149, 195, 86, 26, 92, 187, 164, 111, 99, 10, 159, 224, 87, 30, 61, 181, 123, 112, 175, 102, 113, 203, 151, 226, 124, 17, 40, 174, 168, 217, 136, 196, 96, 47, 220, 110, 134, 198, 209, 211, 13, 56, 95, 29, 60, 162, 3, 43, 126, 52, 133, 135, 144, 147, 150, 153, 156, 158, 166, 167, 172, 178, 183, 184, 189, 192, 194, 197, 201, 204, 215, 227, 229]
x_133: [4, 5, 10, 19, 21, 24, 26, 28, 36, 40, 42, 44, 45, 46, 48, 51, 52, 59, 61, 62, 63, 64, 69, 76, 82, 83, 84, 95, 97, 99, 100, 101, 106, 107, 110, 112, 114, 116, 120, 122, 125, 130, 67, 117, 12, 77, 20, 124, 225, 13, 94, 93, 89, 177, 209, 206, 223, 80, 218, 105, 81, 68, 176, 174, 171, 70, 32, 58, 228, 189, 22, 202, 144, 224, 132, 139, 91, 73, 194, 195, 113, 56, 102, 75, 1, 86, 168, 193, 200, 156, 98, 53, 180, 92, 178, 222, 126, 227, 66, 188, 167, 199, 55, 205, 143, 164, 29, 96, 197, 172, 18, 9, 163, 135, 187, 201, 85, 213, 140, 15, 72, 153, 145, 198, 157, 134, 136, 141, 150, 158, 159, 160, 165, 166, 175, 179, 181, 183, 192, 203, 204, 210, 211, 215, 226, 230]
x_134: [4, 11, 14, 17, 19, 27, 34, 36, 37, 39, 40, 41, 42, 45, 51, 52, 61, 64, 68, 70, 71, 73, 74, 75, 76, 84, 86, 89, 93, 97, 106, 109, 111, 112, 113, 115, 120, 132, 173, 72, 226, 10, 135, 199, 175, 66, 225, 16, 187, 98, 56, 87, 216, 117, 193, 208, 77, 25, 140, 194, 195, 49, 203, 43, 222, 133, 114, 67, 5, 144, 9, 82, 207, 196, 107, 122, 59, 123, 169, 228, 168, 22, 90, 183, 44, 184, 151, 139, 227, 28, 220, 85, 18, 55, 13, 32, 35, 31, 53, 143, 159, 205, 80, 218, 3, 200, 198, 38, 96, 141, 161, 172, 190, 215, 104, 230, 185, 21, 91, 166, 125, 213, 1, 165, 189, 167, 12, 223, 54, 219, 58, 152, 99, 83, 116, 155, 95, 191, 7, 26, 209, 105, 229, 171, 63, 119, 103, 201, 177, 221, 65, 150, 145, 170, 206, 181, 136, 146, 154, 164, 174, 176, 186, 192, 197, 202, 210, 211, 212, 214, 217, 224]
x_135: [5, 10, 11, 13, 15, 17, 18, 19, 24, 28, 30, 32, 34, 40, 43, 44, 46, 59, 61, 62, 64, 70, 71, 72, 74, 76, 78, 80, 85, 86, 87, 90, 98, 100, 101, 104, 107, 110, 111, 112, 113, 114, 115, 116, 120, 121, 126, 127, 129, 131, 133, 134, 68, 138, 52, 209, 41, 149, 38, 145, 57, 3, 84, 177, 229, 166, 31, 132, 128, 123, 194, 45, 146, 171, 222, 181, 81, 89, 184, 175, 228, 143, 196, 154, 99, 29, 73, 179, 66, 103, 220, 140, 207, 211, 50, 53, 223, 189, 212, 139, 161, 202, 20, 217, 192, 60, 54, 94, 51, 218, 39, 167, 117, 136, 142, 144, 147, 156, 157, 158, 164, 165, 168, 169, 176, 178, 185, 195, 198, 199, 203, 204, 208, 210, 213, 224, 225, 226, 227]
x_136: [3, 5, 8, 9, 10, 11, 20, 21, 22, 23, 27, 30, 37, 39, 42, 44, 46, 47, 48, 49, 50, 51, 53, 56, 59, 70, 72, 76, 79, 80, 82, 84, 89, 92, 99, 106, 107, 110, 111, 115, 120, 121, 123, 125, 127, 129, 132, 17, 135, 152, 40, 54, 122, 118, 88, 15, 207, 172, 130, 220, 182, 218, 169, 195, 227, 34, 156, 203, 198, 209, 213, 12, 150, 81, 117, 60, 52, 100, 71, 24, 6, 91, 133, 181, 67, 119, 229, 226, 77, 93, 185, 221, 194, 216, 219, 75, 197, 189, 105, 29, 146, 90, 1, 165, 32, 96, 183, 61, 142, 184, 25, 28, 14, 217, 215, 159, 86, 222, 180, 134, 167, 164, 104, 205, 109, 168, 176, 26, 170, 206, 38, 58, 98, 116, 158, 187, 151, 140, 43, 162, 191, 175, 57, 16, 95, 188, 178, 201, 149, 210, 45, 128, 55, 208, 112, 153, 143, 144, 147, 154, 157, 179, 186, 211, 223, 228]
x_137: [5, 6, 9, 14, 17, 18, 19, 20, 24, 34, 35, 37, 39, 41, 42, 44, 45, 48, 61, 68, 69, 70, 75, 76, 78, 83, 84, 86, 87, 92, 94, 96, 99, 106, 107, 109, 110, 111, 115, 116, 118, 125, 130, 112, 113, 175, 141, 108, 156, 27, 206, 226, 178, 114, 3, 183, 140, 169, 10, 201, 150, 152, 153, 154, 155, 158, 160, 166, 167, 168, 173, 177, 185, 188, 191, 197, 204, 205, 209, 210, 211, 212, 216, 220, 222, 223, 225, 227, 229, 230]
x_138: [4, 5, 7, 13, 14, 17, 19, 21, 22, 23, 24, 25, 27, 33, 37, 38, 39, 41, 42, 43, 45, 46, 49, 51, 57, 61, 73, 76, 84, 87, 90, 93, 94, 99, 100, 101, 106, 110, 115, 118, 120, 122, 125, 132, 135, 104, 174, 15, 218, 167, 116, 109, 88, 152, 160, 114, 128, 68, 176, 139, 141, 143, 144, 150, 151, 155, 156, 157, 162, 164, 166, 170, 177, 178, 180, 184, 185, 187, 192, 194, 197, 198, 201, 203, 204, 206, 211, 213, 215, 222, 223, 225, 226, 227]
x_139: [2, 4, 6, 7, 9, 12, 19, 20, 24, 27, 32, 35, 37, 39, 41, 42, 44, 46, 48, 52, 53, 55, 59, 63, 74, 78, 80, 83, 84, 85, 86, 87, 90, 95, 96, 97, 101, 106, 107, 110, 111, 112, 113, 114, 115, 116, 121, 122, 123, 125, 132, 133, 134, 135, 187, 179, 204, 147, 150, 33, 174, 21, 102, 62, 229, 13, 64, 88, 158, 170, 226, 49, 130, 54, 29, 70, 109, 161, 219, 108, 162, 172, 207, 72, 69, 228, 61, 31, 176, 206, 199, 222, 171, 25, 160, 185, 117, 153, 149, 67, 17, 225, 58, 224, 77, 169, 105, 220, 43, 215, 210, 218, 167, 75, 45, 120, 216, 3, 148, 191, 81, 196, 127, 93, 221, 209, 193, 14, 201, 68, 40, 66, 188, 166, 126, 168, 128, 203, 138, 51, 71, 152, 103, 144, 23, 156, 22, 47, 155, 100, 165, 140, 142, 143, 151, 157, 159, 175, 180, 181, 183, 184, 189, 195, 205, 213, 217]
x_140: [5, 7, 8, 9, 11, 17, 18, 19, 22, 24, 25, 27, 28, 36, 41, 44, 45, 46, 53, 57, 59, 61, 62, 63, 64, 68, 70, 71, 72, 74, 77, 78, 80, 82, 83, 84, 86, 89, 90, 93, 94, 98, 99, 100, 101, 105, 110, 111, 112, 116, 117, 120, 121, 122, 125, 127, 128, 133, 134, 135, 136, 137, 190, 114, 6, 194, 166, 219, 48, 147, 32, 13, 104, 165, 180, 55, 34, 150, 181, 52, 226, 174, 189, 37, 146, 20, 193, 38, 175, 67, 227, 186, 124, 96, 139, 182, 143, 184, 47, 204, 91, 141, 209, 33, 131, 206, 56, 154, 208, 160, 178, 85, 185, 155, 35, 113, 197, 103, 12, 118, 191, 148, 152, 156, 163, 167, 168, 183, 187, 213, 214, 220, 221, 222, 223]
x_141: [4, 5, 6, 7, 12, 14, 19, 21, 27, 28, 31, 33, 34, 35, 37, 40, 47, 49, 53, 56, 58, 59, 61, 64, 66, 69, 72, 73, 78, 79, 80, 82, 84, 89, 90, 93, 95, 99, 102, 105, 107, 112, 114, 116, 118, 119, 121, 122, 125, 126, 127, 130, 134, 137, 140, 160, 83, 9, 172, 195, 226, 164, 204, 77, 189, 13, 191, 165, 133, 51, 166, 68, 54, 148, 200, 25, 225, 144, 52, 209, 104, 32, 55, 218, 157, 60, 220, 152, 1, 8, 96, 11, 45, 22, 202, 138, 75, 10, 65, 170, 120, 143, 146, 151, 154, 155, 156, 168, 171, 174, 175, 177, 179, 180, 183, 185, 187, 194, 197, 199, 203, 207, 208, 221, 222, 229]
x_142: [3, 4, 6, 7, 8, 19, 23, 24, 25, 27, 28, 29, 33, 36, 37, 43, 46, 53, 56, 63, 70, 72, 74, 76, 78, 81, 84, 90, 94, 100, 103, 105, 106, 107, 109, 113, 114, 116, 118, 120, 121, 122, 128, 132, 136, 59, 225, 197, 89, 147, 48, 200, 202, 161, 125, 115, 85, 159, 22, 195, 154, 198, 148, 158, 99, 14, 221, 214, 184, 108, 111, 169, 49, 176, 16, 218, 150, 102, 60, 92, 216, 168, 15, 190, 222, 79, 55, 9, 87, 50, 77, 217, 2, 124, 110, 95, 220, 144, 219, 73, 227, 112, 135, 71, 12, 54, 10, 187, 215, 26, 192, 80, 145, 172, 199, 30, 18, 204, 151, 196, 178, 143, 91, 175, 181, 40, 1, 51, 41, 139, 68, 180, 160, 32, 13, 152, 156, 164, 165, 166, 173, 179, 183, 203, 207, 208, 209, 210, 211, 213, 229]
x_143: [3, 10, 11, 17, 22, 24, 27, 28, 34, 37, 42, 44, 45, 48, 49, 50, 51, 55, 56, 59, 61, 62, 63, 64, 70, 75, 76, 78, 79, 84, 90, 91, 94, 95, 99, 100, 105, 106, 108, 109, 112, 114, 115, 116, 120, 121, 127, 128, 132, 133, 134, 135, 140, 142, 179, 212, 144, 218, 223, 67, 159, 178, 46, 123, 1, 181, 139, 66, 29, 16, 146, 187, 47, 136, 6, 92, 204, 168, 138, 154, 160, 151, 152, 2, 215, 38, 131, 7, 41, 110, 98, 198, 228, 130, 21, 211, 206, 210, 226, 43, 183, 4, 163, 217, 58, 129, 175, 40, 224, 74, 54, 26, 82, 126, 9, 156, 227, 202, 111, 165, 141, 230, 32, 73, 150, 157, 164, 166, 167, 170, 171, 180, 193, 199, 203, 209, 213, 216]
x_144: [4, 5, 8, 9, 11, 14, 17, 20, 23, 24, 27, 33, 36, 38, 41, 43, 44, 48, 56, 59, 61, 63, 69, 72, 78, 83, 85, 86, 90, 92, 95, 99, 102, 105, 106, 110, 112, 113, 114, 115, 116, 119, 120, 121, 125, 128, 133, 134, 139, 141, 142, 143, 37, 79, 187, 103, 34, 74, 135, 175, 199, 101, 193, 159, 160, 124, 71, 136, 73, 165, 223, 80, 6, 2, 208, 202, 91, 70, 214, 203, 122, 132, 13, 138, 64, 62, 16, 32, 150, 210, 107, 166, 169, 172, 15, 98, 200, 148, 88, 213, 182, 205, 219, 21, 168, 171, 191, 18, 50, 146, 147, 152, 155, 156, 158, 162, 170, 174, 177, 183, 188, 189, 192, 194, 197, 206, 211, 215, 221, 224, 226, 228]
x_145: [5, 6, 8, 12, 17, 19, 21, 25, 27, 31, 32, 34, 35, 36, 39, 42, 44, 45, 46, 48, 49, 54, 61, 64, 69, 70, 72, 75, 76, 82, 86, 89, 90, 95, 96, 100, 105, 106, 109, 110, 113, 114, 116, 117, 118, 120, 121, 125, 126, 133, 134, 135, 142, 13, 184, 192, 83, 175, 222, 68, 207, 164, 3, 146, 148, 150, 152, 154, 161, 162, 165, 172, 181, 183, 186, 187, 189, 193, 195, 196, 197, 203, 204, 206, 208, 209, 211, 213, 215, 216, 218, 223, 224, 226, 227, 230]
x_146: [1, 4, 5, 8, 9, 21, 23, 24, 34, 35, 36, 40, 42, 45, 48, 51, 53, 54, 56, 59, 61, 63, 64, 68, 72, 73, 76, 77, 78, 84, 86, 87, 90, 92, 95, 98, 105, 106, 107, 109, 110, 111, 112, 113, 115, 118, 120, 121, 122, 123, 125, 127, 128, 129, 132, 135, 136, 140, 143, 141, 156, 214, 207, 11, 134, 16, 144, 145, 6, 65, 153, 185, 104, 219, 157, 43, 202, 46, 220, 58, 168, 223, 229, 218, 171, 150, 199, 41, 60, 191, 93, 119, 49, 19, 149, 27, 173, 12, 147, 154, 159, 165, 166, 169, 172, 177, 179, 183, 184, 187, 189, 194, 197, 203, 206, 221, 222, 224, 226]
x_147: [5, 6, 8, 9, 17, 18, 19, 21, 24, 27, 32, 35, 36, 41, 42, 46, 49, 51, 56, 61, 62, 68, 69, 71, 75, 76, 80, 84, 85, 87, 89, 90, 93, 95, 99, 100, 102, 105, 106, 110, 114, 116, 118, 119, 121, 122, 125, 126, 127, 129, 130, 139, 140, 142, 30, 96, 64, 43, 201, 29, 88, 22, 173, 40, 94, 44, 211, 226, 167, 184, 194, 117, 214, 123, 163, 135, 169, 91, 107, 131, 115, 78, 161, 176, 171, 225, 60, 155, 150, 216, 193, 149, 146, 165, 207, 136, 120, 203, 200, 164, 23, 205, 192, 108, 16, 144, 10, 57, 187, 220, 219, 101, 112, 77, 55, 38, 208, 2, 63, 81, 79, 170, 37, 229, 45, 1, 132, 52, 189, 25, 148, 152, 154, 157, 159, 160, 168, 172, 174, 177, 179, 180, 181, 185, 204, 209, 213, 221, 223, 224]
x_148: [4, 5, 7, 17, 21, 25, 27, 31, 32, 36, 40, 42, 44, 48, 49, 51, 52, 53, 56, 59, 62, 63, 70, 71, 78, 87, 89, 90, 99, 102, 105, 109, 114, 117, 118, 119, 121, 122, 123, 125, 128, 129, 139, 141, 142, 144, 86, 77, 72, 93, 164, 197, 170, 140, 202, 50, 158, 149, 193, 178, 171, 69, 97, 37, 166, 38, 227, 14, 39, 167, 224, 145, 183, 184, 177, 41, 61, 24, 34, 209, 212, 46, 96, 6, 22, 206, 147, 225, 124, 218, 150, 152, 156, 157, 159, 165, 168, 172, 174, 176, 179, 181, 188, 189, 194, 199, 204, 208, 210, 211, 213, 215, 216, 220, 226, 229]
x_149: [4, 6, 7, 8, 9, 10, 11, 12, 17, 18, 19, 20, 23, 25, 26, 27, 31, 33, 35, 38, 49, 52, 53, 54, 61, 62, 69, 74, 79, 80, 84, 86, 87, 89, 95, 99, 103, 105, 106, 109, 113, 114, 115, 116, 118, 120, 121, 126, 130, 132, 135, 136, 139, 146, 147, 148, 78, 225, 150, 151, 159, 160, 162, 165, 168, 173, 174, 175, 176, 178, 182, 185, 187, 189, 191, 192, 193, 194, 196, 197, 199, 202, 205, 206, 209, 215, 222, 224, 227]
x_150: [4, 9, 10, 17, 18, 24, 27, 31, 33, 39, 41, 43, 45, 48, 51, 59, 62, 63, 64, 72, 76, 80, 87, 89, 90, 95, 98, 101, 106, 107, 110, 111, 112, 114, 115, 116, 118, 122, 125, 127, 134, 136, 139, 140, 142, 144, 146, 147, 206, 208, 46, 94, 214, 42, 19, 69, 2, 88, 171, 198, 213, 196, 93, 132, 168, 209, 40, 29, 200, 195, 52, 71, 170, 161, 53, 193, 54, 133, 20, 105, 157, 143, 212, 225, 128, 185, 67, 28, 78, 25, 96, 55, 82, 158, 175, 103, 99, 137, 91, 32, 12, 177, 184, 220, 165, 181, 126, 199, 21, 155, 117, 79, 222, 187, 149, 218, 182, 160, 138, 34, 56, 50, 5, 35, 77, 83, 226, 7, 13, 16, 180, 130, 49, 61, 86, 148, 97, 205, 74, 201, 211, 145, 23, 178, 153, 162, 166, 169, 172, 173, 176, 192, 194, 202, 203, 210, 224, 230]
x_151: [3, 6, 14, 19, 23, 26, 27, 28, 32, 34, 36, 37, 41, 42, 43, 45, 46, 47, 48, 49, 51, 52, 55, 56, 61, 69, 70, 71, 72, 74, 75, 78, 79, 80, 82, 84, 85, 86, 87, 91, 95, 99, 105, 106, 112, 116, 121, 122, 125, 127, 132, 134, 136, 142, 143, 196, 229, 5, 90, 211, 225, 224, 172, 149, 11, 230, 115, 198, 207, 129, 195, 100, 117, 201, 113, 206, 187, 138, 9, 123, 158, 124, 203, 162, 166, 141, 182, 192, 64, 4, 111, 204, 213, 2, 227, 15, 83, 18, 57, 1, 139, 35, 25, 209, 163, 212, 191, 170, 119, 160, 152, 154, 157, 159, 167, 174, 178, 179, 183, 185, 189, 197, 199, 202, 215, 216, 218, 222, 223, 228]
x_152: [1, 4, 5, 8, 11, 12, 14, 18, 25, 36, 37, 38, 39, 41, 44, 45, 48, 49, 59, 61, 62, 64, 68, 78, 83, 84, 85, 89, 90, 94, 95, 98, 99, 100, 101, 105, 106, 107, 109, 112, 114, 118, 121, 134, 136, 138, 139, 141, 143, 137, 82, 42, 54, 77, 153, 173, 170, 209, 220, 66, 113, 35, 128, 192, 159, 198, 216, 227, 167, 185, 169, 166, 6, 104, 205, 70, 168, 140, 91, 188, 28, 65, 222, 163, 178, 7, 17, 148, 3, 119, 213, 111, 155, 46, 15, 186, 151, 208, 181, 22, 32, 40, 57, 147, 190, 145, 50, 174, 19, 189, 127, 131, 69, 142, 203, 56, 26, 96, 207, 224, 9, 117, 194, 183, 52, 72, 199, 29, 97, 144, 80, 53, 73, 219, 129, 214, 13, 223, 67, 217, 87, 116, 33, 229, 34, 164, 162, 221, 200, 195, 126, 58, 102, 184, 76, 24, 191, 75, 47, 177, 154, 157, 160, 172, 176, 179, 187, 211, 230]
x_153: [6, 7, 8, 11, 24, 25, 27, 31, 33, 38, 39, 41, 42, 43, 44, 47, 48, 51, 53, 59, 60, 61, 69, 70, 71, 74, 75, 78, 87, 90, 93, 95, 96, 100, 101, 102, 105, 106, 107, 110, 112, 116, 120, 121, 127, 130, 133, 136, 139, 146, 152, 19, 180, 137, 115, 79, 182, 170, 73, 34, 227, 29, 192, 83, 172, 228, 63, 176, 219, 88, 36, 154, 224, 12, 150, 65, 209, 165, 220, 103, 183, 16, 186, 159, 58, 77, 216, 132, 191, 155, 190, 218, 1, 212, 210, 2, 26, 28, 14, 221, 201, 156, 123, 128, 50, 189, 13, 217, 72, 9, 162, 205, 35, 49, 168, 23, 163, 166, 167, 175, 184, 185, 187, 194, 198, 199, 204, 206, 208, 211, 213, 223, 225, 229]
x_154: [4, 5, 6, 9, 10, 17, 18, 20, 21, 23, 32, 35, 37, 38, 43, 44, 45, 52, 53, 57, 59, 61, 64, 67, 69, 70, 75, 80, 84, 85, 90, 93, 94, 98, 100, 110, 111, 112, 113, 114, 115, 117, 118, 119, 120, 121, 122, 124, 129, 132, 135, 140, 142, 143, 153, 92, 106, 201, 204, 202, 185, 41, 50, 208, 199, 54, 96, 169, 63, 7, 108, 82, 222, 227, 141, 167, 99, 34, 88, 170, 211, 25, 116, 194, 74, 188, 103, 207, 26, 209, 182, 163, 184, 151, 177, 101, 224, 79, 15, 125, 30, 47, 105, 147, 178, 186, 223, 215, 156, 104, 158, 56, 155, 198, 190, 159, 40, 191, 157, 146, 89, 62, 28, 2, 31, 128, 193, 137, 77, 81, 109, 162, 206, 13, 127, 3, 152, 11, 22, 49, 136, 213, 24, 217, 181, 134, 145, 197, 165, 168, 175, 180, 187, 192, 210, 220, 221, 225, 226, 228, 229]
x_155: [5, 7, 11, 14, 19, 23, 32, 33, 34, 36, 38, 41, 42, 43, 46, 48, 49, 55, 62, 64, 70, 71, 72, 74, 75, 76, 77, 78, 80, 82, 84, 85, 86, 89, 93, 94, 95, 96, 105, 109, 112, 113, 114, 115, 116, 117, 121, 125, 126, 132, 134, 139, 140, 147, 150, 152, 153, 154, 27, 56, 128, 141, 195, 211, 81, 98, 214, 29, 60, 191, 103, 227, 110, 213, 229, 119, 102, 159, 179, 209, 215, 162, 21, 228, 15, 157, 181, 30, 4, 166, 222, 173, 63, 172, 160, 223, 90, 67, 201, 200, 198, 206, 54, 182, 178, 177, 137, 16, 180, 170, 144, 138, 197, 12, 190, 210, 22, 225, 50, 3, 51, 187, 1, 129, 165, 217, 37, 204, 61, 207, 221, 167, 174, 73, 79, 13, 8, 156, 161, 164, 168, 186, 188, 189, 193, 194, 199, 208, 220, 226]
x_156: [1, 4, 5, 8, 9, 11, 19, 20, 21, 23, 27, 31, 32, 33, 36, 39, 44, 54, 57, 59, 62, 64, 69, 70, 72, 78, 82, 84, 85, 86, 89, 93, 95, 99, 106, 107, 110, 113, 115, 116, 117, 121, 128, 133, 136, 137, 139, 143, 146, 153, 154, 55, 30, 161, 228, 164, 105, 197, 216, 198, 114, 12, 141, 66, 26, 173, 65, 79, 42, 194, 96, 14, 138, 88, 87, 131, 142, 24, 140, 157, 213, 178, 13, 226, 10, 37, 210, 52, 175, 144, 200, 192, 73, 166, 135, 159, 68, 132, 199, 127, 158, 111, 109, 94, 28, 191, 174, 172, 207, 182, 129, 43, 160, 2, 155, 97, 206, 122, 148, 187, 22, 34, 180, 125, 224, 168, 176, 184, 185, 186, 201, 208, 209, 220, 222, 223, 225, 229]
x_157: [4, 5, 7, 8, 11, 14, 19, 24, 27, 33, 35, 36, 37, 38, 41, 42, 43, 48, 51, 53, 56, 59, 61, 63, 64, 69, 70, 72, 76, 79, 80, 83, 84, 86, 91, 93, 97, 98, 101, 105, 106, 107, 109, 110, 113, 115, 116, 125, 126, 128, 132, 133, 141, 146, 150, 154, 155, 156, 71, 26, 50, 209, 190, 34, 226, 78, 87, 138, 151, 183, 102, 123, 58, 205, 117, 57, 220, 199, 177, 130, 122, 214, 148, 186, 77, 54, 201, 95, 75, 163, 159, 198, 124, 136, 191, 44, 162, 196, 174, 171, 178, 114, 152, 160, 108, 111, 100, 45, 189, 49, 20, 165, 120, 172, 135, 147, 60, 188, 194, 73, 32, 6, 104, 143, 65, 21, 131, 74, 169, 215, 221, 112, 119, 62, 89, 208, 170, 31, 195, 219, 10, 139, 46, 218, 68, 1, 82, 193, 224, 28, 229, 99, 129, 85, 212, 118, 181, 192, 161, 213, 67, 175, 2, 166, 179, 185, 187, 204, 206, 210, 211, 230]
x_158: [4, 6, 9, 18, 19, 21, 23, 25, 27, 29, 31, 34, 35, 37, 38, 40, 42, 43, 46, 48, 49, 50, 51, 52, 53, 54, 56, 61, 68, 69, 70, 71, 74, 75, 80, 81, 84, 86, 89, 90, 93, 95, 98, 100, 102, 104, 107, 109, 110, 111, 114, 115, 117, 118, 122, 123, 125, 129, 136, 139, 142, 148, 150, 151, 154, 156, 173, 13, 2, 163, 126, 188, 91, 108, 5, 8, 211, 196, 215, 3, 82, 62, 221, 33, 105, 135, 171, 128, 103, 67, 212, 218, 133, 167, 73, 195, 57, 205, 230, 94, 180, 226, 190, 204, 58, 60, 168, 206, 217, 166, 192, 10, 36, 193, 225, 160, 170, 174, 184, 28, 198, 132, 137, 179, 227, 222, 164, 101, 216, 124, 96, 120, 186, 66, 202, 219, 194, 144, 223, 189, 181, 165, 178, 185, 187, 199, 209, 213, 224, 228]
x_159: [6, 10, 17, 21, 23, 25, 27, 31, 32, 37, 38, 41, 42, 43, 44, 45, 46, 48, 49, 52, 53, 54, 56, 61, 63, 64, 67, 72, 74, 75, 78, 83, 86, 87, 89, 91, 93, 95, 97, 98, 99, 100, 106, 110, 112, 117, 118, 122, 123, 125, 128, 132, 134, 136, 142, 143, 144, 152, 153, 154, 155, 156, 157, 196, 107, 178, 147, 73, 130, 171, 113, 13, 47, 146, 51, 151, 70, 226, 203, 39, 139, 102, 190, 181, 192, 217, 88, 149, 183, 223, 215, 1, 177, 214, 35, 189, 175, 7, 129, 19, 62, 104, 148, 185, 133, 211, 224, 167, 218, 14, 165, 2, 210, 186, 85, 58, 209, 101, 12, 162, 163, 168, 172, 176, 179, 184, 187, 197, 199, 204, 206, 208, 212, 213, 216, 221, 228, 229, 230]
x_160: [4, 5, 7, 9, 10, 11, 19, 20, 23, 24, 25, 31, 33, 42, 43, 44, 46, 49, 50, 51, 52, 57, 59, 62, 67, 70, 72, 74, 76, 78, 82, 84, 87, 89, 95, 100, 102, 107, 109, 110, 111, 112, 114, 119, 120, 125, 126, 127, 129, 131, 132, 138, 139, 140, 141, 142, 143, 144, 150, 151, 155, 156, 157, 158, 38, 185, 35, 161, 104, 1, 177, 37, 184, 81, 163, 195, 18, 91, 54, 215, 56, 108, 228, 207, 32, 226, 147, 219, 105, 99, 118, 123, 64, 212, 221, 173, 17, 83, 90, 214, 171, 61, 152, 179, 41, 175, 58, 137, 218, 193, 98, 96, 203, 92, 187, 205, 190, 121, 106, 224, 133, 26, 174, 39, 149, 165, 167, 172, 181, 192, 197, 199, 201, 206, 208, 209, 210, 223]
x_161: [9, 11, 20, 21, 23, 24, 25, 31, 32, 35, 41, 43, 44, 45, 46, 48, 49, 52, 59, 63, 64, 70, 72, 73, 74, 75, 76, 78, 80, 85, 86, 97, 100, 102, 105, 107, 110, 111, 112, 115, 116, 120, 127, 134, 135, 139, 142, 147, 150, 156, 157, 160, 87, 106, 117, 27, 169, 1, 198, 104, 128, 145, 155, 213, 119, 77, 13, 193, 177, 166, 167, 172, 174, 175, 176, 178, 179, 183, 184, 185, 187, 189, 192, 197, 199, 201, 203, 204, 209, 215, 224, 226]
x_162: [3, 5, 10, 11, 13, 18, 19, 20, 21, 24, 25, 27, 28, 32, 41, 45, 48, 49, 52, 53, 54, 62, 63, 70, 71, 75, 83, 84, 90, 94, 96, 100, 102, 106, 107, 109, 110, 112, 113, 115, 117, 118, 121, 122, 125, 128, 129, 132, 136, 139, 151, 152, 153, 154, 155, 157, 79, 176, 78, 123, 76, 93, 138, 124, 81, 209, 144, 170, 50, 186, 212, 193, 85, 72, 185, 177, 35, 68, 99, 87, 223, 159, 22, 114, 189, 184, 192, 225, 89, 230, 194, 73, 77, 30, 1, 179, 6, 37, 216, 8, 126, 182, 180, 150, 215, 82, 130, 56, 39, 149, 172, 228, 7, 108, 163, 88, 103, 168, 60, 61, 55, 34, 164, 145, 47, 46, 2, 111, 80, 178, 220, 165, 166, 173, 175, 181, 187, 191, 197, 200, 203, 204, 210, 211, 222, 224, 227]
x_163: [4, 7, 10, 11, 14, 19, 21, 24, 26, 27, 29, 36, 38, 41, 42, 43, 44, 49, 52, 54, 57, 61, 64, 72, 78, 80, 84, 86, 90, 93, 94, 100, 110, 113, 115, 116, 118, 120, 121, 122, 125, 127, 128, 130, 131, 132, 133, 143, 147, 151, 152, 154, 157, 158, 160, 162, 126, 213, 176, 153, 204, 218, 224, 180, 216, 79, 174, 195, 165, 226, 59, 223, 220, 25, 205, 85, 3, 217, 108, 198, 140, 117, 92, 215, 62, 171, 75, 159, 109, 111, 170, 173, 175, 178, 179, 181, 183, 184, 186, 187, 194, 197, 199, 203, 208, 209, 210, 211, 212, 221, 222, 227, 229, 230]
x_164: [8, 10, 13, 14, 21, 23, 27, 33, 34, 36, 39, 41, 42, 43, 46, 48, 53, 59, 61, 63, 64, 68, 70, 74, 75, 79, 80, 81, 84, 86, 91, 93, 94, 95, 96, 106, 107, 112, 113, 116, 117, 119, 120, 123, 126, 127, 132, 133, 136, 141, 145, 147, 148, 152, 156, 158, 162, 172, 2, 229, 104, 38, 135, 65, 100, 78, 187, 110, 206, 124, 185, 155, 165, 28, 85, 196, 26, 40, 209, 182, 170, 134, 183, 184, 47, 195, 128, 105, 211, 138, 223, 197, 99, 142, 97, 77, 115, 122, 189, 193, 194, 56, 169, 143, 210, 30, 12, 222, 121, 208, 19, 32, 73, 17, 52, 218, 216, 31, 205, 15, 219, 175, 166, 168, 174, 179, 199, 203, 204, 214, 226, 228]
x_165: [3, 7, 14, 17, 18, 19, 21, 23, 24, 28, 32, 33, 36, 38, 41, 43, 47, 49, 50, 51, 53, 59, 62, 68, 69, 71, 72, 74, 80, 83, 86, 89, 90, 96, 98, 102, 105, 107, 109, 111, 112, 113, 119, 120, 125, 127, 132, 134, 136, 139, 140, 141, 143, 144, 147, 150, 153, 155, 157, 159, 163, 164, 122, 31, 92, 220, 63, 29, 123, 40, 12, 10, 25, 177, 158, 27, 54, 227, 26, 204, 67, 148, 5, 160, 210, 129, 22, 75, 188, 180, 35, 48, 189, 154, 162, 174, 52, 202, 145, 117, 168, 172, 9, 230, 135, 46, 131, 42, 142, 217, 178, 39, 228, 61, 1, 146, 173, 16, 45, 103, 114, 37, 170, 133, 56, 187, 222, 225, 66, 76, 206, 149, 203, 81, 73, 84, 2, 99, 118, 185, 194, 191, 175, 166, 94, 100, 106, 195, 209, 214, 229, 181, 30, 55, 6, 8, 108, 224, 167, 171, 176, 179, 183, 184, 186, 192, 196, 197, 201, 216, 218]
x_166: [4, 5, 8, 9, 12, 19, 20, 23, 27, 31, 32, 33, 35, 36, 40, 42, 45, 48, 49, 51, 54, 57, 59, 63, 64, 70, 71, 72, 74, 75, 79, 80, 82, 85, 86, 89, 90, 93, 94, 95, 97, 98, 99, 103, 107, 109, 110, 111, 112, 113, 114, 115, 117, 118, 125, 126, 127, 134, 135, 139, 140, 141, 144, 148, 151, 152, 155, 156, 158, 165, 66, 21, 210, 197, 73, 122, 171, 196, 132, 176, 150, 209, 60, 120, 78, 76, 34, 162, 137, 16, 25, 128, 208, 167, 108, 186, 84, 164, 61, 96, 146, 65, 87, 185, 15, 157, 29, 101, 214, 56, 222, 92, 22, 133, 142, 217, 153, 131, 106, 143, 7, 28, 83, 168, 1, 102, 180, 24, 229, 14, 138, 206, 130, 199, 170, 39, 213, 201, 188, 192, 200, 88, 30, 58, 161, 215, 105, 172, 174, 175, 177, 178, 179, 183, 184, 189, 191, 194, 195, 216, 219, 220, 224, 230]
x_167: [1, 2, 5, 6, 7, 8, 9, 10, 13, 17, 19, 24, 34, 35, 37, 38, 39, 40, 44, 48, 59, 61, 62, 64, 68, 72, 73, 78, 80, 84, 90, 94, 95, 96, 98, 99, 100, 107, 116, 118, 120, 121, 123, 125, 127, 133, 134, 135, 136, 138, 139, 147, 148, 152, 154, 155, 158, 159, 166, 71, 27, 76, 16, 153, 192, 174, 54, 70, 165, 215, 12, 29, 51, 4, 3, 188, 119, 52, 197, 186, 187, 189, 194, 89, 225, 170, 32, 58, 161, 222, 22, 193, 14, 143, 117, 41, 26, 179, 218, 42, 181, 114, 201, 178, 160, 219, 103, 200, 216, 79, 203, 102, 213, 182, 77, 130, 183, 20, 115, 132, 66, 43, 50, 198, 137, 131, 111, 65, 206, 97, 60, 93, 30, 108, 140, 92, 176, 69, 151, 226, 208, 204, 47, 53, 110, 211, 229, 224, 21, 28, 199, 45, 168, 185, 202, 209, 220, 223, 227, 228, 230]
x_168: [8, 11, 17, 22, 23, 24, 31, 35, 36, 37, 41, 47, 51, 52, 53, 54, 57, 59, 61, 62, 68, 69, 70, 78, 84, 86, 87, 91, 92, 95, 98, 105, 106, 107, 109, 111, 112, 116, 117, 118, 120, 121, 122, 126, 127, 129, 130, 132, 133, 134, 136, 139, 142, 143, 144, 146, 150, 152, 153, 158, 162, 165, 166, 167, 29, 99, 18, 101, 40, 46, 178, 189, 115, 190, 50, 44, 140, 219, 88, 195, 159, 230, 177, 39, 32, 89, 182, 16, 66, 45, 141, 4, 135, 12, 188, 75, 210, 227, 221, 155, 214, 13, 181, 213, 65, 6, 131, 90, 147, 27, 60, 15, 224, 174, 74, 14, 124, 175, 102, 183, 97, 199, 94, 72, 49, 2, 206, 172, 148, 220, 149, 71, 76, 154, 201, 187, 93, 77, 197, 73, 38, 82, 196, 79, 85, 33, 209, 3, 218, 186, 48, 223, 28, 137, 193, 191, 156, 42, 108, 80, 56, 164, 180, 119, 194, 170, 179, 185, 204, 205, 208, 216, 226, 228]
x_169: [4, 5, 9, 11, 19, 21, 23, 24, 27, 31, 34, 36, 41, 43, 45, 47, 48, 49, 51, 52, 55, 56, 67, 69, 72, 75, 76, 79, 80, 82, 84, 85, 92, 93, 95, 98, 99, 101, 107, 110, 116, 117, 119, 120, 125, 129, 134, 136, 137, 139, 142, 144, 147, 152, 154, 157, 161, 164, 197, 81, 68, 87, 53, 135, 54, 198, 214, 150, 111, 199, 226, 225, 146, 217, 208, 89, 130, 8, 97, 195, 65, 194, 118, 206, 227, 221, 39, 128, 216, 205, 12, 83, 196, 172, 176, 183, 185, 186, 187, 192, 193, 201, 203, 209, 211, 215, 222, 223, 224, 230]
x_170: [4, 6, 9, 11, 13, 14, 19, 24, 25, 26, 27, 28, 31, 33, 36, 38, 42, 43, 44, 45, 46, 49, 54, 56, 61, 63, 64, 67, 75, 76, 78, 80, 89, 92, 96, 97, 101, 102, 105, 106, 107, 109, 110, 111, 112, 117, 118, 119, 121, 125, 126, 128, 132, 134, 136, 139, 141, 147, 148, 150, 151, 152, 153, 154, 155, 157, 158, 162, 164, 165, 166, 167, 203, 225, 113, 138, 182, 57, 183, 205, 174, 40, 59, 168, 226, 216, 229, 217, 224, 201, 192, 120, 114, 230, 144, 210, 7, 99, 73, 143, 123, 3, 176, 219, 22, 103, 163, 198, 199, 47, 188, 177, 172, 175, 180, 181, 185, 195, 206, 208, 213, 215, 221, 222, 223]
x_171: [4, 5, 7, 12, 14, 23, 24, 25, 31, 34, 35, 36, 40, 41, 46, 49, 51, 53, 57, 59, 61, 62, 64, 66, 69, 76, 78, 80, 82, 84, 86, 87, 89, 90, 92, 93, 95, 96, 99, 102, 103, 105, 106, 110, 111, 118, 121, 122, 125, 127, 129, 133, 134, 135, 139, 144, 146, 147, 148, 150, 157, 158, 159, 160, 163, 166, 10, 143, 180, 165, 63, 42, 108, 85, 38, 212, 68, 8, 225, 81, 1, 56, 141, 181, 48, 172, 177, 178, 179, 184, 185, 186, 187, 189, 192, 197, 206, 210, 217, 218, 224, 226]
x_172: [3, 6, 10, 19, 27, 32, 36, 37, 38, 40, 41, 44, 46, 49, 50, 51, 52, 53, 56, 57, 61, 62, 64, 67, 69, 71, 74, 76, 78, 83, 86, 87, 89, 90, 95, 96, 100, 102, 105, 106, 114, 116, 118, 120, 121, 122, 123, 129, 130, 133, 134, 136, 139, 141, 142, 144, 151, 153, 155, 156, 157, 162, 164, 165, 168, 219, 12, 125, 18, 203, 194, 63, 176, 84, 68, 195, 85, 127, 210, 132, 145, 217, 192, 28, 103, 186, 11, 13, 43, 161, 148, 216, 198, 14, 152, 93, 16, 174, 160, 180, 211, 91, 223, 212, 229, 170, 188, 213, 33, 58, 60, 109, 226, 30, 131, 218, 147, 191, 204, 126, 220, 227, 150, 1, 34, 205, 197, 107, 169, 178, 115, 119, 94, 108, 26, 113, 112, 159, 70, 207, 2, 97, 48, 146, 5, 193, 196, 171, 209, 117, 166, 99, 25, 31, 81, 39, 225, 111, 29, 184, 181, 124, 72, 20, 200, 179, 185, 187, 189, 199, 206, 208, 215, 222, 224]
x_173: [4, 5, 7, 9, 18, 24, 25, 32, 33, 36, 37, 41, 43, 44, 46, 49, 51, 52, 53, 56, 61, 62, 64, 71, 78, 79, 80, 82, 83, 84, 86, 87, 88, 90, 93, 95, 100, 103, 106, 107, 110, 113, 116, 125, 129, 132, 134, 146, 147, 152, 155, 156, 158, 160, 165, 216, 17, 162, 14, 89, 149, 112, 193, 178, 230, 142, 207, 137, 117, 59, 150, 8, 217, 205, 163, 187, 68, 21, 202, 189, 74, 181, 77, 179, 69, 124, 174, 175, 176, 183, 184, 185, 186, 191, 194, 195, 203, 210, 211, 221, 222, 225]
x_174: [3, 5, 9, 10, 16, 19, 21, 23, 24, 27, 34, 36, 38, 42, 43, 46, 48, 53, 54, 55, 61, 62, 64, 68, 69, 71, 72, 73, 76, 80, 81, 90, 92, 94, 97, 98, 100, 105, 106, 107, 110, 112, 113, 115, 118, 120, 121, 125, 127, 129, 130, 132, 133, 138, 139, 140, 152, 155, 156, 157, 158, 160, 163, 165, 167, 168, 170, 172, 134, 22, 89, 82, 190, 208, 161, 101, 17, 151, 4, 20, 35, 214, 206, 87, 223, 57, 203, 230, 59, 37, 148, 164, 12, 86, 178, 30, 83, 15, 66, 50, 40, 104, 65, 175, 108, 209, 41, 144, 33, 147, 93, 116, 47, 67, 217, 181, 91, 213, 96, 77, 176, 26, 188, 226, 18, 52, 70, 131, 193, 51, 173, 141, 88, 199, 220, 166, 224, 8, 201, 2, 123, 149, 182, 184, 185, 191, 192, 204, 210, 215, 216, 228]
x_175: [6, 7, 8, 9, 11, 17, 19, 21, 23, 25, 32, 37, 39, 46, 48, 53, 55, 62, 63, 64, 67, 69, 70, 71, 72, 74, 76, 77, 79, 80, 84, 87, 88, 89, 92, 95, 100, 101, 102, 103, 106, 107, 109, 112, 113, 116, 118, 121, 122, 126, 128, 129, 132, 134, 135, 136, 137, 140, 142, 143, 144, 145, 150, 156, 157, 159, 160, 164, 165, 168, 174, 194, 200, 222, 207, 119, 214, 193, 154, 187, 153, 206, 201, 60, 99, 16, 78, 141, 166, 28, 209, 226, 1, 133, 75, 210, 5, 97, 111, 94, 59, 81, 52, 41, 91, 218, 93, 3, 110, 15, 29, 173, 212, 24, 13, 82, 38, 203, 191, 54, 181, 230, 35, 120, 197, 162, 149, 83, 139, 163, 216, 117, 33, 198, 208, 50, 224, 65, 170, 225, 61, 22, 14, 227, 105, 219, 125, 130, 127, 27, 161, 96, 66, 18, 199, 179, 183, 185, 189, 204, 213, 215, 223]
x_176: [2, 5, 8, 9, 11, 13, 17, 19, 21, 23, 31, 33, 35, 41, 42, 44, 45, 46, 48, 51, 52, 54, 60, 61, 62, 64, 67, 69, 70, 76, 77, 84, 86, 92, 95, 100, 102, 106, 107, 109, 110, 111, 112, 113, 115, 116, 117, 118, 120, 121, 122, 133, 136, 138, 139, 142, 147, 153, 162, 163, 166, 167, 170, 172, 174, 65, 72, 226, 219, 126, 71, 225, 149, 198, 93, 189, 81, 20, 179, 173, 125, 82, 7, 192, 85, 83, 79, 98, 24, 134, 190, 181, 148, 187, 165, 212, 32, 202, 209, 131, 6, 150, 161, 56, 222, 15, 53, 169, 159, 73, 200, 221, 208, 39, 14, 1, 74, 18, 156, 180, 57, 27, 215, 135, 66, 210, 152, 194, 29, 177, 183, 184, 186, 197, 199, 203, 206, 213, 220, 223, 228, 229]
x_177: [6, 7, 11, 19, 20, 21, 24, 32, 36, 38, 39, 41, 42, 45, 48, 51, 54, 59, 62, 70, 77, 83, 85, 86, 90, 95, 98, 103, 105, 106, 107, 111, 112, 114, 116, 123, 126, 127, 128, 133, 134, 135, 148, 150, 152, 154, 155, 157, 159, 160, 161, 162, 165, 168, 170, 147, 206, 69, 124, 82, 141, 125, 122, 190, 55, 99, 121, 8, 203, 129, 65, 137, 197, 49, 208, 47, 138, 185, 52, 76, 3, 187, 72, 60, 199, 97, 93, 79, 146, 144, 226, 229, 101, 120, 166, 2, 30, 130, 89, 188, 200, 176, 102, 171, 34, 179, 181, 183, 184, 189, 193, 194, 196, 201, 202, 204, 205, 209, 210, 211, 213, 221, 222, 225]
x_178: [5, 8, 11, 20, 39, 40, 41, 42, 48, 53, 54, 59, 61, 62, 64, 69, 70, 71, 73, 76, 82, 83, 84, 85, 93, 103, 106, 107, 113, 114, 116, 117, 118, 121, 122, 123, 129, 133, 136, 137, 140, 142, 143, 148, 150, 152, 154, 155, 156, 157, 159, 162, 165, 167, 168, 172, 173, 174, 19, 78, 23, 217, 6, 192, 218, 198, 99, 201, 163, 212, 138, 216, 89, 97, 166, 202, 193, 126, 180, 24, 220, 36, 194, 86, 18, 87, 135, 35, 72, 205, 214, 47, 171, 132, 149, 209, 186, 60, 161, 1, 190, 34, 185, 215, 111, 2, 44, 224, 56, 109, 105, 199, 30, 94, 207, 31, 16, 221, 228, 124, 197, 151, 219, 110, 181, 49, 57, 45, 55, 46, 200, 188, 158, 179, 102, 29, 7, 66, 187, 4, 184, 208, 213, 223, 226, 229, 230]
x_179: [1, 11, 14, 19, 20, 21, 23, 24, 32, 35, 36, 37, 38, 39, 41, 42, 48, 51, 53, 57, 59, 61, 62, 63, 69, 70, 76, 83, 86, 89, 93, 98, 100, 101, 105, 106, 113, 114, 115, 118, 119, 122, 126, 128, 129, 135, 139, 143, 155, 158, 160, 162, 167, 173, 176, 178, 141, 159, 210, 16, 219, 197, 85, 208, 192, 227, 109, 91, 226, 206, 203, 94, 194, 15, 10, 33, 75, 163, 220, 184, 54, 52, 34, 193, 142, 195, 102, 172, 136, 112, 151, 168, 92, 187, 164, 31, 60, 81, 117, 133, 90, 198, 188, 131, 46, 40, 229, 43, 152, 183, 120, 74, 25, 189, 146, 22, 196, 223, 230, 73, 205, 71, 190, 127, 108, 2, 77, 99, 165, 182, 30, 166, 124, 104, 27, 221, 202, 18, 147, 107, 116, 79, 157, 211, 8, 212, 225, 199, 177, 161, 110, 171, 228, 175, 5, 148, 180, 181, 185, 201, 209, 216, 217, 222, 224]
x_180: [4, 5, 8, 9, 10, 17, 19, 21, 24, 28, 31, 32, 34, 36, 39, 42, 43, 48, 52, 53, 56, 59, 60, 62, 67, 69, 70, 71, 76, 77, 80, 82, 84, 86, 90, 91, 92, 95, 96, 98, 99, 105, 107, 109, 111, 113, 116, 117, 118, 120, 121, 126, 129, 131, 133, 136, 140, 142, 150, 153, 155, 156, 158, 162, 163, 165, 166, 168, 171, 172, 176, 178, 79, 205, 63, 38, 141, 33, 139, 123, 221, 208, 143, 115, 110, 88, 37, 201, 7, 154, 74, 29, 83, 61, 210, 97, 228, 186, 216, 58, 203, 179, 187, 218, 170, 124, 46, 220, 50, 194, 188, 122, 18, 23, 94, 147, 81, 217, 47, 127, 138, 128, 223, 87, 3, 181, 183, 192, 199, 204, 206, 211, 213, 226, 227]
x_181: [4, 5, 11, 19, 20, 23, 24, 25, 28, 33, 36, 37, 41, 42, 43, 45, 46, 48, 51, 54, 61, 69, 71, 76, 78, 80, 83, 84, 90, 93, 95, 96, 98, 99, 100, 103, 105, 106, 107, 109, 110, 112, 113, 115, 116, 117, 130, 132, 134, 135, 136, 140, 142, 143, 150, 152, 154, 155, 157, 158, 159, 165, 167, 168, 171, 172, 173, 174, 175, 176, 178, 91, 163, 30, 72, 133, 201, 53, 104, 35, 192, 82, 145, 197, 230, 18, 218, 122, 186, 170, 179, 13, 15, 97, 65, 129, 196, 128, 223, 224, 44, 215, 214, 139, 207, 220, 31, 226, 14, 119, 56, 47, 212, 187, 189, 160, 75, 40, 162, 123, 66, 60, 89, 101, 79, 73, 147, 87, 126, 59, 55, 67, 190, 227, 180, 148, 125, 228, 209, 208, 34, 211, 131, 213, 108, 7, 88, 193, 177, 74, 77, 17, 124, 127, 92, 38, 184, 185, 188, 194, 199, 200, 203, 222, 225, 229]
x_182: [7, 11, 14, 18, 19, 22, 24, 25, 26, 27, 31, 36, 38, 39, 40, 45, 46, 47, 48, 49, 50, 56, 59, 61, 62, 64, 71, 72, 74, 75, 76, 79, 83, 84, 85, 89, 90, 94, 95, 99, 100, 105, 107, 109, 110, 111, 112, 113, 114, 115, 120, 121, 130, 136, 140, 144, 150, 151, 153, 154, 155, 156, 162, 164, 167, 168, 170, 179, 68, 35, 174, 230, 32, 221, 65, 1, 149, 202, 183, 184, 187, 189, 192, 194, 197, 203, 204, 206, 209, 210, 211, 223, 225, 226, 227, 228]
x_183: [3, 5, 6, 7, 8, 10, 11, 14, 17, 25, 27, 32, 33, 34, 35, 37, 38, 42, 43, 44, 46, 48, 51, 52, 53, 59, 60, 61, 62, 67, 73, 76, 80, 89, 90, 92, 95, 100, 105, 106, 107, 111, 112, 117, 118, 120, 121, 123, 134, 136, 137, 143, 148, 152, 153, 157, 159, 164, 167, 168, 170, 179, 215, 13, 141, 140, 16, 204, 54, 189, 144, 166, 64, 69, 97, 201, 86, 173, 145, 186, 219, 222, 151, 125, 79, 26, 83, 177, 198, 104, 81, 93, 230, 227, 18, 196, 45, 210, 220, 19, 96, 68, 216, 163, 213, 224, 176, 225, 184, 102, 88, 133, 202, 2, 175, 161, 142, 77, 56, 190, 129, 139, 98, 228, 182, 214, 192, 115, 197, 130, 119, 40, 84, 169, 180, 194, 218, 187, 212, 132, 229, 165, 131, 146, 127, 191, 217, 28, 195, 199, 205, 206, 208, 211, 226]
x_184: [5, 8, 9, 11, 12, 19, 24, 25, 26, 32, 33, 38, 40, 46, 50, 51, 55, 57, 59, 60, 69, 71, 73, 75, 76, 80, 81, 85, 87, 90, 91, 93, 95, 97, 99, 100, 102, 106, 110, 112, 113, 114, 115, 116, 117, 119, 120, 121, 125, 128, 134, 135, 136, 140, 142, 145, 147, 148, 150, 152, 154, 158, 160, 162, 164, 172, 179, 183, 53, 37, 7, 191, 47, 1, 111, 70, 72, 197, 187, 27, 174, 14, 218, 48, 139, 65, 176, 105, 127, 45, 178, 43, 186, 92, 63, 66, 206, 220, 58, 88, 56, 118, 13, 203, 89, 196, 54, 193, 223, 83, 216, 124, 6, 177, 67, 52, 79, 182, 165, 109, 49, 16, 21, 201, 131, 10, 130, 156, 222, 213, 30, 207, 166, 132, 23, 41, 204, 181, 107, 146, 86, 163, 108, 224, 161, 229, 173, 198, 96, 35, 138, 123, 122, 190, 153, 101, 104, 188, 202, 159, 28, 205, 171, 212, 185, 189, 199, 210, 211, 215, 225, 226, 227]
x_185: [1, 3, 5, 7, 8, 10, 14, 17, 21, 24, 25, 28, 33, 34, 36, 37, 39, 43, 48, 51, 53, 54, 56, 59, 62, 70, 74, 84, 87, 90, 93, 98, 100, 104, 106, 107, 109, 110, 111, 112, 115, 117, 118, 119, 121, 123, 125, 126, 127, 134, 136, 139, 140, 146, 150, 152, 154, 159, 160, 162, 164, 165, 166, 177, 178, 4, 147, 102, 220, 113, 18, 116, 38, 80, 138, 153, 200, 172, 41, 188, 44, 227, 20, 135, 206, 30, 179, 230, 186, 2, 197, 128, 26, 184, 190, 228, 199, 89, 157, 174, 130, 195, 149, 170, 229, 32, 67, 167, 211, 91, 213, 15, 223, 156, 137, 29, 151, 71, 81, 88, 226, 42, 75, 187, 215, 97, 181, 216, 201, 161, 219, 6, 120, 169, 141, 68, 60, 171, 210, 76, 72, 203, 16, 55, 175, 114, 85, 105, 173, 69, 19, 168, 189, 27, 78, 31, 40, 64, 158, 192, 208, 221, 222]
x_186: [3, 5, 6, 9, 11, 18, 19, 21, 22, 24, 26, 28, 29, 34, 35, 36, 38, 42, 48, 53, 61, 64, 69, 70, 71, 72, 74, 75, 79, 82, 84, 89, 92, 93, 98, 99, 100, 105, 107, 109, 110, 111, 112, 113, 114, 115, 120, 129, 130, 132, 140, 152, 153, 154, 157, 158, 159, 162, 166, 167, 168, 172, 178, 180, 181, 183, 184, 185, 199, 165, 155, 217, 10, 55, 58, 90, 222, 17, 33, 30, 51, 123, 67, 102, 163, 212, 136, 25, 88, 145, 1, 196, 204, 50, 68, 134, 46, 207, 176, 32, 173, 104, 202, 213, 169, 16, 60, 76, 7, 224, 194, 156, 189, 41, 171, 230, 108, 37, 117, 191, 192, 197, 200, 203, 215, 216, 218]
x_187: [4, 5, 7, 8, 10, 11, 17, 19, 23, 27, 34, 36, 44, 46, 47, 48, 49, 53, 54, 62, 69, 71, 76, 82, 85, 87, 92, 95, 98, 100, 102, 105, 106, 107, 110, 112, 113, 114, 115, 118, 119, 120, 121, 132, 133, 134, 136, 139, 142, 143, 144, 147, 150, 151, 155, 156, 160, 164, 165, 167, 168, 173, 175, 176, 177, 178, 179, 180, 181, 183, 184, 185, 211, 90, 30, 208, 12, 218, 13, 217, 39, 146, 93, 196, 229, 99, 21, 86, 214, 94, 22, 70, 224, 35, 138, 125, 67, 193, 88, 59, 157, 197, 24, 64, 66, 225, 97, 63, 6, 169, 1, 213, 29, 51, 18, 129, 207, 158, 215, 159, 50, 171, 204, 16, 25, 221, 161, 140, 123, 75, 192, 182, 223, 145, 212, 152, 189, 108, 131, 80, 84, 154, 141, 101, 28, 172, 206, 153, 109, 3, 33, 149, 126, 83, 230, 52, 26, 79, 9, 2, 210, 209, 162, 41, 199, 163, 61, 194, 195, 219, 226]
x_188: [4, 8, 9, 10, 11, 16, 24, 33, 39, 41, 42, 43, 46, 48, 51, 59, 61, 62, 70, 71, 72, 75, 76, 78, 80, 85, 95, 100, 102, 105, 106, 109, 111, 113, 114, 115, 118, 126, 129, 133, 136, 139, 152, 154, 157, 158, 165, 166, 167, 168, 170, 172, 174, 177, 178, 179, 180, 184, 185, 101, 181, 148, 214, 224, 213, 88, 18, 217, 193, 122, 30, 98, 112, 200, 64, 58, 120, 57, 86, 189, 215, 97, 155, 125, 196, 21, 144, 195, 137, 45, 53, 192, 194, 198, 206, 208, 209, 210, 211, 218, 222, 223, 226, 230]
x_189: [4, 5, 8, 9, 11, 15, 16, 19, 24, 28, 35, 37, 46, 48, 50, 54, 59, 61, 69, 70, 73, 76, 80, 90, 91, 99, 100, 101, 102, 103, 106, 109, 110, 111, 112, 113, 115, 117, 118, 119, 125, 126, 129, 133, 134, 135, 136, 140, 141, 147, 152, 153, 157, 158, 159, 162, 164, 165, 167, 168, 173, 176, 179, 181, 183, 185, 186, 187, 188, 14, 27, 172, 58, 214, 197, 86, 52, 148, 96, 88, 166, 128, 182, 89, 25, 105, 108, 7, 51, 98, 139, 144, 120, 30, 53, 18, 66, 149, 177, 215, 45, 13, 57, 146, 230, 74, 208, 145, 155, 175, 229, 67, 81, 1, 95, 31, 209, 193, 64, 201, 216, 72, 77, 171, 33, 132, 38, 219, 121, 161, 184, 205, 227, 207, 127, 6, 104, 39, 87, 220, 199, 43, 151, 131, 21, 211, 200, 195, 196, 203, 206, 222, 226]
x_190: [4, 10, 11, 17, 19, 20, 32, 36, 37, 38, 39, 45, 46, 47, 48, 49, 53, 54, 56, 57, 61, 62, 69, 70, 71, 73, 76, 80, 83, 84, 86, 87, 90, 94, 95, 96, 99, 105, 106, 109, 111, 113, 114, 118, 119, 121, 125, 126, 129, 134, 140, 142, 152, 153, 154, 155, 157, 158, 159, 160, 168, 174, 176, 177, 178, 179, 181, 183, 184, 185, 15, 26, 192, 193, 198, 199, 202, 203, 204, 209, 210, 214, 216, 222, 223, 228, 229, 230]
x_191: [3, 5, 6, 10, 11, 13, 14, 17, 19, 21, 22, 24, 26, 33, 34, 36, 37, 41, 48, 49, 51, 52, 59, 61, 63, 69, 70, 71, 72, 73, 74, 76, 80, 82, 83, 84, 90, 92, 96, 99, 100, 106, 107, 108, 109, 112, 113, 115, 116, 117, 120, 121, 125, 128, 132, 134, 136, 139, 140, 141, 144, 146, 151, 152, 153, 154, 155, 156, 157, 165, 168, 172, 175, 183, 184, 28, 64, 137, 66, 173, 186, 68, 15, 226, 217, 210, 162, 95, 208, 130, 174, 149, 123, 195, 87, 40, 166, 131, 20, 193, 196, 198, 199, 200, 203, 204, 206, 214, 216, 222, 223, 224, 225, 230]
x_192: [7, 9, 10, 17, 18, 19, 23, 25, 27, 28, 32, 33, 34, 37, 41, 46, 48, 51, 57, 59, 63, 64, 69, 73, 74, 75, 80, 85, 86, 90, 91, 98, 100, 105, 109, 111, 114, 115, 116, 117, 118, 120, 121, 125, 126, 127, 130, 135, 142, 145, 147, 151, 152, 153, 156, 157, 158, 159, 162, 166, 167, 170, 172, 176, 178, 179, 181, 183, 187, 94, 76, 56, 200, 35, 53, 124, 211, 71, 214, 225, 150, 165, 11, 132, 30, 77, 40, 185, 4, 68, 217, 102, 112, 89, 99, 229, 180, 52, 15, 186, 67, 171, 195, 119, 60, 138, 182, 65, 144, 190, 87, 12, 227, 208, 3, 226, 31, 39, 161, 72, 78, 197, 2, 134, 160, 220, 213, 104, 224, 149, 29, 188, 92, 110, 131, 55, 21, 174, 26, 212, 113, 198, 20, 133, 5, 209, 169, 45, 206, 122, 154, 79, 66, 58, 82, 24, 93, 70, 199, 203, 216, 219, 223, 228]
x_193: [6, 7, 11, 12, 14, 19, 27, 32, 33, 38, 39, 40, 41, 42, 43, 49, 51, 56, 59, 62, 68, 69, 74, 76, 77, 78, 80, 85, 86, 90, 94, 95, 96, 99, 100, 105, 106, 107, 109, 111, 112, 113, 115, 116, 118, 120, 123, 127, 130, 133, 134, 139, 140, 144, 147, 148, 150, 154, 157, 158, 160, 161, 162, 164, 167, 168, 172, 173, 174, 175, 178, 179, 181, 184, 187, 188, 189, 81, 61, 190, 177, 205, 25, 44, 145, 29, 191, 46, 169, 50, 3, 17, 55, 155, 16, 47, 66, 230, 201, 87, 93, 149, 71, 129, 83, 227, 18, 143, 28, 126, 224, 125, 91, 195, 199, 203, 204, 219, 221, 223, 226, 228, 229]
x_194: [5, 8, 9, 19, 23, 24, 25, 27, 32, 34, 37, 42, 43, 51, 53, 54, 60, 62, 63, 73, 75, 76, 81, 82, 84, 85, 86, 87, 89, 92, 94, 96, 100, 105, 110, 112, 113, 114, 115, 116, 121, 123, 126, 127, 129, 133, 134, 135, 136, 140, 147, 152, 154, 156, 157, 158, 162, 164, 165, 167, 168, 169, 172, 175, 176, 178, 179, 180, 183, 186, 108, 52, 58, 149, 45, 117, 212, 12, 210, 150, 163, 50, 214, 166, 153, 93, 199, 49, 148, 173, 188, 195, 224, 7, 70, 21, 181, 141, 182, 91, 213, 1, 198, 4, 72, 46, 138, 26, 109, 101, 221, 131, 80, 177, 155, 205, 107, 120, 211, 187, 65, 18, 56, 103, 68, 47, 6, 48, 146, 20, 31, 95, 30, 132, 99, 69, 38, 10, 2, 122, 33, 144, 197, 208, 215, 216, 222, 223, 225, 226, 228, 229]
x_195: [1, 3, 5, 9, 11, 12, 19, 20, 34, 36, 38, 41, 44, 48, 49, 54, 57, 59, 62, 69, 70, 72, 75, 76, 78, 80, 82, 84, 96, 99, 100, 104, 105, 109, 112, 114, 115, 117, 118, 122, 124, 125, 126, 128, 129, 130, 132, 133, 134, 136, 141, 142, 150, 151, 152, 155, 157, 158, 160, 163, 164, 165, 168, 169, 172, 179, 185, 188, 191, 192, 194, 111, 214, 106, 108, 166, 230, 219, 215, 204, 139, 116, 183, 220, 64, 170, 7, 225, 228, 8, 187, 43, 173, 55, 201, 189, 205, 199, 52, 193, 45, 196, 6, 229, 68, 200, 135, 197, 145, 92, 16, 211, 95, 203, 206, 208, 209, 210, 213, 217, 222, 223, 224]
x_196: [1, 3, 8, 14, 23, 27, 30, 32, 34, 36, 45, 48, 51, 53, 55, 59, 67, 68, 73, 76, 79, 80, 84, 89, 94, 99, 100, 105, 106, 107, 109, 110, 111, 112, 113, 114, 115, 116, 117, 118, 120, 121, 122, 128, 129, 132, 134, 135, 139, 142, 150, 151, 157, 158, 159, 164, 166, 168, 169, 172, 179, 181, 183, 184, 186, 187, 188, 195, 165, 119, 191, 90, 177, 18, 11, 85, 201, 145, 41, 57, 33, 40, 149, 189, 205, 206, 207, 208, 209, 213, 215, 217, 222, 223, 224, 225, 230]
x_197: [1, 5, 8, 9, 11, 17, 19, 23, 24, 27, 32, 36, 42, 43, 46, 51, 54, 56, 62, 67, 68, 70, 71, 72, 74, 78, 79, 82, 84, 88, 89, 90, 95, 100, 103, 105, 106, 107, 109, 110, 111, 112, 115, 117, 119, 121, 122, 125, 127, 133, 136, 140, 142, 148, 154, 155, 156, 164, 166, 167, 168, 169, 172, 175, 177, 178, 179, 181, 183, 184, 185, 187, 189, 192, 195, 7, 214, 225, 171, 41, 128, 25, 26, 65, 208, 209, 98, 55, 176, 20, 108, 221, 228, 161, 198, 138, 220, 146, 12, 61, 30, 97, 99, 160, 213, 49, 47, 14, 212, 96, 104, 230, 21, 162, 37, 40, 39, 159, 145, 215, 163, 129, 124, 75, 116, 28, 186, 149, 182, 45, 218, 123, 194, 126, 87, 76, 94, 44, 222, 227, 81, 224, 86, 210, 3, 73, 132, 102, 13, 219, 141, 35, 134, 38, 165, 151, 144, 216, 137, 22, 207, 4, 2, 202, 203, 204, 206]
x_198: [4, 6, 18, 19, 21, 23, 24, 34, 35, 36, 40, 42, 43, 47, 48, 51, 53, 54, 56, 59, 63, 64, 68, 76, 79, 82, 84, 85, 86, 87, 89, 90, 95, 102, 105, 106, 107, 109, 110, 114, 115, 118, 121, 122, 132, 133, 134, 136, 142, 143, 150, 151, 152, 154, 155, 156, 157, 158, 161, 163, 167, 169, 170, 172, 175, 176, 178, 179, 183, 184, 192, 194, 197, 29, 96, 210, 153, 131, 91, 214, 227, 191, 190, 135, 14, 222, 120, 138, 46, 204, 39, 215, 225, 206, 113, 216, 2, 188, 98, 108, 13, 50, 200, 203, 209, 211, 223, 224, 226]
x_199: [4, 7, 9, 11, 19, 21, 23, 24, 27, 37, 38, 41, 42, 43, 46, 48, 54, 60, 61, 62, 64, 72, 74, 75, 76, 80, 85, 86, 89, 90, 91, 99, 100, 106, 107, 110, 111, 113, 114, 119, 120, 121, 125, 126, 128, 129, 130, 132, 133, 134, 139, 142, 144, 146, 150, 152, 154, 156, 157, 166, 167, 168, 169, 170, 174, 175, 177, 178, 179, 185, 186, 187, 189, 194, 195, 160, 40, 102, 10, 105, 16, 203, 33, 219, 184, 151, 124, 109, 116, 15, 103, 148, 143, 81, 25, 68, 2, 108, 225, 36, 190, 13, 17, 104, 180, 181, 51, 221, 123, 224, 6, 207, 87, 172, 83, 92, 97, 153, 135, 67, 216, 159, 94, 155, 176, 222, 161, 66, 39, 202, 229, 201, 206, 71, 96, 31, 183, 53, 149, 163, 192, 77, 26, 193, 205, 65, 158, 50, 213, 223, 5, 22, 191, 164, 118, 141, 58, 204, 208, 210, 211, 228, 230]
x_200: [4, 5, 6, 7, 11, 13, 23, 24, 32, 38, 39, 41, 44, 46, 48, 49, 51, 52, 53, 54, 59, 69, 70, 72, 75, 76, 78, 79, 80, 83, 84, 86, 90, 94, 97, 109, 113, 115, 116, 117, 119, 120, 121, 125, 130, 132, 133, 134, 141, 142, 144, 147, 150, 152, 155, 156, 166, 167, 172, 175, 176, 177, 178, 185, 188, 189, 192, 195, 186, 77, 108, 181, 64, 66, 198, 60, 50, 58, 40, 14, 162, 57, 205, 191, 28, 203, 206, 211, 213, 215, 217, 218, 221, 222, 223, 226, 228, 229, 230]
x_201: [4, 5, 6, 8, 9, 11, 17, 19, 23, 24, 25, 28, 32, 33, 35, 36, 38, 40, 42, 43, 45, 49, 51, 54, 55, 56, 60, 61, 64, 68, 69, 70, 76, 78, 80, 84, 85, 89, 90, 95, 96, 99, 100, 102, 105, 106, 109, 111, 117, 119, 120, 126, 128, 133, 134, 136, 137, 139, 147, 150, 151, 153, 154, 155, 157, 166, 167, 168, 170, 174, 175, 178, 180, 181, 183, 184, 185, 189, 193, 195, 196, 199, 225, 165, 73, 115, 138, 113, 179, 177, 88, 27, 75, 132, 223, 58, 110, 169, 98, 46, 160, 156, 228, 124, 15, 21, 112, 26, 202, 161, 10, 217, 14, 203, 204, 206, 207, 211, 214, 221, 224, 226]
x_202: [1, 4, 6, 11, 14, 19, 25, 27, 28, 32, 34, 37, 38, 40, 42, 47, 48, 51, 53, 61, 67, 69, 72, 74, 75, 76, 80, 84, 87, 90, 94, 96, 99, 105, 109, 112, 113, 114, 117, 118, 122, 128, 130, 132, 133, 135, 141, 142, 143, 144, 146, 148, 154, 158, 165, 173, 176, 178, 179, 182, 183, 184, 186, 199, 201, 101, 62, 126, 129, 119, 85, 190, 167, 149, 56, 45, 151, 35, 30, 83, 15, 43, 100, 89, 102, 127, 123, 197, 177, 150, 91, 64, 49, 134, 79, 203, 206, 208, 209, 210, 215, 216, 222, 223, 224, 228]
x_203: [6, 7, 8, 9, 11, 21, 24, 27, 35, 39, 41, 42, 43, 49, 51, 52, 59, 61, 63, 64, 70, 74, 80, 93, 98, 100, 105, 107, 110, 111, 112, 114, 115, 121, 126, 127, 128, 129, 130, 132, 134, 136, 139, 144, 147, 151, 152, 159, 160, 165, 167, 170, 172, 174, 175, 177, 179, 180, 184, 185, 199, 227, 31, 198, 65, 26, 229, 82, 22, 88, 10, 143, 142, 106, 211, 81, 118, 193, 124, 150, 55, 218, 190, 146, 202, 206, 46, 141, 92, 14, 20, 45, 169, 68, 1, 113, 131, 133, 58, 86, 90, 123, 97, 15, 47, 69, 204, 182, 181, 76, 101, 60, 2, 164, 50, 32, 117, 201, 57, 200, 3, 29, 18, 205, 135, 189, 219, 94, 186, 209, 145, 197, 44, 208, 191, 214, 17, 103, 163, 220, 120, 125, 12, 176, 173, 222, 195, 228, 71, 226, 161, 162, 33, 73, 37, 5, 224, 212, 223, 89, 96, 91, 56, 87, 138, 67, 192, 225]
x_204: [5, 7, 8, 12, 16, 18, 19, 23, 24, 27, 34, 36, 39, 41, 42, 43, 44, 48, 49, 51, 52, 56, 59, 61, 62, 71, 76, 77, 80, 82, 84, 90, 91, 95, 96, 99, 100, 103, 105, 107, 113, 115, 120, 125, 128, 129, 139, 140, 141, 142, 143, 151, 154, 155, 158, 163, 165, 167, 172, 183, 184, 186, 187, 195, 198, 203, 206, 70, 116, 50, 153, 224, 22, 1, 55, 147, 89, 201, 226, 209, 110, 35, 81, 101, 25, 212, 69, 137, 2, 6, 26, 60, 145, 10, 33, 182, 138, 191, 109, 94, 133, 78, 46, 193, 68, 15, 102, 11, 168, 175, 225, 217, 221, 29, 180, 47, 216, 122, 227, 87, 211, 127, 219, 159, 9, 190, 86, 208, 104, 119, 214, 162, 54, 28, 124, 65, 135, 21, 132, 220, 157, 218, 4, 174, 66, 31, 85, 131, 83, 72, 199, 164, 197, 123, 229, 177, 161, 230, 213, 148, 40, 57, 222, 223]
x_205: [3, 4, 5, 11, 12, 15, 17, 18, 23, 24, 25, 28, 34, 35, 37, 38, 39, 40, 42, 45, 47, 49, 51, 53, 54, 59, 60, 61, 62, 64, 69, 70, 71, 74, 76, 80, 82, 83, 90, 93, 94, 100, 106, 109, 112, 113, 116, 117, 118, 119, 133, 134, 136, 144, 147, 150, 152, 153, 157, 158, 160, 163, 164, 169, 170, 172, 173, 178, 179, 180, 184, 189, 193, 194, 195, 199, 200, 203, 8, 139, 221, 137, 177, 125, 149, 27, 122, 110, 55, 6, 183, 206, 96, 73, 168, 128, 196, 84, 1, 48, 214, 226, 107, 208, 209, 210, 213, 219, 222, 224, 227, 228]
x_206: [1, 4, 5, 7, 9, 17, 19, 21, 22, 23, 24, 25, 31, 33, 40, 43, 45, 49, 51, 52, 53, 55, 59, 61, 63, 67, 69, 75, 76, 78, 83, 89, 96, 99, 100, 106, 109, 110, 113, 114, 115, 116, 118, 128, 132, 133, 134, 136, 137, 139, 140, 143, 148, 150, 151, 154, 155, 156, 158, 164, 165, 166, 167, 168, 169, 174, 175, 177, 179, 184, 185, 187, 192, 198, 199, 203, 204, 205, 73, 145, 41, 125, 195, 14, 48, 223, 34, 92, 189, 29, 101, 108, 149, 87, 102, 122, 105, 57, 18, 90, 159, 127, 200, 144, 79, 170, 220, 60, 42, 228, 119, 157, 27, 46, 81, 160, 138, 176, 211, 74, 224, 172, 201, 3, 82, 77, 213, 47, 123, 218, 111, 217, 188, 230, 222, 12, 146, 191, 93, 107, 103, 182, 196, 229, 183, 221, 37, 68, 38, 44, 197, 98, 207, 225, 131, 112, 117, 126, 13, 202, 124, 153, 171, 97, 180, 20, 10, 216, 227, 54, 56, 215, 85, 62, 208]
x_207: [6, 7, 9, 16, 18, 19, 23, 24, 32, 34, 36, 37, 38, 39, 41, 42, 45, 46, 48, 49, 52, 59, 61, 63, 68, 70, 71, 72, 74, 75, 76, 80, 82, 84, 86, 89, 93, 95, 99, 102, 105, 106, 112, 114, 116, 119, 122, 125, 126, 127, 129, 132, 134, 135, 136, 139, 145, 146, 147, 151, 152, 154, 155, 156, 160, 172, 173, 175, 178, 181, 184, 186, 187, 189, 197, 199, 206, 225, 196, 120, 142, 217, 201, 141, 208, 222, 224, 226, 228]
x_208: [4, 5, 9, 11, 17, 19, 20, 23, 24, 25, 27, 28, 32, 33, 34, 35, 37, 42, 45, 46, 48, 49, 54, 55, 64, 68, 70, 71, 75, 76, 80, 81, 82, 86, 92, 93, 95, 97, 99, 102, 105, 110, 111, 114, 116, 117, 118, 119, 120, 121, 122, 126, 127, 129, 130, 134, 136, 140, 144, 147, 150, 152, 154, 157, 164, 166, 167, 169, 174, 175, 176, 177, 179, 180, 181, 187, 189, 191, 192, 197, 203, 204, 213, 50, 226, 195, 185, 6, 88, 91, 207, 84, 227, 128, 58, 220, 83, 53, 73, 85, 123, 61, 148, 106, 145, 188, 16, 39, 107, 141, 15, 36, 89, 183, 57, 8, 47, 160, 163, 44, 38, 199, 194, 202, 63, 168, 205, 178, 67, 69, 215, 170, 124, 135, 206, 221, 222, 156, 98, 1, 96, 79, 155, 142, 12, 153, 94, 14, 3, 60, 159, 172, 115, 196, 100, 40, 217, 209, 211, 214, 216, 224]
x_209: [4, 11, 14, 17, 18, 19, 23, 24, 26, 28, 35, 37, 40, 42, 43, 46, 48, 49, 51, 54, 62, 63, 64, 68, 69, 71, 74, 76, 77, 84, 90, 92, 93, 95, 96, 97, 100, 105, 107, 110, 113, 114, 116, 118, 120, 121, 122, 125, 129, 132, 133, 134, 135, 136, 139, 140, 141, 148, 150, 151, 152, 153, 154, 155, 157, 159, 162, 164, 165, 166, 168, 172, 174, 175, 176, 178, 181, 187, 189, 192, 197, 203, 204, 16, 44, 102, 182, 227, 98, 29, 99, 230, 1, 213, 147, 31, 109, 65, 228, 210, 9, 108, 8, 67, 47, 13, 55, 6, 22, 60, 83, 85, 158, 221, 169, 142, 80, 137, 196, 220, 190, 198, 156, 188, 216, 225, 50, 94, 5, 163, 56, 202, 229, 21, 59, 177, 143, 208, 111, 45, 149, 167, 89, 87, 36, 126, 7, 53, 61, 224, 195, 3, 79, 179, 106, 12, 88, 130, 145, 119, 212, 161, 104, 222, 101, 70, 27, 219, 128, 160, 205, 81, 211, 226]
x_210: [5, 6, 12, 13, 19, 23, 24, 26, 27, 30, 32, 36, 39, 40, 45, 53, 59, 63, 66, 69, 70, 72, 74, 75, 78, 80, 82, 84, 86, 89, 90, 93, 95, 102, 106, 107, 111, 114, 115, 116, 118, 121, 122, 123, 129, 136, 139, 143, 144, 153, 155, 156, 159, 164, 165, 166, 168, 170, 172, 175, 176, 179, 180, 183, 185, 187, 191, 194, 197, 198, 209, 98, 224, 7, 58, 202, 125, 61, 157, 50, 29, 48, 184, 105, 135, 162, 56, 177, 199, 133, 108, 113, 10, 219, 21, 205, 33, 47, 230, 67, 213, 142, 134, 131, 87, 52, 112, 150, 148, 101, 11, 14, 226, 62, 104, 54, 137, 76, 190, 182, 163, 51, 20, 99, 174, 117, 222, 160, 171, 119, 77, 195, 188, 65, 217, 17, 173, 110, 109, 41, 71, 49, 42, 100, 228, 154, 215, 128, 130, 1, 211, 216, 218, 223, 229]
x_211: [4, 7, 19, 21, 25, 27, 28, 32, 36, 38, 40, 41, 42, 44, 47, 48, 49, 51, 53, 62, 64, 69, 71, 72, 74, 79, 80, 87, 89, 91, 92, 94, 96, 97, 98, 99, 105, 106, 107, 114, 115, 116, 117, 118, 119, 120, 121, 122, 125, 126, 130, 132, 135, 143, 147, 150, 151, 154, 155, 158, 159, 164, 167, 172, 179, 181, 185, 187, 189, 192, 194, 195, 203, 204, 206, 208, 104, 29, 182, 201, 75, 145, 224, 183, 188, 138, 73, 10, 16, 82, 210, 56, 85, 209, 129, 81, 84, 34, 11, 90, 63, 214, 163, 20, 173, 148, 152, 33, 177, 37, 128, 14, 60, 78, 30, 222, 144, 225, 134, 46, 110, 26, 76, 23, 162, 142, 200, 95, 184, 229, 198, 101, 213, 219, 157, 93, 230, 68, 55, 100, 136, 39, 137, 218, 6, 45, 169, 180, 215, 123, 131, 52, 83, 199, 88, 223, 124, 35, 17, 109, 43, 153, 59, 221, 227, 113, 133, 216, 217, 226]
x_212: [5, 6, 12, 23, 24, 25, 31, 41, 43, 44, 49, 59, 63, 67, 68, 69, 71, 72, 73, 74, 77, 78, 83, 86, 87, 90, 93, 98, 100, 101, 105, 109, 110, 112, 113, 114, 115, 121, 128, 129, 132, 135, 143, 148, 150, 151, 153, 157, 158, 160, 162, 171, 172, 175, 176, 178, 179, 181, 183, 184, 186, 187, 192, 194, 197, 203, 204, 209, 88, 163, 213, 124, 15, 214, 66, 159, 229, 39, 82, 103, 56, 225, 216, 1, 119, 137, 125, 27, 76, 91, 28, 102, 134, 215, 222, 224, 226, 230]
x_213: [3, 6, 8, 10, 11, 17, 19, 21, 23, 25, 27, 34, 36, 43, 44, 45, 49, 52, 54, 55, 64, 67, 69, 70, 72, 75, 76, 78, 80, 84, 86, 95, 100, 107, 109, 110, 112, 113, 116, 117, 118, 119, 120, 121, 128, 133, 134, 136, 144, 150, 151, 152, 154, 155, 156, 157, 161, 163, 166, 167, 168, 172, 174, 181, 183, 184, 185, 186, 187, 188, 192, 194, 197, 199, 204, 206, 208, 209, 210, 211, 212, 142, 47, 39, 62, 159, 140, 37, 153, 148, 111, 135, 225, 216, 205, 215, 96, 15, 221, 214, 35, 195, 46, 101, 177, 108, 227, 145, 139, 48, 97, 178, 226, 38, 57, 180, 82, 51, 105, 222, 53, 196, 16, 200, 50, 127, 30, 26, 91, 170, 131, 92, 124, 175, 158, 40, 114, 88, 33, 143, 81, 220, 223, 7, 147, 94, 41, 228, 230, 176, 138, 125, 77, 68, 219, 224, 229]
x_214: [1, 5, 7, 9, 10, 11, 17, 19, 20, 23, 24, 27, 31, 32, 34, 36, 37, 41, 44, 46, 49, 51, 52, 55, 57, 59, 60, 62, 63, 64, 69, 72, 74, 75, 76, 78, 80, 82, 94, 98, 99, 100, 106, 107, 114, 117, 120, 125, 142, 144, 146, 147, 150, 152, 155, 157, 159, 160, 165, 166, 168, 169, 174, 175, 178, 181, 183, 187, 188, 189, 192, 194, 195, 197, 198, 203, 204, 205, 211, 212, 213, 219, 131, 128, 223, 14, 118, 110, 22, 112, 104, 12, 71, 30, 191, 190, 122, 38, 208, 134, 18, 164, 126, 218, 140, 105, 215, 216, 121, 109, 201, 225, 227, 102, 13, 224, 226, 229]
x_215: [3, 5, 8, 11, 18, 24, 25, 35, 36, 38, 41, 43, 44, 45, 46, 50, 51, 53, 54, 57, 59, 61, 62, 64, 69, 71, 80, 82, 84, 87, 89, 90, 95, 99, 106, 109, 114, 115, 117, 118, 119, 120, 121, 126, 129, 134, 136, 139, 142, 143, 154, 155, 157, 158, 159, 160, 162, 163, 166, 167, 176, 178, 181, 183, 185, 187, 188, 189, 195, 197, 198, 206, 208, 210, 211, 213, 214, 29, 1, 216, 212, 133, 52, 47, 220, 169, 144, 149, 124, 72, 92, 32, 138, 148, 132, 228, 174, 108, 224, 221, 194, 202, 217, 68, 113, 130, 27, 226, 161, 74, 107, 172, 196, 67, 26, 105, 200, 125, 94, 75, 123, 151, 100, 73, 20, 170, 15, 175, 55, 230, 98, 66, 93, 184, 77, 223, 83, 145, 110, 186, 60, 88, 218, 225, 227]
x_216: [4, 5, 7, 9, 13, 16, 18, 20, 21, 23, 27, 31, 33, 36, 37, 41, 42, 43, 45, 46, 48, 49, 50, 51, 54, 59, 61, 62, 63, 64, 68, 69, 71, 73, 76, 78, 80, 84, 85, 89, 90, 95, 96, 99, 103, 105, 106, 107, 111, 113, 121, 122, 125, 130, 132, 134, 136, 139, 142, 147, 152, 153, 156, 158, 162, 163, 164, 167, 169, 170, 172, 173, 175, 178, 180, 183, 184, 185, 189, 197, 198, 199, 204, 206, 209, 212, 213, 214, 215, 148, 168, 65, 137, 118, 102, 128, 87, 70, 32, 82, 67, 129, 159, 110, 191, 55, 208, 145, 190, 104, 34, 228, 166, 220, 192, 30, 194, 186, 117, 6, 151, 165, 210, 202, 179, 211, 174, 2, 66, 57, 119, 143, 222, 223]
x_217: [1, 3, 4, 6, 7, 8, 11, 13, 17, 18, 19, 22, 24, 27, 31, 35, 41, 44, 45, 46, 51, 57, 59, 61, 62, 67, 70, 76, 77, 82, 84, 89, 92, 98, 99, 103, 110, 113, 114, 116, 117, 118, 119, 120, 121, 125, 128, 132, 135, 136, 142, 143, 152, 153, 154, 155, 158, 159, 163, 165, 166, 169, 170, 172, 173, 174, 178, 180, 183, 186, 187, 188, 191, 192, 201, 204, 206, 207, 208, 210, 215, 15, 97, 37, 221, 33, 109, 74, 111, 23, 225, 200, 211, 16, 139, 130, 224, 196, 220, 38, 179, 104, 195, 171, 219, 32, 134, 222, 223, 226, 227, 228]
x_218: [4, 5, 7, 8, 9, 12, 18, 23, 25, 27, 35, 36, 37, 38, 39, 41, 42, 43, 46, 48, 51, 54, 55, 59, 61, 68, 69, 71, 72, 73, 77, 78, 80, 82, 85, 86, 93, 95, 98, 99, 100, 103, 105, 110, 111, 112, 114, 116, 117, 118, 120, 121, 122, 133, 134, 135, 136, 138, 139, 141, 142, 143, 146, 148, 150, 153, 157, 158, 159, 160, 163, 164, 167, 168, 172, 175, 178, 180, 181, 183, 184, 187, 197, 203, 204, 206, 211, 214, 106, 145, 102, 215, 30, 89, 53, 200, 222, 188, 186, 210, 45, 90, 165, 3, 171, 109, 151, 87, 219, 228]
x_219: [3, 9, 11, 14, 17, 18, 19, 26, 27, 31, 33, 36, 37, 38, 40, 43, 44, 47, 48, 52, 53, 56, 61, 62, 69, 72, 74, 75, 76, 78, 80, 83, 84, 90, 93, 95, 96, 97, 100, 106, 107, 109, 110, 111, 112, 113, 114, 115, 117, 120, 121, 122, 123, 125, 127, 128, 129, 132, 134, 136, 139, 140, 142, 144, 146, 147, 152, 153, 157, 158, 160, 164, 167, 168, 170, 172, 175, 176, 178, 179, 183, 185, 189, 195, 197, 199, 203, 204, 209, 210, 211, 214, 217, 20, 54, 102, 213, 49, 34, 230, 12, 70, 98, 205, 32, 187, 1, 99, 23, 94, 82, 42, 192, 46, 77, 67, 6, 59, 21, 193, 124, 218, 227, 89, 119, 86, 15, 166, 105, 224, 228]
x_220: [4, 5, 7, 8, 9, 12, 16, 19, 24, 32, 35, 36, 37, 38, 40, 42, 43, 45, 48, 49, 54, 59, 61, 62, 63, 64, 65, 67, 69, 70, 72, 74, 75, 76, 78, 79, 80, 86, 87, 89, 91, 93, 96, 100, 101, 105, 107, 109, 111, 112, 114, 115, 116, 117, 119, 125, 127, 128, 132, 134, 135, 136, 139, 141, 142, 146, 147, 150, 152, 153, 157, 162, 163, 165, 168, 172, 174, 178, 179, 180, 181, 183, 184, 185, 189, 192, 195, 197, 203, 204, 206, 208, 209, 213, 215, 216, 217, 29, 11, 137, 103, 148, 68, 166, 102, 154, 2, 176, 21, 122, 85, 58, 140, 227, 126, 167, 155, 156, 222, 224, 229]
x_221: [3, 4, 7, 9, 10, 16, 18, 19, 21, 28, 32, 35, 40, 41, 43, 48, 51, 53, 54, 56, 61, 62, 66, 70, 72, 76, 77, 78, 80, 83, 91, 93, 95, 96, 99, 101, 102, 105, 106, 109, 110, 112, 113, 115, 116, 117, 118, 121, 123, 124, 126, 127, 128, 129, 132, 134, 136, 139, 142, 152, 153, 155, 157, 158, 160, 168, 169, 176, 178, 179, 180, 182, 187, 194, 197, 199, 204, 205, 206, 208, 209, 211, 213, 215, 217, 36, 22, 20, 15, 47, 147, 200, 108, 100, 46, 177, 163, 27, 103, 140, 58, 185, 6, 130, 81, 144, 33, 154, 146, 1, 67, 26, 13, 193, 107, 173, 68, 29, 131, 222, 201, 226, 94, 159, 50, 111, 86, 141, 170, 69, 223, 227, 228, 229]
x_222: [6, 7, 11, 18, 19, 27, 32, 34, 35, 37, 40, 41, 42, 45, 46, 48, 49, 52, 53, 54, 59, 63, 70, 71, 73, 75, 77, 79, 80, 81, 82, 84, 86, 87, 91, 95, 105, 106, 107, 111, 114, 116, 117, 118, 121, 125, 128, 133, 134, 135, 136, 139, 142, 145, 150, 152, 154, 155, 158, 164, 165, 166, 167, 175, 176, 183, 184, 186, 197, 198, 199, 203, 206, 208, 209, 210, 211, 213, 218, 221, 151, 216, 61, 88, 99, 24, 102, 205, 130, 149, 190, 89, 76, 30, 224, 204, 23, 140, 72, 66, 170, 122, 228, 220, 100, 188, 191, 172, 2, 104, 5, 194, 169, 120, 26, 28, 195, 78, 156, 65, 60, 56, 126, 212, 173, 179, 50, 44, 124, 196, 108, 217, 110, 25, 16, 200, 146, 67, 68, 189, 207, 93, 137, 177, 185, 33, 10, 51, 138, 17, 38, 83, 162, 96, 225, 229, 112, 141, 181, 101, 163, 202, 123, 29, 85, 4, 226, 230]
x_223: [4, 5, 6, 7, 11, 19, 21, 32, 33, 34, 35, 36, 41, 42, 43, 44, 45, 46, 48, 52, 59, 61, 62, 63, 64, 67, 69, 76, 81, 87, 91, 102, 106, 109, 110, 111, 112, 114, 118, 120, 126, 127, 132, 133, 134, 135, 143, 144, 146, 152, 154, 155, 158, 159, 162, 163, 164, 168, 172, 174, 179, 180, 181, 184, 185, 187, 199, 201, 203, 206, 211, 213, 214, 215, 116, 216, 137, 182, 119, 25, 193, 50, 65, 140, 229, 13, 12, 217, 29, 225, 175, 169, 122, 196, 224, 198, 192, 94, 26, 200, 58, 86, 60, 136, 210, 167, 195, 160, 28, 178, 47, 221, 95, 115, 8, 124, 1, 194, 90, 89, 31, 79, 68, 105, 3, 131, 17, 138, 24, 78, 130, 55, 96, 176, 190, 204, 125, 170, 27, 80, 156, 100, 10, 145, 202, 117, 20, 82, 15, 39, 99, 147, 22, 151, 188, 191, 54, 104, 93, 153, 38, 121, 71, 226]
x_224: [5, 11, 23, 25, 27, 28, 32, 33, 34, 35, 36, 38, 39, 42, 43, 44, 45, 46, 47, 49, 50, 54, 61, 63, 64, 69, 72, 76, 78, 80, 83, 85, 86, 90, 95, 96, 105, 109, 110, 113, 115, 116, 122, 125, 127, 132, 133, 139, 143, 148, 151, 152, 153, 154, 156, 157, 159, 160, 163, 165, 167, 168, 170, 174, 175, 178, 181, 183, 184, 186, 187, 188, 192, 193, 194, 197, 199, 203, 204, 206, 209, 210, 211, 215, 217, 222, 223, 145, 87, 131, 179, 41, 24, 228, 40, 2, 202, 7, 16, 208, 106, 171, 62, 104, 169, 121, 220, 26, 146, 97, 66, 84, 99, 219, 128, 18, 149, 82, 144, 37, 65, 92, 161, 13, 124, 226, 114, 88, 147, 205, 31, 172, 191, 12, 10, 30, 117, 201, 213, 111, 103, 91, 112, 158, 166, 3, 51, 130, 207, 126, 52, 94, 57, 120, 198, 135, 214, 212, 71, 196, 162, 227, 6, 102, 150, 134, 48, 81, 4, 73, 9, 195, 225, 230]
x_225: [5, 8, 12, 18, 27, 32, 34, 36, 37, 43, 45, 47, 49, 59, 61, 64, 66, 70, 73, 74, 80, 84, 92, 94, 95, 97, 105, 106, 107, 110, 112, 113, 114, 115, 118, 119, 121, 122, 125, 133, 134, 139, 141, 142, 147, 148, 149, 150, 151, 155, 158, 162, 165, 167, 169, 170, 171, 172, 175, 176, 179, 183, 187, 192, 195, 197, 198, 199, 201, 204, 206, 207, 209, 211, 212, 213, 214, 217, 222, 223, 102, 14, 21, 63, 226, 129, 138, 30, 56, 194, 25, 17, 87, 78, 65, 103, 9, 11, 229, 31, 26, 23, 196, 111, 184, 41, 181, 135, 203, 67, 60, 69, 191, 4, 39, 51, 100, 89, 173, 137, 123, 71, 156, 154, 153, 33, 215, 230, 227, 44, 224, 81, 3, 104, 91, 2, 86, 182, 79, 177, 127, 46, 20]
x_226: [2, 3, 4, 5, 9, 10, 12, 14, 18, 20, 23, 33, 38, 41, 44, 45, 48, 51, 52, 59, 69, 72, 75, 80, 81, 83, 90, 93, 95, 96, 97, 100, 101, 105, 111, 112, 115, 119, 120, 125, 126, 132, 134, 136, 137, 139, 140, 141, 143, 147, 150, 156, 157, 158, 159, 160, 163, 167, 169, 170, 172, 174, 175, 176, 177, 179, 181, 185, 191, 192, 203, 204, 205, 208, 210, 213, 215, 221, 224, 225, 63, 194, 7, 60, 98, 209, 113, 198, 39, 184, 211, 183, 65, 207, 22, 62, 161, 92, 64, 37, 27, 1, 6, 15, 42, 29, 16, 154, 17, 148, 217, 127, 214, 212, 128, 130, 36, 86, 28, 131, 123, 30, 54, 19, 55, 187, 26, 193, 66, 223, 61, 145, 171, 79, 222, 133, 200, 146, 32, 8, 168, 110, 103, 82, 91, 164, 201, 135, 85, 114, 24, 57, 74, 47, 189, 88, 67, 188, 144, 180, 178, 155, 228, 71, 182, 138, 56]
x_227: [4, 6, 8, 11, 19, 21, 33, 34, 35, 36, 37, 41, 42, 44, 46, 48, 49, 51, 56, 59, 61, 69, 70, 71, 73, 75, 77, 83, 84, 85, 90, 91, 93, 99, 101, 110, 113, 118, 119, 121, 125, 129, 130, 133, 134, 136, 140, 142, 143, 148, 151, 152, 153, 154, 155, 158, 165, 168, 169, 172, 175, 179, 181, 183, 185, 189, 192, 193, 197, 198, 203, 204, 206, 208, 209, 211, 213, 214, 219, 220, 224, 225, 105, 63, 76, 182, 145, 102, 7, 167, 162, 67, 217, 124, 27, 137, 28, 205, 100, 163, 72, 135, 127, 112, 54, 115, 123, 79, 149, 22, 120, 14, 108, 126, 180, 184, 138, 132, 89, 10, 116, 106, 68, 221, 215, 62, 230]
x_228: [5, 11, 12, 17, 19, 21, 23, 28, 30, 34, 35, 36, 37, 39, 42, 43, 45, 47, 51, 54, 59, 62, 64, 67, 70, 71, 74, 75, 79, 80, 86, 92, 95, 96, 100, 106, 111, 112, 114, 115, 116, 117, 121, 125, 126, 133, 134, 135, 139, 143, 153, 155, 156, 160, 162, 165, 178, 179, 180, 181, 183, 185, 195, 197, 201, 203, 206, 209, 210, 213, 215, 216, 222, 224, 226, 144, 31, 205, 103, 176, 49, 192, 207, 22, 108, 193, 101, 14, 27, 221, 53, 158, 113, 82, 136, 85, 202, 72, 102, 50, 63, 167, 217, 131, 219, 107, 25, 194, 199, 3, 68, 118, 159, 200, 168, 10, 7, 98, 154, 73, 60, 33, 190, 56, 164, 218, 182, 174, 119, 151, 83, 1, 229]
x_229: [1, 6, 7, 8, 11, 18, 20, 24, 27, 32, 38, 39, 41, 42, 43, 52, 53, 59, 61, 62, 64, 69, 70, 71, 72, 73, 78, 80, 95, 98, 105, 107, 109, 113, 118, 121, 122, 125, 128, 134, 135, 136, 139, 146, 147, 151, 152, 155, 157, 164, 165, 166, 167, 170, 172, 177, 179, 183, 184, 185, 187, 189, 192, 195, 199, 203, 204, 206, 209, 211, 212, 222, 223, 225, 110, 63, 213, 132, 116, 58, 141, 230, 228, 101, 49, 124, 3, 120, 148, 111, 181, 25, 93, 153, 65, 77, 214, 117, 28, 190, 210, 127, 2, 81, 159, 66, 50, 194, 30, 103, 67, 88, 221, 37, 137, 56, 94, 75, 51, 89, 200, 5, 220, 156, 45, 68, 163, 54, 46, 14, 193, 178, 4, 142, 26, 34, 154, 23, 9, 97, 79, 44, 104, 86, 176]
x_230: [3, 5, 6, 8, 10, 14, 17, 19, 21, 22, 23, 24, 27, 42, 43, 46, 49, 51, 61, 62, 63, 69, 72, 73, 74, 75, 78, 82, 85, 86, 90, 91, 94, 99, 105, 110, 113, 114, 116, 119, 122, 125, 126, 127, 130, 134, 143, 151, 158, 162, 165, 168, 170, 173, 174, 175, 179, 181, 182, 183, 185, 186, 187, 189, 193, 195, 197, 204, 206, 209, 210, 211, 213, 215, 219, 225, 229, 45, 31, 120, 166, 57, 93, 106, 76, 56, 101, 131, 65, 133, 188, 53, 117, 12, 145, 137, 163, 159, 157, 190, 103, 47, 150, 4, 152, 167, 227, 224, 18, 222, 212, 191, 9, 196, 104, 200, 97, 115, 178, 36, 199, 48, 102, 169]