300
96 199 65 76 147 122 117 198 86 54 16 84 180 93 188 124 94 180 153 58 105 96 93 165 61 71 29 112 34 48 137 167 42 87 86 84 175 196 43 45 175 115 52 41 198 125 101 134 52 176 107 113 225 115 126 67 214 150 117 89 75 110 22 108 186 83 57 51 34 40 150 132 152 143 49 24 36 105 163 37 117 206 212 223 50 157 97 25 224 165 84 153 91 192 102 33 19 100 71 24 54 132 115 146 222 76 49 65 207 3 189 195 124 135 77 40 6 25 120 142 176 148 120 160 199 130 111 166 147 46 133 11 68 155 97 208 77 62 125 76 192 193 77 84 203 145 4 8 175 51 80 95 214 133 198 124 141 94 65 215 71 64 18 99 77 1 163 88 162 200 8 65 174 77 152 6 125 105 88 67 124 30 144 51 51 102 14 21 54 54 208 162 172 48 216 180 167 39 75 216 130 183 130 175 51 203 44 223 109 173 9 43 23 224 125 10 94 18 93 222 96 142 43 178 185 81 105 1 102 192 34 104 76 203 219 144 72 151 145 4 73 140 126 97 138 205 137 107 68 211 12 214 134 203 78 102 84 142 80 7 96 78 138 14 99 3 88 146 143 86 211 63 60 30 144 180 205 141 121 74 155 125 88 17 83 162 213 4 138 98 150 74 72 16 65 81 158 28 41 216
x_1: [292, 33, 131, 61, 254, 231, 242, 195, 108, 49, 250, 15, 200, 222, 2, 229, 137, 118, 53, 163, 16, 12, 14, 278, 5, 196, 111, 217, 271, 114, 225, 284, 120, 177, 119, 113, 236, 149, 214, 285, 52, 96, 152, 62, 171, 257, 260, 98, 156, 146, 256, 259, 202, 18, 246, 125, 207, 213, 89, 188, 281, 192, 45, 261, 6, 10, 19, 22, 23, 24, 28, 29, 34, 38, 40, 47, 50, 55, 56, 57, 63, 72, 74, 76, 77, 78, 79, 81, 82, 85, 87, 91, 92, 93, 94, 95, 97, 99, 103, 104, 105, 112, 115, 116, 123, 124, 130, 132, 134, 135, 136, 142, 144, 145, 148, 153, 159, 160, 161, 162, 165, 166, 167, 170, 173, 178, 179, 182, 183, 189, 191, 194, 201, 203, 205, 206, 209, 215, 218, 220, 223, 224, 226, 230, 233, 234, 235, 237, 244, 245, 247, 251, 253, 262, 265, 267, 269, 274, 276, 286, 290, 291, 293, 298, 299, 300]
x_2: [1, 84, 267, 202, 190, 251, 16, 241, 23, 158, 297, 88, 87, 258, 117, 7, 103, 277, 281, 119, 208, 264, 177, 296, 181, 236, 138, 3, 197, 263, 67, 266, 288, 106, 219, 29, 247, 187, 292, 284, 259, 212, 249, 183, 213, 178, 276, 170, 235, 15, 118, 91, 6, 8, 12, 14, 18, 24, 27, 30, 34, 35, 38, 39, 40, 42, 44, 46, 54, 57, 61, 64, 68, 70, 75, 76, 77, 78, 81, 93, 94, 97, 99, 100, 102, 105, 109, 110, 115, 122, 124, 125, 127, 128, 132, 133, 136, 137, 144, 146, 147, 148, 152, 153, 155, 157, 159, 161, 162, 172, 173, 182, 186, 188, 196, 200, 201, 203, 207, 215, 216, 217, 218, 220, 223, 225, 227, 233, 234, 237, 243, 244, 245, 248, 250, 257, 265, 269, 270, 274, 278, 279, 286, 298, 299, 300]
x_3: [2, 300, 93, 47, 283, 131, 17, 37, 43, 9, 232, 8, 144, 128, 138, 57, 95, 177, 149, 36, 86, 82, 271, 87, 140, 151, 233, 165, 255, 243, 59, 13, 160, 198, 176, 216, 97, 133, 56, 130, 262, 108, 222, 11, 116, 10, 204, 75, 19, 83, 229, 260, 219, 279, 113, 265, 231, 115, 269, 16, 203, 295, 31, 153, 65, 109, 25, 157, 40, 159, 214, 290, 67, 5, 288, 20, 112, 292, 236, 88, 261, 194, 103, 178, 51, 106, 294, 100, 253, 54, 200, 152, 259, 256, 167, 206, 145, 81, 168, 289, 70, 174, 220, 110, 137, 50, 195, 281, 274, 249, 273, 121, 34, 21, 44, 69, 276, 171, 189, 175, 150, 251, 297, 209, 38, 76, 293, 282, 42, 187, 235, 142, 24, 7, 212, 123, 60, 124, 53, 223, 278, 245, 162, 52, 107, 163, 14, 6, 164, 201, 161, 205, 33, 234, 58, 129, 111, 241, 183, 94, 158, 102, 127, 185, 46, 230, 117, 22, 96, 156, 126, 172, 48, 125, 39, 12, 184, 79, 257, 89, 92, 77, 73, 55, 264, 18, 23, 27, 35, 61, 62, 64, 66, 72, 78, 84, 91, 104, 132, 134, 135, 139, 143, 154, 166, 170, 179, 180, 182, 190, 191, 192, 196, 197, 202, 207, 208, 211, 215, 218, 224, 225, 226, 238, 240, 242, 244, 248, 267, 270, 284, 291, 298]
x_4: [73, 280, 17, 162, 284, 106, 92, 154, 222, 276, 81, 25, 127, 130, 33, 229, 221, 282, 129, 278, 225, 233, 6, 203, 174, 88, 133, 249, 13, 214, 293, 10, 32, 182, 297, 71, 65, 142, 204, 289, 206, 89, 46, 120, 91, 271, 163, 257, 116, 123, 161, 254, 246, 212, 173, 287, 141, 113, 37, 262, 189, 82, 105, 160, 153, 283, 191, 85, 238, 44, 64, 264, 194, 80, 219, 112, 292, 27, 202, 179, 197, 279, 21, 269, 47, 131, 52, 137, 43, 72, 8, 15, 18, 22, 30, 34, 35, 40, 45, 51, 54, 55, 56, 61, 66, 69, 74, 76, 77, 79, 93, 94, 95, 96, 97, 109, 110, 121, 125, 128, 132, 134, 140, 143, 144, 147, 152, 164, 167, 169, 171, 172, 175, 184, 186, 190, 192, 201, 207, 209, 215, 217, 220, 224, 226, 227, 231, 234, 236, 237, 242, 243, 247, 248, 251, 253, 255, 258, 265, 267, 268, 270, 274, 286, 288]
x_5: [1, 3, 228, 124, 196, 222, 204, 85, 167, 225, 65, 250, 109, 62, 221, 274, 210, 61, 152, 143, 128, 194, 287, 98, 271, 297, 11, 16, 125, 134, 106, 89, 146, 76, 278, 103, 140, 160, 300, 129, 229, 87, 8, 9, 10, 14, 15, 17, 20, 21, 22, 27, 28, 29, 35, 43, 44, 52, 54, 55, 56, 58, 63, 64, 68, 69, 72, 73, 75, 77, 78, 81, 82, 84, 88, 93, 94, 99, 100, 104, 105, 108, 111, 112, 114, 116, 120, 121, 131, 132, 133, 135, 137, 138, 141, 144, 159, 161, 162, 163, 166, 175, 179, 182, 189, 190, 191, 192, 198, 199, 202, 205, 209, 211, 212, 213, 214, 220, 226, 230, 235, 237, 240, 242, 243, 245, 247, 248, 254, 255, 257, 259, 261, 265, 268, 269, 275, 276, 283, 288, 290, 293, 295]
x_6: [3, 4, 183, 252, 216, 63, 107, 293, 197, 105, 146, 56, 13, 61, 292, 7, 280, 152, 70, 39, 257, 192, 294, 160, 224, 258, 271, 166, 1, 64, 227, 231, 180, 157, 277, 205, 174, 253, 58, 194, 196, 286, 2, 143, 262, 102, 237, 265, 210, 88, 272, 185, 270, 200, 297, 219, 208, 173, 300, 35, 127, 149, 11, 209, 80, 204, 139, 92, 38, 179, 136, 211, 279, 156, 78, 133, 249, 87, 240, 24, 51, 217, 36, 182, 85, 260, 83, 48, 206, 142, 122, 171, 138, 268, 189, 26, 153, 285, 119, 201, 288, 89, 248, 169, 114, 126, 16, 207, 163, 222, 128, 98, 228, 298, 76, 135, 236, 84, 71, 226, 159, 124, 60, 106, 55, 117, 165, 52, 96, 29, 12, 111, 18, 254, 176, 141, 49, 120, 121, 281, 109, 232, 170, 255, 57, 110, 41, 8, 246, 164, 148, 101, 82, 199, 75, 278, 30, 290, 195, 131, 67, 19, 275, 32, 269, 22, 47, 15, 256, 99, 230, 134, 125, 31, 90, 220, 287, 181, 212, 276, 103, 218, 137, 129, 91, 50, 23, 28, 27, 33, 37, 46, 54, 59, 66, 69, 72, 94, 97, 104, 108, 115, 123, 130, 145, 155, 162, 172, 177, 178, 186, 198, 202, 203, 213, 223, 229, 233, 234, 241, 242, 245, 251, 259, 273, 274, 282, 284, 296]
x_7: [2, 3, 6, 263, 241, 257, 190, 51, 161, 21, 65, 273, 17, 227, 66, 203, 229, 13, 269, 139, 47, 129, 167, 44, 155, 18, 197, 30, 134, 67, 195, 60, 156, 49, 218, 126, 258, 286, 106, 170, 174, 261, 201, 300, 247, 54, 230, 10, 11, 16, 25, 26, 27, 37, 38, 45, 50, 55, 56, 57, 58, 61, 62, 64, 72, 75, 77, 78, 84, 87, 88, 95, 96, 100, 102, 104, 105, 107, 108, 112, 113, 114, 117, 121, 125, 130, 131, 133, 138, 140, 143, 144, 148, 153, 162, 163, 166, 169, 173, 178, 180, 183, 186, 188, 198, 202, 205, 207, 208, 209, 212, 214, 215, 216, 220, 222, 223, 224, 225, 235, 236, 237, 238, 240, 242, 243, 245, 246, 249, 251, 253, 259, 267, 268, 274, 281, 283, 288, 290, 292, 293, 295, 297, 299]
x_8: [3, 6, 287, 298, 267, 275, 16, 150, 81, 103, 190, 200, 167, 50, 210, 177, 65, 295, 34, 23, 154, 274, 161, 214, 153, 164, 181, 140, 257, 5, 270, 63, 77, 163, 168, 294, 36, 232, 144, 246, 233, 187, 195, 41, 297, 29, 69, 25, 269, 252, 129, 126, 174, 186, 207, 158, 238, 175, 273, 260, 86, 15, 76, 114, 289, 58, 95, 211, 26, 51, 280, 137, 55, 105, 134, 35, 293, 38, 112, 89, 262, 222, 12, 189, 250, 146, 113, 253, 121, 218, 188, 279, 97, 247, 132, 209, 104, 264, 40, 300, 21, 235, 4, 98, 277, 62, 155, 263, 162, 283, 145, 278, 266, 68, 228, 72, 282, 84, 130, 290, 19, 216, 206, 10, 47, 197, 138, 191, 173, 199, 234, 60, 248, 182, 75, 213, 66, 148, 212, 133, 141, 172, 249, 111, 33, 67, 106, 118, 14, 53, 80, 205, 96, 2, 46, 219, 27, 217, 178, 284, 215, 61, 136, 143, 92, 110, 45, 64, 230, 151, 261, 255, 202, 198, 226, 52, 17, 18, 22, 28, 39, 42, 54, 56, 57, 74, 79, 83, 91, 93, 94, 99, 102, 109, 116, 125, 135, 139, 156, 159, 160, 165, 166, 169, 180, 183, 192, 194, 201, 208, 223, 225, 229, 236, 237, 239, 242, 243, 268, 271, 276, 292, 296]
x_9: [3, 127, 211, 76, 67, 132, 100, 209, 288, 30, 273, 261, 77, 212, 139, 144, 246, 157, 137, 252, 110, 256, 189, 241, 124, 174, 91, 93, 298, 231, 274, 259, 167, 271, 70, 162, 253, 169, 61, 66, 72, 116, 46, 276, 26, 289, 89, 60, 103, 258, 291, 158, 217, 168, 11, 113, 44, 115, 175, 138, 266, 195, 12, 63, 178, 59, 129, 74, 294, 22, 40, 48, 53, 154, 163, 128, 272, 186, 16, 41, 205, 191, 49, 141, 5, 264, 165, 58, 181, 65, 208, 47, 296, 244, 215, 275, 202, 155, 282, 69, 28, 57, 90, 111, 223, 280, 135, 243, 13, 15, 18, 20, 21, 23, 27, 29, 33, 34, 38, 39, 55, 62, 75, 78, 82, 85, 87, 92, 94, 95, 96, 104, 105, 106, 107, 109, 112, 120, 131, 146, 153, 173, 177, 182, 187, 188, 190, 194, 197, 199, 203, 206, 214, 218, 222, 224, 226, 233, 236, 237, 238, 239, 240, 247, 254, 255, 257, 262, 265, 269, 277, 278, 279, 281, 283, 284, 286, 287, 290, 292, 293, 295, 299]
x_10: [3, 4, 8, 54, 192, 36, 279, 186, 285, 260, 298, 16, 158, 229, 68, 80, 39, 297, 73, 111, 248, 172, 187, 150, 82, 196, 226, 208, 61, 75, 139, 152, 5, 276, 195, 288, 52, 236, 222, 217, 142, 190, 210, 237, 28, 51, 242, 20, 1, 22, 57, 72, 272, 261, 183, 283, 291, 243, 126, 123, 55, 184, 60, 21, 161, 178, 130, 29, 223, 213, 193, 151, 175, 122, 266, 74, 59, 263, 89, 250, 63, 299, 12, 246, 108, 197, 90, 204, 117, 128, 169, 253, 100, 205, 278, 62, 293, 137, 65, 77, 7, 56, 14, 94, 235, 194, 258, 148, 79, 269, 131, 238, 201, 92, 176, 275, 286, 83, 300, 112, 219, 121, 265, 98, 259, 40, 127, 239, 25, 199, 46, 287, 49, 24, 11, 160, 143, 86, 69, 163, 274, 230, 257, 214, 284, 203, 200, 103, 254, 185, 15, 18, 27, 33, 35, 42, 44, 45, 48, 53, 58, 66, 81, 85, 87, 88, 93, 97, 101, 105, 106, 113, 124, 125, 132, 138, 156, 159, 162, 167, 173, 174, 180, 182, 189, 202, 209, 218, 220, 221, 227, 232, 245, 249, 262, 277, 281, 290]
x_11: [3, 5, 6, 9, 10, 133, 291, 144, 90, 43, 185, 173, 74, 131, 130, 179, 197, 143, 290, 240, 7, 77, 67, 116, 101, 37, 297, 276, 102, 279, 220, 123, 296, 72, 284, 236, 201, 40, 79, 30, 16, 208, 196, 214, 71, 280, 38, 124, 147, 104, 204, 183, 92, 153, 252, 275, 150, 46, 264, 154, 107, 238, 12, 149, 53, 191, 228, 27, 162, 82, 14, 15, 18, 21, 28, 34, 42, 55, 56, 57, 61, 62, 70, 75, 78, 84, 85, 87, 93, 94, 96, 97, 99, 100, 105, 106, 111, 128, 134, 137, 139, 145, 146, 155, 156, 161, 169, 170, 171, 180, 186, 187, 189, 192, 200, 202, 206, 209, 211, 215, 217, 222, 223, 226, 227, 229, 234, 235, 237, 239, 242, 247, 248, 251, 254, 256, 260, 267, 269, 278, 283, 286, 287, 292, 298]
x_12: [1, 3, 6, 8, 9, 10, 11, 53, 58, 223, 126, 107, 259, 260, 204, 63, 109, 197, 265, 69, 297, 131, 2, 62, 104, 289, 194, 247, 280, 119, 138, 20, 86, 284, 258, 120, 211, 141, 216, 205, 140, 253, 51, 67, 96, 287, 233, 23, 251, 110, 202, 276, 173, 125, 49, 40, 22, 217, 227, 97, 89, 98, 261, 198, 268, 185, 101, 34, 175, 27, 235, 14, 18, 21, 24, 25, 29, 37, 38, 42, 43, 44, 45, 55, 61, 64, 68, 73, 74, 75, 76, 77, 81, 88, 91, 92, 93, 95, 99, 102, 105, 106, 114, 121, 122, 124, 127, 129, 132, 139, 144, 146, 147, 150, 152, 153, 156, 157, 161, 166, 167, 172, 174, 177, 178, 180, 182, 189, 191, 200, 201, 206, 207, 210, 213, 214, 215, 221, 224, 225, 226, 234, 241, 242, 243, 244, 246, 248, 254, 263, 267, 269, 273, 278, 286, 288, 290, 292, 299, 300]
x_13: [3, 4, 6, 7, 91, 76, 147, 241, 23, 299, 257, 34, 290, 203, 48, 205, 263, 294, 155, 202, 138, 181, 26, 283, 245, 9, 14, 18, 19, 21, 22, 28, 29, 30, 35, 39, 40, 56, 58, 61, 66, 69, 75, 77, 81, 82, 83, 87, 88, 93, 95, 101, 102, 104, 106, 107, 108, 109, 110, 113, 117, 123, 124, 125, 128, 129, 131, 133, 135, 137, 139, 140, 146, 152, 153, 154, 156, 159, 160, 161, 162, 163, 164, 166, 172, 173, 180, 183, 186, 187, 188, 189, 191, 195, 197, 207, 209, 212, 213, 215, 219, 220, 223, 226, 230, 233, 235, 236, 238, 242, 243, 247, 251, 253, 255, 259, 261, 262, 269, 273, 274, 276, 278, 279, 281, 285, 286, 291, 300]
x_14: [1, 3, 8, 10, 156, 163, 77, 285, 143, 34, 185, 213, 201, 267, 13, 295, 298, 59, 19, 294, 272, 52, 171, 173, 189, 283, 18, 190, 299, 38, 249, 43, 277, 229, 172, 257, 279, 2, 83, 167, 110, 75, 76, 56, 207, 261, 216, 175, 134, 20, 33, 127, 136, 204, 282, 146, 39, 88, 137, 212, 65, 145, 135, 121, 108, 51, 142, 246, 25, 263, 155, 105, 162, 174, 152, 265, 69, 227, 187, 15, 214, 84, 286, 21, 270, 218, 95, 102, 120, 67, 260, 63, 235, 101, 29, 234, 182, 113, 5, 251, 17, 85, 130, 118, 44, 269, 89, 271, 103, 148, 125, 252, 191, 100, 93, 97, 153, 219, 243, 12, 250, 11, 54, 296, 222, 176, 264, 254, 289, 245, 231, 242, 138, 203, 133, 131, 159, 24, 183, 119, 228, 244, 197, 224, 28, 57, 278, 157, 194, 26, 107, 42, 169, 62, 66, 151, 210, 94, 22, 55, 58, 64, 72, 78, 80, 82, 87, 91, 99, 104, 106, 109, 111, 115, 117, 124, 128, 132, 147, 160, 161, 166, 177, 178, 188, 196, 198, 200, 202, 206, 208, 209, 220, 223, 226, 232, 236, 237, 238, 241, 248, 256, 258, 262, 273, 274, 275, 276, 281, 287, 288, 290, 292, 297]
x_15: [1, 2, 6, 8, 14, 294, 188, 155, 151, 194, 216, 270, 237, 38, 102, 209, 119, 22, 124, 115, 125, 203, 195, 108, 78, 154, 185, 158, 228, 255, 88, 75, 16, 190, 224, 284, 176, 263, 251, 163, 58, 299, 150, 281, 142, 220, 160, 45, 252, 59, 257, 113, 136, 191, 28, 53, 264, 262, 84, 67, 25, 35, 112, 32, 217, 11, 34, 29, 5, 18, 276, 174, 171, 10, 287, 109, 241, 103, 137, 152, 298, 282, 268, 129, 120, 94, 201, 31, 123, 285, 232, 19, 170, 168, 62, 9, 289, 95, 259, 48, 116, 91, 156, 51, 161, 33, 227, 77, 23, 147, 177, 30, 46, 117, 104, 60, 130, 128, 17, 100, 167, 180, 183, 233, 196, 198, 219, 126, 92, 273, 172, 210, 234, 187, 181, 162, 242, 66, 87, 291, 65, 86, 235, 70, 83, 41, 121, 243, 159, 40, 79, 231, 56, 80, 36, 96, 246, 274, 24, 99, 260, 182, 258, 192, 193, 139, 127, 207, 26, 149, 292, 4, 101, 50, 189, 73, 39, 261, 277, 278, 222, 225, 244, 21, 27, 55, 72, 74, 76, 82, 89, 93, 111, 114, 131, 132, 133, 134, 135, 144, 153, 166, 173, 179, 197, 202, 206, 208, 212, 218, 226, 229, 236, 238, 240, 247, 248, 265, 267, 269, 275, 279, 283, 286, 290, 293, 300]
x_16: [1, 2, 3, 5, 6, 8, 9, 10, 11, 15, 263, 183, 101, 222, 38, 142, 106, 118, 73, 69, 107, 84, 249, 186, 95, 26, 185, 43, 122, 109, 45, 226, 176, 85, 295, 112, 162, 246, 283, 19, 27, 188, 256, 287, 179, 70, 250, 35, 262, 164, 291, 160, 163, 294, 46, 247, 174, 213, 37, 135, 33, 166, 93, 168, 116, 161, 130, 157, 7, 151, 149, 25, 60, 221, 143, 290, 254, 145, 132, 89, 74, 181, 49, 204, 268, 99, 203, 231, 77, 17, 18, 23, 28, 29, 30, 34, 39, 47, 48, 51, 52, 55, 56, 57, 58, 63, 64, 78, 81, 82, 87, 97, 100, 104, 105, 114, 115, 123, 124, 125, 128, 131, 136, 140, 152, 153, 170, 178, 180, 182, 190, 194, 197, 200, 201, 202, 206, 207, 209, 212, 214, 216, 218, 220, 223, 225, 229, 234, 235, 236, 242, 243, 244, 248, 253, 257, 259, 261, 265, 269, 274, 275, 279, 284, 285, 286, 288, 292, 293, 296, 298, 299]
x_17: [3, 4, 7, 14, 15, 125, 20, 127, 41, 37, 266, 260, 242, 292, 248, 168, 267, 88, 289, 255, 204, 198, 283, 288, 231, 85, 192, 27, 189, 181, 225, 122, 280, 156, 46, 227, 183, 100, 83, 69, 24, 187, 291, 173, 89, 252, 245, 5, 295, 120, 31, 228, 84, 261, 107, 205, 239, 64, 162, 135, 71, 87, 169, 68, 93, 272, 158, 284, 219, 240, 235, 262, 160, 159, 106, 145, 80, 175, 61, 218, 195, 263, 92, 226, 274, 28, 44, 55, 50, 276, 199, 94, 244, 230, 268, 19, 251, 200, 149, 179, 140, 285, 32, 34, 282, 118, 229, 164, 172, 53, 143, 210, 170, 206, 278, 259, 77, 75, 180, 116, 111, 233, 78, 287, 165, 144, 8, 250, 155, 298, 161, 90, 52, 79, 275, 254, 237, 166, 249, 202, 112, 86, 124, 103, 126, 215, 16, 177, 185, 186, 108, 148, 115, 197, 114, 105, 151, 223, 48, 209, 58, 74, 193, 224, 167, 25, 29, 38, 40, 42, 43, 47, 54, 59, 62, 66, 67, 76, 82, 99, 128, 131, 132, 133, 134, 137, 142, 146, 147, 153, 157, 163, 174, 178, 182, 191, 194, 207, 212, 213, 222, 232, 236, 238, 241, 243, 247, 257, 258, 269, 270, 271, 286, 290, 293, 297, 299]
x_18: [1, 6, 7, 14, 15, 142, 107, 100, 82, 85, 276, 83, 76, 62, 227, 300, 268, 67, 221, 69, 171, 163, 71, 11, 184, 90, 116, 121, 255, 251, 46, 273, 241, 290, 74, 108, 185, 144, 179, 34, 197, 244, 16, 271, 237, 101, 124, 106, 3, 156, 22, 137, 266, 97, 37, 55, 57, 205, 170, 54, 229, 296, 248, 191, 211, 224, 189, 282, 75, 122, 123, 202, 234, 226, 291, 49, 28, 89, 270, 4, 23, 143, 213, 68, 192, 176, 25, 260, 233, 187, 31, 61, 126, 64, 77, 10, 188, 78, 148, 13, 242, 35, 48, 279, 257, 50, 66, 210, 195, 245, 225, 60, 190, 182, 45, 2, 263, 222, 47, 158, 250, 32, 294, 220, 287, 153, 201, 21, 113, 138, 165, 274, 29, 264, 152, 94, 262, 204, 212, 157, 9, 33, 253, 133, 159, 278, 20, 292, 167, 65, 8, 104, 146, 12, 206, 58, 51, 230, 256, 272, 87, 285, 103, 117, 112, 258, 181, 289, 223, 147, 128, 36, 136, 30, 19, 27, 38, 39, 40, 41, 43, 56, 70, 72, 95, 99, 109, 118, 129, 130, 131, 132, 134, 135, 140, 149, 151, 160, 162, 166, 169, 172, 175, 178, 194, 196, 198, 207, 208, 209, 214, 217, 232, 235, 238, 254, 259, 265, 267, 269, 275, 280, 281, 283, 284, 293]
x_19: [3, 6, 8, 14, 15, 16, 17, 145, 244, 217, 224, 35, 95, 110, 18, 220, 213, 182, 262, 76, 92, 116, 118, 31, 188, 229, 165, 112, 113, 132, 80, 267, 196, 55, 245, 1, 242, 160, 135, 150, 107, 68, 195, 235, 275, 13, 119, 253, 51, 152, 103, 265, 171, 128, 125, 252, 295, 60, 255, 184, 222, 205, 284, 216, 73, 218, 66, 32, 199, 221, 49, 104, 139, 246, 136, 261, 167, 79, 288, 276, 133, 50, 190, 233, 146, 72, 44, 209, 299, 67, 287, 201, 120, 193, 211, 21, 43, 151, 178, 22, 38, 24, 300, 158, 47, 241, 168, 88, 270, 157, 166, 155, 247, 130, 124, 83, 71, 85, 162, 198, 109, 82, 20, 111, 206, 58, 149, 173, 36, 37, 62, 269, 238, 285, 86, 277, 57, 99, 266, 179, 137, 148, 25, 226, 106, 40, 232, 156, 59, 127, 100, 70, 23, 27, 28, 29, 33, 34, 39, 42, 46, 52, 61, 63, 64, 69, 93, 94, 96, 97, 105, 114, 115, 123, 129, 131, 140, 142, 144, 153, 161, 163, 191, 192, 200, 202, 204, 207, 208, 215, 223, 236, 240, 248, 258, 259, 271, 272, 273, 278, 286, 290, 291, 293]
x_20: [3, 10, 12, 14, 17, 18, 19, 287, 117, 244, 89, 273, 5, 115, 71, 33, 9, 165, 296, 44, 265, 21, 22, 24, 25, 27, 28, 37, 38, 45, 48, 50, 51, 52, 56, 58, 59, 67, 72, 74, 77, 78, 80, 81, 84, 87, 91, 95, 96, 97, 98, 100, 101, 102, 105, 108, 111, 112, 124, 125, 127, 129, 131, 132, 134, 136, 141, 143, 145, 146, 153, 155, 159, 160, 162, 163, 164, 171, 178, 180, 188, 189, 191, 194, 197, 202, 203, 209, 211, 213, 215, 220, 223, 226, 230, 233, 234, 237, 238, 240, 241, 242, 247, 250, 254, 258, 262, 267, 270, 276, 278, 279, 280, 281, 284, 286, 288, 290, 291, 292, 293, 295, 299, 300]
x_21: [3, 4, 7, 8, 10, 14, 18, 19, 134, 100, 204, 5, 279, 144, 181, 133, 278, 198, 207, 272, 271, 274, 239, 143, 46, 93, 246, 289, 202, 69, 107, 270, 265, 27, 163, 75, 113, 164, 210, 244, 258, 34, 68, 285, 211, 280, 200, 140, 23, 112, 156, 195, 154, 266, 12, 292, 137, 98, 275, 267, 84, 118, 108, 85, 145, 78, 51, 221, 90, 290, 240, 56, 208, 115, 33, 66, 174, 260, 253, 263, 189, 222, 299, 128, 227, 183, 194, 55, 177, 39, 215, 32, 236, 57, 120, 233, 180, 47, 172, 142, 269, 67, 293, 86, 160, 125, 251, 197, 15, 257, 131, 62, 147, 13, 44, 167, 264, 151, 42, 88, 234, 191, 205, 232, 242, 53, 43, 31, 138, 91, 276, 245, 173, 9, 176, 122, 116, 178, 30, 226, 102, 79, 92, 119, 203, 20, 217, 114, 132, 225, 97, 262, 219, 41, 83, 261, 89, 212, 247, 283, 193, 123, 184, 136, 11, 38, 135, 130, 252, 82, 248, 58, 35, 49, 282, 139, 196, 149, 22, 24, 25, 40, 61, 64, 70, 74, 76, 81, 87, 94, 96, 99, 104, 111, 121, 124, 146, 148, 153, 159, 161, 166, 170, 182, 188, 190, 209, 213, 218, 224, 229, 230, 235, 243, 254, 255, 281]
x_22: [3, 6, 9, 10, 12, 15, 18, 19, 288, 179, 219, 221, 224, 137, 96, 78, 28, 170, 181, 193, 35, 163, 295, 91, 75, 59, 273, 105, 245, 120, 184, 271, 83, 154, 88, 71, 205, 218, 251, 180, 39, 13, 189, 128, 80, 110, 203, 228, 262, 140, 174, 247, 175, 42, 29, 72, 285, 241, 47, 5, 34, 94, 143, 100, 236, 206, 278, 139, 136, 286, 197, 54, 238, 124, 37, 161, 69, 14, 194, 149, 177, 225, 300, 162, 201, 27, 299, 229, 50, 217, 208, 64, 290, 210, 90, 21, 74, 147, 265, 211, 86, 292, 151, 132, 277, 166, 233, 202, 296, 65, 258, 41, 134, 82, 138, 199, 141, 131, 62, 55, 240, 239, 122, 116, 56, 20, 297, 23, 130, 213, 76, 178, 26, 200, 115, 275, 294, 204, 263, 167, 272, 8, 153, 51, 231, 45, 1, 25, 144, 281, 157, 235, 61, 261, 257, 188, 49, 192, 109, 169, 73, 4, 118, 248, 66, 176, 226, 58, 24, 31, 33, 43, 44, 57, 60, 63, 67, 85, 89, 93, 95, 99, 103, 106, 111, 113, 114, 117, 121, 123, 125, 127, 129, 135, 145, 146, 155, 156, 172, 173, 196, 209, 215, 216, 220, 222, 223, 230, 242, 243, 244, 246, 249, 259, 260, 267, 269, 282, 283, 284, 287, 293, 298]
x_23: [2, 6, 8, 12, 13, 15, 18, 21, 22, 28, 271, 152, 264, 164, 102, 107, 118, 124, 193, 178, 132, 1, 252, 260, 72, 219, 248, 47, 265, 142, 52, 113, 56, 208, 73, 59, 226, 266, 111, 83, 140, 188, 168, 129, 291, 77, 16, 114, 247, 275, 9, 176, 90, 103, 133, 38, 189, 190, 98, 55, 3, 201, 174, 294, 169, 211, 207, 181, 39, 224, 115, 242, 145, 272, 88, 116, 225, 151, 217, 205, 35, 204, 79, 243, 202, 253, 51, 210, 85, 159, 286, 19, 153, 156, 244, 69, 171, 267, 165, 108, 143, 160, 258, 295, 255, 154, 136, 82, 149, 135, 172, 24, 27, 30, 33, 34, 40, 42, 44, 46, 53, 54, 58, 64, 68, 70, 75, 84, 87, 93, 94, 95, 97, 99, 101, 105, 106, 109, 112, 121, 127, 128, 131, 137, 144, 161, 162, 173, 175, 179, 182, 183, 192, 195, 198, 203, 206, 209, 220, 227, 235, 236, 237, 238, 245, 251, 256, 259, 262, 268, 269, 273, 274, 276, 277, 278, 279, 292, 293, 297, 300]
x_24: [3, 6, 10, 14, 15, 17, 19, 199, 227, 254, 87, 197, 21, 48, 299, 106, 163, 27, 268, 157, 213, 56, 166, 67, 177, 124, 182, 266, 223, 267, 43, 172, 228, 144, 108, 220, 149, 85, 23, 20, 255, 200, 278, 58, 195, 148, 224, 26, 118, 171, 215, 295, 250, 105, 297, 262, 46, 173, 208, 92, 121, 265, 249, 37, 203, 112, 131, 1, 145, 134, 44, 93, 130, 230, 52, 153, 28, 245, 90, 281, 107, 65, 22, 205, 283, 291, 258, 2, 196, 175, 50, 132, 83, 103, 38, 296, 194, 272, 12, 113, 271, 98, 82, 114, 47, 232, 277, 279, 129, 99, 260, 127, 150, 33, 34, 35, 36, 57, 61, 63, 64, 66, 69, 71, 73, 74, 75, 76, 77, 84, 97, 100, 104, 109, 111, 125, 146, 152, 154, 155, 161, 162, 167, 170, 183, 186, 187, 188, 189, 190, 206, 209, 212, 214, 217, 221, 222, 225, 226, 229, 235, 236, 238, 242, 243, 244, 246, 247, 248, 251, 257, 259, 269, 274, 275, 276, 284, 285, 287, 288, 290, 293, 300]
x_25: [3, 4, 8, 10, 14, 15, 16, 18, 19, 22, 76, 137, 186, 297, 142, 257, 113, 97, 275, 12, 54, 112, 87, 165, 84, 17, 199, 135, 132, 109, 134, 193, 79, 255, 224, 155, 188, 208, 183, 102, 147, 144, 136, 248, 298, 73, 200, 32, 37, 39, 253, 107, 233, 158, 21, 138, 173, 254, 221, 217, 249, 100, 222, 201, 149, 50, 42, 83, 292, 220, 196, 64, 27, 223, 103, 58, 118, 245, 197, 89, 69, 178, 166, 259, 226, 86, 194, 289, 95, 20, 258, 128, 68, 62, 141, 286, 7, 191, 110, 28, 160, 66, 35, 81, 215, 67, 38, 99, 214, 111, 202, 278, 251, 33, 256, 125, 105, 26, 30, 34, 40, 47, 55, 59, 61, 63, 70, 72, 77, 78, 91, 93, 94, 96, 101, 104, 106, 115, 120, 124, 130, 131, 133, 139, 156, 170, 176, 180, 182, 189, 190, 195, 198, 203, 206, 207, 209, 210, 212, 213, 216, 218, 225, 232, 235, 236, 241, 242, 246, 247, 265, 267, 274, 276, 279, 280, 283, 284, 290, 291, 296, 299, 300]
x_26: [6, 8, 9, 13, 14, 15, 16, 22, 24, 126, 97, 76, 281, 133, 34, 294, 191, 41, 183, 271, 143, 92, 291, 241, 222, 286, 295, 287, 114, 65, 284, 61, 223, 220, 189, 115, 228, 288, 201, 171, 94, 27, 25, 238, 83, 239, 192, 181, 80, 235, 103, 280, 245, 275, 145, 107, 66, 113, 55, 46, 117, 218, 263, 110, 154, 253, 32, 193, 105, 28, 159, 108, 7, 234, 167, 215, 125, 54, 87, 259, 37, 40, 43, 44, 45, 56, 57, 58, 59, 62, 64, 67, 69, 72, 75, 77, 78, 81, 85, 91, 93, 100, 106, 124, 128, 129, 130, 131, 132, 134, 135, 139, 142, 144, 146, 149, 153, 156, 160, 161, 162, 163, 169, 170, 172, 174, 175, 177, 180, 182, 190, 198, 200, 202, 203, 204, 209, 211, 213, 217, 219, 221, 224, 225, 226, 227, 229, 230, 231, 232, 233, 236, 242, 243, 251, 254, 257, 258, 260, 267, 274, 278, 292, 297, 298, 300]
x_27: [4, 8, 11, 12, 16, 17, 21, 22, 24, 25, 26, 84, 9, 264, 254, 249, 189, 282, 219, 15, 224, 200, 122, 266, 5, 287, 23, 103, 162, 19, 70, 225, 92, 232, 75, 74, 129, 259, 196, 48, 263, 64, 37, 197, 248, 188, 108, 20, 272, 210, 113, 247, 102, 87, 101, 174, 153, 245, 295, 260, 121, 110, 145, 292, 6, 46, 271, 234, 277, 42, 72, 279, 164, 184, 98, 205, 238, 44, 202, 146, 109, 300, 183, 192, 49, 229, 208, 158, 89, 154, 169, 171, 10, 94, 237, 167, 137, 270, 140, 34, 128, 7, 67, 212, 178, 139, 256, 198, 57, 157, 215, 118, 299, 291, 136, 3, 78, 244, 77, 180, 40, 127, 286, 80, 68, 206, 170, 100, 71, 60, 66, 18, 143, 181, 33, 222, 204, 159, 69, 201, 185, 230, 150, 96, 138, 160, 28, 31, 41, 2, 126, 199, 114, 142, 112, 83, 47, 45, 63, 285, 119, 105, 29, 30, 35, 36, 39, 50, 51, 53, 55, 58, 62, 76, 88, 91, 97, 106, 107, 115, 123, 125, 130, 131, 132, 141, 144, 155, 156, 172, 173, 182, 186, 194, 195, 203, 207, 209, 211, 213, 216, 218, 220, 223, 226, 235, 236, 242, 250, 262, 267, 269, 273, 275, 276, 280, 281, 288]
x_28: [6, 9, 10, 14, 15, 17, 18, 22, 23, 24, 25, 26, 27, 275, 230, 43, 221, 293, 183, 85, 93, 53, 182, 95, 253, 41, 234, 112, 33, 35, 129, 169, 201, 189, 298, 168, 265, 37, 98, 211, 178, 270, 255, 62, 5, 116, 156, 72, 99, 143, 261, 84, 297, 159, 30, 57, 137, 58, 286, 232, 292, 127, 240, 73, 185, 258, 150, 193, 46, 290, 224, 67, 120, 220, 250, 186, 273, 267, 32, 105, 122, 123, 213, 121, 1, 113, 262, 80, 281, 47, 13, 279, 118, 171, 71, 49, 131, 212, 235, 20, 162, 160, 154, 200, 158, 198, 248, 151, 300, 55, 218, 38, 107, 64, 126, 241, 109, 175, 110, 152, 147, 239, 294, 108, 237, 16, 155, 231, 203, 238, 114, 8, 138, 243, 181, 229, 199, 111, 216, 91, 192, 263, 82, 299, 244, 69, 11, 223, 177, 187, 139, 296, 146, 142, 228, 34, 167, 148, 266, 117, 164, 128, 81, 204, 70, 44, 195, 77, 145, 215, 284, 50, 222, 184, 163, 19, 157, 287, 135, 141, 87, 174, 285, 66, 68, 197, 36, 39, 42, 54, 61, 76, 79, 86, 89, 94, 96, 97, 100, 102, 103, 106, 124, 130, 132, 133, 140, 144, 153, 180, 188, 190, 194, 196, 206, 208, 226, 227, 236, 242, 247, 254, 259, 260, 268, 269, 271, 274, 276, 280, 288, 291]
x_29: [2, 6, 8, 10, 14, 15, 18, 22, 174, 242, 86, 150, 136, 279, 292, 12, 216, 277, 238, 13, 261, 200, 55, 64, 295, 9, 197, 46, 256, 110, 182, 300, 17, 210, 278, 164, 97, 5, 66, 129, 222, 264, 52, 214, 232, 283, 265, 152, 48, 27, 217, 79, 180, 102, 43, 234, 186, 57, 170, 105, 163, 82, 83, 42, 107, 151, 286, 299, 34, 252, 290, 237, 257, 228, 198, 187, 268, 269, 244, 90, 73, 1, 158, 91, 77, 69, 125, 235, 71, 44, 249, 260, 281, 202, 218, 259, 224, 241, 144, 245, 65, 194, 19, 141, 72, 226, 112, 80, 227, 32, 178, 116, 147, 251, 38, 16, 39, 45, 68, 221, 173, 143, 103, 60, 231, 171, 258, 53, 76, 209, 109, 104, 35, 168, 159, 33, 47, 50, 51, 56, 58, 75, 84, 87, 88, 92, 94, 96, 99, 111, 115, 121, 122, 124, 127, 131, 132, 133, 135, 153, 160, 162, 166, 167, 169, 175, 183, 188, 189, 190, 192, 201, 203, 213, 215, 220, 223, 229, 240, 243, 247, 248, 267, 270, 271, 274, 275, 276, 284, 289, 296]
x_30: [6, 7, 9, 11, 15, 18, 21, 28, 232, 27, 23, 148, 82, 13, 162, 76, 130, 55, 120, 132, 293, 254, 256, 99, 40, 68, 147, 16, 121, 81, 90, 125, 236, 56, 2, 101, 291, 188, 88, 139, 49, 42, 154, 119, 193, 153, 280, 70, 155, 72, 274, 62, 268, 52, 107, 226, 205, 51, 203, 245, 4, 151, 241, 189, 93, 108, 281, 103, 266, 116, 71, 222, 102, 187, 252, 117, 25, 126, 59, 186, 33, 34, 35, 38, 39, 44, 45, 46, 47, 48, 50, 58, 64, 67, 69, 75, 87, 89, 94, 96, 97, 100, 104, 105, 106, 109, 112, 113, 124, 133, 135, 136, 144, 146, 150, 165, 166, 167, 173, 174, 178, 180, 182, 184, 191, 192, 194, 201, 209, 210, 211, 215, 218, 221, 227, 233, 235, 238, 239, 243, 251, 257, 258, 260, 262, 265, 267, 275, 276, 279, 283, 286, 287, 288, 290, 299, 300]
x_31: [3, 6, 15, 17, 18, 19, 21, 27, 22, 109, 222, 170, 209, 231, 227, 236, 230, 191, 105, 133, 67, 266, 56, 213, 103, 168, 53, 115, 102, 197, 100, 156, 159, 192, 120, 128, 143, 157, 93, 59, 38, 40, 45, 46, 47, 51, 52, 54, 55, 57, 63, 69, 71, 72, 73, 74, 76, 82, 84, 91, 92, 94, 95, 99, 107, 110, 114, 123, 124, 125, 130, 131, 135, 138, 140, 148, 153, 154, 160, 161, 162, 178, 180, 182, 188, 189, 194, 198, 203, 205, 207, 208, 211, 218, 220, 221, 228, 235, 238, 243, 245, 251, 257, 259, 261, 262, 264, 265, 267, 271, 273, 274, 284, 286, 290, 292, 295, 298, 299]
x_32: [4, 6, 15, 17, 18, 19, 21, 25, 26, 28, 29, 179, 80, 290, 200, 252, 234, 58, 116, 33, 34, 38, 39, 40, 46, 47, 48, 50, 51, 54, 55, 61, 67, 69, 71, 74, 75, 77, 82, 84, 85, 87, 88, 91, 93, 96, 101, 102, 103, 104, 106, 113, 114, 117, 120, 124, 125, 128, 129, 132, 135, 139, 144, 147, 148, 159, 160, 166, 167, 169, 170, 172, 173, 174, 182, 184, 189, 191, 192, 196, 197, 198, 205, 209, 211, 212, 215, 217, 219, 220, 221, 222, 226, 227, 229, 232, 233, 235, 237, 241, 242, 243, 246, 247, 248, 254, 255, 259, 261, 265, 269, 270, 271, 276, 281, 283, 284, 286, 288, 296]
x_33: [1, 3, 4, 8, 14, 15, 16, 18, 20, 21, 25, 27, 28, 32, 43, 124, 88, 102, 219, 72, 194, 206, 181, 281, 234, 294, 182, 148, 191, 169, 192, 6, 59, 199, 155, 140, 30, 262, 246, 142, 252, 163, 220, 298, 288, 263, 113, 22, 132, 99, 162, 104, 58, 86, 216, 290, 130, 67, 48, 133, 123, 144, 293, 95, 233, 218, 9, 75, 157, 71, 73, 211, 19, 240, 260, 254, 266, 23, 55, 151, 212, 238, 56, 273, 135, 150, 167, 279, 29, 112, 50, 84, 267, 74, 41, 269, 188, 77, 236, 208, 168, 145, 256, 285, 40, 272, 70, 10, 46, 106, 187, 264, 76, 90, 68, 24, 39, 183, 160, 129, 185, 190, 159, 209, 205, 244, 225, 189, 78, 245, 296, 242, 253, 177, 229, 243, 120, 171, 36, 284, 289, 210, 156, 139, 114, 184, 42, 37, 54, 62, 69, 82, 87, 91, 93, 94, 96, 97, 100, 105, 109, 121, 125, 128, 131, 134, 137, 138, 141, 143, 152, 170, 174, 186, 196, 197, 202, 203, 204, 215, 217, 223, 226, 230, 231, 232, 239, 241, 247, 248, 251, 258, 274, 275, 276, 280, 286, 287, 291, 297, 300]
x_34: [3, 8, 12, 13, 14, 15, 17, 18, 21, 22, 26, 27, 28, 29, 202, 236, 24, 219, 130, 250, 272, 77, 165, 76, 106, 196, 63, 57, 74, 241, 267, 230, 270, 80, 253, 32, 97, 205, 172, 133, 149, 19, 224, 42, 110, 295, 164, 208, 150, 127, 154, 222, 180, 227, 167, 143, 62, 191, 148, 105, 56, 9, 151, 280, 144, 30, 54, 194, 228, 161, 4, 239, 121, 70, 249, 88, 145, 177, 113, 107, 233, 142, 238, 237, 187, 217, 35, 116, 197, 256, 170, 73, 104, 36, 138, 255, 240, 279, 59, 293, 68, 214, 48, 75, 50, 286, 112, 2, 287, 58, 52, 64, 299, 192, 203, 39, 212, 231, 226, 204, 69, 235, 245, 199, 55, 171, 136, 23, 49, 86, 168, 174, 83, 216, 225, 221, 282, 290, 206, 123, 259, 200, 66, 72, 292, 284, 122, 102, 16, 109, 251, 220, 1, 195, 137, 166, 263, 126, 132, 67, 291, 281, 189, 129, 47, 260, 193, 275, 25, 119, 53, 11, 40, 92, 244, 37, 44, 51, 61, 82, 84, 85, 87, 94, 95, 100, 103, 108, 111, 124, 125, 131, 135, 147, 153, 162, 163, 169, 173, 178, 182, 183, 201, 218, 232, 242, 243, 247, 248, 257, 258, 265, 271, 274, 276, 288]
x_35: [6, 8, 15, 16, 18, 19, 21, 22, 23, 25, 28, 29, 34, 39, 86, 143, 243, 187, 96, 120, 150, 228, 279, 284, 233, 145, 126, 156, 241, 77, 102, 101, 93, 157, 37, 132, 87, 201, 155, 204, 48, 183, 119, 2, 277, 85, 65, 198, 173, 176, 129, 74, 97, 110, 4, 30, 236, 146, 114, 269, 57, 40, 104, 92, 224, 81, 88, 226, 165, 27, 229, 258, 184, 147, 297, 66, 268, 125, 59, 232, 252, 118, 264, 163, 58, 78, 137, 215, 136, 10, 3, 190, 257, 95, 168, 82, 134, 127, 247, 256, 46, 103, 90, 180, 185, 100, 237, 194, 230, 178, 41, 49, 121, 160, 42, 63, 128, 285, 159, 64, 209, 109, 238, 70, 223, 38, 196, 79, 293, 262, 294, 246, 61, 56, 203, 171, 138, 167, 24, 207, 68, 105, 192, 289, 235, 69, 261, 80, 115, 175, 161, 213, 216, 263, 273, 199, 72, 202, 265, 75, 250, 130, 286, 5, 271, 13, 44, 45, 53, 55, 62, 67, 84, 89, 91, 106, 113, 123, 124, 131, 133, 135, 139, 142, 144, 148, 152, 153, 166, 174, 179, 186, 189, 197, 206, 208, 214, 221, 222, 227, 231, 239, 242, 245, 248, 260, 267, 274, 276, 278, 280, 287, 292, 300]
x_36: [3, 6, 8, 10, 15, 18, 19, 33, 34, 88, 133, 51, 209, 59, 245, 207, 28, 250, 42, 289, 41, 114, 173, 198, 176, 183, 129, 124, 210, 71, 206, 24, 127, 97, 291, 76, 174, 96, 56, 107, 216, 27, 263, 171, 275, 186, 179, 224, 117, 180, 195, 37, 116, 240, 66, 189, 48, 238, 264, 215, 194, 135, 38, 235, 77, 271, 217, 122, 239, 170, 226, 267, 75, 40, 52, 55, 57, 61, 62, 63, 67, 70, 72, 74, 78, 80, 82, 85, 87, 89, 91, 94, 95, 99, 105, 106, 108, 109, 111, 113, 120, 121, 123, 125, 130, 131, 132, 136, 142, 143, 144, 146, 147, 152, 153, 156, 160, 161, 166, 175, 178, 191, 192, 197, 200, 204, 205, 208, 218, 223, 227, 230, 233, 236, 243, 248, 253, 254, 261, 262, 270, 274, 278, 281, 283, 284, 293, 296, 298, 300]
x_37: [3, 4, 11, 16, 17, 18, 19, 22, 24, 25, 27, 28, 35, 36, 140, 187, 115, 290, 95, 228, 184, 189, 20, 94, 200, 273, 181, 178, 283, 293, 210, 155, 261, 134, 235, 43, 54, 286, 138, 159, 109, 219, 300, 103, 126, 143, 48, 214, 201, 260, 148, 150, 249, 212, 247, 63, 264, 292, 279, 42, 166, 227, 47, 99, 226, 68, 44, 242, 34, 26, 74, 254, 65, 224, 246, 151, 6, 129, 61, 274, 287, 188, 120, 277, 78, 12, 196, 171, 197, 285, 38, 231, 158, 168, 106, 248, 33, 195, 130, 113, 291, 296, 194, 7, 39, 125, 40, 52, 55, 59, 66, 75, 76, 77, 85, 87, 88, 89, 91, 93, 96, 100, 104, 105, 107, 114, 116, 121, 124, 127, 131, 133, 142, 144, 147, 152, 153, 154, 160, 161, 162, 167, 169, 173, 179, 180, 182, 190, 191, 206, 207, 209, 211, 213, 216, 218, 220, 222, 233, 236, 241, 243, 244, 245, 257, 259, 269, 278, 281]
x_38: [3, 6, 8, 11, 14, 15, 16, 19, 21, 23, 24, 25, 28, 29, 35, 36, 37, 270, 229, 284, 160, 259, 17, 74, 253, 249, 189, 77, 281, 60, 106, 138, 278, 255, 232, 76, 162, 205, 227, 140, 235, 190, 204, 295, 43, 12, 111, 282, 115, 127, 178, 222, 286, 50, 120, 170, 123, 103, 271, 84, 44, 262, 83, 32, 154, 129, 171, 179, 217, 191, 1, 298, 256, 68, 92, 196, 2, 94, 9, 136, 188, 112, 209, 97, 125, 215, 104, 213, 293, 195, 88, 300, 107, 52, 30, 150, 202, 185, 95, 87, 263, 46, 230, 148, 137, 180, 294, 118, 221, 144, 121, 251, 211, 272, 114, 277, 80, 64, 279, 214, 219, 49, 31, 201, 280, 109, 242, 192, 54, 193, 151, 261, 161, 91, 216, 98, 39, 117, 131, 132, 18, 177, 206, 238, 105, 147, 119, 78, 173, 152, 218, 155, 133, 233, 169, 20, 297, 108, 70, 181, 257, 7, 164, 198, 41, 42, 47, 51, 57, 59, 67, 82, 96, 122, 124, 135, 142, 146, 153, 157, 166, 167, 174, 175, 183, 184, 186, 187, 194, 197, 207, 208, 220, 228, 231, 237, 245, 246, 247, 254, 265, 267, 269, 274, 275, 290, 291]
x_39: [3, 6, 10, 14, 15, 21, 22, 23, 25, 29, 33, 34, 35, 37, 38, 262, 283, 47, 240, 109, 58, 71, 195, 198, 265, 126, 248, 279, 42, 83, 181, 290, 236, 70, 256, 197, 104, 97, 32, 175, 101, 246, 144, 92, 281, 255, 259, 271, 214, 80, 99, 158, 215, 95, 13, 193, 149, 76, 147, 88, 153, 261, 120, 230, 100, 27, 106, 168, 183, 203, 46, 81, 253, 79, 159, 93, 247, 237, 177, 178, 264, 277, 112, 69, 124, 213, 123, 132, 154, 274, 238, 172, 227, 9, 252, 250, 68, 218, 199, 96, 288, 194, 98, 205, 125, 186, 228, 41, 30, 266, 162, 28, 242, 18, 8, 245, 235, 220, 208, 91, 54, 146, 156, 118, 55, 254, 157, 57, 239, 72, 161, 160, 174, 19, 131, 258, 272, 115, 2, 234, 219, 130, 192, 176, 84, 280, 204, 223, 16, 286, 51, 56, 59, 62, 63, 64, 66, 75, 77, 87, 94, 105, 108, 110, 114, 121, 135, 137, 139, 141, 143, 145, 148, 152, 166, 169, 179, 180, 189, 191, 200, 201, 206, 207, 216, 221, 222, 224, 226, 231, 232, 243, 257, 260, 263, 268, 269, 273, 275, 278, 284, 285, 287, 291, 292, 294, 297]
x_40: [3, 8, 9, 10, 11, 12, 15, 19, 27, 30, 33, 34, 35, 293, 276, 68, 123, 23, 155, 212, 238, 132, 292, 179, 283, 171, 265, 188, 291, 18, 93, 219, 114, 255, 191, 130, 125, 133, 150, 263, 151, 245, 247, 84, 48, 272, 281, 102, 26, 298, 268, 174, 147, 285, 116, 87, 75, 222, 161, 103, 239, 95, 1, 104, 199, 186, 224, 97, 83, 17, 126, 32, 202, 58, 190, 192, 69, 195, 49, 163, 251, 2, 240, 121, 207, 288, 41, 193, 177, 264, 119, 204, 209, 220, 81, 170, 98, 73, 252, 4, 42, 197, 159, 136, 21, 66, 71, 108, 228, 210, 160, 94, 236, 13, 294, 92, 63, 213, 109, 37, 269, 277, 218, 138, 241, 287, 226, 297, 290, 176, 55, 154, 118, 122, 60, 106, 208, 250, 79, 184, 31, 128, 146, 89, 260, 45, 134, 267, 67, 279, 162, 76, 257, 274, 36, 185, 25, 233, 142, 183, 230, 178, 90, 91, 296, 203, 100, 115, 80, 44, 47, 52, 56, 64, 77, 86, 88, 105, 110, 111, 117, 120, 124, 127, 129, 131, 135, 144, 152, 153, 157, 169, 173, 180, 182, 194, 206, 214, 215, 217, 227, 232, 234, 235, 237, 242, 246, 248, 254, 261, 262, 275, 284, 299, 300]
x_41: [6, 8, 9, 15, 17, 21, 22, 26, 27, 28, 33, 35, 36, 39, 40, 277, 91, 257, 159, 50, 154, 46, 60, 293, 165, 276, 226, 295, 298, 148, 260, 225, 273, 237, 77, 156, 299, 139, 147, 18, 291, 203, 67, 251, 166, 135, 63, 296, 149, 224, 114, 125, 200, 300, 38, 206, 65, 130, 121, 174, 42, 43, 54, 57, 58, 59, 61, 62, 64, 72, 73, 78, 82, 84, 87, 94, 95, 96, 97, 99, 101, 102, 104, 110, 113, 115, 124, 127, 129, 131, 133, 136, 140, 142, 144, 145, 152, 157, 160, 161, 169, 173, 182, 183, 187, 192, 194, 201, 212, 217, 220, 229, 230, 231, 232, 239, 241, 243, 244, 245, 247, 248, 250, 254, 259, 262, 269, 275, 279, 280, 283, 286, 287, 288, 290, 292]
x_42: [3, 14, 21, 22, 25, 27, 29, 30, 33, 34, 35, 36, 37, 39, 40, 41, 196, 54, 68, 124, 249, 166, 237, 209, 262, 299, 240, 19, 223, 102, 202, 290, 293, 134, 66, 69, 194, 10, 28, 226, 2, 178, 264, 229, 168, 96, 108, 110, 103, 200, 170, 227, 143, 141, 83, 154, 45, 281, 271, 246, 279, 125, 49, 256, 62, 231, 259, 280, 86, 58, 167, 268, 298, 115, 267, 50, 118, 244, 129, 296, 155, 11, 171, 197, 221, 79, 257, 230, 132, 210, 277, 285, 63, 61, 137, 17, 48, 177, 201, 241, 81, 205, 204, 198, 232, 8, 276, 67, 38, 207, 55, 101, 208, 144, 12, 23, 250, 215, 47, 51, 57, 72, 74, 75, 76, 77, 82, 87, 88, 91, 93, 94, 95, 97, 99, 100, 104, 106, 107, 109, 120, 121, 128, 133, 135, 138, 139, 147, 152, 156, 159, 160, 161, 163, 173, 175, 180, 182, 183, 186, 189, 190, 191, 192, 206, 212, 213, 217, 218, 220, 222, 233, 234, 235, 236, 238, 242, 248, 255, 258, 265, 270, 274, 275, 278, 286, 288, 300]
x_43: [3, 4, 11, 14, 16, 19, 21, 24, 28, 29, 33, 37, 38, 91, 97, 259, 193, 146, 41, 281, 22, 212, 75, 240, 82, 153, 154, 300, 150, 17, 269, 168, 151, 250, 45, 84, 197, 253, 136, 230, 12, 216, 18, 152, 26, 178, 103, 176, 93, 126, 71, 47, 49, 80, 158, 162, 294, 243, 198, 296, 279, 195, 121, 270, 73, 282, 54, 214, 284, 115, 286, 5, 293, 288, 44, 52, 57, 58, 62, 64, 66, 67, 69, 74, 76, 77, 85, 87, 88, 96, 100, 101, 105, 106, 107, 108, 109, 111, 112, 116, 124, 127, 129, 133, 135, 139, 140, 144, 147, 159, 161, 164, 166, 173, 175, 180, 182, 184, 189, 192, 200, 201, 204, 205, 207, 208, 209, 210, 217, 218, 226, 235, 237, 238, 239, 241, 245, 254, 257, 258, 261, 262, 274, 275, 276, 278, 283, 287, 291, 292, 297, 298, 299]
x_44: [3, 4, 7, 9, 14, 17, 19, 20, 21, 24, 27, 28, 29, 37, 38, 210, 199, 286, 112, 68, 224, 91, 57, 291, 58, 153, 90, 181, 242, 255, 270, 83, 137, 123, 136, 261, 167, 126, 285, 113, 135, 30, 237, 183, 67, 128, 156, 22, 218, 229, 253, 89, 287, 194, 256, 161, 158, 143, 82, 184, 272, 189, 48, 220, 125, 187, 49, 34, 188, 274, 160, 23, 292, 182, 266, 198, 50, 2, 294, 92, 56, 111, 192, 35, 263, 71, 206, 95, 225, 264, 140, 246, 94, 78, 62, 69, 40, 203, 115, 148, 55, 26, 227, 99, 193, 77, 174, 191, 100, 5, 217, 85, 12, 257, 240, 120, 43, 72, 280, 185, 267, 268, 10, 293, 102, 231, 51, 211, 66, 249, 259, 118, 87, 281, 84, 221, 276, 138, 178, 104, 152, 45, 47, 52, 59, 61, 70, 74, 81, 93, 96, 97, 103, 107, 108, 121, 124, 127, 129, 130, 132, 133, 144, 162, 163, 165, 170, 172, 176, 177, 179, 197, 201, 202, 204, 207, 209, 215, 222, 223, 232, 234, 235, 238, 239, 243, 244, 245, 247, 258, 275, 278, 279, 284, 299]
x_45: [1, 8, 15, 16, 18, 22, 27, 29, 40, 42, 43, 53, 280, 169, 157, 285, 92, 65, 212, 163, 146, 12, 274, 127, 245, 26, 105, 205, 51, 226, 208, 253, 276, 283, 104, 230, 55, 99, 90, 132, 135, 4, 35, 198, 10, 98, 259, 171, 141, 290, 106, 287, 76, 232, 195, 262, 203, 206, 31, 149, 182, 120, 101, 236, 286, 241, 20, 281, 61, 165, 154, 220, 128, 81, 142, 137, 282, 300, 192, 185, 218, 260, 246, 115, 91, 265, 240, 30, 44, 252, 294, 184, 193, 277, 58, 7, 122, 251, 84, 202, 109, 177, 93, 289, 60, 52, 56, 59, 64, 68, 69, 74, 75, 77, 82, 85, 89, 95, 96, 108, 111, 112, 114, 124, 140, 144, 145, 152, 153, 155, 161, 164, 175, 179, 189, 190, 191, 194, 196, 197, 204, 207, 209, 214, 219, 223, 227, 233, 234, 235, 237, 270, 288, 292, 297, 299]
x_46: [3, 4, 8, 9, 10, 11, 15, 16, 17, 18, 21, 24, 26, 27, 28, 29, 33, 35, 38, 39, 41, 215, 148, 81, 75, 297, 69, 168, 281, 98, 63, 172, 253, 104, 160, 91, 170, 260, 99, 217, 57, 299, 291, 138, 92, 2, 258, 156, 196, 277, 198, 207, 163, 173, 70, 133, 226, 82, 237, 197, 241, 48, 227, 286, 96, 132, 159, 211, 151, 153, 103, 183, 67, 111, 54, 221, 135, 274, 122, 68, 289, 229, 129, 30, 126, 19, 182, 87, 93, 97, 23, 259, 265, 6, 210, 31, 278, 123, 268, 124, 56, 167, 219, 264, 157, 236, 175, 225, 256, 243, 84, 224, 32, 269, 169, 51, 58, 59, 60, 62, 66, 74, 76, 85, 88, 89, 102, 105, 106, 108, 109, 110, 113, 114, 117, 121, 128, 130, 141, 143, 144, 152, 155, 161, 162, 171, 174, 178, 186, 190, 192, 194, 200, 201, 206, 208, 209, 216, 218, 220, 230, 232, 239, 261, 267, 279, 283, 284, 288, 292, 293]
x_47: [3, 4, 6, 7, 8, 9, 18, 19, 21, 22, 23, 24, 27, 28, 34, 37, 39, 43, 292, 25, 16, 197, 79, 244, 101, 200, 279, 240, 92, 116, 264, 31, 85, 211, 233, 299, 1, 102, 291, 204, 38, 270, 206, 73, 205, 174, 107, 53, 163, 17, 40, 104, 180, 181, 219, 157, 223, 151, 259, 83, 87, 69, 224, 111, 114, 225, 50, 82, 282, 148, 265, 237, 96, 294, 201, 99, 149, 59, 61, 288, 248, 285, 183, 287, 29, 55, 238, 137, 30, 297, 168, 65, 160, 235, 273, 63, 42, 220, 221, 261, 44, 217, 295, 253, 256, 260, 213, 124, 276, 68, 32, 142, 227, 230, 90, 280, 155, 75, 48, 52, 66, 72, 74, 76, 77, 88, 89, 93, 94, 97, 100, 105, 106, 108, 109, 115, 121, 125, 127, 128, 130, 131, 133, 134, 135, 138, 144, 146, 153, 154, 156, 159, 162, 165, 167, 169, 172, 173, 178, 190, 195, 198, 202, 203, 215, 218, 226, 229, 234, 236, 239, 241, 242, 245, 246, 251, 254, 255, 263, 275, 281, 286, 290, 293]
x_48: [3, 6, 9, 13, 15, 17, 18, 24, 27, 29, 33, 34, 35, 36, 37, 40, 42, 44, 46, 272, 47, 86, 88, 209, 87, 110, 216, 130, 174, 79, 286, 119, 213, 169, 150, 30, 58, 116, 16, 219, 266, 90, 10, 276, 226, 217, 76, 187, 206, 289, 254, 144, 63, 258, 148, 151, 270, 32, 147, 190, 183, 59, 259, 231, 141, 283, 140, 179, 126, 251, 136, 118, 210, 195, 241, 84, 212, 235, 223, 114, 234, 263, 260, 203, 97, 103, 69, 20, 74, 180, 181, 49, 124, 164, 159, 50, 51, 54, 56, 66, 68, 81, 93, 96, 101, 105, 107, 108, 111, 113, 115, 121, 122, 127, 128, 129, 131, 132, 138, 146, 152, 156, 161, 163, 165, 166, 167, 170, 173, 178, 182, 189, 197, 201, 204, 208, 211, 214, 220, 222, 224, 229, 233, 237, 242, 243, 262, 265, 274, 278, 279, 281, 284, 288, 290, 293, 297, 300]
x_49: [1, 6, 7, 9, 10, 12, 16, 18, 19, 21, 22, 27, 28, 30, 34, 35, 38, 40, 42, 43, 44, 48, 131, 223, 233, 136, 175, 138, 218, 80, 50, 52, 55, 56, 58, 69, 70, 74, 76, 78, 82, 87, 88, 89, 91, 93, 94, 95, 96, 99, 102, 105, 109, 112, 114, 115, 117, 124, 125, 127, 129, 130, 132, 133, 135, 139, 144, 146, 153, 162, 166, 167, 170, 171, 174, 176, 178, 186, 191, 194, 196, 197, 202, 204, 205, 206, 207, 213, 216, 222, 225, 227, 230, 231, 235, 236, 237, 238, 239, 248, 253, 255, 257, 262, 263, 265, 267, 270, 271, 275, 276, 277, 278, 279, 280, 281, 283, 284, 286, 288, 290, 297]
x_50: [3, 6, 8, 15, 17, 18, 19, 22, 24, 25, 28, 33, 34, 38, 41, 42, 44, 47, 191, 198, 121, 280, 90, 114, 62, 99, 49, 119, 212, 176, 74, 7, 239, 111, 32, 52, 97, 181, 193, 293, 112, 164, 201, 150, 88, 159, 143, 299, 186, 117, 113, 194, 73, 185, 146, 270, 183, 27, 269, 30, 223, 174, 277, 124, 157, 266, 147, 265, 166, 86, 77, 275, 78, 155, 217, 135, 258, 188, 227, 230, 29, 233, 287, 211, 1, 296, 64, 153, 257, 93, 58, 123, 149, 53, 67, 251, 170, 281, 20, 61, 95, 255, 261, 48, 208, 294, 55, 56, 57, 60, 66, 68, 70, 75, 82, 85, 92, 96, 100, 102, 103, 105, 106, 108, 115, 120, 127, 130, 132, 136, 145, 148, 152, 160, 165, 173, 179, 180, 189, 195, 197, 203, 204, 205, 206, 207, 214, 216, 219, 220, 222, 229, 231, 234, 236, 237, 242, 243, 244, 247, 248, 259, 262, 267, 279, 284, 297, 298, 300]
x_51: [3, 6, 7, 8, 10, 12, 14, 15, 18, 19, 21, 22, 23, 30, 36, 44, 45, 235, 125, 119, 111, 67, 284, 298, 208, 68, 77, 81, 182, 29, 191, 16, 255, 232, 48, 230, 71, 196, 137, 31, 20, 269, 95, 114, 145, 270, 61, 295, 157, 55, 245, 131, 60, 285, 169, 117, 173, 226, 179, 290, 291, 34, 140, 293, 282, 280, 190, 151, 287, 88, 252, 283, 86, 186, 296, 259, 188, 220, 256, 242, 177, 210, 39, 118, 167, 106, 181, 214, 193, 27, 222, 143, 297, 192, 38, 53, 92, 199, 240, 82, 90, 215, 97, 257, 102, 94, 42, 46, 98, 132, 32, 205, 139, 216, 122, 64, 109, 107, 112, 211, 251, 170, 99, 187, 265, 236, 272, 286, 4, 101, 183, 184, 54, 57, 58, 62, 63, 66, 69, 76, 84, 85, 91, 96, 103, 104, 105, 113, 115, 121, 128, 129, 133, 135, 136, 144, 147, 152, 159, 160, 162, 166, 174, 176, 200, 201, 204, 207, 209, 212, 217, 218, 221, 223, 224, 227, 229, 233, 238, 243, 246, 248, 250, 254, 261, 267, 273, 278, 279, 281, 288]
x_52: [1, 3, 4, 6, 8, 10, 14, 17, 23, 24, 29, 30, 34, 38, 50, 126, 218, 167, 189, 226, 237, 57, 283, 19, 108, 176, 40, 221, 130, 125, 160, 49, 289, 76, 185, 265, 43, 157, 37, 227, 245, 84, 123, 294, 274, 16, 102, 168, 47, 299, 200, 211, 261, 194, 292, 225, 145, 264, 183, 98, 72, 276, 153, 278, 250, 180, 204, 95, 44, 253, 31, 202, 80, 298, 71, 94, 263, 36, 287, 99, 267, 201, 182, 213, 90, 209, 141, 120, 192, 5, 150, 148, 257, 138, 75, 106, 239, 20, 139, 59, 45, 54, 55, 56, 61, 64, 77, 82, 85, 87, 93, 97, 104, 105, 107, 111, 113, 114, 116, 121, 122, 124, 131, 133, 143, 144, 147, 156, 159, 162, 163, 170, 174, 175, 184, 186, 188, 195, 197, 198, 208, 215, 223, 229, 233, 234, 241, 247, 248, 251, 256, 258, 281, 284, 286, 288, 290, 293, 295, 297, 300]
x_53: [1, 3, 8, 9, 11, 12, 15, 17, 21, 28, 29, 31, 34, 45, 47, 50, 51, 35, 255, 70, 250, 237, 200, 116, 213, 87, 27, 149, 233, 23, 80, 258, 98, 107, 83, 110, 65, 10, 193, 208, 189, 185, 56, 57, 59, 62, 66, 69, 74, 77, 85, 86, 88, 91, 93, 95, 97, 99, 101, 104, 105, 106, 108, 109, 111, 115, 123, 129, 134, 135, 136, 140, 143, 152, 157, 159, 160, 161, 162, 166, 169, 175, 180, 183, 184, 194, 198, 202, 203, 204, 207, 216, 218, 223, 225, 227, 229, 231, 232, 235, 239, 241, 242, 247, 248, 251, 257, 260, 270, 274, 275, 276, 277, 278, 279, 281, 283, 284, 288, 291, 292, 293, 296]
x_54: [3, 7, 10, 14, 18, 22, 25, 26, 34, 37, 38, 39, 42, 43, 46, 78, 165, 166, 273, 174, 31, 233, 84, 48, 8, 250, 97, 200, 270, 211, 57, 135, 265, 224, 23, 236, 111, 283, 2, 151, 216, 33, 172, 177, 300, 206, 32, 138, 68, 105, 83, 229, 28, 291, 56, 17, 271, 87, 6, 281, 5, 73, 116, 262, 121, 223, 191, 171, 109, 126, 112, 85, 155, 41, 107, 67, 231, 133, 185, 127, 89, 123, 218, 274, 277, 143, 4, 286, 245, 214, 99, 58, 181, 257, 258, 297, 146, 152, 261, 259, 220, 160, 198, 169, 296, 76, 226, 284, 130, 213, 173, 52, 225, 63, 244, 179, 142, 62, 161, 196, 267, 230, 256, 176, 289, 64, 51, 125, 254, 55, 61, 66, 69, 70, 74, 77, 82, 93, 94, 96, 100, 102, 103, 104, 106, 108, 113, 115, 120, 124, 128, 131, 132, 136, 139, 140, 147, 153, 159, 163, 178, 186, 189, 195, 197, 201, 203, 208, 209, 215, 217, 234, 235, 237, 239, 243, 246, 247, 248, 260, 263, 275, 278, 280, 288, 293, 298]
x_55: [3, 6, 8, 10, 17, 18, 19, 21, 22, 23, 26, 28, 29, 30, 33, 34, 39, 40, 42, 44, 45, 47, 51, 173, 86, 32, 220, 170, 157, 284, 126, 182, 75, 37, 97, 91, 184, 224, 135, 108, 83, 208, 270, 95, 90, 123, 238, 74, 145, 289, 166, 164, 278, 294, 124, 100, 73, 67, 14, 27, 180, 230, 111, 81, 279, 36, 191, 172, 25, 266, 80, 247, 239, 214, 5, 9, 15, 190, 105, 231, 114, 153, 103, 287, 92, 99, 102, 273, 70, 291, 52, 161, 280, 256, 12, 245, 35, 7, 233, 178, 211, 64, 56, 237, 167, 198, 11, 259, 228, 1, 152, 144, 156, 31, 244, 77, 255, 125, 60, 199, 276, 269, 299, 158, 4, 272, 143, 187, 110, 232, 258, 139, 50, 203, 49, 254, 251, 58, 129, 94, 274, 250, 192, 132, 248, 89, 155, 268, 54, 200, 63, 130, 186, 267, 229, 223, 240, 242, 196, 243, 195, 197, 193, 171, 253, 221, 16, 260, 209, 62, 66, 69, 71, 78, 82, 84, 85, 87, 93, 107, 117, 121, 128, 131, 133, 134, 137, 138, 140, 146, 149, 159, 160, 162, 163, 174, 175, 179, 183, 188, 194, 201, 206, 213, 215, 216, 222, 235, 241, 261, 262, 263, 265, 275, 281, 283, 286, 297, 300]
x_56: [3, 6, 10, 14, 15, 21, 22, 23, 24, 30, 31, 33, 34, 35, 36, 44, 46, 54, 55, 105, 219, 163, 252, 220, 201, 16, 292, 271, 286, 53, 88, 208, 280, 80, 131, 111, 254, 71, 176, 281, 81, 253, 160, 20, 50, 138, 211, 129, 181, 151, 166, 130, 96, 269, 110, 277, 62, 104, 267, 299, 233, 285, 59, 287, 127, 91, 214, 216, 85, 169, 7, 165, 76, 189, 215, 168, 125, 247, 145, 139, 300, 266, 259, 291, 257, 115, 83, 290, 128, 72, 193, 87, 11, 49, 18, 288, 29, 256, 238, 13, 135, 146, 142, 196, 246, 61, 45, 194, 223, 101, 121, 270, 79, 149, 106, 52, 180, 114, 184, 82, 156, 171, 187, 40, 236, 240, 170, 150, 268, 262, 66, 222, 159, 95, 5, 112, 161, 118, 178, 26, 234, 103, 57, 237, 200, 107, 174, 122, 205, 239, 173, 227, 297, 244, 250, 148, 258, 119, 48, 155, 84, 231, 109, 137, 278, 4, 97, 8, 136, 284, 133, 283, 243, 203, 154, 263, 132, 207, 116, 209, 229, 39, 199, 1, 98, 58, 67, 68, 69, 70, 75, 78, 92, 94, 99, 123, 124, 134, 143, 152, 153, 162, 172, 182, 183, 191, 197, 204, 206, 213, 217, 226, 230, 235, 242, 245, 251, 261, 273, 279, 295, 296, 298]
x_57: [3, 6, 9, 10, 14, 18, 19, 21, 27, 28, 29, 34, 35, 39, 44, 46, 52, 54, 56, 98, 92, 162, 22, 259, 131, 106, 209, 270, 294, 24, 75, 8, 31, 284, 111, 90, 168, 72, 89, 207, 297, 1, 2, 298, 171, 260, 41, 247, 238, 38, 88, 139, 266, 212, 150, 299, 287, 300, 103, 93, 164, 51, 295, 156, 290, 58, 7, 144, 107, 121, 278, 102, 256, 163, 205, 191, 239, 130, 244, 11, 245, 127, 282, 65, 26, 203, 50, 119, 154, 190, 53, 142, 79, 276, 80, 211, 226, 16, 170, 223, 153, 250, 218, 87, 186, 124, 159, 272, 166, 188, 73, 108, 214, 42, 43, 233, 271, 292, 96, 184, 285, 94, 237, 187, 74, 122, 200, 97, 274, 78, 132, 84, 101, 252, 277, 177, 213, 114, 100, 254, 255, 138, 202, 64, 36, 178, 219, 210, 267, 126, 194, 99, 208, 165, 232, 201, 66, 221, 179, 192, 257, 189, 172, 109, 147, 61, 68, 69, 76, 83, 86, 104, 105, 113, 115, 123, 128, 129, 135, 152, 160, 161, 169, 173, 174, 175, 180, 204, 206, 217, 222, 224, 229, 235, 236, 241, 242, 243, 248, 251, 262, 265, 280, 288, 291, 293]
x_58: [3, 6, 8, 9, 12, 15, 17, 18, 19, 21, 22, 24, 25, 28, 32, 33, 34, 35, 39, 40, 42, 44, 45, 48, 50, 54, 55, 57, 287, 90, 217, 189, 191, 16, 86, 94, 184, 241, 229, 277, 99, 63, 165, 220, 114, 225, 159, 216, 142, 41, 285, 102, 232, 20, 273, 294, 115, 123, 256, 170, 105, 98, 154, 144, 49, 69, 190, 231, 169, 261, 156, 43, 238, 82, 290, 297, 108, 269, 150, 147, 51, 283, 130, 83, 91, 270, 155, 204, 119, 211, 88, 288, 278, 125, 112, 77, 148, 60, 157, 68, 208, 203, 29, 64, 27, 239, 120, 300, 116, 129, 214, 236, 289, 145, 263, 67, 79, 5, 266, 280, 281, 178, 247, 96, 167, 95, 109, 89, 253, 127, 65, 107, 264, 172, 235, 136, 23, 26, 62, 160, 132, 84, 174, 143, 166, 186, 110, 202, 7, 194, 179, 30, 209, 192, 206, 101, 46, 218, 207, 104, 244, 13, 72, 135, 198, 149, 240, 14, 56, 128, 10, 228, 295, 113, 66, 168, 212, 182, 117, 233, 59, 74, 76, 100, 103, 106, 111, 131, 133, 161, 163, 177, 180, 183, 195, 196, 200, 213, 215, 223, 237, 242, 245, 248, 250, 254, 257, 258, 260, 267, 275, 279, 286, 291, 293, 299]
x_59: [3, 9, 10, 14, 15, 19, 22, 23, 30, 31, 33, 34, 35, 36, 47, 48, 52, 56, 6, 261, 164, 97, 184, 294, 156, 192, 101, 180, 166, 284, 281, 138, 209, 46, 194, 98, 230, 296, 111, 167, 246, 225, 25, 154, 65, 262, 200, 37, 151, 298, 66, 165, 198, 244, 289, 75, 132, 113, 127, 292, 189, 275, 26, 155, 238, 259, 177, 77, 256, 17, 201, 224, 105, 218, 191, 221, 231, 197, 94, 263, 110, 96, 185, 93, 299, 182, 190, 73, 276, 82, 120, 282, 41, 104, 252, 20, 39, 220, 44, 245, 121, 102, 146, 86, 232, 58, 53, 130, 274, 157, 237, 116, 213, 38, 175, 239, 287, 115, 222, 142, 195, 45, 295, 205, 204, 61, 62, 72, 76, 81, 87, 88, 89, 92, 95, 103, 106, 107, 108, 109, 123, 124, 125, 131, 134, 135, 139, 143, 144, 145, 153, 160, 161, 162, 163, 172, 178, 202, 206, 211, 215, 219, 226, 227, 229, 233, 234, 240, 248, 250, 254, 265, 266, 267, 268, 269, 270, 271, 279, 280, 283, 291, 293, 300]
x_60: [3, 6, 7, 8, 9, 10, 15, 16, 18, 19, 27, 29, 38, 40, 41, 45, 51, 55, 58, 187, 181, 180, 203, 245, 250, 106, 111, 73, 294, 95, 176, 129, 160, 46, 108, 281, 130, 123, 50, 292, 154, 268, 214, 165, 297, 285, 183, 80, 269, 236, 259, 117, 161, 107, 284, 169, 66, 279, 71, 145, 209, 188, 22, 257, 61, 62, 63, 64, 74, 77, 82, 84, 85, 87, 88, 89, 91, 93, 94, 103, 104, 105, 109, 110, 114, 115, 118, 128, 131, 133, 135, 136, 140, 143, 144, 147, 150, 153, 163, 166, 170, 171, 172, 173, 184, 191, 192, 196, 198, 202, 205, 212, 215, 218, 222, 227, 233, 234, 235, 237, 238, 239, 242, 243, 244, 249, 252, 253, 258, 262, 263, 267, 270, 274, 276, 278, 280, 282, 286, 290, 291, 293, 299, 300]
x_61: [1, 5, 6, 8, 9, 10, 17, 18, 22, 26, 35, 37, 42, 45, 47, 50, 51, 56, 297, 234, 259, 152, 279, 205, 207, 170, 130, 250, 41, 11, 77, 162, 34, 185, 28, 32, 197, 165, 111, 72, 220, 120, 146, 175, 3, 116, 109, 136, 208, 154, 241, 239, 230, 233, 271, 219, 112, 188, 224, 88, 90, 290, 235, 283, 182, 267, 12, 57, 192, 21, 167, 266, 118, 171, 67, 125, 180, 121, 137, 126, 261, 201, 298, 19, 134, 144, 256, 60, 211, 177, 189, 275, 103, 196, 87, 291, 36, 288, 228, 145, 104, 169, 186, 129, 280, 66, 114, 82, 2, 64, 68, 287, 260, 174, 242, 238, 200, 75, 195, 69, 44, 78, 295, 52, 227, 7, 99, 269, 225, 59, 97, 13, 285, 54, 157, 214, 282, 89, 277, 91, 24, 289, 62, 25, 159, 86, 216, 293, 73, 262, 240, 252, 76, 131, 183, 246, 254, 4, 172, 96, 281, 222, 292, 161, 248, 153, 143, 257, 63, 80, 85, 94, 95, 105, 106, 108, 115, 123, 128, 132, 133, 135, 139, 166, 178, 184, 190, 203, 204, 209, 213, 215, 217, 223, 236, 237, 243, 245, 258, 270, 274, 278, 296]
x_62: [1, 5, 8, 10, 12, 14, 15, 18, 19, 21, 22, 25, 28, 30, 34, 42, 44, 50, 54, 56, 58, 61, 126, 268, 115, 176, 158, 142, 293, 164, 296, 195, 134, 125, 43, 254, 85, 191, 282, 295, 82, 277, 227, 245, 187, 163, 39, 275, 266, 111, 114, 75, 182, 265, 263, 280, 88, 99, 105, 106, 17, 291, 213, 97, 236, 211, 170, 162, 92, 65, 119, 215, 284, 250, 89, 261, 64, 299, 51, 9, 239, 46, 72, 7, 209, 143, 98, 177, 225, 251, 238, 253, 240, 294, 53, 173, 175, 33, 234, 199, 144, 202, 35, 155, 71, 133, 11, 76, 93, 96, 196, 127, 207, 150, 178, 271, 66, 204, 59, 186, 117, 109, 41, 292, 188, 198, 60, 112, 108, 113, 272, 237, 132, 248, 116, 201, 26, 120, 55, 214, 242, 140, 183, 145, 149, 287, 151, 249, 36, 95, 3, 165, 68, 259, 27, 101, 87, 78, 274, 73, 74, 77, 94, 100, 110, 121, 124, 131, 138, 146, 147, 152, 161, 172, 179, 189, 200, 205, 208, 210, 212, 217, 218, 220, 221, 226, 229, 235, 241, 247, 270, 273, 276, 278, 288, 290, 298]
x_63: [6, 8, 9, 10, 12, 14, 27, 34, 35, 37, 40, 41, 42, 46, 47, 48, 54, 55, 58, 128, 293, 147, 265, 217, 120, 290, 77, 194, 300, 65, 90, 198, 197, 258, 80, 60, 292, 271, 66, 278, 99, 86, 248, 119, 241, 166, 31, 255, 229, 74, 259, 275, 204, 201, 16, 85, 100, 137, 195, 143, 22, 19, 247, 222, 68, 223, 109, 1, 138, 122, 78, 105, 242, 294, 82, 257, 142, 191, 200, 193, 279, 152, 154, 61, 101, 243, 64, 184, 114, 5, 296, 24, 277, 79, 130, 246, 202, 70, 51, 185, 126, 144, 96, 230, 228, 203, 36, 220, 225, 39, 25, 98, 270, 165, 67, 69, 72, 75, 76, 84, 87, 88, 91, 92, 93, 95, 97, 104, 123, 124, 125, 131, 132, 133, 134, 135, 146, 150, 153, 156, 161, 162, 163, 167, 168, 169, 174, 178, 179, 182, 183, 189, 190, 209, 210, 211, 212, 215, 219, 221, 224, 234, 235, 238, 239, 245, 261, 262, 263, 267, 269, 274, 284, 288, 291, 295, 297, 299]
x_64: [4, 6, 8, 17, 18, 22, 25, 27, 28, 29, 34, 35, 38, 50, 51, 54, 55, 57, 58, 61, 62, 63, 297, 197, 146, 98, 216, 23, 168, 129, 194, 255, 151, 45, 167, 290, 73, 43, 30, 94, 252, 174, 217, 228, 250, 131, 104, 86, 221, 115, 188, 199, 241, 206, 118, 40, 136, 294, 110, 222, 281, 101, 19, 158, 2, 272, 14, 75, 231, 81, 26, 24, 123, 16, 232, 125, 218, 269, 282, 183, 223, 184, 5, 113, 246, 293, 207, 111, 144, 87, 189, 150, 299, 279, 286, 202, 291, 67, 84, 143, 185, 100, 39, 236, 79, 80, 72, 233, 89, 77, 161, 295, 121, 186, 130, 91, 154, 280, 90, 235, 7, 93, 41, 21, 173, 245, 139, 247, 285, 52, 261, 288, 128, 160, 283, 212, 12, 152, 296, 225, 76, 163, 112, 256, 3, 176, 264, 103, 270, 179, 108, 172, 82, 213, 227, 192, 156, 182, 60, 85, 142, 271, 135, 126, 239, 106, 162, 88, 159, 66, 69, 70, 97, 102, 105, 107, 109, 124, 134, 141, 178, 198, 200, 201, 204, 205, 209, 215, 220, 226, 229, 234, 237, 238, 243, 248, 254, 257, 262, 273, 274, 276, 278, 292]
x_65: [3, 4, 5, 7, 8, 9, 10, 14, 15, 18, 22, 24, 26, 29, 35, 37, 41, 45, 47, 53, 57, 58, 59, 62, 63, 272, 196, 69, 70, 72, 76, 77, 78, 80, 82, 85, 86, 87, 88, 89, 91, 93, 94, 95, 96, 99, 101, 102, 105, 106, 110, 113, 125, 129, 130, 132, 134, 136, 143, 145, 146, 148, 153, 155, 160, 163, 167, 172, 173, 175, 178, 180, 183, 186, 191, 192, 194, 197, 206, 207, 209, 213, 214, 215, 216, 217, 218, 220, 226, 227, 233, 234, 235, 236, 237, 239, 243, 245, 247, 253, 255, 257, 262, 263, 265, 267, 268, 269, 270, 276, 279, 280, 283, 284, 286, 290, 291, 296, 298]
x_66: [7, 8, 9, 14, 15, 18, 19, 21, 22, 25, 26, 27, 28, 29, 34, 35, 36, 40, 42, 44, 56, 57, 58, 59, 60, 61, 62, 63, 146, 182, 75, 293, 295, 46, 54, 93, 115, 185, 113, 190, 211, 213, 281, 130, 225, 200, 273, 177, 236, 294, 198, 37, 184, 298, 55, 180, 229, 145, 217, 148, 247, 222, 74, 97, 192, 205, 72, 266, 164, 17, 87, 270, 108, 249, 161, 241, 216, 89, 170, 125, 151, 13, 3, 162, 165, 50, 68, 136, 286, 206, 163, 90, 291, 160, 277, 284, 109, 71, 275, 233, 135, 172, 51, 183, 228, 174, 4, 98, 199, 121, 245, 223, 203, 226, 234, 224, 152, 150, 80, 48, 53, 272, 204, 92, 191, 94, 220, 268, 117, 267, 47, 235, 111, 189, 169, 73, 120, 6, 248, 85, 252, 104, 292, 134, 289, 133, 24, 154, 168, 39, 187, 239, 250, 186, 10, 101, 79, 209, 265, 139, 64, 116, 43, 243, 288, 264, 278, 181, 123, 83, 69, 76, 77, 78, 82, 91, 95, 96, 99, 102, 103, 105, 106, 118, 124, 127, 129, 131, 132, 140, 144, 153, 155, 156, 166, 167, 175, 179, 201, 202, 207, 212, 214, 230, 231, 237, 240, 251, 255, 257, 258, 259, 269, 279, 285, 290]
x_67: [2, 3, 6, 7, 8, 9, 11, 12, 14, 15, 18, 19, 21, 24, 25, 27, 28, 31, 33, 34, 40, 41, 42, 44, 46, 50, 51, 54, 55, 58, 61, 64, 111, 203, 149, 133, 171, 95, 146, 195, 105, 153, 183, 252, 132, 228, 109, 154, 196, 20, 286, 192, 199, 178, 116, 35, 118, 269, 285, 212, 164, 170, 280, 30, 143, 233, 193, 290, 200, 270, 121, 131, 112, 174, 279, 267, 97, 85, 266, 134, 218, 287, 17, 172, 84, 214, 243, 245, 43, 179, 222, 87, 278, 180, 56, 36, 26, 63, 69, 169, 72, 239, 194, 160, 234, 75, 191, 244, 281, 240, 207, 282, 182, 168, 250, 32, 128, 150, 22, 70, 108, 198, 165, 231, 189, 78, 210, 163, 125, 102, 238, 232, 225, 205, 148, 126, 140, 130, 300, 289, 38, 135, 276, 103, 213, 82, 298, 221, 114, 167, 223, 297, 263, 255, 122, 246, 90, 291, 292, 161, 177, 117, 197, 145, 206, 99, 106, 76, 77, 88, 91, 93, 100, 104, 120, 124, 129, 136, 137, 138, 139, 141, 144, 151, 152, 156, 166, 211, 215, 217, 220, 224, 226, 227, 229, 230, 235, 237, 242, 247, 251, 253, 254, 275, 299]
x_68: [8, 10, 17, 18, 19, 21, 25, 27, 28, 29, 30, 33, 34, 35, 37, 38, 39, 40, 42, 44, 46, 47, 51, 54, 58, 61, 62, 63, 66, 277, 100, 121, 159, 135, 119, 108, 298, 188, 102, 78, 79, 200, 234, 270, 244, 236, 73, 175, 107, 260, 77, 235, 23, 300, 162, 103, 45, 141, 12, 182, 266, 83, 168, 158, 243, 241, 133, 237, 153, 185, 271, 111, 213, 48, 149, 117, 210, 144, 57, 291, 106, 142, 220, 180, 5, 2, 245, 164, 191, 284, 50, 56, 212, 94, 171, 69, 72, 74, 76, 81, 82, 87, 88, 89, 95, 99, 104, 105, 109, 112, 114, 124, 128, 129, 130, 138, 146, 148, 150, 152, 160, 166, 173, 178, 179, 181, 183, 189, 190, 192, 194, 198, 201, 203, 206, 207, 208, 216, 218, 222, 223, 227, 231, 232, 238, 239, 248, 253, 255, 256, 257, 259, 261, 263, 275, 276, 281, 283, 290, 292, 295, 296, 299]
x_69: [3, 8, 9, 10, 12, 14, 16, 17, 18, 21, 22, 23, 25, 27, 28, 29, 34, 35, 39, 40, 42, 44, 46, 47, 48, 58, 61, 67, 167, 5, 234, 19, 267, 260, 207, 56, 217, 264, 51, 179, 197, 221, 53, 75, 154, 115, 195, 232, 280, 244, 212, 85, 64, 113, 63, 32, 245, 189, 87, 117, 249, 214, 240, 191, 297, 291, 143, 90, 108, 255, 114, 238, 176, 109, 92, 49, 224, 55, 98, 208, 225, 229, 281, 216, 54, 227, 6, 279, 222, 31, 175, 30, 228, 256, 135, 220, 250, 293, 300, 66, 165, 204, 123, 26, 128, 155, 190, 259, 107, 57, 140, 215, 156, 65, 144, 138, 121, 24, 172, 70, 298, 133, 33, 116, 153, 210, 86, 96, 149, 89, 73, 296, 203, 161, 13, 254, 186, 266, 74, 226, 124, 80, 131, 265, 252, 170, 276, 213, 102, 142, 205, 287, 45, 4, 110, 185, 43, 94, 251, 200, 118, 122, 239, 164, 68, 299, 103, 76, 134, 248, 192, 277, 286, 79, 82, 83, 88, 91, 93, 97, 100, 104, 105, 112, 125, 127, 129, 130, 136, 137, 139, 146, 147, 148, 152, 157, 159, 160, 166, 173, 177, 178, 182, 183, 184, 196, 199, 201, 206, 218, 230, 233, 235, 236, 243, 261, 262, 268, 269, 270, 273, 278, 288, 290, 292]
x_70: [3, 6, 9, 15, 16, 19, 27, 28, 30, 33, 34, 35, 38, 39, 46, 53, 55, 63, 67, 69, 181, 135, 282, 65, 262, 165, 36, 267, 254, 75, 125, 121, 111, 118, 169, 64, 166, 139, 74, 225, 179, 206, 23, 236, 261, 223, 18, 185, 154, 116, 25, 265, 101, 136, 107, 54, 250, 296, 50, 287, 104, 98, 180, 208, 109, 122, 94, 49, 128, 120, 2, 178, 192, 21, 89, 44, 242, 275, 150, 130, 239, 11, 117, 86, 263, 72, 212, 177, 294, 96, 230, 170, 56, 295, 197, 77, 78, 81, 84, 87, 88, 91, 93, 97, 103, 106, 114, 129, 137, 140, 142, 144, 146, 148, 152, 153, 155, 156, 160, 163, 173, 174, 182, 189, 195, 201, 203, 204, 207, 209, 210, 211, 213, 214, 217, 218, 219, 220, 222, 224, 226, 227, 233, 234, 240, 241, 245, 247, 251, 266, 271, 274, 278, 279, 284, 286, 288, 290, 292, 293, 297, 300]
x_71: [4, 6, 11, 17, 18, 19, 20, 22, 27, 28, 29, 30, 33, 36, 39, 40, 43, 44, 51, 52, 56, 60, 62, 66, 111, 231, 216, 222, 97, 31, 299, 203, 74, 119, 183, 187, 169, 157, 110, 173, 225, 99, 153, 248, 220, 190, 288, 145, 217, 223, 270, 142, 24, 200, 108, 107, 55, 161, 112, 160, 209, 289, 243, 32, 72, 76, 78, 84, 85, 88, 89, 96, 100, 103, 105, 120, 121, 123, 124, 128, 130, 131, 132, 139, 141, 146, 152, 163, 165, 166, 171, 172, 175, 177, 178, 182, 189, 194, 196, 198, 201, 202, 204, 206, 208, 211, 215, 221, 226, 227, 233, 236, 237, 238, 239, 241, 246, 258, 259, 260, 262, 269, 274, 275, 278, 281, 284, 286, 287, 290, 291, 292, 293, 297, 300]
x_72: [4, 8, 9, 10, 11, 19, 22, 23, 27, 28, 29, 30, 33, 34, 35, 39, 44, 52, 56, 57, 58, 61, 62, 64, 66, 67, 70, 59, 36, 189, 286, 181, 20, 65, 222, 91, 141, 211, 79, 1, 101, 289, 215, 219, 157, 169, 224, 81, 277, 135, 73, 25, 229, 265, 287, 134, 149, 92, 245, 124, 88, 158, 132, 31, 292, 93, 271, 183, 276, 184, 267, 76, 262, 14, 195, 240, 5, 259, 41, 47, 6, 95, 168, 264, 198, 151, 85, 127, 232, 99, 116, 258, 147, 107, 163, 251, 18, 279, 281, 63, 146, 194, 74, 87, 205, 68, 166, 270, 202, 248, 238, 159, 3, 140, 209, 244, 249, 26, 275, 123, 225, 122, 300, 214, 223, 283, 138, 220, 171, 204, 7, 295, 255, 71, 299, 175, 160, 15, 201, 212, 268, 197, 42, 75, 78, 89, 96, 102, 103, 104, 106, 109, 111, 120, 128, 129, 131, 139, 143, 144, 145, 152, 153, 172, 180, 182, 206, 207, 208, 210, 216, 221, 227, 239, 243, 247, 256, 257, 261, 273, 278, 284, 285, 288]
x_73: [3, 4, 10, 15, 16, 19, 22, 23, 25, 28, 29, 33, 34, 40, 43, 47, 50, 54, 55, 57, 59, 60, 61, 64, 66, 68, 69, 72, 283, 268, 24, 151, 165, 136, 41, 62, 5, 96, 137, 281, 267, 31, 288, 171, 84, 289, 105, 12, 129, 209, 213, 77, 80, 81, 89, 91, 92, 94, 97, 99, 100, 102, 106, 107, 108, 110, 111, 112, 120, 131, 143, 144, 147, 150, 153, 154, 159, 160, 161, 162, 169, 173, 174, 175, 178, 179, 182, 186, 189, 191, 192, 194, 198, 204, 206, 207, 208, 214, 215, 219, 223, 224, 226, 233, 235, 236, 237, 238, 239, 240, 242, 243, 245, 247, 248, 255, 257, 258, 259, 260, 261, 263, 265, 270, 271, 275, 276, 279, 284, 286, 291, 293, 296]
x_74: [9, 10, 11, 16, 17, 18, 22, 27, 33, 34, 35, 37, 38, 48, 50, 55, 57, 63, 66, 69, 70, 71, 72, 214, 107, 85, 255, 92, 45, 101, 289, 116, 258, 287, 108, 117, 226, 300, 264, 81, 244, 120, 257, 235, 42, 90, 185, 172, 237, 97, 297, 238, 53, 21, 24, 294, 189, 60, 152, 170, 191, 127, 58, 47, 176, 102, 44, 79, 188, 87, 124, 241, 233, 84, 245, 36, 242, 54, 269, 181, 213, 168, 179, 186, 261, 229, 155, 180, 121, 119, 177, 15, 299, 43, 292, 272, 243, 239, 46, 234, 215, 32, 197, 151, 20, 114, 203, 202, 253, 224, 154, 228, 109, 293, 138, 76, 4, 125, 250, 161, 162, 157, 89, 1, 263, 104, 260, 262, 31, 137, 49, 134, 171, 153, 143, 280, 99, 194, 282, 173, 62, 75, 78, 8, 209, 103, 68, 91, 218, 12, 140, 247, 83, 175, 278, 230, 142, 106, 82, 93, 95, 110, 123, 128, 130, 131, 132, 133, 135, 139, 144, 146, 159, 163, 165, 167, 174, 178, 182, 183, 187, 192, 196, 201, 207, 208, 217, 220, 221, 222, 223, 225, 227, 231, 236, 248, 256, 259, 265, 270, 274, 277, 284, 286, 290, 296, 298]
x_75: [3, 6, 8, 10, 14, 15, 17, 18, 21, 22, 27, 33, 34, 35, 36, 40, 43, 46, 47, 52, 55, 57, 59, 61, 62, 64, 66, 67, 69, 70, 74, 39, 209, 221, 285, 235, 89, 255, 293, 134, 56, 104, 155, 50, 192, 160, 178, 110, 164, 109, 231, 205, 197, 273, 103, 128, 224, 219, 181, 142, 185, 24, 195, 252, 294, 95, 42, 233, 126, 158, 214, 288, 297, 275, 112, 99, 9, 82, 153, 165, 13, 26, 32, 133, 260, 97, 278, 121, 172, 264, 296, 193, 148, 63, 111, 289, 277, 137, 101, 163, 180, 45, 298, 230, 157, 286, 122, 258, 199, 234, 90, 226, 276, 5, 156, 245, 248, 282, 232, 127, 37, 7, 30, 139, 166, 114, 2, 179, 143, 247, 237, 274, 83, 202, 107, 131, 225, 81, 256, 167, 87, 72, 136, 12, 207, 140, 279, 129, 23, 218, 11, 188, 91, 29, 189, 80, 113, 290, 177, 253, 261, 98, 138, 283, 211, 123, 191, 84, 96, 280, 287, 222, 159, 106, 145, 117, 201, 295, 173, 169, 76, 77, 79, 88, 100, 102, 105, 115, 124, 130, 132, 135, 147, 162, 171, 175, 190, 206, 212, 215, 223, 227, 238, 242, 243, 244, 249, 251, 254, 269, 270, 284, 292, 299, 300]
x_76: [3, 5, 6, 8, 9, 13, 14, 18, 19, 22, 25, 26, 29, 30, 33, 34, 36, 38, 39, 40, 45, 48, 52, 54, 56, 61, 62, 64, 69, 72, 74, 87, 268, 51, 234, 65, 79, 1, 197, 68, 285, 106, 57, 296, 252, 115, 277, 204, 179, 151, 47, 189, 49, 135, 143, 149, 283, 159, 94, 221, 251, 165, 193, 144, 281, 207, 107, 214, 180, 37, 274, 229, 156, 158, 203, 15, 146, 67, 58, 166, 122, 125, 265, 176, 24, 86, 299, 129, 272, 205, 31, 116, 154, 173, 264, 2, 212, 4, 71, 300, 145, 140, 27, 245, 256, 99, 191, 263, 253, 66, 292, 97, 121, 28, 46, 98, 184, 81, 100, 192, 118, 216, 164, 198, 232, 148, 206, 202, 200, 239, 157, 247, 249, 59, 168, 89, 163, 210, 294, 186, 111, 80, 250, 90, 248, 235, 63, 177, 219, 124, 237, 167, 255, 108, 258, 12, 153, 162, 218, 223, 21, 43, 271, 183, 244, 188, 93, 196, 42, 267, 133, 284, 17, 289, 75, 137, 113, 222, 112, 78, 82, 84, 85, 88, 91, 102, 103, 109, 114, 120, 128, 130, 131, 132, 136, 139, 142, 155, 169, 170, 190, 201, 209, 213, 215, 217, 220, 225, 226, 240, 242, 243, 246, 257, 259, 262, 269, 270, 275, 279, 280, 286, 288, 291, 293, 295]
x_77: [3, 8, 9, 10, 11, 14, 15, 16, 17, 18, 23, 27, 28, 29, 33, 34, 35, 36, 38, 41, 44, 50, 51, 55, 58, 59, 61, 63, 64, 68, 53, 111, 185, 280, 256, 281, 83, 161, 196, 119, 205, 220, 238, 203, 147, 65, 109, 167, 13, 278, 37, 163, 217, 249, 268, 60, 237, 125, 241, 149, 195, 180, 133, 107, 274, 32, 273, 287, 275, 24, 42, 91, 209, 43, 99, 75, 232, 5, 95, 101, 110, 84, 2, 186, 258, 120, 73, 86, 122, 210, 178, 192, 146, 157, 25, 242, 267, 45, 228, 1, 132, 52, 129, 191, 276, 175, 173, 78, 261, 284, 212, 47, 279, 143, 225, 26, 20, 103, 213, 156, 113, 270, 136, 263, 158, 231, 254, 140, 221, 127, 188, 88, 233, 4, 7, 194, 168, 264, 244, 296, 54, 141, 67, 155, 70, 66, 245, 116, 282, 259, 295, 112, 154, 189, 248, 271, 202, 292, 144, 139, 227, 193, 229, 153, 215, 200, 89, 98, 39, 239, 269, 294, 166, 199, 40, 12, 108, 208, 285, 262, 148, 130, 224, 272, 123, 62, 247, 165, 137, 201, 92, 172, 82, 85, 93, 96, 97, 102, 105, 106, 115, 135, 151, 152, 159, 160, 170, 171, 174, 190, 197, 198, 204, 211, 222, 226, 234, 235, 236, 240, 253, 265, 286, 291, 297]
x_78: [6, 15, 17, 18, 21, 22, 27, 33, 35, 37, 38, 44, 50, 54, 57, 61, 62, 63, 67, 68, 74, 77, 153, 117, 263, 56, 197, 231, 258, 189, 170, 138, 246, 111, 181, 207, 210, 277, 164, 244, 232, 236, 271, 55, 133, 71, 1, 228, 278, 3, 65, 14, 286, 25, 36, 235, 251, 199, 182, 215, 9, 101, 86, 16, 70, 41, 106, 103, 122, 5, 123, 66, 209, 269, 255, 102, 206, 266, 145, 114, 85, 185, 220, 140, 187, 49, 178, 91, 116, 120, 20, 141, 72, 163, 97, 100, 124, 11, 264, 273, 139, 7, 245, 205, 221, 208, 202, 300, 180, 248, 192, 240, 132, 76, 288, 83, 217, 204, 214, 293, 146, 259, 225, 26, 165, 93, 292, 172, 193, 125, 175, 298, 105, 126, 194, 2, 148, 291, 257, 80, 81, 84, 87, 89, 92, 94, 95, 96, 98, 99, 110, 113, 121, 127, 129, 135, 136, 143, 144, 149, 151, 152, 156, 159, 162, 167, 173, 174, 183, 191, 195, 196, 198, 203, 213, 223, 224, 227, 233, 237, 242, 247, 249, 250, 253, 260, 261, 262, 267, 270, 274, 276, 279, 280, 284]
x_79: [3, 10, 11, 15, 17, 19, 21, 23, 25, 29, 35, 39, 40, 42, 47, 48, 56, 57, 58, 63, 64, 66, 68, 72, 74, 76, 124, 208, 296, 95, 265, 288, 271, 102, 126, 123, 260, 176, 223, 166, 28, 225, 174, 170, 83, 116, 256, 4, 201, 146, 283, 8, 147, 75, 69, 207, 1, 220, 249, 84, 85, 88, 89, 91, 93, 94, 96, 103, 106, 109, 111, 114, 118, 120, 129, 130, 131, 134, 135, 137, 144, 149, 154, 156, 159, 169, 171, 173, 175, 179, 186, 187, 188, 189, 191, 192, 196, 197, 202, 203, 204, 206, 211, 215, 218, 222, 229, 230, 232, 233, 235, 236, 238, 239, 242, 243, 245, 246, 248, 251, 254, 268, 270, 274, 275, 276, 277, 278, 279, 286, 290, 291, 295]
x_80: [4, 6, 8, 10, 15, 17, 19, 22, 26, 27, 28, 29, 32, 34, 35, 38, 39, 40, 43, 49, 52, 53, 55, 56, 57, 60, 63, 64, 66, 69, 75, 76, 104, 61, 162, 253, 224, 36, 182, 107, 112, 215, 293, 210, 283, 258, 198, 216, 221, 235, 246, 124, 220, 127, 14, 165, 179, 117, 140, 214, 161, 86, 177, 121, 99, 65, 252, 81, 88, 73, 115, 274, 20, 196, 192, 174, 284, 190, 184, 241, 211, 238, 122, 265, 102, 78, 298, 116, 173, 233, 229, 240, 82, 84, 87, 89, 96, 100, 101, 105, 106, 109, 110, 123, 128, 129, 130, 133, 134, 138, 139, 141, 142, 143, 146, 147, 151, 152, 153, 159, 160, 163, 166, 167, 170, 172, 189, 191, 194, 197, 201, 203, 206, 208, 209, 213, 217, 222, 223, 227, 230, 232, 234, 244, 247, 248, 254, 257, 259, 261, 270, 273, 278, 279, 280, 281, 286, 288, 290, 291, 296, 297, 299]
x_81: [3, 4, 8, 25, 28, 30, 35, 39, 40, 42, 45, 46, 51, 55, 56, 64, 72, 74, 75, 76, 80, 2, 234, 207, 256, 104, 290, 232, 293, 88, 238, 154, 26, 194, 145, 89, 225, 157, 156, 10, 246, 243, 151, 185, 275, 248, 162, 48, 247, 288, 90, 235, 219, 99, 169, 144, 70, 135, 197, 173, 5, 44, 227, 277, 178, 249, 146, 200, 59, 1, 12, 73, 16, 82, 21, 252, 224, 300, 211, 163, 204, 259, 111, 78, 297, 13, 216, 175, 206, 119, 121, 109, 68, 250, 98, 20, 94, 91, 222, 160, 106, 100, 84, 85, 87, 92, 93, 95, 97, 102, 103, 105, 113, 115, 124, 128, 129, 130, 131, 132, 134, 137, 141, 147, 148, 152, 159, 167, 183, 189, 191, 192, 196, 201, 203, 209, 212, 214, 215, 217, 218, 220, 221, 223, 226, 229, 237, 242, 245, 254, 257, 261, 265, 267, 269, 274, 276, 278, 283, 284, 286, 287, 291, 292, 295, 298]
x_82: [3, 4, 6, 10, 11, 18, 19, 21, 22, 23, 24, 28, 29, 30, 35, 43, 44, 46, 47, 51, 56, 58, 59, 61, 62, 63, 64, 67, 75, 81, 265, 158, 118, 49, 169, 5, 254, 216, 108, 117, 240, 83, 279, 233, 183, 50, 123, 149, 218, 221, 230, 208, 223, 270, 130, 199, 187, 156, 220, 247, 296, 55, 170, 86, 80, 268, 93, 45, 231, 255, 209, 52, 276, 245, 198, 284, 193, 186, 159, 154, 243, 239, 155, 135, 244, 126, 112, 286, 281, 242, 38, 172, 146, 33, 189, 104, 252, 34, 41, 232, 197, 238, 148, 184, 246, 224, 13, 142, 54, 107, 134, 295, 9, 263, 277, 257, 237, 69, 96, 98, 203, 290, 36, 66, 177, 17, 91, 267, 288, 261, 222, 214, 77, 294, 121, 1, 150, 292, 31, 89, 206, 228, 74, 102, 65, 132, 152, 14, 297, 162, 269, 168, 236, 90, 195, 111, 291, 76, 250, 188, 200, 211, 60, 109, 133, 15, 161, 215, 179, 298, 131, 42, 145, 251, 300, 235, 119, 68, 274, 32, 256, 125, 16, 167, 122, 185, 191, 129, 173, 85, 87, 94, 97, 99, 105, 106, 114, 115, 127, 136, 137, 143, 151, 153, 163, 165, 174, 180, 182, 192, 207, 212, 213, 248, 259, 260, 262, 278, 285, 299]
x_83: [3, 6, 10, 14, 15, 17, 18, 19, 21, 22, 23, 24, 25, 26, 27, 29, 34, 38, 39, 40, 42, 44, 47, 53, 54, 55, 56, 58, 66, 68, 74, 75, 77, 78, 79, 82, 57, 287, 118, 84, 296, 202, 8, 112, 184, 126, 265, 102, 283, 111, 262, 251, 212, 286, 13, 191, 217, 69, 254, 221, 165, 85, 88, 89, 92, 93, 99, 100, 103, 106, 107, 110, 114, 117, 120, 124, 129, 130, 132, 133, 138, 140, 141, 142, 153, 156, 159, 160, 162, 163, 174, 175, 178, 180, 182, 183, 188, 189, 192, 197, 199, 201, 203, 204, 206, 208, 211, 213, 214, 215, 220, 222, 223, 229, 230, 235, 237, 238, 243, 246, 247, 248, 259, 263, 268, 269, 274, 278, 284, 290, 295, 299, 300]
x_84: [2, 6, 8, 14, 15, 16, 17, 21, 25, 27, 28, 33, 38, 39, 40, 43, 44, 45, 46, 48, 52, 54, 56, 57, 58, 64, 67, 73, 74, 75, 77, 83, 277, 221, 131, 240, 188, 7, 145, 164, 79, 204, 173, 279, 256, 170, 268, 193, 276, 260, 234, 253, 128, 176, 60, 102, 116, 192, 141, 80, 29, 210, 160, 150, 144, 214, 41, 270, 11, 151, 31, 108, 139, 23, 241, 101, 117, 238, 235, 103, 295, 246, 177, 266, 24, 63, 115, 143, 122, 286, 233, 81, 76, 5, 228, 70, 206, 157, 203, 153, 191, 123, 3, 136, 293, 229, 264, 86, 100, 20, 273, 262, 296, 129, 194, 119, 185, 51, 132, 245, 215, 184, 239, 137, 121, 271, 190, 93, 87, 88, 106, 219, 55, 168, 196, 90, 217, 195, 198, 35, 288, 201, 272, 91, 34, 230, 99, 140, 280, 175, 172, 78, 113, 32, 71, 89, 282, 149, 104, 252, 258, 223, 180, 120, 147, 248, 85, 96, 107, 111, 118, 124, 125, 133, 135, 152, 161, 163, 165, 167, 178, 182, 183, 189, 200, 207, 209, 213, 218, 220, 224, 227, 237, 242, 243, 247, 254, 265, 267, 269, 278, 285, 287, 290, 297, 298]
x_85: [4, 5, 6, 14, 16, 17, 18, 19, 21, 23, 24, 28, 35, 44, 47, 54, 56, 62, 63, 64, 66, 67, 69, 72, 74, 78, 204, 193, 272, 195, 279, 270, 187, 144, 149, 277, 230, 97, 104, 296, 147, 92, 241, 298, 141, 152, 185, 153, 145, 266, 268, 295, 34, 76, 163, 157, 170, 114, 265, 282, 96, 46, 55, 274, 283, 292, 232, 84, 216, 90, 106, 159, 111, 173, 238, 240, 180, 138, 81, 169, 100, 162, 136, 202, 174, 293, 269, 198, 107, 300, 222, 186, 177, 259, 61, 194, 130, 236, 77, 255, 166, 237, 122, 210, 225, 276, 83, 203, 52, 79, 117, 178, 11, 239, 228, 271, 288, 197, 286, 246, 150, 43, 206, 94, 71, 125, 10, 135, 161, 45, 1, 156, 167, 192, 113, 118, 151, 168, 50, 148, 250, 36, 244, 253, 37, 264, 290, 205, 22, 26, 86, 281, 260, 128, 257, 32, 182, 116, 119, 155, 217, 65, 60, 261, 124, 251, 267, 299, 213, 171, 190, 82, 215, 51, 226, 224, 139, 181, 179, 95, 53, 9, 278, 234, 287, 258, 112, 172, 88, 89, 91, 99, 101, 103, 108, 110, 123, 127, 129, 133, 134, 143, 154, 160, 175, 176, 183, 207, 208, 211, 212, 214, 218, 220, 221, 223, 229, 233, 243, 247, 248, 262, 263, 273, 280, 284, 291]
x_86: [3, 8, 10, 12, 15, 17, 19, 21, 22, 25, 29, 33, 34, 35, 42, 48, 50, 51, 55, 58, 59, 61, 63, 64, 69, 70, 76, 77, 78, 80, 82, 84, 85, 222, 57, 113, 53, 162, 65, 198, 247, 143, 40, 152, 92, 267, 28, 102, 177, 297, 224, 284, 274, 234, 118, 91, 94, 95, 97, 99, 103, 105, 108, 109, 111, 114, 116, 121, 124, 126, 130, 131, 133, 137, 140, 144, 145, 146, 153, 156, 157, 159, 160, 161, 163, 167, 170, 173, 178, 184, 186, 190, 192, 197, 202, 203, 204, 206, 211, 214, 215, 217, 223, 227, 235, 236, 238, 239, 242, 243, 248, 251, 254, 259, 262, 265, 275, 276, 278, 279, 283, 286, 292, 293, 300]
x_87: [2, 3, 5, 6, 15, 17, 18, 24, 25, 26, 27, 28, 35, 38, 40, 44, 46, 47, 48, 53, 54, 56, 57, 61, 62, 64, 66, 67, 69, 72, 74, 75, 76, 84, 33, 160, 135, 41, 118, 232, 179, 147, 294, 154, 138, 298, 248, 267, 144, 43, 178, 164, 202, 7, 92, 201, 230, 174, 113, 117, 296, 23, 171, 60, 223, 165, 30, 132, 268, 59, 100, 80, 20, 207, 129, 216, 82, 288, 137, 293, 10, 266, 183, 186, 94, 200, 133, 143, 166, 240, 108, 181, 241, 191, 145, 68, 214, 52, 36, 257, 295, 103, 140, 261, 142, 262, 225, 102, 242, 70, 281, 123, 175, 34, 259, 215, 110, 236, 173, 245, 128, 125, 238, 159, 120, 197, 32, 156, 282, 199, 55, 211, 1, 265, 149, 280, 9, 106, 193, 222, 188, 14, 49, 161, 104, 105, 81, 231, 224, 217, 219, 11, 258, 163, 168, 91, 21, 283, 107, 63, 95, 37, 239, 274, 277, 150, 233, 65, 99, 263, 162, 42, 121, 209, 249, 167, 244, 254, 279, 252, 192, 206, 131, 203, 141, 297, 185, 39, 13, 169, 158, 195, 250, 300, 111, 101, 29, 153, 16, 78, 130, 127, 275, 157, 114, 88, 89, 93, 97, 115, 116, 134, 136, 146, 148, 170, 182, 189, 190, 208, 210, 220, 227, 237, 243, 246, 247, 271, 276, 284, 285, 287, 290, 291, 292]
x_88: [2, 3, 4, 6, 14, 15, 17, 19, 21, 22, 23, 30, 33, 34, 35, 36, 38, 39, 48, 50, 51, 56, 57, 58, 61, 62, 64, 72, 77, 80, 81, 84, 70, 225, 200, 53, 63, 13, 10, 270, 154, 40, 131, 236, 175, 294, 138, 248, 268, 163, 281, 37, 117, 249, 244, 109, 198, 293, 242, 189, 258, 190, 129, 274, 98, 139, 94, 275, 257, 103, 152, 5, 144, 120, 194, 222, 123, 186, 104, 232, 157, 291, 76, 287, 228, 201, 239, 214, 59, 260, 223, 178, 204, 300, 68, 118, 278, 155, 273, 46, 12, 295, 276, 193, 251, 47, 71, 172, 173, 69, 263, 298, 119, 67, 143, 221, 127, 177, 279, 167, 87, 226, 243, 111, 218, 145, 210, 211, 60, 187, 284, 32, 140, 246, 219, 97, 114, 90, 110, 91, 264, 245, 203, 217, 233, 206, 7, 169, 181, 96, 42, 29, 65, 149, 83, 108, 171, 272, 183, 75, 162, 234, 266, 196, 179, 113, 262, 92, 151, 121, 85, 180, 147, 79, 27, 49, 292, 43, 146, 142, 254, 170, 215, 229, 89, 93, 95, 100, 102, 105, 106, 115, 124, 125, 128, 133, 159, 166, 182, 184, 195, 202, 207, 216, 220, 224, 227, 230, 235, 240, 250, 265, 267, 269, 271, 280, 286, 296, 297, 299]
x_89: [1, 3, 4, 5, 6, 8, 9, 10, 12, 14, 16, 17, 18, 20, 21, 25, 27, 40, 44, 54, 55, 57, 58, 61, 62, 64, 66, 69, 70, 74, 75, 76, 77, 81, 82, 84, 218, 71, 271, 151, 60, 216, 248, 207, 251, 35, 294, 214, 231, 157, 122, 283, 138, 15, 140, 150, 236, 148, 228, 219, 154, 105, 85, 202, 296, 78, 199, 126, 189, 83, 281, 213, 232, 191, 65, 278, 246, 139, 285, 230, 220, 175, 73, 190, 258, 147, 166, 194, 116, 153, 176, 96, 198, 91, 99, 244, 36, 45, 187, 245, 293, 161, 282, 94, 111, 193, 254, 37, 276, 255, 173, 165, 46, 181, 59, 143, 266, 208, 156, 163, 270, 290, 108, 243, 49, 30, 129, 257, 256, 268, 300, 87, 277, 225, 28, 237, 72, 279, 88, 47, 159, 130, 226, 238, 167, 80, 131, 119, 178, 22, 158, 146, 174, 252, 117, 110, 133, 180, 79, 120, 250, 68, 185, 265, 152, 262, 95, 97, 103, 109, 115, 121, 125, 127, 132, 141, 142, 144, 160, 162, 172, 182, 186, 192, 201, 203, 204, 206, 209, 210, 211, 223, 234, 260, 261, 267, 269, 286, 287, 291, 292, 299]
x_90: [6, 9, 10, 11, 17, 18, 21, 22, 23, 24, 29, 30, 33, 35, 40, 44, 45, 47, 48, 50, 51, 52, 55, 57, 58, 61, 63, 64, 66, 67, 69, 74, 75, 76, 81, 82, 84, 85, 88, 218, 175, 167, 226, 146, 144, 147, 264, 154, 257, 93, 94, 95, 97, 99, 100, 102, 104, 105, 108, 109, 121, 124, 128, 129, 131, 133, 135, 137, 138, 143, 149, 153, 163, 172, 174, 179, 180, 182, 189, 190, 191, 194, 196, 201, 203, 204, 207, 211, 213, 214, 215, 216, 217, 222, 223, 227, 229, 230, 233, 234, 236, 237, 238, 239, 240, 242, 245, 246, 247, 251, 255, 261, 262, 267, 269, 271, 278, 280, 286, 287, 291, 293, 297]
x_91: [2, 4, 6, 9, 13, 15, 21, 22, 28, 29, 38, 39, 40, 41, 43, 44, 45, 46, 55, 56, 58, 61, 64, 72, 74, 75, 77, 78, 81, 82, 84, 87, 88, 89, 174, 254, 259, 85, 183, 76, 232, 269, 66, 33, 135, 69, 63, 130, 1, 298, 26, 281, 279, 31, 108, 287, 127, 137, 194, 172, 122, 223, 290, 235, 249, 157, 51, 166, 272, 49, 208, 161, 186, 35, 65, 37, 192, 14, 92, 136, 36, 211, 70, 241, 124, 96, 203, 193, 105, 175, 280, 265, 3, 102, 284, 154, 67, 111, 258, 278, 195, 229, 207, 204, 260, 237, 79, 283, 112, 167, 138, 25, 162, 264, 32, 261, 291, 253, 121, 106, 94, 221, 294, 140, 143, 53, 296, 95, 277, 209, 150, 255, 125, 132, 116, 176, 178, 101, 220, 93, 247, 12, 224, 133, 104, 227, 295, 158, 217, 98, 42, 86, 185, 115, 226, 262, 293, 20, 267, 60, 263, 214, 225, 292, 268, 216, 289, 129, 199, 191, 275, 246, 243, 201, 141, 236, 73, 190, 120, 145, 8, 27, 231, 160, 276, 97, 99, 100, 103, 109, 131, 148, 153, 163, 165, 189, 196, 202, 205, 213, 218, 238, 239, 242, 248, 257, 274, 282, 297, 299]
x_92: [3, 4, 6, 8, 10, 11, 15, 17, 19, 21, 24, 26, 27, 34, 35, 38, 39, 40, 44, 45, 46, 47, 51, 55, 57, 62, 66, 69, 72, 74, 77, 85, 86, 87, 88, 91, 269, 59, 56, 78, 268, 255, 292, 178, 73, 9, 260, 168, 297, 96, 81, 63, 133, 173, 181, 117, 50, 1, 245, 134, 29, 274, 277, 142, 162, 148, 175, 185, 83, 149, 194, 203, 101, 226, 12, 239, 159, 282, 207, 141, 135, 106, 238, 230, 119, 219, 152, 144, 31, 109, 220, 140, 124, 228, 180, 169, 209, 150, 93, 94, 95, 99, 102, 103, 104, 105, 108, 111, 115, 127, 128, 129, 130, 131, 136, 143, 147, 153, 155, 156, 161, 163, 166, 172, 174, 179, 182, 191, 200, 212, 213, 214, 215, 222, 223, 227, 233, 234, 235, 240, 242, 243, 247, 257, 259, 262, 263, 265, 267, 271, 279, 281, 290, 293, 300]
x_93: [3, 9, 14, 16, 17, 21, 24, 28, 30, 31, 35, 39, 40, 43, 45, 46, 50, 57, 59, 62, 64, 66, 72, 76, 78, 82, 84, 91, 1, 138, 96, 142, 4, 37, 74, 83, 242, 299, 54, 155, 141, 204, 167, 47, 60, 79, 186, 52, 127, 281, 162, 19, 110, 115, 179, 33, 65, 260, 122, 102, 245, 133, 203, 183, 271, 176, 289, 106, 99, 136, 268, 92, 63, 12, 207, 150, 137, 120, 151, 164, 246, 81, 216, 234, 228, 67, 180, 23, 26, 77, 291, 197, 42, 171, 187, 44, 25, 139, 69, 275, 250, 134, 118, 226, 219, 276, 48, 128, 131, 288, 193, 126, 11, 209, 213, 174, 53, 2, 200, 185, 101, 210, 258, 241, 70, 49, 279, 188, 10, 95, 32, 290, 286, 87, 278, 22, 262, 159, 98, 202, 55, 265, 266, 217, 189, 5, 195, 298, 252, 165, 104, 157, 225, 237, 88, 295, 121, 175, 243, 196, 224, 117, 240, 114, 236, 287, 274, 190, 8, 90, 296, 116, 267, 152, 15, 107, 191, 255, 177, 269, 215, 13, 94, 97, 100, 103, 105, 111, 124, 135, 143, 144, 145, 146, 147, 148, 153, 154, 156, 160, 172, 173, 178, 182, 199, 201, 206, 211, 218, 220, 222, 223, 227, 233, 235, 247, 248, 259, 273, 292, 297, 300]
x_94: [3, 10, 14, 15, 17, 18, 22, 26, 27, 37, 38, 40, 44, 51, 52, 55, 57, 58, 59, 64, 66, 68, 69, 70, 76, 81, 85, 87, 88, 89, 91, 223, 60, 106, 36, 131, 49, 297, 90, 25, 114, 291, 54, 288, 99, 147, 289, 220, 134, 205, 161, 2, 189, 203, 61, 127, 96, 144, 153, 269, 263, 190, 233, 234, 180, 242, 118, 132, 92, 253, 11, 207, 78, 280, 173, 86, 1, 262, 211, 42, 30, 65, 56, 273, 212, 28, 135, 95, 164, 259, 246, 79, 29, 39, 188, 149, 151, 232, 112, 34, 248, 141, 146, 299, 21, 264, 154, 8, 294, 204, 224, 177, 230, 198, 199, 103, 231, 136, 133, 293, 101, 195, 238, 120, 276, 119, 130, 23, 6, 252, 62, 73, 260, 155, 4, 267, 5, 111, 183, 219, 261, 109, 41, 229, 225, 265, 19, 250, 243, 157, 9, 187, 116, 47, 196, 186, 139, 239, 200, 162, 122, 82, 290, 169, 33, 110, 31, 93, 258, 165, 285, 100, 102, 104, 105, 107, 115, 121, 124, 125, 128, 129, 142, 145, 156, 166, 171, 174, 179, 182, 192, 209, 214, 218, 221, 235, 236, 237, 241, 247, 251, 254, 266, 271, 275, 281, 286, 292, 296, 300]
x_95: [3, 8, 14, 15, 16, 19, 25, 28, 33, 35, 37, 38, 39, 40, 44, 50, 51, 52, 55, 56, 58, 60, 62, 67, 72, 75, 77, 79, 85, 87, 91, 93, 94, 250, 182, 101, 289, 216, 104, 115, 297, 89, 123, 233, 106, 23, 299, 100, 186, 125, 257, 74, 97, 296, 13, 139, 41, 9, 282, 294, 271, 1, 7, 143, 92, 275, 218, 99, 149, 201, 261, 160, 209, 214, 239, 262, 130, 240, 112, 224, 205, 135, 98, 169, 45, 12, 96, 291, 119, 61, 146, 189, 59, 161, 263, 197, 145, 138, 241, 20, 242, 4, 280, 244, 116, 298, 65, 288, 170, 159, 221, 212, 277, 231, 127, 198, 108, 86, 68, 230, 265, 109, 150, 229, 283, 266, 103, 144, 90, 88, 272, 200, 136, 152, 269, 215, 183, 31, 190, 178, 237, 179, 36, 22, 81, 113, 66, 264, 227, 107, 219, 255, 49, 196, 110, 195, 147, 243, 238, 276, 63, 177, 249, 121, 193, 53, 34, 191, 208, 42, 78, 234, 134, 194, 248, 232, 246, 18, 252, 105, 114, 122, 124, 129, 131, 132, 133, 142, 153, 154, 156, 163, 167, 172, 173, 174, 180, 188, 206, 207, 211, 222, 235, 245, 251, 258, 270, 281, 290, 292, 300]
x_96: [1, 3, 6, 8, 12, 15, 22, 27, 35, 36, 39, 42, 46, 47, 56, 57, 58, 59, 61, 62, 63, 69, 70, 73, 75, 82, 85, 88, 89, 91, 92, 93, 94, 95, 173, 251, 151, 237, 257, 188, 161, 171, 206, 155, 21, 283, 145, 250, 263, 150, 109, 203, 25, 175, 209, 298, 282, 276, 267, 187, 41, 288, 28, 217, 234, 232, 281, 224, 274, 44, 279, 291, 116, 106, 168, 192, 286, 261, 182, 152, 38, 79, 270, 240, 136, 180, 107, 128, 77, 239, 225, 164, 196, 215, 226, 216, 271, 100, 292, 80, 204, 19, 210, 32, 66, 212, 247, 144, 218, 20, 30, 296, 37, 219, 49, 149, 147, 135, 120, 65, 45, 278, 177, 72, 50, 33, 264, 208, 101, 246, 11, 174, 197, 166, 184, 193, 134, 84, 238, 198, 160, 132, 259, 127, 142, 191, 4, 105, 297, 7, 241, 154, 51, 131, 179, 295, 130, 211, 122, 9, 43, 108, 285, 129, 235, 78, 115, 141, 48, 153, 99, 114, 125, 230, 275, 299, 176, 159, 54, 71, 195, 29, 102, 111, 112, 113, 117, 121, 123, 133, 139, 143, 146, 156, 172, 183, 186, 189, 194, 199, 200, 201, 207, 214, 220, 221, 222, 236, 243, 248, 253, 254, 258, 269, 280, 284, 287, 289, 290, 300]
x_97: [3, 8, 12, 14, 18, 21, 25, 26, 29, 34, 35, 36, 38, 39, 40, 43, 46, 48, 50, 51, 54, 55, 56, 57, 59, 61, 62, 66, 67, 71, 74, 75, 76, 78, 85, 88, 95, 211, 52, 146, 19, 112, 27, 300, 90, 285, 201, 168, 123, 251, 257, 124, 187, 238, 169, 298, 70, 281, 224, 166, 30, 244, 86, 200, 137, 177, 203, 2, 210, 254, 245, 299, 182, 128, 267, 158, 242, 129, 42, 195, 163, 11, 44, 175, 20, 104, 283, 102, 53, 161, 236, 247, 260, 47, 110, 277, 292, 199, 91, 282, 184, 81, 235, 117, 98, 136, 1, 225, 262, 265, 115, 172, 179, 193, 93, 138, 152, 286, 202, 120, 4, 99, 63, 233, 160, 288, 151, 28, 113, 6, 41, 269, 119, 188, 289, 87, 140, 272, 33, 206, 240, 230, 250, 24, 77, 82, 141, 226, 23, 253, 125, 73, 10, 16, 122, 89, 178, 69, 191, 111, 173, 276, 229, 134, 64, 232, 109, 294, 192, 255, 219, 256, 213, 274, 293, 162, 100, 103, 106, 108, 121, 131, 132, 133, 135, 144, 147, 155, 186, 189, 190, 194, 196, 198, 207, 208, 209, 214, 215, 218, 222, 223, 227, 234, 237, 239, 243, 259, 261, 263, 270, 273, 278, 279, 284, 290, 291, 297]
x_98: [1, 5, 6, 8, 10, 12, 21, 23, 24, 27, 28, 38, 39, 40, 45, 46, 51, 52, 53, 56, 57, 58, 59, 62, 63, 64, 66, 69, 70, 75, 76, 77, 81, 82, 88, 91, 93, 95, 97, 119, 290, 20, 214, 276, 285, 78, 218, 187, 99, 100, 106, 107, 108, 110, 112, 115, 117, 125, 127, 128, 129, 130, 132, 133, 137, 140, 144, 146, 147, 153, 159, 160, 166, 167, 173, 174, 178, 180, 183, 189, 190, 191, 192, 198, 202, 203, 206, 207, 211, 223, 224, 229, 232, 233, 236, 237, 242, 243, 253, 254, 256, 258, 260, 261, 262, 267, 269, 278, 279, 280, 283, 284, 286, 288, 293, 294, 297, 298]
x_99: [6, 15, 16, 19, 24, 25, 28, 30, 33, 37, 39, 44, 45, 46, 47, 50, 51, 52, 54, 55, 57, 58, 61, 62, 63, 67, 71, 72, 74, 75, 76, 77, 80, 81, 84, 87, 89, 93, 94, 95, 96, 97, 156, 92, 135, 163, 204, 192, 21, 31, 2, 167, 217, 243, 12, 174, 53, 181, 290, 173, 86, 159, 254, 239, 249, 17, 177, 172, 208, 209, 256, 238, 108, 103, 56, 273, 29, 247, 129, 121, 270, 277, 42, 198, 274, 264, 282, 119, 202, 151, 178, 8, 132, 170, 261, 66, 191, 166, 294, 144, 130, 91, 246, 107, 78, 143, 49, 295, 14, 18, 113, 286, 109, 287, 278, 142, 117, 250, 298, 22, 165, 231, 244, 124, 220, 11, 68, 83, 139, 234, 146, 152, 255, 168, 225, 179, 1, 267, 223, 214, 289, 85, 82, 184, 201, 216, 297, 90, 203, 137, 125, 36, 180, 215, 253, 98, 157, 120, 266, 268, 219, 296, 237, 232, 285, 162, 276, 148, 5, 150, 164, 153, 212, 222, 23, 291, 65, 185, 221, 149, 205, 73, 155, 158, 195, 41, 299, 262, 206, 229, 233, 100, 105, 114, 115, 127, 128, 131, 140, 147, 154, 175, 182, 183, 189, 190, 194, 196, 200, 211, 213, 218, 224, 230, 235, 236, 241, 242, 245, 251, 257, 258, 259, 260, 263, 269, 275, 288, 300]
x_100: [3, 9, 10, 14, 15, 17, 18, 19, 21, 22, 25, 27, 31, 35, 39, 40, 44, 55, 57, 63, 64, 68, 76, 78, 81, 84, 85, 87, 95, 96, 26, 157, 248, 62, 43, 197, 225, 191, 114, 216, 166, 194, 178, 262, 42, 265, 28, 221, 287, 20, 108, 212, 54, 199, 112, 106, 222, 273, 234, 271, 170, 123, 183, 240, 284, 147, 237, 281, 99, 163, 142, 160, 11, 176, 181, 257, 167, 255, 115, 105, 146, 169, 193, 245, 83, 121, 251, 296, 289, 254, 165, 214, 30, 293, 71, 177, 136, 94, 93, 256, 110, 69, 253, 299, 246, 75, 97, 125, 233, 133, 128, 67, 50, 138, 269, 228, 288, 34, 172, 300, 16, 47, 196, 2, 158, 283, 24, 91, 116, 73, 232, 7, 122, 227, 188, 37, 187, 5, 119, 230, 270, 243, 80, 107, 88, 203, 195, 204, 263, 239, 294, 217, 130, 215, 218, 192, 134, 267, 186, 151, 120, 58, 258, 126, 274, 154, 179, 135, 189, 117, 220, 111, 98, 286, 33, 244, 249, 90, 101, 103, 104, 109, 113, 124, 129, 131, 132, 144, 156, 159, 173, 174, 182, 190, 198, 205, 208, 209, 213, 229, 235, 242, 275, 279, 291]
x_101: [6, 11, 12, 14, 15, 16, 18, 27, 30, 35, 39, 42, 45, 47, 51, 56, 57, 58, 59, 62, 63, 64, 66, 70, 72, 74, 75, 77, 78, 84, 87, 91, 92, 93, 94, 95, 96, 298, 177, 173, 43, 251, 48, 106, 184, 102, 160, 122, 267, 80, 109, 157, 212, 158, 23, 175, 119, 242, 294, 85, 281, 32, 260, 289, 238, 208, 201, 139, 53, 296, 266, 203, 154, 216, 278, 255, 239, 161, 195, 13, 116, 25, 249, 250, 178, 147, 121, 100, 210, 10, 270, 111, 265, 215, 159, 117, 271, 226, 209, 20, 243, 41, 112, 65, 103, 105, 108, 115, 118, 125, 127, 128, 130, 131, 134, 135, 136, 137, 140, 146, 162, 169, 171, 180, 182, 183, 186, 187, 189, 190, 196, 202, 205, 206, 213, 220, 222, 223, 224, 227, 229, 237, 241, 245, 248, 257, 263, 274, 279, 283, 286, 287, 290, 291, 297, 299]
x_102: [3, 6, 11, 14, 15, 21, 23, 25, 27, 29, 30, 31, 33, 34, 35, 40, 42, 44, 47, 51, 52, 55, 57, 58, 59, 67, 68, 69, 74, 78, 79, 80, 82, 83, 84, 86, 87, 91, 93, 97, 101, 126, 112, 236, 133, 283, 268, 229, 261, 174, 125, 104, 224, 300, 295, 201, 28, 124, 207, 107, 140, 273, 150, 152, 228, 155, 94, 266, 198, 212, 156, 233, 66, 223, 286, 231, 262, 238, 153, 118, 64, 210, 130, 265, 235, 219, 242, 151, 220, 249, 217, 81, 299, 142, 138, 199, 255, 259, 2, 208, 149, 289, 13, 276, 146, 20, 32, 160, 164, 193, 111, 169, 7, 170, 258, 184, 161, 127, 196, 167, 263, 41, 180, 251, 162, 177, 76, 296, 54, 50, 73, 106, 119, 288, 269, 8, 49, 145, 46, 244, 239, 65, 189, 209, 230, 75, 186, 72, 88, 136, 110, 272, 77, 92, 12, 275, 90, 96, 290, 293, 245, 128, 187, 166, 200, 108, 109, 115, 121, 131, 134, 135, 143, 147, 154, 175, 178, 182, 183, 188, 194, 197, 202, 203, 206, 211, 214, 218, 222, 225, 246, 247, 257, 267, 270, 274, 280, 281, 298]
x_103: [2, 3, 5, 6, 8, 9, 10, 14, 15, 17, 18, 19, 23, 24, 25, 26, 27, 29, 30, 31, 35, 37, 38, 40, 42, 43, 46, 48, 55, 56, 57, 61, 64, 67, 68, 69, 74, 75, 77, 78, 84, 87, 88, 94, 95, 99, 176, 247, 70, 146, 200, 34, 218, 274, 257, 86, 272, 137, 269, 117, 195, 225, 92, 266, 287, 271, 235, 123, 119, 246, 83, 196, 175, 156, 296, 248, 132, 131, 164, 270, 206, 112, 1, 205, 50, 237, 250, 54, 151, 181, 203, 267, 180, 148, 284, 93, 124, 280, 226, 222, 127, 71, 191, 91, 202, 107, 215, 290, 299, 295, 277, 108, 194, 172, 113, 255, 213, 85, 101, 199, 209, 105, 32, 100, 254, 59, 216, 51, 261, 183, 76, 79, 227, 192, 97, 22, 140, 60, 66, 285, 161, 239, 293, 268, 72, 187, 81, 89, 276, 182, 221, 154, 136, 125, 262, 240, 256, 28, 236, 138, 219, 44, 220, 224, 208, 114, 141, 244, 143, 252, 212, 242, 217, 264, 58, 104, 109, 110, 126, 128, 130, 133, 134, 152, 157, 159, 160, 162, 163, 167, 169, 178, 179, 201, 204, 211, 214, 231, 232, 241, 243, 245, 253, 263, 275, 278, 279, 281, 283, 286, 291, 292, 300]
x_104: [8, 11, 12, 15, 18, 19, 29, 33, 34, 35, 38, 39, 40, 44, 45, 46, 47, 56, 58, 59, 61, 64, 66, 70, 74, 75, 80, 81, 82, 84, 85, 87, 88, 91, 93, 95, 97, 102, 236, 103, 94, 142, 278, 288, 229, 297, 5, 247, 143, 284, 184, 277, 211, 9, 276, 295, 264, 285, 215, 212, 198, 271, 57, 179, 135, 226, 259, 53, 260, 233, 147, 108, 214, 134, 51, 209, 249, 92, 187, 150, 246, 160, 199, 146, 235, 267, 110, 196, 131, 185, 153, 165, 178, 154, 290, 220, 287, 119, 176, 52, 188, 171, 121, 54, 7, 129, 273, 204, 256, 173, 137, 139, 164, 133, 257, 107, 241, 109, 272, 90, 208, 68, 100, 258, 118, 13, 242, 136, 3, 72, 114, 238, 125, 30, 194, 217, 148, 222, 32, 218, 270, 207, 177, 268, 25, 16, 197, 286, 282, 203, 186, 60, 221, 14, 106, 69, 141, 206, 140, 189, 67, 24, 37, 195, 63, 6, 1, 168, 163, 117, 41, 248, 237, 172, 210, 21, 274, 296, 182, 130, 224, 42, 244, 157, 170, 158, 115, 105, 112, 113, 124, 132, 144, 156, 159, 161, 162, 169, 180, 190, 192, 200, 213, 223, 227, 255, 262, 263, 265, 269, 279, 281, 291, 292, 293, 299]
x_105: [4, 6, 8, 14, 17, 22, 24, 25, 26, 27, 28, 29, 31, 34, 35, 38, 45, 54, 55, 56, 58, 59, 62, 63, 67, 73, 78, 87, 89, 91, 96, 100, 103, 251, 191, 269, 169, 71, 43, 39, 30, 93, 219, 294, 215, 254, 284, 200, 206, 280, 116, 37, 198, 12, 154, 259, 111, 132, 53, 220, 162, 287, 82, 66, 291, 1, 131, 231, 133, 51, 86, 214, 2, 136, 57, 261, 152, 94, 187, 99, 264, 156, 221, 36, 106, 171, 123, 282, 138, 213, 81, 140, 121, 153, 176, 197, 47, 204, 260, 298, 69, 177, 151, 117, 64, 46, 279, 143, 172, 244, 92, 207, 10, 239, 52, 130, 119, 90, 112, 80, 158, 88, 247, 241, 95, 50, 292, 167, 222, 135, 48, 185, 274, 163, 186, 65, 19, 101, 276, 33, 60, 211, 164, 75, 166, 192, 223, 281, 182, 104, 233, 125, 201, 245, 170, 126, 155, 267, 273, 238, 49, 129, 240, 7, 115, 271, 266, 128, 190, 230, 137, 16, 180, 61, 157, 209, 262, 11, 275, 109, 68, 250, 235, 23, 160, 5, 9, 248, 20, 289, 40, 77, 293, 127, 108, 124, 139, 142, 145, 148, 159, 173, 178, 183, 189, 208, 216, 217, 218, 227, 229, 236, 242, 246, 253, 265, 278, 286, 288, 290, 296]
x_106: [2, 3, 4, 5, 6, 7, 8, 16, 17, 18, 19, 24, 33, 34, 37, 38, 39, 40, 45, 51, 52, 56, 57, 60, 62, 64, 67, 68, 74, 75, 76, 78, 81, 84, 85, 87, 91, 92, 93, 94, 95, 96, 100, 101, 102, 104, 105, 241, 280, 141, 209, 166, 138, 250, 289, 173, 220, 261, 82, 47, 80, 13, 32, 219, 212, 124, 207, 242, 291, 194, 132, 253, 107, 168, 79, 197, 127, 254, 255, 36, 297, 164, 66, 65, 288, 35, 73, 129, 144, 184, 25, 248, 227, 175, 98, 10, 294, 189, 61, 165, 190, 72, 23, 59, 233, 221, 206, 26, 182, 223, 264, 260, 287, 251, 130, 226, 187, 113, 240, 269, 263, 176, 122, 270, 11, 70, 286, 204, 300, 218, 267, 169, 162, 146, 183, 54, 27, 42, 126, 225, 258, 275, 111, 50, 174, 156, 205, 22, 46, 222, 296, 230, 118, 134, 120, 137, 77, 237, 199, 203, 178, 274, 246, 265, 131, 228, 88, 210, 273, 181, 97, 188, 171, 157, 158, 53, 236, 125, 159, 14, 196, 28, 160, 43, 123, 12, 30, 83, 58, 293, 128, 9, 150, 108, 109, 114, 133, 136, 143, 147, 152, 153, 167, 179, 180, 191, 200, 201, 202, 208, 211, 215, 216, 229, 234, 244, 245, 247, 259, 276, 278, 298]
x_107: [3, 6, 11, 12, 14, 16, 17, 18, 19, 21, 23, 24, 25, 26, 28, 29, 30, 34, 36, 38, 47, 51, 53, 54, 56, 57, 58, 60, 68, 69, 70, 71, 72, 74, 75, 76, 77, 80, 82, 85, 87, 93, 95, 96, 99, 100, 102, 103, 104, 106, 171, 202, 55, 262, 128, 246, 59, 108, 37, 110, 52, 131, 73, 256, 121, 221, 289, 271, 157, 43, 83, 266, 44, 292, 64, 191, 253, 220, 206, 163, 181, 269, 264, 169, 227, 48, 114, 148, 130, 200, 94, 175, 133, 7, 137, 288, 249, 255, 161, 141, 31, 201, 275, 180, 9, 166, 111, 84, 260, 179, 209, 259, 126, 152, 290, 204, 13, 248, 273, 134, 186, 143, 42, 150, 270, 117, 224, 230, 158, 98, 298, 239, 27, 216, 251, 144, 109, 112, 115, 132, 135, 142, 147, 149, 154, 156, 159, 160, 172, 177, 178, 182, 183, 203, 207, 208, 211, 212, 213, 215, 217, 218, 222, 229, 233, 234, 235, 238, 240, 242, 243, 245, 247, 257, 267, 276, 277, 278, 280, 283, 285, 287, 297, 300]
x_108: [1, 3, 10, 14, 15, 17, 18, 21, 23, 24, 26, 27, 28, 30, 38, 40, 42, 52, 55, 57, 58, 60, 62, 64, 66, 67, 68, 69, 71, 74, 76, 77, 82, 84, 87, 88, 89, 91, 95, 96, 99, 100, 103, 104, 105, 107, 198, 237, 275, 264, 177, 285, 20, 231, 212, 181, 135, 124, 142, 205, 288, 61, 206, 141, 98, 43, 215, 44, 249, 202, 53, 106, 226, 225, 164, 272, 170, 229, 143, 203, 34, 126, 45, 278, 46, 262, 251, 213, 85, 139, 50, 5, 136, 200, 236, 232, 101, 183, 13, 195, 227, 145, 184, 119, 163, 118, 112, 238, 241, 165, 140, 263, 220, 115, 281, 155, 201, 97, 247, 36, 6, 248, 239, 296, 221, 294, 186, 190, 130, 153, 144, 234, 291, 138, 253, 162, 250, 131, 235, 59, 48, 133, 176, 73, 274, 111, 187, 149, 178, 273, 219, 92, 47, 7, 284, 39, 122, 102, 271, 193, 158, 255, 207, 172, 269, 211, 150, 90, 137, 210, 244, 113, 185, 54, 152, 261, 266, 86, 233, 267, 182, 290, 123, 179, 114, 121, 127, 128, 132, 134, 160, 180, 188, 189, 191, 192, 204, 208, 217, 222, 223, 224, 242, 246, 258, 265, 268, 283, 292, 293, 299]
x_109: [3, 5, 6, 12, 15, 16, 19, 22, 25, 27, 28, 29, 31, 34, 35, 37, 38, 39, 40, 45, 51, 54, 56, 57, 58, 61, 62, 63, 66, 67, 69, 70, 74, 75, 77, 81, 82, 88, 92, 94, 95, 96, 97, 99, 101, 104, 105, 124, 300, 234, 8, 181, 9, 227, 225, 18, 207, 193, 229, 72, 86, 254, 203, 91, 171, 102, 194, 228, 267, 149, 218, 127, 246, 198, 68, 195, 233, 90, 152, 47, 160, 143, 242, 293, 103, 125, 132, 2, 80, 24, 265, 204, 148, 53, 156, 166, 271, 36, 133, 106, 42, 223, 157, 30, 43, 117, 252, 174, 291, 184, 288, 161, 135, 292, 262, 13, 33, 64, 179, 158, 136, 60, 59, 189, 222, 89, 4, 299, 110, 284, 114, 129, 126, 201, 208, 245, 23, 244, 49, 285, 213, 164, 272, 46, 221, 236, 294, 14, 168, 100, 200, 79, 216, 239, 107, 186, 118, 120, 121, 264, 295, 268, 182, 76, 243, 261, 247, 123, 112, 115, 131, 134, 137, 145, 154, 159, 173, 176, 178, 180, 183, 190, 192, 202, 206, 209, 211, 212, 215, 217, 220, 226, 235, 237, 238, 248, 253, 255, 257, 259, 269, 270, 274, 275, 278, 280, 290]
x_110: [3, 6, 8, 9, 12, 14, 19, 22, 25, 26, 27, 28, 29, 34, 35, 42, 48, 53, 55, 56, 58, 59, 64, 69, 71, 75, 77, 87, 88, 89, 93, 94, 95, 97, 100, 102, 104, 107, 109, 299, 187, 39, 123, 31, 74, 115, 243, 263, 218, 117, 80, 195, 251, 265, 282, 271, 181, 259, 246, 118, 208, 276, 277, 220, 40, 229, 260, 41, 279, 122, 226, 240, 156, 4, 62, 98, 258, 154, 166, 163, 78, 13, 60, 135, 183, 150, 65, 206, 239, 165, 73, 83, 103, 85, 215, 142, 175, 295, 170, 300, 162, 179, 270, 2, 242, 228, 225, 184, 288, 296, 178, 144, 182, 298, 174, 241, 216, 114, 120, 217, 46, 153, 168, 112, 116, 121, 124, 128, 129, 131, 134, 136, 140, 143, 145, 147, 149, 152, 159, 160, 161, 171, 189, 191, 196, 197, 200, 201, 202, 203, 207, 222, 223, 224, 235, 236, 237, 247, 257, 262, 267, 268, 269, 281, 284, 290, 291, 294, 297]
x_111: [1, 3, 6, 8, 9, 10, 17, 19, 23, 25, 28, 38, 44, 46, 47, 50, 51, 54, 55, 56, 57, 59, 60, 61, 62, 64, 66, 67, 68, 70, 71, 75, 76, 77, 78, 81, 82, 83, 85, 87, 88, 89, 91, 94, 97, 100, 101, 102, 105, 106, 107, 108, 171, 139, 14, 247, 300, 257, 45, 184, 253, 86, 228, 140, 168, 84, 148, 217, 53, 293, 187, 203, 172, 177, 181, 160, 157, 142, 211, 244, 48, 292, 219, 116, 144, 246, 124, 5, 36, 96, 118, 259, 123, 276, 166, 273, 186, 132, 279, 154, 40, 248, 20, 128, 263, 214, 283, 222, 220, 158, 224, 120, 21, 275, 264, 261, 255, 250, 208, 146, 258, 201, 241, 147, 262, 188, 169, 242, 216, 43, 24, 254, 235, 196, 239, 114, 287, 189, 278, 136, 58, 93, 231, 232, 119, 199, 29, 185, 79, 22, 294, 226, 215, 112, 190, 234, 256, 125, 299, 137, 249, 122, 52, 251, 92, 15, 34, 73, 11, 72, 298, 272, 165, 113, 133, 152, 159, 167, 173, 174, 175, 178, 182, 191, 197, 200, 207, 209, 218, 233, 236, 237, 245, 265, 267, 268, 269, 274, 284, 288, 291]
x_112: [3, 4, 8, 10, 15, 16, 17, 18, 19, 21, 24, 25, 27, 28, 29, 33, 34, 38, 39, 44, 50, 51, 54, 56, 58, 61, 62, 64, 67, 71, 75, 76, 77, 80, 82, 83, 85, 91, 94, 95, 97, 100, 101, 102, 103, 105, 108, 111, 244, 147, 269, 154, 221, 220, 148, 162, 242, 236, 218, 195, 235, 104, 98, 109, 177, 107, 230, 211, 286, 294, 7, 212, 160, 116, 45, 260, 273, 229, 145, 263, 268, 110, 179, 241, 214, 138, 143, 213, 131, 68, 69, 196, 178, 115, 123, 144, 113, 200, 9, 291, 252, 239, 202, 219, 246, 125, 187, 172, 256, 191, 165, 23, 136, 171, 168, 96, 189, 232, 1, 259, 224, 205, 207, 133, 164, 183, 5, 166, 282, 300, 280, 30, 73, 208, 150, 247, 288, 290, 49, 251, 126, 276, 292, 271, 274, 146, 161, 186, 262, 155, 217, 20, 199, 248, 43, 120, 121, 128, 140, 142, 153, 156, 159, 163, 174, 180, 182, 188, 192, 197, 198, 203, 204, 206, 209, 215, 216, 227, 237, 238, 254, 255, 267, 278, 279, 283, 284, 285, 295]
x_113: [1, 3, 4, 8, 9, 14, 15, 18, 19, 21, 23, 24, 25, 26, 27, 28, 33, 34, 37, 44, 50, 58, 59, 62, 64, 66, 69, 75, 76, 77, 84, 85, 86, 87, 88, 95, 97, 99, 103, 106, 108, 111, 112, 220, 169, 36, 277, 96, 183, 104, 129, 299, 10, 65, 269, 222, 192, 46, 258, 142, 54, 263, 282, 51, 284, 57, 194, 225, 275, 41, 22, 188, 278, 193, 81, 139, 208, 264, 197, 290, 202, 147, 100, 155, 7, 32, 35, 295, 137, 163, 248, 152, 52, 273, 214, 78, 120, 238, 167, 13, 224, 226, 48, 30, 207, 118, 122, 124, 125, 131, 132, 135, 140, 143, 144, 153, 154, 159, 160, 162, 166, 170, 173, 180, 186, 189, 195, 198, 203, 204, 205, 206, 211, 213, 216, 217, 218, 223, 229, 232, 236, 237, 239, 241, 242, 245, 246, 249, 259, 260, 262, 276, 288, 292]
x_114: [1, 6, 8, 17, 21, 23, 24, 26, 27, 28, 33, 35, 36, 38, 40, 41, 47, 48, 50, 51, 55, 56, 57, 58, 61, 62, 63, 67, 69, 74, 75, 78, 85, 87, 88, 93, 94, 96, 100, 103, 104, 107, 109, 110, 111, 281, 256, 259, 19, 32, 82, 83, 246, 184, 99, 52, 123, 264, 295, 7, 181, 245, 274, 46, 282, 174, 140, 86, 226, 118, 95, 79, 172, 134, 233, 222, 258, 161, 31, 252, 275, 154, 212, 60, 76, 297, 200, 205, 133, 5, 68, 255, 247, 263, 296, 136, 187, 251, 45, 135, 39, 15, 70, 257, 244, 243, 143, 300, 126, 286, 108, 262, 16, 22, 120, 148, 125, 279, 115, 106, 227, 291, 37, 12, 49, 117, 271, 167, 270, 176, 138, 121, 124, 127, 129, 130, 131, 149, 153, 157, 160, 173, 175, 178, 188, 192, 193, 197, 201, 203, 204, 206, 209, 211, 215, 218, 220, 221, 223, 225, 232, 235, 236, 237, 239, 242, 265, 269, 276, 278, 288, 290, 292, 298]
x_115: [3, 9, 15, 17, 20, 21, 22, 23, 26, 31, 35, 37, 38, 39, 40, 42, 43, 44, 45, 56, 58, 59, 62, 64, 66, 69, 76, 80, 84, 91, 93, 95, 96, 97, 100, 104, 105, 108, 110, 112, 114, 219, 1, 214, 250, 245, 261, 268, 189, 208, 132, 61, 170, 165, 191, 88, 196, 166, 190, 98, 49, 94, 29, 210, 41, 129, 273, 109, 267, 251, 143, 293, 82, 169, 128, 101, 125, 225, 296, 199, 186, 161, 244, 25, 217, 216, 6, 54, 288, 282, 75, 193, 211, 159, 278, 122, 130, 215, 239, 160, 48, 263, 176, 60, 179, 195, 226, 87, 203, 16, 57, 27, 254, 194, 187, 212, 264, 262, 53, 299, 259, 294, 133, 229, 168, 289, 207, 177, 280, 92, 81, 281, 279, 286, 118, 138, 287, 50, 231, 117, 257, 184, 220, 202, 188, 292, 140, 102, 290, 141, 209, 107, 150, 276, 99, 283, 147, 123, 77, 14, 19, 228, 2, 142, 284, 198, 300, 248, 269, 201, 51, 47, 297, 89, 241, 121, 134, 135, 136, 144, 146, 153, 156, 162, 167, 174, 175, 178, 180, 192, 200, 204, 213, 223, 224, 230, 232, 233, 235, 242, 246, 247, 253, 255, 265, 266, 270, 275, 291]
x_116: [3, 4, 9, 11, 15, 16, 17, 18, 19, 21, 22, 23, 28, 29, 30, 32, 34, 36, 40, 47, 48, 53, 54, 56, 58, 59, 61, 62, 66, 67, 69, 70, 72, 74, 76, 77, 78, 79, 80, 84, 85, 89, 91, 93, 94, 95, 96, 100, 101, 105, 111, 112, 87, 86, 289, 1, 226, 5, 170, 227, 8, 158, 229, 52, 288, 269, 286, 238, 282, 37, 142, 299, 228, 180, 271, 150, 159, 211, 265, 239, 193, 174, 43, 139, 110, 121, 122, 128, 129, 131, 132, 133, 134, 135, 144, 146, 152, 153, 160, 161, 167, 178, 182, 183, 184, 189, 194, 198, 202, 204, 206, 207, 212, 220, 222, 230, 233, 234, 240, 241, 242, 247, 248, 253, 259, 261, 262, 267, 268, 270, 276, 279, 281, 283, 284, 285, 287, 290, 291, 293, 297, 298, 300]
x_117: [2, 3, 6, 10, 15, 18, 20, 26, 28, 30, 36, 38, 50, 51, 58, 60, 62, 66, 67, 68, 69, 70, 74, 75, 78, 80, 82, 84, 85, 87, 88, 89, 92, 93, 97, 99, 100, 101, 103, 104, 105, 107, 109, 110, 114, 115, 231, 243, 285, 193, 205, 161, 13, 165, 300, 292, 7, 224, 169, 209, 46, 197, 159, 98, 55, 204, 96, 139, 142, 129, 49, 244, 83, 234, 32, 236, 261, 217, 167, 14, 162, 22, 200, 175, 155, 166, 207, 215, 120, 40, 130, 131, 133, 135, 146, 147, 152, 153, 160, 170, 171, 172, 179, 182, 189, 191, 192, 194, 202, 203, 206, 208, 211, 213, 222, 227, 229, 233, 235, 238, 245, 253, 254, 257, 259, 262, 264, 269, 275, 276, 278, 279, 281, 286, 290, 293, 297]
x_118: [1, 2, 8, 14, 16, 17, 19, 21, 22, 23, 24, 25, 27, 28, 35, 38, 39, 40, 42, 44, 48, 51, 56, 61, 64, 67, 69, 70, 76, 82, 83, 85, 86, 87, 88, 93, 94, 102, 104, 106, 108, 109, 110, 111, 114, 115, 161, 66, 155, 60, 84, 79, 113, 148, 253, 206, 124, 194, 270, 101, 185, 182, 230, 264, 201, 18, 226, 238, 123, 125, 127, 128, 129, 130, 133, 139, 143, 145, 146, 147, 153, 156, 160, 162, 166, 167, 172, 173, 175, 180, 183, 184, 192, 198, 203, 207, 213, 215, 217, 218, 220, 221, 229, 233, 235, 236, 239, 241, 242, 246, 248, 254, 255, 259, 261, 263, 269, 274, 275, 276, 278, 281, 284, 288, 291, 292, 298]
x_119: [1, 2, 6, 12, 14, 15, 19, 21, 27, 30, 34, 35, 38, 40, 48, 50, 51, 56, 57, 58, 62, 63, 68, 71, 74, 77, 81, 82, 84, 85, 88, 89, 92, 94, 95, 97, 98, 99, 100, 101, 102, 103, 104, 105, 108, 111, 258, 120, 159, 125, 128, 129, 130, 131, 133, 137, 143, 146, 150, 157, 162, 165, 166, 169, 175, 176, 177, 178, 182, 186, 188, 189, 190, 191, 197, 201, 202, 205, 207, 213, 218, 220, 222, 223, 224, 229, 233, 234, 235, 237, 238, 239, 242, 243, 254, 255, 256, 257, 267, 278, 281, 283, 286, 290, 292, 296]
x_120: [1, 4, 6, 12, 14, 15, 17, 19, 21, 22, 28, 30, 31, 33, 35, 37, 38, 39, 44, 45, 52, 58, 59, 61, 62, 63, 66, 70, 74, 77, 78, 84, 87, 88, 89, 91, 93, 94, 96, 97, 99, 100, 106, 109, 110, 111, 113, 114, 117, 119, 211, 169, 67, 176, 282, 122, 228, 160, 158, 149, 136, 260, 130, 25, 229, 269, 138, 127, 239, 9, 298, 237, 164, 221, 112, 218, 40, 132, 241, 124, 170, 32, 261, 161, 231, 224, 71, 294, 5, 183, 168, 54, 251, 157, 297, 50, 186, 202, 271, 73, 131, 79, 83, 36, 216, 151, 42, 72, 76, 203, 178, 293, 264, 266, 143, 121, 129, 133, 134, 135, 139, 140, 144, 145, 152, 153, 154, 156, 162, 163, 166, 172, 182, 189, 190, 193, 200, 201, 205, 207, 208, 209, 215, 222, 223, 226, 232, 233, 234, 243, 246, 247, 248, 255, 257, 258, 262, 267, 270, 273, 274, 278, 281, 283, 284, 286, 288, 290, 292, 300]
x_121: [3, 6, 8, 10, 14, 15, 18, 24, 27, 28, 30, 34, 35, 38, 40, 41, 43, 50, 54, 56, 57, 59, 61, 64, 66, 67, 68, 69, 70, 74, 75, 76, 80, 81, 82, 84, 87, 88, 91, 93, 95, 99, 100, 101, 104, 105, 107, 109, 284, 71, 221, 44, 243, 143, 21, 264, 274, 180, 185, 170, 129, 215, 202, 272, 206, 5, 145, 146, 37, 217, 256, 160, 125, 90, 227, 136, 120, 96, 287, 154, 148, 212, 265, 137, 130, 283, 188, 187, 97, 132, 277, 286, 114, 39, 211, 112, 36, 116, 169, 297, 181, 288, 258, 52, 4, 138, 246, 209, 252, 159, 255, 294, 300, 198, 94, 131, 240, 216, 193, 134, 249, 158, 140, 42, 7, 47, 29, 46, 290, 242, 289, 296, 213, 12, 245, 214, 197, 225, 144, 161, 282, 78, 261, 257, 48, 280, 110, 196, 164, 179, 201, 86, 178, 195, 234, 194, 163, 151, 204, 276, 62, 275, 51, 155, 253, 241, 23, 230, 55, 182, 22, 236, 127, 233, 108, 133, 102, 228, 89, 190, 235, 250, 123, 226, 115, 267, 33, 124, 135, 147, 156, 162, 165, 166, 175, 183, 186, 200, 203, 208, 210, 220, 223, 229, 232, 238, 239, 247, 248, 251, 254, 262, 269, 278, 281, 298]
x_122: [6, 10, 16, 17, 18, 21, 22, 27, 28, 34, 36, 40, 45, 46, 51, 56, 57, 63, 67, 69, 70, 72, 75, 76, 77, 78, 80, 82, 84, 85, 89, 91, 93, 94, 96, 97, 100, 101, 106, 108, 110, 111, 115, 120, 29, 250, 292, 189, 190, 160, 143, 113, 95, 206, 147, 262, 271, 52, 229, 48, 210, 269, 286, 285, 155, 116, 197, 38, 298, 213, 163, 256, 214, 12, 2, 128, 297, 124, 129, 131, 132, 133, 134, 138, 144, 145, 146, 152, 154, 161, 162, 167, 169, 172, 173, 175, 178, 182, 183, 184, 191, 192, 194, 201, 203, 208, 209, 211, 212, 215, 216, 217, 218, 222, 223, 228, 232, 236, 238, 239, 243, 247, 248, 249, 254, 257, 261, 265, 270, 280, 281, 283, 284, 287, 293, 294, 300]
x_123: [3, 4, 10, 11, 15, 18, 21, 28, 33, 34, 38, 39, 40, 44, 46, 50, 52, 54, 55, 58, 60, 64, 66, 69, 72, 75, 77, 78, 79, 82, 84, 87, 88, 95, 97, 100, 103, 105, 106, 108, 109, 110, 111, 112, 114, 115, 121, 162, 35, 268, 178, 57, 227, 281, 133, 251, 218, 124, 244, 13, 1, 74, 190, 6, 53, 85, 263, 271, 150, 273, 257, 252, 63, 27, 212, 56, 242, 118, 126, 125, 279, 129, 182, 181, 234, 258, 59, 293, 278, 183, 291, 169, 179, 139, 214, 275, 287, 200, 290, 284, 219, 36, 245, 211, 286, 96, 19, 156, 61, 16, 165, 170, 153, 80, 71, 213, 300, 237, 225, 31, 22, 128, 132, 134, 137, 144, 146, 155, 160, 163, 173, 177, 180, 188, 189, 191, 196, 202, 205, 206, 220, 222, 223, 224, 229, 235, 236, 238, 240, 241, 254, 255, 260, 261, 269, 270, 274, 280, 283, 288, 295, 297]
x_124: [3, 5, 6, 9, 11, 15, 17, 18, 19, 22, 23, 24, 33, 36, 39, 42, 46, 47, 48, 50, 55, 57, 69, 72, 74, 76, 78, 79, 80, 85, 91, 92, 97, 99, 102, 103, 106, 108, 109, 111, 118, 120, 123, 274, 94, 67, 63, 272, 208, 265, 197, 29, 297, 204, 156, 194, 166, 26, 68, 40, 238, 125, 162, 177, 1, 30, 83, 161, 260, 145, 13, 300, 246, 254, 219, 16, 213, 49, 104, 168, 81, 43, 66, 25, 207, 45, 243, 287, 282, 14, 234, 143, 164, 170, 12, 114, 233, 113, 230, 38, 110, 75, 160, 28, 189, 93, 52, 175, 179, 155, 273, 299, 298, 71, 131, 226, 135, 31, 137, 216, 251, 90, 152, 100, 56, 215, 84, 186, 181, 44, 211, 222, 148, 122, 196, 188, 41, 241, 174, 142, 147, 86, 59, 130, 195, 292, 256, 2, 20, 178, 32, 242, 283, 249, 138, 288, 157, 35, 206, 88, 34, 199, 136, 224, 262, 62, 296, 280, 187, 54, 255, 129, 212, 37, 294, 190, 95, 121, 21, 105, 10, 259, 139, 240, 247, 140, 167, 275, 64, 269, 261, 220, 232, 132, 134, 146, 154, 163, 182, 183, 184, 192, 200, 201, 202, 203, 209, 221, 223, 225, 235, 237, 257, 258, 271, 278, 281, 285, 286, 290, 291]
x_125: [1, 3, 5, 6, 12, 14, 15, 17, 19, 21, 25, 26, 29, 30, 35, 37, 38, 39, 40, 41, 42, 44, 51, 52, 54, 55, 56, 58, 61, 62, 64, 66, 67, 70, 74, 76, 77, 78, 82, 85, 87, 91, 95, 96, 97, 99, 100, 102, 103, 104, 105, 106, 109, 111, 112, 114, 115, 121, 123, 124, 273, 170, 219, 2, 138, 118, 24, 155, 231, 300, 229, 234, 261, 148, 164, 246, 31, 173, 274, 226, 297, 244, 250, 65, 49, 136, 84, 10, 27, 22, 145, 222, 94, 262, 286, 224, 4, 195, 129, 47, 191, 240, 249, 296, 257, 152, 119, 287, 207, 194, 59, 211, 188, 63, 20, 265, 285, 288, 156, 264, 202, 154, 217, 141, 139, 8, 232, 248, 69, 291, 281, 271, 201, 150, 280, 256, 189, 89, 258, 220, 34, 260, 282, 13, 132, 32, 192, 167, 33, 293, 147, 203, 227, 210, 251, 88, 266, 236, 253, 237, 113, 169, 205, 101, 159, 272, 225, 131, 98, 182, 193, 183, 16, 177, 215, 7, 212, 135, 187, 263, 36, 126, 127, 133, 143, 153, 160, 162, 163, 165, 180, 200, 206, 209, 213, 216, 218, 235, 238, 242, 245, 259, 270, 275, 276, 278, 279, 283, 284, 290, 298]
x_126: [3, 6, 7, 8, 10, 12, 15, 17, 18, 26, 27, 28, 30, 34, 35, 37, 39, 40, 43, 44, 46, 48, 52, 54, 55, 57, 61, 62, 63, 64, 67, 75, 78, 79, 82, 83, 89, 93, 100, 102, 105, 106, 107, 108, 109, 112, 114, 123, 165, 200, 248, 125, 215, 276, 103, 284, 178, 287, 230, 86, 128, 130, 131, 132, 135, 136, 140, 142, 150, 152, 161, 166, 168, 172, 173, 175, 177, 186, 187, 188, 189, 190, 191, 192, 197, 201, 206, 207, 208, 209, 211, 213, 216, 219, 220, 221, 222, 229, 232, 233, 236, 237, 238, 243, 245, 250, 251, 259, 262, 265, 267, 269, 278, 279, 281, 283, 286, 291, 293, 296, 300]
x_127: [3, 4, 6, 9, 10, 14, 15, 17, 19, 24, 27, 28, 34, 35, 36, 38, 45, 54, 56, 57, 58, 59, 62, 72, 74, 75, 77, 80, 87, 88, 91, 93, 94, 95, 96, 102, 103, 105, 106, 109, 120, 121, 89, 163, 196, 150, 177, 69, 43, 22, 37, 289, 233, 201, 179, 200, 98, 40, 227, 238, 48, 260, 290, 154, 293, 187, 249, 298, 175, 217, 193, 23, 137, 66, 149, 263, 248, 300, 49, 198, 92, 153, 118, 212, 276, 272, 222, 244, 185, 265, 288, 101, 197, 82, 78, 138, 2, 172, 194, 161, 130, 114, 167, 229, 236, 271, 125, 151, 297, 188, 245, 171, 99, 219, 262, 205, 232, 285, 29, 166, 299, 182, 189, 240, 155, 44, 140, 41, 234, 275, 231, 50, 190, 254, 241, 277, 108, 135, 270, 47, 85, 20, 278, 12, 195, 129, 132, 133, 139, 142, 144, 145, 146, 147, 152, 156, 160, 162, 173, 176, 178, 183, 184, 202, 204, 209, 213, 214, 215, 218, 221, 223, 230, 235, 237, 243, 247, 253, 256, 259, 261, 264, 267, 268, 269, 281, 284, 286, 296]
x_128: [3, 5, 6, 9, 10, 15, 18, 19, 21, 22, 25, 27, 28, 31, 35, 40, 44, 45, 56, 58, 63, 64, 67, 69, 70, 75, 84, 85, 87, 93, 96, 97, 100, 102, 105, 106, 107, 111, 115, 122, 51, 291, 227, 245, 284, 157, 176, 186, 178, 132, 162, 144, 80, 251, 152, 160, 190, 271, 103, 205, 198, 126, 92, 32, 201, 130, 232, 200, 14, 99, 253, 266, 256, 42, 246, 76, 206, 263, 137, 88, 4, 276, 16, 147, 204, 146, 292, 68, 218, 142, 197, 250, 159, 119, 216, 155, 260, 289, 150, 2, 189, 259, 110, 166, 296, 194, 278, 90, 203, 26, 11, 212, 210, 228, 23, 179, 71, 116, 13, 17, 101, 139, 60, 299, 108, 224, 238, 55, 123, 240, 133, 293, 94, 264, 148, 98, 267, 61, 74, 231, 247, 279, 288, 168, 131, 46, 118, 243, 170, 233, 257, 48, 169, 181, 235, 213, 209, 81, 72, 248, 47, 149, 191, 175, 272, 33, 151, 268, 57, 261, 141, 54, 112, 230, 135, 136, 140, 145, 153, 154, 173, 177, 183, 188, 192, 202, 207, 208, 211, 220, 222, 223, 225, 234, 236, 237, 239, 242, 254, 262, 270, 274, 275, 281, 282, 285, 286, 290, 300]
x_129: [3, 4, 5, 6, 7, 8, 9, 15, 23, 24, 27, 28, 29, 33, 34, 35, 36, 37, 38, 42, 46, 55, 56, 58, 60, 61, 64, 73, 75, 76, 77, 82, 84, 87, 88, 89, 91, 96, 97, 99, 104, 105, 106, 109, 113, 115, 117, 121, 123, 124, 125, 201, 277, 265, 141, 273, 268, 219, 246, 161, 51, 243, 233, 135, 94, 283, 157, 196, 152, 49, 13, 92, 221, 122, 259, 119, 110, 193, 81, 151, 154, 203, 68, 287, 66, 155, 209, 213, 261, 281, 296, 57, 67, 237, 116, 234, 40, 85, 291, 188, 130, 269, 198, 78, 212, 144, 114, 207, 69, 224, 43, 223, 214, 270, 195, 19, 178, 160, 166, 20, 286, 100, 235, 274, 148, 48, 183, 133, 279, 294, 139, 95, 255, 26, 32, 257, 132, 70, 199, 267, 65, 159, 162, 174, 171, 134, 242, 238, 147, 72, 187, 200, 218, 299, 190, 150, 83, 288, 22, 41, 153, 53, 231, 228, 192, 180, 167, 210, 90, 120, 44, 189, 80, 227, 79, 216, 215, 205, 181, 127, 118, 245, 263, 208, 176, 149, 275, 282, 220, 211, 172, 18, 206, 142, 186, 253, 194, 98, 260, 292, 222, 175, 276, 262, 217, 295, 226, 12, 131, 136, 143, 170, 173, 182, 191, 204, 232, 239, 241, 247, 248, 249, 254, 258, 272, 280, 285, 290, 293, 298]
x_130: [3, 4, 8, 10, 11, 14, 15, 16, 19, 21, 22, 24, 30, 33, 34, 35, 37, 39, 40, 41, 48, 52, 54, 55, 56, 57, 58, 59, 60, 61, 63, 64, 66, 67, 70, 77, 82, 85, 87, 89, 91, 94, 95, 96, 99, 100, 102, 104, 105, 106, 107, 108, 115, 120, 121, 124, 127, 128, 129, 144, 136, 269, 244, 75, 195, 278, 1, 172, 218, 118, 36, 80, 132, 150, 282, 279, 119, 298, 216, 79, 242, 207, 86, 201, 280, 46, 18, 81, 170, 204, 250, 117, 31, 206, 253, 143, 177, 197, 175, 27, 50, 239, 270, 236, 101, 287, 251, 159, 208, 92, 71, 133, 134, 215, 65, 283, 26, 235, 231, 137, 168, 296, 295, 217, 291, 210, 162, 273, 69, 225, 238, 76, 167, 160, 189, 98, 186, 149, 229, 7, 256, 267, 209, 214, 288, 166, 234, 237, 264, 103, 140, 192, 139, 138, 74, 126, 145, 289, 268, 153, 44, 293, 147, 247, 181, 257, 255, 169, 68, 49, 202, 252, 292, 47, 260, 233, 114, 223, 28, 285, 286, 25, 299, 190, 243, 151, 163, 176, 6, 187, 83, 232, 266, 141, 146, 154, 155, 156, 165, 173, 178, 180, 182, 184, 193, 198, 212, 222, 227, 248, 254, 261, 262, 275, 276, 281, 297]
x_131: [1, 3, 4, 6, 10, 11, 12, 14, 21, 22, 24, 28, 38, 39, 49, 51, 56, 57, 61, 64, 67, 69, 75, 82, 84, 87, 88, 89, 93, 94, 96, 103, 104, 105, 106, 107, 108, 112, 120, 121, 124, 125, 128, 95, 139, 7, 149, 184, 100, 166, 181, 119, 261, 156, 289, 288, 136, 220, 185, 110, 256, 114, 267, 270, 158, 144, 99, 9, 269, 211, 217, 279, 117, 37, 235, 177, 162, 188, 79, 154, 5, 71, 29, 101, 191, 48, 72, 287, 285, 60, 283, 258, 215, 172, 280, 74, 236, 150, 275, 183, 90, 153, 47, 35, 174, 26, 126, 239, 292, 290, 247, 222, 116, 145, 86, 201, 34, 203, 132, 54, 170, 230, 55, 91, 296, 15, 140, 167, 190, 202, 13, 168, 63, 25, 81, 192, 250, 27, 233, 52, 299, 244, 273, 148, 277, 66, 165, 173, 241, 278, 295, 113, 204, 264, 243, 129, 207, 102, 196, 16, 163, 171, 41, 40, 109, 97, 219, 18, 157, 76, 73, 259, 260, 245, 62, 23, 208, 92, 147, 272, 263, 271, 31, 232, 175, 169, 20, 33, 59, 265, 19, 58, 122, 237, 160, 138, 229, 199, 155, 17, 248, 36, 135, 137, 143, 146, 152, 159, 179, 180, 182, 189, 194, 200, 206, 213, 214, 216, 223, 224, 226, 228, 234, 238, 240, 251, 252, 262, 266, 281, 284, 286, 291, 297]
x_132: [8, 9, 16, 19, 21, 22, 23, 24, 25, 30, 33, 34, 35, 38, 39, 40, 42, 45, 46, 51, 55, 56, 57, 58, 59, 62, 67, 72, 77, 78, 82, 84, 87, 91, 94, 96, 99, 103, 105, 106, 109, 111, 115, 120, 121, 125, 128, 129, 130, 131, 169, 2, 194, 136, 236, 122, 140, 203, 200, 260, 95, 218, 76, 15, 123, 17, 107, 252, 54, 291, 256, 255, 104, 273, 83, 135, 71, 209, 172, 26, 28, 27, 126, 186, 171, 264, 75, 279, 282, 157, 229, 4, 266, 81, 284, 5, 1, 220, 237, 175, 248, 161, 183, 138, 287, 147, 173, 178, 155, 285, 251, 277, 223, 197, 166, 3, 108, 222, 48, 116, 137, 244, 275, 18, 288, 262, 225, 205, 208, 249, 113, 198, 98, 134, 243, 20, 61, 124, 258, 245, 168, 286, 227, 193, 250, 233, 170, 180, 280, 269, 97, 274, 158, 294, 151, 231, 29, 221, 49, 144, 253, 182, 141, 272, 214, 167, 268, 296, 50, 246, 156, 234, 297, 100, 66, 36, 10, 65, 44, 153, 230, 14, 300, 127, 159, 235, 240, 281, 215, 32, 12, 89, 63, 271, 150, 290, 181, 139, 295, 74, 146, 261, 187, 160, 289, 143, 298, 133, 142, 148, 152, 163, 174, 179, 189, 192, 201, 202, 207, 212, 213, 217, 232, 242, 247, 257, 259, 265, 267, 270, 276, 292, 293, 299]
x_133: [3, 4, 6, 8, 11, 14, 18, 19, 21, 23, 26, 31, 33, 34, 36, 38, 40, 46, 54, 56, 62, 66, 67, 68, 69, 75, 76, 77, 78, 82, 87, 89, 91, 92, 93, 94, 100, 102, 104, 105, 107, 108, 109, 112, 114, 115, 121, 123, 128, 129, 130, 106, 271, 169, 47, 190, 60, 200, 291, 30, 237, 52, 28, 43, 118, 44, 152, 226, 51, 247, 97, 138, 116, 248, 179, 222, 184, 162, 117, 132, 42, 265, 236, 155, 15, 49, 163, 98, 137, 218, 88, 239, 25, 270, 185, 172, 234, 285, 86, 249, 127, 96, 240, 280, 140, 35, 151, 17, 125, 183, 263, 176, 159, 150, 186, 250, 37, 192, 177, 90, 95, 224, 297, 166, 274, 245, 195, 122, 175, 255, 2, 103, 251, 275, 61, 230, 262, 198, 217, 85, 41, 58, 13, 119, 203, 174, 289, 160, 55, 5, 258, 156, 283, 235, 29, 216, 286, 134, 254, 148, 173, 180, 120, 84, 296, 211, 146, 284, 276, 170, 167, 63, 7, 227, 206, 80, 287, 164, 214, 288, 299, 83, 111, 266, 273, 201, 74, 139, 145, 154, 161, 182, 189, 191, 194, 196, 213, 215, 220, 223, 229, 231, 232, 233, 238, 242, 257, 259, 261, 267, 268, 269, 278, 281, 290, 292]
x_134: [5, 6, 7, 8, 14, 21, 22, 24, 25, 35, 37, 40, 42, 61, 62, 66, 67, 69, 72, 74, 75, 82, 92, 93, 94, 95, 96, 97, 100, 104, 106, 107, 114, 121, 129, 130, 132, 133, 295, 33, 120, 203, 26, 208, 140, 53, 226, 160, 251, 158, 286, 122, 115, 17, 257, 63, 110, 229, 4, 178, 172, 256, 231, 173, 290, 223, 235, 152, 103, 221, 166, 80, 239, 261, 15, 56, 241, 155, 263, 123, 265, 163, 47, 3, 254, 109, 11, 116, 81, 79, 196, 218, 213, 191, 280, 296, 141, 55, 108, 59, 199, 217, 136, 146, 18, 278, 64, 65, 294, 124, 145, 142, 170, 20, 283, 169, 85, 87, 192, 1, 159, 298, 233, 216, 181, 164, 101, 200, 230, 162, 186, 268, 102, 274, 253, 300, 289, 299, 214, 135, 144, 147, 154, 156, 161, 175, 176, 180, 183, 187, 188, 189, 204, 207, 209, 212, 222, 234, 237, 244, 245, 246, 248, 266, 269, 270, 276, 279, 284, 288, 292]
x_135: [6, 9, 14, 16, 17, 19, 21, 23, 25, 28, 33, 36, 41, 44, 45, 46, 50, 54, 55, 56, 58, 64, 66, 67, 68, 69, 70, 72, 76, 81, 82, 85, 87, 91, 92, 94, 95, 96, 99, 100, 104, 105, 108, 109, 110, 114, 124, 125, 127, 129, 132, 116, 207, 51, 13, 126, 78, 222, 164, 256, 188, 8, 40, 286, 5, 117, 74, 142, 61, 63, 59, 174, 189, 292, 165, 107, 159, 246, 295, 131, 190, 257, 281, 248, 161, 31, 178, 262, 236, 137, 263, 172, 140, 39, 113, 191, 195, 199, 232, 273, 296, 279, 47, 60, 291, 229, 277, 204, 102, 269, 134, 274, 180, 158, 43, 249, 255, 221, 90, 26, 121, 268, 175, 282, 276, 253, 120, 15, 153, 79, 233, 203, 210, 145, 261, 214, 138, 205, 169, 97, 220, 186, 115, 216, 197, 35, 143, 34, 176, 152, 29, 149, 264, 184, 280, 213, 217, 234, 228, 287, 252, 244, 206, 201, 38, 32, 30, 57, 215, 170, 84, 240, 239, 1, 42, 298, 150, 18, 179, 300, 93, 209, 128, 173, 75, 230, 177, 290, 3, 53, 139, 251, 171, 160, 101, 49, 243, 77, 22, 144, 155, 157, 162, 166, 167, 182, 183, 192, 198, 200, 212, 218, 223, 227, 235, 237, 238, 245, 247, 258, 259, 265, 267, 278, 284, 297]
x_136: [6, 8, 14, 15, 18, 19, 21, 22, 23, 25, 27, 29, 34, 35, 38, 40, 43, 44, 48, 49, 56, 58, 61, 64, 66, 70, 73, 75, 77, 84, 85, 91, 93, 94, 95, 96, 97, 100, 102, 103, 104, 105, 108, 109, 111, 112, 114, 120, 121, 124, 125, 130, 131, 132, 134, 270, 266, 241, 236, 200, 53, 209, 36, 300, 179, 101, 223, 226, 299, 129, 228, 240, 170, 210, 177, 260, 164, 153, 201, 277, 216, 92, 275, 1, 82, 296, 30, 291, 76, 160, 138, 287, 20, 143, 288, 175, 252, 264, 60, 163, 106, 115, 54, 78, 253, 110, 126, 192, 41, 250, 169, 224, 51, 246, 238, 50, 222, 256, 184, 219, 239, 69, 87, 259, 65, 128, 205, 207, 232, 16, 67, 2, 231, 144, 145, 147, 152, 156, 162, 168, 174, 176, 178, 182, 188, 189, 194, 196, 202, 204, 206, 212, 213, 214, 215, 218, 220, 229, 233, 234, 235, 242, 245, 248, 255, 257, 258, 261, 263, 269, 278, 279, 281, 283, 284, 290, 292, 297, 298]
x_137: [1, 3, 4, 6, 8, 9, 10, 14, 15, 18, 19, 21, 22, 25, 27, 28, 34, 35, 38, 42, 44, 45, 47, 51, 56, 61, 63, 73, 74, 75, 76, 77, 84, 87, 91, 93, 97, 99, 103, 104, 105, 106, 107, 108, 111, 113, 121, 124, 127, 128, 130, 132, 133, 135, 191, 296, 223, 242, 70, 270, 17, 221, 81, 295, 55, 299, 156, 123, 39, 184, 231, 149, 82, 23, 192, 164, 196, 185, 2, 217, 240, 279, 98, 175, 227, 67, 69, 237, 11, 79, 198, 5, 141, 287, 170, 215, 33, 300, 203, 236, 86, 181, 214, 101, 286, 220, 209, 216, 178, 267, 119, 226, 131, 109, 168, 90, 274, 208, 202, 13, 188, 256, 263, 143, 211, 160, 140, 145, 146, 148, 155, 162, 166, 167, 179, 182, 183, 186, 189, 194, 197, 201, 206, 207, 212, 213, 222, 230, 233, 234, 243, 246, 248, 249, 251, 257, 264, 266, 269, 273, 278, 281, 284, 290, 291, 292, 297]
x_138: [2, 3, 6, 8, 9, 12, 13, 14, 18, 21, 22, 25, 27, 28, 34, 35, 37, 38, 40, 44, 46, 49, 52, 54, 56, 57, 59, 63, 69, 72, 74, 75, 78, 85, 87, 88, 89, 91, 93, 95, 97, 100, 102, 103, 105, 106, 108, 112, 114, 115, 120, 121, 124, 125, 127, 130, 131, 132, 133, 135, 136, 277, 80, 68, 31, 179, 176, 42, 247, 144, 178, 296, 183, 55, 208, 5, 153, 156, 148, 90, 48, 7, 122, 67, 281, 253, 198, 47, 291, 273, 285, 10, 159, 171, 297, 170, 83, 193, 192, 255, 300, 213, 163, 227, 225, 274, 62, 174, 221, 33, 209, 139, 140, 147, 154, 155, 161, 162, 166, 167, 172, 182, 186, 187, 188, 189, 190, 196, 197, 199, 200, 204, 206, 207, 211, 215, 217, 218, 220, 223, 224, 226, 231, 235, 236, 237, 238, 245, 254, 258, 261, 262, 263, 267, 271, 278, 279, 286, 288, 292, 293]
x_139: [6, 7, 9, 10, 15, 19, 21, 22, 27, 28, 30, 33, 41, 51, 52, 55, 56, 57, 64, 66, 70, 75, 77, 78, 84, 85, 88, 89, 93, 94, 95, 99, 101, 104, 108, 111, 113, 116, 117, 123, 124, 125, 128, 129, 130, 131, 132, 135, 200, 146, 257, 49, 96, 233, 127, 69, 72, 160, 80, 195, 42, 39, 120, 118, 61, 213, 284, 3, 249, 298, 192, 8, 76, 235, 32, 197, 149, 190, 222, 228, 210, 54, 35, 183, 290, 156, 74, 71, 277, 25, 285, 283, 295, 145, 220, 158, 223, 43, 13, 241, 209, 133, 12, 67, 212, 138, 59, 247, 26, 279, 282, 291, 206, 276, 188, 202, 234, 262, 11, 248, 271, 105, 144, 147, 155, 166, 171, 172, 175, 184, 191, 196, 198, 201, 203, 205, 207, 208, 215, 221, 227, 237, 238, 239, 242, 243, 245, 251, 254, 255, 258, 267, 269, 270, 274, 278, 292, 300]
x_140: [3, 5, 8, 12, 17, 21, 22, 23, 27, 33, 37, 38, 44, 48, 51, 62, 67, 69, 72, 74, 75, 76, 77, 78, 80, 84, 87, 88, 89, 91, 92, 97, 102, 103, 104, 105, 108, 111, 114, 115, 121, 124, 127, 130, 131, 132, 133, 134, 135, 268, 16, 18, 99, 155, 227, 261, 138, 28, 216, 193, 153, 258, 168, 278, 267, 285, 215, 113, 31, 256, 204, 126, 43, 226, 262, 148, 281, 199, 257, 13, 236, 271, 235, 230, 176, 101, 203, 54, 245, 137, 128, 150, 231, 228, 219, 110, 206, 234, 41, 276, 224, 183, 286, 207, 162, 83, 185, 152, 177, 272, 120, 53, 142, 66, 240, 293, 282, 179, 45, 55, 233, 259, 197, 86, 7, 290, 4, 70, 283, 292, 163, 98, 146, 147, 112, 60, 247, 19, 187, 159, 252, 144, 145, 154, 156, 161, 178, 180, 182, 186, 189, 194, 198, 200, 201, 202, 209, 211, 212, 222, 223, 229, 232, 237, 239, 242, 243, 248, 255, 269, 270, 274, 279, 284, 296, 298, 300]
x_141: [4, 6, 8, 9, 12, 22, 25, 28, 29, 42, 45, 48, 52, 68, 72, 77, 78, 84, 85, 87, 91, 92, 93, 94, 96, 97, 103, 104, 106, 107, 108, 115, 125, 128, 129, 132, 134, 137, 27, 46, 157, 238, 284, 83, 193, 195, 5, 71, 176, 64, 130, 81, 89, 33, 222, 39, 268, 243, 161, 67, 170, 265, 298, 20, 153, 80, 143, 146, 152, 154, 155, 159, 160, 162, 166, 167, 172, 175, 178, 179, 182, 184, 189, 190, 191, 198, 201, 203, 204, 206, 207, 208, 209, 215, 218, 221, 223, 225, 226, 229, 233, 234, 235, 239, 241, 245, 247, 248, 250, 251, 254, 257, 259, 262, 269, 275, 276, 279, 286, 288, 290, 292, 293, 300]
x_142: [3, 4, 6, 10, 14, 15, 16, 18, 21, 23, 25, 27, 28, 33, 34, 40, 45, 47, 54, 56, 57, 58, 59, 62, 63, 64, 68, 69, 71, 74, 75, 82, 87, 88, 92, 93, 96, 99, 100, 102, 104, 108, 110, 111, 113, 115, 116, 117, 124, 128, 129, 134, 135, 140, 191, 213, 95, 1, 232, 197, 193, 270, 226, 70, 250, 37, 224, 268, 148, 38, 222, 145, 180, 132, 112, 126, 76, 200, 105, 188, 36, 256, 177, 275, 300, 163, 80, 175, 220, 231, 155, 284, 261, 179, 127, 190, 26, 89, 162, 172, 290, 174, 35, 292, 192, 41, 83, 107, 144, 229, 17, 204, 94, 19, 252, 157, 156, 159, 170, 182, 183, 194, 198, 203, 205, 206, 207, 208, 212, 215, 217, 218, 221, 223, 225, 235, 237, 238, 239, 240, 242, 243, 245, 247, 248, 253, 255, 259, 265, 276, 278, 279, 280, 286, 287, 293, 295]
x_143: [5, 6, 8, 10, 11, 14, 16, 17, 18, 21, 22, 23, 26, 27, 28, 29, 31, 34, 35, 37, 42, 44, 50, 51, 54, 55, 58, 61, 62, 63, 64, 67, 69, 74, 75, 76, 77, 84, 86, 87, 88, 89, 91, 95, 99, 103, 104, 105, 107, 108, 109, 112, 114, 115, 120, 121, 122, 124, 130, 132, 135, 136, 137, 261, 217, 193, 7, 90, 145, 93, 249, 211, 240, 271, 102, 60, 160, 290, 196, 205, 220, 269, 279, 262, 125, 164, 110, 186, 298, 266, 82, 195, 131, 222, 206, 218, 190, 225, 56, 256, 92, 264, 282, 46, 4, 255, 181, 39, 53, 224, 119, 20, 73, 188, 106, 263, 129, 234, 191, 208, 202, 293, 166, 3, 36, 215, 198, 183, 80, 169, 113, 258, 150, 226, 212, 292, 144, 72, 273, 172, 59, 170, 229, 52, 241, 65, 200, 275, 141, 223, 270, 221, 78, 118, 209, 189, 300, 235, 281, 233, 33, 85, 247, 253, 242, 96, 295, 276, 168, 203, 287, 274, 146, 147, 152, 157, 159, 161, 167, 173, 175, 178, 192, 204, 216, 230, 236, 237, 238, 239, 243, 244, 245, 265, 268, 278, 283, 284]
x_144: [3, 8, 9, 11, 17, 18, 21, 22, 24, 25, 29, 33, 34, 38, 39, 42, 48, 55, 57, 58, 61, 62, 63, 64, 68, 69, 76, 77, 81, 84, 85, 87, 88, 90, 92, 94, 95, 96, 99, 106, 107, 108, 110, 111, 112, 121, 128, 129, 130, 131, 132, 138, 142, 143, 134, 5, 36, 295, 200, 263, 297, 203, 275, 208, 296, 273, 158, 89, 259, 97, 258, 66, 248, 32, 149, 59, 136, 28, 228, 285, 241, 30, 60, 185, 280, 79, 300, 236, 202, 283, 147, 1, 190, 73, 224, 288, 23, 278, 167, 269, 249, 266, 238, 161, 27, 189, 52, 35, 227, 160, 12, 15, 178, 45, 78, 100, 116, 162, 164, 186, 139, 123, 113, 49, 184, 211, 268, 44, 247, 41, 46, 215, 237, 70, 179, 154, 170, 115, 232, 51, 276, 93, 4, 267, 140, 188, 257, 222, 155, 207, 127, 231, 26, 151, 239, 43, 174, 277, 86, 199, 47, 181, 221, 205, 153, 67, 74, 175, 216, 292, 120, 270, 166, 287, 157, 72, 122, 37, 198, 286, 40, 254, 255, 7, 98, 168, 284, 245, 135, 2, 197, 235, 104, 19, 282, 148, 152, 156, 171, 182, 183, 191, 192, 194, 196, 204, 206, 209, 213, 214, 233, 242, 243, 251, 262, 265, 274, 279, 290, 291]
x_145: [3, 8, 14, 16, 17, 19, 21, 23, 24, 26, 27, 28, 33, 34, 35, 51, 52, 55, 56, 58, 60, 61, 62, 66, 67, 71, 75, 76, 78, 81, 82, 84, 85, 87, 88, 91, 95, 96, 102, 108, 112, 121, 124, 125, 130, 131, 134, 135, 139, 142, 143, 280, 200, 233, 274, 110, 268, 258, 278, 253, 283, 93, 154, 190, 157, 170, 72, 172, 109, 235, 263, 221, 229, 22, 45, 295, 176, 65, 298, 122, 264, 152, 164, 286, 184, 281, 234, 216, 41, 270, 248, 20, 291, 261, 167, 260, 94, 127, 239, 249, 86, 250, 192, 140, 173, 133, 189, 224, 59, 105, 275, 11, 50, 120, 128, 269, 137, 244, 136, 161, 118, 150, 296, 39, 6, 1, 202, 149, 156, 158, 159, 162, 166, 171, 178, 179, 183, 191, 198, 201, 204, 205, 207, 209, 213, 215, 217, 218, 220, 222, 237, 240, 246, 262, 267, 276, 279, 284, 288, 292, 297, 299]
x_146: [1, 5, 6, 8, 14, 18, 19, 27, 28, 35, 39, 40, 43, 45, 50, 54, 56, 59, 61, 64, 66, 67, 72, 76, 77, 78, 79, 81, 82, 88, 89, 90, 94, 95, 97, 99, 100, 102, 103, 104, 106, 111, 112, 121, 128, 132, 133, 134, 139, 140, 24, 167, 212, 203, 214, 288, 221, 289, 150, 285, 38, 286, 229, 74, 93, 241, 180, 224, 260, 156, 163, 20, 165, 239, 223, 71, 174, 36, 159, 62, 122, 242, 263, 220, 49, 164, 119, 244, 141, 131, 63, 261, 254, 12, 282, 47, 246, 101, 55, 211, 22, 188, 176, 9, 123, 87, 130, 192, 202, 210, 296, 295, 152, 2, 17, 208, 268, 48, 172, 270, 279, 127, 143, 157, 267, 247, 86, 231, 137, 179, 258, 26, 168, 70, 227, 264, 117, 162, 215, 280, 272, 219, 218, 235, 115, 278, 65, 124, 290, 287, 98, 225, 240, 160, 297, 187, 69, 250, 80, 265, 197, 116, 30, 21, 194, 149, 13, 209, 237, 96, 273, 226, 299, 68, 11, 118, 283, 148, 153, 154, 166, 173, 178, 189, 190, 191, 195, 198, 201, 204, 206, 213, 216, 230, 232, 233, 234, 236, 238, 243, 248, 256, 259, 276, 281, 293, 298]
x_147: [11, 13, 15, 18, 21, 22, 25, 28, 29, 30, 35, 38, 39, 40, 41, 48, 50, 57, 58, 63, 72, 77, 79, 84, 85, 87, 88, 89, 90, 94, 95, 96, 100, 101, 104, 111, 112, 113, 115, 122, 124, 125, 128, 129, 130, 131, 132, 140, 144, 139, 198, 208, 164, 37, 255, 110, 234, 179, 299, 254, 200, 162, 294, 43, 227, 193, 273, 296, 150, 195, 284, 189, 107, 154, 226, 280, 229, 69, 205, 261, 262, 169, 176, 166, 263, 118, 178, 151, 80, 34, 240, 127, 81, 12, 266, 117, 121, 42, 60, 54, 236, 277, 165, 32, 4, 286, 106, 238, 17, 182, 73, 248, 260, 93, 51, 253, 92, 62, 136, 257, 246, 36, 97, 265, 225, 184, 155, 157, 167, 187, 174, 275, 170, 244, 180, 237, 98, 143, 149, 75, 272, 282, 102, 247, 99, 239, 138, 245, 163, 134, 52, 232, 186, 14, 243, 2, 168, 218, 152, 153, 159, 175, 183, 188, 190, 191, 192, 201, 203, 206, 207, 209, 214, 215, 221, 222, 223, 230, 235, 242, 250, 251, 259, 267, 269, 270, 274, 278, 279, 281, 287, 291, 292, 293, 297, 300]
x_148: [6, 8, 10, 14, 17, 18, 19, 24, 28, 30, 33, 34, 37, 38, 41, 44, 46, 47, 48, 52, 56, 58, 66, 67, 75, 76, 77, 78, 82, 85, 89, 92, 99, 103, 104, 107, 109, 111, 112, 114, 118, 121, 124, 125, 128, 129, 131, 133, 138, 140, 142, 200, 105, 188, 260, 31, 178, 137, 175, 132, 263, 204, 163, 7, 294, 65, 201, 21, 156, 70, 227, 167, 218, 272, 208, 284, 215, 155, 1, 39, 230, 91, 50, 299, 162, 93, 277, 81, 291, 192, 157, 289, 144, 221, 68, 164, 229, 298, 69, 217, 219, 146, 266, 243, 198, 256, 234, 286, 196, 264, 165, 268, 267, 273, 235, 151, 2, 254, 154, 87, 32, 35, 152, 153, 159, 161, 173, 174, 177, 179, 180, 182, 184, 189, 190, 194, 197, 202, 203, 206, 207, 209, 211, 212, 222, 223, 224, 232, 237, 242, 247, 251, 253, 257, 269, 270, 274, 276, 288, 290, 292, 297]
x_149: [1, 3, 6, 11, 15, 16, 17, 19, 21, 22, 23, 24, 25, 34, 39, 41, 45, 47, 50, 53, 56, 58, 62, 67, 68, 69, 72, 76, 77, 82, 84, 85, 87, 88, 92, 94, 95, 96, 99, 102, 108, 109, 120, 127, 128, 129, 130, 131, 135, 137, 139, 144, 145, 146, 147, 200, 114, 233, 202, 150, 55, 168, 191, 199, 18, 107, 90, 286, 78, 278, 79, 26, 110, 152, 160, 163, 166, 167, 169, 173, 177, 178, 180, 186, 190, 197, 203, 208, 209, 212, 215, 218, 220, 222, 227, 229, 231, 235, 237, 241, 242, 244, 253, 255, 262, 263, 267, 274, 275, 279, 280, 283, 284, 288, 291, 292]
x_150: [3, 8, 10, 11, 15, 19, 24, 27, 28, 29, 33, 34, 35, 37, 38, 40, 43, 48, 50, 52, 56, 57, 58, 62, 64, 66, 67, 70, 82, 84, 85, 87, 89, 91, 92, 93, 95, 96, 99, 102, 104, 106, 107, 108, 110, 112, 115, 116, 123, 125, 127, 128, 129, 130, 131, 132, 133, 135, 140, 143, 145, 146, 147, 149, 165, 276, 181, 225, 263, 275, 273, 119, 63, 266, 246, 12, 267, 285, 126, 68, 288, 244, 279, 30, 73, 60, 176, 152, 153, 154, 159, 161, 166, 167, 172, 173, 174, 178, 179, 183, 189, 196, 203, 207, 217, 218, 222, 226, 227, 229, 234, 236, 237, 238, 243, 245, 248, 251, 257, 262, 264, 265, 274, 283, 286, 289, 290, 297, 300]
x_151: [3, 8, 10, 14, 15, 16, 17, 19, 21, 22, 23, 28, 29, 30, 33, 34, 37, 38, 40, 43, 46, 47, 48, 51, 54, 56, 59, 62, 64, 66, 72, 73, 74, 76, 81, 84, 85, 88, 89, 93, 94, 96, 97, 99, 100, 102, 103, 105, 120, 121, 127, 128, 129, 130, 132, 133, 144, 147, 148, 295, 282, 179, 80, 18, 277, 78, 77, 67, 82, 285, 193, 182, 171, 153, 154, 156, 157, 163, 165, 166, 167, 169, 174, 175, 177, 183, 192, 201, 204, 206, 207, 211, 215, 216, 220, 225, 226, 232, 233, 234, 239, 242, 248, 249, 257, 261, 269, 274, 276, 279, 280, 281, 283, 287, 290, 292, 293, 298, 299, 300]
x_152: [1, 3, 5, 6, 10, 14, 15, 18, 19, 23, 28, 29, 38, 43, 44, 54, 55, 61, 63, 64, 66, 74, 82, 85, 86, 88, 89, 92, 93, 95, 96, 97, 99, 102, 105, 107, 108, 109, 113, 124, 125, 128, 129, 133, 134, 135, 140, 145, 146, 245, 206, 62, 48, 35, 106, 149, 298, 279, 53, 228, 50, 243, 244, 297, 39, 136, 225, 122, 208, 258, 117, 253, 16, 13, 164, 126, 37, 199, 51, 166, 42, 291, 261, 237, 293, 262, 198, 68, 127, 255, 192, 249, 232, 174, 189, 160, 276, 176, 204, 81, 196, 190, 200, 147, 218, 103, 155, 4, 110, 201, 285, 2, 212, 143, 278, 70, 260, 148, 12, 158, 266, 150, 185, 227, 271, 40, 154, 132, 194, 77, 290, 222, 275, 163, 33, 36, 283, 177, 215, 111, 69, 56, 217, 274, 71, 178, 120, 45, 116, 67, 46, 84, 57, 78, 41, 239, 144, 24, 131, 72, 295, 286, 224, 270, 288, 287, 153, 211, 268, 80, 141, 207, 289, 197, 267, 282, 159, 162, 169, 170, 173, 175, 179, 180, 182, 202, 203, 205, 209, 213, 220, 229, 233, 238, 246, 248, 252, 254, 263, 265, 269, 284, 299]
x_153: [3, 4, 6, 8, 11, 14, 18, 22, 23, 24, 27, 30, 39, 43, 44, 46, 50, 52, 55, 57, 61, 67, 68, 69, 71, 74, 75, 76, 77, 78, 84, 85, 87, 89, 94, 96, 99, 102, 104, 105, 108, 110, 123, 127, 129, 130, 131, 132, 135, 136, 138, 140, 141, 144, 152, 228, 163, 9, 239, 1, 215, 190, 159, 175, 196, 202, 244, 150, 197, 286, 213, 20, 282, 263, 31, 7, 293, 206, 193, 249, 285, 72, 214, 170, 158, 167, 147, 128, 37, 54, 223, 195, 278, 280, 35, 45, 189, 221, 204, 80, 209, 66, 256, 211, 15, 34, 86, 254, 16, 292, 117, 216, 235, 146, 59, 199, 187, 12, 296, 82, 47, 252, 297, 65, 36, 288, 29, 233, 283, 229, 162, 17, 284, 115, 178, 73, 90, 181, 2, 118, 56, 169, 220, 28, 273, 125, 26, 299, 106, 60, 240, 63, 114, 231, 243, 210, 176, 91, 120, 194, 93, 168, 205, 21, 164, 38, 40, 276, 19, 191, 83, 70, 177, 291, 151, 260, 279, 148, 116, 250, 171, 160, 49, 113, 274, 112, 267, 98, 174, 156, 290, 92, 287, 270, 13, 265, 95, 161, 198, 212, 217, 218, 226, 236, 237, 238, 242, 245, 262, 266, 269, 275, 298]
x_154: [4, 8, 9, 11, 15, 21, 22, 23, 26, 27, 28, 30, 34, 38, 39, 40, 41, 42, 43, 45, 56, 57, 58, 59, 60, 61, 63, 64, 66, 67, 69, 70, 74, 76, 77, 81, 82, 87, 88, 89, 90, 91, 94, 96, 100, 101, 103, 104, 105, 110, 111, 112, 114, 121, 125, 127, 129, 131, 144, 145, 147, 148, 152, 37, 253, 168, 286, 172, 206, 261, 99, 233, 128, 251, 189, 164, 221, 200, 179, 212, 255, 31, 124, 166, 267, 107, 3, 217, 207, 175, 177, 13, 113, 192, 24, 197, 187, 283, 120, 289, 150, 134, 109, 257, 79, 133, 102, 258, 265, 141, 122, 93, 167, 191, 292, 151, 85, 216, 146, 241, 95, 238, 227, 159, 230, 250, 157, 262, 176, 203, 196, 226, 73, 47, 174, 184, 138, 130, 140, 246, 204, 181, 272, 160, 162, 163, 171, 173, 182, 188, 190, 195, 198, 201, 209, 211, 213, 218, 222, 231, 235, 236, 242, 243, 245, 254, 259, 260, 264, 268, 269, 270, 275, 278, 295, 300]
x_155: [7, 8, 9, 13, 14, 15, 17, 19, 25, 28, 30, 33, 35, 37, 38, 40, 42, 47, 50, 54, 55, 56, 58, 59, 62, 69, 74, 75, 77, 82, 85, 88, 93, 94, 96, 99, 102, 105, 108, 112, 113, 117, 118, 121, 122, 124, 125, 127, 128, 129, 131, 132, 133, 134, 140, 142, 144, 147, 148, 152, 184, 300, 24, 247, 138, 135, 70, 65, 277, 185, 245, 46, 123, 66, 179, 141, 130, 22, 210, 6, 167, 262, 92, 239, 45, 11, 175, 2, 27, 206, 137, 203, 235, 298, 187, 251, 215, 290, 201, 139, 166, 263, 97, 176, 241, 177, 76, 182, 20, 156, 160, 173, 174, 178, 189, 190, 192, 193, 194, 198, 204, 209, 216, 218, 221, 222, 223, 226, 229, 230, 231, 236, 237, 238, 243, 248, 249, 253, 255, 259, 260, 261, 267, 270, 274, 278, 279, 288, 291, 293]
x_156: [1, 3, 6, 7, 14, 15, 17, 18, 19, 21, 23, 28, 31, 33, 35, 39, 41, 44, 46, 55, 56, 57, 58, 59, 64, 69, 75, 76, 77, 81, 82, 85, 87, 89, 99, 102, 103, 105, 106, 109, 110, 123, 124, 125, 131, 132, 133, 137, 138, 139, 146, 148, 153, 242, 127, 243, 93, 205, 67, 230, 166, 63, 95, 10, 235, 112, 189, 22, 254, 145, 281, 206, 144, 195, 261, 11, 86, 297, 136, 140, 234, 159, 222, 134, 100, 257, 83, 13, 107, 151, 79, 96, 182, 215, 173, 177, 104, 120, 66, 225, 200, 92, 8, 78, 244, 247, 210, 291, 183, 220, 26, 155, 292, 52, 172, 70, 294, 290, 121, 42, 229, 167, 216, 188, 270, 265, 27, 94, 180, 300, 272, 160, 48, 221, 12, 36, 130, 251, 118, 289, 293, 278, 174, 178, 25, 142, 47, 269, 190, 115, 161, 162, 163, 169, 175, 179, 184, 187, 197, 198, 201, 209, 212, 218, 224, 226, 231, 233, 237, 238, 241, 248, 259, 260, 262, 276, 277, 280, 286, 287]
x_157: [3, 6, 9, 14, 16, 18, 19, 22, 24, 27, 28, 31, 33, 35, 39, 45, 46, 47, 50, 51, 52, 55, 58, 59, 61, 71, 72, 74, 75, 76, 77, 81, 84, 85, 87, 88, 89, 91, 93, 94, 99, 100, 101, 104, 105, 106, 107, 109, 111, 120, 124, 128, 129, 131, 132, 141, 142, 144, 145, 146, 147, 148, 154, 195, 290, 207, 143, 269, 191, 17, 2, 41, 164, 103, 159, 258, 162, 208, 119, 86, 214, 254, 256, 209, 170, 185, 40, 151, 135, 38, 69, 228, 212, 173, 213, 114, 273, 217, 294, 192, 174, 248, 161, 12, 53, 184, 160, 171, 179, 180, 188, 189, 201, 202, 204, 206, 211, 216, 218, 219, 221, 222, 223, 225, 226, 229, 230, 235, 236, 237, 238, 241, 245, 249, 251, 257, 259, 262, 267, 270, 272, 274, 279, 281, 284, 288, 291, 293]
x_158: [2, 3, 8, 9, 10, 15, 17, 18, 19, 25, 27, 28, 29, 37, 39, 43, 44, 55, 62, 64, 68, 72, 75, 76, 77, 82, 87, 89, 91, 97, 99, 100, 101, 104, 105, 106, 107, 108, 109, 111, 116, 120, 121, 131, 132, 134, 135, 139, 144, 152, 153, 276, 237, 145, 298, 184, 159, 162, 163, 166, 169, 178, 182, 189, 194, 196, 198, 201, 204, 205, 206, 209, 213, 215, 220, 222, 223, 224, 227, 229, 238, 240, 242, 245, 246, 247, 248, 253, 254, 255, 257, 261, 265, 267, 273, 275, 278, 279, 284, 287, 288, 290, 293, 297, 299]
x_159: [3, 6, 14, 15, 17, 18, 23, 26, 27, 28, 29, 31, 33, 35, 37, 39, 40, 41, 46, 48, 50, 56, 57, 58, 61, 64, 68, 72, 75, 76, 82, 85, 87, 89, 92, 93, 95, 96, 99, 101, 106, 115, 116, 117, 119, 121, 125, 128, 129, 130, 132, 133, 134, 135, 138, 140, 146, 153, 154, 156, 157, 278, 47, 5, 168, 185, 193, 296, 240, 286, 110, 175, 21, 109, 268, 234, 300, 288, 203, 100, 272, 143, 189, 190, 164, 212, 1, 8, 73, 199, 271, 52, 283, 222, 254, 32, 206, 148, 279, 209, 289, 43, 112, 142, 291, 269, 141, 262, 274, 98, 176, 13, 246, 131, 51, 86, 204, 83, 266, 53, 54, 259, 81, 178, 55, 162, 200, 147, 80, 241, 285, 183, 158, 161, 111, 160, 165, 198, 10, 78, 113, 69, 237, 171, 2, 210, 103, 152, 145, 219, 107, 150, 79, 216, 167, 104, 42, 20, 255, 195, 105, 77, 88, 191, 74, 253, 211, 247, 267, 257, 244, 166, 172, 173, 174, 179, 180, 182, 187, 192, 194, 201, 202, 207, 208, 215, 217, 218, 227, 228, 230, 233, 235, 236, 238, 239, 242, 248, 261, 265, 275, 276, 280, 290, 293]
x_160: [3, 4, 5, 6, 10, 15, 16, 17, 19, 21, 23, 25, 27, 28, 33, 35, 38, 39, 40, 44, 46, 47, 52, 54, 56, 58, 60, 64, 66, 67, 71, 72, 75, 81, 84, 87, 91, 95, 96, 97, 100, 101, 102, 104, 105, 106, 109, 111, 112, 115, 120, 121, 122, 124, 128, 129, 130, 131, 132, 133, 134, 135, 136, 137, 139, 143, 144, 146, 152, 153, 156, 159, 176, 216, 194, 179, 276, 259, 228, 98, 192, 205, 149, 293, 141, 181, 272, 290, 262, 232, 155, 32, 188, 103, 191, 80, 31, 118, 234, 236, 295, 93, 235, 268, 189, 245, 127, 246, 117, 51, 41, 220, 226, 36, 270, 277, 171, 283, 255, 242, 281, 174, 59, 116, 177, 157, 29, 237, 1, 249, 55, 197, 8, 208, 182, 261, 125, 166, 206, 256, 212, 207, 209, 165, 113, 69, 210, 263, 26, 83, 298, 275, 218, 299, 73, 300, 227, 243, 77, 284, 65, 114, 20, 241, 68, 50, 42, 180, 269, 85, 296, 18, 37, 238, 273, 110, 53, 161, 292, 297, 274, 70, 57, 289, 107, 108, 13, 89, 86, 123, 260, 267, 240, 14, 196, 154, 162, 167, 172, 173, 178, 183, 184, 201, 202, 203, 204, 217, 223, 230, 239, 247, 248, 278, 279, 285, 287, 288]
x_161: [3, 4, 7, 8, 10, 15, 16, 17, 22, 34, 35, 38, 39, 40, 44, 54, 55, 56, 60, 61, 64, 66, 67, 69, 71, 74, 77, 80, 82, 85, 87, 89, 91, 94, 95, 96, 97, 101, 102, 103, 107, 109, 112, 114, 115, 117, 118, 120, 121, 124, 127, 129, 132, 135, 141, 144, 145, 157, 159, 160, 291, 240, 59, 19, 274, 171, 213, 186, 261, 1, 193, 187, 231, 258, 143, 185, 219, 43, 53, 84, 262, 282, 31, 288, 2, 237, 287, 26, 58, 273, 259, 271, 229, 227, 140, 189, 242, 266, 200, 23, 41, 279, 244, 179, 267, 165, 57, 194, 14, 134, 284, 210, 133, 281, 241, 255, 63, 86, 172, 110, 92, 148, 280, 46, 24, 13, 191, 214, 5, 122, 234, 126, 36, 208, 182, 232, 184, 236, 296, 233, 170, 260, 269, 212, 48, 62, 207, 11, 150, 247, 138, 37, 21, 285, 73, 12, 42, 211, 253, 263, 168, 104, 250, 257, 220, 264, 206, 116, 192, 156, 45, 174, 216, 246, 202, 199, 153, 162, 163, 166, 175, 178, 180, 183, 190, 197, 201, 203, 204, 226, 228, 230, 248, 265, 270, 275, 276, 286, 290, 293, 294]
x_162: [3, 4, 8, 9, 11, 14, 15, 16, 17, 19, 22, 27, 28, 30, 33, 38, 39, 40, 43, 57, 61, 62, 64, 66, 68, 74, 76, 80, 81, 82, 85, 86, 87, 88, 91, 92, 93, 94, 97, 99, 102, 105, 106, 108, 110, 112, 117, 123, 124, 128, 129, 130, 131, 133, 134, 140, 142, 144, 146, 147, 148, 153, 157, 159, 241, 47, 264, 263, 287, 258, 63, 228, 52, 252, 127, 262, 249, 294, 24, 135, 216, 44, 136, 195, 83, 89, 217, 226, 193, 2, 137, 46, 236, 115, 169, 298, 251, 190, 284, 119, 6, 291, 26, 29, 23, 199, 186, 283, 209, 160, 250, 184, 122, 214, 120, 296, 172, 138, 280, 288, 229, 276, 51, 219, 167, 259, 293, 196, 154, 55, 254, 255, 212, 243, 7, 277, 59, 274, 270, 233, 158, 181, 237, 34, 194, 78, 1, 161, 56, 191, 174, 189, 269, 73, 248, 204, 113, 164, 5, 10, 197, 118, 13, 203, 75, 220, 20, 268, 183, 173, 141, 206, 175, 152, 201, 271, 178, 166, 205, 260, 101, 253, 244, 125, 104, 170, 211, 53, 200, 103, 31, 37, 49, 145, 223, 165, 281, 176, 18, 213, 225, 286, 156, 121, 171, 168, 177, 192, 202, 207, 208, 215, 218, 221, 222, 227, 234, 240, 242, 247, 261, 273, 285, 290, 292]
x_163: [1, 3, 4, 6, 8, 9, 10, 14, 15, 16, 18, 21, 22, 24, 28, 29, 33, 35, 40, 45, 46, 47, 56, 57, 62, 64, 66, 67, 72, 75, 76, 77, 78, 81, 85, 87, 88, 89, 97, 99, 100, 104, 105, 107, 108, 110, 113, 121, 122, 127, 130, 131, 133, 134, 136, 138, 140, 142, 146, 147, 148, 152, 153, 256, 202, 232, 185, 299, 238, 269, 132, 58, 200, 227, 261, 257, 295, 158, 250, 244, 82, 216, 249, 266, 279, 291, 70, 193, 13, 258, 42, 182, 235, 80, 168, 156, 209, 248, 297, 169, 103, 74, 44, 5, 48, 280, 210, 149, 270, 220, 71, 170, 203, 283, 229, 267, 294, 211, 236, 222, 221, 284, 60, 52, 167, 275, 194, 65, 17, 178, 26, 84, 218, 198, 265, 278, 292, 92, 183, 245, 252, 161, 112, 63, 254, 234, 83, 298, 55, 120, 273, 268, 91, 125, 34, 19, 224, 199, 288, 251, 272, 192, 263, 255, 214, 20, 177, 242, 154, 187, 246, 262, 151, 219, 281, 124, 230, 296, 59, 188, 190, 226, 123, 213, 54, 215, 86, 201, 7, 95, 90, 166, 180, 184, 186, 206, 225, 233, 247, 259, 276, 285, 287, 293]
x_164: [3, 6, 8, 16, 17, 21, 23, 27, 28, 29, 34, 38, 48, 50, 55, 57, 59, 62, 66, 67, 68, 69, 75, 76, 78, 84, 87, 93, 94, 96, 99, 102, 103, 104, 105, 106, 108, 109, 112, 120, 121, 124, 125, 133, 134, 135, 136, 137, 143, 144, 145, 146, 147, 148, 152, 153, 154, 157, 159, 162, 241, 20, 4, 43, 45, 231, 13, 179, 169, 172, 180, 183, 189, 190, 191, 192, 196, 197, 198, 204, 206, 207, 209, 210, 213, 214, 215, 218, 221, 223, 226, 229, 230, 232, 233, 237, 246, 250, 253, 257, 258, 259, 260, 261, 263, 270, 273, 278, 279, 280, 281, 290, 291, 292, 293, 298, 299, 300]
x_165: [3, 6, 9, 17, 18, 19, 20, 23, 25, 34, 35, 41, 45, 54, 56, 57, 58, 59, 60, 61, 62, 63, 66, 67, 69, 70, 73, 75, 76, 77, 78, 80, 83, 87, 89, 93, 94, 99, 100, 104, 106, 108, 110, 111, 112, 115, 117, 123, 126, 131, 135, 146, 147, 148, 150, 159, 160, 161, 162, 189, 206, 249, 243, 91, 293, 259, 170, 47, 265, 1, 71, 84, 151, 289, 245, 268, 8, 30, 169, 240, 284, 119, 82, 74, 130, 48, 257, 178, 121, 44, 50, 125, 166, 171, 173, 174, 175, 177, 180, 182, 183, 188, 190, 194, 202, 204, 208, 212, 214, 217, 220, 221, 223, 225, 227, 229, 232, 233, 235, 236, 237, 251, 262, 269, 274, 276, 278, 281, 283, 285, 286, 290, 299, 300]
x_166: [6, 16, 17, 19, 22, 24, 25, 34, 37, 41, 42, 50, 54, 55, 56, 57, 58, 59, 63, 70, 72, 75, 76, 77, 79, 85, 87, 89, 91, 96, 97, 99, 100, 102, 105, 106, 107, 109, 110, 111, 112, 115, 117, 124, 127, 128, 129, 130, 131, 132, 133, 134, 143, 144, 147, 152, 154, 155, 156, 160, 162, 171, 149, 51, 18, 193, 53, 235, 113, 137, 217, 262, 5, 293, 94, 14, 204, 38, 169, 300, 61, 274, 146, 188, 49, 60, 284, 126, 13, 3, 68, 119, 39, 138, 66, 141, 190, 223, 165, 264, 251, 184, 67, 256, 229, 158, 135, 159, 209, 216, 200, 80, 266, 150, 118, 71, 29, 180, 228, 145, 254, 219, 139, 120, 276, 36, 279, 240, 1, 198, 121, 151, 275, 98, 176, 178, 281, 234, 92, 163, 192, 225, 43, 48, 255, 161, 191, 206, 15, 88, 7, 30, 244, 35, 12, 286, 205, 258, 8, 32, 290, 21, 222, 69, 291, 260, 233, 283, 220, 242, 249, 174, 182, 186, 194, 201, 202, 203, 207, 211, 213, 214, 215, 218, 224, 226, 230, 247, 253, 259, 261, 269, 278, 280, 288, 294]
x_167: [3, 5, 7, 8, 9, 14, 15, 17, 18, 19, 21, 22, 26, 27, 28, 33, 34, 35, 42, 44, 46, 51, 52, 55, 58, 59, 61, 64, 67, 69, 75, 76, 77, 82, 85, 87, 88, 89, 90, 91, 93, 99, 100, 102, 105, 113, 114, 117, 124, 125, 127, 129, 130, 131, 132, 133, 144, 145, 146, 147, 148, 153, 154, 155, 156, 159, 162, 163, 151, 32, 80, 172, 192, 86, 229, 184, 111, 213, 239, 138, 66, 245, 78, 289, 206, 188, 202, 281, 247, 115, 254, 288, 150, 248, 287, 235, 24, 168, 30, 201, 95, 49, 249, 118, 12, 190, 160, 103, 29, 211, 10, 243, 198, 116, 189, 191, 285, 193, 227, 261, 81, 65, 176, 273, 296, 106, 122, 228, 38, 256, 63, 272, 293, 48, 137, 179, 149, 240, 274, 219, 221, 4, 232, 217, 141, 135, 275, 47, 208, 143, 280, 263, 1, 299, 295, 244, 98, 169, 209, 74, 37, 173, 177, 84, 262, 241, 174, 178, 194, 203, 204, 210, 215, 218, 225, 233, 236, 237, 242, 253, 259, 260, 267, 271, 276, 277, 278, 279, 284, 286, 291]
x_168: [3, 8, 9, 15, 16, 17, 19, 23, 28, 29, 31, 33, 34, 35, 37, 39, 42, 43, 46, 47, 52, 56, 57, 58, 64, 66, 67, 68, 72, 74, 76, 77, 82, 84, 85, 87, 92, 96, 97, 99, 104, 106, 109, 110, 111, 112, 115, 120, 124, 128, 130, 131, 132, 137, 140, 143, 144, 146, 147, 149, 153, 154, 159, 161, 163, 167, 226, 162, 126, 200, 63, 136, 227, 300, 170, 172, 174, 177, 178, 180, 183, 186, 189, 191, 197, 198, 202, 203, 204, 205, 207, 209, 211, 213, 214, 222, 230, 233, 235, 237, 238, 242, 245, 246, 255, 257, 261, 267, 268, 270, 274, 275, 278, 281, 283, 284, 287, 289, 290, 293, 296]
x_169: [6, 9, 10, 14, 17, 22, 23, 27, 28, 33, 38, 45, 46, 48, 51, 54, 56, 58, 60, 61, 66, 67, 70, 71, 72, 75, 81, 82, 85, 87, 88, 92, 94, 95, 97, 100, 102, 105, 106, 107, 111, 113, 115, 117, 120, 121, 123, 125, 128, 130, 131, 132, 133, 134, 135, 136, 143, 147, 153, 162, 163, 165, 166, 167, 119, 26, 187, 259, 180, 152, 18, 285, 192, 235, 280, 37, 57, 299, 40, 230, 73, 39, 149, 76, 103, 226, 164, 252, 189, 239, 289, 53, 284, 104, 32, 288, 41, 228, 34, 300, 217, 172, 268, 287, 216, 47, 101, 156, 277, 122, 29, 246, 63, 8, 11, 7, 177, 264, 262, 208, 220, 231, 79, 182, 225, 202, 221, 209, 158, 184, 292, 4, 151, 178, 298, 171, 170, 173, 174, 175, 183, 190, 194, 197, 203, 204, 206, 211, 212, 213, 215, 218, 223, 227, 233, 234, 236, 237, 243, 248, 254, 257, 258, 269, 270, 275, 276, 278, 290]
x_170: [2, 6, 7, 15, 17, 18, 22, 27, 29, 31, 34, 36, 38, 40, 42, 46, 50, 51, 55, 56, 57, 58, 61, 62, 66, 67, 69, 70, 74, 78, 79, 82, 84, 85, 88, 95, 99, 100, 102, 104, 105, 108, 110, 115, 116, 120, 121, 123, 124, 125, 128, 130, 131, 132, 133, 134, 135, 136, 137, 138, 141, 143, 144, 145, 147, 153, 157, 161, 162, 163, 165, 113, 174, 3, 283, 287, 24, 169, 224, 168, 172, 48, 300, 248, 235, 86, 21, 44, 77, 117, 152, 80, 129, 11, 228, 76, 26, 205, 274, 16, 246, 297, 49, 176, 142, 52, 25, 60, 276, 178, 281, 217, 189, 265, 1, 233, 222, 270, 32, 242, 87, 33, 278, 173, 177, 180, 181, 183, 184, 191, 194, 197, 200, 203, 206, 207, 208, 212, 219, 236, 237, 245, 253, 254, 257, 258, 259, 260, 263, 267, 268, 269, 275, 284, 286, 292]
x_171: [1, 3, 6, 14, 15, 18, 19, 23, 24, 26, 27, 28, 29, 33, 34, 35, 36, 37, 38, 40, 42, 45, 54, 55, 56, 57, 61, 67, 68, 72, 73, 74, 85, 87, 88, 93, 96, 104, 105, 106, 107, 109, 111, 112, 127, 129, 131, 132, 135, 138, 151, 153, 159, 160, 161, 162, 166, 169, 77, 75, 261, 233, 196, 94, 260, 205, 187, 49, 253, 282, 20, 11, 206, 139, 46, 4, 165, 144, 79, 193, 285, 243, 154, 256, 110, 262, 101, 180, 215, 60, 236, 117, 264, 71, 189, 231, 182, 281, 258, 279, 175, 157, 257, 299, 186, 269, 145, 172, 179, 183, 184, 191, 198, 200, 201, 203, 204, 207, 208, 209, 213, 217, 218, 222, 223, 224, 226, 227, 229, 230, 235, 237, 238, 241, 242, 245, 247, 251, 259, 263, 265, 268, 272, 274, 275, 276, 280, 290, 291, 292, 297, 298, 300]
x_172: [3, 8, 10, 14, 15, 17, 21, 23, 24, 34, 39, 46, 54, 55, 57, 58, 61, 64, 66, 67, 69, 74, 75, 77, 78, 82, 84, 85, 88, 91, 97, 99, 100, 103, 104, 105, 108, 111, 112, 114, 127, 129, 130, 131, 132, 133, 134, 135, 142, 143, 145, 146, 154, 156, 161, 162, 167, 169, 170, 92, 190, 183, 269, 293, 72, 241, 107, 59, 268, 176, 71, 234, 164, 265, 60, 32, 47, 246, 292, 201, 200, 173, 188, 93, 204, 233, 2, 126, 206, 199, 181, 12, 255, 117, 13, 216, 44, 219, 220, 254, 195, 174, 193, 271, 208, 138, 286, 160, 289, 168, 95, 27, 283, 294, 141, 191, 65, 266, 263, 175, 253, 159, 221, 242, 196, 22, 240, 249, 285, 262, 139, 236, 213, 202, 264, 80, 4, 150, 281, 224, 248, 18, 26, 118, 90, 89, 62, 180, 189, 223, 120, 122, 96, 56, 171, 6, 278, 178, 182, 186, 192, 194, 198, 203, 212, 222, 226, 237, 238, 239, 243, 245, 247, 257, 258, 259, 267, 273, 275, 276, 279, 288, 291, 295, 298, 299]
x_173: [4, 6, 8, 11, 12, 14, 17, 19, 21, 24, 25, 29, 35, 36, 38, 46, 51, 54, 55, 56, 62, 64, 71, 74, 75, 76, 77, 80, 81, 82, 84, 85, 87, 88, 89, 92, 94, 96, 97, 99, 101, 104, 106, 125, 131, 132, 133, 134, 135, 145, 156, 157, 162, 167, 172, 10, 274, 165, 268, 261, 208, 129, 220, 297, 177, 276, 1, 9, 233, 152, 194, 111, 23, 150, 42, 78, 263, 169, 201, 95, 7, 27, 273, 197, 291, 57, 114, 86, 237, 60, 126, 127, 93, 15, 13, 155, 190, 260, 123, 34, 223, 109, 118, 211, 154, 68, 41, 288, 250, 287, 73, 258, 50, 203, 113, 105, 202, 130, 30, 192, 255, 205, 266, 215, 222, 170, 231, 195, 267, 65, 251, 184, 259, 40, 2, 79, 207, 22, 100, 283, 225, 187, 143, 37, 265, 48, 239, 122, 69, 146, 275, 70, 230, 32, 269, 196, 47, 43, 224, 148, 298, 128, 183, 243, 262, 149, 174, 278, 98, 160, 159, 248, 280, 178, 180, 189, 191, 200, 204, 206, 213, 216, 218, 219, 221, 229, 234, 236, 238, 240, 241, 242, 245, 256, 279, 281, 284, 290, 293]
x_174: [3, 4, 6, 7, 8, 9, 14, 15, 16, 21, 22, 23, 27, 28, 29, 34, 36, 39, 40, 41, 44, 47, 48, 50, 54, 56, 58, 61, 64, 66, 67, 79, 80, 85, 87, 89, 91, 93, 96, 99, 102, 106, 109, 110, 114, 116, 124, 129, 131, 133, 135, 138, 142, 144, 146, 147, 152, 153, 154, 156, 157, 160, 161, 162, 170, 172, 173, 242, 246, 296, 259, 233, 211, 167, 55, 63, 150, 94, 273, 148, 237, 182, 266, 12, 284, 73, 77, 10, 136, 35, 115, 199, 132, 26, 51, 279, 98, 90, 223, 288, 248, 277, 252, 49, 218, 293, 82, 263, 151, 33, 78, 193, 52, 235, 100, 179, 258, 30, 196, 224, 192, 290, 92, 278, 216, 249, 46, 268, 247, 295, 206, 38, 253, 168, 183, 299, 219, 238, 265, 198, 181, 203, 200, 95, 159, 243, 251, 300, 297, 236, 281, 225, 112, 169, 155, 17, 165, 260, 180, 228, 74, 175, 274, 57, 166, 70, 186, 83, 111, 32, 185, 178, 189, 190, 191, 195, 197, 201, 209, 215, 217, 220, 221, 226, 229, 230, 245, 261, 267, 270, 271, 276, 283, 291]
x_175: [3, 8, 9, 10, 12, 14, 17, 22, 24, 28, 35, 39, 46, 49, 59, 61, 62, 68, 69, 72, 74, 77, 78, 81, 84, 87, 88, 89, 90, 91, 92, 93, 96, 97, 101, 103, 106, 107, 110, 117, 124, 127, 128, 129, 130, 131, 132, 133, 135, 136, 137, 142, 144, 148, 153, 154, 155, 159, 162, 171, 172, 174, 126, 99, 244, 143, 66, 292, 4, 122, 102, 201, 36, 298, 114, 43, 219, 29, 248, 270, 274, 178, 38, 111, 289, 18, 186, 217, 53, 263, 233, 83, 269, 215, 196, 245, 234, 52, 176, 118, 57, 260, 218, 249, 26, 147, 300, 285, 225, 65, 5, 211, 45, 79, 169, 250, 283, 264, 182, 237, 261, 115, 161, 255, 279, 199, 134, 75, 228, 141, 286, 191, 180, 222, 265, 23, 230, 297, 280, 203, 121, 151, 278, 119, 282, 209, 208, 281, 139, 184, 288, 85, 284, 267, 252, 152, 156, 190, 291, 272, 262, 239, 73, 71, 229, 42, 55, 299, 165, 177, 183, 189, 192, 197, 198, 200, 202, 204, 206, 210, 212, 220, 224, 226, 227, 236, 238, 243, 246, 253, 259, 275, 276, 290, 293, 295]
x_176: [3, 6, 10, 14, 15, 16, 18, 21, 22, 23, 35, 36, 39, 40, 43, 50, 52, 54, 56, 60, 62, 64, 69, 74, 76, 79, 84, 89, 91, 93, 96, 100, 103, 104, 105, 106, 108, 114, 115, 120, 128, 129, 130, 133, 135, 138, 140, 141, 145, 146, 147, 150, 152, 153, 154, 155, 159, 160, 162, 166, 167, 170, 172, 175, 49, 44, 134, 192, 290, 136, 127, 188, 119, 205, 109, 85, 51, 25, 227, 177, 178, 179, 180, 182, 183, 189, 190, 191, 195, 198, 203, 204, 206, 207, 209, 211, 214, 222, 224, 226, 229, 230, 233, 236, 237, 239, 242, 246, 250, 251, 260, 261, 262, 263, 267, 269, 274, 276, 287, 293, 297, 298, 300]
x_177: [1, 2, 3, 8, 15, 17, 21, 22, 24, 28, 33, 34, 38, 39, 40, 42, 45, 51, 54, 57, 59, 61, 62, 66, 67, 70, 74, 75, 76, 80, 82, 84, 85, 86, 88, 93, 94, 95, 96, 97, 99, 100, 101, 102, 104, 105, 108, 111, 112, 115, 124, 125, 127, 130, 131, 133, 135, 136, 140, 142, 152, 153, 154, 155, 156, 160, 163, 167, 169, 173, 9, 71, 14, 241, 288, 6, 225, 268, 274, 128, 162, 215, 257, 119, 12, 165, 279, 236, 151, 224, 126, 198, 58, 220, 219, 264, 262, 218, 290, 184, 199, 230, 263, 170, 181, 238, 176, 44, 26, 242, 168, 278, 295, 180, 286, 186, 123, 209, 107, 148, 206, 69, 270, 175, 149, 221, 179, 182, 189, 192, 202, 208, 214, 217, 223, 227, 232, 233, 234, 235, 237, 243, 261, 269, 271, 284, 293, 299, 300]
x_178: [2, 3, 8, 9, 10, 19, 21, 22, 23, 25, 27, 28, 29, 35, 37, 38, 39, 40, 42, 43, 44, 55, 56, 57, 58, 62, 67, 70, 75, 77, 78, 81, 85, 87, 88, 89, 91, 92, 95, 97, 99, 100, 101, 104, 106, 108, 110, 112, 120, 121, 123, 124, 126, 128, 129, 132, 134, 135, 137, 138, 144, 147, 148, 152, 153, 156, 159, 162, 163, 165, 166, 169, 170, 175, 36, 48, 290, 14, 239, 143, 69, 285, 249, 130, 20, 64, 47, 172, 297, 243, 221, 54, 278, 65, 300, 234, 192, 238, 1, 168, 254, 98, 136, 83, 242, 18, 59, 233, 246, 212, 114, 31, 251, 103, 61, 269, 289, 230, 209, 160, 46, 229, 182, 7, 181, 119, 293, 176, 207, 115, 146, 12, 84, 247, 71, 273, 241, 240, 214, 225, 223, 161, 179, 74, 174, 49, 217, 262, 250, 140, 105, 16, 167, 281, 267, 122, 30, 193, 183, 68, 291, 268, 107, 180, 231, 274, 141, 86, 292, 127, 145, 196, 271, 235, 204, 93, 194, 248, 173, 189, 63, 109, 200, 202, 6, 222, 237, 17, 102, 73, 150, 191, 260, 184, 111, 149, 272, 155, 116, 277, 257, 34, 280, 228, 158, 186, 190, 195, 198, 203, 206, 210, 213, 227, 245, 258, 259, 261, 265, 275, 279]
x_179: [4, 6, 11, 16, 17, 18, 19, 22, 32, 36, 38, 40, 48, 51, 54, 57, 58, 64, 67, 69, 70, 74, 75, 76, 80, 82, 85, 87, 88, 93, 95, 96, 97, 99, 100, 104, 107, 108, 109, 110, 112, 115, 121, 123, 124, 127, 128, 133, 135, 136, 138, 140, 142, 144, 146, 147, 151, 154, 155, 160, 161, 164, 167, 174, 178, 145, 259, 295, 281, 190, 50, 232, 148, 253, 177, 187, 240, 73, 150, 245, 215, 294, 267, 55, 246, 222, 62, 137, 106, 184, 159, 247, 92, 157, 1, 226, 200, 94, 79, 45, 223, 248, 68, 284, 156, 300, 152, 188, 199, 39, 15, 132, 176, 23, 205, 285, 141, 221, 202, 5, 287, 217, 44, 171, 239, 279, 252, 231, 290, 211, 63, 263, 131, 242, 35, 251, 207, 275, 66, 296, 265, 212, 3, 218, 117, 193, 277, 261, 37, 198, 288, 90, 103, 186, 189, 194, 195, 206, 208, 209, 213, 214, 216, 224, 228, 229, 233, 234, 235, 236, 237, 238, 243, 262, 268, 273, 274, 278, 280, 286, 292, 293, 298]
x_180: [6, 15, 17, 21, 22, 27, 29, 34, 35, 36, 38, 47, 48, 52, 55, 56, 59, 60, 61, 66, 67, 68, 70, 74, 75, 76, 77, 78, 84, 85, 88, 89, 92, 93, 94, 96, 99, 102, 103, 105, 107, 116, 121, 129, 132, 133, 135, 142, 146, 147, 156, 160, 166, 169, 171, 172, 174, 175, 177, 178, 26, 222, 211, 43, 159, 83, 220, 57, 8, 192, 37, 31, 109, 16, 130, 275, 173, 12, 65, 260, 98, 283, 101, 209, 235, 268, 271, 285, 288, 231, 170, 202, 245, 219, 217, 164, 224, 251, 254, 199, 230, 198, 256, 58, 168, 262, 212, 115, 239, 300, 149, 221, 90, 11, 131, 232, 226, 201, 161, 125, 42, 28, 257, 50, 53, 223, 163, 40, 299, 277, 3, 113, 196, 108, 148, 187, 233, 267, 7, 39, 118, 194, 152, 112, 214, 82, 186, 291, 10, 30, 296, 258, 20, 294, 208, 263, 234, 176, 72, 246, 104, 278, 25, 238, 165, 216, 240, 248, 134, 106, 123, 157, 140, 95, 13, 182, 183, 184, 188, 189, 193, 197, 204, 206, 215, 218, 227, 229, 236, 237, 242, 247, 265, 269, 270, 272, 274, 284, 286, 290, 292]
x_181: [2, 6, 8, 9, 13, 15, 16, 17, 18, 21, 22, 23, 26, 27, 28, 33, 37, 38, 39, 44, 47, 48, 50, 51, 54, 56, 60, 66, 70, 72, 74, 75, 78, 85, 87, 88, 89, 92, 99, 100, 103, 106, 107, 108, 109, 110, 111, 114, 121, 123, 124, 128, 129, 130, 131, 132, 134, 137, 143, 144, 150, 153, 154, 160, 162, 172, 174, 177, 178, 215, 68, 203, 229, 284, 170, 182, 186, 191, 194, 197, 201, 204, 207, 208, 209, 211, 212, 217, 218, 225, 231, 233, 236, 238, 242, 246, 247, 248, 251, 253, 257, 265, 267, 270, 271, 274, 276, 278, 279, 280, 286, 288, 290, 291, 292, 299, 300]
x_182: [4, 6, 8, 14, 15, 18, 19, 24, 28, 29, 33, 44, 45, 46, 51, 52, 55, 58, 59, 61, 62, 64, 66, 67, 68, 78, 80, 85, 95, 96, 97, 103, 104, 105, 106, 108, 109, 110, 118, 121, 123, 125, 127, 132, 147, 151, 155, 156, 160, 161, 163, 169, 171, 174, 175, 178, 40, 217, 273, 282, 188, 277, 99, 117, 225, 16, 226, 287, 180, 206, 83, 279, 72, 63, 183, 203, 222, 140, 154, 71, 144, 259, 152, 158, 294, 122, 138, 130, 196, 89, 135, 148, 166, 133, 195, 84, 283, 293, 176, 237, 234, 70, 228, 27, 270, 291, 21, 69, 268, 159, 235, 255, 165, 248, 100, 265, 43, 297, 192, 94, 247, 184, 284, 124, 48, 231, 177, 107, 256, 285, 34, 92, 26, 204, 221, 137, 112, 198, 5, 232, 136, 12, 41, 142, 102, 9, 276, 288, 181, 207, 131, 2, 215, 263, 73, 224, 185, 42, 129, 172, 209, 290, 37, 32, 10, 262, 120, 25, 3, 30, 56, 116, 101, 119, 289, 87, 250, 88, 267, 197, 111, 31, 223, 141, 286, 253, 90, 238, 240, 216, 17, 272, 210, 1, 23, 74, 266, 82, 93, 254, 186, 187, 190, 194, 213, 218, 229, 230, 236, 241, 242, 243, 245, 251, 258, 260, 271, 275, 278, 298, 299, 300]
x_183: [2, 3, 6, 10, 11, 14, 15, 16, 17, 21, 25, 26, 27, 28, 33, 35, 36, 39, 40, 44, 46, 47, 48, 50, 51, 52, 60, 61, 62, 64, 66, 67, 71, 72, 76, 82, 87, 88, 91, 93, 94, 95, 100, 103, 106, 108, 110, 112, 113, 120, 123, 125, 129, 131, 132, 133, 138, 139, 140, 143, 156, 159, 162, 163, 172, 173, 174, 178, 182, 180, 235, 1, 122, 8, 134, 164, 267, 298, 83, 189, 238, 118, 187, 99, 151, 216, 63, 222, 297, 268, 239, 171, 278, 274, 128, 262, 165, 200, 256, 29, 296, 38, 84, 209, 69, 217, 41, 270, 284, 81, 78, 247, 218, 299, 280, 288, 192, 53, 121, 237, 175, 249, 34, 135, 169, 289, 198, 24, 55, 206, 193, 223, 241, 147, 127, 197, 271, 65, 98, 96, 244, 7, 58, 150, 211, 105, 145, 212, 225, 42, 259, 68, 246, 260, 176, 295, 265, 144, 291, 23, 286, 124, 102, 56, 242, 116, 170, 101, 142, 137, 207, 257, 282, 107, 250, 161, 160, 168, 74, 202, 251, 203, 290, 85, 109, 275, 219, 13, 186, 190, 191, 201, 204, 205, 208, 213, 220, 227, 232, 233, 234, 236, 240, 243, 245, 263, 269, 277, 292, 293, 300]
x_184: [3, 10, 18, 19, 21, 22, 27, 28, 33, 35, 37, 40, 44, 45, 51, 55, 56, 57, 58, 59, 63, 64, 66, 72, 76, 80, 82, 83, 84, 96, 97, 99, 101, 102, 104, 106, 108, 109, 110, 111, 114, 115, 131, 133, 135, 136, 137, 144, 145, 147, 154, 155, 157, 158, 161, 162, 166, 167, 169, 173, 175, 177, 178, 179, 182, 190, 60, 141, 214, 127, 171, 257, 216, 86, 43, 272, 193, 276, 69, 228, 122, 180, 163, 196, 88, 30, 170, 245, 209, 270, 116, 32, 267, 38, 239, 118, 240, 299, 52, 148, 254, 277, 221, 199, 4, 139, 156, 160, 200, 61, 124, 53, 237, 130, 189, 192, 201, 203, 206, 207, 211, 217, 218, 220, 223, 224, 226, 227, 229, 230, 233, 235, 236, 241, 242, 247, 248, 250, 255, 261, 262, 263, 265, 269, 279, 281, 283, 284, 286, 289, 290, 291, 293, 298, 300]
x_185: [3, 6, 10, 11, 12, 14, 15, 16, 17, 18, 27, 28, 33, 35, 38, 40, 44, 45, 50, 52, 53, 54, 59, 61, 63, 64, 66, 68, 69, 70, 74, 75, 77, 78, 81, 82, 84, 85, 87, 89, 91, 92, 93, 99, 104, 105, 108, 111, 118, 121, 127, 131, 133, 137, 140, 144, 152, 155, 157, 159, 161, 163, 174, 182, 292, 189, 190, 191, 192, 194, 196, 197, 202, 204, 207, 208, 212, 215, 219, 220, 223, 226, 229, 233, 234, 235, 236, 237, 238, 239, 242, 245, 251, 254, 257, 259, 260, 261, 262, 267, 270, 272, 276, 278, 281, 286, 288, 293, 297, 300]
x_186: [8, 9, 10, 16, 17, 25, 28, 29, 30, 36, 39, 40, 50, 51, 55, 57, 58, 61, 62, 64, 66, 69, 74, 76, 77, 82, 85, 87, 88, 91, 93, 94, 95, 100, 102, 104, 105, 107, 108, 109, 111, 112, 115, 120, 124, 128, 129, 130, 132, 133, 134, 135, 143, 144, 147, 161, 162, 171, 174, 175, 177, 180, 182, 49, 119, 242, 258, 190, 2, 290, 97, 138, 38, 272, 121, 202, 239, 249, 209, 149, 89, 140, 73, 96, 86, 289, 52, 261, 300, 286, 4, 298, 183, 11, 79, 168, 236, 178, 213, 33, 189, 288, 46, 126, 269, 7, 163, 6, 212, 24, 276, 195, 208, 293, 65, 285, 27, 280, 13, 181, 113, 35, 255, 54, 137, 101, 291, 172, 42, 166, 188, 179, 215, 266, 265, 192, 187, 193, 197, 200, 201, 204, 206, 207, 216, 218, 223, 224, 225, 226, 229, 232, 237, 238, 243, 245, 248, 257, 259, 262, 274, 275, 278, 292]
x_187: [2, 3, 8, 10, 14, 15, 17, 18, 28, 29, 30, 33, 34, 35, 37, 44, 48, 51, 55, 56, 57, 60, 62, 66, 71, 78, 82, 85, 88, 89, 93, 94, 96, 97, 98, 100, 102, 103, 104, 105, 106, 108, 110, 111, 112, 114, 115, 121, 124, 125, 127, 129, 130, 132, 140, 146, 147, 153, 154, 155, 161, 163, 169, 171, 173, 179, 180, 183, 212, 255, 294, 159, 220, 38, 217, 101, 24, 126, 11, 253, 9, 199, 74, 239, 41, 156, 186, 13, 223, 286, 226, 134, 208, 182, 200, 138, 275, 201, 79, 191, 203, 204, 206, 207, 209, 214, 215, 216, 222, 224, 227, 228, 229, 233, 234, 235, 236, 237, 238, 242, 243, 247, 248, 254, 260, 267, 269, 273, 276, 278, 279, 280, 284, 288, 290, 291, 292, 295, 297, 300]
x_188: [1, 8, 15, 16, 18, 19, 22, 23, 25, 27, 30, 33, 37, 38, 40, 44, 50, 51, 57, 60, 61, 62, 64, 68, 74, 75, 76, 77, 82, 84, 87, 93, 94, 96, 97, 100, 104, 106, 111, 113, 115, 121, 124, 125, 127, 129, 131, 135, 137, 139, 142, 143, 144, 146, 148, 156, 160, 163, 166, 167, 172, 176, 179, 182, 186, 218, 229, 128, 14, 264, 95, 292, 295, 299, 21, 267, 136, 191, 9, 222, 270, 13, 2, 83, 290, 213, 157, 274, 165, 102, 250, 108, 223, 154, 119, 180, 31, 28, 138, 24, 114, 126, 123, 215, 262, 7, 52, 197, 55, 20, 279, 79, 112, 240, 147, 29, 278, 134, 226, 192, 200, 202, 203, 204, 209, 211, 214, 220, 228, 230, 234, 236, 242, 245, 248, 275, 284, 287, 288, 291]
x_189: [3, 4, 6, 8, 9, 14, 15, 17, 18, 21, 22, 23, 26, 27, 28, 30, 33, 34, 36, 37, 38, 44, 52, 53, 56, 57, 58, 59, 61, 64, 66, 67, 69, 72, 74, 75, 76, 77, 78, 82, 88, 89, 93, 94, 95, 100, 102, 104, 106, 109, 111, 112, 115, 122, 124, 125, 127, 128, 129, 130, 135, 143, 144, 145, 147, 152, 153, 154, 156, 159, 160, 161, 162, 165, 167, 169, 170, 171, 172, 178, 183, 186, 271, 281, 219, 140, 97, 175, 179, 126, 70, 266, 295, 192, 39, 80, 99, 136, 258, 212, 280, 213, 101, 31, 10, 231, 12, 292, 13, 180, 24, 233, 244, 84, 195, 275, 288, 200, 164, 148, 282, 218, 25, 141, 293, 247, 157, 268, 91, 113, 50, 276, 138, 79, 193, 211, 45, 29, 32, 5, 54, 190, 108, 173, 279, 150, 43, 90, 137, 210, 296, 132, 251, 20, 235, 283, 87, 177, 68, 257, 62, 133, 277, 272, 224, 228, 214, 42, 198, 134, 250, 119, 206, 98, 105, 285, 123, 201, 81, 110, 96, 176, 242, 35, 71, 1, 237, 63, 155, 185, 286, 284, 229, 240, 220, 248, 146, 202, 116, 83, 239, 11, 216, 238, 222, 254, 215, 197, 131, 168, 199, 48, 249, 299, 184, 289, 278, 174, 298, 73, 158, 117, 120, 287, 194, 196, 203, 204, 205, 223, 226, 232, 243, 245, 262, 269, 274, 297, 300]
x_190: [2, 7, 8, 10, 14, 15, 18, 19, 23, 33, 35, 38, 40, 48, 51, 55, 57, 58, 59, 66, 69, 71, 80, 84, 85, 88, 89, 91, 93, 94, 95, 105, 106, 108, 111, 115, 121, 122, 123, 124, 127, 128, 129, 130, 131, 133, 135, 139, 142, 143, 144, 145, 152, 153, 156, 159, 162, 163, 166, 167, 172, 173, 175, 179, 184, 186, 189, 169, 288, 300, 237, 270, 289, 138, 234, 63, 141, 273, 76, 176, 47, 295, 25, 282, 183, 230, 21, 257, 4, 238, 214, 161, 261, 200, 182, 100, 208, 268, 154, 239, 26, 269, 253, 46, 148, 260, 229, 297, 90, 86, 191, 244, 274, 164, 155, 225, 221, 242, 296, 275, 247, 37, 165, 258, 231, 280, 252, 42, 199, 75, 206, 207, 220, 204, 185, 87, 291, 178, 218, 68, 16, 28, 196, 101, 235, 217, 149, 29, 98, 147, 216, 109, 245, 263, 24, 77, 283, 205, 222, 119, 279, 294, 120, 61, 9, 287, 99, 146, 203, 276, 45, 126, 5, 278, 174, 259, 267, 97, 104, 3, 210, 248, 201, 209, 213, 215, 223, 226, 227, 228, 232, 236, 240, 243, 254, 256, 281, 284, 298, 299]
x_191: [4, 8, 9, 11, 14, 15, 18, 21, 25, 26, 31, 33, 34, 38, 40, 44, 50, 51, 54, 55, 57, 58, 59, 62, 63, 66, 67, 68, 69, 74, 75, 76, 77, 82, 83, 84, 87, 89, 91, 93, 95, 96, 97, 99, 100, 103, 105, 107, 112, 115, 125, 128, 131, 134, 135, 137, 142, 143, 149, 153, 154, 157, 159, 160, 161, 162, 166, 167, 172, 175, 178, 188, 190, 285, 3, 236, 251, 60, 12, 283, 181, 291, 266, 13, 277, 145, 106, 227, 270, 110, 204, 202, 233, 200, 273, 171, 147, 207, 241, 259, 185, 78, 164, 117, 194, 5, 176, 111, 42, 19, 193, 81, 293, 235, 92, 218, 234, 215, 39, 37, 300, 73, 45, 292, 284, 173, 32, 90, 248, 240, 239, 274, 126, 133, 30, 65, 17, 280, 129, 256, 123, 1, 183, 250, 174, 286, 231, 203, 221, 144, 98, 139, 220, 146, 49, 119, 141, 36, 79, 187, 260, 228, 56, 20, 208, 216, 108, 294, 80, 168, 122, 170, 197, 198, 209, 210, 213, 222, 223, 226, 230, 237, 238, 245, 247, 253, 255, 258, 261, 262, 263, 269, 276, 279, 281, 288, 290, 298, 299]
x_192: [1, 6, 10, 15, 17, 18, 22, 26, 27, 28, 31, 33, 34, 35, 38, 39, 40, 44, 45, 51, 52, 55, 57, 58, 59, 61, 64, 66, 67, 69, 70, 75, 76, 77, 78, 80, 84, 85, 87, 91, 96, 97, 99, 100, 103, 105, 113, 125, 129, 130, 131, 133, 134, 136, 137, 138, 139, 142, 145, 146, 148, 152, 154, 157, 160, 161, 163, 166, 167, 169, 173, 174, 176, 178, 180, 182, 183, 186, 189, 291, 201, 289, 4, 172, 196, 19, 43, 81, 114, 30, 230, 234, 162, 117, 3, 41, 164, 272, 79, 60, 271, 257, 235, 175, 65, 204, 135, 126, 245, 241, 86, 205, 293, 109, 5, 185, 177, 275, 115, 277, 104, 68, 247, 244, 46, 266, 144, 118, 273, 23, 268, 151, 219, 269, 128, 193, 83, 155, 11, 132, 243, 214, 239, 147, 98, 260, 143, 89, 184, 82, 36, 42, 279, 294, 227, 74, 197, 263, 122, 29, 94, 199, 206, 212, 32, 288, 210, 8, 159, 188, 276, 224, 124, 258, 73, 112, 108, 259, 249, 220, 287, 238, 198, 200, 202, 207, 211, 213, 215, 217, 218, 231, 233, 236, 253, 256, 267, 270, 274, 278, 284, 286, 290, 292, 296, 298, 299]
x_193: [10, 15, 17, 19, 21, 22, 23, 25, 26, 28, 30, 34, 38, 39, 40, 43, 44, 45, 50, 51, 53, 55, 56, 63, 67, 75, 76, 77, 78, 82, 84, 85, 87, 88, 89, 91, 93, 95, 96, 97, 100, 102, 108, 109, 113, 115, 116, 117, 121, 125, 127, 129, 132, 138, 140, 141, 142, 143, 147, 151, 153, 159, 161, 162, 163, 166, 167, 171, 172, 174, 178, 179, 183, 184, 189, 191, 192, 155, 180, 130, 253, 114, 255, 186, 120, 221, 194, 198, 201, 202, 204, 213, 214, 215, 216, 220, 223, 225, 227, 233, 234, 236, 238, 242, 246, 247, 248, 251, 259, 262, 264, 265, 267, 269, 273, 274, 275, 276, 280, 286, 288, 292, 293, 294]
x_194: [3, 4, 5, 6, 10, 12, 14, 15, 21, 22, 24, 25, 29, 33, 34, 35, 36, 37, 39, 42, 44, 50, 52, 56, 57, 58, 59, 63, 64, 67, 72, 74, 77, 78, 81, 84, 85, 88, 89, 91, 92, 95, 100, 103, 104, 106, 109, 113, 115, 118, 121, 124, 125, 127, 128, 129, 132, 146, 152, 153, 160, 161, 162, 163, 173, 178, 180, 191, 294, 279, 247, 287, 142, 236, 296, 80, 155, 189, 165, 144, 41, 268, 197, 256, 275, 133, 237, 293, 97, 216, 222, 223, 179, 30, 195, 292, 172, 260, 243, 159, 116, 140, 28, 193, 148, 45, 90, 40, 170, 167, 289, 46, 182, 137, 166, 136, 276, 1, 18, 297, 16, 169, 181, 267, 207, 55, 270, 49, 252, 241, 199, 185, 258, 232, 17, 73, 228, 122, 210, 249, 53, 203, 38, 213, 255, 240, 65, 68, 8, 20, 102, 286, 27, 9, 261, 99, 31, 96, 277, 71, 273, 131, 117, 158, 233, 204, 206, 208, 212, 217, 218, 224, 226, 227, 229, 235, 239, 242, 248, 251, 254, 259, 262, 263, 265, 269, 274, 278, 283, 288, 291, 298, 299]
x_195: [1, 3, 6, 7, 8, 9, 10, 15, 17, 18, 19, 21, 24, 28, 34, 36, 37, 38, 39, 40, 43, 45, 48, 55, 59, 61, 62, 63, 67, 69, 72, 75, 77, 82, 84, 85, 87, 91, 93, 94, 95, 96, 97, 99, 100, 101, 103, 104, 108, 109, 110, 112, 115, 121, 124, 125, 127, 129, 130, 133, 135, 139, 141, 143, 147, 153, 156, 157, 159, 162, 172, 173, 182, 186, 189, 194, 113, 54, 88, 252, 13, 246, 176, 154, 224, 201, 174, 50, 300, 70, 178, 240, 222, 278, 283, 265, 52, 23, 250, 295, 146, 279, 78, 212, 47, 231, 27, 58, 179, 282, 25, 196, 197, 198, 200, 204, 205, 206, 207, 209, 211, 213, 214, 215, 217, 218, 219, 223, 226, 230, 233, 235, 241, 242, 243, 245, 247, 248, 251, 267, 271, 274, 275, 276, 277, 281, 284, 288, 290, 293, 297]
x_196: [1, 5, 6, 10, 11, 15, 19, 21, 24, 25, 27, 34, 35, 37, 38, 42, 46, 51, 54, 55, 56, 61, 62, 65, 67, 76, 77, 80, 84, 88, 93, 94, 95, 96, 100, 102, 103, 104, 106, 111, 112, 115, 121, 124, 127, 129, 131, 134, 137, 143, 148, 152, 153, 154, 160, 162, 171, 172, 173, 174, 175, 178, 180, 182, 184, 190, 192, 250, 241, 138, 91, 288, 185, 45, 210, 123, 78, 90, 133, 60, 287, 99, 278, 215, 32, 2, 49, 195, 236, 69, 199, 253, 22, 71, 266, 291, 204, 164, 300, 158, 136, 203, 222, 33, 189, 297, 81, 14, 247, 261, 144, 101, 110, 242, 18, 97, 150, 279, 286, 263, 58, 260, 225, 211, 280, 79, 269, 274, 219, 74, 3, 28, 139, 202, 197, 201, 209, 212, 213, 217, 218, 223, 224, 230, 233, 235, 237, 239, 243, 245, 246, 251, 257, 258, 262, 265, 270, 281, 292, 293, 298, 299]
x_197: [2, 4, 6, 7, 8, 10, 11, 12, 14, 17, 18, 21, 22, 24, 25, 27, 28, 29, 31, 34, 37, 39, 40, 42, 43, 46, 47, 55, 59, 61, 63, 64, 67, 69, 70, 72, 74, 75, 76, 78, 81, 82, 85, 87, 93, 95, 96, 100, 104, 105, 106, 113, 117, 121, 122, 124, 127, 128, 130, 132, 135, 139, 140, 142, 144, 146, 152, 153, 154, 160, 162, 173, 182, 183, 188, 189, 192, 194, 269, 266, 225, 65, 119, 289, 137, 36, 138, 222, 233, 114, 168, 243, 38, 211, 216, 45, 241, 238, 286, 263, 290, 13, 231, 261, 298, 262, 267, 86, 77, 9, 196, 50, 48, 80, 248, 282, 180, 52, 79, 15, 170, 272, 220, 257, 256, 268, 246, 258, 112, 149, 174, 195, 3, 49, 111, 200, 181, 83, 273, 242, 169, 161, 56, 287, 33, 236, 274, 295, 300, 214, 291, 44, 203, 252, 224, 102, 16, 148, 284, 288, 126, 175, 281, 271, 35, 296, 54, 20, 191, 235, 202, 251, 110, 186, 32, 232, 208, 234, 260, 164, 249, 297, 210, 199, 185, 156, 198, 205, 206, 207, 213, 215, 218, 227, 229, 230, 237, 239, 245, 247, 253, 254, 276, 279]
x_198: [3, 8, 12, 15, 17, 19, 21, 27, 28, 29, 35, 36, 38, 39, 42, 43, 44, 45, 46, 50, 54, 55, 58, 59, 62, 63, 66, 67, 72, 76, 80, 82, 84, 85, 86, 88, 89, 94, 95, 96, 99, 102, 104, 105, 108, 109, 115, 121, 127, 128, 129, 132, 133, 137, 138, 143, 144, 147, 148, 152, 159, 163, 166, 167, 174, 177, 179, 180, 182, 183, 189, 214, 297, 154, 175, 100, 288, 202, 228, 5, 262, 267, 139, 52, 116, 78, 168, 171, 274, 236, 235, 298, 222, 172, 6, 192, 251, 32, 164, 142, 260, 73, 212, 140, 195, 156, 191, 146, 130, 263, 208, 255, 23, 294, 250, 244, 204, 176, 118, 135, 14, 291, 31, 71, 261, 193, 64, 77, 275, 18, 292, 289, 265, 197, 178, 238, 257, 221, 153, 60, 141, 53, 113, 264, 155, 280, 68, 258, 7, 112, 26, 199, 269, 145, 25, 47, 254, 158, 230, 252, 98, 273, 97, 226, 206, 207, 209, 211, 216, 220, 223, 224, 227, 229, 232, 233, 243, 245, 248, 259, 270, 276, 281, 283, 285, 286]
x_199: [6, 8, 10, 17, 19, 22, 24, 25, 27, 28, 33, 34, 35, 39, 40, 44, 51, 55, 56, 62, 64, 66, 67, 75, 77, 78, 82, 87, 89, 91, 94, 97, 100, 102, 103, 104, 106, 111, 112, 115, 124, 129, 131, 134, 135, 140, 144, 149, 152, 153, 159, 161, 162, 163, 172, 174, 175, 177, 179, 180, 184, 187, 189, 190, 192, 194, 196, 197, 198, 83, 5, 9, 228, 93, 69, 261, 291, 286, 96, 269, 245, 295, 210, 138, 200, 202, 203, 204, 207, 208, 209, 217, 218, 220, 223, 227, 232, 233, 242, 247, 254, 257, 259, 260, 263, 273, 274, 275, 278, 279, 281, 283, 290, 292, 296, 299]
x_200: [1, 3, 6, 8, 10, 17, 21, 22, 24, 25, 27, 28, 29, 32, 34, 37, 41, 42, 47, 52, 53, 54, 55, 56, 57, 59, 61, 63, 66, 67, 68, 69, 71, 76, 77, 81, 82, 87, 88, 93, 94, 95, 97, 102, 103, 105, 107, 108, 109, 112, 114, 117, 123, 126, 127, 128, 129, 132, 133, 134, 136, 139, 142, 143, 144, 145, 147, 148, 149, 152, 154, 156, 159, 161, 162, 163, 166, 168, 172, 174, 178, 179, 183, 184, 187, 189, 190, 191, 197, 96, 171, 235, 14, 84, 244, 263, 124, 173, 253, 46, 115, 232, 135, 195, 131, 26, 138, 252, 106, 170, 120, 269, 11, 175, 12, 203, 121, 300, 204, 279, 285, 265, 231, 43, 19, 243, 215, 219, 188, 295, 205, 264, 192, 104, 58, 111, 64, 16, 275, 199, 292, 36, 110, 125, 271, 62, 236, 248, 289, 230, 186, 140, 227, 284, 240, 39, 51, 92, 210, 228, 2, 99, 201, 202, 207, 211, 212, 213, 217, 218, 220, 222, 223, 226, 229, 233, 234, 238, 242, 254, 257, 259, 262, 267, 273, 274, 276, 278, 281, 286, 288, 290, 291, 297]
x_201: [3, 6, 7, 10, 11, 14, 15, 18, 19, 22, 23, 25, 26, 27, 28, 35, 37, 38, 42, 47, 50, 52, 56, 57, 59, 61, 62, 63, 72, 75, 77, 79, 84, 87, 88, 91, 95, 97, 99, 101, 102, 105, 107, 108, 109, 111, 115, 118, 121, 125, 127, 128, 129, 130, 131, 133, 135, 136, 148, 152, 155, 162, 163, 167, 172, 173, 175, 180, 187, 189, 192, 195, 124, 166, 141, 160, 44, 186, 241, 282, 89, 273, 214, 190, 46, 157, 12, 81, 247, 292, 278, 267, 93, 83, 253, 245, 218, 266, 213, 110, 159, 290, 183, 151, 225, 139, 206, 226, 294, 68, 298, 71, 202, 29, 258, 8, 280, 106, 120, 269, 126, 227, 51, 250, 196, 300, 64, 230, 16, 119, 1, 219, 264, 158, 271, 4, 156, 140, 237, 55, 70, 260, 147, 223, 146, 41, 265, 114, 242, 80, 171, 54, 181, 66, 270, 277, 145, 122, 2, 184, 284, 103, 34, 243, 43, 76, 207, 74, 154, 90, 39, 299, 96, 236, 137, 69, 30, 279, 255, 200, 216, 174, 272, 283, 238, 193, 251, 244, 161, 281, 132, 263, 249, 293, 48, 204, 209, 212, 215, 220, 221, 222, 231, 232, 233, 235, 239, 246, 248, 257, 262, 274, 286, 287, 288, 295, 296]
x_202: [1, 2, 4, 8, 9, 12, 13, 17, 18, 21, 22, 23, 25, 27, 29, 34, 35, 38, 40, 42, 45, 52, 57, 58, 62, 63, 64, 72, 74, 75, 76, 77, 78, 83, 85, 87, 89, 93, 97, 99, 103, 107, 108, 112, 113, 115, 120, 121, 125, 130, 131, 137, 139, 143, 144, 145, 146, 149, 153, 161, 163, 167, 169, 172, 173, 178, 179, 180, 183, 186, 189, 191, 196, 197, 198, 201, 20, 246, 33, 10, 71, 275, 109, 59, 260, 192, 214, 293, 168, 188, 3, 47, 294, 6, 220, 238, 199, 116, 210, 211, 175, 245, 79, 160, 19, 205, 200, 279, 212, 119, 261, 268, 216, 140, 157, 49, 98, 289, 123, 117, 15, 248, 88, 26, 165, 44, 152, 185, 7, 296, 14, 16, 148, 204, 266, 177, 110, 53, 86, 221, 215, 91, 128, 272, 124, 102, 207, 292, 166, 239, 244, 101, 159, 5, 66, 127, 106, 162, 258, 11, 240, 132, 60, 193, 136, 256, 203, 206, 213, 222, 223, 226, 229, 230, 232, 234, 236, 241, 242, 243, 247, 251, 254, 259, 262, 265, 267, 270, 276, 281, 283, 287, 290, 298, 299]
x_203: [3, 4, 7, 10, 13, 14, 15, 16, 21, 22, 24, 28, 30, 34, 35, 39, 40, 41, 44, 45, 48, 55, 56, 57, 58, 60, 63, 66, 67, 69, 71, 74, 76, 77, 82, 84, 85, 87, 88, 91, 92, 93, 94, 96, 97, 99, 100, 101, 103, 104, 106, 108, 109, 111, 115, 120, 125, 128, 129, 131, 132, 133, 134, 135, 137, 140, 143, 144, 146, 154, 155, 159, 162, 163, 173, 174, 175, 181, 182, 183, 190, 191, 194, 196, 197, 200, 222, 139, 188, 2, 124, 204, 297, 79, 233, 114, 299, 33, 160, 240, 263, 278, 239, 202, 257, 25, 238, 252, 171, 1, 230, 287, 121, 248, 218, 244, 89, 292, 152, 47, 224, 266, 70, 291, 295, 246, 118, 83, 81, 110, 141, 227, 113, 275, 161, 269, 265, 148, 27, 270, 142, 226, 50, 23, 219, 288, 53, 61, 176, 256, 184, 228, 225, 150, 199, 26, 68, 29, 232, 189, 212, 122, 102, 258, 166, 178, 9, 6, 170, 296, 290, 168, 149, 80, 54, 98, 268, 253, 86, 112, 289, 117, 277, 187, 147, 215, 255, 90, 285, 20, 250, 209, 217, 205, 31, 167, 169, 245, 78, 107, 261, 272, 243, 208, 236, 281, 172, 273, 231, 211, 213, 214, 216, 223, 229, 235, 237, 241, 242, 247, 259, 262, 276, 279, 284, 286, 298]
x_204: [3, 4, 5, 6, 10, 11, 12, 14, 16, 17, 18, 21, 22, 23, 27, 28, 34, 35, 38, 39, 40, 42, 47, 52, 58, 59, 62, 63, 66, 69, 72, 76, 78, 81, 84, 85, 88, 91, 93, 94, 96, 99, 100, 104, 105, 106, 107, 109, 117, 121, 124, 128, 130, 131, 135, 140, 142, 148, 152, 153, 154, 159, 162, 166, 172, 178, 182, 190, 191, 192, 196, 198, 200, 202, 203, 160, 86, 193, 112, 282, 252, 70, 146, 143, 134, 188, 71, 180, 293, 51, 57, 222, 266, 268, 199, 250, 278, 49, 77, 127, 167, 291, 171, 194, 258, 79, 241, 53, 168, 169, 151, 83, 236, 238, 286, 219, 185, 244, 288, 285, 48, 218, 173, 257, 175, 227, 145, 90, 64, 113, 214, 208, 215, 36, 279, 114, 239, 45, 289, 164, 223, 235, 189, 283, 158, 115, 103, 43, 234, 251, 44, 157, 231, 186, 33, 254, 136, 56, 61, 256, 294, 297, 298, 144, 263, 237, 116, 267, 273, 269, 247, 201, 187, 224, 209, 217, 246, 207, 89, 253, 274, 155, 205, 129, 161, 19, 50, 233, 226, 210, 176, 245, 165, 181, 249, 141, 138, 195, 229, 271, 281, 26, 183, 73, 108, 255, 212, 213, 230, 242, 243, 248, 260, 261, 265, 275, 276, 280, 290, 296, 300]
x_205: [3, 6, 8, 9, 10, 12, 13, 17, 18, 19, 21, 22, 23, 24, 27, 30, 33, 34, 38, 39, 42, 45, 47, 51, 56, 57, 59, 61, 66, 67, 69, 72, 75, 76, 77, 78, 85, 94, 95, 99, 103, 106, 108, 112, 114, 117, 125, 127, 128, 129, 132, 135, 136, 143, 144, 147, 153, 156, 160, 162, 166, 170, 171, 173, 176, 179, 190, 192, 200, 202, 203, 204, 277, 7, 209, 288, 197, 249, 158, 253, 222, 60, 286, 231, 183, 248, 49, 100, 64, 251, 5, 292, 217, 189, 227, 139, 43, 215, 32, 36, 219, 271, 62, 273, 294, 195, 287, 1, 142, 152, 31, 145, 123, 119, 50, 101, 216, 240, 91, 120, 290, 113, 220, 168, 212, 213, 218, 223, 225, 226, 232, 233, 234, 235, 237, 238, 239, 244, 247, 254, 260, 262, 268, 269, 274, 280, 281, 284, 291, 296, 298, 300]
x_206: [3, 4, 6, 8, 17, 18, 19, 22, 27, 33, 34, 36, 38, 41, 44, 45, 47, 48, 54, 58, 64, 66, 67, 70, 76, 78, 81, 82, 84, 85, 87, 88, 96, 97, 99, 103, 104, 105, 106, 107, 108, 110, 118, 121, 122, 124, 128, 129, 130, 133, 135, 139, 140, 143, 152, 153, 154, 155, 156, 159, 160, 161, 162, 165, 166, 167, 171, 172, 174, 177, 182, 183, 189, 190, 192, 201, 252, 194, 276, 112, 23, 131, 291, 250, 263, 215, 217, 290, 39, 258, 114, 68, 218, 40, 211, 113, 125, 24, 224, 268, 195, 101, 234, 187, 55, 138, 225, 202, 170, 69, 253, 198, 251, 261, 148, 240, 146, 278, 175, 1, 136, 169, 73, 255, 42, 283, 298, 282, 179, 71, 86, 56, 164, 35, 173, 79, 65, 151, 93, 46, 16, 245, 221, 123, 289, 80, 281, 163, 157, 176, 9, 231, 236, 83, 158, 12, 269, 280, 227, 178, 271, 89, 267, 210, 228, 28, 109, 222, 260, 59, 116, 300, 180, 184, 98, 126, 246, 209, 95, 75, 141, 142, 186, 279, 256, 259, 137, 213, 144, 147, 49, 15, 208, 72, 284, 50, 25, 102, 11, 233, 272, 197, 212, 247, 14, 244, 37, 57, 117, 242, 207, 216, 223, 226, 237, 238, 239, 248, 254, 257, 262, 265, 275, 286, 287, 293, 297]
x_207: [1, 6, 8, 14, 15, 21, 23, 35, 36, 40, 42, 46, 56, 57, 58, 61, 62, 64, 67, 69, 75, 76, 78, 79, 81, 87, 89, 91, 92, 93, 94, 102, 104, 105, 106, 108, 109, 112, 113, 115, 117, 124, 125, 129, 130, 131, 135, 136, 140, 144, 152, 154, 157, 160, 161, 173, 178, 179, 182, 183, 190, 191, 194, 201, 202, 204, 226, 206, 65, 298, 212, 249, 49, 291, 284, 150, 217, 90, 162, 84, 38, 278, 116, 164, 198, 209, 119, 70, 168, 197, 51, 195, 214, 120, 85, 276, 259, 239, 231, 290, 225, 237, 295, 110, 16, 25, 192, 285, 18, 273, 216, 111, 279, 27, 230, 141, 184, 98, 299, 66, 82, 43, 73, 44, 159, 107, 176, 264, 95, 3, 19, 13, 272, 263, 215, 142, 187, 286, 37, 74, 126, 282, 185, 213, 287, 4, 39, 228, 236, 7, 145, 118, 199, 166, 68, 244, 45, 241, 128, 96, 137, 88, 12, 296, 224, 171, 266, 233, 250, 222, 2, 181, 17, 147, 50, 221, 258, 53, 297, 253, 148, 257, 275, 219, 132, 134, 151, 138, 186, 31, 210, 223, 170, 200, 139, 97, 211, 72, 220, 238, 245, 247, 248, 254, 255, 260, 262, 270, 281, 288, 293, 294]
x_208: [2, 6, 9, 10, 11, 21, 22, 23, 24, 25, 27, 33, 34, 39, 40, 42, 45, 50, 51, 53, 55, 56, 57, 58, 61, 69, 70, 77, 78, 79, 82, 89, 91, 95, 96, 99, 101, 102, 103, 104, 109, 110, 111, 112, 113, 115, 124, 129, 130, 131, 132, 134, 137, 138, 143, 144, 146, 147, 148, 152, 157, 160, 161, 167, 169, 172, 173, 175, 180, 186, 187, 190, 191, 197, 198, 203, 204, 206, 281, 253, 38, 122, 277, 117, 62, 252, 248, 139, 250, 80, 142, 244, 245, 275, 46, 213, 87, 225, 279, 85, 227, 273, 284, 106, 211, 280, 210, 74, 220, 215, 72, 274, 170, 126, 235, 19, 120, 83, 214, 35, 217, 141, 181, 7, 276, 294, 292, 54, 43, 162, 179, 246, 185, 257, 15, 199, 121, 288, 296, 107, 28, 299, 108, 73, 36, 14, 3, 128, 183, 97, 165, 48, 31, 243, 159, 68, 233, 241, 285, 266, 278, 300, 232, 218, 100, 8, 194, 212, 171, 105, 149, 71, 286, 52, 18, 177, 209, 219, 222, 224, 226, 230, 234, 236, 242, 247, 254, 256, 259, 261, 262, 264, 265, 270, 283, 290, 295]
x_209: [3, 6, 8, 9, 15, 17, 19, 29, 31, 33, 35, 36, 38, 40, 42, 48, 52, 55, 56, 57, 58, 59, 60, 62, 66, 71, 72, 73, 74, 75, 77, 78, 82, 87, 91, 92, 93, 95, 96, 99, 101, 102, 103, 104, 105, 106, 107, 115, 117, 121, 128, 129, 130, 132, 135, 136, 137, 138, 139, 143, 146, 153, 157, 159, 160, 162, 163, 166, 167, 169, 175, 177, 178, 180, 182, 183, 184, 186, 203, 204, 205, 206, 207, 292, 100, 14, 232, 270, 5, 7, 208, 201, 181, 144, 155, 30, 168, 174, 134, 227, 188, 94, 198, 271, 80, 213, 220, 156, 149, 84, 243, 124, 81, 141, 296, 145, 255, 278, 196, 294, 265, 224, 252, 267, 249, 126, 76, 260, 277, 120, 259, 152, 234, 195, 240, 226, 238, 16, 187, 262, 27, 20, 109, 51, 89, 65, 263, 257, 268, 179, 287, 22, 215, 217, 239, 44, 26, 258, 1, 218, 199, 248, 164, 158, 114, 70, 297, 241, 171, 190, 223, 24, 285, 266, 272, 231, 125, 148, 54, 4, 45, 289, 61, 64, 21, 291, 254, 13, 212, 140, 147, 279, 154, 122, 23, 97, 112, 46, 111, 233, 43, 11, 211, 235, 229, 10, 176, 256, 300, 245, 32, 127, 191, 37, 25, 273, 18, 63, 210, 214, 219, 221, 236, 237, 242, 244, 251, 253, 261, 274, 280, 281, 283, 284]
x_210: [5, 6, 8, 10, 14, 15, 17, 18, 21, 22, 23, 27, 29, 33, 36, 37, 40, 42, 44, 46, 48, 51, 57, 67, 68, 69, 76, 77, 78, 80, 84, 85, 88, 93, 96, 97, 101, 102, 104, 106, 108, 115, 122, 125, 128, 129, 130, 135, 136, 139, 146, 153, 155, 156, 159, 160, 161, 163, 182, 189, 190, 192, 194, 196, 197, 199, 200, 202, 204, 206, 207, 208, 43, 62, 25, 167, 219, 63, 298, 191, 240, 30, 164, 289, 250, 225, 70, 209, 231, 12, 72, 87, 253, 277, 178, 267, 232, 89, 175, 121, 220, 261, 212, 213, 218, 221, 222, 224, 226, 227, 229, 230, 237, 238, 243, 245, 246, 247, 255, 259, 262, 263, 265, 266, 269, 270, 273, 274, 275, 278, 279, 280, 281, 283, 286, 287, 288, 290, 292, 293, 295, 296]
x_211: [6, 8, 9, 12, 18, 19, 21, 22, 23, 28, 33, 38, 44, 46, 47, 50, 51, 52, 54, 55, 56, 57, 58, 61, 62, 66, 72, 75, 80, 81, 82, 87, 88, 91, 94, 96, 97, 104, 105, 108, 111, 112, 115, 116, 120, 121, 123, 124, 125, 129, 131, 133, 137, 143, 144, 146, 152, 153, 159, 161, 162, 163, 167, 173, 174, 175, 179, 180, 183, 189, 196, 197, 202, 206, 207, 208, 209, 251, 107, 59, 293, 122, 298, 113, 67, 85, 169, 288, 274, 138, 77, 70, 114, 26, 20, 11, 242, 236, 32, 247, 176, 198, 273, 157, 296, 192, 79, 249, 282, 224, 252, 90, 151, 117, 227, 109, 103, 3, 181, 290, 93, 257, 255, 262, 265, 27, 244, 126, 5, 140, 212, 229, 239, 215, 128, 285, 99, 233, 276, 188, 234, 277, 217, 48, 195, 98, 232, 95, 102, 203, 168, 268, 263, 31, 237, 37, 86, 148, 246, 166, 83, 253, 281, 71, 256, 292, 89, 184, 154, 63, 294, 200, 106, 30, 213, 214, 220, 221, 235, 238, 248, 254, 259, 261, 267, 271, 275, 278, 280, 284, 286, 287, 291]
x_212: [2, 3, 4, 6, 8, 9, 14, 18, 21, 27, 28, 33, 34, 37, 40, 43, 45, 48, 50, 57, 58, 64, 67, 68, 69, 70, 72, 76, 77, 83, 94, 95, 96, 99, 100, 101, 102, 103, 104, 106, 108, 112, 114, 115, 121, 123, 124, 125, 127, 128, 129, 139, 143, 146, 152, 154, 157, 159, 160, 161, 162, 178, 179, 180, 183, 186, 187, 189, 192, 195, 198, 202, 203, 206, 207, 208, 209, 211, 109, 142, 16, 165, 13, 66, 60, 244, 274, 210, 285, 7, 82, 153, 213, 280, 228, 282, 116, 172, 255, 238, 227, 229, 200, 130, 140, 225, 32, 135, 25, 185, 194, 196, 175, 63, 149, 137, 290, 254, 233, 243, 181, 201, 292, 41, 15, 299, 294, 92, 75, 217, 148, 81, 293, 132, 5, 222, 224, 205, 204, 134, 232, 170, 296, 136, 286, 226, 277, 279, 273, 17, 156, 51, 24, 261, 122, 264, 85, 281, 62, 256, 42, 107, 288, 169, 214, 216, 221, 223, 230, 234, 236, 239, 245, 248, 251, 260, 265, 271, 276, 278, 287, 291]
x_213: [1, 2, 8, 10, 14, 16, 18, 19, 22, 24, 28, 31, 35, 38, 39, 40, 47, 48, 52, 53, 54, 57, 59, 62, 64, 66, 67, 68, 69, 73, 74, 77, 85, 89, 93, 97, 103, 105, 108, 109, 112, 121, 122, 123, 124, 128, 129, 134, 135, 138, 139, 142, 153, 157, 161, 162, 163, 167, 172, 186, 188, 189, 194, 201, 206, 207, 208, 209, 212, 257, 27, 240, 61, 229, 17, 260, 144, 49, 247, 263, 91, 126, 279, 158, 118, 182, 171, 173, 5, 203, 241, 265, 197, 99, 291, 259, 255, 227, 216, 179, 76, 137, 202, 29, 154, 200, 235, 117, 191, 287, 220, 253, 113, 37, 222, 276, 218, 146, 169, 119, 107, 115, 214, 70, 280, 267, 21, 20, 82, 293, 58, 295, 12, 164, 237, 100, 80, 223, 254, 190, 152, 205, 145, 65, 292, 178, 84, 297, 101, 252, 249, 269, 224, 250, 78, 196, 270, 104, 246, 92, 283, 166, 6, 125, 132, 55, 131, 183, 221, 211, 210, 195, 90, 268, 192, 168, 275, 286, 204, 127, 238, 42, 256, 13, 83, 25, 136, 193, 56, 133, 26, 226, 233, 234, 236, 239, 242, 243, 245, 248, 261, 262, 274, 278, 298, 299, 300]
x_214: [1, 3, 4, 8, 10, 11, 14, 25, 29, 34, 37, 38, 39, 43, 51, 54, 55, 56, 57, 58, 60, 61, 62, 67, 69, 72, 74, 75, 76, 78, 80, 82, 84, 87, 88, 89, 91, 95, 98, 99, 100, 104, 105, 111, 112, 113, 115, 121, 122, 123, 129, 130, 132, 133, 134, 135, 137, 146, 153, 157, 161, 162, 163, 178, 180, 184, 189, 190, 192, 197, 198, 201, 202, 204, 207, 208, 213, 235, 90, 290, 50, 136, 195, 252, 97, 144, 7, 188, 243, 5, 179, 96, 294, 193, 65, 40, 282, 86, 165, 240, 253, 277, 265, 48, 281, 238, 247, 218, 250, 211, 209, 102, 223, 16, 94, 92, 262, 283, 261, 45, 219, 131, 103, 230, 70, 212, 166, 297, 177, 18, 248, 203, 147, 293, 12, 269, 81, 280, 225, 35, 221, 168, 73, 187, 9, 66, 267, 237, 272, 236, 127, 164, 263, 24, 83, 85, 176, 222, 224, 226, 233, 234, 239, 244, 245, 251, 254, 257, 259, 260, 273, 274, 275, 276, 278, 284, 287, 288, 291, 299]
x_215: [8, 9, 17, 21, 24, 25, 26, 27, 28, 35, 36, 38, 39, 42, 46, 51, 56, 62, 69, 72, 74, 77, 78, 80, 82, 84, 85, 87, 88, 93, 95, 96, 99, 100, 101, 103, 104, 105, 108, 110, 111, 115, 117, 121, 124, 125, 126, 129, 130, 131, 132, 135, 137, 140, 143, 144, 146, 148, 152, 153, 155, 156, 163, 171, 173, 175, 177, 179, 181, 182, 186, 188, 189, 191, 196, 200, 202, 203, 204, 205, 206, 207, 208, 209, 211, 195, 133, 289, 239, 227, 81, 245, 122, 106, 164, 67, 201, 295, 233, 257, 166, 63, 158, 193, 141, 230, 54, 147, 7, 92, 251, 273, 279, 4, 114, 32, 222, 145, 216, 243, 264, 180, 71, 12, 162, 76, 2, 55, 190, 136, 192, 252, 151, 197, 238, 29, 299, 90, 139, 142, 79, 250, 167, 75, 237, 229, 244, 272, 278, 60, 218, 277, 83, 149, 118, 11, 263, 284, 298, 138, 225, 64, 241, 266, 174, 276, 1, 58, 253, 260, 22, 268, 271, 59, 61, 112, 13, 262, 221, 187, 97, 256, 280, 40, 297, 287, 270, 120, 127, 33, 290, 3, 217, 109, 185, 169, 30, 159, 20, 236, 228, 247, 19, 65, 86, 107, 224, 246, 52, 281, 286, 44, 291, 248, 73, 47, 223, 232, 234, 242, 265, 267, 275, 285, 288, 292, 296, 300]
x_216: [3, 6, 8, 12, 14, 15, 19, 28, 29, 33, 34, 35, 36, 38, 43, 48, 51, 54, 56, 58, 61, 64, 66, 69, 71, 76, 80, 81, 82, 85, 87, 89, 91, 93, 95, 96, 99, 100, 101, 103, 107, 109, 110, 111, 115, 120, 121, 124, 128, 129, 130, 133, 134, 135, 136, 137, 140, 144, 145, 153, 154, 156, 159, 160, 161, 162, 163, 166, 169, 172, 174, 180, 182, 183, 184, 189, 190, 191, 194, 197, 201, 202, 205, 207, 213, 215, 221, 16, 235, 298, 146, 186, 243, 151, 157, 198, 179, 244, 65, 212, 259, 72, 113, 261, 37, 263, 173, 27, 285, 55, 247, 155, 280, 7, 143, 25, 2, 269, 193, 284, 90, 239, 131, 296, 203, 39, 292, 187, 106, 122, 49, 219, 88, 112, 234, 256, 258, 274, 50, 236, 46, 293, 287, 289, 300, 279, 245, 251, 125, 246, 227, 53, 295, 218, 126, 22, 237, 267, 262, 105, 255, 68, 281, 206, 217, 222, 223, 226, 233, 248, 265, 270, 275, 277, 286, 288, 291, 297]
x_217: [1, 6, 8, 9, 10, 12, 15, 19, 21, 22, 23, 25, 29, 34, 36, 38, 44, 46, 47, 48, 50, 58, 63, 64, 66, 69, 71, 77, 78, 83, 84, 85, 87, 88, 91, 93, 96, 99, 100, 102, 103, 104, 110, 111, 112, 115, 117, 121, 125, 127, 129, 130, 131, 133, 134, 135, 137, 143, 148, 152, 154, 157, 162, 166, 167, 169, 170, 175, 178, 179, 180, 182, 183, 187, 190, 203, 204, 205, 206, 207, 208, 209, 211, 212, 215, 243, 76, 261, 192, 244, 227, 118, 266, 239, 196, 62, 11, 26, 287, 41, 153, 242, 108, 18, 4, 51, 273, 262, 293, 267, 57, 54, 256, 159, 174, 224, 216, 81, 234, 221, 33, 32, 42, 171, 105, 109, 228, 165, 296, 276, 145, 138, 251, 86, 24, 218, 292, 223, 113, 298, 160, 80, 235, 2, 67, 132, 150, 199, 285, 43, 65, 177, 269, 219, 236, 40, 61, 275, 281, 237, 122, 107, 194, 70, 181, 56, 90, 195, 142, 184, 74, 200, 226, 229, 230, 232, 233, 240, 241, 248, 253, 254, 257, 265, 268, 271, 279, 280, 283, 286, 290, 291, 300]
x_218: [6, 7, 8, 14, 17, 19, 22, 26, 28, 29, 33, 38, 39, 40, 44, 45, 49, 52, 54, 57, 58, 59, 64, 67, 74, 75, 76, 82, 88, 89, 90, 95, 96, 98, 100, 103, 104, 106, 109, 110, 112, 120, 123, 128, 129, 130, 132, 133, 134, 143, 146, 147, 148, 152, 160, 163, 174, 175, 177, 179, 183, 188, 189, 190, 191, 201, 203, 204, 206, 208, 209, 213, 214, 215, 216, 217, 182, 47, 228, 275, 15, 102, 194, 171, 46, 243, 125, 166, 258, 264, 236, 255, 281, 284, 111, 225, 21, 127, 231, 157, 291, 155, 299, 262, 94, 295, 145, 122, 280, 69, 136, 250, 227, 221, 268, 34, 292, 197, 274, 238, 97, 30, 159, 118, 259, 107, 84, 113, 233, 105, 288, 300, 10, 141, 196, 3, 150, 242, 273, 261, 181, 53, 297, 68, 91, 249, 27, 154, 239, 164, 265, 180, 205, 229, 290, 42, 195, 276, 36, 138, 99, 251, 25, 260, 70, 81, 60, 9, 169, 226, 252, 51, 2, 16, 186, 298, 65, 253, 289, 62, 285, 167, 244, 142, 114, 199, 223, 184, 149, 85, 267, 296, 278, 156, 153, 173, 93, 79, 272, 269, 293, 135, 192, 43, 119, 31, 37, 200, 1, 162, 210, 257, 232, 234, 235, 237, 254, 263, 270, 271, 286]
x_219: [2, 3, 4, 6, 8, 10, 14, 15, 17, 21, 22, 23, 27, 33, 34, 37, 38, 39, 40, 46, 47, 48, 56, 57, 61, 72, 75, 76, 81, 84, 87, 88, 89, 92, 93, 94, 95, 96, 97, 99, 102, 103, 105, 106, 108, 111, 112, 115, 123, 124, 125, 127, 129, 131, 136, 140, 146, 148, 159, 161, 162, 163, 166, 167, 172, 174, 175, 177, 180, 183, 189, 192, 196, 200, 201, 203, 204, 205, 207, 210, 214, 216, 217, 170, 209, 251, 13, 208, 222, 258, 266, 240, 299, 157, 173, 73, 50, 63, 70, 288, 126, 195, 32, 26, 185, 59, 45, 273, 227, 220, 224, 231, 236, 237, 238, 239, 242, 243, 245, 248, 249, 262, 267, 269, 276, 277, 279, 281, 284, 287, 290, 292, 293, 296]
x_220: [3, 6, 11, 15, 18, 19, 24, 25, 26, 28, 33, 34, 39, 40, 44, 45, 47, 51, 54, 55, 56, 58, 59, 61, 63, 66, 68, 69, 71, 72, 77, 78, 79, 80, 82, 89, 91, 92, 94, 99, 100, 102, 103, 104, 105, 106, 107, 108, 110, 111, 112, 113, 115, 124, 125, 129, 131, 132, 135, 137, 139, 142, 143, 146, 153, 156, 160, 161, 162, 163, 166, 169, 172, 173, 177, 180, 187, 189, 190, 191, 192, 197, 202, 205, 208, 209, 210, 213, 229, 199, 118, 42, 251, 258, 50, 126, 222, 136, 184, 256, 4, 16, 74, 31, 23, 246, 298, 93, 201, 283, 116, 263, 149, 20, 260, 281, 245, 32, 269, 266, 145, 299, 193, 207, 14, 62, 38, 121, 296, 109, 224, 276, 123, 289, 200, 5, 165, 29, 221, 88, 188, 291, 1, 22, 83, 67, 254, 284, 151, 2, 81, 235, 223, 228, 158, 114, 128, 175, 278, 293, 261, 13, 250, 84, 7, 76, 255, 46, 238, 27, 233, 275, 101, 70, 138, 273, 225, 294, 247, 48, 87, 219, 85, 230, 185, 226, 292, 133, 65, 152, 119, 10, 37, 257, 183, 198, 288, 244, 41, 253, 96, 300, 174, 211, 295, 285, 262, 64, 227, 236, 237, 241, 243, 265, 286, 287]
x_221: [4, 5, 16, 18, 19, 21, 22, 25, 28, 29, 34, 38, 42, 44, 46, 47, 52, 55, 57, 59, 64, 67, 69, 75, 76, 77, 78, 80, 82, 83, 84, 88, 91, 95, 99, 100, 103, 104, 105, 106, 107, 108, 109, 112, 120, 121, 129, 132, 134, 135, 137, 138, 143, 144, 145, 146, 148, 153, 154, 156, 163, 167, 169, 172, 177, 178, 179, 180, 182, 184, 190, 191, 193, 198, 202, 206, 207, 213, 214, 215, 216, 217, 218, 220, 300, 251, 252, 235, 31, 282, 210, 26, 209, 239, 201, 63, 222, 242, 212, 30, 81, 234, 241, 258, 139, 94, 74, 173, 141, 147, 162, 96, 85, 24, 264, 164, 155, 157, 62, 211, 35, 124, 127, 51, 293, 299, 142, 10, 279, 267, 114, 225, 262, 174, 295, 290, 260, 72, 32, 285, 245, 263, 298, 296, 118, 71, 272, 12, 247, 266, 126, 255, 39, 224, 257, 253, 165, 236, 223, 226, 227, 229, 231, 232, 233, 240, 248, 254, 256, 261, 265, 273, 274, 276, 278, 283, 292]
x_222: [1, 3, 4, 5, 6, 8, 10, 14, 15, 16, 18, 19, 21, 25, 26, 27, 28, 29, 30, 31, 34, 38, 40, 51, 56, 59, 61, 63, 64, 66, 67, 69, 71, 72, 75, 76, 81, 82, 85, 86, 87, 88, 99, 100, 103, 104, 105, 106, 109, 111, 113, 114, 124, 125, 127, 129, 131, 132, 133, 135, 136, 139, 141, 142, 143, 144, 152, 156, 159, 163, 166, 170, 173, 175, 178, 179, 180, 182, 183, 188, 189, 190, 194, 195, 196, 197, 198, 203, 204, 205, 206, 207, 212, 213, 215, 219, 220, 221, 252, 280, 216, 35, 236, 119, 80, 295, 249, 230, 224, 60, 287, 155, 251, 294, 57, 92, 48, 149, 107, 32, 260, 102, 300, 126, 150, 257, 122, 137, 298, 70, 282, 158, 273, 253, 241, 9, 49, 200, 226, 256, 296, 240, 172, 245, 134, 168, 247, 299, 270, 233, 22, 157, 7, 93, 39, 208, 79, 293, 154, 228, 259, 123, 148, 50, 265, 108, 55, 286, 267, 271, 128, 254, 44, 237, 214, 284, 17, 191, 171, 202, 95, 11, 120, 234, 96, 277, 162, 37, 147, 74, 255, 68, 24, 145, 176, 110, 140, 83, 42, 101, 116, 77, 130, 210, 97, 201, 90, 117, 187, 223, 229, 235, 238, 258, 261, 262, 263, 264, 269, 274, 275, 279, 288, 290, 292]
x_223: [3, 9, 10, 12, 17, 18, 24, 25, 26, 28, 35, 39, 42, 47, 48, 49, 50, 54, 55, 56, 57, 63, 64, 66, 67, 70, 71, 72, 76, 79, 82, 84, 87, 88, 91, 94, 99, 102, 105, 106, 109, 129, 130, 132, 134, 136, 137, 139, 143, 146, 153, 162, 166, 172, 173, 174, 178, 179, 180, 182, 183, 187, 188, 194, 201, 204, 207, 209, 213, 214, 217, 218, 220, 228, 189, 196, 20, 212, 276, 22, 225, 155, 252, 8, 98, 184, 141, 293, 140, 221, 233, 114, 16, 51, 83, 255, 85, 299, 245, 279, 101, 286, 191, 216, 263, 7, 215, 13, 246, 273, 123, 68, 131, 232, 230, 198, 2, 205, 29, 206, 11, 298, 122, 285, 19, 128, 110, 288, 113, 27, 274, 115, 120, 52, 158, 271, 148, 33, 75, 185, 44, 262, 58, 165, 45, 121, 277, 73, 265, 124, 270, 281, 104, 227, 147, 135, 127, 272, 177, 237, 186, 193, 1, 90, 74, 259, 290, 169, 235, 195, 260, 133, 36, 199, 14, 97, 222, 93, 234, 200, 108, 297, 80, 92, 202, 119, 203, 278, 89, 250, 6, 164, 157, 171, 190, 251, 254, 86, 81, 53, 61, 240, 142, 160, 78, 138, 231, 247, 264, 229, 238, 242, 243, 248, 253, 258, 267, 269, 283, 284, 291, 295, 300]
x_224: [6, 14, 15, 17, 18, 19, 22, 23, 24, 25, 27, 28, 29, 34, 35, 36, 37, 40, 41, 44, 46, 47, 54, 55, 59, 61, 66, 69, 72, 74, 75, 77, 80, 81, 82, 85, 86, 87, 91, 93, 94, 95, 96, 97, 102, 103, 104, 107, 111, 112, 113, 117, 120, 124, 125, 128, 129, 133, 136, 140, 142, 143, 144, 145, 146, 152, 163, 170, 172, 173, 174, 177, 180, 182, 189, 192, 195, 197, 203, 204, 206, 207, 209, 211, 212, 213, 215, 217, 220, 221, 222, 158, 1, 288, 48, 98, 166, 70, 63, 268, 108, 293, 84, 239, 196, 254, 148, 298, 210, 101, 258, 296, 175, 123, 99, 234, 283, 232, 7, 4, 179, 119, 219, 12, 269, 289, 256, 57, 67, 51, 78, 73, 280, 286, 299, 184, 243, 282, 208, 240, 176, 171, 227, 300, 9, 156, 265, 271, 187, 238, 26, 194, 21, 253, 115, 233, 248, 214, 287, 244, 264, 186, 39, 3, 88, 198, 138, 110, 131, 225, 229, 235, 237, 245, 246, 250, 260, 261, 262, 263, 266, 274, 275, 276, 278, 290]
x_225: [1, 4, 5, 15, 17, 18, 21, 22, 23, 27, 33, 34, 41, 44, 46, 47, 52, 54, 58, 59, 61, 62, 63, 64, 66, 67, 69, 70, 71, 72, 75, 77, 78, 79, 81, 85, 87, 88, 89, 91, 93, 94, 96, 97, 99, 100, 103, 106, 108, 109, 110, 113, 115, 121, 123, 125, 130, 132, 138, 143, 146, 147, 150, 152, 156, 162, 166, 169, 173, 174, 175, 177, 178, 182, 183, 190, 196, 197, 201, 203, 206, 207, 208, 210, 212, 214, 215, 218, 220, 221, 223, 224, 12, 261, 49, 250, 151, 193, 298, 167, 3, 227, 128, 2, 163, 280, 124, 165, 242, 74, 248, 114, 232, 16, 24, 205, 259, 76, 141, 267, 142, 238, 269, 181, 275, 247, 7, 233, 236, 53, 26, 251, 102, 8, 230, 186, 157, 25, 226, 235, 237, 240, 243, 257, 265, 270, 273, 276, 278, 283, 290, 295]
x_226: [6, 8, 10, 16, 17, 18, 19, 21, 22, 23, 25, 29, 30, 34, 35, 36, 37, 40, 41, 42, 45, 46, 48, 51, 52, 54, 57, 66, 69, 74, 75, 85, 88, 89, 90, 91, 92, 93, 96, 97, 101, 103, 104, 106, 108, 110, 111, 113, 114, 115, 116, 118, 121, 124, 125, 129, 133, 134, 136, 137, 140, 142, 143, 146, 147, 154, 160, 162, 163, 168, 169, 179, 180, 182, 187, 188, 198, 201, 203, 204, 207, 209, 212, 218, 220, 222, 28, 221, 225, 166, 280, 213, 56, 77, 191, 156, 138, 250, 288, 161, 217, 265, 81, 230, 27, 273, 246, 157, 164, 39, 247, 172, 249, 240, 190, 270, 298, 171, 235, 62, 284, 245, 155, 109, 131, 295, 71, 227, 210, 259, 283, 268, 26, 14, 234, 15, 229, 186, 9, 241, 252, 195, 271, 297, 70, 4, 33, 24, 185, 276, 3, 153, 73, 274, 150, 120, 175, 290, 1, 151, 67, 296, 277, 20, 174, 47, 200, 214, 176, 286, 12, 65, 257, 64, 5, 216, 76, 43, 206, 233, 32, 11, 261, 59, 272, 208, 202, 141, 205, 282, 291, 239, 194, 232, 189, 13, 184, 242, 253, 254, 255, 258, 262, 267, 275, 278, 285, 287, 292, 293, 299, 300]
x_227: [6, 7, 12, 14, 15, 17, 18, 21, 24, 29, 31, 34, 37, 38, 39, 42, 44, 46, 47, 50, 52, 56, 61, 62, 64, 69, 77, 81, 91, 95, 100, 103, 106, 107, 108, 109, 114, 116, 121, 123, 125, 127, 128, 129, 132, 133, 137, 138, 140, 144, 146, 147, 148, 152, 154, 160, 161, 163, 167, 168, 176, 191, 192, 200, 201, 203, 204, 205, 206, 208, 209, 211, 212, 213, 215, 216, 217, 218, 219, 223, 224, 225, 226, 232, 11, 177, 97, 158, 249, 40, 184, 194, 277, 183, 190, 259, 263, 150, 72, 84, 228, 75, 198, 87, 210, 269, 240, 74, 197, 4, 221, 28, 282, 53, 90, 272, 139, 101, 178, 105, 253, 271, 86, 80, 288, 112, 65, 169, 32, 26, 251, 45, 293, 10, 59, 258, 70, 51, 104, 159, 187, 289, 298, 71, 30, 135, 193, 88, 117, 248, 264, 92, 230, 180, 68, 35, 36, 237, 2, 268, 241, 283, 284, 287, 93, 23, 247, 239, 67, 199, 252, 49, 295, 171, 162, 130, 175, 296, 60, 220, 78, 149, 165, 236, 238, 242, 243, 256, 261, 267, 270, 274, 275, 278, 279, 280, 281, 285, 286, 290, 291, 292, 299, 300]
x_228: [5, 6, 8, 11, 14, 15, 17, 22, 24, 26, 28, 29, 34, 35, 37, 39, 40, 55, 58, 61, 63, 64, 66, 67, 69, 74, 77, 78, 82, 84, 85, 88, 89, 92, 93, 100, 102, 106, 109, 110, 111, 115, 116, 120, 121, 128, 129, 135, 136, 139, 140, 144, 152, 153, 157, 160, 162, 166, 167, 169, 170, 174, 175, 178, 182, 184, 189, 191, 194, 198, 199, 200, 203, 206, 207, 212, 215, 217, 218, 220, 222, 223, 227, 298, 279, 161, 122, 179, 190, 159, 188, 187, 236, 31, 38, 131, 233, 234, 235, 237, 240, 243, 244, 245, 246, 253, 257, 259, 261, 262, 267, 270, 273, 278, 283, 284, 286, 290, 292, 293, 300]
x_229: [1, 3, 4, 5, 7, 10, 14, 17, 18, 19, 22, 27, 28, 33, 35, 38, 42, 44, 46, 54, 55, 56, 58, 63, 66, 69, 72, 74, 76, 77, 80, 84, 88, 91, 94, 95, 97, 99, 102, 104, 108, 109, 110, 112, 115, 116, 120, 122, 125, 127, 130, 131, 132, 134, 135, 142, 143, 145, 146, 147, 148, 153, 156, 161, 162, 163, 166, 167, 175, 178, 181, 188, 189, 190, 204, 209, 211, 212, 213, 215, 218, 220, 226, 26, 200, 174, 298, 105, 21, 294, 8, 140, 29, 252, 198, 241, 48, 11, 265, 187, 244, 222, 176, 79, 136, 232, 32, 62, 50, 16, 64, 240, 171, 117, 85, 123, 257, 266, 185, 24, 224, 126, 221, 290, 83, 262, 98, 203, 243, 248, 264, 118, 164, 210, 121, 152, 165, 237, 41, 285, 287, 197, 286, 247, 59, 267, 15, 51, 47, 186, 250, 261, 184, 256, 106, 246, 173, 263, 291, 157, 295, 299, 202, 113, 101, 282, 278, 238, 52, 133, 141, 119, 67, 284, 158, 179, 53, 233, 270, 90, 217, 288, 149, 289, 239, 180, 6, 223, 57, 107, 272, 150, 194, 81, 100, 254, 182, 155, 230, 236, 242, 258, 269, 271, 275, 276, 279, 281, 283, 292, 300]
x_230: [3, 6, 7, 8, 10, 17, 18, 24, 27, 28, 31, 34, 35, 38, 39, 40, 42, 43, 45, 47, 50, 51, 54, 55, 59, 61, 63, 70, 74, 75, 82, 84, 85, 87, 89, 92, 94, 95, 96, 97, 100, 102, 105, 106, 107, 112, 118, 121, 124, 126, 128, 131, 132, 133, 134, 135, 140, 148, 154, 156, 163, 169, 173, 175, 177, 178, 180, 190, 192, 198, 200, 201, 203, 207, 214, 215, 220, 222, 223, 225, 226, 227, 83, 127, 257, 210, 208, 159, 115, 241, 143, 1, 161, 21, 232, 36, 157, 5, 204, 22, 80, 137, 247, 33, 116, 56, 66, 268, 90, 155, 290, 256, 277, 88, 20, 231, 282, 299, 279, 246, 236, 166, 99, 278, 41, 284, 147, 174, 202, 286, 217, 261, 146, 229, 67, 293, 13, 168, 269, 176, 212, 171, 197, 184, 265, 248, 160, 26, 251, 46, 253, 195, 196, 188, 255, 49, 69, 182, 79, 244, 242, 250, 164, 191, 233, 234, 237, 245, 254, 258, 262, 270, 272, 274, 275, 276, 281, 288, 292, 298, 300]
x_231: [1, 3, 6, 9, 14, 15, 16, 17, 22, 28, 29, 31, 34, 37, 42, 44, 48, 54, 55, 56, 58, 59, 64, 67, 71, 75, 77, 78, 82, 87, 89, 91, 94, 95, 99, 102, 105, 108, 111, 115, 117, 120, 125, 127, 128, 129, 130, 132, 134, 136, 137, 140, 142, 144, 146, 153, 161, 164, 169, 171, 173, 178, 179, 180, 182, 189, 190, 191, 195, 197, 200, 203, 204, 205, 206, 207, 209, 210, 218, 223, 230, 156, 258, 294, 133, 38, 26, 41, 219, 154, 265, 53, 138, 49, 149, 181, 68, 286, 33, 192, 50, 39, 66, 4, 233, 221, 201, 74, 252, 35, 155, 103, 299, 235, 236, 239, 244, 245, 248, 251, 254, 255, 257, 259, 260, 261, 262, 263, 267, 271, 275, 276, 278, 279, 283, 285, 287, 290, 292, 293, 300]
x_232: [3, 6, 8, 15, 19, 21, 24, 27, 28, 29, 30, 35, 38, 42, 45, 51, 55, 57, 58, 59, 64, 67, 69, 72, 75, 76, 77, 78, 81, 82, 85, 87, 88, 89, 91, 94, 95, 96, 97, 99, 100, 108, 111, 112, 124, 125, 127, 128, 130, 131, 135, 136, 142, 144, 147, 152, 160, 161, 163, 167, 179, 180, 182, 194, 197, 200, 203, 208, 209, 210, 211, 212, 223, 224, 225, 226, 227, 229, 230, 256, 266, 120, 237, 146, 126, 234, 14, 235, 113, 26, 39, 129, 46, 262, 133, 202, 273, 277, 177, 217, 148, 32, 132, 140, 33, 103, 41, 114, 25, 215, 80, 121, 201, 264, 243, 17, 218, 18, 10, 53, 257, 44, 289, 221, 186, 296, 68, 283, 292, 189, 268, 298, 278, 294, 190, 255, 79, 122, 276, 199, 205, 183, 34, 40, 165, 98, 151, 260, 164, 198, 115, 270, 236, 241, 242, 244, 245, 246, 247, 253, 259, 261, 265, 267, 269, 271, 275, 284, 286, 288, 291, 293, 295, 300]
x_233: [3, 4, 8, 12, 15, 17, 18, 19, 21, 22, 25, 33, 34, 35, 38, 40, 47, 49, 50, 53, 54, 55, 56, 57, 58, 61, 64, 66, 67, 74, 75, 77, 80, 82, 84, 87, 88, 94, 95, 97, 99, 100, 102, 104, 105, 106, 108, 109, 114, 121, 124, 127, 128, 129, 130, 131, 132, 134, 135, 139, 140, 143, 145, 149, 153, 154, 161, 162, 166, 170, 171, 172, 173, 174, 175, 178, 180, 189, 191, 194, 197, 203, 204, 206, 207, 208, 209, 211, 212, 215, 218, 220, 222, 223, 224, 225, 226, 229, 231, 52, 1, 60, 295, 240, 156, 221, 297, 177, 6, 228, 144, 179, 258, 234, 32, 118, 70, 30, 37, 184, 235, 133, 42, 217, 279, 296, 137, 269, 79, 117, 263, 274, 292, 200, 195, 116, 45, 185, 242, 51, 126, 119, 36, 141, 251, 183, 169, 181, 237, 107, 198, 241, 65, 199, 85, 238, 92, 245, 48, 187, 284, 20, 93, 146, 163, 260, 69, 167, 216, 2, 73, 239, 291, 205, 152, 111, 201, 255, 272, 214, 276, 250, 165, 267, 159, 26, 120, 193, 98, 192, 282, 90, 59, 71, 9, 273, 244, 230, 115, 176, 168, 164, 196, 78, 13, 151, 287, 271, 264, 280, 136, 213, 236, 243, 247, 249, 253, 254, 257, 259, 261, 262, 270, 275, 281, 286, 290, 299]
x_234: [3, 8, 14, 15, 18, 21, 26, 27, 28, 29, 32, 33, 39, 48, 56, 61, 62, 66, 67, 68, 69, 74, 75, 76, 81, 84, 85, 86, 88, 93, 94, 95, 96, 99, 100, 108, 109, 111, 117, 121, 123, 124, 125, 127, 129, 130, 132, 133, 135, 139, 140, 143, 145, 147, 148, 156, 159, 160, 161, 163, 166, 172, 175, 178, 180, 182, 190, 191, 192, 197, 204, 206, 209, 211, 216, 217, 221, 222, 223, 224, 226, 232, 233, 300, 92, 136, 287, 60, 20, 255, 63, 228, 97, 183, 106, 1, 16, 187, 208, 247, 205, 107, 50, 65, 64, 236, 239, 169, 279, 80, 119, 235, 173, 251, 131, 177, 243, 40, 150, 120, 202, 141, 90, 214, 12, 59, 44, 271, 52, 284, 151, 188, 47, 137, 77, 185, 162, 212, 230, 213, 261, 179, 54, 193, 134, 2, 215, 200, 218, 11, 254, 128, 70, 116, 6, 89, 4, 45, 146, 278, 42, 237, 238, 242, 245, 248, 259, 260, 262, 265, 267, 270, 283, 286, 288, 290, 293, 297, 299]
x_235: [2, 3, 8, 10, 12, 14, 15, 17, 19, 22, 26, 28, 29, 34, 35, 36, 37, 38, 39, 47, 48, 51, 58, 61, 64, 66, 68, 74, 75, 76, 78, 80, 81, 82, 84, 91, 96, 97, 102, 103, 104, 105, 108, 111, 112, 121, 128, 129, 130, 131, 132, 133, 134, 139, 140, 143, 144, 145, 146, 148, 153, 155, 156, 160, 163, 166, 167, 169, 170, 174, 178, 180, 182, 183, 189, 190, 191, 192, 197, 198, 200, 204, 208, 209, 213, 214, 216, 217, 220, 221, 223, 226, 232, 233, 234, 211, 88, 57, 179, 282, 255, 94, 25, 266, 141, 7, 280, 225, 260, 268, 184, 299, 67, 231, 147, 274, 5, 236, 159, 149, 32, 142, 42, 185, 203, 222, 287, 119, 110, 100, 138, 65, 55, 118, 238, 248, 31, 187, 92, 205, 44, 250, 290, 93, 218, 195, 291, 24, 284, 261, 49, 53, 124, 107, 86, 115, 45, 60, 56, 43, 201, 21, 30, 294, 54, 109, 165, 263, 240, 247, 296, 168, 177, 196, 288, 127, 154, 256, 99, 273, 18, 224, 241, 1, 27, 243, 114, 136, 251, 62, 77, 69, 194, 237, 83, 297, 269, 79, 300, 281, 125, 16, 135, 11, 117, 270, 123, 267, 283, 242, 73, 157, 13, 249, 228, 259, 171, 95, 23, 63, 40, 245, 246, 254, 262, 276, 286, 292]
x_236: [1, 2, 3, 6, 10, 11, 21, 22, 30, 31, 33, 34, 35, 39, 40, 45, 46, 51, 54, 56, 58, 60, 62, 64, 66, 68, 70, 78, 82, 85, 87, 88, 89, 91, 93, 97, 102, 103, 104, 106, 108, 109, 112, 117, 121, 125, 127, 130, 131, 132, 133, 135, 136, 137, 140, 144, 147, 160, 161, 162, 163, 171, 172, 174, 177, 186, 191, 194, 196, 197, 198, 200, 201, 203, 204, 206, 207, 211, 214, 215, 216, 217, 218, 221, 222, 225, 228, 230, 234, 235, 155, 126, 71, 165, 247, 291, 208, 281, 295, 240, 188, 299, 47, 15, 9, 271, 77, 185, 36, 24, 257, 23, 73, 251, 146, 128, 298, 254, 293, 190, 138, 233, 272, 245, 270, 266, 169, 244, 27, 105, 86, 143, 17, 153, 229, 69, 4, 262, 277, 175, 279, 283, 8, 220, 176, 246, 74, 123, 286, 249, 213, 267, 173, 227, 181, 183, 263, 202, 159, 241, 99, 50, 14, 61, 250, 16, 182, 209, 248, 37, 42, 19, 243, 28, 231, 65, 26, 282, 258, 94, 90, 7, 275, 212, 96, 13, 118, 122, 110, 232, 113, 114, 49, 193, 167, 273, 154, 187, 192, 300, 25, 79, 184, 239, 219, 180, 252, 98, 111, 280, 150, 57, 179, 237, 157, 289, 170, 242, 255, 269, 278, 285, 287, 290]
x_237: [6, 10, 15, 17, 18, 27, 28, 29, 34, 35, 39, 41, 42, 44, 46, 47, 52, 53, 55, 56, 57, 59, 62, 68, 74, 75, 76, 77, 82, 85, 89, 91, 93, 95, 96, 99, 100, 103, 104, 106, 108, 120, 123, 125, 129, 130, 131, 132, 133, 137, 144, 146, 147, 152, 158, 159, 160, 161, 162, 173, 174, 175, 178, 182, 183, 184, 189, 190, 194, 201, 204, 207, 211, 213, 214, 215, 216, 217, 222, 223, 227, 229, 232, 233, 235, 236, 127, 230, 254, 276, 265, 186, 257, 58, 87, 5, 8, 209, 171, 293, 11, 14, 43, 228, 219, 292, 170, 32, 111, 255, 140, 84, 169, 240, 187, 101, 7, 281, 66, 220, 73, 210, 143, 128, 142, 196, 185, 109, 168, 197, 112, 54, 135, 67, 150, 40, 269, 266, 134, 114, 113, 153, 243, 48, 157, 225, 261, 138, 290, 119, 289, 247, 65, 165, 167, 71, 64, 4, 238, 271, 83, 277, 176, 242, 45, 2, 149, 246, 172, 145, 298, 218, 94, 177, 205, 49, 156, 268, 110, 124, 288, 285, 164, 252, 279, 139, 234, 282, 148, 274, 9, 60, 273, 244, 78, 98, 191, 81, 20, 179, 38, 1, 241, 206, 97, 203, 297, 126, 250, 180, 224, 278, 295, 287, 155, 23, 50, 239, 90, 260, 61, 245, 248, 249, 258, 259, 262, 263, 267, 270, 280, 283, 286]
x_238: [4, 8, 10, 11, 19, 22, 26, 27, 28, 29, 33, 34, 35, 36, 38, 39, 40, 47, 55, 56, 57, 58, 59, 61, 62, 67, 69, 72, 74, 77, 80, 81, 82, 84, 85, 87, 89, 92, 94, 95, 96, 97, 99, 101, 102, 104, 105, 108, 113, 116, 118, 124, 127, 128, 129, 130, 136, 141, 144, 147, 154, 160, 163, 174, 177, 178, 180, 182, 183, 189, 190, 192, 197, 198, 201, 202, 203, 204, 209, 212, 213, 214, 215, 218, 220, 224, 225, 229, 233, 235, 237, 187, 284, 158, 135, 18, 206, 17, 191, 255, 79, 287, 242, 24, 222, 156, 185, 250, 278, 150, 153, 282, 23, 297, 259, 171, 9, 181, 143, 260, 253, 219, 44, 295, 71, 7, 262, 186, 13, 131, 73, 211, 248, 272, 210, 293, 175, 205, 107, 90, 49, 142, 152, 256, 138, 263, 123, 168, 14, 125, 288, 51, 294, 223, 234, 249, 289, 83, 43, 241, 155, 157, 246, 285, 31, 63, 121, 179, 290, 239, 279, 126, 112, 68, 30, 133, 270, 159, 243, 75, 117, 273, 207, 173, 283, 200, 172, 91, 109, 86, 280, 64, 119, 3, 15, 20, 281, 146, 42, 193, 292, 139, 298, 122, 60, 227, 291, 240, 244, 245, 251, 254, 257, 267, 274, 275, 276, 286, 299, 300]
x_239: [10, 17, 21, 22, 26, 28, 34, 36, 39, 40, 50, 52, 55, 56, 57, 58, 59, 61, 62, 64, 66, 67, 69, 70, 74, 76, 77, 82, 84, 85, 87, 88, 92, 94, 95, 96, 99, 100, 101, 102, 103, 105, 107, 108, 109, 110, 111, 112, 115, 116, 120, 130, 131, 133, 134, 135, 136, 144, 145, 146, 147, 152, 153, 155, 167, 169, 173, 175, 178, 179, 180, 183, 184, 186, 187, 189, 190, 191, 192, 202, 203, 204, 207, 209, 211, 215, 216, 217, 218, 221, 224, 226, 227, 229, 233, 234, 236, 237, 238, 30, 68, 260, 285, 272, 206, 219, 65, 275, 159, 122, 205, 151, 194, 86, 282, 196, 176, 214, 172, 256, 248, 33, 11, 8, 97, 295, 53, 113, 289, 261, 71, 90, 212, 298, 91, 140, 35, 139, 160, 266, 63, 73, 290, 54, 269, 47, 141, 128, 284, 118, 9, 43, 49, 213, 201, 286, 231, 72, 251, 143, 243, 252, 142, 185, 41, 79, 274, 279, 129, 44, 278, 197, 114, 119, 296, 257, 46, 121, 276, 60, 268, 242, 245, 247, 255, 265, 267, 270, 281, 283, 291, 293, 300]
x_240: [6, 11, 17, 21, 22, 28, 33, 34, 36, 39, 40, 42, 43, 44, 45, 47, 51, 55, 56, 58, 61, 62, 67, 69, 72, 78, 80, 82, 84, 85, 87, 93, 95, 96, 97, 100, 103, 105, 106, 110, 121, 124, 125, 127, 128, 132, 133, 135, 136, 137, 140, 143, 146, 147, 153, 159, 160, 161, 165, 166, 167, 172, 178, 179, 180, 182, 184, 188, 189, 191, 194, 195, 200, 202, 203, 205, 206, 209, 210, 213, 214, 219, 222, 223, 224, 226, 227, 229, 233, 235, 236, 237, 142, 281, 116, 225, 76, 162, 190, 88, 262, 247, 77, 9, 273, 20, 5, 19, 173, 228, 73, 256, 263, 123, 217, 268, 158, 221, 238, 241, 90, 15, 66, 254, 3, 29, 300, 285, 183, 92, 107, 7, 295, 145, 70, 131, 59, 265, 242, 243, 245, 248, 255, 257, 259, 260, 267, 270, 276, 278, 279, 286, 288, 293, 298]
x_241: [2, 3, 7, 9, 13, 15, 18, 19, 22, 26, 28, 29, 30, 34, 35, 40, 42, 45, 46, 48, 58, 61, 63, 64, 66, 68, 74, 77, 80, 84, 85, 87, 91, 93, 95, 96, 104, 105, 106, 108, 110, 111, 112, 115, 120, 121, 124, 127, 131, 134, 136, 139, 143, 144, 146, 154, 155, 159, 160, 161, 162, 164, 167, 172, 177, 178, 183, 191, 192, 194, 196, 197, 201, 204, 207, 208, 209, 213, 215, 221, 222, 226, 227, 229, 230, 233, 235, 236, 237, 238, 240, 20, 220, 101, 243, 260, 275, 62, 47, 217, 17, 280, 263, 70, 299, 297, 171, 94, 71, 156, 258, 182, 276, 287, 274, 173, 291, 269, 25, 116, 255, 55, 266, 202, 290, 52, 33, 246, 6, 157, 53, 12, 149, 252, 118, 113, 232, 32, 37, 195, 43, 268, 271, 14, 41, 129, 184, 203, 123, 103, 57, 141, 99, 242, 248, 254, 265, 267, 270, 278, 283, 284, 292, 295, 296, 298, 300]
x_242: [1, 10, 14, 15, 17, 18, 19, 21, 23, 29, 33, 37, 38, 39, 44, 51, 55, 61, 62, 63, 70, 74, 77, 82, 87, 88, 93, 94, 95, 97, 101, 102, 103, 104, 106, 109, 110, 111, 112, 121, 123, 124, 129, 130, 137, 143, 146, 156, 160, 161, 163, 166, 170, 172, 174, 177, 178, 179, 183, 186, 189, 190, 196, 197, 201, 206, 211, 217, 218, 221, 225, 230, 233, 235, 237, 238, 241, 60, 148, 252, 53, 108, 25, 32, 20, 227, 270, 115, 92, 58, 223, 6, 113, 195, 200, 12, 288, 76, 158, 286, 279, 264, 119, 118, 40, 209, 187, 4, 296, 180, 194, 284, 149, 7, 116, 272, 5, 13, 84, 16, 236, 107, 276, 246, 50, 67, 56, 273, 147, 226, 188, 167, 28, 86, 34, 24, 168, 293, 57, 47, 91, 3, 100, 255, 99, 193, 26, 140, 274, 215, 184, 132, 27, 262, 267, 142, 287, 232, 151, 154, 22, 208, 139, 114, 204, 182, 105, 42, 203, 176, 171, 75, 159, 11, 185, 256, 8, 133, 202, 73, 35, 250, 240, 290, 239, 79, 162, 90, 219, 245, 173, 153, 199, 259, 78, 98, 261, 136, 144, 292, 295, 298, 125, 244, 234, 81, 181, 281, 213, 254, 48, 128, 229, 243, 248, 249, 257, 265, 269, 275, 297, 300]
x_243: [3, 9, 10, 14, 15, 23, 28, 33, 35, 43, 46, 55, 56, 63, 66, 67, 68, 71, 74, 81, 82, 88, 89, 91, 93, 94, 95, 99, 100, 101, 109, 110, 114, 117, 121, 124, 128, 129, 130, 131, 132, 135, 141, 147, 148, 152, 153, 156, 160, 162, 165, 167, 171, 173, 174, 178, 192, 194, 197, 200, 201, 203, 208, 209, 212, 214, 215, 216, 217, 218, 224, 229, 232, 234, 235, 236, 237, 238, 239, 241, 155, 73, 34, 202, 154, 12, 213, 127, 204, 41, 298, 274, 195, 87, 292, 84, 175, 257, 256, 296, 169, 252, 24, 7, 144, 17, 48, 50, 137, 36, 22, 276, 249, 96, 255, 286, 261, 189, 97, 269, 266, 61, 85, 64, 225, 182, 228, 126, 57, 103, 120, 60, 259, 65, 142, 32, 16, 75, 198, 233, 264, 5, 107, 177, 288, 4, 92, 245, 8, 76, 263, 227, 220, 146, 54, 187, 122, 72, 44, 210, 86, 280, 172, 293, 219, 258, 281, 26, 179, 283, 223, 278, 294, 139, 183, 186, 79, 13, 98, 242, 260, 30, 119, 287, 143, 31, 240, 39, 262, 29, 83, 140, 299, 21, 297, 69, 2, 190, 51, 196, 37, 150, 246, 248, 254, 265, 270, 271, 272, 275, 277, 284, 290, 291, 300]
x_244: [9, 14, 15, 17, 18, 19, 20, 21, 23, 27, 28, 29, 33, 34, 42, 47, 54, 55, 56, 57, 58, 59, 67, 68, 69, 72, 74, 76, 77, 78, 82, 85, 87, 88, 89, 95, 97, 99, 100, 102, 103, 104, 105, 108, 109, 111, 112, 114, 115, 117, 123, 125, 127, 130, 131, 132, 135, 145, 146, 147, 150, 152, 153, 156, 159, 161, 162, 163, 166, 167, 175, 183, 189, 190, 192, 198, 200, 201, 202, 203, 204, 206, 207, 208, 211, 212, 215, 216, 217, 218, 220, 224, 229, 230, 233, 236, 237, 242, 50, 134, 246, 214, 274, 292, 284, 205, 276, 247, 297, 16, 280, 60, 251, 1, 228, 2, 238, 149, 263, 231, 143, 268, 106, 232, 3, 22, 41, 209, 24, 272, 80, 75, 269, 37, 12, 254, 44, 248, 253, 255, 259, 261, 262, 267, 270, 273, 277, 279, 281, 285, 287, 288, 290, 300]
x_245: [3, 13, 14, 17, 18, 19, 21, 22, 24, 25, 26, 27, 29, 30, 33, 34, 36, 39, 40, 45, 51, 52, 54, 55, 57, 59, 60, 62, 64, 66, 67, 68, 69, 72, 74, 75, 76, 77, 78, 82, 84, 87, 88, 89, 92, 93, 97, 100, 102, 105, 109, 114, 115, 121, 123, 127, 128, 129, 131, 132, 133, 140, 144, 147, 152, 155, 160, 163, 165, 167, 175, 179, 180, 184, 190, 192, 199, 201, 202, 203, 204, 206, 208, 209, 215, 216, 220, 221, 222, 223, 226, 233, 236, 242, 243, 234, 31, 125, 260, 289, 212, 135, 170, 296, 246, 6, 171, 7, 23, 252, 70, 182, 277, 73, 113, 219, 56, 58, 213, 297, 287, 263, 292, 173, 279, 295, 293, 154, 10, 5, 230, 106, 253, 35, 65, 228, 224, 111, 63, 143, 47, 150, 41, 290, 79, 207, 95, 138, 210, 168, 153, 43, 101, 232, 198, 1, 90, 2, 239, 183, 298, 188, 157, 276, 38, 134, 107, 235, 37, 117, 61, 240, 196, 300, 142, 139, 258, 272, 285, 251, 185, 158, 282, 186, 195, 141, 189, 286, 103, 178, 174, 126, 267, 237, 261, 281, 249, 274, 99, 81, 172, 197, 231, 136, 191, 254, 238, 44, 214, 264, 257, 247, 248, 255, 268, 273, 275, 278, 284, 288]
x_246: [1, 4, 6, 8, 9, 10, 14, 15, 16, 19, 21, 33, 35, 37, 39, 42, 44, 45, 56, 59, 61, 63, 64, 67, 78, 80, 81, 82, 84, 85, 88, 89, 91, 93, 94, 95, 96, 99, 100, 103, 104, 106, 107, 109, 110, 111, 112, 114, 121, 124, 125, 128, 129, 132, 135, 136, 146, 147, 150, 154, 159, 160, 161, 163, 169, 170, 172, 174, 178, 179, 180, 183, 195, 197, 202, 203, 204, 206, 208, 211, 213, 215, 216, 220, 223, 226, 229, 230, 236, 237, 238, 241, 242, 243, 244, 245, 285, 134, 168, 296, 232, 108, 298, 288, 289, 87, 175, 137, 38, 40, 152, 7, 79, 145, 118, 276, 252, 224, 228, 25, 90, 193, 105, 293, 83, 76, 51, 249, 196, 54, 47, 256, 158, 261, 71, 164, 210, 102, 176, 300, 267, 12, 24, 113, 282, 254, 22, 201, 32, 181, 120, 235, 115, 275, 247, 248, 250, 251, 255, 262, 263, 265, 269, 270, 271, 280, 281, 283, 286, 292, 299]
x_247: [2, 7, 8, 12, 16, 19, 21, 22, 23, 27, 35, 37, 39, 40, 55, 56, 57, 58, 63, 64, 66, 74, 75, 76, 77, 81, 82, 86, 91, 96, 97, 99, 103, 104, 105, 108, 109, 111, 112, 114, 124, 128, 130, 131, 133, 138, 139, 140, 143, 144, 146, 147, 155, 156, 159, 161, 167, 174, 178, 179, 182, 183, 189, 190, 192, 194, 196, 201, 204, 206, 211, 213, 214, 215, 216, 220, 221, 222, 223, 225, 226, 227, 229, 230, 234, 235, 236, 237, 240, 244, 70, 28, 203, 210, 265, 84, 9, 274, 273, 90, 233, 110, 270, 300, 184, 50, 107, 33, 5, 245, 54, 62, 278, 264, 13, 205, 15, 29, 246, 17, 87, 208, 290, 106, 67, 287, 127, 277, 20, 92, 121, 80, 267, 122, 120, 293, 11, 83, 85, 199, 296, 78, 163, 158, 1, 180, 135, 25, 266, 166, 129, 94, 24, 299, 160, 284, 261, 171, 187, 207, 253, 116, 115, 197, 191, 172, 263, 239, 281, 53, 73, 181, 202, 102, 248, 279, 294, 148, 34, 52, 41, 32, 285, 38, 93, 72, 142, 65, 289, 195, 44, 141, 4, 193, 232, 272, 162, 132, 251, 259, 260, 262, 269, 276, 286, 288, 292, 297]
x_248: [6, 8, 10, 17, 18, 21, 22, 23, 25, 27, 28, 37, 39, 47, 55, 61, 62, 63, 66, 69, 71, 72, 75, 76, 77, 78, 81, 84, 87, 88, 89, 94, 95, 100, 103, 104, 105, 106, 107, 108, 111, 112, 113, 115, 125, 126, 127, 128, 131, 132, 133, 135, 139, 144, 145, 147, 157, 162, 163, 167, 170, 172, 173, 174, 175, 178, 179, 180, 182, 189, 190, 191, 197, 200, 202, 203, 205, 208, 209, 214, 215, 224, 225, 227, 229, 230, 235, 236, 238, 239, 247, 11, 120, 68, 240, 186, 223, 213, 291, 299, 161, 258, 142, 257, 152, 207, 49, 206, 74, 109, 266, 2, 19, 272, 150, 54, 50, 12, 151, 130, 51, 79, 194, 96, 118, 32, 15, 300, 158, 212, 244, 261, 36, 252, 256, 278, 217, 121, 141, 269, 271, 156, 292, 187, 288, 64, 193, 268, 160, 122, 219, 282, 42, 136, 184, 286, 58, 279, 267, 181, 294, 204, 250, 284, 34, 4, 275, 59, 57, 53, 169, 52, 116, 134, 29, 264, 137, 91, 242, 245, 73, 293, 24, 231, 246, 83, 93, 35, 85, 159, 273, 140, 155, 211, 216, 146, 33, 82, 3, 80, 221, 198, 265, 5, 16, 237, 14, 234, 201, 262, 41, 129, 243, 270, 285, 101, 253, 259, 290, 298, 263, 86, 188, 195, 241, 40, 254, 260, 276, 281, 283]
x_249: [2, 3, 4, 6, 8, 14, 16, 17, 24, 25, 27, 29, 34, 37, 38, 42, 44, 62, 66, 69, 72, 76, 77, 79, 81, 87, 88, 91, 95, 99, 100, 101, 102, 104, 107, 108, 111, 121, 124, 125, 127, 132, 133, 135, 139, 143, 144, 145, 152, 153, 160, 162, 163, 165, 166, 167, 172, 174, 175, 178, 183, 186, 189, 192, 194, 197, 201, 204, 205, 207, 209, 211, 213, 218, 222, 226, 227, 235, 236, 238, 243, 245, 246, 261, 253, 275, 257, 237, 129, 258, 242, 281, 233, 10, 75, 157, 113, 78, 137, 122, 60, 151, 155, 7, 22, 274, 219, 255, 262, 268, 270, 276, 278, 279, 280, 283, 286, 290, 291, 292, 297]
x_250: [1, 5, 8, 10, 14, 16, 17, 18, 24, 28, 34, 35, 36, 39, 40, 42, 43, 52, 53, 54, 55, 56, 57, 60, 61, 62, 64, 66, 67, 69, 70, 74, 76, 81, 82, 85, 87, 89, 93, 94, 95, 96, 97, 99, 101, 103, 105, 106, 108, 111, 115, 121, 122, 125, 128, 130, 131, 132, 133, 136, 142, 145, 146, 153, 154, 161, 162, 163, 173, 175, 178, 182, 183, 188, 189, 191, 195, 196, 198, 201, 203, 204, 206, 207, 208, 210, 213, 214, 215, 218, 220, 223, 225, 226, 229, 230, 233, 235, 236, 237, 238, 242, 248, 276, 41, 294, 266, 297, 126, 78, 252, 141, 290, 251, 246, 293, 27, 51, 176, 2, 58, 164, 273, 59, 224, 184, 88, 279, 147, 20, 257, 259, 263, 265, 269, 270, 271, 275, 278, 280, 281, 286]
x_251: [2, 3, 12, 14, 15, 17, 18, 21, 22, 25, 29, 34, 38, 40, 41, 45, 48, 50, 51, 55, 62, 69, 72, 76, 78, 82, 83, 85, 88, 89, 96, 97, 100, 101, 102, 105, 106, 107, 108, 110, 111, 112, 114, 115, 120, 123, 124, 125, 128, 130, 132, 133, 134, 135, 154, 155, 156, 162, 163, 166, 173, 174, 178, 179, 180, 183, 189, 191, 197, 198, 201, 204, 205, 206, 211, 215, 216, 217, 218, 219, 220, 221, 222, 223, 225, 227, 230, 233, 234, 235, 236, 239, 244, 245, 250, 126, 274, 165, 121, 47, 31, 13, 299, 24, 70, 265, 99, 181, 95, 247, 157, 214, 11, 1, 52, 263, 53, 131, 269, 86, 294, 176, 141, 254, 139, 295, 297, 202, 271, 300, 171, 148, 261, 253, 147, 231, 288, 4, 94, 56, 150, 195, 90, 260, 292, 75, 290, 182, 212, 30, 185, 57, 283, 287, 26, 33, 238, 144, 285, 7, 66, 6, 23, 194, 279, 79, 209, 246, 137, 193, 196, 67, 293, 267, 270, 275, 276, 282, 284, 291, 298]
x_252: [6, 8, 9, 11, 14, 15, 17, 19, 21, 23, 29, 30, 32, 33, 35, 39, 40, 45, 51, 56, 57, 59, 61, 64, 66, 67, 69, 75, 76, 80, 81, 82, 84, 87, 89, 93, 94, 95, 103, 109, 112, 114, 121, 123, 130, 132, 135, 136, 140, 142, 153, 162, 163, 169, 174, 175, 179, 190, 194, 195, 197, 198, 200, 203, 204, 206, 208, 209, 211, 213, 214, 215, 218, 221, 222, 223, 226, 227, 229, 231, 236, 237, 239, 241, 242, 243, 245, 246, 248, 250, 283, 264, 275, 60, 131, 152, 253, 255, 257, 259, 262, 269, 270, 276, 278, 279, 280, 281, 286, 287, 288, 291, 292, 293, 294, 300]
x_253: [3, 6, 8, 9, 10, 12, 18, 19, 21, 23, 25, 26, 28, 33, 34, 38, 39, 43, 44, 45, 46, 47, 52, 55, 56, 58, 62, 74, 75, 76, 80, 84, 85, 91, 94, 97, 99, 100, 106, 107, 108, 111, 118, 121, 125, 128, 129, 130, 132, 134, 135, 136, 138, 143, 145, 147, 152, 154, 159, 161, 162, 171, 172, 174, 179, 182, 187, 190, 193, 196, 200, 201, 203, 204, 205, 206, 207, 208, 210, 211, 213, 214, 215, 218, 220, 221, 222, 224, 227, 230, 238, 245, 247, 248, 249, 251, 167, 170, 4, 149, 284, 68, 290, 274, 252, 223, 117, 164, 67, 286, 269, 142, 109, 232, 98, 155, 233, 244, 1, 228, 13, 300, 49, 175, 299, 287, 192, 7, 16, 191, 158, 127, 257, 148, 289, 96, 36, 181, 264, 115, 254, 217, 226, 78, 77, 197, 278, 103, 276, 277, 60, 166, 116, 105, 279, 65, 209, 259, 260, 265, 266, 267, 270, 271, 272, 275, 280, 281, 283, 288, 291, 292, 298]
x_254: [1, 4, 6, 10, 14, 16, 17, 24, 25, 27, 30, 33, 37, 39, 48, 54, 55, 56, 57, 61, 62, 69, 70, 77, 82, 83, 87, 88, 89, 91, 97, 99, 100, 103, 105, 106, 109, 111, 115, 124, 127, 133, 134, 144, 146, 147, 148, 153, 156, 157, 159, 162, 163, 166, 167, 172, 178, 180, 182, 184, 189, 198, 204, 209, 212, 213, 220, 222, 223, 224, 229, 234, 236, 237, 240, 242, 244, 245, 246, 251, 253, 58, 129, 47, 256, 272, 226, 96, 94, 200, 300, 231, 238, 40, 75, 281, 43, 79, 190, 84, 121, 18, 154, 217, 185, 67, 36, 98, 277, 41, 255, 211, 268, 20, 64, 130, 273, 138, 230, 119, 284, 199, 170, 233, 290, 194, 123, 5, 122, 208, 26, 118, 9, 86, 28, 32, 141, 152, 59, 11, 38, 271, 259, 112, 202, 80, 12, 139, 205, 169, 81, 51, 248, 128, 158, 221, 214, 21, 243, 117, 197, 264, 207, 235, 287, 292, 241, 218, 206, 187, 260, 265, 266, 267, 276, 278, 279, 283, 286, 288, 291, 293, 296]
x_255: [3, 6, 8, 15, 17, 18, 19, 23, 24, 25, 28, 34, 38, 39, 40, 44, 50, 51, 53, 55, 57, 63, 64, 67, 69, 72, 74, 75, 76, 78, 82, 85, 89, 91, 92, 93, 95, 97, 99, 100, 101, 102, 103, 106, 107, 108, 111, 114, 121, 124, 129, 130, 132, 133, 135, 138, 143, 144, 147, 152, 154, 159, 160, 161, 162, 163, 166, 172, 173, 175, 182, 186, 187, 193, 194, 198, 201, 203, 204, 206, 209, 211, 212, 213, 216, 218, 220, 221, 222, 223, 230, 232, 233, 234, 235, 237, 238, 241, 242, 243, 254, 109, 260, 104, 184, 115, 236, 252, 73, 149, 49, 279, 191, 4, 142, 207, 5, 244, 120, 47, 9, 140, 42, 65, 261, 210, 297, 118, 266, 136, 158, 155, 66, 294, 119, 32, 90, 123, 240, 139, 262, 226, 68, 300, 231, 245, 13, 21, 285, 249, 112, 168, 239, 288, 246, 268, 269, 274, 276, 281, 283, 284, 286, 291, 293]
x_256: [1, 3, 6, 9, 16, 18, 25, 27, 29, 30, 33, 34, 35, 38, 39, 42, 44, 46, 47, 51, 54, 55, 56, 57, 58, 59, 61, 64, 69, 75, 76, 77, 79, 81, 82, 84, 89, 97, 99, 100, 103, 104, 107, 111, 112, 114, 121, 122, 124, 125, 128, 130, 131, 132, 134, 135, 136, 137, 140, 142, 143, 148, 153, 157, 160, 163, 166, 167, 171, 180, 182, 183, 191, 194, 197, 202, 203, 204, 206, 209, 211, 212, 213, 215, 216, 217, 220, 222, 224, 229, 230, 232, 235, 238, 239, 240, 242, 243, 246, 248, 254, 72, 173, 74, 68, 127, 292, 268, 98, 192, 14, 52, 265, 285, 119, 208, 146, 190, 227, 11, 276, 23, 221, 257, 260, 262, 267, 269, 275, 281, 286, 287, 290, 291, 299, 300]
x_257: [1, 3, 4, 6, 7, 8, 10, 13, 14, 15, 18, 21, 22, 25, 29, 35, 38, 40, 41, 42, 44, 50, 51, 52, 54, 56, 57, 60, 61, 63, 74, 78, 82, 85, 87, 88, 89, 90, 95, 96, 97, 100, 103, 104, 111, 114, 115, 121, 123, 125, 128, 129, 130, 134, 135, 139, 140, 144, 147, 154, 156, 159, 161, 163, 165, 171, 177, 178, 180, 183, 184, 189, 190, 192, 197, 198, 203, 204, 207, 208, 209, 211, 213, 215, 218, 220, 221, 222, 226, 229, 230, 232, 236, 237, 239, 243, 245, 248, 249, 253, 283, 225, 271, 37, 5, 68, 228, 199, 268, 157, 31, 288, 233, 181, 58, 132, 279, 39, 72, 169, 30, 275, 201, 136, 92, 137, 252, 250, 158, 2, 17, 277, 276, 185, 256, 66, 109, 196, 200, 238, 110, 172, 117, 91, 263, 206, 141, 170, 73, 101, 240, 80, 119, 150, 16, 298, 107, 120, 231, 217, 168, 267, 151, 99, 242, 76, 287, 43, 53, 133, 34, 258, 274, 290, 24, 289, 9, 164, 49, 214, 81, 65, 64, 148, 102, 122, 26, 124, 186, 259, 260, 261, 262, 265, 266, 269, 272, 273, 280, 286, 291, 292, 295, 297, 299]
x_258: [2, 6, 7, 9, 10, 12, 15, 18, 21, 22, 23, 24, 25, 28, 29, 35, 39, 46, 48, 50, 53, 54, 55, 56, 63, 72, 74, 75, 76, 77, 78, 80, 84, 85, 87, 88, 89, 91, 93, 94, 100, 102, 104, 106, 110, 111, 113, 114, 119, 121, 123, 125, 131, 132, 133, 140, 143, 144, 145, 146, 152, 154, 157, 161, 162, 163, 166, 171, 173, 174, 180, 186, 189, 190, 192, 194, 197, 198, 201, 202, 203, 204, 206, 207, 209, 216, 218, 219, 220, 221, 224, 227, 231, 233, 236, 241, 243, 245, 248, 249, 257, 226, 120, 108, 278, 66, 139, 95, 129, 270, 261, 262, 284, 178, 191, 164, 182, 17, 169, 44, 124, 33, 73, 266, 222, 4, 19, 237, 61, 265, 288, 98, 30, 20, 170, 230, 229, 138, 26, 99, 52, 292, 96, 277, 283, 263, 60, 172, 43, 58, 135, 14, 34, 42, 223, 136, 71, 196, 259, 269, 276, 279, 286, 290, 291, 298, 299]
x_259: [1, 2, 3, 9, 10, 12, 15, 17, 25, 26, 27, 29, 34, 38, 39, 42, 43, 44, 45, 46, 47, 48, 51, 54, 55, 56, 57, 59, 60, 61, 62, 63, 69, 72, 77, 78, 81, 85, 87, 91, 94, 96, 102, 104, 105, 107, 110, 111, 112, 114, 115, 124, 128, 129, 131, 136, 140, 144, 159, 160, 161, 162, 165, 169, 173, 174, 179, 182, 183, 190, 191, 192, 206, 207, 209, 213, 216, 218, 222, 223, 225, 226, 227, 235, 238, 242, 243, 248, 254, 32, 73, 171, 118, 133, 80, 113, 141, 74, 211, 155, 258, 7, 185, 164, 270, 28, 86, 194, 186, 202, 116, 278, 13, 228, 268, 200, 126, 265, 23, 167, 18, 198, 208, 157, 260, 244, 93, 170, 71, 6, 83, 156, 172, 146, 178, 16, 203, 263, 214, 109, 163, 233, 31, 293, 257, 22, 280, 41, 240, 264, 19, 166, 193, 287, 279, 290, 24, 234, 82, 127, 175, 50, 37, 295, 253, 282, 97, 271, 276, 250, 106, 299, 252, 275, 99, 66, 135, 284, 232, 291, 92, 142, 132, 274, 5, 231, 267, 247, 292, 154, 125, 147, 237, 199, 210, 296, 76, 117, 289, 68, 269, 262, 266, 273, 281, 286, 288]
x_260: [1, 3, 6, 8, 10, 12, 14, 15, 17, 18, 21, 23, 24, 27, 29, 33, 34, 37, 40, 41, 45, 46, 47, 48, 55, 57, 61, 68, 69, 74, 75, 79, 84, 85, 88, 91, 92, 93, 94, 97, 101, 104, 105, 106, 107, 110, 112, 120, 124, 125, 127, 128, 129, 130, 131, 132, 136, 145, 146, 147, 148, 152, 153, 160, 161, 162, 166, 171, 173, 174, 175, 178, 180, 183, 190, 191, 192, 194, 196, 197, 198, 201, 202, 206, 209, 213, 215, 218, 220, 221, 222, 223, 232, 233, 235, 237, 238, 239, 241, 243, 245, 251, 255, 259, 253, 35, 167, 187, 276, 231, 205, 224, 170, 234, 268, 82, 53, 182, 113, 164, 247, 283, 156, 98, 28, 254, 296, 54, 26, 71, 185, 199, 256, 214, 298, 99, 263, 207, 248, 257, 271, 266, 212, 78, 154, 73, 204, 123, 155, 240, 286, 58, 176, 11, 89, 30, 272, 22, 39, 267, 269, 278, 279, 281, 284, 290, 291, 292, 293, 297, 299, 300]
x_261: [1, 3, 7, 8, 9, 10, 12, 14, 15, 17, 19, 21, 22, 28, 29, 35, 37, 38, 39, 44, 47, 50, 52, 54, 58, 59, 61, 62, 64, 70, 74, 75, 77, 82, 85, 87, 91, 94, 95, 96, 99, 102, 103, 105, 106, 108, 109, 111, 115, 117, 120, 121, 124, 125, 128, 129, 131, 132, 134, 135, 140, 142, 143, 145, 146, 147, 152, 154, 156, 160, 161, 163, 167, 171, 173, 175, 179, 186, 190, 194, 196, 197, 198, 199, 202, 203, 206, 210, 212, 214, 216, 217, 218, 220, 225, 226, 229, 230, 234, 235, 237, 239, 242, 243, 245, 246, 247, 248, 249, 251, 255, 258, 176, 290, 127, 279, 164, 224, 222, 191, 68, 231, 213, 299, 40, 80, 123, 138, 122, 133, 56, 5, 211, 178, 275, 228, 204, 43, 184, 162, 98, 151, 116, 78, 81, 136, 288, 155, 158, 244, 51, 271, 118, 168, 233, 159, 227, 266, 36, 232, 72, 166, 280, 55, 32, 208, 31, 69, 289, 300, 73, 209, 63, 89, 130, 257, 296, 174, 284, 221, 90, 177, 16, 185, 13, 97, 46, 262, 267, 273, 276, 278, 283, 285, 292]
x_262: [3, 4, 6, 8, 15, 16, 17, 18, 19, 21, 22, 24, 28, 33, 35, 38, 39, 42, 45, 54, 56, 59, 61, 70, 72, 74, 77, 83, 84, 87, 88, 89, 91, 93, 94, 95, 97, 99, 100, 102, 103, 105, 107, 108, 109, 111, 112, 114, 115, 122, 124, 125, 127, 129, 132, 133, 135, 139, 140, 143, 147, 152, 154, 155, 159, 160, 161, 162, 163, 166, 167, 169, 171, 172, 173, 175, 177, 178, 180, 182, 183, 188, 197, 198, 209, 211, 214, 215, 216, 217, 218, 220, 221, 223, 229, 232, 236, 238, 240, 242, 243, 248, 255, 258, 208, 165, 210, 145, 71, 14, 278, 9, 189, 36, 219, 264, 69, 10, 201, 276, 234, 200, 268, 222, 141, 206, 257, 231, 275, 247, 149, 98, 235, 273, 233, 150, 41, 230, 263, 283, 78, 228, 60, 82, 138, 110, 153, 267, 191, 246, 27, 176, 286, 76, 31, 117, 244, 282, 179, 65, 121, 57, 85, 290, 196, 49, 298, 202, 256, 205, 184, 131, 213, 104, 294, 287, 185, 120, 237, 64, 48, 23, 43, 299, 144, 252, 13, 281, 86, 272, 128, 113, 226, 259, 224, 90, 63, 280, 116, 291, 296, 289, 193, 265, 295, 40, 261, 249, 30, 156, 284, 1, 207, 203, 126, 130, 157, 194, 92, 20, 55, 270, 186, 266, 50, 274, 285, 297, 300]
x_263: [2, 7, 8, 10, 13, 14, 15, 16, 17, 18, 21, 22, 26, 27, 28, 33, 34, 35, 36, 38, 40, 44, 48, 52, 56, 58, 59, 62, 67, 70, 74, 76, 77, 78, 82, 87, 88, 91, 94, 95, 96, 100, 102, 106, 108, 110, 111, 112, 113, 114, 115, 123, 125, 127, 128, 129, 131, 133, 134, 135, 137, 143, 144, 145, 146, 147, 148, 150, 153, 155, 160, 161, 162, 163, 167, 172, 173, 174, 175, 177, 179, 180, 182, 190, 192, 196, 197, 198, 200, 201, 203, 204, 206, 207, 209, 211, 213, 214, 215, 216, 220, 221, 223, 227, 229, 233, 235, 236, 238, 240, 241, 243, 244, 245, 247, 248, 251, 257, 258, 259, 260, 262, 231, 194, 92, 184, 183, 224, 49, 271, 272, 104, 176, 118, 295, 85, 138, 39, 292, 199, 191, 237, 299, 170, 210, 269, 12, 152, 246, 277, 218, 222, 68, 164, 264, 250, 281, 97, 55, 47, 101, 149, 291, 171, 136, 54, 103, 60, 99, 65, 83, 73, 63, 280, 267, 268, 270, 275, 276, 284, 286, 288, 289, 290, 293, 296]
x_264: [2, 3, 4, 8, 9, 11, 14, 15, 18, 21, 23, 27, 29, 33, 35, 36, 37, 39, 40, 42, 44, 46, 47, 52, 58, 64, 66, 69, 72, 74, 75, 76, 77, 78, 84, 85, 88, 90, 91, 94, 95, 96, 99, 103, 104, 105, 106, 107, 108, 109, 111, 113, 114, 115, 118, 120, 121, 125, 128, 130, 131, 132, 135, 136, 143, 145, 146, 148, 161, 162, 166, 169, 171, 172, 175, 177, 188, 198, 200, 201, 207, 212, 215, 218, 221, 223, 224, 227, 229, 232, 233, 242, 243, 245, 247, 248, 252, 253, 254, 259, 262, 263, 117, 127, 154, 137, 222, 208, 193, 150, 267, 31, 265, 269, 275, 276, 281, 284, 286, 290, 292, 296, 300]
x_265: [3, 6, 10, 12, 14, 19, 20, 21, 22, 23, 24, 28, 29, 35, 39, 40, 45, 46, 47, 50, 51, 52, 54, 62, 63, 66, 69, 70, 72, 76, 79, 80, 82, 83, 85, 87, 89, 91, 93, 94, 95, 97, 100, 101, 102, 106, 109, 110, 116, 121, 124, 125, 127, 129, 131, 133, 134, 141, 146, 147, 153, 154, 156, 163, 165, 170, 172, 173, 174, 175, 179, 182, 183, 186, 195, 198, 200, 201, 203, 209, 211, 213, 214, 218, 222, 223, 224, 226, 229, 230, 231, 237, 240, 247, 248, 251, 256, 258, 259, 262, 114, 208, 84, 272, 202, 59, 144, 126, 38, 215, 81, 193, 150, 220, 206, 276, 48, 268, 135, 293, 105, 49, 1, 242, 299, 92, 297, 88, 4, 32, 15, 158, 234, 161, 239, 294, 180, 254, 25, 277, 241, 178, 142, 194, 86, 73, 264, 290, 77, 273, 30, 216, 287, 34, 184, 250, 42, 232, 2, 74, 204, 221, 31, 212, 111, 152, 65, 171, 108, 122, 257, 104, 181, 253, 225, 115, 55, 18, 217, 196, 57, 132, 243, 210, 16, 9, 5, 159, 267, 143, 246, 279, 270, 274, 275, 278, 281, 284, 286, 288, 291, 296]
x_266: [2, 8, 9, 10, 17, 18, 19, 21, 23, 24, 27, 28, 30, 31, 33, 39, 44, 48, 50, 55, 56, 57, 58, 61, 62, 66, 67, 68, 69, 78, 84, 85, 87, 88, 89, 93, 95, 99, 101, 102, 103, 105, 107, 108, 120, 125, 128, 130, 132, 133, 136, 143, 144, 147, 148, 150, 152, 159, 161, 163, 166, 172, 173, 174, 182, 186, 189, 191, 192, 196, 197, 201, 202, 203, 204, 207, 208, 209, 215, 217, 219, 220, 221, 229, 232, 235, 236, 237, 239, 241, 243, 247, 248, 250, 255, 258, 260, 261, 262, 253, 224, 70, 257, 254, 131, 59, 259, 153, 115, 134, 292, 210, 269, 94, 137, 270, 273, 281, 283, 284, 286, 290, 300]
x_267: [2, 8, 14, 17, 19, 21, 23, 24, 28, 33, 34, 36, 40, 42, 44, 52, 54, 55, 56, 57, 61, 66, 67, 69, 70, 72, 73, 76, 77, 82, 85, 86, 87, 91, 93, 94, 96, 97, 99, 100, 101, 103, 104, 105, 106, 108, 109, 115, 121, 128, 129, 130, 131, 137, 140, 144, 146, 148, 150, 152, 153, 154, 159, 160, 161, 163, 173, 175, 178, 179, 180, 182, 183, 184, 188, 190, 194, 197, 198, 201, 204, 206, 209, 210, 213, 214, 216, 217, 218, 221, 222, 225, 229, 233, 235, 236, 242, 245, 246, 247, 248, 257, 259, 262, 264, 265, 155, 282, 276, 228, 78, 88, 253, 244, 102, 234, 11, 192, 170, 226, 215, 20, 133, 139, 223, 281, 286, 290, 202, 3, 1, 227, 26, 116, 81, 29, 63, 65, 278, 60, 107, 168, 261, 241, 239, 283, 112, 135, 260, 149, 51, 288, 211, 18, 132, 92, 89, 200, 127, 119, 181, 263, 98, 274, 289, 84, 240, 285, 22, 7, 238, 176, 279, 138, 237, 38, 158, 172, 251, 185, 287, 147, 4, 145, 275, 296, 12, 298, 58, 270, 193, 90, 15, 232, 231, 35, 256, 120, 268, 187, 157, 254, 174, 219, 49, 280, 271, 27, 50, 273, 111, 167, 195, 277, 31, 25, 46, 59, 126, 30, 110, 269, 299, 300]
x_268: [6, 12, 15, 16, 17, 18, 24, 29, 30, 35, 40, 42, 44, 46, 55, 56, 60, 62, 66, 72, 73, 76, 77, 82, 84, 85, 87, 88, 89, 91, 92, 93, 99, 102, 103, 104, 109, 112, 115, 123, 128, 129, 130, 132, 134, 135, 140, 141, 142, 144, 145, 146, 148, 152, 159, 160, 162, 163, 165, 169, 172, 173, 174, 177, 178, 180, 182, 183, 189, 190, 192, 194, 197, 202, 203, 204, 206, 209, 211, 213, 215, 218, 224, 226, 227, 230, 232, 235, 237, 239, 240, 241, 244, 248, 254, 256, 257, 259, 260, 262, 265, 267, 290, 280, 277, 292, 279, 217, 154, 263, 255, 205, 168, 39, 23, 143, 179, 28, 7, 249, 133, 8, 296, 111, 69, 108, 59, 170, 171, 4, 245, 274, 110, 65, 79, 5, 127, 116, 298, 83, 269, 275, 276, 278, 281, 285, 288, 293, 297, 300]
x_269: [3, 4, 6, 7, 8, 10, 14, 19, 21, 29, 33, 35, 40, 43, 46, 50, 51, 55, 56, 58, 60, 61, 64, 67, 74, 77, 78, 82, 85, 91, 92, 93, 94, 95, 97, 100, 102, 103, 105, 106, 107, 108, 112, 113, 115, 116, 120, 122, 124, 129, 130, 131, 132, 135, 143, 144, 145, 156, 157, 159, 160, 161, 162, 163, 171, 172, 173, 175, 178, 186, 190, 192, 196, 197, 198, 199, 200, 201, 203, 204, 206, 213, 214, 216, 217, 218, 220, 224, 225, 227, 230, 233, 235, 237, 239, 241, 243, 244, 248, 251, 253, 259, 263, 266, 284, 271, 75, 110, 24, 139, 1, 69, 242, 166, 258, 89, 289, 37, 260, 291, 246, 123, 229, 268, 12, 136, 272, 223, 114, 285, 280, 176, 121, 187, 17, 81, 256, 104, 236, 117, 9, 148, 293, 264, 300, 22, 28, 23, 39, 267, 281, 255, 205, 286, 297, 194, 165, 154, 288, 141, 16, 59, 232, 153, 99, 66, 65, 183, 2, 96, 71, 193, 11, 210, 276, 169, 84, 98, 189, 137, 140, 191, 250, 63, 88, 257, 134, 247, 18, 180, 118, 126, 295, 275, 76, 111, 219, 147, 177, 15, 184, 27, 83, 152, 32, 41, 90, 13, 151, 170, 5, 133, 38, 277, 127, 252, 222, 109, 270, 274, 278, 279, 283, 290, 298]
x_270: [6, 8, 14, 15, 18, 19, 21, 27, 28, 34, 38, 43, 44, 47, 48, 50, 51, 54, 55, 56, 57, 58, 63, 64, 66, 67, 68, 71, 72, 77, 82, 84, 85, 88, 89, 96, 99, 100, 101, 103, 104, 106, 107, 110, 114, 118, 127, 129, 130, 131, 133, 136, 137, 142, 143, 144, 145, 146, 152, 153, 156, 160, 162, 163, 170, 175, 177, 182, 183, 184, 188, 190, 191, 194, 201, 203, 209, 213, 215, 222, 223, 226, 229, 232, 235, 236, 238, 242, 247, 248, 258, 259, 262, 267, 115, 53, 17, 237, 283, 278, 116, 272, 36, 249, 76, 246, 227, 216, 251, 271, 74, 282, 132, 3, 207, 155, 78, 274, 234, 29, 45, 241, 49, 233, 32, 218, 4, 288, 269, 125, 169, 284, 154, 210, 120, 69, 161, 80, 42, 174, 192, 243, 240, 291, 287, 198, 164, 286, 73, 297, 97, 65, 244, 230, 181, 265, 2, 134, 185, 253, 180, 59, 147, 60, 275, 95, 140, 128, 61, 157, 292, 279, 75, 225, 168, 196, 263, 20, 250, 202, 228, 139, 298, 122, 79, 252, 148, 62, 266, 102, 239, 208, 123, 280, 109, 273, 276, 290, 293, 300]
x_271: [1, 3, 4, 5, 6, 9, 14, 18, 21, 22, 23, 24, 26, 27, 35, 36, 38, 39, 42, 54, 56, 57, 61, 62, 63, 64, 68, 72, 76, 77, 78, 79, 84, 85, 89, 93, 95, 96, 100, 101, 103, 104, 105, 107, 108, 109, 110, 112, 114, 116, 120, 122, 123, 125, 127, 128, 131, 132, 133, 139, 140, 143, 152, 159, 161, 162, 172, 178, 180, 183, 189, 192, 197, 200, 201, 204, 205, 206, 209, 215, 222, 223, 224, 226, 227, 233, 234, 236, 237, 241, 248, 251, 254, 257, 259, 260, 261, 263, 267, 269, 270, 59, 34, 250, 49, 182, 167, 279, 177, 29, 290, 31, 284, 19, 286, 229, 296, 138, 8, 232, 277, 70, 87, 212, 195, 32, 278, 88, 253, 246, 243, 92, 217, 231, 73, 181, 94, 90, 17, 174, 218, 28, 211, 124, 273, 274, 281, 293, 295, 298, 299, 300]
x_272: [6, 9, 10, 14, 17, 18, 21, 22, 23, 24, 27, 33, 34, 38, 39, 40, 44, 48, 51, 55, 57, 62, 64, 65, 66, 74, 76, 77, 84, 85, 88, 91, 95, 97, 102, 103, 104, 108, 109, 111, 121, 124, 125, 127, 128, 131, 132, 140, 146, 147, 148, 154, 156, 159, 160, 163, 167, 175, 178, 182, 184, 186, 189, 192, 197, 201, 202, 203, 206, 207, 209, 214, 215, 218, 221, 223, 226, 227, 229, 233, 236, 238, 239, 242, 244, 245, 247, 248, 254, 260, 262, 263, 265, 269, 270, 243, 171, 129, 293, 230, 180, 19, 157, 185, 253, 257, 275, 278, 280, 281, 282, 284, 286, 290, 291, 292, 298, 299]
x_273: [3, 7, 8, 9, 15, 18, 20, 22, 28, 33, 35, 37, 41, 47, 54, 55, 58, 66, 75, 77, 78, 84, 88, 94, 99, 100, 102, 104, 105, 106, 107, 108, 111, 112, 113, 115, 123, 124, 125, 129, 130, 131, 132, 133, 135, 138, 143, 144, 146, 147, 148, 150, 153, 157, 160, 161, 163, 167, 173, 174, 178, 182, 190, 191, 192, 194, 197, 198, 201, 203, 204, 205, 207, 208, 209, 211, 212, 215, 217, 218, 219, 220, 222, 223, 226, 232, 233, 235, 236, 237, 238, 240, 242, 247, 248, 250, 254, 262, 265, 267, 31, 179, 120, 259, 257, 27, 85, 12, 200, 292, 80, 281, 158, 56, 39, 23, 275, 19, 214, 210, 51, 72, 162, 266, 64, 97, 69, 271, 261, 164, 6, 228, 62, 290, 193, 291, 187, 221, 199, 137, 14, 280, 244, 172, 245, 225, 13, 93, 270, 276, 278, 279, 285, 286, 297, 299]
x_274: [3, 5, 8, 9, 10, 15, 17, 18, 21, 30, 37, 39, 40, 44, 45, 46, 52, 54, 55, 57, 59, 62, 75, 76, 77, 80, 82, 85, 86, 87, 88, 92, 93, 96, 97, 99, 100, 103, 104, 105, 106, 108, 112, 114, 121, 124, 125, 129, 132, 133, 134, 135, 137, 138, 143, 145, 152, 153, 159, 160, 161, 162, 166, 167, 170, 173, 174, 175, 177, 178, 183, 188, 190, 191, 196, 197, 198, 204, 208, 211, 212, 216, 218, 223, 226, 233, 235, 237, 239, 241, 242, 243, 244, 245, 247, 249, 251, 253, 257, 259, 262, 267, 268, 270, 200, 176, 221, 14, 78, 157, 26, 81, 294, 71, 230, 42, 123, 222, 7, 195, 70, 181, 24, 4, 60, 48, 171, 280, 224, 214, 25, 140, 38, 149, 101, 155, 151, 120, 61, 283, 34, 53, 35, 189, 31, 36, 179, 291, 209, 269, 186, 148, 295, 28, 63, 16, 102, 79, 168, 144, 6, 111, 194, 147, 128, 91, 290, 289, 271, 165, 199, 265, 2, 33, 282, 201, 227, 213, 210, 64, 1, 192, 74, 23, 150, 109, 238, 180, 139, 193, 83, 13, 118, 255, 29, 205, 43, 275, 279, 284, 285, 286, 287, 288, 293, 298, 300]
x_275: [6, 8, 9, 10, 11, 17, 19, 21, 22, 23, 25, 26, 28, 34, 36, 50, 59, 61, 62, 63, 66, 70, 72, 75, 77, 81, 87, 88, 91, 93, 95, 96, 102, 105, 106, 107, 108, 111, 113, 114, 121, 123, 124, 127, 129, 131, 132, 133, 136, 142, 143, 144, 145, 147, 150, 152, 160, 163, 166, 167, 173, 179, 180, 183, 187, 189, 190, 192, 194, 198, 200, 202, 203, 207, 208, 213, 217, 218, 220, 225, 236, 239, 241, 246, 248, 249, 252, 257, 259, 261, 262, 267, 269, 270, 273, 27, 232, 171, 243, 153, 67, 286, 265, 233, 94, 44, 118, 141, 73, 182, 5, 282, 263, 210, 229, 30, 54, 222, 117, 188, 172, 288, 149, 159, 215, 47, 39, 284, 41, 43, 53, 227, 24, 178, 292, 68, 298, 274, 211, 100, 103, 264, 256, 175, 199, 214, 154, 250, 295, 253, 287, 251, 195, 130, 226, 115, 55, 204, 29, 99, 38, 277, 193, 58, 170, 245, 71, 280, 242, 40, 33, 109, 299, 216, 15, 224, 272, 231, 293, 268, 169, 281, 42, 128, 18, 86, 161, 125, 230, 238, 16, 168, 276, 206, 14, 49, 300, 158, 79, 186, 76, 279, 285, 290]
x_276: [2, 3, 4, 6, 9, 10, 11, 12, 15, 17, 18, 19, 21, 40, 41, 42, 44, 45, 47, 48, 52, 55, 57, 59, 67, 69, 72, 75, 77, 82, 84, 85, 88, 89, 91, 93, 94, 95, 96, 97, 98, 99, 102, 103, 104, 105, 110, 111, 112, 115, 121, 126, 127, 128, 129, 133, 135, 139, 140, 143, 144, 150, 152, 153, 158, 160, 162, 166, 170, 173, 182, 184, 186, 189, 190, 192, 194, 206, 207, 208, 211, 213, 215, 217, 218, 220, 223, 226, 232, 233, 237, 239, 241, 242, 243, 244, 245, 246, 250, 253, 256, 257, 259, 260, 262, 265, 267, 269, 275, 204, 200, 24, 224, 8, 146, 34, 130, 235, 118, 156, 23, 291, 230, 264, 86, 176, 292, 261, 185, 107, 175, 273, 240, 214, 29, 134, 290, 212, 171, 279, 270, 225, 252, 229, 68, 28, 113, 62, 30, 151, 165, 221, 25, 14, 268, 254, 247, 187, 280, 78, 181, 277, 53, 296, 27, 33, 142, 161, 191, 64, 73, 163, 195, 193, 49, 219, 295, 5, 198, 117, 255, 81, 172, 167, 20, 132, 141, 249, 65, 202, 60, 231, 106, 203, 238, 287, 114, 278, 174, 125, 43, 145, 87, 197, 288, 263, 285, 248, 79, 148, 159, 258, 116, 13, 35, 32, 1, 251, 169, 281, 283, 284, 286, 293, 299]
x_277: [2, 6, 8, 14, 15, 19, 22, 24, 27, 29, 35, 37, 38, 39, 40, 41, 42, 45, 46, 50, 54, 56, 57, 58, 61, 62, 63, 66, 68, 69, 72, 75, 76, 78, 81, 82, 84, 85, 87, 89, 91, 92, 95, 97, 99, 103, 104, 110, 113, 121, 127, 129, 131, 132, 135, 136, 138, 139, 144, 147, 148, 151, 155, 160, 162, 169, 174, 178, 179, 180, 182, 184, 189, 191, 192, 194, 201, 203, 205, 208, 209, 210, 211, 212, 214, 215, 222, 223, 226, 227, 230, 232, 236, 237, 245, 247, 253, 254, 257, 258, 263, 265, 267, 268, 269, 271, 275, 276, 244, 183, 74, 195, 49, 243, 156, 286, 53, 79, 297, 9, 23, 219, 107, 216, 167, 288, 10, 279, 281, 285, 293, 296, 300]
x_278: [1, 3, 4, 5, 6, 8, 10, 14, 15, 17, 18, 21, 22, 24, 25, 29, 38, 46, 52, 55, 56, 57, 58, 63, 66, 67, 74, 75, 77, 78, 85, 88, 89, 91, 93, 96, 99, 101, 104, 108, 111, 113, 115, 123, 127, 128, 130, 131, 134, 140, 144, 145, 146, 149, 152, 153, 156, 159, 163, 170, 172, 173, 174, 175, 177, 178, 180, 183, 188, 189, 190, 195, 196, 201, 203, 204, 206, 207, 208, 209, 215, 218, 220, 223, 229, 230, 232, 234, 237, 238, 239, 243, 247, 248, 253, 258, 259, 262, 267, 270, 271, 276, 295, 39, 168, 147, 79, 252, 167, 143, 136, 187, 185, 288, 109, 293, 272, 44, 221, 249, 291, 181, 245, 61, 200, 90, 43, 126, 214, 182, 53, 137, 142, 2, 133, 192, 298, 138, 139, 80, 51, 154, 107, 228, 117, 226, 160, 261, 179, 284, 273, 299, 297, 265, 98, 260, 268, 125, 300, 114, 120, 169, 194, 121, 36, 124, 12, 42, 227, 112, 135, 186, 86, 82, 20, 164, 240, 212, 158, 199, 119, 225, 71, 49, 210, 35, 13, 103, 70, 285, 165, 54, 9, 37, 241, 11, 48, 236, 64, 84, 213, 118, 292, 250, 83, 211, 282, 60, 231, 19, 72, 254, 224, 97, 269, 62, 81, 280, 105, 106, 23, 166, 26, 155, 69, 279, 281, 286, 290, 296]
x_279: [3, 4, 6, 8, 10, 11, 14, 18, 21, 24, 27, 28, 29, 33, 34, 35, 37, 38, 39, 40, 42, 43, 47, 55, 60, 61, 63, 64, 67, 69, 72, 75, 77, 82, 84, 85, 87, 88, 89, 91, 93, 96, 105, 110, 111, 114, 115, 123, 128, 129, 130, 131, 132, 135, 137, 139, 143, 146, 150, 152, 153, 159, 161, 163, 166, 171, 174, 175, 177, 179, 182, 188, 189, 190, 192, 194, 195, 196, 200, 201, 202, 204, 206, 207, 208, 209, 212, 213, 215, 216, 221, 223, 228, 230, 233, 234, 236, 237, 238, 239, 242, 245, 247, 248, 250, 251, 253, 255, 257, 259, 261, 265, 267, 268, 270, 271, 276, 79, 53, 65, 273, 277, 160, 191, 58, 15, 141, 231, 293, 116, 199, 299, 136, 173, 49, 210, 260, 50, 178, 158, 140, 222, 125, 2, 286, 244, 227, 112, 126, 252, 20, 46, 172, 100, 144, 203, 155, 254, 300, 25, 269, 9, 217, 197, 30, 145, 292, 76, 151, 70, 147, 282, 181, 281, 288, 294, 86, 149, 97, 44, 92, 164, 229, 101, 138, 258, 13, 142, 59, 249, 278, 104, 98, 274, 78, 240, 16, 187, 134, 167, 283, 103, 275, 73, 184, 66, 80, 41, 219, 23, 157, 117, 48, 56, 51, 284, 290, 296]
x_280: [4, 6, 8, 9, 11, 12, 17, 21, 26, 30, 34, 38, 39, 42, 44, 45, 47, 50, 51, 55, 56, 58, 61, 62, 64, 67, 69, 74, 75, 77, 84, 87, 91, 94, 95, 103, 105, 106, 112, 115, 121, 124, 125, 130, 131, 132, 133, 134, 135, 144, 145, 146, 147, 153, 161, 162, 163, 167, 169, 173, 175, 178, 183, 186, 189, 190, 191, 196, 198, 201, 206, 208, 212, 213, 214, 215, 216, 218, 222, 224, 225, 226, 233, 235, 236, 238, 241, 243, 244, 259, 261, 262, 263, 267, 268, 269, 270, 273, 274, 275, 276, 278, 285, 60, 102, 27, 76, 142, 35, 122, 289, 18, 272, 107, 210, 179, 211, 80, 109, 28, 123, 149, 171, 151, 90, 41, 227, 299, 33, 57, 217, 209, 193, 246, 253, 294, 252, 282, 181, 287, 54, 20, 96, 281, 249, 250, 159, 49, 204, 25, 65, 257, 298, 237, 187, 129, 166, 205, 78, 85, 59, 88, 98, 300, 156, 286, 164, 283, 290, 291, 292]
x_281: [1, 2, 3, 6, 15, 22, 24, 26, 28, 29, 30, 33, 34, 38, 39, 40, 42, 43, 44, 45, 46, 50, 54, 56, 58, 59, 60, 61, 64, 66, 67, 69, 72, 73, 76, 77, 82, 85, 87, 88, 89, 91, 93, 96, 97, 100, 101, 105, 108, 114, 115, 123, 125, 129, 132, 135, 138, 140, 143, 145, 156, 160, 161, 162, 163, 166, 167, 170, 171, 172, 174, 175, 178, 179, 189, 197, 201, 203, 204, 206, 208, 211, 212, 214, 215, 216, 217, 218, 220, 223, 235, 236, 237, 238, 240, 242, 243, 245, 247, 249, 254, 262, 263, 267, 269, 273, 275, 279, 280, 297, 14, 13, 266, 227, 255, 190, 290, 71, 133, 244, 18, 9, 165, 80, 173, 124, 210, 295, 95, 252, 219, 103, 47, 185, 239, 277, 130, 250, 21, 128, 260, 147, 27, 253, 102, 116, 7, 293, 256, 118, 299, 207, 168, 48, 126, 300, 272, 276, 10, 137, 286, 230, 209, 32, 20, 200, 51, 229, 131, 151, 36, 104, 110, 233, 264, 117, 146, 285, 205, 49, 127, 119, 52, 55, 195, 122, 271, 202, 246, 164, 294, 198, 157, 120, 136, 196, 284, 184, 248, 191, 259, 121, 278, 92, 265, 199, 37, 268, 94, 53, 68, 283, 288, 291, 292, 296]
x_282: [3, 4, 8, 9, 14, 15, 17, 18, 21, 27, 34, 38, 43, 45, 47, 51, 57, 59, 61, 62, 64, 67, 70, 74, 75, 77, 84, 85, 87, 89, 92, 95, 96, 97, 99, 104, 105, 110, 112, 113, 114, 115, 116, 120, 121, 124, 125, 129, 130, 132, 135, 139, 140, 143, 144, 146, 147, 151, 152, 153, 161, 171, 175, 182, 183, 189, 190, 195, 197, 201, 204, 206, 207, 211, 212, 214, 221, 222, 224, 226, 227, 229, 230, 233, 235, 236, 237, 238, 239, 245, 246, 248, 259, 262, 267, 270, 274, 275, 278, 279, 280, 128, 6, 272, 251, 60, 22, 91, 283, 284, 286, 288, 290, 291, 292, 295, 298, 300]
x_283: [3, 4, 8, 10, 13, 14, 16, 17, 21, 24, 29, 37, 39, 40, 45, 48, 51, 52, 54, 56, 58, 61, 64, 72, 73, 75, 76, 79, 80, 83, 85, 87, 89, 91, 95, 96, 97, 100, 102, 111, 115, 121, 124, 129, 130, 131, 133, 134, 139, 140, 144, 145, 146, 152, 153, 154, 159, 160, 162, 163, 166, 170, 172, 173, 175, 180, 182, 189, 190, 191, 195, 201, 204, 206, 213, 214, 220, 224, 226, 227, 232, 235, 236, 238, 243, 251, 252, 257, 258, 260, 262, 267, 270, 274, 279, 276, 18, 112, 199, 208, 239, 68, 119, 30, 55, 9, 231, 46, 43, 253, 122, 41, 49, 184, 151, 237, 59, 98, 81, 120, 209, 291, 241, 15, 108, 217, 248, 36, 261, 210, 249, 174, 228, 116, 246, 165, 5, 297, 198, 65, 149, 280, 11, 107, 269, 225, 136, 255, 168, 123, 25, 7, 86, 202, 296, 234, 194, 221, 254, 284, 53, 22, 32, 223, 125, 101, 150, 281, 103, 282, 143, 229, 126, 292, 266, 286, 287, 298, 299]
x_284: [1, 2, 4, 8, 10, 11, 12, 15, 17, 19, 26, 28, 33, 34, 35, 38, 43, 51, 54, 55, 56, 57, 59, 60, 62, 66, 68, 76, 77, 80, 82, 86, 88, 91, 100, 103, 104, 105, 108, 109, 113, 115, 121, 123, 126, 128, 132, 133, 139, 141, 142, 144, 147, 148, 153, 160, 161, 162, 163, 165, 166, 169, 174, 175, 179, 181, 182, 183, 189, 191, 197, 200, 201, 206, 207, 208, 215, 216, 218, 220, 222, 226, 227, 229, 230, 233, 234, 235, 238, 239, 242, 244, 247, 248, 253, 254, 258, 259, 261, 262, 269, 270, 271, 275, 278, 281, 283, 125, 290, 187, 184, 118, 87, 72, 291, 97, 9, 20, 209, 195, 232, 143, 46, 85, 265, 219, 140, 18, 122, 241, 29, 149, 96, 39, 24, 203, 157, 170, 40, 223, 65, 44, 81, 120, 36, 264, 214, 190, 243, 111, 75, 83, 263, 295, 276, 110, 292, 152, 16, 50, 260, 53, 188, 73, 52, 49, 228, 255, 245, 211, 279, 285, 135, 116, 74, 137, 168, 71, 127, 48, 3, 205, 136, 25, 296, 158, 32, 266, 6, 251, 70, 180, 98, 299, 177, 63, 78, 134, 131, 282, 192, 297, 167, 112, 173, 145, 31, 274, 22, 272, 298, 287, 286, 293, 300]
x_285: [1, 6, 10, 14, 15, 17, 18, 19, 21, 22, 27, 28, 33, 35, 37, 40, 42, 44, 45, 47, 51, 56, 57, 58, 60, 61, 64, 67, 75, 76, 77, 89, 94, 96, 97, 98, 99, 103, 104, 108, 109, 117, 122, 125, 127, 130, 131, 132, 133, 138, 139, 140, 144, 146, 150, 151, 152, 153, 159, 161, 167, 169, 171, 172, 175, 178, 179, 180, 182, 186, 189, 191, 200, 203, 204, 207, 208, 209, 211, 212, 216, 217, 218, 220, 221, 223, 229, 237, 238, 239, 240, 245, 246, 247, 248, 251, 255, 256, 267, 269, 276, 278, 280, 281, 284, 162, 16, 39, 13, 87, 160, 277, 72, 124, 226, 66, 215, 24, 274, 163, 275, 261, 231, 262, 107, 116, 268, 300, 82, 244, 84, 128, 273, 112, 227, 236, 198, 129, 165, 286, 291, 292, 298, 299]
x_286: [6, 7, 10, 14, 22, 23, 25, 26, 27, 28, 29, 34, 35, 37, 38, 39, 43, 44, 45, 46, 48, 51, 54, 56, 64, 66, 67, 69, 72, 75, 78, 82, 83, 84, 85, 93, 96, 97, 99, 100, 102, 104, 106, 112, 114, 115, 116, 121, 122, 123, 125, 129, 130, 132, 133, 134, 135, 137, 140, 144, 145, 146, 147, 148, 149, 152, 153, 154, 159, 162, 166, 172, 175, 177, 182, 183, 186, 187, 189, 191, 194, 196, 197, 199, 204, 205, 207, 208, 212, 213, 215, 222, 223, 224, 226, 229, 230, 231, 236, 239, 242, 243, 245, 248, 253, 260, 262, 267, 269, 270, 271, 275, 277, 279, 280, 281, 20, 259, 90, 1, 283, 156, 217, 233, 16, 193, 79, 200, 60, 2, 70, 265, 263, 77, 119, 288, 218, 124, 105, 33, 49, 228, 73, 74, 55, 4, 250, 278, 179, 30, 210, 240, 80, 161, 282, 292, 52, 276, 88, 142, 101, 249, 127, 247, 12, 257, 31, 120, 232, 89, 11, 131, 294, 256, 42, 266, 170, 198, 47, 19, 237, 211, 17, 13, 76, 128, 138, 285, 293, 41, 98, 297, 216, 255, 126, 220, 9, 150, 94, 235, 234, 165, 58, 32, 181, 284, 65, 246, 273, 258, 201, 272, 227, 206, 71, 238, 274, 203, 184, 117, 141, 86, 264, 180, 81, 252, 185, 167, 254, 103, 192, 15, 287, 290, 291, 295, 299, 300]
x_287: [4, 5, 6, 8, 10, 12, 15, 16, 17, 18, 19, 20, 26, 27, 28, 34, 37, 40, 44, 45, 47, 50, 51, 52, 55, 56, 57, 58, 59, 61, 62, 67, 69, 70, 72, 74, 75, 77, 83, 85, 88, 91, 93, 99, 100, 103, 104, 105, 106, 111, 115, 121, 123, 124, 125, 126, 129, 130, 131, 132, 133, 135, 136, 137, 143, 144, 146, 152, 153, 161, 162, 167, 169, 170, 173, 179, 182, 189, 190, 192, 194, 196, 197, 203, 205, 207, 209, 213, 215, 216, 217, 222, 224, 227, 229, 233, 234, 235, 237, 238, 241, 242, 243, 245, 247, 251, 253, 254, 257, 259, 262, 265, 267, 270, 275, 276, 280, 284, 297, 244, 89, 24, 33, 122, 274, 71, 220, 142, 30, 9, 289, 35, 163, 286, 300, 201, 293, 168, 256, 202, 252, 96, 160, 283, 116, 39, 107, 156, 212, 206, 226, 81, 147, 158, 176, 43, 41, 101, 219, 292, 11, 84, 151, 14, 211, 188, 236, 231, 87, 210, 90, 22, 214, 288, 291, 296]
x_288: [2, 3, 6, 9, 10, 17, 19, 22, 26, 33, 39, 40, 43, 47, 56, 58, 61, 64, 66, 71, 73, 75, 78, 79, 81, 82, 84, 85, 87, 93, 94, 95, 96, 97, 100, 102, 104, 106, 107, 108, 109, 110, 112, 115, 116, 121, 124, 125, 127, 128, 129, 130, 131, 132, 133, 136, 144, 146, 150, 152, 153, 159, 161, 162, 163, 167, 169, 173, 174, 175, 177, 179, 180, 182, 183, 186, 189, 190, 192, 196, 197, 198, 203, 204, 205, 208, 211, 212, 218, 219, 220, 223, 224, 226, 227, 229, 235, 237, 238, 242, 243, 246, 248, 251, 255, 257, 258, 261, 267, 269, 270, 275, 276, 277, 278, 279, 286, 16, 252, 195, 48, 299, 240, 214, 268, 281, 53, 300, 145, 138, 49, 120, 263, 265, 296, 51, 188, 259, 287, 46, 166, 157, 200, 80, 4, 148, 194, 158, 185, 123, 32, 105, 207, 27, 42, 20, 215, 5, 292, 201, 282, 30, 28, 69, 172, 45, 12, 253, 14, 99, 191, 98, 298, 113, 187, 232, 149, 34, 52, 274, 111, 118, 216, 7, 210, 141, 244, 114, 160, 245, 230, 193, 247, 41, 62, 24, 222, 155, 134, 72, 57, 181, 254, 234, 54, 63, 76, 70, 291]
x_289: [3, 4, 8, 9, 12, 14, 15, 17, 18, 21, 25, 33, 35, 36, 45, 46, 48, 52, 54, 55, 58, 59, 61, 66, 67, 71, 72, 73, 74, 75, 76, 91, 93, 94, 95, 97, 99, 100, 101, 102, 105, 106, 107, 115, 116, 121, 127, 128, 130, 131, 132, 133, 134, 146, 148, 152, 154, 156, 159, 160, 165, 167, 169, 172, 175, 178, 182, 183, 186, 189, 190, 192, 194, 197, 198, 200, 202, 203, 204, 206, 209, 210, 215, 216, 218, 220, 224, 227, 229, 232, 236, 237, 238, 239, 245, 246, 247, 253, 257, 259, 261, 262, 267, 269, 274, 280, 287, 263, 168, 96, 29, 150, 184, 290, 291, 292, 296, 297, 299]
x_290: [3, 6, 8, 11, 13, 16, 18, 21, 22, 28, 29, 32, 33, 34, 37, 39, 40, 42, 45, 51, 56, 57, 58, 61, 63, 64, 67, 75, 81, 82, 85, 89, 91, 93, 94, 98, 99, 102, 103, 104, 107, 108, 112, 113, 115, 121, 123, 127, 131, 132, 134, 135, 139, 140, 142, 143, 146, 152, 153, 155, 156, 157, 160, 166, 174, 176, 177, 178, 179, 182, 183, 186, 188, 197, 201, 203, 205, 206, 207, 211, 212, 214, 215, 218, 221, 223, 226, 229, 230, 235, 237, 238, 239, 241, 242, 245, 247, 248, 250, 251, 253, 254, 257, 259, 261, 262, 265, 267, 268, 271, 273, 274, 276, 281, 284, 15, 1, 60, 234, 184, 38, 10, 191, 109, 14, 66, 202, 289, 231, 141, 128, 217, 48, 195, 97, 297, 181, 87, 65, 25, 162, 293, 224, 279, 282, 300, 71, 243, 227, 62, 204, 105, 125, 208, 136, 31, 200, 228, 110, 80, 5, 258, 95, 260, 52, 270, 12, 175, 120, 192, 150, 49, 168, 68, 24, 280, 187, 164, 233, 294, 222, 119, 137, 124, 158, 249, 41, 20, 244, 116, 47, 17, 148, 84, 129, 173, 114, 169, 96, 74, 165, 263, 9, 219, 151, 30, 171, 70, 278, 133, 269, 295, 19, 117, 264, 256, 83, 79, 272, 286, 161, 275, 101, 92, 7, 298, 159, 144, 236, 210, 225, 69, 180, 266, 199, 291]
x_291: [9, 10, 11, 15, 16, 17, 18, 23, 24, 26, 27, 30, 34, 36, 37, 40, 41, 44, 46, 47, 51, 54, 55, 56, 61, 62, 64, 66, 67, 68, 69, 78, 82, 88, 91, 93, 94, 95, 96, 99, 105, 106, 108, 109, 112, 114, 123, 125, 128, 129, 130, 132, 133, 135, 136, 138, 139, 145, 148, 152, 153, 156, 159, 161, 162, 163, 166, 173, 175, 178, 180, 182, 183, 186, 190, 191, 192, 196, 197, 198, 199, 203, 204, 206, 207, 209, 213, 215, 218, 220, 226, 229, 233, 235, 236, 238, 241, 248, 259, 262, 263, 269, 270, 273, 274, 276, 278, 283, 284, 252, 79, 20, 63, 80, 144, 254, 131, 200, 60, 115, 292, 294, 28, 212, 188, 265, 39, 287, 243, 13, 167, 3, 1, 81, 149, 157, 232, 223, 239, 19, 33, 73, 174, 272, 255, 281, 289, 217, 103, 118, 290, 288, 90, 251, 124, 257, 187, 65, 280, 253, 249, 171, 194, 97, 205, 293, 299, 256, 57, 164, 116, 43, 155, 85, 172, 211, 38, 214, 89, 58, 100, 258, 77, 137, 76, 53, 104, 147, 87, 126, 216, 71, 25, 59, 110, 260, 285, 227, 181, 184, 286, 282, 101, 111, 295, 300]
x_292: [1, 2, 3, 4, 6, 15, 17, 18, 21, 22, 25, 27, 28, 29, 34, 37, 40, 44, 47, 52, 56, 57, 59, 60, 61, 62, 63, 66, 67, 72, 74, 76, 77, 78, 82, 85, 88, 91, 92, 96, 97, 105, 107, 109, 111, 112, 115, 117, 122, 124, 128, 129, 130, 131, 135, 140, 142, 143, 144, 153, 154, 156, 160, 163, 169, 172, 175, 178, 185, 188, 189, 191, 194, 198, 200, 201, 202, 203, 205, 208, 209, 211, 212, 213, 216, 217, 218, 220, 232, 233, 237, 238, 242, 243, 244, 245, 248, 251, 254, 256, 258, 259, 263, 266, 268, 270, 273, 275, 276, 278, 279, 283, 284, 286, 287, 288, 291, 16, 26, 93, 226, 12, 181, 164, 285, 272, 139, 289, 114, 104, 260, 162, 23, 151, 180, 75, 215, 133, 41, 103, 53, 94, 221, 86, 235, 132, 141, 252, 297, 87, 186, 95, 179, 227, 171, 228, 71, 39, 294, 11, 69, 43, 147, 70, 134, 282, 170, 253, 246, 241, 148, 14, 46, 149, 145, 229, 249, 35, 118, 222, 64, 280, 192, 210, 193, 9, 281, 31, 113, 81, 89, 257, 196, 231, 119, 187, 137, 247, 8, 264, 296, 45, 136, 68, 230, 219, 183, 261, 108, 120, 20, 199, 7, 138, 293, 299]
x_293: [3, 4, 6, 8, 10, 21, 28, 30, 33, 34, 35, 37, 38, 40, 41, 42, 43, 44, 50, 51, 61, 62, 63, 64, 66, 69, 74, 75, 78, 80, 81, 84, 85, 87, 88, 89, 91, 94, 97, 100, 102, 103, 105, 106, 109, 111, 115, 120, 123, 125, 127, 128, 130, 140, 143, 152, 153, 156, 160, 162, 165, 166, 167, 172, 174, 178, 182, 186, 189, 191, 192, 194, 201, 202, 204, 211, 212, 213, 214, 216, 217, 218, 220, 221, 222, 223, 224, 227, 230, 236, 237, 238, 242, 243, 245, 246, 247, 248, 250, 251, 259, 265, 269, 272, 275, 278, 279, 281, 286, 287, 290, 291, 159, 5, 195, 260, 298, 184, 255, 231, 54, 176, 98, 141, 104, 177, 175, 292, 179, 73, 163, 157, 276, 277, 71, 284, 70, 48, 158, 151, 18, 271, 20, 146, 206, 24, 132, 274, 90, 219, 296, 138, 297, 168, 116, 155, 240, 58, 147, 1, 47, 16, 76, 164, 207, 173, 161, 86, 15, 92, 196, 22, 232, 210, 52, 53, 23, 7, 46, 17, 57, 185, 239, 117, 59, 228, 9, 263, 268, 19, 193, 36, 226, 252, 234, 183, 254, 129, 270, 126, 142, 108, 122, 60, 300]
x_294: [3, 6, 8, 9, 13, 14, 15, 16, 18, 22, 23, 26, 28, 33, 35, 38, 40, 43, 44, 45, 47, 50, 52, 55, 57, 58, 59, 60, 62, 63, 64, 66, 70, 74, 75, 76, 77, 82, 87, 88, 89, 91, 94, 95, 97, 99, 100, 101, 105, 106, 108, 109, 111, 112, 115, 120, 121, 124, 129, 132, 134, 147, 148, 156, 157, 162, 163, 172, 179, 180, 182, 187, 190, 191, 192, 194, 198, 201, 202, 204, 205, 208, 209, 211, 212, 214, 220, 222, 229, 231, 232, 235, 238, 243, 247, 248, 250, 251, 255, 262, 265, 274, 279, 280, 281, 286, 290, 291, 292, 161, 122, 39, 166, 193, 252, 98, 110, 207, 296, 298, 299, 300]
x_295: [3, 8, 14, 16, 17, 19, 22, 23, 24, 26, 27, 29, 34, 38, 41, 47, 51, 57, 58, 59, 61, 62, 64, 66, 70, 72, 75, 77, 82, 84, 85, 87, 88, 91, 93, 96, 99, 102, 103, 104, 109, 110, 113, 114, 129, 130, 131, 132, 134, 135, 137, 139, 143, 144, 145, 146, 151, 152, 160, 163, 167, 174, 177, 179, 183, 188, 189, 190, 195, 197, 199, 200, 203, 207, 213, 215, 216, 218, 220, 221, 222, 226, 227, 229, 233, 236, 237, 238, 239, 240, 242, 245, 251, 259, 262, 263, 269, 274, 275, 276, 278, 281, 284, 290, 282, 175, 154, 52, 241, 142, 300, 76, 257, 271, 187, 172, 83, 210, 232, 81, 56, 286, 201, 112, 9, 79, 223, 123, 5, 291, 7, 208, 225, 63, 31, 68, 20, 297]
x_296: [2, 9, 11, 14, 18, 20, 22, 24, 28, 33, 37, 40, 41, 42, 43, 50, 51, 54, 59, 62, 63, 64, 69, 70, 75, 76, 77, 79, 82, 83, 84, 85, 87, 89, 91, 93, 95, 96, 99, 100, 101, 102, 103, 104, 106, 108, 110, 114, 115, 121, 124, 125, 128, 129, 130, 131, 132, 133, 134, 135, 136, 137, 138, 144, 145, 146, 147, 153, 159, 160, 161, 162, 163, 167, 174, 179, 180, 183, 189, 190, 194, 197, 202, 203, 207, 208, 209, 211, 212, 216, 217, 218, 220, 221, 222, 224, 226, 227, 232, 233, 235, 239, 242, 243, 245, 246, 247, 259, 260, 261, 262, 267, 268, 271, 276, 283, 284, 288, 292, 293, 219, 201, 215, 241, 263, 6, 289, 205, 94, 56, 168, 299, 254, 61, 53, 192, 16, 29, 105, 287, 199, 8, 68, 127, 140, 210, 264, 294, 32, 279, 204, 73, 119, 278, 25, 80, 277, 88, 36, 65, 281, 265, 126, 74, 297, 300]
x_297: [2, 3, 4, 5, 6, 8, 10, 11, 12, 22, 24, 25, 28, 35, 38, 40, 46, 47, 51, 54, 56, 57, 58, 60, 61, 64, 67, 69, 74, 75, 81, 82, 86, 87, 92, 94, 95, 96, 99, 104, 106, 114, 115, 120, 121, 122, 124, 125, 127, 132, 133, 138, 144, 146, 152, 153, 156, 160, 163, 170, 173, 174, 175, 178, 182, 183, 190, 194, 196, 197, 198, 203, 204, 207, 209, 213, 214, 215, 218, 223, 226, 233, 235, 237, 238, 241, 243, 244, 245, 250, 251, 255, 265, 269, 270, 277, 278, 281, 283, 284, 286, 287, 290, 292, 293, 116, 206, 268, 45, 117, 262, 137, 80, 97, 176, 187, 110, 289, 49, 123, 14, 88, 234, 216, 17, 150, 131, 257, 77, 107, 101, 195, 249, 90, 71, 273, 48, 84, 91, 43, 296, 189, 63, 147, 98, 185, 260, 70, 7, 145, 295, 33, 39, 148, 136, 242, 50, 171, 93, 55, 247, 135, 23, 26, 130, 200, 52, 158, 298, 300]
x_298: [6, 8, 9, 10, 14, 15, 17, 25, 28, 33, 38, 40, 41, 42, 51, 52, 57, 59, 61, 66, 67, 68, 69, 75, 78, 80, 82, 85, 87, 88, 91, 93, 95, 96, 97, 99, 101, 105, 107, 110, 111, 120, 122, 124, 127, 130, 132, 134, 135, 139, 141, 143, 145, 148, 152, 155, 158, 160, 162, 163, 169, 173, 175, 183, 186, 189, 197, 198, 201, 204, 206, 207, 210, 211, 215, 216, 217, 218, 220, 221, 222, 223, 224, 225, 226, 227, 228, 229, 232, 236, 237, 238, 239, 242, 243, 245, 246, 248, 257, 260, 262, 267, 268, 270, 275, 278, 280, 284, 288, 290, 293, 297, 285, 118, 269, 182, 203, 11, 202, 1, 26, 272, 43, 125, 114, 251, 176, 54, 65, 3, 116, 50, 282, 196, 213, 190, 294, 16, 121, 36, 151, 172, 240, 191, 2, 62, 271, 136, 258, 153, 230, 56, 179, 98, 205, 241, 140, 129, 84, 171, 184, 194, 106, 164, 146, 192, 283, 22, 31, 274, 253, 81, 74, 102]
x_299: [10, 13, 14, 15, 19, 21, 22, 24, 27, 28, 29, 34, 41, 42, 46, 47, 50, 52, 55, 56, 57, 59, 62, 64, 69, 71, 72, 74, 76, 85, 93, 94, 95, 96, 97, 99, 100, 102, 103, 109, 110, 111, 113, 115, 116, 124, 127, 128, 129, 130, 131, 133, 134, 136, 137, 146, 147, 148, 153, 160, 163, 167, 169, 171, 174, 175, 180, 183, 184, 188, 189, 201, 203, 207, 208, 212, 215, 218, 219, 220, 221, 222, 223, 224, 229, 230, 231, 235, 236, 241, 243, 247, 248, 251, 253, 259, 261, 262, 263, 265, 275, 278, 279, 280, 281, 284, 288, 291, 296, 2, 177, 194, 101, 199, 63, 294, 43, 152, 292, 285, 272, 165, 20, 192, 17, 271, 164, 44, 60, 83, 286, 31, 89, 273, 238, 12, 82, 91, 214, 283, 181, 9, 108, 196, 1, 25, 202, 30, 145, 257, 276, 16, 234, 190, 68, 233, 227, 88, 45, 80, 213, 40, 158, 67, 151, 289, 246, 256, 7, 260, 258, 58, 75, 172, 191, 267, 132, 104, 226, 182, 300]
x_300: [3, 5, 6, 7, 8, 10, 18, 19, 22, 27, 28, 29, 37, 38, 41, 43, 45, 54, 56, 57, 58, 63, 67, 68, 69, 72, 74, 76, 78, 81, 82, 85, 87, 88, 89, 97, 100, 102, 106, 109, 110, 111, 112, 114, 115, 117, 121, 123, 124, 125, 127, 132, 134, 135, 136, 137, 138, 142, 143, 144, 155, 156, 159, 160, 166, 168, 169, 170, 174, 175, 178, 179, 180, 186, 190, 191, 195, 196, 197, 200, 201, 206, 208, 209, 216, 218, 220, 221, 222, 224, 234, 235, 236, 240, 245, 246, 247, 248, 251, 253, 254, 255, 261, 269, 275, 278, 279, 280, 281, 285, 287, 288, 290, 295, 293, 294, 96, 103, 256, 126, 24, 205, 13, 239, 297, 2, 94, 226, 177, 120, 40, 215, 182, 36, 116, 93, 184, 42, 176, 230, 243, 238, 33, 229, 266, 181, 70, 48, 242, 274, 86, 284, 92, 227, 228, 217, 183, 30, 59, 25, 171, 128, 52, 286, 282, 268, 71, 23, 50, 241, 55, 299, 165, 95, 185, 267, 35, 141, 154, 15, 150, 1, 122, 140, 20, 260, 75, 291, 83, 60, 232, 107, 244, 12, 189, 270, 147, 264, 262, 252, 151, 187, 204, 26, 271, 164, 223, 277, 296, 139, 99, 231, 213]