270
182 65 193 137 156 152 161 69 115 69 60 168 142 100 85 117 145 97 62 52 3 196 141 172 42 10 61 34 145 181 104 48 13 67 174 59 109 157 178 188 24 167 5 80 43 185 64 202 14 16 71 24 190 76 195 30 6 185 19 136 200 130 56 187 77 101 40 156 177 6 70 117 196 168 103 167 180 189 85 41 26 112 124 69 26 100 195 64 111 61 175 199 189 163 106 74 186 85 21 79 159 182 40 111 107 190 115 6 56 155 199 11 122 59 99 165 132 181 64 127 104 3 28 118 35 16 144 71 146 182 182 184 200 32 62 121 109 161 93 103 94 160 99 188 199 53 46 155 55 55 130 52 92 54 58 118 202 126 80 3 37 197 75 25 158 140 96 88 102 62 2 71 104 102 47 3 161 122 60 24 5 70 166 21 191 51 33 131 115 172 181 190 51 83 65 102 14 121 105 149 59 36 50 133 152 101 68 79 169 78 166 33 190 53 58 130 147 60 2 172 16 26 184 184 45 62 151 120 70 131 201 202 113 202 166 38 34 24 51 150 118 16 14 116 123 7 166 175 9 167 195 86 102 28 11 143 49 152 125 20 133 56 119 60 84 131 199 71 109 130
x_1: [33, 131, 61, 254, 231, 242, 195, 108, 49, 250, 15, 200, 222, 2, 229, 137, 118, 53, 163, 16, 12, 14, 5, 196, 111, 217, 114, 225, 120, 177, 119, 113, 236, 149, 214, 52, 96, 152, 62, 171, 257, 260, 98, 156, 146, 256, 259, 202, 18, 246, 125, 207, 213, 89, 188, 192, 45, 261, 56, 84, 267, 190, 251, 3, 6, 10, 20, 24, 28, 31, 36, 40, 42, 44, 55, 58, 65, 66, 72, 73, 74, 76, 81, 83, 85, 87, 88, 91, 93, 97, 102, 104, 105, 106, 107, 109, 115, 121, 123, 124, 126, 129, 130, 133, 134, 139, 140, 148, 150, 151, 153, 154, 158, 162, 164, 168, 172, 174, 176, 178, 179, 181, 182, 183, 186, 187, 194, 198, 199, 201, 204, 211, 218, 227, 233, 234, 239, 241, 243, 244, 245, 247, 264, 270]
x_2: [1, 241, 23, 158, 202, 88, 87, 258, 117, 7, 103, 119, 208, 264, 177, 181, 236, 8, 13, 14, 16, 19, 28, 31, 34, 36, 37, 40, 42, 43, 44, 46, 54, 58, 60, 65, 67, 69, 70, 72, 75, 76, 79, 89, 99, 102, 107, 108, 113, 114, 118, 120, 121, 123, 124, 125, 127, 128, 134, 139, 141, 142, 143, 144, 148, 151, 152, 155, 163, 167, 168, 169, 172, 173, 176, 179, 182, 183, 189, 190, 192, 198, 199, 200, 201, 203, 211, 213, 221, 225, 228, 229, 230, 231, 232, 233, 234, 238, 240, 242, 245, 246, 247, 251, 260, 261, 262, 265, 267]
x_3: [197, 263, 67, 266, 106, 219, 29, 247, 187, 103, 259, 212, 249, 183, 213, 178, 1, 170, 235, 15, 118, 91, 93, 47, 131, 17, 37, 43, 9, 232, 8, 144, 128, 138, 57, 95, 177, 149, 36, 86, 82, 87, 140, 151, 233, 165, 255, 243, 59, 13, 160, 198, 176, 216, 97, 133, 56, 130, 262, 108, 222, 11, 116, 10, 204, 75, 19, 83, 229, 260, 113, 265, 231, 115, 269, 16, 203, 31, 153, 65, 109, 25, 157, 40, 159, 214, 5, 20, 112, 236, 88, 261, 194, 51, 100, 253, 54, 200, 152, 256, 167, 206, 145, 81, 168, 70, 174, 220, 110, 137, 50, 195, 121, 34, 21, 44, 69, 6, 7, 18, 23, 26, 28, 30, 41, 42, 49, 52, 61, 63, 64, 66, 68, 73, 77, 85, 89, 90, 96, 99, 102, 111, 114, 122, 123, 125, 126, 134, 135, 141, 142, 143, 148, 150, 154, 156, 163, 173, 175, 182, 186, 188, 189, 193, 196, 202, 208, 209, 210, 211, 221, 223, 224, 225, 230, 237, 240, 241, 245, 254, 257, 258, 267, 270]
x_4: [86, 110, 138, 171, 260, 131, 189, 174, 175, 59, 150, 121, 251, 70, 54, 165, 21, 209, 38, 195, 76, 65, 194, 40, 115, 42, 137, 187, 152, 235, 142, 56, 24, 7, 8, 47, 212, 97, 123, 216, 83, 60, 231, 124, 82, 53, 223, 151, 130, 245, 162, 52, 107, 163, 14, 6, 164, 201, 161, 205, 33, 234, 58, 129, 111, 241, 183, 133, 94, 158, 102, 127, 185, 17, 18, 19, 30, 31, 34, 36, 37, 44, 46, 49, 55, 57, 67, 68, 71, 72, 73, 75, 81, 87, 89, 91, 93, 101, 104, 105, 108, 112, 113, 125, 128, 136, 144, 153, 160, 168, 184, 186, 188, 190, 193, 197, 199, 202, 203, 204, 208, 211, 213, 221, 222, 225, 228, 229, 230, 233, 237, 238, 239, 242, 243, 244, 246, 249, 254, 258, 259, 265, 266, 268, 270]
x_5: [1, 3, 144, 46, 230, 47, 174, 117, 200, 158, 22, 168, 96, 163, 156, 126, 172, 52, 48, 113, 11, 125, 206, 38, 138, 37, 39, 12, 6, 149, 184, 253, 241, 79, 257, 40, 261, 89, 92, 77, 73, 8, 9, 10, 15, 16, 18, 24, 30, 31, 33, 45, 53, 54, 55, 57, 62, 66, 67, 70, 75, 86, 88, 90, 91, 97, 99, 102, 108, 109, 116, 118, 121, 122, 123, 124, 128, 130, 132, 133, 134, 136, 146, 148, 150, 151, 152, 153, 157, 161, 164, 167, 179, 181, 182, 183, 185, 186, 187, 193, 196, 197, 201, 202, 204, 209, 210, 212, 216, 218, 222, 224, 225, 226, 233, 234, 237, 238, 243, 246, 251, 258, 259, 264, 265, 266]
x_6: [4, 5, 157, 55, 264, 151, 65, 106, 73, 17, 162, 92, 154, 222, 81, 25, 127, 130, 33, 229, 221, 129, 225, 233, 203, 174, 88, 133, 249, 13, 214, 10, 32, 182, 71, 142, 204, 206, 89, 46, 120, 91, 163, 257, 116, 123, 161, 254, 246, 212, 173, 141, 113, 37, 262, 189, 82, 105, 160, 153, 191, 85, 238, 44, 64, 194, 80, 219, 112, 27, 202, 179, 197, 21, 269, 47, 131, 52, 137, 43, 72, 42, 228, 124, 196, 167, 250, 109, 62, 210, 61, 152, 143, 128, 3, 98, 11, 16, 125, 134, 146, 76, 103, 140, 87, 183, 252, 216, 63, 107, 56, 7, 70, 39, 192, 224, 258, 166, 1, 227, 231, 180, 205, 22, 24, 28, 30, 31, 34, 35, 40, 49, 50, 54, 58, 69, 79, 90, 96, 104, 108, 111, 119, 121, 126, 139, 147, 148, 156, 164, 168, 172, 176, 185, 187, 190, 195, 198, 200, 207, 211, 213, 220, 226, 230, 239, 241, 242, 243, 244, 245, 251, 259, 261, 268]
x_7: [2, 4, 6, 58, 194, 196, 105, 143, 262, 102, 237, 265, 210, 157, 88, 231, 185, 270, 200, 219, 208, 173, 35, 253, 127, 149, 11, 209, 80, 204, 139, 92, 38, 179, 136, 211, 156, 78, 133, 249, 87, 240, 24, 51, 217, 36, 182, 227, 85, 260, 83, 48, 206, 142, 107, 122, 171, 138, 39, 268, 189, 26, 153, 183, 119, 201, 205, 89, 248, 169, 114, 126, 16, 207, 163, 222, 128, 98, 228, 76, 135, 236, 84, 71, 226, 159, 124, 60, 106, 55, 117, 165, 52, 96, 29, 12, 111, 18, 254, 176, 141, 61, 49, 120, 121, 146, 109, 232, 170, 255, 57, 110, 41, 8, 3, 246, 164, 197, 148, 101, 82, 199, 75, 30, 195, 131, 67, 19, 32, 269, 22, 47, 15, 256, 99, 230, 134, 125, 31, 90, 180, 220, 181, 212, 103, 218, 137, 129, 91, 50, 23, 28, 263, 241, 257, 190, 161, 21, 65, 17, 66, 203, 229, 13, 167, 44, 155, 20, 40, 46, 54, 59, 62, 68, 70, 73, 95, 112, 118, 123, 147, 152, 158, 168, 178, 186, 188, 192, 213, 214, 216, 221, 225, 233, 234, 238, 239, 247, 250, 251, 258, 259, 261, 267]
x_8: [3, 4, 7, 126, 258, 106, 170, 174, 261, 201, 247, 54, 67, 230, 269, 267, 16, 150, 81, 103, 190, 200, 167, 50, 210, 177, 65, 34, 23, 154, 161, 214, 153, 164, 181, 140, 257, 5, 270, 63, 77, 163, 168, 36, 232, 144, 246, 233, 187, 195, 41, 29, 69, 25, 252, 129, 186, 207, 158, 238, 175, 260, 86, 15, 76, 114, 58, 95, 211, 26, 51, 137, 55, 105, 134, 35, 38, 112, 89, 262, 222, 12, 189, 250, 146, 113, 253, 121, 218, 188, 97, 132, 209, 104, 264, 40, 21, 235, 98, 62, 155, 263, 162, 145, 266, 68, 228, 72, 84, 130, 19, 216, 206, 10, 47, 197, 138, 191, 173, 199, 234, 60, 248, 182, 75, 213, 66, 148, 212, 133, 141, 172, 249, 111, 33, 118, 14, 53, 80, 205, 96, 2, 46, 219, 27, 217, 178, 215, 61, 136, 143, 92, 110, 45, 18, 22, 24, 32, 39, 42, 49, 52, 57, 59, 71, 73, 74, 79, 87, 90, 101, 108, 109, 120, 124, 125, 127, 131, 142, 149, 151, 152, 157, 179, 185, 193, 196, 198, 202, 204, 224, 225, 226, 231, 239, 240, 242, 243, 244, 251, 254, 256, 259]
x_9: [3, 230, 151, 261, 255, 202, 60, 246, 55, 77, 198, 104, 86, 267, 132, 214, 148, 253, 110, 173, 249, 53, 5, 178, 137, 29, 226, 154, 52, 118, 141, 139, 127, 211, 76, 67, 100, 209, 30, 212, 144, 157, 252, 256, 189, 241, 124, 174, 91, 93, 231, 259, 167, 70, 13, 14, 16, 19, 22, 23, 24, 25, 33, 34, 36, 40, 42, 54, 61, 63, 64, 65, 66, 68, 69, 72, 73, 75, 81, 82, 85, 89, 97, 101, 108, 109, 112, 119, 121, 122, 125, 126, 128, 129, 130, 133, 134, 136, 140, 146, 147, 153, 164, 172, 175, 176, 183, 186, 187, 188, 190, 192, 194, 195, 197, 201, 204, 207, 208, 210, 213, 220, 221, 222, 225, 228, 229, 237, 238, 240, 245, 251, 254, 257, 264]
x_10: [3, 6, 8, 253, 246, 169, 61, 66, 72, 132, 116, 46, 26, 89, 60, 103, 258, 158, 217, 168, 11, 157, 113, 44, 115, 144, 175, 138, 266, 195, 12, 63, 178, 59, 129, 74, 22, 40, 48, 53, 154, 163, 128, 186, 16, 41, 205, 191, 124, 49, 141, 5, 264, 165, 58, 181, 65, 139, 208, 47, 244, 215, 202, 155, 69, 28, 261, 57, 90, 111, 223, 135, 243, 207, 54, 192, 36, 260, 229, 68, 80, 39, 73, 248, 172, 187, 150, 82, 196, 226, 75, 152, 52, 236, 222, 142, 190, 210, 237, 51, 242, 20, 1, 183, 126, 123, 55, 184, 21, 161, 130, 29, 213, 193, 151, 122, 17, 19, 23, 27, 30, 31, 33, 35, 37, 50, 56, 81, 88, 91, 93, 96, 99, 107, 108, 114, 117, 119, 121, 125, 131, 134, 136, 143, 170, 176, 182, 188, 194, 198, 199, 200, 201, 209, 211, 216, 221, 225, 231, 234, 235, 241, 249, 251, 254, 259, 267, 268]
x_11: [3, 5, 6, 7, 10, 29, 175, 59, 263, 89, 250, 63, 12, 246, 108, 197, 90, 204, 117, 52, 128, 172, 169, 126, 237, 242, 190, 253, 100, 222, 226, 205, 62, 137, 65, 77, 193, 213, 56, 14, 39, 94, 235, 194, 258, 148, 80, 79, 269, 55, 131, 238, 201, 217, 82, 92, 176, 123, 83, 112, 219, 121, 21, 265, 98, 259, 15, 16, 17, 19, 23, 33, 37, 44, 45, 57, 58, 64, 66, 72, 73, 75, 85, 87, 91, 99, 107, 109, 113, 115, 116, 119, 122, 124, 125, 129, 139, 144, 146, 152, 153, 156, 157, 163, 164, 167, 182, 188, 192, 196, 198, 199, 202, 208, 209, 210, 211, 212, 220, 223, 224, 229, 230, 233, 234, 241, 245, 247, 251, 256, 257, 264, 267]
x_12: [1, 5, 7, 8, 10, 11, 127, 204, 239, 61, 25, 199, 46, 49, 246, 24, 266, 123, 160, 143, 213, 86, 69, 163, 230, 257, 214, 203, 200, 103, 254, 185, 78, 133, 144, 90, 43, 173, 74, 13, 15, 20, 23, 28, 33, 40, 45, 55, 65, 66, 67, 70, 71, 73, 75, 85, 88, 99, 104, 105, 107, 109, 111, 112, 113, 114, 115, 120, 125, 137, 138, 139, 140, 142, 146, 148, 151, 157, 162, 164, 168, 170, 172, 178, 179, 182, 183, 186, 187, 189, 190, 191, 192, 193, 194, 196, 197, 198, 201, 208, 209, 210, 211, 212, 216, 220, 221, 224, 225, 228, 231, 238, 240, 241, 244, 245, 258, 259, 261, 264, 265, 268]
x_13: [3, 6, 7, 130, 179, 197, 143, 240, 77, 67, 116, 101, 37, 102, 220, 123, 72, 236, 201, 43, 40, 79, 30, 16, 208, 196, 214, 71, 38, 124, 147, 104, 204, 183, 92, 153, 74, 252, 150, 46, 264, 154, 107, 238, 12, 149, 53, 191, 228, 131, 27, 162, 82, 68, 58, 223, 126, 259, 260, 63, 109, 265, 69, 2, 62, 194, 247, 119, 138, 20, 86, 258, 120, 211, 141, 216, 205, 140, 253, 51, 96, 9, 233, 23, 251, 110, 202, 173, 125, 49, 22, 217, 227, 97, 89, 98, 261, 198, 268, 185, 34, 175, 235, 91, 76, 241, 257, 203, 14, 19, 24, 31, 33, 39, 42, 44, 50, 57, 65, 75, 88, 99, 108, 111, 122, 127, 128, 134, 139, 142, 144, 148, 152, 156, 157, 167, 171, 174, 178, 180, 182, 186, 189, 190, 199, 200, 221, 225, 226, 229, 230, 234, 243, 245, 250, 254, 267, 270]
x_14: [1, 4, 8, 11, 205, 263, 155, 202, 138, 181, 241, 26, 245, 9, 219, 156, 163, 77, 143, 34, 185, 213, 201, 267, 13, 59, 19, 52, 171, 173, 189, 18, 190, 38, 249, 43, 229, 172, 257, 2, 83, 167, 110, 75, 76, 56, 207, 261, 216, 15, 22, 23, 24, 27, 33, 35, 36, 42, 45, 54, 55, 57, 58, 63, 67, 70, 73, 85, 87, 88, 89, 91, 97, 99, 101, 102, 107, 111, 114, 119, 120, 121, 123, 124, 125, 127, 128, 131, 134, 139, 140, 141, 142, 151, 153, 157, 158, 168, 169, 178, 182, 183, 186, 192, 193, 194, 195, 198, 204, 208, 210, 212, 214, 220, 221, 222, 231, 233, 234, 238, 239, 240, 244, 247, 251, 254, 258, 266, 268, 270]
x_15: [1, 3, 7, 8, 175, 134, 189, 20, 33, 127, 136, 204, 146, 43, 39, 88, 137, 212, 65, 145, 135, 121, 108, 51, 142, 246, 25, 263, 155, 105, 162, 174, 152, 265, 69, 19, 227, 187, 214, 84, 21, 270, 218, 95, 102, 120, 59, 67, 260, 63, 235, 101, 29, 185, 234, 172, 182, 113, 5, 251, 17, 85, 130, 118, 44, 269, 89, 18, 103, 148, 125, 252, 191, 167, 201, 38, 100, 93, 97, 153, 219, 243, 12, 250, 11, 54, 222, 176, 216, 264, 254, 257, 245, 231, 242, 138, 203, 133, 131, 159, 24, 183, 119, 261, 228, 244, 75, 197, 224, 28, 57, 157, 194, 26, 107, 42, 169, 62, 34, 66, 151, 210, 14, 94, 259, 188, 237, 209, 22, 124, 115, 195, 78, 154, 158, 255, 16, 190, 23, 30, 35, 36, 37, 40, 46, 53, 55, 56, 61, 72, 73, 76, 80, 86, 96, 99, 104, 111, 117, 129, 143, 168, 170, 173, 186, 193, 196, 199, 208, 220, 221, 225, 230, 233, 239, 240, 247, 249]
x_16: [1, 3, 6, 7, 8, 10, 13, 15, 263, 251, 163, 58, 150, 142, 220, 160, 45, 252, 59, 257, 113, 136, 224, 191, 119, 28, 53, 264, 262, 84, 67, 25, 35, 112, 2, 32, 217, 11, 34, 29, 5, 18, 174, 171, 109, 241, 103, 137, 152, 268, 129, 120, 94, 108, 201, 31, 123, 232, 19, 170, 168, 209, 62, 9, 95, 259, 48, 116, 91, 156, 51, 161, 75, 33, 227, 77, 23, 147, 177, 30, 46, 117, 104, 60, 130, 270, 128, 17, 100, 167, 180, 183, 233, 196, 198, 219, 126, 176, 92, 38, 172, 190, 210, 234, 187, 181, 162, 203, 242, 66, 155, 87, 65, 86, 235, 78, 70, 83, 41, 121, 88, 243, 159, 40, 79, 231, 56, 80, 36, 96, 246, 24, 99, 188, 260, 182, 258, 192, 193, 22, 37, 42, 49, 50, 52, 63, 64, 68, 81, 85, 89, 111, 114, 118, 122, 124, 125, 127, 133, 140, 144, 148, 157, 173, 194, 195, 197, 199, 202, 204, 205, 207, 211, 212, 214, 216, 222, 225, 230, 238, 239, 240, 244, 245, 247, 249, 265, 266]
x_17: [3, 6, 7, 15, 16, 108, 32, 127, 156, 168, 207, 126, 185, 26, 119, 149, 4, 101, 50, 70, 115, 189, 260, 137, 73, 84, 117, 39, 160, 262, 261, 222, 225, 263, 244, 94, 183, 38, 142, 106, 118, 69, 107, 11, 249, 186, 95, 43, 122, 109, 45, 226, 176, 85, 10, 112, 162, 246, 19, 27, 188, 256, 179, 250, 35, 164, 163, 46, 247, 174, 213, 37, 135, 33, 166, 93, 116, 161, 130, 157, 151, 25, 60, 221, 143, 254, 145, 132, 89, 74, 181, 49, 204, 268, 99, 203, 231, 77, 125, 20, 41, 266, 242, 248, 267, 88, 255, 198, 192, 28, 40, 44, 53, 54, 55, 61, 62, 63, 65, 66, 67, 68, 71, 72, 76, 79, 81, 91, 114, 129, 134, 144, 148, 152, 155, 159, 167, 169, 173, 182, 191, 194, 195, 196, 208, 210, 216, 224, 238, 241, 243, 251, 253, 257, 259, 264]
x_18: [1, 7, 14, 15, 16, 181, 225, 122, 156, 46, 227, 183, 100, 83, 69, 24, 187, 173, 89, 252, 245, 5, 120, 31, 228, 84, 261, 107, 205, 239, 64, 162, 135, 71, 87, 169, 68, 93, 158, 219, 240, 235, 262, 160, 267, 260, 159, 106, 145, 80, 4, 175, 61, 218, 195, 263, 92, 226, 231, 28, 44, 55, 50, 199, 204, 94, 244, 230, 268, 19, 251, 200, 149, 179, 140, 32, 34, 118, 229, 164, 172, 53, 143, 210, 170, 85, 206, 259, 77, 75, 180, 116, 111, 233, 27, 78, 192, 165, 144, 8, 250, 155, 161, 90, 52, 79, 254, 237, 166, 249, 202, 112, 86, 124, 103, 126, 215, 177, 185, 186, 108, 148, 115, 197, 114, 105, 151, 223, 3, 48, 20, 23, 30, 35, 37, 40, 41, 42, 45, 51, 56, 57, 60, 62, 67, 70, 72, 73, 76, 96, 117, 119, 125, 127, 131, 137, 139, 141, 146, 150, 153, 154, 157, 167, 174, 182, 184, 190, 193, 194, 201, 207, 208, 212, 216, 220, 221, 222, 242, 243, 247, 253, 255, 265, 266, 270]
x_19: [3, 7, 8, 14, 15, 16, 17, 18, 79, 58, 92, 175, 74, 193, 224, 167, 268, 142, 107, 100, 82, 85, 83, 76, 62, 227, 67, 221, 69, 171, 163, 71, 11, 184, 90, 116, 121, 255, 251, 46, 241, 108, 185, 144, 179, 34, 197, 244, 237, 101, 124, 106, 156, 22, 137, 266, 97, 37, 55, 57, 205, 170, 54, 229, 248, 191, 211, 189, 75, 122, 123, 202, 234, 226, 49, 28, 89, 270, 4, 23, 143, 213, 68, 192, 176, 25, 260, 233, 187, 31, 61, 126, 64, 77, 10, 188, 78, 148, 13, 242, 35, 48, 257, 50, 66, 210, 195, 245, 225, 60, 190, 182, 45, 2, 263, 222, 47, 158, 250, 32, 220, 153, 201, 21, 113, 138, 165, 29, 264, 152, 94, 262, 204, 212, 157, 9, 33, 253, 133, 159, 20, 65, 104, 26, 30, 36, 42, 44, 52, 53, 63, 72, 87, 91, 105, 111, 112, 114, 127, 128, 131, 132, 134, 135, 140, 151, 154, 155, 164, 172, 174, 183, 186, 199, 216, 230, 231, 235, 238, 239, 249, 254, 258, 259, 261, 265]
x_20: [3, 10, 13, 15, 17, 19, 7, 137, 257, 12, 206, 58, 51, 165, 230, 47, 256, 176, 23, 97, 87, 29, 60, 22, 61, 157, 103, 83, 77, 117, 112, 46, 258, 181, 223, 69, 147, 128, 36, 136, 30, 222, 145, 244, 217, 224, 35, 95, 110, 18, 220, 213, 182, 262, 76, 92, 116, 118, 31, 188, 229, 113, 132, 80, 267, 196, 55, 245, 1, 242, 160, 135, 150, 107, 68, 195, 235, 119, 253, 152, 265, 171, 125, 252, 255, 184, 205, 216, 73, 218, 66, 32, 199, 221, 49, 104, 139, 246, 261, 167, 79, 133, 50, 190, 233, 146, 72, 44, 209, 67, 201, 120, 193, 211, 21, 24, 27, 34, 40, 41, 52, 54, 56, 57, 63, 70, 81, 85, 86, 88, 90, 96, 109, 111, 114, 124, 126, 129, 131, 134, 141, 142, 143, 144, 148, 151, 153, 154, 158, 164, 173, 183, 185, 186, 194, 204, 207, 212, 214, 225, 238, 239, 241, 243, 251, 259, 264, 270]
x_21: [3, 4, 6, 7, 8, 10, 11, 15, 19, 20, 151, 178, 22, 35, 38, 24, 158, 182, 47, 241, 184, 168, 88, 270, 128, 120, 112, 160, 157, 166, 155, 247, 130, 118, 76, 124, 83, 44, 133, 205, 104, 71, 85, 162, 198, 109, 23, 27, 29, 30, 34, 42, 45, 56, 57, 60, 65, 66, 67, 70, 72, 73, 75, 79, 93, 94, 98, 99, 102, 108, 111, 114, 115, 116, 119, 123, 129, 136, 142, 143, 144, 153, 161, 163, 167, 169, 174, 176, 179, 180, 185, 186, 188, 190, 192, 196, 197, 199, 201, 202, 203, 204, 206, 222, 225, 228, 229, 231, 240, 242, 243, 244, 245, 246, 249, 258, 259, 260, 261, 263, 265, 268]
x_22: [5, 7, 10, 13, 15, 19, 20, 21, 229, 111, 206, 58, 160, 113, 149, 262, 173, 43, 36, 37, 119, 62, 269, 238, 235, 6, 86, 222, 57, 99, 8, 125, 158, 110, 266, 151, 136, 179, 137, 148, 25, 226, 106, 40, 162, 232, 156, 59, 127, 16, 100, 70, 14, 117, 244, 89, 115, 71, 33, 9, 165, 44, 265, 134, 204, 144, 181, 133, 198, 207, 239, 143, 46, 93, 246, 24, 28, 31, 34, 42, 45, 49, 52, 55, 60, 64, 66, 68, 73, 76, 92, 101, 102, 107, 121, 124, 129, 131, 138, 140, 141, 142, 145, 146, 147, 154, 155, 157, 164, 167, 176, 183, 185, 186, 190, 192, 193, 194, 201, 205, 208, 210, 218, 221, 230, 233, 237, 240, 242, 243, 247, 249, 250, 258, 259, 261, 264, 267, 268]
x_23: [2, 7, 8, 13, 16, 19, 20, 69, 107, 270, 14, 265, 27, 163, 75, 113, 164, 204, 21, 210, 244, 258, 34, 18, 68, 211, 200, 140, 112, 100, 156, 195, 154, 266, 12, 137, 98, 267, 84, 118, 46, 108, 246, 85, 207, 145, 78, 51, 221, 90, 240, 56, 208, 115, 33, 66, 174, 260, 253, 263, 189, 222, 128, 227, 134, 183, 198, 194, 55, 93, 177, 39, 215, 32, 236, 57, 120, 233, 180, 47, 172, 142, 269, 67, 86, 160, 125, 251, 197, 15, 257, 131, 62, 147, 133, 44, 167, 264, 151, 42, 88, 234, 191, 205, 232, 242, 53, 43, 31, 10, 143, 138, 91, 245, 173, 9, 176, 122, 116, 178, 30, 226, 102, 202, 79, 92, 119, 203, 3, 217, 114, 132, 225, 97, 262, 219, 41, 83, 261, 89, 212, 247, 193, 123, 184, 136, 11, 38, 135, 130, 24, 36, 37, 40, 45, 49, 54, 70, 72, 87, 96, 109, 111, 121, 124, 127, 129, 144, 148, 149, 155, 158, 162, 181, 182, 186, 187, 190, 192, 196, 199, 201, 213, 218, 223, 231, 248, 249, 252, 254, 259, 268]
x_24: [4, 7, 12, 15, 16, 18, 21, 9, 82, 248, 57, 113, 78, 58, 197, 30, 89, 35, 49, 240, 13, 139, 27, 242, 107, 183, 225, 174, 164, 196, 200, 149, 43, 118, 226, 179, 219, 221, 224, 137, 96, 28, 170, 181, 193, 163, 91, 75, 59, 105, 245, 120, 184, 83, 154, 88, 71, 205, 218, 251, 180, 39, 189, 128, 80, 110, 203, 228, 262, 140, 247, 175, 42, 29, 72, 241, 47, 5, 34, 94, 143, 100, 236, 206, 136, 54, 238, 124, 37, 161, 69, 14, 194, 177, 6, 162, 201, 229, 50, 217, 208, 64, 210, 90, 74, 147, 265, 211, 86, 151, 132, 166, 233, 202, 65, 258, 41, 134, 138, 199, 141, 131, 62, 55, 239, 122, 22, 116, 56, 20, 23, 130, 213, 76, 178, 26, 115, 204, 263, 167, 8, 153, 51, 231, 45, 1, 25, 144, 157, 235, 61, 261, 257, 188, 192, 109, 169, 73, 66, 176, 129, 152, 264, 102, 252, 260, 142, 31, 33, 67, 70, 79, 81, 114, 121, 123, 125, 127, 146, 150, 172, 182, 186, 187, 198, 207, 222, 230, 234, 243, 246, 249, 253, 259, 266, 267, 268]
x_25: [3, 6, 8, 12, 15, 16, 17, 19, 22, 24, 113, 56, 219, 208, 73, 59, 226, 266, 111, 83, 140, 188, 168, 178, 129, 77, 114, 132, 247, 9, 176, 90, 103, 133, 118, 38, 189, 190, 98, 55, 201, 174, 169, 211, 207, 142, 181, 39, 224, 115, 242, 145, 29, 34, 35, 37, 42, 44, 49, 54, 63, 65, 66, 67, 69, 71, 72, 76, 78, 80, 85, 87, 88, 91, 102, 107, 108, 112, 119, 121, 122, 124, 125, 128, 131, 134, 136, 144, 147, 148, 151, 152, 153, 155, 157, 163, 179, 182, 192, 194, 196, 198, 200, 202, 205, 209, 210, 213, 220, 221, 223, 225, 227, 228, 230, 231, 232, 233, 234, 237, 238, 239, 240, 241, 244, 246, 250, 257, 258, 263, 264, 265, 267]
x_26: [7, 8, 10, 14, 15, 17, 24, 88, 116, 225, 151, 217, 205, 3, 35, 204, 79, 107, 243, 202, 253, 51, 210, 85, 111, 159, 19, 153, 72, 129, 264, 156, 244, 27, 40, 42, 44, 45, 46, 55, 56, 57, 58, 62, 63, 65, 66, 67, 69, 70, 71, 73, 75, 76, 81, 87, 92, 93, 102, 119, 123, 124, 140, 142, 144, 146, 148, 149, 150, 152, 157, 163, 167, 169, 173, 174, 175, 178, 179, 182, 183, 185, 187, 188, 190, 192, 193, 194, 196, 197, 198, 211, 212, 213, 216, 222, 224, 226, 228, 229, 230, 231, 232, 233, 235, 239, 240, 241, 242, 245, 246, 249, 250, 255, 256, 258, 259, 260, 261, 268, 270]
x_27: [6, 8, 13, 17, 18, 23, 24, 224, 171, 267, 165, 108, 143, 21, 160, 258, 151, 255, 154, 136, 82, 149, 135, 172, 77, 133, 199, 227, 254, 87, 197, 48, 106, 163, 268, 157, 213, 56, 166, 67, 177, 124, 182, 266, 223, 43, 10, 228, 14, 144, 220, 85, 20, 200, 58, 195, 148, 26, 118, 215, 250, 29, 30, 33, 34, 37, 39, 42, 47, 49, 52, 54, 55, 59, 61, 66, 70, 71, 72, 74, 76, 80, 81, 84, 89, 90, 101, 104, 111, 113, 114, 120, 125, 126, 127, 128, 131, 132, 134, 139, 140, 142, 146, 158, 162, 167, 176, 178, 188, 190, 194, 196, 201, 207, 208, 211, 212, 216, 221, 222, 225, 230, 231, 233, 238, 240, 243, 244, 245, 247, 249, 259, 261, 264, 265]
x_28: [7, 10, 15, 16, 18, 19, 24, 262, 46, 173, 208, 92, 121, 265, 249, 37, 215, 203, 112, 131, 1, 145, 17, 134, 44, 93, 130, 230, 223, 157, 52, 153, 245, 90, 107, 65, 22, 205, 6, 258, 2, 196, 175, 50, 132, 83, 103, 38, 194, 12, 113, 3, 213, 98, 82, 114, 47, 232, 172, 129, 99, 260, 199, 127, 150, 76, 137, 186, 142, 257, 97, 54, 87, 165, 84, 135, 109, 193, 79, 255, 224, 155, 188, 183, 102, 147, 144, 29, 30, 31, 39, 40, 41, 42, 58, 59, 60, 64, 66, 67, 69, 70, 71, 72, 81, 85, 89, 91, 94, 108, 111, 115, 116, 118, 119, 125, 126, 136, 138, 140, 148, 149, 151, 158, 161, 168, 169, 174, 182, 192, 197, 201, 204, 206, 207, 210, 220, 221, 233, 237, 240, 241, 242, 247, 251, 254, 256, 259, 264, 266]
x_29: [3, 7, 8, 9, 10, 11, 15, 16, 19, 20, 24, 248, 79, 183, 73, 200, 32, 37, 134, 39, 253, 107, 233, 158, 21, 138, 173, 254, 221, 217, 188, 249, 100, 222, 201, 149, 50, 42, 83, 220, 196, 64, 193, 27, 223, 103, 58, 118, 245, 197, 89, 69, 113, 178, 166, 259, 226, 86, 194, 95, 258, 102, 128, 68, 62, 141, 191, 147, 110, 28, 160, 76, 66, 35, 81, 215, 67, 38, 99, 214, 111, 202, 251, 33, 256, 125, 105, 78, 126, 97, 133, 34, 41, 143, 92, 241, 114, 65, 61, 189, 115, 228, 171, 94, 25, 238, 239, 192, 181, 80, 235, 145, 55, 46, 117, 218, 263, 36, 44, 49, 51, 52, 57, 59, 70, 71, 72, 75, 91, 108, 112, 121, 122, 127, 129, 130, 137, 139, 140, 148, 151, 152, 153, 163, 168, 170, 182, 186, 187, 198, 199, 203, 205, 209, 211, 213, 225, 229, 230, 231, 237, 242, 247, 255, 257, 260, 264, 266]
x_30: [7, 9, 13, 16, 20, 23, 24, 253, 32, 193, 105, 28, 159, 154, 108, 220, 234, 167, 215, 125, 54, 87, 259, 27, 196, 84, 264, 254, 249, 189, 219, 15, 224, 200, 122, 266, 5, 103, 162, 19, 70, 225, 92, 232, 75, 74, 129, 48, 263, 64, 37, 197, 248, 188, 210, 113, 247, 102, 101, 174, 153, 245, 260, 121, 110, 145, 6, 46, 42, 72, 164, 184, 98, 205, 238, 44, 202, 146, 109, 183, 192, 4, 49, 229, 208, 158, 89, 169, 171, 21, 10, 94, 237, 137, 270, 140, 34, 128, 67, 212, 178, 139, 256, 198, 57, 157, 118, 136, 3, 78, 244, 77, 180, 40, 127, 80, 68, 206, 170, 100, 71, 60, 66, 18, 143, 31, 33, 36, 50, 52, 53, 62, 69, 96, 99, 111, 114, 123, 124, 130, 131, 142, 150, 151, 161, 175, 186, 187, 194, 199, 201, 204, 211, 214, 222, 223, 231, 235, 240, 241, 255, 268]
x_31: [3, 7, 16, 18, 19, 20, 23, 4, 75, 5, 33, 234, 222, 204, 159, 69, 201, 219, 185, 230, 180, 150, 244, 96, 138, 160, 118, 28, 256, 41, 238, 2, 126, 68, 199, 114, 142, 94, 112, 83, 47, 170, 178, 45, 63, 119, 105, 169, 43, 221, 183, 85, 93, 53, 182, 95, 253, 35, 129, 189, 168, 265, 37, 98, 211, 270, 255, 62, 116, 156, 72, 99, 143, 261, 24, 84, 30, 57, 137, 58, 232, 127, 240, 73, 258, 193, 46, 224, 67, 120, 220, 250, 186, 267, 32, 10, 122, 123, 213, 121, 1, 113, 262, 80, 13, 171, 71, 49, 131, 212, 22, 235, 162, 154, 200, 158, 198, 248, 151, 6, 55, 218, 38, 107, 64, 241, 109, 175, 110, 152, 147, 239, 108, 237, 44, 52, 54, 56, 66, 74, 76, 89, 90, 102, 103, 111, 124, 125, 128, 132, 136, 140, 141, 146, 148, 153, 157, 173, 179, 181, 194, 196, 202, 205, 207, 210, 214, 233, 242, 243, 246, 249, 254, 260, 268]
x_32: [6, 7, 16, 17, 18, 19, 20, 23, 29, 30, 31, 38, 155, 231, 105, 152, 213, 95, 203, 193, 238, 114, 127, 253, 8, 150, 138, 33, 34, 35, 36, 40, 41, 43, 44, 49, 50, 52, 54, 55, 61, 64, 65, 70, 71, 72, 73, 75, 79, 89, 91, 92, 97, 99, 102, 104, 107, 111, 119, 120, 121, 122, 124, 125, 131, 134, 136, 141, 142, 143, 145, 151, 154, 157, 161, 163, 168, 169, 179, 181, 186, 187, 188, 189, 192, 198, 199, 201, 204, 205, 208, 209, 210, 218, 223, 224, 225, 228, 230, 233, 234, 235, 237, 241, 242, 244, 245, 246, 247, 251, 257, 258, 259, 264, 265]
x_33: [1, 4, 6, 8, 15, 16, 17, 19, 22, 23, 29, 31, 253, 181, 57, 62, 110, 229, 199, 111, 216, 32, 91, 198, 218, 192, 270, 73, 35, 263, 82, 24, 109, 258, 239, 159, 155, 244, 69, 11, 232, 223, 177, 224, 187, 112, 139, 105, 237, 243, 213, 146, 142, 228, 34, 167, 230, 148, 266, 117, 261, 164, 128, 80, 81, 131, 211, 220, 204, 116, 70, 37, 44, 85, 240, 195, 113, 150, 201, 138, 5, 77, 221, 145, 215, 50, 250, 222, 30, 184, 163, 158, 157, 135, 141, 87, 147, 262, 174, 46, 66, 68, 197, 166, 242, 86, 14, 136, 10, 12, 238, 13, 200, 55, 64, 9, 256, 182, 210, 97, 129, 264, 52, 214, 265, 152, 48, 27, 217, 79, 180, 102, 43, 234, 186, 170, 83, 42, 107, 151, 252, 257, 268, 269, 90, 125, 235, 71, 249, 260, 202, 259, 241, 144, 245, 65, 194, 72, 226, 227, 178, 251, 38, 39, 45, 173, 143, 103, 60, 40, 49, 54, 63, 89, 94, 95, 99, 106, 114, 119, 120, 122, 123, 124, 127, 149, 153, 156, 161, 168, 172, 183, 185, 188, 205, 208, 209, 233, 254, 255]
x_34: [3, 8, 13, 14, 15, 16, 18, 19, 23, 24, 29, 30, 33, 231, 171, 258, 53, 6, 76, 209, 109, 104, 35, 83, 234, 264, 168, 151, 159, 79, 232, 27, 148, 82, 162, 130, 55, 120, 132, 254, 256, 99, 40, 68, 147, 121, 81, 90, 125, 236, 56, 2, 101, 188, 88, 139, 49, 42, 154, 119, 193, 153, 70, 155, 72, 62, 268, 52, 107, 226, 205, 51, 203, 245, 4, 241, 189, 93, 108, 103, 266, 116, 71, 222, 102, 187, 252, 117, 25, 126, 59, 186, 22, 170, 227, 230, 191, 21, 105, 133, 67, 213, 115, 197, 100, 156, 192, 128, 143, 157, 179, 80, 200, 58, 180, 32, 43, 124, 219, 194, 206, 181, 20, 182, 169, 199, 140, 262, 246, 142, 163, 220, 263, 113, 86, 216, 48, 123, 144, 95, 233, 218, 9, 75, 73, 211, 240, 260, 212, 238, 135, 150, 46, 54, 57, 64, 65, 66, 69, 74, 89, 91, 94, 96, 111, 118, 127, 129, 141, 145, 146, 164, 173, 174, 175, 183, 185, 195, 198, 204, 221, 228, 239, 244, 247, 250, 251, 257, 259, 261, 265, 267]
x_35: [7, 8, 16, 17, 19, 20, 21, 24, 26, 29, 31, 33, 34, 167, 260, 15, 72, 112, 162, 50, 84, 155, 212, 267, 74, 41, 269, 254, 219, 188, 77, 236, 208, 168, 145, 256, 40, 70, 10, 46, 106, 187, 246, 264, 76, 90, 68, 218, 39, 183, 160, 129, 185, 190, 159, 209, 205, 244, 225, 189, 78, 245, 130, 242, 25, 151, 253, 177, 229, 75, 243, 120, 171, 36, 88, 216, 210, 156, 139, 114, 6, 184, 42, 135, 249, 202, 250, 165, 196, 63, 57, 241, 230, 270, 80, 32, 97, 172, 133, 149, 224, 110, 14, 164, 150, 127, 154, 222, 180, 227, 143, 62, 191, 18, 44, 45, 49, 51, 54, 55, 59, 66, 67, 69, 91, 94, 99, 101, 102, 104, 107, 108, 109, 111, 119, 121, 122, 123, 124, 128, 131, 141, 142, 144, 148, 153, 157, 169, 173, 178, 186, 192, 193, 198, 199, 200, 215, 220, 221, 226, 228, 235, 237, 238, 239, 247, 251, 257, 258, 261, 266]
x_36: [3, 7, 8, 10, 16, 20, 22, 35, 105, 56, 133, 9, 172, 57, 205, 236, 151, 144, 191, 74, 253, 30, 54, 194, 228, 161, 4, 239, 121, 70, 77, 249, 88, 145, 177, 113, 107, 32, 233, 142, 238, 237, 241, 187, 219, 217, 116, 29, 167, 197, 256, 170, 73, 104, 138, 255, 250, 240, 164, 42, 59, 68, 214, 48, 75, 196, 50, 112, 76, 2, 58, 52, 64, 192, 203, 39, 212, 231, 154, 224, 226, 204, 69, 235, 245, 199, 55, 171, 143, 136, 23, 49, 86, 19, 168, 174, 83, 216, 225, 221, 206, 63, 15, 123, 259, 200, 66, 148, 72, 122, 102, 109, 251, 220, 1, 195, 137, 14, 270, 166, 263, 126, 41, 44, 53, 60, 65, 71, 85, 87, 89, 93, 96, 99, 108, 111, 114, 115, 124, 127, 128, 129, 131, 139, 146, 153, 158, 160, 162, 163, 173, 178, 181, 182, 186, 193, 201, 208, 210, 218, 229, 230, 232, 243, 244, 247, 261, 265, 266, 267]
x_37: [3, 5, 6, 13, 17, 19, 22, 24, 28, 29, 30, 31, 33, 67, 267, 240, 189, 129, 63, 47, 180, 208, 227, 187, 216, 260, 225, 256, 193, 15, 25, 250, 166, 119, 53, 11, 40, 92, 244, 75, 236, 39, 86, 143, 243, 96, 120, 23, 150, 228, 233, 145, 126, 156, 241, 77, 102, 101, 93, 157, 132, 87, 201, 155, 204, 48, 183, 2, 85, 65, 198, 173, 176, 74, 97, 110, 4, 146, 114, 269, 57, 104, 16, 224, 81, 88, 226, 165, 27, 229, 258, 184, 147, 66, 268, 125, 59, 232, 252, 118, 264, 163, 58, 78, 137, 215, 136, 10, 190, 257, 95, 168, 82, 18, 134, 127, 42, 44, 45, 46, 55, 56, 68, 69, 73, 76, 79, 80, 98, 99, 100, 105, 111, 112, 123, 133, 142, 148, 151, 152, 158, 167, 171, 172, 175, 182, 192, 196, 199, 202, 211, 220, 221, 223, 230, 234, 238, 242, 246, 247, 249, 261]
x_38: [4, 5, 7, 8, 13, 14, 15, 16, 17, 21, 23, 25, 28, 29, 31, 32, 33, 150, 247, 256, 173, 46, 103, 90, 180, 190, 74, 185, 100, 237, 194, 230, 39, 40, 41, 44, 45, 49, 52, 58, 59, 63, 70, 73, 75, 86, 87, 89, 96, 99, 104, 109, 111, 123, 125, 126, 127, 128, 133, 137, 139, 140, 143, 148, 151, 154, 156, 158, 159, 163, 164, 174, 179, 182, 183, 186, 187, 188, 192, 193, 195, 198, 199, 201, 202, 204, 207, 208, 209, 211, 212, 216, 218, 220, 221, 229, 231, 232, 233, 235, 238, 241, 242, 243, 251, 254, 259, 261, 262, 265, 270]
x_39: [5, 6, 7, 10, 11, 15, 17, 23, 24, 25, 29, 33, 35, 36, 37, 41, 127, 120, 49, 121, 46, 160, 268, 190, 42, 63, 185, 128, 146, 159, 64, 86, 209, 109, 238, 70, 101, 223, 38, 196, 79, 125, 155, 132, 262, 246, 198, 61, 56, 233, 247, 203, 171, 77, 138, 167, 207, 137, 165, 68, 105, 192, 241, 235, 69, 256, 261, 110, 143, 80, 163, 115, 175, 161, 213, 216, 263, 199, 72, 202, 178, 265, 204, 75, 48, 119, 103, 250, 243, 194, 130, 269, 134, 13, 88, 133, 51, 59, 245, 28, 114, 173, 176, 183, 129, 124, 210, 71, 206, 97, 76, 174, 96, 107, 27, 186, 179, 224, 117, 180, 195, 116, 240, 66, 189, 264, 215, 135, 8, 217, 122, 239, 170, 226, 267, 140, 40, 45, 52, 54, 58, 60, 65, 67, 73, 85, 90, 99, 102, 104, 108, 113, 123, 126, 136, 142, 148, 151, 153, 156, 157, 158, 164, 168, 172, 181, 187, 193, 201, 205, 211, 218, 221, 228, 230, 231, 234, 236, 237, 242, 244, 251, 258, 259, 260]
x_40: [3, 4, 5, 8, 10, 13, 16, 22, 30, 34, 35, 37, 115, 95, 228, 184, 189, 20, 94, 200, 181, 178, 210, 155, 261, 134, 235, 43, 28, 54, 138, 159, 109, 219, 103, 126, 143, 48, 214, 201, 260, 148, 150, 249, 212, 247, 63, 264, 17, 42, 166, 227, 47, 99, 226, 68, 44, 242, 26, 74, 254, 65, 224, 246, 151, 6, 129, 61, 188, 18, 120, 78, 12, 196, 171, 197, 38, 231, 158, 168, 106, 248, 33, 195, 130, 113, 194, 7, 39, 125, 215, 270, 229, 160, 259, 253, 77, 60, 255, 232, 76, 162, 205, 140, 190, 204, 111, 127, 222, 50, 15, 170, 123, 84, 262, 83, 32, 154, 179, 217, 191, 1, 256, 92, 2, 9, 136, 112, 209, 97, 104, 213, 23, 88, 107, 52, 202, 185, 87, 263, 46, 230, 49, 53, 56, 57, 62, 67, 69, 71, 85, 90, 96, 100, 102, 105, 108, 121, 122, 124, 128, 135, 144, 146, 153, 163, 164, 172, 174, 176, 183, 187, 192, 198, 199, 206, 207, 216, 218, 220, 221, 233, 240, 241, 243, 244, 245, 251, 257, 258, 267]
x_41: [7, 8, 10, 16, 17, 23, 24, 29, 31, 35, 39, 180, 227, 125, 118, 112, 138, 123, 221, 144, 121, 185, 251, 211, 104, 235, 263, 162, 120, 114, 80, 217, 64, 38, 214, 219, 196, 49, 201, 107, 109, 222, 270, 262, 242, 192, 54, 193, 151, 261, 189, 161, 91, 216, 127, 98, 117, 44, 131, 115, 253, 132, 18, 202, 177, 206, 238, 105, 28, 147, 119, 78, 74, 173, 152, 232, 218, 155, 133, 233, 169, 20, 108, 70, 181, 257, 229, 205, 129, 164, 36, 106, 198, 47, 240, 58, 71, 195, 265, 126, 248, 42, 83, 3, 236, 256, 197, 97, 32, 175, 101, 246, 92, 255, 259, 43, 45, 61, 63, 66, 67, 73, 79, 85, 86, 87, 89, 90, 95, 111, 113, 116, 128, 139, 141, 142, 143, 145, 146, 148, 153, 158, 159, 163, 172, 179, 182, 187, 191, 199, 204, 207, 208, 213, 220, 223, 225, 230, 231, 234, 243, 244, 258, 266, 267]
x_42: [4, 6, 15, 23, 24, 29, 30, 33, 34, 35, 36, 39, 40, 41, 25, 80, 99, 158, 215, 37, 95, 13, 193, 149, 262, 76, 147, 71, 88, 153, 261, 120, 230, 109, 100, 27, 106, 168, 183, 197, 203, 46, 81, 253, 79, 181, 159, 93, 21, 247, 237, 177, 178, 264, 112, 69, 124, 213, 123, 132, 154, 238, 172, 227, 9, 252, 250, 68, 14, 218, 199, 96, 194, 98, 205, 125, 248, 175, 186, 228, 266, 162, 70, 28, 242, 22, 18, 8, 245, 235, 240, 220, 208, 91, 54, 146, 156, 118, 55, 254, 144, 157, 57, 239, 72, 161, 160, 174, 19, 101, 131, 258, 115, 2, 234, 219, 130, 259, 192, 176, 92, 84, 246, 204, 47, 236, 223, 16, 155, 212, 179, 171, 265, 188, 114, 255, 191, 133, 150, 263, 151, 48, 102, 26, 268, 116, 87, 75, 222, 103, 1, 104, 224, 97, 83, 3, 44, 49, 51, 52, 59, 60, 65, 66, 73, 85, 89, 107, 108, 111, 113, 119, 126, 127, 134, 136, 137, 141, 142, 182, 185, 190, 195, 196, 198, 200, 201, 202, 209, 221, 225, 226, 231, 233, 241, 244, 249, 267]
x_43: [3, 6, 12, 13, 14, 15, 17, 22, 23, 24, 27, 31, 33, 34, 40, 126, 32, 202, 58, 190, 192, 69, 195, 268, 49, 163, 251, 2, 240, 121, 207, 41, 46, 52, 53, 54, 59, 61, 65, 66, 70, 71, 73, 75, 79, 90, 91, 95, 101, 112, 113, 114, 116, 119, 123, 124, 125, 127, 129, 131, 134, 140, 142, 143, 144, 146, 151, 153, 155, 157, 167, 172, 181, 182, 183, 186, 193, 196, 197, 199, 201, 204, 205, 210, 211, 216, 218, 220, 221, 223, 227, 230, 231, 233, 241, 243, 247, 254, 256, 258, 261, 270]
x_44: [3, 6, 7, 10, 15, 18, 20, 21, 22, 23, 28, 30, 33, 40, 41, 193, 177, 264, 151, 119, 204, 255, 207, 190, 26, 32, 209, 220, 81, 75, 170, 98, 73, 252, 212, 161, 4, 188, 191, 186, 42, 197, 68, 19, 159, 136, 171, 66, 71, 123, 163, 108, 228, 102, 210, 160, 94, 236, 13, 92, 63, 17, 213, 150, 263, 109, 37, 269, 218, 138, 241, 226, 239, 176, 55, 154, 118, 122, 60, 106, 202, 208, 250, 79, 184, 11, 247, 31, 128, 146, 89, 260, 35, 45, 134, 267, 155, 67, 162, 76, 257, 1, 36, 185, 245, 25, 233, 142, 183, 230, 178, 90, 91, 203, 100, 115, 80, 179, 53, 50, 46, 165, 148, 225, 237, 77, 156, 139, 147, 251, 166, 135, 149, 224, 114, 125, 200, 38, 206, 65, 130, 121, 174, 133, 196, 54, 124, 249, 262, 240, 223, 69, 194, 29, 2, 229, 168, 96, 110, 103, 227, 47, 49, 52, 56, 72, 83, 88, 99, 107, 111, 113, 116, 126, 140, 141, 143, 144, 152, 181, 182, 189, 192, 195, 198, 201, 211, 214, 216, 221, 222, 231, 238, 242, 244, 246, 254, 258, 259, 261, 265, 270]
x_45: [1, 8, 16, 17, 19, 24, 31, 33, 44, 141, 83, 154, 37, 246, 125, 49, 256, 62, 231, 259, 86, 58, 167, 268, 194, 115, 267, 50, 118, 244, 129, 264, 155, 11, 171, 197, 221, 79, 257, 230, 35, 132, 210, 63, 61, 137, 48, 177, 39, 201, 241, 81, 205, 22, 134, 204, 198, 232, 67, 38, 207, 108, 55, 237, 101, 208, 223, 14, 144, 12, 23, 250, 215, 91, 97, 193, 146, 41, 212, 75, 240, 82, 153, 21, 150, 269, 168, 151, 84, 253, 136, 216, 18, 152, 26, 178, 103, 176, 93, 126, 71, 47, 80, 158, 162, 243, 195, 121, 270, 73, 54, 214, 5, 199, 112, 68, 53, 56, 57, 65, 66, 70, 76, 88, 89, 102, 104, 109, 119, 123, 127, 128, 130, 133, 140, 143, 164, 172, 173, 183, 186, 187, 188, 196, 206, 209, 213, 219, 222, 227, 228, 233, 238, 242, 247, 251, 261, 263]
x_46: [5, 6, 8, 10, 12, 13, 16, 17, 18, 19, 20, 22, 23, 28, 29, 30, 31, 33, 35, 38, 39, 40, 42, 44, 91, 57, 58, 153, 90, 181, 242, 255, 270, 83, 137, 123, 136, 37, 261, 167, 126, 113, 135, 68, 237, 183, 67, 128, 156, 218, 229, 253, 89, 194, 256, 161, 158, 143, 82, 184, 189, 48, 220, 125, 187, 49, 34, 188, 160, 182, 266, 7, 198, 50, 2, 92, 56, 111, 192, 263, 71, 206, 95, 225, 264, 140, 246, 94, 78, 62, 69, 203, 115, 148, 55, 26, 112, 4, 227, 99, 193, 77, 174, 191, 100, 217, 85, 257, 240, 120, 43, 72, 185, 267, 268, 102, 231, 51, 211, 66, 249, 259, 118, 87, 84, 221, 138, 178, 104, 152, 122, 53, 169, 157, 65, 212, 163, 146, 127, 15, 245, 105, 205, 226, 208, 230, 132, 98, 171, 141, 106, 76, 232, 195, 262, 149, 101, 236, 241, 61, 165, 154, 81, 142, 260, 265, 52, 63, 73, 75, 97, 108, 121, 129, 131, 133, 134, 144, 150, 151, 168, 172, 176, 197, 199, 202, 210, 219, 223, 224, 233, 234, 235, 239, 243, 244, 251]
x_47: [3, 4, 5, 6, 7, 8, 10, 19, 20, 21, 23, 24, 28, 31, 37, 40, 41, 42, 45, 44, 206, 205, 137, 98, 252, 184, 193, 260, 58, 122, 251, 198, 135, 84, 202, 51, 27, 109, 177, 93, 90, 149, 60, 120, 215, 148, 81, 75, 69, 168, 63, 172, 253, 104, 160, 91, 170, 99, 217, 57, 138, 92, 50, 52, 53, 65, 70, 71, 73, 76, 89, 96, 102, 105, 107, 108, 112, 113, 115, 118, 119, 123, 124, 126, 127, 128, 134, 139, 142, 143, 144, 146, 151, 152, 153, 157, 163, 164, 171, 173, 174, 176, 179, 183, 185, 186, 187, 188, 189, 190, 192, 194, 208, 210, 212, 213, 214, 216, 230, 231, 233, 234, 238, 239, 241, 242, 244, 245, 249, 254, 256, 257, 258, 261, 263, 267, 270]
x_48: [5, 7, 10, 16, 18, 19, 27, 30, 33, 34, 36, 37, 39, 40, 42, 45, 46, 258, 156, 49, 51, 52, 53, 54, 57, 69, 70, 74, 79, 88, 89, 90, 98, 99, 107, 112, 114, 119, 124, 125, 126, 128, 131, 133, 138, 139, 142, 143, 144, 145, 146, 148, 150, 151, 155, 157, 166, 168, 171, 178, 182, 185, 186, 187, 188, 192, 194, 196, 197, 198, 202, 208, 209, 211, 213, 216, 220, 221, 224, 225, 227, 230, 233, 234, 237, 239, 242, 244, 251, 259, 268, 270]
x_49: [1, 7, 10, 12, 13, 17, 19, 20, 24, 30, 31, 34, 36, 39, 41, 43, 45, 46, 198, 207, 33, 163, 173, 70, 133, 138, 226, 82, 237, 99, 197, 241, 48, 227, 63, 96, 132, 159, 211, 151, 153, 103, 183, 67, 111, 54, 221, 135, 122, 68, 35, 27, 229, 129, 126, 182, 87, 93, 97, 23, 259, 265, 6, 210, 253, 123, 268, 124, 56, 167, 219, 91, 264, 157, 16, 236, 175, 225, 256, 243, 84, 224, 32, 269, 169, 25, 79, 244, 101, 200, 240, 92, 116, 85, 233, 102, 204, 38, 270, 206, 3, 73, 205, 174, 107, 53, 40, 104, 180, 181, 22, 223, 83, 69, 114, 50, 4, 148, 201, 149, 59, 61, 248, 29, 55, 238, 137, 168, 65, 160, 235, 42, 220, 261, 44, 217, 260, 213, 142, 8, 230, 90, 155, 75, 52, 57, 71, 72, 74, 76, 86, 88, 89, 108, 109, 120, 127, 130, 134, 140, 143, 144, 146, 147, 152, 154, 164, 184, 186, 187, 188, 192, 193, 194, 199, 208, 209, 212, 215, 216, 242, 247, 250, 251, 254]
x_50: [3, 7, 8, 17, 18, 19, 20, 24, 28, 29, 33, 35, 36, 40, 44, 45, 46, 49, 95, 47, 86, 88, 209, 87, 110, 216, 130, 174, 79, 119, 213, 169, 6, 150, 30, 58, 116, 16, 219, 266, 90, 10, 226, 217, 76, 187, 206, 254, 144, 63, 258, 148, 13, 151, 270, 32, 147, 56, 59, 64, 65, 68, 69, 70, 72, 75, 91, 93, 105, 106, 108, 112, 114, 120, 121, 124, 125, 126, 129, 131, 132, 133, 134, 136, 137, 139, 143, 146, 155, 159, 164, 168, 171, 179, 181, 182, 186, 192, 195, 196, 197, 198, 199, 201, 208, 218, 220, 221, 225, 227, 228, 230, 233, 238, 239, 242, 243, 245, 249, 256, 259, 260, 261, 264, 265]
x_51: [3, 7, 8, 10, 13, 15, 16, 20, 23, 24, 26, 34, 39, 46, 47, 48, 190, 183, 59, 259, 231, 141, 18, 29, 140, 174, 179, 126, 144, 251, 136, 35, 118, 210, 195, 241, 84, 212, 235, 223, 114, 234, 263, 42, 52, 55, 56, 58, 60, 61, 65, 66, 68, 70, 71, 72, 76, 81, 85, 88, 89, 90, 93, 94, 102, 104, 108, 109, 112, 113, 121, 122, 123, 124, 125, 129, 131, 134, 138, 143, 146, 147, 148, 150, 151, 153, 154, 155, 156, 158, 160, 163, 168, 171, 180, 181, 182, 186, 187, 192, 193, 194, 197, 199, 202, 204, 208, 211, 215, 216, 218, 220, 221, 222, 225, 228, 229, 230, 232, 233, 238, 239, 242, 244, 245, 247, 249, 254, 255, 258, 260, 261, 265, 266, 267, 268]
x_52: [1, 4, 5, 6, 7, 9, 10, 11, 14, 18, 28, 33, 34, 36, 40, 203, 195, 97, 103, 69, 20, 74, 234, 180, 181, 49, 130, 124, 164, 159, 131, 223, 233, 136, 175, 43, 138, 218, 80, 119, 191, 198, 3, 121, 90, 114, 62, 99, 22, 212, 176, 239, 111, 32, 19, 193, 112, 201, 150, 88, 143, 186, 117, 113, 194, 73, 185, 146, 270, 183, 27, 269, 30, 47, 174, 157, 266, 147, 265, 166, 86, 77, 78, 155, 217, 135, 258, 188, 227, 230, 29, 211, 64, 153, 257, 93, 38, 58, 123, 149, 53, 67, 251, 170, 61, 95, 255, 261, 48, 208, 156, 235, 125, 68, 81, 182, 16, 232, 71, 196, 137, 31, 145, 55, 245, 60, 44, 169, 173, 226, 179, 140, 8, 190, 151, 252, 259, 220, 256, 242, 177, 210, 51, 39, 118, 167, 106, 214, 222, 192, 92, 199, 240, 82, 215, 102, 94, 42, 46, 98, 132, 205, 139, 216, 122, 109, 107, 57, 63, 65, 76, 84, 91, 96, 105, 108, 120, 126, 129, 134, 141, 142, 148, 152, 161, 162, 163, 168, 178, 209, 238, 241, 243, 244, 262, 267, 268]
x_53: [1, 4, 8, 9, 10, 13, 16, 18, 23, 31, 34, 37, 44, 46, 49, 52, 99, 216, 48, 196, 187, 186, 45, 265, 236, 101, 143, 183, 184, 15, 97, 126, 218, 167, 189, 226, 237, 57, 19, 108, 176, 40, 221, 130, 125, 30, 160, 76, 185, 43, 157, 227, 245, 84, 123, 102, 168, 47, 200, 211, 261, 194, 225, 145, 264, 98, 72, 153, 250, 180, 204, 95, 17, 253, 202, 80, 71, 94, 263, 36, 267, 201, 182, 213, 90, 209, 141, 120, 192, 5, 56, 59, 63, 66, 69, 73, 79, 85, 88, 93, 96, 107, 111, 113, 114, 115, 119, 122, 124, 127, 128, 129, 133, 139, 152, 154, 155, 158, 171, 172, 179, 193, 198, 199, 205, 207, 210, 212, 215, 230, 231, 239, 240, 241, 242, 243, 244, 247, 251, 256, 257, 258, 259, 266, 268]
x_54: [3, 4, 8, 10, 15, 19, 24, 28, 30, 36, 40, 41, 42, 44, 45, 49, 148, 257, 138, 75, 106, 239, 20, 139, 59, 27, 35, 255, 70, 250, 237, 200, 116, 213, 87, 149, 233, 23, 80, 258, 98, 107, 83, 110, 65, 193, 9, 208, 189, 185, 171, 78, 165, 166, 174, 31, 84, 48, 14, 97, 270, 211, 57, 135, 265, 224, 236, 111, 2, 151, 216, 33, 172, 177, 206, 32, 68, 105, 7, 229, 56, 17, 34, 6, 5, 73, 262, 121, 223, 191, 109, 126, 43, 112, 85, 155, 67, 39, 231, 133, 127, 89, 123, 218, 143, 245, 214, 99, 58, 181, 146, 152, 261, 259, 220, 25, 160, 198, 63, 71, 72, 91, 101, 108, 114, 115, 120, 122, 124, 125, 131, 136, 140, 142, 144, 153, 157, 168, 173, 180, 182, 194, 201, 202, 209, 221, 222, 228, 230, 234, 240, 243, 247, 251, 256, 260, 263, 264]
x_55: [6, 7, 8, 9, 10, 11, 18, 19, 20, 23, 24, 25, 29, 31, 33, 34, 36, 42, 44, 45, 46, 49, 52, 76, 226, 259, 214, 116, 130, 213, 173, 160, 89, 22, 58, 225, 63, 244, 179, 142, 62, 161, 196, 85, 267, 230, 256, 176, 64, 165, 51, 125, 254, 249, 86, 32, 220, 170, 157, 126, 182, 75, 37, 97, 91, 184, 224, 135, 108, 83, 208, 270, 95, 90, 123, 238, 74, 145, 166, 164, 124, 100, 17, 73, 67, 14, 27, 180, 111, 81, 191, 172, 266, 80, 247, 239, 5, 15, 190, 105, 231, 26, 114, 153, 103, 92, 99, 102, 70, 12, 245, 35, 233, 178, 211, 56, 237, 167, 198, 228, 1, 152, 144, 156, 77, 255, 60, 199, 269, 158, 4, 57, 66, 68, 71, 72, 87, 88, 113, 115, 120, 128, 129, 134, 138, 146, 147, 148, 151, 155, 162, 169, 181, 183, 185, 187, 192, 194, 195, 197, 201, 204, 205, 207, 210, 218, 221, 222, 223, 229, 234, 242, 246, 251, 257, 260, 261, 264, 265, 268]
x_56: [1, 3, 4, 6, 11, 14, 16, 23, 24, 25, 27, 34, 36, 39, 46, 49, 54, 55, 198, 143, 187, 110, 220, 232, 258, 26, 67, 139, 18, 50, 203, 254, 251, 77, 58, 129, 94, 31, 238, 37, 173, 239, 81, 250, 192, 132, 153, 248, 89, 155, 268, 15, 91, 125, 200, 40, 63, 152, 51, 130, 114, 186, 231, 166, 267, 229, 223, 45, 270, 240, 242, 196, 243, 195, 197, 193, 171, 253, 221, 44, 199, 260, 170, 21, 259, 90, 209, 105, 219, 163, 252, 201, 53, 88, 208, 80, 131, 111, 71, 176, 10, 160, 20, 138, 211, 57, 60, 70, 72, 75, 76, 85, 93, 102, 104, 108, 109, 112, 121, 123, 127, 128, 141, 142, 144, 146, 154, 156, 157, 161, 164, 172, 174, 178, 182, 183, 190, 204, 207, 214, 216, 222, 226, 227, 230, 237, 241, 244, 247, 255, 256, 261, 264]
x_57: [3, 7, 10, 15, 19, 22, 23, 24, 30, 31, 33, 35, 36, 37, 42, 46, 47, 53, 54, 151, 166, 130, 96, 269, 110, 56, 81, 62, 104, 71, 267, 233, 59, 127, 91, 214, 216, 85, 21, 169, 165, 88, 76, 189, 215, 168, 125, 247, 145, 139, 266, 259, 257, 115, 83, 34, 128, 72, 193, 87, 11, 49, 18, 29, 256, 238, 13, 253, 135, 146, 142, 196, 246, 61, 45, 160, 194, 223, 101, 121, 270, 79, 149, 106, 52, 180, 138, 114, 184, 82, 156, 171, 187, 40, 236, 240, 170, 150, 268, 262, 66, 14, 105, 222, 159, 95, 55, 5, 112, 161, 163, 118, 178, 201, 26, 234, 103, 237, 80, 200, 107, 174, 122, 254, 205, 239, 181, 173, 227, 244, 250, 148, 258, 119, 48, 155, 84, 231, 109, 137, 4, 97, 8, 136, 133, 20, 65, 67, 69, 70, 73, 75, 89, 94, 98, 108, 113, 123, 124, 129, 131, 134, 143, 144, 154, 172, 175, 176, 182, 185, 186, 190, 204, 206, 210, 213, 220, 221, 224, 225, 230, 235, 242, 245, 255, 261, 264]
x_58: [4, 7, 8, 10, 13, 16, 19, 20, 22, 24, 27, 29, 31, 34, 36, 37, 41, 43, 45, 46, 47, 50, 52, 54, 55, 56, 243, 111, 203, 166, 154, 250, 263, 132, 135, 83, 207, 256, 116, 121, 209, 229, 39, 199, 1, 98, 181, 101, 242, 28, 92, 162, 259, 131, 106, 270, 75, 90, 168, 72, 89, 2, 171, 260, 14, 247, 238, 38, 88, 139, 266, 212, 150, 103, 93, 164, 51, 156, 144, 107, 102, 163, 205, 191, 239, 130, 244, 11, 245, 6, 127, 65, 26, 61, 63, 66, 69, 70, 73, 76, 79, 99, 115, 119, 120, 125, 129, 134, 136, 142, 148, 151, 152, 159, 161, 178, 182, 185, 186, 189, 190, 192, 194, 196, 201, 202, 204, 208, 210, 216, 220, 221, 225, 227, 231, 233, 234, 251, 254, 258, 261, 265, 267]
x_59: [3, 4, 10, 11, 14, 15, 16, 22, 24, 25, 34, 36, 37, 39, 49, 51, 54, 57, 119, 28, 154, 190, 53, 50, 142, 144, 79, 121, 80, 245, 29, 211, 226, 7, 170, 223, 153, 250, 27, 163, 218, 87, 186, 124, 35, 75, 164, 203, 159, 166, 188, 73, 108, 214, 111, 42, 88, 8, 43, 233, 38, 65, 66, 68, 72, 76, 78, 81, 96, 99, 102, 104, 109, 110, 113, 120, 122, 123, 125, 126, 127, 129, 139, 141, 143, 148, 157, 161, 167, 173, 174, 181, 182, 183, 185, 189, 193, 194, 197, 198, 201, 202, 205, 208, 210, 220, 222, 224, 225, 229, 231, 235, 239, 241, 242, 257, 266, 267]
x_60: [4, 7, 8, 9, 10, 16, 17, 19, 20, 30, 33, 40, 44, 47, 52, 55, 184, 270, 89, 94, 214, 39, 237, 56, 2, 247, 187, 207, 74, 72, 122, 200, 168, 97, 159, 226, 106, 233, 78, 132, 28, 84, 101, 252, 22, 205, 177, 245, 260, 213, 114, 100, 42, 80, 254, 111, 255, 138, 202, 64, 259, 36, 51, 178, 87, 102, 219, 210, 267, 126, 194, 209, 18, 21, 99, 191, 208, 165, 142, 232, 201, 90, 66, 221, 179, 188, 192, 257, 223, 189, 172, 109, 92, 147, 256, 217, 86, 61, 62, 63, 65, 68, 73, 79, 93, 96, 104, 105, 107, 108, 121, 123, 124, 125, 127, 128, 133, 134, 135, 144, 145, 146, 148, 151, 153, 154, 158, 161, 170, 174, 175, 182, 185, 186, 190, 196, 199, 204, 212, 222, 225, 229, 230, 231, 238, 242, 244, 249, 250, 251, 258, 261, 268]
x_61: [1, 6, 7, 8, 10, 12, 18, 19, 20, 24, 29, 39, 40, 45, 46, 49, 52, 57, 184, 241, 229, 99, 63, 165, 9, 220, 114, 225, 159, 216, 142, 41, 102, 232, 58, 3, 115, 123, 17, 256, 170, 105, 98, 15, 154, 144, 69, 190, 231, 217, 169, 32, 261, 156, 43, 238, 82, 108, 269, 150, 147, 51, 130, 83, 91, 270, 86, 155, 204, 119, 211, 88, 125, 112, 77, 148, 60, 157, 68, 208, 203, 64, 27, 239, 120, 116, 129, 214, 236, 145, 65, 66, 70, 71, 81, 87, 89, 93, 101, 109, 111, 113, 122, 124, 126, 127, 133, 134, 140, 151, 152, 153, 160, 164, 166, 167, 171, 172, 173, 174, 179, 180, 181, 183, 186, 188, 192, 193, 194, 197, 198, 199, 201, 205, 210, 213, 222, 237, 240, 245, 246, 247, 249, 253, 257, 259, 266]
x_62: [1, 6, 8, 11, 13, 15, 16, 19, 22, 23, 24, 29, 31, 33, 34, 35, 45, 46, 52, 55, 57, 263, 67, 17, 79, 5, 266, 130, 90, 18, 178, 247, 96, 119, 167, 95, 109, 89, 253, 127, 65, 107, 264, 172, 208, 235, 136, 94, 60, 147, 256, 26, 160, 190, 123, 132, 98, 84, 174, 143, 166, 186, 40, 110, 202, 108, 7, 238, 204, 194, 179, 30, 73, 74, 77, 85, 99, 100, 102, 105, 112, 114, 116, 124, 125, 128, 129, 138, 141, 142, 148, 150, 151, 157, 161, 164, 168, 169, 171, 182, 195, 197, 200, 201, 210, 212, 216, 218, 221, 222, 223, 225, 230, 232, 233, 240, 241, 242, 251, 254, 257, 258, 259, 261, 265, 268]
x_63: [6, 8, 10, 11, 13, 15, 31, 35, 36, 37, 39, 40, 44, 45, 47, 49, 50, 55, 56, 61, 209, 192, 206, 95, 156, 101, 46, 16, 218, 20, 235, 3, 207, 104, 244, 132, 108, 115, 72, 170, 123, 135, 19, 198, 149, 9, 240, 14, 89, 128, 208, 228, 79, 110, 98, 214, 184, 189, 33, 113, 66, 142, 178, 168, 136, 212, 182, 117, 233, 261, 164, 97, 180, 166, 138, 194, 230, 111, 167, 246, 225, 25, 154, 65, 262, 200, 151, 165, 75, 127, 26, 155, 238, 259, 177, 77, 256, 17, 201, 224, 105, 191, 221, 231, 197, 94, 263, 96, 52, 185, 93, 190, 73, 82, 120, 41, 252, 220, 245, 121, 102, 146, 86, 232, 58, 53, 130, 157, 237, 116, 213, 38, 175, 239, 222, 195, 205, 204, 54, 187, 181, 203, 250, 106, 60, 176, 129, 160, 67, 70, 71, 88, 90, 91, 99, 107, 139, 140, 148, 152, 153, 158, 163, 172, 174, 183, 188, 196, 202, 210, 211, 215, 216, 223, 234, 249, 254, 257, 260]
x_64: [6, 18, 19, 24, 29, 30, 31, 33, 36, 39, 41, 52, 55, 60, 61, 130, 123, 50, 154, 268, 214, 165, 183, 80, 269, 236, 259, 117, 161, 107, 169, 66, 71, 203, 145, 16, 209, 188, 22, 257, 237, 234, 152, 205, 207, 170, 250, 11, 77, 162, 34, 185, 28, 32, 197, 111, 72, 220, 120, 146, 175, 3, 116, 109, 136, 208, 241, 239, 9, 230, 233, 219, 112, 224, 88, 90, 65, 67, 69, 75, 79, 85, 89, 101, 102, 114, 118, 121, 122, 125, 126, 127, 129, 137, 142, 144, 153, 158, 160, 192, 194, 196, 199, 202, 204, 210, 211, 216, 217, 218, 222, 225, 229, 232, 242, 244, 245, 251, 254, 262, 264, 265, 267, 270]
x_65: [3, 4, 6, 7, 8, 10, 11, 15, 16, 19, 24, 28, 29, 33, 37, 40, 44, 46, 49, 54, 58, 62, 63, 182, 267, 12, 111, 57, 192, 21, 230, 34, 167, 50, 47, 266, 188, 118, 171, 67, 125, 180, 121, 137, 126, 261, 201, 134, 144, 256, 60, 250, 211, 32, 177, 189, 136, 103, 220, 196, 87, 36, 228, 145, 241, 104, 169, 197, 88, 186, 129, 66, 114, 82, 2, 64, 72, 68, 260, 26, 174, 242, 238, 9, 200, 75, 195, 45, 69, 152, 78, 52, 227, 99, 269, 185, 225, 59, 97, 13, 157, 214, 89, 91, 25, 159, 86, 1, 120, 216, 73, 262, 240, 252, 17, 76, 131, 183, 239, 246, 254, 172, 96, 222, 161, 248, 153, 143, 257, 193, 268, 115, 176, 158, 142, 164, 43, 85, 191, 42, 245, 187, 163, 39, 265, 263, 105, 106, 213, 236, 170, 162, 92, 119, 215, 61, 51, 209, 98, 251, 71, 79, 94, 100, 101, 102, 108, 112, 116, 124, 128, 146, 151, 155, 168, 173, 190, 194, 199, 204, 205, 207, 208, 219, 226, 231, 232, 234, 244, 249, 259, 270]
x_66: [7, 8, 10, 15, 16, 19, 20, 23, 24, 29, 30, 33, 36, 37, 39, 44, 46, 57, 60, 63, 64, 65, 240, 134, 53, 173, 175, 234, 199, 144, 202, 170, 35, 155, 71, 133, 11, 76, 93, 96, 196, 127, 207, 88, 150, 178, 204, 59, 195, 186, 117, 109, 41, 188, 182, 198, 85, 112, 108, 239, 113, 237, 132, 248, 116, 201, 89, 26, 120, 164, 162, 55, 214, 242, 72, 21, 140, 183, 176, 254, 145, 149, 12, 187, 119, 151, 249, 99, 95, 3, 165, 68, 259, 27, 101, 87, 115, 78, 125, 128, 147, 265, 217, 77, 194, 90, 197, 258, 80, 86, 241, 34, 166, 31, 255, 229, 74, 58, 100, 137, 143, 22, 247, 42, 222, 223, 1, 138, 122, 105, 82, 257, 142, 191, 200, 9, 193, 152, 154, 61, 243, 184, 114, 5, 79, 130, 246, 70, 51, 185, 126, 230, 228, 203, 220, 225, 25, 98, 270, 224, 146, 216, 17, 168, 129, 45, 167, 73, 28, 43, 94, 252, 174, 250, 131, 104, 221, 206, 75, 84, 91, 92, 102, 111, 121, 123, 124, 135, 136, 148, 157, 158, 161, 163, 171, 172, 192, 205, 210, 211, 212, 251, 261, 266, 268]
x_67: [3, 7, 8, 9, 13, 15, 16, 19, 20, 23, 27, 29, 30, 31, 34, 37, 44, 45, 46, 49, 52, 54, 55, 56, 62, 65, 40, 136, 110, 222, 101, 158, 35, 2, 14, 75, 231, 81, 26, 24, 123, 115, 232, 125, 218, 118, 188, 269, 183, 223, 18, 184, 5, 113, 246, 207, 111, 241, 144, 87, 189, 150, 4, 206, 202, 57, 84, 143, 185, 146, 100, 197, 39, 236, 25, 79, 80, 72, 233, 89, 77, 161, 121, 64, 186, 130, 91, 28, 154, 73, 90, 235, 17, 221, 63, 93, 41, 21, 173, 245, 139, 247, 261, 128, 160, 212, 12, 152, 225, 104, 76, 68, 70, 96, 99, 102, 107, 109, 117, 131, 134, 140, 142, 151, 153, 155, 157, 163, 164, 167, 171, 172, 175, 176, 181, 187, 194, 195, 199, 201, 205, 210, 224, 227, 228, 234, 237, 239, 240, 242, 243, 244, 251, 256, 258, 262, 264, 267, 268, 270]
x_68: [8, 10, 13, 18, 19, 20, 23, 29, 30, 31, 33, 34, 35, 36, 39, 40, 42, 44, 45, 46, 49, 52, 54, 61, 65, 66, 112, 256, 3, 51, 176, 16, 264, 163, 128, 67, 103, 270, 179, 108, 172, 82, 213, 227, 87, 202, 186, 192, 156, 136, 100, 182, 60, 85, 76, 142, 90, 135, 126, 115, 239, 106, 129, 139, 252, 162, 88, 189, 159, 7, 196, 210, 146, 75, 93, 185, 113, 190, 211, 130, 225, 200, 177, 236, 198, 37, 184, 55, 180, 229, 145, 217, 148, 247, 222, 74, 97, 205, 72, 266, 164, 17, 249, 161, 241, 216, 89, 170, 125, 151, 165, 50, 206, 160, 22, 9, 109, 71, 233, 183, 228, 174, 4, 59, 98, 199, 121, 245, 223, 203, 226, 234, 224, 152, 70, 73, 83, 96, 99, 101, 102, 111, 120, 122, 124, 127, 132, 140, 144, 153, 154, 167, 168, 171, 191, 193, 194, 197, 201, 204, 207, 214, 218, 220, 221, 230, 231, 238, 243, 244, 254, 255, 260, 265, 269]
x_69: [3, 8, 10, 12, 13, 15, 17, 18, 19, 20, 23, 24, 29, 31, 33, 36, 39, 42, 43, 44, 46, 47, 49, 52, 61, 65, 249, 34, 80, 48, 53, 204, 92, 191, 94, 220, 268, 9, 117, 223, 267, 235, 26, 111, 189, 169, 57, 73, 120, 6, 248, 85, 252, 145, 104, 134, 133, 233, 154, 168, 247, 228, 25, 187, 239, 250, 186, 177, 101, 79, 37, 40, 160, 209, 211, 161, 136, 265, 139, 64, 198, 116, 243, 71, 264, 181, 123, 83, 226, 227, 203, 149, 2, 171, 95, 146, 195, 105, 153, 183, 132, 109, 196, 58, 192, 199, 178, 35, 118, 269, 212, 164, 170, 30, 143, 193, 200, 270, 121, 131, 112, 174, 50, 97, 266, 218, 172, 84, 28, 70, 75, 76, 77, 87, 88, 89, 91, 96, 98, 99, 102, 107, 108, 114, 119, 124, 128, 130, 142, 144, 147, 148, 151, 155, 156, 157, 167, 179, 182, 194, 197, 201, 205, 208, 210, 213, 221, 225, 231, 237, 238, 240, 241, 242, 245, 254, 260, 261]
x_70: [3, 4, 6, 9, 16, 17, 22, 30, 33, 34, 35, 36, 39, 41, 42, 49, 54, 55, 66, 243, 118, 245, 43, 179, 222, 87, 180, 56, 170, 109, 26, 63, 69, 61, 105, 169, 72, 239, 194, 160, 234, 75, 191, 244, 240, 228, 207, 20, 182, 67, 168, 250, 212, 2, 32, 128, 27, 196, 150, 270, 24, 108, 116, 198, 165, 178, 231, 189, 21, 78, 28, 14, 51, 210, 163, 125, 269, 121, 102, 238, 232, 225, 205, 7, 154, 148, 126, 140, 164, 130, 38, 135, 103, 213, 82, 221, 114, 200, 167, 195, 223, 263, 255, 122, 246, 90, 161, 177, 117, 197, 58, 145, 132, 206, 143, 99, 106, 91, 100, 159, 119, 188, 79, 236, 73, 175, 29, 107, 260, 77, 68, 235, 23, 162, 45, 141, 47, 12, 266, 83, 158, 241, 133, 237, 153, 185, 111, 48, 149, 144, 57, 142, 220, 5, 50, 18, 94, 171, 229, 71, 84, 85, 88, 96, 104, 113, 120, 123, 129, 155, 156, 172, 174, 176, 186, 192, 193, 201, 208, 209, 211, 214, 224, 227, 233, 251, 257, 261, 264, 265, 267]
x_71: [6, 7, 13, 18, 19, 21, 22, 24, 30, 31, 33, 34, 39, 41, 42, 44, 45, 46, 52, 53, 56, 57, 64, 66, 68, 69, 267, 260, 29, 207, 217, 264, 51, 179, 197, 221, 75, 154, 115, 195, 232, 244, 212, 85, 27, 113, 63, 32, 245, 189, 87, 117, 249, 214, 240, 191, 143, 90, 108, 255, 114, 238, 176, 109, 92, 28, 49, 224, 55, 98, 208, 40, 225, 229, 216, 54, 227, 222, 175, 228, 256, 135, 220, 250, 47, 165, 204, 123, 26, 128, 155, 190, 259, 107, 140, 215, 156, 65, 144, 138, 121, 8, 61, 172, 70, 234, 133, 116, 153, 210, 86, 96, 149, 89, 73, 203, 25, 161, 254, 186, 266, 74, 226, 124, 80, 131, 265, 252, 170, 213, 102, 142, 205, 4, 110, 185, 43, 17, 94, 251, 200, 118, 122, 12, 239, 164, 103, 76, 134, 248, 192, 93, 181, 262, 36, 125, 111, 169, 166, 139, 91, 99, 101, 112, 126, 130, 136, 141, 146, 148, 151, 157, 158, 167, 194, 202, 211, 219, 230, 235, 241, 257, 263]
x_72: [6, 8, 10, 13, 20, 24, 26, 30, 31, 33, 34, 35, 36, 39, 42, 46, 53, 57, 58, 60, 63, 64, 65, 66, 67, 68, 70, 206, 23, 236, 261, 135, 223, 165, 18, 185, 154, 116, 25, 265, 101, 136, 107, 54, 250, 50, 9, 104, 98, 180, 208, 109, 122, 94, 49, 128, 120, 2, 178, 15, 192, 21, 89, 44, 242, 150, 19, 130, 239, 11, 117, 86, 263, 212, 177, 96, 230, 170, 56, 197, 27, 111, 231, 216, 222, 97, 203, 74, 119, 183, 187, 169, 157, 110, 17, 173, 225, 99, 153, 4, 248, 28, 220, 29, 190, 145, 217, 270, 142, 200, 108, 55, 51, 161, 112, 160, 209, 243, 32, 174, 59, 189, 181, 91, 141, 211, 79, 1, 215, 219, 224, 81, 73, 229, 75, 76, 102, 106, 121, 124, 125, 127, 129, 139, 143, 144, 146, 148, 158, 163, 164, 168, 172, 182, 186, 193, 196, 199, 205, 221, 228, 235, 238, 240, 241, 244, 253, 254, 257, 259, 266, 267]
x_73: [5, 6, 10, 17, 20, 24, 25, 29, 31, 33, 34, 36, 44, 45, 49, 52, 54, 55, 59, 63, 65, 66, 67, 69, 70, 71, 72, 134, 149, 92, 245, 124, 88, 1, 158, 132, 57, 93, 11, 183, 4, 184, 267, 76, 262, 14, 265, 81, 219, 195, 240, 211, 259, 41, 47, 95, 168, 264, 198, 151, 85, 127, 232, 8, 99, 116, 258, 79, 147, 107, 157, 163, 251, 18, 222, 91, 146, 194, 74, 87, 205, 68, 166, 270, 202, 248, 141, 238, 159, 3, 181, 140, 209, 244, 249, 26, 123, 225, 122, 214, 223, 138, 220, 171, 204, 7, 255, 175, 160, 15, 201, 212, 268, 197, 39, 42, 165, 136, 62, 96, 137, 22, 84, 105, 12, 129, 213, 208, 101, 108, 117, 226, 120, 257, 235, 90, 185, 172, 237, 97, 38, 53, 21, 189, 60, 152, 170, 191, 58, 176, 102, 188, 241, 233, 242, 269, 179, 186, 261, 229, 155, 180, 121, 119, 177, 37, 43, 243, 239, 46, 234, 215, 32, 114, 203, 9, 253, 224, 154, 228, 109, 125, 250, 161, 162, 80, 104, 118, 126, 128, 130, 148, 173, 174, 182, 187, 192, 199, 207, 210, 216, 218, 221, 230, 247, 254, 256, 266]
x_74: [10, 12, 13, 17, 19, 24, 30, 35, 36, 37, 38, 40, 41, 52, 55, 60, 66, 68, 71, 72, 73, 157, 89, 1, 263, 104, 260, 262, 31, 137, 242, 49, 134, 171, 153, 143, 186, 117, 99, 234, 34, 138, 194, 173, 62, 75, 27, 78, 8, 209, 81, 121, 48, 103, 243, 91, 96, 101, 102, 105, 107, 109, 111, 120, 122, 123, 125, 128, 139, 141, 142, 144, 146, 148, 151, 152, 155, 158, 163, 164, 174, 175, 181, 183, 185, 187, 188, 193, 196, 198, 199, 201, 202, 204, 205, 208, 211, 212, 213, 221, 222, 223, 225, 231, 233, 235, 238, 239, 240, 241, 244, 247, 249, 253, 257, 258, 259, 265]
x_75: [3, 7, 8, 10, 14, 15, 16, 18, 19, 23, 24, 30, 31, 34, 35, 36, 37, 39, 42, 44, 45, 47, 49, 54, 55, 58, 59, 63, 65, 67, 68, 70, 71, 74, 191, 153, 12, 194, 140, 247, 4, 155, 92, 188, 83, 38, 137, 66, 175, 185, 263, 79, 57, 104, 230, 142, 106, 108, 103, 265, 209, 221, 235, 89, 255, 134, 56, 50, 192, 160, 178, 110, 164, 109, 231, 205, 197, 128, 224, 219, 181, 64, 195, 252, 95, 233, 126, 158, 214, 112, 99, 9, 82, 69, 165, 13, 26, 32, 133, 260, 97, 121, 172, 264, 193, 148, 111, 46, 101, 163, 180, 21, 157, 122, 258, 199, 234, 90, 226, 5, 156, 245, 248, 232, 127, 139, 166, 114, 2, 179, 143, 237, 202, 107, 131, 225, 81, 256, 167, 87, 72, 136, 207, 129, 218, 11, 91, 29, 189, 43, 80, 113, 177, 253, 261, 98, 138, 211, 123, 84, 88, 100, 102, 115, 116, 117, 120, 124, 125, 146, 150, 152, 154, 168, 173, 176, 182, 183, 190, 196, 201, 204, 212, 220, 222, 228, 236, 238, 240, 241, 242, 246, 254, 259, 266, 267, 268, 270]
x_76: [4, 6, 7, 8, 9, 13, 14, 19, 20, 21, 24, 28, 29, 34, 35, 36, 39, 40, 42, 44, 46, 50, 53, 55, 57, 65, 66, 67, 68, 71, 73, 112, 52, 166, 87, 207, 123, 163, 191, 17, 107, 84, 165, 156, 234, 96, 189, 104, 82, 143, 83, 98, 193, 222, 159, 106, 145, 256, 258, 237, 117, 26, 133, 167, 201, 80, 173, 169, 232, 268, 51, 79, 1, 197, 56, 252, 115, 204, 179, 151, 47, 49, 135, 149, 94, 221, 251, 144, 214, 180, 37, 229, 158, 203, 15, 146, 58, 122, 125, 265, 176, 72, 86, 129, 205, 31, 116, 154, 264, 22, 2, 212, 140, 27, 245, 99, 25, 263, 253, 18, 69, 97, 121, 184, 81, 100, 192, 118, 216, 164, 198, 148, 206, 202, 200, 239, 157, 247, 249, 59, 168, 89, 210, 186, 45, 111, 250, 90, 248, 91, 93, 101, 102, 108, 120, 128, 131, 132, 136, 142, 155, 162, 171, 183, 187, 188, 211, 220, 223, 225, 227, 228, 230, 233, 240, 241, 257, 259, 260, 266]
x_77: [5, 8, 9, 11, 13, 14, 16, 17, 18, 19, 20, 25, 27, 30, 33, 35, 36, 37, 39, 40, 44, 46, 52, 55, 56, 61, 63, 64, 66, 67, 70, 197, 69, 235, 157, 176, 177, 219, 124, 3, 237, 62, 167, 255, 108, 258, 87, 89, 91, 93, 99, 101, 107, 111, 112, 114, 115, 120, 121, 125, 127, 134, 144, 150, 154, 158, 164, 168, 172, 175, 181, 182, 186, 188, 191, 192, 193, 196, 199, 200, 201, 202, 203, 204, 205, 206, 207, 208, 210, 213, 214, 215, 222, 224, 225, 228, 229, 230, 234, 238, 240, 242, 245, 247, 249, 250, 252, 254, 257, 261, 266, 270]
x_78: [7, 12, 15, 16, 18, 19, 23, 24, 29, 30, 35, 37, 40, 41, 46, 52, 54, 60, 65, 66, 70, 74, 153, 212, 106, 162, 218, 100, 86, 90, 25, 253, 223, 59, 81, 87, 88, 91, 99, 101, 104, 107, 108, 111, 112, 114, 116, 117, 118, 119, 121, 124, 125, 128, 131, 137, 138, 140, 143, 144, 148, 155, 156, 161, 164, 168, 169, 170, 172, 174, 178, 181, 183, 186, 187, 188, 190, 191, 192, 193, 195, 196, 197, 198, 202, 204, 207, 208, 209, 210, 214, 220, 221, 222, 228, 230, 239, 242, 243, 244, 245, 246, 249, 251, 259, 264, 265, 267, 270]
x_79: [5, 11, 13, 16, 18, 19, 20, 23, 26, 28, 29, 33, 34, 39, 42, 44, 45, 49, 50, 57, 59, 62, 63, 66, 67, 69, 70, 72, 73, 75, 76, 6, 21, 43, 234, 221, 179, 98, 183, 244, 48, 188, 93, 196, 124, 267, 133, 17, 210, 263, 137, 223, 113, 168, 222, 112, 53, 111, 185, 256, 83, 161, 58, 119, 205, 220, 238, 203, 147, 65, 109, 167, 37, 41, 163, 217, 249, 268, 60, 8, 237, 125, 241, 149, 195, 180, 107, 32, 64, 24, 91, 209, 99, 232, 95, 101, 110, 84, 2, 186, 258, 120, 89, 90, 102, 104, 105, 108, 121, 127, 129, 131, 132, 135, 136, 146, 148, 153, 156, 165, 166, 169, 175, 178, 181, 189, 192, 193, 199, 201, 204, 208, 212, 213, 215, 216, 219, 224, 228, 229, 233, 240, 242, 243, 245, 247, 250, 253, 257, 259, 260, 261, 262, 265, 270]
x_80: [6, 7, 8, 10, 11, 16, 18, 20, 24, 29, 30, 31, 33, 34, 35, 39, 41, 42, 44, 45, 52, 53, 54, 55, 56, 57, 59, 60, 64, 66, 67, 69, 71, 75, 76, 73, 86, 122, 210, 107, 178, 27, 37, 192, 146, 157, 25, 111, 242, 15, 267, 256, 110, 88, 89, 91, 96, 101, 102, 114, 118, 119, 123, 124, 125, 127, 128, 133, 138, 140, 141, 142, 143, 152, 153, 156, 158, 159, 160, 167, 168, 170, 172, 173, 180, 181, 185, 186, 188, 190, 193, 201, 202, 204, 205, 207, 208, 209, 211, 213, 219, 221, 222, 225, 231, 233, 237, 239, 240, 241, 243, 244, 245, 246, 257, 261, 264, 266, 270]
x_81: [3, 6, 8, 29, 33, 34, 37, 42, 44, 45, 46, 47, 52, 55, 56, 57, 67, 72, 73, 74, 75, 76, 10, 17, 209, 228, 59, 24, 9, 1, 132, 129, 157, 83, 191, 28, 175, 173, 78, 261, 212, 143, 225, 51, 61, 27, 26, 20, 103, 213, 156, 113, 146, 270, 136, 263, 158, 231, 254, 140, 221, 217, 127, 16, 188, 88, 258, 233, 86, 4, 89, 90, 91, 92, 97, 99, 104, 105, 107, 108, 111, 120, 121, 122, 123, 125, 128, 131, 133, 142, 144, 148, 150, 151, 153, 154, 155, 162, 163, 166, 168, 169, 171, 180, 181, 187, 193, 198, 201, 202, 204, 208, 210, 211, 214, 216, 218, 220, 222, 223, 224, 229, 230, 234, 235, 239, 240, 242, 245, 251, 253, 255, 259, 264, 265, 267]
x_82: [3, 4, 6, 7, 10, 11, 13, 19, 24, 27, 28, 33, 34, 37, 45, 46, 49, 52, 57, 61, 63, 65, 66, 68, 70, 75, 76, 213, 194, 168, 264, 244, 146, 9, 88, 89, 93, 96, 104, 108, 109, 114, 115, 120, 123, 124, 125, 131, 132, 133, 134, 136, 138, 142, 143, 144, 147, 148, 151, 153, 154, 155, 159, 164, 166, 171, 172, 173, 181, 183, 185, 186, 187, 189, 192, 195, 196, 198, 199, 205, 209, 214, 220, 222, 224, 225, 227, 228, 237, 240, 243, 245, 247, 251, 257, 258, 266, 268, 270]
x_83: [3, 4, 7, 11, 14, 16, 18, 19, 20, 21, 23, 24, 25, 28, 29, 31, 33, 34, 36, 40, 41, 42, 45, 46, 49, 54, 55, 57, 58, 61, 69, 70, 75, 76, 79, 81, 1, 44, 68, 127, 249, 103, 87, 88, 89, 90, 91, 100, 101, 105, 115, 116, 120, 121, 125, 128, 129, 130, 131, 134, 136, 140, 145, 146, 147, 148, 152, 157, 158, 159, 174, 180, 182, 183, 185, 193, 194, 196, 197, 198, 199, 201, 202, 205, 209, 210, 211, 213, 215, 216, 220, 221, 224, 226, 228, 229, 231, 233, 238, 239, 242, 243, 247, 251, 254, 260, 263, 264, 266, 267, 270]
x_84: [1, 7, 8, 15, 16, 17, 18, 23, 28, 30, 31, 35, 40, 42, 45, 46, 47, 49, 51, 53, 54, 57, 60, 62, 67, 69, 73, 76, 79, 141, 52, 99, 155, 70, 173, 75, 66, 203, 245, 116, 27, 233, 113, 259, 244, 112, 154, 107, 189, 149, 248, 88, 202, 144, 139, 227, 193, 229, 153, 220, 209, 215, 221, 200, 89, 194, 91, 101, 120, 123, 126, 128, 134, 135, 142, 148, 150, 152, 163, 168, 172, 179, 181, 182, 185, 186, 187, 190, 196, 197, 198, 201, 205, 208, 210, 211, 213, 214, 216, 222, 223, 225, 226, 231, 239, 241, 242, 243, 251, 254, 257, 258, 264, 265, 270]
x_85: [6, 7, 15, 17, 18, 19, 21, 23, 26, 27, 31, 33, 37, 46, 49, 54, 55, 57, 65, 66, 68, 69, 71, 73, 39, 239, 269, 166, 120, 199, 40, 146, 53, 64, 12, 108, 208, 233, 202, 129, 41, 122, 203, 51, 262, 147, 231, 148, 130, 224, 237, 123, 178, 11, 259, 62, 247, 165, 154, 28, 20, 137, 201, 92, 42, 172, 136, 1, 163, 153, 117, 263, 56, 197, 258, 189, 170, 138, 246, 111, 181, 207, 210, 164, 244, 232, 236, 133, 228, 3, 14, 25, 36, 235, 251, 182, 215, 9, 101, 86, 16, 70, 102, 105, 112, 115, 119, 121, 126, 128, 134, 139, 140, 142, 143, 144, 145, 152, 161, 167, 175, 183, 187, 190, 193, 194, 195, 196, 205, 212, 213, 214, 216, 220, 221, 222, 225, 226, 230, 234, 238, 242, 245, 249, 255, 257, 264, 266]
x_86: [3, 4, 8, 9, 12, 13, 16, 18, 22, 23, 24, 29, 33, 34, 36, 37, 39, 45, 50, 52, 55, 60, 61, 63, 65, 66, 71, 72, 76, 78, 80, 81, 85, 106, 103, 122, 5, 244, 164, 123, 209, 199, 269, 255, 102, 206, 133, 266, 145, 114, 185, 15, 220, 140, 187, 49, 178, 91, 210, 41, 38, 116, 120, 20, 111, 141, 163, 97, 246, 88, 89, 90, 92, 93, 108, 113, 121, 127, 128, 131, 134, 138, 142, 146, 148, 151, 152, 156, 158, 159, 167, 173, 176, 179, 180, 181, 182, 186, 188, 190, 195, 202, 204, 205, 208, 212, 214, 219, 224, 227, 230, 239, 241, 247, 249, 254, 256, 258, 259, 267, 268]
x_87: [2, 3, 6, 7, 16, 18, 20, 27, 28, 30, 33, 37, 40, 42, 46, 49, 50, 54, 57, 59, 60, 65, 66, 67, 68, 70, 71, 73, 75, 76, 55, 124, 11, 264, 139, 41, 245, 263, 205, 221, 208, 202, 180, 248, 192, 163, 240, 132, 83, 61, 217, 36, 103, 204, 214, 146, 259, 225, 26, 165, 93, 102, 172, 193, 140, 236, 77, 125, 78, 175, 105, 126, 194, 148, 111, 133, 25, 14, 257, 38, 95, 265, 19, 123, 260, 176, 223, 166, 174, 170, 116, 256, 4, 201, 23, 8, 147, 69, 207, 1, 220, 249, 104, 162, 253, 90, 91, 99, 107, 114, 117, 119, 134, 136, 142, 144, 150, 153, 155, 157, 158, 164, 167, 169, 178, 179, 181, 183, 185, 188, 195, 198, 199, 200, 219, 222, 224, 228, 229, 234, 238, 241, 243, 244, 251, 254, 262]
x_88: [2, 3, 6, 7, 15, 16, 17, 21, 23, 24, 26, 34, 35, 36, 37, 39, 40, 42, 50, 52, 56, 57, 58, 59, 61, 64, 65, 66, 68, 73, 81, 84, 162, 182, 107, 112, 215, 63, 210, 69, 258, 198, 216, 221, 235, 246, 124, 220, 127, 14, 165, 179, 117, 140, 214, 161, 86, 177, 121, 99, 252, 115, 20, 196, 192, 174, 190, 184, 241, 211, 238, 122, 265, 75, 102, 78, 116, 173, 233, 229, 240, 53, 97, 234, 207, 256, 104, 232, 154, 194, 145, 89, 225, 157, 156, 10, 243, 151, 185, 248, 48, 247, 90, 219, 169, 144, 70, 135, 197, 5, 44, 227, 178, 249, 146, 200, 1, 25, 12, 82, 224, 163, 204, 259, 111, 13, 175, 206, 119, 109, 250, 98, 94, 91, 222, 160, 106, 100, 263, 158, 118, 49, 254, 108, 83, 183, 123, 149, 218, 230, 208, 223, 270, 130, 199, 187, 55, 170, 51, 80, 268, 93, 45, 231, 255, 209, 245, 193, 186, 159, 239, 155, 244, 126, 120, 125, 128, 133, 136, 141, 142, 143, 148, 166, 172, 176, 181, 212, 237, 242, 257, 262, 264, 266, 267]
x_89: [1, 5, 6, 7, 8, 10, 11, 13, 15, 17, 18, 19, 22, 23, 24, 29, 30, 44, 46, 54, 55, 56, 58, 60, 62, 63, 65, 66, 67, 68, 71, 72, 74, 75, 76, 84, 88, 38, 64, 239, 172, 146, 198, 33, 189, 104, 252, 34, 41, 232, 187, 170, 155, 197, 112, 238, 244, 61, 148, 184, 126, 246, 80, 224, 28, 49, 142, 107, 51, 134, 9, 263, 257, 149, 86, 237, 69, 96, 98, 203, 233, 47, 36, 177, 270, 91, 267, 261, 83, 81, 222, 214, 77, 121, 150, 31, 206, 228, 265, 240, 102, 132, 152, 14, 183, 162, 269, 168, 3, 236, 90, 195, 111, 4, 250, 188, 200, 211, 245, 82, 109, 133, 45, 161, 215, 179, 243, 221, 131, 42, 145, 251, 235, 119, 32, 256, 125, 16, 216, 167, 122, 185, 191, 129, 173, 57, 118, 202, 262, 212, 217, 254, 165, 234, 2, 164, 79, 204, 48, 268, 193, 27, 260, 253, 128, 176, 116, 192, 141, 210, 160, 144, 151, 108, 139, 241, 114, 127, 147, 158, 159, 163, 171, 182, 190, 199, 205, 208, 213, 220, 230, 231, 249, 259, 266]
x_90: [7, 10, 11, 12, 18, 19, 23, 24, 25, 28, 33, 34, 35, 38, 44, 46, 47, 49, 50, 52, 53, 55, 56, 58, 60, 62, 64, 66, 67, 68, 70, 71, 73, 75, 76, 78, 88, 89, 8, 117, 6, 238, 235, 103, 246, 177, 266, 79, 63, 115, 143, 122, 43, 27, 233, 81, 5, 83, 228, 206, 48, 157, 203, 151, 153, 260, 191, 40, 123, 31, 3, 136, 39, 141, 188, 229, 264, 131, 86, 100, 20, 101, 262, 221, 129, 194, 119, 145, 185, 51, 132, 245, 215, 192, 184, 239, 137, 121, 190, 93, 87, 106, 219, 41, 168, 196, 193, 217, 195, 91, 99, 108, 109, 111, 113, 116, 120, 124, 127, 144, 146, 148, 156, 159, 160, 161, 163, 169, 173, 174, 175, 198, 201, 202, 204, 208, 211, 214, 216, 220, 224, 226, 230, 231, 241, 242, 243, 253, 254, 256, 257, 259, 261, 263, 268]
x_91: [3, 6, 7, 9, 13, 16, 23, 24, 33, 41, 42, 44, 45, 46, 47, 49, 55, 56, 57, 61, 65, 67, 70, 72, 73, 74, 75, 79, 86, 88, 89, 35, 201, 80, 34, 230, 99, 87, 195, 140, 175, 172, 136, 78, 63, 177, 113, 32, 132, 93, 71, 106, 270, 149, 104, 173, 252, 214, 258, 25, 223, 117, 184, 129, 11, 262, 180, 54, 120, 29, 147, 28, 248, 204, 193, 187, 144, 97, 4, 92, 241, 141, 152, 185, 153, 145, 266, 268, 76, 163, 157, 170, 66, 5, 114, 265, 96, 232, 84, 216, 90, 159, 111, 238, 240, 138, 81, 169, 100, 162, 202, 174, 269, 198, 107, 222, 186, 259, 194, 130, 236, 77, 255, 166, 237, 122, 210, 17, 225, 83, 203, 52, 178, 239, 228, 14, 197, 246, 150, 43, 206, 94, 19, 125, 10, 135, 161, 1, 156, 69, 167, 192, 118, 151, 168, 50, 148, 250, 98, 101, 103, 109, 112, 115, 119, 121, 123, 124, 127, 133, 143, 158, 179, 181, 182, 183, 190, 208, 211, 212, 213, 218, 220, 221, 226, 231, 242, 251, 254, 256]
x_92: [5, 6, 7, 8, 11, 13, 16, 18, 19, 20, 23, 28, 29, 30, 37, 40, 41, 42, 44, 46, 47, 49, 52, 55, 58, 60, 65, 69, 71, 73, 75, 85, 91, 244, 241, 125, 167, 135, 170, 81, 253, 264, 250, 174, 205, 22, 114, 26, 232, 86, 260, 128, 257, 185, 32, 182, 66, 116, 119, 155, 217, 94, 99, 101, 102, 104, 107, 108, 109, 111, 112, 120, 121, 122, 123, 124, 126, 127, 129, 133, 140, 141, 143, 144, 146, 148, 152, 153, 154, 158, 160, 168, 176, 178, 180, 183, 186, 188, 189, 190, 192, 194, 195, 197, 198, 204, 207, 211, 222, 225, 226, 227, 228, 229, 230, 237, 239, 240, 242, 245, 246, 254, 258, 259, 261, 265]
x_93: [3, 9, 15, 17, 18, 22, 23, 28, 31, 34, 37, 42, 45, 47, 49, 52, 58, 63, 66, 67, 68, 71, 73, 79, 87, 88, 90, 91, 257, 60, 116, 261, 124, 36, 177, 76, 114, 136, 251, 267, 147, 1, 173, 228, 213, 171, 56, 106, 264, 190, 82, 230, 237, 187, 215, 51, 226, 224, 139, 21, 4, 181, 193, 100, 179, 95, 53, 244, 10, 234, 86, 197, 50, 26, 61, 162, 258, 112, 236, 240, 77, 172, 103, 104, 109, 111, 113, 117, 119, 120, 121, 122, 123, 129, 131, 133, 141, 142, 151, 152, 154, 159, 163, 164, 168, 169, 174, 175, 176, 182, 188, 189, 192, 194, 195, 198, 202, 204, 208, 209, 210, 211, 219, 220, 221, 233, 238, 239, 242, 245, 246, 247, 249, 250, 259, 265, 266]
x_94: [4, 11, 15, 16, 17, 18, 19, 24, 29, 30, 31, 40, 44, 46, 52, 53, 56, 60, 62, 63, 66, 69, 70, 71, 72, 76, 88, 91, 222, 57, 113, 162, 65, 198, 247, 21, 143, 51, 152, 92, 34, 267, 28, 102, 177, 35, 224, 234, 118, 33, 160, 96, 99, 103, 109, 114, 116, 117, 120, 121, 123, 124, 125, 127, 128, 129, 133, 136, 139, 140, 142, 144, 146, 148, 151, 153, 159, 163, 164, 166, 173, 176, 178, 183, 184, 186, 188, 192, 195, 196, 197, 199, 201, 203, 205, 210, 211, 223, 227, 231, 235, 238, 242, 243, 245, 246, 249, 251, 257, 264, 265, 268, 270]
x_95: [3, 8, 15, 16, 17, 20, 29, 31, 32, 34, 37, 40, 42, 46, 50, 52, 53, 55, 57, 62, 63, 66, 69, 73, 75, 79, 87, 93, 135, 41, 118, 232, 179, 147, 154, 138, 248, 267, 144, 43, 178, 164, 202, 33, 7, 98, 102, 107, 108, 111, 119, 121, 124, 127, 128, 129, 132, 136, 139, 142, 148, 151, 153, 157, 158, 162, 168, 171, 175, 176, 181, 182, 185, 187, 190, 192, 194, 197, 200, 201, 204, 206, 207, 210, 211, 220, 221, 222, 224, 225, 238, 242, 243, 247, 251, 254, 258, 259, 260, 261, 264, 265, 268]
x_96: [1, 5, 7, 8, 13, 16, 24, 31, 37, 39, 42, 44, 49, 57, 62, 63, 65, 66, 71, 72, 73, 76, 89, 91, 18, 40, 69, 201, 230, 174, 113, 53, 117, 74, 23, 171, 202, 60, 223, 165, 30, 132, 268, 59, 100, 80, 20, 207, 129, 216, 82, 137, 10, 266, 183, 186, 38, 232, 94, 200, 133, 143, 166, 240, 108, 47, 181, 241, 191, 145, 68, 154, 6, 214, 52, 36, 257, 103, 140, 261, 142, 262, 225, 102, 242, 70, 123, 175, 34, 259, 215, 15, 67, 3, 110, 236, 173, 245, 128, 125, 238, 101, 104, 105, 109, 111, 115, 116, 119, 120, 127, 130, 131, 134, 136, 146, 148, 151, 152, 153, 157, 158, 161, 163, 167, 168, 170, 172, 176, 178, 180, 182, 190, 194, 195, 196, 197, 199, 204, 208, 210, 211, 213, 221, 227, 231, 233, 234, 235, 247, 250, 251, 252, 253, 254, 265, 270]
x_97: [3, 4, 8, 13, 15, 19, 20, 23, 28, 29, 33, 35, 37, 39, 40, 41, 42, 45, 49, 52, 53, 54, 55, 57, 60, 63, 65, 68, 69, 72, 73, 75, 76, 86, 88, 91, 159, 120, 197, 32, 156, 199, 211, 1, 265, 149, 9, 144, 106, 193, 222, 125, 188, 118, 46, 14, 161, 104, 105, 81, 231, 181, 154, 266, 224, 186, 217, 5, 219, 99, 109, 113, 115, 117, 121, 123, 126, 127, 128, 129, 134, 136, 139, 142, 148, 151, 153, 155, 163, 167, 168, 172, 176, 184, 187, 194, 195, 198, 200, 201, 204, 206, 208, 210, 214, 221, 223, 226, 229, 233, 238, 239, 241, 242, 243, 245, 246, 247, 250, 251, 254, 256, 259, 260, 267, 268]
x_98: [1, 6, 7, 8, 11, 13, 23, 25, 28, 30, 31, 41, 42, 44, 46, 47, 52, 53, 54, 58, 61, 62, 63, 65, 66, 68, 71, 72, 75, 76, 79, 88, 89, 57, 193, 241, 238, 48, 258, 163, 265, 168, 91, 242, 21, 175, 107, 69, 118, 186, 95, 37, 239, 200, 178, 166, 156, 150, 99, 103, 108, 109, 111, 113, 115, 116, 119, 124, 125, 126, 128, 129, 131, 133, 134, 142, 143, 144, 146, 151, 155, 158, 167, 174, 180, 181, 187, 192, 194, 196, 199, 201, 203, 204, 205, 210, 212, 220, 224, 233, 244, 245, 250, 251, 259, 260, 270]
x_99: [7, 16, 17, 22, 28, 29, 31, 34, 40, 42, 46, 47, 49, 52, 53, 54, 55, 60, 61, 65, 66, 70, 72, 73, 74, 75, 76, 79, 84, 88, 91, 263, 129, 162, 164, 161, 138, 257, 121, 30, 44, 209, 200, 149, 21, 147, 249, 219, 167, 244, 259, 254, 252, 38, 265, 192, 132, 206, 131, 35, 203, 223, 144, 141, 103, 185, 183, 39, 163, 13, 169, 165, 158, 195, 102, 267, 239, 250, 63, 262, 11, 111, 266, 101, 33, 105, 153, 87, 92, 145, 78, 130, 127, 2, 48, 36, 157, 114, 236, 225, 10, 270, 154, 58, 175, 248, 268, 37, 117, 109, 198, 242, 189, 15, 258, 190, 98, 139, 94, 152, 5, 120, 194, 222, 77, 123, 186, 104, 232, 228, 201, 3, 214, 59, 260, 178, 14, 204, 68, 118, 155, 12, 193, 251, 71, 172, 173, 69, 81, 119, 67, 143, 221, 177, 226, 243, 218, 210, 211, 187, 62, 32, 140, 246, 97, 90, 110, 264, 245, 217, 233, 107, 108, 112, 113, 116, 124, 134, 136, 148, 168, 174, 196, 197, 205, 207, 208, 212, 215, 220, 224, 229, 230, 231, 247, 261]
x_100: [3, 9, 11, 15, 16, 18, 19, 22, 23, 24, 29, 30, 34, 38, 42, 44, 46, 55, 60, 66, 67, 68, 70, 76, 78, 88, 90, 91, 93, 96, 169, 217, 178, 181, 40, 187, 65, 149, 83, 108, 104, 200, 204, 171, 223, 37, 201, 183, 75, 62, 119, 162, 234, 266, 196, 179, 109, 111, 112, 121, 122, 124, 126, 127, 128, 129, 131, 133, 139, 141, 144, 147, 148, 151, 152, 154, 158, 163, 175, 176, 182, 186, 189, 192, 194, 197, 202, 203, 205, 209, 210, 216, 218, 222, 225, 226, 230, 231, 233, 237, 238, 240, 242, 243, 244, 245, 246, 258, 259, 261, 267, 268]
x_101: [7, 13, 15, 17, 19, 30, 34, 37, 39, 41, 42, 45, 46, 49, 53, 57, 58, 60, 63, 66, 67, 69, 72, 73, 75, 79, 85, 90, 99, 262, 68, 92, 91, 138, 151, 121, 117, 244, 80, 180, 139, 239, 147, 27, 171, 77, 43, 145, 146, 142, 254, 170, 172, 215, 229, 4, 154, 22, 197, 218, 71, 216, 248, 207, 64, 251, 54, 35, 214, 231, 157, 122, 140, 150, 236, 74, 148, 228, 84, 219, 105, 61, 202, 9, 78, 199, 126, 189, 76, 83, 213, 232, 191, 65, 246, 230, 220, 175, 190, 14, 258, 166, 194, 8, 116, 153, 176, 96, 198, 103, 107, 108, 109, 110, 112, 119, 124, 125, 127, 129, 133, 134, 135, 143, 144, 156, 164, 181, 183, 187, 193, 196, 200, 201, 203, 204, 208, 212, 225, 233, 238, 241, 242, 257, 261, 266, 267]
x_102: [4, 7, 13, 15, 23, 24, 28, 29, 30, 33, 34, 36, 37, 42, 44, 46, 49, 52, 53, 55, 58, 60, 61, 63, 70, 71, 73, 86, 87, 88, 89, 94, 96, 99, 45, 187, 245, 161, 232, 220, 191, 111, 193, 254, 255, 173, 5, 165, 213, 181, 65, 59, 143, 266, 105, 208, 69, 156, 163, 270, 35, 108, 189, 243, 25, 194, 129, 257, 256, 268, 62, 225, 40, 237, 72, 47, 159, 130, 226, 238, 150, 167, 80, 246, 131, 119, 230, 178, 22, 202, 158, 146, 174, 252, 117, 110, 133, 180, 79, 120, 250, 66, 68, 185, 265, 152, 262, 216, 218, 175, 144, 147, 264, 154, 248, 39, 259, 85, 183, 76, 269, 135, 21, 1, 26, 31, 127, 137, 75, 172, 122, 223, 235, 249, 157, 51, 166, 64, 186, 192, 14, 92, 136, 211, 241, 124, 203, 3, 67, 258, 195, 229, 207, 204, 260, 112, 138, 162, 32, 261, 253, 56, 121, 106, 74, 2, 221, 140, 95, 209, 125, 132, 116, 176, 113, 126, 128, 134, 139, 141, 142, 148, 153, 164, 168, 182, 196, 197, 199, 201, 212, 214, 222, 224, 227, 231, 233, 239, 240, 242, 247]
x_103: [2, 3, 6, 7, 8, 10, 12, 15, 16, 18, 20, 25, 28, 29, 30, 33, 34, 38, 39, 40, 42, 44, 45, 49, 52, 55, 57, 58, 65, 68, 70, 71, 74, 75, 81, 83, 86, 87, 90, 96, 99, 137, 178, 255, 101, 108, 220, 93, 166, 247, 232, 224, 133, 104, 175, 91, 227, 158, 94, 217, 111, 98, 31, 114, 121, 122, 123, 127, 128, 131, 140, 142, 143, 146, 147, 148, 152, 153, 154, 167, 168, 171, 179, 181, 183, 185, 187, 193, 194, 196, 198, 205, 206, 208, 211, 216, 219, 221, 222, 223, 225, 228, 231, 237, 241, 244, 249, 250, 251, 257, 258, 259, 261, 264, 265, 266, 270]
x_104: [8, 9, 13, 16, 19, 20, 21, 34, 36, 37, 40, 41, 42, 46, 47, 49, 57, 63, 65, 66, 67, 69, 72, 74, 75, 76, 87, 88, 89, 91, 97, 99, 100, 103, 185, 209, 115, 106, 1, 226, 186, 262, 150, 259, 267, 79, 60, 116, 263, 45, 82, 214, 225, 51, 172, 268, 158, 32, 216, 161, 129, 199, 93, 191, 166, 70, 246, 243, 201, 207, 92, 141, 236, 174, 73, 190, 38, 12, 56, 120, 138, 145, 6, 203, 27, 35, 231, 160, 81, 39, 269, 59, 78, 4, 255, 178, 260, 15, 168, 96, 108, 109, 111, 113, 119, 124, 125, 130, 131, 133, 134, 140, 146, 148, 151, 152, 153, 155, 156, 159, 163, 179, 181, 182, 183, 187, 188, 196, 197, 202, 204, 205, 208, 210, 213, 221, 222, 224, 230, 232, 239, 241, 264, 265, 266]
x_105: [6, 7, 8, 15, 18, 24, 29, 30, 31, 32, 33, 34, 36, 39, 41, 46, 54, 55, 56, 57, 61, 63, 65, 66, 69, 70, 73, 87, 97, 99, 101, 102, 255, 133, 81, 173, 181, 117, 260, 50, 1, 245, 85, 134, 142, 162, 148, 175, 185, 83, 149, 194, 203, 178, 226, 12, 239, 159, 40, 207, 141, 269, 135, 106, 238, 230, 119, 4, 219, 152, 144, 19, 109, 220, 140, 124, 228, 180, 169, 209, 150, 267, 138, 96, 37, 74, 242, 155, 204, 167, 62, 47, 60, 79, 186, 52, 127, 112, 116, 121, 126, 131, 139, 143, 145, 153, 157, 158, 164, 168, 174, 176, 183, 192, 196, 199, 201, 202, 205, 208, 210, 211, 221, 222, 231, 233, 237, 241, 243, 247, 249, 253, 254, 257, 258, 263, 266, 268, 270]
x_106: [3, 6, 7, 8, 17, 18, 19, 22, 27, 35, 40, 41, 42, 44, 46, 52, 54, 57, 58, 60, 63, 65, 68, 70, 75, 76, 78, 86, 88, 90, 91, 93, 97, 102, 104, 105, 110, 115, 179, 72, 33, 260, 122, 245, 133, 203, 183, 50, 176, 1, 108, 109, 111, 112, 116, 119, 120, 123, 126, 127, 129, 139, 143, 144, 148, 151, 155, 158, 160, 161, 168, 171, 186, 187, 189, 195, 196, 197, 199, 202, 204, 209, 210, 211, 212, 213, 214, 218, 220, 221, 225, 228, 229, 230, 233, 237, 238, 240, 241, 242, 244, 250, 251, 261, 264, 267]
x_107: [4, 6, 7, 13, 15, 17, 18, 19, 20, 23, 24, 26, 28, 29, 31, 33, 34, 36, 39, 40, 41, 49, 52, 54, 57, 58, 62, 64, 70, 71, 72, 73, 75, 76, 79, 80, 84, 88, 89, 91, 98, 136, 268, 92, 47, 245, 63, 12, 207, 150, 137, 120, 151, 14, 164, 246, 81, 99, 216, 74, 234, 228, 67, 180, 60, 77, 186, 197, 42, 171, 187, 44, 25, 139, 69, 250, 138, 134, 78, 176, 118, 226, 219, 48, 128, 131, 242, 193, 126, 11, 209, 213, 174, 53, 2, 200, 185, 101, 210, 35, 258, 241, 188, 10, 95, 1, 32, 87, 22, 108, 111, 114, 119, 121, 122, 123, 124, 127, 129, 133, 146, 148, 153, 156, 159, 161, 168, 169, 175, 178, 181, 182, 189, 194, 196, 198, 199, 204, 211, 214, 220, 221, 222, 224, 225, 230, 231, 233, 237, 243, 244, 247, 254, 257, 259, 260, 261, 264]
x_108: [1, 3, 11, 15, 16, 17, 18, 19, 23, 27, 30, 31, 34, 41, 44, 45, 53, 55, 59, 61, 62, 63, 66, 68, 70, 71, 72, 73, 75, 77, 85, 88, 89, 96, 100, 102, 103, 159, 167, 98, 200, 202, 265, 25, 266, 217, 189, 101, 188, 226, 5, 195, 252, 50, 165, 104, 52, 157, 225, 4, 237, 46, 82, 241, 151, 122, 176, 155, 65, 121, 175, 35, 243, 196, 224, 117, 128, 115, 240, 114, 171, 193, 236, 250, 42, 190, 8, 90, 106, 28, 116, 267, 152, 107, 191, 255, 177, 54, 269, 209, 215, 13, 47, 239, 223, 60, 36, 131, 49, 69, 99, 147, 220, 134, 205, 161, 2, 203, 127, 144, 153, 263, 76, 233, 234, 180, 242, 118, 132, 92, 253, 207, 78, 173, 86, 262, 211, 51, 56, 212, 135, 95, 164, 259, 81, 246, 79, 29, 39, 149, 232, 112, 248, 141, 146, 21, 264, 154, 204, 230, 198, 199, 231, 136, 133, 238, 120, 119, 130, 6, 260, 111, 57, 183, 219, 261, 109, 229, 40, 10, 9, 187, 124, 125, 126, 139, 143, 148, 150, 158, 163, 172, 182, 185, 194, 197, 201, 210, 216, 221, 235, 244, 245, 247, 254, 258, 268]
x_109: [3, 6, 7, 13, 16, 17, 21, 24, 28, 30, 31, 33, 34, 36, 39, 40, 41, 42, 44, 47, 52, 54, 57, 60, 62, 64, 66, 68, 69, 70, 71, 72, 73, 75, 79, 88, 89, 99, 105, 108, 116, 260, 164, 180, 90, 9, 196, 186, 139, 239, 200, 119, 162, 122, 223, 82, 49, 225, 91, 11, 169, 5, 153, 110, 93, 161, 132, 246, 173, 38, 141, 258, 165, 23, 56, 252, 250, 182, 101, 216, 104, 115, 123, 233, 106, 100, 125, 257, 74, 97, 1, 143, 92, 218, 149, 201, 261, 160, 209, 214, 262, 67, 130, 35, 240, 112, 224, 205, 135, 51, 98, 94, 45, 12, 96, 61, 146, 189, 59, 263, 8, 197, 145, 138, 241, 20, 242, 111, 114, 124, 129, 133, 134, 137, 140, 142, 144, 148, 151, 154, 156, 172, 175, 179, 188, 191, 192, 194, 195, 199, 203, 204, 210, 211, 220, 221, 222, 229, 230, 234, 236, 244, 245, 247, 251, 254, 255, 265, 270]
x_110: [3, 4, 7, 8, 9, 13, 14, 20, 22, 24, 29, 30, 31, 33, 35, 37, 39, 44, 50, 54, 56, 57, 62, 63, 67, 71, 72, 75, 79, 80, 96, 99, 102, 106, 109, 101, 59, 262, 143, 111, 113, 117, 119, 120, 122, 125, 127, 128, 129, 131, 132, 134, 136, 138, 140, 144, 147, 148, 153, 155, 158, 159, 160, 161, 163, 167, 169, 172, 173, 176, 179, 182, 183, 185, 188, 193, 195, 198, 201, 204, 208, 209, 210, 211, 212, 213, 220, 221, 228, 231, 233, 238, 239, 240, 242, 246, 250, 251, 253, 255, 256, 257, 264, 268]
x_111: [1, 4, 7, 8, 10, 18, 22, 25, 26, 29, 33, 40, 46, 49, 52, 54, 55, 56, 58, 59, 60, 63, 64, 65, 67, 69, 70, 71, 72, 75, 76, 79, 80, 85, 86, 87, 88, 89, 91, 99, 102, 103, 108, 93, 244, 116, 61, 170, 104, 159, 221, 212, 216, 231, 127, 13, 198, 15, 68, 230, 265, 109, 150, 229, 95, 266, 144, 90, 263, 38, 12, 200, 136, 96, 152, 269, 215, 183, 31, 190, 218, 178, 237, 179, 36, 169, 81, 145, 113, 66, 264, 227, 14, 107, 219, 255, 130, 196, 110, 233, 195, 147, 243, 238, 177, 23, 249, 121, 193, 197, 53, 205, 209, 98, 28, 34, 191, 208, 42, 74, 78, 234, 241, 134, 194, 257, 37, 248, 232, 143, 246, 252, 16, 253, 173, 251, 151, 188, 161, 171, 206, 155, 21, 6, 250, 203, 175, 267, 187, 41, 217, 224, 44, 3, 106, 168, 192, 261, 182, 270, 27, 35, 240, 180, 92, 128, 77, 239, 225, 164, 226, 100, 204, 19, 210, 32, 247, 20, 30, 149, 114, 119, 120, 123, 125, 126, 129, 131, 133, 141, 142, 163, 172, 181, 186, 189, 211, 220, 223, 245, 256, 258, 260, 268]
x_112: [3, 6, 8, 11, 16, 17, 18, 20, 21, 23, 28, 31, 33, 35, 36, 40, 41, 42, 45, 46, 52, 54, 57, 61, 64, 66, 68, 69, 72, 75, 76, 79, 84, 88, 89, 93, 102, 108, 109, 120, 65, 216, 147, 177, 161, 50, 25, 240, 264, 208, 101, 246, 12, 91, 174, 197, 166, 203, 184, 193, 270, 134, 238, 198, 160, 152, 188, 132, 47, 77, 267, 259, 127, 142, 250, 191, 62, 4, 105, 7, 241, 154, 51, 131, 179, 130, 247, 211, 128, 106, 100, 122, 9, 206, 43, 92, 129, 235, 37, 78, 115, 141, 85, 48, 153, 215, 99, 116, 114, 56, 125, 251, 145, 230, 239, 225, 176, 159, 71, 150, 219, 195, 29, 223, 146, 19, 113, 119, 121, 123, 126, 136, 137, 144, 148, 158, 163, 167, 170, 178, 180, 181, 185, 186, 189, 192, 194, 196, 199, 201, 205, 210, 212, 214, 218, 220, 224, 229, 233, 242, 254, 265, 268]
x_113: [1, 3, 5, 6, 8, 10, 15, 16, 19, 20, 22, 23, 24, 25, 28, 29, 30, 31, 33, 34, 36, 40, 46, 52, 63, 66, 67, 68, 71, 75, 79, 81, 84, 91, 94, 96, 111, 27, 90, 201, 168, 123, 251, 257, 124, 187, 238, 169, 112, 70, 59, 224, 166, 55, 244, 86, 200, 137, 177, 203, 2, 210, 254, 245, 182, 128, 97, 267, 158, 61, 242, 129, 42, 195, 163, 11, 44, 175, 104, 211, 102, 53, 161, 236, 247, 51, 260, 47, 110, 199, 184, 235, 39, 117, 98, 136, 225, 262, 265, 115, 172, 179, 193, 93, 138, 43, 152, 202, 120, 4, 99, 12, 233, 160, 151, 41, 57, 269, 119, 116, 121, 127, 130, 135, 139, 140, 142, 146, 148, 153, 154, 157, 174, 181, 183, 186, 188, 192, 196, 204, 205, 206, 208, 209, 213, 216, 218, 222, 230, 231, 239, 250, 255, 256, 258, 261, 264]
x_114: [1, 7, 8, 18, 23, 25, 28, 29, 31, 32, 35, 37, 39, 41, 42, 44, 49, 51, 52, 55, 56, 57, 60, 61, 65, 66, 70, 71, 73, 75, 86, 91, 92, 93, 99, 108, 112, 129, 265, 87, 48, 140, 2, 33, 206, 240, 230, 250, 24, 27, 77, 14, 54, 201, 82, 141, 195, 226, 253, 125, 146, 10, 16, 122, 236, 89, 184, 19, 242, 178, 69, 191, 262, 182, 111, 36, 173, 229, 78, 134, 251, 64, 232, 43, 109, 192, 255, 219, 161, 256, 50, 213, 137, 162, 3, 179, 12, 119, 20, 214, 218, 187, 156, 135, 30, 163, 204, 21, 167, 217, 94, 243, 174, 53, 181, 159, 254, 239, 249, 17, 177, 172, 208, 209, 238, 103, 247, 121, 270, 198, 264, 202, 151, 132, 62, 170, 261, 166, 144, 130, 246, 107, 143, 80, 116, 117, 127, 128, 131, 136, 142, 147, 148, 152, 153, 155, 157, 158, 168, 169, 175, 190, 193, 194, 199, 205, 211, 216, 222, 223, 224, 225, 228, 233, 234, 235, 237, 244, 257, 258, 259]
x_115: [3, 4, 10, 15, 17, 18, 22, 23, 24, 25, 29, 34, 39, 40, 41, 42, 44, 45, 46, 57, 61, 63, 65, 66, 67, 68, 71, 76, 88, 90, 104, 106, 108, 109, 112, 113, 191, 142, 117, 250, 53, 47, 165, 231, 244, 124, 220, 11, 97, 83, 139, 12, 192, 234, 146, 152, 75, 255, 168, 225, 179, 1, 96, 21, 267, 55, 223, 77, 214, 167, 85, 82, 249, 217, 28, 184, 58, 201, 216, 174, 203, 137, 209, 202, 125, 36, 180, 215, 253, 98, 157, 120, 266, 268, 219, 254, 237, 54, 232, 91, 162, 148, 256, 116, 123, 126, 128, 130, 133, 143, 144, 151, 153, 154, 155, 160, 163, 173, 182, 183, 187, 193, 194, 196, 199, 200, 205, 210, 213, 221, 222, 229, 238, 239, 240, 243, 245, 247, 257, 258, 264, 270]
x_116: [3, 6, 10, 13, 16, 17, 18, 19, 20, 23, 24, 26, 31, 33, 34, 36, 39, 42, 49, 50, 54, 55, 58, 61, 63, 64, 66, 69, 70, 71, 72, 73, 76, 84, 86, 87, 88, 89, 92, 93, 101, 102, 104, 108, 109, 111, 112, 5, 150, 164, 153, 98, 94, 243, 178, 113, 232, 246, 212, 222, 220, 65, 255, 156, 185, 221, 214, 149, 205, 256, 254, 135, 204, 155, 75, 158, 195, 41, 262, 223, 206, 28, 229, 90, 233, 267, 252, 157, 248, 62, 43, 197, 44, 225, 191, 114, 216, 166, 194, 265, 96, 199, 106, 234, 170, 123, 183, 21, 240, 147, 237, 99, 163, 142, 160, 11, 176, 181, 257, 167, 115, 105, 146, 169, 193, 245, 83, 121, 251, 165, 78, 118, 119, 128, 129, 130, 136, 137, 139, 144, 148, 151, 152, 154, 162, 172, 174, 187, 198, 202, 209, 224, 238, 241, 242, 244, 258, 264, 266, 270]
x_117: [2, 5, 7, 11, 16, 17, 20, 22, 29, 33, 34, 39, 41, 52, 63, 64, 66, 69, 70, 71, 72, 73, 74, 76, 85, 88, 90, 91, 96, 99, 101, 102, 105, 108, 113, 115, 177, 222, 136, 114, 15, 221, 94, 93, 121, 256, 110, 87, 253, 10, 18, 246, 75, 97, 125, 233, 78, 133, 194, 128, 67, 119, 123, 126, 127, 134, 146, 148, 151, 153, 157, 167, 168, 171, 172, 173, 181, 182, 186, 188, 189, 190, 196, 197, 202, 204, 205, 208, 210, 212, 214, 220, 223, 224, 225, 230, 238, 241, 242, 244, 247, 250, 254, 261]
x_118: [1, 3, 8, 9, 15, 17, 18, 20, 21, 23, 24, 25, 27, 29, 30, 31, 37, 41, 42, 44, 45, 46, 51, 52, 57, 65, 67, 69, 70, 71, 76, 88, 89, 91, 94, 95, 97, 98, 99, 107, 108, 251, 138, 248, 269, 253, 78, 228, 34, 172, 16, 47, 221, 196, 2, 191, 158, 169, 116, 73, 232, 7, 122, 227, 188, 28, 187, 5, 119, 183, 64, 230, 270, 199, 157, 243, 240, 80, 203, 195, 204, 120, 125, 126, 128, 132, 133, 135, 139, 141, 142, 143, 144, 146, 151, 152, 161, 164, 167, 168, 173, 181, 186, 190, 192, 193, 197, 198, 205, 207, 210, 213, 225, 229, 231, 233, 234, 235, 242, 244, 245, 246, 250, 254, 256, 257, 258, 259, 262, 265]
x_119: [1, 2, 7, 13, 15, 16, 17, 20, 22, 23, 31, 34, 37, 39, 41, 44, 50, 52, 57, 59, 61, 62, 65, 66, 70, 72, 73, 79, 88, 89, 90, 92, 99, 100, 102, 105, 108, 109, 113, 114, 118, 197, 69, 263, 239, 217, 130, 195, 215, 147, 28, 218, 192, 138, 134, 267, 93, 26, 110, 186, 11, 151, 120, 128, 232, 58, 165, 170, 258, 269, 96, 160, 126, 154, 142, 270, 179, 188, 9, 166, 214, 112, 135, 42, 189, 199, 117, 220, 35, 111, 265, 98, 18, 33, 191, 244, 221, 249, 169, 87, 101, 177, 173, 43, 251, 14, 48, 106, 184, 122, 6, 80, 157, 212, 158, 91, 175, 242, 85, 32, 260, 238, 208, 201, 139, 45, 53, 266, 203, 216, 255, 161, 116, 25, 250, 178, 121, 210, 10, 78, 95, 159, 226, 209, 243, 236, 133, 268, 229, 261, 174, 125, 104, 224, 47, 21, 124, 207, 107, 140, 150, 152, 228, 123, 129, 144, 146, 148, 156, 164, 181, 183, 187, 193, 194, 198, 202, 204, 211, 225, 233, 234, 237, 245, 246, 252, 254, 257, 259]
x_120: [1, 6, 7, 13, 15, 16, 18, 20, 21, 23, 24, 31, 34, 35, 37, 39, 40, 41, 42, 46, 47, 53, 61, 63, 64, 65, 66, 69, 72, 73, 79, 85, 86, 91, 97, 99, 102, 104, 107, 108, 112, 113, 115, 119, 94, 266, 198, 268, 212, 156, 233, 223, 201, 231, 155, 262, 238, 153, 118, 210, 93, 130, 33, 265, 235, 219, 242, 151, 220, 249, 59, 228, 217, 81, 174, 142, 138, 83, 199, 14, 255, 259, 2, 152, 208, 58, 149, 146, 32, 160, 164, 193, 111, 169, 170, 258, 184, 161, 127, 196, 167, 263, 68, 180, 251, 162, 125, 84, 177, 76, 54, 50, 27, 106, 269, 8, 49, 52, 145, 244, 82, 239, 189, 74, 209, 230, 75, 186, 88, 136, 110, 77, 92, 12, 90, 96, 245, 261, 55, 128, 187, 166, 200, 207, 176, 247, 70, 129, 131, 133, 135, 137, 141, 148, 154, 157, 158, 163, 172, 175, 178, 183, 185, 190, 202, 203, 205, 211, 214, 218, 221, 222, 229, 240, 241, 243, 246, 257, 260, 264]
x_121: [3, 4, 7, 8, 11, 15, 16, 19, 28, 30, 31, 34, 36, 39, 41, 43, 44, 45, 52, 54, 57, 58, 59, 63, 65, 67, 68, 69, 70, 71, 73, 74, 75, 76, 88, 89, 90, 99, 101, 102, 108, 111, 114, 116, 117, 119, 218, 257, 86, 137, 269, 195, 225, 92, 266, 235, 123, 246, 83, 196, 175, 156, 46, 248, 29, 132, 78, 131, 164, 270, 206, 112, 1, 205, 50, 237, 250, 151, 181, 56, 203, 267, 180, 148, 93, 77, 124, 226, 222, 127, 191, 91, 202, 107, 215, 200, 95, 194, 172, 113, 255, 213, 85, 6, 199, 209, 5, 105, 32, 100, 254, 216, 51, 103, 261, 183, 79, 227, 192, 97, 22, 140, 60, 66, 161, 14, 239, 268, 72, 187, 81, 182, 221, 154, 136, 125, 262, 240, 256, 236, 138, 219, 2, 220, 224, 208, 23, 141, 244, 143, 35, 252, 10, 212, 242, 217, 24, 40, 25, 264, 94, 142, 229, 247, 184, 64, 211, 9, 198, 179, 122, 126, 128, 139, 146, 153, 155, 166, 168, 178, 186, 188, 193, 197, 210, 214, 230, 231, 233, 234, 238, 263, 265]
x_122: [7, 10, 17, 18, 19, 23, 24, 30, 31, 36, 39, 44, 46, 47, 49, 52, 57, 60, 66, 70, 71, 72, 73, 75, 76, 80, 85, 86, 88, 89, 90, 91, 101, 102, 106, 108, 109, 112, 114, 118, 119, 226, 259, 53, 260, 233, 147, 214, 134, 51, 209, 249, 35, 92, 187, 150, 211, 246, 160, 199, 146, 40, 235, 267, 29, 110, 196, 131, 103, 5, 185, 153, 165, 178, 154, 9, 220, 176, 188, 171, 121, 179, 54, 129, 236, 204, 256, 173, 137, 139, 64, 164, 133, 257, 107, 241, 208, 68, 100, 258, 13, 59, 242, 11, 136, 61, 3, 238, 125, 81, 194, 74, 184, 217, 148, 222, 33, 32, 218, 270, 264, 207, 177, 268, 25, 93, 16, 143, 197, 212, 203, 126, 128, 141, 144, 151, 152, 157, 163, 167, 172, 175, 181, 182, 183, 190, 192, 193, 195, 198, 205, 213, 219, 221, 223, 224, 225, 228, 230, 231, 237, 239, 244, 250, 255, 265, 266]
x_123: [4, 6, 10, 11, 12, 13, 16, 19, 23, 31, 34, 36, 40, 41, 42, 44, 46, 49, 52, 53, 54, 55, 61, 62, 63, 64, 67, 69, 71, 73, 75, 76, 85, 86, 87, 88, 90, 96, 99, 109, 113, 116, 121, 60, 221, 177, 14, 70, 106, 141, 179, 5, 217, 206, 173, 140, 38, 107, 203, 137, 189, 97, 33, 24, 37, 195, 103, 1, 198, 45, 148, 187, 74, 168, 163, 84, 92, 154, 264, 134, 117, 248, 237, 172, 188, 30, 210, 57, 21, 182, 136, 130, 224, 3, 7, 244, 157, 150, 170, 158, 115, 251, 191, 269, 169, 35, 43, 39, 93, 219, 215, 254, 200, 91, 259, 111, 132, 220, 162, 82, 66, 131, 231, 133, 51, 26, 214, 2, 261, 152, 94, 156, 171, 138, 213, 81, 153, 176, 197, 47, 204, 260, 151, 59, 143, 207, 239, 56, 119, 112, 80, 247, 125, 127, 128, 129, 139, 144, 146, 155, 164, 167, 185, 194, 196, 201, 208, 212, 218, 230, 233, 234, 238, 240, 242, 245, 249, 257, 258]
x_124: [4, 6, 7, 9, 10, 13, 15, 18, 19, 21, 24, 27, 34, 39, 42, 44, 49, 52, 55, 59, 71, 73, 77, 79, 87, 88, 93, 102, 105, 113, 115, 119, 121, 215, 95, 220, 50, 31, 133, 167, 222, 135, 99, 48, 207, 185, 90, 163, 186, 65, 54, 101, 33, 132, 60, 35, 14, 211, 164, 75, 166, 269, 192, 231, 223, 182, 104, 233, 125, 201, 69, 245, 57, 170, 8, 126, 155, 267, 238, 129, 240, 130, 25, 138, 244, 187, 51, 171, 266, 162, 128, 94, 100, 190, 230, 137, 16, 247, 1, 180, 177, 61, 157, 209, 262, 11, 47, 260, 109, 68, 250, 235, 53, 23, 160, 200, 5, 22, 248, 20, 62, 40, 30, 198, 158, 43, 127, 108, 2, 91, 241, 141, 173, 261, 82, 80, 32, 219, 212, 242, 194, 253, 107, 168, 197, 254, 255, 36, 66, 144, 184, 227, 175, 98, 189, 165, 72, 78, 221, 206, 26, 92, 264, 251, 226, 136, 139, 142, 145, 151, 153, 159, 181, 199, 202, 204, 205, 210, 213, 214, 216, 237, 239, 243, 257, 259, 265]
x_125: [1, 5, 6, 7, 13, 15, 17, 20, 22, 23, 29, 30, 33, 34, 37, 39, 40, 41, 42, 44, 45, 46, 52, 53, 55, 56, 57, 61, 65, 66, 67, 68, 70, 71, 73, 76, 79, 87, 89, 91, 92, 96, 97, 102, 109, 112, 114, 115, 117, 119, 120, 121, 122, 124, 269, 263, 127, 24, 78, 233, 176, 190, 141, 60, 270, 11, 129, 227, 144, 204, 218, 267, 94, 169, 162, 101, 146, 183, 80, 25, 74, 54, 240, 27, 126, 225, 241, 258, 220, 59, 111, 50, 174, 156, 205, 173, 18, 62, 10, 51, 222, 82, 219, 230, 118, 64, 98, 134, 137, 8, 77, 237, 199, 203, 178, 130, 246, 265, 131, 228, 81, 88, 210, 250, 207, 181, 4, 188, 171, 157, 3, 158, 253, 236, 159, 14, 196, 28, 160, 251, 43, 123, 184, 2, 12, 83, 58, 32, 128, 9, 255, 150, 260, 72, 202, 262, 108, 110, 104, 256, 221, 38, 266, 16, 191, 206, 163, 264, 48, 148, 200, 175, 133, 249, 75, 161, 31, 136, 139, 140, 142, 143, 151, 152, 153, 154, 185, 186, 187, 198, 201, 212, 214, 226, 231, 234, 244, 247, 252, 254, 259, 261]
x_126: [5, 7, 8, 10, 11, 13, 16, 17, 18, 19, 29, 31, 34, 36, 37, 40, 41, 43, 45, 46, 49, 51, 53, 54, 55, 60, 65, 66, 68, 70, 75, 87, 88, 89, 101, 107, 119, 124, 125, 38, 180, 9, 166, 111, 84, 260, 179, 209, 259, 152, 220, 204, 133, 248, 134, 186, 73, 200, 143, 42, 150, 270, 253, 117, 224, 108, 230, 246, 121, 158, 98, 44, 239, 27, 216, 251, 144, 198, 237, 264, 177, 20, 231, 212, 181, 135, 142, 205, 61, 71, 206, 141, 215, 249, 202, 28, 106, 226, 225, 164, 170, 105, 229, 203, 100, 262, 213, 85, 139, 50, 136, 236, 232, 183, 195, 227, 145, 184, 163, 118, 112, 238, 241, 165, 1, 140, 263, 115, 155, 201, 97, 247, 6, 221, 190, 130, 153, 234, 138, 3, 162, 250, 131, 235, 59, 48, 176, 187, 149, 178, 219, 92, 64, 47, 52, 39, 122, 102, 193, 255, 127, 146, 148, 154, 157, 171, 182, 189, 192, 194, 211, 222, 228, 233, 242, 244, 245, 254, 261, 267]
x_127: [4, 6, 7, 9, 12, 15, 17, 22, 28, 30, 31, 32, 35, 37, 39, 40, 41, 46, 54, 57, 58, 62, 63, 66, 73, 75, 81, 83, 88, 99, 102, 105, 108, 111, 112, 120, 121, 124, 125, 172, 269, 249, 211, 150, 47, 90, 250, 181, 137, 91, 210, 61, 239, 244, 113, 185, 149, 212, 42, 152, 251, 202, 201, 261, 130, 266, 86, 106, 233, 24, 267, 182, 123, 179, 170, 206, 94, 19, 234, 8, 27, 227, 225, 18, 207, 193, 229, 72, 254, 95, 203, 171, 194, 228, 101, 218, 246, 198, 68, 195, 160, 143, 242, 103, 132, 2, 80, 265, 204, 148, 53, 156, 34, 166, 36, 133, 223, 157, 43, 117, 252, 174, 184, 97, 96, 161, 135, 262, 92, 38, 13, 33, 64, 16, 158, 136, 60, 59, 189, 222, 89, 110, 56, 114, 129, 77, 29, 126, 208, 245, 45, 23, 49, 213, 164, 221, 236, 14, 168, 100, 200, 79, 216, 107, 138, 146, 151, 153, 155, 159, 163, 175, 176, 183, 186, 187, 190, 192, 197, 199, 215, 226, 231, 235, 238, 243, 247, 255, 257, 259, 260, 264, 270]
x_128: [3, 6, 7, 10, 11, 16, 20, 21, 23, 24, 29, 30, 33, 34, 39, 44, 46, 57, 63, 66, 67, 68, 70, 71, 72, 75, 89, 92, 96, 107, 108, 111, 112, 113, 117, 119, 120, 124, 125, 174, 244, 13, 38, 102, 118, 47, 121, 264, 268, 179, 182, 56, 76, 243, 261, 247, 123, 239, 81, 25, 122, 19, 187, 88, 31, 74, 115, 263, 218, 35, 80, 195, 251, 265, 48, 181, 27, 95, 259, 246, 208, 220, 40, 229, 260, 100, 41, 226, 240, 156, 4, 62, 98, 69, 258, 154, 166, 163, 78, 60, 135, 183, 150, 65, 206, 165, 73, 83, 103, 85, 215, 142, 175, 170, 14, 162, 270, 2, 242, 228, 225, 184, 97, 178, 110, 144, 241, 216, 114, 217, 153, 168, 171, 139, 257, 45, 253, 94, 86, 140, 84, 148, 53, 203, 172, 177, 160, 157, 211, 219, 116, 55, 5, 36, 9, 129, 133, 146, 152, 155, 164, 173, 176, 188, 192, 193, 194, 198, 201, 202, 204, 205, 212, 213, 221, 222, 223, 224, 230, 231, 233, 238, 245, 249, 250, 252, 255, 256, 267]
x_129: [4, 6, 7, 8, 10, 16, 24, 25, 26, 28, 30, 31, 33, 35, 37, 39, 40, 41, 45, 49, 56, 61, 63, 65, 66, 68, 73, 75, 76, 81, 85, 89, 90, 91, 96, 99, 102, 104, 112, 113, 114, 122, 124, 125, 127, 123, 70, 187, 46, 166, 181, 186, 132, 244, 154, 111, 248, 20, 160, 128, 263, 214, 222, 220, 158, 224, 64, 120, 21, 100, 264, 261, 255, 250, 208, 57, 146, 258, 201, 241, 147, 262, 188, 169, 50, 242, 216, 43, 257, 254, 235, 101, 196, 239, 62, 189, 1, 136, 23, 106, 58, 228, 93, 231, 232, 119, 199, 29, 185, 79, 9, 59, 22, 226, 215, 142, 172, 190, 55, 51, 234, 256, 53, 246, 17, 137, 249, 157, 52, 116, 36, 251, 92, 15, 34, 11, 83, 72, 97, 165, 148, 269, 221, 162, 236, 218, 195, 98, 95, 109, 177, 107, 230, 211, 212, 260, 229, 145, 94, 268, 110, 179, 138, 143, 213, 131, 133, 134, 139, 151, 152, 153, 161, 168, 174, 183, 192, 193, 194, 197, 198, 204, 205, 223, 225, 233, 238, 240, 245, 247, 266, 267, 270]
x_130: [3, 4, 6, 8, 10, 13, 15, 16, 17, 21, 23, 24, 28, 34, 35, 39, 40, 42, 44, 50, 52, 53, 55, 56, 57, 58, 61, 62, 63, 64, 66, 67, 68, 70, 72, 85, 88, 91, 99, 102, 108, 109, 111, 112, 114, 119, 120, 123, 124, 125, 126, 127, 69, 196, 178, 115, 144, 113, 200, 9, 45, 252, 239, 177, 202, 219, 246, 187, 172, 29, 256, 191, 165, 236, 104, 221, 136, 171, 168, 83, 96, 189, 211, 232, 1, 195, 259, 224, 220, 230, 205, 71, 207, 133, 268, 164, 183, 5, 166, 116, 30, 73, 208, 150, 247, 49, 251, 137, 141, 143, 146, 147, 151, 152, 157, 158, 163, 173, 176, 181, 186, 192, 194, 197, 198, 199, 209, 210, 212, 222, 223, 225, 238, 242, 245, 248, 249, 255, 260, 265, 270]
x_131: [1, 3, 4, 6, 7, 11, 13, 15, 23, 24, 28, 31, 33, 41, 42, 52, 56, 58, 65, 66, 69, 71, 75, 89, 90, 99, 102, 107, 108, 112, 121, 122, 123, 125, 126, 129, 232, 105, 110, 98, 146, 161, 259, 186, 50, 27, 262, 155, 205, 217, 20, 199, 248, 43, 25, 138, 79, 8, 220, 169, 36, 96, 183, 104, 10, 269, 222, 192, 46, 258, 142, 54, 263, 51, 57, 194, 225, 22, 188, 193, 81, 139, 208, 264, 197, 202, 147, 100, 32, 35, 137, 163, 152, 14, 76, 214, 78, 120, 238, 167, 18, 224, 226, 103, 48, 30, 207, 134, 67, 256, 19, 114, 82, 83, 246, 184, 181, 245, 93, 174, 140, 86, 111, 136, 141, 144, 148, 151, 153, 154, 156, 157, 160, 162, 164, 168, 172, 175, 179, 180, 182, 185, 187, 189, 196, 198, 210, 211, 218, 227, 228, 230, 240, 241, 242, 244, 247, 250, 251, 254, 257, 261, 265, 266, 268]
x_132: [8, 9, 10, 17, 20, 23, 24, 25, 28, 34, 37, 39, 41, 42, 45, 46, 49, 52, 56, 58, 60, 62, 63, 66, 69, 70, 73, 81, 87, 89, 90, 91, 96, 99, 102, 108, 109, 112, 114, 121, 123, 124, 127, 129, 259, 226, 118, 82, 95, 79, 172, 110, 134, 233, 222, 50, 258, 161, 31, 27, 252, 154, 212, 76, 200, 205, 133, 5, 68, 255, 247, 263, 136, 19, 142, 143, 145, 146, 148, 149, 151, 156, 158, 164, 168, 185, 192, 195, 196, 197, 201, 202, 207, 209, 211, 213, 221, 225, 229, 231, 234, 235, 240, 242, 243, 244, 245, 251, 260, 261, 264, 265, 267]
x_133: [3, 4, 6, 7, 8, 12, 15, 19, 20, 21, 22, 23, 25, 27, 29, 34, 35, 36, 39, 41, 42, 44, 49, 54, 57, 66, 69, 70, 71, 75, 76, 79, 85, 86, 87, 89, 96, 102, 103, 105, 106, 108, 117, 119, 122, 123, 124, 125, 126, 127, 130, 132, 118, 251, 45, 135, 187, 263, 257, 244, 243, 143, 111, 262, 161, 107, 16, 120, 148, 255, 5, 222, 115, 227, 37, 48, 167, 270, 136, 176, 46, 138, 215, 219, 1, 214, 250, 245, 261, 80, 268, 104, 189, 100, 208, 61, 170, 165, 191, 88, 196, 166, 190, 98, 94, 210, 129, 109, 267, 38, 82, 169, 128, 101, 225, 199, 186, 217, 216, 9, 193, 211, 159, 91, 93, 239, 160, 60, 179, 195, 226, 203, 254, 194, 212, 264, 53, 259, 229, 168, 207, 177, 92, 81, 50, 231, 184, 220, 202, 188, 139, 144, 146, 151, 153, 157, 164, 175, 181, 182, 183, 185, 192, 197, 198, 200, 201, 204, 206, 224, 228, 234, 237, 240, 241, 242, 249, 258]
x_134: [6, 7, 8, 15, 22, 23, 24, 28, 29, 37, 39, 40, 44, 45, 65, 66, 69, 71, 73, 74, 75, 89, 105, 107, 108, 111, 112, 114, 119, 122, 123, 125, 126, 131, 132, 57, 220, 261, 250, 102, 141, 212, 140, 209, 87, 3, 150, 58, 99, 20, 147, 77, 14, 165, 160, 19, 176, 97, 104, 228, 2, 98, 142, 198, 9, 248, 269, 50, 25, 201, 51, 244, 47, 17, 241, 217, 27, 42, 84, 86, 1, 226, 5, 170, 227, 158, 61, 229, 52, 238, 180, 159, 211, 265, 239, 193, 174, 43, 139, 110, 32, 60, 231, 243, 67, 10, 205, 161, 13, 224, 169, 85, 46, 109, 197, 55, 204, 96, 129, 49, 117, 101, 83, 234, 236, 167, 162, 82, 200, 175, 155, 166, 137, 145, 146, 151, 152, 153, 163, 168, 181, 182, 183, 189, 191, 194, 196, 199, 213, 214, 216, 221, 222, 225, 230, 237, 245, 251, 255, 257, 260, 262, 266, 270]
x_135: [7, 10, 15, 17, 18, 20, 23, 27, 28, 33, 34, 35, 39, 44, 46, 47, 49, 52, 54, 55, 57, 58, 63, 68, 70, 71, 72, 76, 88, 91, 92, 95, 102, 105, 108, 109, 114, 116, 119, 124, 126, 127, 128, 133, 207, 215, 120, 40, 161, 66, 155, 60, 84, 79, 19, 113, 148, 253, 206, 118, 194, 270, 101, 185, 182, 230, 264, 201, 226, 238, 3, 258, 141, 142, 143, 144, 151, 158, 159, 163, 171, 172, 174, 176, 179, 183, 184, 186, 187, 189, 190, 193, 196, 197, 198, 202, 204, 205, 208, 210, 211, 213, 216, 218, 225, 228, 233, 235, 239, 241, 244, 245, 247, 249, 250, 251, 255, 259, 261]
x_136: [7, 8, 15, 16, 20, 22, 23, 24, 27, 30, 33, 36, 37, 40, 44, 45, 46, 51, 52, 57, 62, 63, 64, 65, 67, 68, 69, 72, 73, 75, 81, 85, 90, 91, 93, 102, 107, 108, 111, 113, 117, 120, 121, 122, 123, 126, 127, 129, 130, 132, 133, 88, 211, 169, 176, 228, 160, 158, 149, 260, 25, 229, 269, 138, 239, 9, 237, 58, 164, 221, 112, 218, 66, 241, 124, 31, 170, 32, 261, 161, 231, 224, 71, 5, 183, 168, 54, 251, 157, 50, 186, 202, 131, 79, 83, 216, 151, 42, 76, 203, 178, 21, 264, 110, 266, 99, 143, 253, 87, 243, 180, 185, 28, 215, 206, 145, 146, 217, 256, 125, 227, 96, 82, 154, 95, 148, 212, 265, 137, 188, 187, 97, 114, 39, 116, 181, 10, 258, 4, 246, 209, 252, 159, 255, 198, 94, 139, 141, 142, 147, 153, 171, 182, 184, 192, 194, 197, 201, 205, 207, 208, 219, 220, 225, 226, 233, 238, 242, 245, 247, 249, 254, 257, 259, 267]
x_137: [1, 3, 4, 6, 7, 8, 9, 11, 15, 16, 17, 19, 20, 22, 23, 24, 28, 30, 31, 36, 37, 39, 45, 46, 47, 49, 52, 57, 65, 66, 73, 74, 75, 79, 85, 90, 96, 102, 103, 107, 113, 114, 115, 121, 122, 123, 124, 125, 127, 129, 131, 136, 18, 116, 240, 212, 216, 193, 134, 249, 158, 140, 42, 120, 130, 181, 29, 109, 154, 242, 264, 213, 12, 245, 112, 214, 197, 225, 265, 144, 161, 64, 50, 78, 38, 261, 257, 141, 143, 146, 150, 151, 153, 157, 164, 167, 168, 176, 183, 184, 186, 187, 195, 198, 199, 200, 201, 204, 206, 207, 208, 209, 211, 220, 221, 223, 227, 229, 230, 233, 234, 237, 238, 241, 243, 244, 251, 258, 259, 262, 266, 267, 268]
x_138: [3, 4, 5, 7, 8, 10, 13, 14, 15, 19, 23, 24, 29, 31, 32, 33, 36, 39, 40, 41, 44, 46, 47, 49, 52, 54, 56, 57, 60, 63, 66, 71, 73, 74, 75, 85, 91, 95, 99, 101, 102, 104, 105, 107, 109, 113, 118, 119, 120, 121, 123, 124, 126, 129, 131, 133, 136, 82, 28, 187, 110, 12, 196, 164, 179, 201, 261, 86, 242, 178, 78, 159, 195, 209, 234, 48, 264, 194, 163, 151, 204, 212, 62, 51, 155, 80, 253, 241, 230, 160, 55, 182, 22, 236, 127, 233, 141, 142, 143, 146, 148, 150, 152, 153, 154, 157, 161, 168, 173, 174, 176, 183, 186, 192, 197, 198, 199, 200, 202, 208, 210, 216, 218, 220, 221, 222, 224, 225, 226, 229, 231, 235, 239, 240, 243, 246, 249, 251, 254]
x_139: [7, 9, 10, 20, 24, 30, 33, 34, 35, 44, 52, 54, 56, 57, 58, 67, 68, 69, 71, 75, 84, 87, 89, 93, 99, 101, 107, 109, 115, 119, 122, 126, 128, 131, 134, 108, 213, 234, 133, 236, 102, 129, 155, 94, 198, 256, 47, 18, 230, 209, 14, 228, 97, 145, 190, 193, 235, 250, 185, 29, 136, 123, 164, 100, 226, 59, 221, 267, 38, 41, 189, 85, 160, 143, 113, 63, 95, 206, 147, 262, 229, 48, 210, 269, 72, 116, 197, 163, 214, 12, 2, 162, 268, 178, 227, 251, 218, 124, 244, 13, 1, 74, 6, 53, 50, 263, 11, 150, 106, 257, 252, 121, 27, 212, 242, 118, 125, 182, 181, 258, 183, 169, 179, 105, 200, 219, 36, 245, 211, 142, 144, 146, 148, 151, 154, 167, 168, 176, 186, 188, 199, 202, 203, 204, 205, 208, 225, 238, 239, 241, 255, 259, 261]
x_140: [3, 6, 8, 13, 18, 23, 24, 25, 30, 34, 39, 40, 46, 51, 52, 66, 70, 71, 73, 75, 76, 81, 86, 87, 88, 91, 96, 99, 101, 102, 105, 114, 119, 121, 123, 126, 128, 131, 134, 137, 19, 162, 156, 61, 16, 165, 85, 214, 125, 170, 153, 80, 44, 213, 237, 63, 225, 109, 31, 54, 22, 27, 247, 94, 67, 208, 265, 197, 29, 204, 194, 166, 26, 68, 238, 177, 1, 83, 161, 260, 145, 92, 246, 254, 219, 49, 103, 104, 168, 43, 78, 207, 45, 243, 14, 234, 9, 143, 164, 12, 233, 113, 230, 38, 110, 160, 28, 189, 142, 146, 148, 151, 152, 154, 157, 158, 163, 172, 173, 176, 178, 181, 182, 198, 199, 201, 206, 210, 211, 212, 220, 223, 224, 239, 242, 244, 250, 251, 256, 257, 258, 259, 264, 266]
x_141: [6, 7, 8, 9, 10, 13, 24, 29, 33, 45, 46, 51, 53, 70, 72, 73, 84, 86, 89, 90, 91, 99, 104, 105, 108, 109, 112, 114, 121, 123, 124, 125, 126, 134, 213, 93, 52, 175, 18, 42, 179, 155, 71, 131, 226, 135, 31, 137, 207, 216, 164, 3, 120, 251, 152, 100, 56, 22, 215, 186, 254, 181, 170, 44, 92, 211, 222, 148, 122, 196, 102, 188, 41, 241, 208, 174, 111, 14, 142, 147, 59, 130, 195, 256, 2, 20, 178, 32, 74, 242, 249, 118, 138, 157, 35, 206, 88, 34, 199, 136, 224, 262, 80, 62, 187, 144, 146, 151, 153, 156, 161, 172, 173, 176, 180, 182, 183, 190, 193, 198, 201, 202, 204, 209, 210, 220, 221, 228, 230, 231, 235, 238, 240, 244, 245, 246, 247, 258, 259, 261, 265, 267, 268]
x_142: [4, 6, 7, 10, 15, 16, 17, 19, 23, 24, 25, 28, 31, 33, 34, 36, 44, 46, 49, 55, 57, 59, 60, 61, 63, 65, 66, 68, 70, 71, 72, 75, 89, 96, 101, 105, 112, 115, 116, 119, 120, 121, 126, 128, 129, 131, 134, 141, 54, 255, 76, 251, 212, 93, 246, 37, 125, 190, 189, 95, 97, 35, 195, 21, 254, 81, 43, 12, 238, 259, 48, 139, 67, 240, 247, 140, 167, 179, 64, 269, 80, 226, 164, 261, 42, 22, 220, 232, 207, 170, 219, 2, 138, 56, 118, 155, 231, 229, 234, 103, 148, 173, 30, 244, 250, 3, 136, 84, 58, 41, 27, 145, 82, 222, 94, 262, 224, 47, 191, 249, 257, 152, 194, 14, 211, 188, 26, 74, 20, 265, 156, 52, 264, 202, 154, 217, 8, 248, 69, 201, 150, 256, 87, 258, 260, 13, 132, 85, 111, 32, 192, 114, 102, 147, 203, 227, 210, 88, 266, 236, 253, 237, 62, 113, 169, 205, 39, 159, 225, 98, 182, 193, 183, 177, 215, 124, 135, 187, 263, 165, 200, 109, 178, 230, 86, 161, 163, 196, 144, 146, 153, 158, 176, 180, 181, 185, 197, 199, 204, 206, 208, 213, 218, 221, 228, 233, 235, 239, 270]
x_143: [6, 7, 8, 12, 13, 14, 17, 18, 19, 22, 23, 24, 27, 29, 30, 31, 33, 34, 35, 36, 37, 39, 40, 46, 52, 53, 54, 56, 62, 65, 66, 67, 69, 70, 71, 74, 75, 76, 81, 90, 94, 96, 99, 102, 109, 110, 111, 114, 121, 122, 123, 126, 127, 129, 133, 136, 139, 140, 57, 43, 233, 201, 179, 200, 98, 227, 238, 48, 260, 154, 187, 249, 175, 217, 193, 137, 149, 263, 248, 45, 49, 198, 163, 103, 92, 88, 3, 153, 118, 212, 72, 222, 244, 59, 185, 265, 101, 197, 82, 78, 138, 2, 172, 194, 177, 161, 130, 167, 229, 236, 125, 151, 38, 188, 245, 91, 171, 219, 10, 262, 205, 105, 232, 166, 182, 189, 240, 155, 44, 41, 234, 15, 231, 50, 190, 254, 241, 108, 135, 270, 47, 85, 20, 195, 51, 106, 157, 176, 186, 178, 132, 162, 144, 80, 251, 152, 115, 160, 32, 21, 253, 146, 156, 168, 181, 192, 199, 204, 210, 213, 214, 215, 220, 223, 225, 230, 242, 243, 257, 258, 261]
x_144: [3, 5, 8, 9, 10, 12, 18, 19, 22, 24, 27, 28, 33, 34, 36, 41, 42, 45, 50, 51, 55, 58, 59, 61, 65, 66, 67, 70, 71, 76, 84, 88, 89, 91, 95, 97, 99, 102, 105, 108, 111, 114, 124, 125, 126, 128, 130, 137, 143, 256, 246, 206, 263, 4, 16, 147, 204, 146, 68, 218, 142, 197, 186, 157, 250, 159, 119, 216, 155, 260, 150, 2, 189, 259, 110, 162, 166, 194, 90, 203, 26, 11, 212, 21, 210, 228, 23, 179, 116, 13, 17, 101, 139, 60, 251, 224, 238, 227, 123, 240, 133, 94, 264, 25, 148, 98, 267, 74, 231, 247, 168, 131, 46, 160, 35, 118, 243, 170, 106, 233, 257, 48, 169, 181, 235, 213, 209, 40, 81, 72, 176, 248, 47, 149, 191, 115, 175, 151, 268, 200, 56, 57, 100, 44, 261, 141, 54, 112, 205, 230, 201, 265, 219, 161, 77, 135, 196, 152, 49, 109, 92, 221, 122, 193, 87, 154, 64, 237, 234, 85, 188, 269, 198, 78, 207, 69, 43, 223, 214, 270, 195, 178, 20, 82, 183, 255, 156, 172, 187, 199, 202, 208, 220, 222, 225, 226, 229, 244, 245, 254]
x_145: [3, 8, 15, 17, 18, 20, 23, 25, 28, 29, 30, 33, 35, 36, 37, 52, 53, 55, 57, 61, 64, 65, 66, 68, 69, 70, 72, 76, 86, 88, 89, 90, 91, 96, 99, 101, 104, 109, 111, 112, 120, 126, 129, 136, 139, 140, 142, 32, 257, 132, 199, 267, 159, 162, 174, 48, 246, 171, 214, 134, 242, 166, 238, 178, 188, 85, 105, 147, 187, 209, 200, 218, 255, 190, 150, 124, 34, 60, 83, 22, 41, 153, 231, 228, 192, 146, 148, 157, 158, 169, 172, 176, 179, 181, 184, 186, 189, 195, 202, 204, 210, 211, 216, 221, 222, 225, 230, 233, 234, 245, 251, 252, 260, 262]
x_146: [1, 6, 7, 8, 15, 20, 30, 33, 37, 39, 42, 44, 45, 46, 52, 54, 57, 63, 64, 66, 67, 68, 69, 73, 76, 80, 81, 82, 85, 87, 88, 89, 101, 102, 108, 109, 112, 114, 115, 116, 120, 122, 125, 129, 131, 136, 144, 209, 180, 218, 167, 210, 90, 148, 189, 221, 227, 79, 216, 215, 205, 246, 51, 181, 113, 123, 121, 127, 118, 245, 5, 43, 263, 208, 56, 36, 199, 152, 176, 149, 60, 104, 259, 220, 211, 172, 55, 18, 119, 206, 142, 132, 9, 224, 196, 150, 83, 186, 253, 194, 98, 94, 257, 72, 260, 222, 268, 162, 175, 233, 235, 117, 262, 231, 217, 226, 92, 48, 12, 157, 141, 230, 269, 244, 75, 195, 242, 130, 207, 86, 201, 22, 34, 170, 204, 250, 31, 143, 177, 197, 27, 50, 239, 40, 270, 24, 236, 251, 159, 71, 133, 134, 65, 26, 137, 168, 41, 107, 225, 238, 11, 160, 229, 256, 267, 96, 214, 166, 234, 237, 264, 103, 140, 192, 139, 138, 74, 126, 145, 153, 147, 247, 255, 169, 49, 128, 202, 252, 47, 151, 158, 173, 178, 185, 219, 228, 232, 243, 249, 265, 266]
x_147: [13, 16, 20, 23, 24, 28, 29, 31, 33, 34, 37, 41, 42, 44, 50, 52, 60, 61, 62, 66, 73, 79, 85, 87, 91, 93, 95, 99, 101, 102, 108, 111, 112, 116, 119, 122, 129, 131, 134, 139, 141, 142, 144, 145, 146, 260, 233, 218, 114, 55, 149, 223, 25, 190, 256, 243, 207, 151, 130, 167, 163, 176, 6, 231, 69, 187, 268, 83, 22, 82, 232, 204, 266, 168, 7, 184, 100, 166, 181, 261, 156, 49, 89, 136, 220, 185, 103, 110, 51, 267, 270, 158, 9, 148, 150, 162, 171, 173, 175, 179, 180, 183, 186, 193, 195, 197, 199, 201, 202, 203, 205, 211, 214, 221, 228, 235, 238, 239, 241, 245, 246, 251, 253, 258, 259, 262, 264]
x_148: [7, 8, 9, 11, 15, 18, 19, 22, 27, 33, 34, 36, 40, 44, 46, 47, 49, 50, 54, 57, 61, 68, 70, 75, 76, 85, 87, 89, 91, 101, 105, 115, 121, 122, 123, 125, 127, 128, 129, 133, 135, 136, 141, 142, 144, 146, 211, 217, 156, 117, 108, 37, 235, 177, 162, 188, 79, 154, 5, 185, 88, 71, 114, 29, 191, 48, 72, 261, 1, 60, 12, 258, 215, 172, 74, 236, 150, 139, 183, 90, 103, 153, 119, 35, 174, 120, 26, 126, 38, 239, 247, 222, 116, 145, 86, 201, 110, 203, 132, 170, 230, 55, 112, 140, 167, 190, 202, 13, 168, 63, 25, 81, 192, 131, 250, 96, 233, 52, 244, 66, 165, 173, 69, 241, 166, 113, 204, 264, 243, 207, 102, 196, 16, 163, 171, 41, 109, 97, 6, 256, 219, 82, 157, 73, 259, 260, 245, 62, 23, 208, 92, 147, 100, 263, 106, 31, 95, 232, 175, 169, 51, 20, 59, 28, 39, 184, 265, 104, 84, 58, 237, 3, 160, 94, 220, 138, 229, 99, 199, 155, 17, 248, 181, 2, 194, 200, 218, 78, 107, 252, 255, 83, 152, 158, 178, 179, 182, 186, 193, 195, 197, 206, 209, 210, 212, 213, 216, 221, 224, 225, 238, 240, 242, 251, 268, 270]
x_149: [1, 3, 5, 7, 13, 17, 18, 22, 24, 27, 29, 35, 42, 44, 46, 47, 49, 52, 54, 57, 63, 66, 69, 70, 71, 73, 76, 79, 84, 88, 89, 91, 97, 99, 100, 105, 108, 109, 111, 116, 120, 126, 127, 136, 143, 144, 146, 147, 23, 33, 8, 209, 172, 26, 132, 28, 186, 171, 155, 157, 161, 164, 167, 168, 181, 185, 187, 192, 194, 195, 196, 199, 203, 204, 213, 222, 225, 229, 233, 237, 242, 243, 246, 251, 257, 258, 260, 269]
x_150: [4, 8, 10, 13, 16, 20, 28, 31, 32, 33, 34, 35, 37, 38, 40, 42, 44, 45, 50, 52, 57, 58, 61, 66, 67, 70, 72, 89, 91, 98, 101, 102, 104, 105, 107, 111, 112, 116, 119, 122, 123, 125, 126, 127, 128, 130, 134, 139, 142, 144, 145, 146, 148, 26, 264, 75, 157, 84, 229, 46, 266, 81, 5, 1, 220, 237, 175, 248, 169, 171, 161, 183, 138, 147, 203, 173, 178, 155, 251, 252, 87, 223, 197, 51, 166, 3, 108, 222, 77, 48, 62, 255, 30, 137, 244, 18, 24, 262, 225, 205, 151, 152, 154, 158, 160, 164, 167, 168, 172, 181, 182, 186, 187, 190, 192, 195, 196, 199, 201, 208, 213, 214, 231, 241, 242, 245, 250, 253, 254, 260, 261, 265, 268]
x_151: [3, 4, 6, 9, 10, 15, 17, 18, 21, 22, 23, 24, 26, 27, 31, 33, 34, 35, 36, 40, 41, 42, 44, 45, 49, 50, 52, 54, 57, 63, 66, 68, 73, 76, 88, 89, 90, 91, 101, 107, 108, 111, 113, 114, 119, 120, 121, 123, 136, 138, 143, 144, 147, 208, 55, 220, 249, 198, 98, 134, 243, 173, 20, 62, 61, 124, 258, 109, 140, 137, 245, 168, 178, 48, 227, 193, 131, 171, 250, 157, 233, 122, 170, 180, 269, 97, 82, 28, 158, 104, 231, 135, 29, 67, 221, 253, 182, 141, 132, 214, 167, 71, 268, 172, 246, 156, 234, 100, 252, 183, 115, 237, 38, 65, 153, 230, 14, 127, 159, 235, 240, 244, 1, 5, 215, 32, 2, 58, 12, 150, 248, 181, 205, 139, 74, 146, 81, 261, 187, 160, 39, 106, 19, 169, 46, 47, 190, 60, 200, 30, 43, 118, 152, 226, 51, 247, 116, 179, 222, 184, 162, 117, 265, 236, 155, 163, 218, 239, 25, 270, 185, 94, 86, 133, 129, 96, 93, 125, 263, 130, 176, 186, 37, 69, 192, 177, 95, 8, 224, 166, 195, 174, 175, 188, 194, 211, 219, 228, 241, 256, 259, 266, 267]
x_152: [1, 3, 4, 6, 10, 15, 16, 19, 20, 24, 31, 32, 33, 41, 45, 46, 54, 55, 56, 64, 65, 66, 67, 68, 73, 89, 91, 94, 99, 102, 105, 108, 111, 112, 113, 115, 119, 120, 123, 126, 127, 131, 141, 142, 143, 144, 146, 151, 175, 234, 255, 2, 103, 251, 61, 92, 163, 230, 75, 52, 262, 198, 270, 217, 85, 130, 11, 58, 13, 125, 203, 174, 160, 155, 5, 258, 156, 235, 250, 114, 29, 216, 150, 159, 100, 8, 134, 254, 148, 172, 179, 173, 247, 86, 249, 180, 177, 44, 129, 37, 84, 96, 47, 118, 211, 170, 237, 116, 25, 104, 167, 184, 162, 63, 7, 227, 239, 206, 80, 164, 214, 128, 186, 49, 83, 266, 201, 93, 74, 138, 26, 208, 140, 53, 226, 158, 122, 17, 153, 154, 176, 181, 182, 183, 185, 187, 188, 190, 192, 194, 196, 197, 202, 205, 207, 210, 212, 213, 218, 220, 221, 222, 224, 225, 229, 242, 245, 265, 268]
x_153: [3, 6, 7, 8, 13, 15, 19, 24, 26, 28, 30, 34, 42, 45, 46, 49, 52, 53, 55, 56, 59, 65, 69, 70, 71, 72, 74, 75, 78, 84, 85, 90, 91, 99, 101, 108, 109, 112, 116, 120, 122, 123, 126, 128, 140, 143, 145, 146, 148, 151, 63, 251, 110, 229, 4, 178, 172, 33, 256, 231, 173, 223, 235, 104, 152, 103, 221, 82, 208, 166, 67, 80, 239, 261, 241, 155, 263, 265, 163, 129, 47, 254, 11, 81, 79, 196, 218, 213, 191, 141, 199, 217, 136, 18, 64, 124, 142, 21, 170, 20, 169, 94, 87, 192, 1, 159, 233, 216, 133, 181, 5, 95, 164, 200, 230, 162, 186, 268, 102, 107, 253, 160, 96, 257, 214, 269, 207, 51, 54, 127, 222, 188, 40, 117, 61, 174, 189, 165, 246, 131, 190, 92, 105, 36, 248, 161, 31, 262, 236, 137, 25, 39, 113, 195, 232, 68, 60, 204, 134, 180, 158, 41, 43, 249, 255, 121, 175, 9, 203, 210, 14, 138, 205, 97, 220, 114, 115, 197, 35, 176, 29, 125, 154, 157, 183, 185, 193, 194, 202, 209, 212, 225, 234, 244, 245, 259]
x_154: [6, 8, 9, 10, 13, 15, 23, 24, 27, 30, 31, 34, 35, 36, 40, 42, 44, 45, 46, 58, 59, 61, 63, 64, 66, 67, 69, 70, 71, 72, 73, 76, 84, 85, 88, 95, 96, 97, 99, 101, 102, 108, 112, 119, 121, 122, 123, 128, 129, 132, 136, 137, 142, 143, 144, 148, 264, 184, 213, 217, 176, 81, 234, 125, 228, 252, 244, 51, 206, 236, 201, 38, 32, 92, 197, 257, 57, 215, 170, 172, 113, 240, 189, 262, 239, 1, 140, 115, 60, 186, 150, 116, 18, 179, 93, 209, 256, 173, 75, 230, 177, 126, 68, 3, 53, 178, 152, 203, 109, 139, 131, 251, 171, 160, 207, 49, 243, 77, 22, 268, 270, 266, 241, 56, 200, 223, 226, 210, 100, 260, 164, 120, 153, 216, 82, 19, 138, 20, 175, 103, 163, 168, 169, 182, 183, 185, 188, 190, 191, 192, 194, 202, 205, 208, 211, 220, 221, 224, 225, 231, 237, 238, 247, 250, 258, 259, 261]
x_155: [7, 8, 10, 14, 15, 16, 18, 21, 28, 32, 33, 34, 35, 37, 39, 40, 41, 42, 44, 45, 49, 52, 54, 56, 57, 61, 63, 66, 71, 73, 75, 84, 88, 89, 92, 99, 105, 108, 111, 116, 120, 124, 126, 131, 134, 135, 138, 139, 141, 142, 143, 144, 148, 150, 151, 152, 153, 114, 106, 266, 115, 104, 78, 253, 110, 192, 250, 53, 76, 169, 224, 51, 48, 246, 238, 200, 50, 222, 256, 43, 184, 219, 239, 69, 87, 259, 65, 128, 205, 207, 201, 232, 67, 2, 231, 191, 223, 242, 97, 25, 70, 270, 17, 19, 221, 81, 121, 55, 127, 156, 123, 149, 82, 23, 164, 196, 185, 217, 240, 98, 175, 227, 74, 22, 157, 159, 163, 168, 171, 178, 181, 190, 193, 194, 195, 198, 202, 206, 210, 212, 216, 220, 230, 233, 235, 237, 241, 243, 244, 247, 249, 252, 254, 255, 258, 260, 261, 262, 267]
x_156: [1, 5, 7, 14, 16, 17, 18, 19, 22, 23, 26, 31, 34, 35, 37, 42, 44, 46, 48, 52, 55, 57, 58, 61, 63, 68, 71, 75, 76, 81, 88, 91, 97, 98, 102, 114, 116, 120, 121, 123, 125, 127, 128, 140, 142, 147, 148, 151, 152, 155, 104, 237, 11, 79, 198, 132, 38, 56, 141, 39, 170, 215, 33, 203, 236, 86, 3, 181, 214, 175, 51, 101, 220, 107, 209, 216, 178, 267, 119, 226, 131, 109, 168, 90, 70, 208, 202, 13, 188, 256, 263, 143, 211, 160, 69, 80, 179, 176, 247, 6, 78, 144, 157, 164, 174, 183, 184, 185, 186, 187, 189, 191, 194, 195, 196, 199, 201, 210, 222, 224, 225, 230, 233, 238, 240, 243, 244, 245, 251, 253, 257, 258, 265]
x_157: [3, 6, 7, 9, 10, 15, 17, 19, 20, 21, 24, 27, 28, 30, 33, 34, 37, 42, 46, 49, 52, 53, 55, 61, 63, 65, 72, 73, 74, 75, 76, 77, 80, 81, 88, 90, 91, 99, 101, 102, 108, 115, 116, 118, 119, 123, 124, 125, 127, 128, 129, 136, 141, 143, 144, 146, 148, 150, 151, 14, 208, 5, 153, 156, 48, 122, 18, 67, 253, 198, 47, 114, 179, 159, 54, 171, 170, 83, 193, 35, 192, 255, 213, 163, 227, 87, 225, 105, 62, 174, 221, 209, 200, 257, 96, 233, 69, 160, 195, 39, 120, 117, 249, 131, 8, 22, 235, 32, 197, 149, 190, 222, 56, 228, 210, 183, 71, 66, 95, 25, 145, 220, 158, 223, 43, 13, 241, 133, 12, 212, 138, 59, 247, 26, 206, 188, 202, 234, 262, 11, 248, 268, 16, 155, 130, 261, 216, 258, 168, 267, 215, 113, 31, 256, 204, 126, 226, 140, 199, 236, 230, 176, 203, 245, 137, 167, 180, 181, 182, 189, 201, 211, 224, 231, 237, 239, 240, 242, 243, 251, 254, 266]
x_158: [2, 4, 5, 8, 10, 15, 18, 19, 21, 22, 29, 30, 31, 33, 40, 42, 45, 46, 55, 65, 67, 70, 73, 75, 76, 81, 88, 99, 102, 103, 104, 113, 116, 118, 119, 123, 124, 125, 126, 127, 129, 134, 136, 137, 147, 151, 152, 153, 157, 204, 150, 231, 228, 219, 110, 199, 206, 234, 41, 168, 37, 224, 183, 74, 207, 162, 87, 83, 105, 185, 177, 120, 215, 53, 142, 66, 240, 179, 233, 258, 259, 197, 86, 7, 262, 256, 72, 51, 163, 98, 146, 140, 112, 60, 247, 187, 159, 114, 252, 77, 230, 132, 27, 238, 193, 195, 71, 176, 64, 130, 91, 89, 222, 39, 268, 243, 161, 170, 265, 20, 106, 80, 92, 191, 213, 95, 1, 232, 270, 135, 226, 250, 63, 148, 38, 145, 180, 96, 200, 188, 14, 36, 100, 23, 28, 108, 172, 173, 181, 186, 202, 208, 210, 211, 216, 220, 225, 237, 239, 241, 242, 251, 253, 257, 261, 263, 264]
x_159: [3, 7, 15, 16, 18, 19, 26, 30, 31, 33, 34, 35, 39, 40, 42, 44, 49, 52, 57, 59, 60, 61, 65, 68, 70, 73, 76, 88, 91, 97, 102, 105, 108, 111, 112, 114, 119, 125, 133, 134, 136, 138, 142, 144, 145, 146, 151, 152, 153, 157, 158, 124, 58, 163, 93, 197, 80, 175, 220, 231, 155, 135, 261, 213, 179, 127, 222, 190, 89, 162, 172, 174, 192, 41, 83, 107, 38, 229, 17, 204, 94, 252, 185, 217, 193, 90, 249, 211, 240, 50, 160, 86, 196, 205, 269, 262, 164, 110, 104, 186, 266, 82, 167, 176, 181, 195, 198, 201, 202, 206, 212, 221, 230, 241, 242, 243, 245, 246, 254, 256, 258, 264, 270]
x_160: [3, 6, 12, 16, 17, 18, 20, 21, 22, 23, 27, 29, 31, 35, 39, 40, 42, 44, 46, 47, 49, 53, 54, 55, 56, 57, 62, 63, 67, 68, 69, 70, 72, 73, 75, 88, 89, 94, 104, 109, 112, 113, 116, 119, 120, 122, 124, 125, 127, 128, 129, 133, 134, 136, 138, 139, 140, 143, 144, 146, 148, 151, 152, 153, 154, 156, 157, 159, 195, 131, 110, 222, 206, 220, 218, 115, 190, 225, 256, 92, 51, 264, 4, 255, 181, 224, 266, 188, 261, 106, 263, 234, 191, 208, 202, 61, 166, 90, 240, 36, 64, 215, 198, 183, 80, 169, 258, 150, 226, 212, 211, 162, 167, 171, 172, 174, 178, 187, 192, 194, 196, 199, 201, 204, 209, 213, 214, 216, 223, 231, 239, 242, 243, 245, 249, 253, 254, 257, 259, 265, 267]
x_161: [4, 6, 7, 8, 10, 16, 17, 18, 24, 36, 39, 41, 42, 44, 46, 55, 57, 64, 65, 67, 68, 69, 70, 71, 72, 73, 79, 88, 89, 91, 97, 99, 102, 104, 108, 109, 111, 112, 113, 114, 119, 120, 121, 125, 127, 131, 132, 133, 134, 135, 136, 137, 140, 142, 143, 144, 150, 153, 158, 172, 59, 56, 170, 218, 229, 52, 241, 240, 200, 141, 258, 223, 220, 58, 255, 21, 270, 221, 188, 78, 225, 118, 209, 189, 235, 233, 129, 33, 85, 247, 253, 242, 107, 205, 96, 222, 168, 90, 203, 254, 62, 106, 5, 263, 208, 110, 259, 138, 66, 248, 32, 149, 28, 228, 30, 60, 185, 236, 162, 164, 179, 181, 182, 183, 184, 186, 190, 192, 193, 194, 196, 199, 202, 210, 211, 213, 216, 224, 227, 230, 243, 244, 245, 249, 250, 251, 257, 264, 265, 267]
x_162: [4, 6, 8, 13, 15, 16, 17, 18, 21, 22, 24, 30, 31, 34, 35, 40, 41, 42, 44, 45, 58, 64, 65, 66, 68, 70, 73, 78, 87, 88, 89, 91, 93, 94, 99, 100, 102, 105, 109, 114, 115, 120, 123, 124, 125, 126, 128, 129, 134, 139, 140, 143, 144, 145, 146, 148, 151, 152, 153, 158, 159, 131, 202, 147, 1, 190, 224, 23, 167, 269, 249, 95, 266, 203, 238, 55, 161, 27, 189, 52, 227, 160, 76, 12, 178, 116, 36, 81, 168, 173, 179, 180, 183, 186, 187, 188, 192, 194, 204, 205, 209, 211, 212, 213, 216, 220, 221, 222, 228, 233, 235, 239, 242, 245, 251, 257, 259, 265, 267, 270]
x_163: [1, 4, 5, 6, 7, 8, 10, 12, 14, 16, 17, 19, 23, 24, 27, 33, 34, 37, 39, 43, 44, 46, 49, 56, 57, 58, 59, 65, 68, 70, 73, 75, 76, 79, 85, 86, 87, 88, 91, 98, 99, 102, 113, 114, 116, 123, 124, 125, 126, 128, 131, 138, 139, 142, 143, 147, 148, 151, 152, 153, 154, 157, 158, 159, 164, 186, 38, 11, 96, 63, 184, 211, 268, 249, 247, 3, 41, 215, 237, 179, 170, 130, 52, 115, 232, 51, 93, 267, 140, 81, 188, 257, 208, 222, 100, 155, 97, 207, 127, 231, 26, 111, 94, 224, 239, 174, 84, 178, 25, 259, 199, 47, 181, 221, 205, 67, 74, 175, 216, 90, 120, 270, 166, 72, 122, 89, 198, 36, 40, 110, 254, 255, 134, 168, 32, 245, 66, 135, 2, 21, 197, 235, 29, 104, 108, 112, 200, 233, 258, 253, 190, 167, 172, 185, 187, 194, 195, 196, 201, 204, 210, 212, 214, 219, 223, 228, 234, 238, 240, 244, 250, 263, 264, 265]
x_164: [4, 7, 8, 17, 18, 23, 24, 30, 33, 35, 36, 41, 52, 55, 58, 59, 63, 65, 66, 68, 69, 70, 71, 75, 76, 85, 86, 89, 95, 99, 107, 108, 109, 111, 116, 120, 121, 122, 124, 126, 127, 130, 136, 138, 139, 140, 141, 142, 152, 153, 154, 155, 159, 163, 72, 172, 235, 34, 263, 221, 229, 22, 45, 176, 264, 102, 184, 19, 234, 216, 270, 248, 200, 20, 82, 253, 261, 93, 167, 260, 94, 239, 249, 250, 192, 173, 133, 131, 189, 224, 105, 11, 50, 128, 269, 137, 244, 161, 56, 118, 150, 39, 78, 6, 1, 202, 149, 67, 212, 203, 214, 5, 38, 40, 74, 241, 180, 156, 61, 165, 132, 223, 174, 62, 242, 220, 49, 119, 254, 12, 47, 246, 77, 101, 211, 188, 9, 123, 87, 210, 168, 171, 175, 179, 183, 187, 190, 196, 198, 201, 204, 208, 209, 219, 222, 225, 228, 231, 240, 243, 245, 251, 257, 267]
x_165: [3, 4, 7, 10, 18, 19, 20, 22, 27, 28, 35, 37, 39, 44, 46, 54, 55, 57, 60, 61, 63, 64, 66, 68, 70, 71, 72, 73, 75, 76, 85, 87, 88, 89, 96, 99, 102, 108, 109, 115, 116, 119, 122, 124, 126, 128, 129, 130, 133, 134, 140, 142, 148, 153, 164, 79, 211, 168, 169, 170, 181, 182, 183, 184, 186, 187, 188, 190, 192, 194, 195, 196, 197, 198, 201, 202, 205, 207, 212, 216, 220, 221, 225, 227, 230, 233, 237, 238, 239, 240, 242, 244, 245, 247, 249, 251, 261, 267]
x_166: [6, 17, 18, 21, 24, 27, 29, 33, 36, 37, 40, 44, 52, 54, 55, 56, 57, 58, 59, 62, 63, 66, 71, 73, 75, 76, 85, 87, 91, 96, 98, 101, 102, 103, 104, 112, 113, 114, 116, 119, 120, 124, 126, 127, 128, 129, 130, 133, 134, 140, 143, 144, 145, 146, 147, 148, 150, 151, 153, 160, 163, 208, 81, 268, 48, 79, 61, 172, 270, 121, 94, 82, 244, 88, 168, 171, 175, 176, 181, 183, 186, 189, 193, 194, 197, 200, 204, 206, 209, 211, 212, 213, 218, 221, 223, 224, 226, 228, 229, 231, 233, 237, 238, 239, 240, 241, 242, 243, 246, 247, 261, 264]
x_167: [3, 6, 7, 8, 9, 14, 15, 16, 19, 20, 23, 24, 30, 33, 35, 36, 39, 45, 46, 49, 52, 53, 55, 62, 63, 65, 66, 70, 75, 76, 77, 79, 89, 91, 92, 99, 102, 105, 108, 114, 115, 116, 120, 124, 131, 133, 134, 142, 143, 146, 147, 148, 151, 152, 162, 164, 157, 267, 247, 176, 86, 231, 137, 5, 179, 258, 61, 26, 168, 227, 87, 264, 163, 117, 97, 215, 188, 59, 221, 22, 219, 122, 218, 67, 235, 202, 98, 18, 225, 17, 27, 240, 112, 160, 187, 69, 250, 80, 71, 265, 197, 2, 21, 194, 149, 123, 242, 159, 239, 244, 13, 209, 150, 237, 103, 96, 226, 208, 68, 11, 118, 171, 85, 139, 198, 37, 255, 110, 234, 254, 200, 43, 173, 175, 178, 181, 183, 184, 185, 186, 192, 201, 206, 214, 216, 222, 223, 224, 228, 229, 232, 245, 246, 251, 259, 261, 268]
x_168: [3, 5, 8, 10, 16, 17, 21, 25, 31, 34, 35, 36, 37, 40, 42, 44, 45, 47, 49, 53, 57, 58, 60, 63, 66, 69, 70, 73, 76, 79, 82, 89, 90, 91, 98, 104, 111, 113, 115, 123, 124, 127, 128, 130, 133, 136, 140, 144, 146, 147, 148, 151, 156, 157, 158, 161, 163, 167, 29, 150, 195, 77, 189, 72, 107, 154, 226, 229, 205, 261, 262, 169, 15, 176, 166, 263, 118, 178, 80, 84, 240, 96, 81, 12, 266, 117, 48, 121, 54, 255, 236, 165, 32, 4, 106, 238, 182, 248, 260, 193, 93, 51, 253, 92, 62, 257, 129, 131, 246, 97, 200, 265, 28, 225, 184, 155, 187, 174, 170, 244, 180, 237, 95, 143, 149, 75, 102, 139, 247, 99, 239, 138, 245, 134, 52, 232, 162, 186, 14, 243, 2, 218, 103, 105, 188, 137, 175, 6, 132, 204, 7, 65, 201, 227, 78, 208, 33, 215, 1, 39, 230, 50, 192, 46, 221, 68, 164, 114, 179, 185, 190, 194, 196, 199, 202, 209, 212, 213, 216, 220, 222, 224, 228, 251, 254, 258]
x_169: [7, 10, 11, 15, 18, 24, 25, 30, 31, 34, 41, 46, 49, 50, 52, 57, 61, 64, 65, 69, 70, 71, 72, 76, 88, 91, 99, 100, 105, 109, 111, 113, 116, 118, 119, 120, 123, 125, 129, 131, 133, 134, 136, 139, 142, 144, 146, 148, 150, 151, 153, 155, 160, 168, 217, 219, 28, 266, 243, 21, 198, 14, 256, 234, 196, 264, 165, 81, 268, 230, 267, 235, 2, 93, 254, 154, 87, 32, 35, 200, 114, 233, 202, 55, 191, 199, 17, 107, 90, 78, 79, 26, 145, 110, 62, 173, 183, 184, 185, 186, 187, 188, 190, 192, 193, 201, 207, 209, 212, 214, 215, 218, 221, 222, 224, 225, 229, 231, 232, 239, 241, 244, 245, 246, 247, 249, 251, 259, 262]
x_170: [3, 7, 8, 16, 18, 19, 24, 30, 31, 33, 34, 36, 39, 40, 44, 47, 52, 55, 56, 57, 59, 61, 63, 64, 65, 66, 68, 69, 70, 71, 72, 73, 85, 87, 88, 89, 91, 92, 101, 111, 114, 116, 119, 120, 123, 124, 126, 127, 128, 133, 134, 136, 140, 141, 142, 144, 146, 148, 151, 152, 153, 154, 156, 157, 158, 161, 163, 168, 112, 96, 165, 181, 225, 263, 29, 10, 266, 246, 12, 267, 244, 60, 176, 179, 80, 15, 78, 173, 182, 183, 185, 186, 188, 189, 192, 194, 196, 197, 199, 202, 204, 206, 207, 208, 210, 213, 218, 221, 222, 233, 239, 245, 247, 251, 261, 265, 268]
x_171: [1, 4, 7, 14, 16, 19, 20, 27, 29, 30, 31, 34, 35, 36, 39, 40, 42, 44, 45, 46, 54, 56, 57, 58, 65, 69, 70, 73, 74, 93, 96, 100, 101, 107, 108, 111, 122, 123, 124, 125, 127, 128, 130, 143, 145, 148, 149, 150, 151, 154, 157, 167, 51, 47, 67, 82, 193, 182, 76, 215, 245, 206, 62, 89, 48, 106, 53, 228, 50, 243, 244, 66, 136, 225, 208, 258, 117, 253, 13, 164, 126, 135, 37, 199, 166, 261, 61, 237, 95, 262, 198, 68, 255, 192, 249, 232, 174, 189, 160, 176, 204, 81, 196, 190, 200, 147, 218, 103, 155, 181, 184, 186, 188, 201, 209, 210, 211, 213, 217, 220, 221, 222, 230, 231, 238, 239, 240, 241, 242, 247, 250, 251, 254, 257, 264, 268, 270]
x_172: [5, 8, 10, 11, 14, 15, 16, 18, 23, 27, 28, 35, 36, 42, 47, 54, 55, 60, 62, 65, 68, 69, 71, 73, 75, 85, 87, 89, 91, 93, 99, 101, 102, 104, 113, 114, 118, 121, 123, 127, 128, 129, 130, 132, 143, 146, 148, 149, 151, 152, 153, 154, 159, 161, 164, 166, 110, 201, 2, 212, 63, 196, 70, 260, 12, 82, 158, 266, 150, 185, 109, 39, 227, 40, 43, 96, 194, 206, 77, 53, 222, 163, 33, 176, 177, 66, 215, 111, 122, 56, 253, 217, 61, 108, 178, 120, 45, 160, 116, 67, 140, 46, 135, 84, 19, 117, 57, 145, 78, 200, 41, 239, 144, 88, 24, 131, 72, 37, 224, 270, 244, 211, 243, 268, 80, 97, 190, 141, 255, 207, 258, 6, 197, 267, 228, 9, 1, 175, 202, 182, 183, 186, 187, 188, 189, 192, 198, 204, 210, 214, 220, 225, 230, 234, 237, 238, 240, 241, 250, 251, 254, 256, 259, 261, 262, 264, 265]
x_173: [6, 7, 8, 9, 12, 13, 14, 18, 22, 23, 28, 29, 33, 37, 38, 39, 41, 49, 52, 55, 56, 57, 66, 67, 72, 74, 76, 81, 84, 88, 89, 91, 93, 96, 99, 102, 105, 108, 109, 111, 114, 119, 122, 123, 124, 125, 142, 148, 150, 151, 152, 153, 154, 164, 75, 197, 213, 20, 263, 31, 61, 206, 193, 249, 141, 140, 214, 170, 158, 167, 147, 128, 54, 223, 195, 3, 35, 130, 45, 189, 221, 204, 80, 209, 256, 211, 15, 34, 86, 254, 16, 117, 216, 110, 235, 146, 59, 199, 187, 82, 47, 252, 65, 36, 175, 233, 229, 162, 138, 17, 115, 178, 73, 90, 181, 2, 118, 169, 220, 26, 94, 179, 183, 190, 196, 201, 202, 210, 219, 224, 225, 228, 230, 234, 238, 239, 240, 242, 243, 244, 245, 257, 259, 261, 265, 267]
x_174: [3, 4, 5, 6, 8, 9, 15, 16, 17, 23, 24, 25, 30, 33, 36, 39, 42, 44, 46, 49, 50, 51, 52, 54, 57, 62, 65, 66, 68, 69, 72, 87, 88, 91, 92, 96, 102, 104, 107, 112, 114, 115, 119, 120, 125, 127, 128, 131, 134, 141, 145, 148, 152, 153, 157, 159, 163, 164, 168, 171, 60, 74, 240, 63, 231, 243, 210, 34, 176, 194, 73, 93, 135, 18, 205, 78, 21, 220, 47, 38, 40, 19, 197, 90, 263, 191, 83, 26, 28, 70, 99, 177, 138, 61, 223, 151, 56, 105, 260, 1, 254, 116, 250, 160, 216, 113, 267, 189, 59, 196, 98, 156, 211, 270, 228, 13, 129, 265, 179, 181, 183, 188, 192, 195, 202, 204, 208, 209, 218, 222, 229, 230, 233, 234, 235, 238, 239, 241, 242, 244, 247, 253, 258, 259, 261, 262, 266, 268]
x_175: [4, 8, 10, 11, 13, 15, 18, 19, 24, 28, 31, 39, 41, 42, 49, 52, 63, 64, 66, 70, 71, 73, 75, 81, 87, 88, 91, 96, 98, 99, 101, 102, 103, 105, 108, 111, 113, 119, 121, 124, 125, 128, 134, 141, 143, 144, 146, 148, 150, 152, 153, 154, 155, 156, 159, 163, 168, 172, 173, 127, 37, 253, 60, 26, 206, 9, 261, 233, 67, 251, 189, 164, 221, 200, 179, 212, 90, 255, 74, 77, 166, 267, 107, 3, 217, 207, 177, 57, 100, 192, 114, 147, 131, 197, 187, 30, 120, 109, 257, 79, 133, 258, 265, 122, 93, 167, 191, 151, 85, 216, 241, 95, 238, 227, 34, 230, 176, 183, 190, 193, 194, 195, 198, 199, 201, 204, 209, 210, 213, 218, 223, 224, 225, 228, 232, 239, 242, 244, 245, 249, 250, 254, 259, 262, 270]
x_176: [3, 7, 11, 15, 16, 17, 19, 20, 23, 24, 25, 37, 39, 42, 44, 45, 52, 53, 55, 56, 63, 65, 66, 68, 71, 73, 76, 77, 87, 89, 101, 102, 106, 107, 108, 112, 116, 120, 122, 123, 125, 126, 133, 134, 136, 143, 144, 146, 147, 151, 153, 154, 156, 157, 158, 164, 167, 168, 170, 171, 172, 174, 250, 262, 203, 196, 9, 226, 47, 184, 138, 130, 140, 246, 204, 200, 181, 93, 21, 96, 67, 40, 247, 135, 70, 185, 105, 245, 46, 179, 141, 22, 210, 6, 128, 92, 239, 175, 2, 27, 206, 137, 152, 235, 187, 251, 215, 88, 201, 139, 166, 263, 97, 241, 177, 94, 182, 142, 242, 127, 243, 205, 230, 57, 95, 10, 189, 254, 145, 75, 195, 261, 86, 234, 159, 222, 1, 110, 100, 180, 186, 188, 190, 193, 194, 197, 198, 199, 202, 208, 213, 216, 220, 223, 224, 228, 238, 240, 249, 256, 258, 264, 267, 268]
x_177: [1, 2, 3, 8, 16, 18, 23, 24, 27, 33, 35, 36, 41, 42, 44, 45, 47, 52, 54, 60, 63, 65, 68, 69, 70, 72, 73, 75, 77, 88, 89, 90, 91, 93, 94, 99, 108, 111, 112, 113, 114, 117, 119, 120, 122, 123, 124, 126, 128, 129, 130, 133, 140, 142, 143, 146, 148, 151, 152, 154, 158, 172, 174, 175, 176, 257, 178, 181, 185, 187, 188, 190, 195, 196, 197, 201, 202, 205, 212, 220, 222, 228, 231, 233, 239, 240, 241, 243, 244, 245, 247, 249, 251, 259]
x_178: [3, 8, 9, 10, 21, 23, 24, 25, 29, 30, 31, 33, 39, 40, 42, 44, 45, 46, 55, 57, 60, 62, 63, 66, 69, 70, 72, 75, 80, 85, 86, 88, 91, 95, 98, 99, 100, 102, 103, 104, 105, 111, 114, 116, 119, 122, 125, 126, 128, 130, 136, 138, 139, 141, 142, 143, 144, 145, 150, 151, 153, 154, 156, 162, 163, 168, 172, 173, 13, 254, 107, 87, 79, 96, 146, 182, 215, 177, 120, 225, 200, 92, 78, 112, 244, 14, 247, 189, 210, 183, 220, 26, 155, 52, 205, 58, 121, 56, 35, 229, 1, 167, 148, 216, 188, 270, 140, 265, 27, 94, 180, 261, 7, 160, 48, 221, 12, 36, 251, 179, 185, 186, 193, 194, 195, 199, 202, 204, 207, 208, 213, 222, 224, 226, 231, 241, 242, 246, 255, 256, 259, 264, 268]
x_179: [6, 7, 13, 17, 18, 19, 22, 24, 34, 39, 40, 42, 44, 51, 52, 55, 60, 62, 68, 70, 71, 73, 75, 76, 79, 88, 89, 93, 95, 100, 106, 111, 112, 113, 114, 115, 119, 121, 122, 123, 126, 127, 128, 129, 133, 138, 139, 141, 142, 143, 144, 151, 152, 154, 156, 157, 158, 159, 163, 167, 170, 175, 176, 174, 178, 25, 47, 210, 269, 190, 61, 195, 207, 131, 191, 2, 41, 164, 103, 84, 104, 258, 162, 208, 86, 214, 254, 256, 209, 185, 135, 38, 69, 228, 212, 173, 213, 91, 147, 217, 192, 248, 161, 12, 53, 184, 237, 145, 181, 5, 168, 193, 240, 110, 21, 109, 87, 268, 234, 203, 189, 1, 8, 199, 31, 26, 222, 32, 206, 148, 50, 182, 186, 187, 194, 200, 201, 202, 204, 219, 221, 225, 226, 230, 231, 232, 233, 238, 239, 241, 242, 244, 245, 246, 247, 251, 255, 259, 264, 265, 266, 267]
x_180: [6, 7, 16, 18, 23, 24, 30, 31, 33, 34, 35, 37, 38, 39, 41, 49, 52, 53, 55, 57, 63, 65, 68, 70, 72, 73, 75, 76, 79, 87, 91, 101, 102, 105, 107, 108, 109, 111, 115, 120, 121, 124, 126, 134, 136, 146, 151, 152, 153, 158, 164, 168, 178, 112, 157, 61, 21, 142, 268, 269, 141, 262, 203, 98, 92, 176, 13, 193, 96, 246, 131, 51, 86, 204, 83, 266, 54, 259, 81, 162, 200, 147, 80, 241, 182, 186, 187, 189, 190, 194, 195, 197, 198, 199, 201, 205, 208, 209, 214, 220, 222, 228, 230, 231, 235, 238, 239, 242, 243, 245, 247, 250, 251, 253, 254, 257, 258, 261, 264, 265]
x_181: [2, 7, 8, 10, 14, 16, 17, 18, 20, 22, 24, 25, 29, 33, 34, 40, 41, 42, 46, 49, 52, 54, 57, 58, 63, 69, 71, 72, 73, 75, 85, 93, 96, 97, 100, 102, 105, 114, 116, 121, 125, 126, 127, 128, 129, 131, 136, 137, 139, 141, 144, 146, 147, 148, 151, 153, 156, 160, 163, 170, 173, 176, 179, 43, 158, 161, 134, 61, 111, 165, 198, 204, 262, 78, 113, 237, 112, 171, 200, 50, 210, 103, 152, 145, 219, 107, 140, 150, 143, 183, 79, 142, 159, 216, 167, 104, 82, 255, 195, 77, 88, 101, 191, 74, 119, 253, 211, 247, 267, 257, 244, 86, 228, 194, 259, 98, 192, 39, 124, 205, 149, 133, 84, 130, 67, 81, 5, 232, 155, 32, 188, 80, 31, 118, 234, 236, 235, 268, 189, 245, 246, 44, 117, 51, 220, 226, 95, 36, 23, 270, 91, 242, 174, 59, 122, 177, 157, 1, 249, 55, 197, 208, 182, 261, 166, 206, 256, 212, 87, 207, 209, 221, 222, 224, 225, 229, 231, 240, 243, 254, 264, 265]
x_182: [6, 7, 8, 15, 16, 19, 20, 21, 27, 31, 33, 34, 46, 49, 52, 53, 55, 63, 65, 66, 68, 70, 85, 88, 92, 109, 111, 113, 114, 121, 123, 124, 127, 128, 135, 138, 139, 142, 143, 151, 168, 171, 176, 178, 181, 207, 136, 209, 165, 212, 69, 210, 263, 259, 91, 26, 44, 83, 218, 73, 51, 227, 243, 77, 102, 23, 3, 56, 131, 241, 50, 42, 25, 180, 54, 269, 18, 37, 270, 238, 100, 110, 157, 29, 141, 38, 255, 72, 161, 206, 93, 57, 226, 95, 28, 107, 108, 75, 13, 117, 89, 86, 1, 260, 267, 240, 14, 196, 152, 84, 154, 189, 59, 213, 186, 261, 193, 187, 231, 258, 60, 185, 219, 43, 262, 2, 237, 58, 229, 140, 242, 10, 266, 200, 41, 244, 179, 194, 134, 133, 172, 148, 24, 191, 214, 5, 122, 234, 126, 36, 208, 17, 96, 232, 184, 236, 233, 170, 48, 62, 11, 150, 247, 115, 12, 211, 253, 104, 183, 188, 192, 195, 198, 199, 201, 202, 216, 222, 225, 228, 245, 249, 251, 257, 264, 265, 268]
x_183: [3, 4, 6, 7, 10, 13, 15, 16, 17, 18, 23, 24, 28, 29, 30, 31, 35, 37, 39, 42, 44, 46, 49, 51, 52, 53, 64, 65, 66, 67, 68, 69, 72, 73, 79, 88, 89, 96, 99, 100, 102, 106, 108, 111, 116, 118, 121, 125, 126, 128, 130, 131, 136, 139, 142, 144, 148, 150, 151, 157, 158, 160, 178, 181, 257, 184, 19, 233, 59, 220, 170, 264, 241, 206, 192, 12, 94, 55, 87, 156, 104, 240, 45, 182, 174, 216, 115, 246, 127, 212, 165, 22, 237, 258, 202, 199, 153, 262, 47, 263, 63, 228, 252, 85, 249, 14, 135, 195, 83, 217, 226, 40, 193, 2, 137, 236, 169, 134, 43, 251, 190, 119, 92, 26, 186, 209, 250, 122, 214, 120, 172, 138, 229, 219, 167, 259, 9, 196, 154, 254, 133, 255, 74, 61, 243, 129, 162, 270, 82, 34, 76, 194, 78, 1, 147, 161, 56, 191, 189, 269, 33, 248, 204, 113, 91, 164, 5, 197, 203, 38, 75, 20, 268, 173, 141, 175, 152, 201, 166, 205, 110, 105, 260, 101, 253, 244, 211, 200, 103, 185, 218, 221, 225, 230, 231, 234, 238, 239, 245, 247, 261]
x_184: [5, 10, 19, 20, 21, 23, 24, 30, 33, 35, 37, 40, 44, 46, 47, 53, 55, 57, 60, 61, 63, 66, 67, 68, 73, 76, 88, 89, 90, 91, 112, 113, 114, 115, 119, 120, 121, 122, 124, 125, 126, 127, 128, 131, 133, 147, 148, 151, 152, 154, 155, 163, 164, 168, 176, 179, 182, 183, 49, 4, 145, 199, 193, 137, 94, 223, 167, 161, 169, 165, 136, 197, 269, 18, 213, 225, 97, 156, 171, 135, 208, 256, 202, 232, 186, 188, 192, 194, 195, 196, 203, 205, 211, 220, 221, 222, 224, 227, 231, 233, 238, 239, 241, 242, 243, 244, 246, 247, 250, 253, 258, 264, 265, 267]
x_185: [4, 7, 12, 13, 14, 15, 17, 18, 19, 31, 35, 38, 39, 40, 41, 44, 46, 52, 53, 54, 63, 64, 65, 66, 67, 68, 70, 71, 72, 73, 75, 79, 86, 88, 89, 90, 91, 92, 99, 102, 104, 105, 107, 116, 122, 124, 127, 129, 135, 136, 139, 143, 147, 148, 151, 155, 158, 159, 161, 172, 176, 179, 182, 238, 269, 132, 58, 200, 227, 261, 257, 250, 244, 82, 216, 249, 266, 193, 152, 8, 258, 42, 202, 87, 235, 80, 168, 108, 156, 209, 248, 169, 103, 74, 5, 48, 210, 149, 270, 220, 170, 203, 229, 267, 211, 236, 222, 221, 60, 163, 167, 22, 194, 6, 178, 26, 21, 84, 218, 198, 256, 153, 265, 146, 183, 245, 252, 112, 254, 234, 83, 55, 57, 120, 268, 125, 34, 142, 224, 133, 199, 33, 251, 192, 263, 255, 214, 20, 177, 242, 154, 187, 246, 262, 47, 219, 230, 59, 188, 232, 190, 131, 226, 123, 110, 213, 215, 201, 95, 204, 207, 208, 212, 225, 233, 239, 241, 247, 253]
x_186: [8, 10, 17, 18, 28, 31, 33, 34, 39, 42, 44, 52, 53, 56, 59, 62, 65, 66, 67, 68, 69, 71, 73, 74, 76, 79, 88, 91, 96, 97, 98, 99, 102, 104, 105, 107, 109, 119, 120, 124, 126, 129, 131, 133, 136, 141, 143, 144, 146, 149, 151, 152, 153, 154, 159, 163, 168, 182, 183, 20, 148, 4, 43, 45, 231, 13, 179, 189, 206, 249, 23, 243, 259, 170, 47, 265, 162, 1, 150, 84, 245, 268, 9, 30, 169, 240, 70, 82, 78, 130, 48, 257, 178, 121, 50, 125, 192, 147, 171, 51, 112, 193, 22, 235, 113, 137, 217, 262, 5, 94, 14, 204, 38, 61, 19, 188, 49, 60, 3, 138, 190, 156, 223, 165, 264, 251, 184, 106, 256, 229, 158, 135, 209, 216, 200, 80, 266, 118, 29, 180, 228, 145, 254, 219, 139, 100, 36, 111, 198, 72, 176, 77, 24, 234, 92, 225, 58, 127, 255, 161, 117, 191, 15, 7, 244, 35, 12, 57, 205, 258, 166, 32, 21, 222, 260, 233, 220, 242, 167, 172, 86, 194, 196, 201, 202, 210, 211, 221, 230, 232, 239, 250, 261]
x_187: [3, 4, 8, 10, 15, 16, 18, 19, 33, 34, 35, 36, 37, 46, 50, 53, 56, 57, 60, 63, 65, 66, 69, 72, 86, 88, 89, 91, 93, 99, 100, 102, 107, 108, 111, 113, 114, 118, 120, 121, 122, 123, 124, 126, 128, 129, 130, 133, 136, 138, 141, 142, 143, 145, 147, 151, 158, 167, 168, 173, 175, 176, 182, 185, 213, 239, 5, 172, 245, 26, 78, 206, 188, 202, 247, 115, 127, 254, 150, 248, 55, 82, 235, 24, 30, 201, 95, 49, 249, 12, 190, 160, 103, 29, 9, 211, 243, 198, 116, 189, 191, 193, 125, 227, 261, 76, 81, 106, 228, 38, 256, 131, 48, 137, 179, 149, 162, 67, 240, 219, 221, 232, 217, 135, 47, 208, 85, 144, 263, 1, 51, 244, 98, 169, 209, 74, 177, 84, 262, 241, 226, 163, 200, 119, 6, 259, 180, 23, 152, 192, 40, 230, 73, 39, 164, 252, 165, 104, 32, 41, 45, 268, 216, 101, 156, 97, 195, 196, 199, 204, 214, 218, 222, 225, 229, 238, 242, 246, 250, 251, 253, 258, 264, 265]
x_188: [1, 8, 15, 16, 17, 19, 20, 24, 25, 28, 29, 30, 34, 35, 40, 42, 44, 46, 52, 59, 60, 64, 65, 66, 67, 70, 73, 75, 79, 81, 89, 90, 97, 107, 108, 111, 112, 118, 119, 122, 123, 125, 129, 131, 133, 136, 141, 142, 143, 144, 145, 148, 153, 156, 157, 158, 160, 161, 163, 164, 167, 168, 178, 181, 185, 186, 187, 45, 246, 169, 63, 27, 11, 7, 177, 264, 252, 262, 192, 121, 208, 220, 231, 182, 225, 202, 104, 10, 221, 47, 209, 92, 184, 33, 9, 4, 151, 87, 171, 113, 170, 174, 3, 224, 172, 48, 248, 235, 86, 21, 77, 117, 128, 152, 80, 78, 162, 228, 76, 26, 205, 61, 49, 176, 217, 189, 265, 233, 222, 270, 74, 32, 242, 109, 261, 196, 94, 260, 253, 206, 93, 139, 38, 165, 193, 243, 154, 256, 110, 194, 197, 200, 201, 204, 210, 212, 213, 214, 216, 226, 232, 238, 245, 249, 258, 267]
x_189: [4, 6, 7, 8, 9, 14, 15, 17, 19, 23, 24, 25, 29, 30, 31, 34, 35, 37, 39, 40, 41, 46, 53, 54, 57, 60, 63, 65, 67, 68, 69, 70, 71, 72, 73, 75, 76, 84, 85, 89, 99, 101, 102, 108, 109, 119, 120, 123, 124, 127, 129, 130, 133, 139, 140, 142, 143, 144, 146, 153, 154, 161, 162, 164, 168, 171, 173, 174, 175, 176, 178, 179, 181, 182, 183, 186, 187, 188, 166, 106, 180, 215, 236, 243, 107, 117, 264, 231, 256, 258, 157, 253, 257, 269, 79, 145, 172, 92, 190, 100, 58, 241, 3, 59, 156, 268, 135, 234, 265, 32, 112, 131, 134, 47, 246, 201, 200, 82, 111, 93, 204, 233, 2, 170, 126, 206, 199, 12, 255, 13, 216, 44, 219, 220, 254, 195, 193, 208, 198, 202, 205, 211, 212, 213, 218, 228, 229, 230, 237, 238, 244, 247, 251, 259, 260, 261, 267]
x_190: [1, 7, 8, 10, 11, 14, 15, 16, 19, 20, 25, 35, 37, 38, 39, 40, 43, 44, 51, 52, 55, 59, 61, 62, 63, 68, 71, 72, 88, 90, 93, 99, 101, 104, 108, 111, 124, 125, 126, 129, 133, 139, 142, 143, 145, 147, 148, 151, 153, 157, 159, 160, 162, 163, 171, 172, 179, 183, 185, 186, 187, 189, 12, 164, 168, 95, 27, 141, 117, 161, 57, 241, 114, 191, 65, 266, 254, 263, 175, 253, 221, 242, 196, 22, 240, 206, 246, 58, 249, 262, 23, 236, 233, 2, 213, 202, 264, 21, 91, 154, 80, 4, 150, 224, 248, 18, 26, 85, 75, 47, 118, 89, 127, 180, 169, 201, 176, 200, 223, 120, 220, 122, 96, 56, 6, 203, 165, 268, 261, 208, 177, 9, 152, 194, 92, 42, 78, 173, 84, 197, 86, 135, 237, 60, 13, 155, 260, 195, 199, 204, 211, 214, 216, 217, 222, 225, 228, 239, 243, 244, 245, 247, 250, 251, 255, 256, 257, 258, 265, 270]
x_191: [6, 8, 10, 13, 15, 16, 19, 23, 29, 34, 35, 36, 40, 42, 44, 46, 52, 54, 55, 58, 60, 63, 65, 66, 69, 70, 71, 73, 75, 76, 81, 89, 90, 96, 101, 102, 104, 108, 111, 112, 114, 115, 116, 118, 119, 121, 123, 125, 130, 133, 142, 144, 148, 153, 155, 158, 160, 169, 174, 175, 179, 181, 182, 183, 186, 187, 190, 17, 134, 156, 223, 261, 220, 109, 211, 154, 68, 77, 41, 12, 78, 193, 195, 201, 202, 204, 209, 210, 213, 214, 216, 221, 225, 226, 231, 232, 233, 238, 239, 240, 243, 245, 249, 251, 253, 257, 264, 268, 270]
x_192: [1, 6, 10, 16, 17, 18, 19, 24, 29, 30, 33, 34, 36, 39, 41, 42, 43, 46, 52, 53, 56, 60, 63, 65, 68, 69, 71, 72, 75, 76, 80, 87, 88, 89, 90, 91, 99, 102, 111, 114, 115, 119, 121, 124, 131, 142, 145, 146, 148, 151, 153, 155, 157, 159, 164, 168, 171, 175, 179, 181, 183, 185, 186, 187, 188, 233, 73, 258, 50, 165, 203, 113, 105, 202, 130, 194, 118, 255, 205, 266, 215, 222, 170, 109, 231, 195, 129, 267, 23, 251, 201, 184, 259, 40, 82, 2, 35, 79, 207, 22, 100, 64, 225, 143, 260, 37, 265, 48, 239, 122, 154, 11, 70, 230, 220, 32, 269, 196, 223, 47, 25, 224, 127, 14, 128, 243, 262, 126, 149, 95, 38, 174, 98, 160, 263, 248, 242, 246, 211, 167, 152, 55, 150, 94, 9, 237, 7, 138, 182, 61, 12, 77, 136, 199, 44, 162, 132, 26, 21, 51, 58, 252, 49, 218, 161, 28, 66, 78, 193, 235, 92, 216, 249, 172, 133, 268, 247, 206, 253, 219, 238, 198, 200, 93, 236, 112, 169, 197, 208, 209, 210, 221, 226, 228, 229, 245, 250, 261, 264, 270]
x_193: [10, 11, 16, 19, 20, 23, 24, 28, 29, 30, 31, 32, 34, 37, 41, 42, 44, 45, 46, 47, 52, 54, 56, 57, 65, 66, 69, 75, 76, 84, 87, 88, 89, 90, 91, 93, 97, 98, 99, 102, 107, 108, 111, 112, 113, 116, 120, 126, 127, 131, 133, 134, 137, 139, 142, 143, 144, 151, 157, 158, 159, 168, 171, 173, 179, 180, 182, 183, 184, 185, 186, 187, 188, 189, 192, 260, 238, 12, 110, 246, 228, 80, 74, 51, 175, 129, 166, 70, 83, 78, 153, 15, 244, 4, 122, 103, 101, 201, 36, 114, 43, 219, 248, 270, 35, 178, 38, 18, 77, 217, 53, 263, 233, 61, 72, 269, 8, 215, 196, 245, 234, 176, 118, 135, 49, 218, 249, 26, 147, 225, 14, 5, 148, 211, 79, 169, 250, 264, 237, 261, 115, 161, 255, 199, 141, 191, 222, 265, 155, 230, 22, 39, 68, 203, 128, 121, 119, 209, 208, 3, 59, 81, 85, 194, 198, 204, 205, 206, 210, 212, 214, 216, 226, 227, 239, 240, 241, 258, 268]
x_194: [3, 4, 6, 7, 11, 13, 15, 23, 24, 28, 29, 33, 34, 36, 38, 39, 40, 42, 44, 45, 46, 52, 53, 57, 60, 62, 63, 66, 70, 73, 74, 75, 82, 84, 87, 88, 90, 91, 99, 101, 102, 105, 111, 116, 117, 121, 122, 124, 127, 131, 133, 135, 138, 140, 142, 143, 144, 146, 148, 167, 172, 174, 181, 182, 183, 185, 190, 192, 252, 152, 156, 107, 136, 262, 129, 83, 96, 239, 93, 17, 71, 249, 229, 208, 22, 233, 237, 55, 234, 218, 165, 162, 49, 134, 18, 188, 119, 205, 109, 85, 51, 25, 227, 92, 9, 14, 241, 225, 268, 128, 215, 257, 12, 236, 151, 224, 126, 100, 198, 97, 58, 155, 220, 219, 112, 264, 184, 199, 230, 108, 263, 170, 238, 176, 26, 242, 154, 168, 180, 186, 123, 209, 206, 69, 270, 175, 149, 221, 95, 261, 48, 27, 67, 130, 20, 64, 47, 243, 54, 65, 1, 254, 98, 153, 59, 246, 212, 114, 31, 251, 103, 61, 269, 160, 163, 207, 115, 178, 247, 240, 214, 223, 161, 179, 217, 166, 10, 250, 16, 267, 30, 193, 68, 195, 196, 204, 213, 216, 222, 231, 256, 258, 260, 265, 266]
x_195: [1, 3, 4, 7, 8, 10, 15, 18, 19, 20, 23, 27, 33, 36, 39, 40, 41, 43, 45, 46, 51, 52, 56, 63, 65, 66, 69, 70, 71, 73, 75, 79, 89, 90, 91, 99, 102, 108, 111, 112, 113, 114, 116, 118, 119, 121, 123, 126, 127, 128, 129, 130, 133, 138, 141, 142, 143, 144, 146, 151, 153, 157, 158, 160, 168, 173, 176, 179, 181, 183, 189, 192, 180, 231, 16, 92, 174, 78, 86, 137, 163, 145, 196, 156, 132, 14, 235, 87, 223, 165, 175, 204, 93, 194, 178, 147, 248, 38, 109, 233, 97, 200, 230, 202, 6, 268, 222, 246, 217, 238, 148, 242, 237, 17, 85, 62, 150, 191, 182, 260, 122, 184, 110, 149, 155, 67, 42, 209, 269, 44, 9, 257, 34, 228, 221, 82, 259, 190, 50, 232, 253, 177, 187, 240, 245, 215, 267, 96, 55, 106, 159, 247, 226, 94, 197, 201, 206, 208, 210, 216, 218, 220, 224, 239, 241, 243, 244, 258, 261, 265]
x_196: [1, 6, 7, 10, 13, 16, 20, 24, 28, 29, 30, 35, 36, 39, 40, 41, 44, 52, 53, 55, 56, 57, 65, 66, 68, 69, 70, 79, 88, 90, 100, 108, 109, 111, 118, 120, 121, 122, 125, 129, 130, 133, 138, 141, 142, 144, 146, 148, 153, 155, 159, 169, 171, 172, 174, 176, 182, 183, 188, 190, 192, 193, 195, 75, 45, 223, 248, 156, 152, 199, 15, 132, 23, 205, 221, 82, 202, 5, 161, 217, 239, 252, 123, 231, 104, 94, 211, 63, 263, 64, 131, 242, 107, 251, 207, 246, 135, 177, 265, 212, 3, 218, 96, 117, 261, 37, 198, 184, 150, 103, 206, 26, 222, 43, 83, 220, 8, 31, 173, 12, 260, 98, 101, 209, 235, 268, 170, 60, 160, 245, 219, 164, 224, 254, 230, 256, 58, 105, 168, 262, 115, 149, 48, 11, 232, 226, 201, 42, 17, 257, 50, 163, 21, 113, 78, 77, 187, 233, 267, 194, 112, 214, 84, 186, 258, 208, 234, 27, 99, 72, 102, 85, 25, 74, 238, 165, 216, 240, 134, 106, 197, 203, 204, 225, 229, 237, 243, 247]
x_197: [3, 6, 7, 8, 11, 13, 15, 18, 19, 23, 24, 27, 29, 30, 33, 34, 36, 40, 41, 42, 44, 45, 49, 56, 63, 64, 65, 66, 67, 70, 71, 72, 73, 75, 76, 77, 85, 88, 89, 91, 93, 97, 101, 107, 109, 111, 112, 116, 119, 122, 123, 124, 131, 134, 137, 139, 140, 143, 144, 146, 150, 153, 154, 157, 158, 159, 163, 167, 172, 173, 174, 175, 181, 183, 184, 190, 50, 95, 214, 9, 215, 68, 203, 229, 129, 170, 217, 188, 99, 117, 225, 16, 226, 180, 206, 106, 83, 28, 127, 222, 259, 61, 152, 108, 138, 130, 196, 46, 135, 148, 166, 133, 195, 121, 84, 176, 237, 234, 228, 55, 270, 21, 69, 51, 268, 59, 235, 255, 132, 62, 165, 248, 4, 100, 265, 43, 96, 192, 94, 247, 118, 48, 231, 177, 256, 147, 92, 26, 204, 221, 198, 78, 104, 5, 232, 136, 12, 142, 102, 199, 201, 202, 205, 210, 213, 216, 218, 220, 233, 238, 240, 241, 242, 243, 244, 245, 249, 251, 257, 260, 261, 264, 266]
x_198: [3, 9, 13, 16, 17, 21, 22, 23, 30, 31, 33, 37, 39, 41, 45, 46, 47, 49, 52, 54, 55, 56, 63, 66, 68, 69, 70, 73, 76, 88, 89, 91, 94, 99, 101, 108, 111, 112, 114, 120, 121, 123, 124, 126, 127, 134, 136, 139, 143, 144, 151, 152, 156, 157, 160, 163, 167, 169, 171, 181, 185, 186, 187, 192, 194, 196, 197, 131, 14, 48, 2, 256, 215, 263, 224, 133, 42, 129, 268, 172, 209, 165, 228, 32, 125, 265, 10, 262, 25, 231, 270, 97, 217, 138, 116, 119, 237, 87, 107, 250, 137, 267, 182, 118, 130, 155, 176, 223, 44, 141, 253, 90, 12, 238, 240, 110, 216, 140, 59, 92, 221, 210, 1, 122, 74, 266, 206, 82, 159, 93, 175, 254, 83, 236, 180, 235, 8, 164, 189, 103, 6, 40, 35, 222, 239, 128, 200, 29, 38, 84, 61, 81, 78, 247, 11, 26, 218, 53, 249, 34, 135, 24, 50, 193, 199, 201, 220, 225, 230, 234, 241, 242, 244, 245, 259, 261]
x_199: [7, 8, 12, 18, 20, 24, 27, 28, 31, 33, 34, 36, 39, 42, 45, 52, 55, 56, 58, 66, 68, 69, 75, 85, 86, 88, 97, 101, 104, 108, 113, 116, 118, 119, 120, 121, 122, 125, 129, 131, 133, 141, 145, 146, 148, 153, 157, 158, 163, 169, 171, 173, 179, 183, 184, 185, 189, 192, 193, 194, 196, 147, 72, 127, 187, 223, 197, 65, 217, 21, 98, 16, 200, 96, 239, 244, 150, 112, 211, 105, 67, 212, 225, 40, 50, 134, 259, 140, 247, 138, 246, 260, 176, 265, 1, 144, 23, 2, 41, 124, 102, 242, 94, 198, 170, 46, 142, 15, 137, 267, 207, 257, 107, 250, 161, 160, 168, 29, 218, 74, 106, 202, 251, 180, 203, 35, 175, 10, 82, 109, 219, 13, 206, 190, 60, 214, 19, 216, 43, 37, 228, 30, 245, 209, 270, 114, 32, 51, 38, 240, 254, 221, 64, 83, 4, 139, 156, 61, 53, 237, 130, 115, 182, 49, 258, 249, 149, 89, 143, 73, 261, 87, 11, 79, 236, 178, 213, 77, 201, 205, 208, 210, 215, 222, 231, 233, 264]
x_200: [1, 3, 5, 7, 8, 12, 18, 23, 24, 27, 29, 30, 31, 33, 34, 36, 40, 44, 49, 53, 54, 56, 57, 60, 63, 65, 66, 68, 69, 70, 71, 72, 76, 84, 88, 89, 96, 98, 99, 100, 107, 108, 109, 111, 113, 120, 121, 123, 124, 125, 126, 127, 130, 132, 134, 139, 142, 143, 144, 145, 148, 151, 153, 154, 155, 157, 158, 161, 163, 164, 167, 168, 169, 171, 172, 175, 176, 178, 180, 181, 182, 183, 185, 186, 187, 189, 190, 192, 195, 198, 199, 269, 6, 212, 97, 77, 213, 208, 62, 13, 35, 2, 255, 137, 101, 25, 42, 87, 166, 115, 133, 188, 179, 215, 95, 10, 138, 266, 201, 202, 204, 209, 210, 211, 221, 225, 226, 231, 233, 237, 238, 239, 241, 242, 243, 244, 245, 254, 258, 260, 261, 270]
x_201: [4, 7, 8, 11, 13, 14, 15, 16, 19, 20, 24, 25, 29, 31, 33, 37, 40, 41, 45, 49, 52, 53, 56, 57, 60, 63, 65, 66, 73, 76, 85, 87, 91, 96, 99, 100, 104, 109, 113, 114, 115, 119, 120, 124, 126, 127, 129, 134, 135, 138, 142, 143, 144, 146, 148, 152, 154, 155, 168, 172, 176, 183, 185, 187, 189, 190, 192, 193, 196, 77, 43, 212, 108, 163, 255, 159, 220, 147, 38, 217, 101, 253, 9, 102, 199, 74, 239, 156, 2, 186, 223, 180, 226, 208, 182, 200, 79, 80, 218, 229, 128, 1, 264, 95, 21, 267, 136, 191, 188, 222, 270, 83, 167, 213, 157, 94, 165, 250, 160, 28, 84, 123, 215, 262, 197, 55, 112, 240, 125, 219, 140, 97, 175, 179, 70, 67, 266, 36, 39, 69, 44, 258, 171, 10, 231, 12, 233, 244, 195, 164, 141, 59, 247, 27, 61, 268, 50, 23, 58, 211, 30, 32, 5, 54, 173, 150, 75, 90, 137, 210, 132, 251, 235, 177, 68, 257, 62, 133, 224, 22, 228, 214, 42, 198, 169, 206, 98, 105, 18, 81, 110, 242, 204, 216, 225, 230, 234, 238, 243, 245, 249, 256, 261]
x_202: [1, 2, 6, 9, 10, 13, 14, 18, 19, 23, 24, 26, 29, 30, 33, 35, 39, 40, 41, 43, 44, 47, 53, 60, 62, 66, 67, 68, 73, 75, 76, 84, 85, 87, 89, 91, 95, 96, 101, 102, 108, 113, 114, 115, 121, 125, 126, 127, 130, 131, 133, 136, 142, 146, 148, 156, 157, 160, 162, 164, 167, 169, 172, 183, 184, 185, 187, 188, 190, 192, 195, 196, 199, 165, 71, 237, 145, 154, 179, 189, 31, 63, 8, 155, 173, 147, 59, 81, 3, 233, 200, 58, 229, 77, 240, 220, 74, 248, 161, 242, 104, 116, 78, 83, 239, 11, 216, 144, 238, 222, 135, 254, 215, 197, 168, 48, 170, 105, 249, 54, 224, 212, 186, 177, 93, 5, 174, 124, 132, 138, 219, 218, 119, 158, 90, 117, 120, 100, 64, 270, 234, 141, 176, 25, 230, 21, 257, 4, 214, 261, 182, 208, 268, 159, 269, 106, 153, 51, 152, 253, 46, 260, 86, 191, 38, 139, 244, 225, 221, 247, 37, 128, 258, 231, 252, 42, 206, 207, 204, 80, 178, 16, 209, 210, 211, 213, 228, 241, 243, 245, 259, 264]
x_203: [3, 6, 7, 12, 13, 15, 16, 17, 23, 24, 28, 32, 34, 36, 39, 42, 44, 46, 52, 56, 58, 59, 61, 63, 64, 66, 68, 69, 71, 72, 73, 76, 79, 84, 85, 89, 90, 91, 99, 102, 104, 105, 106, 108, 111, 112, 113, 115, 118, 119, 121, 122, 123, 125, 126, 127, 128, 133, 136, 142, 144, 148, 150, 152, 153, 154, 156, 157, 161, 162, 164, 176, 179, 180, 183, 185, 190, 192, 193, 197, 199, 196, 101, 235, 217, 149, 29, 98, 147, 139, 216, 109, 94, 2, 245, 263, 77, 205, 184, 21, 100, 222, 4, 120, 204, 207, 208, 209, 210, 213, 214, 224, 225, 228, 230, 237, 239, 241, 242, 243, 246, 247, 249, 251, 254, 258, 260, 261, 264, 265, 266]
x_204: [3, 6, 7, 11, 12, 13, 15, 17, 18, 19, 22, 23, 24, 26, 31, 33, 36, 37, 39, 40, 42, 44, 45, 49, 53, 61, 62, 63, 66, 69, 71, 73, 76, 87, 88, 89, 91, 99, 100, 102, 105, 108, 111, 114, 116, 118, 122, 123, 125, 126, 127, 134, 138, 140, 144, 146, 147, 148, 153, 157, 158, 159, 168, 171, 173, 176, 180, 181, 183, 186, 189, 195, 197, 202, 9, 179, 145, 203, 14, 5, 58, 174, 142, 259, 267, 163, 97, 124, 16, 101, 244, 8, 164, 104, 28, 210, 77, 191, 248, 190, 236, 251, 60, 57, 95, 266, 106, 227, 270, 143, 110, 149, 233, 200, 55, 207, 241, 185, 34, 78, 117, 74, 194, 4, 193, 81, 235, 188, 92, 218, 128, 234, 215, 68, 38, 178, 32, 160, 107, 90, 240, 239, 93, 133, 30, 65, 129, 256, 1, 250, 137, 231, 221, 98, 139, 220, 21, 119, 141, 96, 79, 187, 260, 228, 75, 56, 20, 51, 208, 216, 80, 170, 219, 201, 172, 196, 43, 113, 230, 162, 64, 41, 257, 175, 166, 135, 245, 86, 205, 109, 212, 213, 214, 222, 223, 225, 226, 229, 238, 242, 243, 258, 262]
x_205: [4, 6, 7, 8, 10, 11, 13, 14, 18, 19, 20, 21, 23, 24, 26, 28, 30, 34, 35, 36, 40, 41, 42, 45, 46, 47, 49, 52, 57, 58, 60, 63, 64, 68, 70, 71, 73, 75, 76, 79, 87, 92, 108, 109, 111, 116, 121, 125, 126, 130, 131, 132, 134, 142, 143, 144, 146, 150, 151, 153, 155, 159, 161, 163, 168, 174, 176, 178, 181, 183, 186, 188, 192, 194, 196, 203, 204, 177, 115, 22, 135, 104, 247, 162, 244, 266, 257, 118, 230, 268, 136, 219, 180, 269, 128, 113, 69, 77, 193, 83, 103, 241, 245, 85, 243, 214, 152, 239, 59, 147, 98, 260, 89, 184, 82, 39, 114, 189, 67, 227, 74, 66, 197, 263, 122, 99, 29, 33, 235, 94, 199, 206, 212, 32, 100, 61, 117, 210, 129, 65, 224, 124, 258, 43, 112, 139, 105, 84, 259, 249, 31, 220, 86, 238, 154, 16, 253, 53, 255, 120, 221, 55, 72, 25, 236, 80, 165, 216, 218, 222, 225, 229, 231, 237, 240, 246, 251, 254, 256, 264]
x_206: [3, 5, 6, 7, 8, 18, 20, 22, 24, 30, 34, 36, 39, 41, 44, 46, 47, 49, 50, 54, 63, 66, 67, 68, 70, 72, 76, 86, 88, 89, 90, 91, 99, 111, 112, 114, 116, 121, 123, 124, 125, 126, 127, 128, 135, 136, 139, 141, 144, 146, 152, 154, 157, 158, 160, 171, 172, 173, 175, 176, 179, 181, 182, 183, 186, 187, 188, 189, 190, 192, 194, 196, 197, 198, 199, 201, 202, 205, 57, 268, 256, 133, 237, 113, 95, 97, 142, 216, 155, 103, 222, 223, 195, 260, 243, 159, 140, 21, 28, 193, 148, 45, 40, 170, 167, 77, 137, 166, 211, 219, 220, 221, 228, 229, 230, 231, 232, 238, 239, 241, 245, 249, 250, 251, 253, 254, 255, 257, 258, 261, 263, 264, 265]
x_207: [1, 7, 8, 10, 14, 17, 22, 23, 25, 39, 43, 44, 45, 49, 58, 60, 63, 64, 66, 67, 70, 71, 75, 76, 85, 87, 88, 96, 101, 102, 104, 105, 107, 108, 119, 120, 122, 123, 124, 125, 127, 130, 131, 133, 135, 140, 141, 142, 144, 146, 147, 148, 153, 154, 155, 158, 163, 172, 175, 179, 182, 192, 194, 196, 199, 202, 204, 18, 222, 16, 80, 137, 169, 77, 181, 267, 178, 132, 55, 136, 270, 252, 40, 241, 170, 185, 236, 258, 152, 24, 232, 95, 92, 73, 41, 56, 228, 165, 118, 210, 249, 53, 203, 78, 38, 213, 255, 240, 65, 68, 28, 20, 27, 9, 6, 261, 99, 31, 211, 212, 216, 220, 225, 226, 227, 230, 233, 234, 235, 238, 242, 243, 251, 254, 264, 265, 266]
x_208: [2, 7, 10, 13, 23, 24, 25, 28, 30, 35, 37, 42, 44, 45, 46, 52, 54, 55, 56, 60, 61, 62, 63, 64, 71, 72, 73, 85, 87, 88, 102, 111, 112, 114, 119, 120, 121, 122, 127, 128, 129, 130, 131, 133, 140, 141, 146, 148, 151, 152, 153, 156, 157, 160, 161, 163, 166, 167, 168, 171, 179, 181, 182, 184, 187, 188, 189, 190, 193, 194, 196, 200, 201, 202, 204, 96, 84, 41, 18, 117, 158, 12, 233, 38, 113, 252, 59, 246, 176, 154, 135, 224, 174, 50, 70, 178, 240, 222, 265, 250, 78, 212, 47, 231, 27, 58, 89, 241, 138, 91, 185, 210, 123, 90, 99, 103, 215, 32, 49, 195, 236, 69, 199, 253, 22, 266, 164, 136, 203, 33, 81, 14, 247, 261, 144, 101, 110, 242, 97, 150, 263, 104, 51, 260, 225, 211, 79, 269, 219, 74, 3, 139, 221, 142, 105, 65, 137, 93, 36, 243, 216, 238, 4, 262, 267, 86, 77, 9, 192, 17, 48, 80, 248, 180, 15, 170, 220, 257, 256, 11, 268, 258, 209, 214, 227, 237, 245, 249, 259, 264]
x_209: [4, 7, 8, 9, 15, 16, 20, 34, 35, 39, 40, 44, 50, 53, 56, 58, 60, 63, 64, 65, 69, 72, 73, 74, 75, 79, 81, 84, 86, 88, 99, 102, 104, 105, 107, 108, 109, 111, 114, 115, 119, 120, 121, 122, 124, 126, 134, 136, 138, 139, 144, 145, 146, 149, 154, 156, 157, 161, 167, 173, 179, 182, 183, 185, 186, 187, 188, 193, 194, 195, 196, 198, 199, 174, 192, 3, 49, 10, 200, 82, 258, 42, 137, 181, 83, 248, 267, 242, 169, 11, 257, 33, 236, 93, 214, 180, 80, 203, 153, 48, 252, 224, 148, 231, 261, 220, 175, 70, 130, 45, 54, 25, 191, 235, 38, 160, 202, 251, 113, 110, 32, 232, 106, 208, 234, 260, 164, 29, 12, 216, 249, 132, 210, 162, 168, 241, 141, 166, 100, 228, 5, 262, 52, 116, 78, 171, 227, 233, 239, 244, 245, 246, 259, 268, 270]
x_210: [6, 7, 8, 10, 15, 16, 18, 19, 23, 24, 26, 30, 33, 35, 39, 40, 44, 45, 49, 51, 52, 60, 68, 70, 71, 76, 79, 80, 85, 86, 88, 89, 91, 99, 107, 111, 113, 119, 120, 123, 125, 127, 133, 139, 142, 144, 146, 153, 154, 157, 164, 174, 176, 178, 179, 181, 182, 185, 198, 201, 204, 205, 207, 208, 209, 172, 192, 251, 32, 260, 148, 73, 212, 140, 195, 156, 191, 130, 84, 263, 105, 255, 250, 244, 118, 94, 135, 14, 31, 66, 261, 193, 64, 77, 265, 197, 78, 238, 257, 221, 17, 141, 53, 264, 155, 100, 267, 258, 112, 104, 199, 202, 269, 145, 25, 143, 47, 254, 158, 67, 230, 252, 98, 152, 97, 226, 22, 83, 5, 9, 228, 93, 69, 55, 96, 245, 138, 171, 235, 95, 124, 173, 253, 46, 115, 232, 57, 131, 63, 117, 81, 59, 106, 170, 11, 175, 163, 12, 203, 28, 121, 231, 43, 243, 215, 219, 188, 61, 161, 58, 108, 200, 36, 110, 62, 236, 248, 3, 109, 186, 211, 216, 220, 222, 225, 233, 239, 240, 241, 242, 259]
x_211: [7, 8, 9, 13, 19, 20, 23, 24, 25, 31, 33, 34, 41, 46, 49, 52, 53, 54, 55, 56, 59, 61, 65, 68, 69, 72, 73, 75, 88, 89, 97, 99, 102, 108, 112, 113, 121, 122, 124, 127, 128, 129, 130, 133, 134, 136, 139, 141, 142, 146, 148, 152, 156, 159, 160, 163, 164, 165, 172, 173, 174, 181, 182, 183, 185, 187, 191, 192, 193, 196, 199, 201, 208, 94, 240, 39, 63, 51, 111, 189, 92, 210, 228, 2, 3, 110, 219, 166, 44, 186, 241, 95, 214, 190, 157, 12, 81, 38, 247, 267, 93, 83, 253, 245, 218, 266, 213, 151, 225, 206, 226, 109, 162, 71, 202, 29, 258, 106, 120, 269, 126, 227, 250, 64, 230, 16, 119, 1, 264, 158, 4, 140, 237, 6, 37, 70, 260, 147, 223, 105, 91, 265, 114, 242, 107, 80, 171, 66, 270, 145, 184, 103, 243, 43, 76, 207, 27, 74, 154, 90, 96, 84, 236, 137, 131, 30, 26, 255, 200, 216, 135, 238, 11, 251, 244, 161, 132, 263, 249, 48, 246, 10, 212, 220, 221, 234, 235, 239, 254]
x_212: [3, 4, 6, 7, 8, 9, 15, 19, 23, 30, 31, 34, 35, 36, 40, 42, 44, 45, 46, 51, 52, 58, 63, 67, 69, 70, 71, 72, 73, 76, 78, 81, 89, 108, 111, 116, 119, 120, 121, 122, 124, 126, 127, 129, 132, 133, 134, 136, 137, 138, 139, 142, 143, 144, 157, 160, 164, 172, 175, 179, 181, 182, 183, 194, 196, 199, 200, 201, 202, 205, 208, 210, 168, 188, 47, 220, 238, 211, 12, 85, 245, 79, 189, 125, 246, 18, 261, 268, 216, 163, 140, 75, 49, 98, 123, 117, 248, 88, 27, 26, 165, 152, 62, 185, 14, 99, 16, 148, 204, 266, 177, 38, 110, 53, 86, 221, 130, 215, 91, 128, 102, 207, 112, 166, 239, 244, 169, 101, 159, 5, 66, 20, 106, 162, 258, 11, 240, 74, 153, 60, 193, 256, 155, 222, 213, 223, 224, 227, 230, 231, 235, 236, 242, 243, 250, 251, 265, 270]
x_213: [1, 3, 8, 10, 11, 12, 14, 17, 19, 20, 24, 27, 28, 31, 32, 33, 34, 39, 40, 42, 44, 49, 50, 53, 54, 55, 60, 63, 65, 68, 70, 71, 73, 81, 82, 93, 101, 102, 107, 114, 121, 123, 126, 127, 129, 137, 139, 140, 141, 144, 153, 154, 157, 158, 159, 173, 179, 182, 184, 185, 187, 190, 199, 200, 201, 207, 211, 188, 2, 124, 204, 79, 74, 233, 128, 160, 57, 240, 263, 239, 202, 143, 257, 25, 238, 252, 135, 171, 7, 230, 248, 218, 244, 84, 89, 152, 47, 224, 266, 246, 106, 162, 4, 118, 48, 83, 110, 227, 113, 161, 269, 265, 148, 197, 175, 270, 194, 142, 226, 132, 134, 41, 23, 219, 96, 77, 91, 61, 176, 256, 228, 225, 150, 26, 29, 232, 69, 189, 115, 212, 191, 122, 203, 258, 166, 178, 9, 6, 170, 104, 45, 168, 149, 80, 85, 220, 221, 222, 223, 234, 235, 237, 245, 249, 253, 259, 260, 261, 264]
x_214: [1, 3, 6, 8, 9, 12, 13, 15, 29, 33, 36, 40, 41, 45, 52, 54, 55, 57, 59, 60, 61, 63, 64, 65, 66, 71, 73, 75, 76, 87, 88, 89, 91, 96, 99, 101, 104, 109, 114, 115, 116, 119, 122, 123, 129, 131, 133, 137, 139, 140, 144, 145, 146, 151, 152, 153, 156, 164, 173, 179, 182, 183, 185, 194, 196, 197, 199, 201, 202, 205, 209, 211, 134, 268, 253, 120, 269, 125, 232, 86, 7, 112, 121, 117, 239, 219, 150, 187, 147, 68, 215, 255, 90, 30, 77, 82, 20, 250, 84, 16, 163, 191, 252, 47, 97, 217, 203, 31, 248, 167, 169, 102, 245, 56, 78, 107, 261, 243, 124, 208, 44, 236, 81, 222, 244, 106, 172, 231, 160, 85, 193, 204, 70, 143, 190, 188, 180, 14, 216, 220, 221, 225, 227, 238, 240, 241, 247, 251, 256, 260, 262, 266, 267]
x_215: [8, 10, 18, 23, 27, 28, 29, 30, 33, 37, 39, 40, 42, 45, 47, 52, 57, 65, 71, 72, 73, 84, 85, 88, 89, 90, 93, 96, 101, 108, 111, 112, 115, 119, 121, 123, 124, 126, 128, 129, 133, 135, 136, 141, 142, 146, 148, 151, 154, 156, 157, 158, 160, 163, 167, 168, 171, 172, 176, 178, 185, 189, 192, 193, 194, 195, 197, 198, 200, 201, 202, 204, 208, 210, 212, 214, 143, 51, 222, 266, 63, 268, 199, 250, 49, 77, 127, 258, 79, 35, 241, 53, 169, 99, 83, 236, 238, 219, 216, 218, 220, 221, 224, 230, 231, 233, 235, 237, 242, 244, 245, 251, 254, 257, 259, 260, 261, 264, 265]
x_216: [3, 4, 6, 8, 13, 14, 15, 20, 33, 34, 35, 36, 37, 39, 41, 45, 50, 52, 53, 54, 57, 61, 65, 66, 68, 71, 72, 76, 88, 89, 91, 96, 101, 102, 104, 107, 109, 111, 112, 115, 116, 119, 121, 126, 127, 128, 129, 133, 136, 137, 141, 144, 146, 152, 153, 154, 156, 157, 163, 164, 173, 174, 175, 178, 181, 183, 185, 186, 187, 189, 192, 196, 198, 199, 202, 203, 204, 206, 208, 209, 211, 212, 162, 244, 148, 190, 58, 48, 218, 257, 16, 227, 145, 90, 64, 113, 214, 215, 84, 114, 81, 40, 135, 239, 51, 27, 223, 182, 235, 12, 158, 103, 43, 234, 251, 44, 231, 254, 266, 191, 258, 56, 63, 256, 83, 263, 237, 10, 252, 100, 267, 269, 247, 201, 224, 217, 246, 17, 207, 47, 85, 253, 168, 236, 155, 205, 167, 161, 62, 19, 233, 18, 226, 134, 160, 5, 124, 210, 176, 245, 165, 193, 188, 49, 249, 138, 268, 195, 229, 26, 73, 194, 108, 255, 79, 7, 38, 197, 220, 225, 228, 230, 232, 238, 241, 259, 261, 264, 265]
x_217: [1, 7, 8, 10, 11, 13, 16, 20, 23, 24, 26, 29, 33, 36, 39, 40, 41, 46, 47, 49, 50, 52, 60, 61, 66, 68, 71, 72, 79, 81, 87, 89, 90, 92, 97, 99, 100, 103, 108, 111, 114, 115, 119, 120, 121, 122, 123, 128, 131, 133, 134, 136, 142, 143, 146, 148, 152, 153, 154, 155, 159, 169, 172, 175, 179, 183, 186, 187, 188, 193, 194, 195, 196, 197, 198, 199, 201, 203, 214, 216, 222, 190, 231, 248, 171, 64, 218, 220, 221, 224, 225, 229, 232, 233, 240, 242, 243, 244, 245, 247, 249, 251, 257, 258, 259, 265, 268, 270]
x_218: [7, 8, 15, 18, 20, 24, 29, 31, 33, 34, 35, 41, 42, 44, 46, 52, 53, 54, 59, 63, 67, 69, 75, 78, 88, 99, 101, 102, 109, 111, 114, 119, 121, 122, 125, 127, 128, 129, 136, 139, 144, 145, 146, 147, 148, 151, 153, 160, 161, 167, 168, 171, 182, 185, 192, 193, 194, 196, 198, 199, 201, 202, 204, 211, 213, 216, 251, 5, 217, 189, 227, 43, 215, 32, 36, 197, 219, 23, 62, 100, 205, 195, 1, 142, 152, 123, 51, 50, 240, 91, 135, 120, 249, 113, 220, 261, 252, 166, 22, 106, 112, 131, 250, 263, 39, 81, 258, 68, 64, 40, 224, 268, 38, 234, 187, 55, 138, 225, 170, 253, 175, 183, 169, 73, 174, 222, 223, 226, 229, 230, 231, 235, 238, 239, 242, 244, 245, 246, 254, 256, 270]
x_219: [3, 6, 7, 8, 11, 14, 15, 16, 18, 23, 24, 25, 30, 31, 34, 35, 36, 40, 41, 42, 49, 50, 56, 60, 64, 72, 73, 75, 77, 88, 90, 97, 99, 101, 105, 107, 108, 111, 112, 114, 115, 120, 121, 123, 124, 125, 126, 128, 130, 133, 139, 140, 142, 143, 144, 148, 155, 158, 167, 169, 181, 182, 183, 185, 186, 187, 189, 192, 193, 194, 196, 199, 201, 202, 204, 205, 208, 210, 211, 213, 214, 215, 218, 255, 224, 179, 103, 261, 71, 86, 164, 136, 206, 45, 122, 173, 79, 65, 151, 93, 146, 87, 46, 245, 221, 80, 163, 223, 227, 230, 231, 234, 238, 239, 241, 242, 243, 250, 251, 254, 259, 265, 267]
x_220: [3, 7, 13, 16, 19, 20, 27, 29, 30, 31, 33, 34, 36, 42, 44, 46, 49, 52, 54, 55, 56, 61, 63, 64, 65, 66, 69, 70, 71, 72, 73, 79, 84, 86, 87, 88, 101, 102, 103, 105, 108, 115, 116, 119, 120, 121, 122, 123, 124, 125, 126, 128, 129, 130, 131, 133, 134, 142, 146, 147, 148, 150, 151, 153, 156, 157, 159, 160, 161, 164, 173, 174, 178, 181, 183, 185, 186, 188, 189, 190, 191, 192, 194, 196, 201, 202, 204, 205, 208, 209, 212, 218, 99, 85, 76, 176, 9, 231, 236, 83, 158, 12, 269, 227, 138, 195, 217, 41, 198, 89, 136, 267, 210, 250, 228, 165, 28, 109, 222, 171, 112, 35, 155, 110, 152, 260, 59, 180, 224, 252, 253, 184, 98, 40, 246, 95, 75, 141, 93, 251, 256, 259, 137, 213, 215, 140, 255, 68, 144, 172, 211, 15, 50, 25, 11, 233, 197, 6, 81, 247, 14, 244, 48, 37, 57, 143, 117, 242, 177, 226, 206, 207, 249, 78, 90, 162, 38, 168, 51, 214, 239, 58, 225, 237, 18, 216, 111, 230, 154, 82, 43, 91, 106, 107, 221, 234, 238, 241, 245, 257, 261, 262, 263, 264, 265, 268, 270]
x_221: [6, 17, 19, 20, 23, 24, 29, 31, 33, 36, 41, 45, 46, 49, 53, 56, 60, 63, 66, 67, 70, 71, 75, 76, 79, 81, 84, 87, 88, 89, 90, 99, 102, 111, 116, 117, 118, 119, 121, 123, 124, 125, 126, 127, 129, 130, 136, 139, 144, 146, 151, 153, 155, 157, 161, 163, 164, 167, 168, 173, 175, 178, 185, 187, 188, 190, 194, 195, 196, 197, 198, 199, 202, 204, 205, 208, 210, 212, 219, 95, 3, 13, 206, 263, 215, 142, 107, 226, 37, 152, 74, 105, 159, 214, 213, 18, 4, 39, 228, 236, 7, 145, 93, 110, 166, 68, 57, 249, 244, 241, 128, 96, 137, 183, 154, 12, 14, 224, 171, 266, 233, 250, 40, 222, 2, 191, 181, 147, 50, 141, 73, 44, 258, 42, 184, 253, 192, 148, 69, 78, 257, 132, 134, 138, 186, 43, 223, 170, 200, 97, 62, 211, 72, 35, 25, 34, 38, 122, 252, 248, 80, 245, 27, 103, 104, 225, 115, 85, 227, 106, 10, 220, 235, 120, 83, 22, 217, 58, 54, 162, 179, 246, 55, 15, 28, 108, 169, 165, 48, 243, 9, 51, 91, 109, 232, 229, 230, 231, 238, 239, 240, 242, 247, 261, 268]
x_222: [1, 3, 6, 7, 8, 10, 11, 15, 17, 19, 20, 22, 23, 29, 31, 33, 34, 35, 40, 41, 42, 52, 57, 63, 65, 66, 67, 68, 70, 71, 72, 73, 76, 79, 88, 89, 91, 94, 97, 99, 116, 117, 121, 122, 124, 125, 127, 129, 131, 132, 133, 141, 142, 143, 146, 148, 150, 151, 153, 155, 157, 158, 159, 160, 161, 163, 172, 176, 179, 185, 186, 188, 192, 193, 195, 196, 197, 198, 201, 202, 203, 206, 207, 208, 212, 214, 215, 217, 220, 221, 210, 100, 180, 77, 194, 85, 87, 55, 102, 171, 130, 105, 170, 245, 149, 95, 113, 9, 162, 18, 103, 177, 14, 232, 78, 270, 5, 205, 181, 144, 30, 168, 115, 174, 134, 227, 169, 204, 80, 213, 167, 156, 84, 243, 81, 92, 184, 82, 145, 255, 107, 62, 56, 182, 265, 224, 252, 267, 249, 126, 260, 120, 259, 152, 234, 240, 226, 238, 16, 187, 262, 27, 109, 51, 74, 104, 263, 257, 268, 128, 239, 178, 59, 44, 26, 258, 218, 199, 75, 248, 164, 114, 241, 190, 223, 24, 266, 231, 54, 60, 4, 138, 45, 61, 64, 21, 254, 225, 228, 229, 233, 235, 242, 244, 246, 247, 251, 253, 264]
x_223: [4, 10, 13, 18, 20, 27, 28, 29, 33, 39, 42, 44, 45, 49, 51, 52, 54, 56, 57, 59, 60, 66, 67, 68, 69, 70, 72, 73, 78, 79, 87, 88, 91, 96, 99, 100, 102, 108, 109, 112, 115, 116, 120, 124, 127, 144, 147, 150, 153, 154, 155, 157, 161, 164, 173, 174, 184, 186, 190, 191, 192, 194, 195, 196, 198, 199, 201, 206, 211, 216, 221, 222, 262, 160, 143, 129, 240, 255, 248, 128, 84, 212, 140, 55, 122, 23, 97, 232, 175, 204, 46, 111, 163, 233, 43, 76, 11, 166, 74, 130, 235, 94, 103, 229, 117, 176, 256, 245, 3, 137, 213, 32, 218, 81, 37, 114, 25, 63, 41, 62, 167, 219, 30, 225, 227, 231, 238, 242, 244, 251, 254, 257, 258, 259, 261, 264, 265, 269]
x_224: [6, 15, 16, 19, 20, 24, 25, 27, 28, 30, 31, 33, 35, 36, 37, 39, 40, 42, 44, 49, 54, 55, 63, 64, 66, 68, 71, 72, 73, 75, 85, 88, 89, 93, 94, 97, 103, 108, 109, 111, 113, 119, 121, 123, 126, 129, 130, 131, 134, 136, 141, 142, 144, 146, 151, 155, 158, 160, 162, 163, 164, 172, 185, 188, 190, 192, 194, 196, 198, 201, 202, 205, 208, 209, 213, 216, 218, 219, 220, 221, 222, 250, 225, 70, 231, 12, 17, 87, 253, 178, 267, 232, 175, 156, 261, 251, 107, 59, 122, 8, 67, 169, 138, 77, 114, 26, 81, 11, 242, 236, 32, 247, 176, 157, 79, 249, 252, 90, 117, 227, 57, 3, 181, 112, 257, 255, 262, 265, 244, 5, 140, 173, 212, 133, 229, 239, 82, 215, 128, 46, 99, 233, 152, 234, 217, 116, 48, 195, 98, 167, 95, 102, 203, 168, 268, 263, 237, 86, 148, 246, 166, 83, 161, 256, 104, 184, 154, 230, 238, 241, 259]
x_225: [1, 6, 17, 18, 19, 23, 24, 26, 30, 35, 36, 37, 44, 46, 49, 53, 55, 61, 63, 65, 66, 67, 68, 70, 71, 72, 73, 75, 81, 87, 88, 91, 96, 99, 102, 104, 108, 109, 111, 112, 113, 115, 116, 121, 125, 126, 127, 128, 131, 133, 137, 140, 142, 146, 150, 157, 160, 161, 167, 168, 170, 171, 178, 184, 186, 188, 192, 193, 194, 197, 199, 202, 208, 211, 213, 218, 220, 221, 224, 200, 217, 106, 143, 3, 181, 139, 95, 179, 16, 165, 183, 13, 60, 244, 210, 7, 82, 153, 114, 228, 187, 172, 255, 238, 227, 76, 229, 130, 32, 135, 25, 185, 196, 175, 149, 254, 233, 243, 201, 41, 15, 9, 92, 148, 132, 5, 50, 222, 205, 204, 64, 134, 232, 4, 198, 136, 226, 8, 156, 51, 261, 103, 152, 122, 264, 85, 203, 62, 256, 42, 107, 169, 77, 257, 27, 240, 260, 144, 59, 247, 263, 158, 118, 182, 173, 241, 265, 74, 259, 216, 2, 29, 57, 154, 235, 117, 191, 253, 119, 214, 267, 21, 20, 58, 10, 12, 207, 164, 138, 237, 129, 100, 80, 223, 69, 190, 145, 84, 101, 252, 249, 269, 48, 250, 231, 234, 242, 245, 246, 251, 266, 268]
x_226: [7, 9, 10, 11, 17, 18, 19, 22, 23, 24, 25, 29, 33, 34, 36, 37, 39, 40, 44, 46, 49, 50, 52, 53, 55, 59, 60, 68, 69, 71, 73, 75, 93, 99, 102, 104, 105, 107, 108, 111, 114, 119, 121, 122, 124, 126, 128, 129, 131, 132, 133, 134, 135, 139, 141, 142, 146, 151, 152, 154, 156, 157, 158, 160, 167, 168, 176, 181, 182, 183, 185, 187, 195, 196, 197, 201, 210, 211, 213, 216, 220, 221, 222, 225, 270, 246, 35, 227, 92, 166, 6, 125, 8, 191, 85, 84, 207, 100, 218, 90, 268, 91, 192, 204, 127, 238, 42, 256, 13, 83, 136, 193, 65, 56, 200, 26, 241, 138, 235, 252, 97, 144, 188, 178, 243, 5, 179, 231, 234, 237, 244, 245, 257, 258, 259, 264]
x_227: [6, 7, 13, 15, 16, 18, 19, 23, 27, 33, 34, 35, 37, 40, 41, 42, 44, 46, 49, 52, 53, 57, 65, 68, 69, 71, 84, 88, 103, 111, 118, 121, 124, 125, 126, 127, 133, 134, 136, 139, 142, 143, 144, 146, 151, 152, 155, 157, 162, 167, 168, 172, 175, 182, 185, 187, 194, 204, 205, 211, 213, 216, 218, 220, 221, 222, 224, 225, 226, 96, 56, 161, 43, 193, 207, 184, 86, 76, 82, 165, 240, 253, 265, 50, 48, 238, 247, 250, 209, 102, 137, 214, 223, 25, 94, 92, 262, 208, 1, 261, 45, 219, 131, 230, 70, 67, 212, 58, 228, 229, 231, 233, 239, 241, 244, 249, 251, 255, 257, 258, 259, 260, 264, 270]
x_228: [6, 7, 8, 13, 15, 18, 24, 27, 29, 33, 36, 37, 40, 42, 44, 55, 63, 65, 66, 68, 69, 70, 71, 73, 81, 85, 89, 90, 91, 93, 99, 101, 105, 107, 118, 119, 120, 125, 127, 128, 129, 134, 136, 139, 144, 145, 154, 157, 158, 161, 171, 172, 174, 179, 181, 183, 186, 187, 188, 193, 195, 197, 198, 199, 201, 204, 207, 209, 210, 211, 213, 220, 221, 225, 166, 177, 135, 50, 248, 203, 147, 12, 76, 269, 39, 35, 168, 9, 253, 72, 267, 237, 236, 202, 164, 263, 162, 34, 87, 83, 163, 176, 45, 182, 133, 239, 227, 245, 122, 106, 67, 110, 233, 257, 82, 141, 230, 54, 92, 251, 206, 4, 114, 32, 222, 51, 216, 243, 264, 180, 25, 2, 77, 173, 190, 146, 192, 189, 126, 252, 151, 103, 21, 131, 238, 78, 142, 79, 26, 250, 167, 75, 175, 229, 244, 231, 234, 241, 247, 259, 260, 261, 262, 270]
x_229: [1, 3, 6, 7, 10, 14, 18, 19, 20, 22, 24, 30, 33, 35, 37, 40, 41, 44, 46, 49, 54, 56, 58, 61, 66, 68, 70, 71, 72, 73, 76, 84, 88, 90, 101, 102, 108, 111, 114, 116, 119, 121, 126, 127, 128, 129, 133, 134, 136, 139, 142, 143, 146, 148, 150, 153, 159, 161, 164, 168, 173, 178, 182, 183, 185, 186, 194, 197, 201, 202, 216, 223, 224, 225, 228, 244, 81, 60, 79, 218, 152, 239, 83, 196, 149, 137, 118, 11, 263, 55, 138, 2, 257, 64, 241, 266, 106, 192, 174, 4, 253, 38, 87, 144, 9, 260, 268, 99, 227, 59, 112, 237, 13, 132, 262, 221, 187, 97, 256, 29, 21, 77, 233, 115, 270, 120, 26, 166, 167, 92, 189, 204, 222, 206, 217, 205, 230, 109, 169, 181, 236, 264, 247, 36, 51, 250, 231, 240, 243, 249, 254, 255, 259, 265]
x_230: [5, 7, 8, 9, 12, 18, 20, 28, 31, 33, 34, 35, 38, 40, 42, 44, 45, 46, 49, 52, 55, 63, 64, 65, 66, 72, 75, 88, 91, 93, 96, 101, 102, 105, 108, 111, 112, 114, 118, 120, 124, 125, 126, 129, 130, 135, 138, 139, 140, 142, 144, 146, 148, 151, 152, 153, 154, 157, 158, 168, 169, 175, 176, 185, 187, 192, 193, 194, 195, 196, 202, 204, 205, 210, 211, 213, 220, 227, 228, 229, 13, 85, 137, 3, 81, 24, 201, 19, 86, 107, 77, 25, 71, 27, 224, 60, 117, 246, 256, 2, 100, 141, 179, 248, 92, 173, 236, 73, 47, 266, 123, 221, 15, 16, 235, 186, 172, 243, 159, 198, 189, 244, 212, 259, 29, 113, 215, 261, 37, 263, 247, 155, 89, 143, 145, 56, 269, 90, 239, 131, 203, 39, 207, 106, 122, 219, 234, 216, 258, 48, 6, 50, 43, 156, 128, 161, 245, 251, 53, 218, 36, 180, 22, 134, 237, 267, 262, 255, 68, 206, 76, 62, 11, 26, 41, 242, 4, 51, 183, 57, 54, 78, 104, 174, 32, 171, 109, 165, 99, 121, 238, 240, 241]
x_231: [1, 3, 4, 6, 7, 9, 15, 16, 17, 18, 24, 32, 34, 36, 40, 45, 46, 51, 54, 55, 56, 57, 61, 63, 67, 70, 72, 75, 81, 85, 88, 97, 101, 104, 108, 111, 115, 120, 123, 124, 126, 129, 133, 134, 136, 142, 143, 144, 145, 146, 147, 151, 153, 155, 158, 159, 163, 167, 174, 182, 186, 188, 189, 192, 195, 196, 197, 198, 201, 202, 204, 208, 209, 210, 214, 216, 217, 220, 222, 224, 223, 113, 38, 160, 80, 235, 2, 132, 150, 183, 199, 8, 244, 41, 43, 65, 177, 26, 127, 12, 25, 178, 269, 242, 103, 219, 236, 44, 218, 83, 110, 237, 122, 107, 194, 181, 179, 262, 118, 90, 10, 121, 212, 23, 184, 74, 251, 200, 47, 228, 128, 100, 102, 171, 29, 243, 125, 166, 258, 264, 191, 255, 225, 21, 157, 215, 96, 94, 69, 19, 250, 227, 221, 268, 238, 30, 259, 84, 233, 105, 58, 39, 141, 261, 14, 53, 68, 206, 91, 249, 27, 154, 239, 164, 265, 180, 205, 229, 42, 59, 89, 138, 99, 260, 60, 169, 226, 252, 240, 245, 246, 257, 266, 270]
x_232: [3, 7, 8, 16, 22, 23, 28, 30, 31, 33, 34, 37, 40, 41, 45, 46, 52, 56, 60, 61, 63, 67, 70, 71, 73, 75, 76, 79, 85, 88, 89, 91, 92, 95, 96, 99, 101, 102, 103, 108, 111, 114, 115, 116, 118, 119, 126, 129, 130, 131, 142, 143, 147, 148, 153, 155, 158, 163, 168, 171, 181, 182, 184, 185, 187, 195, 196, 197, 207, 209, 210, 213, 214, 221, 222, 223, 224, 225, 26, 104, 260, 36, 206, 251, 51, 2, 268, 169, 175, 186, 216, 65, 38, 253, 25, 188, 146, 64, 236, 217, 62, 191, 179, 167, 238, 239, 240, 241, 242, 243, 244, 246, 247, 250, 257, 258, 261, 262, 265, 270]
x_233: [3, 6, 8, 13, 16, 18, 19, 20, 23, 24, 29, 34, 36, 37, 39, 41, 44, 49, 52, 54, 55, 57, 59, 60, 63, 64, 67, 68, 69, 73, 75, 81, 84, 85, 88, 89, 90, 99, 108, 109, 111, 113, 116, 117, 120, 122, 124, 125, 127, 132, 138, 140, 143, 144, 146, 147, 148, 151, 153, 157, 158, 161, 163, 169, 173, 175, 182, 183, 186, 188, 189, 190, 192, 193, 194, 195, 196, 201, 202, 204, 208, 213, 216, 220, 221, 223, 224, 225, 228, 229, 231, 142, 114, 199, 98, 174, 129, 179, 268, 184, 149, 239, 267, 28, 156, 106, 25, 145, 93, 79, 97, 269, 217, 135, 43, 74, 58, 119, 244, 31, 51, 259, 155, 27, 255, 249, 15, 265, 200, 1, 162, 210, 215, 22, 14, 209, 136, 257, 170, 251, 222, 258, 266, 166, 240, 40, 50, 70, 126, 32, 26, 185, 47, 45, 96, 48, 227, 254, 137, 105, 118, 42, 256, 4, 112, 110, 246, 263, 260, 245, 33, 207, 62, 102, 100, 38, 121, 123, 5, 165, 191, 177, 83, 107, 2, 235, 197, 11, 128, 261, 80, 250, 7, 76, 46, 238, 101, 237, 241, 242, 253, 264, 270]
x_234: [4, 8, 15, 16, 19, 23, 30, 31, 33, 34, 42, 51, 52, 57, 64, 66, 68, 70, 71, 73, 74, 75, 76, 79, 88, 89, 93, 94, 100, 107, 108, 111, 115, 116, 126, 127, 129, 134, 138, 139, 140, 142, 143, 144, 146, 151, 152, 154, 157, 158, 160, 164, 167, 169, 176, 179, 181, 182, 185, 186, 189, 193, 194, 196, 197, 202, 204, 209, 216, 218, 222, 224, 230, 47, 225, 263, 213, 14, 247, 220, 48, 87, 219, 1, 245, 163, 67, 85, 172, 13, 226, 123, 228, 11, 238, 118, 133, 65, 153, 119, 10, 145, 37, 125, 257, 55, 260, 201, 39, 183, 25, 46, 173, 198, 256, 2, 132, 244, 63, 54, 5, 41, 7, 114, 137, 253, 58, 269, 96, 174, 77, 211, 207, 24, 262, 32, 109, 81, 121, 235, 239, 240, 251, 254, 259, 261, 264, 266, 268]
x_235: [3, 4, 8, 11, 13, 15, 16, 18, 20, 22, 24, 29, 31, 33, 36, 39, 40, 41, 42, 49, 51, 52, 62, 63, 67, 69, 70, 73, 75, 77, 85, 88, 89, 90, 102, 112, 113, 120, 121, 122, 124, 126, 129, 139, 144, 146, 148, 151, 152, 153, 157, 161, 163, 164, 167, 169, 173, 176, 181, 185, 186, 187, 188, 192, 195, 196, 197, 198, 201, 203, 204, 205, 209, 210, 216, 221, 223, 225, 226, 230, 231, 233, 114, 251, 218, 252, 207, 135, 26, 239, 108, 222, 242, 212, 30, 81, 180, 234, 138, 241, 258, 94, 74, 141, 147, 162, 96, 264, 213, 155, 211, 35, 19, 127, 215, 142, 10, 267, 46, 57, 262, 59, 174, 260, 38, 72, 132, 32, 245, 263, 118, 71, 240, 244, 247, 249, 254, 257, 259, 261]
x_236: [1, 2, 3, 7, 10, 13, 23, 24, 34, 35, 36, 37, 41, 42, 44, 46, 49, 53, 54, 57, 61, 64, 65, 67, 68, 70, 72, 85, 87, 89, 91, 93, 96, 99, 101, 104, 108, 113, 114, 119, 121, 122, 125, 126, 127, 129, 130, 134, 138, 139, 142, 143, 146, 148, 151, 153, 154, 156, 157, 161, 168, 181, 182, 183, 185, 189, 190, 192, 194, 198, 199, 204, 205, 207, 208, 209, 210, 211, 214, 215, 216, 220, 221, 224, 228, 229, 230, 231, 232, 75, 247, 266, 255, 212, 39, 109, 257, 237, 238, 240, 242, 243, 245, 246, 251, 258, 261, 264, 270]
x_237: [7, 10, 11, 15, 18, 19, 30, 31, 33, 36, 38, 42, 44, 45, 46, 49, 53, 54, 55, 57, 60, 63, 64, 66, 70, 73, 75, 76, 77, 79, 85, 89, 91, 93, 102, 108, 111, 115, 116, 121, 123, 125, 126, 136, 140, 142, 144, 146, 148, 150, 151, 152, 156, 163, 167, 168, 171, 179, 181, 182, 183, 190, 192, 193, 194, 195, 197, 198, 199, 202, 206, 211, 216, 220, 224, 225, 228, 229, 230, 231, 137, 253, 165, 236, 256, 61, 252, 105, 213, 35, 119, 80, 249, 124, 205, 215, 155, 251, 88, 5, 92, 69, 25, 48, 149, 166, 107, 32, 260, 28, 189, 257, 122, 133, 100, 82, 158, 241, 9, 196, 203, 106, 3, 200, 226, 240, 172, 245, 134, 247, 29, 4, 270, 67, 233, 114, 22, 157, 39, 56, 208, 154, 103, 238, 239, 242, 244, 258, 259, 261, 264, 266, 267]
x_238: [6, 8, 11, 13, 22, 24, 29, 30, 31, 32, 33, 34, 36, 39, 41, 42, 49, 55, 56, 57, 58, 61, 62, 63, 65, 70, 71, 73, 79, 88, 89, 90, 91, 96, 98, 102, 105, 108, 111, 112, 113, 114, 119, 120, 122, 124, 126, 131, 134, 135, 140, 142, 143, 144, 145, 146, 155, 158, 162, 168, 175, 182, 185, 192, 193, 194, 195, 196, 198, 202, 205, 208, 210, 211, 212, 213, 215, 222, 225, 226, 227, 228, 231, 233, 234, 5, 69, 259, 123, 100, 148, 50, 141, 265, 204, 200, 220, 137, 267, 93, 128, 254, 207, 44, 106, 260, 237, 206, 214, 127, 154, 224, 17, 191, 171, 236, 95, 219, 72, 249, 251, 163, 37, 147, 9, 188, 180, 74, 51, 255, 60, 156, 197, 68, 176, 166, 110, 139, 253, 83, 101, 116, 77, 87, 130, 4, 97, 256, 201, 38, 117, 14, 230, 187, 189, 35, 20, 183, 252, 184, 25, 136, 221, 16, 12, 223, 94, 85, 179, 245, 174, 216, 263, 7, 246, 232, 218, 173, 2, 129, 19, 27, 115, 52, 75, 47, 262, 165, 172, 45, 121, 240, 242, 244, 257, 258, 268, 270]
x_239: [12, 18, 22, 24, 29, 31, 33, 36, 39, 42, 44, 52, 54, 55, 56, 57, 58, 61, 63, 64, 65, 66, 68, 69, 70, 71, 72, 73, 76, 85, 88, 89, 90, 91, 98, 99, 101, 105, 108, 109, 111, 112, 114, 119, 120, 121, 123, 126, 127, 128, 129, 130, 133, 134, 136, 146, 148, 151, 152, 153, 154, 155, 163, 164, 167, 168, 172, 176, 187, 192, 194, 196, 198, 199, 201, 202, 204, 205, 212, 213, 214, 216, 220, 222, 224, 228, 229, 230, 231, 233, 235, 265, 124, 270, 104, 227, 147, 135, 50, 48, 177, 237, 16, 186, 184, 8, 193, 1, 74, 259, 165, 179, 47, 169, 113, 195, 260, 162, 262, 122, 14, 183, 209, 97, 93, 234, 200, 166, 185, 221, 110, 80, 92, 140, 203, 218, 173, 250, 6, 115, 157, 26, 191, 102, 174, 20, 171, 67, 83, 190, 251, 254, 86, 81, 139, 53, 240, 142, 35, 160, 78, 138, 247, 264, 180, 158, 211, 46, 25, 19, 268, 84, 170, 210, 258, 175, 232, 7, 4, 219, 34, 269, 256, 51, 206, 59, 15, 243, 241, 242, 245, 253, 261]
x_240: [7, 13, 18, 23, 24, 31, 33, 34, 36, 37, 39, 41, 42, 43, 44, 45, 46, 49, 52, 56, 57, 63, 65, 66, 70, 71, 73, 87, 88, 89, 91, 93, 96, 108, 109, 111, 112, 114, 116, 118, 121, 124, 125, 128, 137, 142, 143, 144, 151, 154, 155, 158, 159, 160, 161, 167, 168, 174, 179, 182, 183, 186, 187, 190, 194, 195, 196, 198, 199, 201, 202, 204, 207, 208, 211, 212, 213, 218, 222, 223, 225, 227, 233, 237, 239, 15, 176, 171, 81, 9, 156, 265, 221, 238, 26, 80, 69, 21, 253, 115, 248, 67, 166, 214, 244, 14, 264, 3, 148, 138, 120, 110, 131, 82, 72, 177, 12, 261, 250, 79, 193, 132, 210, 2, 163, 165, 123, 242, 74, 232, 16, 205, 259, 76, 141, 267, 197, 269, 181, 247, 61, 106, 236, 53, 100, 251, 173, 102, 8, 230, 157, 25, 231, 28, 40, 54, 77, 191, 217, 27, 246, 129, 164, 172, 249, 270, 22, 235, 62, 92, 245, 268, 133, 234, 229, 30, 75, 241, 252, 257, 260]
x_241: [2, 4, 5, 7, 9, 13, 14, 16, 19, 21, 24, 29, 31, 33, 34, 35, 36, 37, 39, 44, 45, 46, 49, 51, 61, 64, 65, 66, 67, 68, 70, 73, 79, 88, 89, 91, 92, 96, 98, 102, 107, 108, 109, 111, 112, 122, 124, 125, 126, 128, 129, 134, 136, 138, 141, 143, 148, 153, 154, 157, 161, 164, 175, 176, 180, 182, 183, 187, 189, 190, 194, 204, 205, 207, 208, 209, 211, 215, 221, 222, 225, 226, 229, 235, 237, 240, 56, 179, 195, 227, 133, 268, 185, 3, 155, 62, 150, 101, 120, 1, 151, 25, 198, 20, 174, 90, 47, 200, 26, 97, 214, 12, 137, 52, 257, 69, 42, 116, 216, 76, 106, 43, 171, 220, 206, 233, 32, 166, 11, 261, 59, 172, 250, 202, 131, 239, 210, 232, 184, 178, 177, 158, 249, 40, 259, 263, 72, 224, 84, 228, 75, 87, 269, 74, 197, 219, 28, 53, 139, 105, 253, 103, 6, 38, 86, 80, 169, 251, 203, 10, 258, 147, 104, 17, 159, 71, 30, 135, 193, 117, 248, 264, 230, 242, 243, 244, 247, 254, 260, 262, 267]
x_242: [1, 10, 11, 15, 16, 17, 19, 20, 23, 24, 25, 33, 35, 40, 41, 42, 46, 52, 56, 58, 65, 66, 72, 73, 74, 80, 96, 98, 99, 105, 107, 108, 109, 113, 114, 119, 120, 121, 122, 124, 127, 128, 129, 137, 138, 139, 141, 145, 146, 155, 161, 164, 167, 176, 181, 182, 185, 186, 188, 190, 192, 194, 195, 196, 199, 201, 202, 208, 209, 211, 220, 224, 230, 231, 235, 240, 112, 39, 75, 93, 21, 160, 247, 239, 219, 92, 88, 37, 67, 2, 252, 49, 171, 44, 162, 6, 45, 130, 175, 116, 59, 60, 78, 149, 165, 32, 232, 225, 18, 207, 28, 179, 184, 159, 187, 236, 31, 38, 69, 131, 204, 26, 200, 174, 166, 8, 140, 91, 29, 198, 97, 4, 241, 48, 265, 244, 222, 79, 136, 55, 62, 215, 50, 64, 117, 85, 123, 257, 266, 22, 126, 221, 83, 262, 178, 203, 243, 248, 264, 95, 118, 94, 210, 152, 218, 237, 84, 197, 102, 267, 77, 51, 47, 250, 261, 256, 106, 246, 173, 263, 157, 101, 148, 238, 133, 158, 53, 110, 233, 270, 90, 217, 212, 132, 180, 223, 57, 150, 143, 81, 100, 254, 245, 251, 253, 258, 260]
x_243: [3, 10, 15, 16, 26, 33, 35, 37, 39, 45, 49, 56, 58, 66, 69, 70, 72, 73, 74, 88, 89, 99, 102, 104, 108, 111, 114, 116, 118, 119, 128, 133, 134, 136, 140, 144, 147, 148, 151, 154, 158, 168, 169, 171, 172, 174, 176, 182, 183, 186, 187, 188, 189, 192, 194, 205, 206, 208, 210, 211, 214, 221, 222, 225, 226, 228, 230, 231, 239, 242, 155, 161, 83, 127, 257, 159, 115, 241, 143, 1, 17, 21, 8, 232, 36, 157, 5, 204, 84, 22, 80, 137, 43, 247, 95, 203, 107, 268, 90, 40, 256, 18, 97, 132, 207, 82, 201, 124, 20, 87, 100, 246, 236, 166, 41, 190, 202, 173, 217, 261, 146, 229, 67, 200, 13, 269, 212, 38, 31, 197, 184, 50, 24, 265, 248, 160, 251, 46, 253, 195, 196, 255, 177, 79, 180, 244, 27, 250, 54, 164, 191, 52, 156, 258, 6, 78, 219, 94, 53, 138, 149, 105, 181, 68, 120, 4, 245, 249, 254, 262, 266]
x_244: [10, 15, 17, 18, 19, 20, 22, 23, 26, 30, 31, 33, 35, 37, 45, 49, 55, 57, 58, 63, 70, 71, 73, 79, 82, 84, 85, 86, 88, 89, 92, 93, 99, 101, 111, 113, 115, 119, 120, 121, 123, 124, 127, 128, 129, 133, 134, 139, 142, 143, 146, 148, 150, 151, 154, 164, 166, 167, 168, 170, 171, 172, 178, 181, 182, 183, 185, 186, 187, 193, 199, 201, 202, 204, 205, 210, 211, 212, 213, 214, 216, 220, 221, 224, 225, 228, 229, 230, 231, 233, 234, 240, 242, 243, 16, 74, 179, 252, 155, 87, 103, 256, 72, 266, 51, 237, 126, 131, 14, 197, 235, 39, 46, 262, 27, 177, 217, 100, 32, 132, 140, 41, 114, 25, 215, 223, 80, 264, 135, 67, 218, 53, 78, 257, 232, 42, 44, 227, 68, 189, 163, 268, 190, 255, 21, 125, 6, 122, 34, 40, 165, 98, 200, 144, 108, 260, 198, 270, 52, 1, 60, 156, 222, 175, 64, 258, 209, 118, 184, 137, 269, 161, 117, 263, 195, 116, 226, 36, 141, 251, 169, 4, 8, 56, 107, 174, 241, 65, 47, 238, 109, 173, 153, 245, 48, 12, 106, 249, 259, 265]
x_245: [4, 14, 15, 18, 19, 20, 23, 24, 28, 29, 30, 33, 34, 35, 36, 39, 42, 44, 46, 52, 53, 54, 55, 58, 59, 60, 63, 65, 67, 68, 70, 71, 73, 75, 76, 84, 87, 88, 89, 90, 96, 99, 102, 105, 106, 107, 113, 116, 120, 124, 127, 131, 133, 137, 139, 143, 146, 148, 151, 157, 163, 168, 171, 176, 181, 185, 186, 187, 193, 195, 196, 199, 203, 204, 205, 210, 211, 212, 214, 216, 219, 221, 222, 223, 228, 230, 233, 234, 235, 237, 238, 240, 244, 109, 32, 231, 57, 69, 167, 82, 2, 258, 239, 183, 152, 134, 111, 201, 180, 269, 255, 217, 144, 118, 129, 1, 250, 108, 132, 165, 267, 159, 77, 26, 3, 135, 85, 126, 98, 94, 51, 192, 225, 9, 242, 115, 197, 164, 209, 198, 177, 50, 130, 78, 21, 13, 64, 220, 145, 206, 264, 170, 136, 141, 93, 153, 79, 100, 213, 27, 92, 191, 97, 16, 208, 247, 175, 236, 61, 169, 80, 119, 173, 251, 160, 226, 182, 81, 243, 40, 150, 202, 12, 190, 188, 47, 162, 161, 156, 261, 179, 123, 215, 200, 218, 11, 254, 128, 147, 6, 249, 259, 266]
x_246: [1, 6, 7, 8, 9, 10, 11, 12, 15, 16, 17, 20, 22, 23, 34, 35, 39, 40, 41, 42, 45, 46, 57, 63, 65, 66, 67, 70, 85, 86, 88, 89, 90, 91, 99, 101, 102, 104, 107, 108, 109, 111, 112, 114, 116, 117, 121, 122, 125, 126, 127, 128, 129, 130, 131, 136, 140, 142, 144, 145, 146, 151, 153, 155, 164, 168, 170, 176, 180, 181, 183, 185, 188, 189, 190, 192, 193, 194, 195, 196, 199, 208, 211, 212, 213, 216, 220, 221, 224, 226, 230, 233, 238, 240, 242, 243, 2, 4, 21, 251, 120, 75, 179, 255, 94, 25, 266, 141, 225, 232, 260, 268, 184, 61, 231, 147, 5, 236, 37, 159, 149, 32, 178, 203, 222, 119, 110, 100, 138, 55, 118, 167, 248, 31, 187, 92, 205, 44, 250, 78, 93, 218, 26, 80, 169, 97, 24, 261, 209, 166, 249, 254, 257, 258, 264, 267]
x_247: [3, 8, 13, 17, 21, 23, 24, 25, 30, 38, 39, 40, 42, 44, 55, 57, 58, 60, 62, 66, 67, 68, 69, 75, 76, 85, 88, 94, 103, 111, 112, 113, 114, 120, 121, 123, 124, 126, 128, 130, 132, 140, 142, 144, 146, 148, 151, 152, 156, 157, 158, 161, 163, 167, 168, 176, 178, 181, 182, 187, 192, 194, 195, 197, 198, 199, 201, 202, 205, 208, 211, 216, 220, 224, 225, 227, 229, 230, 234, 236, 237, 239, 240, 242, 243, 245, 82, 174, 49, 248, 53, 107, 86, 115, 45, 15, 56, 43, 232, 266, 32, 189, 54, 109, 37, 35, 221, 165, 97, 105, 61, 214, 102, 131, 263, 22, 34, 129, 93, 28, 108, 217, 141, 203, 177, 196, 190, 127, 154, 155, 256, 235, 99, 166, 18, 241, 1, 27, 136, 251, 77, 29, 169, 83, 185, 2, 7, 96, 222, 269, 79, 125, 16, 36, 135, 11, 117, 180, 74, 270, 179, 170, 267, 73, 184, 183, 51, 249, 228, 259, 171, 14, 95, 253, 257, 260]
x_248: [7, 8, 10, 17, 19, 24, 29, 30, 31, 40, 41, 42, 49, 56, 65, 66, 69, 71, 72, 73, 75, 76, 84, 87, 88, 91, 95, 99, 101, 102, 108, 111, 116, 118, 121, 123, 124, 126, 129, 131, 134, 142, 143, 144, 148, 150, 151, 153, 157, 161, 164, 168, 179, 183, 185, 187, 188, 190, 192, 193, 195, 196, 197, 202, 204, 208, 209, 210, 212, 213, 214, 217, 221, 222, 223, 228, 230, 240, 241, 242, 243, 246, 247, 130, 23, 249, 254, 256, 259, 264, 266, 267, 270]
x_249: [3, 6, 7, 8, 9, 14, 17, 18, 28, 29, 30, 33, 35, 36, 40, 44, 46, 55, 66, 68, 69, 71, 73, 76, 79, 83, 87, 88, 99, 102, 111, 114, 115, 119, 120, 122, 125, 126, 127, 129, 137, 141, 142, 143, 151, 152, 153, 157, 159, 162, 163, 164, 171, 173, 181, 183, 185, 186, 187, 190, 192, 193, 194, 198, 199, 202, 205, 207, 209, 211, 216, 218, 220, 221, 222, 224, 225, 231, 233, 237, 238, 240, 241, 247, 135, 63, 74, 203, 155, 133, 165, 206, 208, 51, 103, 188, 47, 15, 77, 24, 257, 177, 23, 251, 93, 146, 31, 128, 201, 254, 136, 85, 138, 22, 245, 270, 266, 169, 244, 27, 105, 86, 229, 4, 262, 10, 175, 78, 176, 246, 123, 213, 267, 161, 227, 263, 89, 50, 61, 235, 191, 21, 250, 16, 182, 248, 37, 60, 42, 19, 243, 130, 160, 217, 65, 26, 258, 94, 197, 259, 260, 261]
x_250: [1, 6, 8, 11, 15, 17, 18, 19, 27, 31, 33, 35, 36, 37, 39, 42, 44, 45, 53, 54, 56, 57, 58, 59, 63, 64, 65, 66, 69, 70, 71, 72, 73, 76, 88, 89, 91, 92, 99, 102, 107, 108, 109, 111, 112, 114, 115, 119, 121, 124, 125, 126, 127, 129, 133, 134, 139, 142, 144, 146, 148, 151, 152, 155, 158, 164, 167, 174, 176, 183, 185, 193, 194, 198, 199, 201, 204, 208, 210, 211, 214, 215, 218, 220, 221, 224, 225, 227, 228, 229, 231, 233, 239, 240, 241, 242, 243, 245, 246, 249, 163, 7, 212, 96, 26, 13, 60, 254, 118, 186, 122, 128, 93, 135, 110, 131, 270, 232, 113, 97, 34, 161, 49, 106, 77, 154, 187, 117, 140, 192, 171, 22, 25, 172, 79, 175, 184, 219, 263, 190, 206, 180, 252, 98, 103, 150, 251, 253, 266, 268]
x_251: [1, 4, 13, 15, 16, 18, 19, 23, 24, 29, 33, 36, 41, 43, 44, 47, 51, 52, 56, 65, 71, 73, 76, 85, 89, 93, 99, 101, 111, 112, 113, 114, 116, 118, 119, 120, 123, 124, 125, 126, 127, 128, 129, 130, 133, 136, 139, 141, 142, 143, 144, 146, 150, 152, 153, 154, 175, 176, 178, 183, 185, 186, 192, 194, 196, 199, 201, 204, 209, 210, 211, 216, 218, 220, 224, 228, 230, 231, 232, 233, 235, 237, 238, 239, 240, 241, 243, 244, 245, 246, 247, 249, 214, 187, 179, 157, 10, 62, 258, 212, 28, 35, 170, 70, 161, 55, 189, 254, 265, 257, 17, 182, 58, 87, 5, 8, 171, 11, 236, 14, 219, 32, 91, 255, 140, 84, 169, 7, 66, 109, 82, 168, 197, 54, 135, 162, 222, 147, 67, 103, 40, 269, 266, 134, 106, 48, 96, 225, 190, 261, 132, 138, 46, 53, 165, 167, 64, 217, 223, 83, 242, 6, 45, 2, 149, 172, 145, 94, 158, 177, 205, 207, 49, 156, 268, 110, 39, 227, 137, 164, 252, 234, 215, 148, 131, 9, 60, 78, 34, 98, 191, 81, 20, 38, 206, 97, 203, 250, 180, 95, 260, 267, 270]
x_252: [6, 8, 9, 13, 15, 16, 18, 20, 24, 33, 34, 37, 42, 44, 47, 52, 56, 60, 63, 65, 66, 68, 69, 71, 75, 76, 88, 89, 91, 99, 102, 108, 109, 111, 116, 121, 127, 130, 132, 136, 139, 146, 148, 150, 151, 154, 158, 159, 173, 183, 185, 187, 188, 192, 194, 196, 202, 207, 208, 209, 210, 213, 214, 216, 218, 220, 221, 222, 224, 225, 226, 228, 231, 235, 237, 238, 240, 242, 244, 250, 251, 96, 77, 125, 145, 119, 128, 155, 23, 253, 257, 258, 259, 261, 263, 265, 266, 267, 269]
x_253: [3, 5, 7, 8, 9, 10, 11, 13, 19, 20, 23, 26, 29, 30, 31, 32, 33, 35, 36, 40, 41, 42, 45, 46, 47, 49, 53, 56, 57, 62, 73, 75, 76, 78, 87, 89, 92, 102, 108, 111, 114, 115, 117, 118, 124, 125, 126, 128, 135, 136, 138, 142, 143, 146, 151, 153, 155, 157, 161, 163, 164, 168, 171, 172, 175, 181, 182, 183, 188, 189, 190, 192, 195, 198, 201, 202, 205, 208, 210, 211, 214, 216, 218, 220, 221, 224, 225, 227, 228, 229, 232, 234, 237, 238, 240, 241, 243, 74, 239, 90, 147, 184, 260, 81, 213, 61, 247, 110, 160, 180, 252, 187, 158, 233, 18, 206, 105, 17, 72, 191, 255, 79, 242, 24, 222, 156, 185, 250, 96, 150, 174, 254, 261, 264, 266, 267, 268, 270]
x_254: [1, 6, 7, 12, 15, 17, 18, 27, 29, 30, 34, 35, 40, 42, 50, 55, 56, 57, 60, 65, 66, 71, 81, 88, 89, 99, 101, 102, 113, 114, 115, 116, 121, 123, 124, 127, 129, 133, 140, 141, 142, 143, 152, 153, 161, 163, 164, 167, 169, 173, 174, 176, 178, 179, 183, 185, 186, 187, 189, 190, 194, 196, 198, 199, 202, 210, 216, 222, 225, 233, 238, 239, 242, 245, 249, 250, 251, 144, 33, 4, 23, 259, 180, 171, 9, 181, 118, 47, 260, 253, 219, 44, 262, 13, 131, 73, 97, 211, 248, 175, 203, 10, 218, 205, 107, 90, 38, 49, 150, 72, 256, 138, 263, 77, 28, 235, 206, 168, 14, 125, 51, 223, 234, 83, 160, 43, 241, 136, 215, 155, 157, 246, 62, 31, 63, 92, 58, 126, 96, 112, 68, 69, 270, 159, 243, 75, 117, 207, 108, 87, 200, 229, 95, 172, 91, 105, 109, 86, 8, 255, 84, 64, 119, 3, 19, 257, 261, 264, 268]
x_255: [3, 7, 9, 15, 17, 19, 20, 27, 28, 31, 36, 40, 41, 42, 44, 46, 52, 54, 55, 60, 66, 70, 71, 73, 75, 77, 86, 88, 91, 102, 103, 104, 105, 108, 111, 114, 115, 116, 119, 120, 121, 124, 125, 126, 129, 132, 133, 136, 142, 144, 145, 146, 148, 150, 152, 153, 157, 160, 161, 163, 167, 168, 171, 172, 175, 181, 182, 183, 185, 186, 189, 192, 193, 197, 200, 201, 205, 207, 210, 211, 214, 216, 219, 220, 222, 223, 224, 225, 230, 231, 233, 236, 238, 243, 244, 245, 246, 251, 253, 254, 113, 179, 135, 57, 85, 18, 109, 229, 190, 260, 128, 139, 130, 26, 33, 122, 51, 127, 81, 155, 178, 29, 227, 134, 56, 110, 30, 68, 206, 257, 258, 259, 270]
x_256: [1, 3, 7, 9, 17, 20, 29, 30, 31, 33, 34, 35, 36, 37, 38, 39, 40, 41, 45, 46, 49, 52, 55, 57, 58, 60, 61, 62, 63, 65, 68, 71, 75, 76, 79, 80, 87, 88, 89, 102, 114, 115, 116, 117, 121, 122, 125, 129, 130, 131, 136, 139, 141, 142, 144, 146, 147, 148, 153, 154, 155, 156, 157, 158, 160, 169, 173, 179, 181, 184, 185, 186, 187, 188, 189, 196, 197, 198, 204, 206, 208, 212, 213, 216, 220, 223, 224, 225, 226, 229, 230, 233, 234, 237, 238, 239, 242, 243, 244, 247, 254, 159, 218, 67, 205, 151, 26, 194, 86, 110, 176, 214, 178, 172, 190, 248, 111, 50, 11, 8, 97, 53, 113, 261, 90, 56, 91, 140, 266, 73, 54, 269, 47, 128, 118, 43, 28, 201, 257, 258, 259, 263, 264, 265, 267, 270]
x_257: [1, 5, 6, 7, 8, 12, 13, 14, 15, 16, 19, 20, 23, 24, 28, 33, 37, 41, 44, 45, 46, 52, 54, 57, 60, 64, 65, 66, 73, 87, 89, 92, 93, 96, 99, 102, 109, 111, 113, 116, 121, 122, 128, 129, 133, 137, 139, 142, 144, 145, 146, 153, 154, 157, 163, 168, 175, 177, 181, 183, 185, 186, 189, 194, 195, 196, 199, 201, 202, 204, 205, 208, 209, 210, 213, 216, 221, 222, 224, 225, 228, 229, 233, 234, 236, 237, 241, 242, 243, 244, 249, 251, 231, 72, 269, 143, 252, 82, 140, 79, 191, 227, 197, 114, 119, 74, 180, 71, 268, 63, 110, 223, 103, 76, 162, 190, 88, 80, 262, 247, 77, 9, 173, 11, 256, 263, 34, 123, 217, 158, 47, 136, 238, 105, 84, 206, 90, 40, 254, 3, 29, 240, 107, 61, 226, 70, 124, 131, 59, 265, 85, 220, 101, 260, 62, 17, 235, 171, 164, 94, 156, 258, 182, 161, 215, 25, 255, 127, 55, 266, 160, 246, 120, 53, 115, 134, 149, 118, 232, 35, 32, 259, 267, 270]
x_258: [2, 6, 8, 10, 11, 13, 16, 20, 23, 24, 27, 28, 29, 31, 33, 34, 37, 42, 48, 50, 52, 54, 56, 57, 66, 73, 75, 76, 77, 79, 81, 85, 88, 91, 93, 98, 99, 101, 102, 107, 109, 119, 120, 122, 125, 128, 129, 131, 132, 135, 136, 139, 142, 148, 151, 152, 157, 158, 160, 161, 163, 167, 171, 172, 175, 179, 182, 183, 185, 186, 189, 192, 196, 199, 201, 202, 205, 207, 208, 209, 210, 211, 212, 213, 215, 216, 218, 221, 222, 230, 231, 233, 235, 239, 241, 243, 244, 245, 249, 251, 257, 19, 43, 154, 268, 14, 41, 40, 184, 260, 203, 95, 123, 155, 103, 141, 242, 60, 252, 53, 108, 25, 32, 44, 227, 270, 115, 92, 58, 223, 113, 195, 62, 174, 200, 12, 156, 264, 111, 118, 187, 4, 206, 180, 194, 190, 149, 7, 143, 116, 5, 84, 236, 246, 238, 67, 82, 147, 226, 188, 86, 168, 47, 3, 100, 255, 39, 193, 26, 217, 74, 140, 21, 262, 267, 51, 232, 22, 114, 204, 137, 105, 176, 159, 256, 133, 237, 35, 259, 261, 265]
x_259: [1, 3, 9, 11, 13, 15, 16, 18, 29, 30, 33, 36, 40, 41, 42, 45, 46, 49, 51, 52, 54, 55, 56, 57, 58, 60, 63, 64, 66, 71, 73, 84, 85, 87, 88, 91, 96, 99, 102, 104, 108, 112, 120, 122, 123, 126, 128, 130, 131, 132, 133, 142, 144, 146, 148, 155, 158, 161, 163, 180, 181, 182, 183, 186, 187, 192, 195, 197, 199, 204, 205, 220, 222, 225, 230, 231, 233, 238, 239, 240, 241, 247, 254, 178, 97, 79, 4, 162, 90, 20, 219, 245, 151, 167, 202, 7, 118, 19, 173, 153, 17, 139, 53, 174, 38, 21, 217, 78, 98, 261, 27, 61, 177, 136, 147, 125, 244, 262, 226, 6, 234, 215, 62, 81, 22, 267, 8, 39, 119, 213, 140, 48, 103, 229, 248, 34, 224, 154, 12, 127, 10, 175, 141, 257, 124, 256, 28, 169, 252, 24, 114, 23, 50, 216, 137, 95, 249, 89, 100, 255, 235, 189, 269, 266, 228, 93, 65, 32, 75, 198, 264, 5, 107, 92, 160, 237, 74, 208, 135, 76, 263, 227, 72, 44, 210, 86, 172, 258, 26, 179, 223, 209]
x_260: [1, 3, 4, 7, 8, 10, 13, 15, 16, 17, 18, 19, 23, 24, 28, 30, 33, 34, 35, 37, 40, 44, 46, 47, 49, 56, 58, 60, 65, 70, 71, 74, 75, 87, 89, 90, 92, 99, 102, 104, 105, 106, 108, 109, 113, 119, 122, 123, 124, 125, 126, 128, 129, 136, 140, 142, 143, 144, 146, 147, 148, 154, 164, 168, 172, 174, 182, 183, 186, 188, 190, 192, 193, 195, 196, 199, 202, 204, 205, 206, 208, 209, 210, 211, 220, 222, 225, 229, 231, 232, 233, 234, 235, 237, 238, 239, 244, 246, 253, 254, 255, 257, 258, 242, 189, 127, 241, 97, 26, 31, 213, 240, 39, 262, 29, 83, 55, 50, 21, 227, 228, 79, 107, 69, 2, 249, 200, 197, 130, 194, 98, 51, 68, 54, 76, 150, 95, 215, 155, 120, 63, 134, 111, 145, 214, 132, 247, 251, 203, 149, 263, 261, 268]
x_261: [1, 3, 5, 8, 9, 10, 13, 14, 15, 17, 18, 20, 23, 24, 31, 33, 39, 40, 41, 42, 46, 49, 52, 53, 54, 61, 63, 65, 67, 72, 73, 75, 81, 89, 93, 96, 102, 108, 109, 111, 114, 119, 120, 121, 123, 124, 127, 128, 129, 133, 134, 136, 137, 138, 142, 144, 147, 148, 151, 153, 157, 159, 160, 164, 168, 171, 175, 176, 178, 181, 182, 185, 187, 188, 190, 191, 193, 194, 196, 199, 202, 207, 208, 209, 210, 212, 214, 218, 219, 224, 225, 227, 230, 231, 233, 240, 241, 242, 243, 245, 246, 251, 256, 259, 143, 200, 268, 50, 166, 106, 192, 232, 22, 167, 117, 80, 132, 269, 37, 12, 254, 44, 249, 234, 19, 125, 34, 260, 77, 135, 55, 170, 6, 7, 252, 70, 113, 36, 56, 58, 213, 263, 173, 154, 253, 35, 228, 201, 221, 47, 150, 27, 236, 180, 79, 95, 45, 43, 101, 206, 66, 198, 223, 90, 155, 220, 2, 239, 203, 183, 216, 69, 21, 38, 215, 100, 26, 107, 235, 139, 60, 258, 131, 158, 186, 195, 141, 189, 57, 103, 174, 126, 92, 267, 237, 62, 165, 99, 172, 197, 51, 264, 265]
x_262: [3, 6, 7, 8, 16, 17, 18, 19, 20, 22, 23, 24, 28, 31, 33, 34, 39, 40, 41, 42, 44, 46, 54, 57, 63, 65, 71, 73, 74, 85, 89, 90, 91, 96, 99, 101, 102, 104, 108, 109, 110, 113, 114, 116, 120, 121, 124, 125, 126, 127, 129, 131, 133, 139, 141, 142, 143, 146, 150, 152, 153, 154, 157, 158, 159, 168, 171, 176, 180, 181, 182, 183, 185, 186, 187, 188, 190, 192, 194, 196, 198, 201, 208, 209, 222, 223, 224, 227, 229, 230, 231, 234, 235, 238, 239, 242, 244, 249, 254, 257, 258, 259, 260, 64, 147, 88, 155, 228, 214, 264, 2, 52, 174, 134, 232, 169, 172, 243, 87, 175, 137, 241, 38, 67, 220, 79, 204, 145, 118, 266]
x_263: [3, 7, 8, 11, 14, 15, 16, 17, 18, 19, 23, 24, 29, 30, 33, 34, 36, 39, 40, 41, 42, 44, 46, 51, 53, 58, 62, 63, 65, 70, 72, 74, 75, 76, 79, 81, 85, 87, 88, 89, 99, 104, 108, 109, 111, 119, 120, 125, 126, 128, 129, 131, 132, 133, 139, 142, 143, 144, 146, 148, 151, 153, 156, 160, 161, 164, 168, 170, 173, 174, 176, 182, 183, 185, 187, 190, 192, 193, 194, 196, 198, 203, 205, 208, 210, 211, 213, 216, 218, 221, 222, 224, 225, 228, 229, 230, 233, 234, 235, 238, 241, 242, 244, 247, 249, 250, 254, 257, 259, 260, 261, 252, 121, 21, 25, 90, 163, 105, 220, 83, 206, 54, 45, 47, 256, 158, 71, 264, 265, 267]
x_264: [2, 6, 8, 10, 13, 15, 16, 19, 23, 24, 26, 30, 33, 34, 35, 37, 39, 40, 42, 44, 45, 46, 49, 53, 62, 68, 69, 71, 73, 75, 76, 82, 87, 90, 92, 93, 99, 102, 108, 111, 112, 114, 121, 122, 123, 124, 125, 126, 128, 129, 131, 133, 135, 136, 137, 138, 142, 144, 146, 148, 150, 154, 160, 164, 167, 169, 183, 186, 188, 189, 190, 193, 194, 201, 210, 211, 225, 228, 229, 231, 235, 239, 240, 241, 242, 244, 245, 258, 259, 262, 256, 104, 64, 85, 176, 267, 95, 132, 12, 113, 254, 22, 88, 32, 197, 181, 120, 178, 237, 115, 192, 70, 28, 56, 203, 265, 84, 9, 147, 55, 233, 179, 110, 270, 236, 184, 50, 107, 5, 54, 205, 29, 246, 159, 17, 208, 106, 67, 227, 127, 226, 20, 80, 216, 11, 161, 182, 83, 81, 140, 103, 199, 234, 222, 78, 163, 158, 1, 180, 25, 266, 166, 206, 94, 261, 171, 187, 207, 253, 27, 116, 191, 172, 263, 57, 215, 213, 220, 202, 248, 223, 268]
x_265: [3, 7, 11, 13, 15, 20, 22, 23, 24, 28, 31, 33, 39, 41, 42, 46, 49, 52, 53, 54, 65, 66, 69, 71, 72, 73, 75, 76, 87, 88, 89, 91, 97, 98, 99, 102, 108, 111, 113, 114, 116, 119, 120, 125, 127, 128, 134, 136, 137, 140, 142, 143, 144, 148, 151, 153, 158, 167, 168, 174, 175, 178, 185, 186, 188, 189, 192, 193, 196, 197, 198, 199, 208, 210, 211, 213, 222, 224, 225, 227, 231, 233, 238, 239, 240, 242, 243, 251, 257, 264, 34, 32, 64, 38, 93, 55, 195, 44, 16, 141, 190, 4, 146, 232, 263, 124, 94, 220, 5, 223, 162, 216, 92, 132, 70, 68, 95, 170, 161, 258, 152, 207, 215, 27, 206, 74, 109, 103, 266, 2, 19, 78, 173, 150, 203, 50, 18, 12, 130, 51, 79, 194, 96, 118, 84, 212, 244, 261, 36, 62, 252, 256, 112, 217, 121, 269, 156, 81, 187, 172, 229, 268, 160, 163, 122, 182, 180, 219, 104, 184, 21, 25, 58, 131, 179, 267, 181]
x_266: [3, 8, 10, 12, 17, 19, 22, 23, 25, 27, 30, 33, 34, 42, 46, 50, 52, 55, 57, 58, 62, 65, 68, 69, 70, 71, 86, 90, 91, 96, 97, 99, 100, 102, 108, 111, 115, 119, 120, 121, 124, 125, 127, 136, 142, 147, 150, 152, 154, 155, 159, 160, 162, 168, 169, 170, 172, 180, 182, 185, 186, 190, 192, 198, 200, 201, 204, 205, 208, 211, 212, 213, 215, 216, 221, 222, 229, 230, 233, 236, 242, 244, 246, 247, 249, 251, 256, 257, 259, 264, 265, 250, 4, 51, 174, 151, 59, 214, 53, 104, 131, 203, 103, 116, 225, 134, 29, 75, 157, 248, 137, 122, 207, 245, 73, 268, 179, 24, 105, 231, 77, 83, 93, 35, 85, 140, 66, 36, 194, 146, 82, 18, 80, 72, 76, 5, 16, 237, 88, 14, 234, 252, 262, 197, 41, 129, 61, 89, 243, 270, 101, 253, 28, 267]
x_267: [1, 8, 9, 14, 17, 18, 20, 23, 27, 31, 35, 37, 39, 44, 45, 46, 53, 55, 56, 57, 60, 65, 69, 71, 73, 79, 80, 89, 93, 94, 95, 99, 104, 105, 108, 111, 112, 113, 115, 116, 119, 121, 122, 124, 125, 127, 133, 139, 144, 145, 146, 147, 156, 157, 163, 167, 169, 170, 172, 174, 175, 181, 182, 185, 192, 194, 195, 196, 198, 199, 201, 204, 207, 208, 209, 210, 211, 216, 220, 222, 224, 225, 228, 230, 233, 235, 238, 240, 242, 245, 247, 249, 258, 259, 261, 264, 265, 256, 10, 136, 160, 263, 100, 86, 34, 161, 188, 241, 40, 101, 106, 83, 41, 253, 257, 237, 129, 81, 189, 75, 132, 78, 137, 151, 165, 155, 42, 25, 7, 22, 219, 266, 126, 252, 141, 52, 251, 246, 51, 176, 2, 128, 58, 164, 248, 59, 64, 67, 97, 184, 88, 36, 162, 173, 3, 47, 72, 13, 24, 70, 214, 11, 179]
x_268: [7, 13, 16, 17, 18, 19, 27, 33, 34, 37, 39, 42, 43, 45, 46, 49, 56, 57, 64, 65, 69, 73, 76, 79, 88, 89, 91, 96, 99, 102, 104, 107, 115, 119, 120, 121, 122, 128, 129, 130, 133, 139, 144, 146, 147, 151, 153, 154, 157, 158, 163, 166, 169, 172, 179, 180, 181, 183, 185, 186, 187, 189, 190, 192, 194, 195, 196, 197, 198, 201, 202, 205, 206, 208, 212, 214, 215, 216, 218, 222, 224, 226, 229, 231, 232, 233, 239, 240, 241, 243, 244, 246, 251, 257, 258, 261, 265, 266, 53, 100, 14, 131, 108, 269, 86, 176, 141, 220, 254, 191, 171, 148, 110, 253, 225, 105, 178, 4, 31, 111, 221, 52, 94, 150, 90, 260, 48, 55, 62, 75, 182, 12, 217, 82, 24, 30, 26, 238, 174, 234, 22, 66, 6, 23, 21, 250, 112, 97, 209, 137, 193, 67, 10, 264, 51, 60, 152, 95, 167, 170, 270]
x_269: [3, 6, 7, 8, 11, 15, 22, 23, 33, 35, 37, 39, 44, 45, 49, 52, 55, 57, 61, 64, 65, 67, 69, 70, 73, 85, 86, 89, 91, 102, 104, 105, 108, 111, 113, 118, 119, 120, 121, 123, 124, 125, 127, 129, 131, 134, 136, 139, 142, 144, 146, 151, 153, 159, 162, 164, 179, 180, 182, 183, 184, 185, 189, 192, 193, 194, 195, 200, 202, 205, 208, 210, 211, 213, 214, 216, 220, 225, 228, 230, 231, 233, 234, 239, 240, 241, 243, 244, 245, 247, 251, 256, 257, 259, 261, 265, 268, 149, 68, 252, 223, 270]
x_270: [7, 8, 15, 16, 19, 21, 23, 30, 31, 33, 35, 36, 40, 41, 45, 46, 49, 50, 52, 54, 55, 56, 57, 58, 60, 61, 66, 68, 69, 70, 72, 73, 81, 88, 89, 91, 99, 102, 111, 112, 114, 118, 119, 121, 122, 125, 126, 128, 133, 135, 143, 144, 146, 147, 151, 152, 154, 155, 158, 161, 163, 164, 166, 172, 174, 178, 181, 182, 183, 185, 188, 193, 194, 197, 198, 199, 201, 202, 204, 207, 211, 213, 222, 226, 229, 237, 239, 240, 242, 244, 247, 249, 250, 254, 258, 264, 266, 171, 67, 269, 142, 109, 232, 98, 4, 238, 233, 251, 220, 80, 227, 1, 228, 13, 248, 44, 175, 218, 38, 3, 43, 192, 26, 191, 127, 257, 148, 96, 159, 115, 253, 217, 130, 78, 77, 134, 103, 162, 116, 105, 65, 209, 129, 47, 256, 94, 200, 82, 231, 75, 236, 14, 79, 48, 190, 84, 18, 83, 255, 268, 20, 64, 212]