200
74 119 141 50 82 144 71 80 6 88 91 129 84 128 58 83 53 73 85 97 123 42 61 126 148 106 145 84 127 83 16 39 117 107 141 15 147 36 89 111 68 57 8 111 47 47 61 128 55 35 141 44 127 38 5 150 9 123 38 49 111 63 117 39 67 97 64 34 38 25 126 69 124 135 127 39 114 144 17 36 86 150 8 24 111 98 147 1 135 96 79 85 142 12 46 58 37 116 4 61 114 94 19 14 94 3 60 92 32 115 135 100 79 122 120 40 92 54 16 44 102 98 102 29 92 99 35 132 1 120 147 31 109 65 9 98 108 74 14 109 96 69 8 67 134 47 13 55 93 6 22 109 76 60 1 64 116 29 83 85 150 129 135 48 16 142 80 63 137 77 48 71 135 142 90 55 50 8 94 5 83 134 107 56 99 68 21 95 100 59 110 18 56 133 60 48 49 4 143 6
x_1: [146, 196, 17, 66, 31, 127, 195, 116, 121, 167, 98, 54, 25, 125, 8, 100, 111, 156, 197, 179, 115, 69, 185, 59, 152, 27, 82, 6, 7, 139, 3, 13, 20, 21, 23, 24, 32, 33, 41, 42, 47, 55, 56, 60, 67, 71, 77, 78, 79, 81, 84, 86, 88, 91, 94, 96, 99, 101, 105, 114, 123, 128, 131, 136, 137, 138, 141, 143, 147, 150, 153, 154, 155, 157, 158, 160, 162, 170, 171, 173, 175, 178, 182, 183, 186, 187, 188, 191, 192, 198, 199]
x_2: [176, 56, 109, 186, 8, 136, 57, 196, 113, 127, 142, 60, 89, 174, 195, 118, 75, 6, 107, 143, 165, 26, 48, 162, 76, 31, 191, 86, 185, 183, 129, 130, 172, 49, 78, 73, 151, 128, 101, 9, 123, 63, 104, 171, 45, 94, 141, 180, 199, 173, 189, 96, 23, 170, 131, 28, 200, 42, 134, 95, 126, 188, 121, 12, 79, 181, 158, 152, 149, 166, 44, 59, 4, 198, 52, 139, 132, 148, 91, 3, 7, 10, 13, 15, 17, 27, 29, 30, 35, 37, 47, 50, 54, 55, 61, 64, 66, 67, 68, 71, 80, 81, 84, 85, 88, 90, 93, 97, 98, 100, 108, 111, 112, 115, 116, 119, 124, 125, 133, 137, 138, 140, 147, 153, 154, 155, 160, 168, 177, 178, 182, 187, 190, 194, 197]
x_3: [1, 169, 141, 156, 187, 2, 99, 190, 132, 34, 133, 200, 144, 53, 110, 15, 124, 94, 146, 142, 52, 130, 106, 125, 92, 107, 89, 138, 139, 160, 157, 85, 118, 154, 8, 59, 163, 46, 150, 47, 24, 66, 9, 173, 19, 22, 5, 116, 4, 194, 72, 64, 69, 29, 48, 75, 18, 43, 41, 136, 44, 70, 6, 7, 11, 12, 13, 16, 23, 27, 35, 36, 40, 51, 54, 55, 56, 57, 58, 60, 61, 63, 67, 76, 83, 84, 87, 91, 96, 98, 100, 109, 111, 121, 123, 127, 128, 129, 131, 143, 149, 158, 164, 168, 172, 177, 181, 184, 189, 197]
x_4: [2, 3, 183, 76, 117, 180, 83, 128, 122, 30, 7, 80, 99, 88, 108, 49, 67, 28, 65, 187, 131, 54, 156, 111, 6, 58, 5, 102, 38, 10, 185, 42, 115, 181, 130, 174, 110, 140, 57, 162, 178, 133, 116, 135, 167, 8, 173, 148, 169, 16, 189, 77, 33, 55, 13, 79, 19, 20, 191, 41, 107, 145, 34, 144, 152, 56, 146, 118, 44, 200, 160, 97, 52, 89, 26, 53, 147, 50, 127, 27, 171, 100, 84, 157, 103, 73, 35, 87, 69, 25, 98, 141, 176, 137, 125, 197, 61, 17, 186, 11, 22, 43, 138, 195, 86, 154, 66, 95, 75, 155, 184, 126, 149, 142, 198, 105, 158, 151, 18, 21, 23, 32, 36, 51, 70, 71, 82, 90, 92, 96, 101, 104, 106, 112, 114, 124, 143, 150, 161, 163, 164, 172, 179, 194, 199]
x_5: [3, 4, 20, 147, 141, 58, 145, 21, 69, 94, 76, 137, 30, 118, 71, 28, 12, 158, 172, 24, 106, 11, 49, 62, 151, 108, 42, 116, 43, 175, 41, 191, 27, 112, 97, 139, 65, 183, 123, 81, 26, 54, 167, 82, 7, 186, 153, 101, 103, 17, 154, 117, 29, 56, 159, 200, 177, 121, 170, 92, 67, 47, 79, 51, 64, 93, 72, 23, 193, 115, 148, 165, 87, 59, 100, 13, 25, 32, 36, 37, 38, 44, 46, 52, 66, 68, 78, 84, 85, 89, 90, 96, 98, 99, 111, 113, 114, 125, 126, 127, 128, 135, 140, 142, 143, 152, 157, 160, 169, 171, 173, 176, 180, 185, 187, 190, 195, 196, 198]
x_6: [1, 2, 4, 11, 84, 48, 82, 149, 78, 63, 86, 26, 140, 157, 153, 24, 57, 103, 19, 69, 142, 187, 20, 163, 3, 75, 193, 92, 127, 121, 40, 129, 200, 131, 171, 45, 46, 199, 39, 37, 79, 28, 182, 132, 155, 76, 33, 53, 185, 9, 81, 160, 173, 192, 177, 77, 111, 138, 41, 13, 183, 64, 65, 17, 7, 8, 12, 15, 18, 23, 29, 30, 32, 36, 38, 47, 58, 59, 67, 71, 80, 85, 98, 100, 101, 104, 113, 114, 116, 118, 124, 133, 136, 139, 144, 154, 158, 164, 167, 169, 175, 178, 186, 188, 190, 191, 195, 197, 198]
x_7: [1, 4, 5, 115, 111, 141, 65, 139, 113, 138, 117, 3, 102, 87, 44, 67, 125, 166, 107, 147, 16, 178, 91, 149, 36, 152, 33, 71, 145, 103, 45, 157, 23, 60, 2, 46, 136, 82, 129, 167, 176, 164, 188, 58, 62, 81, 127, 123, 183, 106, 144, 187, 168, 57, 13, 19, 196, 131, 95, 41, 197, 53, 80, 77, 142, 96, 43, 180, 189, 119, 153, 22, 32, 156, 132, 97, 40, 110, 56, 146, 185, 194, 14, 175, 101, 184, 90, 99, 140, 11, 135, 24, 66, 161, 26, 69, 199, 158, 169, 21, 114, 98, 84, 160, 55, 31, 154, 137, 105, 170, 76, 72, 64, 192, 49, 6, 8, 63, 73, 38, 52, 70, 150, 10, 17, 30, 34, 37, 39, 42, 59, 93, 100, 104, 133, 148, 159, 162, 173, 174, 179, 182, 186, 190, 191, 198]
x_8: [1, 2, 3, 4, 7, 115, 44, 140, 92, 126, 108, 32, 197, 54, 147, 99, 53, 73, 28, 31, 146, 192, 76, 173, 195, 186, 167, 35, 20, 129, 96, 80, 112, 174, 136, 83, 114, 184, 116, 90, 79, 139, 103, 87, 188, 175, 127, 29, 166, 97, 98, 143, 72, 163, 154, 185, 190, 187, 131, 51, 119, 133, 105, 191, 183, 180, 159, 172, 93, 135, 100, 149, 110, 104, 160, 150, 18, 64, 164, 75, 162, 6, 40, 200, 102, 70, 46, 19, 199, 155, 68, 182, 106, 176, 78, 39, 67, 125, 120, 12, 26, 152, 109, 91, 169, 43, 130, 42, 177, 24, 71, 61, 86, 69, 179, 134, 95, 189, 13, 9, 10, 11, 15, 16, 22, 23, 30, 34, 36, 37, 45, 57, 58, 60, 62, 66, 85, 89, 94, 111, 113, 117, 118, 123, 124, 138, 151, 153, 158, 161, 168, 170, 171, 194, 198]
x_9: [2, 3, 6, 168, 189, 183, 143, 70, 92, 157, 190, 60, 101, 144, 103, 45, 124, 67, 85, 184, 57, 181, 63, 170, 8, 160, 104, 82, 111, 195, 64, 69, 49, 19, 161, 188, 43, 149, 114, 187, 38, 156, 68, 118, 135, 42, 36, 200, 113, 93, 80, 193, 62, 30, 53, 175, 79, 18, 28, 59, 102, 83, 127, 26, 48, 12, 15, 153, 56, 10, 21, 22, 24, 25, 33, 37, 41, 46, 47, 54, 71, 76, 78, 81, 84, 87, 88, 89, 90, 91, 94, 96, 97, 98, 100, 106, 108, 109, 112, 115, 116, 123, 125, 128, 131, 133, 137, 138, 139, 148, 150, 151, 154, 169, 171, 172, 194, 199]
x_10: [4, 9, 127, 181, 136, 186, 157, 114, 88, 170, 71, 31, 178, 45, 25, 57, 103, 60, 116, 97, 193, 44, 61, 73, 119, 141, 149, 100, 55, 184, 67, 85, 128, 152, 29, 21, 12, 2, 123, 82, 99, 74, 51, 41, 195, 166, 39, 8, 38, 171, 139, 15, 145, 98, 66, 34, 167, 78, 138, 16, 135, 11, 200, 111, 24, 49, 164, 191, 72, 176, 50, 115, 162, 69, 165, 163, 63, 151, 90, 110, 155, 179, 144, 134, 91, 106, 52, 183, 109, 18, 185, 19, 65, 46, 53, 14, 132, 121, 129, 95, 26, 81, 33, 137, 102, 196, 182, 7, 189, 70, 84, 22, 188, 13, 17, 20, 28, 32, 35, 37, 59, 62, 75, 77, 80, 87, 92, 94, 101, 108, 112, 113, 120, 125, 140, 153, 154, 156, 158, 159, 169, 172, 180, 190, 194, 197, 198]
x_11: [4, 5, 6, 7, 10, 98, 30, 174, 78, 25, 109, 63, 129, 143, 53, 85, 87, 131, 101, 150, 124, 27, 34, 168, 115, 135, 144, 185, 149, 180, 134, 138, 8, 75, 191, 41, 52, 95, 100, 84, 105, 89, 33, 148, 17, 12, 77, 167, 137, 81, 107, 82, 91, 70, 192, 3, 32, 39, 187, 147, 18, 15, 21, 22, 23, 35, 36, 37, 46, 47, 48, 57, 61, 66, 68, 71, 76, 80, 86, 88, 90, 97, 99, 106, 113, 114, 116, 118, 120, 123, 125, 128, 136, 139, 158, 170, 171, 173, 176, 181, 182, 189, 194, 195, 199, 200]
x_12: [2, 5, 8, 9, 10, 11, 72, 123, 117, 94, 190, 98, 21, 149, 15, 35, 13, 135, 126, 148, 65, 63, 180, 147, 192, 87, 93, 165, 95, 104, 79, 119, 154, 88, 137, 130, 43, 38, 176, 57, 145, 29, 48, 197, 106, 187, 159, 26, 140, 175, 69, 183, 28, 53, 67, 18, 162, 19, 56, 45, 131, 111, 6, 152, 125, 182, 73, 52, 127, 61, 109, 116, 173, 49, 124, 186, 66, 105, 3, 198, 132, 20, 158, 150, 91, 118, 77, 179, 177, 139, 31, 78, 23, 24, 25, 27, 30, 32, 34, 36, 41, 46, 51, 58, 60, 62, 68, 71, 76, 80, 82, 84, 96, 97, 99, 101, 110, 114, 121, 128, 133, 142, 144, 151, 155, 164, 167, 168, 170, 172, 189, 191, 194, 199, 200]
x_13: [4, 6, 7, 8, 12, 81, 199, 140, 166, 147, 142, 73, 135, 106, 139, 133, 105, 155, 162, 149, 79, 116, 78, 34, 130, 114, 151, 36, 141, 198, 42, 65, 163, 3, 109, 189, 170, 145, 10, 95, 108, 103, 169, 193, 172, 5, 24, 2, 99, 69, 119, 70, 96, 192, 124, 197, 87, 100, 117, 30, 91, 38, 107, 45, 67, 33, 74, 132, 190, 177, 71, 111, 86, 125, 56, 184, 126, 17, 53, 39, 59, 187, 27, 40, 123, 26, 167, 186, 48, 1, 23, 110, 157, 14, 137, 89, 174, 31, 68, 176, 72, 46, 181, 55, 165, 32, 115, 76, 175, 131, 128, 101, 156, 28, 158, 180, 52, 43, 134, 66, 191, 138, 127, 195, 160, 194, 182, 15, 161, 113, 77, 64, 18, 21, 35, 41, 51, 61, 63, 80, 82, 84, 85, 97, 98, 118, 121, 152, 154, 171, 173, 183, 188, 200]
x_14: [7, 10, 13, 34, 66, 50, 105, 144, 162, 154, 15, 137, 156, 131, 39, 106, 70, 72, 123, 179, 79, 69, 126, 55, 128, 95, 121, 62, 87, 46, 195, 47, 190, 149, 178, 116, 17, 20, 21, 23, 24, 25, 26, 27, 28, 29, 30, 36, 38, 41, 42, 45, 48, 49, 51, 52, 56, 59, 60, 61, 67, 68, 74, 76, 77, 81, 84, 86, 88, 90, 93, 96, 98, 101, 103, 104, 109, 113, 119, 124, 129, 130, 132, 133, 136, 141, 147, 148, 151, 152, 153, 155, 159, 160, 164, 167, 169, 170, 171, 174, 175, 180, 181, 182, 183, 184, 188, 194, 196, 197, 198, 199, 200]
x_15: [3, 9, 10, 12, 13, 14, 84, 136, 177, 35, 166, 195, 55, 81, 160, 127, 123, 85, 31, 33, 36, 179, 66, 58, 23, 163, 138, 180, 145, 45, 176, 30, 52, 129, 146, 169, 79, 109, 2, 199, 6, 158, 57, 22, 191, 72, 175, 161, 88, 69, 154, 185, 133, 98, 32, 89, 65, 198, 37, 147, 11, 20, 24, 186, 27, 77, 82, 64, 93, 8, 21, 103, 96, 164, 62, 25, 174, 71, 132, 83, 29, 91, 165, 156, 70, 104, 148, 159, 122, 108, 101, 78, 162, 141, 131, 56, 112, 140, 17, 19, 38, 39, 41, 59, 60, 61, 67, 68, 76, 80, 87, 90, 94, 100, 111, 125, 128, 137, 143, 144, 149, 150, 167, 172, 173, 181, 182, 188, 189, 194, 196, 197]
x_16: [4, 7, 10, 138, 70, 136, 68, 122, 33, 104, 182, 27, 191, 96, 18, 168, 140, 93, 143, 186, 130, 176, 149, 8, 159, 79, 115, 175, 34, 40, 20, 37, 174, 56, 124, 197, 86, 94, 75, 41, 98, 113, 31, 154, 38, 76, 171, 164, 155, 3, 165, 192, 144, 26, 118, 200, 111, 24, 28, 29, 30, 32, 36, 48, 51, 55, 57, 58, 59, 60, 61, 62, 63, 65, 71, 73, 80, 81, 85, 87, 88, 89, 90, 91, 92, 97, 101, 108, 114, 120, 128, 132, 137, 139, 141, 142, 147, 150, 160, 161, 167, 170, 173, 179, 183, 185, 187, 190, 194, 199]
x_17: [1, 4, 5, 6, 11, 13, 174, 109, 71, 95, 105, 104, 156, 119, 14, 26, 121, 200, 10, 166, 181, 179, 29, 151, 36, 136, 131, 196, 92, 142, 70, 146, 168, 122, 63, 160, 62, 28, 144, 41, 30, 199, 81, 187, 89, 65, 169, 161, 198, 15, 158, 112, 107, 97, 76, 194, 88, 113, 180, 61, 163, 157, 133, 37, 173, 132, 45, 140, 165, 125, 182, 32, 150, 123, 54, 99, 162, 102, 184, 59, 64, 86, 85, 191, 127, 167, 170, 186, 50, 111, 103, 139, 31, 147, 69, 33, 39, 7, 20, 47, 118, 197, 171, 129, 74, 40, 135, 66, 189, 138, 101, 2, 46, 21, 23, 24, 55, 56, 58, 60, 77, 78, 84, 90, 96, 100, 114, 116, 120, 124, 126, 130, 137, 141, 145, 172, 175, 176, 185, 190, 195]
x_18: [3, 8, 9, 10, 11, 12, 16, 170, 62, 20, 199, 138, 143, 42, 45, 97, 150, 6, 132, 56, 110, 61, 133, 186, 49, 180, 130, 177, 157, 168, 64, 102, 200, 120, 31, 146, 165, 13, 100, 23, 144, 25, 123, 4, 80, 72, 107, 43, 153, 35, 182, 82, 198, 137, 163, 115, 129, 142, 179, 52, 127, 93, 39, 67, 185, 160, 22, 188, 87, 37, 66, 24, 26, 30, 33, 34, 38, 50, 55, 58, 60, 63, 65, 76, 81, 84, 85, 90, 94, 95, 98, 99, 104, 106, 114, 116, 118, 121, 126, 128, 134, 139, 149, 154, 155, 167, 171, 172, 174, 175, 178, 181, 184, 187, 190, 191, 192, 194, 197]
x_19: [3, 4, 6, 7, 8, 9, 10, 12, 90, 99, 72, 145, 120, 39, 34, 65, 58, 51, 149, 138, 159, 140, 110, 184, 62, 148, 36, 142, 118, 101, 183, 22, 161, 20, 40, 171, 15, 192, 104, 98, 107, 175, 152, 153, 173, 74, 52, 170, 185, 102, 92, 46, 77, 182, 37, 126, 21, 23, 25, 26, 30, 35, 38, 41, 45, 47, 48, 50, 56, 57, 60, 67, 68, 69, 70, 71, 73, 76, 80, 81, 82, 83, 88, 91, 93, 94, 97, 111, 112, 121, 125, 127, 130, 139, 143, 144, 147, 150, 151, 154, 158, 172, 174, 176, 178, 180, 181, 186, 190, 191, 194, 195]
x_20: [4, 5, 6, 8, 12, 15, 16, 17, 18, 19, 23, 132, 77, 54, 181, 119, 75, 160, 152, 27, 158, 96, 194, 114, 66, 159, 14, 81, 41, 34, 162, 29, 112, 163, 151, 63, 191, 130, 102, 32, 182, 55, 99, 170, 133, 35, 184, 149, 186, 1, 31, 52, 196, 145, 97, 124, 140, 60, 69, 10, 164, 43, 172, 142, 129, 106, 71, 197, 108, 103, 70, 127, 26, 21, 25, 36, 45, 48, 62, 67, 73, 78, 82, 84, 88, 92, 94, 100, 101, 105, 109, 111, 116, 121, 123, 125, 131, 134, 138, 153, 156, 157, 165, 171, 174, 176, 179, 185, 189, 190, 192, 200]
x_21: [5, 7, 10, 12, 15, 34, 48, 144, 117, 193, 126, 55, 101, 187, 138, 87, 63, 25, 20, 174, 192, 11, 109, 114, 49, 45, 153, 129, 131, 99, 134, 93, 51, 60, 169, 151, 194, 199, 17, 88, 14, 118, 157, 46, 38, 74, 121, 150, 145, 102, 24, 103, 132, 147, 166, 78, 69, 91, 13, 142, 123, 110, 82, 39, 143, 72, 156, 107, 148, 149, 30, 136, 4, 26, 86, 95, 9, 164, 19, 125, 163, 22, 139, 115, 140, 1, 42, 84, 28, 104, 108, 67, 183, 197, 162, 64, 68, 141, 73, 159, 182, 44, 106, 33, 186, 165, 61, 54, 71, 185, 189, 53, 81, 23, 37, 41, 50, 52, 59, 62, 65, 66, 70, 76, 79, 80, 89, 90, 97, 112, 113, 116, 124, 128, 133, 152, 154, 158, 160, 171, 179, 188, 190, 191, 196, 200]
x_22: [3, 4, 7, 10, 15, 18, 19, 21, 133, 35, 114, 94, 192, 8, 81, 107, 42, 143, 11, 181, 151, 180, 170, 162, 135, 109, 48, 51, 60, 30, 34, 130, 32, 185, 69, 118, 93, 117, 86, 158, 186, 91, 57, 163, 126, 9, 43, 65, 142, 59, 196, 45, 136, 52, 54, 74, 63, 96, 84, 101, 168, 50, 153, 47, 49, 176, 26, 27, 36, 37, 38, 46, 55, 58, 61, 70, 71, 73, 85, 89, 90, 92, 97, 99, 104, 108, 112, 116, 123, 125, 127, 128, 138, 139, 140, 144, 149, 150, 152, 157, 160, 161, 164, 165, 169, 171, 173, 174, 194, 195, 197, 198, 200]
x_23: [2, 5, 7, 13, 15, 18, 20, 77, 149, 110, 158, 122, 94, 6, 125, 27, 169, 161, 148, 171, 159, 111, 182, 150, 88, 87, 19, 166, 108, 50, 180, 132, 127, 156, 145, 170, 141, 129, 123, 154, 175, 190, 197, 116, 155, 121, 43, 69, 173, 135, 78, 196, 102, 139, 67, 66, 80, 4, 194, 12, 118, 92, 60, 131, 114, 54, 86, 179, 38, 99, 112, 14, 165, 29, 3, 193, 79, 97, 84, 151, 184, 21, 85, 31, 172, 17, 33, 200, 177, 76, 105, 47, 130, 192, 147, 119, 51, 11, 62, 162, 58, 63, 183, 98, 160, 39, 185, 191, 93, 1, 181, 176, 128, 44, 8, 95, 24, 25, 26, 30, 32, 36, 41, 52, 55, 56, 59, 68, 72, 81, 82, 100, 133, 140, 142, 152, 168, 178, 187, 195]
x_24: [3, 5, 6, 7, 8, 10, 13, 15, 21, 142, 88, 132, 126, 82, 155, 29, 150, 166, 75, 141, 170, 71, 110, 80, 193, 23, 164, 30, 129, 57, 156, 192, 165, 68, 112, 96, 60, 14, 27, 153, 131, 42, 34, 18, 56, 1, 173, 16, 109, 188, 184, 17, 9, 138, 87, 86, 157, 144, 55, 121, 52, 69, 76, 149, 134, 65, 47, 54, 101, 62, 143, 180, 116, 85, 84, 105, 31, 145, 48, 130, 195, 58, 46, 78, 26, 81, 186, 38, 114, 39, 12, 74, 89, 151, 32, 37, 40, 59, 66, 67, 70, 90, 91, 93, 94, 97, 127, 133, 139, 147, 152, 160, 162, 168, 172, 174, 175, 177, 178, 181, 185, 190, 196, 197, 198, 199, 200]
x_25: [1, 4, 10, 11, 15, 18, 21, 52, 59, 171, 48, 31, 14, 192, 187, 30, 23, 191, 57, 74, 183, 65, 135, 109, 64, 185, 9, 186, 196, 50, 84, 90, 92, 117, 169, 158, 98, 174, 99, 110, 63, 126, 88, 46, 155, 167, 62, 19, 198, 112, 71, 137, 78, 86, 194, 95, 105, 94, 91, 81, 102, 121, 131, 5, 33, 44, 146, 141, 39, 43, 118, 166, 161, 35, 42, 157, 61, 122, 80, 20, 40, 116, 28, 176, 123, 12, 26, 27, 29, 32, 34, 38, 41, 47, 49, 56, 60, 66, 68, 73, 75, 79, 82, 100, 103, 108, 111, 114, 125, 128, 132, 133, 136, 142, 143, 147, 148, 154, 159, 170, 173, 180, 181, 182, 188, 190, 195, 199]
x_26: [2, 4, 5, 6, 7, 8, 9, 10, 12, 13, 16, 17, 20, 21, 24, 94, 130, 91, 129, 161, 171, 96, 88, 168, 31, 48, 97, 70, 158, 183, 54, 64, 78, 84, 145, 104, 63, 93, 198, 60, 75, 179, 146, 51, 25, 35, 58, 95, 69, 37, 42, 59, 80, 147, 131, 139, 154, 111, 113, 149, 132, 122, 47, 92, 19, 71, 53, 196, 125, 22, 157, 61, 174, 55, 23, 165, 155, 43, 148, 177, 172, 181, 56, 81, 123, 142, 14, 128, 144, 90, 18, 82, 190, 124, 87, 107, 68, 169, 166, 83, 65, 79, 76, 163, 30, 72, 197, 185, 127, 73, 156, 66, 173, 45, 102, 134, 191, 50, 116, 39, 187, 164, 133, 28, 32, 33, 36, 41, 85, 86, 98, 99, 100, 101, 105, 106, 108, 112, 114, 121, 137, 138, 152, 153, 159, 182, 186, 188, 192, 195, 199]
x_27: [1, 4, 5, 11, 13, 15, 16, 20, 23, 24, 146, 124, 180, 84, 134, 44, 145, 182, 128, 102, 99, 142, 186, 144, 190, 116, 43, 152, 151, 96, 14, 95, 91, 113, 61, 177, 166, 170, 140, 78, 114, 195, 92, 50, 42, 35, 12, 94, 87, 45, 126, 123, 3, 148, 60, 157, 168, 131, 54, 103, 120, 32, 81, 68, 36, 85, 34, 47, 159, 136, 79, 181, 110, 118, 80, 158, 130, 53, 73, 173, 40, 175, 2, 88, 31, 109, 98, 183, 132, 189, 46, 137, 22, 185, 28, 25, 138, 100, 122, 30, 37, 48, 51, 55, 64, 65, 67, 70, 71, 76, 83, 93, 101, 104, 112, 117, 125, 135, 139, 150, 153, 160, 163, 164, 167, 171, 172, 174, 176, 188, 193, 194, 196, 197, 198, 199, 200]
x_28: [2, 4, 5, 6, 8, 9, 12, 13, 17, 21, 25, 27, 134, 152, 10, 151, 50, 116, 126, 100, 75, 90, 199, 194, 45, 154, 70, 47, 143, 16, 172, 141, 59, 115, 82, 114, 86, 191, 14, 192, 120, 72, 105, 85, 130, 43, 103, 139, 110, 158, 190, 123, 39, 38, 36, 157, 58, 56, 117, 167, 40, 179, 109, 96, 144, 83, 102, 125, 184, 78, 183, 165, 149, 81, 193, 26, 118, 138, 32, 127, 174, 163, 88, 186, 119, 177, 30, 33, 41, 46, 51, 57, 60, 61, 62, 64, 66, 67, 68, 69, 77, 80, 84, 87, 92, 98, 99, 101, 111, 112, 128, 131, 132, 136, 137, 142, 147, 153, 160, 162, 166, 168, 170, 171, 173, 182, 185, 187, 188, 196, 197]
x_29: [3, 5, 8, 10, 12, 15, 17, 20, 23, 24, 138, 56, 43, 62, 52, 153, 63, 14, 200, 83, 159, 195, 16, 85, 108, 89, 93, 154, 170, 105, 54, 74, 58, 81, 102, 179, 99, 172, 199, 45, 100, 167, 90, 155, 158, 57, 60, 157, 82, 53, 182, 76, 25, 112, 2, 40, 137, 188, 46, 193, 88, 37, 97, 84, 139, 164, 180, 134, 71, 50, 41, 42, 38, 31, 114, 150, 34, 111, 35, 86, 156, 175, 36, 6, 92, 61, 178, 30, 32, 49, 59, 64, 66, 67, 68, 77, 78, 79, 91, 94, 96, 98, 101, 115, 120, 123, 124, 127, 128, 130, 131, 133, 142, 145, 147, 161, 162, 166, 171, 173, 176, 185, 186, 190, 194, 197]
x_30: [4, 5, 9, 11, 13, 15, 17, 21, 22, 24, 25, 26, 152, 126, 167, 23, 35, 137, 121, 145, 37, 54, 93, 182, 36, 72, 190, 90, 99, 122, 8, 136, 119, 51, 185, 62, 53, 177, 2, 179, 78, 69, 133, 49, 19, 28, 198, 29, 103, 85, 27, 115, 184, 148, 134, 124, 171, 111, 96, 166, 193, 106, 112, 95, 141, 38, 61, 6, 172, 101, 117, 158, 113, 146, 14, 45, 135, 12, 107, 34, 178, 170, 200, 88, 150, 192, 130, 94, 16, 31, 63, 163, 164, 32, 39, 74, 7, 18, 151, 33, 41, 42, 43, 60, 65, 68, 71, 80, 81, 86, 89, 92, 98, 109, 110, 114, 125, 139, 149, 160, 165, 180, 181, 183, 186, 187, 188, 189, 191, 197]
x_31: [1, 2, 7, 8, 10, 12, 13, 15, 16, 17, 18, 20, 23, 24, 25, 26, 27, 29, 30, 121, 140, 155, 129, 33, 138, 173, 181, 101, 165, 105, 62, 134, 98, 123, 188, 82, 113, 54, 32, 35, 37, 41, 42, 50, 51, 56, 57, 58, 60, 68, 69, 70, 81, 84, 85, 88, 90, 91, 97, 99, 100, 110, 116, 124, 128, 130, 133, 139, 141, 149, 152, 153, 154, 159, 168, 171, 179, 180, 185, 189, 191, 195, 197, 199, 200]
x_32: [7, 8, 11, 13, 15, 17, 20, 22, 27, 28, 30, 157, 179, 95, 25, 91, 51, 29, 177, 168, 152, 23, 1, 132, 111, 61, 24, 79, 125, 16, 147, 110, 144, 77, 101, 161, 172, 153, 71, 159, 123, 113, 57, 69, 83, 199, 114, 137, 45, 191, 181, 117, 76, 150, 47, 131, 169, 102, 195, 171, 178, 106, 176, 193, 162, 5, 38, 127, 93, 67, 80, 139, 78, 36, 129, 10, 115, 121, 187, 146, 84, 96, 33, 183, 4, 138, 52, 198, 160, 119, 73, 166, 186, 6, 145, 103, 26, 155, 164, 128, 136, 88, 151, 174, 12, 49, 44, 158, 31, 143, 42, 39, 59, 56, 41, 55, 63, 66, 68, 70, 81, 82, 86, 87, 89, 90, 97, 98, 99, 109, 116, 118, 124, 133, 134, 135, 142, 149, 156, 167, 173, 175, 180, 182, 185, 192, 197]
x_33: [4, 6, 7, 10, 11, 13, 15, 16, 17, 21, 23, 25, 31, 32, 91, 177, 145, 112, 69, 158, 35, 74, 148, 64, 18, 153, 68, 111, 157, 73, 122, 109, 48, 55, 197, 174, 9, 164, 194, 110, 107, 131, 38, 46, 58, 59, 94, 115, 83, 56, 57, 66, 40, 181, 134, 98, 28, 123, 176, 188, 1, 121, 80, 199, 180, 75, 54, 34, 163, 170, 118, 138, 60, 127, 166, 26, 76, 160, 52, 133, 86, 63, 126, 30, 128, 92, 165, 103, 142, 108, 161, 37, 100, 154, 70, 36, 41, 42, 47, 50, 51, 67, 81, 84, 85, 89, 96, 102, 106, 113, 114, 116, 117, 119, 120, 124, 137, 147, 150, 152, 156, 168, 171, 172, 179, 182, 183, 186, 187, 189, 190, 191, 192, 195, 196, 198, 200]
x_34: [3, 4, 10, 11, 13, 14, 16, 19, 20, 21, 22, 24, 27, 29, 30, 33, 40, 144, 183, 138, 67, 173, 174, 7, 170, 188, 25, 198, 95, 117, 68, 193, 73, 36, 105, 181, 98, 8, 123, 150, 185, 199, 197, 101, 126, 60, 131, 97, 106, 154, 64, 76, 157, 89, 18, 12, 79, 91, 121, 159, 92, 84, 44, 161, 135, 155, 163, 180, 56, 80, 37, 46, 50, 53, 54, 55, 59, 61, 62, 63, 65, 70, 71, 78, 81, 82, 83, 87, 96, 109, 114, 119, 124, 125, 128, 134, 142, 143, 147, 148, 152, 158, 164, 171, 172, 178, 179, 182, 186, 189, 191, 200]
x_35: [4, 8, 12, 15, 18, 20, 22, 25, 26, 27, 29, 30, 33, 183, 78, 151, 2, 169, 124, 65, 59, 38, 62, 42, 67, 103, 52, 36, 43, 142, 160, 19, 81, 99, 181, 55, 41, 10, 115, 56, 180, 80, 198, 57, 185, 164, 75, 131, 167, 87, 60, 31, 135, 119, 143, 118, 3, 154, 111, 139, 50, 63, 79, 133, 156, 76, 68, 90, 69, 74, 13, 161, 200, 113, 11, 53, 116, 40, 46, 49, 51, 54, 58, 66, 84, 86, 88, 96, 98, 108, 114, 121, 128, 144, 148, 149, 152, 155, 157, 162, 170, 172, 173, 174, 178, 182, 186, 188, 189, 194, 197]
x_36: [7, 9, 13, 15, 17, 19, 27, 28, 29, 30, 32, 34, 35, 78, 64, 173, 50, 8, 163, 160, 153, 176, 172, 113, 187, 144, 59, 122, 45, 137, 3, 58, 5, 83, 148, 22, 133, 139, 67, 102, 140, 72, 91, 99, 104, 136, 120, 23, 47, 195, 123, 145, 101, 159, 54, 135, 14, 82, 38, 57, 11, 105, 152, 129, 177, 143, 106, 100, 70, 12, 56, 181, 98, 77, 6, 146, 69, 49, 138, 134, 190, 42, 43, 169, 73, 4, 39, 26, 182, 151, 111, 170, 33, 87, 130, 127, 132, 95, 150, 114, 92, 97, 154, 162, 89, 20, 108, 16, 196, 118, 161, 166, 60, 117, 90, 46, 52, 61, 62, 66, 76, 80, 84, 94, 116, 125, 128, 141, 142, 147, 167, 178, 180, 186, 194]
x_37: [6, 15, 16, 17, 18, 19, 26, 29, 30, 33, 24, 86, 174, 10, 71, 151, 135, 197, 158, 34, 147, 43, 111, 176, 80, 184, 114, 187, 63, 126, 192, 99, 8, 129, 66, 31, 74, 67, 7, 145, 22, 84, 161, 132, 170, 47, 57, 76, 190, 21, 44, 117, 96, 103, 164, 199, 116, 121, 171, 27, 172, 9, 5, 72, 69, 46, 138, 123, 159, 175, 87, 88, 61, 58, 89, 189, 183, 113, 51, 101, 40, 60, 102, 11, 45, 82, 2, 42, 109, 173, 133, 49, 155, 97, 106, 131, 110, 70, 188, 108, 140, 200, 41, 48, 52, 56, 59, 62, 64, 65, 68, 75, 83, 90, 98, 104, 105, 112, 115, 120, 124, 125, 127, 130, 134, 137, 141, 143, 144, 152, 153, 156, 160, 167, 180, 185, 186, 194, 198]
x_38: [4, 7, 9, 10, 12, 13, 16, 21, 23, 24, 28, 29, 30, 32, 33, 35, 36, 187, 129, 160, 45, 69, 106, 192, 124, 74, 89, 182, 117, 102, 142, 97, 62, 92, 139, 140, 184, 181, 136, 58, 68, 6, 169, 19, 100, 42, 198, 151, 65, 126, 5, 41, 57, 39, 99, 15, 18, 25, 120, 141, 168, 70, 14, 121, 190, 165, 54, 153, 113, 87, 82, 98, 75, 22, 59, 186, 144, 90, 110, 111, 191, 112, 48, 85, 91, 162, 152, 148, 46, 196, 185, 161, 137, 53, 123, 60, 158, 183, 77, 44, 166, 103, 109, 200, 50, 52, 63, 66, 67, 71, 76, 78, 80, 86, 94, 101, 104, 114, 115, 116, 119, 128, 130, 132, 134, 138, 149, 150, 154, 155, 157, 164, 171, 173, 177, 180, 188, 194, 195, 199]
x_39: [6, 8, 10, 11, 13, 14, 17, 18, 19, 21, 23, 24, 25, 26, 28, 30, 32, 36, 38, 7, 95, 64, 40, 55, 102, 114, 131, 151, 70, 110, 153, 87, 124, 88, 152, 157, 15, 199, 41, 43, 46, 50, 54, 58, 59, 62, 63, 65, 67, 68, 71, 81, 84, 90, 91, 92, 96, 98, 105, 109, 112, 113, 119, 121, 123, 129, 130, 141, 154, 158, 160, 163, 167, 168, 171, 175, 177, 180, 185, 186, 187, 188, 189, 194, 195, 198]
x_40: [6, 7, 8, 13, 16, 17, 19, 25, 27, 28, 29, 33, 34, 37, 39, 143, 191, 121, 46, 24, 3, 47, 72, 50, 185, 118, 103, 183, 139, 131, 70, 179, 175, 68, 99, 182, 102, 119, 62, 187, 188, 81, 35, 176, 155, 42, 45, 48, 51, 54, 56, 58, 59, 60, 61, 63, 69, 73, 76, 80, 82, 87, 89, 90, 94, 96, 98, 100, 104, 106, 109, 111, 112, 123, 126, 127, 130, 133, 137, 138, 140, 142, 144, 146, 147, 149, 158, 159, 162, 164, 167, 169, 171, 172, 173, 180, 181, 186, 189, 192, 194, 195, 196, 199]
x_41: [3, 4, 5, 6, 7, 10, 11, 16, 17, 20, 29, 35, 38, 181, 97, 164, 15, 75, 89, 198, 169, 178, 159, 113, 82, 150, 196, 137, 81, 187, 101, 195, 188, 14, 175, 115, 176, 177, 167, 25, 109, 104, 189, 32, 145, 199, 143, 153, 105, 90, 45, 37, 74, 133, 180, 157, 106, 166, 43, 146, 121, 186, 76, 66, 190, 174, 9, 200, 139, 152, 83, 44, 117, 148, 170, 33, 129, 165, 21, 155, 151, 158, 67, 126, 161, 163, 69, 100, 71, 31, 172, 28, 120, 39, 62, 61, 58, 149, 30, 12, 65, 107, 13, 160, 138, 147, 91, 102, 132, 84, 136, 19, 162, 193, 77, 26, 116, 23, 1, 72, 141, 46, 48, 50, 59, 60, 68, 80, 85, 86, 88, 93, 98, 99, 108, 112, 114, 123, 124, 130, 142, 144, 156, 168, 171, 173, 183, 184, 185, 192, 197]
x_42: [2, 4, 5, 8, 9, 13, 18, 21, 22, 24, 25, 26, 27, 29, 32, 35, 36, 37, 38, 152, 160, 195, 66, 118, 99, 31, 166, 58, 79, 165, 171, 200, 33, 131, 129, 191, 7, 94, 182, 115, 111, 173, 40, 71, 30, 96, 65, 55, 85, 159, 143, 158, 59, 124, 92, 105, 172, 88, 110, 113, 14, 136, 76, 184, 132, 82, 51, 54, 189, 62, 97, 89, 1, 126, 198, 130, 196, 133, 57, 43, 47, 48, 50, 56, 60, 77, 78, 81, 83, 84, 86, 87, 90, 98, 100, 101, 108, 123, 127, 128, 139, 142, 144, 145, 150, 154, 155, 161, 164, 168, 169, 179, 180, 185, 199]
x_43: [3, 4, 5, 7, 8, 9, 12, 13, 18, 20, 22, 23, 25, 26, 27, 28, 29, 35, 36, 37, 41, 110, 104, 30, 171, 113, 133, 56, 42, 70, 94, 181, 84, 89, 192, 65, 146, 194, 39, 57, 66, 124, 200, 153, 138, 46, 49, 55, 58, 59, 62, 67, 68, 81, 88, 90, 92, 97, 98, 99, 100, 106, 108, 109, 112, 115, 116, 117, 120, 121, 123, 127, 128, 132, 136, 139, 147, 149, 151, 152, 154, 156, 158, 160, 165, 170, 180, 182, 183, 185, 188, 191, 195, 197, 198, 199]
x_44: [2, 3, 4, 7, 8, 10, 21, 23, 25, 27, 32, 34, 37, 38, 41, 88, 5, 45, 179, 52, 46, 48, 51, 59, 60, 61, 63, 65, 67, 69, 71, 76, 78, 84, 87, 89, 90, 92, 96, 99, 100, 101, 104, 106, 109, 113, 114, 115, 116, 117, 119, 123, 124, 125, 128, 132, 133, 138, 139, 144, 146, 147, 152, 153, 156, 157, 165, 167, 175, 178, 181, 182, 184, 187, 190, 191, 194, 198, 199, 200]
x_45: [2, 6, 7, 9, 10, 12, 13, 15, 17, 18, 21, 22, 26, 27, 28, 29, 30, 32, 36, 37, 38, 41, 44, 165, 59, 19, 110, 177, 95, 193, 197, 49, 101, 87, 147, 85, 176, 106, 88, 151, 66, 104, 194, 158, 71, 198, 91, 20, 112, 58, 157, 121, 89, 73, 184, 8, 153, 136, 14, 160, 138, 113, 76, 109, 103, 102, 40, 188, 54, 122, 172, 127, 47, 48, 50, 52, 60, 63, 68, 80, 81, 83, 84, 86, 90, 93, 94, 97, 98, 99, 105, 111, 114, 116, 118, 119, 123, 124, 125, 130, 132, 133, 139, 142, 143, 144, 149, 161, 166, 167, 168, 179, 181, 182, 183, 187, 190, 191, 196, 200]
x_46: [3, 6, 7, 8, 10, 13, 14, 17, 19, 21, 24, 25, 27, 29, 33, 37, 38, 40, 166, 43, 183, 169, 127, 56, 168, 80, 143, 200, 77, 76, 36, 65, 132, 78, 122, 35, 112, 86, 134, 83, 54, 72, 11, 129, 148, 128, 68, 41, 75, 39, 67, 100, 173, 114, 185, 44, 99, 150, 53, 82, 191, 79, 107, 28, 159, 161, 180, 34, 89, 62, 160, 91, 133, 22, 9, 5, 172, 158, 110, 162, 12, 139, 176, 98, 74, 59, 47, 50, 52, 58, 71, 73, 81, 84, 85, 87, 88, 93, 97, 101, 106, 108, 116, 124, 126, 130, 137, 138, 142, 144, 153, 154, 167, 170, 171, 174, 175, 179, 181, 182, 186, 188, 190, 194, 195, 196, 197, 198, 199]
x_47: [3, 5, 14, 17, 22, 23, 24, 26, 27, 28, 32, 36, 37, 40, 108, 151, 148, 125, 154, 53, 149, 131, 173, 87, 163, 104, 168, 46, 200, 61, 133, 19, 164, 174, 102, 56, 66, 1, 73, 9, 67, 159, 65, 194, 115, 178, 112, 79, 77, 123, 45, 141, 54, 33, 11, 103, 142, 146, 129, 187, 98, 88, 25, 42, 179, 52, 180, 175, 165, 97, 136, 185, 6, 57, 172, 2, 51, 55, 60, 70, 71, 72, 76, 78, 80, 82, 84, 86, 91, 93, 94, 101, 105, 106, 110, 116, 118, 124, 126, 134, 138, 147, 150, 158, 167, 169, 177, 181, 183, 190, 191, 197, 199]
x_48: [2, 3, 6, 9, 12, 13, 21, 22, 24, 25, 26, 33, 38, 107, 196, 158, 198, 45, 14, 190, 200, 102, 168, 49, 41, 57, 157, 116, 139, 140, 86, 171, 65, 50, 130, 153, 66, 100, 64, 172, 75, 159, 183, 162, 69, 93, 149, 186, 71, 129, 165, 138, 170, 27, 56, 44, 189, 83, 42, 166, 156, 68, 55, 163, 67, 97, 11, 197, 40, 185, 128, 112, 78, 94, 104, 92, 51, 74, 72, 124, 37, 16, 19, 20, 199, 127, 54, 117, 79, 87, 177, 174, 111, 109, 194, 125, 195, 101, 187, 181, 146, 110, 98, 62, 70, 76, 81, 84, 88, 89, 91, 99, 121, 133, 136, 142, 144, 145, 150, 155, 160, 173, 179, 182, 188, 191]
x_49: [2, 4, 5, 7, 9, 10, 12, 18, 21, 22, 30, 32, 36, 37, 45, 48, 97, 14, 112, 156, 52, 29, 59, 177, 123, 99, 176, 35, 57, 159, 25, 178, 89, 83, 130, 113, 198, 43, 162, 124, 145, 129, 51, 175, 50, 56, 63, 67, 69, 71, 73, 76, 78, 80, 82, 85, 86, 87, 90, 93, 94, 96, 101, 105, 108, 110, 111, 114, 116, 121, 125, 128, 132, 133, 135, 136, 137, 139, 142, 144, 148, 149, 153, 154, 157, 158, 160, 168, 179, 183, 187, 190, 191, 193, 197, 199, 200]
x_50: [4, 10, 14, 17, 22, 23, 25, 26, 27, 28, 29, 35, 36, 40, 48, 196, 34, 31, 71, 143, 2, 96, 74, 55, 80, 169, 174, 38, 33, 18, 184, 41, 151, 108, 69, 19, 42, 155, 107, 56, 101, 139, 126, 45, 128, 63, 53, 175, 39, 49, 157, 158, 180, 141, 67, 198, 193, 147, 21, 92, 136, 72, 46, 146, 121, 54, 60, 61, 62, 68, 70, 76, 81, 84, 85, 86, 87, 88, 89, 90, 93, 94, 97, 98, 106, 114, 116, 118, 120, 123, 124, 130, 137, 138, 142, 144, 148, 149, 150, 152, 153, 154, 156, 165, 166, 167, 168, 171, 172, 181, 186, 188, 190, 191, 194, 195, 197]
x_51: [5, 8, 10, 19, 21, 22, 23, 26, 30, 32, 37, 42, 48, 49, 143, 148, 182, 144, 57, 33, 142, 151, 31, 112, 190, 110, 95, 58, 114, 173, 101, 86, 172, 146, 47, 14, 197, 13, 159, 119, 170, 185, 120, 147, 96, 91, 40, 118, 52, 140, 123, 138, 73, 154, 54, 156, 28, 171, 168, 59, 109, 132, 55, 77, 127, 184, 16, 97, 53, 163, 179, 80, 192, 160, 4, 195, 117, 84, 108, 63, 166, 27, 44, 130, 98, 125, 141, 153, 100, 61, 133, 3, 161, 12, 81, 35, 60, 66, 67, 68, 69, 76, 78, 82, 85, 87, 88, 93, 94, 105, 106, 111, 121, 129, 135, 137, 139, 150, 155, 157, 164, 165, 175, 183, 186, 187, 188, 189, 191]
x_52: [2, 3, 4, 7, 10, 11, 12, 13, 15, 18, 19, 20, 22, 24, 25, 29, 32, 33, 35, 44, 47, 49, 51, 180, 46, 116, 38, 37, 65, 130, 98, 178, 132, 179, 99, 124, 94, 54, 136, 105, 57, 61, 171, 87, 165, 77, 123, 198, 157, 148, 195, 55, 73, 146, 160, 81, 23, 167, 117, 139, 21, 185, 36, 140, 183, 82, 191, 92, 192, 103, 119, 101, 150, 96, 161, 115, 104, 79, 45, 189, 85, 86, 14, 5, 182, 154, 84, 69, 152, 135, 70, 60, 62, 67, 68, 71, 72, 76, 78, 88, 90, 100, 111, 112, 114, 127, 131, 134, 141, 142, 143, 145, 155, 158, 164, 168, 173, 174, 177, 184, 187, 188, 190, 197, 199]
x_53: [3, 4, 6, 7, 8, 9, 10, 11, 12, 13, 21, 26, 27, 29, 30, 35, 38, 46, 47, 50, 51, 184, 164, 64, 34, 193, 106, 89, 70, 128, 99, 79, 178, 108, 55, 56, 57, 58, 59, 61, 62, 63, 65, 68, 71, 74, 76, 77, 80, 85, 92, 94, 96, 98, 100, 101, 105, 112, 116, 121, 124, 127, 130, 131, 139, 142, 145, 147, 149, 154, 158, 165, 167, 168, 171, 173, 175, 180, 181, 182, 183, 185, 186, 187, 188, 189, 190, 194, 195, 200]
x_54: [1, 4, 5, 8, 17, 20, 21, 22, 23, 24, 26, 27, 29, 30, 31, 33, 36, 38, 42, 45, 46, 47, 48, 51, 52, 59, 133, 150, 112, 146, 68, 3, 2, 39, 200, 122, 182, 196, 90, 154, 64, 143, 165, 141, 40, 34, 103, 157, 178, 188, 85, 50, 156, 177, 199, 9, 153, 72, 70, 91, 180, 117, 184, 111, 183, 102, 80, 176, 35, 101, 110, 194, 93, 115, 75, 57, 60, 65, 69, 71, 73, 76, 81, 82, 88, 89, 94, 96, 97, 100, 104, 108, 113, 118, 124, 125, 128, 130, 131, 132, 135, 137, 138, 139, 142, 144, 147, 148, 149, 151, 152, 158, 159, 164, 168, 172, 173, 181, 191, 192, 193, 195]
x_55: [4, 7, 10, 13, 14, 15, 20, 21, 24, 26, 33, 35, 39, 42, 48, 50, 51, 52, 3, 80, 59, 178, 128, 16, 2, 153, 119, 1, 164, 63, 34, 183, 101, 189, 158, 100, 57, 152, 159, 71, 47, 186, 56, 85, 89, 23, 32, 143, 60, 53, 144, 138, 115, 199, 181, 22, 111, 147, 92, 43, 27, 91, 176, 127, 157, 117, 17, 18, 171, 163, 65, 95, 149, 84, 58, 61, 66, 67, 68, 69, 70, 73, 76, 81, 86, 93, 96, 97, 98, 99, 106, 110, 112, 113, 121, 123, 125, 132, 133, 134, 137, 140, 142, 150, 151, 160, 173, 179, 185, 190, 191, 192, 194, 197, 198]
x_56: [2, 4, 5, 7, 9, 12, 13, 15, 16, 18, 24, 26, 28, 29, 32, 33, 34, 35, 36, 43, 46, 47, 48, 50, 55, 133, 159, 154, 167, 19, 49, 106, 89, 135, 189, 128, 178, 31, 115, 85, 3, 58, 78, 172, 174, 72, 181, 131, 158, 42, 149, 80, 170, 69, 164, 151, 143, 116, 146, 64, 120, 111, 14, 37, 127, 93, 129, 75, 191, 97, 23, 145, 112, 176, 179, 60, 110, 125, 17, 152, 186, 137, 134, 53, 61, 62, 182, 107, 1, 57, 168, 40, 141, 140, 59, 86, 188, 25, 66, 71, 76, 83, 84, 87, 88, 90, 91, 96, 98, 99, 100, 101, 104, 109, 113, 114, 123, 124, 126, 136, 142, 144, 150, 153, 156, 160, 161, 171, 175, 183, 190, 197, 198, 200]
x_57: [2, 4, 6, 7, 9, 10, 12, 15, 22, 24, 25, 29, 32, 33, 35, 36, 37, 38, 42, 43, 47, 48, 49, 51, 52, 55, 56, 153, 11, 141, 16, 173, 118, 188, 163, 81, 80, 77, 190, 100, 79, 99, 124, 76, 31, 150, 176, 167, 3, 183, 28, 109, 19, 54, 162, 63, 121, 88, 74, 120, 179, 143, 147, 131, 119, 97, 8, 78, 185, 160, 116, 53, 107, 165, 156, 171, 102, 187, 64, 127, 75, 69, 122, 91, 194, 152, 178, 172, 193, 177, 115, 58, 61, 65, 67, 71, 73, 83, 90, 92, 98, 106, 108, 111, 112, 114, 123, 125, 130, 132, 140, 144, 154, 168, 169, 170, 175, 180, 192, 196, 197, 199, 200]
x_58: [4, 5, 7, 15, 19, 23, 24, 26, 28, 29, 33, 36, 37, 38, 41, 42, 45, 51, 56, 108, 16, 187, 46, 195, 180, 175, 99, 109, 96, 135, 18, 132, 183, 12, 150, 199, 55, 129, 140, 185, 120, 168, 80, 78, 122, 35, 6, 182, 116, 112, 172, 173, 149, 89, 94, 197, 70, 53, 119, 148, 176, 160, 107, 73, 71, 114, 17, 84, 115, 174, 74, 133, 59, 131, 82, 64, 40, 66, 106, 8, 110, 102, 22, 43, 155, 98, 57, 75, 101, 69, 3, 39, 31, 190, 111, 60, 61, 65, 77, 81, 83, 85, 88, 97, 100, 113, 118, 123, 124, 125, 127, 128, 138, 139, 147, 152, 154, 156, 157, 164, 166, 171, 186, 188, 191, 194, 196]
x_59: [1, 2, 3, 5, 9, 13, 17, 22, 25, 26, 28, 32, 33, 35, 36, 38, 42, 45, 46, 49, 51, 54, 55, 56, 58, 172, 78, 177, 108, 142, 16, 170, 191, 175, 39, 198, 43, 133, 125, 111, 29, 15, 92, 166, 82, 79, 10, 116, 89, 73, 144, 161, 68, 192, 71, 44, 74, 131, 87, 143, 23, 179, 34, 99, 83, 121, 75, 7, 194, 140, 164, 157, 146, 6, 139, 119, 159, 100, 148, 128, 91, 150, 105, 65, 162, 132, 107, 76, 24, 14, 109, 40, 90, 199, 117, 93, 152, 156, 85, 53, 155, 41, 21, 126, 145, 129, 114, 94, 134, 135, 122, 174, 37, 167, 178, 63, 118, 130, 141, 101, 176, 112, 72, 123, 97, 113, 61, 69, 77, 80, 84, 136, 153, 158, 165, 169, 171, 173, 180, 181, 185, 186, 187, 188, 197, 200]
x_60: [2, 7, 9, 10, 20, 21, 22, 23, 24, 26, 27, 29, 33, 34, 35, 36, 37, 38, 55, 56, 173, 16, 89, 182, 58, 171, 40, 74, 152, 199, 175, 146, 126, 85, 154, 163, 186, 17, 170, 159, 101, 172, 19, 1, 8, 141, 65, 54, 111, 87, 72, 91, 52, 176, 41, 105, 30, 109, 116, 86, 129, 3, 15, 197, 183, 18, 42, 117, 132, 84, 180, 76, 169, 80, 14, 12, 196, 160, 81, 28, 66, 168, 147, 127, 128, 50, 165, 61, 174, 45, 63, 158, 118, 51, 94, 167, 164, 44, 70, 25, 77, 97, 140, 78, 137, 31, 134, 198, 113, 103, 193, 102, 123, 178, 121, 95, 47, 133, 189, 67, 68, 69, 71, 79, 90, 92, 110, 112, 115, 119, 120, 130, 131, 136, 139, 150, 153, 177, 181, 184, 185, 190, 191, 195, 200]
x_61: [4, 8, 10, 12, 17, 18, 21, 25, 26, 27, 29, 30, 32, 37, 41, 47, 51, 52, 56, 60, 165, 58, 36, 111, 179, 192, 184, 94, 126, 59, 13, 63, 93, 11, 55, 85, 189, 105, 116, 114, 118, 169, 153, 191, 158, 168, 115, 96, 53, 175, 67, 34, 133, 195, 190, 28, 107, 84, 2, 99, 50, 78, 80, 200, 174, 64, 72, 79, 171, 180, 90, 187, 40, 178, 145, 193, 100, 117, 176, 154, 16, 22, 62, 44, 110, 97, 103, 151, 91, 141, 147, 74, 3, 70, 15, 172, 131, 123, 71, 14, 82, 181, 149, 144, 132, 57, 66, 68, 81, 86, 87, 101, 112, 121, 124, 128, 129, 130, 136, 138, 139, 142, 143, 148, 156, 157, 160, 161, 164, 182, 183, 186, 198, 199]
x_62: [5, 7, 9, 14, 15, 17, 18, 19, 23, 24, 25, 29, 30, 31, 35, 38, 40, 41, 42, 46, 56, 61, 66, 50, 81, 52, 190, 157, 43, 108, 145, 65, 156, 186, 34, 67, 180, 72, 147, 48, 117, 109, 79, 131, 36, 37, 106, 10, 120, 130, 192, 127, 133, 12, 100, 28, 177, 188, 76, 119, 168, 137, 110, 68, 154, 16, 75, 84, 8, 140, 78, 191, 134, 200, 21, 135, 94, 161, 39, 118, 104, 175, 73, 128, 143, 20, 136, 162, 53, 153, 179, 123, 69, 70, 71, 80, 83, 87, 89, 90, 91, 97, 98, 111, 112, 124, 138, 139, 144, 149, 150, 155, 158, 165, 171, 173, 182, 185, 197, 199]
x_63: [2, 6, 7, 9, 10, 11, 12, 17, 20, 21, 22, 23, 25, 26, 29, 30, 33, 35, 37, 50, 51, 55, 57, 59, 60, 61, 38, 197, 45, 180, 34, 109, 195, 92, 164, 190, 179, 80, 176, 65, 186, 93, 95, 105, 103, 122, 113, 84, 160, 106, 39, 123, 178, 110, 148, 121, 155, 13, 76, 136, 127, 89, 115, 166, 86, 200, 18, 175, 142, 145, 151, 94, 44, 108, 161, 78, 70, 158, 3, 168, 68, 125, 185, 101, 118, 83, 53, 189, 98, 32, 134, 135, 40, 16, 49, 181, 165, 67, 75, 112, 82, 104, 64, 77, 111, 90, 114, 191, 72, 71, 79, 81, 85, 87, 91, 97, 99, 100, 116, 119, 124, 129, 130, 140, 147, 150, 154, 159, 169, 170, 173, 183, 196, 198]
x_64: [3, 5, 6, 7, 8, 9, 13, 15, 17, 18, 21, 25, 26, 33, 34, 36, 39, 48, 53, 54, 56, 57, 58, 61, 63, 173, 96, 74, 186, 151, 28, 155, 188, 67, 86, 29, 103, 118, 76, 140, 72, 37, 127, 27, 97, 114, 81, 2, 120, 162, 68, 69, 71, 73, 75, 80, 84, 85, 99, 100, 102, 110, 111, 112, 117, 119, 124, 128, 133, 134, 136, 138, 139, 142, 143, 152, 156, 163, 170, 175, 178, 182, 187, 191, 194, 195, 197]
x_65: [4, 5, 6, 7, 10, 12, 13, 15, 17, 19, 22, 24, 25, 26, 35, 38, 41, 42, 43, 46, 47, 48, 52, 55, 59, 60, 62, 63, 81, 39, 53, 125, 44, 73, 89, 57, 166, 197, 180, 172, 54, 158, 16, 155, 117, 71, 174, 119, 121, 94, 110, 109, 18, 58, 84, 27, 99, 140, 184, 178, 128, 85, 37, 69, 120, 82, 21, 127, 153, 72, 187, 30, 182, 147, 34, 67, 70, 76, 77, 78, 87, 90, 97, 98, 101, 108, 111, 112, 113, 114, 122, 124, 130, 136, 139, 144, 152, 161, 165, 167, 168, 175, 177, 181, 183, 189, 191, 192, 195, 199]
x_66: [1, 3, 4, 7, 10, 12, 13, 14, 15, 17, 18, 20, 23, 26, 33, 37, 41, 42, 43, 45, 47, 48, 56, 58, 60, 62, 24, 191, 38, 98, 25, 109, 188, 143, 144, 174, 159, 29, 21, 166, 85, 32, 150, 165, 96, 107, 175, 102, 106, 116, 77, 200, 112, 113, 160, 140, 156, 35, 118, 155, 123, 100, 28, 86, 72, 161, 68, 169, 2, 84, 87, 11, 108, 5, 111, 141, 145, 103, 8, 130, 125, 167, 81, 74, 157, 36, 146, 142, 195, 151, 61, 186, 51, 55, 126, 94, 121, 67, 69, 73, 76, 78, 82, 90, 92, 93, 99, 101, 105, 110, 115, 128, 133, 138, 152, 154, 162, 172, 176, 179, 181, 183, 190, 196, 199]
x_67: [4, 5, 7, 8, 9, 10, 12, 13, 18, 21, 23, 32, 34, 35, 36, 37, 41, 46, 47, 48, 50, 61, 62, 63, 64, 110, 136, 1, 108, 182, 98, 69, 159, 197, 135, 83, 28, 132, 199, 66, 134, 120, 146, 196, 141, 95, 65, 189, 192, 191, 24, 183, 90, 104, 114, 94, 174, 130, 113, 128, 97, 138, 125, 60, 27, 6, 20, 184, 178, 122, 38, 118, 190, 43, 161, 72, 194, 75, 167, 140, 142, 117, 153, 73, 3, 78, 121, 39, 51, 79, 19, 44, 101, 151, 102, 175, 92, 155, 139, 160, 33, 99, 87, 88, 49, 55, 2, 15, 166, 57, 193, 165, 29, 52, 112, 14, 115, 129, 74, 149, 158, 68, 70, 80, 81, 82, 86, 116, 127, 131, 133, 137, 150, 154, 172, 173, 181, 185, 186, 188, 195, 198]
x_68: [8, 9, 13, 16, 21, 24, 26, 27, 33, 34, 35, 38, 40, 46, 48, 54, 59, 62, 63, 66, 14, 30, 116, 126, 132, 82, 29, 172, 79, 39, 69, 164, 108, 5, 2, 95, 129, 15, 84, 41, 11, 67, 64, 186, 75, 124, 185, 154, 166, 128, 87, 151, 23, 52, 45, 90, 184, 192, 37, 93, 50, 119, 97, 115, 89, 158, 60, 25, 61, 188, 80, 134, 32, 153, 143, 73, 199, 162, 43, 105, 55, 51, 112, 19, 98, 147, 78, 155, 131, 123, 99, 31, 28, 169, 117, 102, 86, 161, 12, 170, 104, 83, 53, 96, 121, 70, 71, 81, 85, 91, 100, 101, 110, 111, 113, 114, 125, 127, 130, 133, 135, 137, 139, 144, 152, 157, 165, 167, 168, 171, 182, 189, 190, 191, 194, 195, 197, 200]
x_69: [1, 3, 4, 5, 6, 7, 8, 9, 10, 12, 13, 14, 15, 17, 20, 21, 22, 23, 24, 26, 30, 32, 33, 35, 36, 37, 38, 41, 48, 50, 52, 56, 57, 58, 65, 67, 68, 182, 118, 117, 128, 131, 194, 55, 72, 66, 158, 40, 73, 31, 82, 88, 81, 51, 195, 107, 108, 200, 132, 137, 100, 99, 101, 89, 159, 133, 102, 155, 188, 169, 196, 176, 134, 60, 125, 122, 97, 198, 183, 143, 136, 135, 179, 189, 98, 190, 44, 157, 105, 181, 123, 104, 145, 87, 174, 92, 171, 62, 193, 175, 103, 160, 187, 64, 49, 146, 28, 54, 86, 138, 184, 93, 90, 112, 59, 199, 19, 120, 161, 95, 119, 70, 71, 80, 83, 85, 91, 94, 96, 106, 111, 114, 121, 139, 140, 141, 142, 144, 150, 153, 165, 168, 172, 180, 185, 186, 191, 197]
x_70: [3, 7, 8, 9, 10, 11, 13, 14, 15, 16, 17, 20, 26, 28, 33, 36, 37, 38, 39, 40, 43, 52, 53, 54, 58, 60, 61, 63, 108, 97, 200, 68, 19, 118, 120, 171, 181, 178, 4, 136, 93, 109, 90, 85, 113, 134, 193, 184, 195, 62, 94, 145, 48, 114, 92, 95, 179, 180, 172, 47, 100, 137, 91, 89, 170, 142, 147, 105, 78, 131, 67, 22, 27, 143, 69, 191, 80, 55, 110, 150, 72, 24, 107, 101, 175, 130, 74, 75, 155, 125, 106, 124, 32, 132, 146, 140, 21, 83, 50, 34, 176, 121, 127, 177, 112, 123, 76, 156, 65, 163, 31, 153, 161, 144, 159, 139, 71, 81, 84, 98, 133, 135, 138, 149, 152, 154, 164, 167, 173, 183, 185, 186, 190, 198, 199]
x_71: [5, 7, 8, 10, 13, 15, 17, 20, 21, 24, 25, 26, 29, 32, 37, 41, 42, 45, 48, 50, 55, 58, 59, 61, 65, 144, 39, 6, 193, 98, 11, 34, 86, 172, 99, 143, 19, 155, 200, 116, 79, 84, 53, 110, 124, 195, 2, 167, 170, 161, 27, 78, 188, 57, 146, 148, 97, 4, 101, 168, 151, 63, 108, 135, 115, 142, 80, 130, 197, 9, 127, 125, 160, 95, 141, 30, 69, 139, 128, 38, 81, 103, 114, 70, 156, 118, 152, 181, 102, 173, 159, 22, 56, 64, 157, 89, 111, 196, 60, 166, 85, 62, 186, 52, 136, 131, 16, 77, 164, 182, 175, 90, 109, 96, 1, 149, 46, 47, 68, 94, 198, 105, 169, 49, 107, 147, 12, 44, 150, 54, 75, 93, 171, 132, 100, 106, 112, 121, 133, 137, 138, 154, 165, 174, 180, 183, 185, 189, 190, 199]
x_72: [3, 5, 7, 8, 10, 12, 13, 14, 15, 18, 19, 21, 26, 28, 30, 36, 37, 40, 41, 46, 48, 50, 54, 56, 59, 60, 61, 62, 63, 64, 65, 66, 67, 69, 70, 128, 166, 23, 115, 47, 200, 74, 90, 114, 147, 181, 188, 167, 192, 111, 189, 183, 184, 93, 126, 106, 52, 118, 132, 174, 136, 81, 76, 77, 82, 84, 91, 97, 98, 101, 103, 104, 108, 110, 116, 120, 121, 123, 130, 131, 133, 141, 143, 145, 152, 153, 157, 164, 171, 172, 173, 177, 178, 182, 185, 191, 194, 199]
x_73: [2, 4, 7, 8, 10, 12, 13, 21, 26, 27, 32, 33, 34, 36, 45, 47, 51, 52, 58, 59, 62, 65, 67, 68, 69, 57, 139, 40, 109, 140, 19, 195, 107, 110, 132, 98, 154, 118, 25, 16, 101, 54, 180, 55, 111, 135, 191, 131, 184, 158, 155, 121, 193, 96, 164, 97, 163, 174, 196, 76, 95, 81, 46, 108, 170, 64, 49, 20, 22, 66, 175, 190, 127, 165, 80, 82, 85, 90, 91, 94, 100, 112, 113, 114, 123, 124, 125, 128, 130, 137, 138, 145, 147, 151, 152, 153, 157, 160, 162, 168, 169, 172, 178, 181, 182, 189, 192, 194, 197, 198, 199, 200]
x_74: [10, 13, 17, 19, 21, 22, 24, 25, 29, 30, 33, 35, 37, 38, 41, 46, 48, 50, 57, 58, 59, 60, 61, 64, 66, 67, 70, 72, 101, 89, 103, 119, 107, 53, 14, 76, 77, 78, 81, 84, 86, 88, 90, 94, 106, 108, 109, 110, 125, 130, 138, 142, 148, 150, 153, 154, 155, 159, 167, 168, 170, 171, 174, 175, 180, 182, 185, 188, 192, 195, 200]
x_75: [2, 3, 4, 6, 8, 11, 16, 20, 24, 26, 28, 33, 35, 38, 41, 46, 48, 54, 56, 57, 58, 59, 62, 63, 67, 68, 70, 71, 37, 87, 169, 191, 139, 174, 76, 157, 149, 116, 109, 173, 78, 96, 189, 81, 117, 101, 85, 10, 200, 199, 175, 25, 161, 64, 91, 184, 129, 115, 80, 82, 86, 88, 89, 90, 94, 100, 108, 111, 118, 123, 126, 127, 128, 131, 133, 136, 137, 147, 150, 152, 158, 160, 164, 167, 179, 180, 181, 183, 185, 186, 187, 194, 195, 196]
x_76: [2, 4, 5, 6, 7, 8, 13, 16, 17, 23, 24, 26, 29, 32, 33, 34, 35, 37, 41, 42, 45, 46, 57, 59, 60, 62, 63, 64, 70, 73, 75, 103, 65, 107, 81, 82, 18, 53, 99, 54, 158, 131, 142, 174, 164, 120, 55, 36, 98, 198, 133, 151, 186, 195, 124, 140, 21, 194, 91, 15, 145, 118, 128, 52, 187, 49, 155, 88, 51, 123, 72, 191, 141, 130, 136, 40, 50, 3, 79, 108, 178, 19, 48, 166, 97, 38, 74, 44, 77, 171, 115, 160, 180, 14, 156, 84, 92, 169, 197, 12, 173, 102, 127, 80, 47, 11, 119, 89, 159, 132, 139, 56, 200, 172, 66, 137, 86, 162, 114, 126, 181, 125, 109, 100, 144, 177, 152, 190, 179, 165, 93, 121, 157, 182, 9, 110, 104, 27, 78, 85, 87, 90, 96, 111, 113, 122, 138, 147, 161, 168, 170, 185, 188, 189, 199]
x_77: [4, 6, 7, 11, 12, 13, 15, 19, 20, 23, 32, 36, 38, 41, 46, 47, 51, 52, 57, 60, 63, 66, 71, 76, 28, 53, 110, 171, 74, 127, 194, 72, 79, 29, 162, 120, 81, 80, 151, 139, 87, 10, 119, 129, 186, 136, 58, 1, 117, 17, 91, 65, 178, 180, 167, 130, 96, 88, 103, 200, 14, 84, 42, 154, 59, 123, 160, 82, 83, 85, 94, 98, 99, 101, 104, 108, 111, 112, 113, 116, 121, 124, 128, 131, 132, 133, 135, 137, 140, 141, 142, 144, 147, 149, 152, 153, 157, 158, 165, 168, 172, 173, 175, 176, 182, 188, 189, 190, 195]
x_78: [2, 6, 8, 10, 11, 12, 13, 15, 21, 23, 24, 25, 26, 27, 28, 30, 32, 35, 36, 46, 48, 56, 57, 58, 59, 60, 61, 62, 63, 67, 68, 70, 71, 75, 76, 140, 102, 29, 80, 195, 157, 118, 42, 151, 112, 126, 164, 190, 17, 143, 180, 137, 123, 147, 154, 138, 34, 106, 176, 119, 66, 146, 90, 142, 86, 133, 94, 9, 47, 110, 128, 162, 96, 169, 65, 186, 191, 194, 158, 132, 198, 124, 181, 173, 136, 141, 51, 149, 134, 87, 74, 155, 152, 168, 44, 38, 175, 185, 111, 81, 163, 182, 52, 156, 200, 120, 171, 1, 196, 5, 20, 100, 93, 49, 82, 84, 89, 91, 97, 98, 99, 101, 108, 116, 139, 144, 161, 170, 174, 178, 179, 187, 189]
x_79: [2, 4, 5, 6, 8, 9, 12, 13, 14, 15, 16, 23, 26, 27, 32, 34, 35, 42, 46, 47, 48, 52, 53, 57, 59, 61, 62, 67, 68, 71, 76, 77, 110, 63, 101, 29, 95, 96, 142, 154, 98, 134, 164, 25, 191, 82, 126, 162, 1, 120, 104, 144, 21, 111, 151, 97, 89, 132, 60, 102, 128, 105, 84, 85, 87, 88, 90, 94, 109, 112, 114, 116, 123, 131, 137, 138, 140, 143, 147, 149, 152, 157, 158, 168, 174, 175, 177, 180, 181, 182, 183, 187, 190, 197, 200]
x_80: [4, 7, 8, 9, 18, 23, 24, 25, 26, 27, 32, 33, 34, 35, 37, 46, 50, 51, 54, 55, 56, 57, 58, 60, 61, 63, 68, 70, 71, 76, 77, 78, 110, 151, 41, 177, 38, 85, 49, 126, 106, 81, 194, 198, 2, 94, 96, 93, 187, 21, 193, 99, 184, 166, 10, 13, 188, 86, 11, 36, 62, 82, 114, 105, 152, 47, 118, 147, 161, 192, 107, 169, 75, 132, 15, 19, 155, 135, 199, 139, 182, 109, 69, 178, 121, 144, 113, 120, 149, 159, 145, 88, 28, 59, 200, 12, 30, 53, 168, 101, 104, 163, 165, 125, 40, 176, 190, 92, 172, 6, 124, 164, 16, 64, 157, 73, 45, 130, 156, 67, 179, 134, 173, 140, 129, 180, 171, 84, 87, 89, 90, 91, 97, 100, 112, 115, 127, 128, 137, 138, 142, 158, 170, 181, 185, 191, 195, 196, 197]
x_81: [5, 6, 7, 10, 11, 13, 15, 17, 20, 21, 22, 24, 25, 26, 27, 28, 29, 35, 40, 41, 51, 52, 57, 60, 62, 64, 65, 66, 69, 71, 72, 73, 75, 76, 77, 78, 80, 158, 137, 1, 16, 18, 194, 139, 93, 123, 176, 135, 166, 173, 118, 117, 146, 92, 115, 89, 45, 46, 147, 2, 148, 102, 50, 172, 58, 125, 32, 90, 126, 153, 185, 160, 175, 129, 23, 159, 30, 83, 138, 113, 190, 149, 74, 130, 119, 151, 39, 150, 70, 171, 9, 184, 34, 168, 198, 187, 68, 112, 63, 100, 19, 103, 33, 197, 61, 87, 67, 98, 105, 199, 131, 120, 101, 145, 97, 165, 14, 132, 84, 48, 179, 54, 186, 55, 170, 85, 182, 114, 42, 156, 141, 136, 152, 140, 128, 31, 116, 43, 82, 124, 127, 133, 155, 157, 174, 180, 181, 183, 188, 191, 195, 200]
x_82: [1, 5, 6, 7, 9, 10, 11, 15, 18, 21, 24, 26, 28, 29, 31, 36, 37, 38, 41, 42, 46, 52, 58, 59, 61, 63, 65, 68, 69, 76, 79, 80, 84, 134, 183, 97, 149, 25, 116, 196, 23, 122, 148, 132, 78, 86, 155, 175, 99, 111, 40, 129, 145, 115, 66, 105, 190, 139, 143, 181, 32, 140, 89, 20, 101, 173, 121, 123, 192, 172, 166, 165, 103, 67, 102, 4, 174, 138, 34, 19, 128, 104, 54, 198, 177, 184, 119, 51, 163, 112, 72, 199, 12, 125, 108, 153, 191, 49, 130, 73, 141, 106, 182, 120, 77, 167, 150, 75, 158, 135, 200, 193, 180, 162, 127, 13, 88, 47, 81, 152, 147, 154, 98, 85, 90, 100, 118, 124, 131, 142, 144, 168, 176, 186, 189, 194, 197]
x_83: [4, 8, 9, 15, 26, 28, 29, 32, 33, 36, 41, 46, 48, 49, 59, 63, 67, 68, 70, 81, 189, 135, 37, 141, 197, 27, 107, 142, 99, 58, 143, 3, 153, 147, 144, 105, 100, 162, 171, 56, 34, 112, 146, 185, 77, 45, 91, 121, 128, 42, 151, 69, 164, 180, 62, 19, 184, 131, 84, 168, 157, 57, 199, 119, 92, 85, 90, 96, 97, 98, 101, 104, 106, 111, 113, 120, 125, 133, 134, 138, 139, 148, 154, 155, 156, 172, 173, 174, 175, 181, 182, 183, 187, 190, 195, 200]
x_84: [4, 6, 7, 10, 11, 15, 21, 22, 23, 24, 25, 26, 27, 29, 32, 34, 37, 41, 43, 51, 52, 55, 58, 60, 61, 62, 63, 65, 66, 68, 71, 76, 77, 81, 82, 83, 64, 78, 189, 109, 115, 127, 192, 14, 45, 144, 97, 171, 175, 128, 168, 186, 79, 72, 92, 136, 191, 187, 95, 194, 110, 180, 94, 91, 183, 17, 174, 137, 170, 169, 176, 80, 12, 146, 133, 99, 1, 147, 46, 119, 28, 56, 96, 18, 132, 36, 103, 48, 113, 156, 70, 181, 123, 47, 39, 31, 166, 35, 20, 164, 102, 42, 74, 13, 155, 2, 153, 179, 163, 114, 178, 50, 158, 87, 159, 157, 3, 185, 129, 120, 154, 184, 140, 93, 134, 5, 116, 9, 106, 33, 173, 125, 130, 59, 44, 141, 111, 86, 89, 98, 100, 101, 105, 122, 131, 138, 139, 149, 150, 152, 160, 161, 182, 197, 199]
x_85: [3, 9, 10, 11, 15, 17, 23, 24, 27, 28, 29, 30, 38, 42, 45, 52, 54, 55, 56, 59, 60, 61, 65, 66, 70, 71, 75, 80, 81, 63, 69, 89, 193, 196, 163, 154, 138, 76, 152, 140, 79, 143, 46, 190, 33, 106, 82, 73, 6, 200, 166, 137, 64, 8, 123, 13, 53, 103, 26, 113, 182, 162, 104, 127, 142, 194, 115, 174, 164, 50, 167, 155, 68, 2, 18, 171, 99, 5, 49, 130, 86, 145, 197, 144, 116, 98, 131, 102, 16, 91, 187, 51, 118, 121, 141, 31, 83, 183, 77, 110, 188, 180, 41, 151, 176, 150, 96, 169, 177, 93, 109, 58, 133, 153, 159, 120, 22, 87, 92, 97, 100, 108, 111, 114, 125, 128, 135, 136, 139, 146, 157, 158, 168, 170, 179, 185, 191, 192, 199]
x_86: [2, 4, 6, 8, 13, 16, 17, 21, 22, 23, 24, 25, 28, 29, 33, 37, 46, 48, 51, 52, 56, 60, 63, 64, 66, 68, 69, 71, 76, 78, 80, 82, 85, 103, 193, 49, 168, 175, 126, 147, 172, 173, 92, 153, 97, 139, 130, 152, 61, 99, 158, 42, 101, 26, 14, 55, 89, 47, 45, 75, 145, 30, 166, 198, 108, 74, 41, 38, 149, 35, 156, 84, 141, 32, 169, 127, 160, 180, 11, 184, 155, 50, 167, 109, 150, 146, 181, 1, 164, 177, 129, 98, 104, 87, 67, 113, 119, 121, 197, 96, 100, 106, 110, 114, 116, 124, 125, 128, 131, 133, 138, 142, 154, 171, 178, 182, 183, 186, 187, 188, 194, 199]
x_87: [4, 5, 7, 8, 11, 12, 13, 14, 18, 21, 23, 24, 26, 27, 35, 36, 37, 38, 39, 45, 47, 48, 52, 59, 60, 66, 67, 68, 69, 75, 77, 78, 81, 84, 86, 182, 32, 143, 80, 106, 76, 191, 92, 167, 180, 34, 172, 153, 193, 56, 139, 165, 111, 194, 137, 171, 162, 61, 145, 170, 190, 195, 115, 65, 164, 181, 15, 155, 63, 10, 91, 44, 50, 49, 166, 157, 130, 184, 161, 133, 3, 174, 105, 127, 200, 16, 62, 134, 28, 110, 46, 9, 132, 159, 99, 79, 118, 88, 113, 128, 122, 186, 168, 42, 112, 135, 85, 146, 40, 51, 89, 90, 96, 97, 98, 100, 114, 116, 123, 124, 125, 141, 147, 152, 156, 158, 173, 178, 183, 185, 188, 189, 198, 199]
x_88: [4, 10, 12, 15, 17, 21, 23, 24, 25, 26, 27, 28, 29, 30, 32, 37, 39, 42, 44, 45, 47, 57, 67, 69, 76, 77, 80, 82, 87, 140, 157, 187, 120, 46, 58, 132, 16, 158, 43, 106, 117, 192, 150, 165, 185, 1, 51, 146, 159, 102, 19, 181, 135, 103, 2, 177, 54, 168, 100, 9, 154, 20, 52, 90, 91, 179, 11, 166, 110, 152, 79, 112, 167, 130, 35, 169, 56, 113, 41, 141, 74, 133, 189, 119, 190, 171, 48, 147, 101, 50, 182, 75, 31, 144, 124, 14, 143, 99, 92, 94, 97, 116, 118, 138, 139, 142, 148, 149, 155, 173, 176, 180, 183, 186, 188, 194, 196, 197]
x_89: [2, 3, 4, 11, 13, 15, 17, 24, 29, 34, 36, 37, 38, 41, 42, 43, 45, 46, 49, 53, 55, 56, 58, 59, 60, 63, 65, 68, 69, 70, 71, 74, 76, 79, 81, 82, 85, 86, 149, 84, 186, 113, 33, 80, 118, 137, 30, 152, 32, 166, 21, 110, 111, 131, 22, 109, 92, 144, 151, 44, 180, 148, 127, 128, 184, 167, 181, 156, 130, 196, 107, 193, 119, 120, 62, 54, 138, 50, 16, 189, 114, 115, 171, 75, 140, 78, 48, 136, 169, 105, 195, 108, 87, 199, 40, 143, 191, 192, 162, 160, 174, 8, 133, 9, 176, 154, 5, 94, 103, 96, 98, 100, 106, 116, 117, 125, 142, 153, 157, 164, 168, 173, 178, 179, 183, 185, 188, 197, 198, 200]
x_90: [7, 8, 10, 19, 25, 26, 28, 29, 30, 35, 36, 38, 41, 54, 59, 61, 63, 67, 68, 69, 70, 71, 72, 78, 81, 88, 173, 145, 127, 184, 143, 163, 32, 129, 192, 74, 76, 135, 196, 16, 15, 24, 95, 92, 172, 130, 116, 182, 9, 142, 87, 197, 126, 195, 194, 18, 105, 98, 121, 42, 158, 106, 118, 112, 57, 117, 199, 132, 162, 21, 189, 102, 49, 52, 159, 161, 37, 91, 175, 65, 62, 82, 80, 5, 66, 167, 181, 22, 191, 4, 109, 179, 40, 60, 153, 96, 99, 2, 140, 186, 45, 31, 50, 187, 11, 188, 185, 120, 56, 183, 17, 97, 147, 101, 75, 44, 150, 93, 73, 152, 14, 139, 79, 133, 83, 43, 39, 138, 170, 157, 169, 94, 100, 111, 114, 124, 125, 128, 131, 136, 148, 149, 154, 156, 160, 168, 171, 180, 190, 198, 200]
x_91: [2, 7, 8, 10, 11, 12, 13, 15, 21, 22, 25, 26, 27, 32, 33, 34, 36, 38, 41, 45, 46, 51, 54, 55, 57, 59, 60, 61, 70, 75, 76, 77, 83, 84, 85, 87, 88, 90, 109, 68, 129, 161, 160, 171, 165, 94, 80, 114, 115, 117, 144, 106, 1, 148, 158, 47, 19, 29, 62, 93, 170, 39, 72, 198, 172, 187, 175, 126, 141, 31, 48, 128, 176, 131, 24, 104, 16, 147, 188, 78, 3, 162, 153, 118, 63, 189, 56, 184, 142, 149, 178, 173, 96, 116, 9, 177, 181, 98, 166, 69, 197, 135, 185, 73, 195, 92, 97, 99, 100, 101, 111, 112, 124, 127, 134, 137, 138, 139, 154, 155, 179, 190, 191, 194, 199]
x_92: [3, 5, 6, 8, 9, 17, 19, 23, 25, 26, 27, 29, 33, 34, 36, 38, 42, 48, 50, 52, 55, 59, 63, 67, 69, 70, 76, 80, 81, 83, 84, 86, 87, 88, 89, 90, 10, 152, 28, 123, 39, 195, 66, 30, 143, 22, 174, 85, 60, 113, 145, 197, 183, 172, 146, 188, 147, 141, 4, 192, 140, 168, 193, 95, 153, 144, 44, 161, 126, 142, 43, 93, 148, 130, 94, 177, 196, 110, 128, 121, 105, 20, 53, 180, 155, 151, 182, 16, 91, 57, 198, 194, 157, 107, 97, 98, 100, 106, 111, 112, 116, 118, 125, 137, 138, 149, 158, 159, 160, 165, 167, 186, 190, 199, 200]
x_93: [5, 8, 9, 12, 15, 16, 18, 21, 22, 23, 26, 29, 30, 32, 48, 54, 56, 59, 61, 63, 68, 69, 70, 71, 72, 76, 78, 80, 81, 84, 85, 90, 91, 92, 14, 172, 111, 196, 186, 151, 193, 170, 149, 96, 179, 19, 27, 46, 100, 120, 41, 187, 45, 108, 181, 121, 49, 7, 129, 192, 51, 171, 165, 47, 153, 190, 157, 159, 116, 66, 103, 191, 55, 106, 162, 126, 113, 173, 50, 24, 98, 178, 94, 133, 175, 118, 136, 174, 143, 177, 2, 109, 95, 156, 97, 99, 104, 112, 114, 115, 117, 123, 124, 125, 127, 131, 135, 139, 141, 142, 150, 154, 158, 161, 168, 182, 183, 185, 200]
x_94: [2, 3, 5, 12, 16, 22, 23, 25, 26, 27, 30, 33, 42, 43, 48, 52, 58, 59, 60, 61, 62, 63, 65, 66, 67, 70, 71, 78, 80, 84, 89, 91, 92, 93, 183, 191, 185, 29, 188, 142, 196, 10, 164, 54, 199, 88, 20, 111, 181, 172, 15, 145, 38, 133, 79, 19, 114, 123, 147, 1, 137, 8, 51, 153, 24, 150, 100, 106, 131, 168, 97, 171, 146, 113, 73, 132, 49, 36, 138, 162, 77, 139, 187, 125, 90, 102, 184, 170, 9, 127, 176, 101, 40, 149, 189, 47, 18, 190, 144, 50, 134, 197, 179, 151, 107, 45, 105, 152, 198, 96, 157, 193, 75, 74, 129, 69, 53, 120, 98, 104, 112, 116, 117, 118, 130, 154, 158, 160, 165, 167, 173, 178, 186, 194, 195]
x_95: [2, 4, 7, 8, 10, 11, 12, 13, 14, 17, 21, 23, 25, 26, 27, 30, 32, 34, 36, 39, 45, 51, 55, 60, 63, 67, 68, 69, 70, 71, 73, 79, 84, 90, 92, 93, 198, 185, 173, 164, 167, 18, 96, 98, 100, 103, 106, 108, 110, 111, 112, 114, 123, 124, 125, 126, 127, 128, 132, 133, 137, 139, 140, 144, 145, 147, 152, 153, 156, 158, 165, 166, 171, 177, 180, 181, 183, 187, 188, 191, 192, 193, 194]
x_96: [2, 7, 8, 13, 15, 16, 20, 22, 24, 26, 27, 28, 30, 32, 37, 42, 50, 51, 52, 58, 61, 64, 66, 68, 71, 73, 75, 77, 78, 79, 80, 84, 85, 90, 91, 93, 94, 35, 125, 119, 158, 100, 175, 14, 107, 44, 117, 12, 40, 129, 168, 167, 49, 54, 161, 180, 55, 33, 5, 97, 193, 104, 157, 95, 86, 39, 83, 137, 177, 87, 162, 197, 196, 4, 186, 176, 160, 135, 106, 156, 29, 133, 112, 118, 56, 142, 1, 187, 76, 108, 17, 89, 150, 103, 169, 69, 34, 53, 115, 146, 178, 9, 136, 182, 170, 166, 3, 141, 131, 165, 152, 153, 181, 183, 98, 99, 101, 111, 114, 116, 121, 124, 126, 128, 132, 134, 139, 144, 147, 148, 149, 151, 154, 164, 172, 174, 188, 194, 195, 198, 199, 200]
x_97: [4, 5, 7, 8, 10, 17, 18, 20, 23, 26, 29, 34, 36, 37, 38, 41, 42, 47, 48, 49, 51, 56, 57, 59, 60, 61, 64, 67, 68, 69, 70, 71, 73, 76, 79, 81, 82, 84, 86, 90, 94, 96, 169, 55, 63, 22, 168, 43, 177, 78, 24, 21, 178, 54, 191, 116, 193, 199, 93, 45, 150, 197, 62, 109, 136, 137, 198, 16, 139, 174, 12, 72, 2, 143, 123, 107, 50, 152, 91, 182, 129, 155, 170, 195, 190, 149, 125, 131, 83, 130, 166, 157, 110, 13, 80, 158, 108, 165, 99, 85, 148, 181, 146, 113, 58, 142, 65, 87, 11, 185, 32, 186, 122, 180, 31, 98, 134, 189, 115, 188, 128, 88, 145, 127, 176, 160, 200, 192, 196, 19, 162, 9, 46, 92, 112, 175, 104, 194, 135, 119, 159, 100, 106, 111, 121, 138, 141, 147, 153, 154, 167, 171, 173, 183, 187]
x_98: [1, 4, 7, 8, 10, 11, 12, 15, 16, 19, 23, 25, 27, 31, 33, 34, 36, 38, 46, 47, 48, 51, 52, 58, 63, 66, 67, 68, 69, 71, 73, 76, 79, 81, 82, 85, 86, 90, 91, 93, 97, 157, 198, 145, 83, 42, 174, 139, 147, 160, 62, 50, 43, 9, 37, 112, 14, 184, 115, 110, 56, 41, 140, 92, 189, 45, 18, 96, 13, 133, 176, 40, 185, 154, 124, 166, 120, 162, 199, 107, 5, 3, 197, 95, 53, 116, 181, 57, 77, 144, 137, 187, 35, 146, 182, 26, 161, 119, 170, 128, 6, 123, 117, 89, 106, 32, 28, 169, 84, 99, 130, 114, 171, 194, 156, 72, 78, 122, 39, 153, 30, 100, 173, 138, 135, 150, 2, 136, 163, 94, 186, 55, 158, 129, 70, 165, 102, 127, 126, 29, 180, 65, 87, 132, 142, 167, 188, 190, 192, 196, 200]
x_99: [3, 4, 7, 8, 10, 13, 17, 19, 20, 21, 23, 25, 27, 29, 30, 35, 36, 37, 38, 40, 42, 46, 49, 52, 53, 57, 58, 59, 61, 65, 67, 68, 69, 71, 76, 80, 82, 83, 84, 85, 86, 87, 88, 90, 97, 98, 137, 41, 182, 125, 189, 96, 66, 177, 196, 77, 124, 45, 170, 78, 134, 63, 190, 100, 32, 180, 26, 176, 93, 28, 116, 140, 115, 150, 112, 135, 154, 120, 121, 122, 161, 18, 127, 111, 22, 188, 130, 11, 168, 1, 192, 136, 183, 105, 186, 158, 110, 126, 199, 166, 101, 171, 146, 165, 143, 44, 197, 104, 56, 191, 187, 141, 164, 153, 181, 5, 185, 106, 91, 48, 152, 55, 160, 159, 139, 155, 31, 12, 193, 162, 175, 174, 117, 144, 195, 64, 107, 108, 43, 113, 114, 119, 123, 128, 132, 138, 142, 147, 148, 149, 156, 157, 169, 173, 178, 194, 200]
x_100: [1, 4, 5, 8, 10, 11, 13, 18, 27, 28, 29, 33, 36, 38, 41, 46, 48, 51, 55, 57, 59, 61, 62, 66, 69, 70, 76, 78, 81, 83, 88, 93, 94, 96, 98, 99, 182, 44, 95, 64, 170, 150, 183, 187, 108, 168, 84, 151, 161, 63, 124, 73, 165, 133, 130, 184, 146, 194, 129, 58, 193, 42, 17, 145, 117, 97, 6, 179, 25, 189, 15, 9, 144, 157, 128, 119, 186, 7, 127, 68, 71, 188, 123, 31, 23, 80, 162, 112, 135, 40, 178, 75, 53, 26, 90, 196, 92, 191, 163, 86, 155, 176, 181, 20, 118, 120, 85, 175, 200, 134, 131, 43, 180, 111, 164, 3, 56, 199, 82, 89, 101, 52, 54, 87, 103, 2, 91, 114, 174, 156, 149, 173, 122, 125, 105, 116, 121, 126, 137, 143, 153, 154, 158, 160, 172, 190, 197]
x_101: [2, 5, 7, 9, 11, 13, 15, 17, 19, 21, 22, 24, 30, 31, 32, 34, 36, 37, 41, 45, 48, 50, 51, 52, 54, 55, 58, 59, 60, 63, 67, 69, 70, 71, 73, 74, 75, 79, 80, 81, 82, 86, 88, 90, 94, 99, 100, 16, 129, 119, 165, 78, 166, 42, 116, 139, 186, 49, 145, 154, 123, 4, 163, 190, 199, 68, 142, 20, 194, 12, 146, 179, 10, 122, 196, 56, 102, 83, 77, 125, 160, 132, 66, 182, 155, 104, 128, 143, 61, 105, 115, 184, 1, 177, 91, 28, 121, 14, 172, 46, 130, 53, 135, 147, 38, 152, 192, 84, 149, 195, 198, 124, 44, 133, 106, 150, 144, 47, 26, 187, 148, 29, 72, 103, 27, 96, 120, 65, 188, 6, 178, 111, 112, 114, 118, 138, 140, 153, 161, 167, 168, 169, 180, 181, 183, 191, 197, 200]
x_102: [4, 7, 8, 9, 10, 17, 18, 19, 20, 21, 23, 25, 26, 27, 28, 29, 32, 36, 37, 38, 39, 40, 41, 45, 47, 48, 54, 57, 58, 60, 66, 67, 68, 69, 71, 76, 78, 79, 81, 82, 84, 85, 88, 90, 94, 98, 101, 64, 141, 33, 103, 104, 109, 111, 112, 113, 117, 120, 121, 126, 127, 133, 137, 138, 140, 147, 150, 152, 153, 154, 158, 160, 162, 164, 165, 167, 169, 174, 178, 179, 180, 182, 184, 185, 186, 188, 189, 194, 195, 197, 199, 200]
x_103: [4, 5, 6, 7, 8, 9, 10, 13, 15, 17, 20, 21, 27, 28, 30, 32, 33, 35, 37, 38, 40, 45, 47, 52, 54, 60, 61, 63, 64, 66, 69, 71, 74, 76, 77, 81, 82, 84, 85, 86, 88, 89, 93, 96, 100, 101, 102, 25, 14, 158, 95, 72, 185, 111, 112, 113, 123, 125, 130, 133, 135, 138, 142, 147, 148, 150, 154, 160, 164, 169, 170, 174, 179, 188, 191, 193, 194, 195, 198, 200]
x_104: [2, 8, 9, 12, 15, 16, 17, 19, 21, 26, 36, 41, 43, 45, 47, 48, 52, 62, 63, 67, 68, 69, 76, 79, 80, 82, 85, 86, 91, 96, 97, 99, 101, 138, 191, 156, 40, 123, 106, 113, 184, 4, 161, 112, 77, 125, 14, 185, 109, 162, 7, 44, 72, 93, 18, 38, 157, 179, 102, 139, 150, 181, 194, 136, 196, 83, 94, 37, 158, 54, 107, 56, 27, 193, 163, 6, 22, 117, 146, 105, 110, 111, 128, 132, 134, 135, 144, 147, 149, 153, 154, 155, 172, 180, 182, 183, 186, 188, 190, 195, 199]
x_105: [4, 7, 8, 11, 12, 13, 14, 17, 23, 24, 25, 28, 29, 31, 34, 36, 41, 42, 52, 59, 60, 61, 63, 68, 69, 70, 71, 79, 80, 81, 82, 83, 87, 89, 90, 92, 94, 99, 101, 135, 143, 162, 45, 47, 189, 107, 20, 119, 1, 124, 198, 166, 104, 188, 37, 150, 154, 100, 84, 49, 136, 200, 163, 137, 26, 113, 53, 149, 176, 117, 39, 66, 51, 179, 126, 139, 106, 111, 116, 127, 129, 131, 133, 138, 142, 144, 151, 153, 156, 158, 164, 169, 174, 178, 183, 185, 186, 191, 193, 194, 197, 199]
x_106: [3, 5, 7, 8, 10, 12, 13, 14, 20, 21, 30, 32, 34, 36, 37, 38, 41, 45, 53, 56, 58, 62, 63, 66, 70, 72, 78, 80, 82, 84, 85, 87, 88, 90, 91, 93, 94, 96, 98, 99, 101, 104, 162, 89, 123, 130, 107, 57, 50, 200, 161, 4, 40, 127, 155, 184, 128, 69, 18, 26, 44, 51, 176, 110, 105, 198, 134, 163, 97, 9, 11, 192, 186, 83, 196, 71, 116, 182, 33, 179, 111, 181, 174, 149, 197, 129, 112, 95, 195, 86, 55, 191, 157, 92, 46, 143, 150, 187, 74, 144, 109, 43, 47, 177, 180, 121, 115, 139, 168, 114, 124, 125, 131, 132, 136, 137, 138, 147, 148, 152, 158, 160, 173, 178, 188, 194]
x_107: [2, 3, 4, 7, 11, 13, 17, 18, 19, 21, 22, 26, 30, 33, 41, 46, 48, 50, 56, 57, 58, 59, 61, 66, 69, 70, 71, 73, 74, 76, 80, 83, 89, 92, 94, 96, 97, 98, 99, 104, 105, 106, 110, 113, 108, 109, 111, 112, 114, 116, 118, 124, 125, 128, 130, 131, 132, 133, 138, 139, 142, 147, 152, 154, 156, 160, 164, 167, 171, 172, 177, 178, 180, 181, 183, 186, 191, 198, 199, 200]
x_108: [4, 5, 8, 13, 15, 20, 21, 23, 29, 33, 36, 37, 47, 50, 51, 53, 58, 59, 62, 63, 66, 67, 68, 69, 70, 71, 73, 76, 82, 86, 89, 93, 96, 97, 99, 100, 107, 143, 116, 164, 10, 200, 178, 2, 137, 147, 9, 155, 128, 172, 85, 49, 196, 77, 161, 72, 180, 25, 35, 95, 109, 193, 184, 16, 131, 78, 22, 119, 57, 41, 145, 149, 151, 54, 135, 75, 194, 168, 121, 74, 175, 26, 142, 167, 65, 42, 46, 192, 153, 43, 110, 115, 125, 132, 133, 136, 140, 148, 154, 156, 158, 160, 165, 169, 171, 173, 182, 183, 186, 187, 188, 190, 191, 195]
x_109: [2, 8, 10, 11, 12, 13, 15, 17, 21, 22, 24, 25, 27, 28, 33, 37, 38, 41, 45, 48, 51, 57, 58, 59, 60, 62, 63, 65, 66, 70, 71, 73, 75, 76, 80, 84, 85, 86, 89, 90, 91, 93, 97, 104, 106, 108, 102, 43, 44, 144, 139, 56, 200, 39, 74, 181, 172, 20, 163, 177, 30, 167, 79, 193, 3, 34, 32, 155, 14, 120, 121, 164, 150, 156, 135, 196, 107, 118, 149, 145, 180, 169, 132, 9, 137, 40, 133, 140, 141, 184, 124, 157, 111, 112, 119, 123, 125, 128, 142, 152, 154, 158, 162, 166, 171, 173, 178, 179, 182, 183, 187, 191, 192, 194, 198, 199]
x_110: [3, 4, 7, 8, 10, 13, 18, 19, 21, 23, 24, 25, 27, 28, 32, 33, 37, 38, 39, 42, 43, 45, 46, 48, 51, 54, 56, 58, 61, 62, 63, 65, 67, 70, 71, 73, 76, 77, 78, 79, 80, 84, 85, 87, 88, 89, 92, 97, 98, 99, 106, 107, 108, 60, 167, 194, 163, 181, 55, 173, 145, 127, 170, 189, 64, 12, 132, 86, 104, 118, 184, 68, 183, 47, 30, 74, 128, 31, 162, 155, 95, 66, 49, 72, 169, 112, 113, 114, 121, 126, 131, 133, 137, 138, 142, 149, 150, 153, 154, 156, 157, 158, 165, 174, 179, 180, 185, 186, 188, 190, 192, 195, 196, 198, 199, 200]
x_111: [1, 4, 6, 7, 9, 10, 12, 13, 16, 17, 23, 26, 29, 30, 32, 33, 35, 36, 37, 38, 42, 48, 54, 55, 56, 58, 59, 60, 61, 63, 66, 71, 72, 73, 78, 79, 82, 84, 87, 89, 93, 94, 99, 100, 106, 83, 20, 45, 101, 166, 118, 159, 119, 102, 97, 90, 176, 95, 127, 154, 155, 3, 65, 192, 170, 15, 104, 105, 96, 181, 103, 164, 51, 197, 158, 8, 109, 2, 52, 140, 122, 178, 191, 168, 196, 180, 85, 62, 162, 68, 75, 5, 120, 28, 64, 156, 114, 40, 200, 49, 195, 107, 145, 148, 92, 185, 57, 25, 91, 117, 163, 131, 147, 174, 142, 141, 69, 189, 115, 187, 123, 113, 77, 19, 76, 149, 172, 183, 146, 138, 130, 179, 112, 116, 121, 124, 125, 128, 132, 137, 143, 144, 150, 152, 153, 160, 165, 169, 171, 173, 177]
x_112: [5, 8, 15, 17, 20, 23, 24, 25, 29, 30, 33, 38, 45, 46, 47, 48, 49, 51, 54, 56, 58, 59, 63, 66, 67, 68, 69, 70, 78, 81, 82, 83, 87, 88, 90, 96, 97, 98, 99, 100, 104, 106, 2, 39, 122, 128, 195, 9, 101, 168, 178, 189, 28, 53, 176, 109, 185, 111, 116, 132, 55, 26, 188, 93, 57, 150, 91, 183, 154, 95, 37, 138, 171, 41, 60, 141, 64, 167, 19, 21, 52, 145, 126, 196, 10, 110, 22, 123, 61, 190, 152, 147, 73, 43, 198, 193, 175, 27, 65, 137, 79, 119, 187, 107, 200, 120, 144, 164, 71, 148, 103, 170, 102, 94, 197, 125, 165, 4, 184, 80, 199, 179, 160, 169, 62, 146, 77, 134, 149, 143, 92, 40, 135, 118, 130, 113, 121, 140, 142, 153, 155, 158, 159, 172, 173, 174, 177, 180, 182, 191, 194]
x_113: [2, 7, 9, 13, 16, 17, 26, 27, 30, 31, 32, 35, 36, 37, 38, 41, 42, 43, 45, 49, 59, 60, 63, 66, 67, 70, 80, 81, 84, 85, 86, 87, 88, 89, 92, 93, 94, 97, 104, 105, 107, 111, 54, 142, 191, 33, 140, 102, 184, 73, 10, 8, 183, 11, 129, 119, 149, 186, 176, 117, 163, 130, 76, 103, 174, 193, 65, 125, 21, 6, 39, 168, 14, 164, 99, 83, 56, 110, 58, 55, 68, 77, 121, 200, 153, 120, 199, 5, 115, 136, 192, 160, 112, 44, 114, 116, 124, 126, 127, 132, 133, 135, 137, 138, 139, 143, 144, 152, 154, 155, 157, 169, 171, 173, 178, 181, 182, 185, 187, 188, 190, 194, 196, 197, 198]
x_114: [7, 8, 9, 10, 13, 20, 21, 22, 23, 24, 27, 28, 29, 32, 36, 37, 39, 46, 51, 58, 59, 61, 63, 64, 67, 70, 71, 72, 76, 80, 81, 84, 89, 91, 94, 98, 100, 111, 145, 118, 142, 160, 134, 6, 56, 192, 96, 187, 11, 167, 182, 115, 17, 161, 25, 133, 180, 86, 34, 90, 69, 131, 101, 149, 4, 196, 186, 128, 30, 125, 172, 106, 16, 95, 138, 154, 68, 52, 110, 44, 146, 193, 18, 144, 73, 121, 191, 85, 99, 198, 93, 65, 140, 185, 33, 57, 41, 171, 184, 1, 130, 194, 87, 119, 5, 38, 155, 35, 148, 190, 176, 183, 26, 197, 50, 135, 178, 113, 49, 151, 143, 79, 162, 174, 107, 168, 141, 45, 139, 153, 12, 116, 123, 124, 127, 132, 157, 164, 169, 177]
x_115: [1, 4, 5, 7, 8, 10, 11, 13, 16, 18, 21, 28, 30, 32, 33, 35, 41, 42, 47, 52, 54, 55, 56, 57, 58, 61, 63, 67, 68, 71, 72, 75, 76, 81, 82, 84, 85, 87, 89, 91, 96, 97, 98, 99, 101, 106, 111, 113, 114, 163, 93, 170, 182, 80, 29, 153, 43, 60, 44, 108, 147, 37, 2, 131, 120, 126, 9, 38, 128, 66, 119, 144, 200, 116, 121, 125, 132, 136, 137, 139, 142, 143, 157, 158, 165, 167, 168, 171, 172, 180, 181, 185, 189, 190, 191, 192, 196, 198]
x_116: [1, 3, 4, 5, 8, 10, 12, 13, 14, 23, 24, 25, 26, 27, 28, 35, 37, 41, 48, 52, 56, 57, 58, 59, 60, 61, 66, 68, 71, 75, 81, 82, 84, 85, 90, 91, 93, 97, 98, 99, 101, 106, 108, 112, 92, 151, 87, 156, 170, 119, 107, 191, 96, 120, 123, 127, 2, 49, 86, 50, 196, 178, 67, 175, 141, 63, 115, 184, 111, 33, 199, 45, 152, 11, 131, 146, 124, 190, 172, 180, 77, 142, 72, 136, 129, 134, 88, 79, 147, 148, 154, 158, 22, 168, 43, 197, 139, 21, 114, 176, 94, 20, 138, 133, 171, 38, 132, 140, 44, 163, 195, 53, 9, 118, 46, 125, 31, 32, 150, 159, 36, 179, 105, 89, 113, 198, 126, 162, 17, 117, 100, 18, 78, 167, 6, 47, 128, 143, 153, 157, 173, 177, 181, 182, 183, 189, 194, 200]
x_117: [4, 5, 7, 12, 13, 21, 22, 25, 28, 30, 32, 34, 36, 37, 38, 41, 48, 51, 52, 54, 55, 59, 60, 61, 62, 65, 67, 68, 69, 75, 77, 81, 88, 90, 91, 96, 98, 99, 100, 104, 105, 111, 113, 116, 64, 44, 183, 89, 159, 136, 33, 102, 158, 93, 27, 177, 194, 8, 146, 94, 193, 43, 123, 125, 126, 127, 128, 130, 131, 133, 139, 140, 141, 142, 143, 144, 149, 152, 153, 157, 160, 162, 163, 164, 171, 174, 179, 180, 186, 188, 190, 191, 192, 197, 199, 200]
x_118: [2, 3, 4, 5, 9, 12, 16, 17, 19, 21, 22, 23, 25, 27, 28, 33, 35, 36, 40, 42, 51, 57, 59, 60, 61, 62, 63, 64, 66, 67, 69, 70, 71, 72, 73, 76, 78, 80, 81, 85, 87, 89, 90, 91, 93, 96, 100, 109, 110, 111, 112, 114, 116, 54, 120, 136, 47, 119, 124, 58, 101, 32, 45, 13, 82, 107, 121, 164, 11, 148, 92, 178, 139, 88, 127, 185, 75, 6, 94, 8, 195, 154, 144, 170, 140, 125, 141, 18, 50, 123, 126, 130, 131, 135, 142, 149, 153, 156, 157, 160, 168, 171, 173, 175, 176, 180, 182, 183, 187, 197, 198]
x_119: [7, 8, 10, 12, 13, 17, 20, 23, 28, 30, 32, 35, 40, 51, 52, 55, 57, 58, 59, 62, 65, 68, 69, 74, 76, 77, 78, 81, 82, 83, 84, 86, 88, 89, 96, 97, 98, 100, 101, 105, 108, 111, 112, 113, 114, 115, 116, 118, 146, 2, 34, 130, 191, 38, 14, 44, 39, 169, 137, 166, 63, 64, 184, 190, 147, 133, 158, 109, 60, 185, 145, 151, 171, 174, 150, 195, 33, 170, 45, 99, 129, 136, 131, 132, 138, 139, 144, 149, 153, 157, 159, 160, 164, 168, 173, 181, 182, 187, 189, 192, 194, 197, 199, 200]
x_120: [8, 18, 19, 27, 28, 36, 38, 41, 51, 56, 57, 58, 62, 64, 65, 67, 69, 70, 76, 77, 78, 79, 80, 81, 82, 84, 85, 88, 89, 90, 93, 94, 98, 99, 100, 101, 109, 111, 112, 113, 115, 116, 118, 139, 50, 170, 43, 124, 60, 121, 17, 83, 16, 128, 33, 37, 130, 197, 138, 102, 29, 157, 145, 160, 72, 11, 10, 127, 132, 133, 136, 140, 149, 153, 154, 158, 161, 162, 165, 168, 169, 171, 172, 173, 175, 177, 180, 185, 187, 188, 190, 191, 194, 195, 196, 198, 199, 200]
x_121: [1, 2, 5, 6, 10, 14, 17, 21, 23, 24, 25, 30, 31, 32, 33, 34, 37, 38, 40, 41, 45, 50, 57, 59, 60, 63, 65, 66, 67, 68, 70, 73, 76, 80, 82, 83, 85, 86, 90, 92, 93, 99, 101, 106, 108, 109, 113, 114, 118, 120, 165, 199, 195, 111, 112, 55, 159, 69, 192, 61, 39, 184, 53, 173, 147, 129, 190, 71, 96, 100, 200, 97, 197, 19, 140, 189, 77, 51, 122, 167, 169, 158, 43, 157, 3, 148, 12, 163, 139, 162, 123, 155, 185, 35, 26, 115, 72, 48, 166, 102, 164, 18, 180, 110, 20, 13, 170, 49, 135, 194, 149, 177, 125, 131, 136, 141, 150, 151, 168, 172, 179, 182, 186, 187, 188, 191, 198]
x_122: [4, 15, 16, 17, 23, 25, 26, 27, 30, 33, 36, 45, 46, 54, 57, 58, 59, 63, 67, 69, 82, 87, 97, 98, 99, 100, 101, 111, 112, 121, 194, 84, 65, 128, 76, 199, 127, 130, 131, 132, 133, 137, 138, 139, 140, 142, 152, 153, 154, 157, 158, 159, 160, 170, 171, 174, 176, 178, 179, 180, 181, 183, 187, 190, 191, 192, 197, 200]
x_123: [2, 5, 7, 10, 12, 13, 14, 15, 17, 18, 21, 23, 25, 26, 27, 28, 31, 32, 33, 34, 36, 37, 38, 47, 49, 51, 52, 59, 60, 61, 62, 63, 66, 68, 69, 70, 76, 77, 78, 81, 82, 84, 85, 92, 94, 97, 98, 100, 101, 104, 106, 111, 112, 116, 121, 22, 126, 87, 109, 189, 11, 114, 188, 125, 43, 58, 190, 195, 180, 179, 157, 103, 168, 185, 192, 164, 175, 20, 147, 55, 141, 160, 79, 165, 194, 1, 136, 171, 193, 174, 41, 197, 8, 166, 135, 9, 3, 57, 56, 177, 72, 44, 95, 167, 75, 150, 140, 143, 153, 146, 151, 161, 29, 42, 163, 93, 199, 73, 50, 99, 162, 118, 40, 117, 45, 39, 124, 128, 130, 131, 132, 133, 138, 139, 152, 154, 156, 158, 159, 169, 173, 181, 183, 186, 187, 200]
x_124: [3, 9, 11, 12, 13, 16, 20, 26, 27, 30, 35, 38, 39, 42, 43, 48, 49, 52, 57, 68, 70, 71, 76, 78, 80, 88, 98, 99, 100, 101, 105, 109, 116, 118, 120, 61, 156, 32, 93, 65, 29, 46, 31, 14, 159, 195, 179, 62, 77, 37, 140, 2, 177, 170, 45, 111, 4, 47, 21, 87, 123, 191, 143, 131, 175, 144, 157, 64, 58, 196, 142, 106, 6, 199, 148, 184, 113, 186, 171, 17, 82, 56, 128, 178, 190, 8, 132, 160, 34, 158, 135, 90, 54, 188, 86, 41, 107, 114, 44, 96, 50, 91, 169, 189, 136, 146, 63, 162, 53, 168, 173, 174, 172, 126, 81, 95, 154, 194, 73, 180, 33, 125, 127, 134, 137, 138, 149, 153, 167, 176, 181, 182, 183, 197, 200]
x_125: [1, 3, 4, 7, 8, 12, 13, 17, 21, 23, 26, 28, 32, 47, 48, 51, 56, 59, 63, 65, 66, 67, 69, 70, 71, 76, 80, 81, 82, 84, 94, 96, 97, 99, 100, 101, 104, 112, 113, 114, 116, 118, 123, 30, 22, 148, 160, 196, 27, 58, 93, 15, 57, 95, 106, 107, 200, 141, 168, 186, 137, 172, 181, 89, 193, 195, 182, 147, 19, 92, 149, 163, 90, 115, 73, 109, 199, 74, 174, 124, 111, 37, 49, 153, 192, 103, 36, 133, 9, 44, 135, 20, 180, 54, 161, 121, 108, 45, 154, 85, 2, 173, 191, 155, 83, 25, 34, 68, 143, 157, 165, 146, 11, 5, 139, 142, 55, 170, 138, 117, 86, 187, 164, 10, 159, 87, 126, 127, 128, 132, 136, 140, 150, 152, 158, 175, 176, 190, 194, 198]
x_126: [2, 4, 8, 12, 13, 14, 19, 21, 22, 24, 25, 27, 28, 30, 33, 34, 37, 38, 41, 42, 50, 59, 60, 61, 66, 68, 72, 76, 78, 79, 80, 81, 86, 90, 91, 92, 93, 98, 99, 105, 112, 115, 116, 123, 124, 100, 181, 175, 102, 113, 117, 151, 75, 125, 17, 40, 173, 174, 168, 186, 136, 196, 46, 199, 96, 47, 18, 110, 134, 5, 198, 146, 118, 56, 95, 127, 128, 133, 138, 142, 147, 154, 156, 158, 160, 161, 167, 171, 178, 180, 187, 189, 190, 194, 197, 200]
x_127: [1, 2, 4, 6, 7, 8, 9, 10, 12, 13, 15, 17, 18, 20, 23, 26, 28, 32, 33, 36, 45, 46, 48, 51, 55, 56, 57, 60, 62, 63, 64, 65, 70, 71, 73, 76, 77, 82, 84, 85, 86, 87, 89, 90, 94, 97, 98, 99, 100, 106, 110, 111, 116, 118, 29, 37, 162, 3, 124, 43, 126, 52, 146, 67, 157, 145, 117, 114, 120, 125, 93, 5, 177, 40, 19, 80, 105, 81, 68, 176, 174, 133, 171, 58, 189, 22, 122, 144, 132, 139, 91, 24, 194, 195, 42, 113, 95, 102, 75, 168, 193, 200, 156, 53, 180, 134, 140, 148, 149, 152, 155, 158, 163, 170, 181, 182, 183, 188, 197, 198, 199]
x_128: [2, 4, 10, 13, 14, 23, 26, 27, 32, 33, 46, 48, 50, 53, 55, 56, 59, 60, 62, 65, 67, 68, 69, 71, 72, 76, 78, 79, 81, 82, 83, 84, 87, 89, 91, 92, 97, 98, 100, 101, 106, 108, 110, 112, 114, 115, 120, 122, 124, 178, 126, 73, 171, 66, 188, 167, 199, 77, 1, 143, 164, 29, 96, 197, 58, 172, 18, 189, 9, 163, 135, 187, 180, 85, 140, 15, 195, 117, 168, 153, 145, 198, 157, 173, 175, 61, 16, 193, 25, 134, 194, 49, 43, 133, 5, 109, 144, 86, 42, 196, 107, 123, 169, 22, 90, 183, 111, 44, 184, 151, 139, 28, 35, 31, 159, 36, 80, 3, 200, 38, 141, 161, 190, 104, 185, 21, 166, 34, 125, 64, 165, 75, 11, 12, 54, 152, 99, 116, 155, 95, 130, 132, 138, 142, 147, 149, 150, 154, 158, 162, 181, 192]
x_129: [2, 6, 7, 8, 10, 11, 15, 17, 18, 20, 21, 23, 24, 26, 31, 32, 36, 37, 38, 41, 42, 46, 47, 48, 49, 56, 58, 59, 60, 67, 68, 75, 77, 80, 81, 82, 84, 86, 90, 91, 93, 94, 96, 97, 98, 100, 101, 106, 113, 116, 119, 121, 191, 152, 39, 14, 3, 105, 198, 151, 171, 63, 141, 135, 61, 51, 159, 138, 139, 143, 145, 149, 150, 153, 154, 156, 160, 167, 170, 172, 173, 174, 177, 180, 181, 182, 186, 190, 194, 197]
x_130: [2, 3, 4, 8, 12, 13, 16, 18, 20, 22, 23, 24, 26, 27, 28, 30, 36, 42, 48, 49, 51, 52, 59, 62, 66, 67, 70, 71, 76, 77, 80, 81, 82, 84, 85, 86, 87, 88, 89, 90, 92, 97, 98, 99, 100, 101, 106, 111, 112, 113, 114, 119, 120, 14, 198, 53, 74, 177, 63, 65, 150, 145, 170, 195, 181, 19, 68, 138, 107, 41, 149, 38, 57, 166, 31, 132, 128, 61, 123, 17, 194, 45, 146, 171, 184, 175, 143, 196, 154, 29, 73, 179, 103, 140, 72, 50, 189, 46, 139, 161, 192, 60, 54, 94, 39, 167, 40, 117, 135, 152, 122, 118, 37, 131, 133, 141, 142, 153, 155, 158, 163, 165, 168, 173, 174, 182, 183, 185, 186, 190, 197]
x_131: [2, 4, 6, 7, 8, 11, 12, 13, 14, 15, 17, 21, 23, 24, 25, 26, 27, 32, 33, 34, 35, 37, 39, 40, 42, 47, 56, 57, 58, 59, 61, 62, 68, 69, 70, 71, 73, 76, 81, 83, 85, 89, 91, 94, 96, 97, 100, 108, 111, 114, 115, 116, 124, 172, 54, 130, 182, 169, 152, 195, 156, 198, 118, 150, 117, 60, 52, 133, 181, 84, 79, 122, 121, 67, 119, 77, 93, 136, 107, 185, 194, 75, 197, 189, 105, 72, 29, 146, 53, 110, 90, 3, 1, 165, 123, 82, 183, 142, 184, 20, 28, 9, 106, 159, 86, 134, 135, 138, 139, 141, 144, 153, 160, 161, 167, 171, 173, 175, 180, 187, 188, 190, 191, 199, 200]
x_132: [2, 3, 6, 7, 10, 12, 13, 15, 17, 18, 20, 21, 23, 24, 26, 27, 32, 36, 37, 41, 42, 46, 51, 52, 58, 59, 60, 61, 67, 68, 69, 70, 71, 72, 73, 76, 78, 79, 80, 81, 82, 84, 87, 88, 90, 94, 101, 109, 110, 112, 116, 124, 127, 130, 180, 134, 167, 165, 164, 194, 104, 28, 168, 176, 170, 99, 111, 38, 77, 98, 158, 172, 187, 151, 189, 140, 122, 106, 43, 162, 191, 175, 14, 57, 16, 123, 95, 44, 188, 125, 152, 178, 195, 107, 120, 96, 149, 185, 146, 182, 45, 54, 156, 128, 119, 55, 198, 25, 184, 49, 153, 113, 115, 141, 108, 114, 183, 169, 174, 136, 138, 139, 142, 147, 150, 154, 160, 166, 171, 179, 192, 196, 199]
x_133: [3, 4, 8, 13, 15, 17, 18, 20, 22, 26, 30, 33, 35, 36, 37, 41, 42, 43, 46, 47, 51, 54, 56, 58, 59, 60, 61, 62, 69, 76, 78, 84, 85, 87, 88, 89, 90, 93, 94, 96, 98, 100, 101, 109, 114, 116, 119, 125, 127, 128, 131, 152, 160, 68, 176, 110, 169, 187, 179, 44, 147, 150, 24, 83, 174, 21, 102, 64, 158, 170, 55, 95, 49, 130, 32, 29, 70, 161, 108, 162, 172, 72, 31, 12, 199, 171, 86, 134, 25, 185, 117, 153, 149, 67, 77, 105, 48, 167, 75, 45, 120, 123, 148, 191, 81, 196, 122, 7, 193, 14, 113, 40, 66, 188, 166, 126, 168, 138, 107, 71, 103, 144, 23, 2, 156, 9, 155, 165, 190, 6, 194, 135, 137, 142, 154, 157, 164, 173, 175, 180, 181, 182, 197, 198, 200]
x_134: [2, 8, 10, 11, 13, 21, 24, 26, 27, 28, 29, 30, 31, 33, 36, 46, 56, 59, 60, 62, 63, 67, 68, 69, 70, 78, 79, 80, 82, 84, 87, 94, 97, 99, 100, 106, 112, 114, 116, 126, 128, 132, 133, 147, 32, 104, 165, 180, 55, 34, 150, 181, 52, 174, 189, 37, 146, 20, 193, 38, 175, 186, 124, 96, 139, 182, 143, 64, 184, 47, 91, 141, 131, 190, 83, 18, 127, 135, 138, 151, 158, 160, 162, 168, 171, 172, 176, 177, 178, 183, 185, 188, 194, 195, 197, 199, 200]
x_135: [4, 7, 8, 9, 10, 11, 12, 13, 17, 22, 23, 25, 30, 34, 35, 36, 37, 52, 56, 58, 59, 62, 63, 67, 69, 71, 73, 80, 81, 82, 83, 87, 88, 90, 91, 96, 97, 98, 99, 100, 101, 105, 108, 109, 112, 114, 121, 123, 124, 125, 128, 129, 130, 189, 154, 160, 178, 85, 32, 182, 185, 155, 134, 70, 113, 197, 103, 118, 191, 131, 68, 172, 195, 164, 93, 77, 165, 133, 51, 166, 54, 27, 148, 200, 144, 5, 49, 104, 137, 138, 139, 152, 153, 158, 167, 168, 176, 181, 188, 192, 194, 199]
x_136: [2, 3, 7, 8, 10, 15, 16, 17, 21, 22, 27, 30, 32, 36, 38, 41, 42, 45, 47, 50, 52, 62, 63, 67, 69, 70, 71, 72, 76, 77, 78, 81, 84, 89, 93, 96, 97, 98, 99, 104, 105, 113, 116, 117, 118, 119, 123, 124, 126, 131, 61, 157, 25, 64, 60, 152, 1, 11, 121, 49, 138, 75, 65, 170, 120, 6, 153, 59, 197, 43, 132, 106, 147, 48, 200, 161, 125, 115, 85, 159, 195, 28, 154, 198, 148, 158, 14, 90, 56, 184, 108, 140, 149, 155, 165, 167, 169, 171, 180, 182, 186, 191, 192, 194]
x_137: [4, 5, 7, 10, 11, 12, 13, 14, 18, 25, 27, 29, 30, 32, 36, 38, 41, 56, 60, 62, 69, 70, 76, 78, 81, 84, 85, 87, 89, 94, 96, 97, 98, 99, 105, 108, 109, 112, 119, 125, 169, 49, 176, 16, 150, 102, 37, 92, 168, 15, 190, 79, 55, 9, 113, 50, 77, 2, 124, 110, 95, 144, 73, 135, 71, 100, 161, 54, 187, 28, 26, 192, 80, 145, 122, 172, 199, 158, 151, 196, 178, 143, 91, 175, 195, 33, 111, 46, 181, 106, 40, 1, 51, 198, 139, 68, 180, 160, 115, 17, 179, 133, 67, 75, 159, 142, 147, 149, 152, 154, 156, 165, 171, 173, 177, 185, 188, 194, 200]
x_138: [3, 4, 6, 7, 10, 11, 13, 15, 16, 17, 18, 19, 21, 24, 27, 28, 29, 31, 32, 33, 34, 36, 37, 41, 43, 45, 48, 51, 55, 67, 69, 78, 81, 82, 85, 89, 90, 94, 98, 104, 111, 112, 114, 116, 120, 125, 130, 133, 136, 143, 46, 123, 62, 44, 1, 181, 79, 139, 66, 146, 187, 47, 92, 168, 154, 160, 151, 152, 159, 2, 134, 38, 131, 110, 198, 106, 84, 132, 99, 76, 183, 64, 163, 50, 58, 129, 175, 40, 22, 74, 54, 26, 126, 9, 156, 165, 140, 141, 73, 97, 103, 83, 135, 199, 101, 193, 124, 71, 119, 80, 91, 70, 105, 122, 113, 61, 150, 107, 142, 166, 169, 172, 86, 200, 102, 148, 128, 88, 8, 182, 171, 191, 20, 144, 153, 157, 158, 164, 177, 178, 179, 184, 186, 189, 192, 194, 196]
x_139: [1, 2, 3, 5, 7, 8, 10, 12, 13, 17, 21, 23, 26, 28, 29, 32, 35, 36, 38, 40, 41, 46, 48, 50, 52, 59, 67, 70, 71, 73, 75, 76, 77, 80, 81, 82, 86, 87, 90, 94, 97, 98, 99, 101, 104, 105, 106, 109, 114, 116, 118, 120, 121, 125, 127, 128, 130, 134, 137, 138, 184, 192, 83, 175, 68, 31, 164, 69, 141, 156, 11, 16, 144, 42, 145, 53, 6, 65, 153, 107, 185, 54, 157, 43, 51, 58, 129, 168, 113, 171, 150, 132, 199, 122, 60, 191, 45, 93, 119, 49, 19, 149, 27, 173, 147, 95, 30, 85, 96, 64, 24, 88, 22, 44, 167, 62, 194, 117, 123, 163, 18, 135, 169, 91, 84, 9, 131, 115, 78, 161, 176, 61, 142, 143, 154, 160, 162, 165, 174, 178, 180, 181, 182, 183, 187, 188, 195, 197]
x_140: [4, 6, 7, 8, 12, 13, 15, 16, 17, 19, 20, 21, 27, 31, 36, 37, 38, 48, 51, 52, 56, 58, 59, 60, 62, 64, 65, 66, 67, 70, 73, 76, 78, 80, 81, 82, 84, 85, 88, 89, 90, 92, 98, 99, 109, 111, 113, 114, 116, 118, 121, 123, 124, 128, 130, 132, 138, 155, 150, 193, 149, 40, 22, 95, 146, 165, 136, 122, 120, 200, 164, 23, 117, 161, 192, 108, 144, 10, 57, 169, 102, 187, 5, 101, 127, 112, 77, 55, 147, 69, 2, 63, 125, 79, 170, 141, 145, 152, 158, 162, 167, 173, 174, 178, 181, 182, 188, 191, 194]
x_141: [2, 3, 4, 5, 7, 10, 13, 15, 21, 23, 24, 25, 28, 30, 38, 41, 47, 50, 51, 54, 56, 57, 59, 60, 61, 66, 67, 71, 76, 78, 81, 82, 83, 84, 85, 86, 88, 91, 92, 96, 99, 102, 109, 111, 112, 114, 116, 118, 123, 125, 128, 129, 132, 134, 138, 139, 1, 52, 130, 189, 131, 16, 69, 121, 77, 72, 93, 164, 197, 170, 140, 158, 117, 17, 149, 193, 178, 171, 97, 36, 37, 87, 166, 31, 14, 39, 167, 145, 143, 147, 148, 150, 152, 160, 168, 173, 176, 179, 180, 181, 182, 185, 186, 187, 190, 194, 195, 199]
x_142: [2, 3, 4, 6, 7, 13, 17, 18, 19, 20, 21, 22, 24, 26, 27, 33, 35, 38, 47, 51, 59, 63, 66, 67, 70, 71, 76, 78, 79, 83, 85, 90, 91, 92, 94, 96, 97, 101, 108, 111, 113, 114, 116, 124, 125, 131, 138, 166, 105, 184, 177, 41, 61, 52, 69, 117, 34, 122, 46, 109, 77, 36, 147, 171, 42, 88, 198, 196, 93, 132, 139, 168, 40, 29, 200, 195, 115, 170, 161, 53, 193, 54, 133, 157, 143, 118, 45, 128, 185, 28, 25, 80, 89, 55, 82, 158, 175, 103, 99, 137, 64, 112, 110, 32, 12, 165, 98, 181, 126, 199, 48, 155, 187, 107, 144, 149, 182, 160, 56, 50, 5, 16, 180, 130, 49, 86, 148, 74, 145, 23, 178, 150, 152, 156, 173, 179, 183, 191, 194, 197]
x_143: [2, 8, 9, 11, 16, 18, 21, 22, 24, 28, 32, 35, 36, 40, 41, 42, 46, 50, 51, 54, 55, 56, 57, 59, 62, 66, 68, 69, 70, 71, 78, 82, 83, 85, 87, 88, 89, 90, 92, 93, 97, 99, 101, 105, 106, 108, 112, 114, 123, 124, 125, 128, 130, 134, 137, 138, 142, 172, 149, 5, 115, 198, 79, 61, 129, 195, 100, 117, 45, 113, 187, 3, 34, 158, 162, 166, 141, 182, 192, 116, 64, 19, 4, 111, 37, 15, 1, 139, 25, 163, 52, 72, 147, 153, 164, 169, 170, 180, 190, 194, 197, 199, 200]
x_144: [3, 4, 7, 9, 10, 11, 14, 16, 17, 18, 21, 24, 26, 27, 28, 32, 34, 36, 38, 51, 55, 59, 61, 66, 70, 71, 76, 79, 80, 83, 84, 85, 88, 89, 91, 92, 94, 98, 99, 100, 101, 106, 109, 112, 114, 115, 118, 124, 127, 128, 133, 135, 137, 139, 140, 142, 45, 191, 170, 119, 160, 37, 82, 42, 152, 54, 77, 153, 173, 113, 35, 48, 41, 105, 192, 44, 159, 198, 68, 167, 185, 169, 166, 6, 104, 168, 188, 65, 12, 163, 178, 148, 138, 111, 155, 46, 15, 95, 186, 151, 181, 22, 40, 57, 147, 190, 145, 50, 174, 19, 189, 131, 49, 69, 62, 56, 96, 78, 117, 150, 154, 157, 161, 171, 172, 177, 182, 187, 194, 195, 197, 199, 200]
x_145: [4, 5, 7, 10, 12, 13, 15, 19, 20, 21, 23, 24, 26, 27, 30, 32, 33, 36, 37, 41, 49, 56, 59, 61, 62, 63, 66, 69, 70, 76, 80, 81, 82, 85, 86, 87, 90, 92, 94, 97, 98, 100, 101, 108, 109, 110, 111, 112, 114, 119, 120, 127, 128, 130, 137, 139, 141, 142, 144, 48, 194, 183, 140, 95, 52, 72, 199, 42, 29, 53, 17, 73, 129, 159, 186, 150, 157, 158, 160, 170, 181, 182, 187, 188, 190, 192, 197, 198, 200]
x_146: [1, 3, 4, 7, 8, 15, 17, 18, 25, 26, 27, 30, 32, 36, 41, 43, 47, 48, 50, 51, 52, 54, 56, 59, 60, 66, 67, 69, 70, 71, 78, 81, 83, 84, 86, 87, 88, 92, 94, 96, 97, 98, 99, 100, 101, 104, 111, 112, 114, 116, 117, 119, 123, 124, 125, 126, 127, 130, 131, 132, 134, 138, 140, 148, 189, 40, 168, 85, 44, 149, 153, 154, 160, 161, 171, 177, 180, 183, 185, 186, 188, 191, 192, 194, 195, 197, 200]
x_147: [4, 5, 7, 8, 11, 12, 13, 15, 17, 21, 23, 26, 32, 37, 41, 45, 50, 51, 55, 57, 60, 61, 62, 65, 68, 70, 71, 72, 78, 80, 81, 82, 83, 84, 86, 88, 90, 91, 92, 94, 98, 101, 108, 111, 112, 115, 116, 119, 121, 123, 125, 133, 134, 136, 139, 140, 142, 144, 33, 40, 1, 99, 44, 34, 28, 143, 164, 53, 162, 29, 200, 148, 195, 126, 58, 102, 184, 76, 24, 95, 191, 25, 75, 47, 177, 97, 141, 198, 104, 54, 107, 19, 180, 137, 79, 182, 170, 73, 192, 172, 63, 152, 176, 36, 154, 43, 150, 165, 103, 183, 16, 186, 159, 77, 87, 132, 155, 190, 106, 2, 14, 156, 128, 189, 96, 149, 153, 157, 160, 167, 168, 171, 181, 199]
x_148: [2, 4, 5, 11, 12, 15, 19, 21, 23, 26, 27, 30, 33, 36, 38, 41, 46, 47, 51, 52, 58, 59, 63, 71, 81, 82, 89, 91, 92, 97, 101, 111, 112, 114, 116, 118, 121, 124, 125, 133, 135, 136, 138, 142, 144, 146, 147, 83, 127, 9, 152, 162, 35, 49, 168, 61, 183, 14, 194, 106, 185, 50, 199, 54, 96, 169, 7, 108, 141, 167, 99, 34, 88, 170, 25, 74, 188, 103, 153, 182, 163, 184, 151, 90, 177, 155, 158, 159, 161, 164, 165, 172, 175, 178, 180, 181, 187, 190, 192, 195, 200]
x_149: [2, 4, 6, 7, 8, 9, 10, 11, 12, 13, 14, 16, 19, 20, 21, 23, 24, 26, 28, 41, 47, 48, 55, 56, 58, 61, 67, 71, 75, 78, 80, 81, 82, 86, 89, 91, 93, 94, 97, 100, 101, 105, 106, 108, 109, 111, 112, 113, 114, 121, 125, 130, 132, 133, 139, 140, 141, 142, 143, 120, 79, 18, 124, 15, 185, 30, 84, 45, 38, 147, 178, 186, 156, 104, 158, 155, 198, 190, 188, 159, 40, 191, 96, 70, 184, 99, 35, 118, 88, 157, 146, 32, 199, 110, 62, 119, 31, 128, 54, 129, 193, 137, 77, 53, 162, 153, 50, 43, 127, 3, 169, 152, 22, 117, 90, 49, 136, 92, 154, 160, 168, 171, 173, 174, 182, 187, 189, 192, 194, 195, 197, 200]
x_150: [3, 7, 8, 11, 12, 17, 18, 21, 23, 24, 29, 30, 32, 34, 36, 41, 46, 52, 54, 57, 58, 59, 66, 70, 71, 81, 82, 85, 86, 88, 90, 94, 96, 97, 98, 99, 100, 101, 104, 105, 106, 109, 112, 116, 119, 123, 130, 131, 133, 134, 137, 138, 139, 140, 147, 194, 47, 199, 62, 181, 67, 142, 152, 9, 145, 38, 197, 132, 69, 84, 111, 56, 144, 27, 93, 128, 141, 42, 195, 60, 191, 103, 110, 102, 159, 74, 179, 33, 55, 19, 162, 15, 125, 157, 4, 166, 173, 63, 121, 172, 160, 75, 200, 198, 182, 178, 177, 16, 180, 170, 190, 22, 50, 155, 48, 51, 187, 1, 129, 165, 154, 158, 168, 171, 175, 185, 186, 189, 196]
x_151: [2, 4, 5, 10, 13, 17, 20, 21, 22, 23, 24, 27, 28, 30, 32, 35, 36, 37, 38, 39, 41, 45, 47, 50, 51, 56, 61, 63, 64, 66, 67, 68, 71, 76, 77, 78, 79, 80, 81, 83, 85, 89, 92, 93, 94, 100, 108, 114, 116, 119, 123, 126, 128, 129, 132, 137, 138, 144, 148, 43, 105, 54, 167, 14, 19, 174, 96, 73, 121, 8, 134, 12, 55, 161, 9, 164, 197, 198, 152, 154, 160, 165, 166, 172, 179, 180, 182, 185, 186, 187, 188, 189, 194, 199, 200]
x_152: [1, 2, 4, 7, 8, 10, 12, 19, 20, 27, 28, 30, 32, 36, 38, 39, 41, 42, 52, 55, 56, 57, 59, 60, 71, 76, 78, 80, 81, 82, 85, 86, 88, 89, 90, 92, 94, 96, 97, 99, 101, 112, 116, 128, 129, 130, 131, 132, 133, 136, 138, 144, 147, 148, 149, 150, 153, 66, 26, 173, 65, 79, 194, 14, 87, 142, 106, 24, 140, 72, 157, 23, 113, 31, 178, 13, 164, 37, 107, 175, 161, 137, 200, 192, 73, 166, 21, 135, 159, 68, 199, 197, 127, 158, 70, 111, 109, 64, 191, 44, 174, 172, 182, 117, 43, 160, 155, 84, 122, 5, 187, 22, 34, 180, 125, 50, 190, 35, 33, 151, 183, 102, 123, 58, 141, 177, 186, 77, 54, 95, 75, 163, 156, 170, 171, 176, 181, 195]
x_153: [5, 6, 7, 9, 18, 19, 21, 22, 24, 29, 32, 33, 36, 38, 39, 41, 43, 45, 48, 51, 54, 55, 57, 61, 62, 65, 67, 68, 70, 81, 82, 83, 84, 85, 86, 87, 90, 91, 92, 93, 94, 96, 98, 99, 108, 113, 114, 115, 123, 125, 128, 132, 133, 136, 139, 144, 148, 149, 152, 198, 124, 191, 44, 162, 196, 101, 146, 174, 171, 72, 178, 37, 97, 160, 8, 77, 110, 105, 111, 100, 189, 138, 157, 50, 49, 20, 165, 120, 172, 135, 147, 60, 188, 183, 194, 73, 27, 104, 143, 117, 102, 26, 131, 74, 116, 169, 112, 119, 89, 170, 163, 130, 31, 195, 14, 10, 69, 46, 1, 193, 59, 28, 129, 95, 56, 122, 155, 118, 181, 192, 161, 175, 2, 186, 158, 164, 167, 173, 182, 184, 185, 187, 190, 199, 200]
x_154: [3, 4, 5, 7, 8, 12, 14, 15, 16, 23, 26, 28, 29, 33, 34, 35, 36, 47, 51, 52, 54, 56, 60, 61, 62, 68, 73, 77, 78, 79, 82, 84, 85, 88, 89, 98, 99, 101, 105, 111, 112, 114, 116, 118, 124, 125, 130, 135, 136, 138, 147, 13, 2, 158, 18, 163, 126, 188, 100, 91, 108, 43, 196, 151, 21, 53, 122, 171, 128, 103, 67, 133, 167, 195, 57, 93, 110, 70, 94, 25, 180, 46, 190, 19, 58, 168, 166, 192, 10, 71, 193, 160, 49, 170, 174, 9, 123, 50, 156, 184, 198, 6, 132, 137, 179, 164, 104, 150, 90, 96, 120, 186, 66, 38, 194, 144, 42, 31, 109, 189, 181, 102, 107, 178, 113, 83, 146, 86, 97, 39, 139, 63, 149, 183, 1, 177, 74, 175, 129, 165, 173, 185, 187, 200]
x_155: [4, 6, 8, 10, 13, 16, 23, 24, 25, 26, 29, 31, 32, 34, 37, 40, 41, 50, 58, 59, 63, 64, 65, 66, 67, 68, 69, 70, 71, 73, 76, 78, 80, 82, 84, 85, 86, 87, 92, 97, 99, 100, 101, 106, 108, 109, 110, 111, 114, 121, 125, 128, 133, 135, 140, 142, 144, 147, 149, 150, 152, 153, 104, 148, 185, 48, 136, 51, 167, 62, 130, 88, 112, 83, 14, 177, 165, 2, 157, 113, 186, 42, 190, 12, 74, 38, 35, 161, 1, 160, 52, 184, 81, 163, 127, 195, 18, 91, 158, 171, 172, 178, 180, 181, 182, 187, 188, 191, 192, 196, 199]
x_156: [1, 3, 4, 7, 9, 13, 14, 15, 17, 21, 23, 24, 26, 29, 35, 48, 49, 51, 54, 57, 59, 62, 66, 70, 71, 76, 78, 80, 81, 84, 86, 89, 93, 96, 98, 100, 104, 109, 111, 116, 124, 127, 131, 132, 133, 138, 139, 147, 149, 154, 20, 56, 160, 108, 32, 105, 142, 129, 99, 118, 123, 158, 110, 64, 173, 83, 90, 163, 107, 171, 43, 61, 50, 152, 179, 33, 126, 41, 44, 37, 175, 58, 137, 10, 193, 87, 95, 161, 168, 172, 178, 180, 182, 183, 185, 186, 190, 191, 194, 195, 196]
x_157: [3, 4, 6, 7, 9, 10, 13, 17, 18, 21, 24, 25, 26, 27, 28, 29, 32, 33, 34, 39, 41, 45, 48, 50, 52, 54, 55, 59, 62, 66, 69, 71, 75, 76, 78, 80, 83, 84, 87, 88, 90, 92, 93, 94, 96, 97, 98, 100, 104, 106, 109, 120, 121, 123, 124, 125, 127, 128, 136, 139, 142, 149, 150, 152, 153, 155, 187, 190, 119, 61, 133, 174, 38, 51, 58, 117, 161, 115, 169, 49, 1, 198, 145, 116, 20, 147, 44, 77, 193, 177, 73, 113, 79, 176, 5, 122, 138, 81, 144, 118, 170, 110, 186, 85, 72, 185, 35, 68, 99, 159, 22, 114, 189, 184, 192, 89, 158, 171, 173, 178, 180, 181, 188, 195, 199, 200]
x_158: [2, 4, 5, 7, 12, 13, 15, 17, 20, 22, 23, 25, 26, 27, 28, 29, 30, 32, 33, 37, 38, 41, 42, 45, 46, 48, 50, 55, 56, 60, 61, 63, 65, 67, 68, 69, 73, 76, 78, 81, 82, 84, 86, 88, 90, 91, 96, 97, 98, 99, 103, 104, 111, 116, 117, 119, 121, 124, 132, 133, 136, 137, 141, 142, 143, 149, 152, 154, 156, 125, 100, 77, 1, 179, 6, 8, 11, 126, 194, 182, 180, 112, 150, 106, 102, 130, 39, 172, 108, 163, 168, 34, 49, 164, 145, 87, 10, 47, 21, 170, 80, 178, 157, 53, 176, 153, 79, 174, 195, 165, 59, 85, 3, 127, 54, 120, 198, 140, 92, 62, 171, 75, 159, 109, 115, 135, 94, 187, 110, 185, 155, 148, 196, 43, 40, 134, 183, 184, 128, 105, 138, 123, 197, 93, 122, 189, 193, 169, 19, 95, 52, 160, 186, 188, 190, 200]
x_159: [5, 8, 12, 15, 16, 19, 20, 21, 23, 27, 29, 32, 34, 36, 37, 41, 42, 46, 47, 48, 49, 51, 55, 56, 59, 60, 66, 67, 69, 70, 71, 76, 80, 81, 84, 85, 87, 88, 90, 93, 97, 99, 111, 116, 117, 121, 124, 125, 128, 129, 131, 136, 137, 138, 144, 145, 147, 149, 150, 152, 157, 158, 193, 196, 175, 119, 186, 122, 31, 74, 92, 63, 123, 40, 112, 14, 7, 10, 25, 177, 54, 26, 148, 160, 165, 167, 171, 173, 176, 178, 179, 180, 183, 185, 189, 190, 192, 194, 195, 199, 200]
x_160: [3, 4, 6, 7, 8, 9, 13, 15, 17, 18, 20, 23, 32, 33, 35, 36, 38, 41, 42, 45, 46, 51, 52, 57, 58, 60, 63, 66, 67, 69, 71, 76, 77, 81, 86, 89, 91, 96, 97, 98, 99, 101, 112, 113, 114, 120, 123, 124, 125, 133, 135, 137, 138, 142, 144, 150, 152, 153, 154, 155, 156, 132, 139, 129, 22, 75, 158, 43, 188, 180, 119, 48, 189, 162, 174, 49, 102, 145, 117, 168, 24, 172, 159, 134, 131, 111, 178, 107, 39, 147, 61, 1, 146, 173, 16, 103, 37, 170, 56, 187, 27, 141, 28, 149, 92, 73, 84, 5, 2, 118, 185, 194, 191, 175, 166, 14, 94, 100, 106, 195, 177, 181, 30, 164, 55, 108, 90, 122, 21, 197, 165, 171, 126, 196, 151, 176, 190, 192, 193, 200]
x_161: [7, 9, 13, 15, 17, 19, 23, 25, 26, 32, 33, 34, 35, 36, 37, 38, 41, 46, 51, 52, 59, 62, 63, 66, 67, 68, 69, 70, 71, 75, 80, 87, 90, 91, 92, 96, 98, 99, 100, 104, 106, 108, 114, 123, 125, 128, 130, 133, 136, 137, 139, 140, 142, 151, 152, 153, 155, 157, 120, 78, 76, 162, 16, 167, 8, 171, 45, 186, 84, 164, 61, 93, 148, 146, 176, 65, 185, 166, 29, 144, 42, 101, 4, 56, 22, 131, 156, 165, 126, 170, 172, 174, 175, 178, 180, 182, 183, 188, 189, 192, 195, 198, 199]
x_162: [2, 4, 8, 10, 12, 13, 14, 15, 17, 20, 21, 22, 23, 32, 36, 38, 41, 46, 48, 49, 57, 59, 62, 64, 68, 76, 77, 78, 79, 82, 83, 85, 87, 89, 90, 91, 93, 94, 96, 97, 98, 99, 100, 104, 105, 106, 110, 111, 114, 116, 121, 123, 124, 127, 132, 133, 143, 147, 148, 149, 150, 153, 160, 161, 7, 109, 28, 35, 29, 168, 117, 139, 66, 1, 120, 73, 185, 40, 102, 140, 128, 180, 24, 134, 171, 173, 174, 175, 179, 181, 183, 187, 188, 194, 196, 198, 199]
x_163: [3, 6, 8, 10, 13, 15, 17, 18, 20, 21, 22, 26, 28, 30, 33, 34, 36, 41, 47, 48, 51, 55, 57, 60, 70, 73, 78, 80, 82, 84, 85, 90, 98, 100, 101, 104, 105, 106, 109, 110, 111, 113, 115, 116, 121, 123, 125, 128, 138, 139, 143, 144, 148, 152, 153, 154, 155, 156, 158, 4, 130, 117, 127, 199, 170, 39, 64, 188, 192, 27, 200, 169, 171, 174, 176, 178, 179, 180, 181, 182, 183, 186, 187, 190, 191, 194, 195, 198]
x_164: [7, 8, 10, 15, 16, 20, 21, 24, 26, 29, 30, 32, 33, 35, 37, 41, 47, 53, 55, 56, 59, 60, 63, 68, 71, 73, 76, 78, 79, 80, 83, 84, 85, 86, 87, 94, 95, 99, 100, 108, 109, 111, 112, 113, 118, 121, 123, 125, 128, 132, 135, 139, 140, 141, 147, 151, 152, 154, 158, 160, 161, 51, 165, 34, 58, 176, 96, 40, 105, 75, 72, 107, 185, 6, 27, 153, 192, 174, 54, 70, 12, 4, 3, 188, 119, 52, 148, 197, 186, 187, 189, 194, 89, 133, 170, 61, 22, 193, 14, 143, 117, 38, 179, 42, 181, 114, 178, 103, 200, 102, 138, 168, 169, 171, 172, 180, 182, 191, 195, 199]
x_165: [2, 5, 10, 12, 13, 15, 16, 17, 18, 21, 23, 24, 26, 28, 31, 33, 38, 41, 42, 45, 47, 48, 52, 54, 57, 60, 61, 63, 66, 67, 73, 76, 80, 81, 82, 87, 88, 91, 93, 96, 97, 98, 99, 100, 101, 112, 121, 123, 125, 128, 131, 132, 133, 134, 135, 138, 140, 142, 147, 150, 153, 155, 158, 160, 161, 164, 182, 77, 130, 183, 20, 178, 62, 68, 71, 94, 115, 159, 43, 50, 198, 51, 137, 154, 148, 111, 65, 139, 186, 59, 30, 108, 102, 92, 120, 192, 176, 69, 136, 95, 151, 44, 181, 22, 53, 110, 170, 168, 169, 171, 173, 175, 177, 180, 189, 194, 196, 200]
x_166: [2, 7, 8, 10, 13, 15, 17, 21, 23, 24, 25, 26, 27, 30, 32, 33, 36, 38, 41, 42, 46, 48, 51, 59, 63, 65, 66, 67, 68, 71, 72, 76, 80, 81, 82, 84, 85, 86, 87, 88, 89, 91, 96, 97, 98, 99, 101, 105, 111, 119, 121, 123, 128, 130, 133, 135, 138, 141, 142, 143, 144, 150, 152, 154, 160, 161, 28, 199, 50, 45, 132, 168, 151, 95, 58, 29, 109, 171, 173, 174, 177, 178, 180, 181, 182, 183, 185, 187, 188, 189, 190, 191, 192, 194]
x_167: [1, 4, 5, 7, 8, 10, 11, 13, 17, 25, 28, 29, 30, 35, 41, 52, 56, 57, 59, 60, 66, 67, 71, 72, 77, 82, 85, 86, 87, 88, 89, 90, 95, 96, 108, 109, 110, 112, 114, 116, 121, 123, 128, 130, 132, 133, 139, 141, 144, 148, 151, 154, 155, 161, 18, 101, 40, 136, 46, 178, 189, 115, 190, 50, 44, 98, 70, 37, 140, 195, 159, 68, 177, 39, 32, 182, 16, 47, 36, 53, 45, 135, 12, 188, 75, 126, 107, 129, 168, 92, 181, 65, 6, 131, 147, 27, 15, 174, 74, 153, 14, 124, 175, 102, 183, 97, 199, 94, 180, 185, 192, 194, 197, 200]
x_168: [7, 9, 11, 16, 17, 18, 22, 26, 27, 32, 38, 46, 47, 48, 51, 56, 58, 60, 61, 62, 63, 71, 78, 80, 81, 83, 84, 86, 87, 88, 92, 94, 96, 97, 99, 100, 106, 108, 111, 112, 113, 114, 116, 123, 124, 125, 126, 127, 128, 132, 133, 137, 138, 139, 142, 144, 146, 148, 154, 158, 160, 162, 166, 167, 49, 2, 52, 172, 74, 121, 149, 76, 187, 93, 165, 77, 174, 197, 115, 73, 134, 82, 196, 79, 195, 85, 33, 3, 57, 141, 186, 23, 28, 193, 191, 156, 181, 42, 45, 53, 164, 180, 119, 120, 90, 69, 178, 41, 24, 194, 50, 68, 101, 147, 135, 54, 198, 150, 199, 89, 130, 31, 8, 65, 169, 118, 39, 12, 177, 182, 185, 188, 190]
x_169: [3, 4, 7, 8, 13, 15, 17, 21, 23, 25, 26, 32, 35, 36, 38, 41, 46, 50, 60, 61, 66, 68, 69, 71, 75, 76, 78, 80, 84, 85, 86, 88, 89, 90, 96, 97, 98, 109, 110, 112, 119, 121, 124, 128, 131, 132, 133, 137, 138, 139, 140, 144, 148, 149, 153, 157, 158, 168, 105, 9, 113, 182, 42, 57, 164, 183, 102, 174, 40, 59, 6, 111, 192, 120, 114, 136, 99, 73, 143, 123, 176, 14, 101, 22, 103, 163, 198, 199, 47, 188, 177, 10, 180, 165, 63, 5, 108, 171, 175, 185, 186, 187, 190, 196, 197]
x_170: [2, 5, 7, 9, 10, 13, 17, 18, 19, 20, 22, 23, 24, 27, 29, 30, 33, 34, 36, 37, 41, 48, 51, 56, 59, 60, 68, 70, 71, 73, 81, 84, 87, 90, 91, 93, 94, 96, 97, 98, 99, 100, 110, 111, 112, 115, 116, 118, 119, 120, 121, 124, 125, 130, 132, 133, 136, 140, 141, 142, 144, 147, 148, 150, 153, 154, 157, 158, 160, 163, 164, 165, 8, 143, 1, 78, 35, 57, 181, 171, 76, 80, 12, 25, 74, 122, 194, 63, 46, 176, 195, 85, 127, 172, 145, 192, 28, 103, 186, 11, 43, 161, 198, 14, 64, 152, 129, 16, 174, 185, 189, 191, 196, 200]
x_171: [2, 4, 6, 10, 16, 17, 19, 23, 25, 26, 30, 32, 37, 42, 43, 48, 51, 52, 55, 57, 60, 61, 69, 70, 71, 76, 77, 78, 80, 81, 83, 84, 85, 87, 88, 89, 91, 93, 94, 98, 99, 112, 114, 116, 119, 123, 124, 127, 128, 129, 130, 133, 138, 139, 141, 142, 153, 154, 156, 158, 160, 161, 170, 180, 157, 188, 33, 58, 109, 13, 131, 62, 147, 18, 191, 38, 68, 126, 134, 150, 176, 74, 1, 34, 197, 164, 107, 155, 86, 28, 40, 53, 132, 95, 169, 178, 172, 41, 115, 108, 113, 159, 11, 97, 50, 90, 27, 146, 5, 165, 136, 193, 122, 196, 198, 117, 166, 152, 31, 144, 56, 118, 120, 39, 14, 111, 29, 184, 181, 72, 20, 200, 46, 162, 9, 149, 137, 59, 8, 163, 187, 21, 189, 179, 22, 185, 186, 192]
x_172: [2, 5, 8, 13, 20, 23, 26, 28, 29, 30, 32, 36, 37, 41, 42, 45, 46, 47, 48, 51, 56, 57, 58, 59, 60, 61, 65, 68, 70, 71, 76, 80, 81, 82, 86, 87, 90, 91, 92, 93, 94, 101, 108, 109, 111, 114, 116, 124, 125, 128, 131, 132, 133, 135, 137, 138, 143, 147, 150, 152, 153, 158, 160, 168, 170, 171, 190, 161, 17, 151, 4, 9, 35, 115, 27, 148, 164, 12, 178, 112, 83, 15, 66, 134, 50, 40, 10, 104, 175, 155, 144, 33, 69, 19, 100, 67, 72, 120, 54, 181, 24, 121, 96, 73, 156, 34, 77, 176, 3, 107, 188, 18, 129, 180, 184, 186, 187, 195, 200]
x_173: [2, 3, 4, 6, 8, 12, 17, 19, 23, 24, 26, 27, 31, 34, 36, 37, 42, 46, 47, 51, 57, 58, 60, 64, 71, 75, 76, 78, 80, 81, 82, 84, 86, 90, 91, 93, 95, 98, 100, 110, 121, 124, 125, 126, 128, 139, 144, 150, 152, 156, 160, 116, 52, 70, 131, 193, 113, 67, 35, 141, 62, 88, 165, 130, 199, 166, 40, 108, 55, 83, 118, 87, 123, 22, 149, 185, 194, 200, 63, 119, 175, 154, 187, 153, 99, 16, 28, 106, 1, 133, 140, 174, 5, 72, 53, 97, 157, 111, 94, 59, 7, 25, 41, 77, 112, 109, 15, 29, 13, 129, 38, 191, 11, 142, 54, 32, 181, 159, 48, 120, 197, 137, 89, 162, 178, 180, 182, 183, 186, 188, 190, 198]
x_174: [2, 4, 8, 11, 13, 15, 16, 17, 21, 25, 26, 28, 32, 33, 34, 37, 41, 47, 48, 50, 56, 58, 59, 60, 61, 65, 66, 67, 69, 72, 73, 75, 76, 82, 84, 85, 87, 89, 92, 93, 97, 98, 99, 100, 106, 111, 113, 114, 119, 123, 124, 125, 126, 127, 132, 133, 134, 144, 151, 152, 153, 154, 157, 158, 160, 164, 167, 168, 169, 173, 78, 139, 163, 117, 198, 162, 170, 81, 129, 22, 14, 105, 181, 74, 110, 122, 130, 140, 27, 161, 19, 96, 194, 35, 103, 18, 102, 199, 112, 71, 149, 52, 189, 20, 179, 46, 7, 192, 83, 79, 166, 24, 178, 182, 183, 185, 190, 197, 200]
x_175: [5, 7, 8, 9, 12, 13, 15, 16, 19, 23, 27, 29, 37, 40, 41, 47, 49, 50, 58, 59, 60, 61, 62, 63, 66, 67, 69, 70, 71, 73, 75, 78, 81, 82, 84, 86, 90, 91, 93, 96, 97, 99, 100, 108, 112, 116, 123, 124, 126, 128, 130, 132, 134, 137, 138, 139, 142, 152, 153, 154, 156, 159, 160, 167, 172, 173, 190, 181, 120, 162, 125, 148, 133, 187, 165, 32, 131, 6, 150, 51, 161, 56, 83, 17, 53, 169, 77, 44, 46, 200, 39, 65, 14, 64, 1, 74, 24, 18, 79, 180, 57, 118, 182, 185, 188, 189, 194, 195, 196, 198, 199]
x_176: [2, 4, 7, 8, 10, 12, 13, 15, 16, 22, 23, 25, 32, 33, 36, 37, 40, 41, 45, 46, 49, 54, 55, 56, 57, 58, 59, 60, 61, 63, 69, 70, 78, 80, 81, 84, 85, 89, 91, 94, 96, 97, 98, 99, 100, 105, 106, 111, 112, 113, 114, 116, 127, 132, 133, 137, 139, 147, 157, 158, 160, 161, 164, 165, 169, 170, 171, 172, 189, 187, 27, 17, 163, 5, 135, 77, 20, 66, 159, 118, 152, 194, 29, 88, 124, 134, 177, 82, 141, 19, 11, 125, 122, 190, 178, 180, 181, 182, 183, 186, 188, 192, 195, 196, 198, 200]
x_177: [5, 6, 8, 12, 13, 15, 18, 23, 26, 27, 28, 30, 32, 33, 36, 41, 45, 48, 49, 54, 57, 59, 62, 70, 76, 80, 82, 85, 86, 88, 91, 92, 93, 96, 97, 99, 101, 106, 109, 117, 121, 123, 124, 127, 130, 142, 147, 148, 150, 152, 154, 155, 157, 159, 160, 167, 169, 176, 95, 129, 65, 137, 197, 165, 47, 138, 185, 52, 3, 187, 72, 60, 134, 199, 111, 39, 116, 79, 146, 38, 144, 168, 114, 120, 166, 2, 107, 24, 112, 180, 182, 183, 188, 190, 191, 192, 195, 196]
x_178: [4, 7, 10, 14, 29, 30, 32, 41, 47, 49, 52, 53, 54, 55, 56, 57, 59, 60, 61, 63, 65, 67, 70, 76, 77, 80, 84, 91, 93, 96, 97, 100, 101, 108, 111, 112, 114, 116, 118, 124, 128, 132, 135, 137, 141, 142, 144, 149, 150, 152, 153, 154, 158, 160, 164, 165, 167, 168, 171, 172, 188, 200, 176, 102, 134, 34, 157, 139, 19, 78, 23, 155, 6, 192, 148, 198, 99, 156, 163, 138, 89, 166, 193, 126, 180, 24, 36, 194, 174, 86, 18, 173, 87, 35, 72, 186, 161, 1, 190, 159, 185, 64, 2, 140, 44, 113, 122, 109, 107, 73, 105, 199, 106, 94, 181, 183, 191, 197]
x_179: [1, 8, 10, 12, 14, 15, 17, 18, 23, 26, 28, 29, 30, 32, 40, 44, 47, 51, 52, 56, 57, 59, 61, 62, 63, 69, 70, 76, 80, 81, 84, 88, 90, 93, 94, 100, 101, 104, 105, 106, 111, 112, 116, 123, 124, 130, 133, 137, 150, 154, 156, 158, 164, 171, 174, 142, 31, 16, 197, 151, 110, 181, 49, 45, 55, 162, 46, 121, 200, 188, 132, 20, 102, 78, 138, 109, 117, 7, 66, 187, 103, 4, 34, 189, 141, 122, 159, 85, 192, 89, 91, 48, 194, 21, 33, 75, 163, 42, 180, 182, 185, 190, 196]
x_180: [2, 4, 7, 8, 11, 12, 13, 15, 17, 18, 22, 23, 24, 27, 29, 33, 34, 35, 41, 46, 47, 50, 52, 54, 58, 60, 61, 62, 63, 65, 70, 73, 76, 77, 78, 80, 82, 83, 84, 85, 86, 87, 89, 92, 96, 97, 98, 99, 100, 106, 108, 109, 111, 114, 116, 121, 123, 124, 125, 127, 128, 132, 134, 137, 142, 147, 150, 152, 154, 158, 160, 162, 168, 169, 171, 175, 178, 193, 195, 102, 172, 136, 112, 19, 151, 101, 38, 187, 164, 31, 81, 163, 117, 133, 90, 198, 188, 57, 131, 69, 59, 184, 122, 40, 43, 183, 155, 120, 74, 14, 25, 189, 146, 192, 39, 196, 159, 71, 190, 115, 10, 165, 36, 182, 30, 166, 173, 104, 32, 126, 176, 107, 79, 157, 75, 199, 118, 37, 177, 161, 42, 110, 53, 5, 148, 167, 95, 141, 139, 143, 88, 156, 129, 186, 179, 181, 191, 200]
x_181: [2, 4, 9, 10, 13, 17, 20, 22, 23, 26, 27, 31, 32, 33, 34, 35, 36, 38, 41, 43, 48, 55, 56, 61, 63, 69, 70, 71, 72, 76, 78, 82, 84, 86, 87, 88, 89, 90, 91, 93, 94, 96, 97, 98, 99, 100, 104, 106, 109, 110, 111, 125, 126, 130, 131, 134, 137, 138, 142, 144, 150, 153, 154, 160, 164, 165, 167, 168, 170, 171, 172, 173, 174, 175, 179, 124, 46, 115, 50, 194, 166, 188, 122, 18, 155, 123, 147, 186, 81, 141, 116, 47, 127, 19, 128, 139, 3, 83, 176, 107, 182, 163, 178, 30, 133, 53, 192, 135, 145, 197, 152, 54, 95, 25, 157, 15, 45, 65, 129, 196, 44, 113, 14, 119, 140, 24, 80, 187, 189, 75, 40, 162, 66, 60, 11, 101, 79, 73, 59, 67, 190, 180, 148, 183, 185, 191, 195]
x_182: [6, 8, 10, 12, 13, 16, 17, 18, 19, 20, 21, 23, 27, 29, 30, 36, 38, 40, 42, 51, 52, 54, 56, 58, 60, 65, 67, 69, 71, 76, 78, 80, 81, 82, 85, 87, 88, 90, 92, 96, 97, 98, 99, 100, 101, 106, 114, 115, 125, 131, 132, 134, 135, 138, 142, 143, 147, 148, 150, 152, 158, 165, 167, 169, 180, 181, 140, 34, 155, 93, 133, 45, 163, 173, 108, 7, 109, 84, 193, 113, 73, 177, 72, 74, 77, 175, 15, 176, 129, 28, 124, 127, 130, 43, 116, 197, 179, 33, 168, 68, 35, 174, 11, 32, 1, 149, 156, 141, 44, 189, 144, 166, 64, 164, 86, 61, 112, 145, 118, 186, 151, 14, 79, 26, 83, 136, 198, 153, 25, 104, 196, 46, 121, 184, 62, 48, 102, 53, 2, 161, 190, 139, 192, 119, 194, 187, 183, 188, 200]
x_183: [2, 4, 5, 6, 7, 8, 9, 10, 12, 19, 21, 23, 25, 26, 27, 28, 32, 34, 35, 37, 38, 40, 46, 48, 52, 54, 55, 57, 58, 60, 67, 69, 72, 82, 84, 85, 90, 92, 94, 96, 99, 100, 110, 111, 112, 113, 114, 117, 128, 131, 132, 138, 145, 147, 148, 152, 153, 154, 158, 165, 167, 169, 180, 16, 146, 127, 190, 191, 61, 189, 53, 47, 1, 70, 197, 187, 174, 14, 97, 139, 65, 176, 105, 45, 75, 178, 43, 186, 63, 66, 88, 56, 118, 13, 89, 196, 51, 193, 83, 124, 116, 142, 177, 79, 182, 109, 49, 93, 130, 156, 134, 30, 166, 162, 41, 181, 107, 86, 163, 108, 81, 161, 173, 198, 33, 184, 123, 122, 101, 104, 188, 71, 87, 159, 95, 192, 195, 199, 200]
x_184: [4, 7, 8, 9, 10, 13, 17, 19, 20, 23, 24, 28, 30, 37, 38, 42, 45, 50, 51, 53, 54, 61, 65, 67, 68, 69, 70, 72, 73, 75, 80, 81, 82, 83, 84, 86, 87, 89, 90, 91, 94, 98, 100, 101, 104, 106, 108, 109, 110, 112, 113, 114, 116, 119, 121, 124, 128, 130, 131, 132, 134, 136, 139, 142, 147, 148, 149, 154, 155, 157, 158, 171, 180, 182, 183, 60, 52, 186, 188, 3, 102, 14, 18, 138, 153, 200, 172, 41, 44, 185, 187, 194, 195, 197, 198]
x_185: [1, 2, 4, 6, 7, 8, 10, 11, 15, 18, 19, 21, 22, 23, 25, 26, 27, 30, 34, 35, 38, 40, 46, 47, 48, 51, 52, 57, 58, 63, 68, 78, 81, 83, 84, 88, 90, 91, 94, 95, 97, 98, 99, 103, 104, 111, 112, 114, 118, 119, 121, 123, 128, 131, 132, 133, 135, 139, 142, 144, 148, 149, 155, 157, 158, 160, 161, 162, 164, 173, 177, 178, 166, 179, 28, 39, 134, 186, 197, 146, 184, 190, 199, 89, 37, 174, 5, 130, 195, 154, 41, 170, 32, 67, 87, 167, 59, 43, 156, 200, 137, 29, 151, 71, 74, 93, 42, 75, 153, 187, 102, 181, 17, 113, 120, 169, 80, 20, 141, 53, 115, 60, 171, 110, 76, 72, 16, 55, 70, 62, 175, 85, 105, 69, 168, 189, 150, 159, 31, 24, 191, 196]
x_186: [2, 4, 5, 8, 10, 12, 13, 15, 16, 17, 18, 20, 21, 22, 24, 25, 27, 28, 32, 38, 41, 48, 55, 56, 60, 62, 63, 64, 66, 68, 71, 76, 77, 78, 81, 84, 87, 89, 90, 93, 96, 97, 98, 99, 100, 101, 106, 113, 114, 124, 125, 126, 134, 144, 145, 147, 149, 152, 153, 154, 155, 157, 159, 161, 164, 165, 168, 170, 178, 180, 181, 182, 183, 184, 185, 30, 40, 19, 26, 141, 156, 158, 199, 58, 36, 33, 130, 61, 51, 123, 67, 102, 92, 163, 136, 88, 1, 53, 196, 50, 46, 176, 6, 173, 104, 75, 69, 169, 29, 7, 194, 189, 82, 172, 171, 108, 37, 117, 34, 39, 146, 86, 94, 70, 35, 138, 193, 59, 110, 151, 197, 121, 150, 105, 107, 129, 188, 191, 195]
x_187: [3, 4, 6, 7, 8, 9, 11, 12, 13, 17, 21, 25, 26, 32, 36, 37, 38, 40, 41, 47, 48, 57, 58, 61, 65, 69, 76, 80, 81, 84, 85, 88, 90, 91, 93, 94, 96, 98, 99, 100, 101, 106, 111, 112, 114, 125, 128, 132, 133, 137, 138, 140, 142, 143, 150, 152, 157, 158, 160, 164, 168, 171, 173, 175, 176, 177, 179, 180, 181, 182, 183, 185, 155, 123, 75, 192, 5, 1, 16, 145, 64, 44, 189, 108, 139, 131, 184, 154, 141, 49, 28, 172, 153, 109, 95, 151, 51, 113, 196, 33, 169, 149, 126, 83, 52, 79, 39, 2, 119, 162, 23, 199, 163, 193, 121, 78, 166, 148, 18, 122, 30, 59, 200, 120, 86, 97, 118, 144, 195, 45, 53, 188, 191, 198]
x_188: [2, 7, 8, 9, 10, 18, 24, 29, 31, 33, 34, 37, 40, 41, 45, 54, 56, 57, 62, 64, 66, 68, 69, 71, 72, 80, 85, 90, 91, 92, 94, 97, 99, 100, 101, 105, 112, 123, 124, 128, 132, 133, 144, 148, 149, 153, 154, 160, 163, 164, 167, 169, 171, 172, 178, 179, 180, 181, 183, 184, 14, 27, 173, 168, 58, 113, 197, 86, 186, 134, 76, 52, 96, 88, 166, 182, 89, 135, 25, 108, 187, 51, 98, 139, 120, 30, 162, 53, 177, 13, 35, 146, 50, 74, 145, 155, 176, 110, 175, 67, 103, 81, 1, 95, 102, 193, 48, 77, 189, 38, 117, 121, 161, 59, 46, 127, 6, 158, 104, 39, 140, 87, 199, 43, 151, 131, 106, 21, 200, 15, 26, 28, 137, 157, 190, 194]
x_189: [2, 4, 7, 8, 9, 10, 13, 17, 21, 27, 37, 41, 42, 48, 52, 55, 56, 60, 61, 63, 67, 69, 72, 75, 83, 84, 88, 89, 90, 91, 94, 97, 98, 99, 100, 105, 110, 111, 112, 121, 123, 124, 127, 128, 130, 131, 132, 134, 135, 141, 144, 146, 147, 153, 154, 157, 158, 160, 164, 167, 171, 174, 176, 179, 180, 181, 182, 183, 185, 186, 187, 188, 82, 149, 195, 87, 40, 166, 175, 15, 20, 170, 151, 76, 116, 200, 159, 35, 53, 71, 73, 150, 165, 11, 30, 77, 68, 102, 115, 33, 51, 119, 138, 65, 34, 190, 12, 3, 126, 31, 39, 161, 78, 197, 191, 192, 198]
x_190: [3, 8, 9, 12, 13, 14, 23, 26, 27, 28, 30, 36, 37, 38, 41, 48, 51, 57, 58, 61, 62, 63, 67, 69, 73, 76, 78, 80, 81, 82, 85, 87, 88, 93, 94, 97, 99, 101, 112, 114, 116, 119, 121, 123, 124, 128, 133, 134, 137, 144, 147, 149, 150, 152, 154, 155, 157, 167, 172, 175, 176, 178, 180, 181, 182, 183, 185, 189, 159, 56, 104, 29, 188, 92, 110, 131, 33, 55, 21, 174, 156, 115, 113, 198, 20, 5, 10, 169, 2, 45, 125, 68, 158, 122, 79, 179, 77, 145, 126, 66, 130, 90, 24, 98, 70, 120, 100, 60, 177, 25, 44, 191, 46, 6, 50, 17, 16, 47, 160, 19, 71, 129, 83, 18, 143, 91, 108, 52, 168, 117, 53, 163, 166, 153, 199, 49, 148, 173, 195, 7, 141, 194, 197]
x_191: [2, 4, 5, 8, 10, 11, 13, 15, 16, 17, 20, 23, 25, 26, 28, 32, 38, 40, 42, 46, 52, 56, 59, 61, 62, 63, 66, 67, 70, 73, 75, 76, 78, 79, 82, 84, 87, 89, 90, 93, 94, 97, 99, 100, 104, 106, 111, 113, 114, 116, 119, 124, 125, 129, 132, 133, 135, 138, 139, 144, 147, 149, 150, 152, 153, 160, 168, 171, 173, 183, 190, 91, 136, 1, 198, 194, 19, 72, 109, 50, 101, 131, 80, 177, 155, 12, 105, 107, 120, 156, 180, 178, 187, 34, 65, 18, 195, 112, 103, 68, 49, 47, 85, 6, 48, 146, 60, 31, 95, 30, 21, 81, 7, 51, 186, 69, 121, 181, 140, 117, 122, 58, 33, 163, 164, 108, 166, 44, 64, 170, 54, 43, 115, 55, 185, 189, 142, 199, 193, 45, 196, 200, 192]
x_192: [6, 7, 8, 11, 12, 13, 16, 19, 21, 22, 23, 24, 25, 28, 30, 37, 38, 43, 51, 52, 59, 61, 62, 67, 68, 72, 80, 82, 84, 88, 89, 90, 92, 93, 97, 99, 101, 106, 108, 111, 113, 114, 121, 123, 125, 130, 137, 139, 140, 143, 144, 147, 152, 153, 154, 157, 163, 164, 165, 169, 170, 174, 178, 179, 180, 181, 182, 187, 135, 197, 160, 145, 20, 136, 95, 109, 115, 119, 191, 177, 18, 166, 85, 41, 73, 57, 183, 33, 40, 1, 132, 149, 189, 159, 195, 171, 54, 110, 128, 155, 26, 65, 98, 55, 176, 117, 74, 122, 161, 148, 198, 138, 146, 167, 32, 194]
x_193: [5, 6, 9, 10, 13, 21, 23, 24, 28, 29, 30, 32, 34, 41, 45, 50, 53, 57, 60, 61, 67, 69, 70, 71, 73, 80, 82, 85, 86, 87, 89, 92, 93, 94, 96, 97, 99, 100, 104, 108, 109, 112, 113, 114, 117, 123, 125, 127, 128, 133, 134, 138, 140, 141, 142, 149, 153, 154, 156, 157, 158, 159, 164, 168, 171, 173, 178, 180, 182, 183, 186, 187, 188, 191, 95, 54, 160, 27, 103, 105, 49, 195, 196, 197, 198, 199]
x_194: [3, 7, 13, 17, 20, 21, 23, 25, 28, 33, 43, 45, 47, 48, 54, 57, 59, 67, 69, 76, 77, 78, 80, 81, 84, 85, 87, 90, 92, 97, 98, 100, 101, 104, 108, 110, 114, 117, 121, 122, 123, 124, 127, 128, 130, 131, 132, 133, 139, 145, 148, 150, 152, 153, 154, 158, 160, 164, 168, 170, 173, 174, 176, 178, 179, 181, 182, 186, 191, 14, 192, 12, 96, 162, 37, 36, 40, 198, 39, 99, 159, 119, 95, 163, 129, 166, 27, 19, 75, 11, 156, 116, 72, 149, 8, 9, 126, 138, 94, 44, 86, 103, 142, 73, 125, 55, 102, 88, 105, 141, 197, 35, 175, 134, 38, 165, 151, 144, 109, 112, 137, 22, 140, 146, 4, 2, 58, 53, 29, 143, 167, 91, 190, 135, 18, 120, 68, 46, 64, 113, 82, 188, 184, 136, 50, 10, 16, 106, 15, 199]
x_195: [1, 2, 4, 8, 9, 10, 13, 14, 15, 24, 27, 29, 32, 36, 41, 42, 48, 51, 52, 58, 61, 63, 66, 69, 70, 71, 73, 76, 78, 87, 89, 90, 91, 92, 97, 99, 101, 106, 111, 112, 116, 118, 119, 121, 123, 124, 125, 127, 128, 130, 131, 132, 135, 136, 137, 142, 143, 147, 150, 153, 154, 155, 158, 160, 167, 168, 170, 180, 185, 187, 189, 190, 191, 192, 152, 110, 81, 40, 25, 75, 74, 68, 60, 33, 108, 23, 139, 17, 120, 104, 181, 146, 6, 46, 172, 83, 102, 67, 156, 159, 80, 94, 11, 157, 176, 161, 39, 134, 64, 96, 31, 183, 53, 149, 163, 177, 77, 26, 193, 148, 65, 184, 50, 175, 5, 103, 22, 54, 164, 38, 141, 19, 43, 186, 144, 196, 198, 199]
x_196: [1, 2, 7, 10, 17, 20, 22, 23, 25, 26, 36, 38, 41, 42, 48, 50, 54, 60, 67, 69, 71, 73, 78, 82, 85, 89, 90, 92, 93, 94, 96, 97, 99, 100, 101, 104, 106, 108, 109, 111, 112, 114, 116, 124, 125, 126, 128, 130, 133, 137, 142, 153, 154, 158, 159, 160, 168, 171, 180, 181, 182, 183, 186, 187, 191, 66, 198, 185, 24, 5, 58, 40, 14, 162, 57, 176, 28, 63, 165, 115, 138, 120, 113, 179, 150, 155, 195, 177, 88, 175, 80, 33, 27, 170, 75, 132, 110, 169, 98, 46, 156, 45, 15, 193, 21, 199, 200]
x_197: [1, 4, 7, 8, 12, 13, 16, 17, 20, 21, 23, 26, 33, 34, 37, 45, 48, 51, 58, 60, 63, 65, 67, 71, 76, 81, 83, 85, 86, 90, 91, 92, 94, 96, 97, 98, 99, 106, 111, 112, 114, 116, 120, 121, 123, 128, 131, 135, 136, 141, 150, 151, 152, 158, 160, 164, 168, 171, 173, 177, 179, 181, 182, 183, 185, 186, 188, 189, 192, 194, 73, 10, 174, 56, 14, 143, 101, 84, 62, 126, 129, 119, 190, 167, 149, 178, 35, 30, 15, 28, 122, 43, 100, 69, 89, 102, 105, 127, 64, 49, 134, 79, 31, 198, 82, 6, 22, 88, 52, 142, 27, 118, 193, 124, 130, 24, 55, 139, 146, 46, 41, 169, 59, 68, 113, 133, 47, 2, 50, 32, 117, 80, 144, 57, 200, 3, 29, 18, 184, 145, 199]
x_198: [2, 4, 12, 13, 15, 17, 18, 25, 26, 30, 32, 34, 35, 38, 41, 42, 45, 48, 49, 50, 52, 59, 60, 69, 71, 76, 78, 80, 81, 82, 86, 91, 92, 94, 95, 97, 98, 101, 105, 106, 112, 114, 116, 126, 128, 129, 130, 131, 132, 136, 137, 138, 142, 143, 144, 147, 149, 150, 151, 153, 154, 157, 158, 165, 168, 169, 170, 171, 174, 178, 180, 182, 183, 190, 191, 192, 194, 196, 197, 44, 24, 70, 22, 1, 103, 163, 14, 120, 115, 125, 39, 176, 7, 27, 173, 193, 195, 189, 113, 161, 162, 127, 33, 63, 73, 200, 37, 5, 8, 61, 118, 10, 199, 121, 89, 96, 56, 43, 87, 67, 175, 55, 110, 187, 184, 107, 90, 6, 145, 109, 133, 46]
x_199: [2, 6, 7, 8, 13, 15, 17, 18, 21, 28, 29, 32, 33, 34, 37, 39, 41, 48, 54, 55, 58, 59, 60, 67, 68, 69, 75, 80, 81, 82, 83, 89, 90, 94, 97, 98, 99, 100, 101, 112, 113, 116, 121, 122, 123, 124, 125, 126, 128, 133, 137, 138, 139, 142, 145, 148, 149, 150, 152, 163, 166, 167, 168, 169, 173, 174, 177, 178, 180, 185, 186, 187, 188, 190, 191, 198, 102, 96, 11, 16, 175, 1, 84, 109, 47, 87, 155, 27, 91, 43, 127, 120, 159, 9, 86, 193, 104, 105, 119, 183, 162, 52, 12, 65, 153, 61, 135, 132, 195, 26, 141, 76, 157, 4, 66, 31, 85, 131, 151, 147, 72, 164, 197, 46, 44, 161, 25, 40, 57, 143, 144, 71, 24, 62, 110, 49, 42, 70, 117, 73, 38, 196, 194, 134, 107, 14, 92]
x_200: [2, 3, 4, 5, 6, 8, 9, 10, 16, 17, 18, 23, 29, 30, 35, 37, 38, 41, 42, 43, 46, 47, 48, 54, 61, 62, 63, 66, 69, 70, 71, 72, 75, 76, 77, 78, 80, 82, 85, 87, 97, 100, 105, 106, 108, 109, 111, 112, 113, 115, 121, 125, 127, 128, 135, 136, 138, 140, 142, 147, 150, 152, 163, 164, 171, 173, 175, 178, 179, 184, 185, 187, 188, 189, 191, 197, 198, 101, 73, 149, 45, 102, 122, 59, 57, 34, 165, 154, 90, 159, 49, 144, 79, 170, 145, 60, 133, 134, 92, 24, 33, 110, 148, 151, 119, 157, 27, 116, 143, 81, 160, 176, 31, 74, 172, 167, 89, 123, 12, 146, 158, 93, 107, 103, 182, 196, 183, 68, 44, 98, 21, 131, 14, 117, 126, 13, 124, 153, 22, 99, 96, 83, 174, 180, 20, 56, 53, 137, 11, 120]