400
179 22 295 12 96 251 3 35 243 260 200 6 263 186 120 191 210 216 37 106 208 81 255 215 25 8 246 216 97 123 125 163 85 221 120 269 257 239 241 238 234 189 160 130 104 280 85 255 103 295 222 243 249 119 192 105 76 189 34 193 180 65 117 90 46 167 40 82 216 132 96 181 265 244 177 272 287 3 101 171 284 254 57 76 298 159 290 74 125 61 182 150 71 269 69 137 41 133 81 240 279 8 139 248 252 107 37 212 261 33 234 31 203 122 104 166 131 278 99 216 293 296 98 131 229 4 106 46 193 96 265 181 9 185 209 157 232 178 130 129 278 249 281 157 42 254 74 77 227 199 8 169 168 80 259 193 4 12 1 261 248 283 9 256 48 171 81 244 259 206 107 144 67 120 110 195 78 33 167 90 99 83 100 111 111 23 246 260 276 183 293 85 252 49 89 16 75 98 111 129 58 200 204 277 114 22 105 93 19 41 27 117 5 285 256 242 52 120 298 141 40 22 11 237 86 258 116 159 110 59 237 131 232 241 114 153 267 285 197 196 249 298 204 1 233 122 256 52 4 94 165 173 199 36 220 79 231 238 30 206 37 1 266 232 158 91 212 97 222 218 67 204 209 37 208 147 40 3 88 125 218 194 247 11 158 171 207 261 189 181 123 271 272 201 78 211 4 294 169 254 160 1 3 165 278 294 262 236 269 124 87 61 236 80 103 262 160 107 58 133 97 282 58 1 38 234 190 12 225 171 204 101 77 125 249 55 72 187 19 53 197 65 64 144 29 56 218 183 193 194 218 1 206 128 154 205 19 118 27 258 106 162 278 194 45 170 255 185 148 32 215 269 41 18 98 186 67 151 227 167 271 48 193 172 109 133 172 14 16 85 192 289 160 192 113 208 217 210 248 28
x_1: [292, 392, 33, 131, 61, 254, 390, 231, 242, 334, 195, 108, 49, 250, 15, 200, 222, 312, 391, 393, 2, 357, 229, 137, 370, 118, 303, 53, 163, 16, 12, 14, 333, 278, 5, 196, 352, 111, 217, 372, 271, 114, 225, 284, 120, 177, 119, 347, 113, 236, 149, 214, 285, 329, 52, 96, 323, 371, 152, 62, 381, 171, 365, 4, 9, 13, 19, 25, 27, 30, 31, 38, 41, 46, 54, 56, 57, 63, 66, 74, 75, 85, 86, 88, 90, 91, 93, 94, 95, 98, 99, 100, 103, 104, 105, 106, 107, 109, 121, 122, 123, 126, 130, 132, 133, 139, 140, 147, 148, 151, 153, 155, 157, 158, 168, 169, 170, 172, 174, 175, 176, 180, 185, 189, 192, 193, 194, 197, 201, 202, 203, 206, 207, 208, 209, 210, 216, 220, 226, 228, 230, 234, 238, 240, 241, 244, 245, 247, 248, 251, 253, 255, 257, 259, 260, 269, 272, 276, 279, 281, 289, 293, 294, 296, 301, 305, 306, 310, 314, 316, 319, 321, 324, 326, 327, 328, 330, 336, 338, 340, 341, 344, 345, 346, 350, 351, 358, 360, 366, 376, 377, 378, 384, 385, 386, 388, 389, 399, 400]
x_2: [1, 217, 260, 344, 98, 156, 146, 301, 256, 259, 202, 302, 18, 246, 125, 381, 207, 213, 341, 89, 188, 281, 360, 398, 346, 378, 192, 45, 225, 340, 261, 56, 399, 84, 267, 190, 251, 376, 16, 241, 23, 158, 361, 315, 304, 297, 332, 88, 87, 258, 117, 7, 395, 103, 277, 119, 208, 264, 177, 296, 181, 236, 138, 338, 312, 374, 3, 197, 380, 263, 67, 266, 288, 106, 219, 29, 247, 187, 292, 284, 212, 249, 183, 178, 276, 320, 314, 170, 235, 308, 15, 118, 326, 91, 282, 300, 93, 47, 283, 131, 17, 345, 37, 43, 9, 232, 8, 387, 144, 128, 57, 95, 149, 36, 86, 82, 271, 337, 140, 365, 151, 233, 165, 255, 243, 59, 13, 160, 198, 176, 216, 97, 133, 130, 262, 108, 311, 222, 11, 116, 10, 204, 75, 19, 369, 83, 229, 348, 279, 113, 323, 356, 265, 231, 115, 269, 333, 203, 295, 324, 31, 153, 65, 109, 25, 157, 40, 159, 214, 290, 5, 20, 303, 112, 400, 319, 194, 51, 294, 100, 253, 54, 200, 152, 167, 206, 145, 81, 168, 289, 70, 174, 220, 110, 137, 50, 195, 352, 274, 4, 6, 27, 34, 38, 41, 44, 46, 53, 58, 66, 68, 73, 90, 94, 101, 104, 107, 111, 120, 122, 123, 124, 127, 129, 141, 142, 143, 161, 169, 171, 172, 173, 175, 180, 185, 196, 205, 209, 221, 224, 226, 228, 238, 242, 244, 245, 252, 257, 268, 272, 286, 293, 298, 299, 306, 325, 327, 328, 329, 330, 334, 335, 339, 343, 350, 353, 354, 359, 366, 368, 370, 372, 383, 384, 392]
x_3: [2, 273, 121, 34, 372, 21, 44, 69, 87, 86, 276, 110, 138, 389, 171, 308, 260, 131, 189, 174, 175, 59, 150, 310, 400, 367, 251, 70, 297, 283, 395, 54, 165, 209, 38, 195, 76, 65, 315, 301, 194, 40, 293, 282, 115, 290, 42, 137, 187, 152, 289, 274, 235, 142, 56, 24, 7, 344, 8, 47, 212, 97, 123, 216, 83, 60, 231, 349, 124, 82, 381, 53, 223, 278, 151, 130, 365, 245, 162, 52, 107, 334, 163, 14, 6, 306, 164, 201, 161, 205, 33, 234, 58, 129, 111, 317, 399, 353, 241, 339, 183, 133, 94, 158, 102, 127, 185, 144, 46, 386, 230, 295, 330, 117, 200, 22, 168, 96, 156, 126, 172, 279, 314, 48, 113, 11, 125, 206, 37, 374, 39, 12, 326, 149, 385, 184, 253, 79, 257, 261, 341, 89, 92, 398, 77, 73, 157, 55, 364, 264, 309, 106, 280, 370, 17, 320, 345, 284, 383, 354, 154, 222, 81, 25, 366, 342, 350, 229, 221, 225, 233, 203, 88, 249, 13, 331, 214, 10, 32, 355, 182, 71, 304, 204, 120, 4, 91, 271, 333, 352, 328, 375, 116, 254, 246, 173, 287, 313, 373, 335, 141, 391, 262, 393, 105, 160, 153, 191, 85, 360, 378, 238, 305, 64, 311, 80, 219, 112, 292, 369, 388, 27, 202, 368, 327, 179, 197, 269, 322, 43, 72, 316, 338, 359, 228, 196, 167, 319, 250, 109, 62, 210, 61, 143, 128, 384, 98, 16, 134, 146, 103, 140, 9, 26, 28, 29, 35, 41, 66, 74, 90, 93, 95, 100, 101, 122, 132, 145, 166, 193, 217, 224, 226, 232, 236, 242, 243, 244, 255, 256, 268, 272, 281, 294, 298, 300, 321, 323, 324, 332, 336, 340, 346, 348, 376, 379, 392]
x_4: [3, 388, 129, 350, 229, 87, 280, 183, 252, 216, 63, 394, 107, 293, 197, 105, 146, 56, 13, 61, 292, 383, 7, 152, 346, 390, 371, 333, 70, 39, 257, 192, 294, 160, 224, 258, 347, 389, 271, 166, 1, 64, 227, 368, 231, 180, 157, 277, 205, 174, 375, 253, 58, 332, 194, 196, 286, 2, 143, 326, 307, 370, 379, 373, 262, 102, 237, 308, 265, 210, 382, 365, 360, 88, 318, 343, 272, 185, 270, 348, 200, 297, 219, 208, 173, 319, 300, 376, 359, 384, 35, 127, 328, 149, 323, 11, 209, 80, 325, 399, 204, 139, 92, 393, 38, 398, 310, 6, 179, 136, 363, 211, 351, 279, 156, 78, 133, 249, 240, 24, 51, 303, 217, 36, 182, 337, 85, 260, 364, 83, 354, 48, 206, 353, 142, 122, 171, 138, 358, 268, 338, 189, 378, 26, 153, 335, 377, 366, 285, 313, 119, 201, 288, 89, 248, 169, 367, 114, 362, 126, 339, 16, 207, 163, 222, 128, 98, 321, 228, 298, 76, 311, 135, 236, 84, 71, 226, 159, 385, 124, 60, 106, 349, 55, 117, 165, 52, 96, 29, 306, 12, 386, 111, 18, 254, 361, 314, 176, 340, 141, 355, 49, 120, 121, 281, 109, 232, 170, 255, 304, 57, 110, 41, 8, 15, 17, 25, 37, 46, 53, 54, 66, 74, 75, 79, 86, 90, 93, 94, 97, 99, 104, 108, 123, 134, 145, 151, 154, 162, 168, 175, 190, 195, 215, 221, 230, 234, 238, 241, 243, 244, 246, 251, 256, 261, 264, 278, 283, 284, 296, 299, 301, 305, 315, 316, 334, 336, 342, 345, 369, 372, 374, 381, 392, 397]
x_5: [1, 2, 164, 197, 298, 148, 101, 205, 82, 389, 331, 78, 16, 8, 199, 75, 341, 278, 30, 290, 195, 131, 67, 41, 237, 334, 156, 19, 275, 32, 269, 22, 141, 400, 61, 222, 47, 98, 15, 256, 327, 382, 143, 352, 99, 340, 230, 200, 169, 324, 138, 134, 329, 326, 125, 126, 31, 302, 303, 90, 180, 220, 310, 358, 287, 268, 181, 281, 212, 276, 103, 365, 218, 36, 366, 137, 381, 313, 370, 386, 38, 129, 91, 50, 105, 23, 28, 263, 241, 257, 190, 51, 161, 21, 65, 273, 17, 227, 66, 203, 391, 363, 229, 13, 378, 139, 167, 44, 155, 18, 376, 377, 60, 348, 49, 258, 286, 106, 170, 174, 261, 201, 300, 247, 54, 335, 369, 360, 267, 150, 81, 210, 177, 295, 34, 154, 274, 214, 153, 140, 384, 270, 63, 77, 163, 373, 168, 294, 232, 144, 246, 233, 187, 380, 297, 29, 69, 25, 252, 383, 186, 330, 207, 158, 238, 307, 175, 260, 86, 76, 114, 289, 58, 95, 393, 211, 318, 26, 6, 7, 11, 12, 39, 52, 57, 70, 83, 87, 89, 94, 97, 100, 107, 108, 115, 119, 120, 123, 124, 130, 132, 133, 146, 147, 151, 162, 173, 184, 185, 189, 191, 192, 193, 194, 216, 223, 224, 234, 236, 240, 244, 245, 251, 253, 262, 264, 272, 277, 282, 283, 284, 288, 293, 296, 304, 305, 311, 315, 317, 323, 332, 333, 339, 346, 347, 359, 361, 372, 385, 387, 388, 395, 397]
x_6: [3, 4, 349, 137, 366, 55, 105, 134, 35, 324, 293, 270, 329, 41, 38, 112, 330, 89, 262, 222, 12, 303, 189, 250, 364, 146, 113, 103, 307, 253, 121, 218, 232, 346, 188, 279, 97, 247, 372, 132, 209, 104, 5, 383, 273, 395, 195, 264, 40, 207, 316, 297, 300, 21, 181, 235, 98, 154, 357, 354, 277, 62, 155, 263, 162, 398, 331, 283, 145, 211, 278, 266, 210, 309, 323, 298, 158, 68, 260, 228, 301, 72, 282, 396, 84, 130, 326, 377, 339, 290, 19, 216, 206, 338, 385, 343, 10, 47, 197, 138, 238, 140, 191, 384, 394, 173, 199, 234, 60, 248, 182, 75, 213, 76, 66, 302, 148, 212, 133, 379, 141, 172, 249, 111, 367, 252, 33, 67, 106, 77, 118, 374, 14, 53, 80, 246, 397, 51, 205, 333, 371, 96, 2, 46, 219, 314, 27, 274, 217, 178, 25, 334, 284, 348, 215, 344, 380, 61, 136, 351, 143, 92, 361, 110, 347, 45, 200, 64, 230, 151, 350, 261, 255, 202, 311, 198, 315, 360, 86, 267, 214, 381, 275, 325, 389, 320, 388, 337, 363, 29, 321, 226, 390, 52, 139, 362, 127, 100, 288, 30, 312, 144, 13, 31, 37, 42, 54, 56, 57, 58, 63, 69, 70, 81, 82, 83, 90, 107, 109, 116, 119, 123, 126, 129, 150, 161, 169, 171, 174, 175, 176, 180, 194, 201, 204, 220, 223, 224, 227, 229, 239, 242, 244, 245, 254, 256, 265, 269, 272, 280, 286, 289, 305, 306, 308, 310, 313, 317, 318, 327, 328, 332, 336, 340, 342, 345, 352, 359, 370, 391, 392, 400]
x_7: [2, 3, 4, 137, 252, 110, 256, 189, 307, 241, 124, 174, 91, 311, 389, 93, 379, 298, 356, 231, 274, 77, 30, 259, 167, 271, 354, 70, 331, 390, 162, 319, 253, 246, 169, 61, 66, 72, 358, 132, 116, 46, 326, 276, 360, 26, 289, 89, 351, 60, 103, 258, 291, 338, 158, 217, 168, 397, 11, 157, 316, 113, 44, 381, 115, 144, 349, 321, 175, 138, 308, 369, 266, 195, 12, 63, 178, 59, 129, 395, 74, 294, 22, 40, 48, 372, 53, 154, 163, 128, 272, 186, 16, 41, 205, 191, 327, 49, 348, 141, 5, 264, 165, 58, 181, 329, 371, 65, 139, 208, 47, 296, 318, 244, 215, 275, 202, 155, 324, 282, 69, 28, 261, 57, 90, 111, 223, 280, 135, 243, 9, 10, 15, 18, 29, 51, 52, 54, 55, 68, 73, 75, 79, 82, 87, 94, 97, 98, 100, 101, 108, 119, 120, 122, 123, 125, 126, 130, 131, 134, 136, 146, 147, 148, 150, 153, 161, 171, 192, 193, 194, 197, 198, 203, 204, 207, 209, 210, 221, 224, 227, 228, 229, 230, 232, 233, 234, 236, 240, 242, 245, 247, 248, 249, 257, 260, 262, 269, 273, 279, 281, 284, 285, 286, 300, 301, 310, 315, 322, 325, 328, 330, 332, 333, 334, 336, 337, 339, 340, 343, 347, 353, 375, 378, 384, 391, 396]
x_8: [2, 3, 4, 5, 207, 363, 54, 382, 192, 36, 336, 279, 186, 285, 371, 260, 351, 298, 16, 317, 158, 229, 350, 68, 80, 39, 297, 73, 347, 111, 248, 393, 172, 187, 150, 82, 196, 226, 208, 61, 308, 75, 139, 152, 342, 352, 328, 310, 276, 330, 195, 383, 288, 52, 236, 399, 222, 307, 348, 217, 142, 190, 210, 10, 11, 12, 18, 21, 22, 25, 30, 35, 40, 43, 49, 53, 57, 58, 59, 66, 72, 79, 83, 86, 88, 90, 91, 94, 97, 103, 104, 107, 108, 110, 113, 119, 123, 124, 127, 128, 131, 133, 136, 144, 146, 147, 151, 153, 154, 156, 157, 162, 170, 174, 175, 177, 180, 185, 191, 193, 194, 197, 200, 204, 216, 219, 220, 221, 224, 225, 233, 235, 238, 239, 241, 242, 243, 246, 247, 249, 252, 253, 255, 258, 259, 261, 262, 264, 265, 268, 269, 278, 294, 296, 300, 301, 304, 306, 309, 311, 312, 318, 321, 325, 327, 329, 332, 333, 335, 337, 340, 346, 357, 359, 362, 366, 367, 370, 372, 374, 377, 378, 384, 386, 389, 391, 392, 400]
x_9: [2, 311, 237, 28, 51, 242, 399, 20, 331, 361, 358, 1, 22, 57, 301, 72, 272, 261, 391, 183, 283, 139, 291, 336, 243, 126, 319, 123, 55, 288, 184, 82, 60, 398, 21, 161, 217, 373, 178, 130, 337, 321, 396, 29, 316, 223, 213, 193, 151, 387, 175, 226, 359, 122, 326, 313, 266, 74, 345, 59, 263, 89, 279, 330, 250, 388, 364, 63, 299, 12, 246, 108, 197, 324, 90, 204, 367, 117, 52, 128, 172, 169, 347, 381, 190, 253, 334, 340, 371, 100, 222, 205, 278, 62, 293, 137, 65, 77, 7, 56, 14, 335, 39, 94, 235, 393, 194, 342, 258, 148, 80, 79, 269, 131, 10, 238, 325, 377, 276, 357, 201, 3, 92, 176, 397, 275, 286, 83, 300, 112, 219, 121, 265, 372, 98, 259, 354, 314, 40, 127, 400, 239, 61, 25, 199, 46, 287, 49, 329, 24, 11, 160, 143, 86, 305, 69, 363, 163, 395, 274, 18, 26, 31, 35, 37, 38, 41, 43, 58, 68, 70, 73, 75, 81, 84, 88, 91, 93, 96, 99, 103, 104, 110, 116, 120, 124, 125, 132, 133, 134, 140, 147, 157, 170, 174, 189, 192, 198, 202, 203, 206, 209, 215, 216, 220, 221, 224, 229, 231, 233, 234, 240, 241, 244, 247, 249, 251, 255, 260, 262, 284, 289, 290, 297, 298, 302, 303, 304, 306, 307, 310, 312, 315, 317, 327, 333, 343, 344, 350, 353, 360, 362, 366, 375, 378, 379, 380, 383, 386, 389]
x_10: [2, 3, 6, 9, 230, 257, 214, 284, 86, 358, 203, 200, 103, 254, 143, 185, 78, 133, 291, 144, 90, 400, 370, 319, 43, 375, 173, 74, 131, 130, 179, 197, 290, 240, 7, 77, 67, 116, 101, 37, 297, 276, 317, 102, 279, 220, 367, 123, 296, 72, 236, 201, 365, 321, 40, 79, 342, 30, 16, 383, 208, 196, 350, 71, 303, 306, 345, 280, 38, 124, 147, 104, 339, 369, 204, 183, 384, 92, 153, 364, 252, 275, 150, 46, 264, 154, 107, 362, 238, 12, 149, 304, 53, 315, 191, 387, 228, 27, 162, 82, 68, 323, 58, 223, 325, 301, 126, 382, 259, 260, 63, 363, 109, 265, 69, 372, 368, 62, 391, 289, 194, 340, 247, 119, 138, 20, 327, 344, 258, 120, 211, 141, 394, 216, 205, 140, 253, 51, 343, 96, 287, 233, 386, 23, 251, 110, 202, 374, 125, 49, 348, 22, 217, 227, 97, 89, 305, 98, 261, 198, 268, 338, 388, 398, 34, 175, 235, 313, 91, 76, 241, 299, 48, 263, 294, 331, 155, 181, 26, 283, 245, 219, 156, 302, 163, 285, 311, 213, 267, 13, 295, 298, 59, 19, 272, 8, 52, 171, 189, 385, 18, 190, 249, 277, 229, 172, 83, 167, 75, 56, 207, 134, 312, 33, 393, 127, 136, 282, 146, 39, 88, 137, 212, 65, 145, 329, 15, 17, 29, 31, 35, 47, 54, 55, 60, 64, 66, 70, 81, 87, 95, 99, 100, 106, 108, 111, 115, 122, 161, 176, 193, 206, 209, 210, 221, 226, 243, 246, 269, 278, 281, 310, 316, 318, 330, 332, 333, 334, 335, 336, 346, 354, 356, 361, 371, 377, 389, 392]
x_11: [2, 3, 4, 7, 9, 121, 108, 51, 142, 370, 246, 25, 378, 263, 155, 105, 279, 39, 282, 162, 174, 152, 265, 69, 19, 227, 187, 383, 20, 15, 214, 384, 84, 286, 21, 362, 302, 360, 340, 323, 270, 218, 95, 102, 120, 59, 301, 67, 260, 63, 137, 235, 101, 29, 185, 234, 172, 315, 371, 182, 113, 326, 5, 8, 251, 17, 85, 130, 283, 118, 392, 44, 269, 89, 18, 271, 103, 148, 125, 252, 191, 167, 201, 335, 38, 100, 305, 93, 97, 351, 320, 153, 298, 219, 243, 12, 250, 54, 338, 321, 296, 341, 318, 222, 363, 299, 176, 332, 216, 264, 254, 312, 289, 339, 257, 245, 308, 349, 379, 295, 394, 231, 310, 242, 13, 24, 31, 46, 48, 50, 61, 66, 68, 73, 74, 86, 94, 98, 106, 107, 110, 111, 115, 116, 123, 139, 145, 146, 147, 154, 161, 168, 169, 171, 175, 186, 194, 195, 197, 204, 207, 209, 211, 221, 224, 226, 228, 232, 236, 241, 247, 256, 262, 276, 277, 294, 297, 303, 304, 306, 311, 313, 314, 316, 333, 334, 344, 346, 347, 348, 350, 354, 361, 365, 366, 367, 369, 375, 376, 377, 380, 387, 388, 389, 391, 397]
x_12: [1, 3, 4, 6, 7, 9, 10, 11, 138, 346, 269, 155, 289, 392, 203, 311, 277, 133, 131, 159, 8, 310, 388, 24, 235, 183, 119, 261, 228, 108, 359, 244, 172, 357, 321, 75, 197, 224, 28, 329, 57, 5, 385, 278, 380, 157, 194, 167, 174, 302, 26, 107, 367, 42, 169, 62, 344, 331, 34, 66, 400, 354, 151, 210, 312, 175, 120, 14, 330, 94, 387, 393, 259, 384, 294, 188, 216, 270, 237, 38, 18, 22, 27, 31, 40, 49, 52, 53, 61, 73, 74, 76, 82, 84, 87, 88, 89, 90, 93, 95, 101, 104, 105, 106, 109, 110, 111, 113, 122, 124, 127, 132, 136, 140, 141, 144, 145, 147, 148, 153, 162, 168, 170, 171, 173, 178, 180, 186, 192, 193, 196, 198, 200, 201, 202, 204, 205, 206, 220, 221, 226, 227, 230, 231, 232, 236, 238, 240, 241, 243, 245, 247, 248, 249, 251, 252, 255, 256, 264, 265, 274, 280, 283, 285, 286, 290, 292, 297, 298, 300, 304, 306, 314, 315, 317, 327, 328, 332, 336, 337, 340, 341, 347, 348, 349, 350, 351, 361, 364, 365, 370, 373, 375, 376]
x_13: [2, 3, 4, 5, 10, 209, 119, 312, 22, 317, 124, 323, 115, 125, 366, 203, 195, 108, 319, 78, 369, 154, 381, 185, 1, 365, 361, 352, 158, 228, 255, 88, 346, 75, 16, 190, 224, 284, 176, 263, 251, 163, 310, 58, 299, 331, 150, 281, 340, 142, 220, 6, 160, 386, 45, 328, 252, 59, 257, 113, 311, 383, 330, 384, 136, 191, 28, 53, 306, 264, 262, 84, 67, 25, 35, 112, 345, 32, 217, 375, 367, 11, 34, 29, 18, 276, 174, 171, 314, 287, 109, 241, 103, 137, 152, 298, 282, 268, 17, 19, 20, 24, 30, 31, 39, 42, 43, 46, 54, 66, 70, 73, 79, 89, 90, 91, 95, 96, 97, 101, 104, 107, 116, 120, 123, 126, 127, 129, 131, 134, 139, 140, 141, 144, 145, 146, 153, 155, 157, 161, 162, 170, 173, 175, 177, 180, 189, 192, 193, 196, 197, 204, 208, 210, 216, 221, 226, 232, 235, 236, 239, 242, 244, 245, 247, 253, 258, 259, 261, 265, 275, 279, 283, 286, 288, 290, 291, 292, 300, 301, 305, 308, 313, 321, 324, 327, 329, 332, 333, 334, 335, 336, 342, 348, 353, 354, 357, 359, 370, 372, 377, 378, 379, 388, 392, 400]
x_14: [1, 3, 6, 9, 12, 120, 94, 108, 201, 31, 123, 285, 359, 232, 19, 170, 168, 209, 62, 289, 95, 259, 328, 48, 390, 112, 116, 91, 156, 51, 161, 372, 75, 33, 227, 77, 119, 23, 383, 147, 177, 30, 302, 46, 103, 117, 341, 104, 28, 373, 60, 45, 381, 113, 366, 130, 270, 217, 128, 370, 17, 371, 129, 392, 100, 167, 180, 183, 233, 338, 316, 196, 348, 198, 219, 126, 251, 176, 92, 310, 333, 59, 38, 396, 224, 142, 273, 172, 387, 190, 210, 234, 187, 181, 162, 203, 242, 262, 66, 155, 87, 291, 65, 281, 365, 86, 235, 331, 322, 78, 70, 83, 41, 314, 121, 21, 22, 25, 27, 35, 37, 43, 49, 57, 58, 63, 68, 82, 90, 93, 97, 98, 101, 105, 109, 111, 122, 124, 131, 132, 134, 137, 140, 144, 145, 153, 157, 163, 171, 185, 188, 189, 192, 197, 200, 202, 205, 211, 213, 216, 221, 223, 229, 230, 243, 244, 245, 246, 248, 249, 254, 256, 258, 260, 261, 264, 278, 279, 280, 282, 283, 286, 290, 292, 293, 298, 300, 301, 304, 305, 308, 311, 315, 321, 325, 327, 330, 336, 339, 342, 344, 345, 346, 347, 352, 356, 362, 376, 378, 379, 384, 386, 388]
x_15: [1, 2, 5, 11, 331, 162, 88, 142, 243, 159, 40, 220, 79, 282, 181, 231, 56, 80, 351, 36, 96, 246, 274, 18, 24, 372, 99, 333, 183, 377, 188, 260, 182, 258, 322, 341, 192, 176, 335, 62, 95, 193, 17, 139, 315, 365, 108, 32, 127, 156, 168, 289, 207, 126, 185, 396, 26, 119, 149, 358, 292, 4, 101, 50, 70, 115, 189, 137, 73, 84, 117, 39, 160, 294, 262, 261, 277, 308, 278, 222, 225, 298, 263, 244, 94, 38, 106, 118, 391, 69, 107, 249, 186, 43, 313, 122, 348, 357, 109, 45, 226, 330, 336, 309, 85, 295, 354, 344, 362, 10, 112, 283, 19, 27, 256, 287, 179, 250, 35, 164, 380, 291, 343, 310, 163, 46, 247, 174, 213, 37, 135, 33, 338, 166, 93, 116, 161, 130, 157, 7, 151, 325, 25, 60, 221, 314, 143, 394, 369, 290, 16, 20, 21, 22, 29, 53, 57, 61, 71, 74, 87, 90, 91, 97, 100, 103, 104, 113, 131, 133, 145, 150, 152, 153, 154, 171, 172, 187, 191, 197, 200, 203, 204, 205, 223, 224, 227, 232, 233, 234, 237, 242, 248, 251, 253, 254, 255, 257, 259, 265, 268, 275, 284, 286, 296, 297, 299, 300, 304, 306, 311, 316, 321, 324, 326, 328, 329, 332, 334, 339, 347, 349, 350, 353, 356, 359, 366, 367, 368, 370, 373, 374, 381, 383, 385, 386, 389, 392, 397, 399, 400]
x_16: [1, 2, 3, 4, 5, 7, 8, 10, 13, 295, 145, 312, 132, 346, 89, 166, 74, 181, 49, 204, 183, 268, 382, 291, 357, 99, 203, 231, 77, 247, 358, 125, 20, 374, 328, 127, 41, 380, 37, 266, 260, 242, 292, 248, 359, 168, 267, 88, 289, 363, 255, 198, 283, 371, 288, 85, 304, 302, 192, 27, 372, 189, 225, 122, 353, 331, 340, 280, 156, 46, 227, 389, 100, 83, 69, 24, 187, 173, 252, 245, 120, 313, 31, 228, 336, 84, 261, 107, 205, 239, 64, 162, 135, 71, 87, 169, 68, 93, 317, 272, 158, 284, 362, 219, 240, 235, 262, 160, 316, 159, 106, 345, 80, 350, 175, 61, 218, 195, 366, 263, 377, 92, 226, 274, 28, 44, 370, 55, 50, 276, 199, 94, 244, 230, 19, 301, 303, 251, 200, 149, 179, 398, 388, 307, 140, 15, 285, 32, 344, 34, 282, 118, 229, 164, 172, 53, 383, 143, 210, 170, 206, 278, 315, 259, 75, 180, 116, 111, 233, 333, 78, 287, 165, 144, 250, 367, 155, 365, 330, 298, 161, 386, 90, 52, 79, 17, 21, 26, 30, 35, 38, 39, 45, 54, 56, 57, 63, 70, 72, 95, 97, 98, 101, 108, 109, 115, 123, 124, 131, 141, 150, 174, 202, 207, 208, 209, 213, 216, 220, 221, 224, 232, 234, 236, 249, 254, 257, 264, 269, 277, 281, 286, 290, 293, 297, 308, 314, 321, 323, 325, 327, 329, 332, 337, 341, 342, 348, 352, 356, 361, 373, 379, 381, 384, 385, 387, 400]
x_17: [2, 3, 5, 11, 14, 15, 164, 162, 254, 347, 287, 326, 175, 371, 298, 288, 304, 237, 166, 249, 354, 202, 275, 112, 86, 124, 103, 305, 126, 27, 400, 165, 318, 389, 32, 169, 215, 16, 177, 185, 186, 308, 339, 210, 108, 148, 115, 161, 204, 358, 197, 343, 397, 90, 200, 334, 180, 310, 316, 114, 120, 34, 314, 105, 364, 151, 50, 223, 48, 209, 79, 58, 274, 376, 92, 386, 74, 193, 224, 167, 278, 327, 359, 268, 142, 107, 100, 82, 85, 276, 83, 76, 62, 227, 300, 67, 221, 69, 171, 311, 360, 349, 163, 71, 184, 399, 116, 121, 355, 255, 251, 18, 46, 273, 241, 290, 363, 144, 380, 179, 244, 271, 101, 369, 106, 353, 370, 357, 156, 22, 137, 266, 97, 37, 55, 395, 57, 205, 170, 54, 229, 368, 296, 248, 342, 191, 332, 385, 211, 189, 282, 75, 122, 123, 234, 226, 291, 49, 28, 89, 270, 4, 23, 143, 213, 68, 356, 396, 192, 176, 383, 25, 260, 233, 187, 31, 61, 328, 64, 77, 10, 188, 78, 13, 242, 35, 302, 279, 309, 257, 66, 346, 362, 330, 195, 245, 225, 60, 313, 40, 52, 70, 81, 84, 91, 96, 98, 99, 113, 130, 131, 133, 145, 150, 153, 154, 168, 172, 190, 201, 206, 216, 220, 230, 232, 235, 238, 246, 252, 253, 258, 261, 262, 264, 284, 285, 286, 292, 297, 299, 301, 315, 317, 321, 324, 325, 333, 336, 338, 350, 352, 361, 373, 374, 378, 382, 384, 387, 392]
x_18: [2, 4, 5, 10, 11, 13, 15, 17, 54, 50, 182, 55, 101, 57, 354, 335, 303, 45, 263, 222, 121, 47, 158, 250, 314, 32, 294, 220, 287, 153, 201, 322, 21, 344, 305, 142, 318, 245, 225, 113, 138, 165, 397, 227, 274, 29, 264, 89, 382, 362, 234, 152, 300, 94, 262, 338, 204, 389, 342, 355, 212, 351, 306, 386, 323, 157, 9, 33, 76, 253, 60, 185, 133, 159, 278, 156, 71, 257, 20, 229, 241, 374, 292, 167, 191, 65, 365, 8, 276, 104, 395, 319, 34, 237, 146, 7, 332, 137, 372, 12, 290, 206, 58, 51, 310, 327, 357, 353, 230, 313, 256, 272, 176, 302, 348, 23, 97, 87, 316, 22, 61, 285, 103, 83, 77, 117, 112, 46, 258, 181, 289, 223, 315, 69, 147, 296, 128, 36, 136, 30, 145, 244, 217, 224, 35, 95, 110, 394, 388, 213, 92, 116, 118, 31, 188, 19, 25, 37, 39, 40, 41, 43, 49, 56, 59, 66, 68, 70, 72, 75, 79, 81, 84, 86, 90, 96, 99, 100, 107, 109, 114, 115, 124, 125, 126, 127, 131, 134, 140, 150, 151, 154, 161, 162, 170, 171, 172, 175, 190, 192, 193, 194, 197, 200, 205, 210, 216, 221, 231, 232, 235, 239, 240, 243, 248, 252, 254, 261, 270, 277, 279, 282, 283, 286, 293, 297, 301, 304, 308, 309, 311, 312, 321, 330, 334, 339, 340, 345, 350, 356, 359, 364, 368, 370, 373, 375, 376, 377, 378, 379, 387, 392, 396, 399]
x_19: [2, 5, 6, 10, 11, 14, 15, 16, 229, 165, 112, 113, 132, 80, 354, 361, 267, 196, 55, 245, 351, 375, 314, 1, 242, 160, 135, 398, 360, 150, 107, 68, 326, 195, 340, 18, 394, 235, 275, 13, 22, 23, 27, 29, 31, 35, 37, 38, 44, 46, 54, 57, 61, 70, 72, 73, 75, 79, 83, 84, 85, 94, 96, 98, 101, 102, 105, 108, 110, 111, 120, 122, 123, 127, 129, 131, 134, 140, 144, 145, 146, 151, 153, 154, 158, 162, 169, 170, 171, 172, 173, 175, 185, 186, 189, 191, 193, 197, 208, 216, 217, 219, 223, 224, 226, 227, 228, 230, 231, 232, 233, 238, 239, 243, 247, 248, 251, 254, 255, 259, 260, 261, 262, 263, 264, 269, 274, 276, 277, 281, 285, 286, 291, 292, 294, 298, 300, 303, 306, 312, 313, 315, 317, 319, 324, 327, 328, 333, 334, 339, 344, 345, 346, 347, 350, 353, 359, 364, 370, 384, 385, 389, 392, 396, 400]
x_20: [2, 9, 10, 11, 16, 18, 253, 331, 51, 152, 360, 320, 224, 103, 265, 171, 128, 125, 252, 295, 60, 92, 255, 184, 362, 330, 305, 325, 222, 205, 284, 216, 387, 13, 321, 73, 218, 66, 32, 150, 199, 316, 221, 327, 49, 104, 307, 139, 246, 217, 136, 261, 393, 55, 167, 79, 288, 366, 276, 133, 345, 347, 339, 376, 50, 395, 190, 233, 385, 146, 72, 44, 209, 195, 15, 299, 369, 67, 397, 287, 201, 396, 120, 193, 211, 308, 21, 43, 151, 313, 178, 394, 22, 35, 38, 24, 300, 158, 182, 47, 241, 318, 25, 27, 28, 29, 30, 40, 41, 53, 56, 57, 64, 69, 70, 71, 81, 82, 85, 86, 88, 93, 94, 95, 97, 100, 108, 110, 111, 112, 115, 117, 119, 123, 126, 130, 131, 132, 134, 141, 144, 145, 147, 154, 163, 166, 169, 170, 174, 176, 185, 189, 191, 192, 203, 204, 210, 220, 226, 228, 229, 234, 235, 238, 242, 244, 248, 251, 256, 260, 262, 264, 279, 282, 285, 292, 294, 304, 306, 310, 312, 314, 315, 317, 323, 324, 328, 329, 332, 334, 336, 337, 340, 343, 349, 350, 351, 352, 354, 357, 358, 370, 372, 373, 383, 386, 389, 400]
x_21: [3, 5, 6, 9, 11, 18, 20, 394, 88, 322, 182, 270, 128, 168, 309, 120, 325, 396, 360, 112, 160, 157, 275, 166, 366, 155, 301, 337, 247, 130, 118, 76, 124, 83, 44, 133, 205, 104, 71, 85, 284, 319, 38, 162, 198, 362, 109, 82, 229, 111, 206, 58, 359, 113, 370, 327, 149, 262, 334, 173, 43, 36, 37, 119, 62, 269, 238, 285, 235, 308, 86, 222, 277, 57, 99, 8, 125, 158, 110, 266, 311, 151, 136, 179, 137, 148, 25, 15, 321, 400, 226, 22, 106, 40, 232, 339, 156, 59, 127, 345, 16, 100, 326, 70, 320, 306, 352, 343, 14, 374, 287, 117, 244, 89, 273, 115, 33, 165, 296, 265, 134, 204, 279, 144, 181, 278, 207, 272, 271, 274, 239, 143, 46, 93, 389, 246, 289, 202, 69, 317, 107, 27, 163, 75, 24, 28, 29, 35, 49, 50, 53, 63, 64, 68, 73, 74, 84, 87, 90, 95, 103, 122, 132, 141, 145, 154, 169, 170, 171, 172, 175, 176, 180, 186, 191, 193, 195, 197, 208, 209, 210, 211, 215, 216, 220, 241, 243, 249, 250, 251, 252, 253, 254, 255, 256, 257, 259, 264, 268, 280, 283, 290, 293, 294, 298, 299, 303, 304, 310, 329, 332, 335, 336, 340, 346, 350, 358, 376, 379, 380, 381, 383, 384, 385, 386, 387, 391, 392]
x_22: [3, 5, 7, 9, 10, 13, 17, 18, 20, 21, 204, 210, 373, 304, 244, 258, 34, 353, 68, 285, 211, 280, 200, 279, 140, 23, 112, 100, 156, 362, 195, 154, 266, 12, 292, 137, 98, 275, 267, 380, 274, 84, 118, 46, 108, 246, 85, 27, 337, 207, 145, 8, 78, 51, 363, 301, 221, 90, 290, 240, 339, 56, 340, 208, 115, 33, 66, 174, 260, 253, 263, 189, 222, 299, 128, 227, 134, 183, 198, 194, 318, 55, 93, 352, 308, 323, 177, 39, 14, 215, 32, 391, 236, 57, 321, 332, 392, 120, 233, 180, 47, 172, 347, 19, 142, 302, 269, 393, 315, 67, 293, 86, 160, 367, 374, 125, 251, 384, 197, 15, 257, 131, 62, 147, 133, 44, 167, 264, 113, 151, 379, 42, 88, 234, 191, 205, 327, 398, 232, 348, 242, 341, 53, 289, 43, 344, 31, 25, 30, 35, 38, 40, 49, 54, 58, 72, 75, 79, 81, 87, 99, 101, 102, 103, 107, 109, 119, 123, 124, 130, 132, 143, 144, 146, 148, 157, 161, 162, 166, 169, 170, 176, 187, 192, 196, 201, 202, 218, 219, 220, 224, 230, 241, 245, 254, 259, 265, 268, 272, 278, 284, 286, 291, 294, 296, 297, 310, 311, 313, 314, 324, 328, 330, 331, 335, 336, 338, 342, 343, 345, 346, 350, 351, 354, 357, 360, 368, 372, 377, 386, 389]
x_23: [2, 5, 10, 14, 17, 18, 22, 143, 19, 138, 160, 91, 276, 245, 317, 368, 349, 25, 27, 29, 32, 35, 38, 39, 41, 43, 45, 46, 49, 51, 54, 58, 59, 60, 64, 70, 75, 82, 84, 86, 89, 94, 96, 97, 98, 100, 105, 107, 108, 109, 111, 115, 116, 120, 123, 124, 128, 130, 131, 132, 137, 144, 145, 150, 151, 157, 158, 161, 168, 169, 175, 184, 185, 188, 192, 194, 196, 197, 200, 203, 206, 207, 210, 218, 219, 220, 223, 229, 230, 232, 233, 235, 243, 244, 250, 252, 258, 261, 264, 268, 269, 272, 277, 280, 281, 283, 286, 291, 292, 294, 296, 297, 300, 301, 304, 305, 306, 308, 314, 321, 324, 326, 328, 330, 334, 335, 340, 344, 345, 350, 351, 352, 357, 358, 366, 367, 372, 377, 384, 388, 389, 392, 395, 397]
x_24: [3, 4, 9, 12, 15, 16, 20, 233, 176, 122, 116, 178, 377, 365, 30, 226, 263, 102, 202, 79, 92, 119, 42, 203, 21, 90, 164, 276, 318, 270, 84, 217, 114, 132, 345, 266, 225, 97, 310, 367, 194, 211, 205, 262, 219, 140, 227, 173, 290, 13, 41, 242, 375, 384, 215, 83, 221, 279, 261, 399, 260, 374, 258, 319, 89, 137, 212, 247, 147, 363, 234, 204, 283, 193, 123, 184, 278, 361, 272, 136, 11, 337, 38, 135, 364, 200, 395, 302, 130, 252, 82, 248, 57, 113, 78, 58, 197, 35, 49, 240, 282, 336, 139, 27, 271, 380, 329, 107, 183, 305, 174, 196, 335, 149, 43, 118, 372, 288, 179, 373, 382, 224, 301, 96, 28, 170, 181, 324, 304, 163, 295, 91, 75, 392, 369, 321, 59, 273, 105, 245, 120, 316, 31, 37, 39, 40, 54, 66, 70, 73, 74, 76, 80, 81, 87, 88, 95, 98, 106, 111, 115, 121, 124, 127, 134, 141, 142, 144, 151, 152, 153, 168, 169, 172, 175, 185, 187, 195, 201, 207, 209, 210, 220, 228, 229, 231, 238, 241, 243, 246, 249, 251, 253, 254, 257, 264, 265, 269, 274, 280, 284, 286, 292, 293, 294, 296, 303, 312, 313, 314, 315, 317, 323, 325, 327, 328, 330, 332, 333, 334, 338, 339, 340, 344, 347, 352, 357, 358, 370, 379, 385, 386, 388, 391, 400]
x_25: [2, 3, 5, 6, 9, 11, 13, 15, 17, 21, 365, 83, 396, 105, 154, 88, 384, 71, 332, 205, 218, 251, 180, 361, 400, 18, 273, 39, 189, 128, 80, 110, 203, 228, 262, 302, 140, 219, 306, 174, 247, 175, 42, 304, 313, 29, 398, 72, 285, 381, 241, 91, 47, 34, 94, 143, 100, 369, 236, 206, 366, 278, 139, 358, 349, 136, 286, 197, 54, 363, 238, 124, 37, 373, 376, 161, 69, 352, 310, 14, 323, 362, 194, 327, 149, 177, 395, 337, 356, 318, 225, 163, 300, 391, 162, 374, 201, 389, 375, 27, 299, 350, 229, 354, 334, 50, 217, 208, 377, 64, 290, 397, 305, 210, 179, 90, 74, 147, 265, 359, 314, 211, 331, 86, 292, 371, 151, 132, 380, 348, 399, 277, 75, 166, 233, 202, 296, 340, 65, 258, 329, 41, 316, 134, 321, 379, 82, 325, 138, 199, 141, 131, 62, 344, 55, 240, 78, 239, 122, 22, 116, 56, 20, 297, 59, 23, 130, 213, 76, 178, 26, 200, 315, 320, 115, 275, 294, 181, 204, 263, 343, 167, 272, 385, 8, 295, 153, 51, 231, 45, 1, 144, 281, 157, 303, 319, 235, 61, 341, 261, 257, 382, 188, 364, 49, 221, 345, 192, 109, 169, 73, 4, 118, 248, 184, 66, 176, 226, 58, 129, 28, 271, 152, 368, 264, 164, 102, 107, 193, 252, 260, 392, 142, 52, 113, 35, 38, 46, 60, 70, 81, 84, 87, 93, 95, 98, 103, 104, 120, 123, 133, 145, 148, 150, 156, 159, 171, 185, 195, 207, 209, 220, 224, 232, 242, 243, 244, 245, 246, 249, 254, 256, 259, 276, 279, 284, 287, 289, 293, 301, 307, 308, 311, 322, 328, 335, 338, 342, 347, 351, 353, 367, 370, 378, 383]
x_26: [4, 5, 7, 10, 12, 15, 25, 59, 342, 226, 266, 111, 83, 140, 188, 361, 168, 178, 383, 129, 291, 387, 77, 16, 114, 132, 247, 400, 306, 275, 9, 176, 90, 358, 103, 133, 330, 118, 38, 219, 353, 189, 190, 386, 393, 98, 55, 3, 201, 174, 294, 169, 351, 211, 302, 354, 207, 315, 142, 396, 181, 39, 224, 115, 314, 242, 145, 368, 27, 40, 45, 46, 49, 52, 53, 60, 61, 66, 68, 70, 73, 74, 75, 80, 81, 87, 88, 94, 95, 99, 105, 107, 122, 123, 144, 146, 147, 149, 150, 151, 152, 153, 154, 157, 162, 165, 170, 172, 175, 177, 180, 185, 191, 193, 194, 195, 197, 198, 199, 200, 204, 205, 213, 217, 227, 229, 230, 234, 235, 240, 241, 243, 244, 245, 248, 249, 251, 252, 253, 254, 255, 257, 259, 261, 264, 268, 272, 280, 281, 282, 284, 285, 289, 300, 301, 310, 311, 321, 324, 326, 327, 329, 332, 333, 334, 335, 336, 337, 338, 339, 340, 343, 344, 346, 348, 350, 352, 356, 359, 360, 362, 370, 378, 381, 388, 389, 390, 391, 392]
x_27: [3, 6, 10, 15, 16, 17, 21, 22, 24, 25, 272, 28, 88, 319, 387, 116, 396, 275, 225, 151, 217, 205, 35, 204, 79, 375, 301, 107, 243, 344, 202, 253, 51, 210, 331, 85, 366, 338, 111, 336, 159, 286, 399, 19, 153, 72, 129, 332, 264, 156, 244, 69, 224, 171, 267, 165, 108, 143, 160, 258, 295, 255, 154, 136, 82, 149, 135, 172, 77, 133, 199, 345, 227, 337, 254, 370, 87, 197, 48, 299, 106, 163, 268, 382, 157, 213, 56, 317, 321, 360, 166, 67, 177, 124, 320, 182, 266, 223, 365, 43, 335, 228, 14, 144, 316, 220, 323, 23, 20, 200, 278, 351, 58, 195, 148, 26, 118, 215, 250, 308, 105, 297, 262, 346, 46, 173, 325, 208, 92, 400, 121, 265, 249, 37, 328, 348, 203, 112, 131, 1, 145, 134, 44, 93, 130, 388, 230, 356, 52, 245, 90, 281, 65, 283, 291, 2, 373, 196, 175, 50, 132, 83, 307, 357, 103, 38, 349, 296, 329, 194, 12, 113, 350, 271, 392, 379, 98, 114, 47, 314, 232, 277, 279, 341, 99, 260, 306, 127, 150, 318, 76, 324, 137, 186, 372, 142, 257, 97, 339, 54, 378, 84, 312, 109, 326, 193, 394, 369, 155, 188, 183, 102, 147, 29, 31, 32, 40, 53, 55, 57, 60, 68, 74, 75, 81, 91, 104, 110, 119, 126, 139, 140, 146, 158, 162, 168, 170, 176, 185, 201, 207, 209, 221, 226, 229, 233, 234, 235, 236, 238, 241, 242, 247, 259, 270, 276, 289, 290, 298, 300, 302, 304, 310, 315, 327, 330, 333, 334, 347, 352, 353, 358, 359, 361, 367, 374, 376, 377, 381, 383, 384, 386, 391]
x_28: [5, 7, 9, 12, 13, 14, 16, 17, 24, 25, 27, 248, 317, 79, 298, 183, 73, 200, 32, 37, 134, 39, 397, 253, 107, 233, 158, 21, 138, 173, 3, 353, 348, 315, 254, 221, 217, 387, 188, 312, 369, 249, 390, 100, 380, 222, 201, 149, 50, 42, 373, 83, 362, 292, 220, 196, 64, 193, 223, 103, 58, 118, 245, 197, 89, 352, 69, 113, 318, 355, 178, 166, 259, 226, 395, 86, 194, 323, 289, 95, 20, 258, 102, 349, 128, 391, 68, 62, 141, 286, 191, 147, 110, 160, 337, 76, 66, 35, 368, 81, 302, 215, 392, 67, 38, 99, 309, 214, 111, 202, 278, 251, 33, 256, 125, 105, 350, 78, 126, 97, 313, 359, 281, 133, 34, 29, 30, 40, 41, 43, 47, 51, 75, 82, 84, 90, 91, 93, 94, 96, 98, 101, 104, 109, 115, 117, 120, 124, 130, 131, 136, 140, 145, 146, 148, 150, 151, 152, 153, 162, 164, 168, 171, 172, 175, 185, 195, 199, 204, 210, 213, 216, 219, 224, 231, 232, 244, 246, 252, 257, 260, 261, 262, 263, 264, 265, 274, 276, 283, 285, 291, 293, 294, 296, 297, 300, 301, 304, 308, 319, 327, 328, 329, 332, 333, 334, 335, 338, 341, 347, 354, 356, 360, 363, 365, 372, 374, 375, 376, 378, 379, 381, 382, 383, 384, 396]
x_29: [2, 4, 5, 6, 9, 11, 13, 18, 25, 294, 191, 41, 183, 271, 143, 92, 337, 291, 241, 222, 286, 295, 364, 287, 114, 65, 284, 302, 61, 223, 380, 220, 189, 115, 228, 346, 288, 201, 171, 343, 94, 27, 393, 317, 238, 83, 340, 369, 239, 192, 181, 80, 235, 103, 280, 245, 275, 145, 307, 107, 66, 312, 113, 55, 341, 46, 336, 117, 218, 263, 110, 344, 154, 253, 368, 32, 193, 105, 326, 358, 28, 159, 383, 319, 108, 7, 389, 234, 167, 215, 125, 332, 54, 87, 259, 379, 196, 84, 264, 254, 249, 282, 219, 15, 331, 305, 342, 224, 200, 122, 266, 322, 23, 335, 162, 19, 70, 225, 360, 232, 75, 74, 129, 355, 48, 64, 37, 357, 197, 248, 188, 20, 272, 210, 247, 102, 101, 174, 329, 153, 396, 314, 260, 121, 395, 292, 320, 334, 277, 42, 370, 72, 279, 366, 164, 382, 184, 98, 205, 44, 202, 146, 109, 300, 321, 49, 229, 208, 158, 359, 89, 377, 169, 21, 10, 363, 308, 237, 137, 304, 270, 140, 34, 328, 128, 67, 385, 212, 178, 139, 256, 198, 57, 157, 118, 299, 136, 3, 78, 400, 244, 392, 77, 180, 40, 127, 330, 68, 206, 313, 356, 375, 170, 100, 71, 353, 60, 397, 306, 33, 367, 204, 351, 69, 387, 185, 230, 150, 96, 138, 160, 31, 327, 126, 365, 316, 199, 142, 371, 112, 47, 45, 63, 285, 119, 398, 362, 43, 221, 293, 85, 93, 53, 182, 95, 352, 35, 325, 39, 52, 56, 79, 82, 90, 91, 97, 104, 111, 120, 130, 131, 132, 148, 152, 166, 172, 175, 194, 195, 207, 213, 242, 243, 246, 251, 252, 257, 261, 262, 268, 278, 296, 298, 303, 338, 345, 347, 348, 372, 373, 374, 376, 381]
x_30: [5, 6, 7, 10, 14, 18, 24, 189, 298, 168, 221, 265, 318, 307, 334, 37, 98, 211, 178, 270, 378, 255, 355, 62, 230, 169, 116, 156, 343, 348, 72, 99, 143, 362, 261, 316, 84, 297, 159, 339, 57, 137, 327, 302, 58, 93, 328, 286, 232, 292, 127, 240, 28, 73, 253, 185, 258, 150, 382, 193, 46, 290, 224, 67, 351, 357, 120, 220, 250, 33, 303, 371, 186, 273, 267, 95, 32, 105, 122, 123, 364, 333, 213, 85, 121, 1, 113, 262, 336, 80, 281, 47, 13, 279, 118, 171, 375, 71, 49, 131, 212, 183, 305, 22, 345, 235, 20, 326, 162, 160, 154, 346, 380, 200, 158, 198, 248, 151, 300, 352, 366, 55, 218, 38, 107, 64, 323, 126, 241, 109, 175, 110, 152, 147, 239, 294, 108, 237, 43, 376, 16, 155, 370, 319, 231, 369, 329, 311, 341, 203, 373, 238, 114, 8, 138, 243, 181, 387, 304, 31, 35, 39, 41, 51, 53, 54, 66, 70, 75, 81, 83, 89, 100, 103, 111, 115, 124, 140, 142, 153, 157, 170, 172, 190, 192, 197, 199, 202, 204, 206, 208, 210, 216, 217, 219, 226, 229, 234, 236, 245, 246, 251, 252, 254, 257, 268, 280, 282, 284, 285, 289, 291, 293, 296, 308, 310, 314, 315, 317, 332, 338, 342, 347, 350, 354, 358, 359, 367, 368, 374, 377, 383, 384, 385, 386, 388, 392, 399]
x_31: [2, 5, 14, 16, 17, 18, 22, 29, 344, 385, 62, 110, 353, 229, 199, 111, 216, 32, 374, 91, 390, 360, 350, 198, 218, 192, 270, 73, 35, 263, 365, 82, 24, 299, 398, 109, 389, 258, 279, 370, 239, 336, 159, 155, 244, 69, 11, 363, 232, 223, 343, 346, 297, 177, 224, 187, 112, 394, 139, 105, 237, 296, 243, 352, 320, 213, 146, 142, 228, 34, 57, 167, 230, 347, 148, 266, 117, 261, 164, 128, 80, 81, 131, 211, 220, 204, 116, 70, 37, 44, 85, 240, 309, 373, 195, 113, 150, 310, 201, 138, 77, 380, 221, 145, 379, 215, 284, 340, 382, 50, 396, 250, 222, 30, 184, 332, 163, 158, 19, 157, 287, 322, 135, 384, 141, 87, 147, 262, 174, 285, 46, 357, 66, 68, 197, 166, 242, 86, 387, 136, 10, 327, 314, 292, 12, 277, 238, 395, 13, 317, 200, 55, 64, 295, 9, 256, 182, 300, 210, 278, 97, 129, 324, 264, 52, 214, 283, 265, 152, 48, 27, 217, 79, 180, 102, 43, 234, 186, 304, 311, 170, 339, 83, 42, 107, 383, 151, 286, 252, 290, 257, 268, 269, 90, 348, 1, 334, 328, 397, 356, 125, 235, 71, 249, 260, 281, 202, 313, 331, 259, 349, 241, 144, 245, 65, 194, 72, 226, 227, 345, 178, 342, 251, 308, 326, 372, 38, 39, 45, 173, 143, 103, 60, 231, 171, 53, 6, 41, 54, 56, 58, 61, 75, 84, 88, 96, 104, 106, 108, 115, 122, 127, 134, 140, 153, 156, 161, 162, 172, 175, 185, 190, 206, 219, 233, 236, 253, 272, 280, 293, 301, 302, 316, 321, 329, 330, 333, 335, 354, 358, 359, 361, 364, 367, 376, 378, 381, 388, 400]
x_32: [3, 5, 13, 15, 16, 17, 18, 20, 22, 28, 29, 30, 31, 76, 209, 393, 308, 366, 109, 104, 35, 343, 83, 234, 264, 168, 359, 317, 151, 338, 159, 79, 232, 27, 23, 148, 82, 392, 320, 162, 37, 41, 46, 54, 55, 56, 57, 58, 59, 61, 69, 73, 81, 85, 88, 91, 97, 98, 99, 100, 101, 106, 110, 116, 119, 120, 123, 124, 131, 134, 141, 144, 145, 146, 153, 157, 169, 171, 172, 180, 184, 193, 194, 195, 197, 200, 206, 208, 210, 216, 219, 220, 221, 223, 224, 230, 235, 236, 241, 243, 244, 245, 246, 251, 252, 253, 254, 255, 257, 260, 268, 274, 276, 277, 283, 286, 290, 292, 298, 300, 305, 310, 311, 313, 314, 315, 325, 330, 333, 335, 336, 337, 339, 342, 346, 348, 352, 353, 354, 368, 370, 372, 374, 376, 378, 379, 383, 384, 385, 386, 387, 388, 389, 399]
x_33: [1, 3, 6, 10, 14, 15, 18, 21, 22, 28, 29, 30, 76, 130, 55, 120, 132, 335, 293, 254, 256, 99, 40, 68, 147, 35, 43, 45, 46, 53, 58, 70, 74, 82, 83, 86, 95, 98, 100, 101, 103, 105, 108, 110, 111, 116, 122, 124, 127, 134, 137, 144, 146, 150, 151, 152, 154, 161, 163, 168, 171, 173, 177, 180, 189, 191, 194, 195, 199, 201, 205, 207, 209, 219, 221, 226, 228, 230, 231, 241, 242, 243, 244, 247, 248, 251, 252, 253, 258, 261, 262, 263, 264, 265, 268, 272, 273, 275, 277, 278, 280, 283, 285, 289, 290, 294, 296, 297, 301, 304, 305, 307, 309, 313, 314, 315, 316, 317, 319, 323, 326, 328, 330, 333, 336, 337, 347, 352, 353, 354, 358, 364, 365, 367, 370, 373, 378, 381, 383, 385, 386, 389, 391]
x_34: [3, 5, 10, 12, 13, 16, 17, 18, 22, 25, 28, 29, 31, 330, 121, 81, 394, 348, 90, 125, 304, 316, 236, 56, 2, 101, 291, 188, 334, 40, 44, 45, 51, 52, 57, 58, 63, 66, 73, 75, 76, 79, 82, 84, 87, 88, 89, 95, 98, 99, 100, 105, 107, 109, 115, 119, 123, 124, 126, 127, 130, 141, 144, 146, 147, 149, 150, 152, 157, 161, 164, 165, 169, 171, 174, 175, 176, 189, 191, 194, 196, 197, 201, 203, 205, 207, 216, 218, 221, 223, 226, 233, 240, 243, 244, 245, 248, 251, 254, 255, 257, 259, 260, 261, 262, 264, 265, 269, 276, 278, 284, 286, 293, 298, 300, 301, 306, 308, 311, 315, 335, 343, 345, 356, 361, 364, 366, 371, 373, 378, 384, 386, 387, 389, 400]
x_35: [4, 6, 13, 15, 17, 18, 20, 24, 27, 28, 29, 31, 32, 88, 139, 49, 42, 154, 119, 193, 153, 280, 70, 155, 72, 274, 62, 268, 52, 396, 392, 107, 226, 205, 328, 386, 51, 16, 203, 245, 329, 151, 356, 241, 189, 93, 108, 281, 103, 266, 378, 116, 71, 222, 358, 383, 102, 368, 187, 252, 117, 25, 126, 59, 186, 357, 22, 109, 170, 209, 231, 227, 236, 337, 305, 382, 316, 335, 330, 230, 191, 21, 105, 349, 133, 67, 389, 379, 56, 390, 213, 168, 53, 3, 115, 197, 100, 156, 159, 338, 399, 192, 120, 348, 128, 306, 143, 157, 341, 359, 8, 179, 374, 80, 290, 385, 200, 234, 400, 352, 58, 307, 180, 43, 124, 219, 194, 206, 301, 181, 294, 182, 148, 360, 381, 169, 199, 140, 30, 343, 262, 246, 142, 163, 361, 220, 298, 288, 263, 113, 132, 99, 162, 104, 380, 314, 86, 216, 130, 311, 372, 48, 123, 144, 293, 95, 233, 218, 9, 75, 73, 211, 19, 240, 260, 384, 254, 23, 55, 353, 376, 212, 238, 336, 273, 14, 135, 308, 150, 167, 279, 112, 50, 84, 267, 74, 41, 269, 33, 188, 322, 77, 208, 145, 256, 285, 40, 272, 10, 324, 46, 106, 312, 264, 76, 394, 90, 68, 39, 183, 327, 160, 351, 129, 371, 185, 190, 244, 225, 320, 78, 296, 242, 310, 37, 54, 57, 61, 66, 81, 82, 89, 98, 110, 122, 127, 131, 138, 141, 146, 161, 165, 172, 173, 174, 177, 198, 204, 207, 210, 221, 223, 229, 232, 239, 247, 248, 251, 257, 258, 259, 270, 278, 289, 292, 295, 315, 321, 325, 334, 339, 340, 344, 345, 346, 362, 370, 375, 388, 397]
x_36: [2, 4, 5, 8, 15, 18, 21, 151, 272, 253, 177, 254, 68, 229, 75, 332, 357, 243, 78, 120, 171, 400, 350, 284, 289, 301, 187, 88, 216, 321, 210, 37, 41, 46, 57, 60, 61, 63, 66, 73, 74, 80, 81, 82, 84, 85, 87, 90, 93, 94, 95, 96, 98, 99, 100, 101, 103, 107, 108, 109, 111, 115, 122, 123, 126, 127, 130, 131, 134, 140, 141, 144, 147, 150, 153, 156, 157, 163, 168, 169, 170, 173, 175, 184, 185, 193, 197, 200, 201, 202, 203, 204, 219, 221, 224, 230, 232, 233, 242, 244, 248, 249, 252, 255, 257, 258, 267, 268, 269, 277, 278, 279, 281, 282, 290, 294, 298, 306, 310, 311, 312, 324, 325, 327, 328, 329, 330, 333, 335, 336, 341, 342, 344, 345, 347, 352, 356, 358, 359, 368, 370, 376, 378, 379, 381, 383, 384, 385, 387, 389, 392, 397]
x_37: [2, 3, 10, 15, 16, 17, 21, 25, 27, 28, 29, 30, 31, 139, 114, 316, 6, 336, 246, 184, 42, 135, 249, 369, 202, 236, 24, 219, 130, 250, 272, 77, 165, 76, 106, 377, 196, 63, 57, 74, 241, 322, 267, 230, 270, 80, 253, 32, 97, 361, 205, 172, 330, 380, 133, 149, 19, 224, 110, 14, 295, 164, 208, 150, 127, 154, 222, 180, 227, 167, 349, 382, 143, 62, 346, 191, 18, 148, 105, 372, 301, 56, 309, 376, 9, 151, 280, 144, 54, 194, 228, 161, 4, 239, 323, 121, 70, 88, 145, 177, 113, 332, 394, 359, 343, 107, 315, 310, 233, 142, 344, 347, 238, 237, 187, 217, 35, 116, 197, 367, 356, 256, 170, 73, 104, 36, 138, 255, 240, 279, 306, 373, 331, 59, 363, 38, 40, 46, 48, 50, 71, 75, 79, 81, 87, 89, 90, 91, 92, 93, 98, 100, 101, 103, 109, 115, 122, 124, 126, 132, 134, 141, 153, 162, 163, 169, 171, 173, 174, 175, 185, 186, 190, 204, 206, 210, 213, 216, 226, 232, 235, 242, 244, 245, 252, 254, 257, 259, 264, 269, 283, 287, 290, 296, 305, 307, 308, 311, 314, 321, 328, 329, 333, 334, 335, 338, 339, 340, 348, 353, 354, 365, 368, 370, 374, 378, 381, 384, 389, 391, 392]
x_38: [3, 4, 5, 6, 10, 11, 12, 14, 15, 20, 21, 24, 26, 27, 28, 30, 31, 68, 214, 48, 381, 75, 196, 50, 217, 376, 286, 112, 76, 2, 287, 348, 317, 58, 52, 42, 331, 170, 64, 347, 299, 330, 192, 350, 203, 39, 212, 332, 231, 154, 399, 224, 226, 204, 319, 279, 312, 69, 235, 310, 245, 199, 55, 171, 143, 321, 73, 136, 338, 23, 49, 400, 86, 375, 19, 168, 174, 22, 83, 216, 225, 9, 221, 282, 290, 206, 63, 70, 123, 259, 249, 333, 200, 161, 66, 148, 314, 72, 292, 284, 389, 302, 122, 372, 102, 16, 109, 251, 187, 241, 325, 220, 272, 1, 364, 195, 137, 394, 270, 166, 56, 263, 398, 126, 132, 67, 267, 240, 291, 391, 281, 189, 129, 378, 384, 382, 47, 365, 180, 208, 227, 260, 256, 193, 275, 25, 250, 119, 53, 40, 367, 92, 355, 244, 236, 380, 322, 388, 243, 356, 96, 120, 150, 228, 233, 305, 145, 156, 77, 101, 93, 157, 37, 87, 201, 397, 301, 155, 349, 183, 277, 85, 65, 198, 173, 176, 74, 97, 110, 146, 114, 269, 386, 329, 57, 104, 81, 88, 165, 229, 258, 184, 363, 147, 297, 316, 268, 125, 59, 232, 252, 118, 264, 163, 344, 78, 328, 215, 41, 46, 54, 71, 82, 94, 95, 100, 108, 124, 127, 134, 140, 144, 149, 153, 158, 169, 175, 185, 194, 197, 202, 207, 209, 213, 230, 246, 253, 254, 257, 261, 265, 276, 283, 288, 294, 298, 303, 306, 311, 320, 324, 334, 335, 336, 340, 343, 345, 346, 352, 353, 358, 361, 366, 385, 387, 392, 396]
x_39: [3, 4, 8, 9, 10, 11, 15, 22, 25, 26, 28, 31, 35, 38, 257, 95, 30, 168, 82, 18, 16, 134, 127, 372, 150, 247, 369, 370, 307, 331, 256, 173, 301, 46, 103, 90, 180, 368, 384, 190, 74, 185, 100, 237, 194, 230, 178, 315, 41, 120, 49, 121, 375, 160, 268, 42, 63, 306, 128, 285, 146, 397, 323, 159, 64, 86, 367, 209, 109, 238, 70, 101, 223, 196, 79, 293, 125, 155, 132, 309, 262, 294, 246, 198, 61, 56, 338, 233, 203, 171, 77, 322, 138, 167, 327, 24, 339, 207, 137, 165, 324, 68, 105, 192, 241, 289, 23, 29, 364, 235, 69, 261, 387, 110, 143, 316, 80, 163, 115, 175, 161, 389, 213, 216, 400, 263, 273, 199, 72, 202, 317, 390, 265, 204, 75, 337, 48, 392, 352, 119, 250, 243, 396, 366, 130, 286, 5, 271, 269, 358, 378, 13, 380, 88, 40, 57, 58, 66, 71, 83, 84, 87, 93, 97, 104, 107, 111, 122, 126, 129, 131, 144, 147, 153, 156, 166, 169, 170, 172, 177, 183, 184, 193, 200, 210, 219, 224, 226, 229, 232, 240, 242, 245, 248, 249, 251, 252, 254, 260, 264, 272, 277, 283, 284, 292, 296, 297, 300, 303, 305, 311, 312, 313, 314, 319, 321, 326, 330, 333, 335, 340, 341, 342, 344, 346, 350, 362, 377, 381, 383, 385, 386, 391, 399]
x_40: [2, 3, 6, 7, 9, 10, 15, 21, 29, 33, 35, 38, 133, 51, 209, 59, 362, 245, 207, 28, 250, 42, 289, 41, 114, 173, 198, 313, 348, 338, 176, 183, 366, 341, 387, 129, 124, 210, 71, 386, 350, 206, 320, 373, 24, 127, 97, 291, 76, 174, 96, 56, 395, 107, 216, 27, 263, 171, 275, 388, 368, 186, 179, 363, 224, 117, 180, 397, 195, 37, 116, 240, 66, 321, 189, 48, 238, 264, 215, 194, 399, 135, 235, 77, 361, 356, 8, 271, 217, 122, 239, 170, 226, 267, 75, 389, 355, 140, 187, 115, 290, 95, 228, 184, 358, 20, 360, 344, 94, 200, 273, 181, 178, 339, 283, 293, 155, 261, 134, 43, 54, 286, 138, 381, 159, 109, 219, 300, 103, 126, 143, 214, 201, 349, 260, 148, 150, 310, 249, 212, 359, 247, 63, 292, 385, 279, 17, 166, 227, 47, 99, 68, 44, 352, 242, 34, 26, 74, 254, 65, 354, 246, 151, 311, 325, 61, 306, 274, 287, 317, 188, 18, 120, 277, 342, 78, 12, 196, 22, 197, 285, 309, 231, 158, 168, 106, 248, 390, 130, 333, 340, 322, 375, 113, 296, 39, 336, 301, 125, 270, 229, 284, 160, 259, 394, 253, 319, 281, 60, 278, 255, 302, 232, 162, 205, 304, 190, 204, 346, 295, 111, 282, 345, 222, 392, 50, 331, 123, 372, 84, 46, 52, 57, 62, 70, 79, 81, 83, 93, 100, 101, 105, 108, 119, 137, 144, 145, 146, 147, 153, 156, 169, 175, 185, 192, 203, 220, 230, 233, 241, 243, 244, 251, 258, 262, 265, 272, 276, 294, 307, 312, 318, 327, 328, 330, 337, 353, 365, 367, 370, 374, 376, 378, 396]
x_41: [4, 5, 6, 7, 14, 16, 24, 25, 29, 35, 39, 40, 83, 32, 154, 327, 129, 301, 364, 350, 171, 179, 217, 191, 394, 106, 1, 314, 298, 256, 68, 92, 196, 2, 94, 9, 136, 188, 396, 112, 209, 338, 97, 125, 215, 339, 104, 213, 293, 195, 23, 88, 300, 322, 107, 52, 30, 150, 76, 281, 202, 313, 185, 95, 302, 392, 341, 87, 84, 263, 331, 46, 230, 400, 148, 137, 180, 227, 294, 361, 375, 118, 334, 138, 123, 384, 221, 378, 366, 144, 367, 121, 251, 211, 235, 347, 272, 162, 120, 114, 277, 80, 64, 279, 38, 390, 214, 219, 308, 49, 31, 201, 280, 359, 109, 222, 270, 382, 262, 316, 309, 242, 386, 192, 328, 54, 193, 326, 348, 391, 151, 261, 189, 161, 91, 216, 340, 278, 127, 98, 117, 44, 131, 380, 115, 253, 329, 132, 18, 177, 206, 238, 105, 28, 147, 119, 78, 74, 173, 152, 232, 218, 346, 155, 377, 133, 233, 169, 20, 297, 399, 108, 398, 349, 321, 70, 181, 257, 229, 387, 205, 164, 36, 198, 315, 283, 47, 240, 58, 71, 395, 265, 372, 389, 126, 248, 42, 3, 290, 236, 197, 373, 43, 66, 69, 73, 86, 93, 100, 110, 111, 122, 140, 145, 146, 153, 157, 158, 165, 168, 172, 182, 184, 194, 199, 207, 220, 226, 231, 243, 245, 254, 260, 264, 269, 276, 282, 286, 303, 304, 311, 317, 320, 324, 332, 333, 336, 344, 351, 358, 360, 370, 376, 381, 388]
x_42: [3, 12, 22, 24, 25, 28, 29, 31, 35, 37, 38, 39, 40, 41, 175, 101, 246, 144, 382, 92, 281, 255, 259, 381, 271, 214, 80, 99, 6, 158, 215, 356, 95, 332, 13, 193, 149, 262, 76, 147, 71, 88, 153, 261, 46, 54, 55, 57, 68, 74, 75, 81, 83, 87, 89, 90, 91, 93, 97, 100, 104, 105, 107, 109, 111, 113, 115, 116, 122, 124, 125, 126, 127, 133, 134, 135, 140, 142, 143, 145, 154, 157, 161, 171, 173, 177, 181, 185, 186, 191, 197, 201, 203, 204, 206, 207, 209, 210, 213, 216, 219, 221, 229, 230, 231, 232, 235, 238, 239, 243, 244, 245, 247, 248, 250, 251, 254, 256, 257, 264, 277, 279, 283, 286, 293, 299, 301, 304, 305, 306, 314, 315, 317, 327, 328, 329, 334, 335, 340, 343, 344, 346, 347, 350, 354, 360, 364, 367, 369, 370, 372, 373, 376, 377, 378, 379, 386, 387, 392, 397]
x_43: [2, 3, 10, 15, 20, 21, 22, 24, 27, 29, 30, 31, 35, 40, 342, 158, 230, 319, 109, 261, 100, 360, 106, 311, 193, 168, 183, 338, 197, 394, 23, 345, 203, 46, 81, 253, 79, 181, 159, 93, 355, 247, 237, 177, 178, 318, 264, 382, 277, 112, 399, 279, 69, 124, 213, 343, 33, 123, 132, 154, 274, 238, 172, 323, 227, 9, 252, 361, 250, 68, 14, 218, 199, 96, 147, 288, 353, 194, 98, 303, 205, 380, 358, 125, 330, 248, 175, 186, 228, 41, 266, 162, 70, 28, 242, 313, 364, 18, 8, 245, 235, 240, 220, 208, 91, 54, 146, 156, 118, 13, 55, 341, 254, 387, 144, 157, 52, 57, 58, 74, 75, 82, 84, 87, 88, 89, 90, 97, 102, 110, 111, 115, 116, 122, 126, 127, 130, 131, 133, 140, 141, 153, 171, 173, 180, 185, 188, 192, 200, 204, 209, 210, 217, 219, 224, 226, 232, 233, 243, 244, 251, 257, 260, 262, 270, 281, 282, 284, 286, 289, 290, 291, 292, 299, 302, 305, 306, 312, 314, 315, 321, 324, 325, 327, 329, 332, 333, 334, 335, 339, 340, 346, 347, 348, 351, 356, 366, 370, 372, 376, 377, 379, 386]
x_44: [3, 5, 7, 11, 16, 20, 21, 22, 27, 29, 31, 40, 41, 324, 239, 72, 144, 161, 160, 301, 277, 174, 19, 153, 101, 131, 238, 258, 371, 272, 115, 387, 2, 234, 57, 34, 219, 181, 130, 355, 359, 333, 259, 157, 192, 176, 205, 92, 399, 240, 168, 84, 308, 118, 246, 319, 280, 204, 390, 47, 314, 236, 53, 54, 63, 71, 73, 79, 86, 87, 88, 93, 95, 96, 97, 100, 105, 110, 111, 120, 124, 125, 126, 129, 134, 140, 141, 145, 146, 147, 158, 169, 184, 185, 187, 191, 195, 196, 198, 201, 203, 206, 210, 211, 216, 221, 224, 226, 227, 229, 230, 232, 242, 243, 247, 248, 252, 254, 256, 257, 260, 261, 262, 264, 268, 269, 281, 284, 285, 286, 287, 296, 303, 304, 306, 310, 312, 313, 321, 327, 332, 335, 336, 337, 339, 343, 344, 347, 348, 350, 352, 353, 354, 358, 365, 366, 367, 368, 370, 374, 377, 378, 379, 380, 382, 383, 385, 386, 388, 389]
x_45: [2, 6, 13, 14, 15, 18, 25, 29, 31, 302, 223, 252, 328, 72, 380, 33, 16, 286, 359, 274, 246, 293, 308, 276, 68, 123, 23, 155, 212, 351, 238, 132, 292, 179, 283, 171, 265, 188, 291, 93, 219, 114, 255, 324, 191, 337, 130, 372, 381, 388, 125, 34, 316, 133, 150, 263, 396, 151, 245, 247, 362, 84, 48, 345, 301, 272, 281, 102, 26, 298, 268, 174, 147, 285, 309, 116, 304, 336, 87, 75, 349, 369, 222, 314, 161, 325, 46, 49, 57, 60, 63, 66, 70, 71, 73, 82, 89, 90, 91, 95, 97, 98, 103, 104, 108, 110, 121, 124, 126, 128, 129, 131, 140, 144, 156, 157, 162, 168, 169, 170, 173, 176, 187, 192, 194, 200, 203, 204, 208, 210, 216, 220, 221, 229, 230, 231, 232, 233, 234, 240, 243, 244, 254, 256, 257, 259, 260, 270, 279, 290, 305, 311, 313, 315, 317, 321, 327, 333, 334, 335, 342, 343, 346, 356, 361, 366, 367, 375, 378, 379, 382, 384, 385, 387, 390, 391, 392, 397]
x_46: [3, 6, 7, 9, 10, 14, 15, 16, 17, 18, 21, 22, 27, 29, 30, 31, 35, 39, 41, 43, 103, 311, 399, 239, 342, 95, 1, 392, 104, 26, 40, 199, 186, 224, 97, 83, 219, 126, 32, 202, 58, 190, 192, 283, 308, 69, 195, 268, 328, 49, 382, 163, 251, 324, 2, 240, 121, 207, 288, 222, 302, 193, 177, 264, 151, 119, 204, 255, 209, 220, 301, 81, 354, 75, 170, 98, 73, 252, 212, 161, 387, 396, 4, 188, 191, 374, 42, 385, 197, 68, 367, 331, 19, 376, 159, 136, 171, 66, 71, 123, 108, 228, 102, 210, 160, 304, 94, 236, 13, 294, 92, 321, 63, 383, 213, 338, 150, 263, 109, 37, 309, 269, 398, 277, 364, 218, 375, 138, 355, 241, 287, 226, 332, 297, 318, 290, 176, 55, 154, 118, 400, 23, 122, 60, 106, 336, 386, 208, 325, 329, 250, 79, 352, 380, 322, 388, 184, 344, 11, 247, 327, 395, 128, 313, 146, 89, 260, 312, 384, 45, 134, 357, 267, 155, 346, 67, 279, 162, 76, 257, 359, 341, 397, 316, 274, 36, 185, 245, 25, 345, 233, 291, 142, 183, 230, 178, 33, 90, 91, 296, 203, 100, 292, 343, 115, 80, 179, 306, 53, 369, 319, 349, 50, 293, 165, 276, 295, 379, 298, 148, 225, 273, 237, 77, 156, 299, 139, 147, 335, 368, 166, 135, 149, 114, 125, 200, 300, 38, 206, 65, 130, 350, 394, 174, 133, 196, 54, 124, 249, 262, 223, 317, 194, 57, 70, 72, 74, 88, 101, 107, 110, 120, 129, 131, 132, 140, 145, 153, 167, 168, 169, 172, 173, 205, 221, 231, 235, 242, 243, 244, 248, 254, 310, 315, 330, 333, 337, 347, 348, 351, 353, 356, 358, 363, 370, 377, 378, 389]
x_47: [2, 3, 5, 6, 7, 18, 20, 22, 25, 27, 29, 30, 38, 40, 41, 44, 10, 330, 28, 226, 178, 264, 229, 168, 96, 358, 341, 108, 372, 319, 110, 339, 103, 200, 170, 397, 363, 227, 143, 141, 83, 154, 344, 50, 54, 55, 57, 73, 80, 82, 84, 86, 87, 88, 90, 91, 98, 100, 101, 105, 107, 111, 113, 114, 115, 117, 122, 123, 126, 127, 129, 133, 136, 137, 144, 145, 146, 148, 149, 153, 157, 161, 169, 172, 174, 175, 176, 179, 180, 187, 189, 190, 191, 192, 194, 195, 196, 197, 201, 211, 213, 220, 224, 228, 230, 242, 243, 244, 245, 247, 248, 251, 253, 255, 256, 258, 261, 262, 274, 279, 281, 283, 292, 303, 304, 308, 310, 311, 314, 315, 317, 321, 323, 324, 326, 327, 332, 333, 334, 335, 337, 338, 342, 343, 345, 346, 348, 352, 353, 354, 359, 365, 368, 370, 373, 374, 375, 377, 378, 379, 384, 387, 388, 389, 392, 400]
x_48: [3, 4, 7, 10, 14, 17, 27, 29, 31, 35, 38, 39, 40, 45, 393, 319, 312, 281, 37, 271, 317, 246, 293, 304, 279, 125, 49, 256, 62, 231, 259, 280, 86, 58, 357, 331, 167, 268, 366, 194, 298, 115, 267, 50, 118, 392, 244, 129, 296, 264, 155, 11, 171, 310, 349, 197, 51, 53, 54, 56, 57, 66, 79, 81, 82, 88, 90, 95, 97, 100, 101, 106, 110, 111, 116, 122, 124, 126, 131, 132, 136, 137, 141, 144, 145, 146, 147, 148, 150, 151, 152, 159, 161, 170, 172, 173, 178, 185, 191, 192, 193, 195, 198, 201, 202, 204, 205, 211, 221, 226, 228, 229, 230, 232, 233, 236, 239, 240, 242, 245, 247, 248, 252, 253, 255, 260, 265, 266, 282, 283, 285, 289, 291, 292, 299, 300, 301, 306, 308, 311, 313, 315, 316, 323, 325, 328, 329, 332, 333, 334, 335, 336, 337, 339, 348, 352, 354, 361, 362, 365, 371, 375, 379, 383, 385, 386, 389, 391, 400]
x_49: [1, 4, 5, 7, 9, 10, 16, 17, 20, 24, 25, 29, 30, 35, 38, 39, 41, 46, 48, 221, 79, 257, 290, 230, 244, 132, 210, 379, 277, 296, 285, 361, 63, 197, 61, 137, 194, 279, 177, 201, 346, 241, 246, 383, 344, 331, 329, 81, 205, 22, 134, 204, 198, 232, 8, 366, 347, 125, 276, 67, 256, 207, 108, 55, 396, 353, 368, 237, 101, 326, 208, 223, 14, 144, 12, 398, 23, 250, 380, 215, 305, 91, 381, 97, 259, 193, 146, 281, 212, 364, 75, 240, 82, 153, 21, 333, 154, 300, 150, 315, 269, 168, 151, 45, 84, 325, 399, 386, 360, 323, 253, 136, 216, 18, 152, 26, 178, 103, 176, 93, 126, 50, 51, 57, 62, 66, 69, 70, 83, 88, 90, 94, 95, 96, 100, 102, 106, 107, 109, 110, 113, 119, 123, 128, 131, 140, 142, 147, 148, 157, 161, 162, 169, 170, 175, 190, 195, 200, 202, 209, 220, 227, 229, 238, 242, 249, 252, 254, 258, 260, 261, 262, 283, 284, 292, 298, 304, 306, 310, 311, 312, 314, 317, 330, 334, 336, 337, 340, 342, 345, 348, 350, 351, 352, 354, 357, 365, 367, 370, 378, 385, 388, 390, 392]
x_50: [2, 5, 15, 16, 17, 18, 20, 25, 27, 28, 31, 35, 38, 40, 46, 48, 47, 21, 49, 80, 158, 162, 253, 304, 294, 307, 243, 11, 198, 296, 279, 195, 121, 377, 270, 73, 282, 394, 54, 214, 284, 115, 286, 306, 293, 288, 210, 199, 323, 341, 112, 68, 224, 91, 57, 291, 58, 370, 153, 90, 181, 242, 255, 83, 302, 137, 328, 359, 123, 136, 37, 367, 261, 167, 126, 336, 313, 285, 113, 135, 397, 51, 63, 64, 72, 79, 81, 84, 88, 89, 95, 98, 99, 104, 105, 107, 110, 111, 119, 120, 122, 124, 130, 131, 132, 133, 134, 139, 145, 147, 148, 152, 159, 165, 166, 169, 172, 175, 180, 185, 192, 193, 197, 203, 204, 207, 220, 221, 229, 230, 232, 237, 240, 244, 246, 247, 252, 254, 256, 259, 262, 264, 267, 268, 269, 275, 277, 287, 292, 297, 308, 310, 312, 315, 325, 326, 327, 329, 333, 337, 338, 340, 342, 344, 346, 350, 353, 354, 364, 366, 368, 374, 375, 379, 383, 384, 386, 388, 391, 400]
x_51: [2, 4, 5, 6, 9, 10, 11, 14, 18, 20, 22, 25, 27, 35, 40, 327, 68, 30, 237, 183, 67, 317, 128, 156, 377, 218, 229, 253, 383, 28, 89, 287, 194, 342, 349, 256, 335, 371, 161, 158, 143, 82, 184, 272, 382, 374, 189, 48, 388, 220, 125, 359, 187, 49, 181, 366, 34, 188, 347, 274, 340, 337, 352, 160, 23, 292, 182, 266, 7, 198, 338, 50, 294, 92, 56, 111, 192, 263, 71, 206, 95, 225, 311, 264, 140, 361, 246, 94, 52, 53, 57, 59, 62, 63, 66, 69, 74, 75, 77, 79, 83, 90, 91, 93, 96, 98, 99, 103, 104, 107, 108, 110, 112, 113, 119, 120, 122, 123, 124, 130, 131, 133, 136, 145, 146, 147, 148, 150, 151, 153, 155, 157, 162, 166, 168, 169, 171, 172, 173, 180, 185, 193, 200, 201, 205, 208, 212, 216, 221, 224, 226, 230, 232, 233, 234, 238, 241, 242, 243, 244, 245, 247, 248, 251, 252, 254, 255, 258, 261, 265, 269, 273, 277, 278, 279, 281, 283, 284, 286, 290, 297, 298, 299, 300, 306, 308, 310, 312, 313, 314, 315, 316, 318, 319, 321, 324, 325, 326, 332, 333, 334, 339, 341, 343, 345, 348, 350, 354, 364, 370, 378, 386, 387, 389, 390, 397, 400]
x_52: [1, 3, 4, 6, 8, 9, 10, 16, 25, 27, 31, 35, 38, 41, 62, 332, 69, 40, 328, 203, 83, 94, 115, 148, 55, 26, 309, 112, 305, 357, 111, 7, 326, 227, 356, 99, 315, 193, 153, 77, 174, 191, 317, 194, 56, 313, 316, 100, 5, 217, 229, 370, 85, 12, 257, 135, 240, 120, 43, 34, 308, 371, 72, 128, 123, 367, 280, 185, 267, 268, 293, 263, 102, 231, 17, 51, 90, 211, 66, 345, 249, 259, 118, 29, 87, 58, 61, 68, 70, 71, 73, 74, 76, 86, 91, 93, 95, 97, 98, 105, 107, 108, 109, 113, 119, 122, 124, 126, 130, 131, 133, 134, 136, 137, 140, 144, 150, 161, 168, 171, 175, 177, 180, 183, 187, 189, 195, 199, 200, 204, 207, 208, 209, 210, 218, 220, 221, 223, 224, 234, 242, 247, 248, 251, 253, 254, 255, 256, 260, 262, 269, 272, 276, 278, 279, 283, 285, 290, 295, 296, 306, 311, 312, 314, 321, 324, 327, 329, 330, 333, 335, 337, 338, 343, 344, 346, 348, 352, 353, 368, 374, 377, 378, 379, 383, 386, 388, 389, 392, 396]
x_53: [1, 3, 6, 7, 10, 13, 16, 22, 29, 31, 35, 38, 46, 341, 84, 221, 276, 126, 138, 178, 385, 392, 326, 307, 104, 152, 304, 122, 280, 169, 157, 285, 92, 379, 65, 212, 163, 146, 12, 399, 331, 274, 127, 15, 245, 26, 105, 205, 51, 226, 364, 324, 208, 253, 283, 388, 230, 55, 348, 327, 99, 391, 387, 334, 90, 132, 310, 363, 135, 4, 342, 198, 98, 259, 171, 141, 290, 106, 394, 287, 76, 232, 195, 262, 203, 206, 328, 149, 182, 120, 373, 101, 236, 286, 241, 20, 393, 281, 61, 165, 366, 154, 220, 375, 128, 360, 380, 81, 142, 302, 137, 351, 282, 300, 192, 337, 354, 185, 218, 260, 246, 115, 91, 265, 305, 318, 240, 30, 44, 386, 336, 349, 252, 294, 343, 345, 184, 193, 277, 58, 303, 251, 315, 202, 27, 109, 177, 93, 289, 60, 332, 396, 8, 215, 148, 75, 297, 69, 312, 168, 63, 172, 160, 320, 359, 21, 368, 170, 333, 217, 57, 299, 291, 361, 2, 353, 367, 258, 156, 196, 207, 33, 173, 70, 133, 311, 82, 237, 197, 48, 227, 96, 159, 211, 151, 381, 153, 103, 183, 67, 344, 306, 111, 330, 54, 323, 68, 56, 64, 71, 74, 83, 87, 95, 100, 107, 113, 116, 123, 124, 125, 129, 130, 139, 158, 162, 166, 180, 190, 194, 200, 204, 219, 224, 229, 238, 242, 243, 248, 249, 254, 257, 264, 278, 279, 284, 298, 301, 321, 325, 335, 339, 340, 346, 347, 356, 365, 369, 370, 372, 378, 389, 400]
x_54: [2, 3, 5, 8, 11, 17, 18, 25, 27, 29, 37, 40, 41, 43, 46, 50, 53, 35, 173, 379, 389, 229, 129, 327, 361, 30, 340, 310, 126, 19, 381, 182, 48, 87, 343, 93, 99, 97, 331, 313, 23, 259, 314, 368, 322, 265, 6, 348, 210, 253, 400, 31, 278, 123, 268, 124, 339, 56, 167, 219, 91, 264, 317, 198, 157, 16, 236, 175, 225, 256, 243, 371, 336, 84, 224, 32, 347, 360, 269, 169, 133, 292, 197, 79, 244, 101, 200, 279, 373, 240, 92, 116, 315, 85, 211, 233, 384, 299, 330, 370, 1, 102, 24, 291, 318, 204, 38, 362, 270, 206, 73, 353, 205, 174, 107, 163, 307, 104, 180, 181, 358, 22, 304, 223, 151, 334, 83, 69, 337, 354, 7, 111, 114, 4, 82, 282, 148, 377, 237, 342, 96, 294, 201, 363, 149, 59, 61, 288, 248, 285, 183, 287, 55, 238, 137, 297, 168, 65, 160, 235, 273, 63, 332, 42, 220, 221, 261, 44, 217, 301, 359, 295, 333, 312, 260, 392, 213, 385, 302, 276, 68, 142, 227, 230, 90, 280, 155, 75, 95, 272, 47, 338, 86, 88, 209, 110, 390, 216, 130, 397, 286, 119, 382, 391, 386, 372, 324, 150, 58, 320, 303, 266, 352, 308, 10, 226, 323, 76, 187, 388, 346, 289, 254, 326, 144, 258, 13, 325, 147, 190, 231, 141, 364, 283, 140, 179, 394, 251, 62, 66, 71, 98, 100, 105, 115, 120, 122, 127, 131, 132, 134, 146, 158, 161, 162, 166, 171, 185, 192, 202, 234, 241, 242, 245, 255, 257, 262, 274, 275, 277, 290, 296, 306, 311, 328, 341, 350, 351, 366, 367, 378, 380]
x_55: [3, 4, 6, 9, 16, 17, 18, 19, 20, 22, 25, 26, 29, 30, 31, 33, 35, 38, 43, 46, 49, 52, 53, 54, 390, 387, 118, 210, 195, 241, 84, 315, 212, 235, 223, 114, 234, 398, 263, 324, 42, 377, 260, 203, 97, 103, 318, 69, 321, 74, 180, 181, 350, 130, 124, 164, 159, 10, 345, 131, 233, 136, 334, 175, 368, 362, 361, 382, 7, 138, 218, 358, 80, 119, 306, 191, 317, 198, 392, 121, 280, 364, 371, 90, 343, 62, 99, 374, 323, 375, 176, 370, 346, 239, 325, 111, 32, 365, 193, 293, 112, 349, 201, 150, 88, 305, 143, 299, 186, 117, 113, 194, 73, 185, 146, 270, 304, 183, 27, 269, 47, 174, 277, 57, 63, 66, 75, 79, 83, 93, 94, 95, 98, 100, 107, 123, 125, 126, 134, 137, 145, 147, 148, 151, 153, 154, 157, 160, 161, 162, 168, 170, 172, 187, 189, 196, 204, 205, 206, 207, 208, 216, 219, 220, 224, 226, 229, 231, 240, 242, 245, 246, 247, 252, 253, 257, 268, 275, 278, 283, 285, 290, 292, 294, 296, 297, 300, 303, 311, 312, 314, 319, 326, 327, 328, 330, 332, 333, 335, 336, 337, 338, 339, 340, 341, 352, 353, 356, 357, 359, 367, 373, 379, 383, 384, 385, 388, 389, 391]
x_56: [2, 3, 4, 9, 10, 15, 22, 25, 27, 34, 35, 37, 38, 39, 40, 51, 52, 54, 157, 266, 147, 198, 265, 280, 166, 86, 77, 275, 339, 313, 78, 337, 114, 358, 155, 223, 217, 135, 258, 322, 320, 341, 329, 188, 159, 227, 230, 29, 233, 287, 211, 1, 296, 64, 153, 316, 257, 93, 330, 58, 123, 186, 340, 149, 143, 396, 344, 53, 373, 67, 349, 251, 170, 281, 119, 181, 20, 61, 95, 255, 352, 261, 48, 208, 32, 294, 375, 156, 6, 323, 305, 235, 125, 315, 378, 111, 368, 284, 298, 68, 356, 81, 182, 345, 191, 16, 350, 232, 18, 353, 361, 71, 196, 332, 137, 393, 31, 269, 62, 70, 83, 84, 88, 89, 90, 97, 99, 104, 107, 108, 109, 110, 113, 122, 128, 129, 130, 136, 139, 140, 142, 144, 146, 154, 161, 162, 167, 169, 172, 173, 175, 177, 185, 189, 193, 194, 197, 204, 206, 207, 210, 216, 220, 221, 229, 231, 234, 240, 242, 243, 246, 250, 252, 253, 262, 264, 268, 272, 285, 289, 290, 291, 300, 308, 310, 311, 317, 319, 321, 324, 325, 327, 334, 335, 338, 343, 346, 348, 354, 365, 367, 370, 374, 376, 377, 385, 386, 391, 400]
x_57: [2, 4, 7, 9, 12, 17, 18, 21, 22, 24, 29, 30, 31, 37, 38, 44, 50, 53, 369, 145, 270, 61, 390, 295, 157, 95, 19, 304, 55, 245, 77, 131, 60, 285, 347, 169, 68, 119, 117, 173, 303, 226, 179, 290, 393, 366, 343, 6, 291, 34, 375, 140, 293, 282, 8, 383, 280, 336, 386, 190, 305, 151, 287, 88, 321, 252, 283, 86, 186, 296, 259, 188, 354, 392, 220, 256, 242, 177, 210, 51, 348, 39, 118, 167, 106, 20, 360, 309, 301, 364, 181, 114, 396, 388, 314, 214, 193, 27, 344, 222, 391, 371, 302, 385, 143, 339, 297, 192, 358, 92, 199, 240, 82, 374, 90, 215, 362, 97, 14, 257, 384, 102, 342, 329, 94, 42, 306, 379, 318, 46, 98, 232, 132, 32, 205, 139, 216, 382, 122, 64, 36, 109, 107, 112, 16, 211, 323, 251, 170, 346, 99, 48, 196, 356, 187, 45, 265, 349, 236, 272, 286, 101, 183, 184, 15, 126, 218, 189, 345, 311, 237, 381, 376, 327, 108, 397, 176, 40, 221, 130, 361, 398, 125, 160, 49, 289, 76, 185, 43, 227, 84, 123, 294, 1, 274, 168, 47, 299, 200, 261, 194, 292, 225, 264, 72, 276, 153, 278, 250, 180, 204, 368, 253, 351, 202, 80, 298, 378, 71, 263, 380, 267, 201, 182, 357, 213, 209, 141, 120, 5, 150, 148, 138, 75, 239, 395, 59, 370, 333, 35, 58, 66, 69, 73, 74, 83, 87, 100, 103, 104, 105, 111, 113, 115, 116, 124, 129, 137, 144, 146, 147, 175, 191, 197, 219, 224, 228, 229, 234, 235, 238, 243, 246, 247, 248, 255, 258, 262, 268, 281, 284, 315, 316, 317, 319, 324, 328, 332, 335, 338, 340, 350, 353, 359, 367, 373, 387, 389, 400]
x_58: [3, 4, 5, 7, 10, 13, 17, 18, 21, 24, 25, 27, 28, 30, 35, 38, 41, 46, 48, 50, 53, 54, 56, 70, 250, 237, 316, 200, 116, 349, 213, 87, 149, 233, 23, 80, 258, 335, 333, 98, 107, 322, 359, 83, 110, 65, 193, 9, 385, 208, 314, 189, 185, 171, 78, 165, 166, 273, 353, 174, 324, 31, 393, 392, 84, 8, 372, 14, 352, 97, 319, 270, 211, 312, 57, 135, 265, 224, 236, 111, 283, 2, 374, 151, 216, 33, 172, 177, 300, 206, 32, 311, 337, 138, 68, 105, 229, 291, 356, 271, 364, 334, 339, 331, 34, 6, 281, 73, 262, 330, 304, 351, 121, 306, 361, 223, 365, 191, 370, 109, 126, 43, 336, 112, 85, 354, 155, 67, 382, 39, 231, 386, 397, 133, 127, 89, 123, 218, 274, 395, 277, 348, 143, 286, 245, 214, 99, 181, 257, 303, 309, 340, 390, 380, 297, 146, 152, 261, 259, 220, 160, 315, 329, 198, 169, 296, 76, 226, 284, 130, 381, 173, 22, 369, 52, 225, 63, 244, 389, 360, 179, 142, 62, 161, 196, 267, 378, 230, 375, 66, 69, 71, 75, 81, 82, 90, 91, 95, 101, 113, 115, 119, 120, 124, 132, 134, 144, 150, 153, 157, 164, 168, 195, 201, 204, 207, 210, 221, 232, 238, 240, 241, 243, 247, 248, 253, 255, 260, 264, 269, 272, 279, 289, 294, 318, 320, 323, 325, 328, 338, 346, 350, 358, 376, 384, 391, 400]
x_59: [2, 3, 7, 9, 10, 11, 13, 14, 21, 24, 25, 26, 35, 37, 38, 40, 54, 57, 256, 176, 289, 64, 165, 51, 396, 283, 125, 254, 249, 173, 23, 86, 32, 8, 220, 351, 170, 157, 284, 319, 377, 126, 182, 75, 352, 399, 384, 392, 324, 97, 400, 18, 91, 393, 390, 363, 184, 224, 349, 135, 108, 73, 74, 79, 85, 90, 95, 100, 101, 103, 104, 107, 109, 111, 118, 119, 120, 122, 123, 124, 127, 130, 137, 139, 140, 144, 150, 154, 156, 162, 167, 168, 169, 174, 175, 185, 186, 187, 189, 190, 191, 195, 200, 201, 205, 206, 210, 219, 226, 231, 234, 235, 238, 240, 241, 244, 245, 248, 251, 252, 253, 255, 262, 278, 279, 290, 291, 292, 293, 296, 297, 299, 300, 301, 308, 310, 311, 312, 321, 327, 328, 329, 330, 333, 335, 336, 337, 338, 343, 344, 345, 348, 350, 354, 357, 359, 360, 367, 368, 371, 375, 376, 378, 383, 385, 387, 389, 391, 397]
x_60: [3, 4, 5, 6, 7, 9, 14, 15, 17, 18, 20, 29, 31, 40, 46, 53, 57, 108, 208, 388, 270, 95, 90, 123, 238, 74, 315, 318, 392, 313, 395, 145, 289, 166, 83, 347, 164, 278, 294, 319, 124, 100, 86, 73, 67, 224, 27, 180, 368, 230, 75, 220, 111, 81, 279, 184, 377, 378, 36, 135, 191, 172, 25, 266, 157, 351, 80, 370, 308, 247, 331, 239, 324, 398, 214, 314, 45, 10, 394, 23, 396, 190, 105, 231, 361, 26, 114, 153, 61, 69, 70, 79, 87, 91, 97, 98, 99, 101, 102, 104, 107, 119, 120, 122, 127, 129, 131, 132, 134, 146, 147, 148, 158, 162, 165, 168, 171, 175, 185, 193, 195, 197, 204, 209, 216, 217, 219, 221, 228, 234, 236, 241, 242, 244, 246, 252, 254, 255, 257, 258, 259, 260, 261, 262, 264, 268, 269, 272, 281, 285, 286, 290, 291, 292, 297, 299, 301, 304, 306, 310, 311, 312, 316, 317, 321, 325, 327, 328, 329, 330, 335, 336, 340, 341, 343, 344, 346, 352, 354, 357, 366, 367, 376, 379, 382, 385, 397, 399]
x_61: [1, 3, 4, 5, 6, 7, 8, 9, 16, 17, 18, 25, 29, 39, 40, 49, 53, 54, 56, 57, 287, 393, 92, 99, 294, 102, 191, 273, 111, 373, 70, 291, 364, 52, 161, 83, 280, 322, 238, 339, 256, 12, 278, 245, 35, 233, 164, 184, 178, 211, 74, 361, 64, 237, 337, 167, 86, 332, 36, 198, 11, 259, 228, 341, 387, 311, 152, 144, 156, 31, 244, 32, 77, 255, 306, 19, 125, 60, 374, 199, 345, 276, 269, 15, 299, 158, 124, 272, 367, 326, 143, 187, 372, 110, 316, 370, 220, 232, 258, 394, 26, 67, 320, 139, 330, 66, 75, 81, 82, 91, 94, 95, 98, 103, 107, 108, 109, 115, 120, 123, 126, 127, 130, 132, 133, 140, 145, 148, 153, 157, 159, 166, 169, 170, 173, 174, 175, 179, 180, 181, 189, 193, 195, 200, 202, 205, 207, 208, 210, 215, 216, 219, 224, 225, 229, 230, 234, 241, 243, 246, 248, 249, 252, 257, 261, 262, 265, 268, 285, 293, 296, 297, 301, 305, 315, 318, 319, 321, 324, 325, 333, 334, 335, 336, 338, 343, 347, 348, 349, 350, 353, 357, 360, 366, 369, 377, 378, 379, 381, 384, 385, 386, 388, 390, 392, 397]
x_62: [1, 3, 6, 9, 10, 12, 14, 15, 17, 21, 22, 25, 28, 30, 31, 35, 37, 48, 52, 55, 58, 203, 49, 254, 307, 251, 77, 359, 129, 94, 56, 273, 238, 173, 239, 385, 274, 81, 364, 250, 377, 192, 132, 353, 391, 153, 248, 89, 339, 155, 268, 91, 125, 54, 380, 200, 40, 63, 152, 51, 130, 340, 114, 64, 70, 73, 75, 87, 88, 90, 93, 95, 101, 103, 105, 107, 110, 113, 115, 123, 124, 136, 141, 144, 150, 151, 161, 168, 170, 171, 172, 197, 202, 205, 209, 210, 211, 224, 227, 228, 230, 233, 234, 235, 243, 244, 245, 252, 257, 260, 261, 262, 264, 265, 272, 275, 276, 277, 280, 287, 292, 299, 300, 304, 305, 306, 308, 315, 316, 321, 327, 332, 337, 343, 346, 350, 351, 360, 362, 363, 370, 372, 374, 379, 381, 384, 386, 389, 392, 394, 397, 399, 400]
x_63: [4, 5, 7, 9, 10, 11, 29, 37, 38, 39, 40, 46, 49, 53, 54, 58, 62, 391, 352, 186, 55, 231, 51, 166, 267, 280, 34, 229, 299, 223, 45, 270, 308, 240, 307, 242, 132, 196, 239, 243, 195, 197, 50, 193, 171, 321, 360, 6, 36, 89, 253, 221, 16, 44, 375, 199, 260, 170, 21, 14, 259, 335, 1, 384, 272, 90, 232, 155, 366, 209, 372, 316, 105, 219, 163, 252, 398, 220, 331, 201, 341, 322, 292, 363, 371, 271, 329, 286, 88, 393, 208, 80, 131, 111, 254, 381, 68, 75, 81, 82, 83, 86, 87, 91, 95, 97, 98, 100, 101, 103, 104, 109, 121, 122, 137, 139, 140, 141, 144, 150, 153, 154, 156, 161, 168, 172, 173, 175, 176, 177, 185, 187, 190, 191, 194, 198, 202, 203, 204, 205, 207, 210, 211, 224, 225, 226, 230, 235, 236, 241, 244, 245, 246, 247, 248, 249, 255, 258, 261, 262, 265, 269, 283, 285, 287, 290, 291, 294, 297, 301, 305, 306, 313, 315, 318, 324, 325, 327, 330, 332, 337, 338, 342, 346, 353, 354, 358, 361, 370, 373, 374, 377, 378, 379, 382, 383, 385, 386, 389, 392, 397, 400]
x_64: [3, 4, 6, 16, 17, 25, 28, 29, 30, 31, 38, 39, 41, 56, 57, 59, 61, 176, 371, 373, 281, 327, 53, 81, 306, 362, 332, 253, 10, 160, 20, 339, 280, 50, 138, 369, 211, 129, 181, 151, 166, 130, 96, 269, 303, 110, 320, 318, 277, 310, 62, 104, 23, 351, 352, 71, 267, 385, 323, 299, 391, 349, 324, 347, 233, 378, 329, 285, 287, 389, 127, 91, 214, 216, 308, 393, 85, 21, 169, 354, 68, 69, 73, 74, 75, 83, 84, 86, 88, 93, 95, 102, 103, 111, 115, 117, 120, 122, 124, 126, 136, 144, 146, 154, 157, 162, 163, 167, 168, 187, 191, 197, 201, 204, 208, 217, 221, 223, 224, 225, 230, 234, 237, 238, 241, 243, 244, 245, 251, 252, 254, 255, 260, 261, 268, 272, 274, 276, 279, 282, 283, 284, 289, 290, 291, 292, 297, 300, 301, 304, 314, 315, 317, 319, 321, 330, 333, 337, 340, 343, 350, 356, 357, 367, 370, 374, 377, 384, 392, 396, 397, 400]
x_65: [2, 3, 5, 7, 9, 10, 14, 18, 25, 27, 29, 31, 38, 40, 46, 53, 54, 58, 165, 387, 364, 88, 76, 189, 127, 68, 70, 74, 75, 83, 84, 85, 90, 91, 93, 95, 97, 99, 100, 101, 103, 104, 105, 107, 109, 110, 111, 115, 117, 119, 122, 123, 124, 129, 131, 142, 144, 146, 147, 153, 154, 159, 168, 169, 170, 171, 172, 175, 176, 185, 191, 193, 194, 196, 197, 200, 201, 204, 207, 209, 216, 218, 219, 220, 221, 231, 232, 234, 239, 240, 242, 243, 244, 245, 251, 252, 255, 257, 259, 260, 261, 262, 268, 269, 270, 272, 277, 281, 283, 284, 290, 291, 292, 293, 294, 296, 297, 299, 304, 306, 310, 311, 312, 314, 316, 317, 318, 319, 325, 327, 330, 333, 334, 338, 339, 341, 343, 344, 345, 347, 350, 358, 359, 365, 379, 381, 382, 384, 385, 386, 389, 392, 398, 400]
x_66: [5, 6, 7, 12, 14, 17, 20, 22, 25, 28, 29, 31, 38, 40, 46, 52, 299, 366, 373, 215, 336, 81, 168, 301, 110, 321, 125, 247, 145, 139, 300, 329, 266, 259, 367, 291, 387, 257, 115, 386, 83, 364, 34, 290, 128, 233, 72, 193, 87, 11, 357, 49, 378, 30, 18, 288, 314, 256, 238, 372, 13, 253, 135, 146, 142, 375, 196, 246, 61, 45, 160, 324, 194, 223, 101, 121, 270, 79, 36, 355, 368, 149, 106, 180, 392, 138, 71, 114, 184, 82, 381, 54, 156, 325, 171, 309, 187, 313, 351, 362, 388, 236, 240, 170, 350, 150, 349, 399, 268, 10, 262, 85, 127, 105, 385, 359, 374, 222, 159, 328, 95, 55, 269, 35, 112, 161, 397, 163, 118, 178, 201, 26, 234, 103, 57, 237, 80, 200, 107, 174, 122, 254, 205, 3, 239, 181, 330, 173, 227, 347, 312, 297, 345, 244, 250, 363, 352, 148, 258, 119, 48, 155, 332, 84, 231, 109, 137, 278, 4, 97, 307, 8, 326, 380, 398, 136, 284, 133, 24, 292, 283, 358, 243, 391, 111, 203, 166, 154, 320, 263, 132, 207, 286, 116, 209, 229, 39, 199, 1, 354, 98, 242, 343, 92, 162, 131, 294, 75, 304, 384, 90, 89, 353, 2, 298, 260, 390, 41, 395, 379, 88, 212, 287, 93, 164, 51, 295, 58, 68, 70, 73, 74, 94, 96, 99, 100, 108, 113, 117, 120, 123, 124, 126, 134, 140, 144, 147, 152, 153, 157, 169, 176, 177, 185, 186, 189, 192, 204, 219, 224, 226, 230, 232, 235, 248, 251, 252, 277, 280, 285, 296, 306, 308, 310, 316, 339, 340, 342, 346, 356, 361, 383, 389, 400]
x_67: [2, 5, 6, 10, 11, 13, 17, 20, 22, 27, 28, 29, 30, 35, 38, 46, 49, 51, 53, 56, 58, 60, 61, 144, 107, 111, 389, 121, 278, 102, 69, 73, 75, 78, 81, 88, 89, 90, 93, 97, 99, 100, 101, 103, 105, 108, 115, 120, 129, 130, 131, 134, 137, 140, 141, 146, 152, 153, 154, 156, 159, 161, 162, 163, 166, 169, 170, 171, 172, 173, 174, 175, 176, 184, 193, 194, 201, 202, 203, 205, 207, 210, 219, 224, 230, 235, 236, 240, 241, 243, 244, 245, 246, 248, 249, 251, 252, 253, 254, 255, 257, 260, 261, 264, 272, 273, 276, 279, 281, 282, 297, 303, 305, 319, 320, 327, 328, 330, 334, 335, 337, 339, 340, 343, 344, 346, 348, 351, 352, 356, 358, 364, 365, 369, 370, 372, 374, 377, 378, 379, 384, 385, 386, 392]
x_68: [6, 8, 10, 16, 17, 19, 22, 28, 29, 31, 33, 35, 36, 38, 39, 40, 41, 43, 45, 46, 50, 51, 53, 54, 56, 57, 58, 163, 205, 310, 247, 371, 191, 239, 130, 244, 376, 11, 171, 245, 355, 127, 282, 65, 26, 203, 119, 154, 316, 190, 142, 144, 369, 79, 121, 276, 381, 311, 80, 211, 226, 367, 7, 170, 321, 223, 153, 250, 27, 370, 218, 323, 14, 87, 186, 124, 75, 314, 358, 164, 278, 300, 361, 159, 387, 272, 392, 166, 188, 73, 108, 214, 111, 386, 42, 88, 326, 233, 271, 292, 96, 184, 270, 285, 324, 89, 94, 378, 237, 2, 395, 332, 187, 207, 74, 299, 72, 307, 122, 200, 168, 97, 400, 325, 274, 52, 106, 297, 352, 78, 132, 84, 101, 357, 252, 277, 177, 260, 213, 114, 100, 254, 309, 368, 255, 138, 202, 64, 259, 178, 102, 351, 219, 210, 396, 267, 126, 194, 209, 18, 21, 384, 372, 99, 208, 165, 232, 363, 201, 90, 66, 221, 179, 348, 394, 192, 257, 189, 389, 172, 109, 382, 92, 390, 373, 147, 256, 287, 217, 86, 353, 360, 241, 229, 63, 336, 9, 220, 225, 216, 69, 82, 93, 95, 103, 107, 113, 120, 123, 131, 140, 141, 145, 146, 157, 161, 173, 185, 193, 197, 204, 206, 224, 230, 238, 243, 246, 258, 261, 262, 269, 281, 283, 284, 289, 303, 304, 317, 319, 327, 329, 334, 340, 343, 345, 346, 365, 366, 379, 383, 388, 391, 397]
x_69: [3, 5, 7, 9, 10, 11, 15, 16, 17, 18, 21, 25, 27, 28, 29, 31, 38, 39, 43, 46, 52, 53, 54, 55, 41, 285, 102, 232, 58, 327, 20, 400, 356, 273, 399, 294, 115, 123, 310, 256, 343, 170, 105, 98, 57, 391, 154, 321, 144, 360, 49, 190, 231, 217, 169, 385, 367, 32, 261, 156, 238, 114, 82, 290, 297, 301, 108, 269, 150, 387, 302, 336, 241, 147, 349, 51, 283, 334, 130, 83, 91, 270, 384, 305, 86, 220, 355, 155, 204, 119, 211, 88, 288, 278, 125, 112, 77, 148, 361, 344, 325, 354, 60, 333, 157, 6, 68, 208, 203, 64, 309, 239, 120, 300, 116, 311, 129, 392, 214, 236, 289, 145, 326, 338, 263, 67, 79, 266, 280, 73, 81, 84, 87, 89, 90, 94, 95, 96, 97, 100, 101, 103, 106, 107, 111, 122, 131, 132, 137, 146, 153, 159, 161, 168, 171, 172, 173, 180, 181, 185, 187, 193, 197, 201, 205, 207, 209, 210, 216, 218, 224, 226, 229, 240, 243, 244, 246, 248, 249, 250, 251, 252, 254, 255, 257, 258, 268, 272, 277, 287, 293, 295, 296, 299, 304, 306, 308, 315, 318, 319, 324, 330, 331, 332, 335, 337, 339, 340, 345, 348, 351, 359, 366, 370, 371, 373, 376, 378, 379, 386, 389, 394]
x_70: [2, 3, 4, 7, 14, 15, 21, 29, 31, 35, 37, 38, 39, 41, 43, 53, 58, 61, 90, 368, 18, 178, 247, 280, 314, 96, 119, 167, 333, 388, 325, 95, 362, 109, 346, 89, 290, 253, 340, 378, 127, 65, 107, 24, 264, 172, 208, 235, 136, 365, 94, 60, 23, 45, 19, 147, 256, 26, 62, 323, 160, 309, 190, 123, 132, 98, 84, 174, 143, 338, 166, 186, 40, 110, 202, 331, 108, 318, 238, 204, 194, 179, 352, 308, 5, 332, 130, 384, 30, 209, 192, 206, 156, 327, 101, 394, 315, 46, 16, 218, 20, 207, 104, 244, 13, 307, 356, 382, 115, 351, 335, 72, 392, 360, 170, 135, 198, 149, 9, 324, 240, 56, 128, 10, 311, 228, 79, 399, 390, 214, 289, 295, 184, 189, 33, 370, 113, 49, 66, 142, 168, 212, 182, 339, 117, 233, 6, 261, 164, 97, 294, 347, 359, 180, 284, 281, 138, 230, 373, 296, 111, 246, 225, 25, 154, 262, 200, 151, 298, 165, 343, 75, 292, 317, 275, 383, 155, 259, 358, 177, 77, 389, 17, 201, 336, 355, 224, 377, 105, 369, 191, 221, 231, 197, 263, 52, 375, 185, 81, 83, 93, 100, 103, 106, 120, 122, 129, 131, 146, 157, 159, 161, 162, 163, 171, 173, 175, 176, 193, 195, 203, 205, 210, 220, 226, 229, 232, 234, 236, 243, 245, 248, 251, 252, 254, 255, 260, 269, 272, 274, 276, 277, 279, 283, 293, 300, 301, 303, 306, 313, 316, 321, 328, 330, 341, 354, 366, 367, 372, 376, 385, 386]
x_71: [3, 4, 10, 16, 17, 18, 21, 25, 29, 30, 31, 35, 40, 41, 42, 46, 51, 56, 57, 64, 66, 198, 356, 299, 182, 365, 307, 190, 73, 276, 341, 82, 120, 132, 282, 127, 333, 37, 104, 289, 224, 252, 391, 20, 165, 113, 39, 220, 44, 164, 94, 245, 121, 380, 303, 294, 102, 146, 86, 232, 396, 370, 385, 58, 349, 15, 53, 130, 274, 157, 369, 237, 373, 116, 213, 399, 38, 175, 239, 287, 328, 115, 222, 142, 195, 45, 295, 205, 339, 204, 52, 54, 187, 393, 181, 180, 203, 250, 106, 330, 111, 72, 74, 79, 81, 87, 88, 90, 93, 98, 101, 103, 119, 122, 124, 126, 129, 131, 134, 140, 145, 147, 148, 151, 152, 162, 170, 173, 191, 192, 193, 201, 202, 210, 212, 223, 225, 226, 228, 229, 231, 234, 236, 241, 242, 247, 251, 255, 258, 259, 260, 261, 262, 286, 288, 290, 292, 297, 300, 306, 310, 311, 313, 314, 315, 316, 317, 318, 321, 323, 325, 327, 332, 334, 335, 336, 337, 338, 340, 342, 343, 344, 345, 346, 347, 350, 358, 359, 367, 374, 376, 378, 379, 381, 384, 386, 388, 392]
x_72: [3, 6, 7, 9, 10, 20, 25, 27, 29, 30, 31, 35, 38, 39, 44, 45, 52, 57, 66, 68, 70, 377, 8, 294, 368, 95, 250, 176, 129, 160, 46, 108, 398, 357, 320, 393, 281, 73, 338, 130, 365, 123, 50, 292, 400, 154, 268, 214, 165, 297, 285, 183, 80, 269, 236, 259, 117, 329, 161, 107, 284, 381, 169, 279, 71, 203, 145, 19, 16, 18, 209, 188, 22, 257, 237, 372, 351, 74, 75, 79, 81, 84, 88, 89, 90, 94, 98, 103, 105, 109, 110, 111, 116, 119, 120, 124, 127, 134, 137, 144, 146, 147, 148, 157, 162, 167, 171, 173, 174, 175, 185, 191, 192, 193, 195, 197, 200, 204, 205, 207, 219, 226, 230, 232, 233, 234, 235, 240, 242, 245, 246, 249, 251, 254, 261, 262, 276, 277, 278, 283, 286, 290, 293, 296, 300, 303, 304, 306, 311, 312, 313, 314, 315, 321, 328, 331, 332, 333, 334, 337, 340, 341, 343, 345, 346, 347, 348, 352, 356, 359, 360, 367, 369, 370, 371, 374, 376, 378, 379, 382, 383, 384, 386, 387, 388, 389, 391, 397]
x_73: [3, 8, 15, 20, 25, 28, 30, 31, 35, 37, 38, 46, 50, 54, 55, 58, 60, 68, 71, 72, 326, 259, 152, 279, 205, 207, 347, 385, 170, 130, 250, 41, 11, 77, 162, 34, 336, 185, 32, 327, 197, 165, 111, 220, 120, 146, 175, 116, 109, 136, 208, 154, 241, 399, 305, 239, 397, 9, 230, 233, 271, 219, 384, 319, 112, 306, 188, 224, 88, 90, 337, 290, 235, 283, 182, 267, 12, 383, 57, 192, 373, 21, 334, 363, 167, 322, 47, 266, 118, 360, 171, 67, 125, 180, 121, 137, 126, 261, 201, 298, 19, 134, 391, 372, 144, 256, 344, 211, 177, 189, 275, 308, 103, 196, 87, 291, 333, 36, 288, 228, 145, 381, 104, 169, 396, 186, 129, 280, 370, 66, 114, 82, 341, 367, 2, 64, 287, 260, 26, 388, 174, 242, 238, 200, 75, 195, 45, 310, 69, 44, 78, 295, 374, 380, 352, 365, 52, 297, 227, 393, 7, 99, 269, 355, 225, 59, 97, 301, 13, 351, 285, 157, 324, 348, 214, 335, 282, 89, 277, 307, 369, 91, 24, 289, 366, 62, 340, 364, 74, 80, 84, 86, 92, 93, 94, 95, 98, 107, 115, 119, 123, 124, 131, 150, 158, 166, 168, 172, 176, 194, 198, 202, 203, 206, 209, 216, 223, 231, 232, 234, 240, 244, 247, 248, 251, 255, 258, 262, 264, 265, 268, 272, 276, 278, 284, 286, 292, 296, 299, 300, 303, 304, 311, 312, 314, 323, 325, 329, 338, 339, 343, 345, 350, 354, 359, 371, 375, 378, 386, 392]
x_74: [7, 9, 10, 16, 17, 25, 29, 35, 37, 38, 39, 40, 41, 55, 60, 61, 68, 340, 159, 57, 306, 86, 111, 1, 26, 120, 88, 216, 293, 73, 3, 262, 240, 252, 76, 256, 131, 238, 288, 399, 356, 183, 301, 174, 311, 214, 121, 382, 192, 239, 246, 254, 4, 97, 171, 99, 52, 172, 24, 392, 355, 96, 134, 349, 281, 125, 230, 368, 222, 66, 398, 89, 303, 21, 292, 161, 248, 380, 344, 360, 153, 283, 143, 271, 257, 193, 126, 268, 115, 176, 158, 142, 164, 296, 195, 307, 315, 43, 336, 85, 393, 391, 191, 282, 295, 82, 277, 42, 227, 245, 352, 187, 163, 275, 266, 114, 341, 75, 182, 265, 263, 280, 326, 390, 105, 106, 291, 213, 236, 211, 170, 15, 162, 92, 65, 119, 215, 284, 250, 261, 64, 299, 51, 318, 46, 72, 358, 209, 98, 177, 335, 225, 395, 251, 308, 253, 324, 294, 53, 173, 175, 33, 234, 350, 199, 144, 202, 155, 71, 133, 334, 343, 11, 93, 317, 196, 127, 207, 366, 150, 178, 204, 59, 316, 186, 117, 109, 353, 388, 188, 198, 385, 112, 108, 113, 272, 237, 132, 116, 201, 242, 327, 140, 145, 369, 149, 12, 287, 339, 151, 249, 36, 95, 165, 259, 381, 27, 101, 87, 78, 337, 274, 331, 128, 147, 217, 290, 77, 194, 347, 300, 90, 197, 258, 80, 79, 84, 100, 103, 104, 124, 129, 135, 139, 141, 148, 154, 156, 169, 189, 200, 206, 208, 210, 219, 221, 226, 228, 232, 233, 235, 243, 244, 247, 264, 286, 289, 297, 298, 305, 312, 314, 321, 323, 325, 330, 333, 342, 348, 357, 359, 370, 373, 376, 383, 384, 386, 387, 397, 400]
x_75: [2, 5, 6, 8, 10, 12, 13, 14, 16, 17, 21, 24, 25, 29, 35, 36, 38, 39, 40, 45, 46, 49, 53, 54, 57, 59, 60, 66, 68, 70, 73, 74, 292, 271, 278, 99, 340, 86, 248, 119, 241, 34, 166, 31, 255, 65, 229, 259, 394, 275, 204, 201, 58, 85, 100, 314, 290, 128, 137, 320, 195, 143, 22, 19, 247, 329, 42, 398, 389, 222, 223, 109, 318, 1, 138, 384, 122, 78, 368, 105, 345, 242, 294, 330, 82, 257, 380, 142, 191, 200, 9, 400, 193, 393, 37, 279, 378, 152, 154, 61, 101, 243, 64, 184, 333, 114, 337, 316, 313, 198, 296, 326, 277, 79, 324, 130, 246, 310, 370, 202, 51, 185, 126, 144, 96, 230, 331, 228, 203, 328, 360, 220, 225, 27, 339, 98, 270, 165, 224, 388, 297, 197, 146, 353, 216, 23, 168, 129, 194, 151, 167, 28, 43, 30, 94, 252, 174, 217, 377, 63, 375, 250, 131, 104, 221, 115, 379, 188, 199, 359, 358, 206, 335, 369, 327, 349, 118, 136, 110, 281, 158, 387, 319, 272, 342, 386, 347, 231, 81, 26, 123, 232, 125, 218, 332, 269, 282, 183, 18, 383, 113, 293, 207, 111, 354, 87, 189, 334, 150, 55, 4, 299, 286, 305, 291, 301, 322, 67, 84, 397, 323, 236, 350, 80, 72, 233, 89, 77, 161, 295, 121, 312, 186, 91, 62, 390, 280, 90, 235, 7, 93, 83, 88, 95, 102, 103, 108, 120, 132, 133, 134, 140, 141, 147, 149, 153, 157, 162, 171, 176, 181, 190, 210, 213, 227, 234, 237, 245, 251, 256, 261, 264, 268, 276, 289, 303, 304, 306, 308, 311, 315, 321, 338, 341, 346, 348, 357, 361, 365, 373, 374, 376, 382, 385, 392, 396]
x_76: [3, 4, 5, 6, 10, 17, 18, 21, 25, 27, 28, 32, 33, 35, 37, 38, 40, 41, 42, 46, 53, 54, 57, 58, 65, 74, 24, 173, 245, 311, 231, 139, 382, 247, 285, 52, 261, 350, 288, 314, 128, 115, 160, 391, 283, 212, 246, 12, 152, 398, 296, 367, 225, 104, 371, 342, 202, 91, 90, 34, 163, 112, 256, 356, 79, 84, 86, 88, 94, 97, 98, 99, 101, 103, 105, 107, 119, 123, 129, 131, 134, 141, 143, 144, 145, 146, 147, 148, 150, 151, 158, 162, 168, 169, 170, 172, 176, 180, 189, 193, 194, 195, 209, 210, 211, 213, 219, 224, 226, 227, 229, 230, 232, 234, 235, 236, 238, 240, 241, 242, 243, 249, 251, 257, 262, 264, 268, 269, 273, 276, 278, 284, 289, 290, 293, 297, 298, 304, 307, 308, 315, 321, 323, 324, 327, 329, 330, 333, 334, 335, 336, 339, 340, 344, 345, 346, 348, 351, 352, 364, 366, 369, 370, 373, 374, 384, 387, 388, 389, 392, 395]
x_77: [3, 5, 6, 7, 9, 10, 14, 16, 17, 18, 26, 27, 29, 31, 35, 37, 38, 39, 40, 46, 52, 56, 57, 61, 62, 69, 70, 73, 74, 75, 51, 176, 379, 82, 94, 96, 97, 98, 99, 101, 102, 105, 107, 110, 111, 113, 119, 123, 124, 128, 132, 146, 151, 157, 162, 170, 171, 172, 173, 175, 182, 183, 185, 193, 195, 197, 198, 200, 204, 209, 210, 215, 216, 218, 219, 220, 221, 224, 229, 233, 235, 236, 238, 241, 242, 243, 245, 246, 250, 253, 255, 256, 257, 258, 259, 260, 261, 262, 269, 278, 281, 283, 286, 290, 292, 294, 297, 300, 304, 308, 309, 311, 312, 314, 320, 321, 325, 329, 335, 336, 337, 340, 343, 344, 345, 346, 358, 361, 367, 369, 376, 377, 378, 380, 381, 383, 384, 385, 386, 389, 390, 392, 396, 397, 400]
x_78: [4, 5, 10, 13, 14, 16, 17, 22, 24, 25, 28, 29, 35, 36, 38, 40, 41, 56, 58, 68, 73, 74, 75, 264, 163, 320, 342, 128, 67, 103, 316, 270, 179, 108, 375, 172, 82, 389, 213, 88, 91, 93, 94, 95, 98, 101, 104, 107, 109, 110, 111, 112, 113, 115, 116, 119, 123, 129, 131, 136, 140, 144, 146, 151, 156, 157, 158, 161, 168, 169, 171, 173, 175, 177, 181, 189, 192, 193, 195, 197, 199, 200, 202, 204, 205, 207, 211, 216, 220, 223, 224, 229, 232, 234, 235, 239, 241, 243, 248, 252, 254, 255, 257, 258, 260, 265, 276, 277, 279, 281, 289, 290, 291, 294, 296, 298, 300, 304, 305, 308, 310, 313, 314, 319, 321, 323, 326, 327, 328, 333, 334, 335, 336, 337, 338, 339, 340, 343, 344, 346, 348, 350, 351, 353, 354, 360, 361, 366, 367, 369, 370, 372, 383, 384, 385, 386, 391]
x_79: [3, 9, 10, 15, 16, 17, 20, 24, 27, 28, 31, 32, 39, 43, 46, 49, 54, 66, 68, 69, 70, 75, 356, 87, 202, 186, 192, 397, 156, 136, 100, 182, 60, 315, 338, 357, 85, 377, 296, 76, 142, 90, 271, 270, 135, 291, 126, 115, 324, 239, 106, 335, 346, 129, 348, 139, 343, 252, 162, 88, 189, 159, 336, 7, 272, 307, 196, 387, 210, 146, 359, 349, 293, 44, 295, 319, 391, 93, 185, 29, 113, 190, 211, 213, 400, 281, 130, 225, 200, 372, 273, 361, 177, 386, 389, 236, 363, 294, 198, 37, 184, 298, 325, 55, 180, 229, 145, 217, 398, 148, 347, 247, 222, 74, 97, 306, 383, 205, 72, 266, 164, 40, 108, 8, 321, 249, 161, 241, 216, 89, 308, 170, 125, 151, 13, 18, 345, 381, 320, 310, 165, 50, 326, 286, 314, 206, 163, 330, 160, 22, 277, 284, 109, 71, 399, 340, 275, 233, 390, 172, 51, 183, 374, 327, 228, 19, 317, 174, 4, 59, 98, 199, 121, 245, 223, 203, 226, 234, 224, 302, 152, 150, 34, 80, 48, 81, 82, 86, 99, 102, 103, 104, 105, 107, 110, 117, 119, 123, 124, 128, 131, 134, 147, 154, 157, 168, 169, 175, 181, 193, 194, 195, 197, 209, 219, 221, 227, 230, 231, 232, 235, 244, 246, 254, 255, 257, 259, 261, 262, 264, 268, 279, 282, 289, 299, 301, 304, 305, 311, 318, 331, 333, 334, 337, 339, 350, 354, 358, 360, 362, 367, 376, 379, 384, 388, 392, 394]
x_80: [3, 4, 6, 8, 9, 15, 16, 19, 25, 29, 30, 31, 35, 37, 39, 41, 42, 46, 50, 55, 57, 58, 60, 63, 66, 68, 72, 74, 75, 79, 348, 335, 372, 272, 204, 391, 92, 397, 191, 398, 94, 36, 220, 268, 117, 395, 223, 291, 267, 47, 235, 26, 111, 189, 169, 73, 120, 324, 248, 85, 252, 145, 104, 292, 134, 313, 289, 133, 233, 24, 154, 168, 247, 228, 187, 239, 84, 89, 90, 95, 97, 98, 100, 102, 103, 110, 113, 115, 116, 122, 123, 124, 127, 129, 132, 136, 140, 141, 142, 146, 147, 153, 161, 163, 164, 167, 170, 171, 172, 174, 175, 181, 184, 193, 195, 197, 200, 209, 210, 213, 217, 219, 221, 224, 226, 229, 231, 234, 238, 243, 245, 246, 249, 253, 254, 255, 257, 262, 269, 276, 278, 281, 283, 284, 285, 286, 299, 300, 301, 306, 308, 310, 311, 312, 314, 315, 317, 318, 325, 327, 329, 330, 339, 340, 342, 343, 344, 345, 350, 352, 354, 357, 359, 362, 364, 369, 371, 374, 378, 379, 380, 381, 385, 386, 389]
x_81: [2, 3, 5, 28, 31, 34, 38, 43, 46, 49, 53, 56, 60, 62, 64, 66, 75, 186, 10, 177, 101, 354, 79, 37, 40, 160, 209, 211, 161, 136, 351, 348, 265, 342, 139, 198, 116, 378, 243, 71, 92, 288, 264, 278, 181, 123, 145, 48, 387, 389, 83, 226, 189, 227, 111, 203, 25, 149, 133, 171, 336, 95, 385, 146, 400, 312, 195, 105, 153, 359, 183, 355, 252, 132, 375, 228, 334, 397, 109, 154, 196, 20, 286, 328, 58, 192, 199, 178, 394, 344, 35, 377, 18, 118, 325, 269, 285, 373, 212, 164, 170, 280, 30, 143, 233, 193, 305, 290, 200, 396, 313, 346, 270, 398, 350, 121, 131, 374, 349, 112, 174, 386, 50, 279, 267, 388, 97, 85, 266, 134, 9, 218, 287, 17, 172, 84, 392, 214, 245, 338, 335, 179, 366, 222, 87, 367, 302, 180, 36, 26, 63, 69, 61, 169, 318, 72, 239, 194, 6, 234, 191, 244, 281, 240, 321, 380, 207, 369, 42, 282, 182, 332, 67, 168, 250, 32, 128, 27, 379, 329, 150, 22, 70, 24, 108, 304, 317, 165, 231, 310, 86, 88, 89, 90, 96, 98, 100, 104, 107, 119, 120, 122, 124, 127, 129, 140, 141, 147, 151, 157, 173, 175, 184, 210, 216, 217, 221, 224, 225, 229, 230, 232, 235, 236, 237, 238, 241, 242, 248, 249, 253, 255, 260, 261, 272, 273, 274, 276, 277, 283, 284, 289, 292, 294, 297, 300, 301, 306, 311, 314, 315, 319, 324, 327, 330, 333, 339, 341, 343, 345, 360, 370, 372, 376, 384]
x_82: [2, 3, 5, 8, 9, 10, 17, 21, 24, 25, 27, 31, 32, 39, 49, 51, 53, 54, 57, 66, 69, 71, 73, 74, 75, 78, 20, 63, 43, 382, 304, 36, 28, 14, 6, 210, 395, 163, 301, 342, 125, 281, 269, 121, 102, 238, 232, 318, 225, 205, 7, 154, 105, 148, 354, 126, 140, 164, 130, 300, 289, 340, 389, 362, 178, 38, 135, 276, 103, 213, 298, 221, 290, 114, 200, 167, 195, 35, 353, 223, 332, 297, 61, 263, 255, 122, 246, 34, 387, 90, 160, 291, 341, 361, 292, 161, 177, 368, 350, 117, 286, 392, 307, 197, 58, 145, 357, 132, 206, 280, 239, 143, 285, 99, 106, 377, 91, 277, 100, 159, 321, 384, 119, 108, 188, 333, 79, 234, 33, 270, 303, 244, 236, 175, 29, 344, 107, 260, 364, 77, 337, 68, 311, 396, 235, 23, 162, 45, 141, 47, 12, 182, 266, 83, 168, 158, 243, 241, 133, 237, 153, 185, 271, 111, 48, 369, 149, 393, 390, 144, 142, 88, 95, 97, 104, 112, 113, 123, 124, 131, 134, 136, 146, 147, 150, 152, 166, 169, 170, 171, 172, 173, 174, 181, 189, 191, 192, 193, 201, 203, 204, 207, 208, 219, 228, 229, 240, 249, 253, 257, 262, 264, 278, 282, 294, 306, 312, 313, 314, 315, 317, 324, 327, 328, 330, 334, 335, 336, 339, 343, 347, 348, 360, 365, 366, 367, 375, 376, 378, 379, 381, 383, 388, 400]
x_83: [2, 3, 4, 9, 10, 14, 16, 17, 18, 21, 24, 25, 26, 27, 28, 29, 31, 32, 38, 41, 46, 47, 50, 52, 54, 58, 60, 61, 66, 69, 81, 82, 180, 5, 329, 245, 164, 63, 191, 365, 121, 284, 368, 39, 56, 212, 158, 291, 317, 182, 94, 171, 229, 167, 330, 234, 19, 359, 267, 260, 334, 328, 388, 207, 217, 335, 352, 264, 51, 339, 179, 197, 221, 53, 75, 154, 115, 195, 232, 316, 344, 373, 302, 378, 280, 244, 85, 64, 323, 381, 349, 113, 189, 87, 376, 117, 336, 333, 249, 304, 355, 389, 214, 240, 297, 370, 143, 364, 90, 108, 312, 255, 114, 238, 176, 109, 395, 92, 382, 49, 224, 55, 340, 98, 396, 315, 306, 208, 40, 225, 281, 216, 311, 356, 227, 6, 279, 337, 222, 348, 175, 30, 303, 320, 228, 256, 135, 220, 374, 250, 357, 293, 300, 165, 347, 42, 204, 123, 128, 155, 190, 259, 107, 57, 140, 321, 215, 324, 156, 65, 144, 138, 8, 351, 398, 342, 172, 70, 319, 305, 298, 133, 33, 88, 89, 91, 95, 96, 97, 101, 103, 104, 105, 119, 124, 125, 129, 130, 131, 134, 146, 147, 148, 151, 161, 162, 177, 185, 187, 200, 201, 202, 209, 211, 218, 226, 230, 231, 233, 236, 239, 241, 243, 246, 247, 248, 253, 257, 261, 268, 273, 276, 278, 282, 286, 287, 292, 296, 301, 313, 318, 327, 338, 343, 345, 353, 354, 360, 366, 367, 372, 379, 383, 385, 386, 387]
x_84: [2, 4, 6, 11, 13, 15, 16, 22, 24, 27, 29, 30, 35, 40, 41, 44, 45, 49, 53, 54, 55, 57, 58, 66, 68, 70, 75, 81, 116, 153, 338, 210, 155, 86, 96, 334, 149, 128, 89, 73, 115, 240, 343, 245, 190, 340, 296, 175, 203, 25, 382, 123, 161, 392, 244, 254, 186, 266, 34, 386, 74, 28, 226, 47, 191, 357, 135, 124, 80, 131, 265, 375, 331, 204, 252, 335, 92, 256, 170, 276, 373, 213, 102, 142, 303, 205, 287, 391, 110, 185, 312, 43, 17, 94, 309, 251, 310, 200, 330, 118, 217, 380, 227, 122, 12, 387, 90, 239, 293, 64, 207, 329, 21, 360, 109, 164, 299, 362, 103, 347, 377, 291, 39, 76, 350, 134, 371, 248, 192, 277, 363, 286, 367, 93, 181, 282, 65, 262, 165, 36, 267, 125, 121, 111, 378, 308, 319, 356, 169, 166, 370, 69, 139, 225, 179, 394, 206, 23, 236, 381, 261, 223, 18, 389, 328, 154, 101, 136, 107, 250, 399, 50, 9, 104, 98, 180, 208, 313, 120, 178, 242, 275, 150, 19, 130, 339, 306, 117, 393, 263, 72, 212, 177, 294, 322, 230, 318, 390, 56, 307, 395, 295, 315, 197, 231, 216, 222, 97, 351, 31, 119, 183, 187, 157, 173, 99, 220, 288, 145, 270, 321, 108, 374, 87, 91, 129, 133, 140, 141, 146, 151, 159, 171, 184, 194, 201, 202, 219, 224, 228, 229, 232, 234, 235, 241, 243, 253, 255, 260, 264, 292, 297, 298, 300, 304, 314, 317, 325, 327, 341, 344, 345, 348, 352, 353, 355, 365, 366, 369, 376, 385, 397, 400]
x_85: [3, 4, 11, 15, 16, 17, 21, 22, 27, 29, 30, 31, 38, 52, 54, 58, 64, 66, 74, 75, 79, 80, 81, 83, 373, 19, 161, 384, 112, 160, 374, 209, 289, 243, 32, 343, 398, 174, 336, 59, 36, 315, 302, 392, 355, 189, 286, 181, 349, 389, 20, 65, 222, 91, 141, 397, 361, 211, 1, 101, 215, 219, 157, 169, 224, 396, 277, 86, 87, 94, 102, 103, 104, 109, 110, 113, 116, 119, 121, 126, 129, 134, 137, 139, 140, 144, 145, 146, 147, 153, 155, 168, 171, 175, 185, 187, 194, 196, 197, 200, 201, 202, 204, 208, 218, 221, 227, 229, 230, 231, 232, 233, 235, 236, 238, 239, 240, 241, 242, 244, 245, 246, 247, 252, 254, 255, 258, 260, 261, 262, 268, 274, 276, 278, 284, 287, 290, 291, 292, 293, 294, 296, 297, 300, 310, 311, 312, 314, 319, 323, 327, 328, 329, 330, 335, 338, 340, 344, 346, 347, 348, 350, 353, 354, 366, 368, 369, 381, 385, 386, 387, 388, 400]
x_86: [2, 3, 5, 6, 9, 10, 14, 17, 21, 22, 25, 28, 31, 35, 38, 39, 48, 54, 56, 57, 59, 60, 61, 68, 69, 71, 74, 75, 84, 359, 319, 64, 73, 23, 229, 33, 357, 265, 287, 134, 149, 318, 355, 286, 92, 245, 124, 88, 1, 361, 158, 277, 132, 292, 374, 93, 271, 11, 183, 336, 276, 308, 320, 301, 304, 4, 184, 267, 76, 262, 81, 219, 195, 396, 240, 211, 259, 41, 47, 95, 168, 264, 198, 151, 85, 365, 127, 232, 8, 325, 99, 395, 116, 258, 350, 79, 20, 44, 147, 107, 157, 52, 163, 251, 18, 311, 222, 91, 329, 279, 281, 63, 146, 194, 87, 373, 205, 166, 270, 397, 202, 385, 248, 141, 330, 238, 159, 181, 140, 209, 90, 94, 96, 97, 104, 109, 111, 113, 119, 122, 129, 131, 133, 136, 144, 153, 161, 162, 165, 169, 170, 174, 176, 177, 180, 185, 192, 193, 197, 208, 213, 218, 221, 227, 231, 236, 242, 243, 252, 257, 261, 268, 278, 283, 291, 294, 306, 313, 314, 321, 324, 328, 332, 335, 337, 339, 343, 344, 346, 348, 352, 353, 364, 366, 372, 375, 378, 379, 384, 387, 388, 389]
x_87: [2, 3, 4, 14, 16, 18, 27, 29, 31, 38, 41, 45, 52, 54, 58, 66, 68, 73, 74, 75, 79, 81, 83, 86, 244, 249, 264, 26, 275, 127, 123, 225, 122, 63, 240, 300, 214, 223, 283, 332, 337, 184, 138, 343, 181, 220, 171, 195, 329, 399, 204, 7, 295, 255, 25, 71, 299, 175, 160, 15, 363, 201, 212, 335, 268, 197, 341, 382, 36, 374, 99, 39, 42, 368, 24, 383, 151, 165, 34, 350, 136, 62, 328, 5, 96, 137, 281, 311, 22, 267, 288, 84, 289, 105, 12, 129, 305, 209, 213, 369, 208, 107, 313, 85, 92, 101, 116, 258, 10, 336, 287, 108, 117, 226, 398, 120, 257, 235, 90, 185, 172, 237, 97, 297, 238, 53, 21, 345, 294, 189, 60, 152, 69, 170, 191, 47, 176, 102, 44, 188, 334, 124, 367, 241, 387, 233, 245, 326, 57, 242, 269, 338, 346, 168, 179, 186, 261, 229, 155, 322, 351, 180, 121, 325, 119, 309, 177, 386, 37, 43, 292, 272, 89, 98, 103, 106, 109, 111, 113, 115, 126, 132, 133, 134, 144, 146, 147, 150, 159, 161, 162, 187, 194, 200, 202, 206, 207, 210, 219, 231, 232, 234, 236, 246, 251, 252, 253, 254, 260, 262, 265, 276, 285, 290, 296, 301, 303, 304, 315, 316, 321, 323, 330, 333, 339, 340, 342, 344, 348, 353, 354, 357, 359, 361, 366, 372, 373, 377, 379, 385, 389, 391, 392, 397, 400]
x_88: [2, 3, 4, 10, 13, 15, 16, 21, 22, 25, 27, 35, 36, 37, 38, 39, 41, 42, 54, 55, 57, 63, 65, 66, 68, 69, 73, 74, 79, 86, 239, 180, 399, 328, 46, 234, 321, 384, 215, 32, 197, 102, 383, 287, 151, 20, 168, 114, 338, 203, 374, 9, 202, 253, 224, 154, 228, 109, 322, 293, 138, 76, 125, 250, 161, 162, 43, 157, 340, 89, 1, 263, 104, 260, 377, 262, 31, 137, 242, 49, 134, 171, 153, 143, 186, 327, 394, 117, 339, 280, 99, 316, 34, 297, 385, 356, 341, 194, 72, 282, 173, 331, 62, 75, 78, 333, 289, 8, 366, 332, 209, 367, 354, 81, 121, 48, 103, 243, 91, 218, 191, 12, 44, 140, 71, 294, 247, 155, 92, 188, 83, 175, 342, 396, 392, 185, 278, 336, 389, 230, 142, 106, 108, 265, 47, 221, 314, 285, 235, 255, 369, 56, 50, 192, 160, 178, 110, 164, 315, 231, 349, 205, 273, 128, 219, 181, 64, 24, 353, 368, 329, 195, 362, 252, 398, 95, 310, 233, 126, 158, 214, 288, 363, 320, 275, 67, 112, 82, 165, 26, 360, 133, 97, 93, 98, 107, 115, 119, 120, 122, 124, 129, 132, 141, 144, 145, 148, 166, 169, 170, 172, 176, 182, 183, 190, 193, 201, 204, 206, 208, 220, 226, 227, 232, 236, 241, 245, 246, 249, 251, 254, 256, 258, 259, 272, 274, 279, 290, 292, 298, 300, 304, 305, 307, 308, 312, 325, 330, 334, 343, 346, 347, 352, 358, 361, 365, 370, 375, 386, 387, 391]
x_89: [2, 3, 4, 6, 7, 9, 10, 11, 16, 17, 18, 21, 24, 28, 29, 46, 51, 58, 62, 63, 66, 68, 70, 73, 74, 75, 79, 84, 88, 264, 391, 296, 193, 112, 42, 148, 111, 56, 134, 370, 192, 289, 277, 278, 137, 101, 339, 389, 355, 163, 180, 209, 45, 109, 343, 298, 230, 395, 157, 286, 122, 258, 199, 234, 90, 226, 373, 276, 5, 67, 156, 245, 316, 248, 324, 331, 282, 364, 383, 232, 127, 37, 221, 30, 275, 139, 166, 35, 114, 69, 50, 179, 326, 103, 143, 247, 382, 340, 237, 320, 274, 83, 202, 303, 107, 153, 306, 346, 131, 235, 225, 95, 81, 256, 167, 87, 317, 396, 72, 136, 333, 338, 332, 12, 207, 140, 335, 279, 181, 375, 384, 129, 23, 325, 218, 13, 34, 188, 309, 91, 189, 372, 301, 362, 43, 80, 113, 293, 93, 96, 97, 98, 104, 108, 119, 126, 128, 133, 144, 154, 165, 168, 169, 172, 174, 185, 186, 187, 197, 200, 205, 211, 216, 219, 220, 223, 224, 228, 229, 231, 233, 236, 242, 244, 249, 251, 253, 254, 259, 261, 267, 268, 270, 290, 292, 294, 297, 300, 310, 313, 314, 321, 327, 328, 329, 330, 336, 337, 342, 344, 345, 348, 350, 359, 363, 367, 378, 379, 381, 387, 397, 400]
x_90: [5, 7, 9, 10, 16, 17, 22, 24, 25, 26, 27, 31, 34, 35, 39, 46, 50, 52, 53, 54, 55, 57, 60, 63, 66, 68, 70, 73, 74, 75, 76, 79, 82, 83, 84, 87, 89, 290, 99, 347, 37, 177, 209, 377, 253, 197, 261, 98, 138, 369, 283, 371, 211, 123, 195, 112, 166, 207, 163, 278, 191, 107, 165, 156, 318, 234, 8, 96, 388, 366, 280, 189, 104, 143, 398, 193, 287, 222, 159, 106, 145, 256, 258, 237, 117, 317, 133, 167, 201, 295, 80, 335, 173, 169, 232, 268, 51, 65, 1, 56, 285, 327, 324, 29, 399, 296, 389, 252, 115, 277, 204, 368, 179, 151, 47, 382, 13, 49, 135, 149, 94, 221, 353, 251, 144, 281, 395, 214, 180, 359, 274, 229, 158, 203, 363, 340, 15, 146, 67, 58, 383, 122, 344, 125, 265, 304, 352, 176, 72, 308, 86, 299, 129, 272, 329, 205, 365, 372, 116, 154, 264, 309, 379, 2, 212, 4, 71, 300, 140, 312, 245, 378, 263, 18, 303, 323, 69, 292, 97, 336, 121, 28, 387, 184, 370, 81, 100, 397, 192, 338, 118, 14, 216, 164, 333, 198, 339, 334, 148, 375, 206, 306, 326, 302, 202, 200, 239, 157, 36, 247, 249, 59, 168, 210, 294, 355, 186, 45, 316, 111, 310, 380, 376, 381, 250, 248, 235, 313, 219, 124, 3, 62, 255, 108, 12, 385, 153, 162, 218, 305, 223, 6, 337, 21, 43, 271, 183, 244, 48, 188, 93, 196, 362, 42, 267, 284, 289, 394, 137, 113, 95, 101, 109, 119, 120, 127, 134, 161, 172, 175, 213, 220, 226, 230, 240, 241, 242, 243, 246, 259, 262, 273, 275, 276, 291, 298, 314, 315, 319, 325, 342, 343, 345, 348, 361, 384, 386, 391, 392]
x_91: [2, 3, 5, 7, 10, 14, 23, 24, 25, 31, 41, 43, 46, 49, 50, 53, 54, 59, 62, 64, 69, 73, 75, 76, 82, 85, 86, 88, 89, 222, 112, 287, 111, 185, 280, 256, 281, 83, 389, 161, 196, 58, 119, 381, 205, 220, 238, 203, 317, 147, 357, 65, 109, 167, 13, 278, 37, 324, 163, 217, 29, 249, 313, 361, 268, 60, 8, 331, 237, 345, 125, 241, 344, 319, 149, 195, 180, 133, 399, 396, 107, 363, 356, 353, 274, 32, 359, 273, 340, 275, 394, 63, 42, 379, 209, 99, 309, 232, 95, 101, 110, 84, 374, 186, 258, 329, 120, 320, 122, 210, 333, 178, 27, 347, 192, 146, 157, 242, 15, 267, 45, 322, 17, 328, 395, 228, 9, 1, 306, 132, 52, 346, 129, 388, 191, 28, 276, 175, 173, 78, 261, 284, 212, 47, 279, 143, 225, 51, 61, 355, 94, 96, 97, 98, 100, 102, 103, 104, 105, 108, 113, 114, 115, 116, 123, 124, 127, 131, 140, 144, 145, 150, 153, 162, 172, 184, 189, 197, 198, 199, 200, 202, 215, 226, 227, 229, 230, 233, 235, 239, 243, 247, 252, 260, 262, 264, 283, 297, 301, 304, 305, 311, 312, 315, 325, 327, 332, 334, 337, 339, 342, 343, 350, 360, 366, 368, 373, 377, 378, 385]
x_92: [3, 4, 6, 9, 10, 14, 16, 17, 18, 20, 24, 27, 29, 38, 41, 42, 44, 46, 51, 53, 54, 57, 61, 66, 68, 74, 80, 81, 83, 84, 86, 87, 88, 37, 328, 73, 103, 213, 349, 156, 322, 273, 287, 399, 383, 113, 146, 331, 270, 317, 136, 263, 158, 397, 231, 394, 93, 98, 99, 100, 101, 102, 104, 105, 107, 108, 110, 115, 119, 120, 121, 122, 123, 126, 127, 130, 132, 140, 144, 145, 147, 150, 153, 157, 159, 163, 166, 171, 172, 175, 176, 177, 180, 185, 188, 191, 193, 194, 195, 197, 199, 201, 202, 203, 205, 206, 216, 220, 224, 234, 237, 239, 240, 241, 242, 246, 248, 251, 252, 255, 257, 261, 262, 264, 268, 272, 276, 277, 284, 292, 294, 297, 300, 301, 308, 311, 318, 321, 324, 330, 334, 337, 339, 340, 342, 344, 347, 348, 350, 354, 357, 360, 361, 364, 367, 368, 370, 371, 376, 379, 381, 390, 392, 400]
x_93: [2, 7, 11, 15, 16, 21, 22, 27, 29, 30, 35, 38, 43, 45, 49, 53, 54, 56, 66, 74, 75, 79, 84, 86, 90, 315, 140, 221, 217, 127, 188, 55, 382, 88, 348, 343, 317, 364, 78, 258, 356, 233, 319, 4, 310, 213, 194, 168, 264, 244, 309, 296, 146, 9, 373, 1, 44, 374, 68, 359, 249, 103, 141, 52, 99, 380, 67, 155, 70, 173, 275, 301, 366, 203, 245, 116, 113, 282, 398, 354, 259, 295, 112, 372, 154, 107, 189, 149, 371, 325, 318, 395, 248, 271, 381, 323, 392, 202, 292, 342, 144, 73, 139, 227, 193, 303, 320, 229, 153, 220, 209, 215, 200, 89, 377, 314, 98, 39, 330, 239, 344, 269, 294, 166, 120, 376, 365, 199, 388, 40, 64, 12, 108, 208, 285, 129, 41, 122, 51, 262, 147, 231, 338, 148, 130, 224, 272, 237, 123, 178, 340, 62, 387, 247, 390, 165, 28, 20, 137, 278, 201, 92, 42, 172, 136, 163, 386, 117, 263, 197, 170, 138, 246, 111, 181, 207, 210, 277, 164, 232, 236, 362, 383, 321, 133, 71, 350, 349, 384, 228, 3, 37, 65, 14, 286, 345, 25, 36, 235, 251, 375, 182, 94, 95, 104, 109, 115, 119, 131, 132, 134, 157, 169, 171, 175, 176, 184, 185, 195, 196, 211, 216, 225, 242, 252, 255, 256, 257, 268, 276, 279, 283, 293, 300, 304, 305, 306, 326, 327, 328, 331, 333, 334, 335, 336, 341, 346, 368, 369, 370, 378, 379, 385, 389, 397, 400]
x_94: [3, 9, 12, 14, 15, 16, 18, 25, 29, 40, 41, 46, 51, 52, 57, 62, 68, 70, 71, 75, 80, 83, 84, 90, 101, 86, 392, 301, 106, 103, 122, 5, 244, 164, 123, 302, 66, 209, 199, 269, 342, 255, 102, 206, 133, 266, 333, 145, 389, 114, 85, 185, 220, 140, 187, 49, 359, 178, 91, 379, 210, 38, 116, 120, 335, 332, 384, 20, 111, 141, 72, 163, 385, 319, 97, 339, 348, 246, 100, 311, 367, 55, 124, 395, 11, 264, 273, 357, 139, 7, 245, 263, 205, 327, 221, 208, 202, 300, 180, 248, 192, 240, 372, 336, 132, 76, 387, 288, 61, 217, 377, 36, 361, 204, 391, 214, 356, 293, 146, 259, 225, 26, 165, 93, 292, 172, 193, 236, 307, 77, 277, 125, 78, 380, 362, 175, 298, 366, 105, 126, 194, 2, 353, 148, 378, 350, 291, 257, 296, 369, 95, 265, 304, 19, 271, 260, 176, 223, 166, 28, 354, 330, 329, 313, 174, 371, 170, 256, 4, 201, 23, 283, 8, 147, 370, 69, 321, 207, 1, 249, 73, 104, 98, 108, 113, 115, 117, 127, 129, 130, 134, 137, 143, 150, 153, 154, 168, 169, 177, 190, 195, 198, 203, 213, 219, 224, 234, 235, 243, 247, 253, 254, 258, 262, 276, 280, 282, 286, 287, 289, 290, 294, 303, 314, 325, 326, 328, 334, 343, 345, 346, 351, 352, 363, 364, 365, 373, 374, 376, 397]
x_95: [2, 5, 11, 14, 15, 18, 28, 29, 30, 35, 39, 40, 41, 42, 46, 51, 54, 56, 57, 60, 66, 70, 72, 74, 81, 86, 88, 89, 91, 94, 61, 162, 325, 253, 224, 389, 36, 182, 107, 112, 320, 215, 63, 293, 210, 283, 69, 258, 198, 216, 221, 235, 246, 124, 315, 220, 127, 345, 34, 165, 179, 117, 140, 214, 161, 342, 177, 121, 99, 304, 358, 65, 252, 73, 350, 115, 274, 20, 386, 196, 192, 174, 284, 190, 184, 373, 380, 241, 211, 238, 122, 265, 52, 347, 75, 102, 78, 310, 298, 116, 173, 233, 322, 229, 240, 53, 338, 97, 234, 395, 207, 256, 104, 290, 309, 232, 154, 26, 194, 353, 145, 225, 157, 351, 156, 10, 243, 151, 185, 275, 248, 48, 247, 288, 90, 339, 219, 371, 385, 352, 169, 144, 369, 354, 135, 197, 317, 44, 227, 277, 378, 367, 383, 178, 388, 249, 146, 200, 59, 1, 357, 25, 12, 16, 82, 21, 387, 364, 359, 300, 163, 204, 259, 111, 307, 297, 343, 13, 326, 175, 206, 344, 335, 119, 109, 68, 250, 98, 327, 340, 3, 222, 160, 356, 314, 106, 100, 263, 306, 360, 158, 348, 390, 329, 308, 118, 49, 254, 108, 83, 279, 183, 50, 123, 149, 218, 230, 208, 223, 270, 130, 199, 187, 374, 296, 55, 170, 391, 80, 363, 268, 366, 93, 45, 231, 255, 209, 276, 245, 394, 193, 186, 159, 377, 239, 155, 244, 126, 286, 281, 24, 242, 38, 64, 172, 33, 189, 62, 349, 148, 58, 129, 131, 134, 137, 141, 150, 153, 167, 168, 171, 176, 201, 202, 205, 236, 260, 261, 264, 267, 269, 285, 291, 299, 311, 318, 319, 321, 328, 330, 331, 332, 333, 334, 336, 362, 370, 375, 381, 384, 392, 396, 397, 400]
x_96: [1, 3, 4, 6, 10, 15, 24, 29, 38, 40, 43, 47, 53, 54, 64, 68, 70, 74, 75, 84, 87, 90, 224, 28, 23, 13, 19, 49, 142, 354, 315, 107, 51, 134, 295, 9, 320, 263, 277, 257, 44, 149, 86, 376, 359, 237, 69, 378, 307, 323, 348, 104, 98, 203, 290, 233, 336, 316, 36, 344, 66, 246, 177, 17, 317, 270, 91, 267, 288, 261, 83, 238, 81, 284, 222, 355, 214, 77, 294, 121, 150, 292, 346, 18, 309, 31, 89, 206, 228, 340, 265, 101, 103, 105, 108, 109, 113, 115, 116, 119, 124, 127, 130, 131, 132, 140, 147, 153, 155, 161, 163, 168, 171, 172, 173, 174, 176, 180, 184, 185, 192, 193, 197, 201, 204, 205, 207, 209, 210, 211, 216, 220, 221, 226, 229, 232, 240, 243, 244, 245, 249, 251, 255, 259, 260, 262, 281, 282, 285, 289, 297, 300, 301, 306, 310, 311, 312, 313, 321, 327, 328, 329, 332, 333, 335, 341, 342, 350, 352, 356, 357, 364, 365, 366, 372, 374, 379, 384, 386, 387, 388, 389, 397, 400]
x_97: [2, 3, 6, 10, 11, 17, 18, 24, 27, 28, 31, 37, 38, 40, 41, 46, 49, 54, 55, 57, 58, 59, 66, 68, 70, 73, 74, 79, 81, 84, 87, 88, 90, 94, 95, 112, 374, 284, 240, 102, 65, 281, 56, 340, 132, 152, 14, 344, 297, 183, 162, 345, 375, 146, 267, 269, 168, 198, 236, 347, 317, 310, 195, 111, 291, 4, 369, 388, 381, 349, 76, 250, 332, 188, 200, 211, 89, 245, 390, 353, 82, 270, 316, 91, 238, 361, 60, 327, 109, 292, 133, 15, 187, 328, 45, 161, 215, 179, 298, 243, 221, 319, 131, 42, 393, 330, 145, 342, 251, 391, 263, 302, 309, 352, 300, 235, 119, 155, 323, 274, 32, 256, 125, 333, 16, 216, 69, 372, 167, 122, 185, 296, 191, 63, 129, 173, 29, 313, 331, 287, 303, 118, 301, 202, 8, 184, 126, 44, 265, 283, 305, 262, 312, 212, 286, 13, 217, 254, 165, 336, 234, 277, 7, 164, 370, 204, 279, 360, 48, 170, 268, 193, 276, 260, 253, 398, 77, 128, 304, 383, 400, 176, 329, 67, 116, 192, 141, 321, 80, 210, 160, 150, 144, 214, 151, 384, 348, 108, 139, 23, 241, 101, 117, 103, 295, 246, 394, 373, 377, 387, 177, 266, 378, 115, 143, 322, 43, 385, 233, 52, 358, 5, 83, 362, 228, 356, 320, 206, 157, 203, 364, 153, 366, 355, 123, 136, 39, 293, 229, 318, 264, 86, 100, 20, 98, 113, 114, 120, 124, 127, 130, 134, 137, 158, 159, 171, 174, 190, 194, 201, 207, 208, 209, 219, 224, 225, 226, 244, 248, 252, 255, 257, 259, 261, 288, 290, 294, 299, 306, 308, 311, 314, 324, 325, 334, 335, 337, 338, 339, 346, 359, 367, 382, 389]
x_98: [2, 3, 4, 5, 6, 9, 10, 22, 26, 27, 29, 30, 41, 43, 46, 53, 57, 58, 66, 69, 70, 74, 75, 79, 83, 84, 90, 93, 95, 96, 101, 273, 308, 309, 262, 296, 221, 129, 194, 277, 356, 119, 145, 371, 185, 51, 364, 117, 132, 60, 245, 215, 203, 316, 192, 279, 184, 295, 239, 384, 352, 137, 121, 271, 190, 318, 302, 87, 88, 361, 188, 100, 106, 219, 339, 366, 55, 398, 168, 196, 264, 335, 193, 301, 115, 81, 217, 195, 198, 35, 288, 201, 80, 272, 91, 34, 378, 230, 33, 379, 99, 140, 73, 280, 175, 172, 389, 317, 136, 354, 78, 63, 177, 113, 32, 71, 89, 282, 7, 270, 23, 376, 149, 104, 375, 173, 252, 214, 390, 258, 25, 223, 11, 180, 293, 54, 120, 377, 348, 147, 306, 28, 248, 278, 349, 204, 365, 397, 333, 380, 187, 24, 144, 97, 344, 92, 241, 298, 141, 152, 373, 329, 153, 347, 393, 324, 266, 268, 76, 163, 392, 157, 170, 114, 265, 372, 274, 386, 381, 283, 292, 311, 232, 362, 216, 159, 111, 328, 307, 359, 238, 240, 138, 336, 355, 47, 387, 169, 394, 162, 202, 174, 269, 107, 396, 300, 222, 186, 259, 61, 16, 130, 388, 337, 236, 338, 77, 255, 166, 391, 237, 122, 210, 17, 225, 276, 363, 305, 52, 178, 383, 228, 72, 14, 197, 286, 246, 351, 150, 206, 325, 94, 19, 330, 125, 135, 161, 45, 1, 156, 167, 118, 341, 151, 50, 148, 250, 36, 244, 253, 37, 290, 108, 109, 116, 123, 124, 126, 131, 133, 134, 146, 171, 183, 200, 207, 213, 224, 227, 229, 231, 247, 254, 260, 281, 285, 289, 294, 297, 304, 310, 313, 314, 315, 323, 327, 332, 340, 345, 350, 367, 382]
x_99: [5, 15, 16, 21, 27, 28, 30, 33, 35, 40, 42, 52, 53, 54, 55, 57, 58, 61, 68, 73, 74, 75, 82, 84, 86, 87, 88, 90, 91, 93, 95, 98, 92, 383, 389, 205, 372, 22, 114, 26, 232, 281, 322, 295, 260, 395, 128, 304, 257, 185, 32, 347, 320, 360, 182, 313, 283, 339, 376, 66, 116, 119, 155, 217, 167, 65, 60, 261, 124, 293, 36, 177, 381, 76, 136, 251, 267, 311, 299, 351, 147, 1, 67, 393, 328, 173, 228, 213, 310, 171, 56, 79, 106, 264, 190, 337, 356, 343, 230, 237, 187, 215, 51, 226, 224, 318, 139, 309, 4, 181, 193, 100, 179, 292, 9, 330, 272, 386, 244, 391, 396, 341, 10, 278, 234, 332, 197, 50, 287, 162, 258, 112, 236, 240, 77, 172, 222, 113, 367, 198, 331, 362, 247, 143, 400, 152, 34, 323, 17, 102, 297, 284, 274, 118, 300, 329, 160, 18, 103, 105, 107, 108, 110, 111, 115, 122, 123, 131, 132, 134, 140, 145, 146, 148, 150, 156, 157, 163, 170, 174, 175, 191, 194, 195, 200, 204, 207, 210, 216, 219, 220, 221, 223, 227, 229, 231, 233, 238, 239, 241, 243, 245, 248, 253, 254, 255, 259, 269, 275, 276, 279, 285, 289, 290, 294, 303, 305, 306, 314, 315, 316, 327, 334, 335, 336, 342, 348, 350, 353, 354, 358, 359, 361, 366, 371, 377, 379, 384, 392, 397, 399]
x_100: [2, 6, 9, 11, 14, 16, 17, 21, 22, 25, 28, 29, 35, 39, 43, 46, 52, 60, 68, 75, 79, 82, 90, 94, 95, 97, 98, 99, 373, 135, 41, 118, 377, 232, 179, 147, 294, 362, 154, 358, 138, 298, 248, 267, 305, 144, 340, 178, 164, 379, 322, 202, 33, 302, 7, 92, 18, 40, 69, 201, 230, 174, 113, 53, 117, 74, 296, 328, 23, 171, 356, 223, 165, 30, 132, 268, 59, 80, 20, 207, 129, 349, 216, 309, 288, 66, 137, 293, 10, 266, 183, 186, 38, 319, 200, 133, 143, 166, 335, 240, 108, 47, 181, 241, 355, 191, 145, 312, 352, 214, 375, 301, 376, 36, 311, 257, 295, 103, 140, 261, 142, 385, 262, 225, 102, 242, 345, 70, 281, 123, 175, 329, 34, 259, 398, 332, 215, 15, 67, 346, 3, 110, 236, 173, 304, 245, 44, 370, 388, 400, 128, 125, 238, 308, 159, 306, 120, 197, 32, 156, 282, 331, 199, 55, 211, 1, 265, 149, 280, 347, 106, 193, 314, 222, 188, 49, 161, 104, 105, 81, 231, 224, 217, 5, 219, 57, 48, 258, 163, 168, 91, 382, 283, 107, 63, 399, 318, 37, 239, 394, 274, 323, 277, 325, 150, 233, 65, 395, 263, 162, 42, 121, 209, 361, 249, 167, 244, 254, 279, 54, 252, 348, 192, 206, 131, 326, 203, 397, 141, 297, 185, 116, 119, 126, 130, 139, 146, 148, 152, 153, 158, 169, 177, 180, 195, 205, 212, 234, 243, 246, 253, 255, 256, 264, 272, 278, 292, 299, 303, 307, 313, 320, 333, 334, 337, 338, 339, 342, 343, 350, 354, 363, 367, 372, 378, 380, 384, 386, 387, 389, 391, 392, 396]
x_101: [5, 10, 11, 15, 17, 18, 29, 34, 38, 39, 42, 44, 49, 53, 54, 57, 66, 68, 70, 74, 75, 81, 84, 85, 87, 89, 91, 94, 97, 98, 249, 163, 13, 384, 169, 347, 165, 158, 348, 331, 195, 47, 102, 267, 379, 361, 164, 239, 324, 250, 296, 200, 265, 373, 330, 63, 262, 300, 334, 321, 111, 266, 33, 105, 337, 153, 92, 317, 145, 16, 323, 399, 78, 130, 344, 28, 127, 2, 275, 147, 48, 36, 312, 157, 359, 114, 236, 378, 225, 374, 325, 270, 154, 40, 131, 304, 326, 388, 58, 175, 294, 138, 248, 268, 354, 281, 37, 22, 117, 244, 380, 109, 198, 293, 242, 189, 258, 190, 129, 274, 394, 139, 370, 257, 103, 152, 319, 144, 120, 398, 194, 222, 77, 123, 186, 104, 232, 291, 76, 308, 287, 336, 335, 318, 228, 201, 314, 332, 3, 214, 59, 260, 223, 178, 376, 351, 14, 204, 342, 118, 278, 155, 273, 343, 46, 309, 12, 295, 396, 311, 276, 193, 386, 251, 385, 71, 387, 172, 345, 173, 69, 395, 341, 263, 298, 371, 119, 67, 143, 221, 177, 279, 167, 226, 243, 218, 210, 397, 211, 60, 187, 284, 62, 32, 140, 246, 302, 219, 90, 110, 400, 375, 264, 245, 316, 357, 203, 217, 233, 206, 7, 393, 181, 96, 19, 65, 149, 83, 367, 108, 390, 171, 272, 301, 183, 327, 162, 234, 196, 179, 113, 106, 107, 116, 122, 124, 126, 132, 134, 136, 148, 161, 170, 182, 207, 209, 213, 216, 227, 230, 231, 247, 252, 253, 261, 283, 289, 292, 305, 306, 315, 329, 338, 339, 346, 352, 353, 356, 360, 364, 391]
x_102: [3, 4, 10, 11, 24, 25, 27, 28, 29, 31, 35, 38, 45, 46, 52, 54, 57, 61, 67, 68, 69, 71, 82, 84, 87, 88, 94, 95, 97, 99, 100, 101, 92, 91, 138, 151, 121, 117, 368, 244, 80, 390, 85, 180, 75, 324, 304, 366, 139, 309, 239, 147, 79, 49, 377, 292, 171, 343, 383, 77, 43, 392, 145, 317, 146, 142, 380, 254, 170, 172, 215, 229, 19, 355, 154, 22, 197, 329, 218, 271, 364, 60, 331, 216, 248, 346, 207, 64, 251, 103, 105, 111, 116, 126, 127, 129, 130, 132, 137, 140, 144, 148, 150, 155, 157, 165, 168, 169, 173, 175, 185, 186, 200, 202, 203, 204, 205, 209, 211, 220, 221, 227, 232, 233, 234, 235, 236, 240, 243, 245, 246, 249, 253, 255, 257, 264, 272, 274, 276, 283, 284, 285, 286, 294, 296, 299, 301, 302, 305, 308, 310, 311, 325, 327, 330, 335, 336, 342, 344, 345, 349, 351, 356, 357, 359, 371, 372, 374, 375, 381, 384, 385, 387, 389, 391, 397]
x_103: [2, 3, 5, 6, 7, 10, 11, 13, 14, 17, 18, 20, 26, 27, 28, 29, 31, 35, 39, 40, 46, 47, 49, 53, 55, 66, 73, 78, 82, 84, 88, 89, 92, 93, 94, 97, 100, 101, 351, 294, 214, 231, 157, 364, 329, 122, 283, 314, 138, 384, 15, 140, 69, 150, 397, 236, 74, 148, 354, 322, 228, 219, 154, 367, 342, 363, 105, 85, 350, 61, 202, 9, 251, 296, 333, 199, 126, 189, 76, 83, 281, 213, 232, 191, 65, 278, 246, 151, 139, 309, 285, 230, 220, 175, 311, 190, 258, 307, 147, 57, 166, 194, 371, 8, 116, 153, 358, 373, 176, 96, 198, 339, 248, 91, 357, 99, 387, 330, 331, 375, 244, 36, 45, 310, 187, 245, 293, 372, 161, 282, 111, 193, 254, 37, 276, 255, 173, 388, 165, 352, 181, 325, 356, 59, 143, 266, 208, 156, 163, 270, 290, 393, 71, 304, 108, 243, 340, 25, 313, 30, 129, 257, 392, 256, 268, 300, 87, 336, 277, 62, 225, 383, 237, 72, 279, 159, 130, 355, 377, 226, 238, 303, 319, 167, 80, 323, 131, 119, 178, 22, 334, 158, 146, 174, 252, 117, 110, 133, 380, 180, 378, 79, 120, 360, 349, 250, 359, 68, 185, 265, 152, 262, 345, 216, 218, 385, 353, 144, 315, 264, 33, 362, 259, 183, 269, 335, 135, 348, 21, 63, 1, 298, 287, 332, 127, 328, 137, 75, 172, 223, 235, 302, 249, 51, 272, 64, 395, 305, 186, 391, 192, 136, 211, 70, 241, 124, 203, 280, 102, 284, 67, 107, 109, 113, 121, 128, 142, 145, 170, 171, 177, 184, 200, 204, 207, 233, 234, 240, 260, 289, 292, 306, 308, 312, 321, 324, 338, 343, 344, 346, 361, 365, 370, 374, 376, 389, 400]
x_104: [6, 10, 14, 18, 20, 21, 32, 35, 37, 38, 41, 46, 53, 54, 64, 70, 71, 73, 75, 76, 80, 84, 88, 90, 94, 95, 96, 98, 100, 101, 111, 336, 380, 258, 278, 195, 363, 384, 229, 394, 303, 272, 304, 207, 204, 260, 237, 79, 391, 283, 112, 136, 167, 138, 338, 360, 388, 25, 162, 372, 383, 373, 349, 264, 330, 261, 291, 253, 379, 382, 56, 121, 378, 106, 74, 13, 381, 2, 221, 294, 140, 143, 1, 374, 347, 28, 315, 296, 194, 277, 130, 351, 209, 254, 89, 150, 137, 356, 85, 371, 255, 183, 125, 132, 366, 116, 176, 235, 178, 348, 108, 220, 93, 386, 166, 247, 12, 232, 284, 353, 224, 133, 175, 91, 227, 295, 158, 329, 217, 31, 42, 86, 185, 385, 115, 226, 186, 262, 293, 259, 311, 267, 60, 332, 263, 45, 323, 82, 362, 214, 225, 51, 292, 172, 9, 268, 325, 216, 161, 289, 321, 129, 290, 199, 345, 395, 191, 65, 275, 368, 246, 243, 305, 201, 376, 92, 141, 236, 174, 317, 396, 190, 120, 341, 145, 8, 203, 27, 231, 160, 276, 399, 344, 81, 375, 39, 269, 59, 358, 78, 4, 393, 397, 313, 15, 168, 390, 297, 308, 340, 63, 173, 334, 181, 117, 50, 245, 134, 29, 312, 400, 274, 57, 301, 142, 148, 83, 149, 306, 307, 361, 324, 107, 109, 119, 122, 123, 124, 131, 147, 151, 152, 153, 154, 156, 169, 177, 180, 187, 205, 211, 218, 233, 234, 239, 244, 248, 252, 257, 298, 299, 300, 310, 314, 328, 331, 333, 335, 337, 346, 352, 354, 364, 365, 367, 377, 387, 389]
x_105: [3, 4, 5, 6, 11, 17, 24, 25, 27, 28, 29, 30, 31, 35, 37, 39, 41, 53, 58, 60, 63, 66, 69, 70, 74, 75, 81, 82, 87, 94, 100, 101, 103, 362, 372, 34, 321, 226, 12, 239, 337, 159, 40, 282, 207, 141, 327, 269, 135, 106, 238, 230, 119, 342, 219, 152, 400, 334, 144, 19, 109, 220, 140, 124, 349, 228, 180, 169, 209, 150, 267, 345, 1, 138, 96, 142, 335, 83, 377, 242, 299, 318, 54, 155, 204, 319, 167, 62, 47, 302, 79, 186, 52, 127, 281, 311, 315, 317, 162, 397, 330, 314, 303, 309, 110, 115, 179, 72, 33, 65, 260, 122, 102, 245, 133, 203, 183, 326, 271, 50, 176, 368, 289, 392, 99, 136, 268, 92, 351, 360, 76, 137, 338, 306, 57, 120, 151, 14, 366, 388, 378, 164, 246, 343, 329, 91, 216, 234, 67, 23, 26, 77, 291, 197, 42, 171, 187, 44, 139, 275, 250, 134, 386, 126, 128, 131, 132, 145, 146, 156, 157, 161, 163, 175, 182, 184, 189, 191, 193, 201, 202, 208, 210, 211, 221, 223, 232, 233, 240, 243, 244, 247, 252, 253, 254, 257, 258, 261, 262, 264, 273, 278, 283, 290, 292, 294, 296, 298, 300, 301, 304, 308, 312, 313, 316, 323, 325, 336, 339, 340, 346, 348, 350, 352, 356, 358, 359, 361, 367, 369, 370, 371, 374, 379, 384, 387, 389, 391]
x_106: [2, 3, 4, 5, 6, 15, 16, 17, 21, 27, 35, 37, 40, 41, 43, 46, 53, 57, 66, 68, 71, 74, 79, 82, 88, 90, 94, 95, 98, 99, 100, 104, 105, 176, 69, 118, 226, 327, 219, 365, 301, 314, 393, 276, 48, 128, 131, 242, 288, 193, 351, 360, 126, 11, 361, 299, 209, 213, 174, 337, 24, 12, 200, 185, 101, 210, 258, 241, 316, 317, 70, 368, 355, 342, 31, 49, 321, 279, 309, 188, 187, 246, 150, 384, 363, 10, 228, 1, 32, 290, 286, 304, 349, 137, 87, 107, 108, 110, 115, 116, 119, 120, 122, 127, 130, 132, 139, 145, 153, 158, 163, 166, 168, 171, 172, 175, 180, 189, 195, 203, 204, 208, 212, 216, 221, 224, 225, 229, 230, 232, 233, 236, 244, 249, 250, 251, 253, 255, 259, 260, 269, 278, 283, 287, 289, 294, 297, 300, 306, 315, 318, 324, 333, 334, 335, 336, 338, 340, 341, 343, 344, 346, 347, 348, 352, 354, 358, 359, 364, 366, 370, 371, 377, 379, 381, 382, 385, 386, 387, 388, 391, 392, 395, 396, 397, 400]
x_107: [3, 4, 10, 12, 15, 16, 17, 19, 21, 24, 25, 27, 28, 29, 30, 31, 35, 37, 40, 41, 54, 57, 58, 66, 67, 70, 72, 82, 83, 84, 86, 87, 89, 90, 91, 93, 95, 96, 98, 100, 299, 327, 26, 216, 278, 22, 262, 159, 367, 167, 307, 281, 354, 373, 11, 366, 200, 202, 55, 343, 265, 350, 316, 351, 305, 266, 217, 189, 301, 101, 188, 226, 5, 391, 338, 195, 298, 252, 50, 165, 319, 104, 52, 157, 225, 77, 286, 341, 237, 323, 46, 398, 326, 386, 275, 241, 359, 314, 151, 122, 176, 88, 155, 361, 332, 295, 65, 121, 175, 385, 243, 59, 196, 224, 117, 400, 128, 115, 240, 114, 171, 377, 193, 309, 236, 250, 392, 42, 287, 389, 274, 190, 8, 106, 296, 53, 346, 336, 344, 116, 394, 372, 267, 152, 191, 331, 255, 364, 177, 269, 209, 215, 374, 13, 47, 239, 223, 60, 36, 131, 49, 297, 353, 69, 291, 288, 99, 147, 289, 220, 306, 134, 205, 161, 2, 203, 61, 375, 127, 144, 153, 342, 263, 76, 233, 234, 363, 180, 242, 321, 118, 324, 132, 92, 253, 315, 207, 78, 280, 173, 1, 302, 211, 399, 51, 56, 273, 212, 135, 164, 259, 347, 81, 246, 79, 39, 340, 339, 149, 232, 112, 34, 318, 248, 141, 146, 330, 317, 264, 154, 370, 294, 204, 230, 198, 199, 103, 231, 371, 136, 133, 293, 238, 120, 276, 119, 130, 68, 380, 23, 6, 62, 73, 18, 260, 393, 313, 111, 376, 183, 355, 219, 261, 109, 348, 311, 110, 113, 123, 129, 156, 168, 172, 181, 185, 194, 201, 206, 229, 235, 244, 245, 257, 268, 272, 283, 284, 290, 292, 304, 308, 325, 328, 329, 335, 345, 352, 356, 358, 365, 368, 378, 384, 387, 388, 390, 397]
x_108: [1, 2, 9, 11, 12, 13, 14, 15, 17, 22, 27, 29, 30, 35, 41, 46, 47, 49, 57, 59, 60, 68, 69, 70, 72, 74, 78, 79, 81, 82, 83, 84, 87, 88, 90, 93, 95, 97, 100, 101, 103, 104, 314, 225, 396, 40, 265, 10, 262, 112, 56, 19, 338, 4, 89, 250, 248, 136, 347, 315, 243, 307, 157, 219, 358, 311, 153, 363, 376, 289, 207, 187, 252, 132, 116, 260, 395, 164, 180, 356, 196, 186, 139, 239, 200, 119, 162, 122, 379, 353, 223, 290, 382, 91, 66, 337, 169, 99, 5, 33, 110, 288, 309, 31, 316, 161, 319, 344, 246, 173, 38, 297, 141, 258, 165, 23, 36, 285, 182, 216, 115, 336, 360, 123, 233, 106, 299, 352, 326, 332, 306, 125, 397, 257, 296, 346, 375, 390, 362, 282, 305, 294, 271, 366, 7, 387, 143, 92, 275, 52, 218, 149, 201, 261, 160, 354, 310, 209, 214, 312, 359, 373, 67, 16, 130, 240, 224, 205, 135, 51, 98, 94, 45, 96, 291, 61, 146, 189, 371, 263, 8, 197, 145, 138, 241, 75, 361, 20, 242, 280, 109, 113, 120, 124, 126, 131, 137, 147, 148, 150, 151, 154, 185, 191, 194, 203, 204, 208, 210, 230, 236, 238, 245, 251, 254, 255, 264, 272, 276, 278, 279, 293, 301, 303, 318, 321, 324, 327, 329, 330, 334, 335, 339, 340, 341, 343, 345, 348, 351, 357, 364, 370, 372, 374, 378, 383, 384, 388, 391, 392, 398]
x_109: [2, 3, 4, 10, 13, 15, 21, 25, 27, 29, 30, 31, 32, 35, 38, 39, 40, 41, 43, 46, 53, 57, 58, 66, 68, 70, 73, 74, 75, 79, 81, 83, 84, 88, 89, 91, 95, 97, 101, 105, 107, 116, 61, 298, 65, 326, 327, 288, 170, 104, 159, 221, 212, 216, 331, 87, 277, 231, 366, 127, 340, 198, 373, 108, 86, 346, 230, 304, 265, 369, 374, 377, 150, 229, 283, 397, 266, 103, 398, 385, 144, 90, 392, 263, 272, 12, 200, 136, 399, 96, 152, 269, 394, 320, 215, 289, 183, 190, 218, 59, 329, 178, 237, 382, 179, 330, 353, 36, 337, 332, 22, 169, 328, 362, 145, 113, 365, 1, 264, 297, 227, 378, 318, 390, 14, 341, 219, 255, 49, 310, 52, 130, 196, 110, 352, 233, 195, 147, 243, 238, 322, 296, 395, 357, 276, 291, 333, 63, 177, 23, 249, 121, 193, 197, 319, 205, 209, 98, 93, 28, 34, 383, 191, 208, 85, 42, 324, 323, 356, 72, 396, 78, 234, 241, 134, 325, 194, 257, 37, 248, 311, 232, 56, 371, 143, 364, 246, 18, 387, 363, 252, 16, 275, 253, 173, 251, 151, 188, 161, 171, 206, 155, 6, 358, 250, 203, 175, 282, 349, 111, 120, 123, 131, 132, 140, 146, 153, 154, 156, 157, 168, 180, 185, 192, 201, 202, 204, 210, 213, 224, 225, 226, 235, 236, 244, 245, 259, 260, 261, 281, 284, 286, 290, 294, 300, 301, 305, 306, 308, 312, 316, 317, 336, 338, 339, 342, 348, 359, 360, 370, 372, 376, 384, 389, 400]
x_110: [2, 3, 4, 6, 7, 10, 18, 21, 25, 28, 29, 30, 31, 37, 38, 39, 47, 54, 58, 61, 64, 66, 70, 75, 84, 88, 91, 100, 101, 103, 105, 108, 109, 187, 41, 330, 301, 288, 217, 234, 232, 281, 283, 224, 274, 328, 44, 279, 291, 8, 116, 106, 168, 192, 286, 333, 305, 261, 182, 152, 381, 380, 79, 339, 270, 27, 35, 240, 276, 263, 136, 180, 307, 107, 92, 128, 77, 239, 225, 164, 375, 196, 215, 367, 46, 226, 209, 216, 271, 388, 311, 358, 292, 320, 80, 204, 19, 210, 32, 212, 247, 144, 218, 20, 206, 296, 304, 219, 161, 49, 149, 147, 135, 120, 65, 45, 278, 177, 72, 50, 33, 264, 208, 359, 362, 246, 12, 11, 174, 344, 197, 166, 203, 184, 193, 306, 134, 312, 238, 318, 198, 160, 188, 309, 313, 352, 322, 132, 267, 259, 127, 379, 142, 250, 191, 62, 366, 297, 326, 241, 383, 354, 154, 310, 51, 385, 131, 179, 295, 130, 325, 211, 316, 122, 350, 9, 43, 285, 382, 129, 327, 235, 282, 78, 115, 141, 85, 48, 372, 153, 361, 395, 99, 370, 324, 114, 56, 125, 251, 329, 145, 230, 308, 275, 299, 111, 119, 124, 140, 146, 148, 150, 156, 158, 162, 165, 169, 171, 172, 173, 185, 189, 195, 200, 202, 207, 221, 227, 228, 231, 233, 243, 244, 248, 249, 253, 257, 260, 262, 280, 284, 290, 315, 317, 321, 334, 335, 336, 342, 345, 347, 348, 353, 356, 365, 373, 377, 378, 386, 389, 391, 392, 397, 400]
x_111: [1, 3, 4, 6, 7, 8, 16, 21, 26, 27, 28, 31, 40, 51, 52, 53, 54, 55, 56, 58, 60, 61, 63, 66, 67, 68, 70, 71, 73, 74, 75, 80, 81, 82, 84, 89, 90, 91, 93, 94, 95, 97, 98, 101, 103, 104, 107, 72, 389, 353, 176, 349, 159, 390, 65, 370, 362, 358, 339, 150, 264, 116, 219, 337, 195, 320, 311, 211, 247, 29, 386, 42, 223, 321, 377, 146, 19, 348, 112, 300, 319, 285, 201, 168, 123, 251, 257, 124, 187, 238, 169, 379, 333, 298, 366, 356, 302, 281, 59, 224, 166, 30, 244, 86, 200, 137, 177, 203, 2, 210, 254, 245, 394, 354, 299, 182, 128, 267, 158, 242, 396, 129, 163, 11, 44, 175, 20, 283, 102, 161, 236, 385, 260, 47, 110, 277, 347, 292, 199, 282, 184, 235, 39, 338, 117, 136, 225, 262, 334, 265, 115, 172, 179, 193, 138, 43, 364, 380, 152, 286, 202, 120, 328, 99, 12, 233, 369, 160, 288, 151, 113, 399, 41, 57, 36, 269, 378, 119, 395, 188, 372, 367, 368, 289, 393, 87, 48, 140, 272, 382, 33, 206, 325, 240, 330, 230, 250, 24, 77, 351, 14, 346, 141, 360, 226, 322, 23, 324, 253, 125, 10, 381, 122, 398, 178, 69, 191, 173, 276, 229, 78, 134, 350, 384, 64, 232, 306, 109, 294, 192, 255, 256, 50, 373, 213, 274, 293, 162, 126, 130, 131, 144, 145, 154, 181, 185, 194, 197, 207, 209, 216, 220, 221, 243, 246, 259, 278, 279, 280, 287, 296, 297, 301, 304, 305, 312, 313, 314, 315, 327, 335, 336, 344, 345, 359, 374, 375, 383, 391, 392, 397]
x_112: [2, 3, 6, 9, 13, 14, 15, 17, 18, 19, 21, 22, 27, 29, 31, 35, 38, 41, 43, 50, 52, 55, 57, 58, 66, 69, 73, 74, 76, 81, 85, 88, 89, 90, 91, 93, 95, 97, 99, 104, 107, 108, 111, 51, 82, 119, 290, 20, 364, 214, 276, 381, 285, 78, 115, 116, 117, 122, 126, 127, 130, 131, 133, 134, 136, 146, 148, 150, 162, 163, 169, 170, 172, 175, 176, 177, 180, 181, 191, 192, 193, 195, 200, 201, 204, 205, 206, 207, 208, 210, 219, 221, 224, 227, 229, 230, 231, 235, 236, 241, 242, 244, 245, 248, 249, 252, 253, 257, 259, 260, 261, 277, 281, 283, 284, 289, 294, 297, 305, 306, 311, 313, 324, 330, 332, 334, 335, 336, 337, 340, 343, 344, 346, 347, 350, 353, 355, 356, 357, 358, 359, 360, 361, 365, 369, 372, 375, 376, 382, 384, 385, 386, 400]
x_113: [1, 2, 3, 6, 7, 11, 13, 14, 18, 19, 21, 22, 24, 25, 27, 28, 29, 30, 31, 35, 37, 40, 50, 55, 70, 71, 74, 75, 79, 83, 89, 90, 92, 93, 98, 99, 100, 101, 109, 111, 187, 265, 156, 373, 386, 135, 163, 204, 192, 335, 349, 167, 217, 57, 359, 94, 243, 381, 12, 174, 310, 53, 181, 290, 173, 77, 86, 159, 254, 239, 249, 317, 17, 177, 380, 172, 385, 208, 209, 256, 238, 365, 324, 108, 103, 56, 273, 247, 129, 306, 121, 270, 366, 277, 42, 198, 274, 264, 390, 52, 282, 119, 202, 151, 314, 333, 178, 8, 348, 132, 374, 62, 170, 261, 66, 301, 51, 191, 166, 294, 144, 398, 327, 393, 130, 91, 246, 107, 354, 87, 78, 143, 322, 49, 295, 80, 309, 286, 15, 287, 278, 142, 303, 117, 250, 298, 47, 165, 231, 244, 124, 220, 68, 97, 139, 234, 146, 152, 255, 391, 168, 225, 179, 387, 96, 267, 338, 223, 214, 328, 289, 85, 82, 389, 184, 378, 58, 201, 216, 297, 203, 137, 125, 330, 114, 115, 120, 123, 127, 131, 134, 140, 147, 150, 157, 162, 169, 175, 185, 189, 193, 194, 197, 207, 210, 211, 218, 219, 221, 224, 228, 230, 235, 242, 248, 253, 259, 260, 262, 269, 279, 291, 304, 313, 315, 321, 329, 343, 344, 345, 346, 350, 352, 353, 357, 358, 360, 372, 376, 377, 379, 388, 392, 400]
x_114: [1, 4, 5, 17, 24, 26, 27, 29, 30, 37, 38, 40, 41, 45, 46, 54, 55, 56, 57, 60, 62, 66, 68, 69, 73, 74, 75, 82, 83, 88, 89, 94, 98, 99, 101, 107, 110, 307, 180, 317, 215, 253, 399, 287, 157, 339, 289, 349, 120, 266, 268, 184, 47, 97, 18, 219, 296, 302, 254, 237, 313, 232, 91, 113, 285, 162, 320, 276, 115, 124, 128, 129, 130, 131, 132, 134, 135, 136, 140, 144, 145, 146, 148, 150, 153, 158, 161, 172, 175, 185, 196, 197, 200, 202, 208, 209, 210, 217, 218, 221, 226, 228, 229, 230, 234, 235, 236, 241, 244, 245, 246, 247, 249, 255, 257, 258, 259, 260, 262, 264, 267, 283, 292, 297, 301, 304, 305, 306, 310, 311, 314, 315, 319, 321, 327, 328, 336, 340, 342, 346, 348, 352, 354, 359, 361, 367, 370, 373, 375, 379, 380, 383, 384, 387, 388, 396]
x_115: [2, 3, 7, 13, 15, 17, 21, 22, 25, 26, 29, 35, 39, 40, 41, 44, 46, 48, 50, 52, 53, 66, 69, 70, 71, 74, 75, 76, 79, 83, 84, 90, 95, 97, 98, 104, 105, 107, 108, 110, 111, 395, 268, 61, 349, 148, 256, 400, 344, 121, 399, 5, 150, 164, 334, 153, 94, 243, 178, 113, 232, 92, 246, 212, 222, 375, 36, 220, 23, 291, 316, 65, 382, 255, 156, 185, 221, 214, 149, 205, 364, 391, 254, 366, 73, 135, 319, 204, 24, 155, 158, 87, 18, 394, 339, 195, 285, 299, 262, 223, 206, 28, 307, 229, 233, 267, 252, 157, 248, 62, 305, 43, 328, 197, 225, 191, 114, 216, 166, 341, 348, 194, 359, 42, 265, 376, 287, 20, 96, 54, 199, 112, 106, 273, 234, 271, 170, 123, 183, 374, 240, 284, 147, 237, 281, 99, 163, 390, 369, 142, 160, 11, 176, 181, 257, 361, 167, 146, 169, 303, 193, 245, 251, 296, 289, 165, 31, 78, 358, 30, 293, 177, 357, 136, 347, 320, 93, 325, 370, 253, 10, 397, 388, 125, 335, 355, 133, 128, 67, 389, 138, 313, 340, 269, 228, 337, 288, 327, 34, 362, 172, 300, 16, 47, 311, 196, 309, 283, 306, 91, 116, 350, 122, 227, 188, 37, 187, 119, 317, 64, 326, 230, 392, 270, 80, 88, 203, 323, 57, 263, 239, 294, 217, 130, 215, 218, 192, 134, 393, 377, 186, 151, 120, 363, 58, 258, 315, 126, 274, 129, 131, 132, 137, 144, 145, 154, 168, 175, 179, 198, 200, 202, 208, 209, 210, 211, 219, 224, 238, 241, 247, 249, 264, 276, 278, 282, 286, 297, 298, 310, 318, 329, 331, 332, 333, 342, 343, 346, 351, 352, 356, 365, 367, 371, 378, 379, 384, 387]
x_116: [2, 3, 7, 10, 14, 15, 16, 17, 18, 24, 25, 27, 30, 31, 35, 37, 40, 45, 54, 58, 66, 69, 71, 73, 74, 81, 84, 86, 87, 90, 93, 94, 95, 97, 99, 103, 104, 107, 108, 109, 110, 111, 115, 379, 96, 395, 142, 311, 270, 284, 376, 179, 100, 188, 9, 166, 267, 325, 313, 214, 112, 197, 135, 351, 42, 189, 199, 117, 220, 265, 353, 120, 98, 286, 11, 271, 33, 191, 244, 221, 249, 169, 298, 334, 101, 177, 173, 43, 72, 251, 378, 48, 106, 318, 184, 356, 102, 160, 122, 390, 6, 355, 80, 157, 391, 358, 212, 158, 91, 23, 175, 393, 119, 242, 330, 294, 85, 281, 32, 326, 260, 289, 238, 321, 208, 312, 201, 361, 139, 362, 53, 296, 266, 203, 347, 383, 154, 216, 278, 255, 320, 239, 161, 365, 195, 335, 13, 250, 178, 147, 121, 314, 57, 368, 210, 78, 324, 398, 215, 159, 226, 130, 131, 134, 137, 145, 146, 149, 151, 153, 155, 162, 168, 170, 185, 186, 193, 206, 207, 211, 223, 227, 228, 230, 231, 232, 236, 246, 252, 253, 254, 256, 261, 262, 263, 264, 276, 291, 293, 299, 305, 306, 310, 315, 316, 317, 319, 323, 327, 328, 329, 336, 337, 338, 340, 343, 344, 345, 346, 348, 350, 352, 354, 359, 364, 366, 372, 374, 375, 384, 386, 389, 400]
x_117: [2, 3, 4, 9, 14, 15, 18, 21, 29, 31, 35, 40, 41, 55, 57, 70, 72, 74, 80, 82, 83, 84, 87, 88, 90, 93, 95, 97, 98, 100, 101, 102, 103, 104, 107, 111, 113, 116, 209, 20, 243, 112, 65, 271, 195, 126, 329, 395, 236, 311, 133, 283, 268, 229, 261, 174, 125, 224, 47, 300, 295, 201, 369, 28, 79, 124, 207, 140, 388, 273, 150, 152, 380, 363, 325, 228, 155, 94, 266, 198, 212, 156, 348, 233, 66, 305, 223, 340, 320, 370, 286, 341, 339, 231, 262, 238, 153, 118, 64, 210, 389, 376, 130, 119, 122, 127, 129, 132, 134, 147, 148, 161, 170, 171, 173, 184, 185, 193, 196, 204, 211, 216, 217, 219, 220, 227, 232, 235, 242, 246, 252, 253, 254, 257, 259, 269, 272, 281, 284, 289, 290, 292, 297, 303, 304, 306, 308, 314, 317, 324, 335, 337, 346, 350, 353, 358, 365, 366, 367, 373, 374, 378, 379, 381, 384, 387, 391, 392, 397, 398, 400]
x_118: [1, 2, 6, 11, 15, 16, 18, 21, 22, 24, 25, 26, 27, 28, 29, 30, 38, 41, 43, 44, 46, 48, 52, 55, 57, 66, 73, 75, 81, 84, 90, 95, 97, 98, 99, 100, 101, 106, 107, 117, 265, 354, 343, 331, 348, 345, 235, 219, 374, 242, 151, 220, 249, 369, 59, 228, 324, 217, 155, 174, 299, 380, 142, 313, 138, 300, 389, 120, 124, 126, 129, 130, 131, 132, 134, 139, 141, 144, 145, 147, 153, 161, 162, 168, 169, 171, 175, 179, 184, 189, 190, 193, 197, 200, 203, 204, 205, 206, 207, 208, 218, 223, 232, 238, 241, 243, 244, 245, 253, 254, 255, 257, 259, 261, 262, 264, 273, 277, 282, 283, 286, 287, 290, 292, 297, 298, 302, 303, 304, 306, 310, 311, 315, 319, 321, 326, 327, 333, 335, 336, 337, 338, 340, 344, 346, 350, 351, 352, 359, 360, 361, 364, 365, 366, 370, 377, 384, 386, 387, 397, 398]
x_119: [1, 2, 4, 10, 12, 13, 14, 15, 21, 24, 29, 35, 38, 39, 41, 46, 54, 55, 56, 57, 66, 68, 69, 70, 74, 75, 82, 84, 87, 91, 95, 97, 98, 99, 101, 103, 105, 107, 108, 111, 112, 113, 115, 116, 83, 199, 309, 266, 308, 396, 331, 366, 255, 130, 259, 152, 208, 58, 364, 149, 289, 376, 276, 81, 146, 20, 302, 32, 160, 164, 193, 387, 169, 7, 212, 170, 315, 258, 184, 161, 127, 196, 167, 263, 180, 251, 162, 125, 325, 40, 177, 76, 363, 346, 296, 304, 353, 334, 50, 73, 374, 27, 106, 156, 59, 288, 269, 268, 8, 49, 220, 52, 151, 343, 145, 244, 323, 239, 283, 400, 65, 189, 367, 395, 201, 316, 209, 210, 230, 313, 186, 72, 88, 136, 110, 272, 77, 273, 357, 92, 375, 275, 90, 300, 96, 307, 290, 238, 338, 293, 359, 245, 261, 389, 128, 301, 104, 187, 166, 397, 200, 207, 176, 247, 34, 218, 274, 257, 86, 137, 306, 117, 195, 361, 318, 225, 287, 365, 384, 271, 235, 123, 246, 175, 248, 132, 317, 78, 131, 270, 206, 205, 237, 250, 181, 351, 203, 267, 148, 324, 284, 93, 124, 280, 226, 305, 222, 71, 191, 202, 333, 215, 299, 390, 295, 277, 348, 194, 368, 356, 172, 360, 310, 213, 85, 369, 6, 312, 5, 391, 399, 100, 254, 216, 51, 339, 183, 349, 79, 227, 394, 192, 22, 140, 60, 285, 89, 362, 120, 122, 126, 143, 144, 147, 153, 157, 182, 188, 190, 211, 221, 232, 233, 253, 260, 262, 264, 265, 282, 294, 311, 314, 321, 330, 335, 336, 337, 344, 345, 354, 358, 372, 377, 378, 381, 383, 388, 392, 398]
x_120: [1, 3, 4, 10, 11, 12, 14, 16, 17, 20, 21, 22, 24, 30, 33, 35, 36, 38, 39, 40, 41, 52, 53, 57, 69, 71, 73, 74, 80, 84, 87, 91, 93, 94, 98, 100, 101, 103, 104, 105, 107, 110, 111, 114, 115, 116, 352, 276, 227, 250, 182, 50, 19, 221, 154, 202, 261, 136, 125, 373, 46, 262, 240, 256, 28, 236, 138, 219, 44, 2, 220, 224, 208, 23, 141, 59, 382, 380, 244, 317, 164, 143, 113, 336, 284, 75, 268, 328, 252, 280, 212, 209, 242, 235, 217, 203, 25, 88, 264, 58, 351, 361, 266, 142, 325, 278, 337, 288, 229, 297, 5, 247, 184, 277, 64, 211, 378, 9, 295, 347, 285, 215, 198, 369, 271, 314, 179, 388, 135, 226, 259, 260, 233, 322, 307, 147, 108, 332, 214, 356, 343, 391, 134, 51, 400, 249, 92, 187, 150, 246, 301, 160, 199, 146, 267, 340, 29, 350, 196, 131, 185, 368, 153, 165, 178, 389, 290, 287, 371, 119, 176, 188, 171, 121, 54, 335, 7, 345, 129, 395, 273, 204, 173, 137, 139, 397, 133, 257, 241, 109, 272, 90, 379, 68, 258, 118, 331, 13, 384, 387, 372, 329, 383, 394, 358, 61, 348, 72, 238, 81, 194, 66, 148, 222, 399, 32, 306, 218, 270, 357, 207, 342, 177, 376, 326, 320, 319, 197, 286, 282, 334, 355, 186, 60, 315, 70, 106, 375, 206, 140, 189, 97, 67, 124, 130, 149, 152, 157, 158, 161, 162, 168, 169, 175, 191, 193, 225, 230, 232, 234, 245, 251, 253, 254, 255, 269, 274, 283, 289, 291, 292, 299, 300, 311, 312, 321, 327, 330, 338, 339, 344, 346, 359, 364, 366, 374, 377, 385, 386]
x_121: [3, 4, 6, 9, 11, 14, 17, 18, 27, 29, 30, 34, 37, 39, 41, 46, 50, 55, 58, 66, 67, 68, 71, 73, 74, 75, 79, 81, 82, 83, 84, 87, 88, 90, 95, 96, 98, 100, 102, 104, 107, 109, 113, 115, 116, 120, 24, 140, 195, 203, 314, 320, 358, 103, 63, 374, 1, 198, 394, 335, 45, 397, 148, 187, 85, 370, 168, 163, 334, 384, 92, 154, 287, 122, 123, 124, 125, 129, 139, 141, 143, 147, 152, 157, 160, 169, 170, 171, 177, 184, 185, 190, 192, 193, 194, 200, 204, 205, 207, 208, 219, 221, 224, 226, 227, 228, 229, 232, 233, 234, 235, 236, 238, 240, 241, 243, 244, 245, 246, 247, 253, 254, 261, 262, 264, 272, 273, 276, 277, 278, 279, 282, 283, 284, 290, 291, 292, 294, 297, 298, 301, 303, 304, 306, 310, 311, 312, 315, 316, 317, 325, 327, 329, 330, 332, 333, 336, 337, 340, 341, 342, 343, 346, 347, 348, 350, 352, 356, 364, 365, 366, 367, 372, 375, 377, 378, 379, 380, 385, 386, 389, 391]
x_122: [4, 9, 15, 16, 17, 24, 25, 29, 30, 38, 40, 46, 53, 57, 66, 68, 75, 82, 84, 87, 89, 90, 91, 93, 94, 95, 97, 98, 103, 105, 107, 108, 110, 111, 115, 116, 134, 12, 117, 41, 272, 398, 386, 248, 177, 237, 172, 188, 52, 331, 203, 366, 210, 70, 148, 21, 344, 274, 206, 296, 182, 136, 332, 130, 224, 308, 3, 336, 352, 7, 42, 244, 157, 150, 170, 158, 279, 251, 333, 191, 309, 269, 311, 306, 169, 71, 35, 360, 43, 39, 219, 294, 399, 215, 254, 284, 200, 305, 353, 325, 338, 54, 280, 37, 198, 369, 154, 259, 132, 220, 162, 287, 351, 307, 291, 1, 131, 231, 133, 51, 26, 86, 214, 346, 2, 261, 152, 187, 318, 99, 264, 156, 316, 221, 36, 106, 171, 123, 282, 339, 138, 213, 324, 81, 302, 140, 121, 153, 394, 176, 197, 47, 204, 260, 298, 379, 310, 69, 151, 59, 64, 63, 143, 340, 92, 393, 376, 382, 343, 207, 10, 387, 239, 56, 389, 119, 112, 80, 334, 345, 357, 88, 247, 241, 391, 50, 31, 400, 292, 167, 222, 135, 378, 48, 185, 371, 163, 354, 186, 65, 19, 101, 276, 33, 60, 14, 312, 211, 164, 166, 192, 223, 370, 281, 104, 233, 125, 362, 372, 201, 126, 129, 137, 146, 161, 173, 175, 189, 190, 193, 194, 202, 205, 208, 217, 226, 229, 230, 235, 238, 242, 243, 246, 252, 268, 277, 278, 289, 293, 299, 313, 314, 315, 328, 329, 341, 342, 347, 350, 356, 358, 359, 361, 365, 374, 375, 380, 385, 388, 392, 396, 397]
x_123: [3, 9, 10, 14, 17, 24, 30, 35, 38, 40, 41, 43, 45, 46, 50, 52, 54, 56, 57, 58, 60, 69, 70, 72, 75, 81, 83, 84, 87, 90, 93, 94, 95, 97, 100, 101, 108, 111, 115, 119, 122, 326, 245, 170, 65, 349, 329, 8, 126, 155, 379, 354, 231, 267, 327, 315, 273, 363, 238, 316, 317, 49, 328, 386, 99, 129, 362, 240, 130, 280, 25, 138, 121, 7, 359, 350, 337, 244, 391, 396, 223, 384, 187, 51, 220, 400, 125, 171, 271, 266, 162, 334, 128, 390, 319, 287, 320, 55, 355, 269, 190, 230, 137, 16, 247, 1, 387, 180, 177, 61, 157, 104, 344, 135, 325, 209, 6, 262, 34, 11, 275, 47, 260, 109, 68, 192, 352, 250, 339, 235, 53, 23, 160, 311, 200, 5, 22, 248, 20, 289, 360, 62, 233, 163, 77, 198, 369, 310, 293, 158, 302, 376, 127, 381, 207, 2, 374, 185, 91, 279, 305, 392, 241, 361, 141, 166, 173, 261, 357, 82, 80, 4, 13, 32, 219, 212, 341, 124, 338, 242, 291, 194, 132, 253, 107, 168, 79, 197, 367, 254, 371, 255, 36, 297, 164, 66, 288, 347, 73, 144, 184, 322, 227, 175, 98, 294, 189, 308, 165, 373, 343, 383, 375, 19, 59, 358, 78, 221, 206, 26, 182, 92, 264, 332, 251, 226, 113, 395, 263, 312, 301, 176, 270, 323, 306, 76, 368, 388, 286, 204, 336, 300, 218, 131, 145, 146, 147, 151, 154, 174, 179, 201, 203, 205, 210, 216, 224, 232, 246, 249, 252, 256, 258, 259, 282, 283, 284, 313, 318, 321, 324, 340, 345, 348, 351, 356, 366, 377, 378, 382, 397]
x_124: [3, 4, 7, 10, 13, 17, 21, 25, 27, 35, 40, 43, 46, 54, 55, 60, 61, 68, 84, 86, 87, 90, 94, 95, 99, 103, 105, 111, 113, 117, 119, 123, 96, 358, 169, 162, 101, 336, 146, 325, 302, 45, 340, 183, 79, 80, 270, 368, 74, 350, 389, 347, 240, 267, 204, 42, 126, 225, 241, 258, 220, 275, 59, 387, 50, 33, 174, 156, 129, 205, 173, 18, 22, 62, 384, 51, 227, 391, 396, 23, 222, 367, 296, 82, 219, 34, 230, 362, 343, 118, 64, 98, 134, 338, 120, 137, 381, 8, 77, 237, 199, 203, 178, 345, 130, 274, 246, 265, 141, 311, 131, 228, 308, 395, 297, 305, 81, 65, 190, 88, 210, 250, 273, 5, 207, 181, 97, 66, 188, 171, 364, 157, 353, 158, 253, 53, 91, 236, 125, 388, 159, 14, 196, 24, 28, 326, 365, 313, 160, 251, 321, 184, 127, 73, 2, 12, 30, 83, 58, 32, 293, 307, 57, 128, 361, 9, 255, 150, 260, 72, 202, 357, 262, 354, 108, 37, 110, 373, 52, 385, 104, 256, 121, 320, 221, 289, 38, 342, 271, 71, 266, 399, 44, 292, 316, 16, 191, 206, 163, 337, 327, 333, 269, 264, 48, 114, 148, 200, 139, 140, 144, 152, 154, 161, 164, 166, 170, 175, 193, 201, 208, 211, 216, 224, 229, 233, 234, 242, 244, 245, 247, 248, 249, 254, 257, 261, 263, 272, 277, 279, 283, 284, 285, 286, 291, 300, 301, 304, 306, 310, 314, 315, 317, 319, 330, 334, 339, 341, 346, 369, 370, 375, 377, 386, 390, 392, 397]
x_125: [2, 3, 5, 10, 11, 13, 16, 20, 21, 22, 28, 29, 31, 34, 38, 39, 40, 41, 43, 45, 46, 48, 49, 51, 56, 57, 59, 61, 62, 66, 69, 73, 74, 75, 79, 82, 84, 88, 90, 91, 94, 97, 98, 100, 104, 108, 110, 111, 113, 115, 117, 119, 120, 122, 123, 124, 83, 377, 175, 133, 7, 375, 318, 137, 288, 359, 221, 249, 255, 355, 253, 368, 18, 308, 310, 161, 384, 141, 370, 340, 387, 201, 363, 399, 275, 365, 180, 9, 336, 166, 360, 260, 179, 209, 259, 126, 152, 329, 220, 290, 204, 334, 323, 248, 53, 273, 55, 393, 134, 186, 200, 361, 326, 143, 42, 150, 338, 270, 224, 301, 230, 246, 121, 158, 366, 298, 44, 127, 130, 131, 132, 139, 140, 144, 146, 147, 151, 153, 157, 165, 167, 185, 190, 191, 192, 193, 194, 206, 207, 210, 211, 219, 226, 227, 229, 231, 234, 236, 239, 242, 243, 244, 245, 251, 254, 257, 258, 261, 265, 269, 272, 285, 289, 292, 300, 304, 305, 306, 311, 316, 317, 319, 320, 321, 325, 327, 330, 332, 333, 339, 342, 344, 345, 346, 348, 350, 351, 352, 354, 358, 367, 374, 385, 386, 388, 389, 391, 396]
x_126: [3, 4, 5, 9, 10, 14, 15, 17, 28, 29, 30, 35, 38, 40, 41, 46, 49, 50, 53, 54, 57, 58, 59, 68, 73, 74, 75, 79, 82, 88, 94, 95, 97, 103, 106, 115, 117, 123, 124, 125, 27, 334, 216, 43, 37, 251, 360, 304, 144, 179, 367, 198, 237, 275, 264, 177, 285, 20, 231, 212, 181, 135, 55, 377, 87, 142, 395, 205, 288, 61, 71, 206, 351, 141, 98, 383, 323, 215, 44, 249, 385, 202, 316, 226, 225, 164, 272, 170, 105, 229, 384, 143, 203, 34, 100, 45, 366, 278, 324, 262, 213, 85, 139, 388, 397, 136, 200, 236, 317, 309, 312, 399, 232, 335, 101, 183, 13, 400, 195, 227, 307, 145, 184, 119, 163, 66, 379, 118, 357, 112, 328, 364, 348, 238, 42, 301, 241, 336, 165, 1, 140, 263, 220, 330, 281, 353, 155, 201, 247, 36, 6, 248, 239, 368, 296, 332, 221, 361, 294, 186, 190, 306, 130, 153, 234, 291, 380, 138, 253, 162, 250, 354, 373, 131, 235, 48, 133, 176, 302, 331, 274, 111, 187, 149, 178, 273, 219, 311, 89, 325, 108, 92, 64, 378, 47, 374, 356, 7, 284, 52, 39, 308, 122, 102, 18, 271, 193, 158, 255, 207, 172, 269, 352, 128, 147, 151, 157, 159, 173, 185, 194, 196, 197, 209, 210, 218, 233, 242, 244, 245, 246, 254, 258, 259, 260, 261, 268, 279, 286, 292, 297, 310, 314, 321, 329, 337, 339, 342, 343, 346, 350, 359, 365, 370, 372, 381, 386, 389, 391, 392, 394, 398]
x_127: [3, 4, 6, 9, 10, 15, 16, 21, 27, 29, 30, 37, 39, 40, 41, 53, 58, 64, 65, 66, 68, 70, 71, 74, 86, 87, 89, 93, 95, 101, 103, 105, 107, 109, 110, 119, 123, 124, 386, 335, 150, 47, 90, 250, 181, 137, 339, 91, 210, 61, 239, 331, 244, 329, 113, 185, 149, 212, 54, 42, 152, 251, 112, 102, 202, 201, 261, 130, 266, 375, 106, 233, 24, 267, 211, 182, 370, 290, 273, 340, 326, 318, 179, 170, 314, 380, 364, 206, 301, 94, 300, 19, 234, 8, 303, 334, 336, 35, 227, 225, 394, 381, 18, 392, 207, 400, 193, 229, 355, 72, 397, 254, 313, 203, 338, 171, 81, 194, 228, 218, 246, 198, 195, 323, 399, 365, 160, 143, 242, 317, 293, 382, 125, 132, 2, 80, 265, 348, 204, 148, 156, 34, 166, 271, 376, 36, 31, 133, 305, 223, 157, 43, 117, 252, 174, 291, 344, 12, 184, 97, 288, 96, 161, 135, 292, 262, 92, 38, 13, 33, 389, 324, 158, 136, 60, 59, 189, 222, 128, 134, 147, 153, 155, 162, 165, 168, 169, 173, 175, 176, 187, 191, 196, 197, 205, 208, 221, 224, 235, 240, 241, 243, 245, 247, 253, 255, 257, 260, 263, 268, 276, 278, 281, 283, 286, 289, 294, 296, 298, 306, 311, 315, 325, 328, 330, 333, 342, 343, 346, 347, 349, 352, 358, 359, 366, 367, 378, 379, 384, 387, 391]
x_128: [2, 3, 4, 7, 9, 14, 18, 20, 21, 22, 25, 28, 29, 31, 35, 39, 46, 51, 52, 53, 66, 70, 74, 75, 76, 78, 81, 83, 84, 88, 97, 99, 100, 106, 107, 110, 111, 115, 119, 123, 124, 271, 305, 299, 56, 284, 229, 114, 129, 392, 333, 77, 372, 390, 321, 126, 103, 201, 342, 391, 208, 319, 245, 330, 184, 127, 45, 23, 244, 49, 207, 285, 370, 105, 213, 164, 272, 254, 369, 325, 221, 236, 8, 132, 294, 168, 200, 89, 79, 216, 239, 130, 138, 145, 147, 148, 149, 154, 157, 159, 162, 169, 170, 171, 173, 174, 175, 176, 180, 189, 194, 195, 197, 202, 209, 210, 217, 218, 219, 227, 228, 230, 231, 232, 233, 234, 235, 238, 242, 243, 246, 247, 249, 253, 256, 257, 258, 259, 260, 261, 262, 265, 269, 279, 283, 289, 291, 295, 301, 304, 308, 310, 311, 312, 313, 314, 315, 316, 317, 320, 322, 327, 328, 329, 335, 336, 338, 340, 343, 344, 345, 346, 348, 352, 358, 361, 366, 373, 379, 381, 386, 387, 388, 389, 397]
x_129: [3, 4, 5, 7, 14, 25, 26, 27, 29, 31, 35, 38, 40, 41, 48, 54, 62, 64, 69, 72, 73, 75, 79, 87, 89, 90, 91, 93, 97, 98, 100, 101, 103, 104, 110, 111, 113, 120, 123, 124, 128, 353, 6, 107, 308, 186, 349, 174, 244, 13, 102, 118, 47, 372, 70, 121, 264, 295, 268, 179, 182, 56, 67, 76, 243, 261, 306, 247, 393, 239, 81, 122, 379, 299, 19, 187, 88, 39, 74, 115, 263, 355, 218, 311, 117, 80, 195, 251, 265, 282, 329, 309, 271, 181, 95, 259, 246, 208, 276, 374, 277, 326, 322, 220, 71, 229, 260, 279, 226, 240, 156, 344, 324, 352, 258, 154, 357, 166, 360, 163, 78, 338, 321, 60, 135, 183, 150, 65, 206, 165, 83, 85, 215, 142, 175, 307, 362, 398, 364, 170, 300, 328, 358, 359, 312, 162, 384, 386, 363, 270, 395, 2, 242, 228, 356, 302, 225, 184, 288, 333, 370, 392, 351, 296, 178, 144, 298, 241, 216, 385, 380, 114, 217, 46, 361, 153, 168, 171, 139, 257, 45, 253, 94, 86, 140, 84, 44, 148, 53, 293, 203, 172, 345, 177, 367, 354, 304, 160, 389, 373, 157, 57, 211, 131, 132, 134, 136, 137, 141, 143, 147, 151, 158, 161, 189, 197, 199, 200, 201, 202, 204, 207, 209, 210, 219, 230, 232, 234, 235, 238, 248, 250, 254, 255, 256, 262, 272, 274, 278, 281, 285, 286, 289, 290, 291, 292, 305, 310, 313, 317, 318, 327, 337, 339, 340, 341, 346, 347, 348, 365, 366, 368, 369, 378, 381, 397, 400]
x_130: [2, 3, 6, 9, 10, 11, 14, 15, 21, 24, 25, 27, 33, 35, 37, 39, 40, 44, 45, 46, 54, 55, 57, 58, 62, 64, 68, 69, 70, 71, 72, 73, 75, 79, 82, 84, 93, 95, 98, 101, 103, 104, 107, 108, 109, 110, 113, 115, 117, 119, 122, 123, 124, 126, 127, 219, 397, 116, 144, 348, 374, 246, 5, 36, 381, 96, 118, 372, 259, 395, 67, 187, 346, 338, 334, 312, 292, 322, 302, 357, 276, 166, 273, 343, 367, 181, 339, 186, 132, 244, 279, 154, 111, 300, 248, 20, 160, 128, 321, 263, 214, 283, 222, 220, 158, 224, 120, 275, 388, 100, 264, 261, 317, 255, 399, 250, 208, 146, 258, 201, 241, 147, 262, 306, 188, 340, 169, 50, 242, 216, 43, 257, 254, 336, 235, 56, 196, 239, 114, 349, 287, 189, 278, 1, 136, 23, 106, 228, 341, 231, 232, 61, 199, 29, 185, 361, 329, 328, 59, 309, 22, 294, 226, 215, 142, 112, 172, 190, 360, 51, 234, 256, 53, 125, 299, 325, 17, 137, 249, 351, 157, 52, 251, 376, 92, 34, 316, 83, 354, 97, 298, 272, 102, 165, 148, 352, 269, 221, 162, 366, 323, 236, 355, 218, 195, 177, 230, 211, 286, 377, 7, 212, 260, 229, 145, 94, 268, 179, 384, 138, 375, 143, 213, 131, 383, 28, 326, 134, 140, 151, 153, 168, 170, 174, 176, 184, 192, 193, 197, 202, 203, 204, 205, 206, 209, 223, 225, 227, 233, 238, 247, 252, 277, 281, 282, 289, 290, 303, 304, 308, 310, 311, 315, 324, 327, 330, 342, 345, 353, 362, 365, 378, 379, 385, 392]
x_131: [1, 2, 3, 5, 9, 10, 12, 22, 25, 27, 30, 31, 41, 44, 55, 57, 63, 66, 74, 75, 81, 84, 89, 97, 100, 101, 103, 106, 107, 110, 119, 120, 122, 124, 126, 130, 196, 360, 178, 115, 123, 331, 144, 113, 200, 371, 374, 45, 333, 291, 252, 309, 239, 177, 202, 328, 219, 246, 125, 187, 387, 395, 172, 29, 256, 191, 91, 340, 352, 112, 165, 388, 236, 23, 104, 221, 136, 171, 386, 168, 83, 96, 189, 390, 211, 232, 195, 321, 259, 224, 220, 230, 205, 28, 71, 207, 133, 268, 164, 183, 166, 116, 364, 282, 394, 379, 327, 8, 300, 325, 280, 73, 208, 150, 17, 68, 247, 288, 290, 359, 49, 251, 69, 276, 292, 335, 105, 334, 271, 274, 98, 146, 161, 350, 186, 50, 262, 155, 217, 372, 314, 20, 312, 199, 248, 43, 138, 79, 169, 384, 36, 277, 398, 129, 299, 65, 301, 269, 222, 192, 46, 258, 142, 54, 263, 51, 315, 284, 194, 225, 275, 339, 188, 278, 193, 139, 264, 197, 304, 147, 7, 32, 35, 295, 137, 389, 396, 318, 99, 163, 382, 152, 14, 76, 52, 273, 214, 78, 238, 167, 18, 13, 226, 308, 353, 48, 15, 134, 349, 67, 383, 348, 281, 351, 380, 19, 114, 82, 184, 316, 393, 361, 310, 343, 181, 245, 93, 355, 174, 140, 86, 111, 324, 378, 118, 95, 354, 233, 368, 154, 212, 60, 297, 306, 109, 255, 367, 391, 296, 135, 39, 70, 257, 244, 243, 143, 330, 377, 302, 356, 286, 108, 16, 357, 148, 145, 156, 157, 162, 170, 173, 175, 180, 185, 204, 240, 241, 242, 249, 254, 260, 261, 272, 279, 293, 307, 311, 313, 326, 337, 342, 344, 345, 346, 363, 365, 369, 370, 385, 392]
x_132: [6, 7, 16, 19, 24, 25, 26, 27, 33, 35, 38, 39, 41, 43, 45, 49, 53, 57, 62, 63, 66, 68, 70, 71, 74, 81, 82, 86, 91, 94, 97, 98, 100, 104, 107, 108, 110, 113, 119, 122, 123, 127, 128, 130, 5, 347, 125, 222, 115, 359, 106, 227, 311, 291, 37, 12, 148, 310, 48, 133, 117, 271, 335, 167, 270, 136, 176, 46, 317, 138, 315, 215, 219, 1, 214, 250, 245, 395, 20, 330, 261, 80, 373, 268, 379, 189, 370, 208, 368, 61, 309, 170, 165, 191, 88, 196, 354, 105, 345, 166, 190, 29, 210, 129, 273, 109, 267, 251, 388, 143, 293, 324, 169, 398, 363, 386, 362, 101, 336, 225, 296, 199, 186, 316, 22, 21, 307, 69, 161, 244, 217, 216, 313, 358, 377, 375, 54, 288, 9, 282, 75, 193, 211, 159, 278, 343, 329, 23, 93, 239, 393, 160, 263, 60, 179, 195, 226, 87, 327, 342, 350, 203, 331, 254, 194, 187, 212, 361, 264, 262, 299, 259, 294, 229, 168, 289, 207, 177, 280, 92, 356, 281, 279, 286, 118, 96, 287, 50, 389, 355, 231, 326, 301, 257, 184, 220, 202, 188, 292, 140, 102, 290, 141, 209, 114, 3, 150, 302, 390, 344, 276, 58, 99, 283, 385, 147, 341, 77, 14, 134, 144, 145, 146, 149, 151, 152, 153, 162, 163, 171, 173, 198, 205, 218, 223, 228, 233, 234, 237, 241, 243, 249, 253, 255, 260, 269, 272, 274, 277, 284, 295, 297, 298, 300, 303, 304, 305, 308, 319, 321, 323, 325, 328, 332, 333, 334, 338, 348, 352, 357, 374, 378, 381, 384, 391, 392, 394, 397, 400]
x_133: [2, 3, 4, 6, 10, 12, 18, 20, 21, 22, 26, 27, 28, 35, 37, 40, 41, 45, 46, 53, 54, 58, 66, 74, 80, 81, 82, 83, 88, 90, 91, 93, 94, 97, 100, 103, 104, 105, 107, 115, 117, 120, 122, 125, 126, 127, 131, 132, 304, 360, 228, 98, 142, 284, 198, 9, 333, 300, 336, 248, 75, 269, 368, 50, 279, 330, 25, 201, 51, 370, 244, 47, 17, 297, 362, 89, 141, 387, 345, 241, 217, 379, 42, 84, 87, 380, 86, 358, 392, 289, 1, 226, 400, 346, 112, 5, 170, 227, 349, 8, 158, 302, 61, 15, 371, 229, 52, 378, 288, 286, 238, 282, 299, 180, 331, 375, 328, 342, 271, 150, 159, 319, 211, 265, 239, 193, 174, 373, 338, 43, 137, 139, 145, 146, 147, 153, 155, 162, 169, 175, 179, 183, 185, 189, 190, 191, 192, 194, 195, 199, 205, 208, 209, 210, 216, 219, 220, 221, 225, 236, 240, 245, 246, 251, 253, 254, 255, 258, 259, 261, 264, 285, 290, 293, 294, 296, 298, 306, 310, 312, 314, 317, 321, 326, 327, 329, 334, 335, 339, 340, 343, 348, 350, 354, 356, 365, 367, 372, 376, 381, 382, 384, 388, 389, 391]
x_134: [3, 5, 6, 10, 21, 22, 25, 27, 28, 39, 40, 46, 49, 73, 74, 80, 81, 84, 86, 88, 89, 96, 104, 105, 107, 109, 110, 111, 115, 120, 122, 124, 125, 131, 139, 32, 319, 60, 75, 231, 324, 243, 67, 376, 285, 359, 343, 193, 354, 205, 161, 13, 165, 300, 292, 391, 7, 224, 169, 85, 209, 392, 388, 197, 159, 301, 371, 58, 98, 55, 204, 142, 347, 129, 351, 244, 117, 101, 395, 83, 378, 20, 234, 114, 236, 261, 217, 381, 167, 326, 14, 162, 82, 200, 175, 155, 166, 38, 207, 215, 66, 79, 19, 113, 148, 253, 206, 118, 194, 270, 185, 182, 230, 264, 201, 18, 226, 399, 372, 238, 258, 339, 211, 365, 176, 282, 312, 228, 336, 160, 323, 158, 149, 136, 260, 130, 229, 269, 138, 127, 239, 9, 298, 335, 237, 164, 221, 375, 112, 218, 305, 357, 132, 241, 31, 170, 307, 374, 37, 71, 294, 358, 345, 183, 168, 54, 251, 157, 297, 50, 186, 202, 271, 383, 36, 216, 151, 42, 33, 72, 76, 318, 350, 203, 178, 293, 266, 349, 99, 143, 87, 284, 400, 310, 311, 44, 321, 332, 274, 180, 353, 385, 272, 333, 145, 146, 306, 256, 90, 227, 287, 93, 154, 95, 212, 265, 137, 367, 283, 188, 187, 97, 24, 277, 286, 116, 322, 181, 288, 334, 52, 329, 4, 368, 246, 252, 255, 393, 198, 94, 135, 147, 152, 153, 171, 177, 189, 195, 210, 219, 233, 240, 247, 248, 254, 278, 281, 299, 304, 308, 313, 314, 315, 325, 328, 338, 344, 348, 352, 360, 369, 380, 386, 389, 397]
x_135: [4, 7, 15, 16, 19, 24, 27, 31, 35, 37, 40, 46, 50, 52, 53, 56, 58, 59, 60, 66, 70, 79, 82, 83, 84, 90, 95, 98, 100, 103, 105, 107, 108, 110, 113, 115, 116, 120, 122, 123, 126, 127, 129, 131, 114, 240, 212, 216, 193, 329, 134, 249, 158, 337, 140, 42, 309, 368, 74, 144, 145, 146, 151, 152, 163, 165, 169, 173, 175, 176, 180, 187, 189, 190, 194, 195, 196, 197, 200, 201, 204, 205, 207, 211, 213, 218, 220, 223, 224, 226, 228, 229, 230, 236, 238, 244, 245, 246, 247, 252, 254, 255, 257, 258, 259, 260, 261, 268, 269, 272, 276, 283, 284, 286, 287, 290, 292, 294, 297, 300, 306, 310, 312, 314, 315, 317, 319, 324, 326, 333, 339, 340, 342, 346, 348, 350, 352, 353, 360, 361, 362, 366, 373, 374, 379, 382, 384, 385, 388, 397, 400]
x_136: [4, 6, 10, 13, 18, 20, 21, 24, 25, 27, 29, 31, 38, 41, 46, 49, 50, 55, 66, 70, 73, 75, 79, 81, 84, 87, 89, 92, 93, 97, 98, 99, 103, 104, 105, 107, 108, 109, 110, 111, 115, 119, 120, 122, 126, 127, 130, 131, 132, 134, 384, 329, 181, 7, 47, 392, 114, 369, 304, 342, 290, 316, 154, 242, 264, 289, 303, 296, 353, 213, 12, 386, 245, 112, 214, 320, 306, 197, 225, 265, 144, 319, 161, 64, 282, 78, 317, 8, 140, 261, 324, 257, 307, 48, 351, 280, 378, 82, 28, 187, 309, 196, 56, 129, 354, 312, 164, 373, 179, 201, 287, 397, 379, 364, 86, 101, 178, 159, 330, 288, 195, 209, 234, 308, 194, 163, 151, 204, 52, 212, 276, 62, 284, 275, 51, 155, 80, 253, 343, 393, 241, 137, 141, 142, 147, 148, 150, 157, 168, 169, 171, 173, 176, 185, 190, 192, 198, 202, 205, 206, 210, 218, 220, 221, 228, 230, 231, 238, 239, 240, 243, 244, 246, 247, 251, 252, 255, 258, 262, 272, 277, 278, 283, 286, 292, 297, 305, 311, 313, 321, 326, 327, 332, 333, 335, 336, 337, 338, 340, 345, 346, 348, 352, 356, 357, 358, 359, 367, 372, 374, 376, 377, 383, 385, 387, 391]
x_137: [1, 2, 3, 5, 6, 7, 9, 10, 11, 13, 15, 17, 18, 21, 22, 24, 27, 29, 30, 38, 39, 41, 49, 50, 53, 54, 56, 66, 73, 75, 87, 88, 89, 90, 93, 98, 100, 103, 104, 105, 106, 111, 113, 119, 120, 123, 124, 125, 127, 130, 131, 134, 23, 230, 160, 367, 55, 182, 40, 236, 233, 311, 138, 108, 213, 234, 362, 133, 321, 102, 129, 155, 94, 198, 375, 399, 338, 69, 256, 47, 309, 313, 209, 372, 320, 277, 280, 334, 14, 228, 97, 145, 276, 190, 193, 235, 250, 185, 136, 164, 288, 345, 226, 115, 361, 312, 59, 221, 329, 304, 267, 378, 33, 369, 346, 282, 292, 189, 85, 122, 143, 323, 63, 95, 206, 147, 319, 352, 262, 271, 52, 229, 366, 386, 331, 387, 48, 210, 269, 286, 72, 285, 116, 197, 57, 67, 298, 339, 163, 214, 140, 144, 146, 151, 152, 153, 156, 162, 168, 169, 170, 171, 172, 176, 184, 188, 192, 194, 202, 203, 205, 207, 216, 218, 220, 232, 238, 240, 241, 242, 243, 244, 245, 246, 251, 252, 253, 254, 255, 258, 260, 264, 268, 272, 278, 279, 281, 284, 294, 297, 299, 300, 301, 306, 308, 310, 314, 317, 325, 328, 332, 333, 335, 336, 340, 342, 343, 344, 347, 348, 351, 354, 357, 359, 360, 368, 381, 384, 385, 389, 391, 392, 397, 400]
x_138: [2, 3, 4, 5, 6, 7, 10, 12, 18, 23, 25, 28, 29, 30, 31, 37, 39, 40, 41, 46, 53, 55, 57, 58, 64, 66, 68, 70, 75, 83, 87, 88, 90, 93, 98, 100, 101, 102, 103, 104, 105, 108, 111, 115, 118, 120, 122, 123, 126, 130, 131, 132, 134, 137, 128, 297, 372, 312, 162, 35, 360, 268, 178, 141, 142, 144, 147, 150, 151, 152, 153, 154, 157, 158, 168, 169, 171, 175, 176, 177, 186, 189, 193, 194, 196, 198, 202, 203, 205, 206, 207, 208, 209, 210, 211, 212, 218, 220, 221, 224, 230, 231, 233, 234, 235, 238, 240, 241, 243, 244, 245, 248, 249, 250, 251, 254, 257, 258, 259, 260, 261, 270, 272, 282, 283, 285, 289, 290, 292, 294, 295, 300, 301, 306, 308, 310, 314, 315, 319, 323, 325, 328, 329, 331, 335, 342, 343, 344, 345, 347, 348, 357, 362, 365, 370, 374, 378, 379, 381, 384, 385, 386, 387, 389, 391, 392, 397, 400]
x_139: [4, 5, 6, 7, 8, 9, 15, 20, 24, 25, 29, 31, 35, 37, 46, 57, 61, 66, 76, 79, 81, 84, 89, 93, 94, 97, 99, 101, 102, 103, 105, 108, 113, 116, 120, 126, 129, 131, 134, 227, 281, 334, 133, 100, 386, 251, 218, 311, 124, 244, 13, 317, 347, 1, 74, 190, 53, 328, 342, 50, 85, 263, 11, 271, 399, 150, 273, 336, 106, 257, 252, 121, 381, 63, 162, 27, 212, 310, 56, 242, 118, 359, 125, 279, 182, 181, 234, 258, 59, 293, 140, 141, 144, 145, 146, 147, 148, 153, 157, 168, 169, 171, 176, 193, 195, 196, 200, 207, 208, 213, 216, 219, 221, 223, 224, 225, 226, 228, 229, 230, 233, 236, 239, 241, 245, 246, 248, 260, 261, 262, 264, 268, 272, 283, 285, 291, 294, 295, 296, 297, 298, 299, 301, 304, 306, 308, 312, 321, 329, 335, 340, 344, 345, 348, 350, 351, 352, 354, 361, 364, 368, 370, 374, 375, 376, 379, 382, 383, 387, 389, 391, 392, 397, 400]
x_140: [2, 3, 5, 6, 10, 16, 22, 24, 25, 26, 29, 35, 40, 51, 54, 57, 74, 82, 83, 86, 88, 89, 90, 93, 94, 95, 98, 100, 101, 103, 104, 105, 111, 117, 119, 120, 121, 122, 126, 129, 131, 132, 135, 136, 183, 291, 169, 179, 139, 214, 363, 279, 182, 307, 275, 287, 200, 389, 400, 290, 284, 219, 346, 278, 36, 245, 211, 286, 96, 384, 323, 19, 162, 156, 61, 333, 390, 359, 365, 165, 85, 125, 170, 153, 80, 44, 368, 380, 378, 398, 71, 213, 300, 381, 237, 63, 225, 109, 31, 27, 247, 274, 328, 377, 315, 67, 314, 311, 305, 272, 208, 265, 197, 332, 297, 340, 309, 204, 18, 344, 337, 46, 194, 166, 319, 334, 68, 383, 318, 238, 374, 177, 1, 30, 330, 161, 327, 260, 145, 92, 13, 246, 254, 49, 301, 168, 304, 349, 81, 43, 78, 66, 207, 348, 375, 45, 243, 99, 282, 14, 234, 9, 143, 164, 12, 316, 114, 233, 113, 230, 38, 385, 110, 75, 335, 160, 28, 189, 357, 102, 52, 175, 42, 155, 273, 370, 299, 298, 376, 226, 137, 216, 372, 397, 251, 152, 124, 56, 215, 84, 186, 181, 303, 91, 222, 148, 369, 196, 313, 188, 341, 41, 241, 345, 174, 142, 147, 59, 130, 141, 150, 151, 154, 157, 171, 173, 176, 185, 202, 205, 206, 209, 210, 220, 221, 223, 224, 227, 229, 232, 235, 236, 242, 248, 252, 257, 259, 262, 264, 268, 276, 283, 292, 296, 306, 310, 312, 325, 336, 342, 350, 351, 361, 366, 373, 379, 392]
x_141: [3, 4, 5, 6, 7, 10, 25, 28, 31, 47, 53, 54, 57, 82, 85, 86, 93, 94, 97, 98, 100, 104, 105, 107, 108, 110, 111, 120, 123, 124, 125, 126, 132, 133, 195, 292, 256, 2, 20, 178, 32, 74, 354, 211, 242, 283, 249, 118, 374, 138, 359, 310, 288, 157, 84, 13, 35, 206, 88, 399, 34, 199, 316, 136, 224, 262, 392, 188, 317, 80, 62, 296, 280, 187, 255, 129, 384, 76, 251, 212, 246, 37, 294, 190, 373, 312, 24, 189, 95, 44, 121, 21, 254, 16, 383, 353, 81, 43, 68, 12, 238, 259, 63, 36, 48, 305, 311, 139, 67, 240, 75, 247, 140, 167, 179, 275, 144, 146, 147, 152, 154, 161, 168, 170, 174, 175, 176, 180, 184, 185, 193, 194, 196, 200, 202, 203, 208, 210, 213, 216, 223, 225, 226, 228, 230, 231, 232, 233, 234, 241, 243, 245, 253, 257, 264, 265, 272, 277, 279, 284, 286, 287, 290, 293, 297, 303, 304, 306, 314, 315, 321, 323, 324, 328, 329, 333, 334, 335, 339, 341, 344, 345, 346, 362, 367, 370, 376, 379, 380, 382, 385, 386, 387, 391, 396, 397, 400]
x_142: [3, 4, 8, 11, 13, 14, 15, 17, 18, 22, 25, 26, 27, 29, 31, 35, 37, 46, 53, 54, 58, 66, 68, 70, 71, 74, 75, 79, 82, 84, 88, 96, 100, 102, 104, 105, 110, 113, 115, 116, 118, 120, 126, 129, 130, 131, 133, 134, 140, 317, 313, 269, 80, 275, 226, 325, 164, 261, 374, 42, 310, 220, 232, 307, 207, 273, 170, 219, 2, 138, 56, 24, 155, 231, 300, 393, 342, 229, 234, 103, 148, 318, 246, 173, 274, 297, 30, 244, 356, 250, 65, 49, 136, 331, 319, 315, 323, 145, 147, 154, 156, 157, 162, 169, 176, 179, 180, 181, 191, 195, 201, 204, 205, 216, 217, 221, 223, 230, 233, 236, 239, 241, 243, 245, 248, 249, 257, 260, 262, 264, 268, 272, 277, 281, 283, 287, 292, 304, 305, 306, 308, 311, 312, 314, 322, 324, 328, 329, 336, 339, 340, 341, 343, 344, 345, 347, 348, 350, 351, 354, 359, 361, 362, 364, 365, 366, 375, 376, 379, 382, 384, 385, 386, 387, 392, 397]
x_143: [3, 4, 5, 6, 9, 10, 15, 16, 17, 21, 23, 25, 27, 29, 30, 31, 35, 37, 38, 39, 40, 47, 51, 55, 56, 57, 58, 61, 70, 74, 75, 81, 82, 83, 88, 89, 90, 91, 97, 99, 100, 101, 103, 104, 108, 109, 113, 120, 122, 125, 126, 127, 130, 131, 132, 134, 137, 140, 326, 335, 332, 22, 145, 327, 222, 121, 94, 333, 262, 286, 224, 195, 129, 334, 274, 2, 394, 76, 352, 191, 240, 249, 309, 301, 296, 257, 152, 119, 287, 207, 42, 147, 153, 157, 158, 161, 169, 170, 171, 173, 180, 181, 185, 194, 196, 197, 200, 201, 202, 209, 216, 219, 227, 228, 229, 231, 232, 234, 235, 236, 241, 242, 244, 246, 251, 253, 254, 255, 256, 258, 260, 261, 264, 268, 269, 270, 272, 293, 298, 303, 305, 310, 311, 312, 317, 322, 328, 329, 330, 336, 339, 340, 342, 344, 345, 346, 350, 351, 356, 358, 359, 368, 369, 370, 375, 376, 378, 381, 384, 385, 386, 387, 388, 391, 392, 396, 397, 400]
x_144: [2, 3, 5, 6, 7, 10, 16, 17, 21, 25, 27, 31, 35, 37, 41, 42, 43, 44, 49, 54, 61, 67, 68, 69, 73, 74, 75, 82, 83, 90, 93, 95, 97, 98, 100, 101, 103, 105, 107, 109, 110, 113, 123, 126, 129, 130, 131, 136, 194, 14, 59, 211, 188, 26, 63, 20, 335, 379, 152, 349, 265, 285, 288, 156, 52, 264, 202, 154, 217, 141, 139, 355, 8, 24, 232, 248, 291, 323, 281, 271, 224, 201, 339, 150, 394, 280, 256, 65, 326, 387, 189, 353, 58, 87, 332, 76, 89, 366, 138, 258, 309, 220, 34, 260, 282, 325, 13, 132, 85, 111, 32, 192, 114, 167, 12, 102, 317, 287, 33, 293, 147, 191, 357, 304, 274, 125, 203, 346, 227, 337, 210, 368, 64, 251, 359, 88, 324, 266, 236, 253, 170, 237, 115, 62, 47, 169, 205, 273, 39, 354, 159, 272, 377, 225, 398, 363, 182, 193, 183, 329, 344, 177, 341, 215, 124, 364, 369, 212, 135, 187, 343, 119, 263, 226, 36, 165, 200, 321, 276, 284, 178, 230, 86, 161, 163, 327, 196, 384, 57, 22, 289, 233, 179, 310, 40, 56, 374, 238, 365, 48, 19, 290, 249, 298, 371, 386, 400, 175, 360, 23, 137, 66, 149, 300, 45, 389, 198, 373, 395, 92, 333, 153, 118, 72, 222, 244, 305, 185, 356, 382, 316, 308, 197, 78, 172, 313, 229, 151, 38, 297, 342, 245, 91, 171, 301, 340, 145, 146, 148, 168, 173, 176, 195, 207, 213, 216, 218, 219, 221, 234, 240, 241, 246, 254, 255, 261, 262, 275, 286, 292, 296, 306, 307, 311, 318, 319, 328, 330, 334, 336, 338, 345, 350, 358, 370, 372, 378, 392]
x_145: [2, 6, 10, 16, 18, 22, 26, 27, 29, 31, 35, 37, 38, 57, 60, 66, 69, 72, 73, 74, 79, 80, 81, 82, 84, 90, 94, 95, 97, 98, 100, 101, 102, 104, 108, 109, 110, 119, 126, 130, 134, 137, 140, 143, 320, 99, 219, 262, 324, 205, 105, 232, 193, 285, 316, 166, 299, 48, 182, 319, 318, 358, 189, 240, 155, 44, 41, 234, 354, 389, 275, 91, 365, 40, 15, 231, 50, 190, 396, 254, 241, 277, 17, 114, 366, 135, 270, 47, 399, 85, 167, 263, 20, 278, 334, 342, 12, 195, 387, 381, 51, 106, 291, 227, 245, 284, 157, 176, 186, 178, 132, 3, 360, 162, 306, 144, 251, 392, 152, 397, 343, 115, 160, 271, 103, 339, 378, 198, 92, 303, 32, 201, 385, 21, 200, 14, 325, 362, 302, 364, 253, 346, 266, 356, 256, 377, 367, 330, 348, 336, 42, 246, 347, 76, 206, 88, 4, 276, 19, 327, 147, 328, 204, 146, 361, 292, 68, 218, 331, 142, 197, 376, 312, 250, 159, 216, 322, 260, 370, 289, 326, 150, 259, 296, 194, 28, 349, 203, 11, 212, 373, 210, 228, 23, 179, 71, 116, 13, 355, 380, 315, 139, 307, 309, 224, 335, 238, 111, 384, 55, 337, 123, 133, 293, 351, 400, 264, 25, 148, 267, 61, 247, 279, 288, 168, 131, 46, 118, 243, 128, 170, 233, 149, 154, 163, 165, 172, 173, 180, 181, 202, 207, 208, 211, 226, 230, 239, 242, 244, 255, 261, 269, 273, 290, 294, 300, 305, 311, 313, 321, 340, 341, 344, 350, 352, 357, 359, 369, 374, 386]
x_146: [2, 3, 4, 6, 10, 18, 20, 29, 31, 38, 39, 43, 46, 49, 53, 55, 58, 66, 71, 73, 75, 79, 81, 86, 90, 91, 92, 93, 94, 95, 97, 102, 103, 107, 108, 111, 113, 115, 119, 120, 124, 130, 131, 134, 145, 326, 380, 147, 257, 359, 98, 48, 240, 169, 181, 137, 235, 303, 84, 11, 67, 218, 213, 209, 40, 204, 72, 176, 248, 47, 160, 149, 291, 123, 191, 365, 324, 175, 272, 334, 33, 166, 151, 344, 268, 28, 200, 56, 348, 57, 351, 100, 170, 44, 261, 141, 54, 284, 112, 328, 391, 315, 337, 205, 358, 230, 238, 280, 201, 346, 277, 265, 273, 219, 246, 369, 306, 161, 51, 243, 233, 77, 27, 135, 384, 283, 157, 196, 152, 109, 13, 335, 221, 122, 99, 259, 110, 320, 193, 87, 154, 203, 8, 68, 287, 155, 64, 399, 281, 296, 304, 302, 370, 237, 116, 234, 331, 301, 85, 316, 188, 381, 372, 269, 198, 78, 212, 5, 353, 144, 114, 207, 69, 224, 223, 214, 270, 195, 19, 178, 286, 82, 274, 148, 366, 310, 183, 133, 279, 341, 294, 125, 139, 255, 26, 32, 330, 132, 70, 199, 319, 267, 65, 159, 390, 162, 174, 76, 171, 242, 349, 329, 375, 105, 397, 187, 35, 323, 299, 398, 190, 150, 355, 34, 60, 83, 288, 22, 41, 153, 231, 228, 192, 392, 180, 167, 210, 7, 336, 189, 322, 80, 172, 177, 184, 197, 202, 216, 220, 226, 229, 236, 241, 244, 253, 254, 256, 258, 260, 262, 264, 278, 289, 305, 311, 318, 327, 332, 339, 340, 342, 350, 352, 360, 361, 371, 373, 378, 383, 386, 387, 388, 400]
x_147: [10, 14, 18, 22, 24, 25, 27, 28, 30, 31, 33, 38, 41, 42, 43, 45, 46, 54, 56, 68, 69, 70, 74, 86, 91, 93, 94, 98, 99, 100, 101, 102, 103, 107, 109, 110, 115, 116, 120, 130, 131, 132, 137, 140, 144, 145, 146, 221, 227, 303, 399, 79, 296, 216, 215, 345, 205, 246, 148, 51, 181, 113, 44, 331, 123, 121, 279, 281, 127, 325, 118, 245, 326, 5, 263, 209, 208, 36, 199, 152, 20, 305, 176, 396, 149, 60, 275, 104, 282, 259, 220, 211, 338, 328, 172, 55, 322, 119, 206, 142, 339, 9, 224, 334, 196, 349, 150, 83, 186, 376, 253, 194, 324, 8, 257, 72, 273, 167, 260, 292, 222, 268, 162, 125, 391, 370, 175, 276, 233, 392, 235, 117, 308, 335, 262, 231, 217, 287, 295, 226, 92, 48, 314, 12, 157, 141, 357, 230, 136, 269, 244, 75, 195, 278, 1, 390, 218, 80, 304, 364, 323, 39, 387, 381, 298, 87, 242, 383, 207, 316, 201, 280, 321, 373, 337, 81, 34, 170, 204, 66, 250, 330, 309, 143, 57, 129, 177, 197, 50, 85, 239, 40, 270, 302, 236, 251, 320, 159, 82, 71, 398, 133, 134, 65, 283, 26, 311, 168, 312, 291, 210, 108, 389, 225, 238, 306, 11, 76, 160, 189, 371, 229, 7, 313, 256, 267, 301, 96, 214, 288, 166, 234, 348, 342, 367, 382, 237, 264, 192, 139, 138, 365, 126, 289, 153, 293, 247, 347, 366, 255, 372, 169, 49, 128, 343, 151, 173, 174, 180, 193, 200, 202, 213, 219, 232, 240, 241, 243, 248, 252, 261, 265, 272, 290, 294, 297, 299, 300, 310, 315, 327, 332, 333, 336, 341, 344, 346, 350, 352, 353, 354, 356, 360, 368, 377, 378, 379, 385, 397]
x_148: [5, 6, 9, 11, 17, 21, 27, 31, 32, 35, 37, 38, 40, 41, 46, 52, 53, 54, 57, 66, 69, 79, 82, 89, 90, 93, 94, 95, 98, 103, 104, 115, 119, 120, 121, 122, 124, 127, 129, 130, 131, 132, 134, 140, 142, 145, 146, 147, 50, 252, 239, 349, 365, 292, 358, 47, 391, 76, 215, 327, 102, 214, 260, 233, 218, 114, 55, 149, 223, 387, 28, 285, 286, 341, 25, 299, 316, 350, 190, 347, 256, 307, 243, 364, 207, 151, 167, 309, 163, 392, 374, 176, 342, 287, 339, 231, 296, 314, 187, 268, 381, 83, 22, 303, 400, 232, 204, 399, 266, 302, 352, 168, 322, 383, 139, 7, 315, 184, 100, 166, 181, 112, 261, 156, 289, 288, 49, 136, 220, 378, 185, 110, 51, 267, 270, 158, 144, 99, 348, 393, 269, 211, 217, 279, 117, 108, 235, 333, 332, 177, 162, 188, 154, 88, 71, 389, 29, 344, 101, 61, 191, 48, 384, 72, 1, 60, 306, 283, 12, 258, 363, 375, 330, 172, 280, 74, 340, 236, 128, 150, 275, 183, 305, 319, 335, 153, 379, 161, 173, 175, 180, 192, 197, 198, 200, 201, 202, 203, 205, 208, 210, 212, 221, 224, 226, 227, 229, 234, 237, 246, 247, 248, 249, 251, 253, 254, 264, 276, 281, 282, 284, 294, 297, 301, 312, 317, 321, 326, 334, 336, 343, 346, 351, 354, 360, 369, 371, 380, 385, 386]
x_149: [1, 2, 3, 4, 10, 15, 16, 21, 24, 25, 27, 28, 37, 42, 46, 53, 54, 56, 58, 66, 70, 74, 81, 82, 84, 86, 90, 91, 93, 95, 96, 98, 100, 101, 104, 107, 108, 110, 115, 119, 126, 127, 134, 144, 146, 147, 148, 174, 120, 26, 318, 75, 347, 332, 38, 239, 292, 322, 290, 247, 387, 371, 222, 116, 145, 397, 331, 128, 201, 324, 34, 47, 203, 328, 132, 355, 352, 170, 157, 161, 162, 168, 169, 171, 172, 173, 183, 185, 191, 192, 194, 197, 204, 209, 213, 216, 221, 229, 234, 236, 241, 244, 246, 252, 253, 254, 257, 260, 264, 269, 281, 283, 291, 294, 295, 301, 303, 306, 308, 311, 312, 315, 319, 321, 329, 333, 336, 343, 346, 348, 350, 354, 356, 359, 360, 366, 367, 370, 376, 378, 383, 384, 386, 391, 392]
x_150: [3, 5, 8, 10, 13, 19, 20, 27, 29, 30, 31, 35, 37, 38, 39, 40, 41, 45, 46, 49, 54, 55, 57, 66, 69, 74, 75, 79, 81, 84, 96, 97, 98, 100, 103, 104, 105, 106, 109, 111, 115, 117, 120, 122, 124, 125, 127, 129, 131, 132, 133, 139, 144, 145, 146, 147, 148, 91, 381, 296, 15, 34, 112, 140, 167, 360, 301, 190, 202, 26, 168, 63, 350, 25, 332, 192, 136, 250, 261, 292, 153, 307, 352, 279, 328, 233, 52, 299, 244, 273, 110, 277, 379, 343, 165, 173, 241, 166, 278, 295, 113, 361, 204, 87, 356, 264, 243, 377, 207, 304, 102, 196, 16, 258, 163, 171, 172, 311, 375, 154, 362, 6, 256, 219, 82, 114, 18, 157, 76, 390, 73, 259, 260, 399, 245, 62, 341, 23, 208, 391, 92, 400, 287, 48, 272, 263, 312, 320, 376, 271, 95, 232, 348, 175, 169, 335, 331, 51, 33, 59, 28, 188, 236, 7, 395, 108, 184, 265, 58, 162, 325, 337, 336, 318, 217, 237, 310, 354, 355, 160, 313, 94, 220, 290, 138, 229, 99, 199, 155, 340, 374, 305, 17, 248, 36, 181, 293, 170, 174, 182, 186, 193, 197, 198, 203, 210, 221, 246, 251, 253, 255, 269, 270, 280, 284, 294, 314, 316, 317, 329, 330, 333, 334, 338, 342, 344, 346, 353, 358, 359, 364, 366, 368, 370, 378, 386, 388, 397]
x_151: [2, 3, 6, 9, 12, 15, 17, 20, 21, 22, 25, 27, 30, 31, 32, 35, 36, 37, 40, 41, 45, 46, 49, 53, 54, 57, 58, 64, 70, 74, 75, 79, 86, 87, 88, 90, 95, 97, 98, 102, 103, 105, 107, 109, 111, 113, 115, 118, 119, 122, 134, 136, 144, 146, 148, 19, 194, 236, 129, 51, 353, 309, 371, 332, 140, 203, 200, 319, 346, 330, 260, 387, 218, 78, 76, 123, 398, 301, 252, 291, 256, 255, 104, 55, 273, 83, 135, 23, 71, 33, 8, 209, 314, 172, 26, 132, 28, 126, 340, 186, 171, 377, 62, 396, 264, 390, 279, 282, 157, 84, 229, 357, 4, 266, 393, 81, 284, 378, 5, 1, 336, 220, 237, 175, 248, 389, 169, 161, 183, 138, 287, 147, 342, 338, 361, 125, 173, 178, 155, 285, 251, 318, 363, 277, 334, 223, 130, 197, 166, 381, 108, 354, 222, 335, 77, 392, 362, 312, 48, 116, 360, 137, 244, 275, 356, 18, 24, 288, 262, 225, 331, 306, 205, 208, 249, 152, 153, 168, 176, 177, 180, 191, 192, 193, 195, 199, 201, 207, 231, 233, 235, 241, 242, 243, 245, 254, 261, 265, 278, 289, 290, 298, 304, 305, 307, 308, 310, 311, 313, 315, 317, 321, 323, 327, 329, 333, 337, 345, 350, 352, 359, 364, 369, 370, 372, 374, 379, 384, 386, 388, 397, 400]
x_152: [1, 2, 3, 4, 8, 11, 13, 18, 20, 25, 30, 31, 41, 49, 53, 58, 61, 62, 73, 75, 76, 79, 87, 97, 98, 99, 101, 103, 105, 107, 109, 110, 111, 113, 117, 119, 122, 125, 127, 131, 140, 143, 144, 145, 146, 147, 371, 335, 198, 134, 243, 173, 124, 305, 258, 353, 137, 245, 168, 178, 286, 48, 227, 193, 340, 171, 250, 157, 382, 233, 282, 170, 287, 180, 392, 280, 269, 274, 379, 82, 28, 358, 158, 120, 294, 138, 104, 151, 231, 135, 345, 29, 372, 67, 221, 391, 253, 121, 182, 141, 132, 360, 34, 26, 327, 307, 272, 347, 284, 214, 167, 71, 15, 268, 296, 366, 50, 33, 172, 246, 156, 234, 313, 297, 359, 100, 252, 66, 380, 384, 373, 24, 183, 153, 154, 162, 169, 175, 176, 181, 185, 189, 191, 194, 195, 197, 200, 201, 203, 204, 205, 210, 212, 219, 220, 224, 228, 230, 232, 236, 238, 239, 241, 255, 261, 273, 277, 281, 283, 290, 291, 292, 293, 298, 304, 308, 312, 314, 315, 316, 321, 323, 329, 330, 333, 336, 337, 341, 350, 351, 352, 354, 356, 357, 361, 365, 374, 376, 377, 378, 381, 389, 400]
x_153: [2, 3, 4, 5, 10, 11, 18, 25, 27, 29, 35, 42, 44, 49, 50, 52, 53, 56, 57, 60, 62, 68, 74, 81, 82, 84, 88, 89, 90, 93, 97, 98, 101, 103, 107, 108, 110, 115, 117, 120, 122, 126, 129, 140, 144, 146, 147, 148, 150, 36, 237, 383, 396, 286, 38, 24, 249, 65, 230, 400, 399, 14, 354, 300, 324, 305, 127, 159, 235, 240, 244, 281, 347, 389, 1, 109, 156, 398, 215, 32, 170, 173, 172, 377, 330, 387, 359, 58, 12, 243, 355, 63, 378, 271, 134, 231, 374, 331, 91, 248, 290, 181, 205, 139, 308, 295, 326, 329, 261, 187, 160, 214, 289, 39, 143, 298, 317, 277, 310, 227, 106, 19, 169, 46, 47, 190, 200, 291, 30, 370, 28, 43, 118, 321, 371, 152, 346, 26, 226, 51, 247, 138, 116, 31, 179, 368, 313, 390, 222, 184, 162, 314, 391, 132, 339, 265, 236, 40, 364, 155, 15, 163, 137, 218, 239, 270, 185, 94, 341, 234, 285, 86, 304, 133, 382, 96, 280, 342, 151, 17, 125, 356, 183, 263, 130, 176, 186, 250, 362, 37, 69, 192, 177, 95, 311, 8, 375, 224, 318, 312, 297, 166, 274, 384, 245, 195, 175, 395, 255, 367, 251, 275, 61, 92, 75, 262, 198, 309, 217, 85, 41, 13, 119, 203, 174, 55, 258, 67, 283, 307, 340, 114, 216, 373, 100, 336, 66, 254, 397, 180, 306, 361, 386, 315, 358, 296, 211, 284, 276, 332, 104, 167, 7, 366, 303, 206, 80, 287, 157, 158, 161, 191, 193, 201, 212, 213, 221, 228, 232, 260, 264, 268, 272, 293, 299, 301, 316, 323, 327, 333, 337, 338, 348, 351, 376, 379, 381, 392]
x_154: [3, 5, 6, 7, 10, 13, 22, 25, 27, 29, 30, 35, 37, 38, 41, 43, 46, 47, 49, 53, 66, 68, 69, 70, 72, 73, 75, 80, 81, 82, 83, 84, 88, 90, 93, 95, 100, 101, 102, 103, 107, 110, 116, 120, 121, 122, 129, 130, 131, 134, 136, 144, 146, 148, 150, 214, 128, 19, 186, 301, 317, 288, 299, 111, 266, 308, 273, 201, 170, 74, 89, 138, 326, 295, 33, 203, 26, 208, 140, 313, 226, 325, 330, 160, 251, 158, 286, 115, 309, 367, 17, 257, 342, 306, 63, 333, 229, 4, 178, 172, 302, 357, 8, 376, 311, 256, 231, 173, 290, 223, 235, 304, 104, 152, 221, 347, 166, 67, 239, 261, 42, 15, 56, 241, 155, 263, 312, 123, 265, 163, 307, 399, 314, 254, 109, 11, 355, 79, 196, 218, 213, 191, 280, 364, 296, 141, 375, 380, 55, 108, 59, 384, 379, 199, 217, 329, 321, 18, 278, 64, 65, 294, 346, 124, 374, 145, 142, 21, 378, 391, 20, 283, 169, 94, 168, 171, 180, 185, 189, 193, 195, 197, 205, 210, 211, 219, 220, 228, 230, 232, 236, 238, 242, 243, 246, 255, 258, 259, 262, 264, 268, 269, 274, 282, 289, 291, 292, 293, 297, 298, 300, 303, 322, 324, 328, 336, 337, 338, 339, 340, 341, 344, 345, 348, 350, 352, 354, 359, 360, 361, 369, 373, 388, 390, 396, 400]
x_155: [5, 6, 7, 10, 11, 12, 14, 16, 21, 27, 30, 31, 35, 38, 39, 40, 41, 45, 46, 48, 54, 56, 58, 62, 63, 66, 69, 70, 74, 83, 84, 87, 88, 93, 95, 97, 99, 101, 105, 107, 109, 115, 117, 118, 123, 126, 131, 134, 136, 137, 140, 142, 145, 146, 150, 151, 153, 154, 85, 192, 1, 159, 367, 311, 298, 233, 323, 216, 371, 133, 265, 239, 328, 181, 164, 301, 200, 230, 231, 373, 162, 388, 186, 268, 102, 274, 253, 160, 96, 383, 345, 300, 381, 380, 257, 289, 299, 214, 399, 269, 392, 116, 207, 51, 13, 394, 127, 168, 169, 171, 172, 173, 177, 184, 197, 201, 203, 206, 210, 213, 218, 219, 224, 228, 234, 235, 242, 243, 244, 245, 246, 247, 251, 254, 258, 261, 264, 266, 272, 278, 279, 281, 283, 286, 290, 294, 306, 307, 308, 315, 317, 319, 329, 330, 333, 337, 339, 341, 343, 344, 346, 347, 352, 353, 354, 358, 359, 361, 362, 364, 365, 370, 374, 375, 379, 387, 390, 397]
x_156: [2, 3, 4, 5, 10, 14, 15, 16, 17, 18, 21, 22, 27, 30, 35, 38, 43, 46, 51, 53, 56, 61, 66, 69, 70, 79, 83, 89, 90, 92, 95, 98, 100, 103, 113, 115, 117, 119, 122, 124, 127, 129, 140, 144, 148, 152, 153, 222, 164, 256, 188, 390, 78, 326, 45, 8, 40, 358, 99, 286, 383, 74, 393, 142, 63, 59, 174, 189, 338, 395, 292, 109, 361, 104, 165, 107, 159, 246, 110, 295, 131, 190, 392, 257, 354, 281, 105, 36, 248, 372, 382, 161, 384, 31, 178, 262, 236, 137, 263, 172, 67, 25, 39, 191, 195, 368, 199, 364, 232, 316, 340, 160, 162, 169, 171, 175, 181, 183, 184, 187, 193, 194, 197, 200, 201, 202, 203, 207, 208, 209, 210, 223, 226, 234, 235, 238, 242, 244, 249, 250, 254, 260, 261, 264, 277, 289, 293, 299, 304, 305, 306, 310, 314, 315, 323, 328, 329, 330, 332, 333, 336, 341, 343, 344, 345, 347, 352, 367, 369, 373, 376, 377, 385, 386, 387, 389, 394, 396]
x_157: [2, 3, 4, 7, 12, 15, 18, 21, 25, 27, 29, 31, 35, 38, 43, 44, 53, 54, 56, 57, 59, 60, 69, 71, 73, 84, 85, 86, 88, 89, 90, 91, 95, 97, 98, 101, 103, 107, 108, 114, 115, 116, 122, 123, 124, 127, 129, 130, 134, 141, 145, 146, 147, 150, 151, 152, 296, 232, 396, 354, 279, 68, 339, 109, 47, 349, 291, 229, 375, 277, 256, 204, 78, 262, 330, 102, 269, 55, 371, 274, 180, 64, 158, 41, 70, 249, 397, 255, 221, 382, 351, 334, 306, 26, 99, 121, 268, 175, 282, 276, 253, 120, 9, 178, 153, 79, 142, 233, 191, 203, 361, 210, 36, 81, 236, 105, 14, 263, 261, 344, 190, 207, 72, 172, 214, 374, 341, 138, 205, 321, 169, 246, 392, 329, 220, 186, 350, 216, 197, 199, 143, 317, 281, 34, 372, 347, 176, 320, 313, 125, 13, 149, 264, 184, 280, 379, 213, 217, 370, 234, 333, 377, 228, 287, 8, 312, 252, 244, 51, 206, 201, 332, 32, 92, 30, 273, 257, 215, 319, 170, 368, 113, 240, 189, 355, 239, 1, 140, 309, 42, 298, 179, 300, 93, 209, 128, 173, 75, 230, 23, 365, 177, 126, 290, 66, 369, 399, 139, 380, 58, 386, 308, 131, 251, 171, 160, 45, 352, 49, 243, 302, 77, 22, 395, 119, 270, 266, 241, 353, 363, 136, 200, 61, 390, 162, 165, 185, 187, 195, 211, 224, 227, 231, 235, 238, 242, 245, 248, 250, 258, 260, 272, 278, 283, 286, 292, 295, 297, 299, 301, 311, 315, 318, 323, 336, 342, 345, 358, 359, 366, 378, 381, 385, 387, 388, 389, 400]
x_158: [2, 3, 5, 6, 7, 8, 13, 16, 18, 20, 21, 28, 29, 30, 31, 40, 42, 43, 50, 51, 61, 74, 75, 82, 83, 86, 88, 90, 92, 95, 101, 103, 104, 111, 115, 116, 122, 123, 124, 125, 126, 127, 130, 133, 134, 135, 148, 152, 154, 157, 223, 226, 326, 299, 315, 330, 129, 228, 27, 240, 170, 23, 359, 210, 369, 381, 397, 367, 396, 100, 333, 354, 177, 328, 260, 164, 120, 388, 153, 201, 277, 310, 216, 275, 1, 314, 19, 296, 350, 97, 291, 392, 76, 160, 138, 365, 287, 143, 349, 44, 288, 175, 337, 38, 252, 304, 264, 351, 60, 345, 163, 114, 106, 395, 266, 368, 54, 78, 253, 110, 192, 41, 376, 250, 53, 305, 73, 169, 300, 224, 162, 168, 173, 174, 181, 189, 191, 193, 194, 203, 205, 211, 220, 221, 225, 230, 231, 234, 235, 238, 239, 241, 245, 246, 247, 248, 249, 251, 261, 262, 272, 274, 276, 281, 283, 284, 290, 292, 294, 306, 307, 308, 313, 317, 323, 324, 327, 331, 332, 336, 339, 340, 344, 346, 347, 352, 357, 358, 362, 366, 373, 374, 378, 379, 384, 389, 391, 400]
x_159: [2, 4, 12, 15, 16, 18, 27, 29, 30, 31, 32, 35, 39, 40, 43, 46, 53, 55, 56, 66, 68, 74, 79, 82, 86, 90, 95, 98, 100, 103, 105, 107, 109, 111, 113, 116, 124, 132, 133, 134, 136, 144, 145, 146, 147, 153, 155, 156, 48, 246, 238, 200, 312, 50, 222, 266, 256, 126, 184, 380, 376, 61, 219, 239, 69, 370, 87, 259, 316, 65, 128, 205, 207, 201, 92, 364, 232, 67, 231, 301, 191, 296, 223, 341, 242, 97, 25, 329, 70, 84, 270, 161, 162, 170, 174, 176, 180, 181, 193, 196, 198, 199, 203, 204, 209, 212, 216, 220, 225, 226, 227, 233, 235, 241, 243, 252, 253, 254, 255, 257, 261, 264, 278, 281, 283, 290, 293, 297, 303, 305, 307, 308, 310, 314, 318, 319, 323, 328, 330, 332, 333, 334, 335, 336, 337, 338, 339, 343, 345, 346, 351, 356, 358, 362, 367, 371, 372, 381, 384, 385, 386, 389, 391, 392]
x_160: [2, 3, 4, 9, 13, 15, 16, 19, 21, 22, 23, 27, 28, 29, 30, 35, 39, 40, 44, 46, 51, 53, 54, 57, 58, 64, 66, 70, 72, 76, 79, 81, 82, 85, 87, 88, 95, 97, 99, 104, 108, 110, 111, 115, 116, 119, 120, 123, 124, 127, 129, 130, 132, 134, 137, 140, 145, 146, 147, 150, 153, 154, 155, 157, 158, 363, 221, 121, 295, 377, 55, 299, 156, 309, 184, 161, 165, 168, 170, 173, 174, 175, 178, 181, 189, 193, 194, 196, 197, 198, 200, 202, 204, 206, 207, 208, 210, 216, 224, 227, 228, 229, 230, 232, 234, 235, 243, 248, 252, 253, 255, 259, 261, 262, 263, 268, 276, 277, 278, 292, 297, 303, 304, 305, 306, 311, 313, 315, 317, 318, 326, 327, 330, 333, 335, 336, 337, 338, 341, 342, 343, 345, 347, 348, 350, 360, 364, 366, 370, 371, 373, 374, 376, 378, 379, 383, 384, 386, 387, 388, 389, 392, 398]
x_161: [3, 5, 9, 14, 15, 16, 17, 25, 37, 38, 39, 41, 44, 45, 46, 51, 58, 61, 66, 72, 74, 75, 79, 81, 82, 84, 85, 88, 91, 95, 97, 98, 100, 103, 104, 107, 108, 109, 110, 111, 116, 119, 125, 127, 131, 132, 134, 136, 140, 144, 146, 151, 156, 149, 23, 192, 164, 196, 185, 2, 42, 299, 217, 240, 279, 175, 312, 227, 124, 306, 394, 316, 67, 328, 313, 22, 69, 332, 237, 11, 310, 315, 198, 318, 56, 400, 141, 287, 170, 215, 33, 300, 203, 236, 86, 181, 214, 348, 305, 101, 322, 384, 286, 220, 209, 216, 178, 267, 226, 356, 365, 295, 323, 168, 320, 90, 70, 274, 208, 349, 202, 13, 188, 256, 388, 263, 143, 211, 160, 277, 80, 68, 31, 179, 176, 382, 351, 34, 247, 6, 78, 296, 183, 55, 392, 52, 153, 148, 48, 7, 122, 63, 18, 331, 281, 363, 253, 47, 291, 273, 307, 314, 311, 114, 389, 285, 10, 386, 159, 319, 54, 171, 297, 391, 83, 193, 35, 255, 396, 390, 213, 163, 379, 87, 225, 105, 62, 174, 343, 339, 338, 374, 221, 200, 257, 49, 96, 233, 308, 336, 195, 120, 129, 377, 118, 309, 117, 169, 180, 189, 190, 191, 204, 207, 219, 224, 229, 230, 242, 250, 251, 252, 254, 259, 260, 262, 264, 276, 278, 284, 290, 292, 293, 304, 324, 325, 330, 333, 334, 337, 340, 341, 347, 350, 352, 354, 360, 361, 367, 368, 369, 370, 380, 383, 385, 387, 397]
x_162: [3, 6, 7, 10, 11, 14, 15, 16, 17, 21, 25, 29, 30, 32, 35, 40, 41, 43, 46, 50, 66, 73, 74, 79, 82, 88, 90, 95, 97, 98, 99, 100, 101, 104, 105, 108, 111, 114, 119, 122, 123, 124, 126, 129, 130, 134, 138, 139, 140, 145, 146, 147, 148, 150, 153, 155, 354, 373, 213, 284, 249, 298, 131, 192, 362, 389, 329, 8, 76, 22, 350, 235, 197, 149, 75, 190, 323, 222, 56, 228, 210, 54, 314, 368, 183, 290, 390, 351, 49, 374, 156, 394, 400, 71, 336, 392, 233, 27, 277, 285, 283, 295, 334, 220, 158, 388, 366, 223, 384, 13, 241, 209, 133, 118, 72, 12, 67, 333, 212, 59, 247, 345, 26, 369, 279, 282, 291, 206, 356, 276, 188, 116, 202, 307, 234, 262, 248, 359, 391, 271, 311, 317, 268, 18, 382, 227, 316, 363, 319, 261, 364, 28, 216, 193, 324, 258, 327, 168, 278, 267, 215, 321, 113, 375, 31, 256, 204, 226, 281, 342, 325, 199, 257, 236, 230, 176, 313, 203, 332, 245, 137, 128, 320, 379, 348, 231, 219, 110, 37, 224, 393, 306, 286, 207, 377, 87, 83, 185, 152, 177, 272, 383, 120, 53, 142, 240, 293, 179, 45, 55, 304, 360, 259, 367, 127, 335, 86, 4, 70, 292, 51, 330, 322, 163, 347, 358, 112, 395, 60, 19, 187, 159, 252, 77, 309, 310, 132, 157, 238, 195, 5, 396, 64, 91, 165, 170, 171, 172, 175, 180, 181, 189, 194, 198, 201, 217, 218, 225, 229, 232, 244, 246, 260, 264, 289, 300, 315, 337, 338, 339, 346, 352, 371, 385, 386, 397]
x_163: [1, 3, 4, 5, 7, 9, 10, 13, 15, 17, 21, 24, 25, 27, 31, 35, 38, 39, 46, 53, 54, 63, 66, 68, 74, 76, 78, 79, 82, 86, 89, 90, 91, 93, 94, 95, 98, 100, 101, 103, 111, 113, 115, 121, 122, 123, 124, 126, 129, 131, 136, 137, 144, 148, 150, 153, 154, 158, 161, 162, 33, 372, 222, 378, 268, 243, 400, 341, 304, 67, 170, 265, 353, 298, 20, 106, 301, 80, 92, 191, 328, 213, 342, 99, 331, 232, 321, 197, 193, 320, 270, 135, 226, 70, 250, 37, 224, 363, 319, 145, 376, 180, 132, 389, 112, 96, 64, 200, 105, 188, 14, 327, 36, 256, 352, 370, 397, 164, 169, 171, 173, 174, 175, 194, 202, 204, 208, 209, 216, 218, 219, 227, 229, 231, 234, 235, 240, 245, 246, 249, 254, 255, 257, 259, 261, 264, 273, 276, 277, 279, 280, 284, 286, 290, 292, 297, 313, 315, 323, 332, 333, 334, 336, 337, 340, 343, 345, 346, 348, 351, 354, 358, 367, 377, 379, 383, 386, 387, 388, 391, 392]
x_164: [3, 5, 15, 16, 17, 24, 25, 29, 31, 37, 41, 55, 60, 61, 66, 68, 70, 71, 74, 79, 81, 82, 83, 84, 88, 90, 93, 94, 97, 100, 101, 105, 107, 108, 110, 115, 119, 120, 122, 123, 126, 128, 131, 134, 136, 137, 140, 142, 155, 156, 158, 161, 177, 275, 28, 34, 124, 300, 340, 378, 333, 58, 382, 388, 163, 197, 80, 175, 220, 231, 284, 165, 168, 169, 170, 171, 172, 173, 180, 189, 194, 195, 196, 204, 207, 210, 213, 216, 217, 221, 223, 230, 232, 234, 235, 238, 240, 241, 243, 245, 248, 250, 253, 254, 255, 260, 262, 274, 279, 281, 285, 286, 289, 292, 299, 306, 308, 310, 311, 317, 319, 321, 323, 327, 329, 332, 334, 336, 337, 338, 339, 341, 348, 352, 357, 359, 361, 362, 366, 367, 370, 373, 376, 377, 383, 384, 386, 389, 392, 397, 398, 400]
x_165: [2, 3, 4, 7, 16, 17, 18, 19, 21, 27, 37, 38, 39, 46, 53, 58, 59, 65, 68, 70, 71, 72, 73, 74, 75, 79, 81, 83, 84, 87, 88, 90, 93, 94, 95, 97, 100, 101, 103, 107, 108, 113, 115, 120, 123, 126, 129, 130, 131, 132, 134, 140, 144, 150, 156, 325, 367, 135, 304, 339, 261, 213, 179, 127, 222, 190, 387, 26, 89, 162, 172, 290, 174, 35, 292, 318, 192, 41, 229, 204, 252, 157, 185, 362, 363, 316, 217, 193, 305, 145, 314, 249, 211, 355, 240, 50, 271, 102, 60, 374, 315, 160, 86, 196, 205, 220, 345, 269, 279, 262, 309, 125, 311, 164, 110, 34, 169, 170, 171, 181, 187, 194, 195, 197, 200, 201, 202, 206, 207, 209, 210, 219, 227, 230, 231, 233, 236, 238, 243, 244, 246, 247, 248, 253, 254, 255, 257, 258, 260, 272, 284, 286, 291, 293, 297, 301, 306, 310, 313, 317, 327, 328, 329, 330, 332, 333, 337, 340, 342, 343, 346, 347, 352, 354, 356, 358, 359, 366, 368, 369, 372, 373, 375, 376, 377, 378, 382, 383, 384, 386, 389, 391, 392, 400]
x_166: [4, 15, 16, 17, 21, 25, 27, 28, 31, 38, 40, 46, 56, 58, 60, 63, 64, 66, 68, 70, 75, 84, 86, 89, 90, 93, 94, 98, 100, 103, 104, 110, 111, 113, 115, 116, 119, 122, 123, 125, 127, 129, 130, 131, 132, 134, 140, 145, 146, 147, 148, 150, 151, 153, 154, 382, 186, 50, 353, 298, 266, 82, 67, 195, 319, 222, 206, 220, 314, 218, 190, 361, 225, 279, 310, 364, 256, 354, 92, 327, 22, 51, 264, 311, 282, 330, 255, 181, 39, 53, 224, 329, 369, 29, 370, 54, 20, 73, 188, 360, 261, 106, 362, 378, 263, 234, 191, 306, 208, 202, 124, 61, 293, 368, 3, 240, 88, 169, 171, 173, 175, 176, 185, 189, 193, 200, 205, 209, 223, 226, 227, 229, 230, 232, 235, 236, 239, 241, 243, 244, 246, 248, 249, 251, 252, 253, 257, 258, 269, 276, 281, 283, 286, 290, 296, 301, 303, 304, 312, 315, 317, 324, 328, 331, 332, 334, 338, 343, 345, 347, 348, 352, 356, 357, 359, 377, 379, 381, 384, 385, 386, 388, 389, 391, 392, 397, 400]
x_167: [2, 3, 5, 7, 10, 11, 12, 14, 17, 18, 20, 22, 25, 29, 31, 35, 37, 39, 48, 50, 54, 57, 61, 70, 73, 75, 82, 83, 89, 90, 91, 97, 98, 99, 100, 101, 103, 104, 105, 107, 113, 115, 119, 122, 131, 132, 134, 141, 144, 145, 146, 147, 148, 150, 152, 153, 379, 64, 334, 347, 215, 198, 183, 225, 80, 343, 169, 298, 258, 226, 307, 212, 211, 191, 292, 95, 313, 72, 273, 333, 172, 125, 46, 59, 56, 374, 168, 170, 171, 174, 175, 176, 177, 181, 189, 190, 193, 202, 209, 210, 220, 229, 230, 234, 235, 236, 241, 244, 249, 252, 255, 257, 259, 260, 264, 269, 275, 281, 283, 286, 289, 296, 300, 301, 303, 304, 305, 308, 314, 315, 319, 325, 329, 332, 336, 338, 339, 340, 341, 344, 345, 350, 353, 357, 362, 367, 370, 373, 376, 378, 383, 384, 385, 387, 389, 391, 392, 397, 400]
x_168: [2, 3, 5, 7, 14, 15, 16, 21, 26, 30, 32, 35, 38, 39, 40, 43, 44, 47, 49, 53, 54, 57, 66, 68, 70, 75, 80, 81, 82, 86, 87, 88, 90, 93, 97, 98, 100, 104, 110, 111, 113, 121, 123, 128, 129, 131, 132, 134, 140, 145, 147, 148, 150, 152, 161, 162, 170, 218, 321, 229, 52, 365, 393, 241, 65, 137, 378, 240, 200, 308, 275, 141, 258, 223, 220, 58, 354, 255, 302, 373, 270, 221, 120, 293, 390, 188, 298, 342, 344, 102, 338, 78, 385, 225, 290, 380, 118, 209, 189, 300, 352, 309, 235, 330, 281, 233, 33, 307, 85, 312, 109, 247, 253, 242, 353, 304, 333, 107, 306, 205, 96, 69, 295, 222, 276, 376, 73, 4, 375, 203, 287, 274, 254, 62, 339, 106, 36, 332, 263, 297, 383, 318, 64, 316, 314, 208, 296, 273, 158, 89, 259, 138, 248, 149, 59, 136, 28, 228, 285, 60, 185, 388, 280, 370, 79, 236, 202, 322, 283, 400, 1, 190, 395, 350, 224, 328, 288, 23, 356, 278, 167, 269, 249, 95, 266, 238, 55, 358, 27, 227, 303, 160, 76, 377, 12, 178, 45, 116, 144, 164, 186, 139, 313, 11, 331, 335, 63, 381, 396, 184, 211, 268, 371, 323, 41, 46, 215, 237, 315, 179, 154, 130, 364, 115, 232, 51, 267, 329, 17, 257, 24, 155, 207, 127, 231, 151, 346, 337, 347, 345, 305, 94, 239, 174, 169, 171, 172, 175, 180, 191, 193, 194, 196, 199, 201, 204, 217, 226, 230, 234, 246, 260, 261, 264, 271, 272, 284, 294, 299, 301, 310, 311, 317, 325, 334, 336, 340, 343, 348, 359, 367, 374, 382, 384, 386, 387, 389, 391, 397]
x_169: [4, 5, 7, 9, 12, 16, 17, 25, 26, 29, 30, 35, 41, 53, 54, 57, 58, 64, 69, 72, 73, 80, 81, 84, 85, 90, 95, 98, 101, 105, 108, 109, 111, 115, 116, 119, 122, 124, 130, 131, 132, 134, 140, 144, 146, 147, 150, 151, 153, 154, 157, 158, 167, 164, 276, 178, 138, 59, 327, 277, 259, 86, 199, 47, 283, 181, 170, 221, 349, 353, 205, 23, 363, 237, 88, 348, 67, 300, 74, 332, 175, 387, 49, 216, 297, 292, 120, 270, 143, 166, 278, 267, 319, 247, 287, 285, 340, 37, 89, 390, 51, 391, 198, 36, 286, 374, 40, 110, 254, 255, 168, 184, 381, 32, 284, 328, 245, 179, 66, 135, 155, 306, 2, 21, 351, 197, 235, 369, 100, 325, 359, 320, 113, 46, 104, 382, 19, 44, 282, 79, 211, 112, 280, 200, 233, 274, 268, 258, 253, 93, 190, 172, 34, 263, 229, 22, 45, 295, 176, 331, 65, 298, 264, 393, 152, 102, 281, 234, 248, 20, 82, 291, 261, 260, 94, 343, 127, 239, 249, 250, 396, 384, 192, 24, 142, 173, 133, 139, 189, 307, 224, 275, 11, 50, 341, 128, 269, 386, 137, 244, 136, 161, 365, 56, 118, 397, 296, 76, 39, 78, 6, 1, 202, 149, 121, 330, 345, 212, 344, 302, 203, 214, 389, 288, 400, 289, 304, 38, 398, 241, 362, 180, 156, 61, 163, 165, 171, 188, 191, 193, 194, 207, 210, 220, 227, 231, 236, 238, 243, 252, 257, 265, 272, 290, 305, 311, 313, 315, 317, 321, 334, 335, 336, 346, 350, 352, 354, 357, 361, 366, 367, 370, 378, 379, 385, 392]
x_170: [2, 4, 5, 14, 16, 17, 24, 29, 31, 35, 37, 38, 40, 46, 47, 53, 56, 57, 59, 63, 66, 68, 69, 70, 73, 74, 79, 81, 84, 87, 93, 94, 95, 97, 98, 102, 109, 113, 115, 119, 122, 123, 126, 127, 129, 132, 133, 134, 140, 142, 144, 145, 146, 147, 149, 152, 153, 154, 157, 158, 161, 163, 168, 169, 223, 393, 71, 174, 36, 1, 159, 395, 62, 242, 263, 220, 49, 164, 244, 141, 347, 131, 339, 390, 337, 261, 330, 254, 12, 282, 310, 323, 361, 380, 329, 246, 77, 101, 224, 343, 55, 285, 211, 165, 22, 188, 176, 9, 368, 346, 20, 130, 389, 192, 202, 332, 210, 296, 295, 288, 364, 357, 354, 208, 373, 268, 27, 48, 326, 61, 386, 172, 338, 270, 128, 121, 76, 362, 82, 88, 279, 143, 385, 267, 363, 341, 391, 376, 247, 340, 86, 399, 231, 137, 356, 179, 258, 335, 305, 26, 308, 227, 264, 334, 117, 302, 162, 215, 280, 372, 39, 272, 99, 221, 219, 45, 218, 67, 366, 235, 358, 278, 65, 124, 290, 287, 18, 225, 167, 8, 345, 240, 112, 160, 19, 297, 317, 371, 187, 250, 321, 80, 318, 265, 197, 348, 116, 30, 312, 328, 21, 194, 239, 360, 13, 209, 150, 237, 103, 171, 180, 185, 186, 190, 191, 196, 198, 201, 204, 207, 217, 229, 233, 234, 238, 248, 255, 260, 269, 277, 281, 284, 286, 289, 292, 293, 294, 298, 303, 306, 314, 331, 333, 336, 344, 350, 352, 353, 370, 374, 377, 381, 382, 383, 392, 396, 397, 400]
x_171: [1, 3, 4, 10, 13, 17, 20, 27, 29, 30, 31, 36, 38, 39, 40, 41, 45, 46, 48, 53, 58, 63, 66, 68, 73, 74, 81, 83, 87, 88, 99, 100, 101, 102, 105, 107, 109, 120, 122, 123, 124, 127, 129, 131, 144, 146, 150, 151, 152, 157, 161, 96, 304, 282, 311, 19, 273, 264, 18, 209, 226, 208, 299, 149, 164, 11, 118, 247, 283, 67, 334, 356, 85, 139, 198, 390, 37, 255, 110, 376, 234, 179, 254, 200, 77, 162, 294, 43, 15, 381, 352, 227, 193, 296, 195, 303, 284, 336, 189, 391, 331, 370, 327, 72, 154, 333, 307, 280, 319, 229, 69, 205, 261, 262, 354, 169, 318, 176, 166, 263, 364, 397, 178, 80, 84, 34, 240, 351, 316, 301, 393, 12, 379, 266, 117, 121, 42, 329, 25, 60, 373, 54, 236, 330, 277, 323, 165, 32, 286, 368, 305, 395, 353, 106, 371, 238, 349, 182, 248, 260, 93, 51, 317, 348, 253, 326, 398, 92, 62, 136, 257, 324, 343, 246, 392, 332, 97, 265, 312, 28, 225, 184, 155, 167, 187, 140, 396, 174, 275, 170, 244, 386, 180, 237, 357, 95, 310, 98, 143, 308, 75, 321, 272, 359, 128, 239, 138, 382, 245, 163, 134, 52, 232, 186, 14, 337, 243, 2, 366, 168, 218, 103, 346, 369, 188, 137, 175, 82, 6, 302, 132, 204, 7, 65, 201, 21, 156, 360, 70, 78, 33, 340, 172, 181, 185, 190, 192, 194, 197, 203, 207, 210, 216, 223, 224, 228, 230, 231, 233, 241, 251, 252, 258, 259, 269, 270, 276, 279, 281, 292, 293, 300, 313, 320, 328, 339, 350, 361, 362, 374, 384, 385, 388, 400]
x_172: [3, 6, 8, 9, 10, 11, 12, 14, 16, 22, 27, 37, 43, 53, 58, 60, 68, 70, 74, 78, 79, 81, 83, 87, 93, 94, 95, 98, 99, 101, 102, 103, 104, 111, 113, 115, 119, 122, 126, 129, 130, 131, 144, 147, 148, 150, 151, 152, 153, 154, 156, 157, 165, 167, 169, 170, 155, 1, 377, 396, 39, 230, 91, 50, 389, 299, 92, 162, 277, 291, 304, 28, 329, 192, 289, 335, 305, 379, 46, 221, 137, 375, 47, 164, 229, 298, 308, 69, 114, 350, 56, 217, 219, 383, 307, 146, 266, 243, 325, 21, 317, 198, 309, 256, 333, 334, 234, 286, 387, 196, 264, 392, 313, 400, 351, 301, 268, 326, 267, 273, 284, 367, 235, 388, 272, 65, 2, 254, 364, 381, 32, 35, 24, 200, 233, 378, 202, 41, 316, 55, 315, 168, 191, 199, 18, 17, 107, 90, 278, 391, 26, 15, 145, 110, 88, 62, 31, 112, 372, 96, 276, 181, 348, 225, 263, 29, 275, 398, 63, 246, 285, 288, 320, 244, 279, 312, 30, 73, 324, 176, 19, 295, 282, 179, 80, 376, 77, 365, 342, 353, 51, 67, 82, 193, 182, 171, 76, 215, 245, 206, 89, 310, 48, 384, 106, 149, 228, 175, 177, 185, 189, 194, 195, 201, 209, 210, 213, 220, 223, 232, 236, 238, 242, 247, 250, 251, 255, 259, 260, 261, 262, 283, 294, 297, 300, 303, 311, 314, 327, 328, 336, 340, 341, 343, 344, 347, 352, 368, 369, 370, 386, 394]
x_173: [3, 4, 6, 10, 16, 21, 24, 27, 28, 31, 38, 39, 40, 41, 53, 54, 57, 58, 59, 62, 66, 74, 76, 84, 88, 90, 91, 93, 95, 97, 98, 99, 100, 101, 103, 104, 107, 108, 109, 111, 113, 116, 120, 123, 124, 142, 150, 151, 152, 153, 154, 157, 169, 339, 244, 297, 96, 348, 389, 136, 225, 122, 208, 334, 258, 355, 360, 117, 367, 253, 307, 13, 164, 126, 135, 37, 298, 349, 199, 51, 166, 362, 317, 48, 42, 291, 261, 323, 61, 310, 237, 293, 399, 262, 318, 350, 198, 336, 68, 365, 127, 255, 358, 192, 249, 232, 174, 189, 160, 276, 176, 204, 371, 81, 196, 190, 304, 200, 147, 368, 388, 372, 218, 155, 110, 390, 333, 201, 341, 285, 2, 212, 63, 143, 278, 378, 70, 260, 148, 12, 82, 377, 158, 266, 328, 396, 185, 309, 386, 227, 271, 5, 43, 132, 194, 352, 206, 77, 35, 376, 290, 222, 312, 354, 275, 163, 128, 33, 36, 364, 283, 177, 345, 215, 327, 69, 56, 387, 217, 274, 102, 71, 178, 45, 331, 67, 140, 46, 149, 19, 383, 145, 78, 239, 144, 381, 131, 72, 295, 373, 286, 306, 224, 270, 288, 359, 303, 287, 180, 195, 197, 202, 210, 211, 213, 216, 230, 231, 236, 238, 241, 242, 245, 247, 248, 259, 264, 268, 269, 277, 279, 289, 292, 294, 308, 313, 319, 324, 325, 337, 338, 344, 346, 357, 361, 374, 379, 384, 385, 391, 392, 397, 400]
x_174: [2, 3, 4, 5, 7, 11, 12, 13, 15, 22, 24, 25, 26, 29, 31, 38, 40, 44, 45, 46, 52, 54, 55, 58, 66, 70, 73, 74, 75, 79, 81, 85, 94, 95, 98, 100, 103, 104, 106, 110, 113, 117, 118, 124, 127, 129, 131, 133, 140, 146, 149, 153, 156, 161, 165, 168, 170, 171, 173, 217, 398, 211, 377, 243, 368, 160, 307, 268, 150, 80, 97, 190, 141, 255, 207, 345, 302, 289, 321, 258, 201, 6, 276, 197, 267, 311, 282, 228, 163, 9, 239, 1, 386, 215, 8, 385, 364, 159, 175, 196, 335, 202, 244, 286, 213, 20, 96, 263, 373, 359, 61, 293, 123, 348, 206, 193, 249, 343, 397, 89, 285, 72, 360, 361, 214, 158, 167, 341, 315, 372, 147, 357, 128, 37, 223, 195, 278, 280, 67, 35, 130, 352, 189, 392, 221, 309, 204, 209, 350, 256, 331, 34, 86, 391, 254, 99, 16, 292, 216, 349, 235, 59, 330, 199, 396, 187, 317, 296, 82, 47, 252, 327, 176, 179, 180, 185, 194, 198, 218, 220, 224, 226, 231, 234, 241, 245, 247, 248, 251, 253, 257, 261, 264, 265, 272, 277, 287, 290, 299, 300, 305, 306, 308, 316, 319, 329, 334, 336, 337, 340, 342, 344, 347, 351, 356, 358, 365, 370, 374, 378, 381, 383, 387, 389]
x_175: [3, 5, 7, 9, 10, 12, 16, 17, 25, 27, 30, 39, 42, 43, 54, 55, 71, 73, 74, 82, 83, 84, 87, 88, 91, 94, 95, 98, 100, 101, 103, 104, 107, 109, 111, 116, 119, 123, 125, 129, 134, 140, 144, 146, 147, 150, 151, 153, 157, 158, 161, 164, 169, 171, 174, 348, 297, 65, 249, 36, 199, 288, 29, 23, 278, 233, 283, 229, 162, 80, 138, 318, 304, 284, 115, 178, 90, 181, 2, 263, 216, 118, 31, 56, 356, 220, 28, 273, 332, 326, 315, 296, 26, 299, 52, 106, 60, 338, 240, 163, 380, 63, 114, 347, 231, 243, 210, 323, 34, 6, 176, 374, 72, 120, 194, 93, 135, 168, 102, 18, 205, 131, 345, 78, 21, 50, 355, 308, 47, 38, 40, 276, 359, 19, 197, 24, 360, 191, 400, 4, 378, 70, 99, 177, 61, 223, 291, 387, 105, 260, 279, 1, 302, 324, 148, 254, 379, 335, 250, 160, 49, 113, 274, 112, 330, 267, 189, 370, 346, 59, 196, 156, 365, 358, 211, 290, 337, 92, 287, 270, 373, 152, 307, 228, 13, 397, 334, 265, 381, 127, 37, 253, 286, 172, 206, 261, 67, 11, 128, 251, 221, 329, 343, 200, 179, 212, 388, 255, 382, 353, 124, 77, 166, 217, 207, 57, 192, 81, 187, 371, 289, 257, 79, 133, 258, 328, 368, 8, 141, 122, 167, 292, 312, 85, 241, 351, 238, 311, 180, 195, 201, 202, 208, 218, 224, 227, 230, 235, 236, 244, 245, 246, 248, 252, 256, 259, 272, 281, 294, 301, 303, 305, 310, 313, 317, 319, 327, 333, 336, 340, 342, 344, 354, 361, 366, 367, 369, 372, 389, 390, 391, 392]
x_176: [2, 4, 9, 11, 13, 14, 15, 17, 18, 24, 25, 26, 38, 40, 44, 46, 49, 55, 57, 59, 64, 72, 74, 77, 83, 87, 90, 94, 97, 103, 104, 105, 106, 107, 111, 115, 119, 120, 122, 123, 126, 132, 134, 145, 146, 147, 148, 153, 157, 161, 162, 169, 170, 171, 172, 173, 175, 227, 330, 326, 159, 366, 206, 151, 379, 34, 346, 316, 187, 348, 230, 127, 250, 262, 203, 76, 375, 196, 226, 307, 73, 47, 174, 395, 184, 324, 138, 130, 144, 140, 246, 327, 204, 200, 181, 93, 272, 342, 21, 96, 67, 300, 247, 135, 70, 65, 277, 185, 245, 344, 314, 66, 179, 141, 306, 22, 210, 383, 6, 167, 355, 128, 92, 239, 45, 319, 27, 381, 137, 152, 235, 298, 251, 215, 290, 88, 201, 321, 139, 166, 322, 263, 241, 177, 391, 343, 182, 142, 20, 334, 312, 242, 372, 243, 358, 205, 63, 397, 400, 95, 10, 340, 112, 189, 254, 281, 75, 195, 261, 323, 86, 297, 317, 349, 136, 234, 350, 374, 347, 222, 1, 180, 183, 190, 193, 197, 202, 207, 211, 216, 217, 220, 223, 224, 229, 231, 232, 240, 248, 252, 253, 255, 258, 260, 264, 274, 279, 289, 291, 292, 294, 301, 304, 315, 325, 328, 331, 333, 335, 336, 337, 339, 356, 362, 364, 373, 376, 378, 384, 385, 386, 389, 392]
x_177: [1, 2, 5, 14, 17, 22, 25, 27, 31, 36, 37, 41, 43, 46, 49, 53, 57, 58, 68, 70, 73, 74, 79, 81, 82, 84, 87, 90, 95, 96, 97, 98, 99, 101, 107, 109, 110, 111, 113, 115, 116, 119, 120, 122, 123, 126, 129, 130, 131, 132, 140, 144, 147, 148, 153, 157, 158, 162, 164, 173, 175, 176, 134, 100, 304, 379, 346, 335, 257, 83, 13, 398, 254, 33, 151, 146, 182, 215, 104, 386, 363, 320, 66, 225, 200, 92, 8, 78, 297, 112, 330, 244, 365, 247, 189, 384, 210, 291, 183, 354, 220, 26, 155, 292, 52, 205, 172, 86, 39, 378, 138, 333, 294, 290, 121, 56, 42, 383, 35, 229, 103, 167, 326, 305, 340, 216, 376, 63, 188, 270, 306, 265, 336, 94, 180, 300, 261, 350, 185, 191, 194, 197, 203, 204, 211, 218, 227, 232, 234, 240, 243, 249, 251, 252, 255, 258, 260, 268, 307, 308, 313, 314, 315, 323, 327, 328, 329, 332, 334, 337, 339, 341, 343, 345, 347, 348, 351, 352, 360, 370, 372, 373, 374, 391, 392, 399]
x_178: [2, 6, 7, 9, 20, 24, 25, 26, 28, 29, 30, 31, 39, 40, 43, 46, 47, 49, 53, 61, 66, 68, 70, 74, 81, 82, 84, 88, 91, 93, 94, 95, 98, 100, 101, 103, 104, 109, 111, 113, 115, 116, 120, 124, 126, 129, 131, 134, 136, 138, 141, 144, 145, 146, 151, 152, 154, 156, 157, 161, 168, 169, 171, 173, 175, 272, 160, 332, 48, 221, 12, 179, 181, 189, 190, 191, 192, 193, 194, 195, 200, 202, 209, 213, 216, 220, 224, 229, 231, 234, 235, 239, 240, 243, 251, 252, 253, 257, 260, 261, 262, 264, 268, 274, 280, 282, 283, 284, 285, 286, 287, 289, 292, 294, 301, 303, 306, 317, 329, 330, 331, 333, 334, 337, 339, 345, 346, 348, 350, 351, 352, 354, 358, 360, 367, 374, 377, 378, 381, 384, 385, 386, 390, 392, 400]
x_179: [3, 4, 10, 15, 16, 17, 21, 24, 25, 35, 40, 41, 45, 46, 54, 57, 58, 68, 70, 78, 81, 83, 84, 87, 89, 90, 95, 97, 99, 100, 101, 105, 109, 110, 111, 113, 116, 120, 125, 126, 127, 129, 130, 132, 136, 140, 141, 144, 145, 153, 157, 161, 162, 165, 168, 169, 170, 171, 172, 175, 176, 371, 320, 368, 261, 309, 313, 251, 118, 289, 293, 278, 343, 174, 178, 366, 123, 364, 133, 358, 142, 372, 47, 210, 269, 190, 115, 61, 195, 339, 322, 398, 290, 400, 360, 183, 185, 192, 194, 199, 200, 202, 208, 209, 211, 216, 219, 220, 223, 231, 233, 234, 236, 238, 240, 242, 243, 244, 246, 247, 248, 252, 253, 254, 256, 257, 260, 264, 268, 275, 277, 279, 291, 296, 300, 301, 303, 306, 308, 310, 312, 314, 321, 323, 325, 327, 332, 333, 335, 337, 340, 345, 346, 347, 348, 352, 354, 362, 365, 370, 373, 375, 376, 383, 384, 386, 387, 389, 392, 397]
x_180: [4, 5, 14, 16, 17, 22, 25, 29, 31, 35, 37, 38, 39, 40, 41, 54, 55, 57, 60, 66, 70, 71, 73, 79, 81, 83, 84, 87, 88, 89, 90, 91, 94, 98, 102, 103, 105, 107, 108, 110, 114, 119, 123, 125, 133, 134, 146, 152, 153, 157, 163, 169, 171, 177, 143, 269, 325, 131, 191, 339, 2, 365, 347, 301, 373, 388, 381, 164, 100, 159, 104, 258, 162, 208, 154, 86, 214, 368, 254, 334, 256, 209, 170, 185, 151, 324, 135, 128, 69, 228, 76, 212, 173, 364, 213, 147, 273, 217, 61, 294, 192, 321, 174, 248, 342, 161, 12, 53, 184, 6, 395, 276, 237, 145, 327, 298, 181, 323, 330, 278, 47, 168, 193, 296, 307, 240, 106, 286, 314, 175, 305, 21, 392, 109, 379, 268, 234, 300, 288, 203, 272, 372, 335, 189, 190, 319, 331, 1, 363, 8, 333, 199, 271, 52, 344, 26, 400, 283, 222, 32, 206, 148, 279, 50, 309, 289, 43, 376, 112, 33, 142, 291, 359, 141, 302, 262, 343, 338, 394, 274, 350, 92, 176, 13, 326, 96, 246, 375, 51, 204, 266, 259, 194, 195, 197, 200, 201, 202, 207, 210, 218, 219, 221, 229, 231, 233, 241, 242, 243, 245, 252, 253, 255, 257, 260, 261, 264, 265, 270, 277, 284, 290, 292, 293, 297, 299, 313, 318, 328, 345, 346, 352, 353, 356, 357, 358, 361, 366, 374, 382, 383, 386, 387, 389, 391]
x_181: [2, 5, 6, 7, 10, 14, 15, 16, 18, 21, 24, 25, 26, 29, 30, 35, 40, 41, 43, 44, 50, 51, 54, 55, 56, 57, 58, 64, 66, 71, 81, 84, 85, 86, 87, 88, 89, 93, 99, 100, 101, 103, 104, 113, 115, 119, 124, 126, 127, 129, 130, 131, 134, 136, 139, 140, 146, 147, 148, 150, 153, 155, 161, 166, 169, 172, 175, 176, 180, 313, 283, 178, 380, 75, 162, 370, 200, 80, 241, 285, 183, 158, 61, 389, 111, 394, 278, 160, 322, 376, 165, 198, 314, 303, 204, 377, 262, 357, 78, 69, 237, 397, 306, 332, 112, 171, 210, 152, 272, 145, 219, 107, 323, 291, 374, 143, 390, 79, 302, 142, 156, 159, 216, 167, 82, 42, 274, 184, 189, 196, 199, 201, 202, 205, 206, 209, 220, 221, 226, 230, 232, 233, 234, 236, 243, 249, 253, 254, 255, 259, 261, 265, 276, 277, 279, 280, 281, 293, 294, 299, 300, 301, 304, 308, 310, 311, 315, 316, 318, 321, 327, 328, 329, 330, 334, 336, 340, 342, 344, 345, 346, 348, 350, 352, 356, 358, 359, 362, 364, 365, 366, 367, 369, 372, 373, 378, 383, 385]
x_182: [3, 4, 6, 11, 15, 18, 20, 21, 27, 29, 31, 35, 51, 53, 54, 56, 57, 59, 70, 71, 73, 74, 79, 81, 82, 83, 93, 95, 99, 108, 110, 111, 120, 122, 123, 127, 129, 134, 137, 139, 140, 144, 145, 152, 171, 172, 176, 177, 41, 255, 195, 312, 372, 105, 77, 88, 101, 327, 342, 150, 191, 350, 119, 253, 185, 187, 194, 198, 199, 200, 202, 206, 207, 208, 209, 211, 220, 221, 229, 230, 234, 238, 240, 241, 243, 247, 249, 251, 254, 257, 259, 260, 262, 264, 268, 269, 272, 276, 277, 278, 280, 281, 285, 286, 289, 292, 298, 300, 303, 306, 308, 311, 326, 328, 329, 332, 334, 337, 344, 346, 349, 352, 354, 356, 357, 359, 361, 362, 363, 366, 367, 378, 381, 382, 386, 388, 389, 391, 392, 394, 397, 400]
x_183: [2, 3, 4, 9, 10, 12, 14, 15, 16, 22, 24, 27, 28, 29, 30, 35, 38, 40, 43, 46, 51, 53, 54, 55, 57, 72, 74, 75, 79, 81, 84, 86, 90, 95, 97, 100, 101, 103, 104, 105, 107, 109, 115, 119, 124, 126, 129, 131, 134, 140, 144, 146, 148, 151, 152, 153, 161, 162, 167, 177, 181, 156, 211, 77, 247, 267, 274, 257, 329, 323, 244, 88, 311, 228, 176, 216, 305, 194, 376, 179, 308, 304, 276, 259, 98, 339, 192, 39, 52, 205, 149, 293, 133, 189, 190, 191, 195, 197, 199, 200, 202, 204, 209, 210, 217, 218, 219, 225, 230, 231, 232, 233, 236, 239, 243, 245, 246, 248, 249, 251, 252, 254, 255, 258, 260, 262, 268, 269, 272, 273, 280, 286, 289, 292, 297, 314, 321, 324, 325, 327, 328, 332, 333, 334, 335, 336, 338, 340, 341, 344, 345, 346, 350, 351, 354, 356, 358, 359, 360, 363, 370, 374, 377, 378, 379, 381, 385, 387, 388, 389, 391, 392, 397]
x_184: [3, 9, 17, 20, 24, 25, 29, 31, 37, 38, 40, 46, 51, 53, 57, 59, 60, 61, 66, 68, 70, 75, 79, 86, 87, 90, 95, 97, 98, 110, 111, 113, 114, 116, 119, 120, 123, 124, 126, 127, 128, 129, 131, 132, 148, 150, 153, 157, 159, 160, 168, 169, 171, 176, 180, 141, 130, 67, 348, 181, 272, 311, 349, 81, 290, 262, 337, 121, 5, 232, 368, 155, 32, 380, 188, 103, 191, 80, 118, 381, 394, 234, 236, 295, 363, 39, 387, 156, 96, 93, 366, 235, 268, 313, 377, 189, 367, 245, 355, 246, 44, 117, 105, 361, 41, 220, 226, 36, 305, 23, 325, 137, 270, 91, 277, 146, 314, 84, 283, 400, 302, 255, 194, 242, 185, 186, 193, 197, 198, 200, 201, 202, 203, 204, 205, 211, 215, 219, 229, 231, 240, 243, 244, 247, 248, 251, 252, 253, 254, 257, 258, 259, 261, 264, 275, 279, 284, 289, 292, 293, 294, 297, 308, 312, 316, 317, 321, 323, 327, 328, 330, 335, 336, 339, 346, 351, 352, 354, 364, 365, 373, 374, 375, 376, 379, 382, 384, 385, 386, 397]
x_185: [3, 4, 10, 11, 13, 15, 17, 18, 29, 30, 35, 39, 41, 46, 52, 53, 55, 57, 58, 70, 73, 75, 79, 82, 84, 87, 88, 91, 94, 95, 97, 98, 99, 100, 103, 104, 106, 115, 120, 122, 123, 127, 130, 134, 137, 144, 148, 153, 161, 162, 165, 168, 173, 176, 180, 281, 355, 174, 59, 116, 319, 40, 353, 389, 177, 157, 111, 237, 1, 365, 320, 399, 36, 249, 197, 8, 208, 171, 182, 261, 125, 149, 166, 392, 206, 121, 256, 350, 93, 117, 212, 96, 388, 216, 346, 393, 207, 136, 209, 363, 380, 290, 336, 113, 143, 69, 326, 210, 263, 259, 26, 44, 83, 334, 298, 313, 275, 218, 299, 356, 51, 300, 27, 227, 243, 77, 102, 23, 56, 362, 284, 390, 65, 396, 352, 114, 131, 314, 20, 318, 241, 66, 68, 50, 42, 25, 276, 54, 361, 375, 269, 85, 296, 37, 270, 238, 273, 110, 329, 141, 301, 38, 255, 72, 292, 297, 274, 226, 289, 28, 107, 108, 304, 89, 323, 371, 86, 338, 260, 267, 240, 14, 196, 152, 154, 189, 291, 19, 213, 186, 316, 193, 187, 231, 258, 364, 60, 219, 43, 322, 262, 302, 282, 31, 288, 2, 312, 287, 373, 271, 357, 229, 358, 140, 242, 372, 266, 200, 279, 244, 179, 109, 194, 306, 370, 330, 133, 394, 63, 172, 92, 280, 24, 308, 385, 191, 214, 5, 234, 379, 126, 232, 184, 236, 233, 170, 48, 190, 205, 220, 223, 245, 247, 248, 251, 253, 254, 257, 264, 272, 283, 286, 294, 305, 310, 311, 315, 324, 325, 328, 332, 333, 335, 339, 340, 342, 343, 348, 349, 354, 359, 360, 366, 369, 378, 383, 386, 387, 391, 397]
x_186: [5, 7, 8, 15, 17, 27, 30, 31, 35, 40, 43, 46, 55, 56, 57, 63, 68, 70, 73, 74, 75, 79, 81, 84, 87, 88, 90, 91, 95, 98, 100, 101, 103, 104, 105, 108, 115, 119, 120, 122, 125, 126, 129, 130, 131, 132, 134, 140, 145, 147, 151, 153, 154, 155, 157, 166, 168, 171, 185, 207, 296, 301, 11, 150, 247, 279, 59, 138, 377, 367, 258, 37, 21, 102, 285, 370, 212, 89, 240, 302, 12, 356, 193, 397, 42, 312, 211, 347, 386, 253, 375, 263, 250, 257, 184, 382, 19, 326, 233, 220, 170, 66, 310, 264, 241, 206, 116, 192, 321, 188, 189, 190, 195, 200, 201, 204, 209, 216, 219, 221, 224, 226, 230, 231, 242, 244, 248, 249, 251, 254, 259, 260, 261, 268, 272, 277, 284, 286, 290, 292, 304, 306, 308, 313, 314, 317, 322, 329, 330, 332, 334, 335, 339, 340, 342, 344, 345, 346, 348, 352, 353, 359, 361, 362, 373, 376, 378, 384, 387, 389]
x_187: [2, 3, 5, 8, 11, 14, 16, 17, 31, 35, 36, 37, 38, 40, 51, 54, 57, 61, 66, 68, 71, 74, 80, 84, 94, 95, 97, 98, 99, 101, 103, 105, 106, 108, 110, 111, 113, 115, 119, 120, 121, 122, 123, 126, 129, 130, 131, 132, 134, 136, 141, 144, 146, 148, 153, 162, 170, 171, 174, 175, 176, 185, 329, 316, 284, 55, 69, 87, 156, 104, 344, 240, 45, 182, 216, 381, 396, 338, 372, 307, 246, 311, 127, 337, 212, 165, 22, 397, 388, 157, 237, 59, 64, 258, 202, 199, 391, 392, 262, 241, 348, 47, 264, 263, 389, 287, 385, 63, 376, 228, 332, 52, 330, 252, 85, 15, 362, 360, 324, 320, 249, 294, 24, 367, 383, 135, 321, 44, 195, 83, 89, 217, 347, 226, 191, 194, 197, 200, 203, 204, 207, 225, 229, 230, 231, 232, 233, 234, 236, 242, 247, 255, 257, 259, 260, 261, 268, 276, 277, 283, 289, 295, 297, 300, 304, 305, 306, 308, 310, 312, 314, 315, 317, 319, 325, 333, 334, 335, 339, 341, 342, 345, 350, 359, 361, 364, 365, 366, 369, 371, 374, 382, 384, 386]
x_188: [2, 6, 12, 15, 17, 18, 25, 26, 27, 28, 29, 34, 35, 40, 41, 45, 46, 51, 56, 57, 68, 72, 73, 74, 75, 82, 87, 88, 89, 90, 93, 97, 98, 100, 106, 107, 109, 110, 111, 115, 116, 120, 122, 124, 130, 131, 132, 134, 140, 141, 144, 146, 148, 150, 156, 161, 162, 163, 166, 168, 170, 171, 177, 184, 307, 193, 355, 264, 137, 342, 236, 169, 339, 298, 43, 309, 251, 190, 284, 119, 263, 92, 291, 14, 23, 322, 199, 258, 186, 283, 252, 209, 191, 196, 201, 203, 204, 205, 210, 216, 219, 224, 226, 228, 229, 230, 234, 240, 244, 245, 246, 253, 254, 256, 259, 272, 278, 290, 294, 299, 301, 303, 312, 313, 315, 319, 327, 329, 330, 333, 336, 340, 345, 350, 351, 353, 354, 358, 359, 362, 365, 366, 370, 374, 375, 376, 377, 378, 379, 381, 388, 397, 400]
x_189: [3, 4, 6, 7, 10, 15, 16, 17, 22, 25, 26, 29, 30, 35, 38, 40, 41, 51, 57, 58, 65, 68, 70, 73, 75, 79, 80, 81, 83, 85, 87, 89, 90, 93, 95, 101, 103, 107, 108, 116, 119, 120, 123, 127, 130, 131, 132, 137, 140, 141, 144, 145, 146, 147, 156, 157, 168, 169, 171, 173, 174, 175, 176, 177, 180, 184, 185, 250, 122, 214, 369, 301, 296, 172, 209, 370, 47, 138, 398, 380, 338, 280, 288, 52, 229, 276, 294, 219, 128, 217, 395, 167, 259, 9, 293, 351, 196, 312, 134, 135, 154, 190, 55, 316, 254, 133, 255, 74, 61, 328, 212, 243, 160, 277, 59, 129, 162, 274, 270, 233, 331, 82, 14, 158, 181, 360, 237, 34, 76, 194, 322, 78, 1, 372, 393, 348, 313, 319, 390, 161, 56, 191, 269, 33, 353, 248, 204, 113, 339, 91, 349, 399, 164, 5, 366, 357, 197, 118, 394, 13, 203, 374, 66, 220, 20, 268, 183, 206, 291, 341, 19, 152, 201, 271, 333, 178, 383, 186, 166, 308, 205, 110, 106, 105, 260, 192, 193, 195, 202, 207, 208, 210, 221, 224, 225, 227, 230, 241, 242, 244, 246, 247, 251, 257, 258, 264, 272, 278, 281, 284, 290, 297, 300, 302, 304, 305, 306, 310, 311, 314, 321, 323, 324, 325, 326, 327, 329, 330, 336, 337, 352, 359, 367, 375, 376, 377, 385, 386, 387, 391, 392]
x_190: [2, 5, 8, 9, 10, 13, 14, 20, 26, 35, 39, 40, 46, 54, 57, 60, 68, 69, 70, 71, 79, 83, 84, 95, 98, 99, 101, 103, 104, 107, 109, 123, 124, 126, 130, 132, 137, 139, 141, 145, 146, 148, 150, 153, 156, 157, 162, 165, 166, 168, 169, 173, 174, 179, 180, 188, 189, 354, 269, 241, 253, 244, 186, 178, 371, 75, 125, 376, 330, 236, 170, 17, 325, 284, 259, 357, 211, 287, 118, 53, 212, 200, 59, 31, 47, 88, 122, 191, 344, 37, 49, 315, 381, 30, 364, 336, 4, 199, 380, 193, 397, 94, 338, 274, 386, 223, 167, 385, 133, 119, 161, 368, 136, 197, 281, 319, 176, 18, 213, 225, 293, 350, 97, 286, 311, 276, 369, 183, 121, 171, 135, 63, 208, 256, 202, 232, 185, 299, 194, 195, 196, 203, 210, 216, 224, 229, 230, 233, 234, 235, 238, 246, 248, 250, 251, 252, 254, 257, 258, 260, 261, 262, 264, 268, 277, 278, 282, 283, 289, 292, 294, 298, 303, 306, 308, 310, 312, 327, 328, 333, 334, 335, 337, 339, 340, 343, 347, 351, 359, 367, 370, 373, 374, 375, 378, 379, 387, 388, 389, 391, 392, 393, 400]
x_191: [3, 6, 7, 10, 11, 13, 17, 18, 22, 28, 29, 35, 37, 41, 45, 46, 52, 55, 56, 58, 60, 61, 68, 70, 74, 75, 80, 81, 83, 84, 87, 88, 90, 91, 97, 100, 103, 104, 107, 109, 110, 111, 113, 115, 116, 119, 122, 124, 131, 132, 143, 144, 146, 148, 154, 156, 157, 159, 163, 166, 167, 172, 175, 180, 182, 184, 185, 189, 190, 380, 269, 200, 227, 261, 389, 257, 295, 158, 361, 400, 250, 244, 82, 339, 216, 249, 266, 279, 291, 313, 193, 127, 152, 8, 258, 42, 310, 349, 202, 394, 235, 358, 338, 168, 108, 371, 209, 248, 297, 169, 44, 5, 48, 372, 365, 280, 210, 314, 149, 270, 220, 71, 170, 203, 283, 325, 64, 229, 354, 267, 99, 294, 211, 337, 236, 222, 221, 284, 353, 356, 275, 194, 65, 386, 178, 26, 331, 21, 72, 218, 305, 198, 256, 323, 355, 375, 393, 340, 303, 153, 265, 399, 278, 292, 306, 92, 395, 183, 245, 252, 161, 112, 63, 105, 384, 254, 234, 298, 57, 120, 273, 366, 268, 352, 125, 34, 142, 19, 224, 344, 133, 362, 199, 33, 332, 288, 251, 272, 192, 374, 263, 392, 255, 214, 20, 177, 15, 301, 242, 187, 383, 246, 262, 47, 334, 151, 219, 281, 230, 296, 59, 188, 232, 226, 378, 196, 213, 223, 238, 239, 243, 247, 259, 260, 276, 285, 287, 289, 290, 304, 308, 311, 315, 316, 319, 327, 328, 329, 330, 335, 341, 342, 345, 346, 347, 351, 359, 360, 364, 367, 370, 377, 379, 381, 387, 396]
x_192: [2, 4, 8, 15, 16, 17, 25, 29, 31, 35, 38, 39, 41, 44, 46, 51, 53, 57, 62, 68, 70, 73, 74, 79, 81, 84, 88, 89, 90, 91, 94, 95, 97, 98, 100, 103, 110, 111, 113, 115, 119, 122, 123, 131, 144, 146, 147, 150, 153, 155, 158, 161, 162, 165, 169, 170, 172, 173, 175, 180, 183, 186, 191, 66, 213, 54, 332, 215, 86, 201, 211, 7, 72, 307, 229, 40, 193, 12, 315, 363, 241, 350, 20, 369, 136, 148, 386, 43, 305, 133, 45, 231, 316, 352, 13, 179, 309, 189, 206, 346, 249, 23, 322, 243, 293, 259, 347, 47, 265, 1, 71, 364, 337, 151, 289, 245, 268, 9, 329, 30, 240, 284, 82, 78, 130, 48, 257, 326, 178, 121, 317, 50, 125, 109, 171, 321, 149, 18, 374, 112, 22, 356, 235, 137, 217, 96, 262, 5, 391, 348, 325, 14, 194, 197, 198, 199, 204, 205, 207, 208, 209, 210, 219, 221, 223, 224, 226, 232, 239, 244, 253, 254, 255, 269, 274, 281, 283, 285, 292, 294, 296, 299, 300, 301, 303, 304, 306, 313, 314, 323, 324, 327, 330, 334, 335, 336, 339, 357, 365, 366, 367, 368, 370, 373, 375, 377, 378, 381, 384, 385, 387, 388, 389, 398, 400]
x_193: [9, 15, 17, 20, 24, 25, 27, 28, 29, 30, 35, 38, 41, 42, 43, 46, 49, 52, 53, 55, 57, 58, 63, 66, 74, 75, 81, 89, 90, 93, 94, 95, 97, 98, 99, 100, 101, 103, 106, 107, 109, 110, 111, 115, 119, 126, 127, 131, 132, 133, 134, 135, 137, 144, 145, 146, 152, 161, 162, 163, 165, 171, 172, 174, 180, 185, 186, 188, 190, 191, 192, 204, 169, 300, 61, 360, 371, 274, 19, 390, 51, 60, 312, 386, 112, 284, 18, 391, 394, 13, 3, 68, 323, 372, 384, 39, 138, 337, 367, 141, 56, 347, 358, 302, 348, 156, 5, 223, 264, 379, 251, 345, 305, 184, 130, 314, 67, 256, 229, 158, 301, 159, 209, 216, 200, 80, 266, 150, 118, 71, 228, 254, 219, 139, 335, 120, 50, 276, 36, 279, 240, 105, 1, 198, 376, 121, 72, 151, 275, 350, 147, 176, 77, 336, 178, 393, 70, 281, 234, 338, 399, 342, 92, 225, 113, 48, 255, 117, 365, 377, 361, 206, 124, 88, 7, 79, 244, 332, 12, 352, 286, 205, 258, 8, 166, 355, 319, 356, 32, 290, 21, 378, 396, 222, 397, 69, 76, 96, 291, 322, 331, 260, 233, 283, 316, 387, 220, 242, 325, 249, 153, 154, 167, 382, 353, 383, 339, 343, 86, 375, 380, 213, 239, 245, 26, 78, 289, 202, 247, 288, 395, 354, 351, 368, 248, 82, 287, 235, 168, 201, 160, 211, 10, 364, 243, 116, 189, 285, 125, 227, 261, 65, 273, 381, 296, 327, 122, 398, 195, 196, 199, 207, 208, 210, 218, 224, 226, 230, 241, 252, 259, 277, 292, 294, 295, 297, 303, 304, 309, 315, 321, 324, 329, 330, 333, 340, 346, 357, 370, 374, 392, 400]
x_194: [2, 3, 4, 9, 10, 12, 22, 24, 25, 27, 28, 31, 35, 37, 39, 40, 43, 46, 48, 49, 51, 52, 55, 57, 66, 68, 70, 74, 75, 81, 86, 88, 93, 94, 95, 98, 101, 103, 104, 109, 115, 119, 120, 123, 127, 131, 132, 134, 136, 140, 144, 145, 147, 151, 170, 173, 175, 183, 184, 185, 189, 191, 190, 63, 272, 99, 38, 65, 293, 137, 374, 179, 149, 243, 162, 396, 67, 240, 274, 219, 221, 326, 309, 232, 217, 5, 337, 141, 390, 135, 285, 275, 372, 47, 394, 208, 143, 85, 280, 382, 228, 263, 368, 354, 1, 138, 338, 329, 247, 202, 299, 295, 346, 244, 160, 169, 209, 177, 387, 84, 18, 262, 241, 226, 163, 126, 363, 200, 227, 300, 108, 331, 312, 56, 26, 187, 6, 259, 180, 318, 342, 23, 152, 350, 192, 235, 128, 330, 323, 230, 73, 76, 107, 111, 164, 252, 303, 364, 165, 389, 348, 239, 289, 53, 284, 32, 288, 41, 34, 45, 172, 268, 287, 216, 386, 308, 156, 97, 366, 277, 122, 29, 133, 246, 304, 8, 319, 11, 7, 264, 121, 314, 378, 220, 332, 231, 79, 182, 380, 335, 385, 225, 362, 158, 92, 349, 33, 292, 388, 125, 310, 178, 87, 298, 171, 113, 174, 283, 224, 168, 197, 204, 229, 233, 236, 237, 249, 251, 253, 257, 261, 276, 278, 279, 282, 286, 290, 294, 296, 297, 301, 306, 311, 315, 321, 324, 325, 327, 334, 336, 339, 343, 344, 352, 356, 360, 361, 365, 367, 369, 370, 373, 377, 379, 384, 391, 400]
x_195: [1, 2, 3, 5, 6, 7, 8, 13, 16, 17, 19, 20, 22, 27, 31, 38, 40, 41, 46, 50, 53, 55, 63, 71, 73, 74, 75, 81, 82, 83, 86, 87, 88, 90, 91, 97, 98, 101, 104, 107, 109, 111, 115, 116, 117, 119, 121, 126, 127, 129, 130, 131, 132, 136, 141, 143, 145, 146, 147, 153, 156, 161, 162, 166, 171, 174, 176, 179, 182, 187, 388, 386, 341, 235, 21, 318, 340, 385, 44, 372, 77, 349, 128, 152, 305, 80, 78, 346, 11, 29, 228, 370, 76, 26, 205, 274, 312, 246, 297, 61, 49, 320, 142, 344, 342, 133, 52, 25, 309, 48, 60, 276, 396, 178, 384, 281, 328, 217, 398, 70, 189, 265, 233, 222, 270, 307, 32, 242, 394, 33, 278, 144, 317, 261, 196, 94, 260, 253, 282, 206, 338, 314, 151, 325, 356, 329, 93, 139, 380, 4, 165, 28, 79, 193, 285, 243, 154, 256, 110, 262, 311, 336, 106, 180, 352, 400, 215, 332, 236, 376, 264, 231, 24, 369, 301, 258, 279, 175, 157, 257, 299, 186, 321, 269, 306, 172, 92, 190, 100, 183, 293, 72, 355, 58, 241, 59, 335, 354, 268, 303, 313, 135, 234, 164, 302, 99, 112, 134, 47, 361, 292, 201, 360, 200, 350, 173, 377, 197, 209, 210, 219, 220, 221, 223, 224, 230, 232, 239, 240, 244, 247, 251, 254, 255, 272, 277, 280, 296, 300, 304, 315, 316, 323, 330, 337, 343, 347, 353, 358, 359, 366, 374, 397]
x_196: [1, 3, 4, 8, 10, 14, 19, 24, 27, 28, 29, 37, 38, 39, 40, 41, 46, 53, 56, 57, 58, 63, 66, 73, 74, 79, 81, 90, 91, 95, 98, 101, 107, 108, 109, 110, 115, 119, 120, 124, 130, 131, 132, 136, 140, 144, 146, 147, 150, 154, 161, 165, 172, 173, 174, 175, 176, 185, 189, 195, 188, 351, 338, 369, 93, 204, 233, 2, 170, 126, 135, 328, 372, 340, 343, 206, 392, 381, 85, 199, 181, 47, 12, 304, 255, 117, 34, 13, 216, 44, 302, 219, 361, 220, 303, 254, 310, 193, 271, 208, 397, 366, 313, 127, 363, 138, 286, 306, 160, 289, 311, 164, 350, 168, 143, 393, 327, 55, 283, 294, 141, 190, 241, 384, 114, 191, 65, 266, 263, 253, 374, 159, 221, 242, 312, 22, 240, 339, 355, 246, 249, 285, 262, 23, 373, 139, 236, 382, 197, 200, 202, 205, 213, 217, 225, 230, 234, 235, 239, 243, 248, 257, 260, 264, 269, 272, 274, 281, 284, 290, 291, 292, 293, 299, 301, 308, 315, 321, 324, 329, 330, 332, 333, 344, 345, 347, 348, 352, 358, 360, 367, 368, 370, 377, 378, 379, 385, 389]
x_197: [2, 3, 4, 5, 6, 9, 10, 12, 17, 22, 24, 25, 27, 28, 29, 31, 35, 37, 40, 41, 43, 46, 48, 49, 53, 54, 63, 70, 73, 74, 75, 82, 83, 84, 87, 88, 90, 93, 95, 98, 99, 100, 102, 105, 108, 109, 110, 115, 116, 120, 122, 123, 131, 134, 136, 137, 140, 144, 145, 147, 151, 157, 162, 163, 164, 169, 170, 174, 175, 185, 189, 190, 233, 242, 213, 202, 380, 293, 264, 221, 322, 21, 348, 391, 286, 91, 154, 80, 57, 366, 72, 150, 160, 344, 331, 382, 281, 224, 356, 248, 18, 26, 85, 47, 303, 240, 118, 89, 62, 127, 373, 180, 246, 387, 289, 361, 266, 383, 350, 201, 176, 15, 347, 200, 223, 220, 328, 96, 56, 171, 278, 203, 274, 165, 268, 261, 208, 129, 8, 297, 340, 177, 276, 1, 152, 194, 377, 92, 362, 111, 23, 42, 342, 78, 263, 302, 173, 326, 7, 324, 273, 291, 323, 114, 86, 376, 135, 19, 395, 237, 60, 126, 13, 155, 360, 388, 260, 330, 310, 337, 34, 341, 156, 306, 363, 211, 68, 77, 288, 250, 333, 287, 308, 258, 50, 354, 329, 301, 113, 351, 130, 30, 192, 255, 205, 215, 222, 231, 195, 267, 65, 251, 184, 259, 371, 79, 325, 353, 207, 343, 64, 283, 225, 187, 143, 265, 345, 335, 379, 239, 69, 384, 146, 275, 374, 11, 230, 32, 269, 389, 196, 355, 305, 148, 14, 298, 128, 183, 243, 262, 149, 393, 307, 38, 36, 369, 206, 210, 219, 229, 232, 238, 241, 244, 245, 249, 253, 254, 272, 284, 294, 296, 314, 315, 334, 339, 359, 368, 372, 378, 386, 392, 400]
x_198: [2, 6, 10, 14, 16, 21, 22, 29, 30, 31, 38, 39, 40, 41, 49, 50, 51, 53, 54, 55, 56, 58, 61, 70, 71, 74, 75, 79, 81, 86, 90, 95, 97, 98, 99, 101, 103, 107, 109, 110, 113, 117, 120, 121, 122, 123, 126, 127, 133, 134, 137, 144, 145, 146, 152, 153, 161, 167, 169, 171, 172, 173, 181, 191, 193, 184, 160, 307, 223, 159, 263, 266, 207, 248, 280, 298, 192, 242, 246, 296, 259, 308, 233, 211, 170, 381, 397, 382, 63, 150, 94, 9, 273, 174, 378, 148, 237, 7, 394, 138, 182, 344, 339, 48, 12, 284, 73, 77, 347, 136, 35, 115, 377, 370, 199, 44, 162, 132, 333, 26, 323, 305, 279, 288, 277, 252, 389, 361, 218, 293, 91, 311, 359, 201, 204, 205, 210, 229, 230, 231, 232, 234, 235, 236, 238, 245, 247, 249, 251, 254, 255, 261, 268, 270, 278, 283, 286, 290, 299, 303, 304, 313, 314, 315, 329, 330, 334, 335, 337, 338, 342, 343, 345, 346, 348, 349, 352, 354, 365, 366, 367, 368, 384, 385, 386, 387, 388, 392]
x_199: [5, 6, 9, 16, 20, 25, 27, 29, 31, 35, 38, 39, 43, 46, 50, 57, 61, 63, 66, 74, 75, 79, 81, 89, 93, 94, 95, 100, 103, 104, 107, 111, 115, 116, 119, 120, 124, 130, 131, 132, 141, 146, 147, 150, 154, 156, 157, 162, 169, 172, 173, 174, 175, 180, 187, 188, 190, 191, 196, 198, 325, 91, 301, 129, 263, 151, 33, 28, 393, 318, 266, 385, 78, 193, 182, 52, 235, 369, 312, 179, 246, 237, 258, 30, 277, 242, 224, 192, 290, 356, 92, 278, 259, 216, 249, 133, 329, 340, 268, 247, 41, 295, 324, 206, 253, 296, 358, 168, 183, 299, 26, 219, 390, 238, 265, 181, 203, 382, 200, 310, 159, 395, 306, 201, 204, 208, 209, 211, 213, 220, 223, 227, 229, 232, 233, 234, 243, 244, 248, 252, 254, 255, 276, 282, 283, 289, 292, 297, 300, 303, 311, 322, 327, 334, 336, 337, 339, 341, 344, 346, 350, 357, 359, 360, 366, 367, 370, 372, 374, 375, 379, 381, 384, 386, 388, 389, 392, 400]
x_200: [1, 2, 3, 4, 5, 6, 10, 16, 17, 22, 24, 25, 27, 28, 29, 30, 31, 35, 38, 40, 46, 47, 54, 57, 58, 62, 66, 68, 70, 73, 75, 79, 81, 82, 84, 90, 93, 95, 97, 100, 101, 106, 107, 108, 109, 111, 119, 122, 123, 124, 125, 126, 128, 131, 134, 140, 144, 145, 146, 151, 153, 155, 157, 159, 161, 163, 168, 169, 171, 172, 173, 175, 176, 177, 181, 185, 190, 191, 193, 194, 195, 197, 199, 243, 367, 334, 251, 300, 380, 233, 297, 98, 263, 160, 152, 236, 248, 281, 394, 400, 225, 112, 356, 206, 373, 335, 89, 165, 179, 260, 238, 12, 180, 321, 110, 246, 228, 80, 74, 51, 319, 274, 129, 166, 186, 397, 83, 182, 78, 312, 32, 368, 15, 183, 353, 347, 311, 326, 317, 187, 99, 244, 143, 330, 382, 292, 372, 103, 345, 310, 102, 201, 315, 36, 298, 114, 325, 43, 219, 361, 388, 376, 270, 178, 364, 289, 18, 77, 307, 349, 217, 53, 61, 72, 269, 8, 215, 196, 245, 234, 301, 52, 306, 118, 135, 49, 218, 249, 26, 371, 147, 285, 14, 379, 65, 148, 211, 87, 45, 250, 283, 264, 237, 261, 115, 255, 279, 305, 350, 141, 286, 318, 222, 398, 265, 23, 230, 39, 280, 352, 203, 348, 309, 121, 331, 327, 278, 91, 360, 282, 209, 208, 374, 139, 59, 184, 333, 288, 85, 284, 363, 383, 267, 252, 156, 291, 272, 202, 207, 210, 216, 221, 224, 226, 227, 240, 253, 254, 256, 268, 290, 294, 304, 314, 316, 324, 332, 338, 339, 341, 342, 343, 344, 354, 359, 365, 366, 384, 385, 386, 387, 389, 391, 392]
x_201: [3, 4, 5, 9, 10, 11, 14, 18, 20, 25, 26, 28, 29, 31, 38, 40, 41, 49, 54, 55, 57, 63, 66, 68, 70, 73, 74, 75, 87, 90, 93, 94, 98, 100, 101, 104, 108, 111, 113, 116, 117, 119, 122, 125, 126, 127, 128, 130, 133, 134, 136, 144, 145, 146, 147, 149, 154, 157, 158, 159, 171, 173, 174, 176, 189, 192, 193, 195, 197, 200, 262, 335, 361, 129, 83, 96, 239, 84, 343, 107, 17, 71, 347, 249, 229, 392, 42, 208, 282, 300, 362, 22, 310, 233, 237, 340, 234, 378, 218, 299, 165, 162, 398, 370, 44, 307, 290, 386, 152, 188, 205, 109, 85, 51, 324, 346, 227, 92, 354, 383, 365, 241, 288, 6, 24, 225, 268, 374, 274, 124, 393, 215, 257, 12, 279, 236, 151, 224, 198, 82, 97, 58, 33, 155, 220, 375, 219, 112, 88, 264, 156, 303, 184, 105, 199, 313, 230, 263, 376, 34, 338, 170, 363, 181, 345, 238, 339, 242, 317, 168, 278, 295, 180, 286, 316, 186, 123, 331, 311, 209, 366, 368, 148, 206, 357, 69, 356, 270, 308, 384, 175, 318, 142, 221, 95, 261, 36, 48, 400, 27, 143, 285, 380, 67, 64, 394, 47, 172, 319, 297, 243, 65, 1, 371, 322, 348, 135, 254, 153, 59, 204, 210, 217, 232, 240, 244, 245, 246, 251, 253, 255, 258, 259, 260, 269, 283, 284, 292, 298, 301, 306, 309, 312, 314, 315, 321, 328, 329, 332, 333, 337, 350, 360, 373, 381, 385, 387, 389, 390, 397]
x_202: [2, 3, 6, 7, 10, 17, 21, 24, 25, 27, 28, 29, 31, 37, 39, 41, 46, 53, 57, 68, 70, 74, 75, 76, 79, 86, 88, 89, 90, 93, 94, 97, 98, 100, 103, 107, 111, 113, 119, 120, 124, 126, 127, 131, 132, 134, 144, 150, 161, 162, 166, 168, 169, 170, 172, 174, 187, 190, 191, 193, 194, 197, 22, 36, 143, 212, 138, 114, 251, 61, 38, 269, 289, 354, 230, 209, 160, 48, 229, 182, 369, 181, 293, 163, 176, 338, 207, 360, 54, 325, 115, 146, 178, 12, 306, 374, 84, 247, 71, 351, 233, 285, 273, 83, 246, 241, 240, 214, 225, 156, 91, 95, 223, 179, 376, 9, 49, 387, 217, 388, 366, 262, 317, 250, 140, 105, 16, 372, 167, 281, 303, 242, 267, 122, 30, 136, 67, 398, 183, 371, 349, 352, 291, 268, 367, 333, 147, 180, 231, 274, 368, 141, 92, 308, 78, 337, 292, 314, 396, 137, 302, 145, 196, 353, 271, 14, 235, 340, 87, 165, 175, 204, 130, 348, 248, 326, 173, 189, 385, 63, 129, 335, 322, 109, 370, 321, 378, 200, 327, 128, 386, 1, 391, 222, 318, 238, 346, 148, 347, 237, 375, 85, 62, 102, 73, 310, 365, 260, 184, 110, 203, 208, 211, 216, 221, 224, 226, 228, 232, 236, 244, 253, 254, 256, 259, 263, 264, 265, 276, 279, 283, 286, 290, 294, 296, 299, 304, 311, 315, 316, 330, 331, 334, 336, 339, 341, 344, 345, 356, 357, 359, 364, 384, 389, 392, 397, 400]
x_203: [2, 3, 5, 10, 12, 13, 14, 16, 24, 25, 27, 30, 35, 38, 39, 43, 46, 52, 53, 55, 62, 66, 68, 69, 71, 72, 75, 79, 81, 84, 88, 90, 91, 93, 96, 97, 98, 100, 101, 103, 104, 105, 107, 109, 110, 111, 113, 115, 116, 119, 120, 121, 122, 124, 126, 127, 129, 132, 134, 144, 145, 146, 149, 151, 153, 154, 157, 161, 162, 168, 169, 176, 180, 189, 191, 197, 199, 200, 123, 399, 70, 20, 272, 344, 155, 324, 396, 330, 63, 67, 42, 363, 209, 379, 269, 130, 277, 44, 9, 7, 340, 257, 108, 34, 280, 228, 158, 221, 102, 305, 118, 375, 82, 36, 259, 307, 295, 326, 349, 281, 190, 40, 50, 232, 148, 253, 177, 187, 240, 73, 150, 313, 245, 215, 294, 267, 347, 353, 393, 246, 222, 302, 137, 370, 373, 106, 184, 159, 397, 311, 247, 92, 1, 226, 303, 94, 356, 138, 45, 223, 248, 348, 284, 156, 300, 372, 152, 376, 188, 15, 23, 205, 285, 141, 202, 316, 357, 381, 287, 315, 217, 327, 322, 171, 239, 279, 252, 231, 290, 211, 263, 318, 204, 208, 216, 220, 224, 229, 235, 236, 238, 242, 258, 260, 261, 264, 275, 278, 283, 286, 292, 299, 304, 310, 312, 314, 317, 319, 321, 325, 332, 333, 350, 352, 366, 374, 383, 385, 386, 389, 400]
x_204: [2, 3, 4, 9, 10, 16, 17, 18, 21, 22, 24, 25, 27, 29, 31, 38, 39, 40, 44, 46, 49, 54, 57, 69, 70, 71, 74, 75, 80, 83, 84, 87, 90, 94, 95, 97, 98, 101, 104, 105, 107, 110, 113, 115, 120, 122, 123, 124, 125, 127, 134, 136, 140, 145, 146, 147, 148, 150, 157, 162, 165, 171, 173, 174, 176, 180, 181, 189, 193, 196, 202, 64, 131, 242, 281, 35, 251, 207, 275, 246, 66, 296, 135, 177, 396, 305, 325, 265, 212, 218, 96, 117, 277, 261, 142, 37, 198, 184, 288, 395, 378, 347, 103, 206, 26, 222, 211, 43, 317, 159, 220, 8, 192, 346, 109, 130, 36, 341, 12, 65, 313, 260, 283, 361, 15, 386, 121, 350, 209, 235, 397, 268, 271, 285, 231, 170, 60, 364, 315, 160, 245, 56, 301, 129, 219, 217, 164, 224, 254, 355, 381, 380, 199, 230, 256, 58, 368, 168, 262, 392, 239, 300, 149, 221, 52, 48, 11, 232, 226, 201, 161, 42, 28, 377, 257, 398, 50, 53, 223, 385, 163, 340, 299, 326, 55, 400, 349, 316, 343, 78, 357, 77, 354, 108, 187, 233, 308, 267, 7, 68, 118, 194, 336, 152, 6, 323, 112, 214, 82, 186, 291, 30, 344, 394, 304, 258, 20, 399, 294, 208, 303, 263, 234, 375, 342, 99, 353, 72, 322, 102, 85, 278, 321, 331, 238, 88, 216, 240, 248, 372, 106, 13, 373, 215, 203, 229, 359, 284, 390, 370, 290, 273, 282, 188, 369, 225, 320, 287, 279, 63, 339, 45, 183, 205, 213, 227, 228, 237, 241, 243, 247, 252, 253, 264, 289, 293, 297, 306, 310, 311, 314, 327, 329, 330, 332, 333, 334, 337, 338, 345, 348, 351, 356, 367, 376, 383, 389, 391]
x_205: [3, 4, 5, 6, 7, 9, 10, 16, 17, 20, 21, 22, 24, 25, 27, 29, 35, 37, 40, 41, 43, 44, 49, 53, 54, 57, 66, 68, 71, 73, 79, 82, 84, 86, 88, 90, 91, 94, 99, 107, 108, 109, 115, 119, 124, 126, 131, 134, 144, 145, 146, 147, 151, 153, 157, 159, 165, 168, 169, 171, 175, 176, 177, 183, 189, 193, 195, 197, 201, 203, 127, 308, 222, 140, 154, 259, 61, 152, 158, 332, 294, 122, 362, 306, 359, 138, 130, 320, 386, 196, 46, 89, 135, 148, 166, 133, 121, 283, 293, 340, 237, 351, 234, 70, 228, 375, 95, 373, 389, 55, 323, 304, 396, 270, 322, 372, 319, 291, 337, 69, 51, 347, 268, 59, 188, 235, 311, 255, 132, 62, 33, 248, 388, 100, 325, 265, 390, 96, 297, 192, 346, 247, 366, 184, 284, 118, 384, 67, 312, 48, 231, 15, 256, 357, 285, 18, 331, 34, 393, 329, 92, 26, 204, 221, 137, 112, 398, 361, 198, 78, 104, 342, 303, 324, 400, 381, 232, 310, 287, 136, 313, 63, 12, 72, 142, 102, 276, 288, 380, 181, 123, 207, 14, 371, 2, 215, 368, 369, 263, 302, 224, 185, 218, 219, 227, 229, 230, 238, 241, 243, 246, 249, 251, 254, 257, 260, 261, 269, 275, 278, 289, 290, 296, 300, 314, 327, 328, 336, 344, 345, 348, 350, 356, 377, 378, 379, 382, 383, 391, 392, 397]
x_206: [2, 3, 4, 6, 16, 18, 21, 25, 29, 35, 38, 40, 41, 46, 51, 53, 54, 58, 70, 75, 79, 82, 84, 90, 94, 95, 96, 97, 98, 100, 101, 109, 110, 111, 115, 119, 120, 122, 123, 124, 126, 127, 129, 134, 137, 141, 145, 147, 153, 157, 162, 166, 172, 173, 174, 175, 176, 180, 185, 186, 189, 192, 193, 195, 196, 199, 200, 201, 204, 42, 263, 268, 209, 324, 165, 290, 228, 37, 136, 32, 68, 125, 265, 354, 10, 353, 262, 231, 309, 270, 344, 217, 30, 335, 319, 381, 138, 56, 116, 112, 320, 289, 237, 87, 107, 250, 282, 88, 359, 55, 267, 182, 377, 197, 181, 118, 130, 31, 374, 155, 332, 223, 44, 286, 373, 253, 283, 12, 371, 318, 238, 306, 375, 240, 216, 325, 330, 140, 73, 17, 59, 397, 386, 385, 92, 284, 221, 272, 210, 1, 23, 160, 394, 285, 256, 392, 9, 316, 74, 207, 208, 213, 219, 225, 226, 232, 233, 234, 241, 243, 244, 246, 247, 248, 251, 255, 258, 259, 260, 261, 264, 269, 273, 276, 277, 281, 292, 297, 304, 305, 308, 310, 311, 314, 315, 323, 326, 327, 328, 333, 334, 338, 340, 345, 349, 350, 358, 360, 362, 364, 370, 376, 379, 383, 384, 388, 389, 396, 400]
x_207: [2, 4, 5, 6, 8, 10, 15, 21, 22, 26, 39, 40, 46, 49, 53, 66, 68, 70, 73, 74, 75, 81, 83, 84, 89, 90, 93, 94, 95, 100, 102, 104, 105, 107, 108, 117, 119, 120, 122, 123, 124, 126, 127, 128, 131, 132, 134, 140, 142, 143, 146, 147, 148, 150, 155, 157, 159, 162, 168, 174, 175, 185, 186, 197, 198, 202, 204, 205, 217, 25, 206, 111, 315, 82, 302, 335, 303, 326, 390, 266, 254, 312, 97, 121, 236, 180, 235, 336, 391, 1, 138, 164, 267, 298, 347, 189, 238, 118, 103, 377, 187, 99, 151, 216, 33, 63, 110, 35, 222, 297, 268, 239, 112, 171, 278, 274, 262, 363, 165, 368, 200, 256, 388, 29, 400, 296, 334, 38, 304, 209, 69, 41, 270, 61, 284, 360, 369, 87, 307, 139, 78, 247, 350, 342, 343, 11, 355, 218, 299, 52, 156, 280, 125, 288, 192, 237, 387, 182, 331, 249, 34, 135, 329, 169, 345, 359, 324, 289, 16, 332, 338, 24, 55, 50, 193, 223, 330, 241, 72, 271, 65, 98, 129, 96, 244, 7, 58, 211, 67, 145, 212, 225, 42, 113, 259, 318, 246, 260, 176, 295, 265, 144, 291, 23, 27, 286, 354, 56, 242, 116, 170, 101, 381, 340, 137, 257, 282, 341, 398, 370, 250, 161, 160, 213, 220, 226, 227, 230, 232, 240, 245, 251, 252, 253, 258, 261, 276, 277, 281, 283, 285, 292, 300, 306, 310, 311, 314, 317, 325, 327, 333, 337, 339, 344, 346, 351, 352, 364, 365, 366, 372, 376, 378, 384, 386, 392, 397]
x_208: [2, 4, 7, 8, 10, 22, 25, 27, 29, 35, 37, 38, 43, 46, 49, 53, 56, 58, 60, 63, 68, 69, 70, 73, 83, 84, 87, 93, 94, 95, 103, 109, 110, 113, 116, 119, 120, 128, 129, 130, 131, 132, 140, 147, 150, 151, 154, 161, 166, 168, 170, 171, 173, 180, 185, 190, 194, 196, 197, 200, 201, 204, 16, 218, 74, 280, 106, 202, 251, 340, 203, 296, 373, 282, 308, 175, 192, 377, 82, 105, 295, 189, 290, 85, 275, 288, 225, 353, 219, 13, 206, 309, 380, 299, 361, 316, 362, 97, 141, 351, 214, 127, 133, 19, 55, 344, 323, 352, 257, 355, 216, 86, 378, 272, 193, 276, 228, 389, 122, 400, 163, 88, 30, 245, 209, 270, 321, 114, 145, 32, 51, 390, 385, 267, 358, 239, 118, 21, 240, 312, 45, 52, 302, 148, 305, 254, 277, 221, 64, 334, 199, 324, 179, 139, 156, 160, 61, 124, 237, 108, 347, 1, 292, 115, 182, 242, 258, 386, 138, 382, 337, 112, 121, 369, 211, 223, 224, 229, 230, 232, 234, 235, 244, 246, 248, 252, 253, 255, 259, 264, 268, 269, 274, 278, 283, 286, 287, 291, 300, 301, 306, 311, 314, 325, 338, 342, 348, 350, 357, 360, 364, 367, 368, 370, 375, 379, 383, 384, 387, 388, 392, 396, 399]
x_209: [3, 4, 6, 13, 14, 17, 20, 32, 35, 39, 40, 41, 46, 54, 57, 63, 66, 68, 70, 72, 74, 81, 85, 86, 87, 88, 89, 90, 91, 93, 94, 95, 100, 104, 105, 106, 107, 108, 109, 110, 113, 117, 119, 120, 123, 125, 132, 134, 136, 137, 146, 147, 151, 157, 161, 162, 168, 170, 171, 174, 180, 185, 188, 189, 191, 193, 194, 200, 201, 202, 203, 204, 206, 207, 208, 342, 362, 301, 382, 149, 143, 140, 129, 309, 73, 96, 242, 38, 289, 52, 261, 345, 300, 286, 393, 133, 298, 183, 11, 353, 79, 236, 347, 178, 213, 33, 77, 338, 130, 339, 288, 126, 370, 269, 7, 163, 212, 97, 24, 276, 356, 399, 351, 363, 195, 333, 111, 293, 328, 65, 62, 69, 285, 27, 49, 330, 280, 315, 181, 366, 2, 255, 312, 101, 291, 172, 25, 42, 318, 326, 166, 377, 381, 348, 307, 115, 355, 308, 375, 340, 306, 400, 179, 215, 319, 394, 397, 305, 10, 138, 266, 265, 192, 43, 311, 294, 159, 220, 217, 114, 343, 359, 386, 341, 253, 9, 102, 199, 239, 156, 186, 358, 223, 344, 226, 182, 395, 275, 336, 80, 218, 316, 229, 128, 76, 1, 264, 292, 295, 299, 21, 16, 267, 60, 222, 270, 352, 369, 364, 83, 327, 320, 290, 167, 303, 274, 165, 250, 230, 231, 232, 235, 240, 241, 243, 244, 245, 248, 251, 254, 257, 259, 260, 268, 278, 281, 310, 329, 334, 346, 360, 365, 374, 378, 379, 383, 384, 389, 392]
x_210: [3, 4, 5, 6, 8, 12, 14, 16, 17, 22, 25, 27, 29, 31, 36, 40, 46, 49, 50, 54, 55, 57, 68, 79, 82, 84, 90, 91, 93, 94, 95, 97, 98, 101, 106, 110, 111, 116, 117, 119, 122, 124, 127, 132, 137, 144, 145, 146, 147, 157, 158, 162, 170, 175, 176, 177, 179, 181, 185, 191, 206, 223, 160, 306, 154, 325, 180, 264, 330, 28, 188, 363, 138, 24, 114, 126, 13, 123, 215, 262, 7, 52, 197, 165, 20, 279, 112, 240, 125, 77, 341, 250, 76, 278, 134, 226, 348, 333, 148, 299, 271, 281, 21, 219, 356, 140, 391, 392, 156, 70, 67, 266, 152, 37, 295, 192, 39, 80, 384, 302, 69, 99, 44, 343, 136, 313, 258, 373, 183, 212, 309, 364, 280, 213, 171, 314, 382, 10, 231, 292, 233, 244, 311, 172, 195, 354, 327, 115, 275, 288, 200, 164, 282, 218, 387, 56, 316, 141, 59, 293, 247, 61, 268, 113, 360, 276, 380, 23, 58, 323, 193, 211, 304, 30, 45, 32, 190, 108, 173, 150, 75, 43, 296, 128, 349, 251, 235, 283, 87, 399, 335, 257, 62, 133, 318, 277, 272, 224, 109, 331, 303, 228, 214, 42, 332, 198, 310, 169, 105, 285, 18, 370, 201, 346, 317, 388, 351, 81, 129, 336, 366, 390, 96, 242, 35, 71, 394, 1, 237, 189, 63, 347, 340, 301, 155, 368, 286, 284, 339, 229, 374, 220, 74, 167, 248, 216, 221, 227, 230, 236, 239, 245, 246, 249, 252, 253, 260, 261, 270, 274, 289, 290, 294, 297, 300, 308, 315, 321, 324, 329, 334, 344, 345, 350, 353, 357, 358, 359, 361, 365, 372, 377, 379, 383, 389, 396, 398]
x_211: [4, 5, 6, 10, 17, 20, 22, 24, 25, 26, 30, 31, 35, 41, 52, 53, 54, 56, 57, 58, 61, 64, 68, 69, 73, 74, 79, 81, 85, 86, 90, 95, 97, 100, 101, 103, 107, 110, 111, 120, 122, 127, 129, 130, 131, 132, 133, 134, 140, 141, 144, 147, 148, 153, 161, 165, 167, 168, 169, 170, 174, 175, 183, 186, 190, 191, 192, 193, 197, 198, 200, 203, 204, 207, 210, 313, 202, 242, 104, 306, 116, 102, 78, 83, 239, 383, 11, 216, 157, 113, 238, 360, 222, 135, 125, 254, 115, 318, 362, 215, 199, 48, 145, 44, 105, 249, 343, 224, 89, 212, 384, 299, 386, 370, 184, 173, 286, 364, 319, 96, 309, 375, 177, 317, 392, 347, 289, 93, 14, 341, 278, 366, 124, 298, 138, 219, 218, 333, 240, 292, 63, 119, 158, 336, 275, 349, 117, 348, 62, 179, 311, 281, 287, 288, 300, 237, 339, 327, 337, 270, 234, 273, 76, 176, 47, 295, 282, 397, 230, 21, 257, 372, 316, 214, 261, 182, 208, 268, 154, 221, 227, 232, 233, 235, 245, 248, 253, 255, 256, 260, 264, 276, 291, 294, 303, 304, 308, 312, 314, 315, 320, 322, 324, 331, 332, 335, 340, 342, 345, 346, 350, 351, 354, 356, 358, 361, 365, 368, 369, 373, 374, 378, 379, 387, 391, 398, 400]
x_212: [2, 3, 5, 6, 10, 18, 24, 29, 30, 35, 38, 40, 45, 46, 49, 53, 55, 66, 70, 76, 81, 83, 84, 87, 90, 91, 97, 107, 109, 110, 115, 116, 117, 119, 120, 123, 126, 127, 130, 131, 132, 134, 135, 136, 139, 141, 144, 145, 146, 162, 167, 169, 173, 175, 180, 185, 186, 187, 189, 190, 202, 204, 207, 209, 210, 211, 159, 392, 340, 138, 269, 106, 337, 153, 51, 394, 152, 253, 355, 100, 322, 71, 148, 307, 260, 237, 229, 297, 219, 220, 223, 224, 227, 232, 233, 235, 236, 240, 242, 243, 245, 246, 247, 254, 255, 256, 259, 262, 277, 280, 281, 282, 283, 289, 293, 300, 304, 305, 306, 308, 310, 314, 315, 316, 317, 319, 321, 324, 332, 333, 334, 338, 344, 345, 346, 352, 354, 356, 357, 358, 359, 360, 364, 365, 366, 374, 381, 382, 384, 385, 386, 397, 399, 400]
x_213: [2, 6, 9, 10, 15, 17, 18, 25, 27, 30, 31, 35, 39, 41, 43, 46, 54, 57, 58, 68, 71, 74, 78, 79, 82, 84, 87, 92, 93, 99, 103, 106, 111, 119, 122, 126, 128, 130, 136, 137, 140, 146, 154, 157, 161, 162, 163, 165, 174, 180, 185, 190, 192, 193, 197, 209, 210, 86, 191, 76, 26, 335, 38, 153, 141, 139, 244, 274, 164, 155, 225, 221, 242, 288, 296, 172, 135, 275, 247, 144, 352, 37, 229, 173, 90, 373, 367, 258, 344, 47, 309, 231, 280, 252, 375, 304, 14, 42, 358, 199, 75, 206, 316, 207, 220, 204, 380, 230, 80, 399, 387, 349, 384, 291, 178, 218, 16, 28, 196, 101, 235, 217, 149, 310, 341, 29, 98, 147, 216, 109, 94, 232, 233, 234, 236, 238, 245, 246, 250, 255, 256, 260, 261, 262, 265, 268, 269, 276, 277, 283, 289, 292, 294, 295, 300, 301, 306, 314, 315, 321, 327, 329, 332, 333, 334, 338, 339, 340, 342, 343, 346, 348, 350, 351, 354, 356, 357, 359, 360, 361, 362, 364, 370, 372, 377, 381, 383, 389, 397, 400]
x_214: [1, 2, 3, 5, 6, 10, 11, 28, 31, 38, 40, 41, 42, 50, 57, 58, 60, 64, 68, 69, 70, 72, 73, 74, 81, 83, 87, 88, 90, 94, 95, 96, 97, 98, 100, 101, 103, 104, 108, 112, 113, 115, 116, 120, 122, 130, 131, 132, 136, 137, 140, 146, 147, 148, 152, 153, 154, 155, 157, 161, 169, 174, 180, 185, 189, 191, 202, 204, 208, 210, 211, 245, 263, 219, 221, 223, 224, 226, 230, 232, 233, 234, 238, 240, 246, 249, 251, 255, 256, 257, 259, 260, 262, 269, 272, 278, 279, 283, 284, 286, 287, 289, 292, 294, 300, 301, 303, 304, 305, 306, 312, 313, 315, 316, 317, 320, 321, 323, 325, 327, 329, 330, 333, 335, 337, 346, 347, 348, 350, 352, 358, 359, 362, 366, 371, 373, 379, 380, 381, 382, 383, 384, 386, 387, 396, 397, 400]
x_215: [6, 7, 17, 22, 24, 27, 28, 29, 31, 38, 40, 41, 42, 49, 53, 57, 66, 74, 83, 85, 88, 93, 95, 97, 98, 99, 100, 102, 107, 109, 110, 114, 115, 116, 119, 120, 122, 126, 129, 130, 132, 134, 140, 144, 147, 148, 153, 157, 161, 162, 167, 168, 170, 172, 173, 174, 176, 177, 192, 195, 197, 200, 201, 203, 204, 205, 209, 210, 211, 77, 283, 184, 363, 350, 21, 384, 222, 279, 91, 354, 312, 4, 346, 294, 263, 61, 9, 305, 216, 217, 220, 221, 224, 227, 229, 230, 232, 233, 234, 236, 242, 243, 244, 245, 246, 247, 252, 253, 254, 256, 260, 261, 262, 264, 265, 269, 272, 276, 277, 290, 292, 293, 303, 307, 311, 313, 314, 315, 316, 319, 321, 325, 328, 332, 334, 336, 339, 340, 348, 359, 365, 368, 371, 374, 378, 379, 381, 385, 387, 389, 391, 392, 400]
x_216: [2, 3, 4, 6, 10, 11, 12, 20, 31, 35, 36, 38, 39, 40, 41, 49, 54, 57, 58, 64, 68, 74, 75, 79, 83, 84, 90, 95, 97, 98, 100, 102, 103, 104, 105, 107, 108, 109, 110, 113, 115, 116, 119, 126, 128, 129, 130, 132, 134, 135, 140, 145, 147, 153, 155, 157, 158, 161, 162, 169, 174, 175, 177, 181, 183, 185, 187, 191, 193, 194, 196, 199, 204, 206, 207, 208, 211, 213, 9, 99, 179, 146, 378, 203, 306, 371, 396, 384, 294, 280, 19, 318, 399, 369, 276, 287, 45, 355, 273, 14, 5, 274, 376, 278, 142, 259, 323, 267, 163, 124, 351, 16, 101, 244, 8, 164, 28, 289, 320, 288, 144, 210, 61, 308, 186, 69, 77, 248, 190, 285, 236, 251, 60, 283, 291, 266, 13, 277, 301, 395, 106, 227, 270, 143, 149, 387, 332, 202, 233, 200, 171, 55, 241, 322, 34, 344, 78, 358, 117, 356, 391, 313, 385, 307, 176, 111, 42, 319, 159, 81, 293, 235, 188, 325, 92, 218, 234, 367, 215, 37, 300, 73, 292, 284, 337, 360, 178, 173, 32, 160, 352, 240, 239, 93, 133, 30, 65, 17, 381, 373, 89, 256, 370, 123, 392, 315, 363, 1, 250, 137, 303, 286, 231, 221, 328, 139, 220, 21, 141, 96, 333, 260, 228, 44, 343, 56, 51, 331, 18, 219, 222, 226, 230, 232, 238, 242, 243, 246, 247, 255, 258, 268, 272, 290, 298, 304, 305, 310, 314, 321, 327, 329, 334, 335, 338, 340, 342, 353, 357, 364, 365, 366, 374, 379, 386, 388, 389, 397, 398]
x_217: [1, 2, 4, 6, 7, 8, 9, 10, 13, 14, 18, 20, 24, 25, 27, 28, 31, 37, 38, 40, 41, 52, 53, 54, 56, 68, 69, 74, 75, 79, 83, 84, 91, 93, 94, 97, 98, 99, 100, 101, 104, 107, 110, 113, 115, 118, 120, 129, 131, 132, 133, 134, 144, 147, 148, 150, 153, 154, 157, 161, 165, 172, 173, 174, 175, 180, 187, 189, 192, 194, 195, 200, 202, 203, 204, 206, 207, 209, 213, 322, 176, 142, 319, 292, 80, 128, 235, 215, 314, 183, 168, 122, 170, 248, 346, 338, 219, 291, 308, 201, 289, 304, 196, 380, 19, 343, 43, 81, 114, 30, 375, 230, 234, 162, 64, 117, 384, 3, 358, 164, 272, 26, 60, 333, 271, 229, 231, 232, 233, 236, 237, 241, 244, 250, 253, 254, 255, 257, 259, 260, 262, 264, 265, 277, 280, 281, 282, 284, 290, 293, 296, 300, 303, 305, 307, 309, 310, 311, 316, 317, 323, 324, 328, 330, 334, 335, 336, 339, 340, 344, 345, 347, 348, 350, 359, 360, 361, 365, 370, 377, 378, 379, 381, 387, 389, 391, 392, 396, 397, 400]
x_218: [5, 6, 11, 16, 20, 25, 29, 30, 31, 35, 41, 43, 46, 51, 53, 55, 57, 58, 68, 70, 75, 81, 88, 89, 90, 95, 101, 102, 103, 108, 109, 110, 115, 119, 120, 123, 127, 129, 130, 134, 139, 145, 146, 147, 148, 151, 153, 154, 166, 168, 170, 171, 173, 185, 191, 198, 200, 201, 204, 207, 208, 209, 210, 211, 213, 216, 257, 235, 114, 175, 313, 137, 138, 369, 318, 65, 135, 319, 381, 126, 245, 336, 303, 362, 338, 306, 241, 86, 205, 34, 293, 388, 289, 180, 177, 275, 335, 316, 22, 163, 277, 104, 247, 357, 162, 174, 244, 266, 144, 118, 230, 273, 365, 347, 23, 268, 361, 323, 136, 219, 269, 128, 113, 305, 183, 69, 77, 193, 382, 83, 272, 155, 52, 373, 391, 132, 392, 85, 225, 226, 228, 231, 233, 234, 238, 239, 240, 242, 243, 248, 253, 254, 256, 260, 261, 264, 281, 283, 286, 291, 292, 296, 298, 300, 301, 304, 310, 311, 312, 314, 315, 317, 324, 325, 327, 328, 330, 333, 334, 339, 342, 344, 345, 348, 352, 354, 359, 363, 366, 370, 374, 375, 376, 378, 386, 387, 389, 394, 397, 398, 400]
x_219: [2, 3, 4, 6, 9, 10, 11, 14, 16, 24, 25, 26, 29, 35, 37, 40, 41, 44, 45, 46, 54, 63, 68, 73, 85, 86, 88, 90, 95, 98, 100, 101, 103, 105, 106, 107, 108, 109, 110, 111, 114, 118, 120, 122, 123, 124, 126, 130, 131, 132, 140, 142, 145, 146, 150, 159, 162, 170, 172, 181, 185, 189, 191, 193, 194, 196, 199, 200, 201, 204, 208, 210, 211, 217, 218, 357, 214, 152, 239, 352, 59, 336, 147, 183, 260, 143, 89, 184, 330, 82, 39, 371, 79, 134, 340, 36, 339, 42, 279, 303, 294, 377, 384, 334, 67, 272, 227, 74, 382, 66, 370, 197, 60, 329, 302, 263, 99, 125, 33, 235, 94, 383, 161, 308, 359, 76, 360, 206, 304, 155, 212, 23, 144, 257, 32, 301, 316, 61, 288, 333, 117, 163, 354, 310, 180, 347, 129, 8, 65, 115, 305, 188, 364, 276, 224, 335, 258, 77, 349, 367, 43, 112, 139, 205, 358, 363, 394, 28, 84, 259, 249, 31, 220, 287, 192, 350, 397, 238, 331, 154, 19, 346, 87, 375, 322, 253, 30, 53, 255, 186, 221, 320, 55, 307, 361, 325, 247, 342, 72, 121, 22, 345, 236, 296, 80, 390, 165, 57, 268, 256, 275, 133, 237, 113, 356, 293, 393, 97, 216, 222, 223, 179, 128, 312, 195, 362, 292, 225, 226, 229, 230, 233, 240, 242, 243, 245, 246, 248, 251, 252, 254, 261, 264, 265, 269, 270, 277, 285, 290, 291, 297, 311, 315, 317, 318, 321, 323, 324, 332, 337, 338, 341, 344, 351, 372, 374, 378, 379, 381, 385, 386, 388, 389]
x_220: [2, 5, 10, 13, 15, 18, 27, 28, 29, 30, 31, 35, 38, 43, 46, 51, 53, 54, 57, 58, 59, 60, 61, 63, 68, 69, 71, 73, 75, 80, 83, 84, 87, 91, 93, 94, 95, 103, 104, 105, 107, 113, 115, 116, 118, 119, 120, 122, 123, 124, 125, 126, 129, 130, 131, 132, 142, 144, 147, 148, 150, 151, 157, 161, 162, 164, 165, 166, 168, 170, 175, 177, 184, 186, 189, 191, 193, 194, 196, 197, 201, 204, 209, 210, 213, 216, 219, 159, 140, 21, 323, 400, 45, 90, 320, 40, 167, 289, 362, 314, 182, 77, 137, 136, 377, 348, 276, 315, 1, 222, 356, 297, 16, 329, 343, 169, 181, 267, 178, 207, 319, 55, 270, 49, 252, 241, 199, 172, 185, 236, 258, 152, 24, 232, 17, 92, 321, 41, 56, 228, 304, 345, 327, 309, 179, 371, 293, 249, 203, 78, 330, 255, 380, 240, 316, 65, 311, 8, 312, 146, 399, 20, 102, 286, 9, 6, 261, 99, 96, 351, 277, 318, 273, 117, 158, 12, 233, 88, 307, 246, 176, 366, 154, 383, 135, 224, 379, 174, 50, 300, 70, 355, 278, 283, 265, 52, 23, 250, 295, 279, 395, 340, 334, 212, 47, 231, 322, 282, 25, 89, 111, 138, 288, 386, 387, 133, 287, 215, 32, 195, 253, 22, 342, 266, 291, 382, 221, 227, 230, 234, 235, 238, 239, 244, 245, 247, 248, 251, 254, 257, 259, 260, 262, 268, 272, 281, 284, 285, 290, 292, 296, 306, 324, 328, 333, 335, 337, 338, 339, 344, 346, 347, 354, 358, 359, 361, 368, 373, 378, 384, 385, 388, 391, 392]
x_221: [3, 15, 17, 20, 22, 24, 25, 28, 29, 30, 31, 38, 41, 49, 53, 54, 57, 63, 68, 70, 75, 82, 83, 88, 89, 90, 93, 94, 95, 97, 98, 101, 104, 109, 115, 116, 120, 122, 123, 124, 125, 126, 128, 130, 131, 134, 137, 146, 147, 152, 154, 157, 160, 161, 168, 169, 170, 172, 174, 175, 178, 191, 194, 196, 197, 201, 203, 204, 205, 206, 208, 213, 216, 219, 164, 352, 300, 158, 182, 99, 136, 322, 222, 33, 189, 297, 365, 376, 81, 27, 14, 127, 247, 400, 60, 261, 144, 342, 110, 242, 18, 364, 349, 215, 96, 150, 279, 286, 263, 319, 58, 51, 372, 133, 303, 260, 225, 211, 373, 280, 79, 269, 274, 337, 46, 308, 74, 139, 202, 210, 394, 85, 266, 142, 105, 65, 119, 289, 36, 138, 351, 363, 7, 392, 42, 327, 356, 12, 233, 114, 243, 328, 371, 140, 45, 361, 241, 374, 325, 238, 290, 385, 4, 377, 13, 304, 231, 298, 2, 262, 267, 86, 77, 9, 192, 321, 50, 48, 80, 248, 10, 282, 180, 52, 326, 370, 272, 220, 345, 257, 380, 256, 11, 355, 268, 246, 258, 112, 302, 149, 34, 310, 195, 343, 111, 200, 8, 181, 273, 358, 56, 287, 236, 311, 295, 214, 291, 64, 44, 153, 314, 335, 252, 224, 102, 388, 16, 148, 357, 284, 288, 281, 121, 271, 35, 296, 379, 336, 340, 235, 251, 341, 395, 113, 186, 32, 232, 106, 305, 234, 227, 239, 240, 245, 249, 250, 253, 254, 255, 259, 278, 283, 293, 294, 306, 317, 324, 329, 333, 334, 347, 348, 350, 359, 362, 366, 367, 369, 382, 383, 386, 387, 389, 391, 396]
x_222: [1, 2, 3, 4, 5, 6, 8, 9, 11, 15, 18, 20, 21, 22, 28, 29, 31, 35, 37, 40, 41, 45, 46, 57, 66, 71, 74, 75, 79, 81, 83, 84, 85, 86, 90, 91, 95, 96, 98, 99, 100, 101, 115, 119, 120, 122, 124, 127, 130, 131, 132, 140, 143, 144, 147, 149, 151, 153, 156, 159, 162, 163, 165, 166, 168, 173, 176, 180, 191, 193, 195, 197, 200, 202, 203, 204, 205, 207, 209, 211, 215, 219, 220, 221, 382, 261, 352, 295, 350, 395, 216, 312, 249, 371, 297, 223, 228, 229, 230, 231, 232, 237, 238, 241, 244, 245, 248, 252, 253, 254, 257, 260, 262, 276, 281, 283, 285, 287, 289, 290, 292, 296, 298, 299, 301, 303, 306, 307, 310, 315, 317, 321, 328, 330, 333, 334, 335, 336, 340, 342, 344, 346, 348, 351, 359, 362, 365, 366, 376, 383, 385, 386, 388, 389, 391, 392, 396, 397]
x_223: [3, 7, 9, 10, 17, 18, 27, 28, 29, 31, 39, 45, 46, 49, 54, 55, 56, 58, 63, 66, 68, 75, 79, 80, 82, 84, 87, 90, 94, 95, 98, 100, 101, 103, 107, 108, 111, 113, 115, 117, 122, 123, 127, 146, 148, 151, 154, 158, 159, 162, 168, 170, 174, 175, 190, 193, 197, 198, 202, 203, 204, 206, 207, 209, 210, 219, 234, 313, 15, 373, 199, 375, 241, 310, 185, 387, 362, 331, 367, 34, 287, 355, 156, 236, 141, 317, 319, 214, 394, 297, 166, 330, 288, 132, 228, 5, 262, 35, 392, 267, 139, 342, 366, 52, 389, 116, 78, 393, 171, 274, 329, 379, 235, 298, 222, 172, 6, 328, 192, 350, 19, 251, 179, 32, 164, 364, 142, 260, 73, 212, 140, 195, 384, 372, 191, 130, 263, 208, 371, 105, 255, 23, 349, 294, 250, 89, 244, 381, 99, 176, 118, 135, 14, 291, 344, 357, 71, 261, 64, 226, 230, 233, 238, 240, 243, 245, 247, 253, 254, 264, 268, 272, 276, 277, 281, 286, 292, 293, 301, 304, 305, 306, 311, 312, 314, 324, 325, 334, 335, 340, 341, 343, 345, 353, 354, 359, 365, 369, 383, 385, 386, 388, 391, 397, 399, 400]
x_224: [4, 12, 13, 14, 17, 18, 20, 24, 26, 27, 29, 30, 31, 37, 38, 40, 46, 50, 54, 58, 59, 60, 70, 71, 73, 75, 79, 83, 85, 88, 93, 95, 96, 99, 100, 104, 107, 108, 110, 111, 117, 120, 122, 125, 130, 131, 134, 141, 143, 144, 145, 146, 147, 153, 158, 162, 163, 166, 168, 169, 170, 173, 191, 194, 197, 199, 201, 204, 205, 210, 211, 219, 220, 221, 373, 77, 275, 331, 322, 304, 292, 289, 265, 359, 78, 387, 178, 238, 376, 315, 288, 257, 139, 366, 383, 8, 336, 360, 53, 113, 398, 264, 193, 341, 393, 155, 396, 52, 280, 68, 267, 258, 7, 320, 112, 127, 208, 307, 80, 349, 176, 202, 269, 298, 212, 382, 25, 370, 47, 353, 254, 263, 67, 230, 297, 15, 380, 252, 98, 152, 372, 273, 97, 226, 22, 339, 340, 5, 9, 306, 228, 39, 69, 261, 291, 286, 174, 55, 369, 245, 295, 333, 138, 64, 171, 235, 84, 244, 361, 124, 253, 358, 115, 232, 57, 135, 195, 329, 63, 374, 81, 123, 390, 388, 106, 386, 11, 175, 364, 203, 352, 314, 32, 28, 121, 300, 279, 399, 285, 231, 43, 19, 243, 325, 215, 188, 61, 161, 66, 192, 384, 335, 16, 330, 362, 351, 200, 347, 36, 271, 62, 236, 248, 6, 3, 109, 76, 381, 356, 332, 186, 140, 227, 284, 94, 240, 51, 394, 385, 312, 310, 189, 92, 311, 148, 2, 160, 375, 44, 371, 241, 282, 365, 89, 214, 190, 400, 157, 234, 237, 239, 242, 246, 251, 260, 262, 283, 293, 296, 301, 308, 316, 317, 318, 337, 345, 346, 348, 354, 355, 357, 367, 377, 389, 397]
x_225: [1, 2, 3, 15, 16, 17, 18, 24, 25, 27, 29, 35, 38, 46, 51, 54, 57, 58, 68, 70, 73, 74, 75, 76, 79, 82, 83, 84, 87, 89, 91, 94, 95, 98, 100, 101, 103, 104, 107, 108, 110, 111, 113, 115, 119, 124, 126, 127, 129, 131, 132, 136, 140, 144, 147, 151, 161, 166, 167, 168, 170, 171, 172, 173, 177, 190, 193, 194, 197, 200, 201, 202, 204, 207, 208, 213, 221, 323, 133, 247, 330, 292, 278, 267, 93, 61, 337, 253, 245, 218, 355, 266, 159, 290, 183, 376, 139, 338, 141, 206, 226, 294, 109, 298, 162, 71, 258, 395, 8, 280, 106, 120, 187, 269, 81, 359, 227, 130, 250, 196, 373, 300, 316, 64, 347, 230, 97, 273, 219, 264, 189, 158, 322, 63, 400, 271, 229, 231, 232, 233, 235, 236, 240, 241, 243, 246, 249, 252, 254, 255, 257, 260, 261, 262, 265, 268, 279, 283, 293, 295, 297, 299, 303, 304, 306, 311, 318, 324, 333, 339, 340, 342, 344, 345, 346, 356, 362, 372, 374, 378, 379, 380, 381, 382, 384, 386, 389, 391, 397, 398]
x_226: [4, 6, 8, 9, 15, 16, 17, 21, 24, 25, 26, 28, 31, 35, 38, 40, 46, 47, 53, 54, 57, 58, 68, 79, 81, 84, 87, 89, 99, 101, 103, 104, 105, 106, 107, 110, 111, 116, 119, 120, 123, 126, 129, 130, 131, 132, 133, 134, 137, 140, 142, 144, 147, 153, 154, 158, 161, 162, 163, 167, 171, 176, 184, 185, 187, 191, 194, 203, 204, 209, 210, 224, 225, 264, 156, 337, 237, 37, 55, 70, 44, 260, 139, 223, 146, 371, 41, 385, 369, 91, 265, 114, 242, 282, 393, 80, 181, 51, 373, 186, 66, 253, 270, 377, 277, 145, 397, 383, 122, 206, 2, 342, 326, 284, 34, 243, 325, 159, 301, 323, 303, 43, 330, 333, 335, 76, 207, 121, 27, 74, 338, 90, 39, 299, 96, 97, 344, 83, 218, 19, 236, 12, 214, 69, 358, 267, 141, 367, 30, 319, 279, 292, 273, 202, 255, 200, 216, 174, 135, 272, 166, 283, 238, 88, 258, 361, 306, 304, 398, 11, 193, 251, 244, 281, 63, 72, 1, 315, 263, 316, 269, 340, 266, 249, 293, 219, 339, 148, 48, 20, 246, 13, 33, 10, 71, 275, 109, 305, 59, 192, 329, 125, 376, 399, 168, 321, 310, 188, 3, 294, 229, 230, 232, 234, 245, 262, 276, 287, 290, 291, 300, 309, 312, 313, 314, 317, 318, 324, 328, 336, 352, 354, 366, 368, 378, 379, 382, 384, 386, 388, 389, 392, 400]
x_227: [4, 5, 10, 11, 14, 16, 17, 18, 22, 24, 27, 31, 35, 37, 38, 40, 41, 43, 47, 52, 53, 54, 56, 57, 66, 73, 74, 81, 83, 84, 93, 95, 104, 109, 115, 119, 120, 123, 124, 126, 127, 132, 133, 134, 139, 144, 145, 147, 152, 153, 161, 162, 168, 170, 171, 173, 176, 185, 191, 193, 194, 201, 216, 219, 224, 225, 6, 220, 357, 315, 238, 199, 121, 116, 324, 210, 321, 211, 175, 12, 85, 245, 379, 79, 309, 160, 189, 19, 205, 125, 200, 279, 391, 212, 246, 355, 261, 268, 163, 362, 140, 157, 75, 340, 360, 49, 98, 289, 117, 15, 248, 359, 88, 26, 165, 44, 62, 368, 7, 374, 296, 99, 333, 376, 148, 204, 375, 266, 327, 337, 177, 317, 110, 388, 86, 221, 326, 130, 387, 339, 215, 91, 128, 336, 342, 272, 102, 207, 112, 292, 166, 334, 310, 239, 348, 244, 344, 328, 169, 305, 76, 101, 159, 400, 384, 143, 228, 229, 230, 231, 233, 234, 236, 241, 242, 243, 247, 249, 251, 254, 259, 260, 262, 264, 276, 281, 283, 285, 287, 290, 294, 297, 298, 301, 303, 306, 311, 313, 314, 316, 323, 330, 332, 346, 347, 350, 351, 353, 354, 356, 366, 367, 370, 372, 377, 378, 385, 386, 397]
x_228: [3, 4, 6, 10, 12, 13, 16, 25, 27, 29, 31, 37, 38, 40, 43, 46, 61, 70, 73, 75, 79, 80, 81, 83, 88, 91, 93, 96, 97, 98, 99, 101, 103, 105, 106, 115, 117, 118, 124, 127, 129, 130, 133, 134, 137, 145, 146, 157, 158, 162, 168, 172, 174, 175, 180, 183, 187, 193, 194, 195, 200, 203, 205, 206, 208, 210, 216, 220, 223, 224, 62, 20, 308, 258, 71, 11, 240, 116, 378, 377, 337, 74, 372, 132, 244, 19, 338, 318, 153, 272, 60, 310, 136, 293, 382, 256, 246, 368, 155, 222, 139, 313, 188, 2, 204, 297, 397, 233, 307, 114, 128, 299, 33, 160, 57, 319, 357, 322, 263, 278, 239, 373, 202, 143, 311, 257, 154, 238, 380, 252, 391, 135, 171, 7, 1, 230, 82, 287, 121, 324, 248, 218, 24, 84, 89, 392, 292, 152, 47, 376, 345, 390, 266, 291, 295, 335, 48, 110, 141, 227, 113, 229, 231, 232, 236, 242, 243, 245, 251, 254, 255, 259, 260, 262, 268, 269, 273, 281, 283, 286, 289, 290, 294, 300, 306, 312, 314, 316, 317, 321, 328, 336, 340, 343, 344, 354, 360, 366, 367, 371, 374, 375, 384, 388, 399]
x_229: [1, 2, 3, 4, 5, 8, 10, 16, 17, 18, 19, 21, 25, 29, 31, 36, 38, 40, 41, 47, 51, 52, 54, 58, 63, 66, 68, 75, 79, 83, 86, 87, 90, 93, 95, 97, 102, 104, 109, 111, 115, 117, 120, 126, 127, 128, 129, 130, 132, 133, 134, 137, 142, 144, 147, 150, 151, 154, 157, 165, 168, 169, 171, 172, 175, 177, 185, 189, 191, 192, 193, 201, 202, 204, 209, 210, 212, 213, 275, 161, 269, 393, 265, 148, 325, 197, 292, 27, 270, 385, 194, 226, 50, 317, 23, 139, 227, 219, 327, 96, 288, 354, 340, 77, 394, 378, 53, 91, 61, 318, 176, 356, 256, 326, 184, 228, 301, 225, 71, 199, 26, 140, 374, 338, 311, 232, 381, 383, 69, 135, 387, 122, 203, 258, 166, 353, 190, 178, 357, 24, 9, 257, 398, 6, 367, 48, 170, 355, 296, 358, 238, 182, 323, 55, 45, 359, 290, 149, 80, 85, 348, 337, 98, 268, 253, 376, 125, 7, 112, 360, 121, 306, 289, 277, 239, 187, 314, 215, 297, 255, 342, 30, 312, 285, 82, 20, 250, 330, 84, 163, 399, 252, 114, 334, 217, 364, 205, 248, 167, 382, 321, 245, 56, 78, 107, 261, 272, 243, 124, 396, 208, 299, 76, 44, 236, 81, 222, 244, 106, 302, 281, 329, 273, 375, 146, 336, 89, 231, 160, 350, 370, 316, 324, 282, 70, 319, 143, 390, 188, 180, 14, 293, 39, 57, 198, 371, 266, 278, 49, 42, 291, 309, 35, 241, 335, 99, 286, 162, 230, 235, 251, 262, 274, 283, 294, 300, 303, 304, 308, 310, 328, 343, 345, 346, 351, 373, 380, 384, 389, 391, 392, 397, 400]
x_230: [3, 5, 6, 10, 16, 18, 27, 29, 30, 31, 35, 37, 39, 41, 43, 46, 49, 53, 54, 56, 58, 60, 70, 73, 74, 75, 84, 88, 89, 95, 98, 99, 100, 103, 105, 107, 109, 110, 111, 115, 119, 123, 124, 125, 130, 131, 134, 137, 140, 144, 146, 147, 153, 155, 157, 162, 172, 176, 191, 194, 197, 200, 201, 202, 204, 211, 213, 217, 218, 224, 225, 228, 285, 48, 324, 173, 257, 175, 227, 323, 145, 90, 64, 113, 214, 208, 309, 215, 363, 343, 36, 350, 279, 114, 328, 81, 40, 135, 319, 239, 45, 347, 51, 289, 164, 223, 182, 235, 12, 189, 283, 158, 397, 304, 244, 234, 251, 44, 356, 231, 186, 33, 254, 198, 266, 4, 391, 258, 136, 63, 381, 61, 256, 294, 387, 297, 291, 66, 298, 382, 83, 263, 237, 383, 252, 116, 267, 273, 152, 269, 288, 346, 247, 187, 378, 278, 209, 371, 369, 76, 246, 17, 207, 47, 85, 253, 168, 72, 385, 236, 355, 274, 318, 91, 205, 129, 167, 161, 154, 62, 19, 50, 14, 233, 308, 314, 361, 226, 286, 367, 160, 210, 390, 196, 245, 165, 193, 188, 366, 358, 181, 249, 141, 138, 268, 282, 195, 229, 271, 281, 375, 26, 183, 398, 108, 255, 79, 277, 7, 38, 321, 222, 325, 190, 317, 334, 374, 248, 171, 106, 292, 302, 384, 139, 32, 396, 354, 219, 23, 339, 316, 301, 370, 389, 352, 372, 287, 1, 364, 393, 142, 67, 311, 101, 42, 216, 240, 315, 120, 290, 220, 261, 166, 276, 22, 112, 128, 365, 250, 320, 68, 122, 232, 241, 242, 260, 293, 299, 300, 305, 306, 310, 313, 327, 329, 337, 338, 340, 342, 344, 345, 348, 362, 380, 392, 400]
x_231: [1, 2, 3, 4, 7, 11, 15, 16, 25, 30, 31, 35, 38, 40, 48, 52, 54, 58, 60, 63, 66, 69, 70, 75, 76, 81, 84, 88, 92, 93, 95, 100, 103, 104, 107, 109, 113, 117, 122, 123, 126, 130, 132, 134, 142, 145, 146, 147, 148, 152, 153, 154, 155, 159, 162, 164, 168, 170, 175, 185, 192, 194, 195, 197, 202, 203, 204, 205, 206, 210, 213, 216, 220, 221, 224, 229, 230, 125, 24, 310, 268, 101, 371, 234, 361, 187, 398, 55, 138, 225, 253, 252, 198, 251, 128, 325, 362, 261, 240, 278, 323, 183, 400, 322, 136, 169, 73, 174, 312, 358, 33, 255, 42, 283, 392, 298, 282, 363, 179, 143, 71, 86, 56, 366, 45, 385, 173, 79, 339, 316, 330, 65, 151, 87, 46, 391, 245, 372, 18, 395, 305, 289, 386, 80, 281, 347, 163, 218, 373, 378, 350, 99, 342, 85, 157, 344, 176, 388, 9, 236, 83, 158, 12, 390, 269, 280, 227, 379, 217, 178, 271, 41, 89, 302, 267, 250, 228, 335, 165, 28, 222, 171, 112, 348, 352, 110, 345, 260, 59, 116, 355, 300, 320, 180, 19, 184, 98, 246, 332, 209, 394, 311, 141, 307, 396, 357, 186, 309, 232, 235, 243, 248, 249, 257, 259, 262, 272, 284, 288, 290, 292, 295, 304, 306, 313, 315, 321, 329, 333, 334, 336, 337, 338, 340, 343, 346, 349, 367, 374]
x_232: [2, 4, 5, 6, 14, 21, 22, 27, 29, 30, 31, 32, 38, 40, 41, 49, 53, 56, 57, 61, 63, 68, 69, 71, 75, 82, 83, 86, 89, 90, 91, 93, 95, 98, 99, 100, 101, 103, 104, 107, 109, 110, 111, 114, 115, 126, 130, 131, 142, 144, 145, 148, 150, 156, 157, 159, 163, 168, 171, 173, 184, 185, 190, 191, 194, 203, 204, 205, 220, 221, 224, 229, 330, 202, 323, 304, 306, 279, 251, 256, 259, 137, 213, 12, 153, 373, 141, 44, 215, 320, 28, 140, 255, 372, 66, 271, 253, 396, 298, 172, 147, 354, 309, 211, 15, 336, 123, 16, 208, 198, 324, 72, 284, 367, 50, 160, 393, 25, 102, 11, 228, 233, 272, 341, 197, 317, 315, 212, 398, 81, 399, 342, 247, 375, 364, 85, 282, 308, 129, 311, 291, 331, 244, 48, 335, 358, 250, 356, 37, 121, 143, 117, 242, 177, 246, 226, 36, 206, 65, 360, 340, 207, 249, 370, 78, 353, 217, 312, 392, 87, 371, 162, 84, 327, 278, 314, 116, 352, 164, 152, 366, 334, 209, 345, 119, 70, 51, 195, 305, 214, 120, 276, 239, 380, 231, 58, 290, 225, 379, 237, 295, 192, 35, 391, 343, 201, 285, 18, 384, 273, 216, 361, 310, 377, 230, 328, 42, 299, 154, 43, 73, 106, 176, 362, 264, 376, 322, 3, 19, 13, 316, 79, 383, 263, 187, 286, 388, 74, 105, 350, 76, 23, 287, 39, 236, 7, 118, 199, 385, 381, 166, 303, 382, 397, 45, 329, 241, 394, 326, 128, 96, 351, 183, 88, 296, 266, 222, 181, 348, 17, 325, 307, 258, 297, 378, 257, 234, 235, 248, 252, 254, 269, 270, 277, 281, 288, 293, 300, 302, 319, 321, 332, 333, 337, 338, 344, 346, 347, 349, 359, 365, 374, 387, 389, 400]
x_233: [2, 3, 5, 10, 14, 16, 17, 20, 22, 24, 25, 28, 35, 37, 38, 39, 41, 46, 54, 55, 56, 58, 61, 64, 66, 68, 70, 73, 75, 79, 80, 81, 87, 88, 93, 95, 96, 97, 100, 101, 107, 108, 109, 111, 115, 117, 120, 122, 123, 127, 131, 137, 140, 144, 145, 146, 147, 148, 150, 152, 155, 157, 161, 162, 168, 169, 172, 175, 185, 186, 189, 193, 195, 196, 197, 198, 200, 201, 202, 204, 210, 216, 220, 221, 228, 230, 232, 257, 74, 219, 132, 23, 273, 134, 151, 275, 138, 130, 119, 377, 43, 31, 223, 320, 323, 89, 105, 170, 370, 296, 287, 139, 206, 342, 62, 211, 72, 308, 187, 302, 281, 34, 339, 395, 334, 110, 253, 358, 353, 368, 277, 393, 367, 369, 252, 327, 248, 250, 142, 326, 389, 392, 379, 244, 245, 329, 344, 371, 387, 40, 306, 213, 351, 27, 103, 354, 190, 104, 225, 279, 85, 227, 284, 106, 124, 280, 349, 335, 215, 274, 394, 99, 126, 235, 19, 83, 214, 313, 217, 141, 181, 355, 7, 303, 276, 294, 292, 179, 246, 102, 15, 199, 398, 121, 288, 376, 363, 330, 45, 299, 36, 307, 128, 183, 165, 366, 48, 384, 243, 328, 159, 391, 9, 380, 352, 397, 310, 51, 91, 241, 361, 285, 266, 278, 300, 336, 356, 311, 218, 348, 8, 180, 77, 194, 212, 171, 399, 236, 247, 249, 251, 254, 255, 256, 258, 259, 261, 262, 264, 268, 272, 282, 283, 286, 289, 290, 291, 297, 298, 304, 314, 317, 321, 325, 332, 333, 337, 338, 340, 341, 343, 345, 350, 360, 364, 374, 378, 383, 388]
x_234: [3, 6, 11, 14, 17, 18, 22, 24, 29, 31, 32, 35, 44, 55, 66, 74, 79, 81, 82, 83, 88, 89, 90, 95, 97, 99, 101, 105, 107, 109, 110, 113, 115, 126, 127, 130, 134, 136, 137, 139, 140, 142, 145, 146, 147, 152, 153, 157, 162, 166, 169, 171, 172, 176, 180, 184, 185, 191, 193, 195, 200, 201, 204, 205, 211, 216, 217, 221, 223, 230, 231, 294, 394, 305, 129, 170, 148, 245, 149, 393, 71, 325, 206, 341, 383, 344, 160, 388, 72, 398, 279, 143, 284, 214, 9, 277, 274, 364, 286, 52, 103, 177, 395, 276, 292, 100, 381, 382, 232, 78, 270, 5, 7, 208, 335, 181, 373, 144, 155, 30, 168, 73, 174, 371, 227, 356, 188, 94, 198, 271, 378, 346, 80, 163, 321, 355, 353, 213, 167, 220, 156, 400, 87, 375, 84, 243, 57, 124, 92, 141, 296, 320, 255, 326, 278, 196, 62, 348, 56, 372, 309, 182, 15, 265, 224, 252, 267, 249, 354, 76, 260, 357, 303, 322, 120, 259, 240, 226, 238, 16, 187, 262, 27, 20, 385, 51, 310, 104, 352, 65, 263, 257, 268, 179, 128, 351, 358, 287, 349, 215, 239, 368, 336, 178, 59, 312, 26, 390, 258, 397, 1, 218, 199, 304, 315, 75, 248, 164, 158, 132, 114, 319, 70, 297, 389, 363, 328, 241, 121, 190, 285, 266, 272, 302, 125, 301, 347, 54, 60, 4, 138, 102, 45, 289, 61, 64, 330, 236, 242, 246, 251, 254, 261, 269, 280, 283, 290, 291, 298, 308, 311, 314, 316, 324, 327, 329, 332, 333, 338, 339, 340, 342, 343, 345, 350, 359, 362, 366, 370, 376, 379, 380, 384, 391]
x_235: [2, 3, 6, 9, 10, 11, 12, 14, 16, 19, 21, 25, 29, 30, 31, 38, 39, 40, 41, 43, 54, 55, 56, 70, 73, 75, 80, 82, 87, 88, 89, 90, 93, 95, 97, 103, 104, 110, 111, 118, 119, 120, 123, 126, 130, 137, 146, 147, 148, 153, 154, 162, 168, 169, 170, 172, 174, 176, 184, 191, 192, 193, 194, 195, 199, 202, 204, 205, 207, 210, 213, 216, 217, 218, 219, 221, 223, 224, 230, 233, 203, 291, 42, 332, 159, 327, 304, 57, 322, 254, 91, 262, 330, 160, 388, 143, 318, 313, 129, 383, 240, 255, 248, 128, 13, 84, 212, 359, 278, 140, 340, 345, 285, 301, 279, 122, 23, 232, 342, 364, 175, 112, 66, 46, 163, 196, 76, 366, 166, 72, 211, 74, 94, 229, 117, 329, 326, 398, 376, 256, 300, 245, 396, 386, 381, 32, 385, 155, 127, 81, 308, 37, 114, 109, 365, 273, 380, 18, 63, 62, 337, 27, 167, 339, 375, 102, 298, 312, 361, 78, 164, 289, 356, 250, 225, 209, 231, 371, 17, 253, 390, 320, 277, 178, 267, 156, 121, 336, 307, 220, 190, 261, 158, 251, 107, 59, 293, 8, 113, 372, 67, 378, 85, 288, 274, 138, 77, 26, 20, 393, 242, 236, 247, 198, 157, 296, 79, 249, 282, 208, 367, 252, 392, 151, 238, 243, 257, 259, 264, 268, 272, 283, 290, 297, 311, 314, 315, 321, 328, 331, 344, 346, 352, 368, 370, 373, 374, 379, 384, 391, 397]
x_236: [1, 2, 4, 8, 10, 22, 25, 34, 35, 37, 38, 41, 44, 46, 53, 54, 57, 58, 66, 69, 72, 74, 75, 79, 82, 84, 93, 94, 97, 98, 99, 100, 101, 103, 104, 107, 111, 117, 120, 124, 126, 128, 130, 131, 134, 137, 144, 147, 148, 150, 151, 153, 156, 157, 161, 162, 168, 171, 184, 185, 188, 190, 191, 195, 196, 200, 201, 207, 209, 216, 219, 220, 221, 223, 224, 226, 229, 230, 231, 232, 235, 109, 3, 331, 368, 181, 313, 290, 112, 257, 255, 366, 262, 381, 265, 27, 244, 251, 169, 372, 5, 140, 378, 173, 321, 11, 212, 133, 239, 370, 335, 375, 304, 393, 32, 344, 215, 285, 77, 233, 276, 152, 88, 234, 277, 217, 87, 364, 81, 116, 12, 198, 48, 391, 384, 146, 202, 301, 312, 167, 342, 95, 332, 102, 373, 203, 357, 268, 85, 263, 31, 237, 86, 367, 246, 166, 83, 253, 288, 377, 282, 108, 310, 281, 351, 71, 256, 292, 89, 394, 154, 63, 294, 395, 397, 392, 106, 143, 325, 374, 320, 30, 139, 142, 334, 179, 16, 165, 183, 70, 13, 60, 125, 274, 337, 210, 330, 7, 121, 396, 213, 280, 114, 228, 187, 400, 172, 238, 227, 76, 67, 354, 225, 314, 135, 390, 194, 371, 175, 388, 149, 254, 243, 240, 242, 249, 252, 260, 264, 270, 272, 275, 278, 283, 291, 296, 297, 298, 299, 305, 306, 315, 318, 323, 328, 333, 340, 346, 347, 350, 352, 362, 376, 379, 385, 387, 389]
x_237: [4, 5, 9, 12, 17, 18, 29, 30, 31, 37, 39, 43, 46, 49, 51, 53, 54, 57, 58, 61, 66, 68, 71, 72, 74, 82, 87, 89, 90, 91, 93, 96, 98, 99, 103, 104, 107, 109, 114, 115, 119, 122, 124, 126, 134, 140, 144, 146, 147, 150, 151, 153, 161, 168, 169, 170, 171, 173, 180, 181, 185, 187, 189, 197, 198, 199, 200, 201, 202, 205, 206, 207, 208, 210, 211, 212, 219, 226, 230, 232, 236, 15, 282, 299, 347, 294, 320, 398, 354, 92, 238, 75, 355, 368, 254, 304, 335, 217, 148, 81, 194, 359, 325, 396, 293, 132, 318, 50, 303, 222, 224, 244, 360, 337, 204, 64, 240, 241, 242, 243, 246, 247, 252, 253, 255, 257, 260, 264, 268, 272, 274, 278, 283, 285, 289, 290, 291, 292, 296, 298, 300, 310, 311, 314, 315, 317, 323, 333, 334, 336, 338, 339, 340, 341, 342, 343, 344, 345, 346, 348, 353, 356, 361, 366, 367, 370, 373, 374, 377, 378, 383, 384, 385, 386, 387, 388, 389, 400]
x_238: [3, 5, 6, 9, 10, 21, 25, 29, 30, 31, 35, 37, 39, 40, 41, 43, 44, 45, 54, 60, 61, 62, 66, 69, 70, 73, 74, 82, 83, 86, 87, 91, 95, 96, 97, 98, 100, 103, 105, 107, 109, 110, 111, 113, 116, 117, 119, 120, 123, 126, 131, 133, 134, 140, 141, 144, 145, 146, 147, 159, 162, 168, 171, 175, 185, 199, 200, 201, 202, 204, 206, 207, 211, 219, 221, 224, 226, 227, 228, 229, 234, 236, 237, 4, 170, 296, 130, 198, 136, 286, 205, 285, 356, 398, 277, 8, 135, 279, 273, 343, 17, 156, 368, 51, 24, 244, 366, 352, 261, 165, 152, 122, 264, 85, 203, 281, 318, 256, 385, 81, 42, 137, 334, 288, 169, 77, 218, 213, 257, 27, 240, 389, 388, 19, 128, 260, 68, 49, 353, 59, 247, 263, 158, 395, 118, 317, 400, 182, 173, 399, 241, 306, 265, 394, 197, 377, 99, 315, 291, 259, 255, 384, 121, 1, 304, 314, 216, 179, 76, 2, 325, 57, 154, 302, 342, 235, 347, 157, 172, 191, 316, 327, 361, 287, 220, 253, 341, 392, 222, 64, 276, 375, 371, 305, 115, 379, 214, 303, 280, 267, 319, 349, 20, 293, 58, 321, 295, 53, 12, 164, 108, 138, 129, 80, 301, 223, 254, 308, 190, 239, 243, 245, 249, 262, 269, 272, 278, 282, 284, 292, 294, 298, 299, 307, 310, 311, 328, 330, 332, 335, 344, 348, 350, 351, 359, 360, 364, 365, 372, 378, 381, 382, 383, 386, 391, 396, 397]
x_239: [9, 16, 21, 25, 29, 30, 31, 37, 40, 44, 46, 55, 57, 60, 62, 63, 66, 68, 69, 71, 73, 74, 79, 80, 81, 82, 84, 88, 90, 93, 95, 98, 100, 101, 102, 105, 107, 108, 110, 113, 115, 116, 119, 122, 126, 127, 128, 129, 130, 131, 132, 133, 134, 147, 148, 149, 153, 154, 155, 157, 159, 168, 169, 170, 171, 173, 174, 176, 193, 194, 197, 201, 203, 204, 207, 208, 209, 211, 216, 219, 227, 228, 229, 230, 232, 234, 236, 18, 145, 329, 65, 292, 178, 99, 85, 337, 297, 252, 253, 249, 269, 394, 361, 224, 391, 158, 48, 250, 354, 78, 139, 196, 320, 357, 270, 104, 246, 35, 367, 92, 283, 166, 6, 125, 8, 183, 19, 191, 221, 344, 307, 322, 210, 218, 195, 268, 91, 192, 378, 328, 375, 377, 220, 152, 275, 286, 331, 400, 316, 318, 142, 317, 238, 42, 256, 13, 83, 365, 136, 362, 381, 241, 242, 243, 244, 245, 248, 251, 255, 259, 261, 264, 272, 276, 277, 280, 290, 294, 298, 299, 301, 306, 310, 311, 312, 313, 314, 319, 321, 324, 327, 332, 334, 335, 336, 339, 341, 343, 345, 346, 347, 350, 352, 368, 370, 372, 379, 383, 384, 385, 387, 388, 397]
x_240: [4, 10, 16, 22, 24, 25, 30, 31, 35, 37, 38, 40, 41, 43, 44, 46, 49, 52, 53, 54, 57, 63, 66, 70, 74, 81, 83, 84, 86, 87, 94, 95, 97, 98, 99, 100, 107, 108, 110, 111, 115, 120, 123, 124, 129, 135, 141, 143, 145, 146, 153, 157, 158, 161, 162, 165, 166, 168, 170, 171, 175, 180, 185, 186, 187, 192, 193, 194, 196, 197, 202, 203, 204, 206, 208, 210, 211, 216, 220, 224, 228, 230, 231, 234, 235, 238, 65, 368, 56, 59, 349, 297, 352, 133, 55, 200, 26, 358, 241, 138, 314, 90, 380, 390, 309, 290, 351, 50, 136, 379, 195, 252, 144, 7, 188, 134, 201, 178, 371, 243, 5, 179, 96, 400, 387, 394, 393, 328, 294, 338, 207, 397, 303, 184, 323, 282, 369, 76, 34, 82, 353, 253, 277, 265, 48, 281, 247, 399, 218, 250, 359, 336, 209, 102, 137, 214, 223, 395, 92, 262, 121, 1, 283, 261, 45, 219, 131, 103, 355, 67, 212, 327, 58, 177, 18, 248, 147, 293, 12, 269, 280, 105, 39, 225, 221, 73, 310, 9, 316, 317, 69, 341, 72, 267, 237, 272, 396, 236, 127, 164, 362, 263, 332, 389, 367, 163, 386, 381, 85, 176, 337, 291, 182, 244, 246, 251, 254, 257, 258, 259, 260, 264, 268, 276, 284, 286, 289, 299, 304, 305, 306, 308, 315, 329, 331, 334, 335, 339, 340, 342, 343, 344, 347, 348, 350, 354, 361, 365, 372, 376, 378, 382, 384, 385, 391]
x_241: [2, 3, 5, 7, 10, 13, 17, 18, 20, 25, 29, 30, 31, 35, 37, 38, 39, 46, 49, 53, 55, 68, 69, 73, 75, 79, 82, 87, 91, 95, 97, 98, 100, 103, 106, 107, 108, 109, 110, 120, 122, 123, 124, 126, 129, 130, 133, 134, 136, 140, 145, 150, 154, 157, 162, 168, 169, 175, 176, 181, 185, 186, 187, 190, 192, 194, 195, 196, 201, 202, 207, 216, 218, 220, 221, 223, 224, 229, 232, 233, 234, 238, 240, 239, 8, 227, 321, 354, 81, 361, 245, 325, 324, 164, 387, 67, 358, 343, 295, 257, 166, 63, 158, 375, 193, 141, 230, 54, 303, 147, 376, 92, 251, 305, 356, 273, 369, 206, 279, 4, 114, 32, 222, 393, 51, 243, 171, 338, 264, 180, 353, 71, 388, 12, 383, 76, 335, 209, 382, 77, 173, 379, 364, 373, 146, 189, 252, 351, 151, 197, 365, 394, 21, 182, 85, 131, 323, 310, 78, 336, 390, 322, 24, 299, 342, 90, 315, 363, 139, 27, 142, 26, 250, 167, 237, 244, 115, 272, 278, 60, 277, 152, 83, 368, 149, 137, 118, 11, 263, 284, 298, 84, 138, 225, 332, 121, 64, 266, 174, 276, 1, 58, 253, 396, 144, 9, 260, 307, 22, 268, 99, 271, 341, 347, 59, 61, 326, 112, 329, 132, 262, 384, 366, 143, 256, 280, 40, 397, 328, 297, 287, 270, 385, 127, 374, 33, 88, 392, 327, 352, 290, 204, 217, 355, 205, 308, 159, 381, 309, 348, 246, 255, 259, 261, 265, 269, 283, 292, 294, 300, 304, 306, 311, 312, 316, 333, 337, 339, 357, 370, 371, 377, 378, 391, 400]
x_242: [1, 9, 11, 14, 16, 17, 19, 22, 24, 26, 31, 35, 40, 41, 43, 50, 57, 63, 66, 73, 74, 75, 84, 87, 88, 91, 95, 100, 101, 105, 106, 107, 108, 111, 116, 118, 120, 123, 127, 129, 130, 136, 139, 141, 146, 147, 159, 168, 170, 176, 184, 185, 191, 193, 195, 196, 197, 198, 199, 201, 202, 204, 207, 208, 209, 210, 211, 213, 221, 226, 232, 235, 289, 228, 311, 264, 76, 247, 257, 284, 339, 36, 51, 54, 29, 250, 237, 349, 8, 393, 13, 302, 390, 85, 33, 137, 3, 81, 65, 86, 340, 230, 20, 77, 388, 25, 376, 71, 335, 27, 224, 60, 117, 246, 312, 256, 125, 2, 52, 398, 307, 281, 286, 55, 44, 337, 287, 355, 179, 291, 248, 343, 92, 298, 173, 324, 236, 280, 47, 124, 266, 303, 15, 327, 186, 172, 243, 330, 151, 157, 189, 351, 244, 304, 212, 93, 375, 259, 72, 377, 113, 215, 261, 37, 306, 263, 318, 374, 319, 285, 358, 371, 155, 89, 7, 380, 143, 145, 56, 269, 345, 90, 239, 131, 296, 203, 39, 361, 292, 353, 140, 187, 357, 154, 122, 49, 219, 308, 112, 234, 216, 258, 48, 338, 6, 274, 365, 389, 344, 46, 293, 156, 128, 161, 300, 381, 279, 245, 251, 227, 53, 295, 218, 126, 313, 180, 249, 254, 255, 260, 268, 272, 278, 290, 299, 301, 305, 314, 315, 316, 317, 321, 322, 326, 328, 332, 334, 336, 341, 342, 347, 348, 350, 356, 359, 364, 366, 367, 370, 373, 378, 386, 387, 391, 397, 400]
x_243: [2, 7, 9, 11, 15, 27, 30, 31, 36, 38, 39, 50, 54, 63, 66, 75, 81, 82, 85, 88, 95, 97, 101, 103, 104, 107, 108, 109, 113, 115, 117, 129, 131, 134, 140, 145, 146, 148, 150, 152, 153, 157, 163, 171, 172, 174, 175, 176, 185, 189, 192, 193, 194, 195, 197, 200, 201, 221, 224, 226, 229, 233, 234, 236, 240, 241, 242, 237, 91, 387, 151, 356, 267, 169, 262, 105, 328, 255, 68, 340, 281, 307, 397, 309, 206, 76, 261, 392, 319, 180, 244, 77, 325, 306, 379, 381, 227, 352, 118, 266, 358, 96, 239, 196, 385, 62, 320, 34, 364, 26, 287, 41, 389, 18, 4, 51, 273, 183, 293, 57, 179, 64, 256, 336, 360, 78, 354, 337, 159, 400, 216, 137, 33, 47, 32, 326, 111, 344, 42, 342, 346, 204, 228, 165, 314, 296, 333, 8, 276, 138, 251, 205, 86, 99, 121, 24, 218, 292, 376, 396, 223, 363, 298, 160, 80, 235, 67, 132, 199, 377, 285, 43, 65, 177, 127, 12, 209, 311, 25, 178, 269, 367, 219, 44, 83, 110, 40, 61, 275, 122, 316, 70, 181, 304, 182, 345, 56, 90, 10, 142, 212, 23, 184, 74, 302, 128, 100, 102, 391, 46, 29, 384, 125, 166, 258, 264, 375, 191, 147, 312, 284, 225, 21, 323, 231, 215, 393, 291, 155, 348, 299, 94, 295, 280, 69, 136, 19, 250, 395, 268, 274, 238, 330, 322, 259, 382, 84, 288, 58, 300, 350, 141, 3, 45, 14, 303, 53, 297, 341, 370, 249, 154, 164, 373, 265, 290, 248, 253, 254, 257, 260, 272, 278, 283, 289, 305, 315, 318, 321, 327, 334, 335, 343, 359, 366, 380, 386]
x_244: [7, 12, 15, 16, 17, 18, 21, 22, 27, 29, 31, 35, 38, 48, 49, 54, 58, 61, 66, 68, 70, 81, 82, 83, 84, 87, 90, 93, 94, 95, 98, 99, 100, 101, 102, 103, 111, 113, 116, 119, 120, 122, 123, 127, 128, 129, 130, 131, 132, 133, 134, 139, 142, 144, 147, 150, 151, 153, 157, 169, 170, 171, 172, 173, 174, 177, 183, 185, 190, 191, 193, 194, 200, 207, 210, 213, 216, 218, 223, 224, 226, 227, 228, 229, 230, 232, 233, 236, 237, 238, 241, 242, 243, 369, 42, 382, 343, 385, 268, 347, 311, 195, 209, 276, 360, 59, 89, 370, 36, 107, 138, 273, 45, 251, 25, 189, 260, 396, 292, 327, 365, 60, 67, 9, 197, 288, 388, 201, 252, 46, 33, 26, 104, 206, 51, 373, 2, 389, 304, 274, 175, 186, 298, 317, 65, 371, 253, 188, 284, 380, 146, 143, 64, 289, 359, 384, 346, 339, 217, 366, 355, 62, 348, 285, 179, 167, 337, 125, 114, 306, 199, 280, 184, 149, 85, 239, 267, 296, 278, 28, 156, 69, 106, 381, 145, 307, 79, 97, 272, 269, 293, 135, 192, 43, 74, 3, 34, 37, 259, 155, 255, 249, 334, 336, 333, 265, 308, 1, 392, 162, 215, 14, 136, 257, 363, 305, 313, 335, 6, 13, 208, 342, 222, 258, 301, 266, 166, 240, 299, 40, 73, 50, 63, 350, 124, 315, 126, 32, 341, 47, 354, 96, 254, 394, 137, 361, 105, 118, 202, 377, 391, 220, 352, 256, 4, 112, 110, 23, 246, 283, 263, 20, 281, 245, 321, 397, 331, 395, 121, 109, 323, 378, 390, 398, 5, 302, 165, 399, 277, 286, 287, 290, 291, 294, 300, 310, 314, 325, 328, 329, 330, 332, 340, 344, 351, 353, 364, 367, 372, 374, 379, 383, 386, 400]
x_245: [3, 10, 11, 16, 17, 18, 19, 23, 24, 27, 28, 29, 31, 35, 38, 40, 43, 45, 46, 53, 57, 58, 61, 68, 71, 74, 76, 79, 81, 83, 84, 86, 87, 89, 90, 93, 94, 95, 97, 98, 100, 101, 103, 104, 105, 111, 115, 119, 123, 128, 131, 132, 136, 140, 144, 145, 147, 150, 152, 153, 162, 169, 171, 172, 176, 184, 191, 192, 193, 200, 203, 204, 208, 214, 218, 224, 225, 227, 229, 230, 231, 233, 234, 235, 241, 242, 244, 221, 88, 188, 357, 99, 353, 291, 173, 1, 301, 22, 67, 254, 330, 389, 107, 284, 151, 2, 393, 223, 305, 356, 62, 372, 197, 228, 367, 42, 158, 114, 391, 364, 398, 34, 328, 369, 175, 278, 293, 261, 396, 13, 311, 222, 80, 363, 250, 7, 6, 255, 238, 275, 327, 102, 70, 138, 273, 386, 47, 294, 263, 213, 14, 247, 220, 48, 219, 373, 375, 163, 85, 185, 226, 292, 118, 126, 276, 133, 374, 65, 365, 332, 37, 125, 257, 55, 260, 307, 371, 201, 378, 312, 39, 183, 25, 370, 342, 385, 198, 336, 288, 326, 256, 361, 296, 63, 54, 354, 5, 41, 137, 253, 308, 269, 395, 96, 300, 174, 108, 77, 211, 295, 207, 285, 325, 383, 262, 384, 316, 64, 32, 358, 109, 350, 121, 251, 315, 252, 112, 282, 210, 135, 26, 209, 239, 347, 212, 30, 320, 180, 366, 258, 139, 141, 331, 264, 164, 155, 157, 390, 334, 75, 124, 127, 382, 346, 215, 51, 387, 299, 360, 142, 376, 394, 279, 267, 368, 59, 290, 352, 72, 321, 120, 298, 318, 272, 12, 266, 309, 246, 259, 268, 270, 274, 283, 303, 304, 306, 314, 324, 335, 337, 338, 341, 345, 348, 351, 359, 362, 377, 392, 397]
x_246: [2, 3, 5, 6, 7, 9, 11, 15, 20, 21, 22, 35, 37, 39, 40, 42, 44, 45, 48, 49, 51, 53, 66, 70, 74, 75, 76, 82, 93, 94, 95, 96, 97, 98, 101, 103, 104, 105, 106, 107, 108, 109, 110, 113, 115, 119, 120, 124, 125, 127, 129, 130, 131, 134, 140, 141, 142, 145, 146, 147, 152, 156, 157, 159, 170, 171, 172, 176, 180, 184, 187, 191, 194, 195, 196, 197, 198, 199, 200, 202, 203, 204, 207, 220, 221, 226, 227, 228, 230, 231, 232, 233, 236, 239, 242, 244, 364, 224, 257, 24, 121, 137, 331, 342, 369, 309, 253, 381, 165, 256, 61, 252, 280, 301, 179, 213, 216, 136, 10, 80, 295, 249, 348, 205, 215, 362, 60, 287, 344, 190, 155, 306, 353, 251, 324, 308, 377, 338, 343, 294, 88, 318, 57, 383, 92, 69, 25, 332, 85, 149, 166, 144, 352, 32, 260, 28, 102, 300, 126, 397, 189, 358, 183, 150, 326, 122, 133, 100, 298, 340, 366, 370, 282, 158, 273, 241, 30, 312, 319, 296, 240, 245, 333, 357, 168, 247, 29, 299, 4, 270, 361, 67, 114, 56, 208, 111, 79, 293, 384, 154, 302, 376, 398, 259, 63, 123, 148, 50, 265, 55, 347, 286, 267, 175, 271, 128, 254, 237, 206, 214, 380, 386, 284, 17, 349, 363, 322, 135, 219, 400, 143, 72, 234, 277, 162, 314, 163, 188, 337, 255, 387, 68, 360, 356, 375, 139, 83, 116, 77, 87, 210, 201, 90, 38, 117, 14, 351, 305, 212, 316, 276, 225, 8, 311, 334, 355, 250, 258, 261, 263, 264, 269, 275, 278, 279, 281, 283, 290, 291, 292, 297, 321, 323, 327, 328, 346, 359, 372, 374, 378, 388, 389, 392, 399]
x_247: [2, 5, 6, 10, 15, 16, 21, 24, 25, 26, 29, 39, 40, 43, 45, 46, 60, 66, 68, 70, 75, 76, 79, 80, 88, 89, 90, 93, 95, 99, 104, 110, 111, 113, 119, 120, 122, 123, 126, 129, 131, 140, 141, 145, 147, 149, 153, 161, 162, 168, 169, 170, 171, 176, 177, 183, 186, 193, 194, 199, 202, 203, 205, 207, 210, 213, 218, 219, 221, 225, 230, 232, 235, 238, 240, 242, 245, 246, 330, 204, 105, 293, 361, 98, 136, 233, 380, 114, 51, 83, 12, 329, 63, 223, 255, 94, 85, 323, 301, 179, 299, 91, 279, 331, 101, 357, 286, 356, 191, 174, 216, 263, 7, 215, 314, 13, 189, 273, 306, 35, 198, 173, 206, 11, 298, 367, 376, 155, 285, 19, 326, 128, 130, 57, 288, 359, 187, 27, 358, 274, 115, 276, 9, 318, 370, 397, 308, 353, 52, 158, 346, 271, 316, 148, 33, 185, 44, 317, 47, 262, 58, 165, 340, 220, 350, 172, 121, 373, 182, 277, 344, 388, 55, 302, 73, 265, 399, 341, 124, 212, 270, 281, 385, 398, 312, 389, 134, 71, 227, 135, 127, 50, 272, 311, 48, 237, 184, 8, 1, 74, 259, 351, 290, 337, 384, 42, 395, 195, 248, 249, 250, 252, 253, 254, 257, 258, 260, 261, 269, 278, 289, 297, 304, 310, 315, 321, 325, 328, 333, 336, 338, 339, 342, 352, 362, 364, 366, 369, 372, 379, 387]
x_248: [4, 6, 8, 16, 17, 24, 25, 28, 29, 30, 40, 41, 43, 54, 62, 74, 75, 80, 84, 86, 89, 90, 93, 94, 95, 98, 100, 101, 102, 103, 107, 108, 109, 115, 119, 122, 123, 125, 126, 130, 131, 133, 144, 146, 150, 151, 153, 156, 162, 168, 169, 171, 180, 189, 191, 193, 197, 198, 200, 202, 203, 204, 205, 210, 216, 217, 221, 224, 227, 228, 229, 230, 233, 234, 235, 240, 242, 36, 262, 113, 272, 381, 199, 14, 359, 183, 209, 63, 97, 222, 390, 386, 298, 303, 166, 185, 297, 110, 92, 147, 346, 328, 52, 134, 140, 218, 173, 278, 250, 324, 270, 344, 277, 220, 164, 157, 26, 165, 44, 311, 347, 66, 273, 259, 174, 39, 20, 104, 353, 67, 83, 186, 352, 190, 274, 251, 254, 349, 373, 81, 367, 139, 370, 58, 53, 47, 61, 142, 42, 281, 129, 360, 35, 160, 265, 78, 335, 138, 33, 293, 231, 247, 264, 348, 400, 399, 388, 158, 211, 1, 288, 46, 48, 18, 310, 19, 345, 70, 268, 372, 239, 302, 196, 148, 69, 124, 369, 364, 329, 170, 393, 112, 258, 362, 296, 175, 99, 319, 283, 232, 7, 179, 219, 34, 12, 378, 269, 308, 289, 256, 57, 51, 375, 382, 206, 380, 73, 280, 321, 59, 371, 286, 342, 299, 15, 184, 243, 282, 208, 176, 249, 252, 253, 257, 261, 276, 279, 287, 290, 291, 292, 304, 305, 306, 314, 315, 323, 330, 331, 332, 334, 337, 339, 340, 341, 354, 356, 358, 361, 374, 377, 379, 383, 385, 387, 391, 396, 397, 398]
x_249: [2, 3, 4, 6, 10, 15, 17, 27, 28, 29, 31, 37, 38, 40, 46, 52, 59, 74, 79, 83, 87, 90, 91, 93, 94, 95, 100, 101, 103, 109, 113, 116, 118, 120, 125, 126, 130, 135, 141, 143, 144, 151, 153, 157, 162, 165, 168, 169, 173, 174, 175, 185, 187, 191, 192, 193, 196, 199, 200, 201, 207, 211, 219, 220, 222, 226, 230, 232, 234, 235, 239, 243, 244, 246, 227, 36, 300, 81, 9, 156, 63, 265, 377, 271, 392, 221, 238, 26, 182, 158, 194, 331, 80, 69, 21, 253, 115, 309, 373, 233, 248, 67, 166, 214, 287, 344, 305, 14, 316, 264, 186, 400, 39, 379, 328, 88, 148, 112, 198, 138, 110, 131, 362, 225, 323, 306, 366, 82, 72, 177, 12, 261, 49, 250, 321, 361, 298, 132, 210, 167, 363, 376, 320, 128, 163, 280, 124, 123, 387, 242, 329, 318, 114, 96, 16, 24, 205, 259, 339, 76, 183, 267, 142, 336, 89, 197, 269, 181, 275, 247, 358, 7, 317, 61, 106, 380, 236, 53, 370, 251, 102, 8, 25, 231, 350, 304, 258, 268, 272, 273, 283, 291, 296, 301, 303, 308, 310, 311, 314, 319, 325, 332, 335, 337, 338, 340, 342, 346, 348, 352, 354, 364, 365, 368, 371, 374, 378, 384, 386, 388, 389, 390, 396, 397]
x_250: [1, 3, 6, 9, 11, 15, 16, 18, 27, 30, 31, 37, 38, 39, 40, 43, 46, 49, 57, 58, 62, 66, 68, 71, 72, 73, 74, 75, 81, 83, 84, 88, 90, 95, 97, 98, 101, 103, 105, 107, 108, 109, 110, 111, 113, 116, 119, 120, 123, 124, 126, 127, 130, 132, 137, 142, 145, 147, 150, 152, 153, 158, 163, 169, 170, 175, 176, 186, 189, 191, 197, 200, 202, 206, 207, 209, 210, 216, 220, 223, 225, 229, 230, 231, 232, 233, 235, 239, 240, 241, 242, 243, 245, 248, 249, 213, 323, 347, 56, 77, 156, 138, 106, 288, 161, 217, 265, 69, 341, 21, 273, 332, 246, 157, 343, 129, 164, 344, 378, 42, 221, 359, 315, 307, 310, 23, 247, 380, 172, 334, 348, 190, 270, 280, 251, 253, 254, 255, 257, 259, 260, 261, 264, 281, 284, 287, 292, 293, 297, 298, 299, 300, 303, 306, 308, 314, 316, 317, 329, 330, 335, 337, 339, 340, 349, 350, 352, 353, 357, 358, 360, 361, 365, 369, 370, 376, 379, 381, 384, 386, 388, 392, 400]
x_251: [2, 3, 10, 11, 13, 14, 16, 17, 22, 25, 28, 31, 38, 41, 46, 53, 54, 56, 57, 62, 74, 84, 86, 90, 93, 97, 99, 101, 102, 103, 109, 110, 111, 115, 116, 119, 122, 123, 124, 126, 127, 129, 130, 131, 132, 134, 139, 140, 141, 144, 145, 147, 151, 153, 154, 157, 175, 176, 179, 188, 191, 193, 197, 200, 202, 204, 208, 210, 216, 221, 223, 226, 230, 231, 232, 235, 236, 241, 242, 243, 244, 245, 246, 248, 249, 298, 171, 353, 384, 201, 284, 305, 265, 106, 364, 138, 198, 327, 92, 366, 351, 155, 166, 295, 71, 227, 52, 259, 283, 268, 26, 341, 362, 133, 234, 15, 229, 186, 309, 336, 349, 30, 96, 396, 9, 346, 361, 75, 329, 252, 301, 195, 377, 323, 190, 271, 19, 297, 326, 340, 70, 4, 143, 359, 161, 397, 108, 33, 39, 24, 330, 400, 185, 276, 368, 379, 73, 274, 371, 51, 150, 365, 120, 182, 354, 335, 290, 1, 21, 67, 296, 332, 325, 34, 136, 277, 20, 174, 337, 207, 47, 214, 66, 286, 12, 88, 65, 137, 308, 257, 393, 345, 69, 64, 35, 42, 313, 322, 5, 29, 76, 357, 43, 220, 240, 206, 233, 32, 261, 59, 89, 288, 172, 250, 125, 272, 347, 316, 205, 282, 291, 239, 194, 189, 209, 184, 178, 392, 386, 177, 158, 40, 389, 342, 183, 320, 307, 263, 72, 355, 224, 228, 331, 356, 338, 87, 382, 269, 314, 148, 219, 317, 343, 350, 254, 255, 256, 258, 262, 279, 281, 293, 294, 299, 300, 303, 311, 315, 319, 328, 339, 344, 352, 370, 374, 375, 376, 385, 388]
x_252: [4, 5, 6, 7, 10, 11, 13, 16, 20, 24, 25, 31, 35, 38, 43, 45, 46, 53, 57, 63, 68, 71, 74, 75, 79, 80, 81, 84, 88, 90, 95, 98, 100, 103, 107, 108, 109, 115, 120, 127, 131, 134, 139, 148, 151, 152, 157, 158, 162, 165, 174, 187, 188, 191, 194, 198, 200, 203, 213, 220, 221, 224, 228, 229, 230, 231, 233, 234, 235, 239, 240, 241, 244, 245, 246, 251, 272, 328, 101, 178, 183, 105, 253, 271, 86, 379, 304, 288, 12, 112, 65, 382, 169, 32, 26, 375, 341, 91, 293, 387, 384, 37, 334, 397, 59, 39, 258, 210, 315, 147, 70, 51, 324, 311, 161, 177, 104, 17, 159, 44, 303, 289, 298, 388, 30, 135, 339, 87, 193, 398, 61, 282, 117, 248, 319, 264, 92, 180, 308, 36, 237, 137, 2, 331, 268, 326, 333, 338, 283, 284, 287, 93, 21, 160, 23, 247, 395, 357, 392, 349, 219, 208, 364, 67, 199, 390, 363, 49, 295, 376, 171, 329, 394, 130, 175, 296, 116, 60, 78, 149, 232, 225, 18, 207, 28, 279, 122, 179, 184, 360, 190, 400, 167, 236, 369, 69, 204, 310, 301, 362, 166, 381, 343, 294, 8, 383, 140, 29, 33, 97, 48, 265, 222, 176, 313, 399, 136, 55, 348, 317, 62, 215, 50, 337, 391, 309, 64, 66, 85, 56, 123, 257, 254, 259, 260, 261, 262, 269, 273, 277, 278, 281, 291, 299, 305, 306, 314, 318, 321, 330, 332, 335, 344, 345, 346, 347, 350, 352, 358, 365, 367, 370, 377, 380, 386, 389]
x_253: [2, 3, 4, 6, 7, 9, 10, 18, 20, 22, 27, 28, 29, 30, 36, 37, 40, 41, 43, 49, 50, 51, 53, 54, 57, 63, 64, 66, 70, 74, 88, 90, 95, 97, 98, 104, 107, 109, 111, 114, 115, 123, 124, 125, 126, 129, 134, 136, 144, 145, 147, 152, 155, 157, 158, 161, 168, 169, 171, 173, 175, 182, 186, 190, 195, 196, 199, 203, 206, 209, 212, 219, 220, 224, 225, 226, 229, 230, 231, 232, 233, 235, 236, 238, 239, 240, 241, 244, 245, 246, 249, 252, 266, 185, 344, 314, 24, 397, 221, 290, 83, 188, 262, 116, 178, 243, 305, 377, 398, 351, 366, 248, 264, 118, 94, 164, 210, 121, 327, 165, 166, 218, 332, 237, 379, 84, 285, 58, 354, 287, 197, 286, 325, 102, 55, 391, 120, 337, 247, 59, 267, 15, 8, 336, 77, 306, 47, 250, 261, 322, 184, 99, 338, 256, 106, 263, 112, 48, 360, 291, 298, 395, 295, 299, 202, 113, 335, 368, 101, 282, 392, 148, 80, 278, 303, 386, 52, 105, 133, 346, 141, 119, 67, 372, 117, 341, 284, 179, 389, 211, 374, 324, 388, 365, 363, 110, 270, 320, 217, 288, 294, 149, 307, 289, 132, 180, 340, 223, 204, 181, 342, 331, 272, 385, 215, 150, 194, 222, 143, 81, 100, 32, 254, 352, 127, 89, 257, 208, 159, 1, 384, 17, 357, 315, 376, 21, 304, 301, 387, 5, 137, 383, 33, 128, 310, 56, 308, 334, 268, 192, 362, 277, 207, 82, 201, 87, 358, 318, 279, 361, 302, 378, 328, 174, 350, 146, 200, 293, 367, 13, 269, 176, 356, 345, 38, 31, 400, 312, 323, 265, 160, 26, 276, 281, 283, 300, 309, 311, 319, 321, 339, 343, 349, 359, 370, 381, 396]
x_254: [1, 3, 4, 10, 11, 17, 27, 28, 29, 33, 35, 36, 40, 43, 54, 59, 62, 63, 66, 68, 74, 84, 95, 97, 100, 102, 103, 104, 111, 113, 114, 115, 119, 122, 123, 127, 128, 130, 132, 140, 141, 145, 153, 154, 168, 169, 170, 171, 172, 174, 175, 176, 177, 180, 189, 191, 193, 196, 201, 204, 207, 208, 211, 224, 230, 235, 236, 237, 238, 244, 245, 246, 248, 253, 312, 329, 21, 396, 305, 232, 251, 133, 46, 336, 313, 22, 195, 302, 388, 247, 332, 188, 322, 344, 255, 365, 49, 347, 340, 124, 159, 24, 69, 182, 155, 356, 79, 311, 242, 334, 383, 250, 164, 318, 350, 384, 52, 156, 134, 258, 294, 6, 38, 26, 41, 377, 78, 219, 94, 265, 53, 205, 138, 146, 149, 105, 181, 286, 120, 192, 137, 50, 39, 233, 221, 359, 15, 16, 390, 179, 252, 87, 299, 256, 72, 266, 51, 126, 234, 131, 85, 14, 197, 337, 129, 262, 307, 308, 202, 345, 273, 277, 374, 217, 89, 148, 32, 387, 25, 215, 223, 372, 385, 80, 121, 264, 243, 369, 135, 67, 380, 218, 18, 257, 19, 324, 42, 323, 362, 44, 391, 379, 227, 289, 186, 296, 283, 292, 375, 163, 268, 298, 278, 190, 125, 276, 394, 199, 183, 34, 165, 98, 151, 339, 200, 212, 144, 108, 260, 328, 198, 386, 270, 60, 295, 240, 331, 297, 306, 222, 225, 228, 64, 370, 309, 209, 118, 70, 30, 143, 37, 184, 397, 279, 269, 161, 117, 263, 366, 400, 274, 116, 220, 45, 99, 185, 88, 259, 272, 280, 281, 293, 304, 314, 315, 321, 325, 330, 338, 352, 360, 367, 368, 373, 378, 389]
x_255: [2, 4, 6, 13, 16, 17, 20, 27, 30, 37, 40, 42, 45, 46, 50, 56, 61, 68, 75, 82, 83, 87, 88, 90, 94, 95, 98, 103, 104, 107, 109, 111, 113, 115, 116, 119, 123, 124, 125, 126, 130, 131, 134, 141, 146, 147, 151, 153, 157, 161, 166, 168, 169, 171, 173, 174, 175, 182, 184, 185, 189, 191, 193, 196, 197, 200, 205, 209, 219, 220, 223, 226, 229, 230, 231, 232, 234, 235, 236, 238, 243, 244, 245, 246, 247, 254, 114, 343, 373, 36, 233, 251, 183, 181, 311, 237, 279, 334, 8, 339, 312, 198, 340, 241, 344, 304, 315, 65, 313, 47, 199, 85, 92, 369, 309, 329, 326, 177, 323, 48, 12, 187, 137, 284, 375, 318, 317, 58, 320, 172, 365, 93, 154, 127, 303, 353, 106, 377, 80, 211, 163, 260, 32, 54, 359, 364, 57, 228, 381, 69, 167, 216, 102, 73, 306, 258, 239, 291, 349, 152, 15, 201, 180, 269, 396, 389, 384, 342, 272, 214, 297, 84, 217, 144, 276, 118, 348, 129, 1, 19, 250, 34, 378, 108, 143, 354, 132, 165, 267, 67, 385, 159, 302, 314, 390, 77, 26, 3, 135, 120, 221, 324, 308, 70, 382, 51, 192, 282, 274, 301, 59, 71, 225, 9, 273, 242, 336, 176, 391, 195, 383, 164, 397, 78, 21, 64, 380, 99, 212, 145, 338, 287, 271, 206, 264, 280, 170, 136, 328, 52, 316, 372, 356, 79, 100, 346, 362, 213, 300, 332, 96, 60, 387, 63, 97, 355, 208, 367, 370, 305, 351, 133, 160, 399, 81, 150, 256, 261, 263, 268, 290, 296, 307, 310, 319, 325, 333, 335, 337, 341, 350, 352, 358, 363, 366, 379, 386, 392, 400]
x_256: [2, 5, 7, 15, 18, 28, 29, 31, 33, 35, 37, 38, 39, 41, 48, 49, 51, 54, 57, 59, 61, 66, 68, 69, 70, 73, 74, 76, 83, 84, 89, 90, 91, 94, 95, 97, 103, 111, 113, 115, 120, 124, 130, 131, 134, 137, 141, 144, 145, 147, 148, 150, 151, 154, 156, 157, 159, 161, 162, 163, 166, 172, 174, 180, 185, 190, 191, 193, 195, 204, 205, 206, 207, 216, 219, 221, 228, 229, 230, 232, 235, 236, 238, 239, 241, 242, 243, 244, 245, 246, 248, 253, 254, 202, 311, 214, 12, 129, 44, 143, 363, 271, 364, 52, 318, 3, 284, 188, 47, 77, 212, 211, 354, 360, 213, 261, 179, 308, 383, 123, 100, 215, 200, 218, 175, 11, 128, 50, 233, 353, 14, 116, 93, 6, 341, 301, 4, 45, 21, 393, 251, 300, 391, 146, 278, 75, 20, 379, 42, 277, 88, 282, 255, 396, 25, 374, 369, 266, 257, 262, 264, 265, 274, 281, 289, 290, 292, 293, 295, 297, 303, 304, 310, 314, 315, 317, 319, 327, 328, 333, 335, 336, 337, 338, 340, 344, 345, 346, 350, 359, 366, 367, 370, 372, 373, 375, 376, 377, 378, 382, 384, 385, 386, 389, 390, 392]
x_257: [3, 4, 5, 10, 11, 13, 17, 18, 22, 25, 27, 31, 39, 41, 46, 49, 52, 56, 57, 58, 66, 68, 72, 74, 75, 87, 94, 96, 99, 100, 101, 103, 108, 109, 111, 115, 119, 120, 129, 130, 131, 132, 136, 139, 143, 146, 147, 154, 155, 156, 157, 161, 162, 168, 171, 175, 177, 183, 186, 191, 192, 195, 201, 203, 204, 207, 208, 210, 211, 218, 219, 221, 224, 228, 229, 230, 232, 233, 234, 236, 238, 241, 242, 244, 245, 246, 251, 252, 253, 254, 225, 359, 260, 268, 184, 299, 67, 376, 266, 61, 309, 231, 274, 280, 37, 159, 328, 149, 32, 104, 142, 324, 42, 338, 190, 185, 178, 222, 287, 110, 138, 383, 65, 180, 55, 305, 323, 336, 358, 35, 118, 167, 397, 140, 399, 248, 187, 349, 92, 205, 44, 250, 189, 290, 78, 93, 26, 291, 80, 169, 97, 24, 284, 261, 209, 166, 350, 327, 82, 174, 355, 53, 124, 107, 86, 45, 15, 60, 362, 43, 21, 348, 329, 345, 388, 30, 294, 54, 315, 317, 165, 105, 214, 102, 325, 312, 263, 318, 306, 34, 356, 240, 28, 247, 217, 141, 296, 128, 331, 196, 310, 76, 288, 163, 127, 256, 382, 235, 385, 182, 273, 373, 380, 1, 243, 114, 389, 365, 38, 370, 62, 77, 69, 311, 29, 194, 392, 237, 83, 297, 112, 2, 344, 7, 319, 269, 79, 300, 281, 125, 16, 36, 135, 333, 117, 387, 270, 179, 381, 220, 258, 262, 265, 272, 277, 278, 286, 289, 292, 293, 302, 314, 321, 322, 330, 337, 339, 340, 342, 352, 360, 367, 369, 378, 384, 391]
x_258: [2, 4, 5, 7, 9, 10, 15, 18, 22, 24, 25, 27, 28, 30, 31, 38, 44, 53, 54, 56, 58, 61, 66, 74, 86, 87, 89, 90, 91, 93, 95, 98, 99, 100, 101, 103, 104, 106, 108, 115, 119, 120, 124, 129, 130, 131, 134, 139, 144, 148, 150, 152, 153, 162, 167, 168, 169, 170, 173, 174, 175, 180, 185, 186, 187, 188, 191, 193, 195, 197, 199, 204, 208, 210, 213, 219, 220, 221, 224, 225, 226, 228, 229, 230, 232, 234, 242, 243, 244, 245, 248, 252, 254, 255, 114, 353, 49, 165, 189, 123, 166, 358, 345, 330, 377, 267, 60, 283, 216, 73, 385, 157, 190, 184, 13, 183, 36, 51, 249, 259, 280, 308, 57, 94, 171, 274, 14, 23, 154, 135, 63, 351, 40, 295, 340, 203, 155, 126, 133, 71, 247, 206, 291, 281, 240, 299, 47, 207, 392, 271, 77, 257, 361, 177, 35, 393, 349, 251, 146, 128, 201, 298, 293, 136, 85, 138, 233, 272, 68, 388, 270, 266, 105, 143, 17, 329, 69, 125, 262, 88, 277, 33, 279, 8, 78, 176, 246, 307, 312, 137, 334, 286, 260, 268, 278, 284, 289, 290, 292, 296, 297, 305, 311, 314, 317, 318, 320, 327, 328, 336, 337, 339, 342, 352, 360, 365, 366, 367, 368, 369, 370, 373, 375, 379, 381, 384, 386, 387, 389, 391, 397, 398]
x_259: [2, 7, 9, 10, 12, 14, 16, 28, 29, 31, 38, 40, 42, 44, 48, 49, 52, 53, 54, 57, 58, 61, 63, 66, 68, 70, 72, 73, 74, 75, 83, 86, 93, 94, 95, 98, 100, 103, 104, 107, 110, 119, 120, 122, 125, 129, 130, 131, 132, 141, 145, 146, 147, 150, 159, 162, 168, 169, 180, 183, 185, 189, 190, 192, 194, 197, 198, 199, 203, 205, 207, 216, 219, 232, 234, 238, 242, 243, 244, 246, 247, 248, 249, 251, 258, 88, 161, 227, 310, 343, 309, 133, 181, 355, 312, 295, 240, 272, 336, 123, 382, 233, 206, 335, 263, 89, 202, 286, 241, 262, 369, 346, 99, 50, 367, 173, 235, 138, 384, 191, 344, 175, 21, 250, 77, 320, 398, 182, 209, 37, 60, 334, 352, 390, 19, 322, 160, 231, 361, 291, 372, 217, 221, 337, 65, 327, 379, 333, 26, 282, 394, 188, 395, 358, 313, 321, 90, 304, 389, 163, 275, 8, 212, 228, 96, 13, 254, 332, 118, 186, 363, 128, 214, 135, 208, 27, 277, 270, 383, 113, 97, 114, 34, 220, 193, 106, 71, 167, 373, 357, 375, 273, 154, 109, 187, 396, 117, 311, 140, 35, 359, 171, 22, 360, 300, 302, 362, 25, 172, 299, 79, 364, 388, 184, 201, 239, 126, 15, 252, 45, 112, 111, 280, 1, 245, 261, 265, 268, 278, 283, 292, 293, 294, 297, 298, 301, 303, 314, 315, 317, 318, 330, 338, 340, 341, 342, 345, 348, 350, 366, 370, 377, 378, 381, 386, 387, 391, 392, 400]
x_260: [2, 3, 4, 5, 6, 8, 10, 11, 15, 16, 17, 22, 24, 25, 27, 29, 31, 35, 38, 40, 46, 53, 54, 55, 63, 66, 68, 73, 82, 83, 88, 94, 97, 99, 101, 104, 105, 107, 108, 111, 116, 120, 122, 123, 124, 125, 129, 130, 134, 140, 144, 145, 147, 148, 150, 151, 158, 169, 171, 173, 175, 185, 189, 193, 195, 197, 200, 202, 204, 207, 212, 216, 219, 221, 223, 226, 231, 234, 238, 241, 244, 245, 246, 254, 255, 257, 214, 187, 397, 179, 330, 367, 295, 176, 237, 157, 372, 315, 289, 308, 62, 281, 258, 240, 65, 381, 28, 19, 328, 170, 70, 283, 161, 388, 352, 303, 370, 127, 230, 276, 265, 374, 400, 186, 373, 334, 182, 341, 58, 87, 302, 331, 391, 209, 293, 236, 14, 43, 228, 292, 32, 91, 84, 7, 389, 220, 210, 143, 383, 128, 339, 355, 142, 201, 311, 196, 109, 168, 324, 112, 346, 135, 162, 178, 222, 67, 343, 103, 329, 382, 269, 351, 266, 114, 113, 106, 153, 304, 371, 243, 48, 96, 44, 225, 190, 326, 261, 132, 398, 138, 363, 290, 119, 247, 165, 309, 306, 167, 71, 64, 217, 85, 271, 277, 242, 45, 149, 172, 362, 298, 218, 177, 205, 368, 49, 156, 268, 211, 110, 39, 384, 333, 314, 227, 288, 52, 137, 285, 164, 252, 279, 139, 348, 215, 282, 364, 274, 183, 131, 356, 9, 60, 273, 375, 378, 146, 78, 34, 98, 191, 81, 20, 395, 336, 41, 1, 206, 203, 297, 126, 250, 180, 95, 224, 278, 344, 376, 213, 77, 301, 262, 264, 272, 280, 286, 294, 296, 307, 310, 312, 317, 318, 321, 323, 325, 332, 335, 337, 347, 354, 360, 365, 366, 377, 379, 386, 392]
x_261: [2, 3, 5, 6, 7, 9, 10, 12, 15, 16, 20, 24, 25, 30, 31, 39, 40, 41, 42, 43, 50, 54, 56, 57, 58, 69, 70, 73, 74, 76, 84, 87, 90, 91, 96, 99, 100, 104, 107, 108, 110, 113, 117, 119, 120, 122, 123, 127, 129, 130, 132, 134, 136, 142, 146, 148, 150, 153, 154, 157, 162, 165, 166, 169, 170, 171, 173, 175, 176, 177, 179, 185, 191, 193, 195, 197, 200, 201, 204, 209, 211, 220, 221, 222, 223, 224, 227, 229, 230, 231, 235, 238, 240, 242, 243, 245, 249, 251, 253, 256, 257, 260, 145, 384, 359, 287, 386, 128, 155, 295, 23, 239, 124, 147, 184, 363, 29, 301, 81, 213, 61, 371, 368, 89, 247, 160, 180, 339, 252, 187, 284, 158, 135, 233, 18, 331, 376, 206, 362, 105, 17, 72, 255, 324, 79, 198, 317, 62, 156, 354, 250, 278, 174, 282, 144, 33, 4, 326, 378, 297, 259, 34, 181, 116, 118, 47, 143, 388, 370, 219, 44, 352, 163, 71, 391, 337, 262, 186, 13, 131, 97, 248, 304, 272, 210, 390, 293, 203, 218, 205, 38, 340, 49, 101, 152, 138, 263, 178, 77, 28, 168, 14, 125, 288, 51, 294, 332, 234, 311, 289, 83, 392, 241, 215, 320, 246, 285, 63, 121, 92, 290, 279, 126, 112, 68, 133, 270, 365, 159, 335, 75, 380, 347, 273, 207, 344, 283, 95, 172, 109, 86, 8, 377, 364, 280, 316, 64, 381, 225, 19, 318, 313, 322, 319, 395, 85, 281, 343, 336, 190, 292, 139, 298, 26, 303, 328, 60, 393, 291, 65, 275, 387, 67, 151, 194, 265, 268, 274, 276, 277, 300, 305, 306, 308, 321, 330, 333, 342, 348, 349, 350, 353, 358, 366, 382, 389, 397]
x_262: [2, 3, 4, 6, 13, 14, 15, 16, 18, 21, 24, 25, 27, 30, 31, 35, 39, 41, 42, 46, 53, 58, 66, 70, 74, 84, 86, 88, 93, 97, 98, 100, 101, 103, 104, 107, 108, 111, 115, 117, 120, 123, 124, 126, 127, 130, 131, 132, 137, 141, 143, 145, 147, 151, 153, 156, 157, 162, 165, 171, 173, 176, 180, 181, 184, 185, 187, 191, 192, 194, 195, 196, 197, 201, 202, 204, 206, 207, 210, 221, 223, 234, 235, 236, 240, 241, 243, 245, 247, 248, 253, 254, 258, 259, 261, 330, 110, 282, 378, 214, 373, 178, 172, 190, 314, 256, 341, 394, 52, 50, 351, 33, 327, 11, 8, 295, 113, 289, 71, 342, 349, 348, 90, 212, 298, 233, 335, 354, 56, 365, 91, 398, 140, 332, 139, 160, 389, 61, 368, 266, 320, 68, 326, 63, 73, 290, 54, 328, 269, 47, 301, 40, 128, 284, 118, 361, 356, 62, 9, 387, 57, 43, 28, 355, 317, 49, 213, 336, 286, 338, 231, 72, 251, 313, 346, 252, 142, 399, 82, 224, 65, 79, 146, 274, 279, 144, 129, 227, 96, 44, 278, 87, 375, 114, 119, 296, 257, 388, 310, 121, 276, 324, 60, 268, 343, 281, 116, 225, 76, 367, 80, 77, 273, 20, 5, 19, 329, 228, 263, 34, 217, 158, 383, 136, 238, 105, 29, 364, 300, 285, 183, 229, 92, 334, 7, 308, 222, 226, 59, 265, 374, 339, 85, 220, 154, 312, 260, 275, 359, 17, 280, 363, 299, 297, 164, 94, 360, 182, 161, 287, 315, 291, 215, 264, 283, 294, 304, 311, 325, 333, 337, 340, 344, 347, 350, 352, 353, 369, 372, 376, 377, 380, 384, 385, 386, 392]
x_263: [2, 5, 6, 9, 10, 11, 13, 15, 16, 18, 22, 24, 25, 29, 31, 35, 38, 39, 40, 41, 45, 46, 51, 52, 55, 57, 66, 69, 70, 74, 82, 84, 88, 90, 92, 93, 94, 95, 96, 97, 100, 101, 104, 107, 108, 109, 110, 115, 119, 123, 126, 129, 130, 131, 132, 139, 144, 145, 147, 150, 153, 154, 156, 157, 161, 166, 168, 169, 170, 171, 172, 174, 175, 176, 185, 186, 187, 188, 191, 194, 196, 197, 198, 199, 200, 201, 203, 204, 205, 206, 214, 215, 219, 221, 223, 224, 226, 228, 230, 232, 234, 236, 238, 240, 241, 242, 244, 245, 247, 251, 253, 254, 257, 259, 261, 262, 116, 124, 255, 398, 127, 19, 381, 333, 392, 297, 291, 341, 266, 202, 290, 28, 346, 160, 377, 33, 246, 320, 268, 269, 276, 277, 278, 279, 284, 285, 286, 289, 292, 294, 295, 296, 299, 300, 303, 305, 308, 312, 314, 315, 316, 317, 324, 325, 329, 330, 335, 336, 337, 339, 340, 343, 345, 348, 353, 357, 358, 359, 362, 364, 366, 367, 368, 372, 374, 379, 384, 387, 389, 390, 394]
x_264: [2, 3, 6, 7, 10, 11, 13, 18, 22, 25, 27, 29, 31, 32, 35, 38, 40, 43, 46, 47, 48, 51, 54, 57, 70, 78, 81, 83, 86, 87, 89, 90, 93, 94, 97, 98, 99, 101, 103, 104, 107, 109, 110, 111, 113, 120, 122, 123, 124, 126, 129, 130, 131, 132, 134, 136, 144, 145, 147, 150, 151, 157, 158, 166, 169, 170, 171, 172, 186, 187, 188, 193, 194, 195, 197, 200, 201, 209, 210, 224, 225, 226, 232, 238, 241, 242, 243, 245, 248, 249, 252, 253, 254, 255, 355, 196, 342, 53, 373, 115, 12, 388, 149, 364, 304, 337, 182, 118, 235, 121, 299, 351, 202, 37, 363, 19, 381, 343, 154, 268, 271, 14, 41, 336, 346, 184, 260, 327, 352, 275, 333, 203, 95, 396, 393, 155, 141, 371, 42, 350, 289, 367, 389, 60, 148, 108, 386, 20, 161, 44, 397, 227, 320, 270, 218, 92, 58, 223, 62, 163, 174, 392, 360, 288, 156, 76, 286, 279, 119, 4, 353, 206, 296, 180, 302, 190, 284, 102, 339, 376, 322, 143, 23, 116, 272, 5, 84, 16, 236, 276, 246, 50, 315, 233, 211, 67, 82, 305, 56, 273, 167, 28, 34, 24, 168, 293, 391, 91, 385, 301, 100, 313, 39, 379, 326, 33, 26, 344, 217, 74, 140, 21, 274, 316, 215, 347, 310, 362, 262, 374, 189, 267, 142, 303, 308, 380, 287, 208, 139, 340, 114, 204, 179, 137, 105, 312, 176, 318, 75, 329, 159, 185, 368, 324, 256, 8, 133, 366, 399, 73, 309, 237, 250, 178, 240, 290, 239, 79, 162, 219, 325, 146, 356, 173, 153, 17, 278, 281, 283, 292, 294, 297, 298, 311, 314, 317, 321, 328, 332, 334, 338, 345, 354, 365, 378, 383, 384, 387, 400]
x_265: [2, 4, 9, 10, 11, 20, 21, 25, 27, 30, 31, 39, 41, 45, 53, 54, 56, 57, 58, 74, 81, 84, 86, 88, 90, 94, 95, 96, 97, 98, 100, 101, 103, 107, 108, 109, 111, 113, 115, 116, 118, 124, 127, 129, 133, 134, 136, 140, 144, 146, 150, 153, 154, 155, 163, 170, 171, 175, 177, 191, 192, 195, 197, 199, 200, 204, 205, 206, 207, 209, 220, 224, 226, 229, 234, 236, 238, 240, 243, 244, 246, 247, 248, 249, 250, 251, 252, 253, 254, 260, 262, 371, 365, 174, 325, 385, 342, 38, 350, 333, 151, 358, 369, 259, 320, 217, 78, 339, 335, 261, 61, 219, 305, 33, 147, 337, 51, 292, 295, 225, 298, 125, 373, 394, 180, 6, 286, 215, 62, 308, 181, 311, 22, 281, 267, 13, 8, 40, 63, 355, 119, 241, 372, 306, 213, 48, 128, 338, 73, 34, 328, 202, 12, 15, 310, 274, 314, 87, 341, 141, 257, 256, 304, 296, 28, 169, 24, 360, 334, 275, 278, 279, 283, 285, 291, 299, 301, 303, 312, 315, 319, 323, 326, 327, 329, 344, 346, 347, 353, 367, 370, 374, 375, 376, 378, 379, 381, 388, 389, 391]
x_266: [2, 6, 7, 9, 16, 17, 21, 22, 24, 26, 27, 29, 31, 35, 43, 51, 54, 56, 60, 66, 69, 73, 74, 79, 81, 82, 84, 94, 97, 98, 100, 101, 103, 107, 109, 114, 116, 117, 119, 120, 123, 124, 127, 134, 144, 145, 148, 151, 154, 157, 158, 159, 166, 168, 171, 172, 173, 180, 185, 191, 193, 196, 197, 198, 199, 207, 209, 210, 216, 218, 220, 221, 225, 226, 227, 228, 229, 230, 232, 233, 234, 241, 242, 243, 244, 245, 253, 254, 256, 257, 258, 260, 262, 263, 313, 48, 155, 370, 268, 276, 277, 279, 283, 285, 289, 290, 292, 297, 299, 300, 310, 311, 314, 318, 321, 328, 329, 334, 337, 338, 340, 341, 344, 345, 346, 348, 350, 352, 359, 369, 374, 378, 379, 383, 388, 392, 400]
x_267: [2, 5, 6, 10, 16, 19, 22, 27, 30, 35, 37, 38, 40, 46, 48, 52, 57, 58, 63, 64, 68, 73, 80, 81, 83, 84, 86, 87, 90, 91, 96, 97, 99, 100, 101, 104, 105, 107, 110, 111, 113, 115, 116, 119, 120, 123, 124, 127, 132, 137, 145, 146, 147, 148, 161, 162, 168, 169, 170, 172, 174, 175, 183, 185, 191, 197, 200, 202, 203, 204, 206, 207, 208, 209, 216, 220, 221, 223, 224, 225, 226, 230, 231, 234, 235, 238, 240, 243, 244, 245, 246, 249, 253, 255, 258, 264, 265, 322, 350, 375, 311, 50, 309, 95, 398, 381, 36, 114, 276, 89, 272, 274, 277, 284, 290, 292, 293, 294, 296, 297, 298, 301, 304, 305, 306, 310, 314, 326, 328, 329, 330, 334, 336, 337, 338, 339, 340, 341, 342, 343, 344, 345, 347, 349, 354, 356, 358, 360, 362, 363, 367, 368, 374, 377, 378, 383, 385, 391, 400]
x_268: [4, 5, 10, 13, 16, 17, 27, 31, 35, 38, 39, 45, 46, 48, 52, 54, 62, 66, 72, 74, 80, 87, 90, 91, 95, 97, 98, 100, 101, 103, 104, 105, 114, 115, 117, 119, 120, 129, 130, 131, 132, 138, 146, 147, 148, 152, 155, 157, 162, 163, 168, 169, 170, 172, 174, 180, 184, 189, 191, 192, 194, 195, 197, 199, 201, 202, 204, 205, 206, 207, 210, 211, 218, 219, 221, 227, 229, 230, 231, 234, 236, 239, 241, 243, 244, 248, 251, 252, 253, 254, 257, 260, 262, 264, 23, 249, 56, 286, 261, 360, 374, 361, 334, 36, 269, 266, 61, 85, 64, 225, 310, 182, 228, 126, 357, 385, 57, 301, 332, 93, 60, 350, 259, 65, 371, 142, 32, 75, 198, 233, 321, 382, 323, 325, 107, 177, 216, 288, 92, 160, 237, 318, 208, 235, 397, 135, 245, 153, 8, 76, 263, 255, 326, 304, 338, 173, 220, 322, 89, 319, 356, 381, 366, 187, 342, 122, 22, 44, 3, 328, 86, 280, 33, 375, 293, 137, 320, 73, 258, 15, 281, 26, 315, 316, 179, 213, 307, 283, 223, 376, 278, 294, 209, 139, 183, 186, 298, 178, 330, 79, 276, 242, 154, 345, 327, 395, 127, 30, 349, 362, 329, 287, 143, 378, 347, 393, 240, 29, 83, 140, 55, 299, 50, 21, 396, 387, 297, 69, 2, 379, 200, 377, 190, 399, 277, 282, 289, 290, 292, 295, 306, 311, 313, 324, 333, 335, 339, 340, 343, 348, 354, 359, 367, 369, 370, 389, 391, 392, 394, 400]
x_269: [2, 3, 5, 9, 11, 12, 21, 22, 31, 35, 38, 39, 46, 49, 54, 55, 56, 61, 64, 66, 69, 72, 73, 75, 81, 82, 87, 93, 94, 97, 98, 103, 104, 105, 107, 109, 111, 115, 119, 122, 123, 124, 126, 130, 131, 133, 134, 137, 142, 146, 147, 148, 152, 155, 157, 165, 168, 169, 179, 180, 185, 189, 190, 191, 195, 197, 200, 202, 203, 209, 212, 218, 221, 224, 225, 226, 229, 230, 231, 239, 240, 242, 243, 244, 245, 248, 249, 251, 253, 254, 255, 257, 260, 262, 268, 51, 8, 68, 311, 196, 307, 37, 326, 23, 241, 76, 150, 246, 278, 384, 95, 215, 313, 338, 120, 63, 50, 340, 145, 389, 214, 274, 292, 308, 284, 386, 132, 206, 343, 205, 183, 58, 276, 247, 297, 99, 16, 354, 364, 280, 339, 60, 328, 1, 325, 228, 238, 149, 263, 362, 143, 302, 166, 106, 192, 232, 167, 41, 24, 117, 272, 397, 80, 44, 366, 234, 19, 125, 34, 77, 357, 289, 135, 208, 170, 296, 6, 171, 391, 374, 7, 304, 368, 301, 373, 252, 70, 182, 277, 113, 219, 36, 321, 128, 213, 356, 287, 173, 279, 295, 293, 154, 10, 380, 400, 65, 52, 201, 317, 385, 281, 298, 299, 303, 306, 310, 314, 315, 324, 327, 330, 331, 335, 337, 342, 344, 346, 347, 348, 352, 353, 358, 360, 361, 370, 375, 376, 377, 381, 387, 388, 392]
x_270: [4, 5, 6, 11, 12, 14, 17, 21, 24, 29, 30, 31, 37, 38, 40, 41, 50, 54, 55, 57, 58, 60, 63, 66, 68, 69, 75, 78, 79, 81, 82, 84, 86, 92, 95, 96, 97, 98, 101, 103, 110, 113, 115, 116, 119, 120, 123, 124, 125, 129, 132, 134, 145, 146, 147, 148, 153, 157, 159, 163, 168, 169, 170, 173, 175, 177, 184, 185, 189, 191, 195, 200, 201, 205, 206, 207, 208, 209, 211, 216, 220, 226, 229, 234, 239, 241, 246, 247, 248, 250, 253, 254, 257, 258, 259, 261, 264, 398, 330, 335, 150, 89, 27, 365, 65, 380, 236, 290, 180, 392, 394, 292, 143, 307, 293, 382, 18, 138, 210, 45, 344, 43, 245, 325, 171, 396, 317, 35, 232, 198, 219, 275, 278, 285, 286, 294, 296, 300, 301, 304, 305, 306, 308, 314, 315, 324, 328, 329, 332, 333, 336, 338, 339, 351, 354, 363, 364, 367, 368, 375, 376, 379, 383, 384, 387, 388, 395, 397]
x_271: [1, 2, 3, 4, 7, 11, 17, 21, 24, 25, 27, 29, 39, 40, 42, 48, 58, 63, 68, 73, 74, 75, 79, 82, 86, 90, 93, 94, 98, 102, 105, 108, 110, 115, 116, 117, 119, 120, 123, 124, 126, 127, 128, 129, 131, 132, 133, 134, 137, 139, 144, 145, 150, 153, 162, 165, 173, 180, 185, 189, 196, 202, 204, 207, 210, 217, 221, 224, 225, 230, 231, 232, 234, 241, 246, 247, 249, 251, 252, 255, 256, 258, 260, 264, 168, 277, 278, 279, 283, 287, 289, 290, 292, 296, 298, 300, 301, 311, 312, 313, 314, 317, 318, 323, 324, 327, 329, 330, 333, 334, 335, 340, 341, 342, 343, 345, 346, 348, 350, 352, 353, 357, 359, 360, 361, 366, 370, 372, 374, 376, 379, 381, 384, 392, 397]
x_272: [4, 7, 9, 10, 16, 18, 21, 24, 25, 27, 29, 35, 36, 37, 38, 41, 44, 45, 51, 54, 57, 61, 63, 68, 74, 75, 79, 80, 87, 90, 93, 98, 99, 101, 103, 104, 109, 111, 119, 120, 122, 126, 128, 130, 134, 140, 144, 146, 150, 152, 162, 170, 171, 172, 176, 178, 180, 181, 184, 191, 194, 200, 203, 206, 208, 210, 217, 218, 219, 221, 226, 227, 228, 229, 232, 234, 240, 241, 244, 245, 247, 248, 251, 252, 253, 255, 258, 259, 261, 264, 269, 297, 65, 155, 317, 220, 1, 2, 223, 239, 40, 318, 31, 129, 338, 183, 327, 375, 216, 69, 58, 304, 56, 260, 242, 298, 188, 157, 276, 215, 374, 100, 26, 372, 107, 235, 349, 117, 39, 373, 196, 135, 342, 382, 302, 300, 182, 125, 22, 23, 142, 139, 52, 324, 60, 285, 131, 33, 379, 185, 158, 233, 378, 282, 186, 195, 138, 5, 141, 189, 168, 286, 132, 70, 331, 277, 322, 3, 174, 6, 92, 267, 364, 237, 319, 62, 281, 165, 249, 352, 274, 81, 197, 231, 236, 332, 73, 153, 371, 326, 136, 254, 67, 363, 393, 305, 296, 64, 147, 88, 238, 287, 143, 214, 279, 257, 102, 383, 121, 362, 124, 312, 307, 169, 108, 367, 394, 301, 288, 390, 289, 355, 243, 368, 175, 361, 137, 389, 315, 381, 278, 291, 292, 308, 310, 311, 313, 314, 321, 333, 334, 335, 336, 339, 341, 346, 347, 351, 358, 359, 369, 376, 377, 384, 385, 387, 391, 392, 397]
x_273: [3, 5, 6, 14, 17, 21, 24, 25, 30, 35, 39, 40, 46, 54, 58, 61, 62, 69, 79, 88, 91, 92, 94, 98, 101, 107, 113, 115, 117, 119, 120, 123, 124, 125, 126, 127, 130, 131, 132, 139, 140, 142, 144, 146, 147, 150, 151, 154, 157, 161, 167, 168, 171, 172, 175, 180, 185, 191, 193, 197, 198, 202, 204, 211, 216, 218, 220, 221, 224, 225, 226, 229, 230, 232, 233, 235, 238, 241, 243, 244, 245, 246, 247, 248, 250, 254, 255, 257, 259, 260, 261, 262, 264, 152, 376, 67, 7, 303, 380, 145, 118, 319, 276, 33, 252, 121, 285, 309, 183, 228, 90, 163, 326, 105, 293, 83, 377, 81, 206, 76, 378, 51, 318, 249, 275, 278, 279, 282, 290, 291, 292, 296, 300, 304, 306, 307, 308, 310, 313, 314, 317, 321, 325, 327, 330, 332, 333, 334, 337, 339, 345, 346, 352, 358, 359, 362, 365, 367, 372, 375, 379, 384, 388, 397, 400]
x_274: [2, 3, 5, 6, 7, 9, 15, 16, 17, 18, 21, 22, 35, 40, 43, 45, 46, 51, 53, 57, 58, 62, 68, 71, 74, 89, 90, 91, 95, 97, 98, 99, 100, 101, 104, 107, 110, 111, 113, 115, 119, 122, 124, 126, 131, 134, 140, 142, 143, 144, 146, 152, 153, 155, 157, 161, 168, 169, 173, 175, 180, 181, 183, 185, 189, 190, 193, 194, 195, 197, 200, 201, 202, 207, 209, 213, 216, 221, 223, 230, 233, 234, 235, 236, 242, 243, 244, 247, 248, 251, 254, 255, 257, 258, 260, 262, 264, 265, 269, 272, 306, 323, 196, 349, 54, 326, 398, 308, 208, 328, 385, 382, 341, 47, 256, 81, 307, 158, 229, 313, 261, 164, 375, 64, 210, 19, 102, 85, 176, 300, 309, 319, 267, 343, 132, 12, 24, 282, 129, 373, 88, 362, 32, 245, 120, 178, 345, 237, 312, 304, 275, 154, 192, 70, 28, 276, 279, 281, 284, 287, 292, 294, 296, 298, 299, 301, 303, 314, 315, 327, 329, 330, 334, 335, 336, 339, 342, 344, 346, 347, 348, 351, 352, 354, 358, 359, 365, 366, 367, 376, 378, 379, 381, 387, 388, 389]
x_275: [5, 6, 7, 9, 10, 17, 19, 21, 22, 25, 26, 27, 29, 38, 40, 56, 70, 73, 74, 75, 79, 84, 87, 88, 89, 91, 93, 95, 101, 104, 105, 107, 108, 109, 110, 119, 123, 124, 125, 126, 130, 131, 136, 140, 141, 142, 145, 147, 148, 151, 153, 158, 164, 168, 169, 171, 172, 173, 185, 191, 193, 194, 197, 204, 208, 209, 210, 211, 213, 218, 219, 224, 226, 229, 233, 239, 243, 245, 249, 259, 261, 262, 264, 274, 203, 265, 350, 55, 273, 328, 90, 347, 179, 167, 270, 379, 377, 300, 365, 354, 361, 236, 184, 144, 50, 33, 367, 54, 99, 369, 62, 336, 278, 398, 13, 382, 205, 393, 15, 246, 279, 281, 284, 287, 289, 290, 292, 294, 297, 299, 304, 305, 308, 309, 310, 313, 314, 318, 327, 330, 333, 334, 335, 337, 340, 342, 343, 344, 345, 352, 358, 359, 364, 366, 370, 375, 378, 383, 386, 388, 389, 391, 400]
x_276: [2, 3, 5, 7, 8, 9, 10, 13, 16, 17, 18, 20, 23, 24, 45, 46, 49, 53, 54, 57, 61, 68, 71, 82, 84, 86, 89, 91, 95, 97, 98, 101, 103, 104, 106, 107, 109, 110, 111, 112, 114, 119, 120, 122, 129, 130, 131, 132, 136, 137, 144, 145, 147, 153, 157, 162, 168, 169, 172, 173, 174, 175, 180, 183, 185, 189, 190, 193, 195, 197, 205, 208, 209, 210, 216, 219, 220, 230, 232, 233, 234, 236, 238, 241, 243, 244, 245, 246, 247, 251, 254, 255, 260, 262, 264, 267, 268, 269, 272, 273, 87, 194, 400, 240, 290, 67, 287, 227, 127, 277, 318, 226, 376, 92, 306, 121, 337, 80, 390, 99, 393, 361, 293, 11, 161, 182, 397, 83, 75, 334, 81, 85, 140, 353, 70, 332, 199, 296, 222, 78, 163, 158, 90, 1, 135, 329, 25, 266, 304, 166, 206, 322, 94, 19, 349, 299, 160, 284, 261, 171, 187, 384, 207, 253, 27, 28, 62, 382, 321, 116, 108, 115, 301, 191, 303, 323, 398, 263, 307, 76, 358, 215, 368, 239, 367, 331, 281, 73, 360, 347, 386, 181, 213, 362, 202, 102, 248, 279, 40, 274, 294, 223, 372, 148, 34, 52, 41, 32, 64, 211, 285, 377, 38, 93, 72, 283, 289, 292, 297, 298, 308, 309, 310, 311, 312, 314, 315, 317, 319, 327, 330, 333, 339, 344, 345, 350, 351, 363, 365, 370, 374, 379, 380, 387, 388, 389, 392]
x_277: [2, 4, 6, 10, 12, 15, 21, 25, 27, 29, 31, 38, 40, 41, 43, 44, 46, 49, 53, 55, 58, 64, 68, 73, 74, 75, 79, 82, 84, 85, 86, 89, 90, 93, 94, 95, 96, 97, 98, 100, 103, 104, 109, 111, 113, 119, 120, 129, 131, 134, 137, 145, 146, 150, 151, 153, 157, 158, 161, 162, 169, 171, 172, 176, 184, 189, 194, 198, 199, 203, 204, 208, 210, 216, 218, 220, 226, 229, 230, 233, 234, 235, 236, 238, 240, 241, 246, 247, 248, 251, 253, 254, 256, 258, 259, 260, 269, 272, 276, 142, 395, 65, 289, 66, 355, 195, 16, 141, 331, 190, 193, 232, 368, 263, 124, 5, 388, 33, 223, 350, 92, 357, 132, 70, 294, 11, 186, 170, 213, 339, 291, 299, 257, 309, 374, 152, 207, 215, 303, 206, 344, 266, 19, 78, 386, 173, 54, 358, 50, 332, 239, 18, 130, 335, 51, 118, 372, 32, 349, 314, 300, 324, 212, 244, 39, 321, 320, 376, 261, 36, 62, 252, 342, 278, 112, 217, 315, 373, 121, 371, 69, 384, 271, 156, 174, 292, 81, 366, 187, 288, 336, 347, 387, 268, 160, 163, 122, 182, 305, 180, 219, 282, 317, 42, 136, 318, 397, 23, 286, 279, 72, 179, 379, 267, 181, 281, 284, 285, 293, 296, 298, 304, 306, 308, 310, 313, 323, 325, 326, 329, 337, 338, 340, 341, 346, 348, 359, 360, 361, 389, 391, 400]
x_278: [1, 3, 5, 6, 9, 12, 15, 16, 17, 18, 21, 24, 25, 27, 28, 31, 40, 41, 54, 57, 60, 61, 66, 67, 68, 69, 75, 81, 88, 89, 90, 91, 93, 98, 99, 101, 103, 104, 107, 110, 113, 116, 120, 126, 130, 131, 132, 140, 145, 147, 150, 154, 162, 168, 169, 170, 172, 173, 174, 175, 179, 180, 181, 191, 195, 197, 199, 200, 201, 204, 207, 210, 211, 216, 220, 225, 228, 229, 230, 231, 232, 233, 234, 235, 241, 244, 245, 248, 253, 254, 256, 260, 261, 262, 268, 269, 275, 277, 284, 34, 4, 51, 151, 59, 272, 214, 393, 360, 53, 52, 236, 354, 327, 203, 286, 10, 389, 399, 134, 29, 398, 157, 339, 264, 137, 122, 380, 313, 55, 242, 205, 73, 111, 395, 293, 105, 246, 271, 8, 371, 77, 83, 35, 85, 305, 388, 159, 121, 190, 273, 155, 311, 36, 194, 348, 282, 304, 146, 361, 33, 82, 319, 324, 377, 288, 247, 80, 309, 72, 221, 345, 320, 198, 375, 363, 76, 265, 376, 368, 237, 14, 365, 252, 115, 326, 318, 358, 383, 299, 366, 182, 129, 301, 243, 127, 270, 285, 306, 22, 279, 160, 136, 108, 208, 259, 291, 290, 298, 263, 100, 86, 209, 316, 161, 188, 400, 349, 238, 106, 355, 330, 257, 329, 258, 281, 381, 392, 322, 189, 333, 362, 294, 296, 300, 308, 310, 312, 314, 317, 321, 325, 331, 334, 335, 338, 343, 344, 347, 352, 353, 356, 369, 378, 384, 385, 386, 387, 397]
x_279: [2, 3, 4, 6, 8, 9, 10, 11, 17, 21, 22, 24, 27, 29, 30, 31, 35, 37, 38, 40, 41, 43, 46, 48, 49, 50, 54, 60, 72, 73, 75, 81, 83, 86, 89, 91, 95, 97, 98, 100, 101, 103, 106, 110, 122, 123, 129, 130, 132, 133, 139, 140, 145, 146, 147, 148, 150, 151, 157, 161, 162, 165, 166, 170, 172, 175, 180, 185, 186, 191, 193, 195, 198, 200, 201, 203, 204, 210, 215, 219, 220, 221, 224, 226, 227, 230, 232, 233, 234, 235, 238, 241, 242, 245, 247, 252, 253, 254, 255, 258, 260, 261, 262, 264, 269, 272, 276, 277, 278, 194, 113, 350, 78, 346, 137, 275, 155, 42, 364, 79, 25, 7, 274, 45, 294, 302, 266, 297, 126, 359, 327, 312, 163, 141, 290, 52, 251, 246, 293, 51, 176, 128, 58, 93, 164, 248, 273, 111, 304, 59, 64, 307, 67, 393, 184, 88, 339, 36, 18, 20, 1, 382, 124, 347, 173, 121, 47, 13, 299, 396, 395, 70, 265, 99, 385, 181, 373, 214, 344, 263, 179, 377, 342, 53, 363, 14, 131, 108, 313, 295, 202, 271, 300, 171, 331, 357, 225, 281, 283, 284, 286, 289, 296, 311, 316, 318, 321, 325, 328, 330, 332, 333, 334, 337, 348, 362, 367, 368, 370, 374, 379, 383, 389, 392, 397]
x_280: [3, 4, 7, 10, 16, 22, 29, 35, 37, 41, 44, 48, 52, 53, 54, 55, 56, 57, 61, 63, 64, 69, 70, 73, 74, 75, 81, 82, 83, 88, 90, 91, 98, 100, 103, 107, 108, 119, 120, 122, 123, 131, 132, 136, 137, 141, 144, 146, 147, 148, 152, 153, 154, 157, 168, 169, 170, 171, 174, 185, 189, 191, 194, 198, 200, 203, 207, 208, 209, 210, 213, 216, 221, 224, 225, 231, 233, 236, 238, 240, 241, 242, 243, 244, 246, 248, 249, 250, 255, 257, 258, 259, 261, 262, 268, 269, 178, 384, 326, 288, 183, 311, 373, 31, 111, 239, 94, 352, 110, 150, 195, 260, 389, 254, 300, 357, 62, 392, 292, 290, 318, 323, 182, 322, 163, 327, 12, 217, 399, 212, 325, 24, 348, 368, 30, 14, 283, 287, 379, 26, 33, 361, 340, 285, 383, 380, 347, 234, 378, 330, 66, 6, 381, 391, 23, 394, 21, 181, 286, 291, 296, 297, 301, 303, 304, 306, 315, 316, 317, 319, 321, 334, 335, 336, 344, 345, 346, 350, 351, 362, 365, 366, 367, 382, 386, 387, 390, 397]
x_281: [2, 4, 5, 13, 14, 25, 27, 28, 30, 31, 35, 38, 40, 41, 42, 45, 48, 49, 53, 56, 58, 64, 70, 72, 74, 75, 79, 81, 82, 83, 86, 87, 90, 91, 95, 97, 99, 100, 101, 103, 105, 107, 110, 111, 115, 116, 122, 126, 131, 132, 139, 144, 146, 147, 153, 156, 157, 161, 162, 168, 169, 176, 185, 190, 191, 193, 195, 197, 200, 202, 203, 204, 210, 211, 221, 226, 229, 230, 231, 233, 236, 238, 240, 242, 243, 244, 247, 248, 257, 258, 260, 261, 262, 265, 268, 272, 276, 278, 189, 181, 250, 279, 222, 370, 112, 212, 359, 209, 297, 347, 246, 137, 196, 355, 254, 67, 293, 23, 312, 96, 10, 283, 264, 275, 19, 51, 60, 390, 152, 167, 170, 350, 182, 366, 206, 149, 284, 357, 68, 290, 274, 252, 315, 223, 316, 317, 376, 117, 171, 301, 164, 372, 342, 371, 286, 269, 393, 142, 109, 232, 332, 98, 345, 155, 311, 343, 251, 220, 397, 383, 80, 227, 1, 228, 321, 44, 300, 339, 175, 299, 330, 380, 218, 3, 43, 287, 192, 7, 16, 389, 26, 158, 127, 335, 148, 289, 159, 36, 387, 305, 253, 336, 217, 130, 378, 398, 78, 77, 134, 352, 277, 384, 166, 65, 207, 129, 47, 256, 334, 374, 57, 365, 282, 291, 292, 294, 304, 308, 310, 314, 319, 325, 327, 328, 333, 340, 341, 344, 346, 348, 358, 368, 379, 385, 388, 392]
x_282: [2, 3, 6, 7, 10, 11, 13, 15, 16, 17, 24, 29, 38, 40, 50, 53, 54, 57, 68, 71, 73, 74, 75, 81, 84, 88, 89, 93, 98, 100, 103, 105, 108, 109, 110, 111, 113, 120, 122, 129, 131, 132, 133, 134, 136, 137, 140, 144, 147, 151, 152, 157, 162, 166, 169, 170, 171, 172, 174, 185, 195, 200, 201, 204, 206, 207, 208, 210, 211, 220, 221, 224, 226, 229, 230, 231, 232, 235, 236, 237, 240, 245, 246, 248, 251, 252, 253, 255, 256, 259, 260, 261, 262, 272, 274, 277, 278, 363, 94, 333, 300, 82, 30, 238, 281, 43, 14, 79, 48, 353, 190, 121, 18, 310, 376, 154, 83, 311, 217, 67, 36, 373, 178, 377, 379, 41, 327, 367, 148, 343, 396, 268, 115, 20, 64, 390, 313, 304, 212, 364, 130, 386, 273, 303, 321, 138, 119, 336, 284, 199, 233, 290, 194, 123, 5, 392, 361, 96, 26, 347, 118, 287, 294, 298, 301, 306, 308, 314, 315, 316, 324, 328, 329, 332, 339, 342, 344, 345, 346, 348, 350, 352, 354, 360, 362, 370, 374, 378, 385, 387, 388, 391]
x_283: [2, 3, 6, 9, 10, 11, 15, 16, 24, 27, 31, 40, 41, 45, 46, 53, 54, 57, 58, 59, 66, 69, 73, 74, 76, 87, 90, 94, 95, 97, 98, 99, 100, 103, 104, 109, 110, 111, 115, 117, 119, 130, 132, 134, 141, 146, 147, 148, 153, 154, 162, 168, 169, 171, 173, 175, 180, 181, 184, 188, 191, 193, 194, 196, 197, 200, 204, 205, 206, 210, 215, 216, 220, 226, 230, 231, 239, 240, 244, 248, 251, 252, 254, 258, 260, 261, 268, 280, 281, 356, 376, 48, 334, 159, 86, 370, 127, 28, 32, 47, 379, 152, 390, 369, 38, 271, 400, 259, 112, 374, 202, 80, 312, 353, 12, 139, 234, 392, 336, 360, 377, 81, 51, 224, 138, 128, 222, 121, 349, 397, 378, 326, 212, 371, 158, 318, 363, 221, 214, 229, 309, 21, 243, 329, 264, 361, 253, 207, 5, 55, 235, 70, 287, 292, 364, 367, 64, 124, 241, 218, 322, 185, 187, 320, 198, 105, 91, 107, 236, 393, 149, 49, 316, 279, 203, 4, 142, 93, 321, 120, 140, 332, 42, 381, 102, 65, 343, 362, 101, 166, 297, 118, 72, 266, 304, 201, 136, 338, 155, 331, 380, 106, 294, 123, 302, 262, 68, 300, 245, 13, 350, 18, 389, 172, 285, 249, 39, 237, 63, 288, 246, 351, 395, 315, 398, 386, 192, 14, 52, 265, 33, 366, 208, 167, 190, 227, 325, 77, 340, 276, 23, 301, 178, 135, 225, 337, 37, 228, 199, 114, 157, 213, 344, 233, 284, 289, 290, 298, 308, 311, 313, 314, 319, 327, 330, 333, 339, 341, 345, 346, 348, 352, 354, 357, 358, 359, 372, 375, 383, 385, 387, 388]
x_284: [1, 2, 3, 6, 10, 13, 16, 20, 21, 29, 31, 36, 38, 40, 50, 56, 58, 59, 66, 70, 72, 74, 79, 83, 90, 91, 95, 96, 97, 99, 101, 103, 104, 115, 116, 119, 120, 122, 126, 128, 131, 133, 134, 136, 140, 144, 145, 146, 151, 152, 153, 162, 164, 169, 171, 172, 175, 185, 187, 188, 190, 191, 192, 193, 194, 198, 200, 203, 204, 205, 206, 207, 210, 216, 221, 224, 226, 232, 233, 234, 241, 242, 243, 244, 245, 246, 251, 252, 253, 255, 256, 257, 261, 262, 264, 269, 276, 278, 281, 282, 132, 391, 279, 39, 135, 7, 22, 30, 275, 4, 201, 364, 356, 387, 92, 137, 68, 25, 250, 85, 158, 317, 17, 336, 277, 178, 51, 44, 348, 165, 109, 196, 376, 311, 238, 341, 388, 15, 110, 396, 334, 189, 314, 117, 324, 263, 141, 170, 371, 73, 5, 359, 240, 80, 150, 298, 107, 184, 161, 231, 340, 220, 217, 319, 330, 121, 346, 168, 267, 380, 197, 378, 76, 287, 43, 163, 53, 123, 312, 288, 180, 34, 258, 274, 290, 24, 289, 381, 9, 49, 214, 81, 65, 57, 64, 394, 374, 148, 102, 283, 26, 124, 186, 315, 112, 285, 292, 296, 300, 303, 306, 323, 325, 328, 332, 335, 337, 338, 339, 345, 350, 351, 352, 354, 357, 366, 379, 382, 385, 389, 392, 397, 400]
x_285: [1, 4, 8, 10, 14, 16, 18, 21, 22, 25, 29, 31, 35, 39, 40, 45, 49, 50, 53, 54, 57, 64, 68, 69, 72, 73, 76, 81, 82, 88, 90, 93, 103, 108, 110, 111, 112, 114, 115, 119, 120, 126, 128, 134, 137, 144, 145, 148, 151, 153, 161, 162, 168, 169, 170, 172, 173, 174, 181, 186, 193, 194, 195, 196, 200, 201, 202, 203, 204, 205, 206, 209, 210, 216, 224, 229, 230, 232, 233, 234, 235, 236, 238, 242, 243, 244, 245, 247, 253, 260, 261, 262, 272, 273, 276, 278, 280, 283, 331, 56, 48, 80, 66, 139, 12, 95, 55, 399, 380, 129, 270, 313, 284, 178, 308, 191, 63, 373, 164, 182, 87, 17, 44, 207, 124, 320, 33, 266, 303, 220, 192, 222, 318, 394, 19, 133, 237, 61, 265, 309, 125, 361, 288, 336, 98, 330, 30, 341, 384, 20, 388, 332, 345, 138, 219, 26, 99, 52, 292, 227, 28, 396, 96, 277, 263, 102, 60, 7, 294, 296, 297, 305, 306, 310, 311, 312, 314, 321, 326, 327, 333, 335, 337, 344, 346, 347, 350, 357, 362, 366, 370, 378, 379, 385, 386, 389, 391]
x_286: [4, 5, 9, 11, 25, 27, 28, 29, 30, 31, 38, 39, 40, 45, 50, 53, 54, 57, 58, 63, 66, 75, 79, 81, 82, 84, 85, 86, 89, 93, 95, 97, 98, 106, 107, 110, 111, 113, 116, 117, 120, 123, 130, 131, 132, 133, 134, 137, 140, 143, 146, 148, 152, 153, 154, 156, 161, 162, 169, 171, 172, 173, 174, 175, 180, 190, 193, 196, 197, 200, 201, 206, 207, 209, 210, 211, 216, 220, 221, 224, 229, 230, 232, 234, 238, 239, 242, 246, 247, 248, 251, 253, 254, 258, 259, 262, 264, 265, 268, 272, 277, 278, 281, 124, 43, 348, 345, 323, 135, 80, 14, 34, 42, 374, 223, 77, 60, 157, 136, 71, 369, 336, 396, 129, 32, 73, 118, 344, 359, 315, 308, 141, 74, 307, 94, 372, 303, 155, 7, 185, 164, 270, 342, 304, 194, 186, 202, 183, 218, 394, 13, 165, 357, 228, 376, 126, 373, 361, 23, 167, 18, 198, 208, 343, 260, 244, 367, 375, 170, 6, 83, 178, 16, 203, 263, 214, 144, 371, 354, 109, 163, 233, 182, 293, 392, 257, 22, 15, 280, 41, 240, 44, 349, 102, 19, 17, 166, 378, 346, 305, 287, 279, 2, 115, 290, 12, 24, 400, 72, 51, 127, 289, 291, 294, 296, 297, 298, 299, 300, 306, 310, 314, 318, 321, 324, 327, 328, 329, 330, 333, 337, 338, 347, 352, 353, 362, 365, 368, 377, 381, 382, 385, 391, 397, 398]
x_287: [3, 5, 9, 10, 13, 15, 16, 17, 18, 20, 21, 29, 31, 38, 40, 46, 51, 53, 54, 56, 57, 61, 64, 66, 68, 71, 73, 74, 81, 84, 86, 87, 88, 90, 91, 92, 97, 99, 101, 103, 107, 113, 114, 115, 119, 120, 121, 122, 123, 130, 132, 134, 136, 140, 143, 144, 146, 147, 148, 150, 151, 152, 153, 157, 158, 161, 168, 169, 170, 173, 175, 185, 187, 190, 193, 194, 197, 203, 204, 205, 211, 216, 219, 220, 221, 223, 228, 230, 232, 233, 234, 238, 241, 242, 243, 246, 249, 252, 253, 255, 257, 261, 262, 264, 268, 269, 272, 276, 280, 281, 283, 284, 286, 338, 178, 244, 50, 382, 37, 295, 393, 282, 330, 63, 364, 271, 222, 386, 250, 118, 106, 214, 25, 141, 301, 299, 307, 69, 208, 275, 387, 111, 44, 191, 85, 94, 135, 248, 329, 83, 291, 362, 376, 378, 62, 381, 323, 379, 226, 227, 142, 367, 331, 274, 174, 339, 293, 294, 303, 304, 310, 313, 315, 316, 319, 320, 325, 328, 332, 334, 335, 336, 337, 343, 344, 345, 346, 350, 354, 357, 359, 370, 372, 374, 384, 385, 388, 391, 392]
x_288: [2, 4, 6, 8, 9, 16, 17, 20, 24, 29, 35, 43, 46, 50, 54, 66, 69, 73, 74, 76, 81, 84, 87, 88, 94, 95, 96, 98, 100, 106, 107, 108, 109, 110, 111, 115, 119, 120, 123, 125, 126, 127, 129, 131, 132, 133, 134, 136, 137, 141, 144, 145, 146, 147, 148, 151, 154, 158, 168, 169, 170, 172, 173, 175, 180, 185, 189, 191, 193, 194, 197, 198, 200, 201, 204, 205, 207, 208, 209, 210, 211, 213, 216, 219, 220, 221, 223, 224, 229, 230, 233, 235, 236, 238, 243, 244, 245, 247, 248, 250, 251, 252, 253, 257, 260, 261, 264, 268, 272, 277, 278, 280, 283, 284, 285, 232, 71, 310, 38, 13, 5, 338, 326, 97, 350, 395, 231, 370, 377, 289, 290, 294, 297, 298, 303, 304, 305, 306, 308, 314, 315, 319, 328, 330, 333, 336, 337, 340, 344, 347, 348, 354, 359, 362, 364, 366, 367, 369, 372, 373, 375, 376, 378, 382, 383, 384, 385, 387, 388, 391, 392]
x_289: [2, 3, 5, 7, 10, 11, 12, 14, 15, 16, 18, 21, 22, 28, 36, 39, 40, 53, 54, 57, 59, 60, 69, 70, 71, 73, 80, 82, 85, 87, 88, 89, 90, 104, 105, 107, 108, 109, 111, 113, 114, 115, 116, 119, 123, 124, 132, 133, 136, 144, 145, 147, 148, 153, 155, 169, 172, 174, 175, 179, 180, 185, 192, 193, 194, 196, 197, 200, 202, 206, 207, 209, 211, 216, 217, 218, 220, 221, 224, 227, 229, 230, 231, 234, 235, 242, 244, 248, 252, 253, 254, 260, 261, 262, 264, 269, 272, 277, 281, 284, 247, 304, 27, 183, 292, 154, 228, 271, 125, 182, 129, 237, 351, 386, 199, 210, 258, 178, 350, 296, 327, 106, 213, 76, 330, 392, 25, 9, 117, 68, 302, 390, 96, 101, 35, 167, 343, 6, 187, 222, 112, 276, 205, 79, 170, 310, 268, 337, 162, 173, 342, 94, 164, 307, 314, 336, 364, 357, 283, 311, 391, 156, 397, 98, 48, 233, 331, 308, 26, 120, 363, 243, 345, 375, 256, 306, 214, 328, 377, 298, 370, 99, 127, 263, 380, 257, 146, 266, 212, 78, 204, 344, 190, 240, 286, 355, 58, 128, 176, 329, 33, 30, 356, 130, 335, 290, 279, 376, 74, 103, 348, 191, 1, 359, 384, 299, 138, 395, 122, 56, 389, 275, 372, 75, 305, 43, 361, 184, 365, 309, 151, 81, 64, 288, 383, 322, 291, 294, 301, 315, 316, 317, 318, 319, 321, 325, 333, 334, 339, 346, 347, 354, 366, 369, 378, 379, 385, 387, 400]
x_290: [2, 3, 5, 6, 10, 15, 17, 18, 22, 24, 25, 30, 31, 35, 38, 40, 41, 46, 49, 53, 57, 66, 69, 70, 73, 74, 75, 81, 82, 90, 95, 96, 98, 103, 104, 106, 108, 112, 113, 119, 120, 125, 127, 131, 132, 136, 140, 144, 149, 150, 153, 154, 157, 162, 165, 168, 170, 173, 175, 176, 177, 179, 184, 185, 193, 199, 201, 203, 204, 206, 208, 209, 221, 225, 229, 230, 232, 236, 240, 241, 243, 245, 247, 251, 253, 257, 260, 261, 262, 263, 264, 270, 276, 278, 279, 280, 281, 282, 284, 286, 289, 306, 21, 155, 105, 328, 12, 196, 158, 244, 151, 51, 271, 118, 382, 233, 133, 186, 194, 288, 64, 378, 37, 344, 159, 227, 343, 85, 266, 36, 333, 226, 234, 393, 72, 54, 166, 255, 362, 52, 55, 32, 258, 354, 228, 59, 300, 63, 89, 130, 322, 87, 337, 242, 43, 375, 345, 397, 296, 174, 99, 301, 320, 388, 14, 319, 237, 239, 16, 313, 198, 13, 324, 97, 369, 135, 294, 363, 220, 355, 305, 385, 352, 340, 210, 145, 71, 400, 384, 9, 189, 359, 219, 152, 335, 329, 200, 323, 268, 109, 88, 222, 141, 56, 371, 231, 275, 129, 383, 217, 235, 336, 273, 398, 321, 339, 283, 78, 391, 331, 216, 248, 60, 138, 110, 267, 191, 386, 315, 147, 246, 353, 27, 303, 76, 308, 318, 77, 311, 348, 107, 117, 304, 180, 188, 169, 310, 65, 121, 45, 356, 215, 33, 298, 163, 202, 256, 94, 205, 161, 292, 312, 327, 330, 332, 334, 346, 349, 358, 370, 372, 379, 389, 396]
x_291: [7, 9, 10, 14, 15, 16, 17, 26, 27, 29, 34, 38, 40, 45, 46, 50, 53, 54, 57, 58, 61, 66, 73, 74, 75, 79, 80, 82, 83, 84, 94, 97, 101, 104, 105, 107, 108, 109, 110, 115, 122, 123, 126, 127, 131, 132, 140, 144, 145, 146, 147, 151, 153, 157, 158, 161, 162, 169, 172, 173, 175, 177, 180, 181, 185, 188, 189, 191, 193, 197, 200, 202, 204, 205, 207, 209, 213, 216, 217, 220, 221, 223, 224, 228, 229, 230, 232, 235, 238, 240, 242, 243, 245, 251, 253, 255, 257, 258, 259, 261, 262, 263, 277, 278, 287, 359, 331, 294, 312, 95, 165, 120, 211, 397, 237, 325, 64, 392, 48, 23, 43, 299, 152, 149, 320, 252, 13, 281, 327, 154, 356, 246, 86, 22, 378, 313, 273, 244, 311, 272, 218, 128, 208, 395, 113, 226, 348, 361, 324, 196, 90, 349, 63, 280, 219, 59, 347, 116, 56, 129, 322, 139, 296, 176, 78, 60, 384, 319, 398, 19, 351, 289, 28, 265, 341, 121, 295, 234, 286, 353, 233, 371, 65, 179, 248, 236, 124, 85, 249, 30, 292, 297, 300, 301, 304, 306, 328, 329, 330, 332, 333, 334, 335, 336, 342, 343, 344, 345, 346, 350, 354, 358, 360, 362, 364, 366, 368, 372, 375, 376, 377, 381, 386, 387, 389]
x_292: [1, 2, 3, 4, 15, 16, 18, 22, 25, 28, 29, 30, 31, 38, 40, 45, 46, 51, 54, 57, 63, 66, 68, 70, 72, 74, 75, 80, 82, 86, 87, 90, 93, 94, 96, 97, 98, 99, 102, 104, 110, 111, 122, 124, 127, 130, 131, 132, 134, 137, 141, 145, 147, 148, 149, 150, 156, 162, 165, 167, 169, 174, 175, 177, 185, 191, 194, 195, 200, 202, 208, 209, 210, 211, 216, 217, 219, 224, 225, 226, 227, 228, 229, 230, 233, 234, 236, 239, 242, 243, 244, 245, 254, 260, 261, 265, 269, 270, 277, 280, 283, 285, 289, 358, 49, 360, 163, 17, 19, 298, 397, 341, 64, 100, 284, 103, 328, 140, 312, 207, 259, 206, 385, 203, 126, 376, 390, 238, 157, 353, 256, 43, 398, 275, 92, 20, 294, 281, 154, 222, 55, 393, 214, 257, 342, 370, 186, 266, 273, 386, 359, 307, 160, 50, 274, 125, 71, 107, 81, 400, 129, 258, 231, 184, 183, 318, 324, 315, 333, 320, 271, 14, 272, 334, 176, 118, 295, 85, 138, 345, 355, 361, 39, 199, 356, 350, 343, 62, 237, 311, 306, 299, 170, 77, 35, 192, 135, 12, 152, 365, 246, 218, 263, 329, 321, 196, 164, 264, 250, 47, 101, 302, 291, 114, 331, 171, 322, 215, 13, 136, 310, 60, 305, 65, 83, 378, 374, 190, 73, 384, 357, 117, 391, 344, 120, 193, 121, 309, 267, 201, 84, 367, 59, 144, 346, 23, 349, 220, 276, 48, 268, 395, 293, 213, 105, 173, 297, 88, 338, 32, 248, 158, 392, 161, 364, 180, 368, 182, 241, 89, 178, 388, 142, 24, 223, 326, 327, 290, 296, 300, 303, 304, 308, 313, 314, 319, 323, 330, 335, 336, 339, 352, 354, 362, 366, 372, 375, 380, 381, 383, 389, 399]
x_293: [3, 4, 6, 9, 22, 29, 33, 35, 39, 40, 41, 45, 46, 48, 50, 52, 55, 57, 74, 75, 79, 83, 84, 88, 89, 94, 95, 97, 98, 99, 100, 101, 103, 104, 107, 111, 115, 119, 123, 124, 127, 129, 132, 134, 139, 144, 145, 147, 150, 162, 166, 168, 173, 174, 179, 183, 189, 190, 192, 194, 195, 197, 198, 202, 205, 209, 210, 216, 218, 219, 220, 226, 228, 229, 235, 237, 238, 240, 242, 243, 244, 245, 246, 247, 248, 252, 253, 258, 260, 261, 264, 268, 269, 270, 273, 276, 278, 279, 281, 286, 292, 170, 380, 277, 394, 365, 30, 156, 72, 116, 154, 340, 287, 34, 342, 184, 379, 377, 250, 371, 42, 388, 310, 337, 232, 398, 391, 230, 346, 301, 2, 304, 297, 347, 383, 316, 303, 330, 345, 204, 221, 31, 212, 152, 382, 315, 25, 21, 65, 165, 171, 108, 254, 122, 306, 257, 361, 141, 181, 225, 317, 251, 18, 14, 217, 259, 196, 352, 59, 368, 85, 223, 390, 133, 339, 1, 16, 376, 299, 24, 76, 359, 256, 5, 180, 159, 381, 267, 143, 308, 372, 28, 362, 313, 61, 161, 69, 224, 358, 70, 386, 131, 328, 153, 215, 311, 93, 298, 300, 305, 314, 319, 324, 327, 333, 334, 335, 338, 344, 350, 353, 354, 356, 378, 389, 392, 396, 400]
x_294: [2, 4, 5, 7, 10, 12, 15, 18, 25, 26, 29, 30, 35, 39, 41, 46, 50, 51, 53, 54, 56, 57, 60, 61, 66, 69, 70, 71, 72, 74, 75, 79, 84, 87, 88, 90, 93, 96, 100, 101, 103, 104, 107, 108, 111, 113, 115, 116, 122, 123, 126, 128, 130, 132, 134, 141, 146, 152, 154, 171, 177, 180, 187, 189, 191, 196, 203, 204, 205, 209, 215, 216, 219, 223, 225, 226, 230, 233, 234, 236, 237, 240, 245, 246, 252, 253, 254, 257, 261, 268, 276, 277, 279, 283, 290, 291, 292, 94, 321, 137, 278, 155, 346, 282, 228, 78, 339, 347, 379, 344, 244, 102, 97, 262, 11, 381, 194, 192, 170, 325, 20, 371, 357, 133, 377, 40, 398, 139, 77, 303, 281, 338, 286, 363, 197, 364, 202, 3, 320, 1, 336, 23, 227, 267, 314, 121, 81, 326, 221, 337, 99, 63, 33, 150, 65, 373, 368, 392, 168, 109, 21, 55, 335, 173, 241, 239, 112, 135, 214, 106, 19, 260, 308, 149, 288, 211, 311, 105, 360, 92, 89, 200, 127, 372, 119, 378, 181, 264, 263, 184, 98, 28, 274, 397, 315, 289, 24, 190, 350, 312, 188, 285, 330, 22, 238, 396, 8, 213, 176, 138, 86, 345, 259, 36, 38, 158, 82, 229, 356, 329, 172, 387, 251, 309, 185, 389, 374, 375, 287, 359, 351, 147, 145, 354, 175, 361, 148, 390, 340, 210, 275, 296, 370, 307, 334, 85, 298, 58, 178, 270, 331, 193, 300, 301, 304, 317, 319, 327, 328, 333, 348, 353, 358, 382, 384, 385, 391, 400]
x_295: [2, 3, 5, 10, 11, 15, 16, 20, 24, 25, 27, 29, 31, 37, 40, 46, 54, 57, 66, 70, 71, 73, 74, 75, 79, 84, 87, 90, 93, 96, 97, 98, 99, 100, 101, 104, 107, 110, 113, 117, 119, 120, 129, 131, 147, 150, 153, 154, 156, 160, 161, 162, 168, 169, 170, 172, 173, 184, 191, 194, 199, 201, 203, 207, 208, 209, 210, 211, 220, 221, 222, 224, 228, 232, 238, 241, 242, 243, 245, 246, 251, 252, 253, 254, 258, 259, 260, 261, 262, 265, 269, 279, 287, 291, 292, 213, 325, 231, 331, 149, 35, 394, 256, 367, 268, 345, 387, 187, 69, 225, 193, 263, 132, 157, 138, 128, 343, 139, 52, 297, 301, 303, 304, 305, 310, 311, 312, 317, 328, 330, 332, 340, 342, 344, 348, 350, 358, 359, 360, 362, 366, 369, 370, 374, 377, 379, 386, 397, 400]
x_296: [2, 7, 10, 11, 17, 18, 21, 25, 27, 31, 35, 40, 46, 48, 49, 50, 56, 57, 58, 70, 74, 75, 76, 79, 84, 89, 90, 93, 94, 95, 97, 98, 100, 101, 103, 104, 107, 108, 109, 110, 114, 115, 116, 119, 122, 124, 126, 129, 131, 132, 136, 141, 143, 145, 146, 147, 148, 150, 152, 153, 154, 157, 158, 159, 161, 168, 169, 170, 171, 174, 175, 180, 185, 186, 189, 191, 193, 198, 199, 204, 207, 208, 210, 213, 219, 221, 227, 229, 232, 233, 234, 235, 238, 242, 243, 244, 245, 246, 248, 251, 252, 254, 257, 262, 264, 265, 269, 272, 276, 289, 290, 291, 294, 222, 237, 73, 381, 197, 379, 52, 307, 318, 298, 314, 280, 346, 319, 22, 72, 271, 370, 306, 263, 273, 111, 396, 360, 167, 388, 386, 61, 380, 236, 327, 195, 55, 24, 316, 277, 105, 270, 4, 285, 375, 353, 140, 87, 286, 59, 343, 304, 278, 355, 54, 340, 30, 69, 78, 305, 315, 312, 385, 337, 292, 85, 279, 301, 217, 267, 29, 255, 44, 205, 354, 224, 39, 192, 23, 66, 144, 179, 28, 249, 133, 8, 351, 202, 378, 15, 338, 339, 274, 65, 102, 5, 127, 218, 369, 309, 194, 83, 284, 139, 394, 1, 33, 220, 166, 258, 37, 260, 322, 300, 311, 313, 321, 323, 325, 329, 330, 333, 336, 342, 344, 348, 350, 352, 356, 357, 367, 374, 376, 377, 389, 391, 392, 400]
x_297: [2, 3, 4, 5, 6, 8, 10, 25, 27, 30, 31, 38, 41, 46, 53, 54, 57, 58, 66, 68, 69, 72, 73, 75, 82, 83, 87, 88, 95, 97, 99, 100, 104, 107, 108, 109, 110, 113, 120, 123, 124, 131, 133, 134, 138, 140, 142, 144, 152, 153, 161, 168, 169, 170, 173, 175, 176, 177, 185, 191, 195, 197, 200, 201, 205, 207, 212, 220, 221, 222, 223, 224, 228, 229, 230, 232, 234, 239, 240, 241, 243, 248, 251, 254, 255, 257, 260, 261, 262, 263, 268, 269, 272, 279, 281, 283, 292, 293, 235, 246, 349, 343, 331, 325, 304, 319, 12, 89, 362, 372, 136, 301, 308, 135, 326, 163, 64, 233, 114, 285, 280, 356, 121, 187, 314, 389, 17, 348, 358, 81, 256, 172, 236, 117, 206, 306, 9, 291, 112, 148, 392, 264, 376, 300, 22, 359, 60, 28, 365, 23, 39, 115, 330, 85, 267, 363, 286, 309, 199, 383, 194, 350, 165, 154, 288, 370, 141, 340, 16, 305, 59, 400, 50, 387, 132, 342, 65, 204, 183, 323, 96, 159, 259, 77, 67, 315, 225, 71, 193, 11, 210, 276, 139, 84, 98, 91, 396, 189, 302, 397, 74, 332, 33, 371, 137, 250, 63, 373, 266, 351, 247, 328, 18, 157, 51, 369, 180, 92, 118, 126, 303, 307, 344, 61, 106, 295, 227, 275, 375, 316, 385, 395, 374, 160, 364, 355, 317, 386, 76, 258, 111, 377, 219, 147, 55, 15, 318, 184, 368, 310, 299, 311, 313, 321, 327, 329, 333, 334, 335, 339, 341, 345, 352, 354, 360, 367, 379, 382, 384, 388]
x_298: [4, 5, 6, 7, 8, 10, 11, 13, 15, 16, 17, 28, 30, 35, 41, 45, 46, 48, 56, 57, 66, 70, 73, 79, 82, 83, 89, 94, 95, 97, 98, 100, 101, 103, 107, 109, 111, 113, 116, 122, 125, 129, 130, 134, 137, 140, 144, 147, 153, 155, 157, 162, 163, 166, 167, 168, 169, 172, 173, 176, 180, 185, 188, 191, 194, 197, 198, 200, 207, 209, 211, 221, 223, 224, 225, 230, 231, 232, 235, 241, 242, 243, 244, 245, 246, 247, 248, 249, 251, 252, 253, 254, 258, 260, 261, 262, 265, 268, 272, 278, 284, 289, 290, 292, 294, 296, 51, 27, 9, 335, 389, 152, 286, 276, 12, 32, 370, 336, 386, 362, 121, 90, 151, 170, 331, 288, 139, 133, 190, 300, 84, 104, 38, 277, 330, 264, 143, 2, 127, 385, 378, 239, 396, 375, 355, 222, 359, 237, 118, 293, 387, 354, 353, 267, 351, 371, 154, 340, 14, 105, 269, 201, 349, 259, 328, 250, 115, 53, 283, 361, 21, 34, 391, 36, 88, 76, 236, 227, 324, 216, 343, 271, 74, 282, 132, 182, 3, 238, 379, 78, 274, 234, 29, 49, 233, 218, 19, 357, 350, 299, 303, 306, 310, 313, 315, 316, 318, 323, 326, 334, 339, 344, 345, 346, 347, 348, 352, 360, 364, 365, 366, 367, 369, 374, 377, 388, 400]
x_299: [9, 10, 11, 13, 20, 22, 25, 27, 29, 31, 38, 46, 53, 54, 55, 57, 61, 63, 64, 66, 68, 71, 74, 75, 84, 87, 90, 99, 105, 106, 107, 108, 110, 111, 115, 118, 119, 128, 129, 130, 131, 132, 133, 140, 145, 146, 148, 150, 154, 155, 158, 160, 161, 171, 172, 175, 185, 190, 194, 195, 199, 201, 204, 207, 208, 209, 210, 211, 226, 228, 229, 232, 233, 237, 241, 243, 244, 245, 246, 247, 248, 253, 254, 257, 258, 259, 262, 264, 268, 276, 277, 278, 279, 281, 287, 289, 291, 292, 293, 17, 156, 120, 104, 69, 312, 341, 80, 42, 174, 389, 192, 240, 198, 238, 4, 164, 286, 73, 297, 97, 304, 65, 376, 390, 379, 274, 313, 353, 230, 181, 342, 236, 269, 251, 188, 265, 350, 2, 134, 180, 116, 59, 355, 377, 51, 352, 15, 366, 382, 330, 147, 60, 275, 48, 203, 95, 222, 100, 157, 314, 21, 344, 43, 225, 356, 137, 168, 317, 358, 325, 334, 196, 263, 250, 202, 139, 298, 122, 319, 79, 252, 62, 308, 266, 349, 242, 153, 102, 324, 239, 306, 309, 310, 311, 315, 328, 329, 335, 336, 340, 346, 354, 359, 370, 374, 381, 383, 384, 385, 397, 400]
x_300: [2, 4, 5, 6, 9, 17, 18, 20, 25, 29, 30, 31, 40, 41, 46, 49, 53, 58, 66, 68, 69, 74, 82, 83, 87, 90, 94, 95, 97, 98, 99, 101, 103, 111, 115, 117, 118, 119, 123, 127, 129, 130, 131, 133, 134, 140, 142, 144, 153, 155, 157, 158, 161, 164, 168, 169, 176, 177, 180, 185, 193, 194, 200, 201, 203, 204, 209, 211, 216, 220, 221, 224, 225, 231, 233, 235, 242, 243, 245, 246, 249, 255, 256, 257, 259, 262, 272, 274, 275, 277, 279, 280, 281, 282, 283, 290, 297, 298, 84, 312, 89, 319, 174, 316, 72, 237, 208, 323, 181, 109, 386, 362, 325, 154, 62, 59, 251, 34, 162, 324, 392, 250, 336, 182, 167, 338, 263, 132, 96, 78, 284, 19, 286, 189, 23, 229, 308, 296, 138, 8, 271, 232, 70, 361, 212, 195, 32, 278, 88, 253, 120, 343, 346, 241, 327, 92, 217, 396, 73, 315, 218, 205, 380, 28, 333, 301, 3, 124, 55, 348, 171, 400, 27, 384, 293, 48, 230, 376, 179, 226, 351, 147, 273, 85, 12, 292, 344, 80, 387, 56, 39, 383, 214, 329, 106, 210, 358, 51, 359, 266, 64, 355, 261, 368, 228, 397, 291, 337, 135, 356, 187, 389, 7, 199, 137, 77, 367, 14, 244, 172, 347, 13, 105, 335, 93, 15, 207, 270, 125, 192, 213, 145, 104, 26, 322, 350, 81, 294, 71, 304, 306, 307, 310, 313, 317, 318, 328, 339, 340, 352, 372, 374, 377, 385]
x_301: [2, 3, 6, 9, 10, 11, 16, 21, 22, 24, 27, 35, 36, 37, 38, 39, 40, 41, 44, 45, 46, 54, 57, 66, 69, 73, 74, 75, 82, 86, 89, 93, 94, 97, 98, 100, 101, 104, 106, 107, 110, 113, 119, 120, 123, 125, 126, 127, 131, 132, 134, 140, 143, 144, 146, 147, 150, 151, 154, 155, 159, 163, 171, 172, 180, 185, 186, 189, 191, 193, 195, 197, 199, 200, 204, 209, 210, 216, 219, 226, 229, 230, 234, 235, 236, 238, 244, 245, 246, 247, 251, 252, 253, 255, 256, 260, 261, 262, 264, 268, 269, 272, 276, 278, 281, 283, 287, 290, 293, 296, 297, 300, 42, 396, 389, 391, 105, 222, 259, 17, 7, 334, 70, 181, 239, 4, 60, 48, 327, 280, 224, 214, 176, 25, 349, 363, 319, 380, 149, 294, 303, 322, 249, 108, 336, 96, 317, 312, 314, 166, 61, 34, 53, 208, 31, 8, 179, 157, 188, 291, 121, 87, 148, 339, 295, 138, 28, 63, 325, 390, 102, 79, 270, 242, 375, 178, 398, 333, 168, 309, 320, 153, 362, 92, 218, 388, 311, 111, 304, 326, 194, 345, 374, 313, 128, 91, 289, 271, 175, 165, 274, 265, 308, 369, 356, 33, 267, 361, 282, 26, 201, 227, 213, 80, 347, 302, 64, 81, 346, 223, 1, 167, 192, 23, 321, 14, 59, 331, 109, 352, 139, 18, 196, 137, 83, 315, 114, 124, 13, 358, 305, 316, 324, 329, 330, 332, 343, 344, 348, 351, 359, 360, 365, 368, 370, 372, 378, 383, 384, 385, 386, 387]
x_302: [2, 5, 6, 10, 11, 12, 14, 16, 17, 18, 22, 24, 25, 26, 28, 29, 30, 38, 40, 41, 45, 46, 50, 53, 54, 57, 69, 79, 81, 83, 85, 90, 94, 97, 98, 100, 101, 103, 105, 107, 111, 114, 119, 122, 123, 124, 126, 129, 130, 131, 132, 133, 145, 146, 147, 148, 154, 157, 168, 169, 170, 171, 174, 175, 180, 181, 184, 185, 186, 193, 195, 196, 197, 202, 203, 205, 207, 208, 210, 219, 221, 229, 230, 231, 233, 234, 238, 242, 243, 244, 246, 247, 248, 253, 254, 255, 259, 260, 264, 269, 272, 279, 283, 289, 292, 297, 301, 118, 31, 43, 102, 320, 9, 304, 27, 232, 351, 257, 330, 189, 303, 305, 306, 308, 311, 315, 317, 327, 328, 332, 336, 337, 339, 340, 341, 345, 349, 352, 360, 364, 365, 367, 372, 373, 374, 376, 379, 380, 382, 384, 386, 388, 389, 391, 392, 400]
x_303: [1, 2, 4, 5, 6, 10, 16, 18, 25, 30, 43, 53, 54, 57, 58, 64, 71, 74, 82, 83, 84, 89, 90, 93, 97, 103, 104, 105, 113, 115, 127, 136, 140, 145, 146, 147, 148, 153, 168, 171, 173, 181, 191, 194, 195, 196, 197, 201, 202, 203, 204, 205, 207, 209, 210, 216, 218, 219, 221, 226, 232, 233, 234, 237, 238, 240, 241, 242, 243, 248, 252, 253, 255, 260, 261, 264, 273, 276, 277, 282, 285, 286, 290, 293, 294, 297, 301, 307, 67, 265, 389, 94, 335, 44, 314, 269, 339, 118, 141, 73, 345, 182, 302, 160, 108, 263, 229, 319, 380, 222, 392, 190, 333, 368, 117, 21, 308, 188, 172, 288, 338, 149, 323, 198, 379, 322, 159, 215, 72, 47, 132, 39, 284, 41, 225, 11, 318, 227, 396, 395, 24, 178, 292, 68, 383, 381, 358, 298, 274, 211, 100, 382, 337, 70, 121, 400, 375, 75, 249, 256, 19, 143, 175, 199, 214, 154, 309, 217, 250, 295, 259, 179, 287, 359, 331, 166, 87, 354, 251, 324, 192, 167, 130, 398, 55, 29, 370, 316, 99, 38, 193, 9, 170, 245, 280, 306, 310, 315, 317, 329, 332, 342, 344, 346, 347, 352, 353, 356, 367, 376, 378, 386, 387]
x_304: [2, 3, 4, 10, 16, 17, 22, 24, 25, 29, 30, 31, 34, 40, 45, 46, 48, 50, 53, 54, 55, 57, 58, 66, 81, 82, 83, 86, 90, 94, 95, 97, 99, 100, 101, 102, 103, 104, 106, 109, 110, 119, 126, 129, 131, 133, 136, 137, 140, 144, 146, 147, 150, 153, 154, 158, 162, 163, 165, 168, 169, 171, 172, 173, 175, 177, 183, 185, 194, 196, 204, 205, 207, 210, 213, 217, 219, 220, 221, 224, 226, 230, 232, 234, 235, 236, 237, 238, 242, 243, 244, 249, 252, 253, 255, 259, 260, 261, 264, 265, 268, 269, 272, 274, 276, 278, 279, 282, 283, 286, 289, 290, 293, 296, 297, 299, 301, 302, 346, 229, 352, 375, 23, 33, 362, 316, 364, 216, 287, 313, 15, 360, 305, 121, 75, 361, 160, 231, 187, 343, 336, 369, 281, 355, 142, 124, 42, 378, 128, 307, 18, 366, 161, 125, 87, 321, 315, 91, 384, 202, 370, 152, 218, 338, 206, 77, 344, 270, 14, 49, 275, 327, 335, 300, 79, 288, 248, 277, 262, 186, 353, 320, 76, 294, 348, 11, 397, 200, 310, 395, 21, 8, 9, 139, 130, 319, 391, 267, 118, 331, 325, 156, 340, 69, 291, 88, 256, 334, 342, 176, 398, 292, 72, 399, 166, 345, 107, 241, 273, 371, 240, 214, 347, 41, 134, 212, 211, 225, 400, 68, 28, 113, 62, 151, 312, 365, 12, 377, 98, 351, 93, 306, 254, 247, 393, 233, 280, 392, 78, 181, 189, 354, 329, 223, 27, 385, 245, 318, 191, 64, 73, 192, 105, 195, 376, 386, 193, 295, 5, 198, 117, 372, 167, 20, 132, 84, 141, 111, 65, 60, 396, 357, 203, 47, 44, 388, 114, 308, 311, 317, 324, 326, 330, 333, 339, 350, 356, 367, 380, 381, 387, 389]
x_305: [3, 9, 10, 11, 17, 18, 20, 24, 25, 29, 30, 35, 38, 49, 52, 53, 55, 56, 57, 69, 73, 75, 81, 83, 87, 90, 97, 98, 100, 103, 104, 107, 108, 110, 115, 117, 119, 122, 123, 124, 127, 128, 134, 140, 141, 144, 147, 148, 150, 152, 153, 158, 161, 165, 168, 170, 171, 172, 177, 180, 183, 184, 191, 192, 193, 195, 197, 198, 200, 203, 204, 208, 209, 215, 218, 219, 221, 226, 227, 231, 232, 234, 238, 241, 244, 245, 246, 249, 251, 253, 254, 255, 257, 264, 265, 272, 277, 278, 281, 286, 289, 290, 292, 296, 297, 304, 242, 174, 206, 368, 99, 366, 313, 4, 125, 240, 367, 43, 45, 142, 156, 212, 114, 145, 42, 230, 88, 356, 217, 288, 62, 132, 311, 263, 285, 146, 5, 248, 111, 400, 79, 348, 261, 143, 374, 14, 380, 345, 340, 93, 214, 359, 159, 67, 102, 315, 330, 258, 112, 116, 371, 13, 301, 78, 32, 223, 1, 169, 316, 339, 388, 327, 160, 33, 267, 338, 74, 275, 365, 307, 91, 243, 236, 346, 6, 37, 23, 61, 136, 363, 216, 167, 151, 382, 129, 270, 189, 329, 302, 295, 39, 175, 306, 398, 392, 352, 252, 358, 63, 187, 185, 101, 364, 109, 293, 309, 312, 318, 323, 325, 328, 334, 335, 336, 337, 342, 343, 344, 350, 354, 360, 361, 370, 372, 377, 378, 379, 381, 383, 384, 386, 387, 396, 397]
x_306: [3, 4, 10, 13, 18, 21, 25, 26, 27, 29, 35, 37, 39, 40, 46, 50, 53, 55, 57, 58, 61, 64, 73, 74, 79, 83, 84, 89, 90, 91, 95, 98, 100, 104, 105, 107, 108, 110, 111, 113, 115, 119, 120, 122, 123, 126, 129, 130, 131, 134, 136, 145, 146, 147, 148, 151, 153, 154, 157, 161, 162, 166, 168, 169, 173, 176, 177, 181, 185, 191, 195, 196, 197, 199, 200, 202, 205, 206, 209, 210, 211, 216, 218, 224, 226, 229, 232, 233, 238, 242, 243, 244, 246, 247, 249, 253, 254, 255, 257, 260, 265, 274, 276, 278, 289, 290, 292, 293, 296, 297, 304, 305, 44, 221, 291, 387, 400, 245, 373, 43, 101, 187, 214, 182, 170, 137, 142, 383, 2, 329, 140, 75, 133, 192, 298, 138, 318, 8, 139, 350, 395, 80, 51, 270, 208, 328, 228, 343, 117, 392, 160, 313, 261, 179, 284, 345, 38, 273, 299, 396, 391, 336, 174, 52, 268, 207, 125, 300, 351, 220, 114, 385, 326, 370, 194, 121, 36, 124, 12, 149, 42, 227, 63, 317, 369, 15, 112, 135, 1, 364, 144, 156, 316, 186, 288, 86, 376, 82, 20, 164, 355, 390, 240, 357, 332, 201, 212, 66, 158, 225, 399, 71, 359, 49, 103, 70, 285, 333, 165, 230, 54, 308, 9, 241, 302, 11, 248, 48, 236, 6, 323, 338, 223, 368, 213, 118, 394, 388, 250, 342, 267, 282, 60, 231, 19, 72, 365, 178, 339, 97, 379, 312, 99, 315, 310, 269, 239, 93, 62, 81, 280, 109, 127, 106, 189, 358, 353, 367, 23, 155, 69, 204, 190, 303, 65, 384, 374, 277, 96, 141, 116, 324, 340, 314, 372, 366, 334, 34, 222, 286, 252, 309, 311, 321, 325, 327, 330, 335, 344, 352, 354, 360, 375, 377, 380, 386, 389, 397]
x_307: [4, 5, 6, 7, 8, 16, 20, 27, 29, 30, 35, 39, 50, 53, 54, 62, 63, 66, 68, 70, 71, 73, 74, 79, 82, 84, 94, 95, 96, 98, 103, 104, 107, 108, 110, 114, 115, 119, 120, 122, 124, 126, 129, 132, 134, 136, 140, 142, 145, 148, 150, 152, 153, 154, 161, 162, 167, 168, 169, 171, 172, 173, 174, 175, 176, 180, 187, 188, 192, 195, 197, 198, 200, 201, 203, 207, 209, 212, 216, 219, 220, 224, 228, 231, 232, 233, 235, 239, 241, 242, 243, 244, 245, 250, 251, 253, 254, 258, 268, 269, 270, 272, 274, 276, 279, 286, 287, 289, 292, 294, 296, 297, 303, 304, 305, 335, 365, 100, 158, 338, 356, 144, 155, 392, 321, 300, 25, 33, 260, 9, 131, 159, 215, 255, 273, 217, 308, 385, 238, 310, 37, 177, 394, 332, 88, 76, 151, 222, 40, 311, 315, 330, 333, 334, 336, 339, 340, 342, 345, 346, 347, 348, 350, 351, 360, 361, 369, 377, 379, 381, 384, 386, 388, 389]
x_308: [2, 3, 4, 7, 8, 11, 15, 17, 20, 21, 22, 27, 29, 31, 32, 35, 41, 44, 45, 46, 52, 54, 60, 63, 64, 70, 73, 74, 79, 84, 86, 90, 95, 98, 100, 101, 104, 110, 119, 122, 123, 124, 125, 126, 129, 131, 136, 144, 147, 153, 154, 157, 161, 168, 170, 171, 172, 175, 183, 185, 189, 194, 197, 198, 201, 202, 204, 205, 208, 209, 216, 217, 219, 221, 228, 230, 232, 233, 235, 238, 241, 242, 244, 245, 246, 247, 248, 251, 252, 253, 254, 255, 256, 258, 260, 262, 264, 265, 269, 274, 285, 286, 289, 290, 293, 294, 297, 299, 300, 301, 303, 306, 307, 304, 261, 333, 37, 152, 75, 282, 181, 76, 398, 159, 281, 288, 328, 155, 182, 276, 270, 321, 105, 370, 393, 386, 177, 149, 97, 292, 358, 92, 164, 229, 14, 343, 335, 206, 345, 138, 50, 137, 250, 139, 316, 392, 13, 174, 132, 378, 142, 313, 25, 59, 273, 249, 278, 318, 30, 399, 384, 78, 359, 240, 16, 187, 367, 158, 329, 302, 134, 167, 283, 103, 275, 234, 338, 88, 191, 179, 184, 326, 314, 69, 368, 66, 80, 277, 331, 6, 23, 387, 117, 77, 34, 334, 48, 56, 51, 355, 128, 389, 361, 224, 385, 190, 196, 102, 212, 372, 186, 62, 130, 323, 18, 272, 349, 107, 210, 356, 47, 263, 360, 211, 322, 327, 346, 397, 109, 28, 366, 391, 363, 173, 151, 380, 310, 315, 325, 330, 336, 337, 340, 347, 348, 352, 354, 362, 364, 371, 374, 379, 390]
x_309: [3, 6, 15, 17, 21, 28, 31, 37, 39, 40, 41, 45, 46, 52, 57, 58, 66, 68, 69, 70, 84, 87, 89, 90, 91, 93, 95, 96, 97, 98, 99, 100, 101, 102, 103, 105, 106, 107, 108, 110, 113, 115, 119, 122, 126, 129, 130, 131, 132, 135, 136, 137, 140, 143, 144, 145, 147, 148, 151, 153, 154, 157, 160, 161, 162, 165, 168, 172, 173, 174, 179, 180, 188, 192, 194, 195, 200, 206, 208, 209, 210, 211, 213, 220, 227, 229, 230, 231, 232, 234, 240, 241, 243, 245, 246, 249, 251, 252, 254, 255, 257, 259, 260, 264, 267, 273, 274, 277, 278, 283, 285, 289, 292, 294, 296, 297, 301, 303, 369, 276, 299, 366, 8, 33, 386, 362, 275, 217, 306, 393, 340, 380, 193, 226, 201, 325, 18, 305, 253, 77, 344, 360, 312, 314, 317, 321, 324, 327, 330, 333, 334, 335, 336, 337, 338, 339, 346, 349, 351, 354, 357, 359, 364, 365, 368, 372, 376, 379, 385, 387, 389, 392, 397]
x_310: [3, 4, 5, 8, 11, 12, 13, 14, 15, 17, 18, 24, 25, 31, 35, 37, 38, 40, 48, 53, 54, 64, 68, 69, 73, 75, 79, 81, 84, 88, 90, 93, 95, 97, 99, 103, 108, 109, 110, 113, 119, 122, 123, 125, 131, 132, 134, 139, 141, 142, 144, 146, 150, 153, 158, 161, 162, 166, 170, 171, 172, 173, 186, 191, 194, 196, 197, 199, 200, 201, 202, 205, 210, 213, 219, 221, 223, 224, 226, 227, 228, 231, 232, 233, 234, 236, 240, 241, 248, 250, 252, 253, 257, 259, 262, 264, 265, 268, 282, 288, 289, 290, 292, 293, 297, 304, 306, 307, 359, 334, 56, 344, 181, 44, 287, 278, 20, 96, 281, 267, 179, 249, 133, 51, 9, 159, 317, 49, 204, 340, 65, 124, 298, 336, 237, 285, 121, 218, 187, 129, 351, 78, 396, 85, 312, 366, 372, 209, 59, 98, 222, 300, 348, 156, 399, 335, 286, 164, 238, 313, 46, 339, 66, 26, 346, 266, 255, 190, 71, 1, 244, 328, 383, 165, 89, 80, 295, 360, 329, 47, 212, 143, 185, 239, 277, 364, 314, 206, 130, 269, 21, 217, 358, 128, 260, 391, 385, 147, 303, 27, 353, 275, 373, 102, 116, 369, 7, 189, 256, 175, 118, 299, 207, 333, 22, 60, 168, 126, 272, 374, 276, 10, 342, 6, 380, 137, 140, 230, 375, 32, 377, 392, 216, 308, 138, 332, 229, 384, 247, 50, 273, 151, 36, 104, 115, 203, 30, 327, 135, 114, 315, 318, 324, 325, 330, 337, 343, 345, 349, 350, 357, 362, 367, 378, 379, 381, 386, 387, 388, 389, 397, 400]
x_311: [2, 3, 4, 6, 7, 9, 10, 12, 13, 17, 21, 30, 31, 35, 40, 43, 46, 51, 53, 57, 58, 61, 68, 69, 70, 74, 76, 82, 83, 86, 87, 94, 98, 99, 100, 101, 103, 104, 105, 107, 108, 109, 110, 111, 115, 116, 117, 122, 123, 124, 126, 129, 132, 134, 137, 139, 140, 141, 147, 150, 153, 154, 155, 161, 162, 165, 166, 171, 174, 175, 183, 184, 187, 190, 195, 196, 198, 200, 201, 203, 205, 209, 210, 211, 220, 221, 224, 228, 229, 230, 231, 232, 233, 242, 243, 244, 245, 246, 247, 248, 252, 254, 255, 256, 257, 259, 260, 261, 265, 267, 269, 278, 280, 281, 282, 284, 289, 290, 291, 292, 293, 294, 301, 305, 77, 47, 215, 343, 264, 219, 378, 249, 389, 146, 26, 324, 285, 208, 49, 357, 318, 384, 127, 119, 345, 52, 55, 374, 329, 396, 168, 131, 312, 299, 313, 339, 54, 276, 271, 333, 355, 202, 38, 32, 164, 185, 315, 39, 295, 22, 306, 34, 157, 120, 56, 348, 238, 97, 114, 136, 160, 207, 382, 71, 304, 145, 191, 385, 121, 92, 199, 319, 37, 391, 272, 268, 130, 380, 395, 364, 128, 328, 251, 350, 334, 60, 91, 8, 169, 172, 262, 381, 18, 386, 112, 307, 397, 390, 239, 14, 75, 375, 235, 279, 79, 73, 189, 322, 369, 302, 144, 253, 392, 102, 388, 400, 41, 151, 237, 59, 206, 81, 377, 353, 241, 15, 354, 217, 36, 398, 338, 368, 283, 48, 80, 5, 340, 297, 85, 65, 149, 11, 225, 96, 365, 25, 296, 234, 349, 194, 227, 204, 95, 370, 337, 356, 223, 125, 314, 45, 379, 327, 258, 367, 143, 266, 323, 218, 366, 118, 182, 358, 181, 72, 142, 362, 316, 317, 321, 330, 332, 336, 346, 359, 360, 372, 373, 383]
x_312: [1, 2, 6, 10, 11, 12, 13, 16, 27, 28, 29, 35, 38, 46, 48, 53, 54, 58, 66, 75, 81, 83, 84, 90, 97, 100, 101, 104, 108, 110, 116, 119, 122, 123, 126, 129, 130, 131, 134, 136, 137, 138, 141, 145, 147, 150, 151, 153, 154, 157, 159, 161, 168, 170, 171, 172, 173, 175, 176, 182, 185, 186, 189, 193, 194, 195, 196, 199, 200, 205, 207, 208, 209, 215, 219, 220, 222, 224, 229, 231, 232, 234, 235, 236, 242, 243, 245, 246, 247, 253, 254, 255, 257, 258, 259, 262, 264, 272, 274, 279, 281, 283, 284, 291, 292, 294, 296, 299, 300, 301, 304, 306, 310, 311, 352, 9, 20, 355, 384, 82, 359, 179, 393, 77, 323, 143, 346, 187, 59, 85, 265, 329, 140, 91, 184, 105, 142, 18, 357, 55, 239, 371, 271, 370, 241, 149, 96, 39, 148, 24, 203, 345, 390, 121, 40, 386, 43, 223, 321, 65, 385, 326, 344, 356, 44, 316, 290, 88, 377, 348, 103, 120, 109, 339, 201, 36, 214, 335, 190, 226, 336, 111, 358, 80, 263, 128, 51, 374, 295, 324, 276, 337, 397, 8, 305, 152, 19, 327, 50, 260, 309, 72, 278, 166, 188, 73, 332, 52, 314, 49, 228, 319, 383, 399, 366, 342, 218, 60, 398, 211, 139, 367, 395, 285, 343, 135, 318, 394, 74, 363, 133, 362, 317, 328, 333, 340, 349, 350, 353, 354, 361, 365, 375, 379, 388, 392, 400]
x_313: [3, 4, 5, 9, 10, 15, 16, 17, 18, 20, 25, 28, 29, 31, 40, 41, 43, 46, 50, 52, 54, 56, 60, 66, 75, 80, 81, 84, 87, 90, 91, 94, 97, 99, 103, 104, 107, 110, 114, 115, 116, 118, 119, 124, 127, 132, 137, 140, 142, 144, 147, 150, 152, 153, 154, 157, 161, 162, 167, 168, 172, 179, 181, 184, 185, 189, 191, 195, 196, 201, 203, 204, 205, 210, 211, 216, 218, 223, 228, 233, 235, 236, 242, 244, 251, 252, 254, 255, 259, 261, 262, 264, 266, 269, 274, 278, 279, 282, 285, 290, 291, 293, 299, 301, 304, 305, 306, 308, 310, 311, 315, 113, 332, 333, 340, 71, 105, 387, 83, 322, 360, 48, 393, 100, 343, 188, 215, 371, 33, 136, 366, 386, 339, 296, 158, 352, 347, 32, 391, 6, 70, 358, 180, 98, 177, 123, 389, 239, 368, 344, 122, 319, 96, 367, 11, 63, 78, 134, 175, 131, 111, 86, 192, 369, 297, 163, 328, 112, 173, 372, 230, 214, 145, 341, 22, 272, 388, 271, 169, 400, 298, 399, 292, 356, 287, 44, 338, 45, 39, 13, 321, 160, 277, 72, 370, 397, 226, 51, 24, 275, 19, 186, 231, 171, 355, 268, 300, 382, 151, 82, 89, 128, 396, 273, 320, 227, 198, 129, 165, 342, 354, 318, 283, 314, 317, 323, 327, 330, 335, 336, 346, 348, 350, 361, 362, 363, 373, 374, 378, 384]
x_314: [2, 3, 4, 6, 9, 13, 14, 15, 17, 18, 19, 25, 26, 27, 29, 31, 35, 38, 41, 44, 45, 54, 57, 58, 60, 66, 68, 70, 75, 76, 79, 88, 93, 95, 100, 101, 103, 105, 106, 107, 108, 113, 116, 120, 121, 127, 131, 140, 147, 148, 151, 153, 154, 158, 161, 162, 165, 166, 168, 176, 180, 181, 184, 185, 191, 193, 194, 195, 202, 210, 217, 220, 221, 224, 229, 230, 232, 236, 238, 240, 243, 246, 247, 251, 253, 255, 260, 262, 265, 277, 284, 289, 294, 296, 297, 299, 301, 303, 306, 308, 310, 311, 312, 259, 356, 84, 386, 325, 90, 1, 283, 364, 156, 233, 204, 332, 16, 372, 23, 326, 207, 97, 183, 200, 39, 396, 275, 37, 242, 137, 263, 309, 77, 340, 119, 288, 218, 124, 350, 99, 385, 33, 333, 49, 353, 357, 228, 349, 73, 328, 74, 135, 393, 248, 55, 215, 197, 250, 114, 344, 278, 223, 179, 30, 189, 358, 80, 282, 292, 52, 392, 122, 276, 22, 142, 346, 249, 317, 212, 12, 257, 359, 267, 134, 324, 89, 11, 337, 72, 256, 226, 319, 322, 42, 389, 186, 133, 266, 170, 355, 208, 198, 47, 239, 398, 104, 237, 85, 352, 281, 211, 78, 128, 271, 138, 205, 365, 313, 285, 293, 400, 363, 373, 98, 216, 347, 387, 321, 331, 126, 360, 150, 213, 94, 159, 64, 235, 234, 245, 43, 187, 82, 384, 375, 32, 362, 172, 338, 368, 65, 273, 258, 201, 272, 286, 227, 315, 206, 177, 378, 71, 269, 274, 336, 203, 117, 141, 86, 20, 51, 264, 270, 81, 252, 167, 376, 254, 192, 383, 244, 24, 111, 152, 327, 329, 334, 335, 354, 367, 369, 379, 382]
x_315: [2, 3, 6, 10, 11, 15, 16, 18, 22, 25, 26, 28, 37, 39, 41, 49, 52, 53, 54, 55, 56, 58, 60, 70, 74, 79, 83, 84, 85, 88, 93, 95, 96, 103, 104, 105, 107, 108, 115, 119, 120, 123, 131, 132, 140, 142, 145, 146, 148, 153, 158, 161, 165, 168, 172, 174, 175, 190, 192, 200, 203, 204, 207, 209, 216, 220, 224, 226, 227, 230, 232, 234, 238, 241, 244, 245, 250, 252, 253, 255, 257, 260, 262, 264, 268, 272, 277, 281, 283, 284, 286, 290, 292, 293, 294, 296, 297, 300, 301, 304, 305, 306, 311, 313, 314, 308, 169, 122, 30, 50, 9, 289, 35, 163, 372, 201, 213, 367, 247, 364, 374, 254, 343, 194, 256, 202, 327, 130, 196, 325, 160, 330, 116, 156, 322, 212, 206, 135, 81, 17, 147, 61, 270, 176, 43, 91, 345, 167, 380, 324, 106, 101, 370, 124, 219, 5, 387, 307, 151, 14, 211, 188, 243, 280, 383, 236, 237, 371, 265, 334, 320, 231, 162, 87, 210, 90, 352, 395, 214, 377, 332, 198, 128, 360, 251, 195, 288, 48, 363, 299, 333, 240, 358, 47, 64, 138, 33, 263, 303, 276, 51, 259, 331, 287, 46, 242, 350, 197, 166, 157, 366, 80, 302, 4, 185, 32, 27, 42, 20, 379, 215, 310, 282, 359, 71, 384, 346, 69, 344, 45, 12, 99, 392, 177, 191, 98, 298, 389, 113, 187, 362, 149, 34, 274, 121, 19, 111, 118, 7, 141, 114, 193, 396, 82, 110, 62, 24, 152, 347, 222, 248, 155, 235, 134, 339, 72, 321, 75, 329, 386, 57, 127, 181, 63, 218, 76, 368, 269, 337, 338, 340, 342, 348, 354, 365, 369, 373, 388, 390, 397, 400]
x_316: [3, 6, 7, 9, 14, 16, 17, 18, 20, 24, 25, 27, 29, 30, 34, 35, 37, 38, 39, 41, 45, 46, 52, 56, 58, 61, 63, 68, 74, 75, 78, 83, 88, 89, 90, 96, 97, 98, 101, 106, 107, 108, 110, 115, 119, 122, 123, 124, 126, 130, 131, 132, 136, 140, 141, 144, 145, 146, 147, 148, 156, 159, 161, 162, 165, 168, 171, 172, 176, 185, 187, 189, 192, 193, 201, 203, 204, 206, 208, 209, 210, 211, 213, 218, 219, 220, 225, 226, 229, 230, 231, 232, 238, 239, 240, 243, 245, 246, 247, 249, 251, 255, 261, 264, 268, 278, 281, 283, 293, 296, 297, 300, 303, 304, 305, 306, 308, 312, 116, 105, 242, 99, 51, 391, 70, 66, 4, 11, 280, 311, 263, 287, 150, 301, 321, 33, 184, 298, 15, 386, 1, 60, 234, 10, 387, 191, 214, 152, 241, 384, 212, 153, 215, 109, 202, 362, 289, 250, 341, 57, 128, 217, 121, 48, 346, 195, 350, 181, 87, 65, 174, 396, 224, 279, 282, 71, 227, 62, 369, 125, 31, 200, 400, 228, 395, 317, 319, 327, 330, 332, 334, 335, 336, 338, 339, 340, 342, 345, 357, 358, 359, 360, 371, 372, 373, 376, 377, 378, 381, 382, 385, 389, 392]
x_317: [3, 8, 10, 13, 16, 21, 23, 27, 28, 29, 31, 32, 38, 39, 40, 46, 48, 51, 52, 54, 55, 70, 74, 79, 81, 83, 89, 90, 91, 92, 93, 95, 96, 97, 98, 101, 102, 104, 105, 106, 107, 113, 114, 115, 119, 120, 123, 126, 127, 130, 132, 136, 139, 141, 142, 144, 153, 154, 157, 162, 170, 171, 172, 173, 174, 176, 192, 195, 200, 201, 202, 204, 210, 211, 223, 227, 229, 230, 232, 238, 239, 240, 244, 247, 249, 251, 252, 255, 257, 261, 262, 269, 270, 272, 277, 281, 284, 293, 297, 299, 301, 306, 310, 314, 80, 5, 384, 309, 56, 258, 337, 260, 135, 380, 121, 273, 329, 64, 60, 224, 12, 186, 342, 339, 175, 365, 289, 358, 150, 49, 168, 68, 24, 166, 6, 349, 178, 280, 187, 164, 233, 393, 110, 294, 392, 222, 109, 373, 137, 124, 207, 312, 71, 184, 328, 302, 367, 212, 370, 158, 400, 41, 214, 20, 327, 218, 395, 116, 47, 221, 311, 82, 17, 379, 148, 65, 338, 84, 228, 160, 129, 143, 271, 237, 57, 313, 360, 394, 169, 351, 368, 318, 303, 300, 165, 125, 263, 242, 9, 226, 219, 203, 250, 151, 30, 336, 259, 128, 278, 133, 42, 295, 371, 347, 19, 217, 155, 117, 304, 378, 388, 45, 316, 264, 33, 256, 276, 321, 323, 325, 330, 334, 335, 343, 345, 346, 350, 353, 354, 357, 366, 372, 376, 381, 383, 387, 389, 397, 398]
x_318: [4, 5, 7, 11, 17, 18, 20, 22, 24, 25, 27, 28, 30, 43, 46, 53, 54, 55, 57, 60, 64, 70, 74, 75, 81, 82, 84, 86, 90, 93, 97, 98, 99, 100, 101, 105, 107, 109, 110, 116, 119, 122, 125, 127, 131, 134, 140, 142, 145, 149, 150, 151, 153, 161, 165, 168, 170, 171, 173, 175, 185, 194, 195, 199, 200, 201, 202, 203, 206, 207, 209, 210, 211, 216, 218, 220, 228, 229, 230, 235, 237, 238, 239, 242, 245, 246, 247, 249, 253, 254, 255, 256, 257, 261, 264, 268, 272, 273, 276, 277, 278, 280, 283, 285, 290, 292, 296, 297, 303, 304, 306, 308, 311, 312, 313, 317, 65, 71, 305, 400, 324, 340, 83, 289, 226, 344, 129, 336, 79, 375, 286, 243, 61, 115, 160, 342, 275, 259, 6, 352, 363, 157, 219, 58, 92, 260, 181, 386, 298, 271, 310, 379, 123, 347, 356, 146, 378, 322, 351, 159, 144, 236, 224, 385, 384, 397, 390, 8, 108, 225, 330, 300, 355, 368, 95, 69, 279, 180, 266, 258, 10, 376, 252, 350, 392, 106, 63, 51, 341, 366, 80, 40, 325, 327, 332, 333, 335, 337, 343, 345, 354, 357, 359, 360, 364, 370, 372, 381, 383, 396]
x_319: [2, 3, 4, 7, 9, 10, 13, 18, 21, 24, 25, 27, 29, 30, 38, 40, 43, 44, 46, 47, 48, 58, 59, 60, 73, 75, 79, 83, 84, 86, 91, 93, 94, 97, 100, 101, 103, 105, 107, 108, 109, 111, 115, 120, 123, 128, 133, 134, 136, 137, 140, 142, 145, 146, 148, 151, 157, 161, 162, 163, 166, 169, 171, 176, 180, 185, 189, 190, 193, 194, 200, 201, 205, 206, 209, 211, 216, 217, 218, 220, 221, 223, 226, 228, 229, 230, 234, 238, 242, 243, 246, 248, 252, 257, 261, 268, 272, 273, 274, 278, 284, 290, 291, 296, 297, 299, 300, 301, 303, 304, 311, 312, 313, 314, 385, 125, 56, 114, 395, 292, 294, 28, 338, 212, 159, 67, 365, 191, 391, 188, 265, 39, 287, 375, 364, 324, 355, 61, 167, 1, 81, 149, 374, 345, 232, 64, 144, 239, 276, 19, 362, 33, 174, 380, 255, 322, 281, 289, 337, 68, 215, 95, 118, 288, 55, 377, 358, 393, 90, 387, 356, 283, 397, 251, 124, 203, 389, 132, 187, 316, 65, 280, 135, 253, 249, 293, 370, 256, 381, 372, 57, 164, 400, 173, 116, 78, 51, 155, 390, 85, 353, 175, 69, 138, 321, 327, 328, 330, 333, 334, 335, 339, 340, 343, 347, 350, 351, 359, 360, 371, 373, 378, 379, 384, 392, 398, 399]
x_320: [2, 3, 6, 11, 20, 21, 25, 27, 29, 31, 32, 35, 40, 53, 54, 56, 61, 64, 66, 72, 75, 78, 79, 83, 86, 88, 89, 91, 93, 95, 96, 97, 99, 109, 110, 111, 114, 115, 116, 117, 120, 121, 123, 124, 136, 137, 145, 146, 147, 150, 157, 161, 162, 163, 169, 172, 177, 179, 185, 187, 195, 204, 205, 206, 209, 216, 219, 220, 224, 230, 231, 232, 233, 234, 235, 236, 237, 239, 243, 245, 249, 251, 253, 255, 259, 261, 262, 263, 264, 265, 268, 277, 278, 283, 285, 290, 291, 292, 294, 301, 302, 304, 313, 315, 128, 342, 211, 349, 67, 38, 125, 214, 347, 287, 372, 385, 41, 58, 100, 258, 77, 171, 321, 327, 328, 329, 330, 335, 337, 343, 344, 346, 348, 351, 352, 354, 357, 358, 359, 360, 361, 365, 366, 370, 377, 381, 384, 386, 388, 392, 396, 400]
x_321: [4, 6, 7, 9, 10, 11, 12, 20, 21, 22, 24, 25, 27, 29, 36, 38, 40, 41, 46, 55, 57, 63, 66, 68, 69, 79, 81, 82, 83, 84, 88, 93, 94, 97, 101, 104, 105, 106, 107, 111, 116, 124, 128, 129, 130, 131, 134, 137, 144, 147, 153, 154, 157, 162, 163, 168, 170, 171, 174, 176, 180, 186, 187, 192, 195, 200, 202, 204, 208, 220, 221, 226, 227, 229, 230, 234, 236, 238, 241, 244, 245, 248, 249, 259, 268, 269, 276, 277, 281, 282, 283, 290, 292, 294, 301, 304, 307, 308, 312, 313, 314, 315, 316, 132, 76, 362, 152, 77, 239, 399, 164, 53, 64, 87, 51, 126, 216, 384, 214, 309, 373, 322, 366, 71, 319, 17, 386, 59, 110, 18, 260, 203, 123, 289, 285, 196, 328, 13, 278, 194, 342, 391, 78, 273, 125, 181, 331, 184, 286, 210, 16, 367, 26, 357, 341, 60, 388, 368, 242, 272, 306, 139, 114, 358, 365, 343, 23, 44, 350, 349, 151, 75, 215, 133, 103, 86, 279, 235, 141, 3, 96, 375, 320, 387, 189, 201, 324, 252, 213, 297, 62, 317, 95, 179, 326, 228, 92, 39, 311, 233, 43, 370, 354, 70, 344, 253, 246, 148, 14, 380, 149, 145, 347, 243, 392, 35, 323, 118, 232, 222, 280, 47, 52, 193, 266, 383, 37, 345, 363, 31, 113, 212, 254, 89, 332, 15, 257, 231, 394, 119, 374, 247, 61, 74, 169, 8, 264, 389, 72, 296, 45, 136, 56, 1, 219, 183, 261, 108, 337, 120, 325, 327, 335, 346, 353, 360, 372, 376, 377, 379, 381]
x_322: [3, 14, 15, 18, 21, 29, 31, 35, 37, 38, 39, 40, 41, 46, 54, 56, 58, 61, 63, 73, 75, 84, 87, 88, 91, 92, 95, 97, 99, 100, 103, 109, 110, 111, 113, 120, 123, 129, 130, 134, 145, 146, 147, 148, 149, 161, 162, 168, 176, 179, 181, 185, 188, 189, 192, 193, 197, 201, 202, 203, 204, 205, 212, 216, 217, 219, 220, 221, 224, 225, 228, 231, 232, 234, 235, 239, 241, 243, 246, 251, 253, 254, 259, 261, 264, 267, 268, 272, 276, 278, 280, 283, 289, 290, 291, 292, 296, 300, 301, 303, 308, 311, 313, 314, 315, 318, 319, 321, 242, 128, 25, 257, 142, 186, 343, 211, 397, 199, 154, 143, 7, 384, 323, 327, 328, 332, 333, 336, 337, 339, 346, 353, 359, 360, 361, 364, 365, 372, 375, 377, 385, 386, 388, 389, 392]
x_323: [1, 2, 4, 6, 10, 11, 13, 18, 22, 25, 27, 28, 30, 37, 39, 43, 49, 50, 53, 54, 55, 56, 57, 64, 68, 70, 75, 83, 90, 93, 96, 97, 99, 100, 101, 103, 104, 107, 109, 115, 119, 123, 125, 126, 127, 130, 134, 137, 140, 142, 144, 146, 147, 155, 161, 162, 168, 170, 171, 173, 175, 176, 180, 181, 183, 185, 191, 193, 194, 197, 198, 204, 205, 208, 210, 216, 218, 220, 225, 226, 229, 230, 231, 232, 233, 240, 241, 243, 244, 247, 249, 250, 251, 253, 254, 255, 257, 268, 274, 276, 280, 286, 287, 290, 297, 300, 303, 306, 308, 311, 312, 321, 192, 159, 5, 195, 260, 298, 184, 349, 3, 377, 358, 74, 345, 98, 141, 85, 177, 331, 388, 384, 380, 292, 179, 73, 163, 157, 394, 217, 277, 71, 400, 284, 313, 379, 48, 158, 151, 271, 214, 20, 369, 78, 206, 227, 24, 132, 248, 246, 363, 156, 397, 219, 296, 236, 317, 381, 334, 152, 374, 344, 351, 265, 138, 385, 305, 237, 353, 116, 341, 383, 359, 58, 47, 153, 87, 16, 322, 368, 105, 189, 76, 33, 164, 324, 327, 328, 329, 335, 337, 342, 343, 348, 361, 366, 373, 382, 386, 387, 389, 396]
x_324: [2, 5, 6, 7, 9, 24, 27, 31, 35, 39, 44, 45, 46, 53, 54, 55, 58, 59, 60, 64, 66, 68, 70, 73, 74, 75, 79, 80, 83, 89, 90, 91, 98, 101, 102, 104, 107, 109, 110, 111, 113, 116, 118, 119, 122, 126, 127, 129, 131, 132, 134, 136, 144, 145, 146, 147, 149, 153, 162, 171, 172, 175, 176, 180, 187, 197, 199, 201, 203, 205, 206, 207, 208, 227, 228, 229, 230, 232, 241, 242, 246, 248, 252, 253, 254, 255, 257, 260, 261, 262, 264, 272, 277, 278, 284, 290, 291, 292, 298, 299, 300, 303, 306, 311, 312, 314, 315, 318, 319, 321, 38, 192, 376, 173, 161, 354, 86, 15, 218, 141, 92, 196, 326, 22, 337, 210, 43, 69, 52, 269, 304, 340, 23, 97, 17, 103, 63, 211, 394, 57, 194, 189, 328, 212, 185, 239, 117, 379, 377, 123, 1, 76, 364, 263, 130, 323, 400, 245, 268, 217, 19, 193, 353, 36, 226, 356, 234, 183, 349, 158, 399, 309, 362, 397, 339, 270, 373, 344, 61, 142, 293, 332, 350, 108, 286, 393, 220, 371, 106, 351, 13, 301, 26, 329, 166, 359, 47, 282, 310, 154, 221, 41, 374, 398, 271, 200, 335, 343, 81, 368, 82, 346, 56, 112, 360, 223, 51, 135, 225, 3, 20, 358, 219, 325, 327, 330, 333, 341, 352, 366, 370, 372, 381, 388, 389, 391, 392]
x_325: [4, 6, 9, 10, 15, 20, 21, 25, 27, 29, 38, 40, 45, 46, 49, 54, 55, 66, 68, 69, 70, 79, 81, 86, 87, 89, 93, 95, 98, 100, 101, 103, 104, 109, 110, 111, 115, 116, 117, 119, 120, 122, 123, 124, 126, 128, 130, 131, 142, 144, 145, 147, 150, 154, 162, 165, 169, 172, 180, 184, 190, 191, 192, 193, 195, 197, 199, 200, 202, 204, 205, 206, 210, 216, 219, 221, 224, 226, 229, 230, 231, 232, 234, 236, 237, 238, 241, 243, 245, 251, 253, 257, 264, 265, 268, 269, 270, 280, 283, 291, 294, 295, 297, 299, 300, 301, 304, 309, 314, 315, 215, 352, 167, 350, 43, 263, 379, 289, 375, 317, 348, 94, 56, 168, 254, 132, 61, 378, 310, 24, 305, 53, 16, 102, 50, 105, 287, 134, 398, 8, 183, 385, 354, 306, 127, 140, 179, 395, 383, 336, 218, 32, 279, 208, 73, 391, 278, 247, 369, 368, 260, 80, 393, 361, 277, 189, 88, 203, 2, 36, 65, 281, 396, 161, 74, 353, 214, 233, 255, 335, 262, 137, 207, 125, 97, 176, 187, 321, 35, 318, 397, 14, 308, 60, 17, 363, 58, 381, 324, 51, 77, 374, 244, 328, 107, 223, 249, 388, 138, 90, 71, 273, 284, 48, 84, 173, 91, 296, 362, 63, 185, 339, 194, 121, 7, 330, 332, 334, 340, 341, 342, 343, 344, 345, 346, 356, 364, 365, 376, 377, 382, 387, 389, 390, 392, 400]
x_326: [2, 3, 4, 5, 6, 7, 9, 11, 17, 19, 21, 27, 29, 30, 31, 41, 49, 52, 53, 54, 61, 66, 68, 69, 73, 74, 75, 79, 87, 89, 90, 95, 100, 101, 105, 107, 108, 109, 110, 115, 116, 120, 123, 124, 125, 127, 129, 130, 132, 134, 143, 144, 145, 146, 147, 153, 154, 156, 158, 170, 171, 172, 175, 176, 177, 180, 185, 186, 192, 194, 197, 200, 202, 203, 204, 207, 209, 221, 226, 227, 229, 232, 233, 234, 235, 241, 243, 245, 246, 247, 251, 252, 255, 260, 261, 262, 264, 268, 269, 272, 273, 274, 278, 280, 283, 288, 292, 294, 297, 301, 306, 308, 312, 314, 321, 324, 131, 33, 94, 39, 47, 336, 148, 265, 340, 136, 242, 375, 50, 93, 357, 206, 277, 189, 55, 135, 51, 23, 26, 399, 298, 351, 160, 133, 335, 78, 285, 118, 372, 385, 330, 304, 182, 1, 398, 15, 267, 328, 329, 332, 337, 338, 339, 345, 346, 350, 352, 354, 358, 360, 362, 367, 370, 374, 377, 378, 379, 384, 389, 392, 397, 400]
x_327: [3, 5, 7, 10, 17, 18, 20, 21, 22, 25, 29, 30, 31, 35, 39, 41, 46, 51, 53, 54, 57, 64, 69, 70, 73, 74, 75, 79, 88, 90, 94, 95, 97, 101, 105, 106, 107, 109, 110, 113, 115, 123, 124, 131, 132, 140, 143, 144, 145, 148, 152, 162, 163, 166, 169, 171, 173, 174, 176, 180, 182, 193, 196, 200, 202, 203, 209, 210, 211, 220, 221, 227, 229, 232, 233, 235, 238, 240, 241, 242, 244, 245, 251, 253, 257, 259, 262, 264, 268, 272, 278, 279, 280, 282, 289, 291, 292, 296, 300, 301, 304, 305, 308, 310, 311, 312, 315, 317, 367, 26, 111, 52, 43, 239, 322, 125, 399, 114, 99, 65, 393, 82, 96, 352, 78, 116, 50, 380, 344, 120, 323, 206, 6, 213, 190, 358, 216, 8, 294, 396, 16, 121, 297, 36, 207, 356, 67, 151, 172, 246, 191, 309, 2, 379, 347, 351, 62, 271, 346, 136, 258, 153, 230, 359, 56, 306, 179, 369, 98, 290, 205, 321, 129, 269, 318, 316, 384, 84, 395, 184, 389, 175, 382, 194, 14, 164, 146, 189, 204, 160, 28, 374, 192, 283, 324, 398, 293, 118, 1, 59, 319, 275, 339, 274, 183, 348, 81, 390, 376, 361, 313, 102, 397, 342, 343, 177, 130, 366, 320, 85, 199, 372, 63, 55, 302, 133, 355, 332, 285, 368, 165, 24, 400, 362, 44, 60, 83, 286, 19, 27, 76, 371, 89, 314, 273, 12, 188, 91, 214, 181, 9, 108, 375, 336, 265, 13, 243, 276, 218, 234, 47, 391, 68, 45, 80, 93, 40, 42, 158, 357, 147, 71, 128, 281, 383, 256, 360, 330, 333, 334, 337, 341, 345, 350, 353, 364, 377, 381, 386, 387, 388, 394]
x_328: [3, 4, 8, 13, 14, 16, 17, 27, 29, 30, 31, 35, 38, 41, 45, 46, 50, 52, 53, 66, 71, 75, 81, 83, 84, 87, 88, 91, 92, 97, 98, 99, 100, 103, 109, 110, 111, 113, 115, 120, 123, 126, 129, 130, 131, 133, 139, 140, 145, 146, 147, 149, 150, 155, 158, 161, 163, 168, 169, 170, 173, 175, 189, 195, 196, 197, 209, 216, 221, 223, 227, 230, 232, 233, 234, 239, 240, 241, 243, 245, 248, 249, 252, 253, 254, 255, 257, 260, 261, 262, 265, 268, 269, 274, 275, 289, 290, 292, 293, 297, 298, 306, 308, 310, 311, 313, 314, 317, 321, 324, 325, 7, 19, 165, 258, 368, 93, 58, 172, 137, 191, 361, 365, 267, 28, 132, 104, 226, 373, 57, 89, 182, 390, 364, 294, 96, 220, 256, 331, 24, 205, 353, 320, 2, 94, 22, 371, 138, 319, 177, 40, 281, 215, 180, 350, 36, 116, 392, 354, 347, 114, 144, 358, 159, 184, 312, 42, 176, 398, 238, 33, 380, 229, 266, 85, 143, 201, 181, 70, 48, 242, 326, 86, 375, 284, 206, 190, 6, 228, 323, 343, 217, 134, 279, 322, 393, 183, 59, 25, 171, 235, 72, 334, 128, 295, 246, 286, 251, 282, 362, 359, 342, 23, 142, 372, 37, 78, 55, 54, 299, 67, 218, 222, 95, 386, 185, 300, 247, 141, 154, 344, 15, 374, 287, 387, 1, 122, 82, 20, 236, 166, 291, 60, 302, 127, 107, 244, 12, 270, 305, 396, 264, 156, 288, 335, 336, 338, 339, 340, 346, 349, 351, 367, 370, 379, 383, 384, 385, 388, 391, 397]
x_329: [1, 5, 6, 7, 9, 10, 12, 24, 25, 27, 29, 30, 35, 38, 41, 46, 49, 56, 57, 58, 63, 64, 66, 72, 75, 81, 83, 84, 86, 87, 88, 90, 91, 94, 95, 97, 98, 99, 100, 102, 103, 104, 105, 109, 110, 117, 120, 123, 125, 127, 129, 130, 132, 134, 135, 136, 137, 144, 146, 153, 154, 157, 159, 162, 166, 168, 170, 171, 172, 175, 183, 185, 187, 192, 194, 195, 197, 199, 205, 207, 219, 220, 223, 224, 226, 229, 232, 233, 235, 239, 241, 247, 248, 249, 251, 252, 254, 255, 257, 258, 260, 262, 264, 268, 276, 278, 283, 287, 289, 290, 292, 294, 300, 304, 305, 306, 308, 310, 311, 312, 315, 317, 324, 13, 36, 331, 181, 76, 399, 297, 42, 52, 121, 150, 385, 15, 343, 151, 191, 204, 26, 271, 164, 379, 43, 138, 354, 367, 156, 37, 387, 182, 332, 277, 116, 20, 301, 155, 296, 139, 142, 59, 178, 126, 231, 8, 213, 196, 143, 398, 152, 244, 234, 396, 107, 31, 360, 375, 188, 115, 209, 186, 330, 122, 141, 68, 96, 274, 333, 174, 167, 349, 391, 85, 89, 395, 201, 267, 351, 214, 230, 133, 299, 177, 149, 216, 371, 165, 113, 101, 80, 263, 303, 286, 48, 326, 73, 314, 50, 384, 108, 291, 377, 389, 270, 240, 320, 397, 221, 265, 21, 193, 250, 383, 386, 16, 189, 266, 282, 128, 198, 2, 323, 348, 210, 60, 28, 344, 359, 334, 77, 335, 337, 338, 347, 350, 358, 365, 366, 368, 369, 370, 372, 378, 380, 388, 390, 400]
x_330: [3, 5, 6, 8, 9, 12, 13, 15, 16, 17, 20, 26, 29, 34, 35, 37, 38, 43, 47, 53, 54, 56, 58, 61, 66, 71, 75, 79, 83, 84, 86, 93, 94, 97, 98, 99, 101, 103, 104, 105, 107, 109, 110, 111, 113, 116, 126, 128, 131, 132, 133, 136, 140, 145, 146, 147, 148, 151, 153, 154, 157, 158, 162, 166, 168, 169, 170, 171, 174, 175, 176, 177, 180, 185, 187, 190, 194, 197, 200, 203, 206, 207, 209, 210, 219, 220, 223, 224, 225, 226, 229, 231, 232, 233, 234, 235, 236, 242, 243, 245, 247, 251, 258, 260, 262, 268, 270, 278, 280, 281, 284, 285, 287, 289, 293, 294, 297, 298, 299, 302, 305, 315, 318, 326, 329, 350, 102, 87, 217, 346, 46, 250, 36, 186, 192, 283, 85, 356, 369, 161, 2, 204, 384, 67, 152, 288, 144, 252, 193, 275, 274, 214, 23, 267, 156, 159, 14, 191, 155, 27, 292, 125, 120, 60, 360, 309, 324, 276, 196, 143, 32, 130, 55, 81, 358, 391, 18, 389, 259, 380, 263, 261, 74, 338, 345, 364, 244, 372, 295, 365, 386, 325, 59, 227, 31, 33, 76, 351, 188, 222, 301, 308, 160, 40, 92, 238, 306, 269, 248, 370, 367, 317, 10, 257, 63, 22, 352, 286, 121, 70, 341, 178, 347, 316, 80, 327, 88, 398, 362, 198, 189, 387, 82, 291, 385, 49, 390, 195, 296, 112, 377, 271, 383, 354, 108, 355, 69, 24, 202, 394, 307, 279, 363, 313, 359, 150, 119, 52, 304, 320, 7, 366, 310, 290, 319, 95, 331, 89, 332, 392, 311, 348, 181, 184, 254, 127, 64, 165, 218, 1, 124, 349, 65, 400, 39, 343, 273, 333, 334, 335, 336, 342, 344, 361, 368, 373, 374, 379, 381, 396, 397]
x_331: [3, 5, 6, 7, 9, 10, 12, 13, 14, 15, 16, 20, 25, 27, 29, 31, 37, 38, 39, 40, 41, 46, 48, 49, 53, 54, 58, 60, 63, 70, 74, 75, 84, 88, 89, 91, 92, 97, 99, 100, 101, 102, 103, 107, 109, 118, 119, 120, 122, 126, 127, 131, 132, 133, 137, 142, 145, 146, 147, 149, 150, 151, 153, 161, 163, 168, 169, 171, 173, 174, 180, 189, 191, 193, 194, 197, 200, 201, 204, 205, 207, 210, 216, 219, 223, 224, 232, 236, 239, 244, 245, 246, 247, 249, 251, 252, 253, 254, 257, 260, 261, 272, 276, 277, 279, 283, 285, 287, 289, 290, 291, 292, 294, 295, 297, 298, 301, 303, 304, 308, 314, 315, 321, 323, 328, 329, 330, 166, 138, 176, 332, 278, 211, 178, 69, 248, 170, 93, 235, 269, 158, 79, 95, 366, 104, 240, 22, 369, 115, 72, 202, 333, 335, 336, 339, 340, 342, 344, 346, 350, 351, 352, 356, 357, 358, 359, 360, 362, 370, 371, 372, 377, 382, 384, 386, 390, 392, 397]
x_332: [2, 4, 11, 17, 18, 22, 25, 27, 29, 31, 36, 37, 38, 42, 46, 52, 53, 54, 56, 61, 64, 66, 68, 70, 75, 81, 82, 87, 88, 89, 94, 97, 99, 100, 101, 103, 104, 107, 108, 109, 120, 122, 123, 126, 134, 140, 143, 144, 148, 149, 150, 151, 153, 157, 161, 162, 168, 169, 170, 171, 175, 178, 181, 187, 191, 192, 193, 194, 195, 205, 206, 207, 210, 216, 224, 231, 235, 236, 240, 241, 245, 246, 250, 251, 253, 254, 255, 259, 261, 262, 268, 272, 276, 277, 281, 283, 285, 297, 306, 307, 310, 312, 313, 314, 315, 321, 324, 327, 329, 330, 331, 354, 43, 136, 26, 248, 166, 325, 182, 353, 30, 396, 399, 343, 203, 211, 338, 244, 10, 132, 322, 349, 24, 165, 13, 125, 382, 12, 260, 3, 273, 44, 156, 96, 204, 20, 7, 352, 48, 212, 167, 95, 196, 8, 234, 219, 186, 16, 344, 63, 41, 291, 369, 55, 383, 146, 311, 252, 98, 115, 301, 86, 121, 28, 238, 91, 21, 282, 264, 395, 71, 5, 164, 318, 316, 391, 179, 365, 386, 295, 47, 350, 249, 302, 57, 200, 159, 177, 287, 147, 201, 185, 213, 333, 368, 227, 290, 376, 6, 242, 15, 335, 326, 69, 367, 239, 279, 394, 303, 372, 284, 339, 359, 163, 379, 112, 62, 232, 137, 342, 397, 215, 72, 183, 334, 158, 233, 270, 51, 336, 340, 345, 346, 347, 348, 356, 360, 361, 363, 366, 370, 378, 384, 385, 390, 392]
x_333: [1, 2, 3, 4, 6, 14, 15, 16, 30, 38, 40, 44, 49, 53, 54, 57, 58, 69, 70, 71, 73, 75, 82, 83, 88, 89, 90, 91, 94, 97, 98, 103, 109, 110, 111, 113, 119, 122, 124, 128, 129, 131, 133, 134, 140, 143, 144, 148, 154, 157, 158, 162, 164, 167, 168, 171, 172, 173, 177, 180, 189, 197, 198, 200, 202, 209, 210, 211, 216, 217, 219, 224, 226, 227, 243, 244, 246, 252, 257, 259, 260, 263, 264, 265, 278, 282, 290, 292, 300, 301, 303, 306, 308, 310, 311, 313, 314, 315, 329, 332, 19, 307, 289, 247, 201, 336, 286, 155, 59, 32, 26, 262, 236, 78, 357, 87, 150, 366, 342, 95, 203, 330, 118, 285, 350, 115, 376, 127, 9, 385, 331, 96, 271, 348, 7, 212, 64, 153, 272, 159, 72, 188, 361, 225, 312, 291, 283, 125, 161, 275, 327, 221, 104, 378, 322, 8, 50, 52, 24, 170, 371, 341, 5, 81, 206, 176, 147, 17, 137, 65, 374, 344, 213, 241, 135, 39, 204, 279, 27, 296, 309, 152, 79, 319, 185, 367, 207, 360, 43, 11, 334, 45, 47, 36, 220, 218, 372, 28, 353, 121, 268, 288, 41, 346, 375, 335, 324, 196, 379, 358, 273, 237, 93, 383, 74, 234, 304, 351, 231, 270, 281, 397, 163, 183, 400, 141, 343, 179, 261, 55, 390, 31, 187, 297, 13, 340, 256, 46, 318, 37, 151, 10, 48, 156, 178, 355, 368, 369, 294, 76, 193, 255, 160, 233, 51, 165, 214, 61, 149, 276, 132, 293, 222, 382, 136, 190, 100, 373, 232, 106, 33, 339, 354, 175, 396, 345, 352, 359, 365, 377, 381, 384]
x_334: [1, 3, 5, 6, 9, 17, 21, 25, 29, 30, 31, 34, 41, 53, 54, 55, 58, 69, 73, 74, 75, 81, 83, 84, 87, 90, 101, 103, 104, 105, 111, 115, 116, 119, 120, 121, 122, 123, 125, 126, 127, 130, 131, 134, 137, 139, 140, 143, 145, 146, 147, 151, 157, 162, 167, 170, 171, 172, 173, 175, 176, 180, 185, 191, 200, 207, 208, 219, 220, 227, 229, 230, 232, 233, 236, 238, 244, 245, 246, 250, 252, 253, 254, 255, 258, 259, 260, 262, 265, 268, 276, 281, 283, 284, 292, 294, 299, 301, 304, 306, 308, 310, 311, 315, 323, 328, 329, 332, 333, 182, 38, 307, 88, 275, 24, 56, 325, 194, 76, 106, 330, 392, 2, 163, 65, 204, 248, 358, 108, 340, 239, 350, 309, 42, 279, 43, 13, 100, 352, 49, 353, 187, 217, 168, 15, 369, 237, 45, 305, 110, 397, 374, 341, 61, 395, 23, 221, 339, 267, 345, 398, 274, 161, 223, 243, 365, 68, 316, 72, 166, 344, 91, 213, 169, 343, 212, 27, 336, 209, 144, 150, 215, 273, 192, 242, 7, 197, 371, 37, 20, 363, 148, 376, 375, 10, 348, 291, 319, 337, 210, 97, 347, 94, 382, 198, 28, 390, 95, 383, 240, 92, 218, 67, 186, 132, 202, 206, 297, 82, 394, 351, 93, 298, 48, 280, 355, 164, 271, 264, 216, 272, 178, 26, 35, 79, 314, 356, 51, 278, 11, 47, 181, 112, 290, 177, 293, 380, 327, 372, 71, 99, 133, 190, 141, 377, 231, 174, 159, 287, 289, 378, 360, 183, 222, 367, 317, 19, 18, 266, 366, 124, 78, 335, 349, 199, 4, 370, 346, 359, 379, 381, 384, 385, 400]
x_335: [3, 4, 5, 9, 11, 15, 18, 24, 27, 29, 33, 35, 46, 51, 58, 63, 70, 73, 74, 75, 79, 80, 81, 83, 84, 87, 89, 90, 94, 95, 98, 100, 101, 103, 105, 113, 115, 116, 120, 121, 126, 127, 131, 132, 134, 140, 143, 144, 145, 146, 147, 148, 150, 151, 152, 162, 168, 170, 172, 174, 175, 177, 180, 193, 194, 195, 197, 200, 201, 202, 206, 207, 210, 213, 218, 219, 221, 224, 226, 228, 229, 231, 232, 233, 234, 236, 237, 241, 242, 244, 248, 251, 253, 259, 261, 262, 265, 270, 277, 281, 289, 290, 294, 298, 300, 303, 304, 307, 308, 310, 312, 324, 325, 326, 332, 333, 334, 351, 388, 118, 361, 278, 340, 42, 336, 357, 367, 397, 190, 256, 106, 34, 245, 360, 348, 359, 291, 31, 191, 187, 384, 198, 299, 389, 26, 110, 383, 317, 102, 387, 59, 57, 48, 99, 375, 44, 96, 112, 108, 211, 255, 356, 391, 128, 39, 385, 393, 330, 45, 313, 52, 271, 263, 185, 287, 47, 169, 141, 85, 2, 269, 8, 374, 220, 243, 97, 214, 37, 36, 320, 275, 352, 78, 240, 32, 386, 186, 55, 380, 28, 321, 338, 159, 346, 274, 293, 137, 365, 323, 350, 363, 318, 239, 292, 223, 249, 43, 21, 260, 368, 376, 53, 319, 38, 216, 61, 306, 139, 358, 316, 280, 71, 373, 117, 217, 119, 238, 23, 284, 107, 82, 160, 268, 297, 353, 10, 133, 176, 377, 331, 272, 398, 76, 136, 25, 183, 285, 184, 22, 86, 329, 111, 77, 328, 252, 93, 138, 309, 56, 222, 13, 342, 192, 392, 372, 104, 67, 305, 382, 314, 179, 250, 60, 69, 337, 339, 341, 343, 344, 345, 347, 362, 364, 378, 381, 400]
x_336: [8, 9, 15, 16, 24, 27, 29, 30, 31, 35, 37, 40, 45, 46, 50, 53, 54, 57, 58, 66, 68, 69, 70, 73, 74, 79, 81, 83, 85, 86, 87, 88, 90, 94, 96, 97, 98, 101, 103, 104, 107, 108, 120, 122, 123, 124, 125, 126, 127, 130, 132, 133, 134, 139, 145, 146, 150, 151, 153, 161, 162, 171, 173, 177, 185, 190, 193, 195, 204, 207, 209, 210, 211, 218, 219, 221, 224, 227, 229, 232, 233, 234, 235, 240, 241, 243, 244, 245, 249, 251, 253, 254, 255, 257, 259, 260, 261, 262, 264, 275, 277, 281, 282, 283, 284, 285, 286, 289, 290, 294, 298, 300, 301, 304, 306, 310, 312, 314, 317, 318, 325, 326, 327, 333, 334, 335, 82, 4, 347, 272, 263, 128, 390, 287, 311, 163, 159, 22, 346, 194, 379, 26, 152, 109, 345, 242, 93, 202, 118, 174, 302, 17, 376, 99, 137, 330, 399, 110, 148, 32, 183, 14, 105, 267, 309, 313, 400, 121, 156, 365, 274, 59, 375, 362, 142, 136, 188, 355, 61, 332, 358, 256, 343, 395, 237, 388, 78, 239, 114, 396, 217, 184, 167, 307, 299, 231, 192, 228, 372, 363, 77, 305, 13, 338, 158, 291, 172, 296, 7, 170, 331, 168, 368, 33, 71, 247, 3, 89, 226, 215, 44, 280, 352, 258, 112, 393, 292, 160, 353, 340, 95, 359, 367, 288, 308, 164, 377, 116, 176, 342, 144, 6, 102, 10, 48, 20, 382, 60, 1, 360, 366, 181, 205, 76, 21, 316, 350, 140, 189, 154, 169, 339, 49, 270, 149, 175, 147, 361, 143, 12, 337, 392, 38, 55, 199, 111, 344, 36, 106, 41, 322, 222, 157, 328, 383, 119, 348, 357, 373, 374, 386]
x_337: [2, 4, 6, 9, 21, 22, 24, 25, 27, 28, 29, 35, 39, 45, 51, 53, 54, 56, 58, 61, 73, 74, 75, 82, 83, 87, 90, 98, 99, 101, 105, 106, 108, 109, 111, 115, 120, 123, 124, 135, 140, 144, 145, 146, 147, 150, 158, 168, 170, 171, 175, 184, 187, 191, 192, 193, 194, 197, 202, 205, 208, 211, 212, 216, 221, 225, 226, 227, 228, 229, 235, 236, 237, 239, 240, 242, 243, 244, 246, 247, 251, 252, 253, 254, 259, 261, 264, 265, 276, 283, 289, 290, 293, 294, 296, 300, 303, 311, 312, 314, 317, 319, 321, 324, 334, 336, 258, 26, 214, 59, 91, 245, 286, 153, 47, 97, 118, 199, 326, 131, 176, 163, 126, 46, 72, 112, 279, 309, 195, 117, 220, 275, 77, 64, 361, 179, 165, 305, 322, 249, 263, 277, 366, 48, 161, 151, 344, 354, 232, 154, 377, 116, 49, 285, 86, 55, 100, 92, 7, 164, 327, 374, 318, 362, 52, 121, 89, 12, 260, 378, 177, 394, 16, 231, 266, 360, 174, 368, 273, 250, 308, 119, 372, 269, 160, 8, 351, 219, 241, 155, 248, 323, 198, 63, 129, 370, 335, 383, 201, 288, 358, 178, 230, 44, 350, 302, 364, 397, 204, 284, 315, 190, 287, 338, 136, 346, 189, 376, 257, 159, 256, 67, 207, 342, 62, 50, 78, 310, 329, 20, 233, 104, 382, 69, 348, 152, 320, 162, 182, 255, 71, 173, 224, 79, 32, 40, 33, 262, 386, 353, 267, 343, 345, 352, 356, 359, 367, 384, 385, 388]
x_338: [2, 3, 4, 6, 7, 10, 11, 14, 15, 18, 27, 32, 35, 38, 39, 40, 41, 43, 46, 51, 54, 69, 70, 72, 79, 81, 84, 87, 88, 89, 90, 93, 95, 98, 104, 105, 107, 108, 111, 113, 119, 122, 123, 124, 125, 127, 129, 130, 133, 137, 147, 151, 156, 161, 168, 170, 175, 180, 185, 187, 189, 190, 191, 193, 194, 195, 196, 201, 202, 207, 209, 217, 218, 225, 226, 228, 229, 240, 241, 242, 246, 251, 252, 253, 255, 257, 262, 265, 268, 269, 272, 283, 287, 288, 292, 294, 296, 300, 303, 304, 305, 306, 307, 308, 311, 313, 314, 317, 319, 330, 332, 335, 336, 337, 134, 144, 162, 200, 116, 343, 397, 375, 118, 26, 30, 37, 206, 75, 22, 61, 71, 345, 231, 103, 208, 264, 183, 358, 396, 349, 315, 28, 164, 234, 259, 52, 245, 120, 47, 56, 109, 385, 154, 219, 50, 29, 359, 25, 17, 233, 256, 220, 85, 59, 388, 57, 354, 277, 316, 237, 284, 153, 213, 166, 344, 106, 254, 328, 150, 293, 128, 362, 83, 100, 379, 249, 97, 73, 101, 341, 55, 216, 136, 204, 267, 387, 370, 247, 230, 132, 326, 173, 63, 357, 286, 232, 329, 374, 78, 58, 160, 376, 360, 212, 1, 380, 266, 278, 384, 356, 159, 24, 198, 270, 309, 167, 65, 340, 346, 347, 348, 350, 352, 365, 366, 367, 368, 372, 377, 381, 386, 389, 391]
x_339: [3, 4, 6, 10, 11, 17, 20, 21, 22, 27, 30, 31, 39, 40, 41, 47, 54, 56, 57, 58, 61, 62, 64, 70, 71, 74, 75, 83, 84, 88, 89, 90, 94, 95, 98, 99, 103, 107, 110, 111, 114, 115, 117, 119, 122, 123, 127, 130, 131, 134, 137, 144, 145, 147, 148, 153, 157, 161, 165, 168, 170, 173, 179, 180, 183, 188, 189, 191, 193, 196, 198, 201, 204, 209, 210, 211, 219, 224, 226, 227, 230, 231, 233, 235, 242, 244, 249, 252, 254, 255, 260, 261, 262, 264, 265, 269, 277, 278, 279, 281, 287, 290, 293, 294, 296, 301, 303, 305, 306, 310, 311, 312, 313, 315, 317, 324, 325, 327, 332, 333, 334, 336, 365, 248, 354, 375, 304, 220, 258, 272, 146, 125, 184, 97, 76, 302, 187, 343, 400, 371, 289, 91, 217, 393, 2, 177, 253, 319, 69, 37, 273, 105, 120, 349, 360, 55, 250, 309, 78, 397, 24, 384, 247, 190, 345, 352, 162, 398, 335, 358, 292, 225, 87, 388, 35, 331, 81, 359, 282, 213, 133, 241, 202, 239, 263, 15, 322, 378, 178, 176, 53, 43, 326, 79, 257, 67, 141, 342, 73, 218, 276, 207, 385, 86, 341, 155, 372, 14, 328, 392, 355, 101, 129, 65, 237, 297, 234, 379, 274, 167, 353, 142, 391, 386, 316, 185, 357, 383, 199, 283, 268, 32, 370, 51, 284, 307, 390, 159, 251, 267, 108, 18, 399, 158, 200, 7, 164, 350, 109, 124, 394, 100, 135, 126, 44, 389, 19, 298, 171, 154, 143, 26, 340, 66, 82, 270, 192, 186, 367, 197, 5, 396, 377, 48, 92, 194, 80, 351, 300, 369, 366, 215, 240, 344, 361, 362, 374, 381, 387]
x_340: [2, 4, 5, 9, 10, 11, 13, 16, 19, 22, 25, 29, 31, 40, 41, 51, 54, 56, 58, 62, 70, 73, 74, 75, 79, 82, 83, 84, 88, 89, 90, 91, 93, 95, 96, 97, 100, 103, 104, 107, 109, 115, 117, 120, 122, 124, 125, 127, 130, 131, 140, 144, 148, 150, 151, 152, 153, 156, 164, 169, 170, 171, 176, 177, 191, 195, 196, 197, 199, 201, 202, 203, 204, 205, 207, 208, 209, 210, 212, 219, 220, 221, 224, 226, 227, 229, 232, 235, 242, 243, 246, 247, 251, 253, 254, 255, 258, 261, 264, 269, 280, 283, 284, 290, 293, 294, 296, 297, 298, 304, 305, 306, 309, 310, 311, 313, 314, 318, 324, 326, 333, 334, 335, 336, 339, 181, 66, 6, 24, 347, 399, 369, 49, 20, 392, 396, 350, 146, 315, 179, 38, 80, 325, 145, 259, 128, 142, 344, 217, 222, 319, 249, 236, 262, 250, 271, 50, 68, 343, 23, 228, 277, 98, 338, 163, 363, 381, 234, 233, 225, 77, 7, 133, 390, 60, 67, 69, 382, 257, 266, 357, 53, 26, 374, 168, 39, 240, 64, 21, 57, 213, 216, 307, 129, 373, 378, 332, 114, 355, 331, 185, 71, 370, 308, 143, 118, 18, 211, 161, 172, 385, 375, 353, 167, 87, 288, 1, 3, 397, 12, 190, 256, 281, 135, 380, 267, 35, 137, 231, 37, 121, 105, 76, 92, 154, 359, 42, 186, 275, 139, 175, 351, 72, 230, 244, 183, 123, 223, 108, 345, 112, 43, 188, 379, 299, 371, 263, 393, 377, 365, 368, 328, 174, 302, 248, 237, 55, 136, 215, 193, 165, 295, 78, 85, 316, 268, 300, 158, 206, 116, 8, 312, 361, 106, 391, 341, 346, 348, 352, 356, 362, 366, 372, 383, 384, 388]
x_341: [2, 3, 5, 11, 14, 15, 22, 25, 27, 29, 30, 35, 40, 41, 43, 46, 47, 50, 53, 56, 61, 63, 71, 73, 74, 82, 87, 88, 98, 99, 101, 104, 107, 109, 115, 117, 123, 130, 132, 140, 144, 146, 148, 150, 153, 157, 159, 163, 169, 170, 173, 174, 189, 195, 197, 204, 207, 209, 210, 211, 213, 221, 224, 232, 234, 238, 240, 241, 243, 244, 247, 250, 251, 252, 253, 256, 260, 262, 263, 265, 274, 284, 285, 291, 292, 299, 313, 316, 318, 321, 323, 330, 333, 334, 338, 339, 335, 375, 367, 16, 340, 271, 327, 199, 121, 164, 55, 39, 156, 272, 70, 12, 200, 187, 391, 255, 96, 369, 183, 362, 106, 54, 242, 356, 84, 161, 380, 81, 237, 124, 154, 155, 361, 167, 302, 219, 122, 277, 386, 152, 245, 283, 28, 75, 202, 36, 141, 248, 60, 266, 142, 259, 93, 172, 145, 376, 177, 191, 223, 147, 239, 233, 344, 51, 1, 370, 365, 281, 129, 65, 357, 345, 364, 72, 297, 324, 160, 325, 108, 397, 267, 342, 347, 348, 353, 354, 359, 366, 374, 378, 379, 383, 385, 400]
x_342: [3, 8, 9, 10, 17, 18, 26, 29, 31, 40, 43, 46, 51, 53, 54, 57, 75, 76, 78, 81, 82, 83, 88, 93, 94, 95, 97, 101, 103, 105, 106, 107, 120, 124, 128, 132, 133, 136, 139, 142, 144, 145, 147, 148, 151, 153, 154, 162, 163, 168, 172, 176, 180, 182, 188, 193, 194, 195, 197, 204, 205, 207, 209, 219, 220, 221, 223, 226, 227, 229, 231, 232, 233, 235, 236, 238, 241, 243, 244, 245, 246, 248, 251, 253, 255, 262, 264, 265, 268, 272, 277, 279, 281, 286, 289, 292, 293, 297, 299, 304, 306, 310, 312, 313, 317, 318, 320, 321, 327, 328, 332, 333, 335, 336, 337, 339, 249, 213, 259, 186, 30, 242, 208, 160, 45, 261, 325, 216, 122, 211, 121, 47, 360, 63, 4, 50, 36, 187, 135, 267, 185, 146, 140, 398, 349, 125, 247, 234, 6, 394, 275, 305, 382, 174, 375, 282, 138, 323, 39, 361, 80, 307, 363, 237, 126, 87, 49, 92, 99, 225, 316, 358, 355, 96, 110, 150, 257, 109, 165, 295, 102, 200, 291, 369, 391, 25, 130, 91, 387, 222, 388, 274, 371, 303, 330, 13, 315, 331, 22, 341, 396, 258, 218, 296, 71, 74, 240, 271, 198, 89, 384, 370, 114, 66, 14, 397, 16, 346, 157, 100, 175, 131, 90, 137, 362, 143, 181, 379, 127, 269, 376, 191, 351, 399, 32, 115, 354, 350, 359, 230, 343, 348, 353, 356, 364, 366, 374, 377, 389, 392]
x_343: [4, 6, 10, 15, 17, 21, 25, 29, 30, 31, 32, 35, 37, 43, 46, 53, 54, 55, 57, 66, 69, 70, 74, 79, 84, 85, 87, 89, 93, 95, 99, 101, 102, 105, 107, 118, 119, 120, 122, 123, 124, 130, 131, 132, 134, 136, 144, 145, 147, 150, 161, 167, 169, 170, 171, 174, 175, 176, 179, 180, 193, 196, 197, 201, 204, 207, 209, 210, 211, 216, 217, 220, 221, 230, 232, 238, 241, 242, 244, 246, 250, 251, 252, 255, 259, 260, 261, 262, 264, 269, 274, 281, 282, 283, 286, 289, 290, 292, 295, 296, 297, 298, 300, 304, 306, 308, 311, 312, 313, 315, 321, 322, 324, 327, 328, 329, 330, 332, 333, 334, 336, 338, 339, 340, 291, 239, 195, 59, 233, 133, 60, 2, 185, 106, 349, 376, 240, 80, 388, 378, 345, 64, 342, 127, 116, 20, 9, 243, 44, 335, 160, 360, 320, 91, 86, 371, 163, 56, 83, 323, 165, 51, 194, 26, 234, 398, 52, 142, 200, 348, 126, 337, 305, 67, 112, 396, 278, 82, 363, 231, 319, 318, 172, 148, 113, 353, 253, 115, 108, 365, 213, 229, 368, 375, 228, 387, 271, 380, 73, 372, 88, 223, 61, 397, 78, 190, 94, 325, 71, 399, 68, 155, 168, 121, 354, 268, 347, 149, 198, 103, 34, 128, 267, 237, 159, 90, 137, 301, 310, 177, 65, 81, 156, 138, 166, 38, 382, 22, 317, 7, 77, 47, 42, 62, 287, 367, 263, 72, 45, 384, 100, 275, 344, 351, 359, 361, 366, 373, 381, 386, 389, 392, 400]
x_344: [2, 3, 6, 10, 12, 15, 16, 18, 22, 25, 27, 29, 31, 37, 38, 40, 46, 47, 49, 53, 56, 57, 69, 73, 74, 81, 82, 83, 90, 91, 93, 95, 96, 97, 98, 101, 104, 107, 108, 110, 115, 122, 123, 127, 129, 132, 140, 144, 146, 148, 157, 168, 169, 176, 180, 187, 190, 191, 195, 197, 198, 203, 204, 206, 208, 209, 213, 216, 223, 226, 227, 231, 233, 234, 236, 239, 242, 243, 246, 247, 248, 249, 250, 253, 254, 255, 257, 259, 260, 261, 264, 270, 277, 279, 283, 286, 289, 290, 292, 294, 297, 299, 300, 304, 309, 310, 312, 313, 314, 315, 318, 321, 323, 324, 327, 328, 329, 332, 333, 334, 336, 337, 338, 340, 341, 205, 106, 156, 77, 103, 325, 368, 120, 218, 111, 92, 360, 285, 376, 244, 147, 362, 366, 358, 145, 134, 359, 389, 207, 172, 225, 210, 41, 305, 112, 217, 230, 36, 138, 1, 155, 71, 306, 26, 240, 238, 251, 377, 194, 363, 199, 183, 378, 298, 181, 44, 173, 60, 182, 219, 9, 364, 167, 382, 23, 85, 143, 282, 352, 365, 119, 393, 202, 116, 385, 39, 266, 274, 52, 86, 296, 256, 220, 235, 276, 331, 391, 348, 373, 158, 89, 361, 293, 170, 291, 84, 288, 237, 76, 128, 400, 369, 137, 59, 228, 343, 267, 11, 196, 150, 392, 278, 222, 19, 14, 265, 87, 287, 50, 388, 269, 303, 339, 252, 396, 141, 320, 380, 35, 118, 200, 42, 142, 330, 78, 397, 131, 67, 186, 301, 375, 113, 154, 398, 295, 125, 262, 353, 65, 80, 212, 335, 281, 24, 280, 102, 232, 354, 174, 139, 356, 275, 175, 345, 346, 347, 350, 351, 367, 372, 379, 387, 394]
x_345: [2, 3, 9, 10, 13, 16, 20, 21, 24, 25, 27, 30, 31, 40, 43, 45, 46, 52, 53, 55, 56, 57, 61, 66, 75, 79, 87, 91, 93, 95, 97, 100, 101, 103, 104, 105, 118, 120, 122, 124, 129, 132, 133, 134, 137, 140, 147, 152, 155, 158, 162, 165, 168, 169, 170, 173, 174, 175, 193, 197, 200, 201, 207, 209, 219, 220, 221, 228, 231, 232, 235, 242, 243, 248, 251, 253, 254, 257, 258, 268, 274, 278, 281, 285, 286, 289, 290, 292, 293, 294, 295, 301, 303, 304, 305, 306, 308, 311, 312, 315, 319, 321, 323, 330, 334, 336, 338, 339, 340, 341, 343, 29, 310, 332, 237, 210, 157, 180, 224, 283, 186, 397, 234, 354, 239, 368, 259, 317, 256, 282, 205, 223, 90, 325, 273, 378, 344, 347, 217, 333, 1, 69, 65, 72, 316, 318, 36, 160, 34, 116, 177, 233, 211, 358, 163, 353, 51, 19, 111, 68, 263, 59, 130, 355, 372, 382, 49, 196, 35, 131, 380, 38, 178, 206, 291, 22, 284, 94, 143, 128, 373, 266, 181, 276, 89, 191, 23, 80, 229, 102, 142, 218, 188, 138, 361, 18, 204, 391, 287, 144, 136, 14, 81, 264, 151, 98, 73, 183, 154, 398, 166, 252, 395, 123, 245, 84, 280, 230, 119, 187, 360, 141, 326, 156, 225, 47, 302, 83, 125, 110, 77, 337, 271, 167, 113, 275, 335, 297, 202, 107, 371, 307, 76, 212, 6, 108, 198, 159, 399, 267, 179, 348, 327, 139, 385, 71, 4, 298, 346, 356, 365, 366, 374, 386, 388, 389, 400]
x_346: [2, 4, 6, 12, 13, 16, 17, 27, 29, 30, 31, 37, 40, 41, 46, 49, 54, 55, 57, 70, 79, 81, 87, 89, 91, 96, 100, 102, 107, 108, 109, 111, 119, 122, 130, 133, 137, 140, 144, 145, 146, 151, 153, 154, 168, 170, 171, 175, 176, 177, 185, 192, 194, 195, 201, 202, 204, 205, 210, 215, 217, 219, 230, 234, 243, 244, 245, 247, 248, 251, 253, 255, 259, 260, 262, 263, 264, 279, 284, 286, 292, 293, 294, 296, 300, 301, 304, 305, 308, 310, 312, 314, 315, 316, 324, 327, 330, 333, 335, 336, 337, 342, 383, 50, 52, 143, 340, 213, 11, 76, 198, 355, 236, 220, 67, 88, 237, 38, 334, 86, 325, 66, 273, 361, 129, 43, 94, 131, 344, 211, 212, 224, 10, 116, 311, 369, 350, 374, 112, 307, 117, 289, 93, 391, 287, 114, 252, 231, 285, 39, 271, 113, 21, 75, 291, 384, 62, 169, 256, 322, 232, 106, 128, 394, 331, 159, 380, 376, 274, 22, 321, 338, 199, 3, 352, 186, 362, 71, 360, 45, 395, 162, 392, 5, 42, 135, 184, 103, 393, 209, 269, 56, 265, 173, 124, 68, 298, 347, 148, 377, 239, 373, 299, 281, 26, 290, 182, 149, 358, 183, 47, 53, 371, 326, 32, 277, 227, 398, 120, 104, 165, 222, 136, 282, 400, 399, 141, 105, 283, 207, 158, 225, 229, 121, 303, 180, 147, 8, 332, 272, 115, 214, 126, 348, 78, 58, 345, 72, 375, 150, 191, 365, 379, 178, 35, 118, 357, 364, 127, 266, 60, 14, 155, 97, 309, 85, 246, 63, 179, 181, 354, 317, 77, 235, 280, 193, 328, 249, 349, 313, 125, 1, 101, 163, 19, 320, 356, 368, 378, 382, 386, 387, 388, 397]
x_347: [1, 4, 6, 8, 9, 17, 20, 22, 31, 37, 38, 41, 49, 51, 54, 57, 60, 64, 66, 70, 73, 74, 75, 79, 83, 84, 90, 91, 95, 97, 98, 99, 100, 101, 104, 107, 108, 111, 115, 116, 120, 123, 124, 132, 134, 139, 145, 147, 148, 149, 152, 153, 154, 157, 162, 167, 168, 170, 175, 176, 180, 186, 187, 192, 193, 197, 198, 200, 201, 202, 203, 204, 205, 207, 208, 209, 210, 211, 218, 219, 224, 225, 230, 231, 234, 237, 238, 241, 244, 245, 246, 248, 250, 251, 254, 261, 264, 268, 275, 276, 277, 279, 280, 281, 282, 291, 293, 294, 300, 301, 304, 313, 314, 315, 317, 318, 320, 321, 327, 328, 330, 334, 336, 340, 343, 345, 346, 190, 28, 361, 155, 61, 82, 379, 236, 12, 252, 329, 303, 359, 65, 360, 239, 112, 354, 43, 53, 196, 262, 375, 121, 161, 15, 19, 92, 137, 14, 286, 370, 386, 214, 288, 341, 7, 267, 382, 289, 380, 160, 191, 127, 221, 177, 338, 195, 33, 308, 85, 30, 232, 398, 156, 332, 217, 110, 298, 29, 272, 353, 122, 142, 350, 356, 390, 138, 71, 174, 269, 227, 399, 372, 36, 72, 106, 285, 357, 319, 172, 129, 388, 88, 242, 240, 158, 274, 179, 278, 5, 165, 25, 44, 384, 42, 364, 307, 27, 220, 11, 260, 400, 46, 166, 265, 24, 335, 344, 348, 368, 376, 377, 378, 381, 383, 387, 389, 391, 392, 396, 397]
x_348: [2, 4, 5, 6, 7, 8, 10, 14, 15, 18, 22, 25, 27, 28, 30, 31, 34, 35, 38, 40, 41, 53, 54, 57, 58, 68, 73, 79, 80, 81, 83, 93, 94, 95, 96, 97, 98, 100, 101, 103, 104, 107, 111, 113, 115, 117, 118, 119, 120, 126, 127, 130, 131, 140, 145, 146, 147, 148, 150, 161, 162, 169, 170, 171, 172, 173, 174, 175, 176, 184, 187, 189, 192, 193, 194, 197, 200, 201, 202, 203, 209, 210, 211, 220, 227, 229, 231, 232, 233, 234, 241, 243, 244, 246, 248, 250, 252, 255, 257, 260, 262, 278, 280, 284, 286, 289, 290, 291, 297, 300, 304, 305, 310, 311, 312, 325, 327, 329, 330, 333, 334, 335, 337, 343, 344, 345, 346, 342, 205, 181, 307, 92, 320, 394, 86, 114, 74, 179, 274, 67, 340, 49, 362, 245, 268, 108, 389, 29, 230, 163, 214, 52, 59, 359, 393, 166, 271, 266, 3, 323, 84, 217, 116, 168, 105, 121, 357, 72, 315, 338, 123, 109, 46, 308, 332, 282, 222, 196, 11, 110, 154, 204, 90, 153, 354, 215, 238, 134, 37, 135, 137, 178, 379, 298, 149, 139, 349, 237, 313, 43, 261, 76, 99, 82, 341, 283, 277, 198, 395, 85, 78, 51, 242, 353, 61, 259, 288, 69, 13, 177, 240, 224, 32, 347, 132, 263, 12, 106, 294, 355, 281, 295, 269, 218, 186, 56, 390, 380, 142, 364, 384, 26, 129, 392, 125, 16, 360, 47, 128, 221, 160, 213, 365, 208, 164, 352, 296, 279, 133, 89, 44, 136, 48, 358, 385, 351, 249, 185, 369, 377, 336, 75, 301, 138, 87, 350, 361, 367, 368, 374, 375, 376, 382, 387, 391, 396, 397]
x_349: [3, 4, 6, 7, 11, 17, 23, 25, 27, 28, 31, 35, 37, 38, 40, 41, 45, 46, 48, 51, 53, 55, 56, 57, 58, 59, 64, 66, 69, 71, 74, 75, 79, 81, 83, 85, 88, 92, 93, 95, 97, 98, 100, 103, 104, 105, 106, 109, 111, 113, 114, 115, 119, 123, 129, 130, 131, 133, 134, 140, 144, 145, 146, 147, 148, 157, 158, 161, 169, 171, 173, 174, 176, 184, 189, 191, 194, 195, 200, 202, 203, 204, 210, 211, 213, 219, 221, 223, 224, 233, 234, 238, 240, 242, 246, 248, 251, 252, 255, 257, 258, 262, 268, 272, 274, 276, 277, 278, 283, 286, 291, 292, 297, 298, 299, 301, 308, 311, 314, 317, 320, 321, 323, 324, 329, 330, 332, 334, 338, 339, 342, 343, 346, 348, 312, 290, 328, 261, 182, 267, 302, 61, 232, 20, 253, 250, 231, 12, 102, 185, 198, 127, 380, 394, 309, 15, 310, 206, 357, 358, 366, 367, 369, 372, 374, 378, 379, 381, 383, 384, 387, 388, 389, 391, 397, 400]
x_350: [3, 4, 6, 8, 10, 16, 25, 27, 28, 31, 36, 38, 40, 41, 46, 55, 56, 66, 74, 75, 76, 81, 82, 84, 86, 87, 93, 94, 95, 103, 107, 110, 111, 115, 120, 123, 124, 131, 132, 134, 148, 150, 157, 158, 162, 168, 172, 173, 174, 176, 177, 180, 182, 185, 190, 192, 193, 194, 195, 196, 197, 200, 204, 207, 215, 219, 222, 223, 229, 230, 231, 232, 243, 244, 245, 247, 249, 251, 253, 254, 257, 264, 265, 267, 268, 275, 277, 279, 281, 283, 288, 289, 292, 294, 297, 298, 299, 300, 306, 311, 314, 315, 316, 318, 321, 324, 325, 328, 330, 332, 333, 334, 335, 336, 337, 339, 340, 342, 346, 347, 142, 304, 250, 147, 161, 252, 26, 118, 319, 206, 99, 113, 313, 221, 199, 259, 9, 227, 276, 30, 373, 201, 399, 98, 11, 310, 44, 211, 377, 59, 352, 371, 389, 154, 256, 238, 21, 183, 85, 305, 22, 79, 139, 18, 205, 187, 1, 146, 170, 240, 363, 217, 214, 80, 262, 285, 317, 54, 126, 125, 178, 381, 151, 78, 135, 382, 58, 203, 160, 50, 378, 261, 116, 396, 51, 152, 61, 15, 233, 23, 291, 12, 181, 287, 338, 271, 105, 255, 239, 92, 2, 210, 367, 383, 266, 71, 365, 20, 143, 133, 376, 100, 39, 149, 370, 368, 213, 327, 112, 96, 353, 344, 91, 19, 167, 331, 57, 49, 145, 140, 282, 329, 169, 355, 312, 121, 295, 17, 392, 348, 326, 65, 293, 395, 62, 73, 296, 89, 242, 307, 369, 386, 122, 361, 236, 64, 284, 42, 208, 280, 171, 234, 188, 144, 117, 351, 357, 360, 366, 379, 380, 384, 385, 388]
x_351: [4, 6, 7, 8, 11, 15, 18, 19, 26, 27, 29, 30, 35, 45, 53, 57, 58, 59, 60, 64, 66, 68, 70, 72, 73, 81, 83, 84, 87, 95, 98, 99, 101, 103, 104, 105, 106, 107, 111, 116, 119, 120, 122, 126, 129, 130, 131, 134, 136, 145, 146, 157, 158, 161, 162, 169, 171, 172, 175, 189, 193, 196, 197, 202, 205, 208, 209, 210, 216, 220, 221, 224, 232, 233, 234, 236, 240, 241, 242, 246, 247, 251, 253, 255, 258, 260, 262, 264, 283, 289, 291, 294, 296, 297, 298, 300, 302, 304, 306, 310, 317, 318, 323, 324, 326, 327, 329, 330, 333, 334, 335, 337, 339, 340, 342, 348, 76, 183, 274, 177, 142, 343, 125, 244, 115, 229, 280, 148, 357, 22, 152, 307, 69, 276, 227, 309, 383, 191, 381, 270, 331, 352, 219, 1, 140, 143, 108, 354, 213, 41, 178, 211, 222, 174, 320, 328, 25, 184, 46, 23, 367, 245, 43, 62, 190, 54, 284, 102, 301, 204, 392, 67, 123, 163, 78, 207, 94, 153, 394, 344, 137, 139, 159, 350, 118, 272, 385, 12, 319, 238, 188, 360, 49, 20, 361, 365, 366, 368, 370, 374, 376, 377, 378, 384, 387, 388, 389, 391, 396]
x_352: [1, 2, 3, 5, 8, 13, 21, 22, 25, 28, 29, 30, 31, 35, 39, 40, 46, 51, 54, 56, 58, 59, 63, 64, 66, 68, 70, 73, 74, 83, 90, 95, 97, 98, 100, 103, 108, 109, 110, 120, 122, 123, 126, 129, 130, 131, 137, 143, 148, 149, 150, 157, 163, 168, 171, 173, 174, 185, 191, 192, 193, 195, 200, 202, 208, 209, 213, 216, 219, 221, 222, 224, 230, 231, 232, 233, 234, 238, 240, 241, 243, 244, 245, 246, 248, 253, 259, 260, 261, 264, 272, 280, 281, 290, 293, 299, 301, 304, 305, 312, 313, 314, 315, 318, 325, 327, 330, 332, 334, 335, 336, 339, 344, 346, 348, 350, 351, 151, 156, 356, 320, 235, 249, 226, 16, 337, 284, 36, 355, 180, 333, 44, 154, 118, 158, 194, 101, 105, 107, 33, 338, 300, 331, 298, 152, 72, 250, 251, 127, 383, 361, 218, 252, 358, 186, 26, 398, 274, 387, 164, 49, 134, 181, 203, 326, 393, 139, 340, 302, 380, 132, 214, 382, 359, 396, 386, 52, 88, 367, 388, 165, 135, 169, 48, 170, 179, 55, 178, 115, 255, 116, 162, 189, 392, 275, 125, 14, 324, 236, 254, 303, 80, 308, 292, 306, 375, 297, 23, 370, 184, 145, 282, 128, 353, 395, 6, 354, 262, 247, 271, 296, 67, 369, 177, 278, 399, 20, 114, 239, 283, 113, 207, 198, 172, 86, 182, 377, 385, 155, 32, 269, 146, 60, 196, 166, 27, 136, 47, 94, 357, 17, 24, 286, 106, 273, 76, 147, 371, 257, 96, 374, 258, 368, 379, 121, 84, 363, 266, 104, 161, 38, 212, 366, 372, 378, 384, 389, 397, 400]
x_353: [3, 4, 16, 17, 18, 22, 26, 28, 29, 31, 35, 43, 49, 53, 54, 56, 58, 62, 66, 68, 74, 75, 82, 88, 90, 91, 94, 95, 97, 103, 104, 107, 108, 109, 111, 116, 119, 122, 124, 126, 129, 131, 134, 136, 141, 144, 146, 151, 152, 157, 163, 166, 168, 169, 171, 172, 175, 185, 189, 191, 193, 197, 200, 202, 203, 204, 206, 208, 209, 224, 229, 232, 233, 234, 238, 240, 241, 242, 245, 246, 247, 248, 251, 255, 256, 258, 264, 276, 282, 283, 290, 291, 292, 296, 298, 299, 304, 306, 310, 311, 314, 319, 323, 324, 325, 328, 332, 333, 334, 335, 336, 337, 339, 340, 343, 344, 345, 347, 348, 350, 352, 99, 278, 293, 180, 32, 271, 382, 383, 378, 365, 364, 286, 244, 188, 216, 85, 40, 7, 210, 87, 262, 84, 13, 317, 250, 19, 355, 167, 2, 342, 15, 322, 55, 78, 371, 269, 186, 374, 263, 227, 113, 170, 117, 101, 47, 155, 357, 237, 52, 379, 61, 135, 57, 312, 367, 9, 147, 33, 25, 321, 294, 195, 86, 110, 265, 63, 112, 399, 223, 44, 361, 261, 341, 395, 130, 38, 46, 50, 390, 303, 83, 381, 37, 327, 27, 362, 150, 363, 368, 370, 373, 375, 389, 391]
x_354: [3, 4, 6, 7, 9, 12, 15, 17, 18, 19, 25, 26, 40, 46, 53, 54, 57, 58, 64, 66, 69, 75, 81, 82, 88, 93, 94, 95, 96, 98, 101, 103, 107, 108, 110, 111, 113, 118, 122, 123, 124, 126, 129, 130, 131, 132, 134, 136, 141, 144, 145, 150, 151, 153, 156, 157, 158, 162, 166, 168, 170, 171, 173, 177, 190, 191, 193, 194, 195, 197, 201, 202, 204, 206, 207, 210, 215, 219, 229, 230, 232, 233, 234, 236, 237, 239, 241, 243, 244, 245, 251, 253, 255, 256, 261, 262, 269, 275, 278, 286, 290, 294, 296, 298, 303, 304, 311, 313, 321, 324, 325, 328, 329, 330, 332, 333, 337, 338, 339, 342, 343, 344, 345, 346, 347, 348, 351, 352, 268, 152, 87, 148, 326, 178, 13, 289, 175, 212, 188, 248, 104, 125, 224, 51, 363, 299, 10, 2, 390, 165, 357, 355, 260, 341, 387, 63, 139, 59, 287, 161, 372, 163, 155, 83, 22, 119, 309, 284, 282, 305, 314, 169, 377, 78, 80, 99, 20, 291, 320, 218, 292, 47, 288, 182, 149, 85, 142, 48, 240, 116, 264, 92, 315, 220, 223, 73, 293, 371, 382, 306, 56, 397, 297, 184, 179, 198, 147, 100, 32, 308, 106, 270, 368, 33, 267, 274, 249, 44, 31, 183, 318, 37, 227, 388, 49, 317, 370, 114, 133, 392, 228, 79, 200, 137, 400, 213, 60, 185, 70, 11, 28, 312, 154, 211, 42, 30, 283, 391, 389, 50, 360, 226, 359, 361, 366, 369, 374, 378, 381, 384, 385]
x_355: [3, 4, 17, 18, 28, 29, 30, 38, 40, 43, 44, 46, 66, 68, 69, 70, 73, 74, 81, 83, 85, 86, 89, 90, 91, 96, 97, 98, 100, 102, 103, 106, 107, 115, 116, 120, 123, 125, 127, 129, 130, 131, 132, 144, 145, 146, 149, 150, 153, 154, 157, 165, 173, 175, 176, 184, 185, 188, 191, 193, 195, 196, 197, 204, 207, 208, 209, 212, 216, 220, 221, 223, 225, 227, 229, 230, 231, 233, 234, 237, 240, 241, 242, 244, 246, 251, 255, 257, 259, 260, 262, 264, 265, 272, 277, 278, 281, 289, 290, 292, 296, 297, 298, 299, 300, 304, 306, 308, 311, 312, 313, 314, 318, 319, 327, 330, 333, 334, 336, 339, 340, 342, 345, 346, 348, 350, 352, 353, 354, 84, 224, 393, 112, 359, 360, 364, 367, 368, 369, 370, 374, 378, 379, 381, 383, 385, 386, 389, 392, 396]
x_356: [2, 7, 17, 25, 27, 29, 31, 35, 37, 38, 40, 42, 52, 56, 57, 58, 69, 70, 71, 74, 76, 79, 83, 84, 88, 91, 93, 94, 95, 97, 98, 99, 100, 103, 104, 108, 109, 111, 116, 119, 120, 126, 129, 131, 132, 142, 144, 145, 150, 151, 153, 161, 162, 168, 170, 171, 175, 185, 186, 191, 192, 193, 195, 197, 199, 200, 201, 203, 209, 210, 216, 219, 220, 221, 224, 229, 230, 232, 233, 234, 235, 238, 241, 243, 245, 246, 247, 251, 253, 254, 255, 257, 260, 262, 264, 268, 269, 283, 284, 289, 290, 291, 292, 294, 297, 299, 300, 301, 305, 307, 308, 311, 312, 313, 314, 318, 319, 324, 327, 330, 334, 335, 338, 341, 344, 347, 352, 194, 180, 398, 213, 107, 242, 212, 364, 267, 133, 225, 391, 55, 152, 53, 363, 237, 159, 304, 331, 248, 384, 373, 176, 337, 101, 115, 34, 66, 28, 14, 110, 149, 143, 45, 136, 376, 64, 165, 346, 211, 36, 369, 112, 387, 332, 342, 227, 105, 345, 358, 303, 147, 388, 121, 380, 204, 181, 26, 296, 174, 16, 15, 340, 278, 10, 102, 72, 182, 123, 205, 325, 361, 166, 67, 368, 202, 293, 43, 183, 122, 397, 46, 18, 96, 359, 367, 370, 371, 372, 374, 377, 378, 379, 385, 386, 389, 392, 400]
x_357: [1, 6, 9, 12, 15, 16, 17, 18, 27, 29, 30, 31, 35, 36, 46, 48, 52, 57, 66, 68, 72, 79, 82, 83, 84, 86, 91, 94, 95, 101, 103, 109, 115, 119, 120, 122, 123, 124, 126, 129, 130, 131, 134, 140, 144, 147, 151, 154, 170, 171, 174, 181, 185, 189, 190, 201, 203, 204, 205, 218, 219, 221, 223, 227, 228, 229, 231, 234, 236, 239, 242, 245, 246, 247, 251, 252, 253, 259, 268, 269, 277, 279, 280, 281, 286, 289, 292, 294, 298, 304, 306, 311, 312, 314, 321, 326, 327, 333, 335, 338, 339, 340, 341, 346, 347, 348, 351, 352, 353, 354, 376, 350, 284, 64, 363, 368, 271, 309, 87, 60, 389, 113, 92, 374, 152, 199, 166, 285, 241, 167, 169, 108, 193, 202, 145, 216, 320, 136, 102, 61, 8, 263, 396, 331, 20, 318, 132, 192, 180, 358, 317, 283, 310, 112, 23, 210, 22, 173, 250, 75, 158, 316, 213, 336, 80, 182, 212, 13, 138, 24, 137, 296, 59, 164, 55, 49, 349, 208, 287, 96, 383, 74, 224, 360, 365, 366, 370, 378, 384, 385, 386, 387, 392, 399]
x_358: [4, 5, 7, 9, 10, 15, 16, 17, 25, 26, 29, 35, 39, 40, 43, 47, 54, 55, 56, 57, 66, 68, 70, 74, 75, 95, 97, 100, 103, 104, 108, 109, 110, 111, 115, 116, 120, 121, 123, 124, 129, 132, 133, 134, 145, 146, 148, 152, 153, 156, 162, 168, 170, 173, 175, 176, 179, 185, 191, 193, 199, 208, 209, 213, 216, 217, 219, 221, 224, 226, 229, 230, 231, 232, 233, 234, 240, 241, 242, 243, 245, 246, 247, 249, 253, 257, 258, 259, 265, 276, 277, 278, 292, 293, 297, 299, 300, 301, 303, 305, 306, 308, 310, 311, 312, 313, 314, 315, 317, 319, 321, 323, 324, 327, 328, 330, 333, 334, 335, 336, 337, 338, 339, 342, 344, 345, 346, 348, 352, 356, 357, 117, 188, 294, 360, 195, 370, 252, 316, 105, 291, 374, 159, 178, 180, 361, 128, 38, 27, 79, 261, 155, 267, 295, 63, 214, 150, 377, 378, 158, 24, 58, 157, 30, 163, 275, 273, 220, 331, 106, 65, 31, 112, 77, 365, 385, 290, 368, 44, 396, 88, 329, 206, 1, 127, 269, 71, 320, 20, 210, 196, 211, 21, 349, 41, 384, 125, 136, 122, 274, 46, 113, 283, 255, 398, 143, 250, 326, 107, 67, 174, 212, 23, 99, 144, 263, 181, 165, 183, 119, 248, 281, 272, 33, 376, 36, 359, 362, 364, 366, 369, 382, 389, 392, 400]
x_359: [3, 4, 9, 12, 14, 16, 17, 21, 25, 28, 29, 32, 35, 37, 40, 41, 44, 45, 46, 50, 51, 53, 54, 58, 62, 66, 70, 75, 79, 81, 83, 86, 90, 91, 93, 94, 95, 96, 98, 101, 103, 107, 108, 110, 113, 115, 119, 123, 125, 129, 131, 132, 134, 139, 140, 141, 144, 146, 152, 153, 158, 162, 169, 171, 173, 174, 175, 180, 198, 204, 205, 206, 207, 209, 219, 224, 225, 227, 229, 235, 237, 240, 244, 247, 248, 250, 251, 254, 255, 257, 259, 261, 262, 279, 281, 284, 286, 289, 290, 291, 292, 293, 294, 297, 298, 300, 303, 305, 306, 308, 310, 312, 314, 315, 323, 324, 327, 328, 329, 330, 332, 335, 336, 338, 339, 340, 342, 344, 347, 348, 352, 287, 311, 322, 122, 215, 168, 199, 71, 127, 185, 320, 69, 109, 200, 27, 187, 266, 370, 89, 366, 283, 234, 221, 379, 243, 220, 256, 400, 272, 356, 114, 149, 18, 354, 26, 197, 277, 268, 319, 145, 136, 363, 30, 106, 55, 393, 111, 166, 309, 210, 112, 15, 331, 316, 218, 213, 116, 380, 274, 364, 36, 59, 164, 181, 80, 150, 382, 5, 188, 217, 390, 275, 394, 212, 355, 183, 154, 253, 126, 189, 151, 334, 378, 195, 143, 142, 118, 8, 165, 102, 105, 72, 246, 57, 295, 385, 222, 399, 47, 232, 395, 358, 202, 333, 87, 2, 318, 65, 271, 223, 245, 97, 343, 263, 273, 341, 362, 288, 387, 299, 73, 214, 242, 337, 186, 6, 31, 13, 182, 120, 19, 155, 137, 301, 99, 369, 372, 74, 238, 157, 381, 191, 190, 391, 360, 365, 367, 373, 375, 383, 389, 397]
x_360: [2, 3, 4, 5, 6, 7, 11, 17, 19, 20, 21, 27, 29, 31, 35, 40, 43, 49, 53, 54, 57, 58, 63, 68, 69, 70, 73, 74, 75, 84, 88, 95, 97, 99, 103, 104, 105, 106, 108, 111, 119, 122, 123, 125, 126, 129, 130, 131, 133, 138, 144, 145, 150, 151, 152, 162, 166, 170, 171, 173, 174, 175, 179, 187, 189, 193, 195, 197, 200, 202, 207, 210, 211, 216, 219, 224, 227, 229, 232, 237, 243, 244, 245, 246, 248, 252, 253, 256, 259, 262, 264, 265, 268, 276, 278, 283, 292, 294, 296, 304, 308, 309, 310, 313, 314, 315, 317, 324, 327, 329, 330, 333, 334, 335, 336, 337, 338, 339, 342, 343, 344, 345, 346, 347, 348, 351, 354, 358, 394, 134, 371, 386, 307, 291, 154, 161, 9, 208, 109, 355, 28, 201, 91, 316, 257, 332, 59, 61, 357, 318, 199, 177, 361, 331, 380, 196, 212, 148, 378, 362, 301, 282, 321, 388, 149, 363, 147, 72, 118, 319, 135, 260, 78, 62, 267, 305, 271, 359, 101, 377, 367, 233, 381, 217, 395, 79, 191, 209, 160, 42, 146, 320, 297, 26, 41, 112, 277, 113, 326, 178, 183, 298, 295, 322, 238, 213, 379, 194, 206, 81, 374, 185, 82, 1, 350, 250, 306, 228, 137, 22, 83, 92, 254, 269, 365, 258, 311, 364, 302, 392, 369, 366, 368, 373, 375, 383, 384, 385, 387, 389, 397, 400]
x_361: [2, 4, 6, 9, 13, 19, 24, 25, 26, 35, 37, 40, 41, 43, 49, 51, 53, 54, 55, 56, 57, 58, 60, 61, 68, 69, 79, 82, 85, 86, 91, 94, 97, 98, 100, 101, 104, 106, 107, 108, 110, 115, 116, 119, 120, 123, 124, 125, 126, 129, 130, 131, 132, 137, 145, 150, 151, 153, 156, 157, 166, 170, 174, 184, 185, 191, 193, 195, 196, 197, 198, 200, 201, 204, 205, 208, 218, 219, 221, 224, 226, 230, 231, 232, 233, 235, 238, 239, 241, 242, 244, 245, 246, 247, 249, 251, 253, 258, 259, 262, 268, 272, 275, 276, 278, 280, 282, 283, 285, 286, 289, 291, 292, 293, 294, 298, 300, 301, 304, 308, 325, 327, 328, 333, 335, 336, 337, 340, 341, 342, 344, 345, 346, 347, 350, 352, 353, 356, 358, 360, 305, 27, 34, 332, 112, 248, 10, 88, 142, 173, 140, 370, 66, 213, 154, 118, 369, 182, 135, 271, 194, 269, 87, 211, 400, 155, 99, 348, 240, 146, 354, 374, 385, 320, 114, 237, 322, 90, 128, 250, 217, 220, 169, 392, 312, 16, 186, 330, 105, 175, 339, 307, 103, 380, 92, 139, 161, 187, 77, 323, 78, 164, 377, 5, 180, 171, 351, 12, 17, 31, 210, 365, 382, 11, 372, 122, 313, 75, 343, 38, 367, 63, 48, 277, 45, 383, 152, 379, 368, 371, 373, 378, 381, 384, 386, 388, 389, 399]
x_362: [4, 6, 10, 11, 15, 16, 17, 18, 20, 21, 22, 25, 28, 29, 30, 40, 45, 54, 55, 57, 64, 66, 70, 82, 84, 88, 89, 90, 93, 94, 97, 98, 99, 100, 103, 104, 105, 108, 109, 110, 111, 115, 116, 119, 122, 123, 124, 129, 132, 133, 137, 145, 150, 151, 153, 162, 165, 166, 169, 170, 173, 185, 187, 191, 194, 197, 201, 205, 208, 209, 211, 218, 219, 220, 223, 224, 227, 231, 232, 239, 240, 246, 248, 249, 251, 252, 253, 254, 255, 257, 259, 260, 261, 264, 268, 269, 272, 274, 276, 278, 283, 287, 290, 293, 297, 298, 300, 301, 304, 309, 311, 312, 314, 315, 316, 319, 321, 324, 325, 327, 328, 330, 336, 337, 338, 341, 342, 344, 346, 348, 353, 359, 360, 221, 9, 370, 245, 164, 331, 213, 179, 159, 339, 188, 279, 8, 14, 222, 176, 358, 130, 378, 214, 377, 372, 313, 141, 167, 155, 247, 181, 230, 79, 393, 263, 368, 39, 285, 273, 80, 95, 158, 26, 379, 399, 135, 295, 267, 138, 394, 234, 206, 292, 236, 171, 280, 291, 373, 62, 225, 182, 308, 326, 186, 288, 286, 48, 335, 310, 35, 282, 340, 142, 367, 374, 384, 388, 389, 392, 396, 397, 400]
x_363: [4, 5, 6, 8, 9, 10, 11, 16, 17, 22, 24, 25, 29, 31, 37, 38, 40, 47, 53, 54, 59, 63, 66, 68, 73, 79, 84, 87, 88, 90, 91, 95, 98, 103, 104, 106, 107, 108, 109, 115, 117, 119, 123, 125, 129, 132, 140, 144, 148, 151, 157, 160, 161, 162, 163, 165, 169, 170, 177, 180, 184, 185, 192, 194, 196, 197, 200, 201, 203, 207, 209, 210, 215, 216, 219, 221, 230, 231, 233, 234, 241, 243, 244, 245, 246, 249, 252, 253, 256, 259, 260, 261, 262, 264, 272, 278, 279, 282, 283, 289, 290, 294, 297, 301, 305, 308, 312, 314, 315, 318, 321, 323, 325, 330, 334, 335, 336, 340, 342, 343, 344, 350, 352, 354, 356, 357, 359, 360, 89, 46, 131, 353, 28, 270, 267, 276, 332, 183, 182, 62, 218, 100, 255, 313, 375, 94, 383, 365, 366, 370, 372, 374, 377, 378, 379, 385, 397, 400]
x_364: [3, 4, 6, 9, 10, 17, 24, 25, 29, 30, 38, 39, 41, 43, 46, 49, 53, 54, 55, 57, 58, 61, 62, 65, 66, 73, 82, 83, 89, 93, 95, 97, 98, 102, 103, 107, 109, 111, 112, 115, 119, 124, 126, 127, 129, 131, 136, 144, 145, 147, 148, 153, 154, 156, 159, 162, 166, 168, 170, 171, 172, 173, 174, 179, 180, 185, 190, 192, 193, 194, 200, 204, 209, 210, 211, 219, 221, 223, 224, 229, 230, 232, 234, 235, 236, 241, 243, 245, 246, 248, 251, 252, 255, 256, 259, 260, 261, 262, 264, 269, 272, 279, 282, 283, 284, 287, 289, 292, 294, 297, 304, 305, 306, 310, 311, 314, 315, 319, 324, 328, 330, 337, 341, 344, 346, 347, 348, 353, 356, 359, 360, 96, 212, 244, 142, 51, 263, 150, 12, 309, 120, 216, 92, 108, 67, 400, 386, 206, 106, 101, 397, 31, 18, 42, 325, 291, 233, 275, 76, 208, 155, 270, 242, 372, 358, 238, 335, 151, 308, 247, 318, 342, 184, 298, 176, 116, 207, 249, 302, 139, 191, 94, 365, 370, 34, 19, 121, 50, 33, 86, 387, 187, 80, 202, 118, 355, 288, 181, 327, 322, 213, 160, 104, 366, 374, 379, 385, 391, 392]
x_365: [1, 2, 3, 4, 5, 10, 13, 14, 15, 16, 18, 24, 25, 27, 29, 31, 38, 55, 58, 70, 71, 72, 73, 83, 86, 90, 93, 98, 106, 109, 113, 116, 119, 124, 125, 127, 134, 140, 144, 145, 146, 147, 148, 157, 158, 161, 168, 169, 172, 173, 175, 177, 180, 185, 191, 193, 201, 202, 218, 221, 224, 230, 235, 239, 241, 242, 244, 245, 251, 253, 254, 255, 257, 261, 262, 265, 270, 275, 278, 281, 289, 292, 293, 297, 304, 305, 306, 307, 311, 314, 317, 319, 321, 328, 330, 332, 334, 335, 336, 339, 340, 341, 343, 344, 346, 348, 350, 353, 358, 360, 361, 364, 103, 49, 363, 338, 286, 28, 184, 250, 276, 315, 392, 216, 133, 207, 389, 11, 88, 174, 122, 238, 56, 75, 240, 110, 65, 383, 357, 94, 309, 333, 302, 194, 40, 131, 142, 192, 129, 298, 301, 209, 215, 33, 217, 223, 115, 211, 179, 198, 382, 273, 320, 187, 232, 372, 249, 222, 112, 96, 155, 260, 188, 367, 67, 264, 200, 117, 126, 252, 212, 210, 258, 373, 107, 280, 104, 138, 329, 322, 366, 181, 84, 345, 274, 152, 53, 44, 47, 37, 68, 48, 370, 351, 118, 121, 130, 359, 325, 12, 312, 82, 369, 376, 378, 384, 385, 386, 387, 388, 394]
x_366: [3, 4, 5, 6, 13, 14, 16, 20, 21, 25, 27, 29, 30, 32, 39, 40, 41, 48, 49, 51, 53, 57, 63, 66, 73, 74, 81, 88, 90, 93, 94, 95, 97, 98, 102, 104, 105, 107, 108, 109, 110, 111, 113, 115, 119, 122, 125, 126, 130, 137, 144, 145, 146, 147, 152, 153, 162, 170, 171, 176, 179, 184, 189, 191, 194, 196, 197, 201, 202, 205, 209, 210, 211, 220, 223, 224, 230, 231, 232, 233, 235, 236, 238, 241, 244, 245, 246, 249, 251, 253, 254, 264, 268, 269, 277, 278, 281, 283, 299, 304, 305, 306, 308, 309, 310, 311, 312, 313, 315, 318, 321, 327, 330, 331, 333, 334, 336, 337, 339, 344, 359, 365, 1, 340, 349, 198, 182, 341, 142, 2, 357, 221, 140, 284, 237, 106, 364, 288, 275, 117, 181, 38, 54, 83, 207, 82, 218, 23, 200, 382, 86, 247, 289, 351, 323, 34, 175, 329, 342, 352, 391, 369, 261, 363, 135, 199, 374, 280, 260, 243, 371, 116, 372, 185, 8, 274, 295, 127, 121, 78, 43, 15, 150, 212, 376, 160, 192, 285, 9, 256, 84, 87, 216, 234, 242, 360, 60, 44, 392, 258, 226, 129, 259, 169, 377, 70, 291, 317, 227, 91, 50, 214, 45, 76, 128, 324, 118, 343, 222, 11, 149, 69, 188, 165, 123, 393, 96, 203, 263, 379, 157, 350, 332, 99, 298, 345, 158, 358, 85, 228, 195, 255, 68, 320, 164, 338, 395, 120, 292, 354, 61, 271, 180, 187, 367, 370, 378, 383, 384, 385, 386, 387, 397]
x_367: [3, 4, 6, 9, 10, 12, 13, 16, 22, 24, 29, 37, 38, 39, 41, 46, 50, 52, 53, 61, 66, 68, 69, 73, 76, 81, 84, 87, 88, 94, 95, 99, 101, 103, 107, 110, 111, 119, 123, 124, 126, 129, 130, 131, 134, 137, 145, 147, 153, 154, 155, 158, 162, 165, 172, 173, 184, 186, 187, 193, 200, 202, 213, 216, 219, 223, 226, 229, 230, 232, 233, 235, 236, 239, 240, 243, 245, 247, 248, 253, 255, 259, 260, 262, 264, 272, 275, 276, 282, 283, 286, 287, 292, 295, 300, 305, 306, 308, 311, 312, 313, 315, 317, 321, 327, 329, 330, 332, 333, 334, 335, 336, 339, 341, 343, 350, 351, 352, 353, 360, 361, 365, 97, 30, 198, 221, 297, 194, 98, 64, 104, 349, 161, 175, 356, 25, 237, 296, 40, 167, 208, 83, 377, 378, 15, 338, 268, 298, 371, 141, 133, 274, 114, 310, 127, 267, 344, 227, 242, 228, 72, 376, 57, 359, 279, 256, 244, 115, 182, 136, 125, 56, 224, 304, 366, 159, 302, 257, 121, 45, 54, 33, 11, 44, 190, 254, 189, 373, 314, 60, 280, 370, 181, 355, 191, 396, 163, 270, 149, 252, 303, 337, 400, 31, 59, 258, 49, 100, 204, 92, 105, 79, 77, 326, 381, 397, 273, 395, 8, 168, 23, 42, 70, 387, 55, 82, 328, 231, 348, 263, 89, 393, 380, 369, 265, 178, 288, 196, 156, 199, 71, 375, 78, 117, 362, 164, 27, 169, 192, 368, 372, 384, 386, 388, 389, 391]
x_368: [3, 4, 10, 17, 23, 25, 26, 28, 29, 35, 39, 40, 46, 49, 53, 54, 55, 56, 57, 60, 66, 68, 70, 72, 74, 75, 82, 83, 87, 88, 90, 102, 104, 105, 106, 111, 116, 119, 120, 123, 124, 125, 126, 131, 132, 133, 134, 135, 140, 144, 153, 156, 157, 158, 162, 166, 170, 171, 173, 174, 175, 179, 180, 184, 190, 193, 194, 200, 201, 202, 204, 205, 207, 210, 227, 228, 233, 234, 236, 237, 238, 240, 241, 245, 251, 253, 260, 261, 262, 264, 269, 272, 276, 277, 278, 280, 292, 293, 294, 297, 300, 303, 305, 306, 308, 311, 313, 314, 315, 317, 318, 321, 323, 324, 325, 327, 328, 332, 333, 335, 336, 337, 340, 343, 344, 345, 350, 352, 354, 356, 357, 358, 362, 2, 371, 36, 263, 330, 220, 279, 391, 270, 143, 384, 258, 394, 390, 239, 192, 286, 172, 15, 211, 381, 338, 52, 353, 208, 129, 150, 161, 376, 37, 351, 226, 267, 91, 346, 347, 291, 329, 137, 50, 367, 361, 139, 249, 18, 215, 281, 235, 301, 32, 355, 254, 397, 22, 107, 93, 198, 59, 147, 360, 309, 85, 30, 372, 44, 373, 196, 348, 197, 393, 47, 92, 165, 370, 377, 378, 379, 386, 392, 400]
x_369: [2, 3, 5, 7, 10, 13, 15, 17, 20, 24, 25, 27, 28, 29, 30, 37, 39, 45, 46, 57, 58, 64, 68, 70, 71, 73, 74, 75, 81, 82, 87, 88, 90, 94, 95, 97, 109, 111, 115, 117, 118, 119, 120, 122, 123, 128, 136, 137, 140, 144, 146, 157, 158, 162, 166, 169, 171, 189, 190, 192, 195, 196, 197, 199, 202, 204, 205, 207, 208, 209, 216, 218, 224, 226, 230, 233, 240, 241, 244, 245, 246, 248, 252, 254, 255, 256, 259, 265, 275, 283, 286, 290, 296, 297, 301, 304, 306, 309, 310, 311, 313, 316, 323, 325, 327, 330, 331, 332, 333, 334, 339, 340, 341, 342, 344, 346, 348, 350, 352, 356, 359, 360, 361, 366, 367, 329, 124, 289, 278, 93, 315, 154, 67, 223, 129, 61, 187, 398, 181, 53, 354, 262, 288, 258, 148, 194, 175, 77, 247, 185, 266, 211, 307, 105, 349, 11, 377, 392, 257, 221, 143, 85, 172, 145, 72, 268, 156, 250, 365, 76, 84, 78, 358, 314, 134, 295, 151, 165, 272, 388, 131, 80, 112, 42, 355, 161, 4, 298, 370, 386, 387, 391, 397]
x_370: [1, 3, 4, 5, 10, 11, 14, 16, 17, 21, 27, 29, 30, 31, 39, 50, 52, 54, 55, 57, 58, 60, 61, 68, 70, 71, 73, 75, 83, 84, 89, 90, 94, 97, 100, 101, 107, 110, 111, 115, 117, 121, 122, 125, 127, 128, 129, 132, 133, 140, 145, 146, 147, 153, 157, 159, 163, 166, 168, 171, 175, 181, 185, 186, 189, 195, 198, 201, 202, 203, 204, 207, 209, 210, 211, 216, 219, 221, 224, 229, 230, 232, 233, 236, 243, 244, 245, 246, 247, 248, 249, 254, 255, 257, 260, 261, 266, 281, 283, 288, 289, 292, 294, 296, 297, 298, 303, 304, 306, 308, 311, 312, 313, 315, 317, 319, 321, 330, 334, 337, 338, 339, 340, 341, 342, 347, 350, 352, 354, 358, 359, 361, 362, 364, 365, 367, 172, 174, 380, 56, 353, 382, 160, 250, 64, 369, 15, 256, 194, 190, 161, 192, 383, 351, 357, 149, 379, 109, 72, 199, 144, 138, 377, 282, 95, 320, 103, 40, 124, 271, 258, 391, 155, 37, 326, 74, 8, 143, 49, 299, 19, 324, 389, 141, 108, 26, 150, 36, 170, 93, 397, 373, 328, 355, 269, 295, 2, 44, 400, 285, 399, 234, 46, 206, 41, 239, 167, 177, 241, 252, 305, 368, 18, 253, 164, 118, 6, 62, 81, 105, 151, 329, 92, 394, 114, 332, 76, 12, 32, 183, 227, 301, 275, 126, 213, 67, 42, 242, 276, 20, 63, 290, 88, 318, 251, 381, 35, 208, 179, 53, 43, 363, 366, 47, 268, 218, 51, 385, 169, 237, 217, 356, 331, 25, 279, 188, 259, 196, 33, 106, 191, 265, 24, 13, 139, 375, 131, 235, 376, 193, 287, 69, 78, 372, 384]
x_371: [1, 4, 6, 7, 8, 9, 11, 14, 16, 17, 25, 29, 30, 35, 44, 51, 52, 54, 55, 57, 63, 64, 68, 76, 84, 90, 93, 94, 95, 98, 101, 103, 104, 107, 108, 109, 120, 122, 123, 131, 133, 134, 144, 147, 149, 151, 152, 153, 155, 157, 168, 170, 171, 173, 175, 179, 185, 190, 191, 193, 197, 200, 201, 202, 205, 206, 216, 219, 220, 221, 222, 223, 224, 226, 229, 230, 231, 232, 233, 234, 235, 236, 238, 240, 242, 244, 245, 248, 251, 260, 261, 264, 265, 268, 272, 277, 278, 281, 283, 284, 286, 290, 291, 293, 294, 297, 298, 304, 305, 312, 313, 315, 317, 324, 327, 328, 329, 333, 334, 339, 340, 342, 343, 345, 346, 350, 352, 353, 354, 360, 366, 367, 368, 72, 99, 92, 106, 69, 308, 48, 162, 356, 73, 398, 80, 249, 59, 361, 241, 316, 215, 10, 115, 160, 228, 102, 319, 382, 146, 331, 214, 148, 187, 159, 105, 388, 34, 372, 374, 375, 377, 378, 384, 385, 387, 389, 392]
x_372: [1, 3, 6, 7, 9, 10, 14, 15, 16, 18, 24, 27, 31, 35, 37, 38, 39, 40, 41, 45, 47, 54, 58, 61, 63, 66, 68, 72, 73, 79, 80, 89, 90, 93, 94, 97, 98, 99, 103, 104, 105, 107, 110, 111, 120, 122, 128, 129, 130, 131, 134, 137, 138, 140, 146, 147, 152, 156, 157, 163, 170, 172, 173, 174, 176, 179, 180, 182, 185, 187, 189, 191, 193, 194, 195, 196, 200, 202, 203, 204, 205, 211, 221, 223, 224, 228, 230, 231, 232, 234, 235, 236, 245, 248, 253, 254, 255, 259, 260, 265, 272, 276, 277, 281, 286, 289, 293, 294, 297, 304, 306, 308, 310, 313, 314, 315, 319, 320, 326, 327, 328, 330, 332, 333, 334, 335, 336, 337, 339, 343, 345, 347, 354, 359, 361, 362, 364, 365, 366, 368, 102, 199, 338, 300, 96, 67, 239, 86, 126, 23, 70, 112, 20, 22, 238, 283, 53, 100, 395, 292, 309, 324, 288, 42, 329, 83, 240, 8, 151, 247, 144, 177, 113, 305, 175, 397, 116, 219, 121, 382, 246, 271, 349, 367, 165, 340, 262, 291, 301, 32, 210, 316, 197, 371, 370, 29, 273, 225, 109, 311, 43, 181, 119, 133, 387, 263, 373, 244, 5, 356, 87, 207, 256, 108, 290, 227, 136, 28, 159, 62, 317, 384, 13, 344, 302, 331, 363, 213, 287, 391, 78, 4, 390, 2, 322, 321, 81, 318, 352, 399, 374, 375, 377, 378, 379, 383, 385, 386, 389, 394, 396]
x_373: [3, 4, 5, 9, 14, 22, 24, 25, 27, 28, 30, 31, 37, 40, 41, 53, 54, 56, 61, 64, 66, 68, 70, 71, 73, 81, 83, 84, 85, 86, 89, 93, 95, 97, 98, 100, 101, 103, 104, 107, 108, 109, 111, 113, 120, 123, 124, 126, 129, 132, 133, 136, 141, 144, 145, 147, 152, 153, 155, 162, 168, 170, 171, 173, 174, 175, 180, 185, 196, 197, 200, 203, 204, 205, 206, 208, 210, 213, 216, 218, 221, 223, 224, 225, 226, 228, 231, 232, 234, 236, 241, 243, 244, 245, 247, 248, 249, 255, 257, 259, 260, 262, 264, 265, 269, 272, 274, 277, 279, 280, 282, 285, 286, 294, 297, 306, 310, 314, 317, 321, 324, 328, 333, 335, 340, 344, 345, 346, 350, 356, 362, 365, 367, 368, 370, 372, 42, 117, 186, 258, 69, 87, 392, 74, 211, 192, 242, 383, 379, 313, 359, 34, 311, 128, 16, 237, 319, 18, 140, 316, 393, 323, 177, 158, 235, 165, 330, 110, 288, 194, 75, 201, 17, 29, 179, 47, 154, 15, 55, 12, 176, 254, 164, 184, 256, 20, 336, 135, 156, 389, 190, 360, 91, 146, 220, 343, 114, 229, 181, 94, 160, 57, 353, 63, 302, 33, 361, 214, 315, 76, 167, 374, 375, 376, 377, 378, 380, 388, 391, 400]
x_374: [2, 3, 6, 10, 16, 18, 21, 22, 24, 25, 31, 35, 46, 51, 55, 57, 58, 61, 66, 73, 79, 81, 83, 84, 85, 86, 87, 88, 91, 93, 95, 97, 101, 104, 107, 109, 113, 115, 118, 119, 121, 123, 126, 129, 130, 131, 134, 140, 141, 142, 144, 148, 150, 153, 154, 157, 161, 162, 165, 167, 169, 175, 176, 181, 189, 191, 192, 194, 196, 197, 200, 201, 202, 206, 210, 221, 224, 227, 229, 230, 236, 241, 242, 245, 253, 254, 256, 260, 262, 264, 268, 269, 272, 277, 281, 283, 284, 286, 292, 294, 297, 301, 305, 306, 310, 311, 312, 315, 319, 321, 323, 324, 325, 327, 328, 333, 334, 335, 337, 338, 340, 346, 352, 353, 357, 358, 360, 361, 366, 56, 364, 75, 386, 391, 384, 184, 174, 30, 94, 348, 136, 228, 251, 279, 151, 132, 47, 354, 139, 125, 15, 265, 287, 8, 64, 40, 395, 62, 267, 342, 103, 244, 375, 371, 276, 168, 193, 72, 266, 111, 382, 203, 190, 138, 231, 373, 117, 308, 135, 326, 27, 80, 225, 362, 28, 32, 67, 215, 108, 296, 263, 232, 44, 341, 178, 120, 105, 50, 248, 171, 37, 390, 237, 76, 271, 173, 302, 218, 63, 299, 363, 211, 399, 160, 199, 378, 170, 180, 298, 356, 345, 249, 372, 383, 122, 187, 349, 336, 233, 339, 216, 380, 246, 29, 188, 209, 300, 183, 155, 235, 396, 355, 71, 158, 219, 295, 152, 195, 4, 102, 313, 52, 351, 330, 116, 17, 212, 282, 177, 145, 96, 381, 385, 387, 388]
x_375: [3, 4, 10, 13, 19, 24, 25, 27, 29, 30, 38, 39, 40, 41, 46, 53, 55, 56, 57, 58, 63, 66, 70, 75, 78, 81, 84, 89, 90, 93, 97, 98, 100, 101, 103, 104, 107, 108, 110, 115, 119, 120, 123, 125, 127, 130, 132, 133, 134, 137, 140, 146, 148, 150, 153, 154, 157, 162, 168, 172, 176, 180, 185, 186, 191, 193, 201, 202, 203, 204, 205, 206, 209, 211, 213, 217, 219, 223, 224, 227, 229, 230, 232, 234, 235, 236, 238, 239, 241, 242, 243, 245, 246, 248, 252, 254, 255, 259, 260, 262, 267, 268, 272, 274, 278, 286, 289, 290, 294, 296, 297, 298, 301, 303, 304, 310, 311, 314, 318, 319, 321, 325, 326, 327, 328, 329, 333, 334, 335, 336, 338, 339, 340, 341, 342, 343, 344, 346, 347, 352, 363, 367, 370, 374, 188, 228, 116, 381, 391, 283, 383, 9, 371, 102, 189, 142, 48, 359, 12, 82, 306, 380, 372, 124, 35, 400, 360, 122, 111, 73, 184, 7, 353, 258, 165, 45, 114, 139, 112, 251, 273, 47, 208, 143, 121, 322, 199, 50, 190, 275, 11, 155, 396, 389, 394, 86, 18, 312, 292, 256, 387, 95, 399, 265, 179, 270, 373, 291, 59, 397, 28, 288, 269, 192, 218, 348, 88, 376, 377, 378, 379, 382, 385, 392]
x_376: [2, 4, 5, 17, 20, 25, 30, 35, 37, 38, 46, 57, 68, 83, 90, 93, 96, 98, 99, 100, 101, 104, 107, 108, 115, 116, 117, 119, 120, 122, 123, 127, 130, 134, 140, 145, 147, 150, 154, 158, 159, 163, 168, 170, 171, 172, 173, 177, 180, 181, 183, 187, 190, 193, 195, 197, 200, 201, 202, 203, 216, 221, 224, 225, 226, 227, 228, 229, 232, 233, 235, 241, 242, 243, 245, 246, 247, 249, 252, 253, 257, 260, 261, 264, 268, 273, 276, 277, 278, 281, 282, 283, 284, 286, 287, 289, 292, 293, 297, 299, 300, 304, 306, 314, 318, 324, 327, 332, 333, 334, 335, 336, 337, 338, 341, 342, 343, 344, 346, 350, 356, 357, 358, 366, 367, 368, 370, 309, 71, 325, 160, 317, 291, 113, 149, 288, 234, 142, 81, 77, 385, 302, 28, 31, 56, 272, 103, 94, 11, 152, 84, 167, 240, 156, 14, 321, 189, 269, 109, 112, 262, 40, 351, 139, 251, 82, 133, 153, 3, 218, 271, 165, 69, 18, 32, 36, 382, 274, 270, 250, 21, 206, 365, 60, 27, 381, 316, 347, 58, 12, 75, 72, 380, 136, 296, 184, 375, 92, 207, 373, 265, 143, 42, 29, 348, 176, 222, 70, 59, 384, 141, 41, 79, 188, 256, 390, 43, 204, 400, 303, 164, 1, 236, 179, 186, 74, 377, 378, 379, 383, 386, 387, 391, 395, 396, 397]
x_377: [4, 5, 6, 9, 15, 16, 24, 25, 29, 37, 41, 50, 51, 54, 55, 59, 60, 62, 70, 72, 75, 79, 81, 82, 84, 88, 90, 93, 94, 95, 97, 98, 100, 102, 103, 105, 107, 109, 111, 115, 125, 126, 130, 131, 132, 140, 144, 145, 150, 151, 153, 157, 160, 161, 162, 168, 172, 173, 174, 181, 184, 186, 193, 195, 197, 198, 204, 206, 207, 208, 209, 219, 220, 221, 226, 228, 232, 233, 236, 238, 239, 242, 243, 244, 246, 249, 251, 253, 254, 255, 258, 261, 263, 268, 273, 275, 276, 278, 279, 282, 283, 288, 289, 293, 294, 297, 299, 304, 310, 311, 312, 315, 319, 323, 324, 329, 330, 334, 335, 336, 337, 339, 340, 344, 346, 348, 350, 352, 354, 358, 360, 361, 362, 366, 367, 369, 370, 183, 165, 386, 316, 342, 390, 18, 13, 295, 338, 56, 396, 322, 52, 119, 306, 1, 91, 121, 87, 46, 373, 248, 113, 61, 124, 371, 269, 363, 147, 397, 389, 351, 192, 194, 152, 241, 291, 333, 375, 120, 104, 106, 39, 286, 267, 256, 11, 136, 67, 224, 47, 331, 387, 213, 27, 376, 30, 118, 385, 166, 327, 399, 379, 307, 10, 191, 272, 372, 326, 8, 189, 99, 123, 188, 259, 321, 368, 296, 110, 164, 44, 260, 393, 347, 63, 22, 398, 23, 217, 170, 43, 64, 252, 262, 178, 325, 237, 245, 205, 210, 227, 196, 305, 298, 77, 42, 300, 156, 356, 320, 392, 163, 378, 380, 381, 383, 384]
x_378: [2, 3, 4, 5, 11, 27, 30, 35, 38, 39, 41, 56, 57, 58, 60, 64, 66, 68, 70, 75, 81, 83, 84, 90, 94, 95, 96, 97, 98, 101, 103, 104, 105, 109, 111, 113, 116, 120, 122, 126, 131, 133, 134, 136, 137, 140, 145, 148, 151, 153, 154, 163, 164, 166, 168, 172, 173, 175, 177, 191, 193, 194, 198, 201, 202, 204, 208, 216, 228, 229, 230, 231, 232, 234, 235, 236, 239, 244, 245, 248, 250, 253, 255, 260, 261, 262, 268, 272, 273, 280, 281, 283, 284, 286, 287, 290, 291, 292, 294, 296, 298, 304, 308, 311, 314, 317, 318, 325, 333, 334, 337, 339, 340, 343, 344, 345, 350, 353, 358, 359, 360, 362, 367, 374, 1, 392, 100, 301, 69, 382, 61, 267, 400, 47, 178, 259, 157, 329, 26, 390, 217, 319, 127, 383, 91, 326, 7, 316, 123, 246, 363, 238, 121, 371, 310, 13, 181, 396, 365, 335, 351, 305, 32, 225, 86, 46, 77, 347, 186, 89, 73, 192, 275, 169, 93, 8, 108, 18, 346, 31, 361, 211, 372, 395, 14, 52, 288, 183, 82, 17, 349, 226, 356, 33, 373, 249, 354, 313, 293, 152, 196, 182, 54, 190, 303, 240, 220, 215, 227, 366, 282, 241, 59, 49, 51, 264, 380, 218, 265, 40, 28, 274, 45, 150, 143, 377, 381, 207, 352, 266, 36, 72, 185, 115, 165, 197, 119, 63, 167, 285, 219, 129, 176, 110, 254, 341, 132, 205, 147, 130, 71, 9, 107, 376, 256, 44, 160, 278, 80, 242, 146, 386, 144, 289, 257, 37, 391, 332, 355, 357, 237, 25, 384, 34, 117, 174, 375, 368, 42, 53, 188, 209, 387, 233, 399, 158, 149, 138, 67, 379, 389, 397]
x_379: [4, 6, 7, 11, 22, 25, 27, 29, 31, 35, 46, 49, 53, 54, 57, 66, 75, 77, 81, 90, 91, 94, 98, 100, 101, 104, 108, 110, 111, 116, 120, 122, 123, 126, 129, 131, 132, 133, 136, 144, 148, 150, 152, 154, 157, 161, 162, 167, 171, 172, 175, 176, 177, 180, 185, 193, 197, 200, 203, 220, 221, 223, 227, 231, 232, 233, 238, 240, 241, 243, 249, 251, 252, 253, 254, 256, 259, 264, 268, 272, 275, 277, 280, 282, 283, 287, 293, 294, 296, 298, 299, 303, 306, 311, 315, 317, 318, 323, 324, 325, 327, 329, 332, 333, 336, 338, 339, 340, 342, 346, 347, 348, 352, 353, 359, 360, 361, 362, 366, 370, 373, 377, 355, 155, 225, 273, 398, 153, 375, 214, 378, 16, 24, 142, 205, 72, 61, 173, 308, 117, 113, 48, 328, 234, 121, 302, 307, 83, 270, 3, 263, 63, 385, 127, 79, 68, 44, 188, 71, 18, 319, 217, 321, 190, 9, 169, 356, 87, 276, 349, 13, 394, 297, 380, 274, 69, 226, 184, 281, 305, 350, 45, 330, 244, 89, 290, 344, 43, 396, 376, 65, 194, 67, 211, 247, 393, 139, 219, 92, 160, 295, 60, 47, 372, 183, 96, 105, 140, 216, 258, 314, 130, 284, 14, 196, 55, 62, 326, 147, 368, 158, 265, 166, 389, 86, 138, 271, 255, 114, 80, 210, 128, 289, 82, 310, 52, 260, 32, 21, 199, 50, 364, 209, 28, 235, 208, 115, 206, 266, 383, 399, 141, 93, 250, 391, 191, 312, 239, 285, 36, 135, 363, 392, 163, 106, 334, 42, 215, 279, 236, 309, 99, 248, 341, 151, 382, 384, 386, 397, 400]
x_380: [2, 5, 6, 12, 15, 16, 17, 22, 24, 25, 28, 29, 30, 31, 35, 37, 38, 39, 41, 43, 45, 46, 49, 53, 57, 58, 62, 66, 71, 73, 74, 75, 81, 84, 90, 93, 94, 95, 98, 101, 102, 103, 104, 107, 110, 111, 113, 117, 118, 120, 126, 127, 129, 131, 133, 140, 145, 146, 152, 154, 155, 157, 159, 168, 170, 175, 181, 184, 185, 189, 190, 191, 193, 194, 195, 197, 200, 201, 204, 205, 208, 210, 213, 217, 220, 221, 224, 228, 232, 233, 235, 240, 242, 244, 246, 247, 248, 249, 250, 254, 255, 257, 261, 264, 269, 270, 273, 278, 280, 281, 283, 284, 285, 289, 293, 296, 300, 301, 303, 305, 308, 309, 310, 311, 315, 317, 319, 321, 323, 327, 328, 330, 334, 335, 338, 340, 341, 343, 344, 345, 346, 347, 348, 349, 352, 356, 359, 360, 361, 367, 370, 374, 375, 376, 378, 379, 148, 214, 77, 11, 306, 225, 141, 252, 234, 304, 292, 262, 122, 80, 373, 243, 302, 377, 44, 329, 114, 9, 229, 100, 54, 21, 134, 161, 276, 350, 230, 121, 381, 383, 384, 386, 387, 388, 389, 391, 400]
x_381: [1, 2, 3, 5, 6, 7, 9, 13, 14, 25, 35, 38, 40, 42, 45, 49, 53, 54, 57, 58, 63, 66, 68, 72, 73, 74, 79, 83, 84, 90, 91, 93, 97, 98, 99, 104, 110, 111, 112, 113, 123, 124, 127, 130, 134, 139, 140, 145, 146, 147, 148, 150, 151, 155, 158, 168, 169, 171, 172, 173, 175, 176, 180, 184, 187, 190, 193, 196, 198, 203, 204, 205, 206, 207, 209, 216, 218, 223, 224, 229, 230, 232, 234, 235, 236, 239, 240, 241, 242, 243, 244, 246, 248, 252, 255, 257, 260, 261, 263, 264, 267, 268, 272, 278, 280, 283, 284, 287, 293, 294, 296, 303, 311, 319, 323, 325, 340, 350, 351, 353, 359, 360, 367, 368, 370, 375, 376, 378, 89, 126, 128, 36, 157, 225, 374, 138, 182, 27, 215, 258, 361, 33, 153, 317, 219, 259, 354, 292, 384, 320, 304, 291, 305, 117, 92, 274, 383, 212, 299, 26, 318, 307, 4, 213, 380, 62, 286, 349, 188, 132, 250, 392, 324, 170, 166, 133, 199, 71, 390, 39, 102, 399, 377, 310, 265, 389, 41, 333, 119, 15, 61, 143, 253, 339, 31, 152, 191, 271, 106, 29, 347, 201, 21, 37, 85, 80, 192, 343, 65, 16, 214, 217, 355, 398, 77, 334, 316, 159, 28, 327, 335, 95, 129, 269, 238, 82, 321, 330, 178, 397, 338, 137, 174, 183, 385, 386, 391, 400]
x_382: [4, 5, 8, 10, 16, 18, 24, 25, 27, 29, 30, 31, 35, 37, 38, 41, 42, 43, 46, 51, 54, 55, 57, 58, 68, 70, 74, 76, 82, 83, 84, 87, 89, 90, 93, 100, 104, 108, 109, 110, 111, 115, 120, 122, 127, 131, 144, 147, 152, 153, 156, 157, 161, 162, 164, 166, 169, 171, 175, 186, 193, 194, 196, 197, 198, 199, 200, 208, 209, 210, 218, 219, 220, 222, 224, 228, 229, 230, 232, 234, 241, 243, 244, 245, 248, 251, 252, 255, 257, 259, 260, 268, 270, 272, 274, 275, 276, 279, 287, 290, 293, 299, 303, 305, 311, 313, 327, 332, 333, 334, 335, 336, 337, 340, 342, 343, 344, 345, 347, 350, 352, 353, 354, 359, 361, 365, 366, 370, 371, 372, 374, 376, 378, 346, 170, 97, 379, 98, 133, 123, 325, 106, 139, 214, 314, 17, 225, 63, 280, 288, 180, 184, 302, 212, 221, 240, 286, 72, 284, 135, 141, 331, 358, 395, 226, 383, 28, 316, 65, 375, 168, 323, 44, 60, 187, 165, 182, 238, 205, 142, 75, 45, 261, 112, 386, 256, 297, 294, 348, 384, 385, 387, 389, 392, 396, 397, 398]
x_383: [3, 4, 5, 6, 8, 10, 11, 13, 14, 16, 17, 26, 29, 31, 35, 46, 49, 51, 57, 70, 73, 75, 79, 87, 88, 89, 90, 92, 93, 95, 97, 98, 99, 102, 103, 104, 109, 110, 116, 120, 123, 126, 130, 131, 134, 140, 141, 147, 148, 153, 155, 156, 162, 168, 172, 173, 176, 177, 187, 189, 191, 193, 197, 200, 201, 211, 219, 220, 224, 226, 229, 230, 232, 234, 235, 241, 245, 246, 252, 253, 254, 255, 256, 257, 259, 260, 262, 272, 278, 280, 281, 289, 290, 293, 297, 300, 303, 306, 310, 312, 314, 315, 321, 323, 325, 327, 329, 330, 332, 333, 334, 335, 336, 337, 339, 346, 350, 351, 352, 353, 357, 361, 363, 365, 370, 373, 374, 375, 378, 379, 381, 382, 50, 341, 174, 237, 366, 20, 66, 149, 233, 377, 221, 328, 52, 270, 28, 78, 185, 181, 359, 74, 400, 340, 2, 214, 376, 55, 33, 266, 111, 264, 21, 82, 301, 136, 248, 311, 32, 203, 164, 244, 30, 299, 165, 223, 179, 384, 267, 208, 210, 59, 347, 222, 167, 68, 160, 380, 25, 305, 355, 394, 238, 385, 170, 108, 213, 239, 15, 292, 114, 205, 36, 372, 72, 9, 44, 288, 204, 48, 318, 161, 283, 146, 209, 27, 279, 163, 180, 317, 83, 139, 206, 39, 349, 360, 119, 77, 275, 63, 387, 389, 391, 392, 397]
x_384: [3, 4, 5, 6, 10, 11, 12, 13, 22, 24, 25, 31, 35, 38, 39, 41, 46, 54, 57, 59, 63, 66, 68, 69, 70, 73, 75, 82, 85, 88, 89, 93, 94, 97, 98, 101, 103, 104, 106, 111, 119, 120, 121, 123, 124, 125, 126, 129, 130, 131, 136, 140, 141, 144, 145, 146, 148, 152, 153, 154, 156, 161, 162, 169, 172, 177, 191, 193, 195, 196, 197, 201, 205, 210, 211, 213, 215, 216, 217, 219, 223, 224, 227, 230, 232, 233, 236, 238, 241, 243, 244, 245, 246, 247, 251, 252, 253, 254, 255, 259, 260, 261, 269, 276, 277, 280, 281, 285, 289, 290, 291, 292, 300, 304, 306, 308, 310, 311, 312, 314, 315, 316, 317, 318, 321, 322, 323, 327, 329, 330, 335, 338, 339, 342, 343, 346, 347, 348, 356, 358, 368, 372, 374, 376, 378, 381, 383, 16, 333, 107, 178, 249, 302, 250, 34, 67, 32, 127, 132, 366, 1, 143, 258, 398, 388, 332, 164, 23, 206, 256, 158, 239, 72, 307, 208, 294, 30, 228, 108, 100, 76, 297, 237, 173, 367, 212, 96, 220, 299, 301, 81, 61, 360, 328, 257, 58, 171, 397, 351, 386, 371, 86, 14, 71, 28, 112, 273, 2, 390, 166, 114, 214, 240, 186, 380, 8, 64, 377, 45, 165, 176, 27, 105, 47, 305, 135, 102, 50, 382, 159, 370, 198, 235, 99, 264, 160, 77, 151, 350, 65, 62, 226, 19, 262, 192, 179, 399, 288, 37, 207, 392, 79, 271, 74, 287, 365, 387, 199, 352, 95, 115, 361, 270, 184, 118, 138, 167, 149, 278, 340, 209, 109, 194, 400, 263, 142, 313, 331, 21, 168, 78, 7, 117, 319, 234, 337, 326, 36, 357, 225, 137, 354, 17, 116, 334, 320, 133, 349, 395, 394, 379, 362, 229, 55, 90, 202, 187, 272, 200, 385, 389, 391]
x_385: [3, 4, 6, 10, 12, 17, 20, 25, 29, 31, 35, 40, 46, 53, 54, 57, 58, 62, 64, 66, 69, 71, 73, 74, 81, 86, 88, 90, 94, 95, 97, 100, 101, 103, 104, 107, 109, 110, 111, 113, 124, 126, 129, 132, 134, 140, 145, 168, 170, 174, 185, 187, 190, 194, 195, 199, 202, 204, 206, 208, 216, 221, 224, 226, 229, 230, 231, 232, 234, 235, 238, 241, 243, 244, 245, 247, 253, 254, 255, 257, 258, 264, 265, 268, 269, 274, 279, 290, 292, 296, 297, 298, 304, 306, 307, 308, 310, 311, 312, 314, 318, 319, 320, 323, 325, 326, 329, 330, 333, 335, 338, 339, 340, 344, 345, 348, 351, 352, 358, 359, 361, 370, 376, 377, 379, 383, 384, 167, 38, 387, 366, 49, 281, 200, 85, 328, 106, 161, 196, 87, 102, 236, 70, 166, 171, 39, 322, 169, 184, 397, 363, 173, 56, 299, 309, 272, 375, 256, 215, 400, 192, 80, 288, 65, 386, 61, 19, 83, 262, 289, 178, 354, 357, 75, 159, 112, 334, 181, 30, 283, 389, 300, 356, 360, 364, 374, 5, 143, 55, 122, 130, 203, 44, 148, 332, 142, 176, 1, 137, 121, 59, 21, 220, 237, 201, 282, 222, 135, 183, 24, 84, 392, 156, 198, 240, 382, 162, 16, 15, 285, 371, 67, 341, 33, 251, 125, 147, 227, 91, 78, 45, 286, 93, 396, 372, 60, 365, 316, 48, 157, 381, 136, 219, 77, 120, 267, 278, 63, 337, 287, 284, 138, 355, 141, 212, 350, 239, 223, 36, 32, 189, 294, 131, 398, 301, 248, 388]
x_386: [3, 4, 5, 10, 13, 16, 17, 18, 26, 35, 38, 40, 41, 46, 49, 53, 54, 57, 58, 66, 68, 75, 79, 81, 84, 87, 93, 95, 98, 99, 101, 104, 105, 107, 111, 113, 122, 123, 127, 129, 131, 132, 136, 137, 139, 144, 153, 157, 161, 169, 170, 171, 173, 174, 177, 186, 190, 191, 192, 193, 194, 195, 201, 202, 204, 205, 206, 208, 209, 211, 220, 224, 231, 235, 240, 245, 246, 248, 251, 253, 254, 261, 264, 269, 276, 277, 282, 283, 287, 289, 290, 292, 293, 296, 297, 298, 300, 304, 308, 309, 311, 312, 313, 314, 315, 316, 318, 321, 328, 329, 330, 332, 335, 337, 339, 341, 347, 350, 352, 360, 364, 374, 377, 378, 382, 384, 385, 275, 397, 125, 50, 106, 80, 399, 73, 126, 85, 243, 146, 242, 343, 376, 67, 390, 366, 65, 260, 150, 320, 112, 148, 8, 392, 185, 116, 379, 24, 394, 380, 118, 336, 387, 295, 303, 259, 302, 307, 22, 226, 187, 165, 199, 164, 250, 83, 62, 218, 61, 338, 197, 198, 256, 310, 172, 278, 389, 143, 160, 39, 301, 77, 74, 71, 346, 398, 128, 69, 182, 33, 179, 100, 252, 20, 227, 176, 124, 138, 345, 14, 32, 216, 90, 52, 238, 258, 48, 43, 30, 120, 291, 255, 178, 244, 184, 249, 280, 323, 180, 159, 331, 221, 162, 372, 356, 327, 369, 149, 367, 237, 70, 96, 355, 9, 225, 121, 142, 88, 163, 27, 1, 381, 151, 306, 51, 222, 203, 145, 395, 212, 44, 214, 110, 166, 15, 223, 391, 393, 262, 34, 72, 56, 322, 368, 305, 42, 207, 141, 361, 134, 168, 357, 63, 78, 200, 21, 285, 400, 189, 156, 365, 219, 388]
x_387: [2, 9, 10, 12, 14, 20, 26, 27, 28, 29, 30, 31, 39, 40, 41, 43, 44, 46, 53, 55, 61, 65, 66, 68, 69, 75, 79, 81, 82, 84, 87, 90, 93, 94, 95, 97, 98, 101, 103, 108, 109, 113, 119, 120, 122, 123, 124, 125, 131, 133, 137, 144, 145, 147, 148, 149, 151, 153, 165, 169, 172, 173, 175, 184, 193, 194, 197, 202, 207, 210, 213, 216, 220, 223, 224, 227, 229, 230, 233, 240, 241, 243, 245, 246, 249, 252, 253, 254, 255, 257, 261, 262, 268, 277, 281, 284, 287, 294, 295, 297, 298, 300, 306, 308, 313, 314, 315, 316, 319, 321, 328, 329, 330, 335, 338, 342, 343, 352, 354, 356, 359, 364, 367, 372, 375, 377, 378, 384, 385, 386, 190, 276, 339, 259, 141, 5, 57, 155, 221, 376, 232, 34, 156, 51, 198, 167, 102, 47, 351, 83, 16, 32, 146, 168, 21, 18, 347, 136, 100, 305, 163, 258, 263, 117, 38, 349, 389, 183, 344, 142, 369, 17, 301, 374, 382, 237, 74, 174, 365, 215, 86, 36, 96, 157, 72, 357, 189, 11, 247, 191, 89, 192, 42, 160, 248, 371, 393, 211, 274, 309, 118, 366, 217, 127, 346, 88, 76, 139, 264, 161, 105, 380, 218, 201, 59, 143, 138, 185, 104, 304, 348, 323, 397, 269, 114, 303, 179, 236, 186, 310, 283, 288, 272, 106, 282, 45, 383, 242, 388, 394, 239, 360, 280, 115, 107, 291, 128, 325, 270, 395, 208, 390, 85, 180, 214, 327, 200, 317, 278, 289, 392, 400]
x_388: [3, 4, 6, 9, 10, 12, 16, 18, 27, 38, 40, 45, 46, 51, 53, 54, 57, 60, 66, 70, 73, 74, 75, 81, 83, 90, 91, 93, 95, 97, 98, 100, 101, 103, 104, 105, 110, 115, 117, 120, 123, 124, 126, 130, 131, 132, 134, 155, 158, 161, 162, 164, 168, 172, 173, 175, 180, 185, 187, 194, 195, 197, 200, 202, 205, 207, 210, 218, 221, 224, 227, 231, 232, 234, 235, 236, 238, 241, 242, 244, 247, 248, 252, 253, 254, 257, 258, 259, 260, 261, 262, 264, 277, 278, 284, 285, 290, 292, 293, 296, 301, 304, 305, 306, 311, 313, 317, 321, 323, 325, 335, 336, 338, 339, 342, 343, 344, 347, 352, 354, 356, 360, 369, 371, 384, 387, 47, 160, 275, 182, 1, 367, 24, 269, 76, 281, 283, 107, 31, 322, 71, 13, 208, 216, 249, 106, 380, 192, 166, 220, 315, 273, 349, 385, 361, 246, 346, 79, 49, 30, 324, 307, 85, 374, 143, 287, 310, 365, 251, 96, 320, 233, 122, 188, 128, 133, 226, 86, 362, 288, 282, 206, 150, 219, 298, 274, 151, 41, 398, 55, 265, 135, 14, 198, 276, 337, 340, 82, 397, 146, 163, 108, 223, 237, 351, 386, 199, 190, 228, 44, 250, 239, 399, 35, 61, 171, 50, 312, 68, 154, 5, 350, 327, 329, 11, 113, 297, 119, 23, 373, 345, 302, 183, 270, 266, 396, 32, 222, 52, 125, 26, 114, 157, 328, 72, 389, 400]
x_389: [3, 4, 5, 6, 7, 16, 17, 18, 21, 25, 29, 31, 35, 38, 39, 40, 41, 54, 58, 64, 67, 68, 70, 75, 78, 79, 81, 82, 83, 84, 85, 88, 89, 90, 91, 94, 95, 98, 99, 107, 111, 113, 115, 117, 118, 119, 120, 122, 124, 127, 129, 131, 132, 140, 144, 145, 147, 148, 151, 153, 161, 162, 163, 169, 170, 172, 173, 181, 185, 187, 191, 194, 197, 198, 205, 208, 223, 230, 233, 234, 238, 240, 242, 243, 244, 245, 247, 251, 253, 255, 257, 259, 260, 262, 264, 269, 272, 278, 280, 281, 283, 289, 294, 297, 298, 299, 300, 301, 303, 308, 311, 313, 314, 315, 319, 321, 327, 329, 330, 335, 339, 344, 348, 350, 354, 357, 365, 370, 373, 375, 377, 379, 381, 385, 386, 387, 11, 284, 126, 23, 57, 156, 359, 345, 352, 356, 316, 72, 62, 20, 326, 279, 22, 63, 100, 307, 310, 302, 139, 306, 37, 276, 249, 347, 165, 371, 202, 190, 183, 291, 204, 263, 210, 323, 36, 209, 258, 167, 160, 33, 246, 215, 19, 102, 236, 158, 176, 372, 76, 358, 86, 182, 322, 168, 367, 10, 128, 224, 384, 221, 285, 51, 304, 296, 343, 93, 293, 360, 290, 217, 361, 87, 268, 175, 380, 138, 55, 9, 32, 152, 232, 265, 52, 203, 353, 391, 378, 199, 219, 97, 192, 397, 309, 164, 200, 116, 274, 121, 59, 383, 394, 77, 80, 222, 15, 180, 137, 390, 351, 261, 103, 125, 325, 342, 229, 109, 355, 166, 400, 213, 105, 196, 96, 382, 186, 66, 47, 53, 179, 256, 254, 362, 34, 134, 174, 317, 157, 159, 237, 338, 225, 8, 206, 388, 26, 133, 46, 275, 44, 69, 110, 65, 216, 104, 201, 226, 252, 349, 48, 324, 292, 277, 1, 218, 392, 398]
x_390: [1, 4, 6, 7, 14, 28, 31, 35, 39, 40, 41, 44, 54, 55, 57, 58, 59, 66, 68, 70, 74, 75, 79, 82, 84, 93, 95, 97, 98, 101, 102, 104, 108, 109, 111, 113, 115, 116, 119, 123, 128, 131, 132, 140, 146, 147, 150, 151, 153, 156, 157, 161, 162, 168, 169, 170, 171, 173, 181, 185, 189, 193, 194, 199, 204, 205, 207, 208, 210, 219, 224, 228, 229, 230, 231, 234, 235, 236, 240, 241, 242, 244, 245, 248, 252, 254, 255, 259, 261, 272, 276, 281, 282, 283, 289, 292, 293, 294, 299, 301, 306, 311, 312, 318, 319, 327, 328, 330, 333, 334, 336, 339, 340, 347, 348, 353, 354, 359, 368, 372, 374, 376, 377, 378, 381, 384, 386, 387, 389, 332, 329, 175, 331, 201, 154, 263, 77, 256, 49, 325, 26, 45, 308, 394, 124, 178, 315, 61, 92, 280, 249, 51, 155, 107, 392]
x_391: [1, 3, 5, 9, 10, 15, 22, 25, 28, 38, 41, 53, 54, 57, 62, 63, 64, 66, 69, 71, 73, 74, 76, 79, 80, 84, 89, 94, 95, 97, 98, 99, 103, 104, 107, 113, 115, 116, 119, 120, 122, 123, 124, 128, 131, 134, 146, 147, 148, 150, 152, 153, 154, 161, 162, 169, 170, 171, 172, 174, 176, 187, 192, 193, 197, 202, 207, 210, 216, 218, 227, 228, 230, 231, 232, 233, 236, 239, 243, 244, 245, 252, 253, 254, 255, 256, 260, 261, 264, 269, 280, 284, 289, 290, 292, 293, 298, 301, 304, 306, 308, 310, 311, 313, 316, 319, 321, 325, 327, 329, 330, 332, 335, 339, 340, 341, 342, 344, 345, 346, 354, 356, 359, 366, 368, 370, 372, 374, 375, 378, 379, 386, 389, 194, 189, 242, 286, 259, 351, 211, 168, 324, 182, 126, 399, 234, 90, 21, 384, 367, 100, 58, 277, 137, 257, 288, 235, 127, 175, 302, 225, 121, 258, 50, 376, 26, 72, 215, 217, 222, 265, 163, 241, 8, 185, 110, 159, 45, 165, 59, 177, 369, 7, 173, 296, 364, 287, 205, 108, 11, 220, 238, 133, 78, 167, 132, 349, 294, 380, 229, 275, 27, 149, 267, 373, 392, 125, 106, 328, 383, 68, 88, 105, 117, 353, 200, 282, 285, 56, 272, 136, 180, 87, 348, 381, 347, 143, 55, 138, 111, 6, 158, 33, 394, 139, 223, 166, 24, 102, 141, 221, 37, 183, 190, 338, 101, 39, 240, 204, 268, 395, 248, 48]
x_392: [1, 11, 12, 14, 22, 24, 25, 27, 28, 29, 32, 35, 39, 40, 41, 46, 48, 53, 54, 55, 57, 58, 59, 60, 66, 68, 69, 70, 74, 81, 82, 84, 85, 88, 93, 94, 98, 102, 103, 105, 107, 109, 115, 123, 127, 128, 129, 133, 134, 136, 141, 145, 146, 147, 148, 151, 152, 155, 156, 157, 158, 161, 162, 171, 172, 174, 180, 185, 187, 191, 196, 201, 204, 206, 210, 211, 212, 216, 218, 221, 223, 228, 231, 232, 233, 235, 236, 238, 241, 243, 244, 249, 251, 252, 253, 257, 258, 261, 263, 264, 270, 278, 280, 282, 283, 286, 289, 291, 292, 294, 297, 300, 303, 304, 305, 306, 307, 308, 310, 311, 314, 315, 317, 318, 321, 328, 330, 334, 335, 336, 339, 340, 344, 346, 348, 350, 351, 352, 354, 360, 361, 365, 366, 369, 373, 377, 378, 379, 381, 384, 385, 386, 391, 111, 113, 319, 288, 169, 153, 139, 100, 347, 190, 138, 130, 49, 189, 246, 132, 8, 15, 163, 142, 75, 19, 36, 309, 325, 65, 79, 398, 316, 197, 117, 159, 144, 140, 259, 256, 64, 90, 166, 276, 368, 38, 371, 26, 4, 356, 202, 293, 160, 143, 124, 383, 326, 177, 364, 173, 260, 164, 226, 358, 131, 279, 397, 387, 106, 281, 215, 137, 92, 176, 73, 167, 322, 126, 393, 76, 21, 87, 284, 62, 77, 119, 42, 255, 47, 52, 10, 175, 331, 2, 302, 205, 375, 6, 389, 269, 18, 399, 99, 394, 217, 149, 362, 37, 343, 332, 199, 110, 165, 262, 208, 122, 222, 220, 207, 342, 182, 357, 183, 95, 320, 63, 382, 355, 268, 312, 178, 67, 17, 198, 229, 245, 108, 45, 287, 324, 230, 71, 170, 266, 200, 271, 3, 396, 61, 250, 193, 13, 179, 390, 296, 209, 272, 23, 30, 395, 400]
x_393: [1, 3, 4, 5, 8, 9, 10, 12, 20, 22, 26, 29, 32, 48, 53, 56, 57, 58, 59, 61, 63, 64, 71, 72, 73, 74, 75, 82, 84, 97, 98, 99, 101, 103, 104, 106, 107, 111, 113, 115, 116, 122, 125, 129, 131, 132, 134, 136, 142, 148, 151, 156, 162, 168, 169, 170, 171, 185, 189, 191, 193, 196, 197, 199, 201, 203, 205, 209, 219, 223, 224, 226, 229, 230, 232, 233, 234, 235, 236, 240, 241, 242, 243, 245, 248, 251, 256, 258, 261, 264, 268, 272, 275, 276, 278, 279, 281, 283, 287, 290, 292, 304, 308, 309, 312, 313, 314, 317, 319, 324, 325, 327, 328, 335, 336, 339, 340, 344, 346, 348, 352, 355, 359, 362, 366, 367, 368, 373, 377, 379, 386, 387, 392, 190, 399, 400]
x_394: [4, 6, 10, 11, 15, 18, 19, 20, 21, 27, 31, 34, 35, 37, 38, 40, 41, 43, 46, 50, 53, 54, 60, 61, 68, 70, 75, 81, 84, 88, 90, 91, 92, 95, 97, 98, 100, 101, 104, 107, 109, 111, 115, 119, 120, 121, 122, 127, 131, 143, 144, 155, 161, 162, 180, 181, 184, 185, 189, 191, 193, 194, 195, 198, 200, 201, 204, 206, 209, 210, 212, 219, 221, 223, 224, 229, 231, 232, 233, 234, 236, 238, 239, 240, 241, 244, 245, 252, 254, 259, 262, 265, 270, 272, 280, 284, 285, 286, 293, 295, 296, 306, 307, 312, 317, 321, 323, 324, 330, 332, 334, 337, 339, 342, 346, 348, 349, 351, 359, 360, 362, 368, 370, 375, 379, 383, 384, 386, 387, 389, 390, 391, 392, 327, 365, 263, 372, 268, 79, 69, 182, 62, 218, 132, 172, 126, 156, 344, 397, 400]
x_395: [2, 3, 6, 7, 9, 17, 18, 20, 24, 25, 28, 29, 31, 40, 41, 46, 57, 58, 60, 66, 68, 74, 80, 82, 83, 84, 86, 89, 90, 91, 93, 94, 95, 99, 100, 101, 103, 104, 108, 109, 110, 111, 115, 116, 117, 119, 120, 123, 124, 126, 129, 130, 131, 132, 134, 144, 150, 153, 156, 157, 158, 162, 168, 170, 171, 176, 180, 189, 191, 193, 197, 199, 204, 209, 216, 220, 221, 222, 225, 231, 233, 234, 236, 238, 240, 243, 244, 245, 247, 252, 253, 259, 260, 261, 268, 277, 278, 279, 283, 288, 289, 291, 292, 297, 303, 304, 306, 311, 312, 315, 316, 317, 319, 325, 327, 329, 332, 334, 336, 345, 346, 348, 350, 352, 353, 359, 360, 366, 367, 372, 374, 378, 382, 384, 386, 387, 391, 5, 392, 376, 106, 76, 23, 270, 397]
x_396: [6, 9, 14, 15, 17, 20, 21, 25, 26, 27, 29, 31, 35, 39, 41, 45, 46, 49, 53, 56, 57, 59, 60, 68, 71, 73, 81, 82, 83, 85, 86, 88, 89, 91, 98, 99, 101, 104, 108, 109, 111, 119, 123, 124, 131, 145, 147, 151, 153, 157, 158, 161, 162, 168, 169, 171, 172, 173, 174, 185, 187, 193, 194, 195, 202, 203, 204, 205, 216, 224, 229, 230, 231, 232, 235, 236, 237, 240, 241, 243, 244, 245, 251, 254, 255, 256, 259, 264, 268, 270, 279, 282, 284, 285, 286, 294, 296, 297, 298, 300, 301, 303, 304, 306, 310, 311, 313, 314, 315, 316, 325, 327, 328, 329, 332, 333, 336, 338, 339, 340, 342, 343, 344, 350, 352, 357, 358, 367, 374, 375, 377, 378, 379, 385, 388, 392, 206, 75, 323, 64, 191, 290, 7, 106, 28, 114, 305, 248, 222, 38, 293, 170, 143, 348, 221, 52, 154, 122, 40, 238, 100, 347, 77, 376, 141, 382, 372, 19, 217, 249, 253, 398, 318, 362, 320, 125, 351, 18, 208, 95, 355, 210, 330, 156, 214, 397, 400]
x_397: [6, 7, 9, 17, 18, 20, 25, 28, 29, 31, 38, 39, 40, 46, 47, 50, 54, 57, 58, 66, 73, 75, 79, 80, 81, 85, 86, 90, 92, 98, 100, 101, 103, 104, 105, 108, 109, 115, 119, 120, 121, 126, 127, 130, 136, 140, 145, 146, 149, 153, 157, 158, 163, 169, 171, 174, 175, 176, 181, 186, 187, 190, 193, 196, 198, 200, 203, 204, 206, 209, 211, 219, 226, 228, 230, 232, 233, 234, 236, 240, 241, 243, 244, 246, 247, 251, 252, 253, 254, 255, 257, 260, 264, 268, 269, 276, 277, 281, 283, 289, 290, 291, 292, 294, 297, 300, 304, 308, 311, 312, 313, 318, 319, 322, 323, 324, 325, 327, 329, 332, 333, 334, 335, 337, 338, 339, 340, 341, 342, 343, 344, 345, 354, 356, 364, 367, 368, 370, 372, 375, 377, 381, 384, 385, 386, 387, 388, 389, 392, 286, 235, 23, 68, 134, 207, 87, 99, 271, 396, 188, 306, 309, 299, 179, 216, 379, 227, 398, 382, 77, 258, 106, 331, 315, 51, 11, 36, 138, 102, 284, 328, 110, 326, 166, 122, 62, 170, 214, 242, 195, 310, 150, 35, 5, 164, 147, 347, 124, 117, 59, 118, 64, 305, 202, 42, 270, 295, 394, 224, 366, 72, 74, 248, 93, 201, 151, 162, 249, 376, 63, 142, 278, 137, 279, 95, 223, 229, 128, 111, 84, 96, 185, 273, 141, 123, 363, 212, 161, 330, 348, 218, 213, 139, 352, 272, 173, 184, 205, 217, 369, 167, 349, 395, 107, 15, 317, 89, 245, 378, 400, 238, 222, 261, 182, 132, 183, 60, 360, 362, 135, 225, 4, 383, 129, 280, 94, 168, 346, 45, 359, 239, 61, 155, 143]
x_398: [2, 3, 4, 6, 9, 10, 16, 19, 22, 25, 29, 31, 38, 41, 46, 49, 55, 57, 60, 63, 66, 72, 74, 75, 76, 79, 80, 81, 83, 85, 87, 88, 90, 93, 97, 98, 100, 101, 107, 109, 111, 113, 116, 122, 129, 131, 132, 140, 144, 146, 147, 151, 153, 169, 171, 172, 174, 177, 179, 189, 193, 195, 200, 201, 202, 204, 205, 207, 224, 226, 229, 230, 231, 232, 233, 234, 235, 237, 238, 242, 244, 245, 246, 247, 252, 253, 259, 260, 262, 263, 267, 270, 274, 275, 276, 278, 281, 283, 290, 291, 292, 293, 294, 301, 303, 304, 305, 308, 311, 312, 314, 324, 325, 326, 327, 328, 329, 330, 334, 335, 339, 342, 343, 344, 345, 346, 347, 352, 356, 358, 369, 371, 377, 379, 381, 384, 385, 386, 388, 392, 396, 397, 389, 216, 218, 382, 248, 65, 286, 258, 192, 164, 118, 117, 126, 225, 108, 319, 317, 211, 210, 119, 160, 400]
x_399: [2, 3, 4, 8, 9, 17, 24, 25, 27, 35, 38, 40, 41, 43, 44, 46, 49, 53, 59, 66, 69, 70, 71, 73, 74, 79, 84, 87, 88, 90, 91, 92, 100, 101, 104, 107, 109, 111, 114, 115, 119, 120, 122, 124, 125, 126, 127, 130, 134, 137, 139, 141, 145, 146, 147, 148, 150, 153, 154, 155, 157, 170, 173, 185, 189, 191, 193, 203, 204, 209, 210, 213, 216, 220, 224, 226, 229, 232, 233, 238, 240, 244, 247, 248, 252, 255, 257, 262, 264, 268, 278, 280, 285, 304, 306, 308, 310, 312, 313, 321, 324, 326, 327, 329, 332, 336, 339, 340, 342, 343, 345, 346, 347, 350, 352, 353, 359, 362, 370, 372, 374, 375, 377, 378, 379, 381, 384, 386, 388, 391, 392, 393, 223, 39, 228, 292, 246, 15, 177, 62, 99, 357, 361, 18, 60, 1, 30, 208, 32, 212, 319, 400]
x_400: [2, 3, 5, 9, 10, 12, 17, 21, 25, 26, 27, 29, 35, 36, 38, 39, 41, 46, 54, 59, 68, 69, 72, 75, 79, 81, 97, 99, 100, 101, 104, 105, 107, 115, 119, 120, 122, 123, 126, 127, 133, 134, 140, 144, 145, 148, 150, 153, 161, 162, 163, 168, 169, 172, 175, 176, 179, 180, 184, 191, 195, 200, 201, 204, 205, 207, 208, 209, 220, 221, 224, 225, 227, 231, 234, 236, 238, 239, 240, 243, 246, 248, 249, 251, 252, 253, 254, 260, 269, 276, 278, 283, 286, 290, 292, 297, 300, 303, 304, 305, 306, 311, 313, 314, 316, 317, 318, 319, 323, 324, 327, 330, 333, 336, 339, 344, 346, 347, 354, 359, 361, 364, 367, 370, 375, 376, 378, 383, 384, 385, 386, 389, 397, 170, 110, 20, 394, 109, 310, 363, 217, 341, 273, 16, 259, 157, 214, 116, 77, 242, 165, 368, 203, 396, 112, 193, 289, 13, 8, 56, 135, 166, 373, 230, 211, 132, 15, 264, 65, 48, 379, 194, 345, 202, 19, 34, 143, 50, 393, 398, 197, 152, 47, 141, 320, 215, 226, 138, 356, 95, 277, 241, 106, 244, 190, 89, 237, 57, 93, 298, 334, 352, 329, 117, 151, 392, 62, 268, 58, 212, 206, 84, 113, 199, 182, 53, 296, 82, 188, 349, 31, 213, 92, 1, 178, 137, 255, 381, 103, 164, 380, 315, 335, 362, 64, 85, 399, 266, 171, 388, 275, 358, 146, 312, 6, 223, 293, 295, 360, 139, 267, 387, 63, 326, 218, 74, 325, 87, 192, 96, 154, 299, 24, 284, 302, 343, 232, 129, 51, 250, 158, 229, 294, 66, 167, 173]