File_name,Problem type,Variables number,DD Type,Max Width,Is Reduced,Objective Type,Optimization Value,Construction Time,Reduce Time,Solution Time,Number Node,Number Arcs,Actual Max Width,Sort
f1_l-d_kp_10_269.txt,Knapsack,9,RelaxGrouping,500,True,max,253,0.0009,0.0004,7.390975952148438e-05,52,97,12,True
f1_l-d_kp_10_269.txt,Knapsack,9,RelaxGrouping,1000,True,max,253,0.0009,0.0004,7.104873657226562e-05,52,97,12,True
f1_l-d_kp_10_269.txt,Knapsack,9,RelaxGrouping,2000,True,max,253,0.0009,0.0004,7.367134094238281e-05,52,97,12,True
f1_l-d_kp_10_269.txt,Knapsack,9,RelaxGrouping,5000,True,max,253,0.0009,0.0004,7.2479248046875e-05,52,97,12,True
f1_l-d_kp_10_269.txt,Knapsack,9,RelaxGrouping,10000,True,max,253,0.0009,0.0004,7.43865966796875e-05,52,97,12,True
f1_l-d_kp_10_269.txt,Knapsack,9,RelaxGrouping,20000,True,max,253,0.0009,0.0004,8.678436279296875e-05,52,97,12,True
f1_l-d_kp_10_269.txt,Knapsack,9,RelaxGrouping,500,False,max,253,0.0009,na,0.0002887248992919922,352,614,143,True
f1_l-d_kp_10_269.txt,Knapsack,9,RelaxGrouping,1000,False,max,253,0.0009,na,0.0002853870391845703,352,614,143,True
f1_l-d_kp_10_269.txt,Knapsack,9,RelaxGrouping,2000,False,max,253,0.001,na,0.0003147125244140625,352,614,143,True
f1_l-d_kp_10_269.txt,Knapsack,9,RelaxGrouping,5000,False,max,253,0.0009,na,0.0002810955047607422,352,614,143,True
f1_l-d_kp_10_269.txt,Knapsack,9,RelaxGrouping,10000,False,max,253,0.0009,na,0.000293731689453125,352,614,143,True
f1_l-d_kp_10_269.txt,Knapsack,9,RelaxGrouping,20000,False,max,253,0.0009,na,0.0003147125244140625,352,614,143,True
f2_l-d_kp_20_878.txt,Knapsack,19,RelaxGrouping,500,True,max,990,0.0159,0.0046,0.00017118453979492188,190,368,20,True
f2_l-d_kp_20_878.txt,Knapsack,19,RelaxGrouping,1000,True,max,990,0.0192,0.0078,0.000263214111328125,314,616,36,True
f2_l-d_kp_20_878.txt,Knapsack,19,RelaxGrouping,2000,True,max,990,0.0192,0.0079,0.00028133392333984375,314,616,36,True
f2_l-d_kp_20_878.txt,Knapsack,19,RelaxGrouping,5000,True,max,990,0.0189,0.0077,0.0002589225769042969,314,616,36,True
f2_l-d_kp_20_878.txt,Knapsack,19,RelaxGrouping,10000,True,max,990,0.0182,0.0074,0.000255584716796875,314,616,36,True
f2_l-d_kp_20_878.txt,Knapsack,19,RelaxGrouping,20000,True,max,990,0.0193,0.0077,0.00028967857360839844,314,616,36,True
f2_l-d_kp_20_878.txt,Knapsack,19,RelaxGrouping,500,False,max,990,0.0156,na,0.0035889148712158203,4002,7960,500,True
f2_l-d_kp_20_878.txt,Knapsack,19,RelaxGrouping,1000,False,max,990,0.0186,na,0.005793571472167969,6732,13338,846,True
f2_l-d_kp_20_878.txt,Knapsack,19,RelaxGrouping,2000,False,max,990,0.019,na,0.005758047103881836,6732,13338,846,True
f2_l-d_kp_20_878.txt,Knapsack,19,RelaxGrouping,5000,False,max,990,0.0194,na,0.0059108734130859375,6732,13338,846,True
f2_l-d_kp_20_878.txt,Knapsack,19,RelaxGrouping,10000,False,max,990,0.0194,na,0.00574040412902832,6732,13338,846,True
f2_l-d_kp_20_878.txt,Knapsack,19,RelaxGrouping,20000,False,max,990,0.0188,na,0.005723714828491211,6732,13338,846,True
f3_l-d_kp_4_20.txt,Knapsack,3,RelaxGrouping,500,True,max,33,0.0001,0.0,2.7418136596679688e-05,4,6,1,True
f3_l-d_kp_4_20.txt,Knapsack,3,RelaxGrouping,1000,True,max,33,0.0001,0.0,2.9325485229492188e-05,4,6,1,True
f3_l-d_kp_4_20.txt,Knapsack,3,RelaxGrouping,2000,True,max,33,0.0001,0.0,2.9325485229492188e-05,4,6,1,True
f3_l-d_kp_4_20.txt,Knapsack,3,RelaxGrouping,5000,True,max,33,0.0001,0.0,2.86102294921875e-05,4,6,1,True
f3_l-d_kp_4_20.txt,Knapsack,3,RelaxGrouping,10000,True,max,33,0.0001,0.0001,3.0279159545898438e-05,4,6,1,True
f3_l-d_kp_4_20.txt,Knapsack,3,RelaxGrouping,20000,True,max,33,0.0001,0.0,3.0040740966796875e-05,4,6,1,True
f3_l-d_kp_4_20.txt,Knapsack,3,RelaxGrouping,500,False,max,33,0.0001,na,3.5762786865234375e-05,8,14,4,True
f3_l-d_kp_4_20.txt,Knapsack,3,RelaxGrouping,1000,False,max,33,0.0001,na,4.0531158447265625e-05,8,14,4,True
f3_l-d_kp_4_20.txt,Knapsack,3,RelaxGrouping,2000,False,max,33,0.0001,na,3.719329833984375e-05,8,14,4,True
f3_l-d_kp_4_20.txt,Knapsack,3,RelaxGrouping,5000,False,max,33,0.0001,na,4.220008850097656e-05,8,14,4,True
f3_l-d_kp_4_20.txt,Knapsack,3,RelaxGrouping,10000,False,max,33,0.0001,na,3.600120544433594e-05,8,14,4,True
f3_l-d_kp_4_20.txt,Knapsack,3,RelaxGrouping,20000,False,max,33,0.0001,na,4.100799560546875e-05,8,14,4,True
f4_l-d_kp_4_11.txt,Knapsack,3,RelaxGrouping,500,True,max,22,0.0001,0.0,3.218650817871094e-05,6,9,2,True
f4_l-d_kp_4_11.txt,Knapsack,3,RelaxGrouping,1000,True,max,22,0.0001,0.0,4.1484832763671875e-05,6,9,2,True
f4_l-d_kp_4_11.txt,Knapsack,3,RelaxGrouping,2000,True,max,22,0.0001,0.0,3.314018249511719e-05,6,9,2,True
f4_l-d_kp_4_11.txt,Knapsack,3,RelaxGrouping,5000,True,max,22,0.0001,0.0,3.0994415283203125e-05,6,9,2,True
f4_l-d_kp_4_11.txt,Knapsack,3,RelaxGrouping,10000,True,max,22,0.0001,0.0,3.075599670410156e-05,6,9,2,True
f4_l-d_kp_4_11.txt,Knapsack,3,RelaxGrouping,20000,True,max,22,0.0001,0.0,3.1948089599609375e-05,6,9,2,True
f4_l-d_kp_4_11.txt,Knapsack,3,RelaxGrouping,500,False,max,22,0.0001,na,3.4332275390625e-05,8,13,4,True
f4_l-d_kp_4_11.txt,Knapsack,3,RelaxGrouping,1000,False,max,22,0.0001,na,3.981590270996094e-05,8,13,4,True
f4_l-d_kp_4_11.txt,Knapsack,3,RelaxGrouping,2000,False,max,22,0.0001,na,3.6716461181640625e-05,8,13,4,True
f4_l-d_kp_4_11.txt,Knapsack,3,RelaxGrouping,5000,False,max,22,0.0001,na,4.00543212890625e-05,8,13,4,True
f4_l-d_kp_4_11.txt,Knapsack,3,RelaxGrouping,10000,False,max,22,0.0001,na,3.9577484130859375e-05,8,13,4,True
f4_l-d_kp_4_11.txt,Knapsack,3,RelaxGrouping,20000,False,max,22,0.0001,na,3.600120544433594e-05,8,13,4,True
f6_l-d_kp_10_60.txt,Knapsack,9,RelaxGrouping,500,True,max,52,0.0005,0.0002,6.29425048828125e-05,47,74,9,True
f6_l-d_kp_10_60.txt,Knapsack,9,RelaxGrouping,1000,True,max,52,0.0005,0.0002,6.29425048828125e-05,47,74,9,True
f6_l-d_kp_10_60.txt,Knapsack,9,RelaxGrouping,2000,True,max,52,0.0005,0.0002,7.200241088867188e-05,47,74,9,True
f6_l-d_kp_10_60.txt,Knapsack,9,RelaxGrouping,5000,True,max,52,0.0005,0.0002,6.604194641113281e-05,47,74,9,True
f6_l-d_kp_10_60.txt,Knapsack,9,RelaxGrouping,10000,True,max,52,0.0005,0.0002,6.437301635742188e-05,47,74,9,True
f6_l-d_kp_10_60.txt,Knapsack,9,RelaxGrouping,20000,True,max,52,0.0005,0.0002,6.437301635742188e-05,47,74,9,True
f6_l-d_kp_10_60.txt,Knapsack,9,RelaxGrouping,500,False,max,52,0.0005,na,0.00014543533325195312,161,302,49,True
f6_l-d_kp_10_60.txt,Knapsack,9,RelaxGrouping,1000,False,max,52,0.0005,na,0.00015163421630859375,161,302,49,True
f6_l-d_kp_10_60.txt,Knapsack,9,RelaxGrouping,2000,False,max,52,0.0005,na,0.0001499652862548828,161,302,49,True
f6_l-d_kp_10_60.txt,Knapsack,9,RelaxGrouping,5000,False,max,52,0.0005,na,0.00017309188842773438,161,302,49,True
f6_l-d_kp_10_60.txt,Knapsack,9,RelaxGrouping,10000,False,max,52,0.0005,na,0.0001614093780517578,161,302,49,True
f6_l-d_kp_10_60.txt,Knapsack,9,RelaxGrouping,20000,False,max,52,0.0005,na,0.00015115737915039062,161,302,49,True
f7_l-d_kp_7_50.txt,Knapsack,6,RelaxGrouping,500,True,max,107,0.0002,0.0001,4.601478576660156e-05,15,23,4,True
f7_l-d_kp_7_50.txt,Knapsack,6,RelaxGrouping,1000,True,max,107,0.0002,0.0001,5.3882598876953125e-05,15,23,4,True
f7_l-d_kp_7_50.txt,Knapsack,6,RelaxGrouping,2000,True,max,107,0.0002,0.0001,4.4345855712890625e-05,15,23,4,True
f7_l-d_kp_7_50.txt,Knapsack,6,RelaxGrouping,5000,True,max,107,0.0002,0.0001,4.1484832763671875e-05,15,23,4,True
f7_l-d_kp_7_50.txt,Knapsack,6,RelaxGrouping,10000,True,max,107,0.0002,0.0001,5.5789947509765625e-05,15,23,4,True
f7_l-d_kp_7_50.txt,Knapsack,6,RelaxGrouping,20000,True,max,107,0.0002,0.0001,4.029273986816406e-05,15,23,4,True
f7_l-d_kp_7_50.txt,Knapsack,6,RelaxGrouping,500,False,max,107,0.0002,na,6.699562072753906e-05,45,81,20,True
f7_l-d_kp_7_50.txt,Knapsack,6,RelaxGrouping,1000,False,max,107,0.0002,na,6.771087646484375e-05,45,81,20,True
f7_l-d_kp_7_50.txt,Knapsack,6,RelaxGrouping,2000,False,max,107,0.0002,na,6.914138793945312e-05,45,81,20,True
f7_l-d_kp_7_50.txt,Knapsack,6,RelaxGrouping,5000,False,max,107,0.0002,na,6.747245788574219e-05,45,81,20,True
f7_l-d_kp_7_50.txt,Knapsack,6,RelaxGrouping,10000,False,max,107,0.0002,na,7.128715515136719e-05,45,81,20,True
f7_l-d_kp_7_50.txt,Knapsack,6,RelaxGrouping,20000,False,max,107,0.0002,na,6.508827209472656e-05,45,81,20,True
f8_l-d_kp_23_10000.txt,Knapsack,22,RelaxGrouping,500,True,max,9767,0.0269,0.0068,0.00022482872009277344,214,412,19,True
f8_l-d_kp_23_10000.txt,Knapsack,22,RelaxGrouping,1000,True,max,9767,0.0348,0.0111,0.00020647048950195312,214,412,19,True
f8_l-d_kp_23_10000.txt,Knapsack,22,RelaxGrouping,2000,True,max,9767,0.0289,0.0121,0.0002243518829345703,214,412,19,True
f8_l-d_kp_23_10000.txt,Knapsack,22,RelaxGrouping,5000,True,max,9767,0.0292,0.0119,0.00021600723266601562,214,412,19,True
f8_l-d_kp_23_10000.txt,Knapsack,22,RelaxGrouping,10000,True,max,9767,0.0282,0.0115,0.00019502639770507812,214,412,19,True
f8_l-d_kp_23_10000.txt,Knapsack,22,RelaxGrouping,20000,True,max,9767,0.0287,0.0116,0.0002028942108154297,214,412,19,True
f8_l-d_kp_23_10000.txt,Knapsack,22,RelaxGrouping,500,False,max,9767,0.0267,na,0.004627227783203125,5874,11503,499,True
f8_l-d_kp_23_10000.txt,Knapsack,22,RelaxGrouping,1000,False,max,9767,0.034,na,0.007807731628417969,9139,17956,974,True
f8_l-d_kp_23_10000.txt,Knapsack,22,RelaxGrouping,2000,False,max,9767,0.0279,na,0.008407115936279297,10249,19613,1462,True
f8_l-d_kp_23_10000.txt,Knapsack,22,RelaxGrouping,5000,False,max,9767,0.0275,na,0.008447408676147461,10249,19613,1462,True
f8_l-d_kp_23_10000.txt,Knapsack,22,RelaxGrouping,10000,False,max,9767,0.0287,na,0.008983850479125977,10249,19613,1462,True
f8_l-d_kp_23_10000.txt,Knapsack,22,RelaxGrouping,20000,False,max,9767,0.028,na,0.008918523788452148,10249,19613,1462,True
f9_l-d_kp_5_80.txt,Knapsack,4,RelaxGrouping,500,True,max,130,0.0001,0.0,2.86102294921875e-05,5,8,1,True
f9_l-d_kp_5_80.txt,Knapsack,4,RelaxGrouping,1000,True,max,130,0.0001,0.0,3.2901763916015625e-05,5,8,1,True
f9_l-d_kp_5_80.txt,Knapsack,4,RelaxGrouping,2000,True,max,130,0.0001,0.0,3.170967102050781e-05,5,8,1,True
f9_l-d_kp_5_80.txt,Knapsack,4,RelaxGrouping,5000,True,max,130,0.0001,0.0,3.314018249511719e-05,5,8,1,True
f9_l-d_kp_5_80.txt,Knapsack,4,RelaxGrouping,10000,True,max,130,0.0001,0.0,3.719329833984375e-05,5,8,1,True
f9_l-d_kp_5_80.txt,Knapsack,4,RelaxGrouping,20000,True,max,130,0.0001,0.0001,3.1948089599609375e-05,5,8,1,True
f9_l-d_kp_5_80.txt,Knapsack,4,RelaxGrouping,500,False,max,130,0.0001,na,4.696846008300781e-05,16,30,8,True
f9_l-d_kp_5_80.txt,Knapsack,4,RelaxGrouping,1000,False,max,130,0.0001,na,4.696846008300781e-05,16,30,8,True
f9_l-d_kp_5_80.txt,Knapsack,4,RelaxGrouping,2000,False,max,130,0.0001,na,4.696846008300781e-05,16,30,8,True
f9_l-d_kp_5_80.txt,Knapsack,4,RelaxGrouping,5000,False,max,130,0.0001,na,4.863739013671875e-05,16,30,8,True
f9_l-d_kp_5_80.txt,Knapsack,4,RelaxGrouping,10000,False,max,130,0.0001,na,4.863739013671875e-05,16,30,8,True
f9_l-d_kp_5_80.txt,Knapsack,4,RelaxGrouping,20000,False,max,130,0.0001,na,4.601478576660156e-05,16,30,8,True
f10_l-d_kp_20_879.txt,Knapsack,19,RelaxGrouping,500,True,max,1010,0.0147,0.0042,0.00015020370483398438,145,284,14,True
f10_l-d_kp_20_879.txt,Knapsack,19,RelaxGrouping,1000,True,max,1010,0.0183,0.0073,0.00021576881408691406,217,429,23,True
f10_l-d_kp_20_879.txt,Knapsack,19,RelaxGrouping,2000,True,max,1010,0.0182,0.0074,0.0002052783966064453,217,429,23,True
f10_l-d_kp_20_879.txt,Knapsack,19,RelaxGrouping,5000,True,max,1010,0.0175,0.0069,0.0001995563507080078,217,429,23,True
f10_l-d_kp_20_879.txt,Knapsack,19,RelaxGrouping,10000,True,max,1010,0.0183,0.0072,0.00020074844360351562,217,429,23,True
f10_l-d_kp_20_879.txt,Knapsack,19,RelaxGrouping,20000,True,max,1010,0.0183,0.0076,0.000225067138671875,217,429,23,True
f10_l-d_kp_20_879.txt,Knapsack,19,RelaxGrouping,500,False,max,1010,0.0145,na,0.003417491912841797,3677,7324,499,True
f10_l-d_kp_20_879.txt,Knapsack,19,RelaxGrouping,1000,False,max,1010,0.0184,na,0.005234241485595703,6441,12781,852,True
f10_l-d_kp_20_879.txt,Knapsack,19,RelaxGrouping,2000,False,max,1010,0.0184,na,0.005273580551147461,6441,12781,852,True
f10_l-d_kp_20_879.txt,Knapsack,19,RelaxGrouping,5000,False,max,1010,0.0175,na,0.0050220489501953125,6441,12781,852,True
f10_l-d_kp_20_879.txt,Knapsack,19,RelaxGrouping,10000,False,max,1010,0.018,na,0.005287647247314453,6441,12781,852,True
f10_l-d_kp_20_879.txt,Knapsack,19,RelaxGrouping,20000,False,max,1010,0.0188,na,0.005403995513916016,6441,12781,852,True
knapPI_1_100_1000_1.txt,Knapsack,100,RelaxGrouping,500,True,max,14264,0.2039,0.0454,0.005917549133300781,4996,8442,82,True
knapPI_1_100_1000_1.txt,Knapsack,100,RelaxGrouping,1000,True,max,9147,0.2482,0.0758,0.027705907821655273,29462,46417,607,True
knapPI_1_100_1000_1.txt,Knapsack,100,RelaxGrouping,2000,True,max,9147,0.2424,0.0767,0.025862455368041992,29462,46417,607,True
knapPI_1_100_1000_1.txt,Knapsack,100,RelaxGrouping,5000,True,max,9147,0.2304,0.0761,0.024107933044433594,29462,46417,607,True
knapPI_1_100_1000_1.txt,Knapsack,100,RelaxGrouping,10000,True,max,9147,0.2138,0.075,0.024643659591674805,29462,46417,607,True
knapPI_1_100_1000_1.txt,Knapsack,100,RelaxGrouping,20000,True,max,9147,0.2241,0.0757,0.025247812271118164,29462,46417,607,True
knapPI_1_100_1000_1.txt,Knapsack,100,RelaxGrouping,500,False,max,14264,0.1903,na,0.02811145782470703,36887,55778,500,True
knapPI_1_100_1000_1.txt,Knapsack,100,RelaxGrouping,1000,False,max,9147,0.2359,na,0.10984182357788086,69024,97670,901,True
knapPI_1_100_1000_1.txt,Knapsack,100,RelaxGrouping,2000,False,max,9147,0.2445,na,0.11041951179504395,69024,97670,901,True
knapPI_1_100_1000_1.txt,Knapsack,100,RelaxGrouping,5000,False,max,9147,0.2426,na,0.11420154571533203,69024,97670,901,True
knapPI_1_100_1000_1.txt,Knapsack,100,RelaxGrouping,10000,False,max,9147,0.2421,na,0.11305499076843262,69024,97670,901,True
knapPI_1_100_1000_1.txt,Knapsack,100,RelaxGrouping,20000,False,max,9147,0.2314,na,0.08987927436828613,69024,97670,901,True
knapPI_1_200_1000_1.txt,Knapsack,200,RelaxGrouping,500,True,max,25414,0.4938,0.1003,0.015529394149780273,11008,19216,101,True
knapPI_1_200_1000_1.txt,Knapsack,200,RelaxGrouping,1000,True,max,11238,0.7847,0.1976,0.11671948432922363,115018,175226,812,True
knapPI_1_200_1000_1.txt,Knapsack,200,RelaxGrouping,2000,True,max,11238,0.7975,0.2028,0.12488794326782227,115018,175226,812,True
knapPI_1_200_1000_1.txt,Knapsack,200,RelaxGrouping,5000,True,max,11238,0.7902,0.1956,0.1254885196685791,115018,175226,812,True
knapPI_1_200_1000_1.txt,Knapsack,200,RelaxGrouping,10000,True,max,11238,0.7882,0.1984,0.12133383750915527,115018,175226,812,True
knapPI_1_200_1000_1.txt,Knapsack,200,RelaxGrouping,20000,True,max,11238,0.7828,0.1882,0.12504982948303223,115018,175226,812,True
knapPI_1_200_1000_1.txt,Knapsack,200,RelaxGrouping,500,False,max,25414,0.5273,na,0.13612151145935059,79105,123276,500,True
knapPI_1_200_1000_1.txt,Knapsack,200,RelaxGrouping,1000,False,max,11238,0.7541,na,0.1438758373260498,165252,238701,969,True
knapPI_1_200_1000_1.txt,Knapsack,200,RelaxGrouping,2000,False,max,11238,0.7888,na,0.14513802528381348,165252,238701,969,True
knapPI_1_200_1000_1.txt,Knapsack,200,RelaxGrouping,5000,False,max,11238,0.8041,na,0.1484382152557373,165252,238701,969,True
knapPI_1_200_1000_1.txt,Knapsack,200,RelaxGrouping,10000,False,max,11238,0.786,na,0.14620447158813477,165252,238701,969,True
knapPI_1_200_1000_1.txt,Knapsack,200,RelaxGrouping,20000,False,max,11238,0.7875,na,0.14330124855041504,165252,238701,969,True
knapPI_1_500_1000_1.txt,Knapsack,500,RelaxGrouping,500,True,max,33834,3.1868,0.4228,0.6726365089416504,208086,392656,471,True
knapPI_1_500_1000_1.txt,Knapsack,500,RelaxGrouping,1000,True,max,90446,5.1513,0.7777,0.5442447662353516,128747,225578,404,True
knapPI_1_500_1000_1.txt,Knapsack,500,RelaxGrouping,2000,True,max,195190,5.5083,0.8934,0.04735922813415527,28324,55640,329,True
knapPI_1_500_1000_1.txt,Knapsack,500,RelaxGrouping,5000,True,max,28857,8.4304,1.954,1.8306853771209717,1157326,2088653,2501,True
knapPI_1_500_1000_1.txt,Knapsack,500,RelaxGrouping,500,False,max,33834,3.7026,na,0.6858954429626465,245346,449565,500,True
knapPI_1_500_1000_1.txt,Knapsack,500,RelaxGrouping,10000,True,max,28857,8.4406,1.9892,1.879807949066162,1157326,2088653,2501,True
knapPI_1_500_1000_1.txt,Knapsack,500,RelaxGrouping,20000,True,max,28857,8.7766,2.0786,1.7646479606628418,1157326,2088653,2501,True
knapPI_1_500_1000_1.txt,Knapsack,500,RelaxGrouping,1000,False,max,90446,5.5896,na,1.0634114742279053,446630,814616,1000,True
knapPI_1_500_1000_1.txt,Knapsack,500,RelaxGrouping,2000,False,max,195190,5.5249,na,1.3080391883850098,559927,1070610,2000,True
knapPI_1_500_1000_1.txt,Knapsack,500,RelaxGrouping,5000,False,max,28857,8.6253,na,2.8830044269561768,1211059,2170114,2536,True
knapPI_1_500_1000_1.txt,Knapsack,500,RelaxGrouping,10000,False,max,28857,8.5555,na,2.887690782546997,1211059,2170114,2536,True
knapPI_1_500_1000_1.txt,Knapsack,500,RelaxGrouping,20000,False,max,28857,8.6164,na,3.005222797393799,1211059,2170114,2536,True
knapPI_1_1000_1000_1.txt,Knapsack,1000,RelaxGrouping,500,True,max,64996,8.7688,0.9385,1.3963358402252197,462968,894490,493,True
knapPI_1_1000_1000_1.txt,Knapsack,1000,RelaxGrouping,1000,True,max,63078,17.3845,2.0336,3.107374906539917,904610,1755716,971,True
knapPI_1_1000_1000_1.txt,Knapsack,1000,RelaxGrouping,2000,True,max,297518,27.3659,3.7675,1.212486743927002,662325,1255084,1004,True
knapPI_1_1000_1000_1.txt,Knapsack,1000,RelaxGrouping,500,False,max,64996,9.5799,na,1.3228695392608643,495846,944390,500,True
knapPI_1_1000_1000_1.txt,Knapsack,1000,RelaxGrouping,1000,False,max,63078,17.7228,na,3.031733512878418,989964,1894590,1000,True
knapPI_1_1000_1000_1.txt,Knapsack,1000,RelaxGrouping,5000,True,max,54503,41.1286,10.9539,16.26298689842224,4814265,9166545,4989,True
knapPI_1_1000_1000_1.txt,Knapsack,1000,RelaxGrouping,10000,True,max,54503,40.7743,10.614,16.073633670806885,4814265,9166545,4989,True
knapPI_1_1000_1000_1.txt,Knapsack,1000,RelaxGrouping,20000,True,max,54503,40.8941,10.4252,15.929930686950684,4814265,9166545,4989,True
knapPI_1_1000_1000_1.txt,Knapsack,1000,RelaxGrouping,2000,False,max,297518,28.9798,na,5.595348358154297,1777059,3393853,2000,True
knapPI_1_2000_1000_1.txt,Knapsack,2000,RelaxGrouping,500,True,max,152312,24.4117,1.9763,3.067601203918457,957333,1880025,499,True
knapPI_1_1000_1000_1.txt,Knapsack,1000,RelaxGrouping,5000,False,max,54503,40.6769,na,14.937169790267944,4908801,9318236,4999,True
knapPI_1_1000_1000_1.txt,Knapsack,1000,RelaxGrouping,10000,False,max,54503,39.6008,na,15.592302083969116,4908801,9318236,4999,True
knapPI_1_1000_1000_1.txt,Knapsack,1000,RelaxGrouping,20000,False,max,54503,40.9196,na,15.757339715957642,4908801,9318236,4999,True
knapPI_1_2000_1000_1.txt,Knapsack,2000,RelaxGrouping,1000,True,max,132923,46.3067,4.6385,7.325453281402588,1900824,3738437,989,True
knapPI_1_2000_1000_1.txt,Knapsack,2000,RelaxGrouping,500,False,max,152312,24.0886,na,2.5261456966400146,995875,1943519,500,True
knapPI_1_2000_1000_1.txt,Knapsack,2000,RelaxGrouping,2000,True,max,124347,93.2492,9.8327,14.875569343566895,3746089,7383956,1958,True
knapPI_1_2000_1000_1.txt,Knapsack,2000,RelaxGrouping,1000,False,max,132923,48.3553,na,6.520024061203003,1990625,3886139,1000,True
knapPI_1_2000_1000_1.txt,Knapsack,2000,RelaxGrouping,5000,True,max,947570,108.7904,16.8648,1.3206839561462402,763249,1489853,935,True
knapPI_1_2000_1000_1.txt,Knapsack,2000,RelaxGrouping,2000,False,max,124347,99.8799,na,14.464477777481079,3977149,7782758,2000,True
knapPI_1_2000_1000_1.txt,Knapsack,2000,RelaxGrouping,5000,False,max,947570,116.4261,na,25.39604139328003,7406949,14482614,5000,True
knapPI_1_2000_1000_1.txt,Knapsack,2000,RelaxGrouping,10000,True,max,336943,177.6951,47.8073,60.48017930984497,16301006,31966473,9969,True
knapPI_1_2000_1000_1.txt,Knapsack,2000,RelaxGrouping,10000,False,max,336943,185.6089,na,62.46305561065674,18216820,35555022,10000,True
knapPI_1_5000_1000_1.txt,Knapsack,5000,RelaxGrouping,500,True,max,509590,102.5174,4.7468,3.216951370239258,2430930,4823692,500,True
knapPI_1_2000_1000_1.txt,Knapsack,2000,RelaxGrouping,20000,False,max,110625,173.3236,na,65.64331483840942,19838765,38676979,10012,True
knapPI_1_5000_1000_1.txt,Knapsack,5000,RelaxGrouping,1000,True,max,403955,155.0293,10.9859,15.64516568183899,4853624,9636709,998,True
knapPI_1_5000_1000_1.txt,Knapsack,5000,RelaxGrouping,500,False,max,509590,102.358,na,2.86965012550354,2495863,4942764,500,True
knapPI_1_5000_1000_1.txt,Knapsack,5000,RelaxGrouping,1000,False,max,403955,158.1539,na,14.822378635406494,4990659,9884502,1000,True
knapPI_2_100_1000_1.txt,Knapsack,100,RelaxGrouping,500,True,max,4277,0.217,0.0468,0.006445884704589844,4996,8442,82,True
knapPI_2_100_1000_1.txt,Knapsack,100,RelaxGrouping,1000,True,max,1514,0.2654,0.0853,0.03365206718444824,29462,46417,607,True
knapPI_2_100_1000_1.txt,Knapsack,100,RelaxGrouping,2000,True,max,1514,0.2625,0.082,0.03211259841918945,29462,46417,607,True
knapPI_2_100_1000_1.txt,Knapsack,100,RelaxGrouping,5000,True,max,1514,0.2665,0.0826,0.03361058235168457,29462,46417,607,True
knapPI_2_100_1000_1.txt,Knapsack,100,RelaxGrouping,10000,True,max,1514,0.256,0.0799,0.03123760223388672,29462,46417,607,True
knapPI_2_100_1000_1.txt,Knapsack,100,RelaxGrouping,20000,True,max,1514,0.2634,0.0843,0.0335392951965332,29462,46417,607,True
knapPI_2_100_1000_1.txt,Knapsack,100,RelaxGrouping,500,False,max,4277,0.2192,na,0.03414273262023926,36887,55778,500,True
knapPI_2_100_1000_1.txt,Knapsack,100,RelaxGrouping,1000,False,max,1514,0.2707,na,0.1175084114074707,69024,97670,901,True
knapPI_2_100_1000_1.txt,Knapsack,100,RelaxGrouping,2000,False,max,1514,0.2656,na,0.11484193801879883,69024,97670,901,True
knapPI_2_100_1000_1.txt,Knapsack,100,RelaxGrouping,5000,False,max,1514,0.2593,na,0.11249613761901855,69024,97670,901,True
knapPI_2_100_1000_1.txt,Knapsack,100,RelaxGrouping,10000,False,max,1514,0.2624,na,0.1177816390991211,69024,97670,901,True
knapPI_2_100_1000_1.txt,Knapsack,100,RelaxGrouping,20000,False,max,1514,0.2618,na,0.11707091331481934,69024,97670,901,True
knapPI_2_200_1000_1.txt,Knapsack,200,RelaxGrouping,500,True,max,9351,0.5566,0.1076,0.017111778259277344,11008,19216,101,True
knapPI_2_200_1000_1.txt,Knapsack,200,RelaxGrouping,1000,True,max,1634,0.8662,0.2052,0.1295316219329834,115018,175226,812,True
knapPI_2_200_1000_1.txt,Knapsack,200,RelaxGrouping,2000,True,max,1634,0.8484,0.2057,0.12964868545532227,115018,175226,812,True
knapPI_2_200_1000_1.txt,Knapsack,200,RelaxGrouping,5000,True,max,1634,0.8675,0.2072,0.13162517547607422,115018,175226,812,True
knapPI_2_200_1000_1.txt,Knapsack,200,RelaxGrouping,10000,True,max,1634,0.8503,0.2093,0.1298832893371582,115018,175226,812,True
knapPI_2_200_1000_1.txt,Knapsack,200,RelaxGrouping,20000,True,max,1634,0.8649,0.2046,0.1276404857635498,115018,175226,812,True
knapPI_2_200_1000_1.txt,Knapsack,200,RelaxGrouping,500,False,max,9351,0.5399,na,0.1467599868774414,79105,123276,500,True
knapPI_2_200_1000_1.txt,Knapsack,200,RelaxGrouping,1000,False,max,1634,0.8657,na,0.15274691581726074,165252,238701,969,True
knapPI_2_200_1000_1.txt,Knapsack,200,RelaxGrouping,2000,False,max,1634,0.8432,na,0.15036630630493164,165252,238701,969,True
knapPI_2_200_1000_1.txt,Knapsack,200,RelaxGrouping,5000,False,max,1634,0.864,na,0.15614628791809082,165252,238701,969,True
knapPI_2_200_1000_1.txt,Knapsack,200,RelaxGrouping,10000,False,max,1634,0.8461,na,0.1519632339477539,165252,238701,969,True
knapPI_2_200_1000_1.txt,Knapsack,200,RelaxGrouping,20000,False,max,1634,0.8598,na,0.1535472869873047,165252,238701,969,True
knapPI_2_500_1000_1.txt,Knapsack,500,RelaxGrouping,500,True,max,6171,3.304,0.4315,0.6801106929779053,208086,392656,471,True
knapPI_2_500_1000_1.txt,Knapsack,500,RelaxGrouping,1000,True,max,42924,5.2636,0.7908,0.546898365020752,128747,225578,404,True
knapPI_2_500_1000_1.txt,Knapsack,500,RelaxGrouping,2000,True,max,163745,5.5681,0.9162,0.04956173896789551,28324,55640,329,True
knapPI_2_500_1000_1.txt,Knapsack,500,RelaxGrouping,5000,True,max,4566,8.3616,1.995,1.8001463413238525,1157326,2088653,2501,True
knapPI_2_500_1000_1.txt,Knapsack,500,RelaxGrouping,10000,True,max,4566,8.4373,2.0064,1.743647575378418,1157326,2088653,2501,True
knapPI_2_500_1000_1.txt,Knapsack,500,RelaxGrouping,500,False,max,6171,3.2514,na,0.5478959083557129,245346,449565,500,True
knapPI_2_500_1000_1.txt,Knapsack,500,RelaxGrouping,1000,False,max,42924,5.2708,na,1.0570261478424072,446630,814616,1000,True
knapPI_2_500_1000_1.txt,Knapsack,500,RelaxGrouping,20000,True,max,4566,8.5876,2.0164,1.6988086700439453,1157326,2088653,2501,True
knapPI_2_500_1000_1.txt,Knapsack,500,RelaxGrouping,2000,False,max,163745,5.4586,na,1.25266695022583,559927,1070610,2000,True
knapPI_2_500_1000_1.txt,Knapsack,500,RelaxGrouping,5000,False,max,4566,8.5182,na,2.8932840824127197,1211059,2170114,2536,True
knapPI_2_500_1000_1.txt,Knapsack,500,RelaxGrouping,10000,False,max,4566,8.6573,na,2.8602800369262695,1211059,2170114,2536,True
knapPI_2_500_1000_1.txt,Knapsack,500,RelaxGrouping,20000,False,max,4566,8.6838,na,2.8799870014190674,1211059,2170114,2536,True
knapPI_2_1000_1000_1.txt,Knapsack,1000,RelaxGrouping,500,True,max,12305,8.7977,0.9106,1.3453114032745361,462968,894490,493,True
knapPI_2_1000_1000_1.txt,Knapsack,1000,RelaxGrouping,1000,True,max,11879,17.1136,2.0769,3.083301305770874,904610,1755716,971,True
knapPI_2_1000_1000_1.txt,Knapsack,1000,RelaxGrouping,2000,True,max,216022,27.0836,3.6399,1.1323740482330322,662325,1255084,1004,True
knapPI_2_1000_1000_1.txt,Knapsack,1000,RelaxGrouping,500,False,max,12305,8.6623,na,1.1551542282104492,495846,944390,500,True
knapPI_2_1000_1000_1.txt,Knapsack,1000,RelaxGrouping,5000,True,max,9052,38.6099,9.9097,13.696824073791504,4814265,9166545,4989,True
knapPI_2_1000_1000_1.txt,Knapsack,1000,RelaxGrouping,10000,True,max,9052,38.4259,9.7358,13.697459697723389,4814265,9166545,4989,True
knapPI_2_1000_1000_1.txt,Knapsack,1000,RelaxGrouping,1000,False,max,11879,16.9592,na,2.806535243988037,989964,1894590,1000,True
knapPI_2_1000_1000_1.txt,Knapsack,1000,RelaxGrouping,20000,True,max,9052,37.5115,9.6828,13.713955402374268,4814265,9166545,4989,True
knapPI_2_1000_1000_1.txt,Knapsack,1000,RelaxGrouping,2000,False,max,216022,27.4432,na,4.903852224349976,1777059,3393853,2000,True
knapPI_2_1000_1000_1.txt,Knapsack,1000,RelaxGrouping,5000,False,max,9052,38.7749,na,13.625224113464355,4908801,9318236,4999,True
knapPI_2_1000_1000_1.txt,Knapsack,1000,RelaxGrouping,10000,False,max,9052,38.7817,na,13.777518272399902,4908801,9318236,4999,True
knapPI_2_2000_1000_1.txt,Knapsack,2000,RelaxGrouping,500,True,max,31374,24.2288,1.8262,2.6867823600769043,957333,1880025,499,True
knapPI_2_1000_1000_1.txt,Knapsack,1000,RelaxGrouping,20000,False,max,9052,37.8057,na,13.387580394744873,4908801,9318236,4999,True
knapPI_2_2000_1000_1.txt,Knapsack,2000,RelaxGrouping,1000,True,max,24534,44.494,4.2761,6.402555227279663,1900824,3738437,989,True
knapPI_2_2000_1000_1.txt,Knapsack,2000,RelaxGrouping,500,False,max,31374,24.0261,na,2.356635332107544,995875,1943519,500,True
knapPI_2_2000_1000_1.txt,Knapsack,2000,RelaxGrouping,2000,True,max,23443,91.6645,9.5853,13.76749849319458,3746089,7383956,1958,True
knapPI_2_2000_1000_1.txt,Knapsack,2000,RelaxGrouping,5000,True,max,934626,104.3177,15.5629,1.2313857078552246,763249,1489853,935,True
knapPI_2_2000_1000_1.txt,Knapsack,2000,RelaxGrouping,1000,False,max,24534,44.2483,na,6.2015745639801025,1990625,3886139,1000,True
knapPI_2_2000_1000_1.txt,Knapsack,2000,RelaxGrouping,2000,False,max,23443,97.4438,na,15.17919659614563,3977149,7782758,2000,True
knapPI_2_2000_1000_1.txt,Knapsack,2000,RelaxGrouping,10000,True,max,152001,163.68,43.684,57.11872458457947,16301006,31966473,9969,True
knapPI_2_2000_1000_1.txt,Knapsack,2000,RelaxGrouping,5000,False,max,934626,113.6149,na,24.519222259521484,7406949,14482614,5000,True
knapPI_2_2000_1000_1.txt,Knapsack,2000,RelaxGrouping,20000,True,max,18051,170.9902,42.1081,67.49582743644714,19654017,38355155,10008,True
knapPI_2_2000_1000_1.txt,Knapsack,2000,RelaxGrouping,10000,False,max,152001,184.949,na,64.86978912353516,18216820,35555022,10000,True
knapPI_2_5000_1000_1.txt,Knapsack,5000,RelaxGrouping,500,True,max,132785,102.809,4.7656,3.2604784965515137,2430930,4823692,500,True
knapPI_2_5000_1000_1.txt,Knapsack,5000,RelaxGrouping,1000,True,max,86680,155.5648,10.9867,15.523568153381348,4853624,9636709,998,True
knapPI_2_2000_1000_1.txt,Knapsack,2000,RelaxGrouping,20000,False,max,18051,175.4673,na,61.651758909225464,19838765,38676979,10012,True
knapPI_2_5000_1000_1.txt,Knapsack,5000,RelaxGrouping,500,False,max,132785,102.3984,na,2.9794185161590576,2495863,4942764,500,True
knapPI_2_5000_1000_1.txt,Knapsack,5000,RelaxGrouping,1000,False,max,86680,158.61,na,14.755901098251343,4990659,9884502,1000,True
knapPI_3_100_1000_1.txt,Knapsack,100,RelaxGrouping,500,True,max,5136,0.1975,0.0445,0.006826639175415039,5488,8887,96,True
knapPI_3_100_1000_1.txt,Knapsack,100,RelaxGrouping,1000,True,max,2397,0.2565,0.0745,0.03484702110290527,31904,46338,621,True
knapPI_3_100_1000_1.txt,Knapsack,100,RelaxGrouping,2000,True,max,2397,0.2397,0.0734,0.03152060508728027,31904,46338,621,True
knapPI_3_100_1000_1.txt,Knapsack,100,RelaxGrouping,5000,True,max,2397,0.2421,0.0747,0.03445267677307129,31904,46338,621,True
knapPI_3_100_1000_1.txt,Knapsack,100,RelaxGrouping,10000,True,max,2397,0.2462,0.0747,0.03354692459106445,31904,46338,621,True
knapPI_3_100_1000_1.txt,Knapsack,100,RelaxGrouping,20000,True,max,2397,0.2468,0.0735,0.03393292427062988,31904,46338,621,True
knapPI_3_100_1000_1.txt,Knapsack,100,RelaxGrouping,500,False,max,5136,0.1963,na,0.03229498863220215,36370,52774,500,True
knapPI_3_100_1000_1.txt,Knapsack,100,RelaxGrouping,1000,False,max,2397,0.2503,na,0.05581259727478027,63104,86759,921,True
knapPI_3_100_1000_1.txt,Knapsack,100,RelaxGrouping,2000,False,max,2397,0.247,na,0.05482673645019531,63104,86759,921,True
knapPI_3_100_1000_1.txt,Knapsack,100,RelaxGrouping,5000,False,max,2397,0.2431,na,0.0537874698638916,63104,86759,921,True
knapPI_3_100_1000_1.txt,Knapsack,100,RelaxGrouping,10000,False,max,2397,0.2457,na,0.05503964424133301,63104,86759,921,True
knapPI_3_100_1000_1.txt,Knapsack,100,RelaxGrouping,20000,False,max,2397,0.2405,na,0.05663323402404785,63104,86759,921,True
knapPI_3_200_1000_1.txt,Knapsack,200,RelaxGrouping,500,True,max,11785,0.5563,0.1047,0.017058372497558594,11836,20357,108,True
knapPI_3_200_1000_1.txt,Knapsack,200,RelaxGrouping,1000,True,max,2697,0.7239,0.1972,0.22378826141357422,109743,165317,799,True
knapPI_3_200_1000_1.txt,Knapsack,200,RelaxGrouping,2000,True,max,2697,0.7104,0.1938,0.22693991661071777,109743,165317,799,True
knapPI_3_200_1000_1.txt,Knapsack,200,RelaxGrouping,5000,True,max,2697,0.7206,0.1967,0.2285904884338379,109743,165317,799,True
knapPI_3_200_1000_1.txt,Knapsack,200,RelaxGrouping,10000,True,max,2697,0.7142,0.1948,0.22538113594055176,109743,165317,799,True
knapPI_3_200_1000_1.txt,Knapsack,200,RelaxGrouping,20000,True,max,2697,0.7142,0.1966,0.22498273849487305,109743,165317,799,True
knapPI_3_200_1000_1.txt,Knapsack,200,RelaxGrouping,500,False,max,11785,0.5454,na,0.14515924453735352,78788,122254,500,True
knapPI_3_200_1000_1.txt,Knapsack,200,RelaxGrouping,1000,False,max,2697,0.7292,na,0.25316882133483887,157435,227151,956,True
knapPI_3_200_1000_1.txt,Knapsack,200,RelaxGrouping,2000,False,max,2697,0.7164,na,0.257493257522583,157435,227151,956,True
knapPI_3_200_1000_1.txt,Knapsack,200,RelaxGrouping,5000,False,max,2697,0.73,na,0.26168179512023926,157435,227151,956,True
knapPI_3_200_1000_1.txt,Knapsack,200,RelaxGrouping,10000,False,max,2697,0.7252,na,0.2616238594055176,157435,227151,956,True
knapPI_3_200_1000_1.txt,Knapsack,200,RelaxGrouping,20000,False,max,2697,0.7206,na,0.25471973419189453,157435,227151,956,True
knapPI_3_500_1000_1.txt,Knapsack,500,RelaxGrouping,500,True,max,8929,3.3516,0.4286,0.6777553558349609,208494,393395,476,True
knapPI_3_500_1000_1.txt,Knapsack,500,RelaxGrouping,1000,True,max,53383,5.3025,0.7984,0.5864694118499756,135492,240100,495,True
knapPI_3_500_1000_1.txt,Knapsack,500,RelaxGrouping,2000,True,max,184022,5.4088,0.9245,0.05724668502807617,33191,65202,303,True
knapPI_3_500_1000_1.txt,Knapsack,500,RelaxGrouping,5000,True,max,7117,8.3746,1.8698,1.7500221729278564,1142170,2060648,2489,True
knapPI_3_500_1000_1.txt,Knapsack,500,RelaxGrouping,10000,True,max,7117,8.4132,1.9072,1.6938986778259277,1142170,2060648,2489,True
knapPI_3_500_1000_1.txt,Knapsack,500,RelaxGrouping,500,False,max,8929,3.2993,na,0.5627753734588623,245285,449835,500,True
knapPI_3_500_1000_1.txt,Knapsack,500,RelaxGrouping,1000,False,max,53383,5.3238,na,1.060236930847168,447994,817605,1000,True
knapPI_3_500_1000_1.txt,Knapsack,500,RelaxGrouping,20000,True,max,7117,8.5355,1.9045,1.7736163139343262,1142170,2060648,2489,True
knapPI_3_500_1000_1.txt,Knapsack,500,RelaxGrouping,2000,False,max,184022,5.4028,na,1.2858860492706299,563256,1066206,2000,True
knapPI_3_500_1000_1.txt,Knapsack,500,RelaxGrouping,5000,False,max,7117,8.5696,na,1.7436938285827637,1193303,2137391,2513,True
knapPI_3_500_1000_1.txt,Knapsack,500,RelaxGrouping,10000,False,max,7117,8.583,na,1.7118513584136963,1193303,2137391,2513,True
knapPI_3_500_1000_1.txt,Knapsack,500,RelaxGrouping,20000,False,max,7117,8.6351,na,1.7128939628601074,1193303,2137391,2513,True
knapPI_3_1000_1000_1.txt,Knapsack,1000,RelaxGrouping,500,True,max,18880,8.795,0.8958,1.3195340633392334,463106,894924,494,True
knapPI_3_1000_1000_1.txt,Knapsack,1000,RelaxGrouping,1000,True,max,18082,17.1488,2.0548,3.1449756622314453,904757,1755148,970,True
knapPI_3_1000_1000_1.txt,Knapsack,1000,RelaxGrouping,2000,True,max,251609,27.6164,3.722,1.2192833423614502,680610,1288107,1112,True
knapPI_3_1000_1000_1.txt,Knapsack,1000,RelaxGrouping,500,False,max,18880,8.6908,na,1.1641418933868408,495718,944895,500,True
knapPI_3_1000_1000_1.txt,Knapsack,1000,RelaxGrouping,5000,True,max,14390,38.4228,9.7886,13.91797924041748,4805875,9145335,4982,True
knapPI_3_1000_1000_1.txt,Knapsack,1000,RelaxGrouping,10000,True,max,14390,38.2192,10.0316,13.744879007339478,4805875,9145335,4982,True
knapPI_3_1000_1000_1.txt,Knapsack,1000,RelaxGrouping,1000,False,max,18082,17.0718,na,2.764399766921997,989664,1894488,1000,True
knapPI_3_1000_1000_1.txt,Knapsack,1000,RelaxGrouping,20000,True,max,14390,37.8103,9.7262,13.963131189346313,4805875,9145335,4982,True
knapPI_3_1000_1000_1.txt,Knapsack,1000,RelaxGrouping,2000,False,max,251609,27.3553,na,4.881753206253052,1780570,3399473,2000,True
knapPI_3_1000_1000_1.txt,Knapsack,1000,RelaxGrouping,5000,False,max,14390,39.0136,na,13.574909210205078,4891978,9286039,4988,True
knapPI_3_1000_1000_1.txt,Knapsack,1000,RelaxGrouping,10000,False,max,14390,38.6282,na,13.565320014953613,4891978,9286039,4988,True
knapPI_3_2000_1000_1.txt,Knapsack,2000,RelaxGrouping,500,True,max,46592,23.8971,1.7982,2.67024564743042,955715,1876847,497,True
knapPI_3_1000_1000_1.txt,Knapsack,1000,RelaxGrouping,20000,False,max,14390,37.9296,na,13.23580813407898,4891978,9286039,4988,True
knapPI_3_2000_1000_1.txt,Knapsack,2000,RelaxGrouping,1000,True,max,37748,44.0284,4.3621,6.381552219390869,1900764,3736718,991,True
knapPI_3_2000_1000_1.txt,Knapsack,2000,RelaxGrouping,500,False,max,46592,23.7661,na,2.366243839263916,995734,1943291,500,True
knapPI_3_2000_1000_1.txt,Knapsack,2000,RelaxGrouping,2000,True,max,36194,91.1608,9.7649,13.972851753234863,3747087,7386754,1960,True
knapPI_3_2000_1000_1.txt,Knapsack,2000,RelaxGrouping,5000,True,max,1089878,105.1584,14.9516,1.1467289924621582,688522,1341718,1050,True
knapPI_3_2000_1000_1.txt,Knapsack,2000,RelaxGrouping,1000,False,max,37748,44.0518,na,6.303422451019287,1990249,3885197,1000,True
knapPI_3_2000_1000_1.txt,Knapsack,2000,RelaxGrouping,2000,False,max,36194,96.6018,na,15.392492532730103,3976457,7784551,2000,True
knapPI_3_2000_1000_1.txt,Knapsack,2000,RelaxGrouping,5000,False,max,1089878,114.7423,na,25.27423095703125,7291891,14259000,5000,True
knapPI_3_2000_1000_1.txt,Knapsack,2000,RelaxGrouping,10000,True,max,28919,168.0948,42.1853,67.19633722305298,19273031,37605251,9816,True
knapPI_3_2000_1000_1.txt,Knapsack,2000,RelaxGrouping,20000,True,max,28919,169.9548,43.3912,67.2636239528656,19273031,37605251,9816,True
knapPI_3_2000_1000_1.txt,Knapsack,2000,RelaxGrouping,10000,False,max,28919,196.9761,na,62.50813126564026,19453638,37925918,9820,True
knapPI_3_5000_1000_1.txt,Knapsack,5000,RelaxGrouping,500,True,max,186370,102.5403,4.9231,3.3430540561676025,2429408,4820197,500,True
knapPI_3_5000_1000_1.txt,Knapsack,5000,RelaxGrouping,1000,True,max,128863,155.5617,11.3278,16.0401291847229,4851148,9629846,999,True
knapPI_3_2000_1000_1.txt,Knapsack,2000,RelaxGrouping,20000,False,max,28919,176.0327,na,62.20833992958069,19453638,37925918,9820,True
knapPI_3_5000_1000_1.txt,Knapsack,5000,RelaxGrouping,500,False,max,186370,102.2704,na,2.884756088256836,2495730,4942283,500,True
knapPI_3_5000_1000_1.txt,Knapsack,5000,RelaxGrouping,1000,False,max,128863,156.6238,na,14.5968337059021,4990266,9883448,1000,True
MANN_a9.txt,Independent Set,45,RelaxGrouping,500,True,max,20,0.0321,0.0083,0.007154226303100586,9602,14087,477,True
MANN_a9.txt,Independent Set,45,RelaxGrouping,1000,True,max,16,0.043,0.0111,0.020078182220458984,14462,20555,704,True
MANN_a9.txt,Independent Set,45,RelaxGrouping,2000,True,max,16,0.0438,0.0116,0.021147966384887695,14462,20555,704,True
MANN_a9.txt,Independent Set,45,RelaxGrouping,5000,True,max,16,0.0429,0.0112,0.021811962127685547,14462,20555,704,True
MANN_a9.txt,Independent Set,45,RelaxGrouping,10000,True,max,16,0.0434,0.0115,0.021332502365112305,14462,20555,704,True
MANN_a9.txt,Independent Set,45,RelaxGrouping,20000,True,max,16,0.0437,0.0113,0.021033763885498047,14462,20555,704,True
MANN_a9.txt,Independent Set,45,RelaxGrouping,500,False,max,20,0.0311,na,0.007410764694213867,9813,14449,477,True
MANN_a9.txt,Independent Set,45,RelaxGrouping,1000,False,max,16,0.0419,na,0.018588781356811523,14462,20555,704,True
MANN_a9.txt,Independent Set,45,RelaxGrouping,2000,False,max,16,0.0434,na,0.02289581298828125,14462,20555,704,True
MANN_a9.txt,Independent Set,45,RelaxGrouping,5000,False,max,16,0.0436,na,0.022536039352416992,14462,20555,704,True
MANN_a9.txt,Independent Set,45,RelaxGrouping,10000,False,max,16,0.043,na,0.02161693572998047,14462,20555,704,True
MANN_a9.txt,Independent Set,45,RelaxGrouping,20000,False,max,16,0.0432,na,0.020166873931884766,14462,20555,704,True
MANN_a27.txt,Independent Set,378,RelaxGrouping,500,True,max,143,0.9924,0.1325,0.20689725875854492,136571,215920,497,True
MANN_a27.txt,Independent Set,378,RelaxGrouping,1000,True,max,143,1.4413,0.1716,0.28388047218322754,181767,286775,662,True
MANN_a27.txt,Independent Set,378,RelaxGrouping,2000,True,max,142,4.3666,0.5042,0.8061258792877197,533329,836031,1991,True
MANN_a27.txt,Independent Set,378,RelaxGrouping,5000,True,max,143,12.1611,1.3838,2.0217037200927734,1334071,2096527,4817,True
MANN_a27.txt,Independent Set,378,RelaxGrouping,10000,True,max,143,15.5032,1.6302,2.446385622024536,1539366,2412822,5546,True
MANN_a27.txt,Independent Set,378,RelaxGrouping,500,False,max,143,0.9976,na,0.20664024353027344,142158,226391,500,True
MANN_a27.txt,Independent Set,378,RelaxGrouping,1000,False,max,143,1.4776,na,0.28601741790771484,191209,305629,991,True
MANN_a27.txt,Independent Set,378,RelaxGrouping,2000,False,max,142,4.4366,na,0.8310332298278809,554990,877871,2000,True
MANN_a27.txt,Independent Set,378,RelaxGrouping,20000,True,max,143,30.1442,3.3132,4.670396089553833,2899117,4526676,10534,True
MANN_a27.txt,Independent Set,378,RelaxGrouping,5000,False,max,143,12.3032,na,2.096816062927246,1386661,2201707,5000,True
MANN_a27.txt,Independent Set,378,RelaxGrouping,10000,False,max,143,15.5242,na,2.5061678886413574,1627549,2589188,9929,True
MANN_a45.txt,Independent Set,1035,RelaxGrouping,500,True,max,374,4.2788,0.3593,0.5302109718322754,391781,618550,497,True
MANN_a45.txt,Independent Set,1035,RelaxGrouping,1000,True,max,374,5.2635,0.4189,0.6269688606262207,452967,718337,569,True
MANN_a27.txt,Independent Set,378,RelaxGrouping,20000,False,max,143,30.1682,na,4.988657236099243,3079305,4887052,19606,True
MANN_a45.txt,Independent Set,1035,RelaxGrouping,2000,True,max,374,14.7261,1.1121,1.7704346179962158,1274903,2020374,1604,True
MANN_a45.txt,Independent Set,1035,RelaxGrouping,500,False,max,374,4.3116,na,0.5299828052520752,404512,643395,500,True
MANN_a45.txt,Independent Set,1035,RelaxGrouping,1000,False,max,374,5.2341,na,0.6225268840789795,473779,759961,991,True
MANN_a45.txt,Independent Set,1035,RelaxGrouping,5000,True,max,374,43.4835,3.387,5.09320330619812,3628660,5737976,4625,True
MANN_a45.txt,Independent Set,1035,RelaxGrouping,2000,False,max,374,14.7043,na,1.774606704711914,1308870,2088308,1992,True
MANN_a45.txt,Independent Set,1035,RelaxGrouping,10000,True,max,374,55.4219,4.4324,5.908875226974487,4392983,6918344,5612,True
MANN_a45.txt,Independent Set,1035,RelaxGrouping,5000,False,max,374,43.4668,na,5.102112054824829,3732709,5946035,5000,True
MANN_a45.txt,Independent Set,1035,RelaxGrouping,10000,False,max,374,55.2908,na,6.36929178237915,4600315,7333008,9929,True
brock200_1.txt,Independent Set,200,RelaxGrouping,2000,True,max,136,4.2775,0.5853,0.6823282241821289,233543,386680,1967,True
brock200_1.txt,Independent Set,200,RelaxGrouping,5000,True,max,130,12.0276,1.8158,1.8810641765594482,506381,806930,4893,True
MANN_a45.txt,Independent Set,1035,RelaxGrouping,20000,True,max,374,168.43,15.4718,19.94528555870056,13030428,20614498,16393,True
MANN_a45.txt,Independent Set,1035,RelaxGrouping,20000,False,max,374,171.6267,na,20.71410369873047,13453439,21460520,19606,True
brock200_1.txt,Independent Set,200,RelaxGrouping,2000,False,max,136,4.1336,na,0.6484036445617676,323787,534145,1994,True
brock200_1.txt,Independent Set,200,RelaxGrouping,5000,False,max,130,12.0409,na,1.7620973587036133,781347,1234331,4985,True
brock200_2.txt,Independent Set,200,RelaxGrouping,5000,True,max,76,7.2739,1.1232,1.509411096572876,516978,681868,4957,True
brock200_2.txt,Independent Set,200,RelaxGrouping,20000,True,max,56,22.9149,4.3562,2.2226479053497314,1524685,1845167,19706,True
brock200_2.txt,Independent Set,200,RelaxGrouping,5000,False,max,76,7.2496,na,1.2573599815368652,708982,907958,4999,True
brock200_2.txt,Independent Set,200,RelaxGrouping,20000,False,max,56,22.8582,na,4.118921518325806,2345204,2761674,19998,True
brock200_3.txt,Independent Set,200,RelaxGrouping,5000,True,max,105,8.8689,1.2865,1.5631000995635986,517065,741446,4541,True
brock200_3.txt,Independent Set,200,RelaxGrouping,20000,True,max,92,33.6759,5.9359,5.267936706542969,1725161,2324310,19504,True
brock200_3.txt,Independent Set,200,RelaxGrouping,5000,False,max,105,8.9035,na,1.430379867553711,730968,1031072,4997,True
brock200_3.txt,Independent Set,200,RelaxGrouping,20000,False,max,92,33.6617,na,5.442648887634277,2638296,3469032,19985,True
brock200_4.txt,Independent Set,200,RelaxGrouping,2000,True,max,123,3.6622,0.5059,0.6375997066497803,248747,385516,1901,True
brock200_4.txt,Independent Set,200,RelaxGrouping,5000,True,max,113,10.3039,1.4557,0.8646364212036133,535248,788577,4769,True
brock200_4.txt,Independent Set,200,RelaxGrouping,10000,True,max,105,21.0567,3.2011,1.6125073432922363,973596,1402351,9462,True
brock200_4.txt,Independent Set,200,RelaxGrouping,2000,False,max,123,3.6459,na,0.6033661365509033,318049,488247,1994,True
brock200_4.txt,Independent Set,200,RelaxGrouping,5000,False,max,113,10.0274,na,1.4995479583740234,767917,1116893,4989,True
brock200_4.txt,Independent Set,200,RelaxGrouping,10000,False,max,105,20.8573,na,3.2089152336120605,1472302,2083141,9987,True
c-fat200-1.txt,Independent Set,200,RelaxGrouping,500,True,max,12,0.0166,0.0036,0.0036346912384033203,5145,6034,40,True
c-fat200-1.txt,Independent Set,200,RelaxGrouping,1000,True,max,12,0.0165,0.0035,0.003553152084350586,5145,6034,40,True
c-fat200-1.txt,Independent Set,200,RelaxGrouping,2000,True,max,12,0.0165,0.0035,0.003548860549926758,5145,6034,40,True
c-fat200-1.txt,Independent Set,200,RelaxGrouping,5000,True,max,12,0.0159,0.0033,0.0034873485565185547,5145,6034,40,True
c-fat200-1.txt,Independent Set,200,RelaxGrouping,10000,True,max,12,0.0165,0.0034,0.003461122512817383,5145,6034,40,True
c-fat200-1.txt,Independent Set,200,RelaxGrouping,20000,True,max,12,0.0161,0.0034,0.003448009490966797,5145,6034,40,True
c-fat200-1.txt,Independent Set,200,RelaxGrouping,500,False,max,12,0.0162,na,0.0036814212799072266,5145,6034,40,True
c-fat200-1.txt,Independent Set,200,RelaxGrouping,1000,False,max,12,0.0165,na,0.003729581832885742,5145,6034,40,True
c-fat200-1.txt,Independent Set,200,RelaxGrouping,2000,False,max,12,0.0166,na,0.0037331581115722656,5145,6034,40,True
c-fat200-1.txt,Independent Set,200,RelaxGrouping,5000,False,max,12,0.0169,na,0.0038611888885498047,5145,6034,40,True
c-fat200-1.txt,Independent Set,200,RelaxGrouping,10000,False,max,12,0.016,na,0.003612518310546875,5145,6034,40,True
c-fat200-1.txt,Independent Set,200,RelaxGrouping,20000,False,max,12,0.0159,na,0.0035681724548339844,5145,6034,40,True
c-fat200-2.txt,Independent Set,200,RelaxGrouping,500,True,max,24,0.0135,0.0029,0.002934694290161133,4170,5083,28,True
c-fat200-2.txt,Independent Set,200,RelaxGrouping,1000,True,max,24,0.0133,0.0029,0.002903461456298828,4170,5083,28,True
c-fat200-2.txt,Independent Set,200,RelaxGrouping,2000,True,max,24,0.0135,0.003,0.003084897994995117,4170,5083,28,True
c-fat200-2.txt,Independent Set,200,RelaxGrouping,5000,True,max,24,0.0133,0.0028,0.0028367042541503906,4170,5083,28,True
c-fat200-2.txt,Independent Set,200,RelaxGrouping,10000,True,max,24,0.0135,0.003,0.002856016159057617,4170,5083,28,True
c-fat200-2.txt,Independent Set,200,RelaxGrouping,20000,True,max,24,0.0135,0.0029,0.002872467041015625,4170,5083,28,True
c-fat200-2.txt,Independent Set,200,RelaxGrouping,500,False,max,24,0.0137,na,0.003028392791748047,4170,5083,28,True
c-fat200-2.txt,Independent Set,200,RelaxGrouping,1000,False,max,24,0.0133,na,0.0029571056365966797,4170,5083,28,True
c-fat200-2.txt,Independent Set,200,RelaxGrouping,2000,False,max,24,0.0135,na,0.0030612945556640625,4170,5083,28,True
c-fat200-2.txt,Independent Set,200,RelaxGrouping,5000,False,max,24,0.0136,na,0.0030770301818847656,4170,5083,28,True
c-fat200-2.txt,Independent Set,200,RelaxGrouping,10000,False,max,24,0.0132,na,0.0029566287994384766,4170,5083,28,True
c-fat200-2.txt,Independent Set,200,RelaxGrouping,20000,False,max,24,0.0136,na,0.003024578094482422,4170,5083,28,True
c-fat200-5.txt,Independent Set,200,RelaxGrouping,500,True,max,58,0.0039,0.0008,0.0009465217590332031,959,1519,6,True
c-fat200-5.txt,Independent Set,200,RelaxGrouping,1000,True,max,58,0.0038,0.0007,0.0009474754333496094,959,1519,6,True
c-fat200-5.txt,Independent Set,200,RelaxGrouping,2000,True,max,58,0.0041,0.0008,0.0009396076202392578,959,1519,6,True
c-fat200-5.txt,Independent Set,200,RelaxGrouping,5000,True,max,58,0.0038,0.0007,0.0009179115295410156,959,1519,6,True
c-fat200-5.txt,Independent Set,200,RelaxGrouping,10000,True,max,58,0.0039,0.0008,0.0009291172027587891,959,1519,6,True
c-fat200-5.txt,Independent Set,200,RelaxGrouping,20000,True,max,58,0.0038,0.0007,0.0009095668792724609,959,1519,6,True
c-fat200-5.txt,Independent Set,200,RelaxGrouping,500,False,max,58,0.0039,na,0.0009403228759765625,959,1519,6,True
c-fat200-5.txt,Independent Set,200,RelaxGrouping,1000,False,max,58,0.004,na,0.0009865760803222656,959,1519,6,True
c-fat200-5.txt,Independent Set,200,RelaxGrouping,2000,False,max,58,0.0038,na,0.0009250640869140625,959,1519,6,True
c-fat200-5.txt,Independent Set,200,RelaxGrouping,5000,False,max,58,0.0039,na,0.0009663105010986328,959,1519,6,True
c-fat200-5.txt,Independent Set,200,RelaxGrouping,10000,False,max,58,0.0038,na,0.0009589195251464844,959,1519,6,True
c-fat200-5.txt,Independent Set,200,RelaxGrouping,20000,False,max,58,0.0039,na,0.0009424686431884766,959,1519,6,True
c-fat500-1.txt,Independent Set,500,RelaxGrouping,500,True,max,14,0.1884,0.0275,0.027102947235107422,37936,40345,116,True
c-fat500-1.txt,Independent Set,500,RelaxGrouping,1000,True,max,14,0.1824,0.0279,0.02697277069091797,37936,40345,116,True
c-fat500-1.txt,Independent Set,500,RelaxGrouping,2000,True,max,14,0.1894,0.0278,0.027284860610961914,37936,40345,116,True
c-fat500-1.txt,Independent Set,500,RelaxGrouping,5000,True,max,14,0.1894,0.0282,0.026639938354492188,37936,40345,116,True
c-fat500-1.txt,Independent Set,500,RelaxGrouping,10000,True,max,14,0.1915,0.0279,0.02657294273376465,37936,40345,116,True
c-fat500-1.txt,Independent Set,500,RelaxGrouping,20000,True,max,14,0.1819,0.0258,0.026086091995239258,37936,40345,116,True
c-fat500-1.txt,Independent Set,500,RelaxGrouping,500,False,max,14,0.1891,na,0.026392221450805664,37936,40345,116,True
c-fat500-1.txt,Independent Set,500,RelaxGrouping,1000,False,max,14,0.1865,na,0.02641153335571289,37936,40345,116,True
c-fat500-1.txt,Independent Set,500,RelaxGrouping,2000,False,max,14,0.1818,na,0.026850223541259766,37936,40345,116,True
c-fat500-1.txt,Independent Set,500,RelaxGrouping,5000,False,max,14,0.1843,na,0.027246713638305664,37936,40345,116,True
c-fat500-1.txt,Independent Set,500,RelaxGrouping,10000,False,max,14,0.1853,na,0.027063369750976562,37936,40345,116,True
c-fat500-1.txt,Independent Set,500,RelaxGrouping,20000,False,max,14,0.1906,na,0.026487112045288086,37936,40345,116,True
c-fat500-2.txt,Independent Set,500,RelaxGrouping,500,True,max,26,0.0776,0.0109,0.011809110641479492,15484,18001,37,True
c-fat500-2.txt,Independent Set,500,RelaxGrouping,1000,True,max,26,0.0754,0.0115,0.01192331314086914,15484,18001,37,True
c-fat500-2.txt,Independent Set,500,RelaxGrouping,2000,True,max,26,0.0778,0.0108,0.01134800910949707,15484,18001,37,True
c-fat500-2.txt,Independent Set,500,RelaxGrouping,5000,True,max,26,0.0761,0.0105,0.011406421661376953,15484,18001,37,True
c-fat500-2.txt,Independent Set,500,RelaxGrouping,10000,True,max,26,0.0761,0.012,0.011775970458984375,15484,18001,37,True
c-fat500-2.txt,Independent Set,500,RelaxGrouping,20000,True,max,26,0.0751,0.0107,0.01137232780456543,15484,18001,37,True
c-fat500-2.txt,Independent Set,500,RelaxGrouping,500,False,max,26,0.0821,na,0.011881589889526367,15484,18001,37,True
c-fat500-2.txt,Independent Set,500,RelaxGrouping,1000,False,max,26,0.0795,na,0.012398242950439453,15484,18001,37,True
c-fat500-2.txt,Independent Set,500,RelaxGrouping,2000,False,max,26,0.08,na,0.012109518051147461,15484,18001,37,True
c-fat500-2.txt,Independent Set,500,RelaxGrouping,5000,False,max,26,0.0771,na,0.011769294738769531,15484,18001,37,True
c-fat500-2.txt,Independent Set,500,RelaxGrouping,10000,False,max,26,0.0772,na,0.011918306350708008,15484,18001,37,True
c-fat500-2.txt,Independent Set,500,RelaxGrouping,20000,False,max,26,0.0801,na,0.012127161026000977,15484,18001,37,True
c-fat500-5.txt,Independent Set,500,RelaxGrouping,500,True,max,64,0.0341,0.0053,0.005733966827392578,7022,9205,20,True
c-fat500-5.txt,Independent Set,500,RelaxGrouping,1000,True,max,64,0.033,0.0051,0.005617618560791016,7022,9205,20,True
c-fat500-5.txt,Independent Set,500,RelaxGrouping,2000,True,max,64,0.0342,0.0053,0.005842685699462891,7022,9205,20,True
c-fat500-5.txt,Independent Set,500,RelaxGrouping,5000,True,max,64,0.0327,0.005,0.005472898483276367,7022,9205,20,True
c-fat500-5.txt,Independent Set,500,RelaxGrouping,10000,True,max,64,0.0341,0.0051,0.005669593811035156,7022,9205,20,True
c-fat500-5.txt,Independent Set,500,RelaxGrouping,20000,True,max,64,0.0334,0.0053,0.005736112594604492,7022,9205,20,True
c-fat500-5.txt,Independent Set,500,RelaxGrouping,500,False,max,64,0.0336,na,0.005728960037231445,7022,9205,20,True
c-fat500-5.txt,Independent Set,500,RelaxGrouping,1000,False,max,64,0.0336,na,0.005803108215332031,7022,9205,20,True
c-fat500-5.txt,Independent Set,500,RelaxGrouping,2000,False,max,64,0.033,na,0.005857229232788086,7022,9205,20,True
c-fat500-5.txt,Independent Set,500,RelaxGrouping,5000,False,max,64,0.0332,na,0.005709648132324219,7022,9205,20,True
c-fat500-5.txt,Independent Set,500,RelaxGrouping,10000,False,max,64,0.0332,na,0.0059642791748046875,7022,9205,20,True
c-fat500-5.txt,Independent Set,500,RelaxGrouping,20000,False,max,64,0.0318,na,0.005639076232910156,7022,9205,20,True
c-fat500-10.txt,Independent Set,500,RelaxGrouping,500,True,max,126,0.0144,0.0021,0.0024862289428710938,2486,3973,6,True
c-fat500-10.txt,Independent Set,500,RelaxGrouping,1000,True,max,126,0.0143,0.002,0.0024552345275878906,2486,3973,6,True
c-fat500-10.txt,Independent Set,500,RelaxGrouping,2000,True,max,126,0.0137,0.002,0.002363443374633789,2486,3973,6,True
c-fat500-10.txt,Independent Set,500,RelaxGrouping,5000,True,max,126,0.0141,0.0021,0.002420186996459961,2486,3973,6,True
c-fat500-10.txt,Independent Set,500,RelaxGrouping,10000,True,max,126,0.0142,0.0021,0.0025200843811035156,2486,3973,6,True
c-fat500-10.txt,Independent Set,500,RelaxGrouping,20000,True,max,126,0.0138,0.0019,0.0023717880249023438,2486,3973,6,True
c-fat500-10.txt,Independent Set,500,RelaxGrouping,500,False,max,126,0.0146,na,0.002493143081665039,2486,3973,6,True
c-fat500-10.txt,Independent Set,500,RelaxGrouping,1000,False,max,126,0.0138,na,0.002468109130859375,2486,3973,6,True
c-fat500-10.txt,Independent Set,500,RelaxGrouping,2000,False,max,126,0.0144,na,0.002590179443359375,2486,3973,6,True
c-fat500-10.txt,Independent Set,500,RelaxGrouping,5000,False,max,126,0.0138,na,0.0024607181549072266,2486,3973,6,True
c-fat500-10.txt,Independent Set,500,RelaxGrouping,10000,False,max,126,0.0138,na,0.0024487972259521484,2486,3973,6,True
c-fat500-10.txt,Independent Set,500,RelaxGrouping,20000,False,max,126,0.0137,na,0.0025064945220947266,2486,3973,6,True
hamming6-2.txt,Independent Set,64,RelaxGrouping,500,True,max,34,0.1024,0.0183,0.009512186050415039,12878,21858,395,True
hamming6-2.txt,Independent Set,64,RelaxGrouping,1000,True,max,35,0.2096,0.0394,0.021291732788085938,23335,38976,947,True
hamming6-2.txt,Independent Set,64,RelaxGrouping,2000,True,max,37,0.5044,0.083,0.061006784439086914,53386,88732,1913,True
hamming6-2.txt,Independent Set,64,RelaxGrouping,5000,True,max,34,1.3784,0.2137,0.13632726669311523,106360,173923,4414,True
hamming6-2.txt,Independent Set,64,RelaxGrouping,10000,True,max,34,3.1304,0.472,0.6553187370300293,232088,374622,9979,True
hamming6-2.txt,Independent Set,64,RelaxGrouping,500,False,max,34,0.1135,na,0.015315532684326172,18138,30033,495,True
hamming6-2.txt,Independent Set,64,RelaxGrouping,1000,False,max,35,0.2121,na,0.02995133399963379,34174,55849,982,True
hamming6-2.txt,Independent Set,64,RelaxGrouping,20000,True,max,34,5.6165,0.869,1.0675873756408691,409455,653866,19241,True
hamming6-2.txt,Independent Set,64,RelaxGrouping,2000,False,max,37,0.5015,na,0.06343317031860352,66782,111265,1973,True
hamming6-2.txt,Independent Set,64,RelaxGrouping,5000,False,max,34,1.4126,na,0.1621265411376953,147947,241395,4897,True
hamming6-4.txt,Independent Set,64,RelaxGrouping,500,True,max,4,0.0152,0.0037,0.003615140914916992,5402,6414,238,True
hamming6-2.txt,Independent Set,64,RelaxGrouping,10000,False,max,34,3.0515,na,0.623847484588623,284480,458135,9979,True
hamming6-4.txt,Independent Set,64,RelaxGrouping,1000,True,max,4,0.0153,0.0037,0.0034906864166259766,5402,6414,238,True
hamming6-4.txt,Independent Set,64,RelaxGrouping,2000,True,max,4,0.0145,0.0034,0.0033311843872070312,5402,6414,238,True
hamming6-2.txt,Independent Set,64,RelaxGrouping,20000,False,max,34,5.5593,na,1.1063153743743896,515232,806873,19599,True
hamming6-4.txt,Independent Set,64,RelaxGrouping,5000,True,max,4,0.0144,0.0035,0.0033652782440185547,5402,6414,238,True
hamming6-4.txt,Independent Set,64,RelaxGrouping,10000,True,max,4,0.0146,0.0036,0.003397703170776367,5402,6414,238,True
hamming6-4.txt,Independent Set,64,RelaxGrouping,20000,True,max,4,0.0143,0.0035,0.003359556198120117,5402,6414,238,True
hamming6-4.txt,Independent Set,64,RelaxGrouping,500,False,max,4,0.0146,na,0.0035247802734375,5402,6414,238,True
hamming6-4.txt,Independent Set,64,RelaxGrouping,1000,False,max,4,0.0146,na,0.0037412643432617188,5402,6414,238,True
hamming6-4.txt,Independent Set,64,RelaxGrouping,2000,False,max,4,0.0143,na,0.0034263134002685547,5402,6414,238,True
hamming6-4.txt,Independent Set,64,RelaxGrouping,5000,False,max,4,0.0146,na,0.0035080909729003906,5402,6414,238,True
hamming6-4.txt,Independent Set,64,RelaxGrouping,10000,False,max,4,0.0144,na,0.0034623146057128906,5402,6414,238,True
hamming6-4.txt,Independent Set,64,RelaxGrouping,20000,False,max,4,0.0147,na,0.0037147998809814453,5402,6414,238,True
hamming8-2.txt,Independent Set,256,RelaxGrouping,500,True,max,145,1.1742,0.1465,0.18956780433654785,64572,120229,493,True
hamming8-2.txt,Independent Set,256,RelaxGrouping,1000,True,max,132,2.9557,0.3305,0.46769237518310547,157264,296641,995,True
hamming8-2.txt,Independent Set,256,RelaxGrouping,5000,True,max,140,20.2587,1.9638,1.0595855712890625,675261,1259238,4985,True
hamming8-2.txt,Independent Set,256,RelaxGrouping,500,False,max,145,1.2264,na,0.19120097160339355,99901,181615,497,True
hamming8-2.txt,Independent Set,256,RelaxGrouping,1000,False,max,132,3.0925,na,0.4389500617980957,205468,383951,998,True
hamming8-2.txt,Independent Set,256,RelaxGrouping,5000,False,max,140,20.0889,na,1.1276178359985352,959184,1749134,4991,True
hamming8-2.txt,Independent Set,256,RelaxGrouping,20000,True,max,139,93.6824,10.0942,7.160466194152832,1830605,3326793,17764,True
hamming8-2.txt,Independent Set,256,RelaxGrouping,20000,False,max,139,90.9543,na,10.77580451965332,3723043,6671114,19970,True
johnson8-2-4.txt,Independent Set,28,RelaxGrouping,500,True,max,4,0.002,0.0005,0.0005464553833007812,713,968,64,True
johnson8-2-4.txt,Independent Set,28,RelaxGrouping,1000,True,max,4,0.002,0.0005,0.0005514621734619141,713,968,64,True
johnson8-2-4.txt,Independent Set,28,RelaxGrouping,2000,True,max,4,0.002,0.0005,0.0005581378936767578,713,968,64,True
johnson8-2-4.txt,Independent Set,28,RelaxGrouping,5000,True,max,4,0.002,0.0005,0.0005426406860351562,713,968,64,True
johnson8-2-4.txt,Independent Set,28,RelaxGrouping,10000,True,max,4,0.002,0.0005,0.0005376338958740234,713,968,64,True
johnson8-2-4.txt,Independent Set,28,RelaxGrouping,20000,True,max,4,0.002,0.0005,0.0005192756652832031,713,968,64,True
johnson8-2-4.txt,Independent Set,28,RelaxGrouping,500,False,max,4,0.002,na,0.0005800724029541016,713,968,64,True
johnson8-2-4.txt,Independent Set,28,RelaxGrouping,1000,False,max,4,0.002,na,0.0005469322204589844,713,968,64,True
johnson8-2-4.txt,Independent Set,28,RelaxGrouping,2000,False,max,4,0.002,na,0.0005486011505126953,713,968,64,True
johnson8-2-4.txt,Independent Set,28,RelaxGrouping,5000,False,max,4,0.0021,na,0.0005412101745605469,713,968,64,True
johnson8-2-4.txt,Independent Set,28,RelaxGrouping,10000,False,max,4,0.002,na,0.0005488395690917969,713,968,64,True
johnson8-2-4.txt,Independent Set,28,RelaxGrouping,20000,False,max,4,0.002,na,0.0005319118499755859,713,968,64,True
johnson8-4-4.txt,Independent Set,70,RelaxGrouping,1000,True,max,18,0.2004,0.041,0.027045726776123047,28884,43098,970,True
johnson8-4-4.txt,Independent Set,70,RelaxGrouping,2000,True,max,18,0.3892,0.0763,0.053510189056396484,51833,74630,1933,True
johnson8-4-4.txt,Independent Set,70,RelaxGrouping,5000,True,max,17,1.0276,0.1767,0.25560474395751953,124240,174125,4949,True
johnson8-4-4.txt,Independent Set,70,RelaxGrouping,10000,True,max,19,1.7852,0.2732,0.40985560417175293,202862,277357,9738,True
johnson8-4-4.txt,Independent Set,70,RelaxGrouping,20000,True,max,18,2.703,0.5336,0.6916201114654541,343291,452556,19719,True
johnson8-4-4.txt,Independent Set,70,RelaxGrouping,1000,False,max,18,0.2024,na,0.0292971134185791,35850,51985,989,True
johnson8-4-4.txt,Independent Set,70,RelaxGrouping,2000,False,max,18,0.3974,na,0.1099691390991211,66038,92619,1997,True
johnson8-4-4.txt,Independent Set,70,RelaxGrouping,5000,False,max,17,1.0348,na,0.2399747371673584,136161,190087,4982,True
johnson8-4-4.txt,Independent Set,70,RelaxGrouping,10000,False,max,19,1.8985,na,0.42949843406677246,222663,302613,9981,True
johnson16-2-4.txt,Independent Set,120,RelaxGrouping,500,True,max,15,0.2481,0.0437,0.026587486267089844,28097,44146,454,True
johnson8-4-4.txt,Independent Set,70,RelaxGrouping,20000,False,max,18,2.6837,na,0.6082143783569336,360145,474298,19915,True
johnson16-2-4.txt,Independent Set,120,RelaxGrouping,1000,True,max,12,0.4773,0.0816,0.05416679382324219,55416,84895,981,True
johnson16-2-4.txt,Independent Set,120,RelaxGrouping,2000,True,max,9,0.7367,0.1198,0.16849875450134277,84864,124720,1676,True
johnson16-2-4.txt,Independent Set,120,RelaxGrouping,5000,True,max,9,1.8091,0.2811,0.18502449989318848,163778,228574,4183,True
johnson16-2-4.txt,Independent Set,120,RelaxGrouping,10000,True,max,19,2.5245,0.4636,0.5999946594238281,309404,421727,9466,True
johnson16-2-4.txt,Independent Set,120,RelaxGrouping,20000,True,max,8,2.3615,0.3812,0.6311886310577393,442385,573456,16384,True
johnson16-2-4.txt,Independent Set,120,RelaxGrouping,500,False,max,15,0.2497,na,0.02746438980102539,34946,54906,497,True
johnson16-2-4.txt,Independent Set,120,RelaxGrouping,1000,False,max,12,0.4788,na,0.055365800857543945,65528,98688,998,True
johnson16-2-4.txt,Independent Set,120,RelaxGrouping,2000,False,max,9,0.7399,na,0.16539835929870605,105830,149914,1998,True
johnson16-2-4.txt,Independent Set,120,RelaxGrouping,5000,False,max,9,1.8223,na,0.3687098026275635,210465,296863,4992,True
johnson16-2-4.txt,Independent Set,120,RelaxGrouping,10000,False,max,19,2.5182,na,0.5496070384979248,340188,462279,9794,True
johnson16-2-4.txt,Independent Set,120,RelaxGrouping,20000,False,max,8,2.3717,na,0.6176555156707764,442385,573456,16384,True
johnson32-2-4.txt,Independent Set,496,RelaxGrouping,500,True,max,44,3.0099,0.2864,0.397280216217041,160956,288881,488,True
johnson32-2-4.txt,Independent Set,496,RelaxGrouping,1000,True,max,28,6.4772,0.5952,0.8282103538513184,313422,556178,978,True
johnson32-2-4.txt,Independent Set,496,RelaxGrouping,2000,True,max,34,12.6456,1.1796,1.4276237487792969,512787,891144,1970,True
johnson32-2-4.txt,Independent Set,496,RelaxGrouping,5000,True,max,35,39.705,3.5662,1.9915130138397217,1429767,2444731,4845,True
johnson32-2-4.txt,Independent Set,496,RelaxGrouping,500,False,max,44,3.0212,na,0.3748469352722168,194098,337701,498,True
johnson32-2-4.txt,Independent Set,496,RelaxGrouping,1000,False,max,28,6.5758,na,0.7928426265716553,387897,670561,998,True
johnson32-2-4.txt,Independent Set,496,RelaxGrouping,2000,False,max,34,12.6867,na,1.524592399597168,739065,1216156,1998,True
johnson32-2-4.txt,Independent Set,496,RelaxGrouping,5000,False,max,35,39.6893,na,4.418325662612915,1852442,3091722,4996,True
keller4.txt,Independent Set,171,RelaxGrouping,500,True,max,63,0.4938,0.0851,0.11783790588378906,52665,83392,459,True
johnson32-2-4.txt,Independent Set,496,RelaxGrouping,20000,True,max,36,156.5359,15.1092,8.127119779586792,5109817,8245168,19426,True
keller4.txt,Independent Set,171,RelaxGrouping,2000,True,max,53,2.3323,0.3421,0.23130321502685547,178383,258580,1993,True
johnson32-2-4.txt,Independent Set,496,RelaxGrouping,20000,False,max,36,154.2521,na,8.290305614471436,6559009,10602629,19996,True
keller4.txt,Independent Set,171,RelaxGrouping,20000,True,max,33,18.0964,3.2655,3.286733865737915,1364212,1755666,19940,True
keller4.txt,Independent Set,171,RelaxGrouping,500,False,max,63,0.4874,na,0.1069023609161377,62219,97265,500,True
keller4.txt,Independent Set,171,RelaxGrouping,2000,False,max,53,2.2422,na,0.40829014778137207,227258,326939,1995,True
keller4.txt,Independent Set,171,RelaxGrouping,20000,False,max,33,18.1533,na,3.2675015926361084,1843921,2302717,19997,True
p_hat300-1.txt,Independent Set,300,RelaxGrouping,5000,True,max,53,5.3721,0.8934,1.0974864959716797,483727,553536,4873,True
p_hat300-1.txt,Independent Set,300,RelaxGrouping,10000,True,max,30,7.8085,1.3651,0.7699365615844727,758373,839462,9532,True
p_hat300-1.txt,Independent Set,300,RelaxGrouping,20000,True,max,8,8.3575,1.0814,1.9686284065246582,1318695,1417033,15782,True
p_hat300-1.txt,Independent Set,300,RelaxGrouping,5000,False,max,53,5.3333,na,1.0459411144256592,682480,765031,4996,True
p_hat300-1.txt,Independent Set,300,RelaxGrouping,10000,False,max,30,7.7368,na,1.617795705795288,1059223,1152375,9997,True
p_hat300-1.txt,Independent Set,300,RelaxGrouping,20000,False,max,8,8.2939,na,1.9282572269439697,1318695,1417033,15782,True
p_hat300-2.txt,Independent Set,300,RelaxGrouping,1000,True,max,151,2.2864,0.3042,0.4342179298400879,150527,224683,970,True
p_hat300-2.txt,Independent Set,300,RelaxGrouping,2000,True,max,145,4.6088,0.6216,0.7799537181854248,281864,410641,1889,True
p_hat300-2.txt,Independent Set,300,RelaxGrouping,10000,True,max,113,23.2564,3.4372,3.2683804035186768,928786,1288446,9943,True
p_hat300-2.txt,Independent Set,300,RelaxGrouping,20000,True,max,107,44.3856,7.01,2.5318455696105957,1524540,2101095,19256,True
p_hat300-2.txt,Independent Set,300,RelaxGrouping,1000,False,max,151,2.3409,na,0.41344285011291504,209635,311067,998,True
p_hat300-2.txt,Independent Set,300,RelaxGrouping,2000,False,max,145,4.5815,na,0.752373218536377,393480,566696,1998,True
p_hat300-2.txt,Independent Set,300,RelaxGrouping,10000,False,max,113,23.0413,na,3.507040023803711,1627353,2216973,9993,True
p_hat300-2.txt,Independent Set,300,RelaxGrouping,20000,False,max,107,44.1844,na,6.785512208938599,2949395,3965921,19986,True
p_hat300-3.txt,Independent Set,300,RelaxGrouping,5000,True,max,204,21.8132,2.5201,1.2090058326721191,760158,1225513,4172,True
p_hat300-3.txt,Independent Set,300,RelaxGrouping,20000,True,max,184,90.1531,12.0891,4.659921646118164,2429875,3765857,18365,True
p_hat300-3.txt,Independent Set,300,RelaxGrouping,5000,False,max,204,21.8397,na,1.381479024887085,1166182,1866889,4994,True
p_hat300-3.txt,Independent Set,300,RelaxGrouping,20000,False,max,184,90.2343,na,12.465326309204102,4395465,6725669,19998,True
p_hat500-1.txt,Independent Set,500,RelaxGrouping,20000,True,max,92,50.4362,9.2628,8.915887594223022,3189292,3684988,19511,True
p_hat500-1.txt,Independent Set,500,RelaxGrouping,20000,False,max,92,50.4825,na,8.234943151473999,4848475,5455673,20000,True
p_hat500-2.txt,Independent Set,500,RelaxGrouping,2000,True,max,258,11.267,1.2685,1.5222432613372803,532256,823248,1935,True
p_hat500-2.txt,Independent Set,500,RelaxGrouping,10000,True,max,219,57.3652,7.1525,7.012463808059692,1956939,2848107,9482,True
p_hat500-2.txt,Independent Set,500,RelaxGrouping,20000,True,max,206,109.5227,15.5681,12.743075847625732,3497099,4979204,18656,True
p_hat500-2.txt,Independent Set,500,RelaxGrouping,2000,False,max,258,11.0965,na,1.4740488529205322,740214,1134355,2000,True
p_hat500-2.txt,Independent Set,500,RelaxGrouping,10000,False,max,219,56.6069,na,7.387409687042236,3201759,4618961,10000,True
p_hat500-2.txt,Independent Set,500,RelaxGrouping,20000,False,max,206,108.3506,na,14.384111881256104,6057780,8573638,19986,True
p_hat700-1.txt,Independent Set,700,RelaxGrouping,5000,True,max,181,29.7216,3.6564,4.385875463485718,1882494,2435159,4891,True
p_hat700-1.txt,Independent Set,700,RelaxGrouping,20000,True,max,141,99.528,15.3078,15.648351430892944,5858781,7060932,19718,True
p_hat700-1.txt,Independent Set,700,RelaxGrouping,5000,False,max,181,29.7372,na,4.037203311920166,2393787,3013081,5000,True
p_hat700-1.txt,Independent Set,700,RelaxGrouping,20000,False,max,141,98.6921,na,14.117387533187866,8008643,9347099,20000,True
p_hat1000-1.txt,Independent Set,1000,RelaxGrouping,10000,True,max,288,108.3047,12.7456,14.382318258285522,5607110,7196901,9812,True
p_hat1000-1.txt,Independent Set,1000,RelaxGrouping,20000,True,max,259,201.4309,25.7751,14.14027452468872,10239088,12764841,19955,True
p_hat1000-1.txt,Independent Set,1000,RelaxGrouping,10000,False,max,288,107.9594,na,12.65574026107788,7021151,8783396,10000,True
p_hat1000-1.txt,Independent Set,1000,RelaxGrouping,20000,False,max,259,202.2782,na,24.39601421356201,13038953,15785059,19999,True
san200_0.7_2.txt,Independent Set,200,RelaxGrouping,1000,True,max,156,1.9173,0.2573,0.15227556228637695,111437,197715,912,True
san200_0.7_2.txt,Independent Set,200,RelaxGrouping,2000,True,max,150,4.1362,0.5323,0.6728084087371826,208808,361202,1949,True
san200_0.7_2.txt,Independent Set,200,RelaxGrouping,5000,True,max,141,11.5054,1.3883,0.7407810688018799,489581,826085,4665,True
san200_0.7_2.txt,Independent Set,200,RelaxGrouping,10000,True,max,137,23.3759,3.0505,1.515169382095337,932869,1521483,9077,True
san200_0.7_2.txt,Independent Set,200,RelaxGrouping,20000,True,max,123,42.4031,6.3672,3.0436253547668457,1859674,2898786,19524,True
san200_0.7_2.txt,Independent Set,200,RelaxGrouping,1000,False,max,156,1.9354,na,0.3175504207611084,157868,280102,997,True
san200_0.7_2.txt,Independent Set,200,RelaxGrouping,2000,False,max,150,4.186,na,0.6429214477539062,309973,533261,1999,True
san200_0.7_2.txt,Independent Set,200,RelaxGrouping,5000,False,max,141,11.7103,na,0.8361408710479736,757939,1254440,4988,True
san200_0.7_2.txt,Independent Set,200,RelaxGrouping,10000,False,max,137,23.3924,na,1.7550220489501953,1498102,2363005,9986,True
san200_0.9_1.txt,Independent Set,200,RelaxGrouping,1000,True,max,185,1.849,0.2363,0.10152530670166016,73880,138580,752,True
san200_0.7_2.txt,Independent Set,200,RelaxGrouping,20000,False,max,123,42.6298,na,6.445427417755127,2930032,4391089,19963,True
san200_0.9_1.txt,Independent Set,200,RelaxGrouping,2000,True,max,182,4.7309,0.53,0.21457386016845703,156425,296014,1944,True
san200_0.9_1.txt,Independent Set,200,RelaxGrouping,5000,True,max,183,13.0027,1.4101,0.9868912696838379,255931,478891,4095,True
san200_0.9_1.txt,Independent Set,200,RelaxGrouping,10000,True,max,187,29.7941,3.2747,2.0259504318237305,535046,996005,9523,True
san200_0.9_1.txt,Independent Set,200,RelaxGrouping,1000,False,max,185,1.8853,na,0.3023722171783447,143984,274043,997,True
san200_0.9_1.txt,Independent Set,200,RelaxGrouping,2000,False,max,182,4.619,na,0.31452322006225586,291663,554319,1998,True
san200_0.9_1.txt,Independent Set,200,RelaxGrouping,5000,False,max,183,12.65,na,1.6105282306671143,702592,1313609,4991,True
san200_0.9_1.txt,Independent Set,200,RelaxGrouping,10000,False,max,187,28.7636,na,3.4901859760284424,1389575,2577863,9985,True
san400_0.5_1.txt,Independent Set,400,RelaxGrouping,2000,True,max,294,9.6875,1.134,1.6073293685913086,592345,1019845,1970,True
san400_0.5_1.txt,Independent Set,400,RelaxGrouping,5000,True,max,254,22.6526,2.8712,3.6074728965759277,1359748,2221089,4960,True
san400_0.5_1.txt,Independent Set,400,RelaxGrouping,10000,True,max,208,40.9238,6.1657,6.99688196182251,2484153,3824960,9988,True
san400_0.5_1.txt,Independent Set,400,RelaxGrouping,20000,True,max,153,65.0294,11.6365,10.72310996055603,4475446,6437754,19980,True
san400_0.5_1.txt,Independent Set,400,RelaxGrouping,2000,False,max,294,9.828,na,1.4389967918395996,689909,1180754,1996,True
san400_0.5_1.txt,Independent Set,400,RelaxGrouping,5000,False,max,254,22.8087,na,3.4139318466186523,1644640,2670988,4993,True
san400_0.5_1.txt,Independent Set,400,RelaxGrouping,10000,False,max,208,41.1212,na,6.56148624420166,3147961,4808061,9995,True
san400_0.5_1.txt,Independent Set,400,RelaxGrouping,20000,False,max,153,64.9165,na,10.915185689926147,5863172,8313555,19997,True
sanr200_0.7.txt,Independent Set,200,RelaxGrouping,5000,True,max,124,11.3449,1.4584,0.791325569152832,512491,788833,4901,True
sanr200_0.7.txt,Independent Set,200,RelaxGrouping,10000,True,max,114,22.7248,3.2145,3.236337661743164,959108,1432830,9918,True
sanr200_0.7.txt,Independent Set,200,RelaxGrouping,20000,True,max,107,45.3005,7.1182,6.43539834022522,1769343,2566587,19725,True
sanr200_0.7.txt,Independent Set,200,RelaxGrouping,5000,False,max,124,11.3003,na,0.8543143272399902,770044,1170757,4988,True
sanr200_0.7.txt,Independent Set,200,RelaxGrouping,10000,False,max,114,22.8837,na,3.3760998249053955,1491489,2199350,9983,True
sanr200_0.7.txt,Independent Set,200,RelaxGrouping,20000,False,max,107,45.4327,na,6.793417692184448,2858210,4080247,19987,True
sanr200_0.9.txt,Independent Set,200,RelaxGrouping,10000,True,max,164,31.3327,3.7469,1.4357259273529053,813368,1424479,9581,True
sanr200_0.9.txt,Independent Set,200,RelaxGrouping,20000,True,max,158,67.5067,8.6802,2.9163990020751953,1603866,2772468,19475,True
sanr200_0.9.txt,Independent Set,200,RelaxGrouping,10000,False,max,164,31.0266,na,3.9905781745910645,1501561,2618818,9987,True
sanr200_0.9.txt,Independent Set,200,RelaxGrouping,20000,False,max,158,67.1015,na,8.798405408859253,2994137,5158620,19984,True
sanr400_0.5.txt,Independent Set,400,RelaxGrouping,5000,True,max,220,25.5997,3.1777,3.877077341079712,1437873,2103218,4781,True
sanr400_0.5.txt,Independent Set,400,RelaxGrouping,20000,True,max,183,99.8955,14.3856,7.477962017059326,4808262,6453021,19257,True
sanr400_0.5.txt,Independent Set,400,RelaxGrouping,5000,False,max,220,25.2276,na,3.4522852897644043,1697960,2447773,5000,True
sanr400_0.5.txt,Independent Set,400,RelaxGrouping,20000,False,max,183,101.0616,na,14.26565432548523,6346533,8328448,19992,True
set_cover_n100_m63_d0.1_b_w38_seed1.txt,Set Cover,100,RelaxGrouping,500,True,min,2,0.3472,0.0463,0.01061248779296875,9998,17631,258,True
set_cover_n100_m63_d0.1_b_w38_seed1.txt,Set Cover,100,RelaxGrouping,1000,True,min,2,0.7348,0.0983,0.018385648727416992,14705,26308,375,True
set_cover_n100_m63_d0.1_b_w38_seed1.txt,Set Cover,100,RelaxGrouping,2000,True,min,2,1.7498,0.1977,0.03322029113769531,26335,47065,735,True
set_cover_n100_m63_d0.1_b_w38_seed1.txt,Set Cover,100,RelaxGrouping,5000,True,min,3,5.4919,0.6199,0.08166956901550293,58667,106006,1257,True
set_cover_n100_m63_d0.1_b_w38_seed1.txt,Set Cover,100,RelaxGrouping,10000,True,min,3,12.407,1.272,0.16887354850769043,111806,203585,2746,True
set_cover_n100_m63_d0.1_b_w38_seed1.txt,Set Cover,100,RelaxGrouping,500,False,min,2,0.359,na,0.02919316291809082,31607,56065,495,True
set_cover_n100_m63_d0.1_b_w38_seed1.txt,Set Cover,100,RelaxGrouping,1000,False,min,2,0.7286,na,0.1159353256225586,60648,107653,991,True
set_cover_n100_m63_d0.1_b_w38_seed1.txt,Set Cover,100,RelaxGrouping,2000,False,min,2,1.7399,na,0.23793745040893555,118696,210746,1999,True
set_cover_n100_m63_d0.1_b_w38_seed1.txt,Set Cover,100,RelaxGrouping,20000,True,min,3,24.8998,2.7992,0.29701685905456543,177463,328377,4294,True
set_cover_n100_m63_d0.1_b_w38_seed1.txt,Set Cover,100,RelaxGrouping,5000,False,min,3,5.5277,na,0.6755199432373047,287942,512602,4984,True
set_cover_n100_m63_d0.1_b_w38_seed1.txt,Set Cover,100,RelaxGrouping,10000,False,min,3,12.3605,na,0.7583203315734863,563136,1002644,9989,True
set_cover_n100_m63_d0.1_b_w38_seed2.txt,Set Cover,100,RelaxGrouping,500,True,min,2,0.3283,0.044,0.010126829147338867,9243,16394,245,True
set_cover_n100_m63_d0.1_b_w38_seed2.txt,Set Cover,100,RelaxGrouping,1000,True,min,2,0.723,0.0913,0.021447181701660156,17564,31179,545,True
set_cover_n100_m63_d0.1_b_w38_seed2.txt,Set Cover,100,RelaxGrouping,2000,True,min,2,1.7113,0.2061,0.03668498992919922,30023,53414,1028,True
set_cover_n100_m63_d0.1_b_w38_seed1.txt,Set Cover,100,RelaxGrouping,20000,False,min,3,24.745,na,3.004488468170166,1061914,1903335,19964,True
set_cover_n100_m63_d0.1_b_w38_seed2.txt,Set Cover,100,RelaxGrouping,5000,True,min,2,5.3936,0.5462,0.08374428749084473,64033,114554,2152,True
set_cover_n100_m63_d0.1_b_w38_seed2.txt,Set Cover,100,RelaxGrouping,500,False,min,2,0.342,na,0.02700495719909668,30534,54287,499,True
set_cover_n100_m63_d0.1_b_w38_seed2.txt,Set Cover,100,RelaxGrouping,10000,True,min,3,11.8855,1.2805,0.16528534889221191,119505,213813,4292,True
set_cover_n100_m63_d0.1_b_w38_seed2.txt,Set Cover,100,RelaxGrouping,1000,False,min,2,0.7017,na,0.11472749710083008,59421,105442,997,True
set_cover_n100_m63_d0.1_b_w38_seed2.txt,Set Cover,100,RelaxGrouping,2000,False,min,2,1.7381,na,0.23747634887695312,118658,209885,1994,True
set_cover_n100_m63_d0.1_b_w38_seed2.txt,Set Cover,100,RelaxGrouping,5000,False,min,2,5.2052,na,0.6473171710968018,281059,497284,4996,True
set_cover_n100_m63_d0.1_b_w38_seed2.txt,Set Cover,100,RelaxGrouping,20000,True,min,3,24.0365,2.7905,0.35266661643981934,230824,412596,9277,True
set_cover_n100_m63_d0.1_b_w38_seed2.txt,Set Cover,100,RelaxGrouping,10000,False,min,3,11.8862,na,0.7867870330810547,552920,976112,9989,True
set_cover_n100_m63_d0.1_b_w38_seed3.txt,Set Cover,100,RelaxGrouping,500,True,min,2,0.3554,0.0483,0.010939836502075195,9571,16820,277,True
set_cover_n100_m63_d0.1_b_w38_seed3.txt,Set Cover,100,RelaxGrouping,1000,True,min,2,0.772,0.0949,0.04446053504943848,14311,25480,394,True
set_cover_n100_m63_d0.1_b_w38_seed3.txt,Set Cover,100,RelaxGrouping,2000,True,min,2,1.8348,0.219,0.09796786308288574,27335,49176,818,True
set_cover_n100_m63_d0.1_b_w38_seed3.txt,Set Cover,100,RelaxGrouping,5000,True,min,2,5.6329,0.6122,0.08182048797607422,60502,108706,2246,True
set_cover_n100_m63_d0.1_b_w38_seed2.txt,Set Cover,100,RelaxGrouping,20000,False,min,3,24.2981,na,2.9150614738464355,1083149,1906927,19986,True
set_cover_n100_m63_d0.1_b_w38_seed3.txt,Set Cover,100,RelaxGrouping,10000,True,min,3,12.3496,1.3159,0.15923142433166504,109713,198070,3909,True
set_cover_n100_m63_d0.1_b_w38_seed3.txt,Set Cover,100,RelaxGrouping,500,False,min,2,0.361,na,0.027816057205200195,32407,57624,498,True
set_cover_n100_m63_d0.1_b_w38_seed3.txt,Set Cover,100,RelaxGrouping,1000,False,min,2,0.7654,na,0.11895632743835449,62596,111685,997,True
set_cover_n100_m63_d0.1_b_w38_seed3.txt,Set Cover,100,RelaxGrouping,2000,False,min,2,1.8415,na,0.25192999839782715,125901,223928,1991,True
set_cover_n100_m63_d0.1_b_w38_seed3.txt,Set Cover,100,RelaxGrouping,5000,False,min,2,5.7474,na,0.6909074783325195,301116,535002,4996,True
set_cover_n100_m63_d0.1_b_w38_seed3.txt,Set Cover,100,RelaxGrouping,20000,True,min,3,26.5779,2.9499,0.34233832359313965,207075,376236,7608,True
set_cover_n100_m63_d0.1_b_w38_seed3.txt,Set Cover,100,RelaxGrouping,10000,False,min,3,12.3713,na,1.3984336853027344,588411,1043621,9965,True
set_cover_n100_m63_d0.1_b_w38_seed4.txt,Set Cover,100,RelaxGrouping,500,True,min,2,0.3497,0.0483,0.011362075805664062,9945,17428,269,True
set_cover_n100_m63_d0.1_b_w38_seed4.txt,Set Cover,100,RelaxGrouping,1000,True,min,2,0.7415,0.0956,0.02030038833618164,17228,30141,497,True
set_cover_n100_m63_d0.1_b_w38_seed4.txt,Set Cover,100,RelaxGrouping,2000,True,min,2,1.7774,0.2072,0.033486366271972656,27094,47666,825,True
set_cover_n100_m63_d0.1_b_w38_seed4.txt,Set Cover,100,RelaxGrouping,5000,True,min,2,5.4737,0.5737,0.07944011688232422,58921,104713,1704,True
set_cover_n100_m63_d0.1_b_w38_seed3.txt,Set Cover,100,RelaxGrouping,20000,False,min,3,26.4533,na,3.3012986183166504,1147571,2046608,19991,True
set_cover_n100_m63_d0.1_b_w38_seed4.txt,Set Cover,100,RelaxGrouping,10000,True,min,2,12.265,1.3306,0.15694451332092285,107628,190726,3583,True
set_cover_n100_m63_d0.1_b_w38_seed4.txt,Set Cover,100,RelaxGrouping,500,False,min,2,0.3596,na,0.028511524200439453,31875,56560,496,True
set_cover_n100_m63_d0.1_b_w38_seed4.txt,Set Cover,100,RelaxGrouping,1000,False,min,2,0.7389,na,0.12074995040893555,62460,110253,991,True
set_cover_n100_m63_d0.1_b_w38_seed4.txt,Set Cover,100,RelaxGrouping,2000,False,min,2,1.7995,na,0.24585175514221191,122685,217468,1999,True
set_cover_n100_m63_d0.1_b_w38_seed4.txt,Set Cover,100,RelaxGrouping,5000,False,min,2,5.426,na,0.6660821437835693,300000,531569,4987,True
set_cover_n100_m63_d0.1_b_w38_seed4.txt,Set Cover,100,RelaxGrouping,20000,True,min,3,25.8144,2.9445,0.2976560592651367,190047,341257,6744,True
set_cover_n100_m63_d0.2_b_w38_seed1.txt,Set Cover,100,RelaxGrouping,500,True,min,2,0.3941,0.0547,0.012804508209228516,10771,20677,279,True
set_cover_n100_m63_d0.1_b_w38_seed4.txt,Set Cover,100,RelaxGrouping,10000,False,min,2,12.1582,na,1.410243034362793,577122,1024786,9983,True
set_cover_n100_m63_d0.2_b_w38_seed1.txt,Set Cover,100,RelaxGrouping,1000,True,min,2,0.8353,0.1115,0.02448892593383789,20104,38534,564,True
set_cover_n100_m63_d0.2_b_w38_seed1.txt,Set Cover,100,RelaxGrouping,2000,True,min,2,1.8576,0.2303,0.13087034225463867,38599,73823,1124,True
set_cover_n100_m63_d0.2_b_w38_seed1.txt,Set Cover,100,RelaxGrouping,5000,True,min,2,5.5713,0.661,0.13684940338134766,96677,185757,2791,True
set_cover_n100_m63_d0.2_b_w38_seed1.txt,Set Cover,100,RelaxGrouping,500,False,min,2,0.4036,na,0.03310275077819824,35643,66369,494,True
set_cover_n100_m63_d0.2_b_w38_seed1.txt,Set Cover,100,RelaxGrouping,10000,True,min,2,11.014,1.4858,0.679699182510376,179285,346116,4649,True
set_cover_n100_m63_d0.2_b_w38_seed1.txt,Set Cover,100,RelaxGrouping,1000,False,min,2,0.8733,na,0.0698995590209961,69950,130688,997,True
set_cover_n100_m63_d0.1_b_w38_seed4.txt,Set Cover,100,RelaxGrouping,20000,False,min,3,25.6146,na,3.1600210666656494,1135540,2017272,19944,True
set_cover_n100_m63_d0.2_b_w38_seed1.txt,Set Cover,100,RelaxGrouping,2000,False,min,2,1.846,na,0.2708449363708496,136621,255976,1994,True
set_cover_n100_m63_d0.2_b_w38_seed2.txt,Set Cover,100,RelaxGrouping,500,True,min,2,0.4008,0.0559,0.010730266571044922,8909,16923,242,True
set_cover_n100_m63_d0.2_b_w38_seed1.txt,Set Cover,100,RelaxGrouping,5000,False,min,2,5.5091,na,0.7423849105834961,321339,604385,4993,True
set_cover_n100_m63_d0.2_b_w38_seed1.txt,Set Cover,100,RelaxGrouping,20000,True,min,2,22.0098,3.1879,1.3910157680511475,354137,686621,9664,True
set_cover_n100_m63_d0.2_b_w38_seed2.txt,Set Cover,100,RelaxGrouping,1000,True,min,2,0.8707,0.1108,0.02034735679626465,15450,29503,408,True
set_cover_n100_m63_d0.2_b_w38_seed1.txt,Set Cover,100,RelaxGrouping,10000,False,min,2,10.8947,na,1.5111961364746094,599173,1131220,9942,True
set_cover_n100_m63_d0.2_b_w38_seed2.txt,Set Cover,100,RelaxGrouping,2000,True,min,2,1.9627,0.237,0.04233956336975098,32079,61475,950,True
set_cover_n100_m63_d0.2_b_w38_seed2.txt,Set Cover,100,RelaxGrouping,500,False,min,2,0.407,na,0.0323641300201416,35593,66316,496,True
set_cover_n100_m63_d0.2_b_w38_seed2.txt,Set Cover,100,RelaxGrouping,5000,True,min,2,5.7989,0.674,0.10456657409667969,73930,142605,2110,True
set_cover_n100_m63_d0.2_b_w38_seed2.txt,Set Cover,100,RelaxGrouping,1000,False,min,2,0.8867,na,0.06929612159729004,68759,128402,989,True
set_cover_n100_m63_d0.2_b_w38_seed1.txt,Set Cover,100,RelaxGrouping,20000,False,min,2,22.024,na,3.1541197299957275,1131053,2139096,19981,True
set_cover_n100_m63_d0.2_b_w38_seed2.txt,Set Cover,100,RelaxGrouping,2000,False,min,2,1.9752,na,0.27876758575439453,137787,257478,1985,True
set_cover_n100_m63_d0.2_b_w38_seed2.txt,Set Cover,100,RelaxGrouping,10000,True,min,2,12.5575,1.5843,0.2398984432220459,151149,291742,4562,True
set_cover_n100_m63_d0.2_b_w38_seed2.txt,Set Cover,100,RelaxGrouping,5000,False,min,2,5.7516,na,0.7604086399078369,334993,628428,4998,True
set_cover_n100_m63_d0.2_b_w38_seed3.txt,Set Cover,100,RelaxGrouping,500,True,min,2,0.3845,0.0522,0.012359857559204102,11064,20953,338,True
set_cover_n100_m63_d0.2_b_w38_seed3.txt,Set Cover,100,RelaxGrouping,1000,True,min,2,0.8003,0.1034,0.06703400611877441,19362,36819,621,True
set_cover_n100_m63_d0.2_b_w38_seed3.txt,Set Cover,100,RelaxGrouping,2000,True,min,2,1.8762,0.2322,0.04642653465270996,35915,68505,997,True
set_cover_n100_m63_d0.2_b_w38_seed2.txt,Set Cover,100,RelaxGrouping,10000,False,min,2,12.4024,na,1.6997740268707275,650734,1224587,9983,True
set_cover_n100_m63_d0.2_b_w38_seed2.txt,Set Cover,100,RelaxGrouping,20000,True,min,3,24.2962,3.4417,0.533837080001831,290042,560204,8455,True
set_cover_n100_m63_d0.2_b_w38_seed3.txt,Set Cover,100,RelaxGrouping,5000,True,min,2,5.2826,0.6391,0.31351661682128906,85135,163890,2170,True
set_cover_n100_m63_d0.2_b_w38_seed3.txt,Set Cover,100,RelaxGrouping,500,False,min,2,0.3745,na,0.030962228775024414,35144,65617,497,True
set_cover_n100_m63_d0.2_b_w38_seed3.txt,Set Cover,100,RelaxGrouping,1000,False,min,2,0.8146,na,0.1233975887298584,67045,125000,995,True
set_cover_n100_m63_d0.2_b_w38_seed3.txt,Set Cover,100,RelaxGrouping,10000,True,min,2,10.9602,1.4206,0.28197288513183594,166728,322770,4610,True
set_cover_n100_m63_d0.2_b_w38_seed3.txt,Set Cover,100,RelaxGrouping,2000,False,min,2,1.8764,na,0.2817494869232178,130928,245065,1988,True
set_cover_n100_m63_d0.2_b_w38_seed2.txt,Set Cover,100,RelaxGrouping,20000,False,min,3,24.3327,na,3.458095073699951,1217469,2298252,19973,True
set_cover_n100_m63_d0.2_b_w38_seed3.txt,Set Cover,100,RelaxGrouping,5000,False,min,2,5.1541,na,0.6949436664581299,312008,585610,4990,True
set_cover_n100_m63_d0.2_b_w38_seed4.txt,Set Cover,100,RelaxGrouping,500,True,min,2,0.3955,0.0531,0.011370420455932617,9243,17649,219,True
set_cover_n100_m63_d0.2_b_w38_seed4.txt,Set Cover,100,RelaxGrouping,1000,True,min,2,0.8877,0.113,0.023847341537475586,17689,33901,405,True
set_cover_n100_m63_d0.2_b_w38_seed4.txt,Set Cover,100,RelaxGrouping,2000,True,min,2,1.8356,0.2271,0.04084968566894531,29504,56784,685,True
set_cover_n100_m63_d0.2_b_w38_seed3.txt,Set Cover,100,RelaxGrouping,20000,True,min,2,21.4016,3.0917,0.5778789520263672,332254,645620,9811,True
set_cover_n100_m63_d0.2_b_w38_seed3.txt,Set Cover,100,RelaxGrouping,10000,False,min,2,11.0788,na,1.481950283050537,588813,1107028,9977,True
set_cover_n100_m63_d0.2_b_w38_seed4.txt,Set Cover,100,RelaxGrouping,5000,True,min,2,5.4058,0.6897,0.11119413375854492,78744,152073,1962,True
set_cover_n100_m63_d0.2_b_w38_seed4.txt,Set Cover,100,RelaxGrouping,500,False,min,2,0.3887,na,0.030723094940185547,33439,62307,497,True
set_cover_n100_m63_d0.2_b_w38_seed4.txt,Set Cover,100,RelaxGrouping,1000,False,min,2,0.8855,na,0.0669703483581543,66174,123461,992,True
set_cover_n100_m63_d0.2_b_w38_seed4.txt,Set Cover,100,RelaxGrouping,2000,False,min,2,1.8601,na,0.2706727981567383,127090,238301,1996,True
set_cover_n100_m63_d0.2_b_w38_seed3.txt,Set Cover,100,RelaxGrouping,20000,False,min,2,21.2653,na,3.0899343490600586,1113600,2096859,19954,True
set_cover_n100_m63_d0.2_b_w38_seed4.txt,Set Cover,100,RelaxGrouping,10000,True,min,2,11.0305,1.4401,0.6059248447418213,149765,290145,3682,True
set_cover_n100_m63_d0.2_b_w38_seed4.txt,Set Cover,100,RelaxGrouping,5000,False,min,2,5.4342,na,0.7471201419830322,312611,586023,4978,True
set_cover_n100_m63_d0.3_b_w38_seed1.txt,Set Cover,100,RelaxGrouping,500,True,min,2,0.3769,0.0544,0.015278816223144531,13273,25961,238,True
set_cover_n100_m63_d0.3_b_w38_seed1.txt,Set Cover,100,RelaxGrouping,1000,True,min,2,0.755,0.1113,0.029817819595336914,24626,48300,495,True
set_cover_n100_m63_d0.3_b_w38_seed1.txt,Set Cover,100,RelaxGrouping,2000,True,min,2,1.588,0.2189,0.07311654090881348,56578,111327,1186,True
set_cover_n100_m63_d0.2_b_w38_seed4.txt,Set Cover,100,RelaxGrouping,10000,False,min,2,10.8366,na,1.462798833847046,588736,1108845,9986,True
set_cover_n100_m63_d0.2_b_w38_seed4.txt,Set Cover,100,RelaxGrouping,20000,True,min,2,22.6326,3.09,0.50834059715271,283116,551664,7026,True
set_cover_n100_m63_d0.3_b_w38_seed1.txt,Set Cover,100,RelaxGrouping,5000,True,min,2,3.6905,0.5143,0.19584250450134277,135697,267651,3184,True
set_cover_n100_m63_d0.3_b_w38_seed1.txt,Set Cover,100,RelaxGrouping,500,False,min,2,0.377,na,0.03158760070800781,36238,69553,496,True
set_cover_n100_m63_d0.3_b_w38_seed1.txt,Set Cover,100,RelaxGrouping,1000,False,min,2,0.7922,na,0.13331317901611328,69550,133875,993,True
set_cover_n100_m63_d0.3_b_w38_seed1.txt,Set Cover,100,RelaxGrouping,10000,True,min,2,6.1853,1.0976,0.42533326148986816,250740,495958,6173,True
set_cover_n100_m63_d0.3_b_w38_seed1.txt,Set Cover,100,RelaxGrouping,2000,False,min,2,1.5998,na,0.1385791301727295,131558,253779,1996,True
set_cover_n100_m63_d0.2_b_w38_seed4.txt,Set Cover,100,RelaxGrouping,20000,False,min,2,22.6355,na,3.0799169540405273,1111236,2102111,19971,True
set_cover_n100_m63_d0.3_b_w38_seed1.txt,Set Cover,100,RelaxGrouping,20000,True,min,3,8.388,1.6238,1.2470033168792725,413885,819920,11526,True
set_cover_n100_m63_d0.3_b_w38_seed1.txt,Set Cover,100,RelaxGrouping,5000,False,min,2,3.6364,na,0.5848145484924316,280081,541752,4992,True
set_cover_n100_m63_d0.3_b_w38_seed2.txt,Set Cover,100,RelaxGrouping,500,True,min,2,0.3726,0.0529,0.014471769332885742,13294,25853,358,True
set_cover_n100_m63_d0.3_b_w38_seed1.txt,Set Cover,100,RelaxGrouping,10000,False,min,2,6.046,na,1.0004401206970215,465789,902402,9956,True
set_cover_n100_m63_d0.3_b_w38_seed2.txt,Set Cover,100,RelaxGrouping,1000,True,min,2,0.7528,0.1056,0.03125762939453125,27489,53835,638,True
set_cover_n100_m63_d0.3_b_w38_seed2.txt,Set Cover,100,RelaxGrouping,2000,True,min,2,1.4549,0.2105,0.15081214904785156,50568,99294,1165,True
set_cover_n100_m63_d0.3_b_w38_seed1.txt,Set Cover,100,RelaxGrouping,20000,False,min,3,8.1577,na,1.5106077194213867,721482,1395696,19963,True
set_cover_n100_m63_d0.3_b_w38_seed2.txt,Set Cover,100,RelaxGrouping,5000,True,min,2,3.6725,0.5568,0.41180849075317383,136799,270367,3056,True
set_cover_n100_m63_d0.3_b_w38_seed2.txt,Set Cover,100,RelaxGrouping,500,False,min,2,0.3669,na,0.03222966194152832,35737,68793,498,True
set_cover_n100_m63_d0.3_b_w38_seed2.txt,Set Cover,100,RelaxGrouping,1000,False,min,2,0.7554,na,0.1272284984588623,68528,132588,990,True
set_cover_n100_m63_d0.3_b_w38_seed2.txt,Set Cover,100,RelaxGrouping,10000,True,min,2,6.4312,1.1466,0.7481935024261475,264770,524822,5879,True
set_cover_n100_m63_d0.3_b_w38_seed2.txt,Set Cover,100,RelaxGrouping,2000,False,min,2,1.4748,na,0.23552894592285156,127736,247965,1997,True
set_cover_n100_m63_d0.3_b_w38_seed2.txt,Set Cover,100,RelaxGrouping,5000,False,min,2,3.7058,na,0.603043794631958,285691,555941,4992,True
set_cover_n100_m63_d0.3_b_w38_seed2.txt,Set Cover,100,RelaxGrouping,20000,True,min,3,9.7355,1.9149,1.4448065757751465,489099,969906,13274,True
set_cover_n100_m63_d0.3_b_w38_seed3.txt,Set Cover,100,RelaxGrouping,500,True,min,2,0.3594,0.0528,0.01421976089477539,12541,24547,279,True
set_cover_n100_m63_d0.3_b_w38_seed3.txt,Set Cover,100,RelaxGrouping,1000,True,min,2,0.7195,0.0992,0.028906822204589844,24796,48743,570,True
set_cover_n100_m63_d0.3_b_w38_seed2.txt,Set Cover,100,RelaxGrouping,10000,False,min,2,6.4687,na,1.1137783527374268,502020,977395,9995,True
set_cover_n100_m63_d0.3_b_w38_seed3.txt,Set Cover,100,RelaxGrouping,2000,True,min,2,1.3614,0.1998,0.14480352401733398,50954,100359,1237,True
set_cover_n100_m63_d0.3_b_w38_seed2.txt,Set Cover,100,RelaxGrouping,20000,False,min,3,9.7714,na,1.844085931777954,822444,1599068,19918,True
set_cover_n100_m63_d0.3_b_w38_seed3.txt,Set Cover,100,RelaxGrouping,5000,True,min,2,3.3209,0.5415,0.38336873054504395,124672,246645,2750,True
set_cover_n100_m63_d0.3_b_w38_seed3.txt,Set Cover,100,RelaxGrouping,500,False,min,2,0.3403,na,0.030175447463989258,34610,66676,498,True
set_cover_n100_m63_d0.3_b_w38_seed3.txt,Set Cover,100,RelaxGrouping,1000,False,min,2,0.7077,na,0.0626988410949707,65303,126317,995,True
set_cover_n100_m63_d0.3_b_w38_seed3.txt,Set Cover,100,RelaxGrouping,10000,True,min,2,5.8746,0.9215,0.37227535247802734,229719,455060,5852,True
set_cover_n100_m63_d0.3_b_w38_seed3.txt,Set Cover,100,RelaxGrouping,2000,False,min,2,1.4241,na,0.2251904010772705,122766,237845,1993,True
set_cover_n100_m63_d0.3_b_w38_seed3.txt,Set Cover,100,RelaxGrouping,20000,True,min,3,7.9961,1.5465,1.1633837223052979,417077,826142,13990,True
set_cover_n100_m63_d0.3_b_w38_seed3.txt,Set Cover,100,RelaxGrouping,5000,False,min,2,3.2526,na,0.5263814926147461,261385,507218,4990,True
set_cover_n100_m63_d0.3_b_w38_seed4.txt,Set Cover,100,RelaxGrouping,500,True,min,2,0.3528,0.0507,0.013867855072021484,13150,25535,346,True
set_cover_n100_m63_d0.3_b_w38_seed4.txt,Set Cover,100,RelaxGrouping,1000,True,min,2,0.7316,0.1076,0.03055095672607422,25279,49329,669,True
set_cover_n100_m63_d0.3_b_w38_seed3.txt,Set Cover,100,RelaxGrouping,10000,False,min,2,5.7665,na,0.9823064804077148,442516,857717,9995,True
set_cover_n100_m63_d0.3_b_w38_seed4.txt,Set Cover,100,RelaxGrouping,2000,True,min,2,1.3767,0.2073,0.1458446979522705,48075,94298,1135,True
set_cover_n100_m63_d0.3_b_w38_seed3.txt,Set Cover,100,RelaxGrouping,20000,False,min,3,7.9598,na,1.4669058322906494,695663,1343865,19995,True
set_cover_n100_m63_d0.3_b_w38_seed4.txt,Set Cover,100,RelaxGrouping,5000,True,min,2,3.5648,0.5218,0.17300128936767578,124445,245484,2790,True
set_cover_n100_m63_d0.3_b_w38_seed4.txt,Set Cover,100,RelaxGrouping,500,False,min,2,0.3463,na,0.030835866928100586,34974,67386,498,True
set_cover_n100_m63_d0.3_b_w38_seed4.txt,Set Cover,100,RelaxGrouping,1000,False,min,2,0.7205,na,0.06518864631652832,66798,129072,998,True
set_cover_n100_m63_d0.3_b_w38_seed4.txt,Set Cover,100,RelaxGrouping,10000,True,min,2,5.9326,1.043,0.7383337020874023,236101,467659,5902,True
set_cover_n100_m63_d0.3_b_w38_seed4.txt,Set Cover,100,RelaxGrouping,2000,False,min,2,1.3968,na,0.21185302734375,122594,238034,1993,True
set_cover_n100_m63_d0.3_b_w38_seed4.txt,Set Cover,100,RelaxGrouping,5000,False,min,2,3.5273,na,0.3136007785797119,268130,521188,4986,True
set_cover_n100_m63_d0.3_b_w38_seed4.txt,Set Cover,100,RelaxGrouping,20000,True,min,2,9.2096,1.8404,0.6552731990814209,395880,785653,11039,True
set_cover_n100_m63_d0.4_b_w38_seed1.txt,Set Cover,100,RelaxGrouping,500,True,min,2,0.164,0.0195,0.016854286193847656,20657,40949,363,True
set_cover_n100_m63_d0.4_b_w38_seed1.txt,Set Cover,100,RelaxGrouping,1000,True,min,2,0.1642,0.0184,0.01581597328186035,20657,40949,363,True
set_cover_n100_m63_d0.3_b_w38_seed4.txt,Set Cover,100,RelaxGrouping,10000,False,min,2,6.0018,na,0.9251539707183838,465462,906216,9997,True
set_cover_n100_m63_d0.4_b_w38_seed1.txt,Set Cover,100,RelaxGrouping,2000,True,min,2,0.1586,0.0187,0.016096115112304688,20657,40949,363,True
set_cover_n100_m63_d0.4_b_w38_seed1.txt,Set Cover,100,RelaxGrouping,5000,True,min,2,0.1585,0.0175,0.01538228988647461,20657,40949,363,True
set_cover_n100_m63_d0.4_b_w38_seed1.txt,Set Cover,100,RelaxGrouping,10000,True,min,2,0.1612,0.0186,0.016051530838012695,20657,40949,363,True
set_cover_n100_m63_d0.4_b_w38_seed1.txt,Set Cover,100,RelaxGrouping,20000,True,min,2,0.1586,0.018,0.015887975692749023,20657,40949,363,True
set_cover_n100_m63_d0.3_b_w38_seed4.txt,Set Cover,100,RelaxGrouping,20000,False,min,2,9.191,na,1.6189942359924316,768364,1494224,19919,True
set_cover_n100_m63_d0.4_b_w38_seed1.txt,Set Cover,100,RelaxGrouping,500,False,min,2,0.1534,na,0.015359640121459961,20657,40949,363,True
set_cover_n100_m63_d0.4_b_w38_seed1.txt,Set Cover,100,RelaxGrouping,1000,False,min,2,0.1597,na,0.0158998966217041,20657,40949,363,True
set_cover_n100_m63_d0.4_b_w38_seed1.txt,Set Cover,100,RelaxGrouping,2000,False,min,2,0.1568,na,0.0159454345703125,20657,40949,363,True
set_cover_n100_m63_d0.4_b_w38_seed1.txt,Set Cover,100,RelaxGrouping,5000,False,min,2,0.1584,na,0.016420364379882812,20657,40949,363,True
set_cover_n100_m63_d0.4_b_w38_seed1.txt,Set Cover,100,RelaxGrouping,10000,False,min,2,0.1555,na,0.01599717140197754,20657,40949,363,True
set_cover_n100_m63_d0.4_b_w38_seed1.txt,Set Cover,100,RelaxGrouping,20000,False,min,2,0.1587,na,0.015595674514770508,20657,40949,363,True
set_cover_n100_m63_d0.4_b_w38_seed2.txt,Set Cover,100,RelaxGrouping,500,True,min,2,0.1585,0.0179,0.015003204345703125,20657,40949,363,True
set_cover_n100_m63_d0.4_b_w38_seed2.txt,Set Cover,100,RelaxGrouping,1000,True,min,2,0.1576,0.0181,0.01564311981201172,20657,40949,363,True
set_cover_n100_m63_d0.4_b_w38_seed2.txt,Set Cover,100,RelaxGrouping,2000,True,min,2,0.1511,0.0167,0.015062332153320312,20657,40949,363,True
set_cover_n100_m63_d0.4_b_w38_seed2.txt,Set Cover,100,RelaxGrouping,5000,True,min,2,0.1551,0.0184,0.015650272369384766,20657,40949,363,True
set_cover_n100_m63_d0.4_b_w38_seed2.txt,Set Cover,100,RelaxGrouping,10000,True,min,2,0.1561,0.0178,0.01589798927307129,20657,40949,363,True
set_cover_n100_m63_d0.4_b_w38_seed2.txt,Set Cover,100,RelaxGrouping,20000,True,min,2,0.1593,0.0188,0.016144990921020508,20657,40949,363,True
set_cover_n100_m63_d0.4_b_w38_seed2.txt,Set Cover,100,RelaxGrouping,500,False,min,2,0.1581,na,0.015954017639160156,20657,40949,363,True
set_cover_n100_m63_d0.4_b_w38_seed2.txt,Set Cover,100,RelaxGrouping,1000,False,min,2,0.1545,na,0.015591859817504883,20657,40949,363,True
set_cover_n100_m63_d0.4_b_w38_seed2.txt,Set Cover,100,RelaxGrouping,2000,False,min,2,0.1594,na,0.015661001205444336,20657,40949,363,True
set_cover_n100_m63_d0.4_b_w38_seed2.txt,Set Cover,100,RelaxGrouping,5000,False,min,2,0.1586,na,0.016104698181152344,20657,40949,363,True
set_cover_n100_m63_d0.4_b_w38_seed2.txt,Set Cover,100,RelaxGrouping,10000,False,min,2,0.159,na,0.016434431076049805,20657,40949,363,True
set_cover_n100_m63_d0.4_b_w38_seed2.txt,Set Cover,100,RelaxGrouping,20000,False,min,2,0.1578,na,0.016061067581176758,20657,40949,363,True
set_cover_n100_m63_d0.4_b_w38_seed3.txt,Set Cover,100,RelaxGrouping,500,True,min,2,0.1554,0.0183,0.01613759994506836,20657,40949,363,True
set_cover_n100_m63_d0.4_b_w38_seed3.txt,Set Cover,100,RelaxGrouping,1000,True,min,2,0.155,0.0179,0.0158846378326416,20657,40949,363,True
set_cover_n100_m63_d0.4_b_w38_seed3.txt,Set Cover,100,RelaxGrouping,2000,True,min,2,0.1593,0.019,0.016171932220458984,20657,40949,363,True
set_cover_n100_m63_d0.4_b_w38_seed3.txt,Set Cover,100,RelaxGrouping,5000,True,min,2,0.1563,0.0184,0.015451908111572266,20657,40949,363,True
set_cover_n100_m63_d0.4_b_w38_seed3.txt,Set Cover,100,RelaxGrouping,10000,True,min,2,0.1591,0.0186,0.016719341278076172,20657,40949,363,True
set_cover_n100_m63_d0.4_b_w38_seed3.txt,Set Cover,100,RelaxGrouping,20000,True,min,2,0.1587,0.0184,0.015547037124633789,20657,40949,363,True
set_cover_n100_m63_d0.4_b_w38_seed3.txt,Set Cover,100,RelaxGrouping,500,False,min,2,0.1526,na,0.015015363693237305,20657,40949,363,True
set_cover_n100_m63_d0.4_b_w38_seed3.txt,Set Cover,100,RelaxGrouping,1000,False,min,2,0.1486,na,0.015465974807739258,20657,40949,363,True
set_cover_n100_m63_d0.4_b_w38_seed3.txt,Set Cover,100,RelaxGrouping,2000,False,min,2,0.1528,na,0.015552520751953125,20657,40949,363,True
set_cover_n100_m63_d0.4_b_w38_seed3.txt,Set Cover,100,RelaxGrouping,5000,False,min,2,0.154,na,0.0160062313079834,20657,40949,363,True
set_cover_n100_m63_d0.4_b_w38_seed3.txt,Set Cover,100,RelaxGrouping,10000,False,min,2,0.1558,na,0.015851259231567383,20657,40949,363,True
set_cover_n100_m63_d0.4_b_w38_seed3.txt,Set Cover,100,RelaxGrouping,20000,False,min,2,0.1591,na,0.01638174057006836,20657,40949,363,True
set_cover_n100_m63_d0.4_b_w38_seed4.txt,Set Cover,100,RelaxGrouping,500,True,min,2,0.1559,0.018,0.01596379280090332,20657,40949,363,True
set_cover_n100_m63_d0.4_b_w38_seed4.txt,Set Cover,100,RelaxGrouping,1000,True,min,2,0.1575,0.0171,0.014962434768676758,20657,40949,363,True
set_cover_n100_m63_d0.4_b_w38_seed4.txt,Set Cover,100,RelaxGrouping,2000,True,min,2,0.1633,0.0179,0.015455007553100586,20657,40949,363,True
set_cover_n100_m63_d0.4_b_w38_seed4.txt,Set Cover,100,RelaxGrouping,5000,True,min,2,0.1596,0.0181,0.01540827751159668,20657,40949,363,True
set_cover_n100_m63_d0.4_b_w38_seed4.txt,Set Cover,100,RelaxGrouping,10000,True,min,2,0.158,0.0172,0.01566624641418457,20657,40949,363,True
set_cover_n100_m63_d0.4_b_w38_seed4.txt,Set Cover,100,RelaxGrouping,20000,True,min,2,0.1601,0.0186,0.016037702560424805,20657,40949,363,True
set_cover_n100_m63_d0.4_b_w38_seed4.txt,Set Cover,100,RelaxGrouping,500,False,min,2,0.1577,na,0.015839576721191406,20657,40949,363,True
set_cover_n100_m63_d0.4_b_w38_seed4.txt,Set Cover,100,RelaxGrouping,1000,False,min,2,0.1558,na,0.016417980194091797,20657,40949,363,True
set_cover_n100_m63_d0.4_b_w38_seed4.txt,Set Cover,100,RelaxGrouping,2000,False,min,2,0.1592,na,0.01646900177001953,20657,40949,363,True
set_cover_n100_m63_d0.4_b_w38_seed4.txt,Set Cover,100,RelaxGrouping,5000,False,min,2,0.1536,na,0.01617288589477539,20657,40949,363,True
set_cover_n100_m63_d0.4_b_w38_seed4.txt,Set Cover,100,RelaxGrouping,10000,False,min,2,0.1593,na,0.016182422637939453,20657,40949,363,True
set_cover_n100_m63_d0.4_b_w38_seed4.txt,Set Cover,100,RelaxGrouping,20000,False,min,2,0.1613,na,0.01572871208190918,20657,40949,363,True
set_cover_n100_m63_d0.05_b_w38_seed1.txt,Set Cover,100,RelaxGrouping,500,True,min,3,0.263,0.0372,0.023230314254760742,11147,18910,416,True
set_cover_n100_m63_d0.05_b_w38_seed1.txt,Set Cover,100,RelaxGrouping,1000,True,min,3,0.5357,0.0731,0.037430524826049805,21462,35898,788,True
set_cover_n100_m63_d0.05_b_w38_seed1.txt,Set Cover,100,RelaxGrouping,2000,True,min,3,1.3386,0.1549,0.036284446716308594,32773,55210,1330,True
set_cover_n100_m63_d0.05_b_w38_seed1.txt,Set Cover,100,RelaxGrouping,5000,True,min,4,3.9297,0.4347,0.09637737274169922,80885,134871,2687,True
set_cover_n100_m63_d0.05_b_w38_seed1.txt,Set Cover,100,RelaxGrouping,500,False,min,3,0.2769,na,0.04237771034240723,28370,48045,497,True
set_cover_n100_m63_d0.05_b_w38_seed1.txt,Set Cover,100,RelaxGrouping,1000,False,min,3,0.5632,na,0.0849153995513916,54474,91785,980,True
set_cover_n100_m63_d0.05_b_w38_seed1.txt,Set Cover,100,RelaxGrouping,2000,False,min,3,1.4264,na,0.2077486515045166,105998,179862,1982,True
set_cover_n100_m63_d0.05_b_w38_seed1.txt,Set Cover,100,RelaxGrouping,10000,True,min,4,8.694,0.9979,0.4301433563232422,142878,236781,5684,True
set_cover_n100_m63_d0.05_b_w38_seed1.txt,Set Cover,100,RelaxGrouping,5000,False,min,4,4.0237,na,0.5052287578582764,250555,418941,4944,True
set_cover_n100_m63_d0.5_b_w38_seed1.txt,Set Cover,100,RelaxGrouping,500,True,min,2,0.165,0.0194,0.016654491424560547,20657,40949,363,True
set_cover_n100_m63_d0.5_b_w38_seed1.txt,Set Cover,100,RelaxGrouping,1000,True,min,2,0.1667,0.0196,0.01678323745727539,20657,40949,363,True
set_cover_n100_m63_d0.5_b_w38_seed1.txt,Set Cover,100,RelaxGrouping,2000,True,min,2,0.168,0.0198,0.016695499420166016,20657,40949,363,True
set_cover_n100_m63_d0.05_b_w38_seed1.txt,Set Cover,100,RelaxGrouping,10000,False,min,4,8.8079,na,1.120370626449585,487840,822773,9961,True
set_cover_n100_m63_d0.5_b_w38_seed1.txt,Set Cover,100,RelaxGrouping,5000,True,min,2,0.1619,0.0185,0.015722036361694336,20657,40949,363,True
set_cover_n100_m63_d0.5_b_w38_seed1.txt,Set Cover,100,RelaxGrouping,10000,True,min,2,0.1634,0.0192,0.016217470169067383,20657,40949,363,True
set_cover_n100_m63_d0.05_b_w38_seed1.txt,Set Cover,100,RelaxGrouping,20000,True,min,4,19.9526,2.0771,0.3555779457092285,258952,430657,9735,True
set_cover_n100_m63_d0.5_b_w38_seed1.txt,Set Cover,100,RelaxGrouping,20000,True,min,2,0.1582,0.0186,0.01641058921813965,20657,40949,363,True
set_cover_n100_m63_d0.5_b_w38_seed1.txt,Set Cover,100,RelaxGrouping,500,False,min,2,0.1607,na,0.016464948654174805,20657,40949,363,True
set_cover_n100_m63_d0.5_b_w38_seed1.txt,Set Cover,100,RelaxGrouping,1000,False,min,2,0.1584,na,0.016652822494506836,20657,40949,363,True
set_cover_n100_m63_d0.5_b_w38_seed1.txt,Set Cover,100,RelaxGrouping,2000,False,min,2,0.1593,na,0.016376495361328125,20657,40949,363,True
set_cover_n100_m63_d0.5_b_w38_seed1.txt,Set Cover,100,RelaxGrouping,5000,False,min,2,0.1593,na,0.016342639923095703,20657,40949,363,True
set_cover_n100_m63_d0.5_b_w38_seed1.txt,Set Cover,100,RelaxGrouping,10000,False,min,2,0.1614,na,0.016155004501342773,20657,40949,363,True
set_cover_n100_m63_d0.05_b_w38_seed1.txt,Set Cover,100,RelaxGrouping,20000,False,min,4,19.2443,na,2.304077625274658,940729,1581299,19954,True
set_cover_n100_m63_d0.5_b_w38_seed1.txt,Set Cover,100,RelaxGrouping,20000,False,min,2,0.1594,na,0.016407489776611328,20657,40949,363,True
set_cover_n100_m63_d0.05_b_w38_seed2.txt,Set Cover,100,RelaxGrouping,500,True,min,2,0.2635,0.0369,0.025625228881835938,13500,22609,461,True
set_cover_n100_m63_d0.05_b_w38_seed2.txt,Set Cover,100,RelaxGrouping,1000,True,min,3,0.5488,0.073,0.04160904884338379,21171,35240,659,True
set_cover_n100_m63_d0.05_b_w38_seed2.txt,Set Cover,100,RelaxGrouping,2000,True,min,3,1.3258,0.1539,0.03756904602050781,41543,68509,1595,True
set_cover_n100_m63_d0.05_b_w38_seed2.txt,Set Cover,100,RelaxGrouping,5000,True,min,3,3.591,0.4192,0.24002623558044434,87913,144487,2915,True
set_cover_n100_m63_d0.05_b_w38_seed2.txt,Set Cover,100,RelaxGrouping,500,False,min,2,0.273,na,0.046974897384643555,29520,49133,498,True
set_cover_n100_m63_d0.05_b_w38_seed2.txt,Set Cover,100,RelaxGrouping,1000,False,min,3,0.5374,na,0.09443020820617676,54857,90782,998,True
set_cover_n100_m63_d0.05_b_w38_seed2.txt,Set Cover,100,RelaxGrouping,2000,False,min,3,1.4023,na,0.09882926940917969,106202,176978,1992,True
set_cover_n100_m63_d0.05_b_w38_seed2.txt,Set Cover,100,RelaxGrouping,10000,True,min,4,8.0523,0.9338,0.18350529670715332,144627,240556,4446,True
set_cover_n100_m63_d0.05_b_w38_seed2.txt,Set Cover,100,RelaxGrouping,5000,False,min,3,3.8219,na,0.4680185317993164,242882,405119,4985,True
set_cover_n100_m63_d0.5_b_w38_seed2.txt,Set Cover,100,RelaxGrouping,500,True,min,2,0.1697,0.02,0.01715874671936035,20657,40949,363,True
set_cover_n100_m63_d0.5_b_w38_seed2.txt,Set Cover,100,RelaxGrouping,1000,True,min,2,0.1693,0.0196,0.016772031784057617,20657,40949,363,True
set_cover_n100_m63_d0.5_b_w38_seed2.txt,Set Cover,100,RelaxGrouping,2000,True,min,2,0.1681,0.0197,0.016946792602539062,20657,40949,363,True
set_cover_n100_m63_d0.05_b_w38_seed2.txt,Set Cover,100,RelaxGrouping,10000,False,min,4,8.3092,na,1.0235600471496582,451438,755522,9933,True
set_cover_n100_m63_d0.05_b_w38_seed2.txt,Set Cover,100,RelaxGrouping,20000,True,min,4,17.7595,1.9991,0.3325490951538086,247591,409180,9085,True
set_cover_n100_m63_d0.5_b_w38_seed2.txt,Set Cover,100,RelaxGrouping,5000,True,min,2,0.162,0.0185,0.015880584716796875,20657,40949,363,True
set_cover_n100_m63_d0.5_b_w38_seed2.txt,Set Cover,100,RelaxGrouping,10000,True,min,2,0.1593,0.0184,0.0160369873046875,20657,40949,363,True
set_cover_n100_m63_d0.5_b_w38_seed2.txt,Set Cover,100,RelaxGrouping,20000,True,min,2,0.1555,0.0173,0.01492619514465332,20657,40949,363,True
set_cover_n100_m63_d0.5_b_w38_seed2.txt,Set Cover,100,RelaxGrouping,500,False,min,2,0.1589,na,0.016260385513305664,20657,40949,363,True
set_cover_n100_m63_d0.5_b_w38_seed2.txt,Set Cover,100,RelaxGrouping,1000,False,min,2,0.1627,na,0.01635432243347168,20657,40949,363,True
set_cover_n100_m63_d0.5_b_w38_seed2.txt,Set Cover,100,RelaxGrouping,2000,False,min,2,0.161,na,0.01661229133605957,20657,40949,363,True
set_cover_n100_m63_d0.5_b_w38_seed2.txt,Set Cover,100,RelaxGrouping,5000,False,min,2,0.1633,na,0.016051292419433594,20657,40949,363,True
set_cover_n100_m63_d0.05_b_w38_seed2.txt,Set Cover,100,RelaxGrouping,20000,False,min,4,17.262,na,1.9956481456756592,861604,1449934,19983,True
set_cover_n100_m63_d0.5_b_w38_seed2.txt,Set Cover,100,RelaxGrouping,10000,False,min,2,0.1616,na,0.016453027725219727,20657,40949,363,True
set_cover_n100_m63_d0.5_b_w38_seed2.txt,Set Cover,100,RelaxGrouping,20000,False,min,2,0.1583,na,0.016244173049926758,20657,40949,363,True
set_cover_n100_m63_d0.05_b_w38_seed3.txt,Set Cover,100,RelaxGrouping,500,True,min,3,0.2299,0.0282,0.007275581359863281,9944,16526,257,True
set_cover_n100_m63_d0.05_b_w38_seed3.txt,Set Cover,100,RelaxGrouping,1000,True,min,3,0.5119,0.0698,0.02007603645324707,19680,32614,517,True
set_cover_n100_m63_d0.05_b_w38_seed3.txt,Set Cover,100,RelaxGrouping,2000,True,min,4,1.1535,0.1442,0.10005402565002441,34990,58215,1016,True
set_cover_n100_m63_d0.05_b_w38_seed3.txt,Set Cover,100,RelaxGrouping,5000,True,min,4,3.2232,0.3778,0.18717217445373535,58325,98773,1458,True
set_cover_n100_m63_d0.05_b_w38_seed3.txt,Set Cover,100,RelaxGrouping,500,False,min,3,0.2443,na,0.04658794403076172,25782,43137,497,True
set_cover_n100_m63_d0.05_b_w38_seed3.txt,Set Cover,100,RelaxGrouping,1000,False,min,3,0.5171,na,0.09282112121582031,51201,85457,995,True
set_cover_n100_m63_d0.05_b_w38_seed3.txt,Set Cover,100,RelaxGrouping,2000,False,min,4,1.2379,na,0.1848454475402832,99419,165782,1975,True
set_cover_n100_m63_d0.05_b_w38_seed3.txt,Set Cover,100,RelaxGrouping,10000,True,min,4,8.1365,0.8883,0.19971251487731934,144043,242268,4355,True
set_cover_n100_m63_d0.05_b_w38_seed3.txt,Set Cover,100,RelaxGrouping,5000,False,min,4,3.3888,na,0.4229724407196045,213205,360899,4973,True
set_cover_n100_m63_d0.5_b_w38_seed3.txt,Set Cover,100,RelaxGrouping,500,True,min,2,0.1689,0.0192,0.01644587516784668,20657,40949,363,True
set_cover_n100_m63_d0.5_b_w38_seed3.txt,Set Cover,100,RelaxGrouping,1000,True,min,2,0.1683,0.0195,0.016984224319458008,20657,40949,363,True
set_cover_n100_m63_d0.5_b_w38_seed3.txt,Set Cover,100,RelaxGrouping,2000,True,min,2,0.1681,0.0188,0.01616835594177246,20657,40949,363,True
set_cover_n100_m63_d0.05_b_w38_seed3.txt,Set Cover,100,RelaxGrouping,10000,False,min,4,8.1674,na,0.9455373287200928,446112,747722,9969,True
set_cover_n100_m63_d0.05_b_w38_seed3.txt,Set Cover,100,RelaxGrouping,20000,True,min,4,15.6592,1.8163,0.3301091194152832,227617,381339,8843,True
set_cover_n100_m63_d0.5_b_w38_seed3.txt,Set Cover,100,RelaxGrouping,5000,True,min,2,0.1572,0.0174,0.014902591705322266,20657,40949,363,True
set_cover_n100_m63_d0.5_b_w38_seed3.txt,Set Cover,100,RelaxGrouping,10000,True,min,2,0.1596,0.019,0.015881776809692383,20657,40949,363,True
set_cover_n100_m63_d0.5_b_w38_seed3.txt,Set Cover,100,RelaxGrouping,20000,True,min,2,0.1623,0.0191,0.016449451446533203,20657,40949,363,True
set_cover_n100_m63_d0.5_b_w38_seed3.txt,Set Cover,100,RelaxGrouping,500,False,min,2,0.165,na,0.016865968704223633,20657,40949,363,True
set_cover_n100_m63_d0.5_b_w38_seed3.txt,Set Cover,100,RelaxGrouping,1000,False,min,2,0.1657,na,0.016648054122924805,20657,40949,363,True
set_cover_n100_m63_d0.5_b_w38_seed3.txt,Set Cover,100,RelaxGrouping,2000,False,min,2,0.16,na,0.01655125617980957,20657,40949,363,True
set_cover_n100_m63_d0.05_b_w38_seed3.txt,Set Cover,100,RelaxGrouping,20000,False,min,4,15.4434,na,1.8643779754638672,814349,1373203,19922,True
set_cover_n100_m63_d0.5_b_w38_seed3.txt,Set Cover,100,RelaxGrouping,5000,False,min,2,0.1572,na,0.016528606414794922,20657,40949,363,True
set_cover_n100_m63_d0.5_b_w38_seed3.txt,Set Cover,100,RelaxGrouping,10000,False,min,2,0.1534,na,0.015087366104125977,20657,40949,363,True
set_cover_n100_m63_d0.5_b_w38_seed3.txt,Set Cover,100,RelaxGrouping,20000,False,min,2,0.159,na,0.016030073165893555,20657,40949,363,True
set_cover_n100_m63_d0.05_b_w38_seed4.txt,Set Cover,100,RelaxGrouping,500,True,min,2,0.238,0.0287,0.009099960327148438,11111,18399,459,True
set_cover_n100_m63_d0.05_b_w38_seed4.txt,Set Cover,100,RelaxGrouping,1000,True,min,2,0.5149,0.0686,0.020136356353759766,19987,32991,872,True
set_cover_n100_m63_d0.05_b_w38_seed4.txt,Set Cover,100,RelaxGrouping,2000,True,min,3,1.1596,0.1425,0.03734993934631348,38035,62580,1647,True
set_cover_n100_m63_d0.05_b_w38_seed4.txt,Set Cover,100,RelaxGrouping,5000,True,min,3,3.5876,0.3936,0.10199713706970215,92702,151412,4325,True
set_cover_n100_m63_d0.05_b_w38_seed4.txt,Set Cover,100,RelaxGrouping,500,False,min,2,0.2575,na,0.042227745056152344,26237,43683,497,True
set_cover_n100_m63_d0.05_b_w38_seed4.txt,Set Cover,100,RelaxGrouping,1000,False,min,2,0.5212,na,0.08619356155395508,52345,86521,993,True
set_cover_n100_m63_d0.05_b_w38_seed4.txt,Set Cover,100,RelaxGrouping,2000,False,min,3,1.2358,na,0.18772029876708984,100551,166210,1986,True
set_cover_n100_m63_d0.05_b_w38_seed4.txt,Set Cover,100,RelaxGrouping,10000,True,min,4,8.2802,0.892,0.17629146575927734,154274,252396,7621,True
set_cover_n100_m63_d0.05_b_w38_seed4.txt,Set Cover,100,RelaxGrouping,5000,False,min,3,3.7299,na,0.4982113838195801,244223,401607,4992,True
set_cover_n100_m63_d0.5_b_w38_seed4.txt,Set Cover,100,RelaxGrouping,500,True,min,2,0.1675,0.019,0.016654491424560547,20657,40949,363,True
set_cover_n100_m63_d0.5_b_w38_seed4.txt,Set Cover,100,RelaxGrouping,1000,True,min,2,0.1694,0.0194,0.016554594039916992,20657,40949,363,True
set_cover_n100_m63_d0.5_b_w38_seed4.txt,Set Cover,100,RelaxGrouping,2000,True,min,2,0.1687,0.0195,0.016609907150268555,20657,40949,363,True
set_cover_n100_m63_d0.05_b_w38_seed4.txt,Set Cover,100,RelaxGrouping,10000,False,min,4,8.3212,na,0.9813756942749023,459831,760294,9946,True
set_cover_n100_m63_d0.05_b_w38_seed4.txt,Set Cover,100,RelaxGrouping,20000,True,min,4,17.0038,1.9293,0.7812249660491943,273762,447323,13848,True
set_cover_n100_m63_d0.5_b_w38_seed4.txt,Set Cover,100,RelaxGrouping,5000,True,min,2,0.164,0.0189,0.016027212142944336,20657,40949,363,True
set_cover_n100_m63_d0.5_b_w38_seed4.txt,Set Cover,100,RelaxGrouping,10000,True,min,2,0.1607,0.0186,0.016213178634643555,20657,40949,363,True
set_cover_n100_m63_d0.5_b_w38_seed4.txt,Set Cover,100,RelaxGrouping,20000,True,min,2,0.1586,0.0175,0.015468358993530273,20657,40949,363,True
set_cover_n100_m63_d0.5_b_w38_seed4.txt,Set Cover,100,RelaxGrouping,500,False,min,2,0.1576,na,0.016190767288208008,20657,40949,363,True
set_cover_n100_m63_d0.5_b_w38_seed4.txt,Set Cover,100,RelaxGrouping,1000,False,min,2,0.1566,na,0.016547679901123047,20657,40949,363,True
set_cover_n100_m63_d0.5_b_w38_seed4.txt,Set Cover,100,RelaxGrouping,2000,False,min,2,0.159,na,0.016189098358154297,20657,40949,363,True
set_cover_n100_m63_d0.5_b_w38_seed4.txt,Set Cover,100,RelaxGrouping,5000,False,min,2,0.16,na,0.015966415405273438,20657,40949,363,True
set_cover_n100_m63_d0.05_b_w38_seed4.txt,Set Cover,100,RelaxGrouping,20000,False,min,4,16.5135,na,1.966865062713623,883426,1454920,19913,True
set_cover_n100_m63_d0.5_b_w38_seed4.txt,Set Cover,100,RelaxGrouping,10000,False,min,2,0.1572,na,0.0165407657623291,20657,40949,363,True
set_cover_n100_m63_d0.5_b_w38_seed4.txt,Set Cover,100,RelaxGrouping,20000,False,min,2,0.1579,na,0.016315460205078125,20657,40949,363,True
set_cover_n100_m63_d0.15_b_w38_seed1.txt,Set Cover,100,RelaxGrouping,500,True,min,2,0.3583,0.0485,0.010970830917358398,9151,16993,217,True
set_cover_n100_m63_d0.15_b_w38_seed1.txt,Set Cover,100,RelaxGrouping,1000,True,min,2,0.7837,0.1003,0.02292776107788086,17905,33457,416,True
set_cover_n100_m63_d0.15_b_w38_seed1.txt,Set Cover,100,RelaxGrouping,2000,True,min,2,1.9126,0.2322,0.0444948673248291,33277,62494,707,True
set_cover_n100_m63_d0.15_b_w38_seed1.txt,Set Cover,100,RelaxGrouping,500,False,min,2,0.3735,na,0.029654502868652344,32868,59934,495,True
set_cover_n100_m63_d0.15_b_w38_seed1.txt,Set Cover,100,RelaxGrouping,5000,True,min,2,5.752,0.6065,0.10666131973266602,74315,139934,1939,True
set_cover_n100_m63_d0.15_b_w38_seed1.txt,Set Cover,100,RelaxGrouping,1000,False,min,2,0.8455,na,0.06516504287719727,64953,118173,996,True
set_cover_n100_m63_d0.15_b_w38_seed1.txt,Set Cover,100,RelaxGrouping,2000,False,min,2,1.9868,na,0.13231897354125977,126362,230935,1978,True
set_cover_n100_m63_d0.15_b_w38_seed1.txt,Set Cover,100,RelaxGrouping,10000,True,min,3,12.3266,1.4285,0.22981595993041992,139878,265263,3546,True
set_cover_n100_m63_d0.15_b_w38_seed1.txt,Set Cover,100,RelaxGrouping,5000,False,min,2,5.8311,na,0.7362596988677979,306184,561079,4965,True
set_cover_n100_m63_d0.15_b_w38_seed2.txt,Set Cover,100,RelaxGrouping,500,True,min,2,0.3866,0.0536,0.010976314544677734,8726,16057,235,True
set_cover_n100_m63_d0.15_b_w38_seed2.txt,Set Cover,100,RelaxGrouping,1000,True,min,2,0.8984,0.1066,0.01753830909729004,14233,26375,381,True
set_cover_n100_m63_d0.15_b_w38_seed2.txt,Set Cover,100,RelaxGrouping,2000,True,min,2,2.0898,0.2386,0.03856945037841797,28629,53408,1044,True
set_cover_n100_m63_d0.15_b_w38_seed1.txt,Set Cover,100,RelaxGrouping,10000,False,min,3,12.5336,na,1.6623988151550293,592276,1089243,9985,True
set_cover_n100_m63_d0.15_b_w38_seed1.txt,Set Cover,100,RelaxGrouping,20000,True,min,3,25.782,3.2583,0.47614216804504395,266409,507252,6530,True
set_cover_n100_m63_d0.15_b_w38_seed2.txt,Set Cover,100,RelaxGrouping,5000,True,min,2,6.0938,0.6753,0.09704446792602539,65942,123424,2512,True
set_cover_n100_m63_d0.15_b_w38_seed2.txt,Set Cover,100,RelaxGrouping,500,False,min,2,0.3877,na,0.030839920043945312,34533,63323,495,True
set_cover_n100_m63_d0.15_b_w38_seed2.txt,Set Cover,100,RelaxGrouping,1000,False,min,2,0.879,na,0.0672764778137207,67859,124240,994,True
set_cover_n100_m63_d0.15_b_w38_seed1.txt,Set Cover,100,RelaxGrouping,20000,False,min,3,25.9755,na,3.3760509490966797,1158063,2133471,19966,True
set_cover_n100_m63_d0.15_b_w38_seed2.txt,Set Cover,100,RelaxGrouping,2000,False,min,2,2.0972,na,0.2889530658721924,134878,247632,1986,True
set_cover_n100_m63_d0.15_b_w38_seed2.txt,Set Cover,100,RelaxGrouping,10000,True,min,2,13.4523,1.5057,0.17021965980529785,109573,206431,4829,True
set_cover_n100_m63_d0.15_b_w38_seed2.txt,Set Cover,100,RelaxGrouping,5000,False,min,2,5.9472,na,0.7639806270599365,327884,601383,4984,True
set_cover_n100_m63_d0.15_b_w38_seed3.txt,Set Cover,100,RelaxGrouping,500,True,min,2,0.3896,0.0522,0.011796712875366211,9567,18032,185,True
set_cover_n100_m63_d0.15_b_w38_seed3.txt,Set Cover,100,RelaxGrouping,1000,True,min,2,0.895,0.1093,0.022966623306274414,18050,33842,450,True
set_cover_n100_m63_d0.15_b_w38_seed3.txt,Set Cover,100,RelaxGrouping,2000,True,min,2,2.0803,0.232,0.04681730270385742,34685,64920,920,True
set_cover_n100_m63_d0.15_b_w38_seed2.txt,Set Cover,100,RelaxGrouping,10000,False,min,2,13.2517,na,1.6806669235229492,628847,1159601,9975,True
set_cover_n100_m63_d0.15_b_w38_seed2.txt,Set Cover,100,RelaxGrouping,20000,True,min,2,27.5279,3.3826,0.4314420223236084,241054,454786,10373,True
set_cover_n100_m63_d0.15_b_w38_seed3.txt,Set Cover,100,RelaxGrouping,5000,True,min,2,6.047,0.6543,0.12363028526306152,86032,161117,2489,True
set_cover_n100_m63_d0.15_b_w38_seed3.txt,Set Cover,100,RelaxGrouping,500,False,min,2,0.3848,na,0.030038833618164062,34643,63465,495,True
set_cover_n100_m63_d0.15_b_w38_seed3.txt,Set Cover,100,RelaxGrouping,1000,False,min,2,0.8961,na,0.1374979019165039,67121,123541,996,True
set_cover_n100_m63_d0.15_b_w38_seed3.txt,Set Cover,100,RelaxGrouping,2000,False,min,2,2.0436,na,0.14017724990844727,132117,242220,1971,True
set_cover_n100_m63_d0.15_b_w38_seed3.txt,Set Cover,100,RelaxGrouping,10000,True,min,2,12.559,1.5159,0.246201753616333,149934,283234,4077,True
set_cover_n100_m63_d0.15_b_w38_seed2.txt,Set Cover,100,RelaxGrouping,20000,False,min,2,27.822,na,3.5171375274658203,1254772,2310409,19958,True
set_cover_n100_m63_d0.15_b_w38_seed3.txt,Set Cover,100,RelaxGrouping,5000,False,min,2,5.9461,na,0.77117919921875,320871,589008,4961,True
set_cover_n100_m63_d0.15_b_w38_seed4.txt,Set Cover,100,RelaxGrouping,500,True,min,2,0.4033,0.0515,0.010596275329589844,8711,16104,198,True
set_cover_n100_m63_d0.15_b_w38_seed4.txt,Set Cover,100,RelaxGrouping,1000,True,min,2,0.9052,0.1062,0.019665241241455078,15316,28614,349,True
set_cover_n100_m63_d0.15_b_w38_seed4.txt,Set Cover,100,RelaxGrouping,2000,True,min,2,2.0597,0.2307,0.03915047645568848,28138,52688,651,True
set_cover_n100_m63_d0.15_b_w38_seed3.txt,Set Cover,100,RelaxGrouping,10000,False,min,2,12.9082,na,1.5938892364501953,601723,1108805,9988,True
set_cover_n100_m63_d0.15_b_w38_seed3.txt,Set Cover,100,RelaxGrouping,20000,True,min,3,25.6331,3.2968,0.5019330978393555,282244,534480,8486,True
set_cover_n100_m63_d0.15_b_w38_seed4.txt,Set Cover,100,RelaxGrouping,5000,True,min,2,6.0059,0.6295,0.09414100646972656,65583,122665,1620,True
set_cover_n100_m63_d0.15_b_w38_seed4.txt,Set Cover,100,RelaxGrouping,500,False,min,2,0.3715,na,0.030130863189697266,33852,61497,495,True
set_cover_n100_m63_d0.15_b_w38_seed4.txt,Set Cover,100,RelaxGrouping,1000,False,min,2,0.8757,na,0.06426572799682617,66020,120071,992,True
set_cover_n100_m63_d0.15_b_w38_seed4.txt,Set Cover,100,RelaxGrouping,2000,False,min,2,2.0494,na,0.1379232406616211,130580,238004,1997,True
set_cover_n100_m63_d0.15_b_w38_seed3.txt,Set Cover,100,RelaxGrouping,20000,False,min,3,26.045,na,3.3163399696350098,1159454,2144970,19967,True
set_cover_n100_m63_d0.15_b_w38_seed4.txt,Set Cover,100,RelaxGrouping,10000,True,min,2,12.3207,1.3852,0.5305502414703369,129413,241925,4116,True
set_cover_n100_m63_d0.15_b_w38_seed4.txt,Set Cover,100,RelaxGrouping,5000,False,min,2,6.0575,na,0.7648358345031738,316301,578379,4992,True
set_cover_n100_m63_d0.25_b_w38_seed1.txt,Set Cover,100,RelaxGrouping,500,True,min,2,0.3904,0.0544,0.013032913208007812,10849,20862,248,True
set_cover_n100_m63_d0.25_b_w38_seed1.txt,Set Cover,100,RelaxGrouping,1000,True,min,2,0.8102,0.1098,0.06831669807434082,18966,36795,508,True
set_cover_n100_m63_d0.25_b_w38_seed1.txt,Set Cover,100,RelaxGrouping,2000,True,min,2,1.8434,0.2385,0.04955458641052246,37149,72387,977,True
set_cover_n100_m63_d0.15_b_w38_seed4.txt,Set Cover,100,RelaxGrouping,10000,False,min,2,12.3363,na,1.6181693077087402,599600,1098191,9964,True
set_cover_n100_m63_d0.15_b_w38_seed4.txt,Set Cover,100,RelaxGrouping,20000,True,min,2,26.1061,3.1399,0.37455105781555176,223600,421006,7045,True
set_cover_n100_m63_d0.25_b_w38_seed1.txt,Set Cover,100,RelaxGrouping,5000,True,min,2,5.188,0.6879,0.15121746063232422,102774,201683,2520,True
set_cover_n100_m63_d0.25_b_w38_seed1.txt,Set Cover,100,RelaxGrouping,500,False,min,2,0.3796,na,0.031891822814941406,35432,67125,497,True
set_cover_n100_m63_d0.25_b_w38_seed1.txt,Set Cover,100,RelaxGrouping,1000,False,min,2,0.8148,na,0.1350550651550293,68988,130828,996,True
set_cover_n100_m63_d0.25_b_w38_seed1.txt,Set Cover,100,RelaxGrouping,10000,True,min,2,10.0581,1.4894,0.7849693298339844,213294,418968,5654,True
set_cover_n100_m63_d0.25_b_w38_seed1.txt,Set Cover,100,RelaxGrouping,2000,False,min,2,1.8759,na,0.29233217239379883,134394,255969,1988,True
set_cover_n100_m63_d0.15_b_w38_seed4.txt,Set Cover,100,RelaxGrouping,20000,False,min,2,25.7799,na,3.2922983169555664,1137838,2094539,19966,True
set_cover_n100_m63_d0.25_b_w38_seed1.txt,Set Cover,100,RelaxGrouping,5000,False,min,2,5.2082,na,0.7456936836242676,324337,620721,4987,True
set_cover_n100_m63_d0.25_b_w38_seed2.txt,Set Cover,100,RelaxGrouping,500,True,min,2,0.3912,0.0536,0.012916088104248047,10485,20271,217,True
set_cover_n100_m63_d0.25_b_w38_seed2.txt,Set Cover,100,RelaxGrouping,1000,True,min,2,0.8165,0.113,0.07360148429870605,20345,39425,527,True
set_cover_n100_m63_d0.25_b_w38_seed1.txt,Set Cover,100,RelaxGrouping,20000,True,min,2,18.5798,3.1686,1.4955942630767822,367500,724236,8889,True
set_cover_n100_m63_d0.25_b_w38_seed1.txt,Set Cover,100,RelaxGrouping,10000,False,min,2,10.0223,na,1.5081684589385986,615381,1179672,9990,True
set_cover_n100_m63_d0.25_b_w38_seed2.txt,Set Cover,100,RelaxGrouping,2000,True,min,2,1.8224,0.2257,0.05402636528015137,42096,81829,1132,True
set_cover_n100_m63_d0.25_b_w38_seed2.txt,Set Cover,100,RelaxGrouping,5000,True,min,2,4.5029,0.6371,0.37915682792663574,105565,206580,2548,True
set_cover_n100_m63_d0.25_b_w38_seed2.txt,Set Cover,100,RelaxGrouping,500,False,min,2,0.3917,na,0.032256364822387695,35371,67045,498,True
set_cover_n100_m63_d0.25_b_w38_seed1.txt,Set Cover,100,RelaxGrouping,20000,False,min,2,18.3115,na,2.900480270385742,1111715,2138807,19979,True
set_cover_n100_m63_d0.25_b_w38_seed2.txt,Set Cover,100,RelaxGrouping,1000,False,min,2,0.8141,na,0.13964509963989258,69326,131881,1000,True
set_cover_n100_m63_d0.25_b_w38_seed2.txt,Set Cover,100,RelaxGrouping,2000,False,min,2,1.8258,na,0.14274883270263672,133342,254260,1989,True
set_cover_n100_m63_d0.25_b_w38_seed2.txt,Set Cover,100,RelaxGrouping,10000,True,min,2,9.4808,1.331,0.3602311611175537,215148,423059,4999,True
set_cover_n100_m63_d0.25_b_w38_seed2.txt,Set Cover,100,RelaxGrouping,5000,False,min,2,4.5913,na,0.6759469509124756,305476,585405,4987,True
set_cover_n100_m63_d0.25_b_w38_seed3.txt,Set Cover,100,RelaxGrouping,500,True,min,2,0.377,0.053,0.012432575225830078,10312,19890,215,True
set_cover_n100_m63_d0.25_b_w38_seed3.txt,Set Cover,100,RelaxGrouping,1000,True,min,2,0.7873,0.1087,0.027122974395751953,21458,41542,516,True
set_cover_n100_m63_d0.25_b_w38_seed2.txt,Set Cover,100,RelaxGrouping,20000,True,min,2,18.4259,2.962,0.667841911315918,383776,755342,10313,True
set_cover_n100_m63_d0.25_b_w38_seed3.txt,Set Cover,100,RelaxGrouping,2000,True,min,2,1.6827,0.2235,0.13425016403198242,37753,73397,1015,True
set_cover_n100_m63_d0.25_b_w38_seed2.txt,Set Cover,100,RelaxGrouping,10000,False,min,2,9.5633,na,1.3827650547027588,566625,1089239,9980,True
set_cover_n100_m63_d0.25_b_w38_seed3.txt,Set Cover,100,RelaxGrouping,5000,True,min,2,4.4644,0.6086,0.3493509292602539,98915,193524,2797,True
set_cover_n100_m63_d0.25_b_w38_seed3.txt,Set Cover,100,RelaxGrouping,500,False,min,2,0.3758,na,0.03132438659667969,34476,65564,498,True
set_cover_n100_m63_d0.25_b_w38_seed2.txt,Set Cover,100,RelaxGrouping,20000,False,min,2,18.3543,na,1.6838314533233643,1034002,1992638,19987,True
set_cover_n100_m63_d0.25_b_w38_seed3.txt,Set Cover,100,RelaxGrouping,1000,False,min,2,0.8088,na,0.12787842750549316,68499,129873,996,True
set_cover_n100_m63_d0.25_b_w38_seed3.txt,Set Cover,100,RelaxGrouping,2000,False,min,2,1.6859,na,0.2590506076812744,131151,249922,1991,True
set_cover_n100_m63_d0.25_b_w38_seed3.txt,Set Cover,100,RelaxGrouping,10000,True,min,2,8.9463,1.3095,0.6967940330505371,194033,380832,5805,True
set_cover_n100_m63_d0.25_b_w38_seed4.txt,Set Cover,100,RelaxGrouping,500,True,min,2,0.3866,0.054,0.013111352920532227,11010,21125,296,True
set_cover_n100_m63_d0.25_b_w38_seed3.txt,Set Cover,100,RelaxGrouping,5000,False,min,2,4.4928,na,0.663593053817749,307415,586799,4992,True
set_cover_n100_m63_d0.25_b_w38_seed3.txt,Set Cover,100,RelaxGrouping,20000,True,min,2,17.1973,2.8834,0.7182064056396484,388864,766671,11173,True
set_cover_n100_m63_d0.25_b_w38_seed4.txt,Set Cover,100,RelaxGrouping,1000,True,min,2,0.7878,0.1031,0.020480871200561523,17869,34524,387,True
set_cover_n100_m63_d0.25_b_w38_seed3.txt,Set Cover,100,RelaxGrouping,10000,False,min,2,8.9594,na,1.3236608505249023,562092,1075807,9999,True
set_cover_n100_m63_d0.25_b_w38_seed4.txt,Set Cover,100,RelaxGrouping,2000,True,min,2,1.6672,0.221,0.048551082611083984,36837,71327,930,True
set_cover_n100_m63_d0.25_b_w38_seed4.txt,Set Cover,100,RelaxGrouping,5000,True,min,2,4.6121,0.646,0.14057278633117676,100973,197169,2388,True
set_cover_n100_m63_d0.25_b_w38_seed4.txt,Set Cover,100,RelaxGrouping,500,False,min,2,0.3708,na,0.03088831901550293,35004,66209,497,True
set_cover_n100_m63_d0.25_b_w38_seed3.txt,Set Cover,100,RelaxGrouping,20000,False,min,2,17.2009,na,2.6962215900421143,1024175,1964222,19931,True
set_cover_n100_m63_d0.25_b_w38_seed4.txt,Set Cover,100,RelaxGrouping,1000,False,min,2,0.778,na,0.133758544921875,66033,125587,995,True
set_cover_n100_m63_d0.25_b_w38_seed4.txt,Set Cover,100,RelaxGrouping,2000,False,min,2,1.7005,na,0.2536337375640869,128416,244756,1998,True
set_cover_n100_m63_d0.25_b_w38_seed4.txt,Set Cover,100,RelaxGrouping,10000,True,min,2,8.6182,1.3627,0.6569900512695312,185526,363933,4239,True
set_cover_n100_m63_d0.25_b_w38_seed4.txt,Set Cover,100,RelaxGrouping,5000,False,min,2,4.6246,na,0.7111475467681885,301472,576744,4995,True
set_cover_n100_m63_d0.35_b_w38_seed1.txt,Set Cover,100,RelaxGrouping,500,True,min,2,0.2945,0.048,0.04733395576477051,18340,36243,359,True
set_cover_n100_m63_d0.25_b_w38_seed4.txt,Set Cover,100,RelaxGrouping,20000,True,min,2,16.7383,2.7345,0.6597332954406738,373495,734966,9782,True
set_cover_n100_m63_d0.35_b_w38_seed1.txt,Set Cover,100,RelaxGrouping,1000,True,min,2,0.5686,0.0837,0.03873109817504883,39309,77952,813,True
set_cover_n100_m63_d0.25_b_w38_seed4.txt,Set Cover,100,RelaxGrouping,10000,False,min,2,8.6434,na,1.2546753883361816,551345,1059327,9994,True
set_cover_n100_m63_d0.35_b_w38_seed1.txt,Set Cover,100,RelaxGrouping,2000,True,min,2,0.8976,0.1384,0.1474323272705078,68350,135797,1488,True
set_cover_n100_m63_d0.35_b_w38_seed1.txt,Set Cover,100,RelaxGrouping,5000,True,min,2,0.9966,0.1538,0.1705951690673828,86175,171147,2031,True
set_cover_n100_m63_d0.35_b_w38_seed1.txt,Set Cover,100,RelaxGrouping,10000,True,min,2,0.9927,0.1545,0.16563034057617188,86175,171147,2031,True
set_cover_n100_m63_d0.35_b_w38_seed1.txt,Set Cover,100,RelaxGrouping,20000,True,min,2,0.9791,0.1556,0.17974615097045898,86175,171147,2031,True
set_cover_n100_m63_d0.35_b_w38_seed1.txt,Set Cover,100,RelaxGrouping,500,False,min,2,0.2916,na,0.05316567420959473,32564,63747,498,True
set_cover_n100_m63_d0.25_b_w38_seed4.txt,Set Cover,100,RelaxGrouping,20000,False,min,2,16.5898,na,1.4476280212402344,1016730,1958079,19986,True
set_cover_n100_m63_d0.35_b_w38_seed1.txt,Set Cover,100,RelaxGrouping,1000,False,min,2,0.5626,na,0.10185623168945312,59951,117506,999,True
set_cover_n100_m63_d0.35_b_w38_seed1.txt,Set Cover,100,RelaxGrouping,2000,False,min,2,0.9065,na,0.16509032249450684,96672,189387,1998,True
set_cover_n100_m63_d0.35_b_w38_seed1.txt,Set Cover,100,RelaxGrouping,5000,False,min,2,0.967,na,0.17716574668884277,111404,218140,2648,True
set_cover_n100_m63_d0.35_b_w38_seed1.txt,Set Cover,100,RelaxGrouping,10000,False,min,2,0.9663,na,0.1694793701171875,111404,218140,2648,True
set_cover_n100_m63_d0.35_b_w38_seed1.txt,Set Cover,100,RelaxGrouping,20000,False,min,2,0.9738,na,0.17638325691223145,111404,218140,2648,True
set_cover_n100_m63_d0.35_b_w38_seed2.txt,Set Cover,100,RelaxGrouping,500,True,min,2,0.2846,0.0439,0.03968524932861328,18743,36950,365,True
set_cover_n100_m63_d0.35_b_w38_seed2.txt,Set Cover,100,RelaxGrouping,1000,True,min,2,0.5452,0.0812,0.04111623764038086,37367,73983,700,True
set_cover_n100_m63_d0.35_b_w38_seed2.txt,Set Cover,100,RelaxGrouping,2000,True,min,2,0.9297,0.14,0.14460349082946777,72172,143270,1626,True
set_cover_n100_m63_d0.35_b_w38_seed2.txt,Set Cover,100,RelaxGrouping,5000,True,min,2,1.0019,0.1503,0.16799616813659668,87707,173996,2153,True
set_cover_n100_m63_d0.35_b_w38_seed2.txt,Set Cover,100,RelaxGrouping,10000,True,min,2,0.9986,0.1535,0.1694183349609375,87707,173996,2153,True
set_cover_n100_m63_d0.35_b_w38_seed2.txt,Set Cover,100,RelaxGrouping,20000,True,min,2,0.989,0.1527,0.17050528526306152,87707,173996,2153,True
set_cover_n100_m63_d0.35_b_w38_seed2.txt,Set Cover,100,RelaxGrouping,500,False,min,2,0.2837,na,0.050421714782714844,32695,63998,500,True
set_cover_n100_m63_d0.35_b_w38_seed2.txt,Set Cover,100,RelaxGrouping,1000,False,min,2,0.5295,na,0.09798574447631836,59304,116260,998,True
set_cover_n100_m63_d0.35_b_w38_seed2.txt,Set Cover,100,RelaxGrouping,2000,False,min,2,0.9264,na,0.15518927574157715,98629,193311,1989,True
set_cover_n100_m63_d0.35_b_w38_seed2.txt,Set Cover,100,RelaxGrouping,5000,False,min,2,0.9952,na,0.1751234531402588,113595,222652,2662,True
set_cover_n100_m63_d0.35_b_w38_seed2.txt,Set Cover,100,RelaxGrouping,10000,False,min,2,0.9855,na,0.17691969871520996,113595,222652,2662,True
set_cover_n100_m63_d0.35_b_w38_seed2.txt,Set Cover,100,RelaxGrouping,20000,False,min,2,0.9788,na,0.18157196044921875,113595,222652,2662,True
set_cover_n100_m63_d0.35_b_w38_seed3.txt,Set Cover,100,RelaxGrouping,500,True,min,2,0.2716,0.0391,0.029323339462280273,18139,35750,369,True
set_cover_n100_m63_d0.35_b_w38_seed3.txt,Set Cover,100,RelaxGrouping,1000,True,min,2,0.5084,0.0761,0.036701202392578125,37240,73733,758,True
set_cover_n100_m63_d0.35_b_w38_seed3.txt,Set Cover,100,RelaxGrouping,2000,True,min,2,0.8961,0.1345,0.15412044525146484,73102,145010,1661,True
set_cover_n100_m63_d0.35_b_w38_seed3.txt,Set Cover,100,RelaxGrouping,5000,True,min,3,1.1322,0.1519,0.10387682914733887,91836,182039,2312,True
set_cover_n100_m63_d0.35_b_w38_seed3.txt,Set Cover,100,RelaxGrouping,10000,True,min,3,1.0694,0.1551,0.1075737476348877,91836,182039,2312,True
set_cover_n100_m63_d0.35_b_w38_seed3.txt,Set Cover,100,RelaxGrouping,20000,True,min,3,1.0583,0.151,0.10298848152160645,91836,182039,2312,True
set_cover_n100_m63_d0.35_b_w38_seed3.txt,Set Cover,100,RelaxGrouping,500,False,min,2,0.2673,na,0.05040311813354492,31333,61421,499,True
set_cover_n100_m63_d0.35_b_w38_seed3.txt,Set Cover,100,RelaxGrouping,1000,False,min,2,0.5251,na,0.053520917892456055,57335,112626,995,True
set_cover_n100_m63_d0.35_b_w38_seed3.txt,Set Cover,100,RelaxGrouping,2000,False,min,2,0.8826,na,0.15024971961975098,96329,189096,1997,True
set_cover_n100_m63_d0.35_b_w38_seed3.txt,Set Cover,100,RelaxGrouping,5000,False,min,3,1.0338,na,0.11386871337890625,114401,224517,2768,True
set_cover_n100_m63_d0.35_b_w38_seed3.txt,Set Cover,100,RelaxGrouping,10000,False,min,3,1.0597,na,0.11455535888671875,114401,224517,2768,True
set_cover_n100_m63_d0.35_b_w38_seed3.txt,Set Cover,100,RelaxGrouping,20000,False,min,3,1.0639,na,0.11325621604919434,114401,224517,2768,True
set_cover_n100_m63_d0.35_b_w38_seed4.txt,Set Cover,100,RelaxGrouping,500,True,min,2,0.2742,0.044,0.03984332084655762,19666,38809,388,True
set_cover_n100_m63_d0.35_b_w38_seed4.txt,Set Cover,100,RelaxGrouping,1000,True,min,2,0.5076,0.0747,0.04092693328857422,39305,77759,817,True
set_cover_n100_m63_d0.35_b_w38_seed4.txt,Set Cover,100,RelaxGrouping,2000,True,min,2,0.8266,0.1248,0.07813429832458496,68650,136082,1579,True
set_cover_n100_m63_d0.35_b_w38_seed4.txt,Set Cover,100,RelaxGrouping,5000,True,min,2,0.873,0.132,0.08607935905456543,78165,154892,1882,True
set_cover_n100_m63_d0.35_b_w38_seed4.txt,Set Cover,100,RelaxGrouping,10000,True,min,2,0.8671,0.1281,0.0800933837890625,78165,154892,1882,True
set_cover_n100_m63_d0.35_b_w38_seed4.txt,Set Cover,100,RelaxGrouping,20000,True,min,2,0.886,0.1289,0.0873403549194336,78165,154892,1882,True
set_cover_n100_m63_d0.35_b_w38_seed4.txt,Set Cover,100,RelaxGrouping,500,False,min,2,0.2695,na,0.03782534599304199,31944,62601,498,True
set_cover_n100_m63_d0.35_b_w38_seed4.txt,Set Cover,100,RelaxGrouping,1000,False,min,2,0.5057,na,0.05172562599182129,56284,110487,999,True
set_cover_n100_m63_d0.35_b_w38_seed4.txt,Set Cover,100,RelaxGrouping,2000,False,min,2,0.8219,na,0.08865833282470703,89983,176501,1999,True
set_cover_n100_m63_d0.35_b_w38_seed4.txt,Set Cover,100,RelaxGrouping,5000,False,min,2,0.8775,na,0.16596555709838867,98116,192360,2442,True
set_cover_n100_m63_d0.35_b_w38_seed4.txt,Set Cover,100,RelaxGrouping,10000,False,min,2,0.9014,na,0.16262269020080566,98116,192360,2442,True
set_cover_n100_m63_d0.35_b_w38_seed4.txt,Set Cover,100,RelaxGrouping,20000,False,min,2,0.8812,na,0.16765427589416504,98116,192360,2442,True
set_cover_n100_m63_d0.45_b_w38_seed1.txt,Set Cover,100,RelaxGrouping,500,True,min,2,0.1618,0.0191,0.016692638397216797,20657,40949,363,True
set_cover_n100_m63_d0.45_b_w38_seed1.txt,Set Cover,100,RelaxGrouping,1000,True,min,2,0.1591,0.0191,0.01651597023010254,20657,40949,363,True
set_cover_n100_m63_d0.45_b_w38_seed1.txt,Set Cover,100,RelaxGrouping,2000,True,min,2,0.1613,0.0188,0.016086816787719727,20657,40949,363,True
set_cover_n100_m63_d0.45_b_w38_seed1.txt,Set Cover,100,RelaxGrouping,5000,True,min,2,0.1573,0.0184,0.01578354835510254,20657,40949,363,True
set_cover_n100_m63_d0.45_b_w38_seed1.txt,Set Cover,100,RelaxGrouping,10000,True,min,2,0.1588,0.0188,0.015940189361572266,20657,40949,363,True
set_cover_n100_m63_d0.45_b_w38_seed1.txt,Set Cover,100,RelaxGrouping,20000,True,min,2,0.1593,0.0179,0.015386104583740234,20657,40949,363,True
set_cover_n100_m63_d0.45_b_w38_seed1.txt,Set Cover,100,RelaxGrouping,500,False,min,2,0.1626,na,0.016624927520751953,20657,40949,363,True
set_cover_n100_m63_d0.45_b_w38_seed1.txt,Set Cover,100,RelaxGrouping,1000,False,min,2,0.1603,na,0.01636028289794922,20657,40949,363,True
set_cover_n100_m63_d0.45_b_w38_seed1.txt,Set Cover,100,RelaxGrouping,2000,False,min,2,0.1579,na,0.016149282455444336,20657,40949,363,True
set_cover_n100_m63_d0.45_b_w38_seed1.txt,Set Cover,100,RelaxGrouping,5000,False,min,2,0.157,na,0.016100406646728516,20657,40949,363,True
set_cover_n100_m63_d0.45_b_w38_seed1.txt,Set Cover,100,RelaxGrouping,10000,False,min,2,0.1528,na,0.015305042266845703,20657,40949,363,True
set_cover_n100_m63_d0.45_b_w38_seed1.txt,Set Cover,100,RelaxGrouping,20000,False,min,2,0.1554,na,0.015931129455566406,20657,40949,363,True
set_cover_n100_m63_d0.45_b_w38_seed2.txt,Set Cover,100,RelaxGrouping,500,True,min,2,0.1534,0.0169,0.014768362045288086,20657,40949,363,True
set_cover_n100_m63_d0.45_b_w38_seed2.txt,Set Cover,100,RelaxGrouping,1000,True,min,2,0.159,0.0182,0.01651597023010254,20657,40949,363,True
set_cover_n100_m63_d0.45_b_w38_seed2.txt,Set Cover,100,RelaxGrouping,2000,True,min,2,0.1604,0.0185,0.015921354293823242,20657,40949,363,True
set_cover_n100_m63_d0.45_b_w38_seed2.txt,Set Cover,100,RelaxGrouping,5000,True,min,2,0.1605,0.0181,0.0157163143157959,20657,40949,363,True
set_cover_n100_m63_d0.45_b_w38_seed2.txt,Set Cover,100,RelaxGrouping,10000,True,min,2,0.1607,0.0183,0.015915632247924805,20657,40949,363,True
set_cover_n100_m63_d0.45_b_w38_seed2.txt,Set Cover,100,RelaxGrouping,20000,True,min,2,0.1591,0.0184,0.01579117774963379,20657,40949,363,True
set_cover_n100_m63_d0.45_b_w38_seed2.txt,Set Cover,100,RelaxGrouping,500,False,min,2,0.1483,na,0.015105247497558594,20657,40949,363,True
set_cover_n100_m63_d0.45_b_w38_seed2.txt,Set Cover,100,RelaxGrouping,1000,False,min,2,0.154,na,0.01545262336730957,20657,40949,363,True
set_cover_n100_m63_d0.45_b_w38_seed2.txt,Set Cover,100,RelaxGrouping,2000,False,min,2,0.1535,na,0.016095876693725586,20657,40949,363,True
set_cover_n100_m63_d0.45_b_w38_seed2.txt,Set Cover,100,RelaxGrouping,5000,False,min,2,0.1578,na,0.016431808471679688,20657,40949,363,True
set_cover_n100_m63_d0.45_b_w38_seed2.txt,Set Cover,100,RelaxGrouping,10000,False,min,2,0.1581,na,0.016170263290405273,20657,40949,363,True
set_cover_n100_m63_d0.45_b_w38_seed2.txt,Set Cover,100,RelaxGrouping,20000,False,min,2,0.1569,na,0.01573967933654785,20657,40949,363,True
set_cover_n100_m63_d0.45_b_w38_seed3.txt,Set Cover,100,RelaxGrouping,500,True,min,2,0.1585,0.018,0.015767335891723633,20657,40949,363,True
set_cover_n100_m63_d0.45_b_w38_seed3.txt,Set Cover,100,RelaxGrouping,1000,True,min,2,0.1588,0.017,0.014738082885742188,20657,40949,363,True
set_cover_n100_m63_d0.45_b_w38_seed3.txt,Set Cover,100,RelaxGrouping,2000,True,min,2,0.1565,0.0187,0.015921831130981445,20657,40949,363,True
set_cover_n100_m63_d0.45_b_w38_seed3.txt,Set Cover,100,RelaxGrouping,5000,True,min,2,0.1554,0.0184,0.01568746566772461,20657,40949,363,True
set_cover_n100_m63_d0.45_b_w38_seed3.txt,Set Cover,100,RelaxGrouping,10000,True,min,2,0.1578,0.0181,0.015868425369262695,20657,40949,363,True
set_cover_n100_m63_d0.45_b_w38_seed3.txt,Set Cover,100,RelaxGrouping,20000,True,min,2,0.1552,0.0177,0.015172243118286133,20657,40949,363,True
set_cover_n100_m63_d0.45_b_w38_seed3.txt,Set Cover,100,RelaxGrouping,500,False,min,2,0.1495,na,0.015080690383911133,20657,40949,363,True
set_cover_n100_m63_d0.45_b_w38_seed3.txt,Set Cover,100,RelaxGrouping,1000,False,min,2,0.1567,na,0.016651153564453125,20657,40949,363,True
set_cover_n100_m63_d0.45_b_w38_seed3.txt,Set Cover,100,RelaxGrouping,2000,False,min,2,0.1543,na,0.016174793243408203,20657,40949,363,True
set_cover_n100_m63_d0.45_b_w38_seed3.txt,Set Cover,100,RelaxGrouping,5000,False,min,2,0.1586,na,0.015888452529907227,20657,40949,363,True
set_cover_n100_m63_d0.45_b_w38_seed3.txt,Set Cover,100,RelaxGrouping,10000,False,min,2,0.1602,na,0.016144275665283203,20657,40949,363,True
set_cover_n100_m63_d0.45_b_w38_seed3.txt,Set Cover,100,RelaxGrouping,20000,False,min,2,0.1589,na,0.016002178192138672,20657,40949,363,True
set_cover_n100_m63_d0.45_b_w38_seed4.txt,Set Cover,100,RelaxGrouping,500,True,min,2,0.1602,0.0186,0.015653133392333984,20657,40949,363,True
set_cover_n100_m63_d0.45_b_w38_seed4.txt,Set Cover,100,RelaxGrouping,1000,True,min,2,0.1588,0.0187,0.01587843894958496,20657,40949,363,True
set_cover_n100_m63_d0.45_b_w38_seed4.txt,Set Cover,100,RelaxGrouping,2000,True,min,2,0.1586,0.0181,0.01557302474975586,20657,40949,363,True
set_cover_n100_m63_d0.45_b_w38_seed4.txt,Set Cover,100,RelaxGrouping,5000,True,min,2,0.159,0.0189,0.015749216079711914,20657,40949,363,True
set_cover_n100_m63_d0.45_b_w38_seed4.txt,Set Cover,100,RelaxGrouping,10000,True,min,2,0.1604,0.0191,0.015897035598754883,20657,40949,363,True
set_cover_n100_m63_d0.45_b_w38_seed4.txt,Set Cover,100,RelaxGrouping,20000,True,min,2,0.1601,0.0168,0.014958620071411133,20657,40949,363,True
set_cover_n100_m63_d0.45_b_w38_seed4.txt,Set Cover,100,RelaxGrouping,500,False,min,2,0.1563,na,0.015738487243652344,20657,40949,363,True
set_cover_n100_m63_d0.45_b_w38_seed4.txt,Set Cover,100,RelaxGrouping,1000,False,min,2,0.1572,na,0.016057491302490234,20657,40949,363,True
set_cover_n100_m63_d0.45_b_w38_seed4.txt,Set Cover,100,RelaxGrouping,2000,False,min,2,0.1597,na,0.015897274017333984,20657,40949,363,True
set_cover_n100_m63_d0.45_b_w38_seed4.txt,Set Cover,100,RelaxGrouping,5000,False,min,2,0.155,na,0.016440391540527344,20657,40949,363,True
set_cover_n100_m63_d0.45_b_w38_seed4.txt,Set Cover,100,RelaxGrouping,10000,False,min,2,0.1619,na,0.016423702239990234,20657,40949,363,True
set_cover_n100_m63_d0.45_b_w38_seed4.txt,Set Cover,100,RelaxGrouping,20000,False,min,2,0.1581,na,0.01595163345336914,20657,40949,363,True
set_cover_n100_m66_d0.1_b_w35_seed1.txt,Set Cover,100,RelaxGrouping,500,True,min,2,0.3364,0.0397,0.0073699951171875,8862,15946,229,True
set_cover_n100_m66_d0.1_b_w35_seed1.txt,Set Cover,100,RelaxGrouping,1000,True,min,2,0.7192,0.0911,0.060790061950683594,16009,29195,416,True
set_cover_n100_m66_d0.1_b_w35_seed1.txt,Set Cover,100,RelaxGrouping,2000,True,min,2,1.6814,0.2057,0.10991859436035156,28079,51312,673,True
set_cover_n100_m66_d0.1_b_w35_seed1.txt,Set Cover,100,RelaxGrouping,500,False,min,2,0.3601,na,0.0287325382232666,31114,55863,496,True
set_cover_n100_m66_d0.1_b_w35_seed1.txt,Set Cover,100,RelaxGrouping,5000,True,min,3,5.5184,0.6072,0.2512383460998535,63528,116722,1621,True
set_cover_n100_m66_d0.1_b_w35_seed1.txt,Set Cover,100,RelaxGrouping,1000,False,min,2,0.7577,na,0.12084031105041504,61796,110572,991,True
set_cover_n100_m66_d0.1_b_w35_seed1.txt,Set Cover,100,RelaxGrouping,2000,False,min,2,1.7901,na,0.2536323070526123,122163,219626,1990,True
set_cover_n100_m66_d0.1_b_w35_seed1.txt,Set Cover,100,RelaxGrouping,10000,True,min,3,12.5569,1.4608,0.18532443046569824,116519,214358,2987,True
set_cover_n100_m66_d0.1_b_w35_seed1.txt,Set Cover,100,RelaxGrouping,5000,False,min,3,5.7597,na,0.6902496814727783,299213,537590,4993,True
set_cover_n100_m66_d0.1_b_w35_seed2.txt,Set Cover,100,RelaxGrouping,500,True,min,2,0.3682,0.0487,0.010556459426879883,9286,16290,298,True
set_cover_n100_m66_d0.1_b_w35_seed2.txt,Set Cover,100,RelaxGrouping,1000,True,min,2,0.7716,0.1011,0.05633687973022461,15783,27407,528,True
set_cover_n100_m66_d0.1_b_w35_seed1.txt,Set Cover,100,RelaxGrouping,10000,False,min,3,12.8304,na,1.5147318840026855,584355,1052122,9983,True
set_cover_n100_m66_d0.1_b_w35_seed2.txt,Set Cover,100,RelaxGrouping,2000,True,min,2,1.8242,0.2155,0.11086010932922363,29171,51337,895,True
set_cover_n100_m66_d0.1_b_w35_seed1.txt,Set Cover,100,RelaxGrouping,20000,True,min,3,27.4082,3.0704,0.34328436851501465,209785,387740,5692,True
set_cover_n100_m66_d0.1_b_w35_seed2.txt,Set Cover,100,RelaxGrouping,5000,True,min,2,5.5216,0.618,0.07855343818664551,57100,101576,1614,True
set_cover_n100_m66_d0.1_b_w35_seed2.txt,Set Cover,100,RelaxGrouping,500,False,min,2,0.3709,na,0.029819011688232422,32634,57959,499,True
set_cover_n100_m66_d0.1_b_w35_seed2.txt,Set Cover,100,RelaxGrouping,1000,False,min,2,0.7573,na,0.12257766723632812,63924,113282,991,True
set_cover_n100_m66_d0.1_b_w35_seed2.txt,Set Cover,100,RelaxGrouping,2000,False,min,2,1.8928,na,0.259596586227417,123526,218515,1987,True
set_cover_n100_m66_d0.1_b_w35_seed2.txt,Set Cover,100,RelaxGrouping,10000,True,min,3,12.9681,1.406,0.16027331352233887,107165,192022,2898,True
set_cover_n100_m66_d0.1_b_w35_seed1.txt,Set Cover,100,RelaxGrouping,20000,False,min,3,27.4412,na,3.420361042022705,1145383,2070604,19964,True
set_cover_n100_m66_d0.1_b_w35_seed2.txt,Set Cover,100,RelaxGrouping,5000,False,min,2,5.6332,na,0.6710772514343262,294499,522537,4979,True
set_cover_n100_m66_d0.1_b_w35_seed3.txt,Set Cover,100,RelaxGrouping,500,True,min,2,0.3705,0.0488,0.011275291442871094,10449,18246,385,True
set_cover_n100_m66_d0.1_b_w35_seed3.txt,Set Cover,100,RelaxGrouping,1000,True,min,2,0.749,0.095,0.05171322822570801,14589,25738,550,True
set_cover_n100_m66_d0.1_b_w35_seed3.txt,Set Cover,100,RelaxGrouping,2000,True,min,2,1.7938,0.2102,0.03450965881347656,27886,49029,886,True
set_cover_n100_m66_d0.1_b_w35_seed2.txt,Set Cover,100,RelaxGrouping,10000,False,min,3,12.9098,na,1.567753553390503,569731,1013726,9943,True
set_cover_n100_m66_d0.1_b_w35_seed2.txt,Set Cover,100,RelaxGrouping,20000,True,min,3,27.334,2.925,0.2873532772064209,172511,313123,4778,True
set_cover_n100_m66_d0.1_b_w35_seed3.txt,Set Cover,100,RelaxGrouping,5000,True,min,2,5.6095,0.5434,0.07386660575866699,58584,103338,1747,True
set_cover_n100_m66_d0.1_b_w35_seed3.txt,Set Cover,100,RelaxGrouping,500,False,min,2,0.3761,na,0.02998495101928711,32451,58236,496,True
set_cover_n100_m66_d0.1_b_w35_seed3.txt,Set Cover,100,RelaxGrouping,1000,False,min,2,0.7454,na,0.12233424186706543,60772,109189,995,True
set_cover_n100_m66_d0.1_b_w35_seed3.txt,Set Cover,100,RelaxGrouping,2000,False,min,2,1.79,na,0.25209999084472656,118832,212690,1997,True
set_cover_n100_m66_d0.1_b_w35_seed3.txt,Set Cover,100,RelaxGrouping,10000,True,min,2,12.0782,1.273,0.13333606719970703,93013,165302,2813,True
set_cover_n100_m66_d0.1_b_w35_seed2.txt,Set Cover,100,RelaxGrouping,20000,False,min,3,27.0979,na,3.180974006652832,1079613,1942019,19967,True
set_cover_n100_m66_d0.1_b_w35_seed3.txt,Set Cover,100,RelaxGrouping,5000,False,min,2,5.5079,na,0.36385297775268555,280453,503504,4988,True
set_cover_n100_m66_d0.1_b_w35_seed4.txt,Set Cover,100,RelaxGrouping,500,True,min,2,0.3655,0.0474,0.010778665542602539,9628,16870,218,True
set_cover_n100_m66_d0.1_b_w35_seed4.txt,Set Cover,100,RelaxGrouping,1000,True,min,2,0.7747,0.0988,0.059844970703125,16405,28926,404,True
set_cover_n100_m66_d0.1_b_w35_seed3.txt,Set Cover,100,RelaxGrouping,10000,False,min,2,12.4603,na,0.731633186340332,533574,961697,9982,True
set_cover_n100_m66_d0.1_b_w35_seed4.txt,Set Cover,100,RelaxGrouping,2000,True,min,2,1.8111,0.2127,0.03574824333190918,28790,50600,629,True
set_cover_n100_m66_d0.1_b_w35_seed3.txt,Set Cover,100,RelaxGrouping,20000,True,min,2,24.8769,2.7875,0.7197976112365723,172113,307489,4654,True
set_cover_n100_m66_d0.1_b_w35_seed4.txt,Set Cover,100,RelaxGrouping,5000,True,min,2,5.5012,0.5973,0.07002568244934082,52324,92550,1261,True
set_cover_n100_m66_d0.1_b_w35_seed4.txt,Set Cover,100,RelaxGrouping,500,False,min,2,0.3523,na,0.028429508209228516,31656,55887,490,True
set_cover_n100_m66_d0.1_b_w35_seed4.txt,Set Cover,100,RelaxGrouping,1000,False,min,2,0.7921,na,0.1281139850616455,63615,111714,997,True
set_cover_n100_m66_d0.1_b_w35_seed4.txt,Set Cover,100,RelaxGrouping,2000,False,min,2,1.8379,na,0.2579617500305176,123534,215637,1989,True
set_cover_n100_m66_d0.1_b_w35_seed3.txt,Set Cover,100,RelaxGrouping,20000,False,min,2,24.857,na,3.0374464988708496,1031138,1852900,19888,True
set_cover_n100_m66_d0.1_b_w35_seed4.txt,Set Cover,100,RelaxGrouping,10000,True,min,3,12.784,1.4002,0.160325288772583,107623,191468,2739,True
set_cover_n100_m66_d0.1_b_w35_seed4.txt,Set Cover,100,RelaxGrouping,5000,False,min,2,5.6149,na,0.6764929294586182,289829,512457,4999,True
set_cover_n100_m66_d0.2_b_w35_seed1.txt,Set Cover,100,RelaxGrouping,500,True,min,2,0.403,0.0547,0.01269221305847168,10463,19893,283,True
set_cover_n100_m66_d0.2_b_w35_seed1.txt,Set Cover,100,RelaxGrouping,1000,True,min,2,0.9127,0.1115,0.026349544525146484,20455,39106,532,True
set_cover_n100_m66_d0.2_b_w35_seed1.txt,Set Cover,100,RelaxGrouping,2000,True,min,2,1.9179,0.247,0.05169844627380371,38921,75111,810,True
set_cover_n100_m66_d0.1_b_w35_seed4.txt,Set Cover,100,RelaxGrouping,10000,False,min,3,12.7151,na,1.5138380527496338,577532,1015776,9997,True
set_cover_n100_m66_d0.1_b_w35_seed4.txt,Set Cover,100,RelaxGrouping,20000,True,min,3,26.0768,2.9146,0.3187408447265625,189008,338131,5028,True
set_cover_n100_m66_d0.2_b_w35_seed1.txt,Set Cover,100,RelaxGrouping,5000,True,min,2,5.1972,0.6146,0.12732386589050293,92561,179103,2150,True
set_cover_n100_m66_d0.2_b_w35_seed1.txt,Set Cover,100,RelaxGrouping,500,False,min,2,0.4067,na,0.03276705741882324,35930,66940,495,True
set_cover_n100_m66_d0.2_b_w35_seed1.txt,Set Cover,100,RelaxGrouping,1000,False,min,2,0.915,na,0.06916189193725586,69481,129630,1000,True
set_cover_n100_m66_d0.2_b_w35_seed1.txt,Set Cover,100,RelaxGrouping,10000,True,min,2,10.5213,1.4085,0.2907872200012207,181486,352167,4157,True
set_cover_n100_m66_d0.2_b_w35_seed1.txt,Set Cover,100,RelaxGrouping,2000,False,min,2,1.8955,na,0.27856016159057617,133547,250737,1994,True
set_cover_n100_m66_d0.1_b_w35_seed4.txt,Set Cover,100,RelaxGrouping,20000,False,min,3,25.5145,na,3.027726411819458,1096848,1935929,19991,True
set_cover_n100_m66_d0.2_b_w35_seed1.txt,Set Cover,100,RelaxGrouping,5000,False,min,2,5.1857,na,0.750093936920166,313398,590678,4982,True
set_cover_n100_m66_d0.2_b_w35_seed2.txt,Set Cover,100,RelaxGrouping,500,True,min,2,0.3895,0.054,0.011255502700805664,9024,17224,214,True
set_cover_n100_m66_d0.2_b_w35_seed2.txt,Set Cover,100,RelaxGrouping,1000,True,min,2,0.8712,0.1127,0.021972179412841797,16530,31733,373,True
set_cover_n100_m66_d0.2_b_w35_seed1.txt,Set Cover,100,RelaxGrouping,20000,True,min,2,20.9829,3.2043,0.6895406246185303,381705,744092,8384,True
set_cover_n100_m66_d0.2_b_w35_seed1.txt,Set Cover,100,RelaxGrouping,10000,False,min,2,10.6601,na,1.4959158897399902,600062,1133579,9992,True
set_cover_n100_m66_d0.2_b_w35_seed2.txt,Set Cover,100,RelaxGrouping,2000,True,min,2,1.9245,0.2404,0.0433502197265625,32634,62696,895,True
set_cover_n100_m66_d0.2_b_w35_seed2.txt,Set Cover,100,RelaxGrouping,5000,True,min,2,5.1523,0.6778,0.11259245872497559,82235,158929,2350,True
set_cover_n100_m66_d0.2_b_w35_seed2.txt,Set Cover,100,RelaxGrouping,500,False,min,2,0.3805,na,0.02938532829284668,34646,64683,498,True
set_cover_n100_m66_d0.2_b_w35_seed1.txt,Set Cover,100,RelaxGrouping,20000,False,min,2,20.8509,na,3.105876922607422,1122617,2126020,19987,True
set_cover_n100_m66_d0.2_b_w35_seed2.txt,Set Cover,100,RelaxGrouping,1000,False,min,2,0.8763,na,0.06594729423522949,68208,127536,999,True
set_cover_n100_m66_d0.2_b_w35_seed2.txt,Set Cover,100,RelaxGrouping,2000,False,min,2,1.9094,na,0.27407264709472656,133493,249676,1995,True
set_cover_n100_m66_d0.2_b_w35_seed2.txt,Set Cover,100,RelaxGrouping,10000,True,min,2,11.0544,1.3045,0.25757908821105957,173338,334994,5034,True
set_cover_n100_m66_d0.2_b_w35_seed3.txt,Set Cover,100,RelaxGrouping,500,True,min,2,0.3981,0.0504,0.01091456413269043,9698,18378,216,True
set_cover_n100_m66_d0.2_b_w35_seed2.txt,Set Cover,100,RelaxGrouping,5000,False,min,2,5.1712,na,0.729290246963501,314973,591504,4972,True
set_cover_n100_m66_d0.2_b_w35_seed3.txt,Set Cover,100,RelaxGrouping,1000,True,min,2,0.796,0.1075,0.021828651428222656,18353,34915,426,True
set_cover_n100_m66_d0.2_b_w35_seed3.txt,Set Cover,100,RelaxGrouping,2000,True,min,2,1.8236,0.2142,0.04287123680114746,32697,62374,765,True
set_cover_n100_m66_d0.2_b_w35_seed2.txt,Set Cover,100,RelaxGrouping,20000,True,min,2,20.7915,3.0704,0.5933022499084473,349916,680123,9487,True
set_cover_n100_m66_d0.2_b_w35_seed2.txt,Set Cover,100,RelaxGrouping,10000,False,min,2,11.1109,na,0.8609023094177246,601917,1132820,9993,True
set_cover_n100_m66_d0.2_b_w35_seed3.txt,Set Cover,100,RelaxGrouping,5000,True,min,2,5.0186,0.5851,0.11269760131835938,79506,153048,1927,True
set_cover_n100_m66_d0.2_b_w35_seed3.txt,Set Cover,100,RelaxGrouping,500,False,min,2,0.3722,na,0.0305783748626709,33484,62601,497,True
set_cover_n100_m66_d0.2_b_w35_seed3.txt,Set Cover,100,RelaxGrouping,1000,False,min,2,0.7981,na,0.12687087059020996,65455,122392,987,True
set_cover_n100_m66_d0.2_b_w35_seed2.txt,Set Cover,100,RelaxGrouping,20000,False,min,2,20.91,na,3.07586932182312,1124171,2122141,19971,True
set_cover_n100_m66_d0.2_b_w35_seed3.txt,Set Cover,100,RelaxGrouping,2000,False,min,2,1.8254,na,0.13510847091674805,125377,234986,1993,True
set_cover_n100_m66_d0.2_b_w35_seed3.txt,Set Cover,100,RelaxGrouping,10000,True,min,2,10.2904,1.4155,0.26382875442504883,158852,307591,3824,True
set_cover_n100_m66_d0.2_b_w35_seed3.txt,Set Cover,100,RelaxGrouping,5000,False,min,2,5.035,na,0.6706368923187256,295333,555260,4987,True
set_cover_n100_m66_d0.2_b_w35_seed4.txt,Set Cover,100,RelaxGrouping,500,True,min,2,0.3857,0.0537,0.011180400848388672,9924,18709,279,True
set_cover_n100_m66_d0.2_b_w35_seed4.txt,Set Cover,100,RelaxGrouping,1000,True,min,2,0.8808,0.1078,0.021892786026000977,18578,35236,549,True
set_cover_n100_m66_d0.2_b_w35_seed3.txt,Set Cover,100,RelaxGrouping,20000,True,min,2,20.4353,3.0511,0.5475895404815674,308643,599872,8499,True
set_cover_n100_m66_d0.2_b_w35_seed4.txt,Set Cover,100,RelaxGrouping,2000,True,min,2,1.876,0.2349,0.04829001426696777,36860,70308,1125,True
set_cover_n100_m66_d0.2_b_w35_seed3.txt,Set Cover,100,RelaxGrouping,10000,False,min,2,10.3173,na,1.4739761352539062,566335,1068907,9970,True
set_cover_n100_m66_d0.2_b_w35_seed4.txt,Set Cover,100,RelaxGrouping,5000,True,min,2,5.1628,0.6289,0.12941694259643555,91764,176076,2878,True
set_cover_n100_m66_d0.2_b_w35_seed4.txt,Set Cover,100,RelaxGrouping,500,False,min,2,0.3872,na,0.029996871948242188,35020,65373,494,True
set_cover_n100_m66_d0.2_b_w35_seed4.txt,Set Cover,100,RelaxGrouping,1000,False,min,2,0.8608,na,0.06436014175415039,68150,127336,995,True
set_cover_n100_m66_d0.2_b_w35_seed3.txt,Set Cover,100,RelaxGrouping,20000,False,min,2,20.3852,na,3.006671190261841,1073539,2028520,19971,True
set_cover_n100_m66_d0.2_b_w35_seed4.txt,Set Cover,100,RelaxGrouping,2000,False,min,2,1.864,na,0.27570366859436035,130694,245332,1997,True
set_cover_n100_m66_d0.2_b_w35_seed4.txt,Set Cover,100,RelaxGrouping,10000,True,min,2,10.3133,1.3991,0.6346073150634766,169969,327148,5542,True
set_cover_n100_m66_d0.3_b_w35_seed1.txt,Set Cover,100,RelaxGrouping,500,True,min,2,0.3267,0.047,0.013736724853515625,13452,26376,323,True
set_cover_n100_m66_d0.2_b_w35_seed4.txt,Set Cover,100,RelaxGrouping,5000,False,min,2,5.1257,na,0.6936047077178955,311492,586142,4997,True
set_cover_n100_m66_d0.3_b_w35_seed1.txt,Set Cover,100,RelaxGrouping,1000,True,min,2,0.64,0.0968,0.03502368927001953,29765,58674,624,True
set_cover_n100_m66_d0.2_b_w35_seed4.txt,Set Cover,100,RelaxGrouping,20000,True,min,2,19.9486,2.9096,0.561981201171875,303330,586123,10614,True
set_cover_n100_m66_d0.3_b_w35_seed1.txt,Set Cover,100,RelaxGrouping,2000,True,min,2,1.2223,0.1798,0.15375185012817383,58418,115480,1298,True
set_cover_n100_m66_d0.2_b_w35_seed4.txt,Set Cover,100,RelaxGrouping,10000,False,min,2,10.27,na,1.473682165145874,575883,1086529,9987,True
set_cover_n100_m66_d0.3_b_w35_seed1.txt,Set Cover,100,RelaxGrouping,5000,True,min,2,2.5739,0.4216,0.3490023612976074,137466,272438,3670,True
set_cover_n100_m66_d0.3_b_w35_seed1.txt,Set Cover,100,RelaxGrouping,500,False,min,2,0.3254,na,0.028755664825439453,32395,62804,497,True
set_cover_n100_m66_d0.3_b_w35_seed1.txt,Set Cover,100,RelaxGrouping,10000,True,min,3,3.627,0.6239,0.5629618167877197,231873,459298,6896,True
set_cover_n100_m66_d0.3_b_w35_seed1.txt,Set Cover,100,RelaxGrouping,1000,False,min,2,0.6086,na,0.10291171073913574,60987,118631,995,True
set_cover_n100_m66_d0.3_b_w35_seed1.txt,Set Cover,100,RelaxGrouping,20000,True,min,4,3.6639,0.6308,0.5579917430877686,244448,484157,7288,True
set_cover_n100_m66_d0.3_b_w35_seed1.txt,Set Cover,100,RelaxGrouping,2000,False,min,2,1.1934,na,0.19591474533081055,110365,215054,1992,True
set_cover_n100_m66_d0.2_b_w35_seed4.txt,Set Cover,100,RelaxGrouping,20000,False,min,2,19.858,na,2.8290789127349854,1059445,2008629,19902,True
set_cover_n100_m66_d0.3_b_w35_seed1.txt,Set Cover,100,RelaxGrouping,5000,False,min,2,2.5904,na,0.42334938049316406,228462,445196,4995,True
set_cover_n100_m66_d0.3_b_w35_seed2.txt,Set Cover,100,RelaxGrouping,500,True,min,2,0.2962,0.0467,0.03453421592712402,13822,27153,246,True
set_cover_n100_m66_d0.3_b_w35_seed1.txt,Set Cover,100,RelaxGrouping,10000,False,min,3,3.5806,na,0.6662478446960449,351515,683708,9605,True
set_cover_n100_m66_d0.3_b_w35_seed1.txt,Set Cover,100,RelaxGrouping,20000,False,min,4,3.6305,na,0.6619720458984375,359613,699335,10854,True
set_cover_n100_m66_d0.3_b_w35_seed2.txt,Set Cover,100,RelaxGrouping,1000,True,min,2,0.6044,0.0922,0.031229019165039062,27212,53542,539,True
set_cover_n100_m66_d0.3_b_w35_seed2.txt,Set Cover,100,RelaxGrouping,2000,True,min,2,1.1427,0.1706,0.140761137008667,56560,111668,1112,True
set_cover_n100_m66_d0.3_b_w35_seed2.txt,Set Cover,100,RelaxGrouping,5000,True,min,2,2.6621,0.4188,0.20152759552001953,142556,282295,3572,True
set_cover_n100_m66_d0.3_b_w35_seed2.txt,Set Cover,100,RelaxGrouping,500,False,min,2,0.2948,na,0.04014015197753906,31862,61599,500,True
set_cover_n100_m66_d0.3_b_w35_seed2.txt,Set Cover,100,RelaxGrouping,1000,False,min,2,0.5895,na,0.10467863082885742,60321,116944,998,True
set_cover_n100_m66_d0.3_b_w35_seed2.txt,Set Cover,100,RelaxGrouping,10000,True,min,3,4.0021,0.643,0.6459915637969971,251928,499047,7578,True
set_cover_n100_m66_d0.3_b_w35_seed2.txt,Set Cover,100,RelaxGrouping,20000,True,min,3,4.1446,0.6419,0.39839696884155273,284646,563784,9623,True
set_cover_n100_m66_d0.3_b_w35_seed2.txt,Set Cover,100,RelaxGrouping,2000,False,min,2,1.1551,na,0.19515562057495117,110446,214616,1993,True
set_cover_n100_m66_d0.3_b_w35_seed2.txt,Set Cover,100,RelaxGrouping,5000,False,min,2,2.6306,na,0.437833309173584,232916,453244,4993,True
set_cover_n100_m66_d0.3_b_w35_seed3.txt,Set Cover,100,RelaxGrouping,500,True,min,2,0.3357,0.0478,0.01508021354675293,13805,27019,304,True
set_cover_n100_m66_d0.3_b_w35_seed2.txt,Set Cover,100,RelaxGrouping,10000,False,min,3,3.9482,na,0.7320339679718018,363595,706021,9991,True
set_cover_n100_m66_d0.3_b_w35_seed3.txt,Set Cover,100,RelaxGrouping,1000,True,min,2,0.6428,0.0938,0.08265995979309082,29949,58880,635,True
set_cover_n100_m66_d0.3_b_w35_seed2.txt,Set Cover,100,RelaxGrouping,20000,False,min,3,4.1544,na,0.7404880523681641,395221,766497,13224,True
set_cover_n100_m66_d0.3_b_w35_seed3.txt,Set Cover,100,RelaxGrouping,2000,True,min,2,1.1672,0.1718,0.13218355178833008,54440,107378,1219,True
set_cover_n100_m66_d0.3_b_w35_seed3.txt,Set Cover,100,RelaxGrouping,5000,True,min,2,2.7116,0.4127,0.1781761646270752,135984,269233,3463,True
set_cover_n100_m66_d0.3_b_w35_seed3.txt,Set Cover,100,RelaxGrouping,500,False,min,2,0.3319,na,0.029778242111206055,32608,63198,498,True
set_cover_n100_m66_d0.3_b_w35_seed3.txt,Set Cover,100,RelaxGrouping,1000,False,min,2,0.6283,na,0.10425138473510742,61367,119165,996,True
set_cover_n100_m66_d0.3_b_w35_seed3.txt,Set Cover,100,RelaxGrouping,10000,True,min,3,4.1481,0.7571,0.6252708435058594,243517,482940,7153,True
set_cover_n100_m66_d0.3_b_w35_seed3.txt,Set Cover,100,RelaxGrouping,20000,True,min,3,4.3056,0.7676,0.7348825931549072,281705,558274,8445,True
set_cover_n100_m66_d0.3_b_w35_seed3.txt,Set Cover,100,RelaxGrouping,2000,False,min,2,1.1865,na,0.19633054733276367,110345,214753,1996,True
set_cover_n100_m66_d0.3_b_w35_seed3.txt,Set Cover,100,RelaxGrouping,5000,False,min,2,2.7337,na,0.4584784507751465,234022,456066,4992,True
set_cover_n100_m66_d0.3_b_w35_seed4.txt,Set Cover,100,RelaxGrouping,500,True,min,2,0.3288,0.0466,0.01324009895324707,14093,27607,311,True
set_cover_n100_m66_d0.3_b_w35_seed3.txt,Set Cover,100,RelaxGrouping,10000,False,min,3,4.1374,na,0.7248415946960449,375696,730504,9997,True
set_cover_n100_m66_d0.3_b_w35_seed4.txt,Set Cover,100,RelaxGrouping,1000,True,min,2,0.6064,0.0924,0.03191351890563965,27991,54994,659,True
set_cover_n100_m66_d0.3_b_w35_seed3.txt,Set Cover,100,RelaxGrouping,20000,False,min,3,4.2117,na,0.7953896522521973,407226,791122,12621,True
set_cover_n100_m66_d0.3_b_w35_seed4.txt,Set Cover,100,RelaxGrouping,2000,True,min,2,1.1977,0.1714,0.14551496505737305,57945,114283,1375,True
set_cover_n100_m66_d0.3_b_w35_seed4.txt,Set Cover,100,RelaxGrouping,5000,True,min,2,2.5492,0.3826,0.20088696479797363,156580,309979,3869,True
set_cover_n100_m66_d0.3_b_w35_seed4.txt,Set Cover,100,RelaxGrouping,500,False,min,2,0.3274,na,0.028210163116455078,32622,63069,495,True
set_cover_n100_m66_d0.3_b_w35_seed4.txt,Set Cover,100,RelaxGrouping,10000,True,min,4,3.2239,0.5002,0.3183753490447998,228991,453128,6822,True
set_cover_n100_m66_d0.3_b_w35_seed4.txt,Set Cover,100,RelaxGrouping,1000,False,min,2,0.5941,na,0.10363507270812988,61429,119044,999,True
set_cover_n100_m66_d0.3_b_w35_seed4.txt,Set Cover,100,RelaxGrouping,20000,True,min,4,3.2305,0.4704,0.3086211681365967,228991,453128,6822,True
set_cover_n100_m66_d0.3_b_w35_seed4.txt,Set Cover,100,RelaxGrouping,2000,False,min,2,1.147,na,0.19239497184753418,112027,217533,2000,True
set_cover_n100_m66_d0.3_b_w35_seed4.txt,Set Cover,100,RelaxGrouping,5000,False,min,2,2.6336,na,0.2772488594055176,232029,450877,4992,True
set_cover_n100_m66_d0.4_b_w35_seed1.txt,Set Cover,100,RelaxGrouping,500,True,min,2,0.1903,0.0228,0.019763708114624023,23700,46895,500,True
set_cover_n100_m66_d0.3_b_w35_seed4.txt,Set Cover,100,RelaxGrouping,10000,False,min,4,3.221,na,0.5558071136474609,304989,592414,8844,True
set_cover_n100_m66_d0.4_b_w35_seed1.txt,Set Cover,100,RelaxGrouping,1000,True,min,2,0.1975,0.0226,0.019533872604370117,25564,50595,531,True
set_cover_n100_m66_d0.3_b_w35_seed4.txt,Set Cover,100,RelaxGrouping,20000,False,min,4,3.1502,na,0.5429747104644775,304989,592414,8844,True
set_cover_n100_m66_d0.4_b_w35_seed1.txt,Set Cover,100,RelaxGrouping,2000,True,min,2,0.1923,0.0207,0.018639087677001953,25564,50595,531,True
set_cover_n100_m66_d0.4_b_w35_seed1.txt,Set Cover,100,RelaxGrouping,5000,True,min,2,0.1991,0.0232,0.020520448684692383,25564,50595,531,True
set_cover_n100_m66_d0.4_b_w35_seed1.txt,Set Cover,100,RelaxGrouping,10000,True,min,2,0.2005,0.0236,0.020507097244262695,25564,50595,531,True
set_cover_n100_m66_d0.4_b_w35_seed1.txt,Set Cover,100,RelaxGrouping,20000,True,min,2,0.1975,0.0222,0.019980430603027344,25564,50595,531,True
set_cover_n100_m66_d0.4_b_w35_seed1.txt,Set Cover,100,RelaxGrouping,500,False,min,2,0.1889,na,0.018153667449951172,23817,47129,500,True
set_cover_n100_m66_d0.4_b_w35_seed1.txt,Set Cover,100,RelaxGrouping,1000,False,min,2,0.1942,na,0.019860267639160156,25564,50595,531,True
set_cover_n100_m66_d0.4_b_w35_seed1.txt,Set Cover,100,RelaxGrouping,2000,False,min,2,0.1962,na,0.019818544387817383,25564,50595,531,True
set_cover_n100_m66_d0.4_b_w35_seed1.txt,Set Cover,100,RelaxGrouping,5000,False,min,2,0.1982,na,0.019439697265625,25564,50595,531,True
set_cover_n100_m66_d0.4_b_w35_seed1.txt,Set Cover,100,RelaxGrouping,10000,False,min,2,0.1965,na,0.020126819610595703,25564,50595,531,True
set_cover_n100_m66_d0.4_b_w35_seed1.txt,Set Cover,100,RelaxGrouping,20000,False,min,2,0.2002,na,0.0189821720123291,25564,50595,531,True
set_cover_n100_m66_d0.4_b_w35_seed2.txt,Set Cover,100,RelaxGrouping,500,True,min,2,0.1903,0.0227,0.01828765869140625,23700,46895,500,True
set_cover_n100_m66_d0.4_b_w35_seed2.txt,Set Cover,100,RelaxGrouping,1000,True,min,2,0.1949,0.022,0.019573688507080078,25564,50595,531,True
set_cover_n100_m66_d0.4_b_w35_seed2.txt,Set Cover,100,RelaxGrouping,2000,True,min,2,0.1985,0.0233,0.01999950408935547,25564,50595,531,True
set_cover_n100_m66_d0.4_b_w35_seed2.txt,Set Cover,100,RelaxGrouping,5000,True,min,2,0.1987,0.021,0.01904606819152832,25564,50595,531,True
set_cover_n100_m66_d0.4_b_w35_seed2.txt,Set Cover,100,RelaxGrouping,10000,True,min,2,0.1983,0.022,0.01858234405517578,25564,50595,531,True
set_cover_n100_m66_d0.4_b_w35_seed2.txt,Set Cover,100,RelaxGrouping,20000,True,min,2,0.1979,0.0219,0.018808841705322266,25564,50595,531,True
set_cover_n100_m66_d0.4_b_w35_seed2.txt,Set Cover,100,RelaxGrouping,500,False,min,2,0.1881,na,0.019309520721435547,23817,47129,500,True
set_cover_n100_m66_d0.4_b_w35_seed2.txt,Set Cover,100,RelaxGrouping,1000,False,min,2,0.1969,na,0.020237445831298828,25564,50595,531,True
set_cover_n100_m66_d0.4_b_w35_seed2.txt,Set Cover,100,RelaxGrouping,2000,False,min,2,0.1946,na,0.020310163497924805,25564,50595,531,True
set_cover_n100_m66_d0.4_b_w35_seed2.txt,Set Cover,100,RelaxGrouping,5000,False,min,2,0.2014,na,0.020750761032104492,25564,50595,531,True
set_cover_n100_m66_d0.4_b_w35_seed2.txt,Set Cover,100,RelaxGrouping,10000,False,min,2,0.1988,na,0.020306825637817383,25564,50595,531,True
set_cover_n100_m66_d0.4_b_w35_seed2.txt,Set Cover,100,RelaxGrouping,20000,False,min,2,0.2024,na,0.019975662231445312,25564,50595,531,True
set_cover_n100_m66_d0.4_b_w35_seed3.txt,Set Cover,100,RelaxGrouping,500,True,min,2,0.1913,0.0228,0.018636226654052734,23700,46895,500,True
set_cover_n100_m66_d0.4_b_w35_seed3.txt,Set Cover,100,RelaxGrouping,1000,True,min,2,0.1919,0.0209,0.018311738967895508,25564,50595,531,True
set_cover_n100_m66_d0.4_b_w35_seed3.txt,Set Cover,100,RelaxGrouping,2000,True,min,2,0.1944,0.023,0.019795894622802734,25564,50595,531,True
set_cover_n100_m66_d0.4_b_w35_seed3.txt,Set Cover,100,RelaxGrouping,5000,True,min,2,0.1977,0.0224,0.02011275291442871,25564,50595,531,True
set_cover_n100_m66_d0.4_b_w35_seed3.txt,Set Cover,100,RelaxGrouping,10000,True,min,2,0.1968,0.0229,0.01994609832763672,25564,50595,531,True
set_cover_n100_m66_d0.4_b_w35_seed3.txt,Set Cover,100,RelaxGrouping,20000,True,min,2,0.2025,0.023,0.020059823989868164,25564,50595,531,True
set_cover_n100_m66_d0.4_b_w35_seed3.txt,Set Cover,100,RelaxGrouping,500,False,min,2,0.1873,na,0.01858973503112793,23817,47129,500,True
set_cover_n100_m66_d0.4_b_w35_seed3.txt,Set Cover,100,RelaxGrouping,1000,False,min,2,0.1879,na,0.019682884216308594,25564,50595,531,True
set_cover_n100_m66_d0.4_b_w35_seed3.txt,Set Cover,100,RelaxGrouping,2000,False,min,2,0.2013,na,0.020268917083740234,25564,50595,531,True
set_cover_n100_m66_d0.4_b_w35_seed3.txt,Set Cover,100,RelaxGrouping,5000,False,min,2,0.2018,na,0.02100372314453125,25564,50595,531,True
set_cover_n100_m66_d0.4_b_w35_seed3.txt,Set Cover,100,RelaxGrouping,10000,False,min,2,0.2003,na,0.020301342010498047,25564,50595,531,True
set_cover_n100_m66_d0.4_b_w35_seed3.txt,Set Cover,100,RelaxGrouping,20000,False,min,2,0.2009,na,0.020565509796142578,25564,50595,531,True
set_cover_n100_m66_d0.4_b_w35_seed4.txt,Set Cover,100,RelaxGrouping,500,True,min,2,0.183,0.0202,0.017044782638549805,23700,46895,500,True
set_cover_n100_m66_d0.4_b_w35_seed4.txt,Set Cover,100,RelaxGrouping,1000,True,min,2,0.1939,0.0227,0.019340038299560547,25564,50595,531,True
set_cover_n100_m66_d0.4_b_w35_seed4.txt,Set Cover,100,RelaxGrouping,2000,True,min,2,0.1965,0.0224,0.019483089447021484,25564,50595,531,True
set_cover_n100_m66_d0.4_b_w35_seed4.txt,Set Cover,100,RelaxGrouping,5000,True,min,2,0.1997,0.0219,0.019558429718017578,25564,50595,531,True
set_cover_n100_m66_d0.4_b_w35_seed4.txt,Set Cover,100,RelaxGrouping,10000,True,min,2,0.1906,0.022,0.019634008407592773,25564,50595,531,True
set_cover_n100_m66_d0.4_b_w35_seed4.txt,Set Cover,100,RelaxGrouping,20000,True,min,2,0.1951,0.0207,0.018384933471679688,25564,50595,531,True
set_cover_n100_m66_d0.4_b_w35_seed4.txt,Set Cover,100,RelaxGrouping,500,False,min,2,0.1861,na,0.0196077823638916,23817,47129,500,True
set_cover_n100_m66_d0.4_b_w35_seed4.txt,Set Cover,100,RelaxGrouping,1000,False,min,2,0.1954,na,0.019097328186035156,25564,50595,531,True
set_cover_n100_m66_d0.4_b_w35_seed4.txt,Set Cover,100,RelaxGrouping,2000,False,min,2,0.1966,na,0.019919395446777344,25564,50595,531,True
set_cover_n100_m66_d0.4_b_w35_seed4.txt,Set Cover,100,RelaxGrouping,5000,False,min,2,0.1979,na,0.02010965347290039,25564,50595,531,True
set_cover_n100_m66_d0.4_b_w35_seed4.txt,Set Cover,100,RelaxGrouping,10000,False,min,2,0.194,na,0.019664764404296875,25564,50595,531,True
set_cover_n100_m66_d0.4_b_w35_seed4.txt,Set Cover,100,RelaxGrouping,20000,False,min,2,0.1986,na,0.019672870635986328,25564,50595,531,True
set_cover_n100_m66_d0.05_b_w35_seed1.txt,Set Cover,100,RelaxGrouping,500,True,min,3,0.2639,0.0376,0.019791603088378906,10722,17845,253,True
set_cover_n100_m66_d0.05_b_w35_seed1.txt,Set Cover,100,RelaxGrouping,1000,True,min,3,0.6087,0.0768,0.018277406692504883,18276,30410,525,True
set_cover_n100_m66_d0.05_b_w35_seed1.txt,Set Cover,100,RelaxGrouping,2000,True,min,3,1.3512,0.1592,0.03761124610900879,33580,55679,972,True
set_cover_n100_m66_d0.05_b_w35_seed1.txt,Set Cover,100,RelaxGrouping,500,False,min,3,0.2828,na,0.04433441162109375,28465,47406,498,True
set_cover_n100_m66_d0.05_b_w35_seed1.txt,Set Cover,100,RelaxGrouping,5000,True,min,4,4.2416,0.4725,0.09353804588317871,77105,127755,2304,True
set_cover_n100_m66_d0.05_b_w35_seed1.txt,Set Cover,100,RelaxGrouping,1000,False,min,3,0.6261,na,0.04907488822937012,55680,92802,992,True
set_cover_n100_m66_d0.05_b_w35_seed1.txt,Set Cover,100,RelaxGrouping,2000,False,min,3,1.4062,na,0.1010749340057373,105994,177265,1986,True
set_cover_n100_m66_d0.05_b_w35_seed1.txt,Set Cover,100,RelaxGrouping,10000,True,min,4,9.2504,0.9926,0.1582050323486328,122510,205356,3362,True
set_cover_n100_m66_d0.05_b_w35_seed1.txt,Set Cover,100,RelaxGrouping,5000,False,min,4,4.5342,na,0.574941873550415,267080,444553,4996,True
set_cover_n100_m66_d0.5_b_w35_seed1.txt,Set Cover,100,RelaxGrouping,500,True,min,2,0.2021,0.0243,0.020457029342651367,23700,46895,500,True
set_cover_n100_m66_d0.5_b_w35_seed1.txt,Set Cover,100,RelaxGrouping,1000,True,min,2,0.2134,0.0244,0.02099013328552246,25564,50595,531,True
set_cover_n100_m66_d0.5_b_w35_seed1.txt,Set Cover,100,RelaxGrouping,2000,True,min,2,0.2027,0.0228,0.020004987716674805,25564,50595,531,True
set_cover_n100_m66_d0.05_b_w35_seed1.txt,Set Cover,100,RelaxGrouping,10000,False,min,4,9.6622,na,1.144834041595459,490809,824164,9988,True
set_cover_n100_m66_d0.5_b_w35_seed1.txt,Set Cover,100,RelaxGrouping,5000,True,min,2,0.2014,0.0231,0.020340442657470703,25564,50595,531,True
set_cover_n100_m66_d0.05_b_w35_seed1.txt,Set Cover,100,RelaxGrouping,20000,True,min,4,20.6125,2.1874,0.33544182777404785,237637,394785,9914,True
set_cover_n100_m66_d0.5_b_w35_seed1.txt,Set Cover,100,RelaxGrouping,10000,True,min,2,0.2024,0.0226,0.019694805145263672,25564,50595,531,True
set_cover_n100_m66_d0.5_b_w35_seed1.txt,Set Cover,100,RelaxGrouping,20000,True,min,2,0.2015,0.0233,0.020764589309692383,25564,50595,531,True
set_cover_n100_m66_d0.5_b_w35_seed1.txt,Set Cover,100,RelaxGrouping,500,False,min,2,0.1862,na,0.019016265869140625,23817,47129,500,True
set_cover_n100_m66_d0.5_b_w35_seed1.txt,Set Cover,100,RelaxGrouping,1000,False,min,2,0.1984,na,0.020724773406982422,25564,50595,531,True
set_cover_n100_m66_d0.5_b_w35_seed1.txt,Set Cover,100,RelaxGrouping,2000,False,min,2,0.2017,na,0.019928693771362305,25564,50595,531,True
set_cover_n100_m66_d0.5_b_w35_seed1.txt,Set Cover,100,RelaxGrouping,5000,False,min,2,0.1988,na,0.020573854446411133,25564,50595,531,True
set_cover_n100_m66_d0.5_b_w35_seed1.txt,Set Cover,100,RelaxGrouping,10000,False,min,2,0.2022,na,0.02056431770324707,25564,50595,531,True
set_cover_n100_m66_d0.05_b_w35_seed1.txt,Set Cover,100,RelaxGrouping,20000,False,min,4,20.3234,na,2.3032004833221436,992632,1659381,19932,True
set_cover_n100_m66_d0.5_b_w35_seed1.txt,Set Cover,100,RelaxGrouping,20000,False,min,2,0.1982,na,0.019971370697021484,25564,50595,531,True
set_cover_n100_m66_d0.05_b_w35_seed2.txt,Set Cover,100,RelaxGrouping,500,True,min,2,0.2383,0.0296,0.0077228546142578125,10857,17886,312,True
set_cover_n100_m66_d0.05_b_w35_seed2.txt,Set Cover,100,RelaxGrouping,1000,True,min,3,0.5068,0.0661,0.01916813850402832,19232,31892,514,True
set_cover_n100_m66_d0.05_b_w35_seed2.txt,Set Cover,100,RelaxGrouping,2000,True,min,3,1.1477,0.144,0.03352093696594238,30345,50788,777,True
set_cover_n100_m66_d0.05_b_w35_seed2.txt,Set Cover,100,RelaxGrouping,5000,True,min,3,3.5619,0.4073,0.07518672943115234,64385,107411,1890,True
set_cover_n100_m66_d0.05_b_w35_seed2.txt,Set Cover,100,RelaxGrouping,500,False,min,2,0.2542,na,0.044400930404663086,27133,44985,498,True
set_cover_n100_m66_d0.05_b_w35_seed2.txt,Set Cover,100,RelaxGrouping,1000,False,min,3,0.5194,na,0.07903385162353516,51155,84506,999,True
set_cover_n100_m66_d0.05_b_w35_seed2.txt,Set Cover,100,RelaxGrouping,2000,False,min,3,1.2055,na,0.1864151954650879,98903,162506,1998,True
set_cover_n100_m66_d0.05_b_w35_seed2.txt,Set Cover,100,RelaxGrouping,10000,True,min,3,8.2335,0.9341,0.16428637504577637,124549,206479,4038,True
set_cover_n100_m66_d0.05_b_w35_seed2.txt,Set Cover,100,RelaxGrouping,5000,False,min,3,3.7021,na,0.46034884452819824,234345,384701,4979,True
set_cover_n100_m66_d0.5_b_w35_seed2.txt,Set Cover,100,RelaxGrouping,500,True,min,2,0.1998,0.0232,0.01973700523376465,23700,46895,500,True
set_cover_n100_m66_d0.5_b_w35_seed2.txt,Set Cover,100,RelaxGrouping,1000,True,min,2,0.2123,0.0244,0.021304607391357422,25564,50595,531,True
set_cover_n100_m66_d0.5_b_w35_seed2.txt,Set Cover,100,RelaxGrouping,2000,True,min,2,0.2127,0.0245,0.02127814292907715,25564,50595,531,True
set_cover_n100_m66_d0.05_b_w35_seed2.txt,Set Cover,100,RelaxGrouping,10000,False,min,3,8.4354,na,1.074601173400879,459329,747523,9990,True
set_cover_n100_m66_d0.05_b_w35_seed2.txt,Set Cover,100,RelaxGrouping,20000,True,min,4,17.4701,2.048,0.313218355178833,220316,365952,7281,True
set_cover_n100_m66_d0.5_b_w35_seed2.txt,Set Cover,100,RelaxGrouping,5000,True,min,2,0.21,0.0236,0.020965576171875,25564,50595,531,True
set_cover_n100_m66_d0.5_b_w35_seed2.txt,Set Cover,100,RelaxGrouping,10000,True,min,2,0.1981,0.0233,0.0206601619720459,25564,50595,531,True
set_cover_n100_m66_d0.5_b_w35_seed2.txt,Set Cover,100,RelaxGrouping,20000,True,min,2,0.2015,0.0229,0.02002406120300293,25564,50595,531,True
set_cover_n100_m66_d0.5_b_w35_seed2.txt,Set Cover,100,RelaxGrouping,500,False,min,2,0.1897,na,0.018885374069213867,23817,47129,500,True
set_cover_n100_m66_d0.5_b_w35_seed2.txt,Set Cover,100,RelaxGrouping,1000,False,min,2,0.2011,na,0.020786046981811523,25564,50595,531,True
set_cover_n100_m66_d0.5_b_w35_seed2.txt,Set Cover,100,RelaxGrouping,2000,False,min,2,0.1975,na,0.019328594207763672,25564,50595,531,True
set_cover_n100_m66_d0.5_b_w35_seed2.txt,Set Cover,100,RelaxGrouping,5000,False,min,2,0.2028,na,0.0206756591796875,25564,50595,531,True
set_cover_n100_m66_d0.05_b_w35_seed2.txt,Set Cover,100,RelaxGrouping,20000,False,min,4,17.2876,na,1.9776089191436768,880393,1436523,19980,True
set_cover_n100_m66_d0.5_b_w35_seed2.txt,Set Cover,100,RelaxGrouping,10000,False,min,2,0.2015,na,0.02037835121154785,25564,50595,531,True
set_cover_n100_m66_d0.5_b_w35_seed2.txt,Set Cover,100,RelaxGrouping,20000,False,min,2,0.2008,na,0.019853830337524414,25564,50595,531,True
set_cover_n100_m66_d0.05_b_w35_seed3.txt,Set Cover,100,RelaxGrouping,500,True,min,2,0.2582,0.0346,0.025461435317993164,12541,19999,500,True
set_cover_n100_m66_d0.05_b_w35_seed3.txt,Set Cover,100,RelaxGrouping,1000,True,min,3,0.5228,0.0732,0.055257320404052734,21930,35172,998,True
set_cover_n100_m66_d0.05_b_w35_seed3.txt,Set Cover,100,RelaxGrouping,2000,True,min,2,1.1695,0.1456,0.11072707176208496,41084,66246,1955,True
set_cover_n100_m66_d0.05_b_w35_seed3.txt,Set Cover,100,RelaxGrouping,5000,True,min,4,3.7403,0.4199,0.23582196235656738,87127,141949,4162,True
set_cover_n100_m66_d0.05_b_w35_seed3.txt,Set Cover,100,RelaxGrouping,500,False,min,2,0.2693,na,0.04932045936584473,28905,47111,500,True
set_cover_n100_m66_d0.05_b_w35_seed3.txt,Set Cover,100,RelaxGrouping,1000,False,min,3,0.577,na,0.09590649604797363,54011,88827,999,True
set_cover_n100_m66_d0.05_b_w35_seed3.txt,Set Cover,100,RelaxGrouping,2000,False,min,2,1.2841,na,0.1935884952545166,104043,170625,1988,True
set_cover_n100_m66_d0.05_b_w35_seed3.txt,Set Cover,100,RelaxGrouping,10000,True,min,4,8.4283,0.8832,0.1868424415588379,141924,232380,5911,True
set_cover_n100_m66_d0.05_b_w35_seed3.txt,Set Cover,100,RelaxGrouping,5000,False,min,4,3.9252,na,0.5102241039276123,248724,409373,4992,True
set_cover_n100_m66_d0.5_b_w35_seed3.txt,Set Cover,100,RelaxGrouping,500,True,min,2,0.1941,0.0229,0.01927042007446289,23700,46895,500,True
set_cover_n100_m66_d0.5_b_w35_seed3.txt,Set Cover,100,RelaxGrouping,1000,True,min,2,0.2149,0.0242,0.020546436309814453,25564,50595,531,True
set_cover_n100_m66_d0.05_b_w35_seed3.txt,Set Cover,100,RelaxGrouping,10000,False,min,4,8.4318,na,1.0532219409942627,450373,747178,9957,True
set_cover_n100_m66_d0.5_b_w35_seed3.txt,Set Cover,100,RelaxGrouping,2000,True,min,2,0.2122,0.0247,0.021521806716918945,25564,50595,531,True
set_cover_n100_m66_d0.5_b_w35_seed3.txt,Set Cover,100,RelaxGrouping,5000,True,min,2,0.207,0.0238,0.020738601684570312,25564,50595,531,True
set_cover_n100_m66_d0.05_b_w35_seed3.txt,Set Cover,100,RelaxGrouping,20000,True,min,4,18.1649,2.0592,0.39165210723876953,278109,455769,9457,True
set_cover_n100_m66_d0.5_b_w35_seed3.txt,Set Cover,100,RelaxGrouping,10000,True,min,2,0.2026,0.0231,0.020400285720825195,25564,50595,531,True
set_cover_n100_m66_d0.5_b_w35_seed3.txt,Set Cover,100,RelaxGrouping,20000,True,min,2,0.2029,0.0235,0.0205838680267334,25564,50595,531,True
set_cover_n100_m66_d0.5_b_w35_seed3.txt,Set Cover,100,RelaxGrouping,500,False,min,2,0.1915,na,0.01931285858154297,23817,47129,500,True
set_cover_n100_m66_d0.5_b_w35_seed3.txt,Set Cover,100,RelaxGrouping,1000,False,min,2,0.2043,na,0.020479679107666016,25564,50595,531,True
set_cover_n100_m66_d0.5_b_w35_seed3.txt,Set Cover,100,RelaxGrouping,2000,False,min,2,0.2002,na,0.019989967346191406,25564,50595,531,True
set_cover_n100_m66_d0.05_b_w35_seed3.txt,Set Cover,100,RelaxGrouping,20000,False,min,4,17.6938,na,2.0050909519195557,907722,1494573,19942,True
set_cover_n100_m66_d0.5_b_w35_seed3.txt,Set Cover,100,RelaxGrouping,5000,False,min,2,0.2003,na,0.020249605178833008,25564,50595,531,True
set_cover_n100_m66_d0.5_b_w35_seed3.txt,Set Cover,100,RelaxGrouping,10000,False,min,2,0.2009,na,0.020128488540649414,25564,50595,531,True
set_cover_n100_m66_d0.5_b_w35_seed3.txt,Set Cover,100,RelaxGrouping,20000,False,min,2,0.196,na,0.020615100860595703,25564,50595,531,True
set_cover_n100_m66_d0.05_b_w35_seed4.txt,Set Cover,100,RelaxGrouping,500,True,min,2,0.2376,0.0329,0.00929117202758789,8863,14582,373,True
set_cover_n100_m66_d0.05_b_w35_seed4.txt,Set Cover,100,RelaxGrouping,1000,True,min,3,0.524,0.07,0.01581549644470215,16523,26802,486,True
set_cover_n100_m66_d0.05_b_w35_seed4.txt,Set Cover,100,RelaxGrouping,2000,True,min,3,1.1864,0.1447,0.03241539001464844,29877,48615,1257,True
set_cover_n100_m66_d0.05_b_w35_seed4.txt,Set Cover,100,RelaxGrouping,5000,True,min,3,3.7338,0.396,0.08140397071838379,66724,108552,2538,True
set_cover_n100_m66_d0.05_b_w35_seed4.txt,Set Cover,100,RelaxGrouping,500,False,min,2,0.2576,na,0.04403281211853027,26019,43520,500,True
set_cover_n100_m66_d0.05_b_w35_seed4.txt,Set Cover,100,RelaxGrouping,1000,False,min,3,0.5263,na,0.0933990478515625,51039,84731,992,True
set_cover_n100_m66_d0.05_b_w35_seed4.txt,Set Cover,100,RelaxGrouping,2000,False,min,3,1.2851,na,0.1930098533630371,101774,169400,1994,True
set_cover_n100_m66_d0.05_b_w35_seed4.txt,Set Cover,100,RelaxGrouping,10000,True,min,3,8.7021,0.9246,0.452578067779541,142359,231891,5295,True
set_cover_n100_m66_d0.05_b_w35_seed4.txt,Set Cover,100,RelaxGrouping,5000,False,min,3,3.8881,na,0.5104756355285645,244177,404167,4990,True
set_cover_n100_m66_d0.5_b_w35_seed4.txt,Set Cover,100,RelaxGrouping,500,True,min,2,0.2003,0.0237,0.019341468811035156,23700,46895,500,True
set_cover_n100_m66_d0.5_b_w35_seed4.txt,Set Cover,100,RelaxGrouping,1000,True,min,2,0.209,0.0242,0.020954370498657227,25564,50595,531,True
set_cover_n100_m66_d0.5_b_w35_seed4.txt,Set Cover,100,RelaxGrouping,2000,True,min,2,0.2134,0.0244,0.020984649658203125,25564,50595,531,True
set_cover_n100_m66_d0.05_b_w35_seed4.txt,Set Cover,100,RelaxGrouping,10000,False,min,3,8.9844,na,1.0963561534881592,493650,813526,9997,True
set_cover_n100_m66_d0.5_b_w35_seed4.txt,Set Cover,100,RelaxGrouping,5000,True,min,2,0.2063,0.0231,0.020303964614868164,25564,50595,531,True
set_cover_n100_m66_d0.05_b_w35_seed4.txt,Set Cover,100,RelaxGrouping,20000,True,min,3,18.9709,2.128,0.2922828197479248,229863,377711,7976,True
set_cover_n100_m66_d0.5_b_w35_seed4.txt,Set Cover,100,RelaxGrouping,10000,True,min,2,0.1997,0.0227,0.02032470703125,25564,50595,531,True
set_cover_n100_m66_d0.5_b_w35_seed4.txt,Set Cover,100,RelaxGrouping,20000,True,min,2,0.2015,0.0233,0.020367860794067383,25564,50595,531,True
set_cover_n100_m66_d0.5_b_w35_seed4.txt,Set Cover,100,RelaxGrouping,500,False,min,2,0.1876,na,0.018952608108520508,23817,47129,500,True
set_cover_n100_m66_d0.5_b_w35_seed4.txt,Set Cover,100,RelaxGrouping,1000,False,min,2,0.1989,na,0.020194530487060547,25564,50595,531,True
set_cover_n100_m66_d0.5_b_w35_seed4.txt,Set Cover,100,RelaxGrouping,2000,False,min,2,0.1976,na,0.02018284797668457,25564,50595,531,True
set_cover_n100_m66_d0.5_b_w35_seed4.txt,Set Cover,100,RelaxGrouping,5000,False,min,2,0.203,na,0.020434856414794922,25564,50595,531,True
set_cover_n100_m66_d0.05_b_w35_seed4.txt,Set Cover,100,RelaxGrouping,20000,False,min,3,18.4595,na,2.219545602798462,924530,1533570,19962,True
set_cover_n100_m66_d0.5_b_w35_seed4.txt,Set Cover,100,RelaxGrouping,10000,False,min,2,0.1997,na,0.020888566970825195,25564,50595,531,True
set_cover_n100_m66_d0.5_b_w35_seed4.txt,Set Cover,100,RelaxGrouping,20000,False,min,2,0.1975,na,0.020247697830200195,25564,50595,531,True
set_cover_n100_m66_d0.15_b_w35_seed1.txt,Set Cover,100,RelaxGrouping,500,True,min,2,0.3592,0.0406,0.008389711380004883,10706,20162,236,True
set_cover_n100_m66_d0.15_b_w35_seed1.txt,Set Cover,100,RelaxGrouping,1000,True,min,2,0.8098,0.1069,0.02216339111328125,18960,35824,449,True
set_cover_n100_m66_d0.15_b_w35_seed1.txt,Set Cover,100,RelaxGrouping,2000,True,min,2,1.7716,0.2188,0.1004495620727539,35529,67435,954,True
set_cover_n100_m66_d0.15_b_w35_seed1.txt,Set Cover,100,RelaxGrouping,500,False,min,2,0.3925,na,0.030869007110595703,34004,62299,496,True
set_cover_n100_m66_d0.15_b_w35_seed1.txt,Set Cover,100,RelaxGrouping,5000,True,min,2,5.3063,0.6107,0.3119926452636719,80495,152788,2029,True
set_cover_n100_m66_d0.15_b_w35_seed1.txt,Set Cover,100,RelaxGrouping,1000,False,min,2,0.8726,na,0.06553959846496582,66735,122624,997,True
set_cover_n100_m66_d0.15_b_w35_seed1.txt,Set Cover,100,RelaxGrouping,2000,False,min,2,1.8772,na,0.2685234546661377,128234,236514,1995,True
set_cover_n100_m66_d0.15_b_w35_seed1.txt,Set Cover,100,RelaxGrouping,10000,True,min,2,11.5615,1.5607,0.6449048519134521,153306,293101,3745,True
set_cover_n100_m66_d0.15_b_w35_seed1.txt,Set Cover,100,RelaxGrouping,5000,False,min,2,5.5671,na,0.6875405311584473,304651,563868,4978,True
set_cover_n100_m66_d0.15_b_w35_seed2.txt,Set Cover,100,RelaxGrouping,500,True,min,2,0.3945,0.0523,0.011340618133544922,9039,16789,198,True
set_cover_n100_m66_d0.15_b_w35_seed2.txt,Set Cover,100,RelaxGrouping,1000,True,min,2,0.8791,0.1101,0.022031784057617188,16874,31298,444,True
set_cover_n100_m66_d0.15_b_w35_seed1.txt,Set Cover,100,RelaxGrouping,10000,False,min,2,11.9363,na,1.5402820110321045,593076,1103325,9984,True
set_cover_n100_m66_d0.15_b_w35_seed2.txt,Set Cover,100,RelaxGrouping,2000,True,min,2,1.9419,0.227,0.11146235466003418,29384,54879,694,True
set_cover_n100_m66_d0.15_b_w35_seed1.txt,Set Cover,100,RelaxGrouping,20000,True,min,2,23.5039,3.1234,1.1603419780731201,279099,533744,6329,True
set_cover_n100_m66_d0.15_b_w35_seed2.txt,Set Cover,100,RelaxGrouping,5000,True,min,2,5.8219,0.617,0.08949470520019531,62226,116918,1416,True
set_cover_n100_m66_d0.15_b_w35_seed2.txt,Set Cover,100,RelaxGrouping,500,False,min,2,0.3854,na,0.031003475189208984,33997,61581,499,True
set_cover_n100_m66_d0.15_b_w35_seed2.txt,Set Cover,100,RelaxGrouping,1000,False,min,2,0.9008,na,0.0678110122680664,67297,122205,995,True
set_cover_n100_m66_d0.15_b_w35_seed1.txt,Set Cover,100,RelaxGrouping,20000,False,min,2,23.6338,na,3.195514440536499,1129305,2098431,19968,True
set_cover_n100_m66_d0.15_b_w35_seed2.txt,Set Cover,100,RelaxGrouping,2000,False,min,2,1.9548,na,0.2703268527984619,130092,236018,1994,True
set_cover_n100_m66_d0.15_b_w35_seed2.txt,Set Cover,100,RelaxGrouping,10000,True,min,2,12.6538,1.5014,0.19573569297790527,121184,229366,3039,True
set_cover_n100_m66_d0.15_b_w35_seed2.txt,Set Cover,100,RelaxGrouping,5000,False,min,2,5.8762,na,0.7458956241607666,306098,558270,4994,True
set_cover_n100_m66_d0.15_b_w35_seed3.txt,Set Cover,100,RelaxGrouping,500,True,min,2,0.4034,0.0529,0.011276960372924805,9814,18055,310,True
set_cover_n100_m66_d0.15_b_w35_seed3.txt,Set Cover,100,RelaxGrouping,1000,True,min,2,0.9349,0.1097,0.021358251571655273,16967,31210,414,True
set_cover_n100_m66_d0.15_b_w35_seed3.txt,Set Cover,100,RelaxGrouping,2000,True,min,2,2.1144,0.2382,0.04438376426696777,36042,66701,1139,True
set_cover_n100_m66_d0.15_b_w35_seed2.txt,Set Cover,100,RelaxGrouping,10000,False,min,2,12.701,na,1.5820863246917725,604195,1103854,9988,True
set_cover_n100_m66_d0.15_b_w35_seed2.txt,Set Cover,100,RelaxGrouping,20000,True,min,2,26.0194,3.189,0.37290358543395996,216535,412399,5877,True
set_cover_n100_m66_d0.15_b_w35_seed3.txt,Set Cover,100,RelaxGrouping,5000,True,min,2,6.0755,0.695,0.12412238121032715,85530,159093,2716,True
set_cover_n100_m66_d0.15_b_w35_seed3.txt,Set Cover,100,RelaxGrouping,500,False,min,2,0.4052,na,0.032158613204956055,35735,65782,495,True
set_cover_n100_m66_d0.15_b_w35_seed3.txt,Set Cover,100,RelaxGrouping,1000,False,min,2,0.9568,na,0.14609289169311523,69235,127225,990,True
set_cover_n100_m66_d0.15_b_w35_seed3.txt,Set Cover,100,RelaxGrouping,2000,False,min,2,2.1268,na,0.30235743522644043,139436,255304,1997,True
set_cover_n100_m66_d0.15_b_w35_seed3.txt,Set Cover,100,RelaxGrouping,10000,True,min,2,13.4212,1.6011,0.26326751708984375,167522,311766,5077,True
set_cover_n100_m66_d0.15_b_w35_seed2.txt,Set Cover,100,RelaxGrouping,20000,False,min,2,26.0732,na,3.4598581790924072,1145501,2101075,19835,True
set_cover_n100_m66_d0.15_b_w35_seed3.txt,Set Cover,100,RelaxGrouping,5000,False,min,2,6.0642,na,0.7824301719665527,331920,611094,4962,True
set_cover_n100_m66_d0.15_b_w35_seed4.txt,Set Cover,100,RelaxGrouping,500,True,min,2,0.3756,0.0527,0.012262344360351562,10514,19449,253,True
set_cover_n100_m66_d0.15_b_w35_seed4.txt,Set Cover,100,RelaxGrouping,1000,True,min,2,0.8987,0.1097,0.025512218475341797,20005,37222,503,True
set_cover_n100_m66_d0.15_b_w35_seed4.txt,Set Cover,100,RelaxGrouping,2000,True,min,2,2.0388,0.2318,0.050908565521240234,38734,72704,906,True
set_cover_n100_m66_d0.15_b_w35_seed3.txt,Set Cover,100,RelaxGrouping,10000,False,min,2,13.289,na,0.8905158042907715,642024,1185006,9983,True
set_cover_n100_m66_d0.15_b_w35_seed3.txt,Set Cover,100,RelaxGrouping,20000,True,min,2,26.0695,3.2495,0.4762756824493408,281761,525167,8618,True
set_cover_n100_m66_d0.15_b_w35_seed4.txt,Set Cover,100,RelaxGrouping,5000,True,min,2,5.8865,0.6957,0.12301921844482422,87394,163519,2185,True
set_cover_n100_m66_d0.15_b_w35_seed4.txt,Set Cover,100,RelaxGrouping,500,False,min,2,0.3868,na,0.03152036666870117,34814,63586,499,True
set_cover_n100_m66_d0.15_b_w35_seed4.txt,Set Cover,100,RelaxGrouping,1000,False,min,2,0.8913,na,0.06532669067382812,68635,125220,990,True
set_cover_n100_m66_d0.15_b_w35_seed4.txt,Set Cover,100,RelaxGrouping,2000,False,min,2,2.0669,na,0.14371800422668457,135702,247282,1990,True
set_cover_n100_m66_d0.15_b_w35_seed4.txt,Set Cover,100,RelaxGrouping,10000,True,min,2,11.9155,1.4605,0.6299686431884766,169813,318812,4655,True
set_cover_n100_m66_d0.15_b_w35_seed3.txt,Set Cover,100,RelaxGrouping,20000,False,min,2,25.8378,na,3.438373565673828,1206419,2230939,19968,True
set_cover_n100_m66_d0.15_b_w35_seed4.txt,Set Cover,100,RelaxGrouping,5000,False,min,2,5.9578,na,0.3727836608886719,321154,587409,4991,True
set_cover_n100_m66_d0.25_b_w35_seed1.txt,Set Cover,100,RelaxGrouping,500,True,min,2,0.3835,0.0534,0.013875246047973633,10923,21174,231,True
set_cover_n100_m66_d0.25_b_w35_seed1.txt,Set Cover,100,RelaxGrouping,1000,True,min,2,0.7726,0.1065,0.02612900733947754,21129,41076,489,True
set_cover_n100_m66_d0.15_b_w35_seed4.txt,Set Cover,100,RelaxGrouping,10000,False,min,2,11.7845,na,1.434619426727295,611211,1121129,9982,True
set_cover_n100_m66_d0.25_b_w35_seed1.txt,Set Cover,100,RelaxGrouping,2000,True,min,2,1.6071,0.2126,0.054848670959472656,40628,79101,965,True
set_cover_n100_m66_d0.15_b_w35_seed4.txt,Set Cover,100,RelaxGrouping,20000,True,min,2,24.2893,3.0319,0.5658717155456543,320823,605446,9501,True
set_cover_n100_m66_d0.25_b_w35_seed1.txt,Set Cover,100,RelaxGrouping,5000,True,min,2,3.9985,0.558,0.14519023895263672,95535,186957,2402,True
set_cover_n100_m66_d0.25_b_w35_seed1.txt,Set Cover,100,RelaxGrouping,500,False,min,2,0.373,na,0.030655384063720703,34787,66122,494,True
set_cover_n100_m66_d0.25_b_w35_seed1.txt,Set Cover,100,RelaxGrouping,1000,False,min,2,0.7619,na,0.12387561798095703,66505,126972,995,True
set_cover_n100_m66_d0.25_b_w35_seed1.txt,Set Cover,100,RelaxGrouping,10000,True,min,2,7.7318,1.1959,0.6606669425964355,187312,368065,4951,True
set_cover_n100_m66_d0.25_b_w35_seed1.txt,Set Cover,100,RelaxGrouping,2000,False,min,2,1.6422,na,0.256150484085083,124439,237892,1993,True
set_cover_n100_m66_d0.15_b_w35_seed4.txt,Set Cover,100,RelaxGrouping,20000,False,min,2,23.9805,na,3.2059855461120605,1154501,2128631,19994,True
set_cover_n100_m66_d0.25_b_w35_seed1.txt,Set Cover,100,RelaxGrouping,5000,False,min,2,4.1078,na,0.6173977851867676,278829,534508,4983,True
set_cover_n100_m66_d0.25_b_w35_seed1.txt,Set Cover,100,RelaxGrouping,20000,True,min,2,14.9355,2.4433,0.6296894550323486,356652,703064,10024,True
set_cover_n100_m66_d0.25_b_w35_seed2.txt,Set Cover,100,RelaxGrouping,500,True,min,2,0.3823,0.052,0.012897253036499023,12082,23286,357,True
set_cover_n100_m66_d0.25_b_w35_seed2.txt,Set Cover,100,RelaxGrouping,1000,True,min,2,0.7603,0.1024,0.024850130081176758,20803,40264,533,True
set_cover_n100_m66_d0.25_b_w35_seed1.txt,Set Cover,100,RelaxGrouping,10000,False,min,2,7.7387,na,1.2004187107086182,510690,980308,9981,True
set_cover_n100_m66_d0.25_b_w35_seed2.txt,Set Cover,100,RelaxGrouping,2000,True,min,2,1.5697,0.1997,0.04909825325012207,41330,80658,814,True
set_cover_n100_m66_d0.25_b_w35_seed2.txt,Set Cover,100,RelaxGrouping,5000,True,min,2,4.0091,0.5589,0.14565348625183105,98766,193665,2056,True
set_cover_n100_m66_d0.25_b_w35_seed2.txt,Set Cover,100,RelaxGrouping,500,False,min,2,0.3796,na,0.030913352966308594,34650,65753,494,True
set_cover_n100_m66_d0.25_b_w35_seed1.txt,Set Cover,100,RelaxGrouping,20000,False,min,2,14.759,na,2.4471991062164307,923733,1774367,19990,True
set_cover_n100_m66_d0.25_b_w35_seed2.txt,Set Cover,100,RelaxGrouping,1000,False,min,2,0.7417,na,0.06317782402038574,63786,121638,997,True
set_cover_n100_m66_d0.25_b_w35_seed2.txt,Set Cover,100,RelaxGrouping,10000,True,min,2,7.8771,1.1221,0.3138706684112549,201649,397187,4575,True
set_cover_n100_m66_d0.25_b_w35_seed2.txt,Set Cover,100,RelaxGrouping,2000,False,min,2,1.5772,na,0.13408470153808594,120618,230742,1996,True
set_cover_n100_m66_d0.25_b_w35_seed2.txt,Set Cover,100,RelaxGrouping,5000,False,min,2,4.0537,na,0.6027295589447021,275233,528270,4991,True
set_cover_n100_m66_d0.25_b_w35_seed3.txt,Set Cover,100,RelaxGrouping,500,True,min,2,0.367,0.0524,0.011194944381713867,10535,20393,243,True
set_cover_n100_m66_d0.25_b_w35_seed2.txt,Set Cover,100,RelaxGrouping,20000,True,min,2,14.8754,2.4917,0.7522776126861572,414963,819046,10380,True
set_cover_n100_m66_d0.25_b_w35_seed3.txt,Set Cover,100,RelaxGrouping,1000,True,min,2,0.7907,0.107,0.0226900577545166,18701,36478,393,True
set_cover_n100_m66_d0.25_b_w35_seed2.txt,Set Cover,100,RelaxGrouping,10000,False,min,2,7.7617,na,1.2008600234985352,508822,979399,9994,True
set_cover_n100_m66_d0.25_b_w35_seed3.txt,Set Cover,100,RelaxGrouping,2000,True,min,2,1.6514,0.2178,0.04901480674743652,38370,75026,924,True
set_cover_n100_m66_d0.25_b_w35_seed3.txt,Set Cover,100,RelaxGrouping,500,False,min,2,0.381,na,0.031877994537353516,34047,64393,500,True
set_cover_n100_m66_d0.25_b_w35_seed3.txt,Set Cover,100,RelaxGrouping,5000,True,min,2,4.3264,0.6164,0.36688828468322754,105824,208020,2671,True
set_cover_n100_m66_d0.25_b_w35_seed2.txt,Set Cover,100,RelaxGrouping,20000,False,min,2,14.8166,na,1.4631199836730957,932505,1795547,19973,True
set_cover_n100_m66_d0.25_b_w35_seed3.txt,Set Cover,100,RelaxGrouping,1000,False,min,2,0.7744,na,0.12568926811218262,66093,125525,999,True
set_cover_n100_m66_d0.25_b_w35_seed3.txt,Set Cover,100,RelaxGrouping,10000,True,min,2,8.7031,1.2812,0.3690783977508545,218882,431418,5390,True
set_cover_n100_m66_d0.25_b_w35_seed3.txt,Set Cover,100,RelaxGrouping,2000,False,min,2,1.6856,na,0.2511169910430908,127802,243337,1991,True
set_cover_n100_m66_d0.25_b_w35_seed3.txt,Set Cover,100,RelaxGrouping,5000,False,min,2,4.2771,na,0.6568698883056641,301419,576027,4992,True
set_cover_n100_m66_d0.25_b_w35_seed4.txt,Set Cover,100,RelaxGrouping,500,True,min,2,0.3689,0.0511,0.014097213745117188,11741,22802,252,True
set_cover_n100_m66_d0.25_b_w35_seed3.txt,Set Cover,100,RelaxGrouping,20000,True,min,2,15.5122,2.7882,0.7414484024047852,407614,804808,9871,True
set_cover_n100_m66_d0.25_b_w35_seed4.txt,Set Cover,100,RelaxGrouping,1000,True,min,2,0.7574,0.1017,0.0278170108795166,22697,44251,491,True
set_cover_n100_m66_d0.25_b_w35_seed3.txt,Set Cover,100,RelaxGrouping,10000,False,min,2,8.7387,na,1.2711093425750732,559260,1071173,9988,True
set_cover_n100_m66_d0.25_b_w35_seed4.txt,Set Cover,100,RelaxGrouping,2000,True,min,2,1.604,0.2102,0.056676387786865234,46529,90854,1017,True
set_cover_n100_m66_d0.25_b_w35_seed4.txt,Set Cover,100,RelaxGrouping,500,False,min,2,0.369,na,0.0304872989654541,33199,63478,499,True
set_cover_n100_m66_d0.25_b_w35_seed4.txt,Set Cover,100,RelaxGrouping,5000,True,min,2,4.1139,0.6013,0.16898012161254883,113017,221799,2709,True
set_cover_n100_m66_d0.25_b_w35_seed3.txt,Set Cover,100,RelaxGrouping,20000,False,min,2,15.3691,na,2.5409281253814697,1017563,1953640,19998,True
set_cover_n100_m66_d0.25_b_w35_seed4.txt,Set Cover,100,RelaxGrouping,1000,False,min,2,0.7756,na,0.11997485160827637,63799,122156,995,True
set_cover_n100_m66_d0.25_b_w35_seed4.txt,Set Cover,100,RelaxGrouping,10000,True,min,2,7.7817,1.2222,0.3604719638824463,232010,457159,5700,True
set_cover_n100_m66_d0.25_b_w35_seed4.txt,Set Cover,100,RelaxGrouping,2000,False,min,2,1.5859,na,0.2429184913635254,123778,237256,1992,True
set_cover_n100_m66_d0.35_b_w35_seed1.txt,Set Cover,100,RelaxGrouping,500,True,min,2,0.1983,0.0239,0.01969146728515625,23700,46895,500,True
set_cover_n100_m66_d0.25_b_w35_seed4.txt,Set Cover,100,RelaxGrouping,5000,False,min,2,4.137,na,0.6264307498931885,284228,545452,4989,True
set_cover_n100_m66_d0.25_b_w35_seed4.txt,Set Cover,100,RelaxGrouping,20000,True,min,2,13.3564,2.451,0.7716665267944336,435892,858511,11794,True
set_cover_n100_m66_d0.35_b_w35_seed1.txt,Set Cover,100,RelaxGrouping,1000,True,min,2,0.2075,0.0231,0.020096540451049805,25564,50595,531,True
set_cover_n100_m66_d0.25_b_w35_seed4.txt,Set Cover,100,RelaxGrouping,10000,False,min,2,7.8258,na,1.1356866359710693,524504,1008628,9996,True
set_cover_n100_m66_d0.35_b_w35_seed1.txt,Set Cover,100,RelaxGrouping,2000,True,min,2,0.2062,0.023,0.020060062408447266,25564,50595,531,True
set_cover_n100_m66_d0.35_b_w35_seed1.txt,Set Cover,100,RelaxGrouping,5000,True,min,2,0.2002,0.0236,0.02013874053955078,25564,50595,531,True
set_cover_n100_m66_d0.35_b_w35_seed1.txt,Set Cover,100,RelaxGrouping,10000,True,min,2,0.2006,0.0225,0.019382715225219727,25564,50595,531,True
set_cover_n100_m66_d0.35_b_w35_seed1.txt,Set Cover,100,RelaxGrouping,20000,True,min,2,0.2025,0.0231,0.019986867904663086,25564,50595,531,True
set_cover_n100_m66_d0.35_b_w35_seed1.txt,Set Cover,100,RelaxGrouping,500,False,min,2,0.1913,na,0.019165515899658203,23817,47129,500,True
set_cover_n100_m66_d0.25_b_w35_seed4.txt,Set Cover,100,RelaxGrouping,20000,False,min,2,13.2782,na,2.1884021759033203,916135,1762426,19990,True
set_cover_n100_m66_d0.35_b_w35_seed1.txt,Set Cover,100,RelaxGrouping,1000,False,min,2,0.1995,na,0.019962072372436523,25564,50595,531,True
set_cover_n100_m66_d0.35_b_w35_seed1.txt,Set Cover,100,RelaxGrouping,2000,False,min,2,0.2041,na,0.02063298225402832,25564,50595,531,True
set_cover_n100_m66_d0.35_b_w35_seed1.txt,Set Cover,100,RelaxGrouping,5000,False,min,2,0.1964,na,0.019829750061035156,25564,50595,531,True
set_cover_n100_m66_d0.35_b_w35_seed1.txt,Set Cover,100,RelaxGrouping,10000,False,min,2,0.2006,na,0.02038717269897461,25564,50595,531,True
set_cover_n100_m66_d0.35_b_w35_seed1.txt,Set Cover,100,RelaxGrouping,20000,False,min,2,0.2035,na,0.019831180572509766,25564,50595,531,True
set_cover_n100_m66_d0.35_b_w35_seed2.txt,Set Cover,100,RelaxGrouping,500,True,min,2,0.1869,0.0222,0.018285036087036133,23700,46895,500,True
set_cover_n100_m66_d0.35_b_w35_seed2.txt,Set Cover,100,RelaxGrouping,1000,True,min,2,0.2006,0.0231,0.019792795181274414,25564,50595,531,True
set_cover_n100_m66_d0.35_b_w35_seed2.txt,Set Cover,100,RelaxGrouping,2000,True,min,2,0.197,0.023,0.019808292388916016,25564,50595,531,True
set_cover_n100_m66_d0.35_b_w35_seed2.txt,Set Cover,100,RelaxGrouping,5000,True,min,2,0.1994,0.022,0.019016742706298828,25564,50595,531,True
set_cover_n100_m66_d0.35_b_w35_seed2.txt,Set Cover,100,RelaxGrouping,10000,True,min,2,0.1975,0.0227,0.020333051681518555,25564,50595,531,True
set_cover_n100_m66_d0.35_b_w35_seed2.txt,Set Cover,100,RelaxGrouping,20000,True,min,2,0.1992,0.023,0.020434141159057617,25564,50595,531,True
set_cover_n100_m66_d0.35_b_w35_seed2.txt,Set Cover,100,RelaxGrouping,500,False,min,2,0.186,na,0.018625974655151367,23817,47129,500,True
set_cover_n100_m66_d0.35_b_w35_seed2.txt,Set Cover,100,RelaxGrouping,1000,False,min,2,0.1956,na,0.019995689392089844,25564,50595,531,True
set_cover_n100_m66_d0.35_b_w35_seed2.txt,Set Cover,100,RelaxGrouping,2000,False,min,2,0.1952,na,0.020357847213745117,25564,50595,531,True
set_cover_n100_m66_d0.35_b_w35_seed2.txt,Set Cover,100,RelaxGrouping,5000,False,min,2,0.1989,na,0.019613265991210938,25564,50595,531,True
set_cover_n100_m66_d0.35_b_w35_seed2.txt,Set Cover,100,RelaxGrouping,10000,False,min,2,0.198,na,0.0204312801361084,25564,50595,531,True
set_cover_n100_m66_d0.35_b_w35_seed2.txt,Set Cover,100,RelaxGrouping,20000,False,min,2,0.2006,na,0.020231008529663086,25564,50595,531,True
set_cover_n100_m66_d0.35_b_w35_seed3.txt,Set Cover,100,RelaxGrouping,500,True,min,2,0.1806,0.0214,0.017172574996948242,23700,46895,500,True
set_cover_n100_m66_d0.35_b_w35_seed3.txt,Set Cover,100,RelaxGrouping,1000,True,min,2,0.1953,0.0229,0.019983291625976562,25564,50595,531,True
set_cover_n100_m66_d0.35_b_w35_seed3.txt,Set Cover,100,RelaxGrouping,2000,True,min,2,0.1982,0.0232,0.02052593231201172,25564,50595,531,True
set_cover_n100_m66_d0.35_b_w35_seed3.txt,Set Cover,100,RelaxGrouping,5000,True,min,2,0.1987,0.0229,0.020331621170043945,25564,50595,531,True
set_cover_n100_m66_d0.35_b_w35_seed3.txt,Set Cover,100,RelaxGrouping,10000,True,min,2,0.1982,0.0231,0.01997995376586914,25564,50595,531,True
set_cover_n100_m66_d0.35_b_w35_seed3.txt,Set Cover,100,RelaxGrouping,20000,True,min,2,0.199,0.0228,0.02017688751220703,25564,50595,531,True
set_cover_n100_m66_d0.35_b_w35_seed3.txt,Set Cover,100,RelaxGrouping,500,False,min,2,0.1824,na,0.018696069717407227,23817,47129,500,True
set_cover_n100_m66_d0.35_b_w35_seed3.txt,Set Cover,100,RelaxGrouping,1000,False,min,2,0.1977,na,0.02044200897216797,25564,50595,531,True
set_cover_n100_m66_d0.35_b_w35_seed3.txt,Set Cover,100,RelaxGrouping,2000,False,min,2,0.2003,na,0.02001333236694336,25564,50595,531,True
set_cover_n100_m66_d0.35_b_w35_seed3.txt,Set Cover,100,RelaxGrouping,5000,False,min,2,0.1956,na,0.02003169059753418,25564,50595,531,True
set_cover_n100_m66_d0.35_b_w35_seed3.txt,Set Cover,100,RelaxGrouping,10000,False,min,2,0.1965,na,0.02025437355041504,25564,50595,531,True
set_cover_n100_m66_d0.35_b_w35_seed3.txt,Set Cover,100,RelaxGrouping,20000,False,min,2,0.2021,na,0.020482540130615234,25564,50595,531,True
set_cover_n100_m66_d0.35_b_w35_seed4.txt,Set Cover,100,RelaxGrouping,500,True,min,2,0.1867,0.0223,0.018610715866088867,23700,46895,500,True
set_cover_n100_m66_d0.35_b_w35_seed4.txt,Set Cover,100,RelaxGrouping,1000,True,min,2,0.2035,0.0229,0.019451141357421875,25564,50595,531,True
set_cover_n100_m66_d0.35_b_w35_seed4.txt,Set Cover,100,RelaxGrouping,2000,True,min,2,0.1976,0.0226,0.0199277400970459,25564,50595,531,True
set_cover_n100_m66_d0.35_b_w35_seed4.txt,Set Cover,100,RelaxGrouping,5000,True,min,2,0.1986,0.0232,0.02043914794921875,25564,50595,531,True
set_cover_n100_m66_d0.35_b_w35_seed4.txt,Set Cover,100,RelaxGrouping,10000,True,min,2,0.1952,0.0231,0.01985335350036621,25564,50595,531,True
set_cover_n100_m66_d0.35_b_w35_seed4.txt,Set Cover,100,RelaxGrouping,20000,True,min,2,0.2003,0.0228,0.020261287689208984,25564,50595,531,True
set_cover_n100_m66_d0.35_b_w35_seed4.txt,Set Cover,100,RelaxGrouping,500,False,min,2,0.1843,na,0.018184423446655273,23817,47129,500,True
set_cover_n100_m66_d0.35_b_w35_seed4.txt,Set Cover,100,RelaxGrouping,1000,False,min,2,0.1968,na,0.020082950592041016,25564,50595,531,True
set_cover_n100_m66_d0.35_b_w35_seed4.txt,Set Cover,100,RelaxGrouping,2000,False,min,2,0.1945,na,0.019855499267578125,25564,50595,531,True
set_cover_n100_m66_d0.35_b_w35_seed4.txt,Set Cover,100,RelaxGrouping,5000,False,min,2,0.1966,na,0.020038843154907227,25564,50595,531,True
set_cover_n100_m66_d0.35_b_w35_seed4.txt,Set Cover,100,RelaxGrouping,10000,False,min,2,0.1974,na,0.02060389518737793,25564,50595,531,True
set_cover_n100_m66_d0.35_b_w35_seed4.txt,Set Cover,100,RelaxGrouping,20000,False,min,2,0.2027,na,0.019701480865478516,25564,50595,531,True
set_cover_n100_m66_d0.45_b_w35_seed1.txt,Set Cover,100,RelaxGrouping,500,True,min,2,0.1825,0.0201,0.017096281051635742,23700,46895,500,True
set_cover_n100_m66_d0.45_b_w35_seed1.txt,Set Cover,100,RelaxGrouping,1000,True,min,2,0.2005,0.0222,0.019846677780151367,25564,50595,531,True
set_cover_n100_m66_d0.45_b_w35_seed1.txt,Set Cover,100,RelaxGrouping,2000,True,min,2,0.1978,0.0229,0.019545316696166992,25564,50595,531,True
set_cover_n100_m66_d0.45_b_w35_seed1.txt,Set Cover,100,RelaxGrouping,5000,True,min,2,0.1963,0.0226,0.019957304000854492,25564,50595,531,True
set_cover_n100_m66_d0.45_b_w35_seed1.txt,Set Cover,100,RelaxGrouping,10000,True,min,2,0.1988,0.0231,0.020256757736206055,25564,50595,531,True
set_cover_n100_m66_d0.45_b_w35_seed1.txt,Set Cover,100,RelaxGrouping,20000,True,min,2,0.1978,0.0226,0.019307613372802734,25564,50595,531,True
set_cover_n100_m66_d0.45_b_w35_seed1.txt,Set Cover,100,RelaxGrouping,500,False,min,2,0.1865,na,0.0184481143951416,23817,47129,500,True
set_cover_n100_m66_d0.45_b_w35_seed1.txt,Set Cover,100,RelaxGrouping,1000,False,min,2,0.1982,na,0.02017951011657715,25564,50595,531,True
set_cover_n100_m66_d0.45_b_w35_seed1.txt,Set Cover,100,RelaxGrouping,2000,False,min,2,0.2007,na,0.02068328857421875,25564,50595,531,True
set_cover_n100_m66_d0.45_b_w35_seed1.txt,Set Cover,100,RelaxGrouping,5000,False,min,2,0.1978,na,0.019133329391479492,25564,50595,531,True
set_cover_n100_m66_d0.45_b_w35_seed1.txt,Set Cover,100,RelaxGrouping,10000,False,min,2,0.1997,na,0.0200345516204834,25564,50595,531,True
set_cover_n100_m66_d0.45_b_w35_seed1.txt,Set Cover,100,RelaxGrouping,20000,False,min,2,0.1998,na,0.020390987396240234,25564,50595,531,True
set_cover_n100_m66_d0.45_b_w35_seed2.txt,Set Cover,100,RelaxGrouping,500,True,min,2,0.1781,0.0198,0.016908645629882812,23700,46895,500,True
set_cover_n100_m66_d0.45_b_w35_seed2.txt,Set Cover,100,RelaxGrouping,1000,True,min,2,0.1943,0.0214,0.019747257232666016,25564,50595,531,True
set_cover_n100_m66_d0.45_b_w35_seed2.txt,Set Cover,100,RelaxGrouping,2000,True,min,2,0.1944,0.0232,0.020189762115478516,25564,50595,531,True
set_cover_n100_m66_d0.45_b_w35_seed2.txt,Set Cover,100,RelaxGrouping,5000,True,min,2,0.1957,0.0228,0.02073979377746582,25564,50595,531,True
set_cover_n100_m66_d0.45_b_w35_seed2.txt,Set Cover,100,RelaxGrouping,10000,True,min,2,0.1971,0.0228,0.019960880279541016,25564,50595,531,True
set_cover_n100_m66_d0.45_b_w35_seed2.txt,Set Cover,100,RelaxGrouping,20000,True,min,2,0.1999,0.0229,0.020281076431274414,25564,50595,531,True
set_cover_n100_m66_d0.45_b_w35_seed2.txt,Set Cover,100,RelaxGrouping,500,False,min,2,0.1877,na,0.019234180450439453,23817,47129,500,True
set_cover_n100_m66_d0.45_b_w35_seed2.txt,Set Cover,100,RelaxGrouping,1000,False,min,2,0.1982,na,0.02028179168701172,25564,50595,531,True
set_cover_n100_m66_d0.45_b_w35_seed2.txt,Set Cover,100,RelaxGrouping,2000,False,min,2,0.1994,na,0.02009749412536621,25564,50595,531,True
set_cover_n100_m66_d0.45_b_w35_seed2.txt,Set Cover,100,RelaxGrouping,5000,False,min,2,0.1922,na,0.018672466278076172,25564,50595,531,True
set_cover_n100_m66_d0.45_b_w35_seed2.txt,Set Cover,100,RelaxGrouping,10000,False,min,2,0.1964,na,0.020534276962280273,25564,50595,531,True
set_cover_n100_m66_d0.45_b_w35_seed2.txt,Set Cover,100,RelaxGrouping,20000,False,min,2,0.1954,na,0.01970076560974121,25564,50595,531,True
set_cover_n100_m66_d0.45_b_w35_seed3.txt,Set Cover,100,RelaxGrouping,500,True,min,2,0.1843,0.0212,0.017851591110229492,23700,46895,500,True
set_cover_n100_m66_d0.45_b_w35_seed3.txt,Set Cover,100,RelaxGrouping,1000,True,min,2,0.1942,0.0219,0.019882678985595703,25564,50595,531,True
set_cover_n100_m66_d0.45_b_w35_seed3.txt,Set Cover,100,RelaxGrouping,2000,True,min,2,0.1979,0.0223,0.019630908966064453,25564,50595,531,True
set_cover_n100_m66_d0.45_b_w35_seed3.txt,Set Cover,100,RelaxGrouping,5000,True,min,2,0.1994,0.023,0.020256757736206055,25564,50595,531,True
set_cover_n100_m66_d0.45_b_w35_seed3.txt,Set Cover,100,RelaxGrouping,10000,True,min,2,0.2005,0.0227,0.01974010467529297,25564,50595,531,True
set_cover_n100_m66_d0.45_b_w35_seed3.txt,Set Cover,100,RelaxGrouping,20000,True,min,2,0.1984,0.0225,0.02004098892211914,25564,50595,531,True
set_cover_n100_m66_d0.45_b_w35_seed3.txt,Set Cover,100,RelaxGrouping,500,False,min,2,0.1855,na,0.018753767013549805,23817,47129,500,True
set_cover_n100_m66_d0.45_b_w35_seed3.txt,Set Cover,100,RelaxGrouping,1000,False,min,2,0.1973,na,0.0188906192779541,25564,50595,531,True
set_cover_n100_m66_d0.45_b_w35_seed3.txt,Set Cover,100,RelaxGrouping,2000,False,min,2,0.2005,na,0.02074885368347168,25564,50595,531,True
set_cover_n100_m66_d0.45_b_w35_seed3.txt,Set Cover,100,RelaxGrouping,5000,False,min,2,0.1958,na,0.020204544067382812,25564,50595,531,True
set_cover_n100_m66_d0.45_b_w35_seed3.txt,Set Cover,100,RelaxGrouping,10000,False,min,2,0.2025,na,0.02059006690979004,25564,50595,531,True
set_cover_n100_m66_d0.45_b_w35_seed3.txt,Set Cover,100,RelaxGrouping,20000,False,min,2,0.1991,na,0.020566701889038086,25564,50595,531,True
set_cover_n100_m66_d0.45_b_w35_seed4.txt,Set Cover,100,RelaxGrouping,500,True,min,2,0.1868,0.022,0.018967628479003906,23700,46895,500,True
set_cover_n100_m66_d0.45_b_w35_seed4.txt,Set Cover,100,RelaxGrouping,1000,True,min,2,0.1979,0.0208,0.018752336502075195,25564,50595,531,True
set_cover_n100_m66_d0.45_b_w35_seed4.txt,Set Cover,100,RelaxGrouping,2000,True,min,2,0.1974,0.023,0.02073192596435547,25564,50595,531,True
set_cover_n100_m66_d0.45_b_w35_seed4.txt,Set Cover,100,RelaxGrouping,5000,True,min,2,0.196,0.0222,0.019503355026245117,25564,50595,531,True
set_cover_n100_m66_d0.45_b_w35_seed4.txt,Set Cover,100,RelaxGrouping,10000,True,min,2,0.1988,0.0227,0.020298242568969727,25564,50595,531,True
set_cover_n100_m66_d0.45_b_w35_seed4.txt,Set Cover,100,RelaxGrouping,20000,True,min,2,0.1984,0.0226,0.019878625869750977,25564,50595,531,True
set_cover_n100_m66_d0.45_b_w35_seed4.txt,Set Cover,100,RelaxGrouping,500,False,min,2,0.1869,na,0.019202709197998047,23817,47129,500,True
set_cover_n100_m66_d0.45_b_w35_seed4.txt,Set Cover,100,RelaxGrouping,1000,False,min,2,0.1922,na,0.019372940063476562,25564,50595,531,True
set_cover_n100_m66_d0.45_b_w35_seed4.txt,Set Cover,100,RelaxGrouping,2000,False,min,2,0.2009,na,0.019682645797729492,25564,50595,531,True
set_cover_n100_m66_d0.45_b_w35_seed4.txt,Set Cover,100,RelaxGrouping,5000,False,min,2,0.1892,na,0.01857280731201172,25564,50595,531,True
set_cover_n100_m66_d0.45_b_w35_seed4.txt,Set Cover,100,RelaxGrouping,10000,False,min,2,0.1952,na,0.019782304763793945,25564,50595,531,True
set_cover_n100_m66_d0.45_b_w35_seed4.txt,Set Cover,100,RelaxGrouping,20000,False,min,2,0.1996,na,0.020055770874023438,25564,50595,531,True
set_cover_n100_m69_d0.1_b_w32_seed1.txt,Set Cover,100,RelaxGrouping,500,True,min,2,0.3468,0.0451,0.008989572525024414,8189,14536,185,True
set_cover_n100_m69_d0.1_b_w32_seed1.txt,Set Cover,100,RelaxGrouping,1000,True,min,2,0.7336,0.0931,0.01969432830810547,16075,28619,417,True
set_cover_n100_m69_d0.1_b_w32_seed1.txt,Set Cover,100,RelaxGrouping,2000,True,min,2,1.7766,0.2036,0.03639650344848633,28015,50488,740,True
set_cover_n100_m69_d0.1_b_w32_seed1.txt,Set Cover,100,RelaxGrouping,500,False,min,2,0.3664,na,0.028748035430908203,31025,55233,494,True
set_cover_n100_m69_d0.1_b_w32_seed1.txt,Set Cover,100,RelaxGrouping,5000,True,min,3,5.637,0.5826,0.0837552547454834,58388,106338,1507,True
set_cover_n100_m69_d0.1_b_w32_seed1.txt,Set Cover,100,RelaxGrouping,1000,False,min,2,0.7476,na,0.1228020191192627,61013,108134,993,True
set_cover_n100_m69_d0.1_b_w32_seed1.txt,Set Cover,100,RelaxGrouping,2000,False,min,2,1.8373,na,0.2505929470062256,117765,210112,1992,True
set_cover_n100_m69_d0.1_b_w32_seed1.txt,Set Cover,100,RelaxGrouping,10000,True,min,3,12.6502,1.4645,0.17872238159179688,110457,201247,3206,True
set_cover_n100_m69_d0.1_b_w32_seed1.txt,Set Cover,100,RelaxGrouping,5000,False,min,3,5.8091,na,0.6915316581726074,285971,512529,4949,True
set_cover_n100_m69_d0.1_b_w32_seed2.txt,Set Cover,100,RelaxGrouping,500,True,min,1,0.3837,0.0488,0.010271787643432617,9317,16237,226,True
set_cover_n100_m69_d0.1_b_w32_seed2.txt,Set Cover,100,RelaxGrouping,1000,True,min,2,0.7529,0.0998,0.05754375457763672,15356,26964,391,True
set_cover_n100_m69_d0.1_b_w32_seed2.txt,Set Cover,100,RelaxGrouping,2000,True,min,2,1.8662,0.217,0.03476309776306152,27830,49316,761,True
set_cover_n100_m69_d0.1_b_w32_seed1.txt,Set Cover,100,RelaxGrouping,10000,False,min,3,12.7156,na,1.5759086608886719,561413,1008114,9950,True
set_cover_n100_m69_d0.1_b_w32_seed1.txt,Set Cover,100,RelaxGrouping,20000,True,min,3,26.0924,3.0822,0.37323904037475586,205762,375674,6009,True
set_cover_n100_m69_d0.1_b_w32_seed2.txt,Set Cover,100,RelaxGrouping,5000,True,min,2,5.5938,0.6032,0.08650684356689453,64835,114046,1943,True
set_cover_n100_m69_d0.1_b_w32_seed2.txt,Set Cover,100,RelaxGrouping,500,False,min,1,0.3765,na,0.029731035232543945,33195,58983,499,True
set_cover_n100_m69_d0.1_b_w32_seed2.txt,Set Cover,100,RelaxGrouping,1000,False,min,2,0.7571,na,0.12438607215881348,62647,111910,987,True
set_cover_n100_m69_d0.1_b_w32_seed1.txt,Set Cover,100,RelaxGrouping,20000,False,min,3,26.1685,na,3.2132861614227295,1075115,1942094,19993,True
set_cover_n100_m69_d0.1_b_w32_seed2.txt,Set Cover,100,RelaxGrouping,2000,False,min,2,1.8921,na,0.2554914951324463,121451,216361,1991,True
set_cover_n100_m69_d0.1_b_w32_seed2.txt,Set Cover,100,RelaxGrouping,10000,True,min,2,12.9055,1.3629,0.1754593849182129,117850,208474,3895,True
set_cover_n100_m69_d0.1_b_w32_seed2.txt,Set Cover,100,RelaxGrouping,5000,False,min,2,5.4568,na,0.6415128707885742,291886,519047,4966,True
set_cover_n100_m69_d0.1_b_w32_seed3.txt,Set Cover,100,RelaxGrouping,500,True,min,2,0.3654,0.0486,0.010193347930908203,8433,15021,178,True
set_cover_n100_m69_d0.1_b_w32_seed3.txt,Set Cover,100,RelaxGrouping,1000,True,min,2,0.8046,0.0986,0.0343325138092041,14262,25509,322,True
set_cover_n100_m69_d0.1_b_w32_seed3.txt,Set Cover,100,RelaxGrouping,2000,True,min,2,1.8632,0.2082,0.03054666519165039,24454,43812,579,True
set_cover_n100_m69_d0.1_b_w32_seed2.txt,Set Cover,100,RelaxGrouping,20000,True,min,2,26.3975,2.9062,0.3698008060455322,221715,394208,7418,True
set_cover_n100_m69_d0.1_b_w32_seed2.txt,Set Cover,100,RelaxGrouping,10000,False,min,2,12.6964,na,1.547743320465088,574740,1021239,9982,True
set_cover_n100_m69_d0.1_b_w32_seed3.txt,Set Cover,100,RelaxGrouping,5000,True,min,2,5.7669,0.5818,0.07144832611083984,54315,97709,1254,True
set_cover_n100_m69_d0.1_b_w32_seed3.txt,Set Cover,100,RelaxGrouping,500,False,min,2,0.3723,na,0.028217554092407227,32409,58103,489,True
set_cover_n100_m69_d0.1_b_w32_seed3.txt,Set Cover,100,RelaxGrouping,1000,False,min,2,0.7952,na,0.13189387321472168,65419,116645,995,True
set_cover_n100_m69_d0.1_b_w32_seed3.txt,Set Cover,100,RelaxGrouping,2000,False,min,2,1.8316,na,0.2496476173400879,125818,225105,1998,True
set_cover_n100_m69_d0.1_b_w32_seed3.txt,Set Cover,100,RelaxGrouping,10000,True,min,2,11.8225,1.2642,0.13514447212219238,96783,174190,2341,True
set_cover_n100_m69_d0.1_b_w32_seed2.txt,Set Cover,100,RelaxGrouping,20000,False,min,2,26.7347,na,1.6224942207336426,1095849,1953222,19988,True
set_cover_n100_m69_d0.1_b_w32_seed3.txt,Set Cover,100,RelaxGrouping,5000,False,min,2,5.6312,na,0.7076923847198486,306671,546057,4993,True
set_cover_n100_m69_d0.1_b_w32_seed4.txt,Set Cover,100,RelaxGrouping,500,True,min,2,0.3612,0.0481,0.008281469345092773,7096,12590,194,True
set_cover_n100_m69_d0.1_b_w32_seed4.txt,Set Cover,100,RelaxGrouping,1000,True,min,2,0.7682,0.0997,0.05163073539733887,12748,22509,396,True
set_cover_n100_m69_d0.1_b_w32_seed3.txt,Set Cover,100,RelaxGrouping,10000,False,min,2,11.8956,na,1.5118260383605957,582503,1039864,9998,True
set_cover_n100_m69_d0.1_b_w32_seed4.txt,Set Cover,100,RelaxGrouping,2000,True,min,2,2.0977,0.22,0.032344818115234375,23531,41989,710,True
set_cover_n100_m69_d0.1_b_w32_seed3.txt,Set Cover,100,RelaxGrouping,20000,True,min,2,25.7741,3.0064,0.31479787826538086,202524,366838,5638,True
set_cover_n100_m69_d0.1_b_w32_seed4.txt,Set Cover,100,RelaxGrouping,5000,True,min,2,5.6632,0.5842,0.07499527931213379,54947,97076,1669,True
set_cover_n100_m69_d0.1_b_w32_seed4.txt,Set Cover,100,RelaxGrouping,500,False,min,2,0.3743,na,0.028780460357666016,31980,57010,496,True
set_cover_n100_m69_d0.1_b_w32_seed4.txt,Set Cover,100,RelaxGrouping,1000,False,min,2,0.7949,na,0.12499570846557617,62814,111887,995,True
set_cover_n100_m69_d0.1_b_w32_seed4.txt,Set Cover,100,RelaxGrouping,2000,False,min,2,2.0211,na,0.12844014167785645,124920,221986,1995,True
set_cover_n100_m69_d0.1_b_w32_seed3.txt,Set Cover,100,RelaxGrouping,20000,False,min,2,25.819,na,3.241701364517212,1167628,2073636,19993,True
set_cover_n100_m69_d0.1_b_w32_seed4.txt,Set Cover,100,RelaxGrouping,10000,True,min,2,12.464,1.2998,0.14884662628173828,97545,173055,3202,True
set_cover_n100_m69_d0.1_b_w32_seed4.txt,Set Cover,100,RelaxGrouping,5000,False,min,2,5.7492,na,0.6777763366699219,298864,532640,4988,True
set_cover_n100_m69_d0.2_b_w32_seed1.txt,Set Cover,100,RelaxGrouping,500,True,min,2,0.4061,0.0555,0.012366533279418945,10235,19697,226,True
set_cover_n100_m69_d0.2_b_w32_seed1.txt,Set Cover,100,RelaxGrouping,1000,True,min,2,0.8297,0.1183,0.07620382308959961,19476,37671,380,True
set_cover_n100_m69_d0.2_b_w32_seed1.txt,Set Cover,100,RelaxGrouping,2000,True,min,2,1.9175,0.2386,0.05133414268493652,39600,76686,827,True
set_cover_n100_m69_d0.1_b_w32_seed4.txt,Set Cover,100,RelaxGrouping,10000,False,min,2,12.3166,na,1.465362787246704,570163,1021024,9982,True
set_cover_n100_m69_d0.1_b_w32_seed4.txt,Set Cover,100,RelaxGrouping,20000,True,min,2,25.3691,2.8442,0.6888003349304199,165883,299419,6132,True
set_cover_n100_m69_d0.2_b_w32_seed1.txt,Set Cover,100,RelaxGrouping,5000,True,min,2,4.9422,0.6477,0.34246373176574707,94713,183335,2485,True
set_cover_n100_m69_d0.2_b_w32_seed1.txt,Set Cover,100,RelaxGrouping,500,False,min,2,0.3815,na,0.031029701232910156,35051,65795,494,True
set_cover_n100_m69_d0.2_b_w32_seed1.txt,Set Cover,100,RelaxGrouping,1000,False,min,2,0.842,na,0.13241982460021973,69124,129798,994,True
set_cover_n100_m69_d0.2_b_w32_seed1.txt,Set Cover,100,RelaxGrouping,2000,False,min,2,1.8756,na,0.2765047550201416,133910,251606,1985,True
set_cover_n100_m69_d0.2_b_w32_seed1.txt,Set Cover,100,RelaxGrouping,10000,True,min,2,10.1072,1.3408,0.277634859085083,170436,331727,4316,True
set_cover_n100_m69_d0.1_b_w32_seed4.txt,Set Cover,100,RelaxGrouping,20000,False,min,2,25.3249,na,3.020968198776245,1091129,1951476,19957,True
set_cover_n100_m69_d0.2_b_w32_seed1.txt,Set Cover,100,RelaxGrouping,5000,False,min,2,4.8972,na,0.7206037044525146,312653,588998,4994,True
set_cover_n100_m69_d0.2_b_w32_seed2.txt,Set Cover,100,RelaxGrouping,500,True,min,2,0.4124,0.0576,0.012619256973266602,10107,19260,226,True
set_cover_n100_m69_d0.2_b_w32_seed1.txt,Set Cover,100,RelaxGrouping,20000,True,min,2,18.9593,2.8565,0.5346810817718506,329722,644156,7311,True
set_cover_n100_m69_d0.2_b_w32_seed2.txt,Set Cover,100,RelaxGrouping,1000,True,min,2,0.8487,0.1131,0.07091307640075684,18569,35595,446,True
set_cover_n100_m69_d0.2_b_w32_seed1.txt,Set Cover,100,RelaxGrouping,10000,False,min,2,10.1224,na,0.853156328201294,573397,1084788,9979,True
set_cover_n100_m69_d0.2_b_w32_seed2.txt,Set Cover,100,RelaxGrouping,2000,True,min,2,1.8359,0.2265,0.04628872871398926,34601,66424,814,True
set_cover_n100_m69_d0.2_b_w32_seed2.txt,Set Cover,100,RelaxGrouping,500,False,min,2,0.4116,na,0.032534122467041016,35732,67274,496,True
set_cover_n100_m69_d0.2_b_w32_seed2.txt,Set Cover,100,RelaxGrouping,5000,True,min,2,4.7331,0.5828,0.0928492546081543,66578,128110,1826,True
set_cover_n100_m69_d0.2_b_w32_seed2.txt,Set Cover,100,RelaxGrouping,1000,False,min,2,0.8444,na,0.13017058372497559,68513,129072,998,True
set_cover_n100_m69_d0.2_b_w32_seed1.txt,Set Cover,100,RelaxGrouping,20000,False,min,2,18.6356,na,2.844916582107544,1070009,2026958,19982,True
set_cover_n100_m69_d0.2_b_w32_seed2.txt,Set Cover,100,RelaxGrouping,2000,False,min,2,1.9094,na,0.13823390007019043,128866,243728,1987,True
set_cover_n100_m69_d0.2_b_w32_seed2.txt,Set Cover,100,RelaxGrouping,10000,True,min,2,10.0765,1.3623,0.22810578346252441,139555,269923,3682,True
set_cover_n100_m69_d0.2_b_w32_seed2.txt,Set Cover,100,RelaxGrouping,5000,False,min,2,4.6086,na,0.6764249801635742,284427,541567,4986,True
set_cover_n100_m69_d0.2_b_w32_seed3.txt,Set Cover,100,RelaxGrouping,500,True,min,2,0.413,0.0558,0.013667821884155273,11812,22682,330,True
set_cover_n100_m69_d0.2_b_w32_seed3.txt,Set Cover,100,RelaxGrouping,1000,True,min,2,0.7909,0.1041,0.022875308990478516,18622,35869,472,True
set_cover_n100_m69_d0.2_b_w32_seed2.txt,Set Cover,100,RelaxGrouping,20000,True,min,2,18.5282,2.7875,1.0820977687835693,269907,523477,7569,True
set_cover_n100_m69_d0.2_b_w32_seed3.txt,Set Cover,100,RelaxGrouping,2000,True,min,2,1.6311,0.206,0.1025540828704834,27358,52802,623,True
set_cover_n100_m69_d0.2_b_w32_seed2.txt,Set Cover,100,RelaxGrouping,10000,False,min,2,10.095,na,0.7734594345092773,534541,1016294,9971,True
set_cover_n100_m69_d0.2_b_w32_seed3.txt,Set Cover,100,RelaxGrouping,5000,True,min,2,4.5083,0.5573,0.2271583080291748,56164,109214,1447,True
set_cover_n100_m69_d0.2_b_w32_seed3.txt,Set Cover,100,RelaxGrouping,500,False,min,2,0.4048,na,0.03208351135253906,35000,66189,498,True
set_cover_n100_m69_d0.2_b_w32_seed3.txt,Set Cover,100,RelaxGrouping,1000,False,min,2,0.7856,na,0.1227273941040039,63151,119925,994,True
set_cover_n100_m69_d0.2_b_w32_seed2.txt,Set Cover,100,RelaxGrouping,20000,False,min,2,18.487,na,2.6681833267211914,991247,1883241,19998,True
set_cover_n100_m69_d0.2_b_w32_seed3.txt,Set Cover,100,RelaxGrouping,2000,False,min,2,1.6484,na,0.23947644233703613,115522,220660,1990,True
set_cover_n100_m69_d0.2_b_w32_seed3.txt,Set Cover,100,RelaxGrouping,10000,True,min,2,9.3696,1.2426,0.17065858840942383,112548,218859,2934,True
set_cover_n100_m69_d0.2_b_w32_seed3.txt,Set Cover,100,RelaxGrouping,5000,False,min,2,4.5197,na,0.6169724464416504,265036,507655,4971,True
set_cover_n100_m69_d0.2_b_w32_seed4.txt,Set Cover,100,RelaxGrouping,500,True,min,2,0.3718,0.0507,0.011371374130249023,9269,17709,241,True
set_cover_n100_m69_d0.2_b_w32_seed3.txt,Set Cover,100,RelaxGrouping,20000,True,min,2,18.102,2.5372,0.3716702461242676,227971,445128,6545,True
set_cover_n100_m69_d0.2_b_w32_seed4.txt,Set Cover,100,RelaxGrouping,1000,True,min,2,0.7633,0.1002,0.020229339599609375,17124,33054,435,True
set_cover_n100_m69_d0.2_b_w32_seed4.txt,Set Cover,100,RelaxGrouping,2000,True,min,2,1.6386,0.2062,0.040865421295166016,31014,60201,839,True
set_cover_n100_m69_d0.2_b_w32_seed3.txt,Set Cover,100,RelaxGrouping,10000,False,min,2,9.1353,na,1.258979320526123,512307,978789,9980,True
set_cover_n100_m69_d0.2_b_w32_seed4.txt,Set Cover,100,RelaxGrouping,500,False,min,2,0.3819,na,0.029720783233642578,31283,59340,495,True
set_cover_n100_m69_d0.2_b_w32_seed4.txt,Set Cover,100,RelaxGrouping,5000,True,min,2,4.9785,0.6276,0.10492825508117676,73150,142457,1873,True
set_cover_n100_m69_d0.2_b_w32_seed3.txt,Set Cover,100,RelaxGrouping,20000,False,min,2,18.045,na,2.6549925804138184,965912,1847636,19918,True
set_cover_n100_m69_d0.2_b_w32_seed4.txt,Set Cover,100,RelaxGrouping,1000,False,min,2,0.7749,na,0.12809014320373535,61661,116942,1000,True
set_cover_n100_m69_d0.2_b_w32_seed4.txt,Set Cover,100,RelaxGrouping,2000,False,min,2,1.6929,na,0.24657249450683594,118990,226304,1990,True
set_cover_n100_m69_d0.2_b_w32_seed4.txt,Set Cover,100,RelaxGrouping,10000,True,min,2,10.2923,1.3769,0.20561957359313965,138016,269069,4082,True
set_cover_n100_m69_d0.2_b_w32_seed4.txt,Set Cover,100,RelaxGrouping,5000,False,min,2,4.8689,na,0.361865758895874,286150,544611,4996,True
set_cover_n100_m69_d0.3_b_w32_seed1.txt,Set Cover,100,RelaxGrouping,500,True,min,2,0.2611,0.0392,0.01563715934753418,15106,29679,320,True
set_cover_n100_m69_d0.3_b_w32_seed1.txt,Set Cover,100,RelaxGrouping,1000,True,min,2,0.4779,0.0711,0.060254573822021484,31524,62129,690,True
set_cover_n100_m69_d0.3_b_w32_seed1.txt,Set Cover,100,RelaxGrouping,2000,True,min,3,0.795,0.1202,0.13545680046081543,65538,129432,1612,True
set_cover_n100_m69_d0.2_b_w32_seed4.txt,Set Cover,100,RelaxGrouping,20000,True,min,2,18.8901,2.9531,1.1455824375152588,295766,578088,8915,True
set_cover_n100_m69_d0.2_b_w32_seed4.txt,Set Cover,100,RelaxGrouping,10000,False,min,2,10.0329,na,0.8077836036682129,552511,1053466,9994,True
set_cover_n100_m69_d0.3_b_w32_seed1.txt,Set Cover,100,RelaxGrouping,5000,True,min,3,0.8938,0.1201,0.07459521293640137,71697,141516,1802,True
set_cover_n100_m69_d0.3_b_w32_seed1.txt,Set Cover,100,RelaxGrouping,10000,True,min,3,0.8553,0.1189,0.07692313194274902,71697,141516,1802,True
set_cover_n100_m69_d0.3_b_w32_seed1.txt,Set Cover,100,RelaxGrouping,20000,True,min,3,0.862,0.1228,0.08384060859680176,71697,141516,1802,True
set_cover_n100_m69_d0.3_b_w32_seed1.txt,Set Cover,100,RelaxGrouping,500,False,min,2,0.2551,na,0.03826093673706055,27768,54031,498,True
set_cover_n100_m69_d0.3_b_w32_seed1.txt,Set Cover,100,RelaxGrouping,1000,False,min,2,0.454,na,0.07217049598693848,50643,98630,996,True
set_cover_n100_m69_d0.3_b_w32_seed1.txt,Set Cover,100,RelaxGrouping,2000,False,min,3,0.7843,na,0.1379997730255127,85389,166123,1989,True
set_cover_n100_m69_d0.3_b_w32_seed1.txt,Set Cover,100,RelaxGrouping,5000,False,min,3,0.8612,na,0.08882570266723633,90574,176170,2257,True
set_cover_n100_m69_d0.2_b_w32_seed4.txt,Set Cover,100,RelaxGrouping,20000,False,min,2,18.6329,na,2.738349676132202,1052386,2007271,19977,True
set_cover_n100_m69_d0.3_b_w32_seed1.txt,Set Cover,100,RelaxGrouping,10000,False,min,3,0.8523,na,0.09044289588928223,90574,176170,2257,True
set_cover_n100_m69_d0.3_b_w32_seed1.txt,Set Cover,100,RelaxGrouping,20000,False,min,3,0.8639,na,0.08722591400146484,90574,176170,2257,True
set_cover_n100_m69_d0.3_b_w32_seed2.txt,Set Cover,100,RelaxGrouping,500,True,min,2,0.2343,0.0353,0.012299060821533203,12462,24451,306,True
set_cover_n100_m69_d0.3_b_w32_seed2.txt,Set Cover,100,RelaxGrouping,1000,True,min,2,0.4271,0.0669,0.06432104110717773,28034,55236,662,True
set_cover_n100_m69_d0.3_b_w32_seed2.txt,Set Cover,100,RelaxGrouping,2000,True,min,2,0.834,0.1163,0.06239891052246094,58731,116027,1486,True
set_cover_n100_m69_d0.3_b_w32_seed2.txt,Set Cover,100,RelaxGrouping,5000,True,min,3,0.9258,0.135,0.15664434432983398,79179,156435,2137,True
set_cover_n100_m69_d0.3_b_w32_seed2.txt,Set Cover,100,RelaxGrouping,10000,True,min,3,0.9383,0.1397,0.1661694049835205,79179,156435,2137,True
set_cover_n100_m69_d0.3_b_w32_seed2.txt,Set Cover,100,RelaxGrouping,20000,True,min,3,0.954,0.1358,0.1518406867980957,79179,156435,2137,True
set_cover_n100_m69_d0.3_b_w32_seed2.txt,Set Cover,100,RelaxGrouping,500,False,min,2,0.2318,na,0.022661447525024414,26009,50691,499,True
set_cover_n100_m69_d0.3_b_w32_seed2.txt,Set Cover,100,RelaxGrouping,1000,False,min,2,0.4344,na,0.07855820655822754,48605,94834,995,True
set_cover_n100_m69_d0.3_b_w32_seed2.txt,Set Cover,100,RelaxGrouping,2000,False,min,2,0.8377,na,0.08504438400268555,85333,166611,1997,True
set_cover_n100_m69_d0.3_b_w32_seed2.txt,Set Cover,100,RelaxGrouping,5000,False,min,3,0.945,na,0.16625404357910156,102364,199333,2967,True
set_cover_n100_m69_d0.3_b_w32_seed2.txt,Set Cover,100,RelaxGrouping,10000,False,min,3,0.9389,na,0.1682112216949463,102364,199333,2967,True
set_cover_n100_m69_d0.3_b_w32_seed2.txt,Set Cover,100,RelaxGrouping,20000,False,min,3,0.9233,na,0.16812944412231445,102364,199333,2967,True
set_cover_n100_m69_d0.3_b_w32_seed3.txt,Set Cover,100,RelaxGrouping,500,True,min,2,0.2626,0.04,0.034325599670410156,17703,34647,405,True
set_cover_n100_m69_d0.3_b_w32_seed3.txt,Set Cover,100,RelaxGrouping,1000,True,min,2,0.486,0.0698,0.034004926681518555,36119,70875,839,True
set_cover_n100_m69_d0.3_b_w32_seed3.txt,Set Cover,100,RelaxGrouping,2000,True,min,2,0.8341,0.1165,0.07162094116210938,64639,127449,1624,True
set_cover_n100_m69_d0.3_b_w32_seed3.txt,Set Cover,100,RelaxGrouping,5000,True,min,3,0.975,0.1426,0.16935372352600098,86388,170554,2456,True
set_cover_n100_m69_d0.3_b_w32_seed3.txt,Set Cover,100,RelaxGrouping,10000,True,min,3,0.9948,0.1419,0.158522367477417,86388,170554,2456,True
set_cover_n100_m69_d0.3_b_w32_seed3.txt,Set Cover,100,RelaxGrouping,20000,True,min,3,0.9776,0.1412,0.15528392791748047,86388,170554,2456,True
set_cover_n100_m69_d0.3_b_w32_seed3.txt,Set Cover,100,RelaxGrouping,500,False,min,2,0.2594,na,0.04348301887512207,29699,57744,498,True
set_cover_n100_m69_d0.3_b_w32_seed3.txt,Set Cover,100,RelaxGrouping,1000,False,min,2,0.4854,na,0.04680371284484863,52295,101810,994,True
set_cover_n100_m69_d0.3_b_w32_seed3.txt,Set Cover,100,RelaxGrouping,2000,False,min,2,0.8409,na,0.0835106372833252,85954,167665,1992,True
set_cover_n100_m69_d0.3_b_w32_seed3.txt,Set Cover,100,RelaxGrouping,5000,False,min,3,0.9951,na,0.1821002960205078,107920,209935,3538,True
set_cover_n100_m69_d0.3_b_w32_seed3.txt,Set Cover,100,RelaxGrouping,10000,False,min,3,0.9927,na,0.174760103225708,107920,209935,3538,True
set_cover_n100_m69_d0.3_b_w32_seed3.txt,Set Cover,100,RelaxGrouping,20000,False,min,3,1.0032,na,0.1741175651550293,107920,209935,3538,True
set_cover_n100_m69_d0.3_b_w32_seed4.txt,Set Cover,100,RelaxGrouping,500,True,min,2,0.2489,0.0369,0.013936996459960938,15638,30658,375,True
set_cover_n100_m69_d0.3_b_w32_seed4.txt,Set Cover,100,RelaxGrouping,1000,True,min,2,0.4466,0.0675,0.05578303337097168,32520,64022,770,True
set_cover_n100_m69_d0.3_b_w32_seed4.txt,Set Cover,100,RelaxGrouping,2000,True,min,2,0.8284,0.1123,0.06931114196777344,64504,127397,1691,True
set_cover_n100_m69_d0.3_b_w32_seed4.txt,Set Cover,100,RelaxGrouping,5000,True,min,3,0.8879,0.1265,0.08149600028991699,77147,152459,2100,True
set_cover_n100_m69_d0.3_b_w32_seed4.txt,Set Cover,100,RelaxGrouping,10000,True,min,3,0.8819,0.1258,0.08037805557250977,77147,152459,2100,True
set_cover_n100_m69_d0.3_b_w32_seed4.txt,Set Cover,100,RelaxGrouping,20000,True,min,3,0.8898,0.125,0.08414840698242188,77147,152459,2100,True
set_cover_n100_m69_d0.3_b_w32_seed4.txt,Set Cover,100,RelaxGrouping,500,False,min,2,0.2521,na,0.044667720794677734,28238,54980,499,True
set_cover_n100_m69_d0.3_b_w32_seed4.txt,Set Cover,100,RelaxGrouping,1000,False,min,2,0.4534,na,0.07885003089904785,50480,98348,997,True
set_cover_n100_m69_d0.3_b_w32_seed4.txt,Set Cover,100,RelaxGrouping,2000,False,min,2,0.8161,na,0.08112525939941406,86017,167798,1997,True
set_cover_n100_m69_d0.3_b_w32_seed4.txt,Set Cover,100,RelaxGrouping,5000,False,min,3,0.8993,na,0.15265297889709473,96163,187252,2780,True
set_cover_n100_m69_d0.3_b_w32_seed4.txt,Set Cover,100,RelaxGrouping,10000,False,min,3,0.8938,na,0.153045654296875,96163,187252,2780,True
set_cover_n100_m69_d0.3_b_w32_seed4.txt,Set Cover,100,RelaxGrouping,20000,False,min,3,0.8994,na,0.15797138214111328,96163,187252,2780,True
set_cover_n100_m69_d0.4_b_w32_seed1.txt,Set Cover,100,RelaxGrouping,500,True,min,2,0.1666,0.0204,0.014664411544799805,18598,36678,498,True
set_cover_n100_m69_d0.4_b_w32_seed1.txt,Set Cover,100,RelaxGrouping,1000,True,min,3,0.2239,0.0256,0.03718113899230957,28528,56334,699,True
set_cover_n100_m69_d0.4_b_w32_seed1.txt,Set Cover,100,RelaxGrouping,2000,True,min,3,0.2229,0.0236,0.04154205322265625,28528,56334,699,True
set_cover_n100_m69_d0.4_b_w32_seed1.txt,Set Cover,100,RelaxGrouping,5000,True,min,3,0.2268,0.0247,0.04039430618286133,28528,56334,699,True
set_cover_n100_m69_d0.4_b_w32_seed1.txt,Set Cover,100,RelaxGrouping,10000,True,min,3,0.2223,0.0256,0.03579878807067871,28528,56334,699,True
set_cover_n100_m69_d0.4_b_w32_seed1.txt,Set Cover,100,RelaxGrouping,20000,True,min,3,0.2307,0.0259,0.0437619686126709,28528,56334,699,True
set_cover_n100_m69_d0.4_b_w32_seed1.txt,Set Cover,100,RelaxGrouping,500,False,min,2,0.163,na,0.015431404113769531,19603,38674,498,True
set_cover_n100_m69_d0.4_b_w32_seed1.txt,Set Cover,100,RelaxGrouping,1000,False,min,3,0.2258,na,0.0381925106048584,28528,56334,699,True
set_cover_n100_m69_d0.4_b_w32_seed1.txt,Set Cover,100,RelaxGrouping,2000,False,min,3,0.2309,na,0.03995513916015625,28528,56334,699,True
set_cover_n100_m69_d0.4_b_w32_seed1.txt,Set Cover,100,RelaxGrouping,5000,False,min,3,0.2323,na,0.03864550590515137,28528,56334,699,True
set_cover_n100_m69_d0.4_b_w32_seed1.txt,Set Cover,100,RelaxGrouping,10000,False,min,3,0.2229,na,0.040328264236450195,28528,56334,699,True
set_cover_n100_m69_d0.4_b_w32_seed1.txt,Set Cover,100,RelaxGrouping,20000,False,min,3,0.2265,na,0.03951883316040039,28528,56334,699,True
set_cover_n100_m69_d0.4_b_w32_seed2.txt,Set Cover,100,RelaxGrouping,500,True,min,2,0.1602,0.0183,0.013521432876586914,18598,36678,498,True
set_cover_n100_m69_d0.4_b_w32_seed2.txt,Set Cover,100,RelaxGrouping,1000,True,min,3,0.2277,0.0254,0.04242992401123047,28528,56334,699,True
set_cover_n100_m69_d0.4_b_w32_seed2.txt,Set Cover,100,RelaxGrouping,2000,True,min,3,0.227,0.0254,0.04408097267150879,28528,56334,699,True
set_cover_n100_m69_d0.4_b_w32_seed2.txt,Set Cover,100,RelaxGrouping,5000,True,min,3,0.2262,0.0262,0.039714813232421875,28528,56334,699,True
set_cover_n100_m69_d0.4_b_w32_seed2.txt,Set Cover,100,RelaxGrouping,10000,True,min,3,0.2233,0.0259,0.043961286544799805,28528,56334,699,True
set_cover_n100_m69_d0.4_b_w32_seed2.txt,Set Cover,100,RelaxGrouping,20000,True,min,3,0.2259,0.0259,0.04361772537231445,28528,56334,699,True
set_cover_n100_m69_d0.4_b_w32_seed2.txt,Set Cover,100,RelaxGrouping,500,False,min,2,0.1622,na,0.015231847763061523,19603,38674,498,True
set_cover_n100_m69_d0.4_b_w32_seed2.txt,Set Cover,100,RelaxGrouping,1000,False,min,3,0.2228,na,0.03418993949890137,28528,56334,699,True
set_cover_n100_m69_d0.4_b_w32_seed2.txt,Set Cover,100,RelaxGrouping,2000,False,min,3,0.2258,na,0.03797006607055664,28528,56334,699,True
set_cover_n100_m69_d0.4_b_w32_seed2.txt,Set Cover,100,RelaxGrouping,5000,False,min,3,0.2313,na,0.04239153861999512,28528,56334,699,True
set_cover_n100_m69_d0.4_b_w32_seed2.txt,Set Cover,100,RelaxGrouping,10000,False,min,3,0.227,na,0.04481959342956543,28528,56334,699,True
set_cover_n100_m69_d0.4_b_w32_seed2.txt,Set Cover,100,RelaxGrouping,20000,False,min,3,0.2253,na,0.04504680633544922,28528,56334,699,True
set_cover_n100_m69_d0.4_b_w32_seed3.txt,Set Cover,100,RelaxGrouping,500,True,min,2,0.1639,0.0185,0.013757705688476562,18598,36678,498,True
set_cover_n100_m69_d0.4_b_w32_seed3.txt,Set Cover,100,RelaxGrouping,1000,True,min,3,0.2262,0.0255,0.03790402412414551,28528,56334,699,True
set_cover_n100_m69_d0.4_b_w32_seed3.txt,Set Cover,100,RelaxGrouping,2000,True,min,3,0.2288,0.0247,0.04466128349304199,28528,56334,699,True
set_cover_n100_m69_d0.4_b_w32_seed3.txt,Set Cover,100,RelaxGrouping,5000,True,min,3,0.2313,0.0258,0.0460665225982666,28528,56334,699,True
set_cover_n100_m69_d0.4_b_w32_seed3.txt,Set Cover,100,RelaxGrouping,10000,True,min,3,0.2244,0.0255,0.042716264724731445,28528,56334,699,True
set_cover_n100_m69_d0.4_b_w32_seed3.txt,Set Cover,100,RelaxGrouping,20000,True,min,3,0.2246,0.0255,0.04399275779724121,28528,56334,699,True
set_cover_n100_m69_d0.4_b_w32_seed3.txt,Set Cover,100,RelaxGrouping,500,False,min,2,0.1661,na,0.015573740005493164,19603,38674,498,True
set_cover_n100_m69_d0.4_b_w32_seed3.txt,Set Cover,100,RelaxGrouping,1000,False,min,3,0.2279,na,0.039557456970214844,28528,56334,699,True
set_cover_n100_m69_d0.4_b_w32_seed3.txt,Set Cover,100,RelaxGrouping,2000,False,min,3,0.2242,na,0.034509897232055664,28528,56334,699,True
set_cover_n100_m69_d0.4_b_w32_seed3.txt,Set Cover,100,RelaxGrouping,5000,False,min,3,0.231,na,0.04523158073425293,28528,56334,699,True
set_cover_n100_m69_d0.4_b_w32_seed3.txt,Set Cover,100,RelaxGrouping,10000,False,min,3,0.225,na,0.04111313819885254,28528,56334,699,True
set_cover_n100_m69_d0.4_b_w32_seed3.txt,Set Cover,100,RelaxGrouping,20000,False,min,3,0.2257,na,0.04408669471740723,28528,56334,699,True
set_cover_n100_m69_d0.4_b_w32_seed4.txt,Set Cover,100,RelaxGrouping,500,True,min,2,0.1614,0.0202,0.014975786209106445,18598,36678,498,True
set_cover_n100_m69_d0.4_b_w32_seed4.txt,Set Cover,100,RelaxGrouping,1000,True,min,3,0.2253,0.0253,0.04330563545227051,28528,56334,699,True
set_cover_n100_m69_d0.4_b_w32_seed4.txt,Set Cover,100,RelaxGrouping,2000,True,min,3,0.2207,0.0225,0.032776594161987305,28528,56334,699,True
set_cover_n100_m69_d0.4_b_w32_seed4.txt,Set Cover,100,RelaxGrouping,5000,True,min,3,0.2287,0.0253,0.04308938980102539,28528,56334,699,True
set_cover_n100_m69_d0.4_b_w32_seed4.txt,Set Cover,100,RelaxGrouping,10000,True,min,3,0.2246,0.0247,0.04099535942077637,28528,56334,699,True
set_cover_n100_m69_d0.4_b_w32_seed4.txt,Set Cover,100,RelaxGrouping,20000,True,min,3,0.2271,0.0267,0.0402224063873291,28528,56334,699,True
set_cover_n100_m69_d0.4_b_w32_seed4.txt,Set Cover,100,RelaxGrouping,500,False,min,2,0.1554,na,0.014342069625854492,19603,38674,498,True
set_cover_n100_m69_d0.4_b_w32_seed4.txt,Set Cover,100,RelaxGrouping,1000,False,min,3,0.2232,na,0.044115543365478516,28528,56334,699,True
set_cover_n100_m69_d0.4_b_w32_seed4.txt,Set Cover,100,RelaxGrouping,2000,False,min,3,0.2128,na,0.035477638244628906,28528,56334,699,True
set_cover_n100_m69_d0.4_b_w32_seed4.txt,Set Cover,100,RelaxGrouping,5000,False,min,3,0.2284,na,0.04462122917175293,28528,56334,699,True
set_cover_n100_m69_d0.4_b_w32_seed4.txt,Set Cover,100,RelaxGrouping,10000,False,min,3,0.2268,na,0.04320645332336426,28528,56334,699,True
set_cover_n100_m69_d0.4_b_w32_seed4.txt,Set Cover,100,RelaxGrouping,20000,False,min,3,0.2267,na,0.041703224182128906,28528,56334,699,True
set_cover_n100_m69_d0.05_b_w32_seed1.txt,Set Cover,100,RelaxGrouping,500,True,min,3,0.2488,0.0286,0.005268096923828125,6994,11930,155,True
set_cover_n100_m69_d0.05_b_w32_seed1.txt,Set Cover,100,RelaxGrouping,1000,True,min,3,0.5119,0.0687,0.012526750564575195,12625,21540,300,True
set_cover_n100_m69_d0.05_b_w32_seed1.txt,Set Cover,100,RelaxGrouping,2000,True,min,3,1.2359,0.1452,0.07825374603271484,21090,35883,552,True
set_cover_n100_m69_d0.05_b_w32_seed1.txt,Set Cover,100,RelaxGrouping,500,False,min,3,0.2614,na,0.04385209083557129,24749,42839,495,True
set_cover_n100_m69_d0.05_b_w32_seed1.txt,Set Cover,100,RelaxGrouping,5000,True,min,4,4.073,0.4365,0.05833935737609863,44619,75376,1314,True
set_cover_n100_m69_d0.05_b_w32_seed1.txt,Set Cover,100,RelaxGrouping,1000,False,min,3,0.54,na,0.09091782569885254,48831,82890,993,True
set_cover_n100_m69_d0.05_b_w32_seed1.txt,Set Cover,100,RelaxGrouping,2000,False,min,3,1.2606,na,0.18775701522827148,94768,161343,1988,True
set_cover_n100_m69_d0.05_b_w32_seed1.txt,Set Cover,100,RelaxGrouping,10000,True,min,4,8.7852,0.9347,0.11320638656616211,78696,134788,2256,True
set_cover_n100_m69_d0.05_b_w32_seed1.txt,Set Cover,100,RelaxGrouping,5000,False,min,4,4.2137,na,0.25104308128356934,231635,393951,4991,True
set_cover_n100_m69_d0.5_b_w32_seed1.txt,Set Cover,100,RelaxGrouping,500,True,min,2,0.1657,0.0205,0.015611410140991211,18598,36678,498,True
set_cover_n100_m69_d0.5_b_w32_seed1.txt,Set Cover,100,RelaxGrouping,1000,True,min,3,0.2354,0.0266,0.044712066650390625,28528,56334,699,True
set_cover_n100_m69_d0.5_b_w32_seed1.txt,Set Cover,100,RelaxGrouping,2000,True,min,3,0.2423,0.0275,0.04681849479675293,28528,56334,699,True
set_cover_n100_m69_d0.05_b_w32_seed1.txt,Set Cover,100,RelaxGrouping,10000,False,min,4,8.9878,na,1.080273151397705,442228,750959,9999,True
set_cover_n100_m69_d0.5_b_w32_seed1.txt,Set Cover,100,RelaxGrouping,5000,True,min,3,0.2325,0.0259,0.04181385040283203,28528,56334,699,True
set_cover_n100_m69_d0.05_b_w32_seed1.txt,Set Cover,100,RelaxGrouping,20000,True,min,4,20.0215,2.1867,0.2360222339630127,158444,270675,4922,True
set_cover_n100_m69_d0.5_b_w32_seed1.txt,Set Cover,100,RelaxGrouping,10000,True,min,3,0.2345,0.0261,0.04400944709777832,28528,56334,699,True
set_cover_n100_m69_d0.5_b_w32_seed1.txt,Set Cover,100,RelaxGrouping,20000,True,min,3,0.2312,0.0257,0.03978896141052246,28528,56334,699,True
set_cover_n100_m69_d0.5_b_w32_seed1.txt,Set Cover,100,RelaxGrouping,500,False,min,2,0.1632,na,0.015677928924560547,19603,38674,498,True
set_cover_n100_m69_d0.5_b_w32_seed1.txt,Set Cover,100,RelaxGrouping,1000,False,min,3,0.235,na,0.04100608825683594,28528,56334,699,True
set_cover_n100_m69_d0.5_b_w32_seed1.txt,Set Cover,100,RelaxGrouping,2000,False,min,3,0.2307,na,0.042539119720458984,28528,56334,699,True
set_cover_n100_m69_d0.5_b_w32_seed1.txt,Set Cover,100,RelaxGrouping,5000,False,min,3,0.2304,na,0.04347825050354004,28528,56334,699,True
set_cover_n100_m69_d0.5_b_w32_seed1.txt,Set Cover,100,RelaxGrouping,10000,False,min,3,0.2322,na,0.038237571716308594,28528,56334,699,True
set_cover_n100_m69_d0.05_b_w32_seed1.txt,Set Cover,100,RelaxGrouping,20000,False,min,4,19.6143,na,2.25761342048645,905014,1531284,19973,True
set_cover_n100_m69_d0.5_b_w32_seed1.txt,Set Cover,100,RelaxGrouping,20000,False,min,3,0.2291,na,0.041922569274902344,28528,56334,699,True
set_cover_n100_m69_d0.05_b_w32_seed2.txt,Set Cover,100,RelaxGrouping,500,True,min,3,0.2664,0.0367,0.008012771606445312,8333,13888,231,True
set_cover_n100_m69_d0.05_b_w32_seed2.txt,Set Cover,100,RelaxGrouping,1000,True,min,3,0.5595,0.0745,0.04035305976867676,15534,25608,459,True
set_cover_n100_m69_d0.05_b_w32_seed2.txt,Set Cover,100,RelaxGrouping,2000,True,min,3,1.3348,0.1597,0.028645038604736328,24203,40707,735,True
set_cover_n100_m69_d0.05_b_w32_seed2.txt,Set Cover,100,RelaxGrouping,500,False,min,3,0.2715,na,0.038934946060180664,27313,45490,494,True
set_cover_n100_m69_d0.05_b_w32_seed2.txt,Set Cover,100,RelaxGrouping,5000,True,min,3,3.9495,0.4253,0.17876267433166504,53215,89144,1860,True
set_cover_n100_m69_d0.05_b_w32_seed2.txt,Set Cover,100,RelaxGrouping,1000,False,min,3,0.5763,na,0.0906517505645752,55065,90801,1000,True
set_cover_n100_m69_d0.05_b_w32_seed2.txt,Set Cover,100,RelaxGrouping,2000,False,min,3,1.4455,na,0.0999917984008789,103265,172114,1993,True
set_cover_n100_m69_d0.05_b_w32_seed2.txt,Set Cover,100,RelaxGrouping,10000,True,min,4,9.6422,0.9891,0.12929153442382812,92269,156302,2720,True
set_cover_n100_m69_d0.05_b_w32_seed2.txt,Set Cover,100,RelaxGrouping,5000,False,min,3,4.1627,na,0.5154082775115967,251011,418700,4985,True
set_cover_n100_m69_d0.5_b_w32_seed2.txt,Set Cover,100,RelaxGrouping,500,True,min,2,0.1664,0.0207,0.015636682510375977,18598,36678,498,True
set_cover_n100_m69_d0.5_b_w32_seed2.txt,Set Cover,100,RelaxGrouping,1000,True,min,3,0.2394,0.0272,0.04662942886352539,28528,56334,699,True
set_cover_n100_m69_d0.5_b_w32_seed2.txt,Set Cover,100,RelaxGrouping,2000,True,min,3,0.2387,0.0261,0.04419064521789551,28528,56334,699,True
set_cover_n100_m69_d0.05_b_w32_seed2.txt,Set Cover,100,RelaxGrouping,10000,False,min,4,9.6994,na,1.1758489608764648,481494,811760,9970,True
set_cover_n100_m69_d0.5_b_w32_seed2.txt,Set Cover,100,RelaxGrouping,5000,True,min,3,0.2411,0.0261,0.046065568923950195,28528,56334,699,True
set_cover_n100_m69_d0.05_b_w32_seed2.txt,Set Cover,100,RelaxGrouping,20000,True,min,4,20.098,2.1427,0.2609829902648926,193118,326850,7238,True
set_cover_n100_m69_d0.5_b_w32_seed2.txt,Set Cover,100,RelaxGrouping,10000,True,min,3,0.2298,0.0263,0.038396358489990234,28528,56334,699,True
set_cover_n100_m69_d0.5_b_w32_seed2.txt,Set Cover,100,RelaxGrouping,20000,True,min,3,0.2301,0.0255,0.041107177734375,28528,56334,699,True
set_cover_n100_m69_d0.5_b_w32_seed2.txt,Set Cover,100,RelaxGrouping,500,False,min,2,0.1587,na,0.014677762985229492,19603,38674,498,True
set_cover_n100_m69_d0.5_b_w32_seed2.txt,Set Cover,100,RelaxGrouping,1000,False,min,3,0.2262,na,0.04581570625305176,28528,56334,699,True
set_cover_n100_m69_d0.5_b_w32_seed2.txt,Set Cover,100,RelaxGrouping,2000,False,min,3,0.2293,na,0.04112744331359863,28528,56334,699,True
set_cover_n100_m69_d0.5_b_w32_seed2.txt,Set Cover,100,RelaxGrouping,5000,False,min,3,0.2327,na,0.044167518615722656,28528,56334,699,True
set_cover_n100_m69_d0.5_b_w32_seed2.txt,Set Cover,100,RelaxGrouping,10000,False,min,3,0.2305,na,0.04450106620788574,28528,56334,699,True
set_cover_n100_m69_d0.05_b_w32_seed2.txt,Set Cover,100,RelaxGrouping,20000,False,min,4,19.5443,na,2.2511680126190186,923489,1558526,19913,True
set_cover_n100_m69_d0.5_b_w32_seed2.txt,Set Cover,100,RelaxGrouping,20000,False,min,3,0.2279,na,0.03837132453918457,28528,56334,699,True
set_cover_n100_m69_d0.05_b_w32_seed3.txt,Set Cover,100,RelaxGrouping,500,True,min,3,0.2721,0.0364,0.026804685592651367,10758,18065,354,True
set_cover_n100_m69_d0.05_b_w32_seed3.txt,Set Cover,100,RelaxGrouping,1000,True,min,3,0.5353,0.0701,0.01935577392578125,19988,33391,863,True
set_cover_n100_m69_d0.05_b_w32_seed3.txt,Set Cover,100,RelaxGrouping,2000,True,min,3,1.3581,0.1559,0.04165506362915039,39870,66611,1888,True
set_cover_n100_m69_d0.05_b_w32_seed3.txt,Set Cover,100,RelaxGrouping,500,False,min,3,0.2832,na,0.04311823844909668,27219,46194,496,True
set_cover_n100_m69_d0.05_b_w32_seed3.txt,Set Cover,100,RelaxGrouping,5000,True,min,3,3.9021,0.4276,0.24735426902770996,84674,143524,3257,True
set_cover_n100_m69_d0.05_b_w32_seed3.txt,Set Cover,100,RelaxGrouping,1000,False,min,3,0.5593,na,0.09082484245300293,52316,88047,988,True
set_cover_n100_m69_d0.05_b_w32_seed3.txt,Set Cover,100,RelaxGrouping,2000,False,min,3,1.486,na,0.1050570011138916,105262,177316,1995,True
set_cover_n100_m69_d0.05_b_w32_seed3.txt,Set Cover,100,RelaxGrouping,10000,True,min,4,8.9441,1.0126,0.4537050724029541,158978,270365,7324,True
set_cover_n100_m69_d0.05_b_w32_seed3.txt,Set Cover,100,RelaxGrouping,5000,False,min,3,4.0401,na,0.48488688468933105,242976,411235,4959,True
set_cover_n100_m69_d0.5_b_w32_seed3.txt,Set Cover,100,RelaxGrouping,500,True,min,2,0.1641,0.0211,0.015395164489746094,18598,36678,498,True
set_cover_n100_m69_d0.5_b_w32_seed3.txt,Set Cover,100,RelaxGrouping,1000,True,min,3,0.2373,0.0269,0.043340444564819336,28528,56334,699,True
set_cover_n100_m69_d0.5_b_w32_seed3.txt,Set Cover,100,RelaxGrouping,2000,True,min,3,0.2429,0.0268,0.044342041015625,28528,56334,699,True
set_cover_n100_m69_d0.05_b_w32_seed3.txt,Set Cover,100,RelaxGrouping,10000,False,min,4,9.0391,na,1.1067392826080322,480512,812546,9994,True
set_cover_n100_m69_d0.5_b_w32_seed3.txt,Set Cover,100,RelaxGrouping,5000,True,min,3,0.2329,0.0261,0.04641890525817871,28528,56334,699,True
set_cover_n100_m69_d0.05_b_w32_seed3.txt,Set Cover,100,RelaxGrouping,20000,True,min,4,18.8248,2.1861,0.4371922016143799,321009,542763,14758,True
set_cover_n100_m69_d0.5_b_w32_seed3.txt,Set Cover,100,RelaxGrouping,10000,True,min,3,0.2291,0.0258,0.04367494583129883,28528,56334,699,True
set_cover_n100_m69_d0.5_b_w32_seed3.txt,Set Cover,100,RelaxGrouping,20000,True,min,3,0.2313,0.0255,0.04080605506896973,28528,56334,699,True
set_cover_n100_m69_d0.5_b_w32_seed3.txt,Set Cover,100,RelaxGrouping,500,False,min,2,0.1663,na,0.01599264144897461,19603,38674,498,True
set_cover_n100_m69_d0.5_b_w32_seed3.txt,Set Cover,100,RelaxGrouping,1000,False,min,3,0.2254,na,0.036748647689819336,28528,56334,699,True
set_cover_n100_m69_d0.5_b_w32_seed3.txt,Set Cover,100,RelaxGrouping,2000,False,min,3,0.2303,na,0.039016008377075195,28528,56334,699,True
set_cover_n100_m69_d0.5_b_w32_seed3.txt,Set Cover,100,RelaxGrouping,5000,False,min,3,0.2272,na,0.043055057525634766,28528,56334,699,True
set_cover_n100_m69_d0.05_b_w32_seed3.txt,Set Cover,100,RelaxGrouping,20000,False,min,4,18.6143,na,2.1788437366485596,948832,1597460,19940,True
set_cover_n100_m69_d0.5_b_w32_seed3.txt,Set Cover,100,RelaxGrouping,10000,False,min,3,0.2272,na,0.03969717025756836,28528,56334,699,True
set_cover_n100_m69_d0.5_b_w32_seed3.txt,Set Cover,100,RelaxGrouping,20000,False,min,3,0.2262,na,0.040701866149902344,28528,56334,699,True
set_cover_n100_m69_d0.05_b_w32_seed4.txt,Set Cover,100,RelaxGrouping,500,True,min,3,0.2643,0.0322,0.018758535385131836,12465,19705,364,True
set_cover_n100_m69_d0.05_b_w32_seed4.txt,Set Cover,100,RelaxGrouping,1000,True,min,3,0.5585,0.0739,0.05659961700439453,21896,34684,754,True
set_cover_n100_m69_d0.05_b_w32_seed4.txt,Set Cover,100,RelaxGrouping,2000,True,min,3,1.2403,0.1482,0.09594321250915527,32095,51104,981,True
set_cover_n100_m69_d0.05_b_w32_seed4.txt,Set Cover,100,RelaxGrouping,500,False,min,3,0.2861,na,0.048178911209106445,29560,48164,497,True
set_cover_n100_m69_d0.05_b_w32_seed4.txt,Set Cover,100,RelaxGrouping,5000,True,min,4,3.9215,0.4795,0.24931097030639648,80227,129857,2472,True
set_cover_n100_m69_d0.05_b_w32_seed4.txt,Set Cover,100,RelaxGrouping,1000,False,min,3,0.5654,na,0.09494256973266602,56042,91232,1000,True
set_cover_n100_m69_d0.05_b_w32_seed4.txt,Set Cover,100,RelaxGrouping,2000,False,min,3,1.308,na,0.1923220157623291,102596,169196,1990,True
set_cover_n100_m69_d0.05_b_w32_seed4.txt,Set Cover,100,RelaxGrouping,10000,True,min,4,8.9547,0.9963,0.4450058937072754,135566,219363,3850,True
set_cover_n100_m69_d0.05_b_w32_seed4.txt,Set Cover,100,RelaxGrouping,5000,False,min,4,4.0596,na,0.4899101257324219,253283,413732,4981,True
set_cover_n100_m69_d0.5_b_w32_seed4.txt,Set Cover,100,RelaxGrouping,500,True,min,2,0.1662,0.0208,0.015418052673339844,18598,36678,498,True
set_cover_n100_m69_d0.5_b_w32_seed4.txt,Set Cover,100,RelaxGrouping,1000,True,min,3,0.2391,0.0268,0.0451357364654541,28528,56334,699,True
set_cover_n100_m69_d0.5_b_w32_seed4.txt,Set Cover,100,RelaxGrouping,2000,True,min,3,0.2345,0.0258,0.042215585708618164,28528,56334,699,True
set_cover_n100_m69_d0.05_b_w32_seed4.txt,Set Cover,100,RelaxGrouping,10000,False,min,4,8.9207,na,1.0836372375488281,486194,800474,9992,True
set_cover_n100_m69_d0.05_b_w32_seed4.txt,Set Cover,100,RelaxGrouping,20000,True,min,4,18.6914,2.1484,0.3504295349121094,241676,396951,7945,True
set_cover_n100_m69_d0.5_b_w32_seed4.txt,Set Cover,100,RelaxGrouping,5000,True,min,3,0.2338,0.026,0.045857906341552734,28528,56334,699,True
set_cover_n100_m69_d0.5_b_w32_seed4.txt,Set Cover,100,RelaxGrouping,10000,True,min,3,0.2278,0.0259,0.04347681999206543,28528,56334,699,True
set_cover_n100_m69_d0.5_b_w32_seed4.txt,Set Cover,100,RelaxGrouping,20000,True,min,3,0.2272,0.0258,0.03781914710998535,28528,56334,699,True
set_cover_n100_m69_d0.5_b_w32_seed4.txt,Set Cover,100,RelaxGrouping,500,False,min,2,0.1578,na,0.014397144317626953,19603,38674,498,True
set_cover_n100_m69_d0.5_b_w32_seed4.txt,Set Cover,100,RelaxGrouping,1000,False,min,3,0.226,na,0.04570651054382324,28528,56334,699,True
set_cover_n100_m69_d0.5_b_w32_seed4.txt,Set Cover,100,RelaxGrouping,2000,False,min,3,0.2277,na,0.04172110557556152,28528,56334,699,True
set_cover_n100_m69_d0.5_b_w32_seed4.txt,Set Cover,100,RelaxGrouping,5000,False,min,3,0.2289,na,0.04479336738586426,28528,56334,699,True
set_cover_n100_m69_d0.05_b_w32_seed4.txt,Set Cover,100,RelaxGrouping,20000,False,min,4,18.416,na,2.0353944301605225,928742,1536618,19983,True
set_cover_n100_m69_d0.5_b_w32_seed4.txt,Set Cover,100,RelaxGrouping,10000,False,min,3,0.2308,na,0.04420590400695801,28528,56334,699,True
set_cover_n100_m69_d0.5_b_w32_seed4.txt,Set Cover,100,RelaxGrouping,20000,False,min,3,0.2169,na,0.04222297668457031,28528,56334,699,True
set_cover_n100_m69_d0.15_b_w32_seed1.txt,Set Cover,100,RelaxGrouping,500,True,min,2,0.3656,0.0454,0.008783340454101562,10261,18952,231,True
set_cover_n100_m69_d0.15_b_w32_seed1.txt,Set Cover,100,RelaxGrouping,1000,True,min,2,0.8419,0.1001,0.01905679702758789,18094,33737,400,True
set_cover_n100_m69_d0.15_b_w32_seed1.txt,Set Cover,100,RelaxGrouping,2000,True,min,2,1.804,0.2168,0.12136411666870117,32763,61476,799,True
set_cover_n100_m69_d0.15_b_w32_seed1.txt,Set Cover,100,RelaxGrouping,500,False,min,2,0.4024,na,0.032070159912109375,35188,64257,498,True
set_cover_n100_m69_d0.15_b_w32_seed1.txt,Set Cover,100,RelaxGrouping,5000,True,min,2,5.4738,0.6373,0.0938880443572998,65894,124701,1544,True
set_cover_n100_m69_d0.15_b_w32_seed1.txt,Set Cover,100,RelaxGrouping,1000,False,min,2,0.8696,na,0.06490278244018555,66851,122562,996,True
set_cover_n100_m69_d0.15_b_w32_seed1.txt,Set Cover,100,RelaxGrouping,2000,False,min,2,1.971,na,0.2743263244628906,128721,236151,1983,True
set_cover_n100_m69_d0.15_b_w32_seed1.txt,Set Cover,100,RelaxGrouping,10000,True,min,2,11.8807,1.5236,0.20281004905700684,128095,244512,2759,True
set_cover_n100_m69_d0.15_b_w32_seed1.txt,Set Cover,100,RelaxGrouping,5000,False,min,2,5.6937,na,0.7270228862762451,303995,559538,4993,True
set_cover_n100_m69_d0.15_b_w32_seed2.txt,Set Cover,100,RelaxGrouping,500,True,min,2,0.3825,0.0501,0.009757280349731445,8726,15896,220,True
set_cover_n100_m69_d0.15_b_w32_seed2.txt,Set Cover,100,RelaxGrouping,1000,True,min,2,0.8942,0.1078,0.019632577896118164,17154,31202,476,True
set_cover_n100_m69_d0.15_b_w32_seed1.txt,Set Cover,100,RelaxGrouping,10000,False,min,2,12.0958,na,1.5515236854553223,589643,1087657,9988,True
set_cover_n100_m69_d0.15_b_w32_seed2.txt,Set Cover,100,RelaxGrouping,2000,True,min,2,1.9057,0.232,0.10833501815795898,32029,58376,932,True
set_cover_n100_m69_d0.15_b_w32_seed1.txt,Set Cover,100,RelaxGrouping,20000,True,min,2,24.3742,3.1487,0.39739227294921875,231790,446543,5416,True
set_cover_n100_m69_d0.15_b_w32_seed2.txt,Set Cover,100,RelaxGrouping,5000,True,min,2,5.4634,0.6177,0.09246134757995605,66774,121618,2120,True
set_cover_n100_m69_d0.15_b_w32_seed2.txt,Set Cover,100,RelaxGrouping,500,False,min,2,0.3902,na,0.029628515243530273,34049,62910,494,True
set_cover_n100_m69_d0.15_b_w32_seed2.txt,Set Cover,100,RelaxGrouping,1000,False,min,2,0.8932,na,0.06689119338989258,67094,123713,998,True
set_cover_n100_m69_d0.15_b_w32_seed2.txt,Set Cover,100,RelaxGrouping,2000,False,min,2,1.9448,na,0.26795315742492676,128621,237532,1988,True
set_cover_n100_m69_d0.15_b_w32_seed2.txt,Set Cover,100,RelaxGrouping,10000,True,min,2,11.6366,1.3471,0.1774425506591797,118395,218241,3667,True
set_cover_n100_m69_d0.15_b_w32_seed1.txt,Set Cover,100,RelaxGrouping,20000,False,min,2,24.5335,na,3.3464581966400146,1127063,2087380,19980,True
set_cover_n100_m69_d0.15_b_w32_seed2.txt,Set Cover,100,RelaxGrouping,5000,False,min,2,5.508,na,0.6862771511077881,296978,549584,4995,True
set_cover_n100_m69_d0.15_b_w32_seed3.txt,Set Cover,100,RelaxGrouping,500,True,min,2,0.3559,0.0432,0.007138967514038086,6813,12636,173,True
set_cover_n100_m69_d0.15_b_w32_seed3.txt,Set Cover,100,RelaxGrouping,1000,True,min,2,0.7719,0.0971,0.016109466552734375,12516,23332,315,True
set_cover_n100_m69_d0.15_b_w32_seed3.txt,Set Cover,100,RelaxGrouping,2000,True,min,2,1.8287,0.2056,0.031372785568237305,22905,43116,599,True
set_cover_n100_m69_d0.15_b_w32_seed2.txt,Set Cover,100,RelaxGrouping,20000,True,min,2,23.7365,2.9163,0.3835752010345459,228602,423405,7109,True
set_cover_n100_m69_d0.15_b_w32_seed2.txt,Set Cover,100,RelaxGrouping,10000,False,min,2,11.7255,na,1.4265649318695068,554733,1028489,9984,True
set_cover_n100_m69_d0.15_b_w32_seed3.txt,Set Cover,100,RelaxGrouping,5000,True,min,2,5.2802,0.6026,0.0666966438293457,45136,85250,1264,True
set_cover_n100_m69_d0.15_b_w32_seed3.txt,Set Cover,100,RelaxGrouping,500,False,min,2,0.3492,na,0.026424646377563477,29755,55050,499,True
set_cover_n100_m69_d0.15_b_w32_seed3.txt,Set Cover,100,RelaxGrouping,1000,False,min,2,0.7691,na,0.12438368797302246,59105,109039,991,True
set_cover_n100_m69_d0.15_b_w32_seed3.txt,Set Cover,100,RelaxGrouping,2000,False,min,2,1.8474,na,0.25098466873168945,114074,211026,1992,True
set_cover_n100_m69_d0.15_b_w32_seed3.txt,Set Cover,100,RelaxGrouping,10000,True,min,2,11.9352,1.2549,0.1199190616607666,79574,149721,2460,True
set_cover_n100_m69_d0.15_b_w32_seed2.txt,Set Cover,100,RelaxGrouping,20000,False,min,2,23.8031,na,3.123244524002075,1052853,1956525,19949,True
set_cover_n100_m69_d0.15_b_w32_seed3.txt,Set Cover,100,RelaxGrouping,5000,False,min,2,5.2302,na,0.6633658409118652,272959,505530,4981,True
set_cover_n100_m69_d0.15_b_w32_seed4.txt,Set Cover,100,RelaxGrouping,500,True,min,2,0.3816,0.0516,0.011374950408935547,10415,19066,293,True
set_cover_n100_m69_d0.15_b_w32_seed4.txt,Set Cover,100,RelaxGrouping,1000,True,min,2,0.786,0.1042,0.060922861099243164,16755,30826,492,True
set_cover_n100_m69_d0.15_b_w32_seed4.txt,Set Cover,100,RelaxGrouping,2000,True,min,2,1.8712,0.2143,0.03748369216918945,30193,55922,891,True
set_cover_n100_m69_d0.15_b_w32_seed3.txt,Set Cover,100,RelaxGrouping,10000,False,min,2,11.6738,na,0.7319977283477783,531600,985179,9956,True
set_cover_n100_m69_d0.15_b_w32_seed3.txt,Set Cover,100,RelaxGrouping,20000,True,min,2,23.8181,2.8461,0.26845717430114746,152267,287958,5007,True
set_cover_n100_m69_d0.15_b_w32_seed4.txt,Set Cover,100,RelaxGrouping,5000,True,min,2,5.2769,0.6138,0.08352947235107422,60183,112657,1585,True
set_cover_n100_m69_d0.15_b_w32_seed4.txt,Set Cover,100,RelaxGrouping,500,False,min,2,0.3795,na,0.030608415603637695,33643,61839,497,True
set_cover_n100_m69_d0.15_b_w32_seed4.txt,Set Cover,100,RelaxGrouping,1000,False,min,2,0.7952,na,0.12835264205932617,63523,116837,995,True
set_cover_n100_m69_d0.15_b_w32_seed4.txt,Set Cover,100,RelaxGrouping,2000,False,min,2,1.8355,na,0.2593851089477539,123420,227720,1996,True
set_cover_n100_m69_d0.15_b_w32_seed3.txt,Set Cover,100,RelaxGrouping,20000,False,min,2,23.6244,na,3.047423839569092,1032546,1921534,19986,True
set_cover_n100_m69_d0.15_b_w32_seed4.txt,Set Cover,100,RelaxGrouping,10000,True,min,2,11.8626,1.3505,0.1620006561279297,108283,203928,3027,True
set_cover_n100_m69_d0.15_b_w32_seed4.txt,Set Cover,100,RelaxGrouping,5000,False,min,2,5.4341,na,0.6739089488983154,286685,531967,4994,True
set_cover_n100_m69_d0.25_b_w32_seed1.txt,Set Cover,100,RelaxGrouping,500,True,min,2,0.3461,0.0501,0.014398574829101562,12587,24409,299,True
set_cover_n100_m69_d0.25_b_w32_seed1.txt,Set Cover,100,RelaxGrouping,1000,True,min,2,0.7269,0.0974,0.026807308197021484,24188,47156,525,True
set_cover_n100_m69_d0.25_b_w32_seed1.txt,Set Cover,100,RelaxGrouping,2000,True,min,2,1.3918,0.1922,0.05701255798339844,44144,86341,900,True
set_cover_n100_m69_d0.15_b_w32_seed4.txt,Set Cover,100,RelaxGrouping,10000,False,min,2,11.9634,na,0.8119585514068604,556403,1033267,9991,True
set_cover_n100_m69_d0.15_b_w32_seed4.txt,Set Cover,100,RelaxGrouping,20000,True,min,2,23.1168,2.9573,0.8382854461669922,200968,381508,5941,True
set_cover_n100_m69_d0.25_b_w32_seed1.txt,Set Cover,100,RelaxGrouping,5000,True,min,2,3.4871,0.4721,0.15143704414367676,106889,209722,2403,True
set_cover_n100_m69_d0.25_b_w32_seed1.txt,Set Cover,100,RelaxGrouping,500,False,min,2,0.3553,na,0.02973031997680664,33428,63727,498,True
set_cover_n100_m69_d0.25_b_w32_seed1.txt,Set Cover,100,RelaxGrouping,1000,False,min,2,0.7104,na,0.06268525123596191,62273,119038,995,True
set_cover_n100_m69_d0.25_b_w32_seed1.txt,Set Cover,100,RelaxGrouping,10000,True,min,2,6.1747,0.9664,0.6582129001617432,213736,420869,4887,True
set_cover_n100_m69_d0.25_b_w32_seed1.txt,Set Cover,100,RelaxGrouping,2000,False,min,2,1.3642,na,0.21964764595031738,113801,217861,1996,True
set_cover_n100_m69_d0.15_b_w32_seed4.txt,Set Cover,100,RelaxGrouping,20000,False,min,2,23.0792,na,3.0501320362091064,1053779,1961361,19970,True
set_cover_n100_m69_d0.25_b_w32_seed1.txt,Set Cover,100,RelaxGrouping,5000,False,min,2,3.5339,na,0.5560774803161621,254253,487569,4989,True
set_cover_n100_m69_d0.25_b_w32_seed1.txt,Set Cover,100,RelaxGrouping,20000,True,min,2,10.5775,2.0068,1.356381893157959,395293,780567,11123,True
set_cover_n100_m69_d0.25_b_w32_seed2.txt,Set Cover,100,RelaxGrouping,500,True,min,2,0.3283,0.0428,0.014041900634765625,12985,25207,269,True
set_cover_n100_m69_d0.25_b_w32_seed1.txt,Set Cover,100,RelaxGrouping,10000,False,min,2,6.1409,na,0.9985828399658203,450421,864408,9986,True
set_cover_n100_m69_d0.25_b_w32_seed2.txt,Set Cover,100,RelaxGrouping,1000,True,min,2,0.6229,0.0897,0.051453590393066406,22526,43805,451,True
set_cover_n100_m69_d0.25_b_w32_seed2.txt,Set Cover,100,RelaxGrouping,2000,True,min,2,1.3552,0.1802,0.05465126037597656,44939,87646,933,True
set_cover_n100_m69_d0.25_b_w32_seed1.txt,Set Cover,100,RelaxGrouping,20000,False,min,2,10.4784,na,1.741027593612671,772920,1484024,19973,True
set_cover_n100_m69_d0.25_b_w32_seed2.txt,Set Cover,100,RelaxGrouping,5000,True,min,2,3.484,0.4617,0.13040804862976074,98332,192413,2294,True
set_cover_n100_m69_d0.25_b_w32_seed2.txt,Set Cover,100,RelaxGrouping,500,False,min,2,0.3373,na,0.02654099464416504,31561,60342,495,True
set_cover_n100_m69_d0.25_b_w32_seed2.txt,Set Cover,100,RelaxGrouping,1000,False,min,2,0.635,na,0.10468864440917969,59387,113860,997,True
set_cover_n100_m69_d0.25_b_w32_seed2.txt,Set Cover,100,RelaxGrouping,10000,True,min,2,6.4551,0.986,0.32396960258483887,198696,389261,5210,True
set_cover_n100_m69_d0.25_b_w32_seed2.txt,Set Cover,100,RelaxGrouping,2000,False,min,2,1.3897,na,0.21450352668762207,113248,217269,1992,True
set_cover_n100_m69_d0.25_b_w32_seed2.txt,Set Cover,100,RelaxGrouping,5000,False,min,2,3.5101,na,0.538609504699707,253667,488015,5000,True
set_cover_n100_m69_d0.25_b_w32_seed2.txt,Set Cover,100,RelaxGrouping,20000,True,min,2,10.211,1.8557,1.1496288776397705,362371,710536,10125,True
set_cover_n100_m69_d0.25_b_w32_seed3.txt,Set Cover,100,RelaxGrouping,500,True,min,2,0.3612,0.0495,0.014560461044311523,13294,25664,292,True
set_cover_n100_m69_d0.25_b_w32_seed3.txt,Set Cover,100,RelaxGrouping,1000,True,min,2,0.7137,0.0981,0.027799129486083984,23427,45452,530,True
set_cover_n100_m69_d0.25_b_w32_seed2.txt,Set Cover,100,RelaxGrouping,10000,False,min,2,6.5773,na,0.6454875469207764,457367,879843,9977,True
set_cover_n100_m69_d0.25_b_w32_seed3.txt,Set Cover,100,RelaxGrouping,2000,True,min,2,1.4082,0.1929,0.11678075790405273,44865,87439,1070,True
set_cover_n100_m69_d0.25_b_w32_seed3.txt,Set Cover,100,RelaxGrouping,5000,True,min,2,3.564,0.4953,0.15777039527893066,111565,218487,2781,True
set_cover_n100_m69_d0.25_b_w32_seed2.txt,Set Cover,100,RelaxGrouping,20000,False,min,2,10.1911,na,1.741908073425293,754087,1450379,19987,True
set_cover_n100_m69_d0.25_b_w32_seed3.txt,Set Cover,100,RelaxGrouping,500,False,min,2,0.3621,na,0.028505563735961914,33587,64011,497,True
set_cover_n100_m69_d0.25_b_w32_seed3.txt,Set Cover,100,RelaxGrouping,1000,False,min,2,0.7008,na,0.06152081489562988,62397,119251,993,True
set_cover_n100_m69_d0.25_b_w32_seed3.txt,Set Cover,100,RelaxGrouping,10000,True,min,2,6.8023,0.9937,0.3600010871887207,227335,446557,6180,True
set_cover_n100_m69_d0.25_b_w32_seed3.txt,Set Cover,100,RelaxGrouping,2000,False,min,2,1.4281,na,0.2244734764099121,118859,227455,1995,True
set_cover_n100_m69_d0.25_b_w32_seed3.txt,Set Cover,100,RelaxGrouping,5000,False,min,2,3.593,na,0.5564858913421631,266556,511375,4982,True
set_cover_n100_m69_d0.25_b_w32_seed3.txt,Set Cover,100,RelaxGrouping,20000,True,min,3,10.6908,1.9479,1.2849986553192139,402378,790833,12331,True
set_cover_n100_m69_d0.25_b_w32_seed4.txt,Set Cover,100,RelaxGrouping,500,True,min,2,0.3654,0.0513,0.013777732849121094,12204,23665,276,True
set_cover_n100_m69_d0.25_b_w32_seed4.txt,Set Cover,100,RelaxGrouping,1000,True,min,2,0.7079,0.0978,0.02476787567138672,21380,41567,510,True
set_cover_n100_m69_d0.25_b_w32_seed3.txt,Set Cover,100,RelaxGrouping,10000,False,min,2,6.7562,na,1.028780221939087,478339,919045,9966,True
set_cover_n100_m69_d0.25_b_w32_seed4.txt,Set Cover,100,RelaxGrouping,2000,True,min,2,1.4111,0.1955,0.13641858100891113,43692,85299,957,True
set_cover_n100_m69_d0.25_b_w32_seed4.txt,Set Cover,100,RelaxGrouping,5000,True,min,2,3.6563,0.526,0.16167163848876953,117810,230604,2878,True
set_cover_n100_m69_d0.25_b_w32_seed3.txt,Set Cover,100,RelaxGrouping,20000,False,min,3,10.699,na,1.8732225894927979,811496,1561485,19994,True
set_cover_n100_m69_d0.25_b_w32_seed4.txt,Set Cover,100,RelaxGrouping,500,False,min,2,0.3535,na,0.028742551803588867,33295,63725,500,True
set_cover_n100_m69_d0.25_b_w32_seed4.txt,Set Cover,100,RelaxGrouping,1000,False,min,2,0.7043,na,0.0599675178527832,62995,120763,993,True
set_cover_n100_m69_d0.25_b_w32_seed4.txt,Set Cover,100,RelaxGrouping,10000,True,min,2,6.6509,1.0004,0.36126708984375,231174,454312,6274,True
set_cover_n100_m69_d0.25_b_w32_seed4.txt,Set Cover,100,RelaxGrouping,2000,False,min,2,1.4214,na,0.21269702911376953,120314,231288,1995,True
set_cover_n100_m69_d0.25_b_w32_seed4.txt,Set Cover,100,RelaxGrouping,5000,False,min,2,3.6242,na,0.567408561706543,275100,529939,4992,True
set_cover_n100_m69_d0.25_b_w32_seed4.txt,Set Cover,100,RelaxGrouping,20000,True,min,2,10.1776,1.8003,1.2035627365112305,395101,778681,12277,True
set_cover_n100_m69_d0.35_b_w32_seed1.txt,Set Cover,100,RelaxGrouping,500,True,min,2,0.1722,0.0207,0.014871358871459961,18598,36678,498,True
set_cover_n100_m69_d0.35_b_w32_seed1.txt,Set Cover,100,RelaxGrouping,1000,True,min,3,0.2369,0.0264,0.04281282424926758,28528,56334,699,True
set_cover_n100_m69_d0.25_b_w32_seed4.txt,Set Cover,100,RelaxGrouping,10000,False,min,2,6.5626,na,0.6089611053466797,471529,910764,9972,True
set_cover_n100_m69_d0.35_b_w32_seed1.txt,Set Cover,100,RelaxGrouping,2000,True,min,3,0.2299,0.0243,0.034746408462524414,28528,56334,699,True
set_cover_n100_m69_d0.35_b_w32_seed1.txt,Set Cover,100,RelaxGrouping,5000,True,min,3,0.227,0.0257,0.04185295104980469,28528,56334,699,True
set_cover_n100_m69_d0.35_b_w32_seed1.txt,Set Cover,100,RelaxGrouping,10000,True,min,3,0.2268,0.0263,0.038761138916015625,28528,56334,699,True
set_cover_n100_m69_d0.35_b_w32_seed1.txt,Set Cover,100,RelaxGrouping,20000,True,min,3,0.2296,0.0253,0.036423683166503906,28528,56334,699,True
set_cover_n100_m69_d0.25_b_w32_seed4.txt,Set Cover,100,RelaxGrouping,20000,False,min,2,10.1531,na,1.6860320568084717,761110,1472613,19987,True
set_cover_n100_m69_d0.35_b_w32_seed1.txt,Set Cover,100,RelaxGrouping,500,False,min,2,0.1636,na,0.015107393264770508,19603,38674,498,True
set_cover_n100_m69_d0.35_b_w32_seed1.txt,Set Cover,100,RelaxGrouping,1000,False,min,3,0.2244,na,0.0431208610534668,28528,56334,699,True
set_cover_n100_m69_d0.35_b_w32_seed1.txt,Set Cover,100,RelaxGrouping,2000,False,min,3,0.2307,na,0.044661521911621094,28528,56334,699,True
set_cover_n100_m69_d0.35_b_w32_seed1.txt,Set Cover,100,RelaxGrouping,5000,False,min,3,0.2284,na,0.04248476028442383,28528,56334,699,True
set_cover_n100_m69_d0.35_b_w32_seed1.txt,Set Cover,100,RelaxGrouping,10000,False,min,3,0.2297,na,0.040625572204589844,28528,56334,699,True
set_cover_n100_m69_d0.35_b_w32_seed1.txt,Set Cover,100,RelaxGrouping,20000,False,min,3,0.2256,na,0.03435039520263672,28528,56334,699,True
set_cover_n100_m69_d0.35_b_w32_seed2.txt,Set Cover,100,RelaxGrouping,500,True,min,2,0.1602,0.0198,0.014715194702148438,18598,36678,498,True
set_cover_n100_m69_d0.35_b_w32_seed2.txt,Set Cover,100,RelaxGrouping,1000,True,min,3,0.2275,0.0246,0.039920806884765625,28528,56334,699,True
set_cover_n100_m69_d0.35_b_w32_seed2.txt,Set Cover,100,RelaxGrouping,2000,True,min,3,0.2229,0.0248,0.038111209869384766,28528,56334,699,True
set_cover_n100_m69_d0.35_b_w32_seed2.txt,Set Cover,100,RelaxGrouping,5000,True,min,3,0.22,0.0227,0.03258991241455078,28528,56334,699,True
set_cover_n100_m69_d0.35_b_w32_seed2.txt,Set Cover,100,RelaxGrouping,10000,True,min,3,0.2239,0.0255,0.03778815269470215,28528,56334,699,True
set_cover_n100_m69_d0.35_b_w32_seed2.txt,Set Cover,100,RelaxGrouping,20000,True,min,3,0.2281,0.0257,0.043061017990112305,28528,56334,699,True
set_cover_n100_m69_d0.35_b_w32_seed2.txt,Set Cover,100,RelaxGrouping,500,False,min,2,0.166,na,0.01575303077697754,19603,38674,498,True
set_cover_n100_m69_d0.35_b_w32_seed2.txt,Set Cover,100,RelaxGrouping,1000,False,min,3,0.2339,na,0.04479169845581055,28528,56334,699,True
set_cover_n100_m69_d0.35_b_w32_seed2.txt,Set Cover,100,RelaxGrouping,2000,False,min,3,0.2226,na,0.03368806838989258,28528,56334,699,True
set_cover_n100_m69_d0.35_b_w32_seed2.txt,Set Cover,100,RelaxGrouping,5000,False,min,3,0.2242,na,0.0351865291595459,28528,56334,699,True
set_cover_n100_m69_d0.35_b_w32_seed2.txt,Set Cover,100,RelaxGrouping,10000,False,min,3,0.2298,na,0.04097557067871094,28528,56334,699,True
set_cover_n100_m69_d0.35_b_w32_seed2.txt,Set Cover,100,RelaxGrouping,20000,False,min,3,0.2237,na,0.041055917739868164,28528,56334,699,True
set_cover_n100_m69_d0.35_b_w32_seed3.txt,Set Cover,100,RelaxGrouping,500,True,min,2,0.1558,0.0179,0.013457059860229492,18598,36678,498,True
set_cover_n100_m69_d0.35_b_w32_seed3.txt,Set Cover,100,RelaxGrouping,1000,True,min,3,0.2316,0.0252,0.037609100341796875,28528,56334,699,True
set_cover_n100_m69_d0.35_b_w32_seed3.txt,Set Cover,100,RelaxGrouping,2000,True,min,3,0.2235,0.0246,0.03847479820251465,28528,56334,699,True
set_cover_n100_m69_d0.35_b_w32_seed3.txt,Set Cover,100,RelaxGrouping,5000,True,min,3,0.2251,0.0248,0.036200761795043945,28528,56334,699,True
set_cover_n100_m69_d0.35_b_w32_seed3.txt,Set Cover,100,RelaxGrouping,10000,True,min,3,0.2264,0.0253,0.04067373275756836,28528,56334,699,True
set_cover_n100_m69_d0.35_b_w32_seed3.txt,Set Cover,100,RelaxGrouping,20000,True,min,3,0.2272,0.0247,0.037570953369140625,28528,56334,699,True
set_cover_n100_m69_d0.35_b_w32_seed3.txt,Set Cover,100,RelaxGrouping,500,False,min,2,0.1594,na,0.015225648880004883,19603,38674,498,True
set_cover_n100_m69_d0.35_b_w32_seed3.txt,Set Cover,100,RelaxGrouping,1000,False,min,3,0.2297,na,0.044913530349731445,28528,56334,699,True
set_cover_n100_m69_d0.35_b_w32_seed3.txt,Set Cover,100,RelaxGrouping,2000,False,min,3,0.2256,na,0.037081003189086914,28528,56334,699,True
set_cover_n100_m69_d0.35_b_w32_seed3.txt,Set Cover,100,RelaxGrouping,5000,False,min,3,0.2277,na,0.03801894187927246,28528,56334,699,True
set_cover_n100_m69_d0.35_b_w32_seed3.txt,Set Cover,100,RelaxGrouping,10000,False,min,3,0.2253,na,0.034969329833984375,28528,56334,699,True
set_cover_n100_m69_d0.35_b_w32_seed3.txt,Set Cover,100,RelaxGrouping,20000,False,min,3,0.2222,na,0.03717184066772461,28528,56334,699,True
set_cover_n100_m69_d0.35_b_w32_seed4.txt,Set Cover,100,RelaxGrouping,500,True,min,2,0.1625,0.0195,0.014784812927246094,18598,36678,498,True
set_cover_n100_m69_d0.35_b_w32_seed4.txt,Set Cover,100,RelaxGrouping,1000,True,min,3,0.2311,0.025,0.041558027267456055,28528,56334,699,True
set_cover_n100_m69_d0.35_b_w32_seed4.txt,Set Cover,100,RelaxGrouping,2000,True,min,3,0.2288,0.0261,0.04529714584350586,28528,56334,699,True
set_cover_n100_m69_d0.35_b_w32_seed4.txt,Set Cover,100,RelaxGrouping,5000,True,min,3,0.2217,0.0235,0.03391575813293457,28528,56334,699,True
set_cover_n100_m69_d0.35_b_w32_seed4.txt,Set Cover,100,RelaxGrouping,10000,True,min,3,0.2361,0.0264,0.040009260177612305,28528,56334,699,True
set_cover_n100_m69_d0.35_b_w32_seed4.txt,Set Cover,100,RelaxGrouping,20000,True,min,3,0.2234,0.0253,0.03948211669921875,28528,56334,699,True
set_cover_n100_m69_d0.35_b_w32_seed4.txt,Set Cover,100,RelaxGrouping,500,False,min,2,0.1604,na,0.015073537826538086,19603,38674,498,True
set_cover_n100_m69_d0.35_b_w32_seed4.txt,Set Cover,100,RelaxGrouping,1000,False,min,3,0.2315,na,0.03525710105895996,28528,56334,699,True
set_cover_n100_m69_d0.35_b_w32_seed4.txt,Set Cover,100,RelaxGrouping,2000,False,min,3,0.2234,na,0.039846181869506836,28528,56334,699,True
set_cover_n100_m69_d0.35_b_w32_seed4.txt,Set Cover,100,RelaxGrouping,5000,False,min,3,0.2239,na,0.0349581241607666,28528,56334,699,True
set_cover_n100_m69_d0.35_b_w32_seed4.txt,Set Cover,100,RelaxGrouping,10000,False,min,3,0.2243,na,0.038831233978271484,28528,56334,699,True
set_cover_n100_m69_d0.35_b_w32_seed4.txt,Set Cover,100,RelaxGrouping,20000,False,min,3,0.2245,na,0.038664817810058594,28528,56334,699,True
set_cover_n100_m69_d0.45_b_w32_seed1.txt,Set Cover,100,RelaxGrouping,500,True,min,2,0.1584,0.019,0.014321565628051758,18598,36678,498,True
set_cover_n100_m69_d0.45_b_w32_seed1.txt,Set Cover,100,RelaxGrouping,1000,True,min,3,0.2316,0.0263,0.03861355781555176,28528,56334,699,True
set_cover_n100_m69_d0.45_b_w32_seed1.txt,Set Cover,100,RelaxGrouping,2000,True,min,3,0.2265,0.0259,0.037578582763671875,28528,56334,699,True
set_cover_n100_m69_d0.45_b_w32_seed1.txt,Set Cover,100,RelaxGrouping,5000,True,min,3,0.2285,0.0249,0.03474020957946777,28528,56334,699,True
set_cover_n100_m69_d0.45_b_w32_seed1.txt,Set Cover,100,RelaxGrouping,10000,True,min,3,0.2315,0.026,0.03712725639343262,28528,56334,699,True
set_cover_n100_m69_d0.45_b_w32_seed1.txt,Set Cover,100,RelaxGrouping,20000,True,min,3,0.2246,0.025,0.040376901626586914,28528,56334,699,True
set_cover_n100_m69_d0.45_b_w32_seed1.txt,Set Cover,100,RelaxGrouping,500,False,min,2,0.1573,na,0.015291690826416016,19603,38674,498,True
set_cover_n100_m69_d0.45_b_w32_seed1.txt,Set Cover,100,RelaxGrouping,1000,False,min,3,0.2278,na,0.03462505340576172,28528,56334,699,True
set_cover_n100_m69_d0.45_b_w32_seed1.txt,Set Cover,100,RelaxGrouping,2000,False,min,3,0.2267,na,0.03426313400268555,28528,56334,699,True
set_cover_n100_m69_d0.45_b_w32_seed1.txt,Set Cover,100,RelaxGrouping,5000,False,min,3,0.2212,na,0.03984498977661133,28528,56334,699,True
set_cover_n100_m69_d0.45_b_w32_seed1.txt,Set Cover,100,RelaxGrouping,10000,False,min,3,0.2276,na,0.040639400482177734,28528,56334,699,True
set_cover_n100_m69_d0.45_b_w32_seed1.txt,Set Cover,100,RelaxGrouping,20000,False,min,3,0.228,na,0.044396162033081055,28528,56334,699,True
set_cover_n100_m69_d0.45_b_w32_seed2.txt,Set Cover,100,RelaxGrouping,500,True,min,2,0.1636,0.02,0.014672994613647461,18598,36678,498,True
set_cover_n100_m69_d0.45_b_w32_seed2.txt,Set Cover,100,RelaxGrouping,1000,True,min,3,0.2259,0.0252,0.03546762466430664,28528,56334,699,True
set_cover_n100_m69_d0.45_b_w32_seed2.txt,Set Cover,100,RelaxGrouping,2000,True,min,3,0.2268,0.0246,0.03893232345581055,28528,56334,699,True
set_cover_n100_m69_d0.45_b_w32_seed2.txt,Set Cover,100,RelaxGrouping,5000,True,min,3,0.2253,0.025,0.036734819412231445,28528,56334,699,True
set_cover_n100_m69_d0.45_b_w32_seed2.txt,Set Cover,100,RelaxGrouping,10000,True,min,3,0.2254,0.024,0.03427624702453613,28528,56334,699,True
set_cover_n100_m69_d0.45_b_w32_seed2.txt,Set Cover,100,RelaxGrouping,20000,True,min,3,0.2237,0.0255,0.03938174247741699,28528,56334,699,True
set_cover_n100_m69_d0.45_b_w32_seed2.txt,Set Cover,100,RelaxGrouping,500,False,min,2,0.1621,na,0.015300512313842773,19603,38674,498,True
set_cover_n100_m69_d0.45_b_w32_seed2.txt,Set Cover,100,RelaxGrouping,1000,False,min,3,0.2272,na,0.04484105110168457,28528,56334,699,True
set_cover_n100_m69_d0.45_b_w32_seed2.txt,Set Cover,100,RelaxGrouping,2000,False,min,3,0.2262,na,0.04182553291320801,28528,56334,699,True
set_cover_n100_m69_d0.45_b_w32_seed2.txt,Set Cover,100,RelaxGrouping,5000,False,min,3,0.2227,na,0.0425875186920166,28528,56334,699,True
set_cover_n100_m69_d0.45_b_w32_seed2.txt,Set Cover,100,RelaxGrouping,10000,False,min,3,0.2288,na,0.03921341896057129,28528,56334,699,True
set_cover_n100_m69_d0.45_b_w32_seed2.txt,Set Cover,100,RelaxGrouping,20000,False,min,3,0.225,na,0.04419541358947754,28528,56334,699,True
set_cover_n100_m69_d0.45_b_w32_seed3.txt,Set Cover,100,RelaxGrouping,500,True,min,2,0.1614,0.0193,0.01445460319519043,18598,36678,498,True
set_cover_n100_m69_d0.45_b_w32_seed3.txt,Set Cover,100,RelaxGrouping,1000,True,min,3,0.2241,0.0251,0.03544259071350098,28528,56334,699,True
set_cover_n100_m69_d0.45_b_w32_seed3.txt,Set Cover,100,RelaxGrouping,2000,True,min,3,0.2274,0.0257,0.04278683662414551,28528,56334,699,True
set_cover_n100_m69_d0.45_b_w32_seed3.txt,Set Cover,100,RelaxGrouping,5000,True,min,3,0.2229,0.0261,0.045003652572631836,28528,56334,699,True
set_cover_n100_m69_d0.45_b_w32_seed3.txt,Set Cover,100,RelaxGrouping,10000,True,min,3,0.2292,0.0245,0.04344606399536133,28528,56334,699,True
set_cover_n100_m69_d0.45_b_w32_seed3.txt,Set Cover,100,RelaxGrouping,20000,True,min,3,0.2236,0.0257,0.0433499813079834,28528,56334,699,True
set_cover_n100_m69_d0.45_b_w32_seed3.txt,Set Cover,100,RelaxGrouping,500,False,min,2,0.1574,na,0.015274524688720703,19603,38674,498,True
set_cover_n100_m69_d0.45_b_w32_seed3.txt,Set Cover,100,RelaxGrouping,1000,False,min,3,0.2277,na,0.03722786903381348,28528,56334,699,True
set_cover_n100_m69_d0.45_b_w32_seed3.txt,Set Cover,100,RelaxGrouping,2000,False,min,3,0.225,na,0.03565835952758789,28528,56334,699,True
set_cover_n100_m69_d0.45_b_w32_seed3.txt,Set Cover,100,RelaxGrouping,5000,False,min,3,0.2279,na,0.040773630142211914,28528,56334,699,True
set_cover_n100_m69_d0.45_b_w32_seed3.txt,Set Cover,100,RelaxGrouping,10000,False,min,3,0.2298,na,0.038793325424194336,28528,56334,699,True
set_cover_n100_m69_d0.45_b_w32_seed3.txt,Set Cover,100,RelaxGrouping,20000,False,min,3,0.2241,na,0.03822803497314453,28528,56334,699,True
set_cover_n100_m69_d0.45_b_w32_seed4.txt,Set Cover,100,RelaxGrouping,500,True,min,2,0.1556,0.0196,0.014663457870483398,18598,36678,498,True
set_cover_n100_m69_d0.45_b_w32_seed4.txt,Set Cover,100,RelaxGrouping,1000,True,min,3,0.2298,0.0239,0.03492140769958496,28528,56334,699,True
set_cover_n100_m69_d0.45_b_w32_seed4.txt,Set Cover,100,RelaxGrouping,2000,True,min,3,0.2258,0.0258,0.03624129295349121,28528,56334,699,True
set_cover_n100_m69_d0.45_b_w32_seed4.txt,Set Cover,100,RelaxGrouping,5000,True,min,3,0.221,0.0231,0.03168225288391113,28528,56334,699,True
set_cover_n100_m69_d0.45_b_w32_seed4.txt,Set Cover,100,RelaxGrouping,10000,True,min,3,0.2195,0.0243,0.04143023490905762,28528,56334,699,True
set_cover_n100_m69_d0.45_b_w32_seed4.txt,Set Cover,100,RelaxGrouping,20000,True,min,3,0.2242,0.0251,0.03873562812805176,28528,56334,699,True
set_cover_n100_m69_d0.45_b_w32_seed4.txt,Set Cover,100,RelaxGrouping,500,False,min,2,0.1566,na,0.014739513397216797,19603,38674,498,True
set_cover_n100_m69_d0.45_b_w32_seed4.txt,Set Cover,100,RelaxGrouping,1000,False,min,3,0.2331,na,0.041823625564575195,28528,56334,699,True
set_cover_n100_m69_d0.45_b_w32_seed4.txt,Set Cover,100,RelaxGrouping,2000,False,min,3,0.2272,na,0.04423165321350098,28528,56334,699,True
set_cover_n100_m69_d0.45_b_w32_seed4.txt,Set Cover,100,RelaxGrouping,5000,False,min,3,0.2274,na,0.043981313705444336,28528,56334,699,True
set_cover_n100_m69_d0.45_b_w32_seed4.txt,Set Cover,100,RelaxGrouping,10000,False,min,3,0.2282,na,0.038068532943725586,28528,56334,699,True
set_cover_n100_m69_d0.45_b_w32_seed4.txt,Set Cover,100,RelaxGrouping,20000,False,min,3,0.2261,na,0.04105496406555176,28528,56334,699,True
set_cover_n100_m72_d0.1_b_w29_seed1.txt,Set Cover,100,RelaxGrouping,500,True,min,2,0.3706,0.0469,0.011137247085571289,10401,18641,228,True
set_cover_n100_m72_d0.1_b_w29_seed1.txt,Set Cover,100,RelaxGrouping,1000,True,min,2,0.7812,0.1012,0.06404662132263184,17284,31045,358,True
set_cover_n100_m72_d0.1_b_w29_seed1.txt,Set Cover,100,RelaxGrouping,2000,True,min,2,1.757,0.2093,0.11419439315795898,33076,59546,792,True
set_cover_n100_m72_d0.1_b_w29_seed1.txt,Set Cover,100,RelaxGrouping,500,False,min,2,0.3927,na,0.03038501739501953,33360,59591,496,True
set_cover_n100_m72_d0.1_b_w29_seed1.txt,Set Cover,100,RelaxGrouping,5000,True,min,2,5.5317,0.6021,0.09449219703674316,67940,122886,1616,True
set_cover_n100_m72_d0.1_b_w29_seed1.txt,Set Cover,100,RelaxGrouping,1000,False,min,2,0.7958,na,0.11975288391113281,64311,115208,991,True
set_cover_n100_m72_d0.1_b_w29_seed1.txt,Set Cover,100,RelaxGrouping,2000,False,min,2,1.8497,na,0.25376367568969727,125168,224139,1982,True
set_cover_n100_m72_d0.1_b_w29_seed1.txt,Set Cover,100,RelaxGrouping,10000,True,min,3,12.0219,1.3781,0.4738175868988037,122134,221268,3155,True
set_cover_n100_m72_d0.1_b_w29_seed1.txt,Set Cover,100,RelaxGrouping,5000,False,min,2,5.7957,na,0.7075402736663818,299512,538294,4983,True
set_cover_n100_m72_d0.1_b_w29_seed2.txt,Set Cover,100,RelaxGrouping,500,True,min,2,0.3869,0.0489,0.01081395149230957,9760,17380,225,True
set_cover_n100_m72_d0.1_b_w29_seed2.txt,Set Cover,100,RelaxGrouping,1000,True,min,2,0.8981,0.1068,0.022133588790893555,17990,32065,389,True
set_cover_n100_m72_d0.1_b_w29_seed1.txt,Set Cover,100,RelaxGrouping,10000,False,min,3,12.2822,na,1.5556724071502686,581721,1044498,9980,True
set_cover_n100_m72_d0.1_b_w29_seed2.txt,Set Cover,100,RelaxGrouping,2000,True,min,2,1.9504,0.2219,0.12622547149658203,34275,60984,923,True
set_cover_n100_m72_d0.1_b_w29_seed1.txt,Set Cover,100,RelaxGrouping,20000,True,min,3,25.9262,3.138,1.0741631984710693,244426,446054,6768,True
set_cover_n100_m72_d0.1_b_w29_seed2.txt,Set Cover,100,RelaxGrouping,5000,True,min,2,5.8877,0.6161,0.10832428932189941,78583,140567,2622,True
set_cover_n100_m72_d0.1_b_w29_seed2.txt,Set Cover,100,RelaxGrouping,500,False,min,2,0.3978,na,0.03174948692321777,34033,60580,495,True
set_cover_n100_m72_d0.1_b_w29_seed2.txt,Set Cover,100,RelaxGrouping,1000,False,min,2,0.8935,na,0.06518697738647461,67180,119396,995,True
set_cover_n100_m72_d0.1_b_w29_seed1.txt,Set Cover,100,RelaxGrouping,20000,False,min,3,26.0671,na,3.1773998737335205,1140244,2049656,19956,True
set_cover_n100_m72_d0.1_b_w29_seed2.txt,Set Cover,100,RelaxGrouping,2000,False,min,2,1.9503,na,0.2655789852142334,129915,230630,1989,True
set_cover_n100_m72_d0.1_b_w29_seed2.txt,Set Cover,100,RelaxGrouping,10000,True,min,3,12.964,1.4681,0.2061150074005127,140571,250052,4572,True
set_cover_n100_m72_d0.1_b_w29_seed2.txt,Set Cover,100,RelaxGrouping,5000,False,min,2,5.9451,na,0.7258155345916748,315287,559368,4983,True
set_cover_n100_m72_d0.1_b_w29_seed3.txt,Set Cover,100,RelaxGrouping,500,True,min,2,0.3846,0.0514,0.012781381607055664,10870,19555,252,True
set_cover_n100_m72_d0.1_b_w29_seed3.txt,Set Cover,100,RelaxGrouping,1000,True,min,2,0.914,0.108,0.02640509605407715,22741,41259,632,True
set_cover_n100_m72_d0.1_b_w29_seed3.txt,Set Cover,100,RelaxGrouping,2000,True,min,2,2.1192,0.2217,0.045526742935180664,37354,67606,965,True
set_cover_n100_m72_d0.1_b_w29_seed2.txt,Set Cover,100,RelaxGrouping,20000,True,min,3,27.3395,3.1885,0.4307255744934082,270129,484295,9549,True
set_cover_n100_m72_d0.1_b_w29_seed2.txt,Set Cover,100,RelaxGrouping,10000,False,min,3,13.0049,na,1.5997772216796875,617524,1092876,9985,True
set_cover_n100_m72_d0.1_b_w29_seed3.txt,Set Cover,100,RelaxGrouping,5000,True,min,3,5.978,0.6289,0.11325430870056152,80388,147107,2005,True
set_cover_n100_m72_d0.1_b_w29_seed3.txt,Set Cover,100,RelaxGrouping,500,False,min,2,0.3824,na,0.029987096786499023,34139,60885,500,True
set_cover_n100_m72_d0.1_b_w29_seed3.txt,Set Cover,100,RelaxGrouping,1000,False,min,2,0.9193,na,0.06479263305664062,68959,123161,998,True
set_cover_n100_m72_d0.1_b_w29_seed3.txt,Set Cover,100,RelaxGrouping,2000,False,min,2,2.084,na,0.13852643966674805,132931,237325,1996,True
set_cover_n100_m72_d0.1_b_w29_seed3.txt,Set Cover,100,RelaxGrouping,10000,True,min,3,13.0272,1.4654,0.20056986808776855,129621,236819,3378,True
set_cover_n100_m72_d0.1_b_w29_seed2.txt,Set Cover,100,RelaxGrouping,20000,False,min,3,27.4062,na,3.200075149536133,1204587,2128335,19977,True
set_cover_n100_m72_d0.1_b_w29_seed3.txt,Set Cover,100,RelaxGrouping,5000,False,min,3,5.9678,na,0.7558484077453613,311172,555928,4992,True
set_cover_n100_m72_d0.1_b_w29_seed4.txt,Set Cover,100,RelaxGrouping,500,True,min,2,0.3787,0.0505,0.010227680206298828,9635,17064,265,True
set_cover_n100_m72_d0.1_b_w29_seed4.txt,Set Cover,100,RelaxGrouping,1000,True,min,2,0.8012,0.1027,0.0644371509552002,16708,29923,417,True
set_cover_n100_m72_d0.1_b_w29_seed4.txt,Set Cover,100,RelaxGrouping,2000,True,min,2,2.0938,0.2266,0.04268646240234375,32022,57244,697,True
set_cover_n100_m72_d0.1_b_w29_seed3.txt,Set Cover,100,RelaxGrouping,10000,False,min,3,13.211,na,1.5502104759216309,593364,1062465,9981,True
set_cover_n100_m72_d0.1_b_w29_seed3.txt,Set Cover,100,RelaxGrouping,20000,True,min,3,25.8432,3.0505,0.3627352714538574,217450,398165,6310,True
set_cover_n100_m72_d0.1_b_w29_seed4.txt,Set Cover,100,RelaxGrouping,5000,True,min,3,5.9207,0.6196,0.09429788589477539,66537,119649,1719,True
set_cover_n100_m72_d0.1_b_w29_seed4.txt,Set Cover,100,RelaxGrouping,500,False,min,2,0.3801,na,0.029682159423828125,33007,58963,498,True
set_cover_n100_m72_d0.1_b_w29_seed4.txt,Set Cover,100,RelaxGrouping,1000,False,min,2,0.8149,na,0.12350583076477051,62925,112775,997,True
set_cover_n100_m72_d0.1_b_w29_seed4.txt,Set Cover,100,RelaxGrouping,2000,False,min,2,2.0767,na,0.1335771083831787,125914,225515,1997,True
set_cover_n100_m72_d0.1_b_w29_seed3.txt,Set Cover,100,RelaxGrouping,20000,False,min,3,25.6985,na,3.1652121543884277,1109486,1992248,19954,True
set_cover_n100_m72_d0.1_b_w29_seed4.txt,Set Cover,100,RelaxGrouping,10000,True,min,3,13.1097,1.4076,0.1827833652496338,116164,209923,2720,True
set_cover_n100_m72_d0.1_b_w29_seed4.txt,Set Cover,100,RelaxGrouping,5000,False,min,3,5.9234,na,0.6894211769104004,296911,531830,4995,True
set_cover_n100_m72_d0.2_b_w29_seed1.txt,Set Cover,100,RelaxGrouping,500,True,min,2,0.3942,0.0501,0.011188745498657227,10349,19870,233,True
set_cover_n100_m72_d0.2_b_w29_seed1.txt,Set Cover,100,RelaxGrouping,1000,True,min,2,0.8108,0.1099,0.024350404739379883,19831,38142,487,True
set_cover_n100_m72_d0.2_b_w29_seed1.txt,Set Cover,100,RelaxGrouping,2000,True,min,2,1.817,0.2324,0.1422274112701416,41535,80260,1010,True
set_cover_n100_m72_d0.1_b_w29_seed4.txt,Set Cover,100,RelaxGrouping,10000,False,min,3,12.9952,na,0.7295069694519043,571185,1028502,9988,True
set_cover_n100_m72_d0.1_b_w29_seed4.txt,Set Cover,100,RelaxGrouping,20000,True,min,3,26.7465,3.0732,0.38999271392822266,221554,401352,6316,True
set_cover_n100_m72_d0.2_b_w29_seed1.txt,Set Cover,100,RelaxGrouping,5000,True,min,2,4.8925,0.6012,0.15342974662780762,103609,200865,2536,True
set_cover_n100_m72_d0.2_b_w29_seed1.txt,Set Cover,100,RelaxGrouping,500,False,min,2,0.3935,na,0.030940532684326172,34264,64467,496,True
set_cover_n100_m72_d0.2_b_w29_seed1.txt,Set Cover,100,RelaxGrouping,1000,False,min,2,0.8153,na,0.13196516036987305,69366,130346,998,True
set_cover_n100_m72_d0.2_b_w29_seed1.txt,Set Cover,100,RelaxGrouping,10000,True,min,2,9.6695,1.3176,0.3354527950286865,208513,404525,5239,True
set_cover_n100_m72_d0.2_b_w29_seed1.txt,Set Cover,100,RelaxGrouping,2000,False,min,2,1.7779,na,0.25444793701171875,133214,250707,1992,True
set_cover_n100_m72_d0.1_b_w29_seed4.txt,Set Cover,100,RelaxGrouping,20000,False,min,3,26.6124,na,3.0944862365722656,1113492,2001934,19995,True
set_cover_n100_m72_d0.2_b_w29_seed1.txt,Set Cover,100,RelaxGrouping,5000,False,min,2,4.8223,na,0.7048654556274414,312695,590587,4988,True
set_cover_n100_m72_d0.2_b_w29_seed1.txt,Set Cover,100,RelaxGrouping,20000,True,min,2,16.8356,2.5501,0.6766030788421631,391171,759495,10994,True
set_cover_n100_m72_d0.2_b_w29_seed2.txt,Set Cover,100,RelaxGrouping,500,True,min,2,0.3549,0.0478,0.010460376739501953,10026,19095,266,True
set_cover_n100_m72_d0.2_b_w29_seed2.txt,Set Cover,100,RelaxGrouping,1000,True,min,2,0.725,0.0917,0.021172285079956055,17901,34264,456,True
set_cover_n100_m72_d0.2_b_w29_seed1.txt,Set Cover,100,RelaxGrouping,10000,False,min,2,9.6174,na,0.8286471366882324,590223,1117060,9991,True
set_cover_n100_m72_d0.2_b_w29_seed2.txt,Set Cover,100,RelaxGrouping,2000,True,min,2,1.5869,0.1973,0.04096555709838867,33021,63394,917,True
set_cover_n100_m72_d0.2_b_w29_seed2.txt,Set Cover,100,RelaxGrouping,5000,True,min,2,4.3565,0.5614,0.12117910385131836,81266,157236,2458,True
set_cover_n100_m72_d0.2_b_w29_seed2.txt,Set Cover,100,RelaxGrouping,500,False,min,2,0.3571,na,0.029543399810791016,31884,60325,493,True
set_cover_n100_m72_d0.2_b_w29_seed1.txt,Set Cover,100,RelaxGrouping,20000,False,min,2,16.6091,na,2.5615975856781006,1032584,1959764,19981,True
set_cover_n100_m72_d0.2_b_w29_seed2.txt,Set Cover,100,RelaxGrouping,1000,False,min,2,0.7406,na,0.059037208557128906,59994,113697,996,True
set_cover_n100_m72_d0.2_b_w29_seed2.txt,Set Cover,100,RelaxGrouping,10000,True,min,2,8.8821,1.1566,0.23856616020202637,155435,301697,4610,True
set_cover_n100_m72_d0.2_b_w29_seed2.txt,Set Cover,100,RelaxGrouping,2000,False,min,2,1.5751,na,0.2329256534576416,115947,219901,1991,True
set_cover_n100_m72_d0.2_b_w29_seed2.txt,Set Cover,100,RelaxGrouping,5000,False,min,2,4.3315,na,0.32816100120544434,267374,508355,4971,True
set_cover_n100_m72_d0.2_b_w29_seed3.txt,Set Cover,100,RelaxGrouping,500,True,min,2,0.3833,0.0509,0.013022899627685547,11426,21594,274,True
set_cover_n100_m72_d0.2_b_w29_seed3.txt,Set Cover,100,RelaxGrouping,1000,True,min,2,0.7812,0.1027,0.022946834564208984,20522,38853,546,True
set_cover_n100_m72_d0.2_b_w29_seed2.txt,Set Cover,100,RelaxGrouping,20000,True,min,2,17.3053,2.5399,0.497941255569458,294062,571767,9352,True
set_cover_n100_m72_d0.2_b_w29_seed2.txt,Set Cover,100,RelaxGrouping,10000,False,min,2,8.7854,na,1.3066880702972412,500575,952025,9995,True
set_cover_n100_m72_d0.2_b_w29_seed3.txt,Set Cover,100,RelaxGrouping,2000,True,min,2,1.6574,0.2021,0.04163026809692383,33295,63162,771,True
set_cover_n100_m72_d0.2_b_w29_seed3.txt,Set Cover,100,RelaxGrouping,500,False,min,2,0.3853,na,0.0310513973236084,34397,64490,498,True
set_cover_n100_m72_d0.2_b_w29_seed3.txt,Set Cover,100,RelaxGrouping,5000,True,min,2,4.4702,0.5416,0.11178302764892578,82163,156979,2227,True
set_cover_n100_m72_d0.2_b_w29_seed2.txt,Set Cover,100,RelaxGrouping,20000,False,min,2,17.3079,na,2.5166194438934326,939466,1791003,19946,True
set_cover_n100_m72_d0.2_b_w29_seed3.txt,Set Cover,100,RelaxGrouping,1000,False,min,2,0.7852,na,0.12959027290344238,64563,121325,988,True
set_cover_n100_m72_d0.2_b_w29_seed3.txt,Set Cover,100,RelaxGrouping,10000,True,min,2,8.6098,1.1792,0.4992482662200928,142613,272866,3891,True
set_cover_n100_m72_d0.2_b_w29_seed3.txt,Set Cover,100,RelaxGrouping,2000,False,min,2,1.6538,na,0.2300705909729004,119768,225677,1988,True
set_cover_n100_m72_d0.2_b_w29_seed3.txt,Set Cover,100,RelaxGrouping,5000,False,min,2,4.3678,na,0.6178247928619385,280821,530057,4990,True
set_cover_n100_m72_d0.2_b_w29_seed4.txt,Set Cover,100,RelaxGrouping,500,True,min,2,0.4068,0.0546,0.014139652252197266,12211,23225,303,True
set_cover_n100_m72_d0.2_b_w29_seed3.txt,Set Cover,100,RelaxGrouping,20000,True,min,2,16.3976,2.3785,1.0923705101013184,280897,540956,9281,True
set_cover_n100_m72_d0.2_b_w29_seed4.txt,Set Cover,100,RelaxGrouping,1000,True,min,2,0.7852,0.1039,0.026618480682373047,21345,40748,553,True
set_cover_n100_m72_d0.2_b_w29_seed3.txt,Set Cover,100,RelaxGrouping,10000,False,min,2,8.5508,na,1.2208268642425537,519370,982544,9981,True
set_cover_n100_m72_d0.2_b_w29_seed4.txt,Set Cover,100,RelaxGrouping,2000,True,min,2,1.5962,0.2007,0.04981184005737305,41735,80146,989,True
set_cover_n100_m72_d0.2_b_w29_seed4.txt,Set Cover,100,RelaxGrouping,500,False,min,2,0.4047,na,0.0338289737701416,36123,67886,495,True
set_cover_n100_m72_d0.2_b_w29_seed4.txt,Set Cover,100,RelaxGrouping,5000,True,min,2,4.0594,0.5062,0.29771924018859863,88010,168742,2353,True
set_cover_n100_m72_d0.2_b_w29_seed3.txt,Set Cover,100,RelaxGrouping,20000,False,min,2,16.3919,na,2.3904201984405518,945139,1792393,19923,True
set_cover_n100_m72_d0.2_b_w29_seed4.txt,Set Cover,100,RelaxGrouping,1000,False,min,2,0.7771,na,0.12908411026000977,65783,124205,997,True
set_cover_n100_m72_d0.2_b_w29_seed4.txt,Set Cover,100,RelaxGrouping,10000,True,min,2,8.0913,1.1282,0.25366854667663574,161755,312379,4510,True
set_cover_n100_m72_d0.2_b_w29_seed4.txt,Set Cover,100,RelaxGrouping,2000,False,min,2,1.6146,na,0.23179078102111816,121767,230071,1989,True
set_cover_n100_m72_d0.2_b_w29_seed4.txt,Set Cover,100,RelaxGrouping,5000,False,min,2,3.9912,na,0.5954809188842773,264322,501695,4978,True
set_cover_n100_m72_d0.3_b_w29_seed1.txt,Set Cover,100,RelaxGrouping,500,True,min,2,0.174,0.0212,0.015247106552124023,17980,35396,495,True
set_cover_n100_m72_d0.2_b_w29_seed4.txt,Set Cover,100,RelaxGrouping,20000,True,min,2,15.2384,2.2328,0.47504639625549316,288576,560505,9342,True
set_cover_n100_m72_d0.3_b_w29_seed1.txt,Set Cover,100,RelaxGrouping,1000,True,min,3,0.2498,0.0271,0.044759273529052734,29319,57766,750,True
set_cover_n100_m72_d0.3_b_w29_seed1.txt,Set Cover,100,RelaxGrouping,2000,True,min,3,0.2452,0.0259,0.04163098335266113,29319,57766,750,True
set_cover_n100_m72_d0.2_b_w29_seed4.txt,Set Cover,100,RelaxGrouping,10000,False,min,2,8.0406,na,1.1320083141326904,481597,916579,9980,True
set_cover_n100_m72_d0.3_b_w29_seed1.txt,Set Cover,100,RelaxGrouping,5000,True,min,3,0.2401,0.0269,0.04633641242980957,29319,57766,750,True
set_cover_n100_m72_d0.3_b_w29_seed1.txt,Set Cover,100,RelaxGrouping,10000,True,min,3,0.2433,0.0265,0.039647579193115234,29319,57766,750,True
set_cover_n100_m72_d0.3_b_w29_seed1.txt,Set Cover,100,RelaxGrouping,20000,True,min,3,0.2429,0.0262,0.03762006759643555,29319,57766,750,True
set_cover_n100_m72_d0.3_b_w29_seed1.txt,Set Cover,100,RelaxGrouping,500,False,min,2,0.1657,na,0.015072822570800781,19534,38423,498,True
set_cover_n100_m72_d0.3_b_w29_seed1.txt,Set Cover,100,RelaxGrouping,1000,False,min,3,0.2363,na,0.03770756721496582,29319,57766,750,True
set_cover_n100_m72_d0.2_b_w29_seed4.txt,Set Cover,100,RelaxGrouping,20000,False,min,2,15.1004,na,1.0885326862335205,863727,1650142,19955,True
set_cover_n100_m72_d0.3_b_w29_seed1.txt,Set Cover,100,RelaxGrouping,2000,False,min,3,0.2436,na,0.045760154724121094,29319,57766,750,True
set_cover_n100_m72_d0.3_b_w29_seed1.txt,Set Cover,100,RelaxGrouping,5000,False,min,3,0.2391,na,0.045072078704833984,29319,57766,750,True
set_cover_n100_m72_d0.3_b_w29_seed1.txt,Set Cover,100,RelaxGrouping,10000,False,min,3,0.2368,na,0.04399847984313965,29319,57766,750,True
set_cover_n100_m72_d0.3_b_w29_seed1.txt,Set Cover,100,RelaxGrouping,20000,False,min,3,0.2369,na,0.03924846649169922,29319,57766,750,True
set_cover_n100_m72_d0.3_b_w29_seed2.txt,Set Cover,100,RelaxGrouping,500,True,min,2,0.1706,0.0211,0.01439976692199707,17980,35396,495,True
set_cover_n100_m72_d0.3_b_w29_seed2.txt,Set Cover,100,RelaxGrouping,1000,True,min,3,0.2375,0.0256,0.046042442321777344,29319,57766,750,True
set_cover_n100_m72_d0.3_b_w29_seed2.txt,Set Cover,100,RelaxGrouping,2000,True,min,3,0.2388,0.0258,0.037016868591308594,29319,57766,750,True
set_cover_n100_m72_d0.3_b_w29_seed2.txt,Set Cover,100,RelaxGrouping,5000,True,min,3,0.2422,0.0263,0.04465889930725098,29319,57766,750,True
set_cover_n100_m72_d0.3_b_w29_seed2.txt,Set Cover,100,RelaxGrouping,10000,True,min,3,0.2324,0.0235,0.03415203094482422,29319,57766,750,True
set_cover_n100_m72_d0.3_b_w29_seed2.txt,Set Cover,100,RelaxGrouping,20000,True,min,3,0.2382,0.026,0.038767099380493164,29319,57766,750,True
set_cover_n100_m72_d0.3_b_w29_seed2.txt,Set Cover,100,RelaxGrouping,500,False,min,2,0.1681,na,0.015535831451416016,19534,38423,498,True
set_cover_n100_m72_d0.3_b_w29_seed2.txt,Set Cover,100,RelaxGrouping,1000,False,min,3,0.236,na,0.04686117172241211,29319,57766,750,True
set_cover_n100_m72_d0.3_b_w29_seed2.txt,Set Cover,100,RelaxGrouping,2000,False,min,3,0.2365,na,0.042754173278808594,29319,57766,750,True
set_cover_n100_m72_d0.3_b_w29_seed2.txt,Set Cover,100,RelaxGrouping,5000,False,min,3,0.2384,na,0.03943610191345215,29319,57766,750,True
set_cover_n100_m72_d0.3_b_w29_seed2.txt,Set Cover,100,RelaxGrouping,10000,False,min,3,0.2395,na,0.040564537048339844,29319,57766,750,True
set_cover_n100_m72_d0.3_b_w29_seed2.txt,Set Cover,100,RelaxGrouping,20000,False,min,3,0.231,na,0.036065101623535156,29319,57766,750,True
set_cover_n100_m72_d0.3_b_w29_seed3.txt,Set Cover,100,RelaxGrouping,500,True,min,2,0.1682,0.0207,0.01466989517211914,17980,35396,495,True
set_cover_n100_m72_d0.3_b_w29_seed3.txt,Set Cover,100,RelaxGrouping,1000,True,min,3,0.2377,0.0253,0.03940701484680176,29319,57766,750,True
set_cover_n100_m72_d0.3_b_w29_seed3.txt,Set Cover,100,RelaxGrouping,2000,True,min,3,0.2383,0.0246,0.03531765937805176,29319,57766,750,True
set_cover_n100_m72_d0.3_b_w29_seed3.txt,Set Cover,100,RelaxGrouping,5000,True,min,3,0.2407,0.0258,0.039093971252441406,29319,57766,750,True
set_cover_n100_m72_d0.3_b_w29_seed3.txt,Set Cover,100,RelaxGrouping,10000,True,min,3,0.235,0.0261,0.03642606735229492,29319,57766,750,True
set_cover_n100_m72_d0.3_b_w29_seed3.txt,Set Cover,100,RelaxGrouping,20000,True,min,3,0.2357,0.0248,0.0418705940246582,29319,57766,750,True
set_cover_n100_m72_d0.3_b_w29_seed3.txt,Set Cover,100,RelaxGrouping,500,False,min,2,0.1647,na,0.014887571334838867,19534,38423,498,True
set_cover_n100_m72_d0.3_b_w29_seed3.txt,Set Cover,100,RelaxGrouping,1000,False,min,3,0.2346,na,0.038155317306518555,29319,57766,750,True
set_cover_n100_m72_d0.3_b_w29_seed3.txt,Set Cover,100,RelaxGrouping,2000,False,min,3,0.2299,na,0.04235363006591797,29319,57766,750,True
set_cover_n100_m72_d0.3_b_w29_seed3.txt,Set Cover,100,RelaxGrouping,5000,False,min,3,0.2385,na,0.039652109146118164,29319,57766,750,True
set_cover_n100_m72_d0.3_b_w29_seed3.txt,Set Cover,100,RelaxGrouping,10000,False,min,3,0.2376,na,0.03546452522277832,29319,57766,750,True
set_cover_n100_m72_d0.3_b_w29_seed3.txt,Set Cover,100,RelaxGrouping,20000,False,min,3,0.2372,na,0.035570621490478516,29319,57766,750,True
set_cover_n100_m72_d0.3_b_w29_seed4.txt,Set Cover,100,RelaxGrouping,500,True,min,2,0.1689,0.0205,0.01489567756652832,17980,35396,495,True
set_cover_n100_m72_d0.3_b_w29_seed4.txt,Set Cover,100,RelaxGrouping,1000,True,min,3,0.2371,0.026,0.04125809669494629,29319,57766,750,True
set_cover_n100_m72_d0.3_b_w29_seed4.txt,Set Cover,100,RelaxGrouping,2000,True,min,3,0.2366,0.0237,0.03328704833984375,29319,57766,750,True
set_cover_n100_m72_d0.3_b_w29_seed4.txt,Set Cover,100,RelaxGrouping,5000,True,min,3,0.2387,0.0261,0.035475730895996094,29319,57766,750,True
set_cover_n100_m72_d0.3_b_w29_seed4.txt,Set Cover,100,RelaxGrouping,10000,True,min,3,0.2329,0.0257,0.03650355339050293,29319,57766,750,True
set_cover_n100_m72_d0.3_b_w29_seed4.txt,Set Cover,100,RelaxGrouping,20000,True,min,3,0.2303,0.0244,0.03835868835449219,29319,57766,750,True
set_cover_n100_m72_d0.3_b_w29_seed4.txt,Set Cover,100,RelaxGrouping,500,False,min,2,0.1699,na,0.015506982803344727,19534,38423,498,True
set_cover_n100_m72_d0.3_b_w29_seed4.txt,Set Cover,100,RelaxGrouping,1000,False,min,3,0.2399,na,0.04498791694641113,29319,57766,750,True
set_cover_n100_m72_d0.3_b_w29_seed4.txt,Set Cover,100,RelaxGrouping,2000,False,min,3,0.2427,na,0.04103732109069824,29319,57766,750,True
set_cover_n100_m72_d0.3_b_w29_seed4.txt,Set Cover,100,RelaxGrouping,5000,False,min,3,0.2364,na,0.03613162040710449,29319,57766,750,True
set_cover_n100_m72_d0.3_b_w29_seed4.txt,Set Cover,100,RelaxGrouping,10000,False,min,3,0.2387,na,0.03881549835205078,29319,57766,750,True
set_cover_n100_m72_d0.3_b_w29_seed4.txt,Set Cover,100,RelaxGrouping,20000,False,min,3,0.2373,na,0.03754472732543945,29319,57766,750,True
set_cover_n100_m72_d0.4_b_w29_seed1.txt,Set Cover,100,RelaxGrouping,500,True,min,2,0.1661,0.0193,0.014011144638061523,17980,35396,495,True
set_cover_n100_m72_d0.4_b_w29_seed1.txt,Set Cover,100,RelaxGrouping,1000,True,min,3,0.2355,0.0261,0.036937713623046875,29319,57766,750,True
set_cover_n100_m72_d0.4_b_w29_seed1.txt,Set Cover,100,RelaxGrouping,2000,True,min,3,0.2381,0.0261,0.04252815246582031,29319,57766,750,True
set_cover_n100_m72_d0.4_b_w29_seed1.txt,Set Cover,100,RelaxGrouping,5000,True,min,3,0.2399,0.0267,0.042406320571899414,29319,57766,750,True
set_cover_n100_m72_d0.4_b_w29_seed1.txt,Set Cover,100,RelaxGrouping,10000,True,min,3,0.2367,0.0244,0.034766197204589844,29319,57766,750,True
set_cover_n100_m72_d0.4_b_w29_seed1.txt,Set Cover,100,RelaxGrouping,20000,True,min,3,0.2382,0.0267,0.04096102714538574,29319,57766,750,True
set_cover_n100_m72_d0.4_b_w29_seed1.txt,Set Cover,100,RelaxGrouping,500,False,min,2,0.1693,na,0.015881776809692383,19534,38423,498,True
set_cover_n100_m72_d0.4_b_w29_seed1.txt,Set Cover,100,RelaxGrouping,1000,False,min,3,0.2295,na,0.03520607948303223,29319,57766,750,True
set_cover_n100_m72_d0.4_b_w29_seed1.txt,Set Cover,100,RelaxGrouping,2000,False,min,3,0.2378,na,0.03493905067443848,29319,57766,750,True
set_cover_n100_m72_d0.4_b_w29_seed1.txt,Set Cover,100,RelaxGrouping,5000,False,min,3,0.239,na,0.03716564178466797,29319,57766,750,True
set_cover_n100_m72_d0.4_b_w29_seed1.txt,Set Cover,100,RelaxGrouping,10000,False,min,3,0.2294,na,0.03331255912780762,29319,57766,750,True
set_cover_n100_m72_d0.4_b_w29_seed1.txt,Set Cover,100,RelaxGrouping,20000,False,min,3,0.2392,na,0.04311728477478027,29319,57766,750,True
set_cover_n100_m72_d0.4_b_w29_seed2.txt,Set Cover,100,RelaxGrouping,500,True,min,2,0.1675,0.0208,0.014646053314208984,17980,35396,495,True
set_cover_n100_m72_d0.4_b_w29_seed2.txt,Set Cover,100,RelaxGrouping,1000,True,min,3,0.2357,0.0255,0.04130196571350098,29319,57766,750,True
set_cover_n100_m72_d0.4_b_w29_seed2.txt,Set Cover,100,RelaxGrouping,2000,True,min,3,0.2379,0.0253,0.03770589828491211,29319,57766,750,True
set_cover_n100_m72_d0.4_b_w29_seed2.txt,Set Cover,100,RelaxGrouping,5000,True,min,3,0.2372,0.0259,0.04330015182495117,29319,57766,750,True
set_cover_n100_m72_d0.4_b_w29_seed2.txt,Set Cover,100,RelaxGrouping,10000,True,min,3,0.2375,0.0263,0.04039478302001953,29319,57766,750,True
set_cover_n100_m72_d0.4_b_w29_seed2.txt,Set Cover,100,RelaxGrouping,20000,True,min,3,0.2322,0.0237,0.03548717498779297,29319,57766,750,True
set_cover_n100_m72_d0.4_b_w29_seed2.txt,Set Cover,100,RelaxGrouping,500,False,min,2,0.1662,na,0.015500307083129883,19534,38423,498,True
set_cover_n100_m72_d0.4_b_w29_seed2.txt,Set Cover,100,RelaxGrouping,1000,False,min,3,0.2374,na,0.03520655632019043,29319,57766,750,True
set_cover_n100_m72_d0.4_b_w29_seed2.txt,Set Cover,100,RelaxGrouping,2000,False,min,3,0.2412,na,0.043966054916381836,29319,57766,750,True
set_cover_n100_m72_d0.4_b_w29_seed2.txt,Set Cover,100,RelaxGrouping,5000,False,min,3,0.2416,na,0.043189287185668945,29319,57766,750,True
set_cover_n100_m72_d0.4_b_w29_seed2.txt,Set Cover,100,RelaxGrouping,10000,False,min,3,0.2334,na,0.04168987274169922,29319,57766,750,True
set_cover_n100_m72_d0.4_b_w29_seed2.txt,Set Cover,100,RelaxGrouping,20000,False,min,3,0.24,na,0.03710198402404785,29319,57766,750,True
set_cover_n100_m72_d0.4_b_w29_seed3.txt,Set Cover,100,RelaxGrouping,500,True,min,2,0.1699,0.0206,0.01479339599609375,17980,35396,495,True
set_cover_n100_m72_d0.4_b_w29_seed3.txt,Set Cover,100,RelaxGrouping,1000,True,min,3,0.237,0.0248,0.03464174270629883,29319,57766,750,True
set_cover_n100_m72_d0.4_b_w29_seed3.txt,Set Cover,100,RelaxGrouping,2000,True,min,3,0.2374,0.0246,0.039731502532958984,29319,57766,750,True
set_cover_n100_m72_d0.4_b_w29_seed3.txt,Set Cover,100,RelaxGrouping,5000,True,min,3,0.2413,0.0261,0.04112553596496582,29319,57766,750,True
set_cover_n100_m72_d0.4_b_w29_seed3.txt,Set Cover,100,RelaxGrouping,10000,True,min,3,0.238,0.026,0.041979074478149414,29319,57766,750,True
set_cover_n100_m72_d0.4_b_w29_seed3.txt,Set Cover,100,RelaxGrouping,20000,True,min,3,0.2411,0.0259,0.04387235641479492,29319,57766,750,True
set_cover_n100_m72_d0.4_b_w29_seed3.txt,Set Cover,100,RelaxGrouping,500,False,min,2,0.1664,na,0.015807628631591797,19534,38423,498,True
set_cover_n100_m72_d0.4_b_w29_seed3.txt,Set Cover,100,RelaxGrouping,1000,False,min,3,0.2399,na,0.03751993179321289,29319,57766,750,True
set_cover_n100_m72_d0.4_b_w29_seed3.txt,Set Cover,100,RelaxGrouping,2000,False,min,3,0.2395,na,0.04435110092163086,29319,57766,750,True
set_cover_n100_m72_d0.4_b_w29_seed3.txt,Set Cover,100,RelaxGrouping,5000,False,min,3,0.2422,na,0.043106794357299805,29319,57766,750,True
set_cover_n100_m72_d0.4_b_w29_seed3.txt,Set Cover,100,RelaxGrouping,10000,False,min,3,0.236,na,0.04082536697387695,29319,57766,750,True
set_cover_n100_m72_d0.4_b_w29_seed3.txt,Set Cover,100,RelaxGrouping,20000,False,min,3,0.2369,na,0.04410982131958008,29319,57766,750,True
set_cover_n100_m72_d0.4_b_w29_seed4.txt,Set Cover,100,RelaxGrouping,500,True,min,2,0.1684,0.0191,0.01366424560546875,17980,35396,495,True
set_cover_n100_m72_d0.4_b_w29_seed4.txt,Set Cover,100,RelaxGrouping,1000,True,min,3,0.2385,0.0262,0.037986040115356445,29319,57766,750,True
set_cover_n100_m72_d0.4_b_w29_seed4.txt,Set Cover,100,RelaxGrouping,2000,True,min,3,0.24,0.0256,0.041383981704711914,29319,57766,750,True
set_cover_n100_m72_d0.4_b_w29_seed4.txt,Set Cover,100,RelaxGrouping,5000,True,min,3,0.2385,0.0243,0.03525209426879883,29319,57766,750,True
set_cover_n100_m72_d0.4_b_w29_seed4.txt,Set Cover,100,RelaxGrouping,10000,True,min,3,0.2337,0.0247,0.038681983947753906,29319,57766,750,True
set_cover_n100_m72_d0.4_b_w29_seed4.txt,Set Cover,100,RelaxGrouping,20000,True,min,3,0.2385,0.0262,0.040521860122680664,29319,57766,750,True
set_cover_n100_m72_d0.4_b_w29_seed4.txt,Set Cover,100,RelaxGrouping,500,False,min,2,0.1673,na,0.016139507293701172,19534,38423,498,True
set_cover_n100_m72_d0.4_b_w29_seed4.txt,Set Cover,100,RelaxGrouping,1000,False,min,3,0.2392,na,0.035538434982299805,29319,57766,750,True
set_cover_n100_m72_d0.4_b_w29_seed4.txt,Set Cover,100,RelaxGrouping,2000,False,min,3,0.2372,na,0.041425228118896484,29319,57766,750,True
set_cover_n100_m72_d0.4_b_w29_seed4.txt,Set Cover,100,RelaxGrouping,5000,False,min,3,0.2411,na,0.038378000259399414,29319,57766,750,True
set_cover_n100_m72_d0.4_b_w29_seed4.txt,Set Cover,100,RelaxGrouping,10000,False,min,3,0.2328,na,0.032366275787353516,29319,57766,750,True
set_cover_n100_m72_d0.4_b_w29_seed4.txt,Set Cover,100,RelaxGrouping,20000,False,min,3,0.2385,na,0.03948831558227539,29319,57766,750,True
set_cover_n100_m72_d0.05_b_w29_seed1.txt,Set Cover,100,RelaxGrouping,500,True,min,2,0.257,0.0349,0.009249210357666016,9582,15762,237,True
set_cover_n100_m72_d0.05_b_w29_seed1.txt,Set Cover,100,RelaxGrouping,1000,True,min,3,0.5329,0.0677,0.013970136642456055,17749,28862,483,True
set_cover_n100_m72_d0.05_b_w29_seed1.txt,Set Cover,100,RelaxGrouping,2000,True,min,3,1.2234,0.142,0.08395862579345703,28979,46901,838,True
set_cover_n100_m72_d0.05_b_w29_seed1.txt,Set Cover,100,RelaxGrouping,5000,True,min,3,3.6449,0.4206,0.07586550712585449,60705,99527,1724,True
set_cover_n100_m72_d0.05_b_w29_seed1.txt,Set Cover,100,RelaxGrouping,500,False,min,2,0.2707,na,0.045618295669555664,26581,44032,498,True
set_cover_n100_m72_d0.05_b_w29_seed1.txt,Set Cover,100,RelaxGrouping,1000,False,min,3,0.5448,na,0.08579039573669434,52227,85957,999,True
set_cover_n100_m72_d0.05_b_w29_seed1.txt,Set Cover,100,RelaxGrouping,2000,False,min,3,1.303,na,0.18657970428466797,97587,161721,1994,True
set_cover_n100_m72_d0.05_b_w29_seed1.txt,Set Cover,100,RelaxGrouping,10000,True,min,4,8.3421,0.9603,0.13365697860717773,103906,168753,3539,True
set_cover_n100_m72_d0.05_b_w29_seed1.txt,Set Cover,100,RelaxGrouping,5000,False,min,3,3.834,na,0.48105883598327637,228274,378716,4965,True
set_cover_n100_m72_d0.5_b_w29_seed1.txt,Set Cover,100,RelaxGrouping,500,True,min,2,0.1765,0.0224,0.01587820053100586,17980,35396,495,True
set_cover_n100_m72_d0.5_b_w29_seed1.txt,Set Cover,100,RelaxGrouping,1000,True,min,3,0.2515,0.0277,0.04592776298522949,29319,57766,750,True
set_cover_n100_m72_d0.5_b_w29_seed1.txt,Set Cover,100,RelaxGrouping,2000,True,min,3,0.2536,0.0275,0.046723365783691406,29319,57766,750,True
set_cover_n100_m72_d0.05_b_w29_seed1.txt,Set Cover,100,RelaxGrouping,10000,False,min,4,8.6537,na,1.0328946113586426,441621,732855,9924,True
set_cover_n100_m72_d0.5_b_w29_seed1.txt,Set Cover,100,RelaxGrouping,5000,True,min,3,0.2534,0.027,0.045488595962524414,29319,57766,750,True
set_cover_n100_m72_d0.05_b_w29_seed1.txt,Set Cover,100,RelaxGrouping,20000,True,min,4,18.5593,2.1219,0.27727246284484863,195805,319150,6585,True
set_cover_n100_m72_d0.5_b_w29_seed1.txt,Set Cover,100,RelaxGrouping,10000,True,min,3,0.2393,0.0261,0.0440831184387207,29319,57766,750,True
set_cover_n100_m72_d0.5_b_w29_seed1.txt,Set Cover,100,RelaxGrouping,20000,True,min,3,0.2421,0.0268,0.04287981986999512,29319,57766,750,True
set_cover_n100_m72_d0.5_b_w29_seed1.txt,Set Cover,100,RelaxGrouping,500,False,min,2,0.1617,na,0.015545845031738281,19534,38423,498,True
set_cover_n100_m72_d0.5_b_w29_seed1.txt,Set Cover,100,RelaxGrouping,1000,False,min,3,0.2403,na,0.0440216064453125,29319,57766,750,True
set_cover_n100_m72_d0.5_b_w29_seed1.txt,Set Cover,100,RelaxGrouping,2000,False,min,3,0.2402,na,0.043909549713134766,29319,57766,750,True
set_cover_n100_m72_d0.5_b_w29_seed1.txt,Set Cover,100,RelaxGrouping,5000,False,min,3,0.2431,na,0.0451655387878418,29319,57766,750,True
set_cover_n100_m72_d0.5_b_w29_seed1.txt,Set Cover,100,RelaxGrouping,10000,False,min,3,0.242,na,0.03836488723754883,29319,57766,750,True
set_cover_n100_m72_d0.05_b_w29_seed1.txt,Set Cover,100,RelaxGrouping,20000,False,min,4,18.3866,na,2.1016275882720947,874317,1444723,19944,True
set_cover_n100_m72_d0.5_b_w29_seed1.txt,Set Cover,100,RelaxGrouping,20000,False,min,3,0.2436,na,0.042969703674316406,29319,57766,750,True
set_cover_n100_m72_d0.05_b_w29_seed2.txt,Set Cover,100,RelaxGrouping,500,True,min,2,0.2647,0.0355,0.02433919906616211,10552,16689,305,True
set_cover_n100_m72_d0.05_b_w29_seed2.txt,Set Cover,100,RelaxGrouping,1000,True,min,3,0.5394,0.0727,0.03861403465270996,18435,29299,532,True
set_cover_n100_m72_d0.05_b_w29_seed2.txt,Set Cover,100,RelaxGrouping,2000,True,min,3,1.2387,0.1535,0.08305954933166504,30774,48963,956,True
set_cover_n100_m72_d0.05_b_w29_seed2.txt,Set Cover,100,RelaxGrouping,5000,True,min,3,3.7672,0.4163,0.19820046424865723,65341,103884,2088,True
set_cover_n100_m72_d0.05_b_w29_seed2.txt,Set Cover,100,RelaxGrouping,500,False,min,2,0.2775,na,0.04845714569091797,28291,46350,500,True
set_cover_n100_m72_d0.05_b_w29_seed2.txt,Set Cover,100,RelaxGrouping,1000,False,min,3,0.5684,na,0.09511852264404297,54704,90187,996,True
set_cover_n100_m72_d0.05_b_w29_seed2.txt,Set Cover,100,RelaxGrouping,2000,False,min,3,1.337,na,0.19051265716552734,104734,172089,1999,True
set_cover_n100_m72_d0.05_b_w29_seed2.txt,Set Cover,100,RelaxGrouping,10000,True,min,3,9.2781,0.9728,0.1547551155090332,122382,195449,3952,True
set_cover_n100_m72_d0.05_b_w29_seed2.txt,Set Cover,100,RelaxGrouping,5000,False,min,3,3.9764,na,0.495328426361084,241569,398901,4960,True
set_cover_n100_m72_d0.5_b_w29_seed2.txt,Set Cover,100,RelaxGrouping,500,True,min,2,0.1722,0.0212,0.01525568962097168,17980,35396,495,True
set_cover_n100_m72_d0.5_b_w29_seed2.txt,Set Cover,100,RelaxGrouping,1000,True,min,3,0.2575,0.028,0.04748964309692383,29319,57766,750,True
set_cover_n100_m72_d0.5_b_w29_seed2.txt,Set Cover,100,RelaxGrouping,2000,True,min,3,0.2495,0.0271,0.048464059829711914,29319,57766,750,True
set_cover_n100_m72_d0.05_b_w29_seed2.txt,Set Cover,100,RelaxGrouping,10000,False,min,3,9.4967,na,1.0593011379241943,486077,801570,9968,True
set_cover_n100_m72_d0.5_b_w29_seed2.txt,Set Cover,100,RelaxGrouping,5000,True,min,3,0.2484,0.0273,0.04501152038574219,29319,57766,750,True
set_cover_n100_m72_d0.05_b_w29_seed2.txt,Set Cover,100,RelaxGrouping,20000,True,min,3,19.0778,2.0918,0.33835744857788086,234617,374186,8330,True
set_cover_n100_m72_d0.5_b_w29_seed2.txt,Set Cover,100,RelaxGrouping,10000,True,min,3,0.2389,0.0246,0.035582542419433594,29319,57766,750,True
set_cover_n100_m72_d0.5_b_w29_seed2.txt,Set Cover,100,RelaxGrouping,20000,True,min,3,0.2411,0.0251,0.03653717041015625,29319,57766,750,True
set_cover_n100_m72_d0.5_b_w29_seed2.txt,Set Cover,100,RelaxGrouping,500,False,min,2,0.1675,na,0.01527857780456543,19534,38423,498,True
set_cover_n100_m72_d0.5_b_w29_seed2.txt,Set Cover,100,RelaxGrouping,1000,False,min,3,0.2425,na,0.03764820098876953,29319,57766,750,True
set_cover_n100_m72_d0.5_b_w29_seed2.txt,Set Cover,100,RelaxGrouping,2000,False,min,3,0.2432,na,0.044439077377319336,29319,57766,750,True
set_cover_n100_m72_d0.5_b_w29_seed2.txt,Set Cover,100,RelaxGrouping,5000,False,min,3,0.2409,na,0.04156136512756348,29319,57766,750,True
set_cover_n100_m72_d0.05_b_w29_seed2.txt,Set Cover,100,RelaxGrouping,20000,False,min,3,18.6464,na,2.137484312057495,936380,1539288,19818,True
set_cover_n100_m72_d0.5_b_w29_seed2.txt,Set Cover,100,RelaxGrouping,10000,False,min,3,0.2429,na,0.04056859016418457,29319,57766,750,True
set_cover_n100_m72_d0.5_b_w29_seed2.txt,Set Cover,100,RelaxGrouping,20000,False,min,3,0.2429,na,0.03640246391296387,29319,57766,750,True
set_cover_n100_m72_d0.05_b_w29_seed3.txt,Set Cover,100,RelaxGrouping,500,True,min,3,0.2965,0.0374,0.011515617370605469,11484,18574,439,True
set_cover_n100_m72_d0.05_b_w29_seed3.txt,Set Cover,100,RelaxGrouping,1000,True,min,3,0.5622,0.0728,0.05789828300476074,19951,32440,615,True
set_cover_n100_m72_d0.05_b_w29_seed3.txt,Set Cover,100,RelaxGrouping,2000,True,min,3,1.3972,0.1559,0.041979074478149414,37794,61625,1235,True
set_cover_n100_m72_d0.05_b_w29_seed3.txt,Set Cover,100,RelaxGrouping,500,False,min,3,0.3132,na,0.023364543914794922,28586,47670,496,True
set_cover_n100_m72_d0.05_b_w29_seed3.txt,Set Cover,100,RelaxGrouping,5000,True,min,3,4.1822,0.4773,0.0993955135345459,79066,130213,2816,True
set_cover_n100_m72_d0.05_b_w29_seed3.txt,Set Cover,100,RelaxGrouping,1000,False,min,3,0.5711,na,0.09146499633789062,54435,90507,996,True
set_cover_n100_m72_d0.05_b_w29_seed3.txt,Set Cover,100,RelaxGrouping,2000,False,min,3,1.4293,na,0.10046744346618652,104073,174529,1994,True
set_cover_n100_m72_d0.05_b_w29_seed3.txt,Set Cover,100,RelaxGrouping,10000,True,min,4,9.3274,0.9779,0.18416452407836914,143456,236472,5381,True
set_cover_n100_m72_d0.05_b_w29_seed3.txt,Set Cover,100,RelaxGrouping,5000,False,min,3,4.3724,na,0.5368897914886475,248614,418060,4990,True
set_cover_n100_m72_d0.5_b_w29_seed3.txt,Set Cover,100,RelaxGrouping,500,True,min,2,0.1761,0.0215,0.015622138977050781,17980,35396,495,True
set_cover_n100_m72_d0.5_b_w29_seed3.txt,Set Cover,100,RelaxGrouping,1000,True,min,3,0.2489,0.0267,0.04151725769042969,29319,57766,750,True
set_cover_n100_m72_d0.5_b_w29_seed3.txt,Set Cover,100,RelaxGrouping,2000,True,min,3,0.2474,0.0276,0.04413938522338867,29319,57766,750,True
set_cover_n100_m72_d0.05_b_w29_seed3.txt,Set Cover,100,RelaxGrouping,10000,False,min,4,9.4595,na,1.1163036823272705,481892,807600,9949,True
set_cover_n100_m72_d0.05_b_w29_seed3.txt,Set Cover,100,RelaxGrouping,20000,True,min,4,19.4236,2.1607,0.33205533027648926,245373,406008,9312,True
set_cover_n100_m72_d0.5_b_w29_seed3.txt,Set Cover,100,RelaxGrouping,5000,True,min,3,0.2537,0.0278,0.04479384422302246,29319,57766,750,True
set_cover_n100_m72_d0.5_b_w29_seed3.txt,Set Cover,100,RelaxGrouping,10000,True,min,3,0.2386,0.0265,0.04181265830993652,29319,57766,750,True
set_cover_n100_m72_d0.5_b_w29_seed3.txt,Set Cover,100,RelaxGrouping,20000,True,min,3,0.2494,0.0274,0.04292654991149902,29319,57766,750,True
set_cover_n100_m72_d0.5_b_w29_seed3.txt,Set Cover,100,RelaxGrouping,500,False,min,2,0.167,na,0.015103578567504883,19534,38423,498,True
set_cover_n100_m72_d0.5_b_w29_seed3.txt,Set Cover,100,RelaxGrouping,1000,False,min,3,0.2428,na,0.0444490909576416,29319,57766,750,True
set_cover_n100_m72_d0.5_b_w29_seed3.txt,Set Cover,100,RelaxGrouping,2000,False,min,3,0.2394,na,0.0446474552154541,29319,57766,750,True
set_cover_n100_m72_d0.5_b_w29_seed3.txt,Set Cover,100,RelaxGrouping,5000,False,min,3,0.2421,na,0.04498028755187988,29319,57766,750,True
set_cover_n100_m72_d0.05_b_w29_seed3.txt,Set Cover,100,RelaxGrouping,20000,False,min,4,19.1232,na,2.117248058319092,933411,1565222,19924,True
set_cover_n100_m72_d0.5_b_w29_seed3.txt,Set Cover,100,RelaxGrouping,10000,False,min,3,0.2365,na,0.03853583335876465,29319,57766,750,True
set_cover_n100_m72_d0.5_b_w29_seed3.txt,Set Cover,100,RelaxGrouping,20000,False,min,3,0.2385,na,0.046704769134521484,29319,57766,750,True
set_cover_n100_m72_d0.05_b_w29_seed4.txt,Set Cover,100,RelaxGrouping,500,True,min,3,0.266,0.0336,0.01793050765991211,9548,15650,250,True
set_cover_n100_m72_d0.05_b_w29_seed4.txt,Set Cover,100,RelaxGrouping,1000,True,min,3,0.5513,0.0732,0.031951189041137695,17169,27971,454,True
set_cover_n100_m72_d0.05_b_w29_seed4.txt,Set Cover,100,RelaxGrouping,2000,True,min,3,1.4118,0.1584,0.03863787651062012,34663,56146,1084,True
set_cover_n100_m72_d0.05_b_w29_seed4.txt,Set Cover,100,RelaxGrouping,500,False,min,3,0.2882,na,0.045876502990722656,27942,46455,498,True
set_cover_n100_m72_d0.05_b_w29_seed4.txt,Set Cover,100,RelaxGrouping,5000,True,min,3,4.2966,0.4662,0.0921468734741211,70623,116505,2140,True
set_cover_n100_m72_d0.05_b_w29_seed4.txt,Set Cover,100,RelaxGrouping,1000,False,min,3,0.5883,na,0.09645223617553711,53554,89189,992,True
set_cover_n100_m72_d0.05_b_w29_seed4.txt,Set Cover,100,RelaxGrouping,2000,False,min,3,1.4434,na,0.2066652774810791,107142,178325,1997,True
set_cover_n100_m72_d0.05_b_w29_seed4.txt,Set Cover,100,RelaxGrouping,10000,True,min,3,9.6819,1.0102,0.18157124519348145,132988,219448,4087,True
set_cover_n100_m72_d0.05_b_w29_seed4.txt,Set Cover,100,RelaxGrouping,5000,False,min,3,4.3755,na,0.2695150375366211,250482,420105,4978,True
set_cover_n100_m72_d0.5_b_w29_seed4.txt,Set Cover,100,RelaxGrouping,500,True,min,2,0.168,0.0212,0.01505136489868164,17980,35396,495,True
set_cover_n100_m72_d0.5_b_w29_seed4.txt,Set Cover,100,RelaxGrouping,1000,True,min,3,0.2533,0.0277,0.04636979103088379,29319,57766,750,True
set_cover_n100_m72_d0.5_b_w29_seed4.txt,Set Cover,100,RelaxGrouping,2000,True,min,3,0.2526,0.0276,0.047297000885009766,29319,57766,750,True
set_cover_n100_m72_d0.05_b_w29_seed4.txt,Set Cover,100,RelaxGrouping,10000,False,min,3,9.6893,na,1.176039218902588,489190,824055,9962,True
set_cover_n100_m72_d0.5_b_w29_seed4.txt,Set Cover,100,RelaxGrouping,5000,True,min,3,0.245,0.0267,0.04386496543884277,29319,57766,750,True
set_cover_n100_m72_d0.05_b_w29_seed4.txt,Set Cover,100,RelaxGrouping,20000,True,min,4,20.5754,2.1006,0.3428983688354492,237998,393459,8055,True
set_cover_n100_m72_d0.5_b_w29_seed4.txt,Set Cover,100,RelaxGrouping,10000,True,min,3,0.2414,0.0269,0.038693904876708984,29319,57766,750,True
set_cover_n100_m72_d0.5_b_w29_seed4.txt,Set Cover,100,RelaxGrouping,20000,True,min,3,0.2377,0.0264,0.04406881332397461,29319,57766,750,True
set_cover_n100_m72_d0.5_b_w29_seed4.txt,Set Cover,100,RelaxGrouping,500,False,min,2,0.1686,na,0.016150474548339844,19534,38423,498,True
set_cover_n100_m72_d0.5_b_w29_seed4.txt,Set Cover,100,RelaxGrouping,1000,False,min,3,0.2428,na,0.044411659240722656,29319,57766,750,True
set_cover_n100_m72_d0.5_b_w29_seed4.txt,Set Cover,100,RelaxGrouping,2000,False,min,3,0.2423,na,0.04488396644592285,29319,57766,750,True
set_cover_n100_m72_d0.5_b_w29_seed4.txt,Set Cover,100,RelaxGrouping,5000,False,min,3,0.2427,na,0.04474067687988281,29319,57766,750,True
set_cover_n100_m72_d0.5_b_w29_seed4.txt,Set Cover,100,RelaxGrouping,10000,False,min,3,0.241,na,0.045172929763793945,29319,57766,750,True
set_cover_n100_m72_d0.05_b_w29_seed4.txt,Set Cover,100,RelaxGrouping,20000,False,min,4,20.1632,na,1.2340655326843262,931602,1579106,19873,True
set_cover_n100_m72_d0.5_b_w29_seed4.txt,Set Cover,100,RelaxGrouping,20000,False,min,3,0.2395,na,0.03905010223388672,29319,57766,750,True
set_cover_n100_m72_d0.15_b_w29_seed1.txt,Set Cover,100,RelaxGrouping,500,True,min,2,0.3756,0.0513,0.010356903076171875,9808,18384,259,True
set_cover_n100_m72_d0.15_b_w29_seed1.txt,Set Cover,100,RelaxGrouping,1000,True,min,2,0.7825,0.103,0.04452943801879883,16460,31133,341,True
set_cover_n100_m72_d0.15_b_w29_seed1.txt,Set Cover,100,RelaxGrouping,2000,True,min,2,1.8038,0.2232,0.04016518592834473,32060,60561,763,True
set_cover_n100_m72_d0.15_b_w29_seed1.txt,Set Cover,100,RelaxGrouping,500,False,min,2,0.4006,na,0.031102418899536133,33932,62718,499,True
set_cover_n100_m72_d0.15_b_w29_seed1.txt,Set Cover,100,RelaxGrouping,5000,True,min,2,5.3443,0.6144,0.11523103713989258,79301,150469,2245,True
set_cover_n100_m72_d0.15_b_w29_seed1.txt,Set Cover,100,RelaxGrouping,1000,False,min,2,0.811,na,0.13442325592041016,65134,120666,994,True
set_cover_n100_m72_d0.15_b_w29_seed1.txt,Set Cover,100,RelaxGrouping,2000,False,min,2,1.9165,na,0.26029300689697266,127454,236472,1996,True
set_cover_n100_m72_d0.15_b_w29_seed1.txt,Set Cover,100,RelaxGrouping,10000,True,min,2,11.6322,1.4847,0.2336726188659668,145776,277294,3834,True
set_cover_n100_m72_d0.15_b_w29_seed1.txt,Set Cover,100,RelaxGrouping,5000,False,min,2,5.5631,na,0.7179257869720459,299088,556465,4952,True
set_cover_n100_m72_d0.15_b_w29_seed2.txt,Set Cover,100,RelaxGrouping,500,True,min,2,0.3833,0.0513,0.011961698532104492,10675,19779,314,True
set_cover_n100_m72_d0.15_b_w29_seed2.txt,Set Cover,100,RelaxGrouping,1000,True,min,2,0.887,0.1082,0.02185821533203125,18742,34773,534,True
set_cover_n100_m72_d0.15_b_w29_seed1.txt,Set Cover,100,RelaxGrouping,10000,False,min,2,11.6325,na,1.514594316482544,568481,1059741,9966,True
set_cover_n100_m72_d0.15_b_w29_seed2.txt,Set Cover,100,RelaxGrouping,2000,True,min,2,1.9795,0.226,0.043662071228027344,33236,61733,868,True
set_cover_n100_m72_d0.15_b_w29_seed1.txt,Set Cover,100,RelaxGrouping,20000,True,min,3,23.0238,3.0213,0.4880542755126953,273781,522796,7598,True
set_cover_n100_m72_d0.15_b_w29_seed2.txt,Set Cover,100,RelaxGrouping,5000,True,min,2,5.4546,0.6274,0.2988712787628174,79014,147986,2204,True
set_cover_n100_m72_d0.15_b_w29_seed2.txt,Set Cover,100,RelaxGrouping,500,False,min,2,0.4022,na,0.03157782554626465,34765,64439,495,True
set_cover_n100_m72_d0.15_b_w29_seed2.txt,Set Cover,100,RelaxGrouping,1000,False,min,2,0.9178,na,0.06696701049804688,69038,127315,999,True
set_cover_n100_m72_d0.15_b_w29_seed1.txt,Set Cover,100,RelaxGrouping,20000,False,min,3,22.9688,na,3.028761148452759,1074225,2007958,19978,True
set_cover_n100_m72_d0.15_b_w29_seed2.txt,Set Cover,100,RelaxGrouping,2000,False,min,2,1.9677,na,0.2752044200897217,130575,241225,1980,True
set_cover_n100_m72_d0.15_b_w29_seed2.txt,Set Cover,100,RelaxGrouping,10000,True,min,2,11.7298,1.4293,0.22490906715393066,140848,265469,4638,True
set_cover_n100_m72_d0.15_b_w29_seed2.txt,Set Cover,100,RelaxGrouping,5000,False,min,2,5.5223,na,0.7138364315032959,306262,565280,4968,True
set_cover_n100_m72_d0.15_b_w29_seed3.txt,Set Cover,100,RelaxGrouping,500,True,min,2,0.4031,0.0518,0.012566804885864258,11403,21354,228,True
set_cover_n100_m72_d0.15_b_w29_seed3.txt,Set Cover,100,RelaxGrouping,1000,True,min,2,0.8383,0.1074,0.06899642944335938,21111,39803,463,True
set_cover_n100_m72_d0.15_b_w29_seed3.txt,Set Cover,100,RelaxGrouping,2000,True,min,2,1.9128,0.2324,0.050202131271362305,37975,71894,795,True
set_cover_n100_m72_d0.15_b_w29_seed2.txt,Set Cover,100,RelaxGrouping,20000,True,min,2,22.8456,2.9927,1.0867598056793213,267097,504519,9435,True
set_cover_n100_m72_d0.15_b_w29_seed2.txt,Set Cover,100,RelaxGrouping,10000,False,min,2,11.798,na,1.5273497104644775,578734,1072926,9986,True
set_cover_n100_m72_d0.15_b_w29_seed3.txt,Set Cover,100,RelaxGrouping,5000,True,min,2,5.7046,0.6462,0.1381969451904297,92789,176354,2454,True
set_cover_n100_m72_d0.15_b_w29_seed3.txt,Set Cover,100,RelaxGrouping,500,False,min,2,0.3949,na,0.029606103897094727,33256,61471,495,True
set_cover_n100_m72_d0.15_b_w29_seed3.txt,Set Cover,100,RelaxGrouping,1000,False,min,2,0.8318,na,0.1295490264892578,65060,120308,993,True
set_cover_n100_m72_d0.15_b_w29_seed3.txt,Set Cover,100,RelaxGrouping,2000,False,min,2,1.9162,na,0.2608754634857178,125785,233752,1987,True
set_cover_n100_m72_d0.15_b_w29_seed2.txt,Set Cover,100,RelaxGrouping,20000,False,min,2,22.6629,na,3.0784993171691895,1099991,2042758,19902,True
set_cover_n100_m72_d0.15_b_w29_seed3.txt,Set Cover,100,RelaxGrouping,10000,True,min,2,11.626,1.3834,0.22974443435668945,156669,297977,3664,True
set_cover_n100_m72_d0.15_b_w29_seed3.txt,Set Cover,100,RelaxGrouping,5000,False,min,2,5.6756,na,0.3899412155151367,303564,565058,4986,True
set_cover_n100_m72_d0.15_b_w29_seed4.txt,Set Cover,100,RelaxGrouping,500,True,min,2,0.4301,0.0566,0.01295614242553711,10855,20169,255,True
set_cover_n100_m72_d0.15_b_w29_seed4.txt,Set Cover,100,RelaxGrouping,1000,True,min,2,0.9297,0.114,0.022965669631958008,17818,33394,433,True
set_cover_n100_m72_d0.15_b_w29_seed4.txt,Set Cover,100,RelaxGrouping,2000,True,min,2,1.9708,0.2357,0.12100434303283691,34297,64793,957,True
set_cover_n100_m72_d0.15_b_w29_seed3.txt,Set Cover,100,RelaxGrouping,10000,False,min,2,11.725,na,0.8389458656311035,567857,1059634,9971,True
set_cover_n100_m72_d0.15_b_w29_seed3.txt,Set Cover,100,RelaxGrouping,20000,True,min,3,23.0396,2.9367,0.47856712341308594,274457,526574,6280,True
set_cover_n100_m72_d0.15_b_w29_seed4.txt,Set Cover,100,RelaxGrouping,5000,True,min,2,5.5934,0.6553,0.10705256462097168,75551,142640,2142,True
set_cover_n100_m72_d0.15_b_w29_seed4.txt,Set Cover,100,RelaxGrouping,500,False,min,2,0.433,na,0.034116506576538086,36271,66826,498,True
set_cover_n100_m72_d0.15_b_w29_seed4.txt,Set Cover,100,RelaxGrouping,1000,False,min,2,0.9286,na,0.14086675643920898,69377,128247,994,True
set_cover_n100_m72_d0.15_b_w29_seed4.txt,Set Cover,100,RelaxGrouping,2000,False,min,2,2.0549,na,0.28322935104370117,135159,249960,1991,True
set_cover_n100_m72_d0.15_b_w29_seed3.txt,Set Cover,100,RelaxGrouping,20000,False,min,3,22.9384,na,3.0809130668640137,1042940,1947239,19975,True
set_cover_n100_m72_d0.15_b_w29_seed4.txt,Set Cover,100,RelaxGrouping,10000,True,min,2,11.8798,1.4547,0.21829724311828613,147090,279076,4809,True
set_cover_n100_m72_d0.15_b_w29_seed4.txt,Set Cover,100,RelaxGrouping,5000,False,min,2,5.6527,na,0.7330567836761475,312577,579507,4989,True
set_cover_n100_m72_d0.25_b_w29_seed1.txt,Set Cover,100,RelaxGrouping,500,True,min,2,0.3216,0.0481,0.0358576774597168,9835,19107,218,True
set_cover_n100_m72_d0.25_b_w29_seed1.txt,Set Cover,100,RelaxGrouping,1000,True,min,2,0.6411,0.0896,0.022900819778442383,19488,38018,486,True
set_cover_n100_m72_d0.25_b_w29_seed1.txt,Set Cover,100,RelaxGrouping,2000,True,min,2,1.2416,0.1726,0.12505745887756348,40847,80062,955,True
set_cover_n100_m72_d0.15_b_w29_seed4.txt,Set Cover,100,RelaxGrouping,10000,False,min,2,11.93,na,1.5020129680633545,597438,1110153,9990,True
set_cover_n100_m72_d0.15_b_w29_seed4.txt,Set Cover,100,RelaxGrouping,20000,True,min,2,23.4156,3.0032,1.0125067234039307,253473,483009,6890,True
set_cover_n100_m72_d0.25_b_w29_seed1.txt,Set Cover,100,RelaxGrouping,5000,True,min,2,2.8658,0.4086,0.30225157737731934,105347,206851,2811,True
set_cover_n100_m72_d0.25_b_w29_seed1.txt,Set Cover,100,RelaxGrouping,500,False,min,2,0.3168,na,0.05316758155822754,31686,60813,496,True
set_cover_n100_m72_d0.25_b_w29_seed1.txt,Set Cover,100,RelaxGrouping,10000,True,min,3,4.4928,0.71,0.2797427177429199,178846,351328,5572,True
set_cover_n100_m72_d0.25_b_w29_seed1.txt,Set Cover,100,RelaxGrouping,1000,False,min,2,0.62,na,0.09842181205749512,58563,112496,992,True
set_cover_n100_m72_d0.25_b_w29_seed1.txt,Set Cover,100,RelaxGrouping,2000,False,min,2,1.228,na,0.19214582443237305,108704,208780,1993,True
set_cover_n100_m72_d0.25_b_w29_seed1.txt,Set Cover,100,RelaxGrouping,20000,True,min,3,5.9504,0.9997,0.41168761253356934,263031,516942,10299,True
set_cover_n100_m72_d0.15_b_w29_seed4.txt,Set Cover,100,RelaxGrouping,20000,False,min,2,23.407,na,3.0047945976257324,1108100,2065612,19954,True
set_cover_n100_m72_d0.25_b_w29_seed1.txt,Set Cover,100,RelaxGrouping,5000,False,min,2,2.7842,na,0.45439934730529785,230199,441802,4993,True
set_cover_n100_m72_d0.25_b_w29_seed2.txt,Set Cover,100,RelaxGrouping,500,True,min,2,0.3315,0.0455,0.014693975448608398,15248,29456,425,True
set_cover_n100_m72_d0.25_b_w29_seed1.txt,Set Cover,100,RelaxGrouping,10000,False,min,3,4.455,na,0.7279114723205566,358272,686665,9901,True
set_cover_n100_m72_d0.25_b_w29_seed2.txt,Set Cover,100,RelaxGrouping,1000,True,min,2,0.6114,0.0803,0.03000926971435547,27866,54120,742,True
set_cover_n100_m72_d0.25_b_w29_seed2.txt,Set Cover,100,RelaxGrouping,2000,True,min,2,1.1454,0.159,0.1223604679107666,52532,102465,1264,True
set_cover_n100_m72_d0.25_b_w29_seed1.txt,Set Cover,100,RelaxGrouping,20000,False,min,3,5.8307,na,0.9548385143280029,479010,913185,19718,True
set_cover_n100_m72_d0.25_b_w29_seed2.txt,Set Cover,100,RelaxGrouping,5000,True,min,2,2.6774,0.3812,0.15680193901062012,116013,227468,3245,True
set_cover_n100_m72_d0.25_b_w29_seed2.txt,Set Cover,100,RelaxGrouping,500,False,min,2,0.3191,na,0.027896881103515625,31857,61165,497,True
set_cover_n100_m72_d0.25_b_w29_seed2.txt,Set Cover,100,RelaxGrouping,1000,False,min,2,0.5882,na,0.09311652183532715,57781,111148,990,True
set_cover_n100_m72_d0.25_b_w29_seed2.txt,Set Cover,100,RelaxGrouping,10000,True,min,3,4.2305,0.6373,0.28371381759643555,188931,371333,6247,True
set_cover_n100_m72_d0.25_b_w29_seed2.txt,Set Cover,100,RelaxGrouping,2000,False,min,2,1.1659,na,0.18468594551086426,106359,204971,1996,True
set_cover_n100_m72_d0.25_b_w29_seed2.txt,Set Cover,100,RelaxGrouping,20000,True,min,3,5.7484,0.9462,0.4098241329193115,268222,527919,10920,True
set_cover_n100_m72_d0.25_b_w29_seed2.txt,Set Cover,100,RelaxGrouping,5000,False,min,2,2.6532,na,0.4173755645751953,217361,419354,4981,True
set_cover_n100_m72_d0.25_b_w29_seed3.txt,Set Cover,100,RelaxGrouping,500,True,min,2,0.2785,0.0415,0.011818170547485352,11098,21581,262,True
set_cover_n100_m72_d0.25_b_w29_seed3.txt,Set Cover,100,RelaxGrouping,1000,True,min,2,0.5725,0.0795,0.024220943450927734,21473,41854,539,True
set_cover_n100_m72_d0.25_b_w29_seed2.txt,Set Cover,100,RelaxGrouping,10000,False,min,3,4.2666,na,0.6804080009460449,337145,649493,9982,True
set_cover_n100_m72_d0.25_b_w29_seed3.txt,Set Cover,100,RelaxGrouping,2000,True,min,2,1.1401,0.1589,0.04703998565673828,40959,79977,1146,True
set_cover_n100_m72_d0.25_b_w29_seed2.txt,Set Cover,100,RelaxGrouping,20000,False,min,3,5.7936,na,0.97412109375,469343,899803,19879,True
set_cover_n100_m72_d0.25_b_w29_seed3.txt,Set Cover,100,RelaxGrouping,5000,True,min,2,2.5524,0.3573,0.2808339595794678,94926,185948,2926,True
set_cover_n100_m72_d0.25_b_w29_seed3.txt,Set Cover,100,RelaxGrouping,500,False,min,2,0.2795,na,0.04163098335266113,28544,54971,497,True
set_cover_n100_m72_d0.25_b_w29_seed3.txt,Set Cover,100,RelaxGrouping,10000,True,min,3,4.6449,0.6668,0.23136329650878906,172592,338551,5677,True
set_cover_n100_m72_d0.25_b_w29_seed3.txt,Set Cover,100,RelaxGrouping,1000,False,min,2,0.5633,na,0.09914469718933105,54514,105019,993,True
set_cover_n100_m72_d0.25_b_w29_seed3.txt,Set Cover,100,RelaxGrouping,2000,False,min,2,1.0928,na,0.18189787864685059,99845,192597,1996,True
set_cover_n100_m72_d0.25_b_w29_seed3.txt,Set Cover,100,RelaxGrouping,20000,True,min,3,6.7186,1.0793,0.3834559917449951,249405,490050,9157,True
set_cover_n100_m72_d0.25_b_w29_seed3.txt,Set Cover,100,RelaxGrouping,5000,False,min,2,2.6393,na,0.4197671413421631,208051,401467,4993,True
set_cover_n100_m72_d0.25_b_w29_seed4.txt,Set Cover,100,RelaxGrouping,500,True,min,2,0.2884,0.0432,0.03752255439758301,13312,25883,278,True
set_cover_n100_m72_d0.25_b_w29_seed3.txt,Set Cover,100,RelaxGrouping,10000,False,min,3,4.7209,na,0.45223402976989746,354562,684317,9976,True
set_cover_n100_m72_d0.25_b_w29_seed4.txt,Set Cover,100,RelaxGrouping,1000,True,min,2,0.6032,0.0843,0.028182029724121094,26511,51682,585,True
set_cover_n100_m72_d0.25_b_w29_seed4.txt,Set Cover,100,RelaxGrouping,2000,True,min,2,1.1023,0.1546,0.051932334899902344,45744,89433,1013,True
set_cover_n100_m72_d0.25_b_w29_seed3.txt,Set Cover,100,RelaxGrouping,20000,False,min,3,6.886,na,0.6753528118133545,519455,1001369,19945,True
set_cover_n100_m72_d0.25_b_w29_seed4.txt,Set Cover,100,RelaxGrouping,5000,True,min,2,2.5683,0.3582,0.2792372703552246,100164,196571,2661,True
set_cover_n100_m72_d0.25_b_w29_seed4.txt,Set Cover,100,RelaxGrouping,500,False,min,2,0.2909,na,0.05112504959106445,29630,56912,497,True
set_cover_n100_m72_d0.25_b_w29_seed4.txt,Set Cover,100,RelaxGrouping,1000,False,min,2,0.5939,na,0.09757685661315918,55558,107007,995,True
set_cover_n100_m72_d0.25_b_w29_seed4.txt,Set Cover,100,RelaxGrouping,10000,True,min,2,4.6737,0.695,0.24694418907165527,174653,343280,5786,True
set_cover_n100_m72_d0.25_b_w29_seed4.txt,Set Cover,100,RelaxGrouping,2000,False,min,2,1.1032,na,0.17600178718566895,98008,188824,1989,True
set_cover_n100_m72_d0.25_b_w29_seed4.txt,Set Cover,100,RelaxGrouping,20000,True,min,3,6.7994,1.0678,0.4236629009246826,272981,536930,10303,True
set_cover_n100_m72_d0.25_b_w29_seed4.txt,Set Cover,100,RelaxGrouping,5000,False,min,2,2.5763,na,0.41168904304504395,202955,391444,4990,True
set_cover_n100_m72_d0.35_b_w29_seed1.txt,Set Cover,100,RelaxGrouping,500,True,min,2,0.1728,0.0213,0.015522003173828125,17980,35396,495,True
set_cover_n100_m72_d0.35_b_w29_seed1.txt,Set Cover,100,RelaxGrouping,1000,True,min,3,0.2474,0.0256,0.04023385047912598,29319,57766,750,True
set_cover_n100_m72_d0.25_b_w29_seed4.txt,Set Cover,100,RelaxGrouping,10000,False,min,2,4.6988,na,0.7148587703704834,346588,668434,9984,True
set_cover_n100_m72_d0.35_b_w29_seed1.txt,Set Cover,100,RelaxGrouping,2000,True,min,3,0.2396,0.0247,0.03623056411743164,29319,57766,750,True
set_cover_n100_m72_d0.35_b_w29_seed1.txt,Set Cover,100,RelaxGrouping,5000,True,min,3,0.24,0.0262,0.046117305755615234,29319,57766,750,True
set_cover_n100_m72_d0.25_b_w29_seed4.txt,Set Cover,100,RelaxGrouping,20000,False,min,3,6.7657,na,1.1383426189422607,518502,996626,19907,True
set_cover_n100_m72_d0.35_b_w29_seed1.txt,Set Cover,100,RelaxGrouping,10000,True,min,3,0.2425,0.0267,0.04693245887756348,29319,57766,750,True
set_cover_n100_m72_d0.35_b_w29_seed1.txt,Set Cover,100,RelaxGrouping,20000,True,min,3,0.2445,0.0259,0.038233280181884766,29319,57766,750,True
set_cover_n100_m72_d0.35_b_w29_seed1.txt,Set Cover,100,RelaxGrouping,500,False,min,2,0.1695,na,0.01592707633972168,19534,38423,498,True
set_cover_n100_m72_d0.35_b_w29_seed1.txt,Set Cover,100,RelaxGrouping,1000,False,min,3,0.2358,na,0.036936283111572266,29319,57766,750,True
set_cover_n100_m72_d0.35_b_w29_seed1.txt,Set Cover,100,RelaxGrouping,2000,False,min,3,0.2438,na,0.03527402877807617,29319,57766,750,True
set_cover_n100_m72_d0.35_b_w29_seed1.txt,Set Cover,100,RelaxGrouping,5000,False,min,3,0.2362,na,0.04082202911376953,29319,57766,750,True
set_cover_n100_m72_d0.35_b_w29_seed1.txt,Set Cover,100,RelaxGrouping,10000,False,min,3,0.2423,na,0.04549002647399902,29319,57766,750,True
set_cover_n100_m72_d0.35_b_w29_seed1.txt,Set Cover,100,RelaxGrouping,20000,False,min,3,0.2349,na,0.041230201721191406,29319,57766,750,True
set_cover_n100_m72_d0.35_b_w29_seed2.txt,Set Cover,100,RelaxGrouping,500,True,min,2,0.1648,0.0206,0.014497518539428711,17980,35396,495,True
set_cover_n100_m72_d0.35_b_w29_seed2.txt,Set Cover,100,RelaxGrouping,1000,True,min,3,0.2461,0.0269,0.04141378402709961,29319,57766,750,True
set_cover_n100_m72_d0.35_b_w29_seed2.txt,Set Cover,100,RelaxGrouping,2000,True,min,3,0.2393,0.0265,0.04212021827697754,29319,57766,750,True
set_cover_n100_m72_d0.35_b_w29_seed2.txt,Set Cover,100,RelaxGrouping,5000,True,min,3,0.2349,0.0252,0.03465890884399414,29319,57766,750,True
set_cover_n100_m72_d0.35_b_w29_seed2.txt,Set Cover,100,RelaxGrouping,10000,True,min,3,0.2359,0.0262,0.03777337074279785,29319,57766,750,True
set_cover_n100_m72_d0.35_b_w29_seed2.txt,Set Cover,100,RelaxGrouping,20000,True,min,3,0.2363,0.0252,0.040686607360839844,29319,57766,750,True
set_cover_n100_m72_d0.35_b_w29_seed2.txt,Set Cover,100,RelaxGrouping,500,False,min,2,0.1649,na,0.015362024307250977,19534,38423,498,True
set_cover_n100_m72_d0.35_b_w29_seed2.txt,Set Cover,100,RelaxGrouping,1000,False,min,3,0.2372,na,0.03903532028198242,29319,57766,750,True
set_cover_n100_m72_d0.35_b_w29_seed2.txt,Set Cover,100,RelaxGrouping,2000,False,min,3,0.2359,na,0.04471421241760254,29319,57766,750,True
set_cover_n100_m72_d0.35_b_w29_seed2.txt,Set Cover,100,RelaxGrouping,5000,False,min,3,0.2389,na,0.041655778884887695,29319,57766,750,True
set_cover_n100_m72_d0.35_b_w29_seed2.txt,Set Cover,100,RelaxGrouping,10000,False,min,3,0.2369,na,0.04282069206237793,29319,57766,750,True
set_cover_n100_m72_d0.35_b_w29_seed2.txt,Set Cover,100,RelaxGrouping,20000,False,min,3,0.2395,na,0.03621077537536621,29319,57766,750,True
set_cover_n100_m72_d0.35_b_w29_seed3.txt,Set Cover,100,RelaxGrouping,500,True,min,2,0.1621,0.0198,0.014315366744995117,17980,35396,495,True
set_cover_n100_m72_d0.35_b_w29_seed3.txt,Set Cover,100,RelaxGrouping,1000,True,min,3,0.2397,0.0251,0.04485940933227539,29319,57766,750,True
set_cover_n100_m72_d0.35_b_w29_seed3.txt,Set Cover,100,RelaxGrouping,2000,True,min,3,0.2353,0.0262,0.04133868217468262,29319,57766,750,True
set_cover_n100_m72_d0.35_b_w29_seed3.txt,Set Cover,100,RelaxGrouping,5000,True,min,3,0.2348,0.026,0.040473222732543945,29319,57766,750,True
set_cover_n100_m72_d0.35_b_w29_seed3.txt,Set Cover,100,RelaxGrouping,10000,True,min,3,0.2457,0.0264,0.04444384574890137,29319,57766,750,True
set_cover_n100_m72_d0.35_b_w29_seed3.txt,Set Cover,100,RelaxGrouping,20000,True,min,3,0.2421,0.0261,0.04001593589782715,29319,57766,750,True
set_cover_n100_m72_d0.35_b_w29_seed3.txt,Set Cover,100,RelaxGrouping,500,False,min,2,0.1626,na,0.01491403579711914,19534,38423,498,True
set_cover_n100_m72_d0.35_b_w29_seed3.txt,Set Cover,100,RelaxGrouping,1000,False,min,3,0.2411,na,0.03638434410095215,29319,57766,750,True
set_cover_n100_m72_d0.35_b_w29_seed3.txt,Set Cover,100,RelaxGrouping,2000,False,min,3,0.2362,na,0.044049978256225586,29319,57766,750,True
set_cover_n100_m72_d0.35_b_w29_seed3.txt,Set Cover,100,RelaxGrouping,5000,False,min,3,0.2327,na,0.03814220428466797,29319,57766,750,True
set_cover_n100_m72_d0.35_b_w29_seed3.txt,Set Cover,100,RelaxGrouping,10000,False,min,3,0.2377,na,0.040120840072631836,29319,57766,750,True
set_cover_n100_m72_d0.35_b_w29_seed3.txt,Set Cover,100,RelaxGrouping,20000,False,min,3,0.2356,na,0.04118633270263672,29319,57766,750,True
set_cover_n100_m72_d0.35_b_w29_seed4.txt,Set Cover,100,RelaxGrouping,500,True,min,2,0.1661,0.0206,0.014790058135986328,17980,35396,495,True
set_cover_n100_m72_d0.35_b_w29_seed4.txt,Set Cover,100,RelaxGrouping,1000,True,min,3,0.2423,0.0266,0.0462183952331543,29319,57766,750,True
set_cover_n100_m72_d0.35_b_w29_seed4.txt,Set Cover,100,RelaxGrouping,2000,True,min,3,0.2378,0.0264,0.04269695281982422,29319,57766,750,True
set_cover_n100_m72_d0.35_b_w29_seed4.txt,Set Cover,100,RelaxGrouping,5000,True,min,3,0.2385,0.0252,0.03755807876586914,29319,57766,750,True
set_cover_n100_m72_d0.35_b_w29_seed4.txt,Set Cover,100,RelaxGrouping,10000,True,min,3,0.2412,0.0266,0.04071950912475586,29319,57766,750,True
set_cover_n100_m72_d0.35_b_w29_seed4.txt,Set Cover,100,RelaxGrouping,20000,True,min,3,0.2398,0.0248,0.03748273849487305,29319,57766,750,True
set_cover_n100_m72_d0.35_b_w29_seed4.txt,Set Cover,100,RelaxGrouping,500,False,min,2,0.1654,na,0.015802621841430664,19534,38423,498,True
set_cover_n100_m72_d0.35_b_w29_seed4.txt,Set Cover,100,RelaxGrouping,1000,False,min,3,0.238,na,0.03776812553405762,29319,57766,750,True
set_cover_n100_m72_d0.35_b_w29_seed4.txt,Set Cover,100,RelaxGrouping,2000,False,min,3,0.2384,na,0.044666290283203125,29319,57766,750,True
set_cover_n100_m72_d0.35_b_w29_seed4.txt,Set Cover,100,RelaxGrouping,5000,False,min,3,0.2484,na,0.04301285743713379,29319,57766,750,True
set_cover_n100_m72_d0.35_b_w29_seed4.txt,Set Cover,100,RelaxGrouping,10000,False,min,3,0.2423,na,0.036946773529052734,29319,57766,750,True
set_cover_n100_m72_d0.35_b_w29_seed4.txt,Set Cover,100,RelaxGrouping,20000,False,min,3,0.2402,na,0.043441057205200195,29319,57766,750,True
set_cover_n100_m72_d0.45_b_w29_seed1.txt,Set Cover,100,RelaxGrouping,500,True,min,2,0.1658,0.0202,0.014677047729492188,17980,35396,495,True
set_cover_n100_m72_d0.45_b_w29_seed1.txt,Set Cover,100,RelaxGrouping,1000,True,min,3,0.2427,0.0264,0.044879913330078125,29319,57766,750,True
set_cover_n100_m72_d0.45_b_w29_seed1.txt,Set Cover,100,RelaxGrouping,2000,True,min,3,0.239,0.0259,0.039525747299194336,29319,57766,750,True
set_cover_n100_m72_d0.45_b_w29_seed1.txt,Set Cover,100,RelaxGrouping,5000,True,min,3,0.2377,0.0259,0.04011034965515137,29319,57766,750,True
set_cover_n100_m72_d0.45_b_w29_seed1.txt,Set Cover,100,RelaxGrouping,10000,True,min,3,0.2419,0.0264,0.037432193756103516,29319,57766,750,True
set_cover_n100_m72_d0.45_b_w29_seed1.txt,Set Cover,100,RelaxGrouping,20000,True,min,3,0.2375,0.0245,0.03522968292236328,29319,57766,750,True
set_cover_n100_m72_d0.45_b_w29_seed1.txt,Set Cover,100,RelaxGrouping,500,False,min,2,0.1665,na,0.015721559524536133,19534,38423,498,True
set_cover_n100_m72_d0.45_b_w29_seed1.txt,Set Cover,100,RelaxGrouping,1000,False,min,3,0.2398,na,0.03587031364440918,29319,57766,750,True
set_cover_n100_m72_d0.45_b_w29_seed1.txt,Set Cover,100,RelaxGrouping,2000,False,min,3,0.2321,na,0.039693355560302734,29319,57766,750,True
set_cover_n100_m72_d0.45_b_w29_seed1.txt,Set Cover,100,RelaxGrouping,5000,False,min,3,0.2387,na,0.04224371910095215,29319,57766,750,True
set_cover_n100_m72_d0.45_b_w29_seed1.txt,Set Cover,100,RelaxGrouping,10000,False,min,3,0.2451,na,0.04656791687011719,29319,57766,750,True
set_cover_n100_m72_d0.45_b_w29_seed1.txt,Set Cover,100,RelaxGrouping,20000,False,min,3,0.237,na,0.039847612380981445,29319,57766,750,True
set_cover_n100_m72_d0.45_b_w29_seed2.txt,Set Cover,100,RelaxGrouping,500,True,min,2,0.1642,0.0198,0.014173507690429688,17980,35396,495,True
set_cover_n100_m72_d0.45_b_w29_seed2.txt,Set Cover,100,RelaxGrouping,1000,True,min,3,0.2374,0.0249,0.035835981369018555,29319,57766,750,True
set_cover_n100_m72_d0.45_b_w29_seed2.txt,Set Cover,100,RelaxGrouping,2000,True,min,3,0.2452,0.0258,0.03712892532348633,29319,57766,750,True
set_cover_n100_m72_d0.45_b_w29_seed2.txt,Set Cover,100,RelaxGrouping,5000,True,min,3,0.2363,0.0258,0.03661298751831055,29319,57766,750,True
set_cover_n100_m72_d0.45_b_w29_seed2.txt,Set Cover,100,RelaxGrouping,10000,True,min,3,0.239,0.0246,0.03521370887756348,29319,57766,750,True
set_cover_n100_m72_d0.45_b_w29_seed2.txt,Set Cover,100,RelaxGrouping,20000,True,min,3,0.2388,0.0263,0.04260110855102539,29319,57766,750,True
set_cover_n100_m72_d0.45_b_w29_seed2.txt,Set Cover,100,RelaxGrouping,500,False,min,2,0.1642,na,0.015286922454833984,19534,38423,498,True
set_cover_n100_m72_d0.45_b_w29_seed2.txt,Set Cover,100,RelaxGrouping,1000,False,min,3,0.2372,na,0.04099559783935547,29319,57766,750,True
set_cover_n100_m72_d0.45_b_w29_seed2.txt,Set Cover,100,RelaxGrouping,2000,False,min,3,0.2394,na,0.044466257095336914,29319,57766,750,True
set_cover_n100_m72_d0.45_b_w29_seed2.txt,Set Cover,100,RelaxGrouping,5000,False,min,3,0.2363,na,0.0432591438293457,29319,57766,750,True
set_cover_n100_m72_d0.45_b_w29_seed2.txt,Set Cover,100,RelaxGrouping,10000,False,min,3,0.2425,na,0.03598427772521973,29319,57766,750,True
set_cover_n100_m72_d0.45_b_w29_seed2.txt,Set Cover,100,RelaxGrouping,20000,False,min,3,0.2393,na,0.039612531661987305,29319,57766,750,True
set_cover_n100_m72_d0.45_b_w29_seed3.txt,Set Cover,100,RelaxGrouping,500,True,min,2,0.1634,0.0184,0.013529062271118164,17980,35396,495,True
set_cover_n100_m72_d0.45_b_w29_seed3.txt,Set Cover,100,RelaxGrouping,1000,True,min,3,0.2383,0.025,0.03549075126647949,29319,57766,750,True
set_cover_n100_m72_d0.45_b_w29_seed3.txt,Set Cover,100,RelaxGrouping,2000,True,min,3,0.2393,0.0271,0.03839397430419922,29319,57766,750,True
set_cover_n100_m72_d0.45_b_w29_seed3.txt,Set Cover,100,RelaxGrouping,5000,True,min,3,0.236,0.0254,0.04169344902038574,29319,57766,750,True
set_cover_n100_m72_d0.45_b_w29_seed3.txt,Set Cover,100,RelaxGrouping,10000,True,min,3,0.24,0.027,0.046619415283203125,29319,57766,750,True
set_cover_n100_m72_d0.45_b_w29_seed3.txt,Set Cover,100,RelaxGrouping,20000,True,min,3,0.2384,0.0264,0.04026341438293457,29319,57766,750,True
set_cover_n100_m72_d0.45_b_w29_seed3.txt,Set Cover,100,RelaxGrouping,500,False,min,2,0.1638,na,0.015417337417602539,19534,38423,498,True
set_cover_n100_m72_d0.45_b_w29_seed3.txt,Set Cover,100,RelaxGrouping,1000,False,min,3,0.2398,na,0.039548397064208984,29319,57766,750,True
set_cover_n100_m72_d0.45_b_w29_seed3.txt,Set Cover,100,RelaxGrouping,2000,False,min,3,0.2363,na,0.04379773139953613,29319,57766,750,True
set_cover_n100_m72_d0.45_b_w29_seed3.txt,Set Cover,100,RelaxGrouping,5000,False,min,3,0.2317,na,0.03935956954956055,29319,57766,750,True
set_cover_n100_m72_d0.45_b_w29_seed3.txt,Set Cover,100,RelaxGrouping,10000,False,min,3,0.2427,na,0.03662300109863281,29319,57766,750,True
set_cover_n100_m72_d0.45_b_w29_seed3.txt,Set Cover,100,RelaxGrouping,20000,False,min,3,0.2363,na,0.03584861755371094,29319,57766,750,True
set_cover_n100_m72_d0.45_b_w29_seed4.txt,Set Cover,100,RelaxGrouping,500,True,min,2,0.1644,0.0205,0.01441645622253418,17980,35396,495,True
set_cover_n100_m72_d0.45_b_w29_seed4.txt,Set Cover,100,RelaxGrouping,1000,True,min,3,0.2396,0.0254,0.03565073013305664,29319,57766,750,True
set_cover_n100_m72_d0.45_b_w29_seed4.txt,Set Cover,100,RelaxGrouping,2000,True,min,3,0.2341,0.0259,0.04138064384460449,29319,57766,750,True
set_cover_n100_m72_d0.45_b_w29_seed4.txt,Set Cover,100,RelaxGrouping,5000,True,min,3,0.2367,0.0258,0.045807600021362305,29319,57766,750,True
set_cover_n100_m72_d0.45_b_w29_seed4.txt,Set Cover,100,RelaxGrouping,10000,True,min,3,0.2374,0.0263,0.04352402687072754,29319,57766,750,True
set_cover_n100_m72_d0.45_b_w29_seed4.txt,Set Cover,100,RelaxGrouping,20000,True,min,3,0.2343,0.0249,0.03892850875854492,29319,57766,750,True
set_cover_n100_m72_d0.45_b_w29_seed4.txt,Set Cover,100,RelaxGrouping,500,False,min,2,0.1647,na,0.01575922966003418,19534,38423,498,True
set_cover_n100_m72_d0.45_b_w29_seed4.txt,Set Cover,100,RelaxGrouping,1000,False,min,3,0.2409,na,0.03745889663696289,29319,57766,750,True
set_cover_n100_m72_d0.45_b_w29_seed4.txt,Set Cover,100,RelaxGrouping,2000,False,min,3,0.2342,na,0.04329204559326172,29319,57766,750,True
set_cover_n100_m72_d0.45_b_w29_seed4.txt,Set Cover,100,RelaxGrouping,5000,False,min,3,0.2384,na,0.039975643157958984,29319,57766,750,True
set_cover_n100_m72_d0.45_b_w29_seed4.txt,Set Cover,100,RelaxGrouping,10000,False,min,3,0.2472,na,0.04496169090270996,29319,57766,750,True
set_cover_n100_m72_d0.45_b_w29_seed4.txt,Set Cover,100,RelaxGrouping,20000,False,min,3,0.2386,na,0.03493952751159668,29319,57766,750,True
set_cover_n100_m75_d0.1_b_w26_seed1.txt,Set Cover,100,RelaxGrouping,500,True,min,2,0.3637,0.0411,0.007256746292114258,9334,16642,224,True
set_cover_n100_m75_d0.1_b_w26_seed1.txt,Set Cover,100,RelaxGrouping,1000,True,min,2,0.8549,0.1008,0.017211437225341797,17198,30643,433,True
set_cover_n100_m75_d0.1_b_w26_seed1.txt,Set Cover,100,RelaxGrouping,2000,True,min,2,1.7594,0.2074,0.10205602645874023,28637,51153,774,True
set_cover_n100_m75_d0.1_b_w26_seed1.txt,Set Cover,100,RelaxGrouping,500,False,min,2,0.3887,na,0.02982354164123535,33085,59563,500,True
set_cover_n100_m75_d0.1_b_w26_seed1.txt,Set Cover,100,RelaxGrouping,5000,True,min,2,5.5139,0.6021,0.08309769630432129,60591,107620,1744,True
set_cover_n100_m75_d0.1_b_w26_seed1.txt,Set Cover,100,RelaxGrouping,1000,False,min,2,0.8683,na,0.06296706199645996,66075,118417,989,True
set_cover_n100_m75_d0.1_b_w26_seed1.txt,Set Cover,100,RelaxGrouping,2000,False,min,2,1.9101,na,0.25832319259643555,123541,221235,1985,True
set_cover_n100_m75_d0.1_b_w26_seed1.txt,Set Cover,100,RelaxGrouping,10000,True,min,3,12.6929,1.3979,0.18277549743652344,116678,206821,3839,True
set_cover_n100_m75_d0.1_b_w26_seed1.txt,Set Cover,100,RelaxGrouping,5000,False,min,2,5.9365,na,0.6895701885223389,293076,526171,4988,True
set_cover_n100_m75_d0.1_b_w26_seed2.txt,Set Cover,100,RelaxGrouping,500,True,min,2,0.4004,0.0501,0.012264251708984375,10773,19094,250,True
set_cover_n100_m75_d0.1_b_w26_seed2.txt,Set Cover,100,RelaxGrouping,1000,True,min,2,0.7935,0.1015,0.07160019874572754,19717,35327,477,True
set_cover_n100_m75_d0.1_b_w26_seed1.txt,Set Cover,100,RelaxGrouping,10000,False,min,3,12.7699,na,1.5296404361724854,570608,1020696,9990,True
set_cover_n100_m75_d0.1_b_w26_seed2.txt,Set Cover,100,RelaxGrouping,2000,True,min,2,1.913,0.222,0.04517769813537598,35814,63713,790,True
set_cover_n100_m75_d0.1_b_w26_seed1.txt,Set Cover,100,RelaxGrouping,20000,True,min,3,26.8088,3.0307,0.3054502010345459,195141,341089,7776,True
set_cover_n100_m75_d0.1_b_w26_seed2.txt,Set Cover,100,RelaxGrouping,5000,True,min,2,5.6659,0.6292,0.09861993789672852,74132,131266,1776,True
set_cover_n100_m75_d0.1_b_w26_seed2.txt,Set Cover,100,RelaxGrouping,500,False,min,2,0.3833,na,0.028433561325073242,32619,58431,496,True
set_cover_n100_m75_d0.1_b_w26_seed2.txt,Set Cover,100,RelaxGrouping,1000,False,min,2,0.7988,na,0.12329864501953125,62966,112749,997,True
set_cover_n100_m75_d0.1_b_w26_seed2.txt,Set Cover,100,RelaxGrouping,2000,False,min,2,1.9053,na,0.2505757808685303,123691,221439,1992,True
set_cover_n100_m75_d0.1_b_w26_seed2.txt,Set Cover,100,RelaxGrouping,10000,True,min,3,12.4247,1.2802,0.1659841537475586,116674,208600,2826,True
set_cover_n100_m75_d0.1_b_w26_seed1.txt,Set Cover,100,RelaxGrouping,20000,False,min,3,26.6547,na,3.1788225173950195,1099487,1975306,20000,True
set_cover_n100_m75_d0.1_b_w26_seed2.txt,Set Cover,100,RelaxGrouping,5000,False,min,2,5.7166,na,0.35384273529052734,295348,528586,4989,True
set_cover_n100_m75_d0.1_b_w26_seed3.txt,Set Cover,100,RelaxGrouping,500,True,min,2,0.391,0.0503,0.01055598258972168,8539,15061,241,True
set_cover_n100_m75_d0.1_b_w26_seed3.txt,Set Cover,100,RelaxGrouping,1000,True,min,2,0.8992,0.1038,0.01988673210144043,15624,27802,404,True
set_cover_n100_m75_d0.1_b_w26_seed3.txt,Set Cover,100,RelaxGrouping,2000,True,min,2,1.8627,0.2223,0.10155558586120605,27237,48892,671,True
set_cover_n100_m75_d0.1_b_w26_seed2.txt,Set Cover,100,RelaxGrouping,10000,False,min,3,12.427,na,0.7288382053375244,555228,997742,9970,True
set_cover_n100_m75_d0.1_b_w26_seed2.txt,Set Cover,100,RelaxGrouping,20000,True,min,3,25.8108,2.8211,0.3202965259552002,203782,361466,5967,True
set_cover_n100_m75_d0.1_b_w26_seed3.txt,Set Cover,100,RelaxGrouping,5000,True,min,2,5.7949,0.6245,0.07968544960021973,58584,106259,1436,True
set_cover_n100_m75_d0.1_b_w26_seed3.txt,Set Cover,100,RelaxGrouping,500,False,min,2,0.3764,na,0.028210163116455078,32678,58390,499,True
set_cover_n100_m75_d0.1_b_w26_seed3.txt,Set Cover,100,RelaxGrouping,1000,False,min,2,0.8582,na,0.060755014419555664,64575,114984,993,True
set_cover_n100_m75_d0.1_b_w26_seed3.txt,Set Cover,100,RelaxGrouping,2000,False,min,2,1.9266,na,0.2592482566833496,122437,219167,1990,True
set_cover_n100_m75_d0.1_b_w26_seed3.txt,Set Cover,100,RelaxGrouping,10000,True,min,2,13.0376,1.3887,0.1488053798675537,97809,178996,2812,True
set_cover_n100_m75_d0.1_b_w26_seed2.txt,Set Cover,100,RelaxGrouping,20000,False,min,3,25.7287,na,3.097843885421753,1065127,1917200,19904,True
set_cover_n100_m75_d0.1_b_w26_seed3.txt,Set Cover,100,RelaxGrouping,5000,False,min,2,5.9143,na,0.6755199432373047,292920,525041,4984,True
set_cover_n100_m75_d0.1_b_w26_seed4.txt,Set Cover,100,RelaxGrouping,500,True,min,2,0.3933,0.0499,0.010354280471801758,8667,15516,241,True
set_cover_n100_m75_d0.1_b_w26_seed4.txt,Set Cover,100,RelaxGrouping,1000,True,min,2,0.822,0.0986,0.05764889717102051,15202,27344,471,True
set_cover_n100_m75_d0.1_b_w26_seed4.txt,Set Cover,100,RelaxGrouping,2000,True,min,2,1.905,0.2129,0.03369760513305664,25505,46201,852,True
set_cover_n100_m75_d0.1_b_w26_seed3.txt,Set Cover,100,RelaxGrouping,10000,False,min,2,13.0335,na,1.4916503429412842,571798,1028485,9941,True
set_cover_n100_m75_d0.1_b_w26_seed3.txt,Set Cover,100,RelaxGrouping,20000,True,min,3,27.4004,3.0393,0.32578206062316895,188798,348639,5174,True
set_cover_n100_m75_d0.1_b_w26_seed4.txt,Set Cover,100,RelaxGrouping,5000,True,min,2,5.8326,0.5978,0.08039164543151855,57330,103444,1894,True
set_cover_n100_m75_d0.1_b_w26_seed4.txt,Set Cover,100,RelaxGrouping,500,False,min,2,0.3827,na,0.027596712112426758,32509,58199,495,True
set_cover_n100_m75_d0.1_b_w26_seed4.txt,Set Cover,100,RelaxGrouping,1000,False,min,2,0.8253,na,0.11629986763000488,63082,112524,998,True
set_cover_n100_m75_d0.1_b_w26_seed4.txt,Set Cover,100,RelaxGrouping,2000,False,min,2,1.9176,na,0.2573869228363037,121673,217412,1995,True
set_cover_n100_m75_d0.1_b_w26_seed4.txt,Set Cover,100,RelaxGrouping,10000,True,min,2,12.5639,1.3642,0.1554713249206543,99773,181167,3379,True
set_cover_n100_m75_d0.1_b_w26_seed3.txt,Set Cover,100,RelaxGrouping,20000,False,min,3,27.1021,na,3.2006285190582275,1123532,2027785,19940,True
set_cover_n100_m75_d0.1_b_w26_seed4.txt,Set Cover,100,RelaxGrouping,5000,False,min,2,5.9094,na,0.7430980205535889,297322,532437,4977,True
set_cover_n100_m75_d0.2_b_w26_seed1.txt,Set Cover,100,RelaxGrouping,500,True,min,2,0.3746,0.0493,0.014057159423828125,13092,25230,315,True
set_cover_n100_m75_d0.2_b_w26_seed1.txt,Set Cover,100,RelaxGrouping,1000,True,min,2,0.7455,0.0944,0.025658369064331055,22937,44541,650,True
set_cover_n100_m75_d0.2_b_w26_seed1.txt,Set Cover,100,RelaxGrouping,2000,True,min,2,1.4584,0.1894,0.1170198917388916,39223,76213,1153,True
set_cover_n100_m75_d0.1_b_w26_seed4.txt,Set Cover,100,RelaxGrouping,10000,False,min,2,12.6056,na,1.48695707321167,577698,1034911,9936,True
set_cover_n100_m75_d0.1_b_w26_seed4.txt,Set Cover,100,RelaxGrouping,20000,True,min,3,26.7082,3.0258,0.30735015869140625,186253,340130,6300,True
set_cover_n100_m75_d0.2_b_w26_seed1.txt,Set Cover,100,RelaxGrouping,5000,True,min,2,3.7875,0.4673,0.11945390701293945,90426,176991,2911,True
set_cover_n100_m75_d0.2_b_w26_seed1.txt,Set Cover,100,RelaxGrouping,500,False,min,2,0.3687,na,0.0303494930267334,33111,63060,495,True
set_cover_n100_m75_d0.2_b_w26_seed1.txt,Set Cover,100,RelaxGrouping,1000,False,min,2,0.7363,na,0.05855727195739746,59388,113500,989,True
set_cover_n100_m75_d0.2_b_w26_seed1.txt,Set Cover,100,RelaxGrouping,10000,True,min,2,7.6922,0.9567,0.23151826858520508,147509,289264,5237,True
set_cover_n100_m75_d0.2_b_w26_seed1.txt,Set Cover,100,RelaxGrouping,2000,False,min,2,1.4983,na,0.21676254272460938,111637,213796,1988,True
set_cover_n100_m75_d0.1_b_w26_seed4.txt,Set Cover,100,RelaxGrouping,20000,False,min,3,26.2596,na,3.1531739234924316,1131801,2031635,19949,True
set_cover_n100_m75_d0.2_b_w26_seed1.txt,Set Cover,100,RelaxGrouping,5000,False,min,2,3.9759,na,0.5572478771209717,243322,468078,4988,True
set_cover_n100_m75_d0.2_b_w26_seed1.txt,Set Cover,100,RelaxGrouping,20000,True,min,3,14.3896,2.0618,0.42145347595214844,249310,489573,9798,True
set_cover_n100_m75_d0.2_b_w26_seed2.txt,Set Cover,100,RelaxGrouping,500,True,min,2,0.3787,0.0489,0.010908126831054688,11727,22002,382,True
set_cover_n100_m75_d0.2_b_w26_seed1.txt,Set Cover,100,RelaxGrouping,10000,False,min,2,7.8581,na,1.0656142234802246,434815,838941,9953,True
set_cover_n100_m75_d0.2_b_w26_seed2.txt,Set Cover,100,RelaxGrouping,1000,True,min,2,0.708,0.0896,0.020616769790649414,19279,36658,632,True
set_cover_n100_m75_d0.2_b_w26_seed2.txt,Set Cover,100,RelaxGrouping,2000,True,min,2,1.3749,0.1705,0.09852361679077148,29446,56474,732,True
set_cover_n100_m75_d0.2_b_w26_seed2.txt,Set Cover,100,RelaxGrouping,5000,True,min,2,3.7535,0.4895,0.08252239227294922,59080,114225,1630,True
set_cover_n100_m75_d0.2_b_w26_seed1.txt,Set Cover,100,RelaxGrouping,20000,False,min,3,13.9997,na,2.14772891998291,784396,1515754,19988,True
set_cover_n100_m75_d0.2_b_w26_seed2.txt,Set Cover,100,RelaxGrouping,500,False,min,2,0.3793,na,0.02954244613647461,34143,64548,498,True
set_cover_n100_m75_d0.2_b_w26_seed2.txt,Set Cover,100,RelaxGrouping,1000,False,min,2,0.7332,na,0.05830860137939453,60129,114261,992,True
set_cover_n100_m75_d0.2_b_w26_seed2.txt,Set Cover,100,RelaxGrouping,10000,True,min,2,7.6843,0.9958,0.1446685791015625,97159,188421,2395,True
set_cover_n100_m75_d0.2_b_w26_seed2.txt,Set Cover,100,RelaxGrouping,2000,False,min,2,1.3979,na,0.20303893089294434,106590,203729,1997,True
set_cover_n100_m75_d0.2_b_w26_seed2.txt,Set Cover,100,RelaxGrouping,5000,False,min,2,3.8541,na,0.5186538696289062,240644,459710,4987,True
set_cover_n100_m75_d0.2_b_w26_seed3.txt,Set Cover,100,RelaxGrouping,500,True,min,2,0.3816,0.0513,0.011507272720336914,10452,20070,276,True
set_cover_n100_m75_d0.2_b_w26_seed2.txt,Set Cover,100,RelaxGrouping,20000,True,min,2,14.5208,2.0361,0.821394681930542,203901,395463,6261,True
set_cover_n100_m75_d0.2_b_w26_seed3.txt,Set Cover,100,RelaxGrouping,1000,True,min,2,0.7913,0.1019,0.024243593215942383,20705,40051,627,True
set_cover_n100_m75_d0.2_b_w26_seed2.txt,Set Cover,100,RelaxGrouping,10000,False,min,2,7.6073,na,1.0672640800476074,433884,830891,9967,True
set_cover_n100_m75_d0.2_b_w26_seed3.txt,Set Cover,100,RelaxGrouping,2000,True,min,2,1.6635,0.2006,0.05006074905395508,39732,77226,1037,True
set_cover_n100_m75_d0.2_b_w26_seed3.txt,Set Cover,100,RelaxGrouping,5000,True,min,2,4.0262,0.4956,0.11179232597351074,77051,149653,2091,True
set_cover_n100_m75_d0.2_b_w26_seed3.txt,Set Cover,100,RelaxGrouping,500,False,min,2,0.3818,na,0.030076980590820312,33814,64086,494,True
set_cover_n100_m75_d0.2_b_w26_seed2.txt,Set Cover,100,RelaxGrouping,20000,False,min,2,14.4705,na,2.1357123851776123,800329,1528762,19975,True
set_cover_n100_m75_d0.2_b_w26_seed3.txt,Set Cover,100,RelaxGrouping,1000,False,min,2,0.8348,na,0.12987565994262695,66025,125511,997,True
set_cover_n100_m75_d0.2_b_w26_seed3.txt,Set Cover,100,RelaxGrouping,10000,True,min,2,8.0056,0.9913,0.49558329582214355,135981,265013,4352,True
set_cover_n100_m75_d0.2_b_w26_seed3.txt,Set Cover,100,RelaxGrouping,2000,False,min,2,1.6346,na,0.2372753620147705,120997,230758,1990,True
set_cover_n100_m75_d0.2_b_w26_seed3.txt,Set Cover,100,RelaxGrouping,5000,False,min,2,4.0493,na,0.577690601348877,255054,487445,4979,True
set_cover_n100_m75_d0.2_b_w26_seed4.txt,Set Cover,100,RelaxGrouping,500,True,min,2,0.3593,0.0501,0.012796163558959961,10719,20452,276,True
set_cover_n100_m75_d0.2_b_w26_seed3.txt,Set Cover,100,RelaxGrouping,20000,True,min,3,15.4499,2.0639,0.4308786392211914,254745,497634,9112,True
set_cover_n100_m75_d0.2_b_w26_seed4.txt,Set Cover,100,RelaxGrouping,1000,True,min,2,0.7037,0.0927,0.022083520889282227,17901,34228,559,True
set_cover_n100_m75_d0.2_b_w26_seed3.txt,Set Cover,100,RelaxGrouping,10000,False,min,2,7.8503,na,1.0465128421783447,455235,871750,9977,True
set_cover_n100_m75_d0.2_b_w26_seed4.txt,Set Cover,100,RelaxGrouping,2000,True,min,2,1.4088,0.1803,0.10459685325622559,30767,59076,762,True
set_cover_n100_m75_d0.2_b_w26_seed4.txt,Set Cover,100,RelaxGrouping,5000,True,min,2,3.9018,0.4608,0.0928342342376709,67629,130817,1860,True
set_cover_n100_m75_d0.2_b_w26_seed4.txt,Set Cover,100,RelaxGrouping,500,False,min,2,0.3631,na,0.02995777130126953,32298,61484,494,True
set_cover_n100_m75_d0.2_b_w26_seed3.txt,Set Cover,100,RelaxGrouping,20000,False,min,3,15.262,na,2.189720392227173,833718,1597960,19981,True
set_cover_n100_m75_d0.2_b_w26_seed4.txt,Set Cover,100,RelaxGrouping,1000,False,min,2,0.7338,na,0.059897422790527344,59812,113951,994,True
set_cover_n100_m75_d0.2_b_w26_seed4.txt,Set Cover,100,RelaxGrouping,2000,False,min,2,1.423,na,0.20154094696044922,108161,206620,1977,True
set_cover_n100_m75_d0.2_b_w26_seed4.txt,Set Cover,100,RelaxGrouping,10000,True,min,2,8.1046,1.0318,0.21170783042907715,129329,251217,3677,True
set_cover_n100_m75_d0.2_b_w26_seed4.txt,Set Cover,100,RelaxGrouping,5000,False,min,2,3.8668,na,0.5511133670806885,241264,460951,4980,True
set_cover_n100_m75_d0.3_b_w26_seed1.txt,Set Cover,100,RelaxGrouping,500,True,min,2,0.199,0.0235,0.017267942428588867,21570,42384,499,True
set_cover_n100_m75_d0.2_b_w26_seed4.txt,Set Cover,100,RelaxGrouping,20000,True,min,3,15.1322,2.1676,0.4302792549133301,244837,478129,7609,True
set_cover_n100_m75_d0.3_b_w26_seed1.txt,Set Cover,100,RelaxGrouping,1000,True,min,3,0.2526,0.0269,0.04308128356933594,28301,55625,675,True
set_cover_n100_m75_d0.3_b_w26_seed1.txt,Set Cover,100,RelaxGrouping,2000,True,min,3,0.2464,0.0261,0.04310297966003418,28301,55625,675,True
set_cover_n100_m75_d0.2_b_w26_seed4.txt,Set Cover,100,RelaxGrouping,10000,False,min,2,8.0022,na,1.1081280708312988,447155,855782,9987,True
set_cover_n100_m75_d0.3_b_w26_seed1.txt,Set Cover,100,RelaxGrouping,5000,True,min,3,0.2397,0.0256,0.04427194595336914,28301,55625,675,True
set_cover_n100_m75_d0.3_b_w26_seed1.txt,Set Cover,100,RelaxGrouping,10000,True,min,3,0.2424,0.0259,0.04056954383850098,28301,55625,675,True
set_cover_n100_m75_d0.3_b_w26_seed1.txt,Set Cover,100,RelaxGrouping,20000,True,min,3,0.2381,0.0251,0.03864693641662598,28301,55625,675,True
set_cover_n100_m75_d0.3_b_w26_seed1.txt,Set Cover,100,RelaxGrouping,500,False,min,2,0.1996,na,0.01767563819885254,22321,43815,499,True
set_cover_n100_m75_d0.3_b_w26_seed1.txt,Set Cover,100,RelaxGrouping,1000,False,min,3,0.2377,na,0.041770219802856445,28301,55625,675,True
set_cover_n100_m75_d0.2_b_w26_seed4.txt,Set Cover,100,RelaxGrouping,20000,False,min,3,14.7455,na,2.0548014640808105,811009,1554728,19949,True
set_cover_n100_m75_d0.3_b_w26_seed1.txt,Set Cover,100,RelaxGrouping,2000,False,min,3,0.24,na,0.04109621047973633,28301,55625,675,True
set_cover_n100_m75_d0.3_b_w26_seed1.txt,Set Cover,100,RelaxGrouping,5000,False,min,3,0.2417,na,0.043997764587402344,28301,55625,675,True
set_cover_n100_m75_d0.3_b_w26_seed1.txt,Set Cover,100,RelaxGrouping,10000,False,min,3,0.2385,na,0.0425112247467041,28301,55625,675,True
set_cover_n100_m75_d0.3_b_w26_seed1.txt,Set Cover,100,RelaxGrouping,20000,False,min,3,0.2385,na,0.0425417423248291,28301,55625,675,True
set_cover_n100_m75_d0.3_b_w26_seed2.txt,Set Cover,100,RelaxGrouping,500,True,min,2,0.1932,0.0221,0.016963481903076172,21570,42384,499,True
set_cover_n100_m75_d0.3_b_w26_seed2.txt,Set Cover,100,RelaxGrouping,1000,True,min,3,0.2386,0.0254,0.0415034294128418,28301,55625,675,True
set_cover_n100_m75_d0.3_b_w26_seed2.txt,Set Cover,100,RelaxGrouping,2000,True,min,3,0.2271,0.0233,0.03222823143005371,28301,55625,675,True
set_cover_n100_m75_d0.3_b_w26_seed2.txt,Set Cover,100,RelaxGrouping,5000,True,min,3,0.2417,0.0262,0.04442000389099121,28301,55625,675,True
set_cover_n100_m75_d0.3_b_w26_seed2.txt,Set Cover,100,RelaxGrouping,10000,True,min,3,0.2337,0.0249,0.04034161567687988,28301,55625,675,True
set_cover_n100_m75_d0.3_b_w26_seed2.txt,Set Cover,100,RelaxGrouping,20000,True,min,3,0.2361,0.0253,0.03508734703063965,28301,55625,675,True
set_cover_n100_m75_d0.3_b_w26_seed2.txt,Set Cover,100,RelaxGrouping,500,False,min,2,0.2029,na,0.018024921417236328,22321,43815,499,True
set_cover_n100_m75_d0.3_b_w26_seed2.txt,Set Cover,100,RelaxGrouping,1000,False,min,3,0.2352,na,0.036234378814697266,28301,55625,675,True
set_cover_n100_m75_d0.3_b_w26_seed2.txt,Set Cover,100,RelaxGrouping,2000,False,min,3,0.237,na,0.04360604286193848,28301,55625,675,True
set_cover_n100_m75_d0.3_b_w26_seed2.txt,Set Cover,100,RelaxGrouping,5000,False,min,3,0.2364,na,0.04008603096008301,28301,55625,675,True
set_cover_n100_m75_d0.3_b_w26_seed2.txt,Set Cover,100,RelaxGrouping,10000,False,min,3,0.2369,na,0.03516077995300293,28301,55625,675,True
set_cover_n100_m75_d0.3_b_w26_seed2.txt,Set Cover,100,RelaxGrouping,20000,False,min,3,0.2317,na,0.0332643985748291,28301,55625,675,True
set_cover_n100_m75_d0.3_b_w26_seed3.txt,Set Cover,100,RelaxGrouping,500,True,min,2,0.193,0.021,0.016234159469604492,21570,42384,499,True
set_cover_n100_m75_d0.3_b_w26_seed3.txt,Set Cover,100,RelaxGrouping,1000,True,min,3,0.2369,0.0248,0.03855252265930176,28301,55625,675,True
set_cover_n100_m75_d0.3_b_w26_seed3.txt,Set Cover,100,RelaxGrouping,2000,True,min,3,0.2327,0.025,0.04259085655212402,28301,55625,675,True
set_cover_n100_m75_d0.3_b_w26_seed3.txt,Set Cover,100,RelaxGrouping,5000,True,min,3,0.2413,0.0257,0.03997659683227539,28301,55625,675,True
set_cover_n100_m75_d0.3_b_w26_seed3.txt,Set Cover,100,RelaxGrouping,10000,True,min,3,0.2381,0.0254,0.04212045669555664,28301,55625,675,True
set_cover_n100_m75_d0.3_b_w26_seed3.txt,Set Cover,100,RelaxGrouping,20000,True,min,3,0.2373,0.0236,0.0350492000579834,28301,55625,675,True
set_cover_n100_m75_d0.3_b_w26_seed3.txt,Set Cover,100,RelaxGrouping,500,False,min,2,0.1984,na,0.017258882522583008,22321,43815,499,True
set_cover_n100_m75_d0.3_b_w26_seed3.txt,Set Cover,100,RelaxGrouping,1000,False,min,3,0.236,na,0.03440141677856445,28301,55625,675,True
set_cover_n100_m75_d0.3_b_w26_seed3.txt,Set Cover,100,RelaxGrouping,2000,False,min,3,0.231,na,0.04163169860839844,28301,55625,675,True
set_cover_n100_m75_d0.3_b_w26_seed3.txt,Set Cover,100,RelaxGrouping,5000,False,min,3,0.2381,na,0.03956198692321777,28301,55625,675,True
set_cover_n100_m75_d0.3_b_w26_seed3.txt,Set Cover,100,RelaxGrouping,10000,False,min,3,0.2338,na,0.0409543514251709,28301,55625,675,True
set_cover_n100_m75_d0.3_b_w26_seed3.txt,Set Cover,100,RelaxGrouping,20000,False,min,3,0.2354,na,0.03752636909484863,28301,55625,675,True
set_cover_n100_m75_d0.3_b_w26_seed4.txt,Set Cover,100,RelaxGrouping,500,True,min,2,0.1975,0.0234,0.017699003219604492,21570,42384,499,True
set_cover_n100_m75_d0.3_b_w26_seed4.txt,Set Cover,100,RelaxGrouping,1000,True,min,3,0.2366,0.024,0.0382387638092041,28301,55625,675,True
set_cover_n100_m75_d0.3_b_w26_seed4.txt,Set Cover,100,RelaxGrouping,2000,True,min,3,0.2373,0.0241,0.03891181945800781,28301,55625,675,True
set_cover_n100_m75_d0.3_b_w26_seed4.txt,Set Cover,100,RelaxGrouping,5000,True,min,3,0.2372,0.0252,0.039808034896850586,28301,55625,675,True
set_cover_n100_m75_d0.3_b_w26_seed4.txt,Set Cover,100,RelaxGrouping,10000,True,min,3,0.2363,0.0236,0.035558462142944336,28301,55625,675,True
set_cover_n100_m75_d0.3_b_w26_seed4.txt,Set Cover,100,RelaxGrouping,20000,True,min,3,0.2387,0.0239,0.04111218452453613,28301,55625,675,True
set_cover_n100_m75_d0.3_b_w26_seed4.txt,Set Cover,100,RelaxGrouping,500,False,min,2,0.1956,na,0.017208576202392578,22321,43815,499,True
set_cover_n100_m75_d0.3_b_w26_seed4.txt,Set Cover,100,RelaxGrouping,1000,False,min,3,0.2357,na,0.036008358001708984,28301,55625,675,True
set_cover_n100_m75_d0.3_b_w26_seed4.txt,Set Cover,100,RelaxGrouping,2000,False,min,3,0.2291,na,0.04209184646606445,28301,55625,675,True
set_cover_n100_m75_d0.3_b_w26_seed4.txt,Set Cover,100,RelaxGrouping,5000,False,min,3,0.2459,na,0.04447793960571289,28301,55625,675,True
set_cover_n100_m75_d0.3_b_w26_seed4.txt,Set Cover,100,RelaxGrouping,10000,False,min,3,0.2375,na,0.03732109069824219,28301,55625,675,True
set_cover_n100_m75_d0.3_b_w26_seed4.txt,Set Cover,100,RelaxGrouping,20000,False,min,3,0.2365,na,0.03366279602050781,28301,55625,675,True
set_cover_n100_m75_d0.4_b_w26_seed1.txt,Set Cover,100,RelaxGrouping,500,True,min,2,0.1983,0.0234,0.017753124237060547,21570,42384,499,True
set_cover_n100_m75_d0.4_b_w26_seed1.txt,Set Cover,100,RelaxGrouping,1000,True,min,3,0.2346,0.0254,0.04065203666687012,28301,55625,675,True
set_cover_n100_m75_d0.4_b_w26_seed1.txt,Set Cover,100,RelaxGrouping,2000,True,min,3,0.2348,0.0249,0.036569833755493164,28301,55625,675,True
set_cover_n100_m75_d0.4_b_w26_seed1.txt,Set Cover,100,RelaxGrouping,5000,True,min,3,0.2439,0.0246,0.03961825370788574,28301,55625,675,True
set_cover_n100_m75_d0.4_b_w26_seed1.txt,Set Cover,100,RelaxGrouping,10000,True,min,3,0.2365,0.0246,0.035115718841552734,28301,55625,675,True
set_cover_n100_m75_d0.4_b_w26_seed1.txt,Set Cover,100,RelaxGrouping,20000,True,min,3,0.2348,0.0242,0.03525996208190918,28301,55625,675,True
set_cover_n100_m75_d0.4_b_w26_seed1.txt,Set Cover,100,RelaxGrouping,500,False,min,2,0.1992,na,0.01816534996032715,22321,43815,499,True
set_cover_n100_m75_d0.4_b_w26_seed1.txt,Set Cover,100,RelaxGrouping,1000,False,min,3,0.2389,na,0.044474124908447266,28301,55625,675,True
set_cover_n100_m75_d0.4_b_w26_seed1.txt,Set Cover,100,RelaxGrouping,2000,False,min,3,0.2358,na,0.03762650489807129,28301,55625,675,True
set_cover_n100_m75_d0.4_b_w26_seed1.txt,Set Cover,100,RelaxGrouping,5000,False,min,3,0.2349,na,0.040677785873413086,28301,55625,675,True
set_cover_n100_m75_d0.4_b_w26_seed1.txt,Set Cover,100,RelaxGrouping,10000,False,min,3,0.2289,na,0.033516645431518555,28301,55625,675,True
set_cover_n100_m75_d0.4_b_w26_seed1.txt,Set Cover,100,RelaxGrouping,20000,False,min,3,0.2339,na,0.041033267974853516,28301,55625,675,True
set_cover_n100_m75_d0.4_b_w26_seed2.txt,Set Cover,100,RelaxGrouping,500,True,min,2,0.1956,0.0226,0.017188072204589844,21570,42384,499,True
set_cover_n100_m75_d0.4_b_w26_seed2.txt,Set Cover,100,RelaxGrouping,1000,True,min,3,0.233,0.0246,0.04255509376525879,28301,55625,675,True
set_cover_n100_m75_d0.4_b_w26_seed2.txt,Set Cover,100,RelaxGrouping,2000,True,min,3,0.2358,0.0254,0.03925919532775879,28301,55625,675,True
set_cover_n100_m75_d0.4_b_w26_seed2.txt,Set Cover,100,RelaxGrouping,5000,True,min,3,0.2407,0.0254,0.04421114921569824,28301,55625,675,True
set_cover_n100_m75_d0.4_b_w26_seed2.txt,Set Cover,100,RelaxGrouping,10000,True,min,3,0.2347,0.0247,0.033414602279663086,28301,55625,675,True
set_cover_n100_m75_d0.4_b_w26_seed2.txt,Set Cover,100,RelaxGrouping,20000,True,min,3,0.2358,0.0244,0.040738582611083984,28301,55625,675,True
set_cover_n100_m75_d0.4_b_w26_seed2.txt,Set Cover,100,RelaxGrouping,500,False,min,2,0.1986,na,0.017843961715698242,22321,43815,499,True
set_cover_n100_m75_d0.4_b_w26_seed2.txt,Set Cover,100,RelaxGrouping,1000,False,min,3,0.2382,na,0.03704524040222168,28301,55625,675,True
set_cover_n100_m75_d0.4_b_w26_seed2.txt,Set Cover,100,RelaxGrouping,2000,False,min,3,0.2327,na,0.03599262237548828,28301,55625,675,True
set_cover_n100_m75_d0.4_b_w26_seed2.txt,Set Cover,100,RelaxGrouping,5000,False,min,3,0.2388,na,0.04253745079040527,28301,55625,675,True
set_cover_n100_m75_d0.4_b_w26_seed2.txt,Set Cover,100,RelaxGrouping,10000,False,min,3,0.2361,na,0.0357663631439209,28301,55625,675,True
set_cover_n100_m75_d0.4_b_w26_seed2.txt,Set Cover,100,RelaxGrouping,20000,False,min,3,0.2349,na,0.045374155044555664,28301,55625,675,True
set_cover_n100_m75_d0.4_b_w26_seed3.txt,Set Cover,100,RelaxGrouping,500,True,min,2,0.2005,0.0235,0.016999006271362305,21570,42384,499,True
set_cover_n100_m75_d0.4_b_w26_seed3.txt,Set Cover,100,RelaxGrouping,1000,True,min,3,0.2417,0.026,0.043988704681396484,28301,55625,675,True
set_cover_n100_m75_d0.4_b_w26_seed3.txt,Set Cover,100,RelaxGrouping,2000,True,min,3,0.2411,0.0257,0.04197287559509277,28301,55625,675,True
set_cover_n100_m75_d0.4_b_w26_seed3.txt,Set Cover,100,RelaxGrouping,5000,True,min,3,0.2417,0.0257,0.043592214584350586,28301,55625,675,True
set_cover_n100_m75_d0.4_b_w26_seed3.txt,Set Cover,100,RelaxGrouping,10000,True,min,3,0.2373,0.0253,0.03692317008972168,28301,55625,675,True
set_cover_n100_m75_d0.4_b_w26_seed3.txt,Set Cover,100,RelaxGrouping,20000,True,min,3,0.2354,0.0239,0.03517031669616699,28301,55625,675,True
set_cover_n100_m75_d0.4_b_w26_seed3.txt,Set Cover,100,RelaxGrouping,500,False,min,2,0.192,na,0.01693105697631836,22321,43815,499,True
set_cover_n100_m75_d0.4_b_w26_seed3.txt,Set Cover,100,RelaxGrouping,1000,False,min,3,0.2387,na,0.04162716865539551,28301,55625,675,True
set_cover_n100_m75_d0.4_b_w26_seed3.txt,Set Cover,100,RelaxGrouping,2000,False,min,3,0.2469,na,0.04128265380859375,28301,55625,675,True
set_cover_n100_m75_d0.4_b_w26_seed3.txt,Set Cover,100,RelaxGrouping,5000,False,min,3,0.2443,na,0.043738603591918945,28301,55625,675,True
set_cover_n100_m75_d0.4_b_w26_seed3.txt,Set Cover,100,RelaxGrouping,10000,False,min,3,0.2381,na,0.040653228759765625,28301,55625,675,True
set_cover_n100_m75_d0.4_b_w26_seed3.txt,Set Cover,100,RelaxGrouping,20000,False,min,3,0.2394,na,0.04005575180053711,28301,55625,675,True
set_cover_n100_m75_d0.4_b_w26_seed4.txt,Set Cover,100,RelaxGrouping,500,True,min,2,0.1989,0.0244,0.01784229278564453,21570,42384,499,True
set_cover_n100_m75_d0.4_b_w26_seed4.txt,Set Cover,100,RelaxGrouping,1000,True,min,3,0.2305,0.0233,0.03723621368408203,28301,55625,675,True
set_cover_n100_m75_d0.4_b_w26_seed4.txt,Set Cover,100,RelaxGrouping,2000,True,min,3,0.2311,0.0238,0.03534221649169922,28301,55625,675,True
set_cover_n100_m75_d0.4_b_w26_seed4.txt,Set Cover,100,RelaxGrouping,5000,True,min,3,0.2405,0.0255,0.04250025749206543,28301,55625,675,True
set_cover_n100_m75_d0.4_b_w26_seed4.txt,Set Cover,100,RelaxGrouping,10000,True,min,3,0.2417,0.0256,0.04139447212219238,28301,55625,675,True
set_cover_n100_m75_d0.4_b_w26_seed4.txt,Set Cover,100,RelaxGrouping,20000,True,min,3,0.2368,0.025,0.038526058197021484,28301,55625,675,True
set_cover_n100_m75_d0.4_b_w26_seed4.txt,Set Cover,100,RelaxGrouping,500,False,min,2,0.1981,na,0.0172879695892334,22321,43815,499,True
set_cover_n100_m75_d0.4_b_w26_seed4.txt,Set Cover,100,RelaxGrouping,1000,False,min,3,0.2346,na,0.03693413734436035,28301,55625,675,True
set_cover_n100_m75_d0.4_b_w26_seed4.txt,Set Cover,100,RelaxGrouping,2000,False,min,3,0.2329,na,0.0402834415435791,28301,55625,675,True
set_cover_n100_m75_d0.4_b_w26_seed4.txt,Set Cover,100,RelaxGrouping,5000,False,min,3,0.2369,na,0.042350053787231445,28301,55625,675,True
set_cover_n100_m75_d0.4_b_w26_seed4.txt,Set Cover,100,RelaxGrouping,10000,False,min,3,0.2398,na,0.04239702224731445,28301,55625,675,True
set_cover_n100_m75_d0.4_b_w26_seed4.txt,Set Cover,100,RelaxGrouping,20000,False,min,3,0.2413,na,0.04465627670288086,28301,55625,675,True
set_cover_n100_m75_d0.05_b_w26_seed1.txt,Set Cover,100,RelaxGrouping,500,True,min,2,0.2718,0.036,0.01697254180908203,7227,11735,163,True
set_cover_n100_m75_d0.05_b_w26_seed1.txt,Set Cover,100,RelaxGrouping,1000,True,min,2,0.5676,0.0739,0.03354358673095703,12897,20424,310,True
set_cover_n100_m75_d0.05_b_w26_seed1.txt,Set Cover,100,RelaxGrouping,2000,True,min,2,1.4284,0.1564,0.02162313461303711,20415,32445,601,True
set_cover_n100_m75_d0.05_b_w26_seed1.txt,Set Cover,100,RelaxGrouping,500,False,min,2,0.2858,na,0.05039048194885254,28797,47000,499,True
set_cover_n100_m75_d0.05_b_w26_seed1.txt,Set Cover,100,RelaxGrouping,5000,True,min,3,4.2859,0.4672,0.05347323417663574,45314,70982,1583,True
set_cover_n100_m75_d0.05_b_w26_seed1.txt,Set Cover,100,RelaxGrouping,1000,False,min,2,0.5942,na,0.09699797630310059,55127,91264,995,True
set_cover_n100_m75_d0.05_b_w26_seed1.txt,Set Cover,100,RelaxGrouping,2000,False,min,2,1.473,na,0.19712543487548828,108762,178237,1992,True
set_cover_n100_m75_d0.05_b_w26_seed1.txt,Set Cover,100,RelaxGrouping,10000,True,min,3,9.6585,0.9545,0.10205554962158203,79885,126258,2931,True
set_cover_n100_m75_d0.05_b_w26_seed1.txt,Set Cover,100,RelaxGrouping,5000,False,min,3,4.3511,na,0.5618040561676025,269026,436059,4984,True
set_cover_n100_m75_d0.5_b_w26_seed1.txt,Set Cover,100,RelaxGrouping,500,True,min,2,0.2005,0.0235,0.01828598976135254,21570,42384,499,True
set_cover_n100_m75_d0.5_b_w26_seed1.txt,Set Cover,100,RelaxGrouping,1000,True,min,3,0.2555,0.0272,0.045194387435913086,28301,55625,675,True
set_cover_n100_m75_d0.5_b_w26_seed1.txt,Set Cover,100,RelaxGrouping,2000,True,min,3,0.249,0.0265,0.042113304138183594,28301,55625,675,True
set_cover_n100_m75_d0.05_b_w26_seed1.txt,Set Cover,100,RelaxGrouping,10000,False,min,3,9.8606,na,1.1626672744750977,521498,844222,9998,True
set_cover_n100_m75_d0.5_b_w26_seed1.txt,Set Cover,100,RelaxGrouping,5000,True,min,3,0.2438,0.0258,0.04093480110168457,28301,55625,675,True
set_cover_n100_m75_d0.05_b_w26_seed1.txt,Set Cover,100,RelaxGrouping,20000,True,min,3,20.7057,2.1816,0.17491793632507324,132762,210943,4960,True
set_cover_n100_m75_d0.5_b_w26_seed1.txt,Set Cover,100,RelaxGrouping,10000,True,min,3,0.2373,0.0244,0.035443782806396484,28301,55625,675,True
set_cover_n100_m75_d0.5_b_w26_seed1.txt,Set Cover,100,RelaxGrouping,20000,True,min,3,0.2401,0.0262,0.04085135459899902,28301,55625,675,True
set_cover_n100_m75_d0.5_b_w26_seed1.txt,Set Cover,100,RelaxGrouping,500,False,min,2,0.1953,na,0.017731189727783203,22321,43815,499,True
set_cover_n100_m75_d0.5_b_w26_seed1.txt,Set Cover,100,RelaxGrouping,1000,False,min,3,0.2392,na,0.040915489196777344,28301,55625,675,True
set_cover_n100_m75_d0.5_b_w26_seed1.txt,Set Cover,100,RelaxGrouping,2000,False,min,3,0.2444,na,0.04313039779663086,28301,55625,675,True
set_cover_n100_m75_d0.5_b_w26_seed1.txt,Set Cover,100,RelaxGrouping,5000,False,min,3,0.2412,na,0.04274344444274902,28301,55625,675,True
set_cover_n100_m75_d0.5_b_w26_seed1.txt,Set Cover,100,RelaxGrouping,10000,False,min,3,0.2414,na,0.037457942962646484,28301,55625,675,True
set_cover_n100_m75_d0.05_b_w26_seed1.txt,Set Cover,100,RelaxGrouping,20000,False,min,3,20.3073,na,2.3221325874328613,1023008,1659729,19899,True
set_cover_n100_m75_d0.5_b_w26_seed1.txt,Set Cover,100,RelaxGrouping,20000,False,min,3,0.2371,na,0.041832923889160156,28301,55625,675,True
set_cover_n100_m75_d0.05_b_w26_seed2.txt,Set Cover,100,RelaxGrouping,500,True,min,2,0.2689,0.0351,0.026772737503051758,10701,17288,324,True
set_cover_n100_m75_d0.05_b_w26_seed2.txt,Set Cover,100,RelaxGrouping,1000,True,min,2,0.5813,0.0727,0.033033132553100586,17763,28683,619,True
set_cover_n100_m75_d0.05_b_w26_seed2.txt,Set Cover,100,RelaxGrouping,2000,True,min,2,1.4027,0.1548,0.0313570499420166,31893,52017,1165,True
set_cover_n100_m75_d0.05_b_w26_seed2.txt,Set Cover,100,RelaxGrouping,500,False,min,2,0.2805,na,0.04631614685058594,28072,46157,498,True
set_cover_n100_m75_d0.05_b_w26_seed2.txt,Set Cover,100,RelaxGrouping,5000,True,min,3,4.2857,0.4349,0.08160257339477539,68950,112141,2888,True
set_cover_n100_m75_d0.05_b_w26_seed2.txt,Set Cover,100,RelaxGrouping,1000,False,min,2,0.5832,na,0.09725666046142578,54843,90044,997,True
set_cover_n100_m75_d0.05_b_w26_seed2.txt,Set Cover,100,RelaxGrouping,2000,False,min,2,1.4453,na,0.0985114574432373,106325,173896,1991,True
set_cover_n100_m75_d0.05_b_w26_seed2.txt,Set Cover,100,RelaxGrouping,10000,True,min,3,8.8052,0.8938,0.33791637420654297,103181,170051,4340,True
set_cover_n100_m75_d0.05_b_w26_seed2.txt,Set Cover,100,RelaxGrouping,5000,False,min,3,4.3465,na,0.27788710594177246,256841,416208,4998,True
set_cover_n100_m75_d0.5_b_w26_seed2.txt,Set Cover,100,RelaxGrouping,500,True,min,2,0.2027,0.0238,0.017642974853515625,21570,42384,499,True
set_cover_n100_m75_d0.5_b_w26_seed2.txt,Set Cover,100,RelaxGrouping,1000,True,min,3,0.2489,0.0273,0.04447174072265625,28301,55625,675,True
set_cover_n100_m75_d0.5_b_w26_seed2.txt,Set Cover,100,RelaxGrouping,2000,True,min,3,0.2404,0.025,0.04107213020324707,28301,55625,675,True
set_cover_n100_m75_d0.05_b_w26_seed2.txt,Set Cover,100,RelaxGrouping,10000,False,min,3,8.9523,na,1.0862576961517334,474955,776454,9939,True
set_cover_n100_m75_d0.5_b_w26_seed2.txt,Set Cover,100,RelaxGrouping,5000,True,min,3,0.2436,0.0263,0.04323458671569824,28301,55625,675,True
set_cover_n100_m75_d0.05_b_w26_seed2.txt,Set Cover,100,RelaxGrouping,20000,True,min,3,20.4066,2.0576,0.2562997341156006,178121,299238,6278,True
set_cover_n100_m75_d0.5_b_w26_seed2.txt,Set Cover,100,RelaxGrouping,10000,True,min,3,0.24,0.0255,0.04406166076660156,28301,55625,675,True
set_cover_n100_m75_d0.5_b_w26_seed2.txt,Set Cover,100,RelaxGrouping,20000,True,min,3,0.2432,0.0253,0.040988922119140625,28301,55625,675,True
set_cover_n100_m75_d0.5_b_w26_seed2.txt,Set Cover,100,RelaxGrouping,500,False,min,2,0.1974,na,0.018144607543945312,22321,43815,499,True
set_cover_n100_m75_d0.5_b_w26_seed2.txt,Set Cover,100,RelaxGrouping,1000,False,min,3,0.2383,na,0.040142059326171875,28301,55625,675,True
set_cover_n100_m75_d0.5_b_w26_seed2.txt,Set Cover,100,RelaxGrouping,2000,False,min,3,0.2328,na,0.03706693649291992,28301,55625,675,True
set_cover_n100_m75_d0.5_b_w26_seed2.txt,Set Cover,100,RelaxGrouping,5000,False,min,3,0.2424,na,0.0440220832824707,28301,55625,675,True
set_cover_n100_m75_d0.05_b_w26_seed2.txt,Set Cover,100,RelaxGrouping,20000,False,min,3,20.0698,na,2.265664577484131,946160,1540109,19985,True
set_cover_n100_m75_d0.5_b_w26_seed2.txt,Set Cover,100,RelaxGrouping,10000,False,min,3,0.2363,na,0.04014706611633301,28301,55625,675,True
set_cover_n100_m75_d0.5_b_w26_seed2.txt,Set Cover,100,RelaxGrouping,20000,False,min,3,0.2409,na,0.03747725486755371,28301,55625,675,True
set_cover_n100_m75_d0.05_b_w26_seed3.txt,Set Cover,100,RelaxGrouping,500,True,min,2,0.2841,0.0311,0.0074939727783203125,10083,16382,274,True
set_cover_n100_m75_d0.05_b_w26_seed3.txt,Set Cover,100,RelaxGrouping,1000,True,min,3,0.5649,0.0748,0.04676675796508789,18633,30162,520,True
set_cover_n100_m75_d0.05_b_w26_seed3.txt,Set Cover,100,RelaxGrouping,2000,True,min,3,1.3703,0.1527,0.03134465217590332,30104,48623,958,True
set_cover_n100_m75_d0.05_b_w26_seed3.txt,Set Cover,100,RelaxGrouping,500,False,min,2,0.3138,na,0.023476839065551758,28471,46885,494,True
set_cover_n100_m75_d0.05_b_w26_seed3.txt,Set Cover,100,RelaxGrouping,5000,True,min,3,4.1688,0.4576,0.07698225975036621,60288,99609,2101,True
set_cover_n100_m75_d0.05_b_w26_seed3.txt,Set Cover,100,RelaxGrouping,1000,False,min,3,0.5922,na,0.08979225158691406,53980,88580,996,True
set_cover_n100_m75_d0.05_b_w26_seed3.txt,Set Cover,100,RelaxGrouping,2000,False,min,3,1.4433,na,0.09554290771484375,103210,170103,1984,True
set_cover_n100_m75_d0.05_b_w26_seed3.txt,Set Cover,100,RelaxGrouping,10000,True,min,3,8.6908,0.9367,0.11512112617492676,85257,143653,2437,True
set_cover_n100_m75_d0.05_b_w26_seed3.txt,Set Cover,100,RelaxGrouping,5000,False,min,3,4.2414,na,0.5363662242889404,243057,401960,4998,True
set_cover_n100_m75_d0.5_b_w26_seed3.txt,Set Cover,100,RelaxGrouping,500,True,min,2,0.1985,0.0237,0.017569780349731445,21570,42384,499,True
set_cover_n100_m75_d0.5_b_w26_seed3.txt,Set Cover,100,RelaxGrouping,1000,True,min,3,0.2475,0.0265,0.046659231185913086,28301,55625,675,True
set_cover_n100_m75_d0.5_b_w26_seed3.txt,Set Cover,100,RelaxGrouping,2000,True,min,3,0.2516,0.0264,0.04587221145629883,28301,55625,675,True
set_cover_n100_m75_d0.05_b_w26_seed3.txt,Set Cover,100,RelaxGrouping,10000,False,min,3,8.8008,na,1.0839533805847168,434269,730687,9978,True
set_cover_n100_m75_d0.5_b_w26_seed3.txt,Set Cover,100,RelaxGrouping,5000,True,min,3,0.2465,0.0265,0.040734291076660156,28301,55625,675,True
set_cover_n100_m75_d0.05_b_w26_seed3.txt,Set Cover,100,RelaxGrouping,20000,True,min,4,19.5657,2.1154,0.2529895305633545,175501,292843,5076,True
set_cover_n100_m75_d0.5_b_w26_seed3.txt,Set Cover,100,RelaxGrouping,10000,True,min,3,0.2457,0.026,0.04159426689147949,28301,55625,675,True
set_cover_n100_m75_d0.5_b_w26_seed3.txt,Set Cover,100,RelaxGrouping,20000,True,min,3,0.2382,0.0254,0.03922319412231445,28301,55625,675,True
set_cover_n100_m75_d0.5_b_w26_seed3.txt,Set Cover,100,RelaxGrouping,500,False,min,2,0.1974,na,0.017598390579223633,22321,43815,499,True
set_cover_n100_m75_d0.5_b_w26_seed3.txt,Set Cover,100,RelaxGrouping,1000,False,min,3,0.2364,na,0.04480171203613281,28301,55625,675,True
set_cover_n100_m75_d0.5_b_w26_seed3.txt,Set Cover,100,RelaxGrouping,2000,False,min,3,0.24,na,0.04329228401184082,28301,55625,675,True
set_cover_n100_m75_d0.5_b_w26_seed3.txt,Set Cover,100,RelaxGrouping,5000,False,min,3,0.2409,na,0.043211936950683594,28301,55625,675,True
set_cover_n100_m75_d0.5_b_w26_seed3.txt,Set Cover,100,RelaxGrouping,10000,False,min,3,0.2393,na,0.03775453567504883,28301,55625,675,True
set_cover_n100_m75_d0.05_b_w26_seed3.txt,Set Cover,100,RelaxGrouping,20000,False,min,4,19.3645,na,2.0940303802490234,890065,1471626,19994,True
set_cover_n100_m75_d0.5_b_w26_seed3.txt,Set Cover,100,RelaxGrouping,20000,False,min,3,0.2411,na,0.04324483871459961,28301,55625,675,True
set_cover_n100_m75_d0.05_b_w26_seed4.txt,Set Cover,100,RelaxGrouping,500,True,min,3,0.2641,0.0339,0.007184028625488281,7317,12268,205,True
set_cover_n100_m75_d0.05_b_w26_seed4.txt,Set Cover,100,RelaxGrouping,1000,True,min,2,0.5381,0.0703,0.012671232223510742,10490,17582,254,True
set_cover_n100_m75_d0.05_b_w26_seed4.txt,Set Cover,100,RelaxGrouping,2000,True,min,2,1.3544,0.1554,0.02219986915588379,19373,32253,460,True
set_cover_n100_m75_d0.05_b_w26_seed4.txt,Set Cover,100,RelaxGrouping,500,False,min,3,0.2716,na,0.03595113754272461,26566,44338,497,True
set_cover_n100_m75_d0.05_b_w26_seed4.txt,Set Cover,100,RelaxGrouping,5000,True,min,3,4.3652,0.4281,0.056629180908203125,44526,73025,1288,True
set_cover_n100_m75_d0.05_b_w26_seed4.txt,Set Cover,100,RelaxGrouping,1000,False,min,2,0.5524,na,0.0872046947479248,50297,84164,990,True
set_cover_n100_m75_d0.05_b_w26_seed4.txt,Set Cover,100,RelaxGrouping,2000,False,min,2,1.4587,na,0.09823489189147949,101530,168588,1987,True
set_cover_n100_m75_d0.05_b_w26_seed4.txt,Set Cover,100,RelaxGrouping,10000,True,min,3,9.62,1.0041,0.09815549850463867,72178,120713,2060,True
set_cover_n100_m75_d0.05_b_w26_seed4.txt,Set Cover,100,RelaxGrouping,5000,False,min,3,4.5115,na,0.5571808815002441,255580,420166,4986,True
set_cover_n100_m75_d0.5_b_w26_seed4.txt,Set Cover,100,RelaxGrouping,500,True,min,2,0.2107,0.0247,0.018696308135986328,21570,42384,499,True
set_cover_n100_m75_d0.5_b_w26_seed4.txt,Set Cover,100,RelaxGrouping,1000,True,min,3,0.2429,0.0265,0.04274702072143555,28301,55625,675,True
set_cover_n100_m75_d0.5_b_w26_seed4.txt,Set Cover,100,RelaxGrouping,2000,True,min,3,0.2397,0.0252,0.03811812400817871,28301,55625,675,True
set_cover_n100_m75_d0.05_b_w26_seed4.txt,Set Cover,100,RelaxGrouping,10000,False,min,3,9.7673,na,1.09663724899292,485777,800540,9876,True
set_cover_n100_m75_d0.5_b_w26_seed4.txt,Set Cover,100,RelaxGrouping,5000,True,min,3,0.2406,0.025,0.03962516784667969,28301,55625,675,True
set_cover_n100_m75_d0.05_b_w26_seed4.txt,Set Cover,100,RelaxGrouping,20000,True,min,3,20.7289,2.098,0.18000149726867676,121929,207931,3231,True
set_cover_n100_m75_d0.5_b_w26_seed4.txt,Set Cover,100,RelaxGrouping,10000,True,min,3,0.2414,0.0259,0.044709205627441406,28301,55625,675,True
set_cover_n100_m75_d0.5_b_w26_seed4.txt,Set Cover,100,RelaxGrouping,20000,True,min,3,0.237,0.0254,0.04256415367126465,28301,55625,675,True
set_cover_n100_m75_d0.5_b_w26_seed4.txt,Set Cover,100,RelaxGrouping,500,False,min,2,0.1998,na,0.01782083511352539,22321,43815,499,True
set_cover_n100_m75_d0.5_b_w26_seed4.txt,Set Cover,100,RelaxGrouping,1000,False,min,3,0.2398,na,0.04330611228942871,28301,55625,675,True
set_cover_n100_m75_d0.5_b_w26_seed4.txt,Set Cover,100,RelaxGrouping,2000,False,min,3,0.2395,na,0.03679323196411133,28301,55625,675,True
set_cover_n100_m75_d0.5_b_w26_seed4.txt,Set Cover,100,RelaxGrouping,5000,False,min,3,0.2419,na,0.04258608818054199,28301,55625,675,True
set_cover_n100_m75_d0.5_b_w26_seed4.txt,Set Cover,100,RelaxGrouping,10000,False,min,3,0.2385,na,0.036529541015625,28301,55625,675,True
set_cover_n100_m75_d0.05_b_w26_seed4.txt,Set Cover,100,RelaxGrouping,20000,False,min,3,20.1552,na,2.252467393875122,929325,1542906,19944,True
set_cover_n100_m75_d0.5_b_w26_seed4.txt,Set Cover,100,RelaxGrouping,20000,False,min,3,0.2359,na,0.03765082359313965,28301,55625,675,True
set_cover_n100_m75_d0.15_b_w26_seed1.txt,Set Cover,100,RelaxGrouping,500,True,min,2,0.3693,0.0499,0.010492801666259766,11333,21353,245,True
set_cover_n100_m75_d0.15_b_w26_seed1.txt,Set Cover,100,RelaxGrouping,1000,True,min,2,0.764,0.0972,0.04668378829956055,19911,37945,501,True
set_cover_n100_m75_d0.15_b_w26_seed1.txt,Set Cover,100,RelaxGrouping,2000,True,min,2,1.711,0.1953,0.03411293029785156,30117,57134,773,True
set_cover_n100_m75_d0.15_b_w26_seed1.txt,Set Cover,100,RelaxGrouping,500,False,min,2,0.4031,na,0.032073974609375,34447,64385,491,True
set_cover_n100_m75_d0.15_b_w26_seed1.txt,Set Cover,100,RelaxGrouping,5000,True,min,2,4.856,0.5673,0.2300708293914795,63228,121077,1466,True
set_cover_n100_m75_d0.15_b_w26_seed1.txt,Set Cover,100,RelaxGrouping,1000,False,min,2,0.7957,na,0.12410569190979004,63972,119969,999,True
set_cover_n100_m75_d0.15_b_w26_seed1.txt,Set Cover,100,RelaxGrouping,2000,False,min,2,1.845,na,0.2620265483856201,119372,223577,1993,True
set_cover_n100_m75_d0.15_b_w26_seed1.txt,Set Cover,100,RelaxGrouping,10000,True,min,2,10.3972,1.2089,0.15366744995117188,101524,195294,2663,True
set_cover_n100_m75_d0.15_b_w26_seed1.txt,Set Cover,100,RelaxGrouping,5000,False,min,2,4.9155,na,0.6326532363891602,276320,520041,4964,True
set_cover_n100_m75_d0.15_b_w26_seed2.txt,Set Cover,100,RelaxGrouping,500,True,min,2,0.385,0.0484,0.01069021224975586,9141,17082,282,True
set_cover_n100_m75_d0.15_b_w26_seed2.txt,Set Cover,100,RelaxGrouping,1000,True,min,2,0.8088,0.1051,0.06539726257324219,16127,29936,391,True
set_cover_n100_m75_d0.15_b_w26_seed1.txt,Set Cover,100,RelaxGrouping,10000,False,min,2,10.4909,na,1.383009433746338,508743,960829,9976,True
set_cover_n100_m75_d0.15_b_w26_seed2.txt,Set Cover,100,RelaxGrouping,2000,True,min,2,1.8819,0.2142,0.039339542388916016,29948,56609,1037,True
set_cover_n100_m75_d0.15_b_w26_seed1.txt,Set Cover,100,RelaxGrouping,20000,True,min,2,21.5651,2.5818,0.2985239028930664,176565,340906,5234,True
set_cover_n100_m75_d0.15_b_w26_seed2.txt,Set Cover,100,RelaxGrouping,500,False,min,2,0.3903,na,0.03021240234375,32242,60041,498,True
set_cover_n100_m75_d0.15_b_w26_seed2.txt,Set Cover,100,RelaxGrouping,5000,True,min,2,5.1655,0.6031,0.21058344841003418,52800,99063,1410,True
set_cover_n100_m75_d0.15_b_w26_seed2.txt,Set Cover,100,RelaxGrouping,1000,False,min,2,0.8112,na,0.12473154067993164,63540,118085,994,True
set_cover_n100_m75_d0.15_b_w26_seed1.txt,Set Cover,100,RelaxGrouping,20000,False,min,2,21.463,na,1.5079076290130615,959163,1814439,19994,True
set_cover_n100_m75_d0.15_b_w26_seed2.txt,Set Cover,100,RelaxGrouping,2000,False,min,2,1.8644,na,0.26236939430236816,120602,224874,1990,True
set_cover_n100_m75_d0.15_b_w26_seed2.txt,Set Cover,100,RelaxGrouping,10000,True,min,2,11.7363,1.2796,0.17671465873718262,112386,211794,3185,True
set_cover_n100_m75_d0.15_b_w26_seed2.txt,Set Cover,100,RelaxGrouping,5000,False,min,2,5.1567,na,0.6719863414764404,290197,540218,4990,True
set_cover_n100_m75_d0.15_b_w26_seed3.txt,Set Cover,100,RelaxGrouping,500,True,min,2,0.4105,0.0534,0.013277292251586914,10678,20023,261,True
set_cover_n100_m75_d0.15_b_w26_seed3.txt,Set Cover,100,RelaxGrouping,1000,True,min,2,0.8186,0.1035,0.02108025550842285,17036,32189,454,True
set_cover_n100_m75_d0.15_b_w26_seed3.txt,Set Cover,100,RelaxGrouping,2000,True,min,2,1.8937,0.2259,0.04133868217468262,30633,58100,783,True
set_cover_n100_m75_d0.15_b_w26_seed2.txt,Set Cover,100,RelaxGrouping,20000,True,min,2,23.1821,2.8344,0.32215332984924316,185021,349414,5563,True
set_cover_n100_m75_d0.15_b_w26_seed2.txt,Set Cover,100,RelaxGrouping,10000,False,min,2,11.7418,na,0.742070198059082,561045,1045815,9982,True
set_cover_n100_m75_d0.15_b_w26_seed3.txt,Set Cover,100,RelaxGrouping,5000,True,min,2,5.5533,0.5838,0.08759880065917969,62613,118583,1960,True
set_cover_n100_m75_d0.15_b_w26_seed3.txt,Set Cover,100,RelaxGrouping,500,False,min,2,0.395,na,0.030020952224731445,33591,62353,494,True
set_cover_n100_m75_d0.15_b_w26_seed3.txt,Set Cover,100,RelaxGrouping,1000,False,min,2,0.8158,na,0.12206387519836426,63581,118232,997,True
set_cover_n100_m75_d0.15_b_w26_seed3.txt,Set Cover,100,RelaxGrouping,2000,False,min,2,1.8965,na,0.26477622985839844,122967,229470,1990,True
set_cover_n100_m75_d0.15_b_w26_seed3.txt,Set Cover,100,RelaxGrouping,10000,True,min,2,11.1245,1.2599,0.16238856315612793,109369,207143,3617,True
set_cover_n100_m75_d0.15_b_w26_seed2.txt,Set Cover,100,RelaxGrouping,20000,False,min,2,23.2643,na,3.086247205734253,1047030,1953783,19975,True
set_cover_n100_m75_d0.15_b_w26_seed3.txt,Set Cover,100,RelaxGrouping,5000,False,min,2,5.4628,na,0.38519930839538574,294417,549600,4983,True
set_cover_n100_m75_d0.15_b_w26_seed4.txt,Set Cover,100,RelaxGrouping,500,True,min,2,0.3951,0.0481,0.010726451873779297,9262,16933,227,True
set_cover_n100_m75_d0.15_b_w26_seed4.txt,Set Cover,100,RelaxGrouping,1000,True,min,2,0.7823,0.0971,0.020251035690307617,16995,31335,484,True
set_cover_n100_m75_d0.15_b_w26_seed3.txt,Set Cover,100,RelaxGrouping,20000,True,min,2,21.6035,2.6804,0.8852329254150391,212920,407004,5932,True
set_cover_n100_m75_d0.15_b_w26_seed4.txt,Set Cover,100,RelaxGrouping,2000,True,min,2,1.8635,0.2148,0.037514448165893555,30104,55334,1013,True
set_cover_n100_m75_d0.15_b_w26_seed3.txt,Set Cover,100,RelaxGrouping,10000,False,min,2,10.889,na,0.755091667175293,537333,1001914,9979,True
set_cover_n100_m75_d0.15_b_w26_seed4.txt,Set Cover,100,RelaxGrouping,500,False,min,2,0.3814,na,0.02831745147705078,31993,59308,492,True
set_cover_n100_m75_d0.15_b_w26_seed4.txt,Set Cover,100,RelaxGrouping,5000,True,min,2,5.4251,0.5854,0.08967375755310059,66299,122667,1813,True
set_cover_n100_m75_d0.15_b_w26_seed4.txt,Set Cover,100,RelaxGrouping,1000,False,min,2,0.8134,na,0.12373709678649902,62087,115666,993,True
set_cover_n100_m75_d0.15_b_w26_seed3.txt,Set Cover,100,RelaxGrouping,20000,False,min,2,21.4134,na,2.8187291622161865,1019150,1901069,19982,True
set_cover_n100_m75_d0.15_b_w26_seed4.txt,Set Cover,100,RelaxGrouping,2000,False,min,2,1.8854,na,0.2591221332550049,123414,228676,1987,True
set_cover_n100_m75_d0.15_b_w26_seed4.txt,Set Cover,100,RelaxGrouping,10000,True,min,2,11.5248,1.3343,0.17099976539611816,116333,216029,2884,True
set_cover_n100_m75_d0.15_b_w26_seed4.txt,Set Cover,100,RelaxGrouping,5000,False,min,2,5.4968,na,0.3783137798309326,290453,539854,4973,True
set_cover_n100_m75_d0.25_b_w26_seed1.txt,Set Cover,100,RelaxGrouping,500,True,min,2,0.2359,0.0339,0.01100921630859375,10135,19693,223,True
set_cover_n100_m75_d0.25_b_w26_seed1.txt,Set Cover,100,RelaxGrouping,1000,True,min,2,0.4231,0.0617,0.017661333084106445,16261,31704,438,True
set_cover_n100_m75_d0.25_b_w26_seed1.txt,Set Cover,100,RelaxGrouping,2000,True,min,2,0.9033,0.1266,0.03469681739807129,31763,62000,1087,True
set_cover_n100_m75_d0.15_b_w26_seed4.txt,Set Cover,100,RelaxGrouping,20000,True,min,2,22.5181,2.7645,0.35094308853149414,205870,385849,5467,True
set_cover_n100_m75_d0.15_b_w26_seed4.txt,Set Cover,100,RelaxGrouping,10000,False,min,2,11.5735,na,0.8079090118408203,549814,1025256,9980,True
set_cover_n100_m75_d0.25_b_w26_seed1.txt,Set Cover,100,RelaxGrouping,5000,True,min,3,1.9339,0.2583,0.1735084056854248,57557,112987,1939,True
set_cover_n100_m75_d0.25_b_w26_seed1.txt,Set Cover,100,RelaxGrouping,10000,True,min,3,2.8357,0.4566,0.10312795639038086,79795,156983,3003,True
set_cover_n100_m75_d0.25_b_w26_seed1.txt,Set Cover,100,RelaxGrouping,500,False,min,2,0.2286,na,0.02019643783569336,23447,45529,497,True
set_cover_n100_m75_d0.25_b_w26_seed1.txt,Set Cover,100,RelaxGrouping,1000,False,min,2,0.4257,na,0.06619048118591309,41447,80527,995,True
set_cover_n100_m75_d0.25_b_w26_seed1.txt,Set Cover,100,RelaxGrouping,20000,True,min,3,3.8136,0.6614,0.1637876033782959,114074,225435,4979,True
set_cover_n100_m75_d0.25_b_w26_seed1.txt,Set Cover,100,RelaxGrouping,2000,False,min,2,0.8562,na,0.14463567733764648,79275,154053,1990,True
set_cover_n100_m75_d0.25_b_w26_seed1.txt,Set Cover,100,RelaxGrouping,5000,False,min,3,1.86,na,0.29461216926574707,149418,289083,4973,True
set_cover_n100_m75_d0.15_b_w26_seed4.txt,Set Cover,100,RelaxGrouping,20000,False,min,2,21.85,na,2.874234914779663,1044367,1950543,19971,True
set_cover_n100_m75_d0.25_b_w26_seed1.txt,Set Cover,100,RelaxGrouping,10000,False,min,3,2.9497,na,0.500251054763794,233532,448287,9990,True
set_cover_n100_m75_d0.25_b_w26_seed2.txt,Set Cover,100,RelaxGrouping,500,True,min,2,0.2426,0.0356,0.011622905731201172,10604,20657,215,True
set_cover_n100_m75_d0.25_b_w26_seed2.txt,Set Cover,100,RelaxGrouping,1000,True,min,2,0.4131,0.0585,0.016062259674072266,18400,36031,447,True
set_cover_n100_m75_d0.25_b_w26_seed1.txt,Set Cover,100,RelaxGrouping,20000,False,min,3,3.8359,na,0.4125645160675049,326147,623832,19710,True
set_cover_n100_m75_d0.25_b_w26_seed2.txt,Set Cover,100,RelaxGrouping,2000,True,min,2,0.8164,0.115,0.03040480613708496,34011,66499,1136,True
set_cover_n100_m75_d0.25_b_w26_seed2.txt,Set Cover,100,RelaxGrouping,5000,True,min,3,1.6735,0.2398,0.0762021541595459,61355,120273,2140,True
set_cover_n100_m75_d0.25_b_w26_seed2.txt,Set Cover,100,RelaxGrouping,500,False,min,2,0.2376,na,0.021606922149658203,23989,46554,500,True
set_cover_n100_m75_d0.25_b_w26_seed2.txt,Set Cover,100,RelaxGrouping,10000,True,min,3,2.4325,0.3999,0.24915766716003418,93768,184158,4005,True
set_cover_n100_m75_d0.25_b_w26_seed2.txt,Set Cover,100,RelaxGrouping,1000,False,min,2,0.3987,na,0.06073880195617676,41229,80054,992,True
set_cover_n100_m75_d0.25_b_w26_seed2.txt,Set Cover,100,RelaxGrouping,20000,True,min,3,3.1038,0.5006,0.14395666122436523,117991,232543,5156,True
set_cover_n100_m75_d0.25_b_w26_seed2.txt,Set Cover,100,RelaxGrouping,2000,False,min,2,0.8172,na,0.13874030113220215,75749,146894,1986,True
set_cover_n100_m75_d0.25_b_w26_seed2.txt,Set Cover,100,RelaxGrouping,5000,False,min,3,1.7308,na,0.27718687057495117,143105,276257,4995,True
set_cover_n100_m75_d0.25_b_w26_seed2.txt,Set Cover,100,RelaxGrouping,10000,False,min,3,2.4876,na,0.410844087600708,213507,408774,9996,True
set_cover_n100_m75_d0.25_b_w26_seed3.txt,Set Cover,100,RelaxGrouping,500,True,min,2,0.2277,0.0336,0.010007619857788086,10175,19898,218,True
set_cover_n100_m75_d0.25_b_w26_seed3.txt,Set Cover,100,RelaxGrouping,1000,True,min,2,0.418,0.0605,0.017555952072143555,15844,31047,443,True
set_cover_n100_m75_d0.25_b_w26_seed2.txt,Set Cover,100,RelaxGrouping,20000,False,min,3,3.1193,na,0.35435914993286133,285650,543017,19244,True
set_cover_n100_m75_d0.25_b_w26_seed3.txt,Set Cover,100,RelaxGrouping,2000,True,min,2,0.8396,0.1153,0.033232927322387695,30963,60569,915,True
set_cover_n100_m75_d0.25_b_w26_seed3.txt,Set Cover,100,RelaxGrouping,5000,True,min,3,1.959,0.2595,0.07695770263671875,59237,116294,2127,True
set_cover_n100_m75_d0.25_b_w26_seed3.txt,Set Cover,100,RelaxGrouping,500,False,min,2,0.2307,na,0.019983530044555664,23417,45436,494,True
set_cover_n100_m75_d0.25_b_w26_seed3.txt,Set Cover,100,RelaxGrouping,10000,True,min,3,2.8541,0.4554,0.2541525363922119,86353,170384,3381,True
set_cover_n100_m75_d0.25_b_w26_seed3.txt,Set Cover,100,RelaxGrouping,1000,False,min,2,0.4127,na,0.07037544250488281,41304,80186,990,True
set_cover_n100_m75_d0.25_b_w26_seed3.txt,Set Cover,100,RelaxGrouping,20000,True,min,3,3.9197,0.6238,0.17827391624450684,127339,252172,5850,True
set_cover_n100_m75_d0.25_b_w26_seed3.txt,Set Cover,100,RelaxGrouping,2000,False,min,2,0.8562,na,0.13342905044555664,76757,148958,1989,True
set_cover_n100_m75_d0.25_b_w26_seed3.txt,Set Cover,100,RelaxGrouping,5000,False,min,3,1.9139,na,0.1736011505126953,150394,291261,4988,True
set_cover_n100_m75_d0.25_b_w26_seed3.txt,Set Cover,100,RelaxGrouping,10000,False,min,3,2.8524,na,0.47513294219970703,235904,454645,9948,True
set_cover_n100_m75_d0.25_b_w26_seed4.txt,Set Cover,100,RelaxGrouping,500,True,min,2,0.2303,0.0337,0.01193380355834961,12130,23772,302,True
set_cover_n100_m75_d0.25_b_w26_seed4.txt,Set Cover,100,RelaxGrouping,1000,True,min,2,0.4193,0.0597,0.01591944694519043,17594,34438,548,True
set_cover_n100_m75_d0.25_b_w26_seed3.txt,Set Cover,100,RelaxGrouping,20000,False,min,3,3.8912,na,0.6460607051849365,330905,635429,19910,True
set_cover_n100_m75_d0.25_b_w26_seed4.txt,Set Cover,100,RelaxGrouping,2000,True,min,2,0.8616,0.107,0.0284421443939209,33712,65697,1167,True
set_cover_n100_m75_d0.25_b_w26_seed4.txt,Set Cover,100,RelaxGrouping,5000,True,min,3,1.7204,0.234,0.06852126121520996,56471,110649,1979,True
set_cover_n100_m75_d0.25_b_w26_seed4.txt,Set Cover,100,RelaxGrouping,10000,True,min,3,2.8273,0.4311,0.11999320983886719,86884,171296,3291,True
set_cover_n100_m75_d0.25_b_w26_seed4.txt,Set Cover,100,RelaxGrouping,500,False,min,2,0.2404,na,0.0205080509185791,24054,46846,492,True
set_cover_n100_m75_d0.25_b_w26_seed4.txt,Set Cover,100,RelaxGrouping,1000,False,min,2,0.4224,na,0.07352352142333984,42179,82298,995,True
set_cover_n100_m75_d0.25_b_w26_seed4.txt,Set Cover,100,RelaxGrouping,20000,True,min,3,3.4692,0.6402,0.3571772575378418,136463,270121,6190,True
set_cover_n100_m75_d0.25_b_w26_seed4.txt,Set Cover,100,RelaxGrouping,2000,False,min,2,0.8368,na,0.14319562911987305,80429,156776,1994,True
set_cover_n100_m75_d0.25_b_w26_seed4.txt,Set Cover,100,RelaxGrouping,5000,False,min,3,1.7488,na,0.27173686027526855,144515,281198,4979,True
set_cover_n100_m75_d0.25_b_w26_seed4.txt,Set Cover,100,RelaxGrouping,10000,False,min,3,2.8117,na,0.4543447494506836,225169,438179,9980,True
set_cover_n100_m75_d0.35_b_w26_seed1.txt,Set Cover,100,RelaxGrouping,500,True,min,2,0.2023,0.0239,0.018002033233642578,21570,42384,499,True
set_cover_n100_m75_d0.35_b_w26_seed1.txt,Set Cover,100,RelaxGrouping,1000,True,min,3,0.2397,0.0254,0.03824472427368164,28301,55625,675,True
set_cover_n100_m75_d0.25_b_w26_seed4.txt,Set Cover,100,RelaxGrouping,20000,False,min,3,3.4374,na,0.5827631950378418,310260,597530,19979,True
set_cover_n100_m75_d0.35_b_w26_seed1.txt,Set Cover,100,RelaxGrouping,2000,True,min,3,0.2392,0.0258,0.04015302658081055,28301,55625,675,True
set_cover_n100_m75_d0.35_b_w26_seed1.txt,Set Cover,100,RelaxGrouping,5000,True,min,3,0.2394,0.025,0.04117989540100098,28301,55625,675,True
set_cover_n100_m75_d0.35_b_w26_seed1.txt,Set Cover,100,RelaxGrouping,10000,True,min,3,0.239,0.0251,0.036623477935791016,28301,55625,675,True
set_cover_n100_m75_d0.35_b_w26_seed1.txt,Set Cover,100,RelaxGrouping,20000,True,min,3,0.2321,0.0239,0.03836226463317871,28301,55625,675,True
set_cover_n100_m75_d0.35_b_w26_seed1.txt,Set Cover,100,RelaxGrouping,500,False,min,2,0.1941,na,0.016771316528320312,22321,43815,499,True
set_cover_n100_m75_d0.35_b_w26_seed1.txt,Set Cover,100,RelaxGrouping,1000,False,min,3,0.2347,na,0.03851771354675293,28301,55625,675,True
set_cover_n100_m75_d0.35_b_w26_seed1.txt,Set Cover,100,RelaxGrouping,2000,False,min,3,0.2355,na,0.043398141860961914,28301,55625,675,True
set_cover_n100_m75_d0.35_b_w26_seed1.txt,Set Cover,100,RelaxGrouping,5000,False,min,3,0.24,na,0.038886308670043945,28301,55625,675,True
set_cover_n100_m75_d0.35_b_w26_seed1.txt,Set Cover,100,RelaxGrouping,10000,False,min,3,0.239,na,0.04395484924316406,28301,55625,675,True
set_cover_n100_m75_d0.35_b_w26_seed1.txt,Set Cover,100,RelaxGrouping,20000,False,min,3,0.2399,na,0.04188942909240723,28301,55625,675,True
set_cover_n100_m75_d0.35_b_w26_seed2.txt,Set Cover,100,RelaxGrouping,500,True,min,2,0.1947,0.0223,0.016685009002685547,21570,42384,499,True
set_cover_n100_m75_d0.35_b_w26_seed2.txt,Set Cover,100,RelaxGrouping,1000,True,min,3,0.2399,0.0253,0.037032365798950195,28301,55625,675,True
set_cover_n100_m75_d0.35_b_w26_seed2.txt,Set Cover,100,RelaxGrouping,2000,True,min,3,0.2391,0.0252,0.038019418716430664,28301,55625,675,True
set_cover_n100_m75_d0.35_b_w26_seed2.txt,Set Cover,100,RelaxGrouping,5000,True,min,3,0.2397,0.0257,0.042992353439331055,28301,55625,675,True
set_cover_n100_m75_d0.35_b_w26_seed2.txt,Set Cover,100,RelaxGrouping,10000,True,min,3,0.2368,0.0242,0.042140960693359375,28301,55625,675,True
set_cover_n100_m75_d0.35_b_w26_seed2.txt,Set Cover,100,RelaxGrouping,20000,True,min,3,0.2363,0.0248,0.039208412170410156,28301,55625,675,True
set_cover_n100_m75_d0.35_b_w26_seed2.txt,Set Cover,100,RelaxGrouping,500,False,min,2,0.1945,na,0.017950773239135742,22321,43815,499,True
set_cover_n100_m75_d0.35_b_w26_seed2.txt,Set Cover,100,RelaxGrouping,1000,False,min,3,0.2384,na,0.03735947608947754,28301,55625,675,True
set_cover_n100_m75_d0.35_b_w26_seed2.txt,Set Cover,100,RelaxGrouping,2000,False,min,3,0.2376,na,0.04231095314025879,28301,55625,675,True
set_cover_n100_m75_d0.35_b_w26_seed2.txt,Set Cover,100,RelaxGrouping,5000,False,min,3,0.239,na,0.03404808044433594,28301,55625,675,True
set_cover_n100_m75_d0.35_b_w26_seed2.txt,Set Cover,100,RelaxGrouping,10000,False,min,3,0.2318,na,0.03379225730895996,28301,55625,675,True
set_cover_n100_m75_d0.35_b_w26_seed2.txt,Set Cover,100,RelaxGrouping,20000,False,min,3,0.2328,na,0.033522605895996094,28301,55625,675,True
set_cover_n100_m75_d0.35_b_w26_seed3.txt,Set Cover,100,RelaxGrouping,500,True,min,2,0.2008,0.0233,0.01703643798828125,21570,42384,499,True
set_cover_n100_m75_d0.35_b_w26_seed3.txt,Set Cover,100,RelaxGrouping,1000,True,min,3,0.2366,0.0256,0.04256939888000488,28301,55625,675,True
set_cover_n100_m75_d0.35_b_w26_seed3.txt,Set Cover,100,RelaxGrouping,2000,True,min,3,0.2397,0.0246,0.04250025749206543,28301,55625,675,True
set_cover_n100_m75_d0.35_b_w26_seed3.txt,Set Cover,100,RelaxGrouping,5000,True,min,3,0.2358,0.0253,0.03902792930603027,28301,55625,675,True
set_cover_n100_m75_d0.35_b_w26_seed3.txt,Set Cover,100,RelaxGrouping,10000,True,min,3,0.2355,0.0255,0.04153108596801758,28301,55625,675,True
set_cover_n100_m75_d0.35_b_w26_seed3.txt,Set Cover,100,RelaxGrouping,20000,True,min,3,0.2396,0.0254,0.043016672134399414,28301,55625,675,True
set_cover_n100_m75_d0.35_b_w26_seed3.txt,Set Cover,100,RelaxGrouping,500,False,min,2,0.1951,na,0.018293380737304688,22321,43815,499,True
set_cover_n100_m75_d0.35_b_w26_seed3.txt,Set Cover,100,RelaxGrouping,1000,False,min,3,0.2396,na,0.03819918632507324,28301,55625,675,True
set_cover_n100_m75_d0.35_b_w26_seed3.txt,Set Cover,100,RelaxGrouping,2000,False,min,3,0.2403,na,0.040808677673339844,28301,55625,675,True
set_cover_n100_m75_d0.35_b_w26_seed3.txt,Set Cover,100,RelaxGrouping,5000,False,min,3,0.2381,na,0.039018869400024414,28301,55625,675,True
set_cover_n100_m75_d0.35_b_w26_seed3.txt,Set Cover,100,RelaxGrouping,10000,False,min,3,0.2331,na,0.04131889343261719,28301,55625,675,True
set_cover_n100_m75_d0.35_b_w26_seed3.txt,Set Cover,100,RelaxGrouping,20000,False,min,3,0.2376,na,0.04013824462890625,28301,55625,675,True
set_cover_n100_m75_d0.35_b_w26_seed4.txt,Set Cover,100,RelaxGrouping,500,True,min,2,0.1956,0.0234,0.017216205596923828,21570,42384,499,True
set_cover_n100_m75_d0.35_b_w26_seed4.txt,Set Cover,100,RelaxGrouping,1000,True,min,3,0.2369,0.0255,0.042939186096191406,28301,55625,675,True
set_cover_n100_m75_d0.35_b_w26_seed4.txt,Set Cover,100,RelaxGrouping,2000,True,min,3,0.238,0.0249,0.03897285461425781,28301,55625,675,True
set_cover_n100_m75_d0.35_b_w26_seed4.txt,Set Cover,100,RelaxGrouping,5000,True,min,3,0.238,0.0251,0.043315887451171875,28301,55625,675,True
set_cover_n100_m75_d0.35_b_w26_seed4.txt,Set Cover,100,RelaxGrouping,10000,True,min,3,0.2376,0.0254,0.03853750228881836,28301,55625,675,True
set_cover_n100_m75_d0.35_b_w26_seed4.txt,Set Cover,100,RelaxGrouping,20000,True,min,3,0.2375,0.0234,0.03250312805175781,28301,55625,675,True
set_cover_n100_m75_d0.35_b_w26_seed4.txt,Set Cover,100,RelaxGrouping,500,False,min,2,0.1946,na,0.017067909240722656,22321,43815,499,True
set_cover_n100_m75_d0.35_b_w26_seed4.txt,Set Cover,100,RelaxGrouping,1000,False,min,3,0.2348,na,0.0410001277923584,28301,55625,675,True
set_cover_n100_m75_d0.35_b_w26_seed4.txt,Set Cover,100,RelaxGrouping,2000,False,min,3,0.2311,na,0.03818154335021973,28301,55625,675,True
set_cover_n100_m75_d0.35_b_w26_seed4.txt,Set Cover,100,RelaxGrouping,5000,False,min,3,0.2406,na,0.039690256118774414,28301,55625,675,True
set_cover_n100_m75_d0.35_b_w26_seed4.txt,Set Cover,100,RelaxGrouping,10000,False,min,3,0.2368,na,0.03581833839416504,28301,55625,675,True
set_cover_n100_m75_d0.35_b_w26_seed4.txt,Set Cover,100,RelaxGrouping,20000,False,min,3,0.2365,na,0.036011695861816406,28301,55625,675,True
set_cover_n100_m75_d0.45_b_w26_seed1.txt,Set Cover,100,RelaxGrouping,500,True,min,2,0.1987,0.0235,0.017853975296020508,21570,42384,499,True
set_cover_n100_m75_d0.45_b_w26_seed1.txt,Set Cover,100,RelaxGrouping,1000,True,min,3,0.2371,0.0255,0.04353666305541992,28301,55625,675,True
set_cover_n100_m75_d0.45_b_w26_seed1.txt,Set Cover,100,RelaxGrouping,2000,True,min,3,0.2338,0.0251,0.039498329162597656,28301,55625,675,True
set_cover_n100_m75_d0.45_b_w26_seed1.txt,Set Cover,100,RelaxGrouping,5000,True,min,3,0.2405,0.0233,0.03428530693054199,28301,55625,675,True
set_cover_n100_m75_d0.45_b_w26_seed1.txt,Set Cover,100,RelaxGrouping,10000,True,min,3,0.2388,0.0254,0.0359339714050293,28301,55625,675,True
set_cover_n100_m75_d0.45_b_w26_seed1.txt,Set Cover,100,RelaxGrouping,20000,True,min,3,0.2356,0.0232,0.03748488426208496,28301,55625,675,True
set_cover_n100_m75_d0.45_b_w26_seed1.txt,Set Cover,100,RelaxGrouping,500,False,min,2,0.1999,na,0.018072843551635742,22321,43815,499,True
set_cover_n100_m75_d0.45_b_w26_seed1.txt,Set Cover,100,RelaxGrouping,1000,False,min,3,0.2394,na,0.04165172576904297,28301,55625,675,True
set_cover_n100_m75_d0.45_b_w26_seed1.txt,Set Cover,100,RelaxGrouping,2000,False,min,3,0.2393,na,0.0371701717376709,28301,55625,675,True
set_cover_n100_m75_d0.45_b_w26_seed1.txt,Set Cover,100,RelaxGrouping,5000,False,min,3,0.2396,na,0.04063224792480469,28301,55625,675,True
set_cover_n100_m75_d0.45_b_w26_seed1.txt,Set Cover,100,RelaxGrouping,10000,False,min,3,0.2376,na,0.03849291801452637,28301,55625,675,True
set_cover_n100_m75_d0.45_b_w26_seed1.txt,Set Cover,100,RelaxGrouping,20000,False,min,3,0.2373,na,0.034743309020996094,28301,55625,675,True
set_cover_n100_m75_d0.45_b_w26_seed2.txt,Set Cover,100,RelaxGrouping,500,True,min,2,0.1968,0.0234,0.01733565330505371,21570,42384,499,True
set_cover_n100_m75_d0.45_b_w26_seed2.txt,Set Cover,100,RelaxGrouping,1000,True,min,3,0.2401,0.0247,0.03889799118041992,28301,55625,675,True
set_cover_n100_m75_d0.45_b_w26_seed2.txt,Set Cover,100,RelaxGrouping,2000,True,min,3,0.2371,0.0246,0.03799319267272949,28301,55625,675,True
set_cover_n100_m75_d0.45_b_w26_seed2.txt,Set Cover,100,RelaxGrouping,5000,True,min,3,0.2392,0.0246,0.0425562858581543,28301,55625,675,True
set_cover_n100_m75_d0.45_b_w26_seed2.txt,Set Cover,100,RelaxGrouping,10000,True,min,3,0.2383,0.0253,0.03617095947265625,28301,55625,675,True
set_cover_n100_m75_d0.45_b_w26_seed2.txt,Set Cover,100,RelaxGrouping,20000,True,min,3,0.2361,0.0234,0.03453540802001953,28301,55625,675,True
set_cover_n100_m75_d0.45_b_w26_seed2.txt,Set Cover,100,RelaxGrouping,500,False,min,2,0.1978,na,0.018256425857543945,22321,43815,499,True
set_cover_n100_m75_d0.45_b_w26_seed2.txt,Set Cover,100,RelaxGrouping,1000,False,min,3,0.2339,na,0.03581666946411133,28301,55625,675,True
set_cover_n100_m75_d0.45_b_w26_seed2.txt,Set Cover,100,RelaxGrouping,2000,False,min,3,0.2323,na,0.040789127349853516,28301,55625,675,True
set_cover_n100_m75_d0.45_b_w26_seed2.txt,Set Cover,100,RelaxGrouping,5000,False,min,3,0.2428,na,0.04139280319213867,28301,55625,675,True
set_cover_n100_m75_d0.45_b_w26_seed2.txt,Set Cover,100,RelaxGrouping,10000,False,min,3,0.2366,na,0.04474782943725586,28301,55625,675,True
set_cover_n100_m75_d0.45_b_w26_seed2.txt,Set Cover,100,RelaxGrouping,20000,False,min,3,0.2368,na,0.040956735610961914,28301,55625,675,True
set_cover_n100_m75_d0.45_b_w26_seed3.txt,Set Cover,100,RelaxGrouping,500,True,min,2,0.1988,0.022,0.01674365997314453,21570,42384,499,True
set_cover_n100_m75_d0.45_b_w26_seed3.txt,Set Cover,100,RelaxGrouping,1000,True,min,3,0.239,0.0257,0.04309701919555664,28301,55625,675,True
set_cover_n100_m75_d0.45_b_w26_seed3.txt,Set Cover,100,RelaxGrouping,2000,True,min,3,0.2384,0.0251,0.03847050666809082,28301,55625,675,True
set_cover_n100_m75_d0.45_b_w26_seed3.txt,Set Cover,100,RelaxGrouping,5000,True,min,3,0.239,0.0255,0.038106679916381836,28301,55625,675,True
set_cover_n100_m75_d0.45_b_w26_seed3.txt,Set Cover,100,RelaxGrouping,10000,True,min,3,0.2436,0.0244,0.04387950897216797,28301,55625,675,True
set_cover_n100_m75_d0.45_b_w26_seed3.txt,Set Cover,100,RelaxGrouping,20000,True,min,3,0.2347,0.0229,0.0334012508392334,28301,55625,675,True
set_cover_n100_m75_d0.45_b_w26_seed3.txt,Set Cover,100,RelaxGrouping,500,False,min,2,0.1943,na,0.018017292022705078,22321,43815,499,True
set_cover_n100_m75_d0.45_b_w26_seed3.txt,Set Cover,100,RelaxGrouping,1000,False,min,3,0.233,na,0.03879237174987793,28301,55625,675,True
set_cover_n100_m75_d0.45_b_w26_seed3.txt,Set Cover,100,RelaxGrouping,2000,False,min,3,0.2351,na,0.04123044013977051,28301,55625,675,True
set_cover_n100_m75_d0.45_b_w26_seed3.txt,Set Cover,100,RelaxGrouping,5000,False,min,3,0.2409,na,0.04027581214904785,28301,55625,675,True
set_cover_n100_m75_d0.45_b_w26_seed3.txt,Set Cover,100,RelaxGrouping,10000,False,min,3,0.2357,na,0.03433585166931152,28301,55625,675,True
set_cover_n100_m75_d0.45_b_w26_seed3.txt,Set Cover,100,RelaxGrouping,20000,False,min,3,0.236,na,0.03505873680114746,28301,55625,675,True
set_cover_n100_m75_d0.45_b_w26_seed4.txt,Set Cover,100,RelaxGrouping,500,True,min,2,0.1973,0.0222,0.016928434371948242,21570,42384,499,True
set_cover_n100_m75_d0.45_b_w26_seed4.txt,Set Cover,100,RelaxGrouping,1000,True,min,3,0.2339,0.0247,0.03464198112487793,28301,55625,675,True
set_cover_n100_m75_d0.45_b_w26_seed4.txt,Set Cover,100,RelaxGrouping,2000,True,min,3,0.2395,0.0236,0.03889656066894531,28301,55625,675,True
set_cover_n100_m75_d0.45_b_w26_seed4.txt,Set Cover,100,RelaxGrouping,5000,True,min,3,0.241,0.0252,0.038216590881347656,28301,55625,675,True
set_cover_n100_m75_d0.45_b_w26_seed4.txt,Set Cover,100,RelaxGrouping,10000,True,min,3,0.2346,0.0231,0.034219980239868164,28301,55625,675,True
set_cover_n100_m75_d0.45_b_w26_seed4.txt,Set Cover,100,RelaxGrouping,20000,True,min,3,0.2342,0.0246,0.037293434143066406,28301,55625,675,True
set_cover_n100_m75_d0.45_b_w26_seed4.txt,Set Cover,100,RelaxGrouping,500,False,min,2,0.198,na,0.017445802688598633,22321,43815,499,True
set_cover_n100_m75_d0.45_b_w26_seed4.txt,Set Cover,100,RelaxGrouping,1000,False,min,3,0.2341,na,0.039774417877197266,28301,55625,675,True
set_cover_n100_m75_d0.45_b_w26_seed4.txt,Set Cover,100,RelaxGrouping,2000,False,min,3,0.2358,na,0.0388033390045166,28301,55625,675,True
set_cover_n100_m75_d0.45_b_w26_seed4.txt,Set Cover,100,RelaxGrouping,5000,False,min,3,0.2399,na,0.041367530822753906,28301,55625,675,True
set_cover_n100_m75_d0.45_b_w26_seed4.txt,Set Cover,100,RelaxGrouping,10000,False,min,3,0.2406,na,0.03516721725463867,28301,55625,675,True
set_cover_n100_m75_d0.45_b_w26_seed4.txt,Set Cover,100,RelaxGrouping,20000,False,min,3,0.2388,na,0.0384831428527832,28301,55625,675,True
set_cover_n100_m78_d0.1_b_w23_seed1.txt,Set Cover,100,RelaxGrouping,500,True,min,2,0.3572,0.0441,0.007436275482177734,7311,13358,230,True
set_cover_n100_m78_d0.1_b_w23_seed1.txt,Set Cover,100,RelaxGrouping,1000,True,min,2,0.7222,0.0876,0.012779474258422852,11698,21493,340,True
set_cover_n100_m78_d0.1_b_w23_seed1.txt,Set Cover,100,RelaxGrouping,2000,True,min,2,1.6954,0.1814,0.023567676544189453,19803,36495,676,True
set_cover_n100_m78_d0.1_b_w23_seed1.txt,Set Cover,100,RelaxGrouping,500,False,min,2,0.3818,na,0.028289079666137695,30434,55597,498,True
set_cover_n100_m78_d0.1_b_w23_seed1.txt,Set Cover,100,RelaxGrouping,5000,True,min,2,5.1264,0.5338,0.17246389389038086,46897,88261,1511,True
set_cover_n100_m78_d0.1_b_w23_seed1.txt,Set Cover,100,RelaxGrouping,1000,False,min,2,0.7534,na,0.12083148956298828,57886,105870,996,True
set_cover_n100_m78_d0.1_b_w23_seed1.txt,Set Cover,100,RelaxGrouping,2000,False,min,2,1.8005,na,0.11213850975036621,110307,202799,1988,True
set_cover_n100_m78_d0.1_b_w23_seed1.txt,Set Cover,100,RelaxGrouping,10000,True,min,2,11.2768,1.2513,0.3393514156341553,81270,153229,2944,True
set_cover_n100_m78_d0.1_b_w23_seed1.txt,Set Cover,100,RelaxGrouping,5000,False,min,2,5.2561,na,0.6239123344421387,265727,488177,4973,True
set_cover_n100_m78_d0.1_b_w23_seed2.txt,Set Cover,100,RelaxGrouping,500,True,min,2,0.379,0.048,0.009797334671020508,8201,14860,233,True
set_cover_n100_m78_d0.1_b_w23_seed2.txt,Set Cover,100,RelaxGrouping,1000,True,min,2,0.7857,0.0999,0.01788640022277832,14345,26004,400,True
set_cover_n100_m78_d0.1_b_w23_seed2.txt,Set Cover,100,RelaxGrouping,2000,True,min,2,1.8856,0.2087,0.03145241737365723,24099,43639,687,True
set_cover_n100_m78_d0.1_b_w23_seed1.txt,Set Cover,100,RelaxGrouping,10000,False,min,2,11.422,na,1.3817229270935059,508347,936546,9964,True
set_cover_n100_m78_d0.1_b_w23_seed1.txt,Set Cover,100,RelaxGrouping,20000,True,min,3,24.7597,2.6935,0.2502610683441162,154277,292442,6479,True
set_cover_n100_m78_d0.1_b_w23_seed2.txt,Set Cover,100,RelaxGrouping,5000,True,min,2,5.7056,0.5931,0.07289576530456543,51874,94240,1444,True
set_cover_n100_m78_d0.1_b_w23_seed2.txt,Set Cover,100,RelaxGrouping,500,False,min,2,0.3853,na,0.02855229377746582,30916,55925,496,True
set_cover_n100_m78_d0.1_b_w23_seed2.txt,Set Cover,100,RelaxGrouping,1000,False,min,2,0.7571,na,0.12505292892456055,60127,109044,997,True
set_cover_n100_m78_d0.1_b_w23_seed2.txt,Set Cover,100,RelaxGrouping,2000,False,min,2,1.9101,na,0.2524750232696533,116444,211696,1994,True
set_cover_n100_m78_d0.1_b_w23_seed1.txt,Set Cover,100,RelaxGrouping,20000,False,min,3,24.8732,na,3.0371310710906982,984698,1814273,19978,True
set_cover_n100_m78_d0.1_b_w23_seed2.txt,Set Cover,100,RelaxGrouping,10000,True,min,2,13.2458,1.3358,0.147871732711792,93848,172081,2682,True
set_cover_n100_m78_d0.1_b_w23_seed2.txt,Set Cover,100,RelaxGrouping,5000,False,min,2,5.7064,na,0.37067103385925293,280581,510416,4981,True
set_cover_n100_m78_d0.1_b_w23_seed3.txt,Set Cover,100,RelaxGrouping,500,True,min,2,0.3923,0.0517,0.015975236892700195,14820,27177,298,True
set_cover_n100_m78_d0.1_b_w23_seed3.txt,Set Cover,100,RelaxGrouping,1000,True,min,2,0.9173,0.1054,0.027187347412109375,22430,40822,452,True
set_cover_n100_m78_d0.1_b_w23_seed3.txt,Set Cover,100,RelaxGrouping,2000,True,min,2,2.0831,0.2222,0.04759097099304199,35882,65217,780,True
set_cover_n100_m78_d0.1_b_w23_seed2.txt,Set Cover,100,RelaxGrouping,10000,False,min,2,13.1123,na,0.7538769245147705,554289,1006721,9973,True
set_cover_n100_m78_d0.1_b_w23_seed2.txt,Set Cover,100,RelaxGrouping,20000,True,min,2,26.0886,2.9311,0.25528502464294434,145746,264850,4257,True
set_cover_n100_m78_d0.1_b_w23_seed3.txt,Set Cover,100,RelaxGrouping,5000,True,min,2,5.9109,0.6359,0.09738802909851074,68409,125682,1611,True
set_cover_n100_m78_d0.1_b_w23_seed3.txt,Set Cover,100,RelaxGrouping,500,False,min,2,0.3903,na,0.02919483184814453,33369,60435,497,True
set_cover_n100_m78_d0.1_b_w23_seed3.txt,Set Cover,100,RelaxGrouping,1000,False,min,2,0.9029,na,0.061568260192871094,64242,116491,996,True
set_cover_n100_m78_d0.1_b_w23_seed3.txt,Set Cover,100,RelaxGrouping,2000,False,min,2,2.0961,na,0.1332399845123291,124244,226217,1993,True
set_cover_n100_m78_d0.1_b_w23_seed3.txt,Set Cover,100,RelaxGrouping,10000,True,min,2,12.6417,1.4371,0.17179441452026367,113164,208640,3078,True
set_cover_n100_m78_d0.1_b_w23_seed2.txt,Set Cover,100,RelaxGrouping,20000,False,min,2,26.2304,na,3.1503682136535645,1064481,1943115,19958,True
set_cover_n100_m78_d0.1_b_w23_seed3.txt,Set Cover,100,RelaxGrouping,5000,False,min,2,5.997,na,0.7330315113067627,291675,534467,4985,True
set_cover_n100_m78_d0.1_b_w23_seed4.txt,Set Cover,100,RelaxGrouping,500,True,min,2,0.4159,0.0524,0.011899948120117188,10657,19044,229,True
set_cover_n100_m78_d0.1_b_w23_seed4.txt,Set Cover,100,RelaxGrouping,1000,True,min,2,0.9141,0.1051,0.022524595260620117,18979,34265,426,True
set_cover_n100_m78_d0.1_b_w23_seed4.txt,Set Cover,100,RelaxGrouping,2000,True,min,2,1.9505,0.2178,0.11674809455871582,33343,60418,771,True
set_cover_n100_m78_d0.1_b_w23_seed3.txt,Set Cover,100,RelaxGrouping,10000,False,min,2,12.7024,na,1.4721853733062744,553642,1024305,9985,True
set_cover_n100_m78_d0.1_b_w23_seed3.txt,Set Cover,100,RelaxGrouping,20000,True,min,2,25.7235,2.9951,0.3593316078186035,197220,366321,5129,True
set_cover_n100_m78_d0.1_b_w23_seed4.txt,Set Cover,100,RelaxGrouping,5000,True,min,2,6.0189,0.6023,0.09060263633728027,63301,116006,1643,True
set_cover_n100_m78_d0.1_b_w23_seed4.txt,Set Cover,100,RelaxGrouping,500,False,min,2,0.3977,na,0.0303800106048584,34397,61993,497,True
set_cover_n100_m78_d0.1_b_w23_seed4.txt,Set Cover,100,RelaxGrouping,1000,False,min,2,0.9324,na,0.06264257431030273,65446,117879,991,True
set_cover_n100_m78_d0.1_b_w23_seed4.txt,Set Cover,100,RelaxGrouping,2000,False,min,2,2.0041,na,0.265789270401001,126761,228392,1986,True
set_cover_n100_m78_d0.1_b_w23_seed3.txt,Set Cover,100,RelaxGrouping,20000,False,min,2,25.2598,na,3.1626806259155273,1072812,1975239,19969,True
set_cover_n100_m78_d0.1_b_w23_seed4.txt,Set Cover,100,RelaxGrouping,10000,True,min,3,12.9898,1.4014,0.150285005569458,97470,182214,2872,True
set_cover_n100_m78_d0.1_b_w23_seed4.txt,Set Cover,100,RelaxGrouping,5000,False,min,2,6.0366,na,0.3660728931427002,299241,540776,4971,True
set_cover_n100_m78_d0.2_b_w23_seed1.txt,Set Cover,100,RelaxGrouping,500,True,min,2,0.3571,0.0463,0.01406550407409668,12682,24507,326,True
set_cover_n100_m78_d0.2_b_w23_seed1.txt,Set Cover,100,RelaxGrouping,1000,True,min,2,0.6377,0.0868,0.024280548095703125,21044,40970,542,True
set_cover_n100_m78_d0.2_b_w23_seed1.txt,Set Cover,100,RelaxGrouping,2000,True,min,2,1.2742,0.1642,0.03731274604797363,30354,59209,741,True
set_cover_n100_m78_d0.1_b_w23_seed4.txt,Set Cover,100,RelaxGrouping,10000,False,min,3,13.2372,na,1.563093900680542,571890,1039278,9983,True
set_cover_n100_m78_d0.1_b_w23_seed4.txt,Set Cover,100,RelaxGrouping,20000,True,min,3,26.1835,2.9463,0.28398776054382324,158892,299290,6060,True
set_cover_n100_m78_d0.2_b_w23_seed1.txt,Set Cover,100,RelaxGrouping,5000,True,min,2,3.3999,0.3883,0.08364582061767578,63955,123982,1984,True
set_cover_n100_m78_d0.2_b_w23_seed1.txt,Set Cover,100,RelaxGrouping,500,False,min,2,0.3569,na,0.028979063034057617,31400,60370,491,True
set_cover_n100_m78_d0.2_b_w23_seed1.txt,Set Cover,100,RelaxGrouping,10000,True,min,2,6.18,0.8147,0.13993239402770996,99884,193326,3322,True
set_cover_n100_m78_d0.2_b_w23_seed1.txt,Set Cover,100,RelaxGrouping,1000,False,min,2,0.6106,na,0.10022878646850586,54604,105460,987,True
set_cover_n100_m78_d0.2_b_w23_seed1.txt,Set Cover,100,RelaxGrouping,2000,False,min,2,1.2756,na,0.09630823135375977,92584,179551,1984,True
set_cover_n100_m78_d0.2_b_w23_seed1.txt,Set Cover,100,RelaxGrouping,5000,False,min,2,3.3732,na,0.4553537368774414,206759,400033,4967,True
set_cover_n100_m78_d0.1_b_w23_seed4.txt,Set Cover,100,RelaxGrouping,20000,False,min,3,26.0095,na,3.1333587169647217,1059543,1935268,19941,True
set_cover_n100_m78_d0.2_b_w23_seed1.txt,Set Cover,100,RelaxGrouping,20000,True,min,3,11.3137,1.6568,0.2872188091278076,172754,335706,7062,True
set_cover_n100_m78_d0.2_b_w23_seed1.txt,Set Cover,100,RelaxGrouping,10000,False,min,2,6.2951,na,0.8428022861480713,366855,709786,9918,True
set_cover_n100_m78_d0.2_b_w23_seed2.txt,Set Cover,100,RelaxGrouping,500,True,min,2,0.3628,0.0463,0.014808416366577148,12912,24971,336,True
set_cover_n100_m78_d0.2_b_w23_seed2.txt,Set Cover,100,RelaxGrouping,1000,True,min,2,0.5876,0.0807,0.018821239471435547,16079,31293,388,True
set_cover_n100_m78_d0.2_b_w23_seed2.txt,Set Cover,100,RelaxGrouping,2000,True,min,2,1.3262,0.1589,0.03359818458557129,28104,54962,801,True
set_cover_n100_m78_d0.2_b_w23_seed1.txt,Set Cover,100,RelaxGrouping,20000,False,min,3,11.0469,na,1.6454622745513916,658879,1271389,19977,True
set_cover_n100_m78_d0.2_b_w23_seed2.txt,Set Cover,100,RelaxGrouping,5000,True,min,2,3.5567,0.4323,0.20424818992614746,57420,111032,1627,True
set_cover_n100_m78_d0.2_b_w23_seed2.txt,Set Cover,100,RelaxGrouping,500,False,min,2,0.363,na,0.026670217514038086,31534,60669,495,True
set_cover_n100_m78_d0.2_b_w23_seed2.txt,Set Cover,100,RelaxGrouping,1000,False,min,2,0.6096,na,0.0945284366607666,52207,100982,989,True
set_cover_n100_m78_d0.2_b_w23_seed2.txt,Set Cover,100,RelaxGrouping,10000,True,min,3,7.4156,0.9103,0.1437680721282959,101813,197336,3207,True
set_cover_n100_m78_d0.2_b_w23_seed2.txt,Set Cover,100,RelaxGrouping,2000,False,min,2,1.273,na,0.19393491744995117,94557,183014,1990,True
set_cover_n100_m78_d0.2_b_w23_seed2.txt,Set Cover,100,RelaxGrouping,5000,False,min,2,3.5847,na,0.47824692726135254,223016,429096,4991,True
set_cover_n100_m78_d0.2_b_w23_seed3.txt,Set Cover,100,RelaxGrouping,500,True,min,2,0.2984,0.0423,0.035368919372558594,10956,21425,270,True
set_cover_n100_m78_d0.2_b_w23_seed2.txt,Set Cover,100,RelaxGrouping,20000,True,min,3,13.1287,1.9288,0.7489461898803711,183795,358103,6454,True
set_cover_n100_m78_d0.2_b_w23_seed3.txt,Set Cover,100,RelaxGrouping,1000,True,min,2,0.6211,0.0834,0.02039361000061035,17204,33686,492,True
set_cover_n100_m78_d0.2_b_w23_seed2.txt,Set Cover,100,RelaxGrouping,10000,False,min,3,7.4746,na,0.5633296966552734,411578,792913,9991,True
set_cover_n100_m78_d0.2_b_w23_seed3.txt,Set Cover,100,RelaxGrouping,2000,True,min,2,1.3167,0.1655,0.036423444747924805,29909,58515,1012,True
set_cover_n100_m78_d0.2_b_w23_seed3.txt,Set Cover,100,RelaxGrouping,5000,True,min,3,3.5279,0.4302,0.08726620674133301,59649,117263,1994,True
set_cover_n100_m78_d0.2_b_w23_seed3.txt,Set Cover,100,RelaxGrouping,500,False,min,2,0.298,na,0.04694628715515137,28457,54797,492,True
set_cover_n100_m78_d0.2_b_w23_seed2.txt,Set Cover,100,RelaxGrouping,20000,False,min,3,13.0839,na,1.8811407089233398,756175,1461720,19956,True
set_cover_n100_m78_d0.2_b_w23_seed3.txt,Set Cover,100,RelaxGrouping,1000,False,min,2,0.6215,na,0.10070204734802246,53549,103088,992,True
set_cover_n100_m78_d0.2_b_w23_seed3.txt,Set Cover,100,RelaxGrouping,10000,True,min,3,6.755,0.8966,0.3537740707397461,98575,194138,3702,True
set_cover_n100_m78_d0.2_b_w23_seed3.txt,Set Cover,100,RelaxGrouping,2000,False,min,2,1.3141,na,0.09933328628540039,100026,192114,1990,True
set_cover_n100_m78_d0.2_b_w23_seed3.txt,Set Cover,100,RelaxGrouping,5000,False,min,3,3.453,na,0.49046993255615234,230782,442581,4984,True
set_cover_n100_m78_d0.2_b_w23_seed3.txt,Set Cover,100,RelaxGrouping,20000,True,min,3,11.8807,1.8282,0.3043036460876465,184271,363431,7529,True
set_cover_n100_m78_d0.2_b_w23_seed4.txt,Set Cover,100,RelaxGrouping,500,True,min,2,0.3302,0.0402,0.011852741241455078,11716,22625,226,True
set_cover_n100_m78_d0.2_b_w23_seed4.txt,Set Cover,100,RelaxGrouping,1000,True,min,2,0.639,0.0842,0.019460201263427734,17701,34191,341,True
set_cover_n100_m78_d0.2_b_w23_seed3.txt,Set Cover,100,RelaxGrouping,10000,False,min,3,6.6393,na,0.9030210971832275,423055,811485,9967,True
set_cover_n100_m78_d0.2_b_w23_seed4.txt,Set Cover,100,RelaxGrouping,2000,True,min,2,1.3744,0.1733,0.03418421745300293,29027,56250,651,True
set_cover_n100_m78_d0.2_b_w23_seed4.txt,Set Cover,100,RelaxGrouping,5000,True,min,2,3.4769,0.44,0.07897067070007324,56316,109165,1587,True
set_cover_n100_m78_d0.2_b_w23_seed3.txt,Set Cover,100,RelaxGrouping,20000,False,min,3,11.8778,na,1.8202908039093018,752718,1440206,19938,True
set_cover_n100_m78_d0.2_b_w23_seed4.txt,Set Cover,100,RelaxGrouping,500,False,min,2,0.3309,na,0.026454925537109375,30315,58010,489,True
set_cover_n100_m78_d0.2_b_w23_seed4.txt,Set Cover,100,RelaxGrouping,1000,False,min,2,0.6439,na,0.10727214813232422,55625,106582,994,True
set_cover_n100_m78_d0.2_b_w23_seed4.txt,Set Cover,100,RelaxGrouping,10000,True,min,3,7.0922,0.9191,0.14802885055541992,105593,205794,3245,True
set_cover_n100_m78_d0.2_b_w23_seed4.txt,Set Cover,100,RelaxGrouping,2000,False,min,2,1.3664,na,0.20298433303833008,104009,199593,1990,True
set_cover_n100_m78_d0.2_b_w23_seed4.txt,Set Cover,100,RelaxGrouping,5000,False,min,2,3.5802,na,0.4832010269165039,228807,440362,4993,True
set_cover_n100_m78_d0.3_b_w23_seed1.txt,Set Cover,100,RelaxGrouping,500,True,min,4,0.227,0.0243,0.020076274871826172,25051,49102,500,True
set_cover_n100_m78_d0.2_b_w23_seed4.txt,Set Cover,100,RelaxGrouping,20000,True,min,3,13.435,1.8687,0.27923011779785156,182273,357261,6295,True
set_cover_n100_m78_d0.3_b_w23_seed1.txt,Set Cover,100,RelaxGrouping,1000,True,min,4,0.2375,0.0241,0.020870685577392578,25852,50667,529,True
set_cover_n100_m78_d0.2_b_w23_seed4.txt,Set Cover,100,RelaxGrouping,10000,False,min,3,7.1576,na,0.9577910900115967,411879,792656,9988,True
set_cover_n100_m78_d0.3_b_w23_seed1.txt,Set Cover,100,RelaxGrouping,2000,True,min,4,0.2314,0.0237,0.019843339920043945,25852,50667,529,True
set_cover_n100_m78_d0.3_b_w23_seed1.txt,Set Cover,100,RelaxGrouping,5000,True,min,4,0.2279,0.0234,0.020079612731933594,25852,50667,529,True
set_cover_n100_m78_d0.3_b_w23_seed1.txt,Set Cover,100,RelaxGrouping,10000,True,min,4,0.2298,0.0232,0.020762205123901367,25852,50667,529,True
set_cover_n100_m78_d0.3_b_w23_seed1.txt,Set Cover,100,RelaxGrouping,20000,True,min,4,0.2278,0.0237,0.02005624771118164,25852,50667,529,True
set_cover_n100_m78_d0.3_b_w23_seed1.txt,Set Cover,100,RelaxGrouping,500,False,min,4,0.2276,na,0.019711732864379883,25124,49231,500,True
set_cover_n100_m78_d0.2_b_w23_seed4.txt,Set Cover,100,RelaxGrouping,20000,False,min,3,13.2174,na,1.0731642246246338,744527,1436025,19942,True
set_cover_n100_m78_d0.3_b_w23_seed1.txt,Set Cover,100,RelaxGrouping,1000,False,min,4,0.2268,na,0.01969146728515625,25852,50667,529,True
set_cover_n100_m78_d0.3_b_w23_seed1.txt,Set Cover,100,RelaxGrouping,2000,False,min,4,0.2269,na,0.020621538162231445,25852,50667,529,True
set_cover_n100_m78_d0.3_b_w23_seed1.txt,Set Cover,100,RelaxGrouping,5000,False,min,4,0.2198,na,0.01943683624267578,25852,50667,529,True
set_cover_n100_m78_d0.3_b_w23_seed1.txt,Set Cover,100,RelaxGrouping,10000,False,min,4,0.2304,na,0.020123958587646484,25852,50667,529,True
set_cover_n100_m78_d0.3_b_w23_seed1.txt,Set Cover,100,RelaxGrouping,20000,False,min,4,0.2245,na,0.01936507225036621,25852,50667,529,True
set_cover_n100_m78_d0.3_b_w23_seed2.txt,Set Cover,100,RelaxGrouping,500,True,min,4,0.2233,0.0234,0.019405364990234375,25051,49102,500,True
set_cover_n100_m78_d0.3_b_w23_seed2.txt,Set Cover,100,RelaxGrouping,1000,True,min,4,0.2198,0.0224,0.019023895263671875,25852,50667,529,True
set_cover_n100_m78_d0.3_b_w23_seed2.txt,Set Cover,100,RelaxGrouping,2000,True,min,4,0.2242,0.0216,0.01955437660217285,25852,50667,529,True
set_cover_n100_m78_d0.3_b_w23_seed2.txt,Set Cover,100,RelaxGrouping,5000,True,min,4,0.2219,0.0229,0.019742250442504883,25852,50667,529,True
set_cover_n100_m78_d0.3_b_w23_seed2.txt,Set Cover,100,RelaxGrouping,10000,True,min,4,0.2264,0.0208,0.01888585090637207,25852,50667,529,True
set_cover_n100_m78_d0.3_b_w23_seed2.txt,Set Cover,100,RelaxGrouping,20000,True,min,4,0.221,0.0226,0.019153833389282227,25852,50667,529,True
set_cover_n100_m78_d0.3_b_w23_seed2.txt,Set Cover,100,RelaxGrouping,500,False,min,4,0.222,na,0.019825220108032227,25124,49231,500,True
set_cover_n100_m78_d0.3_b_w23_seed2.txt,Set Cover,100,RelaxGrouping,1000,False,min,4,0.2237,na,0.019484758377075195,25852,50667,529,True
set_cover_n100_m78_d0.3_b_w23_seed2.txt,Set Cover,100,RelaxGrouping,2000,False,min,4,0.2226,na,0.019901514053344727,25852,50667,529,True
set_cover_n100_m78_d0.3_b_w23_seed2.txt,Set Cover,100,RelaxGrouping,5000,False,min,4,0.2296,na,0.02085590362548828,25852,50667,529,True
set_cover_n100_m78_d0.3_b_w23_seed2.txt,Set Cover,100,RelaxGrouping,10000,False,min,4,0.2231,na,0.02023601531982422,25852,50667,529,True
set_cover_n100_m78_d0.3_b_w23_seed2.txt,Set Cover,100,RelaxGrouping,20000,False,min,4,0.2268,na,0.0201416015625,25852,50667,529,True
set_cover_n100_m78_d0.3_b_w23_seed3.txt,Set Cover,100,RelaxGrouping,500,True,min,4,0.2149,0.0233,0.01881718635559082,25051,49102,500,True
set_cover_n100_m78_d0.3_b_w23_seed3.txt,Set Cover,100,RelaxGrouping,1000,True,min,4,0.2226,0.0229,0.01923966407775879,25852,50667,529,True
set_cover_n100_m78_d0.3_b_w23_seed3.txt,Set Cover,100,RelaxGrouping,2000,True,min,4,0.2238,0.0232,0.02026510238647461,25852,50667,529,True
set_cover_n100_m78_d0.3_b_w23_seed3.txt,Set Cover,100,RelaxGrouping,5000,True,min,4,0.2242,0.0228,0.019113540649414062,25852,50667,529,True
set_cover_n100_m78_d0.3_b_w23_seed3.txt,Set Cover,100,RelaxGrouping,10000,True,min,4,0.2206,0.0228,0.019284486770629883,25852,50667,529,True
set_cover_n100_m78_d0.3_b_w23_seed3.txt,Set Cover,100,RelaxGrouping,20000,True,min,4,0.226,0.0219,0.019673824310302734,25852,50667,529,True
set_cover_n100_m78_d0.3_b_w23_seed3.txt,Set Cover,100,RelaxGrouping,500,False,min,4,0.2173,na,0.019134998321533203,25124,49231,500,True
set_cover_n100_m78_d0.3_b_w23_seed3.txt,Set Cover,100,RelaxGrouping,1000,False,min,4,0.2195,na,0.019443750381469727,25852,50667,529,True
set_cover_n100_m78_d0.3_b_w23_seed3.txt,Set Cover,100,RelaxGrouping,2000,False,min,4,0.2203,na,0.020772695541381836,25852,50667,529,True
set_cover_n100_m78_d0.3_b_w23_seed3.txt,Set Cover,100,RelaxGrouping,5000,False,min,4,0.222,na,0.019682645797729492,25852,50667,529,True
set_cover_n100_m78_d0.3_b_w23_seed3.txt,Set Cover,100,RelaxGrouping,10000,False,min,4,0.2182,na,0.01994156837463379,25852,50667,529,True
set_cover_n100_m78_d0.3_b_w23_seed3.txt,Set Cover,100,RelaxGrouping,20000,False,min,4,0.2273,na,0.02041792869567871,25852,50667,529,True
set_cover_n100_m78_d0.3_b_w23_seed4.txt,Set Cover,100,RelaxGrouping,500,True,min,4,0.2188,0.0232,0.018889427185058594,25051,49102,500,True
set_cover_n100_m78_d0.3_b_w23_seed4.txt,Set Cover,100,RelaxGrouping,1000,True,min,4,0.2241,0.0214,0.018465757369995117,25852,50667,529,True
set_cover_n100_m78_d0.3_b_w23_seed4.txt,Set Cover,100,RelaxGrouping,2000,True,min,4,0.2234,0.0233,0.019876956939697266,25852,50667,529,True
set_cover_n100_m78_d0.3_b_w23_seed4.txt,Set Cover,100,RelaxGrouping,5000,True,min,4,0.2217,0.0219,0.018985986709594727,25852,50667,529,True
set_cover_n100_m78_d0.3_b_w23_seed4.txt,Set Cover,100,RelaxGrouping,10000,True,min,4,0.2182,0.0228,0.019126176834106445,25852,50667,529,True
set_cover_n100_m78_d0.3_b_w23_seed4.txt,Set Cover,100,RelaxGrouping,20000,True,min,4,0.2247,0.0224,0.01954054832458496,25852,50667,529,True
set_cover_n100_m78_d0.3_b_w23_seed4.txt,Set Cover,100,RelaxGrouping,500,False,min,4,0.226,na,0.019295930862426758,25124,49231,500,True
set_cover_n100_m78_d0.3_b_w23_seed4.txt,Set Cover,100,RelaxGrouping,1000,False,min,4,0.2241,na,0.020166873931884766,25852,50667,529,True
set_cover_n100_m78_d0.3_b_w23_seed4.txt,Set Cover,100,RelaxGrouping,2000,False,min,4,0.2268,na,0.019992589950561523,25852,50667,529,True
set_cover_n100_m78_d0.3_b_w23_seed4.txt,Set Cover,100,RelaxGrouping,5000,False,min,4,0.2222,na,0.01981353759765625,25852,50667,529,True
set_cover_n100_m78_d0.3_b_w23_seed4.txt,Set Cover,100,RelaxGrouping,10000,False,min,4,0.2197,na,0.02014017105102539,25852,50667,529,True
set_cover_n100_m78_d0.3_b_w23_seed4.txt,Set Cover,100,RelaxGrouping,20000,False,min,4,0.2207,na,0.019948244094848633,25852,50667,529,True
set_cover_n100_m78_d0.4_b_w23_seed1.txt,Set Cover,100,RelaxGrouping,500,True,min,4,0.2166,0.0233,0.018935680389404297,25051,49102,500,True
set_cover_n100_m78_d0.4_b_w23_seed1.txt,Set Cover,100,RelaxGrouping,1000,True,min,4,0.219,0.0205,0.0184173583984375,25852,50667,529,True
set_cover_n100_m78_d0.4_b_w23_seed1.txt,Set Cover,100,RelaxGrouping,2000,True,min,4,0.2207,0.0235,0.01988053321838379,25852,50667,529,True
set_cover_n100_m78_d0.4_b_w23_seed1.txt,Set Cover,100,RelaxGrouping,5000,True,min,4,0.2214,0.0216,0.01835036277770996,25852,50667,529,True
set_cover_n100_m78_d0.4_b_w23_seed1.txt,Set Cover,100,RelaxGrouping,10000,True,min,4,0.2178,0.0228,0.019778013229370117,25852,50667,529,True
set_cover_n100_m78_d0.4_b_w23_seed1.txt,Set Cover,100,RelaxGrouping,20000,True,min,4,0.2272,0.022,0.01916670799255371,25852,50667,529,True
set_cover_n100_m78_d0.4_b_w23_seed1.txt,Set Cover,100,RelaxGrouping,500,False,min,4,0.2172,na,0.0184786319732666,25124,49231,500,True
set_cover_n100_m78_d0.4_b_w23_seed1.txt,Set Cover,100,RelaxGrouping,1000,False,min,4,0.2225,na,0.020720481872558594,25852,50667,529,True
set_cover_n100_m78_d0.4_b_w23_seed1.txt,Set Cover,100,RelaxGrouping,2000,False,min,4,0.2209,na,0.01996302604675293,25852,50667,529,True
set_cover_n100_m78_d0.4_b_w23_seed1.txt,Set Cover,100,RelaxGrouping,5000,False,min,4,0.2254,na,0.019852399826049805,25852,50667,529,True
set_cover_n100_m78_d0.4_b_w23_seed1.txt,Set Cover,100,RelaxGrouping,10000,False,min,4,0.2217,na,0.019605159759521484,25852,50667,529,True
set_cover_n100_m78_d0.4_b_w23_seed1.txt,Set Cover,100,RelaxGrouping,20000,False,min,4,0.2253,na,0.019794225692749023,25852,50667,529,True
set_cover_n100_m78_d0.4_b_w23_seed2.txt,Set Cover,100,RelaxGrouping,500,True,min,4,0.2193,0.0227,0.018909931182861328,25051,49102,500,True
set_cover_n100_m78_d0.4_b_w23_seed2.txt,Set Cover,100,RelaxGrouping,1000,True,min,4,0.2215,0.0219,0.019132614135742188,25852,50667,529,True
set_cover_n100_m78_d0.4_b_w23_seed2.txt,Set Cover,100,RelaxGrouping,2000,True,min,4,0.2205,0.0229,0.019781827926635742,25852,50667,529,True
set_cover_n100_m78_d0.4_b_w23_seed2.txt,Set Cover,100,RelaxGrouping,5000,True,min,4,0.2227,0.0228,0.019024372100830078,25852,50667,529,True
set_cover_n100_m78_d0.4_b_w23_seed2.txt,Set Cover,100,RelaxGrouping,10000,True,min,4,0.2195,0.0228,0.019922733306884766,25852,50667,529,True
set_cover_n100_m78_d0.4_b_w23_seed2.txt,Set Cover,100,RelaxGrouping,20000,True,min,4,0.2274,0.0235,0.019649744033813477,25852,50667,529,True
set_cover_n100_m78_d0.4_b_w23_seed2.txt,Set Cover,100,RelaxGrouping,500,False,min,4,0.2166,na,0.019968509674072266,25124,49231,500,True
set_cover_n100_m78_d0.4_b_w23_seed2.txt,Set Cover,100,RelaxGrouping,1000,False,min,4,0.2195,na,0.01903700828552246,25852,50667,529,True
set_cover_n100_m78_d0.4_b_w23_seed2.txt,Set Cover,100,RelaxGrouping,2000,False,min,4,0.2264,na,0.020344257354736328,25852,50667,529,True
set_cover_n100_m78_d0.4_b_w23_seed2.txt,Set Cover,100,RelaxGrouping,5000,False,min,4,0.2239,na,0.021301746368408203,25852,50667,529,True
set_cover_n100_m78_d0.4_b_w23_seed2.txt,Set Cover,100,RelaxGrouping,10000,False,min,4,0.2247,na,0.019847869873046875,25852,50667,529,True
set_cover_n100_m78_d0.4_b_w23_seed2.txt,Set Cover,100,RelaxGrouping,20000,False,min,4,0.2233,na,0.019797801971435547,25852,50667,529,True
set_cover_n100_m78_d0.4_b_w23_seed3.txt,Set Cover,100,RelaxGrouping,500,True,min,4,0.2189,0.0229,0.018358707427978516,25051,49102,500,True
set_cover_n100_m78_d0.4_b_w23_seed3.txt,Set Cover,100,RelaxGrouping,1000,True,min,4,0.2241,0.0229,0.020190954208374023,25852,50667,529,True
set_cover_n100_m78_d0.4_b_w23_seed3.txt,Set Cover,100,RelaxGrouping,2000,True,min,4,0.2228,0.024,0.020046710968017578,25852,50667,529,True
set_cover_n100_m78_d0.4_b_w23_seed3.txt,Set Cover,100,RelaxGrouping,5000,True,min,4,0.2267,0.0238,0.019861698150634766,25852,50667,529,True
set_cover_n100_m78_d0.4_b_w23_seed3.txt,Set Cover,100,RelaxGrouping,10000,True,min,4,0.2246,0.0235,0.019455671310424805,25852,50667,529,True
set_cover_n100_m78_d0.4_b_w23_seed3.txt,Set Cover,100,RelaxGrouping,20000,True,min,4,0.2261,0.0235,0.02002882957458496,25852,50667,529,True
set_cover_n100_m78_d0.4_b_w23_seed3.txt,Set Cover,100,RelaxGrouping,500,False,min,4,0.2171,na,0.01845526695251465,25124,49231,500,True
set_cover_n100_m78_d0.4_b_w23_seed3.txt,Set Cover,100,RelaxGrouping,1000,False,min,4,0.2243,na,0.019501924514770508,25852,50667,529,True
set_cover_n100_m78_d0.4_b_w23_seed3.txt,Set Cover,100,RelaxGrouping,2000,False,min,4,0.224,na,0.019820213317871094,25852,50667,529,True
set_cover_n100_m78_d0.4_b_w23_seed3.txt,Set Cover,100,RelaxGrouping,5000,False,min,4,0.2239,na,0.0203397274017334,25852,50667,529,True
set_cover_n100_m78_d0.4_b_w23_seed3.txt,Set Cover,100,RelaxGrouping,10000,False,min,4,0.2214,na,0.01960587501525879,25852,50667,529,True
set_cover_n100_m78_d0.4_b_w23_seed3.txt,Set Cover,100,RelaxGrouping,20000,False,min,4,0.2244,na,0.0198209285736084,25852,50667,529,True
set_cover_n100_m78_d0.4_b_w23_seed4.txt,Set Cover,100,RelaxGrouping,500,True,min,4,0.2216,0.0234,0.019202470779418945,25051,49102,500,True
set_cover_n100_m78_d0.4_b_w23_seed4.txt,Set Cover,100,RelaxGrouping,1000,True,min,4,0.2201,0.0213,0.018437623977661133,25852,50667,529,True
set_cover_n100_m78_d0.4_b_w23_seed4.txt,Set Cover,100,RelaxGrouping,2000,True,min,4,0.2219,0.022,0.01915454864501953,25852,50667,529,True
set_cover_n100_m78_d0.4_b_w23_seed4.txt,Set Cover,100,RelaxGrouping,5000,True,min,4,0.22,0.0226,0.019399166107177734,25852,50667,529,True
set_cover_n100_m78_d0.4_b_w23_seed4.txt,Set Cover,100,RelaxGrouping,10000,True,min,4,0.2256,0.0231,0.01949620246887207,25852,50667,529,True
set_cover_n100_m78_d0.4_b_w23_seed4.txt,Set Cover,100,RelaxGrouping,20000,True,min,4,0.2241,0.0218,0.01912403106689453,25852,50667,529,True
set_cover_n100_m78_d0.4_b_w23_seed4.txt,Set Cover,100,RelaxGrouping,500,False,min,4,0.2168,na,0.018383502960205078,25124,49231,500,True
set_cover_n100_m78_d0.4_b_w23_seed4.txt,Set Cover,100,RelaxGrouping,1000,False,min,4,0.219,na,0.01946234703063965,25852,50667,529,True
set_cover_n100_m78_d0.4_b_w23_seed4.txt,Set Cover,100,RelaxGrouping,2000,False,min,4,0.2296,na,0.020343542098999023,25852,50667,529,True
set_cover_n100_m78_d0.4_b_w23_seed4.txt,Set Cover,100,RelaxGrouping,5000,False,min,4,0.2214,na,0.019872665405273438,25852,50667,529,True
set_cover_n100_m78_d0.4_b_w23_seed4.txt,Set Cover,100,RelaxGrouping,10000,False,min,4,0.2273,na,0.02015852928161621,25852,50667,529,True
set_cover_n100_m78_d0.4_b_w23_seed4.txt,Set Cover,100,RelaxGrouping,20000,False,min,4,0.2265,na,0.020910263061523438,25852,50667,529,True
set_cover_n100_m78_d0.05_b_w23_seed1.txt,Set Cover,100,RelaxGrouping,500,True,min,2,0.2633,0.0314,0.006689310073852539,8244,13600,250,True
set_cover_n100_m78_d0.05_b_w23_seed1.txt,Set Cover,100,RelaxGrouping,1000,True,min,3,0.5481,0.0714,0.015306949615478516,15032,24911,430,True
set_cover_n100_m78_d0.05_b_w23_seed1.txt,Set Cover,100,RelaxGrouping,2000,True,min,3,1.2545,0.1466,0.062499284744262695,22304,37474,710,True
set_cover_n100_m78_d0.05_b_w23_seed1.txt,Set Cover,100,RelaxGrouping,5000,True,min,3,3.912,0.4149,0.05646157264709473,44042,73780,1232,True
set_cover_n100_m78_d0.05_b_w23_seed1.txt,Set Cover,100,RelaxGrouping,500,False,min,2,0.2782,na,0.04827117919921875,26103,44298,496,True
set_cover_n100_m78_d0.05_b_w23_seed1.txt,Set Cover,100,RelaxGrouping,1000,False,min,3,0.6007,na,0.09715032577514648,51483,86842,998,True
set_cover_n100_m78_d0.05_b_w23_seed1.txt,Set Cover,100,RelaxGrouping,2000,False,min,3,1.3584,na,0.19517302513122559,97323,165648,1993,True
set_cover_n100_m78_d0.05_b_w23_seed1.txt,Set Cover,100,RelaxGrouping,10000,True,min,3,9.3545,0.9567,0.12105202674865723,85247,142372,2701,True
set_cover_n100_m78_d0.05_b_w23_seed1.txt,Set Cover,100,RelaxGrouping,5000,False,min,3,4.1338,na,0.4806654453277588,227123,386637,4975,True
set_cover_n100_m78_d0.5_b_w23_seed1.txt,Set Cover,100,RelaxGrouping,500,True,min,4,0.222,0.0246,0.01939868927001953,25051,49102,500,True
set_cover_n100_m78_d0.5_b_w23_seed1.txt,Set Cover,100,RelaxGrouping,1000,True,min,4,0.2357,0.0241,0.020776748657226562,25852,50667,529,True
set_cover_n100_m78_d0.5_b_w23_seed1.txt,Set Cover,100,RelaxGrouping,2000,True,min,4,0.2386,0.0244,0.02056407928466797,25852,50667,529,True
set_cover_n100_m78_d0.05_b_w23_seed1.txt,Set Cover,100,RelaxGrouping,10000,False,min,3,9.4771,na,0.5991222858428955,458763,772763,9992,True
set_cover_n100_m78_d0.5_b_w23_seed1.txt,Set Cover,100,RelaxGrouping,5000,True,min,4,0.235,0.0238,0.020488500595092773,25852,50667,529,True
set_cover_n100_m78_d0.5_b_w23_seed1.txt,Set Cover,100,RelaxGrouping,10000,True,min,4,0.2309,0.0238,0.02048492431640625,25852,50667,529,True
set_cover_n100_m78_d0.05_b_w23_seed1.txt,Set Cover,100,RelaxGrouping,20000,True,min,5,20.2747,2.038,0.2409076690673828,150965,259778,5504,True
set_cover_n100_m78_d0.5_b_w23_seed1.txt,Set Cover,100,RelaxGrouping,20000,True,min,4,0.2262,0.0232,0.019710540771484375,25852,50667,529,True
set_cover_n100_m78_d0.5_b_w23_seed1.txt,Set Cover,100,RelaxGrouping,500,False,min,4,0.2213,na,0.019736289978027344,25124,49231,500,True
set_cover_n100_m78_d0.5_b_w23_seed1.txt,Set Cover,100,RelaxGrouping,1000,False,min,4,0.2247,na,0.01979994773864746,25852,50667,529,True
set_cover_n100_m78_d0.5_b_w23_seed1.txt,Set Cover,100,RelaxGrouping,2000,False,min,4,0.2271,na,0.02074289321899414,25852,50667,529,True
set_cover_n100_m78_d0.5_b_w23_seed1.txt,Set Cover,100,RelaxGrouping,5000,False,min,4,0.2268,na,0.0203402042388916,25852,50667,529,True
set_cover_n100_m78_d0.5_b_w23_seed1.txt,Set Cover,100,RelaxGrouping,10000,False,min,4,0.2295,na,0.020324230194091797,25852,50667,529,True
set_cover_n100_m78_d0.05_b_w23_seed1.txt,Set Cover,100,RelaxGrouping,20000,False,min,5,19.7376,na,2.171950101852417,864295,1469861,19802,True
set_cover_n100_m78_d0.5_b_w23_seed1.txt,Set Cover,100,RelaxGrouping,20000,False,min,4,0.2294,na,0.020472288131713867,25852,50667,529,True
set_cover_n100_m78_d0.05_b_w23_seed2.txt,Set Cover,100,RelaxGrouping,500,True,min,3,0.3317,0.0395,0.009678840637207031,9823,15784,215,True
set_cover_n100_m78_d0.05_b_w23_seed2.txt,Set Cover,100,RelaxGrouping,1000,True,min,3,0.664,0.0795,0.02051854133605957,19991,31296,531,True
set_cover_n100_m78_d0.05_b_w23_seed2.txt,Set Cover,100,RelaxGrouping,2000,True,min,3,1.5105,0.1628,0.039528846740722656,37078,57558,1202,True
set_cover_n100_m78_d0.05_b_w23_seed2.txt,Set Cover,100,RelaxGrouping,500,False,min,3,0.3329,na,0.02513289451599121,29298,49305,498,True
set_cover_n100_m78_d0.05_b_w23_seed2.txt,Set Cover,100,RelaxGrouping,5000,True,min,3,4.7945,0.4665,0.08937358856201172,75676,117404,2396,True
set_cover_n100_m78_d0.05_b_w23_seed2.txt,Set Cover,100,RelaxGrouping,1000,False,min,3,0.7152,na,0.05131983757019043,58484,97781,994,True
set_cover_n100_m78_d0.05_b_w23_seed2.txt,Set Cover,100,RelaxGrouping,2000,False,min,3,1.5821,na,0.19926714897155762,111325,186186,1995,True
set_cover_n100_m78_d0.05_b_w23_seed2.txt,Set Cover,100,RelaxGrouping,10000,True,min,4,10.3549,1.0219,0.15436387062072754,111499,179182,2988,True
set_cover_n100_m78_d0.05_b_w23_seed2.txt,Set Cover,100,RelaxGrouping,5000,False,min,3,4.863,na,0.30049586296081543,266975,449748,4984,True
set_cover_n100_m78_d0.5_b_w23_seed2.txt,Set Cover,100,RelaxGrouping,500,True,min,4,0.2217,0.0239,0.019460678100585938,25051,49102,500,True
set_cover_n100_m78_d0.5_b_w23_seed2.txt,Set Cover,100,RelaxGrouping,1000,True,min,4,0.2344,0.0235,0.0201416015625,25852,50667,529,True
set_cover_n100_m78_d0.5_b_w23_seed2.txt,Set Cover,100,RelaxGrouping,2000,True,min,4,0.2362,0.0242,0.020641326904296875,25852,50667,529,True
set_cover_n100_m78_d0.05_b_w23_seed2.txt,Set Cover,100,RelaxGrouping,10000,False,min,4,10.4812,na,1.1940538883209229,512829,860909,9980,True
set_cover_n100_m78_d0.5_b_w23_seed2.txt,Set Cover,100,RelaxGrouping,5000,True,min,4,0.2357,0.0243,0.020809412002563477,25852,50667,529,True
set_cover_n100_m78_d0.05_b_w23_seed2.txt,Set Cover,100,RelaxGrouping,20000,True,min,4,20.957,2.1771,0.6576783657073975,175590,284608,5183,True
set_cover_n100_m78_d0.5_b_w23_seed2.txt,Set Cover,100,RelaxGrouping,10000,True,min,4,0.2329,0.0241,0.020503997802734375,25852,50667,529,True
set_cover_n100_m78_d0.5_b_w23_seed2.txt,Set Cover,100,RelaxGrouping,20000,True,min,4,0.2284,0.023,0.019927263259887695,25852,50667,529,True
set_cover_n100_m78_d0.5_b_w23_seed2.txt,Set Cover,100,RelaxGrouping,500,False,min,4,0.2201,na,0.0191192626953125,25124,49231,500,True
set_cover_n100_m78_d0.5_b_w23_seed2.txt,Set Cover,100,RelaxGrouping,1000,False,min,4,0.2225,na,0.01980113983154297,25852,50667,529,True
set_cover_n100_m78_d0.5_b_w23_seed2.txt,Set Cover,100,RelaxGrouping,2000,False,min,4,0.2211,na,0.01951146125793457,25852,50667,529,True
set_cover_n100_m78_d0.5_b_w23_seed2.txt,Set Cover,100,RelaxGrouping,5000,False,min,4,0.2267,na,0.020423173904418945,25852,50667,529,True
set_cover_n100_m78_d0.5_b_w23_seed2.txt,Set Cover,100,RelaxGrouping,10000,False,min,4,0.2273,na,0.020459890365600586,25852,50667,529,True
set_cover_n100_m78_d0.05_b_w23_seed2.txt,Set Cover,100,RelaxGrouping,20000,False,min,4,20.227,na,2.171700954437256,946735,1601808,19815,True
set_cover_n100_m78_d0.5_b_w23_seed2.txt,Set Cover,100,RelaxGrouping,20000,False,min,4,0.2294,na,0.02099156379699707,25852,50667,529,True
set_cover_n100_m78_d0.05_b_w23_seed3.txt,Set Cover,100,RelaxGrouping,500,True,min,2,0.3234,0.0408,0.009033679962158203,8622,14426,209,True
set_cover_n100_m78_d0.05_b_w23_seed3.txt,Set Cover,100,RelaxGrouping,1000,True,min,3,0.6712,0.0788,0.014716386795043945,13922,23227,399,True
set_cover_n100_m78_d0.05_b_w23_seed3.txt,Set Cover,100,RelaxGrouping,2000,True,min,3,1.4657,0.1677,0.02820730209350586,25243,42436,690,True
set_cover_n100_m78_d0.05_b_w23_seed3.txt,Set Cover,100,RelaxGrouping,500,False,min,2,0.3379,na,0.025951147079467773,29862,49466,496,True
set_cover_n100_m78_d0.05_b_w23_seed3.txt,Set Cover,100,RelaxGrouping,5000,True,min,3,4.704,0.5193,0.21253752708435059,57993,96916,1625,True
set_cover_n100_m78_d0.05_b_w23_seed3.txt,Set Cover,100,RelaxGrouping,1000,False,min,3,0.71,na,0.05195283889770508,58368,96198,996,True
set_cover_n100_m78_d0.05_b_w23_seed3.txt,Set Cover,100,RelaxGrouping,2000,False,min,3,1.6022,na,0.21991968154907227,113858,187987,1991,True
set_cover_n100_m78_d0.05_b_w23_seed3.txt,Set Cover,100,RelaxGrouping,10000,True,min,3,10.5345,1.067,0.15306615829467773,105765,177284,3797,True
set_cover_n100_m78_d0.05_b_w23_seed3.txt,Set Cover,100,RelaxGrouping,5000,False,min,3,4.8367,na,0.6093974113464355,269986,446743,4986,True
set_cover_n100_m78_d0.5_b_w23_seed3.txt,Set Cover,100,RelaxGrouping,500,True,min,4,0.2281,0.0237,0.01947164535522461,25051,49102,500,True
set_cover_n100_m78_d0.5_b_w23_seed3.txt,Set Cover,100,RelaxGrouping,1000,True,min,4,0.2357,0.0247,0.021062374114990234,25852,50667,529,True
set_cover_n100_m78_d0.5_b_w23_seed3.txt,Set Cover,100,RelaxGrouping,2000,True,min,4,0.2309,0.0232,0.020077943801879883,25852,50667,529,True
set_cover_n100_m78_d0.05_b_w23_seed3.txt,Set Cover,100,RelaxGrouping,10000,False,min,3,10.7883,na,1.162017822265625,518898,856307,9841,True
set_cover_n100_m78_d0.5_b_w23_seed3.txt,Set Cover,100,RelaxGrouping,5000,True,min,4,0.2329,0.0239,0.02048945426940918,25852,50667,529,True
set_cover_n100_m78_d0.05_b_w23_seed3.txt,Set Cover,100,RelaxGrouping,20000,True,min,4,22.6659,2.4049,0.24019813537597656,155893,267866,3871,True
set_cover_n100_m78_d0.5_b_w23_seed3.txt,Set Cover,100,RelaxGrouping,10000,True,min,4,0.2389,0.0234,0.019989967346191406,25852,50667,529,True
set_cover_n100_m78_d0.5_b_w23_seed3.txt,Set Cover,100,RelaxGrouping,20000,True,min,4,0.2282,0.023,0.02011275291442871,25852,50667,529,True
set_cover_n100_m78_d0.5_b_w23_seed3.txt,Set Cover,100,RelaxGrouping,500,False,min,4,0.2215,na,0.02006840705871582,25124,49231,500,True
set_cover_n100_m78_d0.5_b_w23_seed3.txt,Set Cover,100,RelaxGrouping,1000,False,min,4,0.2304,na,0.020682811737060547,25852,50667,529,True
set_cover_n100_m78_d0.5_b_w23_seed3.txt,Set Cover,100,RelaxGrouping,2000,False,min,4,0.2245,na,0.020128250122070312,25852,50667,529,True
set_cover_n100_m78_d0.5_b_w23_seed3.txt,Set Cover,100,RelaxGrouping,5000,False,min,4,0.2279,na,0.020385026931762695,25852,50667,529,True
set_cover_n100_m78_d0.5_b_w23_seed3.txt,Set Cover,100,RelaxGrouping,10000,False,min,4,0.2276,na,0.020523548126220703,25852,50667,529,True
set_cover_n100_m78_d0.5_b_w23_seed3.txt,Set Cover,100,RelaxGrouping,20000,False,min,4,0.2232,na,0.02032637596130371,25852,50667,529,True
set_cover_n100_m78_d0.05_b_w23_seed3.txt,Set Cover,100,RelaxGrouping,20000,False,min,4,22.3412,na,2.468316078186035,1007103,1692135,19959,True
set_cover_n100_m78_d0.05_b_w23_seed4.txt,Set Cover,100,RelaxGrouping,500,True,min,2,0.316,0.0389,0.010289192199707031,9634,15904,232,True
set_cover_n100_m78_d0.05_b_w23_seed4.txt,Set Cover,100,RelaxGrouping,1000,True,min,2,0.6682,0.0697,0.00985860824584961,12689,21270,261,True
set_cover_n100_m78_d0.05_b_w23_seed4.txt,Set Cover,100,RelaxGrouping,2000,True,min,3,1.4468,0.1676,0.0245664119720459,22539,37936,506,True
set_cover_n100_m78_d0.05_b_w23_seed4.txt,Set Cover,100,RelaxGrouping,500,False,min,2,0.3373,na,0.024441242218017578,29812,49916,494,True
set_cover_n100_m78_d0.05_b_w23_seed4.txt,Set Cover,100,RelaxGrouping,5000,True,min,3,4.4771,0.4566,0.05431222915649414,40743,69540,1114,True
set_cover_n100_m78_d0.05_b_w23_seed4.txt,Set Cover,100,RelaxGrouping,1000,False,min,2,0.6796,na,0.04862618446350098,56664,95060,998,True
set_cover_n100_m78_d0.05_b_w23_seed4.txt,Set Cover,100,RelaxGrouping,2000,False,min,3,1.5908,na,0.2169959545135498,110977,184902,1989,True
set_cover_n100_m78_d0.05_b_w23_seed4.txt,Set Cover,100,RelaxGrouping,10000,True,min,3,10.2154,1.1423,0.3349766731262207,84117,144552,2415,True
set_cover_n100_m78_d0.05_b_w23_seed4.txt,Set Cover,100,RelaxGrouping,5000,False,min,3,4.6576,na,0.5634000301361084,267994,445291,4982,True
set_cover_n100_m78_d0.5_b_w23_seed4.txt,Set Cover,100,RelaxGrouping,500,True,min,4,0.2222,0.0239,0.019335031509399414,25051,49102,500,True
set_cover_n100_m78_d0.5_b_w23_seed4.txt,Set Cover,100,RelaxGrouping,1000,True,min,4,0.2306,0.023,0.020621538162231445,25852,50667,529,True
set_cover_n100_m78_d0.5_b_w23_seed4.txt,Set Cover,100,RelaxGrouping,2000,True,min,4,0.2397,0.0245,0.02041912078857422,25852,50667,529,True
set_cover_n100_m78_d0.05_b_w23_seed4.txt,Set Cover,100,RelaxGrouping,10000,False,min,3,10.3024,na,1.1704740524291992,524409,874304,9926,True
set_cover_n100_m78_d0.5_b_w23_seed4.txt,Set Cover,100,RelaxGrouping,5000,True,min,4,0.241,0.0243,0.021041393280029297,25852,50667,529,True
set_cover_n100_m78_d0.5_b_w23_seed4.txt,Set Cover,100,RelaxGrouping,10000,True,min,4,0.2289,0.0232,0.01985955238342285,25852,50667,529,True
set_cover_n100_m78_d0.5_b_w23_seed4.txt,Set Cover,100,RelaxGrouping,20000,True,min,4,0.2279,0.0232,0.020302772521972656,25852,50667,529,True
set_cover_n100_m78_d0.05_b_w23_seed4.txt,Set Cover,100,RelaxGrouping,20000,True,min,3,23.291,2.3663,0.20294809341430664,133398,230957,3929,True
set_cover_n100_m78_d0.5_b_w23_seed4.txt,Set Cover,100,RelaxGrouping,500,False,min,4,0.2235,na,0.019730567932128906,25124,49231,500,True
set_cover_n100_m78_d0.5_b_w23_seed4.txt,Set Cover,100,RelaxGrouping,1000,False,min,4,0.2241,na,0.02069878578186035,25852,50667,529,True
set_cover_n100_m78_d0.5_b_w23_seed4.txt,Set Cover,100,RelaxGrouping,2000,False,min,4,0.2405,na,0.02165699005126953,25852,50667,529,True
set_cover_n100_m78_d0.5_b_w23_seed4.txt,Set Cover,100,RelaxGrouping,5000,False,min,4,0.2262,na,0.02041172981262207,25852,50667,529,True
set_cover_n100_m78_d0.5_b_w23_seed4.txt,Set Cover,100,RelaxGrouping,10000,False,min,4,0.2267,na,0.020325422286987305,25852,50667,529,True
set_cover_n100_m78_d0.5_b_w23_seed4.txt,Set Cover,100,RelaxGrouping,20000,False,min,4,0.2247,na,0.02041316032409668,25852,50667,529,True
set_cover_n100_m78_d0.15_b_w23_seed1.txt,Set Cover,100,RelaxGrouping,500,True,min,2,0.3965,0.0509,0.010755300521850586,10111,19221,242,True
set_cover_n100_m78_d0.05_b_w23_seed4.txt,Set Cover,100,RelaxGrouping,20000,False,min,3,23.1477,na,2.5532665252685547,1045658,1743974,19936,True
set_cover_n100_m78_d0.15_b_w23_seed1.txt,Set Cover,100,RelaxGrouping,1000,True,min,2,0.759,0.0976,0.02020263671875,17054,32646,426,True
set_cover_n100_m78_d0.15_b_w23_seed1.txt,Set Cover,100,RelaxGrouping,2000,True,min,2,1.6649,0.1923,0.09108543395996094,27547,53046,795,True
set_cover_n100_m78_d0.15_b_w23_seed1.txt,Set Cover,100,RelaxGrouping,500,False,min,2,0.4123,na,0.0327000617980957,34548,65059,498,True
set_cover_n100_m78_d0.15_b_w23_seed1.txt,Set Cover,100,RelaxGrouping,5000,True,min,2,4.6864,0.5513,0.0734245777130127,55893,108008,1965,True
set_cover_n100_m78_d0.15_b_w23_seed1.txt,Set Cover,100,RelaxGrouping,1000,False,min,2,0.7993,na,0.11580038070678711,62309,117823,993,True
set_cover_n100_m78_d0.15_b_w23_seed1.txt,Set Cover,100,RelaxGrouping,2000,False,min,2,1.7009,na,0.2384202480316162,114158,216339,1991,True
set_cover_n100_m78_d0.15_b_w23_seed1.txt,Set Cover,100,RelaxGrouping,10000,True,min,2,10.1341,1.1358,0.15123486518859863,102357,198588,3970,True
set_cover_n100_m78_d0.15_b_w23_seed1.txt,Set Cover,100,RelaxGrouping,5000,False,min,2,4.8635,na,0.6443850994110107,256951,488161,4979,True
set_cover_n100_m78_d0.15_b_w23_seed2.txt,Set Cover,100,RelaxGrouping,500,True,min,2,0.3841,0.0472,0.010494232177734375,9256,17255,284,True
set_cover_n100_m78_d0.15_b_w23_seed2.txt,Set Cover,100,RelaxGrouping,1000,True,min,2,0.7881,0.0976,0.0206298828125,16928,31956,606,True
set_cover_n100_m78_d0.15_b_w23_seed1.txt,Set Cover,100,RelaxGrouping,10000,False,min,2,10.3317,na,0.7314741611480713,478249,910225,9941,True
set_cover_n100_m78_d0.15_b_w23_seed2.txt,Set Cover,100,RelaxGrouping,2000,True,min,2,1.6807,0.1933,0.08483552932739258,25275,47755,925,True
set_cover_n100_m78_d0.15_b_w23_seed1.txt,Set Cover,100,RelaxGrouping,20000,True,min,2,21.1501,2.4714,0.29875874519348145,185830,360939,8032,True
set_cover_n100_m78_d0.15_b_w23_seed2.txt,Set Cover,100,RelaxGrouping,5000,True,min,2,4.8888,0.5457,0.06855511665344238,47233,89543,1495,True
set_cover_n100_m78_d0.15_b_w23_seed2.txt,Set Cover,100,RelaxGrouping,500,False,min,2,0.3847,na,0.028310537338256836,31926,60218,495,True
set_cover_n100_m78_d0.15_b_w23_seed2.txt,Set Cover,100,RelaxGrouping,1000,False,min,2,0.8071,na,0.12656497955322266,58633,110703,988,True
set_cover_n100_m78_d0.15_b_w23_seed1.txt,Set Cover,100,RelaxGrouping,20000,False,min,2,21.103,na,1.4992341995239258,899159,1709864,19966,True
set_cover_n100_m78_d0.15_b_w23_seed2.txt,Set Cover,100,RelaxGrouping,2000,False,min,2,1.7041,na,0.2327558994293213,108802,206703,1999,True
set_cover_n100_m78_d0.15_b_w23_seed2.txt,Set Cover,100,RelaxGrouping,10000,True,min,2,10.6878,1.232,0.12074041366577148,81780,156285,3183,True
set_cover_n100_m78_d0.15_b_w23_seed2.txt,Set Cover,100,RelaxGrouping,5000,False,min,2,4.8558,na,0.6392502784729004,257181,489154,4997,True
set_cover_n100_m78_d0.15_b_w23_seed3.txt,Set Cover,100,RelaxGrouping,500,True,min,2,0.3955,0.0508,0.013760089874267578,11795,22375,247,True
set_cover_n100_m78_d0.15_b_w23_seed3.txt,Set Cover,100,RelaxGrouping,1000,True,min,2,0.7846,0.1027,0.024550199508666992,20251,38610,481,True
set_cover_n100_m78_d0.15_b_w23_seed3.txt,Set Cover,100,RelaxGrouping,2000,True,min,2,1.8187,0.2069,0.0412898063659668,32887,62807,854,True
set_cover_n100_m78_d0.15_b_w23_seed2.txt,Set Cover,100,RelaxGrouping,20000,True,min,2,21.9508,2.6518,0.27865076065063477,161908,311246,6891,True
set_cover_n100_m78_d0.15_b_w23_seed2.txt,Set Cover,100,RelaxGrouping,10000,False,min,2,10.813,na,1.3106892108917236,499132,950247,9980,True
set_cover_n100_m78_d0.15_b_w23_seed3.txt,Set Cover,100,RelaxGrouping,5000,True,min,2,4.5581,0.5352,0.257781982421875,69102,133126,1904,True
set_cover_n100_m78_d0.15_b_w23_seed3.txt,Set Cover,100,RelaxGrouping,500,False,min,2,0.3731,na,0.02916097640991211,32676,61049,493,True
set_cover_n100_m78_d0.15_b_w23_seed3.txt,Set Cover,100,RelaxGrouping,1000,False,min,2,0.7932,na,0.11092662811279297,62371,117013,998,True
set_cover_n100_m78_d0.15_b_w23_seed2.txt,Set Cover,100,RelaxGrouping,20000,False,min,2,22.0652,na,1.5182037353515625,947160,1804436,19949,True
set_cover_n100_m78_d0.15_b_w23_seed3.txt,Set Cover,100,RelaxGrouping,10000,True,min,3,9.6144,1.1981,0.18107247352600098,122647,237312,3662,True
set_cover_n100_m78_d0.15_b_w23_seed3.txt,Set Cover,100,RelaxGrouping,2000,False,min,2,1.8246,na,0.1264808177947998,117155,220177,1991,True
set_cover_n100_m78_d0.15_b_w23_seed3.txt,Set Cover,100,RelaxGrouping,5000,False,min,2,4.4699,na,0.6268970966339111,262482,496244,4981,True
set_cover_n100_m78_d0.15_b_w23_seed4.txt,Set Cover,100,RelaxGrouping,500,True,min,2,0.3969,0.0508,0.011138200759887695,8990,16801,228,True
set_cover_n100_m78_d0.15_b_w23_seed4.txt,Set Cover,100,RelaxGrouping,1000,True,min,2,0.8311,0.1006,0.0179290771484375,14270,26823,349,True
set_cover_n100_m78_d0.15_b_w23_seed3.txt,Set Cover,100,RelaxGrouping,20000,True,min,3,18.6852,2.4568,0.3977055549621582,227018,440689,7992,True
set_cover_n100_m78_d0.15_b_w23_seed4.txt,Set Cover,100,RelaxGrouping,2000,True,min,2,1.8791,0.2116,0.03443169593811035,26127,49273,653,True
set_cover_n100_m78_d0.15_b_w23_seed3.txt,Set Cover,100,RelaxGrouping,10000,False,min,3,9.7049,na,1.2183706760406494,482758,913387,9968,True
set_cover_n100_m78_d0.15_b_w23_seed4.txt,Set Cover,100,RelaxGrouping,500,False,min,2,0.4106,na,0.030333280563354492,32478,60465,496,True
set_cover_n100_m78_d0.15_b_w23_seed4.txt,Set Cover,100,RelaxGrouping,5000,True,min,2,5.5854,0.6712,0.08225274085998535,56761,107589,1627,True
set_cover_n100_m78_d0.15_b_w23_seed4.txt,Set Cover,100,RelaxGrouping,1000,False,min,2,0.7779,na,0.12624549865722656,62139,116266,990,True
set_cover_n100_m78_d0.15_b_w23_seed3.txt,Set Cover,100,RelaxGrouping,20000,False,min,3,18.6706,na,2.4599719047546387,883302,1673156,19777,True
set_cover_n100_m78_d0.15_b_w23_seed4.txt,Set Cover,100,RelaxGrouping,2000,False,min,2,1.9141,na,0.24642705917358398,119223,224251,1986,True
set_cover_n100_m78_d0.15_b_w23_seed4.txt,Set Cover,100,RelaxGrouping,10000,True,min,2,11.1218,1.2581,0.4431140422821045,106586,203675,3268,True
set_cover_n100_m78_d0.15_b_w23_seed4.txt,Set Cover,100,RelaxGrouping,5000,False,min,2,5.5244,na,0.7207376956939697,286788,539134,4980,True
set_cover_n100_m78_d0.25_b_w23_seed1.txt,Set Cover,100,RelaxGrouping,500,True,min,4,0.2379,0.0249,0.02044081687927246,25051,49102,500,True
set_cover_n100_m78_d0.25_b_w23_seed1.txt,Set Cover,100,RelaxGrouping,1000,True,min,4,0.2398,0.0233,0.020006179809570312,25852,50667,529,True
set_cover_n100_m78_d0.25_b_w23_seed1.txt,Set Cover,100,RelaxGrouping,2000,True,min,4,0.2301,0.0235,0.020142316818237305,25852,50667,529,True
set_cover_n100_m78_d0.15_b_w23_seed4.txt,Set Cover,100,RelaxGrouping,10000,False,min,2,11.103,na,1.4073567390441895,539121,1017172,9978,True
set_cover_n100_m78_d0.25_b_w23_seed1.txt,Set Cover,100,RelaxGrouping,5000,True,min,4,0.2346,0.0236,0.02041935920715332,25852,50667,529,True
set_cover_n100_m78_d0.15_b_w23_seed4.txt,Set Cover,100,RelaxGrouping,20000,True,min,2,22.725,2.7815,0.31273651123046875,182117,348230,5960,True
set_cover_n100_m78_d0.25_b_w23_seed1.txt,Set Cover,100,RelaxGrouping,10000,True,min,4,0.2276,0.0238,0.020411252975463867,25852,50667,529,True
set_cover_n100_m78_d0.25_b_w23_seed1.txt,Set Cover,100,RelaxGrouping,20000,True,min,4,0.2264,0.0229,0.01985335350036621,25852,50667,529,True
set_cover_n100_m78_d0.25_b_w23_seed1.txt,Set Cover,100,RelaxGrouping,500,False,min,4,0.2302,na,0.020470142364501953,25124,49231,500,True
set_cover_n100_m78_d0.25_b_w23_seed1.txt,Set Cover,100,RelaxGrouping,1000,False,min,4,0.2272,na,0.01993584632873535,25852,50667,529,True
set_cover_n100_m78_d0.25_b_w23_seed1.txt,Set Cover,100,RelaxGrouping,2000,False,min,4,0.2251,na,0.020263671875,25852,50667,529,True
set_cover_n100_m78_d0.25_b_w23_seed1.txt,Set Cover,100,RelaxGrouping,5000,False,min,4,0.2296,na,0.02060866355895996,25852,50667,529,True
set_cover_n100_m78_d0.25_b_w23_seed1.txt,Set Cover,100,RelaxGrouping,10000,False,min,4,0.2245,na,0.020123958587646484,25852,50667,529,True
set_cover_n100_m78_d0.25_b_w23_seed1.txt,Set Cover,100,RelaxGrouping,20000,False,min,4,0.2266,na,0.020152568817138672,25852,50667,529,True
set_cover_n100_m78_d0.15_b_w23_seed4.txt,Set Cover,100,RelaxGrouping,20000,False,min,2,22.1717,na,2.7456562519073486,1029911,1948965,19969,True
set_cover_n100_m78_d0.25_b_w23_seed2.txt,Set Cover,100,RelaxGrouping,500,True,min,4,0.2235,0.0237,0.018763303756713867,25051,49102,500,True
set_cover_n100_m78_d0.25_b_w23_seed2.txt,Set Cover,100,RelaxGrouping,1000,True,min,4,0.2271,0.0235,0.020267486572265625,25852,50667,529,True
set_cover_n100_m78_d0.25_b_w23_seed2.txt,Set Cover,100,RelaxGrouping,2000,True,min,4,0.2226,0.0227,0.018958568572998047,25852,50667,529,True
set_cover_n100_m78_d0.25_b_w23_seed2.txt,Set Cover,100,RelaxGrouping,5000,True,min,4,0.221,0.023,0.01984405517578125,25852,50667,529,True
set_cover_n100_m78_d0.25_b_w23_seed2.txt,Set Cover,100,RelaxGrouping,10000,True,min,4,0.2256,0.023,0.019141197204589844,25852,50667,529,True
set_cover_n100_m78_d0.25_b_w23_seed2.txt,Set Cover,100,RelaxGrouping,20000,True,min,4,0.2244,0.0236,0.01947760581970215,25852,50667,529,True
set_cover_n100_m78_d0.25_b_w23_seed2.txt,Set Cover,100,RelaxGrouping,500,False,min,4,0.2179,na,0.019273996353149414,25124,49231,500,True
set_cover_n100_m78_d0.25_b_w23_seed2.txt,Set Cover,100,RelaxGrouping,1000,False,min,4,0.2226,na,0.019045352935791016,25852,50667,529,True
set_cover_n100_m78_d0.25_b_w23_seed2.txt,Set Cover,100,RelaxGrouping,2000,False,min,4,0.2268,na,0.020184755325317383,25852,50667,529,True
set_cover_n100_m78_d0.25_b_w23_seed2.txt,Set Cover,100,RelaxGrouping,5000,False,min,4,0.2251,na,0.019917726516723633,25852,50667,529,True
set_cover_n100_m78_d0.25_b_w23_seed2.txt,Set Cover,100,RelaxGrouping,10000,False,min,4,0.223,na,0.0198822021484375,25852,50667,529,True
set_cover_n100_m78_d0.25_b_w23_seed2.txt,Set Cover,100,RelaxGrouping,20000,False,min,4,0.2192,na,0.01957988739013672,25852,50667,529,True
set_cover_n100_m78_d0.25_b_w23_seed3.txt,Set Cover,100,RelaxGrouping,500,True,min,4,0.2203,0.0218,0.018808841705322266,25051,49102,500,True
set_cover_n100_m78_d0.25_b_w23_seed3.txt,Set Cover,100,RelaxGrouping,1000,True,min,4,0.2214,0.0225,0.01921391487121582,25852,50667,529,True
set_cover_n100_m78_d0.25_b_w23_seed3.txt,Set Cover,100,RelaxGrouping,2000,True,min,4,0.2281,0.024,0.02034306526184082,25852,50667,529,True
set_cover_n100_m78_d0.25_b_w23_seed3.txt,Set Cover,100,RelaxGrouping,5000,True,min,4,0.2202,0.0228,0.020223140716552734,25852,50667,529,True
set_cover_n100_m78_d0.25_b_w23_seed3.txt,Set Cover,100,RelaxGrouping,10000,True,min,4,0.2217,0.0222,0.01865983009338379,25852,50667,529,True
set_cover_n100_m78_d0.25_b_w23_seed3.txt,Set Cover,100,RelaxGrouping,20000,True,min,4,0.2246,0.0232,0.01995849609375,25852,50667,529,True
set_cover_n100_m78_d0.25_b_w23_seed3.txt,Set Cover,100,RelaxGrouping,500,False,min,4,0.2192,na,0.018855571746826172,25124,49231,500,True
set_cover_n100_m78_d0.25_b_w23_seed3.txt,Set Cover,100,RelaxGrouping,1000,False,min,4,0.2213,na,0.01929450035095215,25852,50667,529,True
set_cover_n100_m78_d0.25_b_w23_seed3.txt,Set Cover,100,RelaxGrouping,2000,False,min,4,0.2252,na,0.020360231399536133,25852,50667,529,True
set_cover_n100_m78_d0.25_b_w23_seed3.txt,Set Cover,100,RelaxGrouping,5000,False,min,4,0.2245,na,0.020571231842041016,25852,50667,529,True
set_cover_n100_m78_d0.25_b_w23_seed3.txt,Set Cover,100,RelaxGrouping,10000,False,min,4,0.2244,na,0.02027440071105957,25852,50667,529,True
set_cover_n100_m78_d0.25_b_w23_seed3.txt,Set Cover,100,RelaxGrouping,20000,False,min,4,0.2314,na,0.020046472549438477,25852,50667,529,True
set_cover_n100_m78_d0.25_b_w23_seed4.txt,Set Cover,100,RelaxGrouping,500,True,min,4,0.2194,0.0231,0.01878833770751953,25051,49102,500,True
set_cover_n100_m78_d0.25_b_w23_seed4.txt,Set Cover,100,RelaxGrouping,1000,True,min,4,0.2217,0.0222,0.018842220306396484,25852,50667,529,True
set_cover_n100_m78_d0.25_b_w23_seed4.txt,Set Cover,100,RelaxGrouping,2000,True,min,4,0.2259,0.0218,0.01889514923095703,25852,50667,529,True
set_cover_n100_m78_d0.25_b_w23_seed4.txt,Set Cover,100,RelaxGrouping,5000,True,min,4,0.2222,0.0226,0.019470930099487305,25852,50667,529,True
set_cover_n100_m78_d0.25_b_w23_seed4.txt,Set Cover,100,RelaxGrouping,10000,True,min,4,0.2243,0.0221,0.019032955169677734,25852,50667,529,True
set_cover_n100_m78_d0.25_b_w23_seed4.txt,Set Cover,100,RelaxGrouping,20000,True,min,4,0.2247,0.0233,0.01922917366027832,25852,50667,529,True
set_cover_n100_m78_d0.25_b_w23_seed4.txt,Set Cover,100,RelaxGrouping,500,False,min,4,0.2224,na,0.019463062286376953,25124,49231,500,True
set_cover_n100_m78_d0.25_b_w23_seed4.txt,Set Cover,100,RelaxGrouping,1000,False,min,4,0.2202,na,0.020032882690429688,25852,50667,529,True
set_cover_n100_m78_d0.25_b_w23_seed4.txt,Set Cover,100,RelaxGrouping,2000,False,min,4,0.2254,na,0.020377397537231445,25852,50667,529,True
set_cover_n100_m78_d0.25_b_w23_seed4.txt,Set Cover,100,RelaxGrouping,5000,False,min,4,0.2206,na,0.019968748092651367,25852,50667,529,True
set_cover_n100_m78_d0.25_b_w23_seed4.txt,Set Cover,100,RelaxGrouping,10000,False,min,4,0.2285,na,0.020263195037841797,25852,50667,529,True
set_cover_n100_m78_d0.25_b_w23_seed4.txt,Set Cover,100,RelaxGrouping,20000,False,min,4,0.2294,na,0.020999670028686523,25852,50667,529,True
set_cover_n100_m78_d0.35_b_w23_seed1.txt,Set Cover,100,RelaxGrouping,500,True,min,4,0.2199,0.0236,0.0192563533782959,25051,49102,500,True
set_cover_n100_m78_d0.35_b_w23_seed1.txt,Set Cover,100,RelaxGrouping,1000,True,min,4,0.2194,0.0216,0.019164085388183594,25852,50667,529,True
set_cover_n100_m78_d0.35_b_w23_seed1.txt,Set Cover,100,RelaxGrouping,2000,True,min,4,0.2257,0.0231,0.019887447357177734,25852,50667,529,True
set_cover_n100_m78_d0.35_b_w23_seed1.txt,Set Cover,100,RelaxGrouping,5000,True,min,4,0.226,0.0233,0.019745349884033203,25852,50667,529,True
set_cover_n100_m78_d0.35_b_w23_seed1.txt,Set Cover,100,RelaxGrouping,10000,True,min,4,0.2244,0.023,0.019507408142089844,25852,50667,529,True
set_cover_n100_m78_d0.35_b_w23_seed1.txt,Set Cover,100,RelaxGrouping,20000,True,min,4,0.2238,0.0233,0.0201113224029541,25852,50667,529,True
set_cover_n100_m78_d0.35_b_w23_seed1.txt,Set Cover,100,RelaxGrouping,500,False,min,4,0.2188,na,0.019245147705078125,25124,49231,500,True
set_cover_n100_m78_d0.35_b_w23_seed1.txt,Set Cover,100,RelaxGrouping,1000,False,min,4,0.2219,na,0.02010035514831543,25852,50667,529,True
set_cover_n100_m78_d0.35_b_w23_seed1.txt,Set Cover,100,RelaxGrouping,2000,False,min,4,0.2251,na,0.02010512351989746,25852,50667,529,True
set_cover_n100_m78_d0.35_b_w23_seed1.txt,Set Cover,100,RelaxGrouping,5000,False,min,4,0.2216,na,0.019756793975830078,25852,50667,529,True
set_cover_n100_m78_d0.35_b_w23_seed1.txt,Set Cover,100,RelaxGrouping,10000,False,min,4,0.2229,na,0.019521474838256836,25852,50667,529,True
set_cover_n100_m78_d0.35_b_w23_seed1.txt,Set Cover,100,RelaxGrouping,20000,False,min,4,0.2243,na,0.019684314727783203,25852,50667,529,True
set_cover_n100_m78_d0.35_b_w23_seed2.txt,Set Cover,100,RelaxGrouping,500,True,min,4,0.217,0.022,0.018393516540527344,25051,49102,500,True
set_cover_n100_m78_d0.35_b_w23_seed2.txt,Set Cover,100,RelaxGrouping,1000,True,min,4,0.222,0.0208,0.018460988998413086,25852,50667,529,True
set_cover_n100_m78_d0.35_b_w23_seed2.txt,Set Cover,100,RelaxGrouping,2000,True,min,4,0.2237,0.0229,0.019345521926879883,25852,50667,529,True
set_cover_n100_m78_d0.35_b_w23_seed2.txt,Set Cover,100,RelaxGrouping,5000,True,min,4,0.224,0.0231,0.019129514694213867,25852,50667,529,True
set_cover_n100_m78_d0.35_b_w23_seed2.txt,Set Cover,100,RelaxGrouping,10000,True,min,4,0.2238,0.0231,0.01995539665222168,25852,50667,529,True
set_cover_n100_m78_d0.35_b_w23_seed2.txt,Set Cover,100,RelaxGrouping,20000,True,min,4,0.2291,0.0232,0.020045042037963867,25852,50667,529,True
set_cover_n100_m78_d0.35_b_w23_seed2.txt,Set Cover,100,RelaxGrouping,500,False,min,4,0.2242,na,0.01937246322631836,25124,49231,500,True
set_cover_n100_m78_d0.35_b_w23_seed2.txt,Set Cover,100,RelaxGrouping,1000,False,min,4,0.225,na,0.019318342208862305,25852,50667,529,True
set_cover_n100_m78_d0.35_b_w23_seed2.txt,Set Cover,100,RelaxGrouping,2000,False,min,4,0.2227,na,0.020206451416015625,25852,50667,529,True
set_cover_n100_m78_d0.35_b_w23_seed2.txt,Set Cover,100,RelaxGrouping,5000,False,min,4,0.2213,na,0.018952369689941406,25852,50667,529,True
set_cover_n100_m78_d0.35_b_w23_seed2.txt,Set Cover,100,RelaxGrouping,10000,False,min,4,0.2214,na,0.01964116096496582,25852,50667,529,True
set_cover_n100_m78_d0.35_b_w23_seed2.txt,Set Cover,100,RelaxGrouping,20000,False,min,4,0.2234,na,0.0196993350982666,25852,50667,529,True
set_cover_n100_m78_d0.35_b_w23_seed3.txt,Set Cover,100,RelaxGrouping,500,True,min,4,0.2199,0.0242,0.019671201705932617,25051,49102,500,True
set_cover_n100_m78_d0.35_b_w23_seed3.txt,Set Cover,100,RelaxGrouping,1000,True,min,4,0.2234,0.0227,0.019374608993530273,25852,50667,529,True
set_cover_n100_m78_d0.35_b_w23_seed3.txt,Set Cover,100,RelaxGrouping,2000,True,min,4,0.2279,0.0241,0.020070314407348633,25852,50667,529,True
set_cover_n100_m78_d0.35_b_w23_seed3.txt,Set Cover,100,RelaxGrouping,5000,True,min,4,0.2189,0.021,0.018465042114257812,25852,50667,529,True
set_cover_n100_m78_d0.35_b_w23_seed3.txt,Set Cover,100,RelaxGrouping,10000,True,min,4,0.2161,0.0207,0.0182497501373291,25852,50667,529,True
set_cover_n100_m78_d0.35_b_w23_seed3.txt,Set Cover,100,RelaxGrouping,20000,True,min,4,0.2216,0.0227,0.019092559814453125,25852,50667,529,True
set_cover_n100_m78_d0.35_b_w23_seed3.txt,Set Cover,100,RelaxGrouping,500,False,min,4,0.2145,na,0.019564390182495117,25124,49231,500,True
set_cover_n100_m78_d0.35_b_w23_seed3.txt,Set Cover,100,RelaxGrouping,1000,False,min,4,0.2228,na,0.02002239227294922,25852,50667,529,True
set_cover_n100_m78_d0.35_b_w23_seed3.txt,Set Cover,100,RelaxGrouping,2000,False,min,4,0.2238,na,0.02047443389892578,25852,50667,529,True
set_cover_n100_m78_d0.35_b_w23_seed3.txt,Set Cover,100,RelaxGrouping,5000,False,min,4,0.224,na,0.01954793930053711,25852,50667,529,True
set_cover_n100_m78_d0.35_b_w23_seed3.txt,Set Cover,100,RelaxGrouping,10000,False,min,4,0.2214,na,0.01959085464477539,25852,50667,529,True
set_cover_n100_m78_d0.35_b_w23_seed3.txt,Set Cover,100,RelaxGrouping,20000,False,min,4,0.2259,na,0.02011561393737793,25852,50667,529,True
set_cover_n100_m78_d0.35_b_w23_seed4.txt,Set Cover,100,RelaxGrouping,500,True,min,4,0.2225,0.0219,0.018520832061767578,25051,49102,500,True
set_cover_n100_m78_d0.35_b_w23_seed4.txt,Set Cover,100,RelaxGrouping,1000,True,min,4,0.2256,0.023,0.019323110580444336,25852,50667,529,True
set_cover_n100_m78_d0.35_b_w23_seed4.txt,Set Cover,100,RelaxGrouping,2000,True,min,4,0.2224,0.0235,0.019948959350585938,25852,50667,529,True
set_cover_n100_m78_d0.35_b_w23_seed4.txt,Set Cover,100,RelaxGrouping,5000,True,min,4,0.224,0.0217,0.019343137741088867,25852,50667,529,True
set_cover_n100_m78_d0.35_b_w23_seed4.txt,Set Cover,100,RelaxGrouping,10000,True,min,4,0.2277,0.0231,0.020449399948120117,25852,50667,529,True
set_cover_n100_m78_d0.35_b_w23_seed4.txt,Set Cover,100,RelaxGrouping,20000,True,min,4,0.2227,0.023,0.019362211227416992,25852,50667,529,True
set_cover_n100_m78_d0.35_b_w23_seed4.txt,Set Cover,100,RelaxGrouping,500,False,min,4,0.2162,na,0.019415616989135742,25124,49231,500,True
set_cover_n100_m78_d0.35_b_w23_seed4.txt,Set Cover,100,RelaxGrouping,1000,False,min,4,0.2197,na,0.020290136337280273,25852,50667,529,True
set_cover_n100_m78_d0.35_b_w23_seed4.txt,Set Cover,100,RelaxGrouping,2000,False,min,4,0.2266,na,0.020402908325195312,25852,50667,529,True
set_cover_n100_m78_d0.35_b_w23_seed4.txt,Set Cover,100,RelaxGrouping,5000,False,min,4,0.2276,na,0.01972794532775879,25852,50667,529,True
set_cover_n100_m78_d0.35_b_w23_seed4.txt,Set Cover,100,RelaxGrouping,10000,False,min,4,0.2256,na,0.0194242000579834,25852,50667,529,True
set_cover_n100_m78_d0.35_b_w23_seed4.txt,Set Cover,100,RelaxGrouping,20000,False,min,4,0.2197,na,0.01909494400024414,25852,50667,529,True
set_cover_n100_m78_d0.45_b_w23_seed1.txt,Set Cover,100,RelaxGrouping,500,True,min,4,0.2205,0.0241,0.01898789405822754,25051,49102,500,True
set_cover_n100_m78_d0.45_b_w23_seed1.txt,Set Cover,100,RelaxGrouping,1000,True,min,4,0.2223,0.0232,0.01942276954650879,25852,50667,529,True
set_cover_n100_m78_d0.45_b_w23_seed1.txt,Set Cover,100,RelaxGrouping,2000,True,min,4,0.2251,0.0227,0.019632816314697266,25852,50667,529,True
set_cover_n100_m78_d0.45_b_w23_seed1.txt,Set Cover,100,RelaxGrouping,5000,True,min,4,0.217,0.022,0.019617557525634766,25852,50667,529,True
set_cover_n100_m78_d0.45_b_w23_seed1.txt,Set Cover,100,RelaxGrouping,10000,True,min,4,0.2177,0.0213,0.019179344177246094,25852,50667,529,True
set_cover_n100_m78_d0.45_b_w23_seed1.txt,Set Cover,100,RelaxGrouping,20000,True,min,4,0.2269,0.0231,0.020575523376464844,25852,50667,529,True
set_cover_n100_m78_d0.45_b_w23_seed1.txt,Set Cover,100,RelaxGrouping,500,False,min,4,0.2207,na,0.019298791885375977,25124,49231,500,True
set_cover_n100_m78_d0.45_b_w23_seed1.txt,Set Cover,100,RelaxGrouping,1000,False,min,4,0.2226,na,0.020209550857543945,25852,50667,529,True
set_cover_n100_m78_d0.45_b_w23_seed1.txt,Set Cover,100,RelaxGrouping,2000,False,min,4,0.2245,na,0.0203702449798584,25852,50667,529,True
set_cover_n100_m78_d0.45_b_w23_seed1.txt,Set Cover,100,RelaxGrouping,5000,False,min,4,0.2248,na,0.020195484161376953,25852,50667,529,True
set_cover_n100_m78_d0.45_b_w23_seed1.txt,Set Cover,100,RelaxGrouping,10000,False,min,4,0.2249,na,0.019509077072143555,25852,50667,529,True
set_cover_n100_m78_d0.45_b_w23_seed1.txt,Set Cover,100,RelaxGrouping,20000,False,min,4,0.2238,na,0.019346237182617188,25852,50667,529,True
set_cover_n100_m78_d0.45_b_w23_seed2.txt,Set Cover,100,RelaxGrouping,500,True,min,4,0.2219,0.0217,0.018605947494506836,25051,49102,500,True
set_cover_n100_m78_d0.45_b_w23_seed2.txt,Set Cover,100,RelaxGrouping,1000,True,min,4,0.2209,0.0232,0.01950693130493164,25852,50667,529,True
set_cover_n100_m78_d0.45_b_w23_seed2.txt,Set Cover,100,RelaxGrouping,2000,True,min,4,0.2273,0.0231,0.01982712745666504,25852,50667,529,True
set_cover_n100_m78_d0.45_b_w23_seed2.txt,Set Cover,100,RelaxGrouping,5000,True,min,4,0.2264,0.0221,0.020212888717651367,25852,50667,529,True
set_cover_n100_m78_d0.45_b_w23_seed2.txt,Set Cover,100,RelaxGrouping,10000,True,min,4,0.2173,0.0224,0.018810272216796875,25852,50667,529,True
set_cover_n100_m78_d0.45_b_w23_seed2.txt,Set Cover,100,RelaxGrouping,20000,True,min,4,0.2225,0.0232,0.019449472427368164,25852,50667,529,True
set_cover_n100_m78_d0.45_b_w23_seed2.txt,Set Cover,100,RelaxGrouping,500,False,min,4,0.2211,na,0.01983356475830078,25124,49231,500,True
set_cover_n100_m78_d0.45_b_w23_seed2.txt,Set Cover,100,RelaxGrouping,1000,False,min,4,0.2175,na,0.01934504508972168,25852,50667,529,True
set_cover_n100_m78_d0.45_b_w23_seed2.txt,Set Cover,100,RelaxGrouping,2000,False,min,4,0.2265,na,0.02023911476135254,25852,50667,529,True
set_cover_n100_m78_d0.45_b_w23_seed2.txt,Set Cover,100,RelaxGrouping,5000,False,min,4,0.2208,na,0.019719600677490234,25852,50667,529,True
set_cover_n100_m78_d0.45_b_w23_seed2.txt,Set Cover,100,RelaxGrouping,10000,False,min,4,0.2288,na,0.0199282169342041,25852,50667,529,True
set_cover_n100_m78_d0.45_b_w23_seed2.txt,Set Cover,100,RelaxGrouping,20000,False,min,4,0.2241,na,0.019675254821777344,25852,50667,529,True
set_cover_n100_m78_d0.45_b_w23_seed3.txt,Set Cover,100,RelaxGrouping,500,True,min,4,0.2176,0.0227,0.01984691619873047,25051,49102,500,True
set_cover_n100_m78_d0.45_b_w23_seed3.txt,Set Cover,100,RelaxGrouping,1000,True,min,4,0.2146,0.0217,0.019723892211914062,25852,50667,529,True
set_cover_n100_m78_d0.45_b_w23_seed3.txt,Set Cover,100,RelaxGrouping,2000,True,min,4,0.2246,0.023,0.020145893096923828,25852,50667,529,True
set_cover_n100_m78_d0.45_b_w23_seed3.txt,Set Cover,100,RelaxGrouping,5000,True,min,4,0.2236,0.0229,0.01879262924194336,25852,50667,529,True
set_cover_n100_m78_d0.45_b_w23_seed3.txt,Set Cover,100,RelaxGrouping,10000,True,min,4,0.2192,0.0206,0.018354177474975586,25852,50667,529,True
set_cover_n100_m78_d0.45_b_w23_seed3.txt,Set Cover,100,RelaxGrouping,20000,True,min,4,0.2257,0.0233,0.020555734634399414,25852,50667,529,True
set_cover_n100_m78_d0.45_b_w23_seed3.txt,Set Cover,100,RelaxGrouping,500,False,min,4,0.2153,na,0.01891493797302246,25124,49231,500,True
set_cover_n100_m78_d0.45_b_w23_seed3.txt,Set Cover,100,RelaxGrouping,1000,False,min,4,0.2237,na,0.020463228225708008,25852,50667,529,True
set_cover_n100_m78_d0.45_b_w23_seed3.txt,Set Cover,100,RelaxGrouping,2000,False,min,4,0.2269,na,0.020205259323120117,25852,50667,529,True
set_cover_n100_m78_d0.45_b_w23_seed3.txt,Set Cover,100,RelaxGrouping,5000,False,min,4,0.2237,na,0.020288944244384766,25852,50667,529,True
set_cover_n100_m78_d0.45_b_w23_seed3.txt,Set Cover,100,RelaxGrouping,10000,False,min,4,0.2214,na,0.019401073455810547,25852,50667,529,True
set_cover_n100_m78_d0.45_b_w23_seed3.txt,Set Cover,100,RelaxGrouping,20000,False,min,4,0.2263,na,0.019843578338623047,25852,50667,529,True
set_cover_n100_m78_d0.45_b_w23_seed4.txt,Set Cover,100,RelaxGrouping,500,True,min,4,0.2158,0.0214,0.018128633499145508,25051,49102,500,True
set_cover_n100_m78_d0.45_b_w23_seed4.txt,Set Cover,100,RelaxGrouping,1000,True,min,4,0.2169,0.0224,0.01927804946899414,25852,50667,529,True
set_cover_n100_m78_d0.45_b_w23_seed4.txt,Set Cover,100,RelaxGrouping,2000,True,min,4,0.2174,0.0218,0.01948261260986328,25852,50667,529,True
set_cover_n100_m78_d0.45_b_w23_seed4.txt,Set Cover,100,RelaxGrouping,5000,True,min,4,0.2229,0.023,0.020334959030151367,25852,50667,529,True
set_cover_n100_m78_d0.45_b_w23_seed4.txt,Set Cover,100,RelaxGrouping,10000,True,min,4,0.2157,0.0223,0.019051790237426758,25852,50667,529,True
set_cover_n100_m78_d0.45_b_w23_seed4.txt,Set Cover,100,RelaxGrouping,20000,True,min,4,0.2218,0.0229,0.020328283309936523,25852,50667,529,True
set_cover_n100_m78_d0.45_b_w23_seed4.txt,Set Cover,100,RelaxGrouping,500,False,min,4,0.2223,na,0.019510269165039062,25124,49231,500,True
set_cover_n100_m78_d0.45_b_w23_seed4.txt,Set Cover,100,RelaxGrouping,1000,False,min,4,0.221,na,0.020501136779785156,25852,50667,529,True
set_cover_n100_m78_d0.45_b_w23_seed4.txt,Set Cover,100,RelaxGrouping,2000,False,min,4,0.2299,na,0.020482778549194336,25852,50667,529,True
set_cover_n100_m78_d0.45_b_w23_seed4.txt,Set Cover,100,RelaxGrouping,5000,False,min,4,0.2242,na,0.020070552825927734,25852,50667,529,True
set_cover_n100_m78_d0.45_b_w23_seed4.txt,Set Cover,100,RelaxGrouping,10000,False,min,4,0.2259,na,0.019229412078857422,25852,50667,529,True
set_cover_n100_m78_d0.45_b_w23_seed4.txt,Set Cover,100,RelaxGrouping,20000,False,min,4,0.225,na,0.020396709442138672,25852,50667,529,True
set_cover_n100_m81_d0.1_b_w20_seed1.txt,Set Cover,100,RelaxGrouping,500,True,min,2,0.3721,0.047,0.009282588958740234,8014,14429,182,True
set_cover_n100_m81_d0.1_b_w20_seed1.txt,Set Cover,100,RelaxGrouping,1000,True,min,2,0.7764,0.0908,0.02539801597595215,13670,24679,349,True
set_cover_n100_m81_d0.1_b_w20_seed1.txt,Set Cover,100,RelaxGrouping,2000,True,min,2,1.8173,0.2062,0.0270235538482666,22731,41445,637,True
set_cover_n100_m81_d0.1_b_w20_seed1.txt,Set Cover,100,RelaxGrouping,500,False,min,2,0.4096,na,0.030287742614746094,33140,59930,499,True
set_cover_n100_m81_d0.1_b_w20_seed1.txt,Set Cover,100,RelaxGrouping,5000,True,min,2,5.7989,0.5724,0.06360030174255371,45144,83337,1338,True
set_cover_n100_m81_d0.1_b_w20_seed1.txt,Set Cover,100,RelaxGrouping,1000,False,min,2,0.8252,na,0.12413835525512695,63064,114145,993,True
set_cover_n100_m81_d0.1_b_w20_seed1.txt,Set Cover,100,RelaxGrouping,2000,False,min,2,1.9412,na,0.25922179222106934,122168,221075,1988,True
set_cover_n100_m81_d0.1_b_w20_seed1.txt,Set Cover,100,RelaxGrouping,10000,True,min,2,12.8618,1.3838,0.10469961166381836,66236,122442,2092,True
set_cover_n100_m81_d0.1_b_w20_seed1.txt,Set Cover,100,RelaxGrouping,5000,False,min,2,6.0762,na,0.3574976921081543,289799,523779,4979,True
set_cover_n100_m81_d0.1_b_w20_seed2.txt,Set Cover,100,RelaxGrouping,500,True,min,2,0.3985,0.0466,0.010545730590820312,8780,15698,209,True
set_cover_n100_m81_d0.1_b_w20_seed2.txt,Set Cover,100,RelaxGrouping,1000,True,min,2,0.814,0.1023,0.01920485496520996,14888,26779,419,True
set_cover_n100_m81_d0.1_b_w20_seed2.txt,Set Cover,100,RelaxGrouping,2000,True,min,2,1.8822,0.2141,0.03490614891052246,25102,45455,662,True
set_cover_n100_m81_d0.1_b_w20_seed1.txt,Set Cover,100,RelaxGrouping,10000,False,min,2,13.1966,na,1.5323312282562256,561637,1018916,9981,True
set_cover_n100_m81_d0.1_b_w20_seed1.txt,Set Cover,100,RelaxGrouping,20000,True,min,3,27.2722,3.1206,0.23298907279968262,137589,255849,5251,True
set_cover_n100_m81_d0.1_b_w20_seed2.txt,Set Cover,100,RelaxGrouping,5000,True,min,3,6.1183,0.6659,0.08942651748657227,59739,108747,1704,True
set_cover_n100_m81_d0.1_b_w20_seed2.txt,Set Cover,100,RelaxGrouping,500,False,min,2,0.3928,na,0.029258251190185547,31534,57293,495,True
set_cover_n100_m81_d0.1_b_w20_seed2.txt,Set Cover,100,RelaxGrouping,1000,False,min,2,0.7887,na,0.11887478828430176,60733,110508,1000,True
set_cover_n100_m81_d0.1_b_w20_seed2.txt,Set Cover,100,RelaxGrouping,10000,True,min,3,13.4116,1.3391,0.15840530395507812,99397,181088,3078,True
set_cover_n100_m81_d0.1_b_w20_seed1.txt,Set Cover,100,RelaxGrouping,20000,False,min,3,27.3817,na,3.2154624462127686,1118898,2027014,19948,True
set_cover_n100_m81_d0.1_b_w20_seed2.txt,Set Cover,100,RelaxGrouping,2000,False,min,2,1.9058,na,0.25937461853027344,118294,214808,1990,True
set_cover_n100_m81_d0.1_b_w20_seed2.txt,Set Cover,100,RelaxGrouping,5000,False,min,3,5.9109,na,0.735853910446167,289623,524170,4981,True
set_cover_n100_m81_d0.1_b_w20_seed3.txt,Set Cover,100,RelaxGrouping,500,True,min,2,0.4066,0.0499,0.010303497314453125,8270,15039,186,True
set_cover_n100_m81_d0.1_b_w20_seed3.txt,Set Cover,100,RelaxGrouping,1000,True,min,2,0.8378,0.1014,0.05753135681152344,14589,26389,348,True
set_cover_n100_m81_d0.1_b_w20_seed3.txt,Set Cover,100,RelaxGrouping,2000,True,min,2,1.941,0.2161,0.03119802474975586,23999,42898,525,True
set_cover_n100_m81_d0.1_b_w20_seed2.txt,Set Cover,100,RelaxGrouping,20000,True,min,3,26.9671,2.9769,0.2908923625946045,174072,317413,5837,True
set_cover_n100_m81_d0.1_b_w20_seed2.txt,Set Cover,100,RelaxGrouping,10000,False,min,3,13.2601,na,0.8518021106719971,560629,1018377,9992,True
set_cover_n100_m81_d0.1_b_w20_seed3.txt,Set Cover,100,RelaxGrouping,5000,True,min,2,6.0918,0.6303,0.08418822288513184,55757,100657,1390,True
set_cover_n100_m81_d0.1_b_w20_seed3.txt,Set Cover,100,RelaxGrouping,500,False,min,2,0.4026,na,0.029951810836791992,33447,60148,498,True
set_cover_n100_m81_d0.1_b_w20_seed3.txt,Set Cover,100,RelaxGrouping,1000,False,min,2,0.8499,na,0.12818169593811035,63917,114834,992,True
set_cover_n100_m81_d0.1_b_w20_seed3.txt,Set Cover,100,RelaxGrouping,2000,False,min,2,1.9313,na,0.2575869560241699,125485,225189,1989,True
set_cover_n100_m81_d0.1_b_w20_seed3.txt,Set Cover,100,RelaxGrouping,10000,True,min,2,12.651,1.3482,0.36518049240112305,88385,158829,2330,True
set_cover_n100_m81_d0.1_b_w20_seed2.txt,Set Cover,100,RelaxGrouping,20000,False,min,3,27.0103,na,3.111377477645874,1091812,1981993,19982,True
set_cover_n100_m81_d0.1_b_w20_seed3.txt,Set Cover,100,RelaxGrouping,5000,False,min,2,6.0456,na,0.7410550117492676,304383,544059,4986,True
set_cover_n100_m81_d0.1_b_w20_seed4.txt,Set Cover,100,RelaxGrouping,500,True,min,2,0.4099,0.0504,0.01193094253540039,9633,17546,277,True
set_cover_n100_m81_d0.1_b_w20_seed4.txt,Set Cover,100,RelaxGrouping,1000,True,min,2,0.8209,0.1028,0.06329774856567383,16375,30161,484,True
set_cover_n100_m81_d0.1_b_w20_seed4.txt,Set Cover,100,RelaxGrouping,2000,True,min,2,1.9483,0.2143,0.03824591636657715,28030,51762,777,True
set_cover_n100_m81_d0.1_b_w20_seed3.txt,Set Cover,100,RelaxGrouping,10000,False,min,2,12.6132,na,1.5072081089019775,570553,1025531,9956,True
set_cover_n100_m81_d0.1_b_w20_seed3.txt,Set Cover,100,RelaxGrouping,20000,True,min,3,26.8982,2.9293,0.23385119438171387,143060,259862,4380,True
set_cover_n100_m81_d0.1_b_w20_seed4.txt,Set Cover,100,RelaxGrouping,5000,True,min,2,5.584,0.6189,0.2683713436126709,67733,125093,2049,True
set_cover_n100_m81_d0.1_b_w20_seed4.txt,Set Cover,100,RelaxGrouping,500,False,min,2,0.3862,na,0.029628515243530273,32973,59506,496,True
set_cover_n100_m81_d0.1_b_w20_seed4.txt,Set Cover,100,RelaxGrouping,1000,False,min,2,0.8332,na,0.12856316566467285,62677,114026,996,True
set_cover_n100_m81_d0.1_b_w20_seed4.txt,Set Cover,100,RelaxGrouping,2000,False,min,2,1.9129,na,0.25569987297058105,120989,220399,1998,True
set_cover_n100_m81_d0.1_b_w20_seed4.txt,Set Cover,100,RelaxGrouping,10000,True,min,2,11.9766,1.3066,0.19170260429382324,126803,234101,4503,True
set_cover_n100_m81_d0.1_b_w20_seed3.txt,Set Cover,100,RelaxGrouping,20000,False,min,3,26.8169,na,3.199448823928833,1101573,1971327,19976,True
set_cover_n100_m81_d0.1_b_w20_seed4.txt,Set Cover,100,RelaxGrouping,5000,False,min,2,5.6791,na,0.683178186416626,285826,524161,4993,True
set_cover_n100_m81_d0.2_b_w20_seed1.txt,Set Cover,100,RelaxGrouping,500,True,min,5,0.2123,0.0207,0.017884492874145508,22350,43648,400,True
set_cover_n100_m81_d0.2_b_w20_seed1.txt,Set Cover,100,RelaxGrouping,1000,True,min,5,0.2089,0.0209,0.017948150634765625,22350,43648,400,True
set_cover_n100_m81_d0.2_b_w20_seed1.txt,Set Cover,100,RelaxGrouping,2000,True,min,5,0.2131,0.0209,0.018048524856567383,22350,43648,400,True
set_cover_n100_m81_d0.2_b_w20_seed1.txt,Set Cover,100,RelaxGrouping,5000,True,min,5,0.2121,0.0211,0.018091917037963867,22350,43648,400,True
set_cover_n100_m81_d0.1_b_w20_seed4.txt,Set Cover,100,RelaxGrouping,10000,False,min,2,11.8735,na,1.415560245513916,539522,988267,9969,True
set_cover_n100_m81_d0.1_b_w20_seed4.txt,Set Cover,100,RelaxGrouping,20000,True,min,3,24.9075,2.7965,0.33197760581970215,198520,372573,7753,True
set_cover_n100_m81_d0.2_b_w20_seed1.txt,Set Cover,100,RelaxGrouping,10000,True,min,5,0.2023,0.0188,0.016421794891357422,22350,43648,400,True
set_cover_n100_m81_d0.2_b_w20_seed1.txt,Set Cover,100,RelaxGrouping,20000,True,min,5,0.2019,0.0199,0.017182350158691406,22350,43648,400,True
set_cover_n100_m81_d0.2_b_w20_seed1.txt,Set Cover,100,RelaxGrouping,500,False,min,5,0.2085,na,0.017596960067749023,22350,43648,400,True
set_cover_n100_m81_d0.2_b_w20_seed1.txt,Set Cover,100,RelaxGrouping,1000,False,min,5,0.2025,na,0.01755213737487793,22350,43648,400,True
set_cover_n100_m81_d0.2_b_w20_seed1.txt,Set Cover,100,RelaxGrouping,2000,False,min,5,0.2033,na,0.017552614212036133,22350,43648,400,True
set_cover_n100_m81_d0.2_b_w20_seed1.txt,Set Cover,100,RelaxGrouping,5000,False,min,5,0.2032,na,0.01749873161315918,22350,43648,400,True
set_cover_n100_m81_d0.2_b_w20_seed1.txt,Set Cover,100,RelaxGrouping,10000,False,min,5,0.2036,na,0.018091678619384766,22350,43648,400,True
set_cover_n100_m81_d0.2_b_w20_seed1.txt,Set Cover,100,RelaxGrouping,20000,False,min,5,0.204,na,0.01786327362060547,22350,43648,400,True
set_cover_n100_m81_d0.2_b_w20_seed2.txt,Set Cover,100,RelaxGrouping,500,True,min,5,0.1998,0.0204,0.018009424209594727,22350,43648,400,True
set_cover_n100_m81_d0.1_b_w20_seed4.txt,Set Cover,100,RelaxGrouping,20000,False,min,3,23.9987,na,2.888601779937744,1009839,1861691,19967,True
set_cover_n100_m81_d0.2_b_w20_seed2.txt,Set Cover,100,RelaxGrouping,1000,True,min,5,0.2011,0.0201,0.017425060272216797,22350,43648,400,True
set_cover_n100_m81_d0.2_b_w20_seed2.txt,Set Cover,100,RelaxGrouping,2000,True,min,5,0.2025,0.0201,0.017035245895385742,22350,43648,400,True
set_cover_n100_m81_d0.2_b_w20_seed2.txt,Set Cover,100,RelaxGrouping,5000,True,min,5,0.2018,0.0192,0.01679539680480957,22350,43648,400,True
set_cover_n100_m81_d0.2_b_w20_seed2.txt,Set Cover,100,RelaxGrouping,10000,True,min,5,0.2,0.0191,0.01693129539489746,22350,43648,400,True
set_cover_n100_m81_d0.2_b_w20_seed2.txt,Set Cover,100,RelaxGrouping,20000,True,min,5,0.1985,0.0185,0.017294883728027344,22350,43648,400,True
set_cover_n100_m81_d0.2_b_w20_seed2.txt,Set Cover,100,RelaxGrouping,500,False,min,5,0.1973,na,0.017438650131225586,22350,43648,400,True
set_cover_n100_m81_d0.2_b_w20_seed2.txt,Set Cover,100,RelaxGrouping,1000,False,min,5,0.1989,na,0.017145395278930664,22350,43648,400,True
set_cover_n100_m81_d0.2_b_w20_seed2.txt,Set Cover,100,RelaxGrouping,2000,False,min,5,0.2021,na,0.017164945602416992,22350,43648,400,True
set_cover_n100_m81_d0.2_b_w20_seed2.txt,Set Cover,100,RelaxGrouping,5000,False,min,5,0.2038,na,0.017522335052490234,22350,43648,400,True
set_cover_n100_m81_d0.2_b_w20_seed2.txt,Set Cover,100,RelaxGrouping,10000,False,min,5,0.2,na,0.01698899269104004,22350,43648,400,True
set_cover_n100_m81_d0.2_b_w20_seed2.txt,Set Cover,100,RelaxGrouping,20000,False,min,5,0.202,na,0.017380952835083008,22350,43648,400,True
set_cover_n100_m81_d0.2_b_w20_seed3.txt,Set Cover,100,RelaxGrouping,500,True,min,5,0.1958,0.0176,0.01578235626220703,22350,43648,400,True
set_cover_n100_m81_d0.2_b_w20_seed3.txt,Set Cover,100,RelaxGrouping,1000,True,min,5,0.1958,0.0192,0.017189502716064453,22350,43648,400,True
set_cover_n100_m81_d0.2_b_w20_seed3.txt,Set Cover,100,RelaxGrouping,2000,True,min,5,0.2009,0.0188,0.016527891159057617,22350,43648,400,True
set_cover_n100_m81_d0.2_b_w20_seed3.txt,Set Cover,100,RelaxGrouping,5000,True,min,5,0.2009,0.0187,0.016386032104492188,22350,43648,400,True
set_cover_n100_m81_d0.2_b_w20_seed3.txt,Set Cover,100,RelaxGrouping,10000,True,min,5,0.1971,0.0179,0.016022682189941406,22350,43648,400,True
set_cover_n100_m81_d0.2_b_w20_seed3.txt,Set Cover,100,RelaxGrouping,20000,True,min,5,0.2025,0.0192,0.016722440719604492,22350,43648,400,True
set_cover_n100_m81_d0.2_b_w20_seed3.txt,Set Cover,100,RelaxGrouping,500,False,min,5,0.1988,na,0.017477989196777344,22350,43648,400,True
set_cover_n100_m81_d0.2_b_w20_seed3.txt,Set Cover,100,RelaxGrouping,1000,False,min,5,0.2022,na,0.017854690551757812,22350,43648,400,True
set_cover_n100_m81_d0.2_b_w20_seed3.txt,Set Cover,100,RelaxGrouping,2000,False,min,5,0.204,na,0.017511844635009766,22350,43648,400,True
set_cover_n100_m81_d0.2_b_w20_seed3.txt,Set Cover,100,RelaxGrouping,5000,False,min,5,0.199,na,0.017339706420898438,22350,43648,400,True
set_cover_n100_m81_d0.2_b_w20_seed3.txt,Set Cover,100,RelaxGrouping,10000,False,min,5,0.1991,na,0.017291784286499023,22350,43648,400,True
set_cover_n100_m81_d0.2_b_w20_seed3.txt,Set Cover,100,RelaxGrouping,20000,False,min,5,0.2025,na,0.017656326293945312,22350,43648,400,True
set_cover_n100_m81_d0.2_b_w20_seed4.txt,Set Cover,100,RelaxGrouping,500,True,min,5,0.1959,0.0207,0.017129898071289062,22350,43648,400,True
set_cover_n100_m81_d0.2_b_w20_seed4.txt,Set Cover,100,RelaxGrouping,1000,True,min,5,0.1997,0.0184,0.016112327575683594,22350,43648,400,True
set_cover_n100_m81_d0.2_b_w20_seed4.txt,Set Cover,100,RelaxGrouping,2000,True,min,5,0.2014,0.0199,0.016670703887939453,22350,43648,400,True
set_cover_n100_m81_d0.2_b_w20_seed4.txt,Set Cover,100,RelaxGrouping,5000,True,min,5,0.1978,0.0203,0.017316818237304688,22350,43648,400,True
set_cover_n100_m81_d0.2_b_w20_seed4.txt,Set Cover,100,RelaxGrouping,10000,True,min,5,0.2032,0.02,0.017066240310668945,22350,43648,400,True
set_cover_n100_m81_d0.2_b_w20_seed4.txt,Set Cover,100,RelaxGrouping,20000,True,min,5,0.2008,0.02,0.017173290252685547,22350,43648,400,True
set_cover_n100_m81_d0.2_b_w20_seed4.txt,Set Cover,100,RelaxGrouping,500,False,min,5,0.1966,na,0.016910791397094727,22350,43648,400,True
set_cover_n100_m81_d0.2_b_w20_seed4.txt,Set Cover,100,RelaxGrouping,1000,False,min,5,0.1937,na,0.01623368263244629,22350,43648,400,True
set_cover_n100_m81_d0.2_b_w20_seed4.txt,Set Cover,100,RelaxGrouping,2000,False,min,5,0.2004,na,0.017859697341918945,22350,43648,400,True
set_cover_n100_m81_d0.2_b_w20_seed4.txt,Set Cover,100,RelaxGrouping,5000,False,min,5,0.1963,na,0.01720452308654785,22350,43648,400,True
set_cover_n100_m81_d0.2_b_w20_seed4.txt,Set Cover,100,RelaxGrouping,10000,False,min,5,0.1893,na,0.016936779022216797,22350,43648,400,True
set_cover_n100_m81_d0.2_b_w20_seed4.txt,Set Cover,100,RelaxGrouping,20000,False,min,5,0.1962,na,0.01708388328552246,22350,43648,400,True
set_cover_n100_m81_d0.3_b_w20_seed1.txt,Set Cover,100,RelaxGrouping,500,True,min,5,0.1984,0.0198,0.017085552215576172,22350,43648,400,True
set_cover_n100_m81_d0.3_b_w20_seed1.txt,Set Cover,100,RelaxGrouping,1000,True,min,5,0.1976,0.0181,0.016260862350463867,22350,43648,400,True
set_cover_n100_m81_d0.3_b_w20_seed1.txt,Set Cover,100,RelaxGrouping,2000,True,min,5,0.1977,0.0189,0.016701936721801758,22350,43648,400,True
set_cover_n100_m81_d0.3_b_w20_seed1.txt,Set Cover,100,RelaxGrouping,5000,True,min,5,0.1998,0.0195,0.01680588722229004,22350,43648,400,True
set_cover_n100_m81_d0.3_b_w20_seed1.txt,Set Cover,100,RelaxGrouping,10000,True,min,5,0.2057,0.0198,0.016896486282348633,22350,43648,400,True
set_cover_n100_m81_d0.3_b_w20_seed1.txt,Set Cover,100,RelaxGrouping,20000,True,min,5,0.2021,0.019,0.01701641082763672,22350,43648,400,True
set_cover_n100_m81_d0.3_b_w20_seed1.txt,Set Cover,100,RelaxGrouping,500,False,min,5,0.1965,na,0.017373323440551758,22350,43648,400,True
set_cover_n100_m81_d0.3_b_w20_seed1.txt,Set Cover,100,RelaxGrouping,1000,False,min,5,0.2001,na,0.017780065536499023,22350,43648,400,True
set_cover_n100_m81_d0.3_b_w20_seed1.txt,Set Cover,100,RelaxGrouping,2000,False,min,5,0.2033,na,0.017863035202026367,22350,43648,400,True
set_cover_n100_m81_d0.3_b_w20_seed1.txt,Set Cover,100,RelaxGrouping,5000,False,min,5,0.1989,na,0.017208337783813477,22350,43648,400,True
set_cover_n100_m81_d0.3_b_w20_seed1.txt,Set Cover,100,RelaxGrouping,10000,False,min,5,0.1999,na,0.01736593246459961,22350,43648,400,True
set_cover_n100_m81_d0.3_b_w20_seed1.txt,Set Cover,100,RelaxGrouping,20000,False,min,5,0.2018,na,0.017424583435058594,22350,43648,400,True
set_cover_n100_m81_d0.3_b_w20_seed2.txt,Set Cover,100,RelaxGrouping,500,True,min,5,0.1964,0.0185,0.016191482543945312,22350,43648,400,True
set_cover_n100_m81_d0.3_b_w20_seed2.txt,Set Cover,100,RelaxGrouping,1000,True,min,5,0.1978,0.019,0.017021894454956055,22350,43648,400,True
set_cover_n100_m81_d0.3_b_w20_seed2.txt,Set Cover,100,RelaxGrouping,2000,True,min,5,0.2009,0.02,0.01776909828186035,22350,43648,400,True
set_cover_n100_m81_d0.3_b_w20_seed2.txt,Set Cover,100,RelaxGrouping,5000,True,min,5,0.1984,0.0186,0.01626896858215332,22350,43648,400,True
set_cover_n100_m81_d0.3_b_w20_seed2.txt,Set Cover,100,RelaxGrouping,10000,True,min,5,0.2053,0.0202,0.01695418357849121,22350,43648,400,True
set_cover_n100_m81_d0.3_b_w20_seed2.txt,Set Cover,100,RelaxGrouping,20000,True,min,5,0.202,0.0192,0.017155885696411133,22350,43648,400,True
set_cover_n100_m81_d0.3_b_w20_seed2.txt,Set Cover,100,RelaxGrouping,500,False,min,5,0.2002,na,0.017472505569458008,22350,43648,400,True
set_cover_n100_m81_d0.3_b_w20_seed2.txt,Set Cover,100,RelaxGrouping,1000,False,min,5,0.1957,na,0.017041921615600586,22350,43648,400,True
set_cover_n100_m81_d0.3_b_w20_seed2.txt,Set Cover,100,RelaxGrouping,2000,False,min,5,0.1996,na,0.017016172409057617,22350,43648,400,True
set_cover_n100_m81_d0.3_b_w20_seed2.txt,Set Cover,100,RelaxGrouping,5000,False,min,5,0.1966,na,0.01712942123413086,22350,43648,400,True
set_cover_n100_m81_d0.3_b_w20_seed2.txt,Set Cover,100,RelaxGrouping,10000,False,min,5,0.1979,na,0.016640186309814453,22350,43648,400,True
set_cover_n100_m81_d0.3_b_w20_seed2.txt,Set Cover,100,RelaxGrouping,20000,False,min,5,0.2004,na,0.017372608184814453,22350,43648,400,True
set_cover_n100_m81_d0.3_b_w20_seed3.txt,Set Cover,100,RelaxGrouping,500,True,min,5,0.2059,0.0186,0.016824960708618164,22350,43648,400,True
set_cover_n100_m81_d0.3_b_w20_seed3.txt,Set Cover,100,RelaxGrouping,1000,True,min,5,0.1952,0.0181,0.016041994094848633,22350,43648,400,True
set_cover_n100_m81_d0.3_b_w20_seed3.txt,Set Cover,100,RelaxGrouping,2000,True,min,5,0.201,0.0196,0.01696157455444336,22350,43648,400,True
set_cover_n100_m81_d0.3_b_w20_seed3.txt,Set Cover,100,RelaxGrouping,5000,True,min,5,0.2021,0.0189,0.01687145233154297,22350,43648,400,True
set_cover_n100_m81_d0.3_b_w20_seed3.txt,Set Cover,100,RelaxGrouping,10000,True,min,5,0.197,0.0196,0.01701068878173828,22350,43648,400,True
set_cover_n100_m81_d0.3_b_w20_seed3.txt,Set Cover,100,RelaxGrouping,20000,True,min,5,0.2008,0.02,0.017143726348876953,22350,43648,400,True
set_cover_n100_m81_d0.3_b_w20_seed3.txt,Set Cover,100,RelaxGrouping,500,False,min,5,0.2036,na,0.016573667526245117,22350,43648,400,True
set_cover_n100_m81_d0.3_b_w20_seed3.txt,Set Cover,100,RelaxGrouping,1000,False,min,5,0.1978,na,0.016667604446411133,22350,43648,400,True
set_cover_n100_m81_d0.3_b_w20_seed3.txt,Set Cover,100,RelaxGrouping,2000,False,min,5,0.2042,na,0.0173490047454834,22350,43648,400,True
set_cover_n100_m81_d0.3_b_w20_seed3.txt,Set Cover,100,RelaxGrouping,5000,False,min,5,0.2033,na,0.016629457473754883,22350,43648,400,True
set_cover_n100_m81_d0.3_b_w20_seed3.txt,Set Cover,100,RelaxGrouping,10000,False,min,5,0.2026,na,0.017495155334472656,22350,43648,400,True
set_cover_n100_m81_d0.3_b_w20_seed3.txt,Set Cover,100,RelaxGrouping,20000,False,min,5,0.2014,na,0.017322301864624023,22350,43648,400,True
set_cover_n100_m81_d0.3_b_w20_seed4.txt,Set Cover,100,RelaxGrouping,500,True,min,5,0.1979,0.0196,0.016913175582885742,22350,43648,400,True
set_cover_n100_m81_d0.3_b_w20_seed4.txt,Set Cover,100,RelaxGrouping,1000,True,min,5,0.1969,0.0201,0.017128467559814453,22350,43648,400,True
set_cover_n100_m81_d0.3_b_w20_seed4.txt,Set Cover,100,RelaxGrouping,2000,True,min,5,0.1997,0.0192,0.016907691955566406,22350,43648,400,True
set_cover_n100_m81_d0.3_b_w20_seed4.txt,Set Cover,100,RelaxGrouping,5000,True,min,5,0.1995,0.0194,0.016571521759033203,22350,43648,400,True
set_cover_n100_m81_d0.3_b_w20_seed4.txt,Set Cover,100,RelaxGrouping,10000,True,min,5,0.2009,0.0196,0.0167386531829834,22350,43648,400,True
set_cover_n100_m81_d0.3_b_w20_seed4.txt,Set Cover,100,RelaxGrouping,20000,True,min,5,0.2014,0.02,0.017197847366333008,22350,43648,400,True
set_cover_n100_m81_d0.3_b_w20_seed4.txt,Set Cover,100,RelaxGrouping,500,False,min,5,0.1985,na,0.01759195327758789,22350,43648,400,True
set_cover_n100_m81_d0.3_b_w20_seed4.txt,Set Cover,100,RelaxGrouping,1000,False,min,5,0.1991,na,0.017247676849365234,22350,43648,400,True
set_cover_n100_m81_d0.3_b_w20_seed4.txt,Set Cover,100,RelaxGrouping,2000,False,min,5,0.2018,na,0.017290115356445312,22350,43648,400,True
set_cover_n100_m81_d0.3_b_w20_seed4.txt,Set Cover,100,RelaxGrouping,5000,False,min,5,0.1978,na,0.017059326171875,22350,43648,400,True
set_cover_n100_m81_d0.3_b_w20_seed4.txt,Set Cover,100,RelaxGrouping,10000,False,min,5,0.1978,na,0.01664257049560547,22350,43648,400,True
set_cover_n100_m81_d0.3_b_w20_seed4.txt,Set Cover,100,RelaxGrouping,20000,False,min,5,0.2025,na,0.01759171485900879,22350,43648,400,True
set_cover_n100_m81_d0.4_b_w20_seed1.txt,Set Cover,100,RelaxGrouping,500,True,min,5,0.1995,0.0198,0.016681194305419922,22350,43648,400,True
set_cover_n100_m81_d0.4_b_w20_seed1.txt,Set Cover,100,RelaxGrouping,1000,True,min,5,0.1979,0.0193,0.016193866729736328,22350,43648,400,True
set_cover_n100_m81_d0.4_b_w20_seed1.txt,Set Cover,100,RelaxGrouping,2000,True,min,5,0.199,0.0202,0.016741275787353516,22350,43648,400,True
set_cover_n100_m81_d0.4_b_w20_seed1.txt,Set Cover,100,RelaxGrouping,5000,True,min,5,0.1989,0.0189,0.016733407974243164,22350,43648,400,True
set_cover_n100_m81_d0.4_b_w20_seed1.txt,Set Cover,100,RelaxGrouping,10000,True,min,5,0.1994,0.0192,0.016806364059448242,22350,43648,400,True
set_cover_n100_m81_d0.4_b_w20_seed1.txt,Set Cover,100,RelaxGrouping,20000,True,min,5,0.1969,0.0184,0.016187429428100586,22350,43648,400,True
set_cover_n100_m81_d0.4_b_w20_seed1.txt,Set Cover,100,RelaxGrouping,500,False,min,5,0.1975,na,0.017248868942260742,22350,43648,400,True
set_cover_n100_m81_d0.4_b_w20_seed1.txt,Set Cover,100,RelaxGrouping,1000,False,min,5,0.1974,na,0.016831636428833008,22350,43648,400,True
set_cover_n100_m81_d0.4_b_w20_seed1.txt,Set Cover,100,RelaxGrouping,2000,False,min,5,0.2031,na,0.017529964447021484,22350,43648,400,True
set_cover_n100_m81_d0.4_b_w20_seed1.txt,Set Cover,100,RelaxGrouping,5000,False,min,5,0.2061,na,0.017481327056884766,22350,43648,400,True
set_cover_n100_m81_d0.4_b_w20_seed1.txt,Set Cover,100,RelaxGrouping,10000,False,min,5,0.1991,na,0.01771831512451172,22350,43648,400,True
set_cover_n100_m81_d0.4_b_w20_seed1.txt,Set Cover,100,RelaxGrouping,20000,False,min,5,0.2026,na,0.017708539962768555,22350,43648,400,True
set_cover_n100_m81_d0.4_b_w20_seed2.txt,Set Cover,100,RelaxGrouping,500,True,min,5,0.1968,0.0186,0.016243934631347656,22350,43648,400,True
set_cover_n100_m81_d0.4_b_w20_seed2.txt,Set Cover,100,RelaxGrouping,1000,True,min,5,0.1978,0.0188,0.016192197799682617,22350,43648,400,True
set_cover_n100_m81_d0.4_b_w20_seed2.txt,Set Cover,100,RelaxGrouping,2000,True,min,5,0.2008,0.0198,0.016630887985229492,22350,43648,400,True
set_cover_n100_m81_d0.4_b_w20_seed2.txt,Set Cover,100,RelaxGrouping,5000,True,min,5,0.2001,0.0192,0.016768217086791992,22350,43648,400,True
set_cover_n100_m81_d0.4_b_w20_seed2.txt,Set Cover,100,RelaxGrouping,10000,True,min,5,0.1983,0.0195,0.01703953742980957,22350,43648,400,True
set_cover_n100_m81_d0.4_b_w20_seed2.txt,Set Cover,100,RelaxGrouping,20000,True,min,5,0.2004,0.0199,0.017545461654663086,22350,43648,400,True
set_cover_n100_m81_d0.4_b_w20_seed2.txt,Set Cover,100,RelaxGrouping,500,False,min,5,0.1983,na,0.017055749893188477,22350,43648,400,True
set_cover_n100_m81_d0.4_b_w20_seed2.txt,Set Cover,100,RelaxGrouping,1000,False,min,5,0.2007,na,0.017687559127807617,22350,43648,400,True
set_cover_n100_m81_d0.4_b_w20_seed2.txt,Set Cover,100,RelaxGrouping,2000,False,min,5,0.199,na,0.017128944396972656,22350,43648,400,True
set_cover_n100_m81_d0.4_b_w20_seed2.txt,Set Cover,100,RelaxGrouping,5000,False,min,5,0.1991,na,0.017380952835083008,22350,43648,400,True
set_cover_n100_m81_d0.4_b_w20_seed2.txt,Set Cover,100,RelaxGrouping,10000,False,min,5,0.1972,na,0.017181396484375,22350,43648,400,True
set_cover_n100_m81_d0.4_b_w20_seed2.txt,Set Cover,100,RelaxGrouping,20000,False,min,5,0.2015,na,0.017566680908203125,22350,43648,400,True
set_cover_n100_m81_d0.4_b_w20_seed3.txt,Set Cover,100,RelaxGrouping,500,True,min,5,0.1959,0.0184,0.015799999237060547,22350,43648,400,True
set_cover_n100_m81_d0.4_b_w20_seed3.txt,Set Cover,100,RelaxGrouping,1000,True,min,5,0.1989,0.0198,0.016736507415771484,22350,43648,400,True
set_cover_n100_m81_d0.4_b_w20_seed3.txt,Set Cover,100,RelaxGrouping,2000,True,min,5,0.1985,0.0197,0.017041683197021484,22350,43648,400,True
set_cover_n100_m81_d0.4_b_w20_seed3.txt,Set Cover,100,RelaxGrouping,5000,True,min,5,0.1995,0.0197,0.016768693923950195,22350,43648,400,True
set_cover_n100_m81_d0.4_b_w20_seed3.txt,Set Cover,100,RelaxGrouping,10000,True,min,5,0.2034,0.0205,0.017261505126953125,22350,43648,400,True
set_cover_n100_m81_d0.4_b_w20_seed3.txt,Set Cover,100,RelaxGrouping,20000,True,min,5,0.2003,0.0199,0.017406702041625977,22350,43648,400,True
set_cover_n100_m81_d0.4_b_w20_seed3.txt,Set Cover,100,RelaxGrouping,500,False,min,5,0.1956,na,0.016825437545776367,22350,43648,400,True
set_cover_n100_m81_d0.4_b_w20_seed3.txt,Set Cover,100,RelaxGrouping,1000,False,min,5,0.1992,na,0.017163515090942383,22350,43648,400,True
set_cover_n100_m81_d0.4_b_w20_seed3.txt,Set Cover,100,RelaxGrouping,2000,False,min,5,0.2038,na,0.017433643341064453,22350,43648,400,True
set_cover_n100_m81_d0.4_b_w20_seed3.txt,Set Cover,100,RelaxGrouping,5000,False,min,5,0.2002,na,0.01698446273803711,22350,43648,400,True
set_cover_n100_m81_d0.4_b_w20_seed3.txt,Set Cover,100,RelaxGrouping,10000,False,min,5,0.196,na,0.017217159271240234,22350,43648,400,True
set_cover_n100_m81_d0.4_b_w20_seed3.txt,Set Cover,100,RelaxGrouping,20000,False,min,5,0.1999,na,0.017954349517822266,22350,43648,400,True
set_cover_n100_m81_d0.4_b_w20_seed4.txt,Set Cover,100,RelaxGrouping,500,True,min,5,0.2016,0.0201,0.016879558563232422,22350,43648,400,True
set_cover_n100_m81_d0.4_b_w20_seed4.txt,Set Cover,100,RelaxGrouping,1000,True,min,5,0.1996,0.0195,0.017159700393676758,22350,43648,400,True
set_cover_n100_m81_d0.4_b_w20_seed4.txt,Set Cover,100,RelaxGrouping,2000,True,min,5,0.2064,0.0201,0.01760554313659668,22350,43648,400,True
set_cover_n100_m81_d0.4_b_w20_seed4.txt,Set Cover,100,RelaxGrouping,5000,True,min,5,0.1991,0.0201,0.017380952835083008,22350,43648,400,True
set_cover_n100_m81_d0.4_b_w20_seed4.txt,Set Cover,100,RelaxGrouping,10000,True,min,5,0.1999,0.0198,0.017026424407958984,22350,43648,400,True
set_cover_n100_m81_d0.4_b_w20_seed4.txt,Set Cover,100,RelaxGrouping,20000,True,min,5,0.2048,0.0197,0.01725935935974121,22350,43648,400,True
set_cover_n100_m81_d0.4_b_w20_seed4.txt,Set Cover,100,RelaxGrouping,500,False,min,5,0.1989,na,0.017787933349609375,22350,43648,400,True
set_cover_n100_m81_d0.4_b_w20_seed4.txt,Set Cover,100,RelaxGrouping,1000,False,min,5,0.1962,na,0.016721487045288086,22350,43648,400,True
set_cover_n100_m81_d0.4_b_w20_seed4.txt,Set Cover,100,RelaxGrouping,2000,False,min,5,0.2012,na,0.01766371726989746,22350,43648,400,True
set_cover_n100_m81_d0.4_b_w20_seed4.txt,Set Cover,100,RelaxGrouping,5000,False,min,5,0.1982,na,0.01773238182067871,22350,43648,400,True
set_cover_n100_m81_d0.4_b_w20_seed4.txt,Set Cover,100,RelaxGrouping,10000,False,min,5,0.1992,na,0.016867637634277344,22350,43648,400,True
set_cover_n100_m81_d0.4_b_w20_seed4.txt,Set Cover,100,RelaxGrouping,20000,False,min,5,0.2032,na,0.016778945922851562,22350,43648,400,True
set_cover_n100_m81_d0.05_b_w20_seed1.txt,Set Cover,100,RelaxGrouping,500,True,min,3,0.3065,0.0332,0.0068206787109375,7773,13089,287,True
set_cover_n100_m81_d0.05_b_w20_seed1.txt,Set Cover,100,RelaxGrouping,1000,True,min,3,0.669,0.08,0.013989448547363281,12149,20527,324,True
set_cover_n100_m81_d0.05_b_w20_seed1.txt,Set Cover,100,RelaxGrouping,2000,True,min,3,1.4446,0.1572,0.022614240646362305,18559,32069,478,True
set_cover_n100_m81_d0.05_b_w20_seed1.txt,Set Cover,100,RelaxGrouping,500,False,min,3,0.3382,na,0.025142669677734375,28932,48909,500,True
set_cover_n100_m81_d0.05_b_w20_seed1.txt,Set Cover,100,RelaxGrouping,5000,True,min,3,4.3962,0.4594,0.04559731483459473,34965,60587,1055,True
set_cover_n100_m81_d0.05_b_w20_seed1.txt,Set Cover,100,RelaxGrouping,1000,False,min,3,0.7,na,0.05046510696411133,55688,94443,997,True
set_cover_n100_m81_d0.05_b_w20_seed1.txt,Set Cover,100,RelaxGrouping,2000,False,min,3,1.5118,na,0.20265436172485352,101696,173952,1990,True
set_cover_n100_m81_d0.05_b_w20_seed1.txt,Set Cover,100,RelaxGrouping,10000,True,min,3,9.9549,0.9881,0.06813311576843262,50215,87805,1579,True
set_cover_n100_m81_d0.05_b_w20_seed1.txt,Set Cover,100,RelaxGrouping,5000,False,min,3,4.4802,na,0.5608856678009033,244040,414328,4938,True
set_cover_n100_m81_d0.5_b_w20_seed1.txt,Set Cover,100,RelaxGrouping,500,True,min,5,0.2002,0.0202,0.017312288284301758,22350,43648,400,True
set_cover_n100_m81_d0.5_b_w20_seed1.txt,Set Cover,100,RelaxGrouping,1000,True,min,5,0.2029,0.0204,0.017367124557495117,22350,43648,400,True
set_cover_n100_m81_d0.5_b_w20_seed1.txt,Set Cover,100,RelaxGrouping,2000,True,min,5,0.2075,0.0207,0.01788616180419922,22350,43648,400,True
set_cover_n100_m81_d0.05_b_w20_seed1.txt,Set Cover,100,RelaxGrouping,10000,False,min,3,10.1681,na,1.1739296913146973,470829,807214,9984,True
set_cover_n100_m81_d0.5_b_w20_seed1.txt,Set Cover,100,RelaxGrouping,5000,True,min,5,0.2096,0.0211,0.01822066307067871,22350,43648,400,True
set_cover_n100_m81_d0.5_b_w20_seed1.txt,Set Cover,100,RelaxGrouping,10000,True,min,5,0.2023,0.0203,0.01743340492248535,22350,43648,400,True
set_cover_n100_m81_d0.05_b_w20_seed1.txt,Set Cover,100,RelaxGrouping,20000,True,min,4,22.5811,2.1303,0.1374049186706543,94890,165731,3169,True
set_cover_n100_m81_d0.5_b_w20_seed1.txt,Set Cover,100,RelaxGrouping,20000,True,min,5,0.2033,0.0196,0.017007827758789062,22350,43648,400,True
set_cover_n100_m81_d0.5_b_w20_seed1.txt,Set Cover,100,RelaxGrouping,500,False,min,5,0.1993,na,0.017858266830444336,22350,43648,400,True
set_cover_n100_m81_d0.5_b_w20_seed1.txt,Set Cover,100,RelaxGrouping,1000,False,min,5,0.1951,na,0.017028093338012695,22350,43648,400,True
set_cover_n100_m81_d0.5_b_w20_seed1.txt,Set Cover,100,RelaxGrouping,2000,False,min,5,0.2031,na,0.01733088493347168,22350,43648,400,True
set_cover_n100_m81_d0.5_b_w20_seed1.txt,Set Cover,100,RelaxGrouping,5000,False,min,5,0.2003,na,0.017838001251220703,22350,43648,400,True
set_cover_n100_m81_d0.5_b_w20_seed1.txt,Set Cover,100,RelaxGrouping,10000,False,min,5,0.1999,na,0.017642498016357422,22350,43648,400,True
set_cover_n100_m81_d0.05_b_w20_seed1.txt,Set Cover,100,RelaxGrouping,20000,False,min,4,21.9747,na,1.132831335067749,930262,1578040,19912,True
set_cover_n100_m81_d0.5_b_w20_seed1.txt,Set Cover,100,RelaxGrouping,20000,False,min,5,0.2008,na,0.017108678817749023,22350,43648,400,True
set_cover_n100_m81_d0.05_b_w20_seed2.txt,Set Cover,100,RelaxGrouping,500,True,min,4,0.2704,0.035,0.007020473480224609,6754,11466,137,True
set_cover_n100_m81_d0.05_b_w20_seed2.txt,Set Cover,100,RelaxGrouping,1000,True,min,4,0.5852,0.0729,0.036211490631103516,11458,19073,298,True
set_cover_n100_m81_d0.05_b_w20_seed2.txt,Set Cover,100,RelaxGrouping,2000,True,min,4,1.4024,0.1506,0.022831439971923828,18755,31389,536,True
set_cover_n100_m81_d0.05_b_w20_seed2.txt,Set Cover,100,RelaxGrouping,500,False,min,4,0.2862,na,0.0502166748046875,26283,43986,498,True
set_cover_n100_m81_d0.05_b_w20_seed2.txt,Set Cover,100,RelaxGrouping,5000,True,min,4,4.1242,0.4508,0.04923391342163086,36827,61077,1289,True
set_cover_n100_m81_d0.05_b_w20_seed2.txt,Set Cover,100,RelaxGrouping,1000,False,min,4,0.6076,na,0.09090852737426758,52645,87186,997,True
set_cover_n100_m81_d0.05_b_w20_seed2.txt,Set Cover,100,RelaxGrouping,2000,False,min,4,1.5096,na,0.09562849998474121,99251,166370,1999,True
set_cover_n100_m81_d0.05_b_w20_seed2.txt,Set Cover,100,RelaxGrouping,10000,True,min,4,9.9409,1.0034,0.09002447128295898,64919,107180,2242,True
set_cover_n100_m81_d0.05_b_w20_seed2.txt,Set Cover,100,RelaxGrouping,5000,False,min,4,4.5134,na,0.5214512348175049,241787,404214,4977,True
set_cover_n100_m81_d0.5_b_w20_seed2.txt,Set Cover,100,RelaxGrouping,500,True,min,5,0.2109,0.0209,0.017617225646972656,22350,43648,400,True
set_cover_n100_m81_d0.5_b_w20_seed2.txt,Set Cover,100,RelaxGrouping,1000,True,min,5,0.2132,0.0208,0.018083572387695312,22350,43648,400,True
set_cover_n100_m81_d0.5_b_w20_seed2.txt,Set Cover,100,RelaxGrouping,2000,True,min,5,0.2106,0.0209,0.01783895492553711,22350,43648,400,True
set_cover_n100_m81_d0.05_b_w20_seed2.txt,Set Cover,100,RelaxGrouping,10000,False,min,4,10.0229,na,1.1775379180908203,490500,805171,9996,True
set_cover_n100_m81_d0.5_b_w20_seed2.txt,Set Cover,100,RelaxGrouping,5000,True,min,5,0.204,0.0198,0.01694035530090332,22350,43648,400,True
set_cover_n100_m81_d0.05_b_w20_seed2.txt,Set Cover,100,RelaxGrouping,20000,True,min,5,21.0253,2.0236,0.18160247802734375,128072,208320,5452,True
set_cover_n100_m81_d0.5_b_w20_seed2.txt,Set Cover,100,RelaxGrouping,10000,True,min,5,0.2061,0.0204,0.017366647720336914,22350,43648,400,True
set_cover_n100_m81_d0.5_b_w20_seed2.txt,Set Cover,100,RelaxGrouping,20000,True,min,5,0.1997,0.0197,0.016786813735961914,22350,43648,400,True
set_cover_n100_m81_d0.5_b_w20_seed2.txt,Set Cover,100,RelaxGrouping,500,False,min,5,0.202,na,0.01756882667541504,22350,43648,400,True
set_cover_n100_m81_d0.5_b_w20_seed2.txt,Set Cover,100,RelaxGrouping,1000,False,min,5,0.2043,na,0.017599105834960938,22350,43648,400,True
set_cover_n100_m81_d0.5_b_w20_seed2.txt,Set Cover,100,RelaxGrouping,2000,False,min,5,0.2036,na,0.017450571060180664,22350,43648,400,True
set_cover_n100_m81_d0.5_b_w20_seed2.txt,Set Cover,100,RelaxGrouping,5000,False,min,5,0.2004,na,0.01695108413696289,22350,43648,400,True
set_cover_n100_m81_d0.5_b_w20_seed2.txt,Set Cover,100,RelaxGrouping,10000,False,min,5,0.204,na,0.017397403717041016,22350,43648,400,True
set_cover_n100_m81_d0.05_b_w20_seed2.txt,Set Cover,100,RelaxGrouping,20000,False,min,5,20.4109,na,2.297801971435547,933268,1539235,19989,True
set_cover_n100_m81_d0.5_b_w20_seed2.txt,Set Cover,100,RelaxGrouping,20000,False,min,5,0.2011,na,0.017509937286376953,22350,43648,400,True
set_cover_n100_m81_d0.05_b_w20_seed3.txt,Set Cover,100,RelaxGrouping,500,True,min,2,0.2939,0.0383,0.018994569778442383,9777,15967,218,True
set_cover_n100_m81_d0.05_b_w20_seed3.txt,Set Cover,100,RelaxGrouping,1000,True,min,2,0.654,0.0773,0.019892454147338867,18410,29906,472,True
set_cover_n100_m81_d0.05_b_w20_seed3.txt,Set Cover,100,RelaxGrouping,2000,True,min,3,1.4778,0.1653,0.037355899810791016,31893,51806,763,True
set_cover_n100_m81_d0.05_b_w20_seed3.txt,Set Cover,100,RelaxGrouping,500,False,min,2,0.3045,na,0.04969286918640137,28266,47860,495,True
set_cover_n100_m81_d0.05_b_w20_seed3.txt,Set Cover,100,RelaxGrouping,5000,True,min,3,4.3778,0.4718,0.09129643440246582,76830,122806,2071,True
set_cover_n100_m81_d0.05_b_w20_seed3.txt,Set Cover,100,RelaxGrouping,1000,False,min,2,0.6518,na,0.048848628997802734,56186,93993,997,True
set_cover_n100_m81_d0.05_b_w20_seed3.txt,Set Cover,100,RelaxGrouping,2000,False,min,3,1.5446,na,0.20951437950134277,107128,180370,1996,True
set_cover_n100_m81_d0.05_b_w20_seed3.txt,Set Cover,100,RelaxGrouping,10000,True,min,3,9.915,1.0332,0.17642879486083984,132189,212612,3640,True
set_cover_n100_m81_d0.05_b_w20_seed3.txt,Set Cover,100,RelaxGrouping,5000,False,min,3,4.5476,na,0.5656983852386475,264667,442317,4995,True
set_cover_n100_m81_d0.5_b_w20_seed3.txt,Set Cover,100,RelaxGrouping,500,True,min,5,0.1999,0.0201,0.017838478088378906,22350,43648,400,True
set_cover_n100_m81_d0.5_b_w20_seed3.txt,Set Cover,100,RelaxGrouping,1000,True,min,5,0.2152,0.0213,0.018282651901245117,22350,43648,400,True
set_cover_n100_m81_d0.5_b_w20_seed3.txt,Set Cover,100,RelaxGrouping,2000,True,min,5,0.2081,0.0206,0.01769232749938965,22350,43648,400,True
set_cover_n100_m81_d0.05_b_w20_seed3.txt,Set Cover,100,RelaxGrouping,10000,False,min,3,10.0914,na,1.1593778133392334,514666,856358,9921,True
set_cover_n100_m81_d0.5_b_w20_seed3.txt,Set Cover,100,RelaxGrouping,5000,True,min,5,0.2087,0.0204,0.018158912658691406,22350,43648,400,True
set_cover_n100_m81_d0.05_b_w20_seed3.txt,Set Cover,100,RelaxGrouping,20000,True,min,3,21.8661,2.2571,0.3396458625793457,239735,386108,6670,True
set_cover_n100_m81_d0.5_b_w20_seed3.txt,Set Cover,100,RelaxGrouping,10000,True,min,5,0.2026,0.0198,0.017143964767456055,22350,43648,400,True
set_cover_n100_m81_d0.5_b_w20_seed3.txt,Set Cover,100,RelaxGrouping,20000,True,min,5,0.2025,0.0193,0.016789674758911133,22350,43648,400,True
set_cover_n100_m81_d0.5_b_w20_seed3.txt,Set Cover,100,RelaxGrouping,500,False,min,5,0.1991,na,0.017072677612304688,22350,43648,400,True
set_cover_n100_m81_d0.5_b_w20_seed3.txt,Set Cover,100,RelaxGrouping,1000,False,min,5,0.2021,na,0.017340898513793945,22350,43648,400,True
set_cover_n100_m81_d0.5_b_w20_seed3.txt,Set Cover,100,RelaxGrouping,2000,False,min,5,0.2023,na,0.016922473907470703,22350,43648,400,True
set_cover_n100_m81_d0.5_b_w20_seed3.txt,Set Cover,100,RelaxGrouping,5000,False,min,5,0.2029,na,0.017464160919189453,22350,43648,400,True
set_cover_n100_m81_d0.5_b_w20_seed3.txt,Set Cover,100,RelaxGrouping,10000,False,min,5,0.2019,na,0.01733231544494629,22350,43648,400,True
set_cover_n100_m81_d0.05_b_w20_seed3.txt,Set Cover,100,RelaxGrouping,20000,False,min,3,21.3466,na,1.1970388889312744,1005209,1661825,19976,True
set_cover_n100_m81_d0.5_b_w20_seed3.txt,Set Cover,100,RelaxGrouping,20000,False,min,5,0.2023,na,0.017377138137817383,22350,43648,400,True
set_cover_n100_m81_d0.05_b_w20_seed4.txt,Set Cover,100,RelaxGrouping,500,True,min,2,0.3471,0.0422,0.012315750122070312,12160,19645,349,True
set_cover_n100_m81_d0.05_b_w20_seed4.txt,Set Cover,100,RelaxGrouping,1000,True,min,3,0.6483,0.0774,0.02244400978088379,21818,35748,789,True
set_cover_n100_m81_d0.05_b_w20_seed4.txt,Set Cover,100,RelaxGrouping,2000,True,min,3,1.4979,0.1703,0.045648813247680664,41692,67082,1449,True
set_cover_n100_m81_d0.05_b_w20_seed4.txt,Set Cover,100,RelaxGrouping,500,False,min,2,0.3543,na,0.026424646377563477,31079,52036,498,True
set_cover_n100_m81_d0.05_b_w20_seed4.txt,Set Cover,100,RelaxGrouping,5000,True,min,3,4.4309,0.4647,0.08983039855957031,77663,125005,2660,True
set_cover_n100_m81_d0.05_b_w20_seed4.txt,Set Cover,100,RelaxGrouping,1000,False,min,3,0.6797,na,0.04904031753540039,57505,95761,992,True
set_cover_n100_m81_d0.05_b_w20_seed4.txt,Set Cover,100,RelaxGrouping,2000,False,min,3,1.6334,na,0.22031354904174805,113917,189052,1991,True
set_cover_n100_m81_d0.05_b_w20_seed4.txt,Set Cover,100,RelaxGrouping,10000,True,min,3,9.922,1.0278,0.15846920013427734,124076,202146,3798,True
set_cover_n100_m81_d0.05_b_w20_seed4.txt,Set Cover,100,RelaxGrouping,5000,False,min,3,4.5035,na,0.5356757640838623,258790,428580,4969,True
set_cover_n100_m81_d0.5_b_w20_seed4.txt,Set Cover,100,RelaxGrouping,500,True,min,5,0.2076,0.021,0.017571687698364258,22350,43648,400,True
set_cover_n100_m81_d0.5_b_w20_seed4.txt,Set Cover,100,RelaxGrouping,1000,True,min,5,0.204,0.0203,0.017838716506958008,22350,43648,400,True
set_cover_n100_m81_d0.5_b_w20_seed4.txt,Set Cover,100,RelaxGrouping,2000,True,min,5,0.2108,0.0206,0.018024206161499023,22350,43648,400,True
set_cover_n100_m81_d0.05_b_w20_seed4.txt,Set Cover,100,RelaxGrouping,10000,False,min,3,10.0421,na,1.1783168315887451,489886,812962,9940,True
set_cover_n100_m81_d0.5_b_w20_seed4.txt,Set Cover,100,RelaxGrouping,5000,True,min,5,0.2007,0.02,0.01707315444946289,22350,43648,400,True
set_cover_n100_m81_d0.05_b_w20_seed4.txt,Set Cover,100,RelaxGrouping,20000,True,min,3,20.9081,2.0847,0.3146843910217285,232607,373799,7788,True
set_cover_n100_m81_d0.5_b_w20_seed4.txt,Set Cover,100,RelaxGrouping,10000,True,min,5,0.2034,0.0197,0.016829729080200195,22350,43648,400,True
set_cover_n100_m81_d0.5_b_w20_seed4.txt,Set Cover,100,RelaxGrouping,20000,True,min,5,0.199,0.0201,0.01764392852783203,22350,43648,400,True
set_cover_n100_m81_d0.5_b_w20_seed4.txt,Set Cover,100,RelaxGrouping,500,False,min,5,0.2001,na,0.01838397979736328,22350,43648,400,True
set_cover_n100_m81_d0.5_b_w20_seed4.txt,Set Cover,100,RelaxGrouping,1000,False,min,5,0.1973,na,0.017476558685302734,22350,43648,400,True
set_cover_n100_m81_d0.5_b_w20_seed4.txt,Set Cover,100,RelaxGrouping,2000,False,min,5,0.1997,na,0.017401933670043945,22350,43648,400,True
set_cover_n100_m81_d0.5_b_w20_seed4.txt,Set Cover,100,RelaxGrouping,5000,False,min,5,0.2085,na,0.017449617385864258,22350,43648,400,True
set_cover_n100_m81_d0.5_b_w20_seed4.txt,Set Cover,100,RelaxGrouping,10000,False,min,5,0.2013,na,0.017328500747680664,22350,43648,400,True
set_cover_n100_m81_d0.05_b_w20_seed4.txt,Set Cover,100,RelaxGrouping,20000,False,min,3,20.3613,na,1.0936074256896973,939558,1548249,19891,True
set_cover_n100_m81_d0.5_b_w20_seed4.txt,Set Cover,100,RelaxGrouping,20000,False,min,5,0.2143,na,0.017548799514770508,22350,43648,400,True
set_cover_n100_m81_d0.15_b_w20_seed1.txt,Set Cover,100,RelaxGrouping,500,True,min,2,0.3653,0.0448,0.01199960708618164,10843,20481,269,True
set_cover_n100_m81_d0.15_b_w20_seed1.txt,Set Cover,100,RelaxGrouping,1000,True,min,2,0.6654,0.0879,0.019845008850097656,17668,33467,501,True
set_cover_n100_m81_d0.15_b_w20_seed1.txt,Set Cover,100,RelaxGrouping,2000,True,min,2,1.574,0.1921,0.10775136947631836,30558,57923,981,True
set_cover_n100_m81_d0.15_b_w20_seed1.txt,Set Cover,100,RelaxGrouping,500,False,min,2,0.3759,na,0.0265963077545166,31195,58372,495,True
set_cover_n100_m81_d0.15_b_w20_seed1.txt,Set Cover,100,RelaxGrouping,5000,True,min,2,4.8862,0.5306,0.08118772506713867,57408,108928,1856,True
set_cover_n100_m81_d0.15_b_w20_seed1.txt,Set Cover,100,RelaxGrouping,1000,False,min,2,0.7474,na,0.11421751976013184,58202,108897,992,True
set_cover_n100_m81_d0.15_b_w20_seed1.txt,Set Cover,100,RelaxGrouping,2000,False,min,2,1.6397,na,0.23575615882873535,111877,209592,1981,True
set_cover_n100_m81_d0.15_b_w20_seed1.txt,Set Cover,100,RelaxGrouping,10000,True,min,2,10.4183,1.1775,0.17668890953063965,109336,209134,3720,True
set_cover_n100_m81_d0.15_b_w20_seed1.txt,Set Cover,100,RelaxGrouping,5000,False,min,2,4.9336,na,0.6226129531860352,264367,495663,4980,True
set_cover_n100_m81_d0.15_b_w20_seed2.txt,Set Cover,100,RelaxGrouping,500,True,min,2,0.3614,0.0449,0.010860443115234375,9058,17586,298,True
set_cover_n100_m81_d0.15_b_w20_seed2.txt,Set Cover,100,RelaxGrouping,1000,True,min,2,0.7779,0.0922,0.015575647354125977,12274,23794,382,True
set_cover_n100_m81_d0.15_b_w20_seed1.txt,Set Cover,100,RelaxGrouping,10000,False,min,2,10.6086,na,1.3486230373382568,507600,954487,9979,True
set_cover_n100_m81_d0.15_b_w20_seed2.txt,Set Cover,100,RelaxGrouping,2000,True,min,2,1.7263,0.1953,0.028499841690063477,21504,41841,707,True
set_cover_n100_m81_d0.15_b_w20_seed1.txt,Set Cover,100,RelaxGrouping,20000,True,min,3,21.3283,2.6577,0.3287534713745117,202225,388203,7771,True
set_cover_n100_m81_d0.15_b_w20_seed2.txt,Set Cover,100,RelaxGrouping,5000,True,min,2,4.9281,0.5566,0.07106804847717285,48419,94605,1829,True
set_cover_n100_m81_d0.15_b_w20_seed2.txt,Set Cover,100,RelaxGrouping,500,False,min,2,0.3607,na,0.026476144790649414,29233,55862,499,True
set_cover_n100_m81_d0.15_b_w20_seed2.txt,Set Cover,100,RelaxGrouping,1000,False,min,2,0.7789,na,0.12373161315917969,55877,107142,988,True
set_cover_n100_m81_d0.15_b_w20_seed1.txt,Set Cover,100,RelaxGrouping,20000,False,min,3,21.4368,na,2.781681776046753,975673,1835941,19973,True
set_cover_n100_m81_d0.15_b_w20_seed2.txt,Set Cover,100,RelaxGrouping,2000,False,min,2,1.7187,na,0.23282885551452637,107814,207007,1985,True
set_cover_n100_m81_d0.15_b_w20_seed2.txt,Set Cover,100,RelaxGrouping,10000,True,min,3,10.8953,1.2303,0.15086889266967773,90235,176646,3490,True
set_cover_n100_m81_d0.15_b_w20_seed2.txt,Set Cover,100,RelaxGrouping,5000,False,min,2,4.9659,na,0.6153671741485596,258479,494892,4983,True
set_cover_n100_m81_d0.15_b_w20_seed3.txt,Set Cover,100,RelaxGrouping,500,True,min,2,0.3725,0.0465,0.011809110641479492,10039,18664,244,True
set_cover_n100_m81_d0.15_b_w20_seed3.txt,Set Cover,100,RelaxGrouping,1000,True,min,2,0.8056,0.1035,0.021045207977294922,17207,31720,478,True
set_cover_n100_m81_d0.15_b_w20_seed3.txt,Set Cover,100,RelaxGrouping,2000,True,min,2,1.7507,0.2052,0.09355568885803223,26535,49009,733,True
set_cover_n100_m81_d0.15_b_w20_seed2.txt,Set Cover,100,RelaxGrouping,20000,True,min,3,21.7642,2.6257,0.2546095848083496,155154,303478,6298,True
set_cover_n100_m81_d0.15_b_w20_seed2.txt,Set Cover,100,RelaxGrouping,10000,False,min,3,10.8121,na,1.3526396751403809,492080,944407,9968,True
set_cover_n100_m81_d0.15_b_w20_seed3.txt,Set Cover,100,RelaxGrouping,5000,True,min,2,5.2001,0.5991,0.08167791366577148,56861,105768,1809,True
set_cover_n100_m81_d0.15_b_w20_seed3.txt,Set Cover,100,RelaxGrouping,500,False,min,2,0.3722,na,0.027779102325439453,31390,58836,498,True
set_cover_n100_m81_d0.15_b_w20_seed3.txt,Set Cover,100,RelaxGrouping,1000,False,min,2,0.8028,na,0.11938834190368652,63814,119041,995,True
set_cover_n100_m81_d0.15_b_w20_seed3.txt,Set Cover,100,RelaxGrouping,2000,False,min,2,1.7615,na,0.23734712600708008,122990,228202,1987,True
set_cover_n100_m81_d0.15_b_w20_seed2.txt,Set Cover,100,RelaxGrouping,20000,False,min,3,21.7615,na,2.802501916885376,935027,1792215,19925,True
set_cover_n100_m81_d0.15_b_w20_seed3.txt,Set Cover,100,RelaxGrouping,10000,True,min,2,10.9291,1.2509,0.15242624282836914,97396,183755,2710,True
set_cover_n100_m81_d0.15_b_w20_seed3.txt,Set Cover,100,RelaxGrouping,5000,False,min,2,5.188,na,0.6655099391937256,289144,536661,4996,True
set_cover_n100_m81_d0.15_b_w20_seed4.txt,Set Cover,100,RelaxGrouping,500,True,min,2,0.4087,0.051,0.012561559677124023,10545,19985,280,True
set_cover_n100_m81_d0.15_b_w20_seed4.txt,Set Cover,100,RelaxGrouping,1000,True,min,2,0.8205,0.099,0.021856069564819336,18450,35371,527,True
set_cover_n100_m81_d0.15_b_w20_seed3.txt,Set Cover,100,RelaxGrouping,20000,True,min,3,21.6926,2.6869,0.27346062660217285,173487,330416,5057,True
set_cover_n100_m81_d0.15_b_w20_seed4.txt,Set Cover,100,RelaxGrouping,2000,True,min,2,1.701,0.1975,0.1042795181274414,27891,53760,753,True
set_cover_n100_m81_d0.15_b_w20_seed3.txt,Set Cover,100,RelaxGrouping,10000,False,min,2,10.9923,na,0.7845726013183594,546770,1016695,9975,True
set_cover_n100_m81_d0.15_b_w20_seed4.txt,Set Cover,100,RelaxGrouping,5000,True,min,2,5.0063,0.5826,0.07626152038574219,55265,105693,1611,True
set_cover_n100_m81_d0.15_b_w20_seed4.txt,Set Cover,100,RelaxGrouping,500,False,min,2,0.4151,na,0.031923770904541016,34484,65213,496,True
set_cover_n100_m81_d0.15_b_w20_seed4.txt,Set Cover,100,RelaxGrouping,1000,False,min,2,0.8155,na,0.11643505096435547,62849,119026,995,True
set_cover_n100_m81_d0.15_b_w20_seed4.txt,Set Cover,100,RelaxGrouping,2000,False,min,2,1.7432,na,0.23268485069274902,116122,219892,1993,True
set_cover_n100_m81_d0.15_b_w20_seed3.txt,Set Cover,100,RelaxGrouping,20000,False,min,3,21.7206,na,2.8815126419067383,1027933,1917115,19984,True
set_cover_n100_m81_d0.15_b_w20_seed4.txt,Set Cover,100,RelaxGrouping,10000,True,min,2,10.3592,1.1608,0.15189480781555176,98200,187916,3155,True
set_cover_n100_m81_d0.15_b_w20_seed4.txt,Set Cover,100,RelaxGrouping,5000,False,min,2,4.9576,na,0.33345961570739746,270161,510819,4985,True
set_cover_n100_m81_d0.25_b_w20_seed1.txt,Set Cover,100,RelaxGrouping,500,True,min,5,0.2083,0.0205,0.017596721649169922,22350,43648,400,True
set_cover_n100_m81_d0.25_b_w20_seed1.txt,Set Cover,100,RelaxGrouping,1000,True,min,5,0.2107,0.0209,0.018355607986450195,22350,43648,400,True
set_cover_n100_m81_d0.15_b_w20_seed4.txt,Set Cover,100,RelaxGrouping,20000,True,min,3,20.2415,2.3683,0.2977607250213623,169419,324561,5852,True
set_cover_n100_m81_d0.25_b_w20_seed1.txt,Set Cover,100,RelaxGrouping,2000,True,min,5,0.2109,0.0202,0.017450571060180664,22350,43648,400,True
set_cover_n100_m81_d0.15_b_w20_seed4.txt,Set Cover,100,RelaxGrouping,10000,False,min,2,10.0714,na,1.209660530090332,504363,953407,9990,True
set_cover_n100_m81_d0.25_b_w20_seed1.txt,Set Cover,100,RelaxGrouping,5000,True,min,5,0.2081,0.0203,0.017344236373901367,22350,43648,400,True
set_cover_n100_m81_d0.25_b_w20_seed1.txt,Set Cover,100,RelaxGrouping,10000,True,min,5,0.2002,0.02,0.017344236373901367,22350,43648,400,True
set_cover_n100_m81_d0.25_b_w20_seed1.txt,Set Cover,100,RelaxGrouping,20000,True,min,5,0.2018,0.0198,0.017292022705078125,22350,43648,400,True
set_cover_n100_m81_d0.25_b_w20_seed1.txt,Set Cover,100,RelaxGrouping,500,False,min,5,0.1991,na,0.017764568328857422,22350,43648,400,True
set_cover_n100_m81_d0.25_b_w20_seed1.txt,Set Cover,100,RelaxGrouping,1000,False,min,5,0.2025,na,0.01769709587097168,22350,43648,400,True
set_cover_n100_m81_d0.25_b_w20_seed1.txt,Set Cover,100,RelaxGrouping,2000,False,min,5,0.2029,na,0.017545700073242188,22350,43648,400,True
set_cover_n100_m81_d0.25_b_w20_seed1.txt,Set Cover,100,RelaxGrouping,5000,False,min,5,0.2062,na,0.018316984176635742,22350,43648,400,True
set_cover_n100_m81_d0.15_b_w20_seed4.txt,Set Cover,100,RelaxGrouping,20000,False,min,3,19.321,na,2.507058620452881,932238,1762707,19907,True
set_cover_n100_m81_d0.25_b_w20_seed1.txt,Set Cover,100,RelaxGrouping,10000,False,min,5,0.2044,na,0.01752948760986328,22350,43648,400,True
set_cover_n100_m81_d0.25_b_w20_seed1.txt,Set Cover,100,RelaxGrouping,20000,False,min,5,0.2035,na,0.01755547523498535,22350,43648,400,True
set_cover_n100_m81_d0.25_b_w20_seed2.txt,Set Cover,100,RelaxGrouping,500,True,min,5,0.2015,0.018,0.016165733337402344,22350,43648,400,True
set_cover_n100_m81_d0.25_b_w20_seed2.txt,Set Cover,100,RelaxGrouping,1000,True,min,5,0.2006,0.0198,0.017198562622070312,22350,43648,400,True
set_cover_n100_m81_d0.25_b_w20_seed2.txt,Set Cover,100,RelaxGrouping,2000,True,min,5,0.2021,0.0196,0.016988754272460938,22350,43648,400,True
set_cover_n100_m81_d0.25_b_w20_seed2.txt,Set Cover,100,RelaxGrouping,5000,True,min,5,0.2003,0.0194,0.016896724700927734,22350,43648,400,True
set_cover_n100_m81_d0.25_b_w20_seed2.txt,Set Cover,100,RelaxGrouping,10000,True,min,5,0.2021,0.0191,0.016512632369995117,22350,43648,400,True
set_cover_n100_m81_d0.25_b_w20_seed2.txt,Set Cover,100,RelaxGrouping,20000,True,min,5,0.2002,0.0192,0.01706695556640625,22350,43648,400,True
set_cover_n100_m81_d0.25_b_w20_seed2.txt,Set Cover,100,RelaxGrouping,500,False,min,5,0.1969,na,0.017328500747680664,22350,43648,400,True
set_cover_n100_m81_d0.25_b_w20_seed2.txt,Set Cover,100,RelaxGrouping,1000,False,min,5,0.1968,na,0.01709580421447754,22350,43648,400,True
set_cover_n100_m81_d0.25_b_w20_seed2.txt,Set Cover,100,RelaxGrouping,2000,False,min,5,0.2042,na,0.017163515090942383,22350,43648,400,True
set_cover_n100_m81_d0.25_b_w20_seed2.txt,Set Cover,100,RelaxGrouping,5000,False,min,5,0.1993,na,0.017397403717041016,22350,43648,400,True
set_cover_n100_m81_d0.25_b_w20_seed2.txt,Set Cover,100,RelaxGrouping,10000,False,min,5,0.1996,na,0.016991138458251953,22350,43648,400,True
set_cover_n100_m81_d0.25_b_w20_seed2.txt,Set Cover,100,RelaxGrouping,20000,False,min,5,0.2011,na,0.017497539520263672,22350,43648,400,True
set_cover_n100_m81_d0.25_b_w20_seed3.txt,Set Cover,100,RelaxGrouping,500,True,min,5,0.2021,0.0198,0.01662445068359375,22350,43648,400,True
set_cover_n100_m81_d0.25_b_w20_seed3.txt,Set Cover,100,RelaxGrouping,1000,True,min,5,0.1978,0.0184,0.016454696655273438,22350,43648,400,True
set_cover_n100_m81_d0.25_b_w20_seed3.txt,Set Cover,100,RelaxGrouping,2000,True,min,5,0.2009,0.02,0.017079830169677734,22350,43648,400,True
set_cover_n100_m81_d0.25_b_w20_seed3.txt,Set Cover,100,RelaxGrouping,5000,True,min,5,0.1987,0.0202,0.017312288284301758,22350,43648,400,True
set_cover_n100_m81_d0.25_b_w20_seed3.txt,Set Cover,100,RelaxGrouping,10000,True,min,5,0.2029,0.0198,0.017009735107421875,22350,43648,400,True
set_cover_n100_m81_d0.25_b_w20_seed3.txt,Set Cover,100,RelaxGrouping,20000,True,min,5,0.1995,0.0197,0.017340421676635742,22350,43648,400,True
set_cover_n100_m81_d0.25_b_w20_seed3.txt,Set Cover,100,RelaxGrouping,500,False,min,5,0.1964,na,0.01710200309753418,22350,43648,400,True
set_cover_n100_m81_d0.25_b_w20_seed3.txt,Set Cover,100,RelaxGrouping,1000,False,min,5,0.1971,na,0.01727437973022461,22350,43648,400,True
set_cover_n100_m81_d0.25_b_w20_seed3.txt,Set Cover,100,RelaxGrouping,2000,False,min,5,0.2004,na,0.01752614974975586,22350,43648,400,True
set_cover_n100_m81_d0.25_b_w20_seed3.txt,Set Cover,100,RelaxGrouping,5000,False,min,5,0.1962,na,0.017229795455932617,22350,43648,400,True
set_cover_n100_m81_d0.25_b_w20_seed3.txt,Set Cover,100,RelaxGrouping,10000,False,min,5,0.2037,na,0.017678260803222656,22350,43648,400,True
set_cover_n100_m81_d0.25_b_w20_seed3.txt,Set Cover,100,RelaxGrouping,20000,False,min,5,0.2039,na,0.01742267608642578,22350,43648,400,True
set_cover_n100_m81_d0.25_b_w20_seed4.txt,Set Cover,100,RelaxGrouping,500,True,min,5,0.1971,0.0186,0.016754865646362305,22350,43648,400,True
set_cover_n100_m81_d0.25_b_w20_seed4.txt,Set Cover,100,RelaxGrouping,1000,True,min,5,0.196,0.0195,0.016701936721801758,22350,43648,400,True
set_cover_n100_m81_d0.25_b_w20_seed4.txt,Set Cover,100,RelaxGrouping,2000,True,min,5,0.2001,0.0201,0.017627954483032227,22350,43648,400,True
set_cover_n100_m81_d0.25_b_w20_seed4.txt,Set Cover,100,RelaxGrouping,5000,True,min,5,0.1968,0.0201,0.017192363739013672,22350,43648,400,True
set_cover_n100_m81_d0.25_b_w20_seed4.txt,Set Cover,100,RelaxGrouping,10000,True,min,5,0.2046,0.0197,0.01720118522644043,22350,43648,400,True
set_cover_n100_m81_d0.25_b_w20_seed4.txt,Set Cover,100,RelaxGrouping,20000,True,min,5,0.2052,0.0198,0.017063140869140625,22350,43648,400,True
set_cover_n100_m81_d0.25_b_w20_seed4.txt,Set Cover,100,RelaxGrouping,500,False,min,5,0.1944,na,0.01668858528137207,22350,43648,400,True
set_cover_n100_m81_d0.25_b_w20_seed4.txt,Set Cover,100,RelaxGrouping,1000,False,min,5,0.1999,na,0.017255067825317383,22350,43648,400,True
set_cover_n100_m81_d0.25_b_w20_seed4.txt,Set Cover,100,RelaxGrouping,2000,False,min,5,0.2022,na,0.017798662185668945,22350,43648,400,True
set_cover_n100_m81_d0.25_b_w20_seed4.txt,Set Cover,100,RelaxGrouping,5000,False,min,5,0.1977,na,0.017501354217529297,22350,43648,400,True
set_cover_n100_m81_d0.25_b_w20_seed4.txt,Set Cover,100,RelaxGrouping,10000,False,min,5,0.1992,na,0.016896724700927734,22350,43648,400,True
set_cover_n100_m81_d0.25_b_w20_seed4.txt,Set Cover,100,RelaxGrouping,20000,False,min,5,0.1957,na,0.017023324966430664,22350,43648,400,True
set_cover_n100_m81_d0.35_b_w20_seed1.txt,Set Cover,100,RelaxGrouping,500,True,min,5,0.1992,0.0199,0.01674365997314453,22350,43648,400,True
set_cover_n100_m81_d0.35_b_w20_seed1.txt,Set Cover,100,RelaxGrouping,1000,True,min,5,0.1978,0.0195,0.016583681106567383,22350,43648,400,True
set_cover_n100_m81_d0.35_b_w20_seed1.txt,Set Cover,100,RelaxGrouping,2000,True,min,5,0.1988,0.0202,0.01692342758178711,22350,43648,400,True
set_cover_n100_m81_d0.35_b_w20_seed1.txt,Set Cover,100,RelaxGrouping,5000,True,min,5,0.2034,0.0186,0.016184091567993164,22350,43648,400,True
set_cover_n100_m81_d0.35_b_w20_seed1.txt,Set Cover,100,RelaxGrouping,10000,True,min,5,0.2002,0.0202,0.017281532287597656,22350,43648,400,True
set_cover_n100_m81_d0.35_b_w20_seed1.txt,Set Cover,100,RelaxGrouping,20000,True,min,5,0.2021,0.0193,0.017209529876708984,22350,43648,400,True
set_cover_n100_m81_d0.35_b_w20_seed1.txt,Set Cover,100,RelaxGrouping,500,False,min,5,0.199,na,0.01717829704284668,22350,43648,400,True
set_cover_n100_m81_d0.35_b_w20_seed1.txt,Set Cover,100,RelaxGrouping,1000,False,min,5,0.1975,na,0.01730060577392578,22350,43648,400,True
set_cover_n100_m81_d0.35_b_w20_seed1.txt,Set Cover,100,RelaxGrouping,2000,False,min,5,0.1972,na,0.017488956451416016,22350,43648,400,True
set_cover_n100_m81_d0.35_b_w20_seed1.txt,Set Cover,100,RelaxGrouping,5000,False,min,5,0.2007,na,0.017407655715942383,22350,43648,400,True
set_cover_n100_m81_d0.35_b_w20_seed1.txt,Set Cover,100,RelaxGrouping,10000,False,min,5,0.2006,na,0.017487525939941406,22350,43648,400,True
set_cover_n100_m81_d0.35_b_w20_seed1.txt,Set Cover,100,RelaxGrouping,20000,False,min,5,0.2044,na,0.01765751838684082,22350,43648,400,True
set_cover_n100_m81_d0.35_b_w20_seed2.txt,Set Cover,100,RelaxGrouping,500,True,min,5,0.2009,0.0195,0.01669597625732422,22350,43648,400,True
set_cover_n100_m81_d0.35_b_w20_seed2.txt,Set Cover,100,RelaxGrouping,1000,True,min,5,0.1999,0.0188,0.016678571701049805,22350,43648,400,True
set_cover_n100_m81_d0.35_b_w20_seed2.txt,Set Cover,100,RelaxGrouping,2000,True,min,5,0.1987,0.0184,0.016564607620239258,22350,43648,400,True
set_cover_n100_m81_d0.35_b_w20_seed2.txt,Set Cover,100,RelaxGrouping,5000,True,min,5,0.2028,0.02,0.017197608947753906,22350,43648,400,True
set_cover_n100_m81_d0.35_b_w20_seed2.txt,Set Cover,100,RelaxGrouping,10000,True,min,5,0.1989,0.0187,0.01677703857421875,22350,43648,400,True
set_cover_n100_m81_d0.35_b_w20_seed2.txt,Set Cover,100,RelaxGrouping,20000,True,min,5,0.2052,0.0194,0.01723456382751465,22350,43648,400,True
set_cover_n100_m81_d0.35_b_w20_seed2.txt,Set Cover,100,RelaxGrouping,500,False,min,5,0.2009,na,0.017393112182617188,22350,43648,400,True
set_cover_n100_m81_d0.35_b_w20_seed2.txt,Set Cover,100,RelaxGrouping,1000,False,min,5,0.1987,na,0.016858816146850586,22350,43648,400,True
set_cover_n100_m81_d0.35_b_w20_seed2.txt,Set Cover,100,RelaxGrouping,2000,False,min,5,0.205,na,0.01709294319152832,22350,43648,400,True
set_cover_n100_m81_d0.35_b_w20_seed2.txt,Set Cover,100,RelaxGrouping,5000,False,min,5,0.2041,na,0.017429351806640625,22350,43648,400,True
set_cover_n100_m81_d0.35_b_w20_seed2.txt,Set Cover,100,RelaxGrouping,10000,False,min,5,0.204,na,0.017345666885375977,22350,43648,400,True
set_cover_n100_m81_d0.35_b_w20_seed2.txt,Set Cover,100,RelaxGrouping,20000,False,min,5,0.2015,na,0.017762422561645508,22350,43648,400,True
set_cover_n100_m81_d0.35_b_w20_seed3.txt,Set Cover,100,RelaxGrouping,500,True,min,5,0.1964,0.0181,0.01647496223449707,22350,43648,400,True
set_cover_n100_m81_d0.35_b_w20_seed3.txt,Set Cover,100,RelaxGrouping,1000,True,min,5,0.2016,0.0193,0.016805410385131836,22350,43648,400,True
set_cover_n100_m81_d0.35_b_w20_seed3.txt,Set Cover,100,RelaxGrouping,2000,True,min,5,0.1984,0.0182,0.01618337631225586,22350,43648,400,True
set_cover_n100_m81_d0.35_b_w20_seed3.txt,Set Cover,100,RelaxGrouping,5000,True,min,5,0.2035,0.0201,0.01710796356201172,22350,43648,400,True
set_cover_n100_m81_d0.35_b_w20_seed3.txt,Set Cover,100,RelaxGrouping,10000,True,min,5,0.1994,0.0185,0.016788482666015625,22350,43648,400,True
set_cover_n100_m81_d0.35_b_w20_seed3.txt,Set Cover,100,RelaxGrouping,20000,True,min,5,0.2005,0.0193,0.0168912410736084,22350,43648,400,True
set_cover_n100_m81_d0.35_b_w20_seed3.txt,Set Cover,100,RelaxGrouping,500,False,min,5,0.1959,na,0.016609907150268555,22350,43648,400,True
set_cover_n100_m81_d0.35_b_w20_seed3.txt,Set Cover,100,RelaxGrouping,1000,False,min,5,0.1903,na,0.017050743103027344,22350,43648,400,True
set_cover_n100_m81_d0.35_b_w20_seed3.txt,Set Cover,100,RelaxGrouping,2000,False,min,5,0.1978,na,0.016802310943603516,22350,43648,400,True
set_cover_n100_m81_d0.35_b_w20_seed3.txt,Set Cover,100,RelaxGrouping,5000,False,min,5,0.1971,na,0.01707744598388672,22350,43648,400,True
set_cover_n100_m81_d0.35_b_w20_seed3.txt,Set Cover,100,RelaxGrouping,10000,False,min,5,0.1992,na,0.017081499099731445,22350,43648,400,True
set_cover_n100_m81_d0.35_b_w20_seed3.txt,Set Cover,100,RelaxGrouping,20000,False,min,5,0.2008,na,0.0180819034576416,22350,43648,400,True
set_cover_n100_m81_d0.35_b_w20_seed4.txt,Set Cover,100,RelaxGrouping,500,True,min,5,0.1932,0.0176,0.015745162963867188,22350,43648,400,True
set_cover_n100_m81_d0.35_b_w20_seed4.txt,Set Cover,100,RelaxGrouping,1000,True,min,5,0.2005,0.0196,0.017014741897583008,22350,43648,400,True
set_cover_n100_m81_d0.35_b_w20_seed4.txt,Set Cover,100,RelaxGrouping,2000,True,min,5,0.1973,0.0195,0.017063140869140625,22350,43648,400,True
set_cover_n100_m81_d0.35_b_w20_seed4.txt,Set Cover,100,RelaxGrouping,5000,True,min,5,0.1963,0.02,0.017014741897583008,22350,43648,400,True
set_cover_n100_m81_d0.35_b_w20_seed4.txt,Set Cover,100,RelaxGrouping,10000,True,min,5,0.1967,0.0198,0.01709461212158203,22350,43648,400,True
set_cover_n100_m81_d0.35_b_w20_seed4.txt,Set Cover,100,RelaxGrouping,20000,True,min,5,0.2045,0.0204,0.017930984497070312,22350,43648,400,True
set_cover_n100_m81_d0.35_b_w20_seed4.txt,Set Cover,100,RelaxGrouping,500,False,min,5,0.2017,na,0.016977548599243164,22350,43648,400,True
set_cover_n100_m81_d0.35_b_w20_seed4.txt,Set Cover,100,RelaxGrouping,1000,False,min,5,0.1978,na,0.018079042434692383,22350,43648,400,True
set_cover_n100_m81_d0.35_b_w20_seed4.txt,Set Cover,100,RelaxGrouping,2000,False,min,5,0.2006,na,0.01677107810974121,22350,43648,400,True
set_cover_n100_m81_d0.35_b_w20_seed4.txt,Set Cover,100,RelaxGrouping,5000,False,min,5,0.1969,na,0.017096996307373047,22350,43648,400,True
set_cover_n100_m81_d0.35_b_w20_seed4.txt,Set Cover,100,RelaxGrouping,10000,False,min,5,0.2046,na,0.017021656036376953,22350,43648,400,True
set_cover_n100_m81_d0.35_b_w20_seed4.txt,Set Cover,100,RelaxGrouping,20000,False,min,5,0.2026,na,0.017375469207763672,22350,43648,400,True
set_cover_n100_m81_d0.45_b_w20_seed1.txt,Set Cover,100,RelaxGrouping,500,True,min,5,0.1965,0.0196,0.01679253578186035,22350,43648,400,True
set_cover_n100_m81_d0.45_b_w20_seed1.txt,Set Cover,100,RelaxGrouping,1000,True,min,5,0.2013,0.0187,0.017071962356567383,22350,43648,400,True
set_cover_n100_m81_d0.45_b_w20_seed1.txt,Set Cover,100,RelaxGrouping,2000,True,min,5,0.1953,0.0181,0.01628899574279785,22350,43648,400,True
set_cover_n100_m81_d0.45_b_w20_seed1.txt,Set Cover,100,RelaxGrouping,5000,True,min,5,0.1953,0.0197,0.017360687255859375,22350,43648,400,True
set_cover_n100_m81_d0.45_b_w20_seed1.txt,Set Cover,100,RelaxGrouping,10000,True,min,5,0.1983,0.0195,0.01661968231201172,22350,43648,400,True
set_cover_n100_m81_d0.45_b_w20_seed1.txt,Set Cover,100,RelaxGrouping,20000,True,min,5,0.2019,0.0187,0.01720261573791504,22350,43648,400,True
set_cover_n100_m81_d0.45_b_w20_seed1.txt,Set Cover,100,RelaxGrouping,500,False,min,5,0.1966,na,0.01719355583190918,22350,43648,400,True
set_cover_n100_m81_d0.45_b_w20_seed1.txt,Set Cover,100,RelaxGrouping,1000,False,min,5,0.1984,na,0.0172116756439209,22350,43648,400,True
set_cover_n100_m81_d0.45_b_w20_seed1.txt,Set Cover,100,RelaxGrouping,2000,False,min,5,0.1951,na,0.017216920852661133,22350,43648,400,True
set_cover_n100_m81_d0.45_b_w20_seed1.txt,Set Cover,100,RelaxGrouping,5000,False,min,5,0.1986,na,0.017589807510375977,22350,43648,400,True
set_cover_n100_m81_d0.45_b_w20_seed1.txt,Set Cover,100,RelaxGrouping,10000,False,min,5,0.2029,na,0.01731109619140625,22350,43648,400,True
set_cover_n100_m81_d0.45_b_w20_seed1.txt,Set Cover,100,RelaxGrouping,20000,False,min,5,0.2008,na,0.01687312126159668,22350,43648,400,True
set_cover_n100_m81_d0.45_b_w20_seed2.txt,Set Cover,100,RelaxGrouping,500,True,min,5,0.1953,0.0195,0.016595125198364258,22350,43648,400,True
set_cover_n100_m81_d0.45_b_w20_seed2.txt,Set Cover,100,RelaxGrouping,1000,True,min,5,0.1983,0.0188,0.016178369522094727,22350,43648,400,True
set_cover_n100_m81_d0.45_b_w20_seed2.txt,Set Cover,100,RelaxGrouping,2000,True,min,5,0.1997,0.0193,0.016750574111938477,22350,43648,400,True
set_cover_n100_m81_d0.45_b_w20_seed2.txt,Set Cover,100,RelaxGrouping,5000,True,min,5,0.1929,0.0198,0.01641392707824707,22350,43648,400,True
set_cover_n100_m81_d0.45_b_w20_seed2.txt,Set Cover,100,RelaxGrouping,10000,True,min,5,0.1984,0.0203,0.016798734664916992,22350,43648,400,True
set_cover_n100_m81_d0.45_b_w20_seed2.txt,Set Cover,100,RelaxGrouping,20000,True,min,5,0.2032,0.02,0.01753711700439453,22350,43648,400,True
set_cover_n100_m81_d0.45_b_w20_seed2.txt,Set Cover,100,RelaxGrouping,500,False,min,5,0.1949,na,0.016466617584228516,22350,43648,400,True
set_cover_n100_m81_d0.45_b_w20_seed2.txt,Set Cover,100,RelaxGrouping,1000,False,min,5,0.1987,na,0.016922712326049805,22350,43648,400,True
set_cover_n100_m81_d0.45_b_w20_seed2.txt,Set Cover,100,RelaxGrouping,2000,False,min,5,0.192,na,0.016421079635620117,22350,43648,400,True
set_cover_n100_m81_d0.45_b_w20_seed2.txt,Set Cover,100,RelaxGrouping,5000,False,min,5,0.1946,na,0.017418622970581055,22350,43648,400,True
set_cover_n100_m81_d0.45_b_w20_seed2.txt,Set Cover,100,RelaxGrouping,10000,False,min,5,0.196,na,0.01680469512939453,22350,43648,400,True
set_cover_n100_m81_d0.45_b_w20_seed2.txt,Set Cover,100,RelaxGrouping,20000,False,min,5,0.2041,na,0.018162250518798828,22350,43648,400,True
set_cover_n100_m81_d0.45_b_w20_seed3.txt,Set Cover,100,RelaxGrouping,500,True,min,5,0.1983,0.0194,0.017029285430908203,22350,43648,400,True
set_cover_n100_m81_d0.45_b_w20_seed3.txt,Set Cover,100,RelaxGrouping,1000,True,min,5,0.1956,0.0196,0.016368627548217773,22350,43648,400,True
set_cover_n100_m81_d0.45_b_w20_seed3.txt,Set Cover,100,RelaxGrouping,2000,True,min,5,0.2043,0.0202,0.016726970672607422,22350,43648,400,True
set_cover_n100_m81_d0.45_b_w20_seed3.txt,Set Cover,100,RelaxGrouping,5000,True,min,5,0.1973,0.019,0.016311168670654297,22350,43648,400,True
set_cover_n100_m81_d0.45_b_w20_seed3.txt,Set Cover,100,RelaxGrouping,10000,True,min,5,0.1984,0.0193,0.01705145835876465,22350,43648,400,True
set_cover_n100_m81_d0.45_b_w20_seed3.txt,Set Cover,100,RelaxGrouping,20000,True,min,5,0.1998,0.0185,0.01678776741027832,22350,43648,400,True
set_cover_n100_m81_d0.45_b_w20_seed3.txt,Set Cover,100,RelaxGrouping,500,False,min,5,0.1952,na,0.01692342758178711,22350,43648,400,True
set_cover_n100_m81_d0.45_b_w20_seed3.txt,Set Cover,100,RelaxGrouping,1000,False,min,5,0.1995,na,0.017279386520385742,22350,43648,400,True
set_cover_n100_m81_d0.45_b_w20_seed3.txt,Set Cover,100,RelaxGrouping,2000,False,min,5,0.197,na,0.017195701599121094,22350,43648,400,True
set_cover_n100_m81_d0.45_b_w20_seed3.txt,Set Cover,100,RelaxGrouping,5000,False,min,5,0.1995,na,0.01775670051574707,22350,43648,400,True
set_cover_n100_m81_d0.45_b_w20_seed3.txt,Set Cover,100,RelaxGrouping,10000,False,min,5,0.2022,na,0.01756739616394043,22350,43648,400,True
set_cover_n100_m81_d0.45_b_w20_seed3.txt,Set Cover,100,RelaxGrouping,20000,False,min,5,0.2048,na,0.01769566535949707,22350,43648,400,True
set_cover_n100_m81_d0.45_b_w20_seed4.txt,Set Cover,100,RelaxGrouping,500,True,min,5,0.1979,0.0195,0.01686549186706543,22350,43648,400,True
set_cover_n100_m81_d0.45_b_w20_seed4.txt,Set Cover,100,RelaxGrouping,1000,True,min,5,0.1973,0.019,0.01586627960205078,22350,43648,400,True
set_cover_n100_m81_d0.45_b_w20_seed4.txt,Set Cover,100,RelaxGrouping,2000,True,min,5,0.1957,0.0181,0.01670551300048828,22350,43648,400,True
set_cover_n100_m81_d0.45_b_w20_seed4.txt,Set Cover,100,RelaxGrouping,5000,True,min,5,0.199,0.0184,0.016318559646606445,22350,43648,400,True
set_cover_n100_m81_d0.45_b_w20_seed4.txt,Set Cover,100,RelaxGrouping,10000,True,min,5,0.2002,0.0188,0.01692938804626465,22350,43648,400,True
set_cover_n100_m81_d0.45_b_w20_seed4.txt,Set Cover,100,RelaxGrouping,20000,True,min,5,0.2057,0.02,0.017467021942138672,22350,43648,400,True
set_cover_n100_m81_d0.45_b_w20_seed4.txt,Set Cover,100,RelaxGrouping,500,False,min,5,0.1991,na,0.017122745513916016,22350,43648,400,True
set_cover_n100_m81_d0.45_b_w20_seed4.txt,Set Cover,100,RelaxGrouping,1000,False,min,5,0.1943,na,0.016588926315307617,22350,43648,400,True
set_cover_n100_m81_d0.45_b_w20_seed4.txt,Set Cover,100,RelaxGrouping,2000,False,min,5,0.2084,na,0.01740884780883789,22350,43648,400,True
set_cover_n100_m81_d0.45_b_w20_seed4.txt,Set Cover,100,RelaxGrouping,5000,False,min,5,0.198,na,0.01752448081970215,22350,43648,400,True
set_cover_n100_m81_d0.45_b_w20_seed4.txt,Set Cover,100,RelaxGrouping,10000,False,min,5,0.1985,na,0.017252206802368164,22350,43648,400,True
set_cover_n100_m81_d0.45_b_w20_seed4.txt,Set Cover,100,RelaxGrouping,20000,False,min,5,0.2003,na,0.01695537567138672,22350,43648,400,True
set_cover_n100_m84_d0.1_b_w17_seed1.txt,Set Cover,100,RelaxGrouping,500,True,min,2,0.395,0.0497,0.010576963424682617,10082,17979,245,True
set_cover_n100_m84_d0.1_b_w17_seed1.txt,Set Cover,100,RelaxGrouping,1000,True,min,2,0.8824,0.1,0.01930093765258789,17301,30853,473,True
set_cover_n100_m84_d0.1_b_w17_seed1.txt,Set Cover,100,RelaxGrouping,2000,True,min,2,2.0747,0.2128,0.0367131233215332,30713,54661,846,True
set_cover_n100_m84_d0.1_b_w17_seed1.txt,Set Cover,100,RelaxGrouping,500,False,min,2,0.4392,na,0.031174898147583008,34982,63179,498,True
set_cover_n100_m84_d0.1_b_w17_seed1.txt,Set Cover,100,RelaxGrouping,5000,True,min,3,5.9845,0.6297,0.08177804946899414,59941,108117,1523,True
set_cover_n100_m84_d0.1_b_w17_seed1.txt,Set Cover,100,RelaxGrouping,1000,False,min,2,0.9421,na,0.06521058082580566,67450,122022,998,True
set_cover_n100_m84_d0.1_b_w17_seed1.txt,Set Cover,100,RelaxGrouping,2000,False,min,2,2.1279,na,0.13580060005187988,130245,234973,1997,True
set_cover_n100_m84_d0.1_b_w17_seed1.txt,Set Cover,100,RelaxGrouping,10000,True,min,3,12.8047,1.4225,0.1472032070159912,100222,181610,2863,True
set_cover_n100_m84_d0.1_b_w17_seed1.txt,Set Cover,100,RelaxGrouping,5000,False,min,3,6.2363,na,0.6996479034423828,312053,561570,4988,True
set_cover_n100_m84_d0.1_b_w17_seed2.txt,Set Cover,100,RelaxGrouping,500,True,min,2,0.404,0.0491,0.009978771209716797,8022,14565,219,True
set_cover_n100_m84_d0.1_b_w17_seed2.txt,Set Cover,100,RelaxGrouping,1000,True,min,2,0.8377,0.0979,0.05311274528503418,13230,24260,365,True
set_cover_n100_m84_d0.1_b_w17_seed2.txt,Set Cover,100,RelaxGrouping,2000,True,min,2,1.9073,0.2062,0.027976512908935547,21017,38719,588,True
set_cover_n100_m84_d0.1_b_w17_seed1.txt,Set Cover,100,RelaxGrouping,10000,False,min,3,13.1416,na,1.491184949874878,590397,1068934,9989,True
set_cover_n100_m84_d0.1_b_w17_seed1.txt,Set Cover,100,RelaxGrouping,20000,True,min,3,27.5903,3.0865,0.3262360095977783,197880,363305,6079,True
set_cover_n100_m84_d0.1_b_w17_seed2.txt,Set Cover,100,RelaxGrouping,5000,True,min,2,6.0467,0.5925,0.07489442825317383,49759,91754,1519,True
set_cover_n100_m84_d0.1_b_w17_seed2.txt,Set Cover,100,RelaxGrouping,500,False,min,2,0.3974,na,0.02955794334411621,31283,56995,499,True
set_cover_n100_m84_d0.1_b_w17_seed2.txt,Set Cover,100,RelaxGrouping,1000,False,min,2,0.8118,na,0.12578129768371582,61616,112295,997,True
set_cover_n100_m84_d0.1_b_w17_seed2.txt,Set Cover,100,RelaxGrouping,10000,True,min,2,12.68,1.345,0.14777588844299316,97505,181174,2935,True
set_cover_n100_m84_d0.1_b_w17_seed1.txt,Set Cover,100,RelaxGrouping,20000,False,min,3,27.6876,na,3.220031499862671,1149174,2081289,19974,True
set_cover_n100_m84_d0.1_b_w17_seed2.txt,Set Cover,100,RelaxGrouping,2000,False,min,2,1.8996,na,0.25638389587402344,116991,213931,1993,True
set_cover_n100_m84_d0.1_b_w17_seed2.txt,Set Cover,100,RelaxGrouping,5000,False,min,2,5.9528,na,0.33960795402526855,289351,530158,4984,True
set_cover_n100_m84_d0.1_b_w17_seed3.txt,Set Cover,100,RelaxGrouping,500,True,min,2,0.4126,0.0504,0.009471654891967773,8579,15385,201,True
set_cover_n100_m84_d0.1_b_w17_seed3.txt,Set Cover,100,RelaxGrouping,1000,True,min,2,0.9403,0.1045,0.017345905303955078,13313,23918,322,True
set_cover_n100_m84_d0.1_b_w17_seed3.txt,Set Cover,100,RelaxGrouping,2000,True,min,2,2.0136,0.2239,0.10540509223937988,26580,48164,638,True
set_cover_n100_m84_d0.1_b_w17_seed2.txt,Set Cover,100,RelaxGrouping,20000,True,min,2,26.6618,2.973,0.29748058319091797,175592,327918,5658,True
set_cover_n100_m84_d0.1_b_w17_seed2.txt,Set Cover,100,RelaxGrouping,10000,False,min,2,12.8355,na,1.5653798580169678,558129,1021179,9966,True
set_cover_n100_m84_d0.1_b_w17_seed3.txt,Set Cover,100,RelaxGrouping,5000,True,min,2,6.3829,0.6298,0.08396410942077637,57813,106377,1518,True
set_cover_n100_m84_d0.1_b_w17_seed3.txt,Set Cover,100,RelaxGrouping,500,False,min,2,0.4091,na,0.029668331146240234,33610,60531,499,True
set_cover_n100_m84_d0.1_b_w17_seed3.txt,Set Cover,100,RelaxGrouping,1000,False,min,2,0.9339,na,0.06511855125427246,66255,118616,999,True
set_cover_n100_m84_d0.1_b_w17_seed3.txt,Set Cover,100,RelaxGrouping,2000,False,min,2,2.0752,na,0.28104329109191895,129031,231984,1988,True
set_cover_n100_m84_d0.1_b_w17_seed3.txt,Set Cover,100,RelaxGrouping,10000,True,min,3,14.0461,1.4846,0.14628839492797852,93983,172535,2625,True
set_cover_n100_m84_d0.1_b_w17_seed2.txt,Set Cover,100,RelaxGrouping,20000,False,min,2,27.0565,na,3.244438886642456,1092750,2007568,19934,True
set_cover_n100_m84_d0.1_b_w17_seed3.txt,Set Cover,100,RelaxGrouping,5000,False,min,2,6.4003,na,0.7466042041778564,313172,565662,4992,True
set_cover_n100_m84_d0.1_b_w17_seed4.txt,Set Cover,100,RelaxGrouping,500,True,min,2,0.4106,0.0515,0.011431217193603516,9229,16857,257,True
set_cover_n100_m84_d0.1_b_w17_seed4.txt,Set Cover,100,RelaxGrouping,1000,True,min,2,0.8648,0.0992,0.05207324028015137,14461,26140,345,True
set_cover_n100_m84_d0.1_b_w17_seed4.txt,Set Cover,100,RelaxGrouping,2000,True,min,2,1.9986,0.2202,0.031055212020874023,22774,41380,610,True
set_cover_n100_m84_d0.1_b_w17_seed3.txt,Set Cover,100,RelaxGrouping,10000,False,min,3,14.195,na,1.5895764827728271,607838,1096267,9954,True
set_cover_n100_m84_d0.1_b_w17_seed3.txt,Set Cover,100,RelaxGrouping,20000,True,min,3,27.911,3.1674,0.2952687740325928,166439,308901,4717,True
set_cover_n100_m84_d0.1_b_w17_seed4.txt,Set Cover,100,RelaxGrouping,5000,True,min,2,6.0616,0.5902,0.07074642181396484,49406,89733,1607,True
set_cover_n100_m84_d0.1_b_w17_seed4.txt,Set Cover,100,RelaxGrouping,500,False,min,2,0.4012,na,0.030104398727416992,31532,58110,498,True
set_cover_n100_m84_d0.1_b_w17_seed4.txt,Set Cover,100,RelaxGrouping,1000,False,min,2,0.8582,na,0.12366819381713867,62596,113851,992,True
set_cover_n100_m84_d0.1_b_w17_seed4.txt,Set Cover,100,RelaxGrouping,2000,False,min,2,1.9588,na,0.2586338520050049,121674,221828,1987,True
set_cover_n100_m84_d0.1_b_w17_seed4.txt,Set Cover,100,RelaxGrouping,10000,True,min,3,13.2772,1.3918,0.13457894325256348,84272,155061,2912,True
set_cover_n100_m84_d0.1_b_w17_seed3.txt,Set Cover,100,RelaxGrouping,20000,False,min,3,27.7678,na,3.2257509231567383,1150020,2089317,19993,True
set_cover_n100_m84_d0.1_b_w17_seed4.txt,Set Cover,100,RelaxGrouping,5000,False,min,2,6.0249,na,0.714930534362793,293313,533709,4979,True
set_cover_n100_m84_d0.2_b_w17_seed1.txt,Set Cover,100,RelaxGrouping,500,True,min,5,0.1766,0.0174,0.014618873596191406,18173,35324,289,True
set_cover_n100_m84_d0.2_b_w17_seed1.txt,Set Cover,100,RelaxGrouping,1000,True,min,5,0.1732,0.0165,0.014196634292602539,18173,35324,289,True
set_cover_n100_m84_d0.2_b_w17_seed1.txt,Set Cover,100,RelaxGrouping,2000,True,min,5,0.1799,0.0172,0.014684677124023438,18173,35324,289,True
set_cover_n100_m84_d0.1_b_w17_seed4.txt,Set Cover,100,RelaxGrouping,10000,False,min,3,13.2685,na,1.5585341453552246,566688,1034125,9961,True
set_cover_n100_m84_d0.2_b_w17_seed1.txt,Set Cover,100,RelaxGrouping,5000,True,min,5,0.1771,0.017,0.01466059684753418,18173,35324,289,True
set_cover_n100_m84_d0.2_b_w17_seed1.txt,Set Cover,100,RelaxGrouping,10000,True,min,5,0.17,0.0165,0.014316320419311523,18173,35324,289,True
set_cover_n100_m84_d0.1_b_w17_seed4.txt,Set Cover,100,RelaxGrouping,20000,True,min,3,28.5283,2.8914,0.23602008819580078,145885,267488,4877,True
set_cover_n100_m84_d0.2_b_w17_seed1.txt,Set Cover,100,RelaxGrouping,20000,True,min,5,0.1744,0.0165,0.014466524124145508,18173,35324,289,True
set_cover_n100_m84_d0.2_b_w17_seed1.txt,Set Cover,100,RelaxGrouping,500,False,min,5,0.169,na,0.014606714248657227,18173,35324,289,True
set_cover_n100_m84_d0.2_b_w17_seed1.txt,Set Cover,100,RelaxGrouping,1000,False,min,5,0.1701,na,0.0140228271484375,18173,35324,289,True
set_cover_n100_m84_d0.2_b_w17_seed1.txt,Set Cover,100,RelaxGrouping,2000,False,min,5,0.167,na,0.014033317565917969,18173,35324,289,True
set_cover_n100_m84_d0.2_b_w17_seed1.txt,Set Cover,100,RelaxGrouping,5000,False,min,5,0.1694,na,0.014378786087036133,18173,35324,289,True
set_cover_n100_m84_d0.2_b_w17_seed1.txt,Set Cover,100,RelaxGrouping,10000,False,min,5,0.1687,na,0.014545440673828125,18173,35324,289,True
set_cover_n100_m84_d0.2_b_w17_seed1.txt,Set Cover,100,RelaxGrouping,20000,False,min,5,0.1694,na,0.014376401901245117,18173,35324,289,True
set_cover_n100_m84_d0.2_b_w17_seed2.txt,Set Cover,100,RelaxGrouping,500,True,min,5,0.1712,0.0165,0.014160394668579102,18173,35324,289,True
set_cover_n100_m84_d0.2_b_w17_seed2.txt,Set Cover,100,RelaxGrouping,1000,True,min,5,0.1712,0.0164,0.014050006866455078,18173,35324,289,True
set_cover_n100_m84_d0.1_b_w17_seed4.txt,Set Cover,100,RelaxGrouping,20000,False,min,3,27.8888,na,1.545426368713379,1113661,2028915,19971,True
set_cover_n100_m84_d0.2_b_w17_seed2.txt,Set Cover,100,RelaxGrouping,2000,True,min,5,0.1694,0.0161,0.014429807662963867,18173,35324,289,True
set_cover_n100_m84_d0.2_b_w17_seed2.txt,Set Cover,100,RelaxGrouping,5000,True,min,5,0.1626,0.0147,0.01358652114868164,18173,35324,289,True
set_cover_n100_m84_d0.2_b_w17_seed2.txt,Set Cover,100,RelaxGrouping,10000,True,min,5,0.1663,0.016,0.013620615005493164,18173,35324,289,True
set_cover_n100_m84_d0.2_b_w17_seed2.txt,Set Cover,100,RelaxGrouping,20000,True,min,5,0.1697,0.0163,0.014256715774536133,18173,35324,289,True
set_cover_n100_m84_d0.2_b_w17_seed2.txt,Set Cover,100,RelaxGrouping,500,False,min,5,0.1681,na,0.014318227767944336,18173,35324,289,True
set_cover_n100_m84_d0.2_b_w17_seed2.txt,Set Cover,100,RelaxGrouping,1000,False,min,5,0.1645,na,0.014397859573364258,18173,35324,289,True
set_cover_n100_m84_d0.2_b_w17_seed2.txt,Set Cover,100,RelaxGrouping,2000,False,min,5,0.1673,na,0.013958454132080078,18173,35324,289,True
set_cover_n100_m84_d0.2_b_w17_seed2.txt,Set Cover,100,RelaxGrouping,5000,False,min,5,0.167,na,0.014220714569091797,18173,35324,289,True
set_cover_n100_m84_d0.2_b_w17_seed2.txt,Set Cover,100,RelaxGrouping,10000,False,min,5,0.1653,na,0.014120817184448242,18173,35324,289,True
set_cover_n100_m84_d0.2_b_w17_seed2.txt,Set Cover,100,RelaxGrouping,20000,False,min,5,0.1668,na,0.014362335205078125,18173,35324,289,True
set_cover_n100_m84_d0.2_b_w17_seed3.txt,Set Cover,100,RelaxGrouping,500,True,min,5,0.1755,0.0162,0.014034032821655273,18173,35324,289,True
set_cover_n100_m84_d0.2_b_w17_seed3.txt,Set Cover,100,RelaxGrouping,1000,True,min,5,0.1697,0.0162,0.014135599136352539,18173,35324,289,True
set_cover_n100_m84_d0.2_b_w17_seed3.txt,Set Cover,100,RelaxGrouping,2000,True,min,5,0.167,0.0161,0.014104127883911133,18173,35324,289,True
set_cover_n100_m84_d0.2_b_w17_seed3.txt,Set Cover,100,RelaxGrouping,5000,True,min,5,0.1728,0.0162,0.014774084091186523,18173,35324,289,True
set_cover_n100_m84_d0.2_b_w17_seed3.txt,Set Cover,100,RelaxGrouping,10000,True,min,5,0.1639,0.0143,0.013524532318115234,18173,35324,289,True
set_cover_n100_m84_d0.2_b_w17_seed3.txt,Set Cover,100,RelaxGrouping,20000,True,min,5,0.1631,0.0146,0.013003110885620117,18173,35324,289,True
set_cover_n100_m84_d0.2_b_w17_seed3.txt,Set Cover,100,RelaxGrouping,500,False,min,5,0.1716,na,0.01419377326965332,18173,35324,289,True
set_cover_n100_m84_d0.2_b_w17_seed3.txt,Set Cover,100,RelaxGrouping,1000,False,min,5,0.1653,na,0.014076709747314453,18173,35324,289,True
set_cover_n100_m84_d0.2_b_w17_seed3.txt,Set Cover,100,RelaxGrouping,2000,False,min,5,0.171,na,0.01394343376159668,18173,35324,289,True
set_cover_n100_m84_d0.2_b_w17_seed3.txt,Set Cover,100,RelaxGrouping,5000,False,min,5,0.169,na,0.01437687873840332,18173,35324,289,True
set_cover_n100_m84_d0.2_b_w17_seed3.txt,Set Cover,100,RelaxGrouping,10000,False,min,5,0.1636,na,0.013655424118041992,18173,35324,289,True
set_cover_n100_m84_d0.2_b_w17_seed3.txt,Set Cover,100,RelaxGrouping,20000,False,min,5,0.1682,na,0.014049530029296875,18173,35324,289,True
set_cover_n100_m84_d0.2_b_w17_seed4.txt,Set Cover,100,RelaxGrouping,500,True,min,5,0.168,0.016,0.014390707015991211,18173,35324,289,True
set_cover_n100_m84_d0.2_b_w17_seed4.txt,Set Cover,100,RelaxGrouping,1000,True,min,5,0.166,0.0162,0.013861656188964844,18173,35324,289,True
set_cover_n100_m84_d0.2_b_w17_seed4.txt,Set Cover,100,RelaxGrouping,2000,True,min,5,0.1657,0.0147,0.013657808303833008,18173,35324,289,True
set_cover_n100_m84_d0.2_b_w17_seed4.txt,Set Cover,100,RelaxGrouping,5000,True,min,5,0.1683,0.0159,0.014033079147338867,18173,35324,289,True
set_cover_n100_m84_d0.2_b_w17_seed4.txt,Set Cover,100,RelaxGrouping,10000,True,min,5,0.1674,0.0149,0.013431549072265625,18173,35324,289,True
set_cover_n100_m84_d0.2_b_w17_seed4.txt,Set Cover,100,RelaxGrouping,20000,True,min,5,0.1675,0.016,0.014150142669677734,18173,35324,289,True
set_cover_n100_m84_d0.2_b_w17_seed4.txt,Set Cover,100,RelaxGrouping,500,False,min,5,0.1747,na,0.014601707458496094,18173,35324,289,True
set_cover_n100_m84_d0.2_b_w17_seed4.txt,Set Cover,100,RelaxGrouping,1000,False,min,5,0.1703,na,0.01451873779296875,18173,35324,289,True
set_cover_n100_m84_d0.2_b_w17_seed4.txt,Set Cover,100,RelaxGrouping,2000,False,min,5,0.1688,na,0.014054059982299805,18173,35324,289,True
set_cover_n100_m84_d0.2_b_w17_seed4.txt,Set Cover,100,RelaxGrouping,5000,False,min,5,0.1676,na,0.013781070709228516,18173,35324,289,True
set_cover_n100_m84_d0.2_b_w17_seed4.txt,Set Cover,100,RelaxGrouping,10000,False,min,5,0.168,na,0.01388096809387207,18173,35324,289,True
set_cover_n100_m84_d0.2_b_w17_seed4.txt,Set Cover,100,RelaxGrouping,20000,False,min,5,0.164,na,0.013824462890625,18173,35324,289,True
set_cover_n100_m84_d0.3_b_w17_seed1.txt,Set Cover,100,RelaxGrouping,500,True,min,5,0.1701,0.015,0.013257741928100586,18173,35324,289,True
set_cover_n100_m84_d0.3_b_w17_seed1.txt,Set Cover,100,RelaxGrouping,1000,True,min,5,0.1684,0.0165,0.014494895935058594,18173,35324,289,True
set_cover_n100_m84_d0.3_b_w17_seed1.txt,Set Cover,100,RelaxGrouping,2000,True,min,5,0.1713,0.015,0.013959884643554688,18173,35324,289,True
set_cover_n100_m84_d0.3_b_w17_seed1.txt,Set Cover,100,RelaxGrouping,5000,True,min,5,0.1719,0.0155,0.013830900192260742,18173,35324,289,True
set_cover_n100_m84_d0.3_b_w17_seed1.txt,Set Cover,100,RelaxGrouping,10000,True,min,5,0.1674,0.0162,0.014389514923095703,18173,35324,289,True
set_cover_n100_m84_d0.3_b_w17_seed1.txt,Set Cover,100,RelaxGrouping,20000,True,min,5,0.1714,0.0162,0.01372981071472168,18173,35324,289,True
set_cover_n100_m84_d0.3_b_w17_seed1.txt,Set Cover,100,RelaxGrouping,500,False,min,5,0.1676,na,0.014400720596313477,18173,35324,289,True
set_cover_n100_m84_d0.3_b_w17_seed1.txt,Set Cover,100,RelaxGrouping,1000,False,min,5,0.1608,na,0.013571739196777344,18173,35324,289,True
set_cover_n100_m84_d0.3_b_w17_seed1.txt,Set Cover,100,RelaxGrouping,2000,False,min,5,0.1659,na,0.013765335083007812,18173,35324,289,True
set_cover_n100_m84_d0.3_b_w17_seed1.txt,Set Cover,100,RelaxGrouping,5000,False,min,5,0.164,na,0.013731718063354492,18173,35324,289,True
set_cover_n100_m84_d0.3_b_w17_seed1.txt,Set Cover,100,RelaxGrouping,10000,False,min,5,0.1656,na,0.013541221618652344,18173,35324,289,True
set_cover_n100_m84_d0.3_b_w17_seed1.txt,Set Cover,100,RelaxGrouping,20000,False,min,5,0.1638,na,0.014000415802001953,18173,35324,289,True
set_cover_n100_m84_d0.3_b_w17_seed2.txt,Set Cover,100,RelaxGrouping,500,True,min,5,0.1696,0.0164,0.014578580856323242,18173,35324,289,True
set_cover_n100_m84_d0.3_b_w17_seed2.txt,Set Cover,100,RelaxGrouping,1000,True,min,5,0.1709,0.0162,0.014295101165771484,18173,35324,289,True
set_cover_n100_m84_d0.3_b_w17_seed2.txt,Set Cover,100,RelaxGrouping,2000,True,min,5,0.1728,0.0161,0.013898611068725586,18173,35324,289,True
set_cover_n100_m84_d0.3_b_w17_seed2.txt,Set Cover,100,RelaxGrouping,5000,True,min,5,0.169,0.0161,0.014198541641235352,18173,35324,289,True
set_cover_n100_m84_d0.3_b_w17_seed2.txt,Set Cover,100,RelaxGrouping,10000,True,min,5,0.1689,0.0162,0.014277219772338867,18173,35324,289,True
set_cover_n100_m84_d0.3_b_w17_seed2.txt,Set Cover,100,RelaxGrouping,20000,True,min,5,0.1648,0.0157,0.014099836349487305,18173,35324,289,True
set_cover_n100_m84_d0.3_b_w17_seed2.txt,Set Cover,100,RelaxGrouping,500,False,min,5,0.1684,na,0.014064311981201172,18173,35324,289,True
set_cover_n100_m84_d0.3_b_w17_seed2.txt,Set Cover,100,RelaxGrouping,1000,False,min,5,0.167,na,0.014191865921020508,18173,35324,289,True
set_cover_n100_m84_d0.3_b_w17_seed2.txt,Set Cover,100,RelaxGrouping,2000,False,min,5,0.169,na,0.014374732971191406,18173,35324,289,True
set_cover_n100_m84_d0.3_b_w17_seed2.txt,Set Cover,100,RelaxGrouping,5000,False,min,5,0.1691,na,0.014678955078125,18173,35324,289,True
set_cover_n100_m84_d0.3_b_w17_seed2.txt,Set Cover,100,RelaxGrouping,10000,False,min,5,0.1701,na,0.014749288558959961,18173,35324,289,True
set_cover_n100_m84_d0.3_b_w17_seed2.txt,Set Cover,100,RelaxGrouping,20000,False,min,5,0.1678,na,0.014222860336303711,18173,35324,289,True
set_cover_n100_m84_d0.3_b_w17_seed3.txt,Set Cover,100,RelaxGrouping,500,True,min,5,0.169,0.0164,0.013928890228271484,18173,35324,289,True
set_cover_n100_m84_d0.3_b_w17_seed3.txt,Set Cover,100,RelaxGrouping,1000,True,min,5,0.1683,0.0162,0.014050483703613281,18173,35324,289,True
set_cover_n100_m84_d0.3_b_w17_seed3.txt,Set Cover,100,RelaxGrouping,2000,True,min,5,0.1683,0.0162,0.01464533805847168,18173,35324,289,True
set_cover_n100_m84_d0.3_b_w17_seed3.txt,Set Cover,100,RelaxGrouping,5000,True,min,5,0.1665,0.016,0.01385188102722168,18173,35324,289,True
set_cover_n100_m84_d0.3_b_w17_seed3.txt,Set Cover,100,RelaxGrouping,10000,True,min,5,0.1701,0.0163,0.014235258102416992,18173,35324,289,True
set_cover_n100_m84_d0.3_b_w17_seed3.txt,Set Cover,100,RelaxGrouping,20000,True,min,5,0.166,0.0152,0.013886451721191406,18173,35324,289,True
set_cover_n100_m84_d0.3_b_w17_seed3.txt,Set Cover,100,RelaxGrouping,500,False,min,5,0.1682,na,0.014114141464233398,18173,35324,289,True
set_cover_n100_m84_d0.3_b_w17_seed3.txt,Set Cover,100,RelaxGrouping,1000,False,min,5,0.1698,na,0.013700008392333984,18173,35324,289,True
set_cover_n100_m84_d0.3_b_w17_seed3.txt,Set Cover,100,RelaxGrouping,2000,False,min,5,0.166,na,0.014038801193237305,18173,35324,289,True
set_cover_n100_m84_d0.3_b_w17_seed3.txt,Set Cover,100,RelaxGrouping,5000,False,min,5,0.1639,na,0.013657093048095703,18173,35324,289,True
set_cover_n100_m84_d0.3_b_w17_seed3.txt,Set Cover,100,RelaxGrouping,10000,False,min,5,0.1692,na,0.013985157012939453,18173,35324,289,True
set_cover_n100_m84_d0.3_b_w17_seed3.txt,Set Cover,100,RelaxGrouping,20000,False,min,5,0.1666,na,0.01391458511352539,18173,35324,289,True
set_cover_n100_m84_d0.3_b_w17_seed4.txt,Set Cover,100,RelaxGrouping,500,True,min,5,0.1715,0.0165,0.014418840408325195,18173,35324,289,True
set_cover_n100_m84_d0.3_b_w17_seed4.txt,Set Cover,100,RelaxGrouping,1000,True,min,5,0.1676,0.0161,0.013845682144165039,18173,35324,289,True
set_cover_n100_m84_d0.3_b_w17_seed4.txt,Set Cover,100,RelaxGrouping,2000,True,min,5,0.1698,0.0161,0.013803482055664062,18173,35324,289,True
set_cover_n100_m84_d0.3_b_w17_seed4.txt,Set Cover,100,RelaxGrouping,5000,True,min,5,0.1687,0.015,0.013579607009887695,18173,35324,289,True
set_cover_n100_m84_d0.3_b_w17_seed4.txt,Set Cover,100,RelaxGrouping,10000,True,min,5,0.166,0.0152,0.013671875,18173,35324,289,True
set_cover_n100_m84_d0.3_b_w17_seed4.txt,Set Cover,100,RelaxGrouping,20000,True,min,5,0.1657,0.0147,0.013283491134643555,18173,35324,289,True
set_cover_n100_m84_d0.3_b_w17_seed4.txt,Set Cover,100,RelaxGrouping,500,False,min,5,0.1624,na,0.014109611511230469,18173,35324,289,True
set_cover_n100_m84_d0.3_b_w17_seed4.txt,Set Cover,100,RelaxGrouping,1000,False,min,5,0.166,na,0.013875007629394531,18173,35324,289,True
set_cover_n100_m84_d0.3_b_w17_seed4.txt,Set Cover,100,RelaxGrouping,2000,False,min,5,0.1667,na,0.014403343200683594,18173,35324,289,True
set_cover_n100_m84_d0.3_b_w17_seed4.txt,Set Cover,100,RelaxGrouping,5000,False,min,5,0.1715,na,0.014184951782226562,18173,35324,289,True
set_cover_n100_m84_d0.3_b_w17_seed4.txt,Set Cover,100,RelaxGrouping,10000,False,min,5,0.1692,na,0.015047073364257812,18173,35324,289,True
set_cover_n100_m84_d0.3_b_w17_seed4.txt,Set Cover,100,RelaxGrouping,20000,False,min,5,0.1705,na,0.014440298080444336,18173,35324,289,True
set_cover_n100_m84_d0.4_b_w17_seed1.txt,Set Cover,100,RelaxGrouping,500,True,min,5,0.1698,0.0163,0.01403951644897461,18173,35324,289,True
set_cover_n100_m84_d0.4_b_w17_seed1.txt,Set Cover,100,RelaxGrouping,1000,True,min,5,0.1634,0.0154,0.013287544250488281,18173,35324,289,True
set_cover_n100_m84_d0.4_b_w17_seed1.txt,Set Cover,100,RelaxGrouping,2000,True,min,5,0.1664,0.016,0.01384425163269043,18173,35324,289,True
set_cover_n100_m84_d0.4_b_w17_seed1.txt,Set Cover,100,RelaxGrouping,5000,True,min,5,0.1688,0.0158,0.013946056365966797,18173,35324,289,True
set_cover_n100_m84_d0.4_b_w17_seed1.txt,Set Cover,100,RelaxGrouping,10000,True,min,5,0.1691,0.0152,0.013757944107055664,18173,35324,289,True
set_cover_n100_m84_d0.4_b_w17_seed1.txt,Set Cover,100,RelaxGrouping,20000,True,min,5,0.1635,0.0148,0.013626337051391602,18173,35324,289,True
set_cover_n100_m84_d0.4_b_w17_seed1.txt,Set Cover,100,RelaxGrouping,500,False,min,5,0.1681,na,0.014248132705688477,18173,35324,289,True
set_cover_n100_m84_d0.4_b_w17_seed1.txt,Set Cover,100,RelaxGrouping,1000,False,min,5,0.1673,na,0.014028072357177734,18173,35324,289,True
set_cover_n100_m84_d0.4_b_w17_seed1.txt,Set Cover,100,RelaxGrouping,2000,False,min,5,0.1663,na,0.013794422149658203,18173,35324,289,True
set_cover_n100_m84_d0.4_b_w17_seed1.txt,Set Cover,100,RelaxGrouping,5000,False,min,5,0.1682,na,0.014008045196533203,18173,35324,289,True
set_cover_n100_m84_d0.4_b_w17_seed1.txt,Set Cover,100,RelaxGrouping,10000,False,min,5,0.1651,na,0.014468193054199219,18173,35324,289,True
set_cover_n100_m84_d0.4_b_w17_seed1.txt,Set Cover,100,RelaxGrouping,20000,False,min,5,0.1662,na,0.013947725296020508,18173,35324,289,True
set_cover_n100_m84_d0.4_b_w17_seed2.txt,Set Cover,100,RelaxGrouping,500,True,min,5,0.1716,0.0163,0.014483213424682617,18173,35324,289,True
set_cover_n100_m84_d0.4_b_w17_seed2.txt,Set Cover,100,RelaxGrouping,1000,True,min,5,0.1658,0.0153,0.01398324966430664,18173,35324,289,True
set_cover_n100_m84_d0.4_b_w17_seed2.txt,Set Cover,100,RelaxGrouping,2000,True,min,5,0.165,0.0162,0.013904809951782227,18173,35324,289,True
set_cover_n100_m84_d0.4_b_w17_seed2.txt,Set Cover,100,RelaxGrouping,5000,True,min,5,0.1693,0.0162,0.013851642608642578,18173,35324,289,True
set_cover_n100_m84_d0.4_b_w17_seed2.txt,Set Cover,100,RelaxGrouping,10000,True,min,5,0.1661,0.0156,0.013598918914794922,18173,35324,289,True
set_cover_n100_m84_d0.4_b_w17_seed2.txt,Set Cover,100,RelaxGrouping,20000,True,min,5,0.1646,0.0147,0.013434171676635742,18173,35324,289,True
set_cover_n100_m84_d0.4_b_w17_seed2.txt,Set Cover,100,RelaxGrouping,500,False,min,5,0.1697,na,0.014223814010620117,18173,35324,289,True
set_cover_n100_m84_d0.4_b_w17_seed2.txt,Set Cover,100,RelaxGrouping,1000,False,min,5,0.1684,na,0.014110088348388672,18173,35324,289,True
set_cover_n100_m84_d0.4_b_w17_seed2.txt,Set Cover,100,RelaxGrouping,2000,False,min,5,0.166,na,0.014034748077392578,18173,35324,289,True
set_cover_n100_m84_d0.4_b_w17_seed2.txt,Set Cover,100,RelaxGrouping,5000,False,min,5,0.1647,na,0.013860702514648438,18173,35324,289,True
set_cover_n100_m84_d0.4_b_w17_seed2.txt,Set Cover,100,RelaxGrouping,10000,False,min,5,0.1683,na,0.014071941375732422,18173,35324,289,True
set_cover_n100_m84_d0.4_b_w17_seed2.txt,Set Cover,100,RelaxGrouping,20000,False,min,5,0.1616,na,0.013848066329956055,18173,35324,289,True
set_cover_n100_m84_d0.4_b_w17_seed3.txt,Set Cover,100,RelaxGrouping,500,True,min,5,0.1696,0.0153,0.0139617919921875,18173,35324,289,True
set_cover_n100_m84_d0.4_b_w17_seed3.txt,Set Cover,100,RelaxGrouping,1000,True,min,5,0.1644,0.016,0.01405787467956543,18173,35324,289,True
set_cover_n100_m84_d0.4_b_w17_seed3.txt,Set Cover,100,RelaxGrouping,2000,True,min,5,0.1701,0.0163,0.014302730560302734,18173,35324,289,True
set_cover_n100_m84_d0.4_b_w17_seed3.txt,Set Cover,100,RelaxGrouping,5000,True,min,5,0.1724,0.0168,0.013852834701538086,18173,35324,289,True
set_cover_n100_m84_d0.4_b_w17_seed3.txt,Set Cover,100,RelaxGrouping,10000,True,min,5,0.1664,0.0157,0.013886451721191406,18173,35324,289,True
set_cover_n100_m84_d0.4_b_w17_seed3.txt,Set Cover,100,RelaxGrouping,20000,True,min,5,0.1645,0.016,0.013548851013183594,18173,35324,289,True
set_cover_n100_m84_d0.4_b_w17_seed3.txt,Set Cover,100,RelaxGrouping,500,False,min,5,0.1669,na,0.013853788375854492,18173,35324,289,True
set_cover_n100_m84_d0.4_b_w17_seed3.txt,Set Cover,100,RelaxGrouping,1000,False,min,5,0.1649,na,0.014020442962646484,18173,35324,289,True
set_cover_n100_m84_d0.4_b_w17_seed3.txt,Set Cover,100,RelaxGrouping,2000,False,min,5,0.1639,na,0.013536214828491211,18173,35324,289,True
set_cover_n100_m84_d0.4_b_w17_seed3.txt,Set Cover,100,RelaxGrouping,5000,False,min,5,0.1679,na,0.01370549201965332,18173,35324,289,True
set_cover_n100_m84_d0.4_b_w17_seed3.txt,Set Cover,100,RelaxGrouping,10000,False,min,5,0.1567,na,0.013150453567504883,18173,35324,289,True
set_cover_n100_m84_d0.4_b_w17_seed3.txt,Set Cover,100,RelaxGrouping,20000,False,min,5,0.1622,na,0.013657093048095703,18173,35324,289,True
set_cover_n100_m84_d0.4_b_w17_seed4.txt,Set Cover,100,RelaxGrouping,500,True,min,5,0.1741,0.0155,0.014338254928588867,18173,35324,289,True
set_cover_n100_m84_d0.4_b_w17_seed4.txt,Set Cover,100,RelaxGrouping,1000,True,min,5,0.1686,0.0163,0.014119625091552734,18173,35324,289,True
set_cover_n100_m84_d0.4_b_w17_seed4.txt,Set Cover,100,RelaxGrouping,2000,True,min,5,0.1681,0.0146,0.013295650482177734,18173,35324,289,True
set_cover_n100_m84_d0.4_b_w17_seed4.txt,Set Cover,100,RelaxGrouping,5000,True,min,5,0.1627,0.0145,0.013365745544433594,18173,35324,289,True
set_cover_n100_m84_d0.4_b_w17_seed4.txt,Set Cover,100,RelaxGrouping,10000,True,min,5,0.1667,0.0162,0.013826370239257812,18173,35324,289,True
set_cover_n100_m84_d0.4_b_w17_seed4.txt,Set Cover,100,RelaxGrouping,20000,True,min,5,0.166,0.0162,0.013576507568359375,18173,35324,289,True
set_cover_n100_m84_d0.4_b_w17_seed4.txt,Set Cover,100,RelaxGrouping,500,False,min,5,0.1691,na,0.01439213752746582,18173,35324,289,True
set_cover_n100_m84_d0.4_b_w17_seed4.txt,Set Cover,100,RelaxGrouping,1000,False,min,5,0.1683,na,0.014836788177490234,18173,35324,289,True
set_cover_n100_m84_d0.4_b_w17_seed4.txt,Set Cover,100,RelaxGrouping,2000,False,min,5,0.1741,na,0.014196395874023438,18173,35324,289,True
set_cover_n100_m84_d0.4_b_w17_seed4.txt,Set Cover,100,RelaxGrouping,5000,False,min,5,0.1683,na,0.01445460319519043,18173,35324,289,True
set_cover_n100_m84_d0.4_b_w17_seed4.txt,Set Cover,100,RelaxGrouping,10000,False,min,5,0.1676,na,0.014300823211669922,18173,35324,289,True
set_cover_n100_m84_d0.4_b_w17_seed4.txt,Set Cover,100,RelaxGrouping,20000,False,min,5,0.1665,na,0.014370203018188477,18173,35324,289,True
set_cover_n100_m84_d0.05_b_w17_seed1.txt,Set Cover,100,RelaxGrouping,500,True,min,2,0.3229,0.0384,0.008163690567016602,9272,15239,195,True
set_cover_n100_m84_d0.05_b_w17_seed1.txt,Set Cover,100,RelaxGrouping,1000,True,min,2,0.6387,0.0769,0.015641212463378906,14583,23827,356,True
set_cover_n100_m84_d0.05_b_w17_seed1.txt,Set Cover,100,RelaxGrouping,2000,True,min,2,1.5177,0.171,0.02979302406311035,24084,39625,597,True
set_cover_n100_m84_d0.05_b_w17_seed1.txt,Set Cover,100,RelaxGrouping,500,False,min,2,0.3521,na,0.0252230167388916,29947,49374,500,True
set_cover_n100_m84_d0.05_b_w17_seed1.txt,Set Cover,100,RelaxGrouping,5000,True,min,3,4.6532,0.4614,0.06310009956359863,48558,80691,1172,True
set_cover_n100_m84_d0.05_b_w17_seed1.txt,Set Cover,100,RelaxGrouping,1000,False,min,2,0.6832,na,0.04963827133178711,56462,93176,998,True
set_cover_n100_m84_d0.05_b_w17_seed1.txt,Set Cover,100,RelaxGrouping,2000,False,min,2,1.5924,na,0.21230363845825195,110859,182155,1993,True
set_cover_n100_m84_d0.05_b_w17_seed1.txt,Set Cover,100,RelaxGrouping,10000,True,min,3,10.0612,1.0431,0.10817813873291016,82352,137009,2338,True
set_cover_n100_m84_d0.05_b_w17_seed1.txt,Set Cover,100,RelaxGrouping,5000,False,min,3,4.7376,na,0.5736508369445801,264007,433245,4977,True
set_cover_n100_m84_d0.5_b_w17_seed1.txt,Set Cover,100,RelaxGrouping,500,True,min,5,0.169,0.0159,0.014047861099243164,18173,35324,289,True
set_cover_n100_m84_d0.5_b_w17_seed1.txt,Set Cover,100,RelaxGrouping,1000,True,min,5,0.1732,0.0164,0.01417851448059082,18173,35324,289,True
set_cover_n100_m84_d0.5_b_w17_seed1.txt,Set Cover,100,RelaxGrouping,2000,True,min,5,0.1789,0.0172,0.014799118041992188,18173,35324,289,True
set_cover_n100_m84_d0.05_b_w17_seed1.txt,Set Cover,100,RelaxGrouping,10000,False,min,3,10.2073,na,1.138791799545288,511154,841100,9988,True
set_cover_n100_m84_d0.5_b_w17_seed1.txt,Set Cover,100,RelaxGrouping,5000,True,min,5,0.172,0.0161,0.013975143432617188,18173,35324,289,True
set_cover_n100_m84_d0.5_b_w17_seed1.txt,Set Cover,100,RelaxGrouping,10000,True,min,5,0.1743,0.0157,0.013606071472167969,18173,35324,289,True
set_cover_n100_m84_d0.05_b_w17_seed1.txt,Set Cover,100,RelaxGrouping,20000,True,min,3,22.7345,2.2249,0.2178182601928711,148404,248121,4857,True
set_cover_n100_m84_d0.5_b_w17_seed1.txt,Set Cover,100,RelaxGrouping,20000,True,min,5,0.1687,0.0159,0.014199256896972656,18173,35324,289,True
set_cover_n100_m84_d0.5_b_w17_seed1.txt,Set Cover,100,RelaxGrouping,500,False,min,5,0.17,na,0.014330863952636719,18173,35324,289,True
set_cover_n100_m84_d0.5_b_w17_seed1.txt,Set Cover,100,RelaxGrouping,1000,False,min,5,0.1706,na,0.014652490615844727,18173,35324,289,True
set_cover_n100_m84_d0.5_b_w17_seed1.txt,Set Cover,100,RelaxGrouping,2000,False,min,5,0.1718,na,0.01454305648803711,18173,35324,289,True
set_cover_n100_m84_d0.5_b_w17_seed1.txt,Set Cover,100,RelaxGrouping,5000,False,min,5,0.169,na,0.014506340026855469,18173,35324,289,True
set_cover_n100_m84_d0.5_b_w17_seed1.txt,Set Cover,100,RelaxGrouping,10000,False,min,5,0.1678,na,0.014334440231323242,18173,35324,289,True
set_cover_n100_m84_d0.5_b_w17_seed1.txt,Set Cover,100,RelaxGrouping,20000,False,min,5,0.17,na,0.01456308364868164,18173,35324,289,True
set_cover_n100_m84_d0.05_b_w17_seed2.txt,Set Cover,100,RelaxGrouping,500,True,min,2,0.3139,0.0359,0.00951075553894043,11599,18680,290,True
set_cover_n100_m84_d0.05_b_w17_seed1.txt,Set Cover,100,RelaxGrouping,20000,False,min,3,22.3088,na,2.4492292404174805,1003840,1652943,19929,True
set_cover_n100_m84_d0.05_b_w17_seed2.txt,Set Cover,100,RelaxGrouping,1000,True,min,2,0.6511,0.0785,0.0191652774810791,19043,30540,437,True
set_cover_n100_m84_d0.05_b_w17_seed2.txt,Set Cover,100,RelaxGrouping,2000,True,min,3,1.4362,0.1598,0.03518867492675781,31108,50380,812,True
set_cover_n100_m84_d0.05_b_w17_seed2.txt,Set Cover,100,RelaxGrouping,500,False,min,2,0.3394,na,0.024783849716186523,29442,48416,496,True
set_cover_n100_m84_d0.05_b_w17_seed2.txt,Set Cover,100,RelaxGrouping,5000,True,min,3,4.4384,0.457,0.24367594718933105,74066,118966,1965,True
set_cover_n100_m84_d0.05_b_w17_seed2.txt,Set Cover,100,RelaxGrouping,1000,False,min,2,0.6631,na,0.04748368263244629,55584,91477,990,True
set_cover_n100_m84_d0.05_b_w17_seed2.txt,Set Cover,100,RelaxGrouping,2000,False,min,3,1.5374,na,0.21053314208984375,107290,175685,1997,True
set_cover_n100_m84_d0.05_b_w17_seed2.txt,Set Cover,100,RelaxGrouping,10000,True,min,3,9.1254,0.9776,0.38059449195861816,108801,175981,3200,True
set_cover_n100_m84_d0.05_b_w17_seed2.txt,Set Cover,100,RelaxGrouping,5000,False,min,3,4.5868,na,0.5571041107177734,267212,436811,4998,True
set_cover_n100_m84_d0.5_b_w17_seed2.txt,Set Cover,100,RelaxGrouping,500,True,min,5,0.1771,0.017,0.014451980590820312,18173,35324,289,True
set_cover_n100_m84_d0.5_b_w17_seed2.txt,Set Cover,100,RelaxGrouping,1000,True,min,5,0.1771,0.0169,0.014798164367675781,18173,35324,289,True
set_cover_n100_m84_d0.05_b_w17_seed2.txt,Set Cover,100,RelaxGrouping,10000,False,min,3,9.399,na,1.1010322570800781,483538,797873,9941,True
set_cover_n100_m84_d0.5_b_w17_seed2.txt,Set Cover,100,RelaxGrouping,2000,True,min,5,0.1783,0.0172,0.015223979949951172,18173,35324,289,True
set_cover_n100_m84_d0.5_b_w17_seed2.txt,Set Cover,100,RelaxGrouping,5000,True,min,5,0.1695,0.0157,0.014549970626831055,18173,35324,289,True
set_cover_n100_m84_d0.05_b_w17_seed2.txt,Set Cover,100,RelaxGrouping,20000,True,min,3,20.1694,2.1204,0.31031250953674316,214201,344924,6914,True
set_cover_n100_m84_d0.5_b_w17_seed2.txt,Set Cover,100,RelaxGrouping,10000,True,min,5,0.175,0.0174,0.014605522155761719,18173,35324,289,True
set_cover_n100_m84_d0.5_b_w17_seed2.txt,Set Cover,100,RelaxGrouping,20000,True,min,5,0.1717,0.0159,0.01391744613647461,18173,35324,289,True
set_cover_n100_m84_d0.5_b_w17_seed2.txt,Set Cover,100,RelaxGrouping,500,False,min,5,0.1739,na,0.014573812484741211,18173,35324,289,True
set_cover_n100_m84_d0.5_b_w17_seed2.txt,Set Cover,100,RelaxGrouping,1000,False,min,5,0.1666,na,0.01397562026977539,18173,35324,289,True
set_cover_n100_m84_d0.5_b_w17_seed2.txt,Set Cover,100,RelaxGrouping,2000,False,min,5,0.1668,na,0.014445066452026367,18173,35324,289,True
set_cover_n100_m84_d0.5_b_w17_seed2.txt,Set Cover,100,RelaxGrouping,5000,False,min,5,0.1696,na,0.014629364013671875,18173,35324,289,True
set_cover_n100_m84_d0.5_b_w17_seed2.txt,Set Cover,100,RelaxGrouping,10000,False,min,5,0.1713,na,0.014117240905761719,18173,35324,289,True
set_cover_n100_m84_d0.05_b_w17_seed2.txt,Set Cover,100,RelaxGrouping,20000,False,min,3,19.6929,na,2.1619577407836914,960134,1574609,19835,True
set_cover_n100_m84_d0.5_b_w17_seed2.txt,Set Cover,100,RelaxGrouping,20000,False,min,5,0.1696,na,0.014572620391845703,18173,35324,289,True
set_cover_n100_m84_d0.05_b_w17_seed3.txt,Set Cover,100,RelaxGrouping,500,True,min,2,0.3456,0.0403,0.00840449333190918,9727,15465,319,True
set_cover_n100_m84_d0.05_b_w17_seed3.txt,Set Cover,100,RelaxGrouping,1000,True,min,3,0.6807,0.0799,0.014453649520874023,14874,24073,485,True
set_cover_n100_m84_d0.05_b_w17_seed3.txt,Set Cover,100,RelaxGrouping,2000,True,min,4,1.5095,0.1641,0.030225753784179688,26834,43293,756,True
set_cover_n100_m84_d0.05_b_w17_seed3.txt,Set Cover,100,RelaxGrouping,500,False,min,2,0.3495,na,0.0252687931060791,31424,52089,499,True
set_cover_n100_m84_d0.05_b_w17_seed3.txt,Set Cover,100,RelaxGrouping,5000,True,min,3,4.567,0.446,0.1826622486114502,54533,88054,1681,True
set_cover_n100_m84_d0.05_b_w17_seed3.txt,Set Cover,100,RelaxGrouping,1000,False,min,3,0.6993,na,0.050746917724609375,57655,96082,999,True
set_cover_n100_m84_d0.05_b_w17_seed3.txt,Set Cover,100,RelaxGrouping,2000,False,min,4,1.6011,na,0.2066032886505127,112454,185328,2000,True
set_cover_n100_m84_d0.05_b_w17_seed3.txt,Set Cover,100,RelaxGrouping,10000,True,min,4,10.0702,1.0602,0.32764148712158203,93359,152006,3357,True
set_cover_n100_m84_d0.05_b_w17_seed3.txt,Set Cover,100,RelaxGrouping,5000,False,min,3,4.7586,na,0.5553631782531738,268403,441678,4973,True
set_cover_n100_m84_d0.5_b_w17_seed3.txt,Set Cover,100,RelaxGrouping,500,True,min,5,0.1714,0.0169,0.014434576034545898,18173,35324,289,True
set_cover_n100_m84_d0.5_b_w17_seed3.txt,Set Cover,100,RelaxGrouping,1000,True,min,5,0.1771,0.017,0.01501154899597168,18173,35324,289,True
set_cover_n100_m84_d0.5_b_w17_seed3.txt,Set Cover,100,RelaxGrouping,2000,True,min,5,0.1773,0.0171,0.014516353607177734,18173,35324,289,True
set_cover_n100_m84_d0.05_b_w17_seed3.txt,Set Cover,100,RelaxGrouping,10000,False,min,4,10.135,na,1.170191764831543,523617,855377,9991,True
set_cover_n100_m84_d0.5_b_w17_seed3.txt,Set Cover,100,RelaxGrouping,5000,True,min,5,0.1744,0.0168,0.014782190322875977,18173,35324,289,True
set_cover_n100_m84_d0.5_b_w17_seed3.txt,Set Cover,100,RelaxGrouping,10000,True,min,5,0.1756,0.0158,0.014560699462890625,18173,35324,289,True
set_cover_n100_m84_d0.05_b_w17_seed3.txt,Set Cover,100,RelaxGrouping,20000,True,min,4,22.4605,2.2188,0.2133502960205078,160757,262855,6648,True
set_cover_n100_m84_d0.5_b_w17_seed3.txt,Set Cover,100,RelaxGrouping,20000,True,min,5,0.1701,0.0164,0.014695167541503906,18173,35324,289,True
set_cover_n100_m84_d0.5_b_w17_seed3.txt,Set Cover,100,RelaxGrouping,500,False,min,5,0.1686,na,0.0146636962890625,18173,35324,289,True
set_cover_n100_m84_d0.5_b_w17_seed3.txt,Set Cover,100,RelaxGrouping,1000,False,min,5,0.1702,na,0.014206647872924805,18173,35324,289,True
set_cover_n100_m84_d0.5_b_w17_seed3.txt,Set Cover,100,RelaxGrouping,2000,False,min,5,0.1698,na,0.014260292053222656,18173,35324,289,True
set_cover_n100_m84_d0.5_b_w17_seed3.txt,Set Cover,100,RelaxGrouping,5000,False,min,5,0.1726,na,0.014553308486938477,18173,35324,289,True
set_cover_n100_m84_d0.5_b_w17_seed3.txt,Set Cover,100,RelaxGrouping,10000,False,min,5,0.171,na,0.014426708221435547,18173,35324,289,True
set_cover_n100_m84_d0.5_b_w17_seed3.txt,Set Cover,100,RelaxGrouping,20000,False,min,5,0.1685,na,0.014356613159179688,18173,35324,289,True
set_cover_n100_m84_d0.05_b_w17_seed3.txt,Set Cover,100,RelaxGrouping,20000,False,min,4,22.034,na,2.395723342895508,1001456,1656438,19899,True
set_cover_n100_m84_d0.05_b_w17_seed4.txt,Set Cover,100,RelaxGrouping,500,True,min,2,0.3283,0.0395,0.00945138931274414,9312,15705,230,True
set_cover_n100_m84_d0.05_b_w17_seed4.txt,Set Cover,100,RelaxGrouping,1000,True,min,2,0.6931,0.0811,0.013373613357543945,13695,22949,357,True
set_cover_n100_m84_d0.05_b_w17_seed4.txt,Set Cover,100,RelaxGrouping,2000,True,min,3,1.5521,0.1723,0.028048992156982422,23644,40144,612,True
set_cover_n100_m84_d0.05_b_w17_seed4.txt,Set Cover,100,RelaxGrouping,500,False,min,2,0.36,na,0.02611708641052246,29806,50811,499,True
set_cover_n100_m84_d0.05_b_w17_seed4.txt,Set Cover,100,RelaxGrouping,5000,True,min,3,5.1348,0.5178,0.06668782234191895,49074,83797,1295,True
set_cover_n100_m84_d0.05_b_w17_seed4.txt,Set Cover,100,RelaxGrouping,1000,False,min,2,0.7098,na,0.05121898651123047,57076,96769,988,True
set_cover_n100_m84_d0.05_b_w17_seed4.txt,Set Cover,100,RelaxGrouping,2000,False,min,3,1.6201,na,0.21061134338378906,111457,187653,1998,True
set_cover_n100_m84_d0.05_b_w17_seed4.txt,Set Cover,100,RelaxGrouping,10000,True,min,3,11.0495,1.1369,0.13250494003295898,91694,155127,2723,True
set_cover_n100_m84_d0.05_b_w17_seed4.txt,Set Cover,100,RelaxGrouping,5000,False,min,3,5.1881,na,0.6169331073760986,269896,456283,4973,True
set_cover_n100_m84_d0.5_b_w17_seed4.txt,Set Cover,100,RelaxGrouping,500,True,min,5,0.1774,0.0162,0.014729976654052734,18173,35324,289,True
set_cover_n100_m84_d0.5_b_w17_seed4.txt,Set Cover,100,RelaxGrouping,1000,True,min,5,0.1767,0.017,0.014746427536010742,18173,35324,289,True
set_cover_n100_m84_d0.5_b_w17_seed4.txt,Set Cover,100,RelaxGrouping,2000,True,min,5,0.1759,0.0167,0.01456594467163086,18173,35324,289,True
set_cover_n100_m84_d0.05_b_w17_seed4.txt,Set Cover,100,RelaxGrouping,10000,False,min,3,11.1846,na,1.2315161228179932,523932,880639,9912,True
set_cover_n100_m84_d0.5_b_w17_seed4.txt,Set Cover,100,RelaxGrouping,5000,True,min,5,0.1772,0.0166,0.014508962631225586,18173,35324,289,True
set_cover_n100_m84_d0.5_b_w17_seed4.txt,Set Cover,100,RelaxGrouping,10000,True,min,5,0.1676,0.0158,0.013782739639282227,18173,35324,289,True
set_cover_n100_m84_d0.5_b_w17_seed4.txt,Set Cover,100,RelaxGrouping,20000,True,min,5,0.1702,0.0158,0.014037132263183594,18173,35324,289,True
set_cover_n100_m84_d0.05_b_w17_seed4.txt,Set Cover,100,RelaxGrouping,20000,True,min,3,24.6906,2.3742,0.23145818710327148,152250,261787,3986,True
set_cover_n100_m84_d0.5_b_w17_seed4.txt,Set Cover,100,RelaxGrouping,500,False,min,5,0.1679,na,0.014143228530883789,18173,35324,289,True
set_cover_n100_m84_d0.5_b_w17_seed4.txt,Set Cover,100,RelaxGrouping,1000,False,min,5,0.1667,na,0.014405488967895508,18173,35324,289,True
set_cover_n100_m84_d0.5_b_w17_seed4.txt,Set Cover,100,RelaxGrouping,2000,False,min,5,0.1685,na,0.014450311660766602,18173,35324,289,True
set_cover_n100_m84_d0.5_b_w17_seed4.txt,Set Cover,100,RelaxGrouping,5000,False,min,5,0.1718,na,0.014477252960205078,18173,35324,289,True
set_cover_n100_m84_d0.5_b_w17_seed4.txt,Set Cover,100,RelaxGrouping,10000,False,min,5,0.1702,na,0.014215230941772461,18173,35324,289,True
set_cover_n100_m84_d0.5_b_w17_seed4.txt,Set Cover,100,RelaxGrouping,20000,False,min,5,0.1685,na,0.01430821418762207,18173,35324,289,True
set_cover_n100_m84_d0.05_b_w17_seed4.txt,Set Cover,100,RelaxGrouping,20000,False,min,3,24.0564,na,2.5896823406219482,1024839,1730363,19970,True
set_cover_n100_m84_d0.15_b_w17_seed1.txt,Set Cover,100,RelaxGrouping,500,True,min,2,0.3884,0.0494,0.012859821319580078,11896,22771,281,True
set_cover_n100_m84_d0.15_b_w17_seed1.txt,Set Cover,100,RelaxGrouping,1000,True,min,2,0.7879,0.0992,0.01897740364074707,16293,31139,414,True
set_cover_n100_m84_d0.15_b_w17_seed1.txt,Set Cover,100,RelaxGrouping,2000,True,min,2,1.6985,0.2049,0.030203580856323242,22642,43612,739,True
set_cover_n100_m84_d0.15_b_w17_seed1.txt,Set Cover,100,RelaxGrouping,5000,True,min,3,5.0367,0.5294,0.07695412635803223,53718,104799,1588,True
set_cover_n100_m84_d0.15_b_w17_seed1.txt,Set Cover,100,RelaxGrouping,500,False,min,2,0.3971,na,0.028454065322875977,32510,61513,494,True
set_cover_n100_m84_d0.15_b_w17_seed1.txt,Set Cover,100,RelaxGrouping,1000,False,min,2,0.8018,na,0.12227892875671387,61170,115790,993,True
set_cover_n100_m84_d0.15_b_w17_seed1.txt,Set Cover,100,RelaxGrouping,2000,False,min,2,1.7782,na,0.2455296516418457,116345,220731,1994,True
set_cover_n100_m84_d0.15_b_w17_seed1.txt,Set Cover,100,RelaxGrouping,10000,True,min,3,10.4151,1.1751,0.14403057098388672,94644,185346,2888,True
set_cover_n100_m84_d0.15_b_w17_seed1.txt,Set Cover,100,RelaxGrouping,5000,False,min,3,5.1749,na,0.6898446083068848,277577,527635,4990,True
set_cover_n100_m84_d0.15_b_w17_seed2.txt,Set Cover,100,RelaxGrouping,500,True,min,2,0.3628,0.0443,0.010102510452270508,9414,18126,248,True
set_cover_n100_m84_d0.15_b_w17_seed2.txt,Set Cover,100,RelaxGrouping,1000,True,min,2,0.7489,0.0915,0.01801896095275879,14258,27439,404,True
set_cover_n100_m84_d0.15_b_w17_seed1.txt,Set Cover,100,RelaxGrouping,10000,False,min,3,10.4444,na,1.3433160781860352,525257,999120,9979,True
set_cover_n100_m84_d0.15_b_w17_seed1.txt,Set Cover,100,RelaxGrouping,20000,True,min,3,20.9429,2.6526,0.30056166648864746,174494,342853,5839,True
set_cover_n100_m84_d0.15_b_w17_seed2.txt,Set Cover,100,RelaxGrouping,2000,True,min,2,1.6594,0.191,0.026570558547973633,20320,39195,742,True
set_cover_n100_m84_d0.15_b_w17_seed2.txt,Set Cover,100,RelaxGrouping,5000,True,min,3,4.6592,0.5278,0.0635826587677002,42504,82772,1749,True
set_cover_n100_m84_d0.15_b_w17_seed2.txt,Set Cover,100,RelaxGrouping,500,False,min,2,0.3616,na,0.02680206298828125,29147,55198,497,True
set_cover_n100_m84_d0.15_b_w17_seed1.txt,Set Cover,100,RelaxGrouping,20000,False,min,3,20.9755,na,1.532419204711914,992161,1884956,19953,True
set_cover_n100_m84_d0.15_b_w17_seed2.txt,Set Cover,100,RelaxGrouping,1000,False,min,2,0.7529,na,0.05569911003112793,55684,105837,992,True
set_cover_n100_m84_d0.15_b_w17_seed2.txt,Set Cover,100,RelaxGrouping,2000,False,min,2,1.6572,na,0.22744512557983398,105554,201199,1988,True
set_cover_n100_m84_d0.15_b_w17_seed2.txt,Set Cover,100,RelaxGrouping,10000,True,min,3,9.8815,1.1014,0.1040496826171875,66190,129411,2480,True
set_cover_n100_m84_d0.15_b_w17_seed2.txt,Set Cover,100,RelaxGrouping,5000,False,min,3,4.6824,na,0.610614538192749,251044,481451,4983,True
set_cover_n100_m84_d0.15_b_w17_seed3.txt,Set Cover,100,RelaxGrouping,500,True,min,2,0.3839,0.048,0.013091325759887695,10580,20390,253,True
set_cover_n100_m84_d0.15_b_w17_seed2.txt,Set Cover,100,RelaxGrouping,20000,True,min,3,18.398,2.3287,0.20026183128356934,121253,236947,5135,True
set_cover_n100_m84_d0.15_b_w17_seed3.txt,Set Cover,100,RelaxGrouping,1000,True,min,2,0.7684,0.0947,0.020218610763549805,16645,32056,374,True
set_cover_n100_m84_d0.15_b_w17_seed3.txt,Set Cover,100,RelaxGrouping,2000,True,min,2,1.6583,0.1946,0.035309553146362305,26862,51829,690,True
set_cover_n100_m84_d0.15_b_w17_seed2.txt,Set Cover,100,RelaxGrouping,10000,False,min,3,9.7518,na,0.670983076095581,479676,920495,9983,True
set_cover_n100_m84_d0.15_b_w17_seed3.txt,Set Cover,100,RelaxGrouping,5000,True,min,3,4.4678,0.5266,0.07980203628540039,56348,109575,1790,True
set_cover_n100_m84_d0.15_b_w17_seed3.txt,Set Cover,100,RelaxGrouping,500,False,min,2,0.3873,na,0.027945518493652344,31252,59364,499,True
set_cover_n100_m84_d0.15_b_w17_seed2.txt,Set Cover,100,RelaxGrouping,20000,False,min,3,18.3481,na,2.4596753120422363,906028,1737834,19973,True
set_cover_n100_m84_d0.15_b_w17_seed3.txt,Set Cover,100,RelaxGrouping,1000,False,min,2,0.7877,na,0.058893442153930664,58774,111733,991,True
set_cover_n100_m84_d0.15_b_w17_seed3.txt,Set Cover,100,RelaxGrouping,2000,False,min,2,1.7368,na,0.2347726821899414,110851,210912,1987,True
set_cover_n100_m84_d0.15_b_w17_seed3.txt,Set Cover,100,RelaxGrouping,10000,True,min,3,9.6583,1.1056,0.14971518516540527,95443,186366,3193,True
set_cover_n100_m84_d0.15_b_w17_seed3.txt,Set Cover,100,RelaxGrouping,5000,False,min,3,4.5597,na,0.578125,253762,483628,4987,True
set_cover_n100_m84_d0.15_b_w17_seed4.txt,Set Cover,100,RelaxGrouping,500,True,min,2,0.3708,0.0459,0.010426044464111328,7883,15193,219,True
set_cover_n100_m84_d0.15_b_w17_seed3.txt,Set Cover,100,RelaxGrouping,20000,True,min,3,18.2746,2.3079,0.2621338367462158,154341,302173,5633,True
set_cover_n100_m84_d0.15_b_w17_seed4.txt,Set Cover,100,RelaxGrouping,1000,True,min,2,0.7556,0.0906,0.018065452575683594,14566,28160,365,True
set_cover_n100_m84_d0.15_b_w17_seed4.txt,Set Cover,100,RelaxGrouping,2000,True,min,2,1.6581,0.1878,0.030317068099975586,23195,44789,606,True
set_cover_n100_m84_d0.15_b_w17_seed3.txt,Set Cover,100,RelaxGrouping,10000,False,min,3,9.7239,na,0.6647236347198486,473251,904422,9970,True
set_cover_n100_m84_d0.15_b_w17_seed4.txt,Set Cover,100,RelaxGrouping,500,False,min,2,0.3657,na,0.025967121124267578,28918,54820,497,True
set_cover_n100_m84_d0.15_b_w17_seed4.txt,Set Cover,100,RelaxGrouping,5000,True,min,3,4.9888,0.5516,0.07320284843444824,50105,97296,1396,True
set_cover_n100_m84_d0.15_b_w17_seed3.txt,Set Cover,100,RelaxGrouping,20000,False,min,3,18.1969,na,2.3618404865264893,890713,1706261,19995,True
set_cover_n100_m84_d0.15_b_w17_seed4.txt,Set Cover,100,RelaxGrouping,1000,False,min,2,0.7398,na,0.053328514099121094,54937,104087,988,True
set_cover_n100_m84_d0.15_b_w17_seed4.txt,Set Cover,100,RelaxGrouping,10000,True,min,3,9.8869,1.1752,0.13666963577270508,83846,163648,2617,True
set_cover_n100_m84_d0.15_b_w17_seed4.txt,Set Cover,100,RelaxGrouping,2000,False,min,2,1.6742,na,0.22371435165405273,108140,204716,1994,True
set_cover_n100_m84_d0.15_b_w17_seed4.txt,Set Cover,100,RelaxGrouping,5000,False,min,3,4.8614,na,0.3275413513183594,257956,488494,4986,True
set_cover_n100_m84_d0.25_b_w17_seed1.txt,Set Cover,100,RelaxGrouping,500,True,min,5,0.1834,0.0166,0.014543771743774414,18173,35324,289,True
set_cover_n100_m84_d0.25_b_w17_seed1.txt,Set Cover,100,RelaxGrouping,1000,True,min,5,0.1779,0.0164,0.014720439910888672,18173,35324,289,True
set_cover_n100_m84_d0.25_b_w17_seed1.txt,Set Cover,100,RelaxGrouping,2000,True,min,5,0.1706,0.0168,0.014498710632324219,18173,35324,289,True
set_cover_n100_m84_d0.15_b_w17_seed4.txt,Set Cover,100,RelaxGrouping,20000,True,min,3,20.2818,2.4926,0.25248146057128906,143136,280968,4919,True
set_cover_n100_m84_d0.15_b_w17_seed4.txt,Set Cover,100,RelaxGrouping,10000,False,min,3,9.9912,na,1.2855441570281982,491606,932598,9986,True
set_cover_n100_m84_d0.25_b_w17_seed1.txt,Set Cover,100,RelaxGrouping,5000,True,min,5,0.1765,0.0169,0.014655351638793945,18173,35324,289,True
set_cover_n100_m84_d0.25_b_w17_seed1.txt,Set Cover,100,RelaxGrouping,10000,True,min,5,0.1722,0.0163,0.014281749725341797,18173,35324,289,True
set_cover_n100_m84_d0.25_b_w17_seed1.txt,Set Cover,100,RelaxGrouping,20000,True,min,5,0.1707,0.0162,0.014014959335327148,18173,35324,289,True
set_cover_n100_m84_d0.25_b_w17_seed1.txt,Set Cover,100,RelaxGrouping,500,False,min,5,0.1694,na,0.014387369155883789,18173,35324,289,True
set_cover_n100_m84_d0.25_b_w17_seed1.txt,Set Cover,100,RelaxGrouping,1000,False,min,5,0.1676,na,0.013645410537719727,18173,35324,289,True
set_cover_n100_m84_d0.25_b_w17_seed1.txt,Set Cover,100,RelaxGrouping,2000,False,min,5,0.1703,na,0.014430761337280273,18173,35324,289,True
set_cover_n100_m84_d0.25_b_w17_seed1.txt,Set Cover,100,RelaxGrouping,5000,False,min,5,0.1721,na,0.014702320098876953,18173,35324,289,True
set_cover_n100_m84_d0.25_b_w17_seed1.txt,Set Cover,100,RelaxGrouping,10000,False,min,5,0.1758,na,0.014391899108886719,18173,35324,289,True
set_cover_n100_m84_d0.15_b_w17_seed4.txt,Set Cover,100,RelaxGrouping,20000,False,min,3,19.877,na,1.3187956809997559,935929,1781251,19923,True
set_cover_n100_m84_d0.25_b_w17_seed1.txt,Set Cover,100,RelaxGrouping,20000,False,min,5,0.1658,na,0.01423501968383789,18173,35324,289,True
set_cover_n100_m84_d0.25_b_w17_seed2.txt,Set Cover,100,RelaxGrouping,500,True,min,5,0.1673,0.0147,0.01358175277709961,18173,35324,289,True
set_cover_n100_m84_d0.25_b_w17_seed2.txt,Set Cover,100,RelaxGrouping,1000,True,min,5,0.1674,0.0162,0.014103174209594727,18173,35324,289,True
set_cover_n100_m84_d0.25_b_w17_seed2.txt,Set Cover,100,RelaxGrouping,2000,True,min,5,0.1677,0.0148,0.013423442840576172,18173,35324,289,True
set_cover_n100_m84_d0.25_b_w17_seed2.txt,Set Cover,100,RelaxGrouping,5000,True,min,5,0.17,0.0162,0.014068841934204102,18173,35324,289,True
set_cover_n100_m84_d0.25_b_w17_seed2.txt,Set Cover,100,RelaxGrouping,10000,True,min,5,0.166,0.0153,0.013297319412231445,18173,35324,289,True
set_cover_n100_m84_d0.25_b_w17_seed2.txt,Set Cover,100,RelaxGrouping,20000,True,min,5,0.1674,0.0157,0.01429438591003418,18173,35324,289,True
set_cover_n100_m84_d0.25_b_w17_seed2.txt,Set Cover,100,RelaxGrouping,500,False,min,5,0.1674,na,0.014404535293579102,18173,35324,289,True
set_cover_n100_m84_d0.25_b_w17_seed2.txt,Set Cover,100,RelaxGrouping,1000,False,min,5,0.1647,na,0.01420140266418457,18173,35324,289,True
set_cover_n100_m84_d0.25_b_w17_seed2.txt,Set Cover,100,RelaxGrouping,2000,False,min,5,0.1698,na,0.014536380767822266,18173,35324,289,True
set_cover_n100_m84_d0.25_b_w17_seed2.txt,Set Cover,100,RelaxGrouping,5000,False,min,5,0.1715,na,0.014429569244384766,18173,35324,289,True
set_cover_n100_m84_d0.25_b_w17_seed2.txt,Set Cover,100,RelaxGrouping,10000,False,min,5,0.1679,na,0.013634681701660156,18173,35324,289,True
set_cover_n100_m84_d0.25_b_w17_seed2.txt,Set Cover,100,RelaxGrouping,20000,False,min,5,0.1703,na,0.013787508010864258,18173,35324,289,True
set_cover_n100_m84_d0.25_b_w17_seed3.txt,Set Cover,100,RelaxGrouping,500,True,min,5,0.1677,0.0157,0.014265060424804688,18173,35324,289,True
set_cover_n100_m84_d0.25_b_w17_seed3.txt,Set Cover,100,RelaxGrouping,1000,True,min,5,0.1696,0.016,0.013681650161743164,18173,35324,289,True
set_cover_n100_m84_d0.25_b_w17_seed3.txt,Set Cover,100,RelaxGrouping,2000,True,min,5,0.1695,0.0159,0.013674020767211914,18173,35324,289,True
set_cover_n100_m84_d0.25_b_w17_seed3.txt,Set Cover,100,RelaxGrouping,5000,True,min,5,0.1658,0.0148,0.013565540313720703,18173,35324,289,True
set_cover_n100_m84_d0.25_b_w17_seed3.txt,Set Cover,100,RelaxGrouping,10000,True,min,5,0.1682,0.0158,0.013584375381469727,18173,35324,289,True
set_cover_n100_m84_d0.25_b_w17_seed3.txt,Set Cover,100,RelaxGrouping,20000,True,min,5,0.1683,0.0159,0.013797283172607422,18173,35324,289,True
set_cover_n100_m84_d0.25_b_w17_seed3.txt,Set Cover,100,RelaxGrouping,500,False,min,5,0.1663,na,0.013764381408691406,18173,35324,289,True
set_cover_n100_m84_d0.25_b_w17_seed3.txt,Set Cover,100,RelaxGrouping,1000,False,min,5,0.1646,na,0.013573408126831055,18173,35324,289,True
set_cover_n100_m84_d0.25_b_w17_seed3.txt,Set Cover,100,RelaxGrouping,2000,False,min,5,0.1625,na,0.013458728790283203,18173,35324,289,True
set_cover_n100_m84_d0.25_b_w17_seed3.txt,Set Cover,100,RelaxGrouping,5000,False,min,5,0.1695,na,0.014256715774536133,18173,35324,289,True
set_cover_n100_m84_d0.25_b_w17_seed3.txt,Set Cover,100,RelaxGrouping,10000,False,min,5,0.1671,na,0.014087438583374023,18173,35324,289,True
set_cover_n100_m84_d0.25_b_w17_seed3.txt,Set Cover,100,RelaxGrouping,20000,False,min,5,0.1683,na,0.014470100402832031,18173,35324,289,True
set_cover_n100_m84_d0.25_b_w17_seed4.txt,Set Cover,100,RelaxGrouping,500,True,min,5,0.1701,0.0152,0.013683319091796875,18173,35324,289,True
set_cover_n100_m84_d0.25_b_w17_seed4.txt,Set Cover,100,RelaxGrouping,1000,True,min,5,0.1665,0.0155,0.013783931732177734,18173,35324,289,True
set_cover_n100_m84_d0.25_b_w17_seed4.txt,Set Cover,100,RelaxGrouping,2000,True,min,5,0.1638,0.0153,0.01332235336303711,18173,35324,289,True
set_cover_n100_m84_d0.25_b_w17_seed4.txt,Set Cover,100,RelaxGrouping,5000,True,min,5,0.1756,0.0159,0.013872861862182617,18173,35324,289,True
set_cover_n100_m84_d0.25_b_w17_seed4.txt,Set Cover,100,RelaxGrouping,10000,True,min,5,0.1689,0.016,0.013871908187866211,18173,35324,289,True
set_cover_n100_m84_d0.25_b_w17_seed4.txt,Set Cover,100,RelaxGrouping,20000,True,min,5,0.1684,0.0155,0.013620376586914062,18173,35324,289,True
set_cover_n100_m84_d0.25_b_w17_seed4.txt,Set Cover,100,RelaxGrouping,500,False,min,5,0.1668,na,0.013874292373657227,18173,35324,289,True
set_cover_n100_m84_d0.25_b_w17_seed4.txt,Set Cover,100,RelaxGrouping,1000,False,min,5,0.1651,na,0.014624357223510742,18173,35324,289,True
set_cover_n100_m84_d0.25_b_w17_seed4.txt,Set Cover,100,RelaxGrouping,2000,False,min,5,0.1643,na,0.013399124145507812,18173,35324,289,True
set_cover_n100_m84_d0.25_b_w17_seed4.txt,Set Cover,100,RelaxGrouping,5000,False,min,5,0.1681,na,0.014296293258666992,18173,35324,289,True
set_cover_n100_m84_d0.25_b_w17_seed4.txt,Set Cover,100,RelaxGrouping,10000,False,min,5,0.1688,na,0.013885259628295898,18173,35324,289,True
set_cover_n100_m84_d0.25_b_w17_seed4.txt,Set Cover,100,RelaxGrouping,20000,False,min,5,0.1686,na,0.014064550399780273,18173,35324,289,True
set_cover_n100_m84_d0.35_b_w17_seed1.txt,Set Cover,100,RelaxGrouping,500,True,min,5,0.1668,0.0148,0.013465404510498047,18173,35324,289,True
set_cover_n100_m84_d0.35_b_w17_seed1.txt,Set Cover,100,RelaxGrouping,1000,True,min,5,0.1651,0.0148,0.01387333869934082,18173,35324,289,True
set_cover_n100_m84_d0.35_b_w17_seed1.txt,Set Cover,100,RelaxGrouping,2000,True,min,5,0.1676,0.0162,0.014434576034545898,18173,35324,289,True
set_cover_n100_m84_d0.35_b_w17_seed1.txt,Set Cover,100,RelaxGrouping,5000,True,min,5,0.1712,0.0163,0.014208793640136719,18173,35324,289,True
set_cover_n100_m84_d0.35_b_w17_seed1.txt,Set Cover,100,RelaxGrouping,10000,True,min,5,0.1668,0.0162,0.013930559158325195,18173,35324,289,True
set_cover_n100_m84_d0.35_b_w17_seed1.txt,Set Cover,100,RelaxGrouping,20000,True,min,5,0.1732,0.0163,0.014159679412841797,18173,35324,289,True
set_cover_n100_m84_d0.35_b_w17_seed1.txt,Set Cover,100,RelaxGrouping,500,False,min,5,0.1696,na,0.013929605484008789,18173,35324,289,True
set_cover_n100_m84_d0.35_b_w17_seed1.txt,Set Cover,100,RelaxGrouping,1000,False,min,5,0.1685,na,0.013966798782348633,18173,35324,289,True
set_cover_n100_m84_d0.35_b_w17_seed1.txt,Set Cover,100,RelaxGrouping,2000,False,min,5,0.1604,na,0.013483047485351562,18173,35324,289,True
set_cover_n100_m84_d0.35_b_w17_seed1.txt,Set Cover,100,RelaxGrouping,5000,False,min,5,0.1718,na,0.013954877853393555,18173,35324,289,True
set_cover_n100_m84_d0.35_b_w17_seed1.txt,Set Cover,100,RelaxGrouping,10000,False,min,5,0.1679,na,0.013824462890625,18173,35324,289,True
set_cover_n100_m84_d0.35_b_w17_seed1.txt,Set Cover,100,RelaxGrouping,20000,False,min,5,0.165,na,0.014168500900268555,18173,35324,289,True
set_cover_n100_m84_d0.35_b_w17_seed2.txt,Set Cover,100,RelaxGrouping,500,True,min,5,0.1696,0.0162,0.013914346694946289,18173,35324,289,True
set_cover_n100_m84_d0.35_b_w17_seed2.txt,Set Cover,100,RelaxGrouping,1000,True,min,5,0.1654,0.0153,0.01356053352355957,18173,35324,289,True
set_cover_n100_m84_d0.35_b_w17_seed2.txt,Set Cover,100,RelaxGrouping,2000,True,min,5,0.166,0.0161,0.013778448104858398,18173,35324,289,True
set_cover_n100_m84_d0.35_b_w17_seed2.txt,Set Cover,100,RelaxGrouping,5000,True,min,5,0.1721,0.0159,0.01392817497253418,18173,35324,289,True
set_cover_n100_m84_d0.35_b_w17_seed2.txt,Set Cover,100,RelaxGrouping,10000,True,min,5,0.1658,0.0162,0.01449131965637207,18173,35324,289,True
set_cover_n100_m84_d0.35_b_w17_seed2.txt,Set Cover,100,RelaxGrouping,20000,True,min,5,0.1664,0.0159,0.014035701751708984,18173,35324,289,True
set_cover_n100_m84_d0.35_b_w17_seed2.txt,Set Cover,100,RelaxGrouping,500,False,min,5,0.1657,na,0.013760089874267578,18173,35324,289,True
set_cover_n100_m84_d0.35_b_w17_seed2.txt,Set Cover,100,RelaxGrouping,1000,False,min,5,0.1688,na,0.014220714569091797,18173,35324,289,True
set_cover_n100_m84_d0.35_b_w17_seed2.txt,Set Cover,100,RelaxGrouping,2000,False,min,5,0.1643,na,0.013874292373657227,18173,35324,289,True
set_cover_n100_m84_d0.35_b_w17_seed2.txt,Set Cover,100,RelaxGrouping,5000,False,min,5,0.1713,na,0.014965295791625977,18173,35324,289,True
set_cover_n100_m84_d0.35_b_w17_seed2.txt,Set Cover,100,RelaxGrouping,10000,False,min,5,0.167,na,0.014104843139648438,18173,35324,289,True
set_cover_n100_m84_d0.35_b_w17_seed2.txt,Set Cover,100,RelaxGrouping,20000,False,min,5,0.1682,na,0.014290809631347656,18173,35324,289,True
set_cover_n100_m84_d0.35_b_w17_seed3.txt,Set Cover,100,RelaxGrouping,500,True,min,5,0.1688,0.0145,0.01345205307006836,18173,35324,289,True
set_cover_n100_m84_d0.35_b_w17_seed3.txt,Set Cover,100,RelaxGrouping,1000,True,min,5,0.165,0.0145,0.013212919235229492,18173,35324,289,True
set_cover_n100_m84_d0.35_b_w17_seed3.txt,Set Cover,100,RelaxGrouping,2000,True,min,5,0.1683,0.0167,0.014236688613891602,18173,35324,289,True
set_cover_n100_m84_d0.35_b_w17_seed3.txt,Set Cover,100,RelaxGrouping,5000,True,min,5,0.1719,0.0165,0.014329671859741211,18173,35324,289,True
set_cover_n100_m84_d0.35_b_w17_seed3.txt,Set Cover,100,RelaxGrouping,10000,True,min,5,0.1688,0.0154,0.013547897338867188,18173,35324,289,True
set_cover_n100_m84_d0.35_b_w17_seed3.txt,Set Cover,100,RelaxGrouping,20000,True,min,5,0.1645,0.0161,0.013909339904785156,18173,35324,289,True
set_cover_n100_m84_d0.35_b_w17_seed3.txt,Set Cover,100,RelaxGrouping,500,False,min,5,0.1624,na,0.013762950897216797,18173,35324,289,True
set_cover_n100_m84_d0.35_b_w17_seed3.txt,Set Cover,100,RelaxGrouping,1000,False,min,5,0.1639,na,0.014256715774536133,18173,35324,289,True
set_cover_n100_m84_d0.35_b_w17_seed3.txt,Set Cover,100,RelaxGrouping,2000,False,min,5,0.1646,na,0.01379251480102539,18173,35324,289,True
set_cover_n100_m84_d0.35_b_w17_seed3.txt,Set Cover,100,RelaxGrouping,5000,False,min,5,0.167,na,0.014300346374511719,18173,35324,289,True
set_cover_n100_m84_d0.35_b_w17_seed3.txt,Set Cover,100,RelaxGrouping,10000,False,min,5,0.1702,na,0.014026880264282227,18173,35324,289,True
set_cover_n100_m84_d0.35_b_w17_seed3.txt,Set Cover,100,RelaxGrouping,20000,False,min,5,0.164,na,0.013951539993286133,18173,35324,289,True
set_cover_n100_m84_d0.35_b_w17_seed4.txt,Set Cover,100,RelaxGrouping,500,True,min,5,0.1723,0.016,0.014061927795410156,18173,35324,289,True
set_cover_n100_m84_d0.35_b_w17_seed4.txt,Set Cover,100,RelaxGrouping,1000,True,min,5,0.1681,0.016,0.014180898666381836,18173,35324,289,True
set_cover_n100_m84_d0.35_b_w17_seed4.txt,Set Cover,100,RelaxGrouping,2000,True,min,5,0.1613,0.0144,0.013516664505004883,18173,35324,289,True
set_cover_n100_m84_d0.35_b_w17_seed4.txt,Set Cover,100,RelaxGrouping,5000,True,min,5,0.1682,0.0154,0.013541698455810547,18173,35324,289,True
set_cover_n100_m84_d0.35_b_w17_seed4.txt,Set Cover,100,RelaxGrouping,10000,True,min,5,0.1669,0.0163,0.014267206192016602,18173,35324,289,True
set_cover_n100_m84_d0.35_b_w17_seed4.txt,Set Cover,100,RelaxGrouping,20000,True,min,5,0.1681,0.0158,0.014003515243530273,18173,35324,289,True
set_cover_n100_m84_d0.35_b_w17_seed4.txt,Set Cover,100,RelaxGrouping,500,False,min,5,0.1667,na,0.014336347579956055,18173,35324,289,True
set_cover_n100_m84_d0.35_b_w17_seed4.txt,Set Cover,100,RelaxGrouping,1000,False,min,5,0.1685,na,0.014054059982299805,18173,35324,289,True
set_cover_n100_m84_d0.35_b_w17_seed4.txt,Set Cover,100,RelaxGrouping,2000,False,min,5,0.1695,na,0.014107942581176758,18173,35324,289,True
set_cover_n100_m84_d0.35_b_w17_seed4.txt,Set Cover,100,RelaxGrouping,5000,False,min,5,0.1687,na,0.014417171478271484,18173,35324,289,True
set_cover_n100_m84_d0.35_b_w17_seed4.txt,Set Cover,100,RelaxGrouping,10000,False,min,5,0.169,na,0.014040470123291016,18173,35324,289,True
set_cover_n100_m84_d0.35_b_w17_seed4.txt,Set Cover,100,RelaxGrouping,20000,False,min,5,0.1583,na,0.013952016830444336,18173,35324,289,True
set_cover_n100_m84_d0.45_b_w17_seed1.txt,Set Cover,100,RelaxGrouping,500,True,min,5,0.1684,0.0152,0.01365518569946289,18173,35324,289,True
set_cover_n100_m84_d0.45_b_w17_seed1.txt,Set Cover,100,RelaxGrouping,1000,True,min,5,0.164,0.0146,0.013831138610839844,18173,35324,289,True
set_cover_n100_m84_d0.45_b_w17_seed1.txt,Set Cover,100,RelaxGrouping,2000,True,min,5,0.1648,0.0154,0.013318300247192383,18173,35324,289,True
set_cover_n100_m84_d0.45_b_w17_seed1.txt,Set Cover,100,RelaxGrouping,5000,True,min,5,0.1716,0.0159,0.013659238815307617,18173,35324,289,True
set_cover_n100_m84_d0.45_b_w17_seed1.txt,Set Cover,100,RelaxGrouping,10000,True,min,5,0.1697,0.0163,0.013919591903686523,18173,35324,289,True
set_cover_n100_m84_d0.45_b_w17_seed1.txt,Set Cover,100,RelaxGrouping,20000,True,min,5,0.1675,0.0155,0.013463497161865234,18173,35324,289,True
set_cover_n100_m84_d0.45_b_w17_seed1.txt,Set Cover,100,RelaxGrouping,500,False,min,5,0.1709,na,0.014702081680297852,18173,35324,289,True
set_cover_n100_m84_d0.45_b_w17_seed1.txt,Set Cover,100,RelaxGrouping,1000,False,min,5,0.1714,na,0.014888525009155273,18173,35324,289,True
set_cover_n100_m84_d0.45_b_w17_seed1.txt,Set Cover,100,RelaxGrouping,2000,False,min,5,0.1641,na,0.014096975326538086,18173,35324,289,True
set_cover_n100_m84_d0.45_b_w17_seed1.txt,Set Cover,100,RelaxGrouping,5000,False,min,5,0.1651,na,0.013605833053588867,18173,35324,289,True
set_cover_n100_m84_d0.45_b_w17_seed1.txt,Set Cover,100,RelaxGrouping,10000,False,min,5,0.1697,na,0.014191865921020508,18173,35324,289,True
set_cover_n100_m84_d0.45_b_w17_seed1.txt,Set Cover,100,RelaxGrouping,20000,False,min,5,0.1659,na,0.014111042022705078,18173,35324,289,True
set_cover_n100_m84_d0.45_b_w17_seed2.txt,Set Cover,100,RelaxGrouping,500,True,min,5,0.1623,0.0154,0.01388096809387207,18173,35324,289,True
set_cover_n100_m84_d0.45_b_w17_seed2.txt,Set Cover,100,RelaxGrouping,1000,True,min,5,0.1679,0.016,0.014015913009643555,18173,35324,289,True
set_cover_n100_m84_d0.45_b_w17_seed2.txt,Set Cover,100,RelaxGrouping,2000,True,min,5,0.1672,0.015,0.013378381729125977,18173,35324,289,True
set_cover_n100_m84_d0.45_b_w17_seed2.txt,Set Cover,100,RelaxGrouping,5000,True,min,5,0.1664,0.0158,0.014175653457641602,18173,35324,289,True
set_cover_n100_m84_d0.45_b_w17_seed2.txt,Set Cover,100,RelaxGrouping,10000,True,min,5,0.1669,0.0149,0.012805700302124023,18173,35324,289,True
set_cover_n100_m84_d0.45_b_w17_seed2.txt,Set Cover,100,RelaxGrouping,20000,True,min,5,0.1681,0.0147,0.01370549201965332,18173,35324,289,True
set_cover_n100_m84_d0.45_b_w17_seed2.txt,Set Cover,100,RelaxGrouping,500,False,min,5,0.168,na,0.014293909072875977,18173,35324,289,True
set_cover_n100_m84_d0.45_b_w17_seed2.txt,Set Cover,100,RelaxGrouping,1000,False,min,5,0.1671,na,0.014361858367919922,18173,35324,289,True
set_cover_n100_m84_d0.45_b_w17_seed2.txt,Set Cover,100,RelaxGrouping,2000,False,min,5,0.1721,na,0.014959335327148438,18173,35324,289,True
set_cover_n100_m84_d0.45_b_w17_seed2.txt,Set Cover,100,RelaxGrouping,5000,False,min,5,0.163,na,0.013671636581420898,18173,35324,289,True
set_cover_n100_m84_d0.45_b_w17_seed2.txt,Set Cover,100,RelaxGrouping,10000,False,min,5,0.1651,na,0.01417231559753418,18173,35324,289,True
set_cover_n100_m84_d0.45_b_w17_seed2.txt,Set Cover,100,RelaxGrouping,20000,False,min,5,0.1674,na,0.013720273971557617,18173,35324,289,True
set_cover_n100_m84_d0.45_b_w17_seed3.txt,Set Cover,100,RelaxGrouping,500,True,min,5,0.1674,0.0158,0.013572931289672852,18173,35324,289,True
set_cover_n100_m84_d0.45_b_w17_seed3.txt,Set Cover,100,RelaxGrouping,1000,True,min,5,0.1661,0.0153,0.013560056686401367,18173,35324,289,True
set_cover_n100_m84_d0.45_b_w17_seed3.txt,Set Cover,100,RelaxGrouping,2000,True,min,5,0.1695,0.0154,0.014049768447875977,18173,35324,289,True
set_cover_n100_m84_d0.45_b_w17_seed3.txt,Set Cover,100,RelaxGrouping,5000,True,min,5,0.1711,0.016,0.013486385345458984,18173,35324,289,True
set_cover_n100_m84_d0.45_b_w17_seed3.txt,Set Cover,100,RelaxGrouping,10000,True,min,5,0.1661,0.0159,0.014120340347290039,18173,35324,289,True
set_cover_n100_m84_d0.45_b_w17_seed3.txt,Set Cover,100,RelaxGrouping,20000,True,min,5,0.1706,0.0164,0.014623641967773438,18173,35324,289,True
set_cover_n100_m84_d0.45_b_w17_seed3.txt,Set Cover,100,RelaxGrouping,500,False,min,5,0.1682,na,0.014783620834350586,18173,35324,289,True
set_cover_n100_m84_d0.45_b_w17_seed3.txt,Set Cover,100,RelaxGrouping,1000,False,min,5,0.1655,na,0.013441801071166992,18173,35324,289,True
set_cover_n100_m84_d0.45_b_w17_seed3.txt,Set Cover,100,RelaxGrouping,2000,False,min,5,0.1672,na,0.013901233673095703,18173,35324,289,True
set_cover_n100_m84_d0.45_b_w17_seed3.txt,Set Cover,100,RelaxGrouping,5000,False,min,5,0.161,na,0.013624191284179688,18173,35324,289,True
set_cover_n100_m84_d0.45_b_w17_seed3.txt,Set Cover,100,RelaxGrouping,10000,False,min,5,0.16,na,0.013573169708251953,18173,35324,289,True
set_cover_n100_m84_d0.45_b_w17_seed3.txt,Set Cover,100,RelaxGrouping,20000,False,min,5,0.1694,na,0.013810873031616211,18173,35324,289,True
set_cover_n100_m84_d0.45_b_w17_seed4.txt,Set Cover,100,RelaxGrouping,500,True,min,5,0.1641,0.0152,0.013500213623046875,18173,35324,289,True
set_cover_n100_m84_d0.45_b_w17_seed4.txt,Set Cover,100,RelaxGrouping,1000,True,min,5,0.1669,0.0156,0.013681411743164062,18173,35324,289,True
set_cover_n100_m84_d0.45_b_w17_seed4.txt,Set Cover,100,RelaxGrouping,2000,True,min,5,0.1719,0.0159,0.013688087463378906,18173,35324,289,True
set_cover_n100_m84_d0.45_b_w17_seed4.txt,Set Cover,100,RelaxGrouping,5000,True,min,5,0.1658,0.0143,0.013067960739135742,18173,35324,289,True
set_cover_n100_m84_d0.45_b_w17_seed4.txt,Set Cover,100,RelaxGrouping,10000,True,min,5,0.1633,0.0145,0.013109445571899414,18173,35324,289,True
set_cover_n100_m84_d0.45_b_w17_seed4.txt,Set Cover,100,RelaxGrouping,20000,True,min,5,0.1648,0.0148,0.013435602188110352,18173,35324,289,True
set_cover_n100_m84_d0.45_b_w17_seed4.txt,Set Cover,100,RelaxGrouping,500,False,min,5,0.1645,na,0.013759136199951172,18173,35324,289,True
set_cover_n100_m84_d0.45_b_w17_seed4.txt,Set Cover,100,RelaxGrouping,1000,False,min,5,0.1668,na,0.014380693435668945,18173,35324,289,True
set_cover_n100_m84_d0.45_b_w17_seed4.txt,Set Cover,100,RelaxGrouping,2000,False,min,5,0.1686,na,0.014178037643432617,18173,35324,289,True
set_cover_n100_m84_d0.45_b_w17_seed4.txt,Set Cover,100,RelaxGrouping,5000,False,min,5,0.1657,na,0.014108657836914062,18173,35324,289,True
set_cover_n100_m84_d0.45_b_w17_seed4.txt,Set Cover,100,RelaxGrouping,10000,False,min,5,0.1687,na,0.01437520980834961,18173,35324,289,True
set_cover_n100_m84_d0.45_b_w17_seed4.txt,Set Cover,100,RelaxGrouping,20000,False,min,5,0.1668,na,0.013954877853393555,18173,35324,289,True
set_cover_n250_m86_d0.3_b_w165_seed1.txt,Set Cover,250,RelaxGrouping,500,True,min,1,1.5169,0.1493,0.019733190536499023,14658,28307,193,True
set_cover_n250_m86_d0.3_b_w165_seed1.txt,Set Cover,250,RelaxGrouping,1000,True,min,1,3.2849,0.3211,0.03343367576599121,24715,47719,351,True
set_cover_n250_m86_d0.3_b_w165_seed1.txt,Set Cover,250,RelaxGrouping,500,False,min,1,1.6097,na,0.09091067314147949,95766,185858,495,True
set_cover_n250_m86_d0.3_b_w165_seed1.txt,Set Cover,250,RelaxGrouping,2000,True,min,1,8.0681,0.7437,0.059224605560302734,42855,82722,654,True
set_cover_n250_m86_d0.3_b_w165_seed1.txt,Set Cover,250,RelaxGrouping,1000,False,min,1,3.4946,na,0.41213393211364746,192627,373801,998,True
set_cover_n250_m86_d0.3_b_w165_seed1.txt,Set Cover,250,RelaxGrouping,2000,False,min,1,8.1921,na,0.8985006809234619,385349,748603,1994,True
set_cover_n250_m86_d0.3_b_w165_seed1.txt,Set Cover,250,RelaxGrouping,5000,True,min,1,23.7334,2.1019,0.14396023750305176,96725,186850,1589,True
set_cover_n250_m86_d0.3_b_w165_seed1.txt,Set Cover,250,RelaxGrouping,5000,False,min,1,24.3667,na,2.5999510288238525,939851,1827620,4992,True
set_cover_n250_m86_d0.3_b_w165_seed2.txt,Set Cover,250,RelaxGrouping,500,True,min,1,1.5302,0.1567,0.049181461334228516,14816,28291,349,True
set_cover_n250_m86_d0.3_b_w165_seed1.txt,Set Cover,250,RelaxGrouping,10000,True,min,2,54.081,4.7542,0.26573705673217773,175216,338715,3294,True
set_cover_n250_m86_d0.3_b_w165_seed2.txt,Set Cover,250,RelaxGrouping,1000,True,min,1,3.4559,0.3302,0.03121161460876465,24246,46492,460,True
set_cover_n250_m86_d0.3_b_w165_seed2.txt,Set Cover,250,RelaxGrouping,2000,True,min,1,8.4262,0.7177,0.06110835075378418,45986,88102,1281,True
set_cover_n250_m86_d0.3_b_w165_seed1.txt,Set Cover,250,RelaxGrouping,10000,False,min,2,54.2209,na,5.892707824707031,1856086,3607822,9986,True
set_cover_n250_m86_d0.3_b_w165_seed2.txt,Set Cover,250,RelaxGrouping,5000,True,min,1,24.4233,2.0902,0.13311982154846191,94613,182098,2112,True
set_cover_n250_m86_d0.3_b_w165_seed2.txt,Set Cover,250,RelaxGrouping,500,False,min,1,1.5171,na,0.1914384365081787,97354,189273,497,True
set_cover_n250_m86_d0.3_b_w165_seed2.txt,Set Cover,250,RelaxGrouping,1000,False,min,1,3.4768,na,0.4189724922180176,195276,379300,998,True
set_cover_n250_m86_d0.3_b_w165_seed2.txt,Set Cover,250,RelaxGrouping,2000,False,min,1,8.1865,na,0.9170639514923096,391963,761426,1996,True
set_cover_n250_m86_d0.3_b_w165_seed1.txt,Set Cover,250,RelaxGrouping,20000,True,min,2,114.0869,10.3986,0.5785856246948242,355073,688191,5951,True
set_cover_n250_m86_d0.3_b_w165_seed2.txt,Set Cover,250,RelaxGrouping,10000,True,min,1,51.9086,4.8662,0.7788808345794678,184201,354973,4604,True
set_cover_n250_m86_d0.3_b_w165_seed2.txt,Set Cover,250,RelaxGrouping,5000,False,min,1,24.2893,na,2.592859983444214,951545,1851787,4986,True
set_cover_n250_m86_d0.3_b_w165_seed1.txt,Set Cover,250,RelaxGrouping,20000,False,min,2,112.8123,na,12.708234786987305,3648291,7090213,19963,True
set_cover_n250_m86_d0.3_b_w165_seed3.txt,Set Cover,250,RelaxGrouping,500,True,min,1,1.6311,0.1642,0.02028489112854004,16182,31074,277,True
set_cover_n250_m86_d0.3_b_w165_seed3.txt,Set Cover,250,RelaxGrouping,1000,True,min,1,3.5065,0.3259,0.03560662269592285,29401,56443,607,True
set_cover_n250_m86_d0.3_b_w165_seed3.txt,Set Cover,250,RelaxGrouping,2000,True,min,1,8.1019,0.7405,0.075439453125,56422,107837,1105,True
set_cover_n250_m86_d0.3_b_w165_seed2.txt,Set Cover,250,RelaxGrouping,10000,False,min,1,52.0085,na,5.525088548660278,1876759,3651438,9993,True
set_cover_n250_m86_d0.3_b_w165_seed3.txt,Set Cover,250,RelaxGrouping,5000,True,min,1,23.6774,2.1193,0.4666876792907715,125143,239187,3066,True
set_cover_n250_m86_d0.3_b_w165_seed3.txt,Set Cover,250,RelaxGrouping,500,False,min,1,1.6255,na,0.09580373764038086,99706,193657,499,True
set_cover_n250_m86_d0.3_b_w165_seed2.txt,Set Cover,250,RelaxGrouping,20000,True,min,1,109.0269,10.2815,0.6794421672821045,378651,730039,10524,True
set_cover_n250_m86_d0.3_b_w165_seed3.txt,Set Cover,250,RelaxGrouping,1000,False,min,1,3.5784,na,0.4278445243835449,197213,384048,991,True
set_cover_n250_m86_d0.3_b_w165_seed3.txt,Set Cover,250,RelaxGrouping,2000,False,min,1,8.3027,na,0.9019954204559326,392905,764621,1996,True
set_cover_n250_m86_d0.3_b_w165_seed3.txt,Set Cover,250,RelaxGrouping,10000,True,min,1,51.5386,4.7916,0.34616994857788086,241484,462557,5608,True
set_cover_n250_m86_d0.3_b_w165_seed3.txt,Set Cover,250,RelaxGrouping,5000,False,min,1,23.9301,na,2.4414615631103516,968503,1882388,4995,True
set_cover_n250_m86_d0.3_b_w165_seed4.txt,Set Cover,250,RelaxGrouping,500,True,min,1,1.5816,0.1586,0.018293380737304688,14922,28514,273,True
set_cover_n250_m86_d0.3_b_w165_seed2.txt,Set Cover,250,RelaxGrouping,20000,False,min,1,109.8156,na,12.420099258422852,3694911,7184214,19983,True
set_cover_n250_m86_d0.3_b_w165_seed4.txt,Set Cover,250,RelaxGrouping,1000,True,min,1,3.5022,0.331,0.03510856628417969,26996,51653,516,True
set_cover_n250_m86_d0.3_b_w165_seed4.txt,Set Cover,250,RelaxGrouping,2000,True,min,1,8.0966,0.6743,0.05700516700744629,45357,86742,809,True
set_cover_n250_m86_d0.3_b_w165_seed3.txt,Set Cover,250,RelaxGrouping,10000,False,min,1,51.5314,na,5.849311351776123,1897077,3684520,9988,True
set_cover_n250_m86_d0.3_b_w165_seed4.txt,Set Cover,250,RelaxGrouping,5000,True,min,1,24.729,2.1385,0.14442920684814453,100795,193509,2047,True
set_cover_n250_m86_d0.3_b_w165_seed4.txt,Set Cover,250,RelaxGrouping,500,False,min,1,1.6175,na,0.0963294506072998,97283,189253,498,True
set_cover_n250_m86_d0.3_b_w165_seed3.txt,Set Cover,250,RelaxGrouping,20000,True,min,2,110.8951,10.3242,0.7577559947967529,434290,831634,9074,True
set_cover_n250_m86_d0.3_b_w165_seed4.txt,Set Cover,250,RelaxGrouping,1000,False,min,1,3.4902,na,0.4264686107635498,193126,375661,998,True
set_cover_n250_m86_d0.3_b_w165_seed4.txt,Set Cover,250,RelaxGrouping,2000,False,min,1,8.0635,na,0.8840358257293701,383196,746030,1998,True
set_cover_n250_m86_d0.3_b_w165_seed4.txt,Set Cover,250,RelaxGrouping,10000,True,min,1,50.8026,4.7153,0.7817308902740479,190554,366382,3461,True
set_cover_n250_m86_d0.3_b_w165_seed4.txt,Set Cover,250,RelaxGrouping,5000,False,min,1,24.4313,na,1.2567164897918701,942698,1835423,4988,True
set_cover_n250_m86_d0.3_b_w165_seed3.txt,Set Cover,250,RelaxGrouping,20000,False,min,2,110.9652,na,6.369941711425781,3694549,7181974,19979,True
set_cover_n500_m336_d0.15_b_w165_seed1.txt,Set Cover,500,RelaxGrouping,500,True,min,2,8.3601,0.3468,0.06907057762145996,50766,99640,354,True
set_cover_n500_m336_d0.15_b_w165_seed1.txt,Set Cover,500,RelaxGrouping,1000,True,min,2,18.0491,0.747,0.11801266670227051,83660,163911,633,True
set_cover_n250_m86_d0.3_b_w165_seed4.txt,Set Cover,250,RelaxGrouping,10000,False,min,1,51.0893,na,5.47704815864563,1836547,3578864,9986,True
set_cover_n250_m86_d0.3_b_w165_seed4.txt,Set Cover,250,RelaxGrouping,20000,True,min,1,107.3668,10.0773,0.6681478023529053,380868,733576,6863,True
set_cover_n500_m336_d0.15_b_w165_seed1.txt,Set Cover,500,RelaxGrouping,2000,True,min,2,40.7283,1.7116,0.2077782154083252,142396,279107,1111,True
set_cover_n500_m336_d0.15_b_w165_seed1.txt,Set Cover,500,RelaxGrouping,500,False,min,2,8.2988,na,0.44035792350769043,207799,405300,500,True
set_cover_n250_m86_d0.3_b_w165_seed4.txt,Set Cover,250,RelaxGrouping,20000,False,min,1,106.3567,na,11.606311321258545,3609614,7035450,19970,True
set_cover_n500_m336_d0.15_b_w165_seed1.txt,Set Cover,500,RelaxGrouping,1000,False,min,2,17.7789,na,0.4484221935272217,412604,804232,999,True
set_cover_n500_m336_d0.15_b_w165_seed1.txt,Set Cover,500,RelaxGrouping,2000,False,min,2,40.0994,na,2.107130289077759,858087,1662555,1992,True
set_cover_n500_m336_d0.15_b_w165_seed1.txt,Set Cover,500,RelaxGrouping,5000,True,min,2,113.7622,5.2643,0.5629401206970215,366245,715332,2333,True
set_cover_n500_m336_d0.15_b_w165_seed1.txt,Set Cover,500,RelaxGrouping,5000,False,min,2,112.8537,na,6.5806801319122314,2156052,4176956,4990,True
set_cover_n500_m336_d0.15_b_w165_seed2.txt,Set Cover,500,RelaxGrouping,500,True,min,2,8.7862,0.3636,0.07886075973510742,57198,112692,378,True
set_cover_n500_m336_d0.15_b_w165_seed2.txt,Set Cover,500,RelaxGrouping,1000,True,min,2,17.891,0.7437,0.11883425712585449,90009,177439,842,True
set_cover_n500_m336_d0.15_b_w165_seed1.txt,Set Cover,500,RelaxGrouping,10000,True,min,2,235.6857,11.8162,1.1589503288269043,682556,1335238,5406,True
set_cover_n500_m336_d0.15_b_w165_seed2.txt,Set Cover,500,RelaxGrouping,2000,True,min,2,39.281,1.6026,0.1734461784362793,123581,242210,944,True
set_cover_n500_m336_d0.15_b_w165_seed1.txt,Set Cover,500,RelaxGrouping,10000,False,min,2,238.4143,na,14.601924896240234,4300171,8314281,9992,True
set_cover_n500_m336_d0.15_b_w165_seed2.txt,Set Cover,500,RelaxGrouping,5000,True,min,2,107.1499,5.0573,0.3805673122406006,249134,489334,2078,True
set_cover_n500_m336_d0.15_b_w165_seed2.txt,Set Cover,500,RelaxGrouping,500,False,min,2,8.7586,na,0.47700929641723633,214825,420132,500,True
set_cover_n500_m336_d0.15_b_w165_seed2.txt,Set Cover,500,RelaxGrouping,1000,False,min,2,17.932,na,0.9458560943603516,417158,812914,998,True
set_cover_n500_m336_d0.15_b_w165_seed2.txt,Set Cover,500,RelaxGrouping,2000,False,min,2,38.5838,na,0.971083402633667,818236,1590636,1996,True
set_cover_n500_m336_d0.15_b_w165_seed2.txt,Set Cover,500,RelaxGrouping,5000,False,min,2,105.1235,na,5.73836350440979,2035689,3949260,4992,True
set_cover_n500_m336_d0.15_b_w165_seed2.txt,Set Cover,500,RelaxGrouping,10000,True,min,2,228.1177,11.7038,0.9214873313903809,580636,1141099,6986,True
set_cover_n500_m336_d0.15_b_w165_seed3.txt,Set Cover,500,RelaxGrouping,500,True,min,2,8.0543,0.3433,0.06307053565979004,45790,89694,305,True
set_cover_n500_m336_d0.15_b_w165_seed3.txt,Set Cover,500,RelaxGrouping,1000,True,min,2,17.1342,0.727,0.10333967208862305,71948,140929,566,True
set_cover_n500_m336_d0.15_b_w165_seed3.txt,Set Cover,500,RelaxGrouping,2000,True,min,2,36.6302,1.5774,0.18715214729309082,130759,254938,953,True
set_cover_n500_m336_d0.15_b_w165_seed2.txt,Set Cover,500,RelaxGrouping,10000,False,min,2,227.7516,na,13.645562648773193,4136206,8044893,9995,True
set_cover_n500_m336_d0.15_b_w165_seed3.txt,Set Cover,500,RelaxGrouping,5000,True,min,2,105.3804,5.0877,0.44632434844970703,285335,559149,3067,True
set_cover_n500_m336_d0.15_b_w165_seed3.txt,Set Cover,500,RelaxGrouping,500,False,min,2,8.1538,na,0.46008849143981934,202501,393665,499,True
set_cover_n500_m336_d0.15_b_w165_seed3.txt,Set Cover,500,RelaxGrouping,1000,False,min,2,17.1137,na,0.44474363327026367,404577,785267,996,True
set_cover_n500_m336_d0.15_b_w165_seed3.txt,Set Cover,500,RelaxGrouping,2000,False,min,2,37.2882,na,2.1441538333892822,788527,1533059,1997,True
set_cover_n500_m336_d0.15_b_w165_seed3.txt,Set Cover,500,RelaxGrouping,5000,False,min,2,105.3025,na,5.752929925918579,2083267,4033150,4997,True
set_cover_n500_m336_d0.15_b_w165_seed3.txt,Set Cover,500,RelaxGrouping,10000,True,min,2,221.0774,11.3437,0.9636642932891846,608078,1195818,5830,True
set_cover_n500_m336_d0.15_b_w165_seed4.txt,Set Cover,500,RelaxGrouping,500,True,min,2,8.2584,0.3624,0.06320071220397949,44981,87974,259,True
set_cover_n500_m336_d0.15_b_w165_seed4.txt,Set Cover,500,RelaxGrouping,1000,True,min,2,18.0794,0.7542,0.11807107925415039,85374,167083,612,True
set_cover_n500_m336_d0.15_b_w165_seed4.txt,Set Cover,500,RelaxGrouping,2000,True,min,2,40.0607,1.7063,0.23226380348205566,166581,325811,1389,True
set_cover_n500_m336_d0.15_b_w165_seed4.txt,Set Cover,500,RelaxGrouping,5000,True,min,2,108.4637,5.2438,0.5777132511138916,380220,743862,3936,True
set_cover_n500_m336_d0.15_b_w165_seed3.txt,Set Cover,500,RelaxGrouping,10000,False,min,2,221.0227,na,13.664088249206543,4082259,7894129,9997,True
set_cover_n500_m336_d0.15_b_w165_seed4.txt,Set Cover,500,RelaxGrouping,500,False,min,2,8.4456,na,0.4640517234802246,203992,397080,499,True
set_cover_n500_m336_d0.15_b_w165_seed4.txt,Set Cover,500,RelaxGrouping,1000,False,min,2,18.1025,na,0.4502246379852295,417473,811817,995,True
set_cover_n500_m336_d0.15_b_w165_seed4.txt,Set Cover,500,RelaxGrouping,2000,False,min,2,39.135,na,2.0787508487701416,836983,1622988,1994,True
set_cover_n500_m336_d0.15_b_w165_seed4.txt,Set Cover,500,RelaxGrouping,5000,False,min,2,111.2209,na,6.268068790435791,2085496,4043892,4993,True
set_cover_n500_m336_d0.15_b_w165_seed4.txt,Set Cover,500,RelaxGrouping,10000,True,min,2,233.8319,12.2415,0.9628949165344238,573464,1120663,4528,True
set_cover_n750_m586_d0.1_b_w165_seed1.txt,Set Cover,750,RelaxGrouping,500,True,min,1,21.3114,0.5286,0.062454938888549805,48087,92363,411,True
set_cover_n750_m586_d0.1_b_w165_seed1.txt,Set Cover,750,RelaxGrouping,1000,True,min,2,44.9347,1.1534,0.1958789825439453,147445,287822,684,True
set_cover_n750_m586_d0.1_b_w165_seed1.txt,Set Cover,750,RelaxGrouping,2000,True,min,2,93.311,2.559,0.3601381778717041,252461,491841,1376,True
set_cover_n500_m336_d0.15_b_w165_seed4.txt,Set Cover,500,RelaxGrouping,10000,False,min,2,238.7295,na,14.057499647140503,4190423,8109224,9987,True
set_cover_n750_m586_d0.1_b_w165_seed1.txt,Set Cover,750,RelaxGrouping,500,False,min,1,21.4599,na,0.6580836772918701,324590,636853,499,True
set_cover_n750_m586_d0.1_b_w165_seed1.txt,Set Cover,750,RelaxGrouping,1000,False,min,2,44.4226,na,1.4846060276031494,649502,1267174,998,True
set_cover_n750_m586_d0.1_b_w165_seed1.txt,Set Cover,750,RelaxGrouping,2000,False,min,2,92.6067,na,3.114316940307617,1286880,2511715,2000,True
set_cover_n750_m586_d0.1_b_w165_seed1.txt,Set Cover,750,RelaxGrouping,5000,True,min,2,247.6198,7.4627,0.7117807865142822,464132,902610,3119,True
set_cover_n750_m586_d0.1_b_w165_seed2.txt,Set Cover,750,RelaxGrouping,500,True,min,1,22.2645,0.5417,0.07538151741027832,61126,117180,472,True
set_cover_n750_m586_d0.1_b_w165_seed2.txt,Set Cover,750,RelaxGrouping,1000,True,min,2,45.9589,1.2231,0.21960043907165527,168571,327061,886,True
set_cover_n750_m586_d0.1_b_w165_seed1.txt,Set Cover,750,RelaxGrouping,5000,False,min,2,246.4423,na,9.097845315933228,3226927,6273352,4993,True
set_cover_n750_m586_d0.1_b_w165_seed2.txt,Set Cover,750,RelaxGrouping,2000,True,min,2,94.484,2.6307,0.34580111503601074,249021,482032,1413,True
set_cover_n750_m586_d0.1_b_w165_seed2.txt,Set Cover,750,RelaxGrouping,500,False,min,1,22.11,na,0.6708247661590576,333309,652237,499,True
set_cover_n750_m586_d0.1_b_w165_seed2.txt,Set Cover,750,RelaxGrouping,1000,False,min,2,46.3452,na,1.5197067260742188,661669,1293628,999,True
set_cover_n750_m586_d0.1_b_w165_seed2.txt,Set Cover,750,RelaxGrouping,5000,True,min,2,252.8061,7.4592,0.6024351119995117,387489,753658,2132,True
set_cover_n750_m586_d0.1_b_w165_seed2.txt,Set Cover,750,RelaxGrouping,2000,False,min,2,93.8484,na,1.5265684127807617,1291285,2519003,1999,True
set_cover_n750_m586_d0.1_b_w165_seed3.txt,Set Cover,750,RelaxGrouping,500,True,min,1,20.3197,0.5093,0.06016659736633301,48481,92474,396,True
set_cover_n750_m586_d0.1_b_w165_seed3.txt,Set Cover,750,RelaxGrouping,1000,True,min,2,45.4197,1.1982,0.1852433681488037,138750,270028,784,True
set_cover_n750_m586_d0.1_b_w165_seed2.txt,Set Cover,750,RelaxGrouping,5000,False,min,2,253.5402,na,8.851553678512573,3299368,6422149,5000,True
set_cover_n750_m586_d0.1_b_w165_seed3.txt,Set Cover,750,RelaxGrouping,2000,True,min,2,93.1963,2.6003,0.9369101524353027,238084,463539,1649,True
set_cover_n750_m586_d0.1_b_w165_seed3.txt,Set Cover,750,RelaxGrouping,500,False,min,1,20.5481,na,0.3083364963531494,308037,602204,500,True
set_cover_n750_m586_d0.1_b_w165_seed3.txt,Set Cover,750,RelaxGrouping,1000,False,min,2,45.8018,na,1.530360460281372,654198,1278630,1000,True
set_cover_n750_m586_d0.1_b_w165_seed3.txt,Set Cover,750,RelaxGrouping,5000,True,min,2,247.3694,7.4994,0.6925337314605713,464513,905813,3042,True
set_cover_n750_m586_d0.1_b_w165_seed3.txt,Set Cover,750,RelaxGrouping,2000,False,min,2,93.7023,na,3.1329891681671143,1294613,2527801,1998,True
set_cover_n750_m586_d0.1_b_w165_seed4.txt,Set Cover,750,RelaxGrouping,500,True,min,1,21.9264,0.5437,0.055394649505615234,41558,79226,388,True
set_cover_n750_m586_d0.1_b_w165_seed4.txt,Set Cover,750,RelaxGrouping,1000,True,min,2,46.3483,1.1896,0.1701509952545166,130569,253790,636,True
set_cover_n750_m586_d0.1_b_w165_seed3.txt,Set Cover,750,RelaxGrouping,5000,False,min,2,247.6471,na,8.83910870552063,3212106,6262290,4997,True
set_cover_n750_m586_d0.1_b_w165_seed4.txt,Set Cover,750,RelaxGrouping,2000,True,min,2,99.1976,2.7146,0.32123899459838867,228935,445304,1335,True
set_cover_n750_m586_d0.1_b_w165_seed4.txt,Set Cover,750,RelaxGrouping,500,False,min,1,21.5257,na,0.6549601554870605,324462,635254,500,True
set_cover_n750_m586_d0.1_b_w165_seed4.txt,Set Cover,750,RelaxGrouping,1000,False,min,2,46.3406,na,0.7471692562103271,664539,1298517,998,True
set_cover_n750_m586_d0.1_b_w165_seed4.txt,Set Cover,750,RelaxGrouping,5000,True,min,2,258.853,7.7393,1.9470570087432861,458603,894493,2475,True
set_cover_n750_m586_d0.1_b_w165_seed4.txt,Set Cover,750,RelaxGrouping,2000,False,min,2,99.6805,na,3.307976722717285,1355378,2638768,1998,True
set_cover_n1000_m836_d0.07_b_w165_seed1.txt,Set Cover,1000,RelaxGrouping,1000,True,min,1,83.8321,1.6508,0.20871472358703613,163241,313488,855,True
set_cover_n750_m586_d0.1_b_w165_seed4.txt,Set Cover,750,RelaxGrouping,5000,False,min,2,261.1697,na,9.138897895812988,3366620,6547779,4994,True
set_cover_n1000_m836_d0.07_b_w165_seed1.txt,Set Cover,1000,RelaxGrouping,2000,True,min,2,175.0569,3.6883,0.5309932231903076,383238,742803,1679,True
set_cover_n1000_m836_d0.07_b_w165_seed1.txt,Set Cover,1000,RelaxGrouping,1000,False,min,1,83.7565,na,2.074147939682007,891916,1747132,1000,True
set_cover_n1000_m836_d0.07_b_w165_seed1.txt,Set Cover,1000,RelaxGrouping,2000,False,min,2,175.4114,na,4.448150873184204,1811552,3536201,1999,True
set_cover_n1000_m836_d0.07_b_w165_seed2.txt,Set Cover,1000,RelaxGrouping,1000,True,min,1,83.4187,1.6299,0.2233295440673828,174707,334018,834,True
set_cover_n1000_m836_d0.07_b_w165_seed2.txt,Set Cover,1000,RelaxGrouping,2000,True,min,2,173.0692,3.6432,0.5299432277679443,384618,740998,1431,True
set_cover_n1000_m836_d0.07_b_w165_seed2.txt,Set Cover,1000,RelaxGrouping,1000,False,min,1,84.3806,na,2.026916742324829,900371,1762136,1000,True
set_cover_n1000_m836_d0.07_b_w165_seed2.txt,Set Cover,1000,RelaxGrouping,2000,False,min,2,172.8732,na,4.373991012573242,1798234,3513827,2000,True
set_cover_n1000_m836_d0.07_b_w165_seed3.txt,Set Cover,1000,RelaxGrouping,1000,True,min,1,83.7357,1.6506,0.2176222801208496,172865,332004,797,True
set_cover_n1000_m836_d0.07_b_w165_seed3.txt,Set Cover,1000,RelaxGrouping,2000,True,min,2,173.5507,3.6703,0.5143167972564697,369113,711832,1576,True
set_cover_n1000_m836_d0.07_b_w165_seed3.txt,Set Cover,1000,RelaxGrouping,1000,False,min,1,84.0559,na,1.0322291851043701,896931,1751869,1000,True
set_cover_n1000_m836_d0.07_b_w165_seed3.txt,Set Cover,1000,RelaxGrouping,2000,False,min,2,171.5962,na,4.318675756454468,1780442,3476373,1997,True
set_cover_n1000_m836_d0.07_b_w165_seed4.txt,Set Cover,1000,RelaxGrouping,1000,True,min,1,82.2828,1.5886,0.1601705551147461,124182,237176,749,True
set_cover_n1000_m836_d0.07_b_w165_seed4.txt,Set Cover,1000,RelaxGrouping,2000,True,min,2,171.9602,3.6456,0.4309558868408203,314599,607151,1393,True
set_cover_n1000_m836_d0.07_b_w165_seed4.txt,Set Cover,1000,RelaxGrouping,1000,False,min,1,81.8821,na,2.0171971321105957,883567,1729503,999,True
set_cover_n1000_m836_d0.07_b_w165_seed4.txt,Set Cover,1000,RelaxGrouping,2000,False,min,2,171.1406,na,4.192104339599609,1769559,3459567,1999,True
set_cover_n1250_m1086_d0.06_b_w165_seed1.txt,Set Cover,1250,RelaxGrouping,1000,True,min,1,133.5679,2.0662,0.19366717338562012,153918,288480,895,True
set_cover_n1250_m1086_d0.06_b_w165_seed1.txt,Set Cover,1250,RelaxGrouping,2000,True,min,2,278.242,4.6608,0.7342519760131836,548292,1059369,1656,True
set_cover_n1250_m1086_d0.06_b_w165_seed1.txt,Set Cover,1250,RelaxGrouping,1000,False,min,1,133.0138,na,1.3242223262786865,1124904,2205962,998,True
set_cover_n1250_m1086_d0.06_b_w165_seed1.txt,Set Cover,1250,RelaxGrouping,2000,False,min,2,276.5419,na,5.553574562072754,2280405,4462289,1997,True
set_cover_n1250_m1086_d0.06_b_w165_seed2.txt,Set Cover,1250,RelaxGrouping,1000,True,min,1,130.299,1.9981,0.17332720756530762,139460,257414,852,True
set_cover_n1250_m1086_d0.06_b_w165_seed2.txt,Set Cover,1250,RelaxGrouping,2000,True,min,2,273.0596,4.6737,0.7467780113220215,552987,1062406,1771,True
set_cover_n1250_m1086_d0.06_b_w165_seed2.txt,Set Cover,1250,RelaxGrouping,1000,False,min,1,130.8692,na,2.5877933502197266,1118715,2190042,1000,True
set_cover_n1250_m1086_d0.06_b_w165_seed2.txt,Set Cover,1250,RelaxGrouping,2000,False,min,2,276.5903,na,5.573413610458374,2263243,4416903,1999,True
set_cover_n1250_m1086_d0.06_b_w165_seed3.txt,Set Cover,1250,RelaxGrouping,1000,True,min,1,132.8039,2.0563,0.19277381896972656,149187,277863,848,True
set_cover_n1250_m1086_d0.06_b_w165_seed3.txt,Set Cover,1250,RelaxGrouping,2000,True,min,2,275.8353,4.5694,0.8200395107269287,605839,1170070,1775,True
set_cover_n1250_m1086_d0.06_b_w165_seed3.txt,Set Cover,1250,RelaxGrouping,1000,False,min,1,132.2224,na,2.6941123008728027,1129715,2205403,1000,True
set_cover_n1250_m1086_d0.06_b_w165_seed3.txt,Set Cover,1250,RelaxGrouping,2000,False,min,2,276.5206,na,5.5813727378845215,2267996,4426505,2000,True
set_cover_n1250_m1086_d0.06_b_w165_seed4.txt,Set Cover,1250,RelaxGrouping,1000,True,min,1,133.2331,2.0395,0.17658782005310059,135005,251304,770,True
set_cover_n1250_m1086_d0.06_b_w165_seed4.txt,Set Cover,1250,RelaxGrouping,2000,True,min,2,269.6747,4.5671,0.543837308883667,373052,716190,1509,True
set_cover_n1250_m1086_d0.06_b_w165_seed4.txt,Set Cover,1250,RelaxGrouping,1000,False,min,1,133.0644,na,2.658121109008789,1128733,2208943,1000,True
set_cover_n1250_m1086_d0.06_b_w165_seed4.txt,Set Cover,1250,RelaxGrouping,2000,False,min,2,270.9948,na,5.476835250854492,2237302,4375637,1998,True
set_cover_n1500_m1336_d0.05_b_w165_seed1.txt,Set Cover,1500,RelaxGrouping,1000,True,min,1,178.766,2.2572,0.5455870628356934,157195,290211,830,True
set_cover_n1500_m1336_d0.05_b_w165_seed1.txt,Set Cover,1500,RelaxGrouping,1000,False,min,1,176.7481,na,2.9464855194091797,1264138,2473089,1000,True
set_cover_n1500_m1336_d0.05_b_w165_seed2.txt,Set Cover,1500,RelaxGrouping,1000,True,min,1,177.7296,2.2828,0.19347620010375977,157984,286768,817,True
set_cover_n1500_m1336_d0.05_b_w165_seed2.txt,Set Cover,1500,RelaxGrouping,1000,False,min,1,179.6954,na,3.012662887573242,1260829,2466686,1000,True
set_cover_n1500_m1336_d0.05_b_w165_seed3.txt,Set Cover,1500,RelaxGrouping,1000,True,min,1,176.6911,2.2174,0.19870376586914062,147475,270106,845,True
set_cover_n1500_m1336_d0.05_b_w165_seed3.txt,Set Cover,1500,RelaxGrouping,1000,False,min,1,176.9372,na,2.9633593559265137,1250956,2443736,999,True
set_cover_n1500_m1336_d0.05_b_w165_seed4.txt,Set Cover,1500,RelaxGrouping,1000,True,min,1,177.4248,2.225,0.4983692169189453,154053,284219,825,True
set_cover_n1500_m1336_d0.05_b_w165_seed4.txt,Set Cover,1500,RelaxGrouping,1000,False,min,1,179.1589,na,2.9766883850097656,1264259,2476861,999,True
knapsack_n100m10o1b5_0.txt,SOC Knapsack,23,RelaxGrouping,500,True,max,1144,0.0484,0.0089,0.0017840862274169922,1968,3755,304,True
knapsack_n100m10o1b5_0.txt,SOC Knapsack,23,RelaxGrouping,1000,True,max,1134,0.0994,0.0156,0.002038717269897461,2358,4523,464,True
knapsack_n100m10o1b5_0.txt,SOC Knapsack,23,RelaxGrouping,2000,True,max,1175,0.1921,0.0354,0.0025930404663085938,2846,5483,619,True
knapsack_n100m10o1b5_0.txt,SOC Knapsack,23,RelaxGrouping,5000,True,max,1131,0.4561,0.0957,0.0036313533782958984,3922,7623,858,True
knapsack_n100m10o1b5_0.txt,SOC Knapsack,23,RelaxGrouping,10000,True,max,1115,1.0884,0.1659,0.005457639694213867,4919,9629,1130,True
knapsack_n100m10o1b5_0.txt,SOC Knapsack,23,RelaxGrouping,20000,True,max,1073,1.9665,0.3042,0.0067920684814453125,5655,11077,1254,True
knapsack_n100m10o1b5_0.txt,SOC Knapsack,23,RelaxGrouping,500,False,max,1144,0.0468,na,0.005656719207763672,6509,12468,500,True
knapsack_n100m10o1b5_0.txt,SOC Knapsack,23,RelaxGrouping,1000,False,max,1134,0.1004,na,0.011768341064453125,11909,22821,1000,True
knapsack_n100m10o1b5_0.txt,SOC Knapsack,23,RelaxGrouping,2000,False,max,1175,0.1767,na,0.02033710479736328,21608,41517,1998,True
knapsack_n100m10o1b5_0.txt,SOC Knapsack,23,RelaxGrouping,5000,False,max,1131,0.4759,na,0.05046820640563965,46489,88321,4989,True
knapsack_n100m10o1b5_0.txt,SOC Knapsack,23,RelaxGrouping,10000,False,max,1115,0.9831,na,0.10646653175354004,79859,150016,9986,True
knapsack_n100m10o1b5_0.txt,SOC Knapsack,23,RelaxGrouping,20000,False,max,1073,1.8957,na,0.37618184089660645,133908,245290,19964,True
knapsack_n100m10o1b5_1.txt,SOC Knapsack,17,RelaxGrouping,500,True,max,674,0.0222,0.004,0.0005159378051757812,684,1272,149,True
knapsack_n100m10o1b5_1.txt,SOC Knapsack,17,RelaxGrouping,1000,True,max,662,0.0308,0.0063,0.0005233287811279297,674,1242,135,True
knapsack_n100m10o1b5_1.txt,SOC Knapsack,17,RelaxGrouping,2000,True,max,638,0.0314,0.0077,0.0005486011505126953,634,1171,127,True
knapsack_n100m10o1b5_1.txt,SOC Knapsack,17,RelaxGrouping,5000,True,max,638,0.031,0.0074,0.0005373954772949219,634,1171,127,True
knapsack_n100m10o1b5_1.txt,SOC Knapsack,17,RelaxGrouping,10000,True,max,638,0.0303,0.0073,0.0005011558532714844,634,1171,127,True
knapsack_n100m10o1b5_1.txt,SOC Knapsack,17,RelaxGrouping,20000,True,max,638,0.031,0.0073,0.0005342960357666016,634,1171,127,True
knapsack_n100m10o1b5_1.txt,SOC Knapsack,17,RelaxGrouping,500,False,max,674,0.0238,na,0.002990245819091797,3572,6687,500,True
knapsack_n100m10o1b5_1.txt,SOC Knapsack,17,RelaxGrouping,1000,False,max,662,0.0306,na,0.004690885543823242,5422,9877,980,True
knapsack_n100m10o1b5_1.txt,SOC Knapsack,17,RelaxGrouping,2000,False,max,638,0.0295,na,0.0054433345794677734,6497,11234,1445,True
knapsack_n100m10o1b5_1.txt,SOC Knapsack,17,RelaxGrouping,5000,False,max,638,0.0314,na,0.005675792694091797,6497,11234,1445,True
knapsack_n100m10o1b5_1.txt,SOC Knapsack,17,RelaxGrouping,10000,False,max,638,0.0306,na,0.005615711212158203,6497,11234,1445,True
knapsack_n100m10o1b5_1.txt,SOC Knapsack,17,RelaxGrouping,20000,False,max,638,0.0305,na,0.0055048465728759766,6497,11234,1445,True
knapsack_n100m10o1b5_2.txt,SOC Knapsack,20,RelaxGrouping,500,True,max,886,0.038,0.0063,0.0011916160583496094,1442,2715,323,True
knapsack_n100m10o1b5_2.txt,SOC Knapsack,20,RelaxGrouping,1000,True,max,881,0.0667,0.0115,0.0015037059783935547,1841,3499,426,True
knapsack_n100m10o1b5_2.txt,SOC Knapsack,20,RelaxGrouping,2000,True,max,877,0.1276,0.0231,0.001954317092895508,2117,4017,475,True
knapsack_n100m10o1b5_2.txt,SOC Knapsack,20,RelaxGrouping,5000,True,max,828,0.2515,0.0449,0.0017390251159667969,2036,3897,384,True
knapsack_n100m10o1b5_2.txt,SOC Knapsack,20,RelaxGrouping,10000,True,max,805,0.2304,0.0492,0.007015228271484375,2268,4326,436,True
knapsack_n100m10o1b5_2.txt,SOC Knapsack,20,RelaxGrouping,20000,True,max,796,0.2252,0.0563,0.0016007423400878906,1953,3741,375,True
knapsack_n100m10o1b5_2.txt,SOC Knapsack,20,RelaxGrouping,500,False,max,886,0.0388,na,0.004889011383056641,5391,10161,500,True
knapsack_n100m10o1b5_2.txt,SOC Knapsack,20,RelaxGrouping,1000,False,max,881,0.0693,na,0.01657557487487793,9543,18078,999,True
knapsack_n100m10o1b5_2.txt,SOC Knapsack,20,RelaxGrouping,2000,False,max,877,0.1359,na,0.017293930053710938,16742,30926,1992,True
knapsack_n100m10o1b5_2.txt,SOC Knapsack,20,RelaxGrouping,5000,False,max,828,0.2392,na,0.0588994026184082,30299,53615,4987,True
knapsack_n100m10o1b5_2.txt,SOC Knapsack,20,RelaxGrouping,10000,False,max,805,0.2473,na,0.0739438533782959,42286,67435,9680,True
knapsack_n100m10o1b5_2.txt,SOC Knapsack,20,RelaxGrouping,20000,False,max,796,0.2405,na,0.0840444564819336,42763,67911,10152,True
knapsack_n100m10o1b5_3.txt,SOC Knapsack,25,RelaxGrouping,500,True,max,965,0.0617,0.0107,0.0022313594818115234,2462,4724,371,True
knapsack_n100m10o1b5_3.txt,SOC Knapsack,25,RelaxGrouping,1000,True,max,974,0.1196,0.0204,0.0026459693908691406,2992,5776,615,True
knapsack_n100m10o1b5_3.txt,SOC Knapsack,25,RelaxGrouping,2000,True,max,962,0.2337,0.0441,0.0033266544342041016,3651,7074,793,True
knapsack_n100m10o1b5_3.txt,SOC Knapsack,25,RelaxGrouping,5000,True,max,960,0.6764,0.0965,0.004522800445556641,5008,9744,1099,True
knapsack_n100m10o1b5_3.txt,SOC Knapsack,25,RelaxGrouping,10000,True,max,960,1.6196,0.2409,0.0073909759521484375,6593,12898,1454,True
knapsack_n100m10o1b5_3.txt,SOC Knapsack,25,RelaxGrouping,500,False,max,965,0.0609,na,0.007900238037109375,7838,15266,500,True
knapsack_n100m10o1b5_3.txt,SOC Knapsack,25,RelaxGrouping,20000,True,max,957,3.1094,0.4543,0.007740497589111328,8092,15884,1688,True
knapsack_n100m10o1b5_3.txt,SOC Knapsack,25,RelaxGrouping,1000,False,max,974,0.1176,na,0.014308691024780273,14566,28575,1000,True
knapsack_n100m10o1b5_3.txt,SOC Knapsack,25,RelaxGrouping,2000,False,max,962,0.2172,na,0.027512073516845703,26875,52812,2000,True
knapsack_n100m10o1b5_3.txt,SOC Knapsack,25,RelaxGrouping,5000,False,max,960,0.6402,na,0.15684866905212402,59982,117457,5000,True
knapsack_n100m10o1b5_3.txt,SOC Knapsack,25,RelaxGrouping,10000,False,max,960,1.6006,na,0.1432797908782959,107887,210980,9959,True
knapsack_n100m10o1b5_4.txt,SOC Knapsack,19,RelaxGrouping,500,True,max,774,0.0257,0.0048,0.0007445812225341797,917,1712,195,True
knapsack_n100m10o1b5_3.txt,SOC Knapsack,25,RelaxGrouping,20000,False,max,957,3.2006,na,0.2812082767486572,190278,369465,19871,True
knapsack_n100m10o1b5_4.txt,SOC Knapsack,19,RelaxGrouping,1000,True,max,750,0.0397,0.008,0.0009400844573974609,1049,1943,210,True
knapsack_n100m10o1b5_4.txt,SOC Knapsack,19,RelaxGrouping,2000,True,max,712,0.0411,0.0099,0.0008335113525390625,1074,1971,207,True
knapsack_n100m10o1b5_4.txt,SOC Knapsack,19,RelaxGrouping,5000,True,max,712,0.0425,0.0104,0.0008780956268310547,1074,1971,207,True
knapsack_n100m10o1b5_4.txt,SOC Knapsack,19,RelaxGrouping,10000,True,max,712,0.0421,0.0102,0.0008764266967773438,1074,1971,207,True
knapsack_n100m10o1b5_4.txt,SOC Knapsack,19,RelaxGrouping,20000,True,max,712,0.0422,0.0109,0.0009799003601074219,1074,1971,207,True
knapsack_n100m10o1b5_4.txt,SOC Knapsack,19,RelaxGrouping,500,False,max,774,0.0249,na,0.003654003143310547,4020,7500,499,True
knapsack_n100m10o1b5_4.txt,SOC Knapsack,19,RelaxGrouping,1000,False,max,750,0.0377,na,0.0055043697357177734,6419,11463,987,True
knapsack_n100m10o1b5_4.txt,SOC Knapsack,19,RelaxGrouping,2000,False,max,712,0.0409,na,0.00720667839050293,9171,15112,1732,True
knapsack_n100m10o1b5_4.txt,SOC Knapsack,19,RelaxGrouping,5000,False,max,712,0.042,na,0.0073893070220947266,9171,15112,1732,True
knapsack_n100m10o1b5_4.txt,SOC Knapsack,19,RelaxGrouping,10000,False,max,712,0.0413,na,0.00735020637512207,9171,15112,1732,True
knapsack_n100m10o1b5_4.txt,SOC Knapsack,19,RelaxGrouping,20000,False,max,712,0.042,na,0.007363080978393555,9171,15112,1732,True
knapsack_n100m10o3b5_0.txt,SOC Knapsack,23,RelaxGrouping,500,True,max,1194,0.0477,0.0088,0.001783132553100586,1976,3719,351,True
knapsack_n100m10o3b5_0.txt,SOC Knapsack,23,RelaxGrouping,1000,True,max,1194,0.0904,0.0143,0.0018825531005859375,2399,4571,523,True
knapsack_n100m10o3b5_0.txt,SOC Knapsack,23,RelaxGrouping,2000,True,max,1160,0.167,0.0314,0.0025496482849121094,2787,5343,750,True
knapsack_n100m10o3b5_0.txt,SOC Knapsack,23,RelaxGrouping,5000,True,max,1131,0.4981,0.0851,0.002716064453125,3136,6039,771,True
knapsack_n100m10o3b5_0.txt,SOC Knapsack,23,RelaxGrouping,10000,True,max,1115,1.0299,0.1582,0.0031676292419433594,3045,5986,629,True
knapsack_n100m10o3b5_0.txt,SOC Knapsack,23,RelaxGrouping,500,False,max,1194,0.0489,na,0.00632166862487793,6473,12394,500,True
knapsack_n100m10o3b5_0.txt,SOC Knapsack,23,RelaxGrouping,20000,True,max,1099,1.9042,0.297,0.004102230072021484,4068,8003,787,True
knapsack_n100m10o3b5_0.txt,SOC Knapsack,23,RelaxGrouping,1000,False,max,1194,0.0933,na,0.010399341583251953,11786,22725,999,True
knapsack_n100m10o3b5_0.txt,SOC Knapsack,23,RelaxGrouping,2000,False,max,1160,0.1888,na,0.019588947296142578,21290,40914,2000,True
knapsack_n100m10o3b5_0.txt,SOC Knapsack,23,RelaxGrouping,5000,False,max,1131,0.4642,na,0.0473780632019043,44727,84815,4993,True
knapsack_n100m10o3b5_0.txt,SOC Knapsack,23,RelaxGrouping,10000,False,max,1115,0.9499,na,0.10178160667419434,76255,141676,9947,True
knapsack_n100m10o3b5_1.txt,SOC Knapsack,17,RelaxGrouping,500,True,max,665,0.0188,0.0038,0.0004248619079589844,553,1029,107,True
knapsack_n100m10o3b5_0.txt,SOC Knapsack,23,RelaxGrouping,20000,False,max,1099,1.8849,na,0.30942559242248535,124419,227160,19941,True
knapsack_n100m10o3b5_1.txt,SOC Knapsack,17,RelaxGrouping,1000,True,max,641,0.0243,0.0056,0.0005199909210205078,610,1111,111,True
knapsack_n100m10o3b5_1.txt,SOC Knapsack,17,RelaxGrouping,2000,True,max,641,0.0233,0.0056,0.00044846534729003906,566,1038,103,True
knapsack_n100m10o3b5_1.txt,SOC Knapsack,17,RelaxGrouping,5000,True,max,641,0.0237,0.0057,0.0004761219024658203,566,1038,103,True
knapsack_n100m10o3b5_1.txt,SOC Knapsack,17,RelaxGrouping,10000,True,max,641,0.0231,0.0055,0.00047087669372558594,566,1038,103,True
knapsack_n100m10o3b5_1.txt,SOC Knapsack,17,RelaxGrouping,20000,True,max,641,0.023,0.0056,0.0004584789276123047,566,1038,103,True
knapsack_n100m10o3b5_1.txt,SOC Knapsack,17,RelaxGrouping,500,False,max,665,0.0185,na,0.003078937530517578,3330,6088,492,True
knapsack_n100m10o3b5_1.txt,SOC Knapsack,17,RelaxGrouping,1000,False,max,641,0.0249,na,0.004405975341796875,4949,8510,990,True
knapsack_n100m10o3b5_1.txt,SOC Knapsack,17,RelaxGrouping,2000,False,max,641,0.0236,na,0.004349708557128906,5091,8652,1060,True
knapsack_n100m10o3b5_1.txt,SOC Knapsack,17,RelaxGrouping,5000,False,max,641,0.0233,na,0.004303455352783203,5091,8652,1060,True
knapsack_n100m10o3b5_1.txt,SOC Knapsack,17,RelaxGrouping,10000,False,max,641,0.0225,na,0.0042057037353515625,5091,8652,1060,True
knapsack_n100m10o3b5_1.txt,SOC Knapsack,17,RelaxGrouping,20000,False,max,641,0.023,na,0.0042972564697265625,5091,8652,1060,True
knapsack_n100m10o3b5_2.txt,SOC Knapsack,20,RelaxGrouping,500,True,max,897,0.0376,0.0068,0.0013208389282226562,1429,2678,326,True
knapsack_n100m10o3b5_2.txt,SOC Knapsack,20,RelaxGrouping,1000,True,max,930,0.0656,0.0124,0.0012786388397216797,1550,2914,403,True
knapsack_n100m10o3b5_2.txt,SOC Knapsack,20,RelaxGrouping,2000,True,max,898,0.1248,0.0231,0.0010600090026855469,1221,2346,232,True
knapsack_n100m10o3b5_2.txt,SOC Knapsack,20,RelaxGrouping,5000,True,max,865,0.2041,0.0364,0.0015850067138671875,1873,3545,346,True
knapsack_n100m10o3b5_2.txt,SOC Knapsack,20,RelaxGrouping,10000,True,max,808,0.2086,0.0478,0.0015270709991455078,1723,3276,321,True
knapsack_n100m10o3b5_2.txt,SOC Knapsack,20,RelaxGrouping,20000,True,max,808,0.2063,0.0451,0.0014808177947998047,1723,3276,321,True
knapsack_n100m10o3b5_2.txt,SOC Knapsack,20,RelaxGrouping,500,False,max,897,0.0361,na,0.004669189453125,5255,9858,500,True
knapsack_n100m10o3b5_2.txt,SOC Knapsack,20,RelaxGrouping,1000,False,max,930,0.061,na,0.015195846557617188,9273,17421,999,True
knapsack_n100m10o3b5_2.txt,SOC Knapsack,20,RelaxGrouping,2000,False,max,898,0.1071,na,0.013467073440551758,15996,28783,2000,True
knapsack_n100m10o3b5_2.txt,SOC Knapsack,20,RelaxGrouping,5000,False,max,865,0.1977,na,0.029970407485961914,27466,47581,4992,True
knapsack_n100m10o3b5_2.txt,SOC Knapsack,20,RelaxGrouping,10000,False,max,808,0.1993,na,0.03144335746765137,35669,55856,8437,True
knapsack_n100m10o3b5_2.txt,SOC Knapsack,20,RelaxGrouping,20000,False,max,808,0.1959,na,0.03209733963012695,35669,55856,8437,True
knapsack_n100m10o3b5_3.txt,SOC Knapsack,25,RelaxGrouping,500,True,max,988,0.0598,0.0099,0.002086162567138672,2500,4755,390,True
knapsack_n100m10o3b5_3.txt,SOC Knapsack,25,RelaxGrouping,1000,True,max,982,0.1146,0.0184,0.0024662017822265625,2829,5428,584,True
knapsack_n100m10o3b5_3.txt,SOC Knapsack,25,RelaxGrouping,2000,True,max,1000,0.237,0.0394,0.0036025047302246094,3620,7036,888,True
knapsack_n100m10o3b5_3.txt,SOC Knapsack,25,RelaxGrouping,5000,True,max,982,0.6105,0.1017,0.004645109176635742,5049,9881,1274,True
knapsack_n100m10o3b5_3.txt,SOC Knapsack,25,RelaxGrouping,10000,True,max,962,1.6417,0.2339,0.006209850311279297,5846,11473,1425,True
knapsack_n100m10o3b5_3.txt,SOC Knapsack,25,RelaxGrouping,500,False,max,988,0.0592,na,0.006949901580810547,7802,15120,500,True
knapsack_n100m10o3b5_3.txt,SOC Knapsack,25,RelaxGrouping,1000,False,max,982,0.1232,na,0.015233516693115234,14510,28416,1000,True
knapsack_n100m10o3b5_3.txt,SOC Knapsack,25,RelaxGrouping,20000,True,max,956,3.2941,0.4928,0.007492780685424805,6863,13554,1521,True
knapsack_n100m10o3b5_3.txt,SOC Knapsack,25,RelaxGrouping,2000,False,max,1000,0.2275,na,0.028522014617919922,26766,52562,2000,True
knapsack_n100m10o3b5_3.txt,SOC Knapsack,25,RelaxGrouping,5000,False,max,982,0.6101,na,0.12862539291381836,59637,116790,4990,True
knapsack_n100m10o3b5_3.txt,SOC Knapsack,25,RelaxGrouping,10000,False,max,962,1.5415,na,0.13635873794555664,107868,209124,9979,True
knapsack_n100m10o3b5_4.txt,SOC Knapsack,19,RelaxGrouping,500,True,max,754,0.0235,0.0042,0.0005156993865966797,657,1228,122,True
knapsack_n100m10o3b5_4.txt,SOC Knapsack,19,RelaxGrouping,1000,True,max,726,0.0351,0.0064,0.0006654262542724609,817,1538,153,True
knapsack_n100m10o3b5_3.txt,SOC Knapsack,25,RelaxGrouping,20000,False,max,956,3.1916,na,0.5679774284362793,189443,361507,19902,True
knapsack_n100m10o3b5_4.txt,SOC Knapsack,19,RelaxGrouping,2000,True,max,704,0.0382,0.0084,0.0007622241973876953,860,1598,157,True
knapsack_n100m10o3b5_4.txt,SOC Knapsack,19,RelaxGrouping,5000,True,max,693,0.0385,0.0091,0.000797271728515625,1016,1855,193,True
knapsack_n100m10o3b5_4.txt,SOC Knapsack,19,RelaxGrouping,10000,True,max,693,0.0375,0.009,0.0008087158203125,1016,1855,193,True
knapsack_n100m10o3b5_4.txt,SOC Knapsack,19,RelaxGrouping,20000,True,max,693,0.0374,0.0091,0.0007910728454589844,1016,1855,193,True
knapsack_n100m10o3b5_4.txt,SOC Knapsack,19,RelaxGrouping,500,False,max,754,0.0229,na,0.0028028488159179688,3524,6409,500,True
knapsack_n100m10o3b5_4.txt,SOC Knapsack,19,RelaxGrouping,1000,False,max,726,0.034,na,0.004857301712036133,5528,9849,987,True
knapsack_n100m10o3b5_4.txt,SOC Knapsack,19,RelaxGrouping,2000,False,max,704,0.0374,na,0.005953311920166016,7581,12169,1989,True
knapsack_n100m10o3b5_4.txt,SOC Knapsack,19,RelaxGrouping,5000,False,max,693,0.0375,na,0.0066375732421875,8569,13623,2430,True
knapsack_n100m10o3b5_4.txt,SOC Knapsack,19,RelaxGrouping,10000,False,max,693,0.0378,na,0.006519317626953125,8569,13623,2430,True
knapsack_n100m10o3b5_4.txt,SOC Knapsack,19,RelaxGrouping,20000,False,max,693,0.0364,na,0.006533145904541016,8569,13623,2430,True
knapsack_n100m10o5b5_0.txt,SOC Knapsack,23,RelaxGrouping,500,True,max,1194,0.0443,0.0077,0.00151824951171875,1909,3547,355,True
knapsack_n100m10o5b5_0.txt,SOC Knapsack,23,RelaxGrouping,1000,True,max,1185,0.0945,0.0164,0.0019519329071044922,2060,3886,426,True
knapsack_n100m10o5b5_0.txt,SOC Knapsack,23,RelaxGrouping,2000,True,max,1175,0.1512,0.0277,0.002007007598876953,2292,4310,546,True
knapsack_n100m10o5b5_0.txt,SOC Knapsack,23,RelaxGrouping,5000,True,max,1115,0.3861,0.0656,0.0023643970489501953,2435,4791,483,True
knapsack_n100m10o5b5_0.txt,SOC Knapsack,23,RelaxGrouping,10000,True,max,1115,0.8274,0.1316,0.0025599002838134766,2968,5795,560,True
knapsack_n100m10o5b5_0.txt,SOC Knapsack,23,RelaxGrouping,500,False,max,1194,0.0441,na,0.005387306213378906,6312,12007,500,True
knapsack_n100m10o5b5_0.txt,SOC Knapsack,23,RelaxGrouping,20000,True,max,1099,1.5175,0.2043,0.003842592239379883,4555,8849,820,True
knapsack_n100m10o5b5_0.txt,SOC Knapsack,23,RelaxGrouping,1000,False,max,1185,0.0839,na,0.009375810623168945,11525,21870,1000,True
knapsack_n100m10o5b5_0.txt,SOC Knapsack,23,RelaxGrouping,2000,False,max,1175,0.1518,na,0.032874107360839844,20409,38675,1997,True
knapsack_n100m10o5b5_0.txt,SOC Knapsack,23,RelaxGrouping,5000,False,max,1115,0.3272,na,0.07959556579589844,42145,78931,4981,True
knapsack_n100m10o5b5_0.txt,SOC Knapsack,23,RelaxGrouping,10000,False,max,1115,0.8403,na,0.17085051536560059,69737,128238,9969,True
knapsack_n100m10o5b5_0.txt,SOC Knapsack,23,RelaxGrouping,20000,False,max,1099,1.4444,na,0.13932418823242188,114214,200316,19993,True
knapsack_n100m10o5b5_1.txt,SOC Knapsack,17,RelaxGrouping,500,True,max,644,0.0164,0.0033,0.00042366981506347656,554,1002,105,True
knapsack_n100m10o5b5_1.txt,SOC Knapsack,17,RelaxGrouping,1000,True,max,644,0.0163,0.004,0.0003998279571533203,510,922,92,True
knapsack_n100m10o5b5_1.txt,SOC Knapsack,17,RelaxGrouping,2000,True,max,644,0.0162,0.0038,0.000396728515625,510,922,92,True
knapsack_n100m10o5b5_1.txt,SOC Knapsack,17,RelaxGrouping,5000,True,max,644,0.0164,0.0039,0.0003936290740966797,510,922,92,True
knapsack_n100m10o5b5_1.txt,SOC Knapsack,17,RelaxGrouping,10000,True,max,644,0.0166,0.0039,0.00040912628173828125,510,922,92,True
knapsack_n100m10o5b5_1.txt,SOC Knapsack,17,RelaxGrouping,20000,True,max,644,0.0164,0.004,0.0003943443298339844,510,922,92,True
knapsack_n100m10o5b5_1.txt,SOC Knapsack,17,RelaxGrouping,500,False,max,644,0.0169,na,0.0022978782653808594,3014,5426,499,True
knapsack_n100m10o5b5_1.txt,SOC Knapsack,17,RelaxGrouping,1000,False,max,644,0.0162,na,0.003130674362182617,3701,6312,742,True
knapsack_n100m10o5b5_1.txt,SOC Knapsack,17,RelaxGrouping,2000,False,max,644,0.0166,na,0.0031681060791015625,3701,6312,742,True
knapsack_n100m10o5b5_1.txt,SOC Knapsack,17,RelaxGrouping,5000,False,max,644,0.0165,na,0.0032122135162353516,3701,6312,742,True
knapsack_n100m10o5b5_1.txt,SOC Knapsack,17,RelaxGrouping,10000,False,max,644,0.0166,na,0.0032165050506591797,3701,6312,742,True
knapsack_n100m10o5b5_1.txt,SOC Knapsack,17,RelaxGrouping,20000,False,max,644,0.0154,na,0.002979755401611328,3701,6312,742,True
knapsack_n100m10o5b5_2.txt,SOC Knapsack,20,RelaxGrouping,500,True,max,897,0.0342,0.0057,0.0010991096496582031,1430,2635,304,True
knapsack_n100m10o5b5_2.txt,SOC Knapsack,20,RelaxGrouping,1000,True,max,898,0.0581,0.0112,0.0011029243469238281,1333,2496,296,True
knapsack_n100m10o5b5_2.txt,SOC Knapsack,20,RelaxGrouping,2000,True,max,877,0.1094,0.0186,0.0011022090911865234,1340,2567,220,True
knapsack_n100m10o5b5_2.txt,SOC Knapsack,20,RelaxGrouping,5000,True,max,865,0.1991,0.0363,0.0012354850769042969,1451,2791,254,True
knapsack_n100m10o5b5_2.txt,SOC Knapsack,20,RelaxGrouping,10000,True,max,830,0.2116,0.0447,0.0015411376953125,1832,3481,315,True
knapsack_n100m10o5b5_2.txt,SOC Knapsack,20,RelaxGrouping,20000,True,max,818,0.1998,0.0517,0.0014317035675048828,1692,3225,298,True
knapsack_n100m10o5b5_2.txt,SOC Knapsack,20,RelaxGrouping,500,False,max,897,0.0352,na,0.004525423049926758,5108,9498,500,True
knapsack_n100m10o5b5_2.txt,SOC Knapsack,20,RelaxGrouping,1000,False,max,898,0.0588,na,0.008073091506958008,8937,16663,1000,True
knapsack_n100m10o5b5_2.txt,SOC Knapsack,20,RelaxGrouping,2000,False,max,877,0.106,na,0.012434244155883789,14716,26962,1989,True
knapsack_n100m10o5b5_2.txt,SOC Knapsack,20,RelaxGrouping,5000,False,max,865,0.2063,na,0.024770498275756836,25583,44777,4979,True
knapsack_n100m10o5b5_2.txt,SOC Knapsack,20,RelaxGrouping,10000,False,max,830,0.2274,na,0.03590059280395508,34353,55393,9885,True
knapsack_n100m10o5b5_2.txt,SOC Knapsack,20,RelaxGrouping,20000,False,max,818,0.2251,na,0.034119606018066406,39217,60239,12325,True
knapsack_n100m10o5b5_3.txt,SOC Knapsack,25,RelaxGrouping,500,True,max,988,0.0563,0.0101,0.001970529556274414,2311,4384,375,True
knapsack_n100m10o5b5_3.txt,SOC Knapsack,25,RelaxGrouping,1000,True,max,979,0.1077,0.0173,0.002103567123413086,2644,5056,567,True
knapsack_n100m10o5b5_3.txt,SOC Knapsack,25,RelaxGrouping,2000,True,max,977,0.2078,0.0361,0.0025115013122558594,3102,5967,771,True
knapsack_n100m10o5b5_3.txt,SOC Knapsack,25,RelaxGrouping,5000,True,max,971,0.6003,0.099,0.0037276744842529297,4095,7985,1044,True
knapsack_n100m10o5b5_3.txt,SOC Knapsack,25,RelaxGrouping,10000,True,max,963,1.4412,0.234,0.0044062137603759766,4138,8135,908,True
knapsack_n100m10o5b5_3.txt,SOC Knapsack,25,RelaxGrouping,500,False,max,988,0.0598,na,0.007108211517333984,7654,14995,500,True
knapsack_n100m10o5b5_3.txt,SOC Knapsack,25,RelaxGrouping,20000,True,max,931,2.9074,0.4238,0.0047168731689453125,4769,9439,1021,True
knapsack_n100m10o5b5_3.txt,SOC Knapsack,25,RelaxGrouping,1000,False,max,979,0.1155,na,0.014319896697998047,14102,27860,1000,True
knapsack_n100m10o5b5_3.txt,SOC Knapsack,25,RelaxGrouping,2000,False,max,977,0.2141,na,0.023375511169433594,26131,51648,1999,True
knapsack_n100m10o5b5_3.txt,SOC Knapsack,25,RelaxGrouping,5000,False,max,971,0.5963,na,0.06158876419067383,57136,113242,4994,True
knapsack_n100m10o5b5_3.txt,SOC Knapsack,25,RelaxGrouping,10000,False,max,963,1.3179,na,0.26407432556152344,103488,202075,9987,True
knapsack_n100m10o5b5_4.txt,SOC Knapsack,19,RelaxGrouping,500,True,max,726,0.0206,0.0038,0.0004773139953613281,614,1145,117,True
knapsack_n100m10o5b5_4.txt,SOC Knapsack,19,RelaxGrouping,1000,True,max,707,0.0281,0.0055,0.0006299018859863281,774,1424,147,True
knapsack_n100m10o5b5_3.txt,SOC Knapsack,25,RelaxGrouping,20000,False,max,931,2.9178,na,0.26643824577331543,177727,340640,19989,True
knapsack_n100m10o5b5_4.txt,SOC Knapsack,19,RelaxGrouping,2000,True,max,689,0.027,0.0064,0.0006690025329589844,863,1571,160,True
knapsack_n100m10o5b5_4.txt,SOC Knapsack,19,RelaxGrouping,5000,True,max,689,0.0279,0.0068,0.0007102489471435547,863,1571,160,True
knapsack_n100m10o5b5_4.txt,SOC Knapsack,19,RelaxGrouping,10000,True,max,689,0.0288,0.0069,0.0007221698760986328,863,1571,160,True
knapsack_n100m10o5b5_4.txt,SOC Knapsack,19,RelaxGrouping,20000,True,max,689,0.0264,0.0063,0.0006608963012695312,863,1571,160,True
knapsack_n100m10o5b5_4.txt,SOC Knapsack,19,RelaxGrouping,500,False,max,726,0.0198,na,0.0025026798248291016,3329,5971,497,True
knapsack_n100m10o5b5_4.txt,SOC Knapsack,19,RelaxGrouping,1000,False,max,707,0.0283,na,0.0038521289825439453,4957,8475,999,True
knapsack_n100m10o5b5_4.txt,SOC Knapsack,19,RelaxGrouping,2000,False,max,689,0.0272,na,0.00523829460144043,6376,10162,1726,True
knapsack_n100m10o5b5_4.txt,SOC Knapsack,19,RelaxGrouping,5000,False,max,689,0.0275,na,0.0051152706146240234,6376,10162,1726,True
knapsack_n100m10o5b5_4.txt,SOC Knapsack,19,RelaxGrouping,10000,False,max,689,0.0279,na,0.005138874053955078,6376,10162,1726,True
knapsack_n100m10o5b5_4.txt,SOC Knapsack,19,RelaxGrouping,20000,False,max,689,0.028,na,0.005287647247314453,6376,10162,1726,True
knapsack_n100m20o1b5_0.txt,SOC Knapsack,18,RelaxGrouping,500,True,max,810,0.0256,0.0049,0.000774383544921875,936,1727,198,True
knapsack_n100m20o1b5_0.txt,SOC Knapsack,18,RelaxGrouping,1000,True,max,752,0.0346,0.0073,0.0008127689361572266,974,1805,196,True
knapsack_n100m20o1b5_0.txt,SOC Knapsack,18,RelaxGrouping,2000,True,max,728,0.0359,0.0095,0.0008547306060791016,1007,1844,199,True
knapsack_n100m20o1b5_0.txt,SOC Knapsack,18,RelaxGrouping,5000,True,max,728,0.0348,0.0085,0.0007572174072265625,1007,1844,199,True
knapsack_n100m20o1b5_0.txt,SOC Knapsack,18,RelaxGrouping,10000,True,max,728,0.0363,0.009,0.0007977485656738281,1007,1844,199,True
knapsack_n100m20o1b5_0.txt,SOC Knapsack,18,RelaxGrouping,20000,True,max,728,0.0367,0.0092,0.0008134841918945312,1007,1844,199,True
knapsack_n100m20o1b5_0.txt,SOC Knapsack,18,RelaxGrouping,500,False,max,810,0.0254,na,0.0035157203674316406,4051,7524,499,True
knapsack_n100m20o1b5_0.txt,SOC Knapsack,18,RelaxGrouping,1000,False,max,752,0.0354,na,0.005265235900878906,6399,11307,994,True
knapsack_n100m20o1b5_0.txt,SOC Knapsack,18,RelaxGrouping,2000,False,max,728,0.0372,na,0.006647348403930664,8217,13752,1465,True
knapsack_n100m20o1b5_0.txt,SOC Knapsack,18,RelaxGrouping,5000,False,max,728,0.0363,na,0.006560087203979492,8217,13752,1465,True
knapsack_n100m20o1b5_0.txt,SOC Knapsack,18,RelaxGrouping,10000,False,max,728,0.0359,na,0.006497621536254883,8217,13752,1465,True
knapsack_n100m20o1b5_0.txt,SOC Knapsack,18,RelaxGrouping,20000,False,max,728,0.0359,na,0.0064694881439208984,8217,13752,1465,True
knapsack_n100m20o1b5_1.txt,SOC Knapsack,24,RelaxGrouping,500,True,max,731,0.0528,0.0096,0.002073526382446289,2357,4533,359,True
knapsack_n100m20o1b5_1.txt,SOC Knapsack,24,RelaxGrouping,1000,True,max,736,0.11,0.018,0.002640962600708008,2996,5795,618,True
knapsack_n100m20o1b5_1.txt,SOC Knapsack,24,RelaxGrouping,2000,True,max,727,0.2031,0.0377,0.003039121627807617,3693,7185,777,True
knapsack_n100m20o1b5_1.txt,SOC Knapsack,24,RelaxGrouping,5000,True,max,731,0.5113,0.094,0.004324674606323242,4793,9353,984,True
knapsack_n100m20o1b5_1.txt,SOC Knapsack,24,RelaxGrouping,10000,True,max,724,1.2373,0.2095,0.007238864898681641,6147,11999,1323,True
knapsack_n100m20o1b5_1.txt,SOC Knapsack,24,RelaxGrouping,500,False,max,731,0.0538,na,0.006694316864013672,7219,13999,499,True
knapsack_n100m20o1b5_1.txt,SOC Knapsack,24,RelaxGrouping,20000,True,max,724,2.4766,0.4006,0.018767833709716797,7491,14712,1600,True
knapsack_n100m20o1b5_1.txt,SOC Knapsack,24,RelaxGrouping,1000,False,max,736,0.1032,na,0.013896703720092773,13471,26336,1000,True
knapsack_n100m20o1b5_1.txt,SOC Knapsack,24,RelaxGrouping,2000,False,max,727,0.192,na,0.021715402603149414,24768,48585,2000,True
knapsack_n100m20o1b5_1.txt,SOC Knapsack,24,RelaxGrouping,5000,False,max,731,0.5927,na,0.06210470199584961,54441,106519,4995,True
knapsack_n100m20o1b5_1.txt,SOC Knapsack,24,RelaxGrouping,10000,False,max,724,1.2604,na,0.13164186477661133,97254,189694,9991,True
knapsack_n100m20o1b5_2.txt,SOC Knapsack,16,RelaxGrouping,500,True,max,626,0.0193,0.0034,0.00041604042053222656,559,1043,115,True
knapsack_n100m20o1b5_2.txt,SOC Knapsack,16,RelaxGrouping,1000,True,max,571,0.0205,0.0045,0.0004134178161621094,577,1074,114,True
knapsack_n100m20o1b5_1.txt,SOC Knapsack,24,RelaxGrouping,20000,False,max,724,2.3644,na,0.4786853790283203,168537,327254,19939,True
knapsack_n100m20o1b5_2.txt,SOC Knapsack,16,RelaxGrouping,2000,True,max,571,0.0198,0.0047,0.0004246234893798828,513,956,101,True
knapsack_n100m20o1b5_2.txt,SOC Knapsack,16,RelaxGrouping,5000,True,max,571,0.0198,0.0046,0.0003943443298339844,513,956,101,True
knapsack_n100m20o1b5_2.txt,SOC Knapsack,16,RelaxGrouping,10000,True,max,571,0.0199,0.0047,0.000469207763671875,513,956,101,True
knapsack_n100m20o1b5_2.txt,SOC Knapsack,16,RelaxGrouping,20000,True,max,571,0.0192,0.0045,0.00037550926208496094,513,956,101,True
knapsack_n100m20o1b5_2.txt,SOC Knapsack,16,RelaxGrouping,500,False,max,626,0.0192,na,0.002817869186401367,2981,5736,500,True
knapsack_n100m20o1b5_2.txt,SOC Knapsack,16,RelaxGrouping,1000,False,max,571,0.0214,na,0.0035452842712402344,4153,7774,956,True
knapsack_n100m20o1b5_2.txt,SOC Knapsack,16,RelaxGrouping,2000,False,max,571,0.0191,na,0.0031731128692626953,4198,7818,1001,True
knapsack_n100m20o1b5_2.txt,SOC Knapsack,16,RelaxGrouping,5000,False,max,571,0.0197,na,0.003308534622192383,4198,7818,1001,True
knapsack_n100m20o1b5_2.txt,SOC Knapsack,16,RelaxGrouping,10000,False,max,571,0.0197,na,0.0032520294189453125,4198,7818,1001,True
knapsack_n100m20o1b5_2.txt,SOC Knapsack,16,RelaxGrouping,20000,False,max,571,0.0202,na,0.0031290054321289062,4198,7818,1001,True
knapsack_n100m20o1b5_3.txt,SOC Knapsack,19,RelaxGrouping,500,True,max,816,0.0268,0.0051,0.00074005126953125,929,1718,176,True
knapsack_n100m20o1b5_3.txt,SOC Knapsack,19,RelaxGrouping,1000,True,max,816,0.0444,0.0087,0.0008103847503662109,1044,1961,200,True
knapsack_n100m20o1b5_3.txt,SOC Knapsack,19,RelaxGrouping,2000,True,max,800,0.0751,0.0157,0.0010182857513427734,1241,2315,234,True
knapsack_n100m20o1b5_3.txt,SOC Knapsack,19,RelaxGrouping,5000,True,max,767,0.072,0.0159,0.0010204315185546875,1236,2299,234,True
knapsack_n100m20o1b5_3.txt,SOC Knapsack,19,RelaxGrouping,10000,True,max,767,0.0675,0.0146,0.0010073184967041016,1236,2299,234,True
knapsack_n100m20o1b5_3.txt,SOC Knapsack,19,RelaxGrouping,20000,True,max,767,0.0661,0.0145,0.0009808540344238281,1236,2299,234,True
knapsack_n100m20o1b5_3.txt,SOC Knapsack,19,RelaxGrouping,500,False,max,816,0.0275,na,0.0038547515869140625,4515,8430,498,True
knapsack_n100m20o1b5_3.txt,SOC Knapsack,19,RelaxGrouping,1000,False,max,816,0.0435,na,0.0061299800872802734,7563,13855,998,True
knapsack_n100m20o1b5_3.txt,SOC Knapsack,19,RelaxGrouping,2000,False,max,800,0.0739,na,0.009924173355102539,12122,20838,1983,True
knapsack_n100m20o1b5_3.txt,SOC Knapsack,19,RelaxGrouping,5000,False,max,767,0.0683,na,0.012101888656616211,13520,22415,2361,True
knapsack_n100m20o1b5_3.txt,SOC Knapsack,19,RelaxGrouping,10000,False,max,767,0.0692,na,0.01106882095336914,13520,22415,2361,True
knapsack_n100m20o1b5_3.txt,SOC Knapsack,19,RelaxGrouping,20000,False,max,767,0.0709,na,0.011797189712524414,13520,22415,2361,True
knapsack_n100m20o1b5_4.txt,SOC Knapsack,22,RelaxGrouping,500,True,max,871,0.0423,0.0073,0.0012280941009521484,1510,2877,286,True
knapsack_n100m20o1b5_4.txt,SOC Knapsack,22,RelaxGrouping,1000,True,max,874,0.0826,0.0139,0.0015540122985839844,1890,3624,408,True
knapsack_n100m20o1b5_4.txt,SOC Knapsack,22,RelaxGrouping,2000,True,max,870,0.1446,0.0288,0.0019383430480957031,2215,4225,471,True
knapsack_n100m20o1b5_4.txt,SOC Knapsack,22,RelaxGrouping,5000,True,max,835,0.3694,0.0672,0.002060413360595703,2404,4614,498,True
knapsack_n100m20o1b5_4.txt,SOC Knapsack,22,RelaxGrouping,10000,True,max,830,0.8103,0.1369,0.0028247833251953125,2960,5678,611,True
knapsack_n100m20o1b5_4.txt,SOC Knapsack,22,RelaxGrouping,20000,True,max,802,1.1077,0.1817,0.0030236244201660156,3631,6951,706,True
knapsack_n100m20o1b5_4.txt,SOC Knapsack,22,RelaxGrouping,500,False,max,871,0.0438,na,0.005370140075683594,6316,12344,498,True
knapsack_n100m20o1b5_4.txt,SOC Knapsack,22,RelaxGrouping,1000,False,max,874,0.0854,na,0.01003122329711914,11490,22548,1000,True
knapsack_n100m20o1b5_4.txt,SOC Knapsack,22,RelaxGrouping,2000,False,max,870,0.1377,na,0.03784298896789551,20536,39998,1998,True
knapsack_n100m20o1b5_4.txt,SOC Knapsack,22,RelaxGrouping,5000,False,max,835,0.366,na,0.10428762435913086,42276,82060,4987,True
knapsack_n100m20o1b5_4.txt,SOC Knapsack,22,RelaxGrouping,10000,False,max,830,0.7656,na,0.07387518882751465,69472,133682,9967,True
knapsack_n100m20o1b5_4.txt,SOC Knapsack,22,RelaxGrouping,20000,False,max,802,1.0952,na,0.1260061264038086,104375,197321,19816,True
knapsack_n100m20o3b5_0.txt,SOC Knapsack,18,RelaxGrouping,500,True,max,719,0.0214,0.0043,0.0006363391876220703,798,1436,169,True
knapsack_n100m20o3b5_0.txt,SOC Knapsack,18,RelaxGrouping,1000,True,max,681,0.0256,0.0062,0.0007297992706298828,945,1673,187,True
knapsack_n100m20o3b5_0.txt,SOC Knapsack,18,RelaxGrouping,2000,True,max,681,0.0264,0.0063,0.0007417201995849609,945,1673,187,True
knapsack_n100m20o3b5_0.txt,SOC Knapsack,18,RelaxGrouping,5000,True,max,681,0.0265,0.0063,0.0007379055023193359,945,1673,187,True
knapsack_n100m20o3b5_0.txt,SOC Knapsack,18,RelaxGrouping,10000,True,max,681,0.0262,0.0061,0.0007185935974121094,945,1673,187,True
knapsack_n100m20o3b5_0.txt,SOC Knapsack,18,RelaxGrouping,20000,True,max,681,0.0256,0.006,0.0007207393646240234,945,1673,187,True
knapsack_n100m20o3b5_0.txt,SOC Knapsack,18,RelaxGrouping,500,False,max,719,0.0211,na,0.0030002593994140625,3872,6835,497,True
knapsack_n100m20o3b5_0.txt,SOC Knapsack,18,RelaxGrouping,1000,False,max,681,0.0259,na,0.00462794303894043,5939,9761,989,True
knapsack_n100m20o3b5_0.txt,SOC Knapsack,18,RelaxGrouping,2000,False,max,681,0.0267,na,0.005043506622314453,5939,9761,989,True
knapsack_n100m20o3b5_0.txt,SOC Knapsack,18,RelaxGrouping,5000,False,max,681,0.0263,na,0.004759311676025391,5939,9761,989,True
knapsack_n100m20o3b5_0.txt,SOC Knapsack,18,RelaxGrouping,10000,False,max,681,0.0263,na,0.0049495697021484375,5939,9761,989,True
knapsack_n100m20o3b5_0.txt,SOC Knapsack,18,RelaxGrouping,20000,False,max,681,0.0262,na,0.004610300064086914,5939,9761,989,True
knapsack_n100m20o3b5_1.txt,SOC Knapsack,24,RelaxGrouping,500,True,max,754,0.0528,0.0085,0.0020668506622314453,2592,4936,404,True
knapsack_n100m20o3b5_1.txt,SOC Knapsack,24,RelaxGrouping,1000,True,max,764,0.1065,0.0166,0.002602100372314453,3318,6376,630,True
knapsack_n100m20o3b5_1.txt,SOC Knapsack,24,RelaxGrouping,2000,True,max,750,0.2114,0.0358,0.0038182735443115234,4129,8021,968,True
knapsack_n100m20o3b5_1.txt,SOC Knapsack,24,RelaxGrouping,5000,True,max,751,0.6007,0.0838,0.004553318023681641,5318,10331,1268,True
knapsack_n100m20o3b5_1.txt,SOC Knapsack,24,RelaxGrouping,10000,True,max,737,1.2946,0.2043,0.00566554069519043,6208,12104,1452,True
knapsack_n100m20o3b5_1.txt,SOC Knapsack,24,RelaxGrouping,500,False,max,754,0.0545,na,0.0062177181243896484,7311,14131,500,True
knapsack_n100m20o3b5_1.txt,SOC Knapsack,24,RelaxGrouping,20000,True,max,697,2.3532,0.3891,0.005579233169555664,5971,11815,1310,True
knapsack_n100m20o3b5_1.txt,SOC Knapsack,24,RelaxGrouping,1000,False,max,764,0.1067,na,0.013053655624389648,13510,26356,1000,True
knapsack_n100m20o3b5_1.txt,SOC Knapsack,24,RelaxGrouping,2000,False,max,750,0.2202,na,0.025307416915893555,24768,48623,1999,True
knapsack_n100m20o3b5_1.txt,SOC Knapsack,24,RelaxGrouping,5000,False,max,751,0.5549,na,0.057994842529296875,54557,106088,4997,True
knapsack_n100m20o3b5_1.txt,SOC Knapsack,24,RelaxGrouping,10000,False,max,737,1.3042,na,0.13198637962341309,96296,185761,9950,True
knapsack_n100m20o3b5_2.txt,SOC Knapsack,16,RelaxGrouping,500,True,max,594,0.0154,0.003,0.00034117698669433594,426,791,81,True
knapsack_n100m20o3b5_1.txt,SOC Knapsack,24,RelaxGrouping,20000,False,max,697,2.3663,na,0.4697701930999756,167338,313294,19972,True
knapsack_n100m20o3b5_2.txt,SOC Knapsack,16,RelaxGrouping,1000,True,max,568,0.0152,0.0036,0.00035881996154785156,421,780,81,True
knapsack_n100m20o3b5_2.txt,SOC Knapsack,16,RelaxGrouping,2000,True,max,568,0.0148,0.0035,0.0003325939178466797,421,780,81,True
knapsack_n100m20o3b5_2.txt,SOC Knapsack,16,RelaxGrouping,5000,True,max,568,0.0151,0.0037,0.00035309791564941406,421,780,81,True
knapsack_n100m20o3b5_2.txt,SOC Knapsack,16,RelaxGrouping,10000,True,max,568,0.0152,0.0036,0.000335693359375,421,780,81,True
knapsack_n100m20o3b5_2.txt,SOC Knapsack,16,RelaxGrouping,20000,True,max,568,0.015,0.0035,0.0003352165222167969,421,780,81,True
knapsack_n100m20o3b5_2.txt,SOC Knapsack,16,RelaxGrouping,500,False,max,594,0.0155,na,0.0021088123321533203,2697,5040,498,True
knapsack_n100m20o3b5_2.txt,SOC Knapsack,16,RelaxGrouping,1000,False,max,568,0.0153,na,0.0029153823852539062,3248,5915,739,True
knapsack_n100m20o3b5_2.txt,SOC Knapsack,16,RelaxGrouping,2000,False,max,568,0.0149,na,0.002841472625732422,3248,5915,739,True
knapsack_n100m20o3b5_2.txt,SOC Knapsack,16,RelaxGrouping,5000,False,max,568,0.015,na,0.0028662681579589844,3248,5915,739,True
knapsack_n100m20o3b5_2.txt,SOC Knapsack,16,RelaxGrouping,10000,False,max,568,0.0154,na,0.002927541732788086,3248,5915,739,True
knapsack_n100m20o3b5_2.txt,SOC Knapsack,16,RelaxGrouping,20000,False,max,568,0.015,na,0.002913951873779297,3248,5915,739,True
knapsack_n100m20o3b5_3.txt,SOC Knapsack,19,RelaxGrouping,500,True,max,807,0.0252,0.0051,0.0007379055023193359,905,1680,181,True
knapsack_n100m20o3b5_3.txt,SOC Knapsack,19,RelaxGrouping,1000,True,max,800,0.0407,0.0082,0.0008597373962402344,1065,1997,203,True
knapsack_n100m20o3b5_3.txt,SOC Knapsack,19,RelaxGrouping,2000,True,max,750,0.0442,0.0113,0.0010328292846679688,1287,2353,247,True
knapsack_n100m20o3b5_3.txt,SOC Knapsack,19,RelaxGrouping,5000,True,max,750,0.0435,0.0114,0.0010461807250976562,1287,2353,247,True
knapsack_n100m20o3b5_3.txt,SOC Knapsack,19,RelaxGrouping,10000,True,max,750,0.0447,0.011,0.0010254383087158203,1287,2353,247,True
knapsack_n100m20o3b5_3.txt,SOC Knapsack,19,RelaxGrouping,20000,True,max,750,0.0444,0.0107,0.0009613037109375,1287,2353,247,True
knapsack_n100m20o3b5_3.txt,SOC Knapsack,19,RelaxGrouping,500,False,max,807,0.026,na,0.003874063491821289,4322,7930,499,True
knapsack_n100m20o3b5_3.txt,SOC Knapsack,19,RelaxGrouping,1000,False,max,800,0.0425,na,0.006516695022583008,7115,12655,999,True
knapsack_n100m20o3b5_3.txt,SOC Knapsack,19,RelaxGrouping,2000,False,max,750,0.0445,na,0.008283138275146484,9908,16273,1657,True
knapsack_n100m20o3b5_3.txt,SOC Knapsack,19,RelaxGrouping,5000,False,max,750,0.0442,na,0.00788736343383789,9908,16273,1657,True
knapsack_n100m20o3b5_3.txt,SOC Knapsack,19,RelaxGrouping,10000,False,max,750,0.0446,na,0.0077974796295166016,9908,16273,1657,True
knapsack_n100m20o3b5_3.txt,SOC Knapsack,19,RelaxGrouping,20000,False,max,750,0.0441,na,0.007929325103759766,9908,16273,1657,True
knapsack_n100m20o3b5_4.txt,SOC Knapsack,22,RelaxGrouping,500,True,max,873,0.0437,0.008,0.001291513442993164,1474,2774,284,True
knapsack_n100m20o3b5_4.txt,SOC Knapsack,22,RelaxGrouping,1000,True,max,853,0.0819,0.0136,0.00125885009765625,1570,2956,349,True
knapsack_n100m20o3b5_4.txt,SOC Knapsack,22,RelaxGrouping,2000,True,max,824,0.1405,0.0289,0.0014603137969970703,1778,3318,367,True
knapsack_n100m20o3b5_4.txt,SOC Knapsack,22,RelaxGrouping,5000,True,max,793,0.3499,0.063,0.001628875732421875,1965,3784,372,True
knapsack_n100m20o3b5_4.txt,SOC Knapsack,22,RelaxGrouping,10000,True,max,781,0.655,0.1255,0.002548694610595703,2831,5400,498,True
knapsack_n100m20o3b5_4.txt,SOC Knapsack,22,RelaxGrouping,20000,True,max,744,0.6884,0.1503,0.0030579566955566406,3476,6562,619,True
knapsack_n100m20o3b5_4.txt,SOC Knapsack,22,RelaxGrouping,500,False,max,873,0.0421,na,0.0050389766693115234,6252,12201,500,True
knapsack_n100m20o3b5_4.txt,SOC Knapsack,22,RelaxGrouping,1000,False,max,853,0.084,na,0.01111912727355957,11234,21740,996,True
knapsack_n100m20o3b5_4.txt,SOC Knapsack,22,RelaxGrouping,2000,False,max,824,0.1458,na,0.04033231735229492,19778,38379,2000,True
knapsack_n100m20o3b5_4.txt,SOC Knapsack,22,RelaxGrouping,5000,False,max,793,0.3491,na,0.039217472076416016,39677,76502,4969,True
knapsack_n100m20o3b5_4.txt,SOC Knapsack,22,RelaxGrouping,10000,False,max,781,0.637,na,0.18039727210998535,63850,122201,9930,True
knapsack_n100m20o3b5_4.txt,SOC Knapsack,22,RelaxGrouping,20000,False,max,744,0.6903,na,0.21585559844970703,89636,163225,18388,True
knapsack_n100m20o5b5_0.txt,SOC Knapsack,18,RelaxGrouping,500,True,max,682,0.0202,0.0039,0.0006651878356933594,846,1496,169,True
knapsack_n100m20o5b5_0.txt,SOC Knapsack,18,RelaxGrouping,1000,True,max,666,0.0198,0.0046,0.0006573200225830078,831,1465,165,True
knapsack_n100m20o5b5_0.txt,SOC Knapsack,18,RelaxGrouping,2000,True,max,666,0.0195,0.0046,0.0006170272827148438,831,1465,165,True
knapsack_n100m20o5b5_0.txt,SOC Knapsack,18,RelaxGrouping,5000,True,max,666,0.02,0.0046,0.0006682872772216797,831,1465,165,True
knapsack_n100m20o5b5_0.txt,SOC Knapsack,18,RelaxGrouping,10000,True,max,666,0.0195,0.0047,0.0006544589996337891,831,1465,165,True
knapsack_n100m20o5b5_0.txt,SOC Knapsack,18,RelaxGrouping,20000,True,max,666,0.0198,0.0047,0.0006589889526367188,831,1465,165,True
knapsack_n100m20o5b5_0.txt,SOC Knapsack,18,RelaxGrouping,500,False,max,682,0.0197,na,0.002782583236694336,3616,6224,499,True
knapsack_n100m20o5b5_0.txt,SOC Knapsack,18,RelaxGrouping,1000,False,max,666,0.0193,na,0.003221750259399414,4452,7260,700,True
knapsack_n100m20o5b5_0.txt,SOC Knapsack,18,RelaxGrouping,2000,False,max,666,0.0193,na,0.0032215118408203125,4452,7260,700,True
knapsack_n100m20o5b5_0.txt,SOC Knapsack,18,RelaxGrouping,5000,False,max,666,0.0191,na,0.003146648406982422,4452,7260,700,True
knapsack_n100m20o5b5_0.txt,SOC Knapsack,18,RelaxGrouping,10000,False,max,666,0.0198,na,0.0033097267150878906,4452,7260,700,True
knapsack_n100m20o5b5_0.txt,SOC Knapsack,18,RelaxGrouping,20000,False,max,666,0.0198,na,0.0033495426177978516,4452,7260,700,True
knapsack_n100m20o5b5_1.txt,SOC Knapsack,24,RelaxGrouping,500,True,max,737,0.054,0.0086,0.0022590160369873047,2774,5281,426,True
knapsack_n100m20o5b5_1.txt,SOC Knapsack,24,RelaxGrouping,1000,True,max,749,0.1085,0.0185,0.0028820037841796875,3236,6217,639,True
knapsack_n100m20o5b5_1.txt,SOC Knapsack,24,RelaxGrouping,2000,True,max,749,0.2237,0.0374,0.0035507678985595703,4030,7777,895,True
knapsack_n100m20o5b5_1.txt,SOC Knapsack,24,RelaxGrouping,5000,True,max,751,0.4928,0.0921,0.0127105712890625,5596,10902,1325,True
knapsack_n100m20o5b5_1.txt,SOC Knapsack,24,RelaxGrouping,10000,True,max,737,1.0915,0.1868,0.007254600524902344,7020,13703,1576,True
knapsack_n100m20o5b5_1.txt,SOC Knapsack,24,RelaxGrouping,500,False,max,737,0.0533,na,0.006187915802001953,7190,13820,500,True
knapsack_n100m20o5b5_1.txt,SOC Knapsack,24,RelaxGrouping,20000,True,max,711,2.1602,0.3231,0.007680416107177734,6967,13736,1467,True
knapsack_n100m20o5b5_1.txt,SOC Knapsack,24,RelaxGrouping,1000,False,max,749,0.1096,na,0.012346506118774414,13288,25840,1000,True
knapsack_n100m20o5b5_1.txt,SOC Knapsack,24,RelaxGrouping,2000,False,max,749,0.206,na,0.025812149047851562,24370,47267,2000,True
knapsack_n100m20o5b5_1.txt,SOC Knapsack,24,RelaxGrouping,5000,False,max,751,0.5034,na,0.1218712329864502,52762,102405,4983,True
knapsack_n100m20o5b5_1.txt,SOC Knapsack,24,RelaxGrouping,10000,False,max,737,1.0709,na,0.2498784065246582,93553,177630,9960,True
knapsack_n100m20o5b5_2.txt,SOC Knapsack,16,RelaxGrouping,500,True,max,578,0.0124,0.0026,0.0003066062927246094,393,717,71,True
knapsack_n100m20o5b5_1.txt,SOC Knapsack,24,RelaxGrouping,20000,False,max,711,2.1211,na,0.4499509334564209,163282,295843,19961,True
knapsack_n100m20o5b5_2.txt,SOC Knapsack,16,RelaxGrouping,1000,True,max,568,0.0114,0.0026,0.0003113746643066406,394,718,71,True
knapsack_n100m20o5b5_2.txt,SOC Knapsack,16,RelaxGrouping,2000,True,max,568,0.0115,0.0026,0.00029778480529785156,394,718,71,True
knapsack_n100m20o5b5_2.txt,SOC Knapsack,16,RelaxGrouping,5000,True,max,568,0.0117,0.0027,0.00029587745666503906,394,718,71,True
knapsack_n100m20o5b5_2.txt,SOC Knapsack,16,RelaxGrouping,10000,True,max,568,0.0116,0.0026,0.0003199577331542969,394,718,71,True
knapsack_n100m20o5b5_2.txt,SOC Knapsack,16,RelaxGrouping,20000,True,max,568,0.0115,0.0026,0.0003204345703125,394,718,71,True
knapsack_n100m20o5b5_2.txt,SOC Knapsack,16,RelaxGrouping,500,False,max,578,0.0122,na,0.0018792152404785156,2354,4391,495,True
knapsack_n100m20o5b5_2.txt,SOC Knapsack,16,RelaxGrouping,1000,False,max,568,0.0113,na,0.0018663406372070312,2450,4533,541,True
knapsack_n100m20o5b5_2.txt,SOC Knapsack,16,RelaxGrouping,2000,False,max,568,0.011,na,0.0018219947814941406,2450,4533,541,True
knapsack_n100m20o5b5_2.txt,SOC Knapsack,16,RelaxGrouping,5000,False,max,568,0.0117,na,0.0018682479858398438,2450,4533,541,True
knapsack_n100m20o5b5_2.txt,SOC Knapsack,16,RelaxGrouping,10000,False,max,568,0.0115,na,0.0019164085388183594,2450,4533,541,True
knapsack_n100m20o5b5_2.txt,SOC Knapsack,16,RelaxGrouping,20000,False,max,568,0.0115,na,0.0019555091857910156,2450,4533,541,True
knapsack_n100m20o5b5_3.txt,SOC Knapsack,19,RelaxGrouping,500,True,max,786,0.0221,0.0045,0.0006697177886962891,837,1562,166,True
knapsack_n100m20o5b5_3.txt,SOC Knapsack,19,RelaxGrouping,1000,True,max,751,0.037,0.0077,0.0009639263153076172,1225,2186,251,True
knapsack_n100m20o5b5_3.txt,SOC Knapsack,19,RelaxGrouping,2000,True,max,732,0.0332,0.0082,0.0009496212005615234,1234,2202,251,True
knapsack_n100m20o5b5_3.txt,SOC Knapsack,19,RelaxGrouping,5000,True,max,732,0.0328,0.0079,0.0009250640869140625,1234,2202,251,True
knapsack_n100m20o5b5_3.txt,SOC Knapsack,19,RelaxGrouping,10000,True,max,732,0.0327,0.008,0.0009088516235351562,1234,2202,251,True
knapsack_n100m20o5b5_3.txt,SOC Knapsack,19,RelaxGrouping,20000,True,max,732,0.0327,0.0078,0.0009205341339111328,1234,2202,251,True
knapsack_n100m20o5b5_3.txt,SOC Knapsack,19,RelaxGrouping,500,False,max,786,0.0224,na,0.0031404495239257812,4200,7513,500,True
knapsack_n100m20o5b5_3.txt,SOC Knapsack,19,RelaxGrouping,1000,False,max,751,0.0353,na,0.005349874496459961,6763,11588,998,True
knapsack_n100m20o5b5_3.txt,SOC Knapsack,19,RelaxGrouping,2000,False,max,732,0.0337,na,0.0062558650970458984,7622,12548,1216,True
knapsack_n100m20o5b5_3.txt,SOC Knapsack,19,RelaxGrouping,5000,False,max,732,0.0338,na,0.006365299224853516,7622,12548,1216,True
knapsack_n100m20o5b5_3.txt,SOC Knapsack,19,RelaxGrouping,10000,False,max,732,0.0348,na,0.0061931610107421875,7622,12548,1216,True
knapsack_n100m20o5b5_3.txt,SOC Knapsack,19,RelaxGrouping,20000,False,max,732,0.0334,na,0.006180763244628906,7622,12548,1216,True
knapsack_n100m20o5b5_4.txt,SOC Knapsack,22,RelaxGrouping,500,True,max,823,0.0402,0.0072,0.0010998249053955078,1381,2551,277,True
knapsack_n100m20o5b5_4.txt,SOC Knapsack,22,RelaxGrouping,1000,True,max,818,0.0825,0.0148,0.0011916160583496094,1417,2627,292,True
knapsack_n100m20o5b5_4.txt,SOC Knapsack,22,RelaxGrouping,2000,True,max,792,0.1315,0.0258,0.001172780990600586,1481,2812,273,True
knapsack_n100m20o5b5_4.txt,SOC Knapsack,22,RelaxGrouping,5000,True,max,779,0.3177,0.0559,0.00159454345703125,1879,3594,326,True
knapsack_n100m20o5b5_4.txt,SOC Knapsack,22,RelaxGrouping,10000,True,max,759,0.4226,0.096,0.0023660659790039062,2914,5461,513,True
knapsack_n100m20o5b5_4.txt,SOC Knapsack,22,RelaxGrouping,20000,True,max,742,0.4807,0.1134,0.002657175064086914,3121,5832,549,True
knapsack_n100m20o5b5_4.txt,SOC Knapsack,22,RelaxGrouping,500,False,max,823,0.0412,na,0.005061149597167969,6116,11821,500,True
knapsack_n100m20o5b5_4.txt,SOC Knapsack,22,RelaxGrouping,1000,False,max,818,0.0782,na,0.009342193603515625,10789,20881,994,True
knapsack_n100m20o5b5_4.txt,SOC Knapsack,22,RelaxGrouping,2000,False,max,792,0.1319,na,0.018584012985229492,18770,36226,1999,True
knapsack_n100m20o5b5_4.txt,SOC Knapsack,22,RelaxGrouping,5000,False,max,779,0.3282,na,0.036153316497802734,36902,70464,4947,True
knapsack_n100m20o5b5_4.txt,SOC Knapsack,22,RelaxGrouping,10000,False,max,759,0.4674,na,0.13954997062683105,57836,108149,9943,True
knapsack_n100m20o5b5_4.txt,SOC Knapsack,22,RelaxGrouping,20000,False,max,742,0.4877,na,0.14998221397399902,67228,121812,13646,True
knapsack_n125m10o1b5_0.txt,SOC Knapsack,16,RelaxGrouping,500,True,max,500,0.0184,0.0034,0.0004954338073730469,677,1284,168,True
knapsack_n125m10o1b5_0.txt,SOC Knapsack,16,RelaxGrouping,1000,True,max,467,0.0226,0.0051,0.0004584789276123047,559,1055,115,True
knapsack_n125m10o1b5_0.txt,SOC Knapsack,16,RelaxGrouping,2000,True,max,444,0.0212,0.005,0.00043463706970214844,529,1000,107,True
knapsack_n125m10o1b5_0.txt,SOC Knapsack,16,RelaxGrouping,5000,True,max,444,0.0207,0.0051,0.00041961669921875,529,1000,107,True
knapsack_n125m10o1b5_0.txt,SOC Knapsack,16,RelaxGrouping,10000,True,max,444,0.0213,0.0052,0.00043582916259765625,529,1000,107,True
knapsack_n125m10o1b5_0.txt,SOC Knapsack,16,RelaxGrouping,20000,True,max,444,0.0207,0.0049,0.00042939186096191406,529,1000,107,True
knapsack_n125m10o1b5_0.txt,SOC Knapsack,16,RelaxGrouping,500,False,max,500,0.0186,na,0.0028061866760253906,3036,5785,499,True
knapsack_n125m10o1b5_0.txt,SOC Knapsack,16,RelaxGrouping,1000,False,max,467,0.0221,na,0.0037627220153808594,4420,7856,989,True
knapsack_n125m10o1b5_0.txt,SOC Knapsack,16,RelaxGrouping,2000,False,max,444,0.0212,na,0.00400853157043457,4665,8095,1110,True
knapsack_n125m10o1b5_0.txt,SOC Knapsack,16,RelaxGrouping,5000,False,max,444,0.0212,na,0.003981828689575195,4665,8095,1110,True
knapsack_n125m10o1b5_0.txt,SOC Knapsack,16,RelaxGrouping,10000,False,max,444,0.0216,na,0.003997802734375,4665,8095,1110,True
knapsack_n125m10o1b5_0.txt,SOC Knapsack,16,RelaxGrouping,20000,False,max,444,0.0214,na,0.003970146179199219,4665,8095,1110,True
knapsack_n125m10o1b5_1.txt,SOC Knapsack,25,RelaxGrouping,500,True,max,1172,0.0535,0.0088,0.0021758079528808594,2753,5256,369,True
knapsack_n125m10o1b5_1.txt,SOC Knapsack,25,RelaxGrouping,1000,True,max,1164,0.11,0.0184,0.0027658939361572266,3253,6253,536,True
knapsack_n125m10o1b5_1.txt,SOC Knapsack,25,RelaxGrouping,2000,True,max,1167,0.2242,0.041,0.0035278797149658203,3933,7582,808,True
knapsack_n125m10o1b5_1.txt,SOC Knapsack,25,RelaxGrouping,5000,True,max,1179,0.6574,0.0973,0.00510859489440918,5523,10680,1181,True
knapsack_n125m10o1b5_1.txt,SOC Knapsack,25,RelaxGrouping,10000,True,max,1167,1.3446,0.204,0.007619142532348633,6822,13201,1353,True
knapsack_n125m10o1b5_1.txt,SOC Knapsack,25,RelaxGrouping,500,False,max,1172,0.0559,na,0.0066645145416259766,7638,14519,500,True
knapsack_n125m10o1b5_1.txt,SOC Knapsack,25,RelaxGrouping,20000,True,max,1167,2.8175,0.4087,0.009129047393798828,8134,15721,1500,True
knapsack_n125m10o1b5_1.txt,SOC Knapsack,25,RelaxGrouping,1000,False,max,1164,0.1119,na,0.014188289642333984,14273,27323,1000,True
knapsack_n125m10o1b5_1.txt,SOC Knapsack,25,RelaxGrouping,2000,False,max,1167,0.2148,na,0.026031970977783203,26309,50280,2000,True
knapsack_n125m10o1b5_1.txt,SOC Knapsack,25,RelaxGrouping,5000,False,max,1179,0.6205,na,0.14928507804870605,58401,111751,5000,True
knapsack_n125m10o1b5_1.txt,SOC Knapsack,25,RelaxGrouping,10000,False,max,1167,1.2778,na,0.2740497589111328,105122,198300,9984,True
knapsack_n125m10o1b5_2.txt,SOC Knapsack,22,RelaxGrouping,500,True,max,873,0.0444,0.0074,0.0014526844024658203,1847,3512,320,True
knapsack_n125m10o1b5_2.txt,SOC Knapsack,22,RelaxGrouping,1000,True,max,880,0.0924,0.0168,0.0019583702087402344,2198,4207,459,True
knapsack_n125m10o1b5_1.txt,SOC Knapsack,25,RelaxGrouping,20000,False,max,1167,2.6778,na,0.5030069351196289,182763,340815,19916,True
knapsack_n125m10o1b5_2.txt,SOC Knapsack,22,RelaxGrouping,2000,True,max,871,0.1643,0.0338,0.007466793060302734,2647,5099,554,True
knapsack_n125m10o1b5_2.txt,SOC Knapsack,22,RelaxGrouping,5000,True,max,873,0.4842,0.0784,0.002830982208251953,3434,6634,710,True
knapsack_n125m10o1b5_2.txt,SOC Knapsack,22,RelaxGrouping,10000,True,max,870,0.9139,0.152,0.0032799243927001953,3820,7357,797,True
knapsack_n125m10o1b5_2.txt,SOC Knapsack,22,RelaxGrouping,500,False,max,873,0.0461,na,0.006303548812866211,6404,12432,500,True
knapsack_n125m10o1b5_2.txt,SOC Knapsack,22,RelaxGrouping,20000,True,max,852,1.2937,0.2483,0.004205226898193359,4117,7972,853,True
knapsack_n125m10o1b5_2.txt,SOC Knapsack,22,RelaxGrouping,1000,False,max,880,0.0913,na,0.010247945785522461,11719,22945,1000,True
knapsack_n125m10o1b5_2.txt,SOC Knapsack,22,RelaxGrouping,2000,False,max,871,0.1631,na,0.03930997848510742,21236,41572,1999,True
knapsack_n125m10o1b5_2.txt,SOC Knapsack,22,RelaxGrouping,5000,False,max,873,0.4771,na,0.047185659408569336,44949,86850,4986,True
knapsack_n125m10o1b5_2.txt,SOC Knapsack,22,RelaxGrouping,10000,False,max,870,0.8948,na,0.2034287452697754,76049,144977,9961,True
knapsack_n125m10o1b5_2.txt,SOC Knapsack,22,RelaxGrouping,20000,False,max,852,1.2971,na,0.3058738708496094,120749,219615,19815,True
knapsack_n125m10o1b5_3.txt,SOC Knapsack,18,RelaxGrouping,500,True,max,797,0.0237,0.0045,0.0007641315460205078,964,1761,199,True
knapsack_n125m10o1b5_3.txt,SOC Knapsack,18,RelaxGrouping,1000,True,max,797,0.0376,0.0073,0.0008835792541503906,1109,2021,220,True
knapsack_n125m10o1b5_3.txt,SOC Knapsack,18,RelaxGrouping,2000,True,max,772,0.0426,0.0101,0.0007901191711425781,967,1776,177,True
knapsack_n125m10o1b5_3.txt,SOC Knapsack,18,RelaxGrouping,5000,True,max,772,0.0403,0.0103,0.00078582763671875,974,1787,179,True
knapsack_n125m10o1b5_3.txt,SOC Knapsack,18,RelaxGrouping,10000,True,max,772,0.0412,0.0101,0.0007627010345458984,974,1787,179,True
knapsack_n125m10o1b5_3.txt,SOC Knapsack,18,RelaxGrouping,20000,True,max,772,0.0421,0.0104,0.0008208751678466797,974,1787,179,True
knapsack_n125m10o1b5_3.txt,SOC Knapsack,18,RelaxGrouping,500,False,max,797,0.0237,na,0.0030345916748046875,3882,7165,498,True
knapsack_n125m10o1b5_3.txt,SOC Knapsack,18,RelaxGrouping,1000,False,max,797,0.0374,na,0.005221366882324219,6338,11392,997,True
knapsack_n125m10o1b5_3.txt,SOC Knapsack,18,RelaxGrouping,2000,False,max,772,0.042,na,0.0070536136627197266,8931,14775,1989,True
knapsack_n125m10o1b5_3.txt,SOC Knapsack,18,RelaxGrouping,5000,False,max,772,0.0405,na,0.007401943206787109,9330,15301,2122,True
knapsack_n125m10o1b5_3.txt,SOC Knapsack,18,RelaxGrouping,10000,False,max,772,0.0412,na,0.0073435306549072266,9330,15301,2122,True
knapsack_n125m10o1b5_3.txt,SOC Knapsack,18,RelaxGrouping,20000,False,max,772,0.0431,na,0.008148193359375,9330,15301,2122,True
knapsack_n125m10o1b5_4.txt,SOC Knapsack,21,RelaxGrouping,500,True,max,792,0.042,0.0073,0.0018813610076904297,2110,4051,397,True
knapsack_n125m10o1b5_4.txt,SOC Knapsack,21,RelaxGrouping,1000,True,max,794,0.0787,0.0126,0.001981019973754883,2516,4850,567,True
knapsack_n125m10o1b5_4.txt,SOC Knapsack,21,RelaxGrouping,2000,True,max,824,0.14,0.0244,0.0027620792388916016,3310,6404,699,True
knapsack_n125m10o1b5_4.txt,SOC Knapsack,21,RelaxGrouping,5000,True,max,829,0.3197,0.0693,0.0038347244262695312,4427,8516,984,True
knapsack_n125m10o1b5_4.txt,SOC Knapsack,21,RelaxGrouping,10000,True,max,829,0.7098,0.1094,0.004590749740600586,5333,10302,1232,True
knapsack_n125m10o1b5_4.txt,SOC Knapsack,21,RelaxGrouping,500,False,max,792,0.041,na,0.0046231746673583984,5710,10775,499,True
knapsack_n125m10o1b5_4.txt,SOC Knapsack,21,RelaxGrouping,20000,True,max,799,1.0748,0.1922,0.0045816898345947266,5069,9849,1095,True
knapsack_n125m10o1b5_4.txt,SOC Knapsack,21,RelaxGrouping,1000,False,max,794,0.0796,na,0.00874185562133789,10381,19766,1000,True
knapsack_n125m10o1b5_4.txt,SOC Knapsack,21,RelaxGrouping,2000,False,max,824,0.1424,na,0.020460844039916992,18720,35797,1996,True
knapsack_n125m10o1b5_4.txt,SOC Knapsack,21,RelaxGrouping,5000,False,max,829,0.3562,na,0.04497051239013672,38676,72798,5000,True
knapsack_n125m10o1b5_4.txt,SOC Knapsack,21,RelaxGrouping,10000,False,max,829,0.6786,na,0.16910314559936523,63658,118833,9966,True
knapsack_n125m10o3b5_0.txt,SOC Knapsack,16,RelaxGrouping,500,True,max,489,0.018,0.0034,0.0003895759582519531,493,915,96,True
knapsack_n125m10o1b5_4.txt,SOC Knapsack,21,RelaxGrouping,20000,False,max,799,1.0613,na,0.11789560317993164,98151,170171,19942,True
knapsack_n125m10o3b5_0.txt,SOC Knapsack,16,RelaxGrouping,1000,True,max,437,0.0183,0.0042,0.0004024505615234375,515,957,100,True
knapsack_n125m10o3b5_0.txt,SOC Knapsack,16,RelaxGrouping,2000,True,max,437,0.018,0.0041,0.0003712177276611328,515,957,100,True
knapsack_n125m10o3b5_0.txt,SOC Knapsack,16,RelaxGrouping,5000,True,max,437,0.018,0.0042,0.0003941059112548828,515,957,100,True
knapsack_n125m10o3b5_0.txt,SOC Knapsack,16,RelaxGrouping,10000,True,max,437,0.0185,0.0043,0.00042319297790527344,515,957,100,True
knapsack_n125m10o3b5_0.txt,SOC Knapsack,16,RelaxGrouping,20000,True,max,437,0.0181,0.0042,0.00040650367736816406,515,957,100,True
knapsack_n125m10o3b5_0.txt,SOC Knapsack,16,RelaxGrouping,500,False,max,489,0.0177,na,0.0026743412017822266,2945,5290,500,True
knapsack_n125m10o3b5_0.txt,SOC Knapsack,16,RelaxGrouping,1000,False,max,437,0.0184,na,0.002988576889038086,4034,6772,954,True
knapsack_n125m10o3b5_0.txt,SOC Knapsack,16,RelaxGrouping,2000,False,max,437,0.0177,na,0.002849578857421875,4034,6772,954,True
knapsack_n125m10o3b5_0.txt,SOC Knapsack,16,RelaxGrouping,5000,False,max,437,0.0183,na,0.0029647350311279297,4034,6772,954,True
knapsack_n125m10o3b5_0.txt,SOC Knapsack,16,RelaxGrouping,10000,False,max,437,0.0177,na,0.002933502197265625,4034,6772,954,True
knapsack_n125m10o3b5_0.txt,SOC Knapsack,16,RelaxGrouping,20000,False,max,437,0.0179,na,0.0029108524322509766,4034,6772,954,True
knapsack_n125m10o3b5_1.txt,SOC Knapsack,25,RelaxGrouping,500,True,max,1229,0.0575,0.01,0.002596139907836914,3004,5670,408,True
knapsack_n125m10o3b5_1.txt,SOC Knapsack,25,RelaxGrouping,1000,True,max,1204,0.1172,0.0203,0.0034732818603515625,3689,7009,671,True
knapsack_n125m10o3b5_1.txt,SOC Knapsack,25,RelaxGrouping,2000,True,max,1229,0.2248,0.0416,0.0046918392181396484,4706,9042,1075,True
knapsack_n125m10o3b5_1.txt,SOC Knapsack,25,RelaxGrouping,5000,True,max,1229,0.644,0.0936,0.005911588668823242,6393,12380,1513,True
knapsack_n125m10o3b5_1.txt,SOC Knapsack,25,RelaxGrouping,10000,True,max,1151,1.4781,0.2102,0.007803678512573242,6999,13637,1567,True
knapsack_n125m10o3b5_1.txt,SOC Knapsack,25,RelaxGrouping,500,False,max,1229,0.0599,na,0.007460594177246094,7638,14437,500,True
knapsack_n125m10o3b5_1.txt,SOC Knapsack,25,RelaxGrouping,1000,False,max,1204,0.1149,na,0.01463937759399414,14163,27069,1000,True
knapsack_n125m10o3b5_1.txt,SOC Knapsack,25,RelaxGrouping,20000,True,max,1124,2.9467,0.4464,0.007783174514770508,6581,12987,1368,True
knapsack_n125m10o3b5_1.txt,SOC Knapsack,25,RelaxGrouping,2000,False,max,1229,0.2212,na,0.02682328224182129,26085,50091,2000,True
knapsack_n125m10o3b5_1.txt,SOC Knapsack,25,RelaxGrouping,5000,False,max,1229,0.6238,na,0.13433551788330078,57924,110808,4996,True
knapsack_n125m10o3b5_1.txt,SOC Knapsack,25,RelaxGrouping,10000,False,max,1151,1.391,na,0.2907743453979492,103628,194670,9969,True
knapsack_n125m10o3b5_2.txt,SOC Knapsack,22,RelaxGrouping,500,True,max,875,0.0455,0.0083,0.001622915267944336,1743,3265,307,True
knapsack_n125m10o3b5_2.txt,SOC Knapsack,22,RelaxGrouping,1000,True,max,883,0.0877,0.0139,0.0017077922821044922,2099,3992,446,True
knapsack_n125m10o3b5_1.txt,SOC Knapsack,25,RelaxGrouping,20000,False,max,1124,2.9813,na,0.2638864517211914,180626,330688,19939,True
knapsack_n125m10o3b5_2.txt,SOC Knapsack,22,RelaxGrouping,2000,True,max,874,0.1479,0.0277,0.0018842220306396484,2190,4199,471,True
knapsack_n125m10o3b5_2.txt,SOC Knapsack,22,RelaxGrouping,5000,True,max,850,0.4052,0.0786,0.007620811462402344,2245,4335,445,True
knapsack_n125m10o3b5_2.txt,SOC Knapsack,22,RelaxGrouping,10000,True,max,821,0.7533,0.1098,0.0023484230041503906,2703,5268,525,True
knapsack_n125m10o3b5_2.txt,SOC Knapsack,22,RelaxGrouping,20000,True,max,815,1.099,0.2169,0.0035355091094970703,3956,7565,772,True
knapsack_n125m10o3b5_2.txt,SOC Knapsack,22,RelaxGrouping,500,False,max,875,0.0449,na,0.005781412124633789,6264,12223,500,True
knapsack_n125m10o3b5_2.txt,SOC Knapsack,22,RelaxGrouping,1000,False,max,883,0.086,na,0.009610652923583984,11432,22498,998,True
knapsack_n125m10o3b5_2.txt,SOC Knapsack,22,RelaxGrouping,2000,False,max,874,0.1518,na,0.0384976863861084,20467,39974,2000,True
knapsack_n125m10o3b5_2.txt,SOC Knapsack,22,RelaxGrouping,5000,False,max,850,0.3817,na,0.0975337028503418,42530,82273,4994,True
knapsack_n125m10o3b5_2.txt,SOC Knapsack,22,RelaxGrouping,10000,False,max,821,0.8303,na,0.07436323165893555,67814,130618,9970,True
knapsack_n125m10o3b5_2.txt,SOC Knapsack,22,RelaxGrouping,20000,False,max,815,1.1287,na,0.2766227722167969,102459,187562,19879,True
knapsack_n125m10o3b5_3.txt,SOC Knapsack,18,RelaxGrouping,500,True,max,814,0.0219,0.0038,0.0007100105285644531,939,1646,198,True
knapsack_n125m10o3b5_3.txt,SOC Knapsack,18,RelaxGrouping,1000,True,max,797,0.0298,0.0063,0.0007081031799316406,907,1637,181,True
knapsack_n125m10o3b5_3.txt,SOC Knapsack,18,RelaxGrouping,2000,True,max,747,0.0309,0.0077,0.0007205009460449219,920,1643,172,True
knapsack_n125m10o3b5_3.txt,SOC Knapsack,18,RelaxGrouping,5000,True,max,747,0.0306,0.0076,0.0007317066192626953,920,1643,172,True
knapsack_n125m10o3b5_3.txt,SOC Knapsack,18,RelaxGrouping,10000,True,max,747,0.0306,0.0077,0.0007369518280029297,920,1643,172,True
knapsack_n125m10o3b5_3.txt,SOC Knapsack,18,RelaxGrouping,20000,True,max,747,0.0311,0.0077,0.0007643699645996094,920,1643,172,True
knapsack_n125m10o3b5_3.txt,SOC Knapsack,18,RelaxGrouping,500,False,max,814,0.0214,na,0.002714872360229492,3428,6247,499,True
knapsack_n125m10o3b5_3.txt,SOC Knapsack,18,RelaxGrouping,1000,False,max,797,0.0301,na,0.004851579666137695,5607,9578,990,True
knapsack_n125m10o3b5_3.txt,SOC Knapsack,18,RelaxGrouping,2000,False,max,747,0.0307,na,0.005390644073486328,7046,11345,1448,True
knapsack_n125m10o3b5_3.txt,SOC Knapsack,18,RelaxGrouping,5000,False,max,747,0.0303,na,0.005135774612426758,7046,11345,1448,True
knapsack_n125m10o3b5_3.txt,SOC Knapsack,18,RelaxGrouping,10000,False,max,747,0.0304,na,0.0052585601806640625,7046,11345,1448,True
knapsack_n125m10o3b5_3.txt,SOC Knapsack,18,RelaxGrouping,20000,False,max,747,0.0306,na,0.005293846130371094,7046,11345,1448,True
knapsack_n125m10o3b5_4.txt,SOC Knapsack,21,RelaxGrouping,500,True,max,817,0.0441,0.0071,0.002062082290649414,2333,4453,399,True
knapsack_n125m10o3b5_4.txt,SOC Knapsack,21,RelaxGrouping,1000,True,max,865,0.0806,0.0118,0.0023512840270996094,2921,5610,659,True
knapsack_n125m10o3b5_4.txt,SOC Knapsack,21,RelaxGrouping,2000,True,max,841,0.1312,0.0278,0.0031557083129882812,3471,6698,966,True
knapsack_n125m10o3b5_4.txt,SOC Knapsack,21,RelaxGrouping,5000,True,max,847,0.3382,0.0708,0.004498481750488281,4847,9383,1165,True
knapsack_n125m10o3b5_4.txt,SOC Knapsack,21,RelaxGrouping,10000,True,max,847,0.6654,0.1204,0.0051991939544677734,5340,10413,1238,True
knapsack_n125m10o3b5_4.txt,SOC Knapsack,21,RelaxGrouping,20000,True,max,766,0.8828,0.1762,0.002798318862915039,3297,6436,695,True
knapsack_n125m10o3b5_4.txt,SOC Knapsack,21,RelaxGrouping,500,False,max,817,0.0412,na,0.0044727325439453125,5640,10567,500,True
knapsack_n125m10o3b5_4.txt,SOC Knapsack,21,RelaxGrouping,1000,False,max,865,0.0776,na,0.009212017059326172,10177,19241,1000,True
knapsack_n125m10o3b5_4.txt,SOC Knapsack,21,RelaxGrouping,2000,False,max,841,0.1301,na,0.018152475357055664,17960,33990,1997,True
knapsack_n125m10o3b5_4.txt,SOC Knapsack,21,RelaxGrouping,5000,False,max,847,0.344,na,0.04460716247558594,37199,68873,4987,True
knapsack_n125m10o3b5_4.txt,SOC Knapsack,21,RelaxGrouping,10000,False,max,847,0.635,na,0.06677699089050293,61815,112571,9982,True
knapsack_n125m10o3b5_4.txt,SOC Knapsack,21,RelaxGrouping,20000,False,max,766,0.8633,na,0.1030268669128418,97474,157298,19825,True
knapsack_n125m10o5b5_0.txt,SOC Knapsack,16,RelaxGrouping,500,True,max,481,0.0149,0.0029,0.00040078163146972656,504,920,94,True
knapsack_n125m10o5b5_0.txt,SOC Knapsack,16,RelaxGrouping,1000,True,max,437,0.0147,0.0035,0.0003669261932373047,457,841,89,True
knapsack_n125m10o5b5_0.txt,SOC Knapsack,16,RelaxGrouping,2000,True,max,437,0.014,0.0033,0.0003383159637451172,457,841,89,True
knapsack_n125m10o5b5_0.txt,SOC Knapsack,16,RelaxGrouping,5000,True,max,437,0.0146,0.0034,0.0003838539123535156,457,841,89,True
knapsack_n125m10o5b5_0.txt,SOC Knapsack,16,RelaxGrouping,10000,True,max,437,0.0143,0.0034,0.0003566741943359375,457,841,89,True
knapsack_n125m10o5b5_0.txt,SOC Knapsack,16,RelaxGrouping,20000,True,max,437,0.0146,0.0034,0.0003428459167480469,457,841,89,True
knapsack_n125m10o5b5_0.txt,SOC Knapsack,16,RelaxGrouping,500,False,max,481,0.0142,na,0.002007007598876953,2673,4695,498,True
knapsack_n125m10o5b5_0.txt,SOC Knapsack,16,RelaxGrouping,1000,False,max,437,0.0144,na,0.0024933815002441406,3253,5411,697,True
knapsack_n125m10o5b5_0.txt,SOC Knapsack,16,RelaxGrouping,2000,False,max,437,0.0146,na,0.0024535655975341797,3253,5411,697,True
knapsack_n125m10o5b5_0.txt,SOC Knapsack,16,RelaxGrouping,5000,False,max,437,0.0143,na,0.0024237632751464844,3253,5411,697,True
knapsack_n125m10o5b5_0.txt,SOC Knapsack,16,RelaxGrouping,10000,False,max,437,0.0142,na,0.0024192333221435547,3253,5411,697,True
knapsack_n125m10o5b5_0.txt,SOC Knapsack,16,RelaxGrouping,20000,False,max,437,0.0141,na,0.002398967742919922,3253,5411,697,True
knapsack_n125m10o5b5_1.txt,SOC Knapsack,25,RelaxGrouping,500,True,max,1225,0.0569,0.0088,0.002694845199584961,3144,5938,427,True
knapsack_n125m10o5b5_1.txt,SOC Knapsack,25,RelaxGrouping,1000,True,max,1244,0.1116,0.0174,0.0031096935272216797,3872,7379,735,True
knapsack_n125m10o5b5_1.txt,SOC Knapsack,25,RelaxGrouping,2000,True,max,1248,0.221,0.0413,0.00391387939453125,4585,8796,1009,True
knapsack_n125m10o5b5_1.txt,SOC Knapsack,25,RelaxGrouping,5000,True,max,1202,0.6268,0.1138,0.00606226921081543,5701,11132,1422,True
knapsack_n125m10o5b5_1.txt,SOC Knapsack,25,RelaxGrouping,10000,True,max,1159,1.3313,0.2354,0.008436203002929688,7268,14075,1621,True
knapsack_n125m10o5b5_1.txt,SOC Knapsack,25,RelaxGrouping,500,False,max,1225,0.0588,na,0.007117033004760742,7508,14118,500,True
knapsack_n125m10o5b5_1.txt,SOC Knapsack,25,RelaxGrouping,20000,True,max,1130,2.8492,0.4172,0.009720325469970703,8424,16424,1695,True
knapsack_n125m10o5b5_1.txt,SOC Knapsack,25,RelaxGrouping,1000,False,max,1244,0.1147,na,0.014482498168945312,13934,26560,1000,True
knapsack_n125m10o5b5_1.txt,SOC Knapsack,25,RelaxGrouping,2000,False,max,1248,0.2169,na,0.02756023406982422,25406,48546,2000,True
knapsack_n125m10o5b5_1.txt,SOC Knapsack,25,RelaxGrouping,5000,False,max,1202,0.5975,na,0.1385643482208252,56281,106576,4994,True
knapsack_n125m10o5b5_1.txt,SOC Knapsack,25,RelaxGrouping,10000,False,max,1159,1.3168,na,0.2645437717437744,99582,188041,9984,True
knapsack_n125m10o5b5_2.txt,SOC Knapsack,22,RelaxGrouping,500,True,max,858,0.0438,0.0074,0.0014162063598632812,1734,3240,333,True
knapsack_n125m10o5b5_2.txt,SOC Knapsack,22,RelaxGrouping,1000,True,max,860,0.087,0.0138,0.0016431808471679688,2057,3850,461,True
knapsack_n125m10o5b5_1.txt,SOC Knapsack,25,RelaxGrouping,20000,False,max,1130,2.7561,na,0.4974493980407715,173180,312147,19942,True
knapsack_n125m10o5b5_2.txt,SOC Knapsack,22,RelaxGrouping,2000,True,max,835,0.1488,0.0258,0.0017979145050048828,2210,4189,494,True
knapsack_n125m10o5b5_2.txt,SOC Knapsack,22,RelaxGrouping,5000,True,max,798,0.3734,0.0766,0.001644134521484375,1801,3513,345,True
knapsack_n125m10o5b5_2.txt,SOC Knapsack,22,RelaxGrouping,10000,True,max,795,0.7319,0.1002,0.001963376998901367,2261,4386,436,True
knapsack_n125m10o5b5_2.txt,SOC Knapsack,22,RelaxGrouping,500,False,max,858,0.0446,na,0.005103588104248047,6091,11846,499,True
knapsack_n125m10o5b5_2.txt,SOC Knapsack,22,RelaxGrouping,20000,True,max,795,1.1246,0.1868,0.0023403167724609375,2908,5553,544,True
knapsack_n125m10o5b5_2.txt,SOC Knapsack,22,RelaxGrouping,1000,False,max,860,0.0906,na,0.00983881950378418,11099,21726,997,True
knapsack_n125m10o5b5_2.txt,SOC Knapsack,22,RelaxGrouping,2000,False,max,835,0.1466,na,0.03165578842163086,19545,38239,1997,True
knapsack_n125m10o5b5_2.txt,SOC Knapsack,22,RelaxGrouping,5000,False,max,798,0.3886,na,0.08943700790405273,40156,76883,4994,True
knapsack_n125m10o5b5_2.txt,SOC Knapsack,22,RelaxGrouping,10000,False,max,795,0.7623,na,0.16267132759094238,64107,120366,9976,True
knapsack_n125m10o5b5_2.txt,SOC Knapsack,22,RelaxGrouping,20000,False,max,795,1.1268,na,0.12152671813964844,90808,169965,19984,True
knapsack_n125m10o5b5_3.txt,SOC Knapsack,18,RelaxGrouping,500,True,max,772,0.0192,0.0036,0.0006453990936279297,737,1307,145,True
knapsack_n125m10o5b5_3.txt,SOC Knapsack,18,RelaxGrouping,1000,True,max,747,0.0256,0.0052,0.0005958080291748047,741,1327,135,True
knapsack_n125m10o5b5_3.txt,SOC Knapsack,18,RelaxGrouping,2000,True,max,747,0.0236,0.0057,0.0006051063537597656,748,1334,132,True
knapsack_n125m10o5b5_3.txt,SOC Knapsack,18,RelaxGrouping,5000,True,max,747,0.0238,0.0057,0.0006029605865478516,748,1334,132,True
knapsack_n125m10o5b5_3.txt,SOC Knapsack,18,RelaxGrouping,10000,True,max,747,0.0227,0.0056,0.0005896091461181641,748,1334,132,True
knapsack_n125m10o5b5_3.txt,SOC Knapsack,18,RelaxGrouping,20000,True,max,747,0.0244,0.0058,0.0006296634674072266,748,1334,132,True
knapsack_n125m10o5b5_3.txt,SOC Knapsack,18,RelaxGrouping,500,False,max,772,0.0185,na,0.0028471946716308594,3177,5610,497,True
knapsack_n125m10o5b5_3.txt,SOC Knapsack,18,RelaxGrouping,1000,False,max,747,0.0255,na,0.003600597381591797,4903,7934,997,True
knapsack_n125m10o5b5_3.txt,SOC Knapsack,18,RelaxGrouping,2000,False,max,747,0.0232,na,0.004395008087158203,5418,8614,1299,True
knapsack_n125m10o5b5_3.txt,SOC Knapsack,18,RelaxGrouping,5000,False,max,747,0.0232,na,0.004381895065307617,5418,8614,1299,True
knapsack_n125m10o5b5_3.txt,SOC Knapsack,18,RelaxGrouping,10000,False,max,747,0.0237,na,0.004424333572387695,5418,8614,1299,True
knapsack_n125m10o5b5_3.txt,SOC Knapsack,18,RelaxGrouping,20000,False,max,747,0.0223,na,0.004338502883911133,5418,8614,1299,True
knapsack_n125m10o5b5_4.txt,SOC Knapsack,21,RelaxGrouping,500,True,max,857,0.0428,0.0072,0.002120494842529297,2406,4561,443,True
knapsack_n125m10o5b5_4.txt,SOC Knapsack,21,RelaxGrouping,1000,True,max,860,0.0824,0.0124,0.0024034976959228516,2932,5620,693,True
knapsack_n125m10o5b5_4.txt,SOC Knapsack,21,RelaxGrouping,2000,True,max,875,0.1429,0.0245,0.002713918685913086,3222,6202,877,True
knapsack_n125m10o5b5_4.txt,SOC Knapsack,21,RelaxGrouping,5000,True,max,847,0.336,0.0659,0.0035102367401123047,3974,7636,928,True
knapsack_n125m10o5b5_4.txt,SOC Knapsack,21,RelaxGrouping,10000,True,max,824,0.6381,0.0898,0.003896474838256836,3848,7374,899,True
knapsack_n125m10o5b5_4.txt,SOC Knapsack,21,RelaxGrouping,20000,True,max,793,0.891,0.15,0.002460479736328125,2758,5404,554,True
knapsack_n125m10o5b5_4.txt,SOC Knapsack,21,RelaxGrouping,500,False,max,857,0.0431,na,0.004434347152709961,5535,10412,500,True
knapsack_n125m10o5b5_4.txt,SOC Knapsack,21,RelaxGrouping,1000,False,max,860,0.0798,na,0.00850224494934082,9988,19054,1000,True
knapsack_n125m10o5b5_4.txt,SOC Knapsack,21,RelaxGrouping,2000,False,max,875,0.1345,na,0.015854597091674805,17501,33189,1996,True
knapsack_n125m10o5b5_4.txt,SOC Knapsack,21,RelaxGrouping,5000,False,max,847,0.3256,na,0.03795886039733887,35444,65900,4983,True
knapsack_n125m10o5b5_4.txt,SOC Knapsack,21,RelaxGrouping,10000,False,max,824,0.577,na,0.06313443183898926,56403,100834,9988,True
knapsack_n125m10o5b5_4.txt,SOC Knapsack,21,RelaxGrouping,20000,False,max,793,0.8843,na,0.22020554542541504,87353,143931,19975,True
knapsack_n125m20o1b5_0.txt,SOC Knapsack,29,RelaxGrouping,500,True,max,1088,0.0721,0.0131,0.002841472625732422,3070,5903,391,True
knapsack_n125m20o1b5_0.txt,SOC Knapsack,29,RelaxGrouping,1000,True,max,1088,0.1454,0.0274,0.003269672393798828,3918,7582,663,True
knapsack_n125m20o1b5_0.txt,SOC Knapsack,29,RelaxGrouping,2000,True,max,1090,0.3102,0.054,0.004790782928466797,4823,9382,1011,True
knapsack_n125m20o1b5_0.txt,SOC Knapsack,29,RelaxGrouping,5000,True,max,1106,0.9747,0.1298,0.006595134735107422,6993,13693,1447,True
knapsack_n125m20o1b5_0.txt,SOC Knapsack,29,RelaxGrouping,10000,True,max,1088,2.162,0.3457,0.010551214218139648,9329,18356,1912,True
knapsack_n125m20o1b5_0.txt,SOC Knapsack,29,RelaxGrouping,500,False,max,1088,0.0732,na,0.024374723434448242,9754,18971,500,True
knapsack_n125m20o1b5_0.txt,SOC Knapsack,29,RelaxGrouping,1000,False,max,1088,0.1483,na,0.01906871795654297,18629,36384,1000,True
knapsack_n125m20o1b5_0.txt,SOC Knapsack,29,RelaxGrouping,20000,True,max,1087,4.6421,0.6506,0.017105817794799805,12494,24654,2772,True
knapsack_n125m20o1b5_0.txt,SOC Knapsack,29,RelaxGrouping,2000,False,max,1090,0.307,na,0.03338623046875,34640,67901,2000,True
knapsack_n125m20o1b5_0.txt,SOC Knapsack,29,RelaxGrouping,5000,False,max,1106,0.9541,na,0.09012317657470703,80061,156424,4983,True
knapsack_n125m20o1b5_0.txt,SOC Knapsack,29,RelaxGrouping,10000,False,max,1088,2.3193,na,0.1883540153503418,150263,291163,9994,True
knapsack_n125m20o1b5_1.txt,SOC Knapsack,20,RelaxGrouping,500,True,max,894,0.0331,0.0057,0.0010142326354980469,1293,2416,255,True
knapsack_n125m20o1b5_1.txt,SOC Knapsack,20,RelaxGrouping,1000,True,max,910,0.0569,0.0113,0.0012483596801757812,1424,2711,306,True
knapsack_n125m20o1b5_1.txt,SOC Knapsack,20,RelaxGrouping,2000,True,max,889,0.1043,0.0215,0.00147247314453125,1633,3083,332,True
knapsack_n125m20o1b5_0.txt,SOC Knapsack,29,RelaxGrouping,20000,False,max,1087,4.6834,na,0.7865540981292725,275967,532468,19935,True
knapsack_n125m20o1b5_1.txt,SOC Knapsack,20,RelaxGrouping,5000,True,max,828,0.1375,0.0366,0.001711130142211914,2057,3843,399,True
knapsack_n125m20o1b5_1.txt,SOC Knapsack,20,RelaxGrouping,10000,True,max,828,0.1297,0.034,0.0016083717346191406,1983,3717,382,True
knapsack_n125m20o1b5_1.txt,SOC Knapsack,20,RelaxGrouping,20000,True,max,828,0.1299,0.0337,0.0016050338745117188,1983,3717,382,True
knapsack_n125m20o1b5_1.txt,SOC Knapsack,20,RelaxGrouping,500,False,max,894,0.0317,na,0.003971099853515625,5016,9378,500,True
knapsack_n125m20o1b5_1.txt,SOC Knapsack,20,RelaxGrouping,1000,False,max,910,0.0556,na,0.007250308990478516,8730,16123,995,True
knapsack_n125m20o1b5_1.txt,SOC Knapsack,20,RelaxGrouping,2000,False,max,889,0.1021,na,0.012922286987304688,14762,26438,2000,True
knapsack_n125m20o1b5_1.txt,SOC Knapsack,20,RelaxGrouping,5000,False,max,828,0.1351,na,0.040962934494018555,26034,40607,4986,True
knapsack_n125m20o1b5_1.txt,SOC Knapsack,20,RelaxGrouping,10000,False,max,828,0.13,na,0.03793787956237793,26581,41153,5173,True
knapsack_n125m20o1b5_1.txt,SOC Knapsack,20,RelaxGrouping,20000,False,max,828,0.123,na,0.038875579833984375,26581,41153,5173,True
knapsack_n125m20o1b5_2.txt,SOC Knapsack,15,RelaxGrouping,500,True,max,583,0.0137,0.0027,0.0004057884216308594,520,955,115,True
knapsack_n125m20o1b5_2.txt,SOC Knapsack,15,RelaxGrouping,1000,True,max,570,0.0133,0.0031,0.0003008842468261719,360,668,76,True
knapsack_n125m20o1b5_2.txt,SOC Knapsack,15,RelaxGrouping,2000,True,max,570,0.0131,0.003,0.0002853870391845703,360,668,76,True
knapsack_n125m20o1b5_2.txt,SOC Knapsack,15,RelaxGrouping,5000,True,max,570,0.0137,0.0032,0.0003008842468261719,360,668,76,True
knapsack_n125m20o1b5_2.txt,SOC Knapsack,15,RelaxGrouping,10000,True,max,570,0.0133,0.0031,0.0003273487091064453,360,668,76,True
knapsack_n125m20o1b5_2.txt,SOC Knapsack,15,RelaxGrouping,20000,True,max,570,0.0133,0.0031,0.00031065940856933594,360,668,76,True
knapsack_n125m20o1b5_2.txt,SOC Knapsack,15,RelaxGrouping,500,False,max,583,0.0138,na,0.0018961429595947266,2416,4265,497,True
knapsack_n125m20o1b5_2.txt,SOC Knapsack,15,RelaxGrouping,1000,False,max,570,0.0138,na,0.0022666454315185547,3070,4930,787,True
knapsack_n125m20o1b5_2.txt,SOC Knapsack,15,RelaxGrouping,2000,False,max,570,0.0135,na,0.002210378646850586,3070,4930,787,True
knapsack_n125m20o1b5_2.txt,SOC Knapsack,15,RelaxGrouping,5000,False,max,570,0.0134,na,0.002233266830444336,3070,4930,787,True
knapsack_n125m20o1b5_2.txt,SOC Knapsack,15,RelaxGrouping,10000,False,max,570,0.0136,na,0.002245187759399414,3070,4930,787,True
knapsack_n125m20o1b5_2.txt,SOC Knapsack,15,RelaxGrouping,20000,False,max,570,0.0135,na,0.002239227294921875,3070,4930,787,True
knapsack_n125m20o1b5_3.txt,SOC Knapsack,19,RelaxGrouping,500,True,max,668,0.0324,0.0054,0.0007922649383544922,953,1795,207,True
knapsack_n125m20o1b5_3.txt,SOC Knapsack,19,RelaxGrouping,1000,True,max,668,0.0552,0.0101,0.0009088516235351562,1094,2056,236,True
knapsack_n125m20o1b5_3.txt,SOC Knapsack,19,RelaxGrouping,2000,True,max,626,0.0896,0.0166,0.0008168220520019531,1085,2042,213,True
knapsack_n125m20o1b5_3.txt,SOC Knapsack,19,RelaxGrouping,5000,True,max,614,0.1242,0.0286,0.001239776611328125,1470,2748,277,True
knapsack_n125m20o1b5_3.txt,SOC Knapsack,19,RelaxGrouping,10000,True,max,614,0.1087,0.0261,0.0010914802551269531,1338,2512,248,True
knapsack_n125m20o1b5_3.txt,SOC Knapsack,19,RelaxGrouping,20000,True,max,614,0.1092,0.0259,0.0010790824890136719,1338,2512,248,True
knapsack_n125m20o1b5_3.txt,SOC Knapsack,19,RelaxGrouping,500,False,max,668,0.0319,na,0.0036308765411376953,4825,9114,499,True
knapsack_n125m20o1b5_3.txt,SOC Knapsack,19,RelaxGrouping,1000,False,max,668,0.0554,na,0.007048130035400391,8458,15705,1000,True
knapsack_n125m20o1b5_3.txt,SOC Knapsack,19,RelaxGrouping,2000,False,max,626,0.093,na,0.011613607406616211,13805,24830,1996,True
knapsack_n125m20o1b5_3.txt,SOC Knapsack,19,RelaxGrouping,5000,False,max,614,0.12,na,0.019361257553100586,22345,35901,4992,True
knapsack_n125m20o1b5_3.txt,SOC Knapsack,19,RelaxGrouping,10000,False,max,614,0.1059,na,0.01799154281616211,22731,36285,5114,True
knapsack_n125m20o1b5_3.txt,SOC Knapsack,19,RelaxGrouping,20000,False,max,614,0.1047,na,0.017688512802124023,22731,36285,5114,True
knapsack_n125m20o1b5_4.txt,SOC Knapsack,36,RelaxGrouping,500,True,max,1547,0.112,0.0173,0.004109382629394531,4821,9303,390,True
knapsack_n125m20o1b5_4.txt,SOC Knapsack,36,RelaxGrouping,1000,True,max,1568,0.217,0.0329,0.004901409149169922,5776,11239,605,True
knapsack_n125m20o1b5_4.txt,SOC Knapsack,36,RelaxGrouping,2000,True,max,1589,0.4524,0.0769,0.00644683837890625,7200,14099,989,True
knapsack_n125m20o1b5_4.txt,SOC Knapsack,36,RelaxGrouping,5000,True,max,1647,1.571,0.2127,0.010809898376464844,10008,19725,1710,True
knapsack_n125m20o1b5_4.txt,SOC Knapsack,36,RelaxGrouping,500,False,max,1547,0.1195,na,0.012599945068359375,13200,25697,500,True
knapsack_n125m20o1b5_4.txt,SOC Knapsack,36,RelaxGrouping,10000,True,max,1578,3.3668,0.4399,0.018416404724121094,13862,27384,2894,True
knapsack_n125m20o1b5_4.txt,SOC Knapsack,36,RelaxGrouping,1000,False,max,1568,0.226,na,0.02639317512512207,25484,50062,1000,True
knapsack_n125m20o1b5_4.txt,SOC Knapsack,36,RelaxGrouping,2000,False,max,1589,0.4636,na,0.052771806716918945,49275,97417,2000,True
knapsack_n125m20o1b5_4.txt,SOC Knapsack,36,RelaxGrouping,20000,True,max,1615,7.2816,0.9555,0.031116247177124023,19145,37902,4213,True
knapsack_n125m20o1b5_4.txt,SOC Knapsack,36,RelaxGrouping,5000,False,max,1647,1.5552,na,0.14130496978759766,116381,230644,5000,True
knapsack_n125m20o3b5_0.txt,SOC Knapsack,29,RelaxGrouping,500,True,max,1143,0.0705,0.0121,0.002538919448852539,2991,5681,404,True
knapsack_n125m20o1b5_4.txt,SOC Knapsack,36,RelaxGrouping,10000,False,max,1578,3.4458,na,0.591578483581543,221330,438522,10000,True
knapsack_n125m20o3b5_0.txt,SOC Knapsack,29,RelaxGrouping,1000,True,max,1157,0.1431,0.0268,0.0032432079315185547,3564,6822,631,True
knapsack_n125m20o3b5_0.txt,SOC Knapsack,29,RelaxGrouping,2000,True,max,1152,0.3052,0.0548,0.004303455352783203,4807,9278,982,True
knapsack_n125m20o3b5_0.txt,SOC Knapsack,29,RelaxGrouping,5000,True,max,1116,0.9554,0.1413,0.02082657814025879,6918,13393,1667,True
knapsack_n125m20o1b5_4.txt,SOC Knapsack,36,RelaxGrouping,20000,False,max,1615,7.2842,na,1.260918140411377,422901,837671,20000,True
knapsack_n125m20o3b5_0.txt,SOC Knapsack,29,RelaxGrouping,10000,True,max,1113,2.0969,0.3189,0.008309125900268555,8721,17021,2128,True
knapsack_n125m20o3b5_0.txt,SOC Knapsack,29,RelaxGrouping,500,False,max,1143,0.0709,na,0.018471479415893555,9750,18786,500,True
knapsack_n125m20o3b5_0.txt,SOC Knapsack,29,RelaxGrouping,1000,False,max,1157,0.1414,na,0.01764535903930664,18490,35900,1000,True
knapsack_n125m20o3b5_0.txt,SOC Knapsack,29,RelaxGrouping,2000,False,max,1152,0.3245,na,0.03761696815490723,34702,67548,1999,True
knapsack_n125m20o3b5_0.txt,SOC Knapsack,29,RelaxGrouping,20000,True,max,1087,4.6427,0.6268,0.011075496673583984,10101,19838,2402,True
knapsack_n125m20o3b5_0.txt,SOC Knapsack,29,RelaxGrouping,5000,False,max,1116,0.8177,na,0.1717989444732666,78783,152750,4990,True
knapsack_n125m20o3b5_0.txt,SOC Knapsack,29,RelaxGrouping,10000,False,max,1113,2.0892,na,0.40966129302978516,147561,284999,9996,True
knapsack_n125m20o3b5_1.txt,SOC Knapsack,20,RelaxGrouping,500,True,max,910,0.0299,0.0057,0.0010597705841064453,1280,2372,296,True
knapsack_n125m20o3b5_1.txt,SOC Knapsack,20,RelaxGrouping,1000,True,max,912,0.0521,0.0101,0.001337289810180664,1549,2911,336,True
knapsack_n125m20o3b5_1.txt,SOC Knapsack,20,RelaxGrouping,2000,True,max,889,0.0873,0.0165,0.0013966560363769531,1723,3212,355,True
knapsack_n125m20o3b5_0.txt,SOC Knapsack,29,RelaxGrouping,20000,False,max,1087,4.63,na,0.3949868679046631,263111,504201,19967,True
knapsack_n125m20o3b5_1.txt,SOC Knapsack,20,RelaxGrouping,5000,True,max,828,0.0971,0.0224,0.0014064311981201172,1784,3310,353,True
knapsack_n125m20o3b5_1.txt,SOC Knapsack,20,RelaxGrouping,10000,True,max,828,0.0934,0.0237,0.0014438629150390625,1784,3310,353,True
knapsack_n125m20o3b5_1.txt,SOC Knapsack,20,RelaxGrouping,20000,True,max,828,0.0959,0.0232,0.0014300346374511719,1784,3310,353,True
knapsack_n125m20o3b5_1.txt,SOC Knapsack,20,RelaxGrouping,500,False,max,910,0.0304,na,0.0037262439727783203,4771,8738,497,True
knapsack_n125m20o3b5_1.txt,SOC Knapsack,20,RelaxGrouping,1000,False,max,912,0.0501,na,0.00737762451171875,8340,14744,995,True
knapsack_n125m20o3b5_1.txt,SOC Knapsack,20,RelaxGrouping,2000,False,max,889,0.09,na,0.013000965118408203,14154,23826,1998,True
knapsack_n125m20o3b5_1.txt,SOC Knapsack,20,RelaxGrouping,5000,False,max,828,0.0951,na,0.01608753204345703,19983,30588,3507,True
knapsack_n125m20o3b5_1.txt,SOC Knapsack,20,RelaxGrouping,10000,False,max,828,0.0963,na,0.01663041114807129,19983,30588,3507,True
knapsack_n125m20o3b5_1.txt,SOC Knapsack,20,RelaxGrouping,20000,False,max,828,0.0965,na,0.016090869903564453,19983,30588,3507,True
knapsack_n125m20o3b5_2.txt,SOC Knapsack,15,RelaxGrouping,500,True,max,570,0.0099,0.0021,0.0002765655517578125,334,598,61,True
knapsack_n125m20o3b5_2.txt,SOC Knapsack,15,RelaxGrouping,1000,True,max,542,0.0094,0.0022,0.0002491474151611328,315,570,59,True
knapsack_n125m20o3b5_2.txt,SOC Knapsack,15,RelaxGrouping,2000,True,max,542,0.0091,0.0021,0.00026345252990722656,315,570,59,True
knapsack_n125m20o3b5_2.txt,SOC Knapsack,15,RelaxGrouping,5000,True,max,542,0.0093,0.0021,0.00024366378784179688,315,570,59,True
knapsack_n125m20o3b5_2.txt,SOC Knapsack,15,RelaxGrouping,10000,True,max,542,0.0093,0.0021,0.0002651214599609375,315,570,59,True
knapsack_n125m20o3b5_2.txt,SOC Knapsack,15,RelaxGrouping,20000,True,max,542,0.0095,0.0021,0.00027680397033691406,315,570,59,True
knapsack_n125m20o3b5_2.txt,SOC Knapsack,15,RelaxGrouping,500,False,max,570,0.0099,na,0.0019042491912841797,2074,3350,500,True
knapsack_n125m20o3b5_2.txt,SOC Knapsack,15,RelaxGrouping,1000,False,max,542,0.0093,na,0.0019299983978271484,2113,3384,518,True
knapsack_n125m20o3b5_2.txt,SOC Knapsack,15,RelaxGrouping,2000,False,max,542,0.0093,na,0.0019392967224121094,2113,3384,518,True
knapsack_n125m20o3b5_2.txt,SOC Knapsack,15,RelaxGrouping,5000,False,max,542,0.0092,na,0.0019469261169433594,2113,3384,518,True
knapsack_n125m20o3b5_2.txt,SOC Knapsack,15,RelaxGrouping,10000,False,max,542,0.0093,na,0.001951456069946289,2113,3384,518,True
knapsack_n125m20o3b5_2.txt,SOC Knapsack,15,RelaxGrouping,20000,False,max,542,0.009,na,0.0019040107727050781,2113,3384,518,True
knapsack_n125m20o3b5_3.txt,SOC Knapsack,19,RelaxGrouping,500,True,max,672,0.0299,0.0053,0.0007929801940917969,987,1840,209,True
knapsack_n125m20o3b5_3.txt,SOC Knapsack,19,RelaxGrouping,1000,True,max,644,0.0503,0.0096,0.0006866455078125,825,1575,157,True
knapsack_n125m20o3b5_3.txt,SOC Knapsack,19,RelaxGrouping,2000,True,max,620,0.0808,0.0141,0.0008742809295654297,1181,2178,220,True
knapsack_n125m20o3b5_3.txt,SOC Knapsack,19,RelaxGrouping,5000,True,max,613,0.0809,0.0178,0.0010449886322021484,1234,2281,228,True
knapsack_n125m20o3b5_3.txt,SOC Knapsack,19,RelaxGrouping,10000,True,max,613,0.0836,0.0182,0.0009853839874267578,1234,2281,228,True
knapsack_n125m20o3b5_3.txt,SOC Knapsack,19,RelaxGrouping,20000,True,max,613,0.0772,0.0186,0.0010340213775634766,1234,2281,228,True
knapsack_n125m20o3b5_3.txt,SOC Knapsack,19,RelaxGrouping,500,False,max,672,0.0308,na,0.0041239261627197266,4679,8728,500,True
knapsack_n125m20o3b5_3.txt,SOC Knapsack,19,RelaxGrouping,1000,False,max,644,0.0488,na,0.006776094436645508,7890,14289,991,True
knapsack_n125m20o3b5_3.txt,SOC Knapsack,19,RelaxGrouping,2000,False,max,620,0.0827,na,0.010063886642456055,12327,21592,1995,True
knapsack_n125m20o3b5_3.txt,SOC Knapsack,19,RelaxGrouping,5000,False,max,613,0.078,na,0.013024568557739258,16420,26025,3554,True
knapsack_n125m20o3b5_3.txt,SOC Knapsack,19,RelaxGrouping,10000,False,max,613,0.0875,na,0.013842582702636719,16420,26025,3554,True
knapsack_n125m20o3b5_3.txt,SOC Knapsack,19,RelaxGrouping,20000,False,max,613,0.083,na,0.013896703720092773,16420,26025,3554,True
knapsack_n125m20o3b5_4.txt,SOC Knapsack,36,RelaxGrouping,500,True,max,1604,0.1115,0.0189,0.005491018295288086,5071,9803,434,True
knapsack_n125m20o3b5_4.txt,SOC Knapsack,36,RelaxGrouping,1000,True,max,1608,0.2137,0.0335,0.005849599838256836,6565,12718,791,True
knapsack_n125m20o3b5_4.txt,SOC Knapsack,36,RelaxGrouping,2000,True,max,1619,0.4673,0.078,0.010521173477172852,8443,16450,1346,True
knapsack_n125m20o3b5_4.txt,SOC Knapsack,36,RelaxGrouping,5000,True,max,1627,1.4652,0.206,0.01279306411743164,11497,22574,2313,True
knapsack_n125m20o3b5_4.txt,SOC Knapsack,36,RelaxGrouping,500,False,max,1604,0.1185,na,0.012634515762329102,13234,25869,500,True
knapsack_n125m20o3b5_4.txt,SOC Knapsack,36,RelaxGrouping,10000,True,max,1627,3.4837,0.4876,0.023357391357421875,14283,28141,2799,True
knapsack_n125m20o3b5_4.txt,SOC Knapsack,36,RelaxGrouping,1000,False,max,1608,0.2228,na,0.026618003845214844,25314,49625,1000,True
knapsack_n125m20o3b5_4.txt,SOC Knapsack,36,RelaxGrouping,2000,False,max,1619,0.4619,na,0.054178476333618164,49188,96977,2000,True
knapsack_n125m20o3b5_4.txt,SOC Knapsack,36,RelaxGrouping,20000,True,max,1658,7.2465,0.9697,0.029306650161743164,18893,37236,3897,True
knapsack_n125m20o3b5_4.txt,SOC Knapsack,36,RelaxGrouping,5000,False,max,1627,1.5333,na,0.29536914825439453,115738,228707,4998,True
knapsack_n125m20o5b5_0.txt,SOC Knapsack,29,RelaxGrouping,500,True,max,1178,0.0719,0.0128,0.002630949020385742,3043,5736,437,True
knapsack_n125m20o3b5_4.txt,SOC Knapsack,36,RelaxGrouping,10000,False,max,1627,3.591,na,0.6110339164733887,219270,433583,10000,True
knapsack_n125m20o5b5_0.txt,SOC Knapsack,29,RelaxGrouping,1000,True,max,1142,0.145,0.0249,0.003318309783935547,3829,7282,777,True
knapsack_n125m20o5b5_0.txt,SOC Knapsack,29,RelaxGrouping,2000,True,max,1124,0.3129,0.0572,0.004621982574462891,4845,9323,1071,True
knapsack_n125m20o5b5_0.txt,SOC Knapsack,29,RelaxGrouping,5000,True,max,1113,0.8481,0.1422,0.005388975143432617,5751,11123,1218,True
knapsack_n125m20o3b5_4.txt,SOC Knapsack,36,RelaxGrouping,20000,False,max,1658,7.3232,na,1.248091220855713,420567,828512,19999,True
knapsack_n125m20o5b5_0.txt,SOC Knapsack,29,RelaxGrouping,500,False,max,1178,0.0703,na,0.016588211059570312,9632,18546,499,True
knapsack_n125m20o5b5_0.txt,SOC Knapsack,29,RelaxGrouping,10000,True,max,1090,2.0748,0.2696,0.006180763244628906,6951,13558,1352,True
knapsack_n125m20o5b5_0.txt,SOC Knapsack,29,RelaxGrouping,1000,False,max,1142,0.1321,na,0.015857934951782227,18059,35095,1000,True
knapsack_n125m20o5b5_0.txt,SOC Knapsack,29,RelaxGrouping,2000,False,max,1124,0.3032,na,0.03698325157165527,34330,66732,1999,True
knapsack_n125m20o5b5_0.txt,SOC Knapsack,29,RelaxGrouping,20000,True,max,1051,4.0924,0.5896,0.012241125106811523,9836,19468,1926,True
knapsack_n125m20o5b5_0.txt,SOC Knapsack,29,RelaxGrouping,5000,False,max,1113,0.7615,na,0.17368173599243164,76676,148414,4992,True
knapsack_n125m20o5b5_0.txt,SOC Knapsack,29,RelaxGrouping,10000,False,max,1090,1.8948,na,0.4042198657989502,143738,275077,9943,True
knapsack_n125m20o5b5_1.txt,SOC Knapsack,20,RelaxGrouping,500,True,max,912,0.0288,0.0055,0.0009946823120117188,1181,2182,268,True
knapsack_n125m20o5b5_1.txt,SOC Knapsack,20,RelaxGrouping,1000,True,max,912,0.048,0.0091,0.0010700225830078125,1367,2548,312,True
knapsack_n125m20o5b5_1.txt,SOC Knapsack,20,RelaxGrouping,2000,True,max,849,0.0701,0.0142,0.0010471343994140625,1267,2416,252,True
knapsack_n125m20o5b5_0.txt,SOC Knapsack,29,RelaxGrouping,20000,False,max,1051,4.2054,na,0.7745535373687744,256149,486181,19967,True
knapsack_n125m20o5b5_1.txt,SOC Knapsack,20,RelaxGrouping,5000,True,max,828,0.0798,0.0174,0.0012488365173339844,1574,2907,336,True
knapsack_n125m20o5b5_1.txt,SOC Knapsack,20,RelaxGrouping,10000,True,max,828,0.0796,0.0182,0.0012576580047607422,1574,2907,336,True
knapsack_n125m20o5b5_1.txt,SOC Knapsack,20,RelaxGrouping,20000,True,max,828,0.0774,0.0177,0.0012996196746826172,1574,2907,336,True
knapsack_n125m20o5b5_1.txt,SOC Knapsack,20,RelaxGrouping,500,False,max,912,0.0285,na,0.004024982452392578,4492,8209,500,True
knapsack_n125m20o5b5_1.txt,SOC Knapsack,20,RelaxGrouping,1000,False,max,912,0.0476,na,0.00656437873840332,7874,13961,996,True
knapsack_n125m20o5b5_1.txt,SOC Knapsack,20,RelaxGrouping,2000,False,max,849,0.0691,na,0.009925127029418945,11844,19187,1969,True
knapsack_n125m20o5b5_1.txt,SOC Knapsack,20,RelaxGrouping,5000,False,max,828,0.0822,na,0.01327371597290039,15551,23673,3050,True
knapsack_n125m20o5b5_1.txt,SOC Knapsack,20,RelaxGrouping,10000,False,max,828,0.0747,na,0.012313127517700195,15551,23673,3050,True
knapsack_n125m20o5b5_1.txt,SOC Knapsack,20,RelaxGrouping,20000,False,max,828,0.0731,na,0.012020111083984375,15551,23673,3050,True
knapsack_n125m20o5b5_2.txt,SOC Knapsack,15,RelaxGrouping,500,True,max,542,0.007,0.0016,0.00021338462829589844,256,468,46,True
knapsack_n125m20o5b5_2.txt,SOC Knapsack,15,RelaxGrouping,1000,True,max,542,0.007,0.0016,0.0002186298370361328,256,468,46,True
knapsack_n125m20o5b5_2.txt,SOC Knapsack,15,RelaxGrouping,2000,True,max,542,0.007,0.0015,0.00020813941955566406,256,468,46,True
knapsack_n125m20o5b5_2.txt,SOC Knapsack,15,RelaxGrouping,5000,True,max,542,0.0072,0.0016,0.0002467632293701172,256,468,46,True
knapsack_n125m20o5b5_2.txt,SOC Knapsack,15,RelaxGrouping,10000,True,max,542,0.0072,0.0016,0.00021600723266601562,256,468,46,True
knapsack_n125m20o5b5_2.txt,SOC Knapsack,15,RelaxGrouping,20000,True,max,542,0.0069,0.0016,0.00021409988403320312,256,468,46,True
knapsack_n125m20o5b5_2.txt,SOC Knapsack,15,RelaxGrouping,500,False,max,542,0.0069,na,0.0011873245239257812,1559,2474,371,True
knapsack_n125m20o5b5_2.txt,SOC Knapsack,15,RelaxGrouping,1000,False,max,542,0.0068,na,0.0011780261993408203,1559,2474,371,True
knapsack_n125m20o5b5_2.txt,SOC Knapsack,15,RelaxGrouping,2000,False,max,542,0.0069,na,0.001165628433227539,1559,2474,371,True
knapsack_n125m20o5b5_2.txt,SOC Knapsack,15,RelaxGrouping,5000,False,max,542,0.007,na,0.0011844635009765625,1559,2474,371,True
knapsack_n125m20o5b5_2.txt,SOC Knapsack,15,RelaxGrouping,10000,False,max,542,0.0069,na,0.0012040138244628906,1559,2474,371,True
knapsack_n125m20o5b5_2.txt,SOC Knapsack,15,RelaxGrouping,20000,False,max,542,0.007,na,0.0011875629425048828,1559,2474,371,True
knapsack_n125m20o5b5_3.txt,SOC Knapsack,19,RelaxGrouping,500,True,max,631,0.0282,0.005,0.0006709098815917969,849,1540,171,True
knapsack_n125m20o5b5_3.txt,SOC Knapsack,19,RelaxGrouping,1000,True,max,626,0.0428,0.0082,0.0007252693176269531,918,1722,164,True
knapsack_n125m20o5b5_3.txt,SOC Knapsack,19,RelaxGrouping,2000,True,max,615,0.0568,0.012,0.004795551300048828,1204,2194,222,True
knapsack_n125m20o5b5_3.txt,SOC Knapsack,19,RelaxGrouping,5000,True,max,615,0.0564,0.0146,0.0008783340454101562,1069,1961,189,True
knapsack_n125m20o5b5_3.txt,SOC Knapsack,19,RelaxGrouping,10000,True,max,615,0.0544,0.0142,0.0008938312530517578,1069,1961,189,True
knapsack_n125m20o5b5_3.txt,SOC Knapsack,19,RelaxGrouping,20000,True,max,615,0.0556,0.0133,0.0008552074432373047,1069,1961,189,True
knapsack_n125m20o5b5_3.txt,SOC Knapsack,19,RelaxGrouping,500,False,max,631,0.0277,na,0.00397944450378418,4356,8079,500,True
knapsack_n125m20o5b5_3.txt,SOC Knapsack,19,RelaxGrouping,1000,False,max,626,0.0429,na,0.006017208099365234,7308,12993,989,True
knapsack_n125m20o5b5_3.txt,SOC Knapsack,19,RelaxGrouping,2000,False,max,615,0.0584,na,0.017203569412231445,11548,18871,1987,True
knapsack_n125m20o5b5_3.txt,SOC Knapsack,19,RelaxGrouping,5000,False,max,615,0.0551,na,0.01947641372680664,12824,20141,2595,True
knapsack_n125m20o5b5_3.txt,SOC Knapsack,19,RelaxGrouping,10000,False,max,615,0.0564,na,0.021097898483276367,12824,20141,2595,True
knapsack_n125m20o5b5_3.txt,SOC Knapsack,19,RelaxGrouping,20000,False,max,615,0.0569,na,0.020325899124145508,12824,20141,2595,True
knapsack_n125m20o5b5_4.txt,SOC Knapsack,36,RelaxGrouping,500,True,max,1617,0.1126,0.0157,0.004448413848876953,5196,10041,447,True
knapsack_n125m20o5b5_4.txt,SOC Knapsack,36,RelaxGrouping,1000,True,max,1608,0.2224,0.0386,0.006703615188598633,6822,13144,849,True
knapsack_n125m20o5b5_4.txt,SOC Knapsack,36,RelaxGrouping,2000,True,max,1608,0.4935,0.0808,0.010347366333007812,8331,16202,1404,True
knapsack_n125m20o5b5_4.txt,SOC Knapsack,36,RelaxGrouping,5000,True,max,1644,1.5286,0.2161,0.01628732681274414,11708,22918,2219,True
knapsack_n125m20o5b5_4.txt,SOC Knapsack,36,RelaxGrouping,500,False,max,1617,0.1164,na,0.012264728546142578,13231,25834,500,True
knapsack_n125m20o5b5_4.txt,SOC Knapsack,36,RelaxGrouping,10000,True,max,1654,3.3294,0.4545,0.022040367126464844,16452,32299,3316,True
knapsack_n125m20o5b5_4.txt,SOC Knapsack,36,RelaxGrouping,1000,False,max,1608,0.2248,na,0.027385234832763672,25391,49797,1000,True
knapsack_n125m20o5b5_4.txt,SOC Knapsack,36,RelaxGrouping,2000,False,max,1608,0.4985,na,0.052359819412231445,48493,95534,2000,True
knapsack_n125m20o5b5_4.txt,SOC Knapsack,36,RelaxGrouping,20000,True,max,1608,7.2779,0.9986,0.04140043258666992,22035,43391,4989,True
knapsack_n125m20o5b5_4.txt,SOC Knapsack,36,RelaxGrouping,5000,False,max,1644,1.5572,na,0.29093456268310547,115287,227629,5000,True
knapsack_n150m10o1b5_0.txt,SOC Knapsack,18,RelaxGrouping,500,True,max,770,0.0248,0.0047,0.0006990432739257812,905,1627,185,True
knapsack_n125m20o5b5_4.txt,SOC Knapsack,36,RelaxGrouping,10000,False,max,1654,3.3557,na,0.5867509841918945,219364,431500,9999,True
knapsack_n150m10o1b5_0.txt,SOC Knapsack,18,RelaxGrouping,1000,True,max,743,0.0342,0.0071,0.0006806850433349609,875,1590,169,True
knapsack_n150m10o1b5_0.txt,SOC Knapsack,18,RelaxGrouping,2000,True,max,723,0.0375,0.009,0.0007531642913818359,951,1714,181,True
knapsack_n150m10o1b5_0.txt,SOC Knapsack,18,RelaxGrouping,5000,True,max,723,0.0386,0.0094,0.0007476806640625,951,1714,181,True
knapsack_n125m20o5b5_4.txt,SOC Knapsack,36,RelaxGrouping,20000,False,max,1608,7.2527,na,0.5108931064605713,409312,804715,19994,True
knapsack_n150m10o1b5_0.txt,SOC Knapsack,18,RelaxGrouping,10000,True,max,723,0.0377,0.0091,0.0007538795471191406,951,1714,181,True
knapsack_n150m10o1b5_0.txt,SOC Knapsack,18,RelaxGrouping,20000,True,max,723,0.0378,0.0088,0.0007653236389160156,951,1714,181,True
knapsack_n150m10o1b5_0.txt,SOC Knapsack,18,RelaxGrouping,500,False,max,770,0.0249,na,0.0036122798919677734,4019,7437,500,True
knapsack_n150m10o1b5_0.txt,SOC Knapsack,18,RelaxGrouping,1000,False,max,743,0.0353,na,0.005331277847290039,6376,11351,997,True
knapsack_n150m10o1b5_0.txt,SOC Knapsack,18,RelaxGrouping,2000,False,max,723,0.0373,na,0.006632089614868164,8456,13908,1664,True
knapsack_n150m10o1b5_0.txt,SOC Knapsack,18,RelaxGrouping,5000,False,max,723,0.0372,na,0.006720781326293945,8456,13908,1664,True
knapsack_n150m10o1b5_0.txt,SOC Knapsack,18,RelaxGrouping,10000,False,max,723,0.0385,na,0.006501197814941406,8456,13908,1664,True
knapsack_n150m10o1b5_0.txt,SOC Knapsack,18,RelaxGrouping,20000,False,max,723,0.0371,na,0.006493806838989258,8456,13908,1664,True
knapsack_n150m10o1b5_1.txt,SOC Knapsack,30,RelaxGrouping,500,True,max,1290,0.0817,0.0127,0.009520769119262695,4442,8610,440,True
knapsack_n150m10o1b5_1.txt,SOC Knapsack,30,RelaxGrouping,1000,True,max,1310,0.1591,0.0301,0.0059092044830322266,5397,10526,781,True
knapsack_n150m10o1b5_1.txt,SOC Knapsack,30,RelaxGrouping,2000,True,max,1290,0.3337,0.0613,0.008100271224975586,7403,14530,1365,True
knapsack_n150m10o1b5_1.txt,SOC Knapsack,30,RelaxGrouping,5000,True,max,1320,1.0599,0.1375,0.011604785919189453,10345,20395,2262,True
knapsack_n150m10o1b5_1.txt,SOC Knapsack,30,RelaxGrouping,500,False,max,1290,0.0824,na,0.018090009689331055,10310,19919,500,True
knapsack_n150m10o1b5_1.txt,SOC Knapsack,30,RelaxGrouping,10000,True,max,1310,2.2758,0.3336,0.01963949203491211,13873,27483,3301,True
knapsack_n150m10o1b5_1.txt,SOC Knapsack,30,RelaxGrouping,1000,False,max,1310,0.1592,na,0.02061915397644043,19612,38232,1000,True
knapsack_n150m10o1b5_1.txt,SOC Knapsack,30,RelaxGrouping,2000,False,max,1290,0.3348,na,0.04109764099121094,37277,72983,2000,True
knapsack_n150m10o1b5_1.txt,SOC Knapsack,30,RelaxGrouping,20000,True,max,1316,5.0854,0.722,0.02154254913330078,18600,36844,4467,True
knapsack_n150m10o1b5_1.txt,SOC Knapsack,30,RelaxGrouping,5000,False,max,1320,0.9607,na,0.19656777381896973,85623,167819,4999,True
knapsack_n150m10o1b5_1.txt,SOC Knapsack,30,RelaxGrouping,10000,False,max,1310,2.3553,na,0.4285902976989746,160859,315148,9999,True
knapsack_n150m10o1b5_2.txt,SOC Knapsack,26,RelaxGrouping,500,True,max,1038,0.065,0.0123,0.0031099319458007812,3003,5744,377,True
knapsack_n150m10o1b5_2.txt,SOC Knapsack,26,RelaxGrouping,1000,True,max,1050,0.1305,0.0241,0.0038042068481445312,3635,7032,634,True
knapsack_n150m10o1b5_2.txt,SOC Knapsack,26,RelaxGrouping,2000,True,max,1042,0.2448,0.0472,0.004578590393066406,4646,9035,954,True
knapsack_n150m10o1b5_1.txt,SOC Knapsack,30,RelaxGrouping,20000,False,max,1316,5.1026,na,0.36663079261779785,299978,586509,19993,True
knapsack_n150m10o1b5_2.txt,SOC Knapsack,26,RelaxGrouping,5000,True,max,1062,0.777,0.1363,0.007385969161987305,6394,12521,1332,True
knapsack_n150m10o1b5_2.txt,SOC Knapsack,26,RelaxGrouping,10000,True,max,1073,1.6021,0.2521,0.00835275650024414,8681,17031,1907,True
knapsack_n150m10o1b5_2.txt,SOC Knapsack,26,RelaxGrouping,500,False,max,1038,0.062,na,0.007297039031982422,8318,15995,500,True
knapsack_n150m10o1b5_2.txt,SOC Knapsack,26,RelaxGrouping,1000,False,max,1050,0.1223,na,0.014501571655273438,15582,30283,1000,True
knapsack_n150m10o1b5_2.txt,SOC Knapsack,26,RelaxGrouping,20000,True,max,1056,3.3124,0.4881,0.014736652374267578,10954,21545,2377,True
knapsack_n150m10o1b5_2.txt,SOC Knapsack,26,RelaxGrouping,2000,False,max,1042,0.2387,na,0.0688638687133789,28950,56500,1999,True
knapsack_n150m10o1b5_2.txt,SOC Knapsack,26,RelaxGrouping,5000,False,max,1062,0.7571,na,0.0728144645690918,65328,127725,4998,True
knapsack_n150m10o1b5_2.txt,SOC Knapsack,26,RelaxGrouping,10000,False,max,1073,1.6343,na,0.3121318817138672,119270,232446,9993,True
knapsack_n150m10o1b5_3.txt,SOC Knapsack,18,RelaxGrouping,500,True,max,600,0.0229,0.0044,0.0007164478302001953,878,1630,172,True
knapsack_n150m10o1b5_3.txt,SOC Knapsack,18,RelaxGrouping,1000,True,max,588,0.0321,0.0064,0.0007674694061279297,955,1746,177,True
knapsack_n150m10o1b5_2.txt,SOC Knapsack,26,RelaxGrouping,20000,False,max,1056,3.4271,na,0.6243209838867188,214565,414316,19904,True
knapsack_n150m10o1b5_3.txt,SOC Knapsack,18,RelaxGrouping,2000,True,max,558,0.033,0.0079,0.0006840229034423828,888,1632,156,True
knapsack_n150m10o1b5_3.txt,SOC Knapsack,18,RelaxGrouping,5000,True,max,558,0.0329,0.0082,0.0006966590881347656,888,1632,156,True
knapsack_n150m10o1b5_3.txt,SOC Knapsack,18,RelaxGrouping,10000,True,max,558,0.0336,0.0079,0.0006775856018066406,888,1632,156,True
knapsack_n150m10o1b5_3.txt,SOC Knapsack,18,RelaxGrouping,20000,True,max,558,0.033,0.0076,0.0007016658782958984,888,1632,156,True
knapsack_n150m10o1b5_3.txt,SOC Knapsack,18,RelaxGrouping,500,False,max,600,0.0214,na,0.0027523040771484375,3700,6592,500,True
knapsack_n150m10o1b5_3.txt,SOC Knapsack,18,RelaxGrouping,1000,False,max,588,0.0319,na,0.004970550537109375,5865,9769,993,True
knapsack_n150m10o1b5_3.txt,SOC Knapsack,18,RelaxGrouping,2000,False,max,558,0.0325,na,0.006039619445800781,7696,11756,1627,True
knapsack_n150m10o1b5_3.txt,SOC Knapsack,18,RelaxGrouping,5000,False,max,558,0.0334,na,0.006072282791137695,7696,11756,1627,True
knapsack_n150m10o1b5_3.txt,SOC Knapsack,18,RelaxGrouping,10000,False,max,558,0.0325,na,0.0059931278228759766,7696,11756,1627,True
knapsack_n150m10o1b5_3.txt,SOC Knapsack,18,RelaxGrouping,20000,False,max,558,0.0328,na,0.005928993225097656,7696,11756,1627,True
knapsack_n150m10o1b5_4.txt,SOC Knapsack,24,RelaxGrouping,500,True,max,1129,0.0481,0.0096,0.001367330551147461,1429,2709,262,True
knapsack_n150m10o1b5_4.txt,SOC Knapsack,24,RelaxGrouping,1000,True,max,1130,0.0935,0.017,0.0013921260833740234,1685,3187,336,True
knapsack_n150m10o1b5_4.txt,SOC Knapsack,24,RelaxGrouping,2000,True,max,1123,0.1593,0.0274,0.0016171932220458984,1999,3822,384,True
knapsack_n150m10o1b5_4.txt,SOC Knapsack,24,RelaxGrouping,5000,True,max,1097,0.4751,0.0876,0.0024461746215820312,2804,5406,562,True
knapsack_n150m10o1b5_4.txt,SOC Knapsack,24,RelaxGrouping,10000,True,max,1081,0.8852,0.1452,0.0029878616333007812,3289,6348,613,True
knapsack_n150m10o1b5_4.txt,SOC Knapsack,24,RelaxGrouping,500,False,max,1129,0.047,na,0.005879640579223633,6970,13449,500,True
knapsack_n150m10o1b5_4.txt,SOC Knapsack,24,RelaxGrouping,20000,True,max,1052,1.0783,0.2424,0.0039250850677490234,4225,8009,796,True
knapsack_n150m10o1b5_4.txt,SOC Knapsack,24,RelaxGrouping,1000,False,max,1130,0.0939,na,0.012461423873901367,12710,24210,994,True
knapsack_n150m10o1b5_4.txt,SOC Knapsack,24,RelaxGrouping,2000,False,max,1123,0.1726,na,0.02017974853515625,22349,42582,1989,True
knapsack_n150m10o1b5_4.txt,SOC Knapsack,24,RelaxGrouping,5000,False,max,1097,0.3984,na,0.045107364654541016,47688,89431,4979,True
knapsack_n150m10o1b5_4.txt,SOC Knapsack,24,RelaxGrouping,10000,False,max,1081,0.7962,na,0.09021759033203125,79722,143886,9901,True
knapsack_n150m10o3b5_0.txt,SOC Knapsack,18,RelaxGrouping,500,True,max,759,0.0232,0.0044,0.0006630420684814453,820,1487,170,True
knapsack_n150m10o1b5_4.txt,SOC Knapsack,24,RelaxGrouping,20000,False,max,1052,1.1676,na,0.2928433418273926,121000,204470,19584,True
knapsack_n150m10o3b5_0.txt,SOC Knapsack,18,RelaxGrouping,1000,True,max,748,0.0312,0.0063,0.0007104873657226562,889,1601,172,True
knapsack_n150m10o3b5_0.txt,SOC Knapsack,18,RelaxGrouping,2000,True,max,712,0.0313,0.0077,0.0007202625274658203,921,1659,178,True
knapsack_n150m10o3b5_0.txt,SOC Knapsack,18,RelaxGrouping,5000,True,max,712,0.0327,0.0078,0.0007510185241699219,921,1659,178,True
knapsack_n150m10o3b5_0.txt,SOC Knapsack,18,RelaxGrouping,10000,True,max,712,0.0306,0.0073,0.0006976127624511719,921,1659,178,True
knapsack_n150m10o3b5_0.txt,SOC Knapsack,18,RelaxGrouping,20000,True,max,712,0.0297,0.007,0.0006718635559082031,921,1659,178,True
knapsack_n150m10o3b5_0.txt,SOC Knapsack,18,RelaxGrouping,500,False,max,759,0.024,na,0.002908468246459961,3706,6822,499,True
knapsack_n150m10o3b5_0.txt,SOC Knapsack,18,RelaxGrouping,1000,False,max,748,0.0315,na,0.004687070846557617,5716,9775,1000,True
knapsack_n150m10o3b5_0.txt,SOC Knapsack,18,RelaxGrouping,2000,False,max,712,0.0304,na,0.005106687545776367,7009,11290,1582,True
knapsack_n150m10o3b5_0.txt,SOC Knapsack,18,RelaxGrouping,5000,False,max,712,0.03,na,0.005052804946899414,7009,11290,1582,True
knapsack_n150m10o3b5_0.txt,SOC Knapsack,18,RelaxGrouping,10000,False,max,712,0.0309,na,0.0052394866943359375,7009,11290,1582,True
knapsack_n150m10o3b5_0.txt,SOC Knapsack,18,RelaxGrouping,20000,False,max,712,0.0313,na,0.0053980350494384766,7009,11290,1582,True
knapsack_n150m10o3b5_1.txt,SOC Knapsack,30,RelaxGrouping,500,True,max,1375,0.0997,0.0152,0.005215644836425781,4848,9403,471,True
knapsack_n150m10o3b5_1.txt,SOC Knapsack,30,RelaxGrouping,1000,True,max,1346,0.1629,0.0299,0.005991458892822266,6311,12262,823,True
knapsack_n150m10o3b5_1.txt,SOC Knapsack,30,RelaxGrouping,2000,True,max,1336,0.3246,0.0583,0.00955510139465332,8395,16436,1558,True
knapsack_n150m10o3b5_1.txt,SOC Knapsack,30,RelaxGrouping,5000,True,max,1362,0.9732,0.1598,0.015282869338989258,11468,22523,2695,True
knapsack_n150m10o3b5_1.txt,SOC Knapsack,30,RelaxGrouping,10000,True,max,1367,2.5084,0.3396,0.018708229064941406,15278,30152,3804,True
knapsack_n150m10o3b5_1.txt,SOC Knapsack,30,RelaxGrouping,500,False,max,1375,0.0989,na,0.010385751724243164,10431,20156,500,True
knapsack_n150m10o3b5_1.txt,SOC Knapsack,30,RelaxGrouping,1000,False,max,1346,0.1621,na,0.041768550872802734,19815,38424,1000,True
knapsack_n150m10o3b5_1.txt,SOC Knapsack,30,RelaxGrouping,2000,False,max,1336,0.3407,na,0.04081583023071289,37743,73557,2000,True
knapsack_n150m10o3b5_1.txt,SOC Knapsack,30,RelaxGrouping,20000,True,max,1349,5.3875,0.761,0.0248110294342041,20018,39571,4947,True
knapsack_n150m10o3b5_1.txt,SOC Knapsack,30,RelaxGrouping,5000,False,max,1362,1.0089,na,0.21083879470825195,86900,169586,5000,True
knapsack_n150m10o3b5_1.txt,SOC Knapsack,30,RelaxGrouping,10000,False,max,1367,2.4372,na,0.4491126537322998,162501,316873,9991,True
knapsack_n150m10o3b5_2.txt,SOC Knapsack,26,RelaxGrouping,500,True,max,1084,0.0641,0.0107,0.002943754196166992,3302,6271,438,True
knapsack_n150m10o3b5_2.txt,SOC Knapsack,26,RelaxGrouping,1000,True,max,1058,0.1212,0.0218,0.004098415374755859,4167,8001,726,True
knapsack_n150m10o3b5_2.txt,SOC Knapsack,26,RelaxGrouping,2000,True,max,1099,0.2376,0.0452,0.0047495365142822266,5181,10013,1098,True
knapsack_n150m10o3b5_1.txt,SOC Knapsack,30,RelaxGrouping,20000,False,max,1349,5.3404,na,0.41476893424987793,302069,586472,19957,True
knapsack_n150m10o3b5_2.txt,SOC Knapsack,26,RelaxGrouping,5000,True,max,1081,0.6381,0.1154,0.015056610107421875,7478,14593,1773,True
knapsack_n150m10o3b5_2.txt,SOC Knapsack,26,RelaxGrouping,10000,True,max,1073,1.684,0.2385,0.00908350944519043,8744,17111,2012,True
knapsack_n150m10o3b5_2.txt,SOC Knapsack,26,RelaxGrouping,500,False,max,1084,0.0628,na,0.00790262222290039,8270,15815,500,True
knapsack_n150m10o3b5_2.txt,SOC Knapsack,26,RelaxGrouping,1000,False,max,1058,0.1202,na,0.01659369468688965,15385,29808,1000,True
knapsack_n150m10o3b5_2.txt,SOC Knapsack,26,RelaxGrouping,20000,True,max,1058,3.3429,0.4759,0.010323762893676758,10457,20538,2490,True
knapsack_n150m10o3b5_2.txt,SOC Knapsack,26,RelaxGrouping,2000,False,max,1099,0.2439,na,0.02997756004333496,28564,55516,2000,True
knapsack_n150m10o3b5_2.txt,SOC Knapsack,26,RelaxGrouping,5000,False,max,1081,0.6292,na,0.11653900146484375,64302,124822,4997,True
knapsack_n150m10o3b5_2.txt,SOC Knapsack,26,RelaxGrouping,10000,False,max,1073,1.6974,na,0.3422112464904785,116804,224938,9963,True
knapsack_n150m10o3b5_3.txt,SOC Knapsack,18,RelaxGrouping,500,True,max,596,0.0201,0.0037,0.0007021427154541016,875,1567,176,True
knapsack_n150m10o3b5_3.txt,SOC Knapsack,18,RelaxGrouping,1000,True,max,576,0.0244,0.0053,0.0007169246673583984,898,1610,167,True
knapsack_n150m10o3b5_2.txt,SOC Knapsack,26,RelaxGrouping,20000,False,max,1058,3.357,na,0.6296446323394775,208430,397262,19961,True
knapsack_n150m10o3b5_3.txt,SOC Knapsack,18,RelaxGrouping,2000,True,max,557,0.0249,0.0057,0.0006823539733886719,879,1572,158,True
knapsack_n150m10o3b5_3.txt,SOC Knapsack,18,RelaxGrouping,5000,True,max,557,0.0251,0.006,0.0006513595581054688,879,1572,158,True
knapsack_n150m10o3b5_3.txt,SOC Knapsack,18,RelaxGrouping,10000,True,max,557,0.0255,0.0062,0.0007045269012451172,879,1572,158,True
knapsack_n150m10o3b5_3.txt,SOC Knapsack,18,RelaxGrouping,20000,True,max,557,0.025,0.0059,0.0006830692291259766,879,1572,158,True
knapsack_n150m10o3b5_3.txt,SOC Knapsack,18,RelaxGrouping,500,False,max,596,0.0192,na,0.0029184818267822266,3371,5824,499,True
knapsack_n150m10o3b5_3.txt,SOC Knapsack,18,RelaxGrouping,1000,False,max,576,0.0243,na,0.0036554336547851562,5036,7968,990,True
knapsack_n150m10o3b5_3.txt,SOC Knapsack,18,RelaxGrouping,2000,False,max,557,0.0247,na,0.004122257232666016,5807,8801,1228,True
knapsack_n150m10o3b5_3.txt,SOC Knapsack,18,RelaxGrouping,5000,False,max,557,0.025,na,0.0042111873626708984,5807,8801,1228,True
knapsack_n150m10o3b5_3.txt,SOC Knapsack,18,RelaxGrouping,10000,False,max,557,0.0247,na,0.004183053970336914,5807,8801,1228,True
knapsack_n150m10o3b5_3.txt,SOC Knapsack,18,RelaxGrouping,20000,False,max,557,0.0256,na,0.004205226898193359,5807,8801,1228,True
knapsack_n150m10o3b5_4.txt,SOC Knapsack,24,RelaxGrouping,500,True,max,1135,0.0409,0.0077,0.0010509490966796875,1338,2496,241,True
knapsack_n150m10o3b5_4.txt,SOC Knapsack,24,RelaxGrouping,1000,True,max,1135,0.0949,0.0171,0.0012636184692382812,1515,2874,275,True
knapsack_n150m10o3b5_4.txt,SOC Knapsack,24,RelaxGrouping,2000,True,max,1113,0.1489,0.0298,0.0014851093292236328,1749,3418,304,True
knapsack_n150m10o3b5_4.txt,SOC Knapsack,24,RelaxGrouping,5000,True,max,1097,0.351,0.0736,0.0023801326751708984,2501,4852,461,True
knapsack_n150m10o3b5_4.txt,SOC Knapsack,24,RelaxGrouping,10000,True,max,1097,0.6185,0.1185,0.003428936004638672,3639,6845,700,True
knapsack_n150m10o3b5_4.txt,SOC Knapsack,24,RelaxGrouping,20000,True,max,1066,0.6664,0.1673,0.003604888916015625,3915,7303,739,True
knapsack_n150m10o3b5_4.txt,SOC Knapsack,24,RelaxGrouping,500,False,max,1135,0.0425,na,0.00597381591796875,6698,12734,500,True
knapsack_n150m10o3b5_4.txt,SOC Knapsack,24,RelaxGrouping,1000,False,max,1135,0.0841,na,0.009594202041625977,12080,22977,998,True
knapsack_n150m10o3b5_4.txt,SOC Knapsack,24,RelaxGrouping,2000,False,max,1113,0.1497,na,0.03475141525268555,21561,40691,1998,True
knapsack_n150m10o3b5_4.txt,SOC Knapsack,24,RelaxGrouping,5000,False,max,1097,0.3335,na,0.08697795867919922,42586,77264,4983,True
knapsack_n150m10o3b5_4.txt,SOC Knapsack,24,RelaxGrouping,10000,False,max,1097,0.6404,na,0.15548491477966309,70403,122047,9856,True
knapsack_n150m10o3b5_4.txt,SOC Knapsack,24,RelaxGrouping,20000,False,max,1066,0.6397,na,0.18246245384216309,88470,145441,15156,True
knapsack_n150m10o5b5_0.txt,SOC Knapsack,18,RelaxGrouping,500,True,max,748,0.0194,0.0036,0.0005941390991210938,718,1296,143,True
knapsack_n150m10o5b5_0.txt,SOC Knapsack,18,RelaxGrouping,1000,True,max,721,0.0251,0.0054,0.0006368160247802734,804,1423,146,True
knapsack_n150m10o5b5_0.txt,SOC Knapsack,18,RelaxGrouping,2000,True,max,721,0.0241,0.0059,0.0006113052368164062,801,1421,146,True
knapsack_n150m10o5b5_0.txt,SOC Knapsack,18,RelaxGrouping,5000,True,max,721,0.0244,0.0058,0.0006375312805175781,801,1421,146,True
knapsack_n150m10o5b5_0.txt,SOC Knapsack,18,RelaxGrouping,10000,True,max,721,0.024,0.0059,0.0006740093231201172,801,1421,146,True
knapsack_n150m10o5b5_0.txt,SOC Knapsack,18,RelaxGrouping,20000,True,max,721,0.0244,0.0058,0.0006086826324462891,801,1421,146,True
knapsack_n150m10o5b5_0.txt,SOC Knapsack,18,RelaxGrouping,500,False,max,748,0.0191,na,0.0029473304748535156,3293,5859,499,True
knapsack_n150m10o5b5_0.txt,SOC Knapsack,18,RelaxGrouping,1000,False,max,721,0.0245,na,0.0036475658416748047,5051,8266,992,True
knapsack_n150m10o5b5_0.txt,SOC Knapsack,18,RelaxGrouping,2000,False,max,721,0.0236,na,0.003931283950805664,5513,8812,1177,True
knapsack_n150m10o5b5_0.txt,SOC Knapsack,18,RelaxGrouping,5000,False,max,721,0.0239,na,0.004057168960571289,5513,8812,1177,True
knapsack_n150m10o5b5_0.txt,SOC Knapsack,18,RelaxGrouping,10000,False,max,721,0.0255,na,0.004372596740722656,5513,8812,1177,True
knapsack_n150m10o5b5_0.txt,SOC Knapsack,18,RelaxGrouping,20000,False,max,721,0.0244,na,0.0040929317474365234,5513,8812,1177,True
knapsack_n150m10o5b5_1.txt,SOC Knapsack,30,RelaxGrouping,500,True,max,1385,0.0953,0.0123,0.004454851150512695,5118,9916,457,True
knapsack_n150m10o5b5_1.txt,SOC Knapsack,30,RelaxGrouping,1000,True,max,1361,0.1622,0.025,0.0055980682373046875,6709,12996,860,True
knapsack_n150m10o5b5_1.txt,SOC Knapsack,30,RelaxGrouping,2000,True,max,1372,0.3283,0.061,0.008835315704345703,8405,16369,1603,True
knapsack_n150m10o5b5_1.txt,SOC Knapsack,30,RelaxGrouping,5000,True,max,1379,1.0083,0.1738,0.014957189559936523,11307,22150,2688,True
knapsack_n150m10o5b5_1.txt,SOC Knapsack,30,RelaxGrouping,10000,True,max,1362,2.6793,0.3304,0.023753643035888672,15753,31034,3899,True
knapsack_n150m10o5b5_1.txt,SOC Knapsack,30,RelaxGrouping,500,False,max,1385,0.0969,na,0.008933782577514648,10387,19944,500,True
knapsack_n150m10o5b5_1.txt,SOC Knapsack,30,RelaxGrouping,1000,False,max,1361,0.1637,na,0.03955388069152832,19842,38372,1000,True
knapsack_n150m10o5b5_1.txt,SOC Knapsack,30,RelaxGrouping,2000,False,max,1372,0.3476,na,0.04152083396911621,37531,73054,2000,True
knapsack_n150m10o5b5_1.txt,SOC Knapsack,30,RelaxGrouping,20000,True,max,1360,5.1845,0.7274,0.023532390594482422,20485,40345,4898,True
knapsack_n150m10o5b5_1.txt,SOC Knapsack,30,RelaxGrouping,5000,False,max,1379,1.0036,na,0.2137598991394043,85989,166931,4997,True
knapsack_n150m10o5b5_1.txt,SOC Knapsack,30,RelaxGrouping,10000,False,max,1362,2.6166,na,0.21084284782409668,162509,314978,10000,True
knapsack_n150m10o5b5_2.txt,SOC Knapsack,26,RelaxGrouping,500,True,max,1071,0.0619,0.0097,0.0027458667755126953,3406,6463,444,True
knapsack_n150m10o5b5_2.txt,SOC Knapsack,26,RelaxGrouping,1000,True,max,1086,0.1218,0.0209,0.003683805465698242,4319,8251,822,True
knapsack_n150m10o5b5_2.txt,SOC Knapsack,26,RelaxGrouping,2000,True,max,1093,0.2375,0.0431,0.004914522171020508,5362,10317,1210,True
knapsack_n150m10o5b5_1.txt,SOC Knapsack,30,RelaxGrouping,20000,False,max,1360,5.1439,na,0.8542850017547607,298969,574513,19970,True
knapsack_n150m10o5b5_2.txt,SOC Knapsack,26,RelaxGrouping,5000,True,max,1091,0.6597,0.1226,0.00872182846069336,6722,13020,1609,True
knapsack_n150m10o5b5_2.txt,SOC Knapsack,26,RelaxGrouping,10000,True,max,1073,1.5495,0.2589,0.009732961654663086,8014,15652,1841,True
knapsack_n150m10o5b5_2.txt,SOC Knapsack,26,RelaxGrouping,500,False,max,1071,0.0621,na,0.0070002079010009766,8129,15510,500,True
knapsack_n150m10o5b5_2.txt,SOC Knapsack,26,RelaxGrouping,1000,False,max,1086,0.1164,na,0.013196945190429688,15220,29328,1000,True
knapsack_n150m10o5b5_2.txt,SOC Knapsack,26,RelaxGrouping,20000,True,max,1058,3.2082,0.4331,0.01175236701965332,10947,21288,2487,True
knapsack_n150m10o5b5_2.txt,SOC Knapsack,26,RelaxGrouping,2000,False,max,1093,0.2453,na,0.03160500526428223,28022,54143,2000,True
knapsack_n150m10o5b5_2.txt,SOC Knapsack,26,RelaxGrouping,5000,False,max,1091,0.6588,na,0.1479809284210205,62540,120506,4992,True
knapsack_n150m10o5b5_2.txt,SOC Knapsack,26,RelaxGrouping,10000,False,max,1073,1.5774,na,0.3281080722808838,111702,214427,9961,True
knapsack_n150m10o5b5_3.txt,SOC Knapsack,18,RelaxGrouping,500,True,max,568,0.0182,0.0034,0.0006296634674072266,769,1368,156,True
knapsack_n150m10o5b5_3.txt,SOC Knapsack,18,RelaxGrouping,1000,True,max,555,0.0216,0.0046,0.0005745887756347656,737,1320,139,True
knapsack_n150m10o5b5_2.txt,SOC Knapsack,26,RelaxGrouping,20000,False,max,1058,3.2683,na,0.6124320030212402,198619,379839,19969,True
knapsack_n150m10o5b5_3.txt,SOC Knapsack,18,RelaxGrouping,2000,True,max,555,0.0205,0.0048,0.0006144046783447266,799,1421,155,True
knapsack_n150m10o5b5_3.txt,SOC Knapsack,18,RelaxGrouping,5000,True,max,555,0.0203,0.0049,0.0006453990936279297,799,1421,155,True
knapsack_n150m10o5b5_3.txt,SOC Knapsack,18,RelaxGrouping,10000,True,max,555,0.0201,0.0048,0.0006029605865478516,799,1421,155,True
knapsack_n150m10o5b5_3.txt,SOC Knapsack,18,RelaxGrouping,20000,True,max,555,0.0214,0.0049,0.0006361007690429688,799,1421,155,True
knapsack_n150m10o5b5_3.txt,SOC Knapsack,18,RelaxGrouping,500,False,max,568,0.0174,na,0.0027022361755371094,3099,5204,499,True
knapsack_n150m10o5b5_3.txt,SOC Knapsack,18,RelaxGrouping,1000,False,max,555,0.0217,na,0.003598928451538086,4591,6998,972,True
knapsack_n150m10o5b5_3.txt,SOC Knapsack,18,RelaxGrouping,2000,False,max,555,0.0205,na,0.003771543502807617,4892,7335,1144,True
knapsack_n150m10o5b5_3.txt,SOC Knapsack,18,RelaxGrouping,5000,False,max,555,0.0202,na,0.0038492679595947266,4892,7335,1144,True
knapsack_n150m10o5b5_3.txt,SOC Knapsack,18,RelaxGrouping,10000,False,max,555,0.02,na,0.0038187503814697266,4892,7335,1144,True
knapsack_n150m10o5b5_3.txt,SOC Knapsack,18,RelaxGrouping,20000,False,max,555,0.0207,na,0.0039103031158447266,4892,7335,1144,True
knapsack_n150m10o5b5_4.txt,SOC Knapsack,24,RelaxGrouping,500,True,max,1117,0.0398,0.0075,0.0010111331939697266,1235,2312,206,True
knapsack_n150m10o5b5_4.txt,SOC Knapsack,24,RelaxGrouping,1000,True,max,1115,0.0822,0.0149,0.0012590885162353516,1439,2790,274,True
knapsack_n150m10o5b5_4.txt,SOC Knapsack,24,RelaxGrouping,2000,True,max,1097,0.1394,0.0272,0.0014979839324951172,1778,3465,328,True
knapsack_n150m10o5b5_4.txt,SOC Knapsack,24,RelaxGrouping,5000,True,max,1097,0.285,0.0524,0.0023047924041748047,2699,5130,497,True
knapsack_n150m10o5b5_4.txt,SOC Knapsack,24,RelaxGrouping,10000,True,max,1081,0.4222,0.093,0.0027441978454589844,3377,6223,625,True
knapsack_n150m10o5b5_4.txt,SOC Knapsack,24,RelaxGrouping,20000,True,max,1081,0.3518,0.0993,0.002841472625732422,3353,6181,623,True
knapsack_n150m10o5b5_4.txt,SOC Knapsack,24,RelaxGrouping,500,False,max,1117,0.04,na,0.005332231521606445,6375,12112,499,True
knapsack_n150m10o5b5_4.txt,SOC Knapsack,24,RelaxGrouping,1000,False,max,1115,0.0804,na,0.009712457656860352,11586,21811,999,True
knapsack_n150m10o5b5_4.txt,SOC Knapsack,24,RelaxGrouping,2000,False,max,1097,0.1302,na,0.028155803680419922,20266,37575,1991,True
knapsack_n150m10o5b5_4.txt,SOC Knapsack,24,RelaxGrouping,5000,False,max,1097,0.3116,na,0.040982961654663086,39016,69373,4909,True
knapsack_n150m10o5b5_4.txt,SOC Knapsack,24,RelaxGrouping,10000,False,max,1081,0.4307,na,0.06023454666137695,59381,98426,9685,True
knapsack_n150m10o5b5_4.txt,SOC Knapsack,24,RelaxGrouping,20000,False,max,1081,0.3755,na,0.12352395057678223,60794,99837,10303,True
knapsack_n150m20o1b5_0.txt,SOC Knapsack,28,RelaxGrouping,500,True,max,1255,0.0716,0.0129,0.0029096603393554688,3165,6070,373,True
knapsack_n150m20o1b5_0.txt,SOC Knapsack,28,RelaxGrouping,1000,True,max,1279,0.1443,0.0262,0.003983497619628906,3908,7578,620,True
knapsack_n150m20o1b5_0.txt,SOC Knapsack,28,RelaxGrouping,2000,True,max,1256,0.2905,0.0452,0.004022121429443359,4861,9463,953,True
knapsack_n150m20o1b5_0.txt,SOC Knapsack,28,RelaxGrouping,5000,True,max,1247,0.9597,0.1463,0.0074765682220458984,6768,13251,1326,True
knapsack_n150m20o1b5_0.txt,SOC Knapsack,28,RelaxGrouping,10000,True,max,1262,2.0159,0.3136,0.009952783584594727,8353,16402,1630,True
knapsack_n150m20o1b5_0.txt,SOC Knapsack,28,RelaxGrouping,500,False,max,1255,0.0715,na,0.017660140991210938,9370,18304,500,True
knapsack_n150m20o1b5_0.txt,SOC Knapsack,28,RelaxGrouping,1000,False,max,1279,0.1438,na,0.018386125564575195,17852,35274,1000,True
knapsack_n150m20o1b5_0.txt,SOC Knapsack,28,RelaxGrouping,2000,False,max,1256,0.3028,na,0.032352447509765625,33423,66275,2000,True
knapsack_n150m20o1b5_0.txt,SOC Knapsack,28,RelaxGrouping,20000,True,max,1280,4.5478,0.5942,0.014604806900024414,11402,22491,2160,True
knapsack_n150m20o1b5_0.txt,SOC Knapsack,28,RelaxGrouping,5000,False,max,1247,0.9159,na,0.07756924629211426,75722,150482,5000,True
knapsack_n150m20o1b5_0.txt,SOC Knapsack,28,RelaxGrouping,10000,False,max,1262,1.9075,na,0.41462278366088867,140795,279034,9998,True
knapsack_n150m20o1b5_1.txt,SOC Knapsack,23,RelaxGrouping,500,True,max,839,0.0469,0.0082,0.0015718936920166016,1784,3353,327,True
knapsack_n150m20o1b5_1.txt,SOC Knapsack,23,RelaxGrouping,1000,True,max,844,0.096,0.0169,0.0019123554229736328,2149,4086,470,True
knapsack_n150m20o1b5_1.txt,SOC Knapsack,23,RelaxGrouping,2000,True,max,828,0.1822,0.0322,0.0020475387573242188,2453,4676,516,True
knapsack_n150m20o1b5_0.txt,SOC Knapsack,28,RelaxGrouping,20000,False,max,1280,4.7185,na,0.389207124710083,258138,507905,19965,True
knapsack_n150m20o1b5_1.txt,SOC Knapsack,23,RelaxGrouping,5000,True,max,833,0.4067,0.0756,0.0026078224182128906,3030,5812,635,True
knapsack_n150m20o1b5_1.txt,SOC Knapsack,23,RelaxGrouping,10000,True,max,808,1.0075,0.1267,0.003085613250732422,3578,6900,706,True
knapsack_n150m20o1b5_1.txt,SOC Knapsack,23,RelaxGrouping,500,False,max,839,0.0462,na,0.0060482025146484375,6838,12941,500,True
knapsack_n150m20o1b5_1.txt,SOC Knapsack,23,RelaxGrouping,20000,True,max,791,1.8988,0.2859,0.003453969955444336,3837,7505,729,True
knapsack_n150m20o1b5_1.txt,SOC Knapsack,23,RelaxGrouping,1000,False,max,844,0.0909,na,0.010695695877075195,12535,23895,1000,True
knapsack_n150m20o1b5_1.txt,SOC Knapsack,23,RelaxGrouping,2000,False,max,828,0.1708,na,0.019175291061401367,22727,43027,1998,True
knapsack_n150m20o1b5_1.txt,SOC Knapsack,23,RelaxGrouping,5000,False,max,833,0.4546,na,0.05226016044616699,47929,89832,4983,True
knapsack_n150m20o1b5_1.txt,SOC Knapsack,23,RelaxGrouping,10000,False,max,808,1.0536,na,0.10705327987670898,83355,153900,9981,True
knapsack_n150m20o1b5_2.txt,SOC Knapsack,16,RelaxGrouping,500,True,max,598,0.0054,0.0012,0.0002434253692626953,308,517,51,True
knapsack_n150m20o1b5_1.txt,SOC Knapsack,23,RelaxGrouping,20000,False,max,791,1.9144,na,0.3868560791015625,140090,251899,19928,True
knapsack_n150m20o1b5_2.txt,SOC Knapsack,16,RelaxGrouping,1000,True,max,598,0.0053,0.0012,0.00023031234741210938,308,517,51,True
knapsack_n150m20o1b5_2.txt,SOC Knapsack,16,RelaxGrouping,2000,True,max,598,0.0055,0.0012,0.00024700164794921875,308,517,51,True
knapsack_n150m20o1b5_2.txt,SOC Knapsack,16,RelaxGrouping,5000,True,max,598,0.0053,0.0012,0.0002589225769042969,308,517,51,True
knapsack_n150m20o1b5_2.txt,SOC Knapsack,16,RelaxGrouping,10000,True,max,598,0.0054,0.0012,0.00022840499877929688,308,517,51,True
knapsack_n150m20o1b5_2.txt,SOC Knapsack,16,RelaxGrouping,20000,True,max,598,0.0055,0.0012,0.00024318695068359375,308,517,51,True
knapsack_n150m20o1b5_2.txt,SOC Knapsack,16,RelaxGrouping,500,False,max,598,0.0055,na,0.0009109973907470703,1120,1901,172,True
knapsack_n150m20o1b5_2.txt,SOC Knapsack,16,RelaxGrouping,1000,False,max,598,0.0055,na,0.0008809566497802734,1120,1901,172,True
knapsack_n150m20o1b5_2.txt,SOC Knapsack,16,RelaxGrouping,2000,False,max,598,0.0055,na,0.0008292198181152344,1120,1901,172,True
knapsack_n150m20o1b5_2.txt,SOC Knapsack,16,RelaxGrouping,5000,False,max,598,0.0057,na,0.0008873939514160156,1120,1901,172,True
knapsack_n150m20o1b5_2.txt,SOC Knapsack,16,RelaxGrouping,10000,False,max,598,0.0056,na,0.0009174346923828125,1120,1901,172,True
knapsack_n150m20o1b5_2.txt,SOC Knapsack,16,RelaxGrouping,20000,False,max,598,0.0054,na,0.0008816719055175781,1120,1901,172,True
knapsack_n150m20o1b5_3.txt,SOC Knapsack,22,RelaxGrouping,500,True,max,1010,0.0448,0.0076,0.0015554428100585938,1877,3557,342,True
knapsack_n150m20o1b5_3.txt,SOC Knapsack,22,RelaxGrouping,1000,True,max,981,0.0877,0.014,0.0019068717956542969,2325,4440,544,True
knapsack_n150m20o1b5_3.txt,SOC Knapsack,22,RelaxGrouping,2000,True,max,983,0.1523,0.0281,0.008361339569091797,3031,5809,666,True
knapsack_n150m20o1b5_3.txt,SOC Knapsack,22,RelaxGrouping,5000,True,max,999,0.4709,0.0833,0.004041433334350586,4041,7761,906,True
knapsack_n150m20o1b5_3.txt,SOC Knapsack,22,RelaxGrouping,10000,True,max,971,0.8666,0.1397,0.0034742355346679688,4141,7993,882,True
knapsack_n150m20o1b5_3.txt,SOC Knapsack,22,RelaxGrouping,500,False,max,1010,0.0447,na,0.005484819412231445,6408,12216,500,True
knapsack_n150m20o1b5_3.txt,SOC Knapsack,22,RelaxGrouping,20000,True,max,956,1.5187,0.2589,0.004372119903564453,4796,9306,995,True
knapsack_n150m20o1b5_3.txt,SOC Knapsack,22,RelaxGrouping,1000,False,max,981,0.086,na,0.010544538497924805,11705,22407,1000,True
knapsack_n150m20o1b5_3.txt,SOC Knapsack,22,RelaxGrouping,2000,False,max,983,0.1575,na,0.03483104705810547,21098,40423,1998,True
knapsack_n150m20o1b5_3.txt,SOC Knapsack,22,RelaxGrouping,5000,False,max,999,0.4346,na,0.05071234703063965,44547,84551,4996,True
knapsack_n150m20o1b5_3.txt,SOC Knapsack,22,RelaxGrouping,10000,False,max,971,0.8654,na,0.18051505088806152,75866,140733,9994,True
knapsack_n150m20o1b5_3.txt,SOC Knapsack,22,RelaxGrouping,20000,False,max,956,1.4964,na,0.30889034271240234,122300,216228,19752,True
knapsack_n150m20o1b5_4.txt,SOC Knapsack,34,RelaxGrouping,500,True,max,1557,0.1151,0.0191,0.0050656795501708984,4878,9443,431,True
knapsack_n150m20o1b5_4.txt,SOC Knapsack,34,RelaxGrouping,1000,True,max,1523,0.2101,0.0319,0.005197763442993164,6214,12093,702,True
knapsack_n150m20o1b5_4.txt,SOC Knapsack,34,RelaxGrouping,2000,True,max,1544,0.4511,0.0738,0.009365558624267578,7759,15162,1168,True
knapsack_n150m20o1b5_4.txt,SOC Knapsack,34,RelaxGrouping,5000,True,max,1545,1.2481,0.2004,0.03541827201843262,10885,21404,2181,True
knapsack_n150m20o1b5_4.txt,SOC Knapsack,34,RelaxGrouping,500,False,max,1557,0.1161,na,0.013458728790283203,12206,23893,500,True
knapsack_n150m20o1b5_4.txt,SOC Knapsack,34,RelaxGrouping,10000,True,max,1512,3.2978,0.4269,0.016902923583984375,14397,28418,2987,True
knapsack_n150m20o1b5_4.txt,SOC Knapsack,34,RelaxGrouping,1000,False,max,1523,0.2204,na,0.02469801902770996,23753,46750,1000,True
knapsack_n150m20o1b5_4.txt,SOC Knapsack,34,RelaxGrouping,2000,False,max,1544,0.4344,na,0.04570579528808594,45251,89567,1999,True
knapsack_n150m20o1b5_4.txt,SOC Knapsack,34,RelaxGrouping,20000,True,max,1530,7.0039,0.9606,0.02990889549255371,20622,40806,4507,True
knapsack_n150m20o1b5_4.txt,SOC Knapsack,34,RelaxGrouping,5000,False,max,1545,1.3586,na,0.2661740779876709,106726,211878,4999,True
knapsack_n150m20o3b5_0.txt,SOC Knapsack,28,RelaxGrouping,500,True,max,1311,0.0743,0.0137,0.0032601356506347656,3486,6639,422,True
knapsack_n150m20o1b5_4.txt,SOC Knapsack,34,RelaxGrouping,10000,False,max,1512,3.3828,na,0.25134897232055664,200988,399276,9999,True
knapsack_n150m20o3b5_0.txt,SOC Knapsack,28,RelaxGrouping,1000,True,max,1291,0.1437,0.027,0.004597902297973633,4359,8397,680,True
knapsack_n150m20o3b5_0.txt,SOC Knapsack,28,RelaxGrouping,2000,True,max,1283,0.3278,0.0565,0.005980014801025391,5380,10410,963,True
knapsack_n150m20o1b5_4.txt,SOC Knapsack,34,RelaxGrouping,20000,False,max,1530,7.0626,na,0.5563063621520996,381892,758058,20000,True
knapsack_n150m20o3b5_0.txt,SOC Knapsack,28,RelaxGrouping,5000,True,max,1291,0.9735,0.1682,0.009122848510742188,7402,14439,1531,True
knapsack_n150m20o3b5_0.txt,SOC Knapsack,28,RelaxGrouping,10000,True,max,1268,2.0977,0.323,0.01205301284790039,9882,19267,2042,True
knapsack_n150m20o3b5_0.txt,SOC Knapsack,28,RelaxGrouping,500,False,max,1311,0.0731,na,0.017499685287475586,9362,18243,500,True
knapsack_n150m20o3b5_0.txt,SOC Knapsack,28,RelaxGrouping,1000,False,max,1291,0.1392,na,0.016916275024414062,17762,34952,1000,True
knapsack_n150m20o3b5_0.txt,SOC Knapsack,28,RelaxGrouping,20000,True,max,1252,4.5386,0.6499,0.01619863510131836,12602,24652,2636,True
knapsack_n150m20o3b5_0.txt,SOC Knapsack,28,RelaxGrouping,2000,False,max,1283,0.317,na,0.037323951721191406,33370,65939,2000,True
knapsack_n150m20o3b5_0.txt,SOC Knapsack,28,RelaxGrouping,5000,False,max,1291,0.9288,na,0.08311796188354492,75673,149437,4998,True
knapsack_n150m20o3b5_0.txt,SOC Knapsack,28,RelaxGrouping,10000,False,max,1268,2.0675,na,0.4047544002532959,138147,272677,9977,True
knapsack_n150m20o3b5_1.txt,SOC Knapsack,23,RelaxGrouping,500,True,max,849,0.046,0.0077,0.001329183578491211,1642,3065,281,True
knapsack_n150m20o3b5_1.txt,SOC Knapsack,23,RelaxGrouping,1000,True,max,844,0.0944,0.0161,0.0014281272888183594,1692,3169,365,True
knapsack_n150m20o3b5_1.txt,SOC Knapsack,23,RelaxGrouping,2000,True,max,844,0.1817,0.0315,0.0016808509826660156,2017,3779,439,True
knapsack_n150m20o3b5_0.txt,SOC Knapsack,28,RelaxGrouping,20000,False,max,1252,4.6686,na,0.3823556900024414,249814,493165,19928,True
knapsack_n150m20o3b5_1.txt,SOC Knapsack,23,RelaxGrouping,5000,True,max,833,0.5121,0.0657,0.001786947250366211,2140,4145,415,True
knapsack_n150m20o3b5_1.txt,SOC Knapsack,23,RelaxGrouping,10000,True,max,828,0.9948,0.1522,0.002793550491333008,2941,5731,542,True
knapsack_n150m20o3b5_1.txt,SOC Knapsack,23,RelaxGrouping,20000,True,max,793,1.8441,0.266,0.003355741500854492,3642,7022,720,True
knapsack_n150m20o3b5_1.txt,SOC Knapsack,23,RelaxGrouping,500,False,max,849,0.0489,na,0.006188631057739258,6735,12744,500,True
knapsack_n150m20o3b5_1.txt,SOC Knapsack,23,RelaxGrouping,1000,False,max,844,0.0894,na,0.01029825210571289,12171,22955,999,True
knapsack_n150m20o3b5_1.txt,SOC Knapsack,23,RelaxGrouping,2000,False,max,844,0.1668,na,0.020478010177612305,21543,40727,1988,True
knapsack_n150m20o3b5_1.txt,SOC Knapsack,23,RelaxGrouping,5000,False,max,833,0.4865,na,0.050824880599975586,46299,86269,4997,True
knapsack_n150m20o3b5_1.txt,SOC Knapsack,23,RelaxGrouping,10000,False,max,828,1.0311,na,0.11058402061462402,78749,145605,9960,True
knapsack_n150m20o3b5_2.txt,SOC Knapsack,16,RelaxGrouping,500,True,max,601,0.0039,0.0009,0.00024509429931640625,287,466,48,True
knapsack_n150m20o3b5_1.txt,SOC Knapsack,23,RelaxGrouping,20000,False,max,793,1.9023,na,0.36103272438049316,132603,236304,19956,True
knapsack_n150m20o3b5_2.txt,SOC Knapsack,16,RelaxGrouping,1000,True,max,601,0.0036,0.0009,0.00021505355834960938,287,466,48,True
knapsack_n150m20o3b5_2.txt,SOC Knapsack,16,RelaxGrouping,2000,True,max,601,0.0037,0.0009,0.00023055076599121094,287,466,48,True
knapsack_n150m20o3b5_2.txt,SOC Knapsack,16,RelaxGrouping,5000,True,max,601,0.0037,0.0009,0.00023221969604492188,287,466,48,True
knapsack_n150m20o3b5_2.txt,SOC Knapsack,16,RelaxGrouping,10000,True,max,601,0.0036,0.0008,0.0002410411834716797,287,466,48,True
knapsack_n150m20o3b5_2.txt,SOC Knapsack,16,RelaxGrouping,20000,True,max,601,0.0035,0.0009,0.0002288818359375,287,466,48,True
knapsack_n150m20o3b5_2.txt,SOC Knapsack,16,RelaxGrouping,500,False,max,601,0.0037,na,0.0013401508331298828,879,1422,122,True
knapsack_n150m20o3b5_2.txt,SOC Knapsack,16,RelaxGrouping,1000,False,max,601,0.0036,na,0.001325845718383789,879,1422,122,True
knapsack_n150m20o3b5_2.txt,SOC Knapsack,16,RelaxGrouping,2000,False,max,601,0.0036,na,0.001291036605834961,879,1422,122,True
knapsack_n150m20o3b5_2.txt,SOC Knapsack,16,RelaxGrouping,5000,False,max,601,0.0036,na,0.001317739486694336,879,1422,122,True
knapsack_n150m20o3b5_2.txt,SOC Knapsack,16,RelaxGrouping,10000,False,max,601,0.0036,na,0.0013594627380371094,879,1422,122,True
knapsack_n150m20o3b5_2.txt,SOC Knapsack,16,RelaxGrouping,20000,False,max,601,0.0035,na,0.0012767314910888672,879,1422,122,True
knapsack_n150m20o3b5_3.txt,SOC Knapsack,22,RelaxGrouping,500,True,max,1014,0.0439,0.0078,0.0016968250274658203,1999,3736,400,True
knapsack_n150m20o3b5_3.txt,SOC Knapsack,22,RelaxGrouping,1000,True,max,1001,0.0899,0.0142,0.001861572265625,2252,4271,561,True
knapsack_n150m20o3b5_3.txt,SOC Knapsack,22,RelaxGrouping,2000,True,max,999,0.1503,0.0321,0.0022656917572021484,2511,4756,603,True
knapsack_n150m20o3b5_3.txt,SOC Knapsack,22,RelaxGrouping,5000,True,max,969,0.3935,0.0743,0.002476930618286133,3000,5697,666,True
knapsack_n150m20o3b5_3.txt,SOC Knapsack,22,RelaxGrouping,10000,True,max,949,0.7656,0.1395,0.0023505687713623047,2768,5405,565,True
knapsack_n150m20o3b5_3.txt,SOC Knapsack,22,RelaxGrouping,20000,True,max,930,1.4182,0.2298,0.004338979721069336,4552,8744,920,True
knapsack_n150m20o3b5_3.txt,SOC Knapsack,22,RelaxGrouping,500,False,max,1014,0.044,na,0.005298137664794922,6327,12045,500,True
knapsack_n150m20o3b5_3.txt,SOC Knapsack,22,RelaxGrouping,1000,False,max,1001,0.0873,na,0.009994745254516602,11558,22131,1000,True
knapsack_n150m20o3b5_3.txt,SOC Knapsack,22,RelaxGrouping,2000,False,max,999,0.1495,na,0.03609204292297363,20839,39530,1999,True
knapsack_n150m20o3b5_3.txt,SOC Knapsack,22,RelaxGrouping,5000,False,max,969,0.3648,na,0.09275269508361816,42792,80351,4991,True
knapsack_n150m20o3b5_3.txt,SOC Knapsack,22,RelaxGrouping,10000,False,max,949,0.8044,na,0.07915282249450684,68450,125024,9878,True
knapsack_n150m20o3b5_3.txt,SOC Knapsack,22,RelaxGrouping,20000,False,max,930,1.4415,na,0.13172459602355957,110311,192005,19912,True
knapsack_n150m20o3b5_4.txt,SOC Knapsack,34,RelaxGrouping,500,True,max,1646,0.1084,0.0164,0.004606962203979492,4992,9641,425,True
knapsack_n150m20o3b5_4.txt,SOC Knapsack,34,RelaxGrouping,1000,True,max,1618,0.2176,0.0367,0.006896257400512695,6552,12680,779,True
knapsack_n150m20o3b5_4.txt,SOC Knapsack,34,RelaxGrouping,2000,True,max,1614,0.4683,0.0767,0.0076982975006103516,8378,16320,1296,True
knapsack_n150m20o3b5_4.txt,SOC Knapsack,34,RelaxGrouping,5000,True,max,1612,1.4543,0.1982,0.012086868286132812,11488,22501,2271,True
knapsack_n150m20o3b5_4.txt,SOC Knapsack,34,RelaxGrouping,500,False,max,1646,0.11,na,0.01104283332824707,12370,24319,500,True
knapsack_n150m20o3b5_4.txt,SOC Knapsack,34,RelaxGrouping,10000,True,max,1632,3.2631,0.4199,0.017246484756469727,15213,29874,3669,True
knapsack_n150m20o3b5_4.txt,SOC Knapsack,34,RelaxGrouping,1000,False,max,1618,0.2151,na,0.02511906623840332,23647,46707,1000,True
knapsack_n150m20o3b5_4.txt,SOC Knapsack,34,RelaxGrouping,2000,False,max,1614,0.4722,na,0.051259517669677734,45471,90296,2000,True
knapsack_n150m20o3b5_4.txt,SOC Knapsack,34,RelaxGrouping,20000,True,max,1632,7.3158,1.0143,0.030047893524169922,20462,40413,4787,True
knapsack_n150m20o3b5_4.txt,SOC Knapsack,34,RelaxGrouping,5000,False,max,1612,1.5234,na,0.1258530616760254,106016,211044,5000,True
knapsack_n150m20o5b5_0.txt,SOC Knapsack,28,RelaxGrouping,500,True,max,1252,0.0746,0.013,0.003392934799194336,3656,6960,424,True
knapsack_n150m20o3b5_4.txt,SOC Knapsack,34,RelaxGrouping,10000,False,max,1632,3.3769,na,0.5878417491912842,199928,398581,10000,True
knapsack_n150m20o5b5_0.txt,SOC Knapsack,28,RelaxGrouping,1000,True,max,1273,0.1364,0.024,0.0038814544677734375,4530,8671,734,True
knapsack_n150m20o5b5_0.txt,SOC Knapsack,28,RelaxGrouping,2000,True,max,1280,0.3182,0.0541,0.00574946403503418,5953,11536,1140,True
knapsack_n150m20o3b5_4.txt,SOC Knapsack,34,RelaxGrouping,20000,False,max,1632,7.3621,na,0.5716934204101562,379348,755371,20000,True
knapsack_n150m20o5b5_0.txt,SOC Knapsack,28,RelaxGrouping,5000,True,max,1250,0.8768,0.1445,0.009412527084350586,7895,15239,1806,True
knapsack_n150m20o5b5_0.txt,SOC Knapsack,28,RelaxGrouping,10000,True,max,1229,2.1194,0.2627,0.009345769882202148,9794,19137,2198,True
knapsack_n150m20o5b5_0.txt,SOC Knapsack,28,RelaxGrouping,500,False,max,1252,0.0716,na,0.016416311264038086,9292,18026,500,True
knapsack_n150m20o5b5_0.txt,SOC Knapsack,28,RelaxGrouping,1000,False,max,1273,0.1426,na,0.01867222785949707,17501,34370,1000,True
knapsack_n150m20o5b5_0.txt,SOC Knapsack,28,RelaxGrouping,20000,True,max,1216,3.9562,0.5947,0.02101922035217285,14305,27680,2876,True
knapsack_n150m20o5b5_0.txt,SOC Knapsack,28,RelaxGrouping,2000,False,max,1280,0.3162,na,0.03713178634643555,32806,64799,2000,True
knapsack_n150m20o5b5_0.txt,SOC Knapsack,28,RelaxGrouping,5000,False,max,1250,0.8579,na,0.1965656280517578,73276,144569,4996,True
knapsack_n150m20o5b5_0.txt,SOC Knapsack,28,RelaxGrouping,10000,False,max,1229,2.0134,na,0.4051339626312256,133721,261614,9975,True
knapsack_n150m20o5b5_1.txt,SOC Knapsack,23,RelaxGrouping,500,True,max,844,0.0449,0.0078,0.0011544227600097656,1497,2742,275,True
knapsack_n150m20o5b5_1.txt,SOC Knapsack,23,RelaxGrouping,1000,True,max,844,0.0915,0.0143,0.0012540817260742188,1597,2974,321,True
knapsack_n150m20o5b5_1.txt,SOC Knapsack,23,RelaxGrouping,2000,True,max,839,0.1502,0.0268,0.00135040283203125,1715,3169,360,True
knapsack_n150m20o5b5_0.txt,SOC Knapsack,28,RelaxGrouping,20000,False,max,1216,3.9954,na,0.703589916229248,236407,458224,19955,True
knapsack_n150m20o5b5_1.txt,SOC Knapsack,23,RelaxGrouping,5000,True,max,833,0.4403,0.0726,0.0017876625061035156,1894,3701,350,True
knapsack_n150m20o5b5_1.txt,SOC Knapsack,23,RelaxGrouping,10000,True,max,828,0.8457,0.14,0.002474546432495117,2855,5521,573,True
knapsack_n150m20o5b5_1.txt,SOC Knapsack,23,RelaxGrouping,20000,True,max,803,1.7298,0.2326,0.003256082534790039,3398,6571,664,True
knapsack_n150m20o5b5_1.txt,SOC Knapsack,23,RelaxGrouping,500,False,max,844,0.0437,na,0.005374431610107422,6584,12307,500,True
knapsack_n150m20o5b5_1.txt,SOC Knapsack,23,RelaxGrouping,1000,False,max,844,0.0903,na,0.009922504425048828,11835,22289,1000,True
knapsack_n150m20o5b5_1.txt,SOC Knapsack,23,RelaxGrouping,2000,False,max,839,0.1534,na,0.043323516845703125,20853,39334,1994,True
knapsack_n150m20o5b5_1.txt,SOC Knapsack,23,RelaxGrouping,5000,False,max,833,0.4426,na,0.047812700271606445,43344,80358,4983,True
knapsack_n150m20o5b5_1.txt,SOC Knapsack,23,RelaxGrouping,10000,False,max,828,0.8224,na,0.21193313598632812,74383,135819,9988,True
knapsack_n150m20o5b5_1.txt,SOC Knapsack,23,RelaxGrouping,20000,False,max,803,1.7485,na,0.1660754680633545,122760,216811,19795,True
knapsack_n150m20o5b5_2.txt,SOC Knapsack,16,RelaxGrouping,500,True,max,601,0.003,0.0007,0.00022530555725097656,279,452,46,True
knapsack_n150m20o5b5_2.txt,SOC Knapsack,16,RelaxGrouping,1000,True,max,601,0.0029,0.0007,0.00022077560424804688,279,452,46,True
knapsack_n150m20o5b5_2.txt,SOC Knapsack,16,RelaxGrouping,2000,True,max,601,0.0029,0.0007,0.00020599365234375,279,452,46,True
knapsack_n150m20o5b5_2.txt,SOC Knapsack,16,RelaxGrouping,5000,True,max,601,0.003,0.0007,0.00022459030151367188,279,452,46,True
knapsack_n150m20o5b5_2.txt,SOC Knapsack,16,RelaxGrouping,10000,True,max,601,0.0029,0.0007,0.00022220611572265625,279,452,46,True
knapsack_n150m20o5b5_2.txt,SOC Knapsack,16,RelaxGrouping,20000,True,max,601,0.003,0.0007,0.0002124309539794922,279,452,46,True
knapsack_n150m20o5b5_2.txt,SOC Knapsack,16,RelaxGrouping,500,False,max,601,0.0028,na,0.0004885196685791016,703,1135,124,True
knapsack_n150m20o5b5_2.txt,SOC Knapsack,16,RelaxGrouping,1000,False,max,601,0.0029,na,0.0005235671997070312,703,1135,124,True
knapsack_n150m20o5b5_2.txt,SOC Knapsack,16,RelaxGrouping,2000,False,max,601,0.003,na,0.0005593299865722656,703,1135,124,True
knapsack_n150m20o5b5_2.txt,SOC Knapsack,16,RelaxGrouping,5000,False,max,601,0.003,na,0.0005726814270019531,703,1135,124,True
knapsack_n150m20o5b5_2.txt,SOC Knapsack,16,RelaxGrouping,10000,False,max,601,0.0028,na,0.0005309581756591797,703,1135,124,True
knapsack_n150m20o5b5_2.txt,SOC Knapsack,16,RelaxGrouping,20000,False,max,601,0.0029,na,0.0005617141723632812,703,1135,124,True
knapsack_n150m20o5b5_3.txt,SOC Knapsack,22,RelaxGrouping,500,True,max,1002,0.0461,0.0076,0.0016193389892578125,2036,3797,386,True
knapsack_n150m20o5b5_3.txt,SOC Knapsack,22,RelaxGrouping,1000,True,max,1010,0.0907,0.0142,0.0020024776458740234,2451,4581,583,True
knapsack_n150m20o5b5_3.txt,SOC Knapsack,22,RelaxGrouping,2000,True,max,997,0.1524,0.0304,0.002090930938720703,2617,4941,659,True
knapsack_n150m20o5b5_3.txt,SOC Knapsack,22,RelaxGrouping,5000,True,max,930,0.3671,0.0729,0.0018129348754882812,2125,4128,431,True
knapsack_n150m20o5b5_3.txt,SOC Knapsack,22,RelaxGrouping,10000,True,max,910,0.8143,0.111,0.002693653106689453,3119,6021,649,True
knapsack_n150m20o5b5_3.txt,SOC Knapsack,22,RelaxGrouping,20000,True,max,906,1.2764,0.2139,0.009557247161865234,4094,7746,766,True
knapsack_n150m20o5b5_3.txt,SOC Knapsack,22,RelaxGrouping,500,False,max,1002,0.0462,na,0.005957365036010742,6309,11962,500,True
knapsack_n150m20o5b5_3.txt,SOC Knapsack,22,RelaxGrouping,1000,False,max,1010,0.0916,na,0.011189699172973633,11360,21764,1000,True
knapsack_n150m20o5b5_3.txt,SOC Knapsack,22,RelaxGrouping,2000,False,max,997,0.1524,na,0.037839412689208984,20363,38591,2000,True
knapsack_n150m20o5b5_3.txt,SOC Knapsack,22,RelaxGrouping,5000,False,max,930,0.3817,na,0.0821695327758789,41617,76468,4960,True
knapsack_n150m20o5b5_3.txt,SOC Knapsack,22,RelaxGrouping,10000,False,max,910,0.8053,na,0.09436893463134766,67932,122671,9868,True
knapsack_n150m20o5b5_3.txt,SOC Knapsack,22,RelaxGrouping,20000,False,max,906,1.2756,na,0.2683746814727783,103441,180949,19909,True
knapsack_n150m20o5b5_4.txt,SOC Knapsack,34,RelaxGrouping,500,True,max,1619,0.1127,0.017,0.004884481430053711,5067,9744,433,True
knapsack_n150m20o5b5_4.txt,SOC Knapsack,34,RelaxGrouping,1000,True,max,1620,0.1923,0.0291,0.006623983383178711,6755,13001,825,True
knapsack_n150m20o5b5_4.txt,SOC Knapsack,34,RelaxGrouping,2000,True,max,1610,0.4775,0.0753,0.008986234664916992,8376,16260,1333,True
knapsack_n150m20o5b5_4.txt,SOC Knapsack,34,RelaxGrouping,5000,True,max,1641,1.3053,0.2057,0.025674104690551758,11717,22895,2265,True
knapsack_n150m20o5b5_4.txt,SOC Knapsack,34,RelaxGrouping,500,False,max,1619,0.1179,na,0.012893199920654297,12294,24108,500,True
knapsack_n150m20o5b5_4.txt,SOC Knapsack,34,RelaxGrouping,10000,True,max,1641,3.2005,0.4834,0.02285289764404297,15615,30669,3176,True
knapsack_n150m20o5b5_4.txt,SOC Knapsack,34,RelaxGrouping,1000,False,max,1620,0.215,na,0.02449321746826172,23295,45919,1000,True
knapsack_n150m20o5b5_4.txt,SOC Knapsack,34,RelaxGrouping,2000,False,max,1610,0.4751,na,0.04942750930786133,44526,88301,1999,True
knapsack_n150m20o5b5_4.txt,SOC Knapsack,34,RelaxGrouping,20000,True,max,1632,7.3055,0.982,0.03264355659484863,20473,40348,4139,True
knapsack_n150m20o5b5_4.txt,SOC Knapsack,34,RelaxGrouping,5000,False,max,1641,1.3199,na,0.26548051834106445,104451,207980,5000,True
knapsack_n150m20o5b5_4.txt,SOC Knapsack,34,RelaxGrouping,10000,False,max,1641,3.2341,na,0.562481164932251,198432,395578,9999,True
knapsack_n150m20o5b5_4.txt,SOC Knapsack,34,RelaxGrouping,20000,False,max,1632,7.0106,na,0.5375843048095703,375964,748266,19978,True
