File_name,Problem type,Variables number,DD Type,Max Width,Is Reduced,Objective Type,Optimization Value,Construction Time,Reduce Time,Solution Time,Number Node,Number Arcs,Actual Max Width,Sort
scheduler_n5_s025_seed1.txt,Scheduler,5,Exact,2147483646,True,min,394,0.0006,0.0001,3.9577484130859375e-05,32,80,10,True
scheduler_n5_s025_seed1.txt,Scheduler,5,Exact,2147483646,False,min,374,0.0006,na,9.584426879882812e-05,148,259,68,True
scheduler_n5_s025_seed1.txt,Scheduler,5,Restricted,500,True,min,394,0.0006,0.0001,4.00543212890625e-05,32,80,10,True
scheduler_n5_s025_seed1.txt,Scheduler,5,Restricted,1000,True,min,394,0.0006,0.0002,3.8623809814453125e-05,32,80,10,True
scheduler_n5_s025_seed1.txt,Scheduler,5,Restricted,2000,True,min,394,0.0006,0.0001,3.981590270996094e-05,32,80,10,True
scheduler_n5_s025_seed1.txt,Scheduler,5,Restricted,5000,True,min,394,0.0006,0.0002,4.00543212890625e-05,32,80,10,True
scheduler_n5_s025_seed1.txt,Scheduler,5,Restricted,10000,True,min,394,0.0006,0.0001,3.981590270996094e-05,32,80,10,True
scheduler_n5_s025_seed1.txt,Scheduler,5,Restricted,20000,True,min,394,0.0006,0.0002,3.981590270996094e-05,32,80,10,True
scheduler_n5_s025_seed1.txt,Scheduler,5,Restricted,500,False,min,374,0.0006,na,9.894371032714844e-05,148,259,68,True
scheduler_n5_s025_seed1.txt,Scheduler,5,Restricted,1000,False,min,374,0.0006,na,9.322166442871094e-05,148,259,68,True
scheduler_n5_s025_seed1.txt,Scheduler,5,Restricted,2000,False,min,374,0.0006,na,9.226799011230469e-05,148,259,68,True
scheduler_n5_s025_seed1.txt,Scheduler,5,Restricted,5000,False,min,374,0.0006,na,9.131431579589844e-05,148,259,68,True
scheduler_n5_s025_seed1.txt,Scheduler,5,Restricted,10000,False,min,374,0.0006,na,9.179115295410156e-05,148,259,68,True
scheduler_n5_s025_seed1.txt,Scheduler,5,Restricted,20000,False,min,374,0.0006,na,9.250640869140625e-05,148,259,68,True
scheduler_n5_s025_seed1.txt,Scheduler,5,RelaxPriority,500,True,min,394,0.0006,0.0002,3.886222839355469e-05,32,80,10,True
scheduler_n5_s025_seed1.txt,Scheduler,5,RelaxPriority,1000,True,min,394,0.0006,0.0001,3.7670135498046875e-05,32,80,10,True
scheduler_n5_s025_seed1.txt,Scheduler,5,RelaxPriority,2000,True,min,394,0.0006,0.0002,3.886222839355469e-05,32,80,10,True
scheduler_n5_s025_seed1.txt,Scheduler,5,RelaxPriority,5000,True,min,394,0.0006,0.0002,3.814697265625e-05,32,80,10,True
scheduler_n5_s025_seed1.txt,Scheduler,5,RelaxPriority,10000,True,min,394,0.0006,0.0001,3.838539123535156e-05,32,80,10,True
scheduler_n5_s025_seed1.txt,Scheduler,5,RelaxPriority,20000,True,min,394,0.0006,0.0001,3.814697265625e-05,32,80,10,True
scheduler_n5_s025_seed1.txt,Scheduler,5,RelaxPriority,500,False,min,374,0.0006,na,9.107589721679688e-05,148,259,68,True
scheduler_n5_s025_seed1.txt,Scheduler,5,RelaxPriority,1000,False,min,374,0.0006,na,9.131431579589844e-05,148,259,68,True
scheduler_n5_s025_seed1.txt,Scheduler,5,RelaxPriority,2000,False,min,374,0.0006,na,9.34600830078125e-05,148,259,68,True
scheduler_n5_s025_seed1.txt,Scheduler,5,RelaxPriority,5000,False,min,374,0.0006,na,9.107589721679688e-05,148,259,68,True
scheduler_n5_s025_seed1.txt,Scheduler,5,RelaxPriority,10000,False,min,374,0.0006,na,9.298324584960938e-05,148,259,68,True
scheduler_n5_s025_seed1.txt,Scheduler,5,RelaxPriority,20000,False,min,374,0.0006,na,9.226799011230469e-05,148,259,68,True
scheduler_n5_s025_seed1.txt,Scheduler,5,RelaxGrouping,500,True,min,394,0.0006,0.0002,3.981590270996094e-05,32,80,10,True
scheduler_n5_s025_seed1.txt,Scheduler,5,RelaxGrouping,1000,True,min,394,0.0006,0.0001,3.8623809814453125e-05,32,80,10,True
scheduler_n5_s025_seed1.txt,Scheduler,5,RelaxGrouping,2000,True,min,394,0.0006,0.0001,3.910064697265625e-05,32,80,10,True
scheduler_n5_s025_seed1.txt,Scheduler,5,RelaxGrouping,5000,True,min,394,0.0006,0.0001,3.7670135498046875e-05,32,80,10,True
scheduler_n5_s025_seed1.txt,Scheduler,5,RelaxGrouping,10000,True,min,394,0.0006,0.0001,3.790855407714844e-05,32,80,10,True
scheduler_n5_s025_seed1.txt,Scheduler,5,RelaxGrouping,20000,True,min,394,0.0006,0.0001,3.7670135498046875e-05,32,80,10,True
scheduler_n5_s025_seed1.txt,Scheduler,5,RelaxGrouping,500,False,min,374,0.0006,na,9.322166442871094e-05,148,259,68,True
scheduler_n5_s025_seed1.txt,Scheduler,5,RelaxGrouping,1000,False,min,374,0.0006,na,9.083747863769531e-05,148,259,68,True
scheduler_n5_s025_seed1.txt,Scheduler,5,RelaxGrouping,2000,False,min,374,0.0006,na,9.107589721679688e-05,148,259,68,True
scheduler_n5_s025_seed1.txt,Scheduler,5,RelaxGrouping,5000,False,min,374,0.0006,na,8.821487426757812e-05,148,259,68,True
scheduler_n5_s025_seed1.txt,Scheduler,5,RelaxGrouping,10000,False,min,374,0.0006,na,9.083747863769531e-05,148,259,68,True
scheduler_n5_s025_seed1.txt,Scheduler,5,RelaxGrouping,20000,False,min,374,0.0006,na,9.393692016601562e-05,148,259,68,True
scheduler_n5_s025_seed2.txt,Scheduler,5,Exact,2147483646,True,min,224,0.0006,0.0001,3.62396240234375e-05,32,80,10,True
scheduler_n5_s025_seed2.txt,Scheduler,5,Exact,2147483646,False,min,224,0.0006,na,9.179115295410156e-05,143,255,62,True
scheduler_n5_s025_seed2.txt,Scheduler,5,Restricted,500,True,min,224,0.0006,0.0001,3.62396240234375e-05,32,80,10,True
scheduler_n5_s025_seed2.txt,Scheduler,5,Restricted,1000,True,min,224,0.0006,0.0001,3.528594970703125e-05,32,80,10,True
scheduler_n5_s025_seed2.txt,Scheduler,5,Restricted,2000,True,min,224,0.0007,0.0001,3.6716461181640625e-05,32,80,10,True
scheduler_n5_s025_seed2.txt,Scheduler,5,Restricted,5000,True,min,224,0.0006,0.0002,3.647804260253906e-05,32,80,10,True
scheduler_n5_s025_seed2.txt,Scheduler,5,Restricted,10000,True,min,224,0.0006,0.0001,3.647804260253906e-05,32,80,10,True
scheduler_n5_s025_seed2.txt,Scheduler,5,Restricted,20000,True,min,224,0.0007,0.0002,3.910064697265625e-05,32,80,10,True
scheduler_n5_s025_seed2.txt,Scheduler,5,Restricted,500,False,min,224,0.0006,na,8.559226989746094e-05,143,255,62,True
scheduler_n5_s025_seed2.txt,Scheduler,5,Restricted,1000,False,min,224,0.0006,na,8.726119995117188e-05,143,255,62,True
scheduler_n5_s025_seed2.txt,Scheduler,5,Restricted,2000,False,min,224,0.0006,na,8.940696716308594e-05,143,255,62,True
scheduler_n5_s025_seed2.txt,Scheduler,5,Restricted,5000,False,min,224,0.0006,na,8.7738037109375e-05,143,255,62,True
scheduler_n5_s025_seed2.txt,Scheduler,5,Restricted,10000,False,min,224,0.0006,na,8.463859558105469e-05,143,255,62,True
scheduler_n5_s025_seed2.txt,Scheduler,5,Restricted,20000,False,min,224,0.0006,na,8.58306884765625e-05,143,255,62,True
scheduler_n5_s025_seed2.txt,Scheduler,5,RelaxPriority,500,True,min,224,0.0006,0.0002,3.6716461181640625e-05,32,80,10,True
scheduler_n5_s025_seed2.txt,Scheduler,5,RelaxPriority,1000,True,min,224,0.0006,0.0001,3.4809112548828125e-05,32,80,10,True
scheduler_n5_s025_seed2.txt,Scheduler,5,RelaxPriority,2000,True,min,224,0.0006,0.0001,3.528594970703125e-05,32,80,10,True
scheduler_n5_s025_seed2.txt,Scheduler,5,RelaxPriority,5000,True,min,224,0.0006,0.0001,3.719329833984375e-05,32,80,10,True
scheduler_n5_s025_seed2.txt,Scheduler,5,RelaxPriority,10000,True,min,224,0.0006,0.0001,3.62396240234375e-05,32,80,10,True
scheduler_n5_s025_seed2.txt,Scheduler,5,RelaxPriority,20000,True,min,224,0.0006,0.0001,4.220008850097656e-05,32,80,10,True
scheduler_n5_s025_seed2.txt,Scheduler,5,RelaxPriority,500,False,min,224,0.0006,na,9.226799011230469e-05,143,255,62,True
scheduler_n5_s025_seed2.txt,Scheduler,5,RelaxPriority,1000,False,min,224,0.0006,na,8.58306884765625e-05,143,255,62,True
scheduler_n5_s025_seed2.txt,Scheduler,5,RelaxPriority,2000,False,min,224,0.0006,na,8.463859558105469e-05,143,255,62,True
scheduler_n5_s025_seed2.txt,Scheduler,5,RelaxPriority,5000,False,min,224,0.0006,na,9.1552734375e-05,143,255,62,True
scheduler_n5_s025_seed2.txt,Scheduler,5,RelaxPriority,10000,False,min,224,0.0006,na,8.606910705566406e-05,143,255,62,True
scheduler_n5_s025_seed2.txt,Scheduler,5,RelaxPriority,20000,False,min,224,0.0006,na,8.511543273925781e-05,143,255,62,True
scheduler_n5_s025_seed2.txt,Scheduler,5,RelaxGrouping,500,True,min,224,0.0006,0.0001,3.62396240234375e-05,32,80,10,True
scheduler_n5_s025_seed2.txt,Scheduler,5,RelaxGrouping,1000,True,min,224,0.0006,0.0001,3.552436828613281e-05,32,80,10,True
scheduler_n5_s025_seed2.txt,Scheduler,5,RelaxGrouping,2000,True,min,224,0.0006,0.0001,3.504753112792969e-05,32,80,10,True
scheduler_n5_s025_seed2.txt,Scheduler,5,RelaxGrouping,5000,True,min,224,0.0006,0.0001,3.600120544433594e-05,32,80,10,True
scheduler_n5_s025_seed2.txt,Scheduler,5,RelaxGrouping,10000,True,min,224,0.0006,0.0001,3.528594970703125e-05,32,80,10,True
scheduler_n5_s025_seed2.txt,Scheduler,5,RelaxGrouping,20000,True,min,224,0.0006,0.0001,3.528594970703125e-05,32,80,10,True
scheduler_n5_s025_seed2.txt,Scheduler,5,RelaxGrouping,500,False,min,224,0.0006,na,8.535385131835938e-05,143,255,62,True
scheduler_n5_s025_seed2.txt,Scheduler,5,RelaxGrouping,1000,False,min,224,0.0006,na,9.322166442871094e-05,143,255,62,True
scheduler_n5_s025_seed2.txt,Scheduler,5,RelaxGrouping,2000,False,min,224,0.0006,na,8.606910705566406e-05,143,255,62,True
scheduler_n5_s025_seed2.txt,Scheduler,5,RelaxGrouping,5000,False,min,224,0.0006,na,8.559226989746094e-05,143,255,62,True
scheduler_n5_s025_seed2.txt,Scheduler,5,RelaxGrouping,10000,False,min,224,0.0006,na,8.58306884765625e-05,143,255,62,True
scheduler_n5_s025_seed2.txt,Scheduler,5,RelaxGrouping,20000,False,min,224,0.0006,na,8.654594421386719e-05,143,255,62,True
scheduler_n5_s025_seed3.txt,Scheduler,5,Exact,2147483646,True,min,688,0.0006,0.0002,4.1484832763671875e-05,32,80,10,True
scheduler_n5_s025_seed3.txt,Scheduler,5,Exact,2147483646,False,min,688,0.0006,na,0.0001049041748046875,163,277,80,True
scheduler_n5_s025_seed3.txt,Scheduler,5,Restricted,500,True,min,688,0.0007,0.0002,3.933906555175781e-05,32,80,10,True
scheduler_n5_s025_seed3.txt,Scheduler,5,Restricted,1000,True,min,688,0.0007,0.0002,4.100799560546875e-05,32,80,10,True
scheduler_n5_s025_seed3.txt,Scheduler,5,Restricted,2000,True,min,688,0.0007,0.0002,4.029273986816406e-05,32,80,10,True
scheduler_n5_s025_seed3.txt,Scheduler,5,Restricted,5000,True,min,688,0.0007,0.0002,4.029273986816406e-05,32,80,10,True
scheduler_n5_s025_seed3.txt,Scheduler,5,Restricted,10000,True,min,688,0.0007,0.0002,4.1961669921875e-05,32,80,10,True
scheduler_n5_s025_seed3.txt,Scheduler,5,Restricted,20000,True,min,688,0.0006,0.0002,4.076957702636719e-05,32,80,10,True
scheduler_n5_s025_seed3.txt,Scheduler,5,Restricted,500,False,min,688,0.0006,na,0.00010275840759277344,163,277,80,True
scheduler_n5_s025_seed3.txt,Scheduler,5,Restricted,1000,False,min,688,0.0007,na,0.00010418891906738281,163,277,80,True
scheduler_n5_s025_seed3.txt,Scheduler,5,Restricted,2000,False,min,688,0.0007,na,0.000102996826171875,163,277,80,True
scheduler_n5_s025_seed3.txt,Scheduler,5,Restricted,5000,False,min,688,0.0006,na,0.00010561943054199219,163,277,80,True
scheduler_n5_s025_seed3.txt,Scheduler,5,Restricted,10000,False,min,688,0.0007,na,0.00010442733764648438,163,277,80,True
scheduler_n5_s025_seed3.txt,Scheduler,5,Restricted,20000,False,min,688,0.0006,na,0.00010371208190917969,163,277,80,True
scheduler_n5_s025_seed3.txt,Scheduler,5,RelaxPriority,500,True,min,688,0.0006,0.0002,4.00543212890625e-05,32,80,10,True
scheduler_n5_s025_seed3.txt,Scheduler,5,RelaxPriority,1000,True,min,688,0.0006,0.0002,4.029273986816406e-05,32,80,10,True
scheduler_n5_s025_seed3.txt,Scheduler,5,RelaxPriority,2000,True,min,688,0.0007,0.0002,3.981590270996094e-05,32,80,10,True
scheduler_n5_s025_seed3.txt,Scheduler,5,RelaxPriority,5000,True,min,688,0.0006,0.0002,3.933906555175781e-05,32,80,10,True
scheduler_n5_s025_seed3.txt,Scheduler,5,RelaxPriority,10000,True,min,688,0.0006,0.0002,4.124641418457031e-05,32,80,10,True
scheduler_n5_s025_seed3.txt,Scheduler,5,RelaxPriority,20000,True,min,688,0.0006,0.0002,3.838539123535156e-05,32,80,10,True
scheduler_n5_s025_seed3.txt,Scheduler,5,RelaxPriority,500,False,min,688,0.0006,na,0.00010895729064941406,163,277,80,True
scheduler_n5_s025_seed3.txt,Scheduler,5,RelaxPriority,1000,False,min,688,0.0007,na,0.000102996826171875,163,277,80,True
scheduler_n5_s025_seed3.txt,Scheduler,5,RelaxPriority,2000,False,min,688,0.0007,na,0.00010561943054199219,163,277,80,True
scheduler_n5_s025_seed3.txt,Scheduler,5,RelaxPriority,5000,False,min,688,0.0006,na,0.00010514259338378906,163,277,80,True
scheduler_n5_s025_seed3.txt,Scheduler,5,RelaxPriority,10000,False,min,688,0.0007,na,0.00010228157043457031,163,277,80,True
scheduler_n5_s025_seed3.txt,Scheduler,5,RelaxPriority,20000,False,min,688,0.0006,na,0.000102996826171875,163,277,80,True
scheduler_n5_s025_seed3.txt,Scheduler,5,RelaxGrouping,500,True,min,688,0.0007,0.0002,3.981590270996094e-05,32,80,10,True
scheduler_n5_s025_seed3.txt,Scheduler,5,RelaxGrouping,1000,True,min,688,0.0006,0.0002,4.124641418457031e-05,32,80,10,True
scheduler_n5_s025_seed3.txt,Scheduler,5,RelaxGrouping,2000,True,min,688,0.0007,0.0002,3.981590270996094e-05,32,80,10,True
scheduler_n5_s025_seed3.txt,Scheduler,5,RelaxGrouping,5000,True,min,688,0.0007,0.0002,4.029273986816406e-05,32,80,10,True
scheduler_n5_s025_seed3.txt,Scheduler,5,RelaxGrouping,10000,True,min,688,0.0007,0.0002,4.076957702636719e-05,32,80,10,True
scheduler_n5_s025_seed3.txt,Scheduler,5,RelaxGrouping,20000,True,min,688,0.0007,0.0002,4.124641418457031e-05,32,80,10,True
scheduler_n5_s025_seed3.txt,Scheduler,5,RelaxGrouping,500,False,min,688,0.0007,na,0.00010347366333007812,163,277,80,True
scheduler_n5_s025_seed3.txt,Scheduler,5,RelaxGrouping,1000,False,min,688,0.0007,na,0.00010371208190917969,163,277,80,True
scheduler_n5_s025_seed3.txt,Scheduler,5,RelaxGrouping,2000,False,min,688,0.0006,na,0.00011157989501953125,163,277,80,True
scheduler_n5_s025_seed3.txt,Scheduler,5,RelaxGrouping,5000,False,min,688,0.0007,na,0.00010347366333007812,163,277,80,True
scheduler_n5_s025_seed3.txt,Scheduler,5,RelaxGrouping,10000,False,min,688,0.0007,na,0.00010418891906738281,163,277,80,True
scheduler_n5_s025_seed3.txt,Scheduler,5,RelaxGrouping,20000,False,min,688,0.0006,na,0.00010371208190917969,163,277,80,True
scheduler_n5_s025_seed4.txt,Scheduler,5,Exact,2147483646,True,min,194,0.0006,0.0002,3.62396240234375e-05,32,80,10,True
scheduler_n5_s025_seed4.txt,Scheduler,5,Exact,2147483646,False,min,194,0.0006,na,8.845329284667969e-05,155,266,75,True
scheduler_n5_s025_seed4.txt,Scheduler,5,Restricted,500,True,min,194,0.0006,0.0002,3.5762786865234375e-05,32,80,10,True
scheduler_n5_s025_seed4.txt,Scheduler,5,Restricted,1000,True,min,194,0.0006,0.0002,3.600120544433594e-05,32,80,10,True
scheduler_n5_s025_seed4.txt,Scheduler,5,Restricted,2000,True,min,194,0.0006,0.0002,3.647804260253906e-05,32,80,10,True
scheduler_n5_s025_seed4.txt,Scheduler,5,Restricted,5000,True,min,194,0.0006,0.0002,3.4809112548828125e-05,32,80,10,True
scheduler_n5_s025_seed4.txt,Scheduler,5,Restricted,10000,True,min,194,0.0006,0.0002,3.457069396972656e-05,32,80,10,True
scheduler_n5_s025_seed4.txt,Scheduler,5,Restricted,20000,True,min,194,0.0006,0.0002,3.552436828613281e-05,32,80,10,True
scheduler_n5_s025_seed4.txt,Scheduler,5,Restricted,500,False,min,194,0.0006,na,8.916854858398438e-05,155,266,75,True
scheduler_n5_s025_seed4.txt,Scheduler,5,Restricted,1000,False,min,194,0.0006,na,8.702278137207031e-05,155,266,75,True
scheduler_n5_s025_seed4.txt,Scheduler,5,Restricted,2000,False,min,194,0.0006,na,9.34600830078125e-05,155,266,75,True
scheduler_n5_s025_seed4.txt,Scheduler,5,Restricted,5000,False,min,194,0.0006,na,8.797645568847656e-05,155,266,75,True
scheduler_n5_s025_seed4.txt,Scheduler,5,Restricted,10000,False,min,194,0.0006,na,8.893013000488281e-05,155,266,75,True
scheduler_n5_s025_seed4.txt,Scheduler,5,Restricted,20000,False,min,194,0.0007,na,8.797645568847656e-05,155,266,75,True
scheduler_n5_s025_seed4.txt,Scheduler,5,RelaxPriority,500,True,min,194,0.0006,0.0002,3.600120544433594e-05,32,80,10,True
scheduler_n5_s025_seed4.txt,Scheduler,5,RelaxPriority,1000,True,min,194,0.0006,0.0002,3.528594970703125e-05,32,80,10,True
scheduler_n5_s025_seed4.txt,Scheduler,5,RelaxPriority,2000,True,min,194,0.0006,0.0002,3.647804260253906e-05,32,80,10,True
scheduler_n5_s025_seed4.txt,Scheduler,5,RelaxPriority,5000,True,min,194,0.0006,0.0002,3.5762786865234375e-05,32,80,10,True
scheduler_n5_s025_seed4.txt,Scheduler,5,RelaxPriority,10000,True,min,194,0.0006,0.0002,3.6716461181640625e-05,32,80,10,True
scheduler_n5_s025_seed4.txt,Scheduler,5,RelaxPriority,20000,True,min,194,0.0006,0.0002,3.719329833984375e-05,32,80,10,True
scheduler_n5_s025_seed4.txt,Scheduler,5,RelaxPriority,500,False,min,194,0.0006,na,9.322166442871094e-05,155,266,75,True
scheduler_n5_s025_seed4.txt,Scheduler,5,RelaxPriority,1000,False,min,194,0.0006,na,9.107589721679688e-05,155,266,75,True
scheduler_n5_s025_seed4.txt,Scheduler,5,RelaxPriority,2000,False,min,194,0.0006,na,9.012222290039062e-05,155,266,75,True
scheduler_n5_s025_seed4.txt,Scheduler,5,RelaxPriority,5000,False,min,194,0.0006,na,8.988380432128906e-05,155,266,75,True
scheduler_n5_s025_seed4.txt,Scheduler,5,RelaxPriority,10000,False,min,194,0.0006,na,9.012222290039062e-05,155,266,75,True
scheduler_n5_s025_seed4.txt,Scheduler,5,RelaxPriority,20000,False,min,194,0.0006,na,9.012222290039062e-05,155,266,75,True
scheduler_n5_s025_seed4.txt,Scheduler,5,RelaxGrouping,500,True,min,194,0.0006,0.0002,3.838539123535156e-05,32,80,10,True
scheduler_n5_s025_seed4.txt,Scheduler,5,RelaxGrouping,1000,True,min,194,0.0006,0.0002,3.5762786865234375e-05,32,80,10,True
scheduler_n5_s025_seed4.txt,Scheduler,5,RelaxGrouping,2000,True,min,194,0.0006,0.0002,3.9577484130859375e-05,32,80,10,True
scheduler_n5_s025_seed4.txt,Scheduler,5,RelaxGrouping,5000,True,min,194,0.0006,0.0002,3.647804260253906e-05,32,80,10,True
scheduler_n5_s025_seed4.txt,Scheduler,5,RelaxGrouping,10000,True,min,194,0.0006,0.0002,3.6716461181640625e-05,32,80,10,True
scheduler_n5_s025_seed4.txt,Scheduler,5,RelaxGrouping,20000,True,min,194,0.0006,0.0002,3.6716461181640625e-05,32,80,10,True
scheduler_n5_s025_seed4.txt,Scheduler,5,RelaxGrouping,500,False,min,194,0.0006,na,8.654594421386719e-05,155,266,75,True
scheduler_n5_s025_seed4.txt,Scheduler,5,RelaxGrouping,1000,False,min,194,0.0006,na,8.7738037109375e-05,155,266,75,True
scheduler_n5_s025_seed4.txt,Scheduler,5,RelaxGrouping,2000,False,min,194,0.0006,na,8.988380432128906e-05,155,266,75,True
scheduler_n5_s025_seed4.txt,Scheduler,5,RelaxGrouping,5000,False,min,194,0.0006,na,9.584426879882812e-05,155,266,75,True
scheduler_n5_s025_seed4.txt,Scheduler,5,RelaxGrouping,10000,False,min,194,0.0006,na,9.059906005859375e-05,155,266,75,True
scheduler_n5_s025_seed4.txt,Scheduler,5,RelaxGrouping,20000,False,min,194,0.0006,na,9.036064147949219e-05,155,266,75,True
scheduler_n5_s025_seed5.txt,Scheduler,5,Exact,2147483646,True,min,302,0.0007,0.0002,4.029273986816406e-05,32,80,10,True
scheduler_n5_s025_seed5.txt,Scheduler,5,Exact,2147483646,False,min,296,0.0007,na,9.965896606445312e-05,166,281,82,True
scheduler_n5_s025_seed5.txt,Scheduler,5,Restricted,500,True,min,302,0.0007,0.0002,3.910064697265625e-05,32,80,10,True
scheduler_n5_s025_seed5.txt,Scheduler,5,Restricted,1000,True,min,302,0.0007,0.0002,4.8160552978515625e-05,32,80,10,True
scheduler_n5_s025_seed5.txt,Scheduler,5,Restricted,2000,True,min,302,0.0007,0.0002,4.00543212890625e-05,32,80,10,True
scheduler_n5_s025_seed5.txt,Scheduler,5,Restricted,5000,True,min,302,0.0007,0.0002,4.00543212890625e-05,32,80,10,True
scheduler_n5_s025_seed5.txt,Scheduler,5,Restricted,10000,True,min,302,0.0007,0.0002,4.076957702636719e-05,32,80,10,True
scheduler_n5_s025_seed5.txt,Scheduler,5,Restricted,20000,True,min,302,0.0007,0.0002,3.838539123535156e-05,32,80,10,True
scheduler_n5_s025_seed5.txt,Scheduler,5,Restricted,500,False,min,296,0.0007,na,9.822845458984375e-05,166,281,82,True
scheduler_n5_s025_seed5.txt,Scheduler,5,Restricted,1000,False,min,296,0.0007,na,0.00010037422180175781,166,281,82,True
scheduler_n5_s025_seed5.txt,Scheduler,5,Restricted,2000,False,min,296,0.0007,na,0.00010275840759277344,166,281,82,True
scheduler_n5_s025_seed5.txt,Scheduler,5,Restricted,5000,False,min,296,0.0007,na,0.00010085105895996094,166,281,82,True
scheduler_n5_s025_seed5.txt,Scheduler,5,Restricted,10000,False,min,296,0.0007,na,0.00010132789611816406,166,281,82,True
scheduler_n5_s025_seed5.txt,Scheduler,5,Restricted,20000,False,min,296,0.0007,na,9.870529174804688e-05,166,281,82,True
scheduler_n5_s025_seed5.txt,Scheduler,5,RelaxPriority,500,True,min,302,0.0007,0.0002,4.076957702636719e-05,32,80,10,True
scheduler_n5_s025_seed5.txt,Scheduler,5,RelaxPriority,1000,True,min,302,0.0007,0.0002,3.981590270996094e-05,32,80,10,True
scheduler_n5_s025_seed5.txt,Scheduler,5,RelaxPriority,2000,True,min,302,0.0007,0.0002,3.9577484130859375e-05,32,80,10,True
scheduler_n5_s025_seed5.txt,Scheduler,5,RelaxPriority,5000,True,min,302,0.0007,0.0002,4.124641418457031e-05,32,80,10,True
scheduler_n5_s025_seed5.txt,Scheduler,5,RelaxPriority,10000,True,min,302,0.0007,0.0002,4.601478576660156e-05,32,80,10,True
scheduler_n5_s025_seed5.txt,Scheduler,5,RelaxPriority,20000,True,min,302,0.0007,0.0002,4.029273986816406e-05,32,80,10,True
scheduler_n5_s025_seed5.txt,Scheduler,5,RelaxPriority,500,False,min,296,0.0007,na,0.00011563301086425781,166,281,82,True
scheduler_n5_s025_seed5.txt,Scheduler,5,RelaxPriority,1000,False,min,296,0.0007,na,0.00010585784912109375,166,281,82,True
scheduler_n5_s025_seed5.txt,Scheduler,5,RelaxPriority,2000,False,min,296,0.0007,na,0.00010132789611816406,166,281,82,True
scheduler_n5_s025_seed5.txt,Scheduler,5,RelaxPriority,5000,False,min,296,0.0007,na,0.000102996826171875,166,281,82,True
scheduler_n5_s025_seed5.txt,Scheduler,5,RelaxPriority,10000,False,min,296,0.0007,na,0.00010061264038085938,166,281,82,True
scheduler_n5_s025_seed5.txt,Scheduler,5,RelaxPriority,20000,False,min,296,0.0007,na,0.00010180473327636719,166,281,82,True
scheduler_n5_s025_seed5.txt,Scheduler,5,RelaxGrouping,500,True,min,302,0.0007,0.0002,4.0531158447265625e-05,32,80,10,True
scheduler_n5_s025_seed5.txt,Scheduler,5,RelaxGrouping,1000,True,min,302,0.0007,0.0002,3.933906555175781e-05,32,80,10,True
scheduler_n5_s025_seed5.txt,Scheduler,5,RelaxGrouping,2000,True,min,302,0.0007,0.0002,4.172325134277344e-05,32,80,10,True
scheduler_n5_s025_seed5.txt,Scheduler,5,RelaxGrouping,5000,True,min,302,0.0007,0.0002,4.220008850097656e-05,32,80,10,True
scheduler_n5_s025_seed5.txt,Scheduler,5,RelaxGrouping,10000,True,min,302,0.0007,0.0002,4.00543212890625e-05,32,80,10,True
scheduler_n5_s025_seed5.txt,Scheduler,5,RelaxGrouping,20000,True,min,302,0.0007,0.0002,3.981590270996094e-05,32,80,10,True
scheduler_n5_s025_seed5.txt,Scheduler,5,RelaxGrouping,500,False,min,296,0.0007,na,0.00010013580322265625,166,281,82,True
scheduler_n5_s025_seed5.txt,Scheduler,5,RelaxGrouping,1000,False,min,296,0.0007,na,0.00010395050048828125,166,281,82,True
scheduler_n5_s025_seed5.txt,Scheduler,5,RelaxGrouping,2000,False,min,296,0.0007,na,0.00010180473327636719,166,281,82,True
scheduler_n5_s025_seed5.txt,Scheduler,5,RelaxGrouping,5000,False,min,296,0.0007,na,0.00010085105895996094,166,281,82,True
scheduler_n5_s025_seed5.txt,Scheduler,5,RelaxGrouping,10000,False,min,296,0.0007,na,9.894371032714844e-05,166,281,82,True
scheduler_n5_s025_seed5.txt,Scheduler,5,RelaxGrouping,20000,False,min,296,0.0007,na,0.00010180473327636719,166,281,82,True
scheduler_n5_s050_seed1.txt,Scheduler,5,Exact,2147483646,True,min,378,0.0007,0.0002,4.1484832763671875e-05,32,80,10,True
scheduler_n5_s050_seed1.txt,Scheduler,5,Exact,2147483646,False,min,378,0.0007,na,0.00013685226440429688,186,303,100,True
scheduler_n5_s050_seed1.txt,Scheduler,5,Restricted,500,True,min,378,0.0009,0.0002,4.792213439941406e-05,32,80,10,True
scheduler_n5_s050_seed1.txt,Scheduler,5,Restricted,1000,True,min,378,0.0008,0.0002,4.76837158203125e-05,32,80,10,True
scheduler_n5_s050_seed1.txt,Scheduler,5,Restricted,2000,True,min,378,0.0007,0.0002,4.0531158447265625e-05,32,80,10,True
scheduler_n5_s050_seed1.txt,Scheduler,5,Restricted,5000,True,min,378,0.0007,0.0002,4.291534423828125e-05,32,80,10,True
scheduler_n5_s050_seed1.txt,Scheduler,5,Restricted,10000,True,min,378,0.0007,0.0002,4.3392181396484375e-05,32,80,10,True
scheduler_n5_s050_seed1.txt,Scheduler,5,Restricted,20000,True,min,378,0.0007,0.0002,4.00543212890625e-05,32,80,10,True
scheduler_n5_s050_seed1.txt,Scheduler,5,Restricted,500,False,min,378,0.0007,na,0.00013828277587890625,186,303,100,True
scheduler_n5_s050_seed1.txt,Scheduler,5,Restricted,1000,False,min,378,0.0007,na,0.00014138221740722656,186,303,100,True
scheduler_n5_s050_seed1.txt,Scheduler,5,Restricted,2000,False,min,378,0.0007,na,0.0001361370086669922,186,303,100,True
scheduler_n5_s050_seed1.txt,Scheduler,5,Restricted,5000,False,min,378,0.0007,na,0.00013566017150878906,186,303,100,True
scheduler_n5_s050_seed1.txt,Scheduler,5,Restricted,10000,False,min,378,0.0007,na,0.00013947486877441406,186,303,100,True
scheduler_n5_s050_seed1.txt,Scheduler,5,Restricted,20000,False,min,378,0.0007,na,0.0001373291015625,186,303,100,True
scheduler_n5_s050_seed1.txt,Scheduler,5,RelaxPriority,500,True,min,378,0.0007,0.0002,4.172325134277344e-05,32,80,10,True
scheduler_n5_s050_seed1.txt,Scheduler,5,RelaxPriority,1000,True,min,378,0.0007,0.0002,4.315376281738281e-05,32,80,10,True
scheduler_n5_s050_seed1.txt,Scheduler,5,RelaxPriority,2000,True,min,378,0.0007,0.0002,4.1961669921875e-05,32,80,10,True
scheduler_n5_s050_seed1.txt,Scheduler,5,RelaxPriority,5000,True,min,378,0.0007,0.0002,4.076957702636719e-05,32,80,10,True
scheduler_n5_s050_seed1.txt,Scheduler,5,RelaxPriority,10000,True,min,378,0.0007,0.0002,4.1961669921875e-05,32,80,10,True
scheduler_n5_s050_seed1.txt,Scheduler,5,RelaxPriority,20000,True,min,378,0.0007,0.0002,4.220008850097656e-05,32,80,10,True
scheduler_n5_s050_seed1.txt,Scheduler,5,RelaxPriority,500,False,min,378,0.0007,na,0.00013947486877441406,186,303,100,True
scheduler_n5_s050_seed1.txt,Scheduler,5,RelaxPriority,1000,False,min,378,0.0007,na,0.0001385211944580078,186,303,100,True
scheduler_n5_s050_seed1.txt,Scheduler,5,RelaxPriority,2000,False,min,378,0.0007,na,0.00014448165893554688,186,303,100,True
scheduler_n5_s050_seed1.txt,Scheduler,5,RelaxPriority,5000,False,min,378,0.0007,na,0.0001399517059326172,186,303,100,True
scheduler_n5_s050_seed1.txt,Scheduler,5,RelaxPriority,10000,False,min,378,0.0007,na,0.00013947486877441406,186,303,100,True
scheduler_n5_s050_seed1.txt,Scheduler,5,RelaxPriority,20000,False,min,378,0.0007,na,0.0001423358917236328,186,303,100,True
scheduler_n5_s050_seed1.txt,Scheduler,5,RelaxGrouping,500,True,min,378,0.0007,0.0002,4.220008850097656e-05,32,80,10,True
scheduler_n5_s050_seed1.txt,Scheduler,5,RelaxGrouping,1000,True,min,378,0.0007,0.0002,4.1961669921875e-05,32,80,10,True
scheduler_n5_s050_seed1.txt,Scheduler,5,RelaxGrouping,2000,True,min,378,0.0007,0.0002,4.220008850097656e-05,32,80,10,True
scheduler_n5_s050_seed1.txt,Scheduler,5,RelaxGrouping,5000,True,min,378,0.0007,0.0002,4.2438507080078125e-05,32,80,10,True
scheduler_n5_s050_seed1.txt,Scheduler,5,RelaxGrouping,10000,True,min,378,0.0007,0.0002,4.00543212890625e-05,32,80,10,True
scheduler_n5_s050_seed1.txt,Scheduler,5,RelaxGrouping,20000,True,min,378,0.0007,0.0002,4.0531158447265625e-05,32,80,10,True
scheduler_n5_s050_seed1.txt,Scheduler,5,RelaxGrouping,500,False,min,378,0.0007,na,0.0001385211944580078,186,303,100,True
scheduler_n5_s050_seed1.txt,Scheduler,5,RelaxGrouping,1000,False,min,378,0.0007,na,0.00013589859008789062,186,303,100,True
scheduler_n5_s050_seed1.txt,Scheduler,5,RelaxGrouping,2000,False,min,378,0.0007,na,0.00013685226440429688,186,303,100,True
scheduler_n5_s050_seed1.txt,Scheduler,5,RelaxGrouping,5000,False,min,378,0.0007,na,0.0001518726348876953,186,303,100,True
scheduler_n5_s050_seed1.txt,Scheduler,5,RelaxGrouping,10000,False,min,378,0.0007,na,0.000141143798828125,186,303,100,True
scheduler_n5_s050_seed1.txt,Scheduler,5,RelaxGrouping,20000,False,min,378,0.0007,na,0.00013566017150878906,186,303,100,True
scheduler_n5_s050_seed2.txt,Scheduler,5,Exact,2147483646,True,min,243,0.0007,0.0002,4.744529724121094e-05,32,80,10,True
scheduler_n5_s050_seed2.txt,Scheduler,5,Exact,2147483646,False,min,243,0.0006,na,0.00010013580322265625,160,272,79,True
scheduler_n5_s050_seed2.txt,Scheduler,5,Restricted,500,True,min,243,0.0007,0.0002,3.9577484130859375e-05,32,80,10,True
scheduler_n5_s050_seed2.txt,Scheduler,5,Restricted,1000,True,min,243,0.0007,0.0002,4.124641418457031e-05,32,80,10,True
scheduler_n5_s050_seed2.txt,Scheduler,5,Restricted,2000,True,min,243,0.0007,0.0002,3.933906555175781e-05,32,80,10,True
scheduler_n5_s050_seed2.txt,Scheduler,5,Restricted,5000,True,min,243,0.0007,0.0002,3.981590270996094e-05,32,80,10,True
scheduler_n5_s050_seed2.txt,Scheduler,5,Restricted,10000,True,min,243,0.0007,0.0002,3.838539123535156e-05,32,80,10,True
scheduler_n5_s050_seed2.txt,Scheduler,5,Restricted,20000,True,min,243,0.0007,0.0002,4.0531158447265625e-05,32,80,10,True
scheduler_n5_s050_seed2.txt,Scheduler,5,Restricted,500,False,min,243,0.0007,na,9.679794311523438e-05,160,272,79,True
scheduler_n5_s050_seed2.txt,Scheduler,5,Restricted,1000,False,min,243,0.0007,na,9.989738464355469e-05,160,272,79,True
scheduler_n5_s050_seed2.txt,Scheduler,5,Restricted,2000,False,min,243,0.0007,na,0.00010228157043457031,160,272,79,True
scheduler_n5_s050_seed2.txt,Scheduler,5,Restricted,5000,False,min,243,0.0007,na,0.00010275840759277344,160,272,79,True
scheduler_n5_s050_seed2.txt,Scheduler,5,Restricted,10000,False,min,243,0.0007,na,9.822845458984375e-05,160,272,79,True
scheduler_n5_s050_seed2.txt,Scheduler,5,Restricted,20000,False,min,243,0.0008,na,0.00010919570922851562,160,272,79,True
scheduler_n5_s050_seed2.txt,Scheduler,5,RelaxPriority,500,True,min,243,0.0007,0.0002,4.553794860839844e-05,32,80,10,True
scheduler_n5_s050_seed2.txt,Scheduler,5,RelaxPriority,1000,True,min,243,0.0007,0.0002,4.0531158447265625e-05,32,80,10,True
scheduler_n5_s050_seed2.txt,Scheduler,5,RelaxPriority,2000,True,min,243,0.0007,0.0002,4.029273986816406e-05,32,80,10,True
scheduler_n5_s050_seed2.txt,Scheduler,5,RelaxPriority,5000,True,min,243,0.0007,0.0002,3.933906555175781e-05,32,80,10,True
scheduler_n5_s050_seed2.txt,Scheduler,5,RelaxPriority,10000,True,min,243,0.0007,0.0002,4.100799560546875e-05,32,80,10,True
scheduler_n5_s050_seed2.txt,Scheduler,5,RelaxPriority,20000,True,min,243,0.0007,0.0002,3.981590270996094e-05,32,80,10,True
scheduler_n5_s050_seed2.txt,Scheduler,5,RelaxPriority,500,False,min,243,0.0007,na,9.870529174804688e-05,160,272,79,True
scheduler_n5_s050_seed2.txt,Scheduler,5,RelaxPriority,1000,False,min,243,0.0007,na,0.0001049041748046875,160,272,79,True
scheduler_n5_s050_seed2.txt,Scheduler,5,RelaxPriority,2000,False,min,243,0.0007,na,0.00010180473327636719,160,272,79,True
scheduler_n5_s050_seed2.txt,Scheduler,5,RelaxPriority,5000,False,min,243,0.0007,na,9.942054748535156e-05,160,272,79,True
scheduler_n5_s050_seed2.txt,Scheduler,5,RelaxPriority,10000,False,min,243,0.0007,na,9.965896606445312e-05,160,272,79,True
scheduler_n5_s050_seed2.txt,Scheduler,5,RelaxPriority,20000,False,min,243,0.0007,na,9.965896606445312e-05,160,272,79,True
scheduler_n5_s050_seed2.txt,Scheduler,5,RelaxGrouping,500,True,min,243,0.0007,0.0002,3.719329833984375e-05,32,80,10,True
scheduler_n5_s050_seed2.txt,Scheduler,5,RelaxGrouping,1000,True,min,243,0.0007,0.0002,3.933906555175781e-05,32,80,10,True
scheduler_n5_s050_seed2.txt,Scheduler,5,RelaxGrouping,2000,True,min,243,0.0007,0.0002,3.981590270996094e-05,32,80,10,True
scheduler_n5_s050_seed2.txt,Scheduler,5,RelaxGrouping,5000,True,min,243,0.0007,0.0002,3.886222839355469e-05,32,80,10,True
scheduler_n5_s050_seed2.txt,Scheduler,5,RelaxGrouping,10000,True,min,243,0.0007,0.0002,4.0531158447265625e-05,32,80,10,True
scheduler_n5_s050_seed2.txt,Scheduler,5,RelaxGrouping,20000,True,min,243,0.0007,0.0002,4.1484832763671875e-05,32,80,10,True
scheduler_n5_s050_seed2.txt,Scheduler,5,RelaxGrouping,500,False,min,243,0.0007,na,0.00010061264038085938,160,272,79,True
scheduler_n5_s050_seed2.txt,Scheduler,5,RelaxGrouping,1000,False,min,243,0.0007,na,9.942054748535156e-05,160,272,79,True
scheduler_n5_s050_seed2.txt,Scheduler,5,RelaxGrouping,2000,False,min,243,0.0007,na,0.00010085105895996094,160,272,79,True
scheduler_n5_s050_seed2.txt,Scheduler,5,RelaxGrouping,5000,False,min,243,0.0007,na,0.00010514259338378906,160,272,79,True
scheduler_n5_s050_seed2.txt,Scheduler,5,RelaxGrouping,10000,False,min,243,0.0007,na,9.918212890625e-05,160,272,79,True
scheduler_n5_s050_seed2.txt,Scheduler,5,RelaxGrouping,20000,False,min,243,0.0007,na,9.989738464355469e-05,160,272,79,True
scheduler_n5_s050_seed3.txt,Scheduler,5,Exact,2147483646,True,min,748,0.0007,0.0002,4.601478576660156e-05,32,80,10,True
scheduler_n5_s050_seed3.txt,Scheduler,5,Exact,2147483646,False,min,748,0.0007,na,0.00011539459228515625,175,287,94,True
scheduler_n5_s050_seed3.txt,Scheduler,5,Restricted,500,True,min,748,0.0007,0.0002,4.482269287109375e-05,32,80,10,True
scheduler_n5_s050_seed3.txt,Scheduler,5,Restricted,1000,True,min,748,0.0007,0.0002,4.2438507080078125e-05,32,80,10,True
scheduler_n5_s050_seed3.txt,Scheduler,5,Restricted,2000,True,min,748,0.0007,0.0002,4.267692565917969e-05,32,80,10,True
scheduler_n5_s050_seed3.txt,Scheduler,5,Restricted,5000,True,min,748,0.0007,0.0002,4.410743713378906e-05,32,80,10,True
scheduler_n5_s050_seed3.txt,Scheduler,5,Restricted,10000,True,min,748,0.0007,0.0002,4.38690185546875e-05,32,80,10,True
scheduler_n5_s050_seed3.txt,Scheduler,5,Restricted,20000,True,min,748,0.0007,0.0002,4.291534423828125e-05,32,80,10,True
scheduler_n5_s050_seed3.txt,Scheduler,5,Restricted,500,False,min,748,0.0007,na,0.00011014938354492188,175,287,94,True
scheduler_n5_s050_seed3.txt,Scheduler,5,Restricted,1000,False,min,748,0.0007,na,0.00010967254638671875,175,287,94,True
scheduler_n5_s050_seed3.txt,Scheduler,5,Restricted,2000,False,min,748,0.0007,na,0.000110626220703125,175,287,94,True
scheduler_n5_s050_seed3.txt,Scheduler,5,Restricted,5000,False,min,748,0.0007,na,0.00010943412780761719,175,287,94,True
scheduler_n5_s050_seed3.txt,Scheduler,5,Restricted,10000,False,min,748,0.0007,na,0.00010991096496582031,175,287,94,True
scheduler_n5_s050_seed3.txt,Scheduler,5,Restricted,20000,False,min,748,0.0007,na,0.00010776519775390625,175,287,94,True
scheduler_n5_s050_seed3.txt,Scheduler,5,RelaxPriority,500,True,min,748,0.0007,0.0002,4.291534423828125e-05,32,80,10,True
scheduler_n5_s050_seed3.txt,Scheduler,5,RelaxPriority,1000,True,min,748,0.0007,0.0002,4.458427429199219e-05,32,80,10,True
scheduler_n5_s050_seed3.txt,Scheduler,5,RelaxPriority,2000,True,min,748,0.0007,0.0002,4.410743713378906e-05,32,80,10,True
scheduler_n5_s050_seed3.txt,Scheduler,5,RelaxPriority,5000,True,min,748,0.0007,0.0002,4.935264587402344e-05,32,80,10,True
scheduler_n5_s050_seed3.txt,Scheduler,5,RelaxPriority,10000,True,min,748,0.0007,0.0002,4.315376281738281e-05,32,80,10,True
scheduler_n5_s050_seed3.txt,Scheduler,5,RelaxPriority,20000,True,min,748,0.0007,0.0002,4.5299530029296875e-05,32,80,10,True
scheduler_n5_s050_seed3.txt,Scheduler,5,RelaxPriority,500,False,min,748,0.0007,na,0.00011086463928222656,175,287,94,True
scheduler_n5_s050_seed3.txt,Scheduler,5,RelaxPriority,1000,False,min,748,0.0007,na,0.00010848045349121094,175,287,94,True
scheduler_n5_s050_seed3.txt,Scheduler,5,RelaxPriority,2000,False,min,748,0.0007,na,0.00011157989501953125,175,287,94,True
scheduler_n5_s050_seed3.txt,Scheduler,5,RelaxPriority,5000,False,min,748,0.0007,na,0.000110626220703125,175,287,94,True
scheduler_n5_s050_seed3.txt,Scheduler,5,RelaxPriority,10000,False,min,748,0.0007,na,0.00010800361633300781,175,287,94,True
scheduler_n5_s050_seed3.txt,Scheduler,5,RelaxPriority,20000,False,min,748,0.0007,na,0.00011157989501953125,175,287,94,True
scheduler_n5_s050_seed3.txt,Scheduler,5,RelaxGrouping,500,True,min,748,0.0007,0.0002,4.38690185546875e-05,32,80,10,True
scheduler_n5_s050_seed3.txt,Scheduler,5,RelaxGrouping,1000,True,min,748,0.0007,0.0002,4.172325134277344e-05,32,80,10,True
scheduler_n5_s050_seed3.txt,Scheduler,5,RelaxGrouping,2000,True,min,748,0.0007,0.0002,4.410743713378906e-05,32,80,10,True
scheduler_n5_s050_seed3.txt,Scheduler,5,RelaxGrouping,5000,True,min,748,0.0007,0.0002,4.315376281738281e-05,32,80,10,True
scheduler_n5_s050_seed3.txt,Scheduler,5,RelaxGrouping,10000,True,min,748,0.0007,0.0002,4.506111145019531e-05,32,80,10,True
scheduler_n5_s050_seed3.txt,Scheduler,5,RelaxGrouping,20000,True,min,748,0.0007,0.0002,4.4345855712890625e-05,32,80,10,True
scheduler_n5_s050_seed3.txt,Scheduler,5,RelaxGrouping,500,False,min,748,0.0007,na,0.00011086463928222656,175,287,94,True
scheduler_n5_s050_seed3.txt,Scheduler,5,RelaxGrouping,1000,False,min,748,0.0007,na,0.00010967254638671875,175,287,94,True
scheduler_n5_s050_seed3.txt,Scheduler,5,RelaxGrouping,2000,False,min,748,0.0007,na,0.0001125335693359375,175,287,94,True
scheduler_n5_s050_seed3.txt,Scheduler,5,RelaxGrouping,5000,False,min,748,0.0007,na,0.00010991096496582031,175,287,94,True
scheduler_n5_s050_seed3.txt,Scheduler,5,RelaxGrouping,10000,False,min,748,0.0007,na,0.00011205673217773438,175,287,94,True
scheduler_n5_s050_seed3.txt,Scheduler,5,RelaxGrouping,20000,False,min,748,0.0007,na,0.000110626220703125,175,287,94,True
scheduler_n5_s050_seed4.txt,Scheduler,5,Exact,2147483646,True,min,227,0.0006,0.0002,3.8623809814453125e-05,32,80,10,True
scheduler_n5_s050_seed4.txt,Scheduler,5,Exact,2147483646,False,min,227,0.0006,na,9.441375732421875e-05,157,269,76,True
scheduler_n5_s050_seed4.txt,Scheduler,5,Restricted,500,True,min,227,0.0006,0.0002,3.886222839355469e-05,32,80,10,True
scheduler_n5_s050_seed4.txt,Scheduler,5,Restricted,1000,True,min,227,0.0007,0.0002,3.8623809814453125e-05,32,80,10,True
scheduler_n5_s050_seed4.txt,Scheduler,5,Restricted,2000,True,min,227,0.0006,0.0002,3.743171691894531e-05,32,80,10,True
scheduler_n5_s050_seed4.txt,Scheduler,5,Restricted,5000,True,min,227,0.0007,0.0002,3.814697265625e-05,32,80,10,True
scheduler_n5_s050_seed4.txt,Scheduler,5,Restricted,10000,True,min,227,0.0007,0.0002,3.9577484130859375e-05,32,80,10,True
scheduler_n5_s050_seed4.txt,Scheduler,5,Restricted,20000,True,min,227,0.0006,0.0002,3.7670135498046875e-05,32,80,10,True
scheduler_n5_s050_seed4.txt,Scheduler,5,Restricted,500,False,min,227,0.0007,na,9.441375732421875e-05,157,269,76,True
scheduler_n5_s050_seed4.txt,Scheduler,5,Restricted,1000,False,min,227,0.0007,na,9.608268737792969e-05,157,269,76,True
scheduler_n5_s050_seed4.txt,Scheduler,5,Restricted,2000,False,min,227,0.0007,na,9.083747863769531e-05,157,269,76,True
scheduler_n5_s050_seed4.txt,Scheduler,5,Restricted,5000,False,min,227,0.0007,na,9.512901306152344e-05,157,269,76,True
scheduler_n5_s050_seed4.txt,Scheduler,5,Restricted,10000,False,min,227,0.0007,na,9.5367431640625e-05,157,269,76,True
scheduler_n5_s050_seed4.txt,Scheduler,5,Restricted,20000,False,min,227,0.0007,na,9.560585021972656e-05,157,269,76,True
scheduler_n5_s050_seed4.txt,Scheduler,5,RelaxPriority,500,True,min,227,0.0006,0.0002,3.981590270996094e-05,32,80,10,True
scheduler_n5_s050_seed4.txt,Scheduler,5,RelaxPriority,1000,True,min,227,0.0007,0.0002,3.8623809814453125e-05,32,80,10,True
scheduler_n5_s050_seed4.txt,Scheduler,5,RelaxPriority,2000,True,min,227,0.0007,0.0002,3.886222839355469e-05,32,80,10,True
scheduler_n5_s050_seed4.txt,Scheduler,5,RelaxPriority,5000,True,min,227,0.0007,0.0002,3.910064697265625e-05,32,80,10,True
scheduler_n5_s050_seed4.txt,Scheduler,5,RelaxPriority,10000,True,min,227,0.0006,0.0002,3.814697265625e-05,32,80,10,True
scheduler_n5_s050_seed4.txt,Scheduler,5,RelaxPriority,20000,True,min,227,0.0007,0.0002,3.886222839355469e-05,32,80,10,True
scheduler_n5_s050_seed4.txt,Scheduler,5,RelaxPriority,500,False,min,227,0.0007,na,9.560585021972656e-05,157,269,76,True
scheduler_n5_s050_seed4.txt,Scheduler,5,RelaxPriority,1000,False,min,227,0.0007,na,9.274482727050781e-05,157,269,76,True
scheduler_n5_s050_seed4.txt,Scheduler,5,RelaxPriority,2000,False,min,227,0.0007,na,9.274482727050781e-05,157,269,76,True
scheduler_n5_s050_seed4.txt,Scheduler,5,RelaxPriority,5000,False,min,227,0.0007,na,9.679794311523438e-05,157,269,76,True
scheduler_n5_s050_seed4.txt,Scheduler,5,RelaxPriority,10000,False,min,227,0.0007,na,9.870529174804688e-05,157,269,76,True
scheduler_n5_s050_seed4.txt,Scheduler,5,RelaxPriority,20000,False,min,227,0.0007,na,9.322166442871094e-05,157,269,76,True
scheduler_n5_s050_seed4.txt,Scheduler,5,RelaxGrouping,500,True,min,227,0.0006,0.0002,3.910064697265625e-05,32,80,10,True
scheduler_n5_s050_seed4.txt,Scheduler,5,RelaxGrouping,1000,True,min,227,0.0007,0.0002,3.8623809814453125e-05,32,80,10,True
scheduler_n5_s050_seed4.txt,Scheduler,5,RelaxGrouping,2000,True,min,227,0.0007,0.0002,3.981590270996094e-05,32,80,10,True
scheduler_n5_s050_seed4.txt,Scheduler,5,RelaxGrouping,5000,True,min,227,0.0007,0.0002,4.076957702636719e-05,32,80,10,True
scheduler_n5_s050_seed4.txt,Scheduler,5,RelaxGrouping,10000,True,min,227,0.0007,0.0002,3.8623809814453125e-05,32,80,10,True
scheduler_n5_s050_seed4.txt,Scheduler,5,RelaxGrouping,20000,True,min,227,0.0006,0.0002,4.029273986816406e-05,32,80,10,True
scheduler_n5_s050_seed4.txt,Scheduler,5,RelaxGrouping,500,False,min,227,0.0007,na,9.703636169433594e-05,157,269,76,True
scheduler_n5_s050_seed4.txt,Scheduler,5,RelaxGrouping,1000,False,min,227,0.0007,na,9.751319885253906e-05,157,269,76,True
scheduler_n5_s050_seed4.txt,Scheduler,5,RelaxGrouping,2000,False,min,227,0.0007,na,9.775161743164062e-05,157,269,76,True
scheduler_n5_s050_seed4.txt,Scheduler,5,RelaxGrouping,5000,False,min,227,0.0007,na,9.822845458984375e-05,157,269,76,True
scheduler_n5_s050_seed4.txt,Scheduler,5,RelaxGrouping,10000,False,min,227,0.0007,na,9.584426879882812e-05,157,269,76,True
scheduler_n5_s050_seed4.txt,Scheduler,5,RelaxGrouping,20000,False,min,227,0.0006,na,9.393692016601562e-05,157,269,76,True
scheduler_n5_s050_seed5.txt,Scheduler,5,Exact,2147483646,True,min,319,0.0007,0.0002,4.220008850097656e-05,32,80,10,True
scheduler_n5_s050_seed5.txt,Scheduler,5,Exact,2147483646,False,min,319,0.0007,na,0.00014019012451171875,181,297,96,True
scheduler_n5_s050_seed5.txt,Scheduler,5,Restricted,500,True,min,319,0.0007,0.0002,5.1021575927734375e-05,32,80,10,True
scheduler_n5_s050_seed5.txt,Scheduler,5,Restricted,1000,True,min,319,0.0007,0.0002,4.172325134277344e-05,32,80,10,True
scheduler_n5_s050_seed5.txt,Scheduler,5,Restricted,2000,True,min,319,0.0007,0.0002,4.076957702636719e-05,32,80,10,True
scheduler_n5_s050_seed5.txt,Scheduler,5,Restricted,5000,True,min,319,0.0007,0.0002,4.124641418457031e-05,32,80,10,True
scheduler_n5_s050_seed5.txt,Scheduler,5,Restricted,10000,True,min,319,0.0007,0.0002,4.1484832763671875e-05,32,80,10,True
scheduler_n5_s050_seed5.txt,Scheduler,5,Restricted,20000,True,min,319,0.0007,0.0002,4.3392181396484375e-05,32,80,10,True
scheduler_n5_s050_seed5.txt,Scheduler,5,Restricted,500,False,min,319,0.0007,na,0.0001354217529296875,181,297,96,True
scheduler_n5_s050_seed5.txt,Scheduler,5,Restricted,1000,False,min,319,0.0007,na,0.0001404285430908203,181,297,96,True
scheduler_n5_s050_seed5.txt,Scheduler,5,Restricted,2000,False,min,319,0.0007,na,0.0001361370086669922,181,297,96,True
scheduler_n5_s050_seed5.txt,Scheduler,5,Restricted,5000,False,min,319,0.0007,na,0.00013685226440429688,181,297,96,True
scheduler_n5_s050_seed5.txt,Scheduler,5,Restricted,10000,False,min,319,0.0007,na,0.00013685226440429688,181,297,96,True
scheduler_n5_s050_seed5.txt,Scheduler,5,Restricted,20000,False,min,319,0.0007,na,0.000133514404296875,181,297,96,True
scheduler_n5_s050_seed5.txt,Scheduler,5,RelaxPriority,500,True,min,319,0.0007,0.0002,4.100799560546875e-05,32,80,10,True
scheduler_n5_s050_seed5.txt,Scheduler,5,RelaxPriority,1000,True,min,319,0.0007,0.0002,4.220008850097656e-05,32,80,10,True
scheduler_n5_s050_seed5.txt,Scheduler,5,RelaxPriority,2000,True,min,319,0.0007,0.0002,4.291534423828125e-05,32,80,10,True
scheduler_n5_s050_seed5.txt,Scheduler,5,RelaxPriority,5000,True,min,319,0.0007,0.0002,4.029273986816406e-05,32,80,10,True
scheduler_n5_s050_seed5.txt,Scheduler,5,RelaxPriority,10000,True,min,319,0.0007,0.0002,4.029273986816406e-05,32,80,10,True
scheduler_n5_s050_seed5.txt,Scheduler,5,RelaxPriority,20000,True,min,319,0.0007,0.0002,4.2438507080078125e-05,32,80,10,True
scheduler_n5_s050_seed5.txt,Scheduler,5,RelaxPriority,500,False,min,319,0.0007,na,0.0001361370086669922,181,297,96,True
scheduler_n5_s050_seed5.txt,Scheduler,5,RelaxPriority,1000,False,min,319,0.0007,na,0.00014019012451171875,181,297,96,True
scheduler_n5_s050_seed5.txt,Scheduler,5,RelaxPriority,2000,False,min,319,0.0007,na,0.00013685226440429688,181,297,96,True
scheduler_n5_s050_seed5.txt,Scheduler,5,RelaxPriority,5000,False,min,319,0.0007,na,0.00013566017150878906,181,297,96,True
scheduler_n5_s050_seed5.txt,Scheduler,5,RelaxPriority,10000,False,min,319,0.0007,na,0.0001347064971923828,181,297,96,True
scheduler_n5_s050_seed5.txt,Scheduler,5,RelaxPriority,20000,False,min,319,0.0008,na,0.00015282630920410156,181,297,96,True
scheduler_n5_s050_seed5.txt,Scheduler,5,RelaxGrouping,500,True,min,319,0.0007,0.0002,4.220008850097656e-05,32,80,10,True
scheduler_n5_s050_seed5.txt,Scheduler,5,RelaxGrouping,1000,True,min,319,0.0007,0.0002,4.1961669921875e-05,32,80,10,True
scheduler_n5_s050_seed5.txt,Scheduler,5,RelaxGrouping,2000,True,min,319,0.0007,0.0002,4.1961669921875e-05,32,80,10,True
scheduler_n5_s050_seed5.txt,Scheduler,5,RelaxGrouping,5000,True,min,319,0.0007,0.0002,3.981590270996094e-05,32,80,10,True
scheduler_n5_s050_seed5.txt,Scheduler,5,RelaxGrouping,10000,True,min,319,0.0007,0.0002,4.124641418457031e-05,32,80,10,True
scheduler_n5_s050_seed5.txt,Scheduler,5,RelaxGrouping,20000,True,min,319,0.0007,0.0002,4.220008850097656e-05,32,80,10,True
scheduler_n5_s050_seed5.txt,Scheduler,5,RelaxGrouping,500,False,min,319,0.0007,na,0.00013566017150878906,181,297,96,True
scheduler_n5_s050_seed5.txt,Scheduler,5,RelaxGrouping,1000,False,min,319,0.0007,na,0.00014090538024902344,181,297,96,True
scheduler_n5_s050_seed5.txt,Scheduler,5,RelaxGrouping,2000,False,min,319,0.0007,na,0.0001354217529296875,181,297,96,True
scheduler_n5_s050_seed5.txt,Scheduler,5,RelaxGrouping,5000,False,min,319,0.0007,na,0.00013518333435058594,181,297,96,True
scheduler_n5_s050_seed5.txt,Scheduler,5,RelaxGrouping,10000,False,min,319,0.0007,na,0.00013709068298339844,181,297,96,True
scheduler_n5_s050_seed5.txt,Scheduler,5,RelaxGrouping,20000,False,min,319,0.0007,na,0.00014019012451171875,181,297,96,True
scheduler_n5_s100_seed1.txt,Scheduler,5,Exact,2147483646,True,min,445,0.0007,0.0002,4.1484832763671875e-05,32,80,10,True
scheduler_n5_s100_seed1.txt,Scheduler,5,Exact,2147483646,False,min,398,0.0007,na,0.00010991096496582031,175,290,91,True
scheduler_n5_s100_seed1.txt,Scheduler,5,Restricted,500,True,min,445,0.0007,0.0002,4.267692565917969e-05,32,80,10,True
scheduler_n5_s100_seed1.txt,Scheduler,5,Restricted,1000,True,min,445,0.0007,0.0002,4.1961669921875e-05,32,80,10,True
scheduler_n5_s100_seed1.txt,Scheduler,5,Restricted,2000,True,min,445,0.0007,0.0002,4.315376281738281e-05,32,80,10,True
scheduler_n5_s100_seed1.txt,Scheduler,5,Restricted,5000,True,min,445,0.0007,0.0002,4.2438507080078125e-05,32,80,10,True
scheduler_n5_s100_seed1.txt,Scheduler,5,Restricted,10000,True,min,445,0.0007,0.0002,4.124641418457031e-05,32,80,10,True
scheduler_n5_s100_seed1.txt,Scheduler,5,Restricted,20000,True,min,445,0.0007,0.0002,4.1961669921875e-05,32,80,10,True
scheduler_n5_s100_seed1.txt,Scheduler,5,Restricted,500,False,min,398,0.0007,na,0.00011157989501953125,175,290,91,True
scheduler_n5_s100_seed1.txt,Scheduler,5,Restricted,1000,False,min,398,0.0007,na,0.00010824203491210938,175,290,91,True
scheduler_n5_s100_seed1.txt,Scheduler,5,Restricted,2000,False,min,398,0.0007,na,0.0001068115234375,175,290,91,True
scheduler_n5_s100_seed1.txt,Scheduler,5,Restricted,5000,False,min,398,0.0007,na,0.00010895729064941406,175,290,91,True
scheduler_n5_s100_seed1.txt,Scheduler,5,Restricted,10000,False,min,398,0.0007,na,0.0001087188720703125,175,290,91,True
scheduler_n5_s100_seed1.txt,Scheduler,5,Restricted,20000,False,min,398,0.0007,na,0.000110626220703125,175,290,91,True
scheduler_n5_s100_seed1.txt,Scheduler,5,RelaxPriority,500,True,min,445,0.0007,0.0002,4.076957702636719e-05,32,80,10,True
scheduler_n5_s100_seed1.txt,Scheduler,5,RelaxPriority,1000,True,min,445,0.0007,0.0002,5.221366882324219e-05,32,80,10,True
scheduler_n5_s100_seed1.txt,Scheduler,5,RelaxPriority,2000,True,min,445,0.0007,0.0002,4.172325134277344e-05,32,80,10,True
scheduler_n5_s100_seed1.txt,Scheduler,5,RelaxPriority,5000,True,min,445,0.0007,0.0002,4.220008850097656e-05,32,80,10,True
scheduler_n5_s100_seed1.txt,Scheduler,5,RelaxPriority,10000,True,min,445,0.0007,0.0002,4.3392181396484375e-05,32,80,10,True
scheduler_n5_s100_seed1.txt,Scheduler,5,RelaxPriority,20000,True,min,445,0.0007,0.0002,5.412101745605469e-05,32,80,10,True
scheduler_n5_s100_seed1.txt,Scheduler,5,RelaxPriority,500,False,min,398,0.0007,na,0.00010657310485839844,175,290,91,True
scheduler_n5_s100_seed1.txt,Scheduler,5,RelaxPriority,1000,False,min,398,0.0007,na,0.00010967254638671875,175,290,91,True
scheduler_n5_s100_seed1.txt,Scheduler,5,RelaxPriority,2000,False,min,398,0.0007,na,0.00010776519775390625,175,290,91,True
scheduler_n5_s100_seed1.txt,Scheduler,5,RelaxPriority,5000,False,min,398,0.0007,na,0.00011014938354492188,175,290,91,True
scheduler_n5_s100_seed1.txt,Scheduler,5,RelaxPriority,10000,False,min,398,0.0007,na,0.00010800361633300781,175,290,91,True
scheduler_n5_s100_seed1.txt,Scheduler,5,RelaxPriority,20000,False,min,398,0.0007,na,0.00011491775512695312,175,290,91,True
scheduler_n5_s100_seed1.txt,Scheduler,5,RelaxGrouping,500,True,min,445,0.0007,0.0002,4.220008850097656e-05,32,80,10,True
scheduler_n5_s100_seed1.txt,Scheduler,5,RelaxGrouping,1000,True,min,445,0.0007,0.0002,4.9591064453125e-05,32,80,10,True
scheduler_n5_s100_seed1.txt,Scheduler,5,RelaxGrouping,2000,True,min,445,0.0007,0.0002,4.267692565917969e-05,32,80,10,True
scheduler_n5_s100_seed1.txt,Scheduler,5,RelaxGrouping,5000,True,min,445,0.0007,0.0002,4.220008850097656e-05,32,80,10,True
scheduler_n5_s100_seed1.txt,Scheduler,5,RelaxGrouping,10000,True,min,445,0.0007,0.0002,4.220008850097656e-05,32,80,10,True
scheduler_n5_s100_seed1.txt,Scheduler,5,RelaxGrouping,20000,True,min,445,0.0007,0.0002,4.291534423828125e-05,32,80,10,True
scheduler_n5_s100_seed1.txt,Scheduler,5,RelaxGrouping,500,False,min,398,0.0007,na,0.00010561943054199219,175,290,91,True
scheduler_n5_s100_seed1.txt,Scheduler,5,RelaxGrouping,1000,False,min,398,0.0007,na,0.00010895729064941406,175,290,91,True
scheduler_n5_s100_seed1.txt,Scheduler,5,RelaxGrouping,2000,False,min,398,0.0007,na,0.00010943412780761719,175,290,91,True
scheduler_n5_s100_seed1.txt,Scheduler,5,RelaxGrouping,5000,False,min,398,0.0007,na,0.000110626220703125,175,290,91,True
scheduler_n5_s100_seed1.txt,Scheduler,5,RelaxGrouping,10000,False,min,398,0.0007,na,0.00010776519775390625,175,290,91,True
scheduler_n5_s100_seed1.txt,Scheduler,5,RelaxGrouping,20000,False,min,398,0.0007,na,0.00011014938354492188,175,290,91,True
scheduler_n5_s100_seed2.txt,Scheduler,5,Exact,2147483646,True,min,256,0.0007,0.0002,4.315376281738281e-05,32,80,10,True
scheduler_n5_s100_seed2.txt,Scheduler,5,Exact,2147483646,False,min,256,0.0007,na,0.00010156631469726562,167,280,85,True
scheduler_n5_s100_seed2.txt,Scheduler,5,Restricted,500,True,min,256,0.0007,0.0002,4.124641418457031e-05,32,80,10,True
scheduler_n5_s100_seed2.txt,Scheduler,5,Restricted,1000,True,min,256,0.0007,0.0002,3.981590270996094e-05,32,80,10,True
scheduler_n5_s100_seed2.txt,Scheduler,5,Restricted,2000,True,min,256,0.0007,0.0002,4.220008850097656e-05,32,80,10,True
scheduler_n5_s100_seed2.txt,Scheduler,5,Restricted,5000,True,min,256,0.0007,0.0002,4.029273986816406e-05,32,80,10,True
scheduler_n5_s100_seed2.txt,Scheduler,5,Restricted,10000,True,min,256,0.0007,0.0002,4.649162292480469e-05,32,80,10,True
scheduler_n5_s100_seed2.txt,Scheduler,5,Restricted,20000,True,min,256,0.0007,0.0002,4.220008850097656e-05,32,80,10,True
scheduler_n5_s100_seed2.txt,Scheduler,5,Restricted,500,False,min,256,0.0007,na,0.00010013580322265625,167,280,85,True
scheduler_n5_s100_seed2.txt,Scheduler,5,Restricted,1000,False,min,256,0.0007,na,0.00010228157043457031,167,280,85,True
scheduler_n5_s100_seed2.txt,Scheduler,5,Restricted,2000,False,min,256,0.0007,na,0.00010228157043457031,167,280,85,True
scheduler_n5_s100_seed2.txt,Scheduler,5,Restricted,5000,False,min,256,0.0007,na,9.751319885253906e-05,167,280,85,True
scheduler_n5_s100_seed2.txt,Scheduler,5,Restricted,10000,False,min,256,0.0007,na,0.00010728836059570312,167,280,85,True
scheduler_n5_s100_seed2.txt,Scheduler,5,Restricted,20000,False,min,256,0.0007,na,0.00010251998901367188,167,280,85,True
scheduler_n5_s100_seed2.txt,Scheduler,5,RelaxPriority,500,True,min,256,0.0007,0.0002,4.00543212890625e-05,32,80,10,True
scheduler_n5_s100_seed2.txt,Scheduler,5,RelaxPriority,1000,True,min,256,0.0007,0.0002,4.076957702636719e-05,32,80,10,True
scheduler_n5_s100_seed2.txt,Scheduler,5,RelaxPriority,2000,True,min,256,0.0007,0.0002,4.1961669921875e-05,32,80,10,True
scheduler_n5_s100_seed2.txt,Scheduler,5,RelaxPriority,5000,True,min,256,0.0007,0.0002,4.172325134277344e-05,32,80,10,True
scheduler_n5_s100_seed2.txt,Scheduler,5,RelaxPriority,10000,True,min,256,0.0007,0.0002,3.9577484130859375e-05,32,80,10,True
scheduler_n5_s100_seed2.txt,Scheduler,5,RelaxPriority,20000,True,min,256,0.0007,0.0002,4.267692565917969e-05,32,80,10,True
scheduler_n5_s100_seed2.txt,Scheduler,5,RelaxPriority,500,False,min,256,0.0007,na,0.00010895729064941406,167,280,85,True
scheduler_n5_s100_seed2.txt,Scheduler,5,RelaxPriority,1000,False,min,256,0.0007,na,0.00011205673217773438,167,280,85,True
scheduler_n5_s100_seed2.txt,Scheduler,5,RelaxPriority,2000,False,min,256,0.0007,na,0.00010895729064941406,167,280,85,True
scheduler_n5_s100_seed2.txt,Scheduler,5,RelaxPriority,5000,False,min,256,0.0007,na,9.989738464355469e-05,167,280,85,True
scheduler_n5_s100_seed2.txt,Scheduler,5,RelaxPriority,10000,False,min,256,0.0007,na,9.989738464355469e-05,167,280,85,True
scheduler_n5_s100_seed2.txt,Scheduler,5,RelaxPriority,20000,False,min,256,0.0007,na,9.894371032714844e-05,167,280,85,True
scheduler_n5_s100_seed2.txt,Scheduler,5,RelaxGrouping,500,True,min,256,0.0007,0.0002,4.267692565917969e-05,32,80,10,True
scheduler_n5_s100_seed2.txt,Scheduler,5,RelaxGrouping,1000,True,min,256,0.0007,0.0002,4.1484832763671875e-05,32,80,10,True
scheduler_n5_s100_seed2.txt,Scheduler,5,RelaxGrouping,2000,True,min,256,0.0007,0.0002,4.1484832763671875e-05,32,80,10,True
scheduler_n5_s100_seed2.txt,Scheduler,5,RelaxGrouping,5000,True,min,256,0.0007,0.0002,4.124641418457031e-05,32,80,10,True
scheduler_n5_s100_seed2.txt,Scheduler,5,RelaxGrouping,10000,True,min,256,0.0007,0.0002,4.029273986816406e-05,32,80,10,True
scheduler_n5_s100_seed2.txt,Scheduler,5,RelaxGrouping,20000,True,min,256,0.0007,0.0002,4.1484832763671875e-05,32,80,10,True
scheduler_n5_s100_seed2.txt,Scheduler,5,RelaxGrouping,500,False,min,256,0.0007,na,0.00010013580322265625,167,280,85,True
scheduler_n5_s100_seed2.txt,Scheduler,5,RelaxGrouping,1000,False,min,256,0.0007,na,0.0001010894775390625,167,280,85,True
scheduler_n5_s100_seed2.txt,Scheduler,5,RelaxGrouping,2000,False,min,256,0.0007,na,9.918212890625e-05,167,280,85,True
scheduler_n5_s100_seed2.txt,Scheduler,5,RelaxGrouping,5000,False,min,256,0.0007,na,0.00010132789611816406,167,280,85,True
scheduler_n5_s100_seed2.txt,Scheduler,5,RelaxGrouping,10000,False,min,256,0.0007,na,0.00010061264038085938,167,280,85,True
scheduler_n5_s100_seed2.txt,Scheduler,5,RelaxGrouping,20000,False,min,256,0.0007,na,0.0001010894775390625,167,280,85,True
scheduler_n5_s100_seed3.txt,Scheduler,5,Exact,2147483646,True,min,858,0.0007,0.0002,4.410743713378906e-05,32,80,10,True
scheduler_n5_s100_seed3.txt,Scheduler,5,Exact,2147483646,False,min,858,0.0007,na,0.00014829635620117188,185,301,100,True
scheduler_n5_s100_seed3.txt,Scheduler,5,Restricted,500,True,min,858,0.0007,0.0002,4.3392181396484375e-05,32,80,10,True
scheduler_n5_s100_seed3.txt,Scheduler,5,Restricted,1000,True,min,858,0.0007,0.0002,4.4345855712890625e-05,32,80,10,True
scheduler_n5_s100_seed3.txt,Scheduler,5,Restricted,2000,True,min,858,0.0008,0.0002,4.6253204345703125e-05,32,80,10,True
scheduler_n5_s100_seed3.txt,Scheduler,5,Restricted,5000,True,min,858,0.0007,0.0002,4.57763671875e-05,32,80,10,True
scheduler_n5_s100_seed3.txt,Scheduler,5,Restricted,10000,True,min,858,0.0007,0.0002,4.5299530029296875e-05,32,80,10,True
scheduler_n5_s100_seed3.txt,Scheduler,5,Restricted,20000,True,min,858,0.0007,0.0002,4.506111145019531e-05,32,80,10,True
scheduler_n5_s100_seed3.txt,Scheduler,5,Restricted,500,False,min,858,0.0007,na,0.0001506805419921875,185,301,100,True
scheduler_n5_s100_seed3.txt,Scheduler,5,Restricted,1000,False,min,858,0.0007,na,0.00014519691467285156,185,301,100,True
scheduler_n5_s100_seed3.txt,Scheduler,5,Restricted,2000,False,min,858,0.0007,na,0.0001430511474609375,185,301,100,True
scheduler_n5_s100_seed3.txt,Scheduler,5,Restricted,5000,False,min,858,0.0007,na,0.0001437664031982422,185,301,100,True
scheduler_n5_s100_seed3.txt,Scheduler,5,Restricted,10000,False,min,858,0.0007,na,0.0001442432403564453,185,301,100,True
scheduler_n5_s100_seed3.txt,Scheduler,5,Restricted,20000,False,min,858,0.0007,na,0.00015115737915039062,185,301,100,True
scheduler_n5_s100_seed3.txt,Scheduler,5,RelaxPriority,500,True,min,858,0.0007,0.0002,4.363059997558594e-05,32,80,10,True
scheduler_n5_s100_seed3.txt,Scheduler,5,RelaxPriority,1000,True,min,858,0.0007,0.0002,4.3392181396484375e-05,32,80,10,True
scheduler_n5_s100_seed3.txt,Scheduler,5,RelaxPriority,2000,True,min,858,0.0007,0.0002,4.482269287109375e-05,32,80,10,True
scheduler_n5_s100_seed3.txt,Scheduler,5,RelaxPriority,5000,True,min,858,0.0007,0.0002,4.4345855712890625e-05,32,80,10,True
scheduler_n5_s100_seed3.txt,Scheduler,5,RelaxPriority,10000,True,min,858,0.0007,0.0002,4.38690185546875e-05,32,80,10,True
scheduler_n5_s100_seed3.txt,Scheduler,5,RelaxPriority,20000,True,min,858,0.0007,0.0002,4.3392181396484375e-05,32,80,10,True
scheduler_n5_s100_seed3.txt,Scheduler,5,RelaxPriority,500,False,min,858,0.0007,na,0.00014328956604003906,185,301,100,True
scheduler_n5_s100_seed3.txt,Scheduler,5,RelaxPriority,1000,False,min,858,0.0007,na,0.0001442432403564453,185,301,100,True
scheduler_n5_s100_seed3.txt,Scheduler,5,RelaxPriority,2000,False,min,858,0.0007,na,0.00014448165893554688,185,301,100,True
scheduler_n5_s100_seed3.txt,Scheduler,5,RelaxPriority,5000,False,min,858,0.0007,na,0.0001518726348876953,185,301,100,True
scheduler_n5_s100_seed3.txt,Scheduler,5,RelaxPriority,10000,False,min,858,0.0007,na,0.00014281272888183594,185,301,100,True
scheduler_n5_s100_seed3.txt,Scheduler,5,RelaxPriority,20000,False,min,858,0.0007,na,0.00014448165893554688,185,301,100,True
scheduler_n5_s100_seed3.txt,Scheduler,5,RelaxGrouping,500,True,min,858,0.0007,0.0002,4.38690185546875e-05,32,80,10,True
scheduler_n5_s100_seed3.txt,Scheduler,5,RelaxGrouping,1000,True,min,858,0.0007,0.0002,4.410743713378906e-05,32,80,10,True
scheduler_n5_s100_seed3.txt,Scheduler,5,RelaxGrouping,2000,True,min,858,0.0007,0.0002,4.410743713378906e-05,32,80,10,True
scheduler_n5_s100_seed3.txt,Scheduler,5,RelaxGrouping,5000,True,min,858,0.0007,0.0002,4.553794860839844e-05,32,80,10,True
scheduler_n5_s100_seed3.txt,Scheduler,5,RelaxGrouping,10000,True,min,858,0.0007,0.0002,4.4345855712890625e-05,32,80,10,True
scheduler_n5_s100_seed3.txt,Scheduler,5,RelaxGrouping,20000,True,min,858,0.0007,0.0002,4.482269287109375e-05,32,80,10,True
scheduler_n5_s100_seed3.txt,Scheduler,5,RelaxGrouping,500,False,min,858,0.0007,na,0.00014519691467285156,185,301,100,True
scheduler_n5_s100_seed3.txt,Scheduler,5,RelaxGrouping,1000,False,min,858,0.0007,na,0.00014281272888183594,185,301,100,True
scheduler_n5_s100_seed3.txt,Scheduler,5,RelaxGrouping,2000,False,min,858,0.0007,na,0.00014281272888183594,185,301,100,True
scheduler_n5_s100_seed3.txt,Scheduler,5,RelaxGrouping,5000,False,min,858,0.0007,na,0.00014400482177734375,185,301,100,True
scheduler_n5_s100_seed3.txt,Scheduler,5,RelaxGrouping,10000,False,min,858,0.0007,na,0.00014281272888183594,185,301,100,True
scheduler_n5_s100_seed3.txt,Scheduler,5,RelaxGrouping,20000,False,min,858,0.0007,na,0.00014472007751464844,185,301,100,True
scheduler_n5_s100_seed4.txt,Scheduler,5,Exact,2147483646,True,min,194,0.0007,0.0002,4.00543212890625e-05,32,80,10,True
scheduler_n5_s100_seed4.txt,Scheduler,5,Exact,2147483646,False,min,194,0.0007,na,0.0001404285430908203,188,303,104,True
scheduler_n5_s100_seed4.txt,Scheduler,5,Restricted,500,True,min,194,0.0007,0.0002,3.886222839355469e-05,32,80,10,True
scheduler_n5_s100_seed4.txt,Scheduler,5,Restricted,1000,True,min,194,0.0007,0.0002,3.790855407714844e-05,32,80,10,True
scheduler_n5_s100_seed4.txt,Scheduler,5,Restricted,2000,True,min,194,0.0007,0.0002,3.981590270996094e-05,32,80,10,True
scheduler_n5_s100_seed4.txt,Scheduler,5,Restricted,5000,True,min,194,0.0007,0.0002,3.910064697265625e-05,32,80,10,True
scheduler_n5_s100_seed4.txt,Scheduler,5,Restricted,10000,True,min,194,0.0007,0.0002,4.0531158447265625e-05,32,80,10,True
scheduler_n5_s100_seed4.txt,Scheduler,5,Restricted,20000,True,min,194,0.0007,0.0002,3.838539123535156e-05,32,80,10,True
scheduler_n5_s100_seed4.txt,Scheduler,5,Restricted,500,False,min,194,0.0007,na,0.00013518333435058594,188,303,104,True
scheduler_n5_s100_seed4.txt,Scheduler,5,Restricted,1000,False,min,194,0.0007,na,0.00013399124145507812,188,303,104,True
scheduler_n5_s100_seed4.txt,Scheduler,5,Restricted,2000,False,min,194,0.0007,na,0.00014162063598632812,188,303,104,True
scheduler_n5_s100_seed4.txt,Scheduler,5,Restricted,5000,False,min,194,0.0007,na,0.00013828277587890625,188,303,104,True
scheduler_n5_s100_seed4.txt,Scheduler,5,Restricted,10000,False,min,194,0.0007,na,0.00013780593872070312,188,303,104,True
scheduler_n5_s100_seed4.txt,Scheduler,5,Restricted,20000,False,min,194,0.0007,na,0.0001366138458251953,188,303,104,True
scheduler_n5_s100_seed4.txt,Scheduler,5,RelaxPriority,500,True,min,194,0.0007,0.0002,3.910064697265625e-05,32,80,10,True
scheduler_n5_s100_seed4.txt,Scheduler,5,RelaxPriority,1000,True,min,194,0.0007,0.0002,4.1484832763671875e-05,32,80,10,True
scheduler_n5_s100_seed4.txt,Scheduler,5,RelaxPriority,2000,True,min,194,0.0007,0.0002,3.838539123535156e-05,32,80,10,True
scheduler_n5_s100_seed4.txt,Scheduler,5,RelaxPriority,5000,True,min,194,0.0007,0.0002,4.029273986816406e-05,32,80,10,True
scheduler_n5_s100_seed4.txt,Scheduler,5,RelaxPriority,10000,True,min,194,0.0007,0.0002,3.886222839355469e-05,32,80,10,True
scheduler_n5_s100_seed4.txt,Scheduler,5,RelaxPriority,20000,True,min,194,0.0007,0.0002,4.029273986816406e-05,32,80,10,True
scheduler_n5_s100_seed4.txt,Scheduler,5,RelaxPriority,500,False,min,194,0.0007,na,0.0001468658447265625,188,303,104,True
scheduler_n5_s100_seed4.txt,Scheduler,5,RelaxPriority,1000,False,min,194,0.0007,na,0.00016236305236816406,188,303,104,True
scheduler_n5_s100_seed4.txt,Scheduler,5,RelaxPriority,2000,False,min,194,0.0007,na,0.00013446807861328125,188,303,104,True
scheduler_n5_s100_seed4.txt,Scheduler,5,RelaxPriority,5000,False,min,194,0.0007,na,0.00013685226440429688,188,303,104,True
scheduler_n5_s100_seed4.txt,Scheduler,5,RelaxPriority,10000,False,min,194,0.0007,na,0.00013589859008789062,188,303,104,True
scheduler_n5_s100_seed4.txt,Scheduler,5,RelaxPriority,20000,False,min,194,0.0007,na,0.0001437664031982422,188,303,104,True
scheduler_n5_s100_seed4.txt,Scheduler,5,RelaxGrouping,500,True,min,194,0.0007,0.0002,3.933906555175781e-05,32,80,10,True
scheduler_n5_s100_seed4.txt,Scheduler,5,RelaxGrouping,1000,True,min,194,0.0007,0.0002,4.9114227294921875e-05,32,80,10,True
scheduler_n5_s100_seed4.txt,Scheduler,5,RelaxGrouping,2000,True,min,194,0.0007,0.0002,4.029273986816406e-05,32,80,10,True
scheduler_n5_s100_seed4.txt,Scheduler,5,RelaxGrouping,5000,True,min,194,0.0007,0.0002,4.00543212890625e-05,32,80,10,True
scheduler_n5_s100_seed4.txt,Scheduler,5,RelaxGrouping,10000,True,min,194,0.0007,0.0002,3.910064697265625e-05,32,80,10,True
scheduler_n5_s100_seed4.txt,Scheduler,5,RelaxGrouping,20000,True,min,194,0.0007,0.0002,4.0531158447265625e-05,32,80,10,True
scheduler_n5_s100_seed4.txt,Scheduler,5,RelaxGrouping,500,False,min,194,0.0007,na,0.00013589859008789062,188,303,104,True
scheduler_n5_s100_seed4.txt,Scheduler,5,RelaxGrouping,1000,False,min,194,0.0007,na,0.00014066696166992188,188,303,104,True
scheduler_n5_s100_seed4.txt,Scheduler,5,RelaxGrouping,2000,False,min,194,0.0007,na,0.0001366138458251953,188,303,104,True
scheduler_n5_s100_seed4.txt,Scheduler,5,RelaxGrouping,5000,False,min,194,0.0007,na,0.00014352798461914062,188,303,104,True
scheduler_n5_s100_seed4.txt,Scheduler,5,RelaxGrouping,10000,False,min,194,0.0007,na,0.0001373291015625,188,303,104,True
scheduler_n5_s100_seed4.txt,Scheduler,5,RelaxGrouping,20000,False,min,194,0.0007,na,0.00014901161193847656,188,303,104,True
scheduler_n5_s100_seed5.txt,Scheduler,5,Exact,2147483646,True,min,374,0.0007,0.0002,4.1961669921875e-05,32,80,10,True
scheduler_n5_s100_seed5.txt,Scheduler,5,Exact,2147483646,False,min,370,0.0007,na,0.00014400482177734375,180,295,96,True
scheduler_n5_s100_seed5.txt,Scheduler,5,Restricted,500,True,min,374,0.0007,0.0002,4.1484832763671875e-05,32,80,10,True
scheduler_n5_s100_seed5.txt,Scheduler,5,Restricted,1000,True,min,374,0.0007,0.0002,4.267692565917969e-05,32,80,10,True
scheduler_n5_s100_seed5.txt,Scheduler,5,Restricted,2000,True,min,374,0.0007,0.0002,4.172325134277344e-05,32,80,10,True
scheduler_n5_s100_seed5.txt,Scheduler,5,Restricted,5000,True,min,374,0.0008,0.0002,4.792213439941406e-05,32,80,10,True
scheduler_n5_s100_seed5.txt,Scheduler,5,Restricted,10000,True,min,374,0.0007,0.0002,4.076957702636719e-05,32,80,10,True
scheduler_n5_s100_seed5.txt,Scheduler,5,Restricted,20000,True,min,374,0.0007,0.0002,4.1484832763671875e-05,32,80,10,True
scheduler_n5_s100_seed5.txt,Scheduler,5,Restricted,500,False,min,370,0.0007,na,0.00013685226440429688,180,295,96,True
scheduler_n5_s100_seed5.txt,Scheduler,5,Restricted,1000,False,min,370,0.0007,na,0.0001392364501953125,180,295,96,True
scheduler_n5_s100_seed5.txt,Scheduler,5,Restricted,2000,False,min,370,0.0007,na,0.00013756752014160156,180,295,96,True
scheduler_n5_s100_seed5.txt,Scheduler,5,Restricted,5000,False,min,370,0.0007,na,0.00013875961303710938,180,295,96,True
scheduler_n5_s100_seed5.txt,Scheduler,5,Restricted,10000,False,min,370,0.0007,na,0.00013589859008789062,180,295,96,True
scheduler_n5_s100_seed5.txt,Scheduler,5,Restricted,20000,False,min,370,0.0007,na,0.00013947486877441406,180,295,96,True
scheduler_n5_s100_seed5.txt,Scheduler,5,RelaxPriority,500,True,min,374,0.0007,0.0002,4.291534423828125e-05,32,80,10,True
scheduler_n5_s100_seed5.txt,Scheduler,5,RelaxPriority,1000,True,min,374,0.0007,0.0002,4.100799560546875e-05,32,80,10,True
scheduler_n5_s100_seed5.txt,Scheduler,5,RelaxPriority,2000,True,min,374,0.0007,0.0002,4.00543212890625e-05,32,80,10,True
scheduler_n5_s100_seed5.txt,Scheduler,5,RelaxPriority,5000,True,min,374,0.0007,0.0002,4.1961669921875e-05,32,80,10,True
scheduler_n5_s100_seed5.txt,Scheduler,5,RelaxPriority,10000,True,min,374,0.0007,0.0002,4.1484832763671875e-05,32,80,10,True
scheduler_n5_s100_seed5.txt,Scheduler,5,RelaxPriority,20000,True,min,374,0.0007,0.0002,4.029273986816406e-05,32,80,10,True
scheduler_n5_s100_seed5.txt,Scheduler,5,RelaxPriority,500,False,min,370,0.0007,na,0.00013566017150878906,180,295,96,True
scheduler_n5_s100_seed5.txt,Scheduler,5,RelaxPriority,1000,False,min,370,0.0007,na,0.00013899803161621094,180,295,96,True
scheduler_n5_s100_seed5.txt,Scheduler,5,RelaxPriority,2000,False,min,370,0.0007,na,0.00013685226440429688,180,295,96,True
scheduler_n5_s100_seed5.txt,Scheduler,5,RelaxPriority,5000,False,min,370,0.0007,na,0.00014090538024902344,180,295,96,True
scheduler_n5_s100_seed5.txt,Scheduler,5,RelaxPriority,10000,False,min,370,0.0007,na,0.00013589859008789062,180,295,96,True
scheduler_n5_s100_seed5.txt,Scheduler,5,RelaxPriority,20000,False,min,370,0.0007,na,0.00013780593872070312,180,295,96,True
scheduler_n5_s100_seed5.txt,Scheduler,5,RelaxGrouping,500,True,min,374,0.0007,0.0002,4.100799560546875e-05,32,80,10,True
scheduler_n5_s100_seed5.txt,Scheduler,5,RelaxGrouping,1000,True,min,374,0.0007,0.0002,4.124641418457031e-05,32,80,10,True
scheduler_n5_s100_seed5.txt,Scheduler,5,RelaxGrouping,2000,True,min,374,0.0007,0.0002,4.076957702636719e-05,32,80,10,True
scheduler_n5_s100_seed5.txt,Scheduler,5,RelaxGrouping,5000,True,min,374,0.0007,0.0002,4.2438507080078125e-05,32,80,10,True
scheduler_n5_s100_seed5.txt,Scheduler,5,RelaxGrouping,10000,True,min,374,0.0007,0.0002,4.172325134277344e-05,32,80,10,True
scheduler_n5_s100_seed5.txt,Scheduler,5,RelaxGrouping,20000,True,min,374,0.0007,0.0002,4.267692565917969e-05,32,80,10,True
scheduler_n5_s100_seed5.txt,Scheduler,5,RelaxGrouping,500,False,min,370,0.0007,na,0.0001418590545654297,180,295,96,True
scheduler_n5_s100_seed5.txt,Scheduler,5,RelaxGrouping,1000,False,min,370,0.0008,na,0.00015425682067871094,180,295,96,True
scheduler_n5_s100_seed5.txt,Scheduler,5,RelaxGrouping,2000,False,min,370,0.0007,na,0.00014495849609375,180,295,96,True
scheduler_n5_s100_seed5.txt,Scheduler,5,RelaxGrouping,5000,False,min,370,0.0007,na,0.0001399517059326172,180,295,96,True
scheduler_n5_s100_seed5.txt,Scheduler,5,RelaxGrouping,10000,False,min,370,0.0007,na,0.00013518333435058594,180,295,96,True
scheduler_n5_s100_seed5.txt,Scheduler,5,RelaxGrouping,20000,False,min,370,0.0007,na,0.00014162063598632812,180,295,96,True
scheduler_n10_s025_seed1.txt,Scheduler,10,Exact,2147483646,True,min,1312,0.6916,0.1718,0.001977682113647461,1024,5120,252,True
scheduler_n10_s025_seed1.txt,Scheduler,10,Exact,2147483646,False,min,1312,0.6867,na,0.10077619552612305,42847,162536,12356,True
scheduler_n10_s025_seed1.txt,Scheduler,10,Restricted,500,True,min,1338,0.0456,0.0041,0.0011751651763916016,1371,3573,369,True
scheduler_n10_s025_seed1.txt,Scheduler,10,Restricted,1000,True,min,1316,0.0929,0.01,0.002319812774658203,2268,6590,760,True
scheduler_n10_s025_seed1.txt,Scheduler,10,Restricted,2000,True,min,1312,0.1577,0.0247,0.005094051361083984,3592,11558,1351,True
scheduler_n10_s025_seed1.txt,Scheduler,10,Restricted,5000,True,min,1312,0.3562,0.0747,0.007191896438598633,4068,17292,2101,True
scheduler_n10_s025_seed1.txt,Scheduler,10,Restricted,10000,True,min,1312,0.5693,0.1382,0.008119583129882812,3809,19636,1802,True
scheduler_n10_s025_seed1.txt,Scheduler,10,Restricted,20000,True,min,1312,0.6872,0.1663,0.0019087791442871094,1024,5120,252,True
scheduler_n10_s025_seed1.txt,Scheduler,10,Restricted,500,False,min,1338,0.0443,na,0.002593994140625,3092,7075,500,True
scheduler_n10_s025_seed1.txt,Scheduler,10,Restricted,1000,False,min,1316,0.0938,na,0.006886482238769531,5948,14989,1000,True
scheduler_n10_s025_seed1.txt,Scheduler,10,Restricted,2000,False,min,1312,0.1576,na,0.016976594924926758,10956,30413,2000,True
scheduler_n10_s025_seed1.txt,Scheduler,10,Restricted,5000,False,min,1312,0.3565,na,0.10803890228271484,23703,76548,5000,True
scheduler_n10_s025_seed1.txt,Scheduler,10,Restricted,10000,False,min,1312,0.5815,na,0.18945002555847168,37888,138534,10000,True
scheduler_n10_s025_seed1.txt,Scheduler,10,Restricted,20000,False,min,1312,0.7103,na,0.10389900207519531,42847,162536,12356,True
scheduler_n10_s025_seed1.txt,Scheduler,10,RelaxPriority,500,True,min,348,0.3457,0.0083,0.0035088062286376953,2025,11512,401,True
scheduler_n10_s025_seed1.txt,Scheduler,10,RelaxPriority,1000,True,min,351,0.5436,0.0172,0.007642269134521484,3775,20031,825,True
scheduler_n10_s025_seed1.txt,Scheduler,10,RelaxPriority,2000,True,min,566,1.0184,0.0368,0.03631711006164551,6681,34610,1743,True
scheduler_n10_s025_seed1.txt,Scheduler,10,RelaxPriority,5000,True,min,716,1.5286,0.0931,0.011670827865600586,4909,28625,2250,True
scheduler_n10_s025_seed1.txt,Scheduler,10,RelaxPriority,10000,True,min,896,1.0617,0.1489,0.009584665298461914,3996,23108,1806,True
scheduler_n10_s025_seed1.txt,Scheduler,10,RelaxPriority,20000,True,min,1312,0.7051,0.1723,0.0019419193267822266,1024,5120,252,True
scheduler_n10_s025_seed1.txt,Scheduler,10,RelaxPriority,500,False,min,348,0.3389,na,0.005669593811035156,3602,18832,500,True
scheduler_n10_s025_seed1.txt,Scheduler,10,RelaxPriority,1000,False,min,351,0.5496,na,0.012057304382324219,6753,32278,1000,True
scheduler_n10_s025_seed1.txt,Scheduler,10,RelaxPriority,2000,False,min,566,1.002,na,0.04984855651855469,12753,57574,2000,True
scheduler_n10_s025_seed1.txt,Scheduler,10,RelaxPriority,5000,False,min,716,1.5107,na,0.0572199821472168,26390,108356,5000,True
scheduler_n10_s025_seed1.txt,Scheduler,10,RelaxPriority,10000,False,min,896,1.0725,na,0.09106850624084473,39081,152440,10000,True
scheduler_n10_s025_seed1.txt,Scheduler,10,RelaxPriority,20000,False,min,1312,0.6917,na,0.09843802452087402,42847,162536,12356,True
scheduler_n10_s025_seed1.txt,Scheduler,10,RelaxGrouping,500,True,min,210,0.0687,0.007,0.0038912296295166016,2265,13383,478,True
scheduler_n10_s025_seed1.txt,Scheduler,10,RelaxGrouping,1000,True,min,208,0.1295,0.0144,0.008131980895996094,3897,22385,988,True
scheduler_n10_s025_seed1.txt,Scheduler,10,RelaxGrouping,2000,True,min,208,0.2247,0.0305,0.01614999771118164,6891,36523,1767,True
scheduler_n10_s025_seed1.txt,Scheduler,10,RelaxGrouping,5000,True,min,287,0.4793,0.0916,0.01920938491821289,7997,45398,3212,True
scheduler_n10_s025_seed1.txt,Scheduler,10,RelaxGrouping,10000,True,min,503,0.7013,0.1662,0.01024484634399414,4562,26085,2027,True
scheduler_n10_s025_seed1.txt,Scheduler,10,RelaxGrouping,20000,True,min,1312,0.7013,0.1686,0.0019512176513671875,1024,5120,252,True
scheduler_n10_s025_seed1.txt,Scheduler,10,RelaxGrouping,500,False,min,210,0.0685,na,0.005715370178222656,3155,18416,485,True
scheduler_n10_s025_seed1.txt,Scheduler,10,RelaxGrouping,1000,False,min,208,0.127,na,0.011305570602416992,6008,31779,988,True
scheduler_n10_s025_seed1.txt,Scheduler,10,RelaxGrouping,2000,False,min,208,0.2239,na,0.02341747283935547,11592,54992,1970,True
scheduler_n10_s025_seed1.txt,Scheduler,10,RelaxGrouping,5000,False,min,287,0.4813,na,0.1291825771331787,27873,121795,4986,True
scheduler_n10_s025_seed1.txt,Scheduler,10,RelaxGrouping,10000,False,min,497,0.7089,na,0.09588885307312012,41621,172446,9552,True
scheduler_n10_s025_seed1.txt,Scheduler,10,RelaxGrouping,20000,False,min,1312,0.7034,na,0.09993815422058105,42847,162536,12356,True
scheduler_n10_s025_seed2.txt,Scheduler,10,Exact,2147483646,True,min,1616,0.5169,0.14,0.0019385814666748047,1024,5120,252,True
scheduler_n10_s025_seed2.txt,Scheduler,10,Exact,2147483646,False,min,1609,0.519,na,0.07905268669128418,36289,139128,10346,True
scheduler_n10_s025_seed2.txt,Scheduler,10,Restricted,500,True,min,1616,0.0441,0.0045,0.0011115074157714844,1243,3541,394,True
scheduler_n10_s025_seed2.txt,Scheduler,10,Restricted,1000,True,min,1616,0.0898,0.0098,0.0019278526306152344,1931,6223,709,True
scheduler_n10_s025_seed2.txt,Scheduler,10,Restricted,2000,True,min,1616,0.1513,0.0238,0.0036945343017578125,2808,10099,1203,True
scheduler_n10_s025_seed2.txt,Scheduler,10,Restricted,5000,True,min,1616,0.3314,0.0728,0.006990671157836914,3665,16519,1819,True
scheduler_n10_s025_seed2.txt,Scheduler,10,Restricted,10000,True,min,1616,0.5381,0.1389,0.0037751197814941406,1878,10130,602,True
scheduler_n10_s025_seed2.txt,Scheduler,10,Restricted,20000,True,min,1616,0.5367,0.1428,0.0020041465759277344,1024,5120,252,True
scheduler_n10_s025_seed2.txt,Scheduler,10,Restricted,500,False,min,1616,0.0441,na,0.0028984546661376953,3122,7725,500,True
scheduler_n10_s025_seed2.txt,Scheduler,10,Restricted,1000,False,min,1616,0.0928,na,0.008064031600952148,5960,15987,1000,True
scheduler_n10_s025_seed2.txt,Scheduler,10,Restricted,2000,False,min,1609,0.1569,na,0.016820430755615234,10900,32099,2000,True
scheduler_n10_s025_seed2.txt,Scheduler,10,Restricted,5000,False,min,1609,0.3373,na,0.04748344421386719,22896,77261,5000,True
scheduler_n10_s025_seed2.txt,Scheduler,10,Restricted,10000,False,min,1609,0.5189,na,0.0779409408569336,35570,135762,10000,True
scheduler_n10_s025_seed2.txt,Scheduler,10,Restricted,20000,False,min,1609,0.5261,na,0.0822746753692627,36289,139128,10346,True
scheduler_n10_s025_seed2.txt,Scheduler,10,RelaxPriority,500,True,min,759,0.3594,0.0086,0.003300905227661133,1865,11188,410,True
scheduler_n10_s025_seed2.txt,Scheduler,10,RelaxPriority,1000,True,min,921,0.5037,0.0171,0.0067441463470458984,3362,18525,792,True
scheduler_n10_s025_seed2.txt,Scheduler,10,RelaxPriority,2000,True,min,1223,0.8624,0.0383,0.014069795608520508,6261,32479,1714,True
scheduler_n10_s025_seed2.txt,Scheduler,10,RelaxPriority,5000,True,min,1412,1.0646,0.0882,0.009651899337768555,4249,24929,1873,True
scheduler_n10_s025_seed2.txt,Scheduler,10,RelaxPriority,10000,True,min,1616,0.5531,0.1304,0.0040798187255859375,2006,11166,613,True
scheduler_n10_s025_seed2.txt,Scheduler,10,RelaxPriority,20000,True,min,1616,0.5312,0.141,0.001981496810913086,1024,5120,252,True
scheduler_n10_s025_seed2.txt,Scheduler,10,RelaxPriority,500,False,min,759,0.3486,na,0.0058171749114990234,3602,19712,500,True
scheduler_n10_s025_seed2.txt,Scheduler,10,RelaxPriority,1000,False,min,921,0.5101,na,0.013067245483398438,6736,33390,1000,True
scheduler_n10_s025_seed2.txt,Scheduler,10,RelaxPriority,2000,False,min,1223,0.8584,na,0.05654597282409668,12736,58051,2000,True
scheduler_n10_s025_seed2.txt,Scheduler,10,RelaxPriority,5000,False,min,1412,1.047,na,0.05290412902832031,25613,105459,5000,True
scheduler_n10_s025_seed2.txt,Scheduler,10,RelaxPriority,10000,False,min,1609,0.5499,na,0.16559314727783203,35979,138704,10000,True
scheduler_n10_s025_seed2.txt,Scheduler,10,RelaxPriority,20000,False,min,1609,0.5344,na,0.08213138580322266,36289,139128,10346,True
scheduler_n10_s025_seed2.txt,Scheduler,10,RelaxGrouping,500,True,min,138,0.0686,0.0072,0.003986358642578125,2195,13199,474,True
scheduler_n10_s025_seed2.txt,Scheduler,10,RelaxGrouping,1000,True,min,211,0.1252,0.0149,0.008481740951538086,4134,23091,934,True
scheduler_n10_s025_seed2.txt,Scheduler,10,RelaxGrouping,2000,True,min,254,0.2394,0.0351,0.016782760620117188,7157,38144,1992,True
scheduler_n10_s025_seed2.txt,Scheduler,10,RelaxGrouping,5000,True,min,386,0.4886,0.0971,0.022162199020385742,8419,46950,2813,True
scheduler_n10_s025_seed2.txt,Scheduler,10,RelaxGrouping,10000,True,min,865,0.659,0.1525,0.004890918731689453,2259,12746,665,True
scheduler_n10_s025_seed2.txt,Scheduler,10,RelaxGrouping,20000,True,min,1616,0.5312,0.1411,0.00196075439453125,1024,5120,252,True
scheduler_n10_s025_seed2.txt,Scheduler,10,RelaxGrouping,500,False,min,138,0.0689,na,0.005841732025146484,3133,18557,474,True
scheduler_n10_s025_seed2.txt,Scheduler,10,RelaxGrouping,1000,False,min,211,0.1214,na,0.01126241683959961,6072,32353,996,True
scheduler_n10_s025_seed2.txt,Scheduler,10,RelaxGrouping,2000,False,min,254,0.2377,na,0.025353431701660156,12177,58341,1996,True
scheduler_n10_s025_seed2.txt,Scheduler,10,RelaxGrouping,5000,False,min,386,0.4668,na,0.12700223922729492,27226,121524,4998,True
scheduler_n10_s025_seed2.txt,Scheduler,10,RelaxGrouping,10000,False,min,865,0.6375,na,0.08475089073181152,38277,155021,9923,True
scheduler_n10_s025_seed2.txt,Scheduler,10,RelaxGrouping,20000,False,min,1609,0.5131,na,0.07933473587036133,36289,139128,10346,True
scheduler_n10_s025_seed3.txt,Scheduler,10,Exact,2147483646,True,min,1993,0.5428,0.1476,0.0021271705627441406,1024,5120,252,True
scheduler_n10_s025_seed3.txt,Scheduler,10,Exact,2147483646,False,min,1957,0.5427,na,0.17394375801086426,38677,147533,11080,True
scheduler_n10_s025_seed3.txt,Scheduler,10,Restricted,500,True,min,1989,0.0439,0.0043,0.0013093948364257812,1406,3955,378,True
scheduler_n10_s025_seed3.txt,Scheduler,10,Restricted,1000,True,min,1957,0.0907,0.0108,0.002397775650024414,2207,6750,704,True
scheduler_n10_s025_seed3.txt,Scheduler,10,Restricted,2000,True,min,1957,0.1532,0.0242,0.005057573318481445,3493,11975,1314,True
scheduler_n10_s025_seed3.txt,Scheduler,10,Restricted,5000,True,min,1993,0.331,0.0712,0.006811380386352539,3709,16561,1834,True
scheduler_n10_s025_seed3.txt,Scheduler,10,Restricted,10000,True,min,1993,0.5421,0.1357,0.005438566207885742,2642,14236,1051,True
scheduler_n10_s025_seed3.txt,Scheduler,10,Restricted,20000,True,min,1993,0.5506,0.1453,0.001974821090698242,1024,5120,252,True
scheduler_n10_s025_seed3.txt,Scheduler,10,Restricted,500,False,min,1989,0.0438,na,0.002938508987426758,3150,7667,500,True
scheduler_n10_s025_seed3.txt,Scheduler,10,Restricted,1000,False,min,1957,0.091,na,0.0066547393798828125,5952,15672,1000,True
scheduler_n10_s025_seed3.txt,Scheduler,10,Restricted,2000,False,min,1957,0.1549,na,0.01636528968811035,10925,31340,2000,True
scheduler_n10_s025_seed3.txt,Scheduler,10,Restricted,5000,False,min,1957,0.3332,na,0.04725480079650879,23207,77157,5000,True
scheduler_n10_s025_seed3.txt,Scheduler,10,Restricted,10000,False,min,1957,0.5419,na,0.16665029525756836,36564,137108,10000,True
scheduler_n10_s025_seed3.txt,Scheduler,10,Restricted,20000,False,min,1957,0.5519,na,0.17519855499267578,38677,147533,11080,True
scheduler_n10_s025_seed3.txt,Scheduler,10,RelaxPriority,500,True,min,793,0.3767,0.0087,0.0038459300994873047,1934,11292,397,True
scheduler_n10_s025_seed3.txt,Scheduler,10,RelaxPriority,1000,True,min,1061,0.5937,0.0176,0.007460832595825195,3551,19557,837,True
scheduler_n10_s025_seed3.txt,Scheduler,10,RelaxPriority,2000,True,min,1252,0.9403,0.0379,0.015480995178222656,6617,34354,1673,True
scheduler_n10_s025_seed3.txt,Scheduler,10,RelaxPriority,5000,True,min,1582,1.1792,0.0895,0.009929895401000977,4195,24687,1851,True
scheduler_n10_s025_seed3.txt,Scheduler,10,RelaxPriority,10000,True,min,1936,0.6433,0.1396,0.006613492965698242,2806,16205,1058,True
scheduler_n10_s025_seed3.txt,Scheduler,10,RelaxPriority,20000,True,min,1993,0.5584,0.1501,0.002056121826171875,1024,5120,252,True
scheduler_n10_s025_seed3.txt,Scheduler,10,RelaxPriority,500,False,min,793,0.3787,na,0.006632089614868164,3602,19587,500,True
scheduler_n10_s025_seed3.txt,Scheduler,10,RelaxPriority,1000,False,min,1061,0.5921,na,0.012758731842041016,6742,33661,1000,True
scheduler_n10_s025_seed3.txt,Scheduler,10,RelaxPriority,2000,False,min,1252,0.9301,na,0.051224470138549805,12742,58124,2000,True
scheduler_n10_s025_seed3.txt,Scheduler,10,RelaxPriority,5000,False,min,1582,1.1673,na,0.05642890930175781,25707,106255,5000,True
scheduler_n10_s025_seed3.txt,Scheduler,10,RelaxPriority,10000,False,min,1936,0.6433,na,0.17733335494995117,37369,145698,10000,True
scheduler_n10_s025_seed3.txt,Scheduler,10,RelaxPriority,20000,False,min,1957,0.5377,na,0.1734015941619873,38677,147533,11080,True
scheduler_n10_s025_seed3.txt,Scheduler,10,RelaxGrouping,500,True,min,307,0.0688,0.0075,0.003545045852661133,2034,12656,498,True
scheduler_n10_s025_seed3.txt,Scheduler,10,RelaxGrouping,1000,True,min,398,0.1168,0.0137,0.0067479610443115234,3554,20527,833,True
scheduler_n10_s025_seed3.txt,Scheduler,10,RelaxGrouping,5000,True,min,600,0.4601,0.0919,0.020294666290283203,8396,47579,3062,True
scheduler_n10_s025_seed3.txt,Scheduler,10,RelaxGrouping,10000,True,min,1202,0.659,0.1476,0.009762287139892578,4352,24819,1614,True
scheduler_n10_s025_seed3.txt,Scheduler,10,RelaxGrouping,20000,True,min,1993,0.5321,0.1411,0.00194549560546875,1024,5120,252,True
scheduler_n10_s025_seed3.txt,Scheduler,10,RelaxGrouping,500,False,min,307,0.0683,na,0.005854368209838867,3251,19172,498,True
scheduler_n10_s025_seed3.txt,Scheduler,10,RelaxGrouping,1000,False,min,398,0.1191,na,0.01172780990600586,5955,31370,966,True
scheduler_n10_s025_seed3.txt,Scheduler,10,RelaxGrouping,5000,False,min,600,0.4727,na,0.13032078742980957,27684,122811,4985,True
scheduler_n10_s025_seed3.txt,Scheduler,10,RelaxGrouping,10000,False,min,1202,0.6656,na,0.08875203132629395,39569,158078,9927,True
scheduler_n10_s025_seed3.txt,Scheduler,10,RelaxGrouping,20000,False,min,1957,0.5362,na,0.17433881759643555,38677,147533,11080,True
scheduler_n10_s025_seed4.txt,Scheduler,10,Exact,2147483646,True,min,903,0.5321,0.1377,0.0018532276153564453,1024,5120,252,True
scheduler_n10_s025_seed4.txt,Scheduler,10,Exact,2147483646,False,min,897,0.5275,na,0.16922736167907715,37484,143730,10706,True
scheduler_n10_s025_seed4.txt,Scheduler,10,Restricted,500,True,min,903,0.0433,0.0043,0.0011701583862304688,1378,3876,419,True
scheduler_n10_s025_seed4.txt,Scheduler,10,Restricted,1000,True,min,903,0.0909,0.0099,0.0024077892303466797,2361,7316,791,True
scheduler_n10_s025_seed4.txt,Scheduler,10,Restricted,2000,True,min,903,0.1543,0.0249,0.004662513732910156,3347,11730,1368,True
scheduler_n10_s025_seed4.txt,Scheduler,10,Restricted,5000,True,min,903,0.3184,0.0658,0.0066225528717041016,4069,17921,2068,True
scheduler_n10_s025_seed4.txt,Scheduler,10,Restricted,10000,True,min,903,0.5295,0.1382,0.004843711853027344,2360,12656,859,True
scheduler_n10_s025_seed4.txt,Scheduler,10,Restricted,20000,True,min,903,0.5257,0.1407,0.001913309097290039,1024,5120,252,True
scheduler_n10_s025_seed4.txt,Scheduler,10,Restricted,500,False,min,899,0.0433,na,0.0026297569274902344,3193,7893,500,True
scheduler_n10_s025_seed4.txt,Scheduler,10,Restricted,1000,False,min,899,0.0919,na,0.006356477737426758,6004,16198,1000,True
scheduler_n10_s025_seed4.txt,Scheduler,10,Restricted,2000,False,min,897,0.1506,na,0.015660524368286133,10948,32375,2000,True
scheduler_n10_s025_seed4.txt,Scheduler,10,Restricted,5000,False,min,897,0.3348,na,0.046347618103027344,22924,77448,5000,True
scheduler_n10_s025_seed4.txt,Scheduler,10,Restricted,10000,False,min,897,0.5368,na,0.07804727554321289,36055,136970,10000,True
scheduler_n10_s025_seed4.txt,Scheduler,10,Restricted,20000,False,min,897,0.5249,na,0.1626296043395996,37484,143730,10706,True
scheduler_n10_s025_seed4.txt,Scheduler,10,RelaxPriority,500,True,min,297,0.3672,0.0086,0.003217458724975586,1947,11606,405,True
scheduler_n10_s025_seed4.txt,Scheduler,10,RelaxPriority,1000,True,min,348,0.6421,0.0175,0.007111787796020508,3608,20167,828,True
scheduler_n10_s025_seed4.txt,Scheduler,10,RelaxPriority,2000,True,min,496,0.8607,0.0367,0.014161348342895508,6701,34673,1817,True
scheduler_n10_s025_seed4.txt,Scheduler,10,RelaxPriority,5000,True,min,677,1.1311,0.0838,0.010061025619506836,4635,27156,2135,True
scheduler_n10_s025_seed4.txt,Scheduler,10,RelaxPriority,10000,True,min,903,0.5809,0.1324,0.0051763057708740234,2537,14621,877,True
scheduler_n10_s025_seed4.txt,Scheduler,10,RelaxPriority,20000,True,min,903,0.5339,0.1426,0.001895904541015625,1024,5120,252,True
scheduler_n10_s025_seed4.txt,Scheduler,10,RelaxPriority,500,False,min,297,0.3751,na,0.006251096725463867,3602,19777,500,True
scheduler_n10_s025_seed4.txt,Scheduler,10,RelaxPriority,1000,False,min,348,0.6456,na,0.012189388275146484,6751,34429,1000,True
scheduler_n10_s025_seed4.txt,Scheduler,10,RelaxPriority,2000,False,min,496,0.8627,na,0.0523838996887207,12751,57980,2000,True
scheduler_n10_s025_seed4.txt,Scheduler,10,RelaxPriority,5000,False,min,677,1.1472,na,0.052889347076416016,25735,106335,5000,True
scheduler_n10_s025_seed4.txt,Scheduler,10,RelaxPriority,10000,False,min,897,0.5925,na,0.17367291450500488,36907,144504,10000,True
scheduler_n10_s025_seed4.txt,Scheduler,10,RelaxPriority,20000,False,min,897,0.5408,na,0.1691446304321289,37484,143730,10706,True
scheduler_n10_s025_seed4.txt,Scheduler,10,RelaxGrouping,500,True,min,126,0.0661,0.0067,0.0035161972045898438,2265,13189,474,True
scheduler_n10_s025_seed4.txt,Scheduler,10,RelaxGrouping,1000,True,min,177,0.1179,0.0138,0.008595705032348633,4349,23686,976,True
scheduler_n10_s025_seed4.txt,Scheduler,10,RelaxGrouping,2000,True,min,177,0.2057,0.0277,0.014285802841186523,7262,38056,1952,True
scheduler_n10_s025_seed4.txt,Scheduler,10,RelaxGrouping,5000,True,min,240,0.4292,0.0851,0.015586614608764648,7386,41916,2956,True
scheduler_n10_s025_seed4.txt,Scheduler,10,RelaxGrouping,10000,True,min,448,0.6438,0.1491,0.0061228275299072266,2975,17095,996,True
scheduler_n10_s025_seed4.txt,Scheduler,10,RelaxGrouping,20000,True,min,903,0.5162,0.1418,0.0018916130065917969,1024,5120,252,True
scheduler_n10_s025_seed4.txt,Scheduler,10,RelaxGrouping,500,False,min,126,0.0672,na,0.004850625991821289,3093,17754,491,True
scheduler_n10_s025_seed4.txt,Scheduler,10,RelaxGrouping,1000,False,min,177,0.1177,na,0.010493040084838867,6233,31759,991,True
scheduler_n10_s025_seed4.txt,Scheduler,10,RelaxGrouping,2000,False,min,177,0.2044,na,0.02059483528137207,11993,56003,1977,True
scheduler_n10_s025_seed4.txt,Scheduler,10,RelaxGrouping,5000,False,min,240,0.4207,na,0.05125069618225098,26902,119642,4995,True
scheduler_n10_s025_seed4.txt,Scheduler,10,RelaxGrouping,10000,False,min,448,0.6298,na,0.08170318603515625,39025,158088,9990,True
scheduler_n10_s025_seed4.txt,Scheduler,10,RelaxGrouping,20000,False,min,897,0.5346,na,0.1686263084411621,37484,143730,10706,True
scheduler_n10_s025_seed5.txt,Scheduler,10,Exact,2147483646,True,min,932,0.5797,0.1604,0.0020780563354492188,1024,5120,252,True
scheduler_n10_s025_seed5.txt,Scheduler,10,Exact,2147483646,False,min,932,0.5347,na,0.16984152793884277,38941,149444,11168,True
scheduler_n10_s025_seed5.txt,Scheduler,10,Restricted,500,True,min,932,0.0436,0.0045,0.0010862350463867188,1238,3399,366,True
scheduler_n10_s025_seed5.txt,Scheduler,10,Restricted,1000,True,min,932,0.0904,0.0098,0.0019142627716064453,1935,5941,694,True
scheduler_n10_s025_seed5.txt,Scheduler,10,Restricted,2000,True,min,932,0.1536,0.0248,0.0044629573822021484,3193,10876,1317,True
scheduler_n10_s025_seed5.txt,Scheduler,10,Restricted,5000,True,min,932,0.3385,0.0714,0.006399393081665039,3690,16104,1888,True
scheduler_n10_s025_seed5.txt,Scheduler,10,Restricted,10000,True,min,932,0.5554,0.1412,0.0059850215911865234,2833,15274,1184,True
scheduler_n10_s025_seed5.txt,Scheduler,10,Restricted,20000,True,min,932,0.5469,0.1434,0.0018258094787597656,1024,5120,252,True
scheduler_n10_s025_seed5.txt,Scheduler,10,Restricted,500,False,min,932,0.0434,na,0.0025174617767333984,3138,7552,500,True
scheduler_n10_s025_seed5.txt,Scheduler,10,Restricted,1000,False,min,932,0.0879,na,0.00562596321105957,6004,15748,1000,True
scheduler_n10_s025_seed5.txt,Scheduler,10,Restricted,2000,False,min,932,0.1501,na,0.014264583587646484,10951,31667,2000,True
scheduler_n10_s025_seed5.txt,Scheduler,10,Restricted,5000,False,min,932,0.3172,na,0.04433846473693848,23128,77241,5000,True
scheduler_n10_s025_seed5.txt,Scheduler,10,Restricted,10000,False,min,932,0.5301,na,0.1602640151977539,36676,137981,10000,True
scheduler_n10_s025_seed5.txt,Scheduler,10,Restricted,20000,False,min,932,0.5448,na,0.1725292205810547,38941,149444,11168,True
scheduler_n10_s025_seed5.txt,Scheduler,10,RelaxPriority,500,True,min,363,0.3707,0.0082,0.003071308135986328,1874,11122,392,True
scheduler_n10_s025_seed5.txt,Scheduler,10,RelaxPriority,1000,True,min,411,0.5884,0.0167,0.005776643753051758,3261,18270,771,True
scheduler_n10_s025_seed5.txt,Scheduler,10,RelaxPriority,2000,True,min,553,0.8649,0.0336,0.011626005172729492,6179,32361,1717,True
scheduler_n10_s025_seed5.txt,Scheduler,10,RelaxPriority,5000,True,min,700,1.2133,0.0814,0.008691072463989258,4238,25035,1962,True
scheduler_n10_s025_seed5.txt,Scheduler,10,RelaxPriority,10000,True,min,932,0.6188,0.1283,0.0060884952545166016,2997,17395,1187,True
scheduler_n10_s025_seed5.txt,Scheduler,10,RelaxPriority,20000,True,min,932,0.5285,0.1422,0.0018520355224609375,1024,5120,252,True
scheduler_n10_s025_seed5.txt,Scheduler,10,RelaxPriority,500,False,min,363,0.3653,na,0.00607609748840332,3602,19560,500,True
scheduler_n10_s025_seed5.txt,Scheduler,10,RelaxPriority,1000,False,min,411,0.5827,na,0.010631084442138672,6762,33651,1000,True
scheduler_n10_s025_seed5.txt,Scheduler,10,RelaxPriority,2000,False,min,553,0.8715,na,0.0452580451965332,12762,57751,2000,True
scheduler_n10_s025_seed5.txt,Scheduler,10,RelaxPriority,5000,False,min,696,1.2171,na,0.05212736129760742,25903,107137,5000,True
scheduler_n10_s025_seed5.txt,Scheduler,10,RelaxPriority,10000,False,min,932,0.6391,na,0.16634392738342285,37579,147428,10000,True
scheduler_n10_s025_seed5.txt,Scheduler,10,RelaxPriority,20000,False,min,932,0.5591,na,0.17914366722106934,38941,149444,11168,True
scheduler_n10_s025_seed5.txt,Scheduler,10,RelaxGrouping,2000,True,min,182,0.2371,0.0335,0.01613759994506836,7002,37624,1968,True
scheduler_n10_s025_seed5.txt,Scheduler,10,RelaxGrouping,5000,True,min,298,0.5693,0.0967,0.022317171096801758,9046,51277,3300,True
scheduler_n10_s025_seed5.txt,Scheduler,10,RelaxGrouping,10000,True,min,502,0.6906,0.1582,0.0076160430908203125,3460,19828,1249,True
scheduler_n10_s025_seed5.txt,Scheduler,10,RelaxGrouping,20000,True,min,932,0.5959,0.1614,0.002119302749633789,1024,5120,252,True
scheduler_n10_s025_seed5.txt,Scheduler,10,RelaxGrouping,2000,False,min,182,0.24,na,0.02657485008239746,11928,57979,1997,True
scheduler_n10_s025_seed5.txt,Scheduler,10,RelaxGrouping,5000,False,min,298,0.5543,na,0.06344342231750488,27871,126729,4966,True
scheduler_n10_s025_seed5.txt,Scheduler,10,RelaxGrouping,10000,False,min,498,0.6704,na,0.09158706665039062,40545,166691,9965,True
scheduler_n10_s025_seed5.txt,Scheduler,10,RelaxGrouping,20000,False,min,932,0.5686,na,0.1814424991607666,38941,149444,11168,True
scheduler_n10_s050_seed1.txt,Scheduler,10,Exact,2147483646,True,min,1341,1.9847,0.2156,0.0016477108001708984,1024,5120,252,True
scheduler_n10_s050_seed1.txt,Scheduler,10,Exact,2147483646,False,min,1341,7.9485,na,1.9383232593536377,55091,205906,16109,True
scheduler_n10_s050_seed1.txt,Scheduler,10,Restricted,500,True,min,1386,0.0531,0.0041,0.0012385845184326172,1399,3310,373,True
scheduler_n10_s050_seed1.txt,Scheduler,10,Restricted,1000,True,min,1356,0.109,0.0095,0.002620220184326172,2565,6765,774,True
scheduler_n10_s050_seed1.txt,Scheduler,10,Restricted,2000,True,min,1355,0.1634,0.0249,0.005051612854003906,3605,10956,1249,True
scheduler_n10_s050_seed1.txt,Scheduler,10,Restricted,5000,True,min,1365,0.4386,0.0673,0.009402751922607422,5855,21791,2461,True
scheduler_n10_s050_seed1.txt,Scheduler,10,Restricted,10000,True,min,1361,0.7314,0.1497,0.010942220687866211,5201,24769,2701,True
scheduler_n10_s050_seed1.txt,Scheduler,10,Restricted,20000,True,min,1341,1.0406,0.2366,0.0020956993103027344,1024,5120,252,True
scheduler_n10_s050_seed1.txt,Scheduler,10,Restricted,500,False,min,1382,0.0514,na,0.0025980472564697266,2971,6335,500,True
scheduler_n10_s050_seed1.txt,Scheduler,10,Restricted,1000,False,min,1356,0.1054,na,0.0062711238861083984,5772,13567,1000,True
scheduler_n10_s050_seed1.txt,Scheduler,10,Restricted,2000,False,min,1352,0.1644,na,0.014986753463745117,10961,28569,2000,True
scheduler_n10_s050_seed1.txt,Scheduler,10,Restricted,5000,False,min,1341,0.444,na,0.04690122604370117,23755,72751,5000,True
scheduler_n10_s050_seed1.txt,Scheduler,10,Restricted,10000,False,min,1341,0.7116,na,0.08983254432678223,41000,141131,10000,True
scheduler_n10_s050_seed1.txt,Scheduler,10,Restricted,20000,False,min,1341,0.9527,na,0.1292896270751953,55091,205906,16109,True
scheduler_n10_s050_seed1.txt,Scheduler,10,RelaxPriority,500,True,min,338,0.4152,0.0083,0.0034821033477783203,2047,11682,373,True
scheduler_n10_s050_seed1.txt,Scheduler,10,RelaxPriority,1000,True,min,384,0.7678,0.0167,0.006879329681396484,3775,20279,789,True
scheduler_n10_s050_seed1.txt,Scheduler,10,RelaxPriority,2000,True,min,447,1.2975,0.0331,0.01339864730834961,6630,33939,1696,True
scheduler_n10_s050_seed1.txt,Scheduler,10,RelaxPriority,5000,True,min,683,2.6545,0.0938,0.016036033630371094,6849,38354,2605,True
scheduler_n10_s050_seed1.txt,Scheduler,10,RelaxPriority,10000,True,min,872,2.3615,0.167,0.013628959655761719,5651,32551,2856,True
scheduler_n10_s050_seed1.txt,Scheduler,10,RelaxPriority,20000,True,min,1341,0.9764,0.2196,0.0018935203552246094,1024,5120,252,True
scheduler_n10_s050_seed1.txt,Scheduler,10,RelaxPriority,500,False,min,338,0.3989,na,0.005340576171875,3602,18891,500,True
scheduler_n10_s050_seed1.txt,Scheduler,10,RelaxPriority,1000,False,min,384,0.7549,na,0.010985612869262695,6772,33321,1000,True
scheduler_n10_s050_seed1.txt,Scheduler,10,RelaxPriority,2000,False,min,447,1.3154,na,0.02244424819946289,12772,56832,2000,True
scheduler_n10_s050_seed1.txt,Scheduler,10,RelaxPriority,5000,False,min,683,2.7157,na,0.05608534812927246,26307,107564,5000,True
scheduler_n10_s050_seed1.txt,Scheduler,10,RelaxPriority,10000,False,min,872,2.3157,na,0.09991216659545898,42624,165447,10000,True
scheduler_n10_s050_seed1.txt,Scheduler,10,RelaxPriority,20000,False,min,1341,0.9656,na,0.1298847198486328,55091,205906,16109,True
scheduler_n10_s050_seed1.txt,Scheduler,10,RelaxGrouping,500,True,min,194,0.0715,0.007,0.0034248828887939453,2190,13125,480,True
scheduler_n10_s050_seed1.txt,Scheduler,10,RelaxGrouping,1000,True,min,221,0.1264,0.0132,0.00786280632019043,4245,23396,952,True
scheduler_n10_s050_seed1.txt,Scheduler,10,RelaxGrouping,2000,True,min,221,0.2242,0.0238,0.014106035232543945,7331,38492,1834,True
scheduler_n10_s050_seed1.txt,Scheduler,10,RelaxGrouping,10000,True,min,402,0.9128,0.1902,0.014932394027709961,6144,35464,3051,True
scheduler_n10_s050_seed1.txt,Scheduler,10,RelaxGrouping,500,False,min,194,0.0736,na,0.005251407623291016,3183,18403,486,True
scheduler_n10_s050_seed1.txt,Scheduler,10,RelaxGrouping,20000,True,min,1341,0.948,0.2193,0.001857757568359375,1024,5120,252,True
scheduler_n10_s050_seed1.txt,Scheduler,10,RelaxGrouping,1000,False,min,221,0.1238,na,0.010208606719970703,6099,31415,956,True
scheduler_n10_s050_seed1.txt,Scheduler,10,RelaxGrouping,2000,False,min,221,0.2216,na,0.020158767700195312,11721,54890,1923,True
scheduler_n10_s050_seed1.txt,Scheduler,10,RelaxGrouping,10000,False,min,402,0.9282,na,0.112274169921875,48065,207465,9592,True
scheduler_n10_s050_seed1.txt,Scheduler,10,RelaxGrouping,20000,False,min,1341,0.9692,na,0.1369307041168213,55091,205906,16109,True
scheduler_n10_s050_seed2.txt,Scheduler,10,Exact,2147483646,True,min,1693,0.7594,0.1948,0.002063274383544922,1024,5120,252,True
scheduler_n10_s050_seed2.txt,Scheduler,10,Exact,2147483646,False,min,1693,0.7323,na,0.10812640190124512,47838,180492,13834,True
scheduler_n10_s050_seed2.txt,Scheduler,10,Restricted,500,True,min,1693,0.0467,0.0039,0.0010211467742919922,1281,3373,365,True
scheduler_n10_s050_seed2.txt,Scheduler,10,Restricted,1000,True,min,1693,0.0954,0.0091,0.0021097660064697266,2272,6572,724,True
scheduler_n10_s050_seed2.txt,Scheduler,10,Restricted,2000,True,min,1693,0.162,0.0241,0.0037190914154052734,3025,9898,1250,True
scheduler_n10_s050_seed2.txt,Scheduler,10,Restricted,5000,True,min,1693,0.3694,0.074,0.01958298683166504,4398,17672,2173,True
scheduler_n10_s050_seed2.txt,Scheduler,10,Restricted,10000,True,min,1693,0.707,0.1465,0.009368181228637695,4381,21912,2148,True
scheduler_n10_s050_seed2.txt,Scheduler,10,Restricted,20000,True,min,1693,0.7409,0.1917,0.0020368099212646484,1024,5120,252,True
scheduler_n10_s050_seed2.txt,Scheduler,10,Restricted,500,False,min,1693,0.0468,na,0.0024504661560058594,3032,7100,500,True
scheduler_n10_s050_seed2.txt,Scheduler,10,Restricted,1000,False,min,1693,0.0985,na,0.006455898284912109,5858,14773,1000,True
scheduler_n10_s050_seed2.txt,Scheduler,10,Restricted,2000,False,min,1693,0.1595,na,0.015378236770629883,11104,30627,2000,True
scheduler_n10_s050_seed2.txt,Scheduler,10,Restricted,5000,False,min,1693,0.367,na,0.10267019271850586,24128,76576,5000,True
scheduler_n10_s050_seed2.txt,Scheduler,10,Restricted,10000,False,min,1693,0.7102,na,0.0900883674621582,39523,141153,10000,True
scheduler_n10_s050_seed2.txt,Scheduler,10,Restricted,20000,False,min,1693,0.7431,na,0.10838127136230469,47838,180492,13834,True
scheduler_n10_s050_seed2.txt,Scheduler,10,RelaxPriority,500,True,min,657,0.4181,0.0087,0.0030183792114257812,1854,11175,382,True
scheduler_n10_s050_seed2.txt,Scheduler,10,RelaxPriority,1000,True,min,904,0.7714,0.018,0.00671696662902832,3393,19205,801,True
scheduler_n10_s050_seed2.txt,Scheduler,10,RelaxPriority,2000,True,min,1153,1.232,0.0351,0.013567209243774414,6498,34075,1726,True
scheduler_n10_s050_seed2.txt,Scheduler,10,RelaxPriority,5000,True,min,1395,1.9762,0.0895,0.012415647506713867,5519,31969,2445,True
scheduler_n10_s050_seed2.txt,Scheduler,10,RelaxPriority,10000,True,min,1604,1.9032,0.1551,0.010790824890136719,4685,27094,2235,True
scheduler_n10_s050_seed2.txt,Scheduler,10,RelaxPriority,20000,True,min,1693,0.7323,0.1821,0.0019690990447998047,1024,5120,252,True
scheduler_n10_s050_seed2.txt,Scheduler,10,RelaxPriority,500,False,min,657,0.4362,na,0.005910634994506836,3602,19843,500,True
scheduler_n10_s050_seed2.txt,Scheduler,10,RelaxPriority,1000,False,min,904,0.7608,na,0.012328624725341797,6767,34265,1000,True
scheduler_n10_s050_seed2.txt,Scheduler,10,RelaxPriority,2000,False,min,1153,1.2919,na,0.02601170539855957,12767,59070,2000,True
scheduler_n10_s050_seed2.txt,Scheduler,10,RelaxPriority,5000,False,min,1348,1.9949,na,0.058377742767333984,27335,112766,5000,True
scheduler_n10_s050_seed2.txt,Scheduler,10,RelaxPriority,10000,False,min,1603,1.6772,na,0.09080028533935547,41313,160966,10000,True
scheduler_n10_s050_seed2.txt,Scheduler,10,RelaxPriority,20000,False,min,1693,0.7305,na,0.10608839988708496,47838,180492,13834,True
scheduler_n10_s050_seed2.txt,Scheduler,10,RelaxGrouping,500,True,min,178,0.0696,0.0067,0.003815889358520508,2398,13926,463,True
scheduler_n10_s050_seed2.txt,Scheduler,10,RelaxGrouping,1000,True,min,251,0.1287,0.0135,0.008130550384521484,4403,23938,918,True
scheduler_n10_s050_seed2.txt,Scheduler,10,RelaxGrouping,2000,True,min,251,0.2283,0.0273,0.015850543975830078,7490,38898,1877,True
scheduler_n10_s050_seed2.txt,Scheduler,10,RelaxGrouping,5000,True,min,377,0.5007,0.0956,0.044428348541259766,8726,49137,3377,True
scheduler_n10_s050_seed2.txt,Scheduler,10,RelaxGrouping,10000,True,min,956,0.8754,0.1885,0.011886119842529297,5069,29104,2288,True
scheduler_n10_s050_seed2.txt,Scheduler,10,RelaxGrouping,20000,True,min,1693,0.7278,0.1897,0.002007722854614258,1024,5120,252,True
scheduler_n10_s050_seed2.txt,Scheduler,10,RelaxGrouping,500,False,min,178,0.0749,na,0.0054399967193603516,3146,18402,485,True
scheduler_n10_s050_seed2.txt,Scheduler,10,RelaxGrouping,1000,False,min,251,0.1285,na,0.010795116424560547,6114,31605,937,True
scheduler_n10_s050_seed2.txt,Scheduler,10,RelaxGrouping,2000,False,min,251,0.2286,na,0.021839618682861328,11827,55019,1999,True
scheduler_n10_s050_seed2.txt,Scheduler,10,RelaxGrouping,5000,False,min,377,0.4927,na,0.13033080101013184,27688,121832,4949,True
scheduler_n10_s050_seed2.txt,Scheduler,10,RelaxGrouping,10000,False,min,955,0.8388,na,0.10023212432861328,45848,193605,9728,True
scheduler_n10_s050_seed2.txt,Scheduler,10,RelaxGrouping,20000,False,min,1693,0.7761,na,0.11867237091064453,47838,180492,13834,True
scheduler_n10_s050_seed3.txt,Scheduler,10,Exact,2147483646,True,min,2112,1.385,0.3089,0.0022101402282714844,1024,5120,252,True
scheduler_n10_s050_seed3.txt,Scheduler,10,Exact,2147483646,False,min,2111,1.3407,na,0.18255138397216797,69157,255118,20685,True
scheduler_n10_s050_seed3.txt,Scheduler,10,Restricted,500,True,min,2160,0.0489,0.0033,0.0009164810180664062,1230,2710,307,True
scheduler_n10_s050_seed3.txt,Scheduler,10,Restricted,1000,True,min,2138,0.1092,0.0089,0.002034902572631836,2118,5227,624,True
scheduler_n10_s050_seed3.txt,Scheduler,10,Restricted,2000,True,min,2112,0.1836,0.0232,0.004422664642333984,3471,9521,1187,True
scheduler_n10_s050_seed3.txt,Scheduler,10,Restricted,5000,True,min,2112,0.4968,0.0707,0.010531187057495117,6422,21377,2410,True
scheduler_n10_s050_seed3.txt,Scheduler,10,Restricted,10000,True,min,2112,0.7687,0.149,0.010906457901000977,5879,25548,3087,True
scheduler_n10_s050_seed3.txt,Scheduler,10,Restricted,20000,True,min,2112,1.2758,0.2767,0.004106760025024414,1988,10409,627,True
scheduler_n10_s050_seed3.txt,Scheduler,10,Restricted,500,False,min,2160,0.0495,na,0.0020661354064941406,2723,5458,500,True
scheduler_n10_s050_seed3.txt,Scheduler,10,Restricted,1000,False,min,2138,0.1034,na,0.0049932003021240234,5521,12388,1000,True
scheduler_n10_s050_seed3.txt,Scheduler,10,Restricted,2000,False,min,2112,0.1674,na,0.03282308578491211,10706,26253,2000,True
scheduler_n10_s050_seed3.txt,Scheduler,10,Restricted,5000,False,min,2111,0.473,na,0.04753422737121582,23600,67876,5000,True
scheduler_n10_s050_seed3.txt,Scheduler,10,Restricted,10000,False,min,2111,0.7852,na,0.10069489479064941,42967,140386,10000,True
scheduler_n10_s050_seed3.txt,Scheduler,10,Restricted,20000,False,min,2111,1.2918,na,0.17060303688049316,67645,248773,20000,True
scheduler_n10_s050_seed3.txt,Scheduler,10,RelaxPriority,500,True,min,919,0.4805,0.0084,0.0033354759216308594,1976,11282,348,True
scheduler_n10_s050_seed3.txt,Scheduler,10,RelaxPriority,1000,True,min,950,0.8467,0.0156,0.006562709808349609,3765,19885,767,True
scheduler_n10_s050_seed3.txt,Scheduler,10,RelaxPriority,2000,True,min,1266,1.6684,0.0367,0.013602495193481445,5871,30653,1494,True
scheduler_n10_s050_seed3.txt,Scheduler,10,RelaxPriority,5000,True,min,1445,4.2609,0.0955,0.018999814987182617,7372,40823,2647,True
scheduler_n10_s050_seed3.txt,Scheduler,10,RelaxPriority,20000,True,min,2112,1.3423,0.2749,0.004729747772216797,2201,12524,679,True
scheduler_n10_s050_seed3.txt,Scheduler,10,RelaxPriority,10000,True,min,1587,3.6714,0.1758,0.01761651039123535,6948,39938,3302,True
scheduler_n10_s050_seed3.txt,Scheduler,10,RelaxPriority,500,False,min,919,0.5054,na,0.006144285202026367,3602,18905,500,True
scheduler_n10_s050_seed3.txt,Scheduler,10,RelaxPriority,1000,False,min,950,0.8616,na,0.011217117309570312,6786,32615,1000,True
scheduler_n10_s050_seed3.txt,Scheduler,10,RelaxPriority,2000,False,min,1266,1.5912,na,0.021215200424194336,12786,55529,2000,True
scheduler_n10_s050_seed3.txt,Scheduler,10,RelaxPriority,5000,False,min,1445,4.293,na,0.13502049446105957,26912,110360,5000,True
scheduler_n10_s050_seed3.txt,Scheduler,10,RelaxPriority,20000,False,min,2111,1.3356,na,0.167572021484375,68491,255835,20000,True
scheduler_n10_s050_seed3.txt,Scheduler,10,RelaxPriority,10000,False,min,1587,3.5632,na,0.10444355010986328,45264,176618,10000,True
scheduler_n10_s050_seed3.txt,Scheduler,10,RelaxGrouping,500,True,min,325,0.0698,0.0067,0.0034956932067871094,2123,12635,446,True
scheduler_n10_s050_seed3.txt,Scheduler,10,RelaxGrouping,1000,True,min,414,0.1269,0.013,0.0072307586669921875,4214,23083,908,True
scheduler_n10_s050_seed3.txt,Scheduler,10,RelaxGrouping,2000,True,min,414,0.2363,0.0275,0.015266180038452148,7569,38862,1837,True
scheduler_n10_s050_seed3.txt,Scheduler,10,RelaxGrouping,5000,True,min,696,0.6081,0.088,0.028650760650634766,11016,61022,4440,True
scheduler_n10_s050_seed3.txt,Scheduler,10,RelaxGrouping,20000,True,min,1364,1.3302,0.2962,0.007024526596069336,3143,17730,890,True
scheduler_n10_s050_seed3.txt,Scheduler,10,RelaxGrouping,500,False,min,325,0.0713,na,0.005225419998168945,3164,18256,485,True
scheduler_n10_s050_seed3.txt,Scheduler,10,RelaxGrouping,1000,False,min,414,0.1385,na,0.011411905288696289,6371,32233,947,True
scheduler_n10_s050_seed3.txt,Scheduler,10,RelaxGrouping,2000,False,min,414,0.2396,na,0.022495031356811523,11691,54513,1918,True
scheduler_n10_s050_seed3.txt,Scheduler,10,RelaxGrouping,5000,False,min,696,0.5972,na,0.06343364715576172,28509,124381,4998,True
scheduler_n10_s050_seed3.txt,Scheduler,10,RelaxGrouping,20000,False,min,1364,1.3159,na,0.17887425422668457,70382,267398,19736,True
scheduler_n10_s050_seed4.txt,Scheduler,10,Exact,2147483646,True,min,962,0.7843,0.2079,0.0019140243530273438,1024,5120,252,True
scheduler_n10_s050_seed4.txt,Scheduler,10,Exact,2147483646,False,min,962,1.4391,na,0.32716917991638184,50308,188043,14565,True
scheduler_n10_s050_seed4.txt,Scheduler,10,Restricted,500,True,min,962,0.3782,0.0039,0.0010421276092529297,1463,3500,388,True
scheduler_n10_s050_seed4.txt,Scheduler,10,Restricted,1000,True,min,962,0.6355,0.0094,0.015328645706176758,2218,5986,711,True
scheduler_n10_s050_seed4.txt,Scheduler,10,Restricted,2000,True,min,962,0.1712,0.025,0.0045659542083740234,3576,10949,1284,True
scheduler_n10_s050_seed4.txt,Scheduler,10,Restricted,5000,True,min,962,0.4773,0.0844,0.010359048843383789,5734,21663,2498,True
scheduler_n10_s050_seed4.txt,Scheduler,10,Restricted,10000,True,min,962,0.7687,0.1467,0.010266542434692383,5050,24340,2565,True
scheduler_n10_s050_seed4.txt,Scheduler,10,Restricted,20000,True,min,962,0.8472,0.2132,0.0020885467529296875,1024,5120,252,True
scheduler_n10_s050_seed4.txt,Scheduler,10,Restricted,500,False,min,962,0.0448,na,0.002735137939453125,3056,6615,500,True
scheduler_n10_s050_seed4.txt,Scheduler,10,Restricted,1000,False,min,962,0.0929,na,0.00593113899230957,5857,14029,1000,True
scheduler_n10_s050_seed4.txt,Scheduler,10,Restricted,2000,False,min,962,0.1591,na,0.013657569885253906,10877,28682,2000,True
scheduler_n10_s050_seed4.txt,Scheduler,10,Restricted,5000,False,min,962,0.4452,na,0.045073747634887695,23741,73825,5000,True
scheduler_n10_s050_seed4.txt,Scheduler,10,Restricted,10000,False,min,962,0.73,na,0.09181404113769531,40066,140403,10000,True
scheduler_n10_s050_seed4.txt,Scheduler,10,Restricted,20000,False,min,962,0.859,na,0.12732315063476562,50308,188043,14565,True
scheduler_n10_s050_seed4.txt,Scheduler,10,RelaxPriority,500,True,min,337,0.3498,0.0087,0.003085613250732422,2003,11293,423,True
scheduler_n10_s050_seed4.txt,Scheduler,10,RelaxPriority,1000,True,min,370,0.6718,0.016,0.006757259368896484,3671,19733,828,True
scheduler_n10_s050_seed4.txt,Scheduler,10,RelaxPriority,2000,True,min,427,1.2283,0.0361,0.03208732604980469,6500,33508,1769,True
scheduler_n10_s050_seed4.txt,Scheduler,10,RelaxPriority,5000,True,min,570,2.2663,0.0893,0.015479326248168945,6762,38094,2594,True
scheduler_n10_s050_seed4.txt,Scheduler,10,RelaxPriority,10000,True,min,763,2.1918,0.1581,0.01190185546875,5292,30442,2573,True
scheduler_n10_s050_seed4.txt,Scheduler,10,RelaxPriority,20000,True,min,962,0.7751,0.1945,0.0018262863159179688,1024,5120,252,True
scheduler_n10_s050_seed4.txt,Scheduler,10,RelaxPriority,500,False,min,337,0.3444,na,0.005110263824462891,3602,18322,500,True
scheduler_n10_s050_seed4.txt,Scheduler,10,RelaxPriority,1000,False,min,370,0.6669,na,0.010607481002807617,6755,32743,1000,True
scheduler_n10_s050_seed4.txt,Scheduler,10,RelaxPriority,2000,False,min,427,1.2261,na,0.04562211036682129,12755,56198,2000,True
scheduler_n10_s050_seed4.txt,Scheduler,10,RelaxPriority,5000,False,min,570,2.2024,na,0.05181765556335449,26324,107341,5000,True
scheduler_n10_s050_seed4.txt,Scheduler,10,RelaxPriority,10000,False,min,763,2.1435,na,0.09387588500976562,42054,163100,10000,True
scheduler_n10_s050_seed4.txt,Scheduler,10,RelaxPriority,20000,False,min,962,0.7717,na,0.10924339294433594,50308,188043,14565,True
scheduler_n10_s050_seed4.txt,Scheduler,10,RelaxGrouping,500,True,min,175,0.0689,0.0067,0.0034596920013427734,2170,12763,455,True
scheduler_n10_s050_seed4.txt,Scheduler,10,RelaxGrouping,1000,True,min,202,0.1248,0.0133,0.007409572601318359,4376,23724,960,True
scheduler_n10_s050_seed4.txt,Scheduler,10,RelaxGrouping,2000,True,min,202,0.2163,0.0254,0.01490926742553711,7193,37504,1896,True
scheduler_n10_s050_seed4.txt,Scheduler,10,RelaxGrouping,5000,True,min,291,0.4816,0.0912,0.05021262168884277,9954,54675,3724,True
scheduler_n10_s050_seed4.txt,Scheduler,10,RelaxGrouping,10000,True,min,544,0.8543,0.1774,0.012798786163330078,5843,33515,2692,True
scheduler_n10_s050_seed4.txt,Scheduler,10,RelaxGrouping,20000,True,min,962,0.7576,0.1956,0.0018191337585449219,1024,5120,252,True
scheduler_n10_s050_seed4.txt,Scheduler,10,RelaxGrouping,500,False,min,172,0.0691,na,0.005228757858276367,3043,17583,479,True
scheduler_n10_s050_seed4.txt,Scheduler,10,RelaxGrouping,1000,False,min,202,0.1239,na,0.010689496994018555,6215,31892,966,True
scheduler_n10_s050_seed4.txt,Scheduler,10,RelaxGrouping,2000,False,min,202,0.2106,na,0.0191497802734375,11656,53449,1896,True
scheduler_n10_s050_seed4.txt,Scheduler,10,RelaxGrouping,5000,False,min,288,0.4847,na,0.12627577781677246,27900,121947,4957,True
scheduler_n10_s050_seed4.txt,Scheduler,10,RelaxGrouping,10000,False,min,516,0.86,na,0.10310792922973633,46085,196435,9938,True
scheduler_n10_s050_seed4.txt,Scheduler,10,RelaxGrouping,20000,False,min,962,0.7764,na,0.11433529853820801,50308,188043,14565,True
scheduler_n10_s050_seed5.txt,Scheduler,10,Exact,2147483646,True,min,1024,0.9187,0.2238,0.0020401477813720703,1024,5120,252,True
scheduler_n10_s050_seed5.txt,Scheduler,10,Exact,2147483646,False,min,1024,0.8874,na,0.11623120307922363,51720,193696,15020,True
scheduler_n10_s050_seed5.txt,Scheduler,10,Restricted,500,True,min,1024,0.0448,0.0038,0.0010426044464111328,1358,3374,405,True
scheduler_n10_s050_seed5.txt,Scheduler,10,Restricted,1000,True,min,1024,0.0928,0.0091,0.002048969268798828,2294,6262,748,True
scheduler_n10_s050_seed5.txt,Scheduler,10,Restricted,2000,True,min,1024,0.1558,0.0223,0.0038793087005615234,3352,10246,1276,True
scheduler_n10_s050_seed5.txt,Scheduler,10,Restricted,5000,True,min,1024,0.4212,0.0682,0.007657051086425781,4852,18693,2331,True
scheduler_n10_s050_seed5.txt,Scheduler,10,Restricted,10000,True,min,1024,0.7174,0.1456,0.010309219360351562,4870,23512,2516,True
scheduler_n10_s050_seed5.txt,Scheduler,10,Restricted,20000,True,min,1024,0.8979,0.2068,0.001909494400024414,1024,5120,252,True
scheduler_n10_s050_seed5.txt,Scheduler,10,Restricted,500,False,min,1024,0.0456,na,0.0025017261505126953,3073,6913,500,True
scheduler_n10_s050_seed5.txt,Scheduler,10,Restricted,1000,False,min,1024,0.0925,na,0.006402730941772461,5874,14380,1000,True
scheduler_n10_s050_seed5.txt,Scheduler,10,Restricted,2000,False,min,1024,0.1572,na,0.014499187469482422,11013,29416,2000,True
scheduler_n10_s050_seed5.txt,Scheduler,10,Restricted,5000,False,min,1024,0.4357,na,0.04415559768676758,24021,74552,5000,True
scheduler_n10_s050_seed5.txt,Scheduler,10,Restricted,10000,False,min,1024,0.7336,na,0.10123920440673828,40581,141382,10000,True
scheduler_n10_s050_seed5.txt,Scheduler,10,Restricted,20000,False,min,1024,0.9107,na,0.1189413070678711,51720,193696,15020,True
scheduler_n10_s050_seed5.txt,Scheduler,10,RelaxPriority,500,True,min,332,0.4134,0.0081,0.002973318099975586,1923,11334,387,True
scheduler_n10_s050_seed5.txt,Scheduler,10,RelaxPriority,1000,True,min,463,0.6977,0.0158,0.00640106201171875,3516,19330,801,True
scheduler_n10_s050_seed5.txt,Scheduler,10,RelaxPriority,2000,True,min,534,1.2368,0.0333,0.013129472732543945,6585,34132,1799,True
scheduler_n10_s050_seed5.txt,Scheduler,10,RelaxPriority,5000,True,min,743,2.2889,0.0873,0.013029336929321289,5844,33636,2545,True
scheduler_n10_s050_seed5.txt,Scheduler,10,RelaxPriority,10000,True,min,904,2.1713,0.1632,0.012597084045410156,5230,30175,2583,True
scheduler_n10_s050_seed5.txt,Scheduler,10,RelaxPriority,20000,True,min,1024,0.922,0.2053,0.0019240379333496094,1024,5120,252,True
scheduler_n10_s050_seed5.txt,Scheduler,10,RelaxPriority,500,False,min,332,0.4189,na,0.005690097808837891,3602,19376,500,True
scheduler_n10_s050_seed5.txt,Scheduler,10,RelaxPriority,1000,False,min,463,0.7098,na,0.010656356811523438,6767,33415,1000,True
scheduler_n10_s050_seed5.txt,Scheduler,10,RelaxPriority,2000,False,min,534,1.29,na,0.02237105369567871,12767,58173,2000,True
scheduler_n10_s050_seed5.txt,Scheduler,10,RelaxPriority,5000,False,min,743,2.3283,na,0.06109929084777832,27004,110082,5000,True
scheduler_n10_s050_seed5.txt,Scheduler,10,RelaxPriority,10000,False,min,904,2.1888,na,0.09435844421386719,42323,164141,10000,True
scheduler_n10_s050_seed5.txt,Scheduler,10,RelaxPriority,20000,False,min,1024,0.9022,na,0.11850094795227051,51720,193696,15020,True
scheduler_n10_s050_seed5.txt,Scheduler,10,RelaxGrouping,500,True,min,184,0.0696,0.0068,0.003708362579345703,2239,13147,472,True
scheduler_n10_s050_seed5.txt,Scheduler,10,RelaxGrouping,1000,True,min,234,0.1271,0.0129,0.007754325866699219,4097,22851,895,True
scheduler_n10_s050_seed5.txt,Scheduler,10,RelaxGrouping,5000,True,min,283,0.4947,0.0938,0.04726266860961914,9534,53297,3706,True
scheduler_n10_s050_seed5.txt,Scheduler,10,RelaxGrouping,10000,True,min,399,0.93,0.1937,0.01218867301940918,5380,31117,2601,True
scheduler_n10_s050_seed5.txt,Scheduler,10,RelaxGrouping,20000,True,min,1024,0.9141,0.2108,0.0020170211791992188,1024,5120,252,True
scheduler_n10_s050_seed5.txt,Scheduler,10,RelaxGrouping,500,False,min,184,0.0725,na,0.005464076995849609,3092,18161,472,True
scheduler_n10_s050_seed5.txt,Scheduler,10,RelaxGrouping,1000,False,min,221,0.132,na,0.01100611686706543,6048,31633,980,True
scheduler_n10_s050_seed5.txt,Scheduler,10,RelaxGrouping,5000,False,min,283,0.4923,na,0.12938284873962402,27499,121584,4958,True
scheduler_n10_s050_seed5.txt,Scheduler,10,RelaxGrouping,10000,False,min,399,0.9318,na,0.1132662296295166,49143,214699,9937,True
scheduler_n10_s050_seed5.txt,Scheduler,10,RelaxGrouping,20000,False,min,1024,0.9379,na,0.12317943572998047,51720,193696,15020,True
scheduler_n10_s100_seed1.txt,Scheduler,10,Exact,2147483646,True,min,1416,1.7291,0.375,0.002172708511352539,1024,5120,252,True
scheduler_n10_s100_seed1.txt,Scheduler,10,Exact,2147483646,False,min,1416,1.7587,na,0.22771906852722168,86686,313050,26168,True
scheduler_n10_s100_seed1.txt,Scheduler,10,Restricted,500,True,min,1467,0.0495,0.0026,0.0006537437438964844,1006,1947,258,True
scheduler_n10_s100_seed1.txt,Scheduler,10,Restricted,1000,True,min,1416,0.1033,0.0065,0.0016062259674072266,1969,4300,560,True
scheduler_n10_s100_seed1.txt,Scheduler,10,Restricted,2000,True,min,1416,0.211,0.0183,0.004005908966064453,3664,9081,1197,True
scheduler_n10_s100_seed1.txt,Scheduler,10,Restricted,5000,True,min,1416,0.4828,0.0593,0.008713006973266602,6195,19459,2688,True
scheduler_n10_s100_seed1.txt,Scheduler,10,Restricted,10000,True,min,1416,0.9989,0.1468,0.018181800842285156,9573,36040,4511,True
scheduler_n10_s100_seed1.txt,Scheduler,10,Restricted,20000,True,min,1416,1.3733,0.2922,0.01075291633605957,5194,25097,2439,True
scheduler_n10_s100_seed1.txt,Scheduler,10,Restricted,500,False,min,1467,0.0495,na,0.00144195556640625,2409,4299,500,True
scheduler_n10_s100_seed1.txt,Scheduler,10,Restricted,1000,False,min,1416,0.1012,na,0.003885507583618164,4845,9573,1000,True
scheduler_n10_s100_seed1.txt,Scheduler,10,Restricted,2000,False,min,1416,0.203,na,0.011385917663574219,9834,21813,2000,True
scheduler_n10_s100_seed1.txt,Scheduler,10,Restricted,5000,False,min,1416,0.4686,na,0.03928875923156738,22862,60223,5000,True
scheduler_n10_s100_seed1.txt,Scheduler,10,Restricted,10000,False,min,1416,0.9564,na,0.09010553359985352,42074,128437,10000,True
scheduler_n10_s100_seed1.txt,Scheduler,10,RelaxPriority,500,True,min,368,0.4506,0.0075,0.003063201904296875,2046,10903,350,True
scheduler_n10_s100_seed1.txt,Scheduler,10,Restricted,20000,False,min,1416,1.3577,na,0.17557883262634277,72278,252701,20000,True
scheduler_n10_s100_seed1.txt,Scheduler,10,RelaxPriority,1000,True,min,399,0.9294,0.0145,0.0062487125396728516,3561,18386,715,True
scheduler_n10_s100_seed1.txt,Scheduler,10,RelaxPriority,2000,True,min,504,2.0949,0.0314,0.009567499160766602,5030,26839,1356,True
scheduler_n10_s100_seed1.txt,Scheduler,10,RelaxPriority,5000,True,min,600,6.2946,0.0879,0.01706719398498535,7496,40884,2998,True
scheduler_n10_s100_seed1.txt,Scheduler,10,RelaxPriority,20000,True,min,1057,3.1145,0.2838,0.012312889099121094,5533,31562,2470,True
scheduler_n10_s100_seed1.txt,Scheduler,10,RelaxPriority,10000,True,min,835,5.5615,0.1635,0.0256195068359375,10631,58002,4843,True
scheduler_n10_s100_seed1.txt,Scheduler,10,RelaxPriority,500,False,min,368,0.436,na,0.005232810974121094,3602,17116,500,True
scheduler_n10_s100_seed1.txt,Scheduler,10,RelaxPriority,1000,False,min,415,0.9269,na,0.010008811950683594,6791,30543,1000,True
scheduler_n10_s100_seed1.txt,Scheduler,10,RelaxPriority,2000,False,min,504,2.0564,na,0.019468069076538086,12722,53007,2000,True
scheduler_n10_s100_seed1.txt,Scheduler,10,RelaxPriority,5000,False,min,600,6.1328,na,0.0553591251373291,27096,108257,5000,True
scheduler_n10_s100_seed1.txt,Scheduler,10,RelaxPriority,20000,False,min,1051,3.1684,na,0.18327617645263672,74051,274835,20000,True
scheduler_n10_s100_seed1.txt,Scheduler,10,RelaxPriority,10000,False,min,835,5.5855,na,0.1022944450378418,45206,174717,10000,True
scheduler_n10_s100_seed1.txt,Scheduler,10,RelaxGrouping,500,True,min,218,0.0707,0.0063,0.0033845901489257812,2298,12902,463,True
scheduler_n10_s100_seed1.txt,Scheduler,10,RelaxGrouping,1000,True,min,269,0.1229,0.0113,0.0065517425537109375,4341,22769,972,True
scheduler_n10_s100_seed1.txt,Scheduler,10,RelaxGrouping,2000,True,min,269,0.223,0.0217,0.011449813842773438,6699,35861,1906,True
scheduler_n10_s100_seed1.txt,Scheduler,10,RelaxGrouping,5000,True,min,393,0.522,0.0816,0.02306962013244629,10420,57357,4240,True
scheduler_n10_s100_seed1.txt,Scheduler,10,RelaxGrouping,10000,True,min,393,0.962,0.1691,0.03481769561767578,13993,75319,7784,True
scheduler_n10_s100_seed1.txt,Scheduler,10,RelaxGrouping,20000,True,min,607,1.5075,0.3152,0.013687372207641602,6367,36085,2732,True
scheduler_n10_s100_seed1.txt,Scheduler,10,RelaxGrouping,500,False,min,218,0.0709,na,0.004869699478149414,3174,17341,480,True
scheduler_n10_s100_seed1.txt,Scheduler,10,RelaxGrouping,1000,False,min,269,0.1235,na,0.009062767028808594,6225,29332,991,True
scheduler_n10_s100_seed1.txt,Scheduler,10,RelaxGrouping,2000,False,min,269,0.2221,na,0.017501115798950195,11940,51745,1987,True
scheduler_n10_s100_seed1.txt,Scheduler,10,RelaxGrouping,5000,False,min,393,0.5485,na,0.05464458465576172,27691,121305,4929,True
scheduler_n10_s100_seed1.txt,Scheduler,10,RelaxGrouping,10000,False,min,393,0.9701,na,0.09984064102172852,46009,186450,9785,True
scheduler_n10_s100_seed1.txt,Scheduler,10,RelaxGrouping,20000,False,min,607,1.528,na,0.1905372142791748,79543,317056,19177,True
scheduler_n10_s100_seed2.txt,Scheduler,10,Exact,2147483646,True,min,1918,1.1881,0.2567,0.0019295215606689453,1024,5120,252,True
scheduler_n10_s100_seed2.txt,Scheduler,10,Exact,2147483646,False,min,1918,1.1408,na,0.14530706405639648,65570,242038,19473,True
scheduler_n10_s100_seed2.txt,Scheduler,10,Restricted,500,True,min,1950,0.046,0.0032,0.0008907318115234375,1261,2901,384,True
scheduler_n10_s100_seed2.txt,Scheduler,10,Restricted,1000,True,min,1950,0.0921,0.0075,0.001809835433959961,2151,5628,721,True
scheduler_n10_s100_seed2.txt,Scheduler,10,Restricted,2000,True,min,1918,0.1521,0.0178,0.003396272659301758,3274,9605,1228,True
scheduler_n10_s100_seed2.txt,Scheduler,10,Restricted,5000,True,min,1918,0.4066,0.0589,0.008804798126220703,6225,21579,2639,True
scheduler_n10_s100_seed2.txt,Scheduler,10,Restricted,10000,True,min,1918,0.6892,0.1342,0.010408163070678711,6021,25301,2958,True
scheduler_n10_s100_seed2.txt,Scheduler,10,Restricted,20000,True,min,1918,1.1375,0.2464,0.0018544197082519531,1024,5120,252,True
scheduler_n10_s100_seed2.txt,Scheduler,10,Restricted,500,False,min,1937,0.046,na,0.002080678939819336,2889,5967,500,True
scheduler_n10_s100_seed2.txt,Scheduler,10,Restricted,1000,False,min,1937,0.0927,na,0.005301475524902344,5608,12827,1000,True
scheduler_n10_s100_seed2.txt,Scheduler,10,Restricted,2000,False,min,1918,0.1562,na,0.012600183486938477,10696,26834,2000,True
scheduler_n10_s100_seed2.txt,Scheduler,10,Restricted,5000,False,min,1918,0.413,na,0.037430524826049805,23237,67971,5000,True
scheduler_n10_s100_seed2.txt,Scheduler,10,Restricted,10000,False,min,1918,0.7158,na,0.08758687973022461,42387,140216,10000,True
scheduler_n10_s100_seed2.txt,Scheduler,10,Restricted,20000,False,min,1918,1.1546,na,0.14701390266418457,65570,242038,19473,True
scheduler_n10_s100_seed2.txt,Scheduler,10,RelaxPriority,500,True,min,884,0.3983,0.008,0.0030710697174072266,1954,11024,399,True
scheduler_n10_s100_seed2.txt,Scheduler,10,RelaxPriority,1000,True,min,952,0.749,0.0154,0.005901813507080078,3581,19122,828,True
scheduler_n10_s100_seed2.txt,Scheduler,10,RelaxPriority,2000,True,min,1269,1.5535,0.0337,0.012535333633422852,6014,31134,1670,True
scheduler_n10_s100_seed2.txt,Scheduler,10,RelaxPriority,5000,True,min,1389,3.7262,0.0871,0.015876293182373047,7014,39083,2751,True
scheduler_n10_s100_seed2.txt,Scheduler,10,RelaxPriority,10000,True,min,1587,3.2516,0.1672,0.01578211784362793,6653,38205,3156,True
scheduler_n10_s100_seed2.txt,Scheduler,10,RelaxPriority,20000,True,min,1918,1.1658,0.2607,0.00191497802734375,1024,5120,252,True
scheduler_n10_s100_seed2.txt,Scheduler,10,RelaxPriority,500,False,min,884,0.3993,na,0.005309343338012695,3602,18334,500,True
scheduler_n10_s100_seed2.txt,Scheduler,10,RelaxPriority,1000,False,min,952,0.7519,na,0.010089874267578125,6776,32499,1000,True
scheduler_n10_s100_seed2.txt,Scheduler,10,RelaxPriority,2000,False,min,1269,1.5177,na,0.020308494567871094,12776,55430,2000,True
scheduler_n10_s100_seed2.txt,Scheduler,10,RelaxPriority,5000,False,min,1389,3.6633,na,0.05090808868408203,26480,106896,5000,True
scheduler_n10_s100_seed2.txt,Scheduler,10,RelaxPriority,10000,False,min,1587,3.2114,na,0.09785056114196777,45834,177496,10000,True
scheduler_n10_s100_seed2.txt,Scheduler,10,RelaxPriority,20000,False,min,1918,1.1396,na,0.1490938663482666,65570,242038,19473,True
scheduler_n10_s100_seed2.txt,Scheduler,10,RelaxGrouping,500,True,min,184,0.0709,0.0066,0.0033903121948242188,2211,13056,465,True
scheduler_n10_s100_seed2.txt,Scheduler,10,RelaxGrouping,1000,True,min,276,0.1209,0.0116,0.006748199462890625,4390,23535,907,True
scheduler_n10_s100_seed2.txt,Scheduler,10,RelaxGrouping,2000,True,min,276,0.2161,0.0243,0.013307809829711914,7772,39536,1867,True
scheduler_n10_s100_seed2.txt,Scheduler,10,RelaxGrouping,5000,True,min,436,0.5113,0.0782,0.0211181640625,10295,57372,4216,True
scheduler_n10_s100_seed2.txt,Scheduler,10,RelaxGrouping,10000,True,min,612,0.938,0.1767,0.014623641967773438,6850,39649,3437,True
scheduler_n10_s100_seed2.txt,Scheduler,10,RelaxGrouping,20000,True,min,1918,1.1283,0.2422,0.001859903335571289,1024,5120,252,True
scheduler_n10_s100_seed2.txt,Scheduler,10,RelaxGrouping,500,False,min,184,0.0705,na,0.0048046112060546875,3132,18029,465,True
scheduler_n10_s100_seed2.txt,Scheduler,10,RelaxGrouping,1000,False,min,276,0.1208,na,0.008890151977539062,6050,30933,921,True
scheduler_n10_s100_seed2.txt,Scheduler,10,RelaxGrouping,2000,False,min,276,0.2167,na,0.018927335739135742,11892,54854,1958,True
scheduler_n10_s100_seed2.txt,Scheduler,10,RelaxGrouping,5000,False,min,436,0.5282,na,0.05336928367614746,28115,124072,4998,True
scheduler_n10_s100_seed2.txt,Scheduler,10,RelaxGrouping,10000,False,min,612,0.9573,na,0.10341453552246094,50236,216356,9995,True
scheduler_n10_s100_seed2.txt,Scheduler,10,RelaxGrouping,20000,False,min,1918,1.1685,na,0.15825653076171875,65570,242038,19473,True
scheduler_n10_s100_seed3.txt,Scheduler,10,Exact,2147483646,True,min,2467,1.7983,0.4183,0.0020503997802734375,1024,5120,252,True
scheduler_n10_s100_seed3.txt,Scheduler,10,Exact,2147483646,False,min,2398,1.7973,na,0.24696111679077148,101800,362260,30939,True
scheduler_n10_s100_seed3.txt,Scheduler,10,Restricted,500,True,min,2398,0.0509,0.0024,0.0006117820739746094,980,1826,253,True
scheduler_n10_s100_seed3.txt,Scheduler,10,Restricted,1000,True,min,2398,0.1013,0.0058,0.001356363296508789,1861,3855,496,True
scheduler_n10_s100_seed3.txt,Scheduler,10,Restricted,2000,True,min,2398,0.2108,0.0159,0.003435373306274414,3587,8401,1071,True
scheduler_n10_s100_seed3.txt,Scheduler,10,Restricted,5000,True,min,2449,0.4696,0.0549,0.024158954620361328,6399,19137,2696,True
scheduler_n10_s100_seed3.txt,Scheduler,10,Restricted,10000,True,min,2433,0.9139,0.135,0.01712775230407715,10090,36527,4853,True
scheduler_n10_s100_seed3.txt,Scheduler,10,Restricted,500,False,min,2398,0.0513,na,0.0013082027435302734,2335,3821,500,True
scheduler_n10_s100_seed3.txt,Scheduler,10,Restricted,20000,True,min,2467,1.6763,0.2945,0.013106107711791992,6328,29786,3189,True
scheduler_n10_s100_seed3.txt,Scheduler,10,Restricted,1000,False,min,2398,0.1049,na,0.004282712936401367,4774,8530,1000,True
scheduler_n10_s100_seed3.txt,Scheduler,10,Restricted,2000,False,min,2398,0.2118,na,0.009656429290771484,9652,19501,2000,True
scheduler_n10_s100_seed3.txt,Scheduler,10,Restricted,5000,False,min,2398,0.5124,na,0.10729765892028809,23670,58509,5000,True
scheduler_n10_s100_seed3.txt,Scheduler,10,Restricted,10000,False,min,2398,0.9311,na,0.08644652366638184,42744,123438,10000,True
scheduler_n10_s100_seed3.txt,Scheduler,10,Restricted,20000,False,min,2398,1.6271,na,0.18744969367980957,76111,254869,20000,True
scheduler_n10_s100_seed3.txt,Scheduler,10,RelaxPriority,500,True,min,1026,0.4914,0.0073,0.002982616424560547,2043,10849,354,True
scheduler_n10_s100_seed3.txt,Scheduler,10,RelaxPriority,1000,True,min,1074,1.0745,0.0151,0.006489753723144531,3484,17939,694,True
scheduler_n10_s100_seed3.txt,Scheduler,10,RelaxPriority,2000,True,min,1175,2.3973,0.0312,0.009839057922363281,5027,26438,1302,True
scheduler_n10_s100_seed3.txt,Scheduler,10,RelaxPriority,5000,True,min,1588,8.0238,0.0943,0.018062591552734375,7648,41299,2968,True
scheduler_n10_s100_seed3.txt,Scheduler,10,RelaxPriority,10000,True,min,1720,8.0218,0.1761,0.029062986373901367,11404,61642,5230,True
scheduler_n10_s100_seed3.txt,Scheduler,10,RelaxPriority,500,False,min,1026,0.4907,na,0.005104780197143555,3602,16842,500,True
scheduler_n10_s100_seed3.txt,Scheduler,10,RelaxPriority,20000,True,min,2159,7.4752,0.3103,0.015700340270996094,6747,38482,3244,True
scheduler_n10_s100_seed3.txt,Scheduler,10,RelaxPriority,1000,False,min,1074,1.0704,na,0.011233806610107422,6803,30315,1000,True
scheduler_n10_s100_seed3.txt,Scheduler,10,RelaxPriority,2000,False,min,1175,2.4428,na,0.02170848846435547,12669,51563,2000,True
scheduler_n10_s100_seed3.txt,Scheduler,10,RelaxPriority,5000,False,min,1588,7.9257,na,0.058725833892822266,28024,109279,5000,True
scheduler_n10_s100_seed3.txt,Scheduler,10,RelaxPriority,10000,False,min,1720,8.3367,na,0.10608530044555664,46636,178722,10000,True
scheduler_n10_s100_seed3.txt,Scheduler,10,RelaxGrouping,500,True,min,413,0.0847,0.0071,0.003607034683227539,2310,13259,485,True
scheduler_n10_s100_seed3.txt,Scheduler,10,RelaxPriority,20000,False,min,2159,7.533,na,0.19662046432495117,79222,291476,20000,True
scheduler_n10_s100_seed3.txt,Scheduler,10,RelaxGrouping,1000,True,min,519,0.1325,0.0127,0.006834745407104492,4316,23144,911,True
scheduler_n10_s100_seed3.txt,Scheduler,10,RelaxGrouping,2000,True,min,519,0.2436,0.0266,0.014246463775634766,7480,38636,1899,True
scheduler_n10_s100_seed3.txt,Scheduler,10,RelaxGrouping,5000,True,min,836,0.6039,0.0872,0.02764296531677246,10912,60782,4609,True
scheduler_n10_s100_seed3.txt,Scheduler,10,RelaxGrouping,10000,True,min,1052,1.0424,0.1715,0.04027366638183594,14711,79117,8451,True
scheduler_n10_s100_seed3.txt,Scheduler,10,RelaxGrouping,500,False,min,413,0.0883,na,0.0054857730865478516,3284,18519,486,True
scheduler_n10_s100_seed3.txt,Scheduler,10,RelaxGrouping,20000,True,min,1548,1.8378,0.3556,0.01699995994567871,7297,41415,3316,True
scheduler_n10_s100_seed3.txt,Scheduler,10,RelaxGrouping,1000,False,min,519,0.1307,na,0.009444475173950195,6207,31033,944,True
scheduler_n10_s100_seed3.txt,Scheduler,10,RelaxGrouping,2000,False,min,519,0.2385,na,0.02103400230407715,12067,53646,1991,True
scheduler_n10_s100_seed3.txt,Scheduler,10,RelaxGrouping,5000,False,min,836,0.6048,na,0.12340974807739258,29265,126376,4977,True
scheduler_n10_s100_seed3.txt,Scheduler,10,RelaxGrouping,10000,False,min,1052,1.0147,na,0.10497188568115234,47427,194234,9789,True
scheduler_n10_s100_seed3.txt,Scheduler,10,RelaxGrouping,20000,False,min,1548,1.8176,na,0.20313572883605957,87213,350230,20000,True
scheduler_n10_s100_seed4.txt,Scheduler,10,Exact,2147483646,True,min,1132,1.2453,0.2817,0.0018711090087890625,1024,5120,252,True
scheduler_n10_s100_seed4.txt,Scheduler,10,Restricted,500,True,min,1118,0.0475,0.0033,0.0009999275207519531,1429,3207,372,True
scheduler_n10_s100_seed4.txt,Scheduler,10,Exact,2147483646,False,min,1106,1.2462,na,0.16572356224060059,70756,259769,21063,True
scheduler_n10_s100_seed4.txt,Scheduler,10,Restricted,1000,True,min,1109,0.0964,0.0076,0.002018451690673828,2492,6174,751,True
scheduler_n10_s100_seed4.txt,Scheduler,10,Restricted,2000,True,min,1109,0.1565,0.0174,0.003926753997802734,3999,11240,1483,True
scheduler_n10_s100_seed4.txt,Scheduler,10,Restricted,5000,True,min,1109,0.42,0.0578,0.009546279907226562,7086,24020,3069,True
scheduler_n10_s100_seed4.txt,Scheduler,10,Restricted,10000,True,min,1132,0.6887,0.1304,0.012145519256591797,7552,31369,3359,True
scheduler_n10_s100_seed4.txt,Scheduler,10,Restricted,20000,True,min,1132,1.1884,0.2574,0.004138469696044922,2291,11855,757,True
scheduler_n10_s100_seed4.txt,Scheduler,10,Restricted,500,False,min,1116,0.0469,na,0.0020546913146972656,2940,5817,500,True
scheduler_n10_s100_seed4.txt,Scheduler,10,Restricted,1000,False,min,1106,0.0945,na,0.004457712173461914,5642,12376,1000,True
scheduler_n10_s100_seed4.txt,Scheduler,10,Restricted,2000,False,min,1106,0.1602,na,0.027555227279663086,10784,26478,2000,True
scheduler_n10_s100_seed4.txt,Scheduler,10,Restricted,5000,False,min,1106,0.4137,na,0.036124467849731445,23657,67734,5000,True
scheduler_n10_s100_seed4.txt,Scheduler,10,Restricted,10000,False,min,1106,0.6958,na,0.08513283729553223,42559,139608,10000,True
scheduler_n10_s100_seed4.txt,Scheduler,10,Restricted,20000,False,min,1106,1.172,na,0.14247608184814453,68359,250082,20000,True
scheduler_n10_s100_seed4.txt,Scheduler,10,RelaxPriority,500,True,min,418,0.4446,0.0081,0.003167390823364258,2149,12051,399,True
scheduler_n10_s100_seed4.txt,Scheduler,10,RelaxPriority,1000,True,min,420,0.7695,0.0146,0.0059261322021484375,3968,20420,843,True
scheduler_n10_s100_seed4.txt,Scheduler,10,RelaxPriority,2000,True,min,549,1.5879,0.0297,0.011172056198120117,6105,31775,1674,True
scheduler_n10_s100_seed4.txt,Scheduler,10,RelaxPriority,20000,True,min,1132,1.2936,0.2637,0.00520634651184082,2507,14220,790,True
scheduler_n10_s100_seed4.txt,Scheduler,10,RelaxPriority,5000,True,min,664,4.2563,0.0867,0.01747608184814453,8039,44122,3286,True
scheduler_n10_s100_seed4.txt,Scheduler,10,RelaxPriority,500,False,min,418,0.4466,na,0.005259037017822266,3602,18701,500,True
scheduler_n10_s100_seed4.txt,Scheduler,10,RelaxPriority,10000,True,min,835,3.5279,0.1573,0.018484115600585938,8277,46297,3495,True
scheduler_n10_s100_seed4.txt,Scheduler,10,RelaxPriority,1000,False,min,420,0.7647,na,0.009853124618530273,6786,31529,1000,True
scheduler_n10_s100_seed4.txt,Scheduler,10,RelaxPriority,2000,False,min,549,1.5678,na,0.0185086727142334,12786,54915,2000,True
scheduler_n10_s100_seed4.txt,Scheduler,10,RelaxPriority,20000,False,min,1106,1.2857,na,0.16071724891662598,69245,257796,20000,True
scheduler_n10_s100_seed4.txt,Scheduler,10,RelaxGrouping,500,True,min,181,0.0694,0.0061,0.003771543502807617,2437,13279,482,True
scheduler_n10_s100_seed4.txt,Scheduler,10,RelaxPriority,5000,False,min,662,4.2814,na,0.11680078506469727,27019,110237,5000,True
scheduler_n10_s100_seed4.txt,Scheduler,10,RelaxPriority,10000,False,min,833,3.5547,na,0.08994650840759277,44232,170365,10000,True
scheduler_n10_s100_seed4.txt,Scheduler,10,RelaxGrouping,1000,True,min,206,0.1206,0.0112,0.0065822601318359375,4285,22963,947,True
scheduler_n10_s100_seed4.txt,Scheduler,10,RelaxGrouping,2000,True,min,206,0.2043,0.0224,0.010533332824707031,6337,33747,1725,True
scheduler_n10_s100_seed4.txt,Scheduler,10,RelaxGrouping,5000,True,min,386,0.4994,0.0777,0.020878076553344727,10325,56780,4428,True
scheduler_n10_s100_seed4.txt,Scheduler,10,RelaxGrouping,10000,True,min,380,1.0272,0.1862,0.01826167106628418,7487,43159,3764,True
scheduler_n10_s100_seed4.txt,Scheduler,10,RelaxGrouping,500,False,min,181,0.0666,na,0.005138397216796875,3236,17135,484,True
scheduler_n10_s100_seed4.txt,Scheduler,10,RelaxGrouping,20000,True,min,590,1.1886,0.2577,0.006510496139526367,3406,19403,1122,True
scheduler_n10_s100_seed4.txt,Scheduler,10,RelaxGrouping,1000,False,min,206,0.1198,na,0.008600950241088867,6132,30146,947,True
scheduler_n10_s100_seed4.txt,Scheduler,10,RelaxGrouping,2000,False,min,206,0.2084,na,0.017911434173583984,11544,50721,1971,True
scheduler_n10_s100_seed4.txt,Scheduler,10,RelaxGrouping,5000,False,min,375,0.5162,na,0.05223345756530762,27222,118188,4856,True
scheduler_n10_s100_seed4.txt,Scheduler,10,RelaxGrouping,10000,False,min,375,0.9645,na,0.10409760475158691,50313,217076,9994,True
scheduler_n10_s100_seed4.txt,Scheduler,10,RelaxGrouping,20000,False,min,590,1.2327,na,0.1589958667755127,71901,276539,19743,True
scheduler_n10_s100_seed5.txt,Scheduler,10,Exact,2147483646,True,min,1061,1.2026,0.2781,0.0018601417541503906,1024,5120,252,True
scheduler_n10_s100_seed5.txt,Scheduler,10,Restricted,500,True,min,1061,0.047,0.0033,0.0008473396301269531,1243,2773,323,True
scheduler_n10_s100_seed5.txt,Scheduler,10,Exact,2147483646,False,min,1061,1.2227,na,0.15945196151733398,69455,255981,20767,True
scheduler_n10_s100_seed5.txt,Scheduler,10,Restricted,1000,True,min,1061,0.0946,0.0073,0.0017812252044677734,2281,5644,681,True
scheduler_n10_s100_seed5.txt,Scheduler,10,Restricted,2000,True,min,1061,0.1593,0.0191,0.00371551513671875,3658,10250,1269,True
scheduler_n10_s100_seed5.txt,Scheduler,10,Restricted,5000,True,min,1061,0.4206,0.059,0.008484840393066406,6338,21334,2505,True
scheduler_n10_s100_seed5.txt,Scheduler,10,Restricted,10000,True,min,1061,0.7061,0.1364,0.013905525207519531,7192,29899,3328,True
scheduler_n10_s100_seed5.txt,Scheduler,10,Restricted,20000,True,min,1061,1.2312,0.2759,0.004057407379150391,2167,11439,706,True
scheduler_n10_s100_seed5.txt,Scheduler,10,Restricted,500,False,min,1061,0.0467,na,0.0020275115966796875,2882,5738,500,True
scheduler_n10_s100_seed5.txt,Scheduler,10,Restricted,1000,False,min,1061,0.0949,na,0.004678249359130859,5611,12384,1000,True
scheduler_n10_s100_seed5.txt,Scheduler,10,Restricted,2000,False,min,1061,0.1585,na,0.026958703994750977,10847,26567,2000,True
scheduler_n10_s100_seed5.txt,Scheduler,10,Restricted,5000,False,min,1061,0.4219,na,0.0375211238861084,23864,67880,5000,True
scheduler_n10_s100_seed5.txt,Scheduler,10,Restricted,10000,False,min,1061,0.7093,na,0.08612799644470215,42925,139427,10000,True
scheduler_n10_s100_seed5.txt,Scheduler,10,Restricted,20000,False,min,1061,1.2026,na,0.1537630558013916,67964,249437,20000,True
scheduler_n10_s100_seed5.txt,Scheduler,10,RelaxPriority,500,True,min,446,0.4316,0.0079,0.0028886795043945312,1956,11201,369,True
scheduler_n10_s100_seed5.txt,Scheduler,10,RelaxPriority,1000,True,min,482,0.839,0.0158,0.006236553192138672,3597,19343,743,True
scheduler_n10_s100_seed5.txt,Scheduler,10,RelaxPriority,2000,True,min,532,1.6175,0.0301,0.011294841766357422,6305,32425,1638,True
scheduler_n10_s100_seed5.txt,Scheduler,10,RelaxPriority,20000,True,min,1061,1.2946,0.2614,0.004772186279296875,2375,13554,765,True
scheduler_n10_s100_seed5.txt,Scheduler,10,RelaxPriority,5000,True,min,765,4.3544,0.0945,0.01665353775024414,7264,40492,2644,True
scheduler_n10_s100_seed5.txt,Scheduler,10,RelaxPriority,500,False,min,446,0.4434,na,0.005371570587158203,3602,18813,500,True
scheduler_n10_s100_seed5.txt,Scheduler,10,RelaxPriority,10000,True,min,946,3.6747,0.1545,0.017409324645996094,7948,44820,3458,True
scheduler_n10_s100_seed5.txt,Scheduler,10,RelaxPriority,1000,False,min,482,0.8279,na,0.010272502899169922,6782,32763,1000,True
scheduler_n10_s100_seed5.txt,Scheduler,10,RelaxPriority,2000,False,min,532,1.6365,na,0.020328044891357422,12782,56195,2000,True
scheduler_n10_s100_seed5.txt,Scheduler,10,RelaxPriority,20000,False,min,1061,1.2945,na,0.16387438774108887,68774,256536,20000,True
scheduler_n10_s100_seed5.txt,Scheduler,10,RelaxGrouping,500,True,min,202,0.0879,0.0072,0.0038182735443115234,2367,14010,491,True
scheduler_n10_s100_seed5.txt,Scheduler,10,RelaxPriority,5000,False,min,765,4.2399,na,0.12249875068664551,27646,113688,5000,True
scheduler_n10_s100_seed5.txt,Scheduler,10,RelaxPriority,10000,False,min,946,3.7809,na,0.09515595436096191,45040,174774,10000,True
scheduler_n10_s100_seed5.txt,Scheduler,10,RelaxGrouping,1000,True,min,262,0.1291,0.0123,0.0073049068450927734,4503,24434,989,True
scheduler_n10_s100_seed5.txt,Scheduler,10,RelaxGrouping,5000,True,min,383,0.5314,0.0782,0.02221226692199707,9906,55235,3972,True
scheduler_n10_s100_seed5.txt,Scheduler,10,RelaxGrouping,10000,True,min,445,0.9979,0.1924,0.024097681045532227,9430,54201,3800,True
scheduler_n10_s100_seed5.txt,Scheduler,10,RelaxGrouping,500,False,min,202,0.0858,na,0.005055665969848633,3349,19407,494,True
scheduler_n10_s100_seed5.txt,Scheduler,10,RelaxGrouping,20000,True,min,651,1.2499,0.2864,0.005851268768310547,2852,16185,871,True
scheduler_n10_s100_seed5.txt,Scheduler,10,RelaxGrouping,1000,False,min,250,0.1278,na,0.010090827941894531,6312,32542,999,True
scheduler_n10_s100_seed5.txt,Scheduler,10,RelaxGrouping,5000,False,min,383,0.5429,na,0.05526089668273926,28136,123840,4999,True
scheduler_n10_s100_seed5.txt,Scheduler,10,RelaxGrouping,10000,False,min,445,1.0605,na,0.11304473876953125,52094,228264,9868,True
scheduler_n10_s100_seed5.txt,Scheduler,10,RelaxGrouping,20000,False,min,651,1.2706,na,0.1672499179840088,71339,273808,19899,True
scheduler_n15_s025_seed1.txt,Scheduler,15,Restricted,500,True,min,1946,0.1563,0.0072,0.0031800270080566406,2937,7591,415,True
scheduler_n15_s025_seed1.txt,Scheduler,15,Restricted,1000,True,min,1915,0.3836,0.0205,0.00771331787109375,5728,16518,795,True
scheduler_n15_s025_seed1.txt,Scheduler,15,Restricted,2000,True,min,1844,0.8969,0.0507,0.020764589309692383,11566,37252,1696,True
scheduler_n15_s025_seed1.txt,Scheduler,15,Restricted,5000,True,min,1822,2.3086,0.1542,0.05892539024353027,27524,98932,4236,True
scheduler_n15_s025_seed1.txt,Scheduler,15,Restricted,10000,True,min,1822,4.9306,0.3789,0.13469266891479492,51037,196732,8640,True
scheduler_n15_s025_seed1.txt,Scheduler,15,Restricted,20000,True,min,1793,9.0,0.8209,0.2860531806945801,95636,402537,17673,True
scheduler_n15_s025_seed1.txt,Scheduler,15,Restricted,500,False,min,1946,0.1589,na,0.005231142044067383,4689,11076,500,True
scheduler_n15_s025_seed1.txt,Scheduler,15,Restricted,1000,False,min,1915,0.398,na,0.013896703720092773,9635,25369,1000,True
scheduler_n15_s025_seed1.txt,Scheduler,15,Restricted,2000,False,min,1844,0.9026,na,0.0341649055480957,19444,56957,2000,True
scheduler_n15_s025_seed1.txt,Scheduler,15,Restricted,5000,False,min,1822,2.3612,na,0.1067206859588623,48561,159302,5000,True
scheduler_n15_s025_seed1.txt,Scheduler,15,Restricted,10000,False,min,1822,4.8285,na,0.2320547103881836,94938,335053,10000,True
scheduler_n15_s025_seed1.txt,Scheduler,15,Restricted,20000,False,min,1793,8.8611,na,0.4800572395324707,179093,692334,20000,True
scheduler_n15_s025_seed1.txt,Scheduler,15,RelaxPriority,500,True,min,388,2.8603,0.0294,0.013833045959472656,3765,40044,429,True
scheduler_n15_s025_seed1.txt,Scheduler,15,RelaxPriority,1000,True,min,436,9.2676,0.0677,0.02812361717224121,7370,75874,833,True
scheduler_n15_s025_seed1.txt,Scheduler,15,RelaxPriority,2000,True,min,499,30.9356,0.1574,0.0588381290435791,14747,145961,1655,True
scheduler_n15_s025_seed1.txt,Scheduler,15,Exact,2147483646,False,min,1793,133.0908,na,15.73063039779663,3530516,22542041,763283,True
scheduler_n15_s025_seed1.txt,Scheduler,15,Exact,2147483646,True,min,1793,134.3949,29.7493,0.13404560089111328,32768,245760,6435,True
scheduler_n15_s025_seed1.txt,Scheduler,15,RelaxPriority,5000,True,min,532,116.6179,0.5184,0.17679977416992188,35808,337791,4238,True
scheduler_n15_s025_seed1.txt,Scheduler,15,RelaxPriority,500,False,min,388,2.7815,na,0.021465539932250977,6227,63583,500,True
scheduler_n15_s025_seed1.txt,Scheduler,15,RelaxPriority,1000,False,min,436,9.1136,na,0.10000133514404297,12227,120600,1000,True
scheduler_n15_s025_seed1.txt,Scheduler,15,RelaxPriority,2000,False,min,499,30.8999,na,0.10639739036560059,24227,229168,2000,True
scheduler_n15_s025_seed1.txt,Scheduler,15,RelaxPriority,5000,False,min,532,118.4725,na,0.29730749130249023,57683,516532,5000,True
scheduler_n15_s025_seed1.txt,Scheduler,15,RelaxGrouping,500,True,min,210,0.2817,0.0247,0.014867067337036133,3981,41354,446,True
scheduler_n15_s025_seed1.txt,Scheduler,15,RelaxGrouping,1000,True,min,210,0.6143,0.0526,0.036399126052856445,8696,87103,975,True
scheduler_n15_s025_seed1.txt,Scheduler,15,RelaxGrouping,2000,True,min,210,1.4497,0.1183,0.07981538772583008,17925,172707,1928,True
scheduler_n15_s025_seed1.txt,Scheduler,15,RelaxGrouping,10000,True,min,241,8.7111,0.735,0.5042376518249512,87819,772913,9958,True
scheduler_n15_s025_seed1.txt,Scheduler,15,RelaxGrouping,500,False,min,210,0.2765,na,0.018625974655151367,5121,55058,473,True
scheduler_n15_s025_seed1.txt,Scheduler,15,RelaxGrouping,1000,False,min,210,0.5995,na,0.041112661361694336,10279,104069,994,True
scheduler_n15_s025_seed1.txt,Scheduler,15,RelaxGrouping,2000,False,min,210,1.4544,na,0.09323620796203613,20915,200097,1928,True
scheduler_n15_s025_seed1.txt,Scheduler,15,RelaxGrouping,20000,True,min,241,16.2832,1.7513,1.0223069190979004,168796,1438675,19980,True
scheduler_n15_s025_seed1.txt,Scheduler,15,RelaxGrouping,10000,False,min,241,8.5666,na,0.5562634468078613,102993,897681,9958,True
scheduler_n15_s025_seed1.txt,Scheduler,15,RelaxGrouping,20000,False,min,241,16.1552,na,1.2321574687957764,206619,1734186,19980,True
scheduler_n15_s025_seed2.txt,Scheduler,15,Restricted,500,True,min,2287,0.1617,0.0106,0.004671812057495117,3306,8798,426,True
scheduler_n15_s025_seed2.txt,Scheduler,15,Restricted,1000,True,min,2240,0.3867,0.0234,0.00866556167602539,6167,18157,860,True
scheduler_n15_s025_seed2.txt,Scheduler,15,Restricted,2000,True,min,2240,0.9,0.0558,0.021294593811035156,11952,39020,1795,True
scheduler_n15_s025_seed2.txt,Scheduler,15,Restricted,5000,True,min,2245,2.349,0.1763,0.06635785102844238,27963,103144,4590,True
scheduler_n15_s025_seed2.txt,Scheduler,15,Restricted,10000,True,min,2240,5.0193,0.3952,0.14342451095581055,51652,205527,9292,True
scheduler_n15_s025_seed2.txt,Scheduler,15,Restricted,20000,True,min,2240,9.0766,0.8837,0.30518031120300293,91804,397401,18799,True
scheduler_n15_s025_seed2.txt,Scheduler,15,Restricted,500,False,min,2276,0.1539,na,0.006158351898193359,5393,13327,500,True
scheduler_n15_s025_seed2.txt,Scheduler,15,Restricted,1000,False,min,2240,0.3855,na,0.01658344268798828,10763,29166,1000,True
scheduler_n15_s025_seed2.txt,Scheduler,15,Restricted,2000,False,min,2240,0.9409,na,0.0383601188659668,21000,62535,2000,True
scheduler_n15_s025_seed2.txt,Scheduler,15,Restricted,5000,False,min,2240,2.3571,na,0.11486268043518066,50027,167258,5000,True
scheduler_n15_s025_seed2.txt,Scheduler,15,Restricted,10000,False,min,2240,4.9399,na,0.24834251403808594,95803,345537,10000,True
scheduler_n15_s025_seed2.txt,Scheduler,15,Restricted,20000,False,min,2240,8.8576,na,0.5280225276947021,180752,708721,20000,True
scheduler_n15_s025_seed2.txt,Scheduler,15,Exact,2147483646,True,min,2240,137.4579,31.8158,0.13795900344848633,32768,245760,6435,True
scheduler_n15_s025_seed2.txt,Scheduler,15,RelaxPriority,500,True,min,668,2.8799,0.0288,0.014428138732910156,3941,41767,410,True
scheduler_n15_s025_seed2.txt,Scheduler,15,RelaxPriority,1000,True,min,668,8.5117,0.0659,0.029331684112548828,7680,77954,806,True
scheduler_n15_s025_seed2.txt,Scheduler,15,Exact,2147483646,False,min,2240,136.5412,na,16.719913244247437,3575244,22876385,769827,True
scheduler_n15_s025_seed2.txt,Scheduler,15,RelaxPriority,2000,True,min,625,29.985,0.1727,0.0665445327758789,14861,145394,1658,True
scheduler_n15_s025_seed2.txt,Scheduler,15,RelaxPriority,500,False,min,668,2.9279,na,0.022754669189453125,6227,63125,500,True
scheduler_n15_s025_seed2.txt,Scheduler,15,RelaxPriority,1000,False,min,668,8.6014,na,0.05274534225463867,12227,118508,1000,True
scheduler_n15_s025_seed2.txt,Scheduler,15,RelaxPriority,2000,False,min,625,30.164,na,0.1141209602355957,24227,225971,2000,True
scheduler_n15_s025_seed2.txt,Scheduler,15,RelaxPriority,5000,True,min,705,120.2103,0.5405,0.1841731071472168,35835,337479,4292,True
scheduler_n15_s025_seed2.txt,Scheduler,15,RelaxPriority,5000,False,min,705,115.0034,na,0.29302048683166504,57737,515828,5000,True
scheduler_n15_s025_seed2.txt,Scheduler,15,RelaxGrouping,500,True,min,543,0.3023,0.0242,0.01680612564086914,4181,44990,453,True
scheduler_n15_s025_seed2.txt,Scheduler,15,RelaxGrouping,1000,True,min,543,0.6596,0.0537,0.03924393653869629,9369,94594,999,True
scheduler_n15_s025_seed2.txt,Scheduler,15,RelaxGrouping,2000,True,min,543,1.4805,0.109,0.07881808280944824,17596,174377,1881,True
scheduler_n15_s025_seed2.txt,Scheduler,15,RelaxGrouping,5000,True,min,546,3.9566,0.3059,0.21312594413757324,41502,390611,4599,True
scheduler_n15_s025_seed2.txt,Scheduler,15,RelaxGrouping,10000,True,min,546,8.583,0.7567,0.48345255851745605,82142,736775,8959,True
scheduler_n15_s025_seed2.txt,Scheduler,15,RelaxGrouping,20000,True,min,546,16.4562,1.8067,1.1529271602630615,173146,1490699,19635,True
scheduler_n15_s025_seed2.txt,Scheduler,15,RelaxGrouping,500,False,min,543,0.3122,na,0.02177715301513672,5128,57253,492,True
scheduler_n15_s025_seed2.txt,Scheduler,15,RelaxGrouping,1000,False,min,543,0.6703,na,0.0959327220916748,10760,110449,999,True
scheduler_n15_s025_seed2.txt,Scheduler,15,RelaxGrouping,2000,False,min,543,1.4797,na,0.09219908714294434,20217,199803,1922,True
scheduler_n15_s025_seed2.txt,Scheduler,15,RelaxGrouping,5000,False,min,546,3.96,na,0.24041175842285156,48179,447899,4958,True
scheduler_n15_s025_seed2.txt,Scheduler,15,RelaxGrouping,10000,False,min,546,8.4678,na,0.5174291133880615,95717,851810,9168,True
scheduler_n15_s025_seed2.txt,Scheduler,15,RelaxGrouping,20000,False,min,546,16.2612,na,1.245811939239502,203931,1744314,19861,True
scheduler_n15_s025_seed3.txt,Scheduler,15,Restricted,500,True,min,3204,0.1554,0.0058,0.002295970916748047,2316,5391,355,True
scheduler_n15_s025_seed3.txt,Scheduler,15,Restricted,1000,True,min,3166,0.4046,0.0186,0.00737452507019043,5154,14042,710,True
scheduler_n15_s025_seed3.txt,Scheduler,15,Restricted,2000,True,min,3174,0.9451,0.0491,0.019366979598999023,11086,34559,1603,True
scheduler_n15_s025_seed3.txt,Scheduler,15,Restricted,5000,True,min,3202,2.3379,0.1625,0.062105417251586914,27176,96886,4134,True
scheduler_n15_s025_seed3.txt,Scheduler,15,Restricted,10000,True,min,3194,4.999,0.3834,0.13708209991455078,50584,196297,8501,True
scheduler_n15_s025_seed3.txt,Scheduler,15,Restricted,20000,True,min,3164,9.1564,0.8644,0.2937037944793701,94310,399400,17556,True
scheduler_n15_s025_seed3.txt,Scheduler,15,Restricted,500,False,min,3204,0.1562,na,0.0040628910064697266,3794,8116,500,True
scheduler_n15_s025_seed3.txt,Scheduler,15,Restricted,1000,False,min,3166,0.404,na,0.01325225830078125,8879,21956,1000,True
scheduler_n15_s025_seed3.txt,Scheduler,15,Restricted,2000,False,min,3166,0.9297,na,0.03336977958679199,19050,53552,2000,True
scheduler_n15_s025_seed3.txt,Scheduler,15,Restricted,5000,False,min,3166,2.3881,na,0.1082305908203125,47979,154623,5000,True
scheduler_n15_s025_seed3.txt,Scheduler,15,Restricted,10000,False,min,3164,5.0579,na,0.23939085006713867,94709,332363,10000,True
scheduler_n15_s025_seed3.txt,Scheduler,15,RelaxPriority,500,True,min,834,2.7376,0.0318,0.013607978820800781,3703,39015,380,True
scheduler_n15_s025_seed3.txt,Scheduler,15,Restricted,20000,False,min,3154,9.0275,na,0.49717020988464355,180188,691044,20000,True
scheduler_n15_s025_seed3.txt,Scheduler,15,RelaxPriority,1000,True,min,858,8.8722,0.0686,0.029158353805541992,7201,74114,779,True
scheduler_n15_s025_seed3.txt,Scheduler,15,RelaxPriority,2000,True,min,870,30.8496,0.1758,0.06605029106140137,14167,140293,1588,True
scheduler_n15_s025_seed3.txt,Scheduler,15,Exact,2147483646,True,min,3266,133.0459,30.5354,0.1437232494354248,32768,245760,6435,True
scheduler_n15_s025_seed3.txt,Scheduler,15,Exact,2147483646,False,min,3154,132.993,na,16.594353675842285,3445630,21964324,745800,True
scheduler_n15_s025_seed3.txt,Scheduler,15,RelaxPriority,500,False,min,834,2.8144,na,0.02356243133544922,6227,62715,500,True
scheduler_n15_s025_seed3.txt,Scheduler,15,RelaxPriority,1000,False,min,858,8.8051,na,0.04939770698547363,12227,119992,1000,True
scheduler_n15_s025_seed3.txt,Scheduler,15,RelaxPriority,2000,False,min,870,29.8329,na,0.10905194282531738,24227,228359,2000,True
scheduler_n15_s025_seed3.txt,Scheduler,15,RelaxPriority,5000,True,min,933,118.7316,0.5465,0.1743021011352539,34200,324154,4043,True
scheduler_n15_s025_seed3.txt,Scheduler,15,RelaxPriority,5000,False,min,933,114.0845,na,0.2845005989074707,57683,518019,5000,True
scheduler_n15_s025_seed3.txt,Scheduler,15,RelaxGrouping,500,True,min,834,0.281,0.0255,0.014837026596069336,4022,42263,458,True
scheduler_n15_s025_seed3.txt,Scheduler,15,RelaxGrouping,1000,True,min,834,0.573,0.0552,0.031052827835083008,7678,78070,870,True
scheduler_n15_s025_seed3.txt,Scheduler,15,RelaxGrouping,2000,True,min,834,1.4498,0.1191,0.07895636558532715,17953,173784,1955,True
scheduler_n15_s025_seed3.txt,Scheduler,15,RelaxGrouping,5000,True,min,834,4.0666,0.3466,0.2157270908355713,43721,402395,4881,True
scheduler_n15_s025_seed3.txt,Scheduler,15,RelaxGrouping,10000,True,min,834,7.8124,0.7206,0.4825308322906494,82471,731095,9427,True
scheduler_n15_s025_seed3.txt,Scheduler,15,RelaxGrouping,20000,True,min,811,15.8658,1.7878,1.095763921737671,165820,1430519,19957,True
scheduler_n15_s025_seed3.txt,Scheduler,15,RelaxGrouping,500,False,min,716,0.2801,na,0.019112348556518555,5204,56443,481,True
scheduler_n15_s025_seed3.txt,Scheduler,15,RelaxGrouping,1000,False,min,716,0.5803,na,0.040853261947631836,9859,100484,974,True
scheduler_n15_s025_seed3.txt,Scheduler,15,RelaxGrouping,2000,False,min,716,1.4378,na,0.09337234497070312,21383,204814,1998,True
scheduler_n15_s025_seed3.txt,Scheduler,15,RelaxGrouping,5000,False,min,757,4.0461,na,0.2530684471130371,52717,476504,4952,True
scheduler_n15_s025_seed3.txt,Scheduler,15,RelaxGrouping,10000,False,min,757,7.8074,na,0.54762864112854,100947,875692,9687,True
scheduler_n15_s025_seed3.txt,Scheduler,15,RelaxGrouping,20000,False,min,757,15.658,na,1.240950584411621,205345,1736528,19957,True
scheduler_n15_s025_seed4.txt,Scheduler,15,Restricted,500,True,min,1565,0.1566,0.0093,0.004003286361694336,3330,8918,433,True
scheduler_n15_s025_seed4.txt,Scheduler,15,Restricted,1000,True,min,1569,0.3959,0.0222,0.009036540985107422,6370,18695,895,True
scheduler_n15_s025_seed4.txt,Scheduler,15,Restricted,2000,True,min,1560,0.9221,0.0527,0.021842002868652344,12298,39317,1851,True
scheduler_n15_s025_seed4.txt,Scheduler,15,Restricted,5000,True,min,1544,2.35,0.1621,0.06506919860839844,28966,103021,4687,True
scheduler_n15_s025_seed4.txt,Scheduler,15,Restricted,10000,True,min,1544,5.0039,0.3722,0.13257193565368652,52549,202774,9496,True
scheduler_n15_s025_seed4.txt,Scheduler,15,Restricted,20000,True,min,1560,9.0459,0.8057,0.28026390075683594,96490,406100,18961,True
scheduler_n15_s025_seed4.txt,Scheduler,15,Restricted,500,False,min,1565,0.1538,na,0.00596928596496582,5117,12607,500,True
scheduler_n15_s025_seed4.txt,Scheduler,15,Restricted,1000,False,min,1565,0.43,na,0.016466856002807617,10491,28239,1000,True
scheduler_n15_s025_seed4.txt,Scheduler,15,Restricted,2000,False,min,1560,0.9198,na,0.03520083427429199,20479,60090,2000,True
scheduler_n15_s025_seed4.txt,Scheduler,15,Restricted,5000,False,min,1544,2.3095,na,0.10568571090698242,49046,161060,5000,True
scheduler_n15_s025_seed4.txt,Scheduler,15,Restricted,10000,False,min,1544,5.0013,na,0.23401236534118652,94922,338277,10000,True
scheduler_n15_s025_seed4.txt,Scheduler,15,RelaxPriority,500,True,min,441,2.9783,0.0285,0.01481485366821289,4116,42845,404,True
scheduler_n15_s025_seed4.txt,Scheduler,15,Restricted,20000,False,min,1544,8.7624,na,0.47359418869018555,178871,695112,20000,True
scheduler_n15_s025_seed4.txt,Scheduler,15,RelaxPriority,1000,True,min,481,8.6217,0.0667,0.02935647964477539,7943,79140,852,True
scheduler_n15_s025_seed4.txt,Scheduler,15,RelaxPriority,2000,True,min,596,30.8299,0.169,0.06433844566345215,15368,148150,1747,True
scheduler_n15_s025_seed4.txt,Scheduler,15,Exact,2147483646,False,min,1544,133.2688,na,16.611315488815308,3527812,22514092,764081,True
scheduler_n15_s025_seed4.txt,Scheduler,15,Exact,2147483646,True,min,1560,134.4308,31.3121,0.1366262435913086,32768,245760,6435,True
scheduler_n15_s025_seed4.txt,Scheduler,15,RelaxPriority,500,False,min,441,3.0008,na,0.023233890533447266,6227,62496,500,True
scheduler_n15_s025_seed4.txt,Scheduler,15,RelaxPriority,1000,False,min,481,8.9591,na,0.048708200454711914,12227,116481,1000,True
scheduler_n15_s025_seed4.txt,Scheduler,15,RelaxPriority,2000,False,min,596,30.3444,na,0.09795713424682617,24227,224247,2000,True
scheduler_n15_s025_seed4.txt,Scheduler,15,RelaxPriority,5000,True,min,628,120.8388,0.5123,0.17427349090576172,36844,342069,4590,True
scheduler_n15_s025_seed4.txt,Scheduler,15,RelaxPriority,5000,False,min,628,121.3116,na,0.2815215587615967,57673,510308,5000,True
scheduler_n15_s025_seed4.txt,Scheduler,15,RelaxGrouping,500,True,min,236,0.2991,0.025,0.015828371047973633,4409,46250,496,True
scheduler_n15_s025_seed4.txt,Scheduler,15,RelaxGrouping,1000,True,min,236,0.592,0.0496,0.03333401679992676,8723,87261,927,True
scheduler_n15_s025_seed4.txt,Scheduler,15,RelaxGrouping,2000,True,min,236,1.3898,0.1108,0.07398104667663574,17517,168806,1975,True
scheduler_n15_s025_seed4.txt,Scheduler,15,RelaxGrouping,5000,True,min,247,3.8169,0.2903,0.20377063751220703,42020,383051,4612,True
scheduler_n15_s025_seed4.txt,Scheduler,15,RelaxGrouping,10000,True,min,247,7.7196,0.6866,0.4623425006866455,81224,711374,9568,True
scheduler_n15_s025_seed4.txt,Scheduler,15,RelaxGrouping,20000,True,min,247,15.9264,1.5658,1.031447410583496,171436,1445891,19972,True
scheduler_n15_s025_seed4.txt,Scheduler,15,RelaxGrouping,500,False,min,236,0.309,na,0.020480632781982422,5409,58655,499,True
scheduler_n15_s025_seed4.txt,Scheduler,15,RelaxGrouping,1000,False,min,236,0.6118,na,0.04011964797973633,10185,103285,967,True
scheduler_n15_s025_seed4.txt,Scheduler,15,RelaxGrouping,2000,False,min,236,1.4053,na,0.08349299430847168,20154,194499,1975,True
scheduler_n15_s025_seed4.txt,Scheduler,15,RelaxGrouping,5000,False,min,247,3.8029,na,0.23065900802612305,47448,429426,4672,True
scheduler_n15_s025_seed4.txt,Scheduler,15,RelaxGrouping,10000,False,min,247,7.6151,na,0.5022749900817871,95332,827081,9621,True
scheduler_n15_s025_seed4.txt,Scheduler,15,RelaxGrouping,20000,False,min,247,15.8584,na,1.1847059726715088,201311,1684501,19972,True
scheduler_n15_s025_seed5.txt,Scheduler,15,Restricted,500,True,min,2242,0.155,0.009,0.003518342971801758,2864,7702,383,True
scheduler_n15_s025_seed5.txt,Scheduler,15,Restricted,1000,True,min,2254,0.3999,0.0222,0.008399724960327148,5859,17327,819,True
scheduler_n15_s025_seed5.txt,Scheduler,15,Restricted,2000,True,min,2254,0.889,0.0512,0.02094244956970215,11854,38555,1732,True
scheduler_n15_s025_seed5.txt,Scheduler,15,Restricted,5000,True,min,2254,2.3049,0.1602,0.0597226619720459,26746,96030,4332,True
scheduler_n15_s025_seed5.txt,Scheduler,15,Restricted,10000,True,min,2251,4.3442,0.3813,0.13530874252319336,50732,198212,9103,True
scheduler_n15_s025_seed5.txt,Scheduler,15,Restricted,20000,True,min,2251,8.8503,0.826,0.2834742069244385,95026,405051,18151,True
scheduler_n15_s025_seed5.txt,Scheduler,15,Restricted,500,False,min,2242,0.1524,na,0.0060884952545166016,4991,12201,500,True
scheduler_n15_s025_seed5.txt,Scheduler,15,Restricted,1000,False,min,2242,0.4035,na,0.015097618103027344,9964,26847,1000,True
scheduler_n15_s025_seed5.txt,Scheduler,15,Restricted,2000,False,min,2242,0.9276,na,0.03527259826660156,19880,58525,2000,True
scheduler_n15_s025_seed5.txt,Scheduler,15,Restricted,5000,False,min,2240,2.3229,na,0.10504817962646484,48992,160854,5000,True
scheduler_n15_s025_seed5.txt,Scheduler,15,Restricted,10000,False,min,2240,4.3424,na,0.5636196136474609,94485,337362,10000,True
scheduler_n15_s025_seed5.txt,Scheduler,15,RelaxPriority,500,True,min,847,2.7694,0.0285,0.013699531555175781,3781,40359,374,True
scheduler_n15_s025_seed5.txt,Scheduler,15,Restricted,20000,False,min,2240,8.6408,na,0.4748256206512451,178261,692905,20000,True
scheduler_n15_s025_seed5.txt,Scheduler,15,RelaxPriority,1000,True,min,847,8.7871,0.0675,0.02851080894470215,7329,75048,761,True
scheduler_n15_s025_seed5.txt,Scheduler,15,RelaxPriority,2000,True,min,824,29.0405,0.1685,0.15072894096374512,14613,142828,1545,True
scheduler_n15_s025_seed5.txt,Scheduler,15,Exact,2147483646,True,min,2271,127.6714,28.2297,0.1382756233215332,32768,245760,6435,True
scheduler_n15_s025_seed5.txt,Scheduler,15,Exact,2147483646,False,min,2240,127.9089,na,15.401298522949219,3314896,21147516,715065,True
scheduler_n15_s025_seed5.txt,Scheduler,15,RelaxPriority,500,False,min,847,2.9084,na,0.02355480194091797,6227,63818,500,True
scheduler_n15_s025_seed5.txt,Scheduler,15,RelaxPriority,1000,False,min,847,8.9427,na,0.048554182052612305,12227,120124,1000,True
scheduler_n15_s025_seed5.txt,Scheduler,15,RelaxPriority,2000,False,min,824,29.6538,na,0.22085332870483398,24227,225826,2000,True
scheduler_n15_s025_seed5.txt,Scheduler,15,RelaxPriority,5000,True,min,824,118.2908,0.528,0.17835426330566406,35483,333530,4219,True
scheduler_n15_s025_seed5.txt,Scheduler,15,RelaxPriority,5000,False,min,824,118.7459,na,0.2939150333404541,57659,515203,5000,True
scheduler_n15_s025_seed5.txt,Scheduler,15,RelaxGrouping,500,True,min,703,0.2789,0.0224,0.016038179397583008,4259,44868,478,True
scheduler_n15_s025_seed5.txt,Scheduler,15,RelaxGrouping,1000,True,min,703,0.6014,0.0502,0.03671407699584961,8997,89462,962,True
scheduler_n15_s025_seed5.txt,Scheduler,15,RelaxGrouping,2000,True,min,703,1.301,0.1041,0.15863513946533203,17299,165267,1966,True
scheduler_n15_s025_seed5.txt,Scheduler,15,RelaxGrouping,5000,True,min,698,3.743,0.3129,0.21674489974975586,43445,393304,4991,True
scheduler_n15_s025_seed5.txt,Scheduler,15,RelaxGrouping,10000,True,min,744,8.046,0.7066,0.4967522621154785,84054,734509,9510,True
scheduler_n15_s025_seed5.txt,Scheduler,15,RelaxGrouping,20000,True,min,789,15.0107,1.5291,1.0696735382080078,167001,1421043,19923,True
scheduler_n15_s025_seed5.txt,Scheduler,15,RelaxGrouping,500,False,min,583,0.28,na,0.01932358741760254,5081,55610,499,True
scheduler_n15_s025_seed5.txt,Scheduler,15,RelaxGrouping,1000,False,min,583,0.6111,na,0.04374432563781738,10489,105928,986,True
scheduler_n15_s025_seed5.txt,Scheduler,15,RelaxGrouping,2000,False,min,583,1.3013,na,0.1841738224029541,20181,192309,1976,True
scheduler_n15_s025_seed5.txt,Scheduler,15,RelaxGrouping,5000,False,min,637,3.7685,na,0.24411416053771973,49621,447187,4993,True
scheduler_n15_s025_seed5.txt,Scheduler,15,RelaxGrouping,10000,False,min,637,8.1921,na,0.5572996139526367,98629,853462,9542,True
scheduler_n15_s025_seed5.txt,Scheduler,15,RelaxGrouping,20000,False,min,637,15.2612,na,1.2511389255523682,198259,1666568,19923,True
scheduler_n15_s050_seed1.txt,Scheduler,15,Restricted,500,True,min,2097,0.1599,0.0064,0.002429962158203125,2447,5405,387,True
scheduler_n15_s050_seed1.txt,Scheduler,15,Restricted,1000,True,min,2052,0.4025,0.0162,0.006187915802001953,4981,12048,841,True
scheduler_n15_s050_seed1.txt,Scheduler,15,Restricted,2000,True,min,2052,0.9561,0.041,0.014720916748046875,10005,26973,1651,True
scheduler_n15_s050_seed1.txt,Scheduler,15,Restricted,5000,True,min,2025,2.3893,0.1427,0.055933237075805664,26547,82103,4302,True
scheduler_n15_s050_seed1.txt,Scheduler,15,Restricted,10000,True,min,2018,5.0976,0.3519,0.1243741512298584,50308,168822,8431,True
scheduler_n15_s050_seed1.txt,Scheduler,15,Restricted,20000,True,min,2018,10.3654,0.7972,0.2756943702697754,95829,354068,17731,True
scheduler_n15_s050_seed1.txt,Scheduler,15,Restricted,500,False,min,2097,0.1628,na,0.014643669128417969,4028,8326,500,True
scheduler_n15_s050_seed1.txt,Scheduler,15,Restricted,1000,False,min,2052,0.409,na,0.01093435287475586,8385,19136,1000,True
scheduler_n15_s050_seed1.txt,Scheduler,15,Restricted,2000,False,min,2052,0.9579,na,0.028493642807006836,17630,44364,2000,True
scheduler_n15_s050_seed1.txt,Scheduler,15,Restricted,5000,False,min,2025,2.3953,na,0.2407398223876953,45523,130849,5000,True
scheduler_n15_s050_seed1.txt,Scheduler,15,Restricted,10000,False,min,2016,5.0027,na,0.2038860321044922,89886,283225,10000,True
scheduler_n15_s050_seed1.txt,Scheduler,15,Restricted,20000,False,min,2016,10.1771,na,0.4791300296783447,177264,615527,20000,True
scheduler_n15_s050_seed1.txt,Scheduler,15,RelaxPriority,500,True,min,463,3.3039,0.0305,0.014590978622436523,3941,41354,399,True
scheduler_n15_s050_seed1.txt,Scheduler,15,RelaxPriority,1000,True,min,451,10.9621,0.0669,0.028260469436645508,7458,74858,786,True
scheduler_n15_s050_seed1.txt,Scheduler,15,RelaxPriority,2000,True,min,562,34.6516,0.1688,0.06289911270141602,14420,138671,1605,True
scheduler_n15_s050_seed1.txt,Scheduler,15,Exact,2147483646,False,min,2009,200.8324,na,24.910460233688354,4827270,30613292,1052766,True
scheduler_n15_s050_seed1.txt,Scheduler,15,Exact,2147483646,True,min,2009,200.4108,44.3835,0.14271068572998047,32768,245760,6435,True
scheduler_n15_s050_seed1.txt,Scheduler,15,RelaxPriority,500,False,min,463,3.3368,na,0.022008419036865234,6227,62436,500,True
scheduler_n15_s050_seed1.txt,Scheduler,15,RelaxPriority,1000,False,min,451,10.7533,na,0.046532630920410156,12227,116659,1000,True
scheduler_n15_s050_seed1.txt,Scheduler,15,RelaxPriority,5000,True,min,560,157.8933,0.5268,0.1679849624633789,34753,323723,4015,True
scheduler_n15_s050_seed1.txt,Scheduler,15,RelaxPriority,2000,False,min,562,35.9855,na,0.10747814178466797,24227,221843,2000,True
scheduler_n15_s050_seed1.txt,Scheduler,15,RelaxPriority,5000,False,min,560,150.8519,na,0.29427170753479004,57771,510973,5000,True
scheduler_n15_s050_seed1.txt,Scheduler,15,RelaxGrouping,500,True,min,273,0.2865,0.0239,0.014545917510986328,4180,41494,458,True
scheduler_n15_s050_seed1.txt,Scheduler,15,RelaxGrouping,1000,True,min,273,0.5969,0.0472,0.030094623565673828,7585,73641,971,True
scheduler_n15_s050_seed1.txt,Scheduler,15,RelaxGrouping,2000,True,min,273,1.6375,0.131,0.07452511787414551,17244,161454,1993,True
scheduler_n15_s050_seed1.txt,Scheduler,15,RelaxGrouping,5000,True,min,291,4.1916,0.3388,0.18996524810791016,39451,356094,4458,True
scheduler_n15_s050_seed1.txt,Scheduler,15,RelaxGrouping,10000,True,min,291,8.4535,0.7224,0.4252440929412842,78170,675759,9879,True
scheduler_n15_s050_seed1.txt,Scheduler,15,RelaxGrouping,500,False,min,273,0.2797,na,0.01783609390258789,5138,53481,496,True
scheduler_n15_s050_seed1.txt,Scheduler,15,RelaxGrouping,1000,False,min,273,0.5512,na,0.03443574905395508,9162,90559,971,True
scheduler_n15_s050_seed1.txt,Scheduler,15,RelaxGrouping,2000,False,min,273,1.5035,na,0.08308148384094238,20668,192027,1993,True
scheduler_n15_s050_seed1.txt,Scheduler,15,RelaxGrouping,5000,False,min,291,3.9733,na,0.21599149703979492,48407,425836,4609,True
scheduler_n15_s050_seed1.txt,Scheduler,15,RelaxGrouping,20000,True,min,291,15.837,1.6252,0.9970376491546631,158059,1325660,18956,True
scheduler_n15_s050_seed1.txt,Scheduler,15,RelaxGrouping,10000,False,min,291,8.3174,na,0.516812801361084,94500,796110,9907,True
scheduler_n15_s050_seed1.txt,Scheduler,15,RelaxGrouping,20000,False,min,291,15.7521,na,1.1523139476776123,192213,1577371,19457,True
scheduler_n15_s050_seed2.txt,Scheduler,15,Restricted,500,True,min,2329,0.1544,0.0084,0.0033617019653320312,3239,7850,428,True
scheduler_n15_s050_seed2.txt,Scheduler,15,Restricted,1000,True,min,2308,0.3949,0.0211,0.008418798446655273,6525,17459,892,True
scheduler_n15_s050_seed2.txt,Scheduler,15,Restricted,2000,True,min,2279,0.9079,0.0512,0.019734859466552734,12143,35668,1818,True
scheduler_n15_s050_seed2.txt,Scheduler,15,Restricted,5000,True,min,2279,2.3236,0.1457,0.0570070743560791,28469,93156,4688,True
scheduler_n15_s050_seed2.txt,Scheduler,15,Restricted,10000,True,min,2342,4.8998,0.346,0.12436246871948242,52999,188221,9434,True
scheduler_n15_s050_seed2.txt,Scheduler,15,Restricted,20000,True,min,2342,8.9155,0.7961,0.2751948833465576,95852,369994,18926,True
scheduler_n15_s050_seed2.txt,Scheduler,15,Restricted,500,False,min,2329,0.1555,na,0.005402803421020508,5193,11770,500,True
scheduler_n15_s050_seed2.txt,Scheduler,15,Restricted,1000,False,min,2308,0.3879,na,0.013548135757446289,10379,25803,1000,True
scheduler_n15_s050_seed2.txt,Scheduler,15,Restricted,2000,False,min,2279,0.8819,na,0.033635854721069336,20579,56186,2000,True
scheduler_n15_s050_seed2.txt,Scheduler,15,Restricted,5000,False,min,2279,2.2666,na,0.09453916549682617,48932,149268,5000,True
scheduler_n15_s050_seed2.txt,Scheduler,15,Restricted,10000,False,min,2279,4.7793,na,0.20897197723388672,94933,315094,10000,True
scheduler_n15_s050_seed2.txt,Scheduler,15,Restricted,20000,False,min,2279,8.8341,na,0.4711587429046631,182179,656188,20000,True
scheduler_n15_s050_seed2.txt,Scheduler,15,RelaxPriority,500,True,min,727,2.9564,0.0253,0.012378931045532227,4158,42973,416,True
scheduler_n15_s050_seed2.txt,Scheduler,15,RelaxPriority,1000,True,min,727,9.6737,0.0624,0.028992414474487305,8001,79913,833,True
scheduler_n15_s050_seed2.txt,Scheduler,15,RelaxPriority,2000,True,min,686,31.9346,0.1426,0.05779910087585449,15503,149805,1686,True
scheduler_n15_s050_seed2.txt,Scheduler,15,Exact,2147483646,False,min,2279,169.4941,na,22.047152280807495,4577232,28992302,998461,True
scheduler_n15_s050_seed2.txt,Scheduler,15,Exact,2147483646,True,min,2342,169.9377,40.2961,0.13640236854553223,32768,245760,6435,True
scheduler_n15_s050_seed2.txt,Scheduler,15,RelaxPriority,500,False,min,727,3.0172,na,0.022459983825683594,6227,61744,500,True
scheduler_n15_s050_seed2.txt,Scheduler,15,RelaxPriority,1000,False,min,727,9.9877,na,0.04863476753234863,12227,116834,1000,True
scheduler_n15_s050_seed2.txt,Scheduler,15,RelaxPriority,5000,True,min,737,136.0057,0.5217,0.180633544921875,36659,339460,4379,True
scheduler_n15_s050_seed2.txt,Scheduler,15,RelaxPriority,2000,False,min,686,33.5872,na,0.10574674606323242,24227,223547,2000,True
scheduler_n15_s050_seed2.txt,Scheduler,15,RelaxPriority,5000,False,min,737,140.439,na,0.2996070384979248,57713,507032,5000,True
scheduler_n15_s050_seed2.txt,Scheduler,15,RelaxGrouping,500,True,min,581,0.3122,0.027,0.015895605087280273,4304,45449,468,True
scheduler_n15_s050_seed2.txt,Scheduler,15,RelaxGrouping,1000,True,min,581,0.7072,0.0525,0.03576779365539551,8812,89224,956,True
scheduler_n15_s050_seed2.txt,Scheduler,15,RelaxGrouping,2000,True,min,581,1.6487,0.1117,0.0835568904876709,18706,179694,1957,True
scheduler_n15_s050_seed2.txt,Scheduler,15,RelaxGrouping,5000,True,min,686,4.1843,0.3269,0.19356751441955566,39425,361963,4108,True
scheduler_n15_s050_seed2.txt,Scheduler,15,RelaxGrouping,10000,True,min,686,8.6504,0.7332,0.473438024520874,81883,714487,9273,True
scheduler_n15_s050_seed2.txt,Scheduler,15,RelaxGrouping,20000,True,min,614,17.3184,1.5303,1.1091253757476807,177316,1487387,19870,True
scheduler_n15_s050_seed2.txt,Scheduler,15,RelaxGrouping,500,False,min,581,0.3019,na,0.020194530487060547,5465,60131,500,True
scheduler_n15_s050_seed2.txt,Scheduler,15,RelaxGrouping,1000,False,min,581,0.6805,na,0.03916525840759277,10364,106520,981,True
scheduler_n15_s050_seed2.txt,Scheduler,15,RelaxGrouping,2000,False,min,581,1.5925,na,0.09096503257751465,20995,201461,1980,True
scheduler_n15_s050_seed2.txt,Scheduler,15,RelaxGrouping,5000,False,min,609,4.0646,na,0.2202305793762207,46986,424859,4958,True
scheduler_n15_s050_seed2.txt,Scheduler,15,RelaxGrouping,10000,False,min,609,8.4684,na,0.4960629940032959,95796,830885,9586,True
scheduler_n15_s050_seed2.txt,Scheduler,15,RelaxGrouping,20000,False,min,609,17.3909,na,1.2297101020812988,202956,1694428,19894,True
scheduler_n15_s050_seed3.txt,Scheduler,15,Restricted,500,True,min,3206,0.2026,0.0052,0.0017728805541992188,1987,4027,338,True
scheduler_n15_s050_seed3.txt,Scheduler,15,Restricted,1000,True,min,3178,0.4235,0.0137,0.005170583724975586,4402,10119,704,True
scheduler_n15_s050_seed3.txt,Scheduler,15,Restricted,2000,True,min,3186,1.1026,0.0366,0.013519048690795898,8964,23407,1505,True
scheduler_n15_s050_seed3.txt,Scheduler,15,Restricted,5000,True,min,3121,2.7582,0.1303,0.046801090240478516,23929,72119,4141,True
scheduler_n15_s050_seed3.txt,Scheduler,15,Restricted,10000,True,min,3110,5.1211,0.3177,0.11470913887023926,49064,161388,8564,True
scheduler_n15_s050_seed3.txt,Scheduler,15,Restricted,20000,True,min,3125,10.459,0.7547,0.2525920867919922,92434,331070,17238,True
scheduler_n15_s050_seed3.txt,Scheduler,15,Restricted,500,False,min,3206,0.2042,na,0.003776073455810547,3366,6380,500,True
scheduler_n15_s050_seed3.txt,Scheduler,15,Restricted,1000,False,min,3178,0.4143,na,0.009645223617553711,7418,15865,1000,True
scheduler_n15_s050_seed3.txt,Scheduler,15,Restricted,2000,False,min,3178,1.1227,na,0.025736570358276367,15965,38654,2000,True
scheduler_n15_s050_seed3.txt,Scheduler,15,Restricted,5000,False,min,3121,2.7726,na,0.08238077163696289,42509,118079,5000,True
scheduler_n15_s050_seed3.txt,Scheduler,15,Restricted,10000,False,min,3086,5.1888,na,0.2035198211669922,86597,263530,10000,True
scheduler_n15_s050_seed3.txt,Scheduler,15,Restricted,20000,False,min,3086,10.6922,na,0.4372882843017578,172590,575511,20000,True
scheduler_n15_s050_seed3.txt,Scheduler,15,RelaxPriority,500,True,min,949,3.4042,0.0276,0.014057636260986328,3897,40698,364,True
scheduler_n15_s050_seed3.txt,Scheduler,15,RelaxPriority,1000,True,min,893,11.2222,0.0694,0.028860807418823242,7196,72003,728,True
scheduler_n15_s050_seed3.txt,Scheduler,15,RelaxPriority,2000,True,min,932,39.5283,0.1735,0.06108665466308594,13973,135464,1458,True
scheduler_n15_s050_seed3.txt,Scheduler,15,RelaxPriority,5000,True,min,988,166.3633,0.5505,0.16676831245422363,33343,312082,3798,True
scheduler_n15_s050_seed3.txt,Scheduler,15,Exact,2147483646,False,min,3086,249.2195,na,31.251288890838623,5904964,37357821,1291896,True
scheduler_n15_s050_seed3.txt,Scheduler,15,RelaxPriority,500,False,min,949,3.3897,na,0.021555662155151367,6227,62618,500,True
scheduler_n15_s050_seed3.txt,Scheduler,15,RelaxPriority,1000,False,min,893,11.4048,na,0.04629802703857422,12227,116759,1000,True
scheduler_n15_s050_seed3.txt,Scheduler,15,RelaxPriority,2000,False,min,932,38.6104,na,0.10376262664794922,24227,224442,2000,True
scheduler_n15_s050_seed3.txt,Scheduler,15,RelaxGrouping,500,True,min,881,0.2931,0.0264,0.014392614364624023,4127,42501,460,True
scheduler_n15_s050_seed3.txt,Scheduler,15,RelaxGrouping,1000,True,min,881,0.6405,0.0583,0.034174203872680664,8655,83654,942,True
scheduler_n15_s050_seed3.txt,Scheduler,15,RelaxGrouping,2000,True,min,881,1.5527,0.1378,0.06914377212524414,16352,157601,1875,True
scheduler_n15_s050_seed3.txt,Scheduler,15,RelaxGrouping,5000,True,min,893,4.5901,0.3704,0.20948147773742676,42464,387462,4848,True
scheduler_n15_s050_seed3.txt,Scheduler,15,RelaxPriority,5000,False,min,988,155.3315,na,0.288729190826416,57794,514189,5000,True
scheduler_n15_s050_seed3.txt,Scheduler,15,RelaxGrouping,10000,True,min,893,8.9015,0.7848,0.4292874336242676,79389,692948,9859,True
scheduler_n15_s050_seed3.txt,Scheduler,15,RelaxGrouping,500,False,min,778,0.313,na,0.021614551544189453,5418,58328,489,True
scheduler_n15_s050_seed3.txt,Scheduler,15,RelaxGrouping,1000,False,min,778,0.6398,na,0.04249763488769531,10538,103567,999,True
scheduler_n15_s050_seed3.txt,Scheduler,15,RelaxGrouping,2000,False,min,778,1.5752,na,0.09091854095458984,21156,198830,1972,True
scheduler_n15_s050_seed3.txt,Scheduler,15,RelaxGrouping,20000,True,min,893,17.2551,1.8202,1.0655145645141602,158943,1359369,19916,True
scheduler_n15_s050_seed3.txt,Scheduler,15,RelaxGrouping,5000,False,min,822,4.6147,na,0.2511129379272461,51539,458670,4863,True
scheduler_n15_s050_seed3.txt,Scheduler,15,RelaxGrouping,10000,False,min,822,8.8122,na,0.5186059474945068,98140,835796,9901,True
scheduler_n15_s050_seed3.txt,Scheduler,15,RelaxGrouping,20000,False,min,822,17.359,na,1.2946443557739258,196956,1629788,19916,True
scheduler_n15_s050_seed4.txt,Scheduler,15,Restricted,500,True,min,1711,0.1646,0.0074,0.0027511119842529297,2762,6540,410,True
scheduler_n15_s050_seed4.txt,Scheduler,15,Restricted,1000,True,min,1702,0.408,0.0202,0.0073664188385009766,5885,15457,825,True
scheduler_n15_s050_seed4.txt,Scheduler,15,Restricted,2000,True,min,1702,0.9421,0.0524,0.018297195434570312,11213,32363,1765,True
scheduler_n15_s050_seed4.txt,Scheduler,15,Restricted,5000,True,min,1694,2.4163,0.155,0.05815720558166504,27250,87472,4330,True
scheduler_n15_s050_seed4.txt,Scheduler,15,Restricted,10000,True,min,1704,5.0171,0.3586,0.1268608570098877,52505,184411,8979,True
scheduler_n15_s050_seed4.txt,Scheduler,15,Restricted,20000,True,min,1704,10.3311,0.8081,0.25020742416381836,92239,351411,18048,True
scheduler_n15_s050_seed4.txt,Scheduler,15,Restricted,500,False,min,1706,0.1579,na,0.005313873291015625,4610,10119,500,True
scheduler_n15_s050_seed4.txt,Scheduler,15,Restricted,1000,False,min,1702,0.4009,na,0.01309967041015625,9854,23820,1000,True
scheduler_n15_s050_seed4.txt,Scheduler,15,Restricted,2000,False,min,1702,0.9626,na,0.03265643119812012,19733,52426,2000,True
scheduler_n15_s050_seed4.txt,Scheduler,15,Restricted,5000,False,min,1694,2.4269,na,0.2592051029205322,47876,141342,5000,True
scheduler_n15_s050_seed4.txt,Scheduler,15,Restricted,10000,False,min,1694,5.0409,na,0.21433234214782715,93038,301915,10000,True
scheduler_n15_s050_seed4.txt,Scheduler,15,Restricted,20000,False,min,1694,10.3219,na,0.4779624938964844,179171,633468,20000,True
scheduler_n15_s050_seed4.txt,Scheduler,15,RelaxPriority,500,True,min,676,3.1166,0.0297,0.014289379119873047,3978,41121,391,True
scheduler_n15_s050_seed4.txt,Scheduler,15,RelaxPriority,1000,True,min,513,10.2012,0.0668,0.027536869049072266,7443,73722,764,True
scheduler_n15_s050_seed4.txt,Scheduler,15,RelaxPriority,2000,True,min,526,35.4278,0.1764,0.06258559226989746,14350,138366,1560,True
scheduler_n15_s050_seed4.txt,Scheduler,15,Exact,2147483646,False,min,1694,199.6328,na,24.843040704727173,4863572,30833502,1059857,True
scheduler_n15_s050_seed4.txt,Scheduler,15,Exact,2147483646,True,min,1694,199.2726,43.7166,0.13707327842712402,32768,245760,6435,True
scheduler_n15_s050_seed4.txt,Scheduler,15,RelaxPriority,500,False,min,676,3.08,na,0.020823955535888672,6227,61668,500,True
scheduler_n15_s050_seed4.txt,Scheduler,15,RelaxPriority,1000,False,min,513,9.7117,na,0.04426860809326172,12227,115064,1000,True
scheduler_n15_s050_seed4.txt,Scheduler,15,RelaxPriority,5000,True,min,678,148.8018,0.5084,0.15319347381591797,34444,320154,4041,True
scheduler_n15_s050_seed4.txt,Scheduler,15,RelaxPriority,2000,False,min,526,33.6415,na,0.09860634803771973,24227,222693,2000,True
scheduler_n15_s050_seed4.txt,Scheduler,15,RelaxPriority,5000,False,min,678,140.1253,na,0.2783796787261963,57767,511856,5000,True
scheduler_n15_s050_seed4.txt,Scheduler,15,RelaxGrouping,500,True,min,251,0.2658,0.0216,0.012301921844482422,3630,38078,389,True
scheduler_n15_s050_seed4.txt,Scheduler,15,RelaxGrouping,1000,True,min,251,0.6314,0.053,0.06930875778198242,8940,88842,912,True
scheduler_n15_s050_seed4.txt,Scheduler,15,RelaxGrouping,2000,True,min,251,1.5174,0.1117,0.07650327682495117,18248,172959,1996,True
scheduler_n15_s050_seed4.txt,Scheduler,15,RelaxGrouping,5000,True,min,268,4.511,0.3307,0.20044612884521484,44020,394209,4938,True
scheduler_n15_s050_seed4.txt,Scheduler,15,RelaxGrouping,10000,True,min,268,8.7419,0.674,0.44889068603515625,84565,729325,9955,True
scheduler_n15_s050_seed4.txt,Scheduler,15,RelaxGrouping,500,False,min,251,0.2674,na,0.016256093978881836,4628,51166,434,True
scheduler_n15_s050_seed4.txt,Scheduler,15,RelaxGrouping,1000,False,min,251,0.6352,na,0.08265042304992676,10491,105943,985,True
scheduler_n15_s050_seed4.txt,Scheduler,15,RelaxGrouping,2000,False,min,251,1.556,na,0.0861971378326416,20892,197844,1996,True
scheduler_n15_s050_seed4.txt,Scheduler,15,RelaxGrouping,5000,False,min,268,4.5832,na,0.23585963249206543,51079,454999,4977,True
scheduler_n15_s050_seed4.txt,Scheduler,15,RelaxGrouping,20000,True,min,268,16.5717,1.4711,1.0022821426391602,172926,1410533,19930,True
scheduler_n15_s050_seed4.txt,Scheduler,15,RelaxGrouping,10000,False,min,268,8.799,na,0.5117142200469971,96634,831690,9955,True
scheduler_n15_s050_seed4.txt,Scheduler,15,RelaxGrouping,20000,False,min,268,16.9329,na,1.1523826122283936,200901,1633410,19960,True
scheduler_n15_s050_seed5.txt,Scheduler,15,Restricted,500,True,min,2274,0.1605,0.0056,0.002019166946411133,2106,4450,344,True
scheduler_n15_s050_seed5.txt,Scheduler,15,Restricted,1000,True,min,2274,0.4084,0.0154,0.0057985782623291016,4787,11422,782,True
scheduler_n15_s050_seed5.txt,Scheduler,15,Restricted,2000,True,min,2274,0.9448,0.044,0.015681028366088867,9925,26272,1627,True
scheduler_n15_s050_seed5.txt,Scheduler,15,Restricted,5000,True,min,2274,2.413,0.1412,0.05268263816833496,26395,80186,4292,True
scheduler_n15_s050_seed5.txt,Scheduler,15,Restricted,10000,True,min,2274,5.0781,0.3424,0.12069177627563477,50237,168108,8636,True
scheduler_n15_s050_seed5.txt,Scheduler,15,Restricted,20000,True,min,2330,10.2029,0.7885,0.2613070011138916,93005,343320,18007,True
scheduler_n15_s050_seed5.txt,Scheduler,15,Restricted,500,False,min,2274,0.1638,na,0.012642860412597656,3666,7250,500,True
scheduler_n15_s050_seed5.txt,Scheduler,15,Restricted,1000,False,min,2274,0.4116,na,0.010706186294555664,8379,18620,1000,True
scheduler_n15_s050_seed5.txt,Scheduler,15,Restricted,2000,False,min,2274,0.9469,na,0.028232097625732422,17893,44002,2000,True
scheduler_n15_s050_seed5.txt,Scheduler,15,Restricted,5000,False,min,2274,2.4111,na,0.09115815162658691,45683,128783,5000,True
scheduler_n15_s050_seed5.txt,Scheduler,15,Restricted,10000,False,min,2274,5.0898,na,0.20793676376342773,90015,280450,10000,True
scheduler_n15_s050_seed5.txt,Scheduler,15,Restricted,20000,False,min,2274,10.2395,na,0.4593508243560791,178364,615118,20000,True
scheduler_n15_s050_seed5.txt,Scheduler,15,RelaxPriority,500,True,min,865,3.2538,0.0289,0.015146017074584961,3944,40923,379,True
scheduler_n15_s050_seed5.txt,Scheduler,15,RelaxPriority,1000,True,min,865,10.5017,0.07,0.0297544002532959,7519,74891,759,True
scheduler_n15_s050_seed5.txt,Scheduler,15,RelaxPriority,2000,True,min,856,37.0404,0.1728,0.06167173385620117,14427,140639,1498,True
scheduler_n15_s050_seed5.txt,Scheduler,15,Exact,2147483646,False,min,2274,193.9936,na,23.575352907180786,4625422,29289867,1008690,True
scheduler_n15_s050_seed5.txt,Scheduler,15,Exact,2147483646,True,min,2330,192.8009,42.1413,0.1423935890197754,32768,245760,6435,True
scheduler_n15_s050_seed5.txt,Scheduler,15,RelaxPriority,500,False,min,865,3.2054,na,0.0219268798828125,6227,61801,500,True
scheduler_n15_s050_seed5.txt,Scheduler,15,RelaxPriority,1000,False,min,865,10.3327,na,0.04923605918884277,12227,116019,1000,True
scheduler_n15_s050_seed5.txt,Scheduler,15,RelaxPriority,5000,True,min,856,140.0634,0.5285,0.16457009315490723,35087,324099,4000,True
scheduler_n15_s050_seed5.txt,Scheduler,15,RelaxPriority,2000,False,min,856,37.0665,na,0.1085805892944336,24227,225274,2000,True
scheduler_n15_s050_seed5.txt,Scheduler,15,RelaxPriority,5000,False,min,856,143.6443,na,0.27614760398864746,57748,507438,5000,True
scheduler_n15_s050_seed5.txt,Scheduler,15,RelaxGrouping,500,True,min,652,0.2922,0.0233,0.015867948532104492,4421,45457,471,True
scheduler_n15_s050_seed5.txt,Scheduler,15,RelaxGrouping,1000,True,min,652,0.6115,0.0497,0.032619476318359375,8545,84600,985,True
scheduler_n15_s050_seed5.txt,Scheduler,15,RelaxGrouping,2000,True,min,652,1.4101,0.1063,0.07663226127624512,18211,171595,1950,True
scheduler_n15_s050_seed5.txt,Scheduler,15,RelaxGrouping,5000,True,min,865,4.1153,0.3241,0.19436287879943848,41930,378624,4826,True
scheduler_n15_s050_seed5.txt,Scheduler,15,RelaxGrouping,10000,True,min,865,8.5107,0.6496,0.47800517082214355,86189,747587,9786,True
scheduler_n15_s050_seed5.txt,Scheduler,15,RelaxGrouping,500,False,min,587,0.2926,na,0.018923282623291016,5330,57036,493,True
scheduler_n15_s050_seed5.txt,Scheduler,15,RelaxGrouping,1000,False,min,587,0.6029,na,0.03986930847167969,10220,102381,985,True
scheduler_n15_s050_seed5.txt,Scheduler,15,RelaxGrouping,2000,False,min,587,1.4108,na,0.0878608226776123,20561,194067,1987,True
scheduler_n15_s050_seed5.txt,Scheduler,15,RelaxGrouping,5000,False,min,710,4.1949,na,0.23711395263671875,50013,445840,4840,True
scheduler_n15_s050_seed5.txt,Scheduler,15,RelaxGrouping,10000,False,min,710,8.4976,na,0.5261714458465576,98896,851445,9828,True
scheduler_n15_s100_seed1.txt,Scheduler,15,Restricted,500,True,min,2520,0.1912,0.0049,0.0015978813171386719,2002,3823,302,True
scheduler_n15_s100_seed1.txt,Scheduler,15,Restricted,1000,True,min,2514,0.4171,0.0137,0.004814624786376953,4570,9553,678,True
scheduler_n15_s100_seed1.txt,Scheduler,15,Restricted,2000,True,min,2496,1.0656,0.0337,0.010921478271484375,9334,21203,1475,True
scheduler_n15_s100_seed1.txt,Scheduler,15,Restricted,5000,True,min,2437,2.7216,0.1099,0.03607487678527832,22587,56803,3807,True
scheduler_n15_s100_seed1.txt,Scheduler,15,Restricted,10000,True,min,2437,5.8133,0.2744,0.09111666679382324,45062,124069,8106,True
scheduler_n15_s100_seed1.txt,Scheduler,15,Restricted,20000,True,min,2437,10.4436,0.6539,0.22321271896362305,88497,266880,16956,True
scheduler_n15_s100_seed1.txt,Scheduler,15,Restricted,500,False,min,2520,0.1994,na,0.003234386444091797,3533,6407,500,True
scheduler_n15_s100_seed1.txt,Scheduler,15,Restricted,1000,False,min,2514,0.4219,na,0.008536577224731445,7751,15293,1000,True
scheduler_n15_s100_seed1.txt,Scheduler,15,Restricted,2000,False,min,2496,1.1223,na,0.02406597137451172,16271,35440,2000,True
scheduler_n15_s100_seed1.txt,Scheduler,15,Restricted,5000,False,min,2437,2.8247,na,0.07304191589355469,41577,100222,5000,True
scheduler_n15_s100_seed1.txt,Scheduler,15,Restricted,10000,False,min,2437,5.8344,na,0.16927123069763184,81465,214984,10000,True
scheduler_n15_s100_seed1.txt,Scheduler,15,Restricted,20000,False,min,2421,10.5161,na,0.3894181251525879,161132,469665,20000,True
scheduler_n15_s100_seed1.txt,Scheduler,15,RelaxPriority,500,True,min,506,3.8662,0.0264,0.014423608779907227,4143,41416,395,True
scheduler_n15_s100_seed1.txt,Scheduler,15,RelaxPriority,1000,True,min,513,12.783,0.0683,0.03126168251037598,7804,74478,751,True
scheduler_n15_s100_seed1.txt,Scheduler,15,RelaxPriority,2000,True,min,625,48.1326,0.1775,0.06254959106445312,14622,138150,1519,True
scheduler_n15_s100_seed1.txt,Scheduler,15,RelaxPriority,500,False,min,506,4.1315,na,0.023148298263549805,6227,59314,500,True
scheduler_n15_s100_seed1.txt,Scheduler,15,RelaxPriority,1000,False,min,513,12.8661,na,0.04979419708251953,12227,111307,1000,True
scheduler_n15_s100_seed1.txt,Scheduler,15,RelaxPriority,2000,False,min,625,49.4964,na,0.10624527931213379,24227,219542,2000,True
scheduler_n15_s100_seed1.txt,Scheduler,15,RelaxPriority,5000,True,min,547,201.5096,0.5476,0.15615463256835938,34301,305632,3983,True
scheduler_n15_s100_seed1.txt,Scheduler,15,RelaxGrouping,500,True,min,319,0.3336,0.0234,0.014362335205078125,4214,42624,451,True
scheduler_n15_s100_seed1.txt,Scheduler,15,RelaxPriority,5000,False,min,547,213.7124,na,0.26287150382995605,57845,493423,5000,True
scheduler_n15_s100_seed1.txt,Scheduler,15,RelaxGrouping,1000,True,min,319,0.6389,0.0457,0.02839064598083496,8421,78756,895,True
scheduler_n15_s100_seed1.txt,Scheduler,15,RelaxGrouping,5000,True,min,352,4.8082,0.3206,0.1953732967376709,43291,374664,4964,True
scheduler_n15_s100_seed1.txt,Scheduler,15,RelaxGrouping,10000,True,min,352,9.9108,0.7135,0.40552306175231934,82787,689172,9423,True
scheduler_n15_s100_seed1.txt,Scheduler,15,RelaxGrouping,500,False,min,319,0.3254,na,0.017165660858154297,5260,56521,498,True
scheduler_n15_s100_seed1.txt,Scheduler,15,RelaxGrouping,1000,False,min,319,0.6715,na,0.03738999366760254,9897,95912,958,True
scheduler_n15_s100_seed1.txt,Scheduler,15,RelaxGrouping,20000,True,min,352,18.3728,1.7147,1.0082423686981201,169136,1338997,19578,True
scheduler_n15_s100_seed1.txt,Scheduler,15,RelaxGrouping,5000,False,min,338,4.8705,na,0.22182178497314453,49918,429623,4989,True
scheduler_n15_s100_seed1.txt,Scheduler,15,RelaxGrouping,10000,False,min,338,10.0201,na,0.4806797504425049,96825,797110,9457,True
scheduler_n15_s100_seed1.txt,Scheduler,15,RelaxGrouping,20000,False,min,338,18.5664,na,1.1163063049316406,198948,1557866,19633,True
scheduler_n15_s100_seed2.txt,Scheduler,15,Restricted,500,True,min,2843,0.2071,0.0066,0.0023505687713623047,2567,5156,365,True
scheduler_n15_s100_seed2.txt,Scheduler,15,Restricted,1000,True,min,2783,0.4187,0.0154,0.005743980407714844,5150,11150,772,True
scheduler_n15_s100_seed2.txt,Scheduler,15,Restricted,2000,True,min,2792,1.1368,0.0395,0.015123128890991211,10504,24855,1645,True
scheduler_n15_s100_seed2.txt,Scheduler,15,Restricted,5000,True,min,2792,2.8594,0.1281,0.045645713806152344,24477,65213,4260,True
scheduler_n15_s100_seed2.txt,Scheduler,15,Restricted,10000,True,min,2792,5.9433,0.3043,0.11345601081848145,49036,143445,8771,True
scheduler_n15_s100_seed2.txt,Scheduler,15,Restricted,20000,True,min,2792,10.6249,0.698,0.2469618320465088,93374,297952,18242,True
scheduler_n15_s100_seed2.txt,Scheduler,15,Restricted,500,False,min,2843,0.2036,na,0.0040683746337890625,4251,8009,500,True
scheduler_n15_s100_seed2.txt,Scheduler,15,Restricted,1000,False,min,2783,0.4258,na,0.010837316513061523,8539,17311,1000,True
scheduler_n15_s100_seed2.txt,Scheduler,15,Restricted,2000,False,min,2783,1.1169,na,0.025150060653686523,17486,38658,2000,True
scheduler_n15_s100_seed2.txt,Scheduler,15,Restricted,5000,False,min,2783,2.7955,na,0.07929563522338867,44028,111054,5000,True
scheduler_n15_s100_seed2.txt,Scheduler,15,Restricted,10000,False,min,2783,5.8554,na,0.1832261085510254,86410,238924,10000,True
scheduler_n15_s100_seed2.txt,Scheduler,15,Restricted,20000,False,min,2783,10.4673,na,0.42652463912963867,168004,511960,20000,True
scheduler_n15_s100_seed2.txt,Scheduler,15,RelaxPriority,500,True,min,757,3.6895,0.0272,0.01457357406616211,4216,41958,400,True
scheduler_n15_s100_seed2.txt,Scheduler,15,RelaxPriority,1000,True,min,767,12.098,0.0649,0.029245853424072266,7752,74024,750,True
scheduler_n15_s100_seed2.txt,Scheduler,15,RelaxPriority,2000,True,min,726,43.716,0.169,0.061347007751464844,14589,136416,1537,True
scheduler_n15_s100_seed2.txt,Scheduler,15,RelaxPriority,500,False,min,757,3.71,na,0.021030426025390625,6227,59159,500,True
scheduler_n15_s100_seed2.txt,Scheduler,15,RelaxPriority,1000,False,min,767,12.5405,na,0.04591703414916992,12227,110909,1000,True
scheduler_n15_s100_seed2.txt,Scheduler,15,RelaxPriority,2000,False,min,726,43.3675,na,0.10354256629943848,24227,216406,2000,True
scheduler_n15_s100_seed2.txt,Scheduler,15,RelaxPriority,5000,True,min,726,200.9813,0.5499,0.1580817699432373,33919,304281,3896,True
scheduler_n15_s100_seed2.txt,Scheduler,15,RelaxPriority,5000,False,min,726,202.0903,na,0.27350759506225586,57821,494133,5000,True
scheduler_n15_s100_seed2.txt,Scheduler,15,RelaxGrouping,500,True,min,606,0.3436,0.0253,0.014777421951293945,4320,43660,466,True
scheduler_n15_s100_seed2.txt,Scheduler,15,RelaxGrouping,1000,True,min,606,0.6981,0.049,0.032785892486572266,8680,84131,991,True
scheduler_n15_s100_seed2.txt,Scheduler,15,RelaxGrouping,2000,True,min,606,1.9689,0.1366,0.0763401985168457,18589,173283,1967,True
scheduler_n15_s100_seed2.txt,Scheduler,15,RelaxGrouping,5000,True,min,687,4.9046,0.3207,0.19957232475280762,43373,381895,4810,True
scheduler_n15_s100_seed2.txt,Scheduler,15,RelaxGrouping,500,False,min,606,0.3362,na,0.01936817169189453,5385,57594,467,True
scheduler_n15_s100_seed2.txt,Scheduler,15,RelaxGrouping,1000,False,min,606,0.6885,na,0.0381464958190918,10209,101833,991,True
scheduler_n15_s100_seed2.txt,Scheduler,15,RelaxGrouping,10000,True,min,687,9.9109,0.7576,0.4031078815460205,79493,677327,9168,True
scheduler_n15_s100_seed2.txt,Scheduler,15,RelaxGrouping,2000,False,min,606,1.9379,na,0.09368681907653809,21885,204078,1994,True
scheduler_n15_s100_seed2.txt,Scheduler,15,RelaxGrouping,5000,False,min,633,4.871,na,0.2292165756225586,49970,439255,4993,True
scheduler_n15_s100_seed2.txt,Scheduler,15,RelaxGrouping,20000,True,min,687,19.0164,1.9579,0.9684860706329346,164328,1344127,19647,True
scheduler_n15_s100_seed2.txt,Scheduler,15,RelaxGrouping,10000,False,min,633,9.7588,na,0.48886775970458984,96031,807241,9693,True
scheduler_n15_s100_seed2.txt,Scheduler,15,RelaxGrouping,20000,False,min,664,18.8714,na,1.1635916233062744,200210,1616989,19647,True
scheduler_n15_s100_seed3.txt,Scheduler,15,Restricted,500,True,min,3804,0.2006,0.0041,0.0012195110321044922,1633,2824,287,True
scheduler_n15_s100_seed3.txt,Scheduler,15,Restricted,1000,True,min,3806,0.4989,0.0105,0.0031821727752685547,3577,6846,645,True
scheduler_n15_s100_seed3.txt,Scheduler,15,Restricted,2000,True,min,3762,1.0978,0.0281,0.008795499801635742,7874,16410,1463,True
scheduler_n15_s100_seed3.txt,Scheduler,15,Restricted,5000,True,min,3655,2.8139,0.0931,0.028339862823486328,18555,43005,3428,True
scheduler_n15_s100_seed3.txt,Scheduler,15,Restricted,10000,True,min,3655,5.8629,0.2395,0.07459211349487305,38752,98009,7555,True
scheduler_n15_s100_seed3.txt,Scheduler,15,Restricted,20000,True,min,3655,12.0378,0.5869,0.18659543991088867,80259,224187,16370,True
scheduler_n15_s100_seed3.txt,Scheduler,15,Restricted,500,False,min,3804,0.2085,na,0.0026960372924804688,3061,5074,500,True
scheduler_n15_s100_seed3.txt,Scheduler,15,Restricted,1000,False,min,3804,0.5178,na,0.007600307464599609,6532,12055,1000,True
scheduler_n15_s100_seed3.txt,Scheduler,15,Restricted,2000,False,min,3762,1.075,na,0.018685340881347656,14156,28818,2000,True
scheduler_n15_s100_seed3.txt,Scheduler,15,Restricted,5000,False,min,3654,2.7702,na,0.0652010440826416,37035,84095,5000,True
scheduler_n15_s100_seed3.txt,Scheduler,15,Restricted,10000,False,min,3654,5.8645,na,0.15123295783996582,75075,186171,10000,True
scheduler_n15_s100_seed3.txt,Scheduler,15,RelaxPriority,500,True,min,1001,3.9828,0.0274,0.014750003814697266,4258,42200,399,True
scheduler_n15_s100_seed3.txt,Scheduler,15,Restricted,20000,False,min,3654,11.9529,na,0.353832483291626,151167,414575,20000,True
scheduler_n15_s100_seed3.txt,Scheduler,15,RelaxPriority,1000,True,min,954,13.7133,0.0691,0.03056621551513672,7777,74610,733,True
scheduler_n15_s100_seed3.txt,Scheduler,15,RelaxPriority,2000,True,min,996,47.5444,0.1699,0.06183886528015137,14449,132852,1364,True
scheduler_n15_s100_seed3.txt,Scheduler,15,RelaxPriority,500,False,min,1001,3.9855,na,0.021236658096313477,6227,59203,500,True
scheduler_n15_s100_seed3.txt,Scheduler,15,RelaxPriority,1000,False,min,954,14.0909,na,0.04715871810913086,12227,112274,1000,True
scheduler_n15_s100_seed3.txt,Scheduler,15,RelaxPriority,5000,True,min,1054,202.8532,0.5259,0.14853644371032715,33456,288826,3586,True
scheduler_n15_s100_seed3.txt,Scheduler,15,RelaxPriority,2000,False,min,996,48.2775,na,0.10073399543762207,24227,213908,2000,True
scheduler_n15_s100_seed3.txt,Scheduler,15,RelaxGrouping,500,True,min,891,0.3395,0.0248,0.014319896697998047,4150,41413,460,True
scheduler_n15_s100_seed3.txt,Scheduler,15,RelaxGrouping,1000,True,min,891,0.7189,0.0564,0.030351877212524414,8409,79685,868,True
scheduler_n15_s100_seed3.txt,Scheduler,15,RelaxGrouping,2000,True,min,891,1.787,0.1277,0.07471895217895508,17955,164914,1939,True
scheduler_n15_s100_seed3.txt,Scheduler,15,RelaxGrouping,5000,True,min,898,4.9744,0.3622,0.18802404403686523,43029,370413,4897,True
scheduler_n15_s100_seed3.txt,Scheduler,15,RelaxGrouping,10000,True,min,898,9.5537,0.8035,0.3935830593109131,77893,653259,9881,True
scheduler_n15_s100_seed3.txt,Scheduler,15,RelaxGrouping,500,False,min,853,0.339,na,0.018147945404052734,5305,56616,494,True
scheduler_n15_s100_seed3.txt,Scheduler,15,RelaxGrouping,1000,False,min,853,0.717,na,0.03865194320678711,10443,101290,989,True
scheduler_n15_s100_seed3.txt,Scheduler,15,RelaxGrouping,2000,False,min,857,1.7903,na,0.08994722366333008,21315,195797,1960,True
scheduler_n15_s100_seed3.txt,Scheduler,15,RelaxGrouping,20000,True,min,898,19.0811,1.9096,0.9767587184906006,158678,1307958,19655,True
scheduler_n15_s100_seed3.txt,Scheduler,15,RelaxGrouping,5000,False,min,867,5.0758,na,0.23714303970336914,52552,440962,4958,True
scheduler_n15_s100_seed3.txt,Scheduler,15,RelaxGrouping,10000,False,min,867,9.7229,na,0.4717438220977783,99666,800797,9951,True
scheduler_n15_s100_seed3.txt,Scheduler,15,RelaxGrouping,20000,False,min,867,19.4477,na,1.2331500053405762,203669,1602906,19682,True
scheduler_n15_s100_seed3.txt,Scheduler,15,RelaxPriority,5000,False,min,1054,205.4947,na,0.26761507987976074,57855,479511,5000,True
scheduler_n15_s100_seed4.txt,Scheduler,15,Restricted,500,True,min,1845,0.1979,0.0055,0.0016837120056152344,2133,4262,345,True
scheduler_n15_s100_seed4.txt,Scheduler,15,Restricted,1000,True,min,1845,0.4136,0.014,0.0045850276947021484,4443,9623,752,True
scheduler_n15_s100_seed4.txt,Scheduler,15,Restricted,2000,True,min,1828,1.117,0.0349,0.01198267936706543,9211,21561,1545,True
scheduler_n15_s100_seed4.txt,Scheduler,15,Restricted,5000,True,min,1828,2.7676,0.126,0.04260849952697754,24284,64458,4222,True
scheduler_n15_s100_seed4.txt,Scheduler,15,Restricted,10000,True,min,1824,5.0974,0.3062,0.1068427562713623,48521,140382,8819,True
scheduler_n15_s100_seed4.txt,Scheduler,15,Restricted,20000,True,min,1828,10.5023,0.7001,0.23201918601989746,93560,296992,18096,True
scheduler_n15_s100_seed4.txt,Scheduler,15,Restricted,500,False,min,1845,0.2016,na,0.0034542083740234375,3687,7010,500,True
scheduler_n15_s100_seed4.txt,Scheduler,15,Restricted,1000,False,min,1841,0.4143,na,0.009193181991577148,7798,16083,1000,True
scheduler_n15_s100_seed4.txt,Scheduler,15,Restricted,2000,False,min,1828,1.101,na,0.022572040557861328,16260,36234,2000,True
scheduler_n15_s100_seed4.txt,Scheduler,15,Restricted,5000,False,min,1828,2.7756,na,0.08010673522949219,43026,108755,5000,True
scheduler_n15_s100_seed4.txt,Scheduler,15,Restricted,10000,False,min,1824,5.1335,na,0.17949843406677246,85396,236911,10000,True
scheduler_n15_s100_seed4.txt,Scheduler,15,Restricted,20000,False,min,1824,10.4274,na,0.40897536277770996,168091,515818,20000,True
scheduler_n15_s100_seed4.txt,Scheduler,15,RelaxPriority,500,True,min,491,3.6532,0.0269,0.013846635818481445,4230,41434,398,True
scheduler_n15_s100_seed4.txt,Scheduler,15,RelaxPriority,1000,True,min,496,11.7513,0.0659,0.028708457946777344,7918,75064,792,True
scheduler_n15_s100_seed4.txt,Scheduler,15,RelaxPriority,2000,True,min,515,44.0076,0.1703,0.0624697208404541,15151,139521,1531,True
scheduler_n15_s100_seed4.txt,Scheduler,15,RelaxPriority,500,False,min,491,3.5902,na,0.02039170265197754,6227,58135,500,True
scheduler_n15_s100_seed4.txt,Scheduler,15,RelaxPriority,5000,True,min,544,180.6513,0.5295,0.16207170486450195,35756,317760,4080,True
scheduler_n15_s100_seed4.txt,Scheduler,15,RelaxPriority,1000,False,min,496,11.9064,na,0.04448556900024414,12227,110466,1000,True
scheduler_n15_s100_seed4.txt,Scheduler,15,RelaxPriority,2000,False,min,515,43.9255,na,0.10031652450561523,24227,214650,2000,True
scheduler_n15_s100_seed4.txt,Scheduler,15,RelaxGrouping,500,True,min,301,0.3533,0.0262,0.014726877212524414,4292,43181,497,True
scheduler_n15_s100_seed4.txt,Scheduler,15,RelaxGrouping,1000,True,min,301,0.7273,0.0571,0.03288578987121582,8716,83558,967,True
scheduler_n15_s100_seed4.txt,Scheduler,15,RelaxGrouping,2000,True,min,301,1.5496,0.1127,0.06826901435852051,16916,155482,1896,True
scheduler_n15_s100_seed4.txt,Scheduler,15,RelaxGrouping,5000,True,min,301,4.7597,0.3251,0.2033250331878662,44313,384206,4944,True
scheduler_n15_s100_seed4.txt,Scheduler,15,RelaxGrouping,10000,True,min,301,9.7791,0.8087,0.4427623748779297,85407,719703,9943,True
scheduler_n15_s100_seed4.txt,Scheduler,15,RelaxGrouping,500,False,min,301,0.3349,na,0.018350839614868164,5412,57386,499,True
scheduler_n15_s100_seed4.txt,Scheduler,15,RelaxGrouping,1000,False,min,301,0.6886,na,0.03984713554382324,10555,103352,984,True
scheduler_n15_s100_seed4.txt,Scheduler,15,RelaxGrouping,20000,True,min,301,17.9299,1.9251,0.9001495838165283,153455,1264856,19888,True
scheduler_n15_s100_seed4.txt,Scheduler,15,RelaxPriority,5000,False,min,544,180.6767,na,0.26026034355163574,57801,491662,5000,True
scheduler_n15_s100_seed4.txt,Scheduler,15,RelaxGrouping,2000,False,min,301,1.5406,na,0.08075308799743652,19804,183531,1903,True
scheduler_n15_s100_seed4.txt,Scheduler,15,RelaxGrouping,5000,False,min,301,4.699,na,0.2283940315246582,51246,442606,4997,True
scheduler_n15_s100_seed4.txt,Scheduler,15,RelaxGrouping,10000,False,min,301,9.7481,na,0.5367786884307861,103920,856922,9943,True
scheduler_n15_s100_seed4.txt,Scheduler,15,RelaxGrouping,20000,False,min,301,18.0547,na,1.174837589263916,203690,1602490,19935,True
scheduler_n15_s100_seed5.txt,Scheduler,15,Restricted,500,True,min,2439,0.2041,0.0056,0.0018537044525146484,2248,4198,299,True
scheduler_n15_s100_seed5.txt,Scheduler,15,Restricted,1000,True,min,2439,0.4355,0.0144,0.004431724548339844,4507,8953,672,True
scheduler_n15_s100_seed5.txt,Scheduler,15,Restricted,2000,True,min,2436,1.1196,0.0336,0.011967658996582031,9419,20246,1484,True
scheduler_n15_s100_seed5.txt,Scheduler,15,Restricted,5000,True,min,2436,2.8056,0.1153,0.03918313980102539,23206,56760,3770,True
scheduler_n15_s100_seed5.txt,Scheduler,15,Restricted,10000,True,min,2436,5.8401,0.2786,0.09913039207458496,47377,128455,8266,True
scheduler_n15_s100_seed5.txt,Scheduler,15,Restricted,20000,True,min,2436,10.4252,0.658,0.22628426551818848,92739,276400,17222,True
scheduler_n15_s100_seed5.txt,Scheduler,15,Restricted,500,False,min,2439,0.2013,na,0.003759145736694336,3859,6708,500,True
scheduler_n15_s100_seed5.txt,Scheduler,15,Restricted,1000,False,min,2439,0.418,na,0.029083251953125,7742,14531,1000,True
scheduler_n15_s100_seed5.txt,Scheduler,15,Restricted,2000,False,min,2436,1.0916,na,0.0210115909576416,16007,32804,2000,True
scheduler_n15_s100_seed5.txt,Scheduler,15,Restricted,5000,False,min,2436,2.7068,na,0.07324409484863281,42345,99206,5000,True
scheduler_n15_s100_seed5.txt,Scheduler,15,Restricted,10000,False,min,2436,5.7492,na,0.16704726219177246,84062,217269,10000,True
scheduler_n15_s100_seed5.txt,Scheduler,15,Restricted,20000,False,min,2436,10.2957,na,0.3735783100128174,165430,474099,20000,True
scheduler_n15_s100_seed5.txt,Scheduler,15,RelaxPriority,500,True,min,879,3.8067,0.0279,0.014988899230957031,4272,43016,401,True
scheduler_n15_s100_seed5.txt,Scheduler,15,RelaxPriority,1000,True,min,842,12.0654,0.0638,0.030181407928466797,7949,74987,743,True
scheduler_n15_s100_seed5.txt,Scheduler,15,RelaxPriority,2000,True,min,923,48.4382,0.1712,0.06430315971374512,14841,139450,1534,True
scheduler_n15_s100_seed5.txt,Scheduler,15,RelaxPriority,500,False,min,879,3.9388,na,0.0221250057220459,6227,60265,500,True
scheduler_n15_s100_seed5.txt,Scheduler,15,RelaxPriority,1000,False,min,842,12.3731,na,0.04539990425109863,12227,110351,1000,True
scheduler_n15_s100_seed5.txt,Scheduler,15,RelaxPriority,5000,True,min,887,192.2739,0.5412,0.15907812118530273,34876,309540,3900,True
scheduler_n15_s100_seed5.txt,Scheduler,15,RelaxPriority,2000,False,min,923,48.4337,na,0.10822916030883789,24227,218997,2000,True
scheduler_n15_s100_seed5.txt,Scheduler,15,RelaxGrouping,500,True,min,664,0.343,0.0246,0.014713287353515625,4296,41787,466,True
scheduler_n15_s100_seed5.txt,Scheduler,15,RelaxGrouping,1000,True,min,664,0.7118,0.0521,0.03231167793273926,9039,84441,951,True
scheduler_n15_s100_seed5.txt,Scheduler,15,RelaxGrouping,2000,True,min,664,1.6633,0.1078,0.07239222526550293,18385,165154,1883,True
scheduler_n15_s100_seed5.txt,Scheduler,15,RelaxGrouping,5000,True,min,688,4.7369,0.3389,0.18131327629089355,41801,364944,4922,True
scheduler_n15_s100_seed5.txt,Scheduler,15,RelaxGrouping,20000,True,min,667,16.7502,1.7271,0.868664026260376,153766,1240203,19750,True
scheduler_n15_s100_seed5.txt,Scheduler,15,RelaxGrouping,500,False,min,619,0.33,na,0.01826190948486328,5434,56663,489,True
scheduler_n15_s100_seed5.txt,Scheduler,15,RelaxGrouping,1000,False,min,619,0.6927,na,0.0390315055847168,10803,103881,997,True
scheduler_n15_s100_seed5.txt,Scheduler,15,RelaxGrouping,2000,False,min,619,1.6592,na,0.08192205429077148,20836,189367,1896,True
scheduler_n15_s100_seed5.txt,Scheduler,15,RelaxPriority,5000,False,min,887,193.6471,na,0.2542264461517334,57861,491787,5000,True
scheduler_n15_s100_seed5.txt,Scheduler,15,RelaxGrouping,5000,False,min,666,4.6253,na,0.21944451332092285,51446,436743,4934,True
scheduler_n15_s100_seed5.txt,Scheduler,15,RelaxGrouping,20000,False,min,666,16.9467,na,1.086967945098877,201055,1531077,19928,True
scheduler_n20_s025_seed1.txt,Scheduler,20,Restricted,500,True,min,3418,0.4022,0.0108,0.004932880401611328,3973,9555,422,True
scheduler_n20_s025_seed1.txt,Scheduler,20,Restricted,1000,True,min,3330,0.9089,0.0291,0.012925863265991211,8468,23012,810,True
scheduler_n20_s025_seed1.txt,Scheduler,20,Restricted,2000,True,min,3244,2.1428,0.0684,0.029831647872924805,17016,50038,1727,True
scheduler_n20_s025_seed1.txt,Scheduler,20,Restricted,5000,True,min,3227,5.9121,0.2369,0.10794258117675781,46697,163405,4416,True
scheduler_n20_s025_seed1.txt,Scheduler,20,Restricted,10000,True,min,3227,10.6126,0.5541,0.23472285270690918,91575,348338,9132,True
scheduler_n20_s025_seed1.txt,Scheduler,20,Restricted,20000,True,min,3186,21.7784,1.3359,0.564110517501831,183264,751525,18378,True
scheduler_n20_s025_seed1.txt,Scheduler,20,Restricted,500,False,min,3418,0.4094,na,0.00767970085144043,5779,12833,500,True
scheduler_n20_s025_seed1.txt,Scheduler,20,Restricted,1000,False,min,3330,0.916,na,0.019481897354125977,12789,32137,1000,True
scheduler_n20_s025_seed1.txt,Scheduler,20,Restricted,2000,False,min,3244,2.1944,na,0.04384255409240723,25416,69519,2000,True
scheduler_n20_s025_seed1.txt,Scheduler,20,Restricted,5000,False,min,3223,5.9277,na,0.15030407905578613,68892,222768,5000,True
scheduler_n20_s025_seed1.txt,Scheduler,20,Restricted,10000,False,min,3223,10.9083,na,0.3542141914367676,139527,492305,10000,True
scheduler_n20_s025_seed1.txt,Scheduler,20,RelaxPriority,500,True,min,680,10.9126,0.066,0.06675505638122559,5964,91660,405,True
scheduler_n20_s025_seed1.txt,Scheduler,20,Restricted,20000,False,min,3185,21.7434,na,0.7976775169372559,274628,1046769,20000,True
scheduler_n20_s025_seed1.txt,Scheduler,20,RelaxPriority,1000,True,min,676,37.5566,0.1602,0.06802248954772949,11516,172896,827,True
scheduler_n20_s025_seed1.txt,Scheduler,20,RelaxPriority,2000,True,min,695,128.5322,0.4153,0.13870501518249512,22084,324694,1651,True
scheduler_n20_s025_seed1.txt,Scheduler,20,RelaxPriority,500,False,min,680,10.7419,na,0.09888529777526855,8902,133362,500,True
scheduler_n20_s025_seed1.txt,Scheduler,20,RelaxPriority,1000,False,min,676,37.1013,na,0.09982037544250488,17402,253809,1000,True
scheduler_n20_s025_seed1.txt,Scheduler,20,RelaxPriority,2000,False,min,695,123.7987,na,0.21536707878112793,34402,491452,2000,True
scheduler_n20_s025_seed1.txt,Scheduler,20,RelaxGrouping,500,True,min,507,0.7276,0.0525,0.029161453247070312,5454,81325,420,True
scheduler_n20_s025_seed1.txt,Scheduler,20,RelaxGrouping,1000,True,min,621,1.5019,0.1071,0.061479806900024414,11085,160512,859,True
scheduler_n20_s025_seed1.txt,Scheduler,20,RelaxGrouping,2000,True,min,507,3.647,0.2408,0.1343543529510498,22773,321382,1829,True
scheduler_n20_s025_seed1.txt,Scheduler,20,RelaxGrouping,5000,True,min,507,10.6919,0.7764,0.45958614349365234,63155,864141,4930,True
scheduler_n20_s025_seed1.txt,Scheduler,20,RelaxGrouping,10000,True,min,611,19.2234,1.3496,0.9952921867370605,123636,1629598,9344,True
scheduler_n20_s025_seed1.txt,Scheduler,20,RelaxGrouping,500,False,min,507,0.722,na,0.03872847557067871,7119,112725,482,True
scheduler_n20_s025_seed1.txt,Scheduler,20,RelaxGrouping,1000,False,min,507,1.4849,na,0.07551026344299316,13207,198419,963,True
scheduler_n20_s025_seed1.txt,Scheduler,20,RelaxGrouping,2000,False,min,507,3.6038,na,0.15894007682800293,26400,378316,1876,True
scheduler_n20_s025_seed1.txt,Scheduler,20,RelaxGrouping,5000,False,min,507,10.5244,na,0.48560357093811035,71802,983306,4962,True
scheduler_n20_s025_seed1.txt,Scheduler,20,RelaxGrouping,20000,True,min,611,40.0784,3.5736,2.3698983192443848,261630,3380921,19941,True
scheduler_n20_s025_seed1.txt,Scheduler,20,RelaxGrouping,10000,False,min,535,18.8712,na,1.0597398281097412,136178,1791891,9368,True
scheduler_n20_s025_seed1.txt,Scheduler,20,RelaxGrouping,20000,False,min,535,40.0565,na,2.6123673915863037,288126,3698095,19988,True
scheduler_n20_s025_seed2.txt,Scheduler,20,Restricted,500,True,min,3773,0.4022,0.0122,0.005719423294067383,4487,11013,398,True
scheduler_n20_s025_seed2.txt,Scheduler,20,Restricted,1000,True,min,3686,0.914,0.0308,0.014039278030395508,9269,26067,786,True
scheduler_n20_s025_seed2.txt,Scheduler,20,Restricted,2000,True,min,3686,2.104,0.0779,0.037192344665527344,19463,61422,1678,True
scheduler_n20_s025_seed2.txt,Scheduler,20,Restricted,5000,True,min,3645,5.8894,0.2595,0.11473870277404785,49697,179507,4398,True
scheduler_n20_s025_seed2.txt,Scheduler,20,Restricted,10000,True,min,3645,10.7546,0.5994,0.2615077495574951,97598,381492,9068,True
scheduler_n20_s025_seed2.txt,Scheduler,20,Restricted,20000,True,min,3645,21.72,1.3712,0.5890491008758545,188815,789634,18529,True
scheduler_n20_s025_seed2.txt,Scheduler,20,Restricted,500,False,min,3773,0.413,na,0.007567405700683594,6435,14643,500,True
scheduler_n20_s025_seed2.txt,Scheduler,20,Restricted,1000,False,min,3686,0.9419,na,0.021007299423217773,13628,35432,1000,True
scheduler_n20_s025_seed2.txt,Scheduler,20,Restricted,2000,False,min,3686,2.2125,na,0.0500795841217041,28035,81611,2000,True
scheduler_n20_s025_seed2.txt,Scheduler,20,Restricted,5000,False,min,3645,5.9453,na,0.1646440029144287,71965,240491,5000,True
scheduler_n20_s025_seed2.txt,Scheduler,20,Restricted,10000,False,min,3645,10.6083,na,0.37258386611938477,142820,516929,10000,True
scheduler_n20_s025_seed2.txt,Scheduler,20,RelaxPriority,500,True,min,767,10.5371,0.067,0.031189918518066406,5639,87722,389,True
scheduler_n20_s025_seed2.txt,Scheduler,20,Restricted,20000,False,min,3645,21.5945,na,0.8114898204803467,278966,1085059,20000,True
scheduler_n20_s025_seed2.txt,Scheduler,20,RelaxPriority,1000,True,min,796,36.4706,0.1681,0.07725143432617188,10920,165638,800,True
scheduler_n20_s025_seed2.txt,Scheduler,20,RelaxPriority,2000,True,min,804,117.2189,0.4172,0.13756418228149414,21781,321704,1651,True
scheduler_n20_s025_seed2.txt,Scheduler,20,RelaxPriority,500,False,min,767,10.8496,na,0.09482073783874512,8902,134741,500,True
scheduler_n20_s025_seed2.txt,Scheduler,20,RelaxPriority,1000,False,min,796,34.9703,na,0.0964200496673584,17402,256394,1000,True
scheduler_n20_s025_seed2.txt,Scheduler,20,RelaxPriority,2000,False,min,804,120.7027,na,0.21973586082458496,34402,493203,2000,True
scheduler_n20_s025_seed2.txt,Scheduler,20,RelaxGrouping,1000,True,min,436,1.567,0.1201,0.06440877914428711,11077,162585,921,True
scheduler_n20_s025_seed2.txt,Scheduler,20,RelaxGrouping,2000,True,min,436,3.7584,0.2526,0.1460249423980713,24011,339835,1961,True
scheduler_n20_s025_seed2.txt,Scheduler,20,RelaxGrouping,5000,True,min,436,10.2795,0.771,0.4166843891143799,61465,847009,4884,True
scheduler_n20_s025_seed2.txt,Scheduler,20,RelaxGrouping,10000,True,min,465,21.1756,1.5325,1.0220048427581787,125877,1683222,9902,True
scheduler_n20_s025_seed2.txt,Scheduler,20,RelaxGrouping,20000,True,min,465,39.4197,3.7864,2.342406988143921,253603,3291961,19631,True
scheduler_n20_s025_seed2.txt,Scheduler,20,RelaxGrouping,1000,False,min,436,1.5576,na,0.08093929290771484,13777,207657,980,True
scheduler_n20_s025_seed2.txt,Scheduler,20,RelaxGrouping,2000,False,min,436,3.6581,na,0.16674351692199707,27363,392707,1961,True
scheduler_n20_s025_seed2.txt,Scheduler,20,RelaxGrouping,5000,False,min,436,10.209,na,0.46952199935913086,70602,971827,4945,True
scheduler_n20_s025_seed2.txt,Scheduler,20,RelaxGrouping,10000,False,min,465,20.6893,na,1.080338954925537,139842,1863014,9963,True
scheduler_n20_s025_seed2.txt,Scheduler,20,RelaxGrouping,20000,False,min,465,39.2878,na,2.5179507732391357,281229,3632244,19733,True
scheduler_n20_s025_seed3.txt,Scheduler,20,Restricted,500,True,min,5868,0.4102,0.0081,0.003268718719482422,3129,6361,369,True
scheduler_n20_s025_seed3.txt,Scheduler,20,Restricted,1000,True,min,5704,1.0399,0.021,0.008292675018310547,6769,15596,820,True
scheduler_n20_s025_seed3.txt,Scheduler,20,Restricted,2000,True,min,5639,2.0904,0.0509,0.020728111267089844,13743,35358,1572,True
scheduler_n20_s025_seed3.txt,Scheduler,20,Restricted,5000,True,min,5599,5.8902,0.1839,0.07809066772460938,37944,116601,4241,True
scheduler_n20_s025_seed3.txt,Scheduler,20,Restricted,10000,True,min,5599,10.6745,0.4407,0.1772611141204834,74758,259111,8618,True
scheduler_n20_s025_seed3.txt,Scheduler,20,Restricted,500,False,min,5868,0.3954,na,0.004804134368896484,4669,9105,500,True
scheduler_n20_s025_seed3.txt,Scheduler,20,Restricted,1000,False,min,5704,1.0598,na,0.013883113861083984,10123,22199,1000,True
scheduler_n20_s025_seed3.txt,Scheduler,20,Restricted,2000,False,min,5639,2.1344,na,0.03307485580444336,20814,50496,2000,True
scheduler_n20_s025_seed3.txt,Scheduler,20,Restricted,20000,True,min,5599,21.1186,1.1045,0.4665548801422119,160217,630569,17608,True
scheduler_n20_s025_seed3.txt,Scheduler,20,Restricted,5000,False,min,5599,5.8416,na,0.10922455787658691,56676,162389,5000,True
scheduler_n20_s025_seed3.txt,Scheduler,20,Restricted,10000,False,min,5599,10.4746,na,0.27787137031555176,116088,374689,10000,True
scheduler_n20_s025_seed3.txt,Scheduler,20,RelaxPriority,500,True,min,848,10.4163,0.0624,0.030675888061523438,5768,88400,402,True
scheduler_n20_s025_seed3.txt,Scheduler,20,Restricted,20000,False,min,5599,21.2543,na,0.6528346538543701,244429,892828,20000,True
scheduler_n20_s025_seed3.txt,Scheduler,20,RelaxPriority,1000,True,min,938,36.7384,0.1532,0.06270456314086914,10970,166114,778,True
scheduler_n20_s025_seed3.txt,Scheduler,20,RelaxPriority,2000,True,min,931,125.1731,0.4181,0.13538575172424316,21344,317252,1604,True
scheduler_n20_s025_seed3.txt,Scheduler,20,RelaxPriority,500,False,min,848,11.055,na,0.04633522033691406,8902,132600,500,True
scheduler_n20_s025_seed3.txt,Scheduler,20,RelaxPriority,1000,False,min,938,37.0773,na,0.10371899604797363,17402,255491,1000,True
scheduler_n20_s025_seed3.txt,Scheduler,20,RelaxPriority,2000,False,min,931,129.9136,na,0.22385406494140625,34402,495172,2000,True
scheduler_n20_s025_seed3.txt,Scheduler,20,RelaxGrouping,500,True,min,518,0.6625,0.0472,0.02411341667175293,4728,68049,421,True
scheduler_n20_s025_seed3.txt,Scheduler,20,RelaxGrouping,1000,True,min,518,1.5068,0.1096,0.05994391441345215,10768,152164,920,True
scheduler_n20_s025_seed3.txt,Scheduler,20,RelaxGrouping,2000,True,min,518,3.7193,0.2582,0.1392052173614502,23650,322807,1977,True
scheduler_n20_s025_seed3.txt,Scheduler,20,RelaxGrouping,5000,True,min,518,9.0649,0.701,0.3840446472167969,58014,769637,4907,True
scheduler_n20_s025_seed3.txt,Scheduler,20,RelaxGrouping,10000,True,min,587,18.9719,1.3786,0.9788484573364258,120287,1563511,9650,True
scheduler_n20_s025_seed3.txt,Scheduler,20,RelaxGrouping,500,False,min,518,0.6494,na,0.032816410064697266,6231,96757,487,True
scheduler_n20_s025_seed3.txt,Scheduler,20,RelaxGrouping,1000,False,min,518,1.4864,na,0.07324886322021484,12787,186457,998,True
scheduler_n20_s025_seed3.txt,Scheduler,20,RelaxGrouping,2000,False,min,518,3.6638,na,0.1622636318206787,27133,375108,1999,True
scheduler_n20_s025_seed3.txt,Scheduler,20,RelaxGrouping,5000,False,min,518,9.1414,na,0.43081212043762207,65954,872109,4909,True
scheduler_n20_s025_seed3.txt,Scheduler,20,RelaxGrouping,20000,True,min,587,35.265,3.0713,2.193265199661255,238947,3028443,18773,True
scheduler_n20_s025_seed3.txt,Scheduler,20,RelaxGrouping,10000,False,min,587,18.7945,na,1.054917335510254,134802,1730694,9787,True
scheduler_n20_s025_seed3.txt,Scheduler,20,RelaxGrouping,20000,False,min,587,35.0887,na,2.296598434448242,268079,3343945,19096,True
scheduler_n20_s025_seed4.txt,Scheduler,20,Restricted,500,True,min,3379,0.3957,0.0136,0.00583648681640625,5277,13252,426,True
scheduler_n20_s025_seed4.txt,Scheduler,20,Restricted,1000,True,min,3379,0.8784,0.0346,0.015184164047241211,10491,29598,882,True
scheduler_n20_s025_seed4.txt,Scheduler,20,Restricted,2000,True,min,3379,2.073,0.0797,0.03730893135070801,20942,64715,1805,True
scheduler_n20_s025_seed4.txt,Scheduler,20,Restricted,5000,True,min,3352,5.799,0.2403,0.11010551452636719,51361,176727,4666,True
scheduler_n20_s025_seed4.txt,Scheduler,20,Restricted,10000,True,min,3325,10.3299,0.5486,0.24572443962097168,99532,372198,9479,True
scheduler_n20_s025_seed4.txt,Scheduler,20,Restricted,20000,True,min,3325,21.3423,1.2686,0.5317180156707764,190887,771820,19095,True
scheduler_n20_s025_seed4.txt,Scheduler,20,Restricted,500,False,min,3378,0.4206,na,0.00928807258605957,7339,17267,500,True
scheduler_n20_s025_seed4.txt,Scheduler,20,Restricted,1000,False,min,3369,0.8905,na,0.02292346954345703,15065,39674,1000,True
scheduler_n20_s025_seed4.txt,Scheduler,20,Restricted,2000,False,min,3369,2.1489,na,0.052945852279663086,29790,85922,2000,True
scheduler_n20_s025_seed4.txt,Scheduler,20,Restricted,5000,False,min,3352,5.8942,na,0.15374159812927246,72763,234366,5000,True
scheduler_n20_s025_seed4.txt,Scheduler,20,Restricted,10000,False,min,3320,10.3232,na,0.3260488510131836,142802,500854,10000,True
scheduler_n20_s025_seed4.txt,Scheduler,20,RelaxPriority,500,True,min,1009,10.8362,0.0634,0.03352952003479004,6278,95519,432,True
scheduler_n20_s025_seed4.txt,Scheduler,20,Restricted,20000,False,min,3320,20.8723,na,0.742520809173584,279897,1061935,20000,True
scheduler_n20_s025_seed4.txt,Scheduler,20,RelaxPriority,1000,True,min,1044,37.8349,0.1583,0.07113409042358398,12043,179174,863,True
scheduler_n20_s025_seed4.txt,Scheduler,20,RelaxPriority,2000,True,min,1189,132.9674,0.4251,0.1510164737701416,23386,341116,1709,True
scheduler_n20_s025_seed4.txt,Scheduler,20,RelaxPriority,500,False,min,1009,10.7827,na,0.09800481796264648,8902,132290,500,True
scheduler_n20_s025_seed4.txt,Scheduler,20,RelaxPriority,1000,False,min,1044,37.3328,na,0.1034402847290039,17402,252521,1000,True
scheduler_n20_s025_seed4.txt,Scheduler,20,RelaxPriority,2000,False,min,1189,129.7656,na,0.21647143363952637,34402,489207,2000,True
scheduler_n20_s025_seed4.txt,Scheduler,20,RelaxGrouping,500,True,min,466,0.78,0.0551,0.032929420471191406,5916,91186,493,True
scheduler_n20_s025_seed4.txt,Scheduler,20,RelaxGrouping,1000,True,min,466,1.6046,0.1072,0.06600642204284668,11507,168455,859,True
scheduler_n20_s025_seed4.txt,Scheduler,20,RelaxGrouping,2000,True,min,466,3.9723,0.2479,0.16164398193359375,26085,373158,1983,True
scheduler_n20_s025_seed4.txt,Scheduler,20,RelaxGrouping,5000,True,min,466,11.1045,0.699,0.4437556266784668,63641,884624,4802,True
scheduler_n20_s025_seed4.txt,Scheduler,20,RelaxGrouping,10000,True,min,481,21.8024,1.6611,1.0912468433380127,129511,1751759,9799,True
scheduler_n20_s025_seed4.txt,Scheduler,20,RelaxGrouping,500,False,min,466,0.728,na,0.04172110557556152,7402,118756,499,True
scheduler_n20_s025_seed4.txt,Scheduler,20,RelaxGrouping,1000,False,min,466,1.495,na,0.07546544075012207,13289,199559,913,True
scheduler_n20_s025_seed4.txt,Scheduler,20,RelaxGrouping,20000,True,min,481,40.8773,3.2974,2.3340742588043213,257456,3344390,19529,True
scheduler_n20_s025_seed4.txt,Scheduler,20,RelaxGrouping,2000,False,min,466,3.8985,na,0.18615961074829102,29052,420129,1996,True
scheduler_n20_s025_seed4.txt,Scheduler,20,RelaxGrouping,5000,False,min,466,10.7495,na,0.47139739990234375,70964,990695,4819,True
scheduler_n20_s025_seed4.txt,Scheduler,20,RelaxGrouping,10000,False,min,455,21.479,na,1.1135962009429932,143483,1941438,9809,True
scheduler_n20_s025_seed4.txt,Scheduler,20,RelaxGrouping,20000,False,min,455,40.49,na,2.4442269802093506,279361,3617839,19912,True
scheduler_n20_s025_seed5.txt,Scheduler,20,Restricted,500,True,min,2796,0.4174,0.0131,0.005845546722412109,4550,11581,418,True
scheduler_n20_s025_seed5.txt,Scheduler,20,Restricted,1000,True,min,2736,0.9012,0.0317,0.013755321502685547,9427,27205,868,True
scheduler_n20_s025_seed5.txt,Scheduler,20,Restricted,2000,True,min,2736,2.1124,0.0755,0.03346419334411621,18934,59149,1797,True
scheduler_n20_s025_seed5.txt,Scheduler,20,Restricted,5000,True,min,2718,5.8889,0.2492,0.11322259902954102,49389,176978,4618,True
scheduler_n20_s025_seed5.txt,Scheduler,20,Restricted,10000,True,min,2697,10.5931,0.5868,0.24554038047790527,95381,368951,9348,True
scheduler_n20_s025_seed5.txt,Scheduler,20,Restricted,20000,True,min,2649,21.251,1.2775,0.5362541675567627,185355,764643,18930,True
scheduler_n20_s025_seed5.txt,Scheduler,20,Restricted,500,False,min,2796,0.403,na,0.008594274520874023,6608,15514,500,True
scheduler_n20_s025_seed5.txt,Scheduler,20,Restricted,1000,False,min,2736,0.8867,na,0.02091193199157715,14068,37457,1000,True
scheduler_n20_s025_seed5.txt,Scheduler,20,Restricted,2000,False,min,2726,1.9952,na,0.04384207725524902,27949,80639,2000,True
scheduler_n20_s025_seed5.txt,Scheduler,20,Restricted,5000,False,min,2718,5.313,na,0.14265131950378418,71633,236980,5000,True
scheduler_n20_s025_seed5.txt,Scheduler,20,Restricted,10000,False,min,2697,10.1365,na,0.33980345726013184,142882,511537,10000,True
scheduler_n20_s025_seed5.txt,Scheduler,20,RelaxPriority,500,True,min,800,10.7547,0.0675,0.03192734718322754,5894,90192,382,True
scheduler_n20_s025_seed5.txt,Scheduler,20,Restricted,20000,False,min,2649,20.8553,na,0.7307007312774658,277132,1061159,20000,True
scheduler_n20_s025_seed5.txt,Scheduler,20,RelaxPriority,1000,True,min,800,38.5247,0.166,0.06642317771911621,11423,170883,781,True
scheduler_n20_s025_seed5.txt,Scheduler,20,RelaxPriority,2000,True,min,783,124.7229,0.4196,0.14061284065246582,22326,324858,1637,True
scheduler_n20_s025_seed5.txt,Scheduler,20,RelaxPriority,500,False,min,800,11.3074,na,0.04755806922912598,8902,133199,500,True
scheduler_n20_s025_seed5.txt,Scheduler,20,RelaxPriority,1000,False,min,800,38.911,na,0.10869526863098145,17402,253995,1000,True
scheduler_n20_s025_seed5.txt,Scheduler,20,RelaxPriority,2000,False,min,783,128.8382,na,0.21229171752929688,34402,487839,2000,True
scheduler_n20_s025_seed5.txt,Scheduler,20,RelaxGrouping,500,True,min,733,0.7339,0.0505,0.05987739562988281,5963,91759,440,True
scheduler_n20_s025_seed5.txt,Scheduler,20,RelaxGrouping,1000,True,min,733,1.6636,0.1053,0.07167458534240723,13017,193018,953,True
scheduler_n20_s025_seed5.txt,Scheduler,20,RelaxGrouping,5000,True,min,733,11.2102,0.6994,0.47018909454345703,65520,916567,4948,True
scheduler_n20_s025_seed5.txt,Scheduler,20,RelaxGrouping,10000,True,min,694,22.2845,1.783,1.12298583984375,131315,1791566,9914,True
scheduler_n20_s025_seed5.txt,Scheduler,20,RelaxGrouping,500,False,min,594,0.7561,na,0.08687353134155273,7661,123675,486,True
scheduler_n20_s025_seed5.txt,Scheduler,20,RelaxGrouping,1000,False,min,594,1.7358,na,0.09115457534790039,15084,229604,986,True
scheduler_n20_s025_seed5.txt,Scheduler,20,RelaxGrouping,5000,False,min,594,11.2049,na,0.5112612247467041,73709,1035914,4989,True
scheduler_n20_s025_seed5.txt,Scheduler,20,RelaxGrouping,10000,False,min,594,22.4684,na,1.2200849056243896,148750,2029488,9933,True
scheduler_n20_s050_seed1.txt,Scheduler,20,Restricted,500,True,min,3468,0.3927,0.0076,0.002790212631225586,2948,5973,372,True
scheduler_n20_s050_seed1.txt,Scheduler,20,Restricted,1000,True,min,3416,1.0283,0.0213,0.008273839950561523,7058,16327,827,True
scheduler_n20_s050_seed1.txt,Scheduler,20,Restricted,2000,True,min,3362,2.0897,0.0526,0.02073836326599121,14483,36556,1597,True
scheduler_n20_s050_seed1.txt,Scheduler,20,Restricted,5000,True,min,3258,5.8287,0.1895,0.08114266395568848,41480,124104,4310,True
scheduler_n20_s050_seed1.txt,Scheduler,20,Restricted,10000,True,min,3245,11.8227,0.4412,0.18975281715393066,85888,281843,9007,True
scheduler_n20_s050_seed1.txt,Scheduler,20,Restricted,500,False,min,3468,0.3984,na,0.004539012908935547,4574,8810,500,True
scheduler_n20_s050_seed1.txt,Scheduler,20,Restricted,1000,False,min,3416,1.0436,na,0.013757944107055664,10666,23353,1000,True
scheduler_n20_s050_seed1.txt,Scheduler,20,Restricted,2000,False,min,3362,2.1146,na,0.033431291580200195,22502,53806,2000,True
scheduler_n20_s050_seed1.txt,Scheduler,20,Restricted,20000,True,min,3211,21.3481,1.1137,0.46782374382019043,172507,622636,18499,True
scheduler_n20_s050_seed1.txt,Scheduler,20,Restricted,5000,False,min,3258,5.877,na,0.11917591094970703,62084,174482,5000,True
scheduler_n20_s050_seed1.txt,Scheduler,20,Restricted,10000,False,min,3245,11.9188,na,0.2717564105987549,128349,395485,10000,True
scheduler_n20_s050_seed1.txt,Scheduler,20,Restricted,20000,False,min,3211,21.3113,na,0.6431198120117188,261792,890339,20000,True
scheduler_n20_s050_seed1.txt,Scheduler,20,RelaxPriority,500,True,min,850,12.0651,0.0598,0.03039836883544922,6138,92455,406,True
scheduler_n20_s050_seed1.txt,Scheduler,20,RelaxPriority,1000,True,min,850,42.8769,0.1526,0.06427335739135742,11578,171561,804,True
scheduler_n20_s050_seed1.txt,Scheduler,20,RelaxPriority,500,False,min,850,13.6127,na,0.04770016670227051,8902,130522,500,True
scheduler_n20_s050_seed1.txt,Scheduler,20,RelaxPriority,1000,False,min,850,45.9913,na,0.10667181015014648,17402,250993,1000,True
scheduler_n20_s050_seed1.txt,Scheduler,20,RelaxPriority,2000,True,min,885,145.1006,0.4181,0.13770675659179688,22363,323292,1657,True
scheduler_n20_s050_seed1.txt,Scheduler,20,RelaxPriority,2000,False,min,885,154.4438,na,0.22939348220825195,34402,484245,2000,True
scheduler_n20_s050_seed1.txt,Scheduler,20,RelaxGrouping,500,True,min,453,0.7361,0.0509,0.027104616165161133,5056,76034,437,True
scheduler_n20_s050_seed1.txt,Scheduler,20,RelaxGrouping,1000,True,min,453,1.7384,0.1098,0.06576418876647949,11370,162204,952,True
scheduler_n20_s050_seed1.txt,Scheduler,20,RelaxGrouping,2000,True,min,453,4.0467,0.2398,0.14058351516723633,23358,323406,1883,True
scheduler_n20_s050_seed1.txt,Scheduler,20,RelaxGrouping,5000,True,min,453,11.238,0.6516,0.4320342540740967,62659,844244,4774,True
scheduler_n20_s050_seed1.txt,Scheduler,20,RelaxGrouping,10000,True,min,476,22.7074,1.6684,1.0878880023956299,122796,1616017,9937,True
scheduler_n20_s050_seed1.txt,Scheduler,20,RelaxGrouping,500,False,min,441,0.7805,na,0.04169487953186035,6746,107793,490,True
scheduler_n20_s050_seed1.txt,Scheduler,20,RelaxGrouping,1000,False,min,441,1.7677,na,0.07818865776062012,13295,196363,984,True
scheduler_n20_s050_seed1.txt,Scheduler,20,RelaxGrouping,2000,False,min,441,4.0767,na,0.16401958465576172,26679,374391,1956,True
scheduler_n20_s050_seed1.txt,Scheduler,20,RelaxGrouping,5000,False,min,441,11.4417,na,0.47542333602905273,68361,923014,4774,True
scheduler_n20_s050_seed1.txt,Scheduler,20,RelaxGrouping,10000,False,min,476,22.5468,na,1.1308519840240479,138223,1806171,9953,True
scheduler_n20_s050_seed2.txt,Scheduler,20,Restricted,500,True,min,4147,0.4189,0.0084,0.003439664840698242,3165,6683,361,True
scheduler_n20_s050_seed2.txt,Scheduler,20,Restricted,1000,True,min,4147,1.0671,0.0216,0.008826732635498047,6842,16138,769,True
scheduler_n20_s050_seed2.txt,Scheduler,20,Restricted,2000,True,min,4100,2.1766,0.0588,0.02431964874267578,15193,39755,1586,True
scheduler_n20_s050_seed2.txt,Scheduler,20,Restricted,5000,True,min,4046,5.9577,0.1865,0.0792686939239502,40487,119052,4239,True
scheduler_n20_s050_seed2.txt,Scheduler,20,Restricted,10000,True,min,4046,12.3232,0.4798,0.20184946060180664,85457,278740,8881,True
scheduler_n20_s050_seed2.txt,Scheduler,20,Restricted,500,False,min,4144,0.422,na,0.005164623260498047,4829,9638,500,True
scheduler_n20_s050_seed2.txt,Scheduler,20,Restricted,1000,False,min,4144,1.0884,na,0.014632701873779297,10668,23935,1000,True
scheduler_n20_s050_seed2.txt,Scheduler,20,Restricted,2000,False,min,4100,2.2251,na,0.03688764572143555,23415,57786,2000,True
scheduler_n20_s050_seed2.txt,Scheduler,20,Restricted,20000,True,min,4050,22.2418,1.1699,0.4792754650115967,171216,610652,18307,True
scheduler_n20_s050_seed2.txt,Scheduler,20,Restricted,5000,False,min,4046,6.0389,na,0.11899471282958984,61145,169935,5000,True
scheduler_n20_s050_seed2.txt,Scheduler,20,Restricted,10000,False,min,4046,12.3217,na,0.28751420974731445,127854,394226,10000,True
scheduler_n20_s050_seed2.txt,Scheduler,20,RelaxPriority,500,True,min,673,12.1325,0.0651,0.03166699409484863,5923,89778,405,True
scheduler_n20_s050_seed2.txt,Scheduler,20,Restricted,20000,False,min,4046,22.2614,na,0.7025547027587891,258892,872480,20000,True
scheduler_n20_s050_seed2.txt,Scheduler,20,RelaxPriority,1000,True,min,758,41.5658,0.1613,0.06607627868652344,11350,168604,830,True
scheduler_n20_s050_seed2.txt,Scheduler,20,RelaxPriority,2000,True,min,699,144.536,0.4204,0.14267826080322266,22180,317579,1617,True
scheduler_n20_s050_seed2.txt,Scheduler,20,RelaxPriority,500,False,min,673,12.235,na,0.04774212837219238,8902,131385,500,True
scheduler_n20_s050_seed2.txt,Scheduler,20,RelaxPriority,1000,False,min,758,43.3979,na,0.10063338279724121,17402,251116,1000,True
scheduler_n20_s050_seed2.txt,Scheduler,20,RelaxPriority,2000,False,min,699,147.311,na,0.2198035717010498,34402,480200,2000,True
scheduler_n20_s050_seed2.txt,Scheduler,20,RelaxGrouping,500,True,min,455,0.7719,0.0556,0.0626368522644043,5637,86438,475,True
scheduler_n20_s050_seed2.txt,Scheduler,20,RelaxGrouping,1000,True,min,455,1.948,0.1369,0.07326245307922363,12401,182096,986,True
scheduler_n20_s050_seed2.txt,Scheduler,20,RelaxGrouping,2000,True,min,455,4.0087,0.2639,0.15523171424865723,24027,340351,1877,True
scheduler_n20_s050_seed2.txt,Scheduler,20,RelaxGrouping,5000,True,min,455,10.5121,0.6701,0.4065282344818115,58921,807869,4629,True
scheduler_n20_s050_seed2.txt,Scheduler,20,RelaxGrouping,10000,True,min,544,23.0988,1.5498,1.0778260231018066,127893,1697762,9867,True
scheduler_n20_s050_seed2.txt,Scheduler,20,RelaxGrouping,500,False,min,455,0.7842,na,0.08830666542053223,7224,116810,496,True
scheduler_n20_s050_seed2.txt,Scheduler,20,RelaxGrouping,1000,False,min,455,1.9867,na,0.09521007537841797,14720,222358,996,True
scheduler_n20_s050_seed2.txt,Scheduler,20,RelaxGrouping,2000,False,min,455,3.9718,na,0.174149751663208,27045,389708,1985,True
scheduler_n20_s050_seed2.txt,Scheduler,20,RelaxGrouping,20000,True,min,544,41.8744,3.4183,2.4015719890594482,249940,3237162,19985,True
scheduler_n20_s050_seed2.txt,Scheduler,20,RelaxGrouping,5000,False,min,455,10.5797,na,0.49019837379455566,65990,908184,4629,True
scheduler_n20_s050_seed2.txt,Scheduler,20,RelaxGrouping,10000,False,min,544,23.2577,na,1.1482281684875488,141072,1875798,9883,True
scheduler_n20_s050_seed2.txt,Scheduler,20,RelaxGrouping,20000,False,min,544,41.8866,na,2.507345676422119,272827,3505142,19985,True
scheduler_n20_s050_seed3.txt,Scheduler,20,Restricted,500,True,min,6062,0.5262,0.0056,0.0018982887268066406,2086,3817,327,True
scheduler_n20_s050_seed3.txt,Scheduler,20,Restricted,1000,True,min,6062,1.1279,0.014,0.004973173141479492,4545,8912,681,True
scheduler_n20_s050_seed3.txt,Scheduler,20,Restricted,2000,True,min,6019,2.5534,0.0327,0.01149129867553711,9053,19118,1455,True
scheduler_n20_s050_seed3.txt,Scheduler,20,Restricted,5000,True,min,5884,6.9914,0.1139,0.04076433181762695,24360,57261,3842,True
scheduler_n20_s050_seed3.txt,Scheduler,20,Restricted,10000,True,min,5797,12.3824,0.3073,0.1112220287322998,54772,141558,7975,True
scheduler_n20_s050_seed3.txt,Scheduler,20,Restricted,20000,True,min,5797,24.805,0.832,0.30472326278686523,118632,344847,17421,True
scheduler_n20_s050_seed3.txt,Scheduler,20,Restricted,500,False,min,6062,0.5436,na,0.0042552947998046875,3428,6005,500,True
scheduler_n20_s050_seed3.txt,Scheduler,20,Restricted,1000,False,min,6062,1.1202,na,0.008736610412597656,7439,14122,1000,True
scheduler_n20_s050_seed3.txt,Scheduler,20,Restricted,2000,False,min,6017,2.5715,na,0.020993709564208984,15069,31210,2000,True
scheduler_n20_s050_seed3.txt,Scheduler,20,Restricted,5000,False,min,5884,7.0012,na,0.07128763198852539,40967,95278,5000,True
scheduler_n20_s050_seed3.txt,Scheduler,20,Restricted,10000,False,min,5797,12.1947,na,0.1737527847290039,88241,225623,10000,True
scheduler_n20_s050_seed3.txt,Scheduler,20,RelaxPriority,500,True,min,1103,14.2594,0.0663,0.03386807441711426,6060,90599,394,True
scheduler_n20_s050_seed3.txt,Scheduler,20,Restricted,20000,False,min,5797,24.6988,na,0.4546012878417969,195039,560804,20000,True
scheduler_n20_s050_seed3.txt,Scheduler,20,RelaxPriority,1000,True,min,1056,48.9797,0.1615,0.06428003311157227,11036,160489,731,True
scheduler_n20_s050_seed3.txt,Scheduler,20,RelaxPriority,500,False,min,1103,14.0826,na,0.04745078086853027,8902,129847,500,True
scheduler_n20_s050_seed3.txt,Scheduler,20,RelaxPriority,2000,True,min,1012,172.481,0.4312,0.13235998153686523,21029,299615,1430,True
scheduler_n20_s050_seed3.txt,Scheduler,20,RelaxPriority,1000,False,min,1056,49.1953,na,0.1012430191040039,17402,246329,1000,True
scheduler_n20_s050_seed3.txt,Scheduler,20,RelaxPriority,2000,False,min,1012,174.2481,na,0.2274634838104248,34402,476311,2000,True
scheduler_n20_s050_seed3.txt,Scheduler,20,RelaxGrouping,500,True,min,471,0.7864,0.0521,0.028334856033325195,5222,74210,387,True
scheduler_n20_s050_seed3.txt,Scheduler,20,RelaxGrouping,1000,True,min,471,1.8259,0.1231,0.06720781326293945,11797,160544,920,True
scheduler_n20_s050_seed3.txt,Scheduler,20,RelaxGrouping,2000,True,min,471,4.0198,0.2498,0.1368262767791748,23575,309914,1917,True
scheduler_n20_s050_seed3.txt,Scheduler,20,RelaxGrouping,5000,True,min,471,11.4703,0.6891,0.4403347969055176,62307,806153,4853,True
scheduler_n20_s050_seed3.txt,Scheduler,20,RelaxGrouping,10000,True,min,514,22.5824,1.4088,1.024653673171997,121761,1556005,9664,True
scheduler_n20_s050_seed3.txt,Scheduler,20,RelaxGrouping,500,False,min,471,0.7442,na,0.03792381286621094,6767,103893,467,True
scheduler_n20_s050_seed3.txt,Scheduler,20,RelaxGrouping,1000,False,min,471,1.7833,na,0.07870101928710938,14050,197781,994,True
scheduler_n20_s050_seed3.txt,Scheduler,20,RelaxGrouping,2000,False,min,471,3.991,na,0.16369056701660156,26955,358112,1959,True
scheduler_n20_s050_seed3.txt,Scheduler,20,RelaxGrouping,5000,False,min,471,11.4002,na,0.45387983322143555,69345,892614,4905,True
scheduler_n20_s050_seed3.txt,Scheduler,20,RelaxGrouping,20000,True,min,514,43.4302,3.4901,2.3553316593170166,241006,2979907,19071,True
scheduler_n20_s050_seed3.txt,Scheduler,20,RelaxGrouping,10000,False,min,514,22.3041,na,1.0802640914916992,134747,1704908,9808,True
scheduler_n20_s050_seed3.txt,Scheduler,20,RelaxGrouping,20000,False,min,514,43.5069,na,2.4811851978302,269588,3288139,19225,True
scheduler_n20_s050_seed4.txt,Scheduler,20,Restricted,500,True,min,3486,0.4393,0.0107,0.004440784454345703,3850,8234,390,True
scheduler_n20_s050_seed4.txt,Scheduler,20,Restricted,1000,True,min,3486,1.0996,0.0253,0.01089930534362793,8096,19063,790,True
scheduler_n20_s050_seed4.txt,Scheduler,20,Restricted,2000,True,min,3486,2.5662,0.0653,0.029518842697143555,16912,44290,1687,True
scheduler_n20_s050_seed4.txt,Scheduler,20,Restricted,5000,True,min,3520,5.9353,0.2017,0.08498072624206543,43534,127884,4470,True
scheduler_n20_s050_seed4.txt,Scheduler,20,Restricted,10000,True,min,3485,11.9574,0.4914,0.20107221603393555,87492,279357,9178,True
scheduler_n20_s050_seed4.txt,Scheduler,20,Restricted,20000,True,min,3519,22.1205,1.1242,0.4626896381378174,172439,594851,18773,True
scheduler_n20_s050_seed4.txt,Scheduler,20,Restricted,500,False,min,3486,0.4296,na,0.007056236267089844,5682,11573,500,True
scheduler_n20_s050_seed4.txt,Scheduler,20,Restricted,1000,False,min,3486,1.1111,na,0.016899585723876953,11991,26870,1000,True
scheduler_n20_s050_seed4.txt,Scheduler,20,Restricted,2000,False,min,3486,2.5112,na,0.040079355239868164,25197,62467,2000,True
scheduler_n20_s050_seed4.txt,Scheduler,20,Restricted,5000,False,min,3486,6.0037,na,0.13317537307739258,64782,180551,5000,True
scheduler_n20_s050_seed4.txt,Scheduler,20,Restricted,10000,False,min,3485,12.2589,na,0.2931661605834961,129914,394648,10000,True
scheduler_n20_s050_seed4.txt,Scheduler,20,Restricted,20000,False,min,3485,21.8264,na,0.6475160121917725,258239,851003,20000,True
scheduler_n20_s050_seed4.txt,Scheduler,20,RelaxPriority,500,True,min,1178,12.7058,0.062,0.03212451934814453,6340,93093,404,True
scheduler_n20_s050_seed4.txt,Scheduler,20,RelaxPriority,1000,True,min,1229,44.0841,0.1507,0.06759428977966309,11988,170637,799,True
scheduler_n20_s050_seed4.txt,Scheduler,20,RelaxPriority,2000,True,min,1026,145.1643,0.4119,0.14676237106323242,23423,326312,1578,True
scheduler_n20_s050_seed4.txt,Scheduler,20,RelaxPriority,500,False,min,1178,12.4635,na,0.047869205474853516,8902,127498,500,True
scheduler_n20_s050_seed4.txt,Scheduler,20,RelaxPriority,1000,False,min,1229,42.8892,na,0.09683537483215332,17402,242007,1000,True
scheduler_n20_s050_seed4.txt,Scheduler,20,RelaxPriority,2000,False,min,1026,145.7748,na,0.209425687789917,34402,468149,2000,True
scheduler_n20_s050_seed4.txt,Scheduler,20,RelaxGrouping,500,True,min,499,0.8016,0.0566,0.03139543533325195,5649,86234,420,True
scheduler_n20_s050_seed4.txt,Scheduler,20,RelaxGrouping,1000,True,min,499,1.9154,0.1199,0.07113480567932129,12395,182043,975,True
scheduler_n20_s050_seed4.txt,Scheduler,20,RelaxGrouping,2000,True,min,469,4.2095,0.2359,0.14804387092590332,24074,346635,1897,True
scheduler_n20_s050_seed4.txt,Scheduler,20,RelaxGrouping,5000,True,min,469,10.8773,0.6378,0.41307616233825684,59456,819877,4870,True
scheduler_n20_s050_seed4.txt,Scheduler,20,RelaxGrouping,10000,True,min,491,22.9282,1.4503,1.0345087051391602,121815,1651370,9686,True
scheduler_n20_s050_seed4.txt,Scheduler,20,RelaxGrouping,500,False,min,469,0.7578,na,0.08545637130737305,7190,115427,484,True
scheduler_n20_s050_seed4.txt,Scheduler,20,RelaxGrouping,1000,False,min,469,1.9935,na,0.0869898796081543,14487,218545,999,True
scheduler_n20_s050_seed4.txt,Scheduler,20,RelaxGrouping,20000,True,min,491,42.2215,3.1487,2.3870086669921875,254043,3285795,19993,True
scheduler_n20_s050_seed4.txt,Scheduler,20,RelaxGrouping,2000,False,min,469,3.9996,na,0.177872896194458,26980,393924,1957,True
scheduler_n20_s050_seed4.txt,Scheduler,20,RelaxGrouping,5000,False,min,469,10.7248,na,0.9210667610168457,65745,908981,4870,True
scheduler_n20_s050_seed4.txt,Scheduler,20,RelaxGrouping,10000,False,min,491,22.8926,na,1.1064188480377197,132282,1795149,9777,True
scheduler_n20_s050_seed4.txt,Scheduler,20,RelaxGrouping,20000,False,min,491,42.8413,na,2.5330071449279785,274314,3529760,19993,True
scheduler_n20_s050_seed5.txt,Scheduler,20,Restricted,500,True,min,3097,0.435,0.0102,0.0041239261627197266,3784,8139,410,True
scheduler_n20_s050_seed5.txt,Scheduler,20,Restricted,1000,True,min,3097,1.1097,0.0261,0.011054039001464844,8164,19346,846,True
scheduler_n20_s050_seed5.txt,Scheduler,20,Restricted,2000,True,min,2974,2.2426,0.0667,0.027493715286254883,17212,45393,1746,True
scheduler_n20_s050_seed5.txt,Scheduler,20,Restricted,5000,True,min,2976,6.0839,0.2255,0.09347200393676758,46386,141146,4434,True
scheduler_n20_s050_seed5.txt,Scheduler,20,Restricted,10000,True,min,2934,12.385,0.5391,0.2327408790588379,94938,319468,9152,True
scheduler_n20_s050_seed5.txt,Scheduler,20,Restricted,500,False,min,3092,0.437,na,0.007368326187133789,5580,11440,500,True
scheduler_n20_s050_seed5.txt,Scheduler,20,Restricted,20000,True,min,2934,22.1434,1.2047,0.5109961032867432,181042,660900,18668,True
scheduler_n20_s050_seed5.txt,Scheduler,20,Restricted,1000,False,min,3092,1.0831,na,0.01692676544189453,12065,27133,1000,True
scheduler_n20_s050_seed5.txt,Scheduler,20,Restricted,2000,False,min,2974,2.1485,na,0.039710044860839844,26096,64692,2000,True
scheduler_n20_s050_seed5.txt,Scheduler,20,Restricted,5000,False,min,2974,5.684,na,0.13399028778076172,67479,193017,5000,True
scheduler_n20_s050_seed5.txt,Scheduler,20,Restricted,10000,False,min,2934,12.0252,na,0.3173997402191162,137246,434365,10000,True
scheduler_n20_s050_seed5.txt,Scheduler,20,RelaxPriority,500,True,min,826,12.9431,0.0631,0.032668352127075195,6336,95053,404,True
scheduler_n20_s050_seed5.txt,Scheduler,20,Restricted,20000,False,min,2934,21.7603,na,0.708899974822998,272665,936593,20000,True
scheduler_n20_s050_seed5.txt,Scheduler,20,RelaxPriority,1000,True,min,826,44.1271,0.1568,0.06907057762145996,11947,176243,805,True
scheduler_n20_s050_seed5.txt,Scheduler,20,RelaxPriority,2000,True,min,967,141.6446,0.4144,0.14295697212219238,22912,327941,1651,True
scheduler_n20_s050_seed5.txt,Scheduler,20,RelaxPriority,500,False,min,826,13.1686,na,0.04619026184082031,8902,130849,500,True
scheduler_n20_s050_seed5.txt,Scheduler,20,RelaxPriority,1000,False,min,826,42.8716,na,0.09981393814086914,17402,250584,1000,True
scheduler_n20_s050_seed5.txt,Scheduler,20,RelaxPriority,2000,False,min,967,147.2894,na,0.21944427490234375,34402,481204,2000,True
scheduler_n20_s050_seed5.txt,Scheduler,20,RelaxGrouping,500,True,min,773,0.8148,0.0555,0.030086994171142578,5468,84494,442,True
scheduler_n20_s050_seed5.txt,Scheduler,20,RelaxGrouping,1000,True,min,773,1.7547,0.1095,0.07016372680664062,12023,177825,908,True
scheduler_n20_s050_seed5.txt,Scheduler,20,RelaxGrouping,2000,True,min,773,4.0731,0.2421,0.1559286117553711,24775,356156,1826,True
scheduler_n20_s050_seed5.txt,Scheduler,20,RelaxGrouping,5000,True,min,773,11.526,0.6859,0.4504709243774414,62729,878001,4732,True
scheduler_n20_s050_seed5.txt,Scheduler,20,RelaxGrouping,10000,True,min,826,23.2251,1.5794,1.1165552139282227,132589,1779704,9908,True
scheduler_n20_s050_seed5.txt,Scheduler,20,RelaxGrouping,500,False,min,649,0.8139,na,0.04433870315551758,7465,122493,468,True
scheduler_n20_s050_seed5.txt,Scheduler,20,RelaxGrouping,1000,False,min,649,1.7464,na,0.08849167823791504,14346,219605,971,True
scheduler_n20_s050_seed5.txt,Scheduler,20,RelaxGrouping,20000,True,min,826,42.6673,3.8339,2.3123817443847656,246230,3238024,19335,True
scheduler_n20_s050_seed5.txt,Scheduler,20,RelaxGrouping,2000,False,min,649,4.034,na,0.18413901329040527,28477,415477,1951,True
scheduler_n20_s050_seed5.txt,Scheduler,20,RelaxGrouping,5000,False,min,649,11.4357,na,0.49613380432128906,70256,988363,4732,True
scheduler_n20_s050_seed5.txt,Scheduler,20,RelaxGrouping,10000,False,min,758,23.1761,na,1.2318005561828613,146844,1975683,9948,True
scheduler_n20_s050_seed5.txt,Scheduler,20,RelaxGrouping,20000,False,min,758,42.7766,na,2.5661134719848633,274330,3589984,19335,True
scheduler_n20_s100_seed1.txt,Scheduler,20,Restricted,500,True,min,3536,0.5396,0.006,0.0019011497497558594,2152,3693,337,True
scheduler_n20_s100_seed1.txt,Scheduler,20,Restricted,1000,True,min,3442,1.3592,0.014,0.004885673522949219,4596,8513,664,True
scheduler_n20_s100_seed1.txt,Scheduler,20,Restricted,2000,True,min,3442,2.6531,0.0366,0.012943744659423828,9850,19767,1432,True
scheduler_n20_s100_seed1.txt,Scheduler,20,Restricted,5000,True,min,3389,7.1223,0.1294,0.045334577560424805,26799,59749,3642,True
scheduler_n20_s100_seed1.txt,Scheduler,20,Restricted,10000,True,min,3348,14.171,0.3201,0.11326313018798828,58329,141685,7880,True
scheduler_n20_s100_seed1.txt,Scheduler,20,Restricted,500,False,min,3536,0.5242,na,0.0033080577850341797,3601,5992,500,True
scheduler_n20_s100_seed1.txt,Scheduler,20,Restricted,20000,True,min,3348,24.8741,0.7652,0.28804826736450195,123731,321373,16752,True
scheduler_n20_s100_seed1.txt,Scheduler,20,Restricted,1000,False,min,3442,1.3204,na,0.008573770523071289,7571,13634,1000,True
scheduler_n20_s100_seed1.txt,Scheduler,20,Restricted,2000,False,min,3442,2.5562,na,0.022585391998291016,16222,31917,2000,True
scheduler_n20_s100_seed1.txt,Scheduler,20,Restricted,5000,False,min,3389,7.2013,na,0.0770564079284668,45635,100805,5000,True
scheduler_n20_s100_seed1.txt,Scheduler,20,Restricted,10000,False,min,3348,14.0367,na,0.1812000274658203,95172,228496,10000,True
scheduler_n20_s100_seed1.txt,Scheduler,20,RelaxPriority,500,True,min,931,15.2061,0.0615,0.033400774002075195,6282,91771,424,True
scheduler_n20_s100_seed1.txt,Scheduler,20,Restricted,20000,False,min,3348,24.8765,na,0.4305086135864258,198534,512837,20000,True
scheduler_n20_s100_seed1.txt,Scheduler,20,RelaxPriority,1000,True,min,1015,49.3815,0.1456,0.06322431564331055,11653,164054,793,True
scheduler_n20_s100_seed1.txt,Scheduler,20,RelaxPriority,2000,True,min,822,174.54,0.3907,0.13154816627502441,22091,302063,1534,True
scheduler_n20_s100_seed1.txt,Scheduler,20,RelaxPriority,500,False,min,931,14.2507,na,0.04612278938293457,8902,126301,500,True
scheduler_n20_s100_seed1.txt,Scheduler,20,RelaxPriority,1000,False,min,1015,49.6483,na,0.09551262855529785,17402,237559,1000,True
scheduler_n20_s100_seed1.txt,Scheduler,20,RelaxPriority,2000,False,min,822,167.3838,na,0.20545625686645508,34402,455703,2000,True
scheduler_n20_s100_seed1.txt,Scheduler,20,RelaxGrouping,500,True,min,481,0.8526,0.0625,0.0266878604888916,5099,74472,464,True
scheduler_n20_s100_seed1.txt,Scheduler,20,RelaxGrouping,1000,True,min,481,2.1618,0.1311,0.0686502456665039,12572,173919,948,True
scheduler_n20_s100_seed1.txt,Scheduler,20,RelaxGrouping,2000,True,min,481,4.7957,0.2684,0.14268279075622559,24975,331140,1904,True
scheduler_n20_s100_seed1.txt,Scheduler,20,RelaxGrouping,5000,True,min,481,13.392,0.6981,0.433302640914917,64599,828069,4816,True
scheduler_n20_s100_seed1.txt,Scheduler,20,RelaxGrouping,10000,True,min,512,27.2908,1.5893,0.9924461841583252,124578,1560708,9496,True
scheduler_n20_s100_seed1.txt,Scheduler,20,RelaxGrouping,500,False,min,477,0.8369,na,0.045418739318847656,7222,115453,486,True
scheduler_n20_s100_seed1.txt,Scheduler,20,RelaxGrouping,1000,False,min,477,2.1395,na,0.18999361991882324,15107,219155,984,True
scheduler_n20_s100_seed1.txt,Scheduler,20,RelaxGrouping,2000,False,min,477,4.8237,na,0.1724853515625,28305,384519,1956,True
scheduler_n20_s100_seed1.txt,Scheduler,20,RelaxGrouping,5000,False,min,477,13.4096,na,0.46445798873901367,70477,904895,4927,True
scheduler_n20_s100_seed1.txt,Scheduler,20,RelaxGrouping,20000,True,min,512,50.8452,3.5131,2.367696523666382,253026,3064844,19793,True
scheduler_n20_s100_seed1.txt,Scheduler,20,RelaxGrouping,10000,False,min,512,26.4048,na,1.1661176681518555,136421,1703302,9625,True
scheduler_n20_s100_seed1.txt,Scheduler,20,RelaxGrouping,20000,False,min,512,50.2256,na,2.4060020446777344,275882,3316177,19877,True
scheduler_n20_s100_seed2.txt,Scheduler,20,Restricted,500,True,min,4294,0.5376,0.0069,0.0021991729736328125,2471,4510,335,True
scheduler_n20_s100_seed2.txt,Scheduler,20,Restricted,1000,True,min,4201,1.1326,0.0165,0.006182670593261719,5732,11567,772,True
scheduler_n20_s100_seed2.txt,Scheduler,20,Restricted,2000,True,min,4173,2.5539,0.0427,0.016555070877075195,12379,27083,1606,True
scheduler_n20_s100_seed2.txt,Scheduler,20,Restricted,5000,True,min,4173,6.9767,0.1422,0.05217552185058594,31427,75321,3982,True
scheduler_n20_s100_seed2.txt,Scheduler,20,Restricted,10000,True,min,4170,12.6192,0.3648,0.14118075370788574,69331,181071,8451,True
scheduler_n20_s100_seed2.txt,Scheduler,20,Restricted,500,False,min,4292,0.5207,na,0.003820180892944336,4053,7029,500,True
scheduler_n20_s100_seed2.txt,Scheduler,20,Restricted,1000,False,min,4201,1.1188,na,0.010593891143798828,8925,17127,1000,True
scheduler_n20_s100_seed2.txt,Scheduler,20,Restricted,2000,False,min,4172,2.5644,na,0.026843786239624023,19115,40115,2000,True
scheduler_n20_s100_seed2.txt,Scheduler,20,Restricted,5000,False,min,4172,6.9414,na,0.08320307731628418,50526,117505,5000,True
scheduler_n20_s100_seed2.txt,Scheduler,20,Restricted,20000,True,min,4170,25.3976,0.8599,0.33433008193969727,143429,404120,18228,True
scheduler_n20_s100_seed2.txt,Scheduler,20,Restricted,10000,False,min,4169,12.6295,na,0.2271876335144043,107171,270528,10000,True
scheduler_n20_s100_seed2.txt,Scheduler,20,RelaxPriority,500,True,min,996,13.9222,0.0622,0.033323049545288086,6026,88591,416,True
scheduler_n20_s100_seed2.txt,Scheduler,20,Restricted,20000,False,min,4169,24.5565,na,0.48470187187194824,217165,591518,20000,True
scheduler_n20_s100_seed2.txt,Scheduler,20,RelaxPriority,1000,True,min,934,50.6904,0.1677,0.06971621513366699,11402,164005,774,True
scheduler_n20_s100_seed2.txt,Scheduler,20,RelaxPriority,2000,True,min,997,170.1462,0.4011,0.13301968574523926,22147,307911,1509,True
scheduler_n20_s100_seed2.txt,Scheduler,20,RelaxPriority,500,False,min,996,13.8148,na,0.047217369079589844,8902,126922,500,True
scheduler_n20_s100_seed2.txt,Scheduler,20,RelaxPriority,1000,False,min,934,51.0471,na,0.1027669906616211,17402,242818,1000,True
scheduler_n20_s100_seed2.txt,Scheduler,20,RelaxPriority,2000,False,min,997,171.1471,na,0.21047711372375488,34402,464238,2000,True
scheduler_n20_s100_seed2.txt,Scheduler,20,RelaxGrouping,500,True,min,610,0.8825,0.0618,0.028885602951049805,5687,82766,458,True
scheduler_n20_s100_seed2.txt,Scheduler,20,RelaxGrouping,1000,True,min,610,2.0926,0.1295,0.06484603881835938,12138,167722,955,True
scheduler_n20_s100_seed2.txt,Scheduler,20,RelaxGrouping,2000,True,min,610,4.6162,0.2548,0.14490914344787598,25413,337534,1869,True
scheduler_n20_s100_seed2.txt,Scheduler,20,RelaxGrouping,5000,True,min,610,12.9542,0.6928,0.4437251091003418,64961,834218,4924,True
scheduler_n20_s100_seed2.txt,Scheduler,20,RelaxGrouping,10000,True,min,656,26.4883,1.5278,1.0519256591796875,133071,1670875,9557,True
scheduler_n20_s100_seed2.txt,Scheduler,20,RelaxGrouping,500,False,min,586,0.8611,na,0.044091224670410156,7716,121667,482,True
scheduler_n20_s100_seed2.txt,Scheduler,20,RelaxGrouping,1000,False,min,586,2.0892,na,0.08442807197570801,14726,213375,1000,True
scheduler_n20_s100_seed2.txt,Scheduler,20,RelaxGrouping,2000,False,min,586,4.6286,na,0.17162156105041504,29060,392867,1945,True
scheduler_n20_s100_seed2.txt,Scheduler,20,RelaxGrouping,20000,True,min,656,48.9888,3.4443,2.2563230991363525,251088,3059663,18935,True
scheduler_n20_s100_seed2.txt,Scheduler,20,RelaxGrouping,5000,False,min,586,12.5283,na,0.448986291885376,71306,914361,4936,True
scheduler_n20_s100_seed2.txt,Scheduler,20,RelaxGrouping,10000,False,min,655,26.2059,na,1.1046860218048096,145580,1812519,9628,True
scheduler_n20_s100_seed2.txt,Scheduler,20,RelaxGrouping,20000,False,min,655,49.0697,na,2.4200587272644043,275424,3324550,18946,True
scheduler_n20_s100_seed3.txt,Scheduler,20,Restricted,500,True,min,6201,0.5351,0.0041,0.0012080669403076172,1658,2468,272,True
scheduler_n20_s100_seed3.txt,Scheduler,20,Restricted,1000,True,min,6089,1.3047,0.0091,0.002505779266357422,3116,4742,526,True
scheduler_n20_s100_seed3.txt,Scheduler,20,Restricted,2000,True,min,6089,2.9788,0.0247,0.007653236389160156,7003,11401,1076,True
scheduler_n20_s100_seed3.txt,Scheduler,20,Restricted,5000,True,min,5987,7.0193,0.0808,0.02648162841796875,19097,34515,3114,True
scheduler_n20_s100_seed3.txt,Scheduler,20,Restricted,10000,True,min,5987,14.1931,0.2206,0.06687569618225098,39582,78313,6340,True
scheduler_n20_s100_seed3.txt,Scheduler,20,Restricted,500,False,min,6201,0.5415,na,0.0022716522216796875,2761,3964,500,True
scheduler_n20_s100_seed3.txt,Scheduler,20,Restricted,1000,False,min,6089,1.4,na,0.006134033203125,5701,8605,1000,True
scheduler_n20_s100_seed3.txt,Scheduler,20,Restricted,2000,False,min,6089,3.0372,na,0.015837907791137695,12577,20296,2000,True
scheduler_n20_s100_seed3.txt,Scheduler,20,Restricted,20000,True,min,5881,25.5846,0.5746,0.18750858306884766,92190,202622,14528,True
scheduler_n20_s100_seed3.txt,Scheduler,20,Restricted,5000,False,min,5987,7.0379,na,0.04894065856933594,33674,62419,5000,True
scheduler_n20_s100_seed3.txt,Scheduler,20,Restricted,10000,False,min,5987,14.336,na,0.12621068954467773,72880,150207,10000,True
scheduler_n20_s100_seed3.txt,Scheduler,20,RelaxPriority,500,True,min,935,15.2341,0.0631,0.03465723991394043,6458,94093,415,True
scheduler_n20_s100_seed3.txt,Scheduler,20,Restricted,20000,False,min,5881,25.0164,na,0.3194541931152344,156692,356599,20000,True
scheduler_n20_s100_seed3.txt,Scheduler,20,RelaxPriority,1000,True,min,1009,55.305,0.1596,0.07327628135681152,12092,171946,782,True
scheduler_n20_s100_seed3.txt,Scheduler,20,RelaxPriority,500,False,min,935,14.9952,na,0.04621076583862305,8902,127045,500,True
scheduler_n20_s100_seed3.txt,Scheduler,20,RelaxPriority,2000,True,min,1007,190.8819,0.399,0.1373448371887207,22726,310579,1494,True
scheduler_n20_s100_seed3.txt,Scheduler,20,RelaxPriority,1000,False,min,1009,53.6056,na,0.1016237735748291,17402,241835,1000,True
scheduler_n20_s100_seed3.txt,Scheduler,20,RelaxPriority,2000,False,min,1007,191.827,na,0.21058440208435059,34402,460168,2000,True
scheduler_n20_s100_seed3.txt,Scheduler,20,RelaxGrouping,500,True,min,541,0.9025,0.0627,0.02742147445678711,5268,75828,452,True
scheduler_n20_s100_seed3.txt,Scheduler,20,RelaxGrouping,1000,True,min,541,2.1112,0.1279,0.06323838233947754,11733,156942,913,True
scheduler_n20_s100_seed3.txt,Scheduler,20,RelaxGrouping,2000,True,min,541,4.914,0.3042,0.13594841957092285,23461,306566,1743,True
scheduler_n20_s100_seed3.txt,Scheduler,20,RelaxGrouping,5000,True,min,541,14.3301,0.7841,0.44184088706970215,65039,834700,4855,True
scheduler_n20_s100_seed3.txt,Scheduler,20,RelaxGrouping,10000,True,min,587,26.4308,1.7092,0.9552919864654541,121981,1536798,9246,True
scheduler_n20_s100_seed3.txt,Scheduler,20,RelaxGrouping,500,False,min,541,0.9071,na,0.0432286262512207,7436,117519,499,True
scheduler_n20_s100_seed3.txt,Scheduler,20,RelaxGrouping,1000,False,min,541,2.1163,na,0.08387565612792969,14534,204187,995,True
scheduler_n20_s100_seed3.txt,Scheduler,20,RelaxGrouping,2000,False,min,541,4.8261,na,0.17307710647583008,28085,370978,1968,True
scheduler_n20_s100_seed3.txt,Scheduler,20,RelaxGrouping,5000,False,min,541,14.1627,na,0.4881706237792969,72512,928555,4964,True
scheduler_n20_s100_seed3.txt,Scheduler,20,RelaxGrouping,20000,True,min,587,52.0116,4.0987,2.2796831130981445,244182,2974545,18961,True
scheduler_n20_s100_seed3.txt,Scheduler,20,RelaxGrouping,10000,False,min,550,25.6818,na,1.0578274726867676,136858,1698451,9871,True
scheduler_n20_s100_seed3.txt,Scheduler,20,RelaxGrouping,20000,False,min,550,51.5377,na,2.496896982192993,273479,3287333,19178,True
scheduler_n20_s100_seed4.txt,Scheduler,20,Restricted,500,True,min,3692,0.5313,0.0084,0.0031363964080810547,3143,5647,326,True
scheduler_n20_s100_seed4.txt,Scheduler,20,Restricted,1000,True,min,3700,1.1132,0.0203,0.008260011672973633,6750,13261,737,True
scheduler_n20_s100_seed4.txt,Scheduler,20,Restricted,2000,True,min,3700,2.531,0.0472,0.01989269256591797,14436,31047,1589,True
scheduler_n20_s100_seed4.txt,Scheduler,20,Restricted,5000,True,min,3700,6.8664,0.1736,0.06658339500427246,37745,90680,3983,True
scheduler_n20_s100_seed4.txt,Scheduler,20,Restricted,10000,True,min,3714,12.3353,0.4238,0.1633288860321045,80607,211929,8386,True
scheduler_n20_s100_seed4.txt,Scheduler,20,Restricted,500,False,min,3692,0.5089,na,0.004679203033447266,4808,8223,500,True
scheduler_n20_s100_seed4.txt,Scheduler,20,Restricted,1000,False,min,3692,1.1242,na,0.012119531631469727,10108,19077,1000,True
scheduler_n20_s100_seed4.txt,Scheduler,20,Restricted,2000,False,min,3692,2.5578,na,0.030691862106323242,21460,44281,2000,True
scheduler_n20_s100_seed4.txt,Scheduler,20,Restricted,20000,True,min,3700,24.5101,0.9942,0.41239190101623535,171590,501742,18020,True
scheduler_n20_s100_seed4.txt,Scheduler,20,Restricted,5000,False,min,3692,6.823,na,0.1036837100982666,57928,134206,5000,True
scheduler_n20_s100_seed4.txt,Scheduler,20,Restricted,10000,False,min,3692,12.1055,na,0.23888421058654785,119910,302947,10000,True
scheduler_n20_s100_seed4.txt,Scheduler,20,RelaxPriority,500,True,min,1022,13.9258,0.063,0.03562140464782715,6513,96489,417,True
scheduler_n20_s100_seed4.txt,Scheduler,20,Restricted,20000,False,min,3692,24.5589,na,0.5410923957824707,247749,697770,20000,True
scheduler_n20_s100_seed4.txt,Scheduler,20,RelaxPriority,1000,True,min,965,49.12,0.1591,0.07047247886657715,12633,179683,832,True
scheduler_n20_s100_seed4.txt,Scheduler,20,RelaxPriority,2000,True,min,1170,167.4348,0.4093,0.15202808380126953,24141,336855,1680,True
scheduler_n20_s100_seed4.txt,Scheduler,20,RelaxPriority,500,False,min,1022,14.4191,na,0.047982215881347656,8902,128996,500,True
scheduler_n20_s100_seed4.txt,Scheduler,20,RelaxPriority,1000,False,min,965,48.4931,na,0.09852409362792969,17402,242685,1000,True
scheduler_n20_s100_seed4.txt,Scheduler,20,RelaxPriority,2000,False,min,1170,173.9897,na,0.22924089431762695,34402,470545,2000,True
scheduler_n20_s100_seed4.txt,Scheduler,20,RelaxGrouping,500,True,min,482,0.9045,0.058,0.03161954879760742,5723,86569,423,True
scheduler_n20_s100_seed4.txt,Scheduler,20,RelaxGrouping,1000,True,min,482,1.8731,0.1076,0.06381845474243164,11597,165512,875,True
scheduler_n20_s100_seed4.txt,Scheduler,20,RelaxGrouping,2000,True,min,482,4.5348,0.2361,0.14709877967834473,24265,332594,1876,True
scheduler_n20_s100_seed4.txt,Scheduler,20,RelaxGrouping,5000,True,min,482,13.065,0.64,0.43331074714660645,64761,850751,4721,True
scheduler_n20_s100_seed4.txt,Scheduler,20,RelaxGrouping,10000,True,min,571,25.7108,1.4363,1.0107710361480713,124083,1609103,9744,True
scheduler_n20_s100_seed4.txt,Scheduler,20,RelaxGrouping,500,False,min,482,0.8537,na,0.04231405258178711,7398,118474,496,True
scheduler_n20_s100_seed4.txt,Scheduler,20,RelaxGrouping,1000,False,min,482,1.8563,na,0.07837557792663574,13553,200958,955,True
scheduler_n20_s100_seed4.txt,Scheduler,20,RelaxGrouping,2000,False,min,482,4.4333,na,0.16660690307617188,27249,379595,1903,True
scheduler_n20_s100_seed4.txt,Scheduler,20,RelaxGrouping,20000,True,min,571,49.5292,3.5861,2.395824909210205,250285,3146200,19792,True
scheduler_n20_s100_seed4.txt,Scheduler,20,RelaxGrouping,5000,False,min,482,12.9493,na,0.46369171142578125,70209,923687,4829,True
scheduler_n20_s100_seed4.txt,Scheduler,20,RelaxGrouping,10000,False,min,571,25.8948,na,1.065610647201538,136241,1752233,9904,True
scheduler_n20_s100_seed4.txt,Scheduler,20,RelaxGrouping,20000,False,min,571,50.0029,na,2.6605796813964844,273158,3405060,19909,True
scheduler_n20_s100_seed5.txt,Scheduler,20,Restricted,500,True,min,3274,0.5307,0.0074,0.0025374889373779297,2750,4808,306,True
scheduler_n20_s100_seed5.txt,Scheduler,20,Restricted,1000,True,min,3274,1.1032,0.0169,0.006138324737548828,5868,11087,676,True
scheduler_n20_s100_seed5.txt,Scheduler,20,Restricted,2000,True,min,3256,2.5923,0.0453,0.018576622009277344,12982,26999,1519,True
scheduler_n20_s100_seed5.txt,Scheduler,20,Restricted,5000,True,min,3222,7.0757,0.1493,0.05641770362854004,32786,74809,3967,True
scheduler_n20_s100_seed5.txt,Scheduler,20,Restricted,10000,True,min,3209,12.5317,0.3654,0.1337876319885254,68802,169548,8231,True
scheduler_n20_s100_seed5.txt,Scheduler,20,Restricted,500,False,min,3265,0.5426,na,0.00423121452331543,4379,7291,500,True
scheduler_n20_s100_seed5.txt,Scheduler,20,Restricted,1000,False,min,3265,1.1506,na,0.010976076126098633,9251,16790,1000,True
scheduler_n20_s100_seed5.txt,Scheduler,20,Restricted,2000,False,min,3256,2.5555,na,0.027980804443359375,20046,39897,2000,True
scheduler_n20_s100_seed5.txt,Scheduler,20,Restricted,5000,False,min,3222,6.9957,na,0.08822822570800781,52489,116381,5000,True
scheduler_n20_s100_seed5.txt,Scheduler,20,Restricted,20000,True,min,3209,25.1492,0.8875,0.34080052375793457,147192,401088,17387,True
scheduler_n20_s100_seed5.txt,Scheduler,20,Restricted,10000,False,min,3201,12.4884,na,0.2059800624847412,109200,261118,10000,True
scheduler_n20_s100_seed5.txt,Scheduler,20,RelaxPriority,500,True,min,971,14.2692,0.0652,0.03356122970581055,6227,90997,401,True
scheduler_n20_s100_seed5.txt,Scheduler,20,Restricted,20000,False,min,3201,25.0711,na,0.496488094329834,225597,594855,20000,True
scheduler_n20_s100_seed5.txt,Scheduler,20,RelaxPriority,1000,True,min,1069,49.9577,0.1555,0.06500911712646484,11696,166100,740,True
scheduler_n20_s100_seed5.txt,Scheduler,20,RelaxPriority,2000,True,min,971,160.5177,0.3986,0.13451719284057617,22606,304138,1501,True
scheduler_n20_s100_seed5.txt,Scheduler,20,RelaxPriority,500,False,min,971,14.0819,na,0.047074079513549805,8902,127081,500,True
scheduler_n20_s100_seed5.txt,Scheduler,20,RelaxPriority,1000,False,min,1069,47.791,na,0.09964895248413086,17402,240873,1000,True
scheduler_n20_s100_seed5.txt,Scheduler,20,RelaxPriority,2000,False,min,971,154.4673,na,0.20516753196716309,34402,450587,2000,True
scheduler_n20_s100_seed5.txt,Scheduler,20,RelaxGrouping,500,True,min,819,0.8855,0.0583,0.02809619903564453,5375,79686,456,True
scheduler_n20_s100_seed5.txt,Scheduler,20,RelaxGrouping,1000,True,min,819,2.1573,0.1216,0.0694732666015625,12071,171193,907,True
scheduler_n20_s100_seed5.txt,Scheduler,20,RelaxGrouping,2000,True,min,819,5.1238,0.2771,0.1533658504486084,24735,340721,1974,True
scheduler_n20_s100_seed5.txt,Scheduler,20,RelaxGrouping,5000,True,min,819,13.0598,0.6629,0.44905877113342285,65188,861451,4804,True
scheduler_n20_s100_seed5.txt,Scheduler,20,RelaxGrouping,10000,True,min,908,27.4099,1.6685,1.1585204601287842,134297,1737444,9929,True
scheduler_n20_s100_seed5.txt,Scheduler,20,RelaxGrouping,500,False,min,762,0.8609,na,0.0437314510345459,7525,120807,493,True
scheduler_n20_s100_seed5.txt,Scheduler,20,RelaxGrouping,1000,False,min,762,2.1258,na,0.08846187591552734,14850,220253,986,True
scheduler_n20_s100_seed5.txt,Scheduler,20,RelaxGrouping,2000,False,min,762,4.9821,na,0.17786312103271484,29584,414984,1984,True
scheduler_n20_s100_seed5.txt,Scheduler,20,RelaxGrouping,20000,True,min,908,52.7002,3.605,2.4066498279571533,258408,3259266,19958,True
scheduler_n20_s100_seed5.txt,Scheduler,20,RelaxGrouping,5000,False,min,762,12.8745,na,0.4841151237487793,71775,947889,4952,True
scheduler_n20_s100_seed5.txt,Scheduler,20,RelaxGrouping,10000,False,min,774,27.4838,na,1.261113166809082,148663,1909564,9961,True
scheduler_n20_s100_seed5.txt,Scheduler,20,RelaxGrouping,20000,False,min,774,51.9389,na,2.4879605770111084,286072,3577684,19958,True
